Starting GenParams Tune: Chinese_wine - Seed 20 - Gen Jittering - Fold 10 - All Scales


==================================================
Running gen-params experiment for Chinese_wine
==================================================

--- Fold 10/10 ---

  >> Seed sets per label: 20

    >> Seed Fold Selection: 1/10
    Evaluating Model: KNN
      -> [Baseline] Acc: 0.9224, F1: 0.9222, Time: 0.33s
      HP Tuning KNN...
n_iterations: 4
n_required_iterations: 4
n_possible_iterations: 5
min_resources_: 100
max_resources_: 20000
aggressive_elimination: False
factor: 3
----------
iter: 0
n_candidates: 50
n_resources: 100
Fitting 5 folds for each of 50 candidates, totalling 250 fits
----------
iter: 1
n_candidates: 17
n_resources: 300
Fitting 5 folds for each of 17 candidates, totalling 85 fits
----------
iter: 2
n_candidates: 6
n_resources: 900
Fitting 5 folds for each of 6 candidates, totalling 30 fits
----------
iter: 3
n_candidates: 2
n_resources: 2700
Fitting 5 folds for each of 2 candidates, totalling 10 fits
      -> [Tuned_Baseline] Acc: 0.9272, F1: 0.9272, Time: 0.24s
    Evaluating Model: RandomForest
      -> [Baseline] Acc: 0.9004, F1: 0.9003, Time: 4.47s
      HP Tuning RandomForest...
n_iterations: 4
n_required_iterations: 4
n_possible_iterations: 5
min_resources_: 100
max_resources_: 20000
aggressive_elimination: False
factor: 3
----------
iter: 0
n_candidates: 50
n_resources: 100
Fitting 5 folds for each of 50 candidates, totalling 250 fits
----------
iter: 1
n_candidates: 17
n_resources: 300
Fitting 5 folds for each of 17 candidates, totalling 85 fits
----------
iter: 2
n_candidates: 6
n_resources: 900
Fitting 5 folds for each of 6 candidates, totalling 30 fits
----------
iter: 3
n_candidates: 2
n_resources: 2700
Fitting 5 folds for each of 2 candidates, totalling 10 fits
      -> [Tuned_Baseline] Acc: 0.8992, F1: 0.8992, Time: 0.04s
    Evaluating Model: LinearSVC
      -> [Baseline] Acc: 0.7107, F1: 0.6947, Time: 0.15s
      HP Tuning LinearSVC...
n_iterations: 4
n_required_iterations: 4
n_possible_iterations: 5
min_resources_: 100
max_resources_: 20000
aggressive_elimination: False
factor: 3
----------
iter: 0
n_candidates: 50
n_resources: 100
Fitting 5 folds for each of 50 candidates, totalling 250 fits
----------
iter: 1
n_candidates: 17
n_resources: 300
Fitting 5 folds for each of 17 candidates, totalling 85 fits
----------
iter: 2
n_candidates: 6
n_resources: 900
Fitting 5 folds for each of 6 candidates, totalling 30 fits
----------
iter: 3
n_candidates: 2
n_resources: 2700
Fitting 5 folds for each of 2 candidates, totalling 10 fits
      -> [Tuned_Baseline] Acc: 0.7123, F1: 0.6971, Time: 0.00s
    Evaluating Model: LogisticRegression
      -> [Baseline] Acc: 0.7496, F1: 0.7454, Time: 1.14s
      HP Tuning LogisticRegression...
n_iterations: 4
n_required_iterations: 4
n_possible_iterations: 5
min_resources_: 100
max_resources_: 20000
aggressive_elimination: False
factor: 3
----------
iter: 0
n_candidates: 50
n_resources: 100
Fitting 5 folds for each of 50 candidates, totalling 250 fits
----------
iter: 1
n_candidates: 17
n_resources: 300
Fitting 5 folds for each of 17 candidates, totalling 85 fits
----------
iter: 2
n_candidates: 6
n_resources: 900
Fitting 5 folds for each of 6 candidates, totalling 30 fits
----------
iter: 3
n_candidates: 2
n_resources: 2700
Fitting 5 folds for each of 2 candidates, totalling 10 fits
      -> [Tuned_Baseline] Acc: 0.7662, F1: 0.7619, Time: 0.00s
    Evaluating Model: RNN
      -> [Baseline] Acc: 0.4889, F1: 0.3453, Time: 8.22s
      HP Tuning RNN...
n_iterations: 2
n_required_iterations: 2
n_possible_iterations: 3
min_resources_: 10
max_resources_: 200
aggressive_elimination: False
factor: 3
----------
iter: 0
n_candidates: 4
n_resources: 10
Fitting 5 folds for each of 4 candidates, totalling 20 fits
----------
iter: 1
n_candidates: 2
n_resources: 30
Fitting 5 folds for each of 2 candidates, totalling 10 fits
      -> [Tuned_Baseline] Acc: 0.4000, F1: 0.3145, Time: 1.28s
    [=== Generating 2x synthetic data with Jittering (Set 1, Params: {'sigma': 0.01}) ===]
n_iterations: 4
n_required_iterations: 4
n_possible_iterations: 8
min_resources_: 20
max_resources_: 60000
aggressive_elimination: False
factor: 3
----------
iter: 0
n_candidates: 50
n_resources: 20
Fitting 1 folds for each of 50 candidates, totalling 50 fits
----------
iter: 1
n_candidates: 17
n_resources: 60
Fitting 1 folds for each of 17 candidates, totalling 17 fits
----------
iter: 2
n_candidates: 6
n_resources: 180
Fitting 1 folds for each of 6 candidates, totalling 6 fits
----------
iter: 3
n_candidates: 2
n_resources: 540
Fitting 1 folds for each of 2 candidates, totalling 2 fits
      -> [KNN + Jittering Set 1] Acc: 0.9291, F1: 0.9288, Time: 0.16s
n_iterations: 4
n_required_iterations: 4
n_possible_iterations: 8
min_resources_: 20
max_resources_: 60000
aggressive_elimination: False
factor: 3
----------
iter: 0
n_candidates: 50
n_resources: 20
Fitting 1 folds for each of 50 candidates, totalling 50 fits
----------
iter: 1
n_candidates: 17
n_resources: 60
Fitting 1 folds for each of 17 candidates, totalling 17 fits
----------
iter: 2
n_candidates: 6
n_resources: 180
Fitting 1 folds for each of 6 candidates, totalling 6 fits
----------
iter: 3
n_candidates: 2
n_resources: 540
Fitting 1 folds for each of 2 candidates, totalling 2 fits
      -> [RandomForest + Jittering Set 1] Acc: 0.9091, F1: 0.9091, Time: 18.53s
n_iterations: 4
n_required_iterations: 4
n_possible_iterations: 8
min_resources_: 20
max_resources_: 60000
aggressive_elimination: False
factor: 3
----------
iter: 0
n_candidates: 50
n_resources: 20
Fitting 1 folds for each of 50 candidates, totalling 50 fits
----------
iter: 1
n_candidates: 17
n_resources: 60
Fitting 1 folds for each of 17 candidates, totalling 17 fits
----------
iter: 2
n_candidates: 6
n_resources: 180
Fitting 1 folds for each of 6 candidates, totalling 6 fits
----------
iter: 3
n_candidates: 2
n_resources: 540
Fitting 1 folds for each of 2 candidates, totalling 2 fits
      -> [LinearSVC + Jittering Set 1] Acc: 0.7120, F1: 0.6966, Time: 0.28s
n_iterations: 4
n_required_iterations: 4
n_possible_iterations: 8
min_resources_: 20
max_resources_: 60000
aggressive_elimination: False
factor: 3
----------
iter: 0
n_candidates: 50
n_resources: 20
Fitting 1 folds for each of 50 candidates, totalling 50 fits
----------
iter: 1
n_candidates: 17
n_resources: 60
Fitting 1 folds for each of 17 candidates, totalling 17 fits
----------
iter: 2
n_candidates: 6
n_resources: 180
Fitting 1 folds for each of 6 candidates, totalling 6 fits
----------
iter: 3
n_candidates: 2
n_resources: 540
Fitting 1 folds for each of 2 candidates, totalling 2 fits
      -> [LogisticRegression + Jittering Set 1] Acc: 0.7657, F1: 0.7614, Time: 1.82s
      -> [RNN + Jittering Set 1] Acc: 0.4444, F1: 0.3028, Time: 159.59s
    [=== Generating 2x synthetic data with Jittering (Set 2, Params: {'sigma': 0.03}) ===]
n_iterations: 4
n_required_iterations: 4
n_possible_iterations: 8
min_resources_: 20
max_resources_: 60000
aggressive_elimination: False
factor: 3
----------
iter: 0
n_candidates: 50
n_resources: 20
Fitting 1 folds for each of 50 candidates, totalling 50 fits
----------
iter: 1
n_candidates: 17
n_resources: 60
Fitting 1 folds for each of 17 candidates, totalling 17 fits
----------
iter: 2
n_candidates: 6
n_resources: 180
Fitting 1 folds for each of 6 candidates, totalling 6 fits
----------
iter: 3
n_candidates: 2
n_resources: 540
Fitting 1 folds for each of 2 candidates, totalling 2 fits
      -> [KNN + Jittering Set 2] Acc: 0.9226, F1: 0.9224, Time: 0.55s
n_iterations: 4
n_required_iterations: 4
n_possible_iterations: 8
min_resources_: 20
max_resources_: 60000
aggressive_elimination: False
factor: 3
----------
iter: 0
n_candidates: 50
n_resources: 20
Fitting 1 folds for each of 50 candidates, totalling 50 fits
----------
iter: 1
n_candidates: 17
n_resources: 60
Fitting 1 folds for each of 17 candidates, totalling 17 fits
----------
iter: 2
n_candidates: 6
n_resources: 180
Fitting 1 folds for each of 6 candidates, totalling 6 fits
----------
iter: 3
n_candidates: 2
n_resources: 540
Fitting 1 folds for each of 2 candidates, totalling 2 fits
      -> [RandomForest + Jittering Set 2] Acc: 0.9108, F1: 0.9108, Time: 12.57s
n_iterations: 4
n_required_iterations: 4
n_possible_iterations: 8
min_resources_: 20
max_resources_: 60000
aggressive_elimination: False
factor: 3
----------
iter: 0
n_candidates: 50
n_resources: 20
Fitting 1 folds for each of 50 candidates, totalling 50 fits
----------
iter: 1
n_candidates: 17
n_resources: 60
Fitting 1 folds for each of 17 candidates, totalling 17 fits
----------
iter: 2
n_candidates: 6
n_resources: 180
Fitting 1 folds for each of 6 candidates, totalling 6 fits
----------
iter: 3
n_candidates: 2
n_resources: 540
Fitting 1 folds for each of 2 candidates, totalling 2 fits
      -> [LinearSVC + Jittering Set 2] Acc: 0.6398, F1: 0.6128, Time: 0.98s
n_iterations: 4
n_required_iterations: 4
n_possible_iterations: 8
min_resources_: 20
max_resources_: 60000
aggressive_elimination: False
factor: 3
----------
iter: 0
n_candidates: 50
n_resources: 20
Fitting 1 folds for each of 50 candidates, totalling 50 fits
----------
iter: 1
n_candidates: 17
n_resources: 60
Fitting 1 folds for each of 17 candidates, totalling 17 fits
----------
iter: 2
n_candidates: 6
n_resources: 180
Fitting 1 folds for each of 6 candidates, totalling 6 fits
----------
iter: 3
n_candidates: 2
n_resources: 540
Fitting 1 folds for each of 2 candidates, totalling 2 fits
      -> [LogisticRegression + Jittering Set 2] Acc: 0.7631, F1: 0.7597, Time: 1.83s
      -> [RNN + Jittering Set 2] Acc: 0.5000, F1: 0.4119, Time: 148.33s
    [=== Generating 2x synthetic data with Jittering (Set 3, Params: {'sigma': 0.05}) ===]
n_iterations: 4
n_required_iterations: 4
n_possible_iterations: 8
min_resources_: 20
max_resources_: 60000
aggressive_elimination: False
factor: 3
----------
iter: 0
n_candidates: 50
n_resources: 20
Fitting 1 folds for each of 50 candidates, totalling 50 fits
----------
iter: 1
n_candidates: 17
n_resources: 60
Fitting 1 folds for each of 17 candidates, totalling 17 fits
----------
iter: 2
n_candidates: 6
n_resources: 180
Fitting 1 folds for each of 6 candidates, totalling 6 fits
----------
iter: 3
n_candidates: 2
n_resources: 540
Fitting 1 folds for each of 2 candidates, totalling 2 fits
      -> [KNN + Jittering Set 3] Acc: 0.9256, F1: 0.9253, Time: 0.17s
n_iterations: 4
n_required_iterations: 4
n_possible_iterations: 8
min_resources_: 20
max_resources_: 60000
aggressive_elimination: False
factor: 3
----------
iter: 0
n_candidates: 50
n_resources: 20
Fitting 1 folds for each of 50 candidates, totalling 50 fits
----------
iter: 1
n_candidates: 17
n_resources: 60
Fitting 1 folds for each of 17 candidates, totalling 17 fits
----------
iter: 2
n_candidates: 6
n_resources: 180
Fitting 1 folds for each of 6 candidates, totalling 6 fits
----------
iter: 3
n_candidates: 2
n_resources: 540
Fitting 1 folds for each of 2 candidates, totalling 2 fits
      -> [RandomForest + Jittering Set 3] Acc: 0.9097, F1: 0.9098, Time: 20.06s
n_iterations: 4
n_required_iterations: 4
n_possible_iterations: 8
min_resources_: 20
max_resources_: 60000
aggressive_elimination: False
factor: 3
----------
iter: 0
n_candidates: 50
n_resources: 20
Fitting 1 folds for each of 50 candidates, totalling 50 fits
----------
iter: 1
n_candidates: 17
n_resources: 60
Fitting 1 folds for each of 17 candidates, totalling 17 fits
----------
iter: 2
n_candidates: 6
n_resources: 180
Fitting 1 folds for each of 6 candidates, totalling 6 fits
----------
iter: 3
n_candidates: 2
n_resources: 540
Fitting 1 folds for each of 2 candidates, totalling 2 fits
      -> [LinearSVC + Jittering Set 3] Acc: 0.6396, F1: 0.6130, Time: 0.99s
n_iterations: 4
n_required_iterations: 4
n_possible_iterations: 8
min_resources_: 20
max_resources_: 60000
aggressive_elimination: False
factor: 3
----------
iter: 0
n_candidates: 50
n_resources: 20
Fitting 1 folds for each of 50 candidates, totalling 50 fits
----------
iter: 1
n_candidates: 17
n_resources: 60
Fitting 1 folds for each of 17 candidates, totalling 17 fits
----------
iter: 2
n_candidates: 6
n_resources: 180
Fitting 1 folds for each of 6 candidates, totalling 6 fits
----------
iter: 3
n_candidates: 2
n_resources: 540
Fitting 1 folds for each of 2 candidates, totalling 2 fits
      -> [LogisticRegression + Jittering Set 3] Acc: 0.7610, F1: 0.7576, Time: 1.54s
      -> [RNN + Jittering Set 3] Acc: 0.5667, F1: 0.4354, Time: 156.45s
    [=== Generating 2x synthetic data with Jittering (Set 4, Params: {'sigma': 0.1}) ===]
n_iterations: 4
n_required_iterations: 4
n_possible_iterations: 8
min_resources_: 20
max_resources_: 60000
aggressive_elimination: False
factor: 3
----------
iter: 0
n_candidates: 50
n_resources: 20
Fitting 1 folds for each of 50 candidates, totalling 50 fits
----------
iter: 1
n_candidates: 17
n_resources: 60
Fitting 1 folds for each of 17 candidates, totalling 17 fits
----------
iter: 2
n_candidates: 6
n_resources: 180
Fitting 1 folds for each of 6 candidates, totalling 6 fits
----------
iter: 3
n_candidates: 2
n_resources: 540
Fitting 1 folds for each of 2 candidates, totalling 2 fits
      -> [KNN + Jittering Set 4] Acc: 0.9224, F1: 0.9223, Time: 0.53s
n_iterations: 4
n_required_iterations: 4
n_possible_iterations: 8
min_resources_: 20
max_resources_: 60000
aggressive_elimination: False
factor: 3
----------
iter: 0
n_candidates: 50
n_resources: 20
Fitting 1 folds for each of 50 candidates, totalling 50 fits
----------
iter: 1
n_candidates: 17
n_resources: 60
Fitting 1 folds for each of 17 candidates, totalling 17 fits
----------
iter: 2
n_candidates: 6
n_resources: 180
Fitting 1 folds for each of 6 candidates, totalling 6 fits
----------
iter: 3
n_candidates: 2
n_resources: 540
Fitting 1 folds for each of 2 candidates, totalling 2 fits
      -> [RandomForest + Jittering Set 4] Acc: 0.9016, F1: 0.9016, Time: 20.47s
n_iterations: 4
n_required_iterations: 4
n_possible_iterations: 8
min_resources_: 20
max_resources_: 60000
aggressive_elimination: False
factor: 3
----------
iter: 0
n_candidates: 50
n_resources: 20
Fitting 1 folds for each of 50 candidates, totalling 50 fits
----------
iter: 1
n_candidates: 17
n_resources: 60
Fitting 1 folds for each of 17 candidates, totalling 17 fits
----------
iter: 2
n_candidates: 6
n_resources: 180
Fitting 1 folds for each of 6 candidates, totalling 6 fits
----------
iter: 3
n_candidates: 2
n_resources: 540
Fitting 1 folds for each of 2 candidates, totalling 2 fits
      -> [LinearSVC + Jittering Set 4] Acc: 0.6739, F1: 0.6539, Time: 0.26s
n_iterations: 4
n_required_iterations: 4
n_possible_iterations: 8
min_resources_: 20
max_resources_: 60000
aggressive_elimination: False
factor: 3
----------
iter: 0
n_candidates: 50
n_resources: 20
Fitting 1 folds for each of 50 candidates, totalling 50 fits
----------
iter: 1
n_candidates: 17
n_resources: 60
Fitting 1 folds for each of 17 candidates, totalling 17 fits
----------
iter: 2
n_candidates: 6
n_resources: 180
Fitting 1 folds for each of 6 candidates, totalling 6 fits
----------
iter: 3
n_candidates: 2
n_resources: 540
Fitting 1 folds for each of 2 candidates, totalling 2 fits
      -> [LogisticRegression + Jittering Set 4] Acc: 0.7382, F1: 0.7347, Time: 2.05s
      -> [RNN + Jittering Set 4] Acc: 0.4000, F1: 0.3051, Time: 143.60s
    [=== Generating 2x synthetic data with Jittering (Set 5, Params: {'sigma': 0.15}) ===]
n_iterations: 4
n_required_iterations: 4
n_possible_iterations: 8
min_resources_: 20
max_resources_: 60000
aggressive_elimination: False
factor: 3
----------
iter: 0
n_candidates: 50
n_resources: 20
Fitting 1 folds for each of 50 candidates, totalling 50 fits
----------
iter: 1
n_candidates: 17
n_resources: 60
Fitting 1 folds for each of 17 candidates, totalling 17 fits
----------
iter: 2
n_candidates: 6
n_resources: 180
Fitting 1 folds for each of 6 candidates, totalling 6 fits
----------
iter: 3
n_candidates: 2
n_resources: 540
Fitting 1 folds for each of 2 candidates, totalling 2 fits
      -> [KNN + Jittering Set 5] Acc: 0.9173, F1: 0.9173, Time: 0.54s
n_iterations: 4
n_required_iterations: 4
n_possible_iterations: 8
min_resources_: 20
max_resources_: 60000
aggressive_elimination: False
factor: 3
----------
iter: 0
n_candidates: 50
n_resources: 20
Fitting 1 folds for each of 50 candidates, totalling 50 fits
----------
iter: 1
n_candidates: 17
n_resources: 60
Fitting 1 folds for each of 17 candidates, totalling 17 fits
----------
iter: 2
n_candidates: 6
n_resources: 180
Fitting 1 folds for each of 6 candidates, totalling 6 fits
----------
iter: 3
n_candidates: 2
n_resources: 540
Fitting 1 folds for each of 2 candidates, totalling 2 fits
      -> [RandomForest + Jittering Set 5] Acc: 0.8978, F1: 0.8977, Time: 7.01s
n_iterations: 4
n_required_iterations: 4
n_possible_iterations: 8
min_resources_: 20
max_resources_: 60000
aggressive_elimination: False
factor: 3
----------
iter: 0
n_candidates: 50
n_resources: 20
Fitting 1 folds for each of 50 candidates, totalling 50 fits
----------
iter: 1
n_candidates: 17
n_resources: 60
Fitting 1 folds for each of 17 candidates, totalling 17 fits
----------
iter: 2
n_candidates: 6
n_resources: 180
Fitting 1 folds for each of 6 candidates, totalling 6 fits
----------
iter: 3
n_candidates: 2
n_resources: 540
Fitting 1 folds for each of 2 candidates, totalling 2 fits
      -> [LinearSVC + Jittering Set 5] Acc: 0.6221, F1: 0.5956, Time: 1.18s
n_iterations: 4
n_required_iterations: 4
n_possible_iterations: 8
min_resources_: 20
max_resources_: 60000
aggressive_elimination: False
factor: 3
----------
iter: 0
n_candidates: 50
n_resources: 20
Fitting 1 folds for each of 50 candidates, totalling 50 fits
----------
iter: 1
n_candidates: 17
n_resources: 60
Fitting 1 folds for each of 17 candidates, totalling 17 fits
----------
iter: 2
n_candidates: 6
n_resources: 180
Fitting 1 folds for each of 6 candidates, totalling 6 fits
----------
iter: 3
n_candidates: 2
n_resources: 540
Fitting 1 folds for each of 2 candidates, totalling 2 fits
      -> [LogisticRegression + Jittering Set 5] Acc: 0.7114, F1: 0.7070, Time: 0.68s
      -> [RNN + Jittering Set 5] Acc: 0.4000, F1: 0.2890, Time: 165.11s
    [=== Generating 3x synthetic data with Jittering (Set 1, Params: {'sigma': 0.01}) ===]
n_iterations: 4
n_required_iterations: 4
n_possible_iterations: 8
min_resources_: 20
max_resources_: 80000
aggressive_elimination: False
factor: 3
----------
iter: 0
n_candidates: 50
n_resources: 20
Fitting 1 folds for each of 50 candidates, totalling 50 fits
----------
iter: 1
n_candidates: 17
n_resources: 60
Fitting 1 folds for each of 17 candidates, totalling 17 fits
----------
iter: 2
n_candidates: 6
n_resources: 180
Fitting 1 folds for each of 6 candidates, totalling 6 fits
----------
iter: 3
n_candidates: 2
n_resources: 540
Fitting 1 folds for each of 2 candidates, totalling 2 fits
      -> [KNN + Jittering Set 1] Acc: 0.9237, F1: 0.9232, Time: 0.23s
n_iterations: 4
n_required_iterations: 4
n_possible_iterations: 8
min_resources_: 20
max_resources_: 80000
aggressive_elimination: False
factor: 3
----------
iter: 0
n_candidates: 50
n_resources: 20
Fitting 1 folds for each of 50 candidates, totalling 50 fits
----------
iter: 1
n_candidates: 17
n_resources: 60
Fitting 1 folds for each of 17 candidates, totalling 17 fits
----------
iter: 2
n_candidates: 6
n_resources: 180
Fitting 1 folds for each of 6 candidates, totalling 6 fits
----------
iter: 3
n_candidates: 2
n_resources: 540
Fitting 1 folds for each of 2 candidates, totalling 2 fits
      -> [RandomForest + Jittering Set 1] Acc: 0.9070, F1: 0.9071, Time: 18.59s
n_iterations: 4
n_required_iterations: 4
n_possible_iterations: 8
min_resources_: 20
max_resources_: 80000
aggressive_elimination: False
factor: 3
----------
iter: 0
n_candidates: 50
n_resources: 20
Fitting 1 folds for each of 50 candidates, totalling 50 fits
----------
iter: 1
n_candidates: 17
n_resources: 60
Fitting 1 folds for each of 17 candidates, totalling 17 fits
----------
iter: 2
n_candidates: 6
n_resources: 180
Fitting 1 folds for each of 6 candidates, totalling 6 fits
----------
iter: 3
n_candidates: 2
n_resources: 540
Fitting 1 folds for each of 2 candidates, totalling 2 fits
      -> [LinearSVC + Jittering Set 1] Acc: 0.6403, F1: 0.6133, Time: 1.51s
n_iterations: 4
n_required_iterations: 4
n_possible_iterations: 8
min_resources_: 20
max_resources_: 80000
aggressive_elimination: False
factor: 3
----------
iter: 0
n_candidates: 50
n_resources: 20
Fitting 1 folds for each of 50 candidates, totalling 50 fits
----------
iter: 1
n_candidates: 17
n_resources: 60
Fitting 1 folds for each of 17 candidates, totalling 17 fits
----------
iter: 2
n_candidates: 6
n_resources: 180
Fitting 1 folds for each of 6 candidates, totalling 6 fits
----------
iter: 3
n_candidates: 2
n_resources: 540
Fitting 1 folds for each of 2 candidates, totalling 2 fits
      -> [LogisticRegression + Jittering Set 1] Acc: 0.7658, F1: 0.7615, Time: 4.52s
      -> [RNN + Jittering Set 1] Acc: 0.5333, F1: 0.4958, Time: 243.55s
    [=== Generating 3x synthetic data with Jittering (Set 2, Params: {'sigma': 0.03}) ===]
n_iterations: 4
n_required_iterations: 4
n_possible_iterations: 8
min_resources_: 20
max_resources_: 80000
aggressive_elimination: False
factor: 3
----------
iter: 0
n_candidates: 50
n_resources: 20
Fitting 1 folds for each of 50 candidates, totalling 50 fits
----------
iter: 1
n_candidates: 17
n_resources: 60
Fitting 1 folds for each of 17 candidates, totalling 17 fits
----------
iter: 2
n_candidates: 6
n_resources: 180
Fitting 1 folds for each of 6 candidates, totalling 6 fits
----------
iter: 3
n_candidates: 2
n_resources: 540
Fitting 1 folds for each of 2 candidates, totalling 2 fits
      -> [KNN + Jittering Set 2] Acc: 0.9206, F1: 0.9201, Time: 0.26s
n_iterations: 4
n_required_iterations: 4
n_possible_iterations: 8
min_resources_: 20
max_resources_: 80000
aggressive_elimination: False
factor: 3
----------
iter: 0
n_candidates: 50
n_resources: 20
Fitting 1 folds for each of 50 candidates, totalling 50 fits
----------
iter: 1
n_candidates: 17
n_resources: 60
Fitting 1 folds for each of 17 candidates, totalling 17 fits
----------
iter: 2
n_candidates: 6
n_resources: 180
Fitting 1 folds for each of 6 candidates, totalling 6 fits
----------
iter: 3
n_candidates: 2
n_resources: 540
Fitting 1 folds for each of 2 candidates, totalling 2 fits
      -> [RandomForest + Jittering Set 2] Acc: 0.9118, F1: 0.9115, Time: 10.13s
n_iterations: 4
n_required_iterations: 4
n_possible_iterations: 8
min_resources_: 20
max_resources_: 80000
aggressive_elimination: False
factor: 3
----------
iter: 0
n_candidates: 50
n_resources: 20
Fitting 1 folds for each of 50 candidates, totalling 50 fits
----------
iter: 1
n_candidates: 17
n_resources: 60
Fitting 1 folds for each of 17 candidates, totalling 17 fits
----------
iter: 2
n_candidates: 6
n_resources: 180
Fitting 1 folds for each of 6 candidates, totalling 6 fits
----------
iter: 3
n_candidates: 2
n_resources: 540
Fitting 1 folds for each of 2 candidates, totalling 2 fits
      -> [LinearSVC + Jittering Set 2] Acc: 0.7090, F1: 0.6923, Time: 0.45s
n_iterations: 4
n_required_iterations: 4
n_possible_iterations: 8
min_resources_: 20
max_resources_: 80000
aggressive_elimination: False
factor: 3
----------
iter: 0
n_candidates: 50
n_resources: 20
Fitting 1 folds for each of 50 candidates, totalling 50 fits
----------
iter: 1
n_candidates: 17
n_resources: 60
Fitting 1 folds for each of 17 candidates, totalling 17 fits
----------
iter: 2
n_candidates: 6
n_resources: 180
Fitting 1 folds for each of 6 candidates, totalling 6 fits
----------
iter: 3
n_candidates: 2
n_resources: 540
Fitting 1 folds for each of 2 candidates, totalling 2 fits
      -> [LogisticRegression + Jittering Set 2] Acc: 0.7631, F1: 0.7595, Time: 4.53s
      -> [RNN + Jittering Set 2] Acc: 0.5333, F1: 0.4500, Time: 238.52s
    [=== Generating 3x synthetic data with Jittering (Set 3, Params: {'sigma': 0.05}) ===]
n_iterations: 4
n_required_iterations: 4
n_possible_iterations: 8
min_resources_: 20
max_resources_: 80000
aggressive_elimination: False
factor: 3
----------
iter: 0
n_candidates: 50
n_resources: 20
Fitting 1 folds for each of 50 candidates, totalling 50 fits
----------
iter: 1
n_candidates: 17
n_resources: 60
Fitting 1 folds for each of 17 candidates, totalling 17 fits
----------
iter: 2
n_candidates: 6
n_resources: 180
Fitting 1 folds for each of 6 candidates, totalling 6 fits
----------
iter: 3
n_candidates: 2
n_resources: 540
Fitting 1 folds for each of 2 candidates, totalling 2 fits
      -> [KNN + Jittering Set 3] Acc: 0.9209, F1: 0.9207, Time: 0.66s
n_iterations: 4
n_required_iterations: 4
n_possible_iterations: 8
min_resources_: 20
max_resources_: 80000
aggressive_elimination: False
factor: 3
----------
iter: 0
n_candidates: 50
n_resources: 20
Fitting 1 folds for each of 50 candidates, totalling 50 fits
----------
iter: 1
n_candidates: 17
n_resources: 60
Fitting 1 folds for each of 17 candidates, totalling 17 fits
----------
iter: 2
n_candidates: 6
n_resources: 180
Fitting 1 folds for each of 6 candidates, totalling 6 fits
----------
iter: 3
n_candidates: 2
n_resources: 540
Fitting 1 folds for each of 2 candidates, totalling 2 fits
      -> [RandomForest + Jittering Set 3] Acc: 0.9066, F1: 0.9065, Time: 20.10s
n_iterations: 4
n_required_iterations: 4
n_possible_iterations: 8
min_resources_: 20
max_resources_: 80000
aggressive_elimination: False
factor: 3
----------
iter: 0
n_candidates: 50
n_resources: 20
Fitting 1 folds for each of 50 candidates, totalling 50 fits
----------
iter: 1
n_candidates: 17
n_resources: 60
Fitting 1 folds for each of 17 candidates, totalling 17 fits
----------
iter: 2
n_candidates: 6
n_resources: 180
Fitting 1 folds for each of 6 candidates, totalling 6 fits
----------
iter: 3
n_candidates: 2
n_resources: 540
Fitting 1 folds for each of 2 candidates, totalling 2 fits
      -> [LinearSVC + Jittering Set 3] Acc: 0.6397, F1: 0.6131, Time: 1.66s
n_iterations: 4
n_required_iterations: 4
n_possible_iterations: 8
min_resources_: 20
max_resources_: 80000
aggressive_elimination: False
factor: 3
----------
iter: 0
n_candidates: 50
n_resources: 20
Fitting 1 folds for each of 50 candidates, totalling 50 fits
----------
iter: 1
n_candidates: 17
n_resources: 60
Fitting 1 folds for each of 17 candidates, totalling 17 fits
----------
iter: 2
n_candidates: 6
n_resources: 180
Fitting 1 folds for each of 6 candidates, totalling 6 fits
----------
iter: 3
n_candidates: 2
n_resources: 540
Fitting 1 folds for each of 2 candidates, totalling 2 fits
      -> [LogisticRegression + Jittering Set 3] Acc: 0.7580, F1: 0.7541, Time: 3.10s
      -> [RNN + Jittering Set 3] Acc: 0.5556, F1: 0.4714, Time: 231.19s
    [=== Generating 3x synthetic data with Jittering (Set 4, Params: {'sigma': 0.1}) ===]
n_iterations: 4
n_required_iterations: 4
n_possible_iterations: 8
min_resources_: 20
max_resources_: 80000
aggressive_elimination: False
factor: 3
----------
iter: 0
n_candidates: 50
n_resources: 20
Fitting 1 folds for each of 50 candidates, totalling 50 fits
----------
iter: 1
n_candidates: 17
n_resources: 60
Fitting 1 folds for each of 17 candidates, totalling 17 fits
----------
iter: 2
n_candidates: 6
n_resources: 180
Fitting 1 folds for each of 6 candidates, totalling 6 fits
----------
iter: 3
n_candidates: 2
n_resources: 540
Fitting 1 folds for each of 2 candidates, totalling 2 fits
      -> [KNN + Jittering Set 4] Acc: 0.9080, F1: 0.9078, Time: 0.74s
n_iterations: 4
n_required_iterations: 4
n_possible_iterations: 8
min_resources_: 20
max_resources_: 80000
aggressive_elimination: False
factor: 3
----------
iter: 0
n_candidates: 50
n_resources: 20
Fitting 1 folds for each of 50 candidates, totalling 50 fits
----------
iter: 1
n_candidates: 17
n_resources: 60
Fitting 1 folds for each of 17 candidates, totalling 17 fits
----------
iter: 2
n_candidates: 6
n_resources: 180
Fitting 1 folds for each of 6 candidates, totalling 6 fits
----------
iter: 3
n_candidates: 2
n_resources: 540
Fitting 1 folds for each of 2 candidates, totalling 2 fits
      -> [RandomForest + Jittering Set 4] Acc: 0.8991, F1: 0.8990, Time: 32.51s
n_iterations: 4
n_required_iterations: 4
n_possible_iterations: 8
min_resources_: 20
max_resources_: 80000
aggressive_elimination: False
factor: 3
----------
iter: 0
n_candidates: 50
n_resources: 20
Fitting 1 folds for each of 50 candidates, totalling 50 fits
----------
iter: 1
n_candidates: 17
n_resources: 60
Fitting 1 folds for each of 17 candidates, totalling 17 fits
----------
iter: 2
n_candidates: 6
n_resources: 180
Fitting 1 folds for each of 6 candidates, totalling 6 fits
----------
iter: 3
n_candidates: 2
n_resources: 540
Fitting 1 folds for each of 2 candidates, totalling 2 fits
      -> [LinearSVC + Jittering Set 4] Acc: 0.6341, F1: 0.6083, Time: 1.82s
n_iterations: 4
n_required_iterations: 4
n_possible_iterations: 8
min_resources_: 20
max_resources_: 80000
aggressive_elimination: False
factor: 3
----------
iter: 0
n_candidates: 50
n_resources: 20
Fitting 1 folds for each of 50 candidates, totalling 50 fits
----------
iter: 1
n_candidates: 17
n_resources: 60
Fitting 1 folds for each of 17 candidates, totalling 17 fits
----------
iter: 2
n_candidates: 6
n_resources: 180
Fitting 1 folds for each of 6 candidates, totalling 6 fits
----------
iter: 3
n_candidates: 2
n_resources: 540
Fitting 1 folds for each of 2 candidates, totalling 2 fits
      -> [LogisticRegression + Jittering Set 4] Acc: 0.7298, F1: 0.7261, Time: 2.68s
      -> [RNN + Jittering Set 4] Acc: 0.3889, F1: 0.3332, Time: 210.55s
    [=== Generating 3x synthetic data with Jittering (Set 5, Params: {'sigma': 0.15}) ===]
n_iterations: 4
n_required_iterations: 4
n_possible_iterations: 8
min_resources_: 20
max_resources_: 80000
aggressive_elimination: False
factor: 3
----------
iter: 0
n_candidates: 50
n_resources: 20
Fitting 1 folds for each of 50 candidates, totalling 50 fits
----------
iter: 1
n_candidates: 17
n_resources: 60
Fitting 1 folds for each of 17 candidates, totalling 17 fits
----------
iter: 2
n_candidates: 6
n_resources: 180
Fitting 1 folds for each of 6 candidates, totalling 6 fits
----------
iter: 3
n_candidates: 2
n_resources: 540
Fitting 1 folds for each of 2 candidates, totalling 2 fits
      -> [KNN + Jittering Set 5] Acc: 0.9179, F1: 0.9176, Time: 0.96s
n_iterations: 4
n_required_iterations: 4
n_possible_iterations: 8
min_resources_: 20
max_resources_: 80000
aggressive_elimination: False
factor: 3
----------
iter: 0
n_candidates: 50
n_resources: 20
Fitting 1 folds for each of 50 candidates, totalling 50 fits
----------
iter: 1
n_candidates: 17
n_resources: 60
Fitting 1 folds for each of 17 candidates, totalling 17 fits
----------
iter: 2
n_candidates: 6
n_resources: 180
Fitting 1 folds for each of 6 candidates, totalling 6 fits
----------
iter: 3
n_candidates: 2
n_resources: 540
Fitting 1 folds for each of 2 candidates, totalling 2 fits
      -> [RandomForest + Jittering Set 5] Acc: 0.8963, F1: 0.8965, Time: 31.89s
n_iterations: 4
n_required_iterations: 4
n_possible_iterations: 8
min_resources_: 20
max_resources_: 80000
aggressive_elimination: False
factor: 3
----------
iter: 0
n_candidates: 50
n_resources: 20
Fitting 1 folds for each of 50 candidates, totalling 50 fits
----------
iter: 1
n_candidates: 17
n_resources: 60
Fitting 1 folds for each of 17 candidates, totalling 17 fits
----------
iter: 2
n_candidates: 6
n_resources: 180
Fitting 1 folds for each of 6 candidates, totalling 6 fits
----------
iter: 3
n_candidates: 2
n_resources: 540
Fitting 1 folds for each of 2 candidates, totalling 2 fits
      -> [LinearSVC + Jittering Set 5] Acc: 0.6281, F1: 0.6037, Time: 0.37s
n_iterations: 4
n_required_iterations: 4
n_possible_iterations: 8
min_resources_: 20
max_resources_: 80000
aggressive_elimination: False
factor: 3
----------
iter: 0
n_candidates: 50
n_resources: 20
Fitting 1 folds for each of 50 candidates, totalling 50 fits
----------
iter: 1
n_candidates: 17
n_resources: 60
Fitting 1 folds for each of 17 candidates, totalling 17 fits
----------
iter: 2
n_candidates: 6
n_resources: 180
Fitting 1 folds for each of 6 candidates, totalling 6 fits
----------
iter: 3
n_candidates: 2
n_resources: 540
Fitting 1 folds for each of 2 candidates, totalling 2 fits
      -> [LogisticRegression + Jittering Set 5] Acc: 0.6948, F1: 0.6896, Time: 1.64s
      -> [RNN + Jittering Set 5] Acc: 0.2556, F1: 0.2001, Time: 237.88s
    [=== Generating 5x synthetic data with Jittering (Set 1, Params: {'sigma': 0.01}) ===]
n_iterations: 4
n_required_iterations: 4
n_possible_iterations: 8
min_resources_: 20
max_resources_: 120000
aggressive_elimination: False
factor: 3
----------
iter: 0
n_candidates: 50
n_resources: 20
Fitting 1 folds for each of 50 candidates, totalling 50 fits
----------
iter: 1
n_candidates: 17
n_resources: 60
Fitting 1 folds for each of 17 candidates, totalling 17 fits
----------
iter: 2
n_candidates: 6
n_resources: 180
Fitting 1 folds for each of 6 candidates, totalling 6 fits
----------
iter: 3
n_candidates: 2
n_resources: 540
Fitting 1 folds for each of 2 candidates, totalling 2 fits
      -> [KNN + Jittering Set 1] Acc: 0.9319, F1: 0.9317, Time: 0.60s
n_iterations: 4
n_required_iterations: 4
n_possible_iterations: 8
min_resources_: 20
max_resources_: 120000
aggressive_elimination: False
factor: 3
----------
iter: 0
n_candidates: 50
n_resources: 20
Fitting 1 folds for each of 50 candidates, totalling 50 fits
----------
iter: 1
n_candidates: 17
n_resources: 60
Fitting 1 folds for each of 17 candidates, totalling 17 fits
----------
iter: 2
n_candidates: 6
n_resources: 180
Fitting 1 folds for each of 6 candidates, totalling 6 fits
----------
iter: 3
n_candidates: 2
n_resources: 540
Fitting 1 folds for each of 2 candidates, totalling 2 fits
      -> [RandomForest + Jittering Set 1] Acc: 0.9106, F1: 0.9106, Time: 30.97s
n_iterations: 4
n_required_iterations: 4
n_possible_iterations: 8
min_resources_: 20
max_resources_: 120000
aggressive_elimination: False
factor: 3
----------
iter: 0
n_candidates: 50
n_resources: 20
Fitting 1 folds for each of 50 candidates, totalling 50 fits
----------
iter: 1
n_candidates: 17
n_resources: 60
Fitting 1 folds for each of 17 candidates, totalling 17 fits
----------
iter: 2
n_candidates: 6
n_resources: 180
Fitting 1 folds for each of 6 candidates, totalling 6 fits
----------
iter: 3
n_candidates: 2
n_resources: 540
Fitting 1 folds for each of 2 candidates, totalling 2 fits
      -> [LinearSVC + Jittering Set 1] Acc: 0.6400, F1: 0.6130, Time: 2.43s
n_iterations: 4
n_required_iterations: 4
n_possible_iterations: 8
min_resources_: 20
max_resources_: 120000
aggressive_elimination: False
factor: 3
----------
iter: 0
n_candidates: 50
n_resources: 20
Fitting 1 folds for each of 50 candidates, totalling 50 fits
----------
iter: 1
n_candidates: 17
n_resources: 60
Fitting 1 folds for each of 17 candidates, totalling 17 fits
----------
iter: 2
n_candidates: 6
n_resources: 180
Fitting 1 folds for each of 6 candidates, totalling 6 fits
----------
iter: 3
n_candidates: 2
n_resources: 540
Fitting 1 folds for each of 2 candidates, totalling 2 fits
      -> [LogisticRegression + Jittering Set 1] Acc: 0.7658, F1: 0.7616, Time: 4.74s
      -> [RNN + Jittering Set 1] Acc: 0.5778, F1: 0.4900, Time: 366.64s
    [=== Generating 5x synthetic data with Jittering (Set 2, Params: {'sigma': 0.03}) ===]
n_iterations: 4
n_required_iterations: 4
n_possible_iterations: 8
min_resources_: 20
max_resources_: 120000
aggressive_elimination: False
factor: 3
----------
iter: 0
n_candidates: 50
n_resources: 20
Fitting 1 folds for each of 50 candidates, totalling 50 fits
----------
iter: 1
n_candidates: 17
n_resources: 60
Fitting 1 folds for each of 17 candidates, totalling 17 fits
----------
iter: 2
n_candidates: 6
n_resources: 180
Fitting 1 folds for each of 6 candidates, totalling 6 fits
----------
iter: 3
n_candidates: 2
n_resources: 540
Fitting 1 folds for each of 2 candidates, totalling 2 fits
      -> [KNN + Jittering Set 2] Acc: 0.9280, F1: 0.9277, Time: 0.64s
n_iterations: 4
n_required_iterations: 4
n_possible_iterations: 8
min_resources_: 20
max_resources_: 120000
aggressive_elimination: False
factor: 3
----------
iter: 0
n_candidates: 50
n_resources: 20
Fitting 1 folds for each of 50 candidates, totalling 50 fits
----------
iter: 1
n_candidates: 17
n_resources: 60
Fitting 1 folds for each of 17 candidates, totalling 17 fits
----------
iter: 2
n_candidates: 6
n_resources: 180
Fitting 1 folds for each of 6 candidates, totalling 6 fits
----------
iter: 3
n_candidates: 2
n_resources: 540
Fitting 1 folds for each of 2 candidates, totalling 2 fits
      -> [RandomForest + Jittering Set 2] Acc: 0.9141, F1: 0.9140, Time: 52.86s
n_iterations: 4
n_required_iterations: 4
n_possible_iterations: 8
min_resources_: 20
max_resources_: 120000
aggressive_elimination: False
factor: 3
----------
iter: 0
n_candidates: 50
n_resources: 20
Fitting 1 folds for each of 50 candidates, totalling 50 fits
----------
iter: 1
n_candidates: 17
n_resources: 60
Fitting 1 folds for each of 17 candidates, totalling 17 fits
----------
iter: 2
n_candidates: 6
n_resources: 180
Fitting 1 folds for each of 6 candidates, totalling 6 fits
----------
iter: 3
n_candidates: 2
n_resources: 540
Fitting 1 folds for each of 2 candidates, totalling 2 fits
      -> [LinearSVC + Jittering Set 2] Acc: 0.6403, F1: 0.6134, Time: 2.74s
n_iterations: 4
n_required_iterations: 4
n_possible_iterations: 8
min_resources_: 20
max_resources_: 120000
aggressive_elimination: False
factor: 3
----------
iter: 0
n_candidates: 50
n_resources: 20
Fitting 1 folds for each of 50 candidates, totalling 50 fits
----------
iter: 1
n_candidates: 17
n_resources: 60
Fitting 1 folds for each of 17 candidates, totalling 17 fits
----------
iter: 2
n_candidates: 6
n_resources: 180
Fitting 1 folds for each of 6 candidates, totalling 6 fits
----------
iter: 3
n_candidates: 2
n_resources: 540
Fitting 1 folds for each of 2 candidates, totalling 2 fits
      -> [LogisticRegression + Jittering Set 2] Acc: 0.6730, F1: 0.6544, Time: 1.27s
      -> [RNN + Jittering Set 2] Acc: 0.6667, F1: 0.6236, Time: 398.15s
    [=== Generating 5x synthetic data with Jittering (Set 3, Params: {'sigma': 0.05}) ===]
n_iterations: 4
n_required_iterations: 4
n_possible_iterations: 8
min_resources_: 20
max_resources_: 120000
aggressive_elimination: False
factor: 3
----------
iter: 0
n_candidates: 50
n_resources: 20
Fitting 1 folds for each of 50 candidates, totalling 50 fits
----------
iter: 1
n_candidates: 17
n_resources: 60
Fitting 1 folds for each of 17 candidates, totalling 17 fits
----------
iter: 2
n_candidates: 6
n_resources: 180
Fitting 1 folds for each of 6 candidates, totalling 6 fits
----------
iter: 3
n_candidates: 2
n_resources: 540
Fitting 1 folds for each of 2 candidates, totalling 2 fits
      -> [KNN + Jittering Set 3] Acc: 0.9210, F1: 0.9208, Time: 0.77s
n_iterations: 4
n_required_iterations: 4
n_possible_iterations: 8
min_resources_: 20
max_resources_: 120000
aggressive_elimination: False
factor: 3
----------
iter: 0
n_candidates: 50
n_resources: 20
Fitting 1 folds for each of 50 candidates, totalling 50 fits
----------
iter: 1
n_candidates: 17
n_resources: 60
Fitting 1 folds for each of 17 candidates, totalling 17 fits
----------
iter: 2
n_candidates: 6
n_resources: 180
Fitting 1 folds for each of 6 candidates, totalling 6 fits
----------
iter: 3
n_candidates: 2
n_resources: 540
Fitting 1 folds for each of 2 candidates, totalling 2 fits
      -> [RandomForest + Jittering Set 3] Acc: 0.9122, F1: 0.9120, Time: 54.74s
n_iterations: 4
n_required_iterations: 4
n_possible_iterations: 8
min_resources_: 20
max_resources_: 120000
aggressive_elimination: False
factor: 3
----------
iter: 0
n_candidates: 50
n_resources: 20
Fitting 1 folds for each of 50 candidates, totalling 50 fits
----------
iter: 1
n_candidates: 17
n_resources: 60
Fitting 1 folds for each of 17 candidates, totalling 17 fits
----------
iter: 2
n_candidates: 6
n_resources: 180
Fitting 1 folds for each of 6 candidates, totalling 6 fits
----------
iter: 3
n_candidates: 2
n_resources: 540
Fitting 1 folds for each of 2 candidates, totalling 2 fits
      -> [LinearSVC + Jittering Set 3] Acc: 0.6393, F1: 0.6128, Time: 2.89s
n_iterations: 4
n_required_iterations: 4
n_possible_iterations: 8
min_resources_: 20
max_resources_: 120000
aggressive_elimination: False
factor: 3
----------
iter: 0
n_candidates: 50
n_resources: 20
Fitting 1 folds for each of 50 candidates, totalling 50 fits
----------
iter: 1
n_candidates: 17
n_resources: 60
Fitting 1 folds for each of 17 candidates, totalling 17 fits
----------
iter: 2
n_candidates: 6
n_resources: 180
Fitting 1 folds for each of 6 candidates, totalling 6 fits
----------
iter: 3
n_candidates: 2
n_resources: 540
Fitting 1 folds for each of 2 candidates, totalling 2 fits
      -> [LogisticRegression + Jittering Set 3] Acc: 0.7549, F1: 0.7508, Time: 4.62s
      -> [RNN + Jittering Set 3] Acc: 0.5444, F1: 0.4832, Time: 380.78s
    [=== Generating 5x synthetic data with Jittering (Set 4, Params: {'sigma': 0.1}) ===]
n_iterations: 4
n_required_iterations: 4
n_possible_iterations: 8
min_resources_: 20
max_resources_: 120000
aggressive_elimination: False
factor: 3
----------
iter: 0
n_candidates: 50
n_resources: 20
Fitting 1 folds for each of 50 candidates, totalling 50 fits
----------
iter: 1
n_candidates: 17
n_resources: 60
Fitting 1 folds for each of 17 candidates, totalling 17 fits
----------
iter: 2
n_candidates: 6
n_resources: 180
Fitting 1 folds for each of 6 candidates, totalling 6 fits
----------
iter: 3
n_candidates: 2
n_resources: 540
Fitting 1 folds for each of 2 candidates, totalling 2 fits
      -> [KNN + Jittering Set 4] Acc: 0.9054, F1: 0.9051, Time: 0.51s
n_iterations: 4
n_required_iterations: 4
n_possible_iterations: 8
min_resources_: 20
max_resources_: 120000
aggressive_elimination: False
factor: 3
----------
iter: 0
n_candidates: 50
n_resources: 20
Fitting 1 folds for each of 50 candidates, totalling 50 fits
----------
iter: 1
n_candidates: 17
n_resources: 60
Fitting 1 folds for each of 17 candidates, totalling 17 fits
----------
iter: 2
n_candidates: 6
n_resources: 180
Fitting 1 folds for each of 6 candidates, totalling 6 fits
----------
iter: 3
n_candidates: 2
n_resources: 540
Fitting 1 folds for each of 2 candidates, totalling 2 fits
      -> [RandomForest + Jittering Set 4] Acc: 0.8922, F1: 0.8925, Time: 37.16s
n_iterations: 4
n_required_iterations: 4
n_possible_iterations: 8
min_resources_: 20
max_resources_: 120000
aggressive_elimination: False
factor: 3
----------
iter: 0
n_candidates: 50
n_resources: 20
Fitting 1 folds for each of 50 candidates, totalling 50 fits
----------
iter: 1
n_candidates: 17
n_resources: 60
Fitting 1 folds for each of 17 candidates, totalling 17 fits
----------
iter: 2
n_candidates: 6
n_resources: 180
Fitting 1 folds for each of 6 candidates, totalling 6 fits
----------
iter: 3
n_candidates: 2
n_resources: 540
Fitting 1 folds for each of 2 candidates, totalling 2 fits
      -> [LinearSVC + Jittering Set 4] Acc: 0.6317, F1: 0.6056, Time: 3.22s
n_iterations: 4
n_required_iterations: 4
n_possible_iterations: 8
min_resources_: 20
max_resources_: 120000
aggressive_elimination: False
factor: 3
----------
iter: 0
n_candidates: 50
n_resources: 20
Fitting 1 folds for each of 50 candidates, totalling 50 fits
----------
iter: 1
n_candidates: 17
n_resources: 60
Fitting 1 folds for each of 17 candidates, totalling 17 fits
----------
iter: 2
n_candidates: 6
n_resources: 180
Fitting 1 folds for each of 6 candidates, totalling 6 fits
----------
iter: 3
n_candidates: 2
n_resources: 540
Fitting 1 folds for each of 2 candidates, totalling 2 fits
      -> [LogisticRegression + Jittering Set 4] Acc: 0.7238, F1: 0.7196, Time: 8.08s
      -> [RNN + Jittering Set 4] Acc: 0.4111, F1: 0.2580, Time: 404.78s
    [=== Generating 5x synthetic data with Jittering (Set 5, Params: {'sigma': 0.15}) ===]
n_iterations: 4
n_required_iterations: 4
n_possible_iterations: 8
min_resources_: 20
max_resources_: 120000
aggressive_elimination: False
factor: 3
----------
iter: 0
n_candidates: 50
n_resources: 20
Fitting 1 folds for each of 50 candidates, totalling 50 fits
----------
iter: 1
n_candidates: 17
n_resources: 60
Fitting 1 folds for each of 17 candidates, totalling 17 fits
----------
iter: 2
n_candidates: 6
n_resources: 180
Fitting 1 folds for each of 6 candidates, totalling 6 fits
----------
iter: 3
n_candidates: 2
n_resources: 540
Fitting 1 folds for each of 2 candidates, totalling 2 fits
      -> [KNN + Jittering Set 5] Acc: 0.9071, F1: 0.9067, Time: 0.58s
n_iterations: 4
n_required_iterations: 4
n_possible_iterations: 8
min_resources_: 20
max_resources_: 120000
aggressive_elimination: False
factor: 3
----------
iter: 0
n_candidates: 50
n_resources: 20
Fitting 1 folds for each of 50 candidates, totalling 50 fits
----------
iter: 1
n_candidates: 17
n_resources: 60
Fitting 1 folds for each of 17 candidates, totalling 17 fits
----------
iter: 2
n_candidates: 6
n_resources: 180
Fitting 1 folds for each of 6 candidates, totalling 6 fits
----------
iter: 3
n_candidates: 2
n_resources: 540
Fitting 1 folds for each of 2 candidates, totalling 2 fits
      -> [RandomForest + Jittering Set 5] Acc: 0.8804, F1: 0.8804, Time: 18.35s
n_iterations: 4
n_required_iterations: 4
n_possible_iterations: 8
min_resources_: 20
max_resources_: 120000
aggressive_elimination: False
factor: 3
----------
iter: 0
n_candidates: 50
n_resources: 20
Fitting 1 folds for each of 50 candidates, totalling 50 fits
----------
iter: 1
n_candidates: 17
n_resources: 60
Fitting 1 folds for each of 17 candidates, totalling 17 fits
----------
iter: 2
n_candidates: 6
n_resources: 180
Fitting 1 folds for each of 6 candidates, totalling 6 fits
----------
iter: 3
n_candidates: 2
n_resources: 540
Fitting 1 folds for each of 2 candidates, totalling 2 fits
      -> [LinearSVC + Jittering Set 5] Acc: 0.6236, F1: 0.5991, Time: 0.65s
n_iterations: 4
n_required_iterations: 4
n_possible_iterations: 8
min_resources_: 20
max_resources_: 120000
aggressive_elimination: False
factor: 3
----------
iter: 0
n_candidates: 50
n_resources: 20
Fitting 1 folds for each of 50 candidates, totalling 50 fits
----------
iter: 1
n_candidates: 17
n_resources: 60
Fitting 1 folds for each of 17 candidates, totalling 17 fits
----------
iter: 2
n_candidates: 6
n_resources: 180
Fitting 1 folds for each of 6 candidates, totalling 6 fits
----------
iter: 3
n_candidates: 2
n_resources: 540
Fitting 1 folds for each of 2 candidates, totalling 2 fits
      -> [LogisticRegression + Jittering Set 5] Acc: 0.5957, F1: 0.5681, Time: 4.73s
      -> [RNN + Jittering Set 5] Acc: 0.6444, F1: 0.6064, Time: 351.28s
    [=== Generating 10x synthetic data with Jittering (Set 1, Params: {'sigma': 0.01}) ===]
n_iterations: 4
n_required_iterations: 4
n_possible_iterations: 8
min_resources_: 20
max_resources_: 120000
aggressive_elimination: False
factor: 3
----------
iter: 0
n_candidates: 50
n_resources: 20
Fitting 1 folds for each of 50 candidates, totalling 50 fits
----------
iter: 1
n_candidates: 17
n_resources: 60
Fitting 1 folds for each of 17 candidates, totalling 17 fits
----------
iter: 2
n_candidates: 6
n_resources: 180
Fitting 1 folds for each of 6 candidates, totalling 6 fits
----------
iter: 3
n_candidates: 2
n_resources: 540
Fitting 1 folds for each of 2 candidates, totalling 2 fits
      -> [KNN + Jittering Set 1] Acc: 0.9281, F1: 0.9279, Time: 0.56s
n_iterations: 4
n_required_iterations: 4
n_possible_iterations: 8
min_resources_: 20
max_resources_: 120000
aggressive_elimination: False
factor: 3
----------
iter: 0
n_candidates: 50
n_resources: 20
Fitting 1 folds for each of 50 candidates, totalling 50 fits
----------
iter: 1
n_candidates: 17
n_resources: 60
Fitting 1 folds for each of 17 candidates, totalling 17 fits
----------
iter: 2
n_candidates: 6
n_resources: 180
Fitting 1 folds for each of 6 candidates, totalling 6 fits
----------
iter: 3
n_candidates: 2
n_resources: 540
Fitting 1 folds for each of 2 candidates, totalling 2 fits
      -> [RandomForest + Jittering Set 1] Acc: 0.9119, F1: 0.9120, Time: 32.01s
n_iterations: 4
n_required_iterations: 4
n_possible_iterations: 8
min_resources_: 20
max_resources_: 120000
aggressive_elimination: False
factor: 3
----------
iter: 0
n_candidates: 50
n_resources: 20
Fitting 1 folds for each of 50 candidates, totalling 50 fits
----------
iter: 1
n_candidates: 17
n_resources: 60
Fitting 1 folds for each of 17 candidates, totalling 17 fits
----------
iter: 2
n_candidates: 6
n_resources: 180
Fitting 1 folds for each of 6 candidates, totalling 6 fits
----------
iter: 3
n_candidates: 2
n_resources: 540
Fitting 1 folds for each of 2 candidates, totalling 2 fits
      -> [LinearSVC + Jittering Set 1] Acc: 0.7096, F1: 0.6939, Time: 1.51s
n_iterations: 4
n_required_iterations: 4
n_possible_iterations: 8
min_resources_: 20
max_resources_: 120000
aggressive_elimination: False
factor: 3
----------
iter: 0
n_candidates: 50
n_resources: 20
Fitting 1 folds for each of 50 candidates, totalling 50 fits
----------
iter: 1
n_candidates: 17
n_resources: 60
Fitting 1 folds for each of 17 candidates, totalling 17 fits
----------
iter: 2
n_candidates: 6
n_resources: 180
Fitting 1 folds for each of 6 candidates, totalling 6 fits
----------
iter: 3
n_candidates: 2
n_resources: 540
Fitting 1 folds for each of 2 candidates, totalling 2 fits
      -> [LogisticRegression + Jittering Set 1] Acc: 0.7659, F1: 0.7617, Time: 7.64s
      -> [RNN + Jittering Set 1] Acc: 0.5667, F1: 0.5597, Time: 405.99s
    [=== Generating 10x synthetic data with Jittering (Set 2, Params: {'sigma': 0.03}) ===]
n_iterations: 4
n_required_iterations: 4
n_possible_iterations: 8
min_resources_: 20
max_resources_: 120000
aggressive_elimination: False
factor: 3
----------
iter: 0
n_candidates: 50
n_resources: 20
Fitting 1 folds for each of 50 candidates, totalling 50 fits
----------
iter: 1
n_candidates: 17
n_resources: 60
Fitting 1 folds for each of 17 candidates, totalling 17 fits
----------
iter: 2
n_candidates: 6
n_resources: 180
Fitting 1 folds for each of 6 candidates, totalling 6 fits
----------
iter: 3
n_candidates: 2
n_resources: 540
Fitting 1 folds for each of 2 candidates, totalling 2 fits
      -> [KNN + Jittering Set 2] Acc: 0.9244, F1: 0.9241, Time: 0.80s
n_iterations: 4
n_required_iterations: 4
n_possible_iterations: 8
min_resources_: 20
max_resources_: 120000
aggressive_elimination: False
factor: 3
----------
iter: 0
n_candidates: 50
n_resources: 20
Fitting 1 folds for each of 50 candidates, totalling 50 fits
----------
iter: 1
n_candidates: 17
n_resources: 60
Fitting 1 folds for each of 17 candidates, totalling 17 fits
----------
iter: 2
n_candidates: 6
n_resources: 180
Fitting 1 folds for each of 6 candidates, totalling 6 fits
----------
iter: 3
n_candidates: 2
n_resources: 540
Fitting 1 folds for each of 2 candidates, totalling 2 fits
      -> [RandomForest + Jittering Set 2] Acc: 0.9128, F1: 0.9126, Time: 52.37s
n_iterations: 4
n_required_iterations: 4
n_possible_iterations: 8
min_resources_: 20
max_resources_: 120000
aggressive_elimination: False
factor: 3
----------
iter: 0
n_candidates: 50
n_resources: 20
Fitting 1 folds for each of 50 candidates, totalling 50 fits
----------
iter: 1
n_candidates: 17
n_resources: 60
Fitting 1 folds for each of 17 candidates, totalling 17 fits
----------
iter: 2
n_candidates: 6
n_resources: 180
Fitting 1 folds for each of 6 candidates, totalling 6 fits
----------
iter: 3
n_candidates: 2
n_resources: 540
Fitting 1 folds for each of 2 candidates, totalling 2 fits
      -> [LinearSVC + Jittering Set 2] Acc: 0.6391, F1: 0.6119, Time: 3.52s
n_iterations: 4
n_required_iterations: 4
n_possible_iterations: 8
min_resources_: 20
max_resources_: 120000
aggressive_elimination: False
factor: 3
----------
iter: 0
n_candidates: 50
n_resources: 20
Fitting 1 folds for each of 50 candidates, totalling 50 fits
----------
iter: 1
n_candidates: 17
n_resources: 60
Fitting 1 folds for each of 17 candidates, totalling 17 fits
----------
iter: 2
n_candidates: 6
n_resources: 180
Fitting 1 folds for each of 6 candidates, totalling 6 fits
----------
iter: 3
n_candidates: 2
n_resources: 540
Fitting 1 folds for each of 2 candidates, totalling 2 fits
      -> [LogisticRegression + Jittering Set 2] Acc: 0.7621, F1: 0.7587, Time: 4.16s
      -> [RNN + Jittering Set 2] Acc: 0.5333, F1: 0.4550, Time: 22.54s
    [=== Generating 10x synthetic data with Jittering (Set 3, Params: {'sigma': 0.05}) ===]
n_iterations: 4
n_required_iterations: 4
n_possible_iterations: 8
min_resources_: 20
max_resources_: 120000
aggressive_elimination: False
factor: 3
----------
iter: 0
n_candidates: 50
n_resources: 20
Fitting 1 folds for each of 50 candidates, totalling 50 fits
----------
iter: 1
n_candidates: 17
n_resources: 60
Fitting 1 folds for each of 17 candidates, totalling 17 fits
----------
iter: 2
n_candidates: 6
n_resources: 180
Fitting 1 folds for each of 6 candidates, totalling 6 fits
----------
iter: 3
n_candidates: 2
n_resources: 540
Fitting 1 folds for each of 2 candidates, totalling 2 fits
      -> [KNN + Jittering Set 3] Acc: 0.9128, F1: 0.9123, Time: 0.66s
n_iterations: 4
n_required_iterations: 4
n_possible_iterations: 8
min_resources_: 20
max_resources_: 120000
aggressive_elimination: False
factor: 3
----------
iter: 0
n_candidates: 50
n_resources: 20
Fitting 1 folds for each of 50 candidates, totalling 50 fits
----------
iter: 1
n_candidates: 17
n_resources: 60
Fitting 1 folds for each of 17 candidates, totalling 17 fits
----------
iter: 2
n_candidates: 6
n_resources: 180
Fitting 1 folds for each of 6 candidates, totalling 6 fits
----------
iter: 3
n_candidates: 2
n_resources: 540
Fitting 1 folds for each of 2 candidates, totalling 2 fits
      -> [RandomForest + Jittering Set 3] Acc: 0.9156, F1: 0.9154, Time: 55.75s
n_iterations: 4
n_required_iterations: 4
n_possible_iterations: 8
min_resources_: 20
max_resources_: 120000
aggressive_elimination: False
factor: 3
----------
iter: 0
n_candidates: 50
n_resources: 20
Fitting 1 folds for each of 50 candidates, totalling 50 fits
----------
iter: 1
n_candidates: 17
n_resources: 60
Fitting 1 folds for each of 17 candidates, totalling 17 fits
----------
iter: 2
n_candidates: 6
n_resources: 180
Fitting 1 folds for each of 6 candidates, totalling 6 fits
----------
iter: 3
n_candidates: 2
n_resources: 540
Fitting 1 folds for each of 2 candidates, totalling 2 fits
      -> [LinearSVC + Jittering Set 3] Acc: 0.6391, F1: 0.6127, Time: 4.24s
n_iterations: 4
n_required_iterations: 4
n_possible_iterations: 8
min_resources_: 20
max_resources_: 120000
aggressive_elimination: False
factor: 3
----------
iter: 0
n_candidates: 50
n_resources: 20
Fitting 1 folds for each of 50 candidates, totalling 50 fits
----------
iter: 1
n_candidates: 17
n_resources: 60
Fitting 1 folds for each of 17 candidates, totalling 17 fits
----------
iter: 2
n_candidates: 6
n_resources: 180
Fitting 1 folds for each of 6 candidates, totalling 6 fits
----------
iter: 3
n_candidates: 2
n_resources: 540
Fitting 1 folds for each of 2 candidates, totalling 2 fits
      -> [LogisticRegression + Jittering Set 3] Acc: 0.7527, F1: 0.7487, Time: 4.65s
      -> [RNN + Jittering Set 3] Acc: 0.7222, F1: 0.7130, Time: 810.24s
    [=== Generating 10x synthetic data with Jittering (Set 4, Params: {'sigma': 0.1}) ===]
n_iterations: 4
n_required_iterations: 4
n_possible_iterations: 8
min_resources_: 20
max_resources_: 120000
aggressive_elimination: False
factor: 3
----------
iter: 0
n_candidates: 50
n_resources: 20
Fitting 1 folds for each of 50 candidates, totalling 50 fits
----------
iter: 1
n_candidates: 17
n_resources: 60
Fitting 1 folds for each of 17 candidates, totalling 17 fits
----------
iter: 2
n_candidates: 6
n_resources: 180
Fitting 1 folds for each of 6 candidates, totalling 6 fits
----------
iter: 3
n_candidates: 2
n_resources: 540
Fitting 1 folds for each of 2 candidates, totalling 2 fits
      -> [KNN + Jittering Set 4] Acc: 0.8969, F1: 0.8965, Time: 0.41s
n_iterations: 4
n_required_iterations: 4
n_possible_iterations: 8
min_resources_: 20
max_resources_: 120000
aggressive_elimination: False
factor: 3
----------
iter: 0
n_candidates: 50
n_resources: 20
Fitting 1 folds for each of 50 candidates, totalling 50 fits
----------
iter: 1
n_candidates: 17
n_resources: 60
Fitting 1 folds for each of 17 candidates, totalling 17 fits
----------
iter: 2
n_candidates: 6
n_resources: 180
Fitting 1 folds for each of 6 candidates, totalling 6 fits
----------
iter: 3
n_candidates: 2
n_resources: 540
Fitting 1 folds for each of 2 candidates, totalling 2 fits
      -> [RandomForest + Jittering Set 4] Acc: 0.7457, F1: 0.7467, Time: 19.60s
n_iterations: 4
n_required_iterations: 4
n_possible_iterations: 8
min_resources_: 20
max_resources_: 120000
aggressive_elimination: False
factor: 3
----------
iter: 0
n_candidates: 50
n_resources: 20
Fitting 1 folds for each of 50 candidates, totalling 50 fits
----------
iter: 1
n_candidates: 17
n_resources: 60
Fitting 1 folds for each of 17 candidates, totalling 17 fits
----------
iter: 2
n_candidates: 6
n_resources: 180
Fitting 1 folds for each of 6 candidates, totalling 6 fits
----------
iter: 3
n_candidates: 2
n_resources: 540
Fitting 1 folds for each of 2 candidates, totalling 2 fits
      -> [LinearSVC + Jittering Set 4] Acc: 0.6502, F1: 0.6288, Time: 1.21s
n_iterations: 4
n_required_iterations: 4
n_possible_iterations: 8
min_resources_: 20
max_resources_: 120000
aggressive_elimination: False
factor: 3
----------
iter: 0
n_candidates: 50
n_resources: 20
Fitting 1 folds for each of 50 candidates, totalling 50 fits
----------
iter: 1
n_candidates: 17
n_resources: 60
Fitting 1 folds for each of 17 candidates, totalling 17 fits
----------
iter: 2
n_candidates: 6
n_resources: 180
Fitting 1 folds for each of 6 candidates, totalling 6 fits
----------
iter: 3
n_candidates: 2
n_resources: 540
Fitting 1 folds for each of 2 candidates, totalling 2 fits
      -> [LogisticRegression + Jittering Set 4] Acc: 0.6390, F1: 0.6176, Time: 1.16s
      -> [RNN + Jittering Set 4] Acc: 0.5889, F1: 0.5203, Time: 429.19s
    [=== Generating 10x synthetic data with Jittering (Set 5, Params: {'sigma': 0.15}) ===]
n_iterations: 4
n_required_iterations: 4
n_possible_iterations: 8
min_resources_: 20
max_resources_: 120000
aggressive_elimination: False
factor: 3
----------
iter: 0
n_candidates: 50
n_resources: 20
Fitting 1 folds for each of 50 candidates, totalling 50 fits
----------
iter: 1
n_candidates: 17
n_resources: 60
Fitting 1 folds for each of 17 candidates, totalling 17 fits
----------
iter: 2
n_candidates: 6
n_resources: 180
Fitting 1 folds for each of 6 candidates, totalling 6 fits
----------
iter: 3
n_candidates: 2
n_resources: 540
Fitting 1 folds for each of 2 candidates, totalling 2 fits
      -> [KNN + Jittering Set 5] Acc: 0.8899, F1: 0.8897, Time: 0.23s
n_iterations: 4
n_required_iterations: 4
n_possible_iterations: 8
min_resources_: 20
max_resources_: 120000
aggressive_elimination: False
factor: 3
----------
iter: 0
n_candidates: 50
n_resources: 20
Fitting 1 folds for each of 50 candidates, totalling 50 fits
----------
iter: 1
n_candidates: 17
n_resources: 60
Fitting 1 folds for each of 17 candidates, totalling 17 fits
----------
iter: 2
n_candidates: 6
n_resources: 180
Fitting 1 folds for each of 6 candidates, totalling 6 fits
----------
iter: 3
n_candidates: 2
n_resources: 540
Fitting 1 folds for each of 2 candidates, totalling 2 fits
      -> [RandomForest + Jittering Set 5] Acc: 0.8849, F1: 0.8847, Time: 60.24s
n_iterations: 4
n_required_iterations: 4
n_possible_iterations: 8
min_resources_: 20
max_resources_: 120000
aggressive_elimination: False
factor: 3
----------
iter: 0
n_candidates: 50
n_resources: 20
Fitting 1 folds for each of 50 candidates, totalling 50 fits
----------
iter: 1
n_candidates: 17
n_resources: 60
Fitting 1 folds for each of 17 candidates, totalling 17 fits
----------
iter: 2
n_candidates: 6
n_resources: 180
Fitting 1 folds for each of 6 candidates, totalling 6 fits
----------
iter: 3
n_candidates: 2
n_resources: 540
Fitting 1 folds for each of 2 candidates, totalling 2 fits
      -> [LinearSVC + Jittering Set 5] Acc: 0.6102, F1: 0.5847, Time: 4.29s
n_iterations: 4
n_required_iterations: 4
n_possible_iterations: 8
min_resources_: 20
max_resources_: 120000
aggressive_elimination: False
factor: 3
----------
iter: 0
n_candidates: 50
n_resources: 20
Fitting 1 folds for each of 50 candidates, totalling 50 fits
----------
iter: 1
n_candidates: 17
n_resources: 60
Fitting 1 folds for each of 17 candidates, totalling 17 fits
----------
iter: 2
n_candidates: 6
n_resources: 180
Fitting 1 folds for each of 6 candidates, totalling 6 fits
----------
iter: 3
n_candidates: 2
n_resources: 540
Fitting 1 folds for each of 2 candidates, totalling 2 fits
      -> [LogisticRegression + Jittering Set 5] Acc: 0.6766, F1: 0.6693, Time: 1.29s
      -> [RNN + Jittering Set 5] Acc: 0.6778, F1: 0.6428, Time: 770.79s

    >> Seed Fold Selection: 2/10
    Evaluating Model: KNN
      -> [Baseline] Acc: 0.9220, F1: 0.9218, Time: 0.47s
      HP Tuning KNN...
n_iterations: 4
n_required_iterations: 4
n_possible_iterations: 5
min_resources_: 100
max_resources_: 20000
aggressive_elimination: False
factor: 3
----------
iter: 0
n_candidates: 50
n_resources: 100
Fitting 5 folds for each of 50 candidates, totalling 250 fits
----------
iter: 1
n_candidates: 17
n_resources: 300
Fitting 5 folds for each of 17 candidates, totalling 85 fits
----------
iter: 2
n_candidates: 6
n_resources: 900
Fitting 5 folds for each of 6 candidates, totalling 30 fits
----------
iter: 3
n_candidates: 2
n_resources: 2700
Fitting 5 folds for each of 2 candidates, totalling 10 fits
      -> [Tuned_Baseline] Acc: 0.9276, F1: 0.9274, Time: 0.27s
    Evaluating Model: RandomForest
      -> [Baseline] Acc: 0.9027, F1: 0.9025, Time: 5.26s
      HP Tuning RandomForest...
n_iterations: 4
n_required_iterations: 4
n_possible_iterations: 5
min_resources_: 100
max_resources_: 20000
aggressive_elimination: False
factor: 3
----------
iter: 0
n_candidates: 50
n_resources: 100
Fitting 5 folds for each of 50 candidates, totalling 250 fits
----------
iter: 1
n_candidates: 17
n_resources: 300
Fitting 5 folds for each of 17 candidates, totalling 85 fits
----------
iter: 2
n_candidates: 6
n_resources: 900
Fitting 5 folds for each of 6 candidates, totalling 30 fits
----------
iter: 3
n_candidates: 2
n_resources: 2700
Fitting 5 folds for each of 2 candidates, totalling 10 fits
      -> [Tuned_Baseline] Acc: 0.9023, F1: 0.9022, Time: 0.13s
    Evaluating Model: LinearSVC
      -> [Baseline] Acc: 0.6824, F1: 0.6607, Time: 0.14s
      HP Tuning LinearSVC...
n_iterations: 4
n_required_iterations: 4
n_possible_iterations: 5
min_resources_: 100
max_resources_: 20000
aggressive_elimination: False
factor: 3
----------
iter: 0
n_candidates: 50
n_resources: 100
Fitting 5 folds for each of 50 candidates, totalling 250 fits
----------
iter: 1
n_candidates: 17
n_resources: 300
Fitting 5 folds for each of 17 candidates, totalling 85 fits
----------
iter: 2
n_candidates: 6
n_resources: 900
Fitting 5 folds for each of 6 candidates, totalling 30 fits
----------
iter: 3
n_candidates: 2
n_resources: 2700
Fitting 5 folds for each of 2 candidates, totalling 10 fits
      -> [Tuned_Baseline] Acc: 0.6880, F1: 0.6671, Time: 0.00s
    Evaluating Model: LogisticRegression
      -> [Baseline] Acc: 0.7176, F1: 0.7097, Time: 1.66s
      HP Tuning LogisticRegression...
n_iterations: 4
n_required_iterations: 4
n_possible_iterations: 5
min_resources_: 100
max_resources_: 20000
aggressive_elimination: False
factor: 3
----------
iter: 0
n_candidates: 50
n_resources: 100
Fitting 5 folds for each of 50 candidates, totalling 250 fits
----------
iter: 1
n_candidates: 17
n_resources: 300
Fitting 5 folds for each of 17 candidates, totalling 85 fits
----------
iter: 2
n_candidates: 6
n_resources: 900
Fitting 5 folds for each of 6 candidates, totalling 30 fits
----------
iter: 3
n_candidates: 2
n_resources: 2700
Fitting 5 folds for each of 2 candidates, totalling 10 fits
      -> [Tuned_Baseline] Acc: 0.7306, F1: 0.7240, Time: 0.00s
    Evaluating Model: RNN
      -> [Baseline] Acc: 0.3333, F1: 0.2205, Time: 5.59s
      HP Tuning RNN...
n_iterations: 2
n_required_iterations: 2
n_possible_iterations: 3
min_resources_: 10
max_resources_: 200
aggressive_elimination: False
factor: 3
----------
iter: 0
n_candidates: 4
n_resources: 10
Fitting 5 folds for each of 4 candidates, totalling 20 fits
----------
iter: 1
n_candidates: 2
n_resources: 30
Fitting 5 folds for each of 2 candidates, totalling 10 fits
      -> [Tuned_Baseline] Acc: 0.3778, F1: 0.2205, Time: 1.34s
    [=== Generating 2x synthetic data with Jittering (Set 1, Params: {'sigma': 0.01}) ===]
n_iterations: 4
n_required_iterations: 4
n_possible_iterations: 8
min_resources_: 20
max_resources_: 60000
aggressive_elimination: False
factor: 3
----------
iter: 0
n_candidates: 50
n_resources: 20
Fitting 1 folds for each of 50 candidates, totalling 50 fits
----------
iter: 1
n_candidates: 17
n_resources: 60
Fitting 1 folds for each of 17 candidates, totalling 17 fits
----------
iter: 2
n_candidates: 6
n_resources: 180
Fitting 1 folds for each of 6 candidates, totalling 6 fits
----------
iter: 3
n_candidates: 2
n_resources: 540
Fitting 1 folds for each of 2 candidates, totalling 2 fits
      -> [KNN + Jittering Set 1] Acc: 0.9251, F1: 0.9248, Time: 0.11s
n_iterations: 4
n_required_iterations: 4
n_possible_iterations: 8
min_resources_: 20
max_resources_: 60000
aggressive_elimination: False
factor: 3
----------
iter: 0
n_candidates: 50
n_resources: 20
Fitting 1 folds for each of 50 candidates, totalling 50 fits
----------
iter: 1
n_candidates: 17
n_resources: 60
Fitting 1 folds for each of 17 candidates, totalling 17 fits
----------
iter: 2
n_candidates: 6
n_resources: 180
Fitting 1 folds for each of 6 candidates, totalling 6 fits
----------
iter: 3
n_candidates: 2
n_resources: 540
Fitting 1 folds for each of 2 candidates, totalling 2 fits
      -> [RandomForest + Jittering Set 1] Acc: 0.9094, F1: 0.9092, Time: 12.23s
n_iterations: 4
n_required_iterations: 4
n_possible_iterations: 8
min_resources_: 20
max_resources_: 60000
aggressive_elimination: False
factor: 3
----------
iter: 0
n_candidates: 50
n_resources: 20
Fitting 1 folds for each of 50 candidates, totalling 50 fits
----------
iter: 1
n_candidates: 17
n_resources: 60
Fitting 1 folds for each of 17 candidates, totalling 17 fits
----------
iter: 2
n_candidates: 6
n_resources: 180
Fitting 1 folds for each of 6 candidates, totalling 6 fits
----------
iter: 3
n_candidates: 2
n_resources: 540
Fitting 1 folds for each of 2 candidates, totalling 2 fits
      -> [LinearSVC + Jittering Set 1] Acc: 0.6158, F1: 0.5827, Time: 0.95s
n_iterations: 4
n_required_iterations: 4
n_possible_iterations: 8
min_resources_: 20
max_resources_: 60000
aggressive_elimination: False
factor: 3
----------
iter: 0
n_candidates: 50
n_resources: 20
Fitting 1 folds for each of 50 candidates, totalling 50 fits
----------
iter: 1
n_candidates: 17
n_resources: 60
Fitting 1 folds for each of 17 candidates, totalling 17 fits
----------
iter: 2
n_candidates: 6
n_resources: 180
Fitting 1 folds for each of 6 candidates, totalling 6 fits
----------
iter: 3
n_candidates: 2
n_resources: 540
Fitting 1 folds for each of 2 candidates, totalling 2 fits
      -> [LogisticRegression + Jittering Set 1] Acc: 0.7311, F1: 0.7245, Time: 1.84s
      -> [RNN + Jittering Set 1] Acc: 0.5111, F1: 0.4105, Time: 146.20s
    [=== Generating 2x synthetic data with Jittering (Set 2, Params: {'sigma': 0.03}) ===]
n_iterations: 4
n_required_iterations: 4
n_possible_iterations: 8
min_resources_: 20
max_resources_: 60000
aggressive_elimination: False
factor: 3
----------
iter: 0
n_candidates: 50
n_resources: 20
Fitting 1 folds for each of 50 candidates, totalling 50 fits
----------
iter: 1
n_candidates: 17
n_resources: 60
Fitting 1 folds for each of 17 candidates, totalling 17 fits
----------
iter: 2
n_candidates: 6
n_resources: 180
Fitting 1 folds for each of 6 candidates, totalling 6 fits
----------
iter: 3
n_candidates: 2
n_resources: 540
Fitting 1 folds for each of 2 candidates, totalling 2 fits
      -> [KNN + Jittering Set 2] Acc: 0.9234, F1: 0.9231, Time: 0.12s
n_iterations: 4
n_required_iterations: 4
n_possible_iterations: 8
min_resources_: 20
max_resources_: 60000
aggressive_elimination: False
factor: 3
----------
iter: 0
n_candidates: 50
n_resources: 20
Fitting 1 folds for each of 50 candidates, totalling 50 fits
----------
iter: 1
n_candidates: 17
n_resources: 60
Fitting 1 folds for each of 17 candidates, totalling 17 fits
----------
iter: 2
n_candidates: 6
n_resources: 180
Fitting 1 folds for each of 6 candidates, totalling 6 fits
----------
iter: 3
n_candidates: 2
n_resources: 540
Fitting 1 folds for each of 2 candidates, totalling 2 fits
      -> [RandomForest + Jittering Set 2] Acc: 0.9140, F1: 0.9137, Time: 6.35s
n_iterations: 4
n_required_iterations: 4
n_possible_iterations: 8
min_resources_: 20
max_resources_: 60000
aggressive_elimination: False
factor: 3
----------
iter: 0
n_candidates: 50
n_resources: 20
Fitting 1 folds for each of 50 candidates, totalling 50 fits
----------
iter: 1
n_candidates: 17
n_resources: 60
Fitting 1 folds for each of 17 candidates, totalling 17 fits
----------
iter: 2
n_candidates: 6
n_resources: 180
Fitting 1 folds for each of 6 candidates, totalling 6 fits
----------
iter: 3
n_candidates: 2
n_resources: 540
Fitting 1 folds for each of 2 candidates, totalling 2 fits
      -> [LinearSVC + Jittering Set 2] Acc: 0.6167, F1: 0.5841, Time: 0.97s
n_iterations: 4
n_required_iterations: 4
n_possible_iterations: 8
min_resources_: 20
max_resources_: 60000
aggressive_elimination: False
factor: 3
----------
iter: 0
n_candidates: 50
n_resources: 20
Fitting 1 folds for each of 50 candidates, totalling 50 fits
----------
iter: 1
n_candidates: 17
n_resources: 60
Fitting 1 folds for each of 17 candidates, totalling 17 fits
----------
iter: 2
n_candidates: 6
n_resources: 180
Fitting 1 folds for each of 6 candidates, totalling 6 fits
----------
iter: 3
n_candidates: 2
n_resources: 540
Fitting 1 folds for each of 2 candidates, totalling 2 fits
      -> [LogisticRegression + Jittering Set 2] Acc: 0.7301, F1: 0.7237, Time: 1.57s
      -> [RNN + Jittering Set 2] Acc: 0.4000, F1: 0.2707, Time: 145.65s
    [=== Generating 2x synthetic data with Jittering (Set 3, Params: {'sigma': 0.05}) ===]
n_iterations: 4
n_required_iterations: 4
n_possible_iterations: 8
min_resources_: 20
max_resources_: 60000
aggressive_elimination: False
factor: 3
----------
iter: 0
n_candidates: 50
n_resources: 20
Fitting 1 folds for each of 50 candidates, totalling 50 fits
----------
iter: 1
n_candidates: 17
n_resources: 60
Fitting 1 folds for each of 17 candidates, totalling 17 fits
----------
iter: 2
n_candidates: 6
n_resources: 180
Fitting 1 folds for each of 6 candidates, totalling 6 fits
----------
iter: 3
n_candidates: 2
n_resources: 540
Fitting 1 folds for each of 2 candidates, totalling 2 fits
      -> [KNN + Jittering Set 3] Acc: 0.9204, F1: 0.9201, Time: 0.12s
n_iterations: 4
n_required_iterations: 4
n_possible_iterations: 8
min_resources_: 20
max_resources_: 60000
aggressive_elimination: False
factor: 3
----------
iter: 0
n_candidates: 50
n_resources: 20
Fitting 1 folds for each of 50 candidates, totalling 50 fits
----------
iter: 1
n_candidates: 17
n_resources: 60
Fitting 1 folds for each of 17 candidates, totalling 17 fits
----------
iter: 2
n_candidates: 6
n_resources: 180
Fitting 1 folds for each of 6 candidates, totalling 6 fits
----------
iter: 3
n_candidates: 2
n_resources: 540
Fitting 1 folds for each of 2 candidates, totalling 2 fits
      -> [RandomForest + Jittering Set 3] Acc: 0.7832, F1: 0.7848, Time: 13.80s
n_iterations: 4
n_required_iterations: 4
n_possible_iterations: 8
min_resources_: 20
max_resources_: 60000
aggressive_elimination: False
factor: 3
----------
iter: 0
n_candidates: 50
n_resources: 20
Fitting 1 folds for each of 50 candidates, totalling 50 fits
----------
iter: 1
n_candidates: 17
n_resources: 60
Fitting 1 folds for each of 17 candidates, totalling 17 fits
----------
iter: 2
n_candidates: 6
n_resources: 180
Fitting 1 folds for each of 6 candidates, totalling 6 fits
----------
iter: 3
n_candidates: 2
n_resources: 540
Fitting 1 folds for each of 2 candidates, totalling 2 fits
      -> [LinearSVC + Jittering Set 3] Acc: 0.6177, F1: 0.5853, Time: 1.06s
n_iterations: 4
n_required_iterations: 4
n_possible_iterations: 8
min_resources_: 20
max_resources_: 60000
aggressive_elimination: False
factor: 3
----------
iter: 0
n_candidates: 50
n_resources: 20
Fitting 1 folds for each of 50 candidates, totalling 50 fits
----------
iter: 1
n_candidates: 17
n_resources: 60
Fitting 1 folds for each of 17 candidates, totalling 17 fits
----------
iter: 2
n_candidates: 6
n_resources: 180
Fitting 1 folds for each of 6 candidates, totalling 6 fits
----------
iter: 3
n_candidates: 2
n_resources: 540
Fitting 1 folds for each of 2 candidates, totalling 2 fits
      -> [LogisticRegression + Jittering Set 3] Acc: 0.7282, F1: 0.7212, Time: 0.77s
      -> [RNN + Jittering Set 3] Acc: 0.4889, F1: 0.4075, Time: 158.41s
    [=== Generating 2x synthetic data with Jittering (Set 4, Params: {'sigma': 0.1}) ===]
n_iterations: 4
n_required_iterations: 4
n_possible_iterations: 8
min_resources_: 20
max_resources_: 60000
aggressive_elimination: False
factor: 3
----------
iter: 0
n_candidates: 50
n_resources: 20
Fitting 1 folds for each of 50 candidates, totalling 50 fits
----------
iter: 1
n_candidates: 17
n_resources: 60
Fitting 1 folds for each of 17 candidates, totalling 17 fits
----------
iter: 2
n_candidates: 6
n_resources: 180
Fitting 1 folds for each of 6 candidates, totalling 6 fits
----------
iter: 3
n_candidates: 2
n_resources: 540
Fitting 1 folds for each of 2 candidates, totalling 2 fits
      -> [KNN + Jittering Set 4] Acc: 0.9190, F1: 0.9188, Time: 0.13s
n_iterations: 4
n_required_iterations: 4
n_possible_iterations: 8
min_resources_: 20
max_resources_: 60000
aggressive_elimination: False
factor: 3
----------
iter: 0
n_candidates: 50
n_resources: 20
Fitting 1 folds for each of 50 candidates, totalling 50 fits
----------
iter: 1
n_candidates: 17
n_resources: 60
Fitting 1 folds for each of 17 candidates, totalling 17 fits
----------
iter: 2
n_candidates: 6
n_resources: 180
Fitting 1 folds for each of 6 candidates, totalling 6 fits
----------
iter: 3
n_candidates: 2
n_resources: 540
Fitting 1 folds for each of 2 candidates, totalling 2 fits
      -> [RandomForest + Jittering Set 4] Acc: 0.9096, F1: 0.9092, Time: 13.67s
n_iterations: 4
n_required_iterations: 4
n_possible_iterations: 8
min_resources_: 20
max_resources_: 60000
aggressive_elimination: False
factor: 3
----------
iter: 0
n_candidates: 50
n_resources: 20
Fitting 1 folds for each of 50 candidates, totalling 50 fits
----------
iter: 1
n_candidates: 17
n_resources: 60
Fitting 1 folds for each of 17 candidates, totalling 17 fits
----------
iter: 2
n_candidates: 6
n_resources: 180
Fitting 1 folds for each of 6 candidates, totalling 6 fits
----------
iter: 3
n_candidates: 2
n_resources: 540
Fitting 1 folds for each of 2 candidates, totalling 2 fits
      -> [LinearSVC + Jittering Set 4] Acc: 0.6188, F1: 0.5870, Time: 1.11s
n_iterations: 4
n_required_iterations: 4
n_possible_iterations: 8
min_resources_: 20
max_resources_: 60000
aggressive_elimination: False
factor: 3
----------
iter: 0
n_candidates: 50
n_resources: 20
Fitting 1 folds for each of 50 candidates, totalling 50 fits
----------
iter: 1
n_candidates: 17
n_resources: 60
Fitting 1 folds for each of 17 candidates, totalling 17 fits
----------
iter: 2
n_candidates: 6
n_resources: 180
Fitting 1 folds for each of 6 candidates, totalling 6 fits
----------
iter: 3
n_candidates: 2
n_resources: 540
Fitting 1 folds for each of 2 candidates, totalling 2 fits
      -> [LogisticRegression + Jittering Set 4] Acc: 0.7136, F1: 0.7073, Time: 0.45s
      -> [RNN + Jittering Set 4] Acc: 0.5111, F1: 0.4033, Time: 161.16s
    [=== Generating 2x synthetic data with Jittering (Set 5, Params: {'sigma': 0.15}) ===]
n_iterations: 4
n_required_iterations: 4
n_possible_iterations: 8
min_resources_: 20
max_resources_: 60000
aggressive_elimination: False
factor: 3
----------
iter: 0
n_candidates: 50
n_resources: 20
Fitting 1 folds for each of 50 candidates, totalling 50 fits
----------
iter: 1
n_candidates: 17
n_resources: 60
Fitting 1 folds for each of 17 candidates, totalling 17 fits
----------
iter: 2
n_candidates: 6
n_resources: 180
Fitting 1 folds for each of 6 candidates, totalling 6 fits
----------
iter: 3
n_candidates: 2
n_resources: 540
Fitting 1 folds for each of 2 candidates, totalling 2 fits
      -> [KNN + Jittering Set 5] Acc: 0.9167, F1: 0.9166, Time: 0.67s
n_iterations: 4
n_required_iterations: 4
n_possible_iterations: 8
min_resources_: 20
max_resources_: 60000
aggressive_elimination: False
factor: 3
----------
iter: 0
n_candidates: 50
n_resources: 20
Fitting 1 folds for each of 50 candidates, totalling 50 fits
----------
iter: 1
n_candidates: 17
n_resources: 60
Fitting 1 folds for each of 17 candidates, totalling 17 fits
----------
iter: 2
n_candidates: 6
n_resources: 180
Fitting 1 folds for each of 6 candidates, totalling 6 fits
----------
iter: 3
n_candidates: 2
n_resources: 540
Fitting 1 folds for each of 2 candidates, totalling 2 fits
      -> [RandomForest + Jittering Set 5] Acc: 0.7742, F1: 0.7757, Time: 4.60s
n_iterations: 4
n_required_iterations: 4
n_possible_iterations: 8
min_resources_: 20
max_resources_: 60000
aggressive_elimination: False
factor: 3
----------
iter: 0
n_candidates: 50
n_resources: 20
Fitting 1 folds for each of 50 candidates, totalling 50 fits
----------
iter: 1
n_candidates: 17
n_resources: 60
Fitting 1 folds for each of 17 candidates, totalling 17 fits
----------
iter: 2
n_candidates: 6
n_resources: 180
Fitting 1 folds for each of 6 candidates, totalling 6 fits
----------
iter: 3
n_candidates: 2
n_resources: 540
Fitting 1 folds for each of 2 candidates, totalling 2 fits
      -> [LinearSVC + Jittering Set 5] Acc: 0.6139, F1: 0.5831, Time: 1.18s
n_iterations: 4
n_required_iterations: 4
n_possible_iterations: 8
min_resources_: 20
max_resources_: 60000
aggressive_elimination: False
factor: 3
----------
iter: 0
n_candidates: 50
n_resources: 20
Fitting 1 folds for each of 50 candidates, totalling 50 fits
----------
iter: 1
n_candidates: 17
n_resources: 60
Fitting 1 folds for each of 17 candidates, totalling 17 fits
----------
iter: 2
n_candidates: 6
n_resources: 180
Fitting 1 folds for each of 6 candidates, totalling 6 fits
----------
iter: 3
n_candidates: 2
n_resources: 540
Fitting 1 folds for each of 2 candidates, totalling 2 fits
      -> [LogisticRegression + Jittering Set 5] Acc: 0.6987, F1: 0.6939, Time: 0.54s
      -> [RNN + Jittering Set 5] Acc: 0.5000, F1: 0.4161, Time: 151.44s
    [=== Generating 3x synthetic data with Jittering (Set 1, Params: {'sigma': 0.01}) ===]
n_iterations: 4
n_required_iterations: 4
n_possible_iterations: 8
min_resources_: 20
max_resources_: 80000
aggressive_elimination: False
factor: 3
----------
iter: 0
n_candidates: 50
n_resources: 20
Fitting 1 folds for each of 50 candidates, totalling 50 fits
----------
iter: 1
n_candidates: 17
n_resources: 60
Fitting 1 folds for each of 17 candidates, totalling 17 fits
----------
iter: 2
n_candidates: 6
n_resources: 180
Fitting 1 folds for each of 6 candidates, totalling 6 fits
----------
iter: 3
n_candidates: 2
n_resources: 540
Fitting 1 folds for each of 2 candidates, totalling 2 fits
      -> [KNN + Jittering Set 1] Acc: 0.9269, F1: 0.9267, Time: 0.67s
n_iterations: 4
n_required_iterations: 4
n_possible_iterations: 8
min_resources_: 20
max_resources_: 80000
aggressive_elimination: False
factor: 3
----------
iter: 0
n_candidates: 50
n_resources: 20
Fitting 1 folds for each of 50 candidates, totalling 50 fits
----------
iter: 1
n_candidates: 17
n_resources: 60
Fitting 1 folds for each of 17 candidates, totalling 17 fits
----------
iter: 2
n_candidates: 6
n_resources: 180
Fitting 1 folds for each of 6 candidates, totalling 6 fits
----------
iter: 3
n_candidates: 2
n_resources: 540
Fitting 1 folds for each of 2 candidates, totalling 2 fits
      -> [RandomForest + Jittering Set 1] Acc: 0.9118, F1: 0.9115, Time: 18.50s
n_iterations: 4
n_required_iterations: 4
n_possible_iterations: 8
min_resources_: 20
max_resources_: 80000
aggressive_elimination: False
factor: 3
----------
iter: 0
n_candidates: 50
n_resources: 20
Fitting 1 folds for each of 50 candidates, totalling 50 fits
----------
iter: 1
n_candidates: 17
n_resources: 60
Fitting 1 folds for each of 17 candidates, totalling 17 fits
----------
iter: 2
n_candidates: 6
n_resources: 180
Fitting 1 folds for each of 6 candidates, totalling 6 fits
----------
iter: 3
n_candidates: 2
n_resources: 540
Fitting 1 folds for each of 2 candidates, totalling 2 fits
      -> [LinearSVC + Jittering Set 1] Acc: 0.6158, F1: 0.5829, Time: 1.51s
n_iterations: 4
n_required_iterations: 4
n_possible_iterations: 8
min_resources_: 20
max_resources_: 80000
aggressive_elimination: False
factor: 3
----------
iter: 0
n_candidates: 50
n_resources: 20
Fitting 1 folds for each of 50 candidates, totalling 50 fits
----------
iter: 1
n_candidates: 17
n_resources: 60
Fitting 1 folds for each of 17 candidates, totalling 17 fits
----------
iter: 2
n_candidates: 6
n_resources: 180
Fitting 1 folds for each of 6 candidates, totalling 6 fits
----------
iter: 3
n_candidates: 2
n_resources: 540
Fitting 1 folds for each of 2 candidates, totalling 2 fits
      -> [LogisticRegression + Jittering Set 1] Acc: 0.6418, F1: 0.6189, Time: 0.56s
      -> [RNN + Jittering Set 1] Acc: 0.5111, F1: 0.4423, Time: 238.76s
    [=== Generating 3x synthetic data with Jittering (Set 2, Params: {'sigma': 0.03}) ===]
n_iterations: 4
n_required_iterations: 4
n_possible_iterations: 8
min_resources_: 20
max_resources_: 80000
aggressive_elimination: False
factor: 3
----------
iter: 0
n_candidates: 50
n_resources: 20
Fitting 1 folds for each of 50 candidates, totalling 50 fits
----------
iter: 1
n_candidates: 17
n_resources: 60
Fitting 1 folds for each of 17 candidates, totalling 17 fits
----------
iter: 2
n_candidates: 6
n_resources: 180
Fitting 1 folds for each of 6 candidates, totalling 6 fits
----------
iter: 3
n_candidates: 2
n_resources: 540
Fitting 1 folds for each of 2 candidates, totalling 2 fits
      -> [KNN + Jittering Set 2] Acc: 0.9264, F1: 0.9262, Time: 0.15s
n_iterations: 4
n_required_iterations: 4
n_possible_iterations: 8
min_resources_: 20
max_resources_: 80000
aggressive_elimination: False
factor: 3
----------
iter: 0
n_candidates: 50
n_resources: 20
Fitting 1 folds for each of 50 candidates, totalling 50 fits
----------
iter: 1
n_candidates: 17
n_resources: 60
Fitting 1 folds for each of 17 candidates, totalling 17 fits
----------
iter: 2
n_candidates: 6
n_resources: 180
Fitting 1 folds for each of 6 candidates, totalling 6 fits
----------
iter: 3
n_candidates: 2
n_resources: 540
Fitting 1 folds for each of 2 candidates, totalling 2 fits
      -> [RandomForest + Jittering Set 2] Acc: 0.9114, F1: 0.9111, Time: 19.19s
n_iterations: 4
n_required_iterations: 4
n_possible_iterations: 8
min_resources_: 20
max_resources_: 80000
aggressive_elimination: False
factor: 3
----------
iter: 0
n_candidates: 50
n_resources: 20
Fitting 1 folds for each of 50 candidates, totalling 50 fits
----------
iter: 1
n_candidates: 17
n_resources: 60
Fitting 1 folds for each of 17 candidates, totalling 17 fits
----------
iter: 2
n_candidates: 6
n_resources: 180
Fitting 1 folds for each of 6 candidates, totalling 6 fits
----------
iter: 3
n_candidates: 2
n_resources: 540
Fitting 1 folds for each of 2 candidates, totalling 2 fits
      -> [LinearSVC + Jittering Set 2] Acc: 0.6807, F1: 0.6588, Time: 0.44s
n_iterations: 4
n_required_iterations: 4
n_possible_iterations: 8
min_resources_: 20
max_resources_: 80000
aggressive_elimination: False
factor: 3
----------
iter: 0
n_candidates: 50
n_resources: 20
Fitting 1 folds for each of 50 candidates, totalling 50 fits
----------
iter: 1
n_candidates: 17
n_resources: 60
Fitting 1 folds for each of 17 candidates, totalling 17 fits
----------
iter: 2
n_candidates: 6
n_resources: 180
Fitting 1 folds for each of 6 candidates, totalling 6 fits
----------
iter: 3
n_candidates: 2
n_resources: 540
Fitting 1 folds for each of 2 candidates, totalling 2 fits
      -> [LogisticRegression + Jittering Set 2] Acc: 0.6370, F1: 0.6132, Time: 0.55s
      -> [RNN + Jittering Set 2] Acc: 0.6778, F1: 0.6440, Time: 245.83s
    [=== Generating 3x synthetic data with Jittering (Set 3, Params: {'sigma': 0.05}) ===]
n_iterations: 4
n_required_iterations: 4
n_possible_iterations: 8
min_resources_: 20
max_resources_: 80000
aggressive_elimination: False
factor: 3
----------
iter: 0
n_candidates: 50
n_resources: 20
Fitting 1 folds for each of 50 candidates, totalling 50 fits
----------
iter: 1
n_candidates: 17
n_resources: 60
Fitting 1 folds for each of 17 candidates, totalling 17 fits
----------
iter: 2
n_candidates: 6
n_resources: 180
Fitting 1 folds for each of 6 candidates, totalling 6 fits
----------
iter: 3
n_candidates: 2
n_resources: 540
Fitting 1 folds for each of 2 candidates, totalling 2 fits
      -> [KNN + Jittering Set 3] Acc: 0.9226, F1: 0.9222, Time: 0.64s
n_iterations: 4
n_required_iterations: 4
n_possible_iterations: 8
min_resources_: 20
max_resources_: 80000
aggressive_elimination: False
factor: 3
----------
iter: 0
n_candidates: 50
n_resources: 20
Fitting 1 folds for each of 50 candidates, totalling 50 fits
----------
iter: 1
n_candidates: 17
n_resources: 60
Fitting 1 folds for each of 17 candidates, totalling 17 fits
----------
iter: 2
n_candidates: 6
n_resources: 180
Fitting 1 folds for each of 6 candidates, totalling 6 fits
----------
iter: 3
n_candidates: 2
n_resources: 540
Fitting 1 folds for each of 2 candidates, totalling 2 fits
      -> [RandomForest + Jittering Set 3] Acc: 0.9140, F1: 0.9136, Time: 31.00s
n_iterations: 4
n_required_iterations: 4
n_possible_iterations: 8
min_resources_: 20
max_resources_: 80000
aggressive_elimination: False
factor: 3
----------
iter: 0
n_candidates: 50
n_resources: 20
Fitting 1 folds for each of 50 candidates, totalling 50 fits
----------
iter: 1
n_candidates: 17
n_resources: 60
Fitting 1 folds for each of 17 candidates, totalling 17 fits
----------
iter: 2
n_candidates: 6
n_resources: 180
Fitting 1 folds for each of 6 candidates, totalling 6 fits
----------
iter: 3
n_candidates: 2
n_resources: 540
Fitting 1 folds for each of 2 candidates, totalling 2 fits
      -> [LinearSVC + Jittering Set 3] Acc: 0.6176, F1: 0.5853, Time: 1.67s
n_iterations: 4
n_required_iterations: 4
n_possible_iterations: 8
min_resources_: 20
max_resources_: 80000
aggressive_elimination: False
factor: 3
----------
iter: 0
n_candidates: 50
n_resources: 20
Fitting 1 folds for each of 50 candidates, totalling 50 fits
----------
iter: 1
n_candidates: 17
n_resources: 60
Fitting 1 folds for each of 17 candidates, totalling 17 fits
----------
iter: 2
n_candidates: 6
n_resources: 180
Fitting 1 folds for each of 6 candidates, totalling 6 fits
----------
iter: 3
n_candidates: 2
n_resources: 540
Fitting 1 folds for each of 2 candidates, totalling 2 fits
      -> [LogisticRegression + Jittering Set 3] Acc: 0.6339, F1: 0.6091, Time: 0.56s
      -> [RNN + Jittering Set 3] Acc: 0.5778, F1: 0.4973, Time: 236.28s
    [=== Generating 3x synthetic data with Jittering (Set 4, Params: {'sigma': 0.1}) ===]
n_iterations: 4
n_required_iterations: 4
n_possible_iterations: 8
min_resources_: 20
max_resources_: 80000
aggressive_elimination: False
factor: 3
----------
iter: 0
n_candidates: 50
n_resources: 20
Fitting 1 folds for each of 50 candidates, totalling 50 fits
----------
iter: 1
n_candidates: 17
n_resources: 60
Fitting 1 folds for each of 17 candidates, totalling 17 fits
----------
iter: 2
n_candidates: 6
n_resources: 180
Fitting 1 folds for each of 6 candidates, totalling 6 fits
----------
iter: 3
n_candidates: 2
n_resources: 540
Fitting 1 folds for each of 2 candidates, totalling 2 fits
      -> [KNN + Jittering Set 4] Acc: 0.9161, F1: 0.9158, Time: 0.91s
n_iterations: 4
n_required_iterations: 4
n_possible_iterations: 8
min_resources_: 20
max_resources_: 80000
aggressive_elimination: False
factor: 3
----------
iter: 0
n_candidates: 50
n_resources: 20
Fitting 1 folds for each of 50 candidates, totalling 50 fits
----------
iter: 1
n_candidates: 17
n_resources: 60
Fitting 1 folds for each of 17 candidates, totalling 17 fits
----------
iter: 2
n_candidates: 6
n_resources: 180
Fitting 1 folds for each of 6 candidates, totalling 6 fits
----------
iter: 3
n_candidates: 2
n_resources: 540
Fitting 1 folds for each of 2 candidates, totalling 2 fits
      -> [RandomForest + Jittering Set 4] Acc: 0.9029, F1: 0.9027, Time: 20.93s
n_iterations: 4
n_required_iterations: 4
n_possible_iterations: 8
min_resources_: 20
max_resources_: 80000
aggressive_elimination: False
factor: 3
----------
iter: 0
n_candidates: 50
n_resources: 20
Fitting 1 folds for each of 50 candidates, totalling 50 fits
----------
iter: 1
n_candidates: 17
n_resources: 60
Fitting 1 folds for each of 17 candidates, totalling 17 fits
----------
iter: 2
n_candidates: 6
n_resources: 180
Fitting 1 folds for each of 6 candidates, totalling 6 fits
----------
iter: 3
n_candidates: 2
n_resources: 540
Fitting 1 folds for each of 2 candidates, totalling 2 fits
      -> [LinearSVC + Jittering Set 4] Acc: 0.6179, F1: 0.5874, Time: 1.84s
n_iterations: 4
n_required_iterations: 4
n_possible_iterations: 8
min_resources_: 20
max_resources_: 80000
aggressive_elimination: False
factor: 3
----------
iter: 0
n_candidates: 50
n_resources: 20
Fitting 1 folds for each of 50 candidates, totalling 50 fits
----------
iter: 1
n_candidates: 17
n_resources: 60
Fitting 1 folds for each of 17 candidates, totalling 17 fits
----------
iter: 2
n_candidates: 6
n_resources: 180
Fitting 1 folds for each of 6 candidates, totalling 6 fits
----------
iter: 3
n_candidates: 2
n_resources: 540
Fitting 1 folds for each of 2 candidates, totalling 2 fits
      -> [LogisticRegression + Jittering Set 4] Acc: 0.7053, F1: 0.6991, Time: 0.81s
      -> [RNN + Jittering Set 4] Acc: 0.5000, F1: 0.4192, Time: 243.70s
    [=== Generating 3x synthetic data with Jittering (Set 5, Params: {'sigma': 0.15}) ===]
n_iterations: 4
n_required_iterations: 4
n_possible_iterations: 8
min_resources_: 20
max_resources_: 80000
aggressive_elimination: False
factor: 3
----------
iter: 0
n_candidates: 50
n_resources: 20
Fitting 1 folds for each of 50 candidates, totalling 50 fits
----------
iter: 1
n_candidates: 17
n_resources: 60
Fitting 1 folds for each of 17 candidates, totalling 17 fits
----------
iter: 2
n_candidates: 6
n_resources: 180
Fitting 1 folds for each of 6 candidates, totalling 6 fits
----------
iter: 3
n_candidates: 2
n_resources: 540
Fitting 1 folds for each of 2 candidates, totalling 2 fits
      -> [KNN + Jittering Set 5] Acc: 0.9120, F1: 0.9120, Time: 0.96s
n_iterations: 4
n_required_iterations: 4
n_possible_iterations: 8
min_resources_: 20
max_resources_: 80000
aggressive_elimination: False
factor: 3
----------
iter: 0
n_candidates: 50
n_resources: 20
Fitting 1 folds for each of 50 candidates, totalling 50 fits
----------
iter: 1
n_candidates: 17
n_resources: 60
Fitting 1 folds for each of 17 candidates, totalling 17 fits
----------
iter: 2
n_candidates: 6
n_resources: 180
Fitting 1 folds for each of 6 candidates, totalling 6 fits
----------
iter: 3
n_candidates: 2
n_resources: 540
Fitting 1 folds for each of 2 candidates, totalling 2 fits
      -> [RandomForest + Jittering Set 5] Acc: 0.8983, F1: 0.8982, Time: 30.97s
n_iterations: 4
n_required_iterations: 4
n_possible_iterations: 8
min_resources_: 20
max_resources_: 80000
aggressive_elimination: False
factor: 3
----------
iter: 0
n_candidates: 50
n_resources: 20
Fitting 1 folds for each of 50 candidates, totalling 50 fits
----------
iter: 1
n_candidates: 17
n_resources: 60
Fitting 1 folds for each of 17 candidates, totalling 17 fits
----------
iter: 2
n_candidates: 6
n_resources: 180
Fitting 1 folds for each of 6 candidates, totalling 6 fits
----------
iter: 3
n_candidates: 2
n_resources: 540
Fitting 1 folds for each of 2 candidates, totalling 2 fits
      -> [LinearSVC + Jittering Set 5] Acc: 0.6193, F1: 0.5898, Time: 0.35s
n_iterations: 4
n_required_iterations: 4
n_possible_iterations: 8
min_resources_: 20
max_resources_: 80000
aggressive_elimination: False
factor: 3
----------
iter: 0
n_candidates: 50
n_resources: 20
Fitting 1 folds for each of 50 candidates, totalling 50 fits
----------
iter: 1
n_candidates: 17
n_resources: 60
Fitting 1 folds for each of 17 candidates, totalling 17 fits
----------
iter: 2
n_candidates: 6
n_resources: 180
Fitting 1 folds for each of 6 candidates, totalling 6 fits
----------
iter: 3
n_candidates: 2
n_resources: 540
Fitting 1 folds for each of 2 candidates, totalling 2 fits
      -> [LogisticRegression + Jittering Set 5] Acc: 0.6926, F1: 0.6874, Time: 3.70s
      -> [RNN + Jittering Set 5] Acc: 0.5333, F1: 0.5009, Time: 6.84s
    [=== Generating 5x synthetic data with Jittering (Set 1, Params: {'sigma': 0.01}) ===]
n_iterations: 4
n_required_iterations: 4
n_possible_iterations: 8
min_resources_: 20
max_resources_: 120000
aggressive_elimination: False
factor: 3
----------
iter: 0
n_candidates: 50
n_resources: 20
Fitting 1 folds for each of 50 candidates, totalling 50 fits
----------
iter: 1
n_candidates: 17
n_resources: 60
Fitting 1 folds for each of 17 candidates, totalling 17 fits
----------
iter: 2
n_candidates: 6
n_resources: 180
Fitting 1 folds for each of 6 candidates, totalling 6 fits
----------
iter: 3
n_candidates: 2
n_resources: 540
Fitting 1 folds for each of 2 candidates, totalling 2 fits
      -> [KNN + Jittering Set 1] Acc: 0.9244, F1: 0.9241, Time: 0.21s
n_iterations: 4
n_required_iterations: 4
n_possible_iterations: 8
min_resources_: 20
max_resources_: 120000
aggressive_elimination: False
factor: 3
----------
iter: 0
n_candidates: 50
n_resources: 20
Fitting 1 folds for each of 50 candidates, totalling 50 fits
----------
iter: 1
n_candidates: 17
n_resources: 60
Fitting 1 folds for each of 17 candidates, totalling 17 fits
----------
iter: 2
n_candidates: 6
n_resources: 180
Fitting 1 folds for each of 6 candidates, totalling 6 fits
----------
iter: 3
n_candidates: 2
n_resources: 540
Fitting 1 folds for each of 2 candidates, totalling 2 fits
      -> [RandomForest + Jittering Set 1] Acc: 0.9120, F1: 0.9117, Time: 12.98s
n_iterations: 4
n_required_iterations: 4
n_possible_iterations: 8
min_resources_: 20
max_resources_: 120000
aggressive_elimination: False
factor: 3
----------
iter: 0
n_candidates: 50
n_resources: 20
Fitting 1 folds for each of 50 candidates, totalling 50 fits
----------
iter: 1
n_candidates: 17
n_resources: 60
Fitting 1 folds for each of 17 candidates, totalling 17 fits
----------
iter: 2
n_candidates: 6
n_resources: 180
Fitting 1 folds for each of 6 candidates, totalling 6 fits
----------
iter: 3
n_candidates: 2
n_resources: 540
Fitting 1 folds for each of 2 candidates, totalling 2 fits
      -> [LinearSVC + Jittering Set 1] Acc: 0.6872, F1: 0.6663, Time: 0.61s
n_iterations: 4
n_required_iterations: 4
n_possible_iterations: 8
min_resources_: 20
max_resources_: 120000
aggressive_elimination: False
factor: 3
----------
iter: 0
n_candidates: 50
n_resources: 20
Fitting 1 folds for each of 50 candidates, totalling 50 fits
----------
iter: 1
n_candidates: 17
n_resources: 60
Fitting 1 folds for each of 17 candidates, totalling 17 fits
----------
iter: 2
n_candidates: 6
n_resources: 180
Fitting 1 folds for each of 6 candidates, totalling 6 fits
----------
iter: 3
n_candidates: 2
n_resources: 540
Fitting 1 folds for each of 2 candidates, totalling 2 fits
      -> [LogisticRegression + Jittering Set 1] Acc: 0.7314, F1: 0.7248, Time: 6.67s
      -> [RNN + Jittering Set 1] Acc: 0.4111, F1: 0.2998, Time: 2.42s
    [=== Generating 5x synthetic data with Jittering (Set 2, Params: {'sigma': 0.03}) ===]
n_iterations: 4
n_required_iterations: 4
n_possible_iterations: 8
min_resources_: 20
max_resources_: 120000
aggressive_elimination: False
factor: 3
----------
iter: 0
n_candidates: 50
n_resources: 20
Fitting 1 folds for each of 50 candidates, totalling 50 fits
----------
iter: 1
n_candidates: 17
n_resources: 60
Fitting 1 folds for each of 17 candidates, totalling 17 fits
----------
iter: 2
n_candidates: 6
n_resources: 180
Fitting 1 folds for each of 6 candidates, totalling 6 fits
----------
iter: 3
n_candidates: 2
n_resources: 540
Fitting 1 folds for each of 2 candidates, totalling 2 fits
      -> [KNN + Jittering Set 2] Acc: 0.9263, F1: 0.9261, Time: 0.22s
n_iterations: 4
n_required_iterations: 4
n_possible_iterations: 8
min_resources_: 20
max_resources_: 120000
aggressive_elimination: False
factor: 3
----------
iter: 0
n_candidates: 50
n_resources: 20
Fitting 1 folds for each of 50 candidates, totalling 50 fits
----------
iter: 1
n_candidates: 17
n_resources: 60
Fitting 1 folds for each of 17 candidates, totalling 17 fits
----------
iter: 2
n_candidates: 6
n_resources: 180
Fitting 1 folds for each of 6 candidates, totalling 6 fits
----------
iter: 3
n_candidates: 2
n_resources: 540
Fitting 1 folds for each of 2 candidates, totalling 2 fits
      -> [RandomForest + Jittering Set 2] Acc: 0.9139, F1: 0.9133, Time: 15.30s
n_iterations: 4
n_required_iterations: 4
n_possible_iterations: 8
min_resources_: 20
max_resources_: 120000
aggressive_elimination: False
factor: 3
----------
iter: 0
n_candidates: 50
n_resources: 20
Fitting 1 folds for each of 50 candidates, totalling 50 fits
----------
iter: 1
n_candidates: 17
n_resources: 60
Fitting 1 folds for each of 17 candidates, totalling 17 fits
----------
iter: 2
n_candidates: 6
n_resources: 180
Fitting 1 folds for each of 6 candidates, totalling 6 fits
----------
iter: 3
n_candidates: 2
n_resources: 540
Fitting 1 folds for each of 2 candidates, totalling 2 fits
      -> [LinearSVC + Jittering Set 2] Acc: 0.6159, F1: 0.5831, Time: 2.69s
n_iterations: 4
n_required_iterations: 4
n_possible_iterations: 8
min_resources_: 20
max_resources_: 120000
aggressive_elimination: False
factor: 3
----------
iter: 0
n_candidates: 50
n_resources: 20
Fitting 1 folds for each of 50 candidates, totalling 50 fits
----------
iter: 1
n_candidates: 17
n_resources: 60
Fitting 1 folds for each of 17 candidates, totalling 17 fits
----------
iter: 2
n_candidates: 6
n_resources: 180
Fitting 1 folds for each of 6 candidates, totalling 6 fits
----------
iter: 3
n_candidates: 2
n_resources: 540
Fitting 1 folds for each of 2 candidates, totalling 2 fits
      -> [LogisticRegression + Jittering Set 2] Acc: 0.7291, F1: 0.7225, Time: 5.53s
      -> [RNN + Jittering Set 2] Acc: 0.6000, F1: 0.5449, Time: 406.87s
    [=== Generating 5x synthetic data with Jittering (Set 3, Params: {'sigma': 0.05}) ===]
n_iterations: 4
n_required_iterations: 4
n_possible_iterations: 8
min_resources_: 20
max_resources_: 120000
aggressive_elimination: False
factor: 3
----------
iter: 0
n_candidates: 50
n_resources: 20
Fitting 1 folds for each of 50 candidates, totalling 50 fits
----------
iter: 1
n_candidates: 17
n_resources: 60
Fitting 1 folds for each of 17 candidates, totalling 17 fits
----------
iter: 2
n_candidates: 6
n_resources: 180
Fitting 1 folds for each of 6 candidates, totalling 6 fits
----------
iter: 3
n_candidates: 2
n_resources: 540
Fitting 1 folds for each of 2 candidates, totalling 2 fits
      -> [KNN + Jittering Set 3] Acc: 0.9179, F1: 0.9176, Time: 0.57s
n_iterations: 4
n_required_iterations: 4
n_possible_iterations: 8
min_resources_: 20
max_resources_: 120000
aggressive_elimination: False
factor: 3
----------
iter: 0
n_candidates: 50
n_resources: 20
Fitting 1 folds for each of 50 candidates, totalling 50 fits
----------
iter: 1
n_candidates: 17
n_resources: 60
Fitting 1 folds for each of 17 candidates, totalling 17 fits
----------
iter: 2
n_candidates: 6
n_resources: 180
Fitting 1 folds for each of 6 candidates, totalling 6 fits
----------
iter: 3
n_candidates: 2
n_resources: 540
Fitting 1 folds for each of 2 candidates, totalling 2 fits
      -> [RandomForest + Jittering Set 3] Acc: 0.9171, F1: 0.9168, Time: 54.59s
n_iterations: 4
n_required_iterations: 4
n_possible_iterations: 8
min_resources_: 20
max_resources_: 120000
aggressive_elimination: False
factor: 3
----------
iter: 0
n_candidates: 50
n_resources: 20
Fitting 1 folds for each of 50 candidates, totalling 50 fits
----------
iter: 1
n_candidates: 17
n_resources: 60
Fitting 1 folds for each of 17 candidates, totalling 17 fits
----------
iter: 2
n_candidates: 6
n_resources: 180
Fitting 1 folds for each of 6 candidates, totalling 6 fits
----------
iter: 3
n_candidates: 2
n_resources: 540
Fitting 1 folds for each of 2 candidates, totalling 2 fits
      -> [LinearSVC + Jittering Set 3] Acc: 0.6172, F1: 0.5853, Time: 2.92s
n_iterations: 4
n_required_iterations: 4
n_possible_iterations: 8
min_resources_: 20
max_resources_: 120000
aggressive_elimination: False
factor: 3
----------
iter: 0
n_candidates: 50
n_resources: 20
Fitting 1 folds for each of 50 candidates, totalling 50 fits
----------
iter: 1
n_candidates: 17
n_resources: 60
Fitting 1 folds for each of 17 candidates, totalling 17 fits
----------
iter: 2
n_candidates: 6
n_resources: 180
Fitting 1 folds for each of 6 candidates, totalling 6 fits
----------
iter: 3
n_candidates: 2
n_resources: 540
Fitting 1 folds for each of 2 candidates, totalling 2 fits
      -> [LogisticRegression + Jittering Set 3] Acc: 0.7234, F1: 0.7164, Time: 1.11s
      -> [RNN + Jittering Set 3] Acc: 0.6222, F1: 0.5640, Time: 338.09s
    [=== Generating 5x synthetic data with Jittering (Set 4, Params: {'sigma': 0.1}) ===]
n_iterations: 4
n_required_iterations: 4
n_possible_iterations: 8
min_resources_: 20
max_resources_: 120000
aggressive_elimination: False
factor: 3
----------
iter: 0
n_candidates: 50
n_resources: 20
Fitting 1 folds for each of 50 candidates, totalling 50 fits
----------
iter: 1
n_candidates: 17
n_resources: 60
Fitting 1 folds for each of 17 candidates, totalling 17 fits
----------
iter: 2
n_candidates: 6
n_resources: 180
Fitting 1 folds for each of 6 candidates, totalling 6 fits
----------
iter: 3
n_candidates: 2
n_resources: 540
Fitting 1 folds for each of 2 candidates, totalling 2 fits
      -> [KNN + Jittering Set 4] Acc: 0.9169, F1: 0.9167, Time: 0.28s
n_iterations: 4
n_required_iterations: 4
n_possible_iterations: 8
min_resources_: 20
max_resources_: 120000
aggressive_elimination: False
factor: 3
----------
iter: 0
n_candidates: 50
n_resources: 20
Fitting 1 folds for each of 50 candidates, totalling 50 fits
----------
iter: 1
n_candidates: 17
n_resources: 60
Fitting 1 folds for each of 17 candidates, totalling 17 fits
----------
iter: 2
n_candidates: 6
n_resources: 180
Fitting 1 folds for each of 6 candidates, totalling 6 fits
----------
iter: 3
n_candidates: 2
n_resources: 540
Fitting 1 folds for each of 2 candidates, totalling 2 fits
      -> [RandomForest + Jittering Set 4] Acc: 0.9098, F1: 0.9098, Time: 56.77s
n_iterations: 4
n_required_iterations: 4
n_possible_iterations: 8
min_resources_: 20
max_resources_: 120000
aggressive_elimination: False
factor: 3
----------
iter: 0
n_candidates: 50
n_resources: 20
Fitting 1 folds for each of 50 candidates, totalling 50 fits
----------
iter: 1
n_candidates: 17
n_resources: 60
Fitting 1 folds for each of 17 candidates, totalling 17 fits
----------
iter: 2
n_candidates: 6
n_resources: 180
Fitting 1 folds for each of 6 candidates, totalling 6 fits
----------
iter: 3
n_candidates: 2
n_resources: 540
Fitting 1 folds for each of 2 candidates, totalling 2 fits
      -> [LinearSVC + Jittering Set 4] Acc: 0.6169, F1: 0.5864, Time: 2.73s
n_iterations: 4
n_required_iterations: 4
n_possible_iterations: 8
min_resources_: 20
max_resources_: 120000
aggressive_elimination: False
factor: 3
----------
iter: 0
n_candidates: 50
n_resources: 20
Fitting 1 folds for each of 50 candidates, totalling 50 fits
----------
iter: 1
n_candidates: 17
n_resources: 60
Fitting 1 folds for each of 17 candidates, totalling 17 fits
----------
iter: 2
n_candidates: 6
n_resources: 180
Fitting 1 folds for each of 6 candidates, totalling 6 fits
----------
iter: 3
n_candidates: 2
n_resources: 540
Fitting 1 folds for each of 2 candidates, totalling 2 fits
      -> [LogisticRegression + Jittering Set 4] Acc: 0.6199, F1: 0.5913, Time: 1.03s
      -> [RNN + Jittering Set 4] Acc: 0.6444, F1: 0.6040, Time: 381.99s
    [=== Generating 5x synthetic data with Jittering (Set 5, Params: {'sigma': 0.15}) ===]
n_iterations: 4
n_required_iterations: 4
n_possible_iterations: 8
min_resources_: 20
max_resources_: 120000
aggressive_elimination: False
factor: 3
----------
iter: 0
n_candidates: 50
n_resources: 20
Fitting 1 folds for each of 50 candidates, totalling 50 fits
----------
iter: 1
n_candidates: 17
n_resources: 60
Fitting 1 folds for each of 17 candidates, totalling 17 fits
----------
iter: 2
n_candidates: 6
n_resources: 180
Fitting 1 folds for each of 6 candidates, totalling 6 fits
----------
iter: 3
n_candidates: 2
n_resources: 540
Fitting 1 folds for each of 2 candidates, totalling 2 fits
      -> [KNN + Jittering Set 5] Acc: 0.9060, F1: 0.9058, Time: 0.53s
n_iterations: 4
n_required_iterations: 4
n_possible_iterations: 8
min_resources_: 20
max_resources_: 120000
aggressive_elimination: False
factor: 3
----------
iter: 0
n_candidates: 50
n_resources: 20
Fitting 1 folds for each of 50 candidates, totalling 50 fits
----------
iter: 1
n_candidates: 17
n_resources: 60
Fitting 1 folds for each of 17 candidates, totalling 17 fits
----------
iter: 2
n_candidates: 6
n_resources: 180
Fitting 1 folds for each of 6 candidates, totalling 6 fits
----------
iter: 3
n_candidates: 2
n_resources: 540
Fitting 1 folds for each of 2 candidates, totalling 2 fits
      -> [RandomForest + Jittering Set 5] Acc: 0.8970, F1: 0.8971, Time: 59.06s
n_iterations: 4
n_required_iterations: 4
n_possible_iterations: 8
min_resources_: 20
max_resources_: 120000
aggressive_elimination: False
factor: 3
----------
iter: 0
n_candidates: 50
n_resources: 20
Fitting 1 folds for each of 50 candidates, totalling 50 fits
----------
iter: 1
n_candidates: 17
n_resources: 60
Fitting 1 folds for each of 17 candidates, totalling 17 fits
----------
iter: 2
n_candidates: 6
n_resources: 180
Fitting 1 folds for each of 6 candidates, totalling 6 fits
----------
iter: 3
n_candidates: 2
n_resources: 540
Fitting 1 folds for each of 2 candidates, totalling 2 fits
      -> [LinearSVC + Jittering Set 5] Acc: 0.6048, F1: 0.5732, Time: 3.38s
n_iterations: 4
n_required_iterations: 4
n_possible_iterations: 8
min_resources_: 20
max_resources_: 120000
aggressive_elimination: False
factor: 3
----------
iter: 0
n_candidates: 50
n_resources: 20
Fitting 1 folds for each of 50 candidates, totalling 50 fits
----------
iter: 1
n_candidates: 17
n_resources: 60
Fitting 1 folds for each of 17 candidates, totalling 17 fits
----------
iter: 2
n_candidates: 6
n_resources: 180
Fitting 1 folds for each of 6 candidates, totalling 6 fits
----------
iter: 3
n_candidates: 2
n_resources: 540
Fitting 1 folds for each of 2 candidates, totalling 2 fits
      -> [LogisticRegression + Jittering Set 5] Acc: 0.5922, F1: 0.5648, Time: 3.75s
      -> [RNN + Jittering Set 5] Acc: 0.6778, F1: 0.6334, Time: 393.59s
    [=== Generating 10x synthetic data with Jittering (Set 1, Params: {'sigma': 0.01}) ===]
n_iterations: 4
n_required_iterations: 4
n_possible_iterations: 8
min_resources_: 20
max_resources_: 120000
aggressive_elimination: False
factor: 3
----------
iter: 0
n_candidates: 50
n_resources: 20
Fitting 1 folds for each of 50 candidates, totalling 50 fits
----------
iter: 1
n_candidates: 17
n_resources: 60
Fitting 1 folds for each of 17 candidates, totalling 17 fits
----------
iter: 2
n_candidates: 6
n_resources: 180
Fitting 1 folds for each of 6 candidates, totalling 6 fits
----------
iter: 3
n_candidates: 2
n_resources: 540
Fitting 1 folds for each of 2 candidates, totalling 2 fits
      -> [KNN + Jittering Set 1] Acc: 0.9267, F1: 0.9265, Time: 0.18s
n_iterations: 4
n_required_iterations: 4
n_possible_iterations: 8
min_resources_: 20
max_resources_: 120000
aggressive_elimination: False
factor: 3
----------
iter: 0
n_candidates: 50
n_resources: 20
Fitting 1 folds for each of 50 candidates, totalling 50 fits
----------
iter: 1
n_candidates: 17
n_resources: 60
Fitting 1 folds for each of 17 candidates, totalling 17 fits
----------
iter: 2
n_candidates: 6
n_resources: 180
Fitting 1 folds for each of 6 candidates, totalling 6 fits
----------
iter: 3
n_candidates: 2
n_resources: 540
Fitting 1 folds for each of 2 candidates, totalling 2 fits
      -> [RandomForest + Jittering Set 1] Acc: 0.9104, F1: 0.9102, Time: 13.81s
n_iterations: 4
n_required_iterations: 4
n_possible_iterations: 8
min_resources_: 20
max_resources_: 120000
aggressive_elimination: False
factor: 3
----------
iter: 0
n_candidates: 50
n_resources: 20
Fitting 1 folds for each of 50 candidates, totalling 50 fits
----------
iter: 1
n_candidates: 17
n_resources: 60
Fitting 1 folds for each of 17 candidates, totalling 17 fits
----------
iter: 2
n_candidates: 6
n_resources: 180
Fitting 1 folds for each of 6 candidates, totalling 6 fits
----------
iter: 3
n_candidates: 2
n_resources: 540
Fitting 1 folds for each of 2 candidates, totalling 2 fits
      -> [LinearSVC + Jittering Set 1] Acc: 0.5358, F1: 0.4499, Time: 0.70s
n_iterations: 4
n_required_iterations: 4
n_possible_iterations: 8
min_resources_: 20
max_resources_: 120000
aggressive_elimination: False
factor: 3
----------
iter: 0
n_candidates: 50
n_resources: 20
Fitting 1 folds for each of 50 candidates, totalling 50 fits
----------
iter: 1
n_candidates: 17
n_resources: 60
Fitting 1 folds for each of 17 candidates, totalling 17 fits
----------
iter: 2
n_candidates: 6
n_resources: 180
Fitting 1 folds for each of 6 candidates, totalling 6 fits
----------
iter: 3
n_candidates: 2
n_resources: 540
Fitting 1 folds for each of 2 candidates, totalling 2 fits
      -> [LogisticRegression + Jittering Set 1] Acc: 0.7314, F1: 0.7249, Time: 6.91s
      -> [RNN + Jittering Set 1] Acc: 0.6667, F1: 0.6323, Time: 16.08s
    [=== Generating 10x synthetic data with Jittering (Set 2, Params: {'sigma': 0.03}) ===]
n_iterations: 4
n_required_iterations: 4
n_possible_iterations: 8
min_resources_: 20
max_resources_: 120000
aggressive_elimination: False
factor: 3
----------
iter: 0
n_candidates: 50
n_resources: 20
Fitting 1 folds for each of 50 candidates, totalling 50 fits
----------
iter: 1
n_candidates: 17
n_resources: 60
Fitting 1 folds for each of 17 candidates, totalling 17 fits
----------
iter: 2
n_candidates: 6
n_resources: 180
Fitting 1 folds for each of 6 candidates, totalling 6 fits
----------
iter: 3
n_candidates: 2
n_resources: 540
Fitting 1 folds for each of 2 candidates, totalling 2 fits
      -> [KNN + Jittering Set 2] Acc: 0.9224, F1: 0.9221, Time: 0.60s
n_iterations: 4
n_required_iterations: 4
n_possible_iterations: 8
min_resources_: 20
max_resources_: 120000
aggressive_elimination: False
factor: 3
----------
iter: 0
n_candidates: 50
n_resources: 20
Fitting 1 folds for each of 50 candidates, totalling 50 fits
----------
iter: 1
n_candidates: 17
n_resources: 60
Fitting 1 folds for each of 17 candidates, totalling 17 fits
----------
iter: 2
n_candidates: 6
n_resources: 180
Fitting 1 folds for each of 6 candidates, totalling 6 fits
----------
iter: 3
n_candidates: 2
n_resources: 540
Fitting 1 folds for each of 2 candidates, totalling 2 fits
      -> [RandomForest + Jittering Set 2] Acc: 0.9166, F1: 0.9162, Time: 17.79s
n_iterations: 4
n_required_iterations: 4
n_possible_iterations: 8
min_resources_: 20
max_resources_: 120000
aggressive_elimination: False
factor: 3
----------
iter: 0
n_candidates: 50
n_resources: 20
Fitting 1 folds for each of 50 candidates, totalling 50 fits
----------
iter: 1
n_candidates: 17
n_resources: 60
Fitting 1 folds for each of 17 candidates, totalling 17 fits
----------
iter: 2
n_candidates: 6
n_resources: 180
Fitting 1 folds for each of 6 candidates, totalling 6 fits
----------
iter: 3
n_candidates: 2
n_resources: 540
Fitting 1 folds for each of 2 candidates, totalling 2 fits
      -> [LinearSVC + Jittering Set 2] Acc: 0.5340, F1: 0.4476, Time: 0.87s
n_iterations: 4
n_required_iterations: 4
n_possible_iterations: 8
min_resources_: 20
max_resources_: 120000
aggressive_elimination: False
factor: 3
----------
iter: 0
n_candidates: 50
n_resources: 20
Fitting 1 folds for each of 50 candidates, totalling 50 fits
----------
iter: 1
n_candidates: 17
n_resources: 60
Fitting 1 folds for each of 17 candidates, totalling 17 fits
----------
iter: 2
n_candidates: 6
n_resources: 180
Fitting 1 folds for each of 6 candidates, totalling 6 fits
----------
iter: 3
n_candidates: 2
n_resources: 540
Fitting 1 folds for each of 2 candidates, totalling 2 fits
      -> [LogisticRegression + Jittering Set 2] Acc: 0.7290, F1: 0.7223, Time: 7.01s
      -> [RNN + Jittering Set 2] Acc: 0.6000, F1: 0.5331, Time: 812.78s
    [=== Generating 10x synthetic data with Jittering (Set 3, Params: {'sigma': 0.05}) ===]
n_iterations: 4
n_required_iterations: 4
n_possible_iterations: 8
min_resources_: 20
max_resources_: 120000
aggressive_elimination: False
factor: 3
----------
iter: 0
n_candidates: 50
n_resources: 20
Fitting 1 folds for each of 50 candidates, totalling 50 fits
----------
iter: 1
n_candidates: 17
n_resources: 60
Fitting 1 folds for each of 17 candidates, totalling 17 fits
----------
iter: 2
n_candidates: 6
n_resources: 180
Fitting 1 folds for each of 6 candidates, totalling 6 fits
----------
iter: 3
n_candidates: 2
n_resources: 540
Fitting 1 folds for each of 2 candidates, totalling 2 fits
      -> [KNN + Jittering Set 3] Acc: 0.9144, F1: 0.9141, Time: 0.20s
n_iterations: 4
n_required_iterations: 4
n_possible_iterations: 8
min_resources_: 20
max_resources_: 120000
aggressive_elimination: False
factor: 3
----------
iter: 0
n_candidates: 50
n_resources: 20
Fitting 1 folds for each of 50 candidates, totalling 50 fits
----------
iter: 1
n_candidates: 17
n_resources: 60
Fitting 1 folds for each of 17 candidates, totalling 17 fits
----------
iter: 2
n_candidates: 6
n_resources: 180
Fitting 1 folds for each of 6 candidates, totalling 6 fits
----------
iter: 3
n_candidates: 2
n_resources: 540
Fitting 1 folds for each of 2 candidates, totalling 2 fits
      -> [RandomForest + Jittering Set 3] Acc: 0.9114, F1: 0.9112, Time: 32.84s
n_iterations: 4
n_required_iterations: 4
n_possible_iterations: 8
min_resources_: 20
max_resources_: 120000
aggressive_elimination: False
factor: 3
----------
iter: 0
n_candidates: 50
n_resources: 20
Fitting 1 folds for each of 50 candidates, totalling 50 fits
----------
iter: 1
n_candidates: 17
n_resources: 60
Fitting 1 folds for each of 17 candidates, totalling 17 fits
----------
iter: 2
n_candidates: 6
n_resources: 180
Fitting 1 folds for each of 6 candidates, totalling 6 fits
----------
iter: 3
n_candidates: 2
n_resources: 540
Fitting 1 folds for each of 2 candidates, totalling 2 fits
      -> [LinearSVC + Jittering Set 3] Acc: 0.5252, F1: 0.4389, Time: 0.94s
n_iterations: 4
n_required_iterations: 4
n_possible_iterations: 8
min_resources_: 20
max_resources_: 120000
aggressive_elimination: False
factor: 3
----------
iter: 0
n_candidates: 50
n_resources: 20
Fitting 1 folds for each of 50 candidates, totalling 50 fits
----------
iter: 1
n_candidates: 17
n_resources: 60
Fitting 1 folds for each of 17 candidates, totalling 17 fits
----------
iter: 2
n_candidates: 6
n_resources: 180
Fitting 1 folds for each of 6 candidates, totalling 6 fits
----------
iter: 3
n_candidates: 2
n_resources: 540
Fitting 1 folds for each of 2 candidates, totalling 2 fits
      -> [LogisticRegression + Jittering Set 3] Acc: 0.7232, F1: 0.7163, Time: 7.14s
      -> [RNN + Jittering Set 3] Acc: 0.7333, F1: 0.7029, Time: 427.19s
    [=== Generating 10x synthetic data with Jittering (Set 4, Params: {'sigma': 0.1}) ===]
n_iterations: 4
n_required_iterations: 4
n_possible_iterations: 8
min_resources_: 20
max_resources_: 120000
aggressive_elimination: False
factor: 3
----------
iter: 0
n_candidates: 50
n_resources: 20
Fitting 1 folds for each of 50 candidates, totalling 50 fits
----------
iter: 1
n_candidates: 17
n_resources: 60
Fitting 1 folds for each of 17 candidates, totalling 17 fits
----------
iter: 2
n_candidates: 6
n_resources: 180
Fitting 1 folds for each of 6 candidates, totalling 6 fits
----------
iter: 3
n_candidates: 2
n_resources: 540
Fitting 1 folds for each of 2 candidates, totalling 2 fits
      -> [KNN + Jittering Set 4] Acc: 0.8912, F1: 0.8911, Time: 0.40s
n_iterations: 4
n_required_iterations: 4
n_possible_iterations: 8
min_resources_: 20
max_resources_: 120000
aggressive_elimination: False
factor: 3
----------
iter: 0
n_candidates: 50
n_resources: 20
Fitting 1 folds for each of 50 candidates, totalling 50 fits
----------
iter: 1
n_candidates: 17
n_resources: 60
Fitting 1 folds for each of 17 candidates, totalling 17 fits
----------
iter: 2
n_candidates: 6
n_resources: 180
Fitting 1 folds for each of 6 candidates, totalling 6 fits
----------
iter: 3
n_candidates: 2
n_resources: 540
Fitting 1 folds for each of 2 candidates, totalling 2 fits
      -> [RandomForest + Jittering Set 4] Acc: 0.8958, F1: 0.8958, Time: 19.46s
n_iterations: 4
n_required_iterations: 4
n_possible_iterations: 8
min_resources_: 20
max_resources_: 120000
aggressive_elimination: False
factor: 3
----------
iter: 0
n_candidates: 50
n_resources: 20
Fitting 1 folds for each of 50 candidates, totalling 50 fits
----------
iter: 1
n_candidates: 17
n_resources: 60
Fitting 1 folds for each of 17 candidates, totalling 17 fits
----------
iter: 2
n_candidates: 6
n_resources: 180
Fitting 1 folds for each of 6 candidates, totalling 6 fits
----------
iter: 3
n_candidates: 2
n_resources: 540
Fitting 1 folds for each of 2 candidates, totalling 2 fits
      -> [LinearSVC + Jittering Set 4] Acc: 0.4843, F1: 0.3914, Time: 0.88s
n_iterations: 4
n_required_iterations: 4
n_possible_iterations: 8
min_resources_: 20
max_resources_: 120000
aggressive_elimination: False
factor: 3
----------
iter: 0
n_candidates: 50
n_resources: 20
Fitting 1 folds for each of 50 candidates, totalling 50 fits
----------
iter: 1
n_candidates: 17
n_resources: 60
Fitting 1 folds for each of 17 candidates, totalling 17 fits
----------
iter: 2
n_candidates: 6
n_resources: 180
Fitting 1 folds for each of 6 candidates, totalling 6 fits
----------
iter: 3
n_candidates: 2
n_resources: 540
Fitting 1 folds for each of 2 candidates, totalling 2 fits
      -> [LogisticRegression + Jittering Set 4] Acc: 0.6203, F1: 0.5920, Time: 1.29s
      -> [RNN + Jittering Set 4] Acc: 0.7222, F1: 0.6850, Time: 807.13s
    [=== Generating 10x synthetic data with Jittering (Set 5, Params: {'sigma': 0.15}) ===]
n_iterations: 4
n_required_iterations: 4
n_possible_iterations: 8
min_resources_: 20
max_resources_: 120000
aggressive_elimination: False
factor: 3
----------
iter: 0
n_candidates: 50
n_resources: 20
Fitting 1 folds for each of 50 candidates, totalling 50 fits
----------
iter: 1
n_candidates: 17
n_resources: 60
Fitting 1 folds for each of 17 candidates, totalling 17 fits
----------
iter: 2
n_candidates: 6
n_resources: 180
Fitting 1 folds for each of 6 candidates, totalling 6 fits
----------
iter: 3
n_candidates: 2
n_resources: 540
Fitting 1 folds for each of 2 candidates, totalling 2 fits
      -> [KNN + Jittering Set 5] Acc: 0.8881, F1: 0.8879, Time: 1.01s
n_iterations: 4
n_required_iterations: 4
n_possible_iterations: 8
min_resources_: 20
max_resources_: 120000
aggressive_elimination: False
factor: 3
----------
iter: 0
n_candidates: 50
n_resources: 20
Fitting 1 folds for each of 50 candidates, totalling 50 fits
----------
iter: 1
n_candidates: 17
n_resources: 60
Fitting 1 folds for each of 17 candidates, totalling 17 fits
----------
iter: 2
n_candidates: 6
n_resources: 180
Fitting 1 folds for each of 6 candidates, totalling 6 fits
----------
iter: 3
n_candidates: 2
n_resources: 540
Fitting 1 folds for each of 2 candidates, totalling 2 fits
      -> [RandomForest + Jittering Set 5] Acc: 0.8776, F1: 0.8779, Time: 55.76s
n_iterations: 4
n_required_iterations: 4
n_possible_iterations: 8
min_resources_: 20
max_resources_: 120000
aggressive_elimination: False
factor: 3
----------
iter: 0
n_candidates: 50
n_resources: 20
Fitting 1 folds for each of 50 candidates, totalling 50 fits
----------
iter: 1
n_candidates: 17
n_resources: 60
Fitting 1 folds for each of 17 candidates, totalling 17 fits
----------
iter: 2
n_candidates: 6
n_resources: 180
Fitting 1 folds for each of 6 candidates, totalling 6 fits
----------
iter: 3
n_candidates: 2
n_resources: 540
Fitting 1 folds for each of 2 candidates, totalling 2 fits
      -> [LinearSVC + Jittering Set 5] Acc: 0.4490, F1: 0.3483, Time: 0.86s
n_iterations: 4
n_required_iterations: 4
n_possible_iterations: 8
min_resources_: 20
max_resources_: 120000
aggressive_elimination: False
factor: 3
----------
iter: 0
n_candidates: 50
n_resources: 20
Fitting 1 folds for each of 50 candidates, totalling 50 fits
----------
iter: 1
n_candidates: 17
n_resources: 60
Fitting 1 folds for each of 17 candidates, totalling 17 fits
----------
iter: 2
n_candidates: 6
n_resources: 180
Fitting 1 folds for each of 6 candidates, totalling 6 fits
----------
iter: 3
n_candidates: 2
n_resources: 540
Fitting 1 folds for each of 2 candidates, totalling 2 fits
      -> [LogisticRegression + Jittering Set 5] Acc: 0.5908, F1: 0.5629, Time: 1.20s
      -> [RNN + Jittering Set 5] Acc: 0.7111, F1: 0.6733, Time: 808.73s

    >> Seed Fold Selection: 3/10
    Evaluating Model: KNN
      -> [Baseline] Acc: 0.8957, F1: 0.8961, Time: 0.46s
      HP Tuning KNN...
n_iterations: 4
n_required_iterations: 4
n_possible_iterations: 5
min_resources_: 100
max_resources_: 20000
aggressive_elimination: False
factor: 3
----------
iter: 0
n_candidates: 50
n_resources: 100
Fitting 5 folds for each of 50 candidates, totalling 250 fits
----------
iter: 1
n_candidates: 17
n_resources: 300
Fitting 5 folds for each of 17 candidates, totalling 85 fits
----------
iter: 2
n_candidates: 6
n_resources: 900
Fitting 5 folds for each of 6 candidates, totalling 30 fits
----------
iter: 3
n_candidates: 2
n_resources: 2700
Fitting 5 folds for each of 2 candidates, totalling 10 fits
      -> [Tuned_Baseline] Acc: 0.8988, F1: 0.8993, Time: 0.31s
    Evaluating Model: RandomForest
      -> [Baseline] Acc: 0.8860, F1: 0.8860, Time: 5.83s
      HP Tuning RandomForest...
n_iterations: 4
n_required_iterations: 4
n_possible_iterations: 5
min_resources_: 100
max_resources_: 20000
aggressive_elimination: False
factor: 3
----------
iter: 0
n_candidates: 50
n_resources: 100
Fitting 5 folds for each of 50 candidates, totalling 250 fits
----------
iter: 1
n_candidates: 17
n_resources: 300
Fitting 5 folds for each of 17 candidates, totalling 85 fits
----------
iter: 2
n_candidates: 6
n_resources: 900
Fitting 5 folds for each of 6 candidates, totalling 30 fits
----------
iter: 3
n_candidates: 2
n_resources: 2700
Fitting 5 folds for each of 2 candidates, totalling 10 fits
      -> [Tuned_Baseline] Acc: 0.8859, F1: 0.8859, Time: 0.14s
    Evaluating Model: LinearSVC
      -> [Baseline] Acc: 0.6884, F1: 0.6671, Time: 0.15s
      HP Tuning LinearSVC...
n_iterations: 4
n_required_iterations: 4
n_possible_iterations: 5
min_resources_: 100
max_resources_: 20000
aggressive_elimination: False
factor: 3
----------
iter: 0
n_candidates: 50
n_resources: 100
Fitting 5 folds for each of 50 candidates, totalling 250 fits
----------
iter: 1
n_candidates: 17
n_resources: 300
Fitting 5 folds for each of 17 candidates, totalling 85 fits
----------
iter: 2
n_candidates: 6
n_resources: 900
Fitting 5 folds for each of 6 candidates, totalling 30 fits
----------
iter: 3
n_candidates: 2
n_resources: 2700
Fitting 5 folds for each of 2 candidates, totalling 10 fits
      -> [Tuned_Baseline] Acc: 0.6932, F1: 0.6726, Time: 0.00s
    Evaluating Model: LogisticRegression
      -> [Baseline] Acc: 0.7279, F1: 0.7211, Time: 1.72s
      HP Tuning LogisticRegression...
n_iterations: 4
n_required_iterations: 4
n_possible_iterations: 5
min_resources_: 100
max_resources_: 20000
aggressive_elimination: False
factor: 3
----------
iter: 0
n_candidates: 50
n_resources: 100
Fitting 5 folds for each of 50 candidates, totalling 250 fits
----------
iter: 1
n_candidates: 17
n_resources: 300
Fitting 5 folds for each of 17 candidates, totalling 85 fits
----------
iter: 2
n_candidates: 6
n_resources: 900
Fitting 5 folds for each of 6 candidates, totalling 30 fits
----------
iter: 3
n_candidates: 2
n_resources: 2700
Fitting 5 folds for each of 2 candidates, totalling 10 fits
      -> [Tuned_Baseline] Acc: 0.7497, F1: 0.7438, Time: 0.00s
    Evaluating Model: RNN
      -> [Baseline] Acc: 0.5444, F1: 0.4383, Time: 6.35s
      HP Tuning RNN...
n_iterations: 2
n_required_iterations: 2
n_possible_iterations: 3
min_resources_: 10
max_resources_: 200
aggressive_elimination: False
factor: 3
----------
iter: 0
n_candidates: 4
n_resources: 10
Fitting 5 folds for each of 4 candidates, totalling 20 fits
----------
iter: 1
n_candidates: 2
n_resources: 30
Fitting 5 folds for each of 2 candidates, totalling 10 fits
      -> [Tuned_Baseline] Acc: 0.3556, F1: 0.2655, Time: 0.01s
    [=== Generating 2x synthetic data with Jittering (Set 1, Params: {'sigma': 0.01}) ===]
n_iterations: 4
n_required_iterations: 4
n_possible_iterations: 8
min_resources_: 20
max_resources_: 60000
aggressive_elimination: False
factor: 3
----------
iter: 0
n_candidates: 50
n_resources: 20
Fitting 1 folds for each of 50 candidates, totalling 50 fits
----------
iter: 1
n_candidates: 17
n_resources: 60
Fitting 1 folds for each of 17 candidates, totalling 17 fits
----------
iter: 2
n_candidates: 6
n_resources: 180
Fitting 1 folds for each of 6 candidates, totalling 6 fits
----------
iter: 3
n_candidates: 2
n_resources: 540
Fitting 1 folds for each of 2 candidates, totalling 2 fits
      -> [KNN + Jittering Set 1] Acc: 0.9029, F1: 0.9033, Time: 0.34s
n_iterations: 4
n_required_iterations: 4
n_possible_iterations: 8
min_resources_: 20
max_resources_: 60000
aggressive_elimination: False
factor: 3
----------
iter: 0
n_candidates: 50
n_resources: 20
Fitting 1 folds for each of 50 candidates, totalling 50 fits
----------
iter: 1
n_candidates: 17
n_resources: 60
Fitting 1 folds for each of 17 candidates, totalling 17 fits
----------
iter: 2
n_candidates: 6
n_resources: 180
Fitting 1 folds for each of 6 candidates, totalling 6 fits
----------
iter: 3
n_candidates: 2
n_resources: 540
Fitting 1 folds for each of 2 candidates, totalling 2 fits
      -> [RandomForest + Jittering Set 1] Acc: 0.8852, F1: 0.8854, Time: 17.36s
n_iterations: 4
n_required_iterations: 4
n_possible_iterations: 8
min_resources_: 20
max_resources_: 60000
aggressive_elimination: False
factor: 3
----------
iter: 0
n_candidates: 50
n_resources: 20
Fitting 1 folds for each of 50 candidates, totalling 50 fits
----------
iter: 1
n_candidates: 17
n_resources: 60
Fitting 1 folds for each of 17 candidates, totalling 17 fits
----------
iter: 2
n_candidates: 6
n_resources: 180
Fitting 1 folds for each of 6 candidates, totalling 6 fits
----------
iter: 3
n_candidates: 2
n_resources: 540
Fitting 1 folds for each of 2 candidates, totalling 2 fits
      -> [LinearSVC + Jittering Set 1] Acc: 0.6152, F1: 0.5853, Time: 1.01s
n_iterations: 4
n_required_iterations: 4
n_possible_iterations: 8
min_resources_: 20
max_resources_: 60000
aggressive_elimination: False
factor: 3
----------
iter: 0
n_candidates: 50
n_resources: 20
Fitting 1 folds for each of 50 candidates, totalling 50 fits
----------
iter: 1
n_candidates: 17
n_resources: 60
Fitting 1 folds for each of 17 candidates, totalling 17 fits
----------
iter: 2
n_candidates: 6
n_resources: 180
Fitting 1 folds for each of 6 candidates, totalling 6 fits
----------
iter: 3
n_candidates: 2
n_resources: 540
Fitting 1 folds for each of 2 candidates, totalling 2 fits
      -> [LogisticRegression + Jittering Set 1] Acc: 0.7490, F1: 0.7431, Time: 1.83s
      -> [RNN + Jittering Set 1] Acc: 0.5111, F1: 0.4219, Time: 160.11s
    [=== Generating 2x synthetic data with Jittering (Set 2, Params: {'sigma': 0.03}) ===]
n_iterations: 4
n_required_iterations: 4
n_possible_iterations: 8
min_resources_: 20
max_resources_: 60000
aggressive_elimination: False
factor: 3
----------
iter: 0
n_candidates: 50
n_resources: 20
Fitting 1 folds for each of 50 candidates, totalling 50 fits
----------
iter: 1
n_candidates: 17
n_resources: 60
Fitting 1 folds for each of 17 candidates, totalling 17 fits
----------
iter: 2
n_candidates: 6
n_resources: 180
Fitting 1 folds for each of 6 candidates, totalling 6 fits
----------
iter: 3
n_candidates: 2
n_resources: 540
Fitting 1 folds for each of 2 candidates, totalling 2 fits
      -> [KNN + Jittering Set 2] Acc: 0.9022, F1: 0.9027, Time: 0.44s
n_iterations: 4
n_required_iterations: 4
n_possible_iterations: 8
min_resources_: 20
max_resources_: 60000
aggressive_elimination: False
factor: 3
----------
iter: 0
n_candidates: 50
n_resources: 20
Fitting 1 folds for each of 50 candidates, totalling 50 fits
----------
iter: 1
n_candidates: 17
n_resources: 60
Fitting 1 folds for each of 17 candidates, totalling 17 fits
----------
iter: 2
n_candidates: 6
n_resources: 180
Fitting 1 folds for each of 6 candidates, totalling 6 fits
----------
iter: 3
n_candidates: 2
n_resources: 540
Fitting 1 folds for each of 2 candidates, totalling 2 fits
      -> [RandomForest + Jittering Set 2] Acc: 0.8933, F1: 0.8936, Time: 6.43s
n_iterations: 4
n_required_iterations: 4
n_possible_iterations: 8
min_resources_: 20
max_resources_: 60000
aggressive_elimination: False
factor: 3
----------
iter: 0
n_candidates: 50
n_resources: 20
Fitting 1 folds for each of 50 candidates, totalling 50 fits
----------
iter: 1
n_candidates: 17
n_resources: 60
Fitting 1 folds for each of 17 candidates, totalling 17 fits
----------
iter: 2
n_candidates: 6
n_resources: 180
Fitting 1 folds for each of 6 candidates, totalling 6 fits
----------
iter: 3
n_candidates: 2
n_resources: 540
Fitting 1 folds for each of 2 candidates, totalling 2 fits
      -> [LinearSVC + Jittering Set 2] Acc: 0.6934, F1: 0.6731, Time: 0.27s
n_iterations: 4
n_required_iterations: 4
n_possible_iterations: 8
min_resources_: 20
max_resources_: 60000
aggressive_elimination: False
factor: 3
----------
iter: 0
n_candidates: 50
n_resources: 20
Fitting 1 folds for each of 50 candidates, totalling 50 fits
----------
iter: 1
n_candidates: 17
n_resources: 60
Fitting 1 folds for each of 17 candidates, totalling 17 fits
----------
iter: 2
n_candidates: 6
n_resources: 180
Fitting 1 folds for each of 6 candidates, totalling 6 fits
----------
iter: 3
n_candidates: 2
n_resources: 540
Fitting 1 folds for each of 2 candidates, totalling 2 fits
      -> [LogisticRegression + Jittering Set 2] Acc: 0.7431, F1: 0.7373, Time: 1.80s
      -> [RNN + Jittering Set 2] Acc: 0.4111, F1: 0.2788, Time: 153.98s
    [=== Generating 2x synthetic data with Jittering (Set 3, Params: {'sigma': 0.05}) ===]
n_iterations: 4
n_required_iterations: 4
n_possible_iterations: 8
min_resources_: 20
max_resources_: 60000
aggressive_elimination: False
factor: 3
----------
iter: 0
n_candidates: 50
n_resources: 20
Fitting 1 folds for each of 50 candidates, totalling 50 fits
----------
iter: 1
n_candidates: 17
n_resources: 60
Fitting 1 folds for each of 17 candidates, totalling 17 fits
----------
iter: 2
n_candidates: 6
n_resources: 180
Fitting 1 folds for each of 6 candidates, totalling 6 fits
----------
iter: 3
n_candidates: 2
n_resources: 540
Fitting 1 folds for each of 2 candidates, totalling 2 fits
      -> [KNN + Jittering Set 3] Acc: 0.8990, F1: 0.8995, Time: 0.40s
n_iterations: 4
n_required_iterations: 4
n_possible_iterations: 8
min_resources_: 20
max_resources_: 60000
aggressive_elimination: False
factor: 3
----------
iter: 0
n_candidates: 50
n_resources: 20
Fitting 1 folds for each of 50 candidates, totalling 50 fits
----------
iter: 1
n_candidates: 17
n_resources: 60
Fitting 1 folds for each of 17 candidates, totalling 17 fits
----------
iter: 2
n_candidates: 6
n_resources: 180
Fitting 1 folds for each of 6 candidates, totalling 6 fits
----------
iter: 3
n_candidates: 2
n_resources: 540
Fitting 1 folds for each of 2 candidates, totalling 2 fits
      -> [RandomForest + Jittering Set 3] Acc: 0.8889, F1: 0.8894, Time: 5.34s
n_iterations: 4
n_required_iterations: 4
n_possible_iterations: 8
min_resources_: 20
max_resources_: 60000
aggressive_elimination: False
factor: 3
----------
iter: 0
n_candidates: 50
n_resources: 20
Fitting 1 folds for each of 50 candidates, totalling 50 fits
----------
iter: 1
n_candidates: 17
n_resources: 60
Fitting 1 folds for each of 17 candidates, totalling 17 fits
----------
iter: 2
n_candidates: 6
n_resources: 180
Fitting 1 folds for each of 6 candidates, totalling 6 fits
----------
iter: 3
n_candidates: 2
n_resources: 540
Fitting 1 folds for each of 2 candidates, totalling 2 fits
      -> [LinearSVC + Jittering Set 3] Acc: 0.6811, F1: 0.6604, Time: 0.28s
n_iterations: 4
n_required_iterations: 4
n_possible_iterations: 8
min_resources_: 20
max_resources_: 60000
aggressive_elimination: False
factor: 3
----------
iter: 0
n_candidates: 50
n_resources: 20
Fitting 1 folds for each of 50 candidates, totalling 50 fits
----------
iter: 1
n_candidates: 17
n_resources: 60
Fitting 1 folds for each of 17 candidates, totalling 17 fits
----------
iter: 2
n_candidates: 6
n_resources: 180
Fitting 1 folds for each of 6 candidates, totalling 6 fits
----------
iter: 3
n_candidates: 2
n_resources: 540
Fitting 1 folds for each of 2 candidates, totalling 2 fits
      -> [LogisticRegression + Jittering Set 3] Acc: 0.7347, F1: 0.7292, Time: 1.57s
      -> [RNN + Jittering Set 3] Acc: 0.5222, F1: 0.4325, Time: 154.90s
    [=== Generating 2x synthetic data with Jittering (Set 4, Params: {'sigma': 0.1}) ===]
n_iterations: 4
n_required_iterations: 4
n_possible_iterations: 8
min_resources_: 20
max_resources_: 60000
aggressive_elimination: False
factor: 3
----------
iter: 0
n_candidates: 50
n_resources: 20
Fitting 1 folds for each of 50 candidates, totalling 50 fits
----------
iter: 1
n_candidates: 17
n_resources: 60
Fitting 1 folds for each of 17 candidates, totalling 17 fits
----------
iter: 2
n_candidates: 6
n_resources: 180
Fitting 1 folds for each of 6 candidates, totalling 6 fits
----------
iter: 3
n_candidates: 2
n_resources: 540
Fitting 1 folds for each of 2 candidates, totalling 2 fits
      -> [KNN + Jittering Set 4] Acc: 0.8973, F1: 0.8976, Time: 0.19s
n_iterations: 4
n_required_iterations: 4
n_possible_iterations: 8
min_resources_: 20
max_resources_: 60000
aggressive_elimination: False
factor: 3
----------
iter: 0
n_candidates: 50
n_resources: 20
Fitting 1 folds for each of 50 candidates, totalling 50 fits
----------
iter: 1
n_candidates: 17
n_resources: 60
Fitting 1 folds for each of 17 candidates, totalling 17 fits
----------
iter: 2
n_candidates: 6
n_resources: 180
Fitting 1 folds for each of 6 candidates, totalling 6 fits
----------
iter: 3
n_candidates: 2
n_resources: 540
Fitting 1 folds for each of 2 candidates, totalling 2 fits
      -> [RandomForest + Jittering Set 4] Acc: 0.7849, F1: 0.7878, Time: 8.59s
n_iterations: 4
n_required_iterations: 4
n_possible_iterations: 8
min_resources_: 20
max_resources_: 60000
aggressive_elimination: False
factor: 3
----------
iter: 0
n_candidates: 50
n_resources: 20
Fitting 1 folds for each of 50 candidates, totalling 50 fits
----------
iter: 1
n_candidates: 17
n_resources: 60
Fitting 1 folds for each of 17 candidates, totalling 17 fits
----------
iter: 2
n_candidates: 6
n_resources: 180
Fitting 1 folds for each of 6 candidates, totalling 6 fits
----------
iter: 3
n_candidates: 2
n_resources: 540
Fitting 1 folds for each of 2 candidates, totalling 2 fits
      -> [LinearSVC + Jittering Set 4] Acc: 0.6494, F1: 0.6273, Time: 0.24s
n_iterations: 4
n_required_iterations: 4
n_possible_iterations: 8
min_resources_: 20
max_resources_: 60000
aggressive_elimination: False
factor: 3
----------
iter: 0
n_candidates: 50
n_resources: 20
Fitting 1 folds for each of 50 candidates, totalling 50 fits
----------
iter: 1
n_candidates: 17
n_resources: 60
Fitting 1 folds for each of 17 candidates, totalling 17 fits
----------
iter: 2
n_candidates: 6
n_resources: 180
Fitting 1 folds for each of 6 candidates, totalling 6 fits
----------
iter: 3
n_candidates: 2
n_resources: 540
Fitting 1 folds for each of 2 candidates, totalling 2 fits
      -> [LogisticRegression + Jittering Set 4] Acc: 0.7054, F1: 0.7002, Time: 2.67s
      -> [RNN + Jittering Set 4] Acc: 0.4556, F1: 0.3472, Time: 159.84s
    [=== Generating 2x synthetic data with Jittering (Set 5, Params: {'sigma': 0.15}) ===]
n_iterations: 4
n_required_iterations: 4
n_possible_iterations: 8
min_resources_: 20
max_resources_: 60000
aggressive_elimination: False
factor: 3
----------
iter: 0
n_candidates: 50
n_resources: 20
Fitting 1 folds for each of 50 candidates, totalling 50 fits
----------
iter: 1
n_candidates: 17
n_resources: 60
Fitting 1 folds for each of 17 candidates, totalling 17 fits
----------
iter: 2
n_candidates: 6
n_resources: 180
Fitting 1 folds for each of 6 candidates, totalling 6 fits
----------
iter: 3
n_candidates: 2
n_resources: 540
Fitting 1 folds for each of 2 candidates, totalling 2 fits
      -> [KNN + Jittering Set 5] Acc: 0.8893, F1: 0.8897, Time: 0.55s
n_iterations: 4
n_required_iterations: 4
n_possible_iterations: 8
min_resources_: 20
max_resources_: 60000
aggressive_elimination: False
factor: 3
----------
iter: 0
n_candidates: 50
n_resources: 20
Fitting 1 folds for each of 50 candidates, totalling 50 fits
----------
iter: 1
n_candidates: 17
n_resources: 60
Fitting 1 folds for each of 17 candidates, totalling 17 fits
----------
iter: 2
n_candidates: 6
n_resources: 180
Fitting 1 folds for each of 6 candidates, totalling 6 fits
----------
iter: 3
n_candidates: 2
n_resources: 540
Fitting 1 folds for each of 2 candidates, totalling 2 fits
      -> [RandomForest + Jittering Set 5] Acc: 0.7908, F1: 0.7930, Time: 8.10s
n_iterations: 4
n_required_iterations: 4
n_possible_iterations: 8
min_resources_: 20
max_resources_: 60000
aggressive_elimination: False
factor: 3
----------
iter: 0
n_candidates: 50
n_resources: 20
Fitting 1 folds for each of 50 candidates, totalling 50 fits
----------
iter: 1
n_candidates: 17
n_resources: 60
Fitting 1 folds for each of 17 candidates, totalling 17 fits
----------
iter: 2
n_candidates: 6
n_resources: 180
Fitting 1 folds for each of 6 candidates, totalling 6 fits
----------
iter: 3
n_candidates: 2
n_resources: 540
Fitting 1 folds for each of 2 candidates, totalling 2 fits
      -> [LinearSVC + Jittering Set 5] Acc: 0.6192, F1: 0.5908, Time: 0.21s
n_iterations: 4
n_required_iterations: 4
n_possible_iterations: 8
min_resources_: 20
max_resources_: 60000
aggressive_elimination: False
factor: 3
----------
iter: 0
n_candidates: 50
n_resources: 20
Fitting 1 folds for each of 50 candidates, totalling 50 fits
----------
iter: 1
n_candidates: 17
n_resources: 60
Fitting 1 folds for each of 17 candidates, totalling 17 fits
----------
iter: 2
n_candidates: 6
n_resources: 180
Fitting 1 folds for each of 6 candidates, totalling 6 fits
----------
iter: 3
n_candidates: 2
n_resources: 540
Fitting 1 folds for each of 2 candidates, totalling 2 fits
      -> [LogisticRegression + Jittering Set 5] Acc: 0.6888, F1: 0.6840, Time: 0.51s
      -> [RNN + Jittering Set 5] Acc: 0.5000, F1: 0.4194, Time: 151.65s
    [=== Generating 3x synthetic data with Jittering (Set 1, Params: {'sigma': 0.01}) ===]
n_iterations: 4
n_required_iterations: 4
n_possible_iterations: 8
min_resources_: 20
max_resources_: 80000
aggressive_elimination: False
factor: 3
----------
iter: 0
n_candidates: 50
n_resources: 20
Fitting 1 folds for each of 50 candidates, totalling 50 fits
----------
iter: 1
n_candidates: 17
n_resources: 60
Fitting 1 folds for each of 17 candidates, totalling 17 fits
----------
iter: 2
n_candidates: 6
n_resources: 180
Fitting 1 folds for each of 6 candidates, totalling 6 fits
----------
iter: 3
n_candidates: 2
n_resources: 540
Fitting 1 folds for each of 2 candidates, totalling 2 fits
      -> [KNN + Jittering Set 1] Acc: 0.9014, F1: 0.9019, Time: 0.66s
n_iterations: 4
n_required_iterations: 4
n_possible_iterations: 8
min_resources_: 20
max_resources_: 80000
aggressive_elimination: False
factor: 3
----------
iter: 0
n_candidates: 50
n_resources: 20
Fitting 1 folds for each of 50 candidates, totalling 50 fits
----------
iter: 1
n_candidates: 17
n_resources: 60
Fitting 1 folds for each of 17 candidates, totalling 17 fits
----------
iter: 2
n_candidates: 6
n_resources: 180
Fitting 1 folds for each of 6 candidates, totalling 6 fits
----------
iter: 3
n_candidates: 2
n_resources: 540
Fitting 1 folds for each of 2 candidates, totalling 2 fits
      -> [RandomForest + Jittering Set 1] Acc: 0.8842, F1: 0.8843, Time: 18.41s
n_iterations: 4
n_required_iterations: 4
n_possible_iterations: 8
min_resources_: 20
max_resources_: 80000
aggressive_elimination: False
factor: 3
----------
iter: 0
n_candidates: 50
n_resources: 20
Fitting 1 folds for each of 50 candidates, totalling 50 fits
----------
iter: 1
n_candidates: 17
n_resources: 60
Fitting 1 folds for each of 17 candidates, totalling 17 fits
----------
iter: 2
n_candidates: 6
n_resources: 180
Fitting 1 folds for each of 6 candidates, totalling 6 fits
----------
iter: 3
n_candidates: 2
n_resources: 540
Fitting 1 folds for each of 2 candidates, totalling 2 fits
      -> [LinearSVC + Jittering Set 1] Acc: 0.6936, F1: 0.6730, Time: 0.42s
n_iterations: 4
n_required_iterations: 4
n_possible_iterations: 8
min_resources_: 20
max_resources_: 80000
aggressive_elimination: False
factor: 3
----------
iter: 0
n_candidates: 50
n_resources: 20
Fitting 1 folds for each of 50 candidates, totalling 50 fits
----------
iter: 1
n_candidates: 17
n_resources: 60
Fitting 1 folds for each of 17 candidates, totalling 17 fits
----------
iter: 2
n_candidates: 6
n_resources: 180
Fitting 1 folds for each of 6 candidates, totalling 6 fits
----------
iter: 3
n_candidates: 2
n_resources: 540
Fitting 1 folds for each of 2 candidates, totalling 2 fits
      -> [LogisticRegression + Jittering Set 1] Acc: 0.7497, F1: 0.7439, Time: 2.73s
      -> [RNN + Jittering Set 1] Acc: 0.4222, F1: 0.3524, Time: 245.16s
    [=== Generating 3x synthetic data with Jittering (Set 2, Params: {'sigma': 0.03}) ===]
n_iterations: 4
n_required_iterations: 4
n_possible_iterations: 8
min_resources_: 20
max_resources_: 80000
aggressive_elimination: False
factor: 3
----------
iter: 0
n_candidates: 50
n_resources: 20
Fitting 1 folds for each of 50 candidates, totalling 50 fits
----------
iter: 1
n_candidates: 17
n_resources: 60
Fitting 1 folds for each of 17 candidates, totalling 17 fits
----------
iter: 2
n_candidates: 6
n_resources: 180
Fitting 1 folds for each of 6 candidates, totalling 6 fits
----------
iter: 3
n_candidates: 2
n_resources: 540
Fitting 1 folds for each of 2 candidates, totalling 2 fits
      -> [KNN + Jittering Set 2] Acc: 0.9032, F1: 0.9037, Time: 0.76s
n_iterations: 4
n_required_iterations: 4
n_possible_iterations: 8
min_resources_: 20
max_resources_: 80000
aggressive_elimination: False
factor: 3
----------
iter: 0
n_candidates: 50
n_resources: 20
Fitting 1 folds for each of 50 candidates, totalling 50 fits
----------
iter: 1
n_candidates: 17
n_resources: 60
Fitting 1 folds for each of 17 candidates, totalling 17 fits
----------
iter: 2
n_candidates: 6
n_resources: 180
Fitting 1 folds for each of 6 candidates, totalling 6 fits
----------
iter: 3
n_candidates: 2
n_resources: 540
Fitting 1 folds for each of 2 candidates, totalling 2 fits
      -> [RandomForest + Jittering Set 2] Acc: 0.7933, F1: 0.7956, Time: 6.98s
n_iterations: 4
n_required_iterations: 4
n_possible_iterations: 8
min_resources_: 20
max_resources_: 80000
aggressive_elimination: False
factor: 3
----------
iter: 0
n_candidates: 50
n_resources: 20
Fitting 1 folds for each of 50 candidates, totalling 50 fits
----------
iter: 1
n_candidates: 17
n_resources: 60
Fitting 1 folds for each of 17 candidates, totalling 17 fits
----------
iter: 2
n_candidates: 6
n_resources: 180
Fitting 1 folds for each of 6 candidates, totalling 6 fits
----------
iter: 3
n_candidates: 2
n_resources: 540
Fitting 1 folds for each of 2 candidates, totalling 2 fits
      -> [LinearSVC + Jittering Set 2] Acc: 0.6926, F1: 0.6724, Time: 0.42s
n_iterations: 4
n_required_iterations: 4
n_possible_iterations: 8
min_resources_: 20
max_resources_: 80000
aggressive_elimination: False
factor: 3
----------
iter: 0
n_candidates: 50
n_resources: 20
Fitting 1 folds for each of 50 candidates, totalling 50 fits
----------
iter: 1
n_candidates: 17
n_resources: 60
Fitting 1 folds for each of 17 candidates, totalling 17 fits
----------
iter: 2
n_candidates: 6
n_resources: 180
Fitting 1 folds for each of 6 candidates, totalling 6 fits
----------
iter: 3
n_candidates: 2
n_resources: 540
Fitting 1 folds for each of 2 candidates, totalling 2 fits
      -> [LogisticRegression + Jittering Set 2] Acc: 0.7430, F1: 0.7373, Time: 2.74s
      -> [RNN + Jittering Set 2] Acc: 0.4667, F1: 0.3847, Time: 198.03s
    [=== Generating 3x synthetic data with Jittering (Set 3, Params: {'sigma': 0.05}) ===]
n_iterations: 4
n_required_iterations: 4
n_possible_iterations: 8
min_resources_: 20
max_resources_: 80000
aggressive_elimination: False
factor: 3
----------
iter: 0
n_candidates: 50
n_resources: 20
Fitting 1 folds for each of 50 candidates, totalling 50 fits
----------
iter: 1
n_candidates: 17
n_resources: 60
Fitting 1 folds for each of 17 candidates, totalling 17 fits
----------
iter: 2
n_candidates: 6
n_resources: 180
Fitting 1 folds for each of 6 candidates, totalling 6 fits
----------
iter: 3
n_candidates: 2
n_resources: 540
Fitting 1 folds for each of 2 candidates, totalling 2 fits
      -> [KNN + Jittering Set 3] Acc: 0.8984, F1: 0.8988, Time: 0.67s
n_iterations: 4
n_required_iterations: 4
n_possible_iterations: 8
min_resources_: 20
max_resources_: 80000
aggressive_elimination: False
factor: 3
----------
iter: 0
n_candidates: 50
n_resources: 20
Fitting 1 folds for each of 50 candidates, totalling 50 fits
----------
iter: 1
n_candidates: 17
n_resources: 60
Fitting 1 folds for each of 17 candidates, totalling 17 fits
----------
iter: 2
n_candidates: 6
n_resources: 180
Fitting 1 folds for each of 6 candidates, totalling 6 fits
----------
iter: 3
n_candidates: 2
n_resources: 540
Fitting 1 folds for each of 2 candidates, totalling 2 fits
      -> [RandomForest + Jittering Set 3] Acc: 0.8954, F1: 0.8958, Time: 19.93s
n_iterations: 4
n_required_iterations: 4
n_possible_iterations: 8
min_resources_: 20
max_resources_: 80000
aggressive_elimination: False
factor: 3
----------
iter: 0
n_candidates: 50
n_resources: 20
Fitting 1 folds for each of 50 candidates, totalling 50 fits
----------
iter: 1
n_candidates: 17
n_resources: 60
Fitting 1 folds for each of 17 candidates, totalling 17 fits
----------
iter: 2
n_candidates: 6
n_resources: 180
Fitting 1 folds for each of 6 candidates, totalling 6 fits
----------
iter: 3
n_candidates: 2
n_resources: 540
Fitting 1 folds for each of 2 candidates, totalling 2 fits
      -> [LinearSVC + Jittering Set 3] Acc: 0.6780, F1: 0.6573, Time: 0.39s
n_iterations: 4
n_required_iterations: 4
n_possible_iterations: 8
min_resources_: 20
max_resources_: 80000
aggressive_elimination: False
factor: 3
----------
iter: 0
n_candidates: 50
n_resources: 20
Fitting 1 folds for each of 50 candidates, totalling 50 fits
----------
iter: 1
n_candidates: 17
n_resources: 60
Fitting 1 folds for each of 17 candidates, totalling 17 fits
----------
iter: 2
n_candidates: 6
n_resources: 180
Fitting 1 folds for each of 6 candidates, totalling 6 fits
----------
iter: 3
n_candidates: 2
n_resources: 540
Fitting 1 folds for each of 2 candidates, totalling 2 fits
      -> [LogisticRegression + Jittering Set 3] Acc: 0.7332, F1: 0.7277, Time: 2.72s
      -> [RNN + Jittering Set 3] Acc: 0.4000, F1: 0.2764, Time: 237.36s
    [=== Generating 3x synthetic data with Jittering (Set 4, Params: {'sigma': 0.1}) ===]
n_iterations: 4
n_required_iterations: 4
n_possible_iterations: 8
min_resources_: 20
max_resources_: 80000
aggressive_elimination: False
factor: 3
----------
iter: 0
n_candidates: 50
n_resources: 20
Fitting 1 folds for each of 50 candidates, totalling 50 fits
----------
iter: 1
n_candidates: 17
n_resources: 60
Fitting 1 folds for each of 17 candidates, totalling 17 fits
----------
iter: 2
n_candidates: 6
n_resources: 180
Fitting 1 folds for each of 6 candidates, totalling 6 fits
----------
iter: 3
n_candidates: 2
n_resources: 540
Fitting 1 folds for each of 2 candidates, totalling 2 fits
      -> [KNN + Jittering Set 4] Acc: 0.8899, F1: 0.8904, Time: 0.27s
n_iterations: 4
n_required_iterations: 4
n_possible_iterations: 8
min_resources_: 20
max_resources_: 80000
aggressive_elimination: False
factor: 3
----------
iter: 0
n_candidates: 50
n_resources: 20
Fitting 1 folds for each of 50 candidates, totalling 50 fits
----------
iter: 1
n_candidates: 17
n_resources: 60
Fitting 1 folds for each of 17 candidates, totalling 17 fits
----------
iter: 2
n_candidates: 6
n_resources: 180
Fitting 1 folds for each of 6 candidates, totalling 6 fits
----------
iter: 3
n_candidates: 2
n_resources: 540
Fitting 1 folds for each of 2 candidates, totalling 2 fits
      -> [RandomForest + Jittering Set 4] Acc: 0.8876, F1: 0.8883, Time: 10.38s
n_iterations: 4
n_required_iterations: 4
n_possible_iterations: 8
min_resources_: 20
max_resources_: 80000
aggressive_elimination: False
factor: 3
----------
iter: 0
n_candidates: 50
n_resources: 20
Fitting 1 folds for each of 50 candidates, totalling 50 fits
----------
iter: 1
n_candidates: 17
n_resources: 60
Fitting 1 folds for each of 17 candidates, totalling 17 fits
----------
iter: 2
n_candidates: 6
n_resources: 180
Fitting 1 folds for each of 6 candidates, totalling 6 fits
----------
iter: 3
n_candidates: 2
n_resources: 540
Fitting 1 folds for each of 2 candidates, totalling 2 fits
      -> [LinearSVC + Jittering Set 4] Acc: 0.6396, F1: 0.6149, Time: 0.40s
n_iterations: 4
n_required_iterations: 4
n_possible_iterations: 8
min_resources_: 20
max_resources_: 80000
aggressive_elimination: False
factor: 3
----------
iter: 0
n_candidates: 50
n_resources: 20
Fitting 1 folds for each of 50 candidates, totalling 50 fits
----------
iter: 1
n_candidates: 17
n_resources: 60
Fitting 1 folds for each of 17 candidates, totalling 17 fits
----------
iter: 2
n_candidates: 6
n_resources: 180
Fitting 1 folds for each of 6 candidates, totalling 6 fits
----------
iter: 3
n_candidates: 2
n_resources: 540
Fitting 1 folds for each of 2 candidates, totalling 2 fits
      -> [LogisticRegression + Jittering Set 4] Acc: 0.7000, F1: 0.6945, Time: 2.91s
      -> [RNN + Jittering Set 4] Acc: 0.4222, F1: 0.3112, Time: 227.97s
    [=== Generating 3x synthetic data with Jittering (Set 5, Params: {'sigma': 0.15}) ===]
n_iterations: 4
n_required_iterations: 4
n_possible_iterations: 8
min_resources_: 20
max_resources_: 80000
aggressive_elimination: False
factor: 3
----------
iter: 0
n_candidates: 50
n_resources: 20
Fitting 1 folds for each of 50 candidates, totalling 50 fits
----------
iter: 1
n_candidates: 17
n_resources: 60
Fitting 1 folds for each of 17 candidates, totalling 17 fits
----------
iter: 2
n_candidates: 6
n_resources: 180
Fitting 1 folds for each of 6 candidates, totalling 6 fits
----------
iter: 3
n_candidates: 2
n_resources: 540
Fitting 1 folds for each of 2 candidates, totalling 2 fits
      -> [KNN + Jittering Set 5] Acc: 0.8777, F1: 0.8782, Time: 0.31s
n_iterations: 4
n_required_iterations: 4
n_possible_iterations: 8
min_resources_: 20
max_resources_: 80000
aggressive_elimination: False
factor: 3
----------
iter: 0
n_candidates: 50
n_resources: 20
Fitting 1 folds for each of 50 candidates, totalling 50 fits
----------
iter: 1
n_candidates: 17
n_resources: 60
Fitting 1 folds for each of 17 candidates, totalling 17 fits
----------
iter: 2
n_candidates: 6
n_resources: 180
Fitting 1 folds for each of 6 candidates, totalling 6 fits
----------
iter: 3
n_candidates: 2
n_resources: 540
Fitting 1 folds for each of 2 candidates, totalling 2 fits
      -> [RandomForest + Jittering Set 5] Acc: 0.7792, F1: 0.7817, Time: 20.82s
n_iterations: 4
n_required_iterations: 4
n_possible_iterations: 8
min_resources_: 20
max_resources_: 80000
aggressive_elimination: False
factor: 3
----------
iter: 0
n_candidates: 50
n_resources: 20
Fitting 1 folds for each of 50 candidates, totalling 50 fits
----------
iter: 1
n_candidates: 17
n_resources: 60
Fitting 1 folds for each of 17 candidates, totalling 17 fits
----------
iter: 2
n_candidates: 6
n_resources: 180
Fitting 1 folds for each of 6 candidates, totalling 6 fits
----------
iter: 3
n_candidates: 2
n_resources: 540
Fitting 1 folds for each of 2 candidates, totalling 2 fits
      -> [LinearSVC + Jittering Set 5] Acc: 0.6011, F1: 0.5679, Time: 1.92s
n_iterations: 4
n_required_iterations: 4
n_possible_iterations: 8
min_resources_: 20
max_resources_: 80000
aggressive_elimination: False
factor: 3
----------
iter: 0
n_candidates: 50
n_resources: 20
Fitting 1 folds for each of 50 candidates, totalling 50 fits
----------
iter: 1
n_candidates: 17
n_resources: 60
Fitting 1 folds for each of 17 candidates, totalling 17 fits
----------
iter: 2
n_candidates: 6
n_resources: 180
Fitting 1 folds for each of 6 candidates, totalling 6 fits
----------
iter: 3
n_candidates: 2
n_resources: 540
Fitting 1 folds for each of 2 candidates, totalling 2 fits
      -> [LogisticRegression + Jittering Set 5] Acc: 0.6803, F1: 0.6745, Time: 1.06s
      -> [RNN + Jittering Set 5] Acc: 0.4889, F1: 0.4025, Time: 242.04s
    [=== Generating 5x synthetic data with Jittering (Set 1, Params: {'sigma': 0.01}) ===]
n_iterations: 4
n_required_iterations: 4
n_possible_iterations: 8
min_resources_: 20
max_resources_: 120000
aggressive_elimination: False
factor: 3
----------
iter: 0
n_candidates: 50
n_resources: 20
Fitting 1 folds for each of 50 candidates, totalling 50 fits
----------
iter: 1
n_candidates: 17
n_resources: 60
Fitting 1 folds for each of 17 candidates, totalling 17 fits
----------
iter: 2
n_candidates: 6
n_resources: 180
Fitting 1 folds for each of 6 candidates, totalling 6 fits
----------
iter: 3
n_candidates: 2
n_resources: 540
Fitting 1 folds for each of 2 candidates, totalling 2 fits
      -> [KNN + Jittering Set 1] Acc: 0.8981, F1: 0.8984, Time: 0.59s
n_iterations: 4
n_required_iterations: 4
n_possible_iterations: 8
min_resources_: 20
max_resources_: 120000
aggressive_elimination: False
factor: 3
----------
iter: 0
n_candidates: 50
n_resources: 20
Fitting 1 folds for each of 50 candidates, totalling 50 fits
----------
iter: 1
n_candidates: 17
n_resources: 60
Fitting 1 folds for each of 17 candidates, totalling 17 fits
----------
iter: 2
n_candidates: 6
n_resources: 180
Fitting 1 folds for each of 6 candidates, totalling 6 fits
----------
iter: 3
n_candidates: 2
n_resources: 540
Fitting 1 folds for each of 2 candidates, totalling 2 fits
      -> [RandomForest + Jittering Set 1] Acc: 0.8859, F1: 0.8860, Time: 14.45s
n_iterations: 4
n_required_iterations: 4
n_possible_iterations: 8
min_resources_: 20
max_resources_: 120000
aggressive_elimination: False
factor: 3
----------
iter: 0
n_candidates: 50
n_resources: 20
Fitting 1 folds for each of 50 candidates, totalling 50 fits
----------
iter: 1
n_candidates: 17
n_resources: 60
Fitting 1 folds for each of 17 candidates, totalling 17 fits
----------
iter: 2
n_candidates: 6
n_resources: 180
Fitting 1 folds for each of 6 candidates, totalling 6 fits
----------
iter: 3
n_candidates: 2
n_resources: 540
Fitting 1 folds for each of 2 candidates, totalling 2 fits
      -> [LinearSVC + Jittering Set 1] Acc: 0.6151, F1: 0.5851, Time: 2.38s
n_iterations: 4
n_required_iterations: 4
n_possible_iterations: 8
min_resources_: 20
max_resources_: 120000
aggressive_elimination: False
factor: 3
----------
iter: 0
n_candidates: 50
n_resources: 20
Fitting 1 folds for each of 50 candidates, totalling 50 fits
----------
iter: 1
n_candidates: 17
n_resources: 60
Fitting 1 folds for each of 17 candidates, totalling 17 fits
----------
iter: 2
n_candidates: 6
n_resources: 180
Fitting 1 folds for each of 6 candidates, totalling 6 fits
----------
iter: 3
n_candidates: 2
n_resources: 540
Fitting 1 folds for each of 2 candidates, totalling 2 fits
      -> [LogisticRegression + Jittering Set 1] Acc: 0.7483, F1: 0.7426, Time: 6.99s
      -> [RNN + Jittering Set 1] Acc: 0.6333, F1: 0.5819, Time: 3.10s
    [=== Generating 5x synthetic data with Jittering (Set 2, Params: {'sigma': 0.03}) ===]
n_iterations: 4
n_required_iterations: 4
n_possible_iterations: 8
min_resources_: 20
max_resources_: 120000
aggressive_elimination: False
factor: 3
----------
iter: 0
n_candidates: 50
n_resources: 20
Fitting 1 folds for each of 50 candidates, totalling 50 fits
----------
iter: 1
n_candidates: 17
n_resources: 60
Fitting 1 folds for each of 17 candidates, totalling 17 fits
----------
iter: 2
n_candidates: 6
n_resources: 180
Fitting 1 folds for each of 6 candidates, totalling 6 fits
----------
iter: 3
n_candidates: 2
n_resources: 540
Fitting 1 folds for each of 2 candidates, totalling 2 fits
      -> [KNN + Jittering Set 2] Acc: 0.8962, F1: 0.8965, Time: 0.59s
n_iterations: 4
n_required_iterations: 4
n_possible_iterations: 8
min_resources_: 20
max_resources_: 120000
aggressive_elimination: False
factor: 3
----------
iter: 0
n_candidates: 50
n_resources: 20
Fitting 1 folds for each of 50 candidates, totalling 50 fits
----------
iter: 1
n_candidates: 17
n_resources: 60
Fitting 1 folds for each of 17 candidates, totalling 17 fits
----------
iter: 2
n_candidates: 6
n_resources: 180
Fitting 1 folds for each of 6 candidates, totalling 6 fits
----------
iter: 3
n_candidates: 2
n_resources: 540
Fitting 1 folds for each of 2 candidates, totalling 2 fits
      -> [RandomForest + Jittering Set 2] Acc: 0.8897, F1: 0.8900, Time: 44.58s
n_iterations: 4
n_required_iterations: 4
n_possible_iterations: 8
min_resources_: 20
max_resources_: 120000
aggressive_elimination: False
factor: 3
----------
iter: 0
n_candidates: 50
n_resources: 20
Fitting 1 folds for each of 50 candidates, totalling 50 fits
----------
iter: 1
n_candidates: 17
n_resources: 60
Fitting 1 folds for each of 17 candidates, totalling 17 fits
----------
iter: 2
n_candidates: 6
n_resources: 180
Fitting 1 folds for each of 6 candidates, totalling 6 fits
----------
iter: 3
n_candidates: 2
n_resources: 540
Fitting 1 folds for each of 2 candidates, totalling 2 fits
      -> [LinearSVC + Jittering Set 2] Acc: 0.6163, F1: 0.5863, Time: 2.67s
n_iterations: 4
n_required_iterations: 4
n_possible_iterations: 8
min_resources_: 20
max_resources_: 120000
aggressive_elimination: False
factor: 3
----------
iter: 0
n_candidates: 50
n_resources: 20
Fitting 1 folds for each of 50 candidates, totalling 50 fits
----------
iter: 1
n_candidates: 17
n_resources: 60
Fitting 1 folds for each of 17 candidates, totalling 17 fits
----------
iter: 2
n_candidates: 6
n_resources: 180
Fitting 1 folds for each of 6 candidates, totalling 6 fits
----------
iter: 3
n_candidates: 2
n_resources: 540
Fitting 1 folds for each of 2 candidates, totalling 2 fits
      -> [LogisticRegression + Jittering Set 2] Acc: 0.7412, F1: 0.7356, Time: 5.27s
      -> [RNN + Jittering Set 2] Acc: 0.5667, F1: 0.5031, Time: 46.01s
    [=== Generating 5x synthetic data with Jittering (Set 3, Params: {'sigma': 0.05}) ===]
n_iterations: 4
n_required_iterations: 4
n_possible_iterations: 8
min_resources_: 20
max_resources_: 120000
aggressive_elimination: False
factor: 3
----------
iter: 0
n_candidates: 50
n_resources: 20
Fitting 1 folds for each of 50 candidates, totalling 50 fits
----------
iter: 1
n_candidates: 17
n_resources: 60
Fitting 1 folds for each of 17 candidates, totalling 17 fits
----------
iter: 2
n_candidates: 6
n_resources: 180
Fitting 1 folds for each of 6 candidates, totalling 6 fits
----------
iter: 3
n_candidates: 2
n_resources: 540
Fitting 1 folds for each of 2 candidates, totalling 2 fits
      -> [KNN + Jittering Set 3] Acc: 0.8952, F1: 0.8954, Time: 0.26s
n_iterations: 4
n_required_iterations: 4
n_possible_iterations: 8
min_resources_: 20
max_resources_: 120000
aggressive_elimination: False
factor: 3
----------
iter: 0
n_candidates: 50
n_resources: 20
Fitting 1 folds for each of 50 candidates, totalling 50 fits
----------
iter: 1
n_candidates: 17
n_resources: 60
Fitting 1 folds for each of 17 candidates, totalling 17 fits
----------
iter: 2
n_candidates: 6
n_resources: 180
Fitting 1 folds for each of 6 candidates, totalling 6 fits
----------
iter: 3
n_candidates: 2
n_resources: 540
Fitting 1 folds for each of 2 candidates, totalling 2 fits
      -> [RandomForest + Jittering Set 3] Acc: 0.8902, F1: 0.8907, Time: 18.07s
n_iterations: 4
n_required_iterations: 4
n_possible_iterations: 8
min_resources_: 20
max_resources_: 120000
aggressive_elimination: False
factor: 3
----------
iter: 0
n_candidates: 50
n_resources: 20
Fitting 1 folds for each of 50 candidates, totalling 50 fits
----------
iter: 1
n_candidates: 17
n_resources: 60
Fitting 1 folds for each of 17 candidates, totalling 17 fits
----------
iter: 2
n_candidates: 6
n_resources: 180
Fitting 1 folds for each of 6 candidates, totalling 6 fits
----------
iter: 3
n_candidates: 2
n_resources: 540
Fitting 1 folds for each of 2 candidates, totalling 2 fits
      -> [LinearSVC + Jittering Set 3] Acc: 0.6166, F1: 0.5858, Time: 2.93s
n_iterations: 4
n_required_iterations: 4
n_possible_iterations: 8
min_resources_: 20
max_resources_: 120000
aggressive_elimination: False
factor: 3
----------
iter: 0
n_candidates: 50
n_resources: 20
Fitting 1 folds for each of 50 candidates, totalling 50 fits
----------
iter: 1
n_candidates: 17
n_resources: 60
Fitting 1 folds for each of 17 candidates, totalling 17 fits
----------
iter: 2
n_candidates: 6
n_resources: 180
Fitting 1 folds for each of 6 candidates, totalling 6 fits
----------
iter: 3
n_candidates: 2
n_resources: 540
Fitting 1 folds for each of 2 candidates, totalling 2 fits
      -> [LogisticRegression + Jittering Set 3] Acc: 0.7289, F1: 0.7233, Time: 1.43s
      -> [RNN + Jittering Set 3] Acc: 0.5667, F1: 0.4987, Time: 410.33s
    [=== Generating 5x synthetic data with Jittering (Set 4, Params: {'sigma': 0.1}) ===]
n_iterations: 4
n_required_iterations: 4
n_possible_iterations: 8
min_resources_: 20
max_resources_: 120000
aggressive_elimination: False
factor: 3
----------
iter: 0
n_candidates: 50
n_resources: 20
Fitting 1 folds for each of 50 candidates, totalling 50 fits
----------
iter: 1
n_candidates: 17
n_resources: 60
Fitting 1 folds for each of 17 candidates, totalling 17 fits
----------
iter: 2
n_candidates: 6
n_resources: 180
Fitting 1 folds for each of 6 candidates, totalling 6 fits
----------
iter: 3
n_candidates: 2
n_resources: 540
Fitting 1 folds for each of 2 candidates, totalling 2 fits
      -> [KNN + Jittering Set 4] Acc: 0.8843, F1: 0.8850, Time: 0.89s
n_iterations: 4
n_required_iterations: 4
n_possible_iterations: 8
min_resources_: 20
max_resources_: 120000
aggressive_elimination: False
factor: 3
----------
iter: 0
n_candidates: 50
n_resources: 20
Fitting 1 folds for each of 50 candidates, totalling 50 fits
----------
iter: 1
n_candidates: 17
n_resources: 60
Fitting 1 folds for each of 17 candidates, totalling 17 fits
----------
iter: 2
n_candidates: 6
n_resources: 180
Fitting 1 folds for each of 6 candidates, totalling 6 fits
----------
iter: 3
n_candidates: 2
n_resources: 540
Fitting 1 folds for each of 2 candidates, totalling 2 fits
      -> [RandomForest + Jittering Set 4] Acc: 0.8904, F1: 0.8912, Time: 19.83s
n_iterations: 4
n_required_iterations: 4
n_possible_iterations: 8
min_resources_: 20
max_resources_: 120000
aggressive_elimination: False
factor: 3
----------
iter: 0
n_candidates: 50
n_resources: 20
Fitting 1 folds for each of 50 candidates, totalling 50 fits
----------
iter: 1
n_candidates: 17
n_resources: 60
Fitting 1 folds for each of 17 candidates, totalling 17 fits
----------
iter: 2
n_candidates: 6
n_resources: 180
Fitting 1 folds for each of 6 candidates, totalling 6 fits
----------
iter: 3
n_candidates: 2
n_resources: 540
Fitting 1 folds for each of 2 candidates, totalling 2 fits
      -> [LinearSVC + Jittering Set 4] Acc: 0.6102, F1: 0.5780, Time: 3.17s
n_iterations: 4
n_required_iterations: 4
n_possible_iterations: 8
min_resources_: 20
max_resources_: 120000
aggressive_elimination: False
factor: 3
----------
iter: 0
n_candidates: 50
n_resources: 20
Fitting 1 folds for each of 50 candidates, totalling 50 fits
----------
iter: 1
n_candidates: 17
n_resources: 60
Fitting 1 folds for each of 17 candidates, totalling 17 fits
----------
iter: 2
n_candidates: 6
n_resources: 180
Fitting 1 folds for each of 6 candidates, totalling 6 fits
----------
iter: 3
n_candidates: 2
n_resources: 540
Fitting 1 folds for each of 2 candidates, totalling 2 fits
      -> [LogisticRegression + Jittering Set 4] Acc: 0.6930, F1: 0.6877, Time: 1.86s
      -> [RNN + Jittering Set 4] Acc: 0.4556, F1: 0.3722, Time: 290.65s
    [=== Generating 5x synthetic data with Jittering (Set 5, Params: {'sigma': 0.15}) ===]
n_iterations: 4
n_required_iterations: 4
n_possible_iterations: 8
min_resources_: 20
max_resources_: 120000
aggressive_elimination: False
factor: 3
----------
iter: 0
n_candidates: 50
n_resources: 20
Fitting 1 folds for each of 50 candidates, totalling 50 fits
----------
iter: 1
n_candidates: 17
n_resources: 60
Fitting 1 folds for each of 17 candidates, totalling 17 fits
----------
iter: 2
n_candidates: 6
n_resources: 180
Fitting 1 folds for each of 6 candidates, totalling 6 fits
----------
iter: 3
n_candidates: 2
n_resources: 540
Fitting 1 folds for each of 2 candidates, totalling 2 fits
      -> [KNN + Jittering Set 5] Acc: 0.8986, F1: 0.8990, Time: 0.28s
n_iterations: 4
n_required_iterations: 4
n_possible_iterations: 8
min_resources_: 20
max_resources_: 120000
aggressive_elimination: False
factor: 3
----------
iter: 0
n_candidates: 50
n_resources: 20
Fitting 1 folds for each of 50 candidates, totalling 50 fits
----------
iter: 1
n_candidates: 17
n_resources: 60
Fitting 1 folds for each of 17 candidates, totalling 17 fits
----------
iter: 2
n_candidates: 6
n_resources: 180
Fitting 1 folds for each of 6 candidates, totalling 6 fits
----------
iter: 3
n_candidates: 2
n_resources: 540
Fitting 1 folds for each of 2 candidates, totalling 2 fits
      -> [RandomForest + Jittering Set 5] Acc: 0.8803, F1: 0.8811, Time: 14.96s
n_iterations: 4
n_required_iterations: 4
n_possible_iterations: 8
min_resources_: 20
max_resources_: 120000
aggressive_elimination: False
factor: 3
----------
iter: 0
n_candidates: 50
n_resources: 20
Fitting 1 folds for each of 50 candidates, totalling 50 fits
----------
iter: 1
n_candidates: 17
n_resources: 60
Fitting 1 folds for each of 17 candidates, totalling 17 fits
----------
iter: 2
n_candidates: 6
n_resources: 180
Fitting 1 folds for each of 6 candidates, totalling 6 fits
----------
iter: 3
n_candidates: 2
n_resources: 540
Fitting 1 folds for each of 2 candidates, totalling 2 fits
      -> [LinearSVC + Jittering Set 5] Acc: 0.5974, F1: 0.5632, Time: 2.92s
n_iterations: 4
n_required_iterations: 4
n_possible_iterations: 8
min_resources_: 20
max_resources_: 120000
aggressive_elimination: False
factor: 3
----------
iter: 0
n_candidates: 50
n_resources: 20
Fitting 1 folds for each of 50 candidates, totalling 50 fits
----------
iter: 1
n_candidates: 17
n_resources: 60
Fitting 1 folds for each of 17 candidates, totalling 17 fits
----------
iter: 2
n_candidates: 6
n_resources: 180
Fitting 1 folds for each of 6 candidates, totalling 6 fits
----------
iter: 3
n_candidates: 2
n_resources: 540
Fitting 1 folds for each of 2 candidates, totalling 2 fits
      -> [LogisticRegression + Jittering Set 5] Acc: 0.6774, F1: 0.6716, Time: 1.15s
      -> [RNN + Jittering Set 5] Acc: 0.5444, F1: 0.4559, Time: 81.28s
    [=== Generating 10x synthetic data with Jittering (Set 1, Params: {'sigma': 0.01}) ===]
n_iterations: 4
n_required_iterations: 4
n_possible_iterations: 8
min_resources_: 20
max_resources_: 120000
aggressive_elimination: False
factor: 3
----------
iter: 0
n_candidates: 50
n_resources: 20
Fitting 1 folds for each of 50 candidates, totalling 50 fits
----------
iter: 1
n_candidates: 17
n_resources: 60
Fitting 1 folds for each of 17 candidates, totalling 17 fits
----------
iter: 2
n_candidates: 6
n_resources: 180
Fitting 1 folds for each of 6 candidates, totalling 6 fits
----------
iter: 3
n_candidates: 2
n_resources: 540
Fitting 1 folds for each of 2 candidates, totalling 2 fits
      -> [KNN + Jittering Set 1] Acc: 0.8987, F1: 0.8990, Time: 0.79s
n_iterations: 4
n_required_iterations: 4
n_possible_iterations: 8
min_resources_: 20
max_resources_: 120000
aggressive_elimination: False
factor: 3
----------
iter: 0
n_candidates: 50
n_resources: 20
Fitting 1 folds for each of 50 candidates, totalling 50 fits
----------
iter: 1
n_candidates: 17
n_resources: 60
Fitting 1 folds for each of 17 candidates, totalling 17 fits
----------
iter: 2
n_candidates: 6
n_resources: 180
Fitting 1 folds for each of 6 candidates, totalling 6 fits
----------
iter: 3
n_candidates: 2
n_resources: 540
Fitting 1 folds for each of 2 candidates, totalling 2 fits
      -> [RandomForest + Jittering Set 1] Acc: 0.8842, F1: 0.8843, Time: 32.36s
n_iterations: 4
n_required_iterations: 4
n_possible_iterations: 8
min_resources_: 20
max_resources_: 120000
aggressive_elimination: False
factor: 3
----------
iter: 0
n_candidates: 50
n_resources: 20
Fitting 1 folds for each of 50 candidates, totalling 50 fits
----------
iter: 1
n_candidates: 17
n_resources: 60
Fitting 1 folds for each of 17 candidates, totalling 17 fits
----------
iter: 2
n_candidates: 6
n_resources: 180
Fitting 1 folds for each of 6 candidates, totalling 6 fits
----------
iter: 3
n_candidates: 2
n_resources: 540
Fitting 1 folds for each of 2 candidates, totalling 2 fits
      -> [LinearSVC + Jittering Set 1] Acc: 0.6923, F1: 0.6715, Time: 1.16s
n_iterations: 4
n_required_iterations: 4
n_possible_iterations: 8
min_resources_: 20
max_resources_: 120000
aggressive_elimination: False
factor: 3
----------
iter: 0
n_candidates: 50
n_resources: 20
Fitting 1 folds for each of 50 candidates, totalling 50 fits
----------
iter: 1
n_candidates: 17
n_resources: 60
Fitting 1 folds for each of 17 candidates, totalling 17 fits
----------
iter: 2
n_candidates: 6
n_resources: 180
Fitting 1 folds for each of 6 candidates, totalling 6 fits
----------
iter: 3
n_candidates: 2
n_resources: 540
Fitting 1 folds for each of 2 candidates, totalling 2 fits
      -> [LogisticRegression + Jittering Set 1] Acc: 0.6552, F1: 0.6277, Time: 1.13s
      -> [RNN + Jittering Set 1] Acc: 0.7333, F1: 0.7051, Time: 727.97s
    [=== Generating 10x synthetic data with Jittering (Set 2, Params: {'sigma': 0.03}) ===]
n_iterations: 4
n_required_iterations: 4
n_possible_iterations: 8
min_resources_: 20
max_resources_: 120000
aggressive_elimination: False
factor: 3
----------
iter: 0
n_candidates: 50
n_resources: 20
Fitting 1 folds for each of 50 candidates, totalling 50 fits
----------
iter: 1
n_candidates: 17
n_resources: 60
Fitting 1 folds for each of 17 candidates, totalling 17 fits
----------
iter: 2
n_candidates: 6
n_resources: 180
Fitting 1 folds for each of 6 candidates, totalling 6 fits
----------
iter: 3
n_candidates: 2
n_resources: 540
Fitting 1 folds for each of 2 candidates, totalling 2 fits
      -> [KNN + Jittering Set 2] Acc: 0.9001, F1: 0.9004, Time: 0.78s
n_iterations: 4
n_required_iterations: 4
n_possible_iterations: 8
min_resources_: 20
max_resources_: 120000
aggressive_elimination: False
factor: 3
----------
iter: 0
n_candidates: 50
n_resources: 20
Fitting 1 folds for each of 50 candidates, totalling 50 fits
----------
iter: 1
n_candidates: 17
n_resources: 60
Fitting 1 folds for each of 17 candidates, totalling 17 fits
----------
iter: 2
n_candidates: 6
n_resources: 180
Fitting 1 folds for each of 6 candidates, totalling 6 fits
----------
iter: 3
n_candidates: 2
n_resources: 540
Fitting 1 folds for each of 2 candidates, totalling 2 fits
      -> [RandomForest + Jittering Set 2] Acc: 0.8942, F1: 0.8945, Time: 45.45s
n_iterations: 4
n_required_iterations: 4
n_possible_iterations: 8
min_resources_: 20
max_resources_: 120000
aggressive_elimination: False
factor: 3
----------
iter: 0
n_candidates: 50
n_resources: 20
Fitting 1 folds for each of 50 candidates, totalling 50 fits
----------
iter: 1
n_candidates: 17
n_resources: 60
Fitting 1 folds for each of 17 candidates, totalling 17 fits
----------
iter: 2
n_candidates: 6
n_resources: 180
Fitting 1 folds for each of 6 candidates, totalling 6 fits
----------
iter: 3
n_candidates: 2
n_resources: 540
Fitting 1 folds for each of 2 candidates, totalling 2 fits
      -> [LinearSVC + Jittering Set 2] Acc: 0.6156, F1: 0.5858, Time: 4.05s
n_iterations: 4
n_required_iterations: 4
n_possible_iterations: 8
min_resources_: 20
max_resources_: 120000
aggressive_elimination: False
factor: 3
----------
iter: 0
n_candidates: 50
n_resources: 20
Fitting 1 folds for each of 50 candidates, totalling 50 fits
----------
iter: 1
n_candidates: 17
n_resources: 60
Fitting 1 folds for each of 17 candidates, totalling 17 fits
----------
iter: 2
n_candidates: 6
n_resources: 180
Fitting 1 folds for each of 6 candidates, totalling 6 fits
----------
iter: 3
n_candidates: 2
n_resources: 540
Fitting 1 folds for each of 2 candidates, totalling 2 fits
      -> [LogisticRegression + Jittering Set 2] Acc: 0.7406, F1: 0.7338, Time: 5.13s
      -> [RNN + Jittering Set 2] Acc: 0.3333, F1: 0.2587, Time: 803.87s
    [=== Generating 10x synthetic data with Jittering (Set 3, Params: {'sigma': 0.05}) ===]
n_iterations: 4
n_required_iterations: 4
n_possible_iterations: 8
min_resources_: 20
max_resources_: 120000
aggressive_elimination: False
factor: 3
----------
iter: 0
n_candidates: 50
n_resources: 20
Fitting 1 folds for each of 50 candidates, totalling 50 fits
----------
iter: 1
n_candidates: 17
n_resources: 60
Fitting 1 folds for each of 17 candidates, totalling 17 fits
----------
iter: 2
n_candidates: 6
n_resources: 180
Fitting 1 folds for each of 6 candidates, totalling 6 fits
----------
iter: 3
n_candidates: 2
n_resources: 540
Fitting 1 folds for each of 2 candidates, totalling 2 fits
      -> [KNN + Jittering Set 3] Acc: 0.8969, F1: 0.8973, Time: 0.31s
n_iterations: 4
n_required_iterations: 4
n_possible_iterations: 8
min_resources_: 20
max_resources_: 120000
aggressive_elimination: False
factor: 3
----------
iter: 0
n_candidates: 50
n_resources: 20
Fitting 1 folds for each of 50 candidates, totalling 50 fits
----------
iter: 1
n_candidates: 17
n_resources: 60
Fitting 1 folds for each of 17 candidates, totalling 17 fits
----------
iter: 2
n_candidates: 6
n_resources: 180
Fitting 1 folds for each of 6 candidates, totalling 6 fits
----------
iter: 3
n_candidates: 2
n_resources: 540
Fitting 1 folds for each of 2 candidates, totalling 2 fits
      -> [RandomForest + Jittering Set 3] Acc: 0.8900, F1: 0.8908, Time: 14.13s
n_iterations: 4
n_required_iterations: 4
n_possible_iterations: 8
min_resources_: 20
max_resources_: 120000
aggressive_elimination: False
factor: 3
----------
iter: 0
n_candidates: 50
n_resources: 20
Fitting 1 folds for each of 50 candidates, totalling 50 fits
----------
iter: 1
n_candidates: 17
n_resources: 60
Fitting 1 folds for each of 17 candidates, totalling 17 fits
----------
iter: 2
n_candidates: 6
n_resources: 180
Fitting 1 folds for each of 6 candidates, totalling 6 fits
----------
iter: 3
n_candidates: 2
n_resources: 540
Fitting 1 folds for each of 2 candidates, totalling 2 fits
      -> [LinearSVC + Jittering Set 3] Acc: 0.6173, F1: 0.5869, Time: 3.45s
n_iterations: 4
n_required_iterations: 4
n_possible_iterations: 8
min_resources_: 20
max_resources_: 120000
aggressive_elimination: False
factor: 3
----------
iter: 0
n_candidates: 50
n_resources: 20
Fitting 1 folds for each of 50 candidates, totalling 50 fits
----------
iter: 1
n_candidates: 17
n_resources: 60
Fitting 1 folds for each of 17 candidates, totalling 17 fits
----------
iter: 2
n_candidates: 6
n_resources: 180
Fitting 1 folds for each of 6 candidates, totalling 6 fits
----------
iter: 3
n_candidates: 2
n_resources: 540
Fitting 1 folds for each of 2 candidates, totalling 2 fits
      -> [LogisticRegression + Jittering Set 3] Acc: 0.6412, F1: 0.6102, Time: 1.14s
      -> [RNN + Jittering Set 3] Acc: 0.5444, F1: 0.4662, Time: 818.31s
    [=== Generating 10x synthetic data with Jittering (Set 4, Params: {'sigma': 0.1}) ===]
n_iterations: 4
n_required_iterations: 4
n_possible_iterations: 8
min_resources_: 20
max_resources_: 120000
aggressive_elimination: False
factor: 3
----------
iter: 0
n_candidates: 50
n_resources: 20
Fitting 1 folds for each of 50 candidates, totalling 50 fits
----------
iter: 1
n_candidates: 17
n_resources: 60
Fitting 1 folds for each of 17 candidates, totalling 17 fits
----------
iter: 2
n_candidates: 6
n_resources: 180
Fitting 1 folds for each of 6 candidates, totalling 6 fits
----------
iter: 3
n_candidates: 2
n_resources: 540
Fitting 1 folds for each of 2 candidates, totalling 2 fits
      -> [KNN + Jittering Set 4] Acc: 0.8773, F1: 0.8781, Time: 0.96s
n_iterations: 4
n_required_iterations: 4
n_possible_iterations: 8
min_resources_: 20
max_resources_: 120000
aggressive_elimination: False
factor: 3
----------
iter: 0
n_candidates: 50
n_resources: 20
Fitting 1 folds for each of 50 candidates, totalling 50 fits
----------
iter: 1
n_candidates: 17
n_resources: 60
Fitting 1 folds for each of 17 candidates, totalling 17 fits
----------
iter: 2
n_candidates: 6
n_resources: 180
Fitting 1 folds for each of 6 candidates, totalling 6 fits
----------
iter: 3
n_candidates: 2
n_resources: 540
Fitting 1 folds for each of 2 candidates, totalling 2 fits
      -> [RandomForest + Jittering Set 4] Acc: 0.8820, F1: 0.8828, Time: 19.57s
n_iterations: 4
n_required_iterations: 4
n_possible_iterations: 8
min_resources_: 20
max_resources_: 120000
aggressive_elimination: False
factor: 3
----------
iter: 0
n_candidates: 50
n_resources: 20
Fitting 1 folds for each of 50 candidates, totalling 50 fits
----------
iter: 1
n_candidates: 17
n_resources: 60
Fitting 1 folds for each of 17 candidates, totalling 17 fits
----------
iter: 2
n_candidates: 6
n_resources: 180
Fitting 1 folds for each of 6 candidates, totalling 6 fits
----------
iter: 3
n_candidates: 2
n_resources: 540
Fitting 1 folds for each of 2 candidates, totalling 2 fits
      -> [LinearSVC + Jittering Set 4] Acc: 0.6302, F1: 0.6042, Time: 1.02s
n_iterations: 4
n_required_iterations: 4
n_possible_iterations: 8
min_resources_: 20
max_resources_: 120000
aggressive_elimination: False
factor: 3
----------
iter: 0
n_candidates: 50
n_resources: 20
Fitting 1 folds for each of 50 candidates, totalling 50 fits
----------
iter: 1
n_candidates: 17
n_resources: 60
Fitting 1 folds for each of 17 candidates, totalling 17 fits
----------
iter: 2
n_candidates: 6
n_resources: 180
Fitting 1 folds for each of 6 candidates, totalling 6 fits
----------
iter: 3
n_candidates: 2
n_resources: 540
Fitting 1 folds for each of 2 candidates, totalling 2 fits
      -> [LogisticRegression + Jittering Set 4] Acc: 0.5998, F1: 0.5647, Time: 1.18s
      -> [RNN + Jittering Set 4] Acc: 0.6000, F1: 0.5378, Time: 666.60s
    [=== Generating 10x synthetic data with Jittering (Set 5, Params: {'sigma': 0.15}) ===]
n_iterations: 4
n_required_iterations: 4
n_possible_iterations: 8
min_resources_: 20
max_resources_: 120000
aggressive_elimination: False
factor: 3
----------
iter: 0
n_candidates: 50
n_resources: 20
Fitting 1 folds for each of 50 candidates, totalling 50 fits
----------
iter: 1
n_candidates: 17
n_resources: 60
Fitting 1 folds for each of 17 candidates, totalling 17 fits
----------
iter: 2
n_candidates: 6
n_resources: 180
Fitting 1 folds for each of 6 candidates, totalling 6 fits
----------
iter: 3
n_candidates: 2
n_resources: 540
Fitting 1 folds for each of 2 candidates, totalling 2 fits
      -> [KNN + Jittering Set 5] Acc: 0.8744, F1: 0.8752, Time: 0.31s
n_iterations: 4
n_required_iterations: 4
n_possible_iterations: 8
min_resources_: 20
max_resources_: 120000
aggressive_elimination: False
factor: 3
----------
iter: 0
n_candidates: 50
n_resources: 20
Fitting 1 folds for each of 50 candidates, totalling 50 fits
----------
iter: 1
n_candidates: 17
n_resources: 60
Fitting 1 folds for each of 17 candidates, totalling 17 fits
----------
iter: 2
n_candidates: 6
n_resources: 180
Fitting 1 folds for each of 6 candidates, totalling 6 fits
----------
iter: 3
n_candidates: 2
n_resources: 540
Fitting 1 folds for each of 2 candidates, totalling 2 fits
      -> [RandomForest + Jittering Set 5] Acc: 0.8699, F1: 0.8712, Time: 18.07s
n_iterations: 4
n_required_iterations: 4
n_possible_iterations: 8
min_resources_: 20
max_resources_: 120000
aggressive_elimination: False
factor: 3
----------
iter: 0
n_candidates: 50
n_resources: 20
Fitting 1 folds for each of 50 candidates, totalling 50 fits
----------
iter: 1
n_candidates: 17
n_resources: 60
Fitting 1 folds for each of 17 candidates, totalling 17 fits
----------
iter: 2
n_candidates: 6
n_resources: 180
Fitting 1 folds for each of 6 candidates, totalling 6 fits
----------
iter: 3
n_candidates: 2
n_resources: 540
Fitting 1 folds for each of 2 candidates, totalling 2 fits
      -> [LinearSVC + Jittering Set 5] Acc: 0.6002, F1: 0.5700, Time: 0.89s
n_iterations: 4
n_required_iterations: 4
n_possible_iterations: 8
min_resources_: 20
max_resources_: 120000
aggressive_elimination: False
factor: 3
----------
iter: 0
n_candidates: 50
n_resources: 20
Fitting 1 folds for each of 50 candidates, totalling 50 fits
----------
iter: 1
n_candidates: 17
n_resources: 60
Fitting 1 folds for each of 17 candidates, totalling 17 fits
----------
iter: 2
n_candidates: 6
n_resources: 180
Fitting 1 folds for each of 6 candidates, totalling 6 fits
----------
iter: 3
n_candidates: 2
n_resources: 540
Fitting 1 folds for each of 2 candidates, totalling 2 fits
      -> [LogisticRegression + Jittering Set 5] Acc: 0.5671, F1: 0.5288, Time: 1.05s
      -> [RNN + Jittering Set 5] Acc: 0.6556, F1: 0.6058, Time: 5.85s

    >> Seed Fold Selection: 4/10
    Evaluating Model: KNN
      -> [Baseline] Acc: 0.9028, F1: 0.9027, Time: 0.37s
      HP Tuning KNN...
n_iterations: 4
n_required_iterations: 4
n_possible_iterations: 5
min_resources_: 100
max_resources_: 20000
aggressive_elimination: False
factor: 3
----------
iter: 0
n_candidates: 50
n_resources: 100
Fitting 5 folds for each of 50 candidates, totalling 250 fits
----------
iter: 1
n_candidates: 17
n_resources: 300
Fitting 5 folds for each of 17 candidates, totalling 85 fits
----------
iter: 2
n_candidates: 6
n_resources: 900
Fitting 5 folds for each of 6 candidates, totalling 30 fits
----------
iter: 3
n_candidates: 2
n_resources: 2700
Fitting 5 folds for each of 2 candidates, totalling 10 fits
      -> [Tuned_Baseline] Acc: 0.9070, F1: 0.9070, Time: 0.27s
    Evaluating Model: RandomForest
      -> [Baseline] Acc: 0.8876, F1: 0.8872, Time: 5.17s
      HP Tuning RandomForest...
n_iterations: 4
n_required_iterations: 4
n_possible_iterations: 5
min_resources_: 100
max_resources_: 20000
aggressive_elimination: False
factor: 3
----------
iter: 0
n_candidates: 50
n_resources: 100
Fitting 5 folds for each of 50 candidates, totalling 250 fits
----------
iter: 1
n_candidates: 17
n_resources: 300
Fitting 5 folds for each of 17 candidates, totalling 85 fits
----------
iter: 2
n_candidates: 6
n_resources: 900
Fitting 5 folds for each of 6 candidates, totalling 30 fits
----------
iter: 3
n_candidates: 2
n_resources: 2700
Fitting 5 folds for each of 2 candidates, totalling 10 fits
      -> [Tuned_Baseline] Acc: 0.8892, F1: 0.8889, Time: 0.13s
    Evaluating Model: LinearSVC
      -> [Baseline] Acc: 0.6923, F1: 0.6723, Time: 0.13s
      HP Tuning LinearSVC...
n_iterations: 4
n_required_iterations: 4
n_possible_iterations: 5
min_resources_: 100
max_resources_: 20000
aggressive_elimination: False
factor: 3
----------
iter: 0
n_candidates: 50
n_resources: 100
Fitting 5 folds for each of 50 candidates, totalling 250 fits
----------
iter: 1
n_candidates: 17
n_resources: 300
Fitting 5 folds for each of 17 candidates, totalling 85 fits
----------
iter: 2
n_candidates: 6
n_resources: 900
Fitting 5 folds for each of 6 candidates, totalling 30 fits
----------
iter: 3
n_candidates: 2
n_resources: 2700
Fitting 5 folds for each of 2 candidates, totalling 10 fits
      -> [Tuned_Baseline] Acc: 0.6939, F1: 0.6745, Time: 0.00s
    Evaluating Model: LogisticRegression
      -> [Baseline] Acc: 0.7343, F1: 0.7301, Time: 0.68s
      HP Tuning LogisticRegression...
n_iterations: 4
n_required_iterations: 4
n_possible_iterations: 5
min_resources_: 100
max_resources_: 20000
aggressive_elimination: False
factor: 3
----------
iter: 0
n_candidates: 50
n_resources: 100
Fitting 5 folds for each of 50 candidates, totalling 250 fits
----------
iter: 1
n_candidates: 17
n_resources: 300
Fitting 5 folds for each of 17 candidates, totalling 85 fits
----------
iter: 2
n_candidates: 6
n_resources: 900
Fitting 5 folds for each of 6 candidates, totalling 30 fits
----------
iter: 3
n_candidates: 2
n_resources: 2700
Fitting 5 folds for each of 2 candidates, totalling 10 fits
      -> [Tuned_Baseline] Acc: 0.7380, F1: 0.7330, Time: 0.01s
    Evaluating Model: RNN
      -> [Baseline] Acc: 0.2333, F1: 0.1510, Time: 1.57s
      HP Tuning RNN...
n_iterations: 2
n_required_iterations: 2
n_possible_iterations: 3
min_resources_: 10
max_resources_: 200
aggressive_elimination: False
factor: 3
----------
iter: 0
n_candidates: 4
n_resources: 10
Fitting 5 folds for each of 4 candidates, totalling 20 fits
----------
iter: 1
n_candidates: 2
n_resources: 30
Fitting 5 folds for each of 2 candidates, totalling 10 fits
      -> [Tuned_Baseline] Acc: 0.2444, F1: 0.1419, Time: 1.23s
    [=== Generating 2x synthetic data with Jittering (Set 1, Params: {'sigma': 0.01}) ===]
n_iterations: 4
n_required_iterations: 4
n_possible_iterations: 8
min_resources_: 20
max_resources_: 60000
aggressive_elimination: False
factor: 3
----------
iter: 0
n_candidates: 50
n_resources: 20
Fitting 1 folds for each of 50 candidates, totalling 50 fits
----------
iter: 1
n_candidates: 17
n_resources: 60
Fitting 1 folds for each of 17 candidates, totalling 17 fits
----------
iter: 2
n_candidates: 6
n_resources: 180
Fitting 1 folds for each of 6 candidates, totalling 6 fits
----------
iter: 3
n_candidates: 2
n_resources: 540
Fitting 1 folds for each of 2 candidates, totalling 2 fits
      -> [KNN + Jittering Set 1] Acc: 0.9107, F1: 0.9104, Time: 0.14s
n_iterations: 4
n_required_iterations: 4
n_possible_iterations: 8
min_resources_: 20
max_resources_: 60000
aggressive_elimination: False
factor: 3
----------
iter: 0
n_candidates: 50
n_resources: 20
Fitting 1 folds for each of 50 candidates, totalling 50 fits
----------
iter: 1
n_candidates: 17
n_resources: 60
Fitting 1 folds for each of 17 candidates, totalling 17 fits
----------
iter: 2
n_candidates: 6
n_resources: 180
Fitting 1 folds for each of 6 candidates, totalling 6 fits
----------
iter: 3
n_candidates: 2
n_resources: 540
Fitting 1 folds for each of 2 candidates, totalling 2 fits
      -> [RandomForest + Jittering Set 1] Acc: 0.8849, F1: 0.8845, Time: 10.88s
n_iterations: 4
n_required_iterations: 4
n_possible_iterations: 8
min_resources_: 20
max_resources_: 60000
aggressive_elimination: False
factor: 3
----------
iter: 0
n_candidates: 50
n_resources: 20
Fitting 1 folds for each of 50 candidates, totalling 50 fits
----------
iter: 1
n_candidates: 17
n_resources: 60
Fitting 1 folds for each of 17 candidates, totalling 17 fits
----------
iter: 2
n_candidates: 6
n_resources: 180
Fitting 1 folds for each of 6 candidates, totalling 6 fits
----------
iter: 3
n_candidates: 2
n_resources: 540
Fitting 1 folds for each of 2 candidates, totalling 2 fits
      -> [LinearSVC + Jittering Set 1] Acc: 0.6240, F1: 0.5959, Time: 0.90s
n_iterations: 4
n_required_iterations: 4
n_possible_iterations: 8
min_resources_: 20
max_resources_: 60000
aggressive_elimination: False
factor: 3
----------
iter: 0
n_candidates: 50
n_resources: 20
Fitting 1 folds for each of 50 candidates, totalling 50 fits
----------
iter: 1
n_candidates: 17
n_resources: 60
Fitting 1 folds for each of 17 candidates, totalling 17 fits
----------
iter: 2
n_candidates: 6
n_resources: 180
Fitting 1 folds for each of 6 candidates, totalling 6 fits
----------
iter: 3
n_candidates: 2
n_resources: 540
Fitting 1 folds for each of 2 candidates, totalling 2 fits
      -> [LogisticRegression + Jittering Set 1] Acc: 0.7383, F1: 0.7333, Time: 1.90s
      -> [RNN + Jittering Set 1] Acc: 0.3444, F1: 0.2761, Time: 157.43s
    [=== Generating 2x synthetic data with Jittering (Set 2, Params: {'sigma': 0.03}) ===]
n_iterations: 4
n_required_iterations: 4
n_possible_iterations: 8
min_resources_: 20
max_resources_: 60000
aggressive_elimination: False
factor: 3
----------
iter: 0
n_candidates: 50
n_resources: 20
Fitting 1 folds for each of 50 candidates, totalling 50 fits
----------
iter: 1
n_candidates: 17
n_resources: 60
Fitting 1 folds for each of 17 candidates, totalling 17 fits
----------
iter: 2
n_candidates: 6
n_resources: 180
Fitting 1 folds for each of 6 candidates, totalling 6 fits
----------
iter: 3
n_candidates: 2
n_resources: 540
Fitting 1 folds for each of 2 candidates, totalling 2 fits
      -> [KNN + Jittering Set 2] Acc: 0.9101, F1: 0.9098, Time: 0.34s
n_iterations: 4
n_required_iterations: 4
n_possible_iterations: 8
min_resources_: 20
max_resources_: 60000
aggressive_elimination: False
factor: 3
----------
iter: 0
n_candidates: 50
n_resources: 20
Fitting 1 folds for each of 50 candidates, totalling 50 fits
----------
iter: 1
n_candidates: 17
n_resources: 60
Fitting 1 folds for each of 17 candidates, totalling 17 fits
----------
iter: 2
n_candidates: 6
n_resources: 180
Fitting 1 folds for each of 6 candidates, totalling 6 fits
----------
iter: 3
n_candidates: 2
n_resources: 540
Fitting 1 folds for each of 2 candidates, totalling 2 fits
      -> [RandomForest + Jittering Set 2] Acc: 0.8903, F1: 0.8900, Time: 12.44s
n_iterations: 4
n_required_iterations: 4
n_possible_iterations: 8
min_resources_: 20
max_resources_: 60000
aggressive_elimination: False
factor: 3
----------
iter: 0
n_candidates: 50
n_resources: 20
Fitting 1 folds for each of 50 candidates, totalling 50 fits
----------
iter: 1
n_candidates: 17
n_resources: 60
Fitting 1 folds for each of 17 candidates, totalling 17 fits
----------
iter: 2
n_candidates: 6
n_resources: 180
Fitting 1 folds for each of 6 candidates, totalling 6 fits
----------
iter: 3
n_candidates: 2
n_resources: 540
Fitting 1 folds for each of 2 candidates, totalling 2 fits
      -> [LinearSVC + Jittering Set 2] Acc: 0.6244, F1: 0.5963, Time: 1.00s
n_iterations: 4
n_required_iterations: 4
n_possible_iterations: 8
min_resources_: 20
max_resources_: 60000
aggressive_elimination: False
factor: 3
----------
iter: 0
n_candidates: 50
n_resources: 20
Fitting 1 folds for each of 50 candidates, totalling 50 fits
----------
iter: 1
n_candidates: 17
n_resources: 60
Fitting 1 folds for each of 17 candidates, totalling 17 fits
----------
iter: 2
n_candidates: 6
n_resources: 180
Fitting 1 folds for each of 6 candidates, totalling 6 fits
----------
iter: 3
n_candidates: 2
n_resources: 540
Fitting 1 folds for each of 2 candidates, totalling 2 fits
      -> [LogisticRegression + Jittering Set 2] Acc: 0.7401, F1: 0.7353, Time: 2.97s
      -> [RNN + Jittering Set 2] Acc: 0.4000, F1: 0.2814, Time: 161.00s
    [=== Generating 2x synthetic data with Jittering (Set 3, Params: {'sigma': 0.05}) ===]
n_iterations: 4
n_required_iterations: 4
n_possible_iterations: 8
min_resources_: 20
max_resources_: 60000
aggressive_elimination: False
factor: 3
----------
iter: 0
n_candidates: 50
n_resources: 20
Fitting 1 folds for each of 50 candidates, totalling 50 fits
----------
iter: 1
n_candidates: 17
n_resources: 60
Fitting 1 folds for each of 17 candidates, totalling 17 fits
----------
iter: 2
n_candidates: 6
n_resources: 180
Fitting 1 folds for each of 6 candidates, totalling 6 fits
----------
iter: 3
n_candidates: 2
n_resources: 540
Fitting 1 folds for each of 2 candidates, totalling 2 fits
      -> [KNN + Jittering Set 3] Acc: 0.9077, F1: 0.9073, Time: 0.47s
n_iterations: 4
n_required_iterations: 4
n_possible_iterations: 8
min_resources_: 20
max_resources_: 60000
aggressive_elimination: False
factor: 3
----------
iter: 0
n_candidates: 50
n_resources: 20
Fitting 1 folds for each of 50 candidates, totalling 50 fits
----------
iter: 1
n_candidates: 17
n_resources: 60
Fitting 1 folds for each of 17 candidates, totalling 17 fits
----------
iter: 2
n_candidates: 6
n_resources: 180
Fitting 1 folds for each of 6 candidates, totalling 6 fits
----------
iter: 3
n_candidates: 2
n_resources: 540
Fitting 1 folds for each of 2 candidates, totalling 2 fits
      -> [RandomForest + Jittering Set 3] Acc: 0.9038, F1: 0.9036, Time: 12.99s
n_iterations: 4
n_required_iterations: 4
n_possible_iterations: 8
min_resources_: 20
max_resources_: 60000
aggressive_elimination: False
factor: 3
----------
iter: 0
n_candidates: 50
n_resources: 20
Fitting 1 folds for each of 50 candidates, totalling 50 fits
----------
iter: 1
n_candidates: 17
n_resources: 60
Fitting 1 folds for each of 17 candidates, totalling 17 fits
----------
iter: 2
n_candidates: 6
n_resources: 180
Fitting 1 folds for each of 6 candidates, totalling 6 fits
----------
iter: 3
n_candidates: 2
n_resources: 540
Fitting 1 folds for each of 2 candidates, totalling 2 fits
      -> [LinearSVC + Jittering Set 3] Acc: 0.6879, F1: 0.6664, Time: 0.27s
n_iterations: 4
n_required_iterations: 4
n_possible_iterations: 8
min_resources_: 20
max_resources_: 60000
aggressive_elimination: False
factor: 3
----------
iter: 0
n_candidates: 50
n_resources: 20
Fitting 1 folds for each of 50 candidates, totalling 50 fits
----------
iter: 1
n_candidates: 17
n_resources: 60
Fitting 1 folds for each of 17 candidates, totalling 17 fits
----------
iter: 2
n_candidates: 6
n_resources: 180
Fitting 1 folds for each of 6 candidates, totalling 6 fits
----------
iter: 3
n_candidates: 2
n_resources: 540
Fitting 1 folds for each of 2 candidates, totalling 2 fits
      -> [LogisticRegression + Jittering Set 3] Acc: 0.7424, F1: 0.7380, Time: 2.90s
      -> [RNN + Jittering Set 3] Acc: 0.2889, F1: 0.2041, Time: 157.78s
    [=== Generating 2x synthetic data with Jittering (Set 4, Params: {'sigma': 0.1}) ===]
n_iterations: 4
n_required_iterations: 4
n_possible_iterations: 8
min_resources_: 20
max_resources_: 60000
aggressive_elimination: False
factor: 3
----------
iter: 0
n_candidates: 50
n_resources: 20
Fitting 1 folds for each of 50 candidates, totalling 50 fits
----------
iter: 1
n_candidates: 17
n_resources: 60
Fitting 1 folds for each of 17 candidates, totalling 17 fits
----------
iter: 2
n_candidates: 6
n_resources: 180
Fitting 1 folds for each of 6 candidates, totalling 6 fits
----------
iter: 3
n_candidates: 2
n_resources: 540
Fitting 1 folds for each of 2 candidates, totalling 2 fits
      -> [KNN + Jittering Set 4] Acc: 0.9043, F1: 0.9043, Time: 0.53s
n_iterations: 4
n_required_iterations: 4
n_possible_iterations: 8
min_resources_: 20
max_resources_: 60000
aggressive_elimination: False
factor: 3
----------
iter: 0
n_candidates: 50
n_resources: 20
Fitting 1 folds for each of 50 candidates, totalling 50 fits
----------
iter: 1
n_candidates: 17
n_resources: 60
Fitting 1 folds for each of 17 candidates, totalling 17 fits
----------
iter: 2
n_candidates: 6
n_resources: 180
Fitting 1 folds for each of 6 candidates, totalling 6 fits
----------
iter: 3
n_candidates: 2
n_resources: 540
Fitting 1 folds for each of 2 candidates, totalling 2 fits
      -> [RandomForest + Jittering Set 4] Acc: 0.8911, F1: 0.8907, Time: 6.84s
n_iterations: 4
n_required_iterations: 4
n_possible_iterations: 8
min_resources_: 20
max_resources_: 60000
aggressive_elimination: False
factor: 3
----------
iter: 0
n_candidates: 50
n_resources: 20
Fitting 1 folds for each of 50 candidates, totalling 50 fits
----------
iter: 1
n_candidates: 17
n_resources: 60
Fitting 1 folds for each of 17 candidates, totalling 17 fits
----------
iter: 2
n_candidates: 6
n_resources: 180
Fitting 1 folds for each of 6 candidates, totalling 6 fits
----------
iter: 3
n_candidates: 2
n_resources: 540
Fitting 1 folds for each of 2 candidates, totalling 2 fits
      -> [LinearSVC + Jittering Set 4] Acc: 0.6213, F1: 0.5928, Time: 1.12s
n_iterations: 4
n_required_iterations: 4
n_possible_iterations: 8
min_resources_: 20
max_resources_: 60000
aggressive_elimination: False
factor: 3
----------
iter: 0
n_candidates: 50
n_resources: 20
Fitting 1 folds for each of 50 candidates, totalling 50 fits
----------
iter: 1
n_candidates: 17
n_resources: 60
Fitting 1 folds for each of 17 candidates, totalling 17 fits
----------
iter: 2
n_candidates: 6
n_resources: 180
Fitting 1 folds for each of 6 candidates, totalling 6 fits
----------
iter: 3
n_candidates: 2
n_resources: 540
Fitting 1 folds for each of 2 candidates, totalling 2 fits
      -> [LogisticRegression + Jittering Set 4] Acc: 0.7241, F1: 0.7223, Time: 1.00s
      -> [RNN + Jittering Set 4] Acc: 0.3889, F1: 0.3167, Time: 160.46s
    [=== Generating 2x synthetic data with Jittering (Set 5, Params: {'sigma': 0.15}) ===]
n_iterations: 4
n_required_iterations: 4
n_possible_iterations: 8
min_resources_: 20
max_resources_: 60000
aggressive_elimination: False
factor: 3
----------
iter: 0
n_candidates: 50
n_resources: 20
Fitting 1 folds for each of 50 candidates, totalling 50 fits
----------
iter: 1
n_candidates: 17
n_resources: 60
Fitting 1 folds for each of 17 candidates, totalling 17 fits
----------
iter: 2
n_candidates: 6
n_resources: 180
Fitting 1 folds for each of 6 candidates, totalling 6 fits
----------
iter: 3
n_candidates: 2
n_resources: 540
Fitting 1 folds for each of 2 candidates, totalling 2 fits
      -> [KNN + Jittering Set 5] Acc: 0.9020, F1: 0.9018, Time: 0.58s
n_iterations: 4
n_required_iterations: 4
n_possible_iterations: 8
min_resources_: 20
max_resources_: 60000
aggressive_elimination: False
factor: 3
----------
iter: 0
n_candidates: 50
n_resources: 20
Fitting 1 folds for each of 50 candidates, totalling 50 fits
----------
iter: 1
n_candidates: 17
n_resources: 60
Fitting 1 folds for each of 17 candidates, totalling 17 fits
----------
iter: 2
n_candidates: 6
n_resources: 180
Fitting 1 folds for each of 6 candidates, totalling 6 fits
----------
iter: 3
n_candidates: 2
n_resources: 540
Fitting 1 folds for each of 2 candidates, totalling 2 fits
      -> [RandomForest + Jittering Set 5] Acc: 0.8836, F1: 0.8832, Time: 13.84s
n_iterations: 4
n_required_iterations: 4
n_possible_iterations: 8
min_resources_: 20
max_resources_: 60000
aggressive_elimination: False
factor: 3
----------
iter: 0
n_candidates: 50
n_resources: 20
Fitting 1 folds for each of 50 candidates, totalling 50 fits
----------
iter: 1
n_candidates: 17
n_resources: 60
Fitting 1 folds for each of 17 candidates, totalling 17 fits
----------
iter: 2
n_candidates: 6
n_resources: 180
Fitting 1 folds for each of 6 candidates, totalling 6 fits
----------
iter: 3
n_candidates: 2
n_resources: 540
Fitting 1 folds for each of 2 candidates, totalling 2 fits
      -> [LinearSVC + Jittering Set 5] Acc: 0.6136, F1: 0.5835, Time: 1.19s
n_iterations: 4
n_required_iterations: 4
n_possible_iterations: 8
min_resources_: 20
max_resources_: 60000
aggressive_elimination: False
factor: 3
----------
iter: 0
n_candidates: 50
n_resources: 20
Fitting 1 folds for each of 50 candidates, totalling 50 fits
----------
iter: 1
n_candidates: 17
n_resources: 60
Fitting 1 folds for each of 17 candidates, totalling 17 fits
----------
iter: 2
n_candidates: 6
n_resources: 180
Fitting 1 folds for each of 6 candidates, totalling 6 fits
----------
iter: 3
n_candidates: 2
n_resources: 540
Fitting 1 folds for each of 2 candidates, totalling 2 fits
      -> [LogisticRegression + Jittering Set 5] Acc: 0.7000, F1: 0.6994, Time: 0.45s
      -> [RNN + Jittering Set 5] Acc: 0.3889, F1: 0.2662, Time: 158.42s
    [=== Generating 3x synthetic data with Jittering (Set 1, Params: {'sigma': 0.01}) ===]
n_iterations: 4
n_required_iterations: 4
n_possible_iterations: 8
min_resources_: 20
max_resources_: 80000
aggressive_elimination: False
factor: 3
----------
iter: 0
n_candidates: 50
n_resources: 20
Fitting 1 folds for each of 50 candidates, totalling 50 fits
----------
iter: 1
n_candidates: 17
n_resources: 60
Fitting 1 folds for each of 17 candidates, totalling 17 fits
----------
iter: 2
n_candidates: 6
n_resources: 180
Fitting 1 folds for each of 6 candidates, totalling 6 fits
----------
iter: 3
n_candidates: 2
n_resources: 540
Fitting 1 folds for each of 2 candidates, totalling 2 fits
      -> [KNN + Jittering Set 1] Acc: 0.9112, F1: 0.9111, Time: 0.63s
n_iterations: 4
n_required_iterations: 4
n_possible_iterations: 8
min_resources_: 20
max_resources_: 80000
aggressive_elimination: False
factor: 3
----------
iter: 0
n_candidates: 50
n_resources: 20
Fitting 1 folds for each of 50 candidates, totalling 50 fits
----------
iter: 1
n_candidates: 17
n_resources: 60
Fitting 1 folds for each of 17 candidates, totalling 17 fits
----------
iter: 2
n_candidates: 6
n_resources: 180
Fitting 1 folds for each of 6 candidates, totalling 6 fits
----------
iter: 3
n_candidates: 2
n_resources: 540
Fitting 1 folds for each of 2 candidates, totalling 2 fits
      -> [RandomForest + Jittering Set 1] Acc: 0.8894, F1: 0.8890, Time: 18.52s
n_iterations: 4
n_required_iterations: 4
n_possible_iterations: 8
min_resources_: 20
max_resources_: 80000
aggressive_elimination: False
factor: 3
----------
iter: 0
n_candidates: 50
n_resources: 20
Fitting 1 folds for each of 50 candidates, totalling 50 fits
----------
iter: 1
n_candidates: 17
n_resources: 60
Fitting 1 folds for each of 17 candidates, totalling 17 fits
----------
iter: 2
n_candidates: 6
n_resources: 180
Fitting 1 folds for each of 6 candidates, totalling 6 fits
----------
iter: 3
n_candidates: 2
n_resources: 540
Fitting 1 folds for each of 2 candidates, totalling 2 fits
      -> [LinearSVC + Jittering Set 1] Acc: 0.6244, F1: 0.5965, Time: 1.53s
n_iterations: 4
n_required_iterations: 4
n_possible_iterations: 8
min_resources_: 20
max_resources_: 80000
aggressive_elimination: False
factor: 3
----------
iter: 0
n_candidates: 50
n_resources: 20
Fitting 1 folds for each of 50 candidates, totalling 50 fits
----------
iter: 1
n_candidates: 17
n_resources: 60
Fitting 1 folds for each of 17 candidates, totalling 17 fits
----------
iter: 2
n_candidates: 6
n_resources: 180
Fitting 1 folds for each of 6 candidates, totalling 6 fits
----------
iter: 3
n_candidates: 2
n_resources: 540
Fitting 1 folds for each of 2 candidates, totalling 2 fits
      -> [LogisticRegression + Jittering Set 1] Acc: 0.7387, F1: 0.7337, Time: 2.10s
      -> [RNN + Jittering Set 1] Acc: 0.5444, F1: 0.4892, Time: 239.30s
    [=== Generating 3x synthetic data with Jittering (Set 2, Params: {'sigma': 0.03}) ===]
n_iterations: 4
n_required_iterations: 4
n_possible_iterations: 8
min_resources_: 20
max_resources_: 80000
aggressive_elimination: False
factor: 3
----------
iter: 0
n_candidates: 50
n_resources: 20
Fitting 1 folds for each of 50 candidates, totalling 50 fits
----------
iter: 1
n_candidates: 17
n_resources: 60
Fitting 1 folds for each of 17 candidates, totalling 17 fits
----------
iter: 2
n_candidates: 6
n_resources: 180
Fitting 1 folds for each of 6 candidates, totalling 6 fits
----------
iter: 3
n_candidates: 2
n_resources: 540
Fitting 1 folds for each of 2 candidates, totalling 2 fits
      -> [KNN + Jittering Set 2] Acc: 0.9117, F1: 0.9114, Time: 0.71s
n_iterations: 4
n_required_iterations: 4
n_possible_iterations: 8
min_resources_: 20
max_resources_: 80000
aggressive_elimination: False
factor: 3
----------
iter: 0
n_candidates: 50
n_resources: 20
Fitting 1 folds for each of 50 candidates, totalling 50 fits
----------
iter: 1
n_candidates: 17
n_resources: 60
Fitting 1 folds for each of 17 candidates, totalling 17 fits
----------
iter: 2
n_candidates: 6
n_resources: 180
Fitting 1 folds for each of 6 candidates, totalling 6 fits
----------
iter: 3
n_candidates: 2
n_resources: 540
Fitting 1 folds for each of 2 candidates, totalling 2 fits
      -> [RandomForest + Jittering Set 2] Acc: 0.7572, F1: 0.7587, Time: 13.47s
n_iterations: 4
n_required_iterations: 4
n_possible_iterations: 8
min_resources_: 20
max_resources_: 80000
aggressive_elimination: False
factor: 3
----------
iter: 0
n_candidates: 50
n_resources: 20
Fitting 1 folds for each of 50 candidates, totalling 50 fits
----------
iter: 1
n_candidates: 17
n_resources: 60
Fitting 1 folds for each of 17 candidates, totalling 17 fits
----------
iter: 2
n_candidates: 6
n_resources: 180
Fitting 1 folds for each of 6 candidates, totalling 6 fits
----------
iter: 3
n_candidates: 2
n_resources: 540
Fitting 1 folds for each of 2 candidates, totalling 2 fits
      -> [LinearSVC + Jittering Set 2] Acc: 0.6244, F1: 0.5967, Time: 1.62s
n_iterations: 4
n_required_iterations: 4
n_possible_iterations: 8
min_resources_: 20
max_resources_: 80000
aggressive_elimination: False
factor: 3
----------
iter: 0
n_candidates: 50
n_resources: 20
Fitting 1 folds for each of 50 candidates, totalling 50 fits
----------
iter: 1
n_candidates: 17
n_resources: 60
Fitting 1 folds for each of 17 candidates, totalling 17 fits
----------
iter: 2
n_candidates: 6
n_resources: 180
Fitting 1 folds for each of 6 candidates, totalling 6 fits
----------
iter: 3
n_candidates: 2
n_resources: 540
Fitting 1 folds for each of 2 candidates, totalling 2 fits
      -> [LogisticRegression + Jittering Set 2] Acc: 0.7408, F1: 0.7361, Time: 1.43s
      -> [RNN + Jittering Set 2] Acc: 0.3444, F1: 0.2233, Time: 237.94s
    [=== Generating 3x synthetic data with Jittering (Set 3, Params: {'sigma': 0.05}) ===]
n_iterations: 4
n_required_iterations: 4
n_possible_iterations: 8
min_resources_: 20
max_resources_: 80000
aggressive_elimination: False
factor: 3
----------
iter: 0
n_candidates: 50
n_resources: 20
Fitting 1 folds for each of 50 candidates, totalling 50 fits
----------
iter: 1
n_candidates: 17
n_resources: 60
Fitting 1 folds for each of 17 candidates, totalling 17 fits
----------
iter: 2
n_candidates: 6
n_resources: 180
Fitting 1 folds for each of 6 candidates, totalling 6 fits
----------
iter: 3
n_candidates: 2
n_resources: 540
Fitting 1 folds for each of 2 candidates, totalling 2 fits
      -> [KNN + Jittering Set 3] Acc: 0.9069, F1: 0.9065, Time: 0.67s
n_iterations: 4
n_required_iterations: 4
n_possible_iterations: 8
min_resources_: 20
max_resources_: 80000
aggressive_elimination: False
factor: 3
----------
iter: 0
n_candidates: 50
n_resources: 20
Fitting 1 folds for each of 50 candidates, totalling 50 fits
----------
iter: 1
n_candidates: 17
n_resources: 60
Fitting 1 folds for each of 17 candidates, totalling 17 fits
----------
iter: 2
n_candidates: 6
n_resources: 180
Fitting 1 folds for each of 6 candidates, totalling 6 fits
----------
iter: 3
n_candidates: 2
n_resources: 540
Fitting 1 folds for each of 2 candidates, totalling 2 fits
      -> [RandomForest + Jittering Set 3] Acc: 0.8951, F1: 0.8949, Time: 10.04s
n_iterations: 4
n_required_iterations: 4
n_possible_iterations: 8
min_resources_: 20
max_resources_: 80000
aggressive_elimination: False
factor: 3
----------
iter: 0
n_candidates: 50
n_resources: 20
Fitting 1 folds for each of 50 candidates, totalling 50 fits
----------
iter: 1
n_candidates: 17
n_resources: 60
Fitting 1 folds for each of 17 candidates, totalling 17 fits
----------
iter: 2
n_candidates: 6
n_resources: 180
Fitting 1 folds for each of 6 candidates, totalling 6 fits
----------
iter: 3
n_candidates: 2
n_resources: 540
Fitting 1 folds for each of 2 candidates, totalling 2 fits
      -> [LinearSVC + Jittering Set 3] Acc: 0.6233, F1: 0.5951, Time: 1.68s
n_iterations: 4
n_required_iterations: 4
n_possible_iterations: 8
min_resources_: 20
max_resources_: 80000
aggressive_elimination: False
factor: 3
----------
iter: 0
n_candidates: 50
n_resources: 20
Fitting 1 folds for each of 50 candidates, totalling 50 fits
----------
iter: 1
n_candidates: 17
n_resources: 60
Fitting 1 folds for each of 17 candidates, totalling 17 fits
----------
iter: 2
n_candidates: 6
n_resources: 180
Fitting 1 folds for each of 6 candidates, totalling 6 fits
----------
iter: 3
n_candidates: 2
n_resources: 540
Fitting 1 folds for each of 2 candidates, totalling 2 fits
      -> [LogisticRegression + Jittering Set 3] Acc: 0.7432, F1: 0.7393, Time: 1.86s
      -> [RNN + Jittering Set 3] Acc: 0.4000, F1: 0.3044, Time: 238.89s
    [=== Generating 3x synthetic data with Jittering (Set 4, Params: {'sigma': 0.1}) ===]
n_iterations: 4
n_required_iterations: 4
n_possible_iterations: 8
min_resources_: 20
max_resources_: 80000
aggressive_elimination: False
factor: 3
----------
iter: 0
n_candidates: 50
n_resources: 20
Fitting 1 folds for each of 50 candidates, totalling 50 fits
----------
iter: 1
n_candidates: 17
n_resources: 60
Fitting 1 folds for each of 17 candidates, totalling 17 fits
----------
iter: 2
n_candidates: 6
n_resources: 180
Fitting 1 folds for each of 6 candidates, totalling 6 fits
----------
iter: 3
n_candidates: 2
n_resources: 540
Fitting 1 folds for each of 2 candidates, totalling 2 fits
      -> [KNN + Jittering Set 4] Acc: 0.9017, F1: 0.9015, Time: 0.76s
n_iterations: 4
n_required_iterations: 4
n_possible_iterations: 8
min_resources_: 20
max_resources_: 80000
aggressive_elimination: False
factor: 3
----------
iter: 0
n_candidates: 50
n_resources: 20
Fitting 1 folds for each of 50 candidates, totalling 50 fits
----------
iter: 1
n_candidates: 17
n_resources: 60
Fitting 1 folds for each of 17 candidates, totalling 17 fits
----------
iter: 2
n_candidates: 6
n_resources: 180
Fitting 1 folds for each of 6 candidates, totalling 6 fits
----------
iter: 3
n_candidates: 2
n_resources: 540
Fitting 1 folds for each of 2 candidates, totalling 2 fits
      -> [RandomForest + Jittering Set 4] Acc: 0.8976, F1: 0.8977, Time: 26.69s
n_iterations: 4
n_required_iterations: 4
n_possible_iterations: 8
min_resources_: 20
max_resources_: 80000
aggressive_elimination: False
factor: 3
----------
iter: 0
n_candidates: 50
n_resources: 20
Fitting 1 folds for each of 50 candidates, totalling 50 fits
----------
iter: 1
n_candidates: 17
n_resources: 60
Fitting 1 folds for each of 17 candidates, totalling 17 fits
----------
iter: 2
n_candidates: 6
n_resources: 180
Fitting 1 folds for each of 6 candidates, totalling 6 fits
----------
iter: 3
n_candidates: 2
n_resources: 540
Fitting 1 folds for each of 2 candidates, totalling 2 fits
      -> [LinearSVC + Jittering Set 4] Acc: 0.6449, F1: 0.6202, Time: 0.34s
n_iterations: 4
n_required_iterations: 4
n_possible_iterations: 8
min_resources_: 20
max_resources_: 80000
aggressive_elimination: False
factor: 3
----------
iter: 0
n_candidates: 50
n_resources: 20
Fitting 1 folds for each of 50 candidates, totalling 50 fits
----------
iter: 1
n_candidates: 17
n_resources: 60
Fitting 1 folds for each of 17 candidates, totalling 17 fits
----------
iter: 2
n_candidates: 6
n_resources: 180
Fitting 1 folds for each of 6 candidates, totalling 6 fits
----------
iter: 3
n_candidates: 2
n_resources: 540
Fitting 1 folds for each of 2 candidates, totalling 2 fits
      -> [LogisticRegression + Jittering Set 4] Acc: 0.7179, F1: 0.7163, Time: 0.58s
      -> [RNN + Jittering Set 4] Acc: 0.3444, F1: 0.2470, Time: 241.93s
    [=== Generating 3x synthetic data with Jittering (Set 5, Params: {'sigma': 0.15}) ===]
n_iterations: 4
n_required_iterations: 4
n_possible_iterations: 8
min_resources_: 20
max_resources_: 80000
aggressive_elimination: False
factor: 3
----------
iter: 0
n_candidates: 50
n_resources: 20
Fitting 1 folds for each of 50 candidates, totalling 50 fits
----------
iter: 1
n_candidates: 17
n_resources: 60
Fitting 1 folds for each of 17 candidates, totalling 17 fits
----------
iter: 2
n_candidates: 6
n_resources: 180
Fitting 1 folds for each of 6 candidates, totalling 6 fits
----------
iter: 3
n_candidates: 2
n_resources: 540
Fitting 1 folds for each of 2 candidates, totalling 2 fits
      -> [KNN + Jittering Set 5] Acc: 0.8974, F1: 0.8974, Time: 0.78s
n_iterations: 4
n_required_iterations: 4
n_possible_iterations: 8
min_resources_: 20
max_resources_: 80000
aggressive_elimination: False
factor: 3
----------
iter: 0
n_candidates: 50
n_resources: 20
Fitting 1 folds for each of 50 candidates, totalling 50 fits
----------
iter: 1
n_candidates: 17
n_resources: 60
Fitting 1 folds for each of 17 candidates, totalling 17 fits
----------
iter: 2
n_candidates: 6
n_resources: 180
Fitting 1 folds for each of 6 candidates, totalling 6 fits
----------
iter: 3
n_candidates: 2
n_resources: 540
Fitting 1 folds for each of 2 candidates, totalling 2 fits
      -> [RandomForest + Jittering Set 5] Acc: 0.8823, F1: 0.8821, Time: 34.65s
n_iterations: 4
n_required_iterations: 4
n_possible_iterations: 8
min_resources_: 20
max_resources_: 80000
aggressive_elimination: False
factor: 3
----------
iter: 0
n_candidates: 50
n_resources: 20
Fitting 1 folds for each of 50 candidates, totalling 50 fits
----------
iter: 1
n_candidates: 17
n_resources: 60
Fitting 1 folds for each of 17 candidates, totalling 17 fits
----------
iter: 2
n_candidates: 6
n_resources: 180
Fitting 1 folds for each of 6 candidates, totalling 6 fits
----------
iter: 3
n_candidates: 2
n_resources: 540
Fitting 1 folds for each of 2 candidates, totalling 2 fits
      -> [LinearSVC + Jittering Set 5] Acc: 0.6102, F1: 0.5796, Time: 1.97s
n_iterations: 4
n_required_iterations: 4
n_possible_iterations: 8
min_resources_: 20
max_resources_: 80000
aggressive_elimination: False
factor: 3
----------
iter: 0
n_candidates: 50
n_resources: 20
Fitting 1 folds for each of 50 candidates, totalling 50 fits
----------
iter: 1
n_candidates: 17
n_resources: 60
Fitting 1 folds for each of 17 candidates, totalling 17 fits
----------
iter: 2
n_candidates: 6
n_resources: 180
Fitting 1 folds for each of 6 candidates, totalling 6 fits
----------
iter: 3
n_candidates: 2
n_resources: 540
Fitting 1 folds for each of 2 candidates, totalling 2 fits
      -> [LogisticRegression + Jittering Set 5] Acc: 0.6867, F1: 0.6857, Time: 0.71s
      -> [RNN + Jittering Set 5] Acc: 0.2778, F1: 0.1702, Time: 234.15s
    [=== Generating 5x synthetic data with Jittering (Set 1, Params: {'sigma': 0.01}) ===]
n_iterations: 4
n_required_iterations: 4
n_possible_iterations: 8
min_resources_: 20
max_resources_: 120000
aggressive_elimination: False
factor: 3
----------
iter: 0
n_candidates: 50
n_resources: 20
Fitting 1 folds for each of 50 candidates, totalling 50 fits
----------
iter: 1
n_candidates: 17
n_resources: 60
Fitting 1 folds for each of 17 candidates, totalling 17 fits
----------
iter: 2
n_candidates: 6
n_resources: 180
Fitting 1 folds for each of 6 candidates, totalling 6 fits
----------
iter: 3
n_candidates: 2
n_resources: 540
Fitting 1 folds for each of 2 candidates, totalling 2 fits
      -> [KNN + Jittering Set 1] Acc: 0.9089, F1: 0.9086, Time: 0.60s
n_iterations: 4
n_required_iterations: 4
n_possible_iterations: 8
min_resources_: 20
max_resources_: 120000
aggressive_elimination: False
factor: 3
----------
iter: 0
n_candidates: 50
n_resources: 20
Fitting 1 folds for each of 50 candidates, totalling 50 fits
----------
iter: 1
n_candidates: 17
n_resources: 60
Fitting 1 folds for each of 17 candidates, totalling 17 fits
----------
iter: 2
n_candidates: 6
n_resources: 180
Fitting 1 folds for each of 6 candidates, totalling 6 fits
----------
iter: 3
n_candidates: 2
n_resources: 540
Fitting 1 folds for each of 2 candidates, totalling 2 fits
      -> [RandomForest + Jittering Set 1] Acc: 0.8962, F1: 0.8959, Time: 16.43s
n_iterations: 4
n_required_iterations: 4
n_possible_iterations: 8
min_resources_: 20
max_resources_: 120000
aggressive_elimination: False
factor: 3
----------
iter: 0
n_candidates: 50
n_resources: 20
Fitting 1 folds for each of 50 candidates, totalling 50 fits
----------
iter: 1
n_candidates: 17
n_resources: 60
Fitting 1 folds for each of 17 candidates, totalling 17 fits
----------
iter: 2
n_candidates: 6
n_resources: 180
Fitting 1 folds for each of 6 candidates, totalling 6 fits
----------
iter: 3
n_candidates: 2
n_resources: 540
Fitting 1 folds for each of 2 candidates, totalling 2 fits
      -> [LinearSVC + Jittering Set 1] Acc: 0.6242, F1: 0.5963, Time: 2.60s
n_iterations: 4
n_required_iterations: 4
n_possible_iterations: 8
min_resources_: 20
max_resources_: 120000
aggressive_elimination: False
factor: 3
----------
iter: 0
n_candidates: 50
n_resources: 20
Fitting 1 folds for each of 50 candidates, totalling 50 fits
----------
iter: 1
n_candidates: 17
n_resources: 60
Fitting 1 folds for each of 17 candidates, totalling 17 fits
----------
iter: 2
n_candidates: 6
n_resources: 180
Fitting 1 folds for each of 6 candidates, totalling 6 fits
----------
iter: 3
n_candidates: 2
n_resources: 540
Fitting 1 folds for each of 2 candidates, totalling 2 fits
      -> [LogisticRegression + Jittering Set 1] Acc: 0.7386, F1: 0.7336, Time: 2.08s
      -> [RNN + Jittering Set 1] Acc: 0.6111, F1: 0.5772, Time: 200.77s
    [=== Generating 5x synthetic data with Jittering (Set 2, Params: {'sigma': 0.03}) ===]
n_iterations: 4
n_required_iterations: 4
n_possible_iterations: 8
min_resources_: 20
max_resources_: 120000
aggressive_elimination: False
factor: 3
----------
iter: 0
n_candidates: 50
n_resources: 20
Fitting 1 folds for each of 50 candidates, totalling 50 fits
----------
iter: 1
n_candidates: 17
n_resources: 60
Fitting 1 folds for each of 17 candidates, totalling 17 fits
----------
iter: 2
n_candidates: 6
n_resources: 180
Fitting 1 folds for each of 6 candidates, totalling 6 fits
----------
iter: 3
n_candidates: 2
n_resources: 540
Fitting 1 folds for each of 2 candidates, totalling 2 fits
      -> [KNN + Jittering Set 2] Acc: 0.9111, F1: 0.9106, Time: 0.64s
n_iterations: 4
n_required_iterations: 4
n_possible_iterations: 8
min_resources_: 20
max_resources_: 120000
aggressive_elimination: False
factor: 3
----------
iter: 0
n_candidates: 50
n_resources: 20
Fitting 1 folds for each of 50 candidates, totalling 50 fits
----------
iter: 1
n_candidates: 17
n_resources: 60
Fitting 1 folds for each of 17 candidates, totalling 17 fits
----------
iter: 2
n_candidates: 6
n_resources: 180
Fitting 1 folds for each of 6 candidates, totalling 6 fits
----------
iter: 3
n_candidates: 2
n_resources: 540
Fitting 1 folds for each of 2 candidates, totalling 2 fits
      -> [RandomForest + Jittering Set 2] Acc: 0.9040, F1: 0.9035, Time: 52.97s
n_iterations: 4
n_required_iterations: 4
n_possible_iterations: 8
min_resources_: 20
max_resources_: 120000
aggressive_elimination: False
factor: 3
----------
iter: 0
n_candidates: 50
n_resources: 20
Fitting 1 folds for each of 50 candidates, totalling 50 fits
----------
iter: 1
n_candidates: 17
n_resources: 60
Fitting 1 folds for each of 17 candidates, totalling 17 fits
----------
iter: 2
n_candidates: 6
n_resources: 180
Fitting 1 folds for each of 6 candidates, totalling 6 fits
----------
iter: 3
n_candidates: 2
n_resources: 540
Fitting 1 folds for each of 2 candidates, totalling 2 fits
      -> [LinearSVC + Jittering Set 2] Acc: 0.6242, F1: 0.5964, Time: 2.78s
n_iterations: 4
n_required_iterations: 4
n_possible_iterations: 8
min_resources_: 20
max_resources_: 120000
aggressive_elimination: False
factor: 3
----------
iter: 0
n_candidates: 50
n_resources: 20
Fitting 1 folds for each of 50 candidates, totalling 50 fits
----------
iter: 1
n_candidates: 17
n_resources: 60
Fitting 1 folds for each of 17 candidates, totalling 17 fits
----------
iter: 2
n_candidates: 6
n_resources: 180
Fitting 1 folds for each of 6 candidates, totalling 6 fits
----------
iter: 3
n_candidates: 2
n_resources: 540
Fitting 1 folds for each of 2 candidates, totalling 2 fits
      -> [LogisticRegression + Jittering Set 2] Acc: 0.7402, F1: 0.7356, Time: 1.09s
      -> [RNN + Jittering Set 2] Acc: 0.6000, F1: 0.5538, Time: 397.82s
    [=== Generating 5x synthetic data with Jittering (Set 3, Params: {'sigma': 0.05}) ===]
n_iterations: 4
n_required_iterations: 4
n_possible_iterations: 8
min_resources_: 20
max_resources_: 120000
aggressive_elimination: False
factor: 3
----------
iter: 0
n_candidates: 50
n_resources: 20
Fitting 1 folds for each of 50 candidates, totalling 50 fits
----------
iter: 1
n_candidates: 17
n_resources: 60
Fitting 1 folds for each of 17 candidates, totalling 17 fits
----------
iter: 2
n_candidates: 6
n_resources: 180
Fitting 1 folds for each of 6 candidates, totalling 6 fits
----------
iter: 3
n_candidates: 2
n_resources: 540
Fitting 1 folds for each of 2 candidates, totalling 2 fits
      -> [KNN + Jittering Set 3] Acc: 0.9066, F1: 0.9059, Time: 0.76s
n_iterations: 4
n_required_iterations: 4
n_possible_iterations: 8
min_resources_: 20
max_resources_: 120000
aggressive_elimination: False
factor: 3
----------
iter: 0
n_candidates: 50
n_resources: 20
Fitting 1 folds for each of 50 candidates, totalling 50 fits
----------
iter: 1
n_candidates: 17
n_resources: 60
Fitting 1 folds for each of 17 candidates, totalling 17 fits
----------
iter: 2
n_candidates: 6
n_resources: 180
Fitting 1 folds for each of 6 candidates, totalling 6 fits
----------
iter: 3
n_candidates: 2
n_resources: 540
Fitting 1 folds for each of 2 candidates, totalling 2 fits
      -> [RandomForest + Jittering Set 3] Acc: 0.7507, F1: 0.7509, Time: 11.70s
n_iterations: 4
n_required_iterations: 4
n_possible_iterations: 8
min_resources_: 20
max_resources_: 120000
aggressive_elimination: False
factor: 3
----------
iter: 0
n_candidates: 50
n_resources: 20
Fitting 1 folds for each of 50 candidates, totalling 50 fits
----------
iter: 1
n_candidates: 17
n_resources: 60
Fitting 1 folds for each of 17 candidates, totalling 17 fits
----------
iter: 2
n_candidates: 6
n_resources: 180
Fitting 1 folds for each of 6 candidates, totalling 6 fits
----------
iter: 3
n_candidates: 2
n_resources: 540
Fitting 1 folds for each of 2 candidates, totalling 2 fits
      -> [LinearSVC + Jittering Set 3] Acc: 0.6239, F1: 0.5956, Time: 2.93s
n_iterations: 4
n_required_iterations: 4
n_possible_iterations: 8
min_resources_: 20
max_resources_: 120000
aggressive_elimination: False
factor: 3
----------
iter: 0
n_candidates: 50
n_resources: 20
Fitting 1 folds for each of 50 candidates, totalling 50 fits
----------
iter: 1
n_candidates: 17
n_resources: 60
Fitting 1 folds for each of 17 candidates, totalling 17 fits
----------
iter: 2
n_candidates: 6
n_resources: 180
Fitting 1 folds for each of 6 candidates, totalling 6 fits
----------
iter: 3
n_candidates: 2
n_resources: 540
Fitting 1 folds for each of 2 candidates, totalling 2 fits
      -> [LogisticRegression + Jittering Set 3] Acc: 0.7398, F1: 0.7360, Time: 1.20s
      -> [RNN + Jittering Set 3] Acc: 0.5667, F1: 0.4869, Time: 409.77s
    [=== Generating 5x synthetic data with Jittering (Set 4, Params: {'sigma': 0.1}) ===]
n_iterations: 4
n_required_iterations: 4
n_possible_iterations: 8
min_resources_: 20
max_resources_: 120000
aggressive_elimination: False
factor: 3
----------
iter: 0
n_candidates: 50
n_resources: 20
Fitting 1 folds for each of 50 candidates, totalling 50 fits
----------
iter: 1
n_candidates: 17
n_resources: 60
Fitting 1 folds for each of 17 candidates, totalling 17 fits
----------
iter: 2
n_candidates: 6
n_resources: 180
Fitting 1 folds for each of 6 candidates, totalling 6 fits
----------
iter: 3
n_candidates: 2
n_resources: 540
Fitting 1 folds for each of 2 candidates, totalling 2 fits
      -> [KNN + Jittering Set 4] Acc: 0.9030, F1: 0.9026, Time: 0.87s
n_iterations: 4
n_required_iterations: 4
n_possible_iterations: 8
min_resources_: 20
max_resources_: 120000
aggressive_elimination: False
factor: 3
----------
iter: 0
n_candidates: 50
n_resources: 20
Fitting 1 folds for each of 50 candidates, totalling 50 fits
----------
iter: 1
n_candidates: 17
n_resources: 60
Fitting 1 folds for each of 17 candidates, totalling 17 fits
----------
iter: 2
n_candidates: 6
n_resources: 180
Fitting 1 folds for each of 6 candidates, totalling 6 fits
----------
iter: 3
n_candidates: 2
n_resources: 540
Fitting 1 folds for each of 2 candidates, totalling 2 fits
      -> [RandomForest + Jittering Set 4] Acc: 0.8938, F1: 0.8938, Time: 59.01s
n_iterations: 4
n_required_iterations: 4
n_possible_iterations: 8
min_resources_: 20
max_resources_: 120000
aggressive_elimination: False
factor: 3
----------
iter: 0
n_candidates: 50
n_resources: 20
Fitting 1 folds for each of 50 candidates, totalling 50 fits
----------
iter: 1
n_candidates: 17
n_resources: 60
Fitting 1 folds for each of 17 candidates, totalling 17 fits
----------
iter: 2
n_candidates: 6
n_resources: 180
Fitting 1 folds for each of 6 candidates, totalling 6 fits
----------
iter: 3
n_candidates: 2
n_resources: 540
Fitting 1 folds for each of 2 candidates, totalling 2 fits
      -> [LinearSVC + Jittering Set 4] Acc: 0.6187, F1: 0.5901, Time: 3.24s
n_iterations: 4
n_required_iterations: 4
n_possible_iterations: 8
min_resources_: 20
max_resources_: 120000
aggressive_elimination: False
factor: 3
----------
iter: 0
n_candidates: 50
n_resources: 20
Fitting 1 folds for each of 50 candidates, totalling 50 fits
----------
iter: 1
n_candidates: 17
n_resources: 60
Fitting 1 folds for each of 17 candidates, totalling 17 fits
----------
iter: 2
n_candidates: 6
n_resources: 180
Fitting 1 folds for each of 6 candidates, totalling 6 fits
----------
iter: 3
n_candidates: 2
n_resources: 540
Fitting 1 folds for each of 2 candidates, totalling 2 fits
      -> [LogisticRegression + Jittering Set 4] Acc: 0.7114, F1: 0.7101, Time: 5.82s
      -> [RNN + Jittering Set 4] Acc: 0.5444, F1: 0.4670, Time: 263.20s
    [=== Generating 5x synthetic data with Jittering (Set 5, Params: {'sigma': 0.15}) ===]
n_iterations: 4
n_required_iterations: 4
n_possible_iterations: 8
min_resources_: 20
max_resources_: 120000
aggressive_elimination: False
factor: 3
----------
iter: 0
n_candidates: 50
n_resources: 20
Fitting 1 folds for each of 50 candidates, totalling 50 fits
----------
iter: 1
n_candidates: 17
n_resources: 60
Fitting 1 folds for each of 17 candidates, totalling 17 fits
----------
iter: 2
n_candidates: 6
n_resources: 180
Fitting 1 folds for each of 6 candidates, totalling 6 fits
----------
iter: 3
n_candidates: 2
n_resources: 540
Fitting 1 folds for each of 2 candidates, totalling 2 fits
      -> [KNN + Jittering Set 5] Acc: 0.8909, F1: 0.8907, Time: 0.44s
n_iterations: 4
n_required_iterations: 4
n_possible_iterations: 8
min_resources_: 20
max_resources_: 120000
aggressive_elimination: False
factor: 3
----------
iter: 0
n_candidates: 50
n_resources: 20
Fitting 1 folds for each of 50 candidates, totalling 50 fits
----------
iter: 1
n_candidates: 17
n_resources: 60
Fitting 1 folds for each of 17 candidates, totalling 17 fits
----------
iter: 2
n_candidates: 6
n_resources: 180
Fitting 1 folds for each of 6 candidates, totalling 6 fits
----------
iter: 3
n_candidates: 2
n_resources: 540
Fitting 1 folds for each of 2 candidates, totalling 2 fits
      -> [RandomForest + Jittering Set 5] Acc: 0.8747, F1: 0.8746, Time: 18.38s
n_iterations: 4
n_required_iterations: 4
n_possible_iterations: 8
min_resources_: 20
max_resources_: 120000
aggressive_elimination: False
factor: 3
----------
iter: 0
n_candidates: 50
n_resources: 20
Fitting 1 folds for each of 50 candidates, totalling 50 fits
----------
iter: 1
n_candidates: 17
n_resources: 60
Fitting 1 folds for each of 17 candidates, totalling 17 fits
----------
iter: 2
n_candidates: 6
n_resources: 180
Fitting 1 folds for each of 6 candidates, totalling 6 fits
----------
iter: 3
n_candidates: 2
n_resources: 540
Fitting 1 folds for each of 2 candidates, totalling 2 fits
      -> [LinearSVC + Jittering Set 5] Acc: 0.6057, F1: 0.5754, Time: 3.16s
n_iterations: 4
n_required_iterations: 4
n_possible_iterations: 8
min_resources_: 20
max_resources_: 120000
aggressive_elimination: False
factor: 3
----------
iter: 0
n_candidates: 50
n_resources: 20
Fitting 1 folds for each of 50 candidates, totalling 50 fits
----------
iter: 1
n_candidates: 17
n_resources: 60
Fitting 1 folds for each of 17 candidates, totalling 17 fits
----------
iter: 2
n_candidates: 6
n_resources: 180
Fitting 1 folds for each of 6 candidates, totalling 6 fits
----------
iter: 3
n_candidates: 2
n_resources: 540
Fitting 1 folds for each of 2 candidates, totalling 2 fits
      -> [LogisticRegression + Jittering Set 5] Acc: 0.6810, F1: 0.6798, Time: 0.74s
      -> [RNN + Jittering Set 5] Acc: 0.5889, F1: 0.5428, Time: 390.73s
    [=== Generating 10x synthetic data with Jittering (Set 1, Params: {'sigma': 0.01}) ===]
n_iterations: 4
n_required_iterations: 4
n_possible_iterations: 8
min_resources_: 20
max_resources_: 120000
aggressive_elimination: False
factor: 3
----------
iter: 0
n_candidates: 50
n_resources: 20
Fitting 1 folds for each of 50 candidates, totalling 50 fits
----------
iter: 1
n_candidates: 17
n_resources: 60
Fitting 1 folds for each of 17 candidates, totalling 17 fits
----------
iter: 2
n_candidates: 6
n_resources: 180
Fitting 1 folds for each of 6 candidates, totalling 6 fits
----------
iter: 3
n_candidates: 2
n_resources: 540
Fitting 1 folds for each of 2 candidates, totalling 2 fits
      -> [KNN + Jittering Set 1] Acc: 0.9117, F1: 0.9111, Time: 0.33s
n_iterations: 4
n_required_iterations: 4
n_possible_iterations: 8
min_resources_: 20
max_resources_: 120000
aggressive_elimination: False
factor: 3
----------
iter: 0
n_candidates: 50
n_resources: 20
Fitting 1 folds for each of 50 candidates, totalling 50 fits
----------
iter: 1
n_candidates: 17
n_resources: 60
Fitting 1 folds for each of 17 candidates, totalling 17 fits
----------
iter: 2
n_candidates: 6
n_resources: 180
Fitting 1 folds for each of 6 candidates, totalling 6 fits
----------
iter: 3
n_candidates: 2
n_resources: 540
Fitting 1 folds for each of 2 candidates, totalling 2 fits
      -> [RandomForest + Jittering Set 1] Acc: 0.8994, F1: 0.8990, Time: 50.41s
n_iterations: 4
n_required_iterations: 4
n_possible_iterations: 8
min_resources_: 20
max_resources_: 120000
aggressive_elimination: False
factor: 3
----------
iter: 0
n_candidates: 50
n_resources: 20
Fitting 1 folds for each of 50 candidates, totalling 50 fits
----------
iter: 1
n_candidates: 17
n_resources: 60
Fitting 1 folds for each of 17 candidates, totalling 17 fits
----------
iter: 2
n_candidates: 6
n_resources: 180
Fitting 1 folds for each of 6 candidates, totalling 6 fits
----------
iter: 3
n_candidates: 2
n_resources: 540
Fitting 1 folds for each of 2 candidates, totalling 2 fits
      -> [LinearSVC + Jittering Set 1] Acc: 0.6930, F1: 0.6728, Time: 1.25s
n_iterations: 4
n_required_iterations: 4
n_possible_iterations: 8
min_resources_: 20
max_resources_: 120000
aggressive_elimination: False
factor: 3
----------
iter: 0
n_candidates: 50
n_resources: 20
Fitting 1 folds for each of 50 candidates, totalling 50 fits
----------
iter: 1
n_candidates: 17
n_resources: 60
Fitting 1 folds for each of 17 candidates, totalling 17 fits
----------
iter: 2
n_candidates: 6
n_resources: 180
Fitting 1 folds for each of 6 candidates, totalling 6 fits
----------
iter: 3
n_candidates: 2
n_resources: 540
Fitting 1 folds for each of 2 candidates, totalling 2 fits
      -> [LogisticRegression + Jittering Set 1] Acc: 0.6674, F1: 0.6486, Time: 0.99s
      -> [RNN + Jittering Set 1] Acc: 0.6556, F1: 0.6289, Time: 720.71s
    [=== Generating 10x synthetic data with Jittering (Set 2, Params: {'sigma': 0.03}) ===]
n_iterations: 4
n_required_iterations: 4
n_possible_iterations: 8
min_resources_: 20
max_resources_: 120000
aggressive_elimination: False
factor: 3
----------
iter: 0
n_candidates: 50
n_resources: 20
Fitting 1 folds for each of 50 candidates, totalling 50 fits
----------
iter: 1
n_candidates: 17
n_resources: 60
Fitting 1 folds for each of 17 candidates, totalling 17 fits
----------
iter: 2
n_candidates: 6
n_resources: 180
Fitting 1 folds for each of 6 candidates, totalling 6 fits
----------
iter: 3
n_candidates: 2
n_resources: 540
Fitting 1 folds for each of 2 candidates, totalling 2 fits
      -> [KNN + Jittering Set 2] Acc: 0.9100, F1: 0.9094, Time: 0.33s
n_iterations: 4
n_required_iterations: 4
n_possible_iterations: 8
min_resources_: 20
max_resources_: 120000
aggressive_elimination: False
factor: 3
----------
iter: 0
n_candidates: 50
n_resources: 20
Fitting 1 folds for each of 50 candidates, totalling 50 fits
----------
iter: 1
n_candidates: 17
n_resources: 60
Fitting 1 folds for each of 17 candidates, totalling 17 fits
----------
iter: 2
n_candidates: 6
n_resources: 180
Fitting 1 folds for each of 6 candidates, totalling 6 fits
----------
iter: 3
n_candidates: 2
n_resources: 540
Fitting 1 folds for each of 2 candidates, totalling 2 fits
      -> [RandomForest + Jittering Set 2] Acc: 0.9009, F1: 0.9007, Time: 17.32s
n_iterations: 4
n_required_iterations: 4
n_possible_iterations: 8
min_resources_: 20
max_resources_: 120000
aggressive_elimination: False
factor: 3
----------
iter: 0
n_candidates: 50
n_resources: 20
Fitting 1 folds for each of 50 candidates, totalling 50 fits
----------
iter: 1
n_candidates: 17
n_resources: 60
Fitting 1 folds for each of 17 candidates, totalling 17 fits
----------
iter: 2
n_candidates: 6
n_resources: 180
Fitting 1 folds for each of 6 candidates, totalling 6 fits
----------
iter: 3
n_candidates: 2
n_resources: 540
Fitting 1 folds for each of 2 candidates, totalling 2 fits
      -> [LinearSVC + Jittering Set 2] Acc: 0.6244, F1: 0.5969, Time: 4.16s
n_iterations: 4
n_required_iterations: 4
n_possible_iterations: 8
min_resources_: 20
max_resources_: 120000
aggressive_elimination: False
factor: 3
----------
iter: 0
n_candidates: 50
n_resources: 20
Fitting 1 folds for each of 50 candidates, totalling 50 fits
----------
iter: 1
n_candidates: 17
n_resources: 60
Fitting 1 folds for each of 17 candidates, totalling 17 fits
----------
iter: 2
n_candidates: 6
n_resources: 180
Fitting 1 folds for each of 6 candidates, totalling 6 fits
----------
iter: 3
n_candidates: 2
n_resources: 540
Fitting 1 folds for each of 2 candidates, totalling 2 fits
      -> [LogisticRegression + Jittering Set 2] Acc: 0.6624, F1: 0.6420, Time: 1.18s
      -> [RNN + Jittering Set 2] Acc: 0.6778, F1: 0.6452, Time: 772.83s
    [=== Generating 10x synthetic data with Jittering (Set 3, Params: {'sigma': 0.05}) ===]
n_iterations: 4
n_required_iterations: 4
n_possible_iterations: 8
min_resources_: 20
max_resources_: 120000
aggressive_elimination: False
factor: 3
----------
iter: 0
n_candidates: 50
n_resources: 20
Fitting 1 folds for each of 50 candidates, totalling 50 fits
----------
iter: 1
n_candidates: 17
n_resources: 60
Fitting 1 folds for each of 17 candidates, totalling 17 fits
----------
iter: 2
n_candidates: 6
n_resources: 180
Fitting 1 folds for each of 6 candidates, totalling 6 fits
----------
iter: 3
n_candidates: 2
n_resources: 540
Fitting 1 folds for each of 2 candidates, totalling 2 fits
      -> [KNN + Jittering Set 3] Acc: 0.9014, F1: 0.9010, Time: 0.37s
n_iterations: 4
n_required_iterations: 4
n_possible_iterations: 8
min_resources_: 20
max_resources_: 120000
aggressive_elimination: False
factor: 3
----------
iter: 0
n_candidates: 50
n_resources: 20
Fitting 1 folds for each of 50 candidates, totalling 50 fits
----------
iter: 1
n_candidates: 17
n_resources: 60
Fitting 1 folds for each of 17 candidates, totalling 17 fits
----------
iter: 2
n_candidates: 6
n_resources: 180
Fitting 1 folds for each of 6 candidates, totalling 6 fits
----------
iter: 3
n_candidates: 2
n_resources: 540
Fitting 1 folds for each of 2 candidates, totalling 2 fits
      -> [RandomForest + Jittering Set 3] Acc: 0.9050, F1: 0.9047, Time: 16.47s
n_iterations: 4
n_required_iterations: 4
n_possible_iterations: 8
min_resources_: 20
max_resources_: 120000
aggressive_elimination: False
factor: 3
----------
iter: 0
n_candidates: 50
n_resources: 20
Fitting 1 folds for each of 50 candidates, totalling 50 fits
----------
iter: 1
n_candidates: 17
n_resources: 60
Fitting 1 folds for each of 17 candidates, totalling 17 fits
----------
iter: 2
n_candidates: 6
n_resources: 180
Fitting 1 folds for each of 6 candidates, totalling 6 fits
----------
iter: 3
n_candidates: 2
n_resources: 540
Fitting 1 folds for each of 2 candidates, totalling 2 fits
      -> [LinearSVC + Jittering Set 3] Acc: 0.6233, F1: 0.5955, Time: 3.81s
n_iterations: 4
n_required_iterations: 4
n_possible_iterations: 8
min_resources_: 20
max_resources_: 120000
aggressive_elimination: False
factor: 3
----------
iter: 0
n_candidates: 50
n_resources: 20
Fitting 1 folds for each of 50 candidates, totalling 50 fits
----------
iter: 1
n_candidates: 17
n_resources: 60
Fitting 1 folds for each of 17 candidates, totalling 17 fits
----------
iter: 2
n_candidates: 6
n_resources: 180
Fitting 1 folds for each of 6 candidates, totalling 6 fits
----------
iter: 3
n_candidates: 2
n_resources: 540
Fitting 1 folds for each of 2 candidates, totalling 2 fits
      -> [LogisticRegression + Jittering Set 3] Acc: 0.6537, F1: 0.6323, Time: 1.05s
      -> [RNN + Jittering Set 3] Acc: 0.7222, F1: 0.6835, Time: 700.13s
    [=== Generating 10x synthetic data with Jittering (Set 4, Params: {'sigma': 0.1}) ===]
n_iterations: 4
n_required_iterations: 4
n_possible_iterations: 8
min_resources_: 20
max_resources_: 120000
aggressive_elimination: False
factor: 3
----------
iter: 0
n_candidates: 50
n_resources: 20
Fitting 1 folds for each of 50 candidates, totalling 50 fits
----------
iter: 1
n_candidates: 17
n_resources: 60
Fitting 1 folds for each of 17 candidates, totalling 17 fits
----------
iter: 2
n_candidates: 6
n_resources: 180
Fitting 1 folds for each of 6 candidates, totalling 6 fits
----------
iter: 3
n_candidates: 2
n_resources: 540
Fitting 1 folds for each of 2 candidates, totalling 2 fits
      -> [KNN + Jittering Set 4] Acc: 0.8822, F1: 0.8825, Time: 0.97s
n_iterations: 4
n_required_iterations: 4
n_possible_iterations: 8
min_resources_: 20
max_resources_: 120000
aggressive_elimination: False
factor: 3
----------
iter: 0
n_candidates: 50
n_resources: 20
Fitting 1 folds for each of 50 candidates, totalling 50 fits
----------
iter: 1
n_candidates: 17
n_resources: 60
Fitting 1 folds for each of 17 candidates, totalling 17 fits
----------
iter: 2
n_candidates: 6
n_resources: 180
Fitting 1 folds for each of 6 candidates, totalling 6 fits
----------
iter: 3
n_candidates: 2
n_resources: 540
Fitting 1 folds for each of 2 candidates, totalling 2 fits
      -> [RandomForest + Jittering Set 4] Acc: 0.8752, F1: 0.8756, Time: 51.86s
n_iterations: 4
n_required_iterations: 4
n_possible_iterations: 8
min_resources_: 20
max_resources_: 120000
aggressive_elimination: False
factor: 3
----------
iter: 0
n_candidates: 50
n_resources: 20
Fitting 1 folds for each of 50 candidates, totalling 50 fits
----------
iter: 1
n_candidates: 17
n_resources: 60
Fitting 1 folds for each of 17 candidates, totalling 17 fits
----------
iter: 2
n_candidates: 6
n_resources: 180
Fitting 1 folds for each of 6 candidates, totalling 6 fits
----------
iter: 3
n_candidates: 2
n_resources: 540
Fitting 1 folds for each of 2 candidates, totalling 2 fits
      -> [LinearSVC + Jittering Set 4] Acc: 0.6181, F1: 0.5896, Time: 4.28s
n_iterations: 4
n_required_iterations: 4
n_possible_iterations: 8
min_resources_: 20
max_resources_: 120000
aggressive_elimination: False
factor: 3
----------
iter: 0
n_candidates: 50
n_resources: 20
Fitting 1 folds for each of 50 candidates, totalling 50 fits
----------
iter: 1
n_candidates: 17
n_resources: 60
Fitting 1 folds for each of 17 candidates, totalling 17 fits
----------
iter: 2
n_candidates: 6
n_resources: 180
Fitting 1 folds for each of 6 candidates, totalling 6 fits
----------
iter: 3
n_candidates: 2
n_resources: 540
Fitting 1 folds for each of 2 candidates, totalling 2 fits
      -> [LogisticRegression + Jittering Set 4] Acc: 0.6182, F1: 0.5929, Time: 1.03s
      -> [RNN + Jittering Set 4] Acc: 0.3778, F1: 0.3004, Time: 491.54s
    [=== Generating 10x synthetic data with Jittering (Set 5, Params: {'sigma': 0.15}) ===]
n_iterations: 4
n_required_iterations: 4
n_possible_iterations: 8
min_resources_: 20
max_resources_: 120000
aggressive_elimination: False
factor: 3
----------
iter: 0
n_candidates: 50
n_resources: 20
Fitting 1 folds for each of 50 candidates, totalling 50 fits
----------
iter: 1
n_candidates: 17
n_resources: 60
Fitting 1 folds for each of 17 candidates, totalling 17 fits
----------
iter: 2
n_candidates: 6
n_resources: 180
Fitting 1 folds for each of 6 candidates, totalling 6 fits
----------
iter: 3
n_candidates: 2
n_resources: 540
Fitting 1 folds for each of 2 candidates, totalling 2 fits
      -> [KNN + Jittering Set 5] Acc: 0.8794, F1: 0.8797, Time: 0.33s
n_iterations: 4
n_required_iterations: 4
n_possible_iterations: 8
min_resources_: 20
max_resources_: 120000
aggressive_elimination: False
factor: 3
----------
iter: 0
n_candidates: 50
n_resources: 20
Fitting 1 folds for each of 50 candidates, totalling 50 fits
----------
iter: 1
n_candidates: 17
n_resources: 60
Fitting 1 folds for each of 17 candidates, totalling 17 fits
----------
iter: 2
n_candidates: 6
n_resources: 180
Fitting 1 folds for each of 6 candidates, totalling 6 fits
----------
iter: 3
n_candidates: 2
n_resources: 540
Fitting 1 folds for each of 2 candidates, totalling 2 fits
      -> [RandomForest + Jittering Set 5] Acc: 0.8620, F1: 0.8620, Time: 20.62s
n_iterations: 4
n_required_iterations: 4
n_possible_iterations: 8
min_resources_: 20
max_resources_: 120000
aggressive_elimination: False
factor: 3
----------
iter: 0
n_candidates: 50
n_resources: 20
Fitting 1 folds for each of 50 candidates, totalling 50 fits
----------
iter: 1
n_candidates: 17
n_resources: 60
Fitting 1 folds for each of 17 candidates, totalling 17 fits
----------
iter: 2
n_candidates: 6
n_resources: 180
Fitting 1 folds for each of 6 candidates, totalling 6 fits
----------
iter: 3
n_candidates: 2
n_resources: 540
Fitting 1 folds for each of 2 candidates, totalling 2 fits
      -> [LinearSVC + Jittering Set 5] Acc: 0.6036, F1: 0.5728, Time: 4.24s
n_iterations: 4
n_required_iterations: 4
n_possible_iterations: 8
min_resources_: 20
max_resources_: 120000
aggressive_elimination: False
factor: 3
----------
iter: 0
n_candidates: 50
n_resources: 20
Fitting 1 folds for each of 50 candidates, totalling 50 fits
----------
iter: 1
n_candidates: 17
n_resources: 60
Fitting 1 folds for each of 17 candidates, totalling 17 fits
----------
iter: 2
n_candidates: 6
n_resources: 180
Fitting 1 folds for each of 6 candidates, totalling 6 fits
----------
iter: 3
n_candidates: 2
n_resources: 540
Fitting 1 folds for each of 2 candidates, totalling 2 fits
      -> [LogisticRegression + Jittering Set 5] Acc: 0.5792, F1: 0.5488, Time: 1.33s
      -> [RNN + Jittering Set 5] Acc: 0.6778, F1: 0.6373, Time: 714.35s

    >> Seed Fold Selection: 5/10
    Evaluating Model: KNN
      -> [Baseline] Acc: 0.9230, F1: 0.9233, Time: 0.47s
      HP Tuning KNN...
n_iterations: 4
n_required_iterations: 4
n_possible_iterations: 5
min_resources_: 100
max_resources_: 20000
aggressive_elimination: False
factor: 3
----------
iter: 0
n_candidates: 50
n_resources: 100
Fitting 5 folds for each of 50 candidates, totalling 250 fits
----------
iter: 1
n_candidates: 17
n_resources: 300
Fitting 5 folds for each of 17 candidates, totalling 85 fits
----------
iter: 2
n_candidates: 6
n_resources: 900
Fitting 5 folds for each of 6 candidates, totalling 30 fits
----------
iter: 3
n_candidates: 2
n_resources: 2700
Fitting 5 folds for each of 2 candidates, totalling 10 fits
      -> [Tuned_Baseline] Acc: 0.9261, F1: 0.9265, Time: 0.32s
    Evaluating Model: RandomForest
      -> [Baseline] Acc: 0.9048, F1: 0.9049, Time: 5.93s
      HP Tuning RandomForest...
n_iterations: 4
n_required_iterations: 4
n_possible_iterations: 5
min_resources_: 100
max_resources_: 20000
aggressive_elimination: False
factor: 3
----------
iter: 0
n_candidates: 50
n_resources: 100
Fitting 5 folds for each of 50 candidates, totalling 250 fits
----------
iter: 1
n_candidates: 17
n_resources: 300
Fitting 5 folds for each of 17 candidates, totalling 85 fits
----------
iter: 2
n_candidates: 6
n_resources: 900
Fitting 5 folds for each of 6 candidates, totalling 30 fits
----------
iter: 3
n_candidates: 2
n_resources: 2700
Fitting 5 folds for each of 2 candidates, totalling 10 fits
      -> [Tuned_Baseline] Acc: 0.9072, F1: 0.9074, Time: 0.13s
    Evaluating Model: LinearSVC
      -> [Baseline] Acc: 0.6846, F1: 0.6636, Time: 0.15s
      HP Tuning LinearSVC...
n_iterations: 4
n_required_iterations: 4
n_possible_iterations: 5
min_resources_: 100
max_resources_: 20000
aggressive_elimination: False
factor: 3
----------
iter: 0
n_candidates: 50
n_resources: 100
Fitting 5 folds for each of 50 candidates, totalling 250 fits
----------
iter: 1
n_candidates: 17
n_resources: 300
Fitting 5 folds for each of 17 candidates, totalling 85 fits
----------
iter: 2
n_candidates: 6
n_resources: 900
Fitting 5 folds for each of 6 candidates, totalling 30 fits
----------
iter: 3
n_candidates: 2
n_resources: 2700
Fitting 5 folds for each of 2 candidates, totalling 10 fits
      -> [Tuned_Baseline] Acc: 0.6873, F1: 0.6671, Time: 0.00s
    Evaluating Model: LogisticRegression
      -> [Baseline] Acc: 0.7380, F1: 0.7336, Time: 0.61s
      HP Tuning LogisticRegression...
n_iterations: 4
n_required_iterations: 4
n_possible_iterations: 5
min_resources_: 100
max_resources_: 20000
aggressive_elimination: False
factor: 3
----------
iter: 0
n_candidates: 50
n_resources: 100
Fitting 5 folds for each of 50 candidates, totalling 250 fits
----------
iter: 1
n_candidates: 17
n_resources: 300
Fitting 5 folds for each of 17 candidates, totalling 85 fits
----------
iter: 2
n_candidates: 6
n_resources: 900
Fitting 5 folds for each of 6 candidates, totalling 30 fits
----------
iter: 3
n_candidates: 2
n_resources: 2700
Fitting 5 folds for each of 2 candidates, totalling 10 fits
      -> [Tuned_Baseline] Acc: 0.7484, F1: 0.7439, Time: 0.00s
    Evaluating Model: RNN
      -> [Baseline] Acc: 0.2889, F1: 0.1521, Time: 5.20s
      HP Tuning RNN...
n_iterations: 2
n_required_iterations: 2
n_possible_iterations: 3
min_resources_: 10
max_resources_: 200
aggressive_elimination: False
factor: 3
----------
iter: 0
n_candidates: 4
n_resources: 10
Fitting 5 folds for each of 4 candidates, totalling 20 fits
----------
iter: 1
n_candidates: 2
n_resources: 30
Fitting 5 folds for each of 2 candidates, totalling 10 fits
      -> [Tuned_Baseline] Acc: 0.2556, F1: 0.1248, Time: 1.35s
    [=== Generating 2x synthetic data with Jittering (Set 1, Params: {'sigma': 0.01}) ===]
n_iterations: 4
n_required_iterations: 4
n_possible_iterations: 8
min_resources_: 20
max_resources_: 60000
aggressive_elimination: False
factor: 3
----------
iter: 0
n_candidates: 50
n_resources: 20
Fitting 1 folds for each of 50 candidates, totalling 50 fits
----------
iter: 1
n_candidates: 17
n_resources: 60
Fitting 1 folds for each of 17 candidates, totalling 17 fits
----------
iter: 2
n_candidates: 6
n_resources: 180
Fitting 1 folds for each of 6 candidates, totalling 6 fits
----------
iter: 3
n_candidates: 2
n_resources: 540
Fitting 1 folds for each of 2 candidates, totalling 2 fits
      -> [KNN + Jittering Set 1] Acc: 0.9279, F1: 0.9281, Time: 0.47s
n_iterations: 4
n_required_iterations: 4
n_possible_iterations: 8
min_resources_: 20
max_resources_: 60000
aggressive_elimination: False
factor: 3
----------
iter: 0
n_candidates: 50
n_resources: 20
Fitting 1 folds for each of 50 candidates, totalling 50 fits
----------
iter: 1
n_candidates: 17
n_resources: 60
Fitting 1 folds for each of 17 candidates, totalling 17 fits
----------
iter: 2
n_candidates: 6
n_resources: 180
Fitting 1 folds for each of 6 candidates, totalling 6 fits
----------
iter: 3
n_candidates: 2
n_resources: 540
Fitting 1 folds for each of 2 candidates, totalling 2 fits
      -> [RandomForest + Jittering Set 1] Acc: 0.9126, F1: 0.9124, Time: 6.17s
n_iterations: 4
n_required_iterations: 4
n_possible_iterations: 8
min_resources_: 20
max_resources_: 60000
aggressive_elimination: False
factor: 3
----------
iter: 0
n_candidates: 50
n_resources: 20
Fitting 1 folds for each of 50 candidates, totalling 50 fits
----------
iter: 1
n_candidates: 17
n_resources: 60
Fitting 1 folds for each of 17 candidates, totalling 17 fits
----------
iter: 2
n_candidates: 6
n_resources: 180
Fitting 1 folds for each of 6 candidates, totalling 6 fits
----------
iter: 3
n_candidates: 2
n_resources: 540
Fitting 1 folds for each of 2 candidates, totalling 2 fits
      -> [LinearSVC + Jittering Set 1] Acc: 0.6082, F1: 0.5766, Time: 0.95s
n_iterations: 4
n_required_iterations: 4
n_possible_iterations: 8
min_resources_: 20
max_resources_: 60000
aggressive_elimination: False
factor: 3
----------
iter: 0
n_candidates: 50
n_resources: 20
Fitting 1 folds for each of 50 candidates, totalling 50 fits
----------
iter: 1
n_candidates: 17
n_resources: 60
Fitting 1 folds for each of 17 candidates, totalling 17 fits
----------
iter: 2
n_candidates: 6
n_resources: 180
Fitting 1 folds for each of 6 candidates, totalling 6 fits
----------
iter: 3
n_candidates: 2
n_resources: 540
Fitting 1 folds for each of 2 candidates, totalling 2 fits
      -> [LogisticRegression + Jittering Set 1] Acc: 0.7491, F1: 0.7446, Time: 1.31s
      -> [RNN + Jittering Set 1] Acc: 0.4889, F1: 0.4100, Time: 160.79s
    [=== Generating 2x synthetic data with Jittering (Set 2, Params: {'sigma': 0.03}) ===]
n_iterations: 4
n_required_iterations: 4
n_possible_iterations: 8
min_resources_: 20
max_resources_: 60000
aggressive_elimination: False
factor: 3
----------
iter: 0
n_candidates: 50
n_resources: 20
Fitting 1 folds for each of 50 candidates, totalling 50 fits
----------
iter: 1
n_candidates: 17
n_resources: 60
Fitting 1 folds for each of 17 candidates, totalling 17 fits
----------
iter: 2
n_candidates: 6
n_resources: 180
Fitting 1 folds for each of 6 candidates, totalling 6 fits
----------
iter: 3
n_candidates: 2
n_resources: 540
Fitting 1 folds for each of 2 candidates, totalling 2 fits
      -> [KNN + Jittering Set 2] Acc: 0.9243, F1: 0.9243, Time: 0.44s
n_iterations: 4
n_required_iterations: 4
n_possible_iterations: 8
min_resources_: 20
max_resources_: 60000
aggressive_elimination: False
factor: 3
----------
iter: 0
n_candidates: 50
n_resources: 20
Fitting 1 folds for each of 50 candidates, totalling 50 fits
----------
iter: 1
n_candidates: 17
n_resources: 60
Fitting 1 folds for each of 17 candidates, totalling 17 fits
----------
iter: 2
n_candidates: 6
n_resources: 180
Fitting 1 folds for each of 6 candidates, totalling 6 fits
----------
iter: 3
n_candidates: 2
n_resources: 540
Fitting 1 folds for each of 2 candidates, totalling 2 fits
      -> [RandomForest + Jittering Set 2] Acc: 0.9144, F1: 0.9146, Time: 12.60s
n_iterations: 4
n_required_iterations: 4
n_possible_iterations: 8
min_resources_: 20
max_resources_: 60000
aggressive_elimination: False
factor: 3
----------
iter: 0
n_candidates: 50
n_resources: 20
Fitting 1 folds for each of 50 candidates, totalling 50 fits
----------
iter: 1
n_candidates: 17
n_resources: 60
Fitting 1 folds for each of 17 candidates, totalling 17 fits
----------
iter: 2
n_candidates: 6
n_resources: 180
Fitting 1 folds for each of 6 candidates, totalling 6 fits
----------
iter: 3
n_candidates: 2
n_resources: 540
Fitting 1 folds for each of 2 candidates, totalling 2 fits
      -> [LinearSVC + Jittering Set 2] Acc: 0.6809, F1: 0.6595, Time: 0.27s
n_iterations: 4
n_required_iterations: 4
n_possible_iterations: 8
min_resources_: 20
max_resources_: 60000
aggressive_elimination: False
factor: 3
----------
iter: 0
n_candidates: 50
n_resources: 20
Fitting 1 folds for each of 50 candidates, totalling 50 fits
----------
iter: 1
n_candidates: 17
n_resources: 60
Fitting 1 folds for each of 17 candidates, totalling 17 fits
----------
iter: 2
n_candidates: 6
n_resources: 180
Fitting 1 folds for each of 6 candidates, totalling 6 fits
----------
iter: 3
n_candidates: 2
n_resources: 540
Fitting 1 folds for each of 2 candidates, totalling 2 fits
      -> [LogisticRegression + Jittering Set 2] Acc: 0.7492, F1: 0.7448, Time: 0.93s
      -> [RNN + Jittering Set 2] Acc: 0.4778, F1: 0.3796, Time: 164.86s
    [=== Generating 2x synthetic data with Jittering (Set 3, Params: {'sigma': 0.05}) ===]
n_iterations: 4
n_required_iterations: 4
n_possible_iterations: 8
min_resources_: 20
max_resources_: 60000
aggressive_elimination: False
factor: 3
----------
iter: 0
n_candidates: 50
n_resources: 20
Fitting 1 folds for each of 50 candidates, totalling 50 fits
----------
iter: 1
n_candidates: 17
n_resources: 60
Fitting 1 folds for each of 17 candidates, totalling 17 fits
----------
iter: 2
n_candidates: 6
n_resources: 180
Fitting 1 folds for each of 6 candidates, totalling 6 fits
----------
iter: 3
n_candidates: 2
n_resources: 540
Fitting 1 folds for each of 2 candidates, totalling 2 fits
      -> [KNN + Jittering Set 3] Acc: 0.9273, F1: 0.9274, Time: 0.56s
n_iterations: 4
n_required_iterations: 4
n_possible_iterations: 8
min_resources_: 20
max_resources_: 60000
aggressive_elimination: False
factor: 3
----------
iter: 0
n_candidates: 50
n_resources: 20
Fitting 1 folds for each of 50 candidates, totalling 50 fits
----------
iter: 1
n_candidates: 17
n_resources: 60
Fitting 1 folds for each of 17 candidates, totalling 17 fits
----------
iter: 2
n_candidates: 6
n_resources: 180
Fitting 1 folds for each of 6 candidates, totalling 6 fits
----------
iter: 3
n_candidates: 2
n_resources: 540
Fitting 1 folds for each of 2 candidates, totalling 2 fits
      -> [RandomForest + Jittering Set 3] Acc: 0.9118, F1: 0.9119, Time: 12.86s
n_iterations: 4
n_required_iterations: 4
n_possible_iterations: 8
min_resources_: 20
max_resources_: 60000
aggressive_elimination: False
factor: 3
----------
iter: 0
n_candidates: 50
n_resources: 20
Fitting 1 folds for each of 50 candidates, totalling 50 fits
----------
iter: 1
n_candidates: 17
n_resources: 60
Fitting 1 folds for each of 17 candidates, totalling 17 fits
----------
iter: 2
n_candidates: 6
n_resources: 180
Fitting 1 folds for each of 6 candidates, totalling 6 fits
----------
iter: 3
n_candidates: 2
n_resources: 540
Fitting 1 folds for each of 2 candidates, totalling 2 fits
      -> [LinearSVC + Jittering Set 3] Acc: 0.6103, F1: 0.5794, Time: 1.01s
n_iterations: 4
n_required_iterations: 4
n_possible_iterations: 8
min_resources_: 20
max_resources_: 60000
aggressive_elimination: False
factor: 3
----------
iter: 0
n_candidates: 50
n_resources: 20
Fitting 1 folds for each of 50 candidates, totalling 50 fits
----------
iter: 1
n_candidates: 17
n_resources: 60
Fitting 1 folds for each of 17 candidates, totalling 17 fits
----------
iter: 2
n_candidates: 6
n_resources: 180
Fitting 1 folds for each of 6 candidates, totalling 6 fits
----------
iter: 3
n_candidates: 2
n_resources: 540
Fitting 1 folds for each of 2 candidates, totalling 2 fits
      -> [LogisticRegression + Jittering Set 3] Acc: 0.7449, F1: 0.7413, Time: 1.41s
      -> [RNN + Jittering Set 3] Acc: 0.3222, F1: 0.2043, Time: 157.30s
    [=== Generating 2x synthetic data with Jittering (Set 4, Params: {'sigma': 0.1}) ===]
n_iterations: 4
n_required_iterations: 4
n_possible_iterations: 8
min_resources_: 20
max_resources_: 60000
aggressive_elimination: False
factor: 3
----------
iter: 0
n_candidates: 50
n_resources: 20
Fitting 1 folds for each of 50 candidates, totalling 50 fits
----------
iter: 1
n_candidates: 17
n_resources: 60
Fitting 1 folds for each of 17 candidates, totalling 17 fits
----------
iter: 2
n_candidates: 6
n_resources: 180
Fitting 1 folds for each of 6 candidates, totalling 6 fits
----------
iter: 3
n_candidates: 2
n_resources: 540
Fitting 1 folds for each of 2 candidates, totalling 2 fits
      -> [KNN + Jittering Set 4] Acc: 0.9241, F1: 0.9243, Time: 0.18s
n_iterations: 4
n_required_iterations: 4
n_possible_iterations: 8
min_resources_: 20
max_resources_: 60000
aggressive_elimination: False
factor: 3
----------
iter: 0
n_candidates: 50
n_resources: 20
Fitting 1 folds for each of 50 candidates, totalling 50 fits
----------
iter: 1
n_candidates: 17
n_resources: 60
Fitting 1 folds for each of 17 candidates, totalling 17 fits
----------
iter: 2
n_candidates: 6
n_resources: 180
Fitting 1 folds for each of 6 candidates, totalling 6 fits
----------
iter: 3
n_candidates: 2
n_resources: 540
Fitting 1 folds for each of 2 candidates, totalling 2 fits
      -> [RandomForest + Jittering Set 4] Acc: 0.9161, F1: 0.9160, Time: 7.32s
n_iterations: 4
n_required_iterations: 4
n_possible_iterations: 8
min_resources_: 20
max_resources_: 60000
aggressive_elimination: False
factor: 3
----------
iter: 0
n_candidates: 50
n_resources: 20
Fitting 1 folds for each of 50 candidates, totalling 50 fits
----------
iter: 1
n_candidates: 17
n_resources: 60
Fitting 1 folds for each of 17 candidates, totalling 17 fits
----------
iter: 2
n_candidates: 6
n_resources: 180
Fitting 1 folds for each of 6 candidates, totalling 6 fits
----------
iter: 3
n_candidates: 2
n_resources: 540
Fitting 1 folds for each of 2 candidates, totalling 2 fits
      -> [LinearSVC + Jittering Set 4] Acc: 0.6128, F1: 0.5836, Time: 1.11s
n_iterations: 4
n_required_iterations: 4
n_possible_iterations: 8
min_resources_: 20
max_resources_: 60000
aggressive_elimination: False
factor: 3
----------
iter: 0
n_candidates: 50
n_resources: 20
Fitting 1 folds for each of 50 candidates, totalling 50 fits
----------
iter: 1
n_candidates: 17
n_resources: 60
Fitting 1 folds for each of 17 candidates, totalling 17 fits
----------
iter: 2
n_candidates: 6
n_resources: 180
Fitting 1 folds for each of 6 candidates, totalling 6 fits
----------
iter: 3
n_candidates: 2
n_resources: 540
Fitting 1 folds for each of 2 candidates, totalling 2 fits
      -> [LogisticRegression + Jittering Set 4] Acc: 0.7211, F1: 0.7191, Time: 0.89s
      -> [RNN + Jittering Set 4] Acc: 0.3000, F1: 0.2204, Time: 55.16s
    [=== Generating 2x synthetic data with Jittering (Set 5, Params: {'sigma': 0.15}) ===]
n_iterations: 4
n_required_iterations: 4
n_possible_iterations: 8
min_resources_: 20
max_resources_: 60000
aggressive_elimination: False
factor: 3
----------
iter: 0
n_candidates: 50
n_resources: 20
Fitting 1 folds for each of 50 candidates, totalling 50 fits
----------
iter: 1
n_candidates: 17
n_resources: 60
Fitting 1 folds for each of 17 candidates, totalling 17 fits
----------
iter: 2
n_candidates: 6
n_resources: 180
Fitting 1 folds for each of 6 candidates, totalling 6 fits
----------
iter: 3
n_candidates: 2
n_resources: 540
Fitting 1 folds for each of 2 candidates, totalling 2 fits
      -> [KNN + Jittering Set 5] Acc: 0.9234, F1: 0.9234, Time: 0.13s
n_iterations: 4
n_required_iterations: 4
n_possible_iterations: 8
min_resources_: 20
max_resources_: 60000
aggressive_elimination: False
factor: 3
----------
iter: 0
n_candidates: 50
n_resources: 20
Fitting 1 folds for each of 50 candidates, totalling 50 fits
----------
iter: 1
n_candidates: 17
n_resources: 60
Fitting 1 folds for each of 17 candidates, totalling 17 fits
----------
iter: 2
n_candidates: 6
n_resources: 180
Fitting 1 folds for each of 6 candidates, totalling 6 fits
----------
iter: 3
n_candidates: 2
n_resources: 540
Fitting 1 folds for each of 2 candidates, totalling 2 fits
      -> [RandomForest + Jittering Set 5] Acc: 0.9026, F1: 0.9027, Time: 5.82s
n_iterations: 4
n_required_iterations: 4
n_possible_iterations: 8
min_resources_: 20
max_resources_: 60000
aggressive_elimination: False
factor: 3
----------
iter: 0
n_candidates: 50
n_resources: 20
Fitting 1 folds for each of 50 candidates, totalling 50 fits
----------
iter: 1
n_candidates: 17
n_resources: 60
Fitting 1 folds for each of 17 candidates, totalling 17 fits
----------
iter: 2
n_candidates: 6
n_resources: 180
Fitting 1 folds for each of 6 candidates, totalling 6 fits
----------
iter: 3
n_candidates: 2
n_resources: 540
Fitting 1 folds for each of 2 candidates, totalling 2 fits
      -> [LinearSVC + Jittering Set 5] Acc: 0.6113, F1: 0.5810, Time: 0.92s
n_iterations: 4
n_required_iterations: 4
n_possible_iterations: 8
min_resources_: 20
max_resources_: 60000
aggressive_elimination: False
factor: 3
----------
iter: 0
n_candidates: 50
n_resources: 20
Fitting 1 folds for each of 50 candidates, totalling 50 fits
----------
iter: 1
n_candidates: 17
n_resources: 60
Fitting 1 folds for each of 17 candidates, totalling 17 fits
----------
iter: 2
n_candidates: 6
n_resources: 180
Fitting 1 folds for each of 6 candidates, totalling 6 fits
----------
iter: 3
n_candidates: 2
n_resources: 540
Fitting 1 folds for each of 2 candidates, totalling 2 fits
      -> [LogisticRegression + Jittering Set 5] Acc: 0.7037, F1: 0.7014, Time: 0.28s
      -> [RNN + Jittering Set 5] Acc: 0.4889, F1: 0.3880, Time: 1.27s
    [=== Generating 3x synthetic data with Jittering (Set 1, Params: {'sigma': 0.01}) ===]
n_iterations: 4
n_required_iterations: 4
n_possible_iterations: 8
min_resources_: 20
max_resources_: 80000
aggressive_elimination: False
factor: 3
----------
iter: 0
n_candidates: 50
n_resources: 20
Fitting 1 folds for each of 50 candidates, totalling 50 fits
----------
iter: 1
n_candidates: 17
n_resources: 60
Fitting 1 folds for each of 17 candidates, totalling 17 fits
----------
iter: 2
n_candidates: 6
n_resources: 180
Fitting 1 folds for each of 6 candidates, totalling 6 fits
----------
iter: 3
n_candidates: 2
n_resources: 540
Fitting 1 folds for each of 2 candidates, totalling 2 fits
      -> [KNN + Jittering Set 1] Acc: 0.9260, F1: 0.9261, Time: 0.42s
n_iterations: 4
n_required_iterations: 4
n_possible_iterations: 8
min_resources_: 20
max_resources_: 80000
aggressive_elimination: False
factor: 3
----------
iter: 0
n_candidates: 50
n_resources: 20
Fitting 1 folds for each of 50 candidates, totalling 50 fits
----------
iter: 1
n_candidates: 17
n_resources: 60
Fitting 1 folds for each of 17 candidates, totalling 17 fits
----------
iter: 2
n_candidates: 6
n_resources: 180
Fitting 1 folds for each of 6 candidates, totalling 6 fits
----------
iter: 3
n_candidates: 2
n_resources: 540
Fitting 1 folds for each of 2 candidates, totalling 2 fits
      -> [RandomForest + Jittering Set 1] Acc: 0.9147, F1: 0.9147, Time: 28.26s
n_iterations: 4
n_required_iterations: 4
n_possible_iterations: 8
min_resources_: 20
max_resources_: 80000
aggressive_elimination: False
factor: 3
----------
iter: 0
n_candidates: 50
n_resources: 20
Fitting 1 folds for each of 50 candidates, totalling 50 fits
----------
iter: 1
n_candidates: 17
n_resources: 60
Fitting 1 folds for each of 17 candidates, totalling 17 fits
----------
iter: 2
n_candidates: 6
n_resources: 180
Fitting 1 folds for each of 6 candidates, totalling 6 fits
----------
iter: 3
n_candidates: 2
n_resources: 540
Fitting 1 folds for each of 2 candidates, totalling 2 fits
      -> [LinearSVC + Jittering Set 1] Acc: 0.6862, F1: 0.6657, Time: 0.44s
n_iterations: 4
n_required_iterations: 4
n_possible_iterations: 8
min_resources_: 20
max_resources_: 80000
aggressive_elimination: False
factor: 3
----------
iter: 0
n_candidates: 50
n_resources: 20
Fitting 1 folds for each of 50 candidates, totalling 50 fits
----------
iter: 1
n_candidates: 17
n_resources: 60
Fitting 1 folds for each of 17 candidates, totalling 17 fits
----------
iter: 2
n_candidates: 6
n_resources: 180
Fitting 1 folds for each of 6 candidates, totalling 6 fits
----------
iter: 3
n_candidates: 2
n_resources: 540
Fitting 1 folds for each of 2 candidates, totalling 2 fits
      -> [LogisticRegression + Jittering Set 1] Acc: 0.7491, F1: 0.7447, Time: 4.36s
      -> [RNN + Jittering Set 1] Acc: 0.5111, F1: 0.4117, Time: 246.61s
    [=== Generating 3x synthetic data with Jittering (Set 2, Params: {'sigma': 0.03}) ===]
n_iterations: 4
n_required_iterations: 4
n_possible_iterations: 8
min_resources_: 20
max_resources_: 80000
aggressive_elimination: False
factor: 3
----------
iter: 0
n_candidates: 50
n_resources: 20
Fitting 1 folds for each of 50 candidates, totalling 50 fits
----------
iter: 1
n_candidates: 17
n_resources: 60
Fitting 1 folds for each of 17 candidates, totalling 17 fits
----------
iter: 2
n_candidates: 6
n_resources: 180
Fitting 1 folds for each of 6 candidates, totalling 6 fits
----------
iter: 3
n_candidates: 2
n_resources: 540
Fitting 1 folds for each of 2 candidates, totalling 2 fits
      -> [KNN + Jittering Set 2] Acc: 0.9253, F1: 0.9255, Time: 0.60s
n_iterations: 4
n_required_iterations: 4
n_possible_iterations: 8
min_resources_: 20
max_resources_: 80000
aggressive_elimination: False
factor: 3
----------
iter: 0
n_candidates: 50
n_resources: 20
Fitting 1 folds for each of 50 candidates, totalling 50 fits
----------
iter: 1
n_candidates: 17
n_resources: 60
Fitting 1 folds for each of 17 candidates, totalling 17 fits
----------
iter: 2
n_candidates: 6
n_resources: 180
Fitting 1 folds for each of 6 candidates, totalling 6 fits
----------
iter: 3
n_candidates: 2
n_resources: 540
Fitting 1 folds for each of 2 candidates, totalling 2 fits
      -> [RandomForest + Jittering Set 2] Acc: 0.9194, F1: 0.9193, Time: 9.95s
n_iterations: 4
n_required_iterations: 4
n_possible_iterations: 8
min_resources_: 20
max_resources_: 80000
aggressive_elimination: False
factor: 3
----------
iter: 0
n_candidates: 50
n_resources: 20
Fitting 1 folds for each of 50 candidates, totalling 50 fits
----------
iter: 1
n_candidates: 17
n_resources: 60
Fitting 1 folds for each of 17 candidates, totalling 17 fits
----------
iter: 2
n_candidates: 6
n_resources: 180
Fitting 1 folds for each of 6 candidates, totalling 6 fits
----------
iter: 3
n_candidates: 2
n_resources: 540
Fitting 1 folds for each of 2 candidates, totalling 2 fits
      -> [LinearSVC + Jittering Set 2] Acc: 0.6803, F1: 0.6588, Time: 0.44s
n_iterations: 4
n_required_iterations: 4
n_possible_iterations: 8
min_resources_: 20
max_resources_: 80000
aggressive_elimination: False
factor: 3
----------
iter: 0
n_candidates: 50
n_resources: 20
Fitting 1 folds for each of 50 candidates, totalling 50 fits
----------
iter: 1
n_candidates: 17
n_resources: 60
Fitting 1 folds for each of 17 candidates, totalling 17 fits
----------
iter: 2
n_candidates: 6
n_resources: 180
Fitting 1 folds for each of 6 candidates, totalling 6 fits
----------
iter: 3
n_candidates: 2
n_resources: 540
Fitting 1 folds for each of 2 candidates, totalling 2 fits
      -> [LogisticRegression + Jittering Set 2] Acc: 0.7494, F1: 0.7452, Time: 0.81s
      -> [RNN + Jittering Set 2] Acc: 0.5889, F1: 0.5370, Time: 237.87s
    [=== Generating 3x synthetic data with Jittering (Set 3, Params: {'sigma': 0.05}) ===]
n_iterations: 4
n_required_iterations: 4
n_possible_iterations: 8
min_resources_: 20
max_resources_: 80000
aggressive_elimination: False
factor: 3
----------
iter: 0
n_candidates: 50
n_resources: 20
Fitting 1 folds for each of 50 candidates, totalling 50 fits
----------
iter: 1
n_candidates: 17
n_resources: 60
Fitting 1 folds for each of 17 candidates, totalling 17 fits
----------
iter: 2
n_candidates: 6
n_resources: 180
Fitting 1 folds for each of 6 candidates, totalling 6 fits
----------
iter: 3
n_candidates: 2
n_resources: 540
Fitting 1 folds for each of 2 candidates, totalling 2 fits
      -> [KNN + Jittering Set 3] Acc: 0.9274, F1: 0.9277, Time: 0.80s
n_iterations: 4
n_required_iterations: 4
n_possible_iterations: 8
min_resources_: 20
max_resources_: 80000
aggressive_elimination: False
factor: 3
----------
iter: 0
n_candidates: 50
n_resources: 20
Fitting 1 folds for each of 50 candidates, totalling 50 fits
----------
iter: 1
n_candidates: 17
n_resources: 60
Fitting 1 folds for each of 17 candidates, totalling 17 fits
----------
iter: 2
n_candidates: 6
n_resources: 180
Fitting 1 folds for each of 6 candidates, totalling 6 fits
----------
iter: 3
n_candidates: 2
n_resources: 540
Fitting 1 folds for each of 2 candidates, totalling 2 fits
      -> [RandomForest + Jittering Set 3] Acc: 0.9172, F1: 0.9173, Time: 9.89s
n_iterations: 4
n_required_iterations: 4
n_possible_iterations: 8
min_resources_: 20
max_resources_: 80000
aggressive_elimination: False
factor: 3
----------
iter: 0
n_candidates: 50
n_resources: 20
Fitting 1 folds for each of 50 candidates, totalling 50 fits
----------
iter: 1
n_candidates: 17
n_resources: 60
Fitting 1 folds for each of 17 candidates, totalling 17 fits
----------
iter: 2
n_candidates: 6
n_resources: 180
Fitting 1 folds for each of 6 candidates, totalling 6 fits
----------
iter: 3
n_candidates: 2
n_resources: 540
Fitting 1 folds for each of 2 candidates, totalling 2 fits
      -> [LinearSVC + Jittering Set 3] Acc: 0.6704, F1: 0.6483, Time: 0.40s
n_iterations: 4
n_required_iterations: 4
n_possible_iterations: 8
min_resources_: 20
max_resources_: 80000
aggressive_elimination: False
factor: 3
----------
iter: 0
n_candidates: 50
n_resources: 20
Fitting 1 folds for each of 50 candidates, totalling 50 fits
----------
iter: 1
n_candidates: 17
n_resources: 60
Fitting 1 folds for each of 17 candidates, totalling 17 fits
----------
iter: 2
n_candidates: 6
n_resources: 180
Fitting 1 folds for each of 6 candidates, totalling 6 fits
----------
iter: 3
n_candidates: 2
n_resources: 540
Fitting 1 folds for each of 2 candidates, totalling 2 fits
      -> [LogisticRegression + Jittering Set 3] Acc: 0.7451, F1: 0.7417, Time: 0.68s
      -> [RNN + Jittering Set 3] Acc: 0.3222, F1: 0.2032, Time: 243.15s
    [=== Generating 3x synthetic data with Jittering (Set 4, Params: {'sigma': 0.1}) ===]
n_iterations: 4
n_required_iterations: 4
n_possible_iterations: 8
min_resources_: 20
max_resources_: 80000
aggressive_elimination: False
factor: 3
----------
iter: 0
n_candidates: 50
n_resources: 20
Fitting 1 folds for each of 50 candidates, totalling 50 fits
----------
iter: 1
n_candidates: 17
n_resources: 60
Fitting 1 folds for each of 17 candidates, totalling 17 fits
----------
iter: 2
n_candidates: 6
n_resources: 180
Fitting 1 folds for each of 6 candidates, totalling 6 fits
----------
iter: 3
n_candidates: 2
n_resources: 540
Fitting 1 folds for each of 2 candidates, totalling 2 fits
      -> [KNN + Jittering Set 4] Acc: 0.9199, F1: 0.9197, Time: 0.74s
n_iterations: 4
n_required_iterations: 4
n_possible_iterations: 8
min_resources_: 20
max_resources_: 80000
aggressive_elimination: False
factor: 3
----------
iter: 0
n_candidates: 50
n_resources: 20
Fitting 1 folds for each of 50 candidates, totalling 50 fits
----------
iter: 1
n_candidates: 17
n_resources: 60
Fitting 1 folds for each of 17 candidates, totalling 17 fits
----------
iter: 2
n_candidates: 6
n_resources: 180
Fitting 1 folds for each of 6 candidates, totalling 6 fits
----------
iter: 3
n_candidates: 2
n_resources: 540
Fitting 1 folds for each of 2 candidates, totalling 2 fits
      -> [RandomForest + Jittering Set 4] Acc: 0.9142, F1: 0.9142, Time: 29.71s
n_iterations: 4
n_required_iterations: 4
n_possible_iterations: 8
min_resources_: 20
max_resources_: 80000
aggressive_elimination: False
factor: 3
----------
iter: 0
n_candidates: 50
n_resources: 20
Fitting 1 folds for each of 50 candidates, totalling 50 fits
----------
iter: 1
n_candidates: 17
n_resources: 60
Fitting 1 folds for each of 17 candidates, totalling 17 fits
----------
iter: 2
n_candidates: 6
n_resources: 180
Fitting 1 folds for each of 6 candidates, totalling 6 fits
----------
iter: 3
n_candidates: 2
n_resources: 540
Fitting 1 folds for each of 2 candidates, totalling 2 fits
      -> [LinearSVC + Jittering Set 4] Acc: 0.6123, F1: 0.5822, Time: 1.70s
n_iterations: 4
n_required_iterations: 4
n_possible_iterations: 8
min_resources_: 20
max_resources_: 80000
aggressive_elimination: False
factor: 3
----------
iter: 0
n_candidates: 50
n_resources: 20
Fitting 1 folds for each of 50 candidates, totalling 50 fits
----------
iter: 1
n_candidates: 17
n_resources: 60
Fitting 1 folds for each of 17 candidates, totalling 17 fits
----------
iter: 2
n_candidates: 6
n_resources: 180
Fitting 1 folds for each of 6 candidates, totalling 6 fits
----------
iter: 3
n_candidates: 2
n_resources: 540
Fitting 1 folds for each of 2 candidates, totalling 2 fits
      -> [LogisticRegression + Jittering Set 4] Acc: 0.7160, F1: 0.7139, Time: 0.75s
      -> [RNN + Jittering Set 4] Acc: 0.2778, F1: 0.1832, Time: 62.13s
    [=== Generating 3x synthetic data with Jittering (Set 5, Params: {'sigma': 0.15}) ===]
n_iterations: 4
n_required_iterations: 4
n_possible_iterations: 8
min_resources_: 20
max_resources_: 80000
aggressive_elimination: False
factor: 3
----------
iter: 0
n_candidates: 50
n_resources: 20
Fitting 1 folds for each of 50 candidates, totalling 50 fits
----------
iter: 1
n_candidates: 17
n_resources: 60
Fitting 1 folds for each of 17 candidates, totalling 17 fits
----------
iter: 2
n_candidates: 6
n_resources: 180
Fitting 1 folds for each of 6 candidates, totalling 6 fits
----------
iter: 3
n_candidates: 2
n_resources: 540
Fitting 1 folds for each of 2 candidates, totalling 2 fits
      -> [KNN + Jittering Set 5] Acc: 0.9234, F1: 0.9233, Time: 0.63s
n_iterations: 4
n_required_iterations: 4
n_possible_iterations: 8
min_resources_: 20
max_resources_: 80000
aggressive_elimination: False
factor: 3
----------
iter: 0
n_candidates: 50
n_resources: 20
Fitting 1 folds for each of 50 candidates, totalling 50 fits
----------
iter: 1
n_candidates: 17
n_resources: 60
Fitting 1 folds for each of 17 candidates, totalling 17 fits
----------
iter: 2
n_candidates: 6
n_resources: 180
Fitting 1 folds for each of 6 candidates, totalling 6 fits
----------
iter: 3
n_candidates: 2
n_resources: 540
Fitting 1 folds for each of 2 candidates, totalling 2 fits
      -> [RandomForest + Jittering Set 5] Acc: 0.8979, F1: 0.8981, Time: 11.33s
n_iterations: 4
n_required_iterations: 4
n_possible_iterations: 8
min_resources_: 20
max_resources_: 80000
aggressive_elimination: False
factor: 3
----------
iter: 0
n_candidates: 50
n_resources: 20
Fitting 1 folds for each of 50 candidates, totalling 50 fits
----------
iter: 1
n_candidates: 17
n_resources: 60
Fitting 1 folds for each of 17 candidates, totalling 17 fits
----------
iter: 2
n_candidates: 6
n_resources: 180
Fitting 1 folds for each of 6 candidates, totalling 6 fits
----------
iter: 3
n_candidates: 2
n_resources: 540
Fitting 1 folds for each of 2 candidates, totalling 2 fits
      -> [LinearSVC + Jittering Set 5] Acc: 0.6118, F1: 0.5822, Time: 0.40s
n_iterations: 4
n_required_iterations: 4
n_possible_iterations: 8
min_resources_: 20
max_resources_: 80000
aggressive_elimination: False
factor: 3
----------
iter: 0
n_candidates: 50
n_resources: 20
Fitting 1 folds for each of 50 candidates, totalling 50 fits
----------
iter: 1
n_candidates: 17
n_resources: 60
Fitting 1 folds for each of 17 candidates, totalling 17 fits
----------
iter: 2
n_candidates: 6
n_resources: 180
Fitting 1 folds for each of 6 candidates, totalling 6 fits
----------
iter: 3
n_candidates: 2
n_resources: 540
Fitting 1 folds for each of 2 candidates, totalling 2 fits
      -> [LogisticRegression + Jittering Set 5] Acc: 0.5884, F1: 0.5612, Time: 0.64s
      -> [RNN + Jittering Set 5] Acc: 0.5444, F1: 0.4950, Time: 242.54s
    [=== Generating 5x synthetic data with Jittering (Set 1, Params: {'sigma': 0.01}) ===]
n_iterations: 4
n_required_iterations: 4
n_possible_iterations: 8
min_resources_: 20
max_resources_: 120000
aggressive_elimination: False
factor: 3
----------
iter: 0
n_candidates: 50
n_resources: 20
Fitting 1 folds for each of 50 candidates, totalling 50 fits
----------
iter: 1
n_candidates: 17
n_resources: 60
Fitting 1 folds for each of 17 candidates, totalling 17 fits
----------
iter: 2
n_candidates: 6
n_resources: 180
Fitting 1 folds for each of 6 candidates, totalling 6 fits
----------
iter: 3
n_candidates: 2
n_resources: 540
Fitting 1 folds for each of 2 candidates, totalling 2 fits
      -> [KNN + Jittering Set 1] Acc: 0.9277, F1: 0.9279, Time: 0.71s
n_iterations: 4
n_required_iterations: 4
n_possible_iterations: 8
min_resources_: 20
max_resources_: 120000
aggressive_elimination: False
factor: 3
----------
iter: 0
n_candidates: 50
n_resources: 20
Fitting 1 folds for each of 50 candidates, totalling 50 fits
----------
iter: 1
n_candidates: 17
n_resources: 60
Fitting 1 folds for each of 17 candidates, totalling 17 fits
----------
iter: 2
n_candidates: 6
n_resources: 180
Fitting 1 folds for each of 6 candidates, totalling 6 fits
----------
iter: 3
n_candidates: 2
n_resources: 540
Fitting 1 folds for each of 2 candidates, totalling 2 fits
      -> [RandomForest + Jittering Set 1] Acc: 0.9127, F1: 0.9125, Time: 49.44s
n_iterations: 4
n_required_iterations: 4
n_possible_iterations: 8
min_resources_: 20
max_resources_: 120000
aggressive_elimination: False
factor: 3
----------
iter: 0
n_candidates: 50
n_resources: 20
Fitting 1 folds for each of 50 candidates, totalling 50 fits
----------
iter: 1
n_candidates: 17
n_resources: 60
Fitting 1 folds for each of 17 candidates, totalling 17 fits
----------
iter: 2
n_candidates: 6
n_resources: 180
Fitting 1 folds for each of 6 candidates, totalling 6 fits
----------
iter: 3
n_candidates: 2
n_resources: 540
Fitting 1 folds for each of 2 candidates, totalling 2 fits
      -> [LinearSVC + Jittering Set 1] Acc: 0.6079, F1: 0.5762, Time: 2.53s
n_iterations: 4
n_required_iterations: 4
n_possible_iterations: 8
min_resources_: 20
max_resources_: 120000
aggressive_elimination: False
factor: 3
----------
iter: 0
n_candidates: 50
n_resources: 20
Fitting 1 folds for each of 50 candidates, totalling 50 fits
----------
iter: 1
n_candidates: 17
n_resources: 60
Fitting 1 folds for each of 17 candidates, totalling 17 fits
----------
iter: 2
n_candidates: 6
n_resources: 180
Fitting 1 folds for each of 6 candidates, totalling 6 fits
----------
iter: 3
n_candidates: 2
n_resources: 540
Fitting 1 folds for each of 2 candidates, totalling 2 fits
      -> [LogisticRegression + Jittering Set 1] Acc: 0.7491, F1: 0.7447, Time: 1.28s
      -> [RNN + Jittering Set 1] Acc: 0.5000, F1: 0.4542, Time: 396.98s
    [=== Generating 5x synthetic data with Jittering (Set 2, Params: {'sigma': 0.03}) ===]
n_iterations: 4
n_required_iterations: 4
n_possible_iterations: 8
min_resources_: 20
max_resources_: 120000
aggressive_elimination: False
factor: 3
----------
iter: 0
n_candidates: 50
n_resources: 20
Fitting 1 folds for each of 50 candidates, totalling 50 fits
----------
iter: 1
n_candidates: 17
n_resources: 60
Fitting 1 folds for each of 17 candidates, totalling 17 fits
----------
iter: 2
n_candidates: 6
n_resources: 180
Fitting 1 folds for each of 6 candidates, totalling 6 fits
----------
iter: 3
n_candidates: 2
n_resources: 540
Fitting 1 folds for each of 2 candidates, totalling 2 fits
      -> [KNN + Jittering Set 2] Acc: 0.9207, F1: 0.9207, Time: 0.24s
n_iterations: 4
n_required_iterations: 4
n_possible_iterations: 8
min_resources_: 20
max_resources_: 120000
aggressive_elimination: False
factor: 3
----------
iter: 0
n_candidates: 50
n_resources: 20
Fitting 1 folds for each of 50 candidates, totalling 50 fits
----------
iter: 1
n_candidates: 17
n_resources: 60
Fitting 1 folds for each of 17 candidates, totalling 17 fits
----------
iter: 2
n_candidates: 6
n_resources: 180
Fitting 1 folds for each of 6 candidates, totalling 6 fits
----------
iter: 3
n_candidates: 2
n_resources: 540
Fitting 1 folds for each of 2 candidates, totalling 2 fits
      -> [RandomForest + Jittering Set 2] Acc: 0.9164, F1: 0.9164, Time: 51.29s
n_iterations: 4
n_required_iterations: 4
n_possible_iterations: 8
min_resources_: 20
max_resources_: 120000
aggressive_elimination: False
factor: 3
----------
iter: 0
n_candidates: 50
n_resources: 20
Fitting 1 folds for each of 50 candidates, totalling 50 fits
----------
iter: 1
n_candidates: 17
n_resources: 60
Fitting 1 folds for each of 17 candidates, totalling 17 fits
----------
iter: 2
n_candidates: 6
n_resources: 180
Fitting 1 folds for each of 6 candidates, totalling 6 fits
----------
iter: 3
n_candidates: 2
n_resources: 540
Fitting 1 folds for each of 2 candidates, totalling 2 fits
      -> [LinearSVC + Jittering Set 2] Acc: 0.6091, F1: 0.5782, Time: 2.73s
n_iterations: 4
n_required_iterations: 4
n_possible_iterations: 8
min_resources_: 20
max_resources_: 120000
aggressive_elimination: False
factor: 3
----------
iter: 0
n_candidates: 50
n_resources: 20
Fitting 1 folds for each of 50 candidates, totalling 50 fits
----------
iter: 1
n_candidates: 17
n_resources: 60
Fitting 1 folds for each of 17 candidates, totalling 17 fits
----------
iter: 2
n_candidates: 6
n_resources: 180
Fitting 1 folds for each of 6 candidates, totalling 6 fits
----------
iter: 3
n_candidates: 2
n_resources: 540
Fitting 1 folds for each of 2 candidates, totalling 2 fits
      -> [LogisticRegression + Jittering Set 2] Acc: 0.7487, F1: 0.7444, Time: 2.22s
      -> [RNN + Jittering Set 2] Acc: 0.6333, F1: 0.5916, Time: 312.86s
    [=== Generating 5x synthetic data with Jittering (Set 3, Params: {'sigma': 0.05}) ===]
n_iterations: 4
n_required_iterations: 4
n_possible_iterations: 8
min_resources_: 20
max_resources_: 120000
aggressive_elimination: False
factor: 3
----------
iter: 0
n_candidates: 50
n_resources: 20
Fitting 1 folds for each of 50 candidates, totalling 50 fits
----------
iter: 1
n_candidates: 17
n_resources: 60
Fitting 1 folds for each of 17 candidates, totalling 17 fits
----------
iter: 2
n_candidates: 6
n_resources: 180
Fitting 1 folds for each of 6 candidates, totalling 6 fits
----------
iter: 3
n_candidates: 2
n_resources: 540
Fitting 1 folds for each of 2 candidates, totalling 2 fits
      -> [KNN + Jittering Set 3] Acc: 0.9211, F1: 0.9213, Time: 0.75s
n_iterations: 4
n_required_iterations: 4
n_possible_iterations: 8
min_resources_: 20
max_resources_: 120000
aggressive_elimination: False
factor: 3
----------
iter: 0
n_candidates: 50
n_resources: 20
Fitting 1 folds for each of 50 candidates, totalling 50 fits
----------
iter: 1
n_candidates: 17
n_resources: 60
Fitting 1 folds for each of 17 candidates, totalling 17 fits
----------
iter: 2
n_candidates: 6
n_resources: 180
Fitting 1 folds for each of 6 candidates, totalling 6 fits
----------
iter: 3
n_candidates: 2
n_resources: 540
Fitting 1 folds for each of 2 candidates, totalling 2 fits
      -> [RandomForest + Jittering Set 3] Acc: 0.9138, F1: 0.9138, Time: 36.51s
n_iterations: 4
n_required_iterations: 4
n_possible_iterations: 8
min_resources_: 20
max_resources_: 120000
aggressive_elimination: False
factor: 3
----------
iter: 0
n_candidates: 50
n_resources: 20
Fitting 1 folds for each of 50 candidates, totalling 50 fits
----------
iter: 1
n_candidates: 17
n_resources: 60
Fitting 1 folds for each of 17 candidates, totalling 17 fits
----------
iter: 2
n_candidates: 6
n_resources: 180
Fitting 1 folds for each of 6 candidates, totalling 6 fits
----------
iter: 3
n_candidates: 2
n_resources: 540
Fitting 1 folds for each of 2 candidates, totalling 2 fits
      -> [LinearSVC + Jittering Set 3] Acc: 0.6671, F1: 0.6446, Time: 0.69s
n_iterations: 4
n_required_iterations: 4
n_possible_iterations: 8
min_resources_: 20
max_resources_: 120000
aggressive_elimination: False
factor: 3
----------
iter: 0
n_candidates: 50
n_resources: 20
Fitting 1 folds for each of 50 candidates, totalling 50 fits
----------
iter: 1
n_candidates: 17
n_resources: 60
Fitting 1 folds for each of 17 candidates, totalling 17 fits
----------
iter: 2
n_candidates: 6
n_resources: 180
Fitting 1 folds for each of 6 candidates, totalling 6 fits
----------
iter: 3
n_candidates: 2
n_resources: 540
Fitting 1 folds for each of 2 candidates, totalling 2 fits
      -> [LogisticRegression + Jittering Set 3] Acc: 0.7422, F1: 0.7391, Time: 1.10s
      -> [RNN + Jittering Set 3] Acc: 0.5667, F1: 0.5131, Time: 379.42s
    [=== Generating 5x synthetic data with Jittering (Set 4, Params: {'sigma': 0.1}) ===]
n_iterations: 4
n_required_iterations: 4
n_possible_iterations: 8
min_resources_: 20
max_resources_: 120000
aggressive_elimination: False
factor: 3
----------
iter: 0
n_candidates: 50
n_resources: 20
Fitting 1 folds for each of 50 candidates, totalling 50 fits
----------
iter: 1
n_candidates: 17
n_resources: 60
Fitting 1 folds for each of 17 candidates, totalling 17 fits
----------
iter: 2
n_candidates: 6
n_resources: 180
Fitting 1 folds for each of 6 candidates, totalling 6 fits
----------
iter: 3
n_candidates: 2
n_resources: 540
Fitting 1 folds for each of 2 candidates, totalling 2 fits
      -> [KNN + Jittering Set 4] Acc: 0.9192, F1: 0.9192, Time: 0.31s
n_iterations: 4
n_required_iterations: 4
n_possible_iterations: 8
min_resources_: 20
max_resources_: 120000
aggressive_elimination: False
factor: 3
----------
iter: 0
n_candidates: 50
n_resources: 20
Fitting 1 folds for each of 50 candidates, totalling 50 fits
----------
iter: 1
n_candidates: 17
n_resources: 60
Fitting 1 folds for each of 17 candidates, totalling 17 fits
----------
iter: 2
n_candidates: 6
n_resources: 180
Fitting 1 folds for each of 6 candidates, totalling 6 fits
----------
iter: 3
n_candidates: 2
n_resources: 540
Fitting 1 folds for each of 2 candidates, totalling 2 fits
      -> [RandomForest + Jittering Set 4] Acc: 0.9092, F1: 0.9092, Time: 57.72s
n_iterations: 4
n_required_iterations: 4
n_possible_iterations: 8
min_resources_: 20
max_resources_: 120000
aggressive_elimination: False
factor: 3
----------
iter: 0
n_candidates: 50
n_resources: 20
Fitting 1 folds for each of 50 candidates, totalling 50 fits
----------
iter: 1
n_candidates: 17
n_resources: 60
Fitting 1 folds for each of 17 candidates, totalling 17 fits
----------
iter: 2
n_candidates: 6
n_resources: 180
Fitting 1 folds for each of 6 candidates, totalling 6 fits
----------
iter: 3
n_candidates: 2
n_resources: 540
Fitting 1 folds for each of 2 candidates, totalling 2 fits
      -> [LinearSVC + Jittering Set 4] Acc: 0.6117, F1: 0.5815, Time: 3.30s
n_iterations: 4
n_required_iterations: 4
n_possible_iterations: 8
min_resources_: 20
max_resources_: 120000
aggressive_elimination: False
factor: 3
----------
iter: 0
n_candidates: 50
n_resources: 20
Fitting 1 folds for each of 50 candidates, totalling 50 fits
----------
iter: 1
n_candidates: 17
n_resources: 60
Fitting 1 folds for each of 17 candidates, totalling 17 fits
----------
iter: 2
n_candidates: 6
n_resources: 180
Fitting 1 folds for each of 6 candidates, totalling 6 fits
----------
iter: 3
n_candidates: 2
n_resources: 540
Fitting 1 folds for each of 2 candidates, totalling 2 fits
      -> [LogisticRegression + Jittering Set 4] Acc: 0.6082, F1: 0.5855, Time: 1.37s
      -> [RNN + Jittering Set 4] Acc: 0.5000, F1: 0.4124, Time: 372.39s
    [=== Generating 5x synthetic data with Jittering (Set 5, Params: {'sigma': 0.15}) ===]
n_iterations: 4
n_required_iterations: 4
n_possible_iterations: 8
min_resources_: 20
max_resources_: 120000
aggressive_elimination: False
factor: 3
----------
iter: 0
n_candidates: 50
n_resources: 20
Fitting 1 folds for each of 50 candidates, totalling 50 fits
----------
iter: 1
n_candidates: 17
n_resources: 60
Fitting 1 folds for each of 17 candidates, totalling 17 fits
----------
iter: 2
n_candidates: 6
n_resources: 180
Fitting 1 folds for each of 6 candidates, totalling 6 fits
----------
iter: 3
n_candidates: 2
n_resources: 540
Fitting 1 folds for each of 2 candidates, totalling 2 fits
      -> [KNN + Jittering Set 5] Acc: 0.9128, F1: 0.9127, Time: 0.80s
n_iterations: 4
n_required_iterations: 4
n_possible_iterations: 8
min_resources_: 20
max_resources_: 120000
aggressive_elimination: False
factor: 3
----------
iter: 0
n_candidates: 50
n_resources: 20
Fitting 1 folds for each of 50 candidates, totalling 50 fits
----------
iter: 1
n_candidates: 17
n_resources: 60
Fitting 1 folds for each of 17 candidates, totalling 17 fits
----------
iter: 2
n_candidates: 6
n_resources: 180
Fitting 1 folds for each of 6 candidates, totalling 6 fits
----------
iter: 3
n_candidates: 2
n_resources: 540
Fitting 1 folds for each of 2 candidates, totalling 2 fits
      -> [RandomForest + Jittering Set 5] Acc: 0.9033, F1: 0.9035, Time: 58.64s
n_iterations: 4
n_required_iterations: 4
n_possible_iterations: 8
min_resources_: 20
max_resources_: 120000
aggressive_elimination: False
factor: 3
----------
iter: 0
n_candidates: 50
n_resources: 20
Fitting 1 folds for each of 50 candidates, totalling 50 fits
----------
iter: 1
n_candidates: 17
n_resources: 60
Fitting 1 folds for each of 17 candidates, totalling 17 fits
----------
iter: 2
n_candidates: 6
n_resources: 180
Fitting 1 folds for each of 6 candidates, totalling 6 fits
----------
iter: 3
n_candidates: 2
n_resources: 540
Fitting 1 folds for each of 2 candidates, totalling 2 fits
      -> [LinearSVC + Jittering Set 5] Acc: 0.5956, F1: 0.5633, Time: 3.35s
n_iterations: 4
n_required_iterations: 4
n_possible_iterations: 8
min_resources_: 20
max_resources_: 120000
aggressive_elimination: False
factor: 3
----------
iter: 0
n_candidates: 50
n_resources: 20
Fitting 1 folds for each of 50 candidates, totalling 50 fits
----------
iter: 1
n_candidates: 17
n_resources: 60
Fitting 1 folds for each of 17 candidates, totalling 17 fits
----------
iter: 2
n_candidates: 6
n_resources: 180
Fitting 1 folds for each of 6 candidates, totalling 6 fits
----------
iter: 3
n_candidates: 2
n_resources: 540
Fitting 1 folds for each of 2 candidates, totalling 2 fits
      -> [LogisticRegression + Jittering Set 5] Acc: 0.6781, F1: 0.6755, Time: 1.24s
      -> [RNN + Jittering Set 5] Acc: 0.4444, F1: 0.3516, Time: 402.98s
    [=== Generating 10x synthetic data with Jittering (Set 1, Params: {'sigma': 0.01}) ===]
n_iterations: 4
n_required_iterations: 4
n_possible_iterations: 8
min_resources_: 20
max_resources_: 120000
aggressive_elimination: False
factor: 3
----------
iter: 0
n_candidates: 50
n_resources: 20
Fitting 1 folds for each of 50 candidates, totalling 50 fits
----------
iter: 1
n_candidates: 17
n_resources: 60
Fitting 1 folds for each of 17 candidates, totalling 17 fits
----------
iter: 2
n_candidates: 6
n_resources: 180
Fitting 1 folds for each of 6 candidates, totalling 6 fits
----------
iter: 3
n_candidates: 2
n_resources: 540
Fitting 1 folds for each of 2 candidates, totalling 2 fits
      -> [KNN + Jittering Set 1] Acc: 0.9300, F1: 0.9302, Time: 0.64s
n_iterations: 4
n_required_iterations: 4
n_possible_iterations: 8
min_resources_: 20
max_resources_: 120000
aggressive_elimination: False
factor: 3
----------
iter: 0
n_candidates: 50
n_resources: 20
Fitting 1 folds for each of 50 candidates, totalling 50 fits
----------
iter: 1
n_candidates: 17
n_resources: 60
Fitting 1 folds for each of 17 candidates, totalling 17 fits
----------
iter: 2
n_candidates: 6
n_resources: 180
Fitting 1 folds for each of 6 candidates, totalling 6 fits
----------
iter: 3
n_candidates: 2
n_resources: 540
Fitting 1 folds for each of 2 candidates, totalling 2 fits
      -> [RandomForest + Jittering Set 1] Acc: 0.9151, F1: 0.9149, Time: 13.96s
n_iterations: 4
n_required_iterations: 4
n_possible_iterations: 8
min_resources_: 20
max_resources_: 120000
aggressive_elimination: False
factor: 3
----------
iter: 0
n_candidates: 50
n_resources: 20
Fitting 1 folds for each of 50 candidates, totalling 50 fits
----------
iter: 1
n_candidates: 17
n_resources: 60
Fitting 1 folds for each of 17 candidates, totalling 17 fits
----------
iter: 2
n_candidates: 6
n_resources: 180
Fitting 1 folds for each of 6 candidates, totalling 6 fits
----------
iter: 3
n_candidates: 2
n_resources: 540
Fitting 1 folds for each of 2 candidates, totalling 2 fits
      -> [LinearSVC + Jittering Set 1] Acc: 0.6070, F1: 0.5757, Time: 3.51s
n_iterations: 4
n_required_iterations: 4
n_possible_iterations: 8
min_resources_: 20
max_resources_: 120000
aggressive_elimination: False
factor: 3
----------
iter: 0
n_candidates: 50
n_resources: 20
Fitting 1 folds for each of 50 candidates, totalling 50 fits
----------
iter: 1
n_candidates: 17
n_resources: 60
Fitting 1 folds for each of 17 candidates, totalling 17 fits
----------
iter: 2
n_candidates: 6
n_resources: 180
Fitting 1 folds for each of 6 candidates, totalling 6 fits
----------
iter: 3
n_candidates: 2
n_resources: 540
Fitting 1 folds for each of 2 candidates, totalling 2 fits
      -> [LogisticRegression + Jittering Set 1] Acc: 0.7481, F1: 0.7437, Time: 1.04s
      -> [RNN + Jittering Set 1] Acc: 0.6444, F1: 0.6145, Time: 5.68s
    [=== Generating 10x synthetic data with Jittering (Set 2, Params: {'sigma': 0.03}) ===]
n_iterations: 4
n_required_iterations: 4
n_possible_iterations: 8
min_resources_: 20
max_resources_: 120000
aggressive_elimination: False
factor: 3
----------
iter: 0
n_candidates: 50
n_resources: 20
Fitting 1 folds for each of 50 candidates, totalling 50 fits
----------
iter: 1
n_candidates: 17
n_resources: 60
Fitting 1 folds for each of 17 candidates, totalling 17 fits
----------
iter: 2
n_candidates: 6
n_resources: 180
Fitting 1 folds for each of 6 candidates, totalling 6 fits
----------
iter: 3
n_candidates: 2
n_resources: 540
Fitting 1 folds for each of 2 candidates, totalling 2 fits
      -> [KNN + Jittering Set 2] Acc: 0.9220, F1: 0.9220, Time: 0.66s
n_iterations: 4
n_required_iterations: 4
n_possible_iterations: 8
min_resources_: 20
max_resources_: 120000
aggressive_elimination: False
factor: 3
----------
iter: 0
n_candidates: 50
n_resources: 20
Fitting 1 folds for each of 50 candidates, totalling 50 fits
----------
iter: 1
n_candidates: 17
n_resources: 60
Fitting 1 folds for each of 17 candidates, totalling 17 fits
----------
iter: 2
n_candidates: 6
n_resources: 180
Fitting 1 folds for each of 6 candidates, totalling 6 fits
----------
iter: 3
n_candidates: 2
n_resources: 540
Fitting 1 folds for each of 2 candidates, totalling 2 fits
      -> [RandomForest + Jittering Set 2] Acc: 0.9191, F1: 0.9191, Time: 46.56s
n_iterations: 4
n_required_iterations: 4
n_possible_iterations: 8
min_resources_: 20
max_resources_: 120000
aggressive_elimination: False
factor: 3
----------
iter: 0
n_candidates: 50
n_resources: 20
Fitting 1 folds for each of 50 candidates, totalling 50 fits
----------
iter: 1
n_candidates: 17
n_resources: 60
Fitting 1 folds for each of 17 candidates, totalling 17 fits
----------
iter: 2
n_candidates: 6
n_resources: 180
Fitting 1 folds for each of 6 candidates, totalling 6 fits
----------
iter: 3
n_candidates: 2
n_resources: 540
Fitting 1 folds for each of 2 candidates, totalling 2 fits
      -> [LinearSVC + Jittering Set 2] Acc: 0.6772, F1: 0.6557, Time: 1.08s
n_iterations: 4
n_required_iterations: 4
n_possible_iterations: 8
min_resources_: 20
max_resources_: 120000
aggressive_elimination: False
factor: 3
----------
iter: 0
n_candidates: 50
n_resources: 20
Fitting 1 folds for each of 50 candidates, totalling 50 fits
----------
iter: 1
n_candidates: 17
n_resources: 60
Fitting 1 folds for each of 17 candidates, totalling 17 fits
----------
iter: 2
n_candidates: 6
n_resources: 180
Fitting 1 folds for each of 6 candidates, totalling 6 fits
----------
iter: 3
n_candidates: 2
n_resources: 540
Fitting 1 folds for each of 2 candidates, totalling 2 fits
      -> [LogisticRegression + Jittering Set 2] Acc: 0.7471, F1: 0.7430, Time: 3.22s
      -> [RNN + Jittering Set 2] Acc: 0.6889, F1: 0.6521, Time: 820.54s
    [=== Generating 10x synthetic data with Jittering (Set 3, Params: {'sigma': 0.05}) ===]
n_iterations: 4
n_required_iterations: 4
n_possible_iterations: 8
min_resources_: 20
max_resources_: 120000
aggressive_elimination: False
factor: 3
----------
iter: 0
n_candidates: 50
n_resources: 20
Fitting 1 folds for each of 50 candidates, totalling 50 fits
----------
iter: 1
n_candidates: 17
n_resources: 60
Fitting 1 folds for each of 17 candidates, totalling 17 fits
----------
iter: 2
n_candidates: 6
n_resources: 180
Fitting 1 folds for each of 6 candidates, totalling 6 fits
----------
iter: 3
n_candidates: 2
n_resources: 540
Fitting 1 folds for each of 2 candidates, totalling 2 fits
      -> [KNN + Jittering Set 3] Acc: 0.9143, F1: 0.9141, Time: 0.79s
n_iterations: 4
n_required_iterations: 4
n_possible_iterations: 8
min_resources_: 20
max_resources_: 120000
aggressive_elimination: False
factor: 3
----------
iter: 0
n_candidates: 50
n_resources: 20
Fitting 1 folds for each of 50 candidates, totalling 50 fits
----------
iter: 1
n_candidates: 17
n_resources: 60
Fitting 1 folds for each of 17 candidates, totalling 17 fits
----------
iter: 2
n_candidates: 6
n_resources: 180
Fitting 1 folds for each of 6 candidates, totalling 6 fits
----------
iter: 3
n_candidates: 2
n_resources: 540
Fitting 1 folds for each of 2 candidates, totalling 2 fits
      -> [RandomForest + Jittering Set 3] Acc: 0.9138, F1: 0.9137, Time: 17.27s
n_iterations: 4
n_required_iterations: 4
n_possible_iterations: 8
min_resources_: 20
max_resources_: 120000
aggressive_elimination: False
factor: 3
----------
iter: 0
n_candidates: 50
n_resources: 20
Fitting 1 folds for each of 50 candidates, totalling 50 fits
----------
iter: 1
n_candidates: 17
n_resources: 60
Fitting 1 folds for each of 17 candidates, totalling 17 fits
----------
iter: 2
n_candidates: 6
n_resources: 180
Fitting 1 folds for each of 6 candidates, totalling 6 fits
----------
iter: 3
n_candidates: 2
n_resources: 540
Fitting 1 folds for each of 2 candidates, totalling 2 fits
      -> [LinearSVC + Jittering Set 3] Acc: 0.6636, F1: 0.6406, Time: 1.27s
n_iterations: 4
n_required_iterations: 4
n_possible_iterations: 8
min_resources_: 20
max_resources_: 120000
aggressive_elimination: False
factor: 3
----------
iter: 0
n_candidates: 50
n_resources: 20
Fitting 1 folds for each of 50 candidates, totalling 50 fits
----------
iter: 1
n_candidates: 17
n_resources: 60
Fitting 1 folds for each of 17 candidates, totalling 17 fits
----------
iter: 2
n_candidates: 6
n_resources: 180
Fitting 1 folds for each of 6 candidates, totalling 6 fits
----------
iter: 3
n_candidates: 2
n_resources: 540
Fitting 1 folds for each of 2 candidates, totalling 2 fits
      -> [LogisticRegression + Jittering Set 3] Acc: 0.6546, F1: 0.6333, Time: 1.15s
      -> [RNN + Jittering Set 3] Acc: 0.5889, F1: 0.5635, Time: 604.25s
    [=== Generating 10x synthetic data with Jittering (Set 4, Params: {'sigma': 0.1}) ===]
n_iterations: 4
n_required_iterations: 4
n_possible_iterations: 8
min_resources_: 20
max_resources_: 120000
aggressive_elimination: False
factor: 3
----------
iter: 0
n_candidates: 50
n_resources: 20
Fitting 1 folds for each of 50 candidates, totalling 50 fits
----------
iter: 1
n_candidates: 17
n_resources: 60
Fitting 1 folds for each of 17 candidates, totalling 17 fits
----------
iter: 2
n_candidates: 6
n_resources: 180
Fitting 1 folds for each of 6 candidates, totalling 6 fits
----------
iter: 3
n_candidates: 2
n_resources: 540
Fitting 1 folds for each of 2 candidates, totalling 2 fits
      -> [KNN + Jittering Set 4] Acc: 0.8967, F1: 0.8963, Time: 0.97s
n_iterations: 4
n_required_iterations: 4
n_possible_iterations: 8
min_resources_: 20
max_resources_: 120000
aggressive_elimination: False
factor: 3
----------
iter: 0
n_candidates: 50
n_resources: 20
Fitting 1 folds for each of 50 candidates, totalling 50 fits
----------
iter: 1
n_candidates: 17
n_resources: 60
Fitting 1 folds for each of 17 candidates, totalling 17 fits
----------
iter: 2
n_candidates: 6
n_resources: 180
Fitting 1 folds for each of 6 candidates, totalling 6 fits
----------
iter: 3
n_candidates: 2
n_resources: 540
Fitting 1 folds for each of 2 candidates, totalling 2 fits
      -> [RandomForest + Jittering Set 4] Acc: 0.7512, F1: 0.7530, Time: 12.41s
n_iterations: 4
n_required_iterations: 4
n_possible_iterations: 8
min_resources_: 20
max_resources_: 120000
aggressive_elimination: False
factor: 3
----------
iter: 0
n_candidates: 50
n_resources: 20
Fitting 1 folds for each of 50 candidates, totalling 50 fits
----------
iter: 1
n_candidates: 17
n_resources: 60
Fitting 1 folds for each of 17 candidates, totalling 17 fits
----------
iter: 2
n_candidates: 6
n_resources: 180
Fitting 1 folds for each of 6 candidates, totalling 6 fits
----------
iter: 3
n_candidates: 2
n_resources: 540
Fitting 1 folds for each of 2 candidates, totalling 2 fits
      -> [LinearSVC + Jittering Set 4] Acc: 0.6288, F1: 0.6020, Time: 1.10s
n_iterations: 4
n_required_iterations: 4
n_possible_iterations: 8
min_resources_: 20
max_resources_: 120000
aggressive_elimination: False
factor: 3
----------
iter: 0
n_candidates: 50
n_resources: 20
Fitting 1 folds for each of 50 candidates, totalling 50 fits
----------
iter: 1
n_candidates: 17
n_resources: 60
Fitting 1 folds for each of 17 candidates, totalling 17 fits
----------
iter: 2
n_candidates: 6
n_resources: 180
Fitting 1 folds for each of 6 candidates, totalling 6 fits
----------
iter: 3
n_candidates: 2
n_resources: 540
Fitting 1 folds for each of 2 candidates, totalling 2 fits
      -> [LogisticRegression + Jittering Set 4] Acc: 0.6041, F1: 0.5813, Time: 1.76s
      -> [RNN + Jittering Set 4] Acc: 0.7333, F1: 0.6965, Time: 543.05s
    [=== Generating 10x synthetic data with Jittering (Set 5, Params: {'sigma': 0.15}) ===]
n_iterations: 4
n_required_iterations: 4
n_possible_iterations: 8
min_resources_: 20
max_resources_: 120000
aggressive_elimination: False
factor: 3
----------
iter: 0
n_candidates: 50
n_resources: 20
Fitting 1 folds for each of 50 candidates, totalling 50 fits
----------
iter: 1
n_candidates: 17
n_resources: 60
Fitting 1 folds for each of 17 candidates, totalling 17 fits
----------
iter: 2
n_candidates: 6
n_resources: 180
Fitting 1 folds for each of 6 candidates, totalling 6 fits
----------
iter: 3
n_candidates: 2
n_resources: 540
Fitting 1 folds for each of 2 candidates, totalling 2 fits
      -> [KNN + Jittering Set 5] Acc: 0.8961, F1: 0.8959, Time: 0.96s
n_iterations: 4
n_required_iterations: 4
n_possible_iterations: 8
min_resources_: 20
max_resources_: 120000
aggressive_elimination: False
factor: 3
----------
iter: 0
n_candidates: 50
n_resources: 20
Fitting 1 folds for each of 50 candidates, totalling 50 fits
----------
iter: 1
n_candidates: 17
n_resources: 60
Fitting 1 folds for each of 17 candidates, totalling 17 fits
----------
iter: 2
n_candidates: 6
n_resources: 180
Fitting 1 folds for each of 6 candidates, totalling 6 fits
----------
iter: 3
n_candidates: 2
n_resources: 540
Fitting 1 folds for each of 2 candidates, totalling 2 fits
      -> [RandomForest + Jittering Set 5] Acc: 0.8841, F1: 0.8848, Time: 32.59s
n_iterations: 4
n_required_iterations: 4
n_possible_iterations: 8
min_resources_: 20
max_resources_: 120000
aggressive_elimination: False
factor: 3
----------
iter: 0
n_candidates: 50
n_resources: 20
Fitting 1 folds for each of 50 candidates, totalling 50 fits
----------
iter: 1
n_candidates: 17
n_resources: 60
Fitting 1 folds for each of 17 candidates, totalling 17 fits
----------
iter: 2
n_candidates: 6
n_resources: 180
Fitting 1 folds for each of 6 candidates, totalling 6 fits
----------
iter: 3
n_candidates: 2
n_resources: 540
Fitting 1 folds for each of 2 candidates, totalling 2 fits
      -> [LinearSVC + Jittering Set 5] Acc: 0.5962, F1: 0.5651, Time: 3.39s
n_iterations: 4
n_required_iterations: 4
n_possible_iterations: 8
min_resources_: 20
max_resources_: 120000
aggressive_elimination: False
factor: 3
----------
iter: 0
n_candidates: 50
n_resources: 20
Fitting 1 folds for each of 50 candidates, totalling 50 fits
----------
iter: 1
n_candidates: 17
n_resources: 60
Fitting 1 folds for each of 17 candidates, totalling 17 fits
----------
iter: 2
n_candidates: 6
n_resources: 180
Fitting 1 folds for each of 6 candidates, totalling 6 fits
----------
iter: 3
n_candidates: 2
n_resources: 540
Fitting 1 folds for each of 2 candidates, totalling 2 fits
      -> [LogisticRegression + Jittering Set 5] Acc: 0.6696, F1: 0.6660, Time: 1.10s
      -> [RNN + Jittering Set 5] Acc: 0.6444, F1: 0.5909, Time: 9.13s

    >> Seed Fold Selection: 6/10
    Evaluating Model: KNN
      -> [Baseline] Acc: 0.9243, F1: 0.9241, Time: 0.33s
      HP Tuning KNN...
n_iterations: 4
n_required_iterations: 4
n_possible_iterations: 5
min_resources_: 100
max_resources_: 20000
aggressive_elimination: False
factor: 3
----------
iter: 0
n_candidates: 50
n_resources: 100
Fitting 5 folds for each of 50 candidates, totalling 250 fits
----------
iter: 1
n_candidates: 17
n_resources: 300
Fitting 5 folds for each of 17 candidates, totalling 85 fits
----------
iter: 2
n_candidates: 6
n_resources: 900
Fitting 5 folds for each of 6 candidates, totalling 30 fits
----------
iter: 3
n_candidates: 2
n_resources: 2700
Fitting 5 folds for each of 2 candidates, totalling 10 fits
      -> [Tuned_Baseline] Acc: 0.9321, F1: 0.9322, Time: 0.24s
    Evaluating Model: RandomForest
      -> [Baseline] Acc: 0.9164, F1: 0.9161, Time: 4.47s
      HP Tuning RandomForest...
n_iterations: 4
n_required_iterations: 4
n_possible_iterations: 5
min_resources_: 100
max_resources_: 20000
aggressive_elimination: False
factor: 3
----------
iter: 0
n_candidates: 50
n_resources: 100
Fitting 5 folds for each of 50 candidates, totalling 250 fits
----------
iter: 1
n_candidates: 17
n_resources: 300
Fitting 5 folds for each of 17 candidates, totalling 85 fits
----------
iter: 2
n_candidates: 6
n_resources: 900
Fitting 5 folds for each of 6 candidates, totalling 30 fits
----------
iter: 3
n_candidates: 2
n_resources: 2700
Fitting 5 folds for each of 2 candidates, totalling 10 fits
      -> [Tuned_Baseline] Acc: 0.9181, F1: 0.9178, Time: 0.11s
    Evaluating Model: LinearSVC
      -> [Baseline] Acc: 0.6810, F1: 0.6609, Time: 0.12s
      HP Tuning LinearSVC...
n_iterations: 4
n_required_iterations: 4
n_possible_iterations: 5
min_resources_: 100
max_resources_: 20000
aggressive_elimination: False
factor: 3
----------
iter: 0
n_candidates: 50
n_resources: 100
Fitting 5 folds for each of 50 candidates, totalling 250 fits
----------
iter: 1
n_candidates: 17
n_resources: 300
Fitting 5 folds for each of 17 candidates, totalling 85 fits
----------
iter: 2
n_candidates: 6
n_resources: 900
Fitting 5 folds for each of 6 candidates, totalling 30 fits
----------
iter: 3
n_candidates: 2
n_resources: 2700
Fitting 5 folds for each of 2 candidates, totalling 10 fits
      -> [Tuned_Baseline] Acc: 0.6832, F1: 0.6638, Time: 0.00s
    Evaluating Model: LogisticRegression
      -> [Baseline] Acc: 0.7333, F1: 0.7250, Time: 0.65s
      HP Tuning LogisticRegression...
n_iterations: 4
n_required_iterations: 4
n_possible_iterations: 5
min_resources_: 100
max_resources_: 20000
aggressive_elimination: False
factor: 3
----------
iter: 0
n_candidates: 50
n_resources: 100
Fitting 5 folds for each of 50 candidates, totalling 250 fits
----------
iter: 1
n_candidates: 17
n_resources: 300
Fitting 5 folds for each of 17 candidates, totalling 85 fits
----------
iter: 2
n_candidates: 6
n_resources: 900
Fitting 5 folds for each of 6 candidates, totalling 30 fits
----------
iter: 3
n_candidates: 2
n_resources: 2700
Fitting 5 folds for each of 2 candidates, totalling 10 fits
      -> [Tuned_Baseline] Acc: 0.7464, F1: 0.7381, Time: 0.00s
    Evaluating Model: RNN
      -> [Baseline] Acc: 0.4000, F1: 0.2732, Time: 5.77s
      HP Tuning RNN...
n_iterations: 2
n_required_iterations: 2
n_possible_iterations: 3
min_resources_: 10
max_resources_: 200
aggressive_elimination: False
factor: 3
----------
iter: 0
n_candidates: 4
n_resources: 10
Fitting 5 folds for each of 4 candidates, totalling 20 fits
----------
iter: 1
n_candidates: 2
n_resources: 30
Fitting 5 folds for each of 2 candidates, totalling 10 fits
      -> [Tuned_Baseline] Acc: 0.4222, F1: 0.3078, Time: 1.24s
    [=== Generating 2x synthetic data with Jittering (Set 1, Params: {'sigma': 0.01}) ===]
n_iterations: 4
n_required_iterations: 4
n_possible_iterations: 8
min_resources_: 20
max_resources_: 60000
aggressive_elimination: False
factor: 3
----------
iter: 0
n_candidates: 50
n_resources: 20
Fitting 1 folds for each of 50 candidates, totalling 50 fits
----------
iter: 1
n_candidates: 17
n_resources: 60
Fitting 1 folds for each of 17 candidates, totalling 17 fits
----------
iter: 2
n_candidates: 6
n_resources: 180
Fitting 1 folds for each of 6 candidates, totalling 6 fits
----------
iter: 3
n_candidates: 2
n_resources: 540
Fitting 1 folds for each of 2 candidates, totalling 2 fits
      -> [KNN + Jittering Set 1] Acc: 0.9304, F1: 0.9305, Time: 0.11s
n_iterations: 4
n_required_iterations: 4
n_possible_iterations: 8
min_resources_: 20
max_resources_: 60000
aggressive_elimination: False
factor: 3
----------
iter: 0
n_candidates: 50
n_resources: 20
Fitting 1 folds for each of 50 candidates, totalling 50 fits
----------
iter: 1
n_candidates: 17
n_resources: 60
Fitting 1 folds for each of 17 candidates, totalling 17 fits
----------
iter: 2
n_candidates: 6
n_resources: 180
Fitting 1 folds for each of 6 candidates, totalling 6 fits
----------
iter: 3
n_candidates: 2
n_resources: 540
Fitting 1 folds for each of 2 candidates, totalling 2 fits
      -> [RandomForest + Jittering Set 1] Acc: 0.9120, F1: 0.9115, Time: 6.07s
n_iterations: 4
n_required_iterations: 4
n_possible_iterations: 8
min_resources_: 20
max_resources_: 60000
aggressive_elimination: False
factor: 3
----------
iter: 0
n_candidates: 50
n_resources: 20
Fitting 1 folds for each of 50 candidates, totalling 50 fits
----------
iter: 1
n_candidates: 17
n_resources: 60
Fitting 1 folds for each of 17 candidates, totalling 17 fits
----------
iter: 2
n_candidates: 6
n_resources: 180
Fitting 1 folds for each of 6 candidates, totalling 6 fits
----------
iter: 3
n_candidates: 2
n_resources: 540
Fitting 1 folds for each of 2 candidates, totalling 2 fits
      -> [LinearSVC + Jittering Set 1] Acc: 0.6811, F1: 0.6609, Time: 0.30s
n_iterations: 4
n_required_iterations: 4
n_possible_iterations: 8
min_resources_: 20
max_resources_: 60000
aggressive_elimination: False
factor: 3
----------
iter: 0
n_candidates: 50
n_resources: 20
Fitting 1 folds for each of 50 candidates, totalling 50 fits
----------
iter: 1
n_candidates: 17
n_resources: 60
Fitting 1 folds for each of 17 candidates, totalling 17 fits
----------
iter: 2
n_candidates: 6
n_resources: 180
Fitting 1 folds for each of 6 candidates, totalling 6 fits
----------
iter: 3
n_candidates: 2
n_resources: 540
Fitting 1 folds for each of 2 candidates, totalling 2 fits
      -> [LogisticRegression + Jittering Set 1] Acc: 0.7470, F1: 0.7386, Time: 2.82s
      -> [RNN + Jittering Set 1] Acc: 0.5444, F1: 0.4730, Time: 155.72s
    [=== Generating 2x synthetic data with Jittering (Set 2, Params: {'sigma': 0.03}) ===]
n_iterations: 4
n_required_iterations: 4
n_possible_iterations: 8
min_resources_: 20
max_resources_: 60000
aggressive_elimination: False
factor: 3
----------
iter: 0
n_candidates: 50
n_resources: 20
Fitting 1 folds for each of 50 candidates, totalling 50 fits
----------
iter: 1
n_candidates: 17
n_resources: 60
Fitting 1 folds for each of 17 candidates, totalling 17 fits
----------
iter: 2
n_candidates: 6
n_resources: 180
Fitting 1 folds for each of 6 candidates, totalling 6 fits
----------
iter: 3
n_candidates: 2
n_resources: 540
Fitting 1 folds for each of 2 candidates, totalling 2 fits
      -> [KNN + Jittering Set 2] Acc: 0.9329, F1: 0.9329, Time: 0.12s
n_iterations: 4
n_required_iterations: 4
n_possible_iterations: 8
min_resources_: 20
max_resources_: 60000
aggressive_elimination: False
factor: 3
----------
iter: 0
n_candidates: 50
n_resources: 20
Fitting 1 folds for each of 50 candidates, totalling 50 fits
----------
iter: 1
n_candidates: 17
n_resources: 60
Fitting 1 folds for each of 17 candidates, totalling 17 fits
----------
iter: 2
n_candidates: 6
n_resources: 180
Fitting 1 folds for each of 6 candidates, totalling 6 fits
----------
iter: 3
n_candidates: 2
n_resources: 540
Fitting 1 folds for each of 2 candidates, totalling 2 fits
      -> [RandomForest + Jittering Set 2] Acc: 0.9238, F1: 0.9234, Time: 19.43s
n_iterations: 4
n_required_iterations: 4
n_possible_iterations: 8
min_resources_: 20
max_resources_: 60000
aggressive_elimination: False
factor: 3
----------
iter: 0
n_candidates: 50
n_resources: 20
Fitting 1 folds for each of 50 candidates, totalling 50 fits
----------
iter: 1
n_candidates: 17
n_resources: 60
Fitting 1 folds for each of 17 candidates, totalling 17 fits
----------
iter: 2
n_candidates: 6
n_resources: 180
Fitting 1 folds for each of 6 candidates, totalling 6 fits
----------
iter: 3
n_candidates: 2
n_resources: 540
Fitting 1 folds for each of 2 candidates, totalling 2 fits
      -> [LinearSVC + Jittering Set 2] Acc: 0.6138, F1: 0.5812, Time: 0.98s
n_iterations: 4
n_required_iterations: 4
n_possible_iterations: 8
min_resources_: 20
max_resources_: 60000
aggressive_elimination: False
factor: 3
----------
iter: 0
n_candidates: 50
n_resources: 20
Fitting 1 folds for each of 50 candidates, totalling 50 fits
----------
iter: 1
n_candidates: 17
n_resources: 60
Fitting 1 folds for each of 17 candidates, totalling 17 fits
----------
iter: 2
n_candidates: 6
n_resources: 180
Fitting 1 folds for each of 6 candidates, totalling 6 fits
----------
iter: 3
n_candidates: 2
n_resources: 540
Fitting 1 folds for each of 2 candidates, totalling 2 fits
      -> [LogisticRegression + Jittering Set 2] Acc: 0.7480, F1: 0.7397, Time: 2.82s
      -> [RNN + Jittering Set 2] Acc: 0.5111, F1: 0.4024, Time: 156.36s
    [=== Generating 2x synthetic data with Jittering (Set 3, Params: {'sigma': 0.05}) ===]
n_iterations: 4
n_required_iterations: 4
n_possible_iterations: 8
min_resources_: 20
max_resources_: 60000
aggressive_elimination: False
factor: 3
----------
iter: 0
n_candidates: 50
n_resources: 20
Fitting 1 folds for each of 50 candidates, totalling 50 fits
----------
iter: 1
n_candidates: 17
n_resources: 60
Fitting 1 folds for each of 17 candidates, totalling 17 fits
----------
iter: 2
n_candidates: 6
n_resources: 180
Fitting 1 folds for each of 6 candidates, totalling 6 fits
----------
iter: 3
n_candidates: 2
n_resources: 540
Fitting 1 folds for each of 2 candidates, totalling 2 fits
      -> [KNN + Jittering Set 3] Acc: 0.9348, F1: 0.9345, Time: 0.47s
n_iterations: 4
n_required_iterations: 4
n_possible_iterations: 8
min_resources_: 20
max_resources_: 60000
aggressive_elimination: False
factor: 3
----------
iter: 0
n_candidates: 50
n_resources: 20
Fitting 1 folds for each of 50 candidates, totalling 50 fits
----------
iter: 1
n_candidates: 17
n_resources: 60
Fitting 1 folds for each of 17 candidates, totalling 17 fits
----------
iter: 2
n_candidates: 6
n_resources: 180
Fitting 1 folds for each of 6 candidates, totalling 6 fits
----------
iter: 3
n_candidates: 2
n_resources: 540
Fitting 1 folds for each of 2 candidates, totalling 2 fits
      -> [RandomForest + Jittering Set 3] Acc: 0.9220, F1: 0.9216, Time: 19.56s
n_iterations: 4
n_required_iterations: 4
n_possible_iterations: 8
min_resources_: 20
max_resources_: 60000
aggressive_elimination: False
factor: 3
----------
iter: 0
n_candidates: 50
n_resources: 20
Fitting 1 folds for each of 50 candidates, totalling 50 fits
----------
iter: 1
n_candidates: 17
n_resources: 60
Fitting 1 folds for each of 17 candidates, totalling 17 fits
----------
iter: 2
n_candidates: 6
n_resources: 180
Fitting 1 folds for each of 6 candidates, totalling 6 fits
----------
iter: 3
n_candidates: 2
n_resources: 540
Fitting 1 folds for each of 2 candidates, totalling 2 fits
      -> [LinearSVC + Jittering Set 3] Acc: 0.6132, F1: 0.5808, Time: 1.02s
n_iterations: 4
n_required_iterations: 4
n_possible_iterations: 8
min_resources_: 20
max_resources_: 60000
aggressive_elimination: False
factor: 3
----------
iter: 0
n_candidates: 50
n_resources: 20
Fitting 1 folds for each of 50 candidates, totalling 50 fits
----------
iter: 1
n_candidates: 17
n_resources: 60
Fitting 1 folds for each of 17 candidates, totalling 17 fits
----------
iter: 2
n_candidates: 6
n_resources: 180
Fitting 1 folds for each of 6 candidates, totalling 6 fits
----------
iter: 3
n_candidates: 2
n_resources: 540
Fitting 1 folds for each of 2 candidates, totalling 2 fits
      -> [LogisticRegression + Jittering Set 3] Acc: 0.7427, F1: 0.7350, Time: 2.81s
      -> [RNN + Jittering Set 3] Acc: 0.4667, F1: 0.3901, Time: 161.86s
    [=== Generating 2x synthetic data with Jittering (Set 4, Params: {'sigma': 0.1}) ===]
n_iterations: 4
n_required_iterations: 4
n_possible_iterations: 8
min_resources_: 20
max_resources_: 60000
aggressive_elimination: False
factor: 3
----------
iter: 0
n_candidates: 50
n_resources: 20
Fitting 1 folds for each of 50 candidates, totalling 50 fits
----------
iter: 1
n_candidates: 17
n_resources: 60
Fitting 1 folds for each of 17 candidates, totalling 17 fits
----------
iter: 2
n_candidates: 6
n_resources: 180
Fitting 1 folds for each of 6 candidates, totalling 6 fits
----------
iter: 3
n_candidates: 2
n_resources: 540
Fitting 1 folds for each of 2 candidates, totalling 2 fits
      -> [KNN + Jittering Set 4] Acc: 0.9262, F1: 0.9261, Time: 0.13s
n_iterations: 4
n_required_iterations: 4
n_possible_iterations: 8
min_resources_: 20
max_resources_: 60000
aggressive_elimination: False
factor: 3
----------
iter: 0
n_candidates: 50
n_resources: 20
Fitting 1 folds for each of 50 candidates, totalling 50 fits
----------
iter: 1
n_candidates: 17
n_resources: 60
Fitting 1 folds for each of 17 candidates, totalling 17 fits
----------
iter: 2
n_candidates: 6
n_resources: 180
Fitting 1 folds for each of 6 candidates, totalling 6 fits
----------
iter: 3
n_candidates: 2
n_resources: 540
Fitting 1 folds for each of 2 candidates, totalling 2 fits
      -> [RandomForest + Jittering Set 4] Acc: 0.9090, F1: 0.9087, Time: 13.64s
n_iterations: 4
n_required_iterations: 4
n_possible_iterations: 8
min_resources_: 20
max_resources_: 60000
aggressive_elimination: False
factor: 3
----------
iter: 0
n_candidates: 50
n_resources: 20
Fitting 1 folds for each of 50 candidates, totalling 50 fits
----------
iter: 1
n_candidates: 17
n_resources: 60
Fitting 1 folds for each of 17 candidates, totalling 17 fits
----------
iter: 2
n_candidates: 6
n_resources: 180
Fitting 1 folds for each of 6 candidates, totalling 6 fits
----------
iter: 3
n_candidates: 2
n_resources: 540
Fitting 1 folds for each of 2 candidates, totalling 2 fits
      -> [LinearSVC + Jittering Set 4] Acc: 0.6543, F1: 0.6278, Time: 0.27s
n_iterations: 4
n_required_iterations: 4
n_possible_iterations: 8
min_resources_: 20
max_resources_: 60000
aggressive_elimination: False
factor: 3
----------
iter: 0
n_candidates: 50
n_resources: 20
Fitting 1 folds for each of 50 candidates, totalling 50 fits
----------
iter: 1
n_candidates: 17
n_resources: 60
Fitting 1 folds for each of 17 candidates, totalling 17 fits
----------
iter: 2
n_candidates: 6
n_resources: 180
Fitting 1 folds for each of 6 candidates, totalling 6 fits
----------
iter: 3
n_candidates: 2
n_resources: 540
Fitting 1 folds for each of 2 candidates, totalling 2 fits
      -> [LogisticRegression + Jittering Set 4] Acc: 0.7286, F1: 0.7218, Time: 1.00s
      -> [RNN + Jittering Set 4] Acc: 0.5111, F1: 0.4088, Time: 160.03s
    [=== Generating 2x synthetic data with Jittering (Set 5, Params: {'sigma': 0.15}) ===]
n_iterations: 4
n_required_iterations: 4
n_possible_iterations: 8
min_resources_: 20
max_resources_: 60000
aggressive_elimination: False
factor: 3
----------
iter: 0
n_candidates: 50
n_resources: 20
Fitting 1 folds for each of 50 candidates, totalling 50 fits
----------
iter: 1
n_candidates: 17
n_resources: 60
Fitting 1 folds for each of 17 candidates, totalling 17 fits
----------
iter: 2
n_candidates: 6
n_resources: 180
Fitting 1 folds for each of 6 candidates, totalling 6 fits
----------
iter: 3
n_candidates: 2
n_resources: 540
Fitting 1 folds for each of 2 candidates, totalling 2 fits
      -> [KNN + Jittering Set 5] Acc: 0.9257, F1: 0.9256, Time: 0.12s
n_iterations: 4
n_required_iterations: 4
n_possible_iterations: 8
min_resources_: 20
max_resources_: 60000
aggressive_elimination: False
factor: 3
----------
iter: 0
n_candidates: 50
n_resources: 20
Fitting 1 folds for each of 50 candidates, totalling 50 fits
----------
iter: 1
n_candidates: 17
n_resources: 60
Fitting 1 folds for each of 17 candidates, totalling 17 fits
----------
iter: 2
n_candidates: 6
n_resources: 180
Fitting 1 folds for each of 6 candidates, totalling 6 fits
----------
iter: 3
n_candidates: 2
n_resources: 540
Fitting 1 folds for each of 2 candidates, totalling 2 fits
      -> [RandomForest + Jittering Set 5] Acc: 0.9112, F1: 0.9111, Time: 19.44s
n_iterations: 4
n_required_iterations: 4
n_possible_iterations: 8
min_resources_: 20
max_resources_: 60000
aggressive_elimination: False
factor: 3
----------
iter: 0
n_candidates: 50
n_resources: 20
Fitting 1 folds for each of 50 candidates, totalling 50 fits
----------
iter: 1
n_candidates: 17
n_resources: 60
Fitting 1 folds for each of 17 candidates, totalling 17 fits
----------
iter: 2
n_candidates: 6
n_resources: 180
Fitting 1 folds for each of 6 candidates, totalling 6 fits
----------
iter: 3
n_candidates: 2
n_resources: 540
Fitting 1 folds for each of 2 candidates, totalling 2 fits
      -> [LinearSVC + Jittering Set 5] Acc: 0.6210, F1: 0.5919, Time: 0.25s
n_iterations: 4
n_required_iterations: 4
n_possible_iterations: 8
min_resources_: 20
max_resources_: 60000
aggressive_elimination: False
factor: 3
----------
iter: 0
n_candidates: 50
n_resources: 20
Fitting 1 folds for each of 50 candidates, totalling 50 fits
----------
iter: 1
n_candidates: 17
n_resources: 60
Fitting 1 folds for each of 17 candidates, totalling 17 fits
----------
iter: 2
n_candidates: 6
n_resources: 180
Fitting 1 folds for each of 6 candidates, totalling 6 fits
----------
iter: 3
n_candidates: 2
n_resources: 540
Fitting 1 folds for each of 2 candidates, totalling 2 fits
      -> [LogisticRegression + Jittering Set 5] Acc: 0.7017, F1: 0.6955, Time: 0.36s
      -> [RNN + Jittering Set 5] Acc: 0.3111, F1: 0.2230, Time: 158.37s
    [=== Generating 3x synthetic data with Jittering (Set 1, Params: {'sigma': 0.01}) ===]
n_iterations: 4
n_required_iterations: 4
n_possible_iterations: 8
min_resources_: 20
max_resources_: 80000
aggressive_elimination: False
factor: 3
----------
iter: 0
n_candidates: 50
n_resources: 20
Fitting 1 folds for each of 50 candidates, totalling 50 fits
----------
iter: 1
n_candidates: 17
n_resources: 60
Fitting 1 folds for each of 17 candidates, totalling 17 fits
----------
iter: 2
n_candidates: 6
n_resources: 180
Fitting 1 folds for each of 6 candidates, totalling 6 fits
----------
iter: 3
n_candidates: 2
n_resources: 540
Fitting 1 folds for each of 2 candidates, totalling 2 fits
      -> [KNN + Jittering Set 1] Acc: 0.9303, F1: 0.9304, Time: 0.15s
n_iterations: 4
n_required_iterations: 4
n_possible_iterations: 8
min_resources_: 20
max_resources_: 80000
aggressive_elimination: False
factor: 3
----------
iter: 0
n_candidates: 50
n_resources: 20
Fitting 1 folds for each of 50 candidates, totalling 50 fits
----------
iter: 1
n_candidates: 17
n_resources: 60
Fitting 1 folds for each of 17 candidates, totalling 17 fits
----------
iter: 2
n_candidates: 6
n_resources: 180
Fitting 1 folds for each of 6 candidates, totalling 6 fits
----------
iter: 3
n_candidates: 2
n_resources: 540
Fitting 1 folds for each of 2 candidates, totalling 2 fits
      -> [RandomForest + Jittering Set 1] Acc: 0.9178, F1: 0.9175, Time: 18.62s
n_iterations: 4
n_required_iterations: 4
n_possible_iterations: 8
min_resources_: 20
max_resources_: 80000
aggressive_elimination: False
factor: 3
----------
iter: 0
n_candidates: 50
n_resources: 20
Fitting 1 folds for each of 50 candidates, totalling 50 fits
----------
iter: 1
n_candidates: 17
n_resources: 60
Fitting 1 folds for each of 17 candidates, totalling 17 fits
----------
iter: 2
n_candidates: 6
n_resources: 180
Fitting 1 folds for each of 6 candidates, totalling 6 fits
----------
iter: 3
n_candidates: 2
n_resources: 540
Fitting 1 folds for each of 2 candidates, totalling 2 fits
      -> [LinearSVC + Jittering Set 1] Acc: 0.6836, F1: 0.6642, Time: 0.37s
n_iterations: 4
n_required_iterations: 4
n_possible_iterations: 8
min_resources_: 20
max_resources_: 80000
aggressive_elimination: False
factor: 3
----------
iter: 0
n_candidates: 50
n_resources: 20
Fitting 1 folds for each of 50 candidates, totalling 50 fits
----------
iter: 1
n_candidates: 17
n_resources: 60
Fitting 1 folds for each of 17 candidates, totalling 17 fits
----------
iter: 2
n_candidates: 6
n_resources: 180
Fitting 1 folds for each of 6 candidates, totalling 6 fits
----------
iter: 3
n_candidates: 2
n_resources: 540
Fitting 1 folds for each of 2 candidates, totalling 2 fits
      -> [LogisticRegression + Jittering Set 1] Acc: 0.7466, F1: 0.7382, Time: 1.79s
      -> [RNN + Jittering Set 1] Acc: 0.4889, F1: 0.4175, Time: 247.26s
    [=== Generating 3x synthetic data with Jittering (Set 2, Params: {'sigma': 0.03}) ===]
n_iterations: 4
n_required_iterations: 4
n_possible_iterations: 8
min_resources_: 20
max_resources_: 80000
aggressive_elimination: False
factor: 3
----------
iter: 0
n_candidates: 50
n_resources: 20
Fitting 1 folds for each of 50 candidates, totalling 50 fits
----------
iter: 1
n_candidates: 17
n_resources: 60
Fitting 1 folds for each of 17 candidates, totalling 17 fits
----------
iter: 2
n_candidates: 6
n_resources: 180
Fitting 1 folds for each of 6 candidates, totalling 6 fits
----------
iter: 3
n_candidates: 2
n_resources: 540
Fitting 1 folds for each of 2 candidates, totalling 2 fits
      -> [KNN + Jittering Set 2] Acc: 0.9347, F1: 0.9347, Time: 0.15s
n_iterations: 4
n_required_iterations: 4
n_possible_iterations: 8
min_resources_: 20
max_resources_: 80000
aggressive_elimination: False
factor: 3
----------
iter: 0
n_candidates: 50
n_resources: 20
Fitting 1 folds for each of 50 candidates, totalling 50 fits
----------
iter: 1
n_candidates: 17
n_resources: 60
Fitting 1 folds for each of 17 candidates, totalling 17 fits
----------
iter: 2
n_candidates: 6
n_resources: 180
Fitting 1 folds for each of 6 candidates, totalling 6 fits
----------
iter: 3
n_candidates: 2
n_resources: 540
Fitting 1 folds for each of 2 candidates, totalling 2 fits
      -> [RandomForest + Jittering Set 2] Acc: 0.9216, F1: 0.9212, Time: 19.38s
n_iterations: 4
n_required_iterations: 4
n_possible_iterations: 8
min_resources_: 20
max_resources_: 80000
aggressive_elimination: False
factor: 3
----------
iter: 0
n_candidates: 50
n_resources: 20
Fitting 1 folds for each of 50 candidates, totalling 50 fits
----------
iter: 1
n_candidates: 17
n_resources: 60
Fitting 1 folds for each of 17 candidates, totalling 17 fits
----------
iter: 2
n_candidates: 6
n_resources: 180
Fitting 1 folds for each of 6 candidates, totalling 6 fits
----------
iter: 3
n_candidates: 2
n_resources: 540
Fitting 1 folds for each of 2 candidates, totalling 2 fits
      -> [LinearSVC + Jittering Set 2] Acc: 0.6824, F1: 0.6624, Time: 0.44s
n_iterations: 4
n_required_iterations: 4
n_possible_iterations: 8
min_resources_: 20
max_resources_: 80000
aggressive_elimination: False
factor: 3
----------
iter: 0
n_candidates: 50
n_resources: 20
Fitting 1 folds for each of 50 candidates, totalling 50 fits
----------
iter: 1
n_candidates: 17
n_resources: 60
Fitting 1 folds for each of 17 candidates, totalling 17 fits
----------
iter: 2
n_candidates: 6
n_resources: 180
Fitting 1 folds for each of 6 candidates, totalling 6 fits
----------
iter: 3
n_candidates: 2
n_resources: 540
Fitting 1 folds for each of 2 candidates, totalling 2 fits
      -> [LogisticRegression + Jittering Set 2] Acc: 0.7482, F1: 0.7401, Time: 4.19s
      -> [RNN + Jittering Set 2] Acc: 0.4667, F1: 0.3638, Time: 238.47s
    [=== Generating 3x synthetic data with Jittering (Set 3, Params: {'sigma': 0.05}) ===]
n_iterations: 4
n_required_iterations: 4
n_possible_iterations: 8
min_resources_: 20
max_resources_: 80000
aggressive_elimination: False
factor: 3
----------
iter: 0
n_candidates: 50
n_resources: 20
Fitting 1 folds for each of 50 candidates, totalling 50 fits
----------
iter: 1
n_candidates: 17
n_resources: 60
Fitting 1 folds for each of 17 candidates, totalling 17 fits
----------
iter: 2
n_candidates: 6
n_resources: 180
Fitting 1 folds for each of 6 candidates, totalling 6 fits
----------
iter: 3
n_candidates: 2
n_resources: 540
Fitting 1 folds for each of 2 candidates, totalling 2 fits
      -> [KNN + Jittering Set 3] Acc: 0.9298, F1: 0.9295, Time: 0.16s
n_iterations: 4
n_required_iterations: 4
n_possible_iterations: 8
min_resources_: 20
max_resources_: 80000
aggressive_elimination: False
factor: 3
----------
iter: 0
n_candidates: 50
n_resources: 20
Fitting 1 folds for each of 50 candidates, totalling 50 fits
----------
iter: 1
n_candidates: 17
n_resources: 60
Fitting 1 folds for each of 17 candidates, totalling 17 fits
----------
iter: 2
n_candidates: 6
n_resources: 180
Fitting 1 folds for each of 6 candidates, totalling 6 fits
----------
iter: 3
n_candidates: 2
n_resources: 540
Fitting 1 folds for each of 2 candidates, totalling 2 fits
      -> [RandomForest + Jittering Set 3] Acc: 0.9248, F1: 0.9245, Time: 30.98s
n_iterations: 4
n_required_iterations: 4
n_possible_iterations: 8
min_resources_: 20
max_resources_: 80000
aggressive_elimination: False
factor: 3
----------
iter: 0
n_candidates: 50
n_resources: 20
Fitting 1 folds for each of 50 candidates, totalling 50 fits
----------
iter: 1
n_candidates: 17
n_resources: 60
Fitting 1 folds for each of 17 candidates, totalling 17 fits
----------
iter: 2
n_candidates: 6
n_resources: 180
Fitting 1 folds for each of 6 candidates, totalling 6 fits
----------
iter: 3
n_candidates: 2
n_resources: 540
Fitting 1 folds for each of 2 candidates, totalling 2 fits
      -> [LinearSVC + Jittering Set 3] Acc: 0.6143, F1: 0.5828, Time: 1.66s
n_iterations: 4
n_required_iterations: 4
n_possible_iterations: 8
min_resources_: 20
max_resources_: 80000
aggressive_elimination: False
factor: 3
----------
iter: 0
n_candidates: 50
n_resources: 20
Fitting 1 folds for each of 50 candidates, totalling 50 fits
----------
iter: 1
n_candidates: 17
n_resources: 60
Fitting 1 folds for each of 17 candidates, totalling 17 fits
----------
iter: 2
n_candidates: 6
n_resources: 180
Fitting 1 folds for each of 6 candidates, totalling 6 fits
----------
iter: 3
n_candidates: 2
n_resources: 540
Fitting 1 folds for each of 2 candidates, totalling 2 fits
      -> [LogisticRegression + Jittering Set 3] Acc: 0.7406, F1: 0.7327, Time: 2.39s
      -> [RNN + Jittering Set 3] Acc: 0.5444, F1: 0.4488, Time: 240.02s
    [=== Generating 3x synthetic data with Jittering (Set 4, Params: {'sigma': 0.1}) ===]
n_iterations: 4
n_required_iterations: 4
n_possible_iterations: 8
min_resources_: 20
max_resources_: 80000
aggressive_elimination: False
factor: 3
----------
iter: 0
n_candidates: 50
n_resources: 20
Fitting 1 folds for each of 50 candidates, totalling 50 fits
----------
iter: 1
n_candidates: 17
n_resources: 60
Fitting 1 folds for each of 17 candidates, totalling 17 fits
----------
iter: 2
n_candidates: 6
n_resources: 180
Fitting 1 folds for each of 6 candidates, totalling 6 fits
----------
iter: 3
n_candidates: 2
n_resources: 540
Fitting 1 folds for each of 2 candidates, totalling 2 fits
      -> [KNN + Jittering Set 4] Acc: 0.9210, F1: 0.9207, Time: 0.71s
n_iterations: 4
n_required_iterations: 4
n_possible_iterations: 8
min_resources_: 20
max_resources_: 80000
aggressive_elimination: False
factor: 3
----------
iter: 0
n_candidates: 50
n_resources: 20
Fitting 1 folds for each of 50 candidates, totalling 50 fits
----------
iter: 1
n_candidates: 17
n_resources: 60
Fitting 1 folds for each of 17 candidates, totalling 17 fits
----------
iter: 2
n_candidates: 6
n_resources: 180
Fitting 1 folds for each of 6 candidates, totalling 6 fits
----------
iter: 3
n_candidates: 2
n_resources: 540
Fitting 1 folds for each of 2 candidates, totalling 2 fits
      -> [RandomForest + Jittering Set 4] Acc: 0.9183, F1: 0.9181, Time: 10.61s
n_iterations: 4
n_required_iterations: 4
n_possible_iterations: 8
min_resources_: 20
max_resources_: 80000
aggressive_elimination: False
factor: 3
----------
iter: 0
n_candidates: 50
n_resources: 20
Fitting 1 folds for each of 50 candidates, totalling 50 fits
----------
iter: 1
n_candidates: 17
n_resources: 60
Fitting 1 folds for each of 17 candidates, totalling 17 fits
----------
iter: 2
n_candidates: 6
n_resources: 180
Fitting 1 folds for each of 6 candidates, totalling 6 fits
----------
iter: 3
n_candidates: 2
n_resources: 540
Fitting 1 folds for each of 2 candidates, totalling 2 fits
      -> [LinearSVC + Jittering Set 4] Acc: 0.6142, F1: 0.5831, Time: 1.82s
n_iterations: 4
n_required_iterations: 4
n_possible_iterations: 8
min_resources_: 20
max_resources_: 80000
aggressive_elimination: False
factor: 3
----------
iter: 0
n_candidates: 50
n_resources: 20
Fitting 1 folds for each of 50 candidates, totalling 50 fits
----------
iter: 1
n_candidates: 17
n_resources: 60
Fitting 1 folds for each of 17 candidates, totalling 17 fits
----------
iter: 2
n_candidates: 6
n_resources: 180
Fitting 1 folds for each of 6 candidates, totalling 6 fits
----------
iter: 3
n_candidates: 2
n_resources: 540
Fitting 1 folds for each of 2 candidates, totalling 2 fits
      -> [LogisticRegression + Jittering Set 4] Acc: 0.7184, F1: 0.7116, Time: 0.77s
      -> [RNN + Jittering Set 4] Acc: 0.5000, F1: 0.3942, Time: 186.10s
    [=== Generating 3x synthetic data with Jittering (Set 5, Params: {'sigma': 0.15}) ===]
n_iterations: 4
n_required_iterations: 4
n_possible_iterations: 8
min_resources_: 20
max_resources_: 80000
aggressive_elimination: False
factor: 3
----------
iter: 0
n_candidates: 50
n_resources: 20
Fitting 1 folds for each of 50 candidates, totalling 50 fits
----------
iter: 1
n_candidates: 17
n_resources: 60
Fitting 1 folds for each of 17 candidates, totalling 17 fits
----------
iter: 2
n_candidates: 6
n_resources: 180
Fitting 1 folds for each of 6 candidates, totalling 6 fits
----------
iter: 3
n_candidates: 2
n_resources: 540
Fitting 1 folds for each of 2 candidates, totalling 2 fits
      -> [KNN + Jittering Set 5] Acc: 0.9281, F1: 0.9279, Time: 0.96s
n_iterations: 4
n_required_iterations: 4
n_possible_iterations: 8
min_resources_: 20
max_resources_: 80000
aggressive_elimination: False
factor: 3
----------
iter: 0
n_candidates: 50
n_resources: 20
Fitting 1 folds for each of 50 candidates, totalling 50 fits
----------
iter: 1
n_candidates: 17
n_resources: 60
Fitting 1 folds for each of 17 candidates, totalling 17 fits
----------
iter: 2
n_candidates: 6
n_resources: 180
Fitting 1 folds for each of 6 candidates, totalling 6 fits
----------
iter: 3
n_candidates: 2
n_resources: 540
Fitting 1 folds for each of 2 candidates, totalling 2 fits
      -> [RandomForest + Jittering Set 5] Acc: 0.9110, F1: 0.9108, Time: 29.46s
n_iterations: 4
n_required_iterations: 4
n_possible_iterations: 8
min_resources_: 20
max_resources_: 80000
aggressive_elimination: False
factor: 3
----------
iter: 0
n_candidates: 50
n_resources: 20
Fitting 1 folds for each of 50 candidates, totalling 50 fits
----------
iter: 1
n_candidates: 17
n_resources: 60
Fitting 1 folds for each of 17 candidates, totalling 17 fits
----------
iter: 2
n_candidates: 6
n_resources: 180
Fitting 1 folds for each of 6 candidates, totalling 6 fits
----------
iter: 3
n_candidates: 2
n_resources: 540
Fitting 1 folds for each of 2 candidates, totalling 2 fits
      -> [LinearSVC + Jittering Set 5] Acc: 0.5981, F1: 0.5654, Time: 1.79s
n_iterations: 4
n_required_iterations: 4
n_possible_iterations: 8
min_resources_: 20
max_resources_: 80000
aggressive_elimination: False
factor: 3
----------
iter: 0
n_candidates: 50
n_resources: 20
Fitting 1 folds for each of 50 candidates, totalling 50 fits
----------
iter: 1
n_candidates: 17
n_resources: 60
Fitting 1 folds for each of 17 candidates, totalling 17 fits
----------
iter: 2
n_candidates: 6
n_resources: 180
Fitting 1 folds for each of 6 candidates, totalling 6 fits
----------
iter: 3
n_candidates: 2
n_resources: 540
Fitting 1 folds for each of 2 candidates, totalling 2 fits
      -> [LogisticRegression + Jittering Set 5] Acc: 0.6929, F1: 0.6867, Time: 3.82s
      -> [RNN + Jittering Set 5] Acc: 0.3444, F1: 0.2635, Time: 17.45s
    [=== Generating 5x synthetic data with Jittering (Set 1, Params: {'sigma': 0.01}) ===]
n_iterations: 4
n_required_iterations: 4
n_possible_iterations: 8
min_resources_: 20
max_resources_: 120000
aggressive_elimination: False
factor: 3
----------
iter: 0
n_candidates: 50
n_resources: 20
Fitting 1 folds for each of 50 candidates, totalling 50 fits
----------
iter: 1
n_candidates: 17
n_resources: 60
Fitting 1 folds for each of 17 candidates, totalling 17 fits
----------
iter: 2
n_candidates: 6
n_resources: 180
Fitting 1 folds for each of 6 candidates, totalling 6 fits
----------
iter: 3
n_candidates: 2
n_resources: 540
Fitting 1 folds for each of 2 candidates, totalling 2 fits
      -> [KNN + Jittering Set 1] Acc: 0.9251, F1: 0.9246, Time: 0.27s
n_iterations: 4
n_required_iterations: 4
n_possible_iterations: 8
min_resources_: 20
max_resources_: 120000
aggressive_elimination: False
factor: 3
----------
iter: 0
n_candidates: 50
n_resources: 20
Fitting 1 folds for each of 50 candidates, totalling 50 fits
----------
iter: 1
n_candidates: 17
n_resources: 60
Fitting 1 folds for each of 17 candidates, totalling 17 fits
----------
iter: 2
n_candidates: 6
n_resources: 180
Fitting 1 folds for each of 6 candidates, totalling 6 fits
----------
iter: 3
n_candidates: 2
n_resources: 540
Fitting 1 folds for each of 2 candidates, totalling 2 fits
      -> [RandomForest + Jittering Set 1] Acc: 0.9196, F1: 0.9193, Time: 30.15s
n_iterations: 4
n_required_iterations: 4
n_possible_iterations: 8
min_resources_: 20
max_resources_: 120000
aggressive_elimination: False
factor: 3
----------
iter: 0
n_candidates: 50
n_resources: 20
Fitting 1 folds for each of 50 candidates, totalling 50 fits
----------
iter: 1
n_candidates: 17
n_resources: 60
Fitting 1 folds for each of 17 candidates, totalling 17 fits
----------
iter: 2
n_candidates: 6
n_resources: 180
Fitting 1 folds for each of 6 candidates, totalling 6 fits
----------
iter: 3
n_candidates: 2
n_resources: 540
Fitting 1 folds for each of 2 candidates, totalling 2 fits
      -> [LinearSVC + Jittering Set 1] Acc: 0.6832, F1: 0.6637, Time: 0.68s
n_iterations: 4
n_required_iterations: 4
n_possible_iterations: 8
min_resources_: 20
max_resources_: 120000
aggressive_elimination: False
factor: 3
----------
iter: 0
n_candidates: 50
n_resources: 20
Fitting 1 folds for each of 50 candidates, totalling 50 fits
----------
iter: 1
n_candidates: 17
n_resources: 60
Fitting 1 folds for each of 17 candidates, totalling 17 fits
----------
iter: 2
n_candidates: 6
n_resources: 180
Fitting 1 folds for each of 6 candidates, totalling 6 fits
----------
iter: 3
n_candidates: 2
n_resources: 540
Fitting 1 folds for each of 2 candidates, totalling 2 fits
      -> [LogisticRegression + Jittering Set 1] Acc: 0.7471, F1: 0.7387, Time: 6.06s
      -> [RNN + Jittering Set 1] Acc: 0.6000, F1: 0.5209, Time: 422.56s
    [=== Generating 5x synthetic data with Jittering (Set 2, Params: {'sigma': 0.03}) ===]
n_iterations: 4
n_required_iterations: 4
n_possible_iterations: 8
min_resources_: 20
max_resources_: 120000
aggressive_elimination: False
factor: 3
----------
iter: 0
n_candidates: 50
n_resources: 20
Fitting 1 folds for each of 50 candidates, totalling 50 fits
----------
iter: 1
n_candidates: 17
n_resources: 60
Fitting 1 folds for each of 17 candidates, totalling 17 fits
----------
iter: 2
n_candidates: 6
n_resources: 180
Fitting 1 folds for each of 6 candidates, totalling 6 fits
----------
iter: 3
n_candidates: 2
n_resources: 540
Fitting 1 folds for each of 2 candidates, totalling 2 fits
      -> [KNN + Jittering Set 2] Acc: 0.9359, F1: 0.9356, Time: 0.69s
n_iterations: 4
n_required_iterations: 4
n_possible_iterations: 8
min_resources_: 20
max_resources_: 120000
aggressive_elimination: False
factor: 3
----------
iter: 0
n_candidates: 50
n_resources: 20
Fitting 1 folds for each of 50 candidates, totalling 50 fits
----------
iter: 1
n_candidates: 17
n_resources: 60
Fitting 1 folds for each of 17 candidates, totalling 17 fits
----------
iter: 2
n_candidates: 6
n_resources: 180
Fitting 1 folds for each of 6 candidates, totalling 6 fits
----------
iter: 3
n_candidates: 2
n_resources: 540
Fitting 1 folds for each of 2 candidates, totalling 2 fits
      -> [RandomForest + Jittering Set 2] Acc: 0.9270, F1: 0.9266, Time: 17.57s
n_iterations: 4
n_required_iterations: 4
n_possible_iterations: 8
min_resources_: 20
max_resources_: 120000
aggressive_elimination: False
factor: 3
----------
iter: 0
n_candidates: 50
n_resources: 20
Fitting 1 folds for each of 50 candidates, totalling 50 fits
----------
iter: 1
n_candidates: 17
n_resources: 60
Fitting 1 folds for each of 17 candidates, totalling 17 fits
----------
iter: 2
n_candidates: 6
n_resources: 180
Fitting 1 folds for each of 6 candidates, totalling 6 fits
----------
iter: 3
n_candidates: 2
n_resources: 540
Fitting 1 folds for each of 2 candidates, totalling 2 fits
      -> [LinearSVC + Jittering Set 2] Acc: 0.6793, F1: 0.6588, Time: 0.65s
n_iterations: 4
n_required_iterations: 4
n_possible_iterations: 8
min_resources_: 20
max_resources_: 120000
aggressive_elimination: False
factor: 3
----------
iter: 0
n_candidates: 50
n_resources: 20
Fitting 1 folds for each of 50 candidates, totalling 50 fits
----------
iter: 1
n_candidates: 17
n_resources: 60
Fitting 1 folds for each of 17 candidates, totalling 17 fits
----------
iter: 2
n_candidates: 6
n_resources: 180
Fitting 1 folds for each of 6 candidates, totalling 6 fits
----------
iter: 3
n_candidates: 2
n_resources: 540
Fitting 1 folds for each of 2 candidates, totalling 2 fits
      -> [LogisticRegression + Jittering Set 2] Acc: 0.7487, F1: 0.7405, Time: 4.09s
      -> [RNN + Jittering Set 2] Acc: 0.5778, F1: 0.5181, Time: 387.65s
    [=== Generating 5x synthetic data with Jittering (Set 3, Params: {'sigma': 0.05}) ===]
n_iterations: 4
n_required_iterations: 4
n_possible_iterations: 8
min_resources_: 20
max_resources_: 120000
aggressive_elimination: False
factor: 3
----------
iter: 0
n_candidates: 50
n_resources: 20
Fitting 1 folds for each of 50 candidates, totalling 50 fits
----------
iter: 1
n_candidates: 17
n_resources: 60
Fitting 1 folds for each of 17 candidates, totalling 17 fits
----------
iter: 2
n_candidates: 6
n_resources: 180
Fitting 1 folds for each of 6 candidates, totalling 6 fits
----------
iter: 3
n_candidates: 2
n_resources: 540
Fitting 1 folds for each of 2 candidates, totalling 2 fits
      -> [KNN + Jittering Set 3] Acc: 0.9300, F1: 0.9297, Time: 0.77s
n_iterations: 4
n_required_iterations: 4
n_possible_iterations: 8
min_resources_: 20
max_resources_: 120000
aggressive_elimination: False
factor: 3
----------
iter: 0
n_candidates: 50
n_resources: 20
Fitting 1 folds for each of 50 candidates, totalling 50 fits
----------
iter: 1
n_candidates: 17
n_resources: 60
Fitting 1 folds for each of 17 candidates, totalling 17 fits
----------
iter: 2
n_candidates: 6
n_resources: 180
Fitting 1 folds for each of 6 candidates, totalling 6 fits
----------
iter: 3
n_candidates: 2
n_resources: 540
Fitting 1 folds for each of 2 candidates, totalling 2 fits
      -> [RandomForest + Jittering Set 3] Acc: 0.9221, F1: 0.9218, Time: 17.67s
n_iterations: 4
n_required_iterations: 4
n_possible_iterations: 8
min_resources_: 20
max_resources_: 120000
aggressive_elimination: False
factor: 3
----------
iter: 0
n_candidates: 50
n_resources: 20
Fitting 1 folds for each of 50 candidates, totalling 50 fits
----------
iter: 1
n_candidates: 17
n_resources: 60
Fitting 1 folds for each of 17 candidates, totalling 17 fits
----------
iter: 2
n_candidates: 6
n_resources: 180
Fitting 1 folds for each of 6 candidates, totalling 6 fits
----------
iter: 3
n_candidates: 2
n_resources: 540
Fitting 1 folds for each of 2 candidates, totalling 2 fits
      -> [LinearSVC + Jittering Set 3] Acc: 0.6727, F1: 0.6511, Time: 0.66s
n_iterations: 4
n_required_iterations: 4
n_possible_iterations: 8
min_resources_: 20
max_resources_: 120000
aggressive_elimination: False
factor: 3
----------
iter: 0
n_candidates: 50
n_resources: 20
Fitting 1 folds for each of 50 candidates, totalling 50 fits
----------
iter: 1
n_candidates: 17
n_resources: 60
Fitting 1 folds for each of 17 candidates, totalling 17 fits
----------
iter: 2
n_candidates: 6
n_resources: 180
Fitting 1 folds for each of 6 candidates, totalling 6 fits
----------
iter: 3
n_candidates: 2
n_resources: 540
Fitting 1 folds for each of 2 candidates, totalling 2 fits
      -> [LogisticRegression + Jittering Set 3] Acc: 0.6511, F1: 0.6285, Time: 0.98s
      -> [RNN + Jittering Set 3] Acc: 0.5556, F1: 0.4599, Time: 280.00s
    [=== Generating 5x synthetic data with Jittering (Set 4, Params: {'sigma': 0.1}) ===]
n_iterations: 4
n_required_iterations: 4
n_possible_iterations: 8
min_resources_: 20
max_resources_: 120000
aggressive_elimination: False
factor: 3
----------
iter: 0
n_candidates: 50
n_resources: 20
Fitting 1 folds for each of 50 candidates, totalling 50 fits
----------
iter: 1
n_candidates: 17
n_resources: 60
Fitting 1 folds for each of 17 candidates, totalling 17 fits
----------
iter: 2
n_candidates: 6
n_resources: 180
Fitting 1 folds for each of 6 candidates, totalling 6 fits
----------
iter: 3
n_candidates: 2
n_resources: 540
Fitting 1 folds for each of 2 candidates, totalling 2 fits
      -> [KNN + Jittering Set 4] Acc: 0.9172, F1: 0.9167, Time: 0.41s
n_iterations: 4
n_required_iterations: 4
n_possible_iterations: 8
min_resources_: 20
max_resources_: 120000
aggressive_elimination: False
factor: 3
----------
iter: 0
n_candidates: 50
n_resources: 20
Fitting 1 folds for each of 50 candidates, totalling 50 fits
----------
iter: 1
n_candidates: 17
n_resources: 60
Fitting 1 folds for each of 17 candidates, totalling 17 fits
----------
iter: 2
n_candidates: 6
n_resources: 180
Fitting 1 folds for each of 6 candidates, totalling 6 fits
----------
iter: 3
n_candidates: 2
n_resources: 540
Fitting 1 folds for each of 2 candidates, totalling 2 fits
      -> [RandomForest + Jittering Set 4] Acc: 0.9122, F1: 0.9120, Time: 38.29s
n_iterations: 4
n_required_iterations: 4
n_possible_iterations: 8
min_resources_: 20
max_resources_: 120000
aggressive_elimination: False
factor: 3
----------
iter: 0
n_candidates: 50
n_resources: 20
Fitting 1 folds for each of 50 candidates, totalling 50 fits
----------
iter: 1
n_candidates: 17
n_resources: 60
Fitting 1 folds for each of 17 candidates, totalling 17 fits
----------
iter: 2
n_candidates: 6
n_resources: 180
Fitting 1 folds for each of 6 candidates, totalling 6 fits
----------
iter: 3
n_candidates: 2
n_resources: 540
Fitting 1 folds for each of 2 candidates, totalling 2 fits
      -> [LinearSVC + Jittering Set 4] Acc: 0.6129, F1: 0.5826, Time: 3.19s
n_iterations: 4
n_required_iterations: 4
n_possible_iterations: 8
min_resources_: 20
max_resources_: 120000
aggressive_elimination: False
factor: 3
----------
iter: 0
n_candidates: 50
n_resources: 20
Fitting 1 folds for each of 50 candidates, totalling 50 fits
----------
iter: 1
n_candidates: 17
n_resources: 60
Fitting 1 folds for each of 17 candidates, totalling 17 fits
----------
iter: 2
n_candidates: 6
n_resources: 180
Fitting 1 folds for each of 6 candidates, totalling 6 fits
----------
iter: 3
n_candidates: 2
n_resources: 540
Fitting 1 folds for each of 2 candidates, totalling 2 fits
      -> [LogisticRegression + Jittering Set 4] Acc: 0.7118, F1: 0.7048, Time: 1.31s
      -> [RNN + Jittering Set 4] Acc: 0.4778, F1: 0.4099, Time: 401.27s
    [=== Generating 5x synthetic data with Jittering (Set 5, Params: {'sigma': 0.15}) ===]
n_iterations: 4
n_required_iterations: 4
n_possible_iterations: 8
min_resources_: 20
max_resources_: 120000
aggressive_elimination: False
factor: 3
----------
iter: 0
n_candidates: 50
n_resources: 20
Fitting 1 folds for each of 50 candidates, totalling 50 fits
----------
iter: 1
n_candidates: 17
n_resources: 60
Fitting 1 folds for each of 17 candidates, totalling 17 fits
----------
iter: 2
n_candidates: 6
n_resources: 180
Fitting 1 folds for each of 6 candidates, totalling 6 fits
----------
iter: 3
n_candidates: 2
n_resources: 540
Fitting 1 folds for each of 2 candidates, totalling 2 fits
      -> [KNN + Jittering Set 5] Acc: 0.9069, F1: 0.9063, Time: 0.58s
n_iterations: 4
n_required_iterations: 4
n_possible_iterations: 8
min_resources_: 20
max_resources_: 120000
aggressive_elimination: False
factor: 3
----------
iter: 0
n_candidates: 50
n_resources: 20
Fitting 1 folds for each of 50 candidates, totalling 50 fits
----------
iter: 1
n_candidates: 17
n_resources: 60
Fitting 1 folds for each of 17 candidates, totalling 17 fits
----------
iter: 2
n_candidates: 6
n_resources: 180
Fitting 1 folds for each of 6 candidates, totalling 6 fits
----------
iter: 3
n_candidates: 2
n_resources: 540
Fitting 1 folds for each of 2 candidates, totalling 2 fits
      -> [RandomForest + Jittering Set 5] Acc: 0.9018, F1: 0.9019, Time: 20.45s
n_iterations: 4
n_required_iterations: 4
n_possible_iterations: 8
min_resources_: 20
max_resources_: 120000
aggressive_elimination: False
factor: 3
----------
iter: 0
n_candidates: 50
n_resources: 20
Fitting 1 folds for each of 50 candidates, totalling 50 fits
----------
iter: 1
n_candidates: 17
n_resources: 60
Fitting 1 folds for each of 17 candidates, totalling 17 fits
----------
iter: 2
n_candidates: 6
n_resources: 180
Fitting 1 folds for each of 6 candidates, totalling 6 fits
----------
iter: 3
n_candidates: 2
n_resources: 540
Fitting 1 folds for each of 2 candidates, totalling 2 fits
      -> [LinearSVC + Jittering Set 5] Acc: 0.5910, F1: 0.5564, Time: 3.35s
n_iterations: 4
n_required_iterations: 4
n_possible_iterations: 8
min_resources_: 20
max_resources_: 120000
aggressive_elimination: False
factor: 3
----------
iter: 0
n_candidates: 50
n_resources: 20
Fitting 1 folds for each of 50 candidates, totalling 50 fits
----------
iter: 1
n_candidates: 17
n_resources: 60
Fitting 1 folds for each of 17 candidates, totalling 17 fits
----------
iter: 2
n_candidates: 6
n_resources: 180
Fitting 1 folds for each of 6 candidates, totalling 6 fits
----------
iter: 3
n_candidates: 2
n_resources: 540
Fitting 1 folds for each of 2 candidates, totalling 2 fits
      -> [LogisticRegression + Jittering Set 5] Acc: 0.6906, F1: 0.6838, Time: 1.64s
      -> [RNN + Jittering Set 5] Acc: 0.5778, F1: 0.5027, Time: 379.79s
    [=== Generating 10x synthetic data with Jittering (Set 1, Params: {'sigma': 0.01}) ===]
n_iterations: 4
n_required_iterations: 4
n_possible_iterations: 8
min_resources_: 20
max_resources_: 120000
aggressive_elimination: False
factor: 3
----------
iter: 0
n_candidates: 50
n_resources: 20
Fitting 1 folds for each of 50 candidates, totalling 50 fits
----------
iter: 1
n_candidates: 17
n_resources: 60
Fitting 1 folds for each of 17 candidates, totalling 17 fits
----------
iter: 2
n_candidates: 6
n_resources: 180
Fitting 1 folds for each of 6 candidates, totalling 6 fits
----------
iter: 3
n_candidates: 2
n_resources: 540
Fitting 1 folds for each of 2 candidates, totalling 2 fits
      -> [KNN + Jittering Set 1] Acc: 0.9316, F1: 0.9313, Time: 0.63s
n_iterations: 4
n_required_iterations: 4
n_possible_iterations: 8
min_resources_: 20
max_resources_: 120000
aggressive_elimination: False
factor: 3
----------
iter: 0
n_candidates: 50
n_resources: 20
Fitting 1 folds for each of 50 candidates, totalling 50 fits
----------
iter: 1
n_candidates: 17
n_resources: 60
Fitting 1 folds for each of 17 candidates, totalling 17 fits
----------
iter: 2
n_candidates: 6
n_resources: 180
Fitting 1 folds for each of 6 candidates, totalling 6 fits
----------
iter: 3
n_candidates: 2
n_resources: 540
Fitting 1 folds for each of 2 candidates, totalling 2 fits
      -> [RandomForest + Jittering Set 1] Acc: 0.9170, F1: 0.9165, Time: 16.15s
n_iterations: 4
n_required_iterations: 4
n_possible_iterations: 8
min_resources_: 20
max_resources_: 120000
aggressive_elimination: False
factor: 3
----------
iter: 0
n_candidates: 50
n_resources: 20
Fitting 1 folds for each of 50 candidates, totalling 50 fits
----------
iter: 1
n_candidates: 17
n_resources: 60
Fitting 1 folds for each of 17 candidates, totalling 17 fits
----------
iter: 2
n_candidates: 6
n_resources: 180
Fitting 1 folds for each of 6 candidates, totalling 6 fits
----------
iter: 3
n_candidates: 2
n_resources: 540
Fitting 1 folds for each of 2 candidates, totalling 2 fits
      -> [LinearSVC + Jittering Set 1] Acc: 0.6829, F1: 0.6635, Time: 1.12s
n_iterations: 4
n_required_iterations: 4
n_possible_iterations: 8
min_resources_: 20
max_resources_: 120000
aggressive_elimination: False
factor: 3
----------
iter: 0
n_candidates: 50
n_resources: 20
Fitting 1 folds for each of 50 candidates, totalling 50 fits
----------
iter: 1
n_candidates: 17
n_resources: 60
Fitting 1 folds for each of 17 candidates, totalling 17 fits
----------
iter: 2
n_candidates: 6
n_resources: 180
Fitting 1 folds for each of 6 candidates, totalling 6 fits
----------
iter: 3
n_candidates: 2
n_resources: 540
Fitting 1 folds for each of 2 candidates, totalling 2 fits
      -> [LogisticRegression + Jittering Set 1] Acc: 0.6620, F1: 0.6410, Time: 1.03s
      -> [RNN + Jittering Set 1] Acc: 0.6778, F1: 0.6403, Time: 125.53s
    [=== Generating 10x synthetic data with Jittering (Set 2, Params: {'sigma': 0.03}) ===]
n_iterations: 4
n_required_iterations: 4
n_possible_iterations: 8
min_resources_: 20
max_resources_: 120000
aggressive_elimination: False
factor: 3
----------
iter: 0
n_candidates: 50
n_resources: 20
Fitting 1 folds for each of 50 candidates, totalling 50 fits
----------
iter: 1
n_candidates: 17
n_resources: 60
Fitting 1 folds for each of 17 candidates, totalling 17 fits
----------
iter: 2
n_candidates: 6
n_resources: 180
Fitting 1 folds for each of 6 candidates, totalling 6 fits
----------
iter: 3
n_candidates: 2
n_resources: 540
Fitting 1 folds for each of 2 candidates, totalling 2 fits
      -> [KNN + Jittering Set 2] Acc: 0.9299, F1: 0.9295, Time: 0.60s
n_iterations: 4
n_required_iterations: 4
n_possible_iterations: 8
min_resources_: 20
max_resources_: 120000
aggressive_elimination: False
factor: 3
----------
iter: 0
n_candidates: 50
n_resources: 20
Fitting 1 folds for each of 50 candidates, totalling 50 fits
----------
iter: 1
n_candidates: 17
n_resources: 60
Fitting 1 folds for each of 17 candidates, totalling 17 fits
----------
iter: 2
n_candidates: 6
n_resources: 180
Fitting 1 folds for each of 6 candidates, totalling 6 fits
----------
iter: 3
n_candidates: 2
n_resources: 540
Fitting 1 folds for each of 2 candidates, totalling 2 fits
      -> [RandomForest + Jittering Set 2] Acc: 0.9274, F1: 0.9270, Time: 17.87s
n_iterations: 4
n_required_iterations: 4
n_possible_iterations: 8
min_resources_: 20
max_resources_: 120000
aggressive_elimination: False
factor: 3
----------
iter: 0
n_candidates: 50
n_resources: 20
Fitting 1 folds for each of 50 candidates, totalling 50 fits
----------
iter: 1
n_candidates: 17
n_resources: 60
Fitting 1 folds for each of 17 candidates, totalling 17 fits
----------
iter: 2
n_candidates: 6
n_resources: 180
Fitting 1 folds for each of 6 candidates, totalling 6 fits
----------
iter: 3
n_candidates: 2
n_resources: 540
Fitting 1 folds for each of 2 candidates, totalling 2 fits
      -> [LinearSVC + Jittering Set 2] Acc: 0.6777, F1: 0.6574, Time: 1.22s
n_iterations: 4
n_required_iterations: 4
n_possible_iterations: 8
min_resources_: 20
max_resources_: 120000
aggressive_elimination: False
factor: 3
----------
iter: 0
n_candidates: 50
n_resources: 20
Fitting 1 folds for each of 50 candidates, totalling 50 fits
----------
iter: 1
n_candidates: 17
n_resources: 60
Fitting 1 folds for each of 17 candidates, totalling 17 fits
----------
iter: 2
n_candidates: 6
n_resources: 180
Fitting 1 folds for each of 6 candidates, totalling 6 fits
----------
iter: 3
n_candidates: 2
n_resources: 540
Fitting 1 folds for each of 2 candidates, totalling 2 fits
      -> [LogisticRegression + Jittering Set 2] Acc: 0.6572, F1: 0.6358, Time: 0.98s
      -> [RNN + Jittering Set 2] Acc: 0.6667, F1: 0.6277, Time: 819.10s
    [=== Generating 10x synthetic data with Jittering (Set 3, Params: {'sigma': 0.05}) ===]
n_iterations: 4
n_required_iterations: 4
n_possible_iterations: 8
min_resources_: 20
max_resources_: 120000
aggressive_elimination: False
factor: 3
----------
iter: 0
n_candidates: 50
n_resources: 20
Fitting 1 folds for each of 50 candidates, totalling 50 fits
----------
iter: 1
n_candidates: 17
n_resources: 60
Fitting 1 folds for each of 17 candidates, totalling 17 fits
----------
iter: 2
n_candidates: 6
n_resources: 180
Fitting 1 folds for each of 6 candidates, totalling 6 fits
----------
iter: 3
n_candidates: 2
n_resources: 540
Fitting 1 folds for each of 2 candidates, totalling 2 fits
      -> [KNN + Jittering Set 3] Acc: 0.9222, F1: 0.9218, Time: 0.74s
n_iterations: 4
n_required_iterations: 4
n_possible_iterations: 8
min_resources_: 20
max_resources_: 120000
aggressive_elimination: False
factor: 3
----------
iter: 0
n_candidates: 50
n_resources: 20
Fitting 1 folds for each of 50 candidates, totalling 50 fits
----------
iter: 1
n_candidates: 17
n_resources: 60
Fitting 1 folds for each of 17 candidates, totalling 17 fits
----------
iter: 2
n_candidates: 6
n_resources: 180
Fitting 1 folds for each of 6 candidates, totalling 6 fits
----------
iter: 3
n_candidates: 2
n_resources: 540
Fitting 1 folds for each of 2 candidates, totalling 2 fits
      -> [RandomForest + Jittering Set 3] Acc: 0.9196, F1: 0.9194, Time: 17.60s
n_iterations: 4
n_required_iterations: 4
n_possible_iterations: 8
min_resources_: 20
max_resources_: 120000
aggressive_elimination: False
factor: 3
----------
iter: 0
n_candidates: 50
n_resources: 20
Fitting 1 folds for each of 50 candidates, totalling 50 fits
----------
iter: 1
n_candidates: 17
n_resources: 60
Fitting 1 folds for each of 17 candidates, totalling 17 fits
----------
iter: 2
n_candidates: 6
n_resources: 180
Fitting 1 folds for each of 6 candidates, totalling 6 fits
----------
iter: 3
n_candidates: 2
n_resources: 540
Fitting 1 folds for each of 2 candidates, totalling 2 fits
      -> [LinearSVC + Jittering Set 3] Acc: 0.6703, F1: 0.6487, Time: 1.13s
n_iterations: 4
n_required_iterations: 4
n_possible_iterations: 8
min_resources_: 20
max_resources_: 120000
aggressive_elimination: False
factor: 3
----------
iter: 0
n_candidates: 50
n_resources: 20
Fitting 1 folds for each of 50 candidates, totalling 50 fits
----------
iter: 1
n_candidates: 17
n_resources: 60
Fitting 1 folds for each of 17 candidates, totalling 17 fits
----------
iter: 2
n_candidates: 6
n_resources: 180
Fitting 1 folds for each of 6 candidates, totalling 6 fits
----------
iter: 3
n_candidates: 2
n_resources: 540
Fitting 1 folds for each of 2 candidates, totalling 2 fits
      -> [LogisticRegression + Jittering Set 3] Acc: 0.6501, F1: 0.6281, Time: 1.15s
      -> [RNN + Jittering Set 3] Acc: 0.6222, F1: 0.5945, Time: 807.57s
    [=== Generating 10x synthetic data with Jittering (Set 4, Params: {'sigma': 0.1}) ===]
n_iterations: 4
n_required_iterations: 4
n_possible_iterations: 8
min_resources_: 20
max_resources_: 120000
aggressive_elimination: False
factor: 3
----------
iter: 0
n_candidates: 50
n_resources: 20
Fitting 1 folds for each of 50 candidates, totalling 50 fits
----------
iter: 1
n_candidates: 17
n_resources: 60
Fitting 1 folds for each of 17 candidates, totalling 17 fits
----------
iter: 2
n_candidates: 6
n_resources: 180
Fitting 1 folds for each of 6 candidates, totalling 6 fits
----------
iter: 3
n_candidates: 2
n_resources: 540
Fitting 1 folds for each of 2 candidates, totalling 2 fits
      -> [KNN + Jittering Set 4] Acc: 0.9051, F1: 0.9048, Time: 0.97s
n_iterations: 4
n_required_iterations: 4
n_possible_iterations: 8
min_resources_: 20
max_resources_: 120000
aggressive_elimination: False
factor: 3
----------
iter: 0
n_candidates: 50
n_resources: 20
Fitting 1 folds for each of 50 candidates, totalling 50 fits
----------
iter: 1
n_candidates: 17
n_resources: 60
Fitting 1 folds for each of 17 candidates, totalling 17 fits
----------
iter: 2
n_candidates: 6
n_resources: 180
Fitting 1 folds for each of 6 candidates, totalling 6 fits
----------
iter: 3
n_candidates: 2
n_resources: 540
Fitting 1 folds for each of 2 candidates, totalling 2 fits
      -> [RandomForest + Jittering Set 4] Acc: 0.8961, F1: 0.8958, Time: 56.46s
n_iterations: 4
n_required_iterations: 4
n_possible_iterations: 8
min_resources_: 20
max_resources_: 120000
aggressive_elimination: False
factor: 3
----------
iter: 0
n_candidates: 50
n_resources: 20
Fitting 1 folds for each of 50 candidates, totalling 50 fits
----------
iter: 1
n_candidates: 17
n_resources: 60
Fitting 1 folds for each of 17 candidates, totalling 17 fits
----------
iter: 2
n_candidates: 6
n_resources: 180
Fitting 1 folds for each of 6 candidates, totalling 6 fits
----------
iter: 3
n_candidates: 2
n_resources: 540
Fitting 1 folds for each of 2 candidates, totalling 2 fits
      -> [LinearSVC + Jittering Set 4] Acc: 0.6349, F1: 0.6074, Time: 1.03s
n_iterations: 4
n_required_iterations: 4
n_possible_iterations: 8
min_resources_: 20
max_resources_: 120000
aggressive_elimination: False
factor: 3
----------
iter: 0
n_candidates: 50
n_resources: 20
Fitting 1 folds for each of 50 candidates, totalling 50 fits
----------
iter: 1
n_candidates: 17
n_resources: 60
Fitting 1 folds for each of 17 candidates, totalling 17 fits
----------
iter: 2
n_candidates: 6
n_resources: 180
Fitting 1 folds for each of 6 candidates, totalling 6 fits
----------
iter: 3
n_candidates: 2
n_resources: 540
Fitting 1 folds for each of 2 candidates, totalling 2 fits
      -> [LogisticRegression + Jittering Set 4] Acc: 0.6206, F1: 0.5974, Time: 1.34s
      -> [RNN + Jittering Set 4] Acc: 0.7000, F1: 0.6556, Time: 822.96s
    [=== Generating 10x synthetic data with Jittering (Set 5, Params: {'sigma': 0.15}) ===]
n_iterations: 4
n_required_iterations: 4
n_possible_iterations: 8
min_resources_: 20
max_resources_: 120000
aggressive_elimination: False
factor: 3
----------
iter: 0
n_candidates: 50
n_resources: 20
Fitting 1 folds for each of 50 candidates, totalling 50 fits
----------
iter: 1
n_candidates: 17
n_resources: 60
Fitting 1 folds for each of 17 candidates, totalling 17 fits
----------
iter: 2
n_candidates: 6
n_resources: 180
Fitting 1 folds for each of 6 candidates, totalling 6 fits
----------
iter: 3
n_candidates: 2
n_resources: 540
Fitting 1 folds for each of 2 candidates, totalling 2 fits
      -> [KNN + Jittering Set 5] Acc: 0.9012, F1: 0.9010, Time: 0.37s
n_iterations: 4
n_required_iterations: 4
n_possible_iterations: 8
min_resources_: 20
max_resources_: 120000
aggressive_elimination: False
factor: 3
----------
iter: 0
n_candidates: 50
n_resources: 20
Fitting 1 folds for each of 50 candidates, totalling 50 fits
----------
iter: 1
n_candidates: 17
n_resources: 60
Fitting 1 folds for each of 17 candidates, totalling 17 fits
----------
iter: 2
n_candidates: 6
n_resources: 180
Fitting 1 folds for each of 6 candidates, totalling 6 fits
----------
iter: 3
n_candidates: 2
n_resources: 540
Fitting 1 folds for each of 2 candidates, totalling 2 fits
      -> [RandomForest + Jittering Set 5] Acc: 0.8830, F1: 0.8826, Time: 49.70s
n_iterations: 4
n_required_iterations: 4
n_possible_iterations: 8
min_resources_: 20
max_resources_: 120000
aggressive_elimination: False
factor: 3
----------
iter: 0
n_candidates: 50
n_resources: 20
Fitting 1 folds for each of 50 candidates, totalling 50 fits
----------
iter: 1
n_candidates: 17
n_resources: 60
Fitting 1 folds for each of 17 candidates, totalling 17 fits
----------
iter: 2
n_candidates: 6
n_resources: 180
Fitting 1 folds for each of 6 candidates, totalling 6 fits
----------
iter: 3
n_candidates: 2
n_resources: 540
Fitting 1 folds for each of 2 candidates, totalling 2 fits
      -> [LinearSVC + Jittering Set 5] Acc: 0.5894, F1: 0.5557, Time: 3.57s
n_iterations: 4
n_required_iterations: 4
n_possible_iterations: 8
min_resources_: 20
max_resources_: 120000
aggressive_elimination: False
factor: 3
----------
iter: 0
n_candidates: 50
n_resources: 20
Fitting 1 folds for each of 50 candidates, totalling 50 fits
----------
iter: 1
n_candidates: 17
n_resources: 60
Fitting 1 folds for each of 17 candidates, totalling 17 fits
----------
iter: 2
n_candidates: 6
n_resources: 180
Fitting 1 folds for each of 6 candidates, totalling 6 fits
----------
iter: 3
n_candidates: 2
n_resources: 540
Fitting 1 folds for each of 2 candidates, totalling 2 fits
      -> [LogisticRegression + Jittering Set 5] Acc: 0.5860, F1: 0.5622, Time: 1.19s
      -> [RNN + Jittering Set 5] Acc: 0.6667, F1: 0.6393, Time: 5.90s

    >> Seed Fold Selection: 7/10
    Evaluating Model: KNN
      -> [Baseline] Acc: 0.8964, F1: 0.8960, Time: 0.43s
      HP Tuning KNN...
n_iterations: 4
n_required_iterations: 4
n_possible_iterations: 5
min_resources_: 100
max_resources_: 20000
aggressive_elimination: False
factor: 3
----------
iter: 0
n_candidates: 50
n_resources: 100
Fitting 5 folds for each of 50 candidates, totalling 250 fits
----------
iter: 1
n_candidates: 17
n_resources: 300
Fitting 5 folds for each of 17 candidates, totalling 85 fits
----------
iter: 2
n_candidates: 6
n_resources: 900
Fitting 5 folds for each of 6 candidates, totalling 30 fits
----------
iter: 3
n_candidates: 2
n_resources: 2700
Fitting 5 folds for each of 2 candidates, totalling 10 fits
      -> [Tuned_Baseline] Acc: 0.8992, F1: 0.8987, Time: 0.29s
    Evaluating Model: RandomForest
      -> [Baseline] Acc: 0.8897, F1: 0.8887, Time: 4.89s
      HP Tuning RandomForest...
n_iterations: 4
n_required_iterations: 4
n_possible_iterations: 5
min_resources_: 100
max_resources_: 20000
aggressive_elimination: False
factor: 3
----------
iter: 0
n_candidates: 50
n_resources: 100
Fitting 5 folds for each of 50 candidates, totalling 250 fits
----------
iter: 1
n_candidates: 17
n_resources: 300
Fitting 5 folds for each of 17 candidates, totalling 85 fits
----------
iter: 2
n_candidates: 6
n_resources: 900
Fitting 5 folds for each of 6 candidates, totalling 30 fits
----------
iter: 3
n_candidates: 2
n_resources: 2700
Fitting 5 folds for each of 2 candidates, totalling 10 fits
      -> [Tuned_Baseline] Acc: 0.8908, F1: 0.8900, Time: 0.09s
    Evaluating Model: LinearSVC
      -> [Baseline] Acc: 0.6887, F1: 0.6657, Time: 0.15s
      HP Tuning LinearSVC...
n_iterations: 4
n_required_iterations: 4
n_possible_iterations: 5
min_resources_: 100
max_resources_: 20000
aggressive_elimination: False
factor: 3
----------
iter: 0
n_candidates: 50
n_resources: 100
Fitting 5 folds for each of 50 candidates, totalling 250 fits
----------
iter: 1
n_candidates: 17
n_resources: 300
Fitting 5 folds for each of 17 candidates, totalling 85 fits
----------
iter: 2
n_candidates: 6
n_resources: 900
Fitting 5 folds for each of 6 candidates, totalling 30 fits
----------
iter: 3
n_candidates: 2
n_resources: 2700
Fitting 5 folds for each of 2 candidates, totalling 10 fits
      -> [Tuned_Baseline] Acc: 0.6939, F1: 0.6727, Time: 0.00s
    Evaluating Model: LogisticRegression
      -> [Baseline] Acc: 0.7344, F1: 0.7289, Time: 0.67s
      HP Tuning LogisticRegression...
n_iterations: 4
n_required_iterations: 4
n_possible_iterations: 5
min_resources_: 100
max_resources_: 20000
aggressive_elimination: False
factor: 3
----------
iter: 0
n_candidates: 50
n_resources: 100
Fitting 5 folds for each of 50 candidates, totalling 250 fits
----------
iter: 1
n_candidates: 17
n_resources: 300
Fitting 5 folds for each of 17 candidates, totalling 85 fits
----------
iter: 2
n_candidates: 6
n_resources: 900
Fitting 5 folds for each of 6 candidates, totalling 30 fits
----------
iter: 3
n_candidates: 2
n_resources: 2700
Fitting 5 folds for each of 2 candidates, totalling 10 fits
      -> [Tuned_Baseline] Acc: 0.7409, F1: 0.7366, Time: 0.00s
    Evaluating Model: RNN
      -> [Baseline] Acc: 0.4222, F1: 0.2748, Time: 5.77s
      HP Tuning RNN...
n_iterations: 2
n_required_iterations: 2
n_possible_iterations: 3
min_resources_: 10
max_resources_: 200
aggressive_elimination: False
factor: 3
----------
iter: 0
n_candidates: 4
n_resources: 10
Fitting 5 folds for each of 4 candidates, totalling 20 fits
----------
iter: 1
n_candidates: 2
n_resources: 30
Fitting 5 folds for each of 2 candidates, totalling 10 fits
      -> [Tuned_Baseline] Acc: 0.3556, F1: 0.2380, Time: 1.30s
    [=== Generating 2x synthetic data with Jittering (Set 1, Params: {'sigma': 0.01}) ===]
n_iterations: 4
n_required_iterations: 4
n_possible_iterations: 8
min_resources_: 20
max_resources_: 60000
aggressive_elimination: False
factor: 3
----------
iter: 0
n_candidates: 50
n_resources: 20
Fitting 1 folds for each of 50 candidates, totalling 50 fits
----------
iter: 1
n_candidates: 17
n_resources: 60
Fitting 1 folds for each of 17 candidates, totalling 17 fits
----------
iter: 2
n_candidates: 6
n_resources: 180
Fitting 1 folds for each of 6 candidates, totalling 6 fits
----------
iter: 3
n_candidates: 2
n_resources: 540
Fitting 1 folds for each of 2 candidates, totalling 2 fits
      -> [KNN + Jittering Set 1] Acc: 0.8987, F1: 0.8981, Time: 0.48s
n_iterations: 4
n_required_iterations: 4
n_possible_iterations: 8
min_resources_: 20
max_resources_: 60000
aggressive_elimination: False
factor: 3
----------
iter: 0
n_candidates: 50
n_resources: 20
Fitting 1 folds for each of 50 candidates, totalling 50 fits
----------
iter: 1
n_candidates: 17
n_resources: 60
Fitting 1 folds for each of 17 candidates, totalling 17 fits
----------
iter: 2
n_candidates: 6
n_resources: 180
Fitting 1 folds for each of 6 candidates, totalling 6 fits
----------
iter: 3
n_candidates: 2
n_resources: 540
Fitting 1 folds for each of 2 candidates, totalling 2 fits
      -> [RandomForest + Jittering Set 1] Acc: 0.7946, F1: 0.7971, Time: 8.79s
n_iterations: 4
n_required_iterations: 4
n_possible_iterations: 8
min_resources_: 20
max_resources_: 60000
aggressive_elimination: False
factor: 3
----------
iter: 0
n_candidates: 50
n_resources: 20
Fitting 1 folds for each of 50 candidates, totalling 50 fits
----------
iter: 1
n_candidates: 17
n_resources: 60
Fitting 1 folds for each of 17 candidates, totalling 17 fits
----------
iter: 2
n_candidates: 6
n_resources: 180
Fitting 1 folds for each of 6 candidates, totalling 6 fits
----------
iter: 3
n_candidates: 2
n_resources: 540
Fitting 1 folds for each of 2 candidates, totalling 2 fits
      -> [LinearSVC + Jittering Set 1] Acc: 0.6287, F1: 0.5996, Time: 0.94s
n_iterations: 4
n_required_iterations: 4
n_possible_iterations: 8
min_resources_: 20
max_resources_: 60000
aggressive_elimination: False
factor: 3
----------
iter: 0
n_candidates: 50
n_resources: 20
Fitting 1 folds for each of 50 candidates, totalling 50 fits
----------
iter: 1
n_candidates: 17
n_resources: 60
Fitting 1 folds for each of 17 candidates, totalling 17 fits
----------
iter: 2
n_candidates: 6
n_resources: 180
Fitting 1 folds for each of 6 candidates, totalling 6 fits
----------
iter: 3
n_candidates: 2
n_resources: 540
Fitting 1 folds for each of 2 candidates, totalling 2 fits
      -> [LogisticRegression + Jittering Set 1] Acc: 0.7403, F1: 0.7360, Time: 1.43s
      -> [RNN + Jittering Set 1] Acc: 0.4889, F1: 0.3907, Time: 98.28s
    [=== Generating 2x synthetic data with Jittering (Set 2, Params: {'sigma': 0.03}) ===]
n_iterations: 4
n_required_iterations: 4
n_possible_iterations: 8
min_resources_: 20
max_resources_: 60000
aggressive_elimination: False
factor: 3
----------
iter: 0
n_candidates: 50
n_resources: 20
Fitting 1 folds for each of 50 candidates, totalling 50 fits
----------
iter: 1
n_candidates: 17
n_resources: 60
Fitting 1 folds for each of 17 candidates, totalling 17 fits
----------
iter: 2
n_candidates: 6
n_resources: 180
Fitting 1 folds for each of 6 candidates, totalling 6 fits
----------
iter: 3
n_candidates: 2
n_resources: 540
Fitting 1 folds for each of 2 candidates, totalling 2 fits
      -> [KNN + Jittering Set 2] Acc: 0.8961, F1: 0.8954, Time: 0.10s
n_iterations: 4
n_required_iterations: 4
n_possible_iterations: 8
min_resources_: 20
max_resources_: 60000
aggressive_elimination: False
factor: 3
----------
iter: 0
n_candidates: 50
n_resources: 20
Fitting 1 folds for each of 50 candidates, totalling 50 fits
----------
iter: 1
n_candidates: 17
n_resources: 60
Fitting 1 folds for each of 17 candidates, totalling 17 fits
----------
iter: 2
n_candidates: 6
n_resources: 180
Fitting 1 folds for each of 6 candidates, totalling 6 fits
----------
iter: 3
n_candidates: 2
n_resources: 540
Fitting 1 folds for each of 2 candidates, totalling 2 fits
      -> [RandomForest + Jittering Set 2] Acc: 0.8940, F1: 0.8933, Time: 4.87s
n_iterations: 4
n_required_iterations: 4
n_possible_iterations: 8
min_resources_: 20
max_resources_: 60000
aggressive_elimination: False
factor: 3
----------
iter: 0
n_candidates: 50
n_resources: 20
Fitting 1 folds for each of 50 candidates, totalling 50 fits
----------
iter: 1
n_candidates: 17
n_resources: 60
Fitting 1 folds for each of 17 candidates, totalling 17 fits
----------
iter: 2
n_candidates: 6
n_resources: 180
Fitting 1 folds for each of 6 candidates, totalling 6 fits
----------
iter: 3
n_candidates: 2
n_resources: 540
Fitting 1 folds for each of 2 candidates, totalling 2 fits
      -> [LinearSVC + Jittering Set 2] Acc: 0.6280, F1: 0.5988, Time: 0.83s
n_iterations: 4
n_required_iterations: 4
n_possible_iterations: 8
min_resources_: 20
max_resources_: 60000
aggressive_elimination: False
factor: 3
----------
iter: 0
n_candidates: 50
n_resources: 20
Fitting 1 folds for each of 50 candidates, totalling 50 fits
----------
iter: 1
n_candidates: 17
n_resources: 60
Fitting 1 folds for each of 17 candidates, totalling 17 fits
----------
iter: 2
n_candidates: 6
n_resources: 180
Fitting 1 folds for each of 6 candidates, totalling 6 fits
----------
iter: 3
n_candidates: 2
n_resources: 540
Fitting 1 folds for each of 2 candidates, totalling 2 fits
      -> [LogisticRegression + Jittering Set 2] Acc: 0.7374, F1: 0.7325, Time: 1.06s
      -> [RNN + Jittering Set 2] Acc: 0.4667, F1: 0.3536, Time: 51.56s
    [=== Generating 2x synthetic data with Jittering (Set 3, Params: {'sigma': 0.05}) ===]
n_iterations: 4
n_required_iterations: 4
n_possible_iterations: 8
min_resources_: 20
max_resources_: 60000
aggressive_elimination: False
factor: 3
----------
iter: 0
n_candidates: 50
n_resources: 20
Fitting 1 folds for each of 50 candidates, totalling 50 fits
----------
iter: 1
n_candidates: 17
n_resources: 60
Fitting 1 folds for each of 17 candidates, totalling 17 fits
----------
iter: 2
n_candidates: 6
n_resources: 180
Fitting 1 folds for each of 6 candidates, totalling 6 fits
----------
iter: 3
n_candidates: 2
n_resources: 540
Fitting 1 folds for each of 2 candidates, totalling 2 fits
      -> [KNN + Jittering Set 3] Acc: 0.8929, F1: 0.8924, Time: 0.11s
n_iterations: 4
n_required_iterations: 4
n_possible_iterations: 8
min_resources_: 20
max_resources_: 60000
aggressive_elimination: False
factor: 3
----------
iter: 0
n_candidates: 50
n_resources: 20
Fitting 1 folds for each of 50 candidates, totalling 50 fits
----------
iter: 1
n_candidates: 17
n_resources: 60
Fitting 1 folds for each of 17 candidates, totalling 17 fits
----------
iter: 2
n_candidates: 6
n_resources: 180
Fitting 1 folds for each of 6 candidates, totalling 6 fits
----------
iter: 3
n_candidates: 2
n_resources: 540
Fitting 1 folds for each of 2 candidates, totalling 2 fits
      -> [RandomForest + Jittering Set 3] Acc: 0.8921, F1: 0.8917, Time: 12.36s
n_iterations: 4
n_required_iterations: 4
n_possible_iterations: 8
min_resources_: 20
max_resources_: 60000
aggressive_elimination: False
factor: 3
----------
iter: 0
n_candidates: 50
n_resources: 20
Fitting 1 folds for each of 50 candidates, totalling 50 fits
----------
iter: 1
n_candidates: 17
n_resources: 60
Fitting 1 folds for each of 17 candidates, totalling 17 fits
----------
iter: 2
n_candidates: 6
n_resources: 180
Fitting 1 folds for each of 6 candidates, totalling 6 fits
----------
iter: 3
n_candidates: 2
n_resources: 540
Fitting 1 folds for each of 2 candidates, totalling 2 fits
      -> [LinearSVC + Jittering Set 3] Acc: 0.6281, F1: 0.5994, Time: 1.02s
n_iterations: 4
n_required_iterations: 4
n_possible_iterations: 8
min_resources_: 20
max_resources_: 60000
aggressive_elimination: False
factor: 3
----------
iter: 0
n_candidates: 50
n_resources: 20
Fitting 1 folds for each of 50 candidates, totalling 50 fits
----------
iter: 1
n_candidates: 17
n_resources: 60
Fitting 1 folds for each of 17 candidates, totalling 17 fits
----------
iter: 2
n_candidates: 6
n_resources: 180
Fitting 1 folds for each of 6 candidates, totalling 6 fits
----------
iter: 3
n_candidates: 2
n_resources: 540
Fitting 1 folds for each of 2 candidates, totalling 2 fits
      -> [LogisticRegression + Jittering Set 3] Acc: 0.7337, F1: 0.7282, Time: 2.89s
      -> [RNN + Jittering Set 3] Acc: 0.5444, F1: 0.4559, Time: 153.84s
    [=== Generating 2x synthetic data with Jittering (Set 4, Params: {'sigma': 0.1}) ===]
n_iterations: 4
n_required_iterations: 4
n_possible_iterations: 8
min_resources_: 20
max_resources_: 60000
aggressive_elimination: False
factor: 3
----------
iter: 0
n_candidates: 50
n_resources: 20
Fitting 1 folds for each of 50 candidates, totalling 50 fits
----------
iter: 1
n_candidates: 17
n_resources: 60
Fitting 1 folds for each of 17 candidates, totalling 17 fits
----------
iter: 2
n_candidates: 6
n_resources: 180
Fitting 1 folds for each of 6 candidates, totalling 6 fits
----------
iter: 3
n_candidates: 2
n_resources: 540
Fitting 1 folds for each of 2 candidates, totalling 2 fits
      -> [KNN + Jittering Set 4] Acc: 0.8953, F1: 0.8948, Time: 0.62s
n_iterations: 4
n_required_iterations: 4
n_possible_iterations: 8
min_resources_: 20
max_resources_: 60000
aggressive_elimination: False
factor: 3
----------
iter: 0
n_candidates: 50
n_resources: 20
Fitting 1 folds for each of 50 candidates, totalling 50 fits
----------
iter: 1
n_candidates: 17
n_resources: 60
Fitting 1 folds for each of 17 candidates, totalling 17 fits
----------
iter: 2
n_candidates: 6
n_resources: 180
Fitting 1 folds for each of 6 candidates, totalling 6 fits
----------
iter: 3
n_candidates: 2
n_resources: 540
Fitting 1 folds for each of 2 candidates, totalling 2 fits
      -> [RandomForest + Jittering Set 4] Acc: 0.8907, F1: 0.8904, Time: 13.28s
n_iterations: 4
n_required_iterations: 4
n_possible_iterations: 8
min_resources_: 20
max_resources_: 60000
aggressive_elimination: False
factor: 3
----------
iter: 0
n_candidates: 50
n_resources: 20
Fitting 1 folds for each of 50 candidates, totalling 50 fits
----------
iter: 1
n_candidates: 17
n_resources: 60
Fitting 1 folds for each of 17 candidates, totalling 17 fits
----------
iter: 2
n_candidates: 6
n_resources: 180
Fitting 1 folds for each of 6 candidates, totalling 6 fits
----------
iter: 3
n_candidates: 2
n_resources: 540
Fitting 1 folds for each of 2 candidates, totalling 2 fits
      -> [LinearSVC + Jittering Set 4] Acc: 0.6269, F1: 0.5992, Time: 1.10s
n_iterations: 4
n_required_iterations: 4
n_possible_iterations: 8
min_resources_: 20
max_resources_: 60000
aggressive_elimination: False
factor: 3
----------
iter: 0
n_candidates: 50
n_resources: 20
Fitting 1 folds for each of 50 candidates, totalling 50 fits
----------
iter: 1
n_candidates: 17
n_resources: 60
Fitting 1 folds for each of 17 candidates, totalling 17 fits
----------
iter: 2
n_candidates: 6
n_resources: 180
Fitting 1 folds for each of 6 candidates, totalling 6 fits
----------
iter: 3
n_candidates: 2
n_resources: 540
Fitting 1 folds for each of 2 candidates, totalling 2 fits
      -> [LogisticRegression + Jittering Set 4] Acc: 0.7134, F1: 0.7081, Time: 0.54s
      -> [RNN + Jittering Set 4] Acc: 0.4333, F1: 0.3052, Time: 160.12s
    [=== Generating 2x synthetic data with Jittering (Set 5, Params: {'sigma': 0.15}) ===]
n_iterations: 4
n_required_iterations: 4
n_possible_iterations: 8
min_resources_: 20
max_resources_: 60000
aggressive_elimination: False
factor: 3
----------
iter: 0
n_candidates: 50
n_resources: 20
Fitting 1 folds for each of 50 candidates, totalling 50 fits
----------
iter: 1
n_candidates: 17
n_resources: 60
Fitting 1 folds for each of 17 candidates, totalling 17 fits
----------
iter: 2
n_candidates: 6
n_resources: 180
Fitting 1 folds for each of 6 candidates, totalling 6 fits
----------
iter: 3
n_candidates: 2
n_resources: 540
Fitting 1 folds for each of 2 candidates, totalling 2 fits
      -> [KNN + Jittering Set 5] Acc: 0.8934, F1: 0.8930, Time: 0.54s
n_iterations: 4
n_required_iterations: 4
n_possible_iterations: 8
min_resources_: 20
max_resources_: 60000
aggressive_elimination: False
factor: 3
----------
iter: 0
n_candidates: 50
n_resources: 20
Fitting 1 folds for each of 50 candidates, totalling 50 fits
----------
iter: 1
n_candidates: 17
n_resources: 60
Fitting 1 folds for each of 17 candidates, totalling 17 fits
----------
iter: 2
n_candidates: 6
n_resources: 180
Fitting 1 folds for each of 6 candidates, totalling 6 fits
----------
iter: 3
n_candidates: 2
n_resources: 540
Fitting 1 folds for each of 2 candidates, totalling 2 fits
      -> [RandomForest + Jittering Set 5] Acc: 0.8911, F1: 0.8905, Time: 13.53s
n_iterations: 4
n_required_iterations: 4
n_possible_iterations: 8
min_resources_: 20
max_resources_: 60000
aggressive_elimination: False
factor: 3
----------
iter: 0
n_candidates: 50
n_resources: 20
Fitting 1 folds for each of 50 candidates, totalling 50 fits
----------
iter: 1
n_candidates: 17
n_resources: 60
Fitting 1 folds for each of 17 candidates, totalling 17 fits
----------
iter: 2
n_candidates: 6
n_resources: 180
Fitting 1 folds for each of 6 candidates, totalling 6 fits
----------
iter: 3
n_candidates: 2
n_resources: 540
Fitting 1 folds for each of 2 candidates, totalling 2 fits
      -> [LinearSVC + Jittering Set 5] Acc: 0.6310, F1: 0.6048, Time: 0.27s
n_iterations: 4
n_required_iterations: 4
n_possible_iterations: 8
min_resources_: 20
max_resources_: 60000
aggressive_elimination: False
factor: 3
----------
iter: 0
n_candidates: 50
n_resources: 20
Fitting 1 folds for each of 50 candidates, totalling 50 fits
----------
iter: 1
n_candidates: 17
n_resources: 60
Fitting 1 folds for each of 17 candidates, totalling 17 fits
----------
iter: 2
n_candidates: 6
n_resources: 180
Fitting 1 folds for each of 6 candidates, totalling 6 fits
----------
iter: 3
n_candidates: 2
n_resources: 540
Fitting 1 folds for each of 2 candidates, totalling 2 fits
      -> [LogisticRegression + Jittering Set 5] Acc: 0.6934, F1: 0.6872, Time: 0.49s
      -> [RNN + Jittering Set 5] Acc: 0.3889, F1: 0.2272, Time: 164.56s
    [=== Generating 3x synthetic data with Jittering (Set 1, Params: {'sigma': 0.01}) ===]
n_iterations: 4
n_required_iterations: 4
n_possible_iterations: 8
min_resources_: 20
max_resources_: 80000
aggressive_elimination: False
factor: 3
----------
iter: 0
n_candidates: 50
n_resources: 20
Fitting 1 folds for each of 50 candidates, totalling 50 fits
----------
iter: 1
n_candidates: 17
n_resources: 60
Fitting 1 folds for each of 17 candidates, totalling 17 fits
----------
iter: 2
n_candidates: 6
n_resources: 180
Fitting 1 folds for each of 6 candidates, totalling 6 fits
----------
iter: 3
n_candidates: 2
n_resources: 540
Fitting 1 folds for each of 2 candidates, totalling 2 fits
      -> [KNN + Jittering Set 1] Acc: 0.8994, F1: 0.8987, Time: 0.56s
n_iterations: 4
n_required_iterations: 4
n_possible_iterations: 8
min_resources_: 20
max_resources_: 80000
aggressive_elimination: False
factor: 3
----------
iter: 0
n_candidates: 50
n_resources: 20
Fitting 1 folds for each of 50 candidates, totalling 50 fits
----------
iter: 1
n_candidates: 17
n_resources: 60
Fitting 1 folds for each of 17 candidates, totalling 17 fits
----------
iter: 2
n_candidates: 6
n_resources: 180
Fitting 1 folds for each of 6 candidates, totalling 6 fits
----------
iter: 3
n_candidates: 2
n_resources: 540
Fitting 1 folds for each of 2 candidates, totalling 2 fits
      -> [RandomForest + Jittering Set 1] Acc: 0.8923, F1: 0.8910, Time: 27.41s
n_iterations: 4
n_required_iterations: 4
n_possible_iterations: 8
min_resources_: 20
max_resources_: 80000
aggressive_elimination: False
factor: 3
----------
iter: 0
n_candidates: 50
n_resources: 20
Fitting 1 folds for each of 50 candidates, totalling 50 fits
----------
iter: 1
n_candidates: 17
n_resources: 60
Fitting 1 folds for each of 17 candidates, totalling 17 fits
----------
iter: 2
n_candidates: 6
n_resources: 180
Fitting 1 folds for each of 6 candidates, totalling 6 fits
----------
iter: 3
n_candidates: 2
n_resources: 540
Fitting 1 folds for each of 2 candidates, totalling 2 fits
      -> [LinearSVC + Jittering Set 1] Acc: 0.6287, F1: 0.5996, Time: 1.53s
n_iterations: 4
n_required_iterations: 4
n_possible_iterations: 8
min_resources_: 20
max_resources_: 80000
aggressive_elimination: False
factor: 3
----------
iter: 0
n_candidates: 50
n_resources: 20
Fitting 1 folds for each of 50 candidates, totalling 50 fits
----------
iter: 1
n_candidates: 17
n_resources: 60
Fitting 1 folds for each of 17 candidates, totalling 17 fits
----------
iter: 2
n_candidates: 6
n_resources: 180
Fitting 1 folds for each of 6 candidates, totalling 6 fits
----------
iter: 3
n_candidates: 2
n_resources: 540
Fitting 1 folds for each of 2 candidates, totalling 2 fits
      -> [LogisticRegression + Jittering Set 1] Acc: 0.7403, F1: 0.7358, Time: 1.39s
      -> [RNN + Jittering Set 1] Acc: 0.4000, F1: 0.2711, Time: 248.03s
    [=== Generating 3x synthetic data with Jittering (Set 2, Params: {'sigma': 0.03}) ===]
n_iterations: 4
n_required_iterations: 4
n_possible_iterations: 8
min_resources_: 20
max_resources_: 80000
aggressive_elimination: False
factor: 3
----------
iter: 0
n_candidates: 50
n_resources: 20
Fitting 1 folds for each of 50 candidates, totalling 50 fits
----------
iter: 1
n_candidates: 17
n_resources: 60
Fitting 1 folds for each of 17 candidates, totalling 17 fits
----------
iter: 2
n_candidates: 6
n_resources: 180
Fitting 1 folds for each of 6 candidates, totalling 6 fits
----------
iter: 3
n_candidates: 2
n_resources: 540
Fitting 1 folds for each of 2 candidates, totalling 2 fits
      -> [KNN + Jittering Set 2] Acc: 0.8964, F1: 0.8957, Time: 0.54s
n_iterations: 4
n_required_iterations: 4
n_possible_iterations: 8
min_resources_: 20
max_resources_: 80000
aggressive_elimination: False
factor: 3
----------
iter: 0
n_candidates: 50
n_resources: 20
Fitting 1 folds for each of 50 candidates, totalling 50 fits
----------
iter: 1
n_candidates: 17
n_resources: 60
Fitting 1 folds for each of 17 candidates, totalling 17 fits
----------
iter: 2
n_candidates: 6
n_resources: 180
Fitting 1 folds for each of 6 candidates, totalling 6 fits
----------
iter: 3
n_candidates: 2
n_resources: 540
Fitting 1 folds for each of 2 candidates, totalling 2 fits
      -> [RandomForest + Jittering Set 2] Acc: 0.8921, F1: 0.8910, Time: 8.75s
n_iterations: 4
n_required_iterations: 4
n_possible_iterations: 8
min_resources_: 20
max_resources_: 80000
aggressive_elimination: False
factor: 3
----------
iter: 0
n_candidates: 50
n_resources: 20
Fitting 1 folds for each of 50 candidates, totalling 50 fits
----------
iter: 1
n_candidates: 17
n_resources: 60
Fitting 1 folds for each of 17 candidates, totalling 17 fits
----------
iter: 2
n_candidates: 6
n_resources: 180
Fitting 1 folds for each of 6 candidates, totalling 6 fits
----------
iter: 3
n_candidates: 2
n_resources: 540
Fitting 1 folds for each of 2 candidates, totalling 2 fits
      -> [LinearSVC + Jittering Set 2] Acc: 0.6287, F1: 0.5996, Time: 1.47s
n_iterations: 4
n_required_iterations: 4
n_possible_iterations: 8
min_resources_: 20
max_resources_: 80000
aggressive_elimination: False
factor: 3
----------
iter: 0
n_candidates: 50
n_resources: 20
Fitting 1 folds for each of 50 candidates, totalling 50 fits
----------
iter: 1
n_candidates: 17
n_resources: 60
Fitting 1 folds for each of 17 candidates, totalling 17 fits
----------
iter: 2
n_candidates: 6
n_resources: 180
Fitting 1 folds for each of 6 candidates, totalling 6 fits
----------
iter: 3
n_candidates: 2
n_resources: 540
Fitting 1 folds for each of 2 candidates, totalling 2 fits
      -> [LogisticRegression + Jittering Set 2] Acc: 0.7376, F1: 0.7323, Time: 3.53s
      -> [RNN + Jittering Set 2] Acc: 0.5000, F1: 0.3838, Time: 91.53s
    [=== Generating 3x synthetic data with Jittering (Set 3, Params: {'sigma': 0.05}) ===]
n_iterations: 4
n_required_iterations: 4
n_possible_iterations: 8
min_resources_: 20
max_resources_: 80000
aggressive_elimination: False
factor: 3
----------
iter: 0
n_candidates: 50
n_resources: 20
Fitting 1 folds for each of 50 candidates, totalling 50 fits
----------
iter: 1
n_candidates: 17
n_resources: 60
Fitting 1 folds for each of 17 candidates, totalling 17 fits
----------
iter: 2
n_candidates: 6
n_resources: 180
Fitting 1 folds for each of 6 candidates, totalling 6 fits
----------
iter: 3
n_candidates: 2
n_resources: 540
Fitting 1 folds for each of 2 candidates, totalling 2 fits
      -> [KNN + Jittering Set 3] Acc: 0.8956, F1: 0.8950, Time: 0.16s
n_iterations: 4
n_required_iterations: 4
n_possible_iterations: 8
min_resources_: 20
max_resources_: 80000
aggressive_elimination: False
factor: 3
----------
iter: 0
n_candidates: 50
n_resources: 20
Fitting 1 folds for each of 50 candidates, totalling 50 fits
----------
iter: 1
n_candidates: 17
n_resources: 60
Fitting 1 folds for each of 17 candidates, totalling 17 fits
----------
iter: 2
n_candidates: 6
n_resources: 180
Fitting 1 folds for each of 6 candidates, totalling 6 fits
----------
iter: 3
n_candidates: 2
n_resources: 540
Fitting 1 folds for each of 2 candidates, totalling 2 fits
      -> [RandomForest + Jittering Set 3] Acc: 0.8902, F1: 0.8895, Time: 26.34s
n_iterations: 4
n_required_iterations: 4
n_possible_iterations: 8
min_resources_: 20
max_resources_: 80000
aggressive_elimination: False
factor: 3
----------
iter: 0
n_candidates: 50
n_resources: 20
Fitting 1 folds for each of 50 candidates, totalling 50 fits
----------
iter: 1
n_candidates: 17
n_resources: 60
Fitting 1 folds for each of 17 candidates, totalling 17 fits
----------
iter: 2
n_candidates: 6
n_resources: 180
Fitting 1 folds for each of 6 candidates, totalling 6 fits
----------
iter: 3
n_candidates: 2
n_resources: 540
Fitting 1 folds for each of 2 candidates, totalling 2 fits
      -> [LinearSVC + Jittering Set 3] Acc: 0.6283, F1: 0.6002, Time: 1.43s
n_iterations: 4
n_required_iterations: 4
n_possible_iterations: 8
min_resources_: 20
max_resources_: 80000
aggressive_elimination: False
factor: 3
----------
iter: 0
n_candidates: 50
n_resources: 20
Fitting 1 folds for each of 50 candidates, totalling 50 fits
----------
iter: 1
n_candidates: 17
n_resources: 60
Fitting 1 folds for each of 17 candidates, totalling 17 fits
----------
iter: 2
n_candidates: 6
n_resources: 180
Fitting 1 folds for each of 6 candidates, totalling 6 fits
----------
iter: 3
n_candidates: 2
n_resources: 540
Fitting 1 folds for each of 2 candidates, totalling 2 fits
      -> [LogisticRegression + Jittering Set 3] Acc: 0.7299, F1: 0.7245, Time: 2.59s
      -> [RNN + Jittering Set 3] Acc: 0.5333, F1: 0.4456, Time: 46.47s
    [=== Generating 3x synthetic data with Jittering (Set 4, Params: {'sigma': 0.1}) ===]
n_iterations: 4
n_required_iterations: 4
n_possible_iterations: 8
min_resources_: 20
max_resources_: 80000
aggressive_elimination: False
factor: 3
----------
iter: 0
n_candidates: 50
n_resources: 20
Fitting 1 folds for each of 50 candidates, totalling 50 fits
----------
iter: 1
n_candidates: 17
n_resources: 60
Fitting 1 folds for each of 17 candidates, totalling 17 fits
----------
iter: 2
n_candidates: 6
n_resources: 180
Fitting 1 folds for each of 6 candidates, totalling 6 fits
----------
iter: 3
n_candidates: 2
n_resources: 540
Fitting 1 folds for each of 2 candidates, totalling 2 fits
      -> [KNN + Jittering Set 4] Acc: 0.8914, F1: 0.8910, Time: 0.13s
n_iterations: 4
n_required_iterations: 4
n_possible_iterations: 8
min_resources_: 20
max_resources_: 80000
aggressive_elimination: False
factor: 3
----------
iter: 0
n_candidates: 50
n_resources: 20
Fitting 1 folds for each of 50 candidates, totalling 50 fits
----------
iter: 1
n_candidates: 17
n_resources: 60
Fitting 1 folds for each of 17 candidates, totalling 17 fits
----------
iter: 2
n_candidates: 6
n_resources: 180
Fitting 1 folds for each of 6 candidates, totalling 6 fits
----------
iter: 3
n_candidates: 2
n_resources: 540
Fitting 1 folds for each of 2 candidates, totalling 2 fits
      -> [RandomForest + Jittering Set 4] Acc: 0.8932, F1: 0.8927, Time: 27.84s
n_iterations: 4
n_required_iterations: 4
n_possible_iterations: 8
min_resources_: 20
max_resources_: 80000
aggressive_elimination: False
factor: 3
----------
iter: 0
n_candidates: 50
n_resources: 20
Fitting 1 folds for each of 50 candidates, totalling 50 fits
----------
iter: 1
n_candidates: 17
n_resources: 60
Fitting 1 folds for each of 17 candidates, totalling 17 fits
----------
iter: 2
n_candidates: 6
n_resources: 180
Fitting 1 folds for each of 6 candidates, totalling 6 fits
----------
iter: 3
n_candidates: 2
n_resources: 540
Fitting 1 folds for each of 2 candidates, totalling 2 fits
      -> [LinearSVC + Jittering Set 4] Acc: 0.6469, F1: 0.6227, Time: 0.35s
n_iterations: 4
n_required_iterations: 4
n_possible_iterations: 8
min_resources_: 20
max_resources_: 80000
aggressive_elimination: False
factor: 3
----------
iter: 0
n_candidates: 50
n_resources: 20
Fitting 1 folds for each of 50 candidates, totalling 50 fits
----------
iter: 1
n_candidates: 17
n_resources: 60
Fitting 1 folds for each of 17 candidates, totalling 17 fits
----------
iter: 2
n_candidates: 6
n_resources: 180
Fitting 1 folds for each of 6 candidates, totalling 6 fits
----------
iter: 3
n_candidates: 2
n_resources: 540
Fitting 1 folds for each of 2 candidates, totalling 2 fits
      -> [LogisticRegression + Jittering Set 4] Acc: 0.7049, F1: 0.7001, Time: 1.14s
      -> [RNN + Jittering Set 4] Acc: 0.5222, F1: 0.4190, Time: 231.44s
    [=== Generating 3x synthetic data with Jittering (Set 5, Params: {'sigma': 0.15}) ===]
n_iterations: 4
n_required_iterations: 4
n_possible_iterations: 8
min_resources_: 20
max_resources_: 80000
aggressive_elimination: False
factor: 3
----------
iter: 0
n_candidates: 50
n_resources: 20
Fitting 1 folds for each of 50 candidates, totalling 50 fits
----------
iter: 1
n_candidates: 17
n_resources: 60
Fitting 1 folds for each of 17 candidates, totalling 17 fits
----------
iter: 2
n_candidates: 6
n_resources: 180
Fitting 1 folds for each of 6 candidates, totalling 6 fits
----------
iter: 3
n_candidates: 2
n_resources: 540
Fitting 1 folds for each of 2 candidates, totalling 2 fits
      -> [KNN + Jittering Set 5] Acc: 0.8923, F1: 0.8919, Time: 0.99s
n_iterations: 4
n_required_iterations: 4
n_possible_iterations: 8
min_resources_: 20
max_resources_: 80000
aggressive_elimination: False
factor: 3
----------
iter: 0
n_candidates: 50
n_resources: 20
Fitting 1 folds for each of 50 candidates, totalling 50 fits
----------
iter: 1
n_candidates: 17
n_resources: 60
Fitting 1 folds for each of 17 candidates, totalling 17 fits
----------
iter: 2
n_candidates: 6
n_resources: 180
Fitting 1 folds for each of 6 candidates, totalling 6 fits
----------
iter: 3
n_candidates: 2
n_resources: 540
Fitting 1 folds for each of 2 candidates, totalling 2 fits
      -> [RandomForest + Jittering Set 5] Acc: 0.8878, F1: 0.8872, Time: 32.51s
n_iterations: 4
n_required_iterations: 4
n_possible_iterations: 8
min_resources_: 20
max_resources_: 80000
aggressive_elimination: False
factor: 3
----------
iter: 0
n_candidates: 50
n_resources: 20
Fitting 1 folds for each of 50 candidates, totalling 50 fits
----------
iter: 1
n_candidates: 17
n_resources: 60
Fitting 1 folds for each of 17 candidates, totalling 17 fits
----------
iter: 2
n_candidates: 6
n_resources: 180
Fitting 1 folds for each of 6 candidates, totalling 6 fits
----------
iter: 3
n_candidates: 2
n_resources: 540
Fitting 1 folds for each of 2 candidates, totalling 2 fits
      -> [LinearSVC + Jittering Set 5] Acc: 0.6084, F1: 0.5801, Time: 1.96s
n_iterations: 4
n_required_iterations: 4
n_possible_iterations: 8
min_resources_: 20
max_resources_: 80000
aggressive_elimination: False
factor: 3
----------
iter: 0
n_candidates: 50
n_resources: 20
Fitting 1 folds for each of 50 candidates, totalling 50 fits
----------
iter: 1
n_candidates: 17
n_resources: 60
Fitting 1 folds for each of 17 candidates, totalling 17 fits
----------
iter: 2
n_candidates: 6
n_resources: 180
Fitting 1 folds for each of 6 candidates, totalling 6 fits
----------
iter: 3
n_candidates: 2
n_resources: 540
Fitting 1 folds for each of 2 candidates, totalling 2 fits
      -> [LogisticRegression + Jittering Set 5] Acc: 0.6787, F1: 0.6718, Time: 3.88s
      -> [RNN + Jittering Set 5] Acc: 0.5667, F1: 0.5264, Time: 44.20s
    [=== Generating 5x synthetic data with Jittering (Set 1, Params: {'sigma': 0.01}) ===]
n_iterations: 4
n_required_iterations: 4
n_possible_iterations: 8
min_resources_: 20
max_resources_: 120000
aggressive_elimination: False
factor: 3
----------
iter: 0
n_candidates: 50
n_resources: 20
Fitting 1 folds for each of 50 candidates, totalling 50 fits
----------
iter: 1
n_candidates: 17
n_resources: 60
Fitting 1 folds for each of 17 candidates, totalling 17 fits
----------
iter: 2
n_candidates: 6
n_resources: 180
Fitting 1 folds for each of 6 candidates, totalling 6 fits
----------
iter: 3
n_candidates: 2
n_resources: 540
Fitting 1 folds for each of 2 candidates, totalling 2 fits
      -> [KNN + Jittering Set 1] Acc: 0.8989, F1: 0.8981, Time: 0.56s
n_iterations: 4
n_required_iterations: 4
n_possible_iterations: 8
min_resources_: 20
max_resources_: 120000
aggressive_elimination: False
factor: 3
----------
iter: 0
n_candidates: 50
n_resources: 20
Fitting 1 folds for each of 50 candidates, totalling 50 fits
----------
iter: 1
n_candidates: 17
n_resources: 60
Fitting 1 folds for each of 17 candidates, totalling 17 fits
----------
iter: 2
n_candidates: 6
n_resources: 180
Fitting 1 folds for each of 6 candidates, totalling 6 fits
----------
iter: 3
n_candidates: 2
n_resources: 540
Fitting 1 folds for each of 2 candidates, totalling 2 fits
      -> [RandomForest + Jittering Set 1] Acc: 0.8929, F1: 0.8915, Time: 43.33s
n_iterations: 4
n_required_iterations: 4
n_possible_iterations: 8
min_resources_: 20
max_resources_: 120000
aggressive_elimination: False
factor: 3
----------
iter: 0
n_candidates: 50
n_resources: 20
Fitting 1 folds for each of 50 candidates, totalling 50 fits
----------
iter: 1
n_candidates: 17
n_resources: 60
Fitting 1 folds for each of 17 candidates, totalling 17 fits
----------
iter: 2
n_candidates: 6
n_resources: 180
Fitting 1 folds for each of 6 candidates, totalling 6 fits
----------
iter: 3
n_candidates: 2
n_resources: 540
Fitting 1 folds for each of 2 candidates, totalling 2 fits
      -> [LinearSVC + Jittering Set 1] Acc: 0.6290, F1: 0.5999, Time: 2.56s
n_iterations: 4
n_required_iterations: 4
n_possible_iterations: 8
min_resources_: 20
max_resources_: 120000
aggressive_elimination: False
factor: 3
----------
iter: 0
n_candidates: 50
n_resources: 20
Fitting 1 folds for each of 50 candidates, totalling 50 fits
----------
iter: 1
n_candidates: 17
n_resources: 60
Fitting 1 folds for each of 17 candidates, totalling 17 fits
----------
iter: 2
n_candidates: 6
n_resources: 180
Fitting 1 folds for each of 6 candidates, totalling 6 fits
----------
iter: 3
n_candidates: 2
n_resources: 540
Fitting 1 folds for each of 2 candidates, totalling 2 fits
      -> [LogisticRegression + Jittering Set 1] Acc: 0.7394, F1: 0.7348, Time: 1.20s
      -> [RNN + Jittering Set 1] Acc: 0.6000, F1: 0.5511, Time: 400.34s
    [=== Generating 5x synthetic data with Jittering (Set 2, Params: {'sigma': 0.03}) ===]
n_iterations: 4
n_required_iterations: 4
n_possible_iterations: 8
min_resources_: 20
max_resources_: 120000
aggressive_elimination: False
factor: 3
----------
iter: 0
n_candidates: 50
n_resources: 20
Fitting 1 folds for each of 50 candidates, totalling 50 fits
----------
iter: 1
n_candidates: 17
n_resources: 60
Fitting 1 folds for each of 17 candidates, totalling 17 fits
----------
iter: 2
n_candidates: 6
n_resources: 180
Fitting 1 folds for each of 6 candidates, totalling 6 fits
----------
iter: 3
n_candidates: 2
n_resources: 540
Fitting 1 folds for each of 2 candidates, totalling 2 fits
      -> [KNN + Jittering Set 2] Acc: 0.8971, F1: 0.8964, Time: 0.71s
n_iterations: 4
n_required_iterations: 4
n_possible_iterations: 8
min_resources_: 20
max_resources_: 120000
aggressive_elimination: False
factor: 3
----------
iter: 0
n_candidates: 50
n_resources: 20
Fitting 1 folds for each of 50 candidates, totalling 50 fits
----------
iter: 1
n_candidates: 17
n_resources: 60
Fitting 1 folds for each of 17 candidates, totalling 17 fits
----------
iter: 2
n_candidates: 6
n_resources: 180
Fitting 1 folds for each of 6 candidates, totalling 6 fits
----------
iter: 3
n_candidates: 2
n_resources: 540
Fitting 1 folds for each of 2 candidates, totalling 2 fits
      -> [RandomForest + Jittering Set 2] Acc: 0.8971, F1: 0.8963, Time: 33.13s
n_iterations: 4
n_required_iterations: 4
n_possible_iterations: 8
min_resources_: 20
max_resources_: 120000
aggressive_elimination: False
factor: 3
----------
iter: 0
n_candidates: 50
n_resources: 20
Fitting 1 folds for each of 50 candidates, totalling 50 fits
----------
iter: 1
n_candidates: 17
n_resources: 60
Fitting 1 folds for each of 17 candidates, totalling 17 fits
----------
iter: 2
n_candidates: 6
n_resources: 180
Fitting 1 folds for each of 6 candidates, totalling 6 fits
----------
iter: 3
n_candidates: 2
n_resources: 540
Fitting 1 folds for each of 2 candidates, totalling 2 fits
      -> [LinearSVC + Jittering Set 2] Acc: 0.6857, F1: 0.6630, Time: 0.73s
n_iterations: 4
n_required_iterations: 4
n_possible_iterations: 8
min_resources_: 20
max_resources_: 120000
aggressive_elimination: False
factor: 3
----------
iter: 0
n_candidates: 50
n_resources: 20
Fitting 1 folds for each of 50 candidates, totalling 50 fits
----------
iter: 1
n_candidates: 17
n_resources: 60
Fitting 1 folds for each of 17 candidates, totalling 17 fits
----------
iter: 2
n_candidates: 6
n_resources: 180
Fitting 1 folds for each of 6 candidates, totalling 6 fits
----------
iter: 3
n_candidates: 2
n_resources: 540
Fitting 1 folds for each of 2 candidates, totalling 2 fits
      -> [LogisticRegression + Jittering Set 2] Acc: 0.7368, F1: 0.7316, Time: 2.97s
      -> [RNN + Jittering Set 2] Acc: 0.2889, F1: 0.2330, Time: 405.91s
    [=== Generating 5x synthetic data with Jittering (Set 3, Params: {'sigma': 0.05}) ===]
n_iterations: 4
n_required_iterations: 4
n_possible_iterations: 8
min_resources_: 20
max_resources_: 120000
aggressive_elimination: False
factor: 3
----------
iter: 0
n_candidates: 50
n_resources: 20
Fitting 1 folds for each of 50 candidates, totalling 50 fits
----------
iter: 1
n_candidates: 17
n_resources: 60
Fitting 1 folds for each of 17 candidates, totalling 17 fits
----------
iter: 2
n_candidates: 6
n_resources: 180
Fitting 1 folds for each of 6 candidates, totalling 6 fits
----------
iter: 3
n_candidates: 2
n_resources: 540
Fitting 1 folds for each of 2 candidates, totalling 2 fits
      -> [KNN + Jittering Set 3] Acc: 0.8899, F1: 0.8893, Time: 0.79s
n_iterations: 4
n_required_iterations: 4
n_possible_iterations: 8
min_resources_: 20
max_resources_: 120000
aggressive_elimination: False
factor: 3
----------
iter: 0
n_candidates: 50
n_resources: 20
Fitting 1 folds for each of 50 candidates, totalling 50 fits
----------
iter: 1
n_candidates: 17
n_resources: 60
Fitting 1 folds for each of 17 candidates, totalling 17 fits
----------
iter: 2
n_candidates: 6
n_resources: 180
Fitting 1 folds for each of 6 candidates, totalling 6 fits
----------
iter: 3
n_candidates: 2
n_resources: 540
Fitting 1 folds for each of 2 candidates, totalling 2 fits
      -> [RandomForest + Jittering Set 3] Acc: 0.8958, F1: 0.8952, Time: 44.55s
n_iterations: 4
n_required_iterations: 4
n_possible_iterations: 8
min_resources_: 20
max_resources_: 120000
aggressive_elimination: False
factor: 3
----------
iter: 0
n_candidates: 50
n_resources: 20
Fitting 1 folds for each of 50 candidates, totalling 50 fits
----------
iter: 1
n_candidates: 17
n_resources: 60
Fitting 1 folds for each of 17 candidates, totalling 17 fits
----------
iter: 2
n_candidates: 6
n_resources: 180
Fitting 1 folds for each of 6 candidates, totalling 6 fits
----------
iter: 3
n_candidates: 2
n_resources: 540
Fitting 1 folds for each of 2 candidates, totalling 2 fits
      -> [LinearSVC + Jittering Set 3] Acc: 0.6282, F1: 0.5999, Time: 2.63s
n_iterations: 4
n_required_iterations: 4
n_possible_iterations: 8
min_resources_: 20
max_resources_: 120000
aggressive_elimination: False
factor: 3
----------
iter: 0
n_candidates: 50
n_resources: 20
Fitting 1 folds for each of 50 candidates, totalling 50 fits
----------
iter: 1
n_candidates: 17
n_resources: 60
Fitting 1 folds for each of 17 candidates, totalling 17 fits
----------
iter: 2
n_candidates: 6
n_resources: 180
Fitting 1 folds for each of 6 candidates, totalling 6 fits
----------
iter: 3
n_candidates: 2
n_resources: 540
Fitting 1 folds for each of 2 candidates, totalling 2 fits
      -> [LogisticRegression + Jittering Set 3] Acc: 0.7280, F1: 0.7226, Time: 0.98s
      -> [RNN + Jittering Set 3] Acc: 0.7111, F1: 0.6686, Time: 410.48s
    [=== Generating 5x synthetic data with Jittering (Set 4, Params: {'sigma': 0.1}) ===]
n_iterations: 4
n_required_iterations: 4
n_possible_iterations: 8
min_resources_: 20
max_resources_: 120000
aggressive_elimination: False
factor: 3
----------
iter: 0
n_candidates: 50
n_resources: 20
Fitting 1 folds for each of 50 candidates, totalling 50 fits
----------
iter: 1
n_candidates: 17
n_resources: 60
Fitting 1 folds for each of 17 candidates, totalling 17 fits
----------
iter: 2
n_candidates: 6
n_resources: 180
Fitting 1 folds for each of 6 candidates, totalling 6 fits
----------
iter: 3
n_candidates: 2
n_resources: 540
Fitting 1 folds for each of 2 candidates, totalling 2 fits
      -> [KNN + Jittering Set 4] Acc: 0.8899, F1: 0.8894, Time: 0.37s
n_iterations: 4
n_required_iterations: 4
n_possible_iterations: 8
min_resources_: 20
max_resources_: 120000
aggressive_elimination: False
factor: 3
----------
iter: 0
n_candidates: 50
n_resources: 20
Fitting 1 folds for each of 50 candidates, totalling 50 fits
----------
iter: 1
n_candidates: 17
n_resources: 60
Fitting 1 folds for each of 17 candidates, totalling 17 fits
----------
iter: 2
n_candidates: 6
n_resources: 180
Fitting 1 folds for each of 6 candidates, totalling 6 fits
----------
iter: 3
n_candidates: 2
n_resources: 540
Fitting 1 folds for each of 2 candidates, totalling 2 fits
      -> [RandomForest + Jittering Set 4] Acc: 0.8920, F1: 0.8917, Time: 55.70s
n_iterations: 4
n_required_iterations: 4
n_possible_iterations: 8
min_resources_: 20
max_resources_: 120000
aggressive_elimination: False
factor: 3
----------
iter: 0
n_candidates: 50
n_resources: 20
Fitting 1 folds for each of 50 candidates, totalling 50 fits
----------
iter: 1
n_candidates: 17
n_resources: 60
Fitting 1 folds for each of 17 candidates, totalling 17 fits
----------
iter: 2
n_candidates: 6
n_resources: 180
Fitting 1 folds for each of 6 candidates, totalling 6 fits
----------
iter: 3
n_candidates: 2
n_resources: 540
Fitting 1 folds for each of 2 candidates, totalling 2 fits
      -> [LinearSVC + Jittering Set 4] Acc: 0.6199, F1: 0.5922, Time: 2.83s
n_iterations: 4
n_required_iterations: 4
n_possible_iterations: 8
min_resources_: 20
max_resources_: 120000
aggressive_elimination: False
factor: 3
----------
iter: 0
n_candidates: 50
n_resources: 20
Fitting 1 folds for each of 50 candidates, totalling 50 fits
----------
iter: 1
n_candidates: 17
n_resources: 60
Fitting 1 folds for each of 17 candidates, totalling 17 fits
----------
iter: 2
n_candidates: 6
n_resources: 180
Fitting 1 folds for each of 6 candidates, totalling 6 fits
----------
iter: 3
n_candidates: 2
n_resources: 540
Fitting 1 folds for each of 2 candidates, totalling 2 fits
      -> [LogisticRegression + Jittering Set 4] Acc: 0.7011, F1: 0.6956, Time: 1.07s
      -> [RNN + Jittering Set 4] Acc: 0.6667, F1: 0.6279, Time: 274.97s
    [=== Generating 5x synthetic data with Jittering (Set 5, Params: {'sigma': 0.15}) ===]
n_iterations: 4
n_required_iterations: 4
n_possible_iterations: 8
min_resources_: 20
max_resources_: 120000
aggressive_elimination: False
factor: 3
----------
iter: 0
n_candidates: 50
n_resources: 20
Fitting 1 folds for each of 50 candidates, totalling 50 fits
----------
iter: 1
n_candidates: 17
n_resources: 60
Fitting 1 folds for each of 17 candidates, totalling 17 fits
----------
iter: 2
n_candidates: 6
n_resources: 180
Fitting 1 folds for each of 6 candidates, totalling 6 fits
----------
iter: 3
n_candidates: 2
n_resources: 540
Fitting 1 folds for each of 2 candidates, totalling 2 fits
      -> [KNN + Jittering Set 5] Acc: 0.8829, F1: 0.8823, Time: 0.46s
n_iterations: 4
n_required_iterations: 4
n_possible_iterations: 8
min_resources_: 20
max_resources_: 120000
aggressive_elimination: False
factor: 3
----------
iter: 0
n_candidates: 50
n_resources: 20
Fitting 1 folds for each of 50 candidates, totalling 50 fits
----------
iter: 1
n_candidates: 17
n_resources: 60
Fitting 1 folds for each of 17 candidates, totalling 17 fits
----------
iter: 2
n_candidates: 6
n_resources: 180
Fitting 1 folds for each of 6 candidates, totalling 6 fits
----------
iter: 3
n_candidates: 2
n_resources: 540
Fitting 1 folds for each of 2 candidates, totalling 2 fits
      -> [RandomForest + Jittering Set 5] Acc: 0.8824, F1: 0.8821, Time: 15.94s
n_iterations: 4
n_required_iterations: 4
n_possible_iterations: 8
min_resources_: 20
max_resources_: 120000
aggressive_elimination: False
factor: 3
----------
iter: 0
n_candidates: 50
n_resources: 20
Fitting 1 folds for each of 50 candidates, totalling 50 fits
----------
iter: 1
n_candidates: 17
n_resources: 60
Fitting 1 folds for each of 17 candidates, totalling 17 fits
----------
iter: 2
n_candidates: 6
n_resources: 180
Fitting 1 folds for each of 6 candidates, totalling 6 fits
----------
iter: 3
n_candidates: 2
n_resources: 540
Fitting 1 folds for each of 2 candidates, totalling 2 fits
      -> [LinearSVC + Jittering Set 5] Acc: 0.6046, F1: 0.5762, Time: 2.98s
n_iterations: 4
n_required_iterations: 4
n_possible_iterations: 8
min_resources_: 20
max_resources_: 120000
aggressive_elimination: False
factor: 3
----------
iter: 0
n_candidates: 50
n_resources: 20
Fitting 1 folds for each of 50 candidates, totalling 50 fits
----------
iter: 1
n_candidates: 17
n_resources: 60
Fitting 1 folds for each of 17 candidates, totalling 17 fits
----------
iter: 2
n_candidates: 6
n_resources: 180
Fitting 1 folds for each of 6 candidates, totalling 6 fits
----------
iter: 3
n_candidates: 2
n_resources: 540
Fitting 1 folds for each of 2 candidates, totalling 2 fits
      -> [LogisticRegression + Jittering Set 5] Acc: 0.6711, F1: 0.6629, Time: 0.69s
      -> [RNN + Jittering Set 5] Acc: 0.6000, F1: 0.5482, Time: 403.49s
    [=== Generating 10x synthetic data with Jittering (Set 1, Params: {'sigma': 0.01}) ===]
n_iterations: 4
n_required_iterations: 4
n_possible_iterations: 8
min_resources_: 20
max_resources_: 120000
aggressive_elimination: False
factor: 3
----------
iter: 0
n_candidates: 50
n_resources: 20
Fitting 1 folds for each of 50 candidates, totalling 50 fits
----------
iter: 1
n_candidates: 17
n_resources: 60
Fitting 1 folds for each of 17 candidates, totalling 17 fits
----------
iter: 2
n_candidates: 6
n_resources: 180
Fitting 1 folds for each of 6 candidates, totalling 6 fits
----------
iter: 3
n_candidates: 2
n_resources: 540
Fitting 1 folds for each of 2 candidates, totalling 2 fits
      -> [KNN + Jittering Set 1] Acc: 0.8926, F1: 0.8919, Time: 0.33s
n_iterations: 4
n_required_iterations: 4
n_possible_iterations: 8
min_resources_: 20
max_resources_: 120000
aggressive_elimination: False
factor: 3
----------
iter: 0
n_candidates: 50
n_resources: 20
Fitting 1 folds for each of 50 candidates, totalling 50 fits
----------
iter: 1
n_candidates: 17
n_resources: 60
Fitting 1 folds for each of 17 candidates, totalling 17 fits
----------
iter: 2
n_candidates: 6
n_resources: 180
Fitting 1 folds for each of 6 candidates, totalling 6 fits
----------
iter: 3
n_candidates: 2
n_resources: 540
Fitting 1 folds for each of 2 candidates, totalling 2 fits
      -> [RandomForest + Jittering Set 1] Acc: 0.8958, F1: 0.8948, Time: 48.97s
n_iterations: 4
n_required_iterations: 4
n_possible_iterations: 8
min_resources_: 20
max_resources_: 120000
aggressive_elimination: False
factor: 3
----------
iter: 0
n_candidates: 50
n_resources: 20
Fitting 1 folds for each of 50 candidates, totalling 50 fits
----------
iter: 1
n_candidates: 17
n_resources: 60
Fitting 1 folds for each of 17 candidates, totalling 17 fits
----------
iter: 2
n_candidates: 6
n_resources: 180
Fitting 1 folds for each of 6 candidates, totalling 6 fits
----------
iter: 3
n_candidates: 2
n_resources: 540
Fitting 1 folds for each of 2 candidates, totalling 2 fits
      -> [LinearSVC + Jittering Set 1] Acc: 0.6300, F1: 0.6010, Time: 4.20s
n_iterations: 4
n_required_iterations: 4
n_possible_iterations: 8
min_resources_: 20
max_resources_: 120000
aggressive_elimination: False
factor: 3
----------
iter: 0
n_candidates: 50
n_resources: 20
Fitting 1 folds for each of 50 candidates, totalling 50 fits
----------
iter: 1
n_candidates: 17
n_resources: 60
Fitting 1 folds for each of 17 candidates, totalling 17 fits
----------
iter: 2
n_candidates: 6
n_resources: 180
Fitting 1 folds for each of 6 candidates, totalling 6 fits
----------
iter: 3
n_candidates: 2
n_resources: 540
Fitting 1 folds for each of 2 candidates, totalling 2 fits
      -> [LogisticRegression + Jittering Set 1] Acc: 0.6666, F1: 0.6472, Time: 1.19s
      -> [RNN + Jittering Set 1] Acc: 0.7556, F1: 0.7251, Time: 816.93s
    [=== Generating 10x synthetic data with Jittering (Set 2, Params: {'sigma': 0.03}) ===]
n_iterations: 4
n_required_iterations: 4
n_possible_iterations: 8
min_resources_: 20
max_resources_: 120000
aggressive_elimination: False
factor: 3
----------
iter: 0
n_candidates: 50
n_resources: 20
Fitting 1 folds for each of 50 candidates, totalling 50 fits
----------
iter: 1
n_candidates: 17
n_resources: 60
Fitting 1 folds for each of 17 candidates, totalling 17 fits
----------
iter: 2
n_candidates: 6
n_resources: 180
Fitting 1 folds for each of 6 candidates, totalling 6 fits
----------
iter: 3
n_candidates: 2
n_resources: 540
Fitting 1 folds for each of 2 candidates, totalling 2 fits
      -> [KNN + Jittering Set 2] Acc: 0.8917, F1: 0.8912, Time: 0.37s
n_iterations: 4
n_required_iterations: 4
n_possible_iterations: 8
min_resources_: 20
max_resources_: 120000
aggressive_elimination: False
factor: 3
----------
iter: 0
n_candidates: 50
n_resources: 20
Fitting 1 folds for each of 50 candidates, totalling 50 fits
----------
iter: 1
n_candidates: 17
n_resources: 60
Fitting 1 folds for each of 17 candidates, totalling 17 fits
----------
iter: 2
n_candidates: 6
n_resources: 180
Fitting 1 folds for each of 6 candidates, totalling 6 fits
----------
iter: 3
n_candidates: 2
n_resources: 540
Fitting 1 folds for each of 2 candidates, totalling 2 fits
      -> [RandomForest + Jittering Set 2] Acc: 0.8929, F1: 0.8921, Time: 33.66s
n_iterations: 4
n_required_iterations: 4
n_possible_iterations: 8
min_resources_: 20
max_resources_: 120000
aggressive_elimination: False
factor: 3
----------
iter: 0
n_candidates: 50
n_resources: 20
Fitting 1 folds for each of 50 candidates, totalling 50 fits
----------
iter: 1
n_candidates: 17
n_resources: 60
Fitting 1 folds for each of 17 candidates, totalling 17 fits
----------
iter: 2
n_candidates: 6
n_resources: 180
Fitting 1 folds for each of 6 candidates, totalling 6 fits
----------
iter: 3
n_candidates: 2
n_resources: 540
Fitting 1 folds for each of 2 candidates, totalling 2 fits
      -> [LinearSVC + Jittering Set 2] Acc: 0.6859, F1: 0.6632, Time: 1.14s
n_iterations: 4
n_required_iterations: 4
n_possible_iterations: 8
min_resources_: 20
max_resources_: 120000
aggressive_elimination: False
factor: 3
----------
iter: 0
n_candidates: 50
n_resources: 20
Fitting 1 folds for each of 50 candidates, totalling 50 fits
----------
iter: 1
n_candidates: 17
n_resources: 60
Fitting 1 folds for each of 17 candidates, totalling 17 fits
----------
iter: 2
n_candidates: 6
n_resources: 180
Fitting 1 folds for each of 6 candidates, totalling 6 fits
----------
iter: 3
n_candidates: 2
n_resources: 540
Fitting 1 folds for each of 2 candidates, totalling 2 fits
      -> [LogisticRegression + Jittering Set 2] Acc: 0.7342, F1: 0.7290, Time: 1.29s
      -> [RNN + Jittering Set 2] Acc: 0.6778, F1: 0.6405, Time: 337.22s
    [=== Generating 10x synthetic data with Jittering (Set 3, Params: {'sigma': 0.05}) ===]
n_iterations: 4
n_required_iterations: 4
n_possible_iterations: 8
min_resources_: 20
max_resources_: 120000
aggressive_elimination: False
factor: 3
----------
iter: 0
n_candidates: 50
n_resources: 20
Fitting 1 folds for each of 50 candidates, totalling 50 fits
----------
iter: 1
n_candidates: 17
n_resources: 60
Fitting 1 folds for each of 17 candidates, totalling 17 fits
----------
iter: 2
n_candidates: 6
n_resources: 180
Fitting 1 folds for each of 6 candidates, totalling 6 fits
----------
iter: 3
n_candidates: 2
n_resources: 540
Fitting 1 folds for each of 2 candidates, totalling 2 fits
      -> [KNN + Jittering Set 3] Acc: 0.8879, F1: 0.8874, Time: 0.59s
n_iterations: 4
n_required_iterations: 4
n_possible_iterations: 8
min_resources_: 20
max_resources_: 120000
aggressive_elimination: False
factor: 3
----------
iter: 0
n_candidates: 50
n_resources: 20
Fitting 1 folds for each of 50 candidates, totalling 50 fits
----------
iter: 1
n_candidates: 17
n_resources: 60
Fitting 1 folds for each of 17 candidates, totalling 17 fits
----------
iter: 2
n_candidates: 6
n_resources: 180
Fitting 1 folds for each of 6 candidates, totalling 6 fits
----------
iter: 3
n_candidates: 2
n_resources: 540
Fitting 1 folds for each of 2 candidates, totalling 2 fits
      -> [RandomForest + Jittering Set 3] Acc: 0.8934, F1: 0.8929, Time: 55.17s
n_iterations: 4
n_required_iterations: 4
n_possible_iterations: 8
min_resources_: 20
max_resources_: 120000
aggressive_elimination: False
factor: 3
----------
iter: 0
n_candidates: 50
n_resources: 20
Fitting 1 folds for each of 50 candidates, totalling 50 fits
----------
iter: 1
n_candidates: 17
n_resources: 60
Fitting 1 folds for each of 17 candidates, totalling 17 fits
----------
iter: 2
n_candidates: 6
n_resources: 180
Fitting 1 folds for each of 6 candidates, totalling 6 fits
----------
iter: 3
n_candidates: 2
n_resources: 540
Fitting 1 folds for each of 2 candidates, totalling 2 fits
      -> [LinearSVC + Jittering Set 3] Acc: 0.6807, F1: 0.6568, Time: 1.11s
n_iterations: 4
n_required_iterations: 4
n_possible_iterations: 8
min_resources_: 20
max_resources_: 120000
aggressive_elimination: False
factor: 3
----------
iter: 0
n_candidates: 50
n_resources: 20
Fitting 1 folds for each of 50 candidates, totalling 50 fits
----------
iter: 1
n_candidates: 17
n_resources: 60
Fitting 1 folds for each of 17 candidates, totalling 17 fits
----------
iter: 2
n_candidates: 6
n_resources: 180
Fitting 1 folds for each of 6 candidates, totalling 6 fits
----------
iter: 3
n_candidates: 2
n_resources: 540
Fitting 1 folds for each of 2 candidates, totalling 2 fits
      -> [LogisticRegression + Jittering Set 3] Acc: 0.6603, F1: 0.6407, Time: 1.17s
      -> [RNN + Jittering Set 3] Acc: 0.7222, F1: 0.7234, Time: 807.44s
    [=== Generating 10x synthetic data with Jittering (Set 4, Params: {'sigma': 0.1}) ===]
n_iterations: 4
n_required_iterations: 4
n_possible_iterations: 8
min_resources_: 20
max_resources_: 120000
aggressive_elimination: False
factor: 3
----------
iter: 0
n_candidates: 50
n_resources: 20
Fitting 1 folds for each of 50 candidates, totalling 50 fits
----------
iter: 1
n_candidates: 17
n_resources: 60
Fitting 1 folds for each of 17 candidates, totalling 17 fits
----------
iter: 2
n_candidates: 6
n_resources: 180
Fitting 1 folds for each of 6 candidates, totalling 6 fits
----------
iter: 3
n_candidates: 2
n_resources: 540
Fitting 1 folds for each of 2 candidates, totalling 2 fits
      -> [KNN + Jittering Set 4] Acc: 0.8853, F1: 0.8853, Time: 0.97s
n_iterations: 4
n_required_iterations: 4
n_possible_iterations: 8
min_resources_: 20
max_resources_: 120000
aggressive_elimination: False
factor: 3
----------
iter: 0
n_candidates: 50
n_resources: 20
Fitting 1 folds for each of 50 candidates, totalling 50 fits
----------
iter: 1
n_candidates: 17
n_resources: 60
Fitting 1 folds for each of 17 candidates, totalling 17 fits
----------
iter: 2
n_candidates: 6
n_resources: 180
Fitting 1 folds for each of 6 candidates, totalling 6 fits
----------
iter: 3
n_candidates: 2
n_resources: 540
Fitting 1 folds for each of 2 candidates, totalling 2 fits
      -> [RandomForest + Jittering Set 4] Acc: 0.8791, F1: 0.8785, Time: 33.99s
n_iterations: 4
n_required_iterations: 4
n_possible_iterations: 8
min_resources_: 20
max_resources_: 120000
aggressive_elimination: False
factor: 3
----------
iter: 0
n_candidates: 50
n_resources: 20
Fitting 1 folds for each of 50 candidates, totalling 50 fits
----------
iter: 1
n_candidates: 17
n_resources: 60
Fitting 1 folds for each of 17 candidates, totalling 17 fits
----------
iter: 2
n_candidates: 6
n_resources: 180
Fitting 1 folds for each of 6 candidates, totalling 6 fits
----------
iter: 3
n_candidates: 2
n_resources: 540
Fitting 1 folds for each of 2 candidates, totalling 2 fits
      -> [LinearSVC + Jittering Set 4] Acc: 0.6398, F1: 0.6150, Time: 0.98s
n_iterations: 4
n_required_iterations: 4
n_possible_iterations: 8
min_resources_: 20
max_resources_: 120000
aggressive_elimination: False
factor: 3
----------
iter: 0
n_candidates: 50
n_resources: 20
Fitting 1 folds for each of 50 candidates, totalling 50 fits
----------
iter: 1
n_candidates: 17
n_resources: 60
Fitting 1 folds for each of 17 candidates, totalling 17 fits
----------
iter: 2
n_candidates: 6
n_resources: 180
Fitting 1 folds for each of 6 candidates, totalling 6 fits
----------
iter: 3
n_candidates: 2
n_resources: 540
Fitting 1 folds for each of 2 candidates, totalling 2 fits
      -> [LogisticRegression + Jittering Set 4] Acc: 0.6263, F1: 0.6024, Time: 1.20s
      -> [RNN + Jittering Set 4] Acc: 0.6222, F1: 0.5713, Time: 465.41s
    [=== Generating 10x synthetic data with Jittering (Set 5, Params: {'sigma': 0.15}) ===]
n_iterations: 4
n_required_iterations: 4
n_possible_iterations: 8
min_resources_: 20
max_resources_: 120000
aggressive_elimination: False
factor: 3
----------
iter: 0
n_candidates: 50
n_resources: 20
Fitting 1 folds for each of 50 candidates, totalling 50 fits
----------
iter: 1
n_candidates: 17
n_resources: 60
Fitting 1 folds for each of 17 candidates, totalling 17 fits
----------
iter: 2
n_candidates: 6
n_resources: 180
Fitting 1 folds for each of 6 candidates, totalling 6 fits
----------
iter: 3
n_candidates: 2
n_resources: 540
Fitting 1 folds for each of 2 candidates, totalling 2 fits
      -> [KNN + Jittering Set 5] Acc: 0.8766, F1: 0.8763, Time: 0.95s
n_iterations: 4
n_required_iterations: 4
n_possible_iterations: 8
min_resources_: 20
max_resources_: 120000
aggressive_elimination: False
factor: 3
----------
iter: 0
n_candidates: 50
n_resources: 20
Fitting 1 folds for each of 50 candidates, totalling 50 fits
----------
iter: 1
n_candidates: 17
n_resources: 60
Fitting 1 folds for each of 17 candidates, totalling 17 fits
----------
iter: 2
n_candidates: 6
n_resources: 180
Fitting 1 folds for each of 6 candidates, totalling 6 fits
----------
iter: 3
n_candidates: 2
n_resources: 540
Fitting 1 folds for each of 2 candidates, totalling 2 fits
      -> [RandomForest + Jittering Set 5] Acc: 0.8696, F1: 0.8693, Time: 38.33s
n_iterations: 4
n_required_iterations: 4
n_possible_iterations: 8
min_resources_: 20
max_resources_: 120000
aggressive_elimination: False
factor: 3
----------
iter: 0
n_candidates: 50
n_resources: 20
Fitting 1 folds for each of 50 candidates, totalling 50 fits
----------
iter: 1
n_candidates: 17
n_resources: 60
Fitting 1 folds for each of 17 candidates, totalling 17 fits
----------
iter: 2
n_candidates: 6
n_resources: 180
Fitting 1 folds for each of 6 candidates, totalling 6 fits
----------
iter: 3
n_candidates: 2
n_resources: 540
Fitting 1 folds for each of 2 candidates, totalling 2 fits
      -> [LinearSVC + Jittering Set 5] Acc: 0.6029, F1: 0.5743, Time: 4.27s
n_iterations: 4
n_required_iterations: 4
n_possible_iterations: 8
min_resources_: 20
max_resources_: 120000
aggressive_elimination: False
factor: 3
----------
iter: 0
n_candidates: 50
n_resources: 20
Fitting 1 folds for each of 50 candidates, totalling 50 fits
----------
iter: 1
n_candidates: 17
n_resources: 60
Fitting 1 folds for each of 17 candidates, totalling 17 fits
----------
iter: 2
n_candidates: 6
n_resources: 180
Fitting 1 folds for each of 6 candidates, totalling 6 fits
----------
iter: 3
n_candidates: 2
n_resources: 540
Fitting 1 folds for each of 2 candidates, totalling 2 fits
      -> [LogisticRegression + Jittering Set 5] Acc: 0.5893, F1: 0.5603, Time: 1.39s
      -> [RNN + Jittering Set 5] Acc: 0.7000, F1: 0.6668, Time: 795.87s

    >> Seed Fold Selection: 8/10
    Evaluating Model: KNN
      -> [Baseline] Acc: 0.9086, F1: 0.9092, Time: 0.47s
      HP Tuning KNN...
n_iterations: 4
n_required_iterations: 4
n_possible_iterations: 5
min_resources_: 100
max_resources_: 20000
aggressive_elimination: False
factor: 3
----------
iter: 0
n_candidates: 50
n_resources: 100
Fitting 5 folds for each of 50 candidates, totalling 250 fits
----------
iter: 1
n_candidates: 17
n_resources: 300
Fitting 5 folds for each of 17 candidates, totalling 85 fits
----------
iter: 2
n_candidates: 6
n_resources: 900
Fitting 5 folds for each of 6 candidates, totalling 30 fits
----------
iter: 3
n_candidates: 2
n_resources: 2700
Fitting 5 folds for each of 2 candidates, totalling 10 fits
      -> [Tuned_Baseline] Acc: 0.9068, F1: 0.9071, Time: 0.06s
    Evaluating Model: RandomForest
      -> [Baseline] Acc: 0.8946, F1: 0.8952, Time: 5.83s
      HP Tuning RandomForest...
n_iterations: 4
n_required_iterations: 4
n_possible_iterations: 5
min_resources_: 100
max_resources_: 20000
aggressive_elimination: False
factor: 3
----------
iter: 0
n_candidates: 50
n_resources: 100
Fitting 5 folds for each of 50 candidates, totalling 250 fits
----------
iter: 1
n_candidates: 17
n_resources: 300
Fitting 5 folds for each of 17 candidates, totalling 85 fits
----------
iter: 2
n_candidates: 6
n_resources: 900
Fitting 5 folds for each of 6 candidates, totalling 30 fits
----------
iter: 3
n_candidates: 2
n_resources: 2700
Fitting 5 folds for each of 2 candidates, totalling 10 fits
      -> [Tuned_Baseline] Acc: 0.8972, F1: 0.8979, Time: 0.13s
    Evaluating Model: LinearSVC
      -> [Baseline] Acc: 0.6920, F1: 0.6747, Time: 0.14s
      HP Tuning LinearSVC...
n_iterations: 4
n_required_iterations: 4
n_possible_iterations: 5
min_resources_: 100
max_resources_: 20000
aggressive_elimination: False
factor: 3
----------
iter: 0
n_candidates: 50
n_resources: 100
Fitting 5 folds for each of 50 candidates, totalling 250 fits
----------
iter: 1
n_candidates: 17
n_resources: 300
Fitting 5 folds for each of 17 candidates, totalling 85 fits
----------
iter: 2
n_candidates: 6
n_resources: 900
Fitting 5 folds for each of 6 candidates, totalling 30 fits
----------
iter: 3
n_candidates: 2
n_resources: 2700
Fitting 5 folds for each of 2 candidates, totalling 10 fits
      -> [Tuned_Baseline] Acc: 0.6959, F1: 0.6801, Time: 0.00s
    Evaluating Model: LogisticRegression
      -> [Baseline] Acc: 0.7217, F1: 0.7212, Time: 0.63s
      HP Tuning LogisticRegression...
n_iterations: 4
n_required_iterations: 4
n_possible_iterations: 5
min_resources_: 100
max_resources_: 20000
aggressive_elimination: False
factor: 3
----------
iter: 0
n_candidates: 50
n_resources: 100
Fitting 5 folds for each of 50 candidates, totalling 250 fits
----------
iter: 1
n_candidates: 17
n_resources: 300
Fitting 5 folds for each of 17 candidates, totalling 85 fits
----------
iter: 2
n_candidates: 6
n_resources: 900
Fitting 5 folds for each of 6 candidates, totalling 30 fits
----------
iter: 3
n_candidates: 2
n_resources: 2700
Fitting 5 folds for each of 2 candidates, totalling 10 fits
      -> [Tuned_Baseline] Acc: 0.7351, F1: 0.7356, Time: 0.00s
    Evaluating Model: RNN
      -> [Baseline] Acc: 0.4667, F1: 0.3378, Time: 0.85s
      HP Tuning RNN...
n_iterations: 2
n_required_iterations: 2
n_possible_iterations: 3
min_resources_: 10
max_resources_: 200
aggressive_elimination: False
factor: 3
----------
iter: 0
n_candidates: 4
n_resources: 10
Fitting 5 folds for each of 4 candidates, totalling 20 fits
----------
iter: 1
n_candidates: 2
n_resources: 30
Fitting 5 folds for each of 2 candidates, totalling 10 fits
      -> [Tuned_Baseline] Acc: 0.3778, F1: 0.2428, Time: 0.01s
    [=== Generating 2x synthetic data with Jittering (Set 1, Params: {'sigma': 0.01}) ===]
n_iterations: 4
n_required_iterations: 4
n_possible_iterations: 8
min_resources_: 20
max_resources_: 60000
aggressive_elimination: False
factor: 3
----------
iter: 0
n_candidates: 50
n_resources: 20
Fitting 1 folds for each of 50 candidates, totalling 50 fits
----------
iter: 1
n_candidates: 17
n_resources: 60
Fitting 1 folds for each of 17 candidates, totalling 17 fits
----------
iter: 2
n_candidates: 6
n_resources: 180
Fitting 1 folds for each of 6 candidates, totalling 6 fits
----------
iter: 3
n_candidates: 2
n_resources: 540
Fitting 1 folds for each of 2 candidates, totalling 2 fits
      -> [KNN + Jittering Set 1] Acc: 0.9140, F1: 0.9142, Time: 0.42s
n_iterations: 4
n_required_iterations: 4
n_possible_iterations: 8
min_resources_: 20
max_resources_: 60000
aggressive_elimination: False
factor: 3
----------
iter: 0
n_candidates: 50
n_resources: 20
Fitting 1 folds for each of 50 candidates, totalling 50 fits
----------
iter: 1
n_candidates: 17
n_resources: 60
Fitting 1 folds for each of 17 candidates, totalling 17 fits
----------
iter: 2
n_candidates: 6
n_resources: 180
Fitting 1 folds for each of 6 candidates, totalling 6 fits
----------
iter: 3
n_candidates: 2
n_resources: 540
Fitting 1 folds for each of 2 candidates, totalling 2 fits
      -> [RandomForest + Jittering Set 1] Acc: 0.9010, F1: 0.9015, Time: 16.90s
n_iterations: 4
n_required_iterations: 4
n_possible_iterations: 8
min_resources_: 20
max_resources_: 60000
aggressive_elimination: False
factor: 3
----------
iter: 0
n_candidates: 50
n_resources: 20
Fitting 1 folds for each of 50 candidates, totalling 50 fits
----------
iter: 1
n_candidates: 17
n_resources: 60
Fitting 1 folds for each of 17 candidates, totalling 17 fits
----------
iter: 2
n_candidates: 6
n_resources: 180
Fitting 1 folds for each of 6 candidates, totalling 6 fits
----------
iter: 3
n_candidates: 2
n_resources: 540
Fitting 1 folds for each of 2 candidates, totalling 2 fits
      -> [LinearSVC + Jittering Set 1] Acc: 0.6959, F1: 0.6799, Time: 0.24s
n_iterations: 4
n_required_iterations: 4
n_possible_iterations: 8
min_resources_: 20
max_resources_: 60000
aggressive_elimination: False
factor: 3
----------
iter: 0
n_candidates: 50
n_resources: 20
Fitting 1 folds for each of 50 candidates, totalling 50 fits
----------
iter: 1
n_candidates: 17
n_resources: 60
Fitting 1 folds for each of 17 candidates, totalling 17 fits
----------
iter: 2
n_candidates: 6
n_resources: 180
Fitting 1 folds for each of 6 candidates, totalling 6 fits
----------
iter: 3
n_candidates: 2
n_resources: 540
Fitting 1 folds for each of 2 candidates, totalling 2 fits
      -> [LogisticRegression + Jittering Set 1] Acc: 0.6501, F1: 0.6303, Time: 0.48s
      -> [RNN + Jittering Set 1] Acc: 0.4111, F1: 0.2777, Time: 159.59s
    [=== Generating 2x synthetic data with Jittering (Set 2, Params: {'sigma': 0.03}) ===]
n_iterations: 4
n_required_iterations: 4
n_possible_iterations: 8
min_resources_: 20
max_resources_: 60000
aggressive_elimination: False
factor: 3
----------
iter: 0
n_candidates: 50
n_resources: 20
Fitting 1 folds for each of 50 candidates, totalling 50 fits
----------
iter: 1
n_candidates: 17
n_resources: 60
Fitting 1 folds for each of 17 candidates, totalling 17 fits
----------
iter: 2
n_candidates: 6
n_resources: 180
Fitting 1 folds for each of 6 candidates, totalling 6 fits
----------
iter: 3
n_candidates: 2
n_resources: 540
Fitting 1 folds for each of 2 candidates, totalling 2 fits
      -> [KNN + Jittering Set 2] Acc: 0.9147, F1: 0.9148, Time: 0.44s
n_iterations: 4
n_required_iterations: 4
n_possible_iterations: 8
min_resources_: 20
max_resources_: 60000
aggressive_elimination: False
factor: 3
----------
iter: 0
n_candidates: 50
n_resources: 20
Fitting 1 folds for each of 50 candidates, totalling 50 fits
----------
iter: 1
n_candidates: 17
n_resources: 60
Fitting 1 folds for each of 17 candidates, totalling 17 fits
----------
iter: 2
n_candidates: 6
n_resources: 180
Fitting 1 folds for each of 6 candidates, totalling 6 fits
----------
iter: 3
n_candidates: 2
n_resources: 540
Fitting 1 folds for each of 2 candidates, totalling 2 fits
      -> [RandomForest + Jittering Set 2] Acc: 0.9029, F1: 0.9034, Time: 12.48s
n_iterations: 4
n_required_iterations: 4
n_possible_iterations: 8
min_resources_: 20
max_resources_: 60000
aggressive_elimination: False
factor: 3
----------
iter: 0
n_candidates: 50
n_resources: 20
Fitting 1 folds for each of 50 candidates, totalling 50 fits
----------
iter: 1
n_candidates: 17
n_resources: 60
Fitting 1 folds for each of 17 candidates, totalling 17 fits
----------
iter: 2
n_candidates: 6
n_resources: 180
Fitting 1 folds for each of 6 candidates, totalling 6 fits
----------
iter: 3
n_candidates: 2
n_resources: 540
Fitting 1 folds for each of 2 candidates, totalling 2 fits
      -> [LinearSVC + Jittering Set 2] Acc: 0.6886, F1: 0.6699, Time: 0.30s
n_iterations: 4
n_required_iterations: 4
n_possible_iterations: 8
min_resources_: 20
max_resources_: 60000
aggressive_elimination: False
factor: 3
----------
iter: 0
n_candidates: 50
n_resources: 20
Fitting 1 folds for each of 50 candidates, totalling 50 fits
----------
iter: 1
n_candidates: 17
n_resources: 60
Fitting 1 folds for each of 17 candidates, totalling 17 fits
----------
iter: 2
n_candidates: 6
n_resources: 180
Fitting 1 folds for each of 6 candidates, totalling 6 fits
----------
iter: 3
n_candidates: 2
n_resources: 540
Fitting 1 folds for each of 2 candidates, totalling 2 fits
      -> [LogisticRegression + Jittering Set 2] Acc: 0.6448, F1: 0.6244, Time: 0.43s
      -> [RNN + Jittering Set 2] Acc: 0.4444, F1: 0.3707, Time: 157.31s
    [=== Generating 2x synthetic data with Jittering (Set 3, Params: {'sigma': 0.05}) ===]
n_iterations: 4
n_required_iterations: 4
n_possible_iterations: 8
min_resources_: 20
max_resources_: 60000
aggressive_elimination: False
factor: 3
----------
iter: 0
n_candidates: 50
n_resources: 20
Fitting 1 folds for each of 50 candidates, totalling 50 fits
----------
iter: 1
n_candidates: 17
n_resources: 60
Fitting 1 folds for each of 17 candidates, totalling 17 fits
----------
iter: 2
n_candidates: 6
n_resources: 180
Fitting 1 folds for each of 6 candidates, totalling 6 fits
----------
iter: 3
n_candidates: 2
n_resources: 540
Fitting 1 folds for each of 2 candidates, totalling 2 fits
      -> [KNN + Jittering Set 3] Acc: 0.9164, F1: 0.9167, Time: 0.47s
n_iterations: 4
n_required_iterations: 4
n_possible_iterations: 8
min_resources_: 20
max_resources_: 60000
aggressive_elimination: False
factor: 3
----------
iter: 0
n_candidates: 50
n_resources: 20
Fitting 1 folds for each of 50 candidates, totalling 50 fits
----------
iter: 1
n_candidates: 17
n_resources: 60
Fitting 1 folds for each of 17 candidates, totalling 17 fits
----------
iter: 2
n_candidates: 6
n_resources: 180
Fitting 1 folds for each of 6 candidates, totalling 6 fits
----------
iter: 3
n_candidates: 2
n_resources: 540
Fitting 1 folds for each of 2 candidates, totalling 2 fits
      -> [RandomForest + Jittering Set 3] Acc: 0.9067, F1: 0.9073, Time: 19.60s
n_iterations: 4
n_required_iterations: 4
n_possible_iterations: 8
min_resources_: 20
max_resources_: 60000
aggressive_elimination: False
factor: 3
----------
iter: 0
n_candidates: 50
n_resources: 20
Fitting 1 folds for each of 50 candidates, totalling 50 fits
----------
iter: 1
n_candidates: 17
n_resources: 60
Fitting 1 folds for each of 17 candidates, totalling 17 fits
----------
iter: 2
n_candidates: 6
n_resources: 180
Fitting 1 folds for each of 6 candidates, totalling 6 fits
----------
iter: 3
n_candidates: 2
n_resources: 540
Fitting 1 folds for each of 2 candidates, totalling 2 fits
      -> [LinearSVC + Jittering Set 3] Acc: 0.6148, F1: 0.5825, Time: 0.96s
n_iterations: 4
n_required_iterations: 4
n_possible_iterations: 8
min_resources_: 20
max_resources_: 60000
aggressive_elimination: False
factor: 3
----------
iter: 0
n_candidates: 50
n_resources: 20
Fitting 1 folds for each of 50 candidates, totalling 50 fits
----------
iter: 1
n_candidates: 17
n_resources: 60
Fitting 1 folds for each of 17 candidates, totalling 17 fits
----------
iter: 2
n_candidates: 6
n_resources: 180
Fitting 1 folds for each of 6 candidates, totalling 6 fits
----------
iter: 3
n_candidates: 2
n_resources: 540
Fitting 1 folds for each of 2 candidates, totalling 2 fits
      -> [LogisticRegression + Jittering Set 3] Acc: 0.6356, F1: 0.6140, Time: 0.45s
      -> [RNN + Jittering Set 3] Acc: 0.4111, F1: 0.3385, Time: 35.88s
    [=== Generating 2x synthetic data with Jittering (Set 4, Params: {'sigma': 0.1}) ===]
n_iterations: 4
n_required_iterations: 4
n_possible_iterations: 8
min_resources_: 20
max_resources_: 60000
aggressive_elimination: False
factor: 3
----------
iter: 0
n_candidates: 50
n_resources: 20
Fitting 1 folds for each of 50 candidates, totalling 50 fits
----------
iter: 1
n_candidates: 17
n_resources: 60
Fitting 1 folds for each of 17 candidates, totalling 17 fits
----------
iter: 2
n_candidates: 6
n_resources: 180
Fitting 1 folds for each of 6 candidates, totalling 6 fits
----------
iter: 3
n_candidates: 2
n_resources: 540
Fitting 1 folds for each of 2 candidates, totalling 2 fits
      -> [KNN + Jittering Set 4] Acc: 0.9134, F1: 0.9137, Time: 0.48s
n_iterations: 4
n_required_iterations: 4
n_possible_iterations: 8
min_resources_: 20
max_resources_: 60000
aggressive_elimination: False
factor: 3
----------
iter: 0
n_candidates: 50
n_resources: 20
Fitting 1 folds for each of 50 candidates, totalling 50 fits
----------
iter: 1
n_candidates: 17
n_resources: 60
Fitting 1 folds for each of 17 candidates, totalling 17 fits
----------
iter: 2
n_candidates: 6
n_resources: 180
Fitting 1 folds for each of 6 candidates, totalling 6 fits
----------
iter: 3
n_candidates: 2
n_resources: 540
Fitting 1 folds for each of 2 candidates, totalling 2 fits
      -> [RandomForest + Jittering Set 4] Acc: 0.8983, F1: 0.8992, Time: 11.22s
n_iterations: 4
n_required_iterations: 4
n_possible_iterations: 8
min_resources_: 20
max_resources_: 60000
aggressive_elimination: False
factor: 3
----------
iter: 0
n_candidates: 50
n_resources: 20
Fitting 1 folds for each of 50 candidates, totalling 50 fits
----------
iter: 1
n_candidates: 17
n_resources: 60
Fitting 1 folds for each of 17 candidates, totalling 17 fits
----------
iter: 2
n_candidates: 6
n_resources: 180
Fitting 1 folds for each of 6 candidates, totalling 6 fits
----------
iter: 3
n_candidates: 2
n_resources: 540
Fitting 1 folds for each of 2 candidates, totalling 2 fits
      -> [LinearSVC + Jittering Set 4] Acc: 0.6420, F1: 0.6193, Time: 0.26s
n_iterations: 4
n_required_iterations: 4
n_possible_iterations: 8
min_resources_: 20
max_resources_: 60000
aggressive_elimination: False
factor: 3
----------
iter: 0
n_candidates: 50
n_resources: 20
Fitting 1 folds for each of 50 candidates, totalling 50 fits
----------
iter: 1
n_candidates: 17
n_resources: 60
Fitting 1 folds for each of 17 candidates, totalling 17 fits
----------
iter: 2
n_candidates: 6
n_resources: 180
Fitting 1 folds for each of 6 candidates, totalling 6 fits
----------
iter: 3
n_candidates: 2
n_resources: 540
Fitting 1 folds for each of 2 candidates, totalling 2 fits
      -> [LogisticRegression + Jittering Set 4] Acc: 0.6173, F1: 0.5903, Time: 0.42s
      -> [RNN + Jittering Set 4] Acc: 0.4000, F1: 0.2717, Time: 1.31s
    [=== Generating 2x synthetic data with Jittering (Set 5, Params: {'sigma': 0.15}) ===]
n_iterations: 4
n_required_iterations: 4
n_possible_iterations: 8
min_resources_: 20
max_resources_: 60000
aggressive_elimination: False
factor: 3
----------
iter: 0
n_candidates: 50
n_resources: 20
Fitting 1 folds for each of 50 candidates, totalling 50 fits
----------
iter: 1
n_candidates: 17
n_resources: 60
Fitting 1 folds for each of 17 candidates, totalling 17 fits
----------
iter: 2
n_candidates: 6
n_resources: 180
Fitting 1 folds for each of 6 candidates, totalling 6 fits
----------
iter: 3
n_candidates: 2
n_resources: 540
Fitting 1 folds for each of 2 candidates, totalling 2 fits
      -> [KNN + Jittering Set 5] Acc: 0.9116, F1: 0.9118, Time: 0.49s
n_iterations: 4
n_required_iterations: 4
n_possible_iterations: 8
min_resources_: 20
max_resources_: 60000
aggressive_elimination: False
factor: 3
----------
iter: 0
n_candidates: 50
n_resources: 20
Fitting 1 folds for each of 50 candidates, totalling 50 fits
----------
iter: 1
n_candidates: 17
n_resources: 60
Fitting 1 folds for each of 17 candidates, totalling 17 fits
----------
iter: 2
n_candidates: 6
n_resources: 180
Fitting 1 folds for each of 6 candidates, totalling 6 fits
----------
iter: 3
n_candidates: 2
n_resources: 540
Fitting 1 folds for each of 2 candidates, totalling 2 fits
      -> [RandomForest + Jittering Set 5] Acc: 0.8919, F1: 0.8927, Time: 12.34s
n_iterations: 4
n_required_iterations: 4
n_possible_iterations: 8
min_resources_: 20
max_resources_: 60000
aggressive_elimination: False
factor: 3
----------
iter: 0
n_candidates: 50
n_resources: 20
Fitting 1 folds for each of 50 candidates, totalling 50 fits
----------
iter: 1
n_candidates: 17
n_resources: 60
Fitting 1 folds for each of 17 candidates, totalling 17 fits
----------
iter: 2
n_candidates: 6
n_resources: 180
Fitting 1 folds for each of 6 candidates, totalling 6 fits
----------
iter: 3
n_candidates: 2
n_resources: 540
Fitting 1 folds for each of 2 candidates, totalling 2 fits
      -> [LinearSVC + Jittering Set 5] Acc: 0.6131, F1: 0.5822, Time: 0.22s
n_iterations: 4
n_required_iterations: 4
n_possible_iterations: 8
min_resources_: 20
max_resources_: 60000
aggressive_elimination: False
factor: 3
----------
iter: 0
n_candidates: 50
n_resources: 20
Fitting 1 folds for each of 50 candidates, totalling 50 fits
----------
iter: 1
n_candidates: 17
n_resources: 60
Fitting 1 folds for each of 17 candidates, totalling 17 fits
----------
iter: 2
n_candidates: 6
n_resources: 180
Fitting 1 folds for each of 6 candidates, totalling 6 fits
----------
iter: 3
n_candidates: 2
n_resources: 540
Fitting 1 folds for each of 2 candidates, totalling 2 fits
      -> [LogisticRegression + Jittering Set 5] Acc: 0.6946, F1: 0.6949, Time: 0.33s
      -> [RNN + Jittering Set 5] Acc: 0.3778, F1: 0.2472, Time: 164.48s
    [=== Generating 3x synthetic data with Jittering (Set 1, Params: {'sigma': 0.01}) ===]
n_iterations: 4
n_required_iterations: 4
n_possible_iterations: 8
min_resources_: 20
max_resources_: 80000
aggressive_elimination: False
factor: 3
----------
iter: 0
n_candidates: 50
n_resources: 20
Fitting 1 folds for each of 50 candidates, totalling 50 fits
----------
iter: 1
n_candidates: 17
n_resources: 60
Fitting 1 folds for each of 17 candidates, totalling 17 fits
----------
iter: 2
n_candidates: 6
n_resources: 180
Fitting 1 folds for each of 6 candidates, totalling 6 fits
----------
iter: 3
n_candidates: 2
n_resources: 540
Fitting 1 folds for each of 2 candidates, totalling 2 fits
      -> [KNN + Jittering Set 1] Acc: 0.9149, F1: 0.9149, Time: 0.55s
n_iterations: 4
n_required_iterations: 4
n_possible_iterations: 8
min_resources_: 20
max_resources_: 80000
aggressive_elimination: False
factor: 3
----------
iter: 0
n_candidates: 50
n_resources: 20
Fitting 1 folds for each of 50 candidates, totalling 50 fits
----------
iter: 1
n_candidates: 17
n_resources: 60
Fitting 1 folds for each of 17 candidates, totalling 17 fits
----------
iter: 2
n_candidates: 6
n_resources: 180
Fitting 1 folds for each of 6 candidates, totalling 6 fits
----------
iter: 3
n_candidates: 2
n_resources: 540
Fitting 1 folds for each of 2 candidates, totalling 2 fits
      -> [RandomForest + Jittering Set 1] Acc: 0.9020, F1: 0.9026, Time: 28.04s
n_iterations: 4
n_required_iterations: 4
n_possible_iterations: 8
min_resources_: 20
max_resources_: 80000
aggressive_elimination: False
factor: 3
----------
iter: 0
n_candidates: 50
n_resources: 20
Fitting 1 folds for each of 50 candidates, totalling 50 fits
----------
iter: 1
n_candidates: 17
n_resources: 60
Fitting 1 folds for each of 17 candidates, totalling 17 fits
----------
iter: 2
n_candidates: 6
n_resources: 180
Fitting 1 folds for each of 6 candidates, totalling 6 fits
----------
iter: 3
n_candidates: 2
n_resources: 540
Fitting 1 folds for each of 2 candidates, totalling 2 fits
      -> [LinearSVC + Jittering Set 1] Acc: 0.6144, F1: 0.5813, Time: 1.52s
n_iterations: 4
n_required_iterations: 4
n_possible_iterations: 8
min_resources_: 20
max_resources_: 80000
aggressive_elimination: False
factor: 3
----------
iter: 0
n_candidates: 50
n_resources: 20
Fitting 1 folds for each of 50 candidates, totalling 50 fits
----------
iter: 1
n_candidates: 17
n_resources: 60
Fitting 1 folds for each of 17 candidates, totalling 17 fits
----------
iter: 2
n_candidates: 6
n_resources: 180
Fitting 1 folds for each of 6 candidates, totalling 6 fits
----------
iter: 3
n_candidates: 2
n_resources: 540
Fitting 1 folds for each of 2 candidates, totalling 2 fits
      -> [LogisticRegression + Jittering Set 1] Acc: 0.7351, F1: 0.7355, Time: 4.28s
      -> [RNN + Jittering Set 1] Acc: 0.4000, F1: 0.2976, Time: 245.15s
    [=== Generating 3x synthetic data with Jittering (Set 2, Params: {'sigma': 0.03}) ===]
n_iterations: 4
n_required_iterations: 4
n_possible_iterations: 8
min_resources_: 20
max_resources_: 80000
aggressive_elimination: False
factor: 3
----------
iter: 0
n_candidates: 50
n_resources: 20
Fitting 1 folds for each of 50 candidates, totalling 50 fits
----------
iter: 1
n_candidates: 17
n_resources: 60
Fitting 1 folds for each of 17 candidates, totalling 17 fits
----------
iter: 2
n_candidates: 6
n_resources: 180
Fitting 1 folds for each of 6 candidates, totalling 6 fits
----------
iter: 3
n_candidates: 2
n_resources: 540
Fitting 1 folds for each of 2 candidates, totalling 2 fits
      -> [KNN + Jittering Set 2] Acc: 0.9170, F1: 0.9173, Time: 0.61s
n_iterations: 4
n_required_iterations: 4
n_possible_iterations: 8
min_resources_: 20
max_resources_: 80000
aggressive_elimination: False
factor: 3
----------
iter: 0
n_candidates: 50
n_resources: 20
Fitting 1 folds for each of 50 candidates, totalling 50 fits
----------
iter: 1
n_candidates: 17
n_resources: 60
Fitting 1 folds for each of 17 candidates, totalling 17 fits
----------
iter: 2
n_candidates: 6
n_resources: 180
Fitting 1 folds for each of 6 candidates, totalling 6 fits
----------
iter: 3
n_candidates: 2
n_resources: 540
Fitting 1 folds for each of 2 candidates, totalling 2 fits
      -> [RandomForest + Jittering Set 2] Acc: 0.7947, F1: 0.7953, Time: 20.31s
n_iterations: 4
n_required_iterations: 4
n_possible_iterations: 8
min_resources_: 20
max_resources_: 80000
aggressive_elimination: False
factor: 3
----------
iter: 0
n_candidates: 50
n_resources: 20
Fitting 1 folds for each of 50 candidates, totalling 50 fits
----------
iter: 1
n_candidates: 17
n_resources: 60
Fitting 1 folds for each of 17 candidates, totalling 17 fits
----------
iter: 2
n_candidates: 6
n_resources: 180
Fitting 1 folds for each of 6 candidates, totalling 6 fits
----------
iter: 3
n_candidates: 2
n_resources: 540
Fitting 1 folds for each of 2 candidates, totalling 2 fits
      -> [LinearSVC + Jittering Set 2] Acc: 0.6142, F1: 0.5810, Time: 1.64s
n_iterations: 4
n_required_iterations: 4
n_possible_iterations: 8
min_resources_: 20
max_resources_: 80000
aggressive_elimination: False
factor: 3
----------
iter: 0
n_candidates: 50
n_resources: 20
Fitting 1 folds for each of 50 candidates, totalling 50 fits
----------
iter: 1
n_candidates: 17
n_resources: 60
Fitting 1 folds for each of 17 candidates, totalling 17 fits
----------
iter: 2
n_candidates: 6
n_resources: 180
Fitting 1 folds for each of 6 candidates, totalling 6 fits
----------
iter: 3
n_candidates: 2
n_resources: 540
Fitting 1 folds for each of 2 candidates, totalling 2 fits
      -> [LogisticRegression + Jittering Set 2] Acc: 0.7308, F1: 0.7311, Time: 4.22s
      -> [RNN + Jittering Set 2] Acc: 0.5000, F1: 0.4227, Time: 241.06s
    [=== Generating 3x synthetic data with Jittering (Set 3, Params: {'sigma': 0.05}) ===]
n_iterations: 4
n_required_iterations: 4
n_possible_iterations: 8
min_resources_: 20
max_resources_: 80000
aggressive_elimination: False
factor: 3
----------
iter: 0
n_candidates: 50
n_resources: 20
Fitting 1 folds for each of 50 candidates, totalling 50 fits
----------
iter: 1
n_candidates: 17
n_resources: 60
Fitting 1 folds for each of 17 candidates, totalling 17 fits
----------
iter: 2
n_candidates: 6
n_resources: 180
Fitting 1 folds for each of 6 candidates, totalling 6 fits
----------
iter: 3
n_candidates: 2
n_resources: 540
Fitting 1 folds for each of 2 candidates, totalling 2 fits
      -> [KNN + Jittering Set 3] Acc: 0.9110, F1: 0.9116, Time: 0.66s
n_iterations: 4
n_required_iterations: 4
n_possible_iterations: 8
min_resources_: 20
max_resources_: 80000
aggressive_elimination: False
factor: 3
----------
iter: 0
n_candidates: 50
n_resources: 20
Fitting 1 folds for each of 50 candidates, totalling 50 fits
----------
iter: 1
n_candidates: 17
n_resources: 60
Fitting 1 folds for each of 17 candidates, totalling 17 fits
----------
iter: 2
n_candidates: 6
n_resources: 180
Fitting 1 folds for each of 6 candidates, totalling 6 fits
----------
iter: 3
n_candidates: 2
n_resources: 540
Fitting 1 folds for each of 2 candidates, totalling 2 fits
      -> [RandomForest + Jittering Set 3] Acc: 0.9019, F1: 0.9028, Time: 8.24s
n_iterations: 4
n_required_iterations: 4
n_possible_iterations: 8
min_resources_: 20
max_resources_: 80000
aggressive_elimination: False
factor: 3
----------
iter: 0
n_candidates: 50
n_resources: 20
Fitting 1 folds for each of 50 candidates, totalling 50 fits
----------
iter: 1
n_candidates: 17
n_resources: 60
Fitting 1 folds for each of 17 candidates, totalling 17 fits
----------
iter: 2
n_candidates: 6
n_resources: 180
Fitting 1 folds for each of 6 candidates, totalling 6 fits
----------
iter: 3
n_candidates: 2
n_resources: 540
Fitting 1 folds for each of 2 candidates, totalling 2 fits
      -> [LinearSVC + Jittering Set 3] Acc: 0.6144, F1: 0.5823, Time: 1.62s
n_iterations: 4
n_required_iterations: 4
n_possible_iterations: 8
min_resources_: 20
max_resources_: 80000
aggressive_elimination: False
factor: 3
----------
iter: 0
n_candidates: 50
n_resources: 20
Fitting 1 folds for each of 50 candidates, totalling 50 fits
----------
iter: 1
n_candidates: 17
n_resources: 60
Fitting 1 folds for each of 17 candidates, totalling 17 fits
----------
iter: 2
n_candidates: 6
n_resources: 180
Fitting 1 folds for each of 6 candidates, totalling 6 fits
----------
iter: 3
n_candidates: 2
n_resources: 540
Fitting 1 folds for each of 2 candidates, totalling 2 fits
      -> [LogisticRegression + Jittering Set 3] Acc: 0.7262, F1: 0.7264, Time: 0.73s
      -> [RNN + Jittering Set 3] Acc: 0.5111, F1: 0.4488, Time: 2.29s
    [=== Generating 3x synthetic data with Jittering (Set 4, Params: {'sigma': 0.1}) ===]
n_iterations: 4
n_required_iterations: 4
n_possible_iterations: 8
min_resources_: 20
max_resources_: 80000
aggressive_elimination: False
factor: 3
----------
iter: 0
n_candidates: 50
n_resources: 20
Fitting 1 folds for each of 50 candidates, totalling 50 fits
----------
iter: 1
n_candidates: 17
n_resources: 60
Fitting 1 folds for each of 17 candidates, totalling 17 fits
----------
iter: 2
n_candidates: 6
n_resources: 180
Fitting 1 folds for each of 6 candidates, totalling 6 fits
----------
iter: 3
n_candidates: 2
n_resources: 540
Fitting 1 folds for each of 2 candidates, totalling 2 fits
      -> [KNN + Jittering Set 4] Acc: 0.9089, F1: 0.9093, Time: 0.59s
n_iterations: 4
n_required_iterations: 4
n_possible_iterations: 8
min_resources_: 20
max_resources_: 80000
aggressive_elimination: False
factor: 3
----------
iter: 0
n_candidates: 50
n_resources: 20
Fitting 1 folds for each of 50 candidates, totalling 50 fits
----------
iter: 1
n_candidates: 17
n_resources: 60
Fitting 1 folds for each of 17 candidates, totalling 17 fits
----------
iter: 2
n_candidates: 6
n_resources: 180
Fitting 1 folds for each of 6 candidates, totalling 6 fits
----------
iter: 3
n_candidates: 2
n_resources: 540
Fitting 1 folds for each of 2 candidates, totalling 2 fits
      -> [RandomForest + Jittering Set 4] Acc: 0.8976, F1: 0.8984, Time: 17.25s
n_iterations: 4
n_required_iterations: 4
n_possible_iterations: 8
min_resources_: 20
max_resources_: 80000
aggressive_elimination: False
factor: 3
----------
iter: 0
n_candidates: 50
n_resources: 20
Fitting 1 folds for each of 50 candidates, totalling 50 fits
----------
iter: 1
n_candidates: 17
n_resources: 60
Fitting 1 folds for each of 17 candidates, totalling 17 fits
----------
iter: 2
n_candidates: 6
n_resources: 180
Fitting 1 folds for each of 6 candidates, totalling 6 fits
----------
iter: 3
n_candidates: 2
n_resources: 540
Fitting 1 folds for each of 2 candidates, totalling 2 fits
      -> [LinearSVC + Jittering Set 4] Acc: 0.6086, F1: 0.5761, Time: 1.73s
n_iterations: 4
n_required_iterations: 4
n_possible_iterations: 8
min_resources_: 20
max_resources_: 80000
aggressive_elimination: False
factor: 3
----------
iter: 0
n_candidates: 50
n_resources: 20
Fitting 1 folds for each of 50 candidates, totalling 50 fits
----------
iter: 1
n_candidates: 17
n_resources: 60
Fitting 1 folds for each of 17 candidates, totalling 17 fits
----------
iter: 2
n_candidates: 6
n_resources: 180
Fitting 1 folds for each of 6 candidates, totalling 6 fits
----------
iter: 3
n_candidates: 2
n_resources: 540
Fitting 1 folds for each of 2 candidates, totalling 2 fits
      -> [LogisticRegression + Jittering Set 4] Acc: 0.7051, F1: 0.7055, Time: 0.60s
      -> [RNN + Jittering Set 4] Acc: 0.4889, F1: 0.4457, Time: 240.80s
    [=== Generating 3x synthetic data with Jittering (Set 5, Params: {'sigma': 0.15}) ===]
n_iterations: 4
n_required_iterations: 4
n_possible_iterations: 8
min_resources_: 20
max_resources_: 80000
aggressive_elimination: False
factor: 3
----------
iter: 0
n_candidates: 50
n_resources: 20
Fitting 1 folds for each of 50 candidates, totalling 50 fits
----------
iter: 1
n_candidates: 17
n_resources: 60
Fitting 1 folds for each of 17 candidates, totalling 17 fits
----------
iter: 2
n_candidates: 6
n_resources: 180
Fitting 1 folds for each of 6 candidates, totalling 6 fits
----------
iter: 3
n_candidates: 2
n_resources: 540
Fitting 1 folds for each of 2 candidates, totalling 2 fits
      -> [KNN + Jittering Set 5] Acc: 0.9093, F1: 0.9096, Time: 0.23s
n_iterations: 4
n_required_iterations: 4
n_possible_iterations: 8
min_resources_: 20
max_resources_: 80000
aggressive_elimination: False
factor: 3
----------
iter: 0
n_candidates: 50
n_resources: 20
Fitting 1 folds for each of 50 candidates, totalling 50 fits
----------
iter: 1
n_candidates: 17
n_resources: 60
Fitting 1 folds for each of 17 candidates, totalling 17 fits
----------
iter: 2
n_candidates: 6
n_resources: 180
Fitting 1 folds for each of 6 candidates, totalling 6 fits
----------
iter: 3
n_candidates: 2
n_resources: 540
Fitting 1 folds for each of 2 candidates, totalling 2 fits
      -> [RandomForest + Jittering Set 5] Acc: 0.8990, F1: 0.8995, Time: 21.71s
n_iterations: 4
n_required_iterations: 4
n_possible_iterations: 8
min_resources_: 20
max_resources_: 80000
aggressive_elimination: False
factor: 3
----------
iter: 0
n_candidates: 50
n_resources: 20
Fitting 1 folds for each of 50 candidates, totalling 50 fits
----------
iter: 1
n_candidates: 17
n_resources: 60
Fitting 1 folds for each of 17 candidates, totalling 17 fits
----------
iter: 2
n_candidates: 6
n_resources: 180
Fitting 1 folds for each of 6 candidates, totalling 6 fits
----------
iter: 3
n_candidates: 2
n_resources: 540
Fitting 1 folds for each of 2 candidates, totalling 2 fits
      -> [LinearSVC + Jittering Set 5] Acc: 0.6041, F1: 0.5718, Time: 1.97s
n_iterations: 4
n_required_iterations: 4
n_possible_iterations: 8
min_resources_: 20
max_resources_: 80000
aggressive_elimination: False
factor: 3
----------
iter: 0
n_candidates: 50
n_resources: 20
Fitting 1 folds for each of 50 candidates, totalling 50 fits
----------
iter: 1
n_candidates: 17
n_resources: 60
Fitting 1 folds for each of 17 candidates, totalling 17 fits
----------
iter: 2
n_candidates: 6
n_resources: 180
Fitting 1 folds for each of 6 candidates, totalling 6 fits
----------
iter: 3
n_candidates: 2
n_resources: 540
Fitting 1 folds for each of 2 candidates, totalling 2 fits
      -> [LogisticRegression + Jittering Set 5] Acc: 0.6894, F1: 0.6896, Time: 4.14s
      -> [RNN + Jittering Set 5] Acc: 0.4444, F1: 0.3434, Time: 241.73s
    [=== Generating 5x synthetic data with Jittering (Set 1, Params: {'sigma': 0.01}) ===]
n_iterations: 4
n_required_iterations: 4
n_possible_iterations: 8
min_resources_: 20
max_resources_: 120000
aggressive_elimination: False
factor: 3
----------
iter: 0
n_candidates: 50
n_resources: 20
Fitting 1 folds for each of 50 candidates, totalling 50 fits
----------
iter: 1
n_candidates: 17
n_resources: 60
Fitting 1 folds for each of 17 candidates, totalling 17 fits
----------
iter: 2
n_candidates: 6
n_resources: 180
Fitting 1 folds for each of 6 candidates, totalling 6 fits
----------
iter: 3
n_candidates: 2
n_resources: 540
Fitting 1 folds for each of 2 candidates, totalling 2 fits
      -> [KNN + Jittering Set 1] Acc: 0.9120, F1: 0.9123, Time: 0.30s
n_iterations: 4
n_required_iterations: 4
n_possible_iterations: 8
min_resources_: 20
max_resources_: 120000
aggressive_elimination: False
factor: 3
----------
iter: 0
n_candidates: 50
n_resources: 20
Fitting 1 folds for each of 50 candidates, totalling 50 fits
----------
iter: 1
n_candidates: 17
n_resources: 60
Fitting 1 folds for each of 17 candidates, totalling 17 fits
----------
iter: 2
n_candidates: 6
n_resources: 180
Fitting 1 folds for each of 6 candidates, totalling 6 fits
----------
iter: 3
n_candidates: 2
n_resources: 540
Fitting 1 folds for each of 2 candidates, totalling 2 fits
      -> [RandomForest + Jittering Set 1] Acc: 0.8994, F1: 0.9001, Time: 48.37s
n_iterations: 4
n_required_iterations: 4
n_possible_iterations: 8
min_resources_: 20
max_resources_: 120000
aggressive_elimination: False
factor: 3
----------
iter: 0
n_candidates: 50
n_resources: 20
Fitting 1 folds for each of 50 candidates, totalling 50 fits
----------
iter: 1
n_candidates: 17
n_resources: 60
Fitting 1 folds for each of 17 candidates, totalling 17 fits
----------
iter: 2
n_candidates: 6
n_resources: 180
Fitting 1 folds for each of 6 candidates, totalling 6 fits
----------
iter: 3
n_candidates: 2
n_resources: 540
Fitting 1 folds for each of 2 candidates, totalling 2 fits
      -> [LinearSVC + Jittering Set 1] Acc: 0.6952, F1: 0.6790, Time: 0.68s
n_iterations: 4
n_required_iterations: 4
n_possible_iterations: 8
min_resources_: 20
max_resources_: 120000
aggressive_elimination: False
factor: 3
----------
iter: 0
n_candidates: 50
n_resources: 20
Fitting 1 folds for each of 50 candidates, totalling 50 fits
----------
iter: 1
n_candidates: 17
n_resources: 60
Fitting 1 folds for each of 17 candidates, totalling 17 fits
----------
iter: 2
n_candidates: 6
n_resources: 180
Fitting 1 folds for each of 6 candidates, totalling 6 fits
----------
iter: 3
n_candidates: 2
n_resources: 540
Fitting 1 folds for each of 2 candidates, totalling 2 fits
      -> [LogisticRegression + Jittering Set 1] Acc: 0.7352, F1: 0.7357, Time: 1.78s
      -> [RNN + Jittering Set 1] Acc: 0.5222, F1: 0.4418, Time: 397.26s
    [=== Generating 5x synthetic data with Jittering (Set 2, Params: {'sigma': 0.03}) ===]
n_iterations: 4
n_required_iterations: 4
n_possible_iterations: 8
min_resources_: 20
max_resources_: 120000
aggressive_elimination: False
factor: 3
----------
iter: 0
n_candidates: 50
n_resources: 20
Fitting 1 folds for each of 50 candidates, totalling 50 fits
----------
iter: 1
n_candidates: 17
n_resources: 60
Fitting 1 folds for each of 17 candidates, totalling 17 fits
----------
iter: 2
n_candidates: 6
n_resources: 180
Fitting 1 folds for each of 6 candidates, totalling 6 fits
----------
iter: 3
n_candidates: 2
n_resources: 540
Fitting 1 folds for each of 2 candidates, totalling 2 fits
      -> [KNN + Jittering Set 2] Acc: 0.9142, F1: 0.9145, Time: 0.72s
n_iterations: 4
n_required_iterations: 4
n_possible_iterations: 8
min_resources_: 20
max_resources_: 120000
aggressive_elimination: False
factor: 3
----------
iter: 0
n_candidates: 50
n_resources: 20
Fitting 1 folds for each of 50 candidates, totalling 50 fits
----------
iter: 1
n_candidates: 17
n_resources: 60
Fitting 1 folds for each of 17 candidates, totalling 17 fits
----------
iter: 2
n_candidates: 6
n_resources: 180
Fitting 1 folds for each of 6 candidates, totalling 6 fits
----------
iter: 3
n_candidates: 2
n_resources: 540
Fitting 1 folds for each of 2 candidates, totalling 2 fits
      -> [RandomForest + Jittering Set 2] Acc: 0.9131, F1: 0.9139, Time: 34.14s
n_iterations: 4
n_required_iterations: 4
n_possible_iterations: 8
min_resources_: 20
max_resources_: 120000
aggressive_elimination: False
factor: 3
----------
iter: 0
n_candidates: 50
n_resources: 20
Fitting 1 folds for each of 50 candidates, totalling 50 fits
----------
iter: 1
n_candidates: 17
n_resources: 60
Fitting 1 folds for each of 17 candidates, totalling 17 fits
----------
iter: 2
n_candidates: 6
n_resources: 180
Fitting 1 folds for each of 6 candidates, totalling 6 fits
----------
iter: 3
n_candidates: 2
n_resources: 540
Fitting 1 folds for each of 2 candidates, totalling 2 fits
      -> [LinearSVC + Jittering Set 2] Acc: 0.6148, F1: 0.5821, Time: 2.83s
n_iterations: 4
n_required_iterations: 4
n_possible_iterations: 8
min_resources_: 20
max_resources_: 120000
aggressive_elimination: False
factor: 3
----------
iter: 0
n_candidates: 50
n_resources: 20
Fitting 1 folds for each of 50 candidates, totalling 50 fits
----------
iter: 1
n_candidates: 17
n_resources: 60
Fitting 1 folds for each of 17 candidates, totalling 17 fits
----------
iter: 2
n_candidates: 6
n_resources: 180
Fitting 1 folds for each of 6 candidates, totalling 6 fits
----------
iter: 3
n_candidates: 2
n_resources: 540
Fitting 1 folds for each of 2 candidates, totalling 2 fits
      -> [LogisticRegression + Jittering Set 2] Acc: 0.6404, F1: 0.6195, Time: 0.99s
      -> [RNN + Jittering Set 2] Acc: 0.4444, F1: 0.3198, Time: 61.06s
    [=== Generating 5x synthetic data with Jittering (Set 3, Params: {'sigma': 0.05}) ===]
n_iterations: 4
n_required_iterations: 4
n_possible_iterations: 8
min_resources_: 20
max_resources_: 120000
aggressive_elimination: False
factor: 3
----------
iter: 0
n_candidates: 50
n_resources: 20
Fitting 1 folds for each of 50 candidates, totalling 50 fits
----------
iter: 1
n_candidates: 17
n_resources: 60
Fitting 1 folds for each of 17 candidates, totalling 17 fits
----------
iter: 2
n_candidates: 6
n_resources: 180
Fitting 1 folds for each of 6 candidates, totalling 6 fits
----------
iter: 3
n_candidates: 2
n_resources: 540
Fitting 1 folds for each of 2 candidates, totalling 2 fits
      -> [KNN + Jittering Set 3] Acc: 0.9088, F1: 0.9093, Time: 0.71s
n_iterations: 4
n_required_iterations: 4
n_possible_iterations: 8
min_resources_: 20
max_resources_: 120000
aggressive_elimination: False
factor: 3
----------
iter: 0
n_candidates: 50
n_resources: 20
Fitting 1 folds for each of 50 candidates, totalling 50 fits
----------
iter: 1
n_candidates: 17
n_resources: 60
Fitting 1 folds for each of 17 candidates, totalling 17 fits
----------
iter: 2
n_candidates: 6
n_resources: 180
Fitting 1 folds for each of 6 candidates, totalling 6 fits
----------
iter: 3
n_candidates: 2
n_resources: 540
Fitting 1 folds for each of 2 candidates, totalling 2 fits
      -> [RandomForest + Jittering Set 3] Acc: 0.9098, F1: 0.9105, Time: 18.56s
n_iterations: 4
n_required_iterations: 4
n_possible_iterations: 8
min_resources_: 20
max_resources_: 120000
aggressive_elimination: False
factor: 3
----------
iter: 0
n_candidates: 50
n_resources: 20
Fitting 1 folds for each of 50 candidates, totalling 50 fits
----------
iter: 1
n_candidates: 17
n_resources: 60
Fitting 1 folds for each of 17 candidates, totalling 17 fits
----------
iter: 2
n_candidates: 6
n_resources: 180
Fitting 1 folds for each of 6 candidates, totalling 6 fits
----------
iter: 3
n_candidates: 2
n_resources: 540
Fitting 1 folds for each of 2 candidates, totalling 2 fits
      -> [LinearSVC + Jittering Set 3] Acc: 0.6731, F1: 0.6538, Time: 0.68s
n_iterations: 4
n_required_iterations: 4
n_possible_iterations: 8
min_resources_: 20
max_resources_: 120000
aggressive_elimination: False
factor: 3
----------
iter: 0
n_candidates: 50
n_resources: 20
Fitting 1 folds for each of 50 candidates, totalling 50 fits
----------
iter: 1
n_candidates: 17
n_resources: 60
Fitting 1 folds for each of 17 candidates, totalling 17 fits
----------
iter: 2
n_candidates: 6
n_resources: 180
Fitting 1 folds for each of 6 candidates, totalling 6 fits
----------
iter: 3
n_candidates: 2
n_resources: 540
Fitting 1 folds for each of 2 candidates, totalling 2 fits
      -> [LogisticRegression + Jittering Set 3] Acc: 0.7258, F1: 0.7261, Time: 1.10s
      -> [RNN + Jittering Set 3] Acc: 0.6667, F1: 0.6362, Time: 410.17s
    [=== Generating 5x synthetic data with Jittering (Set 4, Params: {'sigma': 0.1}) ===]
n_iterations: 4
n_required_iterations: 4
n_possible_iterations: 8
min_resources_: 20
max_resources_: 120000
aggressive_elimination: False
factor: 3
----------
iter: 0
n_candidates: 50
n_resources: 20
Fitting 1 folds for each of 50 candidates, totalling 50 fits
----------
iter: 1
n_candidates: 17
n_resources: 60
Fitting 1 folds for each of 17 candidates, totalling 17 fits
----------
iter: 2
n_candidates: 6
n_resources: 180
Fitting 1 folds for each of 6 candidates, totalling 6 fits
----------
iter: 3
n_candidates: 2
n_resources: 540
Fitting 1 folds for each of 2 candidates, totalling 2 fits
      -> [KNN + Jittering Set 4] Acc: 0.9013, F1: 0.9020, Time: 0.88s
n_iterations: 4
n_required_iterations: 4
n_possible_iterations: 8
min_resources_: 20
max_resources_: 120000
aggressive_elimination: False
factor: 3
----------
iter: 0
n_candidates: 50
n_resources: 20
Fitting 1 folds for each of 50 candidates, totalling 50 fits
----------
iter: 1
n_candidates: 17
n_resources: 60
Fitting 1 folds for each of 17 candidates, totalling 17 fits
----------
iter: 2
n_candidates: 6
n_resources: 180
Fitting 1 folds for each of 6 candidates, totalling 6 fits
----------
iter: 3
n_candidates: 2
n_resources: 540
Fitting 1 folds for each of 2 candidates, totalling 2 fits
      -> [RandomForest + Jittering Set 4] Acc: 0.9034, F1: 0.9040, Time: 54.62s
n_iterations: 4
n_required_iterations: 4
n_possible_iterations: 8
min_resources_: 20
max_resources_: 120000
aggressive_elimination: False
factor: 3
----------
iter: 0
n_candidates: 50
n_resources: 20
Fitting 1 folds for each of 50 candidates, totalling 50 fits
----------
iter: 1
n_candidates: 17
n_resources: 60
Fitting 1 folds for each of 17 candidates, totalling 17 fits
----------
iter: 2
n_candidates: 6
n_resources: 180
Fitting 1 folds for each of 6 candidates, totalling 6 fits
----------
iter: 3
n_candidates: 2
n_resources: 540
Fitting 1 folds for each of 2 candidates, totalling 2 fits
      -> [LinearSVC + Jittering Set 4] Acc: 0.6096, F1: 0.5767, Time: 3.22s
n_iterations: 4
n_required_iterations: 4
n_possible_iterations: 8
min_resources_: 20
max_resources_: 120000
aggressive_elimination: False
factor: 3
----------
iter: 0
n_candidates: 50
n_resources: 20
Fitting 1 folds for each of 50 candidates, totalling 50 fits
----------
iter: 1
n_candidates: 17
n_resources: 60
Fitting 1 folds for each of 17 candidates, totalling 17 fits
----------
iter: 2
n_candidates: 6
n_resources: 180
Fitting 1 folds for each of 6 candidates, totalling 6 fits
----------
iter: 3
n_candidates: 2
n_resources: 540
Fitting 1 folds for each of 2 candidates, totalling 2 fits
      -> [LogisticRegression + Jittering Set 4] Acc: 0.7008, F1: 0.7010, Time: 1.13s
      -> [RNN + Jittering Set 4] Acc: 0.5889, F1: 0.5172, Time: 399.26s
    [=== Generating 5x synthetic data with Jittering (Set 5, Params: {'sigma': 0.15}) ===]
n_iterations: 4
n_required_iterations: 4
n_possible_iterations: 8
min_resources_: 20
max_resources_: 120000
aggressive_elimination: False
factor: 3
----------
iter: 0
n_candidates: 50
n_resources: 20
Fitting 1 folds for each of 50 candidates, totalling 50 fits
----------
iter: 1
n_candidates: 17
n_resources: 60
Fitting 1 folds for each of 17 candidates, totalling 17 fits
----------
iter: 2
n_candidates: 6
n_resources: 180
Fitting 1 folds for each of 6 candidates, totalling 6 fits
----------
iter: 3
n_candidates: 2
n_resources: 540
Fitting 1 folds for each of 2 candidates, totalling 2 fits
      -> [KNN + Jittering Set 5] Acc: 0.9073, F1: 0.9077, Time: 0.43s
n_iterations: 4
n_required_iterations: 4
n_possible_iterations: 8
min_resources_: 20
max_resources_: 120000
aggressive_elimination: False
factor: 3
----------
iter: 0
n_candidates: 50
n_resources: 20
Fitting 1 folds for each of 50 candidates, totalling 50 fits
----------
iter: 1
n_candidates: 17
n_resources: 60
Fitting 1 folds for each of 17 candidates, totalling 17 fits
----------
iter: 2
n_candidates: 6
n_resources: 180
Fitting 1 folds for each of 6 candidates, totalling 6 fits
----------
iter: 3
n_candidates: 2
n_resources: 540
Fitting 1 folds for each of 2 candidates, totalling 2 fits
      -> [RandomForest + Jittering Set 5] Acc: 0.8932, F1: 0.8938, Time: 20.25s
n_iterations: 4
n_required_iterations: 4
n_possible_iterations: 8
min_resources_: 20
max_resources_: 120000
aggressive_elimination: False
factor: 3
----------
iter: 0
n_candidates: 50
n_resources: 20
Fitting 1 folds for each of 50 candidates, totalling 50 fits
----------
iter: 1
n_candidates: 17
n_resources: 60
Fitting 1 folds for each of 17 candidates, totalling 17 fits
----------
iter: 2
n_candidates: 6
n_resources: 180
Fitting 1 folds for each of 6 candidates, totalling 6 fits
----------
iter: 3
n_candidates: 2
n_resources: 540
Fitting 1 folds for each of 2 candidates, totalling 2 fits
      -> [LinearSVC + Jittering Set 5] Acc: 0.6104, F1: 0.5796, Time: 0.61s
n_iterations: 4
n_required_iterations: 4
n_possible_iterations: 8
min_resources_: 20
max_resources_: 120000
aggressive_elimination: False
factor: 3
----------
iter: 0
n_candidates: 50
n_resources: 20
Fitting 1 folds for each of 50 candidates, totalling 50 fits
----------
iter: 1
n_candidates: 17
n_resources: 60
Fitting 1 folds for each of 17 candidates, totalling 17 fits
----------
iter: 2
n_candidates: 6
n_resources: 180
Fitting 1 folds for each of 6 candidates, totalling 6 fits
----------
iter: 3
n_candidates: 2
n_resources: 540
Fitting 1 folds for each of 2 candidates, totalling 2 fits
      -> [LogisticRegression + Jittering Set 5] Acc: 0.6882, F1: 0.6877, Time: 0.76s
      -> [RNN + Jittering Set 5] Acc: 0.6111, F1: 0.5415, Time: 402.85s
    [=== Generating 10x synthetic data with Jittering (Set 1, Params: {'sigma': 0.01}) ===]
n_iterations: 4
n_required_iterations: 4
n_possible_iterations: 8
min_resources_: 20
max_resources_: 120000
aggressive_elimination: False
factor: 3
----------
iter: 0
n_candidates: 50
n_resources: 20
Fitting 1 folds for each of 50 candidates, totalling 50 fits
----------
iter: 1
n_candidates: 17
n_resources: 60
Fitting 1 folds for each of 17 candidates, totalling 17 fits
----------
iter: 2
n_candidates: 6
n_resources: 180
Fitting 1 folds for each of 6 candidates, totalling 6 fits
----------
iter: 3
n_candidates: 2
n_resources: 540
Fitting 1 folds for each of 2 candidates, totalling 2 fits
      -> [KNN + Jittering Set 1] Acc: 0.9141, F1: 0.9141, Time: 0.58s
n_iterations: 4
n_required_iterations: 4
n_possible_iterations: 8
min_resources_: 20
max_resources_: 120000
aggressive_elimination: False
factor: 3
----------
iter: 0
n_candidates: 50
n_resources: 20
Fitting 1 folds for each of 50 candidates, totalling 50 fits
----------
iter: 1
n_candidates: 17
n_resources: 60
Fitting 1 folds for each of 17 candidates, totalling 17 fits
----------
iter: 2
n_candidates: 6
n_resources: 180
Fitting 1 folds for each of 6 candidates, totalling 6 fits
----------
iter: 3
n_candidates: 2
n_resources: 540
Fitting 1 folds for each of 2 candidates, totalling 2 fits
      -> [RandomForest + Jittering Set 1] Acc: 0.7844, F1: 0.7860, Time: 23.46s
n_iterations: 4
n_required_iterations: 4
n_possible_iterations: 8
min_resources_: 20
max_resources_: 120000
aggressive_elimination: False
factor: 3
----------
iter: 0
n_candidates: 50
n_resources: 20
Fitting 1 folds for each of 50 candidates, totalling 50 fits
----------
iter: 1
n_candidates: 17
n_resources: 60
Fitting 1 folds for each of 17 candidates, totalling 17 fits
----------
iter: 2
n_candidates: 6
n_resources: 180
Fitting 1 folds for each of 6 candidates, totalling 6 fits
----------
iter: 3
n_candidates: 2
n_resources: 540
Fitting 1 folds for each of 2 candidates, totalling 2 fits
      -> [LinearSVC + Jittering Set 1] Acc: 0.6113, F1: 0.5777, Time: 4.22s
n_iterations: 4
n_required_iterations: 4
n_possible_iterations: 8
min_resources_: 20
max_resources_: 120000
aggressive_elimination: False
factor: 3
----------
iter: 0
n_candidates: 50
n_resources: 20
Fitting 1 folds for each of 50 candidates, totalling 50 fits
----------
iter: 1
n_candidates: 17
n_resources: 60
Fitting 1 folds for each of 17 candidates, totalling 17 fits
----------
iter: 2
n_candidates: 6
n_resources: 180
Fitting 1 folds for each of 6 candidates, totalling 6 fits
----------
iter: 3
n_candidates: 2
n_resources: 540
Fitting 1 folds for each of 2 candidates, totalling 2 fits
      -> [LogisticRegression + Jittering Set 1] Acc: 0.7333, F1: 0.7340, Time: 4.25s
      -> [RNN + Jittering Set 1] Acc: 0.5000, F1: 0.4512, Time: 774.51s
    [=== Generating 10x synthetic data with Jittering (Set 2, Params: {'sigma': 0.03}) ===]
n_iterations: 4
n_required_iterations: 4
n_possible_iterations: 8
min_resources_: 20
max_resources_: 120000
aggressive_elimination: False
factor: 3
----------
iter: 0
n_candidates: 50
n_resources: 20
Fitting 1 folds for each of 50 candidates, totalling 50 fits
----------
iter: 1
n_candidates: 17
n_resources: 60
Fitting 1 folds for each of 17 candidates, totalling 17 fits
----------
iter: 2
n_candidates: 6
n_resources: 180
Fitting 1 folds for each of 6 candidates, totalling 6 fits
----------
iter: 3
n_candidates: 2
n_resources: 540
Fitting 1 folds for each of 2 candidates, totalling 2 fits
      -> [KNN + Jittering Set 2] Acc: 0.9147, F1: 0.9148, Time: 0.29s
n_iterations: 4
n_required_iterations: 4
n_possible_iterations: 8
min_resources_: 20
max_resources_: 120000
aggressive_elimination: False
factor: 3
----------
iter: 0
n_candidates: 50
n_resources: 20
Fitting 1 folds for each of 50 candidates, totalling 50 fits
----------
iter: 1
n_candidates: 17
n_resources: 60
Fitting 1 folds for each of 17 candidates, totalling 17 fits
----------
iter: 2
n_candidates: 6
n_resources: 180
Fitting 1 folds for each of 6 candidates, totalling 6 fits
----------
iter: 3
n_candidates: 2
n_resources: 540
Fitting 1 folds for each of 2 candidates, totalling 2 fits
      -> [RandomForest + Jittering Set 2] Acc: 0.9151, F1: 0.9157, Time: 54.18s
n_iterations: 4
n_required_iterations: 4
n_possible_iterations: 8
min_resources_: 20
max_resources_: 120000
aggressive_elimination: False
factor: 3
----------
iter: 0
n_candidates: 50
n_resources: 20
Fitting 1 folds for each of 50 candidates, totalling 50 fits
----------
iter: 1
n_candidates: 17
n_resources: 60
Fitting 1 folds for each of 17 candidates, totalling 17 fits
----------
iter: 2
n_candidates: 6
n_resources: 180
Fitting 1 folds for each of 6 candidates, totalling 6 fits
----------
iter: 3
n_candidates: 2
n_resources: 540
Fitting 1 folds for each of 2 candidates, totalling 2 fits
      -> [LinearSVC + Jittering Set 2] Acc: 0.6881, F1: 0.6695, Time: 1.13s
n_iterations: 4
n_required_iterations: 4
n_possible_iterations: 8
min_resources_: 20
max_resources_: 120000
aggressive_elimination: False
factor: 3
----------
iter: 0
n_candidates: 50
n_resources: 20
Fitting 1 folds for each of 50 candidates, totalling 50 fits
----------
iter: 1
n_candidates: 17
n_resources: 60
Fitting 1 folds for each of 17 candidates, totalling 17 fits
----------
iter: 2
n_candidates: 6
n_resources: 180
Fitting 1 folds for each of 6 candidates, totalling 6 fits
----------
iter: 3
n_candidates: 2
n_resources: 540
Fitting 1 folds for each of 2 candidates, totalling 2 fits
      -> [LogisticRegression + Jittering Set 2] Acc: 0.6377, F1: 0.6171, Time: 1.37s
      -> [RNN + Jittering Set 2] Acc: 0.6111, F1: 0.5670, Time: 47.07s
    [=== Generating 10x synthetic data with Jittering (Set 3, Params: {'sigma': 0.05}) ===]
n_iterations: 4
n_required_iterations: 4
n_possible_iterations: 8
min_resources_: 20
max_resources_: 120000
aggressive_elimination: False
factor: 3
----------
iter: 0
n_candidates: 50
n_resources: 20
Fitting 1 folds for each of 50 candidates, totalling 50 fits
----------
iter: 1
n_candidates: 17
n_resources: 60
Fitting 1 folds for each of 17 candidates, totalling 17 fits
----------
iter: 2
n_candidates: 6
n_resources: 180
Fitting 1 folds for each of 6 candidates, totalling 6 fits
----------
iter: 3
n_candidates: 2
n_resources: 540
Fitting 1 folds for each of 2 candidates, totalling 2 fits
      -> [KNN + Jittering Set 3] Acc: 0.9116, F1: 0.9119, Time: 0.25s
n_iterations: 4
n_required_iterations: 4
n_possible_iterations: 8
min_resources_: 20
max_resources_: 120000
aggressive_elimination: False
factor: 3
----------
iter: 0
n_candidates: 50
n_resources: 20
Fitting 1 folds for each of 50 candidates, totalling 50 fits
----------
iter: 1
n_candidates: 17
n_resources: 60
Fitting 1 folds for each of 17 candidates, totalling 17 fits
----------
iter: 2
n_candidates: 6
n_resources: 180
Fitting 1 folds for each of 6 candidates, totalling 6 fits
----------
iter: 3
n_candidates: 2
n_resources: 540
Fitting 1 folds for each of 2 candidates, totalling 2 fits
      -> [RandomForest + Jittering Set 3] Acc: 0.9007, F1: 0.9014, Time: 16.77s
n_iterations: 4
n_required_iterations: 4
n_possible_iterations: 8
min_resources_: 20
max_resources_: 120000
aggressive_elimination: False
factor: 3
----------
iter: 0
n_candidates: 50
n_resources: 20
Fitting 1 folds for each of 50 candidates, totalling 50 fits
----------
iter: 1
n_candidates: 17
n_resources: 60
Fitting 1 folds for each of 17 candidates, totalling 17 fits
----------
iter: 2
n_candidates: 6
n_resources: 180
Fitting 1 folds for each of 6 candidates, totalling 6 fits
----------
iter: 3
n_candidates: 2
n_resources: 540
Fitting 1 folds for each of 2 candidates, totalling 2 fits
      -> [LinearSVC + Jittering Set 3] Acc: 0.6690, F1: 0.6491, Time: 1.40s
n_iterations: 4
n_required_iterations: 4
n_possible_iterations: 8
min_resources_: 20
max_resources_: 120000
aggressive_elimination: False
factor: 3
----------
iter: 0
n_candidates: 50
n_resources: 20
Fitting 1 folds for each of 50 candidates, totalling 50 fits
----------
iter: 1
n_candidates: 17
n_resources: 60
Fitting 1 folds for each of 17 candidates, totalling 17 fits
----------
iter: 2
n_candidates: 6
n_resources: 180
Fitting 1 folds for each of 6 candidates, totalling 6 fits
----------
iter: 3
n_candidates: 2
n_resources: 540
Fitting 1 folds for each of 2 candidates, totalling 2 fits
      -> [LogisticRegression + Jittering Set 3] Acc: 0.6257, F1: 0.6029, Time: 1.12s
      -> [RNN + Jittering Set 3] Acc: 0.7444, F1: 0.7091, Time: 378.78s
    [=== Generating 10x synthetic data with Jittering (Set 4, Params: {'sigma': 0.1}) ===]
n_iterations: 4
n_required_iterations: 4
n_possible_iterations: 8
min_resources_: 20
max_resources_: 120000
aggressive_elimination: False
factor: 3
----------
iter: 0
n_candidates: 50
n_resources: 20
Fitting 1 folds for each of 50 candidates, totalling 50 fits
----------
iter: 1
n_candidates: 17
n_resources: 60
Fitting 1 folds for each of 17 candidates, totalling 17 fits
----------
iter: 2
n_candidates: 6
n_resources: 180
Fitting 1 folds for each of 6 candidates, totalling 6 fits
----------
iter: 3
n_candidates: 2
n_resources: 540
Fitting 1 folds for each of 2 candidates, totalling 2 fits
      -> [KNN + Jittering Set 4] Acc: 0.8873, F1: 0.8879, Time: 0.37s
n_iterations: 4
n_required_iterations: 4
n_possible_iterations: 8
min_resources_: 20
max_resources_: 120000
aggressive_elimination: False
factor: 3
----------
iter: 0
n_candidates: 50
n_resources: 20
Fitting 1 folds for each of 50 candidates, totalling 50 fits
----------
iter: 1
n_candidates: 17
n_resources: 60
Fitting 1 folds for each of 17 candidates, totalling 17 fits
----------
iter: 2
n_candidates: 6
n_resources: 180
Fitting 1 folds for each of 6 candidates, totalling 6 fits
----------
iter: 3
n_candidates: 2
n_resources: 540
Fitting 1 folds for each of 2 candidates, totalling 2 fits
      -> [RandomForest + Jittering Set 4] Acc: 0.7617, F1: 0.7606, Time: 20.35s
n_iterations: 4
n_required_iterations: 4
n_possible_iterations: 8
min_resources_: 20
max_resources_: 120000
aggressive_elimination: False
factor: 3
----------
iter: 0
n_candidates: 50
n_resources: 20
Fitting 1 folds for each of 50 candidates, totalling 50 fits
----------
iter: 1
n_candidates: 17
n_resources: 60
Fitting 1 folds for each of 17 candidates, totalling 17 fits
----------
iter: 2
n_candidates: 6
n_resources: 180
Fitting 1 folds for each of 6 candidates, totalling 6 fits
----------
iter: 3
n_candidates: 2
n_resources: 540
Fitting 1 folds for each of 2 candidates, totalling 2 fits
      -> [LinearSVC + Jittering Set 4] Acc: 0.6216, F1: 0.5939, Time: 1.06s
n_iterations: 4
n_required_iterations: 4
n_possible_iterations: 8
min_resources_: 20
max_resources_: 120000
aggressive_elimination: False
factor: 3
----------
iter: 0
n_candidates: 50
n_resources: 20
Fitting 1 folds for each of 50 candidates, totalling 50 fits
----------
iter: 1
n_candidates: 17
n_resources: 60
Fitting 1 folds for each of 17 candidates, totalling 17 fits
----------
iter: 2
n_candidates: 6
n_resources: 180
Fitting 1 folds for each of 6 candidates, totalling 6 fits
----------
iter: 3
n_candidates: 2
n_resources: 540
Fitting 1 folds for each of 2 candidates, totalling 2 fits
      -> [LogisticRegression + Jittering Set 4] Acc: 0.6998, F1: 0.7000, Time: 6.39s
      -> [RNN + Jittering Set 4] Acc: 0.5889, F1: 0.5198, Time: 150.82s
    [=== Generating 10x synthetic data with Jittering (Set 5, Params: {'sigma': 0.15}) ===]
n_iterations: 4
n_required_iterations: 4
n_possible_iterations: 8
min_resources_: 20
max_resources_: 120000
aggressive_elimination: False
factor: 3
----------
iter: 0
n_candidates: 50
n_resources: 20
Fitting 1 folds for each of 50 candidates, totalling 50 fits
----------
iter: 1
n_candidates: 17
n_resources: 60
Fitting 1 folds for each of 17 candidates, totalling 17 fits
----------
iter: 2
n_candidates: 6
n_resources: 180
Fitting 1 folds for each of 6 candidates, totalling 6 fits
----------
iter: 3
n_candidates: 2
n_resources: 540
Fitting 1 folds for each of 2 candidates, totalling 2 fits
      -> [KNN + Jittering Set 5] Acc: 0.8829, F1: 0.8835, Time: 1.05s
n_iterations: 4
n_required_iterations: 4
n_possible_iterations: 8
min_resources_: 20
max_resources_: 120000
aggressive_elimination: False
factor: 3
----------
iter: 0
n_candidates: 50
n_resources: 20
Fitting 1 folds for each of 50 candidates, totalling 50 fits
----------
iter: 1
n_candidates: 17
n_resources: 60
Fitting 1 folds for each of 17 candidates, totalling 17 fits
----------
iter: 2
n_candidates: 6
n_resources: 180
Fitting 1 folds for each of 6 candidates, totalling 6 fits
----------
iter: 3
n_candidates: 2
n_resources: 540
Fitting 1 folds for each of 2 candidates, totalling 2 fits
      -> [RandomForest + Jittering Set 5] Acc: 0.7404, F1: 0.7380, Time: 20.03s
n_iterations: 4
n_required_iterations: 4
n_possible_iterations: 8
min_resources_: 20
max_resources_: 120000
aggressive_elimination: False
factor: 3
----------
iter: 0
n_candidates: 50
n_resources: 20
Fitting 1 folds for each of 50 candidates, totalling 50 fits
----------
iter: 1
n_candidates: 17
n_resources: 60
Fitting 1 folds for each of 17 candidates, totalling 17 fits
----------
iter: 2
n_candidates: 6
n_resources: 180
Fitting 1 folds for each of 6 candidates, totalling 6 fits
----------
iter: 3
n_candidates: 2
n_resources: 540
Fitting 1 folds for each of 2 candidates, totalling 2 fits
      -> [LinearSVC + Jittering Set 5] Acc: 0.6016, F1: 0.5708, Time: 3.93s
n_iterations: 4
n_required_iterations: 4
n_possible_iterations: 8
min_resources_: 20
max_resources_: 120000
aggressive_elimination: False
factor: 3
----------
iter: 0
n_candidates: 50
n_resources: 20
Fitting 1 folds for each of 50 candidates, totalling 50 fits
----------
iter: 1
n_candidates: 17
n_resources: 60
Fitting 1 folds for each of 17 candidates, totalling 17 fits
----------
iter: 2
n_candidates: 6
n_resources: 180
Fitting 1 folds for each of 6 candidates, totalling 6 fits
----------
iter: 3
n_candidates: 2
n_resources: 540
Fitting 1 folds for each of 2 candidates, totalling 2 fits
      -> [LogisticRegression + Jittering Set 5] Acc: 0.5749, F1: 0.5385, Time: 1.20s
      -> [RNN + Jittering Set 5] Acc: 0.7667, F1: 0.7429, Time: 83.90s

    >> Seed Fold Selection: 9/10
    Evaluating Model: KNN
      -> [Baseline] Acc: 0.9097, F1: 0.9085, Time: 0.37s
      HP Tuning KNN...
n_iterations: 4
n_required_iterations: 4
n_possible_iterations: 5
min_resources_: 100
max_resources_: 20000
aggressive_elimination: False
factor: 3
----------
iter: 0
n_candidates: 50
n_resources: 100
Fitting 5 folds for each of 50 candidates, totalling 250 fits
----------
iter: 1
n_candidates: 17
n_resources: 300
Fitting 5 folds for each of 17 candidates, totalling 85 fits
----------
iter: 2
n_candidates: 6
n_resources: 900
Fitting 5 folds for each of 6 candidates, totalling 30 fits
----------
iter: 3
n_candidates: 2
n_resources: 2700
Fitting 5 folds for each of 2 candidates, totalling 10 fits
      -> [Tuned_Baseline] Acc: 0.9106, F1: 0.9093, Time: 0.24s
    Evaluating Model: RandomForest
      -> [Baseline] Acc: 0.8879, F1: 0.8859, Time: 5.53s
      HP Tuning RandomForest...
n_iterations: 4
n_required_iterations: 4
n_possible_iterations: 5
min_resources_: 100
max_resources_: 20000
aggressive_elimination: False
factor: 3
----------
iter: 0
n_candidates: 50
n_resources: 100
Fitting 5 folds for each of 50 candidates, totalling 250 fits
----------
iter: 1
n_candidates: 17
n_resources: 300
Fitting 5 folds for each of 17 candidates, totalling 85 fits
----------
iter: 2
n_candidates: 6
n_resources: 900
Fitting 5 folds for each of 6 candidates, totalling 30 fits
----------
iter: 3
n_candidates: 2
n_resources: 2700
Fitting 5 folds for each of 2 candidates, totalling 10 fits
      -> [Tuned_Baseline] Acc: 0.8856, F1: 0.8836, Time: 0.04s
    Evaluating Model: LinearSVC
      -> [Baseline] Acc: 0.7164, F1: 0.6953, Time: 0.16s
      HP Tuning LinearSVC...
n_iterations: 4
n_required_iterations: 4
n_possible_iterations: 5
min_resources_: 100
max_resources_: 20000
aggressive_elimination: False
factor: 3
----------
iter: 0
n_candidates: 50
n_resources: 100
Fitting 5 folds for each of 50 candidates, totalling 250 fits
----------
iter: 1
n_candidates: 17
n_resources: 300
Fitting 5 folds for each of 17 candidates, totalling 85 fits
----------
iter: 2
n_candidates: 6
n_resources: 900
Fitting 5 folds for each of 6 candidates, totalling 30 fits
----------
iter: 3
n_candidates: 2
n_resources: 2700
Fitting 5 folds for each of 2 candidates, totalling 10 fits
      -> [Tuned_Baseline] Acc: 0.7193, F1: 0.6988, Time: 0.00s
    Evaluating Model: LogisticRegression
      -> [Baseline] Acc: 0.7642, F1: 0.7618, Time: 0.88s
      HP Tuning LogisticRegression...
n_iterations: 4
n_required_iterations: 4
n_possible_iterations: 5
min_resources_: 100
max_resources_: 20000
aggressive_elimination: False
factor: 3
----------
iter: 0
n_candidates: 50
n_resources: 100
Fitting 5 folds for each of 50 candidates, totalling 250 fits
----------
iter: 1
n_candidates: 17
n_resources: 300
Fitting 5 folds for each of 17 candidates, totalling 85 fits
----------
iter: 2
n_candidates: 6
n_resources: 900
Fitting 5 folds for each of 6 candidates, totalling 30 fits
----------
iter: 3
n_candidates: 2
n_resources: 2700
Fitting 5 folds for each of 2 candidates, totalling 10 fits
      -> [Tuned_Baseline] Acc: 0.7791, F1: 0.7776, Time: 0.00s
    Evaluating Model: RNN
      -> [Baseline] Acc: 0.2778, F1: 0.1786, Time: 5.23s
      HP Tuning RNN...
n_iterations: 2
n_required_iterations: 2
n_possible_iterations: 3
min_resources_: 10
max_resources_: 200
aggressive_elimination: False
factor: 3
----------
iter: 0
n_candidates: 4
n_resources: 10
Fitting 5 folds for each of 4 candidates, totalling 20 fits
----------
iter: 1
n_candidates: 2
n_resources: 30
Fitting 5 folds for each of 2 candidates, totalling 10 fits
      -> [Tuned_Baseline] Acc: 0.3222, F1: 0.2101, Time: 1.25s
    [=== Generating 2x synthetic data with Jittering (Set 1, Params: {'sigma': 0.01}) ===]
n_iterations: 4
n_required_iterations: 4
n_possible_iterations: 8
min_resources_: 20
max_resources_: 60000
aggressive_elimination: False
factor: 3
----------
iter: 0
n_candidates: 50
n_resources: 20
Fitting 1 folds for each of 50 candidates, totalling 50 fits
----------
iter: 1
n_candidates: 17
n_resources: 60
Fitting 1 folds for each of 17 candidates, totalling 17 fits
----------
iter: 2
n_candidates: 6
n_resources: 180
Fitting 1 folds for each of 6 candidates, totalling 6 fits
----------
iter: 3
n_candidates: 2
n_resources: 540
Fitting 1 folds for each of 2 candidates, totalling 2 fits
      -> [KNN + Jittering Set 1] Acc: 0.9094, F1: 0.9080, Time: 0.11s
n_iterations: 4
n_required_iterations: 4
n_possible_iterations: 8
min_resources_: 20
max_resources_: 60000
aggressive_elimination: False
factor: 3
----------
iter: 0
n_candidates: 50
n_resources: 20
Fitting 1 folds for each of 50 candidates, totalling 50 fits
----------
iter: 1
n_candidates: 17
n_resources: 60
Fitting 1 folds for each of 17 candidates, totalling 17 fits
----------
iter: 2
n_candidates: 6
n_resources: 180
Fitting 1 folds for each of 6 candidates, totalling 6 fits
----------
iter: 3
n_candidates: 2
n_resources: 540
Fitting 1 folds for each of 2 candidates, totalling 2 fits
      -> [RandomForest + Jittering Set 1] Acc: 0.8929, F1: 0.8914, Time: 6.31s
n_iterations: 4
n_required_iterations: 4
n_possible_iterations: 8
min_resources_: 20
max_resources_: 60000
aggressive_elimination: False
factor: 3
----------
iter: 0
n_candidates: 50
n_resources: 20
Fitting 1 folds for each of 50 candidates, totalling 50 fits
----------
iter: 1
n_candidates: 17
n_resources: 60
Fitting 1 folds for each of 17 candidates, totalling 17 fits
----------
iter: 2
n_candidates: 6
n_resources: 180
Fitting 1 folds for each of 6 candidates, totalling 6 fits
----------
iter: 3
n_candidates: 2
n_resources: 540
Fitting 1 folds for each of 2 candidates, totalling 2 fits
      -> [LinearSVC + Jittering Set 1] Acc: 0.6451, F1: 0.6151, Time: 0.94s
n_iterations: 4
n_required_iterations: 4
n_possible_iterations: 8
min_resources_: 20
max_resources_: 60000
aggressive_elimination: False
factor: 3
----------
iter: 0
n_candidates: 50
n_resources: 20
Fitting 1 folds for each of 50 candidates, totalling 50 fits
----------
iter: 1
n_candidates: 17
n_resources: 60
Fitting 1 folds for each of 17 candidates, totalling 17 fits
----------
iter: 2
n_candidates: 6
n_resources: 180
Fitting 1 folds for each of 6 candidates, totalling 6 fits
----------
iter: 3
n_candidates: 2
n_resources: 540
Fitting 1 folds for each of 2 candidates, totalling 2 fits
      -> [LogisticRegression + Jittering Set 1] Acc: 0.7794, F1: 0.7779, Time: 3.00s
      -> [RNN + Jittering Set 1] Acc: 0.6000, F1: 0.5346, Time: 158.34s
    [=== Generating 2x synthetic data with Jittering (Set 2, Params: {'sigma': 0.03}) ===]
n_iterations: 4
n_required_iterations: 4
n_possible_iterations: 8
min_resources_: 20
max_resources_: 60000
aggressive_elimination: False
factor: 3
----------
iter: 0
n_candidates: 50
n_resources: 20
Fitting 1 folds for each of 50 candidates, totalling 50 fits
----------
iter: 1
n_candidates: 17
n_resources: 60
Fitting 1 folds for each of 17 candidates, totalling 17 fits
----------
iter: 2
n_candidates: 6
n_resources: 180
Fitting 1 folds for each of 6 candidates, totalling 6 fits
----------
iter: 3
n_candidates: 2
n_resources: 540
Fitting 1 folds for each of 2 candidates, totalling 2 fits
      -> [KNN + Jittering Set 2] Acc: 0.9132, F1: 0.9118, Time: 0.44s
n_iterations: 4
n_required_iterations: 4
n_possible_iterations: 8
min_resources_: 20
max_resources_: 60000
aggressive_elimination: False
factor: 3
----------
iter: 0
n_candidates: 50
n_resources: 20
Fitting 1 folds for each of 50 candidates, totalling 50 fits
----------
iter: 1
n_candidates: 17
n_resources: 60
Fitting 1 folds for each of 17 candidates, totalling 17 fits
----------
iter: 2
n_candidates: 6
n_resources: 180
Fitting 1 folds for each of 6 candidates, totalling 6 fits
----------
iter: 3
n_candidates: 2
n_resources: 540
Fitting 1 folds for each of 2 candidates, totalling 2 fits
      -> [RandomForest + Jittering Set 2] Acc: 0.8996, F1: 0.8981, Time: 5.65s
n_iterations: 4
n_required_iterations: 4
n_possible_iterations: 8
min_resources_: 20
max_resources_: 60000
aggressive_elimination: False
factor: 3
----------
iter: 0
n_candidates: 50
n_resources: 20
Fitting 1 folds for each of 50 candidates, totalling 50 fits
----------
iter: 1
n_candidates: 17
n_resources: 60
Fitting 1 folds for each of 17 candidates, totalling 17 fits
----------
iter: 2
n_candidates: 6
n_resources: 180
Fitting 1 folds for each of 6 candidates, totalling 6 fits
----------
iter: 3
n_candidates: 2
n_resources: 540
Fitting 1 folds for each of 2 candidates, totalling 2 fits
      -> [LinearSVC + Jittering Set 2] Acc: 0.7159, F1: 0.6946, Time: 0.28s
n_iterations: 4
n_required_iterations: 4
n_possible_iterations: 8
min_resources_: 20
max_resources_: 60000
aggressive_elimination: False
factor: 3
----------
iter: 0
n_candidates: 50
n_resources: 20
Fitting 1 folds for each of 50 candidates, totalling 50 fits
----------
iter: 1
n_candidates: 17
n_resources: 60
Fitting 1 folds for each of 17 candidates, totalling 17 fits
----------
iter: 2
n_candidates: 6
n_resources: 180
Fitting 1 folds for each of 6 candidates, totalling 6 fits
----------
iter: 3
n_candidates: 2
n_resources: 540
Fitting 1 folds for each of 2 candidates, totalling 2 fits
      -> [LogisticRegression + Jittering Set 2] Acc: 0.7780, F1: 0.7764, Time: 2.72s
      -> [RNN + Jittering Set 2] Acc: 0.4778, F1: 0.3550, Time: 126.26s
    [=== Generating 2x synthetic data with Jittering (Set 3, Params: {'sigma': 0.05}) ===]
n_iterations: 4
n_required_iterations: 4
n_possible_iterations: 8
min_resources_: 20
max_resources_: 60000
aggressive_elimination: False
factor: 3
----------
iter: 0
n_candidates: 50
n_resources: 20
Fitting 1 folds for each of 50 candidates, totalling 50 fits
----------
iter: 1
n_candidates: 17
n_resources: 60
Fitting 1 folds for each of 17 candidates, totalling 17 fits
----------
iter: 2
n_candidates: 6
n_resources: 180
Fitting 1 folds for each of 6 candidates, totalling 6 fits
----------
iter: 3
n_candidates: 2
n_resources: 540
Fitting 1 folds for each of 2 candidates, totalling 2 fits
      -> [KNN + Jittering Set 3] Acc: 0.9081, F1: 0.9068, Time: 0.12s
n_iterations: 4
n_required_iterations: 4
n_possible_iterations: 8
min_resources_: 20
max_resources_: 60000
aggressive_elimination: False
factor: 3
----------
iter: 0
n_candidates: 50
n_resources: 20
Fitting 1 folds for each of 50 candidates, totalling 50 fits
----------
iter: 1
n_candidates: 17
n_resources: 60
Fitting 1 folds for each of 17 candidates, totalling 17 fits
----------
iter: 2
n_candidates: 6
n_resources: 180
Fitting 1 folds for each of 6 candidates, totalling 6 fits
----------
iter: 3
n_candidates: 2
n_resources: 540
Fitting 1 folds for each of 2 candidates, totalling 2 fits
      -> [RandomForest + Jittering Set 3] Acc: 0.9091, F1: 0.9082, Time: 16.24s
n_iterations: 4
n_required_iterations: 4
n_possible_iterations: 8
min_resources_: 20
max_resources_: 60000
aggressive_elimination: False
factor: 3
----------
iter: 0
n_candidates: 50
n_resources: 20
Fitting 1 folds for each of 50 candidates, totalling 50 fits
----------
iter: 1
n_candidates: 17
n_resources: 60
Fitting 1 folds for each of 17 candidates, totalling 17 fits
----------
iter: 2
n_candidates: 6
n_resources: 180
Fitting 1 folds for each of 6 candidates, totalling 6 fits
----------
iter: 3
n_candidates: 2
n_resources: 540
Fitting 1 folds for each of 2 candidates, totalling 2 fits
      -> [LinearSVC + Jittering Set 3] Acc: 0.6438, F1: 0.6141, Time: 0.96s
n_iterations: 4
n_required_iterations: 4
n_possible_iterations: 8
min_resources_: 20
max_resources_: 60000
aggressive_elimination: False
factor: 3
----------
iter: 0
n_candidates: 50
n_resources: 20
Fitting 1 folds for each of 50 candidates, totalling 50 fits
----------
iter: 1
n_candidates: 17
n_resources: 60
Fitting 1 folds for each of 17 candidates, totalling 17 fits
----------
iter: 2
n_candidates: 6
n_resources: 180
Fitting 1 folds for each of 6 candidates, totalling 6 fits
----------
iter: 3
n_candidates: 2
n_resources: 540
Fitting 1 folds for each of 2 candidates, totalling 2 fits
      -> [LogisticRegression + Jittering Set 3] Acc: 0.7739, F1: 0.7721, Time: 1.65s
      -> [RNN + Jittering Set 3] Acc: 0.4444, F1: 0.3265, Time: 41.38s
    [=== Generating 2x synthetic data with Jittering (Set 4, Params: {'sigma': 0.1}) ===]
n_iterations: 4
n_required_iterations: 4
n_possible_iterations: 8
min_resources_: 20
max_resources_: 60000
aggressive_elimination: False
factor: 3
----------
iter: 0
n_candidates: 50
n_resources: 20
Fitting 1 folds for each of 50 candidates, totalling 50 fits
----------
iter: 1
n_candidates: 17
n_resources: 60
Fitting 1 folds for each of 17 candidates, totalling 17 fits
----------
iter: 2
n_candidates: 6
n_resources: 180
Fitting 1 folds for each of 6 candidates, totalling 6 fits
----------
iter: 3
n_candidates: 2
n_resources: 540
Fitting 1 folds for each of 2 candidates, totalling 2 fits
      -> [KNN + Jittering Set 4] Acc: 0.9061, F1: 0.9049, Time: 0.11s
n_iterations: 4
n_required_iterations: 4
n_possible_iterations: 8
min_resources_: 20
max_resources_: 60000
aggressive_elimination: False
factor: 3
----------
iter: 0
n_candidates: 50
n_resources: 20
Fitting 1 folds for each of 50 candidates, totalling 50 fits
----------
iter: 1
n_candidates: 17
n_resources: 60
Fitting 1 folds for each of 17 candidates, totalling 17 fits
----------
iter: 2
n_candidates: 6
n_resources: 180
Fitting 1 folds for each of 6 candidates, totalling 6 fits
----------
iter: 3
n_candidates: 2
n_resources: 540
Fitting 1 folds for each of 2 candidates, totalling 2 fits
      -> [RandomForest + Jittering Set 4] Acc: 0.8994, F1: 0.8984, Time: 6.53s
n_iterations: 4
n_required_iterations: 4
n_possible_iterations: 8
min_resources_: 20
max_resources_: 60000
aggressive_elimination: False
factor: 3
----------
iter: 0
n_candidates: 50
n_resources: 20
Fitting 1 folds for each of 50 candidates, totalling 50 fits
----------
iter: 1
n_candidates: 17
n_resources: 60
Fitting 1 folds for each of 17 candidates, totalling 17 fits
----------
iter: 2
n_candidates: 6
n_resources: 180
Fitting 1 folds for each of 6 candidates, totalling 6 fits
----------
iter: 3
n_candidates: 2
n_resources: 540
Fitting 1 folds for each of 2 candidates, totalling 2 fits
      -> [LinearSVC + Jittering Set 4] Acc: 0.6467, F1: 0.6201, Time: 1.15s
n_iterations: 4
n_required_iterations: 4
n_possible_iterations: 8
min_resources_: 20
max_resources_: 60000
aggressive_elimination: False
factor: 3
----------
iter: 0
n_candidates: 50
n_resources: 20
Fitting 1 folds for each of 50 candidates, totalling 50 fits
----------
iter: 1
n_candidates: 17
n_resources: 60
Fitting 1 folds for each of 17 candidates, totalling 17 fits
----------
iter: 2
n_candidates: 6
n_resources: 180
Fitting 1 folds for each of 6 candidates, totalling 6 fits
----------
iter: 3
n_candidates: 2
n_resources: 540
Fitting 1 folds for each of 2 candidates, totalling 2 fits
      -> [LogisticRegression + Jittering Set 4] Acc: 0.7554, F1: 0.7535, Time: 1.33s
      -> [RNN + Jittering Set 4] Acc: 0.4333, F1: 0.3145, Time: 53.20s
    [=== Generating 2x synthetic data with Jittering (Set 5, Params: {'sigma': 0.15}) ===]
n_iterations: 4
n_required_iterations: 4
n_possible_iterations: 8
min_resources_: 20
max_resources_: 60000
aggressive_elimination: False
factor: 3
----------
iter: 0
n_candidates: 50
n_resources: 20
Fitting 1 folds for each of 50 candidates, totalling 50 fits
----------
iter: 1
n_candidates: 17
n_resources: 60
Fitting 1 folds for each of 17 candidates, totalling 17 fits
----------
iter: 2
n_candidates: 6
n_resources: 180
Fitting 1 folds for each of 6 candidates, totalling 6 fits
----------
iter: 3
n_candidates: 2
n_resources: 540
Fitting 1 folds for each of 2 candidates, totalling 2 fits
      -> [KNN + Jittering Set 5] Acc: 0.9072, F1: 0.9060, Time: 0.54s
n_iterations: 4
n_required_iterations: 4
n_possible_iterations: 8
min_resources_: 20
max_resources_: 60000
aggressive_elimination: False
factor: 3
----------
iter: 0
n_candidates: 50
n_resources: 20
Fitting 1 folds for each of 50 candidates, totalling 50 fits
----------
iter: 1
n_candidates: 17
n_resources: 60
Fitting 1 folds for each of 17 candidates, totalling 17 fits
----------
iter: 2
n_candidates: 6
n_resources: 180
Fitting 1 folds for each of 6 candidates, totalling 6 fits
----------
iter: 3
n_candidates: 2
n_resources: 540
Fitting 1 folds for each of 2 candidates, totalling 2 fits
      -> [RandomForest + Jittering Set 5] Acc: 0.8879, F1: 0.8867, Time: 11.90s
n_iterations: 4
n_required_iterations: 4
n_possible_iterations: 8
min_resources_: 20
max_resources_: 60000
aggressive_elimination: False
factor: 3
----------
iter: 0
n_candidates: 50
n_resources: 20
Fitting 1 folds for each of 50 candidates, totalling 50 fits
----------
iter: 1
n_candidates: 17
n_resources: 60
Fitting 1 folds for each of 17 candidates, totalling 17 fits
----------
iter: 2
n_candidates: 6
n_resources: 180
Fitting 1 folds for each of 6 candidates, totalling 6 fits
----------
iter: 3
n_candidates: 2
n_resources: 540
Fitting 1 folds for each of 2 candidates, totalling 2 fits
      -> [LinearSVC + Jittering Set 5] Acc: 0.6571, F1: 0.6347, Time: 0.23s
n_iterations: 4
n_required_iterations: 4
n_possible_iterations: 8
min_resources_: 20
max_resources_: 60000
aggressive_elimination: False
factor: 3
----------
iter: 0
n_candidates: 50
n_resources: 20
Fitting 1 folds for each of 50 candidates, totalling 50 fits
----------
iter: 1
n_candidates: 17
n_resources: 60
Fitting 1 folds for each of 17 candidates, totalling 17 fits
----------
iter: 2
n_candidates: 6
n_resources: 180
Fitting 1 folds for each of 6 candidates, totalling 6 fits
----------
iter: 3
n_candidates: 2
n_resources: 540
Fitting 1 folds for each of 2 candidates, totalling 2 fits
      -> [LogisticRegression + Jittering Set 5] Acc: 0.7329, F1: 0.7311, Time: 1.52s
      -> [RNN + Jittering Set 5] Acc: 0.5000, F1: 0.4067, Time: 42.45s
    [=== Generating 3x synthetic data with Jittering (Set 1, Params: {'sigma': 0.01}) ===]
n_iterations: 4
n_required_iterations: 4
n_possible_iterations: 8
min_resources_: 20
max_resources_: 80000
aggressive_elimination: False
factor: 3
----------
iter: 0
n_candidates: 50
n_resources: 20
Fitting 1 folds for each of 50 candidates, totalling 50 fits
----------
iter: 1
n_candidates: 17
n_resources: 60
Fitting 1 folds for each of 17 candidates, totalling 17 fits
----------
iter: 2
n_candidates: 6
n_resources: 180
Fitting 1 folds for each of 6 candidates, totalling 6 fits
----------
iter: 3
n_candidates: 2
n_resources: 540
Fitting 1 folds for each of 2 candidates, totalling 2 fits
      -> [KNN + Jittering Set 1] Acc: 0.9117, F1: 0.9104, Time: 0.64s
n_iterations: 4
n_required_iterations: 4
n_possible_iterations: 8
min_resources_: 20
max_resources_: 80000
aggressive_elimination: False
factor: 3
----------
iter: 0
n_candidates: 50
n_resources: 20
Fitting 1 folds for each of 50 candidates, totalling 50 fits
----------
iter: 1
n_candidates: 17
n_resources: 60
Fitting 1 folds for each of 17 candidates, totalling 17 fits
----------
iter: 2
n_candidates: 6
n_resources: 180
Fitting 1 folds for each of 6 candidates, totalling 6 fits
----------
iter: 3
n_candidates: 2
n_resources: 540
Fitting 1 folds for each of 2 candidates, totalling 2 fits
      -> [RandomForest + Jittering Set 1] Acc: 0.8964, F1: 0.8949, Time: 23.41s
n_iterations: 4
n_required_iterations: 4
n_possible_iterations: 8
min_resources_: 20
max_resources_: 80000
aggressive_elimination: False
factor: 3
----------
iter: 0
n_candidates: 50
n_resources: 20
Fitting 1 folds for each of 50 candidates, totalling 50 fits
----------
iter: 1
n_candidates: 17
n_resources: 60
Fitting 1 folds for each of 17 candidates, totalling 17 fits
----------
iter: 2
n_candidates: 6
n_resources: 180
Fitting 1 folds for each of 6 candidates, totalling 6 fits
----------
iter: 3
n_candidates: 2
n_resources: 540
Fitting 1 folds for each of 2 candidates, totalling 2 fits
      -> [LinearSVC + Jittering Set 1] Acc: 0.7191, F1: 0.6984, Time: 0.39s
n_iterations: 4
n_required_iterations: 4
n_possible_iterations: 8
min_resources_: 20
max_resources_: 80000
aggressive_elimination: False
factor: 3
----------
iter: 0
n_candidates: 50
n_resources: 20
Fitting 1 folds for each of 50 candidates, totalling 50 fits
----------
iter: 1
n_candidates: 17
n_resources: 60
Fitting 1 folds for each of 17 candidates, totalling 17 fits
----------
iter: 2
n_candidates: 6
n_resources: 180
Fitting 1 folds for each of 6 candidates, totalling 6 fits
----------
iter: 3
n_candidates: 2
n_resources: 540
Fitting 1 folds for each of 2 candidates, totalling 2 fits
      -> [LogisticRegression + Jittering Set 1] Acc: 0.7793, F1: 0.7776, Time: 2.65s
      -> [RNN + Jittering Set 1] Acc: 0.4556, F1: 0.3488, Time: 4.82s
    [=== Generating 3x synthetic data with Jittering (Set 2, Params: {'sigma': 0.03}) ===]
n_iterations: 4
n_required_iterations: 4
n_possible_iterations: 8
min_resources_: 20
max_resources_: 80000
aggressive_elimination: False
factor: 3
----------
iter: 0
n_candidates: 50
n_resources: 20
Fitting 1 folds for each of 50 candidates, totalling 50 fits
----------
iter: 1
n_candidates: 17
n_resources: 60
Fitting 1 folds for each of 17 candidates, totalling 17 fits
----------
iter: 2
n_candidates: 6
n_resources: 180
Fitting 1 folds for each of 6 candidates, totalling 6 fits
----------
iter: 3
n_candidates: 2
n_resources: 540
Fitting 1 folds for each of 2 candidates, totalling 2 fits
      -> [KNN + Jittering Set 2] Acc: 0.9132, F1: 0.9119, Time: 0.13s
n_iterations: 4
n_required_iterations: 4
n_possible_iterations: 8
min_resources_: 20
max_resources_: 80000
aggressive_elimination: False
factor: 3
----------
iter: 0
n_candidates: 50
n_resources: 20
Fitting 1 folds for each of 50 candidates, totalling 50 fits
----------
iter: 1
n_candidates: 17
n_resources: 60
Fitting 1 folds for each of 17 candidates, totalling 17 fits
----------
iter: 2
n_candidates: 6
n_resources: 180
Fitting 1 folds for each of 6 candidates, totalling 6 fits
----------
iter: 3
n_candidates: 2
n_resources: 540
Fitting 1 folds for each of 2 candidates, totalling 2 fits
      -> [RandomForest + Jittering Set 2] Acc: 0.9073, F1: 0.9062, Time: 25.23s
n_iterations: 4
n_required_iterations: 4
n_possible_iterations: 8
min_resources_: 20
max_resources_: 80000
aggressive_elimination: False
factor: 3
----------
iter: 0
n_candidates: 50
n_resources: 20
Fitting 1 folds for each of 50 candidates, totalling 50 fits
----------
iter: 1
n_candidates: 17
n_resources: 60
Fitting 1 folds for each of 17 candidates, totalling 17 fits
----------
iter: 2
n_candidates: 6
n_resources: 180
Fitting 1 folds for each of 6 candidates, totalling 6 fits
----------
iter: 3
n_candidates: 2
n_resources: 540
Fitting 1 folds for each of 2 candidates, totalling 2 fits
      -> [LinearSVC + Jittering Set 2] Acc: 0.7159, F1: 0.6951, Time: 0.41s
n_iterations: 4
n_required_iterations: 4
n_possible_iterations: 8
min_resources_: 20
max_resources_: 80000
aggressive_elimination: False
factor: 3
----------
iter: 0
n_candidates: 50
n_resources: 20
Fitting 1 folds for each of 50 candidates, totalling 50 fits
----------
iter: 1
n_candidates: 17
n_resources: 60
Fitting 1 folds for each of 17 candidates, totalling 17 fits
----------
iter: 2
n_candidates: 6
n_resources: 180
Fitting 1 folds for each of 6 candidates, totalling 6 fits
----------
iter: 3
n_candidates: 2
n_resources: 540
Fitting 1 folds for each of 2 candidates, totalling 2 fits
      -> [LogisticRegression + Jittering Set 2] Acc: 0.7779, F1: 0.7762, Time: 4.52s
      -> [RNN + Jittering Set 2] Acc: 0.5444, F1: 0.4592, Time: 199.52s
    [=== Generating 3x synthetic data with Jittering (Set 3, Params: {'sigma': 0.05}) ===]
n_iterations: 4
n_required_iterations: 4
n_possible_iterations: 8
min_resources_: 20
max_resources_: 80000
aggressive_elimination: False
factor: 3
----------
iter: 0
n_candidates: 50
n_resources: 20
Fitting 1 folds for each of 50 candidates, totalling 50 fits
----------
iter: 1
n_candidates: 17
n_resources: 60
Fitting 1 folds for each of 17 candidates, totalling 17 fits
----------
iter: 2
n_candidates: 6
n_resources: 180
Fitting 1 folds for each of 6 candidates, totalling 6 fits
----------
iter: 3
n_candidates: 2
n_resources: 540
Fitting 1 folds for each of 2 candidates, totalling 2 fits
      -> [KNN + Jittering Set 3] Acc: 0.9122, F1: 0.9108, Time: 0.68s
n_iterations: 4
n_required_iterations: 4
n_possible_iterations: 8
min_resources_: 20
max_resources_: 80000
aggressive_elimination: False
factor: 3
----------
iter: 0
n_candidates: 50
n_resources: 20
Fitting 1 folds for each of 50 candidates, totalling 50 fits
----------
iter: 1
n_candidates: 17
n_resources: 60
Fitting 1 folds for each of 17 candidates, totalling 17 fits
----------
iter: 2
n_candidates: 6
n_resources: 180
Fitting 1 folds for each of 6 candidates, totalling 6 fits
----------
iter: 3
n_candidates: 2
n_resources: 540
Fitting 1 folds for each of 2 candidates, totalling 2 fits
      -> [RandomForest + Jittering Set 3] Acc: 0.9031, F1: 0.9019, Time: 9.89s
n_iterations: 4
n_required_iterations: 4
n_possible_iterations: 8
min_resources_: 20
max_resources_: 80000
aggressive_elimination: False
factor: 3
----------
iter: 0
n_candidates: 50
n_resources: 20
Fitting 1 folds for each of 50 candidates, totalling 50 fits
----------
iter: 1
n_candidates: 17
n_resources: 60
Fitting 1 folds for each of 17 candidates, totalling 17 fits
----------
iter: 2
n_candidates: 6
n_resources: 180
Fitting 1 folds for each of 6 candidates, totalling 6 fits
----------
iter: 3
n_candidates: 2
n_resources: 540
Fitting 1 folds for each of 2 candidates, totalling 2 fits
      -> [LinearSVC + Jittering Set 3] Acc: 0.6443, F1: 0.6149, Time: 1.57s
n_iterations: 4
n_required_iterations: 4
n_possible_iterations: 8
min_resources_: 20
max_resources_: 80000
aggressive_elimination: False
factor: 3
----------
iter: 0
n_candidates: 50
n_resources: 20
Fitting 1 folds for each of 50 candidates, totalling 50 fits
----------
iter: 1
n_candidates: 17
n_resources: 60
Fitting 1 folds for each of 17 candidates, totalling 17 fits
----------
iter: 2
n_candidates: 6
n_resources: 180
Fitting 1 folds for each of 6 candidates, totalling 6 fits
----------
iter: 3
n_candidates: 2
n_resources: 540
Fitting 1 folds for each of 2 candidates, totalling 2 fits
      -> [LogisticRegression + Jittering Set 3] Acc: 0.7730, F1: 0.7709, Time: 3.19s
      -> [RNN + Jittering Set 3] Acc: 0.5111, F1: 0.4481, Time: 3.66s
    [=== Generating 3x synthetic data with Jittering (Set 4, Params: {'sigma': 0.1}) ===]
n_iterations: 4
n_required_iterations: 4
n_possible_iterations: 8
min_resources_: 20
max_resources_: 80000
aggressive_elimination: False
factor: 3
----------
iter: 0
n_candidates: 50
n_resources: 20
Fitting 1 folds for each of 50 candidates, totalling 50 fits
----------
iter: 1
n_candidates: 17
n_resources: 60
Fitting 1 folds for each of 17 candidates, totalling 17 fits
----------
iter: 2
n_candidates: 6
n_resources: 180
Fitting 1 folds for each of 6 candidates, totalling 6 fits
----------
iter: 3
n_candidates: 2
n_resources: 540
Fitting 1 folds for each of 2 candidates, totalling 2 fits
      -> [KNN + Jittering Set 4] Acc: 0.9063, F1: 0.9053, Time: 0.67s
n_iterations: 4
n_required_iterations: 4
n_possible_iterations: 8
min_resources_: 20
max_resources_: 80000
aggressive_elimination: False
factor: 3
----------
iter: 0
n_candidates: 50
n_resources: 20
Fitting 1 folds for each of 50 candidates, totalling 50 fits
----------
iter: 1
n_candidates: 17
n_resources: 60
Fitting 1 folds for each of 17 candidates, totalling 17 fits
----------
iter: 2
n_candidates: 6
n_resources: 180
Fitting 1 folds for each of 6 candidates, totalling 6 fits
----------
iter: 3
n_candidates: 2
n_resources: 540
Fitting 1 folds for each of 2 candidates, totalling 2 fits
      -> [RandomForest + Jittering Set 4] Acc: 0.8958, F1: 0.8948, Time: 9.35s
n_iterations: 4
n_required_iterations: 4
n_possible_iterations: 8
min_resources_: 20
max_resources_: 80000
aggressive_elimination: False
factor: 3
----------
iter: 0
n_candidates: 50
n_resources: 20
Fitting 1 folds for each of 50 candidates, totalling 50 fits
----------
iter: 1
n_candidates: 17
n_resources: 60
Fitting 1 folds for each of 17 candidates, totalling 17 fits
----------
iter: 2
n_candidates: 6
n_resources: 180
Fitting 1 folds for each of 6 candidates, totalling 6 fits
----------
iter: 3
n_candidates: 2
n_resources: 540
Fitting 1 folds for each of 2 candidates, totalling 2 fits
      -> [LinearSVC + Jittering Set 4] Acc: 0.6439, F1: 0.6176, Time: 1.89s
n_iterations: 4
n_required_iterations: 4
n_possible_iterations: 8
min_resources_: 20
max_resources_: 80000
aggressive_elimination: False
factor: 3
----------
iter: 0
n_candidates: 50
n_resources: 20
Fitting 1 folds for each of 50 candidates, totalling 50 fits
----------
iter: 1
n_candidates: 17
n_resources: 60
Fitting 1 folds for each of 17 candidates, totalling 17 fits
----------
iter: 2
n_candidates: 6
n_resources: 180
Fitting 1 folds for each of 6 candidates, totalling 6 fits
----------
iter: 3
n_candidates: 2
n_resources: 540
Fitting 1 folds for each of 2 candidates, totalling 2 fits
      -> [LogisticRegression + Jittering Set 4] Acc: 0.7502, F1: 0.7481, Time: 2.60s
      -> [RNN + Jittering Set 4] Acc: 0.5556, F1: 0.4820, Time: 238.84s
    [=== Generating 3x synthetic data with Jittering (Set 5, Params: {'sigma': 0.15}) ===]
n_iterations: 4
n_required_iterations: 4
n_possible_iterations: 8
min_resources_: 20
max_resources_: 80000
aggressive_elimination: False
factor: 3
----------
iter: 0
n_candidates: 50
n_resources: 20
Fitting 1 folds for each of 50 candidates, totalling 50 fits
----------
iter: 1
n_candidates: 17
n_resources: 60
Fitting 1 folds for each of 17 candidates, totalling 17 fits
----------
iter: 2
n_candidates: 6
n_resources: 180
Fitting 1 folds for each of 6 candidates, totalling 6 fits
----------
iter: 3
n_candidates: 2
n_resources: 540
Fitting 1 folds for each of 2 candidates, totalling 2 fits
      -> [KNN + Jittering Set 5] Acc: 0.9052, F1: 0.9040, Time: 0.77s
n_iterations: 4
n_required_iterations: 4
n_possible_iterations: 8
min_resources_: 20
max_resources_: 80000
aggressive_elimination: False
factor: 3
----------
iter: 0
n_candidates: 50
n_resources: 20
Fitting 1 folds for each of 50 candidates, totalling 50 fits
----------
iter: 1
n_candidates: 17
n_resources: 60
Fitting 1 folds for each of 17 candidates, totalling 17 fits
----------
iter: 2
n_candidates: 6
n_resources: 180
Fitting 1 folds for each of 6 candidates, totalling 6 fits
----------
iter: 3
n_candidates: 2
n_resources: 540
Fitting 1 folds for each of 2 candidates, totalling 2 fits
      -> [RandomForest + Jittering Set 5] Acc: 0.8856, F1: 0.8846, Time: 21.28s
n_iterations: 4
n_required_iterations: 4
n_possible_iterations: 8
min_resources_: 20
max_resources_: 80000
aggressive_elimination: False
factor: 3
----------
iter: 0
n_candidates: 50
n_resources: 20
Fitting 1 folds for each of 50 candidates, totalling 50 fits
----------
iter: 1
n_candidates: 17
n_resources: 60
Fitting 1 folds for each of 17 candidates, totalling 17 fits
----------
iter: 2
n_candidates: 6
n_resources: 180
Fitting 1 folds for each of 6 candidates, totalling 6 fits
----------
iter: 3
n_candidates: 2
n_resources: 540
Fitting 1 folds for each of 2 candidates, totalling 2 fits
      -> [LinearSVC + Jittering Set 5] Acc: 0.6350, F1: 0.6087, Time: 1.81s
n_iterations: 4
n_required_iterations: 4
n_possible_iterations: 8
min_resources_: 20
max_resources_: 80000
aggressive_elimination: False
factor: 3
----------
iter: 0
n_candidates: 50
n_resources: 20
Fitting 1 folds for each of 50 candidates, totalling 50 fits
----------
iter: 1
n_candidates: 17
n_resources: 60
Fitting 1 folds for each of 17 candidates, totalling 17 fits
----------
iter: 2
n_candidates: 6
n_resources: 180
Fitting 1 folds for each of 6 candidates, totalling 6 fits
----------
iter: 3
n_candidates: 2
n_resources: 540
Fitting 1 folds for each of 2 candidates, totalling 2 fits
      -> [LogisticRegression + Jittering Set 5] Acc: 0.7160, F1: 0.7141, Time: 0.66s
      -> [RNN + Jittering Set 5] Acc: 0.6333, F1: 0.5609, Time: 240.71s
    [=== Generating 5x synthetic data with Jittering (Set 1, Params: {'sigma': 0.01}) ===]
n_iterations: 4
n_required_iterations: 4
n_possible_iterations: 8
min_resources_: 20
max_resources_: 120000
aggressive_elimination: False
factor: 3
----------
iter: 0
n_candidates: 50
n_resources: 20
Fitting 1 folds for each of 50 candidates, totalling 50 fits
----------
iter: 1
n_candidates: 17
n_resources: 60
Fitting 1 folds for each of 17 candidates, totalling 17 fits
----------
iter: 2
n_candidates: 6
n_resources: 180
Fitting 1 folds for each of 6 candidates, totalling 6 fits
----------
iter: 3
n_candidates: 2
n_resources: 540
Fitting 1 folds for each of 2 candidates, totalling 2 fits
      -> [KNN + Jittering Set 1] Acc: 0.9118, F1: 0.9102, Time: 0.55s
n_iterations: 4
n_required_iterations: 4
n_possible_iterations: 8
min_resources_: 20
max_resources_: 120000
aggressive_elimination: False
factor: 3
----------
iter: 0
n_candidates: 50
n_resources: 20
Fitting 1 folds for each of 50 candidates, totalling 50 fits
----------
iter: 1
n_candidates: 17
n_resources: 60
Fitting 1 folds for each of 17 candidates, totalling 17 fits
----------
iter: 2
n_candidates: 6
n_resources: 180
Fitting 1 folds for each of 6 candidates, totalling 6 fits
----------
iter: 3
n_candidates: 2
n_resources: 540
Fitting 1 folds for each of 2 candidates, totalling 2 fits
      -> [RandomForest + Jittering Set 1] Acc: 0.8957, F1: 0.8941, Time: 16.14s
n_iterations: 4
n_required_iterations: 4
n_possible_iterations: 8
min_resources_: 20
max_resources_: 120000
aggressive_elimination: False
factor: 3
----------
iter: 0
n_candidates: 50
n_resources: 20
Fitting 1 folds for each of 50 candidates, totalling 50 fits
----------
iter: 1
n_candidates: 17
n_resources: 60
Fitting 1 folds for each of 17 candidates, totalling 17 fits
----------
iter: 2
n_candidates: 6
n_resources: 180
Fitting 1 folds for each of 6 candidates, totalling 6 fits
----------
iter: 3
n_candidates: 2
n_resources: 540
Fitting 1 folds for each of 2 candidates, totalling 2 fits
      -> [LinearSVC + Jittering Set 1] Acc: 0.6451, F1: 0.6151, Time: 2.57s
n_iterations: 4
n_required_iterations: 4
n_possible_iterations: 8
min_resources_: 20
max_resources_: 120000
aggressive_elimination: False
factor: 3
----------
iter: 0
n_candidates: 50
n_resources: 20
Fitting 1 folds for each of 50 candidates, totalling 50 fits
----------
iter: 1
n_candidates: 17
n_resources: 60
Fitting 1 folds for each of 17 candidates, totalling 17 fits
----------
iter: 2
n_candidates: 6
n_resources: 180
Fitting 1 folds for each of 6 candidates, totalling 6 fits
----------
iter: 3
n_candidates: 2
n_resources: 540
Fitting 1 folds for each of 2 candidates, totalling 2 fits
      -> [LogisticRegression + Jittering Set 1] Acc: 0.7793, F1: 0.7776, Time: 7.49s
      -> [RNN + Jittering Set 1] Acc: 0.5111, F1: 0.4218, Time: 278.57s
    [=== Generating 5x synthetic data with Jittering (Set 2, Params: {'sigma': 0.03}) ===]
n_iterations: 4
n_required_iterations: 4
n_possible_iterations: 8
min_resources_: 20
max_resources_: 120000
aggressive_elimination: False
factor: 3
----------
iter: 0
n_candidates: 50
n_resources: 20
Fitting 1 folds for each of 50 candidates, totalling 50 fits
----------
iter: 1
n_candidates: 17
n_resources: 60
Fitting 1 folds for each of 17 candidates, totalling 17 fits
----------
iter: 2
n_candidates: 6
n_resources: 180
Fitting 1 folds for each of 6 candidates, totalling 6 fits
----------
iter: 3
n_candidates: 2
n_resources: 540
Fitting 1 folds for each of 2 candidates, totalling 2 fits
      -> [KNN + Jittering Set 2] Acc: 0.9107, F1: 0.9093, Time: 0.75s
n_iterations: 4
n_required_iterations: 4
n_possible_iterations: 8
min_resources_: 20
max_resources_: 120000
aggressive_elimination: False
factor: 3
----------
iter: 0
n_candidates: 50
n_resources: 20
Fitting 1 folds for each of 50 candidates, totalling 50 fits
----------
iter: 1
n_candidates: 17
n_resources: 60
Fitting 1 folds for each of 17 candidates, totalling 17 fits
----------
iter: 2
n_candidates: 6
n_resources: 180
Fitting 1 folds for each of 6 candidates, totalling 6 fits
----------
iter: 3
n_candidates: 2
n_resources: 540
Fitting 1 folds for each of 2 candidates, totalling 2 fits
      -> [RandomForest + Jittering Set 2] Acc: 0.9084, F1: 0.9073, Time: 51.91s
n_iterations: 4
n_required_iterations: 4
n_possible_iterations: 8
min_resources_: 20
max_resources_: 120000
aggressive_elimination: False
factor: 3
----------
iter: 0
n_candidates: 50
n_resources: 20
Fitting 1 folds for each of 50 candidates, totalling 50 fits
----------
iter: 1
n_candidates: 17
n_resources: 60
Fitting 1 folds for each of 17 candidates, totalling 17 fits
----------
iter: 2
n_candidates: 6
n_resources: 180
Fitting 1 folds for each of 6 candidates, totalling 6 fits
----------
iter: 3
n_candidates: 2
n_resources: 540
Fitting 1 folds for each of 2 candidates, totalling 2 fits
      -> [LinearSVC + Jittering Set 2] Acc: 0.6446, F1: 0.6148, Time: 2.74s
n_iterations: 4
n_required_iterations: 4
n_possible_iterations: 8
min_resources_: 20
max_resources_: 120000
aggressive_elimination: False
factor: 3
----------
iter: 0
n_candidates: 50
n_resources: 20
Fitting 1 folds for each of 50 candidates, totalling 50 fits
----------
iter: 1
n_candidates: 17
n_resources: 60
Fitting 1 folds for each of 17 candidates, totalling 17 fits
----------
iter: 2
n_candidates: 6
n_resources: 180
Fitting 1 folds for each of 6 candidates, totalling 6 fits
----------
iter: 3
n_candidates: 2
n_resources: 540
Fitting 1 folds for each of 2 candidates, totalling 2 fits
      -> [LogisticRegression + Jittering Set 2] Acc: 0.7762, F1: 0.7746, Time: 4.73s
      -> [RNN + Jittering Set 2] Acc: 0.6222, F1: 0.5625, Time: 404.57s
    [=== Generating 5x synthetic data with Jittering (Set 3, Params: {'sigma': 0.05}) ===]
n_iterations: 4
n_required_iterations: 4
n_possible_iterations: 8
min_resources_: 20
max_resources_: 120000
aggressive_elimination: False
factor: 3
----------
iter: 0
n_candidates: 50
n_resources: 20
Fitting 1 folds for each of 50 candidates, totalling 50 fits
----------
iter: 1
n_candidates: 17
n_resources: 60
Fitting 1 folds for each of 17 candidates, totalling 17 fits
----------
iter: 2
n_candidates: 6
n_resources: 180
Fitting 1 folds for each of 6 candidates, totalling 6 fits
----------
iter: 3
n_candidates: 2
n_resources: 540
Fitting 1 folds for each of 2 candidates, totalling 2 fits
      -> [KNN + Jittering Set 3] Acc: 0.9056, F1: 0.9041, Time: 0.57s
n_iterations: 4
n_required_iterations: 4
n_possible_iterations: 8
min_resources_: 20
max_resources_: 120000
aggressive_elimination: False
factor: 3
----------
iter: 0
n_candidates: 50
n_resources: 20
Fitting 1 folds for each of 50 candidates, totalling 50 fits
----------
iter: 1
n_candidates: 17
n_resources: 60
Fitting 1 folds for each of 17 candidates, totalling 17 fits
----------
iter: 2
n_candidates: 6
n_resources: 180
Fitting 1 folds for each of 6 candidates, totalling 6 fits
----------
iter: 3
n_candidates: 2
n_resources: 540
Fitting 1 folds for each of 2 candidates, totalling 2 fits
      -> [RandomForest + Jittering Set 3] Acc: 0.9047, F1: 0.9034, Time: 15.58s
n_iterations: 4
n_required_iterations: 4
n_possible_iterations: 8
min_resources_: 20
max_resources_: 120000
aggressive_elimination: False
factor: 3
----------
iter: 0
n_candidates: 50
n_resources: 20
Fitting 1 folds for each of 50 candidates, totalling 50 fits
----------
iter: 1
n_candidates: 17
n_resources: 60
Fitting 1 folds for each of 17 candidates, totalling 17 fits
----------
iter: 2
n_candidates: 6
n_resources: 180
Fitting 1 folds for each of 6 candidates, totalling 6 fits
----------
iter: 3
n_candidates: 2
n_resources: 540
Fitting 1 folds for each of 2 candidates, totalling 2 fits
      -> [LinearSVC + Jittering Set 3] Acc: 0.6437, F1: 0.6143, Time: 2.55s
n_iterations: 4
n_required_iterations: 4
n_possible_iterations: 8
min_resources_: 20
max_resources_: 120000
aggressive_elimination: False
factor: 3
----------
iter: 0
n_candidates: 50
n_resources: 20
Fitting 1 folds for each of 50 candidates, totalling 50 fits
----------
iter: 1
n_candidates: 17
n_resources: 60
Fitting 1 folds for each of 17 candidates, totalling 17 fits
----------
iter: 2
n_candidates: 6
n_resources: 180
Fitting 1 folds for each of 6 candidates, totalling 6 fits
----------
iter: 3
n_candidates: 2
n_resources: 540
Fitting 1 folds for each of 2 candidates, totalling 2 fits
      -> [LogisticRegression + Jittering Set 3] Acc: 0.7724, F1: 0.7702, Time: 4.23s
      -> [RNN + Jittering Set 3] Acc: 0.6889, F1: 0.6559, Time: 16.81s
    [=== Generating 5x synthetic data with Jittering (Set 4, Params: {'sigma': 0.1}) ===]
n_iterations: 4
n_required_iterations: 4
n_possible_iterations: 8
min_resources_: 20
max_resources_: 120000
aggressive_elimination: False
factor: 3
----------
iter: 0
n_candidates: 50
n_resources: 20
Fitting 1 folds for each of 50 candidates, totalling 50 fits
----------
iter: 1
n_candidates: 17
n_resources: 60
Fitting 1 folds for each of 17 candidates, totalling 17 fits
----------
iter: 2
n_candidates: 6
n_resources: 180
Fitting 1 folds for each of 6 candidates, totalling 6 fits
----------
iter: 3
n_candidates: 2
n_resources: 540
Fitting 1 folds for each of 2 candidates, totalling 2 fits
      -> [KNN + Jittering Set 4] Acc: 0.9046, F1: 0.9032, Time: 0.53s
n_iterations: 4
n_required_iterations: 4
n_possible_iterations: 8
min_resources_: 20
max_resources_: 120000
aggressive_elimination: False
factor: 3
----------
iter: 0
n_candidates: 50
n_resources: 20
Fitting 1 folds for each of 50 candidates, totalling 50 fits
----------
iter: 1
n_candidates: 17
n_resources: 60
Fitting 1 folds for each of 17 candidates, totalling 17 fits
----------
iter: 2
n_candidates: 6
n_resources: 180
Fitting 1 folds for each of 6 candidates, totalling 6 fits
----------
iter: 3
n_candidates: 2
n_resources: 540
Fitting 1 folds for each of 2 candidates, totalling 2 fits
      -> [RandomForest + Jittering Set 4] Acc: 0.8896, F1: 0.8883, Time: 16.73s
n_iterations: 4
n_required_iterations: 4
n_possible_iterations: 8
min_resources_: 20
max_resources_: 120000
aggressive_elimination: False
factor: 3
----------
iter: 0
n_candidates: 50
n_resources: 20
Fitting 1 folds for each of 50 candidates, totalling 50 fits
----------
iter: 1
n_candidates: 17
n_resources: 60
Fitting 1 folds for each of 17 candidates, totalling 17 fits
----------
iter: 2
n_candidates: 6
n_resources: 180
Fitting 1 folds for each of 6 candidates, totalling 6 fits
----------
iter: 3
n_candidates: 2
n_resources: 540
Fitting 1 folds for each of 2 candidates, totalling 2 fits
      -> [LinearSVC + Jittering Set 4] Acc: 0.6433, F1: 0.6177, Time: 2.74s
n_iterations: 4
n_required_iterations: 4
n_possible_iterations: 8
min_resources_: 20
max_resources_: 120000
aggressive_elimination: False
factor: 3
----------
iter: 0
n_candidates: 50
n_resources: 20
Fitting 1 folds for each of 50 candidates, totalling 50 fits
----------
iter: 1
n_candidates: 17
n_resources: 60
Fitting 1 folds for each of 17 candidates, totalling 17 fits
----------
iter: 2
n_candidates: 6
n_resources: 180
Fitting 1 folds for each of 6 candidates, totalling 6 fits
----------
iter: 3
n_candidates: 2
n_resources: 540
Fitting 1 folds for each of 2 candidates, totalling 2 fits
      -> [LogisticRegression + Jittering Set 4] Acc: 0.7433, F1: 0.7414, Time: 2.26s
      -> [RNN + Jittering Set 4] Acc: 0.5778, F1: 0.4901, Time: 401.65s
    [=== Generating 5x synthetic data with Jittering (Set 5, Params: {'sigma': 0.15}) ===]
n_iterations: 4
n_required_iterations: 4
n_possible_iterations: 8
min_resources_: 20
max_resources_: 120000
aggressive_elimination: False
factor: 3
----------
iter: 0
n_candidates: 50
n_resources: 20
Fitting 1 folds for each of 50 candidates, totalling 50 fits
----------
iter: 1
n_candidates: 17
n_resources: 60
Fitting 1 folds for each of 17 candidates, totalling 17 fits
----------
iter: 2
n_candidates: 6
n_resources: 180
Fitting 1 folds for each of 6 candidates, totalling 6 fits
----------
iter: 3
n_candidates: 2
n_resources: 540
Fitting 1 folds for each of 2 candidates, totalling 2 fits
      -> [KNN + Jittering Set 5] Acc: 0.8932, F1: 0.8921, Time: 0.93s
n_iterations: 4
n_required_iterations: 4
n_possible_iterations: 8
min_resources_: 20
max_resources_: 120000
aggressive_elimination: False
factor: 3
----------
iter: 0
n_candidates: 50
n_resources: 20
Fitting 1 folds for each of 50 candidates, totalling 50 fits
----------
iter: 1
n_candidates: 17
n_resources: 60
Fitting 1 folds for each of 17 candidates, totalling 17 fits
----------
iter: 2
n_candidates: 6
n_resources: 180
Fitting 1 folds for each of 6 candidates, totalling 6 fits
----------
iter: 3
n_candidates: 2
n_resources: 540
Fitting 1 folds for each of 2 candidates, totalling 2 fits
      -> [RandomForest + Jittering Set 5] Acc: 0.8786, F1: 0.8774, Time: 17.76s
n_iterations: 4
n_required_iterations: 4
n_possible_iterations: 8
min_resources_: 20
max_resources_: 120000
aggressive_elimination: False
factor: 3
----------
iter: 0
n_candidates: 50
n_resources: 20
Fitting 1 folds for each of 50 candidates, totalling 50 fits
----------
iter: 1
n_candidates: 17
n_resources: 60
Fitting 1 folds for each of 17 candidates, totalling 17 fits
----------
iter: 2
n_candidates: 6
n_resources: 180
Fitting 1 folds for each of 6 candidates, totalling 6 fits
----------
iter: 3
n_candidates: 2
n_resources: 540
Fitting 1 folds for each of 2 candidates, totalling 2 fits
      -> [LinearSVC + Jittering Set 5] Acc: 0.6302, F1: 0.6032, Time: 3.39s
n_iterations: 4
n_required_iterations: 4
n_possible_iterations: 8
min_resources_: 20
max_resources_: 120000
aggressive_elimination: False
factor: 3
----------
iter: 0
n_candidates: 50
n_resources: 20
Fitting 1 folds for each of 50 candidates, totalling 50 fits
----------
iter: 1
n_candidates: 17
n_resources: 60
Fitting 1 folds for each of 17 candidates, totalling 17 fits
----------
iter: 2
n_candidates: 6
n_resources: 180
Fitting 1 folds for each of 6 candidates, totalling 6 fits
----------
iter: 3
n_candidates: 2
n_resources: 540
Fitting 1 folds for each of 2 candidates, totalling 2 fits
      -> [LogisticRegression + Jittering Set 5] Acc: 0.6190, F1: 0.5920, Time: 3.71s
      -> [RNN + Jittering Set 5] Acc: 0.5222, F1: 0.4574, Time: 231.24s
    [=== Generating 10x synthetic data with Jittering (Set 1, Params: {'sigma': 0.01}) ===]
n_iterations: 4
n_required_iterations: 4
n_possible_iterations: 8
min_resources_: 20
max_resources_: 120000
aggressive_elimination: False
factor: 3
----------
iter: 0
n_candidates: 50
n_resources: 20
Fitting 1 folds for each of 50 candidates, totalling 50 fits
----------
iter: 1
n_candidates: 17
n_resources: 60
Fitting 1 folds for each of 17 candidates, totalling 17 fits
----------
iter: 2
n_candidates: 6
n_resources: 180
Fitting 1 folds for each of 6 candidates, totalling 6 fits
----------
iter: 3
n_candidates: 2
n_resources: 540
Fitting 1 folds for each of 2 candidates, totalling 2 fits
      -> [KNN + Jittering Set 1] Acc: 0.9133, F1: 0.9119, Time: 0.66s
n_iterations: 4
n_required_iterations: 4
n_possible_iterations: 8
min_resources_: 20
max_resources_: 120000
aggressive_elimination: False
factor: 3
----------
iter: 0
n_candidates: 50
n_resources: 20
Fitting 1 folds for each of 50 candidates, totalling 50 fits
----------
iter: 1
n_candidates: 17
n_resources: 60
Fitting 1 folds for each of 17 candidates, totalling 17 fits
----------
iter: 2
n_candidates: 6
n_resources: 180
Fitting 1 folds for each of 6 candidates, totalling 6 fits
----------
iter: 3
n_candidates: 2
n_resources: 540
Fitting 1 folds for each of 2 candidates, totalling 2 fits
      -> [RandomForest + Jittering Set 1] Acc: 0.9023, F1: 0.9009, Time: 45.12s
n_iterations: 4
n_required_iterations: 4
n_possible_iterations: 8
min_resources_: 20
max_resources_: 120000
aggressive_elimination: False
factor: 3
----------
iter: 0
n_candidates: 50
n_resources: 20
Fitting 1 folds for each of 50 candidates, totalling 50 fits
----------
iter: 1
n_candidates: 17
n_resources: 60
Fitting 1 folds for each of 17 candidates, totalling 17 fits
----------
iter: 2
n_candidates: 6
n_resources: 180
Fitting 1 folds for each of 6 candidates, totalling 6 fits
----------
iter: 3
n_candidates: 2
n_resources: 540
Fitting 1 folds for each of 2 candidates, totalling 2 fits
      -> [LinearSVC + Jittering Set 1] Acc: 0.7183, F1: 0.6978, Time: 1.10s
n_iterations: 4
n_required_iterations: 4
n_possible_iterations: 8
min_resources_: 20
max_resources_: 120000
aggressive_elimination: False
factor: 3
----------
iter: 0
n_candidates: 50
n_resources: 20
Fitting 1 folds for each of 50 candidates, totalling 50 fits
----------
iter: 1
n_candidates: 17
n_resources: 60
Fitting 1 folds for each of 17 candidates, totalling 17 fits
----------
iter: 2
n_candidates: 6
n_resources: 180
Fitting 1 folds for each of 6 candidates, totalling 6 fits
----------
iter: 3
n_candidates: 2
n_resources: 540
Fitting 1 folds for each of 2 candidates, totalling 2 fits
      -> [LogisticRegression + Jittering Set 1] Acc: 0.7786, F1: 0.7770, Time: 5.04s
      -> [RNN + Jittering Set 1] Acc: 0.6778, F1: 0.6510, Time: 813.66s
    [=== Generating 10x synthetic data with Jittering (Set 2, Params: {'sigma': 0.03}) ===]
n_iterations: 4
n_required_iterations: 4
n_possible_iterations: 8
min_resources_: 20
max_resources_: 120000
aggressive_elimination: False
factor: 3
----------
iter: 0
n_candidates: 50
n_resources: 20
Fitting 1 folds for each of 50 candidates, totalling 50 fits
----------
iter: 1
n_candidates: 17
n_resources: 60
Fitting 1 folds for each of 17 candidates, totalling 17 fits
----------
iter: 2
n_candidates: 6
n_resources: 180
Fitting 1 folds for each of 6 candidates, totalling 6 fits
----------
iter: 3
n_candidates: 2
n_resources: 540
Fitting 1 folds for each of 2 candidates, totalling 2 fits
      -> [KNN + Jittering Set 2] Acc: 0.9129, F1: 0.9115, Time: 0.74s
n_iterations: 4
n_required_iterations: 4
n_possible_iterations: 8
min_resources_: 20
max_resources_: 120000
aggressive_elimination: False
factor: 3
----------
iter: 0
n_candidates: 50
n_resources: 20
Fitting 1 folds for each of 50 candidates, totalling 50 fits
----------
iter: 1
n_candidates: 17
n_resources: 60
Fitting 1 folds for each of 17 candidates, totalling 17 fits
----------
iter: 2
n_candidates: 6
n_resources: 180
Fitting 1 folds for each of 6 candidates, totalling 6 fits
----------
iter: 3
n_candidates: 2
n_resources: 540
Fitting 1 folds for each of 2 candidates, totalling 2 fits
      -> [RandomForest + Jittering Set 2] Acc: 0.9073, F1: 0.9064, Time: 17.12s
n_iterations: 4
n_required_iterations: 4
n_possible_iterations: 8
min_resources_: 20
max_resources_: 120000
aggressive_elimination: False
factor: 3
----------
iter: 0
n_candidates: 50
n_resources: 20
Fitting 1 folds for each of 50 candidates, totalling 50 fits
----------
iter: 1
n_candidates: 17
n_resources: 60
Fitting 1 folds for each of 17 candidates, totalling 17 fits
----------
iter: 2
n_candidates: 6
n_resources: 180
Fitting 1 folds for each of 6 candidates, totalling 6 fits
----------
iter: 3
n_candidates: 2
n_resources: 540
Fitting 1 folds for each of 2 candidates, totalling 2 fits
      -> [LinearSVC + Jittering Set 2] Acc: 0.7153, F1: 0.6943, Time: 1.17s
n_iterations: 4
n_required_iterations: 4
n_possible_iterations: 8
min_resources_: 20
max_resources_: 120000
aggressive_elimination: False
factor: 3
----------
iter: 0
n_candidates: 50
n_resources: 20
Fitting 1 folds for each of 50 candidates, totalling 50 fits
----------
iter: 1
n_candidates: 17
n_resources: 60
Fitting 1 folds for each of 17 candidates, totalling 17 fits
----------
iter: 2
n_candidates: 6
n_resources: 180
Fitting 1 folds for each of 6 candidates, totalling 6 fits
----------
iter: 3
n_candidates: 2
n_resources: 540
Fitting 1 folds for each of 2 candidates, totalling 2 fits
      -> [LogisticRegression + Jittering Set 2] Acc: 0.7759, F1: 0.7743, Time: 7.51s
      -> [RNN + Jittering Set 2] Acc: 0.6889, F1: 0.6622, Time: 535.39s
    [=== Generating 10x synthetic data with Jittering (Set 3, Params: {'sigma': 0.05}) ===]
n_iterations: 4
n_required_iterations: 4
n_possible_iterations: 8
min_resources_: 20
max_resources_: 120000
aggressive_elimination: False
factor: 3
----------
iter: 0
n_candidates: 50
n_resources: 20
Fitting 1 folds for each of 50 candidates, totalling 50 fits
----------
iter: 1
n_candidates: 17
n_resources: 60
Fitting 1 folds for each of 17 candidates, totalling 17 fits
----------
iter: 2
n_candidates: 6
n_resources: 180
Fitting 1 folds for each of 6 candidates, totalling 6 fits
----------
iter: 3
n_candidates: 2
n_resources: 540
Fitting 1 folds for each of 2 candidates, totalling 2 fits
      -> [KNN + Jittering Set 3] Acc: 0.9121, F1: 0.9109, Time: 0.88s
n_iterations: 4
n_required_iterations: 4
n_possible_iterations: 8
min_resources_: 20
max_resources_: 120000
aggressive_elimination: False
factor: 3
----------
iter: 0
n_candidates: 50
n_resources: 20
Fitting 1 folds for each of 50 candidates, totalling 50 fits
----------
iter: 1
n_candidates: 17
n_resources: 60
Fitting 1 folds for each of 17 candidates, totalling 17 fits
----------
iter: 2
n_candidates: 6
n_resources: 180
Fitting 1 folds for each of 6 candidates, totalling 6 fits
----------
iter: 3
n_candidates: 2
n_resources: 540
Fitting 1 folds for each of 2 candidates, totalling 2 fits
      -> [RandomForest + Jittering Set 3] Acc: 0.9041, F1: 0.9031, Time: 35.99s
n_iterations: 4
n_required_iterations: 4
n_possible_iterations: 8
min_resources_: 20
max_resources_: 120000
aggressive_elimination: False
factor: 3
----------
iter: 0
n_candidates: 50
n_resources: 20
Fitting 1 folds for each of 50 candidates, totalling 50 fits
----------
iter: 1
n_candidates: 17
n_resources: 60
Fitting 1 folds for each of 17 candidates, totalling 17 fits
----------
iter: 2
n_candidates: 6
n_resources: 180
Fitting 1 folds for each of 6 candidates, totalling 6 fits
----------
iter: 3
n_candidates: 2
n_resources: 540
Fitting 1 folds for each of 2 candidates, totalling 2 fits
      -> [LinearSVC + Jittering Set 3] Acc: 0.6976, F1: 0.6769, Time: 1.08s
n_iterations: 4
n_required_iterations: 4
n_possible_iterations: 8
min_resources_: 20
max_resources_: 120000
aggressive_elimination: False
factor: 3
----------
iter: 0
n_candidates: 50
n_resources: 20
Fitting 1 folds for each of 50 candidates, totalling 50 fits
----------
iter: 1
n_candidates: 17
n_resources: 60
Fitting 1 folds for each of 17 candidates, totalling 17 fits
----------
iter: 2
n_candidates: 6
n_resources: 180
Fitting 1 folds for each of 6 candidates, totalling 6 fits
----------
iter: 3
n_candidates: 2
n_resources: 540
Fitting 1 folds for each of 2 candidates, totalling 2 fits
      -> [LogisticRegression + Jittering Set 3] Acc: 0.7717, F1: 0.7693, Time: 4.59s
      -> [RNN + Jittering Set 3] Acc: 0.7333, F1: 0.6985, Time: 683.21s
    [=== Generating 10x synthetic data with Jittering (Set 4, Params: {'sigma': 0.1}) ===]
n_iterations: 4
n_required_iterations: 4
n_possible_iterations: 8
min_resources_: 20
max_resources_: 120000
aggressive_elimination: False
factor: 3
----------
iter: 0
n_candidates: 50
n_resources: 20
Fitting 1 folds for each of 50 candidates, totalling 50 fits
----------
iter: 1
n_candidates: 17
n_resources: 60
Fitting 1 folds for each of 17 candidates, totalling 17 fits
----------
iter: 2
n_candidates: 6
n_resources: 180
Fitting 1 folds for each of 6 candidates, totalling 6 fits
----------
iter: 3
n_candidates: 2
n_resources: 540
Fitting 1 folds for each of 2 candidates, totalling 2 fits
      -> [KNN + Jittering Set 4] Acc: 0.8951, F1: 0.8944, Time: 1.20s
n_iterations: 4
n_required_iterations: 4
n_possible_iterations: 8
min_resources_: 20
max_resources_: 120000
aggressive_elimination: False
factor: 3
----------
iter: 0
n_candidates: 50
n_resources: 20
Fitting 1 folds for each of 50 candidates, totalling 50 fits
----------
iter: 1
n_candidates: 17
n_resources: 60
Fitting 1 folds for each of 17 candidates, totalling 17 fits
----------
iter: 2
n_candidates: 6
n_resources: 180
Fitting 1 folds for each of 6 candidates, totalling 6 fits
----------
iter: 3
n_candidates: 2
n_resources: 540
Fitting 1 folds for each of 2 candidates, totalling 2 fits
      -> [RandomForest + Jittering Set 4] Acc: 0.8842, F1: 0.8833, Time: 18.24s
n_iterations: 4
n_required_iterations: 4
n_possible_iterations: 8
min_resources_: 20
max_resources_: 120000
aggressive_elimination: False
factor: 3
----------
iter: 0
n_candidates: 50
n_resources: 20
Fitting 1 folds for each of 50 candidates, totalling 50 fits
----------
iter: 1
n_candidates: 17
n_resources: 60
Fitting 1 folds for each of 17 candidates, totalling 17 fits
----------
iter: 2
n_candidates: 6
n_resources: 180
Fitting 1 folds for each of 6 candidates, totalling 6 fits
----------
iter: 3
n_candidates: 2
n_resources: 540
Fitting 1 folds for each of 2 candidates, totalling 2 fits
      -> [LinearSVC + Jittering Set 4] Acc: 0.6634, F1: 0.6422, Time: 1.02s
n_iterations: 4
n_required_iterations: 4
n_possible_iterations: 8
min_resources_: 20
max_resources_: 120000
aggressive_elimination: False
factor: 3
----------
iter: 0
n_candidates: 50
n_resources: 20
Fitting 1 folds for each of 50 candidates, totalling 50 fits
----------
iter: 1
n_candidates: 17
n_resources: 60
Fitting 1 folds for each of 17 candidates, totalling 17 fits
----------
iter: 2
n_candidates: 6
n_resources: 180
Fitting 1 folds for each of 6 candidates, totalling 6 fits
----------
iter: 3
n_candidates: 2
n_resources: 540
Fitting 1 folds for each of 2 candidates, totalling 2 fits
      -> [LogisticRegression + Jittering Set 4] Acc: 0.7399, F1: 0.7378, Time: 1.58s
      -> [RNN + Jittering Set 4] Acc: 0.7333, F1: 0.7176, Time: 826.08s
    [=== Generating 10x synthetic data with Jittering (Set 5, Params: {'sigma': 0.15}) ===]
n_iterations: 4
n_required_iterations: 4
n_possible_iterations: 8
min_resources_: 20
max_resources_: 120000
aggressive_elimination: False
factor: 3
----------
iter: 0
n_candidates: 50
n_resources: 20
Fitting 1 folds for each of 50 candidates, totalling 50 fits
----------
iter: 1
n_candidates: 17
n_resources: 60
Fitting 1 folds for each of 17 candidates, totalling 17 fits
----------
iter: 2
n_candidates: 6
n_resources: 180
Fitting 1 folds for each of 6 candidates, totalling 6 fits
----------
iter: 3
n_candidates: 2
n_resources: 540
Fitting 1 folds for each of 2 candidates, totalling 2 fits
      -> [KNN + Jittering Set 5] Acc: 0.8784, F1: 0.8773, Time: 0.89s
n_iterations: 4
n_required_iterations: 4
n_possible_iterations: 8
min_resources_: 20
max_resources_: 120000
aggressive_elimination: False
factor: 3
----------
iter: 0
n_candidates: 50
n_resources: 20
Fitting 1 folds for each of 50 candidates, totalling 50 fits
----------
iter: 1
n_candidates: 17
n_resources: 60
Fitting 1 folds for each of 17 candidates, totalling 17 fits
----------
iter: 2
n_candidates: 6
n_resources: 180
Fitting 1 folds for each of 6 candidates, totalling 6 fits
----------
iter: 3
n_candidates: 2
n_resources: 540
Fitting 1 folds for each of 2 candidates, totalling 2 fits
      -> [RandomForest + Jittering Set 5] Acc: 0.8682, F1: 0.8670, Time: 31.84s
n_iterations: 4
n_required_iterations: 4
n_possible_iterations: 8
min_resources_: 20
max_resources_: 120000
aggressive_elimination: False
factor: 3
----------
iter: 0
n_candidates: 50
n_resources: 20
Fitting 1 folds for each of 50 candidates, totalling 50 fits
----------
iter: 1
n_candidates: 17
n_resources: 60
Fitting 1 folds for each of 17 candidates, totalling 17 fits
----------
iter: 2
n_candidates: 6
n_resources: 180
Fitting 1 folds for each of 6 candidates, totalling 6 fits
----------
iter: 3
n_candidates: 2
n_resources: 540
Fitting 1 folds for each of 2 candidates, totalling 2 fits
      -> [LinearSVC + Jittering Set 5] Acc: 0.6283, F1: 0.6021, Time: 3.90s
n_iterations: 4
n_required_iterations: 4
n_possible_iterations: 8
min_resources_: 20
max_resources_: 120000
aggressive_elimination: False
factor: 3
----------
iter: 0
n_candidates: 50
n_resources: 20
Fitting 1 folds for each of 50 candidates, totalling 50 fits
----------
iter: 1
n_candidates: 17
n_resources: 60
Fitting 1 folds for each of 17 candidates, totalling 17 fits
----------
iter: 2
n_candidates: 6
n_resources: 180
Fitting 1 folds for each of 6 candidates, totalling 6 fits
----------
iter: 3
n_candidates: 2
n_resources: 540
Fitting 1 folds for each of 2 candidates, totalling 2 fits
      -> [LogisticRegression + Jittering Set 5] Acc: 0.7007, F1: 0.6978, Time: 1.22s
      -> [RNN + Jittering Set 5] Acc: 0.6333, F1: 0.5929, Time: 748.76s

    >> Seed Fold Selection: 10/10
    Evaluating Model: KNN
      -> [Baseline] Acc: 0.9239, F1: 0.9243, Time: 0.47s
      HP Tuning KNN...
n_iterations: 4
n_required_iterations: 4
n_possible_iterations: 5
min_resources_: 100
max_resources_: 20000
aggressive_elimination: False
factor: 3
----------
iter: 0
n_candidates: 50
n_resources: 100
Fitting 5 folds for each of 50 candidates, totalling 250 fits
----------
iter: 1
n_candidates: 17
n_resources: 300
Fitting 5 folds for each of 17 candidates, totalling 85 fits
----------
iter: 2
n_candidates: 6
n_resources: 900
Fitting 5 folds for each of 6 candidates, totalling 30 fits
----------
iter: 3
n_candidates: 2
n_resources: 2700
Fitting 5 folds for each of 2 candidates, totalling 10 fits
      -> [Tuned_Baseline] Acc: 0.9257, F1: 0.9261, Time: 0.32s
    Evaluating Model: RandomForest
      -> [Baseline] Acc: 0.9144, F1: 0.9147, Time: 6.06s
      HP Tuning RandomForest...
n_iterations: 4
n_required_iterations: 4
n_possible_iterations: 5
min_resources_: 100
max_resources_: 20000
aggressive_elimination: False
factor: 3
----------
iter: 0
n_candidates: 50
n_resources: 100
Fitting 5 folds for each of 50 candidates, totalling 250 fits
----------
iter: 1
n_candidates: 17
n_resources: 300
Fitting 5 folds for each of 17 candidates, totalling 85 fits
----------
iter: 2
n_candidates: 6
n_resources: 900
Fitting 5 folds for each of 6 candidates, totalling 30 fits
----------
iter: 3
n_candidates: 2
n_resources: 2700
Fitting 5 folds for each of 2 candidates, totalling 10 fits
      -> [Tuned_Baseline] Acc: 0.9128, F1: 0.9131, Time: 0.09s
    Evaluating Model: LinearSVC
      -> [Baseline] Acc: 0.6974, F1: 0.6803, Time: 0.14s
      HP Tuning LinearSVC...
n_iterations: 4
n_required_iterations: 4
n_possible_iterations: 5
min_resources_: 100
max_resources_: 20000
aggressive_elimination: False
factor: 3
----------
iter: 0
n_candidates: 50
n_resources: 100
Fitting 5 folds for each of 50 candidates, totalling 250 fits
----------
iter: 1
n_candidates: 17
n_resources: 300
Fitting 5 folds for each of 17 candidates, totalling 85 fits
----------
iter: 2
n_candidates: 6
n_resources: 900
Fitting 5 folds for each of 6 candidates, totalling 30 fits
----------
iter: 3
n_candidates: 2
n_resources: 2700
Fitting 5 folds for each of 2 candidates, totalling 10 fits
      -> [Tuned_Baseline] Acc: 0.7000, F1: 0.6839, Time: 0.00s
    Evaluating Model: LogisticRegression
      -> [Baseline] Acc: 0.7429, F1: 0.7401, Time: 1.38s
      HP Tuning LogisticRegression...
n_iterations: 4
n_required_iterations: 4
n_possible_iterations: 5
min_resources_: 100
max_resources_: 20000
aggressive_elimination: False
factor: 3
----------
iter: 0
n_candidates: 50
n_resources: 100
Fitting 5 folds for each of 50 candidates, totalling 250 fits
----------
iter: 1
n_candidates: 17
n_resources: 300
Fitting 5 folds for each of 17 candidates, totalling 85 fits
----------
iter: 2
n_candidates: 6
n_resources: 900
Fitting 5 folds for each of 6 candidates, totalling 30 fits
----------
iter: 3
n_candidates: 2
n_resources: 2700
Fitting 5 folds for each of 2 candidates, totalling 10 fits
      -> [Tuned_Baseline] Acc: 0.7560, F1: 0.7527, Time: 0.00s
    Evaluating Model: RNN
      -> [Baseline] Acc: 0.3778, F1: 0.2335, Time: 6.14s
      HP Tuning RNN...
n_iterations: 2
n_required_iterations: 2
n_possible_iterations: 3
min_resources_: 10
max_resources_: 200
aggressive_elimination: False
factor: 3
----------
iter: 0
n_candidates: 4
n_resources: 10
Fitting 5 folds for each of 4 candidates, totalling 20 fits
----------
iter: 1
n_candidates: 2
n_resources: 30
Fitting 5 folds for each of 2 candidates, totalling 10 fits
      -> [Tuned_Baseline] Acc: 0.3667, F1: 0.2877, Time: 1.23s
    [=== Generating 2x synthetic data with Jittering (Set 1, Params: {'sigma': 0.01}) ===]
n_iterations: 4
n_required_iterations: 4
n_possible_iterations: 8
min_resources_: 20
max_resources_: 60000
aggressive_elimination: False
factor: 3
----------
iter: 0
n_candidates: 50
n_resources: 20
Fitting 1 folds for each of 50 candidates, totalling 50 fits
----------
iter: 1
n_candidates: 17
n_resources: 60
Fitting 1 folds for each of 17 candidates, totalling 17 fits
----------
iter: 2
n_candidates: 6
n_resources: 180
Fitting 1 folds for each of 6 candidates, totalling 6 fits
----------
iter: 3
n_candidates: 2
n_resources: 540
Fitting 1 folds for each of 2 candidates, totalling 2 fits
      -> [KNN + Jittering Set 1] Acc: 0.9261, F1: 0.9264, Time: 0.35s
n_iterations: 4
n_required_iterations: 4
n_possible_iterations: 8
min_resources_: 20
max_resources_: 60000
aggressive_elimination: False
factor: 3
----------
iter: 0
n_candidates: 50
n_resources: 20
Fitting 1 folds for each of 50 candidates, totalling 50 fits
----------
iter: 1
n_candidates: 17
n_resources: 60
Fitting 1 folds for each of 17 candidates, totalling 17 fits
----------
iter: 2
n_candidates: 6
n_resources: 180
Fitting 1 folds for each of 6 candidates, totalling 6 fits
----------
iter: 3
n_candidates: 2
n_resources: 540
Fitting 1 folds for each of 2 candidates, totalling 2 fits
      -> [RandomForest + Jittering Set 1] Acc: 0.7921, F1: 0.7944, Time: 7.25s
n_iterations: 4
n_required_iterations: 4
n_possible_iterations: 8
min_resources_: 20
max_resources_: 60000
aggressive_elimination: False
factor: 3
----------
iter: 0
n_candidates: 50
n_resources: 20
Fitting 1 folds for each of 50 candidates, totalling 50 fits
----------
iter: 1
n_candidates: 17
n_resources: 60
Fitting 1 folds for each of 17 candidates, totalling 17 fits
----------
iter: 2
n_candidates: 6
n_resources: 180
Fitting 1 folds for each of 6 candidates, totalling 6 fits
----------
iter: 3
n_candidates: 2
n_resources: 540
Fitting 1 folds for each of 2 candidates, totalling 2 fits
      -> [LinearSVC + Jittering Set 1] Acc: 0.6219, F1: 0.5912, Time: 0.88s
n_iterations: 4
n_required_iterations: 4
n_possible_iterations: 8
min_resources_: 20
max_resources_: 60000
aggressive_elimination: False
factor: 3
----------
iter: 0
n_candidates: 50
n_resources: 20
Fitting 1 folds for each of 50 candidates, totalling 50 fits
----------
iter: 1
n_candidates: 17
n_resources: 60
Fitting 1 folds for each of 17 candidates, totalling 17 fits
----------
iter: 2
n_candidates: 6
n_resources: 180
Fitting 1 folds for each of 6 candidates, totalling 6 fits
----------
iter: 3
n_candidates: 2
n_resources: 540
Fitting 1 folds for each of 2 candidates, totalling 2 fits
      -> [LogisticRegression + Jittering Set 1] Acc: 0.7556, F1: 0.7523, Time: 1.82s
      -> [RNN + Jittering Set 1] Acc: 0.4444, F1: 0.3451, Time: 151.61s
    [=== Generating 2x synthetic data with Jittering (Set 2, Params: {'sigma': 0.03}) ===]
n_iterations: 4
n_required_iterations: 4
n_possible_iterations: 8
min_resources_: 20
max_resources_: 60000
aggressive_elimination: False
factor: 3
----------
iter: 0
n_candidates: 50
n_resources: 20
Fitting 1 folds for each of 50 candidates, totalling 50 fits
----------
iter: 1
n_candidates: 17
n_resources: 60
Fitting 1 folds for each of 17 candidates, totalling 17 fits
----------
iter: 2
n_candidates: 6
n_resources: 180
Fitting 1 folds for each of 6 candidates, totalling 6 fits
----------
iter: 3
n_candidates: 2
n_resources: 540
Fitting 1 folds for each of 2 candidates, totalling 2 fits
      -> [KNN + Jittering Set 2] Acc: 0.9279, F1: 0.9282, Time: 0.51s
n_iterations: 4
n_required_iterations: 4
n_possible_iterations: 8
min_resources_: 20
max_resources_: 60000
aggressive_elimination: False
factor: 3
----------
iter: 0
n_candidates: 50
n_resources: 20
Fitting 1 folds for each of 50 candidates, totalling 50 fits
----------
iter: 1
n_candidates: 17
n_resources: 60
Fitting 1 folds for each of 17 candidates, totalling 17 fits
----------
iter: 2
n_candidates: 6
n_resources: 180
Fitting 1 folds for each of 6 candidates, totalling 6 fits
----------
iter: 3
n_candidates: 2
n_resources: 540
Fitting 1 folds for each of 2 candidates, totalling 2 fits
      -> [RandomForest + Jittering Set 2] Acc: 0.9244, F1: 0.9247, Time: 6.39s
n_iterations: 4
n_required_iterations: 4
n_possible_iterations: 8
min_resources_: 20
max_resources_: 60000
aggressive_elimination: False
factor: 3
----------
iter: 0
n_candidates: 50
n_resources: 20
Fitting 1 folds for each of 50 candidates, totalling 50 fits
----------
iter: 1
n_candidates: 17
n_resources: 60
Fitting 1 folds for each of 17 candidates, totalling 17 fits
----------
iter: 2
n_candidates: 6
n_resources: 180
Fitting 1 folds for each of 6 candidates, totalling 6 fits
----------
iter: 3
n_candidates: 2
n_resources: 540
Fitting 1 folds for each of 2 candidates, totalling 2 fits
      -> [LinearSVC + Jittering Set 2] Acc: 0.6214, F1: 0.5908, Time: 0.99s
n_iterations: 4
n_required_iterations: 4
n_possible_iterations: 8
min_resources_: 20
max_resources_: 60000
aggressive_elimination: False
factor: 3
----------
iter: 0
n_candidates: 50
n_resources: 20
Fitting 1 folds for each of 50 candidates, totalling 50 fits
----------
iter: 1
n_candidates: 17
n_resources: 60
Fitting 1 folds for each of 17 candidates, totalling 17 fits
----------
iter: 2
n_candidates: 6
n_resources: 180
Fitting 1 folds for each of 6 candidates, totalling 6 fits
----------
iter: 3
n_candidates: 2
n_resources: 540
Fitting 1 folds for each of 2 candidates, totalling 2 fits
      -> [LogisticRegression + Jittering Set 2] Acc: 0.7556, F1: 0.7524, Time: 1.82s
      -> [RNN + Jittering Set 2] Acc: 0.4444, F1: 0.3141, Time: 145.09s
    [=== Generating 2x synthetic data with Jittering (Set 3, Params: {'sigma': 0.05}) ===]
n_iterations: 4
n_required_iterations: 4
n_possible_iterations: 8
min_resources_: 20
max_resources_: 60000
aggressive_elimination: False
factor: 3
----------
iter: 0
n_candidates: 50
n_resources: 20
Fitting 1 folds for each of 50 candidates, totalling 50 fits
----------
iter: 1
n_candidates: 17
n_resources: 60
Fitting 1 folds for each of 17 candidates, totalling 17 fits
----------
iter: 2
n_candidates: 6
n_resources: 180
Fitting 1 folds for each of 6 candidates, totalling 6 fits
----------
iter: 3
n_candidates: 2
n_resources: 540
Fitting 1 folds for each of 2 candidates, totalling 2 fits
      -> [KNN + Jittering Set 3] Acc: 0.9288, F1: 0.9291, Time: 0.45s
n_iterations: 4
n_required_iterations: 4
n_possible_iterations: 8
min_resources_: 20
max_resources_: 60000
aggressive_elimination: False
factor: 3
----------
iter: 0
n_candidates: 50
n_resources: 20
Fitting 1 folds for each of 50 candidates, totalling 50 fits
----------
iter: 1
n_candidates: 17
n_resources: 60
Fitting 1 folds for each of 17 candidates, totalling 17 fits
----------
iter: 2
n_candidates: 6
n_resources: 180
Fitting 1 folds for each of 6 candidates, totalling 6 fits
----------
iter: 3
n_candidates: 2
n_resources: 540
Fitting 1 folds for each of 2 candidates, totalling 2 fits
      -> [RandomForest + Jittering Set 3] Acc: 0.9244, F1: 0.9248, Time: 19.82s
n_iterations: 4
n_required_iterations: 4
n_possible_iterations: 8
min_resources_: 20
max_resources_: 60000
aggressive_elimination: False
factor: 3
----------
iter: 0
n_candidates: 50
n_resources: 20
Fitting 1 folds for each of 50 candidates, totalling 50 fits
----------
iter: 1
n_candidates: 17
n_resources: 60
Fitting 1 folds for each of 17 candidates, totalling 17 fits
----------
iter: 2
n_candidates: 6
n_resources: 180
Fitting 1 folds for each of 6 candidates, totalling 6 fits
----------
iter: 3
n_candidates: 2
n_resources: 540
Fitting 1 folds for each of 2 candidates, totalling 2 fits
      -> [LinearSVC + Jittering Set 3] Acc: 0.6198, F1: 0.5886, Time: 1.03s
n_iterations: 4
n_required_iterations: 4
n_possible_iterations: 8
min_resources_: 20
max_resources_: 60000
aggressive_elimination: False
factor: 3
----------
iter: 0
n_candidates: 50
n_resources: 20
Fitting 1 folds for each of 50 candidates, totalling 50 fits
----------
iter: 1
n_candidates: 17
n_resources: 60
Fitting 1 folds for each of 17 candidates, totalling 17 fits
----------
iter: 2
n_candidates: 6
n_resources: 180
Fitting 1 folds for each of 6 candidates, totalling 6 fits
----------
iter: 3
n_candidates: 2
n_resources: 540
Fitting 1 folds for each of 2 candidates, totalling 2 fits
      -> [LogisticRegression + Jittering Set 3] Acc: 0.7519, F1: 0.7491, Time: 2.97s
      -> [RNN + Jittering Set 3] Acc: 0.3556, F1: 0.2717, Time: 158.31s
    [=== Generating 2x synthetic data with Jittering (Set 4, Params: {'sigma': 0.1}) ===]
n_iterations: 4
n_required_iterations: 4
n_possible_iterations: 8
min_resources_: 20
max_resources_: 60000
aggressive_elimination: False
factor: 3
----------
iter: 0
n_candidates: 50
n_resources: 20
Fitting 1 folds for each of 50 candidates, totalling 50 fits
----------
iter: 1
n_candidates: 17
n_resources: 60
Fitting 1 folds for each of 17 candidates, totalling 17 fits
----------
iter: 2
n_candidates: 6
n_resources: 180
Fitting 1 folds for each of 6 candidates, totalling 6 fits
----------
iter: 3
n_candidates: 2
n_resources: 540
Fitting 1 folds for each of 2 candidates, totalling 2 fits
      -> [KNN + Jittering Set 4] Acc: 0.9229, F1: 0.9230, Time: 0.52s
n_iterations: 4
n_required_iterations: 4
n_possible_iterations: 8
min_resources_: 20
max_resources_: 60000
aggressive_elimination: False
factor: 3
----------
iter: 0
n_candidates: 50
n_resources: 20
Fitting 1 folds for each of 50 candidates, totalling 50 fits
----------
iter: 1
n_candidates: 17
n_resources: 60
Fitting 1 folds for each of 17 candidates, totalling 17 fits
----------
iter: 2
n_candidates: 6
n_resources: 180
Fitting 1 folds for each of 6 candidates, totalling 6 fits
----------
iter: 3
n_candidates: 2
n_resources: 540
Fitting 1 folds for each of 2 candidates, totalling 2 fits
      -> [RandomForest + Jittering Set 4] Acc: 0.9180, F1: 0.9183, Time: 18.42s
n_iterations: 4
n_required_iterations: 4
n_possible_iterations: 8
min_resources_: 20
max_resources_: 60000
aggressive_elimination: False
factor: 3
----------
iter: 0
n_candidates: 50
n_resources: 20
Fitting 1 folds for each of 50 candidates, totalling 50 fits
----------
iter: 1
n_candidates: 17
n_resources: 60
Fitting 1 folds for each of 17 candidates, totalling 17 fits
----------
iter: 2
n_candidates: 6
n_resources: 180
Fitting 1 folds for each of 6 candidates, totalling 6 fits
----------
iter: 3
n_candidates: 2
n_resources: 540
Fitting 1 folds for each of 2 candidates, totalling 2 fits
      -> [LinearSVC + Jittering Set 4] Acc: 0.6513, F1: 0.6286, Time: 0.26s
n_iterations: 4
n_required_iterations: 4
n_possible_iterations: 8
min_resources_: 20
max_resources_: 60000
aggressive_elimination: False
factor: 3
----------
iter: 0
n_candidates: 50
n_resources: 20
Fitting 1 folds for each of 50 candidates, totalling 50 fits
----------
iter: 1
n_candidates: 17
n_resources: 60
Fitting 1 folds for each of 17 candidates, totalling 17 fits
----------
iter: 2
n_candidates: 6
n_resources: 180
Fitting 1 folds for each of 6 candidates, totalling 6 fits
----------
iter: 3
n_candidates: 2
n_resources: 540
Fitting 1 folds for each of 2 candidates, totalling 2 fits
      -> [LogisticRegression + Jittering Set 4] Acc: 0.7233, F1: 0.7229, Time: 0.42s
      -> [RNN + Jittering Set 4] Acc: 0.5111, F1: 0.4153, Time: 158.31s
    [=== Generating 2x synthetic data with Jittering (Set 5, Params: {'sigma': 0.15}) ===]
n_iterations: 4
n_required_iterations: 4
n_possible_iterations: 8
min_resources_: 20
max_resources_: 60000
aggressive_elimination: False
factor: 3
----------
iter: 0
n_candidates: 50
n_resources: 20
Fitting 1 folds for each of 50 candidates, totalling 50 fits
----------
iter: 1
n_candidates: 17
n_resources: 60
Fitting 1 folds for each of 17 candidates, totalling 17 fits
----------
iter: 2
n_candidates: 6
n_resources: 180
Fitting 1 folds for each of 6 candidates, totalling 6 fits
----------
iter: 3
n_candidates: 2
n_resources: 540
Fitting 1 folds for each of 2 candidates, totalling 2 fits
      -> [KNN + Jittering Set 5] Acc: 0.9213, F1: 0.9218, Time: 0.14s
n_iterations: 4
n_required_iterations: 4
n_possible_iterations: 8
min_resources_: 20
max_resources_: 60000
aggressive_elimination: False
factor: 3
----------
iter: 0
n_candidates: 50
n_resources: 20
Fitting 1 folds for each of 50 candidates, totalling 50 fits
----------
iter: 1
n_candidates: 17
n_resources: 60
Fitting 1 folds for each of 17 candidates, totalling 17 fits
----------
iter: 2
n_candidates: 6
n_resources: 180
Fitting 1 folds for each of 6 candidates, totalling 6 fits
----------
iter: 3
n_candidates: 2
n_resources: 540
Fitting 1 folds for each of 2 candidates, totalling 2 fits
      -> [RandomForest + Jittering Set 5] Acc: 0.7789, F1: 0.7800, Time: 9.26s
n_iterations: 4
n_required_iterations: 4
n_possible_iterations: 8
min_resources_: 20
max_resources_: 60000
aggressive_elimination: False
factor: 3
----------
iter: 0
n_candidates: 50
n_resources: 20
Fitting 1 folds for each of 50 candidates, totalling 50 fits
----------
iter: 1
n_candidates: 17
n_resources: 60
Fitting 1 folds for each of 17 candidates, totalling 17 fits
----------
iter: 2
n_candidates: 6
n_resources: 180
Fitting 1 folds for each of 6 candidates, totalling 6 fits
----------
iter: 3
n_candidates: 2
n_resources: 540
Fitting 1 folds for each of 2 candidates, totalling 2 fits
      -> [LinearSVC + Jittering Set 5] Acc: 0.6254, F1: 0.5951, Time: 0.25s
n_iterations: 4
n_required_iterations: 4
n_possible_iterations: 8
min_resources_: 20
max_resources_: 60000
aggressive_elimination: False
factor: 3
----------
iter: 0
n_candidates: 50
n_resources: 20
Fitting 1 folds for each of 50 candidates, totalling 50 fits
----------
iter: 1
n_candidates: 17
n_resources: 60
Fitting 1 folds for each of 17 candidates, totalling 17 fits
----------
iter: 2
n_candidates: 6
n_resources: 180
Fitting 1 folds for each of 6 candidates, totalling 6 fits
----------
iter: 3
n_candidates: 2
n_resources: 540
Fitting 1 folds for each of 2 candidates, totalling 2 fits
      -> [LogisticRegression + Jittering Set 5] Acc: 0.6983, F1: 0.6987, Time: 0.55s
      -> [RNN + Jittering Set 5] Acc: 0.2000, F1: 0.0785, Time: 160.18s
    [=== Generating 3x synthetic data with Jittering (Set 1, Params: {'sigma': 0.01}) ===]
n_iterations: 4
n_required_iterations: 4
n_possible_iterations: 8
min_resources_: 20
max_resources_: 80000
aggressive_elimination: False
factor: 3
----------
iter: 0
n_candidates: 50
n_resources: 20
Fitting 1 folds for each of 50 candidates, totalling 50 fits
----------
iter: 1
n_candidates: 17
n_resources: 60
Fitting 1 folds for each of 17 candidates, totalling 17 fits
----------
iter: 2
n_candidates: 6
n_resources: 180
Fitting 1 folds for each of 6 candidates, totalling 6 fits
----------
iter: 3
n_candidates: 2
n_resources: 540
Fitting 1 folds for each of 2 candidates, totalling 2 fits
      -> [KNN + Jittering Set 1] Acc: 0.9213, F1: 0.9217, Time: 0.15s
n_iterations: 4
n_required_iterations: 4
n_possible_iterations: 8
min_resources_: 20
max_resources_: 80000
aggressive_elimination: False
factor: 3
----------
iter: 0
n_candidates: 50
n_resources: 20
Fitting 1 folds for each of 50 candidates, totalling 50 fits
----------
iter: 1
n_candidates: 17
n_resources: 60
Fitting 1 folds for each of 17 candidates, totalling 17 fits
----------
iter: 2
n_candidates: 6
n_resources: 180
Fitting 1 folds for each of 6 candidates, totalling 6 fits
----------
iter: 3
n_candidates: 2
n_resources: 540
Fitting 1 folds for each of 2 candidates, totalling 2 fits
      -> [RandomForest + Jittering Set 1] Acc: 0.9186, F1: 0.9189, Time: 25.72s
n_iterations: 4
n_required_iterations: 4
n_possible_iterations: 8
min_resources_: 20
max_resources_: 80000
aggressive_elimination: False
factor: 3
----------
iter: 0
n_candidates: 50
n_resources: 20
Fitting 1 folds for each of 50 candidates, totalling 50 fits
----------
iter: 1
n_candidates: 17
n_resources: 60
Fitting 1 folds for each of 17 candidates, totalling 17 fits
----------
iter: 2
n_candidates: 6
n_resources: 180
Fitting 1 folds for each of 6 candidates, totalling 6 fits
----------
iter: 3
n_candidates: 2
n_resources: 540
Fitting 1 folds for each of 2 candidates, totalling 2 fits
      -> [LinearSVC + Jittering Set 1] Acc: 0.6220, F1: 0.5911, Time: 1.51s
n_iterations: 4
n_required_iterations: 4
n_possible_iterations: 8
min_resources_: 20
max_resources_: 80000
aggressive_elimination: False
factor: 3
----------
iter: 0
n_candidates: 50
n_resources: 20
Fitting 1 folds for each of 50 candidates, totalling 50 fits
----------
iter: 1
n_candidates: 17
n_resources: 60
Fitting 1 folds for each of 17 candidates, totalling 17 fits
----------
iter: 2
n_candidates: 6
n_resources: 180
Fitting 1 folds for each of 6 candidates, totalling 6 fits
----------
iter: 3
n_candidates: 2
n_resources: 540
Fitting 1 folds for each of 2 candidates, totalling 2 fits
      -> [LogisticRegression + Jittering Set 1] Acc: 0.7560, F1: 0.7527, Time: 4.50s
      -> [RNN + Jittering Set 1] Acc: 0.6556, F1: 0.5819, Time: 242.33s
    [=== Generating 3x synthetic data with Jittering (Set 2, Params: {'sigma': 0.03}) ===]
n_iterations: 4
n_required_iterations: 4
n_possible_iterations: 8
min_resources_: 20
max_resources_: 80000
aggressive_elimination: False
factor: 3
----------
iter: 0
n_candidates: 50
n_resources: 20
Fitting 1 folds for each of 50 candidates, totalling 50 fits
----------
iter: 1
n_candidates: 17
n_resources: 60
Fitting 1 folds for each of 17 candidates, totalling 17 fits
----------
iter: 2
n_candidates: 6
n_resources: 180
Fitting 1 folds for each of 6 candidates, totalling 6 fits
----------
iter: 3
n_candidates: 2
n_resources: 540
Fitting 1 folds for each of 2 candidates, totalling 2 fits
      -> [KNN + Jittering Set 2] Acc: 0.9264, F1: 0.9269, Time: 0.77s
n_iterations: 4
n_required_iterations: 4
n_possible_iterations: 8
min_resources_: 20
max_resources_: 80000
aggressive_elimination: False
factor: 3
----------
iter: 0
n_candidates: 50
n_resources: 20
Fitting 1 folds for each of 50 candidates, totalling 50 fits
----------
iter: 1
n_candidates: 17
n_resources: 60
Fitting 1 folds for each of 17 candidates, totalling 17 fits
----------
iter: 2
n_candidates: 6
n_resources: 180
Fitting 1 folds for each of 6 candidates, totalling 6 fits
----------
iter: 3
n_candidates: 2
n_resources: 540
Fitting 1 folds for each of 2 candidates, totalling 2 fits
      -> [RandomForest + Jittering Set 2] Acc: 0.9242, F1: 0.9244, Time: 10.05s
n_iterations: 4
n_required_iterations: 4
n_possible_iterations: 8
min_resources_: 20
max_resources_: 80000
aggressive_elimination: False
factor: 3
----------
iter: 0
n_candidates: 50
n_resources: 20
Fitting 1 folds for each of 50 candidates, totalling 50 fits
----------
iter: 1
n_candidates: 17
n_resources: 60
Fitting 1 folds for each of 17 candidates, totalling 17 fits
----------
iter: 2
n_candidates: 6
n_resources: 180
Fitting 1 folds for each of 6 candidates, totalling 6 fits
----------
iter: 3
n_candidates: 2
n_resources: 540
Fitting 1 folds for each of 2 candidates, totalling 2 fits
      -> [LinearSVC + Jittering Set 2] Acc: 0.6208, F1: 0.5896, Time: 1.58s
n_iterations: 4
n_required_iterations: 4
n_possible_iterations: 8
min_resources_: 20
max_resources_: 80000
aggressive_elimination: False
factor: 3
----------
iter: 0
n_candidates: 50
n_resources: 20
Fitting 1 folds for each of 50 candidates, totalling 50 fits
----------
iter: 1
n_candidates: 17
n_resources: 60
Fitting 1 folds for each of 17 candidates, totalling 17 fits
----------
iter: 2
n_candidates: 6
n_resources: 180
Fitting 1 folds for each of 6 candidates, totalling 6 fits
----------
iter: 3
n_candidates: 2
n_resources: 540
Fitting 1 folds for each of 2 candidates, totalling 2 fits
      -> [LogisticRegression + Jittering Set 2] Acc: 0.7550, F1: 0.7519, Time: 3.19s
      -> [RNN + Jittering Set 2] Acc: 0.5556, F1: 0.5047, Time: 212.63s
    [=== Generating 3x synthetic data with Jittering (Set 3, Params: {'sigma': 0.05}) ===]
n_iterations: 4
n_required_iterations: 4
n_possible_iterations: 8
min_resources_: 20
max_resources_: 80000
aggressive_elimination: False
factor: 3
----------
iter: 0
n_candidates: 50
n_resources: 20
Fitting 1 folds for each of 50 candidates, totalling 50 fits
----------
iter: 1
n_candidates: 17
n_resources: 60
Fitting 1 folds for each of 17 candidates, totalling 17 fits
----------
iter: 2
n_candidates: 6
n_resources: 180
Fitting 1 folds for each of 6 candidates, totalling 6 fits
----------
iter: 3
n_candidates: 2
n_resources: 540
Fitting 1 folds for each of 2 candidates, totalling 2 fits
      -> [KNN + Jittering Set 3] Acc: 0.9217, F1: 0.9220, Time: 0.67s
n_iterations: 4
n_required_iterations: 4
n_possible_iterations: 8
min_resources_: 20
max_resources_: 80000
aggressive_elimination: False
factor: 3
----------
iter: 0
n_candidates: 50
n_resources: 20
Fitting 1 folds for each of 50 candidates, totalling 50 fits
----------
iter: 1
n_candidates: 17
n_resources: 60
Fitting 1 folds for each of 17 candidates, totalling 17 fits
----------
iter: 2
n_candidates: 6
n_resources: 180
Fitting 1 folds for each of 6 candidates, totalling 6 fits
----------
iter: 3
n_candidates: 2
n_resources: 540
Fitting 1 folds for each of 2 candidates, totalling 2 fits
      -> [RandomForest + Jittering Set 3] Acc: 0.9237, F1: 0.9240, Time: 29.33s
n_iterations: 4
n_required_iterations: 4
n_possible_iterations: 8
min_resources_: 20
max_resources_: 80000
aggressive_elimination: False
factor: 3
----------
iter: 0
n_candidates: 50
n_resources: 20
Fitting 1 folds for each of 50 candidates, totalling 50 fits
----------
iter: 1
n_candidates: 17
n_resources: 60
Fitting 1 folds for each of 17 candidates, totalling 17 fits
----------
iter: 2
n_candidates: 6
n_resources: 180
Fitting 1 folds for each of 6 candidates, totalling 6 fits
----------
iter: 3
n_candidates: 2
n_resources: 540
Fitting 1 folds for each of 2 candidates, totalling 2 fits
      -> [LinearSVC + Jittering Set 3] Acc: 0.6202, F1: 0.5889, Time: 1.59s
n_iterations: 4
n_required_iterations: 4
n_possible_iterations: 8
min_resources_: 20
max_resources_: 80000
aggressive_elimination: False
factor: 3
----------
iter: 0
n_candidates: 50
n_resources: 20
Fitting 1 folds for each of 50 candidates, totalling 50 fits
----------
iter: 1
n_candidates: 17
n_resources: 60
Fitting 1 folds for each of 17 candidates, totalling 17 fits
----------
iter: 2
n_candidates: 6
n_resources: 180
Fitting 1 folds for each of 6 candidates, totalling 6 fits
----------
iter: 3
n_candidates: 2
n_resources: 540
Fitting 1 folds for each of 2 candidates, totalling 2 fits
      -> [LogisticRegression + Jittering Set 3] Acc: 0.7508, F1: 0.7490, Time: 2.07s
      -> [RNN + Jittering Set 3] Acc: 0.4222, F1: 0.3081, Time: 1.82s
    [=== Generating 3x synthetic data with Jittering (Set 4, Params: {'sigma': 0.1}) ===]
n_iterations: 4
n_required_iterations: 4
n_possible_iterations: 8
min_resources_: 20
max_resources_: 80000
aggressive_elimination: False
factor: 3
----------
iter: 0
n_candidates: 50
n_resources: 20
Fitting 1 folds for each of 50 candidates, totalling 50 fits
----------
iter: 1
n_candidates: 17
n_resources: 60
Fitting 1 folds for each of 17 candidates, totalling 17 fits
----------
iter: 2
n_candidates: 6
n_resources: 180
Fitting 1 folds for each of 6 candidates, totalling 6 fits
----------
iter: 3
n_candidates: 2
n_resources: 540
Fitting 1 folds for each of 2 candidates, totalling 2 fits
      -> [KNN + Jittering Set 4] Acc: 0.9249, F1: 0.9251, Time: 0.85s
n_iterations: 4
n_required_iterations: 4
n_possible_iterations: 8
min_resources_: 20
max_resources_: 80000
aggressive_elimination: False
factor: 3
----------
iter: 0
n_candidates: 50
n_resources: 20
Fitting 1 folds for each of 50 candidates, totalling 50 fits
----------
iter: 1
n_candidates: 17
n_resources: 60
Fitting 1 folds for each of 17 candidates, totalling 17 fits
----------
iter: 2
n_candidates: 6
n_resources: 180
Fitting 1 folds for each of 6 candidates, totalling 6 fits
----------
iter: 3
n_candidates: 2
n_resources: 540
Fitting 1 folds for each of 2 candidates, totalling 2 fits
      -> [RandomForest + Jittering Set 4] Acc: 0.9192, F1: 0.9194, Time: 11.15s
n_iterations: 4
n_required_iterations: 4
n_possible_iterations: 8
min_resources_: 20
max_resources_: 80000
aggressive_elimination: False
factor: 3
----------
iter: 0
n_candidates: 50
n_resources: 20
Fitting 1 folds for each of 50 candidates, totalling 50 fits
----------
iter: 1
n_candidates: 17
n_resources: 60
Fitting 1 folds for each of 17 candidates, totalling 17 fits
----------
iter: 2
n_candidates: 6
n_resources: 180
Fitting 1 folds for each of 6 candidates, totalling 6 fits
----------
iter: 3
n_candidates: 2
n_resources: 540
Fitting 1 folds for each of 2 candidates, totalling 2 fits
      -> [LinearSVC + Jittering Set 4] Acc: 0.6187, F1: 0.5877, Time: 1.84s
n_iterations: 4
n_required_iterations: 4
n_possible_iterations: 8
min_resources_: 20
max_resources_: 80000
aggressive_elimination: False
factor: 3
----------
iter: 0
n_candidates: 50
n_resources: 20
Fitting 1 folds for each of 50 candidates, totalling 50 fits
----------
iter: 1
n_candidates: 17
n_resources: 60
Fitting 1 folds for each of 17 candidates, totalling 17 fits
----------
iter: 2
n_candidates: 6
n_resources: 180
Fitting 1 folds for each of 6 candidates, totalling 6 fits
----------
iter: 3
n_candidates: 2
n_resources: 540
Fitting 1 folds for each of 2 candidates, totalling 2 fits
      -> [LogisticRegression + Jittering Set 4] Acc: 0.7122, F1: 0.7123, Time: 0.61s
      -> [RNN + Jittering Set 4] Acc: 0.4222, F1: 0.2859, Time: 65.32s
    [=== Generating 3x synthetic data with Jittering (Set 5, Params: {'sigma': 0.15}) ===]
n_iterations: 4
n_required_iterations: 4
n_possible_iterations: 8
min_resources_: 20
max_resources_: 80000
aggressive_elimination: False
factor: 3
----------
iter: 0
n_candidates: 50
n_resources: 20
Fitting 1 folds for each of 50 candidates, totalling 50 fits
----------
iter: 1
n_candidates: 17
n_resources: 60
Fitting 1 folds for each of 17 candidates, totalling 17 fits
----------
iter: 2
n_candidates: 6
n_resources: 180
Fitting 1 folds for each of 6 candidates, totalling 6 fits
----------
iter: 3
n_candidates: 2
n_resources: 540
Fitting 1 folds for each of 2 candidates, totalling 2 fits
      -> [KNN + Jittering Set 5] Acc: 0.9171, F1: 0.9175, Time: 0.18s
n_iterations: 4
n_required_iterations: 4
n_possible_iterations: 8
min_resources_: 20
max_resources_: 80000
aggressive_elimination: False
factor: 3
----------
iter: 0
n_candidates: 50
n_resources: 20
Fitting 1 folds for each of 50 candidates, totalling 50 fits
----------
iter: 1
n_candidates: 17
n_resources: 60
Fitting 1 folds for each of 17 candidates, totalling 17 fits
----------
iter: 2
n_candidates: 6
n_resources: 180
Fitting 1 folds for each of 6 candidates, totalling 6 fits
----------
iter: 3
n_candidates: 2
n_resources: 540
Fitting 1 folds for each of 2 candidates, totalling 2 fits
      -> [RandomForest + Jittering Set 5] Acc: 0.9096, F1: 0.9097, Time: 29.34s
n_iterations: 4
n_required_iterations: 4
n_possible_iterations: 8
min_resources_: 20
max_resources_: 80000
aggressive_elimination: False
factor: 3
----------
iter: 0
n_candidates: 50
n_resources: 20
Fitting 1 folds for each of 50 candidates, totalling 50 fits
----------
iter: 1
n_candidates: 17
n_resources: 60
Fitting 1 folds for each of 17 candidates, totalling 17 fits
----------
iter: 2
n_candidates: 6
n_resources: 180
Fitting 1 folds for each of 6 candidates, totalling 6 fits
----------
iter: 3
n_candidates: 2
n_resources: 540
Fitting 1 folds for each of 2 candidates, totalling 2 fits
      -> [LinearSVC + Jittering Set 5] Acc: 0.6184, F1: 0.5878, Time: 0.34s
n_iterations: 4
n_required_iterations: 4
n_possible_iterations: 8
min_resources_: 20
max_resources_: 80000
aggressive_elimination: False
factor: 3
----------
iter: 0
n_candidates: 50
n_resources: 20
Fitting 1 folds for each of 50 candidates, totalling 50 fits
----------
iter: 1
n_candidates: 17
n_resources: 60
Fitting 1 folds for each of 17 candidates, totalling 17 fits
----------
iter: 2
n_candidates: 6
n_resources: 180
Fitting 1 folds for each of 6 candidates, totalling 6 fits
----------
iter: 3
n_candidates: 2
n_resources: 540
Fitting 1 folds for each of 2 candidates, totalling 2 fits
      -> [LogisticRegression + Jittering Set 5] Acc: 0.6886, F1: 0.6887, Time: 0.67s
      -> [RNN + Jittering Set 5] Acc: 0.4556, F1: 0.3399, Time: 19.85s
    [=== Generating 5x synthetic data with Jittering (Set 1, Params: {'sigma': 0.01}) ===]
n_iterations: 4
n_required_iterations: 4
n_possible_iterations: 8
min_resources_: 20
max_resources_: 120000
aggressive_elimination: False
factor: 3
----------
iter: 0
n_candidates: 50
n_resources: 20
Fitting 1 folds for each of 50 candidates, totalling 50 fits
----------
iter: 1
n_candidates: 17
n_resources: 60
Fitting 1 folds for each of 17 candidates, totalling 17 fits
----------
iter: 2
n_candidates: 6
n_resources: 180
Fitting 1 folds for each of 6 candidates, totalling 6 fits
----------
iter: 3
n_candidates: 2
n_resources: 540
Fitting 1 folds for each of 2 candidates, totalling 2 fits
      -> [KNN + Jittering Set 1] Acc: 0.9229, F1: 0.9231, Time: 0.47s
n_iterations: 4
n_required_iterations: 4
n_possible_iterations: 8
min_resources_: 20
max_resources_: 120000
aggressive_elimination: False
factor: 3
----------
iter: 0
n_candidates: 50
n_resources: 20
Fitting 1 folds for each of 50 candidates, totalling 50 fits
----------
iter: 1
n_candidates: 17
n_resources: 60
Fitting 1 folds for each of 17 candidates, totalling 17 fits
----------
iter: 2
n_candidates: 6
n_resources: 180
Fitting 1 folds for each of 6 candidates, totalling 6 fits
----------
iter: 3
n_candidates: 2
n_resources: 540
Fitting 1 folds for each of 2 candidates, totalling 2 fits
      -> [RandomForest + Jittering Set 1] Acc: 0.9218, F1: 0.9220, Time: 48.57s
n_iterations: 4
n_required_iterations: 4
n_possible_iterations: 8
min_resources_: 20
max_resources_: 120000
aggressive_elimination: False
factor: 3
----------
iter: 0
n_candidates: 50
n_resources: 20
Fitting 1 folds for each of 50 candidates, totalling 50 fits
----------
iter: 1
n_candidates: 17
n_resources: 60
Fitting 1 folds for each of 17 candidates, totalling 17 fits
----------
iter: 2
n_candidates: 6
n_resources: 180
Fitting 1 folds for each of 6 candidates, totalling 6 fits
----------
iter: 3
n_candidates: 2
n_resources: 540
Fitting 1 folds for each of 2 candidates, totalling 2 fits
      -> [LinearSVC + Jittering Set 1] Acc: 0.6999, F1: 0.6837, Time: 0.66s
n_iterations: 4
n_required_iterations: 4
n_possible_iterations: 8
min_resources_: 20
max_resources_: 120000
aggressive_elimination: False
factor: 3
----------
iter: 0
n_candidates: 50
n_resources: 20
Fitting 1 folds for each of 50 candidates, totalling 50 fits
----------
iter: 1
n_candidates: 17
n_resources: 60
Fitting 1 folds for each of 17 candidates, totalling 17 fits
----------
iter: 2
n_candidates: 6
n_resources: 180
Fitting 1 folds for each of 6 candidates, totalling 6 fits
----------
iter: 3
n_candidates: 2
n_resources: 540
Fitting 1 folds for each of 2 candidates, totalling 2 fits
      -> [LogisticRegression + Jittering Set 1] Acc: 0.7557, F1: 0.7523, Time: 4.16s
      -> [RNN + Jittering Set 1] Acc: 0.5667, F1: 0.5298, Time: 401.05s
    [=== Generating 5x synthetic data with Jittering (Set 2, Params: {'sigma': 0.03}) ===]
n_iterations: 4
n_required_iterations: 4
n_possible_iterations: 8
min_resources_: 20
max_resources_: 120000
aggressive_elimination: False
factor: 3
----------
iter: 0
n_candidates: 50
n_resources: 20
Fitting 1 folds for each of 50 candidates, totalling 50 fits
----------
iter: 1
n_candidates: 17
n_resources: 60
Fitting 1 folds for each of 17 candidates, totalling 17 fits
----------
iter: 2
n_candidates: 6
n_resources: 180
Fitting 1 folds for each of 6 candidates, totalling 6 fits
----------
iter: 3
n_candidates: 2
n_resources: 540
Fitting 1 folds for each of 2 candidates, totalling 2 fits
      -> [KNN + Jittering Set 2] Acc: 0.9248, F1: 0.9250, Time: 0.67s
n_iterations: 4
n_required_iterations: 4
n_possible_iterations: 8
min_resources_: 20
max_resources_: 120000
aggressive_elimination: False
factor: 3
----------
iter: 0
n_candidates: 50
n_resources: 20
Fitting 1 folds for each of 50 candidates, totalling 50 fits
----------
iter: 1
n_candidates: 17
n_resources: 60
Fitting 1 folds for each of 17 candidates, totalling 17 fits
----------
iter: 2
n_candidates: 6
n_resources: 180
Fitting 1 folds for each of 6 candidates, totalling 6 fits
----------
iter: 3
n_candidates: 2
n_resources: 540
Fitting 1 folds for each of 2 candidates, totalling 2 fits
      -> [RandomForest + Jittering Set 2] Acc: 0.7891, F1: 0.7913, Time: 11.79s
n_iterations: 4
n_required_iterations: 4
n_possible_iterations: 8
min_resources_: 20
max_resources_: 120000
aggressive_elimination: False
factor: 3
----------
iter: 0
n_candidates: 50
n_resources: 20
Fitting 1 folds for each of 50 candidates, totalling 50 fits
----------
iter: 1
n_candidates: 17
n_resources: 60
Fitting 1 folds for each of 17 candidates, totalling 17 fits
----------
iter: 2
n_candidates: 6
n_resources: 180
Fitting 1 folds for each of 6 candidates, totalling 6 fits
----------
iter: 3
n_candidates: 2
n_resources: 540
Fitting 1 folds for each of 2 candidates, totalling 2 fits
      -> [LinearSVC + Jittering Set 2] Acc: 0.6204, F1: 0.5895, Time: 2.73s
n_iterations: 4
n_required_iterations: 4
n_possible_iterations: 8
min_resources_: 20
max_resources_: 120000
aggressive_elimination: False
factor: 3
----------
iter: 0
n_candidates: 50
n_resources: 20
Fitting 1 folds for each of 50 candidates, totalling 50 fits
----------
iter: 1
n_candidates: 17
n_resources: 60
Fitting 1 folds for each of 17 candidates, totalling 17 fits
----------
iter: 2
n_candidates: 6
n_resources: 180
Fitting 1 folds for each of 6 candidates, totalling 6 fits
----------
iter: 3
n_candidates: 2
n_resources: 540
Fitting 1 folds for each of 2 candidates, totalling 2 fits
      -> [LogisticRegression + Jittering Set 2] Acc: 0.7540, F1: 0.7509, Time: 1.81s
      -> [RNN + Jittering Set 2] Acc: 0.2556, F1: 0.1916, Time: 393.26s
    [=== Generating 5x synthetic data with Jittering (Set 3, Params: {'sigma': 0.05}) ===]
n_iterations: 4
n_required_iterations: 4
n_possible_iterations: 8
min_resources_: 20
max_resources_: 120000
aggressive_elimination: False
factor: 3
----------
iter: 0
n_candidates: 50
n_resources: 20
Fitting 1 folds for each of 50 candidates, totalling 50 fits
----------
iter: 1
n_candidates: 17
n_resources: 60
Fitting 1 folds for each of 17 candidates, totalling 17 fits
----------
iter: 2
n_candidates: 6
n_resources: 180
Fitting 1 folds for each of 6 candidates, totalling 6 fits
----------
iter: 3
n_candidates: 2
n_resources: 540
Fitting 1 folds for each of 2 candidates, totalling 2 fits
      -> [KNN + Jittering Set 3] Acc: 0.9213, F1: 0.9215, Time: 0.36s
n_iterations: 4
n_required_iterations: 4
n_possible_iterations: 8
min_resources_: 20
max_resources_: 120000
aggressive_elimination: False
factor: 3
----------
iter: 0
n_candidates: 50
n_resources: 20
Fitting 1 folds for each of 50 candidates, totalling 50 fits
----------
iter: 1
n_candidates: 17
n_resources: 60
Fitting 1 folds for each of 17 candidates, totalling 17 fits
----------
iter: 2
n_candidates: 6
n_resources: 180
Fitting 1 folds for each of 6 candidates, totalling 6 fits
----------
iter: 3
n_candidates: 2
n_resources: 540
Fitting 1 folds for each of 2 candidates, totalling 2 fits
      -> [RandomForest + Jittering Set 3] Acc: 0.9231, F1: 0.9234, Time: 17.33s
n_iterations: 4
n_required_iterations: 4
n_possible_iterations: 8
min_resources_: 20
max_resources_: 120000
aggressive_elimination: False
factor: 3
----------
iter: 0
n_candidates: 50
n_resources: 20
Fitting 1 folds for each of 50 candidates, totalling 50 fits
----------
iter: 1
n_candidates: 17
n_resources: 60
Fitting 1 folds for each of 17 candidates, totalling 17 fits
----------
iter: 2
n_candidates: 6
n_resources: 180
Fitting 1 folds for each of 6 candidates, totalling 6 fits
----------
iter: 3
n_candidates: 2
n_resources: 540
Fitting 1 folds for each of 2 candidates, totalling 2 fits
      -> [LinearSVC + Jittering Set 3] Acc: 0.6870, F1: 0.6676, Time: 0.61s
n_iterations: 4
n_required_iterations: 4
n_possible_iterations: 8
min_resources_: 20
max_resources_: 120000
aggressive_elimination: False
factor: 3
----------
iter: 0
n_candidates: 50
n_resources: 20
Fitting 1 folds for each of 50 candidates, totalling 50 fits
----------
iter: 1
n_candidates: 17
n_resources: 60
Fitting 1 folds for each of 17 candidates, totalling 17 fits
----------
iter: 2
n_candidates: 6
n_resources: 180
Fitting 1 folds for each of 6 candidates, totalling 6 fits
----------
iter: 3
n_candidates: 2
n_resources: 540
Fitting 1 folds for each of 2 candidates, totalling 2 fits
      -> [LogisticRegression + Jittering Set 3] Acc: 0.7457, F1: 0.7441, Time: 1.03s
      -> [RNN + Jittering Set 3] Acc: 0.6000, F1: 0.5656, Time: 9.88s
    [=== Generating 5x synthetic data with Jittering (Set 4, Params: {'sigma': 0.1}) ===]
n_iterations: 4
n_required_iterations: 4
n_possible_iterations: 8
min_resources_: 20
max_resources_: 120000
aggressive_elimination: False
factor: 3
----------
iter: 0
n_candidates: 50
n_resources: 20
Fitting 1 folds for each of 50 candidates, totalling 50 fits
----------
iter: 1
n_candidates: 17
n_resources: 60
Fitting 1 folds for each of 17 candidates, totalling 17 fits
----------
iter: 2
n_candidates: 6
n_resources: 180
Fitting 1 folds for each of 6 candidates, totalling 6 fits
----------
iter: 3
n_candidates: 2
n_resources: 540
Fitting 1 folds for each of 2 candidates, totalling 2 fits
      -> [KNN + Jittering Set 4] Acc: 0.9104, F1: 0.9107, Time: 0.71s
n_iterations: 4
n_required_iterations: 4
n_possible_iterations: 8
min_resources_: 20
max_resources_: 120000
aggressive_elimination: False
factor: 3
----------
iter: 0
n_candidates: 50
n_resources: 20
Fitting 1 folds for each of 50 candidates, totalling 50 fits
----------
iter: 1
n_candidates: 17
n_resources: 60
Fitting 1 folds for each of 17 candidates, totalling 17 fits
----------
iter: 2
n_candidates: 6
n_resources: 180
Fitting 1 folds for each of 6 candidates, totalling 6 fits
----------
iter: 3
n_candidates: 2
n_resources: 540
Fitting 1 folds for each of 2 candidates, totalling 2 fits
      -> [RandomForest + Jittering Set 4] Acc: 0.9097, F1: 0.9099, Time: 17.81s
n_iterations: 4
n_required_iterations: 4
n_possible_iterations: 8
min_resources_: 20
max_resources_: 120000
aggressive_elimination: False
factor: 3
----------
iter: 0
n_candidates: 50
n_resources: 20
Fitting 1 folds for each of 50 candidates, totalling 50 fits
----------
iter: 1
n_candidates: 17
n_resources: 60
Fitting 1 folds for each of 17 candidates, totalling 17 fits
----------
iter: 2
n_candidates: 6
n_resources: 180
Fitting 1 folds for each of 6 candidates, totalling 6 fits
----------
iter: 3
n_candidates: 2
n_resources: 540
Fitting 1 folds for each of 2 candidates, totalling 2 fits
      -> [LinearSVC + Jittering Set 4] Acc: 0.6372, F1: 0.6112, Time: 0.62s
n_iterations: 4
n_required_iterations: 4
n_possible_iterations: 8
min_resources_: 20
max_resources_: 120000
aggressive_elimination: False
factor: 3
----------
iter: 0
n_candidates: 50
n_resources: 20
Fitting 1 folds for each of 50 candidates, totalling 50 fits
----------
iter: 1
n_candidates: 17
n_resources: 60
Fitting 1 folds for each of 17 candidates, totalling 17 fits
----------
iter: 2
n_candidates: 6
n_resources: 180
Fitting 1 folds for each of 6 candidates, totalling 6 fits
----------
iter: 3
n_candidates: 2
n_resources: 540
Fitting 1 folds for each of 2 candidates, totalling 2 fits
      -> [LogisticRegression + Jittering Set 4] Acc: 0.7073, F1: 0.7076, Time: 1.17s
      -> [RNN + Jittering Set 4] Acc: 0.5667, F1: 0.5160, Time: 249.95s
    [=== Generating 5x synthetic data with Jittering (Set 5, Params: {'sigma': 0.15}) ===]
n_iterations: 4
n_required_iterations: 4
n_possible_iterations: 8
min_resources_: 20
max_resources_: 120000
aggressive_elimination: False
factor: 3
----------
iter: 0
n_candidates: 50
n_resources: 20
Fitting 1 folds for each of 50 candidates, totalling 50 fits
----------
iter: 1
n_candidates: 17
n_resources: 60
Fitting 1 folds for each of 17 candidates, totalling 17 fits
----------
iter: 2
n_candidates: 6
n_resources: 180
Fitting 1 folds for each of 6 candidates, totalling 6 fits
----------
iter: 3
n_candidates: 2
n_resources: 540
Fitting 1 folds for each of 2 candidates, totalling 2 fits
      -> [KNN + Jittering Set 5] Acc: 0.9199, F1: 0.9199, Time: 0.69s
n_iterations: 4
n_required_iterations: 4
n_possible_iterations: 8
min_resources_: 20
max_resources_: 120000
aggressive_elimination: False
factor: 3
----------
iter: 0
n_candidates: 50
n_resources: 20
Fitting 1 folds for each of 50 candidates, totalling 50 fits
----------
iter: 1
n_candidates: 17
n_resources: 60
Fitting 1 folds for each of 17 candidates, totalling 17 fits
----------
iter: 2
n_candidates: 6
n_resources: 180
Fitting 1 folds for each of 6 candidates, totalling 6 fits
----------
iter: 3
n_candidates: 2
n_resources: 540
Fitting 1 folds for each of 2 candidates, totalling 2 fits
      -> [RandomForest + Jittering Set 5] Acc: 0.9064, F1: 0.9067, Time: 37.95s
n_iterations: 4
n_required_iterations: 4
n_possible_iterations: 8
min_resources_: 20
max_resources_: 120000
aggressive_elimination: False
factor: 3
----------
iter: 0
n_candidates: 50
n_resources: 20
Fitting 1 folds for each of 50 candidates, totalling 50 fits
----------
iter: 1
n_candidates: 17
n_resources: 60
Fitting 1 folds for each of 17 candidates, totalling 17 fits
----------
iter: 2
n_candidates: 6
n_resources: 180
Fitting 1 folds for each of 6 candidates, totalling 6 fits
----------
iter: 3
n_candidates: 2
n_resources: 540
Fitting 1 folds for each of 2 candidates, totalling 2 fits
      -> [LinearSVC + Jittering Set 5] Acc: 0.6130, F1: 0.5815, Time: 0.60s
n_iterations: 4
n_required_iterations: 4
n_possible_iterations: 8
min_resources_: 20
max_resources_: 120000
aggressive_elimination: False
factor: 3
----------
iter: 0
n_candidates: 50
n_resources: 20
Fitting 1 folds for each of 50 candidates, totalling 50 fits
----------
iter: 1
n_candidates: 17
n_resources: 60
Fitting 1 folds for each of 17 candidates, totalling 17 fits
----------
iter: 2
n_candidates: 6
n_resources: 180
Fitting 1 folds for each of 6 candidates, totalling 6 fits
----------
iter: 3
n_candidates: 2
n_resources: 540
Fitting 1 folds for each of 2 candidates, totalling 2 fits
      -> [LogisticRegression + Jittering Set 5] Acc: 0.6804, F1: 0.6799, Time: 1.16s
      -> [RNN + Jittering Set 5] Acc: 0.6111, F1: 0.5632, Time: 345.19s
    [=== Generating 10x synthetic data with Jittering (Set 1, Params: {'sigma': 0.01}) ===]
n_iterations: 4
n_required_iterations: 4
n_possible_iterations: 8
min_resources_: 20
max_resources_: 120000
aggressive_elimination: False
factor: 3
----------
iter: 0
n_candidates: 50
n_resources: 20
Fitting 1 folds for each of 50 candidates, totalling 50 fits
----------
iter: 1
n_candidates: 17
n_resources: 60
Fitting 1 folds for each of 17 candidates, totalling 17 fits
----------
iter: 2
n_candidates: 6
n_resources: 180
Fitting 1 folds for each of 6 candidates, totalling 6 fits
----------
iter: 3
n_candidates: 2
n_resources: 540
Fitting 1 folds for each of 2 candidates, totalling 2 fits
      -> [KNN + Jittering Set 1] Acc: 0.9234, F1: 0.9238, Time: 0.75s
n_iterations: 4
n_required_iterations: 4
n_possible_iterations: 8
min_resources_: 20
max_resources_: 120000
aggressive_elimination: False
factor: 3
----------
iter: 0
n_candidates: 50
n_resources: 20
Fitting 1 folds for each of 50 candidates, totalling 50 fits
----------
iter: 1
n_candidates: 17
n_resources: 60
Fitting 1 folds for each of 17 candidates, totalling 17 fits
----------
iter: 2
n_candidates: 6
n_resources: 180
Fitting 1 folds for each of 6 candidates, totalling 6 fits
----------
iter: 3
n_candidates: 2
n_resources: 540
Fitting 1 folds for each of 2 candidates, totalling 2 fits
      -> [RandomForest + Jittering Set 1] Acc: 0.9248, F1: 0.9249, Time: 48.59s
n_iterations: 4
n_required_iterations: 4
n_possible_iterations: 8
min_resources_: 20
max_resources_: 120000
aggressive_elimination: False
factor: 3
----------
iter: 0
n_candidates: 50
n_resources: 20
Fitting 1 folds for each of 50 candidates, totalling 50 fits
----------
iter: 1
n_candidates: 17
n_resources: 60
Fitting 1 folds for each of 17 candidates, totalling 17 fits
----------
iter: 2
n_candidates: 6
n_resources: 180
Fitting 1 folds for each of 6 candidates, totalling 6 fits
----------
iter: 3
n_candidates: 2
n_resources: 540
Fitting 1 folds for each of 2 candidates, totalling 2 fits
      -> [LinearSVC + Jittering Set 1] Acc: 0.7001, F1: 0.6834, Time: 1.14s
n_iterations: 4
n_required_iterations: 4
n_possible_iterations: 8
min_resources_: 20
max_resources_: 120000
aggressive_elimination: False
factor: 3
----------
iter: 0
n_candidates: 50
n_resources: 20
Fitting 1 folds for each of 50 candidates, totalling 50 fits
----------
iter: 1
n_candidates: 17
n_resources: 60
Fitting 1 folds for each of 17 candidates, totalling 17 fits
----------
iter: 2
n_candidates: 6
n_resources: 180
Fitting 1 folds for each of 6 candidates, totalling 6 fits
----------
iter: 3
n_candidates: 2
n_resources: 540
Fitting 1 folds for each of 2 candidates, totalling 2 fits
      -> [LogisticRegression + Jittering Set 1] Acc: 0.7554, F1: 0.7522, Time: 7.45s
      -> [RNN + Jittering Set 1] Acc: 0.6667, F1: 0.6123, Time: 594.69s
    [=== Generating 10x synthetic data with Jittering (Set 2, Params: {'sigma': 0.03}) ===]
n_iterations: 4
n_required_iterations: 4
n_possible_iterations: 8
min_resources_: 20
max_resources_: 120000
aggressive_elimination: False
factor: 3
----------
iter: 0
n_candidates: 50
n_resources: 20
Fitting 1 folds for each of 50 candidates, totalling 50 fits
----------
iter: 1
n_candidates: 17
n_resources: 60
Fitting 1 folds for each of 17 candidates, totalling 17 fits
----------
iter: 2
n_candidates: 6
n_resources: 180
Fitting 1 folds for each of 6 candidates, totalling 6 fits
----------
iter: 3
n_candidates: 2
n_resources: 540
Fitting 1 folds for each of 2 candidates, totalling 2 fits
      -> [KNN + Jittering Set 2] Acc: 0.9242, F1: 0.9244, Time: 0.73s
n_iterations: 4
n_required_iterations: 4
n_possible_iterations: 8
min_resources_: 20
max_resources_: 120000
aggressive_elimination: False
factor: 3
----------
iter: 0
n_candidates: 50
n_resources: 20
Fitting 1 folds for each of 50 candidates, totalling 50 fits
----------
iter: 1
n_candidates: 17
n_resources: 60
Fitting 1 folds for each of 17 candidates, totalling 17 fits
----------
iter: 2
n_candidates: 6
n_resources: 180
Fitting 1 folds for each of 6 candidates, totalling 6 fits
----------
iter: 3
n_candidates: 2
n_resources: 540
Fitting 1 folds for each of 2 candidates, totalling 2 fits
      -> [RandomForest + Jittering Set 2] Acc: 0.8011, F1: 0.8026, Time: 22.10s
n_iterations: 4
n_required_iterations: 4
n_possible_iterations: 8
min_resources_: 20
max_resources_: 120000
aggressive_elimination: False
factor: 3
----------
iter: 0
n_candidates: 50
n_resources: 20
Fitting 1 folds for each of 50 candidates, totalling 50 fits
----------
iter: 1
n_candidates: 17
n_resources: 60
Fitting 1 folds for each of 17 candidates, totalling 17 fits
----------
iter: 2
n_candidates: 6
n_resources: 180
Fitting 1 folds for each of 6 candidates, totalling 6 fits
----------
iter: 3
n_candidates: 2
n_resources: 540
Fitting 1 folds for each of 2 candidates, totalling 2 fits
      -> [LinearSVC + Jittering Set 2] Acc: 0.6194, F1: 0.5886, Time: 3.83s
n_iterations: 4
n_required_iterations: 4
n_possible_iterations: 8
min_resources_: 20
max_resources_: 120000
aggressive_elimination: False
factor: 3
----------
iter: 0
n_candidates: 50
n_resources: 20
Fitting 1 folds for each of 50 candidates, totalling 50 fits
----------
iter: 1
n_candidates: 17
n_resources: 60
Fitting 1 folds for each of 17 candidates, totalling 17 fits
----------
iter: 2
n_candidates: 6
n_resources: 180
Fitting 1 folds for each of 6 candidates, totalling 6 fits
----------
iter: 3
n_candidates: 2
n_resources: 540
Fitting 1 folds for each of 2 candidates, totalling 2 fits
      -> [LogisticRegression + Jittering Set 2] Acc: 0.6632, F1: 0.6419, Time: 1.19s
      -> [RNN + Jittering Set 2] Acc: 0.6667, F1: 0.6239, Time: 538.11s
    [=== Generating 10x synthetic data with Jittering (Set 3, Params: {'sigma': 0.05}) ===]
n_iterations: 4
n_required_iterations: 4
n_possible_iterations: 8
min_resources_: 20
max_resources_: 120000
aggressive_elimination: False
factor: 3
----------
iter: 0
n_candidates: 50
n_resources: 20
Fitting 1 folds for each of 50 candidates, totalling 50 fits
----------
iter: 1
n_candidates: 17
n_resources: 60
Fitting 1 folds for each of 17 candidates, totalling 17 fits
----------
iter: 2
n_candidates: 6
n_resources: 180
Fitting 1 folds for each of 6 candidates, totalling 6 fits
----------
iter: 3
n_candidates: 2
n_resources: 540
Fitting 1 folds for each of 2 candidates, totalling 2 fits
      -> [KNN + Jittering Set 3] Acc: 0.9133, F1: 0.9135, Time: 0.75s
n_iterations: 4
n_required_iterations: 4
n_possible_iterations: 8
min_resources_: 20
max_resources_: 120000
aggressive_elimination: False
factor: 3
----------
iter: 0
n_candidates: 50
n_resources: 20
Fitting 1 folds for each of 50 candidates, totalling 50 fits
----------
iter: 1
n_candidates: 17
n_resources: 60
Fitting 1 folds for each of 17 candidates, totalling 17 fits
----------
iter: 2
n_candidates: 6
n_resources: 180
Fitting 1 folds for each of 6 candidates, totalling 6 fits
----------
iter: 3
n_candidates: 2
n_resources: 540
Fitting 1 folds for each of 2 candidates, totalling 2 fits
      -> [RandomForest + Jittering Set 3] Acc: 0.9174, F1: 0.9178, Time: 32.35s
n_iterations: 4
n_required_iterations: 4
n_possible_iterations: 8
min_resources_: 20
max_resources_: 120000
aggressive_elimination: False
factor: 3
----------
iter: 0
n_candidates: 50
n_resources: 20
Fitting 1 folds for each of 50 candidates, totalling 50 fits
----------
iter: 1
n_candidates: 17
n_resources: 60
Fitting 1 folds for each of 17 candidates, totalling 17 fits
----------
iter: 2
n_candidates: 6
n_resources: 180
Fitting 1 folds for each of 6 candidates, totalling 6 fits
----------
iter: 3
n_candidates: 2
n_resources: 540
Fitting 1 folds for each of 2 candidates, totalling 2 fits
      -> [LinearSVC + Jittering Set 3] Acc: 0.6188, F1: 0.5875, Time: 4.12s
n_iterations: 4
n_required_iterations: 4
n_possible_iterations: 8
min_resources_: 20
max_resources_: 120000
aggressive_elimination: False
factor: 3
----------
iter: 0
n_candidates: 50
n_resources: 20
Fitting 1 folds for each of 50 candidates, totalling 50 fits
----------
iter: 1
n_candidates: 17
n_resources: 60
Fitting 1 folds for each of 17 candidates, totalling 17 fits
----------
iter: 2
n_candidates: 6
n_resources: 180
Fitting 1 folds for each of 6 candidates, totalling 6 fits
----------
iter: 3
n_candidates: 2
n_resources: 540
Fitting 1 folds for each of 2 candidates, totalling 2 fits
      -> [LogisticRegression + Jittering Set 3] Acc: 0.6494, F1: 0.6253, Time: 1.18s
      -> [RNN + Jittering Set 3] Acc: 0.6111, F1: 0.5831, Time: 824.30s
    [=== Generating 10x synthetic data with Jittering (Set 4, Params: {'sigma': 0.1}) ===]
n_iterations: 4
n_required_iterations: 4
n_possible_iterations: 8
min_resources_: 20
max_resources_: 120000
aggressive_elimination: False
factor: 3
----------
iter: 0
n_candidates: 50
n_resources: 20
Fitting 1 folds for each of 50 candidates, totalling 50 fits
----------
iter: 1
n_candidates: 17
n_resources: 60
Fitting 1 folds for each of 17 candidates, totalling 17 fits
----------
iter: 2
n_candidates: 6
n_resources: 180
Fitting 1 folds for each of 6 candidates, totalling 6 fits
----------
iter: 3
n_candidates: 2
n_resources: 540
Fitting 1 folds for each of 2 candidates, totalling 2 fits
      -> [KNN + Jittering Set 4] Acc: 0.9041, F1: 0.9044, Time: 0.44s
n_iterations: 4
n_required_iterations: 4
n_possible_iterations: 8
min_resources_: 20
max_resources_: 120000
aggressive_elimination: False
factor: 3
----------
iter: 0
n_candidates: 50
n_resources: 20
Fitting 1 folds for each of 50 candidates, totalling 50 fits
----------
iter: 1
n_candidates: 17
n_resources: 60
Fitting 1 folds for each of 17 candidates, totalling 17 fits
----------
iter: 2
n_candidates: 6
n_resources: 180
Fitting 1 folds for each of 6 candidates, totalling 6 fits
----------
iter: 3
n_candidates: 2
n_resources: 540
Fitting 1 folds for each of 2 candidates, totalling 2 fits
      -> [RandomForest + Jittering Set 4] Acc: 0.9029, F1: 0.9032, Time: 54.91s
n_iterations: 4
n_required_iterations: 4
n_possible_iterations: 8
min_resources_: 20
max_resources_: 120000
aggressive_elimination: False
factor: 3
----------
iter: 0
n_candidates: 50
n_resources: 20
Fitting 1 folds for each of 50 candidates, totalling 50 fits
----------
iter: 1
n_candidates: 17
n_resources: 60
Fitting 1 folds for each of 17 candidates, totalling 17 fits
----------
iter: 2
n_candidates: 6
n_resources: 180
Fitting 1 folds for each of 6 candidates, totalling 6 fits
----------
iter: 3
n_candidates: 2
n_resources: 540
Fitting 1 folds for each of 2 candidates, totalling 2 fits
      -> [LinearSVC + Jittering Set 4] Acc: 0.6144, F1: 0.5830, Time: 4.08s
n_iterations: 4
n_required_iterations: 4
n_possible_iterations: 8
min_resources_: 20
max_resources_: 120000
aggressive_elimination: False
factor: 3
----------
iter: 0
n_candidates: 50
n_resources: 20
Fitting 1 folds for each of 50 candidates, totalling 50 fits
----------
iter: 1
n_candidates: 17
n_resources: 60
Fitting 1 folds for each of 17 candidates, totalling 17 fits
----------
iter: 2
n_candidates: 6
n_resources: 180
Fitting 1 folds for each of 6 candidates, totalling 6 fits
----------
iter: 3
n_candidates: 2
n_resources: 540
Fitting 1 folds for each of 2 candidates, totalling 2 fits
      -> [LogisticRegression + Jittering Set 4] Acc: 0.6184, F1: 0.5857, Time: 1.13s
      -> [RNN + Jittering Set 4] Acc: 0.6556, F1: 0.6130, Time: 799.26s
    [=== Generating 10x synthetic data with Jittering (Set 5, Params: {'sigma': 0.15}) ===]
n_iterations: 4
n_required_iterations: 4
n_possible_iterations: 8
min_resources_: 20
max_resources_: 120000
aggressive_elimination: False
factor: 3
----------
iter: 0
n_candidates: 50
n_resources: 20
Fitting 1 folds for each of 50 candidates, totalling 50 fits
----------
iter: 1
n_candidates: 17
n_resources: 60
Fitting 1 folds for each of 17 candidates, totalling 17 fits
----------
iter: 2
n_candidates: 6
n_resources: 180
Fitting 1 folds for each of 6 candidates, totalling 6 fits
----------
iter: 3
n_candidates: 2
n_resources: 540
Fitting 1 folds for each of 2 candidates, totalling 2 fits
      -> [KNN + Jittering Set 5] Acc: 0.8943, F1: 0.8948, Time: 1.01s
n_iterations: 4
n_required_iterations: 4
n_possible_iterations: 8
min_resources_: 20
max_resources_: 120000
aggressive_elimination: False
factor: 3
----------
iter: 0
n_candidates: 50
n_resources: 20
Fitting 1 folds for each of 50 candidates, totalling 50 fits
----------
iter: 1
n_candidates: 17
n_resources: 60
Fitting 1 folds for each of 17 candidates, totalling 17 fits
----------
iter: 2
n_candidates: 6
n_resources: 180
Fitting 1 folds for each of 6 candidates, totalling 6 fits
----------
iter: 3
n_candidates: 2
n_resources: 540
Fitting 1 folds for each of 2 candidates, totalling 2 fits
      -> [RandomForest + Jittering Set 5] Acc: 0.8864, F1: 0.8867, Time: 36.43s
n_iterations: 4
n_required_iterations: 4
n_possible_iterations: 8
min_resources_: 20
max_resources_: 120000
aggressive_elimination: False
factor: 3
----------
iter: 0
n_candidates: 50
n_resources: 20
Fitting 1 folds for each of 50 candidates, totalling 50 fits
----------
iter: 1
n_candidates: 17
n_resources: 60
Fitting 1 folds for each of 17 candidates, totalling 17 fits
----------
iter: 2
n_candidates: 6
n_resources: 180
Fitting 1 folds for each of 6 candidates, totalling 6 fits
----------
iter: 3
n_candidates: 2
n_resources: 540
Fitting 1 folds for each of 2 candidates, totalling 2 fits
      -> [LinearSVC + Jittering Set 5] Acc: 0.6041, F1: 0.5723, Time: 3.59s
n_iterations: 4
n_required_iterations: 4
n_possible_iterations: 8
min_resources_: 20
max_resources_: 120000
aggressive_elimination: False
factor: 3
----------
iter: 0
n_candidates: 50
n_resources: 20
Fitting 1 folds for each of 50 candidates, totalling 50 fits
----------
iter: 1
n_candidates: 17
n_resources: 60
Fitting 1 folds for each of 17 candidates, totalling 17 fits
----------
iter: 2
n_candidates: 6
n_resources: 180
Fitting 1 folds for each of 6 candidates, totalling 6 fits
----------
iter: 3
n_candidates: 2
n_resources: 540
Fitting 1 folds for each of 2 candidates, totalling 2 fits
      -> [LogisticRegression + Jittering Set 5] Acc: 0.5761, F1: 0.5359, Time: 1.24s
      -> [RNN + Jittering Set 5] Acc: 0.6222, F1: 0.5846, Time: 797.58s
