Starting GenParams Tune: Coffee - Seed 10 - Gen Jittering - Fold 2 - All Scales


==================================================
Running gen-params experiment for Coffee
==================================================

--- Fold 2/10 ---

  >> Seed sets per label: 10

    >> Seed Fold Selection: 1/10
    Evaluating Model: KNN
      -> [Baseline] Acc: 0.9883, F1: 0.9883, Time: 0.08s
      HP Tuning KNN...
n_iterations: 4
n_required_iterations: 4
n_possible_iterations: 5
min_resources_: 30
max_resources_: 2900
aggressive_elimination: False
factor: 3
----------
iter: 0
n_candidates: 50
n_resources: 30
Fitting 5 folds for each of 50 candidates, totalling 250 fits
----------
iter: 1
n_candidates: 17
n_resources: 90
Fitting 5 folds for each of 17 candidates, totalling 85 fits
----------
iter: 2
n_candidates: 6
n_resources: 270
Fitting 5 folds for each of 6 candidates, totalling 30 fits
----------
iter: 3
n_candidates: 2
n_resources: 810
Fitting 5 folds for each of 2 candidates, totalling 10 fits
      -> [Tuned_Baseline] Acc: 0.9300, F1: 0.9303, Time: 0.02s
    Evaluating Model: RandomForest
      -> [Baseline] Acc: 0.9800, F1: 0.9799, Time: 0.51s
      HP Tuning RandomForest...
n_iterations: 4
n_required_iterations: 4
n_possible_iterations: 5
min_resources_: 30
max_resources_: 2900
aggressive_elimination: False
factor: 3
----------
iter: 0
n_candidates: 50
n_resources: 30
Fitting 5 folds for each of 50 candidates, totalling 250 fits
----------
iter: 1
n_candidates: 17
n_resources: 90
Fitting 5 folds for each of 17 candidates, totalling 85 fits
----------
iter: 2
n_candidates: 6
n_resources: 270
Fitting 5 folds for each of 6 candidates, totalling 30 fits
----------
iter: 3
n_candidates: 2
n_resources: 810
Fitting 5 folds for each of 2 candidates, totalling 10 fits
      -> [Tuned_Baseline] Acc: 0.9917, F1: 0.9917, Time: 0.00s
    Evaluating Model: LinearSVC
      -> [Baseline] Acc: 0.9267, F1: 0.9274, Time: 0.02s
      HP Tuning LinearSVC...
n_iterations: 4
n_required_iterations: 4
n_possible_iterations: 5
min_resources_: 30
max_resources_: 2900
aggressive_elimination: False
factor: 3
----------
iter: 0
n_candidates: 50
n_resources: 30
Fitting 5 folds for each of 50 candidates, totalling 250 fits
----------
iter: 1
n_candidates: 17
n_resources: 90
Fitting 5 folds for each of 17 candidates, totalling 85 fits
----------
iter: 2
n_candidates: 6
n_resources: 270
Fitting 5 folds for each of 6 candidates, totalling 30 fits
----------
iter: 3
n_candidates: 2
n_resources: 810
Fitting 5 folds for each of 2 candidates, totalling 10 fits
      -> [Tuned_Baseline] Acc: 0.9300, F1: 0.9307, Time: 0.00s
    Evaluating Model: LogisticRegression
      -> [Baseline] Acc: 0.8733, F1: 0.8744, Time: 0.50s
      HP Tuning LogisticRegression...
n_iterations: 4
n_required_iterations: 4
n_possible_iterations: 5
min_resources_: 30
max_resources_: 2900
aggressive_elimination: False
factor: 3
----------
iter: 0
n_candidates: 50
n_resources: 30
Fitting 5 folds for each of 50 candidates, totalling 250 fits
----------
iter: 1
n_candidates: 17
n_resources: 90
Fitting 5 folds for each of 17 candidates, totalling 85 fits
----------
iter: 2
n_candidates: 6
n_resources: 270
Fitting 5 folds for each of 6 candidates, totalling 30 fits
----------
iter: 3
n_candidates: 2
n_resources: 810
Fitting 5 folds for each of 2 candidates, totalling 10 fits
      -> [Tuned_Baseline] Acc: 0.8733, F1: 0.8744, Time: 0.00s
    Evaluating Model: RNN
      [!] Baseline failed for RNN: name 'os' is not defined
      HP Tuning RNN...
n_iterations: 1
n_required_iterations: 2
n_possible_iterations: 1
min_resources_: 10
max_resources_: 29
aggressive_elimination: False
factor: 3
----------
iter: 0
n_candidates: 4
n_resources: 10
Fitting 5 folds for each of 4 candidates, totalling 20 fits
      [!] HP Tuning failed, using base model: 
All the 20 fits failed.
It is very likely that your model is misconfigured.
You can try to debug the error by setting error_score='raise'.

Below are more details about the failures:
--------------------------------------------------------------------------------
20 fits failed with the following error:
Traceback (most recent call last):
  File "/usr/local/lib/python3.10/dist-packages/sklearn/model_selection/_validation.py", line 859, in _fit_and_score
    estimator.fit(X_train, y_train, **fit_params)
  File "/home/phantrung/Synthesis-Data-Gen/models.py", line 60, in fit
    n_threads = int(os.environ.get('N_JOBS', 1))
NameError: name 'os' is not defined

      -> [Tuned_Baseline] Acc: 0.1667, F1: 0.0476, Time: 0.00s
    [=== Generating 2x synthetic data with Jittering (Set 1, Params: {'sigma': 0.03}) ===]
n_iterations: 4
n_required_iterations: 4
n_possible_iterations: 7
min_resources_: 6
max_resources_: 8700
aggressive_elimination: False
factor: 3
----------
iter: 0
n_candidates: 50
n_resources: 6
Fitting 1 folds for each of 50 candidates, totalling 50 fits
----------
iter: 1
n_candidates: 17
n_resources: 18
Fitting 1 folds for each of 17 candidates, totalling 17 fits
----------
iter: 2
n_candidates: 6
n_resources: 54
Fitting 1 folds for each of 6 candidates, totalling 6 fits
----------
iter: 3
n_candidates: 2
n_resources: 162
Fitting 1 folds for each of 2 candidates, totalling 2 fits
      -> [KNN + Jittering Set 1] Acc: 0.9867, F1: 0.9866, Time: 0.01s
n_iterations: 4
n_required_iterations: 4
n_possible_iterations: 7
min_resources_: 6
max_resources_: 8700
aggressive_elimination: False
factor: 3
----------
iter: 0
n_candidates: 50
n_resources: 6
Fitting 1 folds for each of 50 candidates, totalling 50 fits
----------
iter: 1
n_candidates: 17
n_resources: 18
Fitting 1 folds for each of 17 candidates, totalling 17 fits
----------
iter: 2
n_candidates: 6
n_resources: 54
Fitting 1 folds for each of 6 candidates, totalling 6 fits
----------
iter: 3
n_candidates: 2
n_resources: 162
Fitting 1 folds for each of 2 candidates, totalling 2 fits
      -> [RandomForest + Jittering Set 1] Acc: 0.9967, F1: 0.9967, Time: 0.86s
n_iterations: 4
n_required_iterations: 4
n_possible_iterations: 7
min_resources_: 6
max_resources_: 8700
aggressive_elimination: False
factor: 3
----------
iter: 0
n_candidates: 50
n_resources: 6
Fitting 1 folds for each of 50 candidates, totalling 50 fits
----------
iter: 1
n_candidates: 17
n_resources: 18
Fitting 1 folds for each of 17 candidates, totalling 17 fits
----------
iter: 2
n_candidates: 6
n_resources: 54
Fitting 1 folds for each of 6 candidates, totalling 6 fits
----------
iter: 3
n_candidates: 2
n_resources: 162
Fitting 1 folds for each of 2 candidates, totalling 2 fits
      -> [LinearSVC + Jittering Set 1] Acc: 0.9267, F1: 0.9274, Time: 0.02s
n_iterations: 4
n_required_iterations: 4
n_possible_iterations: 7
min_resources_: 6
max_resources_: 8700
aggressive_elimination: False
factor: 3
----------
iter: 0
n_candidates: 50
n_resources: 6
Fitting 1 folds for each of 50 candidates, totalling 50 fits
----------
iter: 1
n_candidates: 17
n_resources: 18
Fitting 1 folds for each of 17 candidates, totalling 17 fits
----------
iter: 2
n_candidates: 6
n_resources: 54
Fitting 1 folds for each of 6 candidates, totalling 6 fits
----------
iter: 3
n_candidates: 2
n_resources: 162
Fitting 1 folds for each of 2 candidates, totalling 2 fits
      -> [LogisticRegression + Jittering Set 1] Acc: 0.8717, F1: 0.8727, Time: 0.16s
      [!] Failed evaluation with RNN on Jittering Set 1: name 'os' is not defined
    [=== Generating 2x synthetic data with Jittering (Set 2, Params: {'sigma': 0.1}) ===]
n_iterations: 4
n_required_iterations: 4
n_possible_iterations: 7
min_resources_: 6
max_resources_: 8700
aggressive_elimination: False
factor: 3
----------
iter: 0
n_candidates: 50
n_resources: 6
Fitting 1 folds for each of 50 candidates, totalling 50 fits
----------
iter: 1
n_candidates: 17
n_resources: 18
Fitting 1 folds for each of 17 candidates, totalling 17 fits
----------
iter: 2
n_candidates: 6
n_resources: 54
Fitting 1 folds for each of 6 candidates, totalling 6 fits
----------
iter: 3
n_candidates: 2
n_resources: 162
Fitting 1 folds for each of 2 candidates, totalling 2 fits
      -> [KNN + Jittering Set 2] Acc: 0.9867, F1: 0.9866, Time: 0.01s
n_iterations: 4
n_required_iterations: 4
n_possible_iterations: 7
min_resources_: 6
max_resources_: 8700
aggressive_elimination: False
factor: 3
----------
iter: 0
n_candidates: 50
n_resources: 6
Fitting 1 folds for each of 50 candidates, totalling 50 fits
----------
iter: 1
n_candidates: 17
n_resources: 18
Fitting 1 folds for each of 17 candidates, totalling 17 fits
----------
iter: 2
n_candidates: 6
n_resources: 54
Fitting 1 folds for each of 6 candidates, totalling 6 fits
----------
iter: 3
n_candidates: 2
n_resources: 162
Fitting 1 folds for each of 2 candidates, totalling 2 fits
      -> [RandomForest + Jittering Set 2] Acc: 0.9917, F1: 0.9916, Time: 0.98s
n_iterations: 4
n_required_iterations: 4
n_possible_iterations: 7
min_resources_: 6
max_resources_: 8700
aggressive_elimination: False
factor: 3
----------
iter: 0
n_candidates: 50
n_resources: 6
Fitting 1 folds for each of 50 candidates, totalling 50 fits
----------
iter: 1
n_candidates: 17
n_resources: 18
Fitting 1 folds for each of 17 candidates, totalling 17 fits
----------
iter: 2
n_candidates: 6
n_resources: 54
Fitting 1 folds for each of 6 candidates, totalling 6 fits
----------
iter: 3
n_candidates: 2
n_resources: 162
Fitting 1 folds for each of 2 candidates, totalling 2 fits
      -> [LinearSVC + Jittering Set 2] Acc: 0.9700, F1: 0.9701, Time: 0.02s
n_iterations: 4
n_required_iterations: 4
n_possible_iterations: 7
min_resources_: 6
max_resources_: 8700
aggressive_elimination: False
factor: 3
----------
iter: 0
n_candidates: 50
n_resources: 6
Fitting 1 folds for each of 50 candidates, totalling 50 fits
----------
iter: 1
n_candidates: 17
n_resources: 18
Fitting 1 folds for each of 17 candidates, totalling 17 fits
----------
iter: 2
n_candidates: 6
n_resources: 54
Fitting 1 folds for each of 6 candidates, totalling 6 fits
----------
iter: 3
n_candidates: 2
n_resources: 162
Fitting 1 folds for each of 2 candidates, totalling 2 fits
      -> [LogisticRegression + Jittering Set 2] Acc: 0.8900, F1: 0.8910, Time: 0.04s
      [!] Failed evaluation with RNN on Jittering Set 2: name 'os' is not defined
    [=== Generating 2x synthetic data with Jittering (Set 3, Params: {'sigma': 0.15}) ===]
n_iterations: 4
n_required_iterations: 4
n_possible_iterations: 7
min_resources_: 6
max_resources_: 8700
aggressive_elimination: False
factor: 3
----------
iter: 0
n_candidates: 50
n_resources: 6
Fitting 1 folds for each of 50 candidates, totalling 50 fits
----------
iter: 1
n_candidates: 17
n_resources: 18
Fitting 1 folds for each of 17 candidates, totalling 17 fits
----------
iter: 2
n_candidates: 6
n_resources: 54
Fitting 1 folds for each of 6 candidates, totalling 6 fits
----------
iter: 3
n_candidates: 2
n_resources: 162
Fitting 1 folds for each of 2 candidates, totalling 2 fits
      -> [KNN + Jittering Set 3] Acc: 0.9750, F1: 0.9749, Time: 0.01s
n_iterations: 4
n_required_iterations: 4
n_possible_iterations: 7
min_resources_: 6
max_resources_: 8700
aggressive_elimination: False
factor: 3
----------
iter: 0
n_candidates: 50
n_resources: 6
Fitting 1 folds for each of 50 candidates, totalling 50 fits
----------
iter: 1
n_candidates: 17
n_resources: 18
Fitting 1 folds for each of 17 candidates, totalling 17 fits
----------
iter: 2
n_candidates: 6
n_resources: 54
Fitting 1 folds for each of 6 candidates, totalling 6 fits
----------
iter: 3
n_candidates: 2
n_resources: 162
Fitting 1 folds for each of 2 candidates, totalling 2 fits
      -> [RandomForest + Jittering Set 3] Acc: 0.9883, F1: 0.9883, Time: 1.51s
n_iterations: 4
n_required_iterations: 4
n_possible_iterations: 7
min_resources_: 6
max_resources_: 8700
aggressive_elimination: False
factor: 3
----------
iter: 0
n_candidates: 50
n_resources: 6
Fitting 1 folds for each of 50 candidates, totalling 50 fits
----------
iter: 1
n_candidates: 17
n_resources: 18
Fitting 1 folds for each of 17 candidates, totalling 17 fits
----------
iter: 2
n_candidates: 6
n_resources: 54
Fitting 1 folds for each of 6 candidates, totalling 6 fits
----------
iter: 3
n_candidates: 2
n_resources: 162
Fitting 1 folds for each of 2 candidates, totalling 2 fits
      -> [LinearSVC + Jittering Set 3] Acc: 0.9817, F1: 0.9817, Time: 0.04s
n_iterations: 4
n_required_iterations: 4
n_possible_iterations: 7
min_resources_: 6
max_resources_: 8700
aggressive_elimination: False
factor: 3
----------
iter: 0
n_candidates: 50
n_resources: 6
Fitting 1 folds for each of 50 candidates, totalling 50 fits
----------
iter: 1
n_candidates: 17
n_resources: 18
Fitting 1 folds for each of 17 candidates, totalling 17 fits
----------
iter: 2
n_candidates: 6
n_resources: 54
Fitting 1 folds for each of 6 candidates, totalling 6 fits
----------
iter: 3
n_candidates: 2
n_resources: 162
Fitting 1 folds for each of 2 candidates, totalling 2 fits
      -> [LogisticRegression + Jittering Set 3] Acc: 0.8817, F1: 0.8827, Time: 0.05s
      [!] Failed evaluation with RNN on Jittering Set 3: name 'os' is not defined
    [=== Generating 2x synthetic data with Jittering (Set 4, Params: {'sigma': 0.05}) ===]
n_iterations: 4
n_required_iterations: 4
n_possible_iterations: 7
min_resources_: 6
max_resources_: 8700
aggressive_elimination: False
factor: 3
----------
iter: 0
n_candidates: 50
n_resources: 6
Fitting 1 folds for each of 50 candidates, totalling 50 fits
----------
iter: 1
n_candidates: 17
n_resources: 18
Fitting 1 folds for each of 17 candidates, totalling 17 fits
----------
iter: 2
n_candidates: 6
n_resources: 54
Fitting 1 folds for each of 6 candidates, totalling 6 fits
----------
iter: 3
n_candidates: 2
n_resources: 162
Fitting 1 folds for each of 2 candidates, totalling 2 fits
      -> [KNN + Jittering Set 4] Acc: 0.9883, F1: 0.9883, Time: 0.01s
n_iterations: 4
n_required_iterations: 4
n_possible_iterations: 7
min_resources_: 6
max_resources_: 8700
aggressive_elimination: False
factor: 3
----------
iter: 0
n_candidates: 50
n_resources: 6
Fitting 1 folds for each of 50 candidates, totalling 50 fits
----------
iter: 1
n_candidates: 17
n_resources: 18
Fitting 1 folds for each of 17 candidates, totalling 17 fits
----------
iter: 2
n_candidates: 6
n_resources: 54
Fitting 1 folds for each of 6 candidates, totalling 6 fits
----------
iter: 3
n_candidates: 2
n_resources: 162
Fitting 1 folds for each of 2 candidates, totalling 2 fits
      -> [RandomForest + Jittering Set 4] Acc: 0.9833, F1: 0.9833, Time: 1.04s
n_iterations: 4
n_required_iterations: 4
n_possible_iterations: 7
min_resources_: 6
max_resources_: 8700
aggressive_elimination: False
factor: 3
----------
iter: 0
n_candidates: 50
n_resources: 6
Fitting 1 folds for each of 50 candidates, totalling 50 fits
----------
iter: 1
n_candidates: 17
n_resources: 18
Fitting 1 folds for each of 17 candidates, totalling 17 fits
----------
iter: 2
n_candidates: 6
n_resources: 54
Fitting 1 folds for each of 6 candidates, totalling 6 fits
----------
iter: 3
n_candidates: 2
n_resources: 162
Fitting 1 folds for each of 2 candidates, totalling 2 fits
      -> [LinearSVC + Jittering Set 4] Acc: 0.9333, F1: 0.9339, Time: 0.02s
n_iterations: 4
n_required_iterations: 4
n_possible_iterations: 7
min_resources_: 6
max_resources_: 8700
aggressive_elimination: False
factor: 3
----------
iter: 0
n_candidates: 50
n_resources: 6
Fitting 1 folds for each of 50 candidates, totalling 50 fits
----------
iter: 1
n_candidates: 17
n_resources: 18
Fitting 1 folds for each of 17 candidates, totalling 17 fits
----------
iter: 2
n_candidates: 6
n_resources: 54
Fitting 1 folds for each of 6 candidates, totalling 6 fits
----------
iter: 3
n_candidates: 2
n_resources: 162
Fitting 1 folds for each of 2 candidates, totalling 2 fits
      -> [LogisticRegression + Jittering Set 4] Acc: 0.8767, F1: 0.8777, Time: 0.11s
      [!] Failed evaluation with RNN on Jittering Set 4: name 'os' is not defined
    [=== Generating 2x synthetic data with Jittering (Set 5, Params: {'sigma': 0.15}) ===]
n_iterations: 4
n_required_iterations: 4
n_possible_iterations: 7
min_resources_: 6
max_resources_: 8700
aggressive_elimination: False
factor: 3
----------
iter: 0
n_candidates: 50
n_resources: 6
Fitting 1 folds for each of 50 candidates, totalling 50 fits
----------
iter: 1
n_candidates: 17
n_resources: 18
Fitting 1 folds for each of 17 candidates, totalling 17 fits
----------
iter: 2
n_candidates: 6
n_resources: 54
Fitting 1 folds for each of 6 candidates, totalling 6 fits
----------
iter: 3
n_candidates: 2
n_resources: 162
Fitting 1 folds for each of 2 candidates, totalling 2 fits
      -> [KNN + Jittering Set 5] Acc: 0.9367, F1: 0.9370, Time: 0.02s
n_iterations: 4
n_required_iterations: 4
n_possible_iterations: 7
min_resources_: 6
max_resources_: 8700
aggressive_elimination: False
factor: 3
----------
iter: 0
n_candidates: 50
n_resources: 6
Fitting 1 folds for each of 50 candidates, totalling 50 fits
----------
iter: 1
n_candidates: 17
n_resources: 18
Fitting 1 folds for each of 17 candidates, totalling 17 fits
----------
iter: 2
n_candidates: 6
n_resources: 54
Fitting 1 folds for each of 6 candidates, totalling 6 fits
----------
iter: 3
n_candidates: 2
n_resources: 162
Fitting 1 folds for each of 2 candidates, totalling 2 fits
      -> [RandomForest + Jittering Set 5] Acc: 0.9950, F1: 0.9950, Time: 0.50s
n_iterations: 4
n_required_iterations: 4
n_possible_iterations: 7
min_resources_: 6
max_resources_: 8700
aggressive_elimination: False
factor: 3
----------
iter: 0
n_candidates: 50
n_resources: 6
Fitting 1 folds for each of 50 candidates, totalling 50 fits
----------
iter: 1
n_candidates: 17
n_resources: 18
Fitting 1 folds for each of 17 candidates, totalling 17 fits
----------
iter: 2
n_candidates: 6
n_resources: 54
Fitting 1 folds for each of 6 candidates, totalling 6 fits
----------
iter: 3
n_candidates: 2
n_resources: 162
Fitting 1 folds for each of 2 candidates, totalling 2 fits
      -> [LinearSVC + Jittering Set 5] Acc: 0.9900, F1: 0.9900, Time: 0.04s
n_iterations: 4
n_required_iterations: 4
n_possible_iterations: 7
min_resources_: 6
max_resources_: 8700
aggressive_elimination: False
factor: 3
----------
iter: 0
n_candidates: 50
n_resources: 6
Fitting 1 folds for each of 50 candidates, totalling 50 fits
----------
iter: 1
n_candidates: 17
n_resources: 18
Fitting 1 folds for each of 17 candidates, totalling 17 fits
----------
iter: 2
n_candidates: 6
n_resources: 54
Fitting 1 folds for each of 6 candidates, totalling 6 fits
----------
iter: 3
n_candidates: 2
n_resources: 162
Fitting 1 folds for each of 2 candidates, totalling 2 fits
      -> [LogisticRegression + Jittering Set 5] Acc: 0.8933, F1: 0.8944, Time: 0.05s
      [!] Failed evaluation with RNN on Jittering Set 5: name 'os' is not defined
    [=== Generating 2x synthetic data with Jittering (Set 6, Params: {'sigma': 0.15}) ===]
n_iterations: 4
n_required_iterations: 4
n_possible_iterations: 7
min_resources_: 6
max_resources_: 8700
aggressive_elimination: False
factor: 3
----------
iter: 0
n_candidates: 50
n_resources: 6
Fitting 1 folds for each of 50 candidates, totalling 50 fits
----------
iter: 1
n_candidates: 17
n_resources: 18
Fitting 1 folds for each of 17 candidates, totalling 17 fits
----------
iter: 2
n_candidates: 6
n_resources: 54
Fitting 1 folds for each of 6 candidates, totalling 6 fits
----------
iter: 3
n_candidates: 2
n_resources: 162
Fitting 1 folds for each of 2 candidates, totalling 2 fits
      -> [KNN + Jittering Set 6] Acc: 0.9600, F1: 0.9600, Time: 0.02s
n_iterations: 4
n_required_iterations: 4
n_possible_iterations: 7
min_resources_: 6
max_resources_: 8700
aggressive_elimination: False
factor: 3
----------
iter: 0
n_candidates: 50
n_resources: 6
Fitting 1 folds for each of 50 candidates, totalling 50 fits
----------
iter: 1
n_candidates: 17
n_resources: 18
Fitting 1 folds for each of 17 candidates, totalling 17 fits
----------
iter: 2
n_candidates: 6
n_resources: 54
Fitting 1 folds for each of 6 candidates, totalling 6 fits
----------
iter: 3
n_candidates: 2
n_resources: 162
Fitting 1 folds for each of 2 candidates, totalling 2 fits
      -> [RandomForest + Jittering Set 6] Acc: 0.9800, F1: 0.9799, Time: 0.90s
n_iterations: 4
n_required_iterations: 4
n_possible_iterations: 7
min_resources_: 6
max_resources_: 8700
aggressive_elimination: False
factor: 3
----------
iter: 0
n_candidates: 50
n_resources: 6
Fitting 1 folds for each of 50 candidates, totalling 50 fits
----------
iter: 1
n_candidates: 17
n_resources: 18
Fitting 1 folds for each of 17 candidates, totalling 17 fits
----------
iter: 2
n_candidates: 6
n_resources: 54
Fitting 1 folds for each of 6 candidates, totalling 6 fits
----------
iter: 3
n_candidates: 2
n_resources: 162
Fitting 1 folds for each of 2 candidates, totalling 2 fits
      -> [LinearSVC + Jittering Set 6] Acc: 0.9900, F1: 0.9900, Time: 0.04s
n_iterations: 4
n_required_iterations: 4
n_possible_iterations: 7
min_resources_: 6
max_resources_: 8700
aggressive_elimination: False
factor: 3
----------
iter: 0
n_candidates: 50
n_resources: 6
Fitting 1 folds for each of 50 candidates, totalling 50 fits
----------
iter: 1
n_candidates: 17
n_resources: 18
Fitting 1 folds for each of 17 candidates, totalling 17 fits
----------
iter: 2
n_candidates: 6
n_resources: 54
Fitting 1 folds for each of 6 candidates, totalling 6 fits
----------
iter: 3
n_candidates: 2
n_resources: 162
Fitting 1 folds for each of 2 candidates, totalling 2 fits
      -> [LogisticRegression + Jittering Set 6] Acc: 0.8867, F1: 0.8878, Time: 0.05s
      [!] Failed evaluation with RNN on Jittering Set 6: name 'os' is not defined
    [=== Generating 2x synthetic data with Jittering (Set 7, Params: {'sigma': 0.03}) ===]
n_iterations: 4
n_required_iterations: 4
n_possible_iterations: 7
min_resources_: 6
max_resources_: 8700
aggressive_elimination: False
factor: 3
----------
iter: 0
n_candidates: 50
n_resources: 6
Fitting 1 folds for each of 50 candidates, totalling 50 fits
----------
iter: 1
n_candidates: 17
n_resources: 18
Fitting 1 folds for each of 17 candidates, totalling 17 fits
----------
iter: 2
n_candidates: 6
n_resources: 54
Fitting 1 folds for each of 6 candidates, totalling 6 fits
----------
iter: 3
n_candidates: 2
n_resources: 162
Fitting 1 folds for each of 2 candidates, totalling 2 fits
      -> [KNN + Jittering Set 7] Acc: 0.9767, F1: 0.9766, Time: 0.01s
n_iterations: 4
n_required_iterations: 4
n_possible_iterations: 7
min_resources_: 6
max_resources_: 8700
aggressive_elimination: False
factor: 3
----------
iter: 0
n_candidates: 50
n_resources: 6
Fitting 1 folds for each of 50 candidates, totalling 50 fits
----------
iter: 1
n_candidates: 17
n_resources: 18
Fitting 1 folds for each of 17 candidates, totalling 17 fits
----------
iter: 2
n_candidates: 6
n_resources: 54
Fitting 1 folds for each of 6 candidates, totalling 6 fits
----------
iter: 3
n_candidates: 2
n_resources: 162
Fitting 1 folds for each of 2 candidates, totalling 2 fits
      -> [RandomForest + Jittering Set 7] Acc: 1.0000, F1: 1.0000, Time: 0.99s
n_iterations: 4
n_required_iterations: 4
n_possible_iterations: 7
min_resources_: 6
max_resources_: 8700
aggressive_elimination: False
factor: 3
----------
iter: 0
n_candidates: 50
n_resources: 6
Fitting 1 folds for each of 50 candidates, totalling 50 fits
----------
iter: 1
n_candidates: 17
n_resources: 18
Fitting 1 folds for each of 17 candidates, totalling 17 fits
----------
iter: 2
n_candidates: 6
n_resources: 54
Fitting 1 folds for each of 6 candidates, totalling 6 fits
----------
iter: 3
n_candidates: 2
n_resources: 162
Fitting 1 folds for each of 2 candidates, totalling 2 fits
      -> [LinearSVC + Jittering Set 7] Acc: 0.9583, F1: 0.9586, Time: 0.04s
n_iterations: 4
n_required_iterations: 4
n_possible_iterations: 7
min_resources_: 6
max_resources_: 8700
aggressive_elimination: False
factor: 3
----------
iter: 0
n_candidates: 50
n_resources: 6
Fitting 1 folds for each of 50 candidates, totalling 50 fits
----------
iter: 1
n_candidates: 17
n_resources: 18
Fitting 1 folds for each of 17 candidates, totalling 17 fits
----------
iter: 2
n_candidates: 6
n_resources: 54
Fitting 1 folds for each of 6 candidates, totalling 6 fits
----------
iter: 3
n_candidates: 2
n_resources: 162
Fitting 1 folds for each of 2 candidates, totalling 2 fits
      -> [LogisticRegression + Jittering Set 7] Acc: 0.8700, F1: 0.8710, Time: 0.13s
      [!] Failed evaluation with RNN on Jittering Set 7: name 'os' is not defined
    [=== Generating 2x synthetic data with Jittering (Set 8, Params: {'sigma': 0.05}) ===]
n_iterations: 4
n_required_iterations: 4
n_possible_iterations: 7
min_resources_: 6
max_resources_: 8700
aggressive_elimination: False
factor: 3
----------
iter: 0
n_candidates: 50
n_resources: 6
Fitting 1 folds for each of 50 candidates, totalling 50 fits
----------
iter: 1
n_candidates: 17
n_resources: 18
Fitting 1 folds for each of 17 candidates, totalling 17 fits
----------
iter: 2
n_candidates: 6
n_resources: 54
Fitting 1 folds for each of 6 candidates, totalling 6 fits
----------
iter: 3
n_candidates: 2
n_resources: 162
Fitting 1 folds for each of 2 candidates, totalling 2 fits
      -> [KNN + Jittering Set 8] Acc: 0.9700, F1: 0.9700, Time: 0.02s
n_iterations: 4
n_required_iterations: 4
n_possible_iterations: 7
min_resources_: 6
max_resources_: 8700
aggressive_elimination: False
factor: 3
----------
iter: 0
n_candidates: 50
n_resources: 6
Fitting 1 folds for each of 50 candidates, totalling 50 fits
----------
iter: 1
n_candidates: 17
n_resources: 18
Fitting 1 folds for each of 17 candidates, totalling 17 fits
----------
iter: 2
n_candidates: 6
n_resources: 54
Fitting 1 folds for each of 6 candidates, totalling 6 fits
----------
iter: 3
n_candidates: 2
n_resources: 162
Fitting 1 folds for each of 2 candidates, totalling 2 fits
      -> [RandomForest + Jittering Set 8] Acc: 0.9833, F1: 0.9833, Time: 0.46s
n_iterations: 4
n_required_iterations: 4
n_possible_iterations: 7
min_resources_: 6
max_resources_: 8700
aggressive_elimination: False
factor: 3
----------
iter: 0
n_candidates: 50
n_resources: 6
Fitting 1 folds for each of 50 candidates, totalling 50 fits
----------
iter: 1
n_candidates: 17
n_resources: 18
Fitting 1 folds for each of 17 candidates, totalling 17 fits
----------
iter: 2
n_candidates: 6
n_resources: 54
Fitting 1 folds for each of 6 candidates, totalling 6 fits
----------
iter: 3
n_candidates: 2
n_resources: 162
Fitting 1 folds for each of 2 candidates, totalling 2 fits
      -> [LinearSVC + Jittering Set 8] Acc: 0.9400, F1: 0.9405, Time: 0.02s
n_iterations: 4
n_required_iterations: 4
n_possible_iterations: 7
min_resources_: 6
max_resources_: 8700
aggressive_elimination: False
factor: 3
----------
iter: 0
n_candidates: 50
n_resources: 6
Fitting 1 folds for each of 50 candidates, totalling 50 fits
----------
iter: 1
n_candidates: 17
n_resources: 18
Fitting 1 folds for each of 17 candidates, totalling 17 fits
----------
iter: 2
n_candidates: 6
n_resources: 54
Fitting 1 folds for each of 6 candidates, totalling 6 fits
----------
iter: 3
n_candidates: 2
n_resources: 162
Fitting 1 folds for each of 2 candidates, totalling 2 fits
      -> [LogisticRegression + Jittering Set 8] Acc: 0.8750, F1: 0.8760, Time: 0.09s
      [!] Failed evaluation with RNN on Jittering Set 8: name 'os' is not defined
    [=== Generating 2x synthetic data with Jittering (Set 9, Params: {'sigma': 0.05}) ===]
n_iterations: 4
n_required_iterations: 4
n_possible_iterations: 7
min_resources_: 6
max_resources_: 8700
aggressive_elimination: False
factor: 3
----------
iter: 0
n_candidates: 50
n_resources: 6
Fitting 1 folds for each of 50 candidates, totalling 50 fits
----------
iter: 1
n_candidates: 17
n_resources: 18
Fitting 1 folds for each of 17 candidates, totalling 17 fits
----------
iter: 2
n_candidates: 6
n_resources: 54
Fitting 1 folds for each of 6 candidates, totalling 6 fits
----------
iter: 3
n_candidates: 2
n_resources: 162
Fitting 1 folds for each of 2 candidates, totalling 2 fits
      -> [KNN + Jittering Set 9] Acc: 0.9917, F1: 0.9917, Time: 0.01s
n_iterations: 4
n_required_iterations: 4
n_possible_iterations: 7
min_resources_: 6
max_resources_: 8700
aggressive_elimination: False
factor: 3
----------
iter: 0
n_candidates: 50
n_resources: 6
Fitting 1 folds for each of 50 candidates, totalling 50 fits
----------
iter: 1
n_candidates: 17
n_resources: 18
Fitting 1 folds for each of 17 candidates, totalling 17 fits
----------
iter: 2
n_candidates: 6
n_resources: 54
Fitting 1 folds for each of 6 candidates, totalling 6 fits
----------
iter: 3
n_candidates: 2
n_resources: 162
Fitting 1 folds for each of 2 candidates, totalling 2 fits
      -> [RandomForest + Jittering Set 9] Acc: 0.9967, F1: 0.9967, Time: 1.30s
n_iterations: 4
n_required_iterations: 4
n_possible_iterations: 7
min_resources_: 6
max_resources_: 8700
aggressive_elimination: False
factor: 3
----------
iter: 0
n_candidates: 50
n_resources: 6
Fitting 1 folds for each of 50 candidates, totalling 50 fits
----------
iter: 1
n_candidates: 17
n_resources: 18
Fitting 1 folds for each of 17 candidates, totalling 17 fits
----------
iter: 2
n_candidates: 6
n_resources: 54
Fitting 1 folds for each of 6 candidates, totalling 6 fits
----------
iter: 3
n_candidates: 2
n_resources: 162
Fitting 1 folds for each of 2 candidates, totalling 2 fits
      -> [LinearSVC + Jittering Set 9] Acc: 0.9500, F1: 0.9504, Time: 0.02s
n_iterations: 4
n_required_iterations: 4
n_possible_iterations: 7
min_resources_: 6
max_resources_: 8700
aggressive_elimination: False
factor: 3
----------
iter: 0
n_candidates: 50
n_resources: 6
Fitting 1 folds for each of 50 candidates, totalling 50 fits
----------
iter: 1
n_candidates: 17
n_resources: 18
Fitting 1 folds for each of 17 candidates, totalling 17 fits
----------
iter: 2
n_candidates: 6
n_resources: 54
Fitting 1 folds for each of 6 candidates, totalling 6 fits
----------
iter: 3
n_candidates: 2
n_resources: 162
Fitting 1 folds for each of 2 candidates, totalling 2 fits
      -> [LogisticRegression + Jittering Set 9] Acc: 0.8850, F1: 0.8861, Time: 0.13s
      [!] Failed evaluation with RNN on Jittering Set 9: name 'os' is not defined
    [=== Generating 2x synthetic data with Jittering (Set 10, Params: {'sigma': 0.05}) ===]
n_iterations: 4
n_required_iterations: 4
n_possible_iterations: 7
min_resources_: 6
max_resources_: 8700
aggressive_elimination: False
factor: 3
----------
iter: 0
n_candidates: 50
n_resources: 6
Fitting 1 folds for each of 50 candidates, totalling 50 fits
----------
iter: 1
n_candidates: 17
n_resources: 18
Fitting 1 folds for each of 17 candidates, totalling 17 fits
----------
iter: 2
n_candidates: 6
n_resources: 54
Fitting 1 folds for each of 6 candidates, totalling 6 fits
----------
iter: 3
n_candidates: 2
n_resources: 162
Fitting 1 folds for each of 2 candidates, totalling 2 fits
      -> [KNN + Jittering Set 10] Acc: 0.9850, F1: 0.9849, Time: 0.01s
n_iterations: 4
n_required_iterations: 4
n_possible_iterations: 7
min_resources_: 6
max_resources_: 8700
aggressive_elimination: False
factor: 3
----------
iter: 0
n_candidates: 50
n_resources: 6
Fitting 1 folds for each of 50 candidates, totalling 50 fits
----------
iter: 1
n_candidates: 17
n_resources: 18
Fitting 1 folds for each of 17 candidates, totalling 17 fits
----------
iter: 2
n_candidates: 6
n_resources: 54
Fitting 1 folds for each of 6 candidates, totalling 6 fits
----------
iter: 3
n_candidates: 2
n_resources: 162
Fitting 1 folds for each of 2 candidates, totalling 2 fits
      -> [RandomForest + Jittering Set 10] Acc: 0.9800, F1: 0.9799, Time: 1.21s
n_iterations: 4
n_required_iterations: 4
n_possible_iterations: 7
min_resources_: 6
max_resources_: 8700
aggressive_elimination: False
factor: 3
----------
iter: 0
n_candidates: 50
n_resources: 6
Fitting 1 folds for each of 50 candidates, totalling 50 fits
----------
iter: 1
n_candidates: 17
n_resources: 18
Fitting 1 folds for each of 17 candidates, totalling 17 fits
----------
iter: 2
n_candidates: 6
n_resources: 54
Fitting 1 folds for each of 6 candidates, totalling 6 fits
----------
iter: 3
n_candidates: 2
n_resources: 162
Fitting 1 folds for each of 2 candidates, totalling 2 fits
      -> [LinearSVC + Jittering Set 10] Acc: 0.9367, F1: 0.9372, Time: 0.02s
n_iterations: 4
n_required_iterations: 4
n_possible_iterations: 7
min_resources_: 6
max_resources_: 8700
aggressive_elimination: False
factor: 3
----------
iter: 0
n_candidates: 50
n_resources: 6
Fitting 1 folds for each of 50 candidates, totalling 50 fits
----------
iter: 1
n_candidates: 17
n_resources: 18
Fitting 1 folds for each of 17 candidates, totalling 17 fits
----------
iter: 2
n_candidates: 6
n_resources: 54
Fitting 1 folds for each of 6 candidates, totalling 6 fits
----------
iter: 3
n_candidates: 2
n_resources: 162
Fitting 1 folds for each of 2 candidates, totalling 2 fits
      -> [LogisticRegression + Jittering Set 10] Acc: 0.8767, F1: 0.8777, Time: 0.16s
      [!] Failed evaluation with RNN on Jittering Set 10: name 'os' is not defined
    [=== Generating 3x synthetic data with Jittering (Set 1, Params: {'sigma': 0.03}) ===]
n_iterations: 4
n_required_iterations: 4
n_possible_iterations: 7
min_resources_: 6
max_resources_: 11600
aggressive_elimination: False
factor: 3
----------
iter: 0
n_candidates: 50
n_resources: 6
Fitting 1 folds for each of 50 candidates, totalling 50 fits
----------
iter: 1
n_candidates: 17
n_resources: 18
Fitting 1 folds for each of 17 candidates, totalling 17 fits
----------
iter: 2
n_candidates: 6
n_resources: 54
Fitting 1 folds for each of 6 candidates, totalling 6 fits
----------
iter: 3
n_candidates: 2
n_resources: 162
Fitting 1 folds for each of 2 candidates, totalling 2 fits
      -> [KNN + Jittering Set 1] Acc: 0.9983, F1: 0.9983, Time: 0.04s
n_iterations: 4
n_required_iterations: 4
n_possible_iterations: 7
min_resources_: 6
max_resources_: 11600
aggressive_elimination: False
factor: 3
----------
iter: 0
n_candidates: 50
n_resources: 6
Fitting 1 folds for each of 50 candidates, totalling 50 fits
----------
iter: 1
n_candidates: 17
n_resources: 18
Fitting 1 folds for each of 17 candidates, totalling 17 fits
----------
iter: 2
n_candidates: 6
n_resources: 54
Fitting 1 folds for each of 6 candidates, totalling 6 fits
----------
iter: 3
n_candidates: 2
n_resources: 162
Fitting 1 folds for each of 2 candidates, totalling 2 fits
      -> [RandomForest + Jittering Set 1] Acc: 0.9933, F1: 0.9933, Time: 0.74s
n_iterations: 4
n_required_iterations: 4
n_possible_iterations: 7
min_resources_: 6
max_resources_: 11600
aggressive_elimination: False
factor: 3
----------
iter: 0
n_candidates: 50
n_resources: 6
Fitting 1 folds for each of 50 candidates, totalling 50 fits
----------
iter: 1
n_candidates: 17
n_resources: 18
Fitting 1 folds for each of 17 candidates, totalling 17 fits
----------
iter: 2
n_candidates: 6
n_resources: 54
Fitting 1 folds for each of 6 candidates, totalling 6 fits
----------
iter: 3
n_candidates: 2
n_resources: 162
Fitting 1 folds for each of 2 candidates, totalling 2 fits
      -> [LinearSVC + Jittering Set 1] Acc: 0.9650, F1: 0.9652, Time: 0.07s
n_iterations: 4
n_required_iterations: 4
n_possible_iterations: 7
min_resources_: 6
max_resources_: 11600
aggressive_elimination: False
factor: 3
----------
iter: 0
n_candidates: 50
n_resources: 6
Fitting 1 folds for each of 50 candidates, totalling 50 fits
----------
iter: 1
n_candidates: 17
n_resources: 18
Fitting 1 folds for each of 17 candidates, totalling 17 fits
----------
iter: 2
n_candidates: 6
n_resources: 54
Fitting 1 folds for each of 6 candidates, totalling 6 fits
----------
iter: 3
n_candidates: 2
n_resources: 162
Fitting 1 folds for each of 2 candidates, totalling 2 fits
      -> [LogisticRegression + Jittering Set 1] Acc: 0.8750, F1: 0.8760, Time: 0.32s
      [!] Failed evaluation with RNN on Jittering Set 1: name 'os' is not defined
    [=== Generating 3x synthetic data with Jittering (Set 2, Params: {'sigma': 0.1}) ===]
n_iterations: 4
n_required_iterations: 4
n_possible_iterations: 7
min_resources_: 6
max_resources_: 11600
aggressive_elimination: False
factor: 3
----------
iter: 0
n_candidates: 50
n_resources: 6
Fitting 1 folds for each of 50 candidates, totalling 50 fits
----------
iter: 1
n_candidates: 17
n_resources: 18
Fitting 1 folds for each of 17 candidates, totalling 17 fits
----------
iter: 2
n_candidates: 6
n_resources: 54
Fitting 1 folds for each of 6 candidates, totalling 6 fits
----------
iter: 3
n_candidates: 2
n_resources: 162
Fitting 1 folds for each of 2 candidates, totalling 2 fits
      -> [KNN + Jittering Set 2] Acc: 0.9967, F1: 0.9967, Time: 0.05s
n_iterations: 4
n_required_iterations: 4
n_possible_iterations: 7
min_resources_: 6
max_resources_: 11600
aggressive_elimination: False
factor: 3
----------
iter: 0
n_candidates: 50
n_resources: 6
Fitting 1 folds for each of 50 candidates, totalling 50 fits
----------
iter: 1
n_candidates: 17
n_resources: 18
Fitting 1 folds for each of 17 candidates, totalling 17 fits
----------
iter: 2
n_candidates: 6
n_resources: 54
Fitting 1 folds for each of 6 candidates, totalling 6 fits
----------
iter: 3
n_candidates: 2
n_resources: 162
Fitting 1 folds for each of 2 candidates, totalling 2 fits
      -> [RandomForest + Jittering Set 2] Acc: 0.9800, F1: 0.9799, Time: 0.79s
n_iterations: 4
n_required_iterations: 4
n_possible_iterations: 7
min_resources_: 6
max_resources_: 11600
aggressive_elimination: False
factor: 3
----------
iter: 0
n_candidates: 50
n_resources: 6
Fitting 1 folds for each of 50 candidates, totalling 50 fits
----------
iter: 1
n_candidates: 17
n_resources: 18
Fitting 1 folds for each of 17 candidates, totalling 17 fits
----------
iter: 2
n_candidates: 6
n_resources: 54
Fitting 1 folds for each of 6 candidates, totalling 6 fits
----------
iter: 3
n_candidates: 2
n_resources: 162
Fitting 1 folds for each of 2 candidates, totalling 2 fits
      -> [LinearSVC + Jittering Set 2] Acc: 0.9800, F1: 0.9800, Time: 0.07s
n_iterations: 4
n_required_iterations: 4
n_possible_iterations: 7
min_resources_: 6
max_resources_: 11600
aggressive_elimination: False
factor: 3
----------
iter: 0
n_candidates: 50
n_resources: 6
Fitting 1 folds for each of 50 candidates, totalling 50 fits
----------
iter: 1
n_candidates: 17
n_resources: 18
Fitting 1 folds for each of 17 candidates, totalling 17 fits
----------
iter: 2
n_candidates: 6
n_resources: 54
Fitting 1 folds for each of 6 candidates, totalling 6 fits
----------
iter: 3
n_candidates: 2
n_resources: 162
Fitting 1 folds for each of 2 candidates, totalling 2 fits
      -> [LogisticRegression + Jittering Set 2] Acc: 0.8867, F1: 0.8877, Time: 0.22s
      [!] Failed evaluation with RNN on Jittering Set 2: name 'os' is not defined
    [=== Generating 3x synthetic data with Jittering (Set 3, Params: {'sigma': 0.15}) ===]
n_iterations: 4
n_required_iterations: 4
n_possible_iterations: 7
min_resources_: 6
max_resources_: 11600
aggressive_elimination: False
factor: 3
----------
iter: 0
n_candidates: 50
n_resources: 6
Fitting 1 folds for each of 50 candidates, totalling 50 fits
----------
iter: 1
n_candidates: 17
n_resources: 18
Fitting 1 folds for each of 17 candidates, totalling 17 fits
----------
iter: 2
n_candidates: 6
n_resources: 54
Fitting 1 folds for each of 6 candidates, totalling 6 fits
----------
iter: 3
n_candidates: 2
n_resources: 162
Fitting 1 folds for each of 2 candidates, totalling 2 fits
      -> [KNN + Jittering Set 3] Acc: 0.9833, F1: 0.9834, Time: 0.06s
n_iterations: 4
n_required_iterations: 4
n_possible_iterations: 7
min_resources_: 6
max_resources_: 11600
aggressive_elimination: False
factor: 3
----------
iter: 0
n_candidates: 50
n_resources: 6
Fitting 1 folds for each of 50 candidates, totalling 50 fits
----------
iter: 1
n_candidates: 17
n_resources: 18
Fitting 1 folds for each of 17 candidates, totalling 17 fits
----------
iter: 2
n_candidates: 6
n_resources: 54
Fitting 1 folds for each of 6 candidates, totalling 6 fits
----------
iter: 3
n_candidates: 2
n_resources: 162
Fitting 1 folds for each of 2 candidates, totalling 2 fits
      -> [RandomForest + Jittering Set 3] Acc: 0.9817, F1: 0.9816, Time: 0.81s
n_iterations: 4
n_required_iterations: 4
n_possible_iterations: 7
min_resources_: 6
max_resources_: 11600
aggressive_elimination: False
factor: 3
----------
iter: 0
n_candidates: 50
n_resources: 6
Fitting 1 folds for each of 50 candidates, totalling 50 fits
----------
iter: 1
n_candidates: 17
n_resources: 18
Fitting 1 folds for each of 17 candidates, totalling 17 fits
----------
iter: 2
n_candidates: 6
n_resources: 54
Fitting 1 folds for each of 6 candidates, totalling 6 fits
----------
iter: 3
n_candidates: 2
n_resources: 162
Fitting 1 folds for each of 2 candidates, totalling 2 fits
      -> [LinearSVC + Jittering Set 3] Acc: 0.9850, F1: 0.9850, Time: 0.06s
n_iterations: 4
n_required_iterations: 4
n_possible_iterations: 7
min_resources_: 6
max_resources_: 11600
aggressive_elimination: False
factor: 3
----------
iter: 0
n_candidates: 50
n_resources: 6
Fitting 1 folds for each of 50 candidates, totalling 50 fits
----------
iter: 1
n_candidates: 17
n_resources: 18
Fitting 1 folds for each of 17 candidates, totalling 17 fits
----------
iter: 2
n_candidates: 6
n_resources: 54
Fitting 1 folds for each of 6 candidates, totalling 6 fits
----------
iter: 3
n_candidates: 2
n_resources: 162
Fitting 1 folds for each of 2 candidates, totalling 2 fits
      -> [LogisticRegression + Jittering Set 3] Acc: 0.9433, F1: 0.9438, Time: 0.06s
      [!] Failed evaluation with RNN on Jittering Set 3: name 'os' is not defined
    [=== Generating 3x synthetic data with Jittering (Set 4, Params: {'sigma': 0.05}) ===]
n_iterations: 4
n_required_iterations: 4
n_possible_iterations: 7
min_resources_: 6
max_resources_: 11600
aggressive_elimination: False
factor: 3
----------
iter: 0
n_candidates: 50
n_resources: 6
Fitting 1 folds for each of 50 candidates, totalling 50 fits
----------
iter: 1
n_candidates: 17
n_resources: 18
Fitting 1 folds for each of 17 candidates, totalling 17 fits
----------
iter: 2
n_candidates: 6
n_resources: 54
Fitting 1 folds for each of 6 candidates, totalling 6 fits
----------
iter: 3
n_candidates: 2
n_resources: 162
Fitting 1 folds for each of 2 candidates, totalling 2 fits
      -> [KNN + Jittering Set 4] Acc: 0.9983, F1: 0.9983, Time: 0.04s
n_iterations: 4
n_required_iterations: 4
n_possible_iterations: 7
min_resources_: 6
max_resources_: 11600
aggressive_elimination: False
factor: 3
----------
iter: 0
n_candidates: 50
n_resources: 6
Fitting 1 folds for each of 50 candidates, totalling 50 fits
----------
iter: 1
n_candidates: 17
n_resources: 18
Fitting 1 folds for each of 17 candidates, totalling 17 fits
----------
iter: 2
n_candidates: 6
n_resources: 54
Fitting 1 folds for each of 6 candidates, totalling 6 fits
----------
iter: 3
n_candidates: 2
n_resources: 162
Fitting 1 folds for each of 2 candidates, totalling 2 fits
      -> [RandomForest + Jittering Set 4] Acc: 0.9850, F1: 0.9849, Time: 0.71s
n_iterations: 4
n_required_iterations: 4
n_possible_iterations: 7
min_resources_: 6
max_resources_: 11600
aggressive_elimination: False
factor: 3
----------
iter: 0
n_candidates: 50
n_resources: 6
Fitting 1 folds for each of 50 candidates, totalling 50 fits
----------
iter: 1
n_candidates: 17
n_resources: 18
Fitting 1 folds for each of 17 candidates, totalling 17 fits
----------
iter: 2
n_candidates: 6
n_resources: 54
Fitting 1 folds for each of 6 candidates, totalling 6 fits
----------
iter: 3
n_candidates: 2
n_resources: 162
Fitting 1 folds for each of 2 candidates, totalling 2 fits
      -> [LinearSVC + Jittering Set 4] Acc: 0.9617, F1: 0.9619, Time: 0.07s
n_iterations: 4
n_required_iterations: 4
n_possible_iterations: 7
min_resources_: 6
max_resources_: 11600
aggressive_elimination: False
factor: 3
----------
iter: 0
n_candidates: 50
n_resources: 6
Fitting 1 folds for each of 50 candidates, totalling 50 fits
----------
iter: 1
n_candidates: 17
n_resources: 18
Fitting 1 folds for each of 17 candidates, totalling 17 fits
----------
iter: 2
n_candidates: 6
n_resources: 54
Fitting 1 folds for each of 6 candidates, totalling 6 fits
----------
iter: 3
n_candidates: 2
n_resources: 162
Fitting 1 folds for each of 2 candidates, totalling 2 fits
      -> [LogisticRegression + Jittering Set 4] Acc: 0.8650, F1: 0.8660, Time: 0.30s
      [!] Failed evaluation with RNN on Jittering Set 4: name 'os' is not defined
    [=== Generating 3x synthetic data with Jittering (Set 5, Params: {'sigma': 0.15}) ===]
n_iterations: 4
n_required_iterations: 4
n_possible_iterations: 7
min_resources_: 6
max_resources_: 11600
aggressive_elimination: False
factor: 3
----------
iter: 0
n_candidates: 50
n_resources: 6
Fitting 1 folds for each of 50 candidates, totalling 50 fits
----------
iter: 1
n_candidates: 17
n_resources: 18
Fitting 1 folds for each of 17 candidates, totalling 17 fits
----------
iter: 2
n_candidates: 6
n_resources: 54
Fitting 1 folds for each of 6 candidates, totalling 6 fits
----------
iter: 3
n_candidates: 2
n_resources: 162
Fitting 1 folds for each of 2 candidates, totalling 2 fits
      -> [KNN + Jittering Set 5] Acc: 0.9967, F1: 0.9967, Time: 0.02s
n_iterations: 4
n_required_iterations: 4
n_possible_iterations: 7
min_resources_: 6
max_resources_: 11600
aggressive_elimination: False
factor: 3
----------
iter: 0
n_candidates: 50
n_resources: 6
Fitting 1 folds for each of 50 candidates, totalling 50 fits
----------
iter: 1
n_candidates: 17
n_resources: 18
Fitting 1 folds for each of 17 candidates, totalling 17 fits
----------
iter: 2
n_candidates: 6
n_resources: 54
Fitting 1 folds for each of 6 candidates, totalling 6 fits
----------
iter: 3
n_candidates: 2
n_resources: 162
Fitting 1 folds for each of 2 candidates, totalling 2 fits
      -> [RandomForest + Jittering Set 5] Acc: 0.9933, F1: 0.9933, Time: 0.82s
n_iterations: 4
n_required_iterations: 4
n_possible_iterations: 7
min_resources_: 6
max_resources_: 11600
aggressive_elimination: False
factor: 3
----------
iter: 0
n_candidates: 50
n_resources: 6
Fitting 1 folds for each of 50 candidates, totalling 50 fits
----------
iter: 1
n_candidates: 17
n_resources: 18
Fitting 1 folds for each of 17 candidates, totalling 17 fits
----------
iter: 2
n_candidates: 6
n_resources: 54
Fitting 1 folds for each of 6 candidates, totalling 6 fits
----------
iter: 3
n_candidates: 2
n_resources: 162
Fitting 1 folds for each of 2 candidates, totalling 2 fits
      -> [LinearSVC + Jittering Set 5] Acc: 0.9900, F1: 0.9900, Time: 0.07s
n_iterations: 4
n_required_iterations: 4
n_possible_iterations: 7
min_resources_: 6
max_resources_: 11600
aggressive_elimination: False
factor: 3
----------
iter: 0
n_candidates: 50
n_resources: 6
Fitting 1 folds for each of 50 candidates, totalling 50 fits
----------
iter: 1
n_candidates: 17
n_resources: 18
Fitting 1 folds for each of 17 candidates, totalling 17 fits
----------
iter: 2
n_candidates: 6
n_resources: 54
Fitting 1 folds for each of 6 candidates, totalling 6 fits
----------
iter: 3
n_candidates: 2
n_resources: 162
Fitting 1 folds for each of 2 candidates, totalling 2 fits
      -> [LogisticRegression + Jittering Set 5] Acc: 0.9333, F1: 0.9340, Time: 0.06s
      [!] Failed evaluation with RNN on Jittering Set 5: name 'os' is not defined
    [=== Generating 3x synthetic data with Jittering (Set 6, Params: {'sigma': 0.15}) ===]
n_iterations: 4
n_required_iterations: 4
n_possible_iterations: 7
min_resources_: 6
max_resources_: 11600
aggressive_elimination: False
factor: 3
----------
iter: 0
n_candidates: 50
n_resources: 6
Fitting 1 folds for each of 50 candidates, totalling 50 fits
----------
iter: 1
n_candidates: 17
n_resources: 18
Fitting 1 folds for each of 17 candidates, totalling 17 fits
----------
iter: 2
n_candidates: 6
n_resources: 54
Fitting 1 folds for each of 6 candidates, totalling 6 fits
----------
iter: 3
n_candidates: 2
n_resources: 162
Fitting 1 folds for each of 2 candidates, totalling 2 fits
      -> [KNN + Jittering Set 6] Acc: 0.9950, F1: 0.9950, Time: 0.06s
n_iterations: 4
n_required_iterations: 4
n_possible_iterations: 7
min_resources_: 6
max_resources_: 11600
aggressive_elimination: False
factor: 3
----------
iter: 0
n_candidates: 50
n_resources: 6
Fitting 1 folds for each of 50 candidates, totalling 50 fits
----------
iter: 1
n_candidates: 17
n_resources: 18
Fitting 1 folds for each of 17 candidates, totalling 17 fits
----------
iter: 2
n_candidates: 6
n_resources: 54
Fitting 1 folds for each of 6 candidates, totalling 6 fits
----------
iter: 3
n_candidates: 2
n_resources: 162
Fitting 1 folds for each of 2 candidates, totalling 2 fits
      -> [RandomForest + Jittering Set 6] Acc: 0.9950, F1: 0.9950, Time: 0.84s
n_iterations: 4
n_required_iterations: 4
n_possible_iterations: 7
min_resources_: 6
max_resources_: 11600
aggressive_elimination: False
factor: 3
----------
iter: 0
n_candidates: 50
n_resources: 6
Fitting 1 folds for each of 50 candidates, totalling 50 fits
----------
iter: 1
n_candidates: 17
n_resources: 18
Fitting 1 folds for each of 17 candidates, totalling 17 fits
----------
iter: 2
n_candidates: 6
n_resources: 54
Fitting 1 folds for each of 6 candidates, totalling 6 fits
----------
iter: 3
n_candidates: 2
n_resources: 162
Fitting 1 folds for each of 2 candidates, totalling 2 fits
      -> [LinearSVC + Jittering Set 6] Acc: 0.9817, F1: 0.9816, Time: 0.07s
n_iterations: 4
n_required_iterations: 4
n_possible_iterations: 7
min_resources_: 6
max_resources_: 11600
aggressive_elimination: False
factor: 3
----------
iter: 0
n_candidates: 50
n_resources: 6
Fitting 1 folds for each of 50 candidates, totalling 50 fits
----------
iter: 1
n_candidates: 17
n_resources: 18
Fitting 1 folds for each of 17 candidates, totalling 17 fits
----------
iter: 2
n_candidates: 6
n_resources: 54
Fitting 1 folds for each of 6 candidates, totalling 6 fits
----------
iter: 3
n_candidates: 2
n_resources: 162
Fitting 1 folds for each of 2 candidates, totalling 2 fits
      -> [LogisticRegression + Jittering Set 6] Acc: 0.8783, F1: 0.8794, Time: 0.30s
      [!] Failed evaluation with RNN on Jittering Set 6: name 'os' is not defined
    [=== Generating 3x synthetic data with Jittering (Set 7, Params: {'sigma': 0.03}) ===]
n_iterations: 4
n_required_iterations: 4
n_possible_iterations: 7
min_resources_: 6
max_resources_: 11600
aggressive_elimination: False
factor: 3
----------
iter: 0
n_candidates: 50
n_resources: 6
Fitting 1 folds for each of 50 candidates, totalling 50 fits
----------
iter: 1
n_candidates: 17
n_resources: 18
Fitting 1 folds for each of 17 candidates, totalling 17 fits
----------
iter: 2
n_candidates: 6
n_resources: 54
Fitting 1 folds for each of 6 candidates, totalling 6 fits
----------
iter: 3
n_candidates: 2
n_resources: 162
Fitting 1 folds for each of 2 candidates, totalling 2 fits
      -> [KNN + Jittering Set 7] Acc: 0.9983, F1: 0.9983, Time: 0.04s
n_iterations: 4
n_required_iterations: 4
n_possible_iterations: 7
min_resources_: 6
max_resources_: 11600
aggressive_elimination: False
factor: 3
----------
iter: 0
n_candidates: 50
n_resources: 6
Fitting 1 folds for each of 50 candidates, totalling 50 fits
----------
iter: 1
n_candidates: 17
n_resources: 18
Fitting 1 folds for each of 17 candidates, totalling 17 fits
----------
iter: 2
n_candidates: 6
n_resources: 54
Fitting 1 folds for each of 6 candidates, totalling 6 fits
----------
iter: 3
n_candidates: 2
n_resources: 162
Fitting 1 folds for each of 2 candidates, totalling 2 fits
      -> [RandomForest + Jittering Set 7] Acc: 0.9800, F1: 0.9799, Time: 0.59s
n_iterations: 4
n_required_iterations: 4
n_possible_iterations: 7
min_resources_: 6
max_resources_: 11600
aggressive_elimination: False
factor: 3
----------
iter: 0
n_candidates: 50
n_resources: 6
Fitting 1 folds for each of 50 candidates, totalling 50 fits
----------
iter: 1
n_candidates: 17
n_resources: 18
Fitting 1 folds for each of 17 candidates, totalling 17 fits
----------
iter: 2
n_candidates: 6
n_resources: 54
Fitting 1 folds for each of 6 candidates, totalling 6 fits
----------
iter: 3
n_candidates: 2
n_resources: 162
Fitting 1 folds for each of 2 candidates, totalling 2 fits
      -> [LinearSVC + Jittering Set 7] Acc: 0.9617, F1: 0.9619, Time: 0.07s
n_iterations: 4
n_required_iterations: 4
n_possible_iterations: 7
min_resources_: 6
max_resources_: 11600
aggressive_elimination: False
factor: 3
----------
iter: 0
n_candidates: 50
n_resources: 6
Fitting 1 folds for each of 50 candidates, totalling 50 fits
----------
iter: 1
n_candidates: 17
n_resources: 18
Fitting 1 folds for each of 17 candidates, totalling 17 fits
----------
iter: 2
n_candidates: 6
n_resources: 54
Fitting 1 folds for each of 6 candidates, totalling 6 fits
----------
iter: 3
n_candidates: 2
n_resources: 162
Fitting 1 folds for each of 2 candidates, totalling 2 fits
      -> [LogisticRegression + Jittering Set 7] Acc: 0.8750, F1: 0.8760, Time: 0.27s
      [!] Failed evaluation with RNN on Jittering Set 7: name 'os' is not defined
    [=== Generating 3x synthetic data with Jittering (Set 8, Params: {'sigma': 0.05}) ===]
n_iterations: 4
n_required_iterations: 4
n_possible_iterations: 7
min_resources_: 6
max_resources_: 11600
aggressive_elimination: False
factor: 3
----------
iter: 0
n_candidates: 50
n_resources: 6
Fitting 1 folds for each of 50 candidates, totalling 50 fits
----------
iter: 1
n_candidates: 17
n_resources: 18
Fitting 1 folds for each of 17 candidates, totalling 17 fits
----------
iter: 2
n_candidates: 6
n_resources: 54
Fitting 1 folds for each of 6 candidates, totalling 6 fits
----------
iter: 3
n_candidates: 2
n_resources: 162
Fitting 1 folds for each of 2 candidates, totalling 2 fits
      -> [KNN + Jittering Set 8] Acc: 0.9783, F1: 0.9783, Time: 0.02s
n_iterations: 4
n_required_iterations: 4
n_possible_iterations: 7
min_resources_: 6
max_resources_: 11600
aggressive_elimination: False
factor: 3
----------
iter: 0
n_candidates: 50
n_resources: 6
Fitting 1 folds for each of 50 candidates, totalling 50 fits
----------
iter: 1
n_candidates: 17
n_resources: 18
Fitting 1 folds for each of 17 candidates, totalling 17 fits
----------
iter: 2
n_candidates: 6
n_resources: 54
Fitting 1 folds for each of 6 candidates, totalling 6 fits
----------
iter: 3
n_candidates: 2
n_resources: 162
Fitting 1 folds for each of 2 candidates, totalling 2 fits
      -> [RandomForest + Jittering Set 8] Acc: 0.9817, F1: 0.9816, Time: 0.63s
n_iterations: 4
n_required_iterations: 4
n_possible_iterations: 7
min_resources_: 6
max_resources_: 11600
aggressive_elimination: False
factor: 3
----------
iter: 0
n_candidates: 50
n_resources: 6
Fitting 1 folds for each of 50 candidates, totalling 50 fits
----------
iter: 1
n_candidates: 17
n_resources: 18
Fitting 1 folds for each of 17 candidates, totalling 17 fits
----------
iter: 2
n_candidates: 6
n_resources: 54
Fitting 1 folds for each of 6 candidates, totalling 6 fits
----------
iter: 3
n_candidates: 2
n_resources: 162
Fitting 1 folds for each of 2 candidates, totalling 2 fits
      -> [LinearSVC + Jittering Set 8] Acc: 0.9650, F1: 0.9652, Time: 0.06s
n_iterations: 4
n_required_iterations: 4
n_possible_iterations: 7
min_resources_: 6
max_resources_: 11600
aggressive_elimination: False
factor: 3
----------
iter: 0
n_candidates: 50
n_resources: 6
Fitting 1 folds for each of 50 candidates, totalling 50 fits
----------
iter: 1
n_candidates: 17
n_resources: 18
Fitting 1 folds for each of 17 candidates, totalling 17 fits
----------
iter: 2
n_candidates: 6
n_resources: 54
Fitting 1 folds for each of 6 candidates, totalling 6 fits
----------
iter: 3
n_candidates: 2
n_resources: 162
Fitting 1 folds for each of 2 candidates, totalling 2 fits
      -> [LogisticRegression + Jittering Set 8] Acc: 0.8733, F1: 0.8744, Time: 0.26s
      [!] Failed evaluation with RNN on Jittering Set 8: name 'os' is not defined
    [=== Generating 3x synthetic data with Jittering (Set 9, Params: {'sigma': 0.05}) ===]
n_iterations: 4
n_required_iterations: 4
n_possible_iterations: 7
min_resources_: 6
max_resources_: 11600
aggressive_elimination: False
factor: 3
----------
iter: 0
n_candidates: 50
n_resources: 6
Fitting 1 folds for each of 50 candidates, totalling 50 fits
----------
iter: 1
n_candidates: 17
n_resources: 18
Fitting 1 folds for each of 17 candidates, totalling 17 fits
----------
iter: 2
n_candidates: 6
n_resources: 54
Fitting 1 folds for each of 6 candidates, totalling 6 fits
----------
iter: 3
n_candidates: 2
n_resources: 162
Fitting 1 folds for each of 2 candidates, totalling 2 fits
      -> [KNN + Jittering Set 9] Acc: 0.9950, F1: 0.9950, Time: 0.04s
n_iterations: 4
n_required_iterations: 4
n_possible_iterations: 7
min_resources_: 6
max_resources_: 11600
aggressive_elimination: False
factor: 3
----------
iter: 0
n_candidates: 50
n_resources: 6
Fitting 1 folds for each of 50 candidates, totalling 50 fits
----------
iter: 1
n_candidates: 17
n_resources: 18
Fitting 1 folds for each of 17 candidates, totalling 17 fits
----------
iter: 2
n_candidates: 6
n_resources: 54
Fitting 1 folds for each of 6 candidates, totalling 6 fits
----------
iter: 3
n_candidates: 2
n_resources: 162
Fitting 1 folds for each of 2 candidates, totalling 2 fits
      -> [RandomForest + Jittering Set 9] Acc: 0.9900, F1: 0.9900, Time: 0.65s
n_iterations: 4
n_required_iterations: 4
n_possible_iterations: 7
min_resources_: 6
max_resources_: 11600
aggressive_elimination: False
factor: 3
----------
iter: 0
n_candidates: 50
n_resources: 6
Fitting 1 folds for each of 50 candidates, totalling 50 fits
----------
iter: 1
n_candidates: 17
n_resources: 18
Fitting 1 folds for each of 17 candidates, totalling 17 fits
----------
iter: 2
n_candidates: 6
n_resources: 54
Fitting 1 folds for each of 6 candidates, totalling 6 fits
----------
iter: 3
n_candidates: 2
n_resources: 162
Fitting 1 folds for each of 2 candidates, totalling 2 fits
      -> [LinearSVC + Jittering Set 9] Acc: 0.9650, F1: 0.9652, Time: 0.06s
n_iterations: 4
n_required_iterations: 4
n_possible_iterations: 7
min_resources_: 6
max_resources_: 11600
aggressive_elimination: False
factor: 3
----------
iter: 0
n_candidates: 50
n_resources: 6
Fitting 1 folds for each of 50 candidates, totalling 50 fits
----------
iter: 1
n_candidates: 17
n_resources: 18
Fitting 1 folds for each of 17 candidates, totalling 17 fits
----------
iter: 2
n_candidates: 6
n_resources: 54
Fitting 1 folds for each of 6 candidates, totalling 6 fits
----------
iter: 3
n_candidates: 2
n_resources: 162
Fitting 1 folds for each of 2 candidates, totalling 2 fits
      -> [LogisticRegression + Jittering Set 9] Acc: 0.8750, F1: 0.8760, Time: 0.10s
      [!] Failed evaluation with RNN on Jittering Set 9: name 'os' is not defined
    [=== Generating 3x synthetic data with Jittering (Set 10, Params: {'sigma': 0.05}) ===]
n_iterations: 4
n_required_iterations: 4
n_possible_iterations: 7
min_resources_: 6
max_resources_: 11600
aggressive_elimination: False
factor: 3
----------
iter: 0
n_candidates: 50
n_resources: 6
Fitting 1 folds for each of 50 candidates, totalling 50 fits
----------
iter: 1
n_candidates: 17
n_resources: 18
Fitting 1 folds for each of 17 candidates, totalling 17 fits
----------
iter: 2
n_candidates: 6
n_resources: 54
Fitting 1 folds for each of 6 candidates, totalling 6 fits
----------
iter: 3
n_candidates: 2
n_resources: 162
Fitting 1 folds for each of 2 candidates, totalling 2 fits
      -> [KNN + Jittering Set 10] Acc: 0.9983, F1: 0.9983, Time: 0.05s
n_iterations: 4
n_required_iterations: 4
n_possible_iterations: 7
min_resources_: 6
max_resources_: 11600
aggressive_elimination: False
factor: 3
----------
iter: 0
n_candidates: 50
n_resources: 6
Fitting 1 folds for each of 50 candidates, totalling 50 fits
----------
iter: 1
n_candidates: 17
n_resources: 18
Fitting 1 folds for each of 17 candidates, totalling 17 fits
----------
iter: 2
n_candidates: 6
n_resources: 54
Fitting 1 folds for each of 6 candidates, totalling 6 fits
----------
iter: 3
n_candidates: 2
n_resources: 162
Fitting 1 folds for each of 2 candidates, totalling 2 fits
      -> [RandomForest + Jittering Set 10] Acc: 0.9967, F1: 0.9967, Time: 2.18s
n_iterations: 4
n_required_iterations: 4
n_possible_iterations: 7
min_resources_: 6
max_resources_: 11600
aggressive_elimination: False
factor: 3
----------
iter: 0
n_candidates: 50
n_resources: 6
Fitting 1 folds for each of 50 candidates, totalling 50 fits
----------
iter: 1
n_candidates: 17
n_resources: 18
Fitting 1 folds for each of 17 candidates, totalling 17 fits
----------
iter: 2
n_candidates: 6
n_resources: 54
Fitting 1 folds for each of 6 candidates, totalling 6 fits
----------
iter: 3
n_candidates: 2
n_resources: 162
Fitting 1 folds for each of 2 candidates, totalling 2 fits
      -> [LinearSVC + Jittering Set 10] Acc: 0.9567, F1: 0.9569, Time: 0.07s
n_iterations: 4
n_required_iterations: 4
n_possible_iterations: 7
min_resources_: 6
max_resources_: 11600
aggressive_elimination: False
factor: 3
----------
iter: 0
n_candidates: 50
n_resources: 6
Fitting 1 folds for each of 50 candidates, totalling 50 fits
----------
iter: 1
n_candidates: 17
n_resources: 18
Fitting 1 folds for each of 17 candidates, totalling 17 fits
----------
iter: 2
n_candidates: 6
n_resources: 54
Fitting 1 folds for each of 6 candidates, totalling 6 fits
----------
iter: 3
n_candidates: 2
n_resources: 162
Fitting 1 folds for each of 2 candidates, totalling 2 fits
      -> [LogisticRegression + Jittering Set 10] Acc: 0.8717, F1: 0.8727, Time: 0.10s
      [!] Failed evaluation with RNN on Jittering Set 10: name 'os' is not defined
    [=== Generating 5x synthetic data with Jittering (Set 1, Params: {'sigma': 0.03}) ===]
n_iterations: 4
n_required_iterations: 4
n_possible_iterations: 8
min_resources_: 6
max_resources_: 17400
aggressive_elimination: False
factor: 3
----------
iter: 0
n_candidates: 50
n_resources: 6
Fitting 1 folds for each of 50 candidates, totalling 50 fits
      -> [KNN + Jittering Set 1] Acc: 0.9817, F1: 0.9816, Time: 0.05s
n_iterations: 4
n_required_iterations: 4
n_possible_iterations: 8
min_resources_: 6
max_resources_: 17400
aggressive_elimination: False
factor: 3
----------
iter: 0
n_candidates: 50
n_resources: 6
Fitting 1 folds for each of 50 candidates, totalling 50 fits
      -> [RandomForest + Jittering Set 1] Acc: 0.9983, F1: 0.9983, Time: 2.36s
n_iterations: 4
n_required_iterations: 4
n_possible_iterations: 8
min_resources_: 6
max_resources_: 17400
aggressive_elimination: False
factor: 3
----------
iter: 0
n_candidates: 50
n_resources: 6
Fitting 1 folds for each of 50 candidates, totalling 50 fits
      -> [LinearSVC + Jittering Set 1] Acc: 0.9300, F1: 0.9306, Time: 0.05s
n_iterations: 4
n_required_iterations: 4
n_possible_iterations: 8
min_resources_: 6
max_resources_: 17400
aggressive_elimination: False
factor: 3
----------
iter: 0
n_candidates: 50
n_resources: 6
Fitting 1 folds for each of 50 candidates, totalling 50 fits
      -> [LogisticRegression + Jittering Set 1] Acc: 0.8733, F1: 0.8744, Time: 0.51s
      [!] Failed evaluation with RNN on Jittering Set 1: name 'os' is not defined
    [=== Generating 5x synthetic data with Jittering (Set 2, Params: {'sigma': 0.1}) ===]
n_iterations: 4
n_required_iterations: 4
n_possible_iterations: 8
min_resources_: 6
max_resources_: 17400
aggressive_elimination: False
factor: 3
----------
iter: 0
n_candidates: 50
n_resources: 6
Fitting 1 folds for each of 50 candidates, totalling 50 fits
      -> [KNN + Jittering Set 2] Acc: 0.9617, F1: 0.9617, Time: 0.05s
n_iterations: 4
n_required_iterations: 4
n_possible_iterations: 8
min_resources_: 6
max_resources_: 17400
aggressive_elimination: False
factor: 3
----------
iter: 0
n_candidates: 50
n_resources: 6
Fitting 1 folds for each of 50 candidates, totalling 50 fits
      -> [RandomForest + Jittering Set 2] Acc: 0.9917, F1: 0.9916, Time: 2.79s
n_iterations: 4
n_required_iterations: 4
n_possible_iterations: 8
min_resources_: 6
max_resources_: 17400
aggressive_elimination: False
factor: 3
----------
iter: 0
n_candidates: 50
n_resources: 6
Fitting 1 folds for each of 50 candidates, totalling 50 fits
      -> [LinearSVC + Jittering Set 2] Acc: 0.9700, F1: 0.9701, Time: 0.05s
n_iterations: 4
n_required_iterations: 4
n_possible_iterations: 8
min_resources_: 6
max_resources_: 17400
aggressive_elimination: False
factor: 3
----------
iter: 0
n_candidates: 50
n_resources: 6
Fitting 1 folds for each of 50 candidates, totalling 50 fits
      -> [LogisticRegression + Jittering Set 2] Acc: 0.8717, F1: 0.8727, Time: 0.30s
      [!] Failed evaluation with RNN on Jittering Set 2: name 'os' is not defined
    [=== Generating 5x synthetic data with Jittering (Set 3, Params: {'sigma': 0.15}) ===]
n_iterations: 4
n_required_iterations: 4
n_possible_iterations: 8
min_resources_: 6
max_resources_: 17400
aggressive_elimination: False
factor: 3
----------
iter: 0
n_candidates: 50
n_resources: 6
Fitting 1 folds for each of 50 candidates, totalling 50 fits
      -> [KNN + Jittering Set 3] Acc: 0.9850, F1: 0.9850, Time: 0.10s
n_iterations: 4
n_required_iterations: 4
n_possible_iterations: 8
min_resources_: 6
max_resources_: 17400
aggressive_elimination: False
factor: 3
----------
iter: 0
n_candidates: 50
n_resources: 6
Fitting 1 folds for each of 50 candidates, totalling 50 fits
      -> [RandomForest + Jittering Set 3] Acc: 0.9983, F1: 0.9983, Time: 2.95s
n_iterations: 4
n_required_iterations: 4
n_possible_iterations: 8
min_resources_: 6
max_resources_: 17400
aggressive_elimination: False
factor: 3
----------
iter: 0
n_candidates: 50
n_resources: 6
Fitting 1 folds for each of 50 candidates, totalling 50 fits
      -> [LinearSVC + Jittering Set 3] Acc: 0.9850, F1: 0.9849, Time: 0.05s
n_iterations: 4
n_required_iterations: 4
n_possible_iterations: 8
min_resources_: 6
max_resources_: 17400
aggressive_elimination: False
factor: 3
----------
iter: 0
n_candidates: 50
n_resources: 6
Fitting 1 folds for each of 50 candidates, totalling 50 fits
      -> [LogisticRegression + Jittering Set 3] Acc: 0.8883, F1: 0.8894, Time: 0.23s
      [!] Failed evaluation with RNN on Jittering Set 3: name 'os' is not defined
    [=== Generating 5x synthetic data with Jittering (Set 4, Params: {'sigma': 0.05}) ===]
n_iterations: 4
n_required_iterations: 4
n_possible_iterations: 8
min_resources_: 6
max_resources_: 17400
aggressive_elimination: False
factor: 3
----------
iter: 0
n_candidates: 50
n_resources: 6
Fitting 1 folds for each of 50 candidates, totalling 50 fits
      -> [KNN + Jittering Set 4] Acc: 0.9783, F1: 0.9783, Time: 0.10s
n_iterations: 4
n_required_iterations: 4
n_possible_iterations: 8
min_resources_: 6
max_resources_: 17400
aggressive_elimination: False
factor: 3
----------
iter: 0
n_candidates: 50
n_resources: 6
Fitting 1 folds for each of 50 candidates, totalling 50 fits
      -> [RandomForest + Jittering Set 4] Acc: 0.9817, F1: 0.9816, Time: 2.51s
n_iterations: 4
n_required_iterations: 4
n_possible_iterations: 8
min_resources_: 6
max_resources_: 17400
aggressive_elimination: False
factor: 3
----------
iter: 0
n_candidates: 50
n_resources: 6
Fitting 1 folds for each of 50 candidates, totalling 50 fits
      -> [LinearSVC + Jittering Set 4] Acc: 0.9350, F1: 0.9356, Time: 0.05s
n_iterations: 4
n_required_iterations: 4
n_possible_iterations: 8
min_resources_: 6
max_resources_: 17400
aggressive_elimination: False
factor: 3
----------
iter: 0
n_candidates: 50
n_resources: 6
Fitting 1 folds for each of 50 candidates, totalling 50 fits
      -> [LogisticRegression + Jittering Set 4] Acc: 0.8667, F1: 0.8676, Time: 0.62s
      [!] Failed evaluation with RNN on Jittering Set 4: name 'os' is not defined
    [=== Generating 5x synthetic data with Jittering (Set 5, Params: {'sigma': 0.15}) ===]
n_iterations: 4
n_required_iterations: 4
n_possible_iterations: 8
min_resources_: 6
max_resources_: 17400
aggressive_elimination: False
factor: 3
----------
iter: 0
n_candidates: 50
n_resources: 6
Fitting 1 folds for each of 50 candidates, totalling 50 fits
      -> [KNN + Jittering Set 5] Acc: 0.9650, F1: 0.9652, Time: 0.10s
n_iterations: 4
n_required_iterations: 4
n_possible_iterations: 8
min_resources_: 6
max_resources_: 17400
aggressive_elimination: False
factor: 3
----------
iter: 0
n_candidates: 50
n_resources: 6
Fitting 1 folds for each of 50 candidates, totalling 50 fits
      -> [RandomForest + Jittering Set 5] Acc: 0.9967, F1: 0.9967, Time: 2.84s
n_iterations: 4
n_required_iterations: 4
n_possible_iterations: 8
min_resources_: 6
max_resources_: 17400
aggressive_elimination: False
factor: 3
----------
iter: 0
n_candidates: 50
n_resources: 6
Fitting 1 folds for each of 50 candidates, totalling 50 fits
      -> [LinearSVC + Jittering Set 5] Acc: 0.9850, F1: 0.9849, Time: 0.05s
n_iterations: 4
n_required_iterations: 4
n_possible_iterations: 8
min_resources_: 6
max_resources_: 17400
aggressive_elimination: False
factor: 3
----------
iter: 0
n_candidates: 50
n_resources: 6
Fitting 1 folds for each of 50 candidates, totalling 50 fits
      -> [LogisticRegression + Jittering Set 5] Acc: 0.8867, F1: 0.8878, Time: 0.10s
      [!] Failed evaluation with RNN on Jittering Set 5: name 'os' is not defined
    [=== Generating 5x synthetic data with Jittering (Set 6, Params: {'sigma': 0.15}) ===]
n_iterations: 4
n_required_iterations: 4
n_possible_iterations: 8
min_resources_: 6
max_resources_: 17400
aggressive_elimination: False
factor: 3
----------
iter: 0
n_candidates: 50
n_resources: 6
Fitting 1 folds for each of 50 candidates, totalling 50 fits
      -> [KNN + Jittering Set 6] Acc: 0.9750, F1: 0.9749, Time: 0.05s
n_iterations: 4
n_required_iterations: 4
n_possible_iterations: 8
min_resources_: 6
max_resources_: 17400
aggressive_elimination: False
factor: 3
----------
iter: 0
n_candidates: 50
n_resources: 6
Fitting 1 folds for each of 50 candidates, totalling 50 fits
      -> [RandomForest + Jittering Set 6] Acc: 0.9883, F1: 0.9883, Time: 3.06s
n_iterations: 4
n_required_iterations: 4
n_possible_iterations: 8
min_resources_: 6
max_resources_: 17400
aggressive_elimination: False
factor: 3
----------
iter: 0
n_candidates: 50
n_resources: 6
Fitting 1 folds for each of 50 candidates, totalling 50 fits
      -> [LinearSVC + Jittering Set 6] Acc: 0.9867, F1: 0.9866, Time: 0.04s
n_iterations: 4
n_required_iterations: 4
n_possible_iterations: 8
min_resources_: 6
max_resources_: 17400
aggressive_elimination: False
factor: 3
----------
iter: 0
n_candidates: 50
n_resources: 6
Fitting 1 folds for each of 50 candidates, totalling 50 fits
      -> [LogisticRegression + Jittering Set 6] Acc: 0.8967, F1: 0.8977, Time: 0.14s
      [!] Failed evaluation with RNN on Jittering Set 6: name 'os' is not defined
    [=== Generating 5x synthetic data with Jittering (Set 7, Params: {'sigma': 0.03}) ===]
n_iterations: 4
n_required_iterations: 4
n_possible_iterations: 8
min_resources_: 6
max_resources_: 17400
aggressive_elimination: False
factor: 3
----------
iter: 0
n_candidates: 50
n_resources: 6
Fitting 1 folds for each of 50 candidates, totalling 50 fits
      -> [KNN + Jittering Set 7] Acc: 0.9817, F1: 0.9816, Time: 0.10s
n_iterations: 4
n_required_iterations: 4
n_possible_iterations: 8
min_resources_: 6
max_resources_: 17400
aggressive_elimination: False
factor: 3
----------
iter: 0
n_candidates: 50
n_resources: 6
Fitting 1 folds for each of 50 candidates, totalling 50 fits
      -> [RandomForest + Jittering Set 7] Acc: 0.9783, F1: 0.9782, Time: 2.42s
n_iterations: 4
n_required_iterations: 4
n_possible_iterations: 8
min_resources_: 6
max_resources_: 17400
aggressive_elimination: False
factor: 3
----------
iter: 0
n_candidates: 50
n_resources: 6
Fitting 1 folds for each of 50 candidates, totalling 50 fits
      -> [LinearSVC + Jittering Set 7] Acc: 0.9267, F1: 0.9274, Time: 0.06s
n_iterations: 4
n_required_iterations: 4
n_possible_iterations: 8
min_resources_: 6
max_resources_: 17400
aggressive_elimination: False
factor: 3
----------
iter: 0
n_candidates: 50
n_resources: 6
Fitting 1 folds for each of 50 candidates, totalling 50 fits
      -> [LogisticRegression + Jittering Set 7] Acc: 0.8700, F1: 0.8710, Time: 0.64s
      [!] Failed evaluation with RNN on Jittering Set 7: name 'os' is not defined
    [=== Generating 5x synthetic data with Jittering (Set 8, Params: {'sigma': 0.05}) ===]
n_iterations: 4
n_required_iterations: 4
n_possible_iterations: 8
min_resources_: 6
max_resources_: 17400
aggressive_elimination: False
factor: 3
----------
iter: 0
n_candidates: 50
n_resources: 6
Fitting 1 folds for each of 50 candidates, totalling 50 fits
      -> [KNN + Jittering Set 8] Acc: 0.9850, F1: 0.9849, Time: 0.11s
n_iterations: 4
n_required_iterations: 4
n_possible_iterations: 8
min_resources_: 6
max_resources_: 17400
aggressive_elimination: False
factor: 3
----------
iter: 0
n_candidates: 50
n_resources: 6
Fitting 1 folds for each of 50 candidates, totalling 50 fits
      -> [RandomForest + Jittering Set 8] Acc: 0.9783, F1: 0.9782, Time: 2.77s
n_iterations: 4
n_required_iterations: 4
n_possible_iterations: 8
min_resources_: 6
max_resources_: 17400
aggressive_elimination: False
factor: 3
----------
iter: 0
n_candidates: 50
n_resources: 6
Fitting 1 folds for each of 50 candidates, totalling 50 fits
      -> [LinearSVC + Jittering Set 8] Acc: 0.9450, F1: 0.9454, Time: 0.06s
n_iterations: 4
n_required_iterations: 4
n_possible_iterations: 8
min_resources_: 6
max_resources_: 17400
aggressive_elimination: False
factor: 3
----------
iter: 0
n_candidates: 50
n_resources: 6
Fitting 1 folds for each of 50 candidates, totalling 50 fits
      -> [LogisticRegression + Jittering Set 8] Acc: 0.8783, F1: 0.8794, Time: 0.66s
      [!] Failed evaluation with RNN on Jittering Set 8: name 'os' is not defined
    [=== Generating 5x synthetic data with Jittering (Set 9, Params: {'sigma': 0.05}) ===]
n_iterations: 4
n_required_iterations: 4
n_possible_iterations: 8
min_resources_: 6
max_resources_: 17400
aggressive_elimination: False
factor: 3
----------
iter: 0
n_candidates: 50
n_resources: 6
Fitting 1 folds for each of 50 candidates, totalling 50 fits
      -> [KNN + Jittering Set 9] Acc: 0.9817, F1: 0.9816, Time: 0.06s
n_iterations: 4
n_required_iterations: 4
n_possible_iterations: 8
min_resources_: 6
max_resources_: 17400
aggressive_elimination: False
factor: 3
----------
iter: 0
n_candidates: 50
n_resources: 6
Fitting 1 folds for each of 50 candidates, totalling 50 fits
      -> [RandomForest + Jittering Set 9] Acc: 0.9817, F1: 0.9816, Time: 2.79s
n_iterations: 4
n_required_iterations: 4
n_possible_iterations: 8
min_resources_: 6
max_resources_: 17400
aggressive_elimination: False
factor: 3
----------
iter: 0
n_candidates: 50
n_resources: 6
Fitting 1 folds for each of 50 candidates, totalling 50 fits
      -> [LinearSVC + Jittering Set 9] Acc: 0.9400, F1: 0.9405, Time: 0.12s
n_iterations: 4
n_required_iterations: 4
n_possible_iterations: 8
min_resources_: 6
max_resources_: 17400
aggressive_elimination: False
factor: 3
----------
iter: 0
n_candidates: 50
n_resources: 6
Fitting 1 folds for each of 50 candidates, totalling 50 fits
      -> [LogisticRegression + Jittering Set 9] Acc: 0.8717, F1: 0.8727, Time: 0.58s
      [!] Failed evaluation with RNN on Jittering Set 9: name 'os' is not defined
    [=== Generating 5x synthetic data with Jittering (Set 10, Params: {'sigma': 0.05}) ===]
n_iterations: 4
n_required_iterations: 4
n_possible_iterations: 8
min_resources_: 6
max_resources_: 17400
aggressive_elimination: False
factor: 3
----------
iter: 0
n_candidates: 50
n_resources: 6
Fitting 1 folds for each of 50 candidates, totalling 50 fits
      -> [KNN + Jittering Set 10] Acc: 0.9800, F1: 0.9799, Time: 0.10s
n_iterations: 4
n_required_iterations: 4
n_possible_iterations: 8
min_resources_: 6
max_resources_: 17400
aggressive_elimination: False
factor: 3
----------
iter: 0
n_candidates: 50
n_resources: 6
Fitting 1 folds for each of 50 candidates, totalling 50 fits
      -> [RandomForest + Jittering Set 10] Acc: 0.9817, F1: 0.9816, Time: 2.60s
n_iterations: 4
n_required_iterations: 4
n_possible_iterations: 8
min_resources_: 6
max_resources_: 17400
aggressive_elimination: False
factor: 3
----------
iter: 0
n_candidates: 50
n_resources: 6
Fitting 1 folds for each of 50 candidates, totalling 50 fits
      -> [LinearSVC + Jittering Set 10] Acc: 0.9450, F1: 0.9454, Time: 0.05s
n_iterations: 4
n_required_iterations: 4
n_possible_iterations: 8
min_resources_: 6
max_resources_: 17400
aggressive_elimination: False
factor: 3
----------
iter: 0
n_candidates: 50
n_resources: 6
Fitting 1 folds for each of 50 candidates, totalling 50 fits
      -> [LogisticRegression + Jittering Set 10] Acc: 0.8750, F1: 0.8760, Time: 0.55s
      [!] Failed evaluation with RNN on Jittering Set 10: name 'os' is not defined
    [=== Generating 10x synthetic data with Jittering (Set 1, Params: {'sigma': 0.03}) ===]
n_iterations: 4
n_required_iterations: 4
n_possible_iterations: 8
min_resources_: 6
max_resources_: 31900
aggressive_elimination: False
factor: 3
----------
iter: 0
n_candidates: 50
n_resources: 6
Fitting 1 folds for each of 50 candidates, totalling 50 fits
      -> [KNN + Jittering Set 1] Acc: 0.9783, F1: 0.9783, Time: 0.08s
n_iterations: 4
n_required_iterations: 4
n_possible_iterations: 8
min_resources_: 6
max_resources_: 31900
aggressive_elimination: False
factor: 3
----------
iter: 0
n_candidates: 50
n_resources: 6
Fitting 1 folds for each of 50 candidates, totalling 50 fits
      -> [RandomForest + Jittering Set 1] Acc: 0.9800, F1: 0.9799, Time: 5.66s
n_iterations: 4
n_required_iterations: 4
n_possible_iterations: 8
min_resources_: 6
max_resources_: 31900
aggressive_elimination: False
factor: 3
----------
iter: 0
n_candidates: 50
n_resources: 6
Fitting 1 folds for each of 50 candidates, totalling 50 fits
      -> [LinearSVC + Jittering Set 1] Acc: 0.9250, F1: 0.9257, Time: 0.11s
n_iterations: 4
n_required_iterations: 4
n_possible_iterations: 8
min_resources_: 6
max_resources_: 31900
aggressive_elimination: False
factor: 3
----------
iter: 0
n_candidates: 50
n_resources: 6
Fitting 1 folds for each of 50 candidates, totalling 50 fits
      -> [LogisticRegression + Jittering Set 1] Acc: 0.8733, F1: 0.8744, Time: 0.47s
      [!] Failed evaluation with RNN on Jittering Set 1: name 'os' is not defined
    [=== Generating 10x synthetic data with Jittering (Set 2, Params: {'sigma': 0.1}) ===]
n_iterations: 4
n_required_iterations: 4
n_possible_iterations: 8
min_resources_: 6
max_resources_: 31900
aggressive_elimination: False
factor: 3
----------
iter: 0
n_candidates: 50
n_resources: 6
Fitting 1 folds for each of 50 candidates, totalling 50 fits
      -> [KNN + Jittering Set 2] Acc: 0.9867, F1: 0.9866, Time: 0.08s
n_iterations: 4
n_required_iterations: 4
n_possible_iterations: 8
min_resources_: 6
max_resources_: 31900
aggressive_elimination: False
factor: 3
----------
iter: 0
n_candidates: 50
n_resources: 6
Fitting 1 folds for each of 50 candidates, totalling 50 fits
      -> [RandomForest + Jittering Set 2] Acc: 0.9983, F1: 0.9983, Time: 6.08s
n_iterations: 4
n_required_iterations: 4
n_possible_iterations: 8
min_resources_: 6
max_resources_: 31900
aggressive_elimination: False
factor: 3
----------
iter: 0
n_candidates: 50
n_resources: 6
Fitting 1 folds for each of 50 candidates, totalling 50 fits
      -> [LinearSVC + Jittering Set 2] Acc: 0.9717, F1: 0.9718, Time: 0.09s
n_iterations: 4
n_required_iterations: 4
n_possible_iterations: 8
min_resources_: 6
max_resources_: 31900
aggressive_elimination: False
factor: 3
----------
iter: 0
n_candidates: 50
n_resources: 6
Fitting 1 folds for each of 50 candidates, totalling 50 fits
      -> [LogisticRegression + Jittering Set 2] Acc: 0.8717, F1: 0.8728, Time: 0.62s
      [!] Failed evaluation with RNN on Jittering Set 2: name 'os' is not defined
    [=== Generating 10x synthetic data with Jittering (Set 3, Params: {'sigma': 0.15}) ===]
n_iterations: 4
n_required_iterations: 4
n_possible_iterations: 8
min_resources_: 6
max_resources_: 31900
aggressive_elimination: False
factor: 3
----------
iter: 0
n_candidates: 50
n_resources: 6
Fitting 1 folds for each of 50 candidates, totalling 50 fits
      -> [KNN + Jittering Set 3] Acc: 0.9917, F1: 0.9916, Time: 0.17s
n_iterations: 4
n_required_iterations: 4
n_possible_iterations: 8
min_resources_: 6
max_resources_: 31900
aggressive_elimination: False
factor: 3
----------
iter: 0
n_candidates: 50
n_resources: 6
Fitting 1 folds for each of 50 candidates, totalling 50 fits
      -> [RandomForest + Jittering Set 3] Acc: 1.0000, F1: 1.0000, Time: 7.31s
n_iterations: 4
n_required_iterations: 4
n_possible_iterations: 8
min_resources_: 6
max_resources_: 31900
aggressive_elimination: False
factor: 3
----------
iter: 0
n_candidates: 50
n_resources: 6
Fitting 1 folds for each of 50 candidates, totalling 50 fits
      -> [LinearSVC + Jittering Set 3] Acc: 0.9817, F1: 0.9816, Time: 0.09s
n_iterations: 4
n_required_iterations: 4
n_possible_iterations: 8
min_resources_: 6
max_resources_: 31900
aggressive_elimination: False
factor: 3
----------
iter: 0
n_candidates: 50
n_resources: 6
Fitting 1 folds for each of 50 candidates, totalling 50 fits
      -> [LogisticRegression + Jittering Set 3] Acc: 0.8867, F1: 0.8878, Time: 0.29s
      [!] Failed evaluation with RNN on Jittering Set 3: name 'os' is not defined
    [=== Generating 10x synthetic data with Jittering (Set 4, Params: {'sigma': 0.05}) ===]
n_iterations: 4
n_required_iterations: 4
n_possible_iterations: 8
min_resources_: 6
max_resources_: 31900
aggressive_elimination: False
factor: 3
----------
iter: 0
n_candidates: 50
n_resources: 6
Fitting 1 folds for each of 50 candidates, totalling 50 fits
      -> [KNN + Jittering Set 4] Acc: 0.9817, F1: 0.9817, Time: 0.11s
n_iterations: 4
n_required_iterations: 4
n_possible_iterations: 8
min_resources_: 6
max_resources_: 31900
aggressive_elimination: False
factor: 3
----------
iter: 0
n_candidates: 50
n_resources: 6
Fitting 1 folds for each of 50 candidates, totalling 50 fits
      -> [RandomForest + Jittering Set 4] Acc: 0.9800, F1: 0.9799, Time: 5.13s
n_iterations: 4
n_required_iterations: 4
n_possible_iterations: 8
min_resources_: 6
max_resources_: 31900
aggressive_elimination: False
factor: 3
----------
iter: 0
n_candidates: 50
n_resources: 6
Fitting 1 folds for each of 50 candidates, totalling 50 fits
      -> [LinearSVC + Jittering Set 4] Acc: 0.9467, F1: 0.9471, Time: 0.11s
n_iterations: 4
n_required_iterations: 4
n_possible_iterations: 8
min_resources_: 6
max_resources_: 31900
aggressive_elimination: False
factor: 3
----------
iter: 0
n_candidates: 50
n_resources: 6
Fitting 1 folds for each of 50 candidates, totalling 50 fits
      -> [LogisticRegression + Jittering Set 4] Acc: 0.8700, F1: 0.8710, Time: 0.57s
      [!] Failed evaluation with RNN on Jittering Set 4: name 'os' is not defined
    [=== Generating 10x synthetic data with Jittering (Set 5, Params: {'sigma': 0.15}) ===]
n_iterations: 4
n_required_iterations: 4
n_possible_iterations: 8
min_resources_: 6
max_resources_: 31900
aggressive_elimination: False
factor: 3
----------
iter: 0
n_candidates: 50
n_resources: 6
Fitting 1 folds for each of 50 candidates, totalling 50 fits
      -> [KNN + Jittering Set 5] Acc: 0.9817, F1: 0.9816, Time: 0.09s
n_iterations: 4
n_required_iterations: 4
n_possible_iterations: 8
min_resources_: 6
max_resources_: 31900
aggressive_elimination: False
factor: 3
----------
iter: 0
n_candidates: 50
n_resources: 6
Fitting 1 folds for each of 50 candidates, totalling 50 fits
      -> [RandomForest + Jittering Set 5] Acc: 0.9983, F1: 0.9983, Time: 6.39s
n_iterations: 4
n_required_iterations: 4
n_possible_iterations: 8
min_resources_: 6
max_resources_: 31900
aggressive_elimination: False
factor: 3
----------
iter: 0
n_candidates: 50
n_resources: 6
Fitting 1 folds for each of 50 candidates, totalling 50 fits
      -> [LinearSVC + Jittering Set 5] Acc: 0.9817, F1: 0.9816, Time: 0.09s
n_iterations: 4
n_required_iterations: 4
n_possible_iterations: 8
min_resources_: 6
max_resources_: 31900
aggressive_elimination: False
factor: 3
----------
iter: 0
n_candidates: 50
n_resources: 6
Fitting 1 folds for each of 50 candidates, totalling 50 fits
      -> [LogisticRegression + Jittering Set 5] Acc: 0.8900, F1: 0.8911, Time: 0.57s
      [!] Failed evaluation with RNN on Jittering Set 5: name 'os' is not defined
    [=== Generating 10x synthetic data with Jittering (Set 6, Params: {'sigma': 0.15}) ===]
n_iterations: 4
n_required_iterations: 4
n_possible_iterations: 8
min_resources_: 6
max_resources_: 31900
aggressive_elimination: False
factor: 3
----------
iter: 0
n_candidates: 50
n_resources: 6
Fitting 1 folds for each of 50 candidates, totalling 50 fits
      -> [KNN + Jittering Set 6] Acc: 0.9567, F1: 0.9567, Time: 0.10s
n_iterations: 4
n_required_iterations: 4
n_possible_iterations: 8
min_resources_: 6
max_resources_: 31900
aggressive_elimination: False
factor: 3
----------
iter: 0
n_candidates: 50
n_resources: 6
Fitting 1 folds for each of 50 candidates, totalling 50 fits
      -> [RandomForest + Jittering Set 6] Acc: 0.9983, F1: 0.9983, Time: 7.34s
n_iterations: 4
n_required_iterations: 4
n_possible_iterations: 8
min_resources_: 6
max_resources_: 31900
aggressive_elimination: False
factor: 3
----------
iter: 0
n_candidates: 50
n_resources: 6
Fitting 1 folds for each of 50 candidates, totalling 50 fits
      -> [LinearSVC + Jittering Set 6] Acc: 0.9850, F1: 0.9849, Time: 0.09s
n_iterations: 4
n_required_iterations: 4
n_possible_iterations: 8
min_resources_: 6
max_resources_: 31900
aggressive_elimination: False
factor: 3
----------
iter: 0
n_candidates: 50
n_resources: 6
Fitting 1 folds for each of 50 candidates, totalling 50 fits
      -> [LogisticRegression + Jittering Set 6] Acc: 0.8900, F1: 0.8911, Time: 0.31s
      [!] Failed evaluation with RNN on Jittering Set 6: name 'os' is not defined
    [=== Generating 10x synthetic data with Jittering (Set 7, Params: {'sigma': 0.03}) ===]
n_iterations: 4
n_required_iterations: 4
n_possible_iterations: 8
min_resources_: 6
max_resources_: 31900
aggressive_elimination: False
factor: 3
----------
iter: 0
n_candidates: 50
n_resources: 6
Fitting 1 folds for each of 50 candidates, totalling 50 fits
      -> [KNN + Jittering Set 7] Acc: 0.9817, F1: 0.9816, Time: 0.08s
n_iterations: 4
n_required_iterations: 4
n_possible_iterations: 8
min_resources_: 6
max_resources_: 31900
aggressive_elimination: False
factor: 3
----------
iter: 0
n_candidates: 50
n_resources: 6
Fitting 1 folds for each of 50 candidates, totalling 50 fits
      -> [RandomForest + Jittering Set 7] Acc: 0.9950, F1: 0.9950, Time: 5.29s
n_iterations: 4
n_required_iterations: 4
n_possible_iterations: 8
min_resources_: 6
max_resources_: 31900
aggressive_elimination: False
factor: 3
----------
iter: 0
n_candidates: 50
n_resources: 6
Fitting 1 folds for each of 50 candidates, totalling 50 fits
      -> [LinearSVC + Jittering Set 7] Acc: 0.9283, F1: 0.9290, Time: 0.11s
n_iterations: 4
n_required_iterations: 4
n_possible_iterations: 8
min_resources_: 6
max_resources_: 31900
aggressive_elimination: False
factor: 3
----------
iter: 0
n_candidates: 50
n_resources: 6
Fitting 1 folds for each of 50 candidates, totalling 50 fits
      -> [LogisticRegression + Jittering Set 7] Acc: 0.8750, F1: 0.8760, Time: 0.85s
      [!] Failed evaluation with RNN on Jittering Set 7: name 'os' is not defined
    [=== Generating 10x synthetic data with Jittering (Set 8, Params: {'sigma': 0.05}) ===]
n_iterations: 4
n_required_iterations: 4
n_possible_iterations: 8
min_resources_: 6
max_resources_: 31900
aggressive_elimination: False
factor: 3
----------
iter: 0
n_candidates: 50
n_resources: 6
Fitting 1 folds for each of 50 candidates, totalling 50 fits
      -> [KNN + Jittering Set 8] Acc: 0.9800, F1: 0.9799, Time: 0.09s
n_iterations: 4
n_required_iterations: 4
n_possible_iterations: 8
min_resources_: 6
max_resources_: 31900
aggressive_elimination: False
factor: 3
----------
iter: 0
n_candidates: 50
n_resources: 6
Fitting 1 folds for each of 50 candidates, totalling 50 fits
      -> [RandomForest + Jittering Set 8] Acc: 0.9800, F1: 0.9799, Time: 5.17s
n_iterations: 4
n_required_iterations: 4
n_possible_iterations: 8
min_resources_: 6
max_resources_: 31900
aggressive_elimination: False
factor: 3
----------
iter: 0
n_candidates: 50
n_resources: 6
Fitting 1 folds for each of 50 candidates, totalling 50 fits
      -> [LinearSVC + Jittering Set 8] Acc: 0.9383, F1: 0.9389, Time: 0.11s
n_iterations: 4
n_required_iterations: 4
n_possible_iterations: 8
min_resources_: 6
max_resources_: 31900
aggressive_elimination: False
factor: 3
----------
iter: 0
n_candidates: 50
n_resources: 6
Fitting 1 folds for each of 50 candidates, totalling 50 fits
      -> [LogisticRegression + Jittering Set 8] Acc: 0.8700, F1: 0.8710, Time: 0.50s
      [!] Failed evaluation with RNN on Jittering Set 8: name 'os' is not defined
    [=== Generating 10x synthetic data with Jittering (Set 9, Params: {'sigma': 0.05}) ===]
n_iterations: 4
n_required_iterations: 4
n_possible_iterations: 8
min_resources_: 6
max_resources_: 31900
aggressive_elimination: False
factor: 3
----------
iter: 0
n_candidates: 50
n_resources: 6
Fitting 1 folds for each of 50 candidates, totalling 50 fits
      -> [KNN + Jittering Set 9] Acc: 0.9917, F1: 0.9917, Time: 0.11s
n_iterations: 4
n_required_iterations: 4
n_possible_iterations: 8
min_resources_: 6
max_resources_: 31900
aggressive_elimination: False
factor: 3
----------
iter: 0
n_candidates: 50
n_resources: 6
Fitting 1 folds for each of 50 candidates, totalling 50 fits
      -> [RandomForest + Jittering Set 9] Acc: 0.9967, F1: 0.9967, Time: 5.13s
n_iterations: 4
n_required_iterations: 4
n_possible_iterations: 8
min_resources_: 6
max_resources_: 31900
aggressive_elimination: False
factor: 3
----------
iter: 0
n_candidates: 50
n_resources: 6
Fitting 1 folds for each of 50 candidates, totalling 50 fits
      -> [LinearSVC + Jittering Set 9] Acc: 0.9483, F1: 0.9487, Time: 0.11s
n_iterations: 4
n_required_iterations: 4
n_possible_iterations: 8
min_resources_: 6
max_resources_: 31900
aggressive_elimination: False
factor: 3
----------
iter: 0
n_candidates: 50
n_resources: 6
Fitting 1 folds for each of 50 candidates, totalling 50 fits
      -> [LogisticRegression + Jittering Set 9] Acc: 0.8717, F1: 0.8727, Time: 0.61s
      [!] Failed evaluation with RNN on Jittering Set 9: name 'os' is not defined
    [=== Generating 10x synthetic data with Jittering (Set 10, Params: {'sigma': 0.05}) ===]
n_iterations: 4
n_required_iterations: 4
n_possible_iterations: 8
min_resources_: 6
max_resources_: 31900
aggressive_elimination: False
factor: 3
----------
iter: 0
n_candidates: 50
n_resources: 6
Fitting 1 folds for each of 50 candidates, totalling 50 fits
      -> [KNN + Jittering Set 10] Acc: 0.9683, F1: 0.9683, Time: 0.08s
n_iterations: 4
n_required_iterations: 4
n_possible_iterations: 8
min_resources_: 6
max_resources_: 31900
aggressive_elimination: False
factor: 3
----------
iter: 0
n_candidates: 50
n_resources: 6
Fitting 1 folds for each of 50 candidates, totalling 50 fits
      -> [RandomForest + Jittering Set 10] Acc: 0.9800, F1: 0.9799, Time: 5.38s
n_iterations: 4
n_required_iterations: 4
n_possible_iterations: 8
min_resources_: 6
max_resources_: 31900
aggressive_elimination: False
factor: 3
----------
iter: 0
n_candidates: 50
n_resources: 6
Fitting 1 folds for each of 50 candidates, totalling 50 fits
      -> [LinearSVC + Jittering Set 10] Acc: 0.9533, F1: 0.9536, Time: 0.17s
n_iterations: 4
n_required_iterations: 4
n_possible_iterations: 8
min_resources_: 6
max_resources_: 31900
aggressive_elimination: False
factor: 3
----------
iter: 0
n_candidates: 50
n_resources: 6
Fitting 1 folds for each of 50 candidates, totalling 50 fits
      -> [LogisticRegression + Jittering Set 10] Acc: 0.8833, F1: 0.8844, Time: 1.09s
      [!] Failed evaluation with RNN on Jittering Set 10: name 'os' is not defined

    >> Seed Fold Selection: 2/10
    Evaluating Model: KNN
      -> [Baseline] Acc: 0.9983, F1: 0.9983, Time: 0.03s
      HP Tuning KNN...
n_iterations: 4
n_required_iterations: 4
n_possible_iterations: 5
min_resources_: 30
max_resources_: 2900
aggressive_elimination: False
factor: 3
----------
iter: 0
n_candidates: 50
n_resources: 30
Fitting 5 folds for each of 50 candidates, totalling 250 fits
----------
iter: 1
n_candidates: 17
n_resources: 90
Fitting 5 folds for each of 17 candidates, totalling 85 fits
----------
iter: 2
n_candidates: 6
n_resources: 270
Fitting 5 folds for each of 6 candidates, totalling 30 fits
----------
iter: 3
n_candidates: 2
n_resources: 810
Fitting 5 folds for each of 2 candidates, totalling 10 fits
      -> [Tuned_Baseline] Acc: 0.9983, F1: 0.9983, Time: 0.02s
    Evaluating Model: RandomForest
      -> [Baseline] Acc: 0.9583, F1: 0.9583, Time: 0.48s
      HP Tuning RandomForest...
n_iterations: 4
n_required_iterations: 4
n_possible_iterations: 5
min_resources_: 30
max_resources_: 2900
aggressive_elimination: False
factor: 3
----------
iter: 0
n_candidates: 50
n_resources: 30
Fitting 5 folds for each of 50 candidates, totalling 250 fits
----------
iter: 1
n_candidates: 17
n_resources: 90
Fitting 5 folds for each of 17 candidates, totalling 85 fits
----------
iter: 2
n_candidates: 6
n_resources: 270
Fitting 5 folds for each of 6 candidates, totalling 30 fits
----------
iter: 3
n_candidates: 2
n_resources: 810
Fitting 5 folds for each of 2 candidates, totalling 10 fits
      -> [Tuned_Baseline] Acc: 0.9550, F1: 0.9549, Time: 0.01s
    Evaluating Model: LinearSVC
      -> [Baseline] Acc: 0.9867, F1: 0.9866, Time: 0.01s
      HP Tuning LinearSVC...
n_iterations: 4
n_required_iterations: 4
n_possible_iterations: 5
min_resources_: 30
max_resources_: 2900
aggressive_elimination: False
factor: 3
----------
iter: 0
n_candidates: 50
n_resources: 30
Fitting 5 folds for each of 50 candidates, totalling 250 fits
----------
iter: 1
n_candidates: 17
n_resources: 90
Fitting 5 folds for each of 17 candidates, totalling 85 fits
----------
iter: 2
n_candidates: 6
n_resources: 270
Fitting 5 folds for each of 6 candidates, totalling 30 fits
----------
iter: 3
n_candidates: 2
n_resources: 810
Fitting 5 folds for each of 2 candidates, totalling 10 fits
      -> [Tuned_Baseline] Acc: 0.8933, F1: 0.8923, Time: 0.00s
    Evaluating Model: LogisticRegression
      -> [Baseline] Acc: 0.9817, F1: 0.9817, Time: 0.14s
      HP Tuning LogisticRegression...
n_iterations: 4
n_required_iterations: 4
n_possible_iterations: 5
min_resources_: 30
max_resources_: 2900
aggressive_elimination: False
factor: 3
----------
iter: 0
n_candidates: 50
n_resources: 30
Fitting 5 folds for each of 50 candidates, totalling 250 fits
----------
iter: 1
n_candidates: 17
n_resources: 90
Fitting 5 folds for each of 17 candidates, totalling 85 fits
----------
iter: 2
n_candidates: 6
n_resources: 270
Fitting 5 folds for each of 6 candidates, totalling 30 fits
----------
iter: 3
n_candidates: 2
n_resources: 810
Fitting 5 folds for each of 2 candidates, totalling 10 fits
      -> [Tuned_Baseline] Acc: 0.9933, F1: 0.9933, Time: 0.00s
    Evaluating Model: RNN
      [!] Baseline failed for RNN: name 'os' is not defined
      HP Tuning RNN...
n_iterations: 1
n_required_iterations: 2
n_possible_iterations: 1
min_resources_: 10
max_resources_: 29
aggressive_elimination: False
factor: 3
----------
iter: 0
n_candidates: 4
n_resources: 10
Fitting 5 folds for each of 4 candidates, totalling 20 fits
      [!] HP Tuning failed, using base model: 
All the 20 fits failed.
It is very likely that your model is misconfigured.
You can try to debug the error by setting error_score='raise'.

Below are more details about the failures:
--------------------------------------------------------------------------------
20 fits failed with the following error:
Traceback (most recent call last):
  File "/usr/local/lib/python3.10/dist-packages/sklearn/model_selection/_validation.py", line 859, in _fit_and_score
    estimator.fit(X_train, y_train, **fit_params)
  File "/home/phantrung/Synthesis-Data-Gen/models.py", line 60, in fit
    n_threads = int(os.environ.get('N_JOBS', 1))
NameError: name 'os' is not defined

      -> [Tuned_Baseline] Acc: 0.1667, F1: 0.0476, Time: 0.00s
    [=== Generating 2x synthetic data with Jittering (Set 1, Params: {'sigma': 0.03}) ===]
n_iterations: 4
n_required_iterations: 4
n_possible_iterations: 7
min_resources_: 6
max_resources_: 8700
aggressive_elimination: False
factor: 3
----------
iter: 0
n_candidates: 50
n_resources: 6
Fitting 1 folds for each of 50 candidates, totalling 50 fits
----------
iter: 1
n_candidates: 17
n_resources: 18
Fitting 1 folds for each of 17 candidates, totalling 17 fits
----------
iter: 2
n_candidates: 6
n_resources: 54
Fitting 1 folds for each of 6 candidates, totalling 6 fits
----------
iter: 3
n_candidates: 2
n_resources: 162
Fitting 1 folds for each of 2 candidates, totalling 2 fits
      -> [KNN + Jittering Set 1] Acc: 1.0000, F1: 1.0000, Time: 0.01s
n_iterations: 4
n_required_iterations: 4
n_possible_iterations: 7
min_resources_: 6
max_resources_: 8700
aggressive_elimination: False
factor: 3
----------
iter: 0
n_candidates: 50
n_resources: 6
Fitting 1 folds for each of 50 candidates, totalling 50 fits
----------
iter: 1
n_candidates: 17
n_resources: 18
Fitting 1 folds for each of 17 candidates, totalling 17 fits
----------
iter: 2
n_candidates: 6
n_resources: 54
Fitting 1 folds for each of 6 candidates, totalling 6 fits
----------
iter: 3
n_candidates: 2
n_resources: 162
Fitting 1 folds for each of 2 candidates, totalling 2 fits
      -> [RandomForest + Jittering Set 1] Acc: 0.9683, F1: 0.9683, Time: 1.38s
n_iterations: 4
n_required_iterations: 4
n_possible_iterations: 7
min_resources_: 6
max_resources_: 8700
aggressive_elimination: False
factor: 3
----------
iter: 0
n_candidates: 50
n_resources: 6
Fitting 1 folds for each of 50 candidates, totalling 50 fits
----------
iter: 1
n_candidates: 17
n_resources: 18
Fitting 1 folds for each of 17 candidates, totalling 17 fits
----------
iter: 2
n_candidates: 6
n_resources: 54
Fitting 1 folds for each of 6 candidates, totalling 6 fits
----------
iter: 3
n_candidates: 2
n_resources: 162
Fitting 1 folds for each of 2 candidates, totalling 2 fits
      -> [LinearSVC + Jittering Set 1] Acc: 0.9867, F1: 0.9866, Time: 0.04s
n_iterations: 4
n_required_iterations: 4
n_possible_iterations: 7
min_resources_: 6
max_resources_: 8700
aggressive_elimination: False
factor: 3
----------
iter: 0
n_candidates: 50
n_resources: 6
Fitting 1 folds for each of 50 candidates, totalling 50 fits
----------
iter: 1
n_candidates: 17
n_resources: 18
Fitting 1 folds for each of 17 candidates, totalling 17 fits
----------
iter: 2
n_candidates: 6
n_resources: 54
Fitting 1 folds for each of 6 candidates, totalling 6 fits
----------
iter: 3
n_candidates: 2
n_resources: 162
Fitting 1 folds for each of 2 candidates, totalling 2 fits
      -> [LogisticRegression + Jittering Set 1] Acc: 0.8367, F1: 0.8327, Time: 0.03s
      [!] Failed evaluation with RNN on Jittering Set 1: name 'os' is not defined
    [=== Generating 2x synthetic data with Jittering (Set 2, Params: {'sigma': 0.1}) ===]
n_iterations: 4
n_required_iterations: 4
n_possible_iterations: 7
min_resources_: 6
max_resources_: 8700
aggressive_elimination: False
factor: 3
----------
iter: 0
n_candidates: 50
n_resources: 6
Fitting 1 folds for each of 50 candidates, totalling 50 fits
----------
iter: 1
n_candidates: 17
n_resources: 18
Fitting 1 folds for each of 17 candidates, totalling 17 fits
----------
iter: 2
n_candidates: 6
n_resources: 54
Fitting 1 folds for each of 6 candidates, totalling 6 fits
----------
iter: 3
n_candidates: 2
n_resources: 162
Fitting 1 folds for each of 2 candidates, totalling 2 fits
      -> [KNN + Jittering Set 2] Acc: 0.9983, F1: 0.9983, Time: 0.01s
n_iterations: 4
n_required_iterations: 4
n_possible_iterations: 7
min_resources_: 6
max_resources_: 8700
aggressive_elimination: False
factor: 3
----------
iter: 0
n_candidates: 50
n_resources: 6
Fitting 1 folds for each of 50 candidates, totalling 50 fits
----------
iter: 1
n_candidates: 17
n_resources: 18
Fitting 1 folds for each of 17 candidates, totalling 17 fits
----------
iter: 2
n_candidates: 6
n_resources: 54
Fitting 1 folds for each of 6 candidates, totalling 6 fits
----------
iter: 3
n_candidates: 2
n_resources: 162
Fitting 1 folds for each of 2 candidates, totalling 2 fits
      -> [RandomForest + Jittering Set 2] Acc: 0.9900, F1: 0.9900, Time: 0.55s
n_iterations: 4
n_required_iterations: 4
n_possible_iterations: 7
min_resources_: 6
max_resources_: 8700
aggressive_elimination: False
factor: 3
----------
iter: 0
n_candidates: 50
n_resources: 6
Fitting 1 folds for each of 50 candidates, totalling 50 fits
----------
iter: 1
n_candidates: 17
n_resources: 18
Fitting 1 folds for each of 17 candidates, totalling 17 fits
----------
iter: 2
n_candidates: 6
n_resources: 54
Fitting 1 folds for each of 6 candidates, totalling 6 fits
----------
iter: 3
n_candidates: 2
n_resources: 162
Fitting 1 folds for each of 2 candidates, totalling 2 fits
      -> [LinearSVC + Jittering Set 2] Acc: 0.9867, F1: 0.9866, Time: 0.02s
n_iterations: 4
n_required_iterations: 4
n_possible_iterations: 7
min_resources_: 6
max_resources_: 8700
aggressive_elimination: False
factor: 3
----------
iter: 0
n_candidates: 50
n_resources: 6
Fitting 1 folds for each of 50 candidates, totalling 50 fits
----------
iter: 1
n_candidates: 17
n_resources: 18
Fitting 1 folds for each of 17 candidates, totalling 17 fits
----------
iter: 2
n_candidates: 6
n_resources: 54
Fitting 1 folds for each of 6 candidates, totalling 6 fits
----------
iter: 3
n_candidates: 2
n_resources: 162
Fitting 1 folds for each of 2 candidates, totalling 2 fits
      -> [LogisticRegression + Jittering Set 2] Acc: 0.7633, F1: 0.7377, Time: 0.03s
      [!] Failed evaluation with RNN on Jittering Set 2: name 'os' is not defined
    [=== Generating 2x synthetic data with Jittering (Set 3, Params: {'sigma': 0.15}) ===]
n_iterations: 4
n_required_iterations: 4
n_possible_iterations: 7
min_resources_: 6
max_resources_: 8700
aggressive_elimination: False
factor: 3
----------
iter: 0
n_candidates: 50
n_resources: 6
Fitting 1 folds for each of 50 candidates, totalling 50 fits
----------
iter: 1
n_candidates: 17
n_resources: 18
Fitting 1 folds for each of 17 candidates, totalling 17 fits
----------
iter: 2
n_candidates: 6
n_resources: 54
Fitting 1 folds for each of 6 candidates, totalling 6 fits
----------
iter: 3
n_candidates: 2
n_resources: 162
Fitting 1 folds for each of 2 candidates, totalling 2 fits
      -> [KNN + Jittering Set 3] Acc: 1.0000, F1: 1.0000, Time: 0.01s
n_iterations: 4
n_required_iterations: 4
n_possible_iterations: 7
min_resources_: 6
max_resources_: 8700
aggressive_elimination: False
factor: 3
----------
iter: 0
n_candidates: 50
n_resources: 6
Fitting 1 folds for each of 50 candidates, totalling 50 fits
----------
iter: 1
n_candidates: 17
n_resources: 18
Fitting 1 folds for each of 17 candidates, totalling 17 fits
----------
iter: 2
n_candidates: 6
n_resources: 54
Fitting 1 folds for each of 6 candidates, totalling 6 fits
----------
iter: 3
n_candidates: 2
n_resources: 162
Fitting 1 folds for each of 2 candidates, totalling 2 fits
      -> [RandomForest + Jittering Set 3] Acc: 0.9950, F1: 0.9950, Time: 1.68s
n_iterations: 4
n_required_iterations: 4
n_possible_iterations: 7
min_resources_: 6
max_resources_: 8700
aggressive_elimination: False
factor: 3
----------
iter: 0
n_candidates: 50
n_resources: 6
Fitting 1 folds for each of 50 candidates, totalling 50 fits
----------
iter: 1
n_candidates: 17
n_resources: 18
Fitting 1 folds for each of 17 candidates, totalling 17 fits
----------
iter: 2
n_candidates: 6
n_resources: 54
Fitting 1 folds for each of 6 candidates, totalling 6 fits
----------
iter: 3
n_candidates: 2
n_resources: 162
Fitting 1 folds for each of 2 candidates, totalling 2 fits
      -> [LinearSVC + Jittering Set 3] Acc: 0.9567, F1: 0.9561, Time: 0.04s
n_iterations: 4
n_required_iterations: 4
n_possible_iterations: 7
min_resources_: 6
max_resources_: 8700
aggressive_elimination: False
factor: 3
----------
iter: 0
n_candidates: 50
n_resources: 6
Fitting 1 folds for each of 50 candidates, totalling 50 fits
----------
iter: 1
n_candidates: 17
n_resources: 18
Fitting 1 folds for each of 17 candidates, totalling 17 fits
----------
iter: 2
n_candidates: 6
n_resources: 54
Fitting 1 folds for each of 6 candidates, totalling 6 fits
----------
iter: 3
n_candidates: 2
n_resources: 162
Fitting 1 folds for each of 2 candidates, totalling 2 fits
      -> [LogisticRegression + Jittering Set 3] Acc: 0.6967, F1: 0.6300, Time: 0.03s
      [!] Failed evaluation with RNN on Jittering Set 3: name 'os' is not defined
    [=== Generating 2x synthetic data with Jittering (Set 4, Params: {'sigma': 0.05}) ===]
n_iterations: 4
n_required_iterations: 4
n_possible_iterations: 7
min_resources_: 6
max_resources_: 8700
aggressive_elimination: False
factor: 3
----------
iter: 0
n_candidates: 50
n_resources: 6
Fitting 1 folds for each of 50 candidates, totalling 50 fits
----------
iter: 1
n_candidates: 17
n_resources: 18
Fitting 1 folds for each of 17 candidates, totalling 17 fits
----------
iter: 2
n_candidates: 6
n_resources: 54
Fitting 1 folds for each of 6 candidates, totalling 6 fits
----------
iter: 3
n_candidates: 2
n_resources: 162
Fitting 1 folds for each of 2 candidates, totalling 2 fits
      -> [KNN + Jittering Set 4] Acc: 1.0000, F1: 1.0000, Time: 0.01s
n_iterations: 4
n_required_iterations: 4
n_possible_iterations: 7
min_resources_: 6
max_resources_: 8700
aggressive_elimination: False
factor: 3
----------
iter: 0
n_candidates: 50
n_resources: 6
Fitting 1 folds for each of 50 candidates, totalling 50 fits
----------
iter: 1
n_candidates: 17
n_resources: 18
Fitting 1 folds for each of 17 candidates, totalling 17 fits
----------
iter: 2
n_candidates: 6
n_resources: 54
Fitting 1 folds for each of 6 candidates, totalling 6 fits
----------
iter: 3
n_candidates: 2
n_resources: 162
Fitting 1 folds for each of 2 candidates, totalling 2 fits
      -> [RandomForest + Jittering Set 4] Acc: 0.9750, F1: 0.9750, Time: 1.36s
n_iterations: 4
n_required_iterations: 4
n_possible_iterations: 7
min_resources_: 6
max_resources_: 8700
aggressive_elimination: False
factor: 3
----------
iter: 0
n_candidates: 50
n_resources: 6
Fitting 1 folds for each of 50 candidates, totalling 50 fits
----------
iter: 1
n_candidates: 17
n_resources: 18
Fitting 1 folds for each of 17 candidates, totalling 17 fits
----------
iter: 2
n_candidates: 6
n_resources: 54
Fitting 1 folds for each of 6 candidates, totalling 6 fits
----------
iter: 3
n_candidates: 2
n_resources: 162
Fitting 1 folds for each of 2 candidates, totalling 2 fits
      -> [LinearSVC + Jittering Set 4] Acc: 0.7533, F1: 0.7213, Time: 0.01s
n_iterations: 4
n_required_iterations: 4
n_possible_iterations: 7
min_resources_: 6
max_resources_: 8700
aggressive_elimination: False
factor: 3
----------
iter: 0
n_candidates: 50
n_resources: 6
Fitting 1 folds for each of 50 candidates, totalling 50 fits
----------
iter: 1
n_candidates: 17
n_resources: 18
Fitting 1 folds for each of 17 candidates, totalling 17 fits
----------
iter: 2
n_candidates: 6
n_resources: 54
Fitting 1 folds for each of 6 candidates, totalling 6 fits
----------
iter: 3
n_candidates: 2
n_resources: 162
Fitting 1 folds for each of 2 candidates, totalling 2 fits
      -> [LogisticRegression + Jittering Set 4] Acc: 0.8200, F1: 0.8137, Time: 0.04s
      [!] Failed evaluation with RNN on Jittering Set 4: name 'os' is not defined
    [=== Generating 2x synthetic data with Jittering (Set 5, Params: {'sigma': 0.15}) ===]
n_iterations: 4
n_required_iterations: 4
n_possible_iterations: 7
min_resources_: 6
max_resources_: 8700
aggressive_elimination: False
factor: 3
----------
iter: 0
n_candidates: 50
n_resources: 6
Fitting 1 folds for each of 50 candidates, totalling 50 fits
----------
iter: 1
n_candidates: 17
n_resources: 18
Fitting 1 folds for each of 17 candidates, totalling 17 fits
----------
iter: 2
n_candidates: 6
n_resources: 54
Fitting 1 folds for each of 6 candidates, totalling 6 fits
----------
iter: 3
n_candidates: 2
n_resources: 162
Fitting 1 folds for each of 2 candidates, totalling 2 fits
      -> [KNN + Jittering Set 5] Acc: 0.9983, F1: 0.9983, Time: 0.02s
n_iterations: 4
n_required_iterations: 4
n_possible_iterations: 7
min_resources_: 6
max_resources_: 8700
aggressive_elimination: False
factor: 3
----------
iter: 0
n_candidates: 50
n_resources: 6
Fitting 1 folds for each of 50 candidates, totalling 50 fits
----------
iter: 1
n_candidates: 17
n_resources: 18
Fitting 1 folds for each of 17 candidates, totalling 17 fits
----------
iter: 2
n_candidates: 6
n_resources: 54
Fitting 1 folds for each of 6 candidates, totalling 6 fits
----------
iter: 3
n_candidates: 2
n_resources: 162
Fitting 1 folds for each of 2 candidates, totalling 2 fits
      -> [RandomForest + Jittering Set 5] Acc: 0.9983, F1: 0.9983, Time: 1.46s
n_iterations: 4
n_required_iterations: 4
n_possible_iterations: 7
min_resources_: 6
max_resources_: 8700
aggressive_elimination: False
factor: 3
----------
iter: 0
n_candidates: 50
n_resources: 6
Fitting 1 folds for each of 50 candidates, totalling 50 fits
----------
iter: 1
n_candidates: 17
n_resources: 18
Fitting 1 folds for each of 17 candidates, totalling 17 fits
----------
iter: 2
n_candidates: 6
n_resources: 54
Fitting 1 folds for each of 6 candidates, totalling 6 fits
----------
iter: 3
n_candidates: 2
n_resources: 162
Fitting 1 folds for each of 2 candidates, totalling 2 fits
      -> [LinearSVC + Jittering Set 5] Acc: 0.9583, F1: 0.9578, Time: 0.05s
n_iterations: 4
n_required_iterations: 4
n_possible_iterations: 7
min_resources_: 6
max_resources_: 8700
aggressive_elimination: False
factor: 3
----------
iter: 0
n_candidates: 50
n_resources: 6
Fitting 1 folds for each of 50 candidates, totalling 50 fits
----------
iter: 1
n_candidates: 17
n_resources: 18
Fitting 1 folds for each of 17 candidates, totalling 17 fits
----------
iter: 2
n_candidates: 6
n_resources: 54
Fitting 1 folds for each of 6 candidates, totalling 6 fits
----------
iter: 3
n_candidates: 2
n_resources: 162
Fitting 1 folds for each of 2 candidates, totalling 2 fits
      -> [LogisticRegression + Jittering Set 5] Acc: 0.9800, F1: 0.9800, Time: 0.03s
      [!] Failed evaluation with RNN on Jittering Set 5: name 'os' is not defined
    [=== Generating 2x synthetic data with Jittering (Set 6, Params: {'sigma': 0.15}) ===]
n_iterations: 4
n_required_iterations: 4
n_possible_iterations: 7
min_resources_: 6
max_resources_: 8700
aggressive_elimination: False
factor: 3
----------
iter: 0
n_candidates: 50
n_resources: 6
Fitting 1 folds for each of 50 candidates, totalling 50 fits
----------
iter: 1
n_candidates: 17
n_resources: 18
Fitting 1 folds for each of 17 candidates, totalling 17 fits
----------
iter: 2
n_candidates: 6
n_resources: 54
Fitting 1 folds for each of 6 candidates, totalling 6 fits
----------
iter: 3
n_candidates: 2
n_resources: 162
Fitting 1 folds for each of 2 candidates, totalling 2 fits
      -> [KNN + Jittering Set 6] Acc: 0.9983, F1: 0.9983, Time: 0.02s
n_iterations: 4
n_required_iterations: 4
n_possible_iterations: 7
min_resources_: 6
max_resources_: 8700
aggressive_elimination: False
factor: 3
----------
iter: 0
n_candidates: 50
n_resources: 6
Fitting 1 folds for each of 50 candidates, totalling 50 fits
----------
iter: 1
n_candidates: 17
n_resources: 18
Fitting 1 folds for each of 17 candidates, totalling 17 fits
----------
iter: 2
n_candidates: 6
n_resources: 54
Fitting 1 folds for each of 6 candidates, totalling 6 fits
----------
iter: 3
n_candidates: 2
n_resources: 162
Fitting 1 folds for each of 2 candidates, totalling 2 fits
      -> [RandomForest + Jittering Set 6] Acc: 0.9950, F1: 0.9950, Time: 1.41s
n_iterations: 4
n_required_iterations: 4
n_possible_iterations: 7
min_resources_: 6
max_resources_: 8700
aggressive_elimination: False
factor: 3
----------
iter: 0
n_candidates: 50
n_resources: 6
Fitting 1 folds for each of 50 candidates, totalling 50 fits
----------
iter: 1
n_candidates: 17
n_resources: 18
Fitting 1 folds for each of 17 candidates, totalling 17 fits
----------
iter: 2
n_candidates: 6
n_resources: 54
Fitting 1 folds for each of 6 candidates, totalling 6 fits
----------
iter: 3
n_candidates: 2
n_resources: 162
Fitting 1 folds for each of 2 candidates, totalling 2 fits
      -> [LinearSVC + Jittering Set 6] Acc: 0.9567, F1: 0.9561, Time: 0.04s
n_iterations: 4
n_required_iterations: 4
n_possible_iterations: 7
min_resources_: 6
max_resources_: 8700
aggressive_elimination: False
factor: 3
----------
iter: 0
n_candidates: 50
n_resources: 6
Fitting 1 folds for each of 50 candidates, totalling 50 fits
----------
iter: 1
n_candidates: 17
n_resources: 18
Fitting 1 folds for each of 17 candidates, totalling 17 fits
----------
iter: 2
n_candidates: 6
n_resources: 54
Fitting 1 folds for each of 6 candidates, totalling 6 fits
----------
iter: 3
n_candidates: 2
n_resources: 162
Fitting 1 folds for each of 2 candidates, totalling 2 fits
      -> [LogisticRegression + Jittering Set 6] Acc: 0.6633, F1: 0.5858, Time: 0.02s
      [!] Failed evaluation with RNN on Jittering Set 6: name 'os' is not defined
    [=== Generating 2x synthetic data with Jittering (Set 7, Params: {'sigma': 0.03}) ===]
n_iterations: 4
n_required_iterations: 4
n_possible_iterations: 7
min_resources_: 6
max_resources_: 8700
aggressive_elimination: False
factor: 3
----------
iter: 0
n_candidates: 50
n_resources: 6
Fitting 1 folds for each of 50 candidates, totalling 50 fits
----------
iter: 1
n_candidates: 17
n_resources: 18
Fitting 1 folds for each of 17 candidates, totalling 17 fits
----------
iter: 2
n_candidates: 6
n_resources: 54
Fitting 1 folds for each of 6 candidates, totalling 6 fits
----------
iter: 3
n_candidates: 2
n_resources: 162
Fitting 1 folds for each of 2 candidates, totalling 2 fits
      -> [KNN + Jittering Set 7] Acc: 1.0000, F1: 1.0000, Time: 0.01s
n_iterations: 4
n_required_iterations: 4
n_possible_iterations: 7
min_resources_: 6
max_resources_: 8700
aggressive_elimination: False
factor: 3
----------
iter: 0
n_candidates: 50
n_resources: 6
Fitting 1 folds for each of 50 candidates, totalling 50 fits
----------
iter: 1
n_candidates: 17
n_resources: 18
Fitting 1 folds for each of 17 candidates, totalling 17 fits
----------
iter: 2
n_candidates: 6
n_resources: 54
Fitting 1 folds for each of 6 candidates, totalling 6 fits
----------
iter: 3
n_candidates: 2
n_resources: 162
Fitting 1 folds for each of 2 candidates, totalling 2 fits
      -> [RandomForest + Jittering Set 7] Acc: 0.9717, F1: 0.9716, Time: 1.37s
n_iterations: 4
n_required_iterations: 4
n_possible_iterations: 7
min_resources_: 6
max_resources_: 8700
aggressive_elimination: False
factor: 3
----------
iter: 0
n_candidates: 50
n_resources: 6
Fitting 1 folds for each of 50 candidates, totalling 50 fits
----------
iter: 1
n_candidates: 17
n_resources: 18
Fitting 1 folds for each of 17 candidates, totalling 17 fits
----------
iter: 2
n_candidates: 6
n_resources: 54
Fitting 1 folds for each of 6 candidates, totalling 6 fits
----------
iter: 3
n_candidates: 2
n_resources: 162
Fitting 1 folds for each of 2 candidates, totalling 2 fits
      -> [LinearSVC + Jittering Set 7] Acc: 0.9867, F1: 0.9866, Time: 0.04s
n_iterations: 4
n_required_iterations: 4
n_possible_iterations: 7
min_resources_: 6
max_resources_: 8700
aggressive_elimination: False
factor: 3
----------
iter: 0
n_candidates: 50
n_resources: 6
Fitting 1 folds for each of 50 candidates, totalling 50 fits
----------
iter: 1
n_candidates: 17
n_resources: 18
Fitting 1 folds for each of 17 candidates, totalling 17 fits
----------
iter: 2
n_candidates: 6
n_resources: 54
Fitting 1 folds for each of 6 candidates, totalling 6 fits
----------
iter: 3
n_candidates: 2
n_resources: 162
Fitting 1 folds for each of 2 candidates, totalling 2 fits
      -> [LogisticRegression + Jittering Set 7] Acc: 0.8317, F1: 0.8267, Time: 0.03s
      [!] Failed evaluation with RNN on Jittering Set 7: name 'os' is not defined
    [=== Generating 2x synthetic data with Jittering (Set 8, Params: {'sigma': 0.05}) ===]
n_iterations: 4
n_required_iterations: 4
n_possible_iterations: 7
min_resources_: 6
max_resources_: 8700
aggressive_elimination: False
factor: 3
----------
iter: 0
n_candidates: 50
n_resources: 6
Fitting 1 folds for each of 50 candidates, totalling 50 fits
----------
iter: 1
n_candidates: 17
n_resources: 18
Fitting 1 folds for each of 17 candidates, totalling 17 fits
----------
iter: 2
n_candidates: 6
n_resources: 54
Fitting 1 folds for each of 6 candidates, totalling 6 fits
----------
iter: 3
n_candidates: 2
n_resources: 162
Fitting 1 folds for each of 2 candidates, totalling 2 fits
      -> [KNN + Jittering Set 8] Acc: 1.0000, F1: 1.0000, Time: 0.01s
n_iterations: 4
n_required_iterations: 4
n_possible_iterations: 7
min_resources_: 6
max_resources_: 8700
aggressive_elimination: False
factor: 3
----------
iter: 0
n_candidates: 50
n_resources: 6
Fitting 1 folds for each of 50 candidates, totalling 50 fits
----------
iter: 1
n_candidates: 17
n_resources: 18
Fitting 1 folds for each of 17 candidates, totalling 17 fits
----------
iter: 2
n_candidates: 6
n_resources: 54
Fitting 1 folds for each of 6 candidates, totalling 6 fits
----------
iter: 3
n_candidates: 2
n_resources: 162
Fitting 1 folds for each of 2 candidates, totalling 2 fits
      -> [RandomForest + Jittering Set 8] Acc: 0.9800, F1: 0.9799, Time: 1.19s
n_iterations: 4
n_required_iterations: 4
n_possible_iterations: 7
min_resources_: 6
max_resources_: 8700
aggressive_elimination: False
factor: 3
----------
iter: 0
n_candidates: 50
n_resources: 6
Fitting 1 folds for each of 50 candidates, totalling 50 fits
----------
iter: 1
n_candidates: 17
n_resources: 18
Fitting 1 folds for each of 17 candidates, totalling 17 fits
----------
iter: 2
n_candidates: 6
n_resources: 54
Fitting 1 folds for each of 6 candidates, totalling 6 fits
----------
iter: 3
n_candidates: 2
n_resources: 162
Fitting 1 folds for each of 2 candidates, totalling 2 fits
      -> [LinearSVC + Jittering Set 8] Acc: 0.9750, F1: 0.9749, Time: 0.04s
n_iterations: 4
n_required_iterations: 4
n_possible_iterations: 7
min_resources_: 6
max_resources_: 8700
aggressive_elimination: False
factor: 3
----------
iter: 0
n_candidates: 50
n_resources: 6
Fitting 1 folds for each of 50 candidates, totalling 50 fits
----------
iter: 1
n_candidates: 17
n_resources: 18
Fitting 1 folds for each of 17 candidates, totalling 17 fits
----------
iter: 2
n_candidates: 6
n_resources: 54
Fitting 1 folds for each of 6 candidates, totalling 6 fits
----------
iter: 3
n_candidates: 2
n_resources: 162
Fitting 1 folds for each of 2 candidates, totalling 2 fits
      -> [LogisticRegression + Jittering Set 8] Acc: 0.9933, F1: 0.9933, Time: 0.14s
      [!] Failed evaluation with RNN on Jittering Set 8: name 'os' is not defined
    [=== Generating 2x synthetic data with Jittering (Set 9, Params: {'sigma': 0.05}) ===]
n_iterations: 4
n_required_iterations: 4
n_possible_iterations: 7
min_resources_: 6
max_resources_: 8700
aggressive_elimination: False
factor: 3
----------
iter: 0
n_candidates: 50
n_resources: 6
Fitting 1 folds for each of 50 candidates, totalling 50 fits
----------
iter: 1
n_candidates: 17
n_resources: 18
Fitting 1 folds for each of 17 candidates, totalling 17 fits
----------
iter: 2
n_candidates: 6
n_resources: 54
Fitting 1 folds for each of 6 candidates, totalling 6 fits
----------
iter: 3
n_candidates: 2
n_resources: 162
Fitting 1 folds for each of 2 candidates, totalling 2 fits
      -> [KNN + Jittering Set 9] Acc: 1.0000, F1: 1.0000, Time: 0.01s
n_iterations: 4
n_required_iterations: 4
n_possible_iterations: 7
min_resources_: 6
max_resources_: 8700
aggressive_elimination: False
factor: 3
----------
iter: 0
n_candidates: 50
n_resources: 6
Fitting 1 folds for each of 50 candidates, totalling 50 fits
----------
iter: 1
n_candidates: 17
n_resources: 18
Fitting 1 folds for each of 17 candidates, totalling 17 fits
----------
iter: 2
n_candidates: 6
n_resources: 54
Fitting 1 folds for each of 6 candidates, totalling 6 fits
----------
iter: 3
n_candidates: 2
n_resources: 162
Fitting 1 folds for each of 2 candidates, totalling 2 fits
      -> [RandomForest + Jittering Set 9] Acc: 0.9650, F1: 0.9649, Time: 0.43s
n_iterations: 4
n_required_iterations: 4
n_possible_iterations: 7
min_resources_: 6
max_resources_: 8700
aggressive_elimination: False
factor: 3
----------
iter: 0
n_candidates: 50
n_resources: 6
Fitting 1 folds for each of 50 candidates, totalling 50 fits
----------
iter: 1
n_candidates: 17
n_resources: 18
Fitting 1 folds for each of 17 candidates, totalling 17 fits
----------
iter: 2
n_candidates: 6
n_resources: 54
Fitting 1 folds for each of 6 candidates, totalling 6 fits
----------
iter: 3
n_candidates: 2
n_resources: 162
Fitting 1 folds for each of 2 candidates, totalling 2 fits
      -> [LinearSVC + Jittering Set 9] Acc: 0.9800, F1: 0.9799, Time: 0.04s
n_iterations: 4
n_required_iterations: 4
n_possible_iterations: 7
min_resources_: 6
max_resources_: 8700
aggressive_elimination: False
factor: 3
----------
iter: 0
n_candidates: 50
n_resources: 6
Fitting 1 folds for each of 50 candidates, totalling 50 fits
----------
iter: 1
n_candidates: 17
n_resources: 18
Fitting 1 folds for each of 17 candidates, totalling 17 fits
----------
iter: 2
n_candidates: 6
n_resources: 54
Fitting 1 folds for each of 6 candidates, totalling 6 fits
----------
iter: 3
n_candidates: 2
n_resources: 162
Fitting 1 folds for each of 2 candidates, totalling 2 fits
      -> [LogisticRegression + Jittering Set 9] Acc: 0.9933, F1: 0.9933, Time: 0.13s
      [!] Failed evaluation with RNN on Jittering Set 9: name 'os' is not defined
    [=== Generating 2x synthetic data with Jittering (Set 10, Params: {'sigma': 0.05}) ===]
n_iterations: 4
n_required_iterations: 4
n_possible_iterations: 7
min_resources_: 6
max_resources_: 8700
aggressive_elimination: False
factor: 3
----------
iter: 0
n_candidates: 50
n_resources: 6
Fitting 1 folds for each of 50 candidates, totalling 50 fits
----------
iter: 1
n_candidates: 17
n_resources: 18
Fitting 1 folds for each of 17 candidates, totalling 17 fits
----------
iter: 2
n_candidates: 6
n_resources: 54
Fitting 1 folds for each of 6 candidates, totalling 6 fits
----------
iter: 3
n_candidates: 2
n_resources: 162
Fitting 1 folds for each of 2 candidates, totalling 2 fits
      -> [KNN + Jittering Set 10] Acc: 1.0000, F1: 1.0000, Time: 0.01s
n_iterations: 4
n_required_iterations: 4
n_possible_iterations: 7
min_resources_: 6
max_resources_: 8700
aggressive_elimination: False
factor: 3
----------
iter: 0
n_candidates: 50
n_resources: 6
Fitting 1 folds for each of 50 candidates, totalling 50 fits
----------
iter: 1
n_candidates: 17
n_resources: 18
Fitting 1 folds for each of 17 candidates, totalling 17 fits
----------
iter: 2
n_candidates: 6
n_resources: 54
Fitting 1 folds for each of 6 candidates, totalling 6 fits
----------
iter: 3
n_candidates: 2
n_resources: 162
Fitting 1 folds for each of 2 candidates, totalling 2 fits
      -> [RandomForest + Jittering Set 10] Acc: 0.9617, F1: 0.9616, Time: 0.91s
n_iterations: 4
n_required_iterations: 4
n_possible_iterations: 7
min_resources_: 6
max_resources_: 8700
aggressive_elimination: False
factor: 3
----------
iter: 0
n_candidates: 50
n_resources: 6
Fitting 1 folds for each of 50 candidates, totalling 50 fits
----------
iter: 1
n_candidates: 17
n_resources: 18
Fitting 1 folds for each of 17 candidates, totalling 17 fits
----------
iter: 2
n_candidates: 6
n_resources: 54
Fitting 1 folds for each of 6 candidates, totalling 6 fits
----------
iter: 3
n_candidates: 2
n_resources: 162
Fitting 1 folds for each of 2 candidates, totalling 2 fits
      -> [LinearSVC + Jittering Set 10] Acc: 0.9900, F1: 0.9900, Time: 0.02s
n_iterations: 4
n_required_iterations: 4
n_possible_iterations: 7
min_resources_: 6
max_resources_: 8700
aggressive_elimination: False
factor: 3
----------
iter: 0
n_candidates: 50
n_resources: 6
Fitting 1 folds for each of 50 candidates, totalling 50 fits
----------
iter: 1
n_candidates: 17
n_resources: 18
Fitting 1 folds for each of 17 candidates, totalling 17 fits
----------
iter: 2
n_candidates: 6
n_resources: 54
Fitting 1 folds for each of 6 candidates, totalling 6 fits
----------
iter: 3
n_candidates: 2
n_resources: 162
Fitting 1 folds for each of 2 candidates, totalling 2 fits
      -> [LogisticRegression + Jittering Set 10] Acc: 0.8317, F1: 0.8267, Time: 0.04s
      [!] Failed evaluation with RNN on Jittering Set 10: name 'os' is not defined
    [=== Generating 3x synthetic data with Jittering (Set 1, Params: {'sigma': 0.03}) ===]
n_iterations: 4
n_required_iterations: 4
n_possible_iterations: 7
min_resources_: 6
max_resources_: 11600
aggressive_elimination: False
factor: 3
----------
iter: 0
n_candidates: 50
n_resources: 6
Fitting 1 folds for each of 50 candidates, totalling 50 fits
----------
iter: 1
n_candidates: 17
n_resources: 18
Fitting 1 folds for each of 17 candidates, totalling 17 fits
----------
iter: 2
n_candidates: 6
n_resources: 54
Fitting 1 folds for each of 6 candidates, totalling 6 fits
----------
iter: 3
n_candidates: 2
n_resources: 162
Fitting 1 folds for each of 2 candidates, totalling 2 fits
      -> [KNN + Jittering Set 1] Acc: 1.0000, F1: 1.0000, Time: 0.02s
n_iterations: 4
n_required_iterations: 4
n_possible_iterations: 7
min_resources_: 6
max_resources_: 11600
aggressive_elimination: False
factor: 3
----------
iter: 0
n_candidates: 50
n_resources: 6
Fitting 1 folds for each of 50 candidates, totalling 50 fits
----------
iter: 1
n_candidates: 17
n_resources: 18
Fitting 1 folds for each of 17 candidates, totalling 17 fits
----------
iter: 2
n_candidates: 6
n_resources: 54
Fitting 1 folds for each of 6 candidates, totalling 6 fits
----------
iter: 3
n_candidates: 2
n_resources: 162
Fitting 1 folds for each of 2 candidates, totalling 2 fits
      -> [RandomForest + Jittering Set 1] Acc: 0.9683, F1: 0.9682, Time: 2.14s
n_iterations: 4
n_required_iterations: 4
n_possible_iterations: 7
min_resources_: 6
max_resources_: 11600
aggressive_elimination: False
factor: 3
----------
iter: 0
n_candidates: 50
n_resources: 6
Fitting 1 folds for each of 50 candidates, totalling 50 fits
----------
iter: 1
n_candidates: 17
n_resources: 18
Fitting 1 folds for each of 17 candidates, totalling 17 fits
----------
iter: 2
n_candidates: 6
n_resources: 54
Fitting 1 folds for each of 6 candidates, totalling 6 fits
----------
iter: 3
n_candidates: 2
n_resources: 162
Fitting 1 folds for each of 2 candidates, totalling 2 fits
      -> [LinearSVC + Jittering Set 1] Acc: 0.9850, F1: 0.9850, Time: 0.07s
n_iterations: 4
n_required_iterations: 4
n_possible_iterations: 7
min_resources_: 6
max_resources_: 11600
aggressive_elimination: False
factor: 3
----------
iter: 0
n_candidates: 50
n_resources: 6
Fitting 1 folds for each of 50 candidates, totalling 50 fits
----------
iter: 1
n_candidates: 17
n_resources: 18
Fitting 1 folds for each of 17 candidates, totalling 17 fits
----------
iter: 2
n_candidates: 6
n_resources: 54
Fitting 1 folds for each of 6 candidates, totalling 6 fits
----------
iter: 3
n_candidates: 2
n_resources: 162
Fitting 1 folds for each of 2 candidates, totalling 2 fits
      -> [LogisticRegression + Jittering Set 1] Acc: 0.9933, F1: 0.9933, Time: 0.34s
      [!] Failed evaluation with RNN on Jittering Set 1: name 'os' is not defined
    [=== Generating 3x synthetic data with Jittering (Set 2, Params: {'sigma': 0.1}) ===]
n_iterations: 4
n_required_iterations: 4
n_possible_iterations: 7
min_resources_: 6
max_resources_: 11600
aggressive_elimination: False
factor: 3
----------
iter: 0
n_candidates: 50
n_resources: 6
Fitting 1 folds for each of 50 candidates, totalling 50 fits
----------
iter: 1
n_candidates: 17
n_resources: 18
Fitting 1 folds for each of 17 candidates, totalling 17 fits
----------
iter: 2
n_candidates: 6
n_resources: 54
Fitting 1 folds for each of 6 candidates, totalling 6 fits
----------
iter: 3
n_candidates: 2
n_resources: 162
Fitting 1 folds for each of 2 candidates, totalling 2 fits
      -> [KNN + Jittering Set 2] Acc: 1.0000, F1: 1.0000, Time: 0.02s
n_iterations: 4
n_required_iterations: 4
n_possible_iterations: 7
min_resources_: 6
max_resources_: 11600
aggressive_elimination: False
factor: 3
----------
iter: 0
n_candidates: 50
n_resources: 6
Fitting 1 folds for each of 50 candidates, totalling 50 fits
----------
iter: 1
n_candidates: 17
n_resources: 18
Fitting 1 folds for each of 17 candidates, totalling 17 fits
----------
iter: 2
n_candidates: 6
n_resources: 54
Fitting 1 folds for each of 6 candidates, totalling 6 fits
----------
iter: 3
n_candidates: 2
n_resources: 162
Fitting 1 folds for each of 2 candidates, totalling 2 fits
      -> [RandomForest + Jittering Set 2] Acc: 0.9933, F1: 0.9933, Time: 0.67s
n_iterations: 4
n_required_iterations: 4
n_possible_iterations: 7
min_resources_: 6
max_resources_: 11600
aggressive_elimination: False
factor: 3
----------
iter: 0
n_candidates: 50
n_resources: 6
Fitting 1 folds for each of 50 candidates, totalling 50 fits
----------
iter: 1
n_candidates: 17
n_resources: 18
Fitting 1 folds for each of 17 candidates, totalling 17 fits
----------
iter: 2
n_candidates: 6
n_resources: 54
Fitting 1 folds for each of 6 candidates, totalling 6 fits
----------
iter: 3
n_candidates: 2
n_resources: 162
Fitting 1 folds for each of 2 candidates, totalling 2 fits
      -> [LinearSVC + Jittering Set 2] Acc: 0.9650, F1: 0.9647, Time: 0.08s
n_iterations: 4
n_required_iterations: 4
n_possible_iterations: 7
min_resources_: 6
max_resources_: 11600
aggressive_elimination: False
factor: 3
----------
iter: 0
n_candidates: 50
n_resources: 6
Fitting 1 folds for each of 50 candidates, totalling 50 fits
----------
iter: 1
n_candidates: 17
n_resources: 18
Fitting 1 folds for each of 17 candidates, totalling 17 fits
----------
iter: 2
n_candidates: 6
n_resources: 54
Fitting 1 folds for each of 6 candidates, totalling 6 fits
----------
iter: 3
n_candidates: 2
n_resources: 162
Fitting 1 folds for each of 2 candidates, totalling 2 fits
      -> [LogisticRegression + Jittering Set 2] Acc: 0.8017, F1: 0.7905, Time: 0.06s
      [!] Failed evaluation with RNN on Jittering Set 2: name 'os' is not defined
    [=== Generating 3x synthetic data with Jittering (Set 3, Params: {'sigma': 0.15}) ===]
n_iterations: 4
n_required_iterations: 4
n_possible_iterations: 7
min_resources_: 6
max_resources_: 11600
aggressive_elimination: False
factor: 3
----------
iter: 0
n_candidates: 50
n_resources: 6
Fitting 1 folds for each of 50 candidates, totalling 50 fits
----------
iter: 1
n_candidates: 17
n_resources: 18
Fitting 1 folds for each of 17 candidates, totalling 17 fits
----------
iter: 2
n_candidates: 6
n_resources: 54
Fitting 1 folds for each of 6 candidates, totalling 6 fits
----------
iter: 3
n_candidates: 2
n_resources: 162
Fitting 1 folds for each of 2 candidates, totalling 2 fits
      -> [KNN + Jittering Set 3] Acc: 0.9983, F1: 0.9983, Time: 0.03s
n_iterations: 4
n_required_iterations: 4
n_possible_iterations: 7
min_resources_: 6
max_resources_: 11600
aggressive_elimination: False
factor: 3
----------
iter: 0
n_candidates: 50
n_resources: 6
Fitting 1 folds for each of 50 candidates, totalling 50 fits
----------
iter: 1
n_candidates: 17
n_resources: 18
Fitting 1 folds for each of 17 candidates, totalling 17 fits
----------
iter: 2
n_candidates: 6
n_resources: 54
Fitting 1 folds for each of 6 candidates, totalling 6 fits
----------
iter: 3
n_candidates: 2
n_resources: 162
Fitting 1 folds for each of 2 candidates, totalling 2 fits
      -> [RandomForest + Jittering Set 3] Acc: 0.9967, F1: 0.9967, Time: 0.74s
n_iterations: 4
n_required_iterations: 4
n_possible_iterations: 7
min_resources_: 6
max_resources_: 11600
aggressive_elimination: False
factor: 3
----------
iter: 0
n_candidates: 50
n_resources: 6
Fitting 1 folds for each of 50 candidates, totalling 50 fits
----------
iter: 1
n_candidates: 17
n_resources: 18
Fitting 1 folds for each of 17 candidates, totalling 17 fits
----------
iter: 2
n_candidates: 6
n_resources: 54
Fitting 1 folds for each of 6 candidates, totalling 6 fits
----------
iter: 3
n_candidates: 2
n_resources: 162
Fitting 1 folds for each of 2 candidates, totalling 2 fits
      -> [LinearSVC + Jittering Set 3] Acc: 0.9533, F1: 0.9526, Time: 0.07s
n_iterations: 4
n_required_iterations: 4
n_possible_iterations: 7
min_resources_: 6
max_resources_: 11600
aggressive_elimination: False
factor: 3
----------
iter: 0
n_candidates: 50
n_resources: 6
Fitting 1 folds for each of 50 candidates, totalling 50 fits
----------
iter: 1
n_candidates: 17
n_resources: 18
Fitting 1 folds for each of 17 candidates, totalling 17 fits
----------
iter: 2
n_candidates: 6
n_resources: 54
Fitting 1 folds for each of 6 candidates, totalling 6 fits
----------
iter: 3
n_candidates: 2
n_resources: 162
Fitting 1 folds for each of 2 candidates, totalling 2 fits
      -> [LogisticRegression + Jittering Set 3] Acc: 0.9750, F1: 0.9751, Time: 0.08s
      [!] Failed evaluation with RNN on Jittering Set 3: name 'os' is not defined
    [=== Generating 3x synthetic data with Jittering (Set 4, Params: {'sigma': 0.05}) ===]
n_iterations: 4
n_required_iterations: 4
n_possible_iterations: 7
min_resources_: 6
max_resources_: 11600
aggressive_elimination: False
factor: 3
----------
iter: 0
n_candidates: 50
n_resources: 6
Fitting 1 folds for each of 50 candidates, totalling 50 fits
----------
iter: 1
n_candidates: 17
n_resources: 18
Fitting 1 folds for each of 17 candidates, totalling 17 fits
----------
iter: 2
n_candidates: 6
n_resources: 54
Fitting 1 folds for each of 6 candidates, totalling 6 fits
----------
iter: 3
n_candidates: 2
n_resources: 162
Fitting 1 folds for each of 2 candidates, totalling 2 fits
      -> [KNN + Jittering Set 4] Acc: 1.0000, F1: 1.0000, Time: 0.02s
n_iterations: 4
n_required_iterations: 4
n_possible_iterations: 7
min_resources_: 6
max_resources_: 11600
aggressive_elimination: False
factor: 3
----------
iter: 0
n_candidates: 50
n_resources: 6
Fitting 1 folds for each of 50 candidates, totalling 50 fits
----------
iter: 1
n_candidates: 17
n_resources: 18
Fitting 1 folds for each of 17 candidates, totalling 17 fits
----------
iter: 2
n_candidates: 6
n_resources: 54
Fitting 1 folds for each of 6 candidates, totalling 6 fits
----------
iter: 3
n_candidates: 2
n_resources: 162
Fitting 1 folds for each of 2 candidates, totalling 2 fits
      -> [RandomForest + Jittering Set 4] Acc: 0.9667, F1: 0.9666, Time: 1.95s
n_iterations: 4
n_required_iterations: 4
n_possible_iterations: 7
min_resources_: 6
max_resources_: 11600
aggressive_elimination: False
factor: 3
----------
iter: 0
n_candidates: 50
n_resources: 6
Fitting 1 folds for each of 50 candidates, totalling 50 fits
----------
iter: 1
n_candidates: 17
n_resources: 18
Fitting 1 folds for each of 17 candidates, totalling 17 fits
----------
iter: 2
n_candidates: 6
n_resources: 54
Fitting 1 folds for each of 6 candidates, totalling 6 fits
----------
iter: 3
n_candidates: 2
n_resources: 162
Fitting 1 folds for each of 2 candidates, totalling 2 fits
      -> [LinearSVC + Jittering Set 4] Acc: 0.9800, F1: 0.9799, Time: 0.07s
n_iterations: 4
n_required_iterations: 4
n_possible_iterations: 7
min_resources_: 6
max_resources_: 11600
aggressive_elimination: False
factor: 3
----------
iter: 0
n_candidates: 50
n_resources: 6
Fitting 1 folds for each of 50 candidates, totalling 50 fits
----------
iter: 1
n_candidates: 17
n_resources: 18
Fitting 1 folds for each of 17 candidates, totalling 17 fits
----------
iter: 2
n_candidates: 6
n_resources: 54
Fitting 1 folds for each of 6 candidates, totalling 6 fits
----------
iter: 3
n_candidates: 2
n_resources: 162
Fitting 1 folds for each of 2 candidates, totalling 2 fits
      -> [LogisticRegression + Jittering Set 4] Acc: 0.9933, F1: 0.9933, Time: 0.28s
      [!] Failed evaluation with RNN on Jittering Set 4: name 'os' is not defined
    [=== Generating 3x synthetic data with Jittering (Set 5, Params: {'sigma': 0.15}) ===]
n_iterations: 4
n_required_iterations: 4
n_possible_iterations: 7
min_resources_: 6
max_resources_: 11600
aggressive_elimination: False
factor: 3
----------
iter: 0
n_candidates: 50
n_resources: 6
Fitting 1 folds for each of 50 candidates, totalling 50 fits
----------
iter: 1
n_candidates: 17
n_resources: 18
Fitting 1 folds for each of 17 candidates, totalling 17 fits
----------
iter: 2
n_candidates: 6
n_resources: 54
Fitting 1 folds for each of 6 candidates, totalling 6 fits
----------
iter: 3
n_candidates: 2
n_resources: 162
Fitting 1 folds for each of 2 candidates, totalling 2 fits
      -> [KNN + Jittering Set 5] Acc: 1.0000, F1: 1.0000, Time: 0.02s
n_iterations: 4
n_required_iterations: 4
n_possible_iterations: 7
min_resources_: 6
max_resources_: 11600
aggressive_elimination: False
factor: 3
----------
iter: 0
n_candidates: 50
n_resources: 6
Fitting 1 folds for each of 50 candidates, totalling 50 fits
----------
iter: 1
n_candidates: 17
n_resources: 18
Fitting 1 folds for each of 17 candidates, totalling 17 fits
----------
iter: 2
n_candidates: 6
n_resources: 54
Fitting 1 folds for each of 6 candidates, totalling 6 fits
----------
iter: 3
n_candidates: 2
n_resources: 162
Fitting 1 folds for each of 2 candidates, totalling 2 fits
      -> [RandomForest + Jittering Set 5] Acc: 0.9967, F1: 0.9967, Time: 0.71s
n_iterations: 4
n_required_iterations: 4
n_possible_iterations: 7
min_resources_: 6
max_resources_: 11600
aggressive_elimination: False
factor: 3
----------
iter: 0
n_candidates: 50
n_resources: 6
Fitting 1 folds for each of 50 candidates, totalling 50 fits
----------
iter: 1
n_candidates: 17
n_resources: 18
Fitting 1 folds for each of 17 candidates, totalling 17 fits
----------
iter: 2
n_candidates: 6
n_resources: 54
Fitting 1 folds for each of 6 candidates, totalling 6 fits
----------
iter: 3
n_candidates: 2
n_resources: 162
Fitting 1 folds for each of 2 candidates, totalling 2 fits
      -> [LinearSVC + Jittering Set 5] Acc: 0.9550, F1: 0.9543, Time: 0.02s
n_iterations: 4
n_required_iterations: 4
n_possible_iterations: 7
min_resources_: 6
max_resources_: 11600
aggressive_elimination: False
factor: 3
----------
iter: 0
n_candidates: 50
n_resources: 6
Fitting 1 folds for each of 50 candidates, totalling 50 fits
----------
iter: 1
n_candidates: 17
n_resources: 18
Fitting 1 folds for each of 17 candidates, totalling 17 fits
----------
iter: 2
n_candidates: 6
n_resources: 54
Fitting 1 folds for each of 6 candidates, totalling 6 fits
----------
iter: 3
n_candidates: 2
n_resources: 162
Fitting 1 folds for each of 2 candidates, totalling 2 fits
      -> [LogisticRegression + Jittering Set 5] Acc: 0.7867, F1: 0.7677, Time: 0.05s
      [!] Failed evaluation with RNN on Jittering Set 5: name 'os' is not defined
    [=== Generating 3x synthetic data with Jittering (Set 6, Params: {'sigma': 0.15}) ===]
n_iterations: 4
n_required_iterations: 4
n_possible_iterations: 7
min_resources_: 6
max_resources_: 11600
aggressive_elimination: False
factor: 3
----------
iter: 0
n_candidates: 50
n_resources: 6
Fitting 1 folds for each of 50 candidates, totalling 50 fits
----------
iter: 1
n_candidates: 17
n_resources: 18
Fitting 1 folds for each of 17 candidates, totalling 17 fits
----------
iter: 2
n_candidates: 6
n_resources: 54
Fitting 1 folds for each of 6 candidates, totalling 6 fits
----------
iter: 3
n_candidates: 2
n_resources: 162
Fitting 1 folds for each of 2 candidates, totalling 2 fits
      -> [KNN + Jittering Set 6] Acc: 1.0000, F1: 1.0000, Time: 0.02s
n_iterations: 4
n_required_iterations: 4
n_possible_iterations: 7
min_resources_: 6
max_resources_: 11600
aggressive_elimination: False
factor: 3
----------
iter: 0
n_candidates: 50
n_resources: 6
Fitting 1 folds for each of 50 candidates, totalling 50 fits
----------
iter: 1
n_candidates: 17
n_resources: 18
Fitting 1 folds for each of 17 candidates, totalling 17 fits
----------
iter: 2
n_candidates: 6
n_resources: 54
Fitting 1 folds for each of 6 candidates, totalling 6 fits
----------
iter: 3
n_candidates: 2
n_resources: 162
Fitting 1 folds for each of 2 candidates, totalling 2 fits
      -> [RandomForest + Jittering Set 6] Acc: 0.9933, F1: 0.9933, Time: 0.65s
n_iterations: 4
n_required_iterations: 4
n_possible_iterations: 7
min_resources_: 6
max_resources_: 11600
aggressive_elimination: False
factor: 3
----------
iter: 0
n_candidates: 50
n_resources: 6
Fitting 1 folds for each of 50 candidates, totalling 50 fits
----------
iter: 1
n_candidates: 17
n_resources: 18
Fitting 1 folds for each of 17 candidates, totalling 17 fits
----------
iter: 2
n_candidates: 6
n_resources: 54
Fitting 1 folds for each of 6 candidates, totalling 6 fits
----------
iter: 3
n_candidates: 2
n_resources: 162
Fitting 1 folds for each of 2 candidates, totalling 2 fits
      -> [LinearSVC + Jittering Set 6] Acc: 0.9550, F1: 0.9543, Time: 0.07s
n_iterations: 4
n_required_iterations: 4
n_possible_iterations: 7
min_resources_: 6
max_resources_: 11600
aggressive_elimination: False
factor: 3
----------
iter: 0
n_candidates: 50
n_resources: 6
Fitting 1 folds for each of 50 candidates, totalling 50 fits
----------
iter: 1
n_candidates: 17
n_resources: 18
Fitting 1 folds for each of 17 candidates, totalling 17 fits
----------
iter: 2
n_candidates: 6
n_resources: 54
Fitting 1 folds for each of 6 candidates, totalling 6 fits
----------
iter: 3
n_candidates: 2
n_resources: 162
Fitting 1 folds for each of 2 candidates, totalling 2 fits
      -> [LogisticRegression + Jittering Set 6] Acc: 0.9750, F1: 0.9751, Time: 0.06s
      [!] Failed evaluation with RNN on Jittering Set 6: name 'os' is not defined
    [=== Generating 3x synthetic data with Jittering (Set 7, Params: {'sigma': 0.03}) ===]
n_iterations: 4
n_required_iterations: 4
n_possible_iterations: 7
min_resources_: 6
max_resources_: 11600
aggressive_elimination: False
factor: 3
----------
iter: 0
n_candidates: 50
n_resources: 6
Fitting 1 folds for each of 50 candidates, totalling 50 fits
----------
iter: 1
n_candidates: 17
n_resources: 18
Fitting 1 folds for each of 17 candidates, totalling 17 fits
----------
iter: 2
n_candidates: 6
n_resources: 54
Fitting 1 folds for each of 6 candidates, totalling 6 fits
----------
iter: 3
n_candidates: 2
n_resources: 162
Fitting 1 folds for each of 2 candidates, totalling 2 fits
      -> [KNN + Jittering Set 7] Acc: 1.0000, F1: 1.0000, Time: 0.01s
n_iterations: 4
n_required_iterations: 4
n_possible_iterations: 7
min_resources_: 6
max_resources_: 11600
aggressive_elimination: False
factor: 3
----------
iter: 0
n_candidates: 50
n_resources: 6
Fitting 1 folds for each of 50 candidates, totalling 50 fits
----------
iter: 1
n_candidates: 17
n_resources: 18
Fitting 1 folds for each of 17 candidates, totalling 17 fits
----------
iter: 2
n_candidates: 6
n_resources: 54
Fitting 1 folds for each of 6 candidates, totalling 6 fits
----------
iter: 3
n_candidates: 2
n_resources: 162
Fitting 1 folds for each of 2 candidates, totalling 2 fits
      -> [RandomForest + Jittering Set 7] Acc: 0.9750, F1: 0.9750, Time: 0.59s
n_iterations: 4
n_required_iterations: 4
n_possible_iterations: 7
min_resources_: 6
max_resources_: 11600
aggressive_elimination: False
factor: 3
----------
iter: 0
n_candidates: 50
n_resources: 6
Fitting 1 folds for each of 50 candidates, totalling 50 fits
----------
iter: 1
n_candidates: 17
n_resources: 18
Fitting 1 folds for each of 17 candidates, totalling 17 fits
----------
iter: 2
n_candidates: 6
n_resources: 54
Fitting 1 folds for each of 6 candidates, totalling 6 fits
----------
iter: 3
n_candidates: 2
n_resources: 162
Fitting 1 folds for each of 2 candidates, totalling 2 fits
      -> [LinearSVC + Jittering Set 7] Acc: 0.9867, F1: 0.9866, Time: 0.07s
n_iterations: 4
n_required_iterations: 4
n_possible_iterations: 7
min_resources_: 6
max_resources_: 11600
aggressive_elimination: False
factor: 3
----------
iter: 0
n_candidates: 50
n_resources: 6
Fitting 1 folds for each of 50 candidates, totalling 50 fits
----------
iter: 1
n_candidates: 17
n_resources: 18
Fitting 1 folds for each of 17 candidates, totalling 17 fits
----------
iter: 2
n_candidates: 6
n_resources: 54
Fitting 1 folds for each of 6 candidates, totalling 6 fits
----------
iter: 3
n_candidates: 2
n_resources: 162
Fitting 1 folds for each of 2 candidates, totalling 2 fits
      -> [LogisticRegression + Jittering Set 7] Acc: 0.9933, F1: 0.9933, Time: 0.27s
      [!] Failed evaluation with RNN on Jittering Set 7: name 'os' is not defined
    [=== Generating 3x synthetic data with Jittering (Set 8, Params: {'sigma': 0.05}) ===]
n_iterations: 4
n_required_iterations: 4
n_possible_iterations: 7
min_resources_: 6
max_resources_: 11600
aggressive_elimination: False
factor: 3
----------
iter: 0
n_candidates: 50
n_resources: 6
Fitting 1 folds for each of 50 candidates, totalling 50 fits
----------
iter: 1
n_candidates: 17
n_resources: 18
Fitting 1 folds for each of 17 candidates, totalling 17 fits
----------
iter: 2
n_candidates: 6
n_resources: 54
Fitting 1 folds for each of 6 candidates, totalling 6 fits
----------
iter: 3
n_candidates: 2
n_resources: 162
Fitting 1 folds for each of 2 candidates, totalling 2 fits
      -> [KNN + Jittering Set 8] Acc: 1.0000, F1: 1.0000, Time: 0.02s
n_iterations: 4
n_required_iterations: 4
n_possible_iterations: 7
min_resources_: 6
max_resources_: 11600
aggressive_elimination: False
factor: 3
----------
iter: 0
n_candidates: 50
n_resources: 6
Fitting 1 folds for each of 50 candidates, totalling 50 fits
----------
iter: 1
n_candidates: 17
n_resources: 18
Fitting 1 folds for each of 17 candidates, totalling 17 fits
----------
iter: 2
n_candidates: 6
n_resources: 54
Fitting 1 folds for each of 6 candidates, totalling 6 fits
----------
iter: 3
n_candidates: 2
n_resources: 162
Fitting 1 folds for each of 2 candidates, totalling 2 fits
      -> [RandomForest + Jittering Set 8] Acc: 0.9717, F1: 0.9715, Time: 0.69s
n_iterations: 4
n_required_iterations: 4
n_possible_iterations: 7
min_resources_: 6
max_resources_: 11600
aggressive_elimination: False
factor: 3
----------
iter: 0
n_candidates: 50
n_resources: 6
Fitting 1 folds for each of 50 candidates, totalling 50 fits
----------
iter: 1
n_candidates: 17
n_resources: 18
Fitting 1 folds for each of 17 candidates, totalling 17 fits
----------
iter: 2
n_candidates: 6
n_resources: 54
Fitting 1 folds for each of 6 candidates, totalling 6 fits
----------
iter: 3
n_candidates: 2
n_resources: 162
Fitting 1 folds for each of 2 candidates, totalling 2 fits
      -> [LinearSVC + Jittering Set 8] Acc: 0.9817, F1: 0.9816, Time: 0.07s
n_iterations: 4
n_required_iterations: 4
n_possible_iterations: 7
min_resources_: 6
max_resources_: 11600
aggressive_elimination: False
factor: 3
----------
iter: 0
n_candidates: 50
n_resources: 6
Fitting 1 folds for each of 50 candidates, totalling 50 fits
----------
iter: 1
n_candidates: 17
n_resources: 18
Fitting 1 folds for each of 17 candidates, totalling 17 fits
----------
iter: 2
n_candidates: 6
n_resources: 54
Fitting 1 folds for each of 6 candidates, totalling 6 fits
----------
iter: 3
n_candidates: 2
n_resources: 162
Fitting 1 folds for each of 2 candidates, totalling 2 fits
      -> [LogisticRegression + Jittering Set 8] Acc: 0.9933, F1: 0.9933, Time: 0.12s
      [!] Failed evaluation with RNN on Jittering Set 8: name 'os' is not defined
    [=== Generating 3x synthetic data with Jittering (Set 9, Params: {'sigma': 0.05}) ===]
n_iterations: 4
n_required_iterations: 4
n_possible_iterations: 7
min_resources_: 6
max_resources_: 11600
aggressive_elimination: False
factor: 3
----------
iter: 0
n_candidates: 50
n_resources: 6
Fitting 1 folds for each of 50 candidates, totalling 50 fits
----------
iter: 1
n_candidates: 17
n_resources: 18
Fitting 1 folds for each of 17 candidates, totalling 17 fits
----------
iter: 2
n_candidates: 6
n_resources: 54
Fitting 1 folds for each of 6 candidates, totalling 6 fits
----------
iter: 3
n_candidates: 2
n_resources: 162
Fitting 1 folds for each of 2 candidates, totalling 2 fits
      -> [KNN + Jittering Set 9] Acc: 1.0000, F1: 1.0000, Time: 0.02s
n_iterations: 4
n_required_iterations: 4
n_possible_iterations: 7
min_resources_: 6
max_resources_: 11600
aggressive_elimination: False
factor: 3
----------
iter: 0
n_candidates: 50
n_resources: 6
Fitting 1 folds for each of 50 candidates, totalling 50 fits
----------
iter: 1
n_candidates: 17
n_resources: 18
Fitting 1 folds for each of 17 candidates, totalling 17 fits
----------
iter: 2
n_candidates: 6
n_resources: 54
Fitting 1 folds for each of 6 candidates, totalling 6 fits
----------
iter: 3
n_candidates: 2
n_resources: 162
Fitting 1 folds for each of 2 candidates, totalling 2 fits
      -> [RandomForest + Jittering Set 9] Acc: 0.9700, F1: 0.9699, Time: 0.60s
n_iterations: 4
n_required_iterations: 4
n_possible_iterations: 7
min_resources_: 6
max_resources_: 11600
aggressive_elimination: False
factor: 3
----------
iter: 0
n_candidates: 50
n_resources: 6
Fitting 1 folds for each of 50 candidates, totalling 50 fits
----------
iter: 1
n_candidates: 17
n_resources: 18
Fitting 1 folds for each of 17 candidates, totalling 17 fits
----------
iter: 2
n_candidates: 6
n_resources: 54
Fitting 1 folds for each of 6 candidates, totalling 6 fits
----------
iter: 3
n_candidates: 2
n_resources: 162
Fitting 1 folds for each of 2 candidates, totalling 2 fits
      -> [LinearSVC + Jittering Set 9] Acc: 0.9783, F1: 0.9782, Time: 0.07s
n_iterations: 4
n_required_iterations: 4
n_possible_iterations: 7
min_resources_: 6
max_resources_: 11600
aggressive_elimination: False
factor: 3
----------
iter: 0
n_candidates: 50
n_resources: 6
Fitting 1 folds for each of 50 candidates, totalling 50 fits
----------
iter: 1
n_candidates: 17
n_resources: 18
Fitting 1 folds for each of 17 candidates, totalling 17 fits
----------
iter: 2
n_candidates: 6
n_resources: 54
Fitting 1 folds for each of 6 candidates, totalling 6 fits
----------
iter: 3
n_candidates: 2
n_resources: 162
Fitting 1 folds for each of 2 candidates, totalling 2 fits
      -> [LogisticRegression + Jittering Set 9] Acc: 0.9933, F1: 0.9933, Time: 0.28s
      [!] Failed evaluation with RNN on Jittering Set 9: name 'os' is not defined
    [=== Generating 3x synthetic data with Jittering (Set 10, Params: {'sigma': 0.05}) ===]
n_iterations: 4
n_required_iterations: 4
n_possible_iterations: 7
min_resources_: 6
max_resources_: 11600
aggressive_elimination: False
factor: 3
----------
iter: 0
n_candidates: 50
n_resources: 6
Fitting 1 folds for each of 50 candidates, totalling 50 fits
----------
iter: 1
n_candidates: 17
n_resources: 18
Fitting 1 folds for each of 17 candidates, totalling 17 fits
----------
iter: 2
n_candidates: 6
n_resources: 54
Fitting 1 folds for each of 6 candidates, totalling 6 fits
----------
iter: 3
n_candidates: 2
n_resources: 162
Fitting 1 folds for each of 2 candidates, totalling 2 fits
      -> [KNN + Jittering Set 10] Acc: 1.0000, F1: 1.0000, Time: 0.02s
n_iterations: 4
n_required_iterations: 4
n_possible_iterations: 7
min_resources_: 6
max_resources_: 11600
aggressive_elimination: False
factor: 3
----------
iter: 0
n_candidates: 50
n_resources: 6
Fitting 1 folds for each of 50 candidates, totalling 50 fits
----------
iter: 1
n_candidates: 17
n_resources: 18
Fitting 1 folds for each of 17 candidates, totalling 17 fits
----------
iter: 2
n_candidates: 6
n_resources: 54
Fitting 1 folds for each of 6 candidates, totalling 6 fits
----------
iter: 3
n_candidates: 2
n_resources: 162
Fitting 1 folds for each of 2 candidates, totalling 2 fits
      -> [RandomForest + Jittering Set 10] Acc: 0.9667, F1: 0.9666, Time: 0.60s
n_iterations: 4
n_required_iterations: 4
n_possible_iterations: 7
min_resources_: 6
max_resources_: 11600
aggressive_elimination: False
factor: 3
----------
iter: 0
n_candidates: 50
n_resources: 6
Fitting 1 folds for each of 50 candidates, totalling 50 fits
----------
iter: 1
n_candidates: 17
n_resources: 18
Fitting 1 folds for each of 17 candidates, totalling 17 fits
----------
iter: 2
n_candidates: 6
n_resources: 54
Fitting 1 folds for each of 6 candidates, totalling 6 fits
----------
iter: 3
n_candidates: 2
n_resources: 162
Fitting 1 folds for each of 2 candidates, totalling 2 fits
      -> [LinearSVC + Jittering Set 10] Acc: 0.9833, F1: 0.9833, Time: 0.07s
n_iterations: 4
n_required_iterations: 4
n_possible_iterations: 7
min_resources_: 6
max_resources_: 11600
aggressive_elimination: False
factor: 3
----------
iter: 0
n_candidates: 50
n_resources: 6
Fitting 1 folds for each of 50 candidates, totalling 50 fits
----------
iter: 1
n_candidates: 17
n_resources: 18
Fitting 1 folds for each of 17 candidates, totalling 17 fits
----------
iter: 2
n_candidates: 6
n_resources: 54
Fitting 1 folds for each of 6 candidates, totalling 6 fits
----------
iter: 3
n_candidates: 2
n_resources: 162
Fitting 1 folds for each of 2 candidates, totalling 2 fits
      -> [LogisticRegression + Jittering Set 10] Acc: 0.9917, F1: 0.9917, Time: 0.30s
      [!] Failed evaluation with RNN on Jittering Set 10: name 'os' is not defined
    [=== Generating 5x synthetic data with Jittering (Set 1, Params: {'sigma': 0.03}) ===]
n_iterations: 4
n_required_iterations: 4
n_possible_iterations: 8
min_resources_: 6
max_resources_: 17400
aggressive_elimination: False
factor: 3
----------
iter: 0
n_candidates: 50
n_resources: 6
Fitting 1 folds for each of 50 candidates, totalling 50 fits
      -> [KNN + Jittering Set 1] Acc: 1.0000, F1: 1.0000, Time: 0.04s
n_iterations: 4
n_required_iterations: 4
n_possible_iterations: 8
min_resources_: 6
max_resources_: 17400
aggressive_elimination: False
factor: 3
----------
iter: 0
n_candidates: 50
n_resources: 6
Fitting 1 folds for each of 50 candidates, totalling 50 fits
      -> [RandomForest + Jittering Set 1] Acc: 0.9683, F1: 0.9683, Time: 2.03s
n_iterations: 4
n_required_iterations: 4
n_possible_iterations: 8
min_resources_: 6
max_resources_: 17400
aggressive_elimination: False
factor: 3
----------
iter: 0
n_candidates: 50
n_resources: 6
Fitting 1 folds for each of 50 candidates, totalling 50 fits
      -> [LinearSVC + Jittering Set 1] Acc: 0.9867, F1: 0.9866, Time: 0.05s
n_iterations: 4
n_required_iterations: 4
n_possible_iterations: 8
min_resources_: 6
max_resources_: 17400
aggressive_elimination: False
factor: 3
----------
iter: 0
n_candidates: 50
n_resources: 6
Fitting 1 folds for each of 50 candidates, totalling 50 fits
      -> [LogisticRegression + Jittering Set 1] Acc: 0.9933, F1: 0.9933, Time: 0.18s
      [!] Failed evaluation with RNN on Jittering Set 1: name 'os' is not defined
    [=== Generating 5x synthetic data with Jittering (Set 2, Params: {'sigma': 0.1}) ===]
n_iterations: 4
n_required_iterations: 4
n_possible_iterations: 8
min_resources_: 6
max_resources_: 17400
aggressive_elimination: False
factor: 3
----------
iter: 0
n_candidates: 50
n_resources: 6
Fitting 1 folds for each of 50 candidates, totalling 50 fits
      -> [KNN + Jittering Set 2] Acc: 1.0000, F1: 1.0000, Time: 0.05s
n_iterations: 4
n_required_iterations: 4
n_possible_iterations: 8
min_resources_: 6
max_resources_: 17400
aggressive_elimination: False
factor: 3
----------
iter: 0
n_candidates: 50
n_resources: 6
Fitting 1 folds for each of 50 candidates, totalling 50 fits
      -> [RandomForest + Jittering Set 2] Acc: 0.9967, F1: 0.9967, Time: 2.71s
n_iterations: 4
n_required_iterations: 4
n_possible_iterations: 8
min_resources_: 6
max_resources_: 17400
aggressive_elimination: False
factor: 3
----------
iter: 0
n_candidates: 50
n_resources: 6
Fitting 1 folds for each of 50 candidates, totalling 50 fits
      -> [LinearSVC + Jittering Set 2] Acc: 0.9800, F1: 0.9799, Time: 0.11s
n_iterations: 4
n_required_iterations: 4
n_possible_iterations: 8
min_resources_: 6
max_resources_: 17400
aggressive_elimination: False
factor: 3
----------
iter: 0
n_candidates: 50
n_resources: 6
Fitting 1 folds for each of 50 candidates, totalling 50 fits
      -> [LogisticRegression + Jittering Set 2] Acc: 0.9850, F1: 0.9850, Time: 0.29s
      [!] Failed evaluation with RNN on Jittering Set 2: name 'os' is not defined
    [=== Generating 5x synthetic data with Jittering (Set 3, Params: {'sigma': 0.15}) ===]
n_iterations: 4
n_required_iterations: 4
n_possible_iterations: 8
min_resources_: 6
max_resources_: 17400
aggressive_elimination: False
factor: 3
----------
iter: 0
n_candidates: 50
n_resources: 6
Fitting 1 folds for each of 50 candidates, totalling 50 fits
      -> [KNN + Jittering Set 3] Acc: 1.0000, F1: 1.0000, Time: 0.09s
n_iterations: 4
n_required_iterations: 4
n_possible_iterations: 8
min_resources_: 6
max_resources_: 17400
aggressive_elimination: False
factor: 3
----------
iter: 0
n_candidates: 50
n_resources: 6
Fitting 1 folds for each of 50 candidates, totalling 50 fits
      -> [RandomForest + Jittering Set 3] Acc: 0.9967, F1: 0.9967, Time: 2.97s
n_iterations: 4
n_required_iterations: 4
n_possible_iterations: 8
min_resources_: 6
max_resources_: 17400
aggressive_elimination: False
factor: 3
----------
iter: 0
n_candidates: 50
n_resources: 6
Fitting 1 folds for each of 50 candidates, totalling 50 fits
      -> [LinearSVC + Jittering Set 3] Acc: 0.9533, F1: 0.9526, Time: 0.05s
n_iterations: 4
n_required_iterations: 4
n_possible_iterations: 8
min_resources_: 6
max_resources_: 17400
aggressive_elimination: False
factor: 3
----------
iter: 0
n_candidates: 50
n_resources: 6
Fitting 1 folds for each of 50 candidates, totalling 50 fits
      -> [LogisticRegression + Jittering Set 3] Acc: 0.9683, F1: 0.9685, Time: 0.22s
      [!] Failed evaluation with RNN on Jittering Set 3: name 'os' is not defined
    [=== Generating 5x synthetic data with Jittering (Set 4, Params: {'sigma': 0.05}) ===]
n_iterations: 4
n_required_iterations: 4
n_possible_iterations: 8
min_resources_: 6
max_resources_: 17400
aggressive_elimination: False
factor: 3
----------
iter: 0
n_candidates: 50
n_resources: 6
Fitting 1 folds for each of 50 candidates, totalling 50 fits
      -> [KNN + Jittering Set 4] Acc: 1.0000, F1: 1.0000, Time: 0.05s
n_iterations: 4
n_required_iterations: 4
n_possible_iterations: 8
min_resources_: 6
max_resources_: 17400
aggressive_elimination: False
factor: 3
----------
iter: 0
n_candidates: 50
n_resources: 6
Fitting 1 folds for each of 50 candidates, totalling 50 fits
      -> [RandomForest + Jittering Set 4] Acc: 0.9767, F1: 0.9767, Time: 2.46s
n_iterations: 4
n_required_iterations: 4
n_possible_iterations: 8
min_resources_: 6
max_resources_: 17400
aggressive_elimination: False
factor: 3
----------
iter: 0
n_candidates: 50
n_resources: 6
Fitting 1 folds for each of 50 candidates, totalling 50 fits
      -> [LinearSVC + Jittering Set 4] Acc: 0.9900, F1: 0.9900, Time: 0.06s
n_iterations: 4
n_required_iterations: 4
n_possible_iterations: 8
min_resources_: 6
max_resources_: 17400
aggressive_elimination: False
factor: 3
----------
iter: 0
n_candidates: 50
n_resources: 6
Fitting 1 folds for each of 50 candidates, totalling 50 fits
      -> [LogisticRegression + Jittering Set 4] Acc: 0.9867, F1: 0.9867, Time: 0.50s
      [!] Failed evaluation with RNN on Jittering Set 4: name 'os' is not defined
    [=== Generating 5x synthetic data with Jittering (Set 5, Params: {'sigma': 0.15}) ===]
n_iterations: 4
n_required_iterations: 4
n_possible_iterations: 8
min_resources_: 6
max_resources_: 17400
aggressive_elimination: False
factor: 3
----------
iter: 0
n_candidates: 50
n_resources: 6
Fitting 1 folds for each of 50 candidates, totalling 50 fits
      -> [KNN + Jittering Set 5] Acc: 1.0000, F1: 1.0000, Time: 0.10s
n_iterations: 4
n_required_iterations: 4
n_possible_iterations: 8
min_resources_: 6
max_resources_: 17400
aggressive_elimination: False
factor: 3
----------
iter: 0
n_candidates: 50
n_resources: 6
Fitting 1 folds for each of 50 candidates, totalling 50 fits
      -> [RandomForest + Jittering Set 5] Acc: 0.9967, F1: 0.9967, Time: 2.68s
n_iterations: 4
n_required_iterations: 4
n_possible_iterations: 8
min_resources_: 6
max_resources_: 17400
aggressive_elimination: False
factor: 3
----------
iter: 0
n_candidates: 50
n_resources: 6
Fitting 1 folds for each of 50 candidates, totalling 50 fits
      -> [LinearSVC + Jittering Set 5] Acc: 0.9533, F1: 0.9526, Time: 0.04s
n_iterations: 4
n_required_iterations: 4
n_possible_iterations: 8
min_resources_: 6
max_resources_: 17400
aggressive_elimination: False
factor: 3
----------
iter: 0
n_candidates: 50
n_resources: 6
Fitting 1 folds for each of 50 candidates, totalling 50 fits
      -> [LogisticRegression + Jittering Set 5] Acc: 0.9700, F1: 0.9701, Time: 0.10s
      [!] Failed evaluation with RNN on Jittering Set 5: name 'os' is not defined
    [=== Generating 5x synthetic data with Jittering (Set 6, Params: {'sigma': 0.15}) ===]
n_iterations: 4
n_required_iterations: 4
n_possible_iterations: 8
min_resources_: 6
max_resources_: 17400
aggressive_elimination: False
factor: 3
----------
iter: 0
n_candidates: 50
n_resources: 6
Fitting 1 folds for each of 50 candidates, totalling 50 fits
      -> [KNN + Jittering Set 6] Acc: 1.0000, F1: 1.0000, Time: 0.05s
n_iterations: 4
n_required_iterations: 4
n_possible_iterations: 8
min_resources_: 6
max_resources_: 17400
aggressive_elimination: False
factor: 3
----------
iter: 0
n_candidates: 50
n_resources: 6
Fitting 1 folds for each of 50 candidates, totalling 50 fits
      -> [RandomForest + Jittering Set 6] Acc: 0.9950, F1: 0.9950, Time: 2.81s
n_iterations: 4
n_required_iterations: 4
n_possible_iterations: 8
min_resources_: 6
max_resources_: 17400
aggressive_elimination: False
factor: 3
----------
iter: 0
n_candidates: 50
n_resources: 6
Fitting 1 folds for each of 50 candidates, totalling 50 fits
      -> [LinearSVC + Jittering Set 6] Acc: 0.9550, F1: 0.9543, Time: 0.05s
n_iterations: 4
n_required_iterations: 4
n_possible_iterations: 8
min_resources_: 6
max_resources_: 17400
aggressive_elimination: False
factor: 3
----------
iter: 0
n_candidates: 50
n_resources: 6
Fitting 1 folds for each of 50 candidates, totalling 50 fits
      -> [LogisticRegression + Jittering Set 6] Acc: 0.9700, F1: 0.9701, Time: 0.23s
      [!] Failed evaluation with RNN on Jittering Set 6: name 'os' is not defined
    [=== Generating 5x synthetic data with Jittering (Set 7, Params: {'sigma': 0.03}) ===]
n_iterations: 4
n_required_iterations: 4
n_possible_iterations: 8
min_resources_: 6
max_resources_: 17400
aggressive_elimination: False
factor: 3
----------
iter: 0
n_candidates: 50
n_resources: 6
Fitting 1 folds for each of 50 candidates, totalling 50 fits
      -> [KNN + Jittering Set 7] Acc: 1.0000, F1: 1.0000, Time: 0.09s
n_iterations: 4
n_required_iterations: 4
n_possible_iterations: 8
min_resources_: 6
max_resources_: 17400
aggressive_elimination: False
factor: 3
----------
iter: 0
n_candidates: 50
n_resources: 6
Fitting 1 folds for each of 50 candidates, totalling 50 fits
      -> [RandomForest + Jittering Set 7] Acc: 0.9667, F1: 0.9666, Time: 4.55s
n_iterations: 4
n_required_iterations: 4
n_possible_iterations: 8
min_resources_: 6
max_resources_: 17400
aggressive_elimination: False
factor: 3
----------
iter: 0
n_candidates: 50
n_resources: 6
Fitting 1 folds for each of 50 candidates, totalling 50 fits
      -> [LinearSVC + Jittering Set 7] Acc: 0.9883, F1: 0.9883, Time: 0.06s
n_iterations: 4
n_required_iterations: 4
n_possible_iterations: 8
min_resources_: 6
max_resources_: 17400
aggressive_elimination: False
factor: 3
----------
iter: 0
n_candidates: 50
n_resources: 6
Fitting 1 folds for each of 50 candidates, totalling 50 fits
      -> [LogisticRegression + Jittering Set 7] Acc: 0.9933, F1: 0.9933, Time: 0.57s
      [!] Failed evaluation with RNN on Jittering Set 7: name 'os' is not defined
    [=== Generating 5x synthetic data with Jittering (Set 8, Params: {'sigma': 0.05}) ===]
n_iterations: 4
n_required_iterations: 4
n_possible_iterations: 8
min_resources_: 6
max_resources_: 17400
aggressive_elimination: False
factor: 3
----------
iter: 0
n_candidates: 50
n_resources: 6
Fitting 1 folds for each of 50 candidates, totalling 50 fits
      -> [KNN + Jittering Set 8] Acc: 1.0000, F1: 1.0000, Time: 0.10s
n_iterations: 4
n_required_iterations: 4
n_possible_iterations: 8
min_resources_: 6
max_resources_: 17400
aggressive_elimination: False
factor: 3
----------
iter: 0
n_candidates: 50
n_resources: 6
Fitting 1 folds for each of 50 candidates, totalling 50 fits
      -> [RandomForest + Jittering Set 8] Acc: 0.9600, F1: 0.9599, Time: 2.78s
n_iterations: 4
n_required_iterations: 4
n_possible_iterations: 8
min_resources_: 6
max_resources_: 17400
aggressive_elimination: False
factor: 3
----------
iter: 0
n_candidates: 50
n_resources: 6
Fitting 1 folds for each of 50 candidates, totalling 50 fits
      -> [LinearSVC + Jittering Set 8] Acc: 0.9900, F1: 0.9900, Time: 0.06s
n_iterations: 4
n_required_iterations: 4
n_possible_iterations: 8
min_resources_: 6
max_resources_: 17400
aggressive_elimination: False
factor: 3
----------
iter: 0
n_candidates: 50
n_resources: 6
Fitting 1 folds for each of 50 candidates, totalling 50 fits
      -> [LogisticRegression + Jittering Set 8] Acc: 0.9883, F1: 0.9883, Time: 0.66s
      [!] Failed evaluation with RNN on Jittering Set 8: name 'os' is not defined
    [=== Generating 5x synthetic data with Jittering (Set 9, Params: {'sigma': 0.05}) ===]
n_iterations: 4
n_required_iterations: 4
n_possible_iterations: 8
min_resources_: 6
max_resources_: 17400
aggressive_elimination: False
factor: 3
----------
iter: 0
n_candidates: 50
n_resources: 6
Fitting 1 folds for each of 50 candidates, totalling 50 fits
      -> [KNN + Jittering Set 9] Acc: 1.0000, F1: 1.0000, Time: 0.10s
n_iterations: 4
n_required_iterations: 4
n_possible_iterations: 8
min_resources_: 6
max_resources_: 17400
aggressive_elimination: False
factor: 3
----------
iter: 0
n_candidates: 50
n_resources: 6
Fitting 1 folds for each of 50 candidates, totalling 50 fits
      -> [RandomForest + Jittering Set 9] Acc: 0.9767, F1: 0.9767, Time: 4.92s
n_iterations: 4
n_required_iterations: 4
n_possible_iterations: 8
min_resources_: 6
max_resources_: 17400
aggressive_elimination: False
factor: 3
----------
iter: 0
n_candidates: 50
n_resources: 6
Fitting 1 folds for each of 50 candidates, totalling 50 fits
      -> [LinearSVC + Jittering Set 9] Acc: 0.9900, F1: 0.9900, Time: 0.06s
n_iterations: 4
n_required_iterations: 4
n_possible_iterations: 8
min_resources_: 6
max_resources_: 17400
aggressive_elimination: False
factor: 3
----------
iter: 0
n_candidates: 50
n_resources: 6
Fitting 1 folds for each of 50 candidates, totalling 50 fits
      -> [LogisticRegression + Jittering Set 9] Acc: 0.9883, F1: 0.9883, Time: 0.57s
      [!] Failed evaluation with RNN on Jittering Set 9: name 'os' is not defined
    [=== Generating 5x synthetic data with Jittering (Set 10, Params: {'sigma': 0.05}) ===]
n_iterations: 4
n_required_iterations: 4
n_possible_iterations: 8
min_resources_: 6
max_resources_: 17400
aggressive_elimination: False
factor: 3
----------
iter: 0
n_candidates: 50
n_resources: 6
Fitting 1 folds for each of 50 candidates, totalling 50 fits
      -> [KNN + Jittering Set 10] Acc: 1.0000, F1: 1.0000, Time: 0.10s
n_iterations: 4
n_required_iterations: 4
n_possible_iterations: 8
min_resources_: 6
max_resources_: 17400
aggressive_elimination: False
factor: 3
----------
iter: 0
n_candidates: 50
n_resources: 6
Fitting 1 folds for each of 50 candidates, totalling 50 fits
      -> [RandomForest + Jittering Set 10] Acc: 0.9633, F1: 0.9632, Time: 2.71s
n_iterations: 4
n_required_iterations: 4
n_possible_iterations: 8
min_resources_: 6
max_resources_: 17400
aggressive_elimination: False
factor: 3
----------
iter: 0
n_candidates: 50
n_resources: 6
Fitting 1 folds for each of 50 candidates, totalling 50 fits
      -> [LinearSVC + Jittering Set 10] Acc: 0.9900, F1: 0.9900, Time: 0.10s
n_iterations: 4
n_required_iterations: 4
n_possible_iterations: 8
min_resources_: 6
max_resources_: 17400
aggressive_elimination: False
factor: 3
----------
iter: 0
n_candidates: 50
n_resources: 6
Fitting 1 folds for each of 50 candidates, totalling 50 fits
      -> [LogisticRegression + Jittering Set 10] Acc: 0.9867, F1: 0.9867, Time: 0.41s
      [!] Failed evaluation with RNN on Jittering Set 10: name 'os' is not defined
    [=== Generating 10x synthetic data with Jittering (Set 1, Params: {'sigma': 0.03}) ===]
n_iterations: 4
n_required_iterations: 4
n_possible_iterations: 8
min_resources_: 6
max_resources_: 31900
aggressive_elimination: False
factor: 3
----------
iter: 0
n_candidates: 50
n_resources: 6
Fitting 1 folds for each of 50 candidates, totalling 50 fits
      -> [KNN + Jittering Set 1] Acc: 1.0000, F1: 1.0000, Time: 0.10s
n_iterations: 4
n_required_iterations: 4
n_possible_iterations: 8
min_resources_: 6
max_resources_: 31900
aggressive_elimination: False
factor: 3
----------
iter: 0
n_candidates: 50
n_resources: 6
Fitting 1 folds for each of 50 candidates, totalling 50 fits
      -> [RandomForest + Jittering Set 1] Acc: 0.9650, F1: 0.9650, Time: 5.38s
n_iterations: 4
n_required_iterations: 4
n_possible_iterations: 8
min_resources_: 6
max_resources_: 31900
aggressive_elimination: False
factor: 3
----------
iter: 0
n_candidates: 50
n_resources: 6
Fitting 1 folds for each of 50 candidates, totalling 50 fits
      -> [LinearSVC + Jittering Set 1] Acc: 0.9867, F1: 0.9866, Time: 0.10s
n_iterations: 4
n_required_iterations: 4
n_possible_iterations: 8
min_resources_: 6
max_resources_: 31900
aggressive_elimination: False
factor: 3
----------
iter: 0
n_candidates: 50
n_resources: 6
Fitting 1 folds for each of 50 candidates, totalling 50 fits
      -> [LogisticRegression + Jittering Set 1] Acc: 0.9933, F1: 0.9933, Time: 0.33s
      [!] Failed evaluation with RNN on Jittering Set 1: name 'os' is not defined
    [=== Generating 10x synthetic data with Jittering (Set 2, Params: {'sigma': 0.1}) ===]
n_iterations: 4
n_required_iterations: 4
n_possible_iterations: 8
min_resources_: 6
max_resources_: 31900
aggressive_elimination: False
factor: 3
----------
iter: 0
n_candidates: 50
n_resources: 6
Fitting 1 folds for each of 50 candidates, totalling 50 fits
      -> [KNN + Jittering Set 2] Acc: 1.0000, F1: 1.0000, Time: 0.07s
n_iterations: 4
n_required_iterations: 4
n_possible_iterations: 8
min_resources_: 6
max_resources_: 31900
aggressive_elimination: False
factor: 3
----------
iter: 0
n_candidates: 50
n_resources: 6
Fitting 1 folds for each of 50 candidates, totalling 50 fits
      -> [RandomForest + Jittering Set 2] Acc: 1.0000, F1: 1.0000, Time: 6.10s
n_iterations: 4
n_required_iterations: 4
n_possible_iterations: 8
min_resources_: 6
max_resources_: 31900
aggressive_elimination: False
factor: 3
----------
iter: 0
n_candidates: 50
n_resources: 6
Fitting 1 folds for each of 50 candidates, totalling 50 fits
      -> [LinearSVC + Jittering Set 2] Acc: 0.9683, F1: 0.9681, Time: 0.08s
n_iterations: 4
n_required_iterations: 4
n_possible_iterations: 8
min_resources_: 6
max_resources_: 31900
aggressive_elimination: False
factor: 3
----------
iter: 0
n_candidates: 50
n_resources: 6
Fitting 1 folds for each of 50 candidates, totalling 50 fits
      -> [LogisticRegression + Jittering Set 2] Acc: 0.9783, F1: 0.9784, Time: 0.25s
      [!] Failed evaluation with RNN on Jittering Set 2: name 'os' is not defined
    [=== Generating 10x synthetic data with Jittering (Set 3, Params: {'sigma': 0.15}) ===]
n_iterations: 4
n_required_iterations: 4
n_possible_iterations: 8
min_resources_: 6
max_resources_: 31900
aggressive_elimination: False
factor: 3
----------
iter: 0
n_candidates: 50
n_resources: 6
Fitting 1 folds for each of 50 candidates, totalling 50 fits
      -> [KNN + Jittering Set 3] Acc: 1.0000, F1: 1.0000, Time: 0.11s
n_iterations: 4
n_required_iterations: 4
n_possible_iterations: 8
min_resources_: 6
max_resources_: 31900
aggressive_elimination: False
factor: 3
----------
iter: 0
n_candidates: 50
n_resources: 6
Fitting 1 folds for each of 50 candidates, totalling 50 fits
      -> [RandomForest + Jittering Set 3] Acc: 1.0000, F1: 1.0000, Time: 6.10s
n_iterations: 4
n_required_iterations: 4
n_possible_iterations: 8
min_resources_: 6
max_resources_: 31900
aggressive_elimination: False
factor: 3
----------
iter: 0
n_candidates: 50
n_resources: 6
Fitting 1 folds for each of 50 candidates, totalling 50 fits
      -> [LinearSVC + Jittering Set 3] Acc: 0.9533, F1: 0.9526, Time: 0.09s
n_iterations: 4
n_required_iterations: 4
n_possible_iterations: 8
min_resources_: 6
max_resources_: 31900
aggressive_elimination: False
factor: 3
----------
iter: 0
n_candidates: 50
n_resources: 6
Fitting 1 folds for each of 50 candidates, totalling 50 fits
      -> [LogisticRegression + Jittering Set 3] Acc: 0.9700, F1: 0.9701, Time: 0.65s
      [!] Failed evaluation with RNN on Jittering Set 3: name 'os' is not defined
    [=== Generating 10x synthetic data with Jittering (Set 4, Params: {'sigma': 0.05}) ===]
n_iterations: 4
n_required_iterations: 4
n_possible_iterations: 8
min_resources_: 6
max_resources_: 31900
aggressive_elimination: False
factor: 3
----------
iter: 0
n_candidates: 50
n_resources: 6
Fitting 1 folds for each of 50 candidates, totalling 50 fits
      -> [KNN + Jittering Set 4] Acc: 1.0000, F1: 1.0000, Time: 0.11s
n_iterations: 4
n_required_iterations: 4
n_possible_iterations: 8
min_resources_: 6
max_resources_: 31900
aggressive_elimination: False
factor: 3
----------
iter: 0
n_candidates: 50
n_resources: 6
Fitting 1 folds for each of 50 candidates, totalling 50 fits
      -> [RandomForest + Jittering Set 4] Acc: 0.9867, F1: 0.9867, Time: 4.94s
n_iterations: 4
n_required_iterations: 4
n_possible_iterations: 8
min_resources_: 6
max_resources_: 31900
aggressive_elimination: False
factor: 3
----------
iter: 0
n_candidates: 50
n_resources: 6
Fitting 1 folds for each of 50 candidates, totalling 50 fits
      -> [LinearSVC + Jittering Set 4] Acc: 0.9900, F1: 0.9900, Time: 0.10s
n_iterations: 4
n_required_iterations: 4
n_possible_iterations: 8
min_resources_: 6
max_resources_: 31900
aggressive_elimination: False
factor: 3
----------
iter: 0
n_candidates: 50
n_resources: 6
Fitting 1 folds for each of 50 candidates, totalling 50 fits
      -> [LogisticRegression + Jittering Set 4] Acc: 0.9900, F1: 0.9900, Time: 0.38s
      [!] Failed evaluation with RNN on Jittering Set 4: name 'os' is not defined
    [=== Generating 10x synthetic data with Jittering (Set 5, Params: {'sigma': 0.15}) ===]
n_iterations: 4
n_required_iterations: 4
n_possible_iterations: 8
min_resources_: 6
max_resources_: 31900
aggressive_elimination: False
factor: 3
----------
iter: 0
n_candidates: 50
n_resources: 6
Fitting 1 folds for each of 50 candidates, totalling 50 fits
      -> [KNN + Jittering Set 5] Acc: 1.0000, F1: 1.0000, Time: 0.09s
n_iterations: 4
n_required_iterations: 4
n_possible_iterations: 8
min_resources_: 6
max_resources_: 31900
aggressive_elimination: False
factor: 3
----------
iter: 0
n_candidates: 50
n_resources: 6
Fitting 1 folds for each of 50 candidates, totalling 50 fits
      -> [RandomForest + Jittering Set 5] Acc: 0.9983, F1: 0.9983, Time: 6.01s
n_iterations: 4
n_required_iterations: 4
n_possible_iterations: 8
min_resources_: 6
max_resources_: 31900
aggressive_elimination: False
factor: 3
----------
iter: 0
n_candidates: 50
n_resources: 6
Fitting 1 folds for each of 50 candidates, totalling 50 fits
      -> [LinearSVC + Jittering Set 5] Acc: 0.9533, F1: 0.9526, Time: 0.08s
n_iterations: 4
n_required_iterations: 4
n_possible_iterations: 8
min_resources_: 6
max_resources_: 31900
aggressive_elimination: False
factor: 3
----------
iter: 0
n_candidates: 50
n_resources: 6
Fitting 1 folds for each of 50 candidates, totalling 50 fits
      -> [LogisticRegression + Jittering Set 5] Acc: 0.9700, F1: 0.9701, Time: 0.18s
      [!] Failed evaluation with RNN on Jittering Set 5: name 'os' is not defined
    [=== Generating 10x synthetic data with Jittering (Set 6, Params: {'sigma': 0.15}) ===]
n_iterations: 4
n_required_iterations: 4
n_possible_iterations: 8
min_resources_: 6
max_resources_: 31900
aggressive_elimination: False
factor: 3
----------
iter: 0
n_candidates: 50
n_resources: 6
Fitting 1 folds for each of 50 candidates, totalling 50 fits
      -> [KNN + Jittering Set 6] Acc: 1.0000, F1: 1.0000, Time: 0.07s
n_iterations: 4
n_required_iterations: 4
n_possible_iterations: 8
min_resources_: 6
max_resources_: 31900
aggressive_elimination: False
factor: 3
----------
iter: 0
n_candidates: 50
n_resources: 6
Fitting 1 folds for each of 50 candidates, totalling 50 fits
      -> [RandomForest + Jittering Set 6] Acc: 0.9983, F1: 0.9983, Time: 6.36s
n_iterations: 4
n_required_iterations: 4
n_possible_iterations: 8
min_resources_: 6
max_resources_: 31900
aggressive_elimination: False
factor: 3
----------
iter: 0
n_candidates: 50
n_resources: 6
Fitting 1 folds for each of 50 candidates, totalling 50 fits
      -> [LinearSVC + Jittering Set 6] Acc: 0.9550, F1: 0.9543, Time: 0.08s
n_iterations: 4
n_required_iterations: 4
n_possible_iterations: 8
min_resources_: 6
max_resources_: 31900
aggressive_elimination: False
factor: 3
----------
iter: 0
n_candidates: 50
n_resources: 6
Fitting 1 folds for each of 50 candidates, totalling 50 fits
      -> [LogisticRegression + Jittering Set 6] Acc: 0.9700, F1: 0.9701, Time: 0.27s
      [!] Failed evaluation with RNN on Jittering Set 6: name 'os' is not defined
    [=== Generating 10x synthetic data with Jittering (Set 7, Params: {'sigma': 0.03}) ===]
n_iterations: 4
n_required_iterations: 4
n_possible_iterations: 8
min_resources_: 6
max_resources_: 31900
aggressive_elimination: False
factor: 3
----------
iter: 0
n_candidates: 50
n_resources: 6
Fitting 1 folds for each of 50 candidates, totalling 50 fits
      -> [KNN + Jittering Set 7] Acc: 1.0000, F1: 1.0000, Time: 0.07s
n_iterations: 4
n_required_iterations: 4
n_possible_iterations: 8
min_resources_: 6
max_resources_: 31900
aggressive_elimination: False
factor: 3
----------
iter: 0
n_candidates: 50
n_resources: 6
Fitting 1 folds for each of 50 candidates, totalling 50 fits
      -> [RandomForest + Jittering Set 7] Acc: 0.9617, F1: 0.9616, Time: 4.44s
n_iterations: 4
n_required_iterations: 4
n_possible_iterations: 8
min_resources_: 6
max_resources_: 31900
aggressive_elimination: False
factor: 3
----------
iter: 0
n_candidates: 50
n_resources: 6
Fitting 1 folds for each of 50 candidates, totalling 50 fits
      -> [LinearSVC + Jittering Set 7] Acc: 0.9867, F1: 0.9866, Time: 0.13s
n_iterations: 4
n_required_iterations: 4
n_possible_iterations: 8
min_resources_: 6
max_resources_: 31900
aggressive_elimination: False
factor: 3
----------
iter: 0
n_candidates: 50
n_resources: 6
Fitting 1 folds for each of 50 candidates, totalling 50 fits
      -> [LogisticRegression + Jittering Set 7] Acc: 0.9933, F1: 0.9933, Time: 1.37s
      [!] Failed evaluation with RNN on Jittering Set 7: name 'os' is not defined
    [=== Generating 10x synthetic data with Jittering (Set 8, Params: {'sigma': 0.05}) ===]
n_iterations: 4
n_required_iterations: 4
n_possible_iterations: 8
min_resources_: 6
max_resources_: 31900
aggressive_elimination: False
factor: 3
----------
iter: 0
n_candidates: 50
n_resources: 6
Fitting 1 folds for each of 50 candidates, totalling 50 fits
      -> [KNN + Jittering Set 8] Acc: 1.0000, F1: 1.0000, Time: 0.11s
n_iterations: 4
n_required_iterations: 4
n_possible_iterations: 8
min_resources_: 6
max_resources_: 31900
aggressive_elimination: False
factor: 3
----------
iter: 0
n_candidates: 50
n_resources: 6
Fitting 1 folds for each of 50 candidates, totalling 50 fits
      -> [RandomForest + Jittering Set 8] Acc: 0.9783, F1: 0.9784, Time: 4.91s
n_iterations: 4
n_required_iterations: 4
n_possible_iterations: 8
min_resources_: 6
max_resources_: 31900
aggressive_elimination: False
factor: 3
----------
iter: 0
n_candidates: 50
n_resources: 6
Fitting 1 folds for each of 50 candidates, totalling 50 fits
      -> [LinearSVC + Jittering Set 8] Acc: 0.9917, F1: 0.9917, Time: 0.11s
n_iterations: 4
n_required_iterations: 4
n_possible_iterations: 8
min_resources_: 6
max_resources_: 31900
aggressive_elimination: False
factor: 3
----------
iter: 0
n_candidates: 50
n_resources: 6
Fitting 1 folds for each of 50 candidates, totalling 50 fits
      -> [LogisticRegression + Jittering Set 8] Acc: 0.9933, F1: 0.9933, Time: 0.43s
      [!] Failed evaluation with RNN on Jittering Set 8: name 'os' is not defined
    [=== Generating 10x synthetic data with Jittering (Set 9, Params: {'sigma': 0.05}) ===]
n_iterations: 4
n_required_iterations: 4
n_possible_iterations: 8
min_resources_: 6
max_resources_: 31900
aggressive_elimination: False
factor: 3
----------
iter: 0
n_candidates: 50
n_resources: 6
Fitting 1 folds for each of 50 candidates, totalling 50 fits
      -> [KNN + Jittering Set 9] Acc: 1.0000, F1: 1.0000, Time: 0.08s
n_iterations: 4
n_required_iterations: 4
n_possible_iterations: 8
min_resources_: 6
max_resources_: 31900
aggressive_elimination: False
factor: 3
----------
iter: 0
n_candidates: 50
n_resources: 6
Fitting 1 folds for each of 50 candidates, totalling 50 fits
      -> [RandomForest + Jittering Set 9] Acc: 0.9717, F1: 0.9716, Time: 5.28s
n_iterations: 4
n_required_iterations: 4
n_possible_iterations: 8
min_resources_: 6
max_resources_: 31900
aggressive_elimination: False
factor: 3
----------
iter: 0
n_candidates: 50
n_resources: 6
Fitting 1 folds for each of 50 candidates, totalling 50 fits
      -> [LinearSVC + Jittering Set 9] Acc: 0.9917, F1: 0.9917, Time: 0.11s
n_iterations: 4
n_required_iterations: 4
n_possible_iterations: 8
min_resources_: 6
max_resources_: 31900
aggressive_elimination: False
factor: 3
----------
iter: 0
n_candidates: 50
n_resources: 6
Fitting 1 folds for each of 50 candidates, totalling 50 fits
      -> [LogisticRegression + Jittering Set 9] Acc: 0.9933, F1: 0.9933, Time: 0.46s
      [!] Failed evaluation with RNN on Jittering Set 9: name 'os' is not defined
    [=== Generating 10x synthetic data with Jittering (Set 10, Params: {'sigma': 0.05}) ===]
n_iterations: 4
n_required_iterations: 4
n_possible_iterations: 8
min_resources_: 6
max_resources_: 31900
aggressive_elimination: False
factor: 3
----------
iter: 0
n_candidates: 50
n_resources: 6
Fitting 1 folds for each of 50 candidates, totalling 50 fits
      -> [KNN + Jittering Set 10] Acc: 1.0000, F1: 1.0000, Time: 0.07s
n_iterations: 4
n_required_iterations: 4
n_possible_iterations: 8
min_resources_: 6
max_resources_: 31900
aggressive_elimination: False
factor: 3
----------
iter: 0
n_candidates: 50
n_resources: 6
Fitting 1 folds for each of 50 candidates, totalling 50 fits
      -> [RandomForest + Jittering Set 10] Acc: 0.9733, F1: 0.9734, Time: 5.17s
n_iterations: 4
n_required_iterations: 4
n_possible_iterations: 8
min_resources_: 6
max_resources_: 31900
aggressive_elimination: False
factor: 3
----------
iter: 0
n_candidates: 50
n_resources: 6
Fitting 1 folds for each of 50 candidates, totalling 50 fits
      -> [LinearSVC + Jittering Set 10] Acc: 0.9917, F1: 0.9917, Time: 0.09s
n_iterations: 4
n_required_iterations: 4
n_possible_iterations: 8
min_resources_: 6
max_resources_: 31900
aggressive_elimination: False
factor: 3
----------
iter: 0
n_candidates: 50
n_resources: 6
Fitting 1 folds for each of 50 candidates, totalling 50 fits
      -> [LogisticRegression + Jittering Set 10] Acc: 0.9917, F1: 0.9917, Time: 0.30s
      [!] Failed evaluation with RNN on Jittering Set 10: name 'os' is not defined

    >> Seed Fold Selection: 3/10
    Evaluating Model: KNN
      -> [Baseline] Acc: 0.8683, F1: 0.8688, Time: 0.03s
      HP Tuning KNN...
n_iterations: 4
n_required_iterations: 4
n_possible_iterations: 5
min_resources_: 30
max_resources_: 2900
aggressive_elimination: False
factor: 3
----------
iter: 0
n_candidates: 50
n_resources: 30
Fitting 5 folds for each of 50 candidates, totalling 250 fits
----------
iter: 1
n_candidates: 17
n_resources: 90
Fitting 5 folds for each of 17 candidates, totalling 85 fits
----------
iter: 2
n_candidates: 6
n_resources: 270
Fitting 5 folds for each of 6 candidates, totalling 30 fits
----------
iter: 3
n_candidates: 2
n_resources: 810
Fitting 5 folds for each of 2 candidates, totalling 10 fits
      -> [Tuned_Baseline] Acc: 0.7500, F1: 0.7455, Time: 0.01s
    Evaluating Model: RandomForest
      -> [Baseline] Acc: 0.9350, F1: 0.9346, Time: 0.45s
      HP Tuning RandomForest...
n_iterations: 4
n_required_iterations: 4
n_possible_iterations: 5
min_resources_: 30
max_resources_: 2900
aggressive_elimination: False
factor: 3
----------
iter: 0
n_candidates: 50
n_resources: 30
Fitting 5 folds for each of 50 candidates, totalling 250 fits
----------
iter: 1
n_candidates: 17
n_resources: 90
Fitting 5 folds for each of 17 candidates, totalling 85 fits
----------
iter: 2
n_candidates: 6
n_resources: 270
Fitting 5 folds for each of 6 candidates, totalling 30 fits
----------
iter: 3
n_candidates: 2
n_resources: 810
Fitting 5 folds for each of 2 candidates, totalling 10 fits
      -> [Tuned_Baseline] Acc: 0.8533, F1: 0.8469, Time: 0.00s
    Evaluating Model: LinearSVC
      -> [Baseline] Acc: 0.9333, F1: 0.9314, Time: 0.01s
      HP Tuning LinearSVC...
n_iterations: 4
n_required_iterations: 4
n_possible_iterations: 5
min_resources_: 30
max_resources_: 2900
aggressive_elimination: False
factor: 3
----------
iter: 0
n_candidates: 50
n_resources: 30
Fitting 5 folds for each of 50 candidates, totalling 250 fits
----------
iter: 1
n_candidates: 17
n_resources: 90
Fitting 5 folds for each of 17 candidates, totalling 85 fits
----------
iter: 2
n_candidates: 6
n_resources: 270
Fitting 5 folds for each of 6 candidates, totalling 30 fits
----------
iter: 3
n_candidates: 2
n_resources: 810
Fitting 5 folds for each of 2 candidates, totalling 10 fits
      -> [Tuned_Baseline] Acc: 0.8783, F1: 0.8714, Time: 0.00s
    Evaluating Model: LogisticRegression
      -> [Baseline] Acc: 0.9783, F1: 0.9782, Time: 0.74s
      HP Tuning LogisticRegression...
n_iterations: 4
n_required_iterations: 4
n_possible_iterations: 5
min_resources_: 30
max_resources_: 2900
aggressive_elimination: False
factor: 3
----------
iter: 0
n_candidates: 50
n_resources: 30
Fitting 5 folds for each of 50 candidates, totalling 250 fits
----------
iter: 1
n_candidates: 17
n_resources: 90
Fitting 5 folds for each of 17 candidates, totalling 85 fits
----------
iter: 2
n_candidates: 6
n_resources: 270
Fitting 5 folds for each of 6 candidates, totalling 30 fits
----------
iter: 3
n_candidates: 2
n_resources: 810
Fitting 5 folds for each of 2 candidates, totalling 10 fits
      -> [Tuned_Baseline] Acc: 0.9967, F1: 0.9967, Time: 0.00s
    Evaluating Model: RNN
      [!] Baseline failed for RNN: name 'os' is not defined
      HP Tuning RNN...
n_iterations: 1
n_required_iterations: 2
n_possible_iterations: 1
min_resources_: 10
max_resources_: 29
aggressive_elimination: False
factor: 3
----------
iter: 0
n_candidates: 4
n_resources: 10
Fitting 5 folds for each of 4 candidates, totalling 20 fits
      [!] HP Tuning failed, using base model: 
All the 20 fits failed.
It is very likely that your model is misconfigured.
You can try to debug the error by setting error_score='raise'.

Below are more details about the failures:
--------------------------------------------------------------------------------
20 fits failed with the following error:
Traceback (most recent call last):
  File "/usr/local/lib/python3.10/dist-packages/sklearn/model_selection/_validation.py", line 859, in _fit_and_score
    estimator.fit(X_train, y_train, **fit_params)
  File "/home/phantrung/Synthesis-Data-Gen/models.py", line 60, in fit
    n_threads = int(os.environ.get('N_JOBS', 1))
NameError: name 'os' is not defined

      -> [Tuned_Baseline] Acc: 0.1667, F1: 0.0476, Time: 0.00s
    [=== Generating 2x synthetic data with Jittering (Set 1, Params: {'sigma': 0.03}) ===]
n_iterations: 4
n_required_iterations: 4
n_possible_iterations: 7
min_resources_: 6
max_resources_: 8700
aggressive_elimination: False
factor: 3
----------
iter: 0
n_candidates: 50
n_resources: 6
Fitting 1 folds for each of 50 candidates, totalling 50 fits
----------
iter: 1
n_candidates: 17
n_resources: 18
Fitting 1 folds for each of 17 candidates, totalling 17 fits
----------
iter: 2
n_candidates: 6
n_resources: 54
Fitting 1 folds for each of 6 candidates, totalling 6 fits
----------
iter: 3
n_candidates: 2
n_resources: 162
Fitting 1 folds for each of 2 candidates, totalling 2 fits
      -> [KNN + Jittering Set 1] Acc: 0.8583, F1: 0.8587, Time: 0.01s
n_iterations: 4
n_required_iterations: 4
n_possible_iterations: 7
min_resources_: 6
max_resources_: 8700
aggressive_elimination: False
factor: 3
----------
iter: 0
n_candidates: 50
n_resources: 6
Fitting 1 folds for each of 50 candidates, totalling 50 fits
----------
iter: 1
n_candidates: 17
n_resources: 18
Fitting 1 folds for each of 17 candidates, totalling 17 fits
----------
iter: 2
n_candidates: 6
n_resources: 54
Fitting 1 folds for each of 6 candidates, totalling 6 fits
----------
iter: 3
n_candidates: 2
n_resources: 162
Fitting 1 folds for each of 2 candidates, totalling 2 fits
      -> [RandomForest + Jittering Set 1] Acc: 0.9417, F1: 0.9411, Time: 0.71s
n_iterations: 4
n_required_iterations: 4
n_possible_iterations: 7
min_resources_: 6
max_resources_: 8700
aggressive_elimination: False
factor: 3
----------
iter: 0
n_candidates: 50
n_resources: 6
Fitting 1 folds for each of 50 candidates, totalling 50 fits
----------
iter: 1
n_candidates: 17
n_resources: 18
Fitting 1 folds for each of 17 candidates, totalling 17 fits
----------
iter: 2
n_candidates: 6
n_resources: 54
Fitting 1 folds for each of 6 candidates, totalling 6 fits
----------
iter: 3
n_candidates: 2
n_resources: 162
Fitting 1 folds for each of 2 candidates, totalling 2 fits
      -> [LinearSVC + Jittering Set 1] Acc: 0.9417, F1: 0.9401, Time: 0.02s
n_iterations: 4
n_required_iterations: 4
n_possible_iterations: 7
min_resources_: 6
max_resources_: 8700
aggressive_elimination: False
factor: 3
----------
iter: 0
n_candidates: 50
n_resources: 6
Fitting 1 folds for each of 50 candidates, totalling 50 fits
----------
iter: 1
n_candidates: 17
n_resources: 18
Fitting 1 folds for each of 17 candidates, totalling 17 fits
----------
iter: 2
n_candidates: 6
n_resources: 54
Fitting 1 folds for each of 6 candidates, totalling 6 fits
----------
iter: 3
n_candidates: 2
n_resources: 162
Fitting 1 folds for each of 2 candidates, totalling 2 fits
      -> [LogisticRegression + Jittering Set 1] Acc: 0.9967, F1: 0.9967, Time: 0.15s
      [!] Failed evaluation with RNN on Jittering Set 1: name 'os' is not defined
    [=== Generating 2x synthetic data with Jittering (Set 2, Params: {'sigma': 0.1}) ===]
n_iterations: 4
n_required_iterations: 4
n_possible_iterations: 7
min_resources_: 6
max_resources_: 8700
aggressive_elimination: False
factor: 3
----------
iter: 0
n_candidates: 50
n_resources: 6
Fitting 1 folds for each of 50 candidates, totalling 50 fits
----------
iter: 1
n_candidates: 17
n_resources: 18
Fitting 1 folds for each of 17 candidates, totalling 17 fits
----------
iter: 2
n_candidates: 6
n_resources: 54
Fitting 1 folds for each of 6 candidates, totalling 6 fits
----------
iter: 3
n_candidates: 2
n_resources: 162
Fitting 1 folds for each of 2 candidates, totalling 2 fits
      -> [KNN + Jittering Set 2] Acc: 0.8083, F1: 0.8082, Time: 0.01s
n_iterations: 4
n_required_iterations: 4
n_possible_iterations: 7
min_resources_: 6
max_resources_: 8700
aggressive_elimination: False
factor: 3
----------
iter: 0
n_candidates: 50
n_resources: 6
Fitting 1 folds for each of 50 candidates, totalling 50 fits
----------
iter: 1
n_candidates: 17
n_resources: 18
Fitting 1 folds for each of 17 candidates, totalling 17 fits
----------
iter: 2
n_candidates: 6
n_resources: 54
Fitting 1 folds for each of 6 candidates, totalling 6 fits
----------
iter: 3
n_candidates: 2
n_resources: 162
Fitting 1 folds for each of 2 candidates, totalling 2 fits
      -> [RandomForest + Jittering Set 2] Acc: 0.9500, F1: 0.9495, Time: 0.40s
n_iterations: 4
n_required_iterations: 4
n_possible_iterations: 7
min_resources_: 6
max_resources_: 8700
aggressive_elimination: False
factor: 3
----------
iter: 0
n_candidates: 50
n_resources: 6
Fitting 1 folds for each of 50 candidates, totalling 50 fits
----------
iter: 1
n_candidates: 17
n_resources: 18
Fitting 1 folds for each of 17 candidates, totalling 17 fits
----------
iter: 2
n_candidates: 6
n_resources: 54
Fitting 1 folds for each of 6 candidates, totalling 6 fits
----------
iter: 3
n_candidates: 2
n_resources: 162
Fitting 1 folds for each of 2 candidates, totalling 2 fits
      -> [LinearSVC + Jittering Set 2] Acc: 0.8717, F1: 0.8637, Time: 0.05s
n_iterations: 4
n_required_iterations: 4
n_possible_iterations: 7
min_resources_: 6
max_resources_: 8700
aggressive_elimination: False
factor: 3
----------
iter: 0
n_candidates: 50
n_resources: 6
Fitting 1 folds for each of 50 candidates, totalling 50 fits
----------
iter: 1
n_candidates: 17
n_resources: 18
Fitting 1 folds for each of 17 candidates, totalling 17 fits
----------
iter: 2
n_candidates: 6
n_resources: 54
Fitting 1 folds for each of 6 candidates, totalling 6 fits
----------
iter: 3
n_candidates: 2
n_resources: 162
Fitting 1 folds for each of 2 candidates, totalling 2 fits
      -> [LogisticRegression + Jittering Set 2] Acc: 0.9900, F1: 0.9900, Time: 0.14s
      [!] Failed evaluation with RNN on Jittering Set 2: name 'os' is not defined
    [=== Generating 2x synthetic data with Jittering (Set 3, Params: {'sigma': 0.15}) ===]
n_iterations: 4
n_required_iterations: 4
n_possible_iterations: 7
min_resources_: 6
max_resources_: 8700
aggressive_elimination: False
factor: 3
----------
iter: 0
n_candidates: 50
n_resources: 6
Fitting 1 folds for each of 50 candidates, totalling 50 fits
----------
iter: 1
n_candidates: 17
n_resources: 18
Fitting 1 folds for each of 17 candidates, totalling 17 fits
----------
iter: 2
n_candidates: 6
n_resources: 54
Fitting 1 folds for each of 6 candidates, totalling 6 fits
----------
iter: 3
n_candidates: 2
n_resources: 162
Fitting 1 folds for each of 2 candidates, totalling 2 fits
      -> [KNN + Jittering Set 3] Acc: 0.8250, F1: 0.8249, Time: 0.01s
n_iterations: 4
n_required_iterations: 4
n_possible_iterations: 7
min_resources_: 6
max_resources_: 8700
aggressive_elimination: False
factor: 3
----------
iter: 0
n_candidates: 50
n_resources: 6
Fitting 1 folds for each of 50 candidates, totalling 50 fits
----------
iter: 1
n_candidates: 17
n_resources: 18
Fitting 1 folds for each of 17 candidates, totalling 17 fits
----------
iter: 2
n_candidates: 6
n_resources: 54
Fitting 1 folds for each of 6 candidates, totalling 6 fits
----------
iter: 3
n_candidates: 2
n_resources: 162
Fitting 1 folds for each of 2 candidates, totalling 2 fits
      -> [RandomForest + Jittering Set 3] Acc: 0.9483, F1: 0.9478, Time: 0.95s
n_iterations: 4
n_required_iterations: 4
n_possible_iterations: 7
min_resources_: 6
max_resources_: 8700
aggressive_elimination: False
factor: 3
----------
iter: 0
n_candidates: 50
n_resources: 6
Fitting 1 folds for each of 50 candidates, totalling 50 fits
----------
iter: 1
n_candidates: 17
n_resources: 18
Fitting 1 folds for each of 17 candidates, totalling 17 fits
----------
iter: 2
n_candidates: 6
n_resources: 54
Fitting 1 folds for each of 6 candidates, totalling 6 fits
----------
iter: 3
n_candidates: 2
n_resources: 162
Fitting 1 folds for each of 2 candidates, totalling 2 fits
      -> [LinearSVC + Jittering Set 3] Acc: 0.8567, F1: 0.8460, Time: 0.06s
n_iterations: 4
n_required_iterations: 4
n_possible_iterations: 7
min_resources_: 6
max_resources_: 8700
aggressive_elimination: False
factor: 3
----------
iter: 0
n_candidates: 50
n_resources: 6
Fitting 1 folds for each of 50 candidates, totalling 50 fits
----------
iter: 1
n_candidates: 17
n_resources: 18
Fitting 1 folds for each of 17 candidates, totalling 17 fits
----------
iter: 2
n_candidates: 6
n_resources: 54
Fitting 1 folds for each of 6 candidates, totalling 6 fits
----------
iter: 3
n_candidates: 2
n_resources: 162
Fitting 1 folds for each of 2 candidates, totalling 2 fits
      -> [LogisticRegression + Jittering Set 3] Acc: 0.9683, F1: 0.9680, Time: 0.18s
      [!] Failed evaluation with RNN on Jittering Set 3: name 'os' is not defined
    [=== Generating 2x synthetic data with Jittering (Set 4, Params: {'sigma': 0.05}) ===]
n_iterations: 4
n_required_iterations: 4
n_possible_iterations: 7
min_resources_: 6
max_resources_: 8700
aggressive_elimination: False
factor: 3
----------
iter: 0
n_candidates: 50
n_resources: 6
Fitting 1 folds for each of 50 candidates, totalling 50 fits
----------
iter: 1
n_candidates: 17
n_resources: 18
Fitting 1 folds for each of 17 candidates, totalling 17 fits
----------
iter: 2
n_candidates: 6
n_resources: 54
Fitting 1 folds for each of 6 candidates, totalling 6 fits
----------
iter: 3
n_candidates: 2
n_resources: 162
Fitting 1 folds for each of 2 candidates, totalling 2 fits
      -> [KNN + Jittering Set 4] Acc: 0.8467, F1: 0.8471, Time: 0.01s
n_iterations: 4
n_required_iterations: 4
n_possible_iterations: 7
min_resources_: 6
max_resources_: 8700
aggressive_elimination: False
factor: 3
----------
iter: 0
n_candidates: 50
n_resources: 6
Fitting 1 folds for each of 50 candidates, totalling 50 fits
----------
iter: 1
n_candidates: 17
n_resources: 18
Fitting 1 folds for each of 17 candidates, totalling 17 fits
----------
iter: 2
n_candidates: 6
n_resources: 54
Fitting 1 folds for each of 6 candidates, totalling 6 fits
----------
iter: 3
n_candidates: 2
n_resources: 162
Fitting 1 folds for each of 2 candidates, totalling 2 fits
      -> [RandomForest + Jittering Set 4] Acc: 0.9367, F1: 0.9362, Time: 1.22s
n_iterations: 4
n_required_iterations: 4
n_possible_iterations: 7
min_resources_: 6
max_resources_: 8700
aggressive_elimination: False
factor: 3
----------
iter: 0
n_candidates: 50
n_resources: 6
Fitting 1 folds for each of 50 candidates, totalling 50 fits
----------
iter: 1
n_candidates: 17
n_resources: 18
Fitting 1 folds for each of 17 candidates, totalling 17 fits
----------
iter: 2
n_candidates: 6
n_resources: 54
Fitting 1 folds for each of 6 candidates, totalling 6 fits
----------
iter: 3
n_candidates: 2
n_resources: 162
Fitting 1 folds for each of 2 candidates, totalling 2 fits
      -> [LinearSVC + Jittering Set 4] Acc: 0.9083, F1: 0.9049, Time: 0.02s
n_iterations: 4
n_required_iterations: 4
n_possible_iterations: 7
min_resources_: 6
max_resources_: 8700
aggressive_elimination: False
factor: 3
----------
iter: 0
n_candidates: 50
n_resources: 6
Fitting 1 folds for each of 50 candidates, totalling 50 fits
----------
iter: 1
n_candidates: 17
n_resources: 18
Fitting 1 folds for each of 17 candidates, totalling 17 fits
----------
iter: 2
n_candidates: 6
n_resources: 54
Fitting 1 folds for each of 6 candidates, totalling 6 fits
----------
iter: 3
n_candidates: 2
n_resources: 162
Fitting 1 folds for each of 2 candidates, totalling 2 fits
      -> [LogisticRegression + Jittering Set 4] Acc: 0.9967, F1: 0.9967, Time: 0.14s
      [!] Failed evaluation with RNN on Jittering Set 4: name 'os' is not defined
    [=== Generating 2x synthetic data with Jittering (Set 5, Params: {'sigma': 0.15}) ===]
n_iterations: 4
n_required_iterations: 4
n_possible_iterations: 7
min_resources_: 6
max_resources_: 8700
aggressive_elimination: False
factor: 3
----------
iter: 0
n_candidates: 50
n_resources: 6
Fitting 1 folds for each of 50 candidates, totalling 50 fits
----------
iter: 1
n_candidates: 17
n_resources: 18
Fitting 1 folds for each of 17 candidates, totalling 17 fits
----------
iter: 2
n_candidates: 6
n_resources: 54
Fitting 1 folds for each of 6 candidates, totalling 6 fits
----------
iter: 3
n_candidates: 2
n_resources: 162
Fitting 1 folds for each of 2 candidates, totalling 2 fits
      -> [KNN + Jittering Set 5] Acc: 0.8333, F1: 0.8338, Time: 0.01s
n_iterations: 4
n_required_iterations: 4
n_possible_iterations: 7
min_resources_: 6
max_resources_: 8700
aggressive_elimination: False
factor: 3
----------
iter: 0
n_candidates: 50
n_resources: 6
Fitting 1 folds for each of 50 candidates, totalling 50 fits
----------
iter: 1
n_candidates: 17
n_resources: 18
Fitting 1 folds for each of 17 candidates, totalling 17 fits
----------
iter: 2
n_candidates: 6
n_resources: 54
Fitting 1 folds for each of 6 candidates, totalling 6 fits
----------
iter: 3
n_candidates: 2
n_resources: 162
Fitting 1 folds for each of 2 candidates, totalling 2 fits
      -> [RandomForest + Jittering Set 5] Acc: 0.9417, F1: 0.9412, Time: 0.84s
n_iterations: 4
n_required_iterations: 4
n_possible_iterations: 7
min_resources_: 6
max_resources_: 8700
aggressive_elimination: False
factor: 3
----------
iter: 0
n_candidates: 50
n_resources: 6
Fitting 1 folds for each of 50 candidates, totalling 50 fits
----------
iter: 1
n_candidates: 17
n_resources: 18
Fitting 1 folds for each of 17 candidates, totalling 17 fits
----------
iter: 2
n_candidates: 6
n_resources: 54
Fitting 1 folds for each of 6 candidates, totalling 6 fits
----------
iter: 3
n_candidates: 2
n_resources: 162
Fitting 1 folds for each of 2 candidates, totalling 2 fits
      -> [LinearSVC + Jittering Set 5] Acc: 0.8683, F1: 0.8598, Time: 0.01s
n_iterations: 4
n_required_iterations: 4
n_possible_iterations: 7
min_resources_: 6
max_resources_: 8700
aggressive_elimination: False
factor: 3
----------
iter: 0
n_candidates: 50
n_resources: 6
Fitting 1 folds for each of 50 candidates, totalling 50 fits
----------
iter: 1
n_candidates: 17
n_resources: 18
Fitting 1 folds for each of 17 candidates, totalling 17 fits
----------
iter: 2
n_candidates: 6
n_resources: 54
Fitting 1 folds for each of 6 candidates, totalling 6 fits
----------
iter: 3
n_candidates: 2
n_resources: 162
Fitting 1 folds for each of 2 candidates, totalling 2 fits
      -> [LogisticRegression + Jittering Set 5] Acc: 0.9683, F1: 0.9680, Time: 0.18s
      [!] Failed evaluation with RNN on Jittering Set 5: name 'os' is not defined
    [=== Generating 2x synthetic data with Jittering (Set 6, Params: {'sigma': 0.15}) ===]
n_iterations: 4
n_required_iterations: 4
n_possible_iterations: 7
min_resources_: 6
max_resources_: 8700
aggressive_elimination: False
factor: 3
----------
iter: 0
n_candidates: 50
n_resources: 6
Fitting 1 folds for each of 50 candidates, totalling 50 fits
----------
iter: 1
n_candidates: 17
n_resources: 18
Fitting 1 folds for each of 17 candidates, totalling 17 fits
----------
iter: 2
n_candidates: 6
n_resources: 54
Fitting 1 folds for each of 6 candidates, totalling 6 fits
----------
iter: 3
n_candidates: 2
n_resources: 162
Fitting 1 folds for each of 2 candidates, totalling 2 fits
      -> [KNN + Jittering Set 6] Acc: 0.8233, F1: 0.8236, Time: 0.02s
n_iterations: 4
n_required_iterations: 4
n_possible_iterations: 7
min_resources_: 6
max_resources_: 8700
aggressive_elimination: False
factor: 3
----------
iter: 0
n_candidates: 50
n_resources: 6
Fitting 1 folds for each of 50 candidates, totalling 50 fits
----------
iter: 1
n_candidates: 17
n_resources: 18
Fitting 1 folds for each of 17 candidates, totalling 17 fits
----------
iter: 2
n_candidates: 6
n_resources: 54
Fitting 1 folds for each of 6 candidates, totalling 6 fits
----------
iter: 3
n_candidates: 2
n_resources: 162
Fitting 1 folds for each of 2 candidates, totalling 2 fits
      -> [RandomForest + Jittering Set 6] Acc: 0.9517, F1: 0.9511, Time: 0.84s
n_iterations: 4
n_required_iterations: 4
n_possible_iterations: 7
min_resources_: 6
max_resources_: 8700
aggressive_elimination: False
factor: 3
----------
iter: 0
n_candidates: 50
n_resources: 6
Fitting 1 folds for each of 50 candidates, totalling 50 fits
----------
iter: 1
n_candidates: 17
n_resources: 18
Fitting 1 folds for each of 17 candidates, totalling 17 fits
----------
iter: 2
n_candidates: 6
n_resources: 54
Fitting 1 folds for each of 6 candidates, totalling 6 fits
----------
iter: 3
n_candidates: 2
n_resources: 162
Fitting 1 folds for each of 2 candidates, totalling 2 fits
      -> [LinearSVC + Jittering Set 6] Acc: 0.8733, F1: 0.8656, Time: 0.02s
n_iterations: 4
n_required_iterations: 4
n_possible_iterations: 7
min_resources_: 6
max_resources_: 8700
aggressive_elimination: False
factor: 3
----------
iter: 0
n_candidates: 50
n_resources: 6
Fitting 1 folds for each of 50 candidates, totalling 50 fits
----------
iter: 1
n_candidates: 17
n_resources: 18
Fitting 1 folds for each of 17 candidates, totalling 17 fits
----------
iter: 2
n_candidates: 6
n_resources: 54
Fitting 1 folds for each of 6 candidates, totalling 6 fits
----------
iter: 3
n_candidates: 2
n_resources: 162
Fitting 1 folds for each of 2 candidates, totalling 2 fits
      -> [LogisticRegression + Jittering Set 6] Acc: 0.9733, F1: 0.9731, Time: 0.18s
      [!] Failed evaluation with RNN on Jittering Set 6: name 'os' is not defined
    [=== Generating 2x synthetic data with Jittering (Set 7, Params: {'sigma': 0.03}) ===]
n_iterations: 4
n_required_iterations: 4
n_possible_iterations: 7
min_resources_: 6
max_resources_: 8700
aggressive_elimination: False
factor: 3
----------
iter: 0
n_candidates: 50
n_resources: 6
Fitting 1 folds for each of 50 candidates, totalling 50 fits
----------
iter: 1
n_candidates: 17
n_resources: 18
Fitting 1 folds for each of 17 candidates, totalling 17 fits
----------
iter: 2
n_candidates: 6
n_resources: 54
Fitting 1 folds for each of 6 candidates, totalling 6 fits
----------
iter: 3
n_candidates: 2
n_resources: 162
Fitting 1 folds for each of 2 candidates, totalling 2 fits
      -> [KNN + Jittering Set 7] Acc: 0.8667, F1: 0.8672, Time: 0.01s
n_iterations: 4
n_required_iterations: 4
n_possible_iterations: 7
min_resources_: 6
max_resources_: 8700
aggressive_elimination: False
factor: 3
----------
iter: 0
n_candidates: 50
n_resources: 6
Fitting 1 folds for each of 50 candidates, totalling 50 fits
----------
iter: 1
n_candidates: 17
n_resources: 18
Fitting 1 folds for each of 17 candidates, totalling 17 fits
----------
iter: 2
n_candidates: 6
n_resources: 54
Fitting 1 folds for each of 6 candidates, totalling 6 fits
----------
iter: 3
n_candidates: 2
n_resources: 162
Fitting 1 folds for each of 2 candidates, totalling 2 fits
      -> [RandomForest + Jittering Set 7] Acc: 0.9450, F1: 0.9445, Time: 1.43s
n_iterations: 4
n_required_iterations: 4
n_possible_iterations: 7
min_resources_: 6
max_resources_: 8700
aggressive_elimination: False
factor: 3
----------
iter: 0
n_candidates: 50
n_resources: 6
Fitting 1 folds for each of 50 candidates, totalling 50 fits
----------
iter: 1
n_candidates: 17
n_resources: 18
Fitting 1 folds for each of 17 candidates, totalling 17 fits
----------
iter: 2
n_candidates: 6
n_resources: 54
Fitting 1 folds for each of 6 candidates, totalling 6 fits
----------
iter: 3
n_candidates: 2
n_resources: 162
Fitting 1 folds for each of 2 candidates, totalling 2 fits
      -> [LinearSVC + Jittering Set 7] Acc: 0.8817, F1: 0.8752, Time: 0.09s
n_iterations: 4
n_required_iterations: 4
n_possible_iterations: 7
min_resources_: 6
max_resources_: 8700
aggressive_elimination: False
factor: 3
----------
iter: 0
n_candidates: 50
n_resources: 6
Fitting 1 folds for each of 50 candidates, totalling 50 fits
----------
iter: 1
n_candidates: 17
n_resources: 18
Fitting 1 folds for each of 17 candidates, totalling 17 fits
----------
iter: 2
n_candidates: 6
n_resources: 54
Fitting 1 folds for each of 6 candidates, totalling 6 fits
----------
iter: 3
n_candidates: 2
n_resources: 162
Fitting 1 folds for each of 2 candidates, totalling 2 fits
      -> [LogisticRegression + Jittering Set 7] Acc: 0.9967, F1: 0.9967, Time: 0.16s
      [!] Failed evaluation with RNN on Jittering Set 7: name 'os' is not defined
    [=== Generating 2x synthetic data with Jittering (Set 8, Params: {'sigma': 0.05}) ===]
n_iterations: 4
n_required_iterations: 4
n_possible_iterations: 7
min_resources_: 6
max_resources_: 8700
aggressive_elimination: False
factor: 3
----------
iter: 0
n_candidates: 50
n_resources: 6
Fitting 1 folds for each of 50 candidates, totalling 50 fits
----------
iter: 1
n_candidates: 17
n_resources: 18
Fitting 1 folds for each of 17 candidates, totalling 17 fits
----------
iter: 2
n_candidates: 6
n_resources: 54
Fitting 1 folds for each of 6 candidates, totalling 6 fits
----------
iter: 3
n_candidates: 2
n_resources: 162
Fitting 1 folds for each of 2 candidates, totalling 2 fits
      -> [KNN + Jittering Set 8] Acc: 0.8650, F1: 0.8653, Time: 0.01s
n_iterations: 4
n_required_iterations: 4
n_possible_iterations: 7
min_resources_: 6
max_resources_: 8700
aggressive_elimination: False
factor: 3
----------
iter: 0
n_candidates: 50
n_resources: 6
Fitting 1 folds for each of 50 candidates, totalling 50 fits
----------
iter: 1
n_candidates: 17
n_resources: 18
Fitting 1 folds for each of 17 candidates, totalling 17 fits
----------
iter: 2
n_candidates: 6
n_resources: 54
Fitting 1 folds for each of 6 candidates, totalling 6 fits
----------
iter: 3
n_candidates: 2
n_resources: 162
Fitting 1 folds for each of 2 candidates, totalling 2 fits
      -> [RandomForest + Jittering Set 8] Acc: 0.9450, F1: 0.9446, Time: 1.43s
n_iterations: 4
n_required_iterations: 4
n_possible_iterations: 7
min_resources_: 6
max_resources_: 8700
aggressive_elimination: False
factor: 3
----------
iter: 0
n_candidates: 50
n_resources: 6
Fitting 1 folds for each of 50 candidates, totalling 50 fits
----------
iter: 1
n_candidates: 17
n_resources: 18
Fitting 1 folds for each of 17 candidates, totalling 17 fits
----------
iter: 2
n_candidates: 6
n_resources: 54
Fitting 1 folds for each of 6 candidates, totalling 6 fits
----------
iter: 3
n_candidates: 2
n_resources: 162
Fitting 1 folds for each of 2 candidates, totalling 2 fits
      -> [LinearSVC + Jittering Set 8] Acc: 0.8817, F1: 0.8752, Time: 0.12s
n_iterations: 4
n_required_iterations: 4
n_possible_iterations: 7
min_resources_: 6
max_resources_: 8700
aggressive_elimination: False
factor: 3
----------
iter: 0
n_candidates: 50
n_resources: 6
Fitting 1 folds for each of 50 candidates, totalling 50 fits
----------
iter: 1
n_candidates: 17
n_resources: 18
Fitting 1 folds for each of 17 candidates, totalling 17 fits
----------
iter: 2
n_candidates: 6
n_resources: 54
Fitting 1 folds for each of 6 candidates, totalling 6 fits
----------
iter: 3
n_candidates: 2
n_resources: 162
Fitting 1 folds for each of 2 candidates, totalling 2 fits
      -> [LogisticRegression + Jittering Set 8] Acc: 0.9967, F1: 0.9967, Time: 0.16s
      [!] Failed evaluation with RNN on Jittering Set 8: name 'os' is not defined
    [=== Generating 2x synthetic data with Jittering (Set 9, Params: {'sigma': 0.05}) ===]
n_iterations: 4
n_required_iterations: 4
n_possible_iterations: 7
min_resources_: 6
max_resources_: 8700
aggressive_elimination: False
factor: 3
----------
iter: 0
n_candidates: 50
n_resources: 6
Fitting 1 folds for each of 50 candidates, totalling 50 fits
----------
iter: 1
n_candidates: 17
n_resources: 18
Fitting 1 folds for each of 17 candidates, totalling 17 fits
----------
iter: 2
n_candidates: 6
n_resources: 54
Fitting 1 folds for each of 6 candidates, totalling 6 fits
----------
iter: 3
n_candidates: 2
n_resources: 162
Fitting 1 folds for each of 2 candidates, totalling 2 fits
      -> [KNN + Jittering Set 9] Acc: 0.8483, F1: 0.8491, Time: 0.02s
n_iterations: 4
n_required_iterations: 4
n_possible_iterations: 7
min_resources_: 6
max_resources_: 8700
aggressive_elimination: False
factor: 3
----------
iter: 0
n_candidates: 50
n_resources: 6
Fitting 1 folds for each of 50 candidates, totalling 50 fits
----------
iter: 1
n_candidates: 17
n_resources: 18
Fitting 1 folds for each of 17 candidates, totalling 17 fits
----------
iter: 2
n_candidates: 6
n_resources: 54
Fitting 1 folds for each of 6 candidates, totalling 6 fits
----------
iter: 3
n_candidates: 2
n_resources: 162
Fitting 1 folds for each of 2 candidates, totalling 2 fits
      -> [RandomForest + Jittering Set 9] Acc: 0.9350, F1: 0.9345, Time: 0.81s
n_iterations: 4
n_required_iterations: 4
n_possible_iterations: 7
min_resources_: 6
max_resources_: 8700
aggressive_elimination: False
factor: 3
----------
iter: 0
n_candidates: 50
n_resources: 6
Fitting 1 folds for each of 50 candidates, totalling 50 fits
----------
iter: 1
n_candidates: 17
n_resources: 18
Fitting 1 folds for each of 17 candidates, totalling 17 fits
----------
iter: 2
n_candidates: 6
n_resources: 54
Fitting 1 folds for each of 6 candidates, totalling 6 fits
----------
iter: 3
n_candidates: 2
n_resources: 162
Fitting 1 folds for each of 2 candidates, totalling 2 fits
      -> [LinearSVC + Jittering Set 9] Acc: 0.8783, F1: 0.8714, Time: 0.05s
n_iterations: 4
n_required_iterations: 4
n_possible_iterations: 7
min_resources_: 6
max_resources_: 8700
aggressive_elimination: False
factor: 3
----------
iter: 0
n_candidates: 50
n_resources: 6
Fitting 1 folds for each of 50 candidates, totalling 50 fits
----------
iter: 1
n_candidates: 17
n_resources: 18
Fitting 1 folds for each of 17 candidates, totalling 17 fits
----------
iter: 2
n_candidates: 6
n_resources: 54
Fitting 1 folds for each of 6 candidates, totalling 6 fits
----------
iter: 3
n_candidates: 2
n_resources: 162
Fitting 1 folds for each of 2 candidates, totalling 2 fits
      -> [LogisticRegression + Jittering Set 9] Acc: 0.9967, F1: 0.9967, Time: 0.20s
      [!] Failed evaluation with RNN on Jittering Set 9: name 'os' is not defined
    [=== Generating 2x synthetic data with Jittering (Set 10, Params: {'sigma': 0.05}) ===]
n_iterations: 4
n_required_iterations: 4
n_possible_iterations: 7
min_resources_: 6
max_resources_: 8700
aggressive_elimination: False
factor: 3
----------
iter: 0
n_candidates: 50
n_resources: 6
Fitting 1 folds for each of 50 candidates, totalling 50 fits
----------
iter: 1
n_candidates: 17
n_resources: 18
Fitting 1 folds for each of 17 candidates, totalling 17 fits
----------
iter: 2
n_candidates: 6
n_resources: 54
Fitting 1 folds for each of 6 candidates, totalling 6 fits
----------
iter: 3
n_candidates: 2
n_resources: 162
Fitting 1 folds for each of 2 candidates, totalling 2 fits
      -> [KNN + Jittering Set 10] Acc: 0.8600, F1: 0.8605, Time: 0.01s
n_iterations: 4
n_required_iterations: 4
n_possible_iterations: 7
min_resources_: 6
max_resources_: 8700
aggressive_elimination: False
factor: 3
----------
iter: 0
n_candidates: 50
n_resources: 6
Fitting 1 folds for each of 50 candidates, totalling 50 fits
----------
iter: 1
n_candidates: 17
n_resources: 18
Fitting 1 folds for each of 17 candidates, totalling 17 fits
----------
iter: 2
n_candidates: 6
n_resources: 54
Fitting 1 folds for each of 6 candidates, totalling 6 fits
----------
iter: 3
n_candidates: 2
n_resources: 162
Fitting 1 folds for each of 2 candidates, totalling 2 fits
      -> [RandomForest + Jittering Set 10] Acc: 0.9433, F1: 0.9428, Time: 0.42s
n_iterations: 4
n_required_iterations: 4
n_possible_iterations: 7
min_resources_: 6
max_resources_: 8700
aggressive_elimination: False
factor: 3
----------
iter: 0
n_candidates: 50
n_resources: 6
Fitting 1 folds for each of 50 candidates, totalling 50 fits
----------
iter: 1
n_candidates: 17
n_resources: 18
Fitting 1 folds for each of 17 candidates, totalling 17 fits
----------
iter: 2
n_candidates: 6
n_resources: 54
Fitting 1 folds for each of 6 candidates, totalling 6 fits
----------
iter: 3
n_candidates: 2
n_resources: 162
Fitting 1 folds for each of 2 candidates, totalling 2 fits
      -> [LinearSVC + Jittering Set 10] Acc: 0.7200, F1: 0.6477, Time: 0.02s
n_iterations: 4
n_required_iterations: 4
n_possible_iterations: 7
min_resources_: 6
max_resources_: 8700
aggressive_elimination: False
factor: 3
----------
iter: 0
n_candidates: 50
n_resources: 6
Fitting 1 folds for each of 50 candidates, totalling 50 fits
----------
iter: 1
n_candidates: 17
n_resources: 18
Fitting 1 folds for each of 17 candidates, totalling 17 fits
----------
iter: 2
n_candidates: 6
n_resources: 54
Fitting 1 folds for each of 6 candidates, totalling 6 fits
----------
iter: 3
n_candidates: 2
n_resources: 162
Fitting 1 folds for each of 2 candidates, totalling 2 fits
      -> [LogisticRegression + Jittering Set 10] Acc: 0.9967, F1: 0.9967, Time: 0.14s
      [!] Failed evaluation with RNN on Jittering Set 10: name 'os' is not defined
    [=== Generating 3x synthetic data with Jittering (Set 1, Params: {'sigma': 0.03}) ===]
n_iterations: 4
n_required_iterations: 4
n_possible_iterations: 7
min_resources_: 6
max_resources_: 11600
aggressive_elimination: False
factor: 3
----------
iter: 0
n_candidates: 50
n_resources: 6
Fitting 1 folds for each of 50 candidates, totalling 50 fits
----------
iter: 1
n_candidates: 17
n_resources: 18
Fitting 1 folds for each of 17 candidates, totalling 17 fits
----------
iter: 2
n_candidates: 6
n_resources: 54
Fitting 1 folds for each of 6 candidates, totalling 6 fits
----------
iter: 3
n_candidates: 2
n_resources: 162
Fitting 1 folds for each of 2 candidates, totalling 2 fits
      -> [KNN + Jittering Set 1] Acc: 0.8850, F1: 0.8853, Time: 0.02s
n_iterations: 4
n_required_iterations: 4
n_possible_iterations: 7
min_resources_: 6
max_resources_: 11600
aggressive_elimination: False
factor: 3
----------
iter: 0
n_candidates: 50
n_resources: 6
Fitting 1 folds for each of 50 candidates, totalling 50 fits
----------
iter: 1
n_candidates: 17
n_resources: 18
Fitting 1 folds for each of 17 candidates, totalling 17 fits
----------
iter: 2
n_candidates: 6
n_resources: 54
Fitting 1 folds for each of 6 candidates, totalling 6 fits
----------
iter: 3
n_candidates: 2
n_resources: 162
Fitting 1 folds for each of 2 candidates, totalling 2 fits
      -> [RandomForest + Jittering Set 1] Acc: 0.9100, F1: 0.9080, Time: 0.60s
n_iterations: 4
n_required_iterations: 4
n_possible_iterations: 7
min_resources_: 6
max_resources_: 11600
aggressive_elimination: False
factor: 3
----------
iter: 0
n_candidates: 50
n_resources: 6
Fitting 1 folds for each of 50 candidates, totalling 50 fits
----------
iter: 1
n_candidates: 17
n_resources: 18
Fitting 1 folds for each of 17 candidates, totalling 17 fits
----------
iter: 2
n_candidates: 6
n_resources: 54
Fitting 1 folds for each of 6 candidates, totalling 6 fits
----------
iter: 3
n_candidates: 2
n_resources: 162
Fitting 1 folds for each of 2 candidates, totalling 2 fits
      -> [LinearSVC + Jittering Set 1] Acc: 0.9450, F1: 0.9439, Time: 0.03s
n_iterations: 4
n_required_iterations: 4
n_possible_iterations: 7
min_resources_: 6
max_resources_: 11600
aggressive_elimination: False
factor: 3
----------
iter: 0
n_candidates: 50
n_resources: 6
Fitting 1 folds for each of 50 candidates, totalling 50 fits
----------
iter: 1
n_candidates: 17
n_resources: 18
Fitting 1 folds for each of 17 candidates, totalling 17 fits
----------
iter: 2
n_candidates: 6
n_resources: 54
Fitting 1 folds for each of 6 candidates, totalling 6 fits
----------
iter: 3
n_candidates: 2
n_resources: 162
Fitting 1 folds for each of 2 candidates, totalling 2 fits
      -> [LogisticRegression + Jittering Set 1] Acc: 0.9967, F1: 0.9967, Time: 0.30s
      [!] Failed evaluation with RNN on Jittering Set 1: name 'os' is not defined
    [=== Generating 3x synthetic data with Jittering (Set 2, Params: {'sigma': 0.1}) ===]
n_iterations: 4
n_required_iterations: 4
n_possible_iterations: 7
min_resources_: 6
max_resources_: 11600
aggressive_elimination: False
factor: 3
----------
iter: 0
n_candidates: 50
n_resources: 6
Fitting 1 folds for each of 50 candidates, totalling 50 fits
----------
iter: 1
n_candidates: 17
n_resources: 18
Fitting 1 folds for each of 17 candidates, totalling 17 fits
----------
iter: 2
n_candidates: 6
n_resources: 54
Fitting 1 folds for each of 6 candidates, totalling 6 fits
----------
iter: 3
n_candidates: 2
n_resources: 162
Fitting 1 folds for each of 2 candidates, totalling 2 fits
      -> [KNN + Jittering Set 2] Acc: 0.9433, F1: 0.9436, Time: 0.06s
n_iterations: 4
n_required_iterations: 4
n_possible_iterations: 7
min_resources_: 6
max_resources_: 11600
aggressive_elimination: False
factor: 3
----------
iter: 0
n_candidates: 50
n_resources: 6
Fitting 1 folds for each of 50 candidates, totalling 50 fits
----------
iter: 1
n_candidates: 17
n_resources: 18
Fitting 1 folds for each of 17 candidates, totalling 17 fits
----------
iter: 2
n_candidates: 6
n_resources: 54
Fitting 1 folds for each of 6 candidates, totalling 6 fits
----------
iter: 3
n_candidates: 2
n_resources: 162
Fitting 1 folds for each of 2 candidates, totalling 2 fits
      -> [RandomForest + Jittering Set 2] Acc: 0.9450, F1: 0.9445, Time: 0.68s
n_iterations: 4
n_required_iterations: 4
n_possible_iterations: 7
min_resources_: 6
max_resources_: 11600
aggressive_elimination: False
factor: 3
----------
iter: 0
n_candidates: 50
n_resources: 6
Fitting 1 folds for each of 50 candidates, totalling 50 fits
----------
iter: 1
n_candidates: 17
n_resources: 18
Fitting 1 folds for each of 17 candidates, totalling 17 fits
----------
iter: 2
n_candidates: 6
n_resources: 54
Fitting 1 folds for each of 6 candidates, totalling 6 fits
----------
iter: 3
n_candidates: 2
n_resources: 162
Fitting 1 folds for each of 2 candidates, totalling 2 fits
      -> [LinearSVC + Jittering Set 2] Acc: 0.8950, F1: 0.8902, Time: 0.03s
n_iterations: 4
n_required_iterations: 4
n_possible_iterations: 7
min_resources_: 6
max_resources_: 11600
aggressive_elimination: False
factor: 3
----------
iter: 0
n_candidates: 50
n_resources: 6
Fitting 1 folds for each of 50 candidates, totalling 50 fits
----------
iter: 1
n_candidates: 17
n_resources: 18
Fitting 1 folds for each of 17 candidates, totalling 17 fits
----------
iter: 2
n_candidates: 6
n_resources: 54
Fitting 1 folds for each of 6 candidates, totalling 6 fits
----------
iter: 3
n_candidates: 2
n_resources: 162
Fitting 1 folds for each of 2 candidates, totalling 2 fits
      -> [LogisticRegression + Jittering Set 2] Acc: 0.9867, F1: 0.9866, Time: 0.26s
      [!] Failed evaluation with RNN on Jittering Set 2: name 'os' is not defined
    [=== Generating 3x synthetic data with Jittering (Set 3, Params: {'sigma': 0.15}) ===]
n_iterations: 4
n_required_iterations: 4
n_possible_iterations: 7
min_resources_: 6
max_resources_: 11600
aggressive_elimination: False
factor: 3
----------
iter: 0
n_candidates: 50
n_resources: 6
Fitting 1 folds for each of 50 candidates, totalling 50 fits
----------
iter: 1
n_candidates: 17
n_resources: 18
Fitting 1 folds for each of 17 candidates, totalling 17 fits
----------
iter: 2
n_candidates: 6
n_resources: 54
Fitting 1 folds for each of 6 candidates, totalling 6 fits
----------
iter: 3
n_candidates: 2
n_resources: 162
Fitting 1 folds for each of 2 candidates, totalling 2 fits
      -> [KNN + Jittering Set 3] Acc: 0.9417, F1: 0.9420, Time: 0.07s
n_iterations: 4
n_required_iterations: 4
n_possible_iterations: 7
min_resources_: 6
max_resources_: 11600
aggressive_elimination: False
factor: 3
----------
iter: 0
n_candidates: 50
n_resources: 6
Fitting 1 folds for each of 50 candidates, totalling 50 fits
----------
iter: 1
n_candidates: 17
n_resources: 18
Fitting 1 folds for each of 17 candidates, totalling 17 fits
----------
iter: 2
n_candidates: 6
n_resources: 54
Fitting 1 folds for each of 6 candidates, totalling 6 fits
----------
iter: 3
n_candidates: 2
n_resources: 162
Fitting 1 folds for each of 2 candidates, totalling 2 fits
      -> [RandomForest + Jittering Set 3] Acc: 0.9483, F1: 0.9478, Time: 0.75s
n_iterations: 4
n_required_iterations: 4
n_possible_iterations: 7
min_resources_: 6
max_resources_: 11600
aggressive_elimination: False
factor: 3
----------
iter: 0
n_candidates: 50
n_resources: 6
Fitting 1 folds for each of 50 candidates, totalling 50 fits
----------
iter: 1
n_candidates: 17
n_resources: 18
Fitting 1 folds for each of 17 candidates, totalling 17 fits
----------
iter: 2
n_candidates: 6
n_resources: 54
Fitting 1 folds for each of 6 candidates, totalling 6 fits
----------
iter: 3
n_candidates: 2
n_resources: 162
Fitting 1 folds for each of 2 candidates, totalling 2 fits
      -> [LinearSVC + Jittering Set 3] Acc: 0.8600, F1: 0.8500, Time: 0.10s
n_iterations: 4
n_required_iterations: 4
n_possible_iterations: 7
min_resources_: 6
max_resources_: 11600
aggressive_elimination: False
factor: 3
----------
iter: 0
n_candidates: 50
n_resources: 6
Fitting 1 folds for each of 50 candidates, totalling 50 fits
----------
iter: 1
n_candidates: 17
n_resources: 18
Fitting 1 folds for each of 17 candidates, totalling 17 fits
----------
iter: 2
n_candidates: 6
n_resources: 54
Fitting 1 folds for each of 6 candidates, totalling 6 fits
----------
iter: 3
n_candidates: 2
n_resources: 162
Fitting 1 folds for each of 2 candidates, totalling 2 fits
      -> [LogisticRegression + Jittering Set 3] Acc: 0.9683, F1: 0.9680, Time: 0.29s
      [!] Failed evaluation with RNN on Jittering Set 3: name 'os' is not defined
    [=== Generating 3x synthetic data with Jittering (Set 4, Params: {'sigma': 0.05}) ===]
n_iterations: 4
n_required_iterations: 4
n_possible_iterations: 7
min_resources_: 6
max_resources_: 11600
aggressive_elimination: False
factor: 3
----------
iter: 0
n_candidates: 50
n_resources: 6
Fitting 1 folds for each of 50 candidates, totalling 50 fits
----------
iter: 1
n_candidates: 17
n_resources: 18
Fitting 1 folds for each of 17 candidates, totalling 17 fits
----------
iter: 2
n_candidates: 6
n_resources: 54
Fitting 1 folds for each of 6 candidates, totalling 6 fits
----------
iter: 3
n_candidates: 2
n_resources: 162
Fitting 1 folds for each of 2 candidates, totalling 2 fits
      -> [KNN + Jittering Set 4] Acc: 0.8517, F1: 0.8520, Time: 0.02s
n_iterations: 4
n_required_iterations: 4
n_possible_iterations: 7
min_resources_: 6
max_resources_: 11600
aggressive_elimination: False
factor: 3
----------
iter: 0
n_candidates: 50
n_resources: 6
Fitting 1 folds for each of 50 candidates, totalling 50 fits
----------
iter: 1
n_candidates: 17
n_resources: 18
Fitting 1 folds for each of 17 candidates, totalling 17 fits
----------
iter: 2
n_candidates: 6
n_resources: 54
Fitting 1 folds for each of 6 candidates, totalling 6 fits
----------
iter: 3
n_candidates: 2
n_resources: 162
Fitting 1 folds for each of 2 candidates, totalling 2 fits
      -> [RandomForest + Jittering Set 4] Acc: 0.9367, F1: 0.9363, Time: 0.63s
n_iterations: 4
n_required_iterations: 4
n_possible_iterations: 7
min_resources_: 6
max_resources_: 11600
aggressive_elimination: False
factor: 3
----------
iter: 0
n_candidates: 50
n_resources: 6
Fitting 1 folds for each of 50 candidates, totalling 50 fits
----------
iter: 1
n_candidates: 17
n_resources: 18
Fitting 1 folds for each of 17 candidates, totalling 17 fits
----------
iter: 2
n_candidates: 6
n_resources: 54
Fitting 1 folds for each of 6 candidates, totalling 6 fits
----------
iter: 3
n_candidates: 2
n_resources: 162
Fitting 1 folds for each of 2 candidates, totalling 2 fits
      -> [LinearSVC + Jittering Set 4] Acc: 0.8733, F1: 0.8656, Time: 0.08s
n_iterations: 4
n_required_iterations: 4
n_possible_iterations: 7
min_resources_: 6
max_resources_: 11600
aggressive_elimination: False
factor: 3
----------
iter: 0
n_candidates: 50
n_resources: 6
Fitting 1 folds for each of 50 candidates, totalling 50 fits
----------
iter: 1
n_candidates: 17
n_resources: 18
Fitting 1 folds for each of 17 candidates, totalling 17 fits
----------
iter: 2
n_candidates: 6
n_resources: 54
Fitting 1 folds for each of 6 candidates, totalling 6 fits
----------
iter: 3
n_candidates: 2
n_resources: 162
Fitting 1 folds for each of 2 candidates, totalling 2 fits
      -> [LogisticRegression + Jittering Set 4] Acc: 0.9967, F1: 0.9967, Time: 0.30s
      [!] Failed evaluation with RNN on Jittering Set 4: name 'os' is not defined
    [=== Generating 3x synthetic data with Jittering (Set 5, Params: {'sigma': 0.15}) ===]
n_iterations: 4
n_required_iterations: 4
n_possible_iterations: 7
min_resources_: 6
max_resources_: 11600
aggressive_elimination: False
factor: 3
----------
iter: 0
n_candidates: 50
n_resources: 6
Fitting 1 folds for each of 50 candidates, totalling 50 fits
----------
iter: 1
n_candidates: 17
n_resources: 18
Fitting 1 folds for each of 17 candidates, totalling 17 fits
----------
iter: 2
n_candidates: 6
n_resources: 54
Fitting 1 folds for each of 6 candidates, totalling 6 fits
----------
iter: 3
n_candidates: 2
n_resources: 162
Fitting 1 folds for each of 2 candidates, totalling 2 fits
      -> [KNN + Jittering Set 5] Acc: 0.8150, F1: 0.8158, Time: 0.02s
n_iterations: 4
n_required_iterations: 4
n_possible_iterations: 7
min_resources_: 6
max_resources_: 11600
aggressive_elimination: False
factor: 3
----------
iter: 0
n_candidates: 50
n_resources: 6
Fitting 1 folds for each of 50 candidates, totalling 50 fits
----------
iter: 1
n_candidates: 17
n_resources: 18
Fitting 1 folds for each of 17 candidates, totalling 17 fits
----------
iter: 2
n_candidates: 6
n_resources: 54
Fitting 1 folds for each of 6 candidates, totalling 6 fits
----------
iter: 3
n_candidates: 2
n_resources: 162
Fitting 1 folds for each of 2 candidates, totalling 2 fits
      -> [RandomForest + Jittering Set 5] Acc: 0.9483, F1: 0.9478, Time: 0.77s
n_iterations: 4
n_required_iterations: 4
n_possible_iterations: 7
min_resources_: 6
max_resources_: 11600
aggressive_elimination: False
factor: 3
----------
iter: 0
n_candidates: 50
n_resources: 6
Fitting 1 folds for each of 50 candidates, totalling 50 fits
----------
iter: 1
n_candidates: 17
n_resources: 18
Fitting 1 folds for each of 17 candidates, totalling 17 fits
----------
iter: 2
n_candidates: 6
n_resources: 54
Fitting 1 folds for each of 6 candidates, totalling 6 fits
----------
iter: 3
n_candidates: 2
n_resources: 162
Fitting 1 folds for each of 2 candidates, totalling 2 fits
      -> [LinearSVC + Jittering Set 5] Acc: 0.8583, F1: 0.8480, Time: 0.09s
n_iterations: 4
n_required_iterations: 4
n_possible_iterations: 7
min_resources_: 6
max_resources_: 11600
aggressive_elimination: False
factor: 3
----------
iter: 0
n_candidates: 50
n_resources: 6
Fitting 1 folds for each of 50 candidates, totalling 50 fits
----------
iter: 1
n_candidates: 17
n_resources: 18
Fitting 1 folds for each of 17 candidates, totalling 17 fits
----------
iter: 2
n_candidates: 6
n_resources: 54
Fitting 1 folds for each of 6 candidates, totalling 6 fits
----------
iter: 3
n_candidates: 2
n_resources: 162
Fitting 1 folds for each of 2 candidates, totalling 2 fits
      -> [LogisticRegression + Jittering Set 5] Acc: 0.9650, F1: 0.9646, Time: 0.07s
      [!] Failed evaluation with RNN on Jittering Set 5: name 'os' is not defined
    [=== Generating 3x synthetic data with Jittering (Set 6, Params: {'sigma': 0.15}) ===]
n_iterations: 4
n_required_iterations: 4
n_possible_iterations: 7
min_resources_: 6
max_resources_: 11600
aggressive_elimination: False
factor: 3
----------
iter: 0
n_candidates: 50
n_resources: 6
Fitting 1 folds for each of 50 candidates, totalling 50 fits
----------
iter: 1
n_candidates: 17
n_resources: 18
Fitting 1 folds for each of 17 candidates, totalling 17 fits
----------
iter: 2
n_candidates: 6
n_resources: 54
Fitting 1 folds for each of 6 candidates, totalling 6 fits
----------
iter: 3
n_candidates: 2
n_resources: 162
Fitting 1 folds for each of 2 candidates, totalling 2 fits
      -> [KNN + Jittering Set 6] Acc: 0.7933, F1: 0.7920, Time: 0.02s
n_iterations: 4
n_required_iterations: 4
n_possible_iterations: 7
min_resources_: 6
max_resources_: 11600
aggressive_elimination: False
factor: 3
----------
iter: 0
n_candidates: 50
n_resources: 6
Fitting 1 folds for each of 50 candidates, totalling 50 fits
----------
iter: 1
n_candidates: 17
n_resources: 18
Fitting 1 folds for each of 17 candidates, totalling 17 fits
----------
iter: 2
n_candidates: 6
n_resources: 54
Fitting 1 folds for each of 6 candidates, totalling 6 fits
----------
iter: 3
n_candidates: 2
n_resources: 162
Fitting 1 folds for each of 2 candidates, totalling 2 fits
      -> [RandomForest + Jittering Set 6] Acc: 0.9517, F1: 0.9513, Time: 0.78s
n_iterations: 4
n_required_iterations: 4
n_possible_iterations: 7
min_resources_: 6
max_resources_: 11600
aggressive_elimination: False
factor: 3
----------
iter: 0
n_candidates: 50
n_resources: 6
Fitting 1 folds for each of 50 candidates, totalling 50 fits
----------
iter: 1
n_candidates: 17
n_resources: 18
Fitting 1 folds for each of 17 candidates, totalling 17 fits
----------
iter: 2
n_candidates: 6
n_resources: 54
Fitting 1 folds for each of 6 candidates, totalling 6 fits
----------
iter: 3
n_candidates: 2
n_resources: 162
Fitting 1 folds for each of 2 candidates, totalling 2 fits
      -> [LinearSVC + Jittering Set 6] Acc: 0.8700, F1: 0.8617, Time: 0.09s
n_iterations: 4
n_required_iterations: 4
n_possible_iterations: 7
min_resources_: 6
max_resources_: 11600
aggressive_elimination: False
factor: 3
----------
iter: 0
n_candidates: 50
n_resources: 6
Fitting 1 folds for each of 50 candidates, totalling 50 fits
----------
iter: 1
n_candidates: 17
n_resources: 18
Fitting 1 folds for each of 17 candidates, totalling 17 fits
----------
iter: 2
n_candidates: 6
n_resources: 54
Fitting 1 folds for each of 6 candidates, totalling 6 fits
----------
iter: 3
n_candidates: 2
n_resources: 162
Fitting 1 folds for each of 2 candidates, totalling 2 fits
      -> [LogisticRegression + Jittering Set 6] Acc: 0.9767, F1: 0.9765, Time: 0.06s
      [!] Failed evaluation with RNN on Jittering Set 6: name 'os' is not defined
    [=== Generating 3x synthetic data with Jittering (Set 7, Params: {'sigma': 0.03}) ===]
n_iterations: 4
n_required_iterations: 4
n_possible_iterations: 7
min_resources_: 6
max_resources_: 11600
aggressive_elimination: False
factor: 3
----------
iter: 0
n_candidates: 50
n_resources: 6
Fitting 1 folds for each of 50 candidates, totalling 50 fits
----------
iter: 1
n_candidates: 17
n_resources: 18
Fitting 1 folds for each of 17 candidates, totalling 17 fits
----------
iter: 2
n_candidates: 6
n_resources: 54
Fitting 1 folds for each of 6 candidates, totalling 6 fits
----------
iter: 3
n_candidates: 2
n_resources: 162
Fitting 1 folds for each of 2 candidates, totalling 2 fits
      -> [KNN + Jittering Set 7] Acc: 0.8700, F1: 0.8704, Time: 0.02s
n_iterations: 4
n_required_iterations: 4
n_possible_iterations: 7
min_resources_: 6
max_resources_: 11600
aggressive_elimination: False
factor: 3
----------
iter: 0
n_candidates: 50
n_resources: 6
Fitting 1 folds for each of 50 candidates, totalling 50 fits
----------
iter: 1
n_candidates: 17
n_resources: 18
Fitting 1 folds for each of 17 candidates, totalling 17 fits
----------
iter: 2
n_candidates: 6
n_resources: 54
Fitting 1 folds for each of 6 candidates, totalling 6 fits
----------
iter: 3
n_candidates: 2
n_resources: 162
Fitting 1 folds for each of 2 candidates, totalling 2 fits
      -> [RandomForest + Jittering Set 7] Acc: 0.9400, F1: 0.9394, Time: 0.61s
n_iterations: 4
n_required_iterations: 4
n_possible_iterations: 7
min_resources_: 6
max_resources_: 11600
aggressive_elimination: False
factor: 3
----------
iter: 0
n_candidates: 50
n_resources: 6
Fitting 1 folds for each of 50 candidates, totalling 50 fits
----------
iter: 1
n_candidates: 17
n_resources: 18
Fitting 1 folds for each of 17 candidates, totalling 17 fits
----------
iter: 2
n_candidates: 6
n_resources: 54
Fitting 1 folds for each of 6 candidates, totalling 6 fits
----------
iter: 3
n_candidates: 2
n_resources: 162
Fitting 1 folds for each of 2 candidates, totalling 2 fits
      -> [LinearSVC + Jittering Set 7] Acc: 0.8817, F1: 0.8752, Time: 0.08s
n_iterations: 4
n_required_iterations: 4
n_possible_iterations: 7
min_resources_: 6
max_resources_: 11600
aggressive_elimination: False
factor: 3
----------
iter: 0
n_candidates: 50
n_resources: 6
Fitting 1 folds for each of 50 candidates, totalling 50 fits
----------
iter: 1
n_candidates: 17
n_resources: 18
Fitting 1 folds for each of 17 candidates, totalling 17 fits
----------
iter: 2
n_candidates: 6
n_resources: 54
Fitting 1 folds for each of 6 candidates, totalling 6 fits
----------
iter: 3
n_candidates: 2
n_resources: 162
Fitting 1 folds for each of 2 candidates, totalling 2 fits
      -> [LogisticRegression + Jittering Set 7] Acc: 0.9967, F1: 0.9967, Time: 0.28s
      [!] Failed evaluation with RNN on Jittering Set 7: name 'os' is not defined
    [=== Generating 3x synthetic data with Jittering (Set 8, Params: {'sigma': 0.05}) ===]
n_iterations: 4
n_required_iterations: 4
n_possible_iterations: 7
min_resources_: 6
max_resources_: 11600
aggressive_elimination: False
factor: 3
----------
iter: 0
n_candidates: 50
n_resources: 6
Fitting 1 folds for each of 50 candidates, totalling 50 fits
----------
iter: 1
n_candidates: 17
n_resources: 18
Fitting 1 folds for each of 17 candidates, totalling 17 fits
----------
iter: 2
n_candidates: 6
n_resources: 54
Fitting 1 folds for each of 6 candidates, totalling 6 fits
----------
iter: 3
n_candidates: 2
n_resources: 162
Fitting 1 folds for each of 2 candidates, totalling 2 fits
      -> [KNN + Jittering Set 8] Acc: 0.9567, F1: 0.9569, Time: 0.05s
n_iterations: 4
n_required_iterations: 4
n_possible_iterations: 7
min_resources_: 6
max_resources_: 11600
aggressive_elimination: False
factor: 3
----------
iter: 0
n_candidates: 50
n_resources: 6
Fitting 1 folds for each of 50 candidates, totalling 50 fits
----------
iter: 1
n_candidates: 17
n_resources: 18
Fitting 1 folds for each of 17 candidates, totalling 17 fits
----------
iter: 2
n_candidates: 6
n_resources: 54
Fitting 1 folds for each of 6 candidates, totalling 6 fits
----------
iter: 3
n_candidates: 2
n_resources: 162
Fitting 1 folds for each of 2 candidates, totalling 2 fits
      -> [RandomForest + Jittering Set 8] Acc: 0.9450, F1: 0.9444, Time: 0.64s
n_iterations: 4
n_required_iterations: 4
n_possible_iterations: 7
min_resources_: 6
max_resources_: 11600
aggressive_elimination: False
factor: 3
----------
iter: 0
n_candidates: 50
n_resources: 6
Fitting 1 folds for each of 50 candidates, totalling 50 fits
----------
iter: 1
n_candidates: 17
n_resources: 18
Fitting 1 folds for each of 17 candidates, totalling 17 fits
----------
iter: 2
n_candidates: 6
n_resources: 54
Fitting 1 folds for each of 6 candidates, totalling 6 fits
----------
iter: 3
n_candidates: 2
n_resources: 162
Fitting 1 folds for each of 2 candidates, totalling 2 fits
      -> [LinearSVC + Jittering Set 8] Acc: 0.8767, F1: 0.8694, Time: 0.09s
n_iterations: 4
n_required_iterations: 4
n_possible_iterations: 7
min_resources_: 6
max_resources_: 11600
aggressive_elimination: False
factor: 3
----------
iter: 0
n_candidates: 50
n_resources: 6
Fitting 1 folds for each of 50 candidates, totalling 50 fits
----------
iter: 1
n_candidates: 17
n_resources: 18
Fitting 1 folds for each of 17 candidates, totalling 17 fits
----------
iter: 2
n_candidates: 6
n_resources: 54
Fitting 1 folds for each of 6 candidates, totalling 6 fits
----------
iter: 3
n_candidates: 2
n_resources: 162
Fitting 1 folds for each of 2 candidates, totalling 2 fits
      -> [LogisticRegression + Jittering Set 8] Acc: 0.9967, F1: 0.9967, Time: 0.30s
      [!] Failed evaluation with RNN on Jittering Set 8: name 'os' is not defined
    [=== Generating 3x synthetic data with Jittering (Set 9, Params: {'sigma': 0.05}) ===]
n_iterations: 4
n_required_iterations: 4
n_possible_iterations: 7
min_resources_: 6
max_resources_: 11600
aggressive_elimination: False
factor: 3
----------
iter: 0
n_candidates: 50
n_resources: 6
Fitting 1 folds for each of 50 candidates, totalling 50 fits
----------
iter: 1
n_candidates: 17
n_resources: 18
Fitting 1 folds for each of 17 candidates, totalling 17 fits
----------
iter: 2
n_candidates: 6
n_resources: 54
Fitting 1 folds for each of 6 candidates, totalling 6 fits
----------
iter: 3
n_candidates: 2
n_resources: 162
Fitting 1 folds for each of 2 candidates, totalling 2 fits
      -> [KNN + Jittering Set 9] Acc: 0.8917, F1: 0.8919, Time: 0.02s
n_iterations: 4
n_required_iterations: 4
n_possible_iterations: 7
min_resources_: 6
max_resources_: 11600
aggressive_elimination: False
factor: 3
----------
iter: 0
n_candidates: 50
n_resources: 6
Fitting 1 folds for each of 50 candidates, totalling 50 fits
----------
iter: 1
n_candidates: 17
n_resources: 18
Fitting 1 folds for each of 17 candidates, totalling 17 fits
----------
iter: 2
n_candidates: 6
n_resources: 54
Fitting 1 folds for each of 6 candidates, totalling 6 fits
----------
iter: 3
n_candidates: 2
n_resources: 162
Fitting 1 folds for each of 2 candidates, totalling 2 fits
      -> [RandomForest + Jittering Set 9] Acc: 0.9433, F1: 0.9428, Time: 1.89s
n_iterations: 4
n_required_iterations: 4
n_possible_iterations: 7
min_resources_: 6
max_resources_: 11600
aggressive_elimination: False
factor: 3
----------
iter: 0
n_candidates: 50
n_resources: 6
Fitting 1 folds for each of 50 candidates, totalling 50 fits
----------
iter: 1
n_candidates: 17
n_resources: 18
Fitting 1 folds for each of 17 candidates, totalling 17 fits
----------
iter: 2
n_candidates: 6
n_resources: 54
Fitting 1 folds for each of 6 candidates, totalling 6 fits
----------
iter: 3
n_candidates: 2
n_resources: 162
Fitting 1 folds for each of 2 candidates, totalling 2 fits
      -> [LinearSVC + Jittering Set 9] Acc: 0.8767, F1: 0.8694, Time: 0.08s
n_iterations: 4
n_required_iterations: 4
n_possible_iterations: 7
min_resources_: 6
max_resources_: 11600
aggressive_elimination: False
factor: 3
----------
iter: 0
n_candidates: 50
n_resources: 6
Fitting 1 folds for each of 50 candidates, totalling 50 fits
----------
iter: 1
n_candidates: 17
n_resources: 18
Fitting 1 folds for each of 17 candidates, totalling 17 fits
----------
iter: 2
n_candidates: 6
n_resources: 54
Fitting 1 folds for each of 6 candidates, totalling 6 fits
----------
iter: 3
n_candidates: 2
n_resources: 162
Fitting 1 folds for each of 2 candidates, totalling 2 fits
      -> [LogisticRegression + Jittering Set 9] Acc: 0.9967, F1: 0.9967, Time: 0.31s
      [!] Failed evaluation with RNN on Jittering Set 9: name 'os' is not defined
    [=== Generating 3x synthetic data with Jittering (Set 10, Params: {'sigma': 0.05}) ===]
n_iterations: 4
n_required_iterations: 4
n_possible_iterations: 7
min_resources_: 6
max_resources_: 11600
aggressive_elimination: False
factor: 3
----------
iter: 0
n_candidates: 50
n_resources: 6
Fitting 1 folds for each of 50 candidates, totalling 50 fits
----------
iter: 1
n_candidates: 17
n_resources: 18
Fitting 1 folds for each of 17 candidates, totalling 17 fits
----------
iter: 2
n_candidates: 6
n_resources: 54
Fitting 1 folds for each of 6 candidates, totalling 6 fits
----------
iter: 3
n_candidates: 2
n_resources: 162
Fitting 1 folds for each of 2 candidates, totalling 2 fits
      -> [KNN + Jittering Set 10] Acc: 0.9617, F1: 0.9618, Time: 0.05s
n_iterations: 4
n_required_iterations: 4
n_possible_iterations: 7
min_resources_: 6
max_resources_: 11600
aggressive_elimination: False
factor: 3
----------
iter: 0
n_candidates: 50
n_resources: 6
Fitting 1 folds for each of 50 candidates, totalling 50 fits
----------
iter: 1
n_candidates: 17
n_resources: 18
Fitting 1 folds for each of 17 candidates, totalling 17 fits
----------
iter: 2
n_candidates: 6
n_resources: 54
Fitting 1 folds for each of 6 candidates, totalling 6 fits
----------
iter: 3
n_candidates: 2
n_resources: 162
Fitting 1 folds for each of 2 candidates, totalling 2 fits
      -> [RandomForest + Jittering Set 10] Acc: 0.9400, F1: 0.9395, Time: 0.63s
n_iterations: 4
n_required_iterations: 4
n_possible_iterations: 7
min_resources_: 6
max_resources_: 11600
aggressive_elimination: False
factor: 3
----------
iter: 0
n_candidates: 50
n_resources: 6
Fitting 1 folds for each of 50 candidates, totalling 50 fits
----------
iter: 1
n_candidates: 17
n_resources: 18
Fitting 1 folds for each of 17 candidates, totalling 17 fits
----------
iter: 2
n_candidates: 6
n_resources: 54
Fitting 1 folds for each of 6 candidates, totalling 6 fits
----------
iter: 3
n_candidates: 2
n_resources: 162
Fitting 1 folds for each of 2 candidates, totalling 2 fits
      -> [LinearSVC + Jittering Set 10] Acc: 0.8767, F1: 0.8694, Time: 0.08s
n_iterations: 4
n_required_iterations: 4
n_possible_iterations: 7
min_resources_: 6
max_resources_: 11600
aggressive_elimination: False
factor: 3
----------
iter: 0
n_candidates: 50
n_resources: 6
Fitting 1 folds for each of 50 candidates, totalling 50 fits
----------
iter: 1
n_candidates: 17
n_resources: 18
Fitting 1 folds for each of 17 candidates, totalling 17 fits
----------
iter: 2
n_candidates: 6
n_resources: 54
Fitting 1 folds for each of 6 candidates, totalling 6 fits
----------
iter: 3
n_candidates: 2
n_resources: 162
Fitting 1 folds for each of 2 candidates, totalling 2 fits
      -> [LogisticRegression + Jittering Set 10] Acc: 0.9967, F1: 0.9967, Time: 0.30s
      [!] Failed evaluation with RNN on Jittering Set 10: name 'os' is not defined
    [=== Generating 5x synthetic data with Jittering (Set 1, Params: {'sigma': 0.03}) ===]
n_iterations: 4
n_required_iterations: 4
n_possible_iterations: 8
min_resources_: 6
max_resources_: 17400
aggressive_elimination: False
factor: 3
----------
iter: 0
n_candidates: 50
n_resources: 6
Fitting 1 folds for each of 50 candidates, totalling 50 fits
      -> [KNN + Jittering Set 1] Acc: 0.8833, F1: 0.8836, Time: 0.05s
n_iterations: 4
n_required_iterations: 4
n_possible_iterations: 8
min_resources_: 6
max_resources_: 17400
aggressive_elimination: False
factor: 3
----------
iter: 0
n_candidates: 50
n_resources: 6
Fitting 1 folds for each of 50 candidates, totalling 50 fits
      -> [RandomForest + Jittering Set 1] Acc: 0.9400, F1: 0.9395, Time: 2.00s
n_iterations: 4
n_required_iterations: 4
n_possible_iterations: 8
min_resources_: 6
max_resources_: 17400
aggressive_elimination: False
factor: 3
----------
iter: 0
n_candidates: 50
n_resources: 6
Fitting 1 folds for each of 50 candidates, totalling 50 fits
      -> [LinearSVC + Jittering Set 1] Acc: 0.9417, F1: 0.9404, Time: 0.05s
n_iterations: 4
n_required_iterations: 4
n_possible_iterations: 8
min_resources_: 6
max_resources_: 17400
aggressive_elimination: False
factor: 3
----------
iter: 0
n_candidates: 50
n_resources: 6
Fitting 1 folds for each of 50 candidates, totalling 50 fits
      -> [LogisticRegression + Jittering Set 1] Acc: 0.9967, F1: 0.9967, Time: 0.45s
      [!] Failed evaluation with RNN on Jittering Set 1: name 'os' is not defined
    [=== Generating 5x synthetic data with Jittering (Set 2, Params: {'sigma': 0.1}) ===]
n_iterations: 4
n_required_iterations: 4
n_possible_iterations: 8
min_resources_: 6
max_resources_: 17400
aggressive_elimination: False
factor: 3
----------
iter: 0
n_candidates: 50
n_resources: 6
Fitting 1 folds for each of 50 candidates, totalling 50 fits
      -> [KNN + Jittering Set 2] Acc: 0.8250, F1: 0.8246, Time: 0.05s
n_iterations: 4
n_required_iterations: 4
n_possible_iterations: 8
min_resources_: 6
max_resources_: 17400
aggressive_elimination: False
factor: 3
----------
iter: 0
n_candidates: 50
n_resources: 6
Fitting 1 folds for each of 50 candidates, totalling 50 fits
      -> [RandomForest + Jittering Set 2] Acc: 0.9467, F1: 0.9461, Time: 2.43s
n_iterations: 4
n_required_iterations: 4
n_possible_iterations: 8
min_resources_: 6
max_resources_: 17400
aggressive_elimination: False
factor: 3
----------
iter: 0
n_candidates: 50
n_resources: 6
Fitting 1 folds for each of 50 candidates, totalling 50 fits
      -> [LinearSVC + Jittering Set 2] Acc: 0.8833, F1: 0.8771, Time: 0.04s
n_iterations: 4
n_required_iterations: 4
n_possible_iterations: 8
min_resources_: 6
max_resources_: 17400
aggressive_elimination: False
factor: 3
----------
iter: 0
n_candidates: 50
n_resources: 6
Fitting 1 folds for each of 50 candidates, totalling 50 fits
      -> [LogisticRegression + Jittering Set 2] Acc: 0.9733, F1: 0.9731, Time: 0.31s
      [!] Failed evaluation with RNN on Jittering Set 2: name 'os' is not defined
    [=== Generating 5x synthetic data with Jittering (Set 3, Params: {'sigma': 0.15}) ===]
n_iterations: 4
n_required_iterations: 4
n_possible_iterations: 8
min_resources_: 6
max_resources_: 17400
aggressive_elimination: False
factor: 3
----------
iter: 0
n_candidates: 50
n_resources: 6
Fitting 1 folds for each of 50 candidates, totalling 50 fits
      -> [KNN + Jittering Set 3] Acc: 0.7967, F1: 0.7957, Time: 0.06s
n_iterations: 4
n_required_iterations: 4
n_possible_iterations: 8
min_resources_: 6
max_resources_: 17400
aggressive_elimination: False
factor: 3
----------
iter: 0
n_candidates: 50
n_resources: 6
Fitting 1 folds for each of 50 candidates, totalling 50 fits
      -> [RandomForest + Jittering Set 3] Acc: 0.9517, F1: 0.9512, Time: 2.70s
n_iterations: 4
n_required_iterations: 4
n_possible_iterations: 8
min_resources_: 6
max_resources_: 17400
aggressive_elimination: False
factor: 3
----------
iter: 0
n_candidates: 50
n_resources: 6
Fitting 1 folds for each of 50 candidates, totalling 50 fits
      -> [LinearSVC + Jittering Set 3] Acc: 0.8617, F1: 0.8520, Time: 0.04s
n_iterations: 4
n_required_iterations: 4
n_possible_iterations: 8
min_resources_: 6
max_resources_: 17400
aggressive_elimination: False
factor: 3
----------
iter: 0
n_candidates: 50
n_resources: 6
Fitting 1 folds for each of 50 candidates, totalling 50 fits
      -> [LogisticRegression + Jittering Set 3] Acc: 0.9617, F1: 0.9612, Time: 0.33s
      [!] Failed evaluation with RNN on Jittering Set 3: name 'os' is not defined
    [=== Generating 5x synthetic data with Jittering (Set 4, Params: {'sigma': 0.05}) ===]
n_iterations: 4
n_required_iterations: 4
n_possible_iterations: 8
min_resources_: 6
max_resources_: 17400
aggressive_elimination: False
factor: 3
----------
iter: 0
n_candidates: 50
n_resources: 6
Fitting 1 folds for each of 50 candidates, totalling 50 fits
      -> [KNN + Jittering Set 4] Acc: 0.8400, F1: 0.8402, Time: 0.10s
n_iterations: 4
n_required_iterations: 4
n_possible_iterations: 8
min_resources_: 6
max_resources_: 17400
aggressive_elimination: False
factor: 3
----------
iter: 0
n_candidates: 50
n_resources: 6
Fitting 1 folds for each of 50 candidates, totalling 50 fits
      -> [RandomForest + Jittering Set 4] Acc: 0.9467, F1: 0.9461, Time: 2.15s
n_iterations: 4
n_required_iterations: 4
n_possible_iterations: 8
min_resources_: 6
max_resources_: 17400
aggressive_elimination: False
factor: 3
----------
iter: 0
n_candidates: 50
n_resources: 6
Fitting 1 folds for each of 50 candidates, totalling 50 fits
      -> [LinearSVC + Jittering Set 4] Acc: 0.9333, F1: 0.9317, Time: 0.05s
n_iterations: 4
n_required_iterations: 4
n_possible_iterations: 8
min_resources_: 6
max_resources_: 17400
aggressive_elimination: False
factor: 3
----------
iter: 0
n_candidates: 50
n_resources: 6
Fitting 1 folds for each of 50 candidates, totalling 50 fits
      -> [LogisticRegression + Jittering Set 4] Acc: 0.9950, F1: 0.9950, Time: 0.57s
      [!] Failed evaluation with RNN on Jittering Set 4: name 'os' is not defined
    [=== Generating 5x synthetic data with Jittering (Set 5, Params: {'sigma': 0.15}) ===]
n_iterations: 4
n_required_iterations: 4
n_possible_iterations: 8
min_resources_: 6
max_resources_: 17400
aggressive_elimination: False
factor: 3
----------
iter: 0
n_candidates: 50
n_resources: 6
Fitting 1 folds for each of 50 candidates, totalling 50 fits
      -> [KNN + Jittering Set 5] Acc: 0.7733, F1: 0.7723, Time: 0.10s
n_iterations: 4
n_required_iterations: 4
n_possible_iterations: 8
min_resources_: 6
max_resources_: 17400
aggressive_elimination: False
factor: 3
----------
iter: 0
n_candidates: 50
n_resources: 6
Fitting 1 folds for each of 50 candidates, totalling 50 fits
      -> [RandomForest + Jittering Set 5] Acc: 0.9467, F1: 0.9462, Time: 2.64s
n_iterations: 4
n_required_iterations: 4
n_possible_iterations: 8
min_resources_: 6
max_resources_: 17400
aggressive_elimination: False
factor: 3
----------
iter: 0
n_candidates: 50
n_resources: 6
Fitting 1 folds for each of 50 candidates, totalling 50 fits
      -> [LinearSVC + Jittering Set 5] Acc: 0.8550, F1: 0.8440, Time: 0.04s
n_iterations: 4
n_required_iterations: 4
n_possible_iterations: 8
min_resources_: 6
max_resources_: 17400
aggressive_elimination: False
factor: 3
----------
iter: 0
n_candidates: 50
n_resources: 6
Fitting 1 folds for each of 50 candidates, totalling 50 fits
      -> [LogisticRegression + Jittering Set 5] Acc: 0.9567, F1: 0.9561, Time: 0.25s
      [!] Failed evaluation with RNN on Jittering Set 5: name 'os' is not defined
    [=== Generating 5x synthetic data with Jittering (Set 6, Params: {'sigma': 0.15}) ===]
n_iterations: 4
n_required_iterations: 4
n_possible_iterations: 8
min_resources_: 6
max_resources_: 17400
aggressive_elimination: False
factor: 3
----------
iter: 0
n_candidates: 50
n_resources: 6
Fitting 1 folds for each of 50 candidates, totalling 50 fits
      -> [KNN + Jittering Set 6] Acc: 0.8017, F1: 0.8008, Time: 0.06s
n_iterations: 4
n_required_iterations: 4
n_possible_iterations: 8
min_resources_: 6
max_resources_: 17400
aggressive_elimination: False
factor: 3
----------
iter: 0
n_candidates: 50
n_resources: 6
Fitting 1 folds for each of 50 candidates, totalling 50 fits
      -> [RandomForest + Jittering Set 6] Acc: 0.9433, F1: 0.9430, Time: 2.40s
n_iterations: 4
n_required_iterations: 4
n_possible_iterations: 8
min_resources_: 6
max_resources_: 17400
aggressive_elimination: False
factor: 3
----------
iter: 0
n_candidates: 50
n_resources: 6
Fitting 1 folds for each of 50 candidates, totalling 50 fits
      -> [LinearSVC + Jittering Set 6] Acc: 0.8667, F1: 0.8578, Time: 0.03s
n_iterations: 4
n_required_iterations: 4
n_possible_iterations: 8
min_resources_: 6
max_resources_: 17400
aggressive_elimination: False
factor: 3
----------
iter: 0
n_candidates: 50
n_resources: 6
Fitting 1 folds for each of 50 candidates, totalling 50 fits
      -> [LogisticRegression + Jittering Set 6] Acc: 0.9683, F1: 0.9680, Time: 0.10s
      [!] Failed evaluation with RNN on Jittering Set 6: name 'os' is not defined
    [=== Generating 5x synthetic data with Jittering (Set 7, Params: {'sigma': 0.03}) ===]
n_iterations: 4
n_required_iterations: 4
n_possible_iterations: 8
min_resources_: 6
max_resources_: 17400
aggressive_elimination: False
factor: 3
----------
iter: 0
n_candidates: 50
n_resources: 6
Fitting 1 folds for each of 50 candidates, totalling 50 fits
      -> [KNN + Jittering Set 7] Acc: 0.8883, F1: 0.8886, Time: 0.05s
n_iterations: 4
n_required_iterations: 4
n_possible_iterations: 8
min_resources_: 6
max_resources_: 17400
aggressive_elimination: False
factor: 3
----------
iter: 0
n_candidates: 50
n_resources: 6
Fitting 1 folds for each of 50 candidates, totalling 50 fits
      -> [RandomForest + Jittering Set 7] Acc: 0.9433, F1: 0.9428, Time: 1.76s
n_iterations: 4
n_required_iterations: 4
n_possible_iterations: 8
min_resources_: 6
max_resources_: 17400
aggressive_elimination: False
factor: 3
----------
iter: 0
n_candidates: 50
n_resources: 6
Fitting 1 folds for each of 50 candidates, totalling 50 fits
      -> [LinearSVC + Jittering Set 7] Acc: 0.9450, F1: 0.9440, Time: 0.04s
n_iterations: 4
n_required_iterations: 4
n_possible_iterations: 8
min_resources_: 6
max_resources_: 17400
aggressive_elimination: False
factor: 3
----------
iter: 0
n_candidates: 50
n_resources: 6
Fitting 1 folds for each of 50 candidates, totalling 50 fits
      -> [LogisticRegression + Jittering Set 7] Acc: 0.9967, F1: 0.9967, Time: 0.17s
      [!] Failed evaluation with RNN on Jittering Set 7: name 'os' is not defined
    [=== Generating 5x synthetic data with Jittering (Set 8, Params: {'sigma': 0.05}) ===]
n_iterations: 4
n_required_iterations: 4
n_possible_iterations: 8
min_resources_: 6
max_resources_: 17400
aggressive_elimination: False
factor: 3
----------
iter: 0
n_candidates: 50
n_resources: 6
Fitting 1 folds for each of 50 candidates, totalling 50 fits
      -> [KNN + Jittering Set 8] Acc: 0.8617, F1: 0.8621, Time: 0.05s
n_iterations: 4
n_required_iterations: 4
n_possible_iterations: 8
min_resources_: 6
max_resources_: 17400
aggressive_elimination: False
factor: 3
----------
iter: 0
n_candidates: 50
n_resources: 6
Fitting 1 folds for each of 50 candidates, totalling 50 fits
      -> [RandomForest + Jittering Set 8] Acc: 0.9367, F1: 0.9362, Time: 1.92s
n_iterations: 4
n_required_iterations: 4
n_possible_iterations: 8
min_resources_: 6
max_resources_: 17400
aggressive_elimination: False
factor: 3
----------
iter: 0
n_candidates: 50
n_resources: 6
Fitting 1 folds for each of 50 candidates, totalling 50 fits
      -> [LinearSVC + Jittering Set 8] Acc: 0.9317, F1: 0.9300, Time: 0.04s
n_iterations: 4
n_required_iterations: 4
n_possible_iterations: 8
min_resources_: 6
max_resources_: 17400
aggressive_elimination: False
factor: 3
----------
iter: 0
n_candidates: 50
n_resources: 6
Fitting 1 folds for each of 50 candidates, totalling 50 fits
      -> [LogisticRegression + Jittering Set 8] Acc: 0.9950, F1: 0.9950, Time: 0.18s
      [!] Failed evaluation with RNN on Jittering Set 8: name 'os' is not defined
    [=== Generating 5x synthetic data with Jittering (Set 9, Params: {'sigma': 0.05}) ===]
n_iterations: 4
n_required_iterations: 4
n_possible_iterations: 8
min_resources_: 6
max_resources_: 17400
aggressive_elimination: False
factor: 3
----------
iter: 0
n_candidates: 50
n_resources: 6
Fitting 1 folds for each of 50 candidates, totalling 50 fits
      -> [KNN + Jittering Set 9] Acc: 0.8600, F1: 0.8607, Time: 0.05s
n_iterations: 4
n_required_iterations: 4
n_possible_iterations: 8
min_resources_: 6
max_resources_: 17400
aggressive_elimination: False
factor: 3
----------
iter: 0
n_candidates: 50
n_resources: 6
Fitting 1 folds for each of 50 candidates, totalling 50 fits
      -> [RandomForest + Jittering Set 9] Acc: 0.9283, F1: 0.9280, Time: 2.09s
n_iterations: 4
n_required_iterations: 4
n_possible_iterations: 8
min_resources_: 6
max_resources_: 17400
aggressive_elimination: False
factor: 3
----------
iter: 0
n_candidates: 50
n_resources: 6
Fitting 1 folds for each of 50 candidates, totalling 50 fits
      -> [LinearSVC + Jittering Set 9] Acc: 0.9333, F1: 0.9317, Time: 0.05s
n_iterations: 4
n_required_iterations: 4
n_possible_iterations: 8
min_resources_: 6
max_resources_: 17400
aggressive_elimination: False
factor: 3
----------
iter: 0
n_candidates: 50
n_resources: 6
Fitting 1 folds for each of 50 candidates, totalling 50 fits
      -> [LogisticRegression + Jittering Set 9] Acc: 0.9950, F1: 0.9950, Time: 0.33s
      [!] Failed evaluation with RNN on Jittering Set 9: name 'os' is not defined
    [=== Generating 5x synthetic data with Jittering (Set 10, Params: {'sigma': 0.05}) ===]
n_iterations: 4
n_required_iterations: 4
n_possible_iterations: 8
min_resources_: 6
max_resources_: 17400
aggressive_elimination: False
factor: 3
----------
iter: 0
n_candidates: 50
n_resources: 6
Fitting 1 folds for each of 50 candidates, totalling 50 fits
      -> [KNN + Jittering Set 10] Acc: 0.8783, F1: 0.8787, Time: 0.05s
n_iterations: 4
n_required_iterations: 4
n_possible_iterations: 8
min_resources_: 6
max_resources_: 17400
aggressive_elimination: False
factor: 3
----------
iter: 0
n_candidates: 50
n_resources: 6
Fitting 1 folds for each of 50 candidates, totalling 50 fits
      -> [RandomForest + Jittering Set 10] Acc: 0.9350, F1: 0.9346, Time: 2.21s
n_iterations: 4
n_required_iterations: 4
n_possible_iterations: 8
min_resources_: 6
max_resources_: 17400
aggressive_elimination: False
factor: 3
----------
iter: 0
n_candidates: 50
n_resources: 6
Fitting 1 folds for each of 50 candidates, totalling 50 fits
      -> [LinearSVC + Jittering Set 10] Acc: 0.9317, F1: 0.9300, Time: 0.05s
n_iterations: 4
n_required_iterations: 4
n_possible_iterations: 8
min_resources_: 6
max_resources_: 17400
aggressive_elimination: False
factor: 3
----------
iter: 0
n_candidates: 50
n_resources: 6
Fitting 1 folds for each of 50 candidates, totalling 50 fits
      -> [LogisticRegression + Jittering Set 10] Acc: 0.9950, F1: 0.9950, Time: 0.27s
      [!] Failed evaluation with RNN on Jittering Set 10: name 'os' is not defined
    [=== Generating 10x synthetic data with Jittering (Set 1, Params: {'sigma': 0.03}) ===]
n_iterations: 4
n_required_iterations: 4
n_possible_iterations: 8
min_resources_: 6
max_resources_: 31900
aggressive_elimination: False
factor: 3
----------
iter: 0
n_candidates: 50
n_resources: 6
Fitting 1 folds for each of 50 candidates, totalling 50 fits
      -> [KNN + Jittering Set 1] Acc: 0.8883, F1: 0.8886, Time: 0.08s
n_iterations: 4
n_required_iterations: 4
n_possible_iterations: 8
min_resources_: 6
max_resources_: 31900
aggressive_elimination: False
factor: 3
----------
iter: 0
n_candidates: 50
n_resources: 6
Fitting 1 folds for each of 50 candidates, totalling 50 fits
      -> [RandomForest + Jittering Set 1] Acc: 0.9450, F1: 0.9445, Time: 4.22s
n_iterations: 4
n_required_iterations: 4
n_possible_iterations: 8
min_resources_: 6
max_resources_: 31900
aggressive_elimination: False
factor: 3
----------
iter: 0
n_candidates: 50
n_resources: 6
Fitting 1 folds for each of 50 candidates, totalling 50 fits
      -> [LinearSVC + Jittering Set 1] Acc: 0.9450, F1: 0.9440, Time: 0.11s
n_iterations: 4
n_required_iterations: 4
n_possible_iterations: 8
min_resources_: 6
max_resources_: 31900
aggressive_elimination: False
factor: 3
----------
iter: 0
n_candidates: 50
n_resources: 6
Fitting 1 folds for each of 50 candidates, totalling 50 fits
      -> [LogisticRegression + Jittering Set 1] Acc: 0.9967, F1: 0.9967, Time: 1.31s
      [!] Failed evaluation with RNN on Jittering Set 1: name 'os' is not defined
    [=== Generating 10x synthetic data with Jittering (Set 2, Params: {'sigma': 0.1}) ===]
n_iterations: 4
n_required_iterations: 4
n_possible_iterations: 8
min_resources_: 6
max_resources_: 31900
aggressive_elimination: False
factor: 3
----------
iter: 0
n_candidates: 50
n_resources: 6
Fitting 1 folds for each of 50 candidates, totalling 50 fits
      -> [KNN + Jittering Set 2] Acc: 0.8933, F1: 0.8936, Time: 0.12s
n_iterations: 4
n_required_iterations: 4
n_possible_iterations: 8
min_resources_: 6
max_resources_: 31900
aggressive_elimination: False
factor: 3
----------
iter: 0
n_candidates: 50
n_resources: 6
Fitting 1 folds for each of 50 candidates, totalling 50 fits
      -> [RandomForest + Jittering Set 2] Acc: 0.9483, F1: 0.9478, Time: 4.84s
n_iterations: 4
n_required_iterations: 4
n_possible_iterations: 8
min_resources_: 6
max_resources_: 31900
aggressive_elimination: False
factor: 3
----------
iter: 0
n_candidates: 50
n_resources: 6
Fitting 1 folds for each of 50 candidates, totalling 50 fits
      -> [LinearSVC + Jittering Set 2] Acc: 0.8867, F1: 0.8808, Time: 0.08s
n_iterations: 4
n_required_iterations: 4
n_possible_iterations: 8
min_resources_: 6
max_resources_: 31900
aggressive_elimination: False
factor: 3
----------
iter: 0
n_candidates: 50
n_resources: 6
Fitting 1 folds for each of 50 candidates, totalling 50 fits
      -> [LogisticRegression + Jittering Set 2] Acc: 0.9783, F1: 0.9782, Time: 0.25s
      [!] Failed evaluation with RNN on Jittering Set 2: name 'os' is not defined
    [=== Generating 10x synthetic data with Jittering (Set 3, Params: {'sigma': 0.15}) ===]
n_iterations: 4
n_required_iterations: 4
n_possible_iterations: 8
min_resources_: 6
max_resources_: 31900
aggressive_elimination: False
factor: 3
----------
iter: 0
n_candidates: 50
n_resources: 6
Fitting 1 folds for each of 50 candidates, totalling 50 fits
      -> [KNN + Jittering Set 3] Acc: 0.8467, F1: 0.8476, Time: 0.08s
n_iterations: 4
n_required_iterations: 4
n_possible_iterations: 8
min_resources_: 6
max_resources_: 31900
aggressive_elimination: False
factor: 3
----------
iter: 0
n_candidates: 50
n_resources: 6
Fitting 1 folds for each of 50 candidates, totalling 50 fits
      -> [RandomForest + Jittering Set 3] Acc: 0.9500, F1: 0.9495, Time: 5.58s
n_iterations: 4
n_required_iterations: 4
n_possible_iterations: 8
min_resources_: 6
max_resources_: 31900
aggressive_elimination: False
factor: 3
----------
iter: 0
n_candidates: 50
n_resources: 6
Fitting 1 folds for each of 50 candidates, totalling 50 fits
      -> [LinearSVC + Jittering Set 3] Acc: 0.8600, F1: 0.8500, Time: 0.07s
n_iterations: 4
n_required_iterations: 4
n_possible_iterations: 8
min_resources_: 6
max_resources_: 31900
aggressive_elimination: False
factor: 3
----------
iter: 0
n_candidates: 50
n_resources: 6
Fitting 1 folds for each of 50 candidates, totalling 50 fits
      -> [LogisticRegression + Jittering Set 3] Acc: 0.9633, F1: 0.9629, Time: 0.19s
      [!] Failed evaluation with RNN on Jittering Set 3: name 'os' is not defined
    [=== Generating 10x synthetic data with Jittering (Set 4, Params: {'sigma': 0.05}) ===]
n_iterations: 4
n_required_iterations: 4
n_possible_iterations: 8
min_resources_: 6
max_resources_: 31900
aggressive_elimination: False
factor: 3
----------
iter: 0
n_candidates: 50
n_resources: 6
Fitting 1 folds for each of 50 candidates, totalling 50 fits
      -> [KNN + Jittering Set 4] Acc: 0.8883, F1: 0.8886, Time: 0.08s
n_iterations: 4
n_required_iterations: 4
n_possible_iterations: 8
min_resources_: 6
max_resources_: 31900
aggressive_elimination: False
factor: 3
----------
iter: 0
n_candidates: 50
n_resources: 6
Fitting 1 folds for each of 50 candidates, totalling 50 fits
      -> [RandomForest + Jittering Set 4] Acc: 0.9350, F1: 0.9345, Time: 4.09s
n_iterations: 4
n_required_iterations: 4
n_possible_iterations: 8
min_resources_: 6
max_resources_: 31900
aggressive_elimination: False
factor: 3
----------
iter: 0
n_candidates: 50
n_resources: 6
Fitting 1 folds for each of 50 candidates, totalling 50 fits
      -> [LinearSVC + Jittering Set 4] Acc: 0.9317, F1: 0.9300, Time: 0.09s
n_iterations: 4
n_required_iterations: 4
n_possible_iterations: 8
min_resources_: 6
max_resources_: 31900
aggressive_elimination: False
factor: 3
----------
iter: 0
n_candidates: 50
n_resources: 6
Fitting 1 folds for each of 50 candidates, totalling 50 fits
      -> [LogisticRegression + Jittering Set 4] Acc: 0.9950, F1: 0.9950, Time: 1.27s
      [!] Failed evaluation with RNN on Jittering Set 4: name 'os' is not defined
    [=== Generating 10x synthetic data with Jittering (Set 5, Params: {'sigma': 0.15}) ===]
n_iterations: 4
n_required_iterations: 4
n_possible_iterations: 8
min_resources_: 6
max_resources_: 31900
aggressive_elimination: False
factor: 3
----------
iter: 0
n_candidates: 50
n_resources: 6
Fitting 1 folds for each of 50 candidates, totalling 50 fits
      -> [KNN + Jittering Set 5] Acc: 0.8333, F1: 0.8320, Time: 0.12s
n_iterations: 4
n_required_iterations: 4
n_possible_iterations: 8
min_resources_: 6
max_resources_: 31900
aggressive_elimination: False
factor: 3
----------
iter: 0
n_candidates: 50
n_resources: 6
Fitting 1 folds for each of 50 candidates, totalling 50 fits
      -> [RandomForest + Jittering Set 5] Acc: 0.9517, F1: 0.9511, Time: 5.84s
n_iterations: 4
n_required_iterations: 4
n_possible_iterations: 8
min_resources_: 6
max_resources_: 31900
aggressive_elimination: False
factor: 3
----------
iter: 0
n_candidates: 50
n_resources: 6
Fitting 1 folds for each of 50 candidates, totalling 50 fits
      -> [LinearSVC + Jittering Set 5] Acc: 0.8600, F1: 0.8500, Time: 0.09s
n_iterations: 4
n_required_iterations: 4
n_possible_iterations: 8
min_resources_: 6
max_resources_: 31900
aggressive_elimination: False
factor: 3
----------
iter: 0
n_candidates: 50
n_resources: 6
Fitting 1 folds for each of 50 candidates, totalling 50 fits
      -> [LogisticRegression + Jittering Set 5] Acc: 0.9617, F1: 0.9612, Time: 0.39s
      [!] Failed evaluation with RNN on Jittering Set 5: name 'os' is not defined
    [=== Generating 10x synthetic data with Jittering (Set 6, Params: {'sigma': 0.15}) ===]
n_iterations: 4
n_required_iterations: 4
n_possible_iterations: 8
min_resources_: 6
max_resources_: 31900
aggressive_elimination: False
factor: 3
----------
iter: 0
n_candidates: 50
n_resources: 6
Fitting 1 folds for each of 50 candidates, totalling 50 fits
      -> [KNN + Jittering Set 6] Acc: 0.8117, F1: 0.8106, Time: 0.08s
n_iterations: 4
n_required_iterations: 4
n_possible_iterations: 8
min_resources_: 6
max_resources_: 31900
aggressive_elimination: False
factor: 3
----------
iter: 0
n_candidates: 50
n_resources: 6
Fitting 1 folds for each of 50 candidates, totalling 50 fits
      -> [RandomForest + Jittering Set 6] Acc: 0.9517, F1: 0.9512, Time: 5.48s
n_iterations: 4
n_required_iterations: 4
n_possible_iterations: 8
min_resources_: 6
max_resources_: 31900
aggressive_elimination: False
factor: 3
----------
iter: 0
n_candidates: 50
n_resources: 6
Fitting 1 folds for each of 50 candidates, totalling 50 fits
      -> [LinearSVC + Jittering Set 6] Acc: 0.8600, F1: 0.8500, Time: 0.07s
n_iterations: 4
n_required_iterations: 4
n_possible_iterations: 8
min_resources_: 6
max_resources_: 31900
aggressive_elimination: False
factor: 3
----------
iter: 0
n_candidates: 50
n_resources: 6
Fitting 1 folds for each of 50 candidates, totalling 50 fits
      -> [LogisticRegression + Jittering Set 6] Acc: 0.9583, F1: 0.9578, Time: 0.31s
      [!] Failed evaluation with RNN on Jittering Set 6: name 'os' is not defined
    [=== Generating 10x synthetic data with Jittering (Set 7, Params: {'sigma': 0.03}) ===]
n_iterations: 4
n_required_iterations: 4
n_possible_iterations: 8
min_resources_: 6
max_resources_: 31900
aggressive_elimination: False
factor: 3
----------
iter: 0
n_candidates: 50
n_resources: 6
Fitting 1 folds for each of 50 candidates, totalling 50 fits
      -> [KNN + Jittering Set 7] Acc: 0.8900, F1: 0.8902, Time: 0.08s
n_iterations: 4
n_required_iterations: 4
n_possible_iterations: 8
min_resources_: 6
max_resources_: 31900
aggressive_elimination: False
factor: 3
----------
iter: 0
n_candidates: 50
n_resources: 6
Fitting 1 folds for each of 50 candidates, totalling 50 fits
      -> [RandomForest + Jittering Set 7] Acc: 0.9283, F1: 0.9279, Time: 3.61s
n_iterations: 4
n_required_iterations: 4
n_possible_iterations: 8
min_resources_: 6
max_resources_: 31900
aggressive_elimination: False
factor: 3
----------
iter: 0
n_candidates: 50
n_resources: 6
Fitting 1 folds for each of 50 candidates, totalling 50 fits
      -> [LinearSVC + Jittering Set 7] Acc: 0.9450, F1: 0.9440, Time: 0.10s
n_iterations: 4
n_required_iterations: 4
n_possible_iterations: 8
min_resources_: 6
max_resources_: 31900
aggressive_elimination: False
factor: 3
----------
iter: 0
n_candidates: 50
n_resources: 6
Fitting 1 folds for each of 50 candidates, totalling 50 fits
      -> [LogisticRegression + Jittering Set 7] Acc: 0.9967, F1: 0.9967, Time: 0.46s
      [!] Failed evaluation with RNN on Jittering Set 7: name 'os' is not defined
    [=== Generating 10x synthetic data with Jittering (Set 8, Params: {'sigma': 0.05}) ===]
n_iterations: 4
n_required_iterations: 4
n_possible_iterations: 8
min_resources_: 6
max_resources_: 31900
aggressive_elimination: False
factor: 3
----------
iter: 0
n_candidates: 50
n_resources: 6
Fitting 1 folds for each of 50 candidates, totalling 50 fits
      -> [KNN + Jittering Set 8] Acc: 0.8850, F1: 0.8853, Time: 0.09s
n_iterations: 4
n_required_iterations: 4
n_possible_iterations: 8
min_resources_: 6
max_resources_: 31900
aggressive_elimination: False
factor: 3
----------
iter: 0
n_candidates: 50
n_resources: 6
Fitting 1 folds for each of 50 candidates, totalling 50 fits
      -> [RandomForest + Jittering Set 8] Acc: 0.9367, F1: 0.9362, Time: 4.06s
n_iterations: 4
n_required_iterations: 4
n_possible_iterations: 8
min_resources_: 6
max_resources_: 31900
aggressive_elimination: False
factor: 3
----------
iter: 0
n_candidates: 50
n_resources: 6
Fitting 1 folds for each of 50 candidates, totalling 50 fits
      -> [LinearSVC + Jittering Set 8] Acc: 0.9333, F1: 0.9317, Time: 0.08s
n_iterations: 4
n_required_iterations: 4
n_possible_iterations: 8
min_resources_: 6
max_resources_: 31900
aggressive_elimination: False
factor: 3
----------
iter: 0
n_candidates: 50
n_resources: 6
Fitting 1 folds for each of 50 candidates, totalling 50 fits
      -> [LogisticRegression + Jittering Set 8] Acc: 0.9967, F1: 0.9967, Time: 0.32s
      [!] Failed evaluation with RNN on Jittering Set 8: name 'os' is not defined
    [=== Generating 10x synthetic data with Jittering (Set 9, Params: {'sigma': 0.05}) ===]
n_iterations: 4
n_required_iterations: 4
n_possible_iterations: 8
min_resources_: 6
max_resources_: 31900
aggressive_elimination: False
factor: 3
----------
iter: 0
n_candidates: 50
n_resources: 6
Fitting 1 folds for each of 50 candidates, totalling 50 fits
      -> [KNN + Jittering Set 9] Acc: 0.8833, F1: 0.8837, Time: 0.07s
n_iterations: 4
n_required_iterations: 4
n_possible_iterations: 8
min_resources_: 6
max_resources_: 31900
aggressive_elimination: False
factor: 3
----------
iter: 0
n_candidates: 50
n_resources: 6
Fitting 1 folds for each of 50 candidates, totalling 50 fits
      -> [RandomForest + Jittering Set 9] Acc: 0.9417, F1: 0.9412, Time: 4.12s
n_iterations: 4
n_required_iterations: 4
n_possible_iterations: 8
min_resources_: 6
max_resources_: 31900
aggressive_elimination: False
factor: 3
----------
iter: 0
n_candidates: 50
n_resources: 6
Fitting 1 folds for each of 50 candidates, totalling 50 fits
      -> [LinearSVC + Jittering Set 9] Acc: 0.9333, F1: 0.9317, Time: 0.08s
n_iterations: 4
n_required_iterations: 4
n_possible_iterations: 8
min_resources_: 6
max_resources_: 31900
aggressive_elimination: False
factor: 3
----------
iter: 0
n_candidates: 50
n_resources: 6
Fitting 1 folds for each of 50 candidates, totalling 50 fits
      -> [LogisticRegression + Jittering Set 9] Acc: 0.9967, F1: 0.9967, Time: 0.31s
      [!] Failed evaluation with RNN on Jittering Set 9: name 'os' is not defined
    [=== Generating 10x synthetic data with Jittering (Set 10, Params: {'sigma': 0.05}) ===]
n_iterations: 4
n_required_iterations: 4
n_possible_iterations: 8
min_resources_: 6
max_resources_: 31900
aggressive_elimination: False
factor: 3
----------
iter: 0
n_candidates: 50
n_resources: 6
Fitting 1 folds for each of 50 candidates, totalling 50 fits
      -> [KNN + Jittering Set 10] Acc: 0.8650, F1: 0.8655, Time: 0.07s
n_iterations: 4
n_required_iterations: 4
n_possible_iterations: 8
min_resources_: 6
max_resources_: 31900
aggressive_elimination: False
factor: 3
----------
iter: 0
n_candidates: 50
n_resources: 6
Fitting 1 folds for each of 50 candidates, totalling 50 fits
      -> [RandomForest + Jittering Set 10] Acc: 0.9450, F1: 0.9444, Time: 4.67s
n_iterations: 4
n_required_iterations: 4
n_possible_iterations: 8
min_resources_: 6
max_resources_: 31900
aggressive_elimination: False
factor: 3
----------
iter: 0
n_candidates: 50
n_resources: 6
Fitting 1 folds for each of 50 candidates, totalling 50 fits
      -> [LinearSVC + Jittering Set 10] Acc: 0.9317, F1: 0.9300, Time: 0.08s
n_iterations: 4
n_required_iterations: 4
n_possible_iterations: 8
min_resources_: 6
max_resources_: 31900
aggressive_elimination: False
factor: 3
----------
iter: 0
n_candidates: 50
n_resources: 6
Fitting 1 folds for each of 50 candidates, totalling 50 fits
      -> [LogisticRegression + Jittering Set 10] Acc: 0.9950, F1: 0.9950, Time: 0.30s
      [!] Failed evaluation with RNN on Jittering Set 10: name 'os' is not defined

    >> Seed Fold Selection: 4/10
    Evaluating Model: KNN
      -> [Baseline] Acc: 0.9517, F1: 0.9520, Time: 0.03s
      HP Tuning KNN...
n_iterations: 4
n_required_iterations: 4
n_possible_iterations: 5
min_resources_: 30
max_resources_: 2900
aggressive_elimination: False
factor: 3
----------
iter: 0
n_candidates: 50
n_resources: 30
Fitting 5 folds for each of 50 candidates, totalling 250 fits
----------
iter: 1
n_candidates: 17
n_resources: 90
Fitting 5 folds for each of 17 candidates, totalling 85 fits
----------
iter: 2
n_candidates: 6
n_resources: 270
Fitting 5 folds for each of 6 candidates, totalling 30 fits
----------
iter: 3
n_candidates: 2
n_resources: 810
Fitting 5 folds for each of 2 candidates, totalling 10 fits
      -> [Tuned_Baseline] Acc: 0.9800, F1: 0.9801, Time: 0.00s
    Evaluating Model: RandomForest
      -> [Baseline] Acc: 0.9367, F1: 0.9361, Time: 0.41s
      HP Tuning RandomForest...
n_iterations: 4
n_required_iterations: 4
n_possible_iterations: 5
min_resources_: 30
max_resources_: 2900
aggressive_elimination: False
factor: 3
----------
iter: 0
n_candidates: 50
n_resources: 30
Fitting 5 folds for each of 50 candidates, totalling 250 fits
----------
iter: 1
n_candidates: 17
n_resources: 90
Fitting 5 folds for each of 17 candidates, totalling 85 fits
----------
iter: 2
n_candidates: 6
n_resources: 270
Fitting 5 folds for each of 6 candidates, totalling 30 fits
----------
iter: 3
n_candidates: 2
n_resources: 810
Fitting 5 folds for each of 2 candidates, totalling 10 fits
      -> [Tuned_Baseline] Acc: 0.9333, F1: 0.9327, Time: 0.00s
    Evaluating Model: LinearSVC
      -> [Baseline] Acc: 0.8283, F1: 0.8265, Time: 0.01s
      HP Tuning LinearSVC...
n_iterations: 4
n_required_iterations: 4
n_possible_iterations: 5
min_resources_: 30
max_resources_: 2900
aggressive_elimination: False
factor: 3
----------
iter: 0
n_candidates: 50
n_resources: 30
Fitting 5 folds for each of 50 candidates, totalling 250 fits
----------
iter: 1
n_candidates: 17
n_resources: 90
Fitting 5 folds for each of 17 candidates, totalling 85 fits
----------
iter: 2
n_candidates: 6
n_resources: 270
Fitting 5 folds for each of 6 candidates, totalling 30 fits
----------
iter: 3
n_candidates: 2
n_resources: 810
Fitting 5 folds for each of 2 candidates, totalling 10 fits
      -> [Tuned_Baseline] Acc: 0.8083, F1: 0.8047, Time: 0.00s
    Evaluating Model: LogisticRegression
      -> [Baseline] Acc: 0.9467, F1: 0.9471, Time: 0.06s
      HP Tuning LogisticRegression...
n_iterations: 4
n_required_iterations: 4
n_possible_iterations: 5
min_resources_: 30
max_resources_: 2900
aggressive_elimination: False
factor: 3
----------
iter: 0
n_candidates: 50
n_resources: 30
Fitting 5 folds for each of 50 candidates, totalling 250 fits
----------
iter: 1
n_candidates: 17
n_resources: 90
Fitting 5 folds for each of 17 candidates, totalling 85 fits
----------
iter: 2
n_candidates: 6
n_resources: 270
Fitting 5 folds for each of 6 candidates, totalling 30 fits
----------
iter: 3
n_candidates: 2
n_resources: 810
Fitting 5 folds for each of 2 candidates, totalling 10 fits
      -> [Tuned_Baseline] Acc: 0.9483, F1: 0.9487, Time: 0.00s
    Evaluating Model: RNN
      [!] Baseline failed for RNN: name 'os' is not defined
      HP Tuning RNN...
n_iterations: 1
n_required_iterations: 2
n_possible_iterations: 1
min_resources_: 10
max_resources_: 29
aggressive_elimination: False
factor: 3
----------
iter: 0
n_candidates: 4
n_resources: 10
Fitting 5 folds for each of 4 candidates, totalling 20 fits
      [!] HP Tuning failed, using base model: 
All the 20 fits failed.
It is very likely that your model is misconfigured.
You can try to debug the error by setting error_score='raise'.

Below are more details about the failures:
--------------------------------------------------------------------------------
20 fits failed with the following error:
Traceback (most recent call last):
  File "/usr/local/lib/python3.10/dist-packages/sklearn/model_selection/_validation.py", line 859, in _fit_and_score
    estimator.fit(X_train, y_train, **fit_params)
  File "/home/phantrung/Synthesis-Data-Gen/models.py", line 60, in fit
    n_threads = int(os.environ.get('N_JOBS', 1))
NameError: name 'os' is not defined

      -> [Tuned_Baseline] Acc: 0.1667, F1: 0.0476, Time: 0.00s
    [=== Generating 2x synthetic data with Jittering (Set 1, Params: {'sigma': 0.03}) ===]
n_iterations: 4
n_required_iterations: 4
n_possible_iterations: 7
min_resources_: 6
max_resources_: 8700
aggressive_elimination: False
factor: 3
----------
iter: 0
n_candidates: 50
n_resources: 6
Fitting 1 folds for each of 50 candidates, totalling 50 fits
----------
iter: 1
n_candidates: 17
n_resources: 18
Fitting 1 folds for each of 17 candidates, totalling 17 fits
----------
iter: 2
n_candidates: 6
n_resources: 54
Fitting 1 folds for each of 6 candidates, totalling 6 fits
----------
iter: 3
n_candidates: 2
n_resources: 162
Fitting 1 folds for each of 2 candidates, totalling 2 fits
      -> [KNN + Jittering Set 1] Acc: 0.9517, F1: 0.9520, Time: 0.01s
n_iterations: 4
n_required_iterations: 4
n_possible_iterations: 7
min_resources_: 6
max_resources_: 8700
aggressive_elimination: False
factor: 3
----------
iter: 0
n_candidates: 50
n_resources: 6
Fitting 1 folds for each of 50 candidates, totalling 50 fits
----------
iter: 1
n_candidates: 17
n_resources: 18
Fitting 1 folds for each of 17 candidates, totalling 17 fits
----------
iter: 2
n_candidates: 6
n_resources: 54
Fitting 1 folds for each of 6 candidates, totalling 6 fits
----------
iter: 3
n_candidates: 2
n_resources: 162
Fitting 1 folds for each of 2 candidates, totalling 2 fits
      -> [RandomForest + Jittering Set 1] Acc: 0.9367, F1: 0.9361, Time: 0.74s
n_iterations: 4
n_required_iterations: 4
n_possible_iterations: 7
min_resources_: 6
max_resources_: 8700
aggressive_elimination: False
factor: 3
----------
iter: 0
n_candidates: 50
n_resources: 6
Fitting 1 folds for each of 50 candidates, totalling 50 fits
----------
iter: 1
n_candidates: 17
n_resources: 18
Fitting 1 folds for each of 17 candidates, totalling 17 fits
----------
iter: 2
n_candidates: 6
n_resources: 54
Fitting 1 folds for each of 6 candidates, totalling 6 fits
----------
iter: 3
n_candidates: 2
n_resources: 162
Fitting 1 folds for each of 2 candidates, totalling 2 fits
      -> [LinearSVC + Jittering Set 1] Acc: 0.8800, F1: 0.8741, Time: 0.04s
n_iterations: 4
n_required_iterations: 4
n_possible_iterations: 7
min_resources_: 6
max_resources_: 8700
aggressive_elimination: False
factor: 3
----------
iter: 0
n_candidates: 50
n_resources: 6
Fitting 1 folds for each of 50 candidates, totalling 50 fits
----------
iter: 1
n_candidates: 17
n_resources: 18
Fitting 1 folds for each of 17 candidates, totalling 17 fits
----------
iter: 2
n_candidates: 6
n_resources: 54
Fitting 1 folds for each of 6 candidates, totalling 6 fits
----------
iter: 3
n_candidates: 2
n_resources: 162
Fitting 1 folds for each of 2 candidates, totalling 2 fits
      -> [LogisticRegression + Jittering Set 1] Acc: 0.9533, F1: 0.9537, Time: 0.16s
      [!] Failed evaluation with RNN on Jittering Set 1: name 'os' is not defined
    [=== Generating 2x synthetic data with Jittering (Set 2, Params: {'sigma': 0.1}) ===]
n_iterations: 4
n_required_iterations: 4
n_possible_iterations: 7
min_resources_: 6
max_resources_: 8700
aggressive_elimination: False
factor: 3
----------
iter: 0
n_candidates: 50
n_resources: 6
Fitting 1 folds for each of 50 candidates, totalling 50 fits
----------
iter: 1
n_candidates: 17
n_resources: 18
Fitting 1 folds for each of 17 candidates, totalling 17 fits
----------
iter: 2
n_candidates: 6
n_resources: 54
Fitting 1 folds for each of 6 candidates, totalling 6 fits
----------
iter: 3
n_candidates: 2
n_resources: 162
Fitting 1 folds for each of 2 candidates, totalling 2 fits
      -> [KNN + Jittering Set 2] Acc: 0.9500, F1: 0.9503, Time: 0.01s
n_iterations: 4
n_required_iterations: 4
n_possible_iterations: 7
min_resources_: 6
max_resources_: 8700
aggressive_elimination: False
factor: 3
----------
iter: 0
n_candidates: 50
n_resources: 6
Fitting 1 folds for each of 50 candidates, totalling 50 fits
----------
iter: 1
n_candidates: 17
n_resources: 18
Fitting 1 folds for each of 17 candidates, totalling 17 fits
----------
iter: 2
n_candidates: 6
n_resources: 54
Fitting 1 folds for each of 6 candidates, totalling 6 fits
----------
iter: 3
n_candidates: 2
n_resources: 162
Fitting 1 folds for each of 2 candidates, totalling 2 fits
      -> [RandomForest + Jittering Set 2] Acc: 0.9367, F1: 0.9361, Time: 1.36s
n_iterations: 4
n_required_iterations: 4
n_possible_iterations: 7
min_resources_: 6
max_resources_: 8700
aggressive_elimination: False
factor: 3
----------
iter: 0
n_candidates: 50
n_resources: 6
Fitting 1 folds for each of 50 candidates, totalling 50 fits
----------
iter: 1
n_candidates: 17
n_resources: 18
Fitting 1 folds for each of 17 candidates, totalling 17 fits
----------
iter: 2
n_candidates: 6
n_resources: 54
Fitting 1 folds for each of 6 candidates, totalling 6 fits
----------
iter: 3
n_candidates: 2
n_resources: 162
Fitting 1 folds for each of 2 candidates, totalling 2 fits
      -> [LinearSVC + Jittering Set 2] Acc: 0.9400, F1: 0.9384, Time: 0.04s
n_iterations: 4
n_required_iterations: 4
n_possible_iterations: 7
min_resources_: 6
max_resources_: 8700
aggressive_elimination: False
factor: 3
----------
iter: 0
n_candidates: 50
n_resources: 6
Fitting 1 folds for each of 50 candidates, totalling 50 fits
----------
iter: 1
n_candidates: 17
n_resources: 18
Fitting 1 folds for each of 17 candidates, totalling 17 fits
----------
iter: 2
n_candidates: 6
n_resources: 54
Fitting 1 folds for each of 6 candidates, totalling 6 fits
----------
iter: 3
n_candidates: 2
n_resources: 162
Fitting 1 folds for each of 2 candidates, totalling 2 fits
      -> [LogisticRegression + Jittering Set 2] Acc: 0.9500, F1: 0.9504, Time: 0.14s
      [!] Failed evaluation with RNN on Jittering Set 2: name 'os' is not defined
    [=== Generating 2x synthetic data with Jittering (Set 3, Params: {'sigma': 0.15}) ===]
n_iterations: 4
n_required_iterations: 4
n_possible_iterations: 7
min_resources_: 6
max_resources_: 8700
aggressive_elimination: False
factor: 3
----------
iter: 0
n_candidates: 50
n_resources: 6
Fitting 1 folds for each of 50 candidates, totalling 50 fits
----------
iter: 1
n_candidates: 17
n_resources: 18
Fitting 1 folds for each of 17 candidates, totalling 17 fits
----------
iter: 2
n_candidates: 6
n_resources: 54
Fitting 1 folds for each of 6 candidates, totalling 6 fits
----------
iter: 3
n_candidates: 2
n_resources: 162
Fitting 1 folds for each of 2 candidates, totalling 2 fits
      -> [KNN + Jittering Set 3] Acc: 0.9433, F1: 0.9438, Time: 0.01s
n_iterations: 4
n_required_iterations: 4
n_possible_iterations: 7
min_resources_: 6
max_resources_: 8700
aggressive_elimination: False
factor: 3
----------
iter: 0
n_candidates: 50
n_resources: 6
Fitting 1 folds for each of 50 candidates, totalling 50 fits
----------
iter: 1
n_candidates: 17
n_resources: 18
Fitting 1 folds for each of 17 candidates, totalling 17 fits
----------
iter: 2
n_candidates: 6
n_resources: 54
Fitting 1 folds for each of 6 candidates, totalling 6 fits
----------
iter: 3
n_candidates: 2
n_resources: 162
Fitting 1 folds for each of 2 candidates, totalling 2 fits
      -> [RandomForest + Jittering Set 3] Acc: 0.9350, F1: 0.9346, Time: 0.88s
n_iterations: 4
n_required_iterations: 4
n_possible_iterations: 7
min_resources_: 6
max_resources_: 8700
aggressive_elimination: False
factor: 3
----------
iter: 0
n_candidates: 50
n_resources: 6
Fitting 1 folds for each of 50 candidates, totalling 50 fits
----------
iter: 1
n_candidates: 17
n_resources: 18
Fitting 1 folds for each of 17 candidates, totalling 17 fits
----------
iter: 2
n_candidates: 6
n_resources: 54
Fitting 1 folds for each of 6 candidates, totalling 6 fits
----------
iter: 3
n_candidates: 2
n_resources: 162
Fitting 1 folds for each of 2 candidates, totalling 2 fits
      -> [LinearSVC + Jittering Set 3] Acc: 0.9467, F1: 0.9457, Time: 0.05s
n_iterations: 4
n_required_iterations: 4
n_possible_iterations: 7
min_resources_: 6
max_resources_: 8700
aggressive_elimination: False
factor: 3
----------
iter: 0
n_candidates: 50
n_resources: 6
Fitting 1 folds for each of 50 candidates, totalling 50 fits
----------
iter: 1
n_candidates: 17
n_resources: 18
Fitting 1 folds for each of 17 candidates, totalling 17 fits
----------
iter: 2
n_candidates: 6
n_resources: 54
Fitting 1 folds for each of 6 candidates, totalling 6 fits
----------
iter: 3
n_candidates: 2
n_resources: 162
Fitting 1 folds for each of 2 candidates, totalling 2 fits
      -> [LogisticRegression + Jittering Set 3] Acc: 0.9500, F1: 0.9503, Time: 0.06s
      [!] Failed evaluation with RNN on Jittering Set 3: name 'os' is not defined
    [=== Generating 2x synthetic data with Jittering (Set 4, Params: {'sigma': 0.05}) ===]
n_iterations: 4
n_required_iterations: 4
n_possible_iterations: 7
min_resources_: 6
max_resources_: 8700
aggressive_elimination: False
factor: 3
----------
iter: 0
n_candidates: 50
n_resources: 6
Fitting 1 folds for each of 50 candidates, totalling 50 fits
----------
iter: 1
n_candidates: 17
n_resources: 18
Fitting 1 folds for each of 17 candidates, totalling 17 fits
----------
iter: 2
n_candidates: 6
n_resources: 54
Fitting 1 folds for each of 6 candidates, totalling 6 fits
----------
iter: 3
n_candidates: 2
n_resources: 162
Fitting 1 folds for each of 2 candidates, totalling 2 fits
      -> [KNN + Jittering Set 4] Acc: 0.9500, F1: 0.9503, Time: 0.02s
n_iterations: 4
n_required_iterations: 4
n_possible_iterations: 7
min_resources_: 6
max_resources_: 8700
aggressive_elimination: False
factor: 3
----------
iter: 0
n_candidates: 50
n_resources: 6
Fitting 1 folds for each of 50 candidates, totalling 50 fits
----------
iter: 1
n_candidates: 17
n_resources: 18
Fitting 1 folds for each of 17 candidates, totalling 17 fits
----------
iter: 2
n_candidates: 6
n_resources: 54
Fitting 1 folds for each of 6 candidates, totalling 6 fits
----------
iter: 3
n_candidates: 2
n_resources: 162
Fitting 1 folds for each of 2 candidates, totalling 2 fits
      -> [RandomForest + Jittering Set 4] Acc: 0.9367, F1: 0.9361, Time: 1.35s
n_iterations: 4
n_required_iterations: 4
n_possible_iterations: 7
min_resources_: 6
max_resources_: 8700
aggressive_elimination: False
factor: 3
----------
iter: 0
n_candidates: 50
n_resources: 6
Fitting 1 folds for each of 50 candidates, totalling 50 fits
----------
iter: 1
n_candidates: 17
n_resources: 18
Fitting 1 folds for each of 17 candidates, totalling 17 fits
----------
iter: 2
n_candidates: 6
n_resources: 54
Fitting 1 folds for each of 6 candidates, totalling 6 fits
----------
iter: 3
n_candidates: 2
n_resources: 162
Fitting 1 folds for each of 2 candidates, totalling 2 fits
      -> [LinearSVC + Jittering Set 4] Acc: 0.9083, F1: 0.9045, Time: 0.05s
n_iterations: 4
n_required_iterations: 4
n_possible_iterations: 7
min_resources_: 6
max_resources_: 8700
aggressive_elimination: False
factor: 3
----------
iter: 0
n_candidates: 50
n_resources: 6
Fitting 1 folds for each of 50 candidates, totalling 50 fits
----------
iter: 1
n_candidates: 17
n_resources: 18
Fitting 1 folds for each of 17 candidates, totalling 17 fits
----------
iter: 2
n_candidates: 6
n_resources: 54
Fitting 1 folds for each of 6 candidates, totalling 6 fits
----------
iter: 3
n_candidates: 2
n_resources: 162
Fitting 1 folds for each of 2 candidates, totalling 2 fits
      -> [LogisticRegression + Jittering Set 4] Acc: 0.9433, F1: 0.9438, Time: 0.21s
      [!] Failed evaluation with RNN on Jittering Set 4: name 'os' is not defined
    [=== Generating 2x synthetic data with Jittering (Set 5, Params: {'sigma': 0.15}) ===]
n_iterations: 4
n_required_iterations: 4
n_possible_iterations: 7
min_resources_: 6
max_resources_: 8700
aggressive_elimination: False
factor: 3
----------
iter: 0
n_candidates: 50
n_resources: 6
Fitting 1 folds for each of 50 candidates, totalling 50 fits
----------
iter: 1
n_candidates: 17
n_resources: 18
Fitting 1 folds for each of 17 candidates, totalling 17 fits
----------
iter: 2
n_candidates: 6
n_resources: 54
Fitting 1 folds for each of 6 candidates, totalling 6 fits
----------
iter: 3
n_candidates: 2
n_resources: 162
Fitting 1 folds for each of 2 candidates, totalling 2 fits
      -> [KNN + Jittering Set 5] Acc: 0.9600, F1: 0.9603, Time: 0.01s
n_iterations: 4
n_required_iterations: 4
n_possible_iterations: 7
min_resources_: 6
max_resources_: 8700
aggressive_elimination: False
factor: 3
----------
iter: 0
n_candidates: 50
n_resources: 6
Fitting 1 folds for each of 50 candidates, totalling 50 fits
----------
iter: 1
n_candidates: 17
n_resources: 18
Fitting 1 folds for each of 17 candidates, totalling 17 fits
----------
iter: 2
n_candidates: 6
n_resources: 54
Fitting 1 folds for each of 6 candidates, totalling 6 fits
----------
iter: 3
n_candidates: 2
n_resources: 162
Fitting 1 folds for each of 2 candidates, totalling 2 fits
      -> [RandomForest + Jittering Set 5] Acc: 0.9217, F1: 0.9215, Time: 0.52s
n_iterations: 4
n_required_iterations: 4
n_possible_iterations: 7
min_resources_: 6
max_resources_: 8700
aggressive_elimination: False
factor: 3
----------
iter: 0
n_candidates: 50
n_resources: 6
Fitting 1 folds for each of 50 candidates, totalling 50 fits
----------
iter: 1
n_candidates: 17
n_resources: 18
Fitting 1 folds for each of 17 candidates, totalling 17 fits
----------
iter: 2
n_candidates: 6
n_resources: 54
Fitting 1 folds for each of 6 candidates, totalling 6 fits
----------
iter: 3
n_candidates: 2
n_resources: 162
Fitting 1 folds for each of 2 candidates, totalling 2 fits
      -> [LinearSVC + Jittering Set 5] Acc: 0.9333, F1: 0.9317, Time: 0.04s
n_iterations: 4
n_required_iterations: 4
n_possible_iterations: 7
min_resources_: 6
max_resources_: 8700
aggressive_elimination: False
factor: 3
----------
iter: 0
n_candidates: 50
n_resources: 6
Fitting 1 folds for each of 50 candidates, totalling 50 fits
----------
iter: 1
n_candidates: 17
n_resources: 18
Fitting 1 folds for each of 17 candidates, totalling 17 fits
----------
iter: 2
n_candidates: 6
n_resources: 54
Fitting 1 folds for each of 6 candidates, totalling 6 fits
----------
iter: 3
n_candidates: 2
n_resources: 162
Fitting 1 folds for each of 2 candidates, totalling 2 fits
      -> [LogisticRegression + Jittering Set 5] Acc: 0.9567, F1: 0.9568, Time: 0.20s
      [!] Failed evaluation with RNN on Jittering Set 5: name 'os' is not defined
    [=== Generating 2x synthetic data with Jittering (Set 6, Params: {'sigma': 0.15}) ===]
n_iterations: 4
n_required_iterations: 4
n_possible_iterations: 7
min_resources_: 6
max_resources_: 8700
aggressive_elimination: False
factor: 3
----------
iter: 0
n_candidates: 50
n_resources: 6
Fitting 1 folds for each of 50 candidates, totalling 50 fits
----------
iter: 1
n_candidates: 17
n_resources: 18
Fitting 1 folds for each of 17 candidates, totalling 17 fits
----------
iter: 2
n_candidates: 6
n_resources: 54
Fitting 1 folds for each of 6 candidates, totalling 6 fits
----------
iter: 3
n_candidates: 2
n_resources: 162
Fitting 1 folds for each of 2 candidates, totalling 2 fits
      -> [KNN + Jittering Set 6] Acc: 0.9383, F1: 0.9387, Time: 0.01s
n_iterations: 4
n_required_iterations: 4
n_possible_iterations: 7
min_resources_: 6
max_resources_: 8700
aggressive_elimination: False
factor: 3
----------
iter: 0
n_candidates: 50
n_resources: 6
Fitting 1 folds for each of 50 candidates, totalling 50 fits
----------
iter: 1
n_candidates: 17
n_resources: 18
Fitting 1 folds for each of 17 candidates, totalling 17 fits
----------
iter: 2
n_candidates: 6
n_resources: 54
Fitting 1 folds for each of 6 candidates, totalling 6 fits
----------
iter: 3
n_candidates: 2
n_resources: 162
Fitting 1 folds for each of 2 candidates, totalling 2 fits
      -> [RandomForest + Jittering Set 6] Acc: 0.9450, F1: 0.9443, Time: 0.49s
n_iterations: 4
n_required_iterations: 4
n_possible_iterations: 7
min_resources_: 6
max_resources_: 8700
aggressive_elimination: False
factor: 3
----------
iter: 0
n_candidates: 50
n_resources: 6
Fitting 1 folds for each of 50 candidates, totalling 50 fits
----------
iter: 1
n_candidates: 17
n_resources: 18
Fitting 1 folds for each of 17 candidates, totalling 17 fits
----------
iter: 2
n_candidates: 6
n_resources: 54
Fitting 1 folds for each of 6 candidates, totalling 6 fits
----------
iter: 3
n_candidates: 2
n_resources: 162
Fitting 1 folds for each of 2 candidates, totalling 2 fits
      -> [LinearSVC + Jittering Set 6] Acc: 0.9333, F1: 0.9317, Time: 0.04s
n_iterations: 4
n_required_iterations: 4
n_possible_iterations: 7
min_resources_: 6
max_resources_: 8700
aggressive_elimination: False
factor: 3
----------
iter: 0
n_candidates: 50
n_resources: 6
Fitting 1 folds for each of 50 candidates, totalling 50 fits
----------
iter: 1
n_candidates: 17
n_resources: 18
Fitting 1 folds for each of 17 candidates, totalling 17 fits
----------
iter: 2
n_candidates: 6
n_resources: 54
Fitting 1 folds for each of 6 candidates, totalling 6 fits
----------
iter: 3
n_candidates: 2
n_resources: 162
Fitting 1 folds for each of 2 candidates, totalling 2 fits
      -> [LogisticRegression + Jittering Set 6] Acc: 0.9733, F1: 0.9734, Time: 0.09s
      [!] Failed evaluation with RNN on Jittering Set 6: name 'os' is not defined
    [=== Generating 2x synthetic data with Jittering (Set 7, Params: {'sigma': 0.03}) ===]
n_iterations: 4
n_required_iterations: 4
n_possible_iterations: 7
min_resources_: 6
max_resources_: 8700
aggressive_elimination: False
factor: 3
----------
iter: 0
n_candidates: 50
n_resources: 6
Fitting 1 folds for each of 50 candidates, totalling 50 fits
----------
iter: 1
n_candidates: 17
n_resources: 18
Fitting 1 folds for each of 17 candidates, totalling 17 fits
----------
iter: 2
n_candidates: 6
n_resources: 54
Fitting 1 folds for each of 6 candidates, totalling 6 fits
----------
iter: 3
n_candidates: 2
n_resources: 162
Fitting 1 folds for each of 2 candidates, totalling 2 fits
      -> [KNN + Jittering Set 7] Acc: 0.9500, F1: 0.9503, Time: 0.01s
n_iterations: 4
n_required_iterations: 4
n_possible_iterations: 7
min_resources_: 6
max_resources_: 8700
aggressive_elimination: False
factor: 3
----------
iter: 0
n_candidates: 50
n_resources: 6
Fitting 1 folds for each of 50 candidates, totalling 50 fits
----------
iter: 1
n_candidates: 17
n_resources: 18
Fitting 1 folds for each of 17 candidates, totalling 17 fits
----------
iter: 2
n_candidates: 6
n_resources: 54
Fitting 1 folds for each of 6 candidates, totalling 6 fits
----------
iter: 3
n_candidates: 2
n_resources: 162
Fitting 1 folds for each of 2 candidates, totalling 2 fits
      -> [RandomForest + Jittering Set 7] Acc: 0.9350, F1: 0.9345, Time: 0.94s
n_iterations: 4
n_required_iterations: 4
n_possible_iterations: 7
min_resources_: 6
max_resources_: 8700
aggressive_elimination: False
factor: 3
----------
iter: 0
n_candidates: 50
n_resources: 6
Fitting 1 folds for each of 50 candidates, totalling 50 fits
----------
iter: 1
n_candidates: 17
n_resources: 18
Fitting 1 folds for each of 17 candidates, totalling 17 fits
----------
iter: 2
n_candidates: 6
n_resources: 54
Fitting 1 folds for each of 6 candidates, totalling 6 fits
----------
iter: 3
n_candidates: 2
n_resources: 162
Fitting 1 folds for each of 2 candidates, totalling 2 fits
      -> [LinearSVC + Jittering Set 7] Acc: 0.8967, F1: 0.8922, Time: 0.05s
n_iterations: 4
n_required_iterations: 4
n_possible_iterations: 7
min_resources_: 6
max_resources_: 8700
aggressive_elimination: False
factor: 3
----------
iter: 0
n_candidates: 50
n_resources: 6
Fitting 1 folds for each of 50 candidates, totalling 50 fits
----------
iter: 1
n_candidates: 17
n_resources: 18
Fitting 1 folds for each of 17 candidates, totalling 17 fits
----------
iter: 2
n_candidates: 6
n_resources: 54
Fitting 1 folds for each of 6 candidates, totalling 6 fits
----------
iter: 3
n_candidates: 2
n_resources: 162
Fitting 1 folds for each of 2 candidates, totalling 2 fits
      -> [LogisticRegression + Jittering Set 7] Acc: 0.9517, F1: 0.9520, Time: 0.16s
      [!] Failed evaluation with RNN on Jittering Set 7: name 'os' is not defined
    [=== Generating 2x synthetic data with Jittering (Set 8, Params: {'sigma': 0.05}) ===]
n_iterations: 4
n_required_iterations: 4
n_possible_iterations: 7
min_resources_: 6
max_resources_: 8700
aggressive_elimination: False
factor: 3
----------
iter: 0
n_candidates: 50
n_resources: 6
Fitting 1 folds for each of 50 candidates, totalling 50 fits
----------
iter: 1
n_candidates: 17
n_resources: 18
Fitting 1 folds for each of 17 candidates, totalling 17 fits
----------
iter: 2
n_candidates: 6
n_resources: 54
Fitting 1 folds for each of 6 candidates, totalling 6 fits
----------
iter: 3
n_candidates: 2
n_resources: 162
Fitting 1 folds for each of 2 candidates, totalling 2 fits
      -> [KNN + Jittering Set 8] Acc: 0.9683, F1: 0.9685, Time: 0.03s
n_iterations: 4
n_required_iterations: 4
n_possible_iterations: 7
min_resources_: 6
max_resources_: 8700
aggressive_elimination: False
factor: 3
----------
iter: 0
n_candidates: 50
n_resources: 6
Fitting 1 folds for each of 50 candidates, totalling 50 fits
----------
iter: 1
n_candidates: 17
n_resources: 18
Fitting 1 folds for each of 17 candidates, totalling 17 fits
----------
iter: 2
n_candidates: 6
n_resources: 54
Fitting 1 folds for each of 6 candidates, totalling 6 fits
----------
iter: 3
n_candidates: 2
n_resources: 162
Fitting 1 folds for each of 2 candidates, totalling 2 fits
      -> [RandomForest + Jittering Set 8] Acc: 0.9233, F1: 0.9230, Time: 0.98s
n_iterations: 4
n_required_iterations: 4
n_possible_iterations: 7
min_resources_: 6
max_resources_: 8700
aggressive_elimination: False
factor: 3
----------
iter: 0
n_candidates: 50
n_resources: 6
Fitting 1 folds for each of 50 candidates, totalling 50 fits
----------
iter: 1
n_candidates: 17
n_resources: 18
Fitting 1 folds for each of 17 candidates, totalling 17 fits
----------
iter: 2
n_candidates: 6
n_resources: 54
Fitting 1 folds for each of 6 candidates, totalling 6 fits
----------
iter: 3
n_candidates: 2
n_resources: 162
Fitting 1 folds for each of 2 candidates, totalling 2 fits
      -> [LinearSVC + Jittering Set 8] Acc: 0.9083, F1: 0.9045, Time: 0.05s
n_iterations: 4
n_required_iterations: 4
n_possible_iterations: 7
min_resources_: 6
max_resources_: 8700
aggressive_elimination: False
factor: 3
----------
iter: 0
n_candidates: 50
n_resources: 6
Fitting 1 folds for each of 50 candidates, totalling 50 fits
----------
iter: 1
n_candidates: 17
n_resources: 18
Fitting 1 folds for each of 17 candidates, totalling 17 fits
----------
iter: 2
n_candidates: 6
n_resources: 54
Fitting 1 folds for each of 6 candidates, totalling 6 fits
----------
iter: 3
n_candidates: 2
n_resources: 162
Fitting 1 folds for each of 2 candidates, totalling 2 fits
      -> [LogisticRegression + Jittering Set 8] Acc: 0.9417, F1: 0.9421, Time: 0.28s
      [!] Failed evaluation with RNN on Jittering Set 8: name 'os' is not defined
    [=== Generating 2x synthetic data with Jittering (Set 9, Params: {'sigma': 0.05}) ===]
n_iterations: 4
n_required_iterations: 4
n_possible_iterations: 7
min_resources_: 6
max_resources_: 8700
aggressive_elimination: False
factor: 3
----------
iter: 0
n_candidates: 50
n_resources: 6
Fitting 1 folds for each of 50 candidates, totalling 50 fits
----------
iter: 1
n_candidates: 17
n_resources: 18
Fitting 1 folds for each of 17 candidates, totalling 17 fits
----------
iter: 2
n_candidates: 6
n_resources: 54
Fitting 1 folds for each of 6 candidates, totalling 6 fits
----------
iter: 3
n_candidates: 2
n_resources: 162
Fitting 1 folds for each of 2 candidates, totalling 2 fits
      -> [KNN + Jittering Set 9] Acc: 0.9450, F1: 0.9454, Time: 0.01s
n_iterations: 4
n_required_iterations: 4
n_possible_iterations: 7
min_resources_: 6
max_resources_: 8700
aggressive_elimination: False
factor: 3
----------
iter: 0
n_candidates: 50
n_resources: 6
Fitting 1 folds for each of 50 candidates, totalling 50 fits
----------
iter: 1
n_candidates: 17
n_resources: 18
Fitting 1 folds for each of 17 candidates, totalling 17 fits
----------
iter: 2
n_candidates: 6
n_resources: 54
Fitting 1 folds for each of 6 candidates, totalling 6 fits
----------
iter: 3
n_candidates: 2
n_resources: 162
Fitting 1 folds for each of 2 candidates, totalling 2 fits
      -> [RandomForest + Jittering Set 9] Acc: 0.9267, F1: 0.9264, Time: 0.95s
n_iterations: 4
n_required_iterations: 4
n_possible_iterations: 7
min_resources_: 6
max_resources_: 8700
aggressive_elimination: False
factor: 3
----------
iter: 0
n_candidates: 50
n_resources: 6
Fitting 1 folds for each of 50 candidates, totalling 50 fits
----------
iter: 1
n_candidates: 17
n_resources: 18
Fitting 1 folds for each of 17 candidates, totalling 17 fits
----------
iter: 2
n_candidates: 6
n_resources: 54
Fitting 1 folds for each of 6 candidates, totalling 6 fits
----------
iter: 3
n_candidates: 2
n_resources: 162
Fitting 1 folds for each of 2 candidates, totalling 2 fits
      -> [LinearSVC + Jittering Set 9] Acc: 0.9067, F1: 0.9028, Time: 0.11s
n_iterations: 4
n_required_iterations: 4
n_possible_iterations: 7
min_resources_: 6
max_resources_: 8700
aggressive_elimination: False
factor: 3
----------
iter: 0
n_candidates: 50
n_resources: 6
Fitting 1 folds for each of 50 candidates, totalling 50 fits
----------
iter: 1
n_candidates: 17
n_resources: 18
Fitting 1 folds for each of 17 candidates, totalling 17 fits
----------
iter: 2
n_candidates: 6
n_resources: 54
Fitting 1 folds for each of 6 candidates, totalling 6 fits
----------
iter: 3
n_candidates: 2
n_resources: 162
Fitting 1 folds for each of 2 candidates, totalling 2 fits
      -> [LogisticRegression + Jittering Set 9] Acc: 0.9433, F1: 0.9438, Time: 0.16s
      [!] Failed evaluation with RNN on Jittering Set 9: name 'os' is not defined
    [=== Generating 2x synthetic data with Jittering (Set 10, Params: {'sigma': 0.05}) ===]
n_iterations: 4
n_required_iterations: 4
n_possible_iterations: 7
min_resources_: 6
max_resources_: 8700
aggressive_elimination: False
factor: 3
----------
iter: 0
n_candidates: 50
n_resources: 6
Fitting 1 folds for each of 50 candidates, totalling 50 fits
----------
iter: 1
n_candidates: 17
n_resources: 18
Fitting 1 folds for each of 17 candidates, totalling 17 fits
----------
iter: 2
n_candidates: 6
n_resources: 54
Fitting 1 folds for each of 6 candidates, totalling 6 fits
----------
iter: 3
n_candidates: 2
n_resources: 162
Fitting 1 folds for each of 2 candidates, totalling 2 fits
      -> [KNN + Jittering Set 10] Acc: 0.9833, F1: 0.9834, Time: 0.03s
n_iterations: 4
n_required_iterations: 4
n_possible_iterations: 7
min_resources_: 6
max_resources_: 8700
aggressive_elimination: False
factor: 3
----------
iter: 0
n_candidates: 50
n_resources: 6
Fitting 1 folds for each of 50 candidates, totalling 50 fits
----------
iter: 1
n_candidates: 17
n_resources: 18
Fitting 1 folds for each of 17 candidates, totalling 17 fits
----------
iter: 2
n_candidates: 6
n_resources: 54
Fitting 1 folds for each of 6 candidates, totalling 6 fits
----------
iter: 3
n_candidates: 2
n_resources: 162
Fitting 1 folds for each of 2 candidates, totalling 2 fits
      -> [RandomForest + Jittering Set 10] Acc: 0.9350, F1: 0.9345, Time: 0.90s
n_iterations: 4
n_required_iterations: 4
n_possible_iterations: 7
min_resources_: 6
max_resources_: 8700
aggressive_elimination: False
factor: 3
----------
iter: 0
n_candidates: 50
n_resources: 6
Fitting 1 folds for each of 50 candidates, totalling 50 fits
----------
iter: 1
n_candidates: 17
n_resources: 18
Fitting 1 folds for each of 17 candidates, totalling 17 fits
----------
iter: 2
n_candidates: 6
n_resources: 54
Fitting 1 folds for each of 6 candidates, totalling 6 fits
----------
iter: 3
n_candidates: 2
n_resources: 162
Fitting 1 folds for each of 2 candidates, totalling 2 fits
      -> [LinearSVC + Jittering Set 10] Acc: 0.8733, F1: 0.8668, Time: 0.05s
n_iterations: 4
n_required_iterations: 4
n_possible_iterations: 7
min_resources_: 6
max_resources_: 8700
aggressive_elimination: False
factor: 3
----------
iter: 0
n_candidates: 50
n_resources: 6
Fitting 1 folds for each of 50 candidates, totalling 50 fits
----------
iter: 1
n_candidates: 17
n_resources: 18
Fitting 1 folds for each of 17 candidates, totalling 17 fits
----------
iter: 2
n_candidates: 6
n_resources: 54
Fitting 1 folds for each of 6 candidates, totalling 6 fits
----------
iter: 3
n_candidates: 2
n_resources: 162
Fitting 1 folds for each of 2 candidates, totalling 2 fits
      -> [LogisticRegression + Jittering Set 10] Acc: 0.9433, F1: 0.9438, Time: 0.15s
      [!] Failed evaluation with RNN on Jittering Set 10: name 'os' is not defined
    [=== Generating 3x synthetic data with Jittering (Set 1, Params: {'sigma': 0.03}) ===]
n_iterations: 4
n_required_iterations: 4
n_possible_iterations: 7
min_resources_: 6
max_resources_: 11600
aggressive_elimination: False
factor: 3
----------
iter: 0
n_candidates: 50
n_resources: 6
Fitting 1 folds for each of 50 candidates, totalling 50 fits
----------
iter: 1
n_candidates: 17
n_resources: 18
Fitting 1 folds for each of 17 candidates, totalling 17 fits
----------
iter: 2
n_candidates: 6
n_resources: 54
Fitting 1 folds for each of 6 candidates, totalling 6 fits
----------
iter: 3
n_candidates: 2
n_resources: 162
Fitting 1 folds for each of 2 candidates, totalling 2 fits
      -> [KNN + Jittering Set 1] Acc: 0.9650, F1: 0.9652, Time: 0.04s
n_iterations: 4
n_required_iterations: 4
n_possible_iterations: 7
min_resources_: 6
max_resources_: 11600
aggressive_elimination: False
factor: 3
----------
iter: 0
n_candidates: 50
n_resources: 6
Fitting 1 folds for each of 50 candidates, totalling 50 fits
----------
iter: 1
n_candidates: 17
n_resources: 18
Fitting 1 folds for each of 17 candidates, totalling 17 fits
----------
iter: 2
n_candidates: 6
n_resources: 54
Fitting 1 folds for each of 6 candidates, totalling 6 fits
----------
iter: 3
n_candidates: 2
n_resources: 162
Fitting 1 folds for each of 2 candidates, totalling 2 fits
      -> [RandomForest + Jittering Set 1] Acc: 0.9317, F1: 0.9311, Time: 1.82s
n_iterations: 4
n_required_iterations: 4
n_possible_iterations: 7
min_resources_: 6
max_resources_: 11600
aggressive_elimination: False
factor: 3
----------
iter: 0
n_candidates: 50
n_resources: 6
Fitting 1 folds for each of 50 candidates, totalling 50 fits
----------
iter: 1
n_candidates: 17
n_resources: 18
Fitting 1 folds for each of 17 candidates, totalling 17 fits
----------
iter: 2
n_candidates: 6
n_resources: 54
Fitting 1 folds for each of 6 candidates, totalling 6 fits
----------
iter: 3
n_candidates: 2
n_resources: 162
Fitting 1 folds for each of 2 candidates, totalling 2 fits
      -> [LinearSVC + Jittering Set 1] Acc: 0.8317, F1: 0.8296, Time: 0.02s
n_iterations: 4
n_required_iterations: 4
n_possible_iterations: 7
min_resources_: 6
max_resources_: 11600
aggressive_elimination: False
factor: 3
----------
iter: 0
n_candidates: 50
n_resources: 6
Fitting 1 folds for each of 50 candidates, totalling 50 fits
----------
iter: 1
n_candidates: 17
n_resources: 18
Fitting 1 folds for each of 17 candidates, totalling 17 fits
----------
iter: 2
n_candidates: 6
n_resources: 54
Fitting 1 folds for each of 6 candidates, totalling 6 fits
----------
iter: 3
n_candidates: 2
n_resources: 162
Fitting 1 folds for each of 2 candidates, totalling 2 fits
      -> [LogisticRegression + Jittering Set 1] Acc: 0.9500, F1: 0.9504, Time: 0.28s
      [!] Failed evaluation with RNN on Jittering Set 1: name 'os' is not defined
    [=== Generating 3x synthetic data with Jittering (Set 2, Params: {'sigma': 0.1}) ===]
n_iterations: 4
n_required_iterations: 4
n_possible_iterations: 7
min_resources_: 6
max_resources_: 11600
aggressive_elimination: False
factor: 3
----------
iter: 0
n_candidates: 50
n_resources: 6
Fitting 1 folds for each of 50 candidates, totalling 50 fits
----------
iter: 1
n_candidates: 17
n_resources: 18
Fitting 1 folds for each of 17 candidates, totalling 17 fits
----------
iter: 2
n_candidates: 6
n_resources: 54
Fitting 1 folds for each of 6 candidates, totalling 6 fits
----------
iter: 3
n_candidates: 2
n_resources: 162
Fitting 1 folds for each of 2 candidates, totalling 2 fits
      -> [KNN + Jittering Set 2] Acc: 0.9517, F1: 0.9519, Time: 0.02s
n_iterations: 4
n_required_iterations: 4
n_possible_iterations: 7
min_resources_: 6
max_resources_: 11600
aggressive_elimination: False
factor: 3
----------
iter: 0
n_candidates: 50
n_resources: 6
Fitting 1 folds for each of 50 candidates, totalling 50 fits
----------
iter: 1
n_candidates: 17
n_resources: 18
Fitting 1 folds for each of 17 candidates, totalling 17 fits
----------
iter: 2
n_candidates: 6
n_resources: 54
Fitting 1 folds for each of 6 candidates, totalling 6 fits
----------
iter: 3
n_candidates: 2
n_resources: 162
Fitting 1 folds for each of 2 candidates, totalling 2 fits
      -> [RandomForest + Jittering Set 2] Acc: 0.9433, F1: 0.9428, Time: 2.38s
n_iterations: 4
n_required_iterations: 4
n_possible_iterations: 7
min_resources_: 6
max_resources_: 11600
aggressive_elimination: False
factor: 3
----------
iter: 0
n_candidates: 50
n_resources: 6
Fitting 1 folds for each of 50 candidates, totalling 50 fits
----------
iter: 1
n_candidates: 17
n_resources: 18
Fitting 1 folds for each of 17 candidates, totalling 17 fits
----------
iter: 2
n_candidates: 6
n_resources: 54
Fitting 1 folds for each of 6 candidates, totalling 6 fits
----------
iter: 3
n_candidates: 2
n_resources: 162
Fitting 1 folds for each of 2 candidates, totalling 2 fits
      -> [LinearSVC + Jittering Set 2] Acc: 0.9283, F1: 0.9259, Time: 0.02s
n_iterations: 4
n_required_iterations: 4
n_possible_iterations: 7
min_resources_: 6
max_resources_: 11600
aggressive_elimination: False
factor: 3
----------
iter: 0
n_candidates: 50
n_resources: 6
Fitting 1 folds for each of 50 candidates, totalling 50 fits
----------
iter: 1
n_candidates: 17
n_resources: 18
Fitting 1 folds for each of 17 candidates, totalling 17 fits
----------
iter: 2
n_candidates: 6
n_resources: 54
Fitting 1 folds for each of 6 candidates, totalling 6 fits
----------
iter: 3
n_candidates: 2
n_resources: 162
Fitting 1 folds for each of 2 candidates, totalling 2 fits
      -> [LogisticRegression + Jittering Set 2] Acc: 0.9450, F1: 0.9454, Time: 0.14s
      [!] Failed evaluation with RNN on Jittering Set 2: name 'os' is not defined
    [=== Generating 3x synthetic data with Jittering (Set 3, Params: {'sigma': 0.15}) ===]
n_iterations: 4
n_required_iterations: 4
n_possible_iterations: 7
min_resources_: 6
max_resources_: 11600
aggressive_elimination: False
factor: 3
----------
iter: 0
n_candidates: 50
n_resources: 6
Fitting 1 folds for each of 50 candidates, totalling 50 fits
----------
iter: 1
n_candidates: 17
n_resources: 18
Fitting 1 folds for each of 17 candidates, totalling 17 fits
----------
iter: 2
n_candidates: 6
n_resources: 54
Fitting 1 folds for each of 6 candidates, totalling 6 fits
----------
iter: 3
n_candidates: 2
n_resources: 162
Fitting 1 folds for each of 2 candidates, totalling 2 fits
      -> [KNN + Jittering Set 3] Acc: 0.9567, F1: 0.9570, Time: 0.06s
n_iterations: 4
n_required_iterations: 4
n_possible_iterations: 7
min_resources_: 6
max_resources_: 11600
aggressive_elimination: False
factor: 3
----------
iter: 0
n_candidates: 50
n_resources: 6
Fitting 1 folds for each of 50 candidates, totalling 50 fits
----------
iter: 1
n_candidates: 17
n_resources: 18
Fitting 1 folds for each of 17 candidates, totalling 17 fits
----------
iter: 2
n_candidates: 6
n_resources: 54
Fitting 1 folds for each of 6 candidates, totalling 6 fits
----------
iter: 3
n_candidates: 2
n_resources: 162
Fitting 1 folds for each of 2 candidates, totalling 2 fits
      -> [RandomForest + Jittering Set 3] Acc: 0.9383, F1: 0.9378, Time: 0.77s
n_iterations: 4
n_required_iterations: 4
n_possible_iterations: 7
min_resources_: 6
max_resources_: 11600
aggressive_elimination: False
factor: 3
----------
iter: 0
n_candidates: 50
n_resources: 6
Fitting 1 folds for each of 50 candidates, totalling 50 fits
----------
iter: 1
n_candidates: 17
n_resources: 18
Fitting 1 folds for each of 17 candidates, totalling 17 fits
----------
iter: 2
n_candidates: 6
n_resources: 54
Fitting 1 folds for each of 6 candidates, totalling 6 fits
----------
iter: 3
n_candidates: 2
n_resources: 162
Fitting 1 folds for each of 2 candidates, totalling 2 fits
      -> [LinearSVC + Jittering Set 3] Acc: 0.9300, F1: 0.9282, Time: 0.05s
n_iterations: 4
n_required_iterations: 4
n_possible_iterations: 7
min_resources_: 6
max_resources_: 11600
aggressive_elimination: False
factor: 3
----------
iter: 0
n_candidates: 50
n_resources: 6
Fitting 1 folds for each of 50 candidates, totalling 50 fits
----------
iter: 1
n_candidates: 17
n_resources: 18
Fitting 1 folds for each of 17 candidates, totalling 17 fits
----------
iter: 2
n_candidates: 6
n_resources: 54
Fitting 1 folds for each of 6 candidates, totalling 6 fits
----------
iter: 3
n_candidates: 2
n_resources: 162
Fitting 1 folds for each of 2 candidates, totalling 2 fits
      -> [LogisticRegression + Jittering Set 3] Acc: 0.9567, F1: 0.9568, Time: 0.05s
      [!] Failed evaluation with RNN on Jittering Set 3: name 'os' is not defined
    [=== Generating 3x synthetic data with Jittering (Set 4, Params: {'sigma': 0.05}) ===]
n_iterations: 4
n_required_iterations: 4
n_possible_iterations: 7
min_resources_: 6
max_resources_: 11600
aggressive_elimination: False
factor: 3
----------
iter: 0
n_candidates: 50
n_resources: 6
Fitting 1 folds for each of 50 candidates, totalling 50 fits
----------
iter: 1
n_candidates: 17
n_resources: 18
Fitting 1 folds for each of 17 candidates, totalling 17 fits
----------
iter: 2
n_candidates: 6
n_resources: 54
Fitting 1 folds for each of 6 candidates, totalling 6 fits
----------
iter: 3
n_candidates: 2
n_resources: 162
Fitting 1 folds for each of 2 candidates, totalling 2 fits
      -> [KNN + Jittering Set 4] Acc: 0.9667, F1: 0.9669, Time: 0.04s
n_iterations: 4
n_required_iterations: 4
n_possible_iterations: 7
min_resources_: 6
max_resources_: 11600
aggressive_elimination: False
factor: 3
----------
iter: 0
n_candidates: 50
n_resources: 6
Fitting 1 folds for each of 50 candidates, totalling 50 fits
----------
iter: 1
n_candidates: 17
n_resources: 18
Fitting 1 folds for each of 17 candidates, totalling 17 fits
----------
iter: 2
n_candidates: 6
n_resources: 54
Fitting 1 folds for each of 6 candidates, totalling 6 fits
----------
iter: 3
n_candidates: 2
n_resources: 162
Fitting 1 folds for each of 2 candidates, totalling 2 fits
      -> [RandomForest + Jittering Set 4] Acc: 0.9417, F1: 0.9411, Time: 0.61s
n_iterations: 4
n_required_iterations: 4
n_possible_iterations: 7
min_resources_: 6
max_resources_: 11600
aggressive_elimination: False
factor: 3
----------
iter: 0
n_candidates: 50
n_resources: 6
Fitting 1 folds for each of 50 candidates, totalling 50 fits
----------
iter: 1
n_candidates: 17
n_resources: 18
Fitting 1 folds for each of 17 candidates, totalling 17 fits
----------
iter: 2
n_candidates: 6
n_resources: 54
Fitting 1 folds for each of 6 candidates, totalling 6 fits
----------
iter: 3
n_candidates: 2
n_resources: 162
Fitting 1 folds for each of 2 candidates, totalling 2 fits
      -> [LinearSVC + Jittering Set 4] Acc: 0.8850, F1: 0.8838, Time: 0.03s
n_iterations: 4
n_required_iterations: 4
n_possible_iterations: 7
min_resources_: 6
max_resources_: 11600
aggressive_elimination: False
factor: 3
----------
iter: 0
n_candidates: 50
n_resources: 6
Fitting 1 folds for each of 50 candidates, totalling 50 fits
----------
iter: 1
n_candidates: 17
n_resources: 18
Fitting 1 folds for each of 17 candidates, totalling 17 fits
----------
iter: 2
n_candidates: 6
n_resources: 54
Fitting 1 folds for each of 6 candidates, totalling 6 fits
----------
iter: 3
n_candidates: 2
n_resources: 162
Fitting 1 folds for each of 2 candidates, totalling 2 fits
      -> [LogisticRegression + Jittering Set 4] Acc: 0.9400, F1: 0.9405, Time: 0.27s
      [!] Failed evaluation with RNN on Jittering Set 4: name 'os' is not defined
    [=== Generating 3x synthetic data with Jittering (Set 5, Params: {'sigma': 0.15}) ===]
n_iterations: 4
n_required_iterations: 4
n_possible_iterations: 7
min_resources_: 6
max_resources_: 11600
aggressive_elimination: False
factor: 3
----------
iter: 0
n_candidates: 50
n_resources: 6
Fitting 1 folds for each of 50 candidates, totalling 50 fits
----------
iter: 1
n_candidates: 17
n_resources: 18
Fitting 1 folds for each of 17 candidates, totalling 17 fits
----------
iter: 2
n_candidates: 6
n_resources: 54
Fitting 1 folds for each of 6 candidates, totalling 6 fits
----------
iter: 3
n_candidates: 2
n_resources: 162
Fitting 1 folds for each of 2 candidates, totalling 2 fits
      -> [KNN + Jittering Set 5] Acc: 0.9417, F1: 0.9419, Time: 0.02s
n_iterations: 4
n_required_iterations: 4
n_possible_iterations: 7
min_resources_: 6
max_resources_: 11600
aggressive_elimination: False
factor: 3
----------
iter: 0
n_candidates: 50
n_resources: 6
Fitting 1 folds for each of 50 candidates, totalling 50 fits
----------
iter: 1
n_candidates: 17
n_resources: 18
Fitting 1 folds for each of 17 candidates, totalling 17 fits
----------
iter: 2
n_candidates: 6
n_resources: 54
Fitting 1 folds for each of 6 candidates, totalling 6 fits
----------
iter: 3
n_candidates: 2
n_resources: 162
Fitting 1 folds for each of 2 candidates, totalling 2 fits
      -> [RandomForest + Jittering Set 5] Acc: 0.9483, F1: 0.9478, Time: 0.64s
n_iterations: 4
n_required_iterations: 4
n_possible_iterations: 7
min_resources_: 6
max_resources_: 11600
aggressive_elimination: False
factor: 3
----------
iter: 0
n_candidates: 50
n_resources: 6
Fitting 1 folds for each of 50 candidates, totalling 50 fits
----------
iter: 1
n_candidates: 17
n_resources: 18
Fitting 1 folds for each of 17 candidates, totalling 17 fits
----------
iter: 2
n_candidates: 6
n_resources: 54
Fitting 1 folds for each of 6 candidates, totalling 6 fits
----------
iter: 3
n_candidates: 2
n_resources: 162
Fitting 1 folds for each of 2 candidates, totalling 2 fits
      -> [LinearSVC + Jittering Set 5] Acc: 0.9367, F1: 0.9352, Time: 0.02s
n_iterations: 4
n_required_iterations: 4
n_possible_iterations: 7
min_resources_: 6
max_resources_: 11600
aggressive_elimination: False
factor: 3
----------
iter: 0
n_candidates: 50
n_resources: 6
Fitting 1 folds for each of 50 candidates, totalling 50 fits
----------
iter: 1
n_candidates: 17
n_resources: 18
Fitting 1 folds for each of 17 candidates, totalling 17 fits
----------
iter: 2
n_candidates: 6
n_resources: 54
Fitting 1 folds for each of 6 candidates, totalling 6 fits
----------
iter: 3
n_candidates: 2
n_resources: 162
Fitting 1 folds for each of 2 candidates, totalling 2 fits
      -> [LogisticRegression + Jittering Set 5] Acc: 0.9583, F1: 0.9584, Time: 0.05s
      [!] Failed evaluation with RNN on Jittering Set 5: name 'os' is not defined
    [=== Generating 3x synthetic data with Jittering (Set 6, Params: {'sigma': 0.15}) ===]
n_iterations: 4
n_required_iterations: 4
n_possible_iterations: 7
min_resources_: 6
max_resources_: 11600
aggressive_elimination: False
factor: 3
----------
iter: 0
n_candidates: 50
n_resources: 6
Fitting 1 folds for each of 50 candidates, totalling 50 fits
----------
iter: 1
n_candidates: 17
n_resources: 18
Fitting 1 folds for each of 17 candidates, totalling 17 fits
----------
iter: 2
n_candidates: 6
n_resources: 54
Fitting 1 folds for each of 6 candidates, totalling 6 fits
----------
iter: 3
n_candidates: 2
n_resources: 162
Fitting 1 folds for each of 2 candidates, totalling 2 fits
      -> [KNN + Jittering Set 6] Acc: 0.9417, F1: 0.9422, Time: 0.02s
n_iterations: 4
n_required_iterations: 4
n_possible_iterations: 7
min_resources_: 6
max_resources_: 11600
aggressive_elimination: False
factor: 3
----------
iter: 0
n_candidates: 50
n_resources: 6
Fitting 1 folds for each of 50 candidates, totalling 50 fits
----------
iter: 1
n_candidates: 17
n_resources: 18
Fitting 1 folds for each of 17 candidates, totalling 17 fits
----------
iter: 2
n_candidates: 6
n_resources: 54
Fitting 1 folds for each of 6 candidates, totalling 6 fits
----------
iter: 3
n_candidates: 2
n_resources: 162
Fitting 1 folds for each of 2 candidates, totalling 2 fits
      -> [RandomForest + Jittering Set 6] Acc: 0.9400, F1: 0.9395, Time: 0.74s
n_iterations: 4
n_required_iterations: 4
n_possible_iterations: 7
min_resources_: 6
max_resources_: 11600
aggressive_elimination: False
factor: 3
----------
iter: 0
n_candidates: 50
n_resources: 6
Fitting 1 folds for each of 50 candidates, totalling 50 fits
----------
iter: 1
n_candidates: 17
n_resources: 18
Fitting 1 folds for each of 17 candidates, totalling 17 fits
----------
iter: 2
n_candidates: 6
n_resources: 54
Fitting 1 folds for each of 6 candidates, totalling 6 fits
----------
iter: 3
n_candidates: 2
n_resources: 162
Fitting 1 folds for each of 2 candidates, totalling 2 fits
      -> [LinearSVC + Jittering Set 6] Acc: 0.8983, F1: 0.8939, Time: 0.07s
n_iterations: 4
n_required_iterations: 4
n_possible_iterations: 7
min_resources_: 6
max_resources_: 11600
aggressive_elimination: False
factor: 3
----------
iter: 0
n_candidates: 50
n_resources: 6
Fitting 1 folds for each of 50 candidates, totalling 50 fits
----------
iter: 1
n_candidates: 17
n_resources: 18
Fitting 1 folds for each of 17 candidates, totalling 17 fits
----------
iter: 2
n_candidates: 6
n_resources: 54
Fitting 1 folds for each of 6 candidates, totalling 6 fits
----------
iter: 3
n_candidates: 2
n_resources: 162
Fitting 1 folds for each of 2 candidates, totalling 2 fits
      -> [LogisticRegression + Jittering Set 6] Acc: 0.9600, F1: 0.9600, Time: 0.04s
      [!] Failed evaluation with RNN on Jittering Set 6: name 'os' is not defined
    [=== Generating 3x synthetic data with Jittering (Set 7, Params: {'sigma': 0.03}) ===]
n_iterations: 4
n_required_iterations: 4
n_possible_iterations: 7
min_resources_: 6
max_resources_: 11600
aggressive_elimination: False
factor: 3
----------
iter: 0
n_candidates: 50
n_resources: 6
Fitting 1 folds for each of 50 candidates, totalling 50 fits
----------
iter: 1
n_candidates: 17
n_resources: 18
Fitting 1 folds for each of 17 candidates, totalling 17 fits
----------
iter: 2
n_candidates: 6
n_resources: 54
Fitting 1 folds for each of 6 candidates, totalling 6 fits
----------
iter: 3
n_candidates: 2
n_resources: 162
Fitting 1 folds for each of 2 candidates, totalling 2 fits
      -> [KNN + Jittering Set 7] Acc: 0.9667, F1: 0.9669, Time: 0.04s
n_iterations: 4
n_required_iterations: 4
n_possible_iterations: 7
min_resources_: 6
max_resources_: 11600
aggressive_elimination: False
factor: 3
----------
iter: 0
n_candidates: 50
n_resources: 6
Fitting 1 folds for each of 50 candidates, totalling 50 fits
----------
iter: 1
n_candidates: 17
n_resources: 18
Fitting 1 folds for each of 17 candidates, totalling 17 fits
----------
iter: 2
n_candidates: 6
n_resources: 54
Fitting 1 folds for each of 6 candidates, totalling 6 fits
----------
iter: 3
n_candidates: 2
n_resources: 162
Fitting 1 folds for each of 2 candidates, totalling 2 fits
      -> [RandomForest + Jittering Set 7] Acc: 0.9383, F1: 0.9378, Time: 0.59s
n_iterations: 4
n_required_iterations: 4
n_possible_iterations: 7
min_resources_: 6
max_resources_: 11600
aggressive_elimination: False
factor: 3
----------
iter: 0
n_candidates: 50
n_resources: 6
Fitting 1 folds for each of 50 candidates, totalling 50 fits
----------
iter: 1
n_candidates: 17
n_resources: 18
Fitting 1 folds for each of 17 candidates, totalling 17 fits
----------
iter: 2
n_candidates: 6
n_resources: 54
Fitting 1 folds for each of 6 candidates, totalling 6 fits
----------
iter: 3
n_candidates: 2
n_resources: 162
Fitting 1 folds for each of 2 candidates, totalling 2 fits
      -> [LinearSVC + Jittering Set 7] Acc: 0.8383, F1: 0.8374, Time: 0.02s
n_iterations: 4
n_required_iterations: 4
n_possible_iterations: 7
min_resources_: 6
max_resources_: 11600
aggressive_elimination: False
factor: 3
----------
iter: 0
n_candidates: 50
n_resources: 6
Fitting 1 folds for each of 50 candidates, totalling 50 fits
----------
iter: 1
n_candidates: 17
n_resources: 18
Fitting 1 folds for each of 17 candidates, totalling 17 fits
----------
iter: 2
n_candidates: 6
n_resources: 54
Fitting 1 folds for each of 6 candidates, totalling 6 fits
----------
iter: 3
n_candidates: 2
n_resources: 162
Fitting 1 folds for each of 2 candidates, totalling 2 fits
      -> [LogisticRegression + Jittering Set 7] Acc: 0.9450, F1: 0.9454, Time: 0.22s
      [!] Failed evaluation with RNN on Jittering Set 7: name 'os' is not defined
    [=== Generating 3x synthetic data with Jittering (Set 8, Params: {'sigma': 0.05}) ===]
n_iterations: 4
n_required_iterations: 4
n_possible_iterations: 7
min_resources_: 6
max_resources_: 11600
aggressive_elimination: False
factor: 3
----------
iter: 0
n_candidates: 50
n_resources: 6
Fitting 1 folds for each of 50 candidates, totalling 50 fits
----------
iter: 1
n_candidates: 17
n_resources: 18
Fitting 1 folds for each of 17 candidates, totalling 17 fits
----------
iter: 2
n_candidates: 6
n_resources: 54
Fitting 1 folds for each of 6 candidates, totalling 6 fits
----------
iter: 3
n_candidates: 2
n_resources: 162
Fitting 1 folds for each of 2 candidates, totalling 2 fits
      -> [KNN + Jittering Set 8] Acc: 0.9617, F1: 0.9619, Time: 0.04s
n_iterations: 4
n_required_iterations: 4
n_possible_iterations: 7
min_resources_: 6
max_resources_: 11600
aggressive_elimination: False
factor: 3
----------
iter: 0
n_candidates: 50
n_resources: 6
Fitting 1 folds for each of 50 candidates, totalling 50 fits
----------
iter: 1
n_candidates: 17
n_resources: 18
Fitting 1 folds for each of 17 candidates, totalling 17 fits
----------
iter: 2
n_candidates: 6
n_resources: 54
Fitting 1 folds for each of 6 candidates, totalling 6 fits
----------
iter: 3
n_candidates: 2
n_resources: 162
Fitting 1 folds for each of 2 candidates, totalling 2 fits
      -> [RandomForest + Jittering Set 8] Acc: 0.9333, F1: 0.9328, Time: 1.78s
n_iterations: 4
n_required_iterations: 4
n_possible_iterations: 7
min_resources_: 6
max_resources_: 11600
aggressive_elimination: False
factor: 3
----------
iter: 0
n_candidates: 50
n_resources: 6
Fitting 1 folds for each of 50 candidates, totalling 50 fits
----------
iter: 1
n_candidates: 17
n_resources: 18
Fitting 1 folds for each of 17 candidates, totalling 17 fits
----------
iter: 2
n_candidates: 6
n_resources: 54
Fitting 1 folds for each of 6 candidates, totalling 6 fits
----------
iter: 3
n_candidates: 2
n_resources: 162
Fitting 1 folds for each of 2 candidates, totalling 2 fits
      -> [LinearSVC + Jittering Set 8] Acc: 0.8567, F1: 0.8541, Time: 0.03s
n_iterations: 4
n_required_iterations: 4
n_possible_iterations: 7
min_resources_: 6
max_resources_: 11600
aggressive_elimination: False
factor: 3
----------
iter: 0
n_candidates: 50
n_resources: 6
Fitting 1 folds for each of 50 candidates, totalling 50 fits
----------
iter: 1
n_candidates: 17
n_resources: 18
Fitting 1 folds for each of 17 candidates, totalling 17 fits
----------
iter: 2
n_candidates: 6
n_resources: 54
Fitting 1 folds for each of 6 candidates, totalling 6 fits
----------
iter: 3
n_candidates: 2
n_resources: 162
Fitting 1 folds for each of 2 candidates, totalling 2 fits
      -> [LogisticRegression + Jittering Set 8] Acc: 0.9433, F1: 0.9438, Time: 0.31s
      [!] Failed evaluation with RNN on Jittering Set 8: name 'os' is not defined
    [=== Generating 3x synthetic data with Jittering (Set 9, Params: {'sigma': 0.05}) ===]
n_iterations: 4
n_required_iterations: 4
n_possible_iterations: 7
min_resources_: 6
max_resources_: 11600
aggressive_elimination: False
factor: 3
----------
iter: 0
n_candidates: 50
n_resources: 6
Fitting 1 folds for each of 50 candidates, totalling 50 fits
----------
iter: 1
n_candidates: 17
n_resources: 18
Fitting 1 folds for each of 17 candidates, totalling 17 fits
----------
iter: 2
n_candidates: 6
n_resources: 54
Fitting 1 folds for each of 6 candidates, totalling 6 fits
----------
iter: 3
n_candidates: 2
n_resources: 162
Fitting 1 folds for each of 2 candidates, totalling 2 fits
      -> [KNN + Jittering Set 9] Acc: 0.9667, F1: 0.9669, Time: 0.04s
n_iterations: 4
n_required_iterations: 4
n_possible_iterations: 7
min_resources_: 6
max_resources_: 11600
aggressive_elimination: False
factor: 3
----------
iter: 0
n_candidates: 50
n_resources: 6
Fitting 1 folds for each of 50 candidates, totalling 50 fits
----------
iter: 1
n_candidates: 17
n_resources: 18
Fitting 1 folds for each of 17 candidates, totalling 17 fits
----------
iter: 2
n_candidates: 6
n_resources: 54
Fitting 1 folds for each of 6 candidates, totalling 6 fits
----------
iter: 3
n_candidates: 2
n_resources: 162
Fitting 1 folds for each of 2 candidates, totalling 2 fits
      -> [RandomForest + Jittering Set 9] Acc: 0.9300, F1: 0.9294, Time: 2.12s
n_iterations: 4
n_required_iterations: 4
n_possible_iterations: 7
min_resources_: 6
max_resources_: 11600
aggressive_elimination: False
factor: 3
----------
iter: 0
n_candidates: 50
n_resources: 6
Fitting 1 folds for each of 50 candidates, totalling 50 fits
----------
iter: 1
n_candidates: 17
n_resources: 18
Fitting 1 folds for each of 17 candidates, totalling 17 fits
----------
iter: 2
n_candidates: 6
n_resources: 54
Fitting 1 folds for each of 6 candidates, totalling 6 fits
----------
iter: 3
n_candidates: 2
n_resources: 162
Fitting 1 folds for each of 2 candidates, totalling 2 fits
      -> [LinearSVC + Jittering Set 9] Acc: 0.9133, F1: 0.9099, Time: 0.07s
n_iterations: 4
n_required_iterations: 4
n_possible_iterations: 7
min_resources_: 6
max_resources_: 11600
aggressive_elimination: False
factor: 3
----------
iter: 0
n_candidates: 50
n_resources: 6
Fitting 1 folds for each of 50 candidates, totalling 50 fits
----------
iter: 1
n_candidates: 17
n_resources: 18
Fitting 1 folds for each of 17 candidates, totalling 17 fits
----------
iter: 2
n_candidates: 6
n_resources: 54
Fitting 1 folds for each of 6 candidates, totalling 6 fits
----------
iter: 3
n_candidates: 2
n_resources: 162
Fitting 1 folds for each of 2 candidates, totalling 2 fits
      -> [LogisticRegression + Jittering Set 9] Acc: 0.9450, F1: 0.9454, Time: 0.32s
      [!] Failed evaluation with RNN on Jittering Set 9: name 'os' is not defined
    [=== Generating 3x synthetic data with Jittering (Set 10, Params: {'sigma': 0.05}) ===]
n_iterations: 4
n_required_iterations: 4
n_possible_iterations: 7
min_resources_: 6
max_resources_: 11600
aggressive_elimination: False
factor: 3
----------
iter: 0
n_candidates: 50
n_resources: 6
Fitting 1 folds for each of 50 candidates, totalling 50 fits
----------
iter: 1
n_candidates: 17
n_resources: 18
Fitting 1 folds for each of 17 candidates, totalling 17 fits
----------
iter: 2
n_candidates: 6
n_resources: 54
Fitting 1 folds for each of 6 candidates, totalling 6 fits
----------
iter: 3
n_candidates: 2
n_resources: 162
Fitting 1 folds for each of 2 candidates, totalling 2 fits
      -> [KNN + Jittering Set 10] Acc: 0.9667, F1: 0.9669, Time: 0.04s
n_iterations: 4
n_required_iterations: 4
n_possible_iterations: 7
min_resources_: 6
max_resources_: 11600
aggressive_elimination: False
factor: 3
----------
iter: 0
n_candidates: 50
n_resources: 6
Fitting 1 folds for each of 50 candidates, totalling 50 fits
----------
iter: 1
n_candidates: 17
n_resources: 18
Fitting 1 folds for each of 17 candidates, totalling 17 fits
----------
iter: 2
n_candidates: 6
n_resources: 54
Fitting 1 folds for each of 6 candidates, totalling 6 fits
----------
iter: 3
n_candidates: 2
n_resources: 162
Fitting 1 folds for each of 2 candidates, totalling 2 fits
      -> [RandomForest + Jittering Set 10] Acc: 0.9333, F1: 0.9328, Time: 2.09s
n_iterations: 4
n_required_iterations: 4
n_possible_iterations: 7
min_resources_: 6
max_resources_: 11600
aggressive_elimination: False
factor: 3
----------
iter: 0
n_candidates: 50
n_resources: 6
Fitting 1 folds for each of 50 candidates, totalling 50 fits
----------
iter: 1
n_candidates: 17
n_resources: 18
Fitting 1 folds for each of 17 candidates, totalling 17 fits
----------
iter: 2
n_candidates: 6
n_resources: 54
Fitting 1 folds for each of 6 candidates, totalling 6 fits
----------
iter: 3
n_candidates: 2
n_resources: 162
Fitting 1 folds for each of 2 candidates, totalling 2 fits
      -> [LinearSVC + Jittering Set 10] Acc: 0.9133, F1: 0.9099, Time: 0.07s
n_iterations: 4
n_required_iterations: 4
n_possible_iterations: 7
min_resources_: 6
max_resources_: 11600
aggressive_elimination: False
factor: 3
----------
iter: 0
n_candidates: 50
n_resources: 6
Fitting 1 folds for each of 50 candidates, totalling 50 fits
----------
iter: 1
n_candidates: 17
n_resources: 18
Fitting 1 folds for each of 17 candidates, totalling 17 fits
----------
iter: 2
n_candidates: 6
n_resources: 54
Fitting 1 folds for each of 6 candidates, totalling 6 fits
----------
iter: 3
n_candidates: 2
n_resources: 162
Fitting 1 folds for each of 2 candidates, totalling 2 fits
      -> [LogisticRegression + Jittering Set 10] Acc: 0.9433, F1: 0.9438, Time: 0.29s
      [!] Failed evaluation with RNN on Jittering Set 10: name 'os' is not defined
    [=== Generating 5x synthetic data with Jittering (Set 1, Params: {'sigma': 0.03}) ===]
n_iterations: 4
n_required_iterations: 4
n_possible_iterations: 8
min_resources_: 6
max_resources_: 17400
aggressive_elimination: False
factor: 3
----------
iter: 0
n_candidates: 50
n_resources: 6
Fitting 1 folds for each of 50 candidates, totalling 50 fits
      -> [KNN + Jittering Set 1] Acc: 0.9650, F1: 0.9652, Time: 0.04s
n_iterations: 4
n_required_iterations: 4
n_possible_iterations: 8
min_resources_: 6
max_resources_: 17400
aggressive_elimination: False
factor: 3
----------
iter: 0
n_candidates: 50
n_resources: 6
Fitting 1 folds for each of 50 candidates, totalling 50 fits
      -> [RandomForest + Jittering Set 1] Acc: 0.9367, F1: 0.9361, Time: 2.31s
n_iterations: 4
n_required_iterations: 4
n_possible_iterations: 8
min_resources_: 6
max_resources_: 17400
aggressive_elimination: False
factor: 3
----------
iter: 0
n_candidates: 50
n_resources: 6
Fitting 1 folds for each of 50 candidates, totalling 50 fits
      -> [LinearSVC + Jittering Set 1] Acc: 0.8533, F1: 0.8523, Time: 0.05s
n_iterations: 4
n_required_iterations: 4
n_possible_iterations: 8
min_resources_: 6
max_resources_: 17400
aggressive_elimination: False
factor: 3
----------
iter: 0
n_candidates: 50
n_resources: 6
Fitting 1 folds for each of 50 candidates, totalling 50 fits
      -> [LogisticRegression + Jittering Set 1] Acc: 0.9433, F1: 0.9438, Time: 0.62s
      [!] Failed evaluation with RNN on Jittering Set 1: name 'os' is not defined
    [=== Generating 5x synthetic data with Jittering (Set 2, Params: {'sigma': 0.1}) ===]
n_iterations: 4
n_required_iterations: 4
n_possible_iterations: 8
min_resources_: 6
max_resources_: 17400
aggressive_elimination: False
factor: 3
----------
iter: 0
n_candidates: 50
n_resources: 6
Fitting 1 folds for each of 50 candidates, totalling 50 fits
      -> [KNN + Jittering Set 2] Acc: 0.9517, F1: 0.9520, Time: 0.10s
n_iterations: 4
n_required_iterations: 4
n_possible_iterations: 8
min_resources_: 6
max_resources_: 17400
aggressive_elimination: False
factor: 3
----------
iter: 0
n_candidates: 50
n_resources: 6
Fitting 1 folds for each of 50 candidates, totalling 50 fits
      -> [RandomForest + Jittering Set 2] Acc: 0.9300, F1: 0.9297, Time: 2.69s
n_iterations: 4
n_required_iterations: 4
n_possible_iterations: 8
min_resources_: 6
max_resources_: 17400
aggressive_elimination: False
factor: 3
----------
iter: 0
n_candidates: 50
n_resources: 6
Fitting 1 folds for each of 50 candidates, totalling 50 fits
      -> [LinearSVC + Jittering Set 2] Acc: 0.9500, F1: 0.9492, Time: 0.05s
n_iterations: 4
n_required_iterations: 4
n_possible_iterations: 8
min_resources_: 6
max_resources_: 17400
aggressive_elimination: False
factor: 3
----------
iter: 0
n_candidates: 50
n_resources: 6
Fitting 1 folds for each of 50 candidates, totalling 50 fits
      -> [LogisticRegression + Jittering Set 2] Acc: 0.9617, F1: 0.9619, Time: 0.46s
      [!] Failed evaluation with RNN on Jittering Set 2: name 'os' is not defined
    [=== Generating 5x synthetic data with Jittering (Set 3, Params: {'sigma': 0.15}) ===]
n_iterations: 4
n_required_iterations: 4
n_possible_iterations: 8
min_resources_: 6
max_resources_: 17400
aggressive_elimination: False
factor: 3
----------
iter: 0
n_candidates: 50
n_resources: 6
Fitting 1 folds for each of 50 candidates, totalling 50 fits
      -> [KNN + Jittering Set 3] Acc: 0.9550, F1: 0.9553, Time: 0.10s
n_iterations: 4
n_required_iterations: 4
n_possible_iterations: 8
min_resources_: 6
max_resources_: 17400
aggressive_elimination: False
factor: 3
----------
iter: 0
n_candidates: 50
n_resources: 6
Fitting 1 folds for each of 50 candidates, totalling 50 fits
      -> [RandomForest + Jittering Set 3] Acc: 0.9350, F1: 0.9346, Time: 3.07s
n_iterations: 4
n_required_iterations: 4
n_possible_iterations: 8
min_resources_: 6
max_resources_: 17400
aggressive_elimination: False
factor: 3
----------
iter: 0
n_candidates: 50
n_resources: 6
Fitting 1 folds for each of 50 candidates, totalling 50 fits
      -> [LinearSVC + Jittering Set 3] Acc: 0.8650, F1: 0.8559, Time: 0.04s
n_iterations: 4
n_required_iterations: 4
n_possible_iterations: 8
min_resources_: 6
max_resources_: 17400
aggressive_elimination: False
factor: 3
----------
iter: 0
n_candidates: 50
n_resources: 6
Fitting 1 folds for each of 50 candidates, totalling 50 fits
      -> [LogisticRegression + Jittering Set 3] Acc: 0.9600, F1: 0.9599, Time: 0.30s
      [!] Failed evaluation with RNN on Jittering Set 3: name 'os' is not defined
    [=== Generating 5x synthetic data with Jittering (Set 4, Params: {'sigma': 0.05}) ===]
n_iterations: 4
n_required_iterations: 4
n_possible_iterations: 8
min_resources_: 6
max_resources_: 17400
aggressive_elimination: False
factor: 3
----------
iter: 0
n_candidates: 50
n_resources: 6
Fitting 1 folds for each of 50 candidates, totalling 50 fits
      -> [KNN + Jittering Set 4] Acc: 0.9600, F1: 0.9603, Time: 0.09s
n_iterations: 4
n_required_iterations: 4
n_possible_iterations: 8
min_resources_: 6
max_resources_: 17400
aggressive_elimination: False
factor: 3
----------
iter: 0
n_candidates: 50
n_resources: 6
Fitting 1 folds for each of 50 candidates, totalling 50 fits
      -> [RandomForest + Jittering Set 4] Acc: 0.9217, F1: 0.9209, Time: 2.35s
n_iterations: 4
n_required_iterations: 4
n_possible_iterations: 8
min_resources_: 6
max_resources_: 17400
aggressive_elimination: False
factor: 3
----------
iter: 0
n_candidates: 50
n_resources: 6
Fitting 1 folds for each of 50 candidates, totalling 50 fits
      -> [LinearSVC + Jittering Set 4] Acc: 0.8883, F1: 0.8870, Time: 0.05s
n_iterations: 4
n_required_iterations: 4
n_possible_iterations: 8
min_resources_: 6
max_resources_: 17400
aggressive_elimination: False
factor: 3
----------
iter: 0
n_candidates: 50
n_resources: 6
Fitting 1 folds for each of 50 candidates, totalling 50 fits
      -> [LogisticRegression + Jittering Set 4] Acc: 0.9467, F1: 0.9471, Time: 0.48s
      [!] Failed evaluation with RNN on Jittering Set 4: name 'os' is not defined
    [=== Generating 5x synthetic data with Jittering (Set 5, Params: {'sigma': 0.15}) ===]
n_iterations: 4
n_required_iterations: 4
n_possible_iterations: 8
min_resources_: 6
max_resources_: 17400
aggressive_elimination: False
factor: 3
----------
iter: 0
n_candidates: 50
n_resources: 6
Fitting 1 folds for each of 50 candidates, totalling 50 fits
      -> [KNN + Jittering Set 5] Acc: 0.9400, F1: 0.9405, Time: 0.09s
n_iterations: 4
n_required_iterations: 4
n_possible_iterations: 8
min_resources_: 6
max_resources_: 17400
aggressive_elimination: False
factor: 3
----------
iter: 0
n_candidates: 50
n_resources: 6
Fitting 1 folds for each of 50 candidates, totalling 50 fits
      -> [RandomForest + Jittering Set 5] Acc: 0.9383, F1: 0.9379, Time: 2.94s
n_iterations: 4
n_required_iterations: 4
n_possible_iterations: 8
min_resources_: 6
max_resources_: 17400
aggressive_elimination: False
factor: 3
----------
iter: 0
n_candidates: 50
n_resources: 6
Fitting 1 folds for each of 50 candidates, totalling 50 fits
      -> [LinearSVC + Jittering Set 5] Acc: 0.8883, F1: 0.8827, Time: 0.04s
n_iterations: 4
n_required_iterations: 4
n_possible_iterations: 8
min_resources_: 6
max_resources_: 17400
aggressive_elimination: False
factor: 3
----------
iter: 0
n_candidates: 50
n_resources: 6
Fitting 1 folds for each of 50 candidates, totalling 50 fits
      -> [LogisticRegression + Jittering Set 5] Acc: 0.9733, F1: 0.9732, Time: 0.20s
      [!] Failed evaluation with RNN on Jittering Set 5: name 'os' is not defined
    [=== Generating 5x synthetic data with Jittering (Set 6, Params: {'sigma': 0.15}) ===]
n_iterations: 4
n_required_iterations: 4
n_possible_iterations: 8
min_resources_: 6
max_resources_: 17400
aggressive_elimination: False
factor: 3
----------
iter: 0
n_candidates: 50
n_resources: 6
Fitting 1 folds for each of 50 candidates, totalling 50 fits
      -> [KNN + Jittering Set 6] Acc: 0.9533, F1: 0.9537, Time: 0.10s
n_iterations: 4
n_required_iterations: 4
n_possible_iterations: 8
min_resources_: 6
max_resources_: 17400
aggressive_elimination: False
factor: 3
----------
iter: 0
n_candidates: 50
n_resources: 6
Fitting 1 folds for each of 50 candidates, totalling 50 fits
      -> [RandomForest + Jittering Set 6] Acc: 0.9617, F1: 0.9614, Time: 2.90s
n_iterations: 4
n_required_iterations: 4
n_possible_iterations: 8
min_resources_: 6
max_resources_: 17400
aggressive_elimination: False
factor: 3
----------
iter: 0
n_candidates: 50
n_resources: 6
Fitting 1 folds for each of 50 candidates, totalling 50 fits
      -> [LinearSVC + Jittering Set 6] Acc: 0.8500, F1: 0.8380, Time: 0.04s
n_iterations: 4
n_required_iterations: 4
n_possible_iterations: 8
min_resources_: 6
max_resources_: 17400
aggressive_elimination: False
factor: 3
----------
iter: 0
n_candidates: 50
n_resources: 6
Fitting 1 folds for each of 50 candidates, totalling 50 fits
      -> [LogisticRegression + Jittering Set 6] Acc: 0.9550, F1: 0.9549, Time: 0.16s
      [!] Failed evaluation with RNN on Jittering Set 6: name 'os' is not defined
    [=== Generating 5x synthetic data with Jittering (Set 7, Params: {'sigma': 0.03}) ===]
n_iterations: 4
n_required_iterations: 4
n_possible_iterations: 8
min_resources_: 6
max_resources_: 17400
aggressive_elimination: False
factor: 3
----------
iter: 0
n_candidates: 50
n_resources: 6
Fitting 1 folds for each of 50 candidates, totalling 50 fits
      -> [KNN + Jittering Set 7] Acc: 0.9600, F1: 0.9603, Time: 0.05s
n_iterations: 4
n_required_iterations: 4
n_possible_iterations: 8
min_resources_: 6
max_resources_: 17400
aggressive_elimination: False
factor: 3
----------
iter: 0
n_candidates: 50
n_resources: 6
Fitting 1 folds for each of 50 candidates, totalling 50 fits
      -> [RandomForest + Jittering Set 7] Acc: 0.9367, F1: 0.9361, Time: 2.39s
n_iterations: 4
n_required_iterations: 4
n_possible_iterations: 8
min_resources_: 6
max_resources_: 17400
aggressive_elimination: False
factor: 3
----------
iter: 0
n_candidates: 50
n_resources: 6
Fitting 1 folds for each of 50 candidates, totalling 50 fits
      -> [LinearSVC + Jittering Set 7] Acc: 0.8483, F1: 0.8470, Time: 0.06s
n_iterations: 4
n_required_iterations: 4
n_possible_iterations: 8
min_resources_: 6
max_resources_: 17400
aggressive_elimination: False
factor: 3
----------
iter: 0
n_candidates: 50
n_resources: 6
Fitting 1 folds for each of 50 candidates, totalling 50 fits
      -> [LogisticRegression + Jittering Set 7] Acc: 0.9450, F1: 0.9454, Time: 0.66s
      [!] Failed evaluation with RNN on Jittering Set 7: name 'os' is not defined
    [=== Generating 5x synthetic data with Jittering (Set 8, Params: {'sigma': 0.05}) ===]
n_iterations: 4
n_required_iterations: 4
n_possible_iterations: 8
min_resources_: 6
max_resources_: 17400
aggressive_elimination: False
factor: 3
----------
iter: 0
n_candidates: 50
n_resources: 6
Fitting 1 folds for each of 50 candidates, totalling 50 fits
      -> [KNN + Jittering Set 8] Acc: 0.9550, F1: 0.9553, Time: 0.10s
n_iterations: 4
n_required_iterations: 4
n_possible_iterations: 8
min_resources_: 6
max_resources_: 17400
aggressive_elimination: False
factor: 3
----------
iter: 0
n_candidates: 50
n_resources: 6
Fitting 1 folds for each of 50 candidates, totalling 50 fits
      -> [RandomForest + Jittering Set 8] Acc: 0.9350, F1: 0.9345, Time: 2.62s
n_iterations: 4
n_required_iterations: 4
n_possible_iterations: 8
min_resources_: 6
max_resources_: 17400
aggressive_elimination: False
factor: 3
----------
iter: 0
n_candidates: 50
n_resources: 6
Fitting 1 folds for each of 50 candidates, totalling 50 fits
      -> [LinearSVC + Jittering Set 8] Acc: 0.8900, F1: 0.8887, Time: 0.07s
n_iterations: 4
n_required_iterations: 4
n_possible_iterations: 8
min_resources_: 6
max_resources_: 17400
aggressive_elimination: False
factor: 3
----------
iter: 0
n_candidates: 50
n_resources: 6
Fitting 1 folds for each of 50 candidates, totalling 50 fits
      -> [LogisticRegression + Jittering Set 8] Acc: 0.9417, F1: 0.9421, Time: 0.56s
      [!] Failed evaluation with RNN on Jittering Set 8: name 'os' is not defined
    [=== Generating 5x synthetic data with Jittering (Set 9, Params: {'sigma': 0.05}) ===]
n_iterations: 4
n_required_iterations: 4
n_possible_iterations: 8
min_resources_: 6
max_resources_: 17400
aggressive_elimination: False
factor: 3
----------
iter: 0
n_candidates: 50
n_resources: 6
Fitting 1 folds for each of 50 candidates, totalling 50 fits
      -> [KNN + Jittering Set 9] Acc: 0.9633, F1: 0.9636, Time: 0.05s
n_iterations: 4
n_required_iterations: 4
n_possible_iterations: 8
min_resources_: 6
max_resources_: 17400
aggressive_elimination: False
factor: 3
----------
iter: 0
n_candidates: 50
n_resources: 6
Fitting 1 folds for each of 50 candidates, totalling 50 fits
      -> [RandomForest + Jittering Set 9] Acc: 0.9367, F1: 0.9361, Time: 2.49s
n_iterations: 4
n_required_iterations: 4
n_possible_iterations: 8
min_resources_: 6
max_resources_: 17400
aggressive_elimination: False
factor: 3
----------
iter: 0
n_candidates: 50
n_resources: 6
Fitting 1 folds for each of 50 candidates, totalling 50 fits
      -> [LinearSVC + Jittering Set 9] Acc: 0.8717, F1: 0.8697, Time: 0.06s
n_iterations: 4
n_required_iterations: 4
n_possible_iterations: 8
min_resources_: 6
max_resources_: 17400
aggressive_elimination: False
factor: 3
----------
iter: 0
n_candidates: 50
n_resources: 6
Fitting 1 folds for each of 50 candidates, totalling 50 fits
      -> [LogisticRegression + Jittering Set 9] Acc: 0.9450, F1: 0.9454, Time: 0.40s
      [!] Failed evaluation with RNN on Jittering Set 9: name 'os' is not defined
    [=== Generating 5x synthetic data with Jittering (Set 10, Params: {'sigma': 0.05}) ===]
n_iterations: 4
n_required_iterations: 4
n_possible_iterations: 8
min_resources_: 6
max_resources_: 17400
aggressive_elimination: False
factor: 3
----------
iter: 0
n_candidates: 50
n_resources: 6
Fitting 1 folds for each of 50 candidates, totalling 50 fits
      -> [KNN + Jittering Set 10] Acc: 0.9617, F1: 0.9619, Time: 0.05s
n_iterations: 4
n_required_iterations: 4
n_possible_iterations: 8
min_resources_: 6
max_resources_: 17400
aggressive_elimination: False
factor: 3
----------
iter: 0
n_candidates: 50
n_resources: 6
Fitting 1 folds for each of 50 candidates, totalling 50 fits
      -> [RandomForest + Jittering Set 10] Acc: 0.9350, F1: 0.9345, Time: 2.97s
n_iterations: 4
n_required_iterations: 4
n_possible_iterations: 8
min_resources_: 6
max_resources_: 17400
aggressive_elimination: False
factor: 3
----------
iter: 0
n_candidates: 50
n_resources: 6
Fitting 1 folds for each of 50 candidates, totalling 50 fits
      -> [LinearSVC + Jittering Set 10] Acc: 0.8850, F1: 0.8835, Time: 0.05s
n_iterations: 4
n_required_iterations: 4
n_possible_iterations: 8
min_resources_: 6
max_resources_: 17400
aggressive_elimination: False
factor: 3
----------
iter: 0
n_candidates: 50
n_resources: 6
Fitting 1 folds for each of 50 candidates, totalling 50 fits
      -> [LogisticRegression + Jittering Set 10] Acc: 0.9417, F1: 0.9421, Time: 0.86s
      [!] Failed evaluation with RNN on Jittering Set 10: name 'os' is not defined
    [=== Generating 10x synthetic data with Jittering (Set 1, Params: {'sigma': 0.03}) ===]
n_iterations: 4
n_required_iterations: 4
n_possible_iterations: 8
min_resources_: 6
max_resources_: 31900
aggressive_elimination: False
factor: 3
----------
iter: 0
n_candidates: 50
n_resources: 6
Fitting 1 folds for each of 50 candidates, totalling 50 fits
      -> [KNN + Jittering Set 1] Acc: 0.9617, F1: 0.9619, Time: 0.07s
n_iterations: 4
n_required_iterations: 4
n_possible_iterations: 8
min_resources_: 6
max_resources_: 31900
aggressive_elimination: False
factor: 3
----------
iter: 0
n_candidates: 50
n_resources: 6
Fitting 1 folds for each of 50 candidates, totalling 50 fits
      -> [RandomForest + Jittering Set 1] Acc: 0.9250, F1: 0.9243, Time: 5.37s
n_iterations: 4
n_required_iterations: 4
n_possible_iterations: 8
min_resources_: 6
max_resources_: 31900
aggressive_elimination: False
factor: 3
----------
iter: 0
n_candidates: 50
n_resources: 6
Fitting 1 folds for each of 50 candidates, totalling 50 fits
      -> [LinearSVC + Jittering Set 1] Acc: 0.8533, F1: 0.8527, Time: 0.11s
n_iterations: 4
n_required_iterations: 4
n_possible_iterations: 8
min_resources_: 6
max_resources_: 31900
aggressive_elimination: False
factor: 3
----------
iter: 0
n_candidates: 50
n_resources: 6
Fitting 1 folds for each of 50 candidates, totalling 50 fits
      -> [LogisticRegression + Jittering Set 1] Acc: 0.9433, F1: 0.9438, Time: 1.16s
      [!] Failed evaluation with RNN on Jittering Set 1: name 'os' is not defined
    [=== Generating 10x synthetic data with Jittering (Set 2, Params: {'sigma': 0.1}) ===]
n_iterations: 4
n_required_iterations: 4
n_possible_iterations: 8
min_resources_: 6
max_resources_: 31900
aggressive_elimination: False
factor: 3
----------
iter: 0
n_candidates: 50
n_resources: 6
Fitting 1 folds for each of 50 candidates, totalling 50 fits
      -> [KNN + Jittering Set 2] Acc: 0.9483, F1: 0.9487, Time: 0.08s
n_iterations: 4
n_required_iterations: 4
n_possible_iterations: 8
min_resources_: 6
max_resources_: 31900
aggressive_elimination: False
factor: 3
----------
iter: 0
n_candidates: 50
n_resources: 6
Fitting 1 folds for each of 50 candidates, totalling 50 fits
      -> [RandomForest + Jittering Set 2] Acc: 0.9467, F1: 0.9462, Time: 6.20s
n_iterations: 4
n_required_iterations: 4
n_possible_iterations: 8
min_resources_: 6
max_resources_: 31900
aggressive_elimination: False
factor: 3
----------
iter: 0
n_candidates: 50
n_resources: 6
Fitting 1 folds for each of 50 candidates, totalling 50 fits
      -> [LinearSVC + Jittering Set 2] Acc: 0.9500, F1: 0.9492, Time: 0.10s
n_iterations: 4
n_required_iterations: 4
n_possible_iterations: 8
min_resources_: 6
max_resources_: 31900
aggressive_elimination: False
factor: 3
----------
iter: 0
n_candidates: 50
n_resources: 6
Fitting 1 folds for each of 50 candidates, totalling 50 fits
      -> [LogisticRegression + Jittering Set 2] Acc: 0.9633, F1: 0.9635, Time: 0.60s
      [!] Failed evaluation with RNN on Jittering Set 2: name 'os' is not defined
    [=== Generating 10x synthetic data with Jittering (Set 3, Params: {'sigma': 0.15}) ===]
n_iterations: 4
n_required_iterations: 4
n_possible_iterations: 8
min_resources_: 6
max_resources_: 31900
aggressive_elimination: False
factor: 3
----------
iter: 0
n_candidates: 50
n_resources: 6
Fitting 1 folds for each of 50 candidates, totalling 50 fits
      -> [KNN + Jittering Set 3] Acc: 0.9283, F1: 0.9288, Time: 0.11s
n_iterations: 4
n_required_iterations: 4
n_possible_iterations: 8
min_resources_: 6
max_resources_: 31900
aggressive_elimination: False
factor: 3
----------
iter: 0
n_candidates: 50
n_resources: 6
Fitting 1 folds for each of 50 candidates, totalling 50 fits
      -> [RandomForest + Jittering Set 3] Acc: 0.9417, F1: 0.9412, Time: 6.68s
n_iterations: 4
n_required_iterations: 4
n_possible_iterations: 8
min_resources_: 6
max_resources_: 31900
aggressive_elimination: False
factor: 3
----------
iter: 0
n_candidates: 50
n_resources: 6
Fitting 1 folds for each of 50 candidates, totalling 50 fits
      -> [LinearSVC + Jittering Set 3] Acc: 0.8117, F1: 0.7895, Time: 0.07s
n_iterations: 4
n_required_iterations: 4
n_possible_iterations: 8
min_resources_: 6
max_resources_: 31900
aggressive_elimination: False
factor: 3
----------
iter: 0
n_candidates: 50
n_resources: 6
Fitting 1 folds for each of 50 candidates, totalling 50 fits
      -> [LogisticRegression + Jittering Set 3] Acc: 0.9583, F1: 0.9580, Time: 0.17s
      [!] Failed evaluation with RNN on Jittering Set 3: name 'os' is not defined
    [=== Generating 10x synthetic data with Jittering (Set 4, Params: {'sigma': 0.05}) ===]
n_iterations: 4
n_required_iterations: 4
n_possible_iterations: 8
min_resources_: 6
max_resources_: 31900
aggressive_elimination: False
factor: 3
----------
iter: 0
n_candidates: 50
n_resources: 6
Fitting 1 folds for each of 50 candidates, totalling 50 fits
      -> [KNN + Jittering Set 4] Acc: 0.9650, F1: 0.9652, Time: 0.07s
n_iterations: 4
n_required_iterations: 4
n_possible_iterations: 8
min_resources_: 6
max_resources_: 31900
aggressive_elimination: False
factor: 3
----------
iter: 0
n_candidates: 50
n_resources: 6
Fitting 1 folds for each of 50 candidates, totalling 50 fits
      -> [RandomForest + Jittering Set 4] Acc: 0.9267, F1: 0.9262, Time: 4.70s
n_iterations: 4
n_required_iterations: 4
n_possible_iterations: 8
min_resources_: 6
max_resources_: 31900
aggressive_elimination: False
factor: 3
----------
iter: 0
n_candidates: 50
n_resources: 6
Fitting 1 folds for each of 50 candidates, totalling 50 fits
      -> [LinearSVC + Jittering Set 4] Acc: 0.8783, F1: 0.8760, Time: 0.08s
n_iterations: 4
n_required_iterations: 4
n_possible_iterations: 8
min_resources_: 6
max_resources_: 31900
aggressive_elimination: False
factor: 3
----------
iter: 0
n_candidates: 50
n_resources: 6
Fitting 1 folds for each of 50 candidates, totalling 50 fits
      -> [LogisticRegression + Jittering Set 4] Acc: 0.9417, F1: 0.9421, Time: 0.29s
      [!] Failed evaluation with RNN on Jittering Set 4: name 'os' is not defined
    [=== Generating 10x synthetic data with Jittering (Set 5, Params: {'sigma': 0.15}) ===]
n_iterations: 4
n_required_iterations: 4
n_possible_iterations: 8
min_resources_: 6
max_resources_: 31900
aggressive_elimination: False
factor: 3
----------
iter: 0
n_candidates: 50
n_resources: 6
Fitting 1 folds for each of 50 candidates, totalling 50 fits
      -> [KNN + Jittering Set 5] Acc: 0.9200, F1: 0.9206, Time: 0.08s
n_iterations: 4
n_required_iterations: 4
n_possible_iterations: 8
min_resources_: 6
max_resources_: 31900
aggressive_elimination: False
factor: 3
----------
iter: 0
n_candidates: 50
n_resources: 6
Fitting 1 folds for each of 50 candidates, totalling 50 fits
      -> [RandomForest + Jittering Set 5] Acc: 0.9600, F1: 0.9599, Time: 6.13s
n_iterations: 4
n_required_iterations: 4
n_possible_iterations: 8
min_resources_: 6
max_resources_: 31900
aggressive_elimination: False
factor: 3
----------
iter: 0
n_candidates: 50
n_resources: 6
Fitting 1 folds for each of 50 candidates, totalling 50 fits
      -> [LinearSVC + Jittering Set 5] Acc: 0.8567, F1: 0.8460, Time: 0.09s
n_iterations: 4
n_required_iterations: 4
n_possible_iterations: 8
min_resources_: 6
max_resources_: 31900
aggressive_elimination: False
factor: 3
----------
iter: 0
n_candidates: 50
n_resources: 6
Fitting 1 folds for each of 50 candidates, totalling 50 fits
      -> [LogisticRegression + Jittering Set 5] Acc: 0.9533, F1: 0.9532, Time: 0.40s
      [!] Failed evaluation with RNN on Jittering Set 5: name 'os' is not defined
    [=== Generating 10x synthetic data with Jittering (Set 6, Params: {'sigma': 0.15}) ===]
n_iterations: 4
n_required_iterations: 4
n_possible_iterations: 8
min_resources_: 6
max_resources_: 31900
aggressive_elimination: False
factor: 3
----------
iter: 0
n_candidates: 50
n_resources: 6
Fitting 1 folds for each of 50 candidates, totalling 50 fits
      -> [KNN + Jittering Set 6] Acc: 0.9550, F1: 0.9552, Time: 0.08s
n_iterations: 4
n_required_iterations: 4
n_possible_iterations: 8
min_resources_: 6
max_resources_: 31900
aggressive_elimination: False
factor: 3
----------
iter: 0
n_candidates: 50
n_resources: 6
Fitting 1 folds for each of 50 candidates, totalling 50 fits
      -> [RandomForest + Jittering Set 6] Acc: 0.9567, F1: 0.9564, Time: 6.88s
n_iterations: 4
n_required_iterations: 4
n_possible_iterations: 8
min_resources_: 6
max_resources_: 31900
aggressive_elimination: False
factor: 3
----------
iter: 0
n_candidates: 50
n_resources: 6
Fitting 1 folds for each of 50 candidates, totalling 50 fits
      -> [LinearSVC + Jittering Set 6] Acc: 0.7783, F1: 0.7432, Time: 0.09s
n_iterations: 4
n_required_iterations: 4
n_possible_iterations: 8
min_resources_: 6
max_resources_: 31900
aggressive_elimination: False
factor: 3
----------
iter: 0
n_candidates: 50
n_resources: 6
Fitting 1 folds for each of 50 candidates, totalling 50 fits
      -> [LogisticRegression + Jittering Set 6] Acc: 0.9683, F1: 0.9681, Time: 0.32s
      [!] Failed evaluation with RNN on Jittering Set 6: name 'os' is not defined
    [=== Generating 10x synthetic data with Jittering (Set 7, Params: {'sigma': 0.03}) ===]
n_iterations: 4
n_required_iterations: 4
n_possible_iterations: 8
min_resources_: 6
max_resources_: 31900
aggressive_elimination: False
factor: 3
----------
iter: 0
n_candidates: 50
n_resources: 6
Fitting 1 folds for each of 50 candidates, totalling 50 fits
      -> [KNN + Jittering Set 7] Acc: 0.9650, F1: 0.9652, Time: 0.10s
n_iterations: 4
n_required_iterations: 4
n_possible_iterations: 8
min_resources_: 6
max_resources_: 31900
aggressive_elimination: False
factor: 3
----------
iter: 0
n_candidates: 50
n_resources: 6
Fitting 1 folds for each of 50 candidates, totalling 50 fits
      -> [RandomForest + Jittering Set 7] Acc: 0.9367, F1: 0.9361, Time: 5.06s
n_iterations: 4
n_required_iterations: 4
n_possible_iterations: 8
min_resources_: 6
max_resources_: 31900
aggressive_elimination: False
factor: 3
----------
iter: 0
n_candidates: 50
n_resources: 6
Fitting 1 folds for each of 50 candidates, totalling 50 fits
      -> [LinearSVC + Jittering Set 7] Acc: 0.8633, F1: 0.8633, Time: 0.11s
n_iterations: 4
n_required_iterations: 4
n_possible_iterations: 8
min_resources_: 6
max_resources_: 31900
aggressive_elimination: False
factor: 3
----------
iter: 0
n_candidates: 50
n_resources: 6
Fitting 1 folds for each of 50 candidates, totalling 50 fits
      -> [LogisticRegression + Jittering Set 7] Acc: 0.9467, F1: 0.9471, Time: 1.02s
      [!] Failed evaluation with RNN on Jittering Set 7: name 'os' is not defined
    [=== Generating 10x synthetic data with Jittering (Set 8, Params: {'sigma': 0.05}) ===]
n_iterations: 4
n_required_iterations: 4
n_possible_iterations: 8
min_resources_: 6
max_resources_: 31900
aggressive_elimination: False
factor: 3
----------
iter: 0
n_candidates: 50
n_resources: 6
Fitting 1 folds for each of 50 candidates, totalling 50 fits
      -> [KNN + Jittering Set 8] Acc: 0.9617, F1: 0.9619, Time: 0.11s
n_iterations: 4
n_required_iterations: 4
n_possible_iterations: 8
min_resources_: 6
max_resources_: 31900
aggressive_elimination: False
factor: 3
----------
iter: 0
n_candidates: 50
n_resources: 6
Fitting 1 folds for each of 50 candidates, totalling 50 fits
      -> [RandomForest + Jittering Set 8] Acc: 0.9367, F1: 0.9361, Time: 5.25s
n_iterations: 4
n_required_iterations: 4
n_possible_iterations: 8
min_resources_: 6
max_resources_: 31900
aggressive_elimination: False
factor: 3
----------
iter: 0
n_candidates: 50
n_resources: 6
Fitting 1 folds for each of 50 candidates, totalling 50 fits
      -> [LinearSVC + Jittering Set 8] Acc: 0.8933, F1: 0.8911, Time: 0.11s
n_iterations: 4
n_required_iterations: 4
n_possible_iterations: 8
min_resources_: 6
max_resources_: 31900
aggressive_elimination: False
factor: 3
----------
iter: 0
n_candidates: 50
n_resources: 6
Fitting 1 folds for each of 50 candidates, totalling 50 fits
      -> [LogisticRegression + Jittering Set 8] Acc: 0.9450, F1: 0.9454, Time: 0.68s
      [!] Failed evaluation with RNN on Jittering Set 8: name 'os' is not defined
    [=== Generating 10x synthetic data with Jittering (Set 9, Params: {'sigma': 0.05}) ===]
n_iterations: 4
n_required_iterations: 4
n_possible_iterations: 8
min_resources_: 6
max_resources_: 31900
aggressive_elimination: False
factor: 3
----------
iter: 0
n_candidates: 50
n_resources: 6
Fitting 1 folds for each of 50 candidates, totalling 50 fits
      -> [KNN + Jittering Set 9] Acc: 0.9633, F1: 0.9636, Time: 0.10s
n_iterations: 4
n_required_iterations: 4
n_possible_iterations: 8
min_resources_: 6
max_resources_: 31900
aggressive_elimination: False
factor: 3
----------
iter: 0
n_candidates: 50
n_resources: 6
Fitting 1 folds for each of 50 candidates, totalling 50 fits
      -> [RandomForest + Jittering Set 9] Acc: 0.9367, F1: 0.9361, Time: 5.63s
n_iterations: 4
n_required_iterations: 4
n_possible_iterations: 8
min_resources_: 6
max_resources_: 31900
aggressive_elimination: False
factor: 3
----------
iter: 0
n_candidates: 50
n_resources: 6
Fitting 1 folds for each of 50 candidates, totalling 50 fits
      -> [LinearSVC + Jittering Set 9] Acc: 0.8917, F1: 0.8899, Time: 0.10s
n_iterations: 4
n_required_iterations: 4
n_possible_iterations: 8
min_resources_: 6
max_resources_: 31900
aggressive_elimination: False
factor: 3
----------
iter: 0
n_candidates: 50
n_resources: 6
Fitting 1 folds for each of 50 candidates, totalling 50 fits
      -> [LogisticRegression + Jittering Set 9] Acc: 0.9417, F1: 0.9421, Time: 1.13s
      [!] Failed evaluation with RNN on Jittering Set 9: name 'os' is not defined
    [=== Generating 10x synthetic data with Jittering (Set 10, Params: {'sigma': 0.05}) ===]
n_iterations: 4
n_required_iterations: 4
n_possible_iterations: 8
min_resources_: 6
max_resources_: 31900
aggressive_elimination: False
factor: 3
----------
iter: 0
n_candidates: 50
n_resources: 6
Fitting 1 folds for each of 50 candidates, totalling 50 fits
      -> [KNN + Jittering Set 10] Acc: 0.9567, F1: 0.9570, Time: 0.13s
n_iterations: 4
n_required_iterations: 4
n_possible_iterations: 8
min_resources_: 6
max_resources_: 31900
aggressive_elimination: False
factor: 3
----------
iter: 0
n_candidates: 50
n_resources: 6
Fitting 1 folds for each of 50 candidates, totalling 50 fits
      -> [RandomForest + Jittering Set 10] Acc: 0.9333, F1: 0.9328, Time: 5.53s
n_iterations: 4
n_required_iterations: 4
n_possible_iterations: 8
min_resources_: 6
max_resources_: 31900
aggressive_elimination: False
factor: 3
----------
iter: 0
n_candidates: 50
n_resources: 6
Fitting 1 folds for each of 50 candidates, totalling 50 fits
      -> [LinearSVC + Jittering Set 10] Acc: 0.8883, F1: 0.8862, Time: 0.11s
n_iterations: 4
n_required_iterations: 4
n_possible_iterations: 8
min_resources_: 6
max_resources_: 31900
aggressive_elimination: False
factor: 3
----------
iter: 0
n_candidates: 50
n_resources: 6
Fitting 1 folds for each of 50 candidates, totalling 50 fits
      -> [LogisticRegression + Jittering Set 10] Acc: 0.9417, F1: 0.9421, Time: 1.02s
      [!] Failed evaluation with RNN on Jittering Set 10: name 'os' is not defined

    >> Seed Fold Selection: 5/10
    Evaluating Model: KNN
      -> [Baseline] Acc: 0.9383, F1: 0.9388, Time: 0.04s
      HP Tuning KNN...
n_iterations: 4
n_required_iterations: 4
n_possible_iterations: 5
min_resources_: 30
max_resources_: 2900
aggressive_elimination: False
factor: 3
----------
iter: 0
n_candidates: 50
n_resources: 30
Fitting 5 folds for each of 50 candidates, totalling 250 fits
----------
iter: 1
n_candidates: 17
n_resources: 90
Fitting 5 folds for each of 17 candidates, totalling 85 fits
----------
iter: 2
n_candidates: 6
n_resources: 270
Fitting 5 folds for each of 6 candidates, totalling 30 fits
----------
iter: 3
n_candidates: 2
n_resources: 810
Fitting 5 folds for each of 2 candidates, totalling 10 fits
      -> [Tuned_Baseline] Acc: 0.9633, F1: 0.9636, Time: 0.03s
    Evaluating Model: RandomForest
      -> [Baseline] Acc: 0.9400, F1: 0.9405, Time: 0.50s
      HP Tuning RandomForest...
n_iterations: 4
n_required_iterations: 4
n_possible_iterations: 5
min_resources_: 30
max_resources_: 2900
aggressive_elimination: False
factor: 3
----------
iter: 0
n_candidates: 50
n_resources: 30
Fitting 5 folds for each of 50 candidates, totalling 250 fits
----------
iter: 1
n_candidates: 17
n_resources: 90
Fitting 5 folds for each of 17 candidates, totalling 85 fits
----------
iter: 2
n_candidates: 6
n_resources: 270
Fitting 5 folds for each of 6 candidates, totalling 30 fits
----------
iter: 3
n_candidates: 2
n_resources: 810
Fitting 5 folds for each of 2 candidates, totalling 10 fits
      -> [Tuned_Baseline] Acc: 0.9383, F1: 0.9388, Time: 0.00s
    Evaluating Model: LinearSVC
      -> [Baseline] Acc: 0.9350, F1: 0.9356, Time: 0.01s
      HP Tuning LinearSVC...
n_iterations: 4
n_required_iterations: 4
n_possible_iterations: 5
min_resources_: 30
max_resources_: 2900
aggressive_elimination: False
factor: 3
----------
iter: 0
n_candidates: 50
n_resources: 30
Fitting 5 folds for each of 50 candidates, totalling 250 fits
----------
iter: 1
n_candidates: 17
n_resources: 90
Fitting 5 folds for each of 17 candidates, totalling 85 fits
----------
iter: 2
n_candidates: 6
n_resources: 270
Fitting 5 folds for each of 6 candidates, totalling 30 fits
----------
iter: 3
n_candidates: 2
n_resources: 810
Fitting 5 folds for each of 2 candidates, totalling 10 fits
      -> [Tuned_Baseline] Acc: 0.9333, F1: 0.9340, Time: 0.00s
    Evaluating Model: LogisticRegression
      -> [Baseline] Acc: 0.9367, F1: 0.9372, Time: 0.12s
      HP Tuning LogisticRegression...
n_iterations: 4
n_required_iterations: 4
n_possible_iterations: 5
min_resources_: 30
max_resources_: 2900
aggressive_elimination: False
factor: 3
----------
iter: 0
n_candidates: 50
n_resources: 30
Fitting 5 folds for each of 50 candidates, totalling 250 fits
----------
iter: 1
n_candidates: 17
n_resources: 90
Fitting 5 folds for each of 17 candidates, totalling 85 fits
----------
iter: 2
n_candidates: 6
n_resources: 270
Fitting 5 folds for each of 6 candidates, totalling 30 fits
----------
iter: 3
n_candidates: 2
n_resources: 810
Fitting 5 folds for each of 2 candidates, totalling 10 fits
      -> [Tuned_Baseline] Acc: 0.9283, F1: 0.9290, Time: 0.00s
    Evaluating Model: RNN
      [!] Baseline failed for RNN: name 'os' is not defined
      HP Tuning RNN...
n_iterations: 1
n_required_iterations: 2
n_possible_iterations: 1
min_resources_: 10
max_resources_: 29
aggressive_elimination: False
factor: 3
----------
iter: 0
n_candidates: 4
n_resources: 10
Fitting 5 folds for each of 4 candidates, totalling 20 fits
      [!] HP Tuning failed, using base model: 
All the 20 fits failed.
It is very likely that your model is misconfigured.
You can try to debug the error by setting error_score='raise'.

Below are more details about the failures:
--------------------------------------------------------------------------------
20 fits failed with the following error:
Traceback (most recent call last):
  File "/usr/local/lib/python3.10/dist-packages/sklearn/model_selection/_validation.py", line 859, in _fit_and_score
    estimator.fit(X_train, y_train, **fit_params)
  File "/home/phantrung/Synthesis-Data-Gen/models.py", line 60, in fit
    n_threads = int(os.environ.get('N_JOBS', 1))
NameError: name 'os' is not defined

      -> [Tuned_Baseline] Acc: 0.1667, F1: 0.0476, Time: 0.00s
    [=== Generating 2x synthetic data with Jittering (Set 1, Params: {'sigma': 0.03}) ===]
n_iterations: 4
n_required_iterations: 4
n_possible_iterations: 7
min_resources_: 6
max_resources_: 8700
aggressive_elimination: False
factor: 3
----------
iter: 0
n_candidates: 50
n_resources: 6
Fitting 1 folds for each of 50 candidates, totalling 50 fits
----------
iter: 1
n_candidates: 17
n_resources: 18
Fitting 1 folds for each of 17 candidates, totalling 17 fits
----------
iter: 2
n_candidates: 6
n_resources: 54
Fitting 1 folds for each of 6 candidates, totalling 6 fits
----------
iter: 3
n_candidates: 2
n_resources: 162
Fitting 1 folds for each of 2 candidates, totalling 2 fits
      -> [KNN + Jittering Set 1] Acc: 0.9300, F1: 0.9305, Time: 0.01s
n_iterations: 4
n_required_iterations: 4
n_possible_iterations: 7
min_resources_: 6
max_resources_: 8700
aggressive_elimination: False
factor: 3
----------
iter: 0
n_candidates: 50
n_resources: 6
Fitting 1 folds for each of 50 candidates, totalling 50 fits
----------
iter: 1
n_candidates: 17
n_resources: 18
Fitting 1 folds for each of 17 candidates, totalling 17 fits
----------
iter: 2
n_candidates: 6
n_resources: 54
Fitting 1 folds for each of 6 candidates, totalling 6 fits
----------
iter: 3
n_candidates: 2
n_resources: 162
Fitting 1 folds for each of 2 candidates, totalling 2 fits
      -> [RandomForest + Jittering Set 1] Acc: 0.9333, F1: 0.9340, Time: 0.86s
n_iterations: 4
n_required_iterations: 4
n_possible_iterations: 7
min_resources_: 6
max_resources_: 8700
aggressive_elimination: False
factor: 3
----------
iter: 0
n_candidates: 50
n_resources: 6
Fitting 1 folds for each of 50 candidates, totalling 50 fits
----------
iter: 1
n_candidates: 17
n_resources: 18
Fitting 1 folds for each of 17 candidates, totalling 17 fits
----------
iter: 2
n_candidates: 6
n_resources: 54
Fitting 1 folds for each of 6 candidates, totalling 6 fits
----------
iter: 3
n_candidates: 2
n_resources: 162
Fitting 1 folds for each of 2 candidates, totalling 2 fits
      -> [LinearSVC + Jittering Set 1] Acc: 0.9683, F1: 0.9684, Time: 0.05s
n_iterations: 4
n_required_iterations: 4
n_possible_iterations: 7
min_resources_: 6
max_resources_: 8700
aggressive_elimination: False
factor: 3
----------
iter: 0
n_candidates: 50
n_resources: 6
Fitting 1 folds for each of 50 candidates, totalling 50 fits
----------
iter: 1
n_candidates: 17
n_resources: 18
Fitting 1 folds for each of 17 candidates, totalling 17 fits
----------
iter: 2
n_candidates: 6
n_resources: 54
Fitting 1 folds for each of 6 candidates, totalling 6 fits
----------
iter: 3
n_candidates: 2
n_resources: 162
Fitting 1 folds for each of 2 candidates, totalling 2 fits
      -> [LogisticRegression + Jittering Set 1] Acc: 0.9350, F1: 0.9356, Time: 0.17s
      [!] Failed evaluation with RNN on Jittering Set 1: name 'os' is not defined
    [=== Generating 2x synthetic data with Jittering (Set 2, Params: {'sigma': 0.1}) ===]
n_iterations: 4
n_required_iterations: 4
n_possible_iterations: 7
min_resources_: 6
max_resources_: 8700
aggressive_elimination: False
factor: 3
----------
iter: 0
n_candidates: 50
n_resources: 6
Fitting 1 folds for each of 50 candidates, totalling 50 fits
----------
iter: 1
n_candidates: 17
n_resources: 18
Fitting 1 folds for each of 17 candidates, totalling 17 fits
----------
iter: 2
n_candidates: 6
n_resources: 54
Fitting 1 folds for each of 6 candidates, totalling 6 fits
----------
iter: 3
n_candidates: 2
n_resources: 162
Fitting 1 folds for each of 2 candidates, totalling 2 fits
      -> [KNN + Jittering Set 2] Acc: 0.9333, F1: 0.9338, Time: 0.02s
n_iterations: 4
n_required_iterations: 4
n_possible_iterations: 7
min_resources_: 6
max_resources_: 8700
aggressive_elimination: False
factor: 3
----------
iter: 0
n_candidates: 50
n_resources: 6
Fitting 1 folds for each of 50 candidates, totalling 50 fits
----------
iter: 1
n_candidates: 17
n_resources: 18
Fitting 1 folds for each of 17 candidates, totalling 17 fits
----------
iter: 2
n_candidates: 6
n_resources: 54
Fitting 1 folds for each of 6 candidates, totalling 6 fits
----------
iter: 3
n_candidates: 2
n_resources: 162
Fitting 1 folds for each of 2 candidates, totalling 2 fits
      -> [RandomForest + Jittering Set 2] Acc: 0.9633, F1: 0.9632, Time: 1.39s
n_iterations: 4
n_required_iterations: 4
n_possible_iterations: 7
min_resources_: 6
max_resources_: 8700
aggressive_elimination: False
factor: 3
----------
iter: 0
n_candidates: 50
n_resources: 6
Fitting 1 folds for each of 50 candidates, totalling 50 fits
----------
iter: 1
n_candidates: 17
n_resources: 18
Fitting 1 folds for each of 17 candidates, totalling 17 fits
----------
iter: 2
n_candidates: 6
n_resources: 54
Fitting 1 folds for each of 6 candidates, totalling 6 fits
----------
iter: 3
n_candidates: 2
n_resources: 162
Fitting 1 folds for each of 2 candidates, totalling 2 fits
      -> [LinearSVC + Jittering Set 2] Acc: 0.9800, F1: 0.9800, Time: 0.04s
n_iterations: 4
n_required_iterations: 4
n_possible_iterations: 7
min_resources_: 6
max_resources_: 8700
aggressive_elimination: False
factor: 3
----------
iter: 0
n_candidates: 50
n_resources: 6
Fitting 1 folds for each of 50 candidates, totalling 50 fits
----------
iter: 1
n_candidates: 17
n_resources: 18
Fitting 1 folds for each of 17 candidates, totalling 17 fits
----------
iter: 2
n_candidates: 6
n_resources: 54
Fitting 1 folds for each of 6 candidates, totalling 6 fits
----------
iter: 3
n_candidates: 2
n_resources: 162
Fitting 1 folds for each of 2 candidates, totalling 2 fits
      -> [LogisticRegression + Jittering Set 2] Acc: 0.9550, F1: 0.9553, Time: 0.13s
      [!] Failed evaluation with RNN on Jittering Set 2: name 'os' is not defined
    [=== Generating 2x synthetic data with Jittering (Set 3, Params: {'sigma': 0.15}) ===]
n_iterations: 4
n_required_iterations: 4
n_possible_iterations: 7
min_resources_: 6
max_resources_: 8700
aggressive_elimination: False
factor: 3
----------
iter: 0
n_candidates: 50
n_resources: 6
Fitting 1 folds for each of 50 candidates, totalling 50 fits
----------
iter: 1
n_candidates: 17
n_resources: 18
Fitting 1 folds for each of 17 candidates, totalling 17 fits
----------
iter: 2
n_candidates: 6
n_resources: 54
Fitting 1 folds for each of 6 candidates, totalling 6 fits
----------
iter: 3
n_candidates: 2
n_resources: 162
Fitting 1 folds for each of 2 candidates, totalling 2 fits
      -> [KNN + Jittering Set 3] Acc: 0.9350, F1: 0.9355, Time: 0.02s
n_iterations: 4
n_required_iterations: 4
n_possible_iterations: 7
min_resources_: 6
max_resources_: 8700
aggressive_elimination: False
factor: 3
----------
iter: 0
n_candidates: 50
n_resources: 6
Fitting 1 folds for each of 50 candidates, totalling 50 fits
----------
iter: 1
n_candidates: 17
n_resources: 18
Fitting 1 folds for each of 17 candidates, totalling 17 fits
----------
iter: 2
n_candidates: 6
n_resources: 54
Fitting 1 folds for each of 6 candidates, totalling 6 fits
----------
iter: 3
n_candidates: 2
n_resources: 162
Fitting 1 folds for each of 2 candidates, totalling 2 fits
      -> [RandomForest + Jittering Set 3] Acc: 0.9767, F1: 0.9765, Time: 1.67s
n_iterations: 4
n_required_iterations: 4
n_possible_iterations: 7
min_resources_: 6
max_resources_: 8700
aggressive_elimination: False
factor: 3
----------
iter: 0
n_candidates: 50
n_resources: 6
Fitting 1 folds for each of 50 candidates, totalling 50 fits
----------
iter: 1
n_candidates: 17
n_resources: 18
Fitting 1 folds for each of 17 candidates, totalling 17 fits
----------
iter: 2
n_candidates: 6
n_resources: 54
Fitting 1 folds for each of 6 candidates, totalling 6 fits
----------
iter: 3
n_candidates: 2
n_resources: 162
Fitting 1 folds for each of 2 candidates, totalling 2 fits
      -> [LinearSVC + Jittering Set 3] Acc: 0.9817, F1: 0.9816, Time: 0.05s
n_iterations: 4
n_required_iterations: 4
n_possible_iterations: 7
min_resources_: 6
max_resources_: 8700
aggressive_elimination: False
factor: 3
----------
iter: 0
n_candidates: 50
n_resources: 6
Fitting 1 folds for each of 50 candidates, totalling 50 fits
----------
iter: 1
n_candidates: 17
n_resources: 18
Fitting 1 folds for each of 17 candidates, totalling 17 fits
----------
iter: 2
n_candidates: 6
n_resources: 54
Fitting 1 folds for each of 6 candidates, totalling 6 fits
----------
iter: 3
n_candidates: 2
n_resources: 162
Fitting 1 folds for each of 2 candidates, totalling 2 fits
      -> [LogisticRegression + Jittering Set 3] Acc: 0.9700, F1: 0.9701, Time: 0.10s
      [!] Failed evaluation with RNN on Jittering Set 3: name 'os' is not defined
    [=== Generating 2x synthetic data with Jittering (Set 4, Params: {'sigma': 0.05}) ===]
n_iterations: 4
n_required_iterations: 4
n_possible_iterations: 7
min_resources_: 6
max_resources_: 8700
aggressive_elimination: False
factor: 3
----------
iter: 0
n_candidates: 50
n_resources: 6
Fitting 1 folds for each of 50 candidates, totalling 50 fits
----------
iter: 1
n_candidates: 17
n_resources: 18
Fitting 1 folds for each of 17 candidates, totalling 17 fits
----------
iter: 2
n_candidates: 6
n_resources: 54
Fitting 1 folds for each of 6 candidates, totalling 6 fits
----------
iter: 3
n_candidates: 2
n_resources: 162
Fitting 1 folds for each of 2 candidates, totalling 2 fits
      -> [KNN + Jittering Set 4] Acc: 0.9250, F1: 0.9255, Time: 0.03s
n_iterations: 4
n_required_iterations: 4
n_possible_iterations: 7
min_resources_: 6
max_resources_: 8700
aggressive_elimination: False
factor: 3
----------
iter: 0
n_candidates: 50
n_resources: 6
Fitting 1 folds for each of 50 candidates, totalling 50 fits
----------
iter: 1
n_candidates: 17
n_resources: 18
Fitting 1 folds for each of 17 candidates, totalling 17 fits
----------
iter: 2
n_candidates: 6
n_resources: 54
Fitting 1 folds for each of 6 candidates, totalling 6 fits
----------
iter: 3
n_candidates: 2
n_resources: 162
Fitting 1 folds for each of 2 candidates, totalling 2 fits
      -> [RandomForest + Jittering Set 4] Acc: 0.9400, F1: 0.9404, Time: 1.51s
n_iterations: 4
n_required_iterations: 4
n_possible_iterations: 7
min_resources_: 6
max_resources_: 8700
aggressive_elimination: False
factor: 3
----------
iter: 0
n_candidates: 50
n_resources: 6
Fitting 1 folds for each of 50 candidates, totalling 50 fits
----------
iter: 1
n_candidates: 17
n_resources: 18
Fitting 1 folds for each of 17 candidates, totalling 17 fits
----------
iter: 2
n_candidates: 6
n_resources: 54
Fitting 1 folds for each of 6 candidates, totalling 6 fits
----------
iter: 3
n_candidates: 2
n_resources: 162
Fitting 1 folds for each of 2 candidates, totalling 2 fits
      -> [LinearSVC + Jittering Set 4] Acc: 0.9700, F1: 0.9701, Time: 0.05s
n_iterations: 4
n_required_iterations: 4
n_possible_iterations: 7
min_resources_: 6
max_resources_: 8700
aggressive_elimination: False
factor: 3
----------
iter: 0
n_candidates: 50
n_resources: 6
Fitting 1 folds for each of 50 candidates, totalling 50 fits
----------
iter: 1
n_candidates: 17
n_resources: 18
Fitting 1 folds for each of 17 candidates, totalling 17 fits
----------
iter: 2
n_candidates: 6
n_resources: 54
Fitting 1 folds for each of 6 candidates, totalling 6 fits
----------
iter: 3
n_candidates: 2
n_resources: 162
Fitting 1 folds for each of 2 candidates, totalling 2 fits
      -> [LogisticRegression + Jittering Set 4] Acc: 0.9367, F1: 0.9372, Time: 0.21s
      [!] Failed evaluation with RNN on Jittering Set 4: name 'os' is not defined
    [=== Generating 2x synthetic data with Jittering (Set 5, Params: {'sigma': 0.15}) ===]
n_iterations: 4
n_required_iterations: 4
n_possible_iterations: 7
min_resources_: 6
max_resources_: 8700
aggressive_elimination: False
factor: 3
----------
iter: 0
n_candidates: 50
n_resources: 6
Fitting 1 folds for each of 50 candidates, totalling 50 fits
----------
iter: 1
n_candidates: 17
n_resources: 18
Fitting 1 folds for each of 17 candidates, totalling 17 fits
----------
iter: 2
n_candidates: 6
n_resources: 54
Fitting 1 folds for each of 6 candidates, totalling 6 fits
----------
iter: 3
n_candidates: 2
n_resources: 162
Fitting 1 folds for each of 2 candidates, totalling 2 fits
      -> [KNN + Jittering Set 5] Acc: 0.9633, F1: 0.9636, Time: 0.03s
n_iterations: 4
n_required_iterations: 4
n_possible_iterations: 7
min_resources_: 6
max_resources_: 8700
aggressive_elimination: False
factor: 3
----------
iter: 0
n_candidates: 50
n_resources: 6
Fitting 1 folds for each of 50 candidates, totalling 50 fits
----------
iter: 1
n_candidates: 17
n_resources: 18
Fitting 1 folds for each of 17 candidates, totalling 17 fits
----------
iter: 2
n_candidates: 6
n_resources: 54
Fitting 1 folds for each of 6 candidates, totalling 6 fits
----------
iter: 3
n_candidates: 2
n_resources: 162
Fitting 1 folds for each of 2 candidates, totalling 2 fits
      -> [RandomForest + Jittering Set 5] Acc: 0.9833, F1: 0.9833, Time: 1.57s
n_iterations: 4
n_required_iterations: 4
n_possible_iterations: 7
min_resources_: 6
max_resources_: 8700
aggressive_elimination: False
factor: 3
----------
iter: 0
n_candidates: 50
n_resources: 6
Fitting 1 folds for each of 50 candidates, totalling 50 fits
----------
iter: 1
n_candidates: 17
n_resources: 18
Fitting 1 folds for each of 17 candidates, totalling 17 fits
----------
iter: 2
n_candidates: 6
n_resources: 54
Fitting 1 folds for each of 6 candidates, totalling 6 fits
----------
iter: 3
n_candidates: 2
n_resources: 162
Fitting 1 folds for each of 2 candidates, totalling 2 fits
      -> [LinearSVC + Jittering Set 5] Acc: 0.9733, F1: 0.9733, Time: 0.05s
n_iterations: 4
n_required_iterations: 4
n_possible_iterations: 7
min_resources_: 6
max_resources_: 8700
aggressive_elimination: False
factor: 3
----------
iter: 0
n_candidates: 50
n_resources: 6
Fitting 1 folds for each of 50 candidates, totalling 50 fits
----------
iter: 1
n_candidates: 17
n_resources: 18
Fitting 1 folds for each of 17 candidates, totalling 17 fits
----------
iter: 2
n_candidates: 6
n_resources: 54
Fitting 1 folds for each of 6 candidates, totalling 6 fits
----------
iter: 3
n_candidates: 2
n_resources: 162
Fitting 1 folds for each of 2 candidates, totalling 2 fits
      -> [LogisticRegression + Jittering Set 5] Acc: 0.9550, F1: 0.9553, Time: 0.07s
      [!] Failed evaluation with RNN on Jittering Set 5: name 'os' is not defined
    [=== Generating 2x synthetic data with Jittering (Set 6, Params: {'sigma': 0.15}) ===]
n_iterations: 4
n_required_iterations: 4
n_possible_iterations: 7
min_resources_: 6
max_resources_: 8700
aggressive_elimination: False
factor: 3
----------
iter: 0
n_candidates: 50
n_resources: 6
Fitting 1 folds for each of 50 candidates, totalling 50 fits
----------
iter: 1
n_candidates: 17
n_resources: 18
Fitting 1 folds for each of 17 candidates, totalling 17 fits
----------
iter: 2
n_candidates: 6
n_resources: 54
Fitting 1 folds for each of 6 candidates, totalling 6 fits
----------
iter: 3
n_candidates: 2
n_resources: 162
Fitting 1 folds for each of 2 candidates, totalling 2 fits
      -> [KNN + Jittering Set 6] Acc: 0.9300, F1: 0.9305, Time: 0.01s
n_iterations: 4
n_required_iterations: 4
n_possible_iterations: 7
min_resources_: 6
max_resources_: 8700
aggressive_elimination: False
factor: 3
----------
iter: 0
n_candidates: 50
n_resources: 6
Fitting 1 folds for each of 50 candidates, totalling 50 fits
----------
iter: 1
n_candidates: 17
n_resources: 18
Fitting 1 folds for each of 17 candidates, totalling 17 fits
----------
iter: 2
n_candidates: 6
n_resources: 54
Fitting 1 folds for each of 6 candidates, totalling 6 fits
----------
iter: 3
n_candidates: 2
n_resources: 162
Fitting 1 folds for each of 2 candidates, totalling 2 fits
      -> [RandomForest + Jittering Set 6] Acc: 0.9667, F1: 0.9666, Time: 0.55s
n_iterations: 4
n_required_iterations: 4
n_possible_iterations: 7
min_resources_: 6
max_resources_: 8700
aggressive_elimination: False
factor: 3
----------
iter: 0
n_candidates: 50
n_resources: 6
Fitting 1 folds for each of 50 candidates, totalling 50 fits
----------
iter: 1
n_candidates: 17
n_resources: 18
Fitting 1 folds for each of 17 candidates, totalling 17 fits
----------
iter: 2
n_candidates: 6
n_resources: 54
Fitting 1 folds for each of 6 candidates, totalling 6 fits
----------
iter: 3
n_candidates: 2
n_resources: 162
Fitting 1 folds for each of 2 candidates, totalling 2 fits
      -> [LinearSVC + Jittering Set 6] Acc: 0.9633, F1: 0.9633, Time: 0.05s
n_iterations: 4
n_required_iterations: 4
n_possible_iterations: 7
min_resources_: 6
max_resources_: 8700
aggressive_elimination: False
factor: 3
----------
iter: 0
n_candidates: 50
n_resources: 6
Fitting 1 folds for each of 50 candidates, totalling 50 fits
----------
iter: 1
n_candidates: 17
n_resources: 18
Fitting 1 folds for each of 17 candidates, totalling 17 fits
----------
iter: 2
n_candidates: 6
n_resources: 54
Fitting 1 folds for each of 6 candidates, totalling 6 fits
----------
iter: 3
n_candidates: 2
n_resources: 162
Fitting 1 folds for each of 2 candidates, totalling 2 fits
      -> [LogisticRegression + Jittering Set 6] Acc: 0.9350, F1: 0.9356, Time: 0.21s
      [!] Failed evaluation with RNN on Jittering Set 6: name 'os' is not defined
    [=== Generating 2x synthetic data with Jittering (Set 7, Params: {'sigma': 0.03}) ===]
n_iterations: 4
n_required_iterations: 4
n_possible_iterations: 7
min_resources_: 6
max_resources_: 8700
aggressive_elimination: False
factor: 3
----------
iter: 0
n_candidates: 50
n_resources: 6
Fitting 1 folds for each of 50 candidates, totalling 50 fits
----------
iter: 1
n_candidates: 17
n_resources: 18
Fitting 1 folds for each of 17 candidates, totalling 17 fits
----------
iter: 2
n_candidates: 6
n_resources: 54
Fitting 1 folds for each of 6 candidates, totalling 6 fits
----------
iter: 3
n_candidates: 2
n_resources: 162
Fitting 1 folds for each of 2 candidates, totalling 2 fits
      -> [KNN + Jittering Set 7] Acc: 0.9700, F1: 0.9702, Time: 0.03s
n_iterations: 4
n_required_iterations: 4
n_possible_iterations: 7
min_resources_: 6
max_resources_: 8700
aggressive_elimination: False
factor: 3
----------
iter: 0
n_candidates: 50
n_resources: 6
Fitting 1 folds for each of 50 candidates, totalling 50 fits
----------
iter: 1
n_candidates: 17
n_resources: 18
Fitting 1 folds for each of 17 candidates, totalling 17 fits
----------
iter: 2
n_candidates: 6
n_resources: 54
Fitting 1 folds for each of 6 candidates, totalling 6 fits
----------
iter: 3
n_candidates: 2
n_resources: 162
Fitting 1 folds for each of 2 candidates, totalling 2 fits
      -> [RandomForest + Jittering Set 7] Acc: 0.9517, F1: 0.9517, Time: 1.42s
n_iterations: 4
n_required_iterations: 4
n_possible_iterations: 7
min_resources_: 6
max_resources_: 8700
aggressive_elimination: False
factor: 3
----------
iter: 0
n_candidates: 50
n_resources: 6
Fitting 1 folds for each of 50 candidates, totalling 50 fits
----------
iter: 1
n_candidates: 17
n_resources: 18
Fitting 1 folds for each of 17 candidates, totalling 17 fits
----------
iter: 2
n_candidates: 6
n_resources: 54
Fitting 1 folds for each of 6 candidates, totalling 6 fits
----------
iter: 3
n_candidates: 2
n_resources: 162
Fitting 1 folds for each of 2 candidates, totalling 2 fits
      -> [LinearSVC + Jittering Set 7] Acc: 0.9683, F1: 0.9684, Time: 0.04s
n_iterations: 4
n_required_iterations: 4
n_possible_iterations: 7
min_resources_: 6
max_resources_: 8700
aggressive_elimination: False
factor: 3
----------
iter: 0
n_candidates: 50
n_resources: 6
Fitting 1 folds for each of 50 candidates, totalling 50 fits
----------
iter: 1
n_candidates: 17
n_resources: 18
Fitting 1 folds for each of 17 candidates, totalling 17 fits
----------
iter: 2
n_candidates: 6
n_resources: 54
Fitting 1 folds for each of 6 candidates, totalling 6 fits
----------
iter: 3
n_candidates: 2
n_resources: 162
Fitting 1 folds for each of 2 candidates, totalling 2 fits
      -> [LogisticRegression + Jittering Set 7] Acc: 0.9350, F1: 0.9356, Time: 0.16s
      [!] Failed evaluation with RNN on Jittering Set 7: name 'os' is not defined
    [=== Generating 2x synthetic data with Jittering (Set 8, Params: {'sigma': 0.05}) ===]
n_iterations: 4
n_required_iterations: 4
n_possible_iterations: 7
min_resources_: 6
max_resources_: 8700
aggressive_elimination: False
factor: 3
----------
iter: 0
n_candidates: 50
n_resources: 6
Fitting 1 folds for each of 50 candidates, totalling 50 fits
----------
iter: 1
n_candidates: 17
n_resources: 18
Fitting 1 folds for each of 17 candidates, totalling 17 fits
----------
iter: 2
n_candidates: 6
n_resources: 54
Fitting 1 folds for each of 6 candidates, totalling 6 fits
----------
iter: 3
n_candidates: 2
n_resources: 162
Fitting 1 folds for each of 2 candidates, totalling 2 fits
      -> [KNN + Jittering Set 8] Acc: 0.9367, F1: 0.9371, Time: 0.02s
n_iterations: 4
n_required_iterations: 4
n_possible_iterations: 7
min_resources_: 6
max_resources_: 8700
aggressive_elimination: False
factor: 3
----------
iter: 0
n_candidates: 50
n_resources: 6
Fitting 1 folds for each of 50 candidates, totalling 50 fits
----------
iter: 1
n_candidates: 17
n_resources: 18
Fitting 1 folds for each of 17 candidates, totalling 17 fits
----------
iter: 2
n_candidates: 6
n_resources: 54
Fitting 1 folds for each of 6 candidates, totalling 6 fits
----------
iter: 3
n_candidates: 2
n_resources: 162
Fitting 1 folds for each of 2 candidates, totalling 2 fits
      -> [RandomForest + Jittering Set 8] Acc: 0.9433, F1: 0.9436, Time: 1.47s
n_iterations: 4
n_required_iterations: 4
n_possible_iterations: 7
min_resources_: 6
max_resources_: 8700
aggressive_elimination: False
factor: 3
----------
iter: 0
n_candidates: 50
n_resources: 6
Fitting 1 folds for each of 50 candidates, totalling 50 fits
----------
iter: 1
n_candidates: 17
n_resources: 18
Fitting 1 folds for each of 17 candidates, totalling 17 fits
----------
iter: 2
n_candidates: 6
n_resources: 54
Fitting 1 folds for each of 6 candidates, totalling 6 fits
----------
iter: 3
n_candidates: 2
n_resources: 162
Fitting 1 folds for each of 2 candidates, totalling 2 fits
      -> [LinearSVC + Jittering Set 8] Acc: 0.9717, F1: 0.9717, Time: 0.05s
n_iterations: 4
n_required_iterations: 4
n_possible_iterations: 7
min_resources_: 6
max_resources_: 8700
aggressive_elimination: False
factor: 3
----------
iter: 0
n_candidates: 50
n_resources: 6
Fitting 1 folds for each of 50 candidates, totalling 50 fits
----------
iter: 1
n_candidates: 17
n_resources: 18
Fitting 1 folds for each of 17 candidates, totalling 17 fits
----------
iter: 2
n_candidates: 6
n_resources: 54
Fitting 1 folds for each of 6 candidates, totalling 6 fits
----------
iter: 3
n_candidates: 2
n_resources: 162
Fitting 1 folds for each of 2 candidates, totalling 2 fits
      -> [LogisticRegression + Jittering Set 8] Acc: 0.9450, F1: 0.9455, Time: 0.21s
      [!] Failed evaluation with RNN on Jittering Set 8: name 'os' is not defined
    [=== Generating 2x synthetic data with Jittering (Set 9, Params: {'sigma': 0.05}) ===]
n_iterations: 4
n_required_iterations: 4
n_possible_iterations: 7
min_resources_: 6
max_resources_: 8700
aggressive_elimination: False
factor: 3
----------
iter: 0
n_candidates: 50
n_resources: 6
Fitting 1 folds for each of 50 candidates, totalling 50 fits
----------
iter: 1
n_candidates: 17
n_resources: 18
Fitting 1 folds for each of 17 candidates, totalling 17 fits
----------
iter: 2
n_candidates: 6
n_resources: 54
Fitting 1 folds for each of 6 candidates, totalling 6 fits
----------
iter: 3
n_candidates: 2
n_resources: 162
Fitting 1 folds for each of 2 candidates, totalling 2 fits
      -> [KNN + Jittering Set 9] Acc: 0.9333, F1: 0.9338, Time: 0.01s
n_iterations: 4
n_required_iterations: 4
n_possible_iterations: 7
min_resources_: 6
max_resources_: 8700
aggressive_elimination: False
factor: 3
----------
iter: 0
n_candidates: 50
n_resources: 6
Fitting 1 folds for each of 50 candidates, totalling 50 fits
----------
iter: 1
n_candidates: 17
n_resources: 18
Fitting 1 folds for each of 17 candidates, totalling 17 fits
----------
iter: 2
n_candidates: 6
n_resources: 54
Fitting 1 folds for each of 6 candidates, totalling 6 fits
----------
iter: 3
n_candidates: 2
n_resources: 162
Fitting 1 folds for each of 2 candidates, totalling 2 fits
      -> [RandomForest + Jittering Set 9] Acc: 0.9517, F1: 0.9522, Time: 0.49s
n_iterations: 4
n_required_iterations: 4
n_possible_iterations: 7
min_resources_: 6
max_resources_: 8700
aggressive_elimination: False
factor: 3
----------
iter: 0
n_candidates: 50
n_resources: 6
Fitting 1 folds for each of 50 candidates, totalling 50 fits
----------
iter: 1
n_candidates: 17
n_resources: 18
Fitting 1 folds for each of 17 candidates, totalling 17 fits
----------
iter: 2
n_candidates: 6
n_resources: 54
Fitting 1 folds for each of 6 candidates, totalling 6 fits
----------
iter: 3
n_candidates: 2
n_resources: 162
Fitting 1 folds for each of 2 candidates, totalling 2 fits
      -> [LinearSVC + Jittering Set 9] Acc: 0.9700, F1: 0.9701, Time: 0.05s
n_iterations: 4
n_required_iterations: 4
n_possible_iterations: 7
min_resources_: 6
max_resources_: 8700
aggressive_elimination: False
factor: 3
----------
iter: 0
n_candidates: 50
n_resources: 6
Fitting 1 folds for each of 50 candidates, totalling 50 fits
----------
iter: 1
n_candidates: 17
n_resources: 18
Fitting 1 folds for each of 17 candidates, totalling 17 fits
----------
iter: 2
n_candidates: 6
n_resources: 54
Fitting 1 folds for each of 6 candidates, totalling 6 fits
----------
iter: 3
n_candidates: 2
n_resources: 162
Fitting 1 folds for each of 2 candidates, totalling 2 fits
      -> [LogisticRegression + Jittering Set 9] Acc: 0.9250, F1: 0.9257, Time: 0.15s
      [!] Failed evaluation with RNN on Jittering Set 9: name 'os' is not defined
    [=== Generating 2x synthetic data with Jittering (Set 10, Params: {'sigma': 0.05}) ===]
n_iterations: 4
n_required_iterations: 4
n_possible_iterations: 7
min_resources_: 6
max_resources_: 8700
aggressive_elimination: False
factor: 3
----------
iter: 0
n_candidates: 50
n_resources: 6
Fitting 1 folds for each of 50 candidates, totalling 50 fits
----------
iter: 1
n_candidates: 17
n_resources: 18
Fitting 1 folds for each of 17 candidates, totalling 17 fits
----------
iter: 2
n_candidates: 6
n_resources: 54
Fitting 1 folds for each of 6 candidates, totalling 6 fits
----------
iter: 3
n_candidates: 2
n_resources: 162
Fitting 1 folds for each of 2 candidates, totalling 2 fits
      -> [KNN + Jittering Set 10] Acc: 0.9317, F1: 0.9322, Time: 0.01s
n_iterations: 4
n_required_iterations: 4
n_possible_iterations: 7
min_resources_: 6
max_resources_: 8700
aggressive_elimination: False
factor: 3
----------
iter: 0
n_candidates: 50
n_resources: 6
Fitting 1 folds for each of 50 candidates, totalling 50 fits
----------
iter: 1
n_candidates: 17
n_resources: 18
Fitting 1 folds for each of 17 candidates, totalling 17 fits
----------
iter: 2
n_candidates: 6
n_resources: 54
Fitting 1 folds for each of 6 candidates, totalling 6 fits
----------
iter: 3
n_candidates: 2
n_resources: 162
Fitting 1 folds for each of 2 candidates, totalling 2 fits
      -> [RandomForest + Jittering Set 10] Acc: 0.9500, F1: 0.9502, Time: 1.26s
n_iterations: 4
n_required_iterations: 4
n_possible_iterations: 7
min_resources_: 6
max_resources_: 8700
aggressive_elimination: False
factor: 3
----------
iter: 0
n_candidates: 50
n_resources: 6
Fitting 1 folds for each of 50 candidates, totalling 50 fits
----------
iter: 1
n_candidates: 17
n_resources: 18
Fitting 1 folds for each of 17 candidates, totalling 17 fits
----------
iter: 2
n_candidates: 6
n_resources: 54
Fitting 1 folds for each of 6 candidates, totalling 6 fits
----------
iter: 3
n_candidates: 2
n_resources: 162
Fitting 1 folds for each of 2 candidates, totalling 2 fits
      -> [LinearSVC + Jittering Set 10] Acc: 0.9667, F1: 0.9668, Time: 0.04s
n_iterations: 4
n_required_iterations: 4
n_possible_iterations: 7
min_resources_: 6
max_resources_: 8700
aggressive_elimination: False
factor: 3
----------
iter: 0
n_candidates: 50
n_resources: 6
Fitting 1 folds for each of 50 candidates, totalling 50 fits
----------
iter: 1
n_candidates: 17
n_resources: 18
Fitting 1 folds for each of 17 candidates, totalling 17 fits
----------
iter: 2
n_candidates: 6
n_resources: 54
Fitting 1 folds for each of 6 candidates, totalling 6 fits
----------
iter: 3
n_candidates: 2
n_resources: 162
Fitting 1 folds for each of 2 candidates, totalling 2 fits
      -> [LogisticRegression + Jittering Set 10] Acc: 0.9350, F1: 0.9356, Time: 0.21s
      [!] Failed evaluation with RNN on Jittering Set 10: name 'os' is not defined
    [=== Generating 3x synthetic data with Jittering (Set 1, Params: {'sigma': 0.03}) ===]
n_iterations: 4
n_required_iterations: 4
n_possible_iterations: 7
min_resources_: 6
max_resources_: 11600
aggressive_elimination: False
factor: 3
----------
iter: 0
n_candidates: 50
n_resources: 6
Fitting 1 folds for each of 50 candidates, totalling 50 fits
----------
iter: 1
n_candidates: 17
n_resources: 18
Fitting 1 folds for each of 17 candidates, totalling 17 fits
----------
iter: 2
n_candidates: 6
n_resources: 54
Fitting 1 folds for each of 6 candidates, totalling 6 fits
----------
iter: 3
n_candidates: 2
n_resources: 162
Fitting 1 folds for each of 2 candidates, totalling 2 fits
      -> [KNN + Jittering Set 1] Acc: 0.9600, F1: 0.9603, Time: 0.04s
n_iterations: 4
n_required_iterations: 4
n_possible_iterations: 7
min_resources_: 6
max_resources_: 11600
aggressive_elimination: False
factor: 3
----------
iter: 0
n_candidates: 50
n_resources: 6
Fitting 1 folds for each of 50 candidates, totalling 50 fits
----------
iter: 1
n_candidates: 17
n_resources: 18
Fitting 1 folds for each of 17 candidates, totalling 17 fits
----------
iter: 2
n_candidates: 6
n_resources: 54
Fitting 1 folds for each of 6 candidates, totalling 6 fits
----------
iter: 3
n_candidates: 2
n_resources: 162
Fitting 1 folds for each of 2 candidates, totalling 2 fits
      -> [RandomForest + Jittering Set 1] Acc: 0.9433, F1: 0.9436, Time: 0.62s
n_iterations: 4
n_required_iterations: 4
n_possible_iterations: 7
min_resources_: 6
max_resources_: 11600
aggressive_elimination: False
factor: 3
----------
iter: 0
n_candidates: 50
n_resources: 6
Fitting 1 folds for each of 50 candidates, totalling 50 fits
----------
iter: 1
n_candidates: 17
n_resources: 18
Fitting 1 folds for each of 17 candidates, totalling 17 fits
----------
iter: 2
n_candidates: 6
n_resources: 54
Fitting 1 folds for each of 6 candidates, totalling 6 fits
----------
iter: 3
n_candidates: 2
n_resources: 162
Fitting 1 folds for each of 2 candidates, totalling 2 fits
      -> [LinearSVC + Jittering Set 1] Acc: 0.9683, F1: 0.9684, Time: 0.07s
n_iterations: 4
n_required_iterations: 4
n_possible_iterations: 7
min_resources_: 6
max_resources_: 11600
aggressive_elimination: False
factor: 3
----------
iter: 0
n_candidates: 50
n_resources: 6
Fitting 1 folds for each of 50 candidates, totalling 50 fits
----------
iter: 1
n_candidates: 17
n_resources: 18
Fitting 1 folds for each of 17 candidates, totalling 17 fits
----------
iter: 2
n_candidates: 6
n_resources: 54
Fitting 1 folds for each of 6 candidates, totalling 6 fits
----------
iter: 3
n_candidates: 2
n_resources: 162
Fitting 1 folds for each of 2 candidates, totalling 2 fits
      -> [LogisticRegression + Jittering Set 1] Acc: 0.9317, F1: 0.9323, Time: 0.28s
      [!] Failed evaluation with RNN on Jittering Set 1: name 'os' is not defined
    [=== Generating 3x synthetic data with Jittering (Set 2, Params: {'sigma': 0.1}) ===]
n_iterations: 4
n_required_iterations: 4
n_possible_iterations: 7
min_resources_: 6
max_resources_: 11600
aggressive_elimination: False
factor: 3
----------
iter: 0
n_candidates: 50
n_resources: 6
Fitting 1 folds for each of 50 candidates, totalling 50 fits
----------
iter: 1
n_candidates: 17
n_resources: 18
Fitting 1 folds for each of 17 candidates, totalling 17 fits
----------
iter: 2
n_candidates: 6
n_resources: 54
Fitting 1 folds for each of 6 candidates, totalling 6 fits
----------
iter: 3
n_candidates: 2
n_resources: 162
Fitting 1 folds for each of 2 candidates, totalling 2 fits
      -> [KNN + Jittering Set 2] Acc: 0.9533, F1: 0.9537, Time: 0.05s
n_iterations: 4
n_required_iterations: 4
n_possible_iterations: 7
min_resources_: 6
max_resources_: 11600
aggressive_elimination: False
factor: 3
----------
iter: 0
n_candidates: 50
n_resources: 6
Fitting 1 folds for each of 50 candidates, totalling 50 fits
----------
iter: 1
n_candidates: 17
n_resources: 18
Fitting 1 folds for each of 17 candidates, totalling 17 fits
----------
iter: 2
n_candidates: 6
n_resources: 54
Fitting 1 folds for each of 6 candidates, totalling 6 fits
----------
iter: 3
n_candidates: 2
n_resources: 162
Fitting 1 folds for each of 2 candidates, totalling 2 fits
      -> [RandomForest + Jittering Set 2] Acc: 0.9683, F1: 0.9682, Time: 0.71s
n_iterations: 4
n_required_iterations: 4
n_possible_iterations: 7
min_resources_: 6
max_resources_: 11600
aggressive_elimination: False
factor: 3
----------
iter: 0
n_candidates: 50
n_resources: 6
Fitting 1 folds for each of 50 candidates, totalling 50 fits
----------
iter: 1
n_candidates: 17
n_resources: 18
Fitting 1 folds for each of 17 candidates, totalling 17 fits
----------
iter: 2
n_candidates: 6
n_resources: 54
Fitting 1 folds for each of 6 candidates, totalling 6 fits
----------
iter: 3
n_candidates: 2
n_resources: 162
Fitting 1 folds for each of 2 candidates, totalling 2 fits
      -> [LinearSVC + Jittering Set 2] Acc: 0.9683, F1: 0.9684, Time: 0.07s
n_iterations: 4
n_required_iterations: 4
n_possible_iterations: 7
min_resources_: 6
max_resources_: 11600
aggressive_elimination: False
factor: 3
----------
iter: 0
n_candidates: 50
n_resources: 6
Fitting 1 folds for each of 50 candidates, totalling 50 fits
----------
iter: 1
n_candidates: 17
n_resources: 18
Fitting 1 folds for each of 17 candidates, totalling 17 fits
----------
iter: 2
n_candidates: 6
n_resources: 54
Fitting 1 folds for each of 6 candidates, totalling 6 fits
----------
iter: 3
n_candidates: 2
n_resources: 162
Fitting 1 folds for each of 2 candidates, totalling 2 fits
      -> [LogisticRegression + Jittering Set 2] Acc: 0.9417, F1: 0.9422, Time: 0.12s
      [!] Failed evaluation with RNN on Jittering Set 2: name 'os' is not defined
    [=== Generating 3x synthetic data with Jittering (Set 3, Params: {'sigma': 0.15}) ===]
n_iterations: 4
n_required_iterations: 4
n_possible_iterations: 7
min_resources_: 6
max_resources_: 11600
aggressive_elimination: False
factor: 3
----------
iter: 0
n_candidates: 50
n_resources: 6
Fitting 1 folds for each of 50 candidates, totalling 50 fits
----------
iter: 1
n_candidates: 17
n_resources: 18
Fitting 1 folds for each of 17 candidates, totalling 17 fits
----------
iter: 2
n_candidates: 6
n_resources: 54
Fitting 1 folds for each of 6 candidates, totalling 6 fits
----------
iter: 3
n_candidates: 2
n_resources: 162
Fitting 1 folds for each of 2 candidates, totalling 2 fits
      -> [KNN + Jittering Set 3] Acc: 0.9333, F1: 0.9337, Time: 0.02s
n_iterations: 4
n_required_iterations: 4
n_possible_iterations: 7
min_resources_: 6
max_resources_: 11600
aggressive_elimination: False
factor: 3
----------
iter: 0
n_candidates: 50
n_resources: 6
Fitting 1 folds for each of 50 candidates, totalling 50 fits
----------
iter: 1
n_candidates: 17
n_resources: 18
Fitting 1 folds for each of 17 candidates, totalling 17 fits
----------
iter: 2
n_candidates: 6
n_resources: 54
Fitting 1 folds for each of 6 candidates, totalling 6 fits
----------
iter: 3
n_candidates: 2
n_resources: 162
Fitting 1 folds for each of 2 candidates, totalling 2 fits
      -> [RandomForest + Jittering Set 3] Acc: 0.9833, F1: 0.9834, Time: 0.82s
n_iterations: 4
n_required_iterations: 4
n_possible_iterations: 7
min_resources_: 6
max_resources_: 11600
aggressive_elimination: False
factor: 3
----------
iter: 0
n_candidates: 50
n_resources: 6
Fitting 1 folds for each of 50 candidates, totalling 50 fits
----------
iter: 1
n_candidates: 17
n_resources: 18
Fitting 1 folds for each of 17 candidates, totalling 17 fits
----------
iter: 2
n_candidates: 6
n_resources: 54
Fitting 1 folds for each of 6 candidates, totalling 6 fits
----------
iter: 3
n_candidates: 2
n_resources: 162
Fitting 1 folds for each of 2 candidates, totalling 2 fits
      -> [LinearSVC + Jittering Set 3] Acc: 0.9750, F1: 0.9749, Time: 0.08s
n_iterations: 4
n_required_iterations: 4
n_possible_iterations: 7
min_resources_: 6
max_resources_: 11600
aggressive_elimination: False
factor: 3
----------
iter: 0
n_candidates: 50
n_resources: 6
Fitting 1 folds for each of 50 candidates, totalling 50 fits
----------
iter: 1
n_candidates: 17
n_resources: 18
Fitting 1 folds for each of 17 candidates, totalling 17 fits
----------
iter: 2
n_candidates: 6
n_resources: 54
Fitting 1 folds for each of 6 candidates, totalling 6 fits
----------
iter: 3
n_candidates: 2
n_resources: 162
Fitting 1 folds for each of 2 candidates, totalling 2 fits
      -> [LogisticRegression + Jittering Set 3] Acc: 0.9483, F1: 0.9487, Time: 0.07s
      [!] Failed evaluation with RNN on Jittering Set 3: name 'os' is not defined
    [=== Generating 3x synthetic data with Jittering (Set 4, Params: {'sigma': 0.05}) ===]
n_iterations: 4
n_required_iterations: 4
n_possible_iterations: 7
min_resources_: 6
max_resources_: 11600
aggressive_elimination: False
factor: 3
----------
iter: 0
n_candidates: 50
n_resources: 6
Fitting 1 folds for each of 50 candidates, totalling 50 fits
----------
iter: 1
n_candidates: 17
n_resources: 18
Fitting 1 folds for each of 17 candidates, totalling 17 fits
----------
iter: 2
n_candidates: 6
n_resources: 54
Fitting 1 folds for each of 6 candidates, totalling 6 fits
----------
iter: 3
n_candidates: 2
n_resources: 162
Fitting 1 folds for each of 2 candidates, totalling 2 fits
      -> [KNN + Jittering Set 4] Acc: 0.9550, F1: 0.9553, Time: 0.05s
n_iterations: 4
n_required_iterations: 4
n_possible_iterations: 7
min_resources_: 6
max_resources_: 11600
aggressive_elimination: False
factor: 3
----------
iter: 0
n_candidates: 50
n_resources: 6
Fitting 1 folds for each of 50 candidates, totalling 50 fits
----------
iter: 1
n_candidates: 17
n_resources: 18
Fitting 1 folds for each of 17 candidates, totalling 17 fits
----------
iter: 2
n_candidates: 6
n_resources: 54
Fitting 1 folds for each of 6 candidates, totalling 6 fits
----------
iter: 3
n_candidates: 2
n_resources: 162
Fitting 1 folds for each of 2 candidates, totalling 2 fits
      -> [RandomForest + Jittering Set 4] Acc: 0.9450, F1: 0.9451, Time: 0.68s
n_iterations: 4
n_required_iterations: 4
n_possible_iterations: 7
min_resources_: 6
max_resources_: 11600
aggressive_elimination: False
factor: 3
----------
iter: 0
n_candidates: 50
n_resources: 6
Fitting 1 folds for each of 50 candidates, totalling 50 fits
----------
iter: 1
n_candidates: 17
n_resources: 18
Fitting 1 folds for each of 17 candidates, totalling 17 fits
----------
iter: 2
n_candidates: 6
n_resources: 54
Fitting 1 folds for each of 6 candidates, totalling 6 fits
----------
iter: 3
n_candidates: 2
n_resources: 162
Fitting 1 folds for each of 2 candidates, totalling 2 fits
      -> [LinearSVC + Jittering Set 4] Acc: 0.9700, F1: 0.9701, Time: 0.07s
n_iterations: 4
n_required_iterations: 4
n_possible_iterations: 7
min_resources_: 6
max_resources_: 11600
aggressive_elimination: False
factor: 3
----------
iter: 0
n_candidates: 50
n_resources: 6
Fitting 1 folds for each of 50 candidates, totalling 50 fits
----------
iter: 1
n_candidates: 17
n_resources: 18
Fitting 1 folds for each of 17 candidates, totalling 17 fits
----------
iter: 2
n_candidates: 6
n_resources: 54
Fitting 1 folds for each of 6 candidates, totalling 6 fits
----------
iter: 3
n_candidates: 2
n_resources: 162
Fitting 1 folds for each of 2 candidates, totalling 2 fits
      -> [LogisticRegression + Jittering Set 4] Acc: 0.9367, F1: 0.9372, Time: 0.28s
      [!] Failed evaluation with RNN on Jittering Set 4: name 'os' is not defined
    [=== Generating 3x synthetic data with Jittering (Set 5, Params: {'sigma': 0.15}) ===]
n_iterations: 4
n_required_iterations: 4
n_possible_iterations: 7
min_resources_: 6
max_resources_: 11600
aggressive_elimination: False
factor: 3
----------
iter: 0
n_candidates: 50
n_resources: 6
Fitting 1 folds for each of 50 candidates, totalling 50 fits
----------
iter: 1
n_candidates: 17
n_resources: 18
Fitting 1 folds for each of 17 candidates, totalling 17 fits
----------
iter: 2
n_candidates: 6
n_resources: 54
Fitting 1 folds for each of 6 candidates, totalling 6 fits
----------
iter: 3
n_candidates: 2
n_resources: 162
Fitting 1 folds for each of 2 candidates, totalling 2 fits
      -> [KNN + Jittering Set 5] Acc: 0.9517, F1: 0.9520, Time: 0.05s
n_iterations: 4
n_required_iterations: 4
n_possible_iterations: 7
min_resources_: 6
max_resources_: 11600
aggressive_elimination: False
factor: 3
----------
iter: 0
n_candidates: 50
n_resources: 6
Fitting 1 folds for each of 50 candidates, totalling 50 fits
----------
iter: 1
n_candidates: 17
n_resources: 18
Fitting 1 folds for each of 17 candidates, totalling 17 fits
----------
iter: 2
n_candidates: 6
n_resources: 54
Fitting 1 folds for each of 6 candidates, totalling 6 fits
----------
iter: 3
n_candidates: 2
n_resources: 162
Fitting 1 folds for each of 2 candidates, totalling 2 fits
      -> [RandomForest + Jittering Set 5] Acc: 0.9733, F1: 0.9732, Time: 0.66s
n_iterations: 4
n_required_iterations: 4
n_possible_iterations: 7
min_resources_: 6
max_resources_: 11600
aggressive_elimination: False
factor: 3
----------
iter: 0
n_candidates: 50
n_resources: 6
Fitting 1 folds for each of 50 candidates, totalling 50 fits
----------
iter: 1
n_candidates: 17
n_resources: 18
Fitting 1 folds for each of 17 candidates, totalling 17 fits
----------
iter: 2
n_candidates: 6
n_resources: 54
Fitting 1 folds for each of 6 candidates, totalling 6 fits
----------
iter: 3
n_candidates: 2
n_resources: 162
Fitting 1 folds for each of 2 candidates, totalling 2 fits
      -> [LinearSVC + Jittering Set 5] Acc: 0.9817, F1: 0.9816, Time: 0.07s
n_iterations: 4
n_required_iterations: 4
n_possible_iterations: 7
min_resources_: 6
max_resources_: 11600
aggressive_elimination: False
factor: 3
----------
iter: 0
n_candidates: 50
n_resources: 6
Fitting 1 folds for each of 50 candidates, totalling 50 fits
----------
iter: 1
n_candidates: 17
n_resources: 18
Fitting 1 folds for each of 17 candidates, totalling 17 fits
----------
iter: 2
n_candidates: 6
n_resources: 54
Fitting 1 folds for each of 6 candidates, totalling 6 fits
----------
iter: 3
n_candidates: 2
n_resources: 162
Fitting 1 folds for each of 2 candidates, totalling 2 fits
      -> [LogisticRegression + Jittering Set 5] Acc: 0.9483, F1: 0.9487, Time: 0.07s
      [!] Failed evaluation with RNN on Jittering Set 5: name 'os' is not defined
    [=== Generating 3x synthetic data with Jittering (Set 6, Params: {'sigma': 0.15}) ===]
n_iterations: 4
n_required_iterations: 4
n_possible_iterations: 7
min_resources_: 6
max_resources_: 11600
aggressive_elimination: False
factor: 3
----------
iter: 0
n_candidates: 50
n_resources: 6
Fitting 1 folds for each of 50 candidates, totalling 50 fits
----------
iter: 1
n_candidates: 17
n_resources: 18
Fitting 1 folds for each of 17 candidates, totalling 17 fits
----------
iter: 2
n_candidates: 6
n_resources: 54
Fitting 1 folds for each of 6 candidates, totalling 6 fits
----------
iter: 3
n_candidates: 2
n_resources: 162
Fitting 1 folds for each of 2 candidates, totalling 2 fits
      -> [KNN + Jittering Set 6] Acc: 0.9267, F1: 0.9272, Time: 0.02s
n_iterations: 4
n_required_iterations: 4
n_possible_iterations: 7
min_resources_: 6
max_resources_: 11600
aggressive_elimination: False
factor: 3
----------
iter: 0
n_candidates: 50
n_resources: 6
Fitting 1 folds for each of 50 candidates, totalling 50 fits
----------
iter: 1
n_candidates: 17
n_resources: 18
Fitting 1 folds for each of 17 candidates, totalling 17 fits
----------
iter: 2
n_candidates: 6
n_resources: 54
Fitting 1 folds for each of 6 candidates, totalling 6 fits
----------
iter: 3
n_candidates: 2
n_resources: 162
Fitting 1 folds for each of 2 candidates, totalling 2 fits
      -> [RandomForest + Jittering Set 6] Acc: 0.9833, F1: 0.9834, Time: 0.72s
n_iterations: 4
n_required_iterations: 4
n_possible_iterations: 7
min_resources_: 6
max_resources_: 11600
aggressive_elimination: False
factor: 3
----------
iter: 0
n_candidates: 50
n_resources: 6
Fitting 1 folds for each of 50 candidates, totalling 50 fits
----------
iter: 1
n_candidates: 17
n_resources: 18
Fitting 1 folds for each of 17 candidates, totalling 17 fits
----------
iter: 2
n_candidates: 6
n_resources: 54
Fitting 1 folds for each of 6 candidates, totalling 6 fits
----------
iter: 3
n_candidates: 2
n_resources: 162
Fitting 1 folds for each of 2 candidates, totalling 2 fits
      -> [LinearSVC + Jittering Set 6] Acc: 0.9767, F1: 0.9765, Time: 0.07s
n_iterations: 4
n_required_iterations: 4
n_possible_iterations: 7
min_resources_: 6
max_resources_: 11600
aggressive_elimination: False
factor: 3
----------
iter: 0
n_candidates: 50
n_resources: 6
Fitting 1 folds for each of 50 candidates, totalling 50 fits
----------
iter: 1
n_candidates: 17
n_resources: 18
Fitting 1 folds for each of 17 candidates, totalling 17 fits
----------
iter: 2
n_candidates: 6
n_resources: 54
Fitting 1 folds for each of 6 candidates, totalling 6 fits
----------
iter: 3
n_candidates: 2
n_resources: 162
Fitting 1 folds for each of 2 candidates, totalling 2 fits
      -> [LogisticRegression + Jittering Set 6] Acc: 0.9583, F1: 0.9586, Time: 0.07s
      [!] Failed evaluation with RNN on Jittering Set 6: name 'os' is not defined
    [=== Generating 3x synthetic data with Jittering (Set 7, Params: {'sigma': 0.03}) ===]
n_iterations: 4
n_required_iterations: 4
n_possible_iterations: 7
min_resources_: 6
max_resources_: 11600
aggressive_elimination: False
factor: 3
----------
iter: 0
n_candidates: 50
n_resources: 6
Fitting 1 folds for each of 50 candidates, totalling 50 fits
----------
iter: 1
n_candidates: 17
n_resources: 18
Fitting 1 folds for each of 17 candidates, totalling 17 fits
----------
iter: 2
n_candidates: 6
n_resources: 54
Fitting 1 folds for each of 6 candidates, totalling 6 fits
----------
iter: 3
n_candidates: 2
n_resources: 162
Fitting 1 folds for each of 2 candidates, totalling 2 fits
      -> [KNN + Jittering Set 7] Acc: 0.9600, F1: 0.9603, Time: 0.04s
n_iterations: 4
n_required_iterations: 4
n_possible_iterations: 7
min_resources_: 6
max_resources_: 11600
aggressive_elimination: False
factor: 3
----------
iter: 0
n_candidates: 50
n_resources: 6
Fitting 1 folds for each of 50 candidates, totalling 50 fits
----------
iter: 1
n_candidates: 17
n_resources: 18
Fitting 1 folds for each of 17 candidates, totalling 17 fits
----------
iter: 2
n_candidates: 6
n_resources: 54
Fitting 1 folds for each of 6 candidates, totalling 6 fits
----------
iter: 3
n_candidates: 2
n_resources: 162
Fitting 1 folds for each of 2 candidates, totalling 2 fits
      -> [RandomForest + Jittering Set 7] Acc: 0.9750, F1: 0.9748, Time: 0.68s
n_iterations: 4
n_required_iterations: 4
n_possible_iterations: 7
min_resources_: 6
max_resources_: 11600
aggressive_elimination: False
factor: 3
----------
iter: 0
n_candidates: 50
n_resources: 6
Fitting 1 folds for each of 50 candidates, totalling 50 fits
----------
iter: 1
n_candidates: 17
n_resources: 18
Fitting 1 folds for each of 17 candidates, totalling 17 fits
----------
iter: 2
n_candidates: 6
n_resources: 54
Fitting 1 folds for each of 6 candidates, totalling 6 fits
----------
iter: 3
n_candidates: 2
n_resources: 162
Fitting 1 folds for each of 2 candidates, totalling 2 fits
      -> [LinearSVC + Jittering Set 7] Acc: 0.9700, F1: 0.9701, Time: 0.07s
n_iterations: 4
n_required_iterations: 4
n_possible_iterations: 7
min_resources_: 6
max_resources_: 11600
aggressive_elimination: False
factor: 3
----------
iter: 0
n_candidates: 50
n_resources: 6
Fitting 1 folds for each of 50 candidates, totalling 50 fits
----------
iter: 1
n_candidates: 17
n_resources: 18
Fitting 1 folds for each of 17 candidates, totalling 17 fits
----------
iter: 2
n_candidates: 6
n_resources: 54
Fitting 1 folds for each of 6 candidates, totalling 6 fits
----------
iter: 3
n_candidates: 2
n_resources: 162
Fitting 1 folds for each of 2 candidates, totalling 2 fits
      -> [LogisticRegression + Jittering Set 7] Acc: 0.9317, F1: 0.9323, Time: 0.26s
      [!] Failed evaluation with RNN on Jittering Set 7: name 'os' is not defined
    [=== Generating 3x synthetic data with Jittering (Set 8, Params: {'sigma': 0.05}) ===]
n_iterations: 4
n_required_iterations: 4
n_possible_iterations: 7
min_resources_: 6
max_resources_: 11600
aggressive_elimination: False
factor: 3
----------
iter: 0
n_candidates: 50
n_resources: 6
Fitting 1 folds for each of 50 candidates, totalling 50 fits
----------
iter: 1
n_candidates: 17
n_resources: 18
Fitting 1 folds for each of 17 candidates, totalling 17 fits
----------
iter: 2
n_candidates: 6
n_resources: 54
Fitting 1 folds for each of 6 candidates, totalling 6 fits
----------
iter: 3
n_candidates: 2
n_resources: 162
Fitting 1 folds for each of 2 candidates, totalling 2 fits
      -> [KNN + Jittering Set 8] Acc: 0.9567, F1: 0.9570, Time: 0.04s
n_iterations: 4
n_required_iterations: 4
n_possible_iterations: 7
min_resources_: 6
max_resources_: 11600
aggressive_elimination: False
factor: 3
----------
iter: 0
n_candidates: 50
n_resources: 6
Fitting 1 folds for each of 50 candidates, totalling 50 fits
----------
iter: 1
n_candidates: 17
n_resources: 18
Fitting 1 folds for each of 17 candidates, totalling 17 fits
----------
iter: 2
n_candidates: 6
n_resources: 54
Fitting 1 folds for each of 6 candidates, totalling 6 fits
----------
iter: 3
n_candidates: 2
n_resources: 162
Fitting 1 folds for each of 2 candidates, totalling 2 fits
      -> [RandomForest + Jittering Set 8] Acc: 0.9483, F1: 0.9488, Time: 0.68s
n_iterations: 4
n_required_iterations: 4
n_possible_iterations: 7
min_resources_: 6
max_resources_: 11600
aggressive_elimination: False
factor: 3
----------
iter: 0
n_candidates: 50
n_resources: 6
Fitting 1 folds for each of 50 candidates, totalling 50 fits
----------
iter: 1
n_candidates: 17
n_resources: 18
Fitting 1 folds for each of 17 candidates, totalling 17 fits
----------
iter: 2
n_candidates: 6
n_resources: 54
Fitting 1 folds for each of 6 candidates, totalling 6 fits
----------
iter: 3
n_candidates: 2
n_resources: 162
Fitting 1 folds for each of 2 candidates, totalling 2 fits
      -> [LinearSVC + Jittering Set 8] Acc: 0.9683, F1: 0.9684, Time: 0.07s
n_iterations: 4
n_required_iterations: 4
n_possible_iterations: 7
min_resources_: 6
max_resources_: 11600
aggressive_elimination: False
factor: 3
----------
iter: 0
n_candidates: 50
n_resources: 6
Fitting 1 folds for each of 50 candidates, totalling 50 fits
----------
iter: 1
n_candidates: 17
n_resources: 18
Fitting 1 folds for each of 17 candidates, totalling 17 fits
----------
iter: 2
n_candidates: 6
n_resources: 54
Fitting 1 folds for each of 6 candidates, totalling 6 fits
----------
iter: 3
n_candidates: 2
n_resources: 162
Fitting 1 folds for each of 2 candidates, totalling 2 fits
      -> [LogisticRegression + Jittering Set 8] Acc: 0.9367, F1: 0.9372, Time: 0.27s
      [!] Failed evaluation with RNN on Jittering Set 8: name 'os' is not defined
    [=== Generating 3x synthetic data with Jittering (Set 9, Params: {'sigma': 0.05}) ===]
n_iterations: 4
n_required_iterations: 4
n_possible_iterations: 7
min_resources_: 6
max_resources_: 11600
aggressive_elimination: False
factor: 3
----------
iter: 0
n_candidates: 50
n_resources: 6
Fitting 1 folds for each of 50 candidates, totalling 50 fits
----------
iter: 1
n_candidates: 17
n_resources: 18
Fitting 1 folds for each of 17 candidates, totalling 17 fits
----------
iter: 2
n_candidates: 6
n_resources: 54
Fitting 1 folds for each of 6 candidates, totalling 6 fits
----------
iter: 3
n_candidates: 2
n_resources: 162
Fitting 1 folds for each of 2 candidates, totalling 2 fits
      -> [KNN + Jittering Set 9] Acc: 0.9617, F1: 0.9619, Time: 0.05s
n_iterations: 4
n_required_iterations: 4
n_possible_iterations: 7
min_resources_: 6
max_resources_: 11600
aggressive_elimination: False
factor: 3
----------
iter: 0
n_candidates: 50
n_resources: 6
Fitting 1 folds for each of 50 candidates, totalling 50 fits
----------
iter: 1
n_candidates: 17
n_resources: 18
Fitting 1 folds for each of 17 candidates, totalling 17 fits
----------
iter: 2
n_candidates: 6
n_resources: 54
Fitting 1 folds for each of 6 candidates, totalling 6 fits
----------
iter: 3
n_candidates: 2
n_resources: 162
Fitting 1 folds for each of 2 candidates, totalling 2 fits
      -> [RandomForest + Jittering Set 9] Acc: 0.9533, F1: 0.9533, Time: 0.65s
n_iterations: 4
n_required_iterations: 4
n_possible_iterations: 7
min_resources_: 6
max_resources_: 11600
aggressive_elimination: False
factor: 3
----------
iter: 0
n_candidates: 50
n_resources: 6
Fitting 1 folds for each of 50 candidates, totalling 50 fits
----------
iter: 1
n_candidates: 17
n_resources: 18
Fitting 1 folds for each of 17 candidates, totalling 17 fits
----------
iter: 2
n_candidates: 6
n_resources: 54
Fitting 1 folds for each of 6 candidates, totalling 6 fits
----------
iter: 3
n_candidates: 2
n_resources: 162
Fitting 1 folds for each of 2 candidates, totalling 2 fits
      -> [LinearSVC + Jittering Set 9] Acc: 0.9700, F1: 0.9701, Time: 0.07s
n_iterations: 4
n_required_iterations: 4
n_possible_iterations: 7
min_resources_: 6
max_resources_: 11600
aggressive_elimination: False
factor: 3
----------
iter: 0
n_candidates: 50
n_resources: 6
Fitting 1 folds for each of 50 candidates, totalling 50 fits
----------
iter: 1
n_candidates: 17
n_resources: 18
Fitting 1 folds for each of 17 candidates, totalling 17 fits
----------
iter: 2
n_candidates: 6
n_resources: 54
Fitting 1 folds for each of 6 candidates, totalling 6 fits
----------
iter: 3
n_candidates: 2
n_resources: 162
Fitting 1 folds for each of 2 candidates, totalling 2 fits
      -> [LogisticRegression + Jittering Set 9] Acc: 0.9367, F1: 0.9372, Time: 0.22s
      [!] Failed evaluation with RNN on Jittering Set 9: name 'os' is not defined
    [=== Generating 3x synthetic data with Jittering (Set 10, Params: {'sigma': 0.05}) ===]
n_iterations: 4
n_required_iterations: 4
n_possible_iterations: 7
min_resources_: 6
max_resources_: 11600
aggressive_elimination: False
factor: 3
----------
iter: 0
n_candidates: 50
n_resources: 6
Fitting 1 folds for each of 50 candidates, totalling 50 fits
----------
iter: 1
n_candidates: 17
n_resources: 18
Fitting 1 folds for each of 17 candidates, totalling 17 fits
----------
iter: 2
n_candidates: 6
n_resources: 54
Fitting 1 folds for each of 6 candidates, totalling 6 fits
----------
iter: 3
n_candidates: 2
n_resources: 162
Fitting 1 folds for each of 2 candidates, totalling 2 fits
      -> [KNN + Jittering Set 10] Acc: 0.9583, F1: 0.9586, Time: 0.04s
n_iterations: 4
n_required_iterations: 4
n_possible_iterations: 7
min_resources_: 6
max_resources_: 11600
aggressive_elimination: False
factor: 3
----------
iter: 0
n_candidates: 50
n_resources: 6
Fitting 1 folds for each of 50 candidates, totalling 50 fits
----------
iter: 1
n_candidates: 17
n_resources: 18
Fitting 1 folds for each of 17 candidates, totalling 17 fits
----------
iter: 2
n_candidates: 6
n_resources: 54
Fitting 1 folds for each of 6 candidates, totalling 6 fits
----------
iter: 3
n_candidates: 2
n_resources: 162
Fitting 1 folds for each of 2 candidates, totalling 2 fits
      -> [RandomForest + Jittering Set 10] Acc: 0.9550, F1: 0.9551, Time: 0.65s
n_iterations: 4
n_required_iterations: 4
n_possible_iterations: 7
min_resources_: 6
max_resources_: 11600
aggressive_elimination: False
factor: 3
----------
iter: 0
n_candidates: 50
n_resources: 6
Fitting 1 folds for each of 50 candidates, totalling 50 fits
----------
iter: 1
n_candidates: 17
n_resources: 18
Fitting 1 folds for each of 17 candidates, totalling 17 fits
----------
iter: 2
n_candidates: 6
n_resources: 54
Fitting 1 folds for each of 6 candidates, totalling 6 fits
----------
iter: 3
n_candidates: 2
n_resources: 162
Fitting 1 folds for each of 2 candidates, totalling 2 fits
      -> [LinearSVC + Jittering Set 10] Acc: 0.9717, F1: 0.9717, Time: 0.07s
n_iterations: 4
n_required_iterations: 4
n_possible_iterations: 7
min_resources_: 6
max_resources_: 11600
aggressive_elimination: False
factor: 3
----------
iter: 0
n_candidates: 50
n_resources: 6
Fitting 1 folds for each of 50 candidates, totalling 50 fits
----------
iter: 1
n_candidates: 17
n_resources: 18
Fitting 1 folds for each of 17 candidates, totalling 17 fits
----------
iter: 2
n_candidates: 6
n_resources: 54
Fitting 1 folds for each of 6 candidates, totalling 6 fits
----------
iter: 3
n_candidates: 2
n_resources: 162
Fitting 1 folds for each of 2 candidates, totalling 2 fits
      -> [LogisticRegression + Jittering Set 10] Acc: 0.9367, F1: 0.9372, Time: 0.28s
      [!] Failed evaluation with RNN on Jittering Set 10: name 'os' is not defined
    [=== Generating 5x synthetic data with Jittering (Set 1, Params: {'sigma': 0.03}) ===]
n_iterations: 4
n_required_iterations: 4
n_possible_iterations: 8
min_resources_: 6
max_resources_: 17400
aggressive_elimination: False
factor: 3
----------
iter: 0
n_candidates: 50
n_resources: 6
Fitting 1 folds for each of 50 candidates, totalling 50 fits
      -> [KNN + Jittering Set 1] Acc: 0.9233, F1: 0.9239, Time: 0.04s
n_iterations: 4
n_required_iterations: 4
n_possible_iterations: 8
min_resources_: 6
max_resources_: 17400
aggressive_elimination: False
factor: 3
----------
iter: 0
n_candidates: 50
n_resources: 6
Fitting 1 folds for each of 50 candidates, totalling 50 fits
      -> [RandomForest + Jittering Set 1] Acc: 0.9300, F1: 0.9307, Time: 2.12s
n_iterations: 4
n_required_iterations: 4
n_possible_iterations: 8
min_resources_: 6
max_resources_: 17400
aggressive_elimination: False
factor: 3
----------
iter: 0
n_candidates: 50
n_resources: 6
Fitting 1 folds for each of 50 candidates, totalling 50 fits
      -> [LinearSVC + Jittering Set 1] Acc: 0.9350, F1: 0.9356, Time: 0.05s
n_iterations: 4
n_required_iterations: 4
n_possible_iterations: 8
min_resources_: 6
max_resources_: 17400
aggressive_elimination: False
factor: 3
----------
iter: 0
n_candidates: 50
n_resources: 6
Fitting 1 folds for each of 50 candidates, totalling 50 fits
      -> [LogisticRegression + Jittering Set 1] Acc: 0.9350, F1: 0.9356, Time: 0.17s
      [!] Failed evaluation with RNN on Jittering Set 1: name 'os' is not defined
    [=== Generating 5x synthetic data with Jittering (Set 2, Params: {'sigma': 0.1}) ===]
n_iterations: 4
n_required_iterations: 4
n_possible_iterations: 8
min_resources_: 6
max_resources_: 17400
aggressive_elimination: False
factor: 3
----------
iter: 0
n_candidates: 50
n_resources: 6
Fitting 1 folds for each of 50 candidates, totalling 50 fits
      -> [KNN + Jittering Set 2] Acc: 0.9283, F1: 0.9289, Time: 0.05s
n_iterations: 4
n_required_iterations: 4
n_possible_iterations: 8
min_resources_: 6
max_resources_: 17400
aggressive_elimination: False
factor: 3
----------
iter: 0
n_candidates: 50
n_resources: 6
Fitting 1 folds for each of 50 candidates, totalling 50 fits
      -> [RandomForest + Jittering Set 2] Acc: 0.9717, F1: 0.9719, Time: 2.51s
n_iterations: 4
n_required_iterations: 4
n_possible_iterations: 8
min_resources_: 6
max_resources_: 17400
aggressive_elimination: False
factor: 3
----------
iter: 0
n_candidates: 50
n_resources: 6
Fitting 1 folds for each of 50 candidates, totalling 50 fits
      -> [LinearSVC + Jittering Set 2] Acc: 0.9700, F1: 0.9701, Time: 0.05s
n_iterations: 4
n_required_iterations: 4
n_possible_iterations: 8
min_resources_: 6
max_resources_: 17400
aggressive_elimination: False
factor: 3
----------
iter: 0
n_candidates: 50
n_resources: 6
Fitting 1 folds for each of 50 candidates, totalling 50 fits
      -> [LogisticRegression + Jittering Set 2] Acc: 0.9400, F1: 0.9405, Time: 0.60s
      [!] Failed evaluation with RNN on Jittering Set 2: name 'os' is not defined
    [=== Generating 5x synthetic data with Jittering (Set 3, Params: {'sigma': 0.15}) ===]
n_iterations: 4
n_required_iterations: 4
n_possible_iterations: 8
min_resources_: 6
max_resources_: 17400
aggressive_elimination: False
factor: 3
----------
iter: 0
n_candidates: 50
n_resources: 6
Fitting 1 folds for each of 50 candidates, totalling 50 fits
      -> [KNN + Jittering Set 3] Acc: 0.9317, F1: 0.9321, Time: 0.05s
n_iterations: 4
n_required_iterations: 4
n_possible_iterations: 8
min_resources_: 6
max_resources_: 17400
aggressive_elimination: False
factor: 3
----------
iter: 0
n_candidates: 50
n_resources: 6
Fitting 1 folds for each of 50 candidates, totalling 50 fits
      -> [RandomForest + Jittering Set 3] Acc: 0.9933, F1: 0.9933, Time: 2.63s
n_iterations: 4
n_required_iterations: 4
n_possible_iterations: 8
min_resources_: 6
max_resources_: 17400
aggressive_elimination: False
factor: 3
----------
iter: 0
n_candidates: 50
n_resources: 6
Fitting 1 folds for each of 50 candidates, totalling 50 fits
      -> [LinearSVC + Jittering Set 3] Acc: 0.9767, F1: 0.9765, Time: 0.04s
n_iterations: 4
n_required_iterations: 4
n_possible_iterations: 8
min_resources_: 6
max_resources_: 17400
aggressive_elimination: False
factor: 3
----------
iter: 0
n_candidates: 50
n_resources: 6
Fitting 1 folds for each of 50 candidates, totalling 50 fits
      -> [LogisticRegression + Jittering Set 3] Acc: 0.9467, F1: 0.9471, Time: 0.10s
      [!] Failed evaluation with RNN on Jittering Set 3: name 'os' is not defined
    [=== Generating 5x synthetic data with Jittering (Set 4, Params: {'sigma': 0.05}) ===]
n_iterations: 4
n_required_iterations: 4
n_possible_iterations: 8
min_resources_: 6
max_resources_: 17400
aggressive_elimination: False
factor: 3
----------
iter: 0
n_candidates: 50
n_resources: 6
Fitting 1 folds for each of 50 candidates, totalling 50 fits
      -> [KNN + Jittering Set 4] Acc: 0.9333, F1: 0.9337, Time: 0.05s
n_iterations: 4
n_required_iterations: 4
n_possible_iterations: 8
min_resources_: 6
max_resources_: 17400
aggressive_elimination: False
factor: 3
----------
iter: 0
n_candidates: 50
n_resources: 6
Fitting 1 folds for each of 50 candidates, totalling 50 fits
      -> [RandomForest + Jittering Set 4] Acc: 0.9550, F1: 0.9550, Time: 2.18s
n_iterations: 4
n_required_iterations: 4
n_possible_iterations: 8
min_resources_: 6
max_resources_: 17400
aggressive_elimination: False
factor: 3
----------
iter: 0
n_candidates: 50
n_resources: 6
Fitting 1 folds for each of 50 candidates, totalling 50 fits
      -> [LinearSVC + Jittering Set 4] Acc: 0.9433, F1: 0.9438, Time: 0.04s
n_iterations: 4
n_required_iterations: 4
n_possible_iterations: 8
min_resources_: 6
max_resources_: 17400
aggressive_elimination: False
factor: 3
----------
iter: 0
n_candidates: 50
n_resources: 6
Fitting 1 folds for each of 50 candidates, totalling 50 fits
      -> [LogisticRegression + Jittering Set 4] Acc: 0.9400, F1: 0.9405, Time: 0.16s
      [!] Failed evaluation with RNN on Jittering Set 4: name 'os' is not defined
    [=== Generating 5x synthetic data with Jittering (Set 5, Params: {'sigma': 0.15}) ===]
n_iterations: 4
n_required_iterations: 4
n_possible_iterations: 8
min_resources_: 6
max_resources_: 17400
aggressive_elimination: False
factor: 3
----------
iter: 0
n_candidates: 50
n_resources: 6
Fitting 1 folds for each of 50 candidates, totalling 50 fits
      -> [KNN + Jittering Set 5] Acc: 0.9317, F1: 0.9321, Time: 0.05s
n_iterations: 4
n_required_iterations: 4
n_possible_iterations: 8
min_resources_: 6
max_resources_: 17400
aggressive_elimination: False
factor: 3
----------
iter: 0
n_candidates: 50
n_resources: 6
Fitting 1 folds for each of 50 candidates, totalling 50 fits
      -> [RandomForest + Jittering Set 5] Acc: 0.9900, F1: 0.9900, Time: 2.73s
n_iterations: 4
n_required_iterations: 4
n_possible_iterations: 8
min_resources_: 6
max_resources_: 17400
aggressive_elimination: False
factor: 3
----------
iter: 0
n_candidates: 50
n_resources: 6
Fitting 1 folds for each of 50 candidates, totalling 50 fits
      -> [LinearSVC + Jittering Set 5] Acc: 0.9533, F1: 0.9532, Time: 0.05s
n_iterations: 4
n_required_iterations: 4
n_possible_iterations: 8
min_resources_: 6
max_resources_: 17400
aggressive_elimination: False
factor: 3
----------
iter: 0
n_candidates: 50
n_resources: 6
Fitting 1 folds for each of 50 candidates, totalling 50 fits
      -> [LogisticRegression + Jittering Set 5] Acc: 0.9383, F1: 0.9389, Time: 0.19s
      [!] Failed evaluation with RNN on Jittering Set 5: name 'os' is not defined
    [=== Generating 5x synthetic data with Jittering (Set 6, Params: {'sigma': 0.15}) ===]
n_iterations: 4
n_required_iterations: 4
n_possible_iterations: 8
min_resources_: 6
max_resources_: 17400
aggressive_elimination: False
factor: 3
----------
iter: 0
n_candidates: 50
n_resources: 6
Fitting 1 folds for each of 50 candidates, totalling 50 fits
      -> [KNN + Jittering Set 6] Acc: 0.9600, F1: 0.9602, Time: 0.08s
n_iterations: 4
n_required_iterations: 4
n_possible_iterations: 8
min_resources_: 6
max_resources_: 17400
aggressive_elimination: False
factor: 3
----------
iter: 0
n_candidates: 50
n_resources: 6
Fitting 1 folds for each of 50 candidates, totalling 50 fits
      -> [RandomForest + Jittering Set 6] Acc: 0.9950, F1: 0.9950, Time: 2.99s
n_iterations: 4
n_required_iterations: 4
n_possible_iterations: 8
min_resources_: 6
max_resources_: 17400
aggressive_elimination: False
factor: 3
----------
iter: 0
n_candidates: 50
n_resources: 6
Fitting 1 folds for each of 50 candidates, totalling 50 fits
      -> [LinearSVC + Jittering Set 6] Acc: 0.9750, F1: 0.9748, Time: 0.04s
n_iterations: 4
n_required_iterations: 4
n_possible_iterations: 8
min_resources_: 6
max_resources_: 17400
aggressive_elimination: False
factor: 3
----------
iter: 0
n_candidates: 50
n_resources: 6
Fitting 1 folds for each of 50 candidates, totalling 50 fits
      -> [LogisticRegression + Jittering Set 6] Acc: 0.9467, F1: 0.9471, Time: 0.29s
      [!] Failed evaluation with RNN on Jittering Set 6: name 'os' is not defined
    [=== Generating 5x synthetic data with Jittering (Set 7, Params: {'sigma': 0.03}) ===]
n_iterations: 4
n_required_iterations: 4
n_possible_iterations: 8
min_resources_: 6
max_resources_: 17400
aggressive_elimination: False
factor: 3
----------
iter: 0
n_candidates: 50
n_resources: 6
Fitting 1 folds for each of 50 candidates, totalling 50 fits
      -> [KNN + Jittering Set 7] Acc: 0.9367, F1: 0.9371, Time: 0.05s
n_iterations: 4
n_required_iterations: 4
n_possible_iterations: 8
min_resources_: 6
max_resources_: 17400
aggressive_elimination: False
factor: 3
----------
iter: 0
n_candidates: 50
n_resources: 6
Fitting 1 folds for each of 50 candidates, totalling 50 fits
      -> [RandomForest + Jittering Set 7] Acc: 0.9417, F1: 0.9421, Time: 2.55s
n_iterations: 4
n_required_iterations: 4
n_possible_iterations: 8
min_resources_: 6
max_resources_: 17400
aggressive_elimination: False
factor: 3
----------
iter: 0
n_candidates: 50
n_resources: 6
Fitting 1 folds for each of 50 candidates, totalling 50 fits
      -> [LinearSVC + Jittering Set 7] Acc: 0.9383, F1: 0.9389, Time: 0.05s
n_iterations: 4
n_required_iterations: 4
n_possible_iterations: 8
min_resources_: 6
max_resources_: 17400
aggressive_elimination: False
factor: 3
----------
iter: 0
n_candidates: 50
n_resources: 6
Fitting 1 folds for each of 50 candidates, totalling 50 fits
      -> [LogisticRegression + Jittering Set 7] Acc: 0.9350, F1: 0.9356, Time: 0.39s
      [!] Failed evaluation with RNN on Jittering Set 7: name 'os' is not defined
    [=== Generating 5x synthetic data with Jittering (Set 8, Params: {'sigma': 0.05}) ===]
n_iterations: 4
n_required_iterations: 4
n_possible_iterations: 8
min_resources_: 6
max_resources_: 17400
aggressive_elimination: False
factor: 3
----------
iter: 0
n_candidates: 50
n_resources: 6
Fitting 1 folds for each of 50 candidates, totalling 50 fits
      -> [KNN + Jittering Set 8] Acc: 0.9300, F1: 0.9305, Time: 0.05s
n_iterations: 4
n_required_iterations: 4
n_possible_iterations: 8
min_resources_: 6
max_resources_: 17400
aggressive_elimination: False
factor: 3
----------
iter: 0
n_candidates: 50
n_resources: 6
Fitting 1 folds for each of 50 candidates, totalling 50 fits
      -> [RandomForest + Jittering Set 8] Acc: 0.9417, F1: 0.9421, Time: 2.42s
n_iterations: 4
n_required_iterations: 4
n_possible_iterations: 8
min_resources_: 6
max_resources_: 17400
aggressive_elimination: False
factor: 3
----------
iter: 0
n_candidates: 50
n_resources: 6
Fitting 1 folds for each of 50 candidates, totalling 50 fits
      -> [LinearSVC + Jittering Set 8] Acc: 0.9433, F1: 0.9438, Time: 0.05s
n_iterations: 4
n_required_iterations: 4
n_possible_iterations: 8
min_resources_: 6
max_resources_: 17400
aggressive_elimination: False
factor: 3
----------
iter: 0
n_candidates: 50
n_resources: 6
Fitting 1 folds for each of 50 candidates, totalling 50 fits
      -> [LogisticRegression + Jittering Set 8] Acc: 0.9383, F1: 0.9389, Time: 0.39s
      [!] Failed evaluation with RNN on Jittering Set 8: name 'os' is not defined
    [=== Generating 5x synthetic data with Jittering (Set 9, Params: {'sigma': 0.05}) ===]
n_iterations: 4
n_required_iterations: 4
n_possible_iterations: 8
min_resources_: 6
max_resources_: 17400
aggressive_elimination: False
factor: 3
----------
iter: 0
n_candidates: 50
n_resources: 6
Fitting 1 folds for each of 50 candidates, totalling 50 fits
      -> [KNN + Jittering Set 9] Acc: 0.9333, F1: 0.9338, Time: 0.05s
n_iterations: 4
n_required_iterations: 4
n_possible_iterations: 8
min_resources_: 6
max_resources_: 17400
aggressive_elimination: False
factor: 3
----------
iter: 0
n_candidates: 50
n_resources: 6
Fitting 1 folds for each of 50 candidates, totalling 50 fits
      -> [RandomForest + Jittering Set 9] Acc: 0.9517, F1: 0.9516, Time: 2.47s
n_iterations: 4
n_required_iterations: 4
n_possible_iterations: 8
min_resources_: 6
max_resources_: 17400
aggressive_elimination: False
factor: 3
----------
iter: 0
n_candidates: 50
n_resources: 6
Fitting 1 folds for each of 50 candidates, totalling 50 fits
      -> [LinearSVC + Jittering Set 9] Acc: 0.9383, F1: 0.9389, Time: 0.05s
n_iterations: 4
n_required_iterations: 4
n_possible_iterations: 8
min_resources_: 6
max_resources_: 17400
aggressive_elimination: False
factor: 3
----------
iter: 0
n_candidates: 50
n_resources: 6
Fitting 1 folds for each of 50 candidates, totalling 50 fits
      -> [LogisticRegression + Jittering Set 9] Acc: 0.9350, F1: 0.9356, Time: 0.36s
      [!] Failed evaluation with RNN on Jittering Set 9: name 'os' is not defined
    [=== Generating 5x synthetic data with Jittering (Set 10, Params: {'sigma': 0.05}) ===]
n_iterations: 4
n_required_iterations: 4
n_possible_iterations: 8
min_resources_: 6
max_resources_: 17400
aggressive_elimination: False
factor: 3
----------
iter: 0
n_candidates: 50
n_resources: 6
Fitting 1 folds for each of 50 candidates, totalling 50 fits
      -> [KNN + Jittering Set 10] Acc: 0.9283, F1: 0.9288, Time: 0.05s
n_iterations: 4
n_required_iterations: 4
n_possible_iterations: 8
min_resources_: 6
max_resources_: 17400
aggressive_elimination: False
factor: 3
----------
iter: 0
n_candidates: 50
n_resources: 6
Fitting 1 folds for each of 50 candidates, totalling 50 fits
      -> [RandomForest + Jittering Set 10] Acc: 0.9483, F1: 0.9485, Time: 2.37s
n_iterations: 4
n_required_iterations: 4
n_possible_iterations: 8
min_resources_: 6
max_resources_: 17400
aggressive_elimination: False
factor: 3
----------
iter: 0
n_candidates: 50
n_resources: 6
Fitting 1 folds for each of 50 candidates, totalling 50 fits
      -> [LinearSVC + Jittering Set 10] Acc: 0.9400, F1: 0.9405, Time: 0.05s
n_iterations: 4
n_required_iterations: 4
n_possible_iterations: 8
min_resources_: 6
max_resources_: 17400
aggressive_elimination: False
factor: 3
----------
iter: 0
n_candidates: 50
n_resources: 6
Fitting 1 folds for each of 50 candidates, totalling 50 fits
      -> [LogisticRegression + Jittering Set 10] Acc: 0.9383, F1: 0.9389, Time: 0.31s
      [!] Failed evaluation with RNN on Jittering Set 10: name 'os' is not defined
    [=== Generating 10x synthetic data with Jittering (Set 1, Params: {'sigma': 0.03}) ===]
n_iterations: 4
n_required_iterations: 4
n_possible_iterations: 8
min_resources_: 6
max_resources_: 31900
aggressive_elimination: False
factor: 3
----------
iter: 0
n_candidates: 50
n_resources: 6
Fitting 1 folds for each of 50 candidates, totalling 50 fits
      -> [KNN + Jittering Set 1] Acc: 0.9333, F1: 0.9338, Time: 0.07s
n_iterations: 4
n_required_iterations: 4
n_possible_iterations: 8
min_resources_: 6
max_resources_: 31900
aggressive_elimination: False
factor: 3
----------
iter: 0
n_candidates: 50
n_resources: 6
Fitting 1 folds for each of 50 candidates, totalling 50 fits
      -> [RandomForest + Jittering Set 1] Acc: 0.9400, F1: 0.9408, Time: 4.73s
n_iterations: 4
n_required_iterations: 4
n_possible_iterations: 8
min_resources_: 6
max_resources_: 31900
aggressive_elimination: False
factor: 3
----------
iter: 0
n_candidates: 50
n_resources: 6
Fitting 1 folds for each of 50 candidates, totalling 50 fits
      -> [LinearSVC + Jittering Set 1] Acc: 0.9367, F1: 0.9372, Time: 0.11s
n_iterations: 4
n_required_iterations: 4
n_possible_iterations: 8
min_resources_: 6
max_resources_: 31900
aggressive_elimination: False
factor: 3
----------
iter: 0
n_candidates: 50
n_resources: 6
Fitting 1 folds for each of 50 candidates, totalling 50 fits
      -> [LogisticRegression + Jittering Set 1] Acc: 0.9367, F1: 0.9372, Time: 1.21s
      [!] Failed evaluation with RNN on Jittering Set 1: name 'os' is not defined
    [=== Generating 10x synthetic data with Jittering (Set 2, Params: {'sigma': 0.1}) ===]
n_iterations: 4
n_required_iterations: 4
n_possible_iterations: 8
min_resources_: 6
max_resources_: 31900
aggressive_elimination: False
factor: 3
----------
iter: 0
n_candidates: 50
n_resources: 6
Fitting 1 folds for each of 50 candidates, totalling 50 fits
      -> [KNN + Jittering Set 2] Acc: 0.9333, F1: 0.9339, Time: 0.11s
n_iterations: 4
n_required_iterations: 4
n_possible_iterations: 8
min_resources_: 6
max_resources_: 31900
aggressive_elimination: False
factor: 3
----------
iter: 0
n_candidates: 50
n_resources: 6
Fitting 1 folds for each of 50 candidates, totalling 50 fits
      -> [RandomForest + Jittering Set 2] Acc: 0.9950, F1: 0.9950, Time: 6.22s
n_iterations: 4
n_required_iterations: 4
n_possible_iterations: 8
min_resources_: 6
max_resources_: 31900
aggressive_elimination: False
factor: 3
----------
iter: 0
n_candidates: 50
n_resources: 6
Fitting 1 folds for each of 50 candidates, totalling 50 fits
      -> [LinearSVC + Jittering Set 2] Acc: 0.9667, F1: 0.9668, Time: 0.10s
n_iterations: 4
n_required_iterations: 4
n_possible_iterations: 8
min_resources_: 6
max_resources_: 31900
aggressive_elimination: False
factor: 3
----------
iter: 0
n_candidates: 50
n_resources: 6
Fitting 1 folds for each of 50 candidates, totalling 50 fits
      -> [LogisticRegression + Jittering Set 2] Acc: 0.9350, F1: 0.9356, Time: 0.56s
      [!] Failed evaluation with RNN on Jittering Set 2: name 'os' is not defined
    [=== Generating 10x synthetic data with Jittering (Set 3, Params: {'sigma': 0.15}) ===]
n_iterations: 4
n_required_iterations: 4
n_possible_iterations: 8
min_resources_: 6
max_resources_: 31900
aggressive_elimination: False
factor: 3
----------
iter: 0
n_candidates: 50
n_resources: 6
Fitting 1 folds for each of 50 candidates, totalling 50 fits
      -> [KNN + Jittering Set 3] Acc: 0.9183, F1: 0.9190, Time: 0.10s
n_iterations: 4
n_required_iterations: 4
n_possible_iterations: 8
min_resources_: 6
max_resources_: 31900
aggressive_elimination: False
factor: 3
----------
iter: 0
n_candidates: 50
n_resources: 6
Fitting 1 folds for each of 50 candidates, totalling 50 fits
      -> [RandomForest + Jittering Set 3] Acc: 0.9950, F1: 0.9950, Time: 6.64s
n_iterations: 4
n_required_iterations: 4
n_possible_iterations: 8
min_resources_: 6
max_resources_: 31900
aggressive_elimination: False
factor: 3
----------
iter: 0
n_candidates: 50
n_resources: 6
Fitting 1 folds for each of 50 candidates, totalling 50 fits
      -> [LinearSVC + Jittering Set 3] Acc: 0.9717, F1: 0.9715, Time: 0.09s
n_iterations: 4
n_required_iterations: 4
n_possible_iterations: 8
min_resources_: 6
max_resources_: 31900
aggressive_elimination: False
factor: 3
----------
iter: 0
n_candidates: 50
n_resources: 6
Fitting 1 folds for each of 50 candidates, totalling 50 fits
      -> [LogisticRegression + Jittering Set 3] Acc: 0.9400, F1: 0.9405, Time: 0.52s
      [!] Failed evaluation with RNN on Jittering Set 3: name 'os' is not defined
    [=== Generating 10x synthetic data with Jittering (Set 4, Params: {'sigma': 0.05}) ===]
n_iterations: 4
n_required_iterations: 4
n_possible_iterations: 8
min_resources_: 6
max_resources_: 31900
aggressive_elimination: False
factor: 3
----------
iter: 0
n_candidates: 50
n_resources: 6
Fitting 1 folds for each of 50 candidates, totalling 50 fits
      -> [KNN + Jittering Set 4] Acc: 0.9367, F1: 0.9370, Time: 0.11s
n_iterations: 4
n_required_iterations: 4
n_possible_iterations: 8
min_resources_: 6
max_resources_: 31900
aggressive_elimination: False
factor: 3
----------
iter: 0
n_candidates: 50
n_resources: 6
Fitting 1 folds for each of 50 candidates, totalling 50 fits
      -> [RandomForest + Jittering Set 4] Acc: 0.9317, F1: 0.9324, Time: 5.66s
n_iterations: 4
n_required_iterations: 4
n_possible_iterations: 8
min_resources_: 6
max_resources_: 31900
aggressive_elimination: False
factor: 3
----------
iter: 0
n_candidates: 50
n_resources: 6
Fitting 1 folds for each of 50 candidates, totalling 50 fits
      -> [LinearSVC + Jittering Set 4] Acc: 0.9433, F1: 0.9438, Time: 0.12s
n_iterations: 4
n_required_iterations: 4
n_possible_iterations: 8
min_resources_: 6
max_resources_: 31900
aggressive_elimination: False
factor: 3
----------
iter: 0
n_candidates: 50
n_resources: 6
Fitting 1 folds for each of 50 candidates, totalling 50 fits
      -> [LogisticRegression + Jittering Set 4] Acc: 0.9383, F1: 0.9389, Time: 1.10s
      [!] Failed evaluation with RNN on Jittering Set 4: name 'os' is not defined
    [=== Generating 10x synthetic data with Jittering (Set 5, Params: {'sigma': 0.15}) ===]
n_iterations: 4
n_required_iterations: 4
n_possible_iterations: 8
min_resources_: 6
max_resources_: 31900
aggressive_elimination: False
factor: 3
----------
iter: 0
n_candidates: 50
n_resources: 6
Fitting 1 folds for each of 50 candidates, totalling 50 fits
      -> [KNN + Jittering Set 5] Acc: 0.9183, F1: 0.9190, Time: 0.09s
n_iterations: 4
n_required_iterations: 4
n_possible_iterations: 8
min_resources_: 6
max_resources_: 31900
aggressive_elimination: False
factor: 3
----------
iter: 0
n_candidates: 50
n_resources: 6
Fitting 1 folds for each of 50 candidates, totalling 50 fits
      -> [RandomForest + Jittering Set 5] Acc: 0.9967, F1: 0.9967, Time: 7.35s
n_iterations: 4
n_required_iterations: 4
n_possible_iterations: 8
min_resources_: 6
max_resources_: 31900
aggressive_elimination: False
factor: 3
----------
iter: 0
n_candidates: 50
n_resources: 6
Fitting 1 folds for each of 50 candidates, totalling 50 fits
      -> [LinearSVC + Jittering Set 5] Acc: 0.9683, F1: 0.9681, Time: 0.09s
n_iterations: 4
n_required_iterations: 4
n_possible_iterations: 8
min_resources_: 6
max_resources_: 31900
aggressive_elimination: False
factor: 3
----------
iter: 0
n_candidates: 50
n_resources: 6
Fitting 1 folds for each of 50 candidates, totalling 50 fits
      -> [LogisticRegression + Jittering Set 5] Acc: 0.9467, F1: 0.9471, Time: 0.57s
      [!] Failed evaluation with RNN on Jittering Set 5: name 'os' is not defined
    [=== Generating 10x synthetic data with Jittering (Set 6, Params: {'sigma': 0.15}) ===]
n_iterations: 4
n_required_iterations: 4
n_possible_iterations: 8
min_resources_: 6
max_resources_: 31900
aggressive_elimination: False
factor: 3
----------
iter: 0
n_candidates: 50
n_resources: 6
Fitting 1 folds for each of 50 candidates, totalling 50 fits
      -> [KNN + Jittering Set 6] Acc: 0.9333, F1: 0.9337, Time: 0.16s
n_iterations: 4
n_required_iterations: 4
n_possible_iterations: 8
min_resources_: 6
max_resources_: 31900
aggressive_elimination: False
factor: 3
----------
iter: 0
n_candidates: 50
n_resources: 6
Fitting 1 folds for each of 50 candidates, totalling 50 fits
      -> [RandomForest + Jittering Set 6] Acc: 0.9950, F1: 0.9950, Time: 7.18s
n_iterations: 4
n_required_iterations: 4
n_possible_iterations: 8
min_resources_: 6
max_resources_: 31900
aggressive_elimination: False
factor: 3
----------
iter: 0
n_candidates: 50
n_resources: 6
Fitting 1 folds for each of 50 candidates, totalling 50 fits
      -> [LinearSVC + Jittering Set 6] Acc: 0.9750, F1: 0.9748, Time: 0.09s
n_iterations: 4
n_required_iterations: 4
n_possible_iterations: 8
min_resources_: 6
max_resources_: 31900
aggressive_elimination: False
factor: 3
----------
iter: 0
n_candidates: 50
n_resources: 6
Fitting 1 folds for each of 50 candidates, totalling 50 fits
      -> [LogisticRegression + Jittering Set 6] Acc: 0.9517, F1: 0.9520, Time: 0.74s
      [!] Failed evaluation with RNN on Jittering Set 6: name 'os' is not defined
    [=== Generating 10x synthetic data with Jittering (Set 7, Params: {'sigma': 0.03}) ===]
n_iterations: 4
n_required_iterations: 4
n_possible_iterations: 8
min_resources_: 6
max_resources_: 31900
aggressive_elimination: False
factor: 3
----------
iter: 0
n_candidates: 50
n_resources: 6
Fitting 1 folds for each of 50 candidates, totalling 50 fits
      -> [KNN + Jittering Set 7] Acc: 0.9267, F1: 0.9272, Time: 0.11s
n_iterations: 4
n_required_iterations: 4
n_possible_iterations: 8
min_resources_: 6
max_resources_: 31900
aggressive_elimination: False
factor: 3
----------
iter: 0
n_candidates: 50
n_resources: 6
Fitting 1 folds for each of 50 candidates, totalling 50 fits
      -> [RandomForest + Jittering Set 7] Acc: 0.9350, F1: 0.9356, Time: 5.72s
n_iterations: 4
n_required_iterations: 4
n_possible_iterations: 8
min_resources_: 6
max_resources_: 31900
aggressive_elimination: False
factor: 3
----------
iter: 0
n_candidates: 50
n_resources: 6
Fitting 1 folds for each of 50 candidates, totalling 50 fits
      -> [LinearSVC + Jittering Set 7] Acc: 0.9350, F1: 0.9356, Time: 0.11s
n_iterations: 4
n_required_iterations: 4
n_possible_iterations: 8
min_resources_: 6
max_resources_: 31900
aggressive_elimination: False
factor: 3
----------
iter: 0
n_candidates: 50
n_resources: 6
Fitting 1 folds for each of 50 candidates, totalling 50 fits
      -> [LogisticRegression + Jittering Set 7] Acc: 0.9350, F1: 0.9356, Time: 0.65s
      [!] Failed evaluation with RNN on Jittering Set 7: name 'os' is not defined
    [=== Generating 10x synthetic data with Jittering (Set 8, Params: {'sigma': 0.05}) ===]
n_iterations: 4
n_required_iterations: 4
n_possible_iterations: 8
min_resources_: 6
max_resources_: 31900
aggressive_elimination: False
factor: 3
----------
iter: 0
n_candidates: 50
n_resources: 6
Fitting 1 folds for each of 50 candidates, totalling 50 fits
      -> [KNN + Jittering Set 8] Acc: 0.9300, F1: 0.9305, Time: 0.12s
n_iterations: 4
n_required_iterations: 4
n_possible_iterations: 8
min_resources_: 6
max_resources_: 31900
aggressive_elimination: False
factor: 3
----------
iter: 0
n_candidates: 50
n_resources: 6
Fitting 1 folds for each of 50 candidates, totalling 50 fits
      -> [RandomForest + Jittering Set 8] Acc: 0.9667, F1: 0.9669, Time: 5.45s
n_iterations: 4
n_required_iterations: 4
n_possible_iterations: 8
min_resources_: 6
max_resources_: 31900
aggressive_elimination: False
factor: 3
----------
iter: 0
n_candidates: 50
n_resources: 6
Fitting 1 folds for each of 50 candidates, totalling 50 fits
      -> [LinearSVC + Jittering Set 8] Acc: 0.9467, F1: 0.9471, Time: 0.09s
n_iterations: 4
n_required_iterations: 4
n_possible_iterations: 8
min_resources_: 6
max_resources_: 31900
aggressive_elimination: False
factor: 3
----------
iter: 0
n_candidates: 50
n_resources: 6
Fitting 1 folds for each of 50 candidates, totalling 50 fits
      -> [LogisticRegression + Jittering Set 8] Acc: 0.9417, F1: 0.9422, Time: 0.31s
      [!] Failed evaluation with RNN on Jittering Set 8: name 'os' is not defined
    [=== Generating 10x synthetic data with Jittering (Set 9, Params: {'sigma': 0.05}) ===]
n_iterations: 4
n_required_iterations: 4
n_possible_iterations: 8
min_resources_: 6
max_resources_: 31900
aggressive_elimination: False
factor: 3
----------
iter: 0
n_candidates: 50
n_resources: 6
Fitting 1 folds for each of 50 candidates, totalling 50 fits
      -> [KNN + Jittering Set 9] Acc: 0.9300, F1: 0.9305, Time: 0.07s
n_iterations: 4
n_required_iterations: 4
n_possible_iterations: 8
min_resources_: 6
max_resources_: 31900
aggressive_elimination: False
factor: 3
----------
iter: 0
n_candidates: 50
n_resources: 6
Fitting 1 folds for each of 50 candidates, totalling 50 fits
      -> [RandomForest + Jittering Set 9] Acc: 0.9717, F1: 0.9718, Time: 5.08s
n_iterations: 4
n_required_iterations: 4
n_possible_iterations: 8
min_resources_: 6
max_resources_: 31900
aggressive_elimination: False
factor: 3
----------
iter: 0
n_candidates: 50
n_resources: 6
Fitting 1 folds for each of 50 candidates, totalling 50 fits
      -> [LinearSVC + Jittering Set 9] Acc: 0.9483, F1: 0.9487, Time: 0.10s
n_iterations: 4
n_required_iterations: 4
n_possible_iterations: 8
min_resources_: 6
max_resources_: 31900
aggressive_elimination: False
factor: 3
----------
iter: 0
n_candidates: 50
n_resources: 6
Fitting 1 folds for each of 50 candidates, totalling 50 fits
      -> [LogisticRegression + Jittering Set 9] Acc: 0.9417, F1: 0.9422, Time: 0.69s
      [!] Failed evaluation with RNN on Jittering Set 9: name 'os' is not defined
    [=== Generating 10x synthetic data with Jittering (Set 10, Params: {'sigma': 0.05}) ===]
n_iterations: 4
n_required_iterations: 4
n_possible_iterations: 8
min_resources_: 6
max_resources_: 31900
aggressive_elimination: False
factor: 3
----------
iter: 0
n_candidates: 50
n_resources: 6
Fitting 1 folds for each of 50 candidates, totalling 50 fits
      -> [KNN + Jittering Set 10] Acc: 0.9383, F1: 0.9387, Time: 0.07s
n_iterations: 4
n_required_iterations: 4
n_possible_iterations: 8
min_resources_: 6
max_resources_: 31900
aggressive_elimination: False
factor: 3
----------
iter: 0
n_candidates: 50
n_resources: 6
Fitting 1 folds for each of 50 candidates, totalling 50 fits
      -> [RandomForest + Jittering Set 10] Acc: 0.9617, F1: 0.9621, Time: 4.69s
n_iterations: 4
n_required_iterations: 4
n_possible_iterations: 8
min_resources_: 6
max_resources_: 31900
aggressive_elimination: False
factor: 3
----------
iter: 0
n_candidates: 50
n_resources: 6
Fitting 1 folds for each of 50 candidates, totalling 50 fits
      -> [LinearSVC + Jittering Set 10] Acc: 0.9417, F1: 0.9421, Time: 0.09s
n_iterations: 4
n_required_iterations: 4
n_possible_iterations: 8
min_resources_: 6
max_resources_: 31900
aggressive_elimination: False
factor: 3
----------
iter: 0
n_candidates: 50
n_resources: 6
Fitting 1 folds for each of 50 candidates, totalling 50 fits
      -> [LogisticRegression + Jittering Set 10] Acc: 0.9383, F1: 0.9389, Time: 0.29s
      [!] Failed evaluation with RNN on Jittering Set 10: name 'os' is not defined

    >> Seed Fold Selection: 6/10
    Evaluating Model: KNN
      -> [Baseline] Acc: 0.9283, F1: 0.9290, Time: 0.03s
      HP Tuning KNN...
n_iterations: 4
n_required_iterations: 4
n_possible_iterations: 5
min_resources_: 30
max_resources_: 2900
aggressive_elimination: False
factor: 3
----------
iter: 0
n_candidates: 50
n_resources: 30
Fitting 5 folds for each of 50 candidates, totalling 250 fits
----------
iter: 1
n_candidates: 17
n_resources: 90
Fitting 5 folds for each of 17 candidates, totalling 85 fits
----------
iter: 2
n_candidates: 6
n_resources: 270
Fitting 5 folds for each of 6 candidates, totalling 30 fits
----------
iter: 3
n_candidates: 2
n_resources: 810
Fitting 5 folds for each of 2 candidates, totalling 10 fits
      -> [Tuned_Baseline] Acc: 0.9433, F1: 0.9438, Time: 0.01s
    Evaluating Model: RandomForest
      -> [Baseline] Acc: 0.9100, F1: 0.9112, Time: 0.43s
      HP Tuning RandomForest...
n_iterations: 4
n_required_iterations: 4
n_possible_iterations: 5
min_resources_: 30
max_resources_: 2900
aggressive_elimination: False
factor: 3
----------
iter: 0
n_candidates: 50
n_resources: 30
Fitting 5 folds for each of 50 candidates, totalling 250 fits
----------
iter: 1
n_candidates: 17
n_resources: 90
Fitting 5 folds for each of 17 candidates, totalling 85 fits
----------
iter: 2
n_candidates: 6
n_resources: 270
Fitting 5 folds for each of 6 candidates, totalling 30 fits
----------
iter: 3
n_candidates: 2
n_resources: 810
Fitting 5 folds for each of 2 candidates, totalling 10 fits
      -> [Tuned_Baseline] Acc: 0.9150, F1: 0.9160, Time: 0.00s
    Evaluating Model: LinearSVC
      -> [Baseline] Acc: 0.9867, F1: 0.9867, Time: 0.01s
      HP Tuning LinearSVC...
n_iterations: 4
n_required_iterations: 4
n_possible_iterations: 5
min_resources_: 30
max_resources_: 2900
aggressive_elimination: False
factor: 3
----------
iter: 0
n_candidates: 50
n_resources: 30
Fitting 5 folds for each of 50 candidates, totalling 250 fits
----------
iter: 1
n_candidates: 17
n_resources: 90
Fitting 5 folds for each of 17 candidates, totalling 85 fits
----------
iter: 2
n_candidates: 6
n_resources: 270
Fitting 5 folds for each of 6 candidates, totalling 30 fits
----------
iter: 3
n_candidates: 2
n_resources: 810
Fitting 5 folds for each of 2 candidates, totalling 10 fits
      -> [Tuned_Baseline] Acc: 0.9900, F1: 0.9900, Time: 0.00s
    Evaluating Model: LogisticRegression
      -> [Baseline] Acc: 0.9900, F1: 0.9900, Time: 0.04s
      HP Tuning LogisticRegression...
n_iterations: 4
n_required_iterations: 4
n_possible_iterations: 5
min_resources_: 30
max_resources_: 2900
aggressive_elimination: False
factor: 3
----------
iter: 0
n_candidates: 50
n_resources: 30
Fitting 5 folds for each of 50 candidates, totalling 250 fits
----------
iter: 1
n_candidates: 17
n_resources: 90
Fitting 5 folds for each of 17 candidates, totalling 85 fits
----------
iter: 2
n_candidates: 6
n_resources: 270
Fitting 5 folds for each of 6 candidates, totalling 30 fits
----------
iter: 3
n_candidates: 2
n_resources: 810
Fitting 5 folds for each of 2 candidates, totalling 10 fits
      -> [Tuned_Baseline] Acc: 0.9867, F1: 0.9867, Time: 0.00s
    Evaluating Model: RNN
      [!] Baseline failed for RNN: name 'os' is not defined
      HP Tuning RNN...
n_iterations: 1
n_required_iterations: 2
n_possible_iterations: 1
min_resources_: 10
max_resources_: 29
aggressive_elimination: False
factor: 3
----------
iter: 0
n_candidates: 4
n_resources: 10
Fitting 5 folds for each of 4 candidates, totalling 20 fits
      [!] HP Tuning failed, using base model: 
All the 20 fits failed.
It is very likely that your model is misconfigured.
You can try to debug the error by setting error_score='raise'.

Below are more details about the failures:
--------------------------------------------------------------------------------
20 fits failed with the following error:
Traceback (most recent call last):
  File "/usr/local/lib/python3.10/dist-packages/sklearn/model_selection/_validation.py", line 859, in _fit_and_score
    estimator.fit(X_train, y_train, **fit_params)
  File "/home/phantrung/Synthesis-Data-Gen/models.py", line 60, in fit
    n_threads = int(os.environ.get('N_JOBS', 1))
NameError: name 'os' is not defined

      -> [Tuned_Baseline] Acc: 0.1667, F1: 0.0476, Time: 0.00s
    [=== Generating 2x synthetic data with Jittering (Set 1, Params: {'sigma': 0.03}) ===]
n_iterations: 4
n_required_iterations: 4
n_possible_iterations: 7
min_resources_: 6
max_resources_: 8700
aggressive_elimination: False
factor: 3
----------
iter: 0
n_candidates: 50
n_resources: 6
Fitting 1 folds for each of 50 candidates, totalling 50 fits
----------
iter: 1
n_candidates: 17
n_resources: 18
Fitting 1 folds for each of 17 candidates, totalling 17 fits
----------
iter: 2
n_candidates: 6
n_resources: 54
Fitting 1 folds for each of 6 candidates, totalling 6 fits
----------
iter: 3
n_candidates: 2
n_resources: 162
Fitting 1 folds for each of 2 candidates, totalling 2 fits
      -> [KNN + Jittering Set 1] Acc: 0.9333, F1: 0.9340, Time: 0.01s
n_iterations: 4
n_required_iterations: 4
n_possible_iterations: 7
min_resources_: 6
max_resources_: 8700
aggressive_elimination: False
factor: 3
----------
iter: 0
n_candidates: 50
n_resources: 6
Fitting 1 folds for each of 50 candidates, totalling 50 fits
----------
iter: 1
n_candidates: 17
n_resources: 18
Fitting 1 folds for each of 17 candidates, totalling 17 fits
----------
iter: 2
n_candidates: 6
n_resources: 54
Fitting 1 folds for each of 6 candidates, totalling 6 fits
----------
iter: 3
n_candidates: 2
n_resources: 162
Fitting 1 folds for each of 2 candidates, totalling 2 fits
      -> [RandomForest + Jittering Set 1] Acc: 0.9150, F1: 0.9161, Time: 1.14s
n_iterations: 4
n_required_iterations: 4
n_possible_iterations: 7
min_resources_: 6
max_resources_: 8700
aggressive_elimination: False
factor: 3
----------
iter: 0
n_candidates: 50
n_resources: 6
Fitting 1 folds for each of 50 candidates, totalling 50 fits
----------
iter: 1
n_candidates: 17
n_resources: 18
Fitting 1 folds for each of 17 candidates, totalling 17 fits
----------
iter: 2
n_candidates: 6
n_resources: 54
Fitting 1 folds for each of 6 candidates, totalling 6 fits
----------
iter: 3
n_candidates: 2
n_resources: 162
Fitting 1 folds for each of 2 candidates, totalling 2 fits
      -> [LinearSVC + Jittering Set 1] Acc: 0.9900, F1: 0.9900, Time: 0.04s
n_iterations: 4
n_required_iterations: 4
n_possible_iterations: 7
min_resources_: 6
max_resources_: 8700
aggressive_elimination: False
factor: 3
----------
iter: 0
n_candidates: 50
n_resources: 6
Fitting 1 folds for each of 50 candidates, totalling 50 fits
----------
iter: 1
n_candidates: 17
n_resources: 18
Fitting 1 folds for each of 17 candidates, totalling 17 fits
----------
iter: 2
n_candidates: 6
n_resources: 54
Fitting 1 folds for each of 6 candidates, totalling 6 fits
----------
iter: 3
n_candidates: 2
n_resources: 162
Fitting 1 folds for each of 2 candidates, totalling 2 fits
      -> [LogisticRegression + Jittering Set 1] Acc: 0.9817, F1: 0.9817, Time: 0.13s
      [!] Failed evaluation with RNN on Jittering Set 1: name 'os' is not defined
    [=== Generating 2x synthetic data with Jittering (Set 2, Params: {'sigma': 0.1}) ===]
n_iterations: 4
n_required_iterations: 4
n_possible_iterations: 7
min_resources_: 6
max_resources_: 8700
aggressive_elimination: False
factor: 3
----------
iter: 0
n_candidates: 50
n_resources: 6
Fitting 1 folds for each of 50 candidates, totalling 50 fits
----------
iter: 1
n_candidates: 17
n_resources: 18
Fitting 1 folds for each of 17 candidates, totalling 17 fits
----------
iter: 2
n_candidates: 6
n_resources: 54
Fitting 1 folds for each of 6 candidates, totalling 6 fits
----------
iter: 3
n_candidates: 2
n_resources: 162
Fitting 1 folds for each of 2 candidates, totalling 2 fits
      -> [KNN + Jittering Set 2] Acc: 0.9317, F1: 0.9323, Time: 0.01s
n_iterations: 4
n_required_iterations: 4
n_possible_iterations: 7
min_resources_: 6
max_resources_: 8700
aggressive_elimination: False
factor: 3
----------
iter: 0
n_candidates: 50
n_resources: 6
Fitting 1 folds for each of 50 candidates, totalling 50 fits
----------
iter: 1
n_candidates: 17
n_resources: 18
Fitting 1 folds for each of 17 candidates, totalling 17 fits
----------
iter: 2
n_candidates: 6
n_resources: 54
Fitting 1 folds for each of 6 candidates, totalling 6 fits
----------
iter: 3
n_candidates: 2
n_resources: 162
Fitting 1 folds for each of 2 candidates, totalling 2 fits
      -> [RandomForest + Jittering Set 2] Acc: 0.9350, F1: 0.9354, Time: 1.40s
n_iterations: 4
n_required_iterations: 4
n_possible_iterations: 7
min_resources_: 6
max_resources_: 8700
aggressive_elimination: False
factor: 3
----------
iter: 0
n_candidates: 50
n_resources: 6
Fitting 1 folds for each of 50 candidates, totalling 50 fits
----------
iter: 1
n_candidates: 17
n_resources: 18
Fitting 1 folds for each of 17 candidates, totalling 17 fits
----------
iter: 2
n_candidates: 6
n_resources: 54
Fitting 1 folds for each of 6 candidates, totalling 6 fits
----------
iter: 3
n_candidates: 2
n_resources: 162
Fitting 1 folds for each of 2 candidates, totalling 2 fits
      -> [LinearSVC + Jittering Set 2] Acc: 0.9883, F1: 0.9883, Time: 0.04s
n_iterations: 4
n_required_iterations: 4
n_possible_iterations: 7
min_resources_: 6
max_resources_: 8700
aggressive_elimination: False
factor: 3
----------
iter: 0
n_candidates: 50
n_resources: 6
Fitting 1 folds for each of 50 candidates, totalling 50 fits
----------
iter: 1
n_candidates: 17
n_resources: 18
Fitting 1 folds for each of 17 candidates, totalling 17 fits
----------
iter: 2
n_candidates: 6
n_resources: 54
Fitting 1 folds for each of 6 candidates, totalling 6 fits
----------
iter: 3
n_candidates: 2
n_resources: 162
Fitting 1 folds for each of 2 candidates, totalling 2 fits
      -> [LogisticRegression + Jittering Set 2] Acc: 0.9900, F1: 0.9900, Time: 0.04s
      [!] Failed evaluation with RNN on Jittering Set 2: name 'os' is not defined
    [=== Generating 2x synthetic data with Jittering (Set 3, Params: {'sigma': 0.15}) ===]
n_iterations: 4
n_required_iterations: 4
n_possible_iterations: 7
min_resources_: 6
max_resources_: 8700
aggressive_elimination: False
factor: 3
----------
iter: 0
n_candidates: 50
n_resources: 6
Fitting 1 folds for each of 50 candidates, totalling 50 fits
----------
iter: 1
n_candidates: 17
n_resources: 18
Fitting 1 folds for each of 17 candidates, totalling 17 fits
----------
iter: 2
n_candidates: 6
n_resources: 54
Fitting 1 folds for each of 6 candidates, totalling 6 fits
----------
iter: 3
n_candidates: 2
n_resources: 162
Fitting 1 folds for each of 2 candidates, totalling 2 fits
      -> [KNN + Jittering Set 3] Acc: 0.9550, F1: 0.9553, Time: 0.03s
n_iterations: 4
n_required_iterations: 4
n_possible_iterations: 7
min_resources_: 6
max_resources_: 8700
aggressive_elimination: False
factor: 3
----------
iter: 0
n_candidates: 50
n_resources: 6
Fitting 1 folds for each of 50 candidates, totalling 50 fits
----------
iter: 1
n_candidates: 17
n_resources: 18
Fitting 1 folds for each of 17 candidates, totalling 17 fits
----------
iter: 2
n_candidates: 6
n_resources: 54
Fitting 1 folds for each of 6 candidates, totalling 6 fits
----------
iter: 3
n_candidates: 2
n_resources: 162
Fitting 1 folds for each of 2 candidates, totalling 2 fits
      -> [RandomForest + Jittering Set 3] Acc: 0.9617, F1: 0.9616, Time: 1.49s
n_iterations: 4
n_required_iterations: 4
n_possible_iterations: 7
min_resources_: 6
max_resources_: 8700
aggressive_elimination: False
factor: 3
----------
iter: 0
n_candidates: 50
n_resources: 6
Fitting 1 folds for each of 50 candidates, totalling 50 fits
----------
iter: 1
n_candidates: 17
n_resources: 18
Fitting 1 folds for each of 17 candidates, totalling 17 fits
----------
iter: 2
n_candidates: 6
n_resources: 54
Fitting 1 folds for each of 6 candidates, totalling 6 fits
----------
iter: 3
n_candidates: 2
n_resources: 162
Fitting 1 folds for each of 2 candidates, totalling 2 fits
      -> [LinearSVC + Jittering Set 3] Acc: 0.9867, F1: 0.9866, Time: 0.04s
n_iterations: 4
n_required_iterations: 4
n_possible_iterations: 7
min_resources_: 6
max_resources_: 8700
aggressive_elimination: False
factor: 3
----------
iter: 0
n_candidates: 50
n_resources: 6
Fitting 1 folds for each of 50 candidates, totalling 50 fits
----------
iter: 1
n_candidates: 17
n_resources: 18
Fitting 1 folds for each of 17 candidates, totalling 17 fits
----------
iter: 2
n_candidates: 6
n_resources: 54
Fitting 1 folds for each of 6 candidates, totalling 6 fits
----------
iter: 3
n_candidates: 2
n_resources: 162
Fitting 1 folds for each of 2 candidates, totalling 2 fits
      -> [LogisticRegression + Jittering Set 3] Acc: 0.9933, F1: 0.9933, Time: 0.07s
      [!] Failed evaluation with RNN on Jittering Set 3: name 'os' is not defined
    [=== Generating 2x synthetic data with Jittering (Set 4, Params: {'sigma': 0.05}) ===]
n_iterations: 4
n_required_iterations: 4
n_possible_iterations: 7
min_resources_: 6
max_resources_: 8700
aggressive_elimination: False
factor: 3
----------
iter: 0
n_candidates: 50
n_resources: 6
Fitting 1 folds for each of 50 candidates, totalling 50 fits
----------
iter: 1
n_candidates: 17
n_resources: 18
Fitting 1 folds for each of 17 candidates, totalling 17 fits
----------
iter: 2
n_candidates: 6
n_resources: 54
Fitting 1 folds for each of 6 candidates, totalling 6 fits
----------
iter: 3
n_candidates: 2
n_resources: 162
Fitting 1 folds for each of 2 candidates, totalling 2 fits
      -> [KNN + Jittering Set 4] Acc: 0.9317, F1: 0.9323, Time: 0.01s
n_iterations: 4
n_required_iterations: 4
n_possible_iterations: 7
min_resources_: 6
max_resources_: 8700
aggressive_elimination: False
factor: 3
----------
iter: 0
n_candidates: 50
n_resources: 6
Fitting 1 folds for each of 50 candidates, totalling 50 fits
----------
iter: 1
n_candidates: 17
n_resources: 18
Fitting 1 folds for each of 17 candidates, totalling 17 fits
----------
iter: 2
n_candidates: 6
n_resources: 54
Fitting 1 folds for each of 6 candidates, totalling 6 fits
----------
iter: 3
n_candidates: 2
n_resources: 162
Fitting 1 folds for each of 2 candidates, totalling 2 fits
      -> [RandomForest + Jittering Set 4] Acc: 0.9167, F1: 0.9176, Time: 0.83s
n_iterations: 4
n_required_iterations: 4
n_possible_iterations: 7
min_resources_: 6
max_resources_: 8700
aggressive_elimination: False
factor: 3
----------
iter: 0
n_candidates: 50
n_resources: 6
Fitting 1 folds for each of 50 candidates, totalling 50 fits
----------
iter: 1
n_candidates: 17
n_resources: 18
Fitting 1 folds for each of 17 candidates, totalling 17 fits
----------
iter: 2
n_candidates: 6
n_resources: 54
Fitting 1 folds for each of 6 candidates, totalling 6 fits
----------
iter: 3
n_candidates: 2
n_resources: 162
Fitting 1 folds for each of 2 candidates, totalling 2 fits
      -> [LinearSVC + Jittering Set 4] Acc: 0.9900, F1: 0.9900, Time: 0.04s
n_iterations: 4
n_required_iterations: 4
n_possible_iterations: 7
min_resources_: 6
max_resources_: 8700
aggressive_elimination: False
factor: 3
----------
iter: 0
n_candidates: 50
n_resources: 6
Fitting 1 folds for each of 50 candidates, totalling 50 fits
----------
iter: 1
n_candidates: 17
n_resources: 18
Fitting 1 folds for each of 17 candidates, totalling 17 fits
----------
iter: 2
n_candidates: 6
n_resources: 54
Fitting 1 folds for each of 6 candidates, totalling 6 fits
----------
iter: 3
n_candidates: 2
n_resources: 162
Fitting 1 folds for each of 2 candidates, totalling 2 fits
      -> [LogisticRegression + Jittering Set 4] Acc: 0.9850, F1: 0.9850, Time: 0.12s
      [!] Failed evaluation with RNN on Jittering Set 4: name 'os' is not defined
    [=== Generating 2x synthetic data with Jittering (Set 5, Params: {'sigma': 0.15}) ===]
n_iterations: 4
n_required_iterations: 4
n_possible_iterations: 7
min_resources_: 6
max_resources_: 8700
aggressive_elimination: False
factor: 3
----------
iter: 0
n_candidates: 50
n_resources: 6
Fitting 1 folds for each of 50 candidates, totalling 50 fits
----------
iter: 1
n_candidates: 17
n_resources: 18
Fitting 1 folds for each of 17 candidates, totalling 17 fits
----------
iter: 2
n_candidates: 6
n_resources: 54
Fitting 1 folds for each of 6 candidates, totalling 6 fits
----------
iter: 3
n_candidates: 2
n_resources: 162
Fitting 1 folds for each of 2 candidates, totalling 2 fits
      -> [KNN + Jittering Set 5] Acc: 0.9267, F1: 0.9274, Time: 0.03s
n_iterations: 4
n_required_iterations: 4
n_possible_iterations: 7
min_resources_: 6
max_resources_: 8700
aggressive_elimination: False
factor: 3
----------
iter: 0
n_candidates: 50
n_resources: 6
Fitting 1 folds for each of 50 candidates, totalling 50 fits
----------
iter: 1
n_candidates: 17
n_resources: 18
Fitting 1 folds for each of 17 candidates, totalling 17 fits
----------
iter: 2
n_candidates: 6
n_resources: 54
Fitting 1 folds for each of 6 candidates, totalling 6 fits
----------
iter: 3
n_candidates: 2
n_resources: 162
Fitting 1 folds for each of 2 candidates, totalling 2 fits
      -> [RandomForest + Jittering Set 5] Acc: 0.9417, F1: 0.9420, Time: 1.26s
n_iterations: 4
n_required_iterations: 4
n_possible_iterations: 7
min_resources_: 6
max_resources_: 8700
aggressive_elimination: False
factor: 3
----------
iter: 0
n_candidates: 50
n_resources: 6
Fitting 1 folds for each of 50 candidates, totalling 50 fits
----------
iter: 1
n_candidates: 17
n_resources: 18
Fitting 1 folds for each of 17 candidates, totalling 17 fits
----------
iter: 2
n_candidates: 6
n_resources: 54
Fitting 1 folds for each of 6 candidates, totalling 6 fits
----------
iter: 3
n_candidates: 2
n_resources: 162
Fitting 1 folds for each of 2 candidates, totalling 2 fits
      -> [LinearSVC + Jittering Set 5] Acc: 0.9867, F1: 0.9866, Time: 0.04s
n_iterations: 4
n_required_iterations: 4
n_possible_iterations: 7
min_resources_: 6
max_resources_: 8700
aggressive_elimination: False
factor: 3
----------
iter: 0
n_candidates: 50
n_resources: 6
Fitting 1 folds for each of 50 candidates, totalling 50 fits
----------
iter: 1
n_candidates: 17
n_resources: 18
Fitting 1 folds for each of 17 candidates, totalling 17 fits
----------
iter: 2
n_candidates: 6
n_resources: 54
Fitting 1 folds for each of 6 candidates, totalling 6 fits
----------
iter: 3
n_candidates: 2
n_resources: 162
Fitting 1 folds for each of 2 candidates, totalling 2 fits
      -> [LogisticRegression + Jittering Set 5] Acc: 0.9900, F1: 0.9900, Time: 0.03s
      [!] Failed evaluation with RNN on Jittering Set 5: name 'os' is not defined
    [=== Generating 2x synthetic data with Jittering (Set 6, Params: {'sigma': 0.15}) ===]
n_iterations: 4
n_required_iterations: 4
n_possible_iterations: 7
min_resources_: 6
max_resources_: 8700
aggressive_elimination: False
factor: 3
----------
iter: 0
n_candidates: 50
n_resources: 6
Fitting 1 folds for each of 50 candidates, totalling 50 fits
----------
iter: 1
n_candidates: 17
n_resources: 18
Fitting 1 folds for each of 17 candidates, totalling 17 fits
----------
iter: 2
n_candidates: 6
n_resources: 54
Fitting 1 folds for each of 6 candidates, totalling 6 fits
----------
iter: 3
n_candidates: 2
n_resources: 162
Fitting 1 folds for each of 2 candidates, totalling 2 fits
      -> [KNN + Jittering Set 6] Acc: 0.9300, F1: 0.9307, Time: 0.01s
n_iterations: 4
n_required_iterations: 4
n_possible_iterations: 7
min_resources_: 6
max_resources_: 8700
aggressive_elimination: False
factor: 3
----------
iter: 0
n_candidates: 50
n_resources: 6
Fitting 1 folds for each of 50 candidates, totalling 50 fits
----------
iter: 1
n_candidates: 17
n_resources: 18
Fitting 1 folds for each of 17 candidates, totalling 17 fits
----------
iter: 2
n_candidates: 6
n_resources: 54
Fitting 1 folds for each of 6 candidates, totalling 6 fits
----------
iter: 3
n_candidates: 2
n_resources: 162
Fitting 1 folds for each of 2 candidates, totalling 2 fits
      -> [RandomForest + Jittering Set 6] Acc: 0.9733, F1: 0.9733, Time: 1.42s
n_iterations: 4
n_required_iterations: 4
n_possible_iterations: 7
min_resources_: 6
max_resources_: 8700
aggressive_elimination: False
factor: 3
----------
iter: 0
n_candidates: 50
n_resources: 6
Fitting 1 folds for each of 50 candidates, totalling 50 fits
----------
iter: 1
n_candidates: 17
n_resources: 18
Fitting 1 folds for each of 17 candidates, totalling 17 fits
----------
iter: 2
n_candidates: 6
n_resources: 54
Fitting 1 folds for each of 6 candidates, totalling 6 fits
----------
iter: 3
n_candidates: 2
n_resources: 162
Fitting 1 folds for each of 2 candidates, totalling 2 fits
      -> [LinearSVC + Jittering Set 6] Acc: 0.9867, F1: 0.9866, Time: 0.02s
n_iterations: 4
n_required_iterations: 4
n_possible_iterations: 7
min_resources_: 6
max_resources_: 8700
aggressive_elimination: False
factor: 3
----------
iter: 0
n_candidates: 50
n_resources: 6
Fitting 1 folds for each of 50 candidates, totalling 50 fits
----------
iter: 1
n_candidates: 17
n_resources: 18
Fitting 1 folds for each of 17 candidates, totalling 17 fits
----------
iter: 2
n_candidates: 6
n_resources: 54
Fitting 1 folds for each of 6 candidates, totalling 6 fits
----------
iter: 3
n_candidates: 2
n_resources: 162
Fitting 1 folds for each of 2 candidates, totalling 2 fits
      -> [LogisticRegression + Jittering Set 6] Acc: 0.9933, F1: 0.9933, Time: 0.03s
      [!] Failed evaluation with RNN on Jittering Set 6: name 'os' is not defined
    [=== Generating 2x synthetic data with Jittering (Set 7, Params: {'sigma': 0.03}) ===]
n_iterations: 4
n_required_iterations: 4
n_possible_iterations: 7
min_resources_: 6
max_resources_: 8700
aggressive_elimination: False
factor: 3
----------
iter: 0
n_candidates: 50
n_resources: 6
Fitting 1 folds for each of 50 candidates, totalling 50 fits
----------
iter: 1
n_candidates: 17
n_resources: 18
Fitting 1 folds for each of 17 candidates, totalling 17 fits
----------
iter: 2
n_candidates: 6
n_resources: 54
Fitting 1 folds for each of 6 candidates, totalling 6 fits
----------
iter: 3
n_candidates: 2
n_resources: 162
Fitting 1 folds for each of 2 candidates, totalling 2 fits
      -> [KNN + Jittering Set 7] Acc: 0.9300, F1: 0.9307, Time: 0.01s
n_iterations: 4
n_required_iterations: 4
n_possible_iterations: 7
min_resources_: 6
max_resources_: 8700
aggressive_elimination: False
factor: 3
----------
iter: 0
n_candidates: 50
n_resources: 6
Fitting 1 folds for each of 50 candidates, totalling 50 fits
----------
iter: 1
n_candidates: 17
n_resources: 18
Fitting 1 folds for each of 17 candidates, totalling 17 fits
----------
iter: 2
n_candidates: 6
n_resources: 54
Fitting 1 folds for each of 6 candidates, totalling 6 fits
----------
iter: 3
n_candidates: 2
n_resources: 162
Fitting 1 folds for each of 2 candidates, totalling 2 fits
      -> [RandomForest + Jittering Set 7] Acc: 0.9150, F1: 0.9160, Time: 0.40s
n_iterations: 4
n_required_iterations: 4
n_possible_iterations: 7
min_resources_: 6
max_resources_: 8700
aggressive_elimination: False
factor: 3
----------
iter: 0
n_candidates: 50
n_resources: 6
Fitting 1 folds for each of 50 candidates, totalling 50 fits
----------
iter: 1
n_candidates: 17
n_resources: 18
Fitting 1 folds for each of 17 candidates, totalling 17 fits
----------
iter: 2
n_candidates: 6
n_resources: 54
Fitting 1 folds for each of 6 candidates, totalling 6 fits
----------
iter: 3
n_candidates: 2
n_resources: 162
Fitting 1 folds for each of 2 candidates, totalling 2 fits
      -> [LinearSVC + Jittering Set 7] Acc: 0.9900, F1: 0.9900, Time: 0.05s
n_iterations: 4
n_required_iterations: 4
n_possible_iterations: 7
min_resources_: 6
max_resources_: 8700
aggressive_elimination: False
factor: 3
----------
iter: 0
n_candidates: 50
n_resources: 6
Fitting 1 folds for each of 50 candidates, totalling 50 fits
----------
iter: 1
n_candidates: 17
n_resources: 18
Fitting 1 folds for each of 17 candidates, totalling 17 fits
----------
iter: 2
n_candidates: 6
n_resources: 54
Fitting 1 folds for each of 6 candidates, totalling 6 fits
----------
iter: 3
n_candidates: 2
n_resources: 162
Fitting 1 folds for each of 2 candidates, totalling 2 fits
      -> [LogisticRegression + Jittering Set 7] Acc: 0.9800, F1: 0.9801, Time: 0.14s
      [!] Failed evaluation with RNN on Jittering Set 7: name 'os' is not defined
    [=== Generating 2x synthetic data with Jittering (Set 8, Params: {'sigma': 0.05}) ===]
n_iterations: 4
n_required_iterations: 4
n_possible_iterations: 7
min_resources_: 6
max_resources_: 8700
aggressive_elimination: False
factor: 3
----------
iter: 0
n_candidates: 50
n_resources: 6
Fitting 1 folds for each of 50 candidates, totalling 50 fits
----------
iter: 1
n_candidates: 17
n_resources: 18
Fitting 1 folds for each of 17 candidates, totalling 17 fits
----------
iter: 2
n_candidates: 6
n_resources: 54
Fitting 1 folds for each of 6 candidates, totalling 6 fits
----------
iter: 3
n_candidates: 2
n_resources: 162
Fitting 1 folds for each of 2 candidates, totalling 2 fits
      -> [KNN + Jittering Set 8] Acc: 0.9250, F1: 0.9258, Time: 0.01s
n_iterations: 4
n_required_iterations: 4
n_possible_iterations: 7
min_resources_: 6
max_resources_: 8700
aggressive_elimination: False
factor: 3
----------
iter: 0
n_candidates: 50
n_resources: 6
Fitting 1 folds for each of 50 candidates, totalling 50 fits
----------
iter: 1
n_candidates: 17
n_resources: 18
Fitting 1 folds for each of 17 candidates, totalling 17 fits
----------
iter: 2
n_candidates: 6
n_resources: 54
Fitting 1 folds for each of 6 candidates, totalling 6 fits
----------
iter: 3
n_candidates: 2
n_resources: 162
Fitting 1 folds for each of 2 candidates, totalling 2 fits
      -> [RandomForest + Jittering Set 8] Acc: 0.9133, F1: 0.9144, Time: 1.30s
n_iterations: 4
n_required_iterations: 4
n_possible_iterations: 7
min_resources_: 6
max_resources_: 8700
aggressive_elimination: False
factor: 3
----------
iter: 0
n_candidates: 50
n_resources: 6
Fitting 1 folds for each of 50 candidates, totalling 50 fits
----------
iter: 1
n_candidates: 17
n_resources: 18
Fitting 1 folds for each of 17 candidates, totalling 17 fits
----------
iter: 2
n_candidates: 6
n_resources: 54
Fitting 1 folds for each of 6 candidates, totalling 6 fits
----------
iter: 3
n_candidates: 2
n_resources: 162
Fitting 1 folds for each of 2 candidates, totalling 2 fits
      -> [LinearSVC + Jittering Set 8] Acc: 0.9900, F1: 0.9900, Time: 0.04s
n_iterations: 4
n_required_iterations: 4
n_possible_iterations: 7
min_resources_: 6
max_resources_: 8700
aggressive_elimination: False
factor: 3
----------
iter: 0
n_candidates: 50
n_resources: 6
Fitting 1 folds for each of 50 candidates, totalling 50 fits
----------
iter: 1
n_candidates: 17
n_resources: 18
Fitting 1 folds for each of 17 candidates, totalling 17 fits
----------
iter: 2
n_candidates: 6
n_resources: 54
Fitting 1 folds for each of 6 candidates, totalling 6 fits
----------
iter: 3
n_candidates: 2
n_resources: 162
Fitting 1 folds for each of 2 candidates, totalling 2 fits
      -> [LogisticRegression + Jittering Set 8] Acc: 0.9817, F1: 0.9817, Time: 0.17s
      [!] Failed evaluation with RNN on Jittering Set 8: name 'os' is not defined
    [=== Generating 2x synthetic data with Jittering (Set 9, Params: {'sigma': 0.05}) ===]
n_iterations: 4
n_required_iterations: 4
n_possible_iterations: 7
min_resources_: 6
max_resources_: 8700
aggressive_elimination: False
factor: 3
----------
iter: 0
n_candidates: 50
n_resources: 6
Fitting 1 folds for each of 50 candidates, totalling 50 fits
----------
iter: 1
n_candidates: 17
n_resources: 18
Fitting 1 folds for each of 17 candidates, totalling 17 fits
----------
iter: 2
n_candidates: 6
n_resources: 54
Fitting 1 folds for each of 6 candidates, totalling 6 fits
----------
iter: 3
n_candidates: 2
n_resources: 162
Fitting 1 folds for each of 2 candidates, totalling 2 fits
      -> [KNN + Jittering Set 9] Acc: 0.9300, F1: 0.9307, Time: 0.01s
n_iterations: 4
n_required_iterations: 4
n_possible_iterations: 7
min_resources_: 6
max_resources_: 8700
aggressive_elimination: False
factor: 3
----------
iter: 0
n_candidates: 50
n_resources: 6
Fitting 1 folds for each of 50 candidates, totalling 50 fits
----------
iter: 1
n_candidates: 17
n_resources: 18
Fitting 1 folds for each of 17 candidates, totalling 17 fits
----------
iter: 2
n_candidates: 6
n_resources: 54
Fitting 1 folds for each of 6 candidates, totalling 6 fits
----------
iter: 3
n_candidates: 2
n_resources: 162
Fitting 1 folds for each of 2 candidates, totalling 2 fits
      -> [RandomForest + Jittering Set 9] Acc: 0.9150, F1: 0.9161, Time: 1.20s
n_iterations: 4
n_required_iterations: 4
n_possible_iterations: 7
min_resources_: 6
max_resources_: 8700
aggressive_elimination: False
factor: 3
----------
iter: 0
n_candidates: 50
n_resources: 6
Fitting 1 folds for each of 50 candidates, totalling 50 fits
----------
iter: 1
n_candidates: 17
n_resources: 18
Fitting 1 folds for each of 17 candidates, totalling 17 fits
----------
iter: 2
n_candidates: 6
n_resources: 54
Fitting 1 folds for each of 6 candidates, totalling 6 fits
----------
iter: 3
n_candidates: 2
n_resources: 162
Fitting 1 folds for each of 2 candidates, totalling 2 fits
      -> [LinearSVC + Jittering Set 9] Acc: 0.9900, F1: 0.9900, Time: 0.04s
n_iterations: 4
n_required_iterations: 4
n_possible_iterations: 7
min_resources_: 6
max_resources_: 8700
aggressive_elimination: False
factor: 3
----------
iter: 0
n_candidates: 50
n_resources: 6
Fitting 1 folds for each of 50 candidates, totalling 50 fits
----------
iter: 1
n_candidates: 17
n_resources: 18
Fitting 1 folds for each of 17 candidates, totalling 17 fits
----------
iter: 2
n_candidates: 6
n_resources: 54
Fitting 1 folds for each of 6 candidates, totalling 6 fits
----------
iter: 3
n_candidates: 2
n_resources: 162
Fitting 1 folds for each of 2 candidates, totalling 2 fits
      -> [LogisticRegression + Jittering Set 9] Acc: 0.9867, F1: 0.9867, Time: 0.14s
      [!] Failed evaluation with RNN on Jittering Set 9: name 'os' is not defined
    [=== Generating 2x synthetic data with Jittering (Set 10, Params: {'sigma': 0.05}) ===]
n_iterations: 4
n_required_iterations: 4
n_possible_iterations: 7
min_resources_: 6
max_resources_: 8700
aggressive_elimination: False
factor: 3
----------
iter: 0
n_candidates: 50
n_resources: 6
Fitting 1 folds for each of 50 candidates, totalling 50 fits
----------
iter: 1
n_candidates: 17
n_resources: 18
Fitting 1 folds for each of 17 candidates, totalling 17 fits
----------
iter: 2
n_candidates: 6
n_resources: 54
Fitting 1 folds for each of 6 candidates, totalling 6 fits
----------
iter: 3
n_candidates: 2
n_resources: 162
Fitting 1 folds for each of 2 candidates, totalling 2 fits
      -> [KNN + Jittering Set 10] Acc: 0.9250, F1: 0.9258, Time: 0.01s
n_iterations: 4
n_required_iterations: 4
n_possible_iterations: 7
min_resources_: 6
max_resources_: 8700
aggressive_elimination: False
factor: 3
----------
iter: 0
n_candidates: 50
n_resources: 6
Fitting 1 folds for each of 50 candidates, totalling 50 fits
----------
iter: 1
n_candidates: 17
n_resources: 18
Fitting 1 folds for each of 17 candidates, totalling 17 fits
----------
iter: 2
n_candidates: 6
n_resources: 54
Fitting 1 folds for each of 6 candidates, totalling 6 fits
----------
iter: 3
n_candidates: 2
n_resources: 162
Fitting 1 folds for each of 2 candidates, totalling 2 fits
      -> [RandomForest + Jittering Set 10] Acc: 0.9167, F1: 0.9177, Time: 1.17s
n_iterations: 4
n_required_iterations: 4
n_possible_iterations: 7
min_resources_: 6
max_resources_: 8700
aggressive_elimination: False
factor: 3
----------
iter: 0
n_candidates: 50
n_resources: 6
Fitting 1 folds for each of 50 candidates, totalling 50 fits
----------
iter: 1
n_candidates: 17
n_resources: 18
Fitting 1 folds for each of 17 candidates, totalling 17 fits
----------
iter: 2
n_candidates: 6
n_resources: 54
Fitting 1 folds for each of 6 candidates, totalling 6 fits
----------
iter: 3
n_candidates: 2
n_resources: 162
Fitting 1 folds for each of 2 candidates, totalling 2 fits
      -> [LinearSVC + Jittering Set 10] Acc: 0.9917, F1: 0.9916, Time: 0.04s
n_iterations: 4
n_required_iterations: 4
n_possible_iterations: 7
min_resources_: 6
max_resources_: 8700
aggressive_elimination: False
factor: 3
----------
iter: 0
n_candidates: 50
n_resources: 6
Fitting 1 folds for each of 50 candidates, totalling 50 fits
----------
iter: 1
n_candidates: 17
n_resources: 18
Fitting 1 folds for each of 17 candidates, totalling 17 fits
----------
iter: 2
n_candidates: 6
n_resources: 54
Fitting 1 folds for each of 6 candidates, totalling 6 fits
----------
iter: 3
n_candidates: 2
n_resources: 162
Fitting 1 folds for each of 2 candidates, totalling 2 fits
      -> [LogisticRegression + Jittering Set 10] Acc: 0.9850, F1: 0.9850, Time: 0.11s
      [!] Failed evaluation with RNN on Jittering Set 10: name 'os' is not defined
    [=== Generating 3x synthetic data with Jittering (Set 1, Params: {'sigma': 0.03}) ===]
n_iterations: 4
n_required_iterations: 4
n_possible_iterations: 7
min_resources_: 6
max_resources_: 11600
aggressive_elimination: False
factor: 3
----------
iter: 0
n_candidates: 50
n_resources: 6
Fitting 1 folds for each of 50 candidates, totalling 50 fits
----------
iter: 1
n_candidates: 17
n_resources: 18
Fitting 1 folds for each of 17 candidates, totalling 17 fits
----------
iter: 2
n_candidates: 6
n_resources: 54
Fitting 1 folds for each of 6 candidates, totalling 6 fits
----------
iter: 3
n_candidates: 2
n_resources: 162
Fitting 1 folds for each of 2 candidates, totalling 2 fits
      -> [KNN + Jittering Set 1] Acc: 0.9333, F1: 0.9340, Time: 0.04s
n_iterations: 4
n_required_iterations: 4
n_possible_iterations: 7
min_resources_: 6
max_resources_: 11600
aggressive_elimination: False
factor: 3
----------
iter: 0
n_candidates: 50
n_resources: 6
Fitting 1 folds for each of 50 candidates, totalling 50 fits
----------
iter: 1
n_candidates: 17
n_resources: 18
Fitting 1 folds for each of 17 candidates, totalling 17 fits
----------
iter: 2
n_candidates: 6
n_resources: 54
Fitting 1 folds for each of 6 candidates, totalling 6 fits
----------
iter: 3
n_candidates: 2
n_resources: 162
Fitting 1 folds for each of 2 candidates, totalling 2 fits
      -> [RandomForest + Jittering Set 1] Acc: 0.9150, F1: 0.9160, Time: 1.89s
n_iterations: 4
n_required_iterations: 4
n_possible_iterations: 7
min_resources_: 6
max_resources_: 11600
aggressive_elimination: False
factor: 3
----------
iter: 0
n_candidates: 50
n_resources: 6
Fitting 1 folds for each of 50 candidates, totalling 50 fits
----------
iter: 1
n_candidates: 17
n_resources: 18
Fitting 1 folds for each of 17 candidates, totalling 17 fits
----------
iter: 2
n_candidates: 6
n_resources: 54
Fitting 1 folds for each of 6 candidates, totalling 6 fits
----------
iter: 3
n_candidates: 2
n_resources: 162
Fitting 1 folds for each of 2 candidates, totalling 2 fits
      -> [LinearSVC + Jittering Set 1] Acc: 0.9900, F1: 0.9900, Time: 0.07s
n_iterations: 4
n_required_iterations: 4
n_possible_iterations: 7
min_resources_: 6
max_resources_: 11600
aggressive_elimination: False
factor: 3
----------
iter: 0
n_candidates: 50
n_resources: 6
Fitting 1 folds for each of 50 candidates, totalling 50 fits
----------
iter: 1
n_candidates: 17
n_resources: 18
Fitting 1 folds for each of 17 candidates, totalling 17 fits
----------
iter: 2
n_candidates: 6
n_resources: 54
Fitting 1 folds for each of 6 candidates, totalling 6 fits
----------
iter: 3
n_candidates: 2
n_resources: 162
Fitting 1 folds for each of 2 candidates, totalling 2 fits
      -> [LogisticRegression + Jittering Set 1] Acc: 0.9800, F1: 0.9801, Time: 0.27s
      [!] Failed evaluation with RNN on Jittering Set 1: name 'os' is not defined
    [=== Generating 3x synthetic data with Jittering (Set 2, Params: {'sigma': 0.1}) ===]
n_iterations: 4
n_required_iterations: 4
n_possible_iterations: 7
min_resources_: 6
max_resources_: 11600
aggressive_elimination: False
factor: 3
----------
iter: 0
n_candidates: 50
n_resources: 6
Fitting 1 folds for each of 50 candidates, totalling 50 fits
----------
iter: 1
n_candidates: 17
n_resources: 18
Fitting 1 folds for each of 17 candidates, totalling 17 fits
----------
iter: 2
n_candidates: 6
n_resources: 54
Fitting 1 folds for each of 6 candidates, totalling 6 fits
----------
iter: 3
n_candidates: 2
n_resources: 162
Fitting 1 folds for each of 2 candidates, totalling 2 fits
      -> [KNN + Jittering Set 2] Acc: 0.9367, F1: 0.9373, Time: 0.05s
n_iterations: 4
n_required_iterations: 4
n_possible_iterations: 7
min_resources_: 6
max_resources_: 11600
aggressive_elimination: False
factor: 3
----------
iter: 0
n_candidates: 50
n_resources: 6
Fitting 1 folds for each of 50 candidates, totalling 50 fits
----------
iter: 1
n_candidates: 17
n_resources: 18
Fitting 1 folds for each of 17 candidates, totalling 17 fits
----------
iter: 2
n_candidates: 6
n_resources: 54
Fitting 1 folds for each of 6 candidates, totalling 6 fits
----------
iter: 3
n_candidates: 2
n_resources: 162
Fitting 1 folds for each of 2 candidates, totalling 2 fits
      -> [RandomForest + Jittering Set 2] Acc: 0.9317, F1: 0.9323, Time: 2.40s
n_iterations: 4
n_required_iterations: 4
n_possible_iterations: 7
min_resources_: 6
max_resources_: 11600
aggressive_elimination: False
factor: 3
----------
iter: 0
n_candidates: 50
n_resources: 6
Fitting 1 folds for each of 50 candidates, totalling 50 fits
----------
iter: 1
n_candidates: 17
n_resources: 18
Fitting 1 folds for each of 17 candidates, totalling 17 fits
----------
iter: 2
n_candidates: 6
n_resources: 54
Fitting 1 folds for each of 6 candidates, totalling 6 fits
----------
iter: 3
n_candidates: 2
n_resources: 162
Fitting 1 folds for each of 2 candidates, totalling 2 fits
      -> [LinearSVC + Jittering Set 2] Acc: 0.9883, F1: 0.9883, Time: 0.08s
n_iterations: 4
n_required_iterations: 4
n_possible_iterations: 7
min_resources_: 6
max_resources_: 11600
aggressive_elimination: False
factor: 3
----------
iter: 0
n_candidates: 50
n_resources: 6
Fitting 1 folds for each of 50 candidates, totalling 50 fits
----------
iter: 1
n_candidates: 17
n_resources: 18
Fitting 1 folds for each of 17 candidates, totalling 17 fits
----------
iter: 2
n_candidates: 6
n_resources: 54
Fitting 1 folds for each of 6 candidates, totalling 6 fits
----------
iter: 3
n_candidates: 2
n_resources: 162
Fitting 1 folds for each of 2 candidates, totalling 2 fits
      -> [LogisticRegression + Jittering Set 2] Acc: 0.9883, F1: 0.9883, Time: 0.15s
      [!] Failed evaluation with RNN on Jittering Set 2: name 'os' is not defined
    [=== Generating 3x synthetic data with Jittering (Set 3, Params: {'sigma': 0.15}) ===]
n_iterations: 4
n_required_iterations: 4
n_possible_iterations: 7
min_resources_: 6
max_resources_: 11600
aggressive_elimination: False
factor: 3
----------
iter: 0
n_candidates: 50
n_resources: 6
Fitting 1 folds for each of 50 candidates, totalling 50 fits
----------
iter: 1
n_candidates: 17
n_resources: 18
Fitting 1 folds for each of 17 candidates, totalling 17 fits
----------
iter: 2
n_candidates: 6
n_resources: 54
Fitting 1 folds for each of 6 candidates, totalling 6 fits
----------
iter: 3
n_candidates: 2
n_resources: 162
Fitting 1 folds for each of 2 candidates, totalling 2 fits
      -> [KNN + Jittering Set 3] Acc: 0.9383, F1: 0.9389, Time: 0.06s
n_iterations: 4
n_required_iterations: 4
n_possible_iterations: 7
min_resources_: 6
max_resources_: 11600
aggressive_elimination: False
factor: 3
----------
iter: 0
n_candidates: 50
n_resources: 6
Fitting 1 folds for each of 50 candidates, totalling 50 fits
----------
iter: 1
n_candidates: 17
n_resources: 18
Fitting 1 folds for each of 17 candidates, totalling 17 fits
----------
iter: 2
n_candidates: 6
n_resources: 54
Fitting 1 folds for each of 6 candidates, totalling 6 fits
----------
iter: 3
n_candidates: 2
n_resources: 162
Fitting 1 folds for each of 2 candidates, totalling 2 fits
      -> [RandomForest + Jittering Set 3] Acc: 0.9650, F1: 0.9649, Time: 2.34s
n_iterations: 4
n_required_iterations: 4
n_possible_iterations: 7
min_resources_: 6
max_resources_: 11600
aggressive_elimination: False
factor: 3
----------
iter: 0
n_candidates: 50
n_resources: 6
Fitting 1 folds for each of 50 candidates, totalling 50 fits
----------
iter: 1
n_candidates: 17
n_resources: 18
Fitting 1 folds for each of 17 candidates, totalling 17 fits
----------
iter: 2
n_candidates: 6
n_resources: 54
Fitting 1 folds for each of 6 candidates, totalling 6 fits
----------
iter: 3
n_candidates: 2
n_resources: 162
Fitting 1 folds for each of 2 candidates, totalling 2 fits
      -> [LinearSVC + Jittering Set 3] Acc: 0.9867, F1: 0.9866, Time: 0.08s
n_iterations: 4
n_required_iterations: 4
n_possible_iterations: 7
min_resources_: 6
max_resources_: 11600
aggressive_elimination: False
factor: 3
----------
iter: 0
n_candidates: 50
n_resources: 6
Fitting 1 folds for each of 50 candidates, totalling 50 fits
----------
iter: 1
n_candidates: 17
n_resources: 18
Fitting 1 folds for each of 17 candidates, totalling 17 fits
----------
iter: 2
n_candidates: 6
n_resources: 54
Fitting 1 folds for each of 6 candidates, totalling 6 fits
----------
iter: 3
n_candidates: 2
n_resources: 162
Fitting 1 folds for each of 2 candidates, totalling 2 fits
      -> [LogisticRegression + Jittering Set 3] Acc: 0.9933, F1: 0.9933, Time: 0.29s
      [!] Failed evaluation with RNN on Jittering Set 3: name 'os' is not defined
    [=== Generating 3x synthetic data with Jittering (Set 4, Params: {'sigma': 0.05}) ===]
n_iterations: 4
n_required_iterations: 4
n_possible_iterations: 7
min_resources_: 6
max_resources_: 11600
aggressive_elimination: False
factor: 3
----------
iter: 0
n_candidates: 50
n_resources: 6
Fitting 1 folds for each of 50 candidates, totalling 50 fits
----------
iter: 1
n_candidates: 17
n_resources: 18
Fitting 1 folds for each of 17 candidates, totalling 17 fits
----------
iter: 2
n_candidates: 6
n_resources: 54
Fitting 1 folds for each of 6 candidates, totalling 6 fits
----------
iter: 3
n_candidates: 2
n_resources: 162
Fitting 1 folds for each of 2 candidates, totalling 2 fits
      -> [KNN + Jittering Set 4] Acc: 0.9333, F1: 0.9340, Time: 0.02s
n_iterations: 4
n_required_iterations: 4
n_possible_iterations: 7
min_resources_: 6
max_resources_: 11600
aggressive_elimination: False
factor: 3
----------
iter: 0
n_candidates: 50
n_resources: 6
Fitting 1 folds for each of 50 candidates, totalling 50 fits
----------
iter: 1
n_candidates: 17
n_resources: 18
Fitting 1 folds for each of 17 candidates, totalling 17 fits
----------
iter: 2
n_candidates: 6
n_resources: 54
Fitting 1 folds for each of 6 candidates, totalling 6 fits
----------
iter: 3
n_candidates: 2
n_resources: 162
Fitting 1 folds for each of 2 candidates, totalling 2 fits
      -> [RandomForest + Jittering Set 4] Acc: 0.9083, F1: 0.9096, Time: 2.26s
n_iterations: 4
n_required_iterations: 4
n_possible_iterations: 7
min_resources_: 6
max_resources_: 11600
aggressive_elimination: False
factor: 3
----------
iter: 0
n_candidates: 50
n_resources: 6
Fitting 1 folds for each of 50 candidates, totalling 50 fits
----------
iter: 1
n_candidates: 17
n_resources: 18
Fitting 1 folds for each of 17 candidates, totalling 17 fits
----------
iter: 2
n_candidates: 6
n_resources: 54
Fitting 1 folds for each of 6 candidates, totalling 6 fits
----------
iter: 3
n_candidates: 2
n_resources: 162
Fitting 1 folds for each of 2 candidates, totalling 2 fits
      -> [LinearSVC + Jittering Set 4] Acc: 0.9900, F1: 0.9900, Time: 0.19s
n_iterations: 4
n_required_iterations: 4
n_possible_iterations: 7
min_resources_: 6
max_resources_: 11600
aggressive_elimination: False
factor: 3
----------
iter: 0
n_candidates: 50
n_resources: 6
Fitting 1 folds for each of 50 candidates, totalling 50 fits
----------
iter: 1
n_candidates: 17
n_resources: 18
Fitting 1 folds for each of 17 candidates, totalling 17 fits
----------
iter: 2
n_candidates: 6
n_resources: 54
Fitting 1 folds for each of 6 candidates, totalling 6 fits
----------
iter: 3
n_candidates: 2
n_resources: 162
Fitting 1 folds for each of 2 candidates, totalling 2 fits
      -> [LogisticRegression + Jittering Set 4] Acc: 0.9867, F1: 0.9867, Time: 0.27s
      [!] Failed evaluation with RNN on Jittering Set 4: name 'os' is not defined
    [=== Generating 3x synthetic data with Jittering (Set 5, Params: {'sigma': 0.15}) ===]
n_iterations: 4
n_required_iterations: 4
n_possible_iterations: 7
min_resources_: 6
max_resources_: 11600
aggressive_elimination: False
factor: 3
----------
iter: 0
n_candidates: 50
n_resources: 6
Fitting 1 folds for each of 50 candidates, totalling 50 fits
----------
iter: 1
n_candidates: 17
n_resources: 18
Fitting 1 folds for each of 17 candidates, totalling 17 fits
----------
iter: 2
n_candidates: 6
n_resources: 54
Fitting 1 folds for each of 6 candidates, totalling 6 fits
----------
iter: 3
n_candidates: 2
n_resources: 162
Fitting 1 folds for each of 2 candidates, totalling 2 fits
      -> [KNN + Jittering Set 5] Acc: 0.9283, F1: 0.9290, Time: 0.09s
n_iterations: 4
n_required_iterations: 4
n_possible_iterations: 7
min_resources_: 6
max_resources_: 11600
aggressive_elimination: False
factor: 3
----------
iter: 0
n_candidates: 50
n_resources: 6
Fitting 1 folds for each of 50 candidates, totalling 50 fits
----------
iter: 1
n_candidates: 17
n_resources: 18
Fitting 1 folds for each of 17 candidates, totalling 17 fits
----------
iter: 2
n_candidates: 6
n_resources: 54
Fitting 1 folds for each of 6 candidates, totalling 6 fits
----------
iter: 3
n_candidates: 2
n_resources: 162
Fitting 1 folds for each of 2 candidates, totalling 2 fits
      -> [RandomForest + Jittering Set 5] Acc: 0.9533, F1: 0.9534, Time: 2.33s
n_iterations: 4
n_required_iterations: 4
n_possible_iterations: 7
min_resources_: 6
max_resources_: 11600
aggressive_elimination: False
factor: 3
----------
iter: 0
n_candidates: 50
n_resources: 6
Fitting 1 folds for each of 50 candidates, totalling 50 fits
----------
iter: 1
n_candidates: 17
n_resources: 18
Fitting 1 folds for each of 17 candidates, totalling 17 fits
----------
iter: 2
n_candidates: 6
n_resources: 54
Fitting 1 folds for each of 6 candidates, totalling 6 fits
----------
iter: 3
n_candidates: 2
n_resources: 162
Fitting 1 folds for each of 2 candidates, totalling 2 fits
      -> [LinearSVC + Jittering Set 5] Acc: 0.9800, F1: 0.9799, Time: 0.07s
n_iterations: 4
n_required_iterations: 4
n_possible_iterations: 7
min_resources_: 6
max_resources_: 11600
aggressive_elimination: False
factor: 3
----------
iter: 0
n_candidates: 50
n_resources: 6
Fitting 1 folds for each of 50 candidates, totalling 50 fits
----------
iter: 1
n_candidates: 17
n_resources: 18
Fitting 1 folds for each of 17 candidates, totalling 17 fits
----------
iter: 2
n_candidates: 6
n_resources: 54
Fitting 1 folds for each of 6 candidates, totalling 6 fits
----------
iter: 3
n_candidates: 2
n_resources: 162
Fitting 1 folds for each of 2 candidates, totalling 2 fits
      -> [LogisticRegression + Jittering Set 5] Acc: 0.9917, F1: 0.9917, Time: 0.07s
      [!] Failed evaluation with RNN on Jittering Set 5: name 'os' is not defined
    [=== Generating 3x synthetic data with Jittering (Set 6, Params: {'sigma': 0.15}) ===]
n_iterations: 4
n_required_iterations: 4
n_possible_iterations: 7
min_resources_: 6
max_resources_: 11600
aggressive_elimination: False
factor: 3
----------
iter: 0
n_candidates: 50
n_resources: 6
Fitting 1 folds for each of 50 candidates, totalling 50 fits
----------
iter: 1
n_candidates: 17
n_resources: 18
Fitting 1 folds for each of 17 candidates, totalling 17 fits
----------
iter: 2
n_candidates: 6
n_resources: 54
Fitting 1 folds for each of 6 candidates, totalling 6 fits
----------
iter: 3
n_candidates: 2
n_resources: 162
Fitting 1 folds for each of 2 candidates, totalling 2 fits
      -> [KNN + Jittering Set 6] Acc: 0.9350, F1: 0.9356, Time: 0.06s
n_iterations: 4
n_required_iterations: 4
n_possible_iterations: 7
min_resources_: 6
max_resources_: 11600
aggressive_elimination: False
factor: 3
----------
iter: 0
n_candidates: 50
n_resources: 6
Fitting 1 folds for each of 50 candidates, totalling 50 fits
----------
iter: 1
n_candidates: 17
n_resources: 18
Fitting 1 folds for each of 17 candidates, totalling 17 fits
----------
iter: 2
n_candidates: 6
n_resources: 54
Fitting 1 folds for each of 6 candidates, totalling 6 fits
----------
iter: 3
n_candidates: 2
n_resources: 162
Fitting 1 folds for each of 2 candidates, totalling 2 fits
      -> [RandomForest + Jittering Set 6] Acc: 0.9567, F1: 0.9566, Time: 2.02s
n_iterations: 4
n_required_iterations: 4
n_possible_iterations: 7
min_resources_: 6
max_resources_: 11600
aggressive_elimination: False
factor: 3
----------
iter: 0
n_candidates: 50
n_resources: 6
Fitting 1 folds for each of 50 candidates, totalling 50 fits
----------
iter: 1
n_candidates: 17
n_resources: 18
Fitting 1 folds for each of 17 candidates, totalling 17 fits
----------
iter: 2
n_candidates: 6
n_resources: 54
Fitting 1 folds for each of 6 candidates, totalling 6 fits
----------
iter: 3
n_candidates: 2
n_resources: 162
Fitting 1 folds for each of 2 candidates, totalling 2 fits
      -> [LinearSVC + Jittering Set 6] Acc: 0.9767, F1: 0.9765, Time: 0.07s
n_iterations: 4
n_required_iterations: 4
n_possible_iterations: 7
min_resources_: 6
max_resources_: 11600
aggressive_elimination: False
factor: 3
----------
iter: 0
n_candidates: 50
n_resources: 6
Fitting 1 folds for each of 50 candidates, totalling 50 fits
----------
iter: 1
n_candidates: 17
n_resources: 18
Fitting 1 folds for each of 17 candidates, totalling 17 fits
----------
iter: 2
n_candidates: 6
n_resources: 54
Fitting 1 folds for each of 6 candidates, totalling 6 fits
----------
iter: 3
n_candidates: 2
n_resources: 162
Fitting 1 folds for each of 2 candidates, totalling 2 fits
      -> [LogisticRegression + Jittering Set 6] Acc: 0.9933, F1: 0.9933, Time: 0.07s
      [!] Failed evaluation with RNN on Jittering Set 6: name 'os' is not defined
    [=== Generating 3x synthetic data with Jittering (Set 7, Params: {'sigma': 0.03}) ===]
n_iterations: 4
n_required_iterations: 4
n_possible_iterations: 7
min_resources_: 6
max_resources_: 11600
aggressive_elimination: False
factor: 3
----------
iter: 0
n_candidates: 50
n_resources: 6
Fitting 1 folds for each of 50 candidates, totalling 50 fits
----------
iter: 1
n_candidates: 17
n_resources: 18
Fitting 1 folds for each of 17 candidates, totalling 17 fits
----------
iter: 2
n_candidates: 6
n_resources: 54
Fitting 1 folds for each of 6 candidates, totalling 6 fits
----------
iter: 3
n_candidates: 2
n_resources: 162
Fitting 1 folds for each of 2 candidates, totalling 2 fits
      -> [KNN + Jittering Set 7] Acc: 0.9317, F1: 0.9323, Time: 0.04s
n_iterations: 4
n_required_iterations: 4
n_possible_iterations: 7
min_resources_: 6
max_resources_: 11600
aggressive_elimination: False
factor: 3
----------
iter: 0
n_candidates: 50
n_resources: 6
Fitting 1 folds for each of 50 candidates, totalling 50 fits
----------
iter: 1
n_candidates: 17
n_resources: 18
Fitting 1 folds for each of 17 candidates, totalling 17 fits
----------
iter: 2
n_candidates: 6
n_resources: 54
Fitting 1 folds for each of 6 candidates, totalling 6 fits
----------
iter: 3
n_candidates: 2
n_resources: 162
Fitting 1 folds for each of 2 candidates, totalling 2 fits
      -> [RandomForest + Jittering Set 7] Acc: 0.9117, F1: 0.9129, Time: 1.87s
n_iterations: 4
n_required_iterations: 4
n_possible_iterations: 7
min_resources_: 6
max_resources_: 11600
aggressive_elimination: False
factor: 3
----------
iter: 0
n_candidates: 50
n_resources: 6
Fitting 1 folds for each of 50 candidates, totalling 50 fits
----------
iter: 1
n_candidates: 17
n_resources: 18
Fitting 1 folds for each of 17 candidates, totalling 17 fits
----------
iter: 2
n_candidates: 6
n_resources: 54
Fitting 1 folds for each of 6 candidates, totalling 6 fits
----------
iter: 3
n_candidates: 2
n_resources: 162
Fitting 1 folds for each of 2 candidates, totalling 2 fits
      -> [LinearSVC + Jittering Set 7] Acc: 0.9900, F1: 0.9900, Time: 0.07s
n_iterations: 4
n_required_iterations: 4
n_possible_iterations: 7
min_resources_: 6
max_resources_: 11600
aggressive_elimination: False
factor: 3
----------
iter: 0
n_candidates: 50
n_resources: 6
Fitting 1 folds for each of 50 candidates, totalling 50 fits
----------
iter: 1
n_candidates: 17
n_resources: 18
Fitting 1 folds for each of 17 candidates, totalling 17 fits
----------
iter: 2
n_candidates: 6
n_resources: 54
Fitting 1 folds for each of 6 candidates, totalling 6 fits
----------
iter: 3
n_candidates: 2
n_resources: 162
Fitting 1 folds for each of 2 candidates, totalling 2 fits
      -> [LogisticRegression + Jittering Set 7] Acc: 0.9783, F1: 0.9784, Time: 0.25s
      [!] Failed evaluation with RNN on Jittering Set 7: name 'os' is not defined
    [=== Generating 3x synthetic data with Jittering (Set 8, Params: {'sigma': 0.05}) ===]
n_iterations: 4
n_required_iterations: 4
n_possible_iterations: 7
min_resources_: 6
max_resources_: 11600
aggressive_elimination: False
factor: 3
----------
iter: 0
n_candidates: 50
n_resources: 6
Fitting 1 folds for each of 50 candidates, totalling 50 fits
----------
iter: 1
n_candidates: 17
n_resources: 18
Fitting 1 folds for each of 17 candidates, totalling 17 fits
----------
iter: 2
n_candidates: 6
n_resources: 54
Fitting 1 folds for each of 6 candidates, totalling 6 fits
----------
iter: 3
n_candidates: 2
n_resources: 162
Fitting 1 folds for each of 2 candidates, totalling 2 fits
      -> [KNN + Jittering Set 8] Acc: 0.9300, F1: 0.9307, Time: 0.05s
n_iterations: 4
n_required_iterations: 4
n_possible_iterations: 7
min_resources_: 6
max_resources_: 11600
aggressive_elimination: False
factor: 3
----------
iter: 0
n_candidates: 50
n_resources: 6
Fitting 1 folds for each of 50 candidates, totalling 50 fits
----------
iter: 1
n_candidates: 17
n_resources: 18
Fitting 1 folds for each of 17 candidates, totalling 17 fits
----------
iter: 2
n_candidates: 6
n_resources: 54
Fitting 1 folds for each of 6 candidates, totalling 6 fits
----------
iter: 3
n_candidates: 2
n_resources: 162
Fitting 1 folds for each of 2 candidates, totalling 2 fits
      -> [RandomForest + Jittering Set 8] Acc: 0.9200, F1: 0.9210, Time: 0.70s
n_iterations: 4
n_required_iterations: 4
n_possible_iterations: 7
min_resources_: 6
max_resources_: 11600
aggressive_elimination: False
factor: 3
----------
iter: 0
n_candidates: 50
n_resources: 6
Fitting 1 folds for each of 50 candidates, totalling 50 fits
----------
iter: 1
n_candidates: 17
n_resources: 18
Fitting 1 folds for each of 17 candidates, totalling 17 fits
----------
iter: 2
n_candidates: 6
n_resources: 54
Fitting 1 folds for each of 6 candidates, totalling 6 fits
----------
iter: 3
n_candidates: 2
n_resources: 162
Fitting 1 folds for each of 2 candidates, totalling 2 fits
      -> [LinearSVC + Jittering Set 8] Acc: 0.9900, F1: 0.9900, Time: 0.07s
n_iterations: 4
n_required_iterations: 4
n_possible_iterations: 7
min_resources_: 6
max_resources_: 11600
aggressive_elimination: False
factor: 3
----------
iter: 0
n_candidates: 50
n_resources: 6
Fitting 1 folds for each of 50 candidates, totalling 50 fits
----------
iter: 1
n_candidates: 17
n_resources: 18
Fitting 1 folds for each of 17 candidates, totalling 17 fits
----------
iter: 2
n_candidates: 6
n_resources: 54
Fitting 1 folds for each of 6 candidates, totalling 6 fits
----------
iter: 3
n_candidates: 2
n_resources: 162
Fitting 1 folds for each of 2 candidates, totalling 2 fits
      -> [LogisticRegression + Jittering Set 8] Acc: 0.9867, F1: 0.9867, Time: 0.32s
      [!] Failed evaluation with RNN on Jittering Set 8: name 'os' is not defined
    [=== Generating 3x synthetic data with Jittering (Set 9, Params: {'sigma': 0.05}) ===]
n_iterations: 4
n_required_iterations: 4
n_possible_iterations: 7
min_resources_: 6
max_resources_: 11600
aggressive_elimination: False
factor: 3
----------
iter: 0
n_candidates: 50
n_resources: 6
Fitting 1 folds for each of 50 candidates, totalling 50 fits
----------
iter: 1
n_candidates: 17
n_resources: 18
Fitting 1 folds for each of 17 candidates, totalling 17 fits
----------
iter: 2
n_candidates: 6
n_resources: 54
Fitting 1 folds for each of 6 candidates, totalling 6 fits
----------
iter: 3
n_candidates: 2
n_resources: 162
Fitting 1 folds for each of 2 candidates, totalling 2 fits
      -> [KNN + Jittering Set 9] Acc: 0.9367, F1: 0.9373, Time: 0.05s
n_iterations: 4
n_required_iterations: 4
n_possible_iterations: 7
min_resources_: 6
max_resources_: 11600
aggressive_elimination: False
factor: 3
----------
iter: 0
n_candidates: 50
n_resources: 6
Fitting 1 folds for each of 50 candidates, totalling 50 fits
----------
iter: 1
n_candidates: 17
n_resources: 18
Fitting 1 folds for each of 17 candidates, totalling 17 fits
----------
iter: 2
n_candidates: 6
n_resources: 54
Fitting 1 folds for each of 6 candidates, totalling 6 fits
----------
iter: 3
n_candidates: 2
n_resources: 162
Fitting 1 folds for each of 2 candidates, totalling 2 fits
      -> [RandomForest + Jittering Set 9] Acc: 0.9150, F1: 0.9161, Time: 0.70s
n_iterations: 4
n_required_iterations: 4
n_possible_iterations: 7
min_resources_: 6
max_resources_: 11600
aggressive_elimination: False
factor: 3
----------
iter: 0
n_candidates: 50
n_resources: 6
Fitting 1 folds for each of 50 candidates, totalling 50 fits
----------
iter: 1
n_candidates: 17
n_resources: 18
Fitting 1 folds for each of 17 candidates, totalling 17 fits
----------
iter: 2
n_candidates: 6
n_resources: 54
Fitting 1 folds for each of 6 candidates, totalling 6 fits
----------
iter: 3
n_candidates: 2
n_resources: 162
Fitting 1 folds for each of 2 candidates, totalling 2 fits
      -> [LinearSVC + Jittering Set 9] Acc: 0.9900, F1: 0.9900, Time: 0.08s
n_iterations: 4
n_required_iterations: 4
n_possible_iterations: 7
min_resources_: 6
max_resources_: 11600
aggressive_elimination: False
factor: 3
----------
iter: 0
n_candidates: 50
n_resources: 6
Fitting 1 folds for each of 50 candidates, totalling 50 fits
----------
iter: 1
n_candidates: 17
n_resources: 18
Fitting 1 folds for each of 17 candidates, totalling 17 fits
----------
iter: 2
n_candidates: 6
n_resources: 54
Fitting 1 folds for each of 6 candidates, totalling 6 fits
----------
iter: 3
n_candidates: 2
n_resources: 162
Fitting 1 folds for each of 2 candidates, totalling 2 fits
      -> [LogisticRegression + Jittering Set 9] Acc: 0.9817, F1: 0.9817, Time: 0.28s
      [!] Failed evaluation with RNN on Jittering Set 9: name 'os' is not defined
    [=== Generating 3x synthetic data with Jittering (Set 10, Params: {'sigma': 0.05}) ===]
n_iterations: 4
n_required_iterations: 4
n_possible_iterations: 7
min_resources_: 6
max_resources_: 11600
aggressive_elimination: False
factor: 3
----------
iter: 0
n_candidates: 50
n_resources: 6
Fitting 1 folds for each of 50 candidates, totalling 50 fits
----------
iter: 1
n_candidates: 17
n_resources: 18
Fitting 1 folds for each of 17 candidates, totalling 17 fits
----------
iter: 2
n_candidates: 6
n_resources: 54
Fitting 1 folds for each of 6 candidates, totalling 6 fits
----------
iter: 3
n_candidates: 2
n_resources: 162
Fitting 1 folds for each of 2 candidates, totalling 2 fits
      -> [KNN + Jittering Set 10] Acc: 0.9350, F1: 0.9356, Time: 0.04s
n_iterations: 4
n_required_iterations: 4
n_possible_iterations: 7
min_resources_: 6
max_resources_: 11600
aggressive_elimination: False
factor: 3
----------
iter: 0
n_candidates: 50
n_resources: 6
Fitting 1 folds for each of 50 candidates, totalling 50 fits
----------
iter: 1
n_candidates: 17
n_resources: 18
Fitting 1 folds for each of 17 candidates, totalling 17 fits
----------
iter: 2
n_candidates: 6
n_resources: 54
Fitting 1 folds for each of 6 candidates, totalling 6 fits
----------
iter: 3
n_candidates: 2
n_resources: 162
Fitting 1 folds for each of 2 candidates, totalling 2 fits
      -> [RandomForest + Jittering Set 10] Acc: 0.9117, F1: 0.9128, Time: 2.03s
n_iterations: 4
n_required_iterations: 4
n_possible_iterations: 7
min_resources_: 6
max_resources_: 11600
aggressive_elimination: False
factor: 3
----------
iter: 0
n_candidates: 50
n_resources: 6
Fitting 1 folds for each of 50 candidates, totalling 50 fits
----------
iter: 1
n_candidates: 17
n_resources: 18
Fitting 1 folds for each of 17 candidates, totalling 17 fits
----------
iter: 2
n_candidates: 6
n_resources: 54
Fitting 1 folds for each of 6 candidates, totalling 6 fits
----------
iter: 3
n_candidates: 2
n_resources: 162
Fitting 1 folds for each of 2 candidates, totalling 2 fits
      -> [LinearSVC + Jittering Set 10] Acc: 0.9900, F1: 0.9900, Time: 0.07s
n_iterations: 4
n_required_iterations: 4
n_possible_iterations: 7
min_resources_: 6
max_resources_: 11600
aggressive_elimination: False
factor: 3
----------
iter: 0
n_candidates: 50
n_resources: 6
Fitting 1 folds for each of 50 candidates, totalling 50 fits
----------
iter: 1
n_candidates: 17
n_resources: 18
Fitting 1 folds for each of 17 candidates, totalling 17 fits
----------
iter: 2
n_candidates: 6
n_resources: 54
Fitting 1 folds for each of 6 candidates, totalling 6 fits
----------
iter: 3
n_candidates: 2
n_resources: 162
Fitting 1 folds for each of 2 candidates, totalling 2 fits
      -> [LogisticRegression + Jittering Set 10] Acc: 0.9883, F1: 0.9883, Time: 0.23s
      [!] Failed evaluation with RNN on Jittering Set 10: name 'os' is not defined
    [=== Generating 5x synthetic data with Jittering (Set 1, Params: {'sigma': 0.03}) ===]
n_iterations: 4
n_required_iterations: 4
n_possible_iterations: 8
min_resources_: 6
max_resources_: 17400
aggressive_elimination: False
factor: 3
----------
iter: 0
n_candidates: 50
n_resources: 6
Fitting 1 folds for each of 50 candidates, totalling 50 fits
      -> [KNN + Jittering Set 1] Acc: 0.9300, F1: 0.9307, Time: 0.04s
n_iterations: 4
n_required_iterations: 4
n_possible_iterations: 8
min_resources_: 6
max_resources_: 17400
aggressive_elimination: False
factor: 3
----------
iter: 0
n_candidates: 50
n_resources: 6
Fitting 1 folds for each of 50 candidates, totalling 50 fits
      -> [RandomForest + Jittering Set 1] Acc: 0.9033, F1: 0.9048, Time: 1.92s
n_iterations: 4
n_required_iterations: 4
n_possible_iterations: 8
min_resources_: 6
max_resources_: 17400
aggressive_elimination: False
factor: 3
----------
iter: 0
n_candidates: 50
n_resources: 6
Fitting 1 folds for each of 50 candidates, totalling 50 fits
      -> [LinearSVC + Jittering Set 1] Acc: 0.9867, F1: 0.9867, Time: 0.05s
n_iterations: 4
n_required_iterations: 4
n_possible_iterations: 8
min_resources_: 6
max_resources_: 17400
aggressive_elimination: False
factor: 3
----------
iter: 0
n_candidates: 50
n_resources: 6
Fitting 1 folds for each of 50 candidates, totalling 50 fits
      -> [LogisticRegression + Jittering Set 1] Acc: 0.9883, F1: 0.9883, Time: 0.19s
      [!] Failed evaluation with RNN on Jittering Set 1: name 'os' is not defined
    [=== Generating 5x synthetic data with Jittering (Set 2, Params: {'sigma': 0.1}) ===]
n_iterations: 4
n_required_iterations: 4
n_possible_iterations: 8
min_resources_: 6
max_resources_: 17400
aggressive_elimination: False
factor: 3
----------
iter: 0
n_candidates: 50
n_resources: 6
Fitting 1 folds for each of 50 candidates, totalling 50 fits
      -> [KNN + Jittering Set 2] Acc: 0.9283, F1: 0.9290, Time: 0.05s
n_iterations: 4
n_required_iterations: 4
n_possible_iterations: 8
min_resources_: 6
max_resources_: 17400
aggressive_elimination: False
factor: 3
----------
iter: 0
n_candidates: 50
n_resources: 6
Fitting 1 folds for each of 50 candidates, totalling 50 fits
      -> [RandomForest + Jittering Set 2] Acc: 0.9517, F1: 0.9518, Time: 2.29s
n_iterations: 4
n_required_iterations: 4
n_possible_iterations: 8
min_resources_: 6
max_resources_: 17400
aggressive_elimination: False
factor: 3
----------
iter: 0
n_candidates: 50
n_resources: 6
Fitting 1 folds for each of 50 candidates, totalling 50 fits
      -> [LinearSVC + Jittering Set 2] Acc: 0.9900, F1: 0.9900, Time: 0.04s
n_iterations: 4
n_required_iterations: 4
n_possible_iterations: 8
min_resources_: 6
max_resources_: 17400
aggressive_elimination: False
factor: 3
----------
iter: 0
n_candidates: 50
n_resources: 6
Fitting 1 folds for each of 50 candidates, totalling 50 fits
      -> [LogisticRegression + Jittering Set 2] Acc: 0.9883, F1: 0.9883, Time: 0.14s
      [!] Failed evaluation with RNN on Jittering Set 2: name 'os' is not defined
    [=== Generating 5x synthetic data with Jittering (Set 3, Params: {'sigma': 0.15}) ===]
n_iterations: 4
n_required_iterations: 4
n_possible_iterations: 8
min_resources_: 6
max_resources_: 17400
aggressive_elimination: False
factor: 3
----------
iter: 0
n_candidates: 50
n_resources: 6
Fitting 1 folds for each of 50 candidates, totalling 50 fits
      -> [KNN + Jittering Set 3] Acc: 0.9283, F1: 0.9290, Time: 0.05s
n_iterations: 4
n_required_iterations: 4
n_possible_iterations: 8
min_resources_: 6
max_resources_: 17400
aggressive_elimination: False
factor: 3
----------
iter: 0
n_candidates: 50
n_resources: 6
Fitting 1 folds for each of 50 candidates, totalling 50 fits
      -> [RandomForest + Jittering Set 3] Acc: 0.9550, F1: 0.9551, Time: 2.68s
n_iterations: 4
n_required_iterations: 4
n_possible_iterations: 8
min_resources_: 6
max_resources_: 17400
aggressive_elimination: False
factor: 3
----------
iter: 0
n_candidates: 50
n_resources: 6
Fitting 1 folds for each of 50 candidates, totalling 50 fits
      -> [LinearSVC + Jittering Set 3] Acc: 0.9750, F1: 0.9748, Time: 0.04s
n_iterations: 4
n_required_iterations: 4
n_possible_iterations: 8
min_resources_: 6
max_resources_: 17400
aggressive_elimination: False
factor: 3
----------
iter: 0
n_candidates: 50
n_resources: 6
Fitting 1 folds for each of 50 candidates, totalling 50 fits
      -> [LogisticRegression + Jittering Set 3] Acc: 0.9933, F1: 0.9933, Time: 0.16s
      [!] Failed evaluation with RNN on Jittering Set 3: name 'os' is not defined
    [=== Generating 5x synthetic data with Jittering (Set 4, Params: {'sigma': 0.05}) ===]
n_iterations: 4
n_required_iterations: 4
n_possible_iterations: 8
min_resources_: 6
max_resources_: 17400
aggressive_elimination: False
factor: 3
----------
iter: 0
n_candidates: 50
n_resources: 6
Fitting 1 folds for each of 50 candidates, totalling 50 fits
      -> [KNN + Jittering Set 4] Acc: 0.9283, F1: 0.9290, Time: 0.05s
n_iterations: 4
n_required_iterations: 4
n_possible_iterations: 8
min_resources_: 6
max_resources_: 17400
aggressive_elimination: False
factor: 3
----------
iter: 0
n_candidates: 50
n_resources: 6
Fitting 1 folds for each of 50 candidates, totalling 50 fits
      -> [RandomForest + Jittering Set 4] Acc: 0.9267, F1: 0.9274, Time: 2.11s
n_iterations: 4
n_required_iterations: 4
n_possible_iterations: 8
min_resources_: 6
max_resources_: 17400
aggressive_elimination: False
factor: 3
----------
iter: 0
n_candidates: 50
n_resources: 6
Fitting 1 folds for each of 50 candidates, totalling 50 fits
      -> [LinearSVC + Jittering Set 4] Acc: 0.9883, F1: 0.9883, Time: 0.05s
n_iterations: 4
n_required_iterations: 4
n_possible_iterations: 8
min_resources_: 6
max_resources_: 17400
aggressive_elimination: False
factor: 3
----------
iter: 0
n_candidates: 50
n_resources: 6
Fitting 1 folds for each of 50 candidates, totalling 50 fits
      -> [LogisticRegression + Jittering Set 4] Acc: 0.9883, F1: 0.9883, Time: 0.18s
      [!] Failed evaluation with RNN on Jittering Set 4: name 'os' is not defined
    [=== Generating 5x synthetic data with Jittering (Set 5, Params: {'sigma': 0.15}) ===]
n_iterations: 4
n_required_iterations: 4
n_possible_iterations: 8
min_resources_: 6
max_resources_: 17400
aggressive_elimination: False
factor: 3
----------
iter: 0
n_candidates: 50
n_resources: 6
Fitting 1 folds for each of 50 candidates, totalling 50 fits
      -> [KNN + Jittering Set 5] Acc: 0.9300, F1: 0.9307, Time: 0.05s
n_iterations: 4
n_required_iterations: 4
n_possible_iterations: 8
min_resources_: 6
max_resources_: 17400
aggressive_elimination: False
factor: 3
----------
iter: 0
n_candidates: 50
n_resources: 6
Fitting 1 folds for each of 50 candidates, totalling 50 fits
      -> [RandomForest + Jittering Set 5] Acc: 0.9767, F1: 0.9767, Time: 3.08s
n_iterations: 4
n_required_iterations: 4
n_possible_iterations: 8
min_resources_: 6
max_resources_: 17400
aggressive_elimination: False
factor: 3
----------
iter: 0
n_candidates: 50
n_resources: 6
Fitting 1 folds for each of 50 candidates, totalling 50 fits
      -> [LinearSVC + Jittering Set 5] Acc: 0.9800, F1: 0.9799, Time: 0.04s
n_iterations: 4
n_required_iterations: 4
n_possible_iterations: 8
min_resources_: 6
max_resources_: 17400
aggressive_elimination: False
factor: 3
----------
iter: 0
n_candidates: 50
n_resources: 6
Fitting 1 folds for each of 50 candidates, totalling 50 fits
      -> [LogisticRegression + Jittering Set 5] Acc: 0.9933, F1: 0.9933, Time: 0.11s
      [!] Failed evaluation with RNN on Jittering Set 5: name 'os' is not defined
    [=== Generating 5x synthetic data with Jittering (Set 6, Params: {'sigma': 0.15}) ===]
n_iterations: 4
n_required_iterations: 4
n_possible_iterations: 8
min_resources_: 6
max_resources_: 17400
aggressive_elimination: False
factor: 3
----------
iter: 0
n_candidates: 50
n_resources: 6
Fitting 1 folds for each of 50 candidates, totalling 50 fits
      -> [KNN + Jittering Set 6] Acc: 0.9183, F1: 0.9192, Time: 0.06s
n_iterations: 4
n_required_iterations: 4
n_possible_iterations: 8
min_resources_: 6
max_resources_: 17400
aggressive_elimination: False
factor: 3
----------
iter: 0
n_candidates: 50
n_resources: 6
Fitting 1 folds for each of 50 candidates, totalling 50 fits
      -> [RandomForest + Jittering Set 6] Acc: 0.9867, F1: 0.9867, Time: 2.47s
n_iterations: 4
n_required_iterations: 4
n_possible_iterations: 8
min_resources_: 6
max_resources_: 17400
aggressive_elimination: False
factor: 3
----------
iter: 0
n_candidates: 50
n_resources: 6
Fitting 1 folds for each of 50 candidates, totalling 50 fits
      -> [LinearSVC + Jittering Set 6] Acc: 0.9783, F1: 0.9782, Time: 0.04s
n_iterations: 4
n_required_iterations: 4
n_possible_iterations: 8
min_resources_: 6
max_resources_: 17400
aggressive_elimination: False
factor: 3
----------
iter: 0
n_candidates: 50
n_resources: 6
Fitting 1 folds for each of 50 candidates, totalling 50 fits
      -> [LogisticRegression + Jittering Set 6] Acc: 0.9933, F1: 0.9933, Time: 0.10s
      [!] Failed evaluation with RNN on Jittering Set 6: name 'os' is not defined
    [=== Generating 5x synthetic data with Jittering (Set 7, Params: {'sigma': 0.03}) ===]
n_iterations: 4
n_required_iterations: 4
n_possible_iterations: 8
min_resources_: 6
max_resources_: 17400
aggressive_elimination: False
factor: 3
----------
iter: 0
n_candidates: 50
n_resources: 6
Fitting 1 folds for each of 50 candidates, totalling 50 fits
      -> [KNN + Jittering Set 7] Acc: 0.9300, F1: 0.9307, Time: 0.05s
n_iterations: 4
n_required_iterations: 4
n_possible_iterations: 8
min_resources_: 6
max_resources_: 17400
aggressive_elimination: False
factor: 3
----------
iter: 0
n_candidates: 50
n_resources: 6
Fitting 1 folds for each of 50 candidates, totalling 50 fits
      -> [RandomForest + Jittering Set 7] Acc: 0.9200, F1: 0.9211, Time: 1.92s
n_iterations: 4
n_required_iterations: 4
n_possible_iterations: 8
min_resources_: 6
max_resources_: 17400
aggressive_elimination: False
factor: 3
----------
iter: 0
n_candidates: 50
n_resources: 6
Fitting 1 folds for each of 50 candidates, totalling 50 fits
      -> [LinearSVC + Jittering Set 7] Acc: 0.9867, F1: 0.9867, Time: 0.05s
n_iterations: 4
n_required_iterations: 4
n_possible_iterations: 8
min_resources_: 6
max_resources_: 17400
aggressive_elimination: False
factor: 3
----------
iter: 0
n_candidates: 50
n_resources: 6
Fitting 1 folds for each of 50 candidates, totalling 50 fits
      -> [LogisticRegression + Jittering Set 7] Acc: 0.9883, F1: 0.9883, Time: 0.18s
      [!] Failed evaluation with RNN on Jittering Set 7: name 'os' is not defined
    [=== Generating 5x synthetic data with Jittering (Set 8, Params: {'sigma': 0.05}) ===]
n_iterations: 4
n_required_iterations: 4
n_possible_iterations: 8
min_resources_: 6
max_resources_: 17400
aggressive_elimination: False
factor: 3
----------
iter: 0
n_candidates: 50
n_resources: 6
Fitting 1 folds for each of 50 candidates, totalling 50 fits
      -> [KNN + Jittering Set 8] Acc: 0.9300, F1: 0.9307, Time: 0.05s
n_iterations: 4
n_required_iterations: 4
n_possible_iterations: 8
min_resources_: 6
max_resources_: 17400
aggressive_elimination: False
factor: 3
----------
iter: 0
n_candidates: 50
n_resources: 6
Fitting 1 folds for each of 50 candidates, totalling 50 fits
      -> [RandomForest + Jittering Set 8] Acc: 0.9217, F1: 0.9228, Time: 2.12s
n_iterations: 4
n_required_iterations: 4
n_possible_iterations: 8
min_resources_: 6
max_resources_: 17400
aggressive_elimination: False
factor: 3
----------
iter: 0
n_candidates: 50
n_resources: 6
Fitting 1 folds for each of 50 candidates, totalling 50 fits
      -> [LinearSVC + Jittering Set 8] Acc: 0.9883, F1: 0.9883, Time: 0.05s
n_iterations: 4
n_required_iterations: 4
n_possible_iterations: 8
min_resources_: 6
max_resources_: 17400
aggressive_elimination: False
factor: 3
----------
iter: 0
n_candidates: 50
n_resources: 6
Fitting 1 folds for each of 50 candidates, totalling 50 fits
      -> [LogisticRegression + Jittering Set 8] Acc: 0.9883, F1: 0.9883, Time: 0.40s
      [!] Failed evaluation with RNN on Jittering Set 8: name 'os' is not defined
    [=== Generating 5x synthetic data with Jittering (Set 9, Params: {'sigma': 0.05}) ===]
n_iterations: 4
n_required_iterations: 4
n_possible_iterations: 8
min_resources_: 6
max_resources_: 17400
aggressive_elimination: False
factor: 3
----------
iter: 0
n_candidates: 50
n_resources: 6
Fitting 1 folds for each of 50 candidates, totalling 50 fits
      -> [KNN + Jittering Set 9] Acc: 0.9350, F1: 0.9356, Time: 0.10s
n_iterations: 4
n_required_iterations: 4
n_possible_iterations: 8
min_resources_: 6
max_resources_: 17400
aggressive_elimination: False
factor: 3
----------
iter: 0
n_candidates: 50
n_resources: 6
Fitting 1 folds for each of 50 candidates, totalling 50 fits
      -> [RandomForest + Jittering Set 9] Acc: 0.9000, F1: 0.9015, Time: 2.35s
n_iterations: 4
n_required_iterations: 4
n_possible_iterations: 8
min_resources_: 6
max_resources_: 17400
aggressive_elimination: False
factor: 3
----------
iter: 0
n_candidates: 50
n_resources: 6
Fitting 1 folds for each of 50 candidates, totalling 50 fits
      -> [LinearSVC + Jittering Set 9] Acc: 0.9867, F1: 0.9867, Time: 0.05s
n_iterations: 4
n_required_iterations: 4
n_possible_iterations: 8
min_resources_: 6
max_resources_: 17400
aggressive_elimination: False
factor: 3
----------
iter: 0
n_candidates: 50
n_resources: 6
Fitting 1 folds for each of 50 candidates, totalling 50 fits
      -> [LogisticRegression + Jittering Set 9] Acc: 0.9883, F1: 0.9883, Time: 0.39s
      [!] Failed evaluation with RNN on Jittering Set 9: name 'os' is not defined
    [=== Generating 5x synthetic data with Jittering (Set 10, Params: {'sigma': 0.05}) ===]
n_iterations: 4
n_required_iterations: 4
n_possible_iterations: 8
min_resources_: 6
max_resources_: 17400
aggressive_elimination: False
factor: 3
----------
iter: 0
n_candidates: 50
n_resources: 6
Fitting 1 folds for each of 50 candidates, totalling 50 fits
      -> [KNN + Jittering Set 10] Acc: 0.9300, F1: 0.9307, Time: 0.05s
n_iterations: 4
n_required_iterations: 4
n_possible_iterations: 8
min_resources_: 6
max_resources_: 17400
aggressive_elimination: False
factor: 3
----------
iter: 0
n_candidates: 50
n_resources: 6
Fitting 1 folds for each of 50 candidates, totalling 50 fits
      -> [RandomForest + Jittering Set 10] Acc: 0.9267, F1: 0.9279, Time: 2.30s
n_iterations: 4
n_required_iterations: 4
n_possible_iterations: 8
min_resources_: 6
max_resources_: 17400
aggressive_elimination: False
factor: 3
----------
iter: 0
n_candidates: 50
n_resources: 6
Fitting 1 folds for each of 50 candidates, totalling 50 fits
      -> [LinearSVC + Jittering Set 10] Acc: 0.9883, F1: 0.9883, Time: 0.05s
n_iterations: 4
n_required_iterations: 4
n_possible_iterations: 8
min_resources_: 6
max_resources_: 17400
aggressive_elimination: False
factor: 3
----------
iter: 0
n_candidates: 50
n_resources: 6
Fitting 1 folds for each of 50 candidates, totalling 50 fits
      -> [LogisticRegression + Jittering Set 10] Acc: 0.9883, F1: 0.9883, Time: 0.57s
      [!] Failed evaluation with RNN on Jittering Set 10: name 'os' is not defined
    [=== Generating 10x synthetic data with Jittering (Set 1, Params: {'sigma': 0.03}) ===]
n_iterations: 4
n_required_iterations: 4
n_possible_iterations: 8
min_resources_: 6
max_resources_: 31900
aggressive_elimination: False
factor: 3
----------
iter: 0
n_candidates: 50
n_resources: 6
Fitting 1 folds for each of 50 candidates, totalling 50 fits
      -> [KNN + Jittering Set 1] Acc: 0.9300, F1: 0.9307, Time: 0.10s
n_iterations: 4
n_required_iterations: 4
n_possible_iterations: 8
min_resources_: 6
max_resources_: 31900
aggressive_elimination: False
factor: 3
----------
iter: 0
n_candidates: 50
n_resources: 6
Fitting 1 folds for each of 50 candidates, totalling 50 fits
      -> [RandomForest + Jittering Set 1] Acc: 0.9150, F1: 0.9164, Time: 4.95s
n_iterations: 4
n_required_iterations: 4
n_possible_iterations: 8
min_resources_: 6
max_resources_: 31900
aggressive_elimination: False
factor: 3
----------
iter: 0
n_candidates: 50
n_resources: 6
Fitting 1 folds for each of 50 candidates, totalling 50 fits
      -> [LinearSVC + Jittering Set 1] Acc: 0.9867, F1: 0.9867, Time: 0.11s
n_iterations: 4
n_required_iterations: 4
n_possible_iterations: 8
min_resources_: 6
max_resources_: 31900
aggressive_elimination: False
factor: 3
----------
iter: 0
n_candidates: 50
n_resources: 6
Fitting 1 folds for each of 50 candidates, totalling 50 fits
      -> [LogisticRegression + Jittering Set 1] Acc: 0.9867, F1: 0.9867, Time: 0.77s
      [!] Failed evaluation with RNN on Jittering Set 1: name 'os' is not defined
    [=== Generating 10x synthetic data with Jittering (Set 2, Params: {'sigma': 0.1}) ===]
n_iterations: 4
n_required_iterations: 4
n_possible_iterations: 8
min_resources_: 6
max_resources_: 31900
aggressive_elimination: False
factor: 3
----------
iter: 0
n_candidates: 50
n_resources: 6
Fitting 1 folds for each of 50 candidates, totalling 50 fits
      -> [KNN + Jittering Set 2] Acc: 0.9333, F1: 0.9340, Time: 0.12s
n_iterations: 4
n_required_iterations: 4
n_possible_iterations: 8
min_resources_: 6
max_resources_: 31900
aggressive_elimination: False
factor: 3
----------
iter: 0
n_candidates: 50
n_resources: 6
Fitting 1 folds for each of 50 candidates, totalling 50 fits
      -> [RandomForest + Jittering Set 2] Acc: 0.9700, F1: 0.9701, Time: 6.26s
n_iterations: 4
n_required_iterations: 4
n_possible_iterations: 8
min_resources_: 6
max_resources_: 31900
aggressive_elimination: False
factor: 3
----------
iter: 0
n_candidates: 50
n_resources: 6
Fitting 1 folds for each of 50 candidates, totalling 50 fits
      -> [LinearSVC + Jittering Set 2] Acc: 0.9883, F1: 0.9883, Time: 0.09s
n_iterations: 4
n_required_iterations: 4
n_possible_iterations: 8
min_resources_: 6
max_resources_: 31900
aggressive_elimination: False
factor: 3
----------
iter: 0
n_candidates: 50
n_resources: 6
Fitting 1 folds for each of 50 candidates, totalling 50 fits
      -> [LogisticRegression + Jittering Set 2] Acc: 0.9883, F1: 0.9883, Time: 0.72s
      [!] Failed evaluation with RNN on Jittering Set 2: name 'os' is not defined
    [=== Generating 10x synthetic data with Jittering (Set 3, Params: {'sigma': 0.15}) ===]
n_iterations: 4
n_required_iterations: 4
n_possible_iterations: 8
min_resources_: 6
max_resources_: 31900
aggressive_elimination: False
factor: 3
----------
iter: 0
n_candidates: 50
n_resources: 6
Fitting 1 folds for each of 50 candidates, totalling 50 fits
      -> [KNN + Jittering Set 3] Acc: 0.9183, F1: 0.9192, Time: 0.09s
n_iterations: 4
n_required_iterations: 4
n_possible_iterations: 8
min_resources_: 6
max_resources_: 31900
aggressive_elimination: False
factor: 3
----------
iter: 0
n_candidates: 50
n_resources: 6
Fitting 1 folds for each of 50 candidates, totalling 50 fits
      -> [RandomForest + Jittering Set 3] Acc: 0.9783, F1: 0.9784, Time: 6.16s
n_iterations: 4
n_required_iterations: 4
n_possible_iterations: 8
min_resources_: 6
max_resources_: 31900
aggressive_elimination: False
factor: 3
----------
iter: 0
n_candidates: 50
n_resources: 6
Fitting 1 folds for each of 50 candidates, totalling 50 fits
      -> [LinearSVC + Jittering Set 3] Acc: 0.9733, F1: 0.9731, Time: 0.08s
n_iterations: 4
n_required_iterations: 4
n_possible_iterations: 8
min_resources_: 6
max_resources_: 31900
aggressive_elimination: False
factor: 3
----------
iter: 0
n_candidates: 50
n_resources: 6
Fitting 1 folds for each of 50 candidates, totalling 50 fits
      -> [LogisticRegression + Jittering Set 3] Acc: 0.9933, F1: 0.9933, Time: 0.54s
      [!] Failed evaluation with RNN on Jittering Set 3: name 'os' is not defined
    [=== Generating 10x synthetic data with Jittering (Set 4, Params: {'sigma': 0.05}) ===]
n_iterations: 4
n_required_iterations: 4
n_possible_iterations: 8
min_resources_: 6
max_resources_: 31900
aggressive_elimination: False
factor: 3
----------
iter: 0
n_candidates: 50
n_resources: 6
Fitting 1 folds for each of 50 candidates, totalling 50 fits
      -> [KNN + Jittering Set 4] Acc: 0.9283, F1: 0.9290, Time: 0.14s
n_iterations: 4
n_required_iterations: 4
n_possible_iterations: 8
min_resources_: 6
max_resources_: 31900
aggressive_elimination: False
factor: 3
----------
iter: 0
n_candidates: 50
n_resources: 6
Fitting 1 folds for each of 50 candidates, totalling 50 fits
      -> [RandomForest + Jittering Set 4] Acc: 0.9433, F1: 0.9442, Time: 4.86s
n_iterations: 4
n_required_iterations: 4
n_possible_iterations: 8
min_resources_: 6
max_resources_: 31900
aggressive_elimination: False
factor: 3
----------
iter: 0
n_candidates: 50
n_resources: 6
Fitting 1 folds for each of 50 candidates, totalling 50 fits
      -> [LinearSVC + Jittering Set 4] Acc: 0.9883, F1: 0.9883, Time: 0.10s
n_iterations: 4
n_required_iterations: 4
n_possible_iterations: 8
min_resources_: 6
max_resources_: 31900
aggressive_elimination: False
factor: 3
----------
iter: 0
n_candidates: 50
n_resources: 6
Fitting 1 folds for each of 50 candidates, totalling 50 fits
      -> [LogisticRegression + Jittering Set 4] Acc: 0.9883, F1: 0.9883, Time: 0.68s
      [!] Failed evaluation with RNN on Jittering Set 4: name 'os' is not defined
    [=== Generating 10x synthetic data with Jittering (Set 5, Params: {'sigma': 0.15}) ===]
n_iterations: 4
n_required_iterations: 4
n_possible_iterations: 8
min_resources_: 6
max_resources_: 31900
aggressive_elimination: False
factor: 3
----------
iter: 0
n_candidates: 50
n_resources: 6
Fitting 1 folds for each of 50 candidates, totalling 50 fits
      -> [KNN + Jittering Set 5] Acc: 0.9467, F1: 0.9471, Time: 0.09s
n_iterations: 4
n_required_iterations: 4
n_possible_iterations: 8
min_resources_: 6
max_resources_: 31900
aggressive_elimination: False
factor: 3
----------
iter: 0
n_candidates: 50
n_resources: 6
Fitting 1 folds for each of 50 candidates, totalling 50 fits
      -> [RandomForest + Jittering Set 5] Acc: 0.9783, F1: 0.9783, Time: 6.44s
n_iterations: 4
n_required_iterations: 4
n_possible_iterations: 8
min_resources_: 6
max_resources_: 31900
aggressive_elimination: False
factor: 3
----------
iter: 0
n_candidates: 50
n_resources: 6
Fitting 1 folds for each of 50 candidates, totalling 50 fits
      -> [LinearSVC + Jittering Set 5] Acc: 0.9733, F1: 0.9731, Time: 0.09s
n_iterations: 4
n_required_iterations: 4
n_possible_iterations: 8
min_resources_: 6
max_resources_: 31900
aggressive_elimination: False
factor: 3
----------
iter: 0
n_candidates: 50
n_resources: 6
Fitting 1 folds for each of 50 candidates, totalling 50 fits
      -> [LogisticRegression + Jittering Set 5] Acc: 0.9917, F1: 0.9917, Time: 0.69s
      [!] Failed evaluation with RNN on Jittering Set 5: name 'os' is not defined
    [=== Generating 10x synthetic data with Jittering (Set 6, Params: {'sigma': 0.15}) ===]
n_iterations: 4
n_required_iterations: 4
n_possible_iterations: 8
min_resources_: 6
max_resources_: 31900
aggressive_elimination: False
factor: 3
----------
iter: 0
n_candidates: 50
n_resources: 6
Fitting 1 folds for each of 50 candidates, totalling 50 fits
      -> [KNN + Jittering Set 6] Acc: 0.9183, F1: 0.9192, Time: 0.12s
n_iterations: 4
n_required_iterations: 4
n_possible_iterations: 8
min_resources_: 6
max_resources_: 31900
aggressive_elimination: False
factor: 3
----------
iter: 0
n_candidates: 50
n_resources: 6
Fitting 1 folds for each of 50 candidates, totalling 50 fits
      -> [RandomForest + Jittering Set 6] Acc: 0.9700, F1: 0.9700, Time: 6.55s
n_iterations: 4
n_required_iterations: 4
n_possible_iterations: 8
min_resources_: 6
max_resources_: 31900
aggressive_elimination: False
factor: 3
----------
iter: 0
n_candidates: 50
n_resources: 6
Fitting 1 folds for each of 50 candidates, totalling 50 fits
      -> [LinearSVC + Jittering Set 6] Acc: 0.9750, F1: 0.9748, Time: 0.08s
n_iterations: 4
n_required_iterations: 4
n_possible_iterations: 8
min_resources_: 6
max_resources_: 31900
aggressive_elimination: False
factor: 3
----------
iter: 0
n_candidates: 50
n_resources: 6
Fitting 1 folds for each of 50 candidates, totalling 50 fits
      -> [LogisticRegression + Jittering Set 6] Acc: 0.9917, F1: 0.9917, Time: 0.31s
      [!] Failed evaluation with RNN on Jittering Set 6: name 'os' is not defined
    [=== Generating 10x synthetic data with Jittering (Set 7, Params: {'sigma': 0.03}) ===]
n_iterations: 4
n_required_iterations: 4
n_possible_iterations: 8
min_resources_: 6
max_resources_: 31900
aggressive_elimination: False
factor: 3
----------
iter: 0
n_candidates: 50
n_resources: 6
Fitting 1 folds for each of 50 candidates, totalling 50 fits
      -> [KNN + Jittering Set 7] Acc: 0.9333, F1: 0.9340, Time: 0.08s
n_iterations: 4
n_required_iterations: 4
n_possible_iterations: 8
min_resources_: 6
max_resources_: 31900
aggressive_elimination: False
factor: 3
----------
iter: 0
n_candidates: 50
n_resources: 6
Fitting 1 folds for each of 50 candidates, totalling 50 fits
      -> [RandomForest + Jittering Set 7] Acc: 0.9167, F1: 0.9179, Time: 4.59s
n_iterations: 4
n_required_iterations: 4
n_possible_iterations: 8
min_resources_: 6
max_resources_: 31900
aggressive_elimination: False
factor: 3
----------
iter: 0
n_candidates: 50
n_resources: 6
Fitting 1 folds for each of 50 candidates, totalling 50 fits
      -> [LinearSVC + Jittering Set 7] Acc: 0.9883, F1: 0.9883, Time: 0.11s
n_iterations: 4
n_required_iterations: 4
n_possible_iterations: 8
min_resources_: 6
max_resources_: 31900
aggressive_elimination: False
factor: 3
----------
iter: 0
n_candidates: 50
n_resources: 6
Fitting 1 folds for each of 50 candidates, totalling 50 fits
      -> [LogisticRegression + Jittering Set 7] Acc: 0.9883, F1: 0.9883, Time: 0.77s
      [!] Failed evaluation with RNN on Jittering Set 7: name 'os' is not defined
    [=== Generating 10x synthetic data with Jittering (Set 8, Params: {'sigma': 0.05}) ===]
n_iterations: 4
n_required_iterations: 4
n_possible_iterations: 8
min_resources_: 6
max_resources_: 31900
aggressive_elimination: False
factor: 3
----------
iter: 0
n_candidates: 50
n_resources: 6
Fitting 1 folds for each of 50 candidates, totalling 50 fits
      -> [KNN + Jittering Set 8] Acc: 0.9283, F1: 0.9290, Time: 0.11s
n_iterations: 4
n_required_iterations: 4
n_possible_iterations: 8
min_resources_: 6
max_resources_: 31900
aggressive_elimination: False
factor: 3
----------
iter: 0
n_candidates: 50
n_resources: 6
Fitting 1 folds for each of 50 candidates, totalling 50 fits
      -> [RandomForest + Jittering Set 8] Acc: 0.9300, F1: 0.9311, Time: 5.45s
n_iterations: 4
n_required_iterations: 4
n_possible_iterations: 8
min_resources_: 6
max_resources_: 31900
aggressive_elimination: False
factor: 3
----------
iter: 0
n_candidates: 50
n_resources: 6
Fitting 1 folds for each of 50 candidates, totalling 50 fits
      -> [LinearSVC + Jittering Set 8] Acc: 0.9883, F1: 0.9883, Time: 0.12s
n_iterations: 4
n_required_iterations: 4
n_possible_iterations: 8
min_resources_: 6
max_resources_: 31900
aggressive_elimination: False
factor: 3
----------
iter: 0
n_candidates: 50
n_resources: 6
Fitting 1 folds for each of 50 candidates, totalling 50 fits
      -> [LogisticRegression + Jittering Set 8] Acc: 0.9883, F1: 0.9883, Time: 0.99s
      [!] Failed evaluation with RNN on Jittering Set 8: name 'os' is not defined
    [=== Generating 10x synthetic data with Jittering (Set 9, Params: {'sigma': 0.05}) ===]
n_iterations: 4
n_required_iterations: 4
n_possible_iterations: 8
min_resources_: 6
max_resources_: 31900
aggressive_elimination: False
factor: 3
----------
iter: 0
n_candidates: 50
n_resources: 6
Fitting 1 folds for each of 50 candidates, totalling 50 fits
      -> [KNN + Jittering Set 9] Acc: 0.9283, F1: 0.9290, Time: 0.13s
n_iterations: 4
n_required_iterations: 4
n_possible_iterations: 8
min_resources_: 6
max_resources_: 31900
aggressive_elimination: False
factor: 3
----------
iter: 0
n_candidates: 50
n_resources: 6
Fitting 1 folds for each of 50 candidates, totalling 50 fits
      -> [RandomForest + Jittering Set 9] Acc: 0.9250, F1: 0.9261, Time: 5.01s
n_iterations: 4
n_required_iterations: 4
n_possible_iterations: 8
min_resources_: 6
max_resources_: 31900
aggressive_elimination: False
factor: 3
----------
iter: 0
n_candidates: 50
n_resources: 6
Fitting 1 folds for each of 50 candidates, totalling 50 fits
      -> [LinearSVC + Jittering Set 9] Acc: 0.9867, F1: 0.9867, Time: 0.10s
n_iterations: 4
n_required_iterations: 4
n_possible_iterations: 8
min_resources_: 6
max_resources_: 31900
aggressive_elimination: False
factor: 3
----------
iter: 0
n_candidates: 50
n_resources: 6
Fitting 1 folds for each of 50 candidates, totalling 50 fits
      -> [LogisticRegression + Jittering Set 9] Acc: 0.9883, F1: 0.9883, Time: 0.78s
      [!] Failed evaluation with RNN on Jittering Set 9: name 'os' is not defined
    [=== Generating 10x synthetic data with Jittering (Set 10, Params: {'sigma': 0.05}) ===]
n_iterations: 4
n_required_iterations: 4
n_possible_iterations: 8
min_resources_: 6
max_resources_: 31900
aggressive_elimination: False
factor: 3
----------
iter: 0
n_candidates: 50
n_resources: 6
Fitting 1 folds for each of 50 candidates, totalling 50 fits
      -> [KNN + Jittering Set 10] Acc: 0.9267, F1: 0.9274, Time: 0.10s
n_iterations: 4
n_required_iterations: 4
n_possible_iterations: 8
min_resources_: 6
max_resources_: 31900
aggressive_elimination: False
factor: 3
----------
iter: 0
n_candidates: 50
n_resources: 6
Fitting 1 folds for each of 50 candidates, totalling 50 fits
      -> [RandomForest + Jittering Set 10] Acc: 0.9300, F1: 0.9313, Time: 4.71s
n_iterations: 4
n_required_iterations: 4
n_possible_iterations: 8
min_resources_: 6
max_resources_: 31900
aggressive_elimination: False
factor: 3
----------
iter: 0
n_candidates: 50
n_resources: 6
Fitting 1 folds for each of 50 candidates, totalling 50 fits
      -> [LinearSVC + Jittering Set 10] Acc: 0.9900, F1: 0.9900, Time: 0.11s
n_iterations: 4
n_required_iterations: 4
n_possible_iterations: 8
min_resources_: 6
max_resources_: 31900
aggressive_elimination: False
factor: 3
----------
iter: 0
n_candidates: 50
n_resources: 6
Fitting 1 folds for each of 50 candidates, totalling 50 fits
      -> [LogisticRegression + Jittering Set 10] Acc: 0.9883, F1: 0.9883, Time: 1.15s
      [!] Failed evaluation with RNN on Jittering Set 10: name 'os' is not defined

    >> Seed Fold Selection: 7/10
    Evaluating Model: KNN
      -> [Baseline] Acc: 0.9917, F1: 0.9916, Time: 0.03s
      HP Tuning KNN...
n_iterations: 4
n_required_iterations: 4
n_possible_iterations: 5
min_resources_: 30
max_resources_: 2900
aggressive_elimination: False
factor: 3
----------
iter: 0
n_candidates: 50
n_resources: 30
Fitting 5 folds for each of 50 candidates, totalling 250 fits
----------
iter: 1
n_candidates: 17
n_resources: 90
Fitting 5 folds for each of 17 candidates, totalling 85 fits
----------
iter: 2
n_candidates: 6
n_resources: 270
Fitting 5 folds for each of 6 candidates, totalling 30 fits
----------
iter: 3
n_candidates: 2
n_resources: 810
Fitting 5 folds for each of 2 candidates, totalling 10 fits
      -> [Tuned_Baseline] Acc: 1.0000, F1: 1.0000, Time: 0.02s
    Evaluating Model: RandomForest
      -> [Baseline] Acc: 0.8917, F1: 0.8927, Time: 0.37s
      HP Tuning RandomForest...
n_iterations: 4
n_required_iterations: 4
n_possible_iterations: 5
min_resources_: 30
max_resources_: 2900
aggressive_elimination: False
factor: 3
----------
iter: 0
n_candidates: 50
n_resources: 30
Fitting 5 folds for each of 50 candidates, totalling 250 fits
----------
iter: 1
n_candidates: 17
n_resources: 90
Fitting 5 folds for each of 17 candidates, totalling 85 fits
----------
iter: 2
n_candidates: 6
n_resources: 270
Fitting 5 folds for each of 6 candidates, totalling 30 fits
----------
iter: 3
n_candidates: 2
n_resources: 810
Fitting 5 folds for each of 2 candidates, totalling 10 fits
      -> [Tuned_Baseline] Acc: 0.9067, F1: 0.9069, Time: 0.00s
    Evaluating Model: LinearSVC
      -> [Baseline] Acc: 0.9483, F1: 0.9474, Time: 0.01s
      HP Tuning LinearSVC...
n_iterations: 4
n_required_iterations: 4
n_possible_iterations: 5
min_resources_: 30
max_resources_: 2900
aggressive_elimination: False
factor: 3
----------
iter: 0
n_candidates: 50
n_resources: 30
Fitting 5 folds for each of 50 candidates, totalling 250 fits
----------
iter: 1
n_candidates: 17
n_resources: 90
Fitting 5 folds for each of 17 candidates, totalling 85 fits
----------
iter: 2
n_candidates: 6
n_resources: 270
Fitting 5 folds for each of 6 candidates, totalling 30 fits
----------
iter: 3
n_candidates: 2
n_resources: 810
Fitting 5 folds for each of 2 candidates, totalling 10 fits
      -> [Tuned_Baseline] Acc: 0.8767, F1: 0.8690, Time: 0.00s
    Evaluating Model: LogisticRegression
      -> [Baseline] Acc: 0.9983, F1: 0.9983, Time: 0.13s
      HP Tuning LogisticRegression...
n_iterations: 4
n_required_iterations: 4
n_possible_iterations: 5
min_resources_: 30
max_resources_: 2900
aggressive_elimination: False
factor: 3
----------
iter: 0
n_candidates: 50
n_resources: 30
Fitting 5 folds for each of 50 candidates, totalling 250 fits
----------
iter: 1
n_candidates: 17
n_resources: 90
Fitting 5 folds for each of 17 candidates, totalling 85 fits
----------
iter: 2
n_candidates: 6
n_resources: 270
Fitting 5 folds for each of 6 candidates, totalling 30 fits
----------
iter: 3
n_candidates: 2
n_resources: 810
Fitting 5 folds for each of 2 candidates, totalling 10 fits
      -> [Tuned_Baseline] Acc: 0.9967, F1: 0.9967, Time: 0.00s
    Evaluating Model: RNN
      [!] Baseline failed for RNN: name 'os' is not defined
      HP Tuning RNN...
n_iterations: 1
n_required_iterations: 2
n_possible_iterations: 1
min_resources_: 10
max_resources_: 29
aggressive_elimination: False
factor: 3
----------
iter: 0
n_candidates: 4
n_resources: 10
Fitting 5 folds for each of 4 candidates, totalling 20 fits
      [!] HP Tuning failed, using base model: 
All the 20 fits failed.
It is very likely that your model is misconfigured.
You can try to debug the error by setting error_score='raise'.

Below are more details about the failures:
--------------------------------------------------------------------------------
20 fits failed with the following error:
Traceback (most recent call last):
  File "/usr/local/lib/python3.10/dist-packages/sklearn/model_selection/_validation.py", line 859, in _fit_and_score
    estimator.fit(X_train, y_train, **fit_params)
  File "/home/phantrung/Synthesis-Data-Gen/models.py", line 60, in fit
    n_threads = int(os.environ.get('N_JOBS', 1))
NameError: name 'os' is not defined

      -> [Tuned_Baseline] Acc: 0.1667, F1: 0.0476, Time: 0.00s
    [=== Generating 2x synthetic data with Jittering (Set 1, Params: {'sigma': 0.03}) ===]
n_iterations: 4
n_required_iterations: 4
n_possible_iterations: 7
min_resources_: 6
max_resources_: 8700
aggressive_elimination: False
factor: 3
----------
iter: 0
n_candidates: 50
n_resources: 6
Fitting 1 folds for each of 50 candidates, totalling 50 fits
----------
iter: 1
n_candidates: 17
n_resources: 18
Fitting 1 folds for each of 17 candidates, totalling 17 fits
----------
iter: 2
n_candidates: 6
n_resources: 54
Fitting 1 folds for each of 6 candidates, totalling 6 fits
----------
iter: 3
n_candidates: 2
n_resources: 162
Fitting 1 folds for each of 2 candidates, totalling 2 fits
      -> [KNN + Jittering Set 1] Acc: 0.9900, F1: 0.9900, Time: 0.01s
n_iterations: 4
n_required_iterations: 4
n_possible_iterations: 7
min_resources_: 6
max_resources_: 8700
aggressive_elimination: False
factor: 3
----------
iter: 0
n_candidates: 50
n_resources: 6
Fitting 1 folds for each of 50 candidates, totalling 50 fits
----------
iter: 1
n_candidates: 17
n_resources: 18
Fitting 1 folds for each of 17 candidates, totalling 17 fits
----------
iter: 2
n_candidates: 6
n_resources: 54
Fitting 1 folds for each of 6 candidates, totalling 6 fits
----------
iter: 3
n_candidates: 2
n_resources: 162
Fitting 1 folds for each of 2 candidates, totalling 2 fits
      -> [RandomForest + Jittering Set 1] Acc: 0.9000, F1: 0.9008, Time: 1.06s
n_iterations: 4
n_required_iterations: 4
n_possible_iterations: 7
min_resources_: 6
max_resources_: 8700
aggressive_elimination: False
factor: 3
----------
iter: 0
n_candidates: 50
n_resources: 6
Fitting 1 folds for each of 50 candidates, totalling 50 fits
----------
iter: 1
n_candidates: 17
n_resources: 18
Fitting 1 folds for each of 17 candidates, totalling 17 fits
----------
iter: 2
n_candidates: 6
n_resources: 54
Fitting 1 folds for each of 6 candidates, totalling 6 fits
----------
iter: 3
n_candidates: 2
n_resources: 162
Fitting 1 folds for each of 2 candidates, totalling 2 fits
      -> [LinearSVC + Jittering Set 1] Acc: 0.9017, F1: 0.8976, Time: 0.04s
n_iterations: 4
n_required_iterations: 4
n_possible_iterations: 7
min_resources_: 6
max_resources_: 8700
aggressive_elimination: False
factor: 3
----------
iter: 0
n_candidates: 50
n_resources: 6
Fitting 1 folds for each of 50 candidates, totalling 50 fits
----------
iter: 1
n_candidates: 17
n_resources: 18
Fitting 1 folds for each of 17 candidates, totalling 17 fits
----------
iter: 2
n_candidates: 6
n_resources: 54
Fitting 1 folds for each of 6 candidates, totalling 6 fits
----------
iter: 3
n_candidates: 2
n_resources: 162
Fitting 1 folds for each of 2 candidates, totalling 2 fits
      -> [LogisticRegression + Jittering Set 1] Acc: 0.9967, F1: 0.9967, Time: 0.13s
      [!] Failed evaluation with RNN on Jittering Set 1: name 'os' is not defined
    [=== Generating 2x synthetic data with Jittering (Set 2, Params: {'sigma': 0.1}) ===]
n_iterations: 4
n_required_iterations: 4
n_possible_iterations: 7
min_resources_: 6
max_resources_: 8700
aggressive_elimination: False
factor: 3
----------
iter: 0
n_candidates: 50
n_resources: 6
Fitting 1 folds for each of 50 candidates, totalling 50 fits
----------
iter: 1
n_candidates: 17
n_resources: 18
Fitting 1 folds for each of 17 candidates, totalling 17 fits
----------
iter: 2
n_candidates: 6
n_resources: 54
Fitting 1 folds for each of 6 candidates, totalling 6 fits
----------
iter: 3
n_candidates: 2
n_resources: 162
Fitting 1 folds for each of 2 candidates, totalling 2 fits
      -> [KNN + Jittering Set 2] Acc: 0.9833, F1: 0.9833, Time: 0.01s
n_iterations: 4
n_required_iterations: 4
n_possible_iterations: 7
min_resources_: 6
max_resources_: 8700
aggressive_elimination: False
factor: 3
----------
iter: 0
n_candidates: 50
n_resources: 6
Fitting 1 folds for each of 50 candidates, totalling 50 fits
----------
iter: 1
n_candidates: 17
n_resources: 18
Fitting 1 folds for each of 17 candidates, totalling 17 fits
----------
iter: 2
n_candidates: 6
n_resources: 54
Fitting 1 folds for each of 6 candidates, totalling 6 fits
----------
iter: 3
n_candidates: 2
n_resources: 162
Fitting 1 folds for each of 2 candidates, totalling 2 fits
      -> [RandomForest + Jittering Set 2] Acc: 0.9700, F1: 0.9698, Time: 0.76s
n_iterations: 4
n_required_iterations: 4
n_possible_iterations: 7
min_resources_: 6
max_resources_: 8700
aggressive_elimination: False
factor: 3
----------
iter: 0
n_candidates: 50
n_resources: 6
Fitting 1 folds for each of 50 candidates, totalling 50 fits
----------
iter: 1
n_candidates: 17
n_resources: 18
Fitting 1 folds for each of 17 candidates, totalling 17 fits
----------
iter: 2
n_candidates: 6
n_resources: 54
Fitting 1 folds for each of 6 candidates, totalling 6 fits
----------
iter: 3
n_candidates: 2
n_resources: 162
Fitting 1 folds for each of 2 candidates, totalling 2 fits
      -> [LinearSVC + Jittering Set 2] Acc: 0.8950, F1: 0.8902, Time: 0.05s
n_iterations: 4
n_required_iterations: 4
n_possible_iterations: 7
min_resources_: 6
max_resources_: 8700
aggressive_elimination: False
factor: 3
----------
iter: 0
n_candidates: 50
n_resources: 6
Fitting 1 folds for each of 50 candidates, totalling 50 fits
----------
iter: 1
n_candidates: 17
n_resources: 18
Fitting 1 folds for each of 17 candidates, totalling 17 fits
----------
iter: 2
n_candidates: 6
n_resources: 54
Fitting 1 folds for each of 6 candidates, totalling 6 fits
----------
iter: 3
n_candidates: 2
n_resources: 162
Fitting 1 folds for each of 2 candidates, totalling 2 fits
      -> [LogisticRegression + Jittering Set 2] Acc: 0.9967, F1: 0.9967, Time: 0.08s
      [!] Failed evaluation with RNN on Jittering Set 2: name 'os' is not defined
    [=== Generating 2x synthetic data with Jittering (Set 3, Params: {'sigma': 0.15}) ===]
n_iterations: 4
n_required_iterations: 4
n_possible_iterations: 7
min_resources_: 6
max_resources_: 8700
aggressive_elimination: False
factor: 3
----------
iter: 0
n_candidates: 50
n_resources: 6
Fitting 1 folds for each of 50 candidates, totalling 50 fits
----------
iter: 1
n_candidates: 17
n_resources: 18
Fitting 1 folds for each of 17 candidates, totalling 17 fits
----------
iter: 2
n_candidates: 6
n_resources: 54
Fitting 1 folds for each of 6 candidates, totalling 6 fits
----------
iter: 3
n_candidates: 2
n_resources: 162
Fitting 1 folds for each of 2 candidates, totalling 2 fits
      -> [KNN + Jittering Set 3] Acc: 0.9867, F1: 0.9866, Time: 0.01s
n_iterations: 4
n_required_iterations: 4
n_possible_iterations: 7
min_resources_: 6
max_resources_: 8700
aggressive_elimination: False
factor: 3
----------
iter: 0
n_candidates: 50
n_resources: 6
Fitting 1 folds for each of 50 candidates, totalling 50 fits
----------
iter: 1
n_candidates: 17
n_resources: 18
Fitting 1 folds for each of 17 candidates, totalling 17 fits
----------
iter: 2
n_candidates: 6
n_resources: 54
Fitting 1 folds for each of 6 candidates, totalling 6 fits
----------
iter: 3
n_candidates: 2
n_resources: 162
Fitting 1 folds for each of 2 candidates, totalling 2 fits
      -> [RandomForest + Jittering Set 3] Acc: 0.9583, F1: 0.9583, Time: 1.31s
n_iterations: 4
n_required_iterations: 4
n_possible_iterations: 7
min_resources_: 6
max_resources_: 8700
aggressive_elimination: False
factor: 3
----------
iter: 0
n_candidates: 50
n_resources: 6
Fitting 1 folds for each of 50 candidates, totalling 50 fits
----------
iter: 1
n_candidates: 17
n_resources: 18
Fitting 1 folds for each of 17 candidates, totalling 17 fits
----------
iter: 2
n_candidates: 6
n_resources: 54
Fitting 1 folds for each of 6 candidates, totalling 6 fits
----------
iter: 3
n_candidates: 2
n_resources: 162
Fitting 1 folds for each of 2 candidates, totalling 2 fits
      -> [LinearSVC + Jittering Set 3] Acc: 0.8850, F1: 0.8789, Time: 0.05s
n_iterations: 4
n_required_iterations: 4
n_possible_iterations: 7
min_resources_: 6
max_resources_: 8700
aggressive_elimination: False
factor: 3
----------
iter: 0
n_candidates: 50
n_resources: 6
Fitting 1 folds for each of 50 candidates, totalling 50 fits
----------
iter: 1
n_candidates: 17
n_resources: 18
Fitting 1 folds for each of 17 candidates, totalling 17 fits
----------
iter: 2
n_candidates: 6
n_resources: 54
Fitting 1 folds for each of 6 candidates, totalling 6 fits
----------
iter: 3
n_candidates: 2
n_resources: 162
Fitting 1 folds for each of 2 candidates, totalling 2 fits
      -> [LogisticRegression + Jittering Set 3] Acc: 0.9967, F1: 0.9967, Time: 0.09s
      [!] Failed evaluation with RNN on Jittering Set 3: name 'os' is not defined
    [=== Generating 2x synthetic data with Jittering (Set 4, Params: {'sigma': 0.05}) ===]
n_iterations: 4
n_required_iterations: 4
n_possible_iterations: 7
min_resources_: 6
max_resources_: 8700
aggressive_elimination: False
factor: 3
----------
iter: 0
n_candidates: 50
n_resources: 6
Fitting 1 folds for each of 50 candidates, totalling 50 fits
----------
iter: 1
n_candidates: 17
n_resources: 18
Fitting 1 folds for each of 17 candidates, totalling 17 fits
----------
iter: 2
n_candidates: 6
n_resources: 54
Fitting 1 folds for each of 6 candidates, totalling 6 fits
----------
iter: 3
n_candidates: 2
n_resources: 162
Fitting 1 folds for each of 2 candidates, totalling 2 fits
      -> [KNN + Jittering Set 4] Acc: 0.9950, F1: 0.9950, Time: 0.01s
n_iterations: 4
n_required_iterations: 4
n_possible_iterations: 7
min_resources_: 6
max_resources_: 8700
aggressive_elimination: False
factor: 3
----------
iter: 0
n_candidates: 50
n_resources: 6
Fitting 1 folds for each of 50 candidates, totalling 50 fits
----------
iter: 1
n_candidates: 17
n_resources: 18
Fitting 1 folds for each of 17 candidates, totalling 17 fits
----------
iter: 2
n_candidates: 6
n_resources: 54
Fitting 1 folds for each of 6 candidates, totalling 6 fits
----------
iter: 3
n_candidates: 2
n_resources: 162
Fitting 1 folds for each of 2 candidates, totalling 2 fits
      -> [RandomForest + Jittering Set 4] Acc: 0.9233, F1: 0.9239, Time: 1.38s
n_iterations: 4
n_required_iterations: 4
n_possible_iterations: 7
min_resources_: 6
max_resources_: 8700
aggressive_elimination: False
factor: 3
----------
iter: 0
n_candidates: 50
n_resources: 6
Fitting 1 folds for each of 50 candidates, totalling 50 fits
----------
iter: 1
n_candidates: 17
n_resources: 18
Fitting 1 folds for each of 17 candidates, totalling 17 fits
----------
iter: 2
n_candidates: 6
n_resources: 54
Fitting 1 folds for each of 6 candidates, totalling 6 fits
----------
iter: 3
n_candidates: 2
n_resources: 162
Fitting 1 folds for each of 2 candidates, totalling 2 fits
      -> [LinearSVC + Jittering Set 4] Acc: 0.8950, F1: 0.8902, Time: 0.05s
n_iterations: 4
n_required_iterations: 4
n_possible_iterations: 7
min_resources_: 6
max_resources_: 8700
aggressive_elimination: False
factor: 3
----------
iter: 0
n_candidates: 50
n_resources: 6
Fitting 1 folds for each of 50 candidates, totalling 50 fits
----------
iter: 1
n_candidates: 17
n_resources: 18
Fitting 1 folds for each of 17 candidates, totalling 17 fits
----------
iter: 2
n_candidates: 6
n_resources: 54
Fitting 1 folds for each of 6 candidates, totalling 6 fits
----------
iter: 3
n_candidates: 2
n_resources: 162
Fitting 1 folds for each of 2 candidates, totalling 2 fits
      -> [LogisticRegression + Jittering Set 4] Acc: 0.9967, F1: 0.9967, Time: 0.16s
      [!] Failed evaluation with RNN on Jittering Set 4: name 'os' is not defined
    [=== Generating 2x synthetic data with Jittering (Set 5, Params: {'sigma': 0.15}) ===]
n_iterations: 4
n_required_iterations: 4
n_possible_iterations: 7
min_resources_: 6
max_resources_: 8700
aggressive_elimination: False
factor: 3
----------
iter: 0
n_candidates: 50
n_resources: 6
Fitting 1 folds for each of 50 candidates, totalling 50 fits
----------
iter: 1
n_candidates: 17
n_resources: 18
Fitting 1 folds for each of 17 candidates, totalling 17 fits
----------
iter: 2
n_candidates: 6
n_resources: 54
Fitting 1 folds for each of 6 candidates, totalling 6 fits
----------
iter: 3
n_candidates: 2
n_resources: 162
Fitting 1 folds for each of 2 candidates, totalling 2 fits
      -> [KNN + Jittering Set 5] Acc: 0.9900, F1: 0.9900, Time: 0.01s
n_iterations: 4
n_required_iterations: 4
n_possible_iterations: 7
min_resources_: 6
max_resources_: 8700
aggressive_elimination: False
factor: 3
----------
iter: 0
n_candidates: 50
n_resources: 6
Fitting 1 folds for each of 50 candidates, totalling 50 fits
----------
iter: 1
n_candidates: 17
n_resources: 18
Fitting 1 folds for each of 17 candidates, totalling 17 fits
----------
iter: 2
n_candidates: 6
n_resources: 54
Fitting 1 folds for each of 6 candidates, totalling 6 fits
----------
iter: 3
n_candidates: 2
n_resources: 162
Fitting 1 folds for each of 2 candidates, totalling 2 fits
      -> [RandomForest + Jittering Set 5] Acc: 0.9517, F1: 0.9516, Time: 0.51s
n_iterations: 4
n_required_iterations: 4
n_possible_iterations: 7
min_resources_: 6
max_resources_: 8700
aggressive_elimination: False
factor: 3
----------
iter: 0
n_candidates: 50
n_resources: 6
Fitting 1 folds for each of 50 candidates, totalling 50 fits
----------
iter: 1
n_candidates: 17
n_resources: 18
Fitting 1 folds for each of 17 candidates, totalling 17 fits
----------
iter: 2
n_candidates: 6
n_resources: 54
Fitting 1 folds for each of 6 candidates, totalling 6 fits
----------
iter: 3
n_candidates: 2
n_resources: 162
Fitting 1 folds for each of 2 candidates, totalling 2 fits
      -> [LinearSVC + Jittering Set 5] Acc: 0.7567, F1: 0.7056, Time: 0.02s
n_iterations: 4
n_required_iterations: 4
n_possible_iterations: 7
min_resources_: 6
max_resources_: 8700
aggressive_elimination: False
factor: 3
----------
iter: 0
n_candidates: 50
n_resources: 6
Fitting 1 folds for each of 50 candidates, totalling 50 fits
----------
iter: 1
n_candidates: 17
n_resources: 18
Fitting 1 folds for each of 17 candidates, totalling 17 fits
----------
iter: 2
n_candidates: 6
n_resources: 54
Fitting 1 folds for each of 6 candidates, totalling 6 fits
----------
iter: 3
n_candidates: 2
n_resources: 162
Fitting 1 folds for each of 2 candidates, totalling 2 fits
      -> [LogisticRegression + Jittering Set 5] Acc: 0.9967, F1: 0.9967, Time: 0.09s
      [!] Failed evaluation with RNN on Jittering Set 5: name 'os' is not defined
    [=== Generating 2x synthetic data with Jittering (Set 6, Params: {'sigma': 0.15}) ===]
n_iterations: 4
n_required_iterations: 4
n_possible_iterations: 7
min_resources_: 6
max_resources_: 8700
aggressive_elimination: False
factor: 3
----------
iter: 0
n_candidates: 50
n_resources: 6
Fitting 1 folds for each of 50 candidates, totalling 50 fits
----------
iter: 1
n_candidates: 17
n_resources: 18
Fitting 1 folds for each of 17 candidates, totalling 17 fits
----------
iter: 2
n_candidates: 6
n_resources: 54
Fitting 1 folds for each of 6 candidates, totalling 6 fits
----------
iter: 3
n_candidates: 2
n_resources: 162
Fitting 1 folds for each of 2 candidates, totalling 2 fits
      -> [KNN + Jittering Set 6] Acc: 1.0000, F1: 1.0000, Time: 0.01s
n_iterations: 4
n_required_iterations: 4
n_possible_iterations: 7
min_resources_: 6
max_resources_: 8700
aggressive_elimination: False
factor: 3
----------
iter: 0
n_candidates: 50
n_resources: 6
Fitting 1 folds for each of 50 candidates, totalling 50 fits
----------
iter: 1
n_candidates: 17
n_resources: 18
Fitting 1 folds for each of 17 candidates, totalling 17 fits
----------
iter: 2
n_candidates: 6
n_resources: 54
Fitting 1 folds for each of 6 candidates, totalling 6 fits
----------
iter: 3
n_candidates: 2
n_resources: 162
Fitting 1 folds for each of 2 candidates, totalling 2 fits
      -> [RandomForest + Jittering Set 6] Acc: 0.9483, F1: 0.9483, Time: 1.51s
n_iterations: 4
n_required_iterations: 4
n_possible_iterations: 7
min_resources_: 6
max_resources_: 8700
aggressive_elimination: False
factor: 3
----------
iter: 0
n_candidates: 50
n_resources: 6
Fitting 1 folds for each of 50 candidates, totalling 50 fits
----------
iter: 1
n_candidates: 17
n_resources: 18
Fitting 1 folds for each of 17 candidates, totalling 17 fits
----------
iter: 2
n_candidates: 6
n_resources: 54
Fitting 1 folds for each of 6 candidates, totalling 6 fits
----------
iter: 3
n_candidates: 2
n_resources: 162
Fitting 1 folds for each of 2 candidates, totalling 2 fits
      -> [LinearSVC + Jittering Set 6] Acc: 0.8833, F1: 0.8771, Time: 0.05s
n_iterations: 4
n_required_iterations: 4
n_possible_iterations: 7
min_resources_: 6
max_resources_: 8700
aggressive_elimination: False
factor: 3
----------
iter: 0
n_candidates: 50
n_resources: 6
Fitting 1 folds for each of 50 candidates, totalling 50 fits
----------
iter: 1
n_candidates: 17
n_resources: 18
Fitting 1 folds for each of 17 candidates, totalling 17 fits
----------
iter: 2
n_candidates: 6
n_resources: 54
Fitting 1 folds for each of 6 candidates, totalling 6 fits
----------
iter: 3
n_candidates: 2
n_resources: 162
Fitting 1 folds for each of 2 candidates, totalling 2 fits
      -> [LogisticRegression + Jittering Set 6] Acc: 0.9983, F1: 0.9983, Time: 0.05s
      [!] Failed evaluation with RNN on Jittering Set 6: name 'os' is not defined
    [=== Generating 2x synthetic data with Jittering (Set 7, Params: {'sigma': 0.03}) ===]
n_iterations: 4
n_required_iterations: 4
n_possible_iterations: 7
min_resources_: 6
max_resources_: 8700
aggressive_elimination: False
factor: 3
----------
iter: 0
n_candidates: 50
n_resources: 6
Fitting 1 folds for each of 50 candidates, totalling 50 fits
----------
iter: 1
n_candidates: 17
n_resources: 18
Fitting 1 folds for each of 17 candidates, totalling 17 fits
----------
iter: 2
n_candidates: 6
n_resources: 54
Fitting 1 folds for each of 6 candidates, totalling 6 fits
----------
iter: 3
n_candidates: 2
n_resources: 162
Fitting 1 folds for each of 2 candidates, totalling 2 fits
      -> [KNN + Jittering Set 7] Acc: 0.9933, F1: 0.9933, Time: 0.01s
n_iterations: 4
n_required_iterations: 4
n_possible_iterations: 7
min_resources_: 6
max_resources_: 8700
aggressive_elimination: False
factor: 3
----------
iter: 0
n_candidates: 50
n_resources: 6
Fitting 1 folds for each of 50 candidates, totalling 50 fits
----------
iter: 1
n_candidates: 17
n_resources: 18
Fitting 1 folds for each of 17 candidates, totalling 17 fits
----------
iter: 2
n_candidates: 6
n_resources: 54
Fitting 1 folds for each of 6 candidates, totalling 6 fits
----------
iter: 3
n_candidates: 2
n_resources: 162
Fitting 1 folds for each of 2 candidates, totalling 2 fits
      -> [RandomForest + Jittering Set 7] Acc: 0.9167, F1: 0.9175, Time: 1.30s
n_iterations: 4
n_required_iterations: 4
n_possible_iterations: 7
min_resources_: 6
max_resources_: 8700
aggressive_elimination: False
factor: 3
----------
iter: 0
n_candidates: 50
n_resources: 6
Fitting 1 folds for each of 50 candidates, totalling 50 fits
----------
iter: 1
n_candidates: 17
n_resources: 18
Fitting 1 folds for each of 17 candidates, totalling 17 fits
----------
iter: 2
n_candidates: 6
n_resources: 54
Fitting 1 folds for each of 6 candidates, totalling 6 fits
----------
iter: 3
n_candidates: 2
n_resources: 162
Fitting 1 folds for each of 2 candidates, totalling 2 fits
      -> [LinearSVC + Jittering Set 7] Acc: 0.9483, F1: 0.9474, Time: 0.02s
n_iterations: 4
n_required_iterations: 4
n_possible_iterations: 7
min_resources_: 6
max_resources_: 8700
aggressive_elimination: False
factor: 3
----------
iter: 0
n_candidates: 50
n_resources: 6
Fitting 1 folds for each of 50 candidates, totalling 50 fits
----------
iter: 1
n_candidates: 17
n_resources: 18
Fitting 1 folds for each of 17 candidates, totalling 17 fits
----------
iter: 2
n_candidates: 6
n_resources: 54
Fitting 1 folds for each of 6 candidates, totalling 6 fits
----------
iter: 3
n_candidates: 2
n_resources: 162
Fitting 1 folds for each of 2 candidates, totalling 2 fits
      -> [LogisticRegression + Jittering Set 7] Acc: 0.9967, F1: 0.9967, Time: 0.19s
      [!] Failed evaluation with RNN on Jittering Set 7: name 'os' is not defined
    [=== Generating 2x synthetic data with Jittering (Set 8, Params: {'sigma': 0.05}) ===]
n_iterations: 4
n_required_iterations: 4
n_possible_iterations: 7
min_resources_: 6
max_resources_: 8700
aggressive_elimination: False
factor: 3
----------
iter: 0
n_candidates: 50
n_resources: 6
Fitting 1 folds for each of 50 candidates, totalling 50 fits
----------
iter: 1
n_candidates: 17
n_resources: 18
Fitting 1 folds for each of 17 candidates, totalling 17 fits
----------
iter: 2
n_candidates: 6
n_resources: 54
Fitting 1 folds for each of 6 candidates, totalling 6 fits
----------
iter: 3
n_candidates: 2
n_resources: 162
Fitting 1 folds for each of 2 candidates, totalling 2 fits
      -> [KNN + Jittering Set 8] Acc: 0.9917, F1: 0.9916, Time: 0.01s
n_iterations: 4
n_required_iterations: 4
n_possible_iterations: 7
min_resources_: 6
max_resources_: 8700
aggressive_elimination: False
factor: 3
----------
iter: 0
n_candidates: 50
n_resources: 6
Fitting 1 folds for each of 50 candidates, totalling 50 fits
----------
iter: 1
n_candidates: 17
n_resources: 18
Fitting 1 folds for each of 17 candidates, totalling 17 fits
----------
iter: 2
n_candidates: 6
n_resources: 54
Fitting 1 folds for each of 6 candidates, totalling 6 fits
----------
iter: 3
n_candidates: 2
n_resources: 162
Fitting 1 folds for each of 2 candidates, totalling 2 fits
      -> [RandomForest + Jittering Set 8] Acc: 0.9217, F1: 0.9222, Time: 0.91s
n_iterations: 4
n_required_iterations: 4
n_possible_iterations: 7
min_resources_: 6
max_resources_: 8700
aggressive_elimination: False
factor: 3
----------
iter: 0
n_candidates: 50
n_resources: 6
Fitting 1 folds for each of 50 candidates, totalling 50 fits
----------
iter: 1
n_candidates: 17
n_resources: 18
Fitting 1 folds for each of 17 candidates, totalling 17 fits
----------
iter: 2
n_candidates: 6
n_resources: 54
Fitting 1 folds for each of 6 candidates, totalling 6 fits
----------
iter: 3
n_candidates: 2
n_resources: 162
Fitting 1 folds for each of 2 candidates, totalling 2 fits
      -> [LinearSVC + Jittering Set 8] Acc: 0.8983, F1: 0.8939, Time: 0.05s
n_iterations: 4
n_required_iterations: 4
n_possible_iterations: 7
min_resources_: 6
max_resources_: 8700
aggressive_elimination: False
factor: 3
----------
iter: 0
n_candidates: 50
n_resources: 6
Fitting 1 folds for each of 50 candidates, totalling 50 fits
----------
iter: 1
n_candidates: 17
n_resources: 18
Fitting 1 folds for each of 17 candidates, totalling 17 fits
----------
iter: 2
n_candidates: 6
n_resources: 54
Fitting 1 folds for each of 6 candidates, totalling 6 fits
----------
iter: 3
n_candidates: 2
n_resources: 162
Fitting 1 folds for each of 2 candidates, totalling 2 fits
      -> [LogisticRegression + Jittering Set 8] Acc: 0.9967, F1: 0.9967, Time: 0.13s
      [!] Failed evaluation with RNN on Jittering Set 8: name 'os' is not defined
    [=== Generating 2x synthetic data with Jittering (Set 9, Params: {'sigma': 0.05}) ===]
n_iterations: 4
n_required_iterations: 4
n_possible_iterations: 7
min_resources_: 6
max_resources_: 8700
aggressive_elimination: False
factor: 3
----------
iter: 0
n_candidates: 50
n_resources: 6
Fitting 1 folds for each of 50 candidates, totalling 50 fits
----------
iter: 1
n_candidates: 17
n_resources: 18
Fitting 1 folds for each of 17 candidates, totalling 17 fits
----------
iter: 2
n_candidates: 6
n_resources: 54
Fitting 1 folds for each of 6 candidates, totalling 6 fits
----------
iter: 3
n_candidates: 2
n_resources: 162
Fitting 1 folds for each of 2 candidates, totalling 2 fits
      -> [KNN + Jittering Set 9] Acc: 0.9933, F1: 0.9933, Time: 0.01s
n_iterations: 4
n_required_iterations: 4
n_possible_iterations: 7
min_resources_: 6
max_resources_: 8700
aggressive_elimination: False
factor: 3
----------
iter: 0
n_candidates: 50
n_resources: 6
Fitting 1 folds for each of 50 candidates, totalling 50 fits
----------
iter: 1
n_candidates: 17
n_resources: 18
Fitting 1 folds for each of 17 candidates, totalling 17 fits
----------
iter: 2
n_candidates: 6
n_resources: 54
Fitting 1 folds for each of 6 candidates, totalling 6 fits
----------
iter: 3
n_candidates: 2
n_resources: 162
Fitting 1 folds for each of 2 candidates, totalling 2 fits
      -> [RandomForest + Jittering Set 9] Acc: 0.9267, F1: 0.9272, Time: 1.51s
n_iterations: 4
n_required_iterations: 4
n_possible_iterations: 7
min_resources_: 6
max_resources_: 8700
aggressive_elimination: False
factor: 3
----------
iter: 0
n_candidates: 50
n_resources: 6
Fitting 1 folds for each of 50 candidates, totalling 50 fits
----------
iter: 1
n_candidates: 17
n_resources: 18
Fitting 1 folds for each of 17 candidates, totalling 17 fits
----------
iter: 2
n_candidates: 6
n_resources: 54
Fitting 1 folds for each of 6 candidates, totalling 6 fits
----------
iter: 3
n_candidates: 2
n_resources: 162
Fitting 1 folds for each of 2 candidates, totalling 2 fits
      -> [LinearSVC + Jittering Set 9] Acc: 0.9383, F1: 0.9370, Time: 0.02s
n_iterations: 4
n_required_iterations: 4
n_possible_iterations: 7
min_resources_: 6
max_resources_: 8700
aggressive_elimination: False
factor: 3
----------
iter: 0
n_candidates: 50
n_resources: 6
Fitting 1 folds for each of 50 candidates, totalling 50 fits
----------
iter: 1
n_candidates: 17
n_resources: 18
Fitting 1 folds for each of 17 candidates, totalling 17 fits
----------
iter: 2
n_candidates: 6
n_resources: 54
Fitting 1 folds for each of 6 candidates, totalling 6 fits
----------
iter: 3
n_candidates: 2
n_resources: 162
Fitting 1 folds for each of 2 candidates, totalling 2 fits
      -> [LogisticRegression + Jittering Set 9] Acc: 0.9967, F1: 0.9967, Time: 0.23s
      [!] Failed evaluation with RNN on Jittering Set 9: name 'os' is not defined
    [=== Generating 2x synthetic data with Jittering (Set 10, Params: {'sigma': 0.05}) ===]
n_iterations: 4
n_required_iterations: 4
n_possible_iterations: 7
min_resources_: 6
max_resources_: 8700
aggressive_elimination: False
factor: 3
----------
iter: 0
n_candidates: 50
n_resources: 6
Fitting 1 folds for each of 50 candidates, totalling 50 fits
----------
iter: 1
n_candidates: 17
n_resources: 18
Fitting 1 folds for each of 17 candidates, totalling 17 fits
----------
iter: 2
n_candidates: 6
n_resources: 54
Fitting 1 folds for each of 6 candidates, totalling 6 fits
----------
iter: 3
n_candidates: 2
n_resources: 162
Fitting 1 folds for each of 2 candidates, totalling 2 fits
      -> [KNN + Jittering Set 10] Acc: 0.9917, F1: 0.9916, Time: 0.01s
n_iterations: 4
n_required_iterations: 4
n_possible_iterations: 7
min_resources_: 6
max_resources_: 8700
aggressive_elimination: False
factor: 3
----------
iter: 0
n_candidates: 50
n_resources: 6
Fitting 1 folds for each of 50 candidates, totalling 50 fits
----------
iter: 1
n_candidates: 17
n_resources: 18
Fitting 1 folds for each of 17 candidates, totalling 17 fits
----------
iter: 2
n_candidates: 6
n_resources: 54
Fitting 1 folds for each of 6 candidates, totalling 6 fits
----------
iter: 3
n_candidates: 2
n_resources: 162
Fitting 1 folds for each of 2 candidates, totalling 2 fits
      -> [RandomForest + Jittering Set 10] Acc: 0.9267, F1: 0.9273, Time: 1.33s
n_iterations: 4
n_required_iterations: 4
n_possible_iterations: 7
min_resources_: 6
max_resources_: 8700
aggressive_elimination: False
factor: 3
----------
iter: 0
n_candidates: 50
n_resources: 6
Fitting 1 folds for each of 50 candidates, totalling 50 fits
----------
iter: 1
n_candidates: 17
n_resources: 18
Fitting 1 folds for each of 17 candidates, totalling 17 fits
----------
iter: 2
n_candidates: 6
n_resources: 54
Fitting 1 folds for each of 6 candidates, totalling 6 fits
----------
iter: 3
n_candidates: 2
n_resources: 162
Fitting 1 folds for each of 2 candidates, totalling 2 fits
      -> [LinearSVC + Jittering Set 10] Acc: 0.8967, F1: 0.8920, Time: 0.05s
n_iterations: 4
n_required_iterations: 4
n_possible_iterations: 7
min_resources_: 6
max_resources_: 8700
aggressive_elimination: False
factor: 3
----------
iter: 0
n_candidates: 50
n_resources: 6
Fitting 1 folds for each of 50 candidates, totalling 50 fits
----------
iter: 1
n_candidates: 17
n_resources: 18
Fitting 1 folds for each of 17 candidates, totalling 17 fits
----------
iter: 2
n_candidates: 6
n_resources: 54
Fitting 1 folds for each of 6 candidates, totalling 6 fits
----------
iter: 3
n_candidates: 2
n_resources: 162
Fitting 1 folds for each of 2 candidates, totalling 2 fits
      -> [LogisticRegression + Jittering Set 10] Acc: 0.9967, F1: 0.9967, Time: 0.24s
      [!] Failed evaluation with RNN on Jittering Set 10: name 'os' is not defined
    [=== Generating 3x synthetic data with Jittering (Set 1, Params: {'sigma': 0.03}) ===]
n_iterations: 4
n_required_iterations: 4
n_possible_iterations: 7
min_resources_: 6
max_resources_: 11600
aggressive_elimination: False
factor: 3
----------
iter: 0
n_candidates: 50
n_resources: 6
Fitting 1 folds for each of 50 candidates, totalling 50 fits
----------
iter: 1
n_candidates: 17
n_resources: 18
Fitting 1 folds for each of 17 candidates, totalling 17 fits
----------
iter: 2
n_candidates: 6
n_resources: 54
Fitting 1 folds for each of 6 candidates, totalling 6 fits
----------
iter: 3
n_candidates: 2
n_resources: 162
Fitting 1 folds for each of 2 candidates, totalling 2 fits
      -> [KNN + Jittering Set 1] Acc: 0.9933, F1: 0.9933, Time: 0.02s
n_iterations: 4
n_required_iterations: 4
n_possible_iterations: 7
min_resources_: 6
max_resources_: 11600
aggressive_elimination: False
factor: 3
----------
iter: 0
n_candidates: 50
n_resources: 6
Fitting 1 folds for each of 50 candidates, totalling 50 fits
----------
iter: 1
n_candidates: 17
n_resources: 18
Fitting 1 folds for each of 17 candidates, totalling 17 fits
----------
iter: 2
n_candidates: 6
n_resources: 54
Fitting 1 folds for each of 6 candidates, totalling 6 fits
----------
iter: 3
n_candidates: 2
n_resources: 162
Fitting 1 folds for each of 2 candidates, totalling 2 fits
      -> [RandomForest + Jittering Set 1] Acc: 0.9233, F1: 0.9238, Time: 1.95s
n_iterations: 4
n_required_iterations: 4
n_possible_iterations: 7
min_resources_: 6
max_resources_: 11600
aggressive_elimination: False
factor: 3
----------
iter: 0
n_candidates: 50
n_resources: 6
Fitting 1 folds for each of 50 candidates, totalling 50 fits
----------
iter: 1
n_candidates: 17
n_resources: 18
Fitting 1 folds for each of 17 candidates, totalling 17 fits
----------
iter: 2
n_candidates: 6
n_resources: 54
Fitting 1 folds for each of 6 candidates, totalling 6 fits
----------
iter: 3
n_candidates: 2
n_resources: 162
Fitting 1 folds for each of 2 candidates, totalling 2 fits
      -> [LinearSVC + Jittering Set 1] Acc: 0.8967, F1: 0.8920, Time: 0.08s
n_iterations: 4
n_required_iterations: 4
n_possible_iterations: 7
min_resources_: 6
max_resources_: 11600
aggressive_elimination: False
factor: 3
----------
iter: 0
n_candidates: 50
n_resources: 6
Fitting 1 folds for each of 50 candidates, totalling 50 fits
----------
iter: 1
n_candidates: 17
n_resources: 18
Fitting 1 folds for each of 17 candidates, totalling 17 fits
----------
iter: 2
n_candidates: 6
n_resources: 54
Fitting 1 folds for each of 6 candidates, totalling 6 fits
----------
iter: 3
n_candidates: 2
n_resources: 162
Fitting 1 folds for each of 2 candidates, totalling 2 fits
      -> [LogisticRegression + Jittering Set 1] Acc: 0.9967, F1: 0.9967, Time: 0.24s
      [!] Failed evaluation with RNN on Jittering Set 1: name 'os' is not defined
    [=== Generating 3x synthetic data with Jittering (Set 2, Params: {'sigma': 0.1}) ===]
n_iterations: 4
n_required_iterations: 4
n_possible_iterations: 7
min_resources_: 6
max_resources_: 11600
aggressive_elimination: False
factor: 3
----------
iter: 0
n_candidates: 50
n_resources: 6
Fitting 1 folds for each of 50 candidates, totalling 50 fits
----------
iter: 1
n_candidates: 17
n_resources: 18
Fitting 1 folds for each of 17 candidates, totalling 17 fits
----------
iter: 2
n_candidates: 6
n_resources: 54
Fitting 1 folds for each of 6 candidates, totalling 6 fits
----------
iter: 3
n_candidates: 2
n_resources: 162
Fitting 1 folds for each of 2 candidates, totalling 2 fits
      -> [KNN + Jittering Set 2] Acc: 1.0000, F1: 1.0000, Time: 0.05s
n_iterations: 4
n_required_iterations: 4
n_possible_iterations: 7
min_resources_: 6
max_resources_: 11600
aggressive_elimination: False
factor: 3
----------
iter: 0
n_candidates: 50
n_resources: 6
Fitting 1 folds for each of 50 candidates, totalling 50 fits
----------
iter: 1
n_candidates: 17
n_resources: 18
Fitting 1 folds for each of 17 candidates, totalling 17 fits
----------
iter: 2
n_candidates: 6
n_resources: 54
Fitting 1 folds for each of 6 candidates, totalling 6 fits
----------
iter: 3
n_candidates: 2
n_resources: 162
Fitting 1 folds for each of 2 candidates, totalling 2 fits
      -> [RandomForest + Jittering Set 2] Acc: 0.9667, F1: 0.9665, Time: 2.10s
n_iterations: 4
n_required_iterations: 4
n_possible_iterations: 7
min_resources_: 6
max_resources_: 11600
aggressive_elimination: False
factor: 3
----------
iter: 0
n_candidates: 50
n_resources: 6
Fitting 1 folds for each of 50 candidates, totalling 50 fits
----------
iter: 1
n_candidates: 17
n_resources: 18
Fitting 1 folds for each of 17 candidates, totalling 17 fits
----------
iter: 2
n_candidates: 6
n_resources: 54
Fitting 1 folds for each of 6 candidates, totalling 6 fits
----------
iter: 3
n_candidates: 2
n_resources: 162
Fitting 1 folds for each of 2 candidates, totalling 2 fits
      -> [LinearSVC + Jittering Set 2] Acc: 0.8867, F1: 0.8808, Time: 0.08s
n_iterations: 4
n_required_iterations: 4
n_possible_iterations: 7
min_resources_: 6
max_resources_: 11600
aggressive_elimination: False
factor: 3
----------
iter: 0
n_candidates: 50
n_resources: 6
Fitting 1 folds for each of 50 candidates, totalling 50 fits
----------
iter: 1
n_candidates: 17
n_resources: 18
Fitting 1 folds for each of 17 candidates, totalling 17 fits
----------
iter: 2
n_candidates: 6
n_resources: 54
Fitting 1 folds for each of 6 candidates, totalling 6 fits
----------
iter: 3
n_candidates: 2
n_resources: 162
Fitting 1 folds for each of 2 candidates, totalling 2 fits
      -> [LogisticRegression + Jittering Set 2] Acc: 0.9967, F1: 0.9967, Time: 0.17s
      [!] Failed evaluation with RNN on Jittering Set 2: name 'os' is not defined
    [=== Generating 3x synthetic data with Jittering (Set 3, Params: {'sigma': 0.15}) ===]
n_iterations: 4
n_required_iterations: 4
n_possible_iterations: 7
min_resources_: 6
max_resources_: 11600
aggressive_elimination: False
factor: 3
----------
iter: 0
n_candidates: 50
n_resources: 6
Fitting 1 folds for each of 50 candidates, totalling 50 fits
----------
iter: 1
n_candidates: 17
n_resources: 18
Fitting 1 folds for each of 17 candidates, totalling 17 fits
----------
iter: 2
n_candidates: 6
n_resources: 54
Fitting 1 folds for each of 6 candidates, totalling 6 fits
----------
iter: 3
n_candidates: 2
n_resources: 162
Fitting 1 folds for each of 2 candidates, totalling 2 fits
      -> [KNN + Jittering Set 3] Acc: 1.0000, F1: 1.0000, Time: 0.02s
n_iterations: 4
n_required_iterations: 4
n_possible_iterations: 7
min_resources_: 6
max_resources_: 11600
aggressive_elimination: False
factor: 3
----------
iter: 0
n_candidates: 50
n_resources: 6
Fitting 1 folds for each of 50 candidates, totalling 50 fits
----------
iter: 1
n_candidates: 17
n_resources: 18
Fitting 1 folds for each of 17 candidates, totalling 17 fits
----------
iter: 2
n_candidates: 6
n_resources: 54
Fitting 1 folds for each of 6 candidates, totalling 6 fits
----------
iter: 3
n_candidates: 2
n_resources: 162
Fitting 1 folds for each of 2 candidates, totalling 2 fits
      -> [RandomForest + Jittering Set 3] Acc: 0.9650, F1: 0.9649, Time: 2.28s
n_iterations: 4
n_required_iterations: 4
n_possible_iterations: 7
min_resources_: 6
max_resources_: 11600
aggressive_elimination: False
factor: 3
----------
iter: 0
n_candidates: 50
n_resources: 6
Fitting 1 folds for each of 50 candidates, totalling 50 fits
----------
iter: 1
n_candidates: 17
n_resources: 18
Fitting 1 folds for each of 17 candidates, totalling 17 fits
----------
iter: 2
n_candidates: 6
n_resources: 54
Fitting 1 folds for each of 6 candidates, totalling 6 fits
----------
iter: 3
n_candidates: 2
n_resources: 162
Fitting 1 folds for each of 2 candidates, totalling 2 fits
      -> [LinearSVC + Jittering Set 3] Acc: 0.8917, F1: 0.8865, Time: 0.08s
n_iterations: 4
n_required_iterations: 4
n_possible_iterations: 7
min_resources_: 6
max_resources_: 11600
aggressive_elimination: False
factor: 3
----------
iter: 0
n_candidates: 50
n_resources: 6
Fitting 1 folds for each of 50 candidates, totalling 50 fits
----------
iter: 1
n_candidates: 17
n_resources: 18
Fitting 1 folds for each of 17 candidates, totalling 17 fits
----------
iter: 2
n_candidates: 6
n_resources: 54
Fitting 1 folds for each of 6 candidates, totalling 6 fits
----------
iter: 3
n_candidates: 2
n_resources: 162
Fitting 1 folds for each of 2 candidates, totalling 2 fits
      -> [LogisticRegression + Jittering Set 3] Acc: 0.9950, F1: 0.9950, Time: 0.08s
      [!] Failed evaluation with RNN on Jittering Set 3: name 'os' is not defined
    [=== Generating 3x synthetic data with Jittering (Set 4, Params: {'sigma': 0.05}) ===]
n_iterations: 4
n_required_iterations: 4
n_possible_iterations: 7
min_resources_: 6
max_resources_: 11600
aggressive_elimination: False
factor: 3
----------
iter: 0
n_candidates: 50
n_resources: 6
Fitting 1 folds for each of 50 candidates, totalling 50 fits
----------
iter: 1
n_candidates: 17
n_resources: 18
Fitting 1 folds for each of 17 candidates, totalling 17 fits
----------
iter: 2
n_candidates: 6
n_resources: 54
Fitting 1 folds for each of 6 candidates, totalling 6 fits
----------
iter: 3
n_candidates: 2
n_resources: 162
Fitting 1 folds for each of 2 candidates, totalling 2 fits
      -> [KNN + Jittering Set 4] Acc: 1.0000, F1: 1.0000, Time: 0.04s
n_iterations: 4
n_required_iterations: 4
n_possible_iterations: 7
min_resources_: 6
max_resources_: 11600
aggressive_elimination: False
factor: 3
----------
iter: 0
n_candidates: 50
n_resources: 6
Fitting 1 folds for each of 50 candidates, totalling 50 fits
----------
iter: 1
n_candidates: 17
n_resources: 18
Fitting 1 folds for each of 17 candidates, totalling 17 fits
----------
iter: 2
n_candidates: 6
n_resources: 54
Fitting 1 folds for each of 6 candidates, totalling 6 fits
----------
iter: 3
n_candidates: 2
n_resources: 162
Fitting 1 folds for each of 2 candidates, totalling 2 fits
      -> [RandomForest + Jittering Set 4] Acc: 0.9350, F1: 0.9354, Time: 1.84s
n_iterations: 4
n_required_iterations: 4
n_possible_iterations: 7
min_resources_: 6
max_resources_: 11600
aggressive_elimination: False
factor: 3
----------
iter: 0
n_candidates: 50
n_resources: 6
Fitting 1 folds for each of 50 candidates, totalling 50 fits
----------
iter: 1
n_candidates: 17
n_resources: 18
Fitting 1 folds for each of 17 candidates, totalling 17 fits
----------
iter: 2
n_candidates: 6
n_resources: 54
Fitting 1 folds for each of 6 candidates, totalling 6 fits
----------
iter: 3
n_candidates: 2
n_resources: 162
Fitting 1 folds for each of 2 candidates, totalling 2 fits
      -> [LinearSVC + Jittering Set 4] Acc: 0.8967, F1: 0.8920, Time: 0.07s
n_iterations: 4
n_required_iterations: 4
n_possible_iterations: 7
min_resources_: 6
max_resources_: 11600
aggressive_elimination: False
factor: 3
----------
iter: 0
n_candidates: 50
n_resources: 6
Fitting 1 folds for each of 50 candidates, totalling 50 fits
----------
iter: 1
n_candidates: 17
n_resources: 18
Fitting 1 folds for each of 17 candidates, totalling 17 fits
----------
iter: 2
n_candidates: 6
n_resources: 54
Fitting 1 folds for each of 6 candidates, totalling 6 fits
----------
iter: 3
n_candidates: 2
n_resources: 162
Fitting 1 folds for each of 2 candidates, totalling 2 fits
      -> [LogisticRegression + Jittering Set 4] Acc: 0.9967, F1: 0.9967, Time: 0.21s
      [!] Failed evaluation with RNN on Jittering Set 4: name 'os' is not defined
    [=== Generating 3x synthetic data with Jittering (Set 5, Params: {'sigma': 0.15}) ===]
n_iterations: 4
n_required_iterations: 4
n_possible_iterations: 7
min_resources_: 6
max_resources_: 11600
aggressive_elimination: False
factor: 3
----------
iter: 0
n_candidates: 50
n_resources: 6
Fitting 1 folds for each of 50 candidates, totalling 50 fits
----------
iter: 1
n_candidates: 17
n_resources: 18
Fitting 1 folds for each of 17 candidates, totalling 17 fits
----------
iter: 2
n_candidates: 6
n_resources: 54
Fitting 1 folds for each of 6 candidates, totalling 6 fits
----------
iter: 3
n_candidates: 2
n_resources: 162
Fitting 1 folds for each of 2 candidates, totalling 2 fits
      -> [KNN + Jittering Set 5] Acc: 1.0000, F1: 1.0000, Time: 0.05s
n_iterations: 4
n_required_iterations: 4
n_possible_iterations: 7
min_resources_: 6
max_resources_: 11600
aggressive_elimination: False
factor: 3
----------
iter: 0
n_candidates: 50
n_resources: 6
Fitting 1 folds for each of 50 candidates, totalling 50 fits
----------
iter: 1
n_candidates: 17
n_resources: 18
Fitting 1 folds for each of 17 candidates, totalling 17 fits
----------
iter: 2
n_candidates: 6
n_resources: 54
Fitting 1 folds for each of 6 candidates, totalling 6 fits
----------
iter: 3
n_candidates: 2
n_resources: 162
Fitting 1 folds for each of 2 candidates, totalling 2 fits
      -> [RandomForest + Jittering Set 5] Acc: 0.9667, F1: 0.9665, Time: 2.81s
n_iterations: 4
n_required_iterations: 4
n_possible_iterations: 7
min_resources_: 6
max_resources_: 11600
aggressive_elimination: False
factor: 3
----------
iter: 0
n_candidates: 50
n_resources: 6
Fitting 1 folds for each of 50 candidates, totalling 50 fits
----------
iter: 1
n_candidates: 17
n_resources: 18
Fitting 1 folds for each of 17 candidates, totalling 17 fits
----------
iter: 2
n_candidates: 6
n_resources: 54
Fitting 1 folds for each of 6 candidates, totalling 6 fits
----------
iter: 3
n_candidates: 2
n_resources: 162
Fitting 1 folds for each of 2 candidates, totalling 2 fits
      -> [LinearSVC + Jittering Set 5] Acc: 0.8850, F1: 0.8789, Time: 0.08s
n_iterations: 4
n_required_iterations: 4
n_possible_iterations: 7
min_resources_: 6
max_resources_: 11600
aggressive_elimination: False
factor: 3
----------
iter: 0
n_candidates: 50
n_resources: 6
Fitting 1 folds for each of 50 candidates, totalling 50 fits
----------
iter: 1
n_candidates: 17
n_resources: 18
Fitting 1 folds for each of 17 candidates, totalling 17 fits
----------
iter: 2
n_candidates: 6
n_resources: 54
Fitting 1 folds for each of 6 candidates, totalling 6 fits
----------
iter: 3
n_candidates: 2
n_resources: 162
Fitting 1 folds for each of 2 candidates, totalling 2 fits
      -> [LogisticRegression + Jittering Set 5] Acc: 0.9950, F1: 0.9950, Time: 0.08s
      [!] Failed evaluation with RNN on Jittering Set 5: name 'os' is not defined
    [=== Generating 3x synthetic data with Jittering (Set 6, Params: {'sigma': 0.15}) ===]
n_iterations: 4
n_required_iterations: 4
n_possible_iterations: 7
min_resources_: 6
max_resources_: 11600
aggressive_elimination: False
factor: 3
----------
iter: 0
n_candidates: 50
n_resources: 6
Fitting 1 folds for each of 50 candidates, totalling 50 fits
----------
iter: 1
n_candidates: 17
n_resources: 18
Fitting 1 folds for each of 17 candidates, totalling 17 fits
----------
iter: 2
n_candidates: 6
n_resources: 54
Fitting 1 folds for each of 6 candidates, totalling 6 fits
----------
iter: 3
n_candidates: 2
n_resources: 162
Fitting 1 folds for each of 2 candidates, totalling 2 fits
      -> [KNN + Jittering Set 6] Acc: 0.9983, F1: 0.9983, Time: 0.02s
n_iterations: 4
n_required_iterations: 4
n_possible_iterations: 7
min_resources_: 6
max_resources_: 11600
aggressive_elimination: False
factor: 3
----------
iter: 0
n_candidates: 50
n_resources: 6
Fitting 1 folds for each of 50 candidates, totalling 50 fits
----------
iter: 1
n_candidates: 17
n_resources: 18
Fitting 1 folds for each of 17 candidates, totalling 17 fits
----------
iter: 2
n_candidates: 6
n_resources: 54
Fitting 1 folds for each of 6 candidates, totalling 6 fits
----------
iter: 3
n_candidates: 2
n_resources: 162
Fitting 1 folds for each of 2 candidates, totalling 2 fits
      -> [RandomForest + Jittering Set 6] Acc: 0.9667, F1: 0.9665, Time: 2.50s
n_iterations: 4
n_required_iterations: 4
n_possible_iterations: 7
min_resources_: 6
max_resources_: 11600
aggressive_elimination: False
factor: 3
----------
iter: 0
n_candidates: 50
n_resources: 6
Fitting 1 folds for each of 50 candidates, totalling 50 fits
----------
iter: 1
n_candidates: 17
n_resources: 18
Fitting 1 folds for each of 17 candidates, totalling 17 fits
----------
iter: 2
n_candidates: 6
n_resources: 54
Fitting 1 folds for each of 6 candidates, totalling 6 fits
----------
iter: 3
n_candidates: 2
n_resources: 162
Fitting 1 folds for each of 2 candidates, totalling 2 fits
      -> [LinearSVC + Jittering Set 6] Acc: 0.8850, F1: 0.8789, Time: 0.08s
n_iterations: 4
n_required_iterations: 4
n_possible_iterations: 7
min_resources_: 6
max_resources_: 11600
aggressive_elimination: False
factor: 3
----------
iter: 0
n_candidates: 50
n_resources: 6
Fitting 1 folds for each of 50 candidates, totalling 50 fits
----------
iter: 1
n_candidates: 17
n_resources: 18
Fitting 1 folds for each of 17 candidates, totalling 17 fits
----------
iter: 2
n_candidates: 6
n_resources: 54
Fitting 1 folds for each of 6 candidates, totalling 6 fits
----------
iter: 3
n_candidates: 2
n_resources: 162
Fitting 1 folds for each of 2 candidates, totalling 2 fits
      -> [LogisticRegression + Jittering Set 6] Acc: 0.9967, F1: 0.9967, Time: 0.07s
      [!] Failed evaluation with RNN on Jittering Set 6: name 'os' is not defined
    [=== Generating 3x synthetic data with Jittering (Set 7, Params: {'sigma': 0.03}) ===]
n_iterations: 4
n_required_iterations: 4
n_possible_iterations: 7
min_resources_: 6
max_resources_: 11600
aggressive_elimination: False
factor: 3
----------
iter: 0
n_candidates: 50
n_resources: 6
Fitting 1 folds for each of 50 candidates, totalling 50 fits
----------
iter: 1
n_candidates: 17
n_resources: 18
Fitting 1 folds for each of 17 candidates, totalling 17 fits
----------
iter: 2
n_candidates: 6
n_resources: 54
Fitting 1 folds for each of 6 candidates, totalling 6 fits
----------
iter: 3
n_candidates: 2
n_resources: 162
Fitting 1 folds for each of 2 candidates, totalling 2 fits
      -> [KNN + Jittering Set 7] Acc: 1.0000, F1: 1.0000, Time: 0.04s
n_iterations: 4
n_required_iterations: 4
n_possible_iterations: 7
min_resources_: 6
max_resources_: 11600
aggressive_elimination: False
factor: 3
----------
iter: 0
n_candidates: 50
n_resources: 6
Fitting 1 folds for each of 50 candidates, totalling 50 fits
----------
iter: 1
n_candidates: 17
n_resources: 18
Fitting 1 folds for each of 17 candidates, totalling 17 fits
----------
iter: 2
n_candidates: 6
n_resources: 54
Fitting 1 folds for each of 6 candidates, totalling 6 fits
----------
iter: 3
n_candidates: 2
n_resources: 162
Fitting 1 folds for each of 2 candidates, totalling 2 fits
      -> [RandomForest + Jittering Set 7] Acc: 0.9100, F1: 0.9108, Time: 1.67s
n_iterations: 4
n_required_iterations: 4
n_possible_iterations: 7
min_resources_: 6
max_resources_: 11600
aggressive_elimination: False
factor: 3
----------
iter: 0
n_candidates: 50
n_resources: 6
Fitting 1 folds for each of 50 candidates, totalling 50 fits
----------
iter: 1
n_candidates: 17
n_resources: 18
Fitting 1 folds for each of 17 candidates, totalling 17 fits
----------
iter: 2
n_candidates: 6
n_resources: 54
Fitting 1 folds for each of 6 candidates, totalling 6 fits
----------
iter: 3
n_candidates: 2
n_resources: 162
Fitting 1 folds for each of 2 candidates, totalling 2 fits
      -> [LinearSVC + Jittering Set 7] Acc: 0.8983, F1: 0.8939, Time: 0.07s
n_iterations: 4
n_required_iterations: 4
n_possible_iterations: 7
min_resources_: 6
max_resources_: 11600
aggressive_elimination: False
factor: 3
----------
iter: 0
n_candidates: 50
n_resources: 6
Fitting 1 folds for each of 50 candidates, totalling 50 fits
----------
iter: 1
n_candidates: 17
n_resources: 18
Fitting 1 folds for each of 17 candidates, totalling 17 fits
----------
iter: 2
n_candidates: 6
n_resources: 54
Fitting 1 folds for each of 6 candidates, totalling 6 fits
----------
iter: 3
n_candidates: 2
n_resources: 162
Fitting 1 folds for each of 2 candidates, totalling 2 fits
      -> [LogisticRegression + Jittering Set 7] Acc: 0.9967, F1: 0.9967, Time: 0.10s
      [!] Failed evaluation with RNN on Jittering Set 7: name 'os' is not defined
    [=== Generating 3x synthetic data with Jittering (Set 8, Params: {'sigma': 0.05}) ===]
n_iterations: 4
n_required_iterations: 4
n_possible_iterations: 7
min_resources_: 6
max_resources_: 11600
aggressive_elimination: False
factor: 3
----------
iter: 0
n_candidates: 50
n_resources: 6
Fitting 1 folds for each of 50 candidates, totalling 50 fits
----------
iter: 1
n_candidates: 17
n_resources: 18
Fitting 1 folds for each of 17 candidates, totalling 17 fits
----------
iter: 2
n_candidates: 6
n_resources: 54
Fitting 1 folds for each of 6 candidates, totalling 6 fits
----------
iter: 3
n_candidates: 2
n_resources: 162
Fitting 1 folds for each of 2 candidates, totalling 2 fits
      -> [KNN + Jittering Set 8] Acc: 0.9917, F1: 0.9916, Time: 0.02s
n_iterations: 4
n_required_iterations: 4
n_possible_iterations: 7
min_resources_: 6
max_resources_: 11600
aggressive_elimination: False
factor: 3
----------
iter: 0
n_candidates: 50
n_resources: 6
Fitting 1 folds for each of 50 candidates, totalling 50 fits
----------
iter: 1
n_candidates: 17
n_resources: 18
Fitting 1 folds for each of 17 candidates, totalling 17 fits
----------
iter: 2
n_candidates: 6
n_resources: 54
Fitting 1 folds for each of 6 candidates, totalling 6 fits
----------
iter: 3
n_candidates: 2
n_resources: 162
Fitting 1 folds for each of 2 candidates, totalling 2 fits
      -> [RandomForest + Jittering Set 8] Acc: 0.9283, F1: 0.9288, Time: 1.71s
n_iterations: 4
n_required_iterations: 4
n_possible_iterations: 7
min_resources_: 6
max_resources_: 11600
aggressive_elimination: False
factor: 3
----------
iter: 0
n_candidates: 50
n_resources: 6
Fitting 1 folds for each of 50 candidates, totalling 50 fits
----------
iter: 1
n_candidates: 17
n_resources: 18
Fitting 1 folds for each of 17 candidates, totalling 17 fits
----------
iter: 2
n_candidates: 6
n_resources: 54
Fitting 1 folds for each of 6 candidates, totalling 6 fits
----------
iter: 3
n_candidates: 2
n_resources: 162
Fitting 1 folds for each of 2 candidates, totalling 2 fits
      -> [LinearSVC + Jittering Set 8] Acc: 0.8950, F1: 0.8902, Time: 0.07s
n_iterations: 4
n_required_iterations: 4
n_possible_iterations: 7
min_resources_: 6
max_resources_: 11600
aggressive_elimination: False
factor: 3
----------
iter: 0
n_candidates: 50
n_resources: 6
Fitting 1 folds for each of 50 candidates, totalling 50 fits
----------
iter: 1
n_candidates: 17
n_resources: 18
Fitting 1 folds for each of 17 candidates, totalling 17 fits
----------
iter: 2
n_candidates: 6
n_resources: 54
Fitting 1 folds for each of 6 candidates, totalling 6 fits
----------
iter: 3
n_candidates: 2
n_resources: 162
Fitting 1 folds for each of 2 candidates, totalling 2 fits
      -> [LogisticRegression + Jittering Set 8] Acc: 0.9967, F1: 0.9967, Time: 0.10s
      [!] Failed evaluation with RNN on Jittering Set 8: name 'os' is not defined
    [=== Generating 3x synthetic data with Jittering (Set 9, Params: {'sigma': 0.05}) ===]
n_iterations: 4
n_required_iterations: 4
n_possible_iterations: 7
min_resources_: 6
max_resources_: 11600
aggressive_elimination: False
factor: 3
----------
iter: 0
n_candidates: 50
n_resources: 6
Fitting 1 folds for each of 50 candidates, totalling 50 fits
----------
iter: 1
n_candidates: 17
n_resources: 18
Fitting 1 folds for each of 17 candidates, totalling 17 fits
----------
iter: 2
n_candidates: 6
n_resources: 54
Fitting 1 folds for each of 6 candidates, totalling 6 fits
----------
iter: 3
n_candidates: 2
n_resources: 162
Fitting 1 folds for each of 2 candidates, totalling 2 fits
      -> [KNN + Jittering Set 9] Acc: 0.9933, F1: 0.9933, Time: 0.02s
n_iterations: 4
n_required_iterations: 4
n_possible_iterations: 7
min_resources_: 6
max_resources_: 11600
aggressive_elimination: False
factor: 3
----------
iter: 0
n_candidates: 50
n_resources: 6
Fitting 1 folds for each of 50 candidates, totalling 50 fits
----------
iter: 1
n_candidates: 17
n_resources: 18
Fitting 1 folds for each of 17 candidates, totalling 17 fits
----------
iter: 2
n_candidates: 6
n_resources: 54
Fitting 1 folds for each of 6 candidates, totalling 6 fits
----------
iter: 3
n_candidates: 2
n_resources: 162
Fitting 1 folds for each of 2 candidates, totalling 2 fits
      -> [RandomForest + Jittering Set 9] Acc: 0.9333, F1: 0.9337, Time: 1.76s
n_iterations: 4
n_required_iterations: 4
n_possible_iterations: 7
min_resources_: 6
max_resources_: 11600
aggressive_elimination: False
factor: 3
----------
iter: 0
n_candidates: 50
n_resources: 6
Fitting 1 folds for each of 50 candidates, totalling 50 fits
----------
iter: 1
n_candidates: 17
n_resources: 18
Fitting 1 folds for each of 17 candidates, totalling 17 fits
----------
iter: 2
n_candidates: 6
n_resources: 54
Fitting 1 folds for each of 6 candidates, totalling 6 fits
----------
iter: 3
n_candidates: 2
n_resources: 162
Fitting 1 folds for each of 2 candidates, totalling 2 fits
      -> [LinearSVC + Jittering Set 9] Acc: 0.8917, F1: 0.8865, Time: 0.07s
n_iterations: 4
n_required_iterations: 4
n_possible_iterations: 7
min_resources_: 6
max_resources_: 11600
aggressive_elimination: False
factor: 3
----------
iter: 0
n_candidates: 50
n_resources: 6
Fitting 1 folds for each of 50 candidates, totalling 50 fits
----------
iter: 1
n_candidates: 17
n_resources: 18
Fitting 1 folds for each of 17 candidates, totalling 17 fits
----------
iter: 2
n_candidates: 6
n_resources: 54
Fitting 1 folds for each of 6 candidates, totalling 6 fits
----------
iter: 3
n_candidates: 2
n_resources: 162
Fitting 1 folds for each of 2 candidates, totalling 2 fits
      -> [LogisticRegression + Jittering Set 9] Acc: 0.9967, F1: 0.9967, Time: 0.12s
      [!] Failed evaluation with RNN on Jittering Set 9: name 'os' is not defined
    [=== Generating 3x synthetic data with Jittering (Set 10, Params: {'sigma': 0.05}) ===]
n_iterations: 4
n_required_iterations: 4
n_possible_iterations: 7
min_resources_: 6
max_resources_: 11600
aggressive_elimination: False
factor: 3
----------
iter: 0
n_candidates: 50
n_resources: 6
Fitting 1 folds for each of 50 candidates, totalling 50 fits
----------
iter: 1
n_candidates: 17
n_resources: 18
Fitting 1 folds for each of 17 candidates, totalling 17 fits
----------
iter: 2
n_candidates: 6
n_resources: 54
Fitting 1 folds for each of 6 candidates, totalling 6 fits
----------
iter: 3
n_candidates: 2
n_resources: 162
Fitting 1 folds for each of 2 candidates, totalling 2 fits
      -> [KNN + Jittering Set 10] Acc: 1.0000, F1: 1.0000, Time: 0.04s
n_iterations: 4
n_required_iterations: 4
n_possible_iterations: 7
min_resources_: 6
max_resources_: 11600
aggressive_elimination: False
factor: 3
----------
iter: 0
n_candidates: 50
n_resources: 6
Fitting 1 folds for each of 50 candidates, totalling 50 fits
----------
iter: 1
n_candidates: 17
n_resources: 18
Fitting 1 folds for each of 17 candidates, totalling 17 fits
----------
iter: 2
n_candidates: 6
n_resources: 54
Fitting 1 folds for each of 6 candidates, totalling 6 fits
----------
iter: 3
n_candidates: 2
n_resources: 162
Fitting 1 folds for each of 2 candidates, totalling 2 fits
      -> [RandomForest + Jittering Set 10] Acc: 0.9267, F1: 0.9271, Time: 0.59s
n_iterations: 4
n_required_iterations: 4
n_possible_iterations: 7
min_resources_: 6
max_resources_: 11600
aggressive_elimination: False
factor: 3
----------
iter: 0
n_candidates: 50
n_resources: 6
Fitting 1 folds for each of 50 candidates, totalling 50 fits
----------
iter: 1
n_candidates: 17
n_resources: 18
Fitting 1 folds for each of 17 candidates, totalling 17 fits
----------
iter: 2
n_candidates: 6
n_resources: 54
Fitting 1 folds for each of 6 candidates, totalling 6 fits
----------
iter: 3
n_candidates: 2
n_resources: 162
Fitting 1 folds for each of 2 candidates, totalling 2 fits
      -> [LinearSVC + Jittering Set 10] Acc: 0.8967, F1: 0.8920, Time: 0.07s
n_iterations: 4
n_required_iterations: 4
n_possible_iterations: 7
min_resources_: 6
max_resources_: 11600
aggressive_elimination: False
factor: 3
----------
iter: 0
n_candidates: 50
n_resources: 6
Fitting 1 folds for each of 50 candidates, totalling 50 fits
----------
iter: 1
n_candidates: 17
n_resources: 18
Fitting 1 folds for each of 17 candidates, totalling 17 fits
----------
iter: 2
n_candidates: 6
n_resources: 54
Fitting 1 folds for each of 6 candidates, totalling 6 fits
----------
iter: 3
n_candidates: 2
n_resources: 162
Fitting 1 folds for each of 2 candidates, totalling 2 fits
      -> [LogisticRegression + Jittering Set 10] Acc: 0.9967, F1: 0.9967, Time: 0.21s
      [!] Failed evaluation with RNN on Jittering Set 10: name 'os' is not defined
    [=== Generating 5x synthetic data with Jittering (Set 1, Params: {'sigma': 0.03}) ===]
n_iterations: 4
n_required_iterations: 4
n_possible_iterations: 8
min_resources_: 6
max_resources_: 17400
aggressive_elimination: False
factor: 3
----------
iter: 0
n_candidates: 50
n_resources: 6
Fitting 1 folds for each of 50 candidates, totalling 50 fits
      -> [KNN + Jittering Set 1] Acc: 1.0000, F1: 1.0000, Time: 0.04s
n_iterations: 4
n_required_iterations: 4
n_possible_iterations: 8
min_resources_: 6
max_resources_: 17400
aggressive_elimination: False
factor: 3
----------
iter: 0
n_candidates: 50
n_resources: 6
Fitting 1 folds for each of 50 candidates, totalling 50 fits
      -> [RandomForest + Jittering Set 1] Acc: 0.9350, F1: 0.9354, Time: 1.89s
n_iterations: 4
n_required_iterations: 4
n_possible_iterations: 8
min_resources_: 6
max_resources_: 17400
aggressive_elimination: False
factor: 3
----------
iter: 0
n_candidates: 50
n_resources: 6
Fitting 1 folds for each of 50 candidates, totalling 50 fits
      -> [LinearSVC + Jittering Set 1] Acc: 0.9483, F1: 0.9474, Time: 0.04s
n_iterations: 4
n_required_iterations: 4
n_possible_iterations: 8
min_resources_: 6
max_resources_: 17400
aggressive_elimination: False
factor: 3
----------
iter: 0
n_candidates: 50
n_resources: 6
Fitting 1 folds for each of 50 candidates, totalling 50 fits
      -> [LogisticRegression + Jittering Set 1] Acc: 0.9967, F1: 0.9967, Time: 0.14s
      [!] Failed evaluation with RNN on Jittering Set 1: name 'os' is not defined
    [=== Generating 5x synthetic data with Jittering (Set 2, Params: {'sigma': 0.1}) ===]
n_iterations: 4
n_required_iterations: 4
n_possible_iterations: 8
min_resources_: 6
max_resources_: 17400
aggressive_elimination: False
factor: 3
----------
iter: 0
n_candidates: 50
n_resources: 6
Fitting 1 folds for each of 50 candidates, totalling 50 fits
      -> [KNN + Jittering Set 2] Acc: 1.0000, F1: 1.0000, Time: 0.05s
n_iterations: 4
n_required_iterations: 4
n_possible_iterations: 8
min_resources_: 6
max_resources_: 17400
aggressive_elimination: False
factor: 3
----------
iter: 0
n_candidates: 50
n_resources: 6
Fitting 1 folds for each of 50 candidates, totalling 50 fits
      -> [RandomForest + Jittering Set 2] Acc: 0.9683, F1: 0.9682, Time: 2.36s
n_iterations: 4
n_required_iterations: 4
n_possible_iterations: 8
min_resources_: 6
max_resources_: 17400
aggressive_elimination: False
factor: 3
----------
iter: 0
n_candidates: 50
n_resources: 6
Fitting 1 folds for each of 50 candidates, totalling 50 fits
      -> [LinearSVC + Jittering Set 2] Acc: 0.8950, F1: 0.8902, Time: 0.04s
n_iterations: 4
n_required_iterations: 4
n_possible_iterations: 8
min_resources_: 6
max_resources_: 17400
aggressive_elimination: False
factor: 3
----------
iter: 0
n_candidates: 50
n_resources: 6
Fitting 1 folds for each of 50 candidates, totalling 50 fits
      -> [LogisticRegression + Jittering Set 2] Acc: 0.9967, F1: 0.9967, Time: 0.14s
      [!] Failed evaluation with RNN on Jittering Set 2: name 'os' is not defined
    [=== Generating 5x synthetic data with Jittering (Set 3, Params: {'sigma': 0.15}) ===]
n_iterations: 4
n_required_iterations: 4
n_possible_iterations: 8
min_resources_: 6
max_resources_: 17400
aggressive_elimination: False
factor: 3
----------
iter: 0
n_candidates: 50
n_resources: 6
Fitting 1 folds for each of 50 candidates, totalling 50 fits
      -> [KNN + Jittering Set 3] Acc: 0.9983, F1: 0.9983, Time: 0.05s
n_iterations: 4
n_required_iterations: 4
n_possible_iterations: 8
min_resources_: 6
max_resources_: 17400
aggressive_elimination: False
factor: 3
----------
iter: 0
n_candidates: 50
n_resources: 6
Fitting 1 folds for each of 50 candidates, totalling 50 fits
      -> [RandomForest + Jittering Set 3] Acc: 0.9783, F1: 0.9782, Time: 2.50s
n_iterations: 4
n_required_iterations: 4
n_possible_iterations: 8
min_resources_: 6
max_resources_: 17400
aggressive_elimination: False
factor: 3
----------
iter: 0
n_candidates: 50
n_resources: 6
Fitting 1 folds for each of 50 candidates, totalling 50 fits
      -> [LinearSVC + Jittering Set 3] Acc: 0.8950, F1: 0.8902, Time: 0.04s
n_iterations: 4
n_required_iterations: 4
n_possible_iterations: 8
min_resources_: 6
max_resources_: 17400
aggressive_elimination: False
factor: 3
----------
iter: 0
n_candidates: 50
n_resources: 6
Fitting 1 folds for each of 50 candidates, totalling 50 fits
      -> [LogisticRegression + Jittering Set 3] Acc: 0.9950, F1: 0.9950, Time: 0.10s
      [!] Failed evaluation with RNN on Jittering Set 3: name 'os' is not defined
    [=== Generating 5x synthetic data with Jittering (Set 4, Params: {'sigma': 0.05}) ===]
n_iterations: 4
n_required_iterations: 4
n_possible_iterations: 8
min_resources_: 6
max_resources_: 17400
aggressive_elimination: False
factor: 3
----------
iter: 0
n_candidates: 50
n_resources: 6
Fitting 1 folds for each of 50 candidates, totalling 50 fits
      -> [KNN + Jittering Set 4] Acc: 1.0000, F1: 1.0000, Time: 0.05s
n_iterations: 4
n_required_iterations: 4
n_possible_iterations: 8
min_resources_: 6
max_resources_: 17400
aggressive_elimination: False
factor: 3
----------
iter: 0
n_candidates: 50
n_resources: 6
Fitting 1 folds for each of 50 candidates, totalling 50 fits
      -> [RandomForest + Jittering Set 4] Acc: 0.9300, F1: 0.9305, Time: 1.93s
n_iterations: 4
n_required_iterations: 4
n_possible_iterations: 8
min_resources_: 6
max_resources_: 17400
aggressive_elimination: False
factor: 3
----------
iter: 0
n_candidates: 50
n_resources: 6
Fitting 1 folds for each of 50 candidates, totalling 50 fits
      -> [LinearSVC + Jittering Set 4] Acc: 0.9283, F1: 0.9264, Time: 0.04s
n_iterations: 4
n_required_iterations: 4
n_possible_iterations: 8
min_resources_: 6
max_resources_: 17400
aggressive_elimination: False
factor: 3
----------
iter: 0
n_candidates: 50
n_resources: 6
Fitting 1 folds for each of 50 candidates, totalling 50 fits
      -> [LogisticRegression + Jittering Set 4] Acc: 0.9967, F1: 0.9967, Time: 0.15s
      [!] Failed evaluation with RNN on Jittering Set 4: name 'os' is not defined
    [=== Generating 5x synthetic data with Jittering (Set 5, Params: {'sigma': 0.15}) ===]
n_iterations: 4
n_required_iterations: 4
n_possible_iterations: 8
min_resources_: 6
max_resources_: 17400
aggressive_elimination: False
factor: 3
----------
iter: 0
n_candidates: 50
n_resources: 6
Fitting 1 folds for each of 50 candidates, totalling 50 fits
      -> [KNN + Jittering Set 5] Acc: 0.9967, F1: 0.9967, Time: 0.05s
n_iterations: 4
n_required_iterations: 4
n_possible_iterations: 8
min_resources_: 6
max_resources_: 17400
aggressive_elimination: False
factor: 3
----------
iter: 0
n_candidates: 50
n_resources: 6
Fitting 1 folds for each of 50 candidates, totalling 50 fits
      -> [RandomForest + Jittering Set 5] Acc: 0.9817, F1: 0.9816, Time: 2.48s
n_iterations: 4
n_required_iterations: 4
n_possible_iterations: 8
min_resources_: 6
max_resources_: 17400
aggressive_elimination: False
factor: 3
----------
iter: 0
n_candidates: 50
n_resources: 6
Fitting 1 folds for each of 50 candidates, totalling 50 fits
      -> [LinearSVC + Jittering Set 5] Acc: 0.8867, F1: 0.8808, Time: 0.04s
n_iterations: 4
n_required_iterations: 4
n_possible_iterations: 8
min_resources_: 6
max_resources_: 17400
aggressive_elimination: False
factor: 3
----------
iter: 0
n_candidates: 50
n_resources: 6
Fitting 1 folds for each of 50 candidates, totalling 50 fits
      -> [LogisticRegression + Jittering Set 5] Acc: 0.9983, F1: 0.9983, Time: 0.10s
      [!] Failed evaluation with RNN on Jittering Set 5: name 'os' is not defined
    [=== Generating 5x synthetic data with Jittering (Set 6, Params: {'sigma': 0.15}) ===]
n_iterations: 4
n_required_iterations: 4
n_possible_iterations: 8
min_resources_: 6
max_resources_: 17400
aggressive_elimination: False
factor: 3
----------
iter: 0
n_candidates: 50
n_resources: 6
Fitting 1 folds for each of 50 candidates, totalling 50 fits
      -> [KNN + Jittering Set 6] Acc: 0.9900, F1: 0.9900, Time: 0.05s
n_iterations: 4
n_required_iterations: 4
n_possible_iterations: 8
min_resources_: 6
max_resources_: 17400
aggressive_elimination: False
factor: 3
----------
iter: 0
n_candidates: 50
n_resources: 6
Fitting 1 folds for each of 50 candidates, totalling 50 fits
      -> [RandomForest + Jittering Set 6] Acc: 0.9717, F1: 0.9715, Time: 2.54s
n_iterations: 4
n_required_iterations: 4
n_possible_iterations: 8
min_resources_: 6
max_resources_: 17400
aggressive_elimination: False
factor: 3
----------
iter: 0
n_candidates: 50
n_resources: 6
Fitting 1 folds for each of 50 candidates, totalling 50 fits
      -> [LinearSVC + Jittering Set 6] Acc: 0.8833, F1: 0.8771, Time: 0.04s
n_iterations: 4
n_required_iterations: 4
n_possible_iterations: 8
min_resources_: 6
max_resources_: 17400
aggressive_elimination: False
factor: 3
----------
iter: 0
n_candidates: 50
n_resources: 6
Fitting 1 folds for each of 50 candidates, totalling 50 fits
      -> [LogisticRegression + Jittering Set 6] Acc: 0.9967, F1: 0.9967, Time: 0.28s
      [!] Failed evaluation with RNN on Jittering Set 6: name 'os' is not defined
    [=== Generating 5x synthetic data with Jittering (Set 7, Params: {'sigma': 0.03}) ===]
n_iterations: 4
n_required_iterations: 4
n_possible_iterations: 8
min_resources_: 6
max_resources_: 17400
aggressive_elimination: False
factor: 3
----------
iter: 0
n_candidates: 50
n_resources: 6
Fitting 1 folds for each of 50 candidates, totalling 50 fits
      -> [KNN + Jittering Set 7] Acc: 1.0000, F1: 1.0000, Time: 0.06s
n_iterations: 4
n_required_iterations: 4
n_possible_iterations: 8
min_resources_: 6
max_resources_: 17400
aggressive_elimination: False
factor: 3
----------
iter: 0
n_candidates: 50
n_resources: 6
Fitting 1 folds for each of 50 candidates, totalling 50 fits
      -> [RandomForest + Jittering Set 7] Acc: 0.9200, F1: 0.9207, Time: 1.98s
n_iterations: 4
n_required_iterations: 4
n_possible_iterations: 8
min_resources_: 6
max_resources_: 17400
aggressive_elimination: False
factor: 3
----------
iter: 0
n_candidates: 50
n_resources: 6
Fitting 1 folds for each of 50 candidates, totalling 50 fits
      -> [LinearSVC + Jittering Set 7] Acc: 0.9433, F1: 0.9422, Time: 0.04s
n_iterations: 4
n_required_iterations: 4
n_possible_iterations: 8
min_resources_: 6
max_resources_: 17400
aggressive_elimination: False
factor: 3
----------
iter: 0
n_candidates: 50
n_resources: 6
Fitting 1 folds for each of 50 candidates, totalling 50 fits
      -> [LogisticRegression + Jittering Set 7] Acc: 0.9967, F1: 0.9967, Time: 0.16s
      [!] Failed evaluation with RNN on Jittering Set 7: name 'os' is not defined
    [=== Generating 5x synthetic data with Jittering (Set 8, Params: {'sigma': 0.05}) ===]
n_iterations: 4
n_required_iterations: 4
n_possible_iterations: 8
min_resources_: 6
max_resources_: 17400
aggressive_elimination: False
factor: 3
----------
iter: 0
n_candidates: 50
n_resources: 6
Fitting 1 folds for each of 50 candidates, totalling 50 fits
      -> [KNN + Jittering Set 8] Acc: 1.0000, F1: 1.0000, Time: 0.05s
n_iterations: 4
n_required_iterations: 4
n_possible_iterations: 8
min_resources_: 6
max_resources_: 17400
aggressive_elimination: False
factor: 3
----------
iter: 0
n_candidates: 50
n_resources: 6
Fitting 1 folds for each of 50 candidates, totalling 50 fits
      -> [RandomForest + Jittering Set 8] Acc: 0.9300, F1: 0.9305, Time: 2.20s
n_iterations: 4
n_required_iterations: 4
n_possible_iterations: 8
min_resources_: 6
max_resources_: 17400
aggressive_elimination: False
factor: 3
----------
iter: 0
n_candidates: 50
n_resources: 6
Fitting 1 folds for each of 50 candidates, totalling 50 fits
      -> [LinearSVC + Jittering Set 8] Acc: 0.9283, F1: 0.9264, Time: 0.04s
n_iterations: 4
n_required_iterations: 4
n_possible_iterations: 8
min_resources_: 6
max_resources_: 17400
aggressive_elimination: False
factor: 3
----------
iter: 0
n_candidates: 50
n_resources: 6
Fitting 1 folds for each of 50 candidates, totalling 50 fits
      -> [LogisticRegression + Jittering Set 8] Acc: 0.9967, F1: 0.9967, Time: 0.14s
      [!] Failed evaluation with RNN on Jittering Set 8: name 'os' is not defined
    [=== Generating 5x synthetic data with Jittering (Set 9, Params: {'sigma': 0.05}) ===]
n_iterations: 4
n_required_iterations: 4
n_possible_iterations: 8
min_resources_: 6
max_resources_: 17400
aggressive_elimination: False
factor: 3
----------
iter: 0
n_candidates: 50
n_resources: 6
Fitting 1 folds for each of 50 candidates, totalling 50 fits
      -> [KNN + Jittering Set 9] Acc: 1.0000, F1: 1.0000, Time: 0.05s
n_iterations: 4
n_required_iterations: 4
n_possible_iterations: 8
min_resources_: 6
max_resources_: 17400
aggressive_elimination: False
factor: 3
----------
iter: 0
n_candidates: 50
n_resources: 6
Fitting 1 folds for each of 50 candidates, totalling 50 fits
      -> [RandomForest + Jittering Set 9] Acc: 0.9317, F1: 0.9321, Time: 2.10s
n_iterations: 4
n_required_iterations: 4
n_possible_iterations: 8
min_resources_: 6
max_resources_: 17400
aggressive_elimination: False
factor: 3
----------
iter: 0
n_candidates: 50
n_resources: 6
Fitting 1 folds for each of 50 candidates, totalling 50 fits
      -> [LinearSVC + Jittering Set 9] Acc: 0.9283, F1: 0.9264, Time: 0.04s
n_iterations: 4
n_required_iterations: 4
n_possible_iterations: 8
min_resources_: 6
max_resources_: 17400
aggressive_elimination: False
factor: 3
----------
iter: 0
n_candidates: 50
n_resources: 6
Fitting 1 folds for each of 50 candidates, totalling 50 fits
      -> [LogisticRegression + Jittering Set 9] Acc: 0.9967, F1: 0.9967, Time: 0.15s
      [!] Failed evaluation with RNN on Jittering Set 9: name 'os' is not defined
    [=== Generating 5x synthetic data with Jittering (Set 10, Params: {'sigma': 0.05}) ===]
n_iterations: 4
n_required_iterations: 4
n_possible_iterations: 8
min_resources_: 6
max_resources_: 17400
aggressive_elimination: False
factor: 3
----------
iter: 0
n_candidates: 50
n_resources: 6
Fitting 1 folds for each of 50 candidates, totalling 50 fits
      -> [KNN + Jittering Set 10] Acc: 1.0000, F1: 1.0000, Time: 0.05s
n_iterations: 4
n_required_iterations: 4
n_possible_iterations: 8
min_resources_: 6
max_resources_: 17400
aggressive_elimination: False
factor: 3
----------
iter: 0
n_candidates: 50
n_resources: 6
Fitting 1 folds for each of 50 candidates, totalling 50 fits
      -> [RandomForest + Jittering Set 10] Acc: 0.9433, F1: 0.9437, Time: 1.98s
n_iterations: 4
n_required_iterations: 4
n_possible_iterations: 8
min_resources_: 6
max_resources_: 17400
aggressive_elimination: False
factor: 3
----------
iter: 0
n_candidates: 50
n_resources: 6
Fitting 1 folds for each of 50 candidates, totalling 50 fits
      -> [LinearSVC + Jittering Set 10] Acc: 0.9300, F1: 0.9282, Time: 0.04s
n_iterations: 4
n_required_iterations: 4
n_possible_iterations: 8
min_resources_: 6
max_resources_: 17400
aggressive_elimination: False
factor: 3
----------
iter: 0
n_candidates: 50
n_resources: 6
Fitting 1 folds for each of 50 candidates, totalling 50 fits
      -> [LogisticRegression + Jittering Set 10] Acc: 0.9967, F1: 0.9967, Time: 0.14s
      [!] Failed evaluation with RNN on Jittering Set 10: name 'os' is not defined
    [=== Generating 10x synthetic data with Jittering (Set 1, Params: {'sigma': 0.03}) ===]
n_iterations: 4
n_required_iterations: 4
n_possible_iterations: 8
min_resources_: 6
max_resources_: 31900
aggressive_elimination: False
factor: 3
----------
iter: 0
n_candidates: 50
n_resources: 6
Fitting 1 folds for each of 50 candidates, totalling 50 fits
      -> [KNN + Jittering Set 1] Acc: 1.0000, F1: 1.0000, Time: 0.07s
n_iterations: 4
n_required_iterations: 4
n_possible_iterations: 8
min_resources_: 6
max_resources_: 31900
aggressive_elimination: False
factor: 3
----------
iter: 0
n_candidates: 50
n_resources: 6
Fitting 1 folds for each of 50 candidates, totalling 50 fits
      -> [RandomForest + Jittering Set 1] Acc: 0.9267, F1: 0.9272, Time: 4.13s
n_iterations: 4
n_required_iterations: 4
n_possible_iterations: 8
min_resources_: 6
max_resources_: 31900
aggressive_elimination: False
factor: 3
----------
iter: 0
n_candidates: 50
n_resources: 6
Fitting 1 folds for each of 50 candidates, totalling 50 fits
      -> [LinearSVC + Jittering Set 1] Acc: 0.9450, F1: 0.9440, Time: 0.09s
n_iterations: 4
n_required_iterations: 4
n_possible_iterations: 8
min_resources_: 6
max_resources_: 31900
aggressive_elimination: False
factor: 3
----------
iter: 0
n_candidates: 50
n_resources: 6
Fitting 1 folds for each of 50 candidates, totalling 50 fits
      -> [LogisticRegression + Jittering Set 1] Acc: 0.9967, F1: 0.9967, Time: 0.27s
      [!] Failed evaluation with RNN on Jittering Set 1: name 'os' is not defined
    [=== Generating 10x synthetic data with Jittering (Set 2, Params: {'sigma': 0.1}) ===]
n_iterations: 4
n_required_iterations: 4
n_possible_iterations: 8
min_resources_: 6
max_resources_: 31900
aggressive_elimination: False
factor: 3
----------
iter: 0
n_candidates: 50
n_resources: 6
Fitting 1 folds for each of 50 candidates, totalling 50 fits
      -> [KNN + Jittering Set 2] Acc: 0.9950, F1: 0.9950, Time: 0.07s
n_iterations: 4
n_required_iterations: 4
n_possible_iterations: 8
min_resources_: 6
max_resources_: 31900
aggressive_elimination: False
factor: 3
----------
iter: 0
n_candidates: 50
n_resources: 6
Fitting 1 folds for each of 50 candidates, totalling 50 fits
      -> [RandomForest + Jittering Set 2] Acc: 0.9700, F1: 0.9699, Time: 4.94s
n_iterations: 4
n_required_iterations: 4
n_possible_iterations: 8
min_resources_: 6
max_resources_: 31900
aggressive_elimination: False
factor: 3
----------
iter: 0
n_candidates: 50
n_resources: 6
Fitting 1 folds for each of 50 candidates, totalling 50 fits
      -> [LinearSVC + Jittering Set 2] Acc: 0.8950, F1: 0.8902, Time: 0.08s
n_iterations: 4
n_required_iterations: 4
n_possible_iterations: 8
min_resources_: 6
max_resources_: 31900
aggressive_elimination: False
factor: 3
----------
iter: 0
n_candidates: 50
n_resources: 6
Fitting 1 folds for each of 50 candidates, totalling 50 fits
      -> [LogisticRegression + Jittering Set 2] Acc: 0.9967, F1: 0.9967, Time: 0.26s
      [!] Failed evaluation with RNN on Jittering Set 2: name 'os' is not defined
    [=== Generating 10x synthetic data with Jittering (Set 3, Params: {'sigma': 0.15}) ===]
n_iterations: 4
n_required_iterations: 4
n_possible_iterations: 8
min_resources_: 6
max_resources_: 31900
aggressive_elimination: False
factor: 3
----------
iter: 0
n_candidates: 50
n_resources: 6
Fitting 1 folds for each of 50 candidates, totalling 50 fits
      -> [KNN + Jittering Set 3] Acc: 1.0000, F1: 1.0000, Time: 0.07s
n_iterations: 4
n_required_iterations: 4
n_possible_iterations: 8
min_resources_: 6
max_resources_: 31900
aggressive_elimination: False
factor: 3
----------
iter: 0
n_candidates: 50
n_resources: 6
Fitting 1 folds for each of 50 candidates, totalling 50 fits
      -> [RandomForest + Jittering Set 3] Acc: 0.9767, F1: 0.9765, Time: 5.46s
n_iterations: 4
n_required_iterations: 4
n_possible_iterations: 8
min_resources_: 6
max_resources_: 31900
aggressive_elimination: False
factor: 3
----------
iter: 0
n_candidates: 50
n_resources: 6
Fitting 1 folds for each of 50 candidates, totalling 50 fits
      -> [LinearSVC + Jittering Set 3] Acc: 0.8850, F1: 0.8789, Time: 0.08s
n_iterations: 4
n_required_iterations: 4
n_possible_iterations: 8
min_resources_: 6
max_resources_: 31900
aggressive_elimination: False
factor: 3
----------
iter: 0
n_candidates: 50
n_resources: 6
Fitting 1 folds for each of 50 candidates, totalling 50 fits
      -> [LogisticRegression + Jittering Set 3] Acc: 0.9950, F1: 0.9950, Time: 0.18s
      [!] Failed evaluation with RNN on Jittering Set 3: name 'os' is not defined
    [=== Generating 10x synthetic data with Jittering (Set 4, Params: {'sigma': 0.05}) ===]
n_iterations: 4
n_required_iterations: 4
n_possible_iterations: 8
min_resources_: 6
max_resources_: 31900
aggressive_elimination: False
factor: 3
----------
iter: 0
n_candidates: 50
n_resources: 6
Fitting 1 folds for each of 50 candidates, totalling 50 fits
      -> [KNN + Jittering Set 4] Acc: 1.0000, F1: 1.0000, Time: 0.07s
n_iterations: 4
n_required_iterations: 4
n_possible_iterations: 8
min_resources_: 6
max_resources_: 31900
aggressive_elimination: False
factor: 3
----------
iter: 0
n_candidates: 50
n_resources: 6
Fitting 1 folds for each of 50 candidates, totalling 50 fits
      -> [RandomForest + Jittering Set 4] Acc: 0.9367, F1: 0.9370, Time: 4.51s
n_iterations: 4
n_required_iterations: 4
n_possible_iterations: 8
min_resources_: 6
max_resources_: 31900
aggressive_elimination: False
factor: 3
----------
iter: 0
n_candidates: 50
n_resources: 6
Fitting 1 folds for each of 50 candidates, totalling 50 fits
      -> [LinearSVC + Jittering Set 4] Acc: 0.9217, F1: 0.9193, Time: 0.08s
n_iterations: 4
n_required_iterations: 4
n_possible_iterations: 8
min_resources_: 6
max_resources_: 31900
aggressive_elimination: False
factor: 3
----------
iter: 0
n_candidates: 50
n_resources: 6
Fitting 1 folds for each of 50 candidates, totalling 50 fits
      -> [LogisticRegression + Jittering Set 4] Acc: 0.9967, F1: 0.9967, Time: 0.27s
      [!] Failed evaluation with RNN on Jittering Set 4: name 'os' is not defined
    [=== Generating 10x synthetic data with Jittering (Set 5, Params: {'sigma': 0.15}) ===]
n_iterations: 4
n_required_iterations: 4
n_possible_iterations: 8
min_resources_: 6
max_resources_: 31900
aggressive_elimination: False
factor: 3
----------
iter: 0
n_candidates: 50
n_resources: 6
Fitting 1 folds for each of 50 candidates, totalling 50 fits
      -> [KNN + Jittering Set 5] Acc: 1.0000, F1: 1.0000, Time: 0.08s
n_iterations: 4
n_required_iterations: 4
n_possible_iterations: 8
min_resources_: 6
max_resources_: 31900
aggressive_elimination: False
factor: 3
----------
iter: 0
n_candidates: 50
n_resources: 6
Fitting 1 folds for each of 50 candidates, totalling 50 fits
      -> [RandomForest + Jittering Set 5] Acc: 0.9750, F1: 0.9748, Time: 5.60s
n_iterations: 4
n_required_iterations: 4
n_possible_iterations: 8
min_resources_: 6
max_resources_: 31900
aggressive_elimination: False
factor: 3
----------
iter: 0
n_candidates: 50
n_resources: 6
Fitting 1 folds for each of 50 candidates, totalling 50 fits
      -> [LinearSVC + Jittering Set 5] Acc: 0.8883, F1: 0.8827, Time: 0.08s
n_iterations: 4
n_required_iterations: 4
n_possible_iterations: 8
min_resources_: 6
max_resources_: 31900
aggressive_elimination: False
factor: 3
----------
iter: 0
n_candidates: 50
n_resources: 6
Fitting 1 folds for each of 50 candidates, totalling 50 fits
      -> [LogisticRegression + Jittering Set 5] Acc: 0.9950, F1: 0.9950, Time: 0.18s
      [!] Failed evaluation with RNN on Jittering Set 5: name 'os' is not defined
    [=== Generating 10x synthetic data with Jittering (Set 6, Params: {'sigma': 0.15}) ===]
n_iterations: 4
n_required_iterations: 4
n_possible_iterations: 8
min_resources_: 6
max_resources_: 31900
aggressive_elimination: False
factor: 3
----------
iter: 0
n_candidates: 50
n_resources: 6
Fitting 1 folds for each of 50 candidates, totalling 50 fits
      -> [KNN + Jittering Set 6] Acc: 0.9967, F1: 0.9967, Time: 0.08s
n_iterations: 4
n_required_iterations: 4
n_possible_iterations: 8
min_resources_: 6
max_resources_: 31900
aggressive_elimination: False
factor: 3
----------
iter: 0
n_candidates: 50
n_resources: 6
Fitting 1 folds for each of 50 candidates, totalling 50 fits
      -> [RandomForest + Jittering Set 6] Acc: 0.9717, F1: 0.9715, Time: 5.43s
n_iterations: 4
n_required_iterations: 4
n_possible_iterations: 8
min_resources_: 6
max_resources_: 31900
aggressive_elimination: False
factor: 3
----------
iter: 0
n_candidates: 50
n_resources: 6
Fitting 1 folds for each of 50 candidates, totalling 50 fits
      -> [LinearSVC + Jittering Set 6] Acc: 0.8867, F1: 0.8808, Time: 0.07s
n_iterations: 4
n_required_iterations: 4
n_possible_iterations: 8
min_resources_: 6
max_resources_: 31900
aggressive_elimination: False
factor: 3
----------
iter: 0
n_candidates: 50
n_resources: 6
Fitting 1 folds for each of 50 candidates, totalling 50 fits
      -> [LogisticRegression + Jittering Set 6] Acc: 0.9950, F1: 0.9950, Time: 0.17s
      [!] Failed evaluation with RNN on Jittering Set 6: name 'os' is not defined
    [=== Generating 10x synthetic data with Jittering (Set 7, Params: {'sigma': 0.03}) ===]
n_iterations: 4
n_required_iterations: 4
n_possible_iterations: 8
min_resources_: 6
max_resources_: 31900
aggressive_elimination: False
factor: 3
----------
iter: 0
n_candidates: 50
n_resources: 6
Fitting 1 folds for each of 50 candidates, totalling 50 fits
      -> [KNN + Jittering Set 7] Acc: 1.0000, F1: 1.0000, Time: 0.07s
n_iterations: 4
n_required_iterations: 4
n_possible_iterations: 8
min_resources_: 6
max_resources_: 31900
aggressive_elimination: False
factor: 3
----------
iter: 0
n_candidates: 50
n_resources: 6
Fitting 1 folds for each of 50 candidates, totalling 50 fits
      -> [RandomForest + Jittering Set 7] Acc: 0.9167, F1: 0.9176, Time: 3.90s
n_iterations: 4
n_required_iterations: 4
n_possible_iterations: 8
min_resources_: 6
max_resources_: 31900
aggressive_elimination: False
factor: 3
----------
iter: 0
n_candidates: 50
n_resources: 6
Fitting 1 folds for each of 50 candidates, totalling 50 fits
      -> [LinearSVC + Jittering Set 7] Acc: 0.9467, F1: 0.9457, Time: 0.08s
n_iterations: 4
n_required_iterations: 4
n_possible_iterations: 8
min_resources_: 6
max_resources_: 31900
aggressive_elimination: False
factor: 3
----------
iter: 0
n_candidates: 50
n_resources: 6
Fitting 1 folds for each of 50 candidates, totalling 50 fits
      -> [LogisticRegression + Jittering Set 7] Acc: 0.9967, F1: 0.9967, Time: 0.26s
      [!] Failed evaluation with RNN on Jittering Set 7: name 'os' is not defined
    [=== Generating 10x synthetic data with Jittering (Set 8, Params: {'sigma': 0.05}) ===]
n_iterations: 4
n_required_iterations: 4
n_possible_iterations: 8
min_resources_: 6
max_resources_: 31900
aggressive_elimination: False
factor: 3
----------
iter: 0
n_candidates: 50
n_resources: 6
Fitting 1 folds for each of 50 candidates, totalling 50 fits
      -> [KNN + Jittering Set 8] Acc: 1.0000, F1: 1.0000, Time: 0.07s
n_iterations: 4
n_required_iterations: 4
n_possible_iterations: 8
min_resources_: 6
max_resources_: 31900
aggressive_elimination: False
factor: 3
----------
iter: 0
n_candidates: 50
n_resources: 6
Fitting 1 folds for each of 50 candidates, totalling 50 fits
      -> [RandomForest + Jittering Set 8] Acc: 0.9517, F1: 0.9518, Time: 4.23s
n_iterations: 4
n_required_iterations: 4
n_possible_iterations: 8
min_resources_: 6
max_resources_: 31900
aggressive_elimination: False
factor: 3
----------
iter: 0
n_candidates: 50
n_resources: 6
Fitting 1 folds for each of 50 candidates, totalling 50 fits
      -> [LinearSVC + Jittering Set 8] Acc: 0.9250, F1: 0.9229, Time: 0.08s
n_iterations: 4
n_required_iterations: 4
n_possible_iterations: 8
min_resources_: 6
max_resources_: 31900
aggressive_elimination: False
factor: 3
----------
iter: 0
n_candidates: 50
n_resources: 6
Fitting 1 folds for each of 50 candidates, totalling 50 fits
      -> [LogisticRegression + Jittering Set 8] Acc: 0.9967, F1: 0.9967, Time: 0.28s
      [!] Failed evaluation with RNN on Jittering Set 8: name 'os' is not defined
    [=== Generating 10x synthetic data with Jittering (Set 9, Params: {'sigma': 0.05}) ===]
n_iterations: 4
n_required_iterations: 4
n_possible_iterations: 8
min_resources_: 6
max_resources_: 31900
aggressive_elimination: False
factor: 3
----------
iter: 0
n_candidates: 50
n_resources: 6
Fitting 1 folds for each of 50 candidates, totalling 50 fits
      -> [KNN + Jittering Set 9] Acc: 1.0000, F1: 1.0000, Time: 0.07s
n_iterations: 4
n_required_iterations: 4
n_possible_iterations: 8
min_resources_: 6
max_resources_: 31900
aggressive_elimination: False
factor: 3
----------
iter: 0
n_candidates: 50
n_resources: 6
Fitting 1 folds for each of 50 candidates, totalling 50 fits
      -> [RandomForest + Jittering Set 9] Acc: 0.9400, F1: 0.9404, Time: 4.25s
n_iterations: 4
n_required_iterations: 4
n_possible_iterations: 8
min_resources_: 6
max_resources_: 31900
aggressive_elimination: False
factor: 3
----------
iter: 0
n_candidates: 50
n_resources: 6
Fitting 1 folds for each of 50 candidates, totalling 50 fits
      -> [LinearSVC + Jittering Set 9] Acc: 0.9283, F1: 0.9264, Time: 0.08s
n_iterations: 4
n_required_iterations: 4
n_possible_iterations: 8
min_resources_: 6
max_resources_: 31900
aggressive_elimination: False
factor: 3
----------
iter: 0
n_candidates: 50
n_resources: 6
Fitting 1 folds for each of 50 candidates, totalling 50 fits
      -> [LogisticRegression + Jittering Set 9] Acc: 0.9967, F1: 0.9967, Time: 0.28s
      [!] Failed evaluation with RNN on Jittering Set 9: name 'os' is not defined
    [=== Generating 10x synthetic data with Jittering (Set 10, Params: {'sigma': 0.05}) ===]
n_iterations: 4
n_required_iterations: 4
n_possible_iterations: 8
min_resources_: 6
max_resources_: 31900
aggressive_elimination: False
factor: 3
----------
iter: 0
n_candidates: 50
n_resources: 6
Fitting 1 folds for each of 50 candidates, totalling 50 fits
      -> [KNN + Jittering Set 10] Acc: 1.0000, F1: 1.0000, Time: 0.07s
n_iterations: 4
n_required_iterations: 4
n_possible_iterations: 8
min_resources_: 6
max_resources_: 31900
aggressive_elimination: False
factor: 3
----------
iter: 0
n_candidates: 50
n_resources: 6
Fitting 1 folds for each of 50 candidates, totalling 50 fits
      -> [RandomForest + Jittering Set 10] Acc: 0.9300, F1: 0.9306, Time: 4.57s
n_iterations: 4
n_required_iterations: 4
n_possible_iterations: 8
min_resources_: 6
max_resources_: 31900
aggressive_elimination: False
factor: 3
----------
iter: 0
n_candidates: 50
n_resources: 6
Fitting 1 folds for each of 50 candidates, totalling 50 fits
      -> [LinearSVC + Jittering Set 10] Acc: 0.9267, F1: 0.9246, Time: 0.10s
n_iterations: 4
n_required_iterations: 4
n_possible_iterations: 8
min_resources_: 6
max_resources_: 31900
aggressive_elimination: False
factor: 3
----------
iter: 0
n_candidates: 50
n_resources: 6
Fitting 1 folds for each of 50 candidates, totalling 50 fits
      -> [LogisticRegression + Jittering Set 10] Acc: 0.9967, F1: 0.9967, Time: 0.41s
      [!] Failed evaluation with RNN on Jittering Set 10: name 'os' is not defined

    >> Seed Fold Selection: 8/10
    Evaluating Model: KNN
      -> [Baseline] Acc: 0.9700, F1: 0.9699, Time: 0.03s
      HP Tuning KNN...
n_iterations: 4
n_required_iterations: 4
n_possible_iterations: 5
min_resources_: 30
max_resources_: 2900
aggressive_elimination: False
factor: 3
----------
iter: 0
n_candidates: 50
n_resources: 30
Fitting 5 folds for each of 50 candidates, totalling 250 fits
----------
iter: 1
n_candidates: 17
n_resources: 90
Fitting 5 folds for each of 17 candidates, totalling 85 fits
----------
iter: 2
n_candidates: 6
n_resources: 270
Fitting 5 folds for each of 6 candidates, totalling 30 fits
----------
iter: 3
n_candidates: 2
n_resources: 810
Fitting 5 folds for each of 2 candidates, totalling 10 fits
      -> [Tuned_Baseline] Acc: 0.9867, F1: 0.9867, Time: 0.02s
    Evaluating Model: RandomForest
      -> [Baseline] Acc: 0.9000, F1: 0.9007, Time: 0.38s
      HP Tuning RandomForest...
n_iterations: 4
n_required_iterations: 4
n_possible_iterations: 5
min_resources_: 30
max_resources_: 2900
aggressive_elimination: False
factor: 3
----------
iter: 0
n_candidates: 50
n_resources: 30
Fitting 5 folds for each of 50 candidates, totalling 250 fits
----------
iter: 1
n_candidates: 17
n_resources: 90
Fitting 5 folds for each of 17 candidates, totalling 85 fits
----------
iter: 2
n_candidates: 6
n_resources: 270
Fitting 5 folds for each of 6 candidates, totalling 30 fits
----------
iter: 3
n_candidates: 2
n_resources: 810
Fitting 5 folds for each of 2 candidates, totalling 10 fits
      -> [Tuned_Baseline] Acc: 0.9000, F1: 0.9006, Time: 0.00s
    Evaluating Model: LinearSVC
      -> [Baseline] Acc: 0.9933, F1: 0.9933, Time: 0.02s
      HP Tuning LinearSVC...
n_iterations: 4
n_required_iterations: 4
n_possible_iterations: 5
min_resources_: 30
max_resources_: 2900
aggressive_elimination: False
factor: 3
----------
iter: 0
n_candidates: 50
n_resources: 30
Fitting 5 folds for each of 50 candidates, totalling 250 fits
----------
iter: 1
n_candidates: 17
n_resources: 90
Fitting 5 folds for each of 17 candidates, totalling 85 fits
----------
iter: 2
n_candidates: 6
n_resources: 270
Fitting 5 folds for each of 6 candidates, totalling 30 fits
----------
iter: 3
n_candidates: 2
n_resources: 810
Fitting 5 folds for each of 2 candidates, totalling 10 fits
      -> [Tuned_Baseline] Acc: 0.9933, F1: 0.9933, Time: 0.00s
    Evaluating Model: LogisticRegression
      -> [Baseline] Acc: 0.9933, F1: 0.9933, Time: 0.16s
      HP Tuning LogisticRegression...
n_iterations: 4
n_required_iterations: 4
n_possible_iterations: 5
min_resources_: 30
max_resources_: 2900
aggressive_elimination: False
factor: 3
----------
iter: 0
n_candidates: 50
n_resources: 30
Fitting 5 folds for each of 50 candidates, totalling 250 fits
----------
iter: 1
n_candidates: 17
n_resources: 90
Fitting 5 folds for each of 17 candidates, totalling 85 fits
----------
iter: 2
n_candidates: 6
n_resources: 270
Fitting 5 folds for each of 6 candidates, totalling 30 fits
----------
iter: 3
n_candidates: 2
n_resources: 810
Fitting 5 folds for each of 2 candidates, totalling 10 fits
      -> [Tuned_Baseline] Acc: 0.9950, F1: 0.9950, Time: 0.00s
    Evaluating Model: RNN
      [!] Baseline failed for RNN: name 'os' is not defined
      HP Tuning RNN...
n_iterations: 1
n_required_iterations: 2
n_possible_iterations: 1
min_resources_: 10
max_resources_: 29
aggressive_elimination: False
factor: 3
----------
iter: 0
n_candidates: 4
n_resources: 10
Fitting 5 folds for each of 4 candidates, totalling 20 fits
      [!] HP Tuning failed, using base model: 
All the 20 fits failed.
It is very likely that your model is misconfigured.
You can try to debug the error by setting error_score='raise'.

Below are more details about the failures:
--------------------------------------------------------------------------------
20 fits failed with the following error:
Traceback (most recent call last):
  File "/usr/local/lib/python3.10/dist-packages/sklearn/model_selection/_validation.py", line 859, in _fit_and_score
    estimator.fit(X_train, y_train, **fit_params)
  File "/home/phantrung/Synthesis-Data-Gen/models.py", line 60, in fit
    n_threads = int(os.environ.get('N_JOBS', 1))
NameError: name 'os' is not defined

      -> [Tuned_Baseline] Acc: 0.1667, F1: 0.0476, Time: 0.00s
    [=== Generating 2x synthetic data with Jittering (Set 1, Params: {'sigma': 0.03}) ===]
n_iterations: 4
n_required_iterations: 4
n_possible_iterations: 7
min_resources_: 6
max_resources_: 8700
aggressive_elimination: False
factor: 3
----------
iter: 0
n_candidates: 50
n_resources: 6
Fitting 1 folds for each of 50 candidates, totalling 50 fits
----------
iter: 1
n_candidates: 17
n_resources: 18
Fitting 1 folds for each of 17 candidates, totalling 17 fits
----------
iter: 2
n_candidates: 6
n_resources: 54
Fitting 1 folds for each of 6 candidates, totalling 6 fits
----------
iter: 3
n_candidates: 2
n_resources: 162
Fitting 1 folds for each of 2 candidates, totalling 2 fits
      -> [KNN + Jittering Set 1] Acc: 0.9700, F1: 0.9699, Time: 0.01s
n_iterations: 4
n_required_iterations: 4
n_possible_iterations: 7
min_resources_: 6
max_resources_: 8700
aggressive_elimination: False
factor: 3
----------
iter: 0
n_candidates: 50
n_resources: 6
Fitting 1 folds for each of 50 candidates, totalling 50 fits
----------
iter: 1
n_candidates: 17
n_resources: 18
Fitting 1 folds for each of 17 candidates, totalling 17 fits
----------
iter: 2
n_candidates: 6
n_resources: 54
Fitting 1 folds for each of 6 candidates, totalling 6 fits
----------
iter: 3
n_candidates: 2
n_resources: 162
Fitting 1 folds for each of 2 candidates, totalling 2 fits
      -> [RandomForest + Jittering Set 1] Acc: 0.8917, F1: 0.8924, Time: 0.83s
n_iterations: 4
n_required_iterations: 4
n_possible_iterations: 7
min_resources_: 6
max_resources_: 8700
aggressive_elimination: False
factor: 3
----------
iter: 0
n_candidates: 50
n_resources: 6
Fitting 1 folds for each of 50 candidates, totalling 50 fits
----------
iter: 1
n_candidates: 17
n_resources: 18
Fitting 1 folds for each of 17 candidates, totalling 17 fits
----------
iter: 2
n_candidates: 6
n_resources: 54
Fitting 1 folds for each of 6 candidates, totalling 6 fits
----------
iter: 3
n_candidates: 2
n_resources: 162
Fitting 1 folds for each of 2 candidates, totalling 2 fits
      -> [LinearSVC + Jittering Set 1] Acc: 0.9933, F1: 0.9933, Time: 0.05s
n_iterations: 4
n_required_iterations: 4
n_possible_iterations: 7
min_resources_: 6
max_resources_: 8700
aggressive_elimination: False
factor: 3
----------
iter: 0
n_candidates: 50
n_resources: 6
Fitting 1 folds for each of 50 candidates, totalling 50 fits
----------
iter: 1
n_candidates: 17
n_resources: 18
Fitting 1 folds for each of 17 candidates, totalling 17 fits
----------
iter: 2
n_candidates: 6
n_resources: 54
Fitting 1 folds for each of 6 candidates, totalling 6 fits
----------
iter: 3
n_candidates: 2
n_resources: 162
Fitting 1 folds for each of 2 candidates, totalling 2 fits
      -> [LogisticRegression + Jittering Set 1] Acc: 0.9950, F1: 0.9950, Time: 0.16s
      [!] Failed evaluation with RNN on Jittering Set 1: name 'os' is not defined
    [=== Generating 2x synthetic data with Jittering (Set 2, Params: {'sigma': 0.1}) ===]
n_iterations: 4
n_required_iterations: 4
n_possible_iterations: 7
min_resources_: 6
max_resources_: 8700
aggressive_elimination: False
factor: 3
----------
iter: 0
n_candidates: 50
n_resources: 6
Fitting 1 folds for each of 50 candidates, totalling 50 fits
----------
iter: 1
n_candidates: 17
n_resources: 18
Fitting 1 folds for each of 17 candidates, totalling 17 fits
----------
iter: 2
n_candidates: 6
n_resources: 54
Fitting 1 folds for each of 6 candidates, totalling 6 fits
----------
iter: 3
n_candidates: 2
n_resources: 162
Fitting 1 folds for each of 2 candidates, totalling 2 fits
      -> [KNN + Jittering Set 2] Acc: 0.9700, F1: 0.9699, Time: 0.01s
n_iterations: 4
n_required_iterations: 4
n_possible_iterations: 7
min_resources_: 6
max_resources_: 8700
aggressive_elimination: False
factor: 3
----------
iter: 0
n_candidates: 50
n_resources: 6
Fitting 1 folds for each of 50 candidates, totalling 50 fits
----------
iter: 1
n_candidates: 17
n_resources: 18
Fitting 1 folds for each of 17 candidates, totalling 17 fits
----------
iter: 2
n_candidates: 6
n_resources: 54
Fitting 1 folds for each of 6 candidates, totalling 6 fits
----------
iter: 3
n_candidates: 2
n_resources: 162
Fitting 1 folds for each of 2 candidates, totalling 2 fits
      -> [RandomForest + Jittering Set 2] Acc: 0.9300, F1: 0.9298, Time: 0.46s
n_iterations: 4
n_required_iterations: 4
n_possible_iterations: 7
min_resources_: 6
max_resources_: 8700
aggressive_elimination: False
factor: 3
----------
iter: 0
n_candidates: 50
n_resources: 6
Fitting 1 folds for each of 50 candidates, totalling 50 fits
----------
iter: 1
n_candidates: 17
n_resources: 18
Fitting 1 folds for each of 17 candidates, totalling 17 fits
----------
iter: 2
n_candidates: 6
n_resources: 54
Fitting 1 folds for each of 6 candidates, totalling 6 fits
----------
iter: 3
n_candidates: 2
n_resources: 162
Fitting 1 folds for each of 2 candidates, totalling 2 fits
      -> [LinearSVC + Jittering Set 2] Acc: 0.9917, F1: 0.9916, Time: 0.05s
n_iterations: 4
n_required_iterations: 4
n_possible_iterations: 7
min_resources_: 6
max_resources_: 8700
aggressive_elimination: False
factor: 3
----------
iter: 0
n_candidates: 50
n_resources: 6
Fitting 1 folds for each of 50 candidates, totalling 50 fits
----------
iter: 1
n_candidates: 17
n_resources: 18
Fitting 1 folds for each of 17 candidates, totalling 17 fits
----------
iter: 2
n_candidates: 6
n_resources: 54
Fitting 1 folds for each of 6 candidates, totalling 6 fits
----------
iter: 3
n_candidates: 2
n_resources: 162
Fitting 1 folds for each of 2 candidates, totalling 2 fits
      -> [LogisticRegression + Jittering Set 2] Acc: 0.9933, F1: 0.9933, Time: 0.20s
      [!] Failed evaluation with RNN on Jittering Set 2: name 'os' is not defined
    [=== Generating 2x synthetic data with Jittering (Set 3, Params: {'sigma': 0.15}) ===]
n_iterations: 4
n_required_iterations: 4
n_possible_iterations: 7
min_resources_: 6
max_resources_: 8700
aggressive_elimination: False
factor: 3
----------
iter: 0
n_candidates: 50
n_resources: 6
Fitting 1 folds for each of 50 candidates, totalling 50 fits
----------
iter: 1
n_candidates: 17
n_resources: 18
Fitting 1 folds for each of 17 candidates, totalling 17 fits
----------
iter: 2
n_candidates: 6
n_resources: 54
Fitting 1 folds for each of 6 candidates, totalling 6 fits
----------
iter: 3
n_candidates: 2
n_resources: 162
Fitting 1 folds for each of 2 candidates, totalling 2 fits
      -> [KNN + Jittering Set 3] Acc: 0.9733, F1: 0.9733, Time: 0.01s
n_iterations: 4
n_required_iterations: 4
n_possible_iterations: 7
min_resources_: 6
max_resources_: 8700
aggressive_elimination: False
factor: 3
----------
iter: 0
n_candidates: 50
n_resources: 6
Fitting 1 folds for each of 50 candidates, totalling 50 fits
----------
iter: 1
n_candidates: 17
n_resources: 18
Fitting 1 folds for each of 17 candidates, totalling 17 fits
----------
iter: 2
n_candidates: 6
n_resources: 54
Fitting 1 folds for each of 6 candidates, totalling 6 fits
----------
iter: 3
n_candidates: 2
n_resources: 162
Fitting 1 folds for each of 2 candidates, totalling 2 fits
      -> [RandomForest + Jittering Set 3] Acc: 0.9467, F1: 0.9468, Time: 0.99s
n_iterations: 4
n_required_iterations: 4
n_possible_iterations: 7
min_resources_: 6
max_resources_: 8700
aggressive_elimination: False
factor: 3
----------
iter: 0
n_candidates: 50
n_resources: 6
Fitting 1 folds for each of 50 candidates, totalling 50 fits
----------
iter: 1
n_candidates: 17
n_resources: 18
Fitting 1 folds for each of 17 candidates, totalling 17 fits
----------
iter: 2
n_candidates: 6
n_resources: 54
Fitting 1 folds for each of 6 candidates, totalling 6 fits
----------
iter: 3
n_candidates: 2
n_resources: 162
Fitting 1 folds for each of 2 candidates, totalling 2 fits
      -> [LinearSVC + Jittering Set 3] Acc: 0.9917, F1: 0.9916, Time: 0.02s
n_iterations: 4
n_required_iterations: 4
n_possible_iterations: 7
min_resources_: 6
max_resources_: 8700
aggressive_elimination: False
factor: 3
----------
iter: 0
n_candidates: 50
n_resources: 6
Fitting 1 folds for each of 50 candidates, totalling 50 fits
----------
iter: 1
n_candidates: 17
n_resources: 18
Fitting 1 folds for each of 17 candidates, totalling 17 fits
----------
iter: 2
n_candidates: 6
n_resources: 54
Fitting 1 folds for each of 6 candidates, totalling 6 fits
----------
iter: 3
n_candidates: 2
n_resources: 162
Fitting 1 folds for each of 2 candidates, totalling 2 fits
      -> [LogisticRegression + Jittering Set 3] Acc: 0.9933, F1: 0.9933, Time: 0.19s
      [!] Failed evaluation with RNN on Jittering Set 3: name 'os' is not defined
    [=== Generating 2x synthetic data with Jittering (Set 4, Params: {'sigma': 0.05}) ===]
n_iterations: 4
n_required_iterations: 4
n_possible_iterations: 7
min_resources_: 6
max_resources_: 8700
aggressive_elimination: False
factor: 3
----------
iter: 0
n_candidates: 50
n_resources: 6
Fitting 1 folds for each of 50 candidates, totalling 50 fits
----------
iter: 1
n_candidates: 17
n_resources: 18
Fitting 1 folds for each of 17 candidates, totalling 17 fits
----------
iter: 2
n_candidates: 6
n_resources: 54
Fitting 1 folds for each of 6 candidates, totalling 6 fits
----------
iter: 3
n_candidates: 2
n_resources: 162
Fitting 1 folds for each of 2 candidates, totalling 2 fits
      -> [KNN + Jittering Set 4] Acc: 0.9750, F1: 0.9749, Time: 0.01s
n_iterations: 4
n_required_iterations: 4
n_possible_iterations: 7
min_resources_: 6
max_resources_: 8700
aggressive_elimination: False
factor: 3
----------
iter: 0
n_candidates: 50
n_resources: 6
Fitting 1 folds for each of 50 candidates, totalling 50 fits
----------
iter: 1
n_candidates: 17
n_resources: 18
Fitting 1 folds for each of 17 candidates, totalling 17 fits
----------
iter: 2
n_candidates: 6
n_resources: 54
Fitting 1 folds for each of 6 candidates, totalling 6 fits
----------
iter: 3
n_candidates: 2
n_resources: 162
Fitting 1 folds for each of 2 candidates, totalling 2 fits
      -> [RandomForest + Jittering Set 4] Acc: 0.9100, F1: 0.9102, Time: 1.57s
n_iterations: 4
n_required_iterations: 4
n_possible_iterations: 7
min_resources_: 6
max_resources_: 8700
aggressive_elimination: False
factor: 3
----------
iter: 0
n_candidates: 50
n_resources: 6
Fitting 1 folds for each of 50 candidates, totalling 50 fits
----------
iter: 1
n_candidates: 17
n_resources: 18
Fitting 1 folds for each of 17 candidates, totalling 17 fits
----------
iter: 2
n_candidates: 6
n_resources: 54
Fitting 1 folds for each of 6 candidates, totalling 6 fits
----------
iter: 3
n_candidates: 2
n_resources: 162
Fitting 1 folds for each of 2 candidates, totalling 2 fits
      -> [LinearSVC + Jittering Set 4] Acc: 0.9933, F1: 0.9933, Time: 0.05s
n_iterations: 4
n_required_iterations: 4
n_possible_iterations: 7
min_resources_: 6
max_resources_: 8700
aggressive_elimination: False
factor: 3
----------
iter: 0
n_candidates: 50
n_resources: 6
Fitting 1 folds for each of 50 candidates, totalling 50 fits
----------
iter: 1
n_candidates: 17
n_resources: 18
Fitting 1 folds for each of 17 candidates, totalling 17 fits
----------
iter: 2
n_candidates: 6
n_resources: 54
Fitting 1 folds for each of 6 candidates, totalling 6 fits
----------
iter: 3
n_candidates: 2
n_resources: 162
Fitting 1 folds for each of 2 candidates, totalling 2 fits
      -> [LogisticRegression + Jittering Set 4] Acc: 0.9950, F1: 0.9950, Time: 0.20s
      [!] Failed evaluation with RNN on Jittering Set 4: name 'os' is not defined
    [=== Generating 2x synthetic data with Jittering (Set 5, Params: {'sigma': 0.15}) ===]
n_iterations: 4
n_required_iterations: 4
n_possible_iterations: 7
min_resources_: 6
max_resources_: 8700
aggressive_elimination: False
factor: 3
----------
iter: 0
n_candidates: 50
n_resources: 6
Fitting 1 folds for each of 50 candidates, totalling 50 fits
----------
iter: 1
n_candidates: 17
n_resources: 18
Fitting 1 folds for each of 17 candidates, totalling 17 fits
----------
iter: 2
n_candidates: 6
n_resources: 54
Fitting 1 folds for each of 6 candidates, totalling 6 fits
----------
iter: 3
n_candidates: 2
n_resources: 162
Fitting 1 folds for each of 2 candidates, totalling 2 fits
      -> [KNN + Jittering Set 5] Acc: 0.9750, F1: 0.9749, Time: 0.01s
n_iterations: 4
n_required_iterations: 4
n_possible_iterations: 7
min_resources_: 6
max_resources_: 8700
aggressive_elimination: False
factor: 3
----------
iter: 0
n_candidates: 50
n_resources: 6
Fitting 1 folds for each of 50 candidates, totalling 50 fits
----------
iter: 1
n_candidates: 17
n_resources: 18
Fitting 1 folds for each of 17 candidates, totalling 17 fits
----------
iter: 2
n_candidates: 6
n_resources: 54
Fitting 1 folds for each of 6 candidates, totalling 6 fits
----------
iter: 3
n_candidates: 2
n_resources: 162
Fitting 1 folds for each of 2 candidates, totalling 2 fits
      -> [RandomForest + Jittering Set 5] Acc: 0.9267, F1: 0.9265, Time: 1.51s
n_iterations: 4
n_required_iterations: 4
n_possible_iterations: 7
min_resources_: 6
max_resources_: 8700
aggressive_elimination: False
factor: 3
----------
iter: 0
n_candidates: 50
n_resources: 6
Fitting 1 folds for each of 50 candidates, totalling 50 fits
----------
iter: 1
n_candidates: 17
n_resources: 18
Fitting 1 folds for each of 17 candidates, totalling 17 fits
----------
iter: 2
n_candidates: 6
n_resources: 54
Fitting 1 folds for each of 6 candidates, totalling 6 fits
----------
iter: 3
n_candidates: 2
n_resources: 162
Fitting 1 folds for each of 2 candidates, totalling 2 fits
      -> [LinearSVC + Jittering Set 5] Acc: 0.9917, F1: 0.9916, Time: 0.02s
n_iterations: 4
n_required_iterations: 4
n_possible_iterations: 7
min_resources_: 6
max_resources_: 8700
aggressive_elimination: False
factor: 3
----------
iter: 0
n_candidates: 50
n_resources: 6
Fitting 1 folds for each of 50 candidates, totalling 50 fits
----------
iter: 1
n_candidates: 17
n_resources: 18
Fitting 1 folds for each of 17 candidates, totalling 17 fits
----------
iter: 2
n_candidates: 6
n_resources: 54
Fitting 1 folds for each of 6 candidates, totalling 6 fits
----------
iter: 3
n_candidates: 2
n_resources: 162
Fitting 1 folds for each of 2 candidates, totalling 2 fits
      -> [LogisticRegression + Jittering Set 5] Acc: 0.9933, F1: 0.9933, Time: 0.07s
      [!] Failed evaluation with RNN on Jittering Set 5: name 'os' is not defined
    [=== Generating 2x synthetic data with Jittering (Set 6, Params: {'sigma': 0.15}) ===]
n_iterations: 4
n_required_iterations: 4
n_possible_iterations: 7
min_resources_: 6
max_resources_: 8700
aggressive_elimination: False
factor: 3
----------
iter: 0
n_candidates: 50
n_resources: 6
Fitting 1 folds for each of 50 candidates, totalling 50 fits
----------
iter: 1
n_candidates: 17
n_resources: 18
Fitting 1 folds for each of 17 candidates, totalling 17 fits
----------
iter: 2
n_candidates: 6
n_resources: 54
Fitting 1 folds for each of 6 candidates, totalling 6 fits
----------
iter: 3
n_candidates: 2
n_resources: 162
Fitting 1 folds for each of 2 candidates, totalling 2 fits
      -> [KNN + Jittering Set 6] Acc: 0.9700, F1: 0.9699, Time: 0.01s
n_iterations: 4
n_required_iterations: 4
n_possible_iterations: 7
min_resources_: 6
max_resources_: 8700
aggressive_elimination: False
factor: 3
----------
iter: 0
n_candidates: 50
n_resources: 6
Fitting 1 folds for each of 50 candidates, totalling 50 fits
----------
iter: 1
n_candidates: 17
n_resources: 18
Fitting 1 folds for each of 17 candidates, totalling 17 fits
----------
iter: 2
n_candidates: 6
n_resources: 54
Fitting 1 folds for each of 6 candidates, totalling 6 fits
----------
iter: 3
n_candidates: 2
n_resources: 162
Fitting 1 folds for each of 2 candidates, totalling 2 fits
      -> [RandomForest + Jittering Set 6] Acc: 0.9333, F1: 0.9331, Time: 1.56s
n_iterations: 4
n_required_iterations: 4
n_possible_iterations: 7
min_resources_: 6
max_resources_: 8700
aggressive_elimination: False
factor: 3
----------
iter: 0
n_candidates: 50
n_resources: 6
Fitting 1 folds for each of 50 candidates, totalling 50 fits
----------
iter: 1
n_candidates: 17
n_resources: 18
Fitting 1 folds for each of 17 candidates, totalling 17 fits
----------
iter: 2
n_candidates: 6
n_resources: 54
Fitting 1 folds for each of 6 candidates, totalling 6 fits
----------
iter: 3
n_candidates: 2
n_resources: 162
Fitting 1 folds for each of 2 candidates, totalling 2 fits
      -> [LinearSVC + Jittering Set 6] Acc: 0.9867, F1: 0.9866, Time: 0.05s
n_iterations: 4
n_required_iterations: 4
n_possible_iterations: 7
min_resources_: 6
max_resources_: 8700
aggressive_elimination: False
factor: 3
----------
iter: 0
n_candidates: 50
n_resources: 6
Fitting 1 folds for each of 50 candidates, totalling 50 fits
----------
iter: 1
n_candidates: 17
n_resources: 18
Fitting 1 folds for each of 17 candidates, totalling 17 fits
----------
iter: 2
n_candidates: 6
n_resources: 54
Fitting 1 folds for each of 6 candidates, totalling 6 fits
----------
iter: 3
n_candidates: 2
n_resources: 162
Fitting 1 folds for each of 2 candidates, totalling 2 fits
      -> [LogisticRegression + Jittering Set 6] Acc: 0.9933, F1: 0.9933, Time: 0.07s
      [!] Failed evaluation with RNN on Jittering Set 6: name 'os' is not defined
    [=== Generating 2x synthetic data with Jittering (Set 7, Params: {'sigma': 0.03}) ===]
n_iterations: 4
n_required_iterations: 4
n_possible_iterations: 7
min_resources_: 6
max_resources_: 8700
aggressive_elimination: False
factor: 3
----------
iter: 0
n_candidates: 50
n_resources: 6
Fitting 1 folds for each of 50 candidates, totalling 50 fits
----------
iter: 1
n_candidates: 17
n_resources: 18
Fitting 1 folds for each of 17 candidates, totalling 17 fits
----------
iter: 2
n_candidates: 6
n_resources: 54
Fitting 1 folds for each of 6 candidates, totalling 6 fits
----------
iter: 3
n_candidates: 2
n_resources: 162
Fitting 1 folds for each of 2 candidates, totalling 2 fits
      -> [KNN + Jittering Set 7] Acc: 0.9700, F1: 0.9699, Time: 0.01s
n_iterations: 4
n_required_iterations: 4
n_possible_iterations: 7
min_resources_: 6
max_resources_: 8700
aggressive_elimination: False
factor: 3
----------
iter: 0
n_candidates: 50
n_resources: 6
Fitting 1 folds for each of 50 candidates, totalling 50 fits
----------
iter: 1
n_candidates: 17
n_resources: 18
Fitting 1 folds for each of 17 candidates, totalling 17 fits
----------
iter: 2
n_candidates: 6
n_resources: 54
Fitting 1 folds for each of 6 candidates, totalling 6 fits
----------
iter: 3
n_candidates: 2
n_resources: 162
Fitting 1 folds for each of 2 candidates, totalling 2 fits
      -> [RandomForest + Jittering Set 7] Acc: 0.9083, F1: 0.9087, Time: 1.44s
n_iterations: 4
n_required_iterations: 4
n_possible_iterations: 7
min_resources_: 6
max_resources_: 8700
aggressive_elimination: False
factor: 3
----------
iter: 0
n_candidates: 50
n_resources: 6
Fitting 1 folds for each of 50 candidates, totalling 50 fits
----------
iter: 1
n_candidates: 17
n_resources: 18
Fitting 1 folds for each of 17 candidates, totalling 17 fits
----------
iter: 2
n_candidates: 6
n_resources: 54
Fitting 1 folds for each of 6 candidates, totalling 6 fits
----------
iter: 3
n_candidates: 2
n_resources: 162
Fitting 1 folds for each of 2 candidates, totalling 2 fits
      -> [LinearSVC + Jittering Set 7] Acc: 0.9933, F1: 0.9933, Time: 0.05s
n_iterations: 4
n_required_iterations: 4
n_possible_iterations: 7
min_resources_: 6
max_resources_: 8700
aggressive_elimination: False
factor: 3
----------
iter: 0
n_candidates: 50
n_resources: 6
Fitting 1 folds for each of 50 candidates, totalling 50 fits
----------
iter: 1
n_candidates: 17
n_resources: 18
Fitting 1 folds for each of 17 candidates, totalling 17 fits
----------
iter: 2
n_candidates: 6
n_resources: 54
Fitting 1 folds for each of 6 candidates, totalling 6 fits
----------
iter: 3
n_candidates: 2
n_resources: 162
Fitting 1 folds for each of 2 candidates, totalling 2 fits
      -> [LogisticRegression + Jittering Set 7] Acc: 0.9950, F1: 0.9950, Time: 0.16s
      [!] Failed evaluation with RNN on Jittering Set 7: name 'os' is not defined
    [=== Generating 2x synthetic data with Jittering (Set 8, Params: {'sigma': 0.05}) ===]
n_iterations: 4
n_required_iterations: 4
n_possible_iterations: 7
min_resources_: 6
max_resources_: 8700
aggressive_elimination: False
factor: 3
----------
iter: 0
n_candidates: 50
n_resources: 6
Fitting 1 folds for each of 50 candidates, totalling 50 fits
----------
iter: 1
n_candidates: 17
n_resources: 18
Fitting 1 folds for each of 17 candidates, totalling 17 fits
----------
iter: 2
n_candidates: 6
n_resources: 54
Fitting 1 folds for each of 6 candidates, totalling 6 fits
----------
iter: 3
n_candidates: 2
n_resources: 162
Fitting 1 folds for each of 2 candidates, totalling 2 fits
      -> [KNN + Jittering Set 8] Acc: 0.9717, F1: 0.9716, Time: 0.01s
n_iterations: 4
n_required_iterations: 4
n_possible_iterations: 7
min_resources_: 6
max_resources_: 8700
aggressive_elimination: False
factor: 3
----------
iter: 0
n_candidates: 50
n_resources: 6
Fitting 1 folds for each of 50 candidates, totalling 50 fits
----------
iter: 1
n_candidates: 17
n_resources: 18
Fitting 1 folds for each of 17 candidates, totalling 17 fits
----------
iter: 2
n_candidates: 6
n_resources: 54
Fitting 1 folds for each of 6 candidates, totalling 6 fits
----------
iter: 3
n_candidates: 2
n_resources: 162
Fitting 1 folds for each of 2 candidates, totalling 2 fits
      -> [RandomForest + Jittering Set 8] Acc: 0.8867, F1: 0.8877, Time: 1.56s
n_iterations: 4
n_required_iterations: 4
n_possible_iterations: 7
min_resources_: 6
max_resources_: 8700
aggressive_elimination: False
factor: 3
----------
iter: 0
n_candidates: 50
n_resources: 6
Fitting 1 folds for each of 50 candidates, totalling 50 fits
----------
iter: 1
n_candidates: 17
n_resources: 18
Fitting 1 folds for each of 17 candidates, totalling 17 fits
----------
iter: 2
n_candidates: 6
n_resources: 54
Fitting 1 folds for each of 6 candidates, totalling 6 fits
----------
iter: 3
n_candidates: 2
n_resources: 162
Fitting 1 folds for each of 2 candidates, totalling 2 fits
      -> [LinearSVC + Jittering Set 8] Acc: 0.9933, F1: 0.9933, Time: 0.05s
n_iterations: 4
n_required_iterations: 4
n_possible_iterations: 7
min_resources_: 6
max_resources_: 8700
aggressive_elimination: False
factor: 3
----------
iter: 0
n_candidates: 50
n_resources: 6
Fitting 1 folds for each of 50 candidates, totalling 50 fits
----------
iter: 1
n_candidates: 17
n_resources: 18
Fitting 1 folds for each of 17 candidates, totalling 17 fits
----------
iter: 2
n_candidates: 6
n_resources: 54
Fitting 1 folds for each of 6 candidates, totalling 6 fits
----------
iter: 3
n_candidates: 2
n_resources: 162
Fitting 1 folds for each of 2 candidates, totalling 2 fits
      -> [LogisticRegression + Jittering Set 8] Acc: 0.9950, F1: 0.9950, Time: 0.16s
      [!] Failed evaluation with RNN on Jittering Set 8: name 'os' is not defined
    [=== Generating 2x synthetic data with Jittering (Set 9, Params: {'sigma': 0.05}) ===]
n_iterations: 4
n_required_iterations: 4
n_possible_iterations: 7
min_resources_: 6
max_resources_: 8700
aggressive_elimination: False
factor: 3
----------
iter: 0
n_candidates: 50
n_resources: 6
Fitting 1 folds for each of 50 candidates, totalling 50 fits
----------
iter: 1
n_candidates: 17
n_resources: 18
Fitting 1 folds for each of 17 candidates, totalling 17 fits
----------
iter: 2
n_candidates: 6
n_resources: 54
Fitting 1 folds for each of 6 candidates, totalling 6 fits
----------
iter: 3
n_candidates: 2
n_resources: 162
Fitting 1 folds for each of 2 candidates, totalling 2 fits
      -> [KNN + Jittering Set 9] Acc: 0.9683, F1: 0.9683, Time: 0.01s
n_iterations: 4
n_required_iterations: 4
n_possible_iterations: 7
min_resources_: 6
max_resources_: 8700
aggressive_elimination: False
factor: 3
----------
iter: 0
n_candidates: 50
n_resources: 6
Fitting 1 folds for each of 50 candidates, totalling 50 fits
----------
iter: 1
n_candidates: 17
n_resources: 18
Fitting 1 folds for each of 17 candidates, totalling 17 fits
----------
iter: 2
n_candidates: 6
n_resources: 54
Fitting 1 folds for each of 6 candidates, totalling 6 fits
----------
iter: 3
n_candidates: 2
n_resources: 162
Fitting 1 folds for each of 2 candidates, totalling 2 fits
      -> [RandomForest + Jittering Set 9] Acc: 0.9033, F1: 0.9038, Time: 0.87s
n_iterations: 4
n_required_iterations: 4
n_possible_iterations: 7
min_resources_: 6
max_resources_: 8700
aggressive_elimination: False
factor: 3
----------
iter: 0
n_candidates: 50
n_resources: 6
Fitting 1 folds for each of 50 candidates, totalling 50 fits
----------
iter: 1
n_candidates: 17
n_resources: 18
Fitting 1 folds for each of 17 candidates, totalling 17 fits
----------
iter: 2
n_candidates: 6
n_resources: 54
Fitting 1 folds for each of 6 candidates, totalling 6 fits
----------
iter: 3
n_candidates: 2
n_resources: 162
Fitting 1 folds for each of 2 candidates, totalling 2 fits
      -> [LinearSVC + Jittering Set 9] Acc: 0.9933, F1: 0.9933, Time: 0.02s
n_iterations: 4
n_required_iterations: 4
n_possible_iterations: 7
min_resources_: 6
max_resources_: 8700
aggressive_elimination: False
factor: 3
----------
iter: 0
n_candidates: 50
n_resources: 6
Fitting 1 folds for each of 50 candidates, totalling 50 fits
----------
iter: 1
n_candidates: 17
n_resources: 18
Fitting 1 folds for each of 17 candidates, totalling 17 fits
----------
iter: 2
n_candidates: 6
n_resources: 54
Fitting 1 folds for each of 6 candidates, totalling 6 fits
----------
iter: 3
n_candidates: 2
n_resources: 162
Fitting 1 folds for each of 2 candidates, totalling 2 fits
      -> [LogisticRegression + Jittering Set 9] Acc: 0.9950, F1: 0.9950, Time: 0.16s
      [!] Failed evaluation with RNN on Jittering Set 9: name 'os' is not defined
    [=== Generating 2x synthetic data with Jittering (Set 10, Params: {'sigma': 0.05}) ===]
n_iterations: 4
n_required_iterations: 4
n_possible_iterations: 7
min_resources_: 6
max_resources_: 8700
aggressive_elimination: False
factor: 3
----------
iter: 0
n_candidates: 50
n_resources: 6
Fitting 1 folds for each of 50 candidates, totalling 50 fits
----------
iter: 1
n_candidates: 17
n_resources: 18
Fitting 1 folds for each of 17 candidates, totalling 17 fits
----------
iter: 2
n_candidates: 6
n_resources: 54
Fitting 1 folds for each of 6 candidates, totalling 6 fits
----------
iter: 3
n_candidates: 2
n_resources: 162
Fitting 1 folds for each of 2 candidates, totalling 2 fits
      -> [KNN + Jittering Set 10] Acc: 0.9717, F1: 0.9716, Time: 0.01s
n_iterations: 4
n_required_iterations: 4
n_possible_iterations: 7
min_resources_: 6
max_resources_: 8700
aggressive_elimination: False
factor: 3
----------
iter: 0
n_candidates: 50
n_resources: 6
Fitting 1 folds for each of 50 candidates, totalling 50 fits
----------
iter: 1
n_candidates: 17
n_resources: 18
Fitting 1 folds for each of 17 candidates, totalling 17 fits
----------
iter: 2
n_candidates: 6
n_resources: 54
Fitting 1 folds for each of 6 candidates, totalling 6 fits
----------
iter: 3
n_candidates: 2
n_resources: 162
Fitting 1 folds for each of 2 candidates, totalling 2 fits
      -> [RandomForest + Jittering Set 10] Acc: 0.9050, F1: 0.9052, Time: 0.86s
n_iterations: 4
n_required_iterations: 4
n_possible_iterations: 7
min_resources_: 6
max_resources_: 8700
aggressive_elimination: False
factor: 3
----------
iter: 0
n_candidates: 50
n_resources: 6
Fitting 1 folds for each of 50 candidates, totalling 50 fits
----------
iter: 1
n_candidates: 17
n_resources: 18
Fitting 1 folds for each of 17 candidates, totalling 17 fits
----------
iter: 2
n_candidates: 6
n_resources: 54
Fitting 1 folds for each of 6 candidates, totalling 6 fits
----------
iter: 3
n_candidates: 2
n_resources: 162
Fitting 1 folds for each of 2 candidates, totalling 2 fits
      -> [LinearSVC + Jittering Set 10] Acc: 0.9933, F1: 0.9933, Time: 0.04s
n_iterations: 4
n_required_iterations: 4
n_possible_iterations: 7
min_resources_: 6
max_resources_: 8700
aggressive_elimination: False
factor: 3
----------
iter: 0
n_candidates: 50
n_resources: 6
Fitting 1 folds for each of 50 candidates, totalling 50 fits
----------
iter: 1
n_candidates: 17
n_resources: 18
Fitting 1 folds for each of 17 candidates, totalling 17 fits
----------
iter: 2
n_candidates: 6
n_resources: 54
Fitting 1 folds for each of 6 candidates, totalling 6 fits
----------
iter: 3
n_candidates: 2
n_resources: 162
Fitting 1 folds for each of 2 candidates, totalling 2 fits
      -> [LogisticRegression + Jittering Set 10] Acc: 0.9950, F1: 0.9950, Time: 0.16s
      [!] Failed evaluation with RNN on Jittering Set 10: name 'os' is not defined
    [=== Generating 3x synthetic data with Jittering (Set 1, Params: {'sigma': 0.03}) ===]
n_iterations: 4
n_required_iterations: 4
n_possible_iterations: 7
min_resources_: 6
max_resources_: 11600
aggressive_elimination: False
factor: 3
----------
iter: 0
n_candidates: 50
n_resources: 6
Fitting 1 folds for each of 50 candidates, totalling 50 fits
----------
iter: 1
n_candidates: 17
n_resources: 18
Fitting 1 folds for each of 17 candidates, totalling 17 fits
----------
iter: 2
n_candidates: 6
n_resources: 54
Fitting 1 folds for each of 6 candidates, totalling 6 fits
----------
iter: 3
n_candidates: 2
n_resources: 162
Fitting 1 folds for each of 2 candidates, totalling 2 fits
      -> [KNN + Jittering Set 1] Acc: 0.9883, F1: 0.9884, Time: 0.04s
n_iterations: 4
n_required_iterations: 4
n_possible_iterations: 7
min_resources_: 6
max_resources_: 11600
aggressive_elimination: False
factor: 3
----------
iter: 0
n_candidates: 50
n_resources: 6
Fitting 1 folds for each of 50 candidates, totalling 50 fits
----------
iter: 1
n_candidates: 17
n_resources: 18
Fitting 1 folds for each of 17 candidates, totalling 17 fits
----------
iter: 2
n_candidates: 6
n_resources: 54
Fitting 1 folds for each of 6 candidates, totalling 6 fits
----------
iter: 3
n_candidates: 2
n_resources: 162
Fitting 1 folds for each of 2 candidates, totalling 2 fits
      -> [RandomForest + Jittering Set 1] Acc: 0.9033, F1: 0.9039, Time: 0.57s
n_iterations: 4
n_required_iterations: 4
n_possible_iterations: 7
min_resources_: 6
max_resources_: 11600
aggressive_elimination: False
factor: 3
----------
iter: 0
n_candidates: 50
n_resources: 6
Fitting 1 folds for each of 50 candidates, totalling 50 fits
----------
iter: 1
n_candidates: 17
n_resources: 18
Fitting 1 folds for each of 17 candidates, totalling 17 fits
----------
iter: 2
n_candidates: 6
n_resources: 54
Fitting 1 folds for each of 6 candidates, totalling 6 fits
----------
iter: 3
n_candidates: 2
n_resources: 162
Fitting 1 folds for each of 2 candidates, totalling 2 fits
      -> [LinearSVC + Jittering Set 1] Acc: 0.9933, F1: 0.9933, Time: 0.06s
n_iterations: 4
n_required_iterations: 4
n_possible_iterations: 7
min_resources_: 6
max_resources_: 11600
aggressive_elimination: False
factor: 3
----------
iter: 0
n_candidates: 50
n_resources: 6
Fitting 1 folds for each of 50 candidates, totalling 50 fits
----------
iter: 1
n_candidates: 17
n_resources: 18
Fitting 1 folds for each of 17 candidates, totalling 17 fits
----------
iter: 2
n_candidates: 6
n_resources: 54
Fitting 1 folds for each of 6 candidates, totalling 6 fits
----------
iter: 3
n_candidates: 2
n_resources: 162
Fitting 1 folds for each of 2 candidates, totalling 2 fits
      -> [LogisticRegression + Jittering Set 1] Acc: 0.9950, F1: 0.9950, Time: 0.12s
      [!] Failed evaluation with RNN on Jittering Set 1: name 'os' is not defined
    [=== Generating 3x synthetic data with Jittering (Set 2, Params: {'sigma': 0.1}) ===]
n_iterations: 4
n_required_iterations: 4
n_possible_iterations: 7
min_resources_: 6
max_resources_: 11600
aggressive_elimination: False
factor: 3
----------
iter: 0
n_candidates: 50
n_resources: 6
Fitting 1 folds for each of 50 candidates, totalling 50 fits
----------
iter: 1
n_candidates: 17
n_resources: 18
Fitting 1 folds for each of 17 candidates, totalling 17 fits
----------
iter: 2
n_candidates: 6
n_resources: 54
Fitting 1 folds for each of 6 candidates, totalling 6 fits
----------
iter: 3
n_candidates: 2
n_resources: 162
Fitting 1 folds for each of 2 candidates, totalling 2 fits
      -> [KNN + Jittering Set 2] Acc: 0.9917, F1: 0.9917, Time: 0.03s
n_iterations: 4
n_required_iterations: 4
n_possible_iterations: 7
min_resources_: 6
max_resources_: 11600
aggressive_elimination: False
factor: 3
----------
iter: 0
n_candidates: 50
n_resources: 6
Fitting 1 folds for each of 50 candidates, totalling 50 fits
----------
iter: 1
n_candidates: 17
n_resources: 18
Fitting 1 folds for each of 17 candidates, totalling 17 fits
----------
iter: 2
n_candidates: 6
n_resources: 54
Fitting 1 folds for each of 6 candidates, totalling 6 fits
----------
iter: 3
n_candidates: 2
n_resources: 162
Fitting 1 folds for each of 2 candidates, totalling 2 fits
      -> [RandomForest + Jittering Set 2] Acc: 0.9433, F1: 0.9435, Time: 0.61s
n_iterations: 4
n_required_iterations: 4
n_possible_iterations: 7
min_resources_: 6
max_resources_: 11600
aggressive_elimination: False
factor: 3
----------
iter: 0
n_candidates: 50
n_resources: 6
Fitting 1 folds for each of 50 candidates, totalling 50 fits
----------
iter: 1
n_candidates: 17
n_resources: 18
Fitting 1 folds for each of 17 candidates, totalling 17 fits
----------
iter: 2
n_candidates: 6
n_resources: 54
Fitting 1 folds for each of 6 candidates, totalling 6 fits
----------
iter: 3
n_candidates: 2
n_resources: 162
Fitting 1 folds for each of 2 candidates, totalling 2 fits
      -> [LinearSVC + Jittering Set 2] Acc: 0.9917, F1: 0.9916, Time: 0.06s
n_iterations: 4
n_required_iterations: 4
n_possible_iterations: 7
min_resources_: 6
max_resources_: 11600
aggressive_elimination: False
factor: 3
----------
iter: 0
n_candidates: 50
n_resources: 6
Fitting 1 folds for each of 50 candidates, totalling 50 fits
----------
iter: 1
n_candidates: 17
n_resources: 18
Fitting 1 folds for each of 17 candidates, totalling 17 fits
----------
iter: 2
n_candidates: 6
n_resources: 54
Fitting 1 folds for each of 6 candidates, totalling 6 fits
----------
iter: 3
n_candidates: 2
n_resources: 162
Fitting 1 folds for each of 2 candidates, totalling 2 fits
      -> [LogisticRegression + Jittering Set 2] Acc: 0.9933, F1: 0.9933, Time: 0.10s
      [!] Failed evaluation with RNN on Jittering Set 2: name 'os' is not defined
    [=== Generating 3x synthetic data with Jittering (Set 3, Params: {'sigma': 0.15}) ===]
n_iterations: 4
n_required_iterations: 4
n_possible_iterations: 7
min_resources_: 6
max_resources_: 11600
aggressive_elimination: False
factor: 3
----------
iter: 0
n_candidates: 50
n_resources: 6
Fitting 1 folds for each of 50 candidates, totalling 50 fits
----------
iter: 1
n_candidates: 17
n_resources: 18
Fitting 1 folds for each of 17 candidates, totalling 17 fits
----------
iter: 2
n_candidates: 6
n_resources: 54
Fitting 1 folds for each of 6 candidates, totalling 6 fits
----------
iter: 3
n_candidates: 2
n_resources: 162
Fitting 1 folds for each of 2 candidates, totalling 2 fits
      -> [KNN + Jittering Set 3] Acc: 1.0000, F1: 1.0000, Time: 0.03s
n_iterations: 4
n_required_iterations: 4
n_possible_iterations: 7
min_resources_: 6
max_resources_: 11600
aggressive_elimination: False
factor: 3
----------
iter: 0
n_candidates: 50
n_resources: 6
Fitting 1 folds for each of 50 candidates, totalling 50 fits
----------
iter: 1
n_candidates: 17
n_resources: 18
Fitting 1 folds for each of 17 candidates, totalling 17 fits
----------
iter: 2
n_candidates: 6
n_resources: 54
Fitting 1 folds for each of 6 candidates, totalling 6 fits
----------
iter: 3
n_candidates: 2
n_resources: 162
Fitting 1 folds for each of 2 candidates, totalling 2 fits
      -> [RandomForest + Jittering Set 3] Acc: 0.9417, F1: 0.9412, Time: 0.62s
n_iterations: 4
n_required_iterations: 4
n_possible_iterations: 7
min_resources_: 6
max_resources_: 11600
aggressive_elimination: False
factor: 3
----------
iter: 0
n_candidates: 50
n_resources: 6
Fitting 1 folds for each of 50 candidates, totalling 50 fits
----------
iter: 1
n_candidates: 17
n_resources: 18
Fitting 1 folds for each of 17 candidates, totalling 17 fits
----------
iter: 2
n_candidates: 6
n_resources: 54
Fitting 1 folds for each of 6 candidates, totalling 6 fits
----------
iter: 3
n_candidates: 2
n_resources: 162
Fitting 1 folds for each of 2 candidates, totalling 2 fits
      -> [LinearSVC + Jittering Set 3] Acc: 0.9700, F1: 0.9697, Time: 0.06s
n_iterations: 4
n_required_iterations: 4
n_possible_iterations: 7
min_resources_: 6
max_resources_: 11600
aggressive_elimination: False
factor: 3
----------
iter: 0
n_candidates: 50
n_resources: 6
Fitting 1 folds for each of 50 candidates, totalling 50 fits
----------
iter: 1
n_candidates: 17
n_resources: 18
Fitting 1 folds for each of 17 candidates, totalling 17 fits
----------
iter: 2
n_candidates: 6
n_resources: 54
Fitting 1 folds for each of 6 candidates, totalling 6 fits
----------
iter: 3
n_candidates: 2
n_resources: 162
Fitting 1 folds for each of 2 candidates, totalling 2 fits
      -> [LogisticRegression + Jittering Set 3] Acc: 0.9933, F1: 0.9933, Time: 0.07s
      [!] Failed evaluation with RNN on Jittering Set 3: name 'os' is not defined
    [=== Generating 3x synthetic data with Jittering (Set 4, Params: {'sigma': 0.05}) ===]
n_iterations: 4
n_required_iterations: 4
n_possible_iterations: 7
min_resources_: 6
max_resources_: 11600
aggressive_elimination: False
factor: 3
----------
iter: 0
n_candidates: 50
n_resources: 6
Fitting 1 folds for each of 50 candidates, totalling 50 fits
----------
iter: 1
n_candidates: 17
n_resources: 18
Fitting 1 folds for each of 17 candidates, totalling 17 fits
----------
iter: 2
n_candidates: 6
n_resources: 54
Fitting 1 folds for each of 6 candidates, totalling 6 fits
----------
iter: 3
n_candidates: 2
n_resources: 162
Fitting 1 folds for each of 2 candidates, totalling 2 fits
      -> [KNN + Jittering Set 4] Acc: 0.9867, F1: 0.9867, Time: 0.04s
n_iterations: 4
n_required_iterations: 4
n_possible_iterations: 7
min_resources_: 6
max_resources_: 11600
aggressive_elimination: False
factor: 3
----------
iter: 0
n_candidates: 50
n_resources: 6
Fitting 1 folds for each of 50 candidates, totalling 50 fits
----------
iter: 1
n_candidates: 17
n_resources: 18
Fitting 1 folds for each of 17 candidates, totalling 17 fits
----------
iter: 2
n_candidates: 6
n_resources: 54
Fitting 1 folds for each of 6 candidates, totalling 6 fits
----------
iter: 3
n_candidates: 2
n_resources: 162
Fitting 1 folds for each of 2 candidates, totalling 2 fits
      -> [RandomForest + Jittering Set 4] Acc: 0.9150, F1: 0.9147, Time: 0.54s
n_iterations: 4
n_required_iterations: 4
n_possible_iterations: 7
min_resources_: 6
max_resources_: 11600
aggressive_elimination: False
factor: 3
----------
iter: 0
n_candidates: 50
n_resources: 6
Fitting 1 folds for each of 50 candidates, totalling 50 fits
----------
iter: 1
n_candidates: 17
n_resources: 18
Fitting 1 folds for each of 17 candidates, totalling 17 fits
----------
iter: 2
n_candidates: 6
n_resources: 54
Fitting 1 folds for each of 6 candidates, totalling 6 fits
----------
iter: 3
n_candidates: 2
n_resources: 162
Fitting 1 folds for each of 2 candidates, totalling 2 fits
      -> [LinearSVC + Jittering Set 4] Acc: 0.9933, F1: 0.9933, Time: 0.06s
n_iterations: 4
n_required_iterations: 4
n_possible_iterations: 7
min_resources_: 6
max_resources_: 11600
aggressive_elimination: False
factor: 3
----------
iter: 0
n_candidates: 50
n_resources: 6
Fitting 1 folds for each of 50 candidates, totalling 50 fits
----------
iter: 1
n_candidates: 17
n_resources: 18
Fitting 1 folds for each of 17 candidates, totalling 17 fits
----------
iter: 2
n_candidates: 6
n_resources: 54
Fitting 1 folds for each of 6 candidates, totalling 6 fits
----------
iter: 3
n_candidates: 2
n_resources: 162
Fitting 1 folds for each of 2 candidates, totalling 2 fits
      -> [LogisticRegression + Jittering Set 4] Acc: 0.9950, F1: 0.9950, Time: 0.10s
      [!] Failed evaluation with RNN on Jittering Set 4: name 'os' is not defined
    [=== Generating 3x synthetic data with Jittering (Set 5, Params: {'sigma': 0.15}) ===]
n_iterations: 4
n_required_iterations: 4
n_possible_iterations: 7
min_resources_: 6
max_resources_: 11600
aggressive_elimination: False
factor: 3
----------
iter: 0
n_candidates: 50
n_resources: 6
Fitting 1 folds for each of 50 candidates, totalling 50 fits
----------
iter: 1
n_candidates: 17
n_resources: 18
Fitting 1 folds for each of 17 candidates, totalling 17 fits
----------
iter: 2
n_candidates: 6
n_resources: 54
Fitting 1 folds for each of 6 candidates, totalling 6 fits
----------
iter: 3
n_candidates: 2
n_resources: 162
Fitting 1 folds for each of 2 candidates, totalling 2 fits
      -> [KNN + Jittering Set 5] Acc: 0.9850, F1: 0.9851, Time: 0.03s
n_iterations: 4
n_required_iterations: 4
n_possible_iterations: 7
min_resources_: 6
max_resources_: 11600
aggressive_elimination: False
factor: 3
----------
iter: 0
n_candidates: 50
n_resources: 6
Fitting 1 folds for each of 50 candidates, totalling 50 fits
----------
iter: 1
n_candidates: 17
n_resources: 18
Fitting 1 folds for each of 17 candidates, totalling 17 fits
----------
iter: 2
n_candidates: 6
n_resources: 54
Fitting 1 folds for each of 6 candidates, totalling 6 fits
----------
iter: 3
n_candidates: 2
n_resources: 162
Fitting 1 folds for each of 2 candidates, totalling 2 fits
      -> [RandomForest + Jittering Set 5] Acc: 0.9517, F1: 0.9515, Time: 1.95s
n_iterations: 4
n_required_iterations: 4
n_possible_iterations: 7
min_resources_: 6
max_resources_: 11600
aggressive_elimination: False
factor: 3
----------
iter: 0
n_candidates: 50
n_resources: 6
Fitting 1 folds for each of 50 candidates, totalling 50 fits
----------
iter: 1
n_candidates: 17
n_resources: 18
Fitting 1 folds for each of 17 candidates, totalling 17 fits
----------
iter: 2
n_candidates: 6
n_resources: 54
Fitting 1 folds for each of 6 candidates, totalling 6 fits
----------
iter: 3
n_candidates: 2
n_resources: 162
Fitting 1 folds for each of 2 candidates, totalling 2 fits
      -> [LinearSVC + Jittering Set 5] Acc: 0.9750, F1: 0.9748, Time: 0.08s
n_iterations: 4
n_required_iterations: 4
n_possible_iterations: 7
min_resources_: 6
max_resources_: 11600
aggressive_elimination: False
factor: 3
----------
iter: 0
n_candidates: 50
n_resources: 6
Fitting 1 folds for each of 50 candidates, totalling 50 fits
----------
iter: 1
n_candidates: 17
n_resources: 18
Fitting 1 folds for each of 17 candidates, totalling 17 fits
----------
iter: 2
n_candidates: 6
n_resources: 54
Fitting 1 folds for each of 6 candidates, totalling 6 fits
----------
iter: 3
n_candidates: 2
n_resources: 162
Fitting 1 folds for each of 2 candidates, totalling 2 fits
      -> [LogisticRegression + Jittering Set 5] Acc: 0.9933, F1: 0.9933, Time: 0.05s
      [!] Failed evaluation with RNN on Jittering Set 5: name 'os' is not defined
    [=== Generating 3x synthetic data with Jittering (Set 6, Params: {'sigma': 0.15}) ===]
n_iterations: 4
n_required_iterations: 4
n_possible_iterations: 7
min_resources_: 6
max_resources_: 11600
aggressive_elimination: False
factor: 3
----------
iter: 0
n_candidates: 50
n_resources: 6
Fitting 1 folds for each of 50 candidates, totalling 50 fits
----------
iter: 1
n_candidates: 17
n_resources: 18
Fitting 1 folds for each of 17 candidates, totalling 17 fits
----------
iter: 2
n_candidates: 6
n_resources: 54
Fitting 1 folds for each of 6 candidates, totalling 6 fits
----------
iter: 3
n_candidates: 2
n_resources: 162
Fitting 1 folds for each of 2 candidates, totalling 2 fits
      -> [KNN + Jittering Set 6] Acc: 0.9783, F1: 0.9784, Time: 0.03s
n_iterations: 4
n_required_iterations: 4
n_possible_iterations: 7
min_resources_: 6
max_resources_: 11600
aggressive_elimination: False
factor: 3
----------
iter: 0
n_candidates: 50
n_resources: 6
Fitting 1 folds for each of 50 candidates, totalling 50 fits
----------
iter: 1
n_candidates: 17
n_resources: 18
Fitting 1 folds for each of 17 candidates, totalling 17 fits
----------
iter: 2
n_candidates: 6
n_resources: 54
Fitting 1 folds for each of 6 candidates, totalling 6 fits
----------
iter: 3
n_candidates: 2
n_resources: 162
Fitting 1 folds for each of 2 candidates, totalling 2 fits
      -> [RandomForest + Jittering Set 6] Acc: 0.9233, F1: 0.9231, Time: 0.63s
n_iterations: 4
n_required_iterations: 4
n_possible_iterations: 7
min_resources_: 6
max_resources_: 11600
aggressive_elimination: False
factor: 3
----------
iter: 0
n_candidates: 50
n_resources: 6
Fitting 1 folds for each of 50 candidates, totalling 50 fits
----------
iter: 1
n_candidates: 17
n_resources: 18
Fitting 1 folds for each of 17 candidates, totalling 17 fits
----------
iter: 2
n_candidates: 6
n_resources: 54
Fitting 1 folds for each of 6 candidates, totalling 6 fits
----------
iter: 3
n_candidates: 2
n_resources: 162
Fitting 1 folds for each of 2 candidates, totalling 2 fits
      -> [LinearSVC + Jittering Set 6] Acc: 0.8883, F1: 0.8827, Time: 0.05s
n_iterations: 4
n_required_iterations: 4
n_possible_iterations: 7
min_resources_: 6
max_resources_: 11600
aggressive_elimination: False
factor: 3
----------
iter: 0
n_candidates: 50
n_resources: 6
Fitting 1 folds for each of 50 candidates, totalling 50 fits
----------
iter: 1
n_candidates: 17
n_resources: 18
Fitting 1 folds for each of 17 candidates, totalling 17 fits
----------
iter: 2
n_candidates: 6
n_resources: 54
Fitting 1 folds for each of 6 candidates, totalling 6 fits
----------
iter: 3
n_candidates: 2
n_resources: 162
Fitting 1 folds for each of 2 candidates, totalling 2 fits
      -> [LogisticRegression + Jittering Set 6] Acc: 0.9933, F1: 0.9933, Time: 0.15s
      [!] Failed evaluation with RNN on Jittering Set 6: name 'os' is not defined
    [=== Generating 3x synthetic data with Jittering (Set 7, Params: {'sigma': 0.03}) ===]
n_iterations: 4
n_required_iterations: 4
n_possible_iterations: 7
min_resources_: 6
max_resources_: 11600
aggressive_elimination: False
factor: 3
----------
iter: 0
n_candidates: 50
n_resources: 6
Fitting 1 folds for each of 50 candidates, totalling 50 fits
----------
iter: 1
n_candidates: 17
n_resources: 18
Fitting 1 folds for each of 17 candidates, totalling 17 fits
----------
iter: 2
n_candidates: 6
n_resources: 54
Fitting 1 folds for each of 6 candidates, totalling 6 fits
----------
iter: 3
n_candidates: 2
n_resources: 162
Fitting 1 folds for each of 2 candidates, totalling 2 fits
      -> [KNN + Jittering Set 7] Acc: 0.9883, F1: 0.9884, Time: 0.04s
n_iterations: 4
n_required_iterations: 4
n_possible_iterations: 7
min_resources_: 6
max_resources_: 11600
aggressive_elimination: False
factor: 3
----------
iter: 0
n_candidates: 50
n_resources: 6
Fitting 1 folds for each of 50 candidates, totalling 50 fits
----------
iter: 1
n_candidates: 17
n_resources: 18
Fitting 1 folds for each of 17 candidates, totalling 17 fits
----------
iter: 2
n_candidates: 6
n_resources: 54
Fitting 1 folds for each of 6 candidates, totalling 6 fits
----------
iter: 3
n_candidates: 2
n_resources: 162
Fitting 1 folds for each of 2 candidates, totalling 2 fits
      -> [RandomForest + Jittering Set 7] Acc: 0.9000, F1: 0.9007, Time: 0.53s
n_iterations: 4
n_required_iterations: 4
n_possible_iterations: 7
min_resources_: 6
max_resources_: 11600
aggressive_elimination: False
factor: 3
----------
iter: 0
n_candidates: 50
n_resources: 6
Fitting 1 folds for each of 50 candidates, totalling 50 fits
----------
iter: 1
n_candidates: 17
n_resources: 18
Fitting 1 folds for each of 17 candidates, totalling 17 fits
----------
iter: 2
n_candidates: 6
n_resources: 54
Fitting 1 folds for each of 6 candidates, totalling 6 fits
----------
iter: 3
n_candidates: 2
n_resources: 162
Fitting 1 folds for each of 2 candidates, totalling 2 fits
      -> [LinearSVC + Jittering Set 7] Acc: 0.9933, F1: 0.9933, Time: 0.07s
n_iterations: 4
n_required_iterations: 4
n_possible_iterations: 7
min_resources_: 6
max_resources_: 11600
aggressive_elimination: False
factor: 3
----------
iter: 0
n_candidates: 50
n_resources: 6
Fitting 1 folds for each of 50 candidates, totalling 50 fits
----------
iter: 1
n_candidates: 17
n_resources: 18
Fitting 1 folds for each of 17 candidates, totalling 17 fits
----------
iter: 2
n_candidates: 6
n_resources: 54
Fitting 1 folds for each of 6 candidates, totalling 6 fits
----------
iter: 3
n_candidates: 2
n_resources: 162
Fitting 1 folds for each of 2 candidates, totalling 2 fits
      -> [LogisticRegression + Jittering Set 7] Acc: 0.9950, F1: 0.9950, Time: 0.30s
      [!] Failed evaluation with RNN on Jittering Set 7: name 'os' is not defined
    [=== Generating 3x synthetic data with Jittering (Set 8, Params: {'sigma': 0.05}) ===]
n_iterations: 4
n_required_iterations: 4
n_possible_iterations: 7
min_resources_: 6
max_resources_: 11600
aggressive_elimination: False
factor: 3
----------
iter: 0
n_candidates: 50
n_resources: 6
Fitting 1 folds for each of 50 candidates, totalling 50 fits
----------
iter: 1
n_candidates: 17
n_resources: 18
Fitting 1 folds for each of 17 candidates, totalling 17 fits
----------
iter: 2
n_candidates: 6
n_resources: 54
Fitting 1 folds for each of 6 candidates, totalling 6 fits
----------
iter: 3
n_candidates: 2
n_resources: 162
Fitting 1 folds for each of 2 candidates, totalling 2 fits
      -> [KNN + Jittering Set 8] Acc: 0.9817, F1: 0.9817, Time: 0.03s
n_iterations: 4
n_required_iterations: 4
n_possible_iterations: 7
min_resources_: 6
max_resources_: 11600
aggressive_elimination: False
factor: 3
----------
iter: 0
n_candidates: 50
n_resources: 6
Fitting 1 folds for each of 50 candidates, totalling 50 fits
----------
iter: 1
n_candidates: 17
n_resources: 18
Fitting 1 folds for each of 17 candidates, totalling 17 fits
----------
iter: 2
n_candidates: 6
n_resources: 54
Fitting 1 folds for each of 6 candidates, totalling 6 fits
----------
iter: 3
n_candidates: 2
n_resources: 162
Fitting 1 folds for each of 2 candidates, totalling 2 fits
      -> [RandomForest + Jittering Set 8] Acc: 0.9100, F1: 0.9099, Time: 0.55s
n_iterations: 4
n_required_iterations: 4
n_possible_iterations: 7
min_resources_: 6
max_resources_: 11600
aggressive_elimination: False
factor: 3
----------
iter: 0
n_candidates: 50
n_resources: 6
Fitting 1 folds for each of 50 candidates, totalling 50 fits
----------
iter: 1
n_candidates: 17
n_resources: 18
Fitting 1 folds for each of 17 candidates, totalling 17 fits
----------
iter: 2
n_candidates: 6
n_resources: 54
Fitting 1 folds for each of 6 candidates, totalling 6 fits
----------
iter: 3
n_candidates: 2
n_resources: 162
Fitting 1 folds for each of 2 candidates, totalling 2 fits
      -> [LinearSVC + Jittering Set 8] Acc: 0.9933, F1: 0.9933, Time: 0.07s
n_iterations: 4
n_required_iterations: 4
n_possible_iterations: 7
min_resources_: 6
max_resources_: 11600
aggressive_elimination: False
factor: 3
----------
iter: 0
n_candidates: 50
n_resources: 6
Fitting 1 folds for each of 50 candidates, totalling 50 fits
----------
iter: 1
n_candidates: 17
n_resources: 18
Fitting 1 folds for each of 17 candidates, totalling 17 fits
----------
iter: 2
n_candidates: 6
n_resources: 54
Fitting 1 folds for each of 6 candidates, totalling 6 fits
----------
iter: 3
n_candidates: 2
n_resources: 162
Fitting 1 folds for each of 2 candidates, totalling 2 fits
      -> [LogisticRegression + Jittering Set 8] Acc: 0.9950, F1: 0.9950, Time: 0.12s
      [!] Failed evaluation with RNN on Jittering Set 8: name 'os' is not defined
    [=== Generating 3x synthetic data with Jittering (Set 9, Params: {'sigma': 0.05}) ===]
n_iterations: 4
n_required_iterations: 4
n_possible_iterations: 7
min_resources_: 6
max_resources_: 11600
aggressive_elimination: False
factor: 3
----------
iter: 0
n_candidates: 50
n_resources: 6
Fitting 1 folds for each of 50 candidates, totalling 50 fits
----------
iter: 1
n_candidates: 17
n_resources: 18
Fitting 1 folds for each of 17 candidates, totalling 17 fits
----------
iter: 2
n_candidates: 6
n_resources: 54
Fitting 1 folds for each of 6 candidates, totalling 6 fits
----------
iter: 3
n_candidates: 2
n_resources: 162
Fitting 1 folds for each of 2 candidates, totalling 2 fits
      -> [KNN + Jittering Set 9] Acc: 0.9850, F1: 0.9851, Time: 0.03s
n_iterations: 4
n_required_iterations: 4
n_possible_iterations: 7
min_resources_: 6
max_resources_: 11600
aggressive_elimination: False
factor: 3
----------
iter: 0
n_candidates: 50
n_resources: 6
Fitting 1 folds for each of 50 candidates, totalling 50 fits
----------
iter: 1
n_candidates: 17
n_resources: 18
Fitting 1 folds for each of 17 candidates, totalling 17 fits
----------
iter: 2
n_candidates: 6
n_resources: 54
Fitting 1 folds for each of 6 candidates, totalling 6 fits
----------
iter: 3
n_candidates: 2
n_resources: 162
Fitting 1 folds for each of 2 candidates, totalling 2 fits
      -> [RandomForest + Jittering Set 9] Acc: 0.9133, F1: 0.9135, Time: 1.90s
n_iterations: 4
n_required_iterations: 4
n_possible_iterations: 7
min_resources_: 6
max_resources_: 11600
aggressive_elimination: False
factor: 3
----------
iter: 0
n_candidates: 50
n_resources: 6
Fitting 1 folds for each of 50 candidates, totalling 50 fits
----------
iter: 1
n_candidates: 17
n_resources: 18
Fitting 1 folds for each of 17 candidates, totalling 17 fits
----------
iter: 2
n_candidates: 6
n_resources: 54
Fitting 1 folds for each of 6 candidates, totalling 6 fits
----------
iter: 3
n_candidates: 2
n_resources: 162
Fitting 1 folds for each of 2 candidates, totalling 2 fits
      -> [LinearSVC + Jittering Set 9] Acc: 0.9933, F1: 0.9933, Time: 0.06s
n_iterations: 4
n_required_iterations: 4
n_possible_iterations: 7
min_resources_: 6
max_resources_: 11600
aggressive_elimination: False
factor: 3
----------
iter: 0
n_candidates: 50
n_resources: 6
Fitting 1 folds for each of 50 candidates, totalling 50 fits
----------
iter: 1
n_candidates: 17
n_resources: 18
Fitting 1 folds for each of 17 candidates, totalling 17 fits
----------
iter: 2
n_candidates: 6
n_resources: 54
Fitting 1 folds for each of 6 candidates, totalling 6 fits
----------
iter: 3
n_candidates: 2
n_resources: 162
Fitting 1 folds for each of 2 candidates, totalling 2 fits
      -> [LogisticRegression + Jittering Set 9] Acc: 0.9950, F1: 0.9950, Time: 0.20s
      [!] Failed evaluation with RNN on Jittering Set 9: name 'os' is not defined
    [=== Generating 3x synthetic data with Jittering (Set 10, Params: {'sigma': 0.05}) ===]
n_iterations: 4
n_required_iterations: 4
n_possible_iterations: 7
min_resources_: 6
max_resources_: 11600
aggressive_elimination: False
factor: 3
----------
iter: 0
n_candidates: 50
n_resources: 6
Fitting 1 folds for each of 50 candidates, totalling 50 fits
----------
iter: 1
n_candidates: 17
n_resources: 18
Fitting 1 folds for each of 17 candidates, totalling 17 fits
----------
iter: 2
n_candidates: 6
n_resources: 54
Fitting 1 folds for each of 6 candidates, totalling 6 fits
----------
iter: 3
n_candidates: 2
n_resources: 162
Fitting 1 folds for each of 2 candidates, totalling 2 fits
      -> [KNN + Jittering Set 10] Acc: 0.9883, F1: 0.9884, Time: 0.04s
n_iterations: 4
n_required_iterations: 4
n_possible_iterations: 7
min_resources_: 6
max_resources_: 11600
aggressive_elimination: False
factor: 3
----------
iter: 0
n_candidates: 50
n_resources: 6
Fitting 1 folds for each of 50 candidates, totalling 50 fits
----------
iter: 1
n_candidates: 17
n_resources: 18
Fitting 1 folds for each of 17 candidates, totalling 17 fits
----------
iter: 2
n_candidates: 6
n_resources: 54
Fitting 1 folds for each of 6 candidates, totalling 6 fits
----------
iter: 3
n_candidates: 2
n_resources: 162
Fitting 1 folds for each of 2 candidates, totalling 2 fits
      -> [RandomForest + Jittering Set 10] Acc: 0.9050, F1: 0.9054, Time: 1.65s
n_iterations: 4
n_required_iterations: 4
n_possible_iterations: 7
min_resources_: 6
max_resources_: 11600
aggressive_elimination: False
factor: 3
----------
iter: 0
n_candidates: 50
n_resources: 6
Fitting 1 folds for each of 50 candidates, totalling 50 fits
----------
iter: 1
n_candidates: 17
n_resources: 18
Fitting 1 folds for each of 17 candidates, totalling 17 fits
----------
iter: 2
n_candidates: 6
n_resources: 54
Fitting 1 folds for each of 6 candidates, totalling 6 fits
----------
iter: 3
n_candidates: 2
n_resources: 162
Fitting 1 folds for each of 2 candidates, totalling 2 fits
      -> [LinearSVC + Jittering Set 10] Acc: 0.9933, F1: 0.9933, Time: 0.06s
n_iterations: 4
n_required_iterations: 4
n_possible_iterations: 7
min_resources_: 6
max_resources_: 11600
aggressive_elimination: False
factor: 3
----------
iter: 0
n_candidates: 50
n_resources: 6
Fitting 1 folds for each of 50 candidates, totalling 50 fits
----------
iter: 1
n_candidates: 17
n_resources: 18
Fitting 1 folds for each of 17 candidates, totalling 17 fits
----------
iter: 2
n_candidates: 6
n_resources: 54
Fitting 1 folds for each of 6 candidates, totalling 6 fits
----------
iter: 3
n_candidates: 2
n_resources: 162
Fitting 1 folds for each of 2 candidates, totalling 2 fits
      -> [LogisticRegression + Jittering Set 10] Acc: 0.9950, F1: 0.9950, Time: 0.13s
      [!] Failed evaluation with RNN on Jittering Set 10: name 'os' is not defined
    [=== Generating 5x synthetic data with Jittering (Set 1, Params: {'sigma': 0.03}) ===]
n_iterations: 4
n_required_iterations: 4
n_possible_iterations: 8
min_resources_: 6
max_resources_: 17400
aggressive_elimination: False
factor: 3
----------
iter: 0
n_candidates: 50
n_resources: 6
Fitting 1 folds for each of 50 candidates, totalling 50 fits
      -> [KNN + Jittering Set 1] Acc: 0.9783, F1: 0.9783, Time: 0.05s
n_iterations: 4
n_required_iterations: 4
n_possible_iterations: 8
min_resources_: 6
max_resources_: 17400
aggressive_elimination: False
factor: 3
----------
iter: 0
n_candidates: 50
n_resources: 6
Fitting 1 folds for each of 50 candidates, totalling 50 fits
      -> [RandomForest + Jittering Set 1] Acc: 0.8900, F1: 0.8908, Time: 1.76s
n_iterations: 4
n_required_iterations: 4
n_possible_iterations: 8
min_resources_: 6
max_resources_: 17400
aggressive_elimination: False
factor: 3
----------
iter: 0
n_candidates: 50
n_resources: 6
Fitting 1 folds for each of 50 candidates, totalling 50 fits
      -> [LinearSVC + Jittering Set 1] Acc: 0.9933, F1: 0.9933, Time: 0.04s
n_iterations: 4
n_required_iterations: 4
n_possible_iterations: 8
min_resources_: 6
max_resources_: 17400
aggressive_elimination: False
factor: 3
----------
iter: 0
n_candidates: 50
n_resources: 6
Fitting 1 folds for each of 50 candidates, totalling 50 fits
      -> [LogisticRegression + Jittering Set 1] Acc: 0.9950, F1: 0.9950, Time: 0.17s
      [!] Failed evaluation with RNN on Jittering Set 1: name 'os' is not defined
    [=== Generating 5x synthetic data with Jittering (Set 2, Params: {'sigma': 0.1}) ===]
n_iterations: 4
n_required_iterations: 4
n_possible_iterations: 8
min_resources_: 6
max_resources_: 17400
aggressive_elimination: False
factor: 3
----------
iter: 0
n_candidates: 50
n_resources: 6
Fitting 1 folds for each of 50 candidates, totalling 50 fits
      -> [KNN + Jittering Set 2] Acc: 0.9733, F1: 0.9733, Time: 0.05s
n_iterations: 4
n_required_iterations: 4
n_possible_iterations: 8
min_resources_: 6
max_resources_: 17400
aggressive_elimination: False
factor: 3
----------
iter: 0
n_candidates: 50
n_resources: 6
Fitting 1 folds for each of 50 candidates, totalling 50 fits
      -> [RandomForest + Jittering Set 2] Acc: 0.9500, F1: 0.9500, Time: 2.23s
n_iterations: 4
n_required_iterations: 4
n_possible_iterations: 8
min_resources_: 6
max_resources_: 17400
aggressive_elimination: False
factor: 3
----------
iter: 0
n_candidates: 50
n_resources: 6
Fitting 1 folds for each of 50 candidates, totalling 50 fits
      -> [LinearSVC + Jittering Set 2] Acc: 0.9933, F1: 0.9933, Time: 0.05s
n_iterations: 4
n_required_iterations: 4
n_possible_iterations: 8
min_resources_: 6
max_resources_: 17400
aggressive_elimination: False
factor: 3
----------
iter: 0
n_candidates: 50
n_resources: 6
Fitting 1 folds for each of 50 candidates, totalling 50 fits
      -> [LogisticRegression + Jittering Set 2] Acc: 0.9933, F1: 0.9933, Time: 0.23s
      [!] Failed evaluation with RNN on Jittering Set 2: name 'os' is not defined
    [=== Generating 5x synthetic data with Jittering (Set 3, Params: {'sigma': 0.15}) ===]
n_iterations: 4
n_required_iterations: 4
n_possible_iterations: 8
min_resources_: 6
max_resources_: 17400
aggressive_elimination: False
factor: 3
----------
iter: 0
n_candidates: 50
n_resources: 6
Fitting 1 folds for each of 50 candidates, totalling 50 fits
      -> [KNN + Jittering Set 3] Acc: 0.9800, F1: 0.9799, Time: 0.05s
n_iterations: 4
n_required_iterations: 4
n_possible_iterations: 8
min_resources_: 6
max_resources_: 17400
aggressive_elimination: False
factor: 3
----------
iter: 0
n_candidates: 50
n_resources: 6
Fitting 1 folds for each of 50 candidates, totalling 50 fits
      -> [RandomForest + Jittering Set 3] Acc: 0.9617, F1: 0.9616, Time: 2.33s
n_iterations: 4
n_required_iterations: 4
n_possible_iterations: 8
min_resources_: 6
max_resources_: 17400
aggressive_elimination: False
factor: 3
----------
iter: 0
n_candidates: 50
n_resources: 6
Fitting 1 folds for each of 50 candidates, totalling 50 fits
      -> [LinearSVC + Jittering Set 3] Acc: 0.9733, F1: 0.9731, Time: 0.03s
n_iterations: 4
n_required_iterations: 4
n_possible_iterations: 8
min_resources_: 6
max_resources_: 17400
aggressive_elimination: False
factor: 3
----------
iter: 0
n_candidates: 50
n_resources: 6
Fitting 1 folds for each of 50 candidates, totalling 50 fits
      -> [LogisticRegression + Jittering Set 3] Acc: 0.9933, F1: 0.9933, Time: 0.09s
      [!] Failed evaluation with RNN on Jittering Set 3: name 'os' is not defined
    [=== Generating 5x synthetic data with Jittering (Set 4, Params: {'sigma': 0.05}) ===]
n_iterations: 4
n_required_iterations: 4
n_possible_iterations: 8
min_resources_: 6
max_resources_: 17400
aggressive_elimination: False
factor: 3
----------
iter: 0
n_candidates: 50
n_resources: 6
Fitting 1 folds for each of 50 candidates, totalling 50 fits
      -> [KNN + Jittering Set 4] Acc: 0.9767, F1: 0.9766, Time: 0.05s
n_iterations: 4
n_required_iterations: 4
n_possible_iterations: 8
min_resources_: 6
max_resources_: 17400
aggressive_elimination: False
factor: 3
----------
iter: 0
n_candidates: 50
n_resources: 6
Fitting 1 folds for each of 50 candidates, totalling 50 fits
      -> [RandomForest + Jittering Set 4] Acc: 0.9000, F1: 0.9005, Time: 1.86s
n_iterations: 4
n_required_iterations: 4
n_possible_iterations: 8
min_resources_: 6
max_resources_: 17400
aggressive_elimination: False
factor: 3
----------
iter: 0
n_candidates: 50
n_resources: 6
Fitting 1 folds for each of 50 candidates, totalling 50 fits
      -> [LinearSVC + Jittering Set 4] Acc: 0.9933, F1: 0.9933, Time: 0.04s
n_iterations: 4
n_required_iterations: 4
n_possible_iterations: 8
min_resources_: 6
max_resources_: 17400
aggressive_elimination: False
factor: 3
----------
iter: 0
n_candidates: 50
n_resources: 6
Fitting 1 folds for each of 50 candidates, totalling 50 fits
      -> [LogisticRegression + Jittering Set 4] Acc: 0.9933, F1: 0.9933, Time: 0.16s
      [!] Failed evaluation with RNN on Jittering Set 4: name 'os' is not defined
    [=== Generating 5x synthetic data with Jittering (Set 5, Params: {'sigma': 0.15}) ===]
n_iterations: 4
n_required_iterations: 4
n_possible_iterations: 8
min_resources_: 6
max_resources_: 17400
aggressive_elimination: False
factor: 3
----------
iter: 0
n_candidates: 50
n_resources: 6
Fitting 1 folds for each of 50 candidates, totalling 50 fits
      -> [KNN + Jittering Set 5] Acc: 0.9633, F1: 0.9633, Time: 0.05s
n_iterations: 4
n_required_iterations: 4
n_possible_iterations: 8
min_resources_: 6
max_resources_: 17400
aggressive_elimination: False
factor: 3
----------
iter: 0
n_candidates: 50
n_resources: 6
Fitting 1 folds for each of 50 candidates, totalling 50 fits
      -> [RandomForest + Jittering Set 5] Acc: 0.9583, F1: 0.9582, Time: 2.27s
n_iterations: 4
n_required_iterations: 4
n_possible_iterations: 8
min_resources_: 6
max_resources_: 17400
aggressive_elimination: False
factor: 3
----------
iter: 0
n_candidates: 50
n_resources: 6
Fitting 1 folds for each of 50 candidates, totalling 50 fits
      -> [LinearSVC + Jittering Set 5] Acc: 0.9717, F1: 0.9714, Time: 0.03s
n_iterations: 4
n_required_iterations: 4
n_possible_iterations: 8
min_resources_: 6
max_resources_: 17400
aggressive_elimination: False
factor: 3
----------
iter: 0
n_candidates: 50
n_resources: 6
Fitting 1 folds for each of 50 candidates, totalling 50 fits
      -> [LogisticRegression + Jittering Set 5] Acc: 0.9933, F1: 0.9933, Time: 0.09s
      [!] Failed evaluation with RNN on Jittering Set 5: name 'os' is not defined
    [=== Generating 5x synthetic data with Jittering (Set 6, Params: {'sigma': 0.15}) ===]
n_iterations: 4
n_required_iterations: 4
n_possible_iterations: 8
min_resources_: 6
max_resources_: 17400
aggressive_elimination: False
factor: 3
----------
iter: 0
n_candidates: 50
n_resources: 6
Fitting 1 folds for each of 50 candidates, totalling 50 fits
      -> [KNN + Jittering Set 6] Acc: 0.9667, F1: 0.9666, Time: 0.05s
n_iterations: 4
n_required_iterations: 4
n_possible_iterations: 8
min_resources_: 6
max_resources_: 17400
aggressive_elimination: False
factor: 3
----------
iter: 0
n_candidates: 50
n_resources: 6
Fitting 1 folds for each of 50 candidates, totalling 50 fits
      -> [RandomForest + Jittering Set 6] Acc: 0.9333, F1: 0.9336, Time: 2.35s
n_iterations: 4
n_required_iterations: 4
n_possible_iterations: 8
min_resources_: 6
max_resources_: 17400
aggressive_elimination: False
factor: 3
----------
iter: 0
n_candidates: 50
n_resources: 6
Fitting 1 folds for each of 50 candidates, totalling 50 fits
      -> [LinearSVC + Jittering Set 6] Acc: 0.9750, F1: 0.9748, Time: 0.04s
n_iterations: 4
n_required_iterations: 4
n_possible_iterations: 8
min_resources_: 6
max_resources_: 17400
aggressive_elimination: False
factor: 3
----------
iter: 0
n_candidates: 50
n_resources: 6
Fitting 1 folds for each of 50 candidates, totalling 50 fits
      -> [LogisticRegression + Jittering Set 6] Acc: 0.9917, F1: 0.9917, Time: 0.09s
      [!] Failed evaluation with RNN on Jittering Set 6: name 'os' is not defined
    [=== Generating 5x synthetic data with Jittering (Set 7, Params: {'sigma': 0.03}) ===]
n_iterations: 4
n_required_iterations: 4
n_possible_iterations: 8
min_resources_: 6
max_resources_: 17400
aggressive_elimination: False
factor: 3
----------
iter: 0
n_candidates: 50
n_resources: 6
Fitting 1 folds for each of 50 candidates, totalling 50 fits
      -> [KNN + Jittering Set 7] Acc: 0.9783, F1: 0.9783, Time: 0.05s
n_iterations: 4
n_required_iterations: 4
n_possible_iterations: 8
min_resources_: 6
max_resources_: 17400
aggressive_elimination: False
factor: 3
----------
iter: 0
n_candidates: 50
n_resources: 6
Fitting 1 folds for each of 50 candidates, totalling 50 fits
      -> [RandomForest + Jittering Set 7] Acc: 0.8950, F1: 0.8957, Time: 1.98s
n_iterations: 4
n_required_iterations: 4
n_possible_iterations: 8
min_resources_: 6
max_resources_: 17400
aggressive_elimination: False
factor: 3
----------
iter: 0
n_candidates: 50
n_resources: 6
Fitting 1 folds for each of 50 candidates, totalling 50 fits
      -> [LinearSVC + Jittering Set 7] Acc: 0.9933, F1: 0.9933, Time: 0.05s
n_iterations: 4
n_required_iterations: 4
n_possible_iterations: 8
min_resources_: 6
max_resources_: 17400
aggressive_elimination: False
factor: 3
----------
iter: 0
n_candidates: 50
n_resources: 6
Fitting 1 folds for each of 50 candidates, totalling 50 fits
      -> [LogisticRegression + Jittering Set 7] Acc: 0.9950, F1: 0.9950, Time: 0.33s
      [!] Failed evaluation with RNN on Jittering Set 7: name 'os' is not defined
    [=== Generating 5x synthetic data with Jittering (Set 8, Params: {'sigma': 0.05}) ===]
n_iterations: 4
n_required_iterations: 4
n_possible_iterations: 8
min_resources_: 6
max_resources_: 17400
aggressive_elimination: False
factor: 3
----------
iter: 0
n_candidates: 50
n_resources: 6
Fitting 1 folds for each of 50 candidates, totalling 50 fits
      -> [KNN + Jittering Set 8] Acc: 0.9800, F1: 0.9799, Time: 0.05s
n_iterations: 4
n_required_iterations: 4
n_possible_iterations: 8
min_resources_: 6
max_resources_: 17400
aggressive_elimination: False
factor: 3
----------
iter: 0
n_candidates: 50
n_resources: 6
Fitting 1 folds for each of 50 candidates, totalling 50 fits
      -> [RandomForest + Jittering Set 8] Acc: 0.9100, F1: 0.9103, Time: 2.05s
n_iterations: 4
n_required_iterations: 4
n_possible_iterations: 8
min_resources_: 6
max_resources_: 17400
aggressive_elimination: False
factor: 3
----------
iter: 0
n_candidates: 50
n_resources: 6
Fitting 1 folds for each of 50 candidates, totalling 50 fits
      -> [LinearSVC + Jittering Set 8] Acc: 0.9933, F1: 0.9933, Time: 0.04s
n_iterations: 4
n_required_iterations: 4
n_possible_iterations: 8
min_resources_: 6
max_resources_: 17400
aggressive_elimination: False
factor: 3
----------
iter: 0
n_candidates: 50
n_resources: 6
Fitting 1 folds for each of 50 candidates, totalling 50 fits
      -> [LogisticRegression + Jittering Set 8] Acc: 0.9933, F1: 0.9933, Time: 0.17s
      [!] Failed evaluation with RNN on Jittering Set 8: name 'os' is not defined
    [=== Generating 5x synthetic data with Jittering (Set 9, Params: {'sigma': 0.05}) ===]
n_iterations: 4
n_required_iterations: 4
n_possible_iterations: 8
min_resources_: 6
max_resources_: 17400
aggressive_elimination: False
factor: 3
----------
iter: 0
n_candidates: 50
n_resources: 6
Fitting 1 folds for each of 50 candidates, totalling 50 fits
      -> [KNN + Jittering Set 9] Acc: 0.9733, F1: 0.9733, Time: 0.05s
n_iterations: 4
n_required_iterations: 4
n_possible_iterations: 8
min_resources_: 6
max_resources_: 17400
aggressive_elimination: False
factor: 3
----------
iter: 0
n_candidates: 50
n_resources: 6
Fitting 1 folds for each of 50 candidates, totalling 50 fits
      -> [RandomForest + Jittering Set 9] Acc: 0.9167, F1: 0.9171, Time: 2.03s
n_iterations: 4
n_required_iterations: 4
n_possible_iterations: 8
min_resources_: 6
max_resources_: 17400
aggressive_elimination: False
factor: 3
----------
iter: 0
n_candidates: 50
n_resources: 6
Fitting 1 folds for each of 50 candidates, totalling 50 fits
      -> [LinearSVC + Jittering Set 9] Acc: 0.9933, F1: 0.9933, Time: 0.05s
n_iterations: 4
n_required_iterations: 4
n_possible_iterations: 8
min_resources_: 6
max_resources_: 17400
aggressive_elimination: False
factor: 3
----------
iter: 0
n_candidates: 50
n_resources: 6
Fitting 1 folds for each of 50 candidates, totalling 50 fits
      -> [LogisticRegression + Jittering Set 9] Acc: 0.9933, F1: 0.9933, Time: 0.55s
      [!] Failed evaluation with RNN on Jittering Set 9: name 'os' is not defined
    [=== Generating 5x synthetic data with Jittering (Set 10, Params: {'sigma': 0.05}) ===]
n_iterations: 4
n_required_iterations: 4
n_possible_iterations: 8
min_resources_: 6
max_resources_: 17400
aggressive_elimination: False
factor: 3
----------
iter: 0
n_candidates: 50
n_resources: 6
Fitting 1 folds for each of 50 candidates, totalling 50 fits
      -> [KNN + Jittering Set 10] Acc: 0.9733, F1: 0.9733, Time: 0.09s
n_iterations: 4
n_required_iterations: 4
n_possible_iterations: 8
min_resources_: 6
max_resources_: 17400
aggressive_elimination: False
factor: 3
----------
iter: 0
n_candidates: 50
n_resources: 6
Fitting 1 folds for each of 50 candidates, totalling 50 fits
      -> [RandomForest + Jittering Set 10] Acc: 0.9067, F1: 0.9069, Time: 1.91s
n_iterations: 4
n_required_iterations: 4
n_possible_iterations: 8
min_resources_: 6
max_resources_: 17400
aggressive_elimination: False
factor: 3
----------
iter: 0
n_candidates: 50
n_resources: 6
Fitting 1 folds for each of 50 candidates, totalling 50 fits
      -> [LinearSVC + Jittering Set 10] Acc: 0.9933, F1: 0.9933, Time: 0.04s
n_iterations: 4
n_required_iterations: 4
n_possible_iterations: 8
min_resources_: 6
max_resources_: 17400
aggressive_elimination: False
factor: 3
----------
iter: 0
n_candidates: 50
n_resources: 6
Fitting 1 folds for each of 50 candidates, totalling 50 fits
      -> [LogisticRegression + Jittering Set 10] Acc: 0.9933, F1: 0.9933, Time: 0.16s
      [!] Failed evaluation with RNN on Jittering Set 10: name 'os' is not defined
    [=== Generating 10x synthetic data with Jittering (Set 1, Params: {'sigma': 0.03}) ===]
n_iterations: 4
n_required_iterations: 4
n_possible_iterations: 8
min_resources_: 6
max_resources_: 31900
aggressive_elimination: False
factor: 3
----------
iter: 0
n_candidates: 50
n_resources: 6
Fitting 1 folds for each of 50 candidates, totalling 50 fits
      -> [KNN + Jittering Set 1] Acc: 0.9767, F1: 0.9767, Time: 0.07s
n_iterations: 4
n_required_iterations: 4
n_possible_iterations: 8
min_resources_: 6
max_resources_: 31900
aggressive_elimination: False
factor: 3
----------
iter: 0
n_candidates: 50
n_resources: 6
Fitting 1 folds for each of 50 candidates, totalling 50 fits
      -> [RandomForest + Jittering Set 1] Acc: 0.9033, F1: 0.9038, Time: 3.83s
n_iterations: 4
n_required_iterations: 4
n_possible_iterations: 8
min_resources_: 6
max_resources_: 31900
aggressive_elimination: False
factor: 3
----------
iter: 0
n_candidates: 50
n_resources: 6
Fitting 1 folds for each of 50 candidates, totalling 50 fits
      -> [LinearSVC + Jittering Set 1] Acc: 0.9917, F1: 0.9917, Time: 0.10s
n_iterations: 4
n_required_iterations: 4
n_possible_iterations: 8
min_resources_: 6
max_resources_: 31900
aggressive_elimination: False
factor: 3
----------
iter: 0
n_candidates: 50
n_resources: 6
Fitting 1 folds for each of 50 candidates, totalling 50 fits
      -> [LogisticRegression + Jittering Set 1] Acc: 0.9950, F1: 0.9950, Time: 0.32s
      [!] Failed evaluation with RNN on Jittering Set 1: name 'os' is not defined
    [=== Generating 10x synthetic data with Jittering (Set 2, Params: {'sigma': 0.1}) ===]
n_iterations: 4
n_required_iterations: 4
n_possible_iterations: 8
min_resources_: 6
max_resources_: 31900
aggressive_elimination: False
factor: 3
----------
iter: 0
n_candidates: 50
n_resources: 6
Fitting 1 folds for each of 50 candidates, totalling 50 fits
      -> [KNN + Jittering Set 2] Acc: 0.9800, F1: 0.9799, Time: 0.07s
n_iterations: 4
n_required_iterations: 4
n_possible_iterations: 8
min_resources_: 6
max_resources_: 31900
aggressive_elimination: False
factor: 3
----------
iter: 0
n_candidates: 50
n_resources: 6
Fitting 1 folds for each of 50 candidates, totalling 50 fits
      -> [RandomForest + Jittering Set 2] Acc: 0.9517, F1: 0.9516, Time: 4.89s
n_iterations: 4
n_required_iterations: 4
n_possible_iterations: 8
min_resources_: 6
max_resources_: 31900
aggressive_elimination: False
factor: 3
----------
iter: 0
n_candidates: 50
n_resources: 6
Fitting 1 folds for each of 50 candidates, totalling 50 fits
      -> [LinearSVC + Jittering Set 2] Acc: 0.9917, F1: 0.9916, Time: 0.08s
n_iterations: 4
n_required_iterations: 4
n_possible_iterations: 8
min_resources_: 6
max_resources_: 31900
aggressive_elimination: False
factor: 3
----------
iter: 0
n_candidates: 50
n_resources: 6
Fitting 1 folds for each of 50 candidates, totalling 50 fits
      -> [LogisticRegression + Jittering Set 2] Acc: 0.9933, F1: 0.9933, Time: 0.28s
      [!] Failed evaluation with RNN on Jittering Set 2: name 'os' is not defined
    [=== Generating 10x synthetic data with Jittering (Set 3, Params: {'sigma': 0.15}) ===]
n_iterations: 4
n_required_iterations: 4
n_possible_iterations: 8
min_resources_: 6
max_resources_: 31900
aggressive_elimination: False
factor: 3
----------
iter: 0
n_candidates: 50
n_resources: 6
Fitting 1 folds for each of 50 candidates, totalling 50 fits
      -> [KNN + Jittering Set 3] Acc: 0.9817, F1: 0.9816, Time: 0.07s
n_iterations: 4
n_required_iterations: 4
n_possible_iterations: 8
min_resources_: 6
max_resources_: 31900
aggressive_elimination: False
factor: 3
----------
iter: 0
n_candidates: 50
n_resources: 6
Fitting 1 folds for each of 50 candidates, totalling 50 fits
      -> [RandomForest + Jittering Set 3] Acc: 0.9617, F1: 0.9616, Time: 5.48s
n_iterations: 4
n_required_iterations: 4
n_possible_iterations: 8
min_resources_: 6
max_resources_: 31900
aggressive_elimination: False
factor: 3
----------
iter: 0
n_candidates: 50
n_resources: 6
Fitting 1 folds for each of 50 candidates, totalling 50 fits
      -> [LinearSVC + Jittering Set 3] Acc: 0.9683, F1: 0.9680, Time: 0.07s
n_iterations: 4
n_required_iterations: 4
n_possible_iterations: 8
min_resources_: 6
max_resources_: 31900
aggressive_elimination: False
factor: 3
----------
iter: 0
n_candidates: 50
n_resources: 6
Fitting 1 folds for each of 50 candidates, totalling 50 fits
      -> [LogisticRegression + Jittering Set 3] Acc: 0.9917, F1: 0.9917, Time: 0.17s
      [!] Failed evaluation with RNN on Jittering Set 3: name 'os' is not defined
    [=== Generating 10x synthetic data with Jittering (Set 4, Params: {'sigma': 0.05}) ===]
n_iterations: 4
n_required_iterations: 4
n_possible_iterations: 8
min_resources_: 6
max_resources_: 31900
aggressive_elimination: False
factor: 3
----------
iter: 0
n_candidates: 50
n_resources: 6
Fitting 1 folds for each of 50 candidates, totalling 50 fits
      -> [KNN + Jittering Set 4] Acc: 0.9833, F1: 0.9833, Time: 0.07s
n_iterations: 4
n_required_iterations: 4
n_possible_iterations: 8
min_resources_: 6
max_resources_: 31900
aggressive_elimination: False
factor: 3
----------
iter: 0
n_candidates: 50
n_resources: 6
Fitting 1 folds for each of 50 candidates, totalling 50 fits
      -> [RandomForest + Jittering Set 4] Acc: 0.9183, F1: 0.9188, Time: 4.10s
n_iterations: 4
n_required_iterations: 4
n_possible_iterations: 8
min_resources_: 6
max_resources_: 31900
aggressive_elimination: False
factor: 3
----------
iter: 0
n_candidates: 50
n_resources: 6
Fitting 1 folds for each of 50 candidates, totalling 50 fits
      -> [LinearSVC + Jittering Set 4] Acc: 0.9933, F1: 0.9933, Time: 0.09s
n_iterations: 4
n_required_iterations: 4
n_possible_iterations: 8
min_resources_: 6
max_resources_: 31900
aggressive_elimination: False
factor: 3
----------
iter: 0
n_candidates: 50
n_resources: 6
Fitting 1 folds for each of 50 candidates, totalling 50 fits
      -> [LogisticRegression + Jittering Set 4] Acc: 0.9933, F1: 0.9933, Time: 0.30s
      [!] Failed evaluation with RNN on Jittering Set 4: name 'os' is not defined
    [=== Generating 10x synthetic data with Jittering (Set 5, Params: {'sigma': 0.15}) ===]
n_iterations: 4
n_required_iterations: 4
n_possible_iterations: 8
min_resources_: 6
max_resources_: 31900
aggressive_elimination: False
factor: 3
----------
iter: 0
n_candidates: 50
n_resources: 6
Fitting 1 folds for each of 50 candidates, totalling 50 fits
      -> [KNN + Jittering Set 5] Acc: 0.9717, F1: 0.9716, Time: 0.08s
n_iterations: 4
n_required_iterations: 4
n_possible_iterations: 8
min_resources_: 6
max_resources_: 31900
aggressive_elimination: False
factor: 3
----------
iter: 0
n_candidates: 50
n_resources: 6
Fitting 1 folds for each of 50 candidates, totalling 50 fits
      -> [RandomForest + Jittering Set 5] Acc: 0.9617, F1: 0.9615, Time: 5.32s
n_iterations: 4
n_required_iterations: 4
n_possible_iterations: 8
min_resources_: 6
max_resources_: 31900
aggressive_elimination: False
factor: 3
----------
iter: 0
n_candidates: 50
n_resources: 6
Fitting 1 folds for each of 50 candidates, totalling 50 fits
      -> [LinearSVC + Jittering Set 5] Acc: 0.9717, F1: 0.9714, Time: 0.08s
n_iterations: 4
n_required_iterations: 4
n_possible_iterations: 8
min_resources_: 6
max_resources_: 31900
aggressive_elimination: False
factor: 3
----------
iter: 0
n_candidates: 50
n_resources: 6
Fitting 1 folds for each of 50 candidates, totalling 50 fits
      -> [LogisticRegression + Jittering Set 5] Acc: 0.9917, F1: 0.9917, Time: 0.16s
      [!] Failed evaluation with RNN on Jittering Set 5: name 'os' is not defined
    [=== Generating 10x synthetic data with Jittering (Set 6, Params: {'sigma': 0.15}) ===]
n_iterations: 4
n_required_iterations: 4
n_possible_iterations: 8
min_resources_: 6
max_resources_: 31900
aggressive_elimination: False
factor: 3
----------
iter: 0
n_candidates: 50
n_resources: 6
Fitting 1 folds for each of 50 candidates, totalling 50 fits
      -> [KNN + Jittering Set 6] Acc: 0.9683, F1: 0.9683, Time: 0.07s
n_iterations: 4
n_required_iterations: 4
n_possible_iterations: 8
min_resources_: 6
max_resources_: 31900
aggressive_elimination: False
factor: 3
----------
iter: 0
n_candidates: 50
n_resources: 6
Fitting 1 folds for each of 50 candidates, totalling 50 fits
      -> [RandomForest + Jittering Set 6] Acc: 0.9450, F1: 0.9451, Time: 5.27s
n_iterations: 4
n_required_iterations: 4
n_possible_iterations: 8
min_resources_: 6
max_resources_: 31900
aggressive_elimination: False
factor: 3
----------
iter: 0
n_candidates: 50
n_resources: 6
Fitting 1 folds for each of 50 candidates, totalling 50 fits
      -> [LinearSVC + Jittering Set 6] Acc: 0.9683, F1: 0.9680, Time: 0.07s
n_iterations: 4
n_required_iterations: 4
n_possible_iterations: 8
min_resources_: 6
max_resources_: 31900
aggressive_elimination: False
factor: 3
----------
iter: 0
n_candidates: 50
n_resources: 6
Fitting 1 folds for each of 50 candidates, totalling 50 fits
      -> [LogisticRegression + Jittering Set 6] Acc: 0.9933, F1: 0.9933, Time: 0.14s
      [!] Failed evaluation with RNN on Jittering Set 6: name 'os' is not defined
    [=== Generating 10x synthetic data with Jittering (Set 7, Params: {'sigma': 0.03}) ===]
n_iterations: 4
n_required_iterations: 4
n_possible_iterations: 8
min_resources_: 6
max_resources_: 31900
aggressive_elimination: False
factor: 3
----------
iter: 0
n_candidates: 50
n_resources: 6
Fitting 1 folds for each of 50 candidates, totalling 50 fits
      -> [KNN + Jittering Set 7] Acc: 0.9783, F1: 0.9783, Time: 0.07s
n_iterations: 4
n_required_iterations: 4
n_possible_iterations: 8
min_resources_: 6
max_resources_: 31900
aggressive_elimination: False
factor: 3
----------
iter: 0
n_candidates: 50
n_resources: 6
Fitting 1 folds for each of 50 candidates, totalling 50 fits
      -> [RandomForest + Jittering Set 7] Acc: 0.9033, F1: 0.9036, Time: 3.88s
n_iterations: 4
n_required_iterations: 4
n_possible_iterations: 8
min_resources_: 6
max_resources_: 31900
aggressive_elimination: False
factor: 3
----------
iter: 0
n_candidates: 50
n_resources: 6
Fitting 1 folds for each of 50 candidates, totalling 50 fits
      -> [LinearSVC + Jittering Set 7] Acc: 0.9933, F1: 0.9933, Time: 0.09s
n_iterations: 4
n_required_iterations: 4
n_possible_iterations: 8
min_resources_: 6
max_resources_: 31900
aggressive_elimination: False
factor: 3
----------
iter: 0
n_candidates: 50
n_resources: 6
Fitting 1 folds for each of 50 candidates, totalling 50 fits
      -> [LogisticRegression + Jittering Set 7] Acc: 0.9950, F1: 0.9950, Time: 0.32s
      [!] Failed evaluation with RNN on Jittering Set 7: name 'os' is not defined
    [=== Generating 10x synthetic data with Jittering (Set 8, Params: {'sigma': 0.05}) ===]
n_iterations: 4
n_required_iterations: 4
n_possible_iterations: 8
min_resources_: 6
max_resources_: 31900
aggressive_elimination: False
factor: 3
----------
iter: 0
n_candidates: 50
n_resources: 6
Fitting 1 folds for each of 50 candidates, totalling 50 fits
      -> [KNN + Jittering Set 8] Acc: 0.9717, F1: 0.9716, Time: 0.07s
n_iterations: 4
n_required_iterations: 4
n_possible_iterations: 8
min_resources_: 6
max_resources_: 31900
aggressive_elimination: False
factor: 3
----------
iter: 0
n_candidates: 50
n_resources: 6
Fitting 1 folds for each of 50 candidates, totalling 50 fits
      -> [RandomForest + Jittering Set 8] Acc: 0.9150, F1: 0.9156, Time: 4.12s
n_iterations: 4
n_required_iterations: 4
n_possible_iterations: 8
min_resources_: 6
max_resources_: 31900
aggressive_elimination: False
factor: 3
----------
iter: 0
n_candidates: 50
n_resources: 6
Fitting 1 folds for each of 50 candidates, totalling 50 fits
      -> [LinearSVC + Jittering Set 8] Acc: 0.9933, F1: 0.9933, Time: 0.09s
n_iterations: 4
n_required_iterations: 4
n_possible_iterations: 8
min_resources_: 6
max_resources_: 31900
aggressive_elimination: False
factor: 3
----------
iter: 0
n_candidates: 50
n_resources: 6
Fitting 1 folds for each of 50 candidates, totalling 50 fits
      -> [LogisticRegression + Jittering Set 8] Acc: 0.9933, F1: 0.9933, Time: 0.31s
      [!] Failed evaluation with RNN on Jittering Set 8: name 'os' is not defined
    [=== Generating 10x synthetic data with Jittering (Set 9, Params: {'sigma': 0.05}) ===]
n_iterations: 4
n_required_iterations: 4
n_possible_iterations: 8
min_resources_: 6
max_resources_: 31900
aggressive_elimination: False
factor: 3
----------
iter: 0
n_candidates: 50
n_resources: 6
Fitting 1 folds for each of 50 candidates, totalling 50 fits
      -> [KNN + Jittering Set 9] Acc: 0.9767, F1: 0.9767, Time: 0.07s
n_iterations: 4
n_required_iterations: 4
n_possible_iterations: 8
min_resources_: 6
max_resources_: 31900
aggressive_elimination: False
factor: 3
----------
iter: 0
n_candidates: 50
n_resources: 6
Fitting 1 folds for each of 50 candidates, totalling 50 fits
      -> [RandomForest + Jittering Set 9] Acc: 0.9033, F1: 0.9036, Time: 4.34s
n_iterations: 4
n_required_iterations: 4
n_possible_iterations: 8
min_resources_: 6
max_resources_: 31900
aggressive_elimination: False
factor: 3
----------
iter: 0
n_candidates: 50
n_resources: 6
Fitting 1 folds for each of 50 candidates, totalling 50 fits
      -> [LinearSVC + Jittering Set 9] Acc: 0.9933, F1: 0.9933, Time: 0.09s
n_iterations: 4
n_required_iterations: 4
n_possible_iterations: 8
min_resources_: 6
max_resources_: 31900
aggressive_elimination: False
factor: 3
----------
iter: 0
n_candidates: 50
n_resources: 6
Fitting 1 folds for each of 50 candidates, totalling 50 fits
      -> [LogisticRegression + Jittering Set 9] Acc: 0.9933, F1: 0.9933, Time: 0.31s
      [!] Failed evaluation with RNN on Jittering Set 9: name 'os' is not defined
    [=== Generating 10x synthetic data with Jittering (Set 10, Params: {'sigma': 0.05}) ===]
n_iterations: 4
n_required_iterations: 4
n_possible_iterations: 8
min_resources_: 6
max_resources_: 31900
aggressive_elimination: False
factor: 3
----------
iter: 0
n_candidates: 50
n_resources: 6
Fitting 1 folds for each of 50 candidates, totalling 50 fits
      -> [KNN + Jittering Set 10] Acc: 0.9850, F1: 0.9850, Time: 0.07s
n_iterations: 4
n_required_iterations: 4
n_possible_iterations: 8
min_resources_: 6
max_resources_: 31900
aggressive_elimination: False
factor: 3
----------
iter: 0
n_candidates: 50
n_resources: 6
Fitting 1 folds for each of 50 candidates, totalling 50 fits
      -> [RandomForest + Jittering Set 10] Acc: 0.9050, F1: 0.9053, Time: 4.16s
n_iterations: 4
n_required_iterations: 4
n_possible_iterations: 8
min_resources_: 6
max_resources_: 31900
aggressive_elimination: False
factor: 3
----------
iter: 0
n_candidates: 50
n_resources: 6
Fitting 1 folds for each of 50 candidates, totalling 50 fits
      -> [LinearSVC + Jittering Set 10] Acc: 0.9933, F1: 0.9933, Time: 0.09s
n_iterations: 4
n_required_iterations: 4
n_possible_iterations: 8
min_resources_: 6
max_resources_: 31900
aggressive_elimination: False
factor: 3
----------
iter: 0
n_candidates: 50
n_resources: 6
Fitting 1 folds for each of 50 candidates, totalling 50 fits
      -> [LogisticRegression + Jittering Set 10] Acc: 0.9933, F1: 0.9933, Time: 0.30s
      [!] Failed evaluation with RNN on Jittering Set 10: name 'os' is not defined

    >> Seed Fold Selection: 9/10
    Evaluating Model: KNN
      -> [Baseline] Acc: 1.0000, F1: 1.0000, Time: 0.03s
      HP Tuning KNN...
n_iterations: 4
n_required_iterations: 4
n_possible_iterations: 5
min_resources_: 30
max_resources_: 2900
aggressive_elimination: False
factor: 3
----------
iter: 0
n_candidates: 50
n_resources: 30
Fitting 5 folds for each of 50 candidates, totalling 250 fits
----------
iter: 1
n_candidates: 17
n_resources: 90
Fitting 5 folds for each of 17 candidates, totalling 85 fits
----------
iter: 2
n_candidates: 6
n_resources: 270
Fitting 5 folds for each of 6 candidates, totalling 30 fits
----------
iter: 3
n_candidates: 2
n_resources: 810
Fitting 5 folds for each of 2 candidates, totalling 10 fits
      -> [Tuned_Baseline] Acc: 1.0000, F1: 1.0000, Time: 0.02s
    Evaluating Model: RandomForest
      -> [Baseline] Acc: 0.9233, F1: 0.9238, Time: 0.45s
      HP Tuning RandomForest...
n_iterations: 4
n_required_iterations: 4
n_possible_iterations: 5
min_resources_: 30
max_resources_: 2900
aggressive_elimination: False
factor: 3
----------
iter: 0
n_candidates: 50
n_resources: 30
Fitting 5 folds for each of 50 candidates, totalling 250 fits
----------
iter: 1
n_candidates: 17
n_resources: 90
Fitting 5 folds for each of 17 candidates, totalling 85 fits
----------
iter: 2
n_candidates: 6
n_resources: 270
Fitting 5 folds for each of 6 candidates, totalling 30 fits
----------
iter: 3
n_candidates: 2
n_resources: 810
Fitting 5 folds for each of 2 candidates, totalling 10 fits
      -> [Tuned_Baseline] Acc: 0.9217, F1: 0.9221, Time: 0.00s
    Evaluating Model: LinearSVC
      -> [Baseline] Acc: 0.9817, F1: 0.9816, Time: 0.01s
      HP Tuning LinearSVC...
n_iterations: 4
n_required_iterations: 4
n_possible_iterations: 5
min_resources_: 30
max_resources_: 2900
aggressive_elimination: False
factor: 3
----------
iter: 0
n_candidates: 50
n_resources: 30
Fitting 5 folds for each of 50 candidates, totalling 250 fits
----------
iter: 1
n_candidates: 17
n_resources: 90
Fitting 5 folds for each of 17 candidates, totalling 85 fits
----------
iter: 2
n_candidates: 6
n_resources: 270
Fitting 5 folds for each of 6 candidates, totalling 30 fits
----------
iter: 3
n_candidates: 2
n_resources: 810
Fitting 5 folds for each of 2 candidates, totalling 10 fits
      -> [Tuned_Baseline] Acc: 0.9800, F1: 0.9798, Time: 0.00s
    Evaluating Model: LogisticRegression
      -> [Baseline] Acc: 0.9950, F1: 0.9950, Time: 0.05s
      HP Tuning LogisticRegression...
n_iterations: 4
n_required_iterations: 4
n_possible_iterations: 5
min_resources_: 30
max_resources_: 2900
aggressive_elimination: False
factor: 3
----------
iter: 0
n_candidates: 50
n_resources: 30
Fitting 5 folds for each of 50 candidates, totalling 250 fits
----------
iter: 1
n_candidates: 17
n_resources: 90
Fitting 5 folds for each of 17 candidates, totalling 85 fits
----------
iter: 2
n_candidates: 6
n_resources: 270
Fitting 5 folds for each of 6 candidates, totalling 30 fits
----------
iter: 3
n_candidates: 2
n_resources: 810
Fitting 5 folds for each of 2 candidates, totalling 10 fits
      -> [Tuned_Baseline] Acc: 0.9950, F1: 0.9950, Time: 0.00s
    Evaluating Model: RNN
      [!] Baseline failed for RNN: name 'os' is not defined
      HP Tuning RNN...
n_iterations: 1
n_required_iterations: 2
n_possible_iterations: 1
min_resources_: 10
max_resources_: 29
aggressive_elimination: False
factor: 3
----------
iter: 0
n_candidates: 4
n_resources: 10
Fitting 5 folds for each of 4 candidates, totalling 20 fits
      [!] HP Tuning failed, using base model: 
All the 20 fits failed.
It is very likely that your model is misconfigured.
You can try to debug the error by setting error_score='raise'.

Below are more details about the failures:
--------------------------------------------------------------------------------
20 fits failed with the following error:
Traceback (most recent call last):
  File "/usr/local/lib/python3.10/dist-packages/sklearn/model_selection/_validation.py", line 859, in _fit_and_score
    estimator.fit(X_train, y_train, **fit_params)
  File "/home/phantrung/Synthesis-Data-Gen/models.py", line 60, in fit
    n_threads = int(os.environ.get('N_JOBS', 1))
NameError: name 'os' is not defined

      -> [Tuned_Baseline] Acc: 0.1667, F1: 0.0476, Time: 0.00s
    [=== Generating 2x synthetic data with Jittering (Set 1, Params: {'sigma': 0.03}) ===]
n_iterations: 4
n_required_iterations: 4
n_possible_iterations: 7
min_resources_: 6
max_resources_: 8700
aggressive_elimination: False
factor: 3
----------
iter: 0
n_candidates: 50
n_resources: 6
Fitting 1 folds for each of 50 candidates, totalling 50 fits
----------
iter: 1
n_candidates: 17
n_resources: 18
Fitting 1 folds for each of 17 candidates, totalling 17 fits
----------
iter: 2
n_candidates: 6
n_resources: 54
Fitting 1 folds for each of 6 candidates, totalling 6 fits
----------
iter: 3
n_candidates: 2
n_resources: 162
Fitting 1 folds for each of 2 candidates, totalling 2 fits
      -> [KNN + Jittering Set 1] Acc: 1.0000, F1: 1.0000, Time: 0.01s
n_iterations: 4
n_required_iterations: 4
n_possible_iterations: 7
min_resources_: 6
max_resources_: 8700
aggressive_elimination: False
factor: 3
----------
iter: 0
n_candidates: 50
n_resources: 6
Fitting 1 folds for each of 50 candidates, totalling 50 fits
----------
iter: 1
n_candidates: 17
n_resources: 18
Fitting 1 folds for each of 17 candidates, totalling 17 fits
----------
iter: 2
n_candidates: 6
n_resources: 54
Fitting 1 folds for each of 6 candidates, totalling 6 fits
----------
iter: 3
n_candidates: 2
n_resources: 162
Fitting 1 folds for each of 2 candidates, totalling 2 fits
      -> [RandomForest + Jittering Set 1] Acc: 0.9250, F1: 0.9253, Time: 0.42s
n_iterations: 4
n_required_iterations: 4
n_possible_iterations: 7
min_resources_: 6
max_resources_: 8700
aggressive_elimination: False
factor: 3
----------
iter: 0
n_candidates: 50
n_resources: 6
Fitting 1 folds for each of 50 candidates, totalling 50 fits
----------
iter: 1
n_candidates: 17
n_resources: 18
Fitting 1 folds for each of 17 candidates, totalling 17 fits
----------
iter: 2
n_candidates: 6
n_resources: 54
Fitting 1 folds for each of 6 candidates, totalling 6 fits
----------
iter: 3
n_candidates: 2
n_resources: 162
Fitting 1 folds for each of 2 candidates, totalling 2 fits
      -> [LinearSVC + Jittering Set 1] Acc: 0.8033, F1: 0.7748, Time: 0.01s
n_iterations: 4
n_required_iterations: 4
n_possible_iterations: 7
min_resources_: 6
max_resources_: 8700
aggressive_elimination: False
factor: 3
----------
iter: 0
n_candidates: 50
n_resources: 6
Fitting 1 folds for each of 50 candidates, totalling 50 fits
----------
iter: 1
n_candidates: 17
n_resources: 18
Fitting 1 folds for each of 17 candidates, totalling 17 fits
----------
iter: 2
n_candidates: 6
n_resources: 54
Fitting 1 folds for each of 6 candidates, totalling 6 fits
----------
iter: 3
n_candidates: 2
n_resources: 162
Fitting 1 folds for each of 2 candidates, totalling 2 fits
      -> [LogisticRegression + Jittering Set 1] Acc: 0.9967, F1: 0.9967, Time: 0.19s
      [!] Failed evaluation with RNN on Jittering Set 1: name 'os' is not defined
    [=== Generating 2x synthetic data with Jittering (Set 2, Params: {'sigma': 0.1}) ===]
n_iterations: 4
n_required_iterations: 4
n_possible_iterations: 7
min_resources_: 6
max_resources_: 8700
aggressive_elimination: False
factor: 3
----------
iter: 0
n_candidates: 50
n_resources: 6
Fitting 1 folds for each of 50 candidates, totalling 50 fits
----------
iter: 1
n_candidates: 17
n_resources: 18
Fitting 1 folds for each of 17 candidates, totalling 17 fits
----------
iter: 2
n_candidates: 6
n_resources: 54
Fitting 1 folds for each of 6 candidates, totalling 6 fits
----------
iter: 3
n_candidates: 2
n_resources: 162
Fitting 1 folds for each of 2 candidates, totalling 2 fits
      -> [KNN + Jittering Set 2] Acc: 1.0000, F1: 1.0000, Time: 0.01s
n_iterations: 4
n_required_iterations: 4
n_possible_iterations: 7
min_resources_: 6
max_resources_: 8700
aggressive_elimination: False
factor: 3
----------
iter: 0
n_candidates: 50
n_resources: 6
Fitting 1 folds for each of 50 candidates, totalling 50 fits
----------
iter: 1
n_candidates: 17
n_resources: 18
Fitting 1 folds for each of 17 candidates, totalling 17 fits
----------
iter: 2
n_candidates: 6
n_resources: 54
Fitting 1 folds for each of 6 candidates, totalling 6 fits
----------
iter: 3
n_candidates: 2
n_resources: 162
Fitting 1 folds for each of 2 candidates, totalling 2 fits
      -> [RandomForest + Jittering Set 2] Acc: 0.9267, F1: 0.9270, Time: 0.94s
n_iterations: 4
n_required_iterations: 4
n_possible_iterations: 7
min_resources_: 6
max_resources_: 8700
aggressive_elimination: False
factor: 3
----------
iter: 0
n_candidates: 50
n_resources: 6
Fitting 1 folds for each of 50 candidates, totalling 50 fits
----------
iter: 1
n_candidates: 17
n_resources: 18
Fitting 1 folds for each of 17 candidates, totalling 17 fits
----------
iter: 2
n_candidates: 6
n_resources: 54
Fitting 1 folds for each of 6 candidates, totalling 6 fits
----------
iter: 3
n_candidates: 2
n_resources: 162
Fitting 1 folds for each of 2 candidates, totalling 2 fits
      -> [LinearSVC + Jittering Set 2] Acc: 0.8250, F1: 0.8043, Time: 0.02s
n_iterations: 4
n_required_iterations: 4
n_possible_iterations: 7
min_resources_: 6
max_resources_: 8700
aggressive_elimination: False
factor: 3
----------
iter: 0
n_candidates: 50
n_resources: 6
Fitting 1 folds for each of 50 candidates, totalling 50 fits
----------
iter: 1
n_candidates: 17
n_resources: 18
Fitting 1 folds for each of 17 candidates, totalling 17 fits
----------
iter: 2
n_candidates: 6
n_resources: 54
Fitting 1 folds for each of 6 candidates, totalling 6 fits
----------
iter: 3
n_candidates: 2
n_resources: 162
Fitting 1 folds for each of 2 candidates, totalling 2 fits
      -> [LogisticRegression + Jittering Set 2] Acc: 0.9950, F1: 0.9950, Time: 0.17s
      [!] Failed evaluation with RNN on Jittering Set 2: name 'os' is not defined
    [=== Generating 2x synthetic data with Jittering (Set 3, Params: {'sigma': 0.15}) ===]
n_iterations: 4
n_required_iterations: 4
n_possible_iterations: 7
min_resources_: 6
max_resources_: 8700
aggressive_elimination: False
factor: 3
----------
iter: 0
n_candidates: 50
n_resources: 6
Fitting 1 folds for each of 50 candidates, totalling 50 fits
----------
iter: 1
n_candidates: 17
n_resources: 18
Fitting 1 folds for each of 17 candidates, totalling 17 fits
----------
iter: 2
n_candidates: 6
n_resources: 54
Fitting 1 folds for each of 6 candidates, totalling 6 fits
----------
iter: 3
n_candidates: 2
n_resources: 162
Fitting 1 folds for each of 2 candidates, totalling 2 fits
      -> [KNN + Jittering Set 3] Acc: 1.0000, F1: 1.0000, Time: 0.03s
n_iterations: 4
n_required_iterations: 4
n_possible_iterations: 7
min_resources_: 6
max_resources_: 8700
aggressive_elimination: False
factor: 3
----------
iter: 0
n_candidates: 50
n_resources: 6
Fitting 1 folds for each of 50 candidates, totalling 50 fits
----------
iter: 1
n_candidates: 17
n_resources: 18
Fitting 1 folds for each of 17 candidates, totalling 17 fits
----------
iter: 2
n_candidates: 6
n_resources: 54
Fitting 1 folds for each of 6 candidates, totalling 6 fits
----------
iter: 3
n_candidates: 2
n_resources: 162
Fitting 1 folds for each of 2 candidates, totalling 2 fits
      -> [RandomForest + Jittering Set 3] Acc: 0.9600, F1: 0.9603, Time: 1.44s
n_iterations: 4
n_required_iterations: 4
n_possible_iterations: 7
min_resources_: 6
max_resources_: 8700
aggressive_elimination: False
factor: 3
----------
iter: 0
n_candidates: 50
n_resources: 6
Fitting 1 folds for each of 50 candidates, totalling 50 fits
----------
iter: 1
n_candidates: 17
n_resources: 18
Fitting 1 folds for each of 17 candidates, totalling 17 fits
----------
iter: 2
n_candidates: 6
n_resources: 54
Fitting 1 folds for each of 6 candidates, totalling 6 fits
----------
iter: 3
n_candidates: 2
n_resources: 162
Fitting 1 folds for each of 2 candidates, totalling 2 fits
      -> [LinearSVC + Jittering Set 3] Acc: 0.9317, F1: 0.9300, Time: 0.05s
n_iterations: 4
n_required_iterations: 4
n_possible_iterations: 7
min_resources_: 6
max_resources_: 8700
aggressive_elimination: False
factor: 3
----------
iter: 0
n_candidates: 50
n_resources: 6
Fitting 1 folds for each of 50 candidates, totalling 50 fits
----------
iter: 1
n_candidates: 17
n_resources: 18
Fitting 1 folds for each of 17 candidates, totalling 17 fits
----------
iter: 2
n_candidates: 6
n_resources: 54
Fitting 1 folds for each of 6 candidates, totalling 6 fits
----------
iter: 3
n_candidates: 2
n_resources: 162
Fitting 1 folds for each of 2 candidates, totalling 2 fits
      -> [LogisticRegression + Jittering Set 3] Acc: 0.9950, F1: 0.9950, Time: 0.07s
      [!] Failed evaluation with RNN on Jittering Set 3: name 'os' is not defined
    [=== Generating 2x synthetic data with Jittering (Set 4, Params: {'sigma': 0.05}) ===]
n_iterations: 4
n_required_iterations: 4
n_possible_iterations: 7
min_resources_: 6
max_resources_: 8700
aggressive_elimination: False
factor: 3
----------
iter: 0
n_candidates: 50
n_resources: 6
Fitting 1 folds for each of 50 candidates, totalling 50 fits
----------
iter: 1
n_candidates: 17
n_resources: 18
Fitting 1 folds for each of 17 candidates, totalling 17 fits
----------
iter: 2
n_candidates: 6
n_resources: 54
Fitting 1 folds for each of 6 candidates, totalling 6 fits
----------
iter: 3
n_candidates: 2
n_resources: 162
Fitting 1 folds for each of 2 candidates, totalling 2 fits
      -> [KNN + Jittering Set 4] Acc: 1.0000, F1: 1.0000, Time: 0.03s
n_iterations: 4
n_required_iterations: 4
n_possible_iterations: 7
min_resources_: 6
max_resources_: 8700
aggressive_elimination: False
factor: 3
----------
iter: 0
n_candidates: 50
n_resources: 6
Fitting 1 folds for each of 50 candidates, totalling 50 fits
----------
iter: 1
n_candidates: 17
n_resources: 18
Fitting 1 folds for each of 17 candidates, totalling 17 fits
----------
iter: 2
n_candidates: 6
n_resources: 54
Fitting 1 folds for each of 6 candidates, totalling 6 fits
----------
iter: 3
n_candidates: 2
n_resources: 162
Fitting 1 folds for each of 2 candidates, totalling 2 fits
      -> [RandomForest + Jittering Set 4] Acc: 0.9283, F1: 0.9287, Time: 0.48s
n_iterations: 4
n_required_iterations: 4
n_possible_iterations: 7
min_resources_: 6
max_resources_: 8700
aggressive_elimination: False
factor: 3
----------
iter: 0
n_candidates: 50
n_resources: 6
Fitting 1 folds for each of 50 candidates, totalling 50 fits
----------
iter: 1
n_candidates: 17
n_resources: 18
Fitting 1 folds for each of 17 candidates, totalling 17 fits
----------
iter: 2
n_candidates: 6
n_resources: 54
Fitting 1 folds for each of 6 candidates, totalling 6 fits
----------
iter: 3
n_candidates: 2
n_resources: 162
Fitting 1 folds for each of 2 candidates, totalling 2 fits
      -> [LinearSVC + Jittering Set 4] Acc: 0.9400, F1: 0.9387, Time: 0.04s
n_iterations: 4
n_required_iterations: 4
n_possible_iterations: 7
min_resources_: 6
max_resources_: 8700
aggressive_elimination: False
factor: 3
----------
iter: 0
n_candidates: 50
n_resources: 6
Fitting 1 folds for each of 50 candidates, totalling 50 fits
----------
iter: 1
n_candidates: 17
n_resources: 18
Fitting 1 folds for each of 17 candidates, totalling 17 fits
----------
iter: 2
n_candidates: 6
n_resources: 54
Fitting 1 folds for each of 6 candidates, totalling 6 fits
----------
iter: 3
n_candidates: 2
n_resources: 162
Fitting 1 folds for each of 2 candidates, totalling 2 fits
      -> [LogisticRegression + Jittering Set 4] Acc: 0.9967, F1: 0.9967, Time: 0.18s
      [!] Failed evaluation with RNN on Jittering Set 4: name 'os' is not defined
    [=== Generating 2x synthetic data with Jittering (Set 5, Params: {'sigma': 0.15}) ===]
n_iterations: 4
n_required_iterations: 4
n_possible_iterations: 7
min_resources_: 6
max_resources_: 8700
aggressive_elimination: False
factor: 3
----------
iter: 0
n_candidates: 50
n_resources: 6
Fitting 1 folds for each of 50 candidates, totalling 50 fits
----------
iter: 1
n_candidates: 17
n_resources: 18
Fitting 1 folds for each of 17 candidates, totalling 17 fits
----------
iter: 2
n_candidates: 6
n_resources: 54
Fitting 1 folds for each of 6 candidates, totalling 6 fits
----------
iter: 3
n_candidates: 2
n_resources: 162
Fitting 1 folds for each of 2 candidates, totalling 2 fits
      -> [KNN + Jittering Set 5] Acc: 1.0000, F1: 1.0000, Time: 0.01s
n_iterations: 4
n_required_iterations: 4
n_possible_iterations: 7
min_resources_: 6
max_resources_: 8700
aggressive_elimination: False
factor: 3
----------
iter: 0
n_candidates: 50
n_resources: 6
Fitting 1 folds for each of 50 candidates, totalling 50 fits
----------
iter: 1
n_candidates: 17
n_resources: 18
Fitting 1 folds for each of 17 candidates, totalling 17 fits
----------
iter: 2
n_candidates: 6
n_resources: 54
Fitting 1 folds for each of 6 candidates, totalling 6 fits
----------
iter: 3
n_candidates: 2
n_resources: 162
Fitting 1 folds for each of 2 candidates, totalling 2 fits
      -> [RandomForest + Jittering Set 5] Acc: 0.9233, F1: 0.9238, Time: 0.46s
n_iterations: 4
n_required_iterations: 4
n_possible_iterations: 7
min_resources_: 6
max_resources_: 8700
aggressive_elimination: False
factor: 3
----------
iter: 0
n_candidates: 50
n_resources: 6
Fitting 1 folds for each of 50 candidates, totalling 50 fits
----------
iter: 1
n_candidates: 17
n_resources: 18
Fitting 1 folds for each of 17 candidates, totalling 17 fits
----------
iter: 2
n_candidates: 6
n_resources: 54
Fitting 1 folds for each of 6 candidates, totalling 6 fits
----------
iter: 3
n_candidates: 2
n_resources: 162
Fitting 1 folds for each of 2 candidates, totalling 2 fits
      -> [LinearSVC + Jittering Set 5] Acc: 0.9233, F1: 0.9211, Time: 0.04s
n_iterations: 4
n_required_iterations: 4
n_possible_iterations: 7
min_resources_: 6
max_resources_: 8700
aggressive_elimination: False
factor: 3
----------
iter: 0
n_candidates: 50
n_resources: 6
Fitting 1 folds for each of 50 candidates, totalling 50 fits
----------
iter: 1
n_candidates: 17
n_resources: 18
Fitting 1 folds for each of 17 candidates, totalling 17 fits
----------
iter: 2
n_candidates: 6
n_resources: 54
Fitting 1 folds for each of 6 candidates, totalling 6 fits
----------
iter: 3
n_candidates: 2
n_resources: 162
Fitting 1 folds for each of 2 candidates, totalling 2 fits
      -> [LogisticRegression + Jittering Set 5] Acc: 0.9950, F1: 0.9950, Time: 0.17s
      [!] Failed evaluation with RNN on Jittering Set 5: name 'os' is not defined
    [=== Generating 2x synthetic data with Jittering (Set 6, Params: {'sigma': 0.15}) ===]
n_iterations: 4
n_required_iterations: 4
n_possible_iterations: 7
min_resources_: 6
max_resources_: 8700
aggressive_elimination: False
factor: 3
----------
iter: 0
n_candidates: 50
n_resources: 6
Fitting 1 folds for each of 50 candidates, totalling 50 fits
----------
iter: 1
n_candidates: 17
n_resources: 18
Fitting 1 folds for each of 17 candidates, totalling 17 fits
----------
iter: 2
n_candidates: 6
n_resources: 54
Fitting 1 folds for each of 6 candidates, totalling 6 fits
----------
iter: 3
n_candidates: 2
n_resources: 162
Fitting 1 folds for each of 2 candidates, totalling 2 fits
      -> [KNN + Jittering Set 6] Acc: 1.0000, F1: 1.0000, Time: 0.01s
n_iterations: 4
n_required_iterations: 4
n_possible_iterations: 7
min_resources_: 6
max_resources_: 8700
aggressive_elimination: False
factor: 3
----------
iter: 0
n_candidates: 50
n_resources: 6
Fitting 1 folds for each of 50 candidates, totalling 50 fits
----------
iter: 1
n_candidates: 17
n_resources: 18
Fitting 1 folds for each of 17 candidates, totalling 17 fits
----------
iter: 2
n_candidates: 6
n_resources: 54
Fitting 1 folds for each of 6 candidates, totalling 6 fits
----------
iter: 3
n_candidates: 2
n_resources: 162
Fitting 1 folds for each of 2 candidates, totalling 2 fits
      -> [RandomForest + Jittering Set 6] Acc: 0.9583, F1: 0.9583, Time: 0.46s
n_iterations: 4
n_required_iterations: 4
n_possible_iterations: 7
min_resources_: 6
max_resources_: 8700
aggressive_elimination: False
factor: 3
----------
iter: 0
n_candidates: 50
n_resources: 6
Fitting 1 folds for each of 50 candidates, totalling 50 fits
----------
iter: 1
n_candidates: 17
n_resources: 18
Fitting 1 folds for each of 17 candidates, totalling 17 fits
----------
iter: 2
n_candidates: 6
n_resources: 54
Fitting 1 folds for each of 6 candidates, totalling 6 fits
----------
iter: 3
n_candidates: 2
n_resources: 162
Fitting 1 folds for each of 2 candidates, totalling 2 fits
      -> [LinearSVC + Jittering Set 6] Acc: 0.9117, F1: 0.9085, Time: 0.04s
n_iterations: 4
n_required_iterations: 4
n_possible_iterations: 7
min_resources_: 6
max_resources_: 8700
aggressive_elimination: False
factor: 3
----------
iter: 0
n_candidates: 50
n_resources: 6
Fitting 1 folds for each of 50 candidates, totalling 50 fits
----------
iter: 1
n_candidates: 17
n_resources: 18
Fitting 1 folds for each of 17 candidates, totalling 17 fits
----------
iter: 2
n_candidates: 6
n_resources: 54
Fitting 1 folds for each of 6 candidates, totalling 6 fits
----------
iter: 3
n_candidates: 2
n_resources: 162
Fitting 1 folds for each of 2 candidates, totalling 2 fits
      -> [LogisticRegression + Jittering Set 6] Acc: 0.9933, F1: 0.9933, Time: 0.06s
      [!] Failed evaluation with RNN on Jittering Set 6: name 'os' is not defined
    [=== Generating 2x synthetic data with Jittering (Set 7, Params: {'sigma': 0.03}) ===]
n_iterations: 4
n_required_iterations: 4
n_possible_iterations: 7
min_resources_: 6
max_resources_: 8700
aggressive_elimination: False
factor: 3
----------
iter: 0
n_candidates: 50
n_resources: 6
Fitting 1 folds for each of 50 candidates, totalling 50 fits
----------
iter: 1
n_candidates: 17
n_resources: 18
Fitting 1 folds for each of 17 candidates, totalling 17 fits
----------
iter: 2
n_candidates: 6
n_resources: 54
Fitting 1 folds for each of 6 candidates, totalling 6 fits
----------
iter: 3
n_candidates: 2
n_resources: 162
Fitting 1 folds for each of 2 candidates, totalling 2 fits
      -> [KNN + Jittering Set 7] Acc: 1.0000, F1: 1.0000, Time: 0.03s
n_iterations: 4
n_required_iterations: 4
n_possible_iterations: 7
min_resources_: 6
max_resources_: 8700
aggressive_elimination: False
factor: 3
----------
iter: 0
n_candidates: 50
n_resources: 6
Fitting 1 folds for each of 50 candidates, totalling 50 fits
----------
iter: 1
n_candidates: 17
n_resources: 18
Fitting 1 folds for each of 17 candidates, totalling 17 fits
----------
iter: 2
n_candidates: 6
n_resources: 54
Fitting 1 folds for each of 6 candidates, totalling 6 fits
----------
iter: 3
n_candidates: 2
n_resources: 162
Fitting 1 folds for each of 2 candidates, totalling 2 fits
      -> [RandomForest + Jittering Set 7] Acc: 0.9167, F1: 0.9167, Time: 0.40s
n_iterations: 4
n_required_iterations: 4
n_possible_iterations: 7
min_resources_: 6
max_resources_: 8700
aggressive_elimination: False
factor: 3
----------
iter: 0
n_candidates: 50
n_resources: 6
Fitting 1 folds for each of 50 candidates, totalling 50 fits
----------
iter: 1
n_candidates: 17
n_resources: 18
Fitting 1 folds for each of 17 candidates, totalling 17 fits
----------
iter: 2
n_candidates: 6
n_resources: 54
Fitting 1 folds for each of 6 candidates, totalling 6 fits
----------
iter: 3
n_candidates: 2
n_resources: 162
Fitting 1 folds for each of 2 candidates, totalling 2 fits
      -> [LinearSVC + Jittering Set 7] Acc: 0.8017, F1: 0.7725, Time: 0.01s
n_iterations: 4
n_required_iterations: 4
n_possible_iterations: 7
min_resources_: 6
max_resources_: 8700
aggressive_elimination: False
factor: 3
----------
iter: 0
n_candidates: 50
n_resources: 6
Fitting 1 folds for each of 50 candidates, totalling 50 fits
----------
iter: 1
n_candidates: 17
n_resources: 18
Fitting 1 folds for each of 17 candidates, totalling 17 fits
----------
iter: 2
n_candidates: 6
n_resources: 54
Fitting 1 folds for each of 6 candidates, totalling 6 fits
----------
iter: 3
n_candidates: 2
n_resources: 162
Fitting 1 folds for each of 2 candidates, totalling 2 fits
      -> [LogisticRegression + Jittering Set 7] Acc: 0.9967, F1: 0.9967, Time: 0.17s
      [!] Failed evaluation with RNN on Jittering Set 7: name 'os' is not defined
    [=== Generating 2x synthetic data with Jittering (Set 8, Params: {'sigma': 0.05}) ===]
n_iterations: 4
n_required_iterations: 4
n_possible_iterations: 7
min_resources_: 6
max_resources_: 8700
aggressive_elimination: False
factor: 3
----------
iter: 0
n_candidates: 50
n_resources: 6
Fitting 1 folds for each of 50 candidates, totalling 50 fits
----------
iter: 1
n_candidates: 17
n_resources: 18
Fitting 1 folds for each of 17 candidates, totalling 17 fits
----------
iter: 2
n_candidates: 6
n_resources: 54
Fitting 1 folds for each of 6 candidates, totalling 6 fits
----------
iter: 3
n_candidates: 2
n_resources: 162
Fitting 1 folds for each of 2 candidates, totalling 2 fits
      -> [KNN + Jittering Set 8] Acc: 1.0000, F1: 1.0000, Time: 0.01s
n_iterations: 4
n_required_iterations: 4
n_possible_iterations: 7
min_resources_: 6
max_resources_: 8700
aggressive_elimination: False
factor: 3
----------
iter: 0
n_candidates: 50
n_resources: 6
Fitting 1 folds for each of 50 candidates, totalling 50 fits
----------
iter: 1
n_candidates: 17
n_resources: 18
Fitting 1 folds for each of 17 candidates, totalling 17 fits
----------
iter: 2
n_candidates: 6
n_resources: 54
Fitting 1 folds for each of 6 candidates, totalling 6 fits
----------
iter: 3
n_candidates: 2
n_resources: 162
Fitting 1 folds for each of 2 candidates, totalling 2 fits
      -> [RandomForest + Jittering Set 8] Acc: 0.9283, F1: 0.9287, Time: 1.36s
n_iterations: 4
n_required_iterations: 4
n_possible_iterations: 7
min_resources_: 6
max_resources_: 8700
aggressive_elimination: False
factor: 3
----------
iter: 0
n_candidates: 50
n_resources: 6
Fitting 1 folds for each of 50 candidates, totalling 50 fits
----------
iter: 1
n_candidates: 17
n_resources: 18
Fitting 1 folds for each of 17 candidates, totalling 17 fits
----------
iter: 2
n_candidates: 6
n_resources: 54
Fitting 1 folds for each of 6 candidates, totalling 6 fits
----------
iter: 3
n_candidates: 2
n_resources: 162
Fitting 1 folds for each of 2 candidates, totalling 2 fits
      -> [LinearSVC + Jittering Set 8] Acc: 0.9750, F1: 0.9748, Time: 0.02s
n_iterations: 4
n_required_iterations: 4
n_possible_iterations: 7
min_resources_: 6
max_resources_: 8700
aggressive_elimination: False
factor: 3
----------
iter: 0
n_candidates: 50
n_resources: 6
Fitting 1 folds for each of 50 candidates, totalling 50 fits
----------
iter: 1
n_candidates: 17
n_resources: 18
Fitting 1 folds for each of 17 candidates, totalling 17 fits
----------
iter: 2
n_candidates: 6
n_resources: 54
Fitting 1 folds for each of 6 candidates, totalling 6 fits
----------
iter: 3
n_candidates: 2
n_resources: 162
Fitting 1 folds for each of 2 candidates, totalling 2 fits
      -> [LogisticRegression + Jittering Set 8] Acc: 0.9967, F1: 0.9967, Time: 0.19s
      [!] Failed evaluation with RNN on Jittering Set 8: name 'os' is not defined
    [=== Generating 2x synthetic data with Jittering (Set 9, Params: {'sigma': 0.05}) ===]
n_iterations: 4
n_required_iterations: 4
n_possible_iterations: 7
min_resources_: 6
max_resources_: 8700
aggressive_elimination: False
factor: 3
----------
iter: 0
n_candidates: 50
n_resources: 6
Fitting 1 folds for each of 50 candidates, totalling 50 fits
----------
iter: 1
n_candidates: 17
n_resources: 18
Fitting 1 folds for each of 17 candidates, totalling 17 fits
----------
iter: 2
n_candidates: 6
n_resources: 54
Fitting 1 folds for each of 6 candidates, totalling 6 fits
----------
iter: 3
n_candidates: 2
n_resources: 162
Fitting 1 folds for each of 2 candidates, totalling 2 fits
      -> [KNN + Jittering Set 9] Acc: 1.0000, F1: 1.0000, Time: 0.03s
n_iterations: 4
n_required_iterations: 4
n_possible_iterations: 7
min_resources_: 6
max_resources_: 8700
aggressive_elimination: False
factor: 3
----------
iter: 0
n_candidates: 50
n_resources: 6
Fitting 1 folds for each of 50 candidates, totalling 50 fits
----------
iter: 1
n_candidates: 17
n_resources: 18
Fitting 1 folds for each of 17 candidates, totalling 17 fits
----------
iter: 2
n_candidates: 6
n_resources: 54
Fitting 1 folds for each of 6 candidates, totalling 6 fits
----------
iter: 3
n_candidates: 2
n_resources: 162
Fitting 1 folds for each of 2 candidates, totalling 2 fits
      -> [RandomForest + Jittering Set 9] Acc: 0.9267, F1: 0.9270, Time: 1.23s
n_iterations: 4
n_required_iterations: 4
n_possible_iterations: 7
min_resources_: 6
max_resources_: 8700
aggressive_elimination: False
factor: 3
----------
iter: 0
n_candidates: 50
n_resources: 6
Fitting 1 folds for each of 50 candidates, totalling 50 fits
----------
iter: 1
n_candidates: 17
n_resources: 18
Fitting 1 folds for each of 17 candidates, totalling 17 fits
----------
iter: 2
n_candidates: 6
n_resources: 54
Fitting 1 folds for each of 6 candidates, totalling 6 fits
----------
iter: 3
n_candidates: 2
n_resources: 162
Fitting 1 folds for each of 2 candidates, totalling 2 fits
      -> [LinearSVC + Jittering Set 9] Acc: 0.9350, F1: 0.9335, Time: 0.04s
n_iterations: 4
n_required_iterations: 4
n_possible_iterations: 7
min_resources_: 6
max_resources_: 8700
aggressive_elimination: False
factor: 3
----------
iter: 0
n_candidates: 50
n_resources: 6
Fitting 1 folds for each of 50 candidates, totalling 50 fits
----------
iter: 1
n_candidates: 17
n_resources: 18
Fitting 1 folds for each of 17 candidates, totalling 17 fits
----------
iter: 2
n_candidates: 6
n_resources: 54
Fitting 1 folds for each of 6 candidates, totalling 6 fits
----------
iter: 3
n_candidates: 2
n_resources: 162
Fitting 1 folds for each of 2 candidates, totalling 2 fits
      -> [LogisticRegression + Jittering Set 9] Acc: 0.9950, F1: 0.9950, Time: 0.09s
      [!] Failed evaluation with RNN on Jittering Set 9: name 'os' is not defined
    [=== Generating 2x synthetic data with Jittering (Set 10, Params: {'sigma': 0.05}) ===]
n_iterations: 4
n_required_iterations: 4
n_possible_iterations: 7
min_resources_: 6
max_resources_: 8700
aggressive_elimination: False
factor: 3
----------
iter: 0
n_candidates: 50
n_resources: 6
Fitting 1 folds for each of 50 candidates, totalling 50 fits
----------
iter: 1
n_candidates: 17
n_resources: 18
Fitting 1 folds for each of 17 candidates, totalling 17 fits
----------
iter: 2
n_candidates: 6
n_resources: 54
Fitting 1 folds for each of 6 candidates, totalling 6 fits
----------
iter: 3
n_candidates: 2
n_resources: 162
Fitting 1 folds for each of 2 candidates, totalling 2 fits
      -> [KNN + Jittering Set 10] Acc: 1.0000, F1: 1.0000, Time: 0.03s
n_iterations: 4
n_required_iterations: 4
n_possible_iterations: 7
min_resources_: 6
max_resources_: 8700
aggressive_elimination: False
factor: 3
----------
iter: 0
n_candidates: 50
n_resources: 6
Fitting 1 folds for each of 50 candidates, totalling 50 fits
----------
iter: 1
n_candidates: 17
n_resources: 18
Fitting 1 folds for each of 17 candidates, totalling 17 fits
----------
iter: 2
n_candidates: 6
n_resources: 54
Fitting 1 folds for each of 6 candidates, totalling 6 fits
----------
iter: 3
n_candidates: 2
n_resources: 162
Fitting 1 folds for each of 2 candidates, totalling 2 fits
      -> [RandomForest + Jittering Set 10] Acc: 0.9233, F1: 0.9238, Time: 0.48s
n_iterations: 4
n_required_iterations: 4
n_possible_iterations: 7
min_resources_: 6
max_resources_: 8700
aggressive_elimination: False
factor: 3
----------
iter: 0
n_candidates: 50
n_resources: 6
Fitting 1 folds for each of 50 candidates, totalling 50 fits
----------
iter: 1
n_candidates: 17
n_resources: 18
Fitting 1 folds for each of 17 candidates, totalling 17 fits
----------
iter: 2
n_candidates: 6
n_resources: 54
Fitting 1 folds for each of 6 candidates, totalling 6 fits
----------
iter: 3
n_candidates: 2
n_resources: 162
Fitting 1 folds for each of 2 candidates, totalling 2 fits
      -> [LinearSVC + Jittering Set 10] Acc: 0.8033, F1: 0.7749, Time: 0.02s
n_iterations: 4
n_required_iterations: 4
n_possible_iterations: 7
min_resources_: 6
max_resources_: 8700
aggressive_elimination: False
factor: 3
----------
iter: 0
n_candidates: 50
n_resources: 6
Fitting 1 folds for each of 50 candidates, totalling 50 fits
----------
iter: 1
n_candidates: 17
n_resources: 18
Fitting 1 folds for each of 17 candidates, totalling 17 fits
----------
iter: 2
n_candidates: 6
n_resources: 54
Fitting 1 folds for each of 6 candidates, totalling 6 fits
----------
iter: 3
n_candidates: 2
n_resources: 162
Fitting 1 folds for each of 2 candidates, totalling 2 fits
      -> [LogisticRegression + Jittering Set 10] Acc: 0.9967, F1: 0.9967, Time: 0.18s
      [!] Failed evaluation with RNN on Jittering Set 10: name 'os' is not defined
    [=== Generating 3x synthetic data with Jittering (Set 1, Params: {'sigma': 0.03}) ===]
n_iterations: 4
n_required_iterations: 4
n_possible_iterations: 7
min_resources_: 6
max_resources_: 11600
aggressive_elimination: False
factor: 3
----------
iter: 0
n_candidates: 50
n_resources: 6
Fitting 1 folds for each of 50 candidates, totalling 50 fits
----------
iter: 1
n_candidates: 17
n_resources: 18
Fitting 1 folds for each of 17 candidates, totalling 17 fits
----------
iter: 2
n_candidates: 6
n_resources: 54
Fitting 1 folds for each of 6 candidates, totalling 6 fits
----------
iter: 3
n_candidates: 2
n_resources: 162
Fitting 1 folds for each of 2 candidates, totalling 2 fits
      -> [KNN + Jittering Set 1] Acc: 1.0000, F1: 1.0000, Time: 0.04s
n_iterations: 4
n_required_iterations: 4
n_possible_iterations: 7
min_resources_: 6
max_resources_: 11600
aggressive_elimination: False
factor: 3
----------
iter: 0
n_candidates: 50
n_resources: 6
Fitting 1 folds for each of 50 candidates, totalling 50 fits
----------
iter: 1
n_candidates: 17
n_resources: 18
Fitting 1 folds for each of 17 candidates, totalling 17 fits
----------
iter: 2
n_candidates: 6
n_resources: 54
Fitting 1 folds for each of 6 candidates, totalling 6 fits
----------
iter: 3
n_candidates: 2
n_resources: 162
Fitting 1 folds for each of 2 candidates, totalling 2 fits
      -> [RandomForest + Jittering Set 1] Acc: 0.9200, F1: 0.9206, Time: 0.61s
n_iterations: 4
n_required_iterations: 4
n_possible_iterations: 7
min_resources_: 6
max_resources_: 11600
aggressive_elimination: False
factor: 3
----------
iter: 0
n_candidates: 50
n_resources: 6
Fitting 1 folds for each of 50 candidates, totalling 50 fits
----------
iter: 1
n_candidates: 17
n_resources: 18
Fitting 1 folds for each of 17 candidates, totalling 17 fits
----------
iter: 2
n_candidates: 6
n_resources: 54
Fitting 1 folds for each of 6 candidates, totalling 6 fits
----------
iter: 3
n_candidates: 2
n_resources: 162
Fitting 1 folds for each of 2 candidates, totalling 2 fits
      -> [LinearSVC + Jittering Set 1] Acc: 0.9367, F1: 0.9352, Time: 0.07s
n_iterations: 4
n_required_iterations: 4
n_possible_iterations: 7
min_resources_: 6
max_resources_: 11600
aggressive_elimination: False
factor: 3
----------
iter: 0
n_candidates: 50
n_resources: 6
Fitting 1 folds for each of 50 candidates, totalling 50 fits
----------
iter: 1
n_candidates: 17
n_resources: 18
Fitting 1 folds for each of 17 candidates, totalling 17 fits
----------
iter: 2
n_candidates: 6
n_resources: 54
Fitting 1 folds for each of 6 candidates, totalling 6 fits
----------
iter: 3
n_candidates: 2
n_resources: 162
Fitting 1 folds for each of 2 candidates, totalling 2 fits
      -> [LogisticRegression + Jittering Set 1] Acc: 0.9950, F1: 0.9950, Time: 0.22s
      [!] Failed evaluation with RNN on Jittering Set 1: name 'os' is not defined
    [=== Generating 3x synthetic data with Jittering (Set 2, Params: {'sigma': 0.1}) ===]
n_iterations: 4
n_required_iterations: 4
n_possible_iterations: 7
min_resources_: 6
max_resources_: 11600
aggressive_elimination: False
factor: 3
----------
iter: 0
n_candidates: 50
n_resources: 6
Fitting 1 folds for each of 50 candidates, totalling 50 fits
----------
iter: 1
n_candidates: 17
n_resources: 18
Fitting 1 folds for each of 17 candidates, totalling 17 fits
----------
iter: 2
n_candidates: 6
n_resources: 54
Fitting 1 folds for each of 6 candidates, totalling 6 fits
----------
iter: 3
n_candidates: 2
n_resources: 162
Fitting 1 folds for each of 2 candidates, totalling 2 fits
      -> [KNN + Jittering Set 2] Acc: 1.0000, F1: 1.0000, Time: 0.03s
n_iterations: 4
n_required_iterations: 4
n_possible_iterations: 7
min_resources_: 6
max_resources_: 11600
aggressive_elimination: False
factor: 3
----------
iter: 0
n_candidates: 50
n_resources: 6
Fitting 1 folds for each of 50 candidates, totalling 50 fits
----------
iter: 1
n_candidates: 17
n_resources: 18
Fitting 1 folds for each of 17 candidates, totalling 17 fits
----------
iter: 2
n_candidates: 6
n_resources: 54
Fitting 1 folds for each of 6 candidates, totalling 6 fits
----------
iter: 3
n_candidates: 2
n_resources: 162
Fitting 1 folds for each of 2 candidates, totalling 2 fits
      -> [RandomForest + Jittering Set 2] Acc: 0.9333, F1: 0.9336, Time: 0.66s
n_iterations: 4
n_required_iterations: 4
n_possible_iterations: 7
min_resources_: 6
max_resources_: 11600
aggressive_elimination: False
factor: 3
----------
iter: 0
n_candidates: 50
n_resources: 6
Fitting 1 folds for each of 50 candidates, totalling 50 fits
----------
iter: 1
n_candidates: 17
n_resources: 18
Fitting 1 folds for each of 17 candidates, totalling 17 fits
----------
iter: 2
n_candidates: 6
n_resources: 54
Fitting 1 folds for each of 6 candidates, totalling 6 fits
----------
iter: 3
n_candidates: 2
n_resources: 162
Fitting 1 folds for each of 2 candidates, totalling 2 fits
      -> [LinearSVC + Jittering Set 2] Acc: 0.8000, F1: 0.7709, Time: 0.02s
n_iterations: 4
n_required_iterations: 4
n_possible_iterations: 7
min_resources_: 6
max_resources_: 11600
aggressive_elimination: False
factor: 3
----------
iter: 0
n_candidates: 50
n_resources: 6
Fitting 1 folds for each of 50 candidates, totalling 50 fits
----------
iter: 1
n_candidates: 17
n_resources: 18
Fitting 1 folds for each of 17 candidates, totalling 17 fits
----------
iter: 2
n_candidates: 6
n_resources: 54
Fitting 1 folds for each of 6 candidates, totalling 6 fits
----------
iter: 3
n_candidates: 2
n_resources: 162
Fitting 1 folds for each of 2 candidates, totalling 2 fits
      -> [LogisticRegression + Jittering Set 2] Acc: 0.9950, F1: 0.9950, Time: 0.10s
      [!] Failed evaluation with RNN on Jittering Set 2: name 'os' is not defined
    [=== Generating 3x synthetic data with Jittering (Set 3, Params: {'sigma': 0.15}) ===]
n_iterations: 4
n_required_iterations: 4
n_possible_iterations: 7
min_resources_: 6
max_resources_: 11600
aggressive_elimination: False
factor: 3
----------
iter: 0
n_candidates: 50
n_resources: 6
Fitting 1 folds for each of 50 candidates, totalling 50 fits
----------
iter: 1
n_candidates: 17
n_resources: 18
Fitting 1 folds for each of 17 candidates, totalling 17 fits
----------
iter: 2
n_candidates: 6
n_resources: 54
Fitting 1 folds for each of 6 candidates, totalling 6 fits
----------
iter: 3
n_candidates: 2
n_resources: 162
Fitting 1 folds for each of 2 candidates, totalling 2 fits
      -> [KNN + Jittering Set 3] Acc: 1.0000, F1: 1.0000, Time: 0.02s
n_iterations: 4
n_required_iterations: 4
n_possible_iterations: 7
min_resources_: 6
max_resources_: 11600
aggressive_elimination: False
factor: 3
----------
iter: 0
n_candidates: 50
n_resources: 6
Fitting 1 folds for each of 50 candidates, totalling 50 fits
----------
iter: 1
n_candidates: 17
n_resources: 18
Fitting 1 folds for each of 17 candidates, totalling 17 fits
----------
iter: 2
n_candidates: 6
n_resources: 54
Fitting 1 folds for each of 6 candidates, totalling 6 fits
----------
iter: 3
n_candidates: 2
n_resources: 162
Fitting 1 folds for each of 2 candidates, totalling 2 fits
      -> [RandomForest + Jittering Set 3] Acc: 0.9700, F1: 0.9699, Time: 0.71s
n_iterations: 4
n_required_iterations: 4
n_possible_iterations: 7
min_resources_: 6
max_resources_: 11600
aggressive_elimination: False
factor: 3
----------
iter: 0
n_candidates: 50
n_resources: 6
Fitting 1 folds for each of 50 candidates, totalling 50 fits
----------
iter: 1
n_candidates: 17
n_resources: 18
Fitting 1 folds for each of 17 candidates, totalling 17 fits
----------
iter: 2
n_candidates: 6
n_resources: 54
Fitting 1 folds for each of 6 candidates, totalling 6 fits
----------
iter: 3
n_candidates: 2
n_resources: 162
Fitting 1 folds for each of 2 candidates, totalling 2 fits
      -> [LinearSVC + Jittering Set 3] Acc: 0.9167, F1: 0.9139, Time: 0.07s
n_iterations: 4
n_required_iterations: 4
n_possible_iterations: 7
min_resources_: 6
max_resources_: 11600
aggressive_elimination: False
factor: 3
----------
iter: 0
n_candidates: 50
n_resources: 6
Fitting 1 folds for each of 50 candidates, totalling 50 fits
----------
iter: 1
n_candidates: 17
n_resources: 18
Fitting 1 folds for each of 17 candidates, totalling 17 fits
----------
iter: 2
n_candidates: 6
n_resources: 54
Fitting 1 folds for each of 6 candidates, totalling 6 fits
----------
iter: 3
n_candidates: 2
n_resources: 162
Fitting 1 folds for each of 2 candidates, totalling 2 fits
      -> [LogisticRegression + Jittering Set 3] Acc: 0.9933, F1: 0.9933, Time: 0.08s
      [!] Failed evaluation with RNN on Jittering Set 3: name 'os' is not defined
    [=== Generating 3x synthetic data with Jittering (Set 4, Params: {'sigma': 0.05}) ===]
n_iterations: 4
n_required_iterations: 4
n_possible_iterations: 7
min_resources_: 6
max_resources_: 11600
aggressive_elimination: False
factor: 3
----------
iter: 0
n_candidates: 50
n_resources: 6
Fitting 1 folds for each of 50 candidates, totalling 50 fits
----------
iter: 1
n_candidates: 17
n_resources: 18
Fitting 1 folds for each of 17 candidates, totalling 17 fits
----------
iter: 2
n_candidates: 6
n_resources: 54
Fitting 1 folds for each of 6 candidates, totalling 6 fits
----------
iter: 3
n_candidates: 2
n_resources: 162
Fitting 1 folds for each of 2 candidates, totalling 2 fits
      -> [KNN + Jittering Set 4] Acc: 1.0000, F1: 1.0000, Time: 0.04s
n_iterations: 4
n_required_iterations: 4
n_possible_iterations: 7
min_resources_: 6
max_resources_: 11600
aggressive_elimination: False
factor: 3
----------
iter: 0
n_candidates: 50
n_resources: 6
Fitting 1 folds for each of 50 candidates, totalling 50 fits
----------
iter: 1
n_candidates: 17
n_resources: 18
Fitting 1 folds for each of 17 candidates, totalling 17 fits
----------
iter: 2
n_candidates: 6
n_resources: 54
Fitting 1 folds for each of 6 candidates, totalling 6 fits
----------
iter: 3
n_candidates: 2
n_resources: 162
Fitting 1 folds for each of 2 candidates, totalling 2 fits
      -> [RandomForest + Jittering Set 4] Acc: 0.9283, F1: 0.9288, Time: 0.62s
n_iterations: 4
n_required_iterations: 4
n_possible_iterations: 7
min_resources_: 6
max_resources_: 11600
aggressive_elimination: False
factor: 3
----------
iter: 0
n_candidates: 50
n_resources: 6
Fitting 1 folds for each of 50 candidates, totalling 50 fits
----------
iter: 1
n_candidates: 17
n_resources: 18
Fitting 1 folds for each of 17 candidates, totalling 17 fits
----------
iter: 2
n_candidates: 6
n_resources: 54
Fitting 1 folds for each of 6 candidates, totalling 6 fits
----------
iter: 3
n_candidates: 2
n_resources: 162
Fitting 1 folds for each of 2 candidates, totalling 2 fits
      -> [LinearSVC + Jittering Set 4] Acc: 0.9333, F1: 0.9317, Time: 0.07s
n_iterations: 4
n_required_iterations: 4
n_possible_iterations: 7
min_resources_: 6
max_resources_: 11600
aggressive_elimination: False
factor: 3
----------
iter: 0
n_candidates: 50
n_resources: 6
Fitting 1 folds for each of 50 candidates, totalling 50 fits
----------
iter: 1
n_candidates: 17
n_resources: 18
Fitting 1 folds for each of 17 candidates, totalling 17 fits
----------
iter: 2
n_candidates: 6
n_resources: 54
Fitting 1 folds for each of 6 candidates, totalling 6 fits
----------
iter: 3
n_candidates: 2
n_resources: 162
Fitting 1 folds for each of 2 candidates, totalling 2 fits
      -> [LogisticRegression + Jittering Set 4] Acc: 0.9967, F1: 0.9967, Time: 0.21s
      [!] Failed evaluation with RNN on Jittering Set 4: name 'os' is not defined
    [=== Generating 3x synthetic data with Jittering (Set 5, Params: {'sigma': 0.15}) ===]
n_iterations: 4
n_required_iterations: 4
n_possible_iterations: 7
min_resources_: 6
max_resources_: 11600
aggressive_elimination: False
factor: 3
----------
iter: 0
n_candidates: 50
n_resources: 6
Fitting 1 folds for each of 50 candidates, totalling 50 fits
----------
iter: 1
n_candidates: 17
n_resources: 18
Fitting 1 folds for each of 17 candidates, totalling 17 fits
----------
iter: 2
n_candidates: 6
n_resources: 54
Fitting 1 folds for each of 6 candidates, totalling 6 fits
----------
iter: 3
n_candidates: 2
n_resources: 162
Fitting 1 folds for each of 2 candidates, totalling 2 fits
      -> [KNN + Jittering Set 5] Acc: 1.0000, F1: 1.0000, Time: 0.02s
n_iterations: 4
n_required_iterations: 4
n_possible_iterations: 7
min_resources_: 6
max_resources_: 11600
aggressive_elimination: False
factor: 3
----------
iter: 0
n_candidates: 50
n_resources: 6
Fitting 1 folds for each of 50 candidates, totalling 50 fits
----------
iter: 1
n_candidates: 17
n_resources: 18
Fitting 1 folds for each of 17 candidates, totalling 17 fits
----------
iter: 2
n_candidates: 6
n_resources: 54
Fitting 1 folds for each of 6 candidates, totalling 6 fits
----------
iter: 3
n_candidates: 2
n_resources: 162
Fitting 1 folds for each of 2 candidates, totalling 2 fits
      -> [RandomForest + Jittering Set 5] Acc: 0.9400, F1: 0.9402, Time: 0.67s
n_iterations: 4
n_required_iterations: 4
n_possible_iterations: 7
min_resources_: 6
max_resources_: 11600
aggressive_elimination: False
factor: 3
----------
iter: 0
n_candidates: 50
n_resources: 6
Fitting 1 folds for each of 50 candidates, totalling 50 fits
----------
iter: 1
n_candidates: 17
n_resources: 18
Fitting 1 folds for each of 17 candidates, totalling 17 fits
----------
iter: 2
n_candidates: 6
n_resources: 54
Fitting 1 folds for each of 6 candidates, totalling 6 fits
----------
iter: 3
n_candidates: 2
n_resources: 162
Fitting 1 folds for each of 2 candidates, totalling 2 fits
      -> [LinearSVC + Jittering Set 5] Acc: 0.9133, F1: 0.9103, Time: 0.06s
n_iterations: 4
n_required_iterations: 4
n_possible_iterations: 7
min_resources_: 6
max_resources_: 11600
aggressive_elimination: False
factor: 3
----------
iter: 0
n_candidates: 50
n_resources: 6
Fitting 1 folds for each of 50 candidates, totalling 50 fits
----------
iter: 1
n_candidates: 17
n_resources: 18
Fitting 1 folds for each of 17 candidates, totalling 17 fits
----------
iter: 2
n_candidates: 6
n_resources: 54
Fitting 1 folds for each of 6 candidates, totalling 6 fits
----------
iter: 3
n_candidates: 2
n_resources: 162
Fitting 1 folds for each of 2 candidates, totalling 2 fits
      -> [LogisticRegression + Jittering Set 5] Acc: 0.9933, F1: 0.9933, Time: 0.09s
      [!] Failed evaluation with RNN on Jittering Set 5: name 'os' is not defined
    [=== Generating 3x synthetic data with Jittering (Set 6, Params: {'sigma': 0.15}) ===]
n_iterations: 4
n_required_iterations: 4
n_possible_iterations: 7
min_resources_: 6
max_resources_: 11600
aggressive_elimination: False
factor: 3
----------
iter: 0
n_candidates: 50
n_resources: 6
Fitting 1 folds for each of 50 candidates, totalling 50 fits
----------
iter: 1
n_candidates: 17
n_resources: 18
Fitting 1 folds for each of 17 candidates, totalling 17 fits
----------
iter: 2
n_candidates: 6
n_resources: 54
Fitting 1 folds for each of 6 candidates, totalling 6 fits
----------
iter: 3
n_candidates: 2
n_resources: 162
Fitting 1 folds for each of 2 candidates, totalling 2 fits
      -> [KNN + Jittering Set 6] Acc: 0.9983, F1: 0.9983, Time: 0.02s
n_iterations: 4
n_required_iterations: 4
n_possible_iterations: 7
min_resources_: 6
max_resources_: 11600
aggressive_elimination: False
factor: 3
----------
iter: 0
n_candidates: 50
n_resources: 6
Fitting 1 folds for each of 50 candidates, totalling 50 fits
----------
iter: 1
n_candidates: 17
n_resources: 18
Fitting 1 folds for each of 17 candidates, totalling 17 fits
----------
iter: 2
n_candidates: 6
n_resources: 54
Fitting 1 folds for each of 6 candidates, totalling 6 fits
----------
iter: 3
n_candidates: 2
n_resources: 162
Fitting 1 folds for each of 2 candidates, totalling 2 fits
      -> [RandomForest + Jittering Set 6] Acc: 0.9433, F1: 0.9434, Time: 0.77s
n_iterations: 4
n_required_iterations: 4
n_possible_iterations: 7
min_resources_: 6
max_resources_: 11600
aggressive_elimination: False
factor: 3
----------
iter: 0
n_candidates: 50
n_resources: 6
Fitting 1 folds for each of 50 candidates, totalling 50 fits
----------
iter: 1
n_candidates: 17
n_resources: 18
Fitting 1 folds for each of 17 candidates, totalling 17 fits
----------
iter: 2
n_candidates: 6
n_resources: 54
Fitting 1 folds for each of 6 candidates, totalling 6 fits
----------
iter: 3
n_candidates: 2
n_resources: 162
Fitting 1 folds for each of 2 candidates, totalling 2 fits
      -> [LinearSVC + Jittering Set 6] Acc: 0.9100, F1: 0.9067, Time: 0.08s
n_iterations: 4
n_required_iterations: 4
n_possible_iterations: 7
min_resources_: 6
max_resources_: 11600
aggressive_elimination: False
factor: 3
----------
iter: 0
n_candidates: 50
n_resources: 6
Fitting 1 folds for each of 50 candidates, totalling 50 fits
----------
iter: 1
n_candidates: 17
n_resources: 18
Fitting 1 folds for each of 17 candidates, totalling 17 fits
----------
iter: 2
n_candidates: 6
n_resources: 54
Fitting 1 folds for each of 6 candidates, totalling 6 fits
----------
iter: 3
n_candidates: 2
n_resources: 162
Fitting 1 folds for each of 2 candidates, totalling 2 fits
      -> [LogisticRegression + Jittering Set 6] Acc: 0.9933, F1: 0.9933, Time: 0.13s
      [!] Failed evaluation with RNN on Jittering Set 6: name 'os' is not defined
    [=== Generating 3x synthetic data with Jittering (Set 7, Params: {'sigma': 0.03}) ===]
n_iterations: 4
n_required_iterations: 4
n_possible_iterations: 7
min_resources_: 6
max_resources_: 11600
aggressive_elimination: False
factor: 3
----------
iter: 0
n_candidates: 50
n_resources: 6
Fitting 1 folds for each of 50 candidates, totalling 50 fits
----------
iter: 1
n_candidates: 17
n_resources: 18
Fitting 1 folds for each of 17 candidates, totalling 17 fits
----------
iter: 2
n_candidates: 6
n_resources: 54
Fitting 1 folds for each of 6 candidates, totalling 6 fits
----------
iter: 3
n_candidates: 2
n_resources: 162
Fitting 1 folds for each of 2 candidates, totalling 2 fits
      -> [KNN + Jittering Set 7] Acc: 1.0000, F1: 1.0000, Time: 0.04s
n_iterations: 4
n_required_iterations: 4
n_possible_iterations: 7
min_resources_: 6
max_resources_: 11600
aggressive_elimination: False
factor: 3
----------
iter: 0
n_candidates: 50
n_resources: 6
Fitting 1 folds for each of 50 candidates, totalling 50 fits
----------
iter: 1
n_candidates: 17
n_resources: 18
Fitting 1 folds for each of 17 candidates, totalling 17 fits
----------
iter: 2
n_candidates: 6
n_resources: 54
Fitting 1 folds for each of 6 candidates, totalling 6 fits
----------
iter: 3
n_candidates: 2
n_resources: 162
Fitting 1 folds for each of 2 candidates, totalling 2 fits
      -> [RandomForest + Jittering Set 7] Acc: 0.9167, F1: 0.9170, Time: 0.68s
n_iterations: 4
n_required_iterations: 4
n_possible_iterations: 7
min_resources_: 6
max_resources_: 11600
aggressive_elimination: False
factor: 3
----------
iter: 0
n_candidates: 50
n_resources: 6
Fitting 1 folds for each of 50 candidates, totalling 50 fits
----------
iter: 1
n_candidates: 17
n_resources: 18
Fitting 1 folds for each of 17 candidates, totalling 17 fits
----------
iter: 2
n_candidates: 6
n_resources: 54
Fitting 1 folds for each of 6 candidates, totalling 6 fits
----------
iter: 3
n_candidates: 2
n_resources: 162
Fitting 1 folds for each of 2 candidates, totalling 2 fits
      -> [LinearSVC + Jittering Set 7] Acc: 0.9367, F1: 0.9352, Time: 0.07s
n_iterations: 4
n_required_iterations: 4
n_possible_iterations: 7
min_resources_: 6
max_resources_: 11600
aggressive_elimination: False
factor: 3
----------
iter: 0
n_candidates: 50
n_resources: 6
Fitting 1 folds for each of 50 candidates, totalling 50 fits
----------
iter: 1
n_candidates: 17
n_resources: 18
Fitting 1 folds for each of 17 candidates, totalling 17 fits
----------
iter: 2
n_candidates: 6
n_resources: 54
Fitting 1 folds for each of 6 candidates, totalling 6 fits
----------
iter: 3
n_candidates: 2
n_resources: 162
Fitting 1 folds for each of 2 candidates, totalling 2 fits
      -> [LogisticRegression + Jittering Set 7] Acc: 0.9967, F1: 0.9967, Time: 0.32s
      [!] Failed evaluation with RNN on Jittering Set 7: name 'os' is not defined
    [=== Generating 3x synthetic data with Jittering (Set 8, Params: {'sigma': 0.05}) ===]
n_iterations: 4
n_required_iterations: 4
n_possible_iterations: 7
min_resources_: 6
max_resources_: 11600
aggressive_elimination: False
factor: 3
----------
iter: 0
n_candidates: 50
n_resources: 6
Fitting 1 folds for each of 50 candidates, totalling 50 fits
----------
iter: 1
n_candidates: 17
n_resources: 18
Fitting 1 folds for each of 17 candidates, totalling 17 fits
----------
iter: 2
n_candidates: 6
n_resources: 54
Fitting 1 folds for each of 6 candidates, totalling 6 fits
----------
iter: 3
n_candidates: 2
n_resources: 162
Fitting 1 folds for each of 2 candidates, totalling 2 fits
      -> [KNN + Jittering Set 8] Acc: 1.0000, F1: 1.0000, Time: 0.05s
n_iterations: 4
n_required_iterations: 4
n_possible_iterations: 7
min_resources_: 6
max_resources_: 11600
aggressive_elimination: False
factor: 3
----------
iter: 0
n_candidates: 50
n_resources: 6
Fitting 1 folds for each of 50 candidates, totalling 50 fits
----------
iter: 1
n_candidates: 17
n_resources: 18
Fitting 1 folds for each of 17 candidates, totalling 17 fits
----------
iter: 2
n_candidates: 6
n_resources: 54
Fitting 1 folds for each of 6 candidates, totalling 6 fits
----------
iter: 3
n_candidates: 2
n_resources: 162
Fitting 1 folds for each of 2 candidates, totalling 2 fits
      -> [RandomForest + Jittering Set 8] Acc: 0.9383, F1: 0.9385, Time: 0.63s
n_iterations: 4
n_required_iterations: 4
n_possible_iterations: 7
min_resources_: 6
max_resources_: 11600
aggressive_elimination: False
factor: 3
----------
iter: 0
n_candidates: 50
n_resources: 6
Fitting 1 folds for each of 50 candidates, totalling 50 fits
----------
iter: 1
n_candidates: 17
n_resources: 18
Fitting 1 folds for each of 17 candidates, totalling 17 fits
----------
iter: 2
n_candidates: 6
n_resources: 54
Fitting 1 folds for each of 6 candidates, totalling 6 fits
----------
iter: 3
n_candidates: 2
n_resources: 162
Fitting 1 folds for each of 2 candidates, totalling 2 fits
      -> [LinearSVC + Jittering Set 8] Acc: 0.9400, F1: 0.9387, Time: 0.06s
n_iterations: 4
n_required_iterations: 4
n_possible_iterations: 7
min_resources_: 6
max_resources_: 11600
aggressive_elimination: False
factor: 3
----------
iter: 0
n_candidates: 50
n_resources: 6
Fitting 1 folds for each of 50 candidates, totalling 50 fits
----------
iter: 1
n_candidates: 17
n_resources: 18
Fitting 1 folds for each of 17 candidates, totalling 17 fits
----------
iter: 2
n_candidates: 6
n_resources: 54
Fitting 1 folds for each of 6 candidates, totalling 6 fits
----------
iter: 3
n_candidates: 2
n_resources: 162
Fitting 1 folds for each of 2 candidates, totalling 2 fits
      -> [LogisticRegression + Jittering Set 8] Acc: 0.9967, F1: 0.9967, Time: 0.22s
      [!] Failed evaluation with RNN on Jittering Set 8: name 'os' is not defined
    [=== Generating 3x synthetic data with Jittering (Set 9, Params: {'sigma': 0.05}) ===]
n_iterations: 4
n_required_iterations: 4
n_possible_iterations: 7
min_resources_: 6
max_resources_: 11600
aggressive_elimination: False
factor: 3
----------
iter: 0
n_candidates: 50
n_resources: 6
Fitting 1 folds for each of 50 candidates, totalling 50 fits
----------
iter: 1
n_candidates: 17
n_resources: 18
Fitting 1 folds for each of 17 candidates, totalling 17 fits
----------
iter: 2
n_candidates: 6
n_resources: 54
Fitting 1 folds for each of 6 candidates, totalling 6 fits
----------
iter: 3
n_candidates: 2
n_resources: 162
Fitting 1 folds for each of 2 candidates, totalling 2 fits
      -> [KNN + Jittering Set 9] Acc: 1.0000, F1: 1.0000, Time: 0.04s
n_iterations: 4
n_required_iterations: 4
n_possible_iterations: 7
min_resources_: 6
max_resources_: 11600
aggressive_elimination: False
factor: 3
----------
iter: 0
n_candidates: 50
n_resources: 6
Fitting 1 folds for each of 50 candidates, totalling 50 fits
----------
iter: 1
n_candidates: 17
n_resources: 18
Fitting 1 folds for each of 17 candidates, totalling 17 fits
----------
iter: 2
n_candidates: 6
n_resources: 54
Fitting 1 folds for each of 6 candidates, totalling 6 fits
----------
iter: 3
n_candidates: 2
n_resources: 162
Fitting 1 folds for each of 2 candidates, totalling 2 fits
      -> [RandomForest + Jittering Set 9] Acc: 0.9200, F1: 0.9203, Time: 0.70s
n_iterations: 4
n_required_iterations: 4
n_possible_iterations: 7
min_resources_: 6
max_resources_: 11600
aggressive_elimination: False
factor: 3
----------
iter: 0
n_candidates: 50
n_resources: 6
Fitting 1 folds for each of 50 candidates, totalling 50 fits
----------
iter: 1
n_candidates: 17
n_resources: 18
Fitting 1 folds for each of 17 candidates, totalling 17 fits
----------
iter: 2
n_candidates: 6
n_resources: 54
Fitting 1 folds for each of 6 candidates, totalling 6 fits
----------
iter: 3
n_candidates: 2
n_resources: 162
Fitting 1 folds for each of 2 candidates, totalling 2 fits
      -> [LinearSVC + Jittering Set 9] Acc: 0.9333, F1: 0.9317, Time: 0.08s
n_iterations: 4
n_required_iterations: 4
n_possible_iterations: 7
min_resources_: 6
max_resources_: 11600
aggressive_elimination: False
factor: 3
----------
iter: 0
n_candidates: 50
n_resources: 6
Fitting 1 folds for each of 50 candidates, totalling 50 fits
----------
iter: 1
n_candidates: 17
n_resources: 18
Fitting 1 folds for each of 17 candidates, totalling 17 fits
----------
iter: 2
n_candidates: 6
n_resources: 54
Fitting 1 folds for each of 6 candidates, totalling 6 fits
----------
iter: 3
n_candidates: 2
n_resources: 162
Fitting 1 folds for each of 2 candidates, totalling 2 fits
      -> [LogisticRegression + Jittering Set 9] Acc: 0.9967, F1: 0.9967, Time: 0.15s
      [!] Failed evaluation with RNN on Jittering Set 9: name 'os' is not defined
    [=== Generating 3x synthetic data with Jittering (Set 10, Params: {'sigma': 0.05}) ===]
n_iterations: 4
n_required_iterations: 4
n_possible_iterations: 7
min_resources_: 6
max_resources_: 11600
aggressive_elimination: False
factor: 3
----------
iter: 0
n_candidates: 50
n_resources: 6
Fitting 1 folds for each of 50 candidates, totalling 50 fits
----------
iter: 1
n_candidates: 17
n_resources: 18
Fitting 1 folds for each of 17 candidates, totalling 17 fits
----------
iter: 2
n_candidates: 6
n_resources: 54
Fitting 1 folds for each of 6 candidates, totalling 6 fits
----------
iter: 3
n_candidates: 2
n_resources: 162
Fitting 1 folds for each of 2 candidates, totalling 2 fits
      -> [KNN + Jittering Set 10] Acc: 1.0000, F1: 1.0000, Time: 0.04s
n_iterations: 4
n_required_iterations: 4
n_possible_iterations: 7
min_resources_: 6
max_resources_: 11600
aggressive_elimination: False
factor: 3
----------
iter: 0
n_candidates: 50
n_resources: 6
Fitting 1 folds for each of 50 candidates, totalling 50 fits
----------
iter: 1
n_candidates: 17
n_resources: 18
Fitting 1 folds for each of 17 candidates, totalling 17 fits
----------
iter: 2
n_candidates: 6
n_resources: 54
Fitting 1 folds for each of 6 candidates, totalling 6 fits
----------
iter: 3
n_candidates: 2
n_resources: 162
Fitting 1 folds for each of 2 candidates, totalling 2 fits
      -> [RandomForest + Jittering Set 10] Acc: 0.9317, F1: 0.9320, Time: 0.70s
n_iterations: 4
n_required_iterations: 4
n_possible_iterations: 7
min_resources_: 6
max_resources_: 11600
aggressive_elimination: False
factor: 3
----------
iter: 0
n_candidates: 50
n_resources: 6
Fitting 1 folds for each of 50 candidates, totalling 50 fits
----------
iter: 1
n_candidates: 17
n_resources: 18
Fitting 1 folds for each of 17 candidates, totalling 17 fits
----------
iter: 2
n_candidates: 6
n_resources: 54
Fitting 1 folds for each of 6 candidates, totalling 6 fits
----------
iter: 3
n_candidates: 2
n_resources: 162
Fitting 1 folds for each of 2 candidates, totalling 2 fits
      -> [LinearSVC + Jittering Set 10] Acc: 0.9350, F1: 0.9335, Time: 0.08s
n_iterations: 4
n_required_iterations: 4
n_possible_iterations: 7
min_resources_: 6
max_resources_: 11600
aggressive_elimination: False
factor: 3
----------
iter: 0
n_candidates: 50
n_resources: 6
Fitting 1 folds for each of 50 candidates, totalling 50 fits
----------
iter: 1
n_candidates: 17
n_resources: 18
Fitting 1 folds for each of 17 candidates, totalling 17 fits
----------
iter: 2
n_candidates: 6
n_resources: 54
Fitting 1 folds for each of 6 candidates, totalling 6 fits
----------
iter: 3
n_candidates: 2
n_resources: 162
Fitting 1 folds for each of 2 candidates, totalling 2 fits
      -> [LogisticRegression + Jittering Set 10] Acc: 0.9967, F1: 0.9967, Time: 0.23s
      [!] Failed evaluation with RNN on Jittering Set 10: name 'os' is not defined
    [=== Generating 5x synthetic data with Jittering (Set 1, Params: {'sigma': 0.03}) ===]
n_iterations: 4
n_required_iterations: 4
n_possible_iterations: 8
min_resources_: 6
max_resources_: 17400
aggressive_elimination: False
factor: 3
----------
iter: 0
n_candidates: 50
n_resources: 6
Fitting 1 folds for each of 50 candidates, totalling 50 fits
      -> [KNN + Jittering Set 1] Acc: 1.0000, F1: 1.0000, Time: 0.05s
n_iterations: 4
n_required_iterations: 4
n_possible_iterations: 8
min_resources_: 6
max_resources_: 17400
aggressive_elimination: False
factor: 3
----------
iter: 0
n_candidates: 50
n_resources: 6
Fitting 1 folds for each of 50 candidates, totalling 50 fits
      -> [RandomForest + Jittering Set 1] Acc: 0.9217, F1: 0.9221, Time: 2.75s
n_iterations: 4
n_required_iterations: 4
n_possible_iterations: 8
min_resources_: 6
max_resources_: 17400
aggressive_elimination: False
factor: 3
----------
iter: 0
n_candidates: 50
n_resources: 6
Fitting 1 folds for each of 50 candidates, totalling 50 fits
      -> [LinearSVC + Jittering Set 1] Acc: 0.9767, F1: 0.9765, Time: 0.05s
n_iterations: 4
n_required_iterations: 4
n_possible_iterations: 8
min_resources_: 6
max_resources_: 17400
aggressive_elimination: False
factor: 3
----------
iter: 0
n_candidates: 50
n_resources: 6
Fitting 1 folds for each of 50 candidates, totalling 50 fits
      -> [LogisticRegression + Jittering Set 1] Acc: 0.9967, F1: 0.9967, Time: 0.40s
      [!] Failed evaluation with RNN on Jittering Set 1: name 'os' is not defined
    [=== Generating 5x synthetic data with Jittering (Set 2, Params: {'sigma': 0.1}) ===]
n_iterations: 4
n_required_iterations: 4
n_possible_iterations: 8
min_resources_: 6
max_resources_: 17400
aggressive_elimination: False
factor: 3
----------
iter: 0
n_candidates: 50
n_resources: 6
Fitting 1 folds for each of 50 candidates, totalling 50 fits
      -> [KNN + Jittering Set 2] Acc: 1.0000, F1: 1.0000, Time: 0.05s
n_iterations: 4
n_required_iterations: 4
n_possible_iterations: 8
min_resources_: 6
max_resources_: 17400
aggressive_elimination: False
factor: 3
----------
iter: 0
n_candidates: 50
n_resources: 6
Fitting 1 folds for each of 50 candidates, totalling 50 fits
      -> [RandomForest + Jittering Set 2] Acc: 0.9383, F1: 0.9385, Time: 2.69s
n_iterations: 4
n_required_iterations: 4
n_possible_iterations: 8
min_resources_: 6
max_resources_: 17400
aggressive_elimination: False
factor: 3
----------
iter: 0
n_candidates: 50
n_resources: 6
Fitting 1 folds for each of 50 candidates, totalling 50 fits
      -> [LinearSVC + Jittering Set 2] Acc: 0.9400, F1: 0.9387, Time: 0.05s
n_iterations: 4
n_required_iterations: 4
n_possible_iterations: 8
min_resources_: 6
max_resources_: 17400
aggressive_elimination: False
factor: 3
----------
iter: 0
n_candidates: 50
n_resources: 6
Fitting 1 folds for each of 50 candidates, totalling 50 fits
      -> [LogisticRegression + Jittering Set 2] Acc: 0.9933, F1: 0.9933, Time: 0.25s
      [!] Failed evaluation with RNN on Jittering Set 2: name 'os' is not defined
    [=== Generating 5x synthetic data with Jittering (Set 3, Params: {'sigma': 0.15}) ===]
n_iterations: 4
n_required_iterations: 4
n_possible_iterations: 8
min_resources_: 6
max_resources_: 17400
aggressive_elimination: False
factor: 3
----------
iter: 0
n_candidates: 50
n_resources: 6
Fitting 1 folds for each of 50 candidates, totalling 50 fits
      -> [KNN + Jittering Set 3] Acc: 1.0000, F1: 1.0000, Time: 0.05s
n_iterations: 4
n_required_iterations: 4
n_possible_iterations: 8
min_resources_: 6
max_resources_: 17400
aggressive_elimination: False
factor: 3
----------
iter: 0
n_candidates: 50
n_resources: 6
Fitting 1 folds for each of 50 candidates, totalling 50 fits
      -> [RandomForest + Jittering Set 3] Acc: 0.9783, F1: 0.9782, Time: 3.06s
n_iterations: 4
n_required_iterations: 4
n_possible_iterations: 8
min_resources_: 6
max_resources_: 17400
aggressive_elimination: False
factor: 3
----------
iter: 0
n_candidates: 50
n_resources: 6
Fitting 1 folds for each of 50 candidates, totalling 50 fits
      -> [LinearSVC + Jittering Set 3] Acc: 0.9117, F1: 0.9085, Time: 0.04s
n_iterations: 4
n_required_iterations: 4
n_possible_iterations: 8
min_resources_: 6
max_resources_: 17400
aggressive_elimination: False
factor: 3
----------
iter: 0
n_candidates: 50
n_resources: 6
Fitting 1 folds for each of 50 candidates, totalling 50 fits
      -> [LogisticRegression + Jittering Set 3] Acc: 0.9933, F1: 0.9933, Time: 0.31s
      [!] Failed evaluation with RNN on Jittering Set 3: name 'os' is not defined
    [=== Generating 5x synthetic data with Jittering (Set 4, Params: {'sigma': 0.05}) ===]
n_iterations: 4
n_required_iterations: 4
n_possible_iterations: 8
min_resources_: 6
max_resources_: 17400
aggressive_elimination: False
factor: 3
----------
iter: 0
n_candidates: 50
n_resources: 6
Fitting 1 folds for each of 50 candidates, totalling 50 fits
      -> [KNN + Jittering Set 4] Acc: 1.0000, F1: 1.0000, Time: 0.05s
n_iterations: 4
n_required_iterations: 4
n_possible_iterations: 8
min_resources_: 6
max_resources_: 17400
aggressive_elimination: False
factor: 3
----------
iter: 0
n_candidates: 50
n_resources: 6
Fitting 1 folds for each of 50 candidates, totalling 50 fits
      -> [RandomForest + Jittering Set 4] Acc: 0.9267, F1: 0.9271, Time: 2.81s
n_iterations: 4
n_required_iterations: 4
n_possible_iterations: 8
min_resources_: 6
max_resources_: 17400
aggressive_elimination: False
factor: 3
----------
iter: 0
n_candidates: 50
n_resources: 6
Fitting 1 folds for each of 50 candidates, totalling 50 fits
      -> [LinearSVC + Jittering Set 4] Acc: 0.9750, F1: 0.9748, Time: 0.06s
n_iterations: 4
n_required_iterations: 4
n_possible_iterations: 8
min_resources_: 6
max_resources_: 17400
aggressive_elimination: False
factor: 3
----------
iter: 0
n_candidates: 50
n_resources: 6
Fitting 1 folds for each of 50 candidates, totalling 50 fits
      -> [LogisticRegression + Jittering Set 4] Acc: 0.9950, F1: 0.9950, Time: 0.41s
      [!] Failed evaluation with RNN on Jittering Set 4: name 'os' is not defined
    [=== Generating 5x synthetic data with Jittering (Set 5, Params: {'sigma': 0.15}) ===]
n_iterations: 4
n_required_iterations: 4
n_possible_iterations: 8
min_resources_: 6
max_resources_: 17400
aggressive_elimination: False
factor: 3
----------
iter: 0
n_candidates: 50
n_resources: 6
Fitting 1 folds for each of 50 candidates, totalling 50 fits
      -> [KNN + Jittering Set 5] Acc: 0.9967, F1: 0.9967, Time: 0.05s
n_iterations: 4
n_required_iterations: 4
n_possible_iterations: 8
min_resources_: 6
max_resources_: 17400
aggressive_elimination: False
factor: 3
----------
iter: 0
n_candidates: 50
n_resources: 6
Fitting 1 folds for each of 50 candidates, totalling 50 fits
      -> [RandomForest + Jittering Set 5] Acc: 0.9683, F1: 0.9683, Time: 2.85s
n_iterations: 4
n_required_iterations: 4
n_possible_iterations: 8
min_resources_: 6
max_resources_: 17400
aggressive_elimination: False
factor: 3
----------
iter: 0
n_candidates: 50
n_resources: 6
Fitting 1 folds for each of 50 candidates, totalling 50 fits
      -> [LinearSVC + Jittering Set 5] Acc: 0.9100, F1: 0.9067, Time: 0.05s
n_iterations: 4
n_required_iterations: 4
n_possible_iterations: 8
min_resources_: 6
max_resources_: 17400
aggressive_elimination: False
factor: 3
----------
iter: 0
n_candidates: 50
n_resources: 6
Fitting 1 folds for each of 50 candidates, totalling 50 fits
      -> [LogisticRegression + Jittering Set 5] Acc: 0.9933, F1: 0.9933, Time: 0.24s
      [!] Failed evaluation with RNN on Jittering Set 5: name 'os' is not defined
    [=== Generating 5x synthetic data with Jittering (Set 6, Params: {'sigma': 0.15}) ===]
n_iterations: 4
n_required_iterations: 4
n_possible_iterations: 8
min_resources_: 6
max_resources_: 17400
aggressive_elimination: False
factor: 3
----------
iter: 0
n_candidates: 50
n_resources: 6
Fitting 1 folds for each of 50 candidates, totalling 50 fits
      -> [KNN + Jittering Set 6] Acc: 1.0000, F1: 1.0000, Time: 0.05s
n_iterations: 4
n_required_iterations: 4
n_possible_iterations: 8
min_resources_: 6
max_resources_: 17400
aggressive_elimination: False
factor: 3
----------
iter: 0
n_candidates: 50
n_resources: 6
Fitting 1 folds for each of 50 candidates, totalling 50 fits
      -> [RandomForest + Jittering Set 6] Acc: 0.9683, F1: 0.9682, Time: 2.88s
n_iterations: 4
n_required_iterations: 4
n_possible_iterations: 8
min_resources_: 6
max_resources_: 17400
aggressive_elimination: False
factor: 3
----------
iter: 0
n_candidates: 50
n_resources: 6
Fitting 1 folds for each of 50 candidates, totalling 50 fits
      -> [LinearSVC + Jittering Set 6] Acc: 0.9083, F1: 0.9049, Time: 0.04s
n_iterations: 4
n_required_iterations: 4
n_possible_iterations: 8
min_resources_: 6
max_resources_: 17400
aggressive_elimination: False
factor: 3
----------
iter: 0
n_candidates: 50
n_resources: 6
Fitting 1 folds for each of 50 candidates, totalling 50 fits
      -> [LogisticRegression + Jittering Set 6] Acc: 0.9933, F1: 0.9933, Time: 0.19s
      [!] Failed evaluation with RNN on Jittering Set 6: name 'os' is not defined
    [=== Generating 5x synthetic data with Jittering (Set 7, Params: {'sigma': 0.03}) ===]
n_iterations: 4
n_required_iterations: 4
n_possible_iterations: 8
min_resources_: 6
max_resources_: 17400
aggressive_elimination: False
factor: 3
----------
iter: 0
n_candidates: 50
n_resources: 6
Fitting 1 folds for each of 50 candidates, totalling 50 fits
      -> [KNN + Jittering Set 7] Acc: 1.0000, F1: 1.0000, Time: 0.05s
n_iterations: 4
n_required_iterations: 4
n_possible_iterations: 8
min_resources_: 6
max_resources_: 17400
aggressive_elimination: False
factor: 3
----------
iter: 0
n_candidates: 50
n_resources: 6
Fitting 1 folds for each of 50 candidates, totalling 50 fits
      -> [RandomForest + Jittering Set 7] Acc: 0.9200, F1: 0.9205, Time: 2.27s
n_iterations: 4
n_required_iterations: 4
n_possible_iterations: 8
min_resources_: 6
max_resources_: 17400
aggressive_elimination: False
factor: 3
----------
iter: 0
n_candidates: 50
n_resources: 6
Fitting 1 folds for each of 50 candidates, totalling 50 fits
      -> [LinearSVC + Jittering Set 7] Acc: 0.9783, F1: 0.9782, Time: 0.06s
n_iterations: 4
n_required_iterations: 4
n_possible_iterations: 8
min_resources_: 6
max_resources_: 17400
aggressive_elimination: False
factor: 3
----------
iter: 0
n_candidates: 50
n_resources: 6
Fitting 1 folds for each of 50 candidates, totalling 50 fits
      -> [LogisticRegression + Jittering Set 7] Acc: 0.9967, F1: 0.9967, Time: 0.32s
      [!] Failed evaluation with RNN on Jittering Set 7: name 'os' is not defined
    [=== Generating 5x synthetic data with Jittering (Set 8, Params: {'sigma': 0.05}) ===]
n_iterations: 4
n_required_iterations: 4
n_possible_iterations: 8
min_resources_: 6
max_resources_: 17400
aggressive_elimination: False
factor: 3
----------
iter: 0
n_candidates: 50
n_resources: 6
Fitting 1 folds for each of 50 candidates, totalling 50 fits
      -> [KNN + Jittering Set 8] Acc: 1.0000, F1: 1.0000, Time: 0.10s
n_iterations: 4
n_required_iterations: 4
n_possible_iterations: 8
min_resources_: 6
max_resources_: 17400
aggressive_elimination: False
factor: 3
----------
iter: 0
n_candidates: 50
n_resources: 6
Fitting 1 folds for each of 50 candidates, totalling 50 fits
      -> [RandomForest + Jittering Set 8] Acc: 0.9283, F1: 0.9286, Time: 2.26s
n_iterations: 4
n_required_iterations: 4
n_possible_iterations: 8
min_resources_: 6
max_resources_: 17400
aggressive_elimination: False
factor: 3
----------
iter: 0
n_candidates: 50
n_resources: 6
Fitting 1 folds for each of 50 candidates, totalling 50 fits
      -> [LinearSVC + Jittering Set 8] Acc: 0.9750, F1: 0.9748, Time: 0.05s
n_iterations: 4
n_required_iterations: 4
n_possible_iterations: 8
min_resources_: 6
max_resources_: 17400
aggressive_elimination: False
factor: 3
----------
iter: 0
n_candidates: 50
n_resources: 6
Fitting 1 folds for each of 50 candidates, totalling 50 fits
      -> [LogisticRegression + Jittering Set 8] Acc: 0.9950, F1: 0.9950, Time: 0.33s
      [!] Failed evaluation with RNN on Jittering Set 8: name 'os' is not defined
    [=== Generating 5x synthetic data with Jittering (Set 9, Params: {'sigma': 0.05}) ===]
n_iterations: 4
n_required_iterations: 4
n_possible_iterations: 8
min_resources_: 6
max_resources_: 17400
aggressive_elimination: False
factor: 3
----------
iter: 0
n_candidates: 50
n_resources: 6
Fitting 1 folds for each of 50 candidates, totalling 50 fits
      -> [KNN + Jittering Set 9] Acc: 1.0000, F1: 1.0000, Time: 0.05s
n_iterations: 4
n_required_iterations: 4
n_possible_iterations: 8
min_resources_: 6
max_resources_: 17400
aggressive_elimination: False
factor: 3
----------
iter: 0
n_candidates: 50
n_resources: 6
Fitting 1 folds for each of 50 candidates, totalling 50 fits
      -> [RandomForest + Jittering Set 9] Acc: 0.9300, F1: 0.9303, Time: 2.14s
n_iterations: 4
n_required_iterations: 4
n_possible_iterations: 8
min_resources_: 6
max_resources_: 17400
aggressive_elimination: False
factor: 3
----------
iter: 0
n_candidates: 50
n_resources: 6
Fitting 1 folds for each of 50 candidates, totalling 50 fits
      -> [LinearSVC + Jittering Set 9] Acc: 0.9750, F1: 0.9748, Time: 0.05s
n_iterations: 4
n_required_iterations: 4
n_possible_iterations: 8
min_resources_: 6
max_resources_: 17400
aggressive_elimination: False
factor: 3
----------
iter: 0
n_candidates: 50
n_resources: 6
Fitting 1 folds for each of 50 candidates, totalling 50 fits
      -> [LogisticRegression + Jittering Set 9] Acc: 0.9950, F1: 0.9950, Time: 0.16s
      [!] Failed evaluation with RNN on Jittering Set 9: name 'os' is not defined
    [=== Generating 5x synthetic data with Jittering (Set 10, Params: {'sigma': 0.05}) ===]
n_iterations: 4
n_required_iterations: 4
n_possible_iterations: 8
min_resources_: 6
max_resources_: 17400
aggressive_elimination: False
factor: 3
----------
iter: 0
n_candidates: 50
n_resources: 6
Fitting 1 folds for each of 50 candidates, totalling 50 fits
      -> [KNN + Jittering Set 10] Acc: 1.0000, F1: 1.0000, Time: 0.05s
n_iterations: 4
n_required_iterations: 4
n_possible_iterations: 8
min_resources_: 6
max_resources_: 17400
aggressive_elimination: False
factor: 3
----------
iter: 0
n_candidates: 50
n_resources: 6
Fitting 1 folds for each of 50 candidates, totalling 50 fits
      -> [RandomForest + Jittering Set 10] Acc: 0.9367, F1: 0.9369, Time: 2.12s
n_iterations: 4
n_required_iterations: 4
n_possible_iterations: 8
min_resources_: 6
max_resources_: 17400
aggressive_elimination: False
factor: 3
----------
iter: 0
n_candidates: 50
n_resources: 6
Fitting 1 folds for each of 50 candidates, totalling 50 fits
      -> [LinearSVC + Jittering Set 10] Acc: 0.9733, F1: 0.9731, Time: 0.05s
n_iterations: 4
n_required_iterations: 4
n_possible_iterations: 8
min_resources_: 6
max_resources_: 17400
aggressive_elimination: False
factor: 3
----------
iter: 0
n_candidates: 50
n_resources: 6
Fitting 1 folds for each of 50 candidates, totalling 50 fits
      -> [LogisticRegression + Jittering Set 10] Acc: 0.9950, F1: 0.9950, Time: 0.18s
      [!] Failed evaluation with RNN on Jittering Set 10: name 'os' is not defined
    [=== Generating 10x synthetic data with Jittering (Set 1, Params: {'sigma': 0.03}) ===]
n_iterations: 4
n_required_iterations: 4
n_possible_iterations: 8
min_resources_: 6
max_resources_: 31900
aggressive_elimination: False
factor: 3
----------
iter: 0
n_candidates: 50
n_resources: 6
Fitting 1 folds for each of 50 candidates, totalling 50 fits
      -> [KNN + Jittering Set 1] Acc: 1.0000, F1: 1.0000, Time: 0.07s
n_iterations: 4
n_required_iterations: 4
n_possible_iterations: 8
min_resources_: 6
max_resources_: 31900
aggressive_elimination: False
factor: 3
----------
iter: 0
n_candidates: 50
n_resources: 6
Fitting 1 folds for each of 50 candidates, totalling 50 fits
      -> [RandomForest + Jittering Set 1] Acc: 0.9317, F1: 0.9320, Time: 4.29s
n_iterations: 4
n_required_iterations: 4
n_possible_iterations: 8
min_resources_: 6
max_resources_: 31900
aggressive_elimination: False
factor: 3
----------
iter: 0
n_candidates: 50
n_resources: 6
Fitting 1 folds for each of 50 candidates, totalling 50 fits
      -> [LinearSVC + Jittering Set 1] Acc: 0.9800, F1: 0.9799, Time: 0.10s
n_iterations: 4
n_required_iterations: 4
n_possible_iterations: 8
min_resources_: 6
max_resources_: 31900
aggressive_elimination: False
factor: 3
----------
iter: 0
n_candidates: 50
n_resources: 6
Fitting 1 folds for each of 50 candidates, totalling 50 fits
      -> [LogisticRegression + Jittering Set 1] Acc: 0.9967, F1: 0.9967, Time: 0.33s
      [!] Failed evaluation with RNN on Jittering Set 1: name 'os' is not defined
    [=== Generating 10x synthetic data with Jittering (Set 2, Params: {'sigma': 0.1}) ===]
n_iterations: 4
n_required_iterations: 4
n_possible_iterations: 8
min_resources_: 6
max_resources_: 31900
aggressive_elimination: False
factor: 3
----------
iter: 0
n_candidates: 50
n_resources: 6
Fitting 1 folds for each of 50 candidates, totalling 50 fits
      -> [KNN + Jittering Set 2] Acc: 1.0000, F1: 1.0000, Time: 0.08s
n_iterations: 4
n_required_iterations: 4
n_possible_iterations: 8
min_resources_: 6
max_resources_: 31900
aggressive_elimination: False
factor: 3
----------
iter: 0
n_candidates: 50
n_resources: 6
Fitting 1 folds for each of 50 candidates, totalling 50 fits
      -> [RandomForest + Jittering Set 2] Acc: 0.9450, F1: 0.9451, Time: 5.87s
n_iterations: 4
n_required_iterations: 4
n_possible_iterations: 8
min_resources_: 6
max_resources_: 31900
aggressive_elimination: False
factor: 3
----------
iter: 0
n_candidates: 50
n_resources: 6
Fitting 1 folds for each of 50 candidates, totalling 50 fits
      -> [LinearSVC + Jittering Set 2] Acc: 0.9350, F1: 0.9335, Time: 0.13s
n_iterations: 4
n_required_iterations: 4
n_possible_iterations: 8
min_resources_: 6
max_resources_: 31900
aggressive_elimination: False
factor: 3
----------
iter: 0
n_candidates: 50
n_resources: 6
Fitting 1 folds for each of 50 candidates, totalling 50 fits
      -> [LogisticRegression + Jittering Set 2] Acc: 0.9933, F1: 0.9933, Time: 0.89s
      [!] Failed evaluation with RNN on Jittering Set 2: name 'os' is not defined
    [=== Generating 10x synthetic data with Jittering (Set 3, Params: {'sigma': 0.15}) ===]
n_iterations: 4
n_required_iterations: 4
n_possible_iterations: 8
min_resources_: 6
max_resources_: 31900
aggressive_elimination: False
factor: 3
----------
iter: 0
n_candidates: 50
n_resources: 6
Fitting 1 folds for each of 50 candidates, totalling 50 fits
      -> [KNN + Jittering Set 3] Acc: 1.0000, F1: 1.0000, Time: 0.11s
n_iterations: 4
n_required_iterations: 4
n_possible_iterations: 8
min_resources_: 6
max_resources_: 31900
aggressive_elimination: False
factor: 3
----------
iter: 0
n_candidates: 50
n_resources: 6
Fitting 1 folds for each of 50 candidates, totalling 50 fits
      -> [RandomForest + Jittering Set 3] Acc: 0.9683, F1: 0.9682, Time: 6.50s
n_iterations: 4
n_required_iterations: 4
n_possible_iterations: 8
min_resources_: 6
max_resources_: 31900
aggressive_elimination: False
factor: 3
----------
iter: 0
n_candidates: 50
n_resources: 6
Fitting 1 folds for each of 50 candidates, totalling 50 fits
      -> [LinearSVC + Jittering Set 3] Acc: 0.9083, F1: 0.9049, Time: 0.10s
n_iterations: 4
n_required_iterations: 4
n_possible_iterations: 8
min_resources_: 6
max_resources_: 31900
aggressive_elimination: False
factor: 3
----------
iter: 0
n_candidates: 50
n_resources: 6
Fitting 1 folds for each of 50 candidates, totalling 50 fits
      -> [LogisticRegression + Jittering Set 3] Acc: 0.9917, F1: 0.9916, Time: 0.20s
      [!] Failed evaluation with RNN on Jittering Set 3: name 'os' is not defined
    [=== Generating 10x synthetic data with Jittering (Set 4, Params: {'sigma': 0.05}) ===]
n_iterations: 4
n_required_iterations: 4
n_possible_iterations: 8
min_resources_: 6
max_resources_: 31900
aggressive_elimination: False
factor: 3
----------
iter: 0
n_candidates: 50
n_resources: 6
Fitting 1 folds for each of 50 candidates, totalling 50 fits
      -> [KNN + Jittering Set 4] Acc: 1.0000, F1: 1.0000, Time: 0.07s
n_iterations: 4
n_required_iterations: 4
n_possible_iterations: 8
min_resources_: 6
max_resources_: 31900
aggressive_elimination: False
factor: 3
----------
iter: 0
n_candidates: 50
n_resources: 6
Fitting 1 folds for each of 50 candidates, totalling 50 fits
      -> [RandomForest + Jittering Set 4] Acc: 0.9333, F1: 0.9336, Time: 4.77s
n_iterations: 4
n_required_iterations: 4
n_possible_iterations: 8
min_resources_: 6
max_resources_: 31900
aggressive_elimination: False
factor: 3
----------
iter: 0
n_candidates: 50
n_resources: 6
Fitting 1 folds for each of 50 candidates, totalling 50 fits
      -> [LinearSVC + Jittering Set 4] Acc: 0.9717, F1: 0.9714, Time: 0.09s
n_iterations: 4
n_required_iterations: 4
n_possible_iterations: 8
min_resources_: 6
max_resources_: 31900
aggressive_elimination: False
factor: 3
----------
iter: 0
n_candidates: 50
n_resources: 6
Fitting 1 folds for each of 50 candidates, totalling 50 fits
      -> [LogisticRegression + Jittering Set 4] Acc: 0.9950, F1: 0.9950, Time: 0.33s
      [!] Failed evaluation with RNN on Jittering Set 4: name 'os' is not defined
    [=== Generating 10x synthetic data with Jittering (Set 5, Params: {'sigma': 0.15}) ===]
n_iterations: 4
n_required_iterations: 4
n_possible_iterations: 8
min_resources_: 6
max_resources_: 31900
aggressive_elimination: False
factor: 3
----------
iter: 0
n_candidates: 50
n_resources: 6
Fitting 1 folds for each of 50 candidates, totalling 50 fits
      -> [KNN + Jittering Set 5] Acc: 1.0000, F1: 1.0000, Time: 0.09s
n_iterations: 4
n_required_iterations: 4
n_possible_iterations: 8
min_resources_: 6
max_resources_: 31900
aggressive_elimination: False
factor: 3
----------
iter: 0
n_candidates: 50
n_resources: 6
Fitting 1 folds for each of 50 candidates, totalling 50 fits
      -> [RandomForest + Jittering Set 5] Acc: 0.9750, F1: 0.9749, Time: 5.68s
n_iterations: 4
n_required_iterations: 4
n_possible_iterations: 8
min_resources_: 6
max_resources_: 31900
aggressive_elimination: False
factor: 3
----------
iter: 0
n_candidates: 50
n_resources: 6
Fitting 1 folds for each of 50 candidates, totalling 50 fits
      -> [LinearSVC + Jittering Set 5] Acc: 0.9100, F1: 0.9067, Time: 0.08s
n_iterations: 4
n_required_iterations: 4
n_possible_iterations: 8
min_resources_: 6
max_resources_: 31900
aggressive_elimination: False
factor: 3
----------
iter: 0
n_candidates: 50
n_resources: 6
Fitting 1 folds for each of 50 candidates, totalling 50 fits
      -> [LogisticRegression + Jittering Set 5] Acc: 0.9933, F1: 0.9933, Time: 0.18s
      [!] Failed evaluation with RNN on Jittering Set 5: name 'os' is not defined
    [=== Generating 10x synthetic data with Jittering (Set 6, Params: {'sigma': 0.15}) ===]
n_iterations: 4
n_required_iterations: 4
n_possible_iterations: 8
min_resources_: 6
max_resources_: 31900
aggressive_elimination: False
factor: 3
----------
iter: 0
n_candidates: 50
n_resources: 6
Fitting 1 folds for each of 50 candidates, totalling 50 fits
      -> [KNN + Jittering Set 6] Acc: 0.9983, F1: 0.9983, Time: 0.08s
n_iterations: 4
n_required_iterations: 4
n_possible_iterations: 8
min_resources_: 6
max_resources_: 31900
aggressive_elimination: False
factor: 3
----------
iter: 0
n_candidates: 50
n_resources: 6
Fitting 1 folds for each of 50 candidates, totalling 50 fits
      -> [RandomForest + Jittering Set 6] Acc: 0.9633, F1: 0.9633, Time: 5.71s
n_iterations: 4
n_required_iterations: 4
n_possible_iterations: 8
min_resources_: 6
max_resources_: 31900
aggressive_elimination: False
factor: 3
----------
iter: 0
n_candidates: 50
n_resources: 6
Fitting 1 folds for each of 50 candidates, totalling 50 fits
      -> [LinearSVC + Jittering Set 6] Acc: 0.9133, F1: 0.9103, Time: 0.07s
n_iterations: 4
n_required_iterations: 4
n_possible_iterations: 8
min_resources_: 6
max_resources_: 31900
aggressive_elimination: False
factor: 3
----------
iter: 0
n_candidates: 50
n_resources: 6
Fitting 1 folds for each of 50 candidates, totalling 50 fits
      -> [LogisticRegression + Jittering Set 6] Acc: 0.9933, F1: 0.9933, Time: 0.18s
      [!] Failed evaluation with RNN on Jittering Set 6: name 'os' is not defined
    [=== Generating 10x synthetic data with Jittering (Set 7, Params: {'sigma': 0.03}) ===]
n_iterations: 4
n_required_iterations: 4
n_possible_iterations: 8
min_resources_: 6
max_resources_: 31900
aggressive_elimination: False
factor: 3
----------
iter: 0
n_candidates: 50
n_resources: 6
Fitting 1 folds for each of 50 candidates, totalling 50 fits
      -> [KNN + Jittering Set 7] Acc: 1.0000, F1: 1.0000, Time: 0.07s
n_iterations: 4
n_required_iterations: 4
n_possible_iterations: 8
min_resources_: 6
max_resources_: 31900
aggressive_elimination: False
factor: 3
----------
iter: 0
n_candidates: 50
n_resources: 6
Fitting 1 folds for each of 50 candidates, totalling 50 fits
      -> [RandomForest + Jittering Set 7] Acc: 0.9217, F1: 0.9222, Time: 4.27s
n_iterations: 4
n_required_iterations: 4
n_possible_iterations: 8
min_resources_: 6
max_resources_: 31900
aggressive_elimination: False
factor: 3
----------
iter: 0
n_candidates: 50
n_resources: 6
Fitting 1 folds for each of 50 candidates, totalling 50 fits
      -> [LinearSVC + Jittering Set 7] Acc: 0.9800, F1: 0.9799, Time: 0.10s
n_iterations: 4
n_required_iterations: 4
n_possible_iterations: 8
min_resources_: 6
max_resources_: 31900
aggressive_elimination: False
factor: 3
----------
iter: 0
n_candidates: 50
n_resources: 6
Fitting 1 folds for each of 50 candidates, totalling 50 fits
      -> [LogisticRegression + Jittering Set 7] Acc: 0.9967, F1: 0.9967, Time: 0.32s
      [!] Failed evaluation with RNN on Jittering Set 7: name 'os' is not defined
    [=== Generating 10x synthetic data with Jittering (Set 8, Params: {'sigma': 0.05}) ===]
n_iterations: 4
n_required_iterations: 4
n_possible_iterations: 8
min_resources_: 6
max_resources_: 31900
aggressive_elimination: False
factor: 3
----------
iter: 0
n_candidates: 50
n_resources: 6
Fitting 1 folds for each of 50 candidates, totalling 50 fits
      -> [KNN + Jittering Set 8] Acc: 1.0000, F1: 1.0000, Time: 0.08s
n_iterations: 4
n_required_iterations: 4
n_possible_iterations: 8
min_resources_: 6
max_resources_: 31900
aggressive_elimination: False
factor: 3
----------
iter: 0
n_candidates: 50
n_resources: 6
Fitting 1 folds for each of 50 candidates, totalling 50 fits
      -> [RandomForest + Jittering Set 8] Acc: 0.9383, F1: 0.9387, Time: 4.61s
n_iterations: 4
n_required_iterations: 4
n_possible_iterations: 8
min_resources_: 6
max_resources_: 31900
aggressive_elimination: False
factor: 3
----------
iter: 0
n_candidates: 50
n_resources: 6
Fitting 1 folds for each of 50 candidates, totalling 50 fits
      -> [LinearSVC + Jittering Set 8] Acc: 0.9717, F1: 0.9714, Time: 0.09s
n_iterations: 4
n_required_iterations: 4
n_possible_iterations: 8
min_resources_: 6
max_resources_: 31900
aggressive_elimination: False
factor: 3
----------
iter: 0
n_candidates: 50
n_resources: 6
Fitting 1 folds for each of 50 candidates, totalling 50 fits
      -> [LogisticRegression + Jittering Set 8] Acc: 0.9950, F1: 0.9950, Time: 0.30s
      [!] Failed evaluation with RNN on Jittering Set 8: name 'os' is not defined
    [=== Generating 10x synthetic data with Jittering (Set 9, Params: {'sigma': 0.05}) ===]
n_iterations: 4
n_required_iterations: 4
n_possible_iterations: 8
min_resources_: 6
max_resources_: 31900
aggressive_elimination: False
factor: 3
----------
iter: 0
n_candidates: 50
n_resources: 6
Fitting 1 folds for each of 50 candidates, totalling 50 fits
      -> [KNN + Jittering Set 9] Acc: 1.0000, F1: 1.0000, Time: 0.07s
n_iterations: 4
n_required_iterations: 4
n_possible_iterations: 8
min_resources_: 6
max_resources_: 31900
aggressive_elimination: False
factor: 3
----------
iter: 0
n_candidates: 50
n_resources: 6
Fitting 1 folds for each of 50 candidates, totalling 50 fits
      -> [RandomForest + Jittering Set 9] Acc: 0.9300, F1: 0.9304, Time: 4.76s
n_iterations: 4
n_required_iterations: 4
n_possible_iterations: 8
min_resources_: 6
max_resources_: 31900
aggressive_elimination: False
factor: 3
----------
iter: 0
n_candidates: 50
n_resources: 6
Fitting 1 folds for each of 50 candidates, totalling 50 fits
      -> [LinearSVC + Jittering Set 9] Acc: 0.9750, F1: 0.9748, Time: 0.09s
n_iterations: 4
n_required_iterations: 4
n_possible_iterations: 8
min_resources_: 6
max_resources_: 31900
aggressive_elimination: False
factor: 3
----------
iter: 0
n_candidates: 50
n_resources: 6
Fitting 1 folds for each of 50 candidates, totalling 50 fits
      -> [LogisticRegression + Jittering Set 9] Acc: 0.9950, F1: 0.9950, Time: 0.32s
      [!] Failed evaluation with RNN on Jittering Set 9: name 'os' is not defined
    [=== Generating 10x synthetic data with Jittering (Set 10, Params: {'sigma': 0.05}) ===]
n_iterations: 4
n_required_iterations: 4
n_possible_iterations: 8
min_resources_: 6
max_resources_: 31900
aggressive_elimination: False
factor: 3
----------
iter: 0
n_candidates: 50
n_resources: 6
Fitting 1 folds for each of 50 candidates, totalling 50 fits
      -> [KNN + Jittering Set 10] Acc: 1.0000, F1: 1.0000, Time: 0.07s
n_iterations: 4
n_required_iterations: 4
n_possible_iterations: 8
min_resources_: 6
max_resources_: 31900
aggressive_elimination: False
factor: 3
----------
iter: 0
n_candidates: 50
n_resources: 6
Fitting 1 folds for each of 50 candidates, totalling 50 fits
      -> [RandomForest + Jittering Set 10] Acc: 0.9417, F1: 0.9419, Time: 4.55s
n_iterations: 4
n_required_iterations: 4
n_possible_iterations: 8
min_resources_: 6
max_resources_: 31900
aggressive_elimination: False
factor: 3
----------
iter: 0
n_candidates: 50
n_resources: 6
Fitting 1 folds for each of 50 candidates, totalling 50 fits
      -> [LinearSVC + Jittering Set 10] Acc: 0.9717, F1: 0.9714, Time: 0.10s
n_iterations: 4
n_required_iterations: 4
n_possible_iterations: 8
min_resources_: 6
max_resources_: 31900
aggressive_elimination: False
factor: 3
----------
iter: 0
n_candidates: 50
n_resources: 6
Fitting 1 folds for each of 50 candidates, totalling 50 fits
      -> [LogisticRegression + Jittering Set 10] Acc: 0.9950, F1: 0.9950, Time: 0.31s
      [!] Failed evaluation with RNN on Jittering Set 10: name 'os' is not defined

    >> Seed Fold Selection: 10/10
    Evaluating Model: KNN
      -> [Baseline] Acc: 0.9567, F1: 0.9565, Time: 0.03s
      HP Tuning KNN...
n_iterations: 4
n_required_iterations: 4
n_possible_iterations: 5
min_resources_: 30
max_resources_: 2900
aggressive_elimination: False
factor: 3
----------
iter: 0
n_candidates: 50
n_resources: 30
Fitting 5 folds for each of 50 candidates, totalling 250 fits
----------
iter: 1
n_candidates: 17
n_resources: 90
Fitting 5 folds for each of 17 candidates, totalling 85 fits
----------
iter: 2
n_candidates: 6
n_resources: 270
Fitting 5 folds for each of 6 candidates, totalling 30 fits
----------
iter: 3
n_candidates: 2
n_resources: 810
Fitting 5 folds for each of 2 candidates, totalling 10 fits
      -> [Tuned_Baseline] Acc: 0.9733, F1: 0.9734, Time: 0.02s
    Evaluating Model: RandomForest
      -> [Baseline] Acc: 0.9333, F1: 0.9328, Time: 0.40s
      HP Tuning RandomForest...
n_iterations: 4
n_required_iterations: 4
n_possible_iterations: 5
min_resources_: 30
max_resources_: 2900
aggressive_elimination: False
factor: 3
----------
iter: 0
n_candidates: 50
n_resources: 30
Fitting 5 folds for each of 50 candidates, totalling 250 fits
----------
iter: 1
n_candidates: 17
n_resources: 90
Fitting 5 folds for each of 17 candidates, totalling 85 fits
----------
iter: 2
n_candidates: 6
n_resources: 270
Fitting 5 folds for each of 6 candidates, totalling 30 fits
----------
iter: 3
n_candidates: 2
n_resources: 810
Fitting 5 folds for each of 2 candidates, totalling 10 fits
      -> [Tuned_Baseline] Acc: 0.9333, F1: 0.9328, Time: 0.00s
    Evaluating Model: LinearSVC
      -> [Baseline] Acc: 0.9817, F1: 0.9817, Time: 0.01s
      HP Tuning LinearSVC...
n_iterations: 4
n_required_iterations: 4
n_possible_iterations: 5
min_resources_: 30
max_resources_: 2900
aggressive_elimination: False
factor: 3
----------
iter: 0
n_candidates: 50
n_resources: 30
Fitting 5 folds for each of 50 candidates, totalling 250 fits
----------
iter: 1
n_candidates: 17
n_resources: 90
Fitting 5 folds for each of 17 candidates, totalling 85 fits
----------
iter: 2
n_candidates: 6
n_resources: 270
Fitting 5 folds for each of 6 candidates, totalling 30 fits
----------
iter: 3
n_candidates: 2
n_resources: 810
Fitting 5 folds for each of 2 candidates, totalling 10 fits
      -> [Tuned_Baseline] Acc: 0.9417, F1: 0.9412, Time: 0.00s
    Evaluating Model: LogisticRegression
      -> [Baseline] Acc: 0.9683, F1: 0.9685, Time: 0.05s
      HP Tuning LogisticRegression...
n_iterations: 4
n_required_iterations: 4
n_possible_iterations: 5
min_resources_: 30
max_resources_: 2900
aggressive_elimination: False
factor: 3
----------
iter: 0
n_candidates: 50
n_resources: 30
Fitting 5 folds for each of 50 candidates, totalling 250 fits
----------
iter: 1
n_candidates: 17
n_resources: 90
Fitting 5 folds for each of 17 candidates, totalling 85 fits
----------
iter: 2
n_candidates: 6
n_resources: 270
Fitting 5 folds for each of 6 candidates, totalling 30 fits
----------
iter: 3
n_candidates: 2
n_resources: 810
Fitting 5 folds for each of 2 candidates, totalling 10 fits
      -> [Tuned_Baseline] Acc: 0.9617, F1: 0.9619, Time: 0.00s
    Evaluating Model: RNN
      [!] Baseline failed for RNN: name 'os' is not defined
      HP Tuning RNN...
n_iterations: 1
n_required_iterations: 2
n_possible_iterations: 1
min_resources_: 10
max_resources_: 29
aggressive_elimination: False
factor: 3
----------
iter: 0
n_candidates: 4
n_resources: 10
Fitting 5 folds for each of 4 candidates, totalling 20 fits
      [!] HP Tuning failed, using base model: 
All the 20 fits failed.
It is very likely that your model is misconfigured.
You can try to debug the error by setting error_score='raise'.

Below are more details about the failures:
--------------------------------------------------------------------------------
20 fits failed with the following error:
Traceback (most recent call last):
  File "/usr/local/lib/python3.10/dist-packages/sklearn/model_selection/_validation.py", line 859, in _fit_and_score
    estimator.fit(X_train, y_train, **fit_params)
  File "/home/phantrung/Synthesis-Data-Gen/models.py", line 60, in fit
    n_threads = int(os.environ.get('N_JOBS', 1))
NameError: name 'os' is not defined

      -> [Tuned_Baseline] Acc: 0.1667, F1: 0.0476, Time: 0.00s
    [=== Generating 2x synthetic data with Jittering (Set 1, Params: {'sigma': 0.03}) ===]
n_iterations: 4
n_required_iterations: 4
n_possible_iterations: 7
min_resources_: 6
max_resources_: 8700
aggressive_elimination: False
factor: 3
----------
iter: 0
n_candidates: 50
n_resources: 6
Fitting 1 folds for each of 50 candidates, totalling 50 fits
----------
iter: 1
n_candidates: 17
n_resources: 18
Fitting 1 folds for each of 17 candidates, totalling 17 fits
----------
iter: 2
n_candidates: 6
n_resources: 54
Fitting 1 folds for each of 6 candidates, totalling 6 fits
----------
iter: 3
n_candidates: 2
n_resources: 162
Fitting 1 folds for each of 2 candidates, totalling 2 fits
      -> [KNN + Jittering Set 1] Acc: 0.9533, F1: 0.9531, Time: 0.01s
n_iterations: 4
n_required_iterations: 4
n_possible_iterations: 7
min_resources_: 6
max_resources_: 8700
aggressive_elimination: False
factor: 3
----------
iter: 0
n_candidates: 50
n_resources: 6
Fitting 1 folds for each of 50 candidates, totalling 50 fits
----------
iter: 1
n_candidates: 17
n_resources: 18
Fitting 1 folds for each of 17 candidates, totalling 17 fits
----------
iter: 2
n_candidates: 6
n_resources: 54
Fitting 1 folds for each of 6 candidates, totalling 6 fits
----------
iter: 3
n_candidates: 2
n_resources: 162
Fitting 1 folds for each of 2 candidates, totalling 2 fits
      -> [RandomForest + Jittering Set 1] Acc: 0.9350, F1: 0.9345, Time: 0.77s
n_iterations: 4
n_required_iterations: 4
n_possible_iterations: 7
min_resources_: 6
max_resources_: 8700
aggressive_elimination: False
factor: 3
----------
iter: 0
n_candidates: 50
n_resources: 6
Fitting 1 folds for each of 50 candidates, totalling 50 fits
----------
iter: 1
n_candidates: 17
n_resources: 18
Fitting 1 folds for each of 17 candidates, totalling 17 fits
----------
iter: 2
n_candidates: 6
n_resources: 54
Fitting 1 folds for each of 6 candidates, totalling 6 fits
----------
iter: 3
n_candidates: 2
n_resources: 162
Fitting 1 folds for each of 2 candidates, totalling 2 fits
      -> [LinearSVC + Jittering Set 1] Acc: 0.9767, F1: 0.9765, Time: 0.04s
n_iterations: 4
n_required_iterations: 4
n_possible_iterations: 7
min_resources_: 6
max_resources_: 8700
aggressive_elimination: False
factor: 3
----------
iter: 0
n_candidates: 50
n_resources: 6
Fitting 1 folds for each of 50 candidates, totalling 50 fits
----------
iter: 1
n_candidates: 17
n_resources: 18
Fitting 1 folds for each of 17 candidates, totalling 17 fits
----------
iter: 2
n_candidates: 6
n_resources: 54
Fitting 1 folds for each of 6 candidates, totalling 6 fits
----------
iter: 3
n_candidates: 2
n_resources: 162
Fitting 1 folds for each of 2 candidates, totalling 2 fits
      -> [LogisticRegression + Jittering Set 1] Acc: 0.9583, F1: 0.9586, Time: 0.18s
      [!] Failed evaluation with RNN on Jittering Set 1: name 'os' is not defined
    [=== Generating 2x synthetic data with Jittering (Set 2, Params: {'sigma': 0.1}) ===]
n_iterations: 4
n_required_iterations: 4
n_possible_iterations: 7
min_resources_: 6
max_resources_: 8700
aggressive_elimination: False
factor: 3
----------
iter: 0
n_candidates: 50
n_resources: 6
Fitting 1 folds for each of 50 candidates, totalling 50 fits
----------
iter: 1
n_candidates: 17
n_resources: 18
Fitting 1 folds for each of 17 candidates, totalling 17 fits
----------
iter: 2
n_candidates: 6
n_resources: 54
Fitting 1 folds for each of 6 candidates, totalling 6 fits
----------
iter: 3
n_candidates: 2
n_resources: 162
Fitting 1 folds for each of 2 candidates, totalling 2 fits
      -> [KNN + Jittering Set 2] Acc: 0.9533, F1: 0.9532, Time: 0.01s
n_iterations: 4
n_required_iterations: 4
n_possible_iterations: 7
min_resources_: 6
max_resources_: 8700
aggressive_elimination: False
factor: 3
----------
iter: 0
n_candidates: 50
n_resources: 6
Fitting 1 folds for each of 50 candidates, totalling 50 fits
----------
iter: 1
n_candidates: 17
n_resources: 18
Fitting 1 folds for each of 17 candidates, totalling 17 fits
----------
iter: 2
n_candidates: 6
n_resources: 54
Fitting 1 folds for each of 6 candidates, totalling 6 fits
----------
iter: 3
n_candidates: 2
n_resources: 162
Fitting 1 folds for each of 2 candidates, totalling 2 fits
      -> [RandomForest + Jittering Set 2] Acc: 0.9467, F1: 0.9460, Time: 0.42s
n_iterations: 4
n_required_iterations: 4
n_possible_iterations: 7
min_resources_: 6
max_resources_: 8700
aggressive_elimination: False
factor: 3
----------
iter: 0
n_candidates: 50
n_resources: 6
Fitting 1 folds for each of 50 candidates, totalling 50 fits
----------
iter: 1
n_candidates: 17
n_resources: 18
Fitting 1 folds for each of 17 candidates, totalling 17 fits
----------
iter: 2
n_candidates: 6
n_resources: 54
Fitting 1 folds for each of 6 candidates, totalling 6 fits
----------
iter: 3
n_candidates: 2
n_resources: 162
Fitting 1 folds for each of 2 candidates, totalling 2 fits
      -> [LinearSVC + Jittering Set 2] Acc: 0.9400, F1: 0.9387, Time: 0.02s
n_iterations: 4
n_required_iterations: 4
n_possible_iterations: 7
min_resources_: 6
max_resources_: 8700
aggressive_elimination: False
factor: 3
----------
iter: 0
n_candidates: 50
n_resources: 6
Fitting 1 folds for each of 50 candidates, totalling 50 fits
----------
iter: 1
n_candidates: 17
n_resources: 18
Fitting 1 folds for each of 17 candidates, totalling 17 fits
----------
iter: 2
n_candidates: 6
n_resources: 54
Fitting 1 folds for each of 6 candidates, totalling 6 fits
----------
iter: 3
n_candidates: 2
n_resources: 162
Fitting 1 folds for each of 2 candidates, totalling 2 fits
      -> [LogisticRegression + Jittering Set 2] Acc: 0.9700, F1: 0.9701, Time: 0.18s
      [!] Failed evaluation with RNN on Jittering Set 2: name 'os' is not defined
    [=== Generating 2x synthetic data with Jittering (Set 3, Params: {'sigma': 0.15}) ===]
n_iterations: 4
n_required_iterations: 4
n_possible_iterations: 7
min_resources_: 6
max_resources_: 8700
aggressive_elimination: False
factor: 3
----------
iter: 0
n_candidates: 50
n_resources: 6
Fitting 1 folds for each of 50 candidates, totalling 50 fits
----------
iter: 1
n_candidates: 17
n_resources: 18
Fitting 1 folds for each of 17 candidates, totalling 17 fits
----------
iter: 2
n_candidates: 6
n_resources: 54
Fitting 1 folds for each of 6 candidates, totalling 6 fits
----------
iter: 3
n_candidates: 2
n_resources: 162
Fitting 1 folds for each of 2 candidates, totalling 2 fits
      -> [KNN + Jittering Set 3] Acc: 0.9650, F1: 0.9648, Time: 0.01s
n_iterations: 4
n_required_iterations: 4
n_possible_iterations: 7
min_resources_: 6
max_resources_: 8700
aggressive_elimination: False
factor: 3
----------
iter: 0
n_candidates: 50
n_resources: 6
Fitting 1 folds for each of 50 candidates, totalling 50 fits
----------
iter: 1
n_candidates: 17
n_resources: 18
Fitting 1 folds for each of 17 candidates, totalling 17 fits
----------
iter: 2
n_candidates: 6
n_resources: 54
Fitting 1 folds for each of 6 candidates, totalling 6 fits
----------
iter: 3
n_candidates: 2
n_resources: 162
Fitting 1 folds for each of 2 candidates, totalling 2 fits
      -> [RandomForest + Jittering Set 3] Acc: 0.9467, F1: 0.9461, Time: 0.83s
n_iterations: 4
n_required_iterations: 4
n_possible_iterations: 7
min_resources_: 6
max_resources_: 8700
aggressive_elimination: False
factor: 3
----------
iter: 0
n_candidates: 50
n_resources: 6
Fitting 1 folds for each of 50 candidates, totalling 50 fits
----------
iter: 1
n_candidates: 17
n_resources: 18
Fitting 1 folds for each of 17 candidates, totalling 17 fits
----------
iter: 2
n_candidates: 6
n_resources: 54
Fitting 1 folds for each of 6 candidates, totalling 6 fits
----------
iter: 3
n_candidates: 2
n_resources: 162
Fitting 1 folds for each of 2 candidates, totalling 2 fits
      -> [LinearSVC + Jittering Set 3] Acc: 0.9533, F1: 0.9526, Time: 0.05s
n_iterations: 4
n_required_iterations: 4
n_possible_iterations: 7
min_resources_: 6
max_resources_: 8700
aggressive_elimination: False
factor: 3
----------
iter: 0
n_candidates: 50
n_resources: 6
Fitting 1 folds for each of 50 candidates, totalling 50 fits
----------
iter: 1
n_candidates: 17
n_resources: 18
Fitting 1 folds for each of 17 candidates, totalling 17 fits
----------
iter: 2
n_candidates: 6
n_resources: 54
Fitting 1 folds for each of 6 candidates, totalling 6 fits
----------
iter: 3
n_candidates: 2
n_resources: 162
Fitting 1 folds for each of 2 candidates, totalling 2 fits
      -> [LogisticRegression + Jittering Set 3] Acc: 0.9717, F1: 0.9717, Time: 0.17s
      [!] Failed evaluation with RNN on Jittering Set 3: name 'os' is not defined
    [=== Generating 2x synthetic data with Jittering (Set 4, Params: {'sigma': 0.05}) ===]
n_iterations: 4
n_required_iterations: 4
n_possible_iterations: 7
min_resources_: 6
max_resources_: 8700
aggressive_elimination: False
factor: 3
----------
iter: 0
n_candidates: 50
n_resources: 6
Fitting 1 folds for each of 50 candidates, totalling 50 fits
----------
iter: 1
n_candidates: 17
n_resources: 18
Fitting 1 folds for each of 17 candidates, totalling 17 fits
----------
iter: 2
n_candidates: 6
n_resources: 54
Fitting 1 folds for each of 6 candidates, totalling 6 fits
----------
iter: 3
n_candidates: 2
n_resources: 162
Fitting 1 folds for each of 2 candidates, totalling 2 fits
      -> [KNN + Jittering Set 4] Acc: 0.9583, F1: 0.9580, Time: 0.01s
n_iterations: 4
n_required_iterations: 4
n_possible_iterations: 7
min_resources_: 6
max_resources_: 8700
aggressive_elimination: False
factor: 3
----------
iter: 0
n_candidates: 50
n_resources: 6
Fitting 1 folds for each of 50 candidates, totalling 50 fits
----------
iter: 1
n_candidates: 17
n_resources: 18
Fitting 1 folds for each of 17 candidates, totalling 17 fits
----------
iter: 2
n_candidates: 6
n_resources: 54
Fitting 1 folds for each of 6 candidates, totalling 6 fits
----------
iter: 3
n_candidates: 2
n_resources: 162
Fitting 1 folds for each of 2 candidates, totalling 2 fits
      -> [RandomForest + Jittering Set 4] Acc: 0.9333, F1: 0.9328, Time: 0.70s
n_iterations: 4
n_required_iterations: 4
n_possible_iterations: 7
min_resources_: 6
max_resources_: 8700
aggressive_elimination: False
factor: 3
----------
iter: 0
n_candidates: 50
n_resources: 6
Fitting 1 folds for each of 50 candidates, totalling 50 fits
----------
iter: 1
n_candidates: 17
n_resources: 18
Fitting 1 folds for each of 17 candidates, totalling 17 fits
----------
iter: 2
n_candidates: 6
n_resources: 54
Fitting 1 folds for each of 6 candidates, totalling 6 fits
----------
iter: 3
n_candidates: 2
n_resources: 162
Fitting 1 folds for each of 2 candidates, totalling 2 fits
      -> [LinearSVC + Jittering Set 4] Acc: 0.9783, F1: 0.9782, Time: 0.04s
n_iterations: 4
n_required_iterations: 4
n_possible_iterations: 7
min_resources_: 6
max_resources_: 8700
aggressive_elimination: False
factor: 3
----------
iter: 0
n_candidates: 50
n_resources: 6
Fitting 1 folds for each of 50 candidates, totalling 50 fits
----------
iter: 1
n_candidates: 17
n_resources: 18
Fitting 1 folds for each of 17 candidates, totalling 17 fits
----------
iter: 2
n_candidates: 6
n_resources: 54
Fitting 1 folds for each of 6 candidates, totalling 6 fits
----------
iter: 3
n_candidates: 2
n_resources: 162
Fitting 1 folds for each of 2 candidates, totalling 2 fits
      -> [LogisticRegression + Jittering Set 4] Acc: 0.9567, F1: 0.9570, Time: 0.20s
      [!] Failed evaluation with RNN on Jittering Set 4: name 'os' is not defined
    [=== Generating 2x synthetic data with Jittering (Set 5, Params: {'sigma': 0.15}) ===]
n_iterations: 4
n_required_iterations: 4
n_possible_iterations: 7
min_resources_: 6
max_resources_: 8700
aggressive_elimination: False
factor: 3
----------
iter: 0
n_candidates: 50
n_resources: 6
Fitting 1 folds for each of 50 candidates, totalling 50 fits
----------
iter: 1
n_candidates: 17
n_resources: 18
Fitting 1 folds for each of 17 candidates, totalling 17 fits
----------
iter: 2
n_candidates: 6
n_resources: 54
Fitting 1 folds for each of 6 candidates, totalling 6 fits
----------
iter: 3
n_candidates: 2
n_resources: 162
Fitting 1 folds for each of 2 candidates, totalling 2 fits
      -> [KNN + Jittering Set 5] Acc: 0.9750, F1: 0.9749, Time: 0.01s
n_iterations: 4
n_required_iterations: 4
n_possible_iterations: 7
min_resources_: 6
max_resources_: 8700
aggressive_elimination: False
factor: 3
----------
iter: 0
n_candidates: 50
n_resources: 6
Fitting 1 folds for each of 50 candidates, totalling 50 fits
----------
iter: 1
n_candidates: 17
n_resources: 18
Fitting 1 folds for each of 17 candidates, totalling 17 fits
----------
iter: 2
n_candidates: 6
n_resources: 54
Fitting 1 folds for each of 6 candidates, totalling 6 fits
----------
iter: 3
n_candidates: 2
n_resources: 162
Fitting 1 folds for each of 2 candidates, totalling 2 fits
      -> [RandomForest + Jittering Set 5] Acc: 0.9517, F1: 0.9510, Time: 0.49s
n_iterations: 4
n_required_iterations: 4
n_possible_iterations: 7
min_resources_: 6
max_resources_: 8700
aggressive_elimination: False
factor: 3
----------
iter: 0
n_candidates: 50
n_resources: 6
Fitting 1 folds for each of 50 candidates, totalling 50 fits
----------
iter: 1
n_candidates: 17
n_resources: 18
Fitting 1 folds for each of 17 candidates, totalling 17 fits
----------
iter: 2
n_candidates: 6
n_resources: 54
Fitting 1 folds for each of 6 candidates, totalling 6 fits
----------
iter: 3
n_candidates: 2
n_resources: 162
Fitting 1 folds for each of 2 candidates, totalling 2 fits
      -> [LinearSVC + Jittering Set 5] Acc: 0.9533, F1: 0.9526, Time: 0.05s
n_iterations: 4
n_required_iterations: 4
n_possible_iterations: 7
min_resources_: 6
max_resources_: 8700
aggressive_elimination: False
factor: 3
----------
iter: 0
n_candidates: 50
n_resources: 6
Fitting 1 folds for each of 50 candidates, totalling 50 fits
----------
iter: 1
n_candidates: 17
n_resources: 18
Fitting 1 folds for each of 17 candidates, totalling 17 fits
----------
iter: 2
n_candidates: 6
n_resources: 54
Fitting 1 folds for each of 6 candidates, totalling 6 fits
----------
iter: 3
n_candidates: 2
n_resources: 162
Fitting 1 folds for each of 2 candidates, totalling 2 fits
      -> [LogisticRegression + Jittering Set 5] Acc: 0.9733, F1: 0.9734, Time: 0.05s
      [!] Failed evaluation with RNN on Jittering Set 5: name 'os' is not defined
    [=== Generating 2x synthetic data with Jittering (Set 6, Params: {'sigma': 0.15}) ===]
n_iterations: 4
n_required_iterations: 4
n_possible_iterations: 7
min_resources_: 6
max_resources_: 8700
aggressive_elimination: False
factor: 3
----------
iter: 0
n_candidates: 50
n_resources: 6
Fitting 1 folds for each of 50 candidates, totalling 50 fits
----------
iter: 1
n_candidates: 17
n_resources: 18
Fitting 1 folds for each of 17 candidates, totalling 17 fits
----------
iter: 2
n_candidates: 6
n_resources: 54
Fitting 1 folds for each of 6 candidates, totalling 6 fits
----------
iter: 3
n_candidates: 2
n_resources: 162
Fitting 1 folds for each of 2 candidates, totalling 2 fits
      -> [KNN + Jittering Set 6] Acc: 0.9633, F1: 0.9632, Time: 0.01s
n_iterations: 4
n_required_iterations: 4
n_possible_iterations: 7
min_resources_: 6
max_resources_: 8700
aggressive_elimination: False
factor: 3
----------
iter: 0
n_candidates: 50
n_resources: 6
Fitting 1 folds for each of 50 candidates, totalling 50 fits
----------
iter: 1
n_candidates: 17
n_resources: 18
Fitting 1 folds for each of 17 candidates, totalling 17 fits
----------
iter: 2
n_candidates: 6
n_resources: 54
Fitting 1 folds for each of 6 candidates, totalling 6 fits
----------
iter: 3
n_candidates: 2
n_resources: 162
Fitting 1 folds for each of 2 candidates, totalling 2 fits
      -> [RandomForest + Jittering Set 6] Acc: 0.9500, F1: 0.9495, Time: 0.50s
n_iterations: 4
n_required_iterations: 4
n_possible_iterations: 7
min_resources_: 6
max_resources_: 8700
aggressive_elimination: False
factor: 3
----------
iter: 0
n_candidates: 50
n_resources: 6
Fitting 1 folds for each of 50 candidates, totalling 50 fits
----------
iter: 1
n_candidates: 17
n_resources: 18
Fitting 1 folds for each of 17 candidates, totalling 17 fits
----------
iter: 2
n_candidates: 6
n_resources: 54
Fitting 1 folds for each of 6 candidates, totalling 6 fits
----------
iter: 3
n_candidates: 2
n_resources: 162
Fitting 1 folds for each of 2 candidates, totalling 2 fits
      -> [LinearSVC + Jittering Set 6] Acc: 0.9483, F1: 0.9474, Time: 0.05s
n_iterations: 4
n_required_iterations: 4
n_possible_iterations: 7
min_resources_: 6
max_resources_: 8700
aggressive_elimination: False
factor: 3
----------
iter: 0
n_candidates: 50
n_resources: 6
Fitting 1 folds for each of 50 candidates, totalling 50 fits
----------
iter: 1
n_candidates: 17
n_resources: 18
Fitting 1 folds for each of 17 candidates, totalling 17 fits
----------
iter: 2
n_candidates: 6
n_resources: 54
Fitting 1 folds for each of 6 candidates, totalling 6 fits
----------
iter: 3
n_candidates: 2
n_resources: 162
Fitting 1 folds for each of 2 candidates, totalling 2 fits
      -> [LogisticRegression + Jittering Set 6] Acc: 0.9867, F1: 0.9867, Time: 0.19s
      [!] Failed evaluation with RNN on Jittering Set 6: name 'os' is not defined
    [=== Generating 2x synthetic data with Jittering (Set 7, Params: {'sigma': 0.03}) ===]
n_iterations: 4
n_required_iterations: 4
n_possible_iterations: 7
min_resources_: 6
max_resources_: 8700
aggressive_elimination: False
factor: 3
----------
iter: 0
n_candidates: 50
n_resources: 6
Fitting 1 folds for each of 50 candidates, totalling 50 fits
----------
iter: 1
n_candidates: 17
n_resources: 18
Fitting 1 folds for each of 17 candidates, totalling 17 fits
----------
iter: 2
n_candidates: 6
n_resources: 54
Fitting 1 folds for each of 6 candidates, totalling 6 fits
----------
iter: 3
n_candidates: 2
n_resources: 162
Fitting 1 folds for each of 2 candidates, totalling 2 fits
      -> [KNN + Jittering Set 7] Acc: 0.9583, F1: 0.9581, Time: 0.01s
n_iterations: 4
n_required_iterations: 4
n_possible_iterations: 7
min_resources_: 6
max_resources_: 8700
aggressive_elimination: False
factor: 3
----------
iter: 0
n_candidates: 50
n_resources: 6
Fitting 1 folds for each of 50 candidates, totalling 50 fits
----------
iter: 1
n_candidates: 17
n_resources: 18
Fitting 1 folds for each of 17 candidates, totalling 17 fits
----------
iter: 2
n_candidates: 6
n_resources: 54
Fitting 1 folds for each of 6 candidates, totalling 6 fits
----------
iter: 3
n_candidates: 2
n_resources: 162
Fitting 1 folds for each of 2 candidates, totalling 2 fits
      -> [RandomForest + Jittering Set 7] Acc: 0.9317, F1: 0.9311, Time: 0.79s
n_iterations: 4
n_required_iterations: 4
n_possible_iterations: 7
min_resources_: 6
max_resources_: 8700
aggressive_elimination: False
factor: 3
----------
iter: 0
n_candidates: 50
n_resources: 6
Fitting 1 folds for each of 50 candidates, totalling 50 fits
----------
iter: 1
n_candidates: 17
n_resources: 18
Fitting 1 folds for each of 17 candidates, totalling 17 fits
----------
iter: 2
n_candidates: 6
n_resources: 54
Fitting 1 folds for each of 6 candidates, totalling 6 fits
----------
iter: 3
n_candidates: 2
n_resources: 162
Fitting 1 folds for each of 2 candidates, totalling 2 fits
      -> [LinearSVC + Jittering Set 7] Acc: 0.9750, F1: 0.9748, Time: 0.05s
n_iterations: 4
n_required_iterations: 4
n_possible_iterations: 7
min_resources_: 6
max_resources_: 8700
aggressive_elimination: False
factor: 3
----------
iter: 0
n_candidates: 50
n_resources: 6
Fitting 1 folds for each of 50 candidates, totalling 50 fits
----------
iter: 1
n_candidates: 17
n_resources: 18
Fitting 1 folds for each of 17 candidates, totalling 17 fits
----------
iter: 2
n_candidates: 6
n_resources: 54
Fitting 1 folds for each of 6 candidates, totalling 6 fits
----------
iter: 3
n_candidates: 2
n_resources: 162
Fitting 1 folds for each of 2 candidates, totalling 2 fits
      -> [LogisticRegression + Jittering Set 7] Acc: 0.9583, F1: 0.9586, Time: 0.19s
      [!] Failed evaluation with RNN on Jittering Set 7: name 'os' is not defined
    [=== Generating 2x synthetic data with Jittering (Set 8, Params: {'sigma': 0.05}) ===]
n_iterations: 4
n_required_iterations: 4
n_possible_iterations: 7
min_resources_: 6
max_resources_: 8700
aggressive_elimination: False
factor: 3
----------
iter: 0
n_candidates: 50
n_resources: 6
Fitting 1 folds for each of 50 candidates, totalling 50 fits
----------
iter: 1
n_candidates: 17
n_resources: 18
Fitting 1 folds for each of 17 candidates, totalling 17 fits
----------
iter: 2
n_candidates: 6
n_resources: 54
Fitting 1 folds for each of 6 candidates, totalling 6 fits
----------
iter: 3
n_candidates: 2
n_resources: 162
Fitting 1 folds for each of 2 candidates, totalling 2 fits
      -> [KNN + Jittering Set 8] Acc: 0.9517, F1: 0.9514, Time: 0.01s
n_iterations: 4
n_required_iterations: 4
n_possible_iterations: 7
min_resources_: 6
max_resources_: 8700
aggressive_elimination: False
factor: 3
----------
iter: 0
n_candidates: 50
n_resources: 6
Fitting 1 folds for each of 50 candidates, totalling 50 fits
----------
iter: 1
n_candidates: 17
n_resources: 18
Fitting 1 folds for each of 17 candidates, totalling 17 fits
----------
iter: 2
n_candidates: 6
n_resources: 54
Fitting 1 folds for each of 6 candidates, totalling 6 fits
----------
iter: 3
n_candidates: 2
n_resources: 162
Fitting 1 folds for each of 2 candidates, totalling 2 fits
      -> [RandomForest + Jittering Set 8] Acc: 0.9367, F1: 0.9360, Time: 1.14s
n_iterations: 4
n_required_iterations: 4
n_possible_iterations: 7
min_resources_: 6
max_resources_: 8700
aggressive_elimination: False
factor: 3
----------
iter: 0
n_candidates: 50
n_resources: 6
Fitting 1 folds for each of 50 candidates, totalling 50 fits
----------
iter: 1
n_candidates: 17
n_resources: 18
Fitting 1 folds for each of 17 candidates, totalling 17 fits
----------
iter: 2
n_candidates: 6
n_resources: 54
Fitting 1 folds for each of 6 candidates, totalling 6 fits
----------
iter: 3
n_candidates: 2
n_resources: 162
Fitting 1 folds for each of 2 candidates, totalling 2 fits
      -> [LinearSVC + Jittering Set 8] Acc: 0.9833, F1: 0.9833, Time: 0.02s
n_iterations: 4
n_required_iterations: 4
n_possible_iterations: 7
min_resources_: 6
max_resources_: 8700
aggressive_elimination: False
factor: 3
----------
iter: 0
n_candidates: 50
n_resources: 6
Fitting 1 folds for each of 50 candidates, totalling 50 fits
----------
iter: 1
n_candidates: 17
n_resources: 18
Fitting 1 folds for each of 17 candidates, totalling 17 fits
----------
iter: 2
n_candidates: 6
n_resources: 54
Fitting 1 folds for each of 6 candidates, totalling 6 fits
----------
iter: 3
n_candidates: 2
n_resources: 162
Fitting 1 folds for each of 2 candidates, totalling 2 fits
      -> [LogisticRegression + Jittering Set 8] Acc: 0.9633, F1: 0.9635, Time: 0.18s
      [!] Failed evaluation with RNN on Jittering Set 8: name 'os' is not defined
    [=== Generating 2x synthetic data with Jittering (Set 9, Params: {'sigma': 0.05}) ===]
n_iterations: 4
n_required_iterations: 4
n_possible_iterations: 7
min_resources_: 6
max_resources_: 8700
aggressive_elimination: False
factor: 3
----------
iter: 0
n_candidates: 50
n_resources: 6
Fitting 1 folds for each of 50 candidates, totalling 50 fits
----------
iter: 1
n_candidates: 17
n_resources: 18
Fitting 1 folds for each of 17 candidates, totalling 17 fits
----------
iter: 2
n_candidates: 6
n_resources: 54
Fitting 1 folds for each of 6 candidates, totalling 6 fits
----------
iter: 3
n_candidates: 2
n_resources: 162
Fitting 1 folds for each of 2 candidates, totalling 2 fits
      -> [KNN + Jittering Set 9] Acc: 0.9517, F1: 0.9513, Time: 0.01s
n_iterations: 4
n_required_iterations: 4
n_possible_iterations: 7
min_resources_: 6
max_resources_: 8700
aggressive_elimination: False
factor: 3
----------
iter: 0
n_candidates: 50
n_resources: 6
Fitting 1 folds for each of 50 candidates, totalling 50 fits
----------
iter: 1
n_candidates: 17
n_resources: 18
Fitting 1 folds for each of 17 candidates, totalling 17 fits
----------
iter: 2
n_candidates: 6
n_resources: 54
Fitting 1 folds for each of 6 candidates, totalling 6 fits
----------
iter: 3
n_candidates: 2
n_resources: 162
Fitting 1 folds for each of 2 candidates, totalling 2 fits
      -> [RandomForest + Jittering Set 9] Acc: 0.9433, F1: 0.9428, Time: 0.42s
n_iterations: 4
n_required_iterations: 4
n_possible_iterations: 7
min_resources_: 6
max_resources_: 8700
aggressive_elimination: False
factor: 3
----------
iter: 0
n_candidates: 50
n_resources: 6
Fitting 1 folds for each of 50 candidates, totalling 50 fits
----------
iter: 1
n_candidates: 17
n_resources: 18
Fitting 1 folds for each of 17 candidates, totalling 17 fits
----------
iter: 2
n_candidates: 6
n_resources: 54
Fitting 1 folds for each of 6 candidates, totalling 6 fits
----------
iter: 3
n_candidates: 2
n_resources: 162
Fitting 1 folds for each of 2 candidates, totalling 2 fits
      -> [LinearSVC + Jittering Set 9] Acc: 0.9750, F1: 0.9748, Time: 0.05s
n_iterations: 4
n_required_iterations: 4
n_possible_iterations: 7
min_resources_: 6
max_resources_: 8700
aggressive_elimination: False
factor: 3
----------
iter: 0
n_candidates: 50
n_resources: 6
Fitting 1 folds for each of 50 candidates, totalling 50 fits
----------
iter: 1
n_candidates: 17
n_resources: 18
Fitting 1 folds for each of 17 candidates, totalling 17 fits
----------
iter: 2
n_candidates: 6
n_resources: 54
Fitting 1 folds for each of 6 candidates, totalling 6 fits
----------
iter: 3
n_candidates: 2
n_resources: 162
Fitting 1 folds for each of 2 candidates, totalling 2 fits
      -> [LogisticRegression + Jittering Set 9] Acc: 0.9650, F1: 0.9652, Time: 0.20s
      [!] Failed evaluation with RNN on Jittering Set 9: name 'os' is not defined
    [=== Generating 2x synthetic data with Jittering (Set 10, Params: {'sigma': 0.05}) ===]
n_iterations: 4
n_required_iterations: 4
n_possible_iterations: 7
min_resources_: 6
max_resources_: 8700
aggressive_elimination: False
factor: 3
----------
iter: 0
n_candidates: 50
n_resources: 6
Fitting 1 folds for each of 50 candidates, totalling 50 fits
----------
iter: 1
n_candidates: 17
n_resources: 18
Fitting 1 folds for each of 17 candidates, totalling 17 fits
----------
iter: 2
n_candidates: 6
n_resources: 54
Fitting 1 folds for each of 6 candidates, totalling 6 fits
----------
iter: 3
n_candidates: 2
n_resources: 162
Fitting 1 folds for each of 2 candidates, totalling 2 fits
      -> [KNN + Jittering Set 10] Acc: 0.9517, F1: 0.9515, Time: 0.01s
n_iterations: 4
n_required_iterations: 4
n_possible_iterations: 7
min_resources_: 6
max_resources_: 8700
aggressive_elimination: False
factor: 3
----------
iter: 0
n_candidates: 50
n_resources: 6
Fitting 1 folds for each of 50 candidates, totalling 50 fits
----------
iter: 1
n_candidates: 17
n_resources: 18
Fitting 1 folds for each of 17 candidates, totalling 17 fits
----------
iter: 2
n_candidates: 6
n_resources: 54
Fitting 1 folds for each of 6 candidates, totalling 6 fits
----------
iter: 3
n_candidates: 2
n_resources: 162
Fitting 1 folds for each of 2 candidates, totalling 2 fits
      -> [RandomForest + Jittering Set 10] Acc: 0.9333, F1: 0.9328, Time: 1.18s
n_iterations: 4
n_required_iterations: 4
n_possible_iterations: 7
min_resources_: 6
max_resources_: 8700
aggressive_elimination: False
factor: 3
----------
iter: 0
n_candidates: 50
n_resources: 6
Fitting 1 folds for each of 50 candidates, totalling 50 fits
----------
iter: 1
n_candidates: 17
n_resources: 18
Fitting 1 folds for each of 17 candidates, totalling 17 fits
----------
iter: 2
n_candidates: 6
n_resources: 54
Fitting 1 folds for each of 6 candidates, totalling 6 fits
----------
iter: 3
n_candidates: 2
n_resources: 162
Fitting 1 folds for each of 2 candidates, totalling 2 fits
      -> [LinearSVC + Jittering Set 10] Acc: 0.9717, F1: 0.9714, Time: 0.05s
n_iterations: 4
n_required_iterations: 4
n_possible_iterations: 7
min_resources_: 6
max_resources_: 8700
aggressive_elimination: False
factor: 3
----------
iter: 0
n_candidates: 50
n_resources: 6
Fitting 1 folds for each of 50 candidates, totalling 50 fits
----------
iter: 1
n_candidates: 17
n_resources: 18
Fitting 1 folds for each of 17 candidates, totalling 17 fits
----------
iter: 2
n_candidates: 6
n_resources: 54
Fitting 1 folds for each of 6 candidates, totalling 6 fits
----------
iter: 3
n_candidates: 2
n_resources: 162
Fitting 1 folds for each of 2 candidates, totalling 2 fits
      -> [LogisticRegression + Jittering Set 10] Acc: 0.9500, F1: 0.9504, Time: 0.20s
      [!] Failed evaluation with RNN on Jittering Set 10: name 'os' is not defined
    [=== Generating 3x synthetic data with Jittering (Set 1, Params: {'sigma': 0.03}) ===]
n_iterations: 4
n_required_iterations: 4
n_possible_iterations: 7
min_resources_: 6
max_resources_: 11600
aggressive_elimination: False
factor: 3
----------
iter: 0
n_candidates: 50
n_resources: 6
Fitting 1 folds for each of 50 candidates, totalling 50 fits
----------
iter: 1
n_candidates: 17
n_resources: 18
Fitting 1 folds for each of 17 candidates, totalling 17 fits
----------
iter: 2
n_candidates: 6
n_resources: 54
Fitting 1 folds for each of 6 candidates, totalling 6 fits
----------
iter: 3
n_candidates: 2
n_resources: 162
Fitting 1 folds for each of 2 candidates, totalling 2 fits
      -> [KNN + Jittering Set 1] Acc: 0.9567, F1: 0.9565, Time: 0.02s
n_iterations: 4
n_required_iterations: 4
n_possible_iterations: 7
min_resources_: 6
max_resources_: 11600
aggressive_elimination: False
factor: 3
----------
iter: 0
n_candidates: 50
n_resources: 6
Fitting 1 folds for each of 50 candidates, totalling 50 fits
----------
iter: 1
n_candidates: 17
n_resources: 18
Fitting 1 folds for each of 17 candidates, totalling 17 fits
----------
iter: 2
n_candidates: 6
n_resources: 54
Fitting 1 folds for each of 6 candidates, totalling 6 fits
----------
iter: 3
n_candidates: 2
n_resources: 162
Fitting 1 folds for each of 2 candidates, totalling 2 fits
      -> [RandomForest + Jittering Set 1] Acc: 0.9317, F1: 0.9311, Time: 0.62s
n_iterations: 4
n_required_iterations: 4
n_possible_iterations: 7
min_resources_: 6
max_resources_: 11600
aggressive_elimination: False
factor: 3
----------
iter: 0
n_candidates: 50
n_resources: 6
Fitting 1 folds for each of 50 candidates, totalling 50 fits
----------
iter: 1
n_candidates: 17
n_resources: 18
Fitting 1 folds for each of 17 candidates, totalling 17 fits
----------
iter: 2
n_candidates: 6
n_resources: 54
Fitting 1 folds for each of 6 candidates, totalling 6 fits
----------
iter: 3
n_candidates: 2
n_resources: 162
Fitting 1 folds for each of 2 candidates, totalling 2 fits
      -> [LinearSVC + Jittering Set 1] Acc: 0.9833, F1: 0.9833, Time: 0.03s
n_iterations: 4
n_required_iterations: 4
n_possible_iterations: 7
min_resources_: 6
max_resources_: 11600
aggressive_elimination: False
factor: 3
----------
iter: 0
n_candidates: 50
n_resources: 6
Fitting 1 folds for each of 50 candidates, totalling 50 fits
----------
iter: 1
n_candidates: 17
n_resources: 18
Fitting 1 folds for each of 17 candidates, totalling 17 fits
----------
iter: 2
n_candidates: 6
n_resources: 54
Fitting 1 folds for each of 6 candidates, totalling 6 fits
----------
iter: 3
n_candidates: 2
n_resources: 162
Fitting 1 folds for each of 2 candidates, totalling 2 fits
      -> [LogisticRegression + Jittering Set 1] Acc: 0.9533, F1: 0.9537, Time: 0.31s
      [!] Failed evaluation with RNN on Jittering Set 1: name 'os' is not defined
    [=== Generating 3x synthetic data with Jittering (Set 2, Params: {'sigma': 0.1}) ===]
n_iterations: 4
n_required_iterations: 4
n_possible_iterations: 7
min_resources_: 6
max_resources_: 11600
aggressive_elimination: False
factor: 3
----------
iter: 0
n_candidates: 50
n_resources: 6
Fitting 1 folds for each of 50 candidates, totalling 50 fits
----------
iter: 1
n_candidates: 17
n_resources: 18
Fitting 1 folds for each of 17 candidates, totalling 17 fits
----------
iter: 2
n_candidates: 6
n_resources: 54
Fitting 1 folds for each of 6 candidates, totalling 6 fits
----------
iter: 3
n_candidates: 2
n_resources: 162
Fitting 1 folds for each of 2 candidates, totalling 2 fits
      -> [KNN + Jittering Set 2] Acc: 0.9600, F1: 0.9597, Time: 0.02s
n_iterations: 4
n_required_iterations: 4
n_possible_iterations: 7
min_resources_: 6
max_resources_: 11600
aggressive_elimination: False
factor: 3
----------
iter: 0
n_candidates: 50
n_resources: 6
Fitting 1 folds for each of 50 candidates, totalling 50 fits
----------
iter: 1
n_candidates: 17
n_resources: 18
Fitting 1 folds for each of 17 candidates, totalling 17 fits
----------
iter: 2
n_candidates: 6
n_resources: 54
Fitting 1 folds for each of 6 candidates, totalling 6 fits
----------
iter: 3
n_candidates: 2
n_resources: 162
Fitting 1 folds for each of 2 candidates, totalling 2 fits
      -> [RandomForest + Jittering Set 2] Acc: 0.9467, F1: 0.9460, Time: 0.69s
n_iterations: 4
n_required_iterations: 4
n_possible_iterations: 7
min_resources_: 6
max_resources_: 11600
aggressive_elimination: False
factor: 3
----------
iter: 0
n_candidates: 50
n_resources: 6
Fitting 1 folds for each of 50 candidates, totalling 50 fits
----------
iter: 1
n_candidates: 17
n_resources: 18
Fitting 1 folds for each of 17 candidates, totalling 17 fits
----------
iter: 2
n_candidates: 6
n_resources: 54
Fitting 1 folds for each of 6 candidates, totalling 6 fits
----------
iter: 3
n_candidates: 2
n_resources: 162
Fitting 1 folds for each of 2 candidates, totalling 2 fits
      -> [LinearSVC + Jittering Set 2] Acc: 0.9717, F1: 0.9714, Time: 0.03s
n_iterations: 4
n_required_iterations: 4
n_possible_iterations: 7
min_resources_: 6
max_resources_: 11600
aggressive_elimination: False
factor: 3
----------
iter: 0
n_candidates: 50
n_resources: 6
Fitting 1 folds for each of 50 candidates, totalling 50 fits
----------
iter: 1
n_candidates: 17
n_resources: 18
Fitting 1 folds for each of 17 candidates, totalling 17 fits
----------
iter: 2
n_candidates: 6
n_resources: 54
Fitting 1 folds for each of 6 candidates, totalling 6 fits
----------
iter: 3
n_candidates: 2
n_resources: 162
Fitting 1 folds for each of 2 candidates, totalling 2 fits
      -> [LogisticRegression + Jittering Set 2] Acc: 0.9667, F1: 0.9668, Time: 0.31s
      [!] Failed evaluation with RNN on Jittering Set 2: name 'os' is not defined
    [=== Generating 3x synthetic data with Jittering (Set 3, Params: {'sigma': 0.15}) ===]
n_iterations: 4
n_required_iterations: 4
n_possible_iterations: 7
min_resources_: 6
max_resources_: 11600
aggressive_elimination: False
factor: 3
----------
iter: 0
n_candidates: 50
n_resources: 6
Fitting 1 folds for each of 50 candidates, totalling 50 fits
----------
iter: 1
n_candidates: 17
n_resources: 18
Fitting 1 folds for each of 17 candidates, totalling 17 fits
----------
iter: 2
n_candidates: 6
n_resources: 54
Fitting 1 folds for each of 6 candidates, totalling 6 fits
----------
iter: 3
n_candidates: 2
n_resources: 162
Fitting 1 folds for each of 2 candidates, totalling 2 fits
      -> [KNN + Jittering Set 3] Acc: 0.9550, F1: 0.9548, Time: 0.02s
n_iterations: 4
n_required_iterations: 4
n_possible_iterations: 7
min_resources_: 6
max_resources_: 11600
aggressive_elimination: False
factor: 3
----------
iter: 0
n_candidates: 50
n_resources: 6
Fitting 1 folds for each of 50 candidates, totalling 50 fits
----------
iter: 1
n_candidates: 17
n_resources: 18
Fitting 1 folds for each of 17 candidates, totalling 17 fits
----------
iter: 2
n_candidates: 6
n_resources: 54
Fitting 1 folds for each of 6 candidates, totalling 6 fits
----------
iter: 3
n_candidates: 2
n_resources: 162
Fitting 1 folds for each of 2 candidates, totalling 2 fits
      -> [RandomForest + Jittering Set 3] Acc: 0.9533, F1: 0.9527, Time: 0.77s
n_iterations: 4
n_required_iterations: 4
n_possible_iterations: 7
min_resources_: 6
max_resources_: 11600
aggressive_elimination: False
factor: 3
----------
iter: 0
n_candidates: 50
n_resources: 6
Fitting 1 folds for each of 50 candidates, totalling 50 fits
----------
iter: 1
n_candidates: 17
n_resources: 18
Fitting 1 folds for each of 17 candidates, totalling 17 fits
----------
iter: 2
n_candidates: 6
n_resources: 54
Fitting 1 folds for each of 6 candidates, totalling 6 fits
----------
iter: 3
n_candidates: 2
n_resources: 162
Fitting 1 folds for each of 2 candidates, totalling 2 fits
      -> [LinearSVC + Jittering Set 3] Acc: 0.9467, F1: 0.9457, Time: 0.02s
n_iterations: 4
n_required_iterations: 4
n_possible_iterations: 7
min_resources_: 6
max_resources_: 11600
aggressive_elimination: False
factor: 3
----------
iter: 0
n_candidates: 50
n_resources: 6
Fitting 1 folds for each of 50 candidates, totalling 50 fits
----------
iter: 1
n_candidates: 17
n_resources: 18
Fitting 1 folds for each of 17 candidates, totalling 17 fits
----------
iter: 2
n_candidates: 6
n_resources: 54
Fitting 1 folds for each of 6 candidates, totalling 6 fits
----------
iter: 3
n_candidates: 2
n_resources: 162
Fitting 1 folds for each of 2 candidates, totalling 2 fits
      -> [LogisticRegression + Jittering Set 3] Acc: 0.9667, F1: 0.9667, Time: 0.08s
      [!] Failed evaluation with RNN on Jittering Set 3: name 'os' is not defined
    [=== Generating 3x synthetic data with Jittering (Set 4, Params: {'sigma': 0.05}) ===]
n_iterations: 4
n_required_iterations: 4
n_possible_iterations: 7
min_resources_: 6
max_resources_: 11600
aggressive_elimination: False
factor: 3
----------
iter: 0
n_candidates: 50
n_resources: 6
Fitting 1 folds for each of 50 candidates, totalling 50 fits
----------
iter: 1
n_candidates: 17
n_resources: 18
Fitting 1 folds for each of 17 candidates, totalling 17 fits
----------
iter: 2
n_candidates: 6
n_resources: 54
Fitting 1 folds for each of 6 candidates, totalling 6 fits
----------
iter: 3
n_candidates: 2
n_resources: 162
Fitting 1 folds for each of 2 candidates, totalling 2 fits
      -> [KNN + Jittering Set 4] Acc: 0.9683, F1: 0.9685, Time: 0.04s
n_iterations: 4
n_required_iterations: 4
n_possible_iterations: 7
min_resources_: 6
max_resources_: 11600
aggressive_elimination: False
factor: 3
----------
iter: 0
n_candidates: 50
n_resources: 6
Fitting 1 folds for each of 50 candidates, totalling 50 fits
----------
iter: 1
n_candidates: 17
n_resources: 18
Fitting 1 folds for each of 17 candidates, totalling 17 fits
----------
iter: 2
n_candidates: 6
n_resources: 54
Fitting 1 folds for each of 6 candidates, totalling 6 fits
----------
iter: 3
n_candidates: 2
n_resources: 162
Fitting 1 folds for each of 2 candidates, totalling 2 fits
      -> [RandomForest + Jittering Set 4] Acc: 0.9300, F1: 0.9292, Time: 2.06s
n_iterations: 4
n_required_iterations: 4
n_possible_iterations: 7
min_resources_: 6
max_resources_: 11600
aggressive_elimination: False
factor: 3
----------
iter: 0
n_candidates: 50
n_resources: 6
Fitting 1 folds for each of 50 candidates, totalling 50 fits
----------
iter: 1
n_candidates: 17
n_resources: 18
Fitting 1 folds for each of 17 candidates, totalling 17 fits
----------
iter: 2
n_candidates: 6
n_resources: 54
Fitting 1 folds for each of 6 candidates, totalling 6 fits
----------
iter: 3
n_candidates: 2
n_resources: 162
Fitting 1 folds for each of 2 candidates, totalling 2 fits
      -> [LinearSVC + Jittering Set 4] Acc: 0.9833, F1: 0.9833, Time: 0.03s
n_iterations: 4
n_required_iterations: 4
n_possible_iterations: 7
min_resources_: 6
max_resources_: 11600
aggressive_elimination: False
factor: 3
----------
iter: 0
n_candidates: 50
n_resources: 6
Fitting 1 folds for each of 50 candidates, totalling 50 fits
----------
iter: 1
n_candidates: 17
n_resources: 18
Fitting 1 folds for each of 17 candidates, totalling 17 fits
----------
iter: 2
n_candidates: 6
n_resources: 54
Fitting 1 folds for each of 6 candidates, totalling 6 fits
----------
iter: 3
n_candidates: 2
n_resources: 162
Fitting 1 folds for each of 2 candidates, totalling 2 fits
      -> [LogisticRegression + Jittering Set 4] Acc: 0.9617, F1: 0.9619, Time: 0.31s
      [!] Failed evaluation with RNN on Jittering Set 4: name 'os' is not defined
    [=== Generating 3x synthetic data with Jittering (Set 5, Params: {'sigma': 0.15}) ===]
n_iterations: 4
n_required_iterations: 4
n_possible_iterations: 7
min_resources_: 6
max_resources_: 11600
aggressive_elimination: False
factor: 3
----------
iter: 0
n_candidates: 50
n_resources: 6
Fitting 1 folds for each of 50 candidates, totalling 50 fits
----------
iter: 1
n_candidates: 17
n_resources: 18
Fitting 1 folds for each of 17 candidates, totalling 17 fits
----------
iter: 2
n_candidates: 6
n_resources: 54
Fitting 1 folds for each of 6 candidates, totalling 6 fits
----------
iter: 3
n_candidates: 2
n_resources: 162
Fitting 1 folds for each of 2 candidates, totalling 2 fits
      -> [KNN + Jittering Set 5] Acc: 0.9733, F1: 0.9733, Time: 0.06s
n_iterations: 4
n_required_iterations: 4
n_possible_iterations: 7
min_resources_: 6
max_resources_: 11600
aggressive_elimination: False
factor: 3
----------
iter: 0
n_candidates: 50
n_resources: 6
Fitting 1 folds for each of 50 candidates, totalling 50 fits
----------
iter: 1
n_candidates: 17
n_resources: 18
Fitting 1 folds for each of 17 candidates, totalling 17 fits
----------
iter: 2
n_candidates: 6
n_resources: 54
Fitting 1 folds for each of 6 candidates, totalling 6 fits
----------
iter: 3
n_candidates: 2
n_resources: 162
Fitting 1 folds for each of 2 candidates, totalling 2 fits
      -> [RandomForest + Jittering Set 5] Acc: 0.9533, F1: 0.9527, Time: 0.75s
n_iterations: 4
n_required_iterations: 4
n_possible_iterations: 7
min_resources_: 6
max_resources_: 11600
aggressive_elimination: False
factor: 3
----------
iter: 0
n_candidates: 50
n_resources: 6
Fitting 1 folds for each of 50 candidates, totalling 50 fits
----------
iter: 1
n_candidates: 17
n_resources: 18
Fitting 1 folds for each of 17 candidates, totalling 17 fits
----------
iter: 2
n_candidates: 6
n_resources: 54
Fitting 1 folds for each of 6 candidates, totalling 6 fits
----------
iter: 3
n_candidates: 2
n_resources: 162
Fitting 1 folds for each of 2 candidates, totalling 2 fits
      -> [LinearSVC + Jittering Set 5] Acc: 0.9450, F1: 0.9440, Time: 0.08s
n_iterations: 4
n_required_iterations: 4
n_possible_iterations: 7
min_resources_: 6
max_resources_: 11600
aggressive_elimination: False
factor: 3
----------
iter: 0
n_candidates: 50
n_resources: 6
Fitting 1 folds for each of 50 candidates, totalling 50 fits
----------
iter: 1
n_candidates: 17
n_resources: 18
Fitting 1 folds for each of 17 candidates, totalling 17 fits
----------
iter: 2
n_candidates: 6
n_resources: 54
Fitting 1 folds for each of 6 candidates, totalling 6 fits
----------
iter: 3
n_candidates: 2
n_resources: 162
Fitting 1 folds for each of 2 candidates, totalling 2 fits
      -> [LogisticRegression + Jittering Set 5] Acc: 0.9550, F1: 0.9552, Time: 0.29s
      [!] Failed evaluation with RNN on Jittering Set 5: name 'os' is not defined
    [=== Generating 3x synthetic data with Jittering (Set 6, Params: {'sigma': 0.15}) ===]
n_iterations: 4
n_required_iterations: 4
n_possible_iterations: 7
min_resources_: 6
max_resources_: 11600
aggressive_elimination: False
factor: 3
----------
iter: 0
n_candidates: 50
n_resources: 6
Fitting 1 folds for each of 50 candidates, totalling 50 fits
----------
iter: 1
n_candidates: 17
n_resources: 18
Fitting 1 folds for each of 17 candidates, totalling 17 fits
----------
iter: 2
n_candidates: 6
n_resources: 54
Fitting 1 folds for each of 6 candidates, totalling 6 fits
----------
iter: 3
n_candidates: 2
n_resources: 162
Fitting 1 folds for each of 2 candidates, totalling 2 fits
      -> [KNN + Jittering Set 6] Acc: 0.9683, F1: 0.9681, Time: 0.02s
n_iterations: 4
n_required_iterations: 4
n_possible_iterations: 7
min_resources_: 6
max_resources_: 11600
aggressive_elimination: False
factor: 3
----------
iter: 0
n_candidates: 50
n_resources: 6
Fitting 1 folds for each of 50 candidates, totalling 50 fits
----------
iter: 1
n_candidates: 17
n_resources: 18
Fitting 1 folds for each of 17 candidates, totalling 17 fits
----------
iter: 2
n_candidates: 6
n_resources: 54
Fitting 1 folds for each of 6 candidates, totalling 6 fits
----------
iter: 3
n_candidates: 2
n_resources: 162
Fitting 1 folds for each of 2 candidates, totalling 2 fits
      -> [RandomForest + Jittering Set 6] Acc: 0.9583, F1: 0.9578, Time: 0.75s
n_iterations: 4
n_required_iterations: 4
n_possible_iterations: 7
min_resources_: 6
max_resources_: 11600
aggressive_elimination: False
factor: 3
----------
iter: 0
n_candidates: 50
n_resources: 6
Fitting 1 folds for each of 50 candidates, totalling 50 fits
----------
iter: 1
n_candidates: 17
n_resources: 18
Fitting 1 folds for each of 17 candidates, totalling 17 fits
----------
iter: 2
n_candidates: 6
n_resources: 54
Fitting 1 folds for each of 6 candidates, totalling 6 fits
----------
iter: 3
n_candidates: 2
n_resources: 162
Fitting 1 folds for each of 2 candidates, totalling 2 fits
      -> [LinearSVC + Jittering Set 6] Acc: 0.9417, F1: 0.9405, Time: 0.08s
n_iterations: 4
n_required_iterations: 4
n_possible_iterations: 7
min_resources_: 6
max_resources_: 11600
aggressive_elimination: False
factor: 3
----------
iter: 0
n_candidates: 50
n_resources: 6
Fitting 1 folds for each of 50 candidates, totalling 50 fits
----------
iter: 1
n_candidates: 17
n_resources: 18
Fitting 1 folds for each of 17 candidates, totalling 17 fits
----------
iter: 2
n_candidates: 6
n_resources: 54
Fitting 1 folds for each of 6 candidates, totalling 6 fits
----------
iter: 3
n_candidates: 2
n_resources: 162
Fitting 1 folds for each of 2 candidates, totalling 2 fits
      -> [LogisticRegression + Jittering Set 6] Acc: 0.9683, F1: 0.9684, Time: 0.29s
      [!] Failed evaluation with RNN on Jittering Set 6: name 'os' is not defined
    [=== Generating 3x synthetic data with Jittering (Set 7, Params: {'sigma': 0.03}) ===]
n_iterations: 4
n_required_iterations: 4
n_possible_iterations: 7
min_resources_: 6
max_resources_: 11600
aggressive_elimination: False
factor: 3
----------
iter: 0
n_candidates: 50
n_resources: 6
Fitting 1 folds for each of 50 candidates, totalling 50 fits
----------
iter: 1
n_candidates: 17
n_resources: 18
Fitting 1 folds for each of 17 candidates, totalling 17 fits
----------
iter: 2
n_candidates: 6
n_resources: 54
Fitting 1 folds for each of 6 candidates, totalling 6 fits
----------
iter: 3
n_candidates: 2
n_resources: 162
Fitting 1 folds for each of 2 candidates, totalling 2 fits
      -> [KNN + Jittering Set 7] Acc: 0.9600, F1: 0.9598, Time: 0.02s
n_iterations: 4
n_required_iterations: 4
n_possible_iterations: 7
min_resources_: 6
max_resources_: 11600
aggressive_elimination: False
factor: 3
----------
iter: 0
n_candidates: 50
n_resources: 6
Fitting 1 folds for each of 50 candidates, totalling 50 fits
----------
iter: 1
n_candidates: 17
n_resources: 18
Fitting 1 folds for each of 17 candidates, totalling 17 fits
----------
iter: 2
n_candidates: 6
n_resources: 54
Fitting 1 folds for each of 6 candidates, totalling 6 fits
----------
iter: 3
n_candidates: 2
n_resources: 162
Fitting 1 folds for each of 2 candidates, totalling 2 fits
      -> [RandomForest + Jittering Set 7] Acc: 0.9333, F1: 0.9328, Time: 0.71s
n_iterations: 4
n_required_iterations: 4
n_possible_iterations: 7
min_resources_: 6
max_resources_: 11600
aggressive_elimination: False
factor: 3
----------
iter: 0
n_candidates: 50
n_resources: 6
Fitting 1 folds for each of 50 candidates, totalling 50 fits
----------
iter: 1
n_candidates: 17
n_resources: 18
Fitting 1 folds for each of 17 candidates, totalling 17 fits
----------
iter: 2
n_candidates: 6
n_resources: 54
Fitting 1 folds for each of 6 candidates, totalling 6 fits
----------
iter: 3
n_candidates: 2
n_resources: 162
Fitting 1 folds for each of 2 candidates, totalling 2 fits
      -> [LinearSVC + Jittering Set 7] Acc: 0.9833, F1: 0.9833, Time: 0.03s
n_iterations: 4
n_required_iterations: 4
n_possible_iterations: 7
min_resources_: 6
max_resources_: 11600
aggressive_elimination: False
factor: 3
----------
iter: 0
n_candidates: 50
n_resources: 6
Fitting 1 folds for each of 50 candidates, totalling 50 fits
----------
iter: 1
n_candidates: 17
n_resources: 18
Fitting 1 folds for each of 17 candidates, totalling 17 fits
----------
iter: 2
n_candidates: 6
n_resources: 54
Fitting 1 folds for each of 6 candidates, totalling 6 fits
----------
iter: 3
n_candidates: 2
n_resources: 162
Fitting 1 folds for each of 2 candidates, totalling 2 fits
      -> [LogisticRegression + Jittering Set 7] Acc: 0.9583, F1: 0.9586, Time: 0.32s
      [!] Failed evaluation with RNN on Jittering Set 7: name 'os' is not defined
    [=== Generating 3x synthetic data with Jittering (Set 8, Params: {'sigma': 0.05}) ===]
n_iterations: 4
n_required_iterations: 4
n_possible_iterations: 7
min_resources_: 6
max_resources_: 11600
aggressive_elimination: False
factor: 3
----------
iter: 0
n_candidates: 50
n_resources: 6
Fitting 1 folds for each of 50 candidates, totalling 50 fits
----------
iter: 1
n_candidates: 17
n_resources: 18
Fitting 1 folds for each of 17 candidates, totalling 17 fits
----------
iter: 2
n_candidates: 6
n_resources: 54
Fitting 1 folds for each of 6 candidates, totalling 6 fits
----------
iter: 3
n_candidates: 2
n_resources: 162
Fitting 1 folds for each of 2 candidates, totalling 2 fits
      -> [KNN + Jittering Set 8] Acc: 0.9550, F1: 0.9548, Time: 0.02s
n_iterations: 4
n_required_iterations: 4
n_possible_iterations: 7
min_resources_: 6
max_resources_: 11600
aggressive_elimination: False
factor: 3
----------
iter: 0
n_candidates: 50
n_resources: 6
Fitting 1 folds for each of 50 candidates, totalling 50 fits
----------
iter: 1
n_candidates: 17
n_resources: 18
Fitting 1 folds for each of 17 candidates, totalling 17 fits
----------
iter: 2
n_candidates: 6
n_resources: 54
Fitting 1 folds for each of 6 candidates, totalling 6 fits
----------
iter: 3
n_candidates: 2
n_resources: 162
Fitting 1 folds for each of 2 candidates, totalling 2 fits
      -> [RandomForest + Jittering Set 8] Acc: 0.9333, F1: 0.9328, Time: 0.65s
n_iterations: 4
n_required_iterations: 4
n_possible_iterations: 7
min_resources_: 6
max_resources_: 11600
aggressive_elimination: False
factor: 3
----------
iter: 0
n_candidates: 50
n_resources: 6
Fitting 1 folds for each of 50 candidates, totalling 50 fits
----------
iter: 1
n_candidates: 17
n_resources: 18
Fitting 1 folds for each of 17 candidates, totalling 17 fits
----------
iter: 2
n_candidates: 6
n_resources: 54
Fitting 1 folds for each of 6 candidates, totalling 6 fits
----------
iter: 3
n_candidates: 2
n_resources: 162
Fitting 1 folds for each of 2 candidates, totalling 2 fits
      -> [LinearSVC + Jittering Set 8] Acc: 0.9850, F1: 0.9850, Time: 0.03s
n_iterations: 4
n_required_iterations: 4
n_possible_iterations: 7
min_resources_: 6
max_resources_: 11600
aggressive_elimination: False
factor: 3
----------
iter: 0
n_candidates: 50
n_resources: 6
Fitting 1 folds for each of 50 candidates, totalling 50 fits
----------
iter: 1
n_candidates: 17
n_resources: 18
Fitting 1 folds for each of 17 candidates, totalling 17 fits
----------
iter: 2
n_candidates: 6
n_resources: 54
Fitting 1 folds for each of 6 candidates, totalling 6 fits
----------
iter: 3
n_candidates: 2
n_resources: 162
Fitting 1 folds for each of 2 candidates, totalling 2 fits
      -> [LogisticRegression + Jittering Set 8] Acc: 0.9600, F1: 0.9602, Time: 0.31s
      [!] Failed evaluation with RNN on Jittering Set 8: name 'os' is not defined
    [=== Generating 3x synthetic data with Jittering (Set 9, Params: {'sigma': 0.05}) ===]
n_iterations: 4
n_required_iterations: 4
n_possible_iterations: 7
min_resources_: 6
max_resources_: 11600
aggressive_elimination: False
factor: 3
----------
iter: 0
n_candidates: 50
n_resources: 6
Fitting 1 folds for each of 50 candidates, totalling 50 fits
----------
iter: 1
n_candidates: 17
n_resources: 18
Fitting 1 folds for each of 17 candidates, totalling 17 fits
----------
iter: 2
n_candidates: 6
n_resources: 54
Fitting 1 folds for each of 6 candidates, totalling 6 fits
----------
iter: 3
n_candidates: 2
n_resources: 162
Fitting 1 folds for each of 2 candidates, totalling 2 fits
      -> [KNN + Jittering Set 9] Acc: 0.9533, F1: 0.9531, Time: 0.02s
n_iterations: 4
n_required_iterations: 4
n_possible_iterations: 7
min_resources_: 6
max_resources_: 11600
aggressive_elimination: False
factor: 3
----------
iter: 0
n_candidates: 50
n_resources: 6
Fitting 1 folds for each of 50 candidates, totalling 50 fits
----------
iter: 1
n_candidates: 17
n_resources: 18
Fitting 1 folds for each of 17 candidates, totalling 17 fits
----------
iter: 2
n_candidates: 6
n_resources: 54
Fitting 1 folds for each of 6 candidates, totalling 6 fits
----------
iter: 3
n_candidates: 2
n_resources: 162
Fitting 1 folds for each of 2 candidates, totalling 2 fits
      -> [RandomForest + Jittering Set 9] Acc: 0.9300, F1: 0.9294, Time: 0.63s
n_iterations: 4
n_required_iterations: 4
n_possible_iterations: 7
min_resources_: 6
max_resources_: 11600
aggressive_elimination: False
factor: 3
----------
iter: 0
n_candidates: 50
n_resources: 6
Fitting 1 folds for each of 50 candidates, totalling 50 fits
----------
iter: 1
n_candidates: 17
n_resources: 18
Fitting 1 folds for each of 17 candidates, totalling 17 fits
----------
iter: 2
n_candidates: 6
n_resources: 54
Fitting 1 folds for each of 6 candidates, totalling 6 fits
----------
iter: 3
n_candidates: 2
n_resources: 162
Fitting 1 folds for each of 2 candidates, totalling 2 fits
      -> [LinearSVC + Jittering Set 9] Acc: 0.9833, F1: 0.9833, Time: 0.03s
n_iterations: 4
n_required_iterations: 4
n_possible_iterations: 7
min_resources_: 6
max_resources_: 11600
aggressive_elimination: False
factor: 3
----------
iter: 0
n_candidates: 50
n_resources: 6
Fitting 1 folds for each of 50 candidates, totalling 50 fits
----------
iter: 1
n_candidates: 17
n_resources: 18
Fitting 1 folds for each of 17 candidates, totalling 17 fits
----------
iter: 2
n_candidates: 6
n_resources: 54
Fitting 1 folds for each of 6 candidates, totalling 6 fits
----------
iter: 3
n_candidates: 2
n_resources: 162
Fitting 1 folds for each of 2 candidates, totalling 2 fits
      -> [LogisticRegression + Jittering Set 9] Acc: 0.9683, F1: 0.9685, Time: 0.28s
      [!] Failed evaluation with RNN on Jittering Set 9: name 'os' is not defined
    [=== Generating 3x synthetic data with Jittering (Set 10, Params: {'sigma': 0.05}) ===]
n_iterations: 4
n_required_iterations: 4
n_possible_iterations: 7
min_resources_: 6
max_resources_: 11600
aggressive_elimination: False
factor: 3
----------
iter: 0
n_candidates: 50
n_resources: 6
Fitting 1 folds for each of 50 candidates, totalling 50 fits
----------
iter: 1
n_candidates: 17
n_resources: 18
Fitting 1 folds for each of 17 candidates, totalling 17 fits
----------
iter: 2
n_candidates: 6
n_resources: 54
Fitting 1 folds for each of 6 candidates, totalling 6 fits
----------
iter: 3
n_candidates: 2
n_resources: 162
Fitting 1 folds for each of 2 candidates, totalling 2 fits
      -> [KNN + Jittering Set 10] Acc: 0.9600, F1: 0.9600, Time: 0.02s
n_iterations: 4
n_required_iterations: 4
n_possible_iterations: 7
min_resources_: 6
max_resources_: 11600
aggressive_elimination: False
factor: 3
----------
iter: 0
n_candidates: 50
n_resources: 6
Fitting 1 folds for each of 50 candidates, totalling 50 fits
----------
iter: 1
n_candidates: 17
n_resources: 18
Fitting 1 folds for each of 17 candidates, totalling 17 fits
----------
iter: 2
n_candidates: 6
n_resources: 54
Fitting 1 folds for each of 6 candidates, totalling 6 fits
----------
iter: 3
n_candidates: 2
n_resources: 162
Fitting 1 folds for each of 2 candidates, totalling 2 fits
      -> [RandomForest + Jittering Set 10] Acc: 0.9333, F1: 0.9328, Time: 0.61s
n_iterations: 4
n_required_iterations: 4
n_possible_iterations: 7
min_resources_: 6
max_resources_: 11600
aggressive_elimination: False
factor: 3
----------
iter: 0
n_candidates: 50
n_resources: 6
Fitting 1 folds for each of 50 candidates, totalling 50 fits
----------
iter: 1
n_candidates: 17
n_resources: 18
Fitting 1 folds for each of 17 candidates, totalling 17 fits
----------
iter: 2
n_candidates: 6
n_resources: 54
Fitting 1 folds for each of 6 candidates, totalling 6 fits
----------
iter: 3
n_candidates: 2
n_resources: 162
Fitting 1 folds for each of 2 candidates, totalling 2 fits
      -> [LinearSVC + Jittering Set 10] Acc: 0.9850, F1: 0.9850, Time: 0.03s
n_iterations: 4
n_required_iterations: 4
n_possible_iterations: 7
min_resources_: 6
max_resources_: 11600
aggressive_elimination: False
factor: 3
----------
iter: 0
n_candidates: 50
n_resources: 6
Fitting 1 folds for each of 50 candidates, totalling 50 fits
----------
iter: 1
n_candidates: 17
n_resources: 18
Fitting 1 folds for each of 17 candidates, totalling 17 fits
----------
iter: 2
n_candidates: 6
n_resources: 54
Fitting 1 folds for each of 6 candidates, totalling 6 fits
----------
iter: 3
n_candidates: 2
n_resources: 162
Fitting 1 folds for each of 2 candidates, totalling 2 fits
      -> [LogisticRegression + Jittering Set 10] Acc: 0.9617, F1: 0.9619, Time: 0.31s
      [!] Failed evaluation with RNN on Jittering Set 10: name 'os' is not defined
    [=== Generating 5x synthetic data with Jittering (Set 1, Params: {'sigma': 0.03}) ===]
n_iterations: 4
n_required_iterations: 4
n_possible_iterations: 8
min_resources_: 6
max_resources_: 17400
aggressive_elimination: False
factor: 3
----------
iter: 0
n_candidates: 50
n_resources: 6
Fitting 1 folds for each of 50 candidates, totalling 50 fits
      -> [KNN + Jittering Set 1] Acc: 0.9667, F1: 0.9669, Time: 0.05s
n_iterations: 4
n_required_iterations: 4
n_possible_iterations: 8
min_resources_: 6
max_resources_: 17400
aggressive_elimination: False
factor: 3
----------
iter: 0
n_candidates: 50
n_resources: 6
Fitting 1 folds for each of 50 candidates, totalling 50 fits
      -> [RandomForest + Jittering Set 1] Acc: 0.9350, F1: 0.9345, Time: 1.99s
n_iterations: 4
n_required_iterations: 4
n_possible_iterations: 8
min_resources_: 6
max_resources_: 17400
aggressive_elimination: False
factor: 3
----------
iter: 0
n_candidates: 50
n_resources: 6
Fitting 1 folds for each of 50 candidates, totalling 50 fits
      -> [LinearSVC + Jittering Set 1] Acc: 0.9833, F1: 0.9833, Time: 0.05s
n_iterations: 4
n_required_iterations: 4
n_possible_iterations: 8
min_resources_: 6
max_resources_: 17400
aggressive_elimination: False
factor: 3
----------
iter: 0
n_candidates: 50
n_resources: 6
Fitting 1 folds for each of 50 candidates, totalling 50 fits
      -> [LogisticRegression + Jittering Set 1] Acc: 0.9650, F1: 0.9652, Time: 0.37s
      [!] Failed evaluation with RNN on Jittering Set 1: name 'os' is not defined
    [=== Generating 5x synthetic data with Jittering (Set 2, Params: {'sigma': 0.1}) ===]
n_iterations: 4
n_required_iterations: 4
n_possible_iterations: 8
min_resources_: 6
max_resources_: 17400
aggressive_elimination: False
factor: 3
----------
iter: 0
n_candidates: 50
n_resources: 6
Fitting 1 folds for each of 50 candidates, totalling 50 fits
      -> [KNN + Jittering Set 2] Acc: 0.9700, F1: 0.9699, Time: 0.10s
n_iterations: 4
n_required_iterations: 4
n_possible_iterations: 8
min_resources_: 6
max_resources_: 17400
aggressive_elimination: False
factor: 3
----------
iter: 0
n_candidates: 50
n_resources: 6
Fitting 1 folds for each of 50 candidates, totalling 50 fits
      -> [RandomForest + Jittering Set 2] Acc: 0.9450, F1: 0.9444, Time: 2.46s
n_iterations: 4
n_required_iterations: 4
n_possible_iterations: 8
min_resources_: 6
max_resources_: 17400
aggressive_elimination: False
factor: 3
----------
iter: 0
n_candidates: 50
n_resources: 6
Fitting 1 folds for each of 50 candidates, totalling 50 fits
      -> [LinearSVC + Jittering Set 2] Acc: 0.9700, F1: 0.9697, Time: 0.05s
n_iterations: 4
n_required_iterations: 4
n_possible_iterations: 8
min_resources_: 6
max_resources_: 17400
aggressive_elimination: False
factor: 3
----------
iter: 0
n_candidates: 50
n_resources: 6
Fitting 1 folds for each of 50 candidates, totalling 50 fits
      -> [LogisticRegression + Jittering Set 2] Acc: 0.9733, F1: 0.9734, Time: 0.48s
      [!] Failed evaluation with RNN on Jittering Set 2: name 'os' is not defined
    [=== Generating 5x synthetic data with Jittering (Set 3, Params: {'sigma': 0.15}) ===]
n_iterations: 4
n_required_iterations: 4
n_possible_iterations: 8
min_resources_: 6
max_resources_: 17400
aggressive_elimination: False
factor: 3
----------
iter: 0
n_candidates: 50
n_resources: 6
Fitting 1 folds for each of 50 candidates, totalling 50 fits
      -> [KNN + Jittering Set 3] Acc: 0.9517, F1: 0.9514, Time: 0.10s
n_iterations: 4
n_required_iterations: 4
n_possible_iterations: 8
min_resources_: 6
max_resources_: 17400
aggressive_elimination: False
factor: 3
----------
iter: 0
n_candidates: 50
n_resources: 6
Fitting 1 folds for each of 50 candidates, totalling 50 fits
      -> [RandomForest + Jittering Set 3] Acc: 0.9733, F1: 0.9731, Time: 2.74s
n_iterations: 4
n_required_iterations: 4
n_possible_iterations: 8
min_resources_: 6
max_resources_: 17400
aggressive_elimination: False
factor: 3
----------
iter: 0
n_candidates: 50
n_resources: 6
Fitting 1 folds for each of 50 candidates, totalling 50 fits
      -> [LinearSVC + Jittering Set 3] Acc: 0.9417, F1: 0.9405, Time: 0.04s
n_iterations: 4
n_required_iterations: 4
n_possible_iterations: 8
min_resources_: 6
max_resources_: 17400
aggressive_elimination: False
factor: 3
----------
iter: 0
n_candidates: 50
n_resources: 6
Fitting 1 folds for each of 50 candidates, totalling 50 fits
      -> [LogisticRegression + Jittering Set 3] Acc: 0.9650, F1: 0.9651, Time: 0.22s
      [!] Failed evaluation with RNN on Jittering Set 3: name 'os' is not defined
    [=== Generating 5x synthetic data with Jittering (Set 4, Params: {'sigma': 0.05}) ===]
n_iterations: 4
n_required_iterations: 4
n_possible_iterations: 8
min_resources_: 6
max_resources_: 17400
aggressive_elimination: False
factor: 3
----------
iter: 0
n_candidates: 50
n_resources: 6
Fitting 1 folds for each of 50 candidates, totalling 50 fits
      -> [KNN + Jittering Set 4] Acc: 0.9533, F1: 0.9532, Time: 0.05s
n_iterations: 4
n_required_iterations: 4
n_possible_iterations: 8
min_resources_: 6
max_resources_: 17400
aggressive_elimination: False
factor: 3
----------
iter: 0
n_candidates: 50
n_resources: 6
Fitting 1 folds for each of 50 candidates, totalling 50 fits
      -> [RandomForest + Jittering Set 4] Acc: 0.9300, F1: 0.9294, Time: 2.23s
n_iterations: 4
n_required_iterations: 4
n_possible_iterations: 8
min_resources_: 6
max_resources_: 17400
aggressive_elimination: False
factor: 3
----------
iter: 0
n_candidates: 50
n_resources: 6
Fitting 1 folds for each of 50 candidates, totalling 50 fits
      -> [LinearSVC + Jittering Set 4] Acc: 0.9850, F1: 0.9850, Time: 0.05s
n_iterations: 4
n_required_iterations: 4
n_possible_iterations: 8
min_resources_: 6
max_resources_: 17400
aggressive_elimination: False
factor: 3
----------
iter: 0
n_candidates: 50
n_resources: 6
Fitting 1 folds for each of 50 candidates, totalling 50 fits
      -> [LogisticRegression + Jittering Set 4] Acc: 0.9650, F1: 0.9652, Time: 0.61s
      [!] Failed evaluation with RNN on Jittering Set 4: name 'os' is not defined
    [=== Generating 5x synthetic data with Jittering (Set 5, Params: {'sigma': 0.15}) ===]
n_iterations: 4
n_required_iterations: 4
n_possible_iterations: 8
min_resources_: 6
max_resources_: 17400
aggressive_elimination: False
factor: 3
----------
iter: 0
n_candidates: 50
n_resources: 6
Fitting 1 folds for each of 50 candidates, totalling 50 fits
      -> [KNN + Jittering Set 5] Acc: 0.9350, F1: 0.9351, Time: 0.09s
n_iterations: 4
n_required_iterations: 4
n_possible_iterations: 8
min_resources_: 6
max_resources_: 17400
aggressive_elimination: False
factor: 3
----------
iter: 0
n_candidates: 50
n_resources: 6
Fitting 1 folds for each of 50 candidates, totalling 50 fits
      -> [RandomForest + Jittering Set 5] Acc: 0.9733, F1: 0.9732, Time: 2.83s
n_iterations: 4
n_required_iterations: 4
n_possible_iterations: 8
min_resources_: 6
max_resources_: 17400
aggressive_elimination: False
factor: 3
----------
iter: 0
n_candidates: 50
n_resources: 6
Fitting 1 folds for each of 50 candidates, totalling 50 fits
      -> [LinearSVC + Jittering Set 5] Acc: 0.9450, F1: 0.9440, Time: 0.04s
n_iterations: 4
n_required_iterations: 4
n_possible_iterations: 8
min_resources_: 6
max_resources_: 17400
aggressive_elimination: False
factor: 3
----------
iter: 0
n_candidates: 50
n_resources: 6
Fitting 1 folds for each of 50 candidates, totalling 50 fits
      -> [LogisticRegression + Jittering Set 5] Acc: 0.9633, F1: 0.9634, Time: 0.35s
      [!] Failed evaluation with RNN on Jittering Set 5: name 'os' is not defined
    [=== Generating 5x synthetic data with Jittering (Set 6, Params: {'sigma': 0.15}) ===]
n_iterations: 4
n_required_iterations: 4
n_possible_iterations: 8
min_resources_: 6
max_resources_: 17400
aggressive_elimination: False
factor: 3
----------
iter: 0
n_candidates: 50
n_resources: 6
Fitting 1 folds for each of 50 candidates, totalling 50 fits
      -> [KNN + Jittering Set 6] Acc: 0.9533, F1: 0.9530, Time: 0.10s
n_iterations: 4
n_required_iterations: 4
n_possible_iterations: 8
min_resources_: 6
max_resources_: 17400
aggressive_elimination: False
factor: 3
----------
iter: 0
n_candidates: 50
n_resources: 6
Fitting 1 folds for each of 50 candidates, totalling 50 fits
      -> [RandomForest + Jittering Set 6] Acc: 0.9717, F1: 0.9715, Time: 2.76s
n_iterations: 4
n_required_iterations: 4
n_possible_iterations: 8
min_resources_: 6
max_resources_: 17400
aggressive_elimination: False
factor: 3
----------
iter: 0
n_candidates: 50
n_resources: 6
Fitting 1 folds for each of 50 candidates, totalling 50 fits
      -> [LinearSVC + Jittering Set 6] Acc: 0.9417, F1: 0.9405, Time: 0.05s
n_iterations: 4
n_required_iterations: 4
n_possible_iterations: 8
min_resources_: 6
max_resources_: 17400
aggressive_elimination: False
factor: 3
----------
iter: 0
n_candidates: 50
n_resources: 6
Fitting 1 folds for each of 50 candidates, totalling 50 fits
      -> [LogisticRegression + Jittering Set 6] Acc: 0.9683, F1: 0.9683, Time: 0.35s
      [!] Failed evaluation with RNN on Jittering Set 6: name 'os' is not defined
    [=== Generating 5x synthetic data with Jittering (Set 7, Params: {'sigma': 0.03}) ===]
n_iterations: 4
n_required_iterations: 4
n_possible_iterations: 8
min_resources_: 6
max_resources_: 17400
aggressive_elimination: False
factor: 3
----------
iter: 0
n_candidates: 50
n_resources: 6
Fitting 1 folds for each of 50 candidates, totalling 50 fits
      -> [KNN + Jittering Set 7] Acc: 0.9750, F1: 0.9752, Time: 0.09s
n_iterations: 4
n_required_iterations: 4
n_possible_iterations: 8
min_resources_: 6
max_resources_: 17400
aggressive_elimination: False
factor: 3
----------
iter: 0
n_candidates: 50
n_resources: 6
Fitting 1 folds for each of 50 candidates, totalling 50 fits
      -> [RandomForest + Jittering Set 7] Acc: 0.9333, F1: 0.9328, Time: 2.01s
n_iterations: 4
n_required_iterations: 4
n_possible_iterations: 8
min_resources_: 6
max_resources_: 17400
aggressive_elimination: False
factor: 3
----------
iter: 0
n_candidates: 50
n_resources: 6
Fitting 1 folds for each of 50 candidates, totalling 50 fits
      -> [LinearSVC + Jittering Set 7] Acc: 0.9833, F1: 0.9833, Time: 0.04s
n_iterations: 4
n_required_iterations: 4
n_possible_iterations: 8
min_resources_: 6
max_resources_: 17400
aggressive_elimination: False
factor: 3
----------
iter: 0
n_candidates: 50
n_resources: 6
Fitting 1 folds for each of 50 candidates, totalling 50 fits
      -> [LogisticRegression + Jittering Set 7] Acc: 0.9667, F1: 0.9668, Time: 0.18s
      [!] Failed evaluation with RNN on Jittering Set 7: name 'os' is not defined
    [=== Generating 5x synthetic data with Jittering (Set 8, Params: {'sigma': 0.05}) ===]
n_iterations: 4
n_required_iterations: 4
n_possible_iterations: 8
min_resources_: 6
max_resources_: 17400
aggressive_elimination: False
factor: 3
----------
iter: 0
n_candidates: 50
n_resources: 6
Fitting 1 folds for each of 50 candidates, totalling 50 fits
      -> [KNN + Jittering Set 8] Acc: 0.9717, F1: 0.9718, Time: 0.05s
n_iterations: 4
n_required_iterations: 4
n_possible_iterations: 8
min_resources_: 6
max_resources_: 17400
aggressive_elimination: False
factor: 3
----------
iter: 0
n_candidates: 50
n_resources: 6
Fitting 1 folds for each of 50 candidates, totalling 50 fits
      -> [RandomForest + Jittering Set 8] Acc: 0.9317, F1: 0.9311, Time: 1.85s
n_iterations: 4
n_required_iterations: 4
n_possible_iterations: 8
min_resources_: 6
max_resources_: 17400
aggressive_elimination: False
factor: 3
----------
iter: 0
n_candidates: 50
n_resources: 6
Fitting 1 folds for each of 50 candidates, totalling 50 fits
      -> [LinearSVC + Jittering Set 8] Acc: 0.9867, F1: 0.9867, Time: 0.04s
n_iterations: 4
n_required_iterations: 4
n_possible_iterations: 8
min_resources_: 6
max_resources_: 17400
aggressive_elimination: False
factor: 3
----------
iter: 0
n_candidates: 50
n_resources: 6
Fitting 1 folds for each of 50 candidates, totalling 50 fits
      -> [LogisticRegression + Jittering Set 8] Acc: 0.9667, F1: 0.9668, Time: 0.18s
      [!] Failed evaluation with RNN on Jittering Set 8: name 'os' is not defined
    [=== Generating 5x synthetic data with Jittering (Set 9, Params: {'sigma': 0.05}) ===]
n_iterations: 4
n_required_iterations: 4
n_possible_iterations: 8
min_resources_: 6
max_resources_: 17400
aggressive_elimination: False
factor: 3
----------
iter: 0
n_candidates: 50
n_resources: 6
Fitting 1 folds for each of 50 candidates, totalling 50 fits
      -> [KNN + Jittering Set 9] Acc: 0.9783, F1: 0.9783, Time: 0.05s
n_iterations: 4
n_required_iterations: 4
n_possible_iterations: 8
min_resources_: 6
max_resources_: 17400
aggressive_elimination: False
factor: 3
----------
iter: 0
n_candidates: 50
n_resources: 6
Fitting 1 folds for each of 50 candidates, totalling 50 fits
      -> [RandomForest + Jittering Set 9] Acc: 0.9317, F1: 0.9311, Time: 1.84s
n_iterations: 4
n_required_iterations: 4
n_possible_iterations: 8
min_resources_: 6
max_resources_: 17400
aggressive_elimination: False
factor: 3
----------
iter: 0
n_candidates: 50
n_resources: 6
Fitting 1 folds for each of 50 candidates, totalling 50 fits
      -> [LinearSVC + Jittering Set 9] Acc: 0.9850, F1: 0.9850, Time: 0.04s
n_iterations: 4
n_required_iterations: 4
n_possible_iterations: 8
min_resources_: 6
max_resources_: 17400
aggressive_elimination: False
factor: 3
----------
iter: 0
n_candidates: 50
n_resources: 6
Fitting 1 folds for each of 50 candidates, totalling 50 fits
      -> [LogisticRegression + Jittering Set 9] Acc: 0.9650, F1: 0.9652, Time: 0.17s
      [!] Failed evaluation with RNN on Jittering Set 9: name 'os' is not defined
    [=== Generating 5x synthetic data with Jittering (Set 10, Params: {'sigma': 0.05}) ===]
n_iterations: 4
n_required_iterations: 4
n_possible_iterations: 8
min_resources_: 6
max_resources_: 17400
aggressive_elimination: False
factor: 3
----------
iter: 0
n_candidates: 50
n_resources: 6
Fitting 1 folds for each of 50 candidates, totalling 50 fits
      -> [KNN + Jittering Set 10] Acc: 0.9667, F1: 0.9667, Time: 0.05s
n_iterations: 4
n_required_iterations: 4
n_possible_iterations: 8
min_resources_: 6
max_resources_: 17400
aggressive_elimination: False
factor: 3
----------
iter: 0
n_candidates: 50
n_resources: 6
Fitting 1 folds for each of 50 candidates, totalling 50 fits
      -> [RandomForest + Jittering Set 10] Acc: 0.9283, F1: 0.9277, Time: 1.86s
n_iterations: 4
n_required_iterations: 4
n_possible_iterations: 8
min_resources_: 6
max_resources_: 17400
aggressive_elimination: False
factor: 3
----------
iter: 0
n_candidates: 50
n_resources: 6
Fitting 1 folds for each of 50 candidates, totalling 50 fits
      -> [LinearSVC + Jittering Set 10] Acc: 0.9850, F1: 0.9850, Time: 0.04s
n_iterations: 4
n_required_iterations: 4
n_possible_iterations: 8
min_resources_: 6
max_resources_: 17400
aggressive_elimination: False
factor: 3
----------
iter: 0
n_candidates: 50
n_resources: 6
Fitting 1 folds for each of 50 candidates, totalling 50 fits
      -> [LogisticRegression + Jittering Set 10] Acc: 0.9667, F1: 0.9668, Time: 0.19s
      [!] Failed evaluation with RNN on Jittering Set 10: name 'os' is not defined
    [=== Generating 10x synthetic data with Jittering (Set 1, Params: {'sigma': 0.03}) ===]
n_iterations: 4
n_required_iterations: 4
n_possible_iterations: 8
min_resources_: 6
max_resources_: 31900
aggressive_elimination: False
factor: 3
----------
iter: 0
n_candidates: 50
n_resources: 6
Fitting 1 folds for each of 50 candidates, totalling 50 fits
      -> [KNN + Jittering Set 1] Acc: 0.9717, F1: 0.9719, Time: 0.08s
n_iterations: 4
n_required_iterations: 4
n_possible_iterations: 8
min_resources_: 6
max_resources_: 31900
aggressive_elimination: False
factor: 3
----------
iter: 0
n_candidates: 50
n_resources: 6
Fitting 1 folds for each of 50 candidates, totalling 50 fits
      -> [RandomForest + Jittering Set 1] Acc: 0.9217, F1: 0.9210, Time: 3.75s
n_iterations: 4
n_required_iterations: 4
n_possible_iterations: 8
min_resources_: 6
max_resources_: 31900
aggressive_elimination: False
factor: 3
----------
iter: 0
n_candidates: 50
n_resources: 6
Fitting 1 folds for each of 50 candidates, totalling 50 fits
      -> [LinearSVC + Jittering Set 1] Acc: 0.9850, F1: 0.9850, Time: 0.09s
n_iterations: 4
n_required_iterations: 4
n_possible_iterations: 8
min_resources_: 6
max_resources_: 31900
aggressive_elimination: False
factor: 3
----------
iter: 0
n_candidates: 50
n_resources: 6
Fitting 1 folds for each of 50 candidates, totalling 50 fits
      -> [LogisticRegression + Jittering Set 1] Acc: 0.9650, F1: 0.9652, Time: 0.33s
      [!] Failed evaluation with RNN on Jittering Set 1: name 'os' is not defined
    [=== Generating 10x synthetic data with Jittering (Set 2, Params: {'sigma': 0.1}) ===]
n_iterations: 4
n_required_iterations: 4
n_possible_iterations: 8
min_resources_: 6
max_resources_: 31900
aggressive_elimination: False
factor: 3
----------
iter: 0
n_candidates: 50
n_resources: 6
Fitting 1 folds for each of 50 candidates, totalling 50 fits
      -> [KNN + Jittering Set 2] Acc: 0.9733, F1: 0.9732, Time: 0.08s
n_iterations: 4
n_required_iterations: 4
n_possible_iterations: 8
min_resources_: 6
max_resources_: 31900
aggressive_elimination: False
factor: 3
----------
iter: 0
n_candidates: 50
n_resources: 6
Fitting 1 folds for each of 50 candidates, totalling 50 fits
      -> [RandomForest + Jittering Set 2] Acc: 0.9533, F1: 0.9527, Time: 4.95s
n_iterations: 4
n_required_iterations: 4
n_possible_iterations: 8
min_resources_: 6
max_resources_: 31900
aggressive_elimination: False
factor: 3
----------
iter: 0
n_candidates: 50
n_resources: 6
Fitting 1 folds for each of 50 candidates, totalling 50 fits
      -> [LinearSVC + Jittering Set 2] Acc: 0.9567, F1: 0.9561, Time: 0.08s
n_iterations: 4
n_required_iterations: 4
n_possible_iterations: 8
min_resources_: 6
max_resources_: 31900
aggressive_elimination: False
factor: 3
----------
iter: 0
n_candidates: 50
n_resources: 6
Fitting 1 folds for each of 50 candidates, totalling 50 fits
      -> [LogisticRegression + Jittering Set 2] Acc: 0.9750, F1: 0.9751, Time: 0.25s
      [!] Failed evaluation with RNN on Jittering Set 2: name 'os' is not defined
    [=== Generating 10x synthetic data with Jittering (Set 3, Params: {'sigma': 0.15}) ===]
n_iterations: 4
n_required_iterations: 4
n_possible_iterations: 8
min_resources_: 6
max_resources_: 31900
aggressive_elimination: False
factor: 3
----------
iter: 0
n_candidates: 50
n_resources: 6
Fitting 1 folds for each of 50 candidates, totalling 50 fits
      -> [KNN + Jittering Set 3] Acc: 0.9650, F1: 0.9650, Time: 0.07s
n_iterations: 4
n_required_iterations: 4
n_possible_iterations: 8
min_resources_: 6
max_resources_: 31900
aggressive_elimination: False
factor: 3
----------
iter: 0
n_candidates: 50
n_resources: 6
Fitting 1 folds for each of 50 candidates, totalling 50 fits
      -> [RandomForest + Jittering Set 3] Acc: 0.9750, F1: 0.9748, Time: 5.38s
n_iterations: 4
n_required_iterations: 4
n_possible_iterations: 8
min_resources_: 6
max_resources_: 31900
aggressive_elimination: False
factor: 3
----------
iter: 0
n_candidates: 50
n_resources: 6
Fitting 1 folds for each of 50 candidates, totalling 50 fits
      -> [LinearSVC + Jittering Set 3] Acc: 0.9383, F1: 0.9370, Time: 0.07s
n_iterations: 4
n_required_iterations: 4
n_possible_iterations: 8
min_resources_: 6
max_resources_: 31900
aggressive_elimination: False
factor: 3
----------
iter: 0
n_candidates: 50
n_resources: 6
Fitting 1 folds for each of 50 candidates, totalling 50 fits
      -> [LogisticRegression + Jittering Set 3] Acc: 0.9683, F1: 0.9684, Time: 0.18s
      [!] Failed evaluation with RNN on Jittering Set 3: name 'os' is not defined
    [=== Generating 10x synthetic data with Jittering (Set 4, Params: {'sigma': 0.05}) ===]
n_iterations: 4
n_required_iterations: 4
n_possible_iterations: 8
min_resources_: 6
max_resources_: 31900
aggressive_elimination: False
factor: 3
----------
iter: 0
n_candidates: 50
n_resources: 6
Fitting 1 folds for each of 50 candidates, totalling 50 fits
      -> [KNN + Jittering Set 4] Acc: 0.9700, F1: 0.9702, Time: 0.07s
n_iterations: 4
n_required_iterations: 4
n_possible_iterations: 8
min_resources_: 6
max_resources_: 31900
aggressive_elimination: False
factor: 3
----------
iter: 0
n_candidates: 50
n_resources: 6
Fitting 1 folds for each of 50 candidates, totalling 50 fits
      -> [RandomForest + Jittering Set 4] Acc: 0.9417, F1: 0.9411, Time: 4.02s
n_iterations: 4
n_required_iterations: 4
n_possible_iterations: 8
min_resources_: 6
max_resources_: 31900
aggressive_elimination: False
factor: 3
----------
iter: 0
n_candidates: 50
n_resources: 6
Fitting 1 folds for each of 50 candidates, totalling 50 fits
      -> [LinearSVC + Jittering Set 4] Acc: 0.9850, F1: 0.9850, Time: 0.09s
n_iterations: 4
n_required_iterations: 4
n_possible_iterations: 8
min_resources_: 6
max_resources_: 31900
aggressive_elimination: False
factor: 3
----------
iter: 0
n_candidates: 50
n_resources: 6
Fitting 1 folds for each of 50 candidates, totalling 50 fits
      -> [LogisticRegression + Jittering Set 4] Acc: 0.9700, F1: 0.9701, Time: 0.31s
      [!] Failed evaluation with RNN on Jittering Set 4: name 'os' is not defined
    [=== Generating 10x synthetic data with Jittering (Set 5, Params: {'sigma': 0.15}) ===]
n_iterations: 4
n_required_iterations: 4
n_possible_iterations: 8
min_resources_: 6
max_resources_: 31900
aggressive_elimination: False
factor: 3
----------
iter: 0
n_candidates: 50
n_resources: 6
Fitting 1 folds for each of 50 candidates, totalling 50 fits
      -> [KNN + Jittering Set 5] Acc: 0.9600, F1: 0.9599, Time: 0.08s
n_iterations: 4
n_required_iterations: 4
n_possible_iterations: 8
min_resources_: 6
max_resources_: 31900
aggressive_elimination: False
factor: 3
----------
iter: 0
n_candidates: 50
n_resources: 6
Fitting 1 folds for each of 50 candidates, totalling 50 fits
      -> [RandomForest + Jittering Set 5] Acc: 0.9717, F1: 0.9715, Time: 5.44s
n_iterations: 4
n_required_iterations: 4
n_possible_iterations: 8
min_resources_: 6
max_resources_: 31900
aggressive_elimination: False
factor: 3
----------
iter: 0
n_candidates: 50
n_resources: 6
Fitting 1 folds for each of 50 candidates, totalling 50 fits
      -> [LinearSVC + Jittering Set 5] Acc: 0.9400, F1: 0.9387, Time: 0.07s
n_iterations: 4
n_required_iterations: 4
n_possible_iterations: 8
min_resources_: 6
max_resources_: 31900
aggressive_elimination: False
factor: 3
----------
iter: 0
n_candidates: 50
n_resources: 6
Fitting 1 folds for each of 50 candidates, totalling 50 fits
      -> [LogisticRegression + Jittering Set 5] Acc: 0.9633, F1: 0.9634, Time: 0.17s
      [!] Failed evaluation with RNN on Jittering Set 5: name 'os' is not defined
    [=== Generating 10x synthetic data with Jittering (Set 6, Params: {'sigma': 0.15}) ===]
n_iterations: 4
n_required_iterations: 4
n_possible_iterations: 8
min_resources_: 6
max_resources_: 31900
aggressive_elimination: False
factor: 3
----------
iter: 0
n_candidates: 50
n_resources: 6
Fitting 1 folds for each of 50 candidates, totalling 50 fits
      -> [KNN + Jittering Set 6] Acc: 0.9633, F1: 0.9633, Time: 0.07s
n_iterations: 4
n_required_iterations: 4
n_possible_iterations: 8
min_resources_: 6
max_resources_: 31900
aggressive_elimination: False
factor: 3
----------
iter: 0
n_candidates: 50
n_resources: 6
Fitting 1 folds for each of 50 candidates, totalling 50 fits
      -> [RandomForest + Jittering Set 6] Acc: 0.9717, F1: 0.9715, Time: 5.74s
n_iterations: 4
n_required_iterations: 4
n_possible_iterations: 8
min_resources_: 6
max_resources_: 31900
aggressive_elimination: False
factor: 3
----------
iter: 0
n_candidates: 50
n_resources: 6
Fitting 1 folds for each of 50 candidates, totalling 50 fits
      -> [LinearSVC + Jittering Set 6] Acc: 0.9433, F1: 0.9422, Time: 0.09s
n_iterations: 4
n_required_iterations: 4
n_possible_iterations: 8
min_resources_: 6
max_resources_: 31900
aggressive_elimination: False
factor: 3
----------
iter: 0
n_candidates: 50
n_resources: 6
Fitting 1 folds for each of 50 candidates, totalling 50 fits
      -> [LogisticRegression + Jittering Set 6] Acc: 0.9600, F1: 0.9601, Time: 0.86s
      [!] Failed evaluation with RNN on Jittering Set 6: name 'os' is not defined
    [=== Generating 10x synthetic data with Jittering (Set 7, Params: {'sigma': 0.03}) ===]
n_iterations: 4
n_required_iterations: 4
n_possible_iterations: 8
min_resources_: 6
max_resources_: 31900
aggressive_elimination: False
factor: 3
----------
iter: 0
n_candidates: 50
n_resources: 6
Fitting 1 folds for each of 50 candidates, totalling 50 fits
      -> [KNN + Jittering Set 7] Acc: 0.9683, F1: 0.9686, Time: 0.10s
n_iterations: 4
n_required_iterations: 4
n_possible_iterations: 8
min_resources_: 6
max_resources_: 31900
aggressive_elimination: False
factor: 3
----------
iter: 0
n_candidates: 50
n_resources: 6
Fitting 1 folds for each of 50 candidates, totalling 50 fits
      -> [RandomForest + Jittering Set 7] Acc: 0.9300, F1: 0.9294, Time: 4.33s
n_iterations: 4
n_required_iterations: 4
n_possible_iterations: 8
min_resources_: 6
max_resources_: 31900
aggressive_elimination: False
factor: 3
----------
iter: 0
n_candidates: 50
n_resources: 6
Fitting 1 folds for each of 50 candidates, totalling 50 fits
      -> [LinearSVC + Jittering Set 7] Acc: 0.9850, F1: 0.9850, Time: 0.11s
n_iterations: 4
n_required_iterations: 4
n_possible_iterations: 8
min_resources_: 6
max_resources_: 31900
aggressive_elimination: False
factor: 3
----------
iter: 0
n_candidates: 50
n_resources: 6
Fitting 1 folds for each of 50 candidates, totalling 50 fits
      -> [LogisticRegression + Jittering Set 7] Acc: 0.9617, F1: 0.9619, Time: 0.72s
      [!] Failed evaluation with RNN on Jittering Set 7: name 'os' is not defined
    [=== Generating 10x synthetic data with Jittering (Set 8, Params: {'sigma': 0.05}) ===]
n_iterations: 4
n_required_iterations: 4
n_possible_iterations: 8
min_resources_: 6
max_resources_: 31900
aggressive_elimination: False
factor: 3
----------
iter: 0
n_candidates: 50
n_resources: 6
Fitting 1 folds for each of 50 candidates, totalling 50 fits
      -> [KNN + Jittering Set 8] Acc: 0.9600, F1: 0.9601, Time: 0.12s
n_iterations: 4
n_required_iterations: 4
n_possible_iterations: 8
min_resources_: 6
max_resources_: 31900
aggressive_elimination: False
factor: 3
----------
iter: 0
n_candidates: 50
n_resources: 6
Fitting 1 folds for each of 50 candidates, totalling 50 fits
      -> [RandomForest + Jittering Set 8] Acc: 0.9317, F1: 0.9311, Time: 4.53s
n_iterations: 4
n_required_iterations: 4
n_possible_iterations: 8
min_resources_: 6
max_resources_: 31900
aggressive_elimination: False
factor: 3
----------
iter: 0
n_candidates: 50
n_resources: 6
Fitting 1 folds for each of 50 candidates, totalling 50 fits
      -> [LinearSVC + Jittering Set 8] Acc: 0.9833, F1: 0.9833, Time: 0.11s
n_iterations: 4
n_required_iterations: 4
n_possible_iterations: 8
min_resources_: 6
max_resources_: 31900
aggressive_elimination: False
factor: 3
----------
iter: 0
n_candidates: 50
n_resources: 6
Fitting 1 folds for each of 50 candidates, totalling 50 fits
      -> [LogisticRegression + Jittering Set 8] Acc: 0.9667, F1: 0.9668, Time: 0.88s
      [!] Failed evaluation with RNN on Jittering Set 8: name 'os' is not defined
    [=== Generating 10x synthetic data with Jittering (Set 9, Params: {'sigma': 0.05}) ===]
n_iterations: 4
n_required_iterations: 4
n_possible_iterations: 8
min_resources_: 6
max_resources_: 31900
aggressive_elimination: False
factor: 3
----------
iter: 0
n_candidates: 50
n_resources: 6
Fitting 1 folds for each of 50 candidates, totalling 50 fits
      -> [KNN + Jittering Set 9] Acc: 0.9717, F1: 0.9717, Time: 0.10s
n_iterations: 4
n_required_iterations: 4
n_possible_iterations: 8
min_resources_: 6
max_resources_: 31900
aggressive_elimination: False
factor: 3
----------
iter: 0
n_candidates: 50
n_resources: 6
Fitting 1 folds for each of 50 candidates, totalling 50 fits
      -> [RandomForest + Jittering Set 9] Acc: 0.9333, F1: 0.9328, Time: 4.54s
n_iterations: 4
n_required_iterations: 4
n_possible_iterations: 8
min_resources_: 6
max_resources_: 31900
aggressive_elimination: False
factor: 3
----------
iter: 0
n_candidates: 50
n_resources: 6
Fitting 1 folds for each of 50 candidates, totalling 50 fits
      -> [LinearSVC + Jittering Set 9] Acc: 0.9850, F1: 0.9850, Time: 0.11s
n_iterations: 4
n_required_iterations: 4
n_possible_iterations: 8
min_resources_: 6
max_resources_: 31900
aggressive_elimination: False
factor: 3
----------
iter: 0
n_candidates: 50
n_resources: 6
Fitting 1 folds for each of 50 candidates, totalling 50 fits
      -> [LogisticRegression + Jittering Set 9] Acc: 0.9667, F1: 0.9668, Time: 0.73s
      [!] Failed evaluation with RNN on Jittering Set 9: name 'os' is not defined
    [=== Generating 10x synthetic data with Jittering (Set 10, Params: {'sigma': 0.05}) ===]
n_iterations: 4
n_required_iterations: 4
n_possible_iterations: 8
min_resources_: 6
max_resources_: 31900
aggressive_elimination: False
factor: 3
----------
iter: 0
n_candidates: 50
n_resources: 6
Fitting 1 folds for each of 50 candidates, totalling 50 fits
      -> [KNN + Jittering Set 10] Acc: 0.9683, F1: 0.9685, Time: 0.10s
n_iterations: 4
n_required_iterations: 4
n_possible_iterations: 8
min_resources_: 6
max_resources_: 31900
aggressive_elimination: False
factor: 3
----------
iter: 0
n_candidates: 50
n_resources: 6
Fitting 1 folds for each of 50 candidates, totalling 50 fits
      -> [RandomForest + Jittering Set 10] Acc: 0.9383, F1: 0.9378, Time: 4.48s
n_iterations: 4
n_required_iterations: 4
n_possible_iterations: 8
min_resources_: 6
max_resources_: 31900
aggressive_elimination: False
factor: 3
----------
iter: 0
n_candidates: 50
n_resources: 6
Fitting 1 folds for each of 50 candidates, totalling 50 fits
      -> [LinearSVC + Jittering Set 10] Acc: 0.9867, F1: 0.9867, Time: 0.10s
n_iterations: 4
n_required_iterations: 4
n_possible_iterations: 8
min_resources_: 6
max_resources_: 31900
aggressive_elimination: False
factor: 3
----------
iter: 0
n_candidates: 50
n_resources: 6
Fitting 1 folds for each of 50 candidates, totalling 50 fits
      -> [LogisticRegression + Jittering Set 10] Acc: 0.9683, F1: 0.9685, Time: 0.86s
      [!] Failed evaluation with RNN on Jittering Set 10: name 'os' is not defined
