Starting GenParams Tune: Coffee - Seed 20 - Gen SMOTE - Fold 3 - All Scales


==================================================
Running gen-params experiment for Coffee
==================================================

--- Fold 3/10 ---

  >> Seed sets per label: 20

    >> Seed Fold Selection: 1/10
    Evaluating Model: KNN
      -> [Baseline] Acc: 0.9767, F1: 0.9765, Time: 0.05s
      HP Tuning KNN...
n_iterations: 4
n_required_iterations: 4
n_possible_iterations: 5
min_resources_: 30
max_resources_: 4600
aggressive_elimination: False
factor: 3
----------
iter: 0
n_candidates: 50
n_resources: 30
Fitting 5 folds for each of 50 candidates, totalling 250 fits
----------
iter: 1
n_candidates: 17
n_resources: 90
Fitting 5 folds for each of 17 candidates, totalling 85 fits
----------
iter: 2
n_candidates: 6
n_resources: 270
Fitting 5 folds for each of 6 candidates, totalling 30 fits
----------
iter: 3
n_candidates: 2
n_resources: 810
Fitting 5 folds for each of 2 candidates, totalling 10 fits
      -> [Tuned_Baseline] Acc: 0.9533, F1: 0.9526, Time: 0.02s
    Evaluating Model: RandomForest
      -> [Baseline] Acc: 0.9900, F1: 0.9900, Time: 0.77s
      HP Tuning RandomForest...
n_iterations: 4
n_required_iterations: 4
n_possible_iterations: 5
min_resources_: 30
max_resources_: 4600
aggressive_elimination: False
factor: 3
----------
iter: 0
n_candidates: 50
n_resources: 30
Fitting 5 folds for each of 50 candidates, totalling 250 fits
----------
iter: 1
n_candidates: 17
n_resources: 90
Fitting 5 folds for each of 17 candidates, totalling 85 fits
----------
iter: 2
n_candidates: 6
n_resources: 270
Fitting 5 folds for each of 6 candidates, totalling 30 fits
----------
iter: 3
n_candidates: 2
n_resources: 810
Fitting 5 folds for each of 2 candidates, totalling 10 fits
      -> [Tuned_Baseline] Acc: 0.9617, F1: 0.9620, Time: 0.01s
    Evaluating Model: LinearSVC
      -> [Baseline] Acc: 0.8600, F1: 0.8504, Time: 0.02s
      HP Tuning LinearSVC...
n_iterations: 4
n_required_iterations: 4
n_possible_iterations: 5
min_resources_: 30
max_resources_: 4600
aggressive_elimination: False
factor: 3
----------
iter: 0
n_candidates: 50
n_resources: 30
Fitting 5 folds for each of 50 candidates, totalling 250 fits
----------
iter: 1
n_candidates: 17
n_resources: 90
Fitting 5 folds for each of 17 candidates, totalling 85 fits
----------
iter: 2
n_candidates: 6
n_resources: 270
Fitting 5 folds for each of 6 candidates, totalling 30 fits
----------
iter: 3
n_candidates: 2
n_resources: 810
Fitting 5 folds for each of 2 candidates, totalling 10 fits
      -> [Tuned_Baseline] Acc: 0.8667, F1: 0.8582, Time: 0.00s
    Evaluating Model: LogisticRegression
      -> [Baseline] Acc: 0.8717, F1: 0.8640, Time: 0.16s
      HP Tuning LogisticRegression...
n_iterations: 4
n_required_iterations: 4
n_possible_iterations: 5
min_resources_: 30
max_resources_: 4600
aggressive_elimination: False
factor: 3
----------
iter: 0
n_candidates: 50
n_resources: 30
Fitting 5 folds for each of 50 candidates, totalling 250 fits
----------
iter: 1
n_candidates: 17
n_resources: 90
Fitting 5 folds for each of 17 candidates, totalling 85 fits
----------
iter: 2
n_candidates: 6
n_resources: 270
Fitting 5 folds for each of 6 candidates, totalling 30 fits
----------
iter: 3
n_candidates: 2
n_resources: 810
Fitting 5 folds for each of 2 candidates, totalling 10 fits
      -> [Tuned_Baseline] Acc: 0.8783, F1: 0.8714, Time: 0.00s
    Evaluating Model: RNN
      -> [Baseline] Acc: 0.8333, F1: 0.7667, Time: 4.00s
      HP Tuning RNN...
n_iterations: 2
n_required_iterations: 2
n_possible_iterations: 2
min_resources_: 10
max_resources_: 46
aggressive_elimination: False
factor: 3
----------
iter: 0
n_candidates: 4
n_resources: 10
Fitting 5 folds for each of 4 candidates, totalling 20 fits
----------
iter: 1
n_candidates: 2
n_resources: 30
Fitting 5 folds for each of 2 candidates, totalling 10 fits
      -> [Tuned_Baseline] Acc: 1.0000, F1: 1.0000, Time: 0.02s
    [=== Generating 2x synthetic data with SMOTE (Set 1, Params: {'k_neighbors': 1}) ===]
n_iterations: 4
n_required_iterations: 4
n_possible_iterations: 8
min_resources_: 6
max_resources_: 13800
aggressive_elimination: False
factor: 3
----------
iter: 0
n_candidates: 50
n_resources: 6
Fitting 1 folds for each of 50 candidates, totalling 50 fits
----------
iter: 1
n_candidates: 17
n_resources: 18
Fitting 1 folds for each of 17 candidates, totalling 17 fits
----------
iter: 2
n_candidates: 6
n_resources: 54
Fitting 1 folds for each of 6 candidates, totalling 6 fits
----------
iter: 3
n_candidates: 2
n_resources: 162
Fitting 1 folds for each of 2 candidates, totalling 2 fits
      -> [KNN + SMOTE Set 1] Acc: 0.9900, F1: 0.9900, Time: 0.02s
n_iterations: 4
n_required_iterations: 4
n_possible_iterations: 8
min_resources_: 6
max_resources_: 13800
aggressive_elimination: False
factor: 3
----------
iter: 0
n_candidates: 50
n_resources: 6
Fitting 1 folds for each of 50 candidates, totalling 50 fits
----------
iter: 1
n_candidates: 17
n_resources: 18
Fitting 1 folds for each of 17 candidates, totalling 17 fits
----------
iter: 2
n_candidates: 6
n_resources: 54
Fitting 1 folds for each of 6 candidates, totalling 6 fits
----------
iter: 3
n_candidates: 2
n_resources: 162
Fitting 1 folds for each of 2 candidates, totalling 2 fits
      -> [RandomForest + SMOTE Set 1] Acc: 0.9733, F1: 0.9733, Time: 2.42s
n_iterations: 4
n_required_iterations: 4
n_possible_iterations: 8
min_resources_: 6
max_resources_: 13800
aggressive_elimination: False
factor: 3
----------
iter: 0
n_candidates: 50
n_resources: 6
Fitting 1 folds for each of 50 candidates, totalling 50 fits
----------
iter: 1
n_candidates: 17
n_resources: 18
Fitting 1 folds for each of 17 candidates, totalling 17 fits
----------
iter: 2
n_candidates: 6
n_resources: 54
Fitting 1 folds for each of 6 candidates, totalling 6 fits
----------
iter: 3
n_candidates: 2
n_resources: 162
Fitting 1 folds for each of 2 candidates, totalling 2 fits
      -> [LinearSVC + SMOTE Set 1] Acc: 0.8667, F1: 0.8582, Time: 0.04s
n_iterations: 4
n_required_iterations: 4
n_possible_iterations: 8
min_resources_: 6
max_resources_: 13800
aggressive_elimination: False
factor: 3
----------
iter: 0
n_candidates: 50
n_resources: 6
Fitting 1 folds for each of 50 candidates, totalling 50 fits
----------
iter: 1
n_candidates: 17
n_resources: 18
Fitting 1 folds for each of 17 candidates, totalling 17 fits
----------
iter: 2
n_candidates: 6
n_resources: 54
Fitting 1 folds for each of 6 candidates, totalling 6 fits
----------
iter: 3
n_candidates: 2
n_resources: 162
Fitting 1 folds for each of 2 candidates, totalling 2 fits
      -> [LogisticRegression + SMOTE Set 1] Acc: 0.8767, F1: 0.8697, Time: 0.30s
      -> [RNN + SMOTE Set 1] Acc: 0.6667, F1: 0.5952, Time: 0.68s
    [=== Generating 2x synthetic data with SMOTE (Set 2, Params: {'k_neighbors': 2}) ===]
n_iterations: 4
n_required_iterations: 4
n_possible_iterations: 8
min_resources_: 6
max_resources_: 13800
aggressive_elimination: False
factor: 3
----------
iter: 0
n_candidates: 50
n_resources: 6
Fitting 1 folds for each of 50 candidates, totalling 50 fits
----------
iter: 1
n_candidates: 17
n_resources: 18
Fitting 1 folds for each of 17 candidates, totalling 17 fits
----------
iter: 2
n_candidates: 6
n_resources: 54
Fitting 1 folds for each of 6 candidates, totalling 6 fits
----------
iter: 3
n_candidates: 2
n_resources: 162
Fitting 1 folds for each of 2 candidates, totalling 2 fits
      -> [KNN + SMOTE Set 2] Acc: 0.9317, F1: 0.9300, Time: 0.03s
n_iterations: 4
n_required_iterations: 4
n_possible_iterations: 8
min_resources_: 6
max_resources_: 13800
aggressive_elimination: False
factor: 3
----------
iter: 0
n_candidates: 50
n_resources: 6
Fitting 1 folds for each of 50 candidates, totalling 50 fits
----------
iter: 1
n_candidates: 17
n_resources: 18
Fitting 1 folds for each of 17 candidates, totalling 17 fits
----------
iter: 2
n_candidates: 6
n_resources: 54
Fitting 1 folds for each of 6 candidates, totalling 6 fits
----------
iter: 3
n_candidates: 2
n_resources: 162
Fitting 1 folds for each of 2 candidates, totalling 2 fits
      -> [RandomForest + SMOTE Set 2] Acc: 0.9917, F1: 0.9917, Time: 0.73s
n_iterations: 4
n_required_iterations: 4
n_possible_iterations: 8
min_resources_: 6
max_resources_: 13800
aggressive_elimination: False
factor: 3
----------
iter: 0
n_candidates: 50
n_resources: 6
Fitting 1 folds for each of 50 candidates, totalling 50 fits
----------
iter: 1
n_candidates: 17
n_resources: 18
Fitting 1 folds for each of 17 candidates, totalling 17 fits
----------
iter: 2
n_candidates: 6
n_resources: 54
Fitting 1 folds for each of 6 candidates, totalling 6 fits
----------
iter: 3
n_candidates: 2
n_resources: 162
Fitting 1 folds for each of 2 candidates, totalling 2 fits
      -> [LinearSVC + SMOTE Set 2] Acc: 0.8567, F1: 0.8464, Time: 0.08s
n_iterations: 4
n_required_iterations: 4
n_possible_iterations: 8
min_resources_: 6
max_resources_: 13800
aggressive_elimination: False
factor: 3
----------
iter: 0
n_candidates: 50
n_resources: 6
Fitting 1 folds for each of 50 candidates, totalling 50 fits
----------
iter: 1
n_candidates: 17
n_resources: 18
Fitting 1 folds for each of 17 candidates, totalling 17 fits
----------
iter: 2
n_candidates: 6
n_resources: 54
Fitting 1 folds for each of 6 candidates, totalling 6 fits
----------
iter: 3
n_candidates: 2
n_resources: 162
Fitting 1 folds for each of 2 candidates, totalling 2 fits
      -> [LogisticRegression + SMOTE Set 2] Acc: 0.8867, F1: 0.8811, Time: 0.17s
      -> [RNN + SMOTE Set 2] Acc: 0.8333, F1: 0.8175, Time: 0.91s
    [=== Generating 2x synthetic data with SMOTE (Set 3, Params: {'k_neighbors': 3}) ===]
n_iterations: 4
n_required_iterations: 4
n_possible_iterations: 8
min_resources_: 6
max_resources_: 13800
aggressive_elimination: False
factor: 3
----------
iter: 0
n_candidates: 50
n_resources: 6
Fitting 1 folds for each of 50 candidates, totalling 50 fits
----------
iter: 1
n_candidates: 17
n_resources: 18
Fitting 1 folds for each of 17 candidates, totalling 17 fits
----------
iter: 2
n_candidates: 6
n_resources: 54
Fitting 1 folds for each of 6 candidates, totalling 6 fits
----------
iter: 3
n_candidates: 2
n_resources: 162
Fitting 1 folds for each of 2 candidates, totalling 2 fits
      -> [KNN + SMOTE Set 3] Acc: 0.9767, F1: 0.9765, Time: 0.01s
n_iterations: 4
n_required_iterations: 4
n_possible_iterations: 8
min_resources_: 6
max_resources_: 13800
aggressive_elimination: False
factor: 3
----------
iter: 0
n_candidates: 50
n_resources: 6
Fitting 1 folds for each of 50 candidates, totalling 50 fits
----------
iter: 1
n_candidates: 17
n_resources: 18
Fitting 1 folds for each of 17 candidates, totalling 17 fits
----------
iter: 2
n_candidates: 6
n_resources: 54
Fitting 1 folds for each of 6 candidates, totalling 6 fits
----------
iter: 3
n_candidates: 2
n_resources: 162
Fitting 1 folds for each of 2 candidates, totalling 2 fits
      -> [RandomForest + SMOTE Set 3] Acc: 0.9683, F1: 0.9683, Time: 0.71s
n_iterations: 4
n_required_iterations: 4
n_possible_iterations: 8
min_resources_: 6
max_resources_: 13800
aggressive_elimination: False
factor: 3
----------
iter: 0
n_candidates: 50
n_resources: 6
Fitting 1 folds for each of 50 candidates, totalling 50 fits
----------
iter: 1
n_candidates: 17
n_resources: 18
Fitting 1 folds for each of 17 candidates, totalling 17 fits
----------
iter: 2
n_candidates: 6
n_resources: 54
Fitting 1 folds for each of 6 candidates, totalling 6 fits
----------
iter: 3
n_candidates: 2
n_resources: 162
Fitting 1 folds for each of 2 candidates, totalling 2 fits
      -> [LinearSVC + SMOTE Set 3] Acc: 0.7483, F1: 0.6924, Time: 0.05s
n_iterations: 4
n_required_iterations: 4
n_possible_iterations: 8
min_resources_: 6
max_resources_: 13800
aggressive_elimination: False
factor: 3
----------
iter: 0
n_candidates: 50
n_resources: 6
Fitting 1 folds for each of 50 candidates, totalling 50 fits
----------
iter: 1
n_candidates: 17
n_resources: 18
Fitting 1 folds for each of 17 candidates, totalling 17 fits
----------
iter: 2
n_candidates: 6
n_resources: 54
Fitting 1 folds for each of 6 candidates, totalling 6 fits
----------
iter: 3
n_candidates: 2
n_resources: 162
Fitting 1 folds for each of 2 candidates, totalling 2 fits
      -> [LogisticRegression + SMOTE Set 3] Acc: 0.8700, F1: 0.8617, Time: 0.14s
      -> [RNN + SMOTE Set 3] Acc: 0.6667, F1: 0.5417, Time: 28.18s
    [=== Generating 2x synthetic data with SMOTE (Set 4, Params: {'k_neighbors': 4}) ===]
n_iterations: 4
n_required_iterations: 4
n_possible_iterations: 8
min_resources_: 6
max_resources_: 13800
aggressive_elimination: False
factor: 3
----------
iter: 0
n_candidates: 50
n_resources: 6
Fitting 1 folds for each of 50 candidates, totalling 50 fits
----------
iter: 1
n_candidates: 17
n_resources: 18
Fitting 1 folds for each of 17 candidates, totalling 17 fits
----------
iter: 2
n_candidates: 6
n_resources: 54
Fitting 1 folds for each of 6 candidates, totalling 6 fits
----------
iter: 3
n_candidates: 2
n_resources: 162
Fitting 1 folds for each of 2 candidates, totalling 2 fits
      -> [KNN + SMOTE Set 4] Acc: 0.9767, F1: 0.9765, Time: 0.02s
n_iterations: 4
n_required_iterations: 4
n_possible_iterations: 8
min_resources_: 6
max_resources_: 13800
aggressive_elimination: False
factor: 3
----------
iter: 0
n_candidates: 50
n_resources: 6
Fitting 1 folds for each of 50 candidates, totalling 50 fits
----------
iter: 1
n_candidates: 17
n_resources: 18
Fitting 1 folds for each of 17 candidates, totalling 17 fits
----------
iter: 2
n_candidates: 6
n_resources: 54
Fitting 1 folds for each of 6 candidates, totalling 6 fits
----------
iter: 3
n_candidates: 2
n_resources: 162
Fitting 1 folds for each of 2 candidates, totalling 2 fits
      -> [RandomForest + SMOTE Set 4] Acc: 0.9867, F1: 0.9867, Time: 1.78s
n_iterations: 4
n_required_iterations: 4
n_possible_iterations: 8
min_resources_: 6
max_resources_: 13800
aggressive_elimination: False
factor: 3
----------
iter: 0
n_candidates: 50
n_resources: 6
Fitting 1 folds for each of 50 candidates, totalling 50 fits
----------
iter: 1
n_candidates: 17
n_resources: 18
Fitting 1 folds for each of 17 candidates, totalling 17 fits
----------
iter: 2
n_candidates: 6
n_resources: 54
Fitting 1 folds for each of 6 candidates, totalling 6 fits
----------
iter: 3
n_candidates: 2
n_resources: 162
Fitting 1 folds for each of 2 candidates, totalling 2 fits
      -> [LinearSVC + SMOTE Set 4] Acc: 0.8767, F1: 0.8694, Time: 0.03s
n_iterations: 4
n_required_iterations: 4
n_possible_iterations: 8
min_resources_: 6
max_resources_: 13800
aggressive_elimination: False
factor: 3
----------
iter: 0
n_candidates: 50
n_resources: 6
Fitting 1 folds for each of 50 candidates, totalling 50 fits
----------
iter: 1
n_candidates: 17
n_resources: 18
Fitting 1 folds for each of 17 candidates, totalling 17 fits
----------
iter: 2
n_candidates: 6
n_resources: 54
Fitting 1 folds for each of 6 candidates, totalling 6 fits
----------
iter: 3
n_candidates: 2
n_resources: 162
Fitting 1 folds for each of 2 candidates, totalling 2 fits
      -> [LogisticRegression + SMOTE Set 4] Acc: 0.8917, F1: 0.8867, Time: 0.28s
      -> [RNN + SMOTE Set 4] Acc: 1.0000, F1: 1.0000, Time: 26.02s
    [=== Generating 2x synthetic data with SMOTE (Set 5, Params: {'k_neighbors': 5}) ===]
n_iterations: 4
n_required_iterations: 4
n_possible_iterations: 8
min_resources_: 6
max_resources_: 13800
aggressive_elimination: False
factor: 3
----------
iter: 0
n_candidates: 50
n_resources: 6
Fitting 1 folds for each of 50 candidates, totalling 50 fits
----------
iter: 1
n_candidates: 17
n_resources: 18
Fitting 1 folds for each of 17 candidates, totalling 17 fits
----------
iter: 2
n_candidates: 6
n_resources: 54
Fitting 1 folds for each of 6 candidates, totalling 6 fits
----------
iter: 3
n_candidates: 2
n_resources: 162
Fitting 1 folds for each of 2 candidates, totalling 2 fits
      -> [KNN + SMOTE Set 5] Acc: 0.9317, F1: 0.9300, Time: 0.04s
n_iterations: 4
n_required_iterations: 4
n_possible_iterations: 8
min_resources_: 6
max_resources_: 13800
aggressive_elimination: False
factor: 3
----------
iter: 0
n_candidates: 50
n_resources: 6
Fitting 1 folds for each of 50 candidates, totalling 50 fits
----------
iter: 1
n_candidates: 17
n_resources: 18
Fitting 1 folds for each of 17 candidates, totalling 17 fits
----------
iter: 2
n_candidates: 6
n_resources: 54
Fitting 1 folds for each of 6 candidates, totalling 6 fits
----------
iter: 3
n_candidates: 2
n_resources: 162
Fitting 1 folds for each of 2 candidates, totalling 2 fits
      -> [RandomForest + SMOTE Set 5] Acc: 0.9217, F1: 0.9223, Time: 0.78s
n_iterations: 4
n_required_iterations: 4
n_possible_iterations: 8
min_resources_: 6
max_resources_: 13800
aggressive_elimination: False
factor: 3
----------
iter: 0
n_candidates: 50
n_resources: 6
Fitting 1 folds for each of 50 candidates, totalling 50 fits
----------
iter: 1
n_candidates: 17
n_resources: 18
Fitting 1 folds for each of 17 candidates, totalling 17 fits
----------
iter: 2
n_candidates: 6
n_resources: 54
Fitting 1 folds for each of 6 candidates, totalling 6 fits
----------
iter: 3
n_candidates: 2
n_resources: 162
Fitting 1 folds for each of 2 candidates, totalling 2 fits
      -> [LinearSVC + SMOTE Set 5] Acc: 0.7667, F1: 0.7476, Time: 0.02s
n_iterations: 4
n_required_iterations: 4
n_possible_iterations: 8
min_resources_: 6
max_resources_: 13800
aggressive_elimination: False
factor: 3
----------
iter: 0
n_candidates: 50
n_resources: 6
Fitting 1 folds for each of 50 candidates, totalling 50 fits
----------
iter: 1
n_candidates: 17
n_resources: 18
Fitting 1 folds for each of 17 candidates, totalling 17 fits
----------
iter: 2
n_candidates: 6
n_resources: 54
Fitting 1 folds for each of 6 candidates, totalling 6 fits
----------
iter: 3
n_candidates: 2
n_resources: 162
Fitting 1 folds for each of 2 candidates, totalling 2 fits
      -> [LogisticRegression + SMOTE Set 5] Acc: 0.8567, F1: 0.8460, Time: 0.14s
      -> [RNN + SMOTE Set 5] Acc: 0.8333, F1: 0.8175, Time: 15.73s
    [=== Generating 3x synthetic data with SMOTE (Set 1, Params: {'k_neighbors': 1}) ===]
n_iterations: 4
n_required_iterations: 4
n_possible_iterations: 8
min_resources_: 6
max_resources_: 18400
aggressive_elimination: False
factor: 3
----------
iter: 0
n_candidates: 50
n_resources: 6
Fitting 1 folds for each of 50 candidates, totalling 50 fits
----------
iter: 1
n_candidates: 17
n_resources: 18
Fitting 1 folds for each of 17 candidates, totalling 17 fits
----------
iter: 2
n_candidates: 6
n_resources: 54
Fitting 1 folds for each of 6 candidates, totalling 6 fits
----------
iter: 3
n_candidates: 2
n_resources: 162
Fitting 1 folds for each of 2 candidates, totalling 2 fits
      -> [KNN + SMOTE Set 1] Acc: 0.9550, F1: 0.9543, Time: 0.09s
n_iterations: 4
n_required_iterations: 4
n_possible_iterations: 8
min_resources_: 6
max_resources_: 18400
aggressive_elimination: False
factor: 3
----------
iter: 0
n_candidates: 50
n_resources: 6
Fitting 1 folds for each of 50 candidates, totalling 50 fits
----------
iter: 1
n_candidates: 17
n_resources: 18
Fitting 1 folds for each of 17 candidates, totalling 17 fits
----------
iter: 2
n_candidates: 6
n_resources: 54
Fitting 1 folds for each of 6 candidates, totalling 6 fits
----------
iter: 3
n_candidates: 2
n_resources: 162
Fitting 1 folds for each of 2 candidates, totalling 2 fits
      -> [RandomForest + SMOTE Set 1] Acc: 0.9850, F1: 0.9850, Time: 3.73s
n_iterations: 4
n_required_iterations: 4
n_possible_iterations: 8
min_resources_: 6
max_resources_: 18400
aggressive_elimination: False
factor: 3
----------
iter: 0
n_candidates: 50
n_resources: 6
Fitting 1 folds for each of 50 candidates, totalling 50 fits
----------
iter: 1
n_candidates: 17
n_resources: 18
Fitting 1 folds for each of 17 candidates, totalling 17 fits
----------
iter: 2
n_candidates: 6
n_resources: 54
Fitting 1 folds for each of 6 candidates, totalling 6 fits
----------
iter: 3
n_candidates: 2
n_resources: 162
Fitting 1 folds for each of 2 candidates, totalling 2 fits
      -> [LinearSVC + SMOTE Set 1] Acc: 0.8600, F1: 0.8500, Time: 0.05s
n_iterations: 4
n_required_iterations: 4
n_possible_iterations: 8
min_resources_: 6
max_resources_: 18400
aggressive_elimination: False
factor: 3
----------
iter: 0
n_candidates: 50
n_resources: 6
Fitting 1 folds for each of 50 candidates, totalling 50 fits
----------
iter: 1
n_candidates: 17
n_resources: 18
Fitting 1 folds for each of 17 candidates, totalling 17 fits
----------
iter: 2
n_candidates: 6
n_resources: 54
Fitting 1 folds for each of 6 candidates, totalling 6 fits
----------
iter: 3
n_candidates: 2
n_resources: 162
Fitting 1 folds for each of 2 candidates, totalling 2 fits
      -> [LogisticRegression + SMOTE Set 1] Acc: 0.8767, F1: 0.8694, Time: 0.34s
      -> [RNN + SMOTE Set 1] Acc: 1.0000, F1: 1.0000, Time: 36.30s
    [=== Generating 3x synthetic data with SMOTE (Set 2, Params: {'k_neighbors': 2}) ===]
n_iterations: 4
n_required_iterations: 4
n_possible_iterations: 8
min_resources_: 6
max_resources_: 18400
aggressive_elimination: False
factor: 3
----------
iter: 0
n_candidates: 50
n_resources: 6
Fitting 1 folds for each of 50 candidates, totalling 50 fits
----------
iter: 1
n_candidates: 17
n_resources: 18
Fitting 1 folds for each of 17 candidates, totalling 17 fits
----------
iter: 2
n_candidates: 6
n_resources: 54
Fitting 1 folds for each of 6 candidates, totalling 6 fits
----------
iter: 3
n_candidates: 2
n_resources: 162
Fitting 1 folds for each of 2 candidates, totalling 2 fits
      -> [KNN + SMOTE Set 2] Acc: 0.9767, F1: 0.9765, Time: 0.03s
n_iterations: 4
n_required_iterations: 4
n_possible_iterations: 8
min_resources_: 6
max_resources_: 18400
aggressive_elimination: False
factor: 3
----------
iter: 0
n_candidates: 50
n_resources: 6
Fitting 1 folds for each of 50 candidates, totalling 50 fits
----------
iter: 1
n_candidates: 17
n_resources: 18
Fitting 1 folds for each of 17 candidates, totalling 17 fits
----------
iter: 2
n_candidates: 6
n_resources: 54
Fitting 1 folds for each of 6 candidates, totalling 6 fits
----------
iter: 3
n_candidates: 2
n_resources: 162
Fitting 1 folds for each of 2 candidates, totalling 2 fits
      -> [RandomForest + SMOTE Set 2] Acc: 0.9833, F1: 0.9834, Time: 3.30s
n_iterations: 4
n_required_iterations: 4
n_possible_iterations: 8
min_resources_: 6
max_resources_: 18400
aggressive_elimination: False
factor: 3
----------
iter: 0
n_candidates: 50
n_resources: 6
Fitting 1 folds for each of 50 candidates, totalling 50 fits
----------
iter: 1
n_candidates: 17
n_resources: 18
Fitting 1 folds for each of 17 candidates, totalling 17 fits
----------
iter: 2
n_candidates: 6
n_resources: 54
Fitting 1 folds for each of 6 candidates, totalling 6 fits
----------
iter: 3
n_candidates: 2
n_resources: 162
Fitting 1 folds for each of 2 candidates, totalling 2 fits
      -> [LinearSVC + SMOTE Set 2] Acc: 0.8583, F1: 0.8484, Time: 0.05s
n_iterations: 4
n_required_iterations: 4
n_possible_iterations: 8
min_resources_: 6
max_resources_: 18400
aggressive_elimination: False
factor: 3
----------
iter: 0
n_candidates: 50
n_resources: 6
Fitting 1 folds for each of 50 candidates, totalling 50 fits
----------
iter: 1
n_candidates: 17
n_resources: 18
Fitting 1 folds for each of 17 candidates, totalling 17 fits
----------
iter: 2
n_candidates: 6
n_resources: 54
Fitting 1 folds for each of 6 candidates, totalling 6 fits
----------
iter: 3
n_candidates: 2
n_resources: 162
Fitting 1 folds for each of 2 candidates, totalling 2 fits
      -> [LogisticRegression + SMOTE Set 2] Acc: 0.8850, F1: 0.8789, Time: 0.33s
      -> [RNN + SMOTE Set 2] Acc: 1.0000, F1: 1.0000, Time: 54.11s
    [=== Generating 3x synthetic data with SMOTE (Set 3, Params: {'k_neighbors': 3}) ===]
n_iterations: 4
n_required_iterations: 4
n_possible_iterations: 8
min_resources_: 6
max_resources_: 18400
aggressive_elimination: False
factor: 3
----------
iter: 0
n_candidates: 50
n_resources: 6
Fitting 1 folds for each of 50 candidates, totalling 50 fits
----------
iter: 1
n_candidates: 17
n_resources: 18
Fitting 1 folds for each of 17 candidates, totalling 17 fits
----------
iter: 2
n_candidates: 6
n_resources: 54
Fitting 1 folds for each of 6 candidates, totalling 6 fits
----------
iter: 3
n_candidates: 2
n_resources: 162
Fitting 1 folds for each of 2 candidates, totalling 2 fits
      -> [KNN + SMOTE Set 3] Acc: 0.9767, F1: 0.9765, Time: 0.04s
n_iterations: 4
n_required_iterations: 4
n_possible_iterations: 8
min_resources_: 6
max_resources_: 18400
aggressive_elimination: False
factor: 3
----------
iter: 0
n_candidates: 50
n_resources: 6
Fitting 1 folds for each of 50 candidates, totalling 50 fits
----------
iter: 1
n_candidates: 17
n_resources: 18
Fitting 1 folds for each of 17 candidates, totalling 17 fits
----------
iter: 2
n_candidates: 6
n_resources: 54
Fitting 1 folds for each of 6 candidates, totalling 6 fits
----------
iter: 3
n_candidates: 2
n_resources: 162
Fitting 1 folds for each of 2 candidates, totalling 2 fits
      -> [RandomForest + SMOTE Set 3] Acc: 0.9883, F1: 0.9883, Time: 1.09s
n_iterations: 4
n_required_iterations: 4
n_possible_iterations: 8
min_resources_: 6
max_resources_: 18400
aggressive_elimination: False
factor: 3
----------
iter: 0
n_candidates: 50
n_resources: 6
Fitting 1 folds for each of 50 candidates, totalling 50 fits
----------
iter: 1
n_candidates: 17
n_resources: 18
Fitting 1 folds for each of 17 candidates, totalling 17 fits
----------
iter: 2
n_candidates: 6
n_resources: 54
Fitting 1 folds for each of 6 candidates, totalling 6 fits
----------
iter: 3
n_candidates: 2
n_resources: 162
Fitting 1 folds for each of 2 candidates, totalling 2 fits
      -> [LinearSVC + SMOTE Set 3] Acc: 0.8317, F1: 0.8154, Time: 0.10s
n_iterations: 4
n_required_iterations: 4
n_possible_iterations: 8
min_resources_: 6
max_resources_: 18400
aggressive_elimination: False
factor: 3
----------
iter: 0
n_candidates: 50
n_resources: 6
Fitting 1 folds for each of 50 candidates, totalling 50 fits
----------
iter: 1
n_candidates: 17
n_resources: 18
Fitting 1 folds for each of 17 candidates, totalling 17 fits
----------
iter: 2
n_candidates: 6
n_resources: 54
Fitting 1 folds for each of 6 candidates, totalling 6 fits
----------
iter: 3
n_candidates: 2
n_resources: 162
Fitting 1 folds for each of 2 candidates, totalling 2 fits
      -> [LogisticRegression + SMOTE Set 3] Acc: 0.8867, F1: 0.8811, Time: 0.46s
      -> [RNN + SMOTE Set 3] Acc: 1.0000, F1: 1.0000, Time: 9.43s
    [=== Generating 3x synthetic data with SMOTE (Set 4, Params: {'k_neighbors': 4}) ===]
n_iterations: 4
n_required_iterations: 4
n_possible_iterations: 8
min_resources_: 6
max_resources_: 18400
aggressive_elimination: False
factor: 3
----------
iter: 0
n_candidates: 50
n_resources: 6
Fitting 1 folds for each of 50 candidates, totalling 50 fits
----------
iter: 1
n_candidates: 17
n_resources: 18
Fitting 1 folds for each of 17 candidates, totalling 17 fits
----------
iter: 2
n_candidates: 6
n_resources: 54
Fitting 1 folds for each of 6 candidates, totalling 6 fits
----------
iter: 3
n_candidates: 2
n_resources: 162
Fitting 1 folds for each of 2 candidates, totalling 2 fits
      -> [KNN + SMOTE Set 4] Acc: 0.9767, F1: 0.9765, Time: 0.02s
n_iterations: 4
n_required_iterations: 4
n_possible_iterations: 8
min_resources_: 6
max_resources_: 18400
aggressive_elimination: False
factor: 3
----------
iter: 0
n_candidates: 50
n_resources: 6
Fitting 1 folds for each of 50 candidates, totalling 50 fits
----------
iter: 1
n_candidates: 17
n_resources: 18
Fitting 1 folds for each of 17 candidates, totalling 17 fits
----------
iter: 2
n_candidates: 6
n_resources: 54
Fitting 1 folds for each of 6 candidates, totalling 6 fits
----------
iter: 3
n_candidates: 2
n_resources: 162
Fitting 1 folds for each of 2 candidates, totalling 2 fits
      -> [RandomForest + SMOTE Set 4] Acc: 0.9917, F1: 0.9917, Time: 3.04s
n_iterations: 4
n_required_iterations: 4
n_possible_iterations: 8
min_resources_: 6
max_resources_: 18400
aggressive_elimination: False
factor: 3
----------
iter: 0
n_candidates: 50
n_resources: 6
Fitting 1 folds for each of 50 candidates, totalling 50 fits
----------
iter: 1
n_candidates: 17
n_resources: 18
Fitting 1 folds for each of 17 candidates, totalling 17 fits
----------
iter: 2
n_candidates: 6
n_resources: 54
Fitting 1 folds for each of 6 candidates, totalling 6 fits
----------
iter: 3
n_candidates: 2
n_resources: 162
Fitting 1 folds for each of 2 candidates, totalling 2 fits
      -> [LinearSVC + SMOTE Set 4] Acc: 0.8933, F1: 0.8883, Time: 0.05s
n_iterations: 4
n_required_iterations: 4
n_possible_iterations: 8
min_resources_: 6
max_resources_: 18400
aggressive_elimination: False
factor: 3
----------
iter: 0
n_candidates: 50
n_resources: 6
Fitting 1 folds for each of 50 candidates, totalling 50 fits
----------
iter: 1
n_candidates: 17
n_resources: 18
Fitting 1 folds for each of 17 candidates, totalling 17 fits
----------
iter: 2
n_candidates: 6
n_resources: 54
Fitting 1 folds for each of 6 candidates, totalling 6 fits
----------
iter: 3
n_candidates: 2
n_resources: 162
Fitting 1 folds for each of 2 candidates, totalling 2 fits
      -> [LogisticRegression + SMOTE Set 4] Acc: 0.8950, F1: 0.8902, Time: 0.33s
      -> [RNN + SMOTE Set 4] Acc: 0.8333, F1: 0.7667, Time: 16.07s
    [=== Generating 3x synthetic data with SMOTE (Set 5, Params: {'k_neighbors': 5}) ===]
n_iterations: 4
n_required_iterations: 4
n_possible_iterations: 8
min_resources_: 6
max_resources_: 18400
aggressive_elimination: False
factor: 3
----------
iter: 0
n_candidates: 50
n_resources: 6
Fitting 1 folds for each of 50 candidates, totalling 50 fits
----------
iter: 1
n_candidates: 17
n_resources: 18
Fitting 1 folds for each of 17 candidates, totalling 17 fits
----------
iter: 2
n_candidates: 6
n_resources: 54
Fitting 1 folds for each of 6 candidates, totalling 6 fits
----------
iter: 3
n_candidates: 2
n_resources: 162
Fitting 1 folds for each of 2 candidates, totalling 2 fits
      -> [KNN + SMOTE Set 5] Acc: 0.9550, F1: 0.9543, Time: 0.05s
n_iterations: 4
n_required_iterations: 4
n_possible_iterations: 8
min_resources_: 6
max_resources_: 18400
aggressive_elimination: False
factor: 3
----------
iter: 0
n_candidates: 50
n_resources: 6
Fitting 1 folds for each of 50 candidates, totalling 50 fits
----------
iter: 1
n_candidates: 17
n_resources: 18
Fitting 1 folds for each of 17 candidates, totalling 17 fits
----------
iter: 2
n_candidates: 6
n_resources: 54
Fitting 1 folds for each of 6 candidates, totalling 6 fits
----------
iter: 3
n_candidates: 2
n_resources: 162
Fitting 1 folds for each of 2 candidates, totalling 2 fits
      -> [RandomForest + SMOTE Set 5] Acc: 0.9717, F1: 0.9719, Time: 1.00s
n_iterations: 4
n_required_iterations: 4
n_possible_iterations: 8
min_resources_: 6
max_resources_: 18400
aggressive_elimination: False
factor: 3
----------
iter: 0
n_candidates: 50
n_resources: 6
Fitting 1 folds for each of 50 candidates, totalling 50 fits
----------
iter: 1
n_candidates: 17
n_resources: 18
Fitting 1 folds for each of 17 candidates, totalling 17 fits
----------
iter: 2
n_candidates: 6
n_resources: 54
Fitting 1 folds for each of 6 candidates, totalling 6 fits
----------
iter: 3
n_candidates: 2
n_resources: 162
Fitting 1 folds for each of 2 candidates, totalling 2 fits
      -> [LinearSVC + SMOTE Set 5] Acc: 0.8317, F1: 0.8159, Time: 0.09s
n_iterations: 4
n_required_iterations: 4
n_possible_iterations: 8
min_resources_: 6
max_resources_: 18400
aggressive_elimination: False
factor: 3
----------
iter: 0
n_candidates: 50
n_resources: 6
Fitting 1 folds for each of 50 candidates, totalling 50 fits
----------
iter: 1
n_candidates: 17
n_resources: 18
Fitting 1 folds for each of 17 candidates, totalling 17 fits
----------
iter: 2
n_candidates: 6
n_resources: 54
Fitting 1 folds for each of 6 candidates, totalling 6 fits
----------
iter: 3
n_candidates: 2
n_resources: 162
Fitting 1 folds for each of 2 candidates, totalling 2 fits
      -> [LogisticRegression + SMOTE Set 5] Acc: 0.8833, F1: 0.8773, Time: 0.35s
      -> [RNN + SMOTE Set 5] Acc: 1.0000, F1: 1.0000, Time: 3.78s
    [=== Generating 5x synthetic data with SMOTE (Set 1, Params: {'k_neighbors': 1}) ===]
n_iterations: 4
n_required_iterations: 4
n_possible_iterations: 8
min_resources_: 6
max_resources_: 27600
aggressive_elimination: False
factor: 3
----------
iter: 0
n_candidates: 50
n_resources: 6
Fitting 1 folds for each of 50 candidates, totalling 50 fits
----------
iter: 1
n_candidates: 17
n_resources: 18
Fitting 1 folds for each of 17 candidates, totalling 17 fits
----------
iter: 2
n_candidates: 6
n_resources: 54
Fitting 1 folds for each of 6 candidates, totalling 6 fits
----------
iter: 3
n_candidates: 2
n_resources: 162
Fitting 1 folds for each of 2 candidates, totalling 2 fits
      -> [KNN + SMOTE Set 1] Acc: 0.9983, F1: 0.9983, Time: 0.03s
n_iterations: 4
n_required_iterations: 4
n_possible_iterations: 8
min_resources_: 6
max_resources_: 27600
aggressive_elimination: False
factor: 3
----------
iter: 0
n_candidates: 50
n_resources: 6
Fitting 1 folds for each of 50 candidates, totalling 50 fits
----------
iter: 1
n_candidates: 17
n_resources: 18
Fitting 1 folds for each of 17 candidates, totalling 17 fits
----------
iter: 2
n_candidates: 6
n_resources: 54
Fitting 1 folds for each of 6 candidates, totalling 6 fits
----------
iter: 3
n_candidates: 2
n_resources: 162
Fitting 1 folds for each of 2 candidates, totalling 2 fits
      -> [RandomForest + SMOTE Set 1] Acc: 0.9883, F1: 0.9884, Time: 6.34s
n_iterations: 4
n_required_iterations: 4
n_possible_iterations: 8
min_resources_: 6
max_resources_: 27600
aggressive_elimination: False
factor: 3
----------
iter: 0
n_candidates: 50
n_resources: 6
Fitting 1 folds for each of 50 candidates, totalling 50 fits
----------
iter: 1
n_candidates: 17
n_resources: 18
Fitting 1 folds for each of 17 candidates, totalling 17 fits
----------
iter: 2
n_candidates: 6
n_resources: 54
Fitting 1 folds for each of 6 candidates, totalling 6 fits
----------
iter: 3
n_candidates: 2
n_resources: 162
Fitting 1 folds for each of 2 candidates, totalling 2 fits
      -> [LinearSVC + SMOTE Set 1] Acc: 0.8467, F1: 0.8340, Time: 0.20s
n_iterations: 4
n_required_iterations: 4
n_possible_iterations: 8
min_resources_: 6
max_resources_: 27600
aggressive_elimination: False
factor: 3
----------
iter: 0
n_candidates: 50
n_resources: 6
Fitting 1 folds for each of 50 candidates, totalling 50 fits
----------
iter: 1
n_candidates: 17
n_resources: 18
Fitting 1 folds for each of 17 candidates, totalling 17 fits
----------
iter: 2
n_candidates: 6
n_resources: 54
Fitting 1 folds for each of 6 candidates, totalling 6 fits
----------
iter: 3
n_candidates: 2
n_resources: 162
Fitting 1 folds for each of 2 candidates, totalling 2 fits
      -> [LogisticRegression + SMOTE Set 1] Acc: 0.8783, F1: 0.8714, Time: 0.49s
      -> [RNN + SMOTE Set 1] Acc: 0.8333, F1: 0.8175, Time: 2.26s
    [=== Generating 5x synthetic data with SMOTE (Set 2, Params: {'k_neighbors': 2}) ===]
n_iterations: 4
n_required_iterations: 4
n_possible_iterations: 8
min_resources_: 6
max_resources_: 27600
aggressive_elimination: False
factor: 3
----------
iter: 0
n_candidates: 50
n_resources: 6
Fitting 1 folds for each of 50 candidates, totalling 50 fits
----------
iter: 1
n_candidates: 17
n_resources: 18
Fitting 1 folds for each of 17 candidates, totalling 17 fits
----------
iter: 2
n_candidates: 6
n_resources: 54
Fitting 1 folds for each of 6 candidates, totalling 6 fits
----------
iter: 3
n_candidates: 2
n_resources: 162
Fitting 1 folds for each of 2 candidates, totalling 2 fits
      -> [KNN + SMOTE Set 2] Acc: 0.9967, F1: 0.9967, Time: 0.03s
n_iterations: 4
n_required_iterations: 4
n_possible_iterations: 8
min_resources_: 6
max_resources_: 27600
aggressive_elimination: False
factor: 3
----------
iter: 0
n_candidates: 50
n_resources: 6
Fitting 1 folds for each of 50 candidates, totalling 50 fits
----------
iter: 1
n_candidates: 17
n_resources: 18
Fitting 1 folds for each of 17 candidates, totalling 17 fits
----------
iter: 2
n_candidates: 6
n_resources: 54
Fitting 1 folds for each of 6 candidates, totalling 6 fits
----------
iter: 3
n_candidates: 2
n_resources: 162
Fitting 1 folds for each of 2 candidates, totalling 2 fits
      -> [RandomForest + SMOTE Set 2] Acc: 0.9900, F1: 0.9900, Time: 6.59s
n_iterations: 4
n_required_iterations: 4
n_possible_iterations: 8
min_resources_: 6
max_resources_: 27600
aggressive_elimination: False
factor: 3
----------
iter: 0
n_candidates: 50
n_resources: 6
Fitting 1 folds for each of 50 candidates, totalling 50 fits
----------
iter: 1
n_candidates: 17
n_resources: 18
Fitting 1 folds for each of 17 candidates, totalling 17 fits
----------
iter: 2
n_candidates: 6
n_resources: 54
Fitting 1 folds for each of 6 candidates, totalling 6 fits
----------
iter: 3
n_candidates: 2
n_resources: 162
Fitting 1 folds for each of 2 candidates, totalling 2 fits
      -> [LinearSVC + SMOTE Set 2] Acc: 0.8317, F1: 0.8159, Time: 0.22s
n_iterations: 4
n_required_iterations: 4
n_possible_iterations: 8
min_resources_: 6
max_resources_: 27600
aggressive_elimination: False
factor: 3
----------
iter: 0
n_candidates: 50
n_resources: 6
Fitting 1 folds for each of 50 candidates, totalling 50 fits
----------
iter: 1
n_candidates: 17
n_resources: 18
Fitting 1 folds for each of 17 candidates, totalling 17 fits
----------
iter: 2
n_candidates: 6
n_resources: 54
Fitting 1 folds for each of 6 candidates, totalling 6 fits
----------
iter: 3
n_candidates: 2
n_resources: 162
Fitting 1 folds for each of 2 candidates, totalling 2 fits
      -> [LogisticRegression + SMOTE Set 2] Acc: 0.8900, F1: 0.8846, Time: 0.59s
      -> [RNN + SMOTE Set 2] Acc: 1.0000, F1: 1.0000, Time: 66.34s
    [=== Generating 5x synthetic data with SMOTE (Set 3, Params: {'k_neighbors': 3}) ===]
n_iterations: 4
n_required_iterations: 4
n_possible_iterations: 8
min_resources_: 6
max_resources_: 27600
aggressive_elimination: False
factor: 3
----------
iter: 0
n_candidates: 50
n_resources: 6
Fitting 1 folds for each of 50 candidates, totalling 50 fits
----------
iter: 1
n_candidates: 17
n_resources: 18
Fitting 1 folds for each of 17 candidates, totalling 17 fits
----------
iter: 2
n_candidates: 6
n_resources: 54
Fitting 1 folds for each of 6 candidates, totalling 6 fits
----------
iter: 3
n_candidates: 2
n_resources: 162
Fitting 1 folds for each of 2 candidates, totalling 2 fits
      -> [KNN + SMOTE Set 3] Acc: 0.9983, F1: 0.9983, Time: 0.04s
n_iterations: 4
n_required_iterations: 4
n_possible_iterations: 8
min_resources_: 6
max_resources_: 27600
aggressive_elimination: False
factor: 3
----------
iter: 0
n_candidates: 50
n_resources: 6
Fitting 1 folds for each of 50 candidates, totalling 50 fits
----------
iter: 1
n_candidates: 17
n_resources: 18
Fitting 1 folds for each of 17 candidates, totalling 17 fits
----------
iter: 2
n_candidates: 6
n_resources: 54
Fitting 1 folds for each of 6 candidates, totalling 6 fits
----------
iter: 3
n_candidates: 2
n_resources: 162
Fitting 1 folds for each of 2 candidates, totalling 2 fits
      -> [RandomForest + SMOTE Set 3] Acc: 0.9883, F1: 0.9884, Time: 1.94s
n_iterations: 4
n_required_iterations: 4
n_possible_iterations: 8
min_resources_: 6
max_resources_: 27600
aggressive_elimination: False
factor: 3
----------
iter: 0
n_candidates: 50
n_resources: 6
Fitting 1 folds for each of 50 candidates, totalling 50 fits
----------
iter: 1
n_candidates: 17
n_resources: 18
Fitting 1 folds for each of 17 candidates, totalling 17 fits
----------
iter: 2
n_candidates: 6
n_resources: 54
Fitting 1 folds for each of 6 candidates, totalling 6 fits
----------
iter: 3
n_candidates: 2
n_resources: 162
Fitting 1 folds for each of 2 candidates, totalling 2 fits
      -> [LinearSVC + SMOTE Set 3] Acc: 0.8350, F1: 0.8195, Time: 0.19s
n_iterations: 4
n_required_iterations: 4
n_possible_iterations: 8
min_resources_: 6
max_resources_: 27600
aggressive_elimination: False
factor: 3
----------
iter: 0
n_candidates: 50
n_resources: 6
Fitting 1 folds for each of 50 candidates, totalling 50 fits
----------
iter: 1
n_candidates: 17
n_resources: 18
Fitting 1 folds for each of 17 candidates, totalling 17 fits
----------
iter: 2
n_candidates: 6
n_resources: 54
Fitting 1 folds for each of 6 candidates, totalling 6 fits
----------
iter: 3
n_candidates: 2
n_resources: 162
Fitting 1 folds for each of 2 candidates, totalling 2 fits
      -> [LogisticRegression + SMOTE Set 3] Acc: 0.8900, F1: 0.8846, Time: 0.74s
      -> [RNN + SMOTE Set 3] Acc: 1.0000, F1: 1.0000, Time: 82.90s
    [=== Generating 5x synthetic data with SMOTE (Set 4, Params: {'k_neighbors': 4}) ===]
n_iterations: 4
n_required_iterations: 4
n_possible_iterations: 8
min_resources_: 6
max_resources_: 27600
aggressive_elimination: False
factor: 3
----------
iter: 0
n_candidates: 50
n_resources: 6
Fitting 1 folds for each of 50 candidates, totalling 50 fits
----------
iter: 1
n_candidates: 17
n_resources: 18
Fitting 1 folds for each of 17 candidates, totalling 17 fits
----------
iter: 2
n_candidates: 6
n_resources: 54
Fitting 1 folds for each of 6 candidates, totalling 6 fits
----------
iter: 3
n_candidates: 2
n_resources: 162
Fitting 1 folds for each of 2 candidates, totalling 2 fits
      -> [KNN + SMOTE Set 4] Acc: 0.9750, F1: 0.9748, Time: 0.05s
n_iterations: 4
n_required_iterations: 4
n_possible_iterations: 8
min_resources_: 6
max_resources_: 27600
aggressive_elimination: False
factor: 3
----------
iter: 0
n_candidates: 50
n_resources: 6
Fitting 1 folds for each of 50 candidates, totalling 50 fits
----------
iter: 1
n_candidates: 17
n_resources: 18
Fitting 1 folds for each of 17 candidates, totalling 17 fits
----------
iter: 2
n_candidates: 6
n_resources: 54
Fitting 1 folds for each of 6 candidates, totalling 6 fits
----------
iter: 3
n_candidates: 2
n_resources: 162
Fitting 1 folds for each of 2 candidates, totalling 2 fits
      -> [RandomForest + SMOTE Set 4] Acc: 0.9933, F1: 0.9933, Time: 2.11s
n_iterations: 4
n_required_iterations: 4
n_possible_iterations: 8
min_resources_: 6
max_resources_: 27600
aggressive_elimination: False
factor: 3
----------
iter: 0
n_candidates: 50
n_resources: 6
Fitting 1 folds for each of 50 candidates, totalling 50 fits
----------
iter: 1
n_candidates: 17
n_resources: 18
Fitting 1 folds for each of 17 candidates, totalling 17 fits
----------
iter: 2
n_candidates: 6
n_resources: 54
Fitting 1 folds for each of 6 candidates, totalling 6 fits
----------
iter: 3
n_candidates: 2
n_resources: 162
Fitting 1 folds for each of 2 candidates, totalling 2 fits
      -> [LinearSVC + SMOTE Set 4] Acc: 0.8683, F1: 0.8601, Time: 0.22s
n_iterations: 4
n_required_iterations: 4
n_possible_iterations: 8
min_resources_: 6
max_resources_: 27600
aggressive_elimination: False
factor: 3
----------
iter: 0
n_candidates: 50
n_resources: 6
Fitting 1 folds for each of 50 candidates, totalling 50 fits
----------
iter: 1
n_candidates: 17
n_resources: 18
Fitting 1 folds for each of 17 candidates, totalling 17 fits
----------
iter: 2
n_candidates: 6
n_resources: 54
Fitting 1 folds for each of 6 candidates, totalling 6 fits
----------
iter: 3
n_candidates: 2
n_resources: 162
Fitting 1 folds for each of 2 candidates, totalling 2 fits
      -> [LogisticRegression + SMOTE Set 4] Acc: 0.8883, F1: 0.8827, Time: 0.54s
      -> [RNN + SMOTE Set 4] Acc: 1.0000, F1: 1.0000, Time: 83.50s
    [=== Generating 5x synthetic data with SMOTE (Set 5, Params: {'k_neighbors': 5}) ===]
n_iterations: 4
n_required_iterations: 4
n_possible_iterations: 8
min_resources_: 6
max_resources_: 27600
aggressive_elimination: False
factor: 3
----------
iter: 0
n_candidates: 50
n_resources: 6
Fitting 1 folds for each of 50 candidates, totalling 50 fits
----------
iter: 1
n_candidates: 17
n_resources: 18
Fitting 1 folds for each of 17 candidates, totalling 17 fits
----------
iter: 2
n_candidates: 6
n_resources: 54
Fitting 1 folds for each of 6 candidates, totalling 6 fits
----------
iter: 3
n_candidates: 2
n_resources: 162
Fitting 1 folds for each of 2 candidates, totalling 2 fits
      -> [KNN + SMOTE Set 5] Acc: 0.9967, F1: 0.9967, Time: 0.04s
n_iterations: 4
n_required_iterations: 4
n_possible_iterations: 8
min_resources_: 6
max_resources_: 27600
aggressive_elimination: False
factor: 3
----------
iter: 0
n_candidates: 50
n_resources: 6
Fitting 1 folds for each of 50 candidates, totalling 50 fits
----------
iter: 1
n_candidates: 17
n_resources: 18
Fitting 1 folds for each of 17 candidates, totalling 17 fits
----------
iter: 2
n_candidates: 6
n_resources: 54
Fitting 1 folds for each of 6 candidates, totalling 6 fits
----------
iter: 3
n_candidates: 2
n_resources: 162
Fitting 1 folds for each of 2 candidates, totalling 2 fits
      -> [RandomForest + SMOTE Set 5] Acc: 0.9683, F1: 0.9686, Time: 7.00s
n_iterations: 4
n_required_iterations: 4
n_possible_iterations: 8
min_resources_: 6
max_resources_: 27600
aggressive_elimination: False
factor: 3
----------
iter: 0
n_candidates: 50
n_resources: 6
Fitting 1 folds for each of 50 candidates, totalling 50 fits
----------
iter: 1
n_candidates: 17
n_resources: 18
Fitting 1 folds for each of 17 candidates, totalling 17 fits
----------
iter: 2
n_candidates: 6
n_resources: 54
Fitting 1 folds for each of 6 candidates, totalling 6 fits
----------
iter: 3
n_candidates: 2
n_resources: 162
Fitting 1 folds for each of 2 candidates, totalling 2 fits
      -> [LinearSVC + SMOTE Set 5] Acc: 0.8400, F1: 0.8262, Time: 0.09s
n_iterations: 4
n_required_iterations: 4
n_possible_iterations: 8
min_resources_: 6
max_resources_: 27600
aggressive_elimination: False
factor: 3
----------
iter: 0
n_candidates: 50
n_resources: 6
Fitting 1 folds for each of 50 candidates, totalling 50 fits
----------
iter: 1
n_candidates: 17
n_resources: 18
Fitting 1 folds for each of 17 candidates, totalling 17 fits
----------
iter: 2
n_candidates: 6
n_resources: 54
Fitting 1 folds for each of 6 candidates, totalling 6 fits
----------
iter: 3
n_candidates: 2
n_resources: 162
Fitting 1 folds for each of 2 candidates, totalling 2 fits
      -> [LogisticRegression + SMOTE Set 5] Acc: 0.8850, F1: 0.8792, Time: 0.63s
      -> [RNN + SMOTE Set 5] Acc: 0.8333, F1: 0.8175, Time: 74.76s
    [=== Generating 10x synthetic data with SMOTE (Set 1, Params: {'k_neighbors': 1}) ===]
n_iterations: 4
n_required_iterations: 4
n_possible_iterations: 9
min_resources_: 6
max_resources_: 50600
aggressive_elimination: False
factor: 3
----------
iter: 0
n_candidates: 50
n_resources: 6
Fitting 1 folds for each of 50 candidates, totalling 50 fits
      -> [KNN + SMOTE Set 1] Acc: 0.9767, F1: 0.9765, Time: 0.10s
n_iterations: 4
n_required_iterations: 4
n_possible_iterations: 9
min_resources_: 6
max_resources_: 50600
aggressive_elimination: False
factor: 3
----------
iter: 0
n_candidates: 50
n_resources: 6
Fitting 1 folds for each of 50 candidates, totalling 50 fits
      -> [RandomForest + SMOTE Set 1] Acc: 0.9917, F1: 0.9917, Time: 8.90s
n_iterations: 4
n_required_iterations: 4
n_possible_iterations: 9
min_resources_: 6
max_resources_: 50600
aggressive_elimination: False
factor: 3
----------
iter: 0
n_candidates: 50
n_resources: 6
Fitting 1 folds for each of 50 candidates, totalling 50 fits
      -> [LinearSVC + SMOTE Set 1] Acc: 0.8667, F1: 0.8582, Time: 0.20s
n_iterations: 4
n_required_iterations: 4
n_possible_iterations: 9
min_resources_: 6
max_resources_: 50600
aggressive_elimination: False
factor: 3
----------
iter: 0
n_candidates: 50
n_resources: 6
Fitting 1 folds for each of 50 candidates, totalling 50 fits
      -> [LogisticRegression + SMOTE Set 1] Acc: 0.8833, F1: 0.8771, Time: 1.29s
      -> [RNN + SMOTE Set 1] Acc: 1.0000, F1: 1.0000, Time: 177.35s
    [=== Generating 10x synthetic data with SMOTE (Set 2, Params: {'k_neighbors': 2}) ===]
n_iterations: 4
n_required_iterations: 4
n_possible_iterations: 9
min_resources_: 6
max_resources_: 50600
aggressive_elimination: False
factor: 3
----------
iter: 0
n_candidates: 50
n_resources: 6
Fitting 1 folds for each of 50 candidates, totalling 50 fits
      -> [KNN + SMOTE Set 2] Acc: 0.9767, F1: 0.9765, Time: 0.10s
n_iterations: 4
n_required_iterations: 4
n_possible_iterations: 9
min_resources_: 6
max_resources_: 50600
aggressive_elimination: False
factor: 3
----------
iter: 0
n_candidates: 50
n_resources: 6
Fitting 1 folds for each of 50 candidates, totalling 50 fits
      -> [RandomForest + SMOTE Set 2] Acc: 0.9950, F1: 0.9950, Time: 9.37s
n_iterations: 4
n_required_iterations: 4
n_possible_iterations: 9
min_resources_: 6
max_resources_: 50600
aggressive_elimination: False
factor: 3
----------
iter: 0
n_candidates: 50
n_resources: 6
Fitting 1 folds for each of 50 candidates, totalling 50 fits
      -> [LinearSVC + SMOTE Set 2] Acc: 0.8667, F1: 0.8582, Time: 0.21s
n_iterations: 4
n_required_iterations: 4
n_possible_iterations: 9
min_resources_: 6
max_resources_: 50600
aggressive_elimination: False
factor: 3
----------
iter: 0
n_candidates: 50
n_resources: 6
Fitting 1 folds for each of 50 candidates, totalling 50 fits
      -> [LogisticRegression + SMOTE Set 2] Acc: 0.8883, F1: 0.8827, Time: 1.52s
      -> [RNN + SMOTE Set 2] Acc: 1.0000, F1: 1.0000, Time: 133.18s
    [=== Generating 10x synthetic data with SMOTE (Set 3, Params: {'k_neighbors': 3}) ===]
n_iterations: 4
n_required_iterations: 4
n_possible_iterations: 9
min_resources_: 6
max_resources_: 50600
aggressive_elimination: False
factor: 3
----------
iter: 0
n_candidates: 50
n_resources: 6
Fitting 1 folds for each of 50 candidates, totalling 50 fits
      -> [KNN + SMOTE Set 3] Acc: 0.9767, F1: 0.9765, Time: 0.10s
n_iterations: 4
n_required_iterations: 4
n_possible_iterations: 9
min_resources_: 6
max_resources_: 50600
aggressive_elimination: False
factor: 3
----------
iter: 0
n_candidates: 50
n_resources: 6
Fitting 1 folds for each of 50 candidates, totalling 50 fits
      -> [RandomForest + SMOTE Set 3] Acc: 0.9933, F1: 0.9933, Time: 9.66s
n_iterations: 4
n_required_iterations: 4
n_possible_iterations: 9
min_resources_: 6
max_resources_: 50600
aggressive_elimination: False
factor: 3
----------
iter: 0
n_candidates: 50
n_resources: 6
Fitting 1 folds for each of 50 candidates, totalling 50 fits
      -> [LinearSVC + SMOTE Set 3] Acc: 0.8700, F1: 0.8617, Time: 0.19s
n_iterations: 4
n_required_iterations: 4
n_possible_iterations: 9
min_resources_: 6
max_resources_: 50600
aggressive_elimination: False
factor: 3
----------
iter: 0
n_candidates: 50
n_resources: 6
Fitting 1 folds for each of 50 candidates, totalling 50 fits
      -> [LogisticRegression + SMOTE Set 3] Acc: 0.8900, F1: 0.8846, Time: 2.33s
      -> [RNN + SMOTE Set 3] Acc: 1.0000, F1: 1.0000, Time: 120.54s
    [=== Generating 10x synthetic data with SMOTE (Set 4, Params: {'k_neighbors': 4}) ===]
n_iterations: 4
n_required_iterations: 4
n_possible_iterations: 9
min_resources_: 6
max_resources_: 50600
aggressive_elimination: False
factor: 3
----------
iter: 0
n_candidates: 50
n_resources: 6
Fitting 1 folds for each of 50 candidates, totalling 50 fits
      -> [KNN + SMOTE Set 4] Acc: 0.9767, F1: 0.9765, Time: 0.10s
n_iterations: 4
n_required_iterations: 4
n_possible_iterations: 9
min_resources_: 6
max_resources_: 50600
aggressive_elimination: False
factor: 3
----------
iter: 0
n_candidates: 50
n_resources: 6
Fitting 1 folds for each of 50 candidates, totalling 50 fits
      -> [RandomForest + SMOTE Set 4] Acc: 0.9883, F1: 0.9884, Time: 8.67s
n_iterations: 4
n_required_iterations: 4
n_possible_iterations: 9
min_resources_: 6
max_resources_: 50600
aggressive_elimination: False
factor: 3
----------
iter: 0
n_candidates: 50
n_resources: 6
Fitting 1 folds for each of 50 candidates, totalling 50 fits
      -> [LinearSVC + SMOTE Set 4] Acc: 0.8767, F1: 0.8694, Time: 0.18s
n_iterations: 4
n_required_iterations: 4
n_possible_iterations: 9
min_resources_: 6
max_resources_: 50600
aggressive_elimination: False
factor: 3
----------
iter: 0
n_candidates: 50
n_resources: 6
Fitting 1 folds for each of 50 candidates, totalling 50 fits
      -> [LogisticRegression + SMOTE Set 4] Acc: 0.8883, F1: 0.8827, Time: 2.03s
      -> [RNN + SMOTE Set 4] Acc: 0.8333, F1: 0.8175, Time: 69.06s
    [=== Generating 10x synthetic data with SMOTE (Set 5, Params: {'k_neighbors': 5}) ===]
n_iterations: 4
n_required_iterations: 4
n_possible_iterations: 9
min_resources_: 6
max_resources_: 50600
aggressive_elimination: False
factor: 3
----------
iter: 0
n_candidates: 50
n_resources: 6
Fitting 1 folds for each of 50 candidates, totalling 50 fits
      -> [KNN + SMOTE Set 5] Acc: 0.9767, F1: 0.9765, Time: 0.13s
n_iterations: 4
n_required_iterations: 4
n_possible_iterations: 9
min_resources_: 6
max_resources_: 50600
aggressive_elimination: False
factor: 3
----------
iter: 0
n_candidates: 50
n_resources: 6
Fitting 1 folds for each of 50 candidates, totalling 50 fits
      -> [RandomForest + SMOTE Set 5] Acc: 0.9867, F1: 0.9867, Time: 9.78s
n_iterations: 4
n_required_iterations: 4
n_possible_iterations: 9
min_resources_: 6
max_resources_: 50600
aggressive_elimination: False
factor: 3
----------
iter: 0
n_candidates: 50
n_resources: 6
Fitting 1 folds for each of 50 candidates, totalling 50 fits
      -> [LinearSVC + SMOTE Set 5] Acc: 0.8450, F1: 0.8324, Time: 0.18s
n_iterations: 4
n_required_iterations: 4
n_possible_iterations: 9
min_resources_: 6
max_resources_: 50600
aggressive_elimination: False
factor: 3
----------
iter: 0
n_candidates: 50
n_resources: 6
Fitting 1 folds for each of 50 candidates, totalling 50 fits
      -> [LogisticRegression + SMOTE Set 5] Acc: 0.8783, F1: 0.8714, Time: 1.53s
      -> [RNN + SMOTE Set 5] Acc: 0.8333, F1: 0.8175, Time: 150.69s

    >> Seed Fold Selection: 2/10
    Evaluating Model: KNN
      -> [Baseline] Acc: 0.9767, F1: 0.9765, Time: 0.04s
      HP Tuning KNN...
n_iterations: 4
n_required_iterations: 4
n_possible_iterations: 5
min_resources_: 30
max_resources_: 4600
aggressive_elimination: False
factor: 3
----------
iter: 0
n_candidates: 50
n_resources: 30
Fitting 5 folds for each of 50 candidates, totalling 250 fits
----------
iter: 1
n_candidates: 17
n_resources: 90
Fitting 5 folds for each of 17 candidates, totalling 85 fits
----------
iter: 2
n_candidates: 6
n_resources: 270
Fitting 5 folds for each of 6 candidates, totalling 30 fits
----------
iter: 3
n_candidates: 2
n_resources: 810
Fitting 5 folds for each of 2 candidates, totalling 10 fits
      -> [Tuned_Baseline] Acc: 0.9533, F1: 0.9526, Time: 0.03s
    Evaluating Model: RandomForest
      -> [Baseline] Acc: 0.9200, F1: 0.9208, Time: 0.82s
      HP Tuning RandomForest...
n_iterations: 4
n_required_iterations: 4
n_possible_iterations: 5
min_resources_: 30
max_resources_: 4600
aggressive_elimination: False
factor: 3
----------
iter: 0
n_candidates: 50
n_resources: 30
Fitting 5 folds for each of 50 candidates, totalling 250 fits
----------
iter: 1
n_candidates: 17
n_resources: 90
Fitting 5 folds for each of 17 candidates, totalling 85 fits
----------
iter: 2
n_candidates: 6
n_resources: 270
Fitting 5 folds for each of 6 candidates, totalling 30 fits
----------
iter: 3
n_candidates: 2
n_resources: 810
Fitting 5 folds for each of 2 candidates, totalling 10 fits
      -> [Tuned_Baseline] Acc: 0.9733, F1: 0.9734, Time: 0.00s
    Evaluating Model: LinearSVC
      -> [Baseline] Acc: 0.8567, F1: 0.8460, Time: 0.02s
      HP Tuning LinearSVC...
n_iterations: 4
n_required_iterations: 4
n_possible_iterations: 5
min_resources_: 30
max_resources_: 4600
aggressive_elimination: False
factor: 3
----------
iter: 0
n_candidates: 50
n_resources: 30
Fitting 5 folds for each of 50 candidates, totalling 250 fits
----------
iter: 1
n_candidates: 17
n_resources: 90
Fitting 5 folds for each of 17 candidates, totalling 85 fits
----------
iter: 2
n_candidates: 6
n_resources: 270
Fitting 5 folds for each of 6 candidates, totalling 30 fits
----------
iter: 3
n_candidates: 2
n_resources: 810
Fitting 5 folds for each of 2 candidates, totalling 10 fits
      -> [Tuned_Baseline] Acc: 0.8567, F1: 0.8460, Time: 0.00s
    Evaluating Model: LogisticRegression
      -> [Baseline] Acc: 0.8700, F1: 0.8617, Time: 0.45s
      HP Tuning LogisticRegression...
n_iterations: 4
n_required_iterations: 4
n_possible_iterations: 5
min_resources_: 30
max_resources_: 4600
aggressive_elimination: False
factor: 3
----------
iter: 0
n_candidates: 50
n_resources: 30
Fitting 5 folds for each of 50 candidates, totalling 250 fits
----------
iter: 1
n_candidates: 17
n_resources: 90
Fitting 5 folds for each of 17 candidates, totalling 85 fits
----------
iter: 2
n_candidates: 6
n_resources: 270
Fitting 5 folds for each of 6 candidates, totalling 30 fits
----------
iter: 3
n_candidates: 2
n_resources: 810
Fitting 5 folds for each of 2 candidates, totalling 10 fits
      -> [Tuned_Baseline] Acc: 0.8767, F1: 0.8693, Time: 0.00s
    Evaluating Model: RNN
      -> [Baseline] Acc: 0.6667, F1: 0.5952, Time: 1.60s
      HP Tuning RNN...
n_iterations: 2
n_required_iterations: 2
n_possible_iterations: 2
min_resources_: 10
max_resources_: 46
aggressive_elimination: False
factor: 3
----------
iter: 0
n_candidates: 4
n_resources: 10
Fitting 5 folds for each of 4 candidates, totalling 20 fits
----------
iter: 1
n_candidates: 2
n_resources: 30
Fitting 5 folds for each of 2 candidates, totalling 10 fits
      -> [Tuned_Baseline] Acc: 0.8333, F1: 0.7667, Time: 0.02s
    [=== Generating 2x synthetic data with SMOTE (Set 1, Params: {'k_neighbors': 1}) ===]
n_iterations: 4
n_required_iterations: 4
n_possible_iterations: 8
min_resources_: 6
max_resources_: 13800
aggressive_elimination: False
factor: 3
----------
iter: 0
n_candidates: 50
n_resources: 6
Fitting 1 folds for each of 50 candidates, totalling 50 fits
----------
iter: 1
n_candidates: 17
n_resources: 18
Fitting 1 folds for each of 17 candidates, totalling 17 fits
----------
iter: 2
n_candidates: 6
n_resources: 54
Fitting 1 folds for each of 6 candidates, totalling 6 fits
----------
iter: 3
n_candidates: 2
n_resources: 162
Fitting 1 folds for each of 2 candidates, totalling 2 fits
      -> [KNN + SMOTE Set 1] Acc: 0.9850, F1: 0.9849, Time: 0.03s
n_iterations: 4
n_required_iterations: 4
n_possible_iterations: 8
min_resources_: 6
max_resources_: 13800
aggressive_elimination: False
factor: 3
----------
iter: 0
n_candidates: 50
n_resources: 6
Fitting 1 folds for each of 50 candidates, totalling 50 fits
----------
iter: 1
n_candidates: 17
n_resources: 18
Fitting 1 folds for each of 17 candidates, totalling 17 fits
----------
iter: 2
n_candidates: 6
n_resources: 54
Fitting 1 folds for each of 6 candidates, totalling 6 fits
----------
iter: 3
n_candidates: 2
n_resources: 162
Fitting 1 folds for each of 2 candidates, totalling 2 fits
      -> [RandomForest + SMOTE Set 1] Acc: 0.9717, F1: 0.9716, Time: 0.82s
n_iterations: 4
n_required_iterations: 4
n_possible_iterations: 8
min_resources_: 6
max_resources_: 13800
aggressive_elimination: False
factor: 3
----------
iter: 0
n_candidates: 50
n_resources: 6
Fitting 1 folds for each of 50 candidates, totalling 50 fits
----------
iter: 1
n_candidates: 17
n_resources: 18
Fitting 1 folds for each of 17 candidates, totalling 17 fits
----------
iter: 2
n_candidates: 6
n_resources: 54
Fitting 1 folds for each of 6 candidates, totalling 6 fits
----------
iter: 3
n_candidates: 2
n_resources: 162
Fitting 1 folds for each of 2 candidates, totalling 2 fits
      -> [LinearSVC + SMOTE Set 1] Acc: 0.8300, F1: 0.8133, Time: 0.06s
n_iterations: 4
n_required_iterations: 4
n_possible_iterations: 8
min_resources_: 6
max_resources_: 13800
aggressive_elimination: False
factor: 3
----------
iter: 0
n_candidates: 50
n_resources: 6
Fitting 1 folds for each of 50 candidates, totalling 50 fits
----------
iter: 1
n_candidates: 17
n_resources: 18
Fitting 1 folds for each of 17 candidates, totalling 17 fits
----------
iter: 2
n_candidates: 6
n_resources: 54
Fitting 1 folds for each of 6 candidates, totalling 6 fits
----------
iter: 3
n_candidates: 2
n_resources: 162
Fitting 1 folds for each of 2 candidates, totalling 2 fits
      -> [LogisticRegression + SMOTE Set 1] Acc: 0.8700, F1: 0.8617, Time: 0.23s
      -> [RNN + SMOTE Set 1] Acc: 0.6667, F1: 0.5952, Time: 1.86s
    [=== Generating 2x synthetic data with SMOTE (Set 2, Params: {'k_neighbors': 2}) ===]
n_iterations: 4
n_required_iterations: 4
n_possible_iterations: 8
min_resources_: 6
max_resources_: 13800
aggressive_elimination: False
factor: 3
----------
iter: 0
n_candidates: 50
n_resources: 6
Fitting 1 folds for each of 50 candidates, totalling 50 fits
----------
iter: 1
n_candidates: 17
n_resources: 18
Fitting 1 folds for each of 17 candidates, totalling 17 fits
----------
iter: 2
n_candidates: 6
n_resources: 54
Fitting 1 folds for each of 6 candidates, totalling 6 fits
----------
iter: 3
n_candidates: 2
n_resources: 162
Fitting 1 folds for each of 2 candidates, totalling 2 fits
      -> [KNN + SMOTE Set 2] Acc: 0.9333, F1: 0.9317, Time: 0.03s
n_iterations: 4
n_required_iterations: 4
n_possible_iterations: 8
min_resources_: 6
max_resources_: 13800
aggressive_elimination: False
factor: 3
----------
iter: 0
n_candidates: 50
n_resources: 6
Fitting 1 folds for each of 50 candidates, totalling 50 fits
----------
iter: 1
n_candidates: 17
n_resources: 18
Fitting 1 folds for each of 17 candidates, totalling 17 fits
----------
iter: 2
n_candidates: 6
n_resources: 54
Fitting 1 folds for each of 6 candidates, totalling 6 fits
----------
iter: 3
n_candidates: 2
n_resources: 162
Fitting 1 folds for each of 2 candidates, totalling 2 fits
      -> [RandomForest + SMOTE Set 2] Acc: 0.9683, F1: 0.9685, Time: 0.68s
n_iterations: 4
n_required_iterations: 4
n_possible_iterations: 8
min_resources_: 6
max_resources_: 13800
aggressive_elimination: False
factor: 3
----------
iter: 0
n_candidates: 50
n_resources: 6
Fitting 1 folds for each of 50 candidates, totalling 50 fits
----------
iter: 1
n_candidates: 17
n_resources: 18
Fitting 1 folds for each of 17 candidates, totalling 17 fits
----------
iter: 2
n_candidates: 6
n_resources: 54
Fitting 1 folds for each of 6 candidates, totalling 6 fits
----------
iter: 3
n_candidates: 2
n_resources: 162
Fitting 1 folds for each of 2 candidates, totalling 2 fits
      -> [LinearSVC + SMOTE Set 2] Acc: 0.7550, F1: 0.7032, Time: 0.03s
n_iterations: 4
n_required_iterations: 4
n_possible_iterations: 8
min_resources_: 6
max_resources_: 13800
aggressive_elimination: False
factor: 3
----------
iter: 0
n_candidates: 50
n_resources: 6
Fitting 1 folds for each of 50 candidates, totalling 50 fits
----------
iter: 1
n_candidates: 17
n_resources: 18
Fitting 1 folds for each of 17 candidates, totalling 17 fits
----------
iter: 2
n_candidates: 6
n_resources: 54
Fitting 1 folds for each of 6 candidates, totalling 6 fits
----------
iter: 3
n_candidates: 2
n_resources: 162
Fitting 1 folds for each of 2 candidates, totalling 2 fits
      -> [LogisticRegression + SMOTE Set 2] Acc: 0.8850, F1: 0.8789, Time: 0.23s
      -> [RNN + SMOTE Set 2] Acc: 0.6667, F1: 0.5952, Time: 1.92s
    [=== Generating 2x synthetic data with SMOTE (Set 3, Params: {'k_neighbors': 3}) ===]
n_iterations: 4
n_required_iterations: 4
n_possible_iterations: 8
min_resources_: 6
max_resources_: 13800
aggressive_elimination: False
factor: 3
----------
iter: 0
n_candidates: 50
n_resources: 6
Fitting 1 folds for each of 50 candidates, totalling 50 fits
----------
iter: 1
n_candidates: 17
n_resources: 18
Fitting 1 folds for each of 17 candidates, totalling 17 fits
----------
iter: 2
n_candidates: 6
n_resources: 54
Fitting 1 folds for each of 6 candidates, totalling 6 fits
----------
iter: 3
n_candidates: 2
n_resources: 162
Fitting 1 folds for each of 2 candidates, totalling 2 fits
      -> [KNN + SMOTE Set 3] Acc: 0.9767, F1: 0.9765, Time: 0.02s
n_iterations: 4
n_required_iterations: 4
n_possible_iterations: 8
min_resources_: 6
max_resources_: 13800
aggressive_elimination: False
factor: 3
----------
iter: 0
n_candidates: 50
n_resources: 6
Fitting 1 folds for each of 50 candidates, totalling 50 fits
----------
iter: 1
n_candidates: 17
n_resources: 18
Fitting 1 folds for each of 17 candidates, totalling 17 fits
----------
iter: 2
n_candidates: 6
n_resources: 54
Fitting 1 folds for each of 6 candidates, totalling 6 fits
----------
iter: 3
n_candidates: 2
n_resources: 162
Fitting 1 folds for each of 2 candidates, totalling 2 fits
      -> [RandomForest + SMOTE Set 3] Acc: 0.9817, F1: 0.9818, Time: 2.62s
n_iterations: 4
n_required_iterations: 4
n_possible_iterations: 8
min_resources_: 6
max_resources_: 13800
aggressive_elimination: False
factor: 3
----------
iter: 0
n_candidates: 50
n_resources: 6
Fitting 1 folds for each of 50 candidates, totalling 50 fits
----------
iter: 1
n_candidates: 17
n_resources: 18
Fitting 1 folds for each of 17 candidates, totalling 17 fits
----------
iter: 2
n_candidates: 6
n_resources: 54
Fitting 1 folds for each of 6 candidates, totalling 6 fits
----------
iter: 3
n_candidates: 2
n_resources: 162
Fitting 1 folds for each of 2 candidates, totalling 2 fits
      -> [LinearSVC + SMOTE Set 3] Acc: 0.8250, F1: 0.8062, Time: 0.08s
n_iterations: 4
n_required_iterations: 4
n_possible_iterations: 8
min_resources_: 6
max_resources_: 13800
aggressive_elimination: False
factor: 3
----------
iter: 0
n_candidates: 50
n_resources: 6
Fitting 1 folds for each of 50 candidates, totalling 50 fits
----------
iter: 1
n_candidates: 17
n_resources: 18
Fitting 1 folds for each of 17 candidates, totalling 17 fits
----------
iter: 2
n_candidates: 6
n_resources: 54
Fitting 1 folds for each of 6 candidates, totalling 6 fits
----------
iter: 3
n_candidates: 2
n_resources: 162
Fitting 1 folds for each of 2 candidates, totalling 2 fits
      -> [LogisticRegression + SMOTE Set 3] Acc: 0.8783, F1: 0.8705, Time: 0.25s
      -> [RNN + SMOTE Set 3] Acc: 0.6667, F1: 0.5952, Time: 2.67s
    [=== Generating 2x synthetic data with SMOTE (Set 4, Params: {'k_neighbors': 4}) ===]
n_iterations: 4
n_required_iterations: 4
n_possible_iterations: 8
min_resources_: 6
max_resources_: 13800
aggressive_elimination: False
factor: 3
----------
iter: 0
n_candidates: 50
n_resources: 6
Fitting 1 folds for each of 50 candidates, totalling 50 fits
----------
iter: 1
n_candidates: 17
n_resources: 18
Fitting 1 folds for each of 17 candidates, totalling 17 fits
----------
iter: 2
n_candidates: 6
n_resources: 54
Fitting 1 folds for each of 6 candidates, totalling 6 fits
----------
iter: 3
n_candidates: 2
n_resources: 162
Fitting 1 folds for each of 2 candidates, totalling 2 fits
      -> [KNN + SMOTE Set 4] Acc: 0.9767, F1: 0.9765, Time: 0.02s
n_iterations: 4
n_required_iterations: 4
n_possible_iterations: 8
min_resources_: 6
max_resources_: 13800
aggressive_elimination: False
factor: 3
----------
iter: 0
n_candidates: 50
n_resources: 6
Fitting 1 folds for each of 50 candidates, totalling 50 fits
----------
iter: 1
n_candidates: 17
n_resources: 18
Fitting 1 folds for each of 17 candidates, totalling 17 fits
----------
iter: 2
n_candidates: 6
n_resources: 54
Fitting 1 folds for each of 6 candidates, totalling 6 fits
----------
iter: 3
n_candidates: 2
n_resources: 162
Fitting 1 folds for each of 2 candidates, totalling 2 fits
      -> [RandomForest + SMOTE Set 4] Acc: 0.9867, F1: 0.9867, Time: 1.66s
n_iterations: 4
n_required_iterations: 4
n_possible_iterations: 8
min_resources_: 6
max_resources_: 13800
aggressive_elimination: False
factor: 3
----------
iter: 0
n_candidates: 50
n_resources: 6
Fitting 1 folds for each of 50 candidates, totalling 50 fits
----------
iter: 1
n_candidates: 17
n_resources: 18
Fitting 1 folds for each of 17 candidates, totalling 17 fits
----------
iter: 2
n_candidates: 6
n_resources: 54
Fitting 1 folds for each of 6 candidates, totalling 6 fits
----------
iter: 3
n_candidates: 2
n_resources: 162
Fitting 1 folds for each of 2 candidates, totalling 2 fits
      -> [LinearSVC + SMOTE Set 4] Acc: 0.8717, F1: 0.8635, Time: 0.03s
n_iterations: 4
n_required_iterations: 4
n_possible_iterations: 8
min_resources_: 6
max_resources_: 13800
aggressive_elimination: False
factor: 3
----------
iter: 0
n_candidates: 50
n_resources: 6
Fitting 1 folds for each of 50 candidates, totalling 50 fits
----------
iter: 1
n_candidates: 17
n_resources: 18
Fitting 1 folds for each of 17 candidates, totalling 17 fits
----------
iter: 2
n_candidates: 6
n_resources: 54
Fitting 1 folds for each of 6 candidates, totalling 6 fits
----------
iter: 3
n_candidates: 2
n_resources: 162
Fitting 1 folds for each of 2 candidates, totalling 2 fits
      -> [LogisticRegression + SMOTE Set 4] Acc: 0.8883, F1: 0.8827, Time: 0.23s
      -> [RNN + SMOTE Set 4] Acc: 0.6667, F1: 0.5952, Time: 1.98s
    [=== Generating 2x synthetic data with SMOTE (Set 5, Params: {'k_neighbors': 5}) ===]
n_iterations: 4
n_required_iterations: 4
n_possible_iterations: 8
min_resources_: 6
max_resources_: 13800
aggressive_elimination: False
factor: 3
----------
iter: 0
n_candidates: 50
n_resources: 6
Fitting 1 folds for each of 50 candidates, totalling 50 fits
----------
iter: 1
n_candidates: 17
n_resources: 18
Fitting 1 folds for each of 17 candidates, totalling 17 fits
----------
iter: 2
n_candidates: 6
n_resources: 54
Fitting 1 folds for each of 6 candidates, totalling 6 fits
----------
iter: 3
n_candidates: 2
n_resources: 162
Fitting 1 folds for each of 2 candidates, totalling 2 fits
      -> [KNN + SMOTE Set 5] Acc: 0.9767, F1: 0.9765, Time: 0.02s
n_iterations: 4
n_required_iterations: 4
n_possible_iterations: 8
min_resources_: 6
max_resources_: 13800
aggressive_elimination: False
factor: 3
----------
iter: 0
n_candidates: 50
n_resources: 6
Fitting 1 folds for each of 50 candidates, totalling 50 fits
----------
iter: 1
n_candidates: 17
n_resources: 18
Fitting 1 folds for each of 17 candidates, totalling 17 fits
----------
iter: 2
n_candidates: 6
n_resources: 54
Fitting 1 folds for each of 6 candidates, totalling 6 fits
----------
iter: 3
n_candidates: 2
n_resources: 162
Fitting 1 folds for each of 2 candidates, totalling 2 fits
      -> [RandomForest + SMOTE Set 5] Acc: 0.9417, F1: 0.9423, Time: 2.07s
n_iterations: 4
n_required_iterations: 4
n_possible_iterations: 8
min_resources_: 6
max_resources_: 13800
aggressive_elimination: False
factor: 3
----------
iter: 0
n_candidates: 50
n_resources: 6
Fitting 1 folds for each of 50 candidates, totalling 50 fits
----------
iter: 1
n_candidates: 17
n_resources: 18
Fitting 1 folds for each of 17 candidates, totalling 17 fits
----------
iter: 2
n_candidates: 6
n_resources: 54
Fitting 1 folds for each of 6 candidates, totalling 6 fits
----------
iter: 3
n_candidates: 2
n_resources: 162
Fitting 1 folds for each of 2 candidates, totalling 2 fits
      -> [LinearSVC + SMOTE Set 5] Acc: 0.8433, F1: 0.8297, Time: 0.03s
n_iterations: 4
n_required_iterations: 4
n_possible_iterations: 8
min_resources_: 6
max_resources_: 13800
aggressive_elimination: False
factor: 3
----------
iter: 0
n_candidates: 50
n_resources: 6
Fitting 1 folds for each of 50 candidates, totalling 50 fits
----------
iter: 1
n_candidates: 17
n_resources: 18
Fitting 1 folds for each of 17 candidates, totalling 17 fits
----------
iter: 2
n_candidates: 6
n_resources: 54
Fitting 1 folds for each of 6 candidates, totalling 6 fits
----------
iter: 3
n_candidates: 2
n_resources: 162
Fitting 1 folds for each of 2 candidates, totalling 2 fits
      -> [LogisticRegression + SMOTE Set 5] Acc: 0.8783, F1: 0.8714, Time: 0.21s
      -> [RNN + SMOTE Set 5] Acc: 0.6667, F1: 0.5952, Time: 1.87s
    [=== Generating 3x synthetic data with SMOTE (Set 1, Params: {'k_neighbors': 1}) ===]
n_iterations: 4
n_required_iterations: 4
n_possible_iterations: 8
min_resources_: 6
max_resources_: 18400
aggressive_elimination: False
factor: 3
----------
iter: 0
n_candidates: 50
n_resources: 6
Fitting 1 folds for each of 50 candidates, totalling 50 fits
----------
iter: 1
n_candidates: 17
n_resources: 18
Fitting 1 folds for each of 17 candidates, totalling 17 fits
----------
iter: 2
n_candidates: 6
n_resources: 54
Fitting 1 folds for each of 6 candidates, totalling 6 fits
----------
iter: 3
n_candidates: 2
n_resources: 162
Fitting 1 folds for each of 2 candidates, totalling 2 fits
      -> [KNN + SMOTE Set 1] Acc: 0.9850, F1: 0.9849, Time: 0.02s
n_iterations: 4
n_required_iterations: 4
n_possible_iterations: 8
min_resources_: 6
max_resources_: 18400
aggressive_elimination: False
factor: 3
----------
iter: 0
n_candidates: 50
n_resources: 6
Fitting 1 folds for each of 50 candidates, totalling 50 fits
----------
iter: 1
n_candidates: 17
n_resources: 18
Fitting 1 folds for each of 17 candidates, totalling 17 fits
----------
iter: 2
n_candidates: 6
n_resources: 54
Fitting 1 folds for each of 6 candidates, totalling 6 fits
----------
iter: 3
n_candidates: 2
n_resources: 162
Fitting 1 folds for each of 2 candidates, totalling 2 fits
      -> [RandomForest + SMOTE Set 1] Acc: 0.9750, F1: 0.9751, Time: 1.09s
n_iterations: 4
n_required_iterations: 4
n_possible_iterations: 8
min_resources_: 6
max_resources_: 18400
aggressive_elimination: False
factor: 3
----------
iter: 0
n_candidates: 50
n_resources: 6
Fitting 1 folds for each of 50 candidates, totalling 50 fits
----------
iter: 1
n_candidates: 17
n_resources: 18
Fitting 1 folds for each of 17 candidates, totalling 17 fits
----------
iter: 2
n_candidates: 6
n_resources: 54
Fitting 1 folds for each of 6 candidates, totalling 6 fits
----------
iter: 3
n_candidates: 2
n_resources: 162
Fitting 1 folds for each of 2 candidates, totalling 2 fits
      -> [LinearSVC + SMOTE Set 1] Acc: 0.8283, F1: 0.8107, Time: 0.05s
n_iterations: 4
n_required_iterations: 4
n_possible_iterations: 8
min_resources_: 6
max_resources_: 18400
aggressive_elimination: False
factor: 3
----------
iter: 0
n_candidates: 50
n_resources: 6
Fitting 1 folds for each of 50 candidates, totalling 50 fits
----------
iter: 1
n_candidates: 17
n_resources: 18
Fitting 1 folds for each of 17 candidates, totalling 17 fits
----------
iter: 2
n_candidates: 6
n_resources: 54
Fitting 1 folds for each of 6 candidates, totalling 6 fits
----------
iter: 3
n_candidates: 2
n_resources: 162
Fitting 1 folds for each of 2 candidates, totalling 2 fits
      -> [LogisticRegression + SMOTE Set 1] Acc: 0.8700, F1: 0.8617, Time: 0.55s
      -> [RNN + SMOTE Set 1] Acc: 0.6667, F1: 0.5952, Time: 3.52s
    [=== Generating 3x synthetic data with SMOTE (Set 2, Params: {'k_neighbors': 2}) ===]
n_iterations: 4
n_required_iterations: 4
n_possible_iterations: 8
min_resources_: 6
max_resources_: 18400
aggressive_elimination: False
factor: 3
----------
iter: 0
n_candidates: 50
n_resources: 6
Fitting 1 folds for each of 50 candidates, totalling 50 fits
----------
iter: 1
n_candidates: 17
n_resources: 18
Fitting 1 folds for each of 17 candidates, totalling 17 fits
----------
iter: 2
n_candidates: 6
n_resources: 54
Fitting 1 folds for each of 6 candidates, totalling 6 fits
----------
iter: 3
n_candidates: 2
n_resources: 162
Fitting 1 folds for each of 2 candidates, totalling 2 fits
      -> [KNN + SMOTE Set 2] Acc: 0.9767, F1: 0.9765, Time: 0.02s
n_iterations: 4
n_required_iterations: 4
n_possible_iterations: 8
min_resources_: 6
max_resources_: 18400
aggressive_elimination: False
factor: 3
----------
iter: 0
n_candidates: 50
n_resources: 6
Fitting 1 folds for each of 50 candidates, totalling 50 fits
----------
iter: 1
n_candidates: 17
n_resources: 18
Fitting 1 folds for each of 17 candidates, totalling 17 fits
----------
iter: 2
n_candidates: 6
n_resources: 54
Fitting 1 folds for each of 6 candidates, totalling 6 fits
----------
iter: 3
n_candidates: 2
n_resources: 162
Fitting 1 folds for each of 2 candidates, totalling 2 fits
      -> [RandomForest + SMOTE Set 2] Acc: 0.9500, F1: 0.9504, Time: 1.29s
n_iterations: 4
n_required_iterations: 4
n_possible_iterations: 8
min_resources_: 6
max_resources_: 18400
aggressive_elimination: False
factor: 3
----------
iter: 0
n_candidates: 50
n_resources: 6
Fitting 1 folds for each of 50 candidates, totalling 50 fits
----------
iter: 1
n_candidates: 17
n_resources: 18
Fitting 1 folds for each of 17 candidates, totalling 17 fits
----------
iter: 2
n_candidates: 6
n_resources: 54
Fitting 1 folds for each of 6 candidates, totalling 6 fits
----------
iter: 3
n_candidates: 2
n_resources: 162
Fitting 1 folds for each of 2 candidates, totalling 2 fits
      -> [LinearSVC + SMOTE Set 2] Acc: 0.8300, F1: 0.8133, Time: 0.11s
n_iterations: 4
n_required_iterations: 4
n_possible_iterations: 8
min_resources_: 6
max_resources_: 18400
aggressive_elimination: False
factor: 3
----------
iter: 0
n_candidates: 50
n_resources: 6
Fitting 1 folds for each of 50 candidates, totalling 50 fits
----------
iter: 1
n_candidates: 17
n_resources: 18
Fitting 1 folds for each of 17 candidates, totalling 17 fits
----------
iter: 2
n_candidates: 6
n_resources: 54
Fitting 1 folds for each of 6 candidates, totalling 6 fits
----------
iter: 3
n_candidates: 2
n_resources: 162
Fitting 1 folds for each of 2 candidates, totalling 2 fits
      -> [LogisticRegression + SMOTE Set 2] Acc: 0.8833, F1: 0.8769, Time: 0.54s
      -> [RNN + SMOTE Set 2] Acc: 0.8333, F1: 0.8175, Time: 5.08s
    [=== Generating 3x synthetic data with SMOTE (Set 3, Params: {'k_neighbors': 3}) ===]
n_iterations: 4
n_required_iterations: 4
n_possible_iterations: 8
min_resources_: 6
max_resources_: 18400
aggressive_elimination: False
factor: 3
----------
iter: 0
n_candidates: 50
n_resources: 6
Fitting 1 folds for each of 50 candidates, totalling 50 fits
----------
iter: 1
n_candidates: 17
n_resources: 18
Fitting 1 folds for each of 17 candidates, totalling 17 fits
----------
iter: 2
n_candidates: 6
n_resources: 54
Fitting 1 folds for each of 6 candidates, totalling 6 fits
----------
iter: 3
n_candidates: 2
n_resources: 162
Fitting 1 folds for each of 2 candidates, totalling 2 fits
      -> [KNN + SMOTE Set 3] Acc: 0.9767, F1: 0.9765, Time: 0.03s
n_iterations: 4
n_required_iterations: 4
n_possible_iterations: 8
min_resources_: 6
max_resources_: 18400
aggressive_elimination: False
factor: 3
----------
iter: 0
n_candidates: 50
n_resources: 6
Fitting 1 folds for each of 50 candidates, totalling 50 fits
----------
iter: 1
n_candidates: 17
n_resources: 18
Fitting 1 folds for each of 17 candidates, totalling 17 fits
----------
iter: 2
n_candidates: 6
n_resources: 54
Fitting 1 folds for each of 6 candidates, totalling 6 fits
----------
iter: 3
n_candidates: 2
n_resources: 162
Fitting 1 folds for each of 2 candidates, totalling 2 fits
      -> [RandomForest + SMOTE Set 3] Acc: 0.9633, F1: 0.9634, Time: 1.26s
n_iterations: 4
n_required_iterations: 4
n_possible_iterations: 8
min_resources_: 6
max_resources_: 18400
aggressive_elimination: False
factor: 3
----------
iter: 0
n_candidates: 50
n_resources: 6
Fitting 1 folds for each of 50 candidates, totalling 50 fits
----------
iter: 1
n_candidates: 17
n_resources: 18
Fitting 1 folds for each of 17 candidates, totalling 17 fits
----------
iter: 2
n_candidates: 6
n_resources: 54
Fitting 1 folds for each of 6 candidates, totalling 6 fits
----------
iter: 3
n_candidates: 2
n_resources: 162
Fitting 1 folds for each of 2 candidates, totalling 2 fits
      -> [LinearSVC + SMOTE Set 3] Acc: 0.8300, F1: 0.8133, Time: 0.12s
n_iterations: 4
n_required_iterations: 4
n_possible_iterations: 8
min_resources_: 6
max_resources_: 18400
aggressive_elimination: False
factor: 3
----------
iter: 0
n_candidates: 50
n_resources: 6
Fitting 1 folds for each of 50 candidates, totalling 50 fits
----------
iter: 1
n_candidates: 17
n_resources: 18
Fitting 1 folds for each of 17 candidates, totalling 17 fits
----------
iter: 2
n_candidates: 6
n_resources: 54
Fitting 1 folds for each of 6 candidates, totalling 6 fits
----------
iter: 3
n_candidates: 2
n_resources: 162
Fitting 1 folds for each of 2 candidates, totalling 2 fits
      -> [LogisticRegression + SMOTE Set 3] Acc: 0.7650, F1: 0.7459, Time: 0.07s
      -> [RNN + SMOTE Set 3] Acc: 0.8333, F1: 0.8175, Time: 5.57s
    [=== Generating 3x synthetic data with SMOTE (Set 4, Params: {'k_neighbors': 4}) ===]
n_iterations: 4
n_required_iterations: 4
n_possible_iterations: 8
min_resources_: 6
max_resources_: 18400
aggressive_elimination: False
factor: 3
----------
iter: 0
n_candidates: 50
n_resources: 6
Fitting 1 folds for each of 50 candidates, totalling 50 fits
----------
iter: 1
n_candidates: 17
n_resources: 18
Fitting 1 folds for each of 17 candidates, totalling 17 fits
----------
iter: 2
n_candidates: 6
n_resources: 54
Fitting 1 folds for each of 6 candidates, totalling 6 fits
----------
iter: 3
n_candidates: 2
n_resources: 162
Fitting 1 folds for each of 2 candidates, totalling 2 fits
      -> [KNN + SMOTE Set 4] Acc: 0.9767, F1: 0.9765, Time: 0.02s
n_iterations: 4
n_required_iterations: 4
n_possible_iterations: 8
min_resources_: 6
max_resources_: 18400
aggressive_elimination: False
factor: 3
----------
iter: 0
n_candidates: 50
n_resources: 6
Fitting 1 folds for each of 50 candidates, totalling 50 fits
----------
iter: 1
n_candidates: 17
n_resources: 18
Fitting 1 folds for each of 17 candidates, totalling 17 fits
----------
iter: 2
n_candidates: 6
n_resources: 54
Fitting 1 folds for each of 6 candidates, totalling 6 fits
----------
iter: 3
n_candidates: 2
n_resources: 162
Fitting 1 folds for each of 2 candidates, totalling 2 fits
      -> [RandomForest + SMOTE Set 4] Acc: 0.9567, F1: 0.9570, Time: 1.37s
n_iterations: 4
n_required_iterations: 4
n_possible_iterations: 8
min_resources_: 6
max_resources_: 18400
aggressive_elimination: False
factor: 3
----------
iter: 0
n_candidates: 50
n_resources: 6
Fitting 1 folds for each of 50 candidates, totalling 50 fits
----------
iter: 1
n_candidates: 17
n_resources: 18
Fitting 1 folds for each of 17 candidates, totalling 17 fits
----------
iter: 2
n_candidates: 6
n_resources: 54
Fitting 1 folds for each of 6 candidates, totalling 6 fits
----------
iter: 3
n_candidates: 2
n_resources: 162
Fitting 1 folds for each of 2 candidates, totalling 2 fits
      -> [LinearSVC + SMOTE Set 4] Acc: 0.8950, F1: 0.8902, Time: 0.06s
n_iterations: 4
n_required_iterations: 4
n_possible_iterations: 8
min_resources_: 6
max_resources_: 18400
aggressive_elimination: False
factor: 3
----------
iter: 0
n_candidates: 50
n_resources: 6
Fitting 1 folds for each of 50 candidates, totalling 50 fits
----------
iter: 1
n_candidates: 17
n_resources: 18
Fitting 1 folds for each of 17 candidates, totalling 17 fits
----------
iter: 2
n_candidates: 6
n_resources: 54
Fitting 1 folds for each of 6 candidates, totalling 6 fits
----------
iter: 3
n_candidates: 2
n_resources: 162
Fitting 1 folds for each of 2 candidates, totalling 2 fits
      -> [LogisticRegression + SMOTE Set 4] Acc: 0.8917, F1: 0.8863, Time: 0.47s
      -> [RNN + SMOTE Set 4] Acc: 1.0000, F1: 1.0000, Time: 3.16s
    [=== Generating 3x synthetic data with SMOTE (Set 5, Params: {'k_neighbors': 5}) ===]
n_iterations: 4
n_required_iterations: 4
n_possible_iterations: 8
min_resources_: 6
max_resources_: 18400
aggressive_elimination: False
factor: 3
----------
iter: 0
n_candidates: 50
n_resources: 6
Fitting 1 folds for each of 50 candidates, totalling 50 fits
----------
iter: 1
n_candidates: 17
n_resources: 18
Fitting 1 folds for each of 17 candidates, totalling 17 fits
----------
iter: 2
n_candidates: 6
n_resources: 54
Fitting 1 folds for each of 6 candidates, totalling 6 fits
----------
iter: 3
n_candidates: 2
n_resources: 162
Fitting 1 folds for each of 2 candidates, totalling 2 fits
      -> [KNN + SMOTE Set 5] Acc: 0.9767, F1: 0.9765, Time: 0.02s
n_iterations: 4
n_required_iterations: 4
n_possible_iterations: 8
min_resources_: 6
max_resources_: 18400
aggressive_elimination: False
factor: 3
----------
iter: 0
n_candidates: 50
n_resources: 6
Fitting 1 folds for each of 50 candidates, totalling 50 fits
----------
iter: 1
n_candidates: 17
n_resources: 18
Fitting 1 folds for each of 17 candidates, totalling 17 fits
----------
iter: 2
n_candidates: 6
n_resources: 54
Fitting 1 folds for each of 6 candidates, totalling 6 fits
----------
iter: 3
n_candidates: 2
n_resources: 162
Fitting 1 folds for each of 2 candidates, totalling 2 fits
      -> [RandomForest + SMOTE Set 5] Acc: 0.9700, F1: 0.9702, Time: 1.03s
n_iterations: 4
n_required_iterations: 4
n_possible_iterations: 8
min_resources_: 6
max_resources_: 18400
aggressive_elimination: False
factor: 3
----------
iter: 0
n_candidates: 50
n_resources: 6
Fitting 1 folds for each of 50 candidates, totalling 50 fits
----------
iter: 1
n_candidates: 17
n_resources: 18
Fitting 1 folds for each of 17 candidates, totalling 17 fits
----------
iter: 2
n_candidates: 6
n_resources: 54
Fitting 1 folds for each of 6 candidates, totalling 6 fits
----------
iter: 3
n_candidates: 2
n_resources: 162
Fitting 1 folds for each of 2 candidates, totalling 2 fits
      -> [LinearSVC + SMOTE Set 5] Acc: 0.8267, F1: 0.8086, Time: 0.12s
n_iterations: 4
n_required_iterations: 4
n_possible_iterations: 8
min_resources_: 6
max_resources_: 18400
aggressive_elimination: False
factor: 3
----------
iter: 0
n_candidates: 50
n_resources: 6
Fitting 1 folds for each of 50 candidates, totalling 50 fits
----------
iter: 1
n_candidates: 17
n_resources: 18
Fitting 1 folds for each of 17 candidates, totalling 17 fits
----------
iter: 2
n_candidates: 6
n_resources: 54
Fitting 1 folds for each of 6 candidates, totalling 6 fits
----------
iter: 3
n_candidates: 2
n_resources: 162
Fitting 1 folds for each of 2 candidates, totalling 2 fits
      -> [LogisticRegression + SMOTE Set 5] Acc: 0.8817, F1: 0.8754, Time: 0.43s
      -> [RNN + SMOTE Set 5] Acc: 0.6667, F1: 0.5952, Time: 3.36s
    [=== Generating 5x synthetic data with SMOTE (Set 1, Params: {'k_neighbors': 1}) ===]
n_iterations: 4
n_required_iterations: 4
n_possible_iterations: 8
min_resources_: 6
max_resources_: 27600
aggressive_elimination: False
factor: 3
----------
iter: 0
n_candidates: 50
n_resources: 6
Fitting 1 folds for each of 50 candidates, totalling 50 fits
----------
iter: 1
n_candidates: 17
n_resources: 18
Fitting 1 folds for each of 17 candidates, totalling 17 fits
----------
iter: 2
n_candidates: 6
n_resources: 54
Fitting 1 folds for each of 6 candidates, totalling 6 fits
----------
iter: 3
n_candidates: 2
n_resources: 162
Fitting 1 folds for each of 2 candidates, totalling 2 fits
      -> [KNN + SMOTE Set 1] Acc: 0.9533, F1: 0.9526, Time: 0.07s
n_iterations: 4
n_required_iterations: 4
n_possible_iterations: 8
min_resources_: 6
max_resources_: 27600
aggressive_elimination: False
factor: 3
----------
iter: 0
n_candidates: 50
n_resources: 6
Fitting 1 folds for each of 50 candidates, totalling 50 fits
----------
iter: 1
n_candidates: 17
n_resources: 18
Fitting 1 folds for each of 17 candidates, totalling 17 fits
----------
iter: 2
n_candidates: 6
n_resources: 54
Fitting 1 folds for each of 6 candidates, totalling 6 fits
----------
iter: 3
n_candidates: 2
n_resources: 162
Fitting 1 folds for each of 2 candidates, totalling 2 fits
      -> [RandomForest + SMOTE Set 1] Acc: 0.9767, F1: 0.9768, Time: 5.31s
n_iterations: 4
n_required_iterations: 4
n_possible_iterations: 8
min_resources_: 6
max_resources_: 27600
aggressive_elimination: False
factor: 3
----------
iter: 0
n_candidates: 50
n_resources: 6
Fitting 1 folds for each of 50 candidates, totalling 50 fits
----------
iter: 1
n_candidates: 17
n_resources: 18
Fitting 1 folds for each of 17 candidates, totalling 17 fits
----------
iter: 2
n_candidates: 6
n_resources: 54
Fitting 1 folds for each of 6 candidates, totalling 6 fits
----------
iter: 3
n_candidates: 2
n_resources: 162
Fitting 1 folds for each of 2 candidates, totalling 2 fits
      -> [LinearSVC + SMOTE Set 1] Acc: 0.8300, F1: 0.8133, Time: 0.16s
n_iterations: 4
n_required_iterations: 4
n_possible_iterations: 8
min_resources_: 6
max_resources_: 27600
aggressive_elimination: False
factor: 3
----------
iter: 0
n_candidates: 50
n_resources: 6
Fitting 1 folds for each of 50 candidates, totalling 50 fits
----------
iter: 1
n_candidates: 17
n_resources: 18
Fitting 1 folds for each of 17 candidates, totalling 17 fits
----------
iter: 2
n_candidates: 6
n_resources: 54
Fitting 1 folds for each of 6 candidates, totalling 6 fits
----------
iter: 3
n_candidates: 2
n_resources: 162
Fitting 1 folds for each of 2 candidates, totalling 2 fits
      -> [LogisticRegression + SMOTE Set 1] Acc: 0.8850, F1: 0.8789, Time: 0.83s
      -> [RNN + SMOTE Set 1] Acc: 0.8333, F1: 0.8175, Time: 5.55s
    [=== Generating 5x synthetic data with SMOTE (Set 2, Params: {'k_neighbors': 2}) ===]
n_iterations: 4
n_required_iterations: 4
n_possible_iterations: 8
min_resources_: 6
max_resources_: 27600
aggressive_elimination: False
factor: 3
----------
iter: 0
n_candidates: 50
n_resources: 6
Fitting 1 folds for each of 50 candidates, totalling 50 fits
----------
iter: 1
n_candidates: 17
n_resources: 18
Fitting 1 folds for each of 17 candidates, totalling 17 fits
----------
iter: 2
n_candidates: 6
n_resources: 54
Fitting 1 folds for each of 6 candidates, totalling 6 fits
----------
iter: 3
n_candidates: 2
n_resources: 162
Fitting 1 folds for each of 2 candidates, totalling 2 fits
      -> [KNN + SMOTE Set 2] Acc: 0.9967, F1: 0.9967, Time: 0.04s
n_iterations: 4
n_required_iterations: 4
n_possible_iterations: 8
min_resources_: 6
max_resources_: 27600
aggressive_elimination: False
factor: 3
----------
iter: 0
n_candidates: 50
n_resources: 6
Fitting 1 folds for each of 50 candidates, totalling 50 fits
----------
iter: 1
n_candidates: 17
n_resources: 18
Fitting 1 folds for each of 17 candidates, totalling 17 fits
----------
iter: 2
n_candidates: 6
n_resources: 54
Fitting 1 folds for each of 6 candidates, totalling 6 fits
----------
iter: 3
n_candidates: 2
n_resources: 162
Fitting 1 folds for each of 2 candidates, totalling 2 fits
      -> [RandomForest + SMOTE Set 2] Acc: 0.9967, F1: 0.9967, Time: 6.77s
n_iterations: 4
n_required_iterations: 4
n_possible_iterations: 8
min_resources_: 6
max_resources_: 27600
aggressive_elimination: False
factor: 3
----------
iter: 0
n_candidates: 50
n_resources: 6
Fitting 1 folds for each of 50 candidates, totalling 50 fits
----------
iter: 1
n_candidates: 17
n_resources: 18
Fitting 1 folds for each of 17 candidates, totalling 17 fits
----------
iter: 2
n_candidates: 6
n_resources: 54
Fitting 1 folds for each of 6 candidates, totalling 6 fits
----------
iter: 3
n_candidates: 2
n_resources: 162
Fitting 1 folds for each of 2 candidates, totalling 2 fits
      -> [LinearSVC + SMOTE Set 2] Acc: 0.8283, F1: 0.8109, Time: 0.22s
n_iterations: 4
n_required_iterations: 4
n_possible_iterations: 8
min_resources_: 6
max_resources_: 27600
aggressive_elimination: False
factor: 3
----------
iter: 0
n_candidates: 50
n_resources: 6
Fitting 1 folds for each of 50 candidates, totalling 50 fits
----------
iter: 1
n_candidates: 17
n_resources: 18
Fitting 1 folds for each of 17 candidates, totalling 17 fits
----------
iter: 2
n_candidates: 6
n_resources: 54
Fitting 1 folds for each of 6 candidates, totalling 6 fits
----------
iter: 3
n_candidates: 2
n_resources: 162
Fitting 1 folds for each of 2 candidates, totalling 2 fits
      -> [LogisticRegression + SMOTE Set 2] Acc: 0.8817, F1: 0.8746, Time: 0.57s
      -> [RNN + SMOTE Set 2] Acc: 0.8333, F1: 0.8175, Time: 6.50s
    [=== Generating 5x synthetic data with SMOTE (Set 3, Params: {'k_neighbors': 3}) ===]
n_iterations: 4
n_required_iterations: 4
n_possible_iterations: 8
min_resources_: 6
max_resources_: 27600
aggressive_elimination: False
factor: 3
----------
iter: 0
n_candidates: 50
n_resources: 6
Fitting 1 folds for each of 50 candidates, totalling 50 fits
----------
iter: 1
n_candidates: 17
n_resources: 18
Fitting 1 folds for each of 17 candidates, totalling 17 fits
----------
iter: 2
n_candidates: 6
n_resources: 54
Fitting 1 folds for each of 6 candidates, totalling 6 fits
----------
iter: 3
n_candidates: 2
n_resources: 162
Fitting 1 folds for each of 2 candidates, totalling 2 fits
      -> [KNN + SMOTE Set 3] Acc: 0.9983, F1: 0.9983, Time: 0.04s
n_iterations: 4
n_required_iterations: 4
n_possible_iterations: 8
min_resources_: 6
max_resources_: 27600
aggressive_elimination: False
factor: 3
----------
iter: 0
n_candidates: 50
n_resources: 6
Fitting 1 folds for each of 50 candidates, totalling 50 fits
----------
iter: 1
n_candidates: 17
n_resources: 18
Fitting 1 folds for each of 17 candidates, totalling 17 fits
----------
iter: 2
n_candidates: 6
n_resources: 54
Fitting 1 folds for each of 6 candidates, totalling 6 fits
----------
iter: 3
n_candidates: 2
n_resources: 162
Fitting 1 folds for each of 2 candidates, totalling 2 fits
      -> [RandomForest + SMOTE Set 3] Acc: 0.9633, F1: 0.9634, Time: 1.97s
n_iterations: 4
n_required_iterations: 4
n_possible_iterations: 8
min_resources_: 6
max_resources_: 27600
aggressive_elimination: False
factor: 3
----------
iter: 0
n_candidates: 50
n_resources: 6
Fitting 1 folds for each of 50 candidates, totalling 50 fits
----------
iter: 1
n_candidates: 17
n_resources: 18
Fitting 1 folds for each of 17 candidates, totalling 17 fits
----------
iter: 2
n_candidates: 6
n_resources: 54
Fitting 1 folds for each of 6 candidates, totalling 6 fits
----------
iter: 3
n_candidates: 2
n_resources: 162
Fitting 1 folds for each of 2 candidates, totalling 2 fits
      -> [LinearSVC + SMOTE Set 3] Acc: 0.8600, F1: 0.8492, Time: 0.08s
n_iterations: 4
n_required_iterations: 4
n_possible_iterations: 8
min_resources_: 6
max_resources_: 27600
aggressive_elimination: False
factor: 3
----------
iter: 0
n_candidates: 50
n_resources: 6
Fitting 1 folds for each of 50 candidates, totalling 50 fits
----------
iter: 1
n_candidates: 17
n_resources: 18
Fitting 1 folds for each of 17 candidates, totalling 17 fits
----------
iter: 2
n_candidates: 6
n_resources: 54
Fitting 1 folds for each of 6 candidates, totalling 6 fits
----------
iter: 3
n_candidates: 2
n_resources: 162
Fitting 1 folds for each of 2 candidates, totalling 2 fits
      -> [LogisticRegression + SMOTE Set 3] Acc: 0.8833, F1: 0.8767, Time: 0.96s
      -> [RNN + SMOTE Set 3] Acc: 1.0000, F1: 1.0000, Time: 6.86s
    [=== Generating 5x synthetic data with SMOTE (Set 4, Params: {'k_neighbors': 4}) ===]
n_iterations: 4
n_required_iterations: 4
n_possible_iterations: 8
min_resources_: 6
max_resources_: 27600
aggressive_elimination: False
factor: 3
----------
iter: 0
n_candidates: 50
n_resources: 6
Fitting 1 folds for each of 50 candidates, totalling 50 fits
----------
iter: 1
n_candidates: 17
n_resources: 18
Fitting 1 folds for each of 17 candidates, totalling 17 fits
----------
iter: 2
n_candidates: 6
n_resources: 54
Fitting 1 folds for each of 6 candidates, totalling 6 fits
----------
iter: 3
n_candidates: 2
n_resources: 162
Fitting 1 folds for each of 2 candidates, totalling 2 fits
      -> [KNN + SMOTE Set 4] Acc: 0.9750, F1: 0.9748, Time: 0.08s
n_iterations: 4
n_required_iterations: 4
n_possible_iterations: 8
min_resources_: 6
max_resources_: 27600
aggressive_elimination: False
factor: 3
----------
iter: 0
n_candidates: 50
n_resources: 6
Fitting 1 folds for each of 50 candidates, totalling 50 fits
----------
iter: 1
n_candidates: 17
n_resources: 18
Fitting 1 folds for each of 17 candidates, totalling 17 fits
----------
iter: 2
n_candidates: 6
n_resources: 54
Fitting 1 folds for each of 6 candidates, totalling 6 fits
----------
iter: 3
n_candidates: 2
n_resources: 162
Fitting 1 folds for each of 2 candidates, totalling 2 fits
      -> [RandomForest + SMOTE Set 4] Acc: 0.9783, F1: 0.9785, Time: 2.45s
n_iterations: 4
n_required_iterations: 4
n_possible_iterations: 8
min_resources_: 6
max_resources_: 27600
aggressive_elimination: False
factor: 3
----------
iter: 0
n_candidates: 50
n_resources: 6
Fitting 1 folds for each of 50 candidates, totalling 50 fits
----------
iter: 1
n_candidates: 17
n_resources: 18
Fitting 1 folds for each of 17 candidates, totalling 17 fits
----------
iter: 2
n_candidates: 6
n_resources: 54
Fitting 1 folds for each of 6 candidates, totalling 6 fits
----------
iter: 3
n_candidates: 2
n_resources: 162
Fitting 1 folds for each of 2 candidates, totalling 2 fits
      -> [LinearSVC + SMOTE Set 4] Acc: 0.8633, F1: 0.8539, Time: 0.27s
n_iterations: 4
n_required_iterations: 4
n_possible_iterations: 8
min_resources_: 6
max_resources_: 27600
aggressive_elimination: False
factor: 3
----------
iter: 0
n_candidates: 50
n_resources: 6
Fitting 1 folds for each of 50 candidates, totalling 50 fits
----------
iter: 1
n_candidates: 17
n_resources: 18
Fitting 1 folds for each of 17 candidates, totalling 17 fits
----------
iter: 2
n_candidates: 6
n_resources: 54
Fitting 1 folds for each of 6 candidates, totalling 6 fits
----------
iter: 3
n_candidates: 2
n_resources: 162
Fitting 1 folds for each of 2 candidates, totalling 2 fits
      -> [LogisticRegression + SMOTE Set 4] Acc: 0.8883, F1: 0.8827, Time: 0.57s
      -> [RNN + SMOTE Set 4] Acc: 0.8333, F1: 0.8175, Time: 7.37s
    [=== Generating 5x synthetic data with SMOTE (Set 5, Params: {'k_neighbors': 5}) ===]
n_iterations: 4
n_required_iterations: 4
n_possible_iterations: 8
min_resources_: 6
max_resources_: 27600
aggressive_elimination: False
factor: 3
----------
iter: 0
n_candidates: 50
n_resources: 6
Fitting 1 folds for each of 50 candidates, totalling 50 fits
----------
iter: 1
n_candidates: 17
n_resources: 18
Fitting 1 folds for each of 17 candidates, totalling 17 fits
----------
iter: 2
n_candidates: 6
n_resources: 54
Fitting 1 folds for each of 6 candidates, totalling 6 fits
----------
iter: 3
n_candidates: 2
n_resources: 162
Fitting 1 folds for each of 2 candidates, totalling 2 fits
      -> [KNN + SMOTE Set 5] Acc: 0.9550, F1: 0.9543, Time: 0.07s
n_iterations: 4
n_required_iterations: 4
n_possible_iterations: 8
min_resources_: 6
max_resources_: 27600
aggressive_elimination: False
factor: 3
----------
iter: 0
n_candidates: 50
n_resources: 6
Fitting 1 folds for each of 50 candidates, totalling 50 fits
----------
iter: 1
n_candidates: 17
n_resources: 18
Fitting 1 folds for each of 17 candidates, totalling 17 fits
----------
iter: 2
n_candidates: 6
n_resources: 54
Fitting 1 folds for each of 6 candidates, totalling 6 fits
----------
iter: 3
n_candidates: 2
n_resources: 162
Fitting 1 folds for each of 2 candidates, totalling 2 fits
      -> [RandomForest + SMOTE Set 5] Acc: 0.9800, F1: 0.9801, Time: 6.80s
n_iterations: 4
n_required_iterations: 4
n_possible_iterations: 8
min_resources_: 6
max_resources_: 27600
aggressive_elimination: False
factor: 3
----------
iter: 0
n_candidates: 50
n_resources: 6
Fitting 1 folds for each of 50 candidates, totalling 50 fits
----------
iter: 1
n_candidates: 17
n_resources: 18
Fitting 1 folds for each of 17 candidates, totalling 17 fits
----------
iter: 2
n_candidates: 6
n_resources: 54
Fitting 1 folds for each of 6 candidates, totalling 6 fits
----------
iter: 3
n_candidates: 2
n_resources: 162
Fitting 1 folds for each of 2 candidates, totalling 2 fits
      -> [LinearSVC + SMOTE Set 5] Acc: 0.8233, F1: 0.8043, Time: 0.23s
n_iterations: 4
n_required_iterations: 4
n_possible_iterations: 8
min_resources_: 6
max_resources_: 27600
aggressive_elimination: False
factor: 3
----------
iter: 0
n_candidates: 50
n_resources: 6
Fitting 1 folds for each of 50 candidates, totalling 50 fits
----------
iter: 1
n_candidates: 17
n_resources: 18
Fitting 1 folds for each of 17 candidates, totalling 17 fits
----------
iter: 2
n_candidates: 6
n_resources: 54
Fitting 1 folds for each of 6 candidates, totalling 6 fits
----------
iter: 3
n_candidates: 2
n_resources: 162
Fitting 1 folds for each of 2 candidates, totalling 2 fits
      -> [LogisticRegression + SMOTE Set 5] Acc: 0.8800, F1: 0.8729, Time: 0.98s
      -> [RNN + SMOTE Set 5] Acc: 0.8333, F1: 0.8175, Time: 6.75s
    [=== Generating 10x synthetic data with SMOTE (Set 1, Params: {'k_neighbors': 1}) ===]
n_iterations: 4
n_required_iterations: 4
n_possible_iterations: 9
min_resources_: 6
max_resources_: 50600
aggressive_elimination: False
factor: 3
----------
iter: 0
n_candidates: 50
n_resources: 6
Fitting 1 folds for each of 50 candidates, totalling 50 fits
      -> [KNN + SMOTE Set 1] Acc: 0.9767, F1: 0.9765, Time: 0.10s
n_iterations: 4
n_required_iterations: 4
n_possible_iterations: 9
min_resources_: 6
max_resources_: 50600
aggressive_elimination: False
factor: 3
----------
iter: 0
n_candidates: 50
n_resources: 6
Fitting 1 folds for each of 50 candidates, totalling 50 fits
      -> [RandomForest + SMOTE Set 1] Acc: 0.9550, F1: 0.9554, Time: 7.48s
n_iterations: 4
n_required_iterations: 4
n_possible_iterations: 9
min_resources_: 6
max_resources_: 50600
aggressive_elimination: False
factor: 3
----------
iter: 0
n_candidates: 50
n_resources: 6
Fitting 1 folds for each of 50 candidates, totalling 50 fits
      -> [LinearSVC + SMOTE Set 1] Acc: 0.8333, F1: 0.8175, Time: 0.17s
n_iterations: 4
n_required_iterations: 4
n_possible_iterations: 9
min_resources_: 6
max_resources_: 50600
aggressive_elimination: False
factor: 3
----------
iter: 0
n_candidates: 50
n_resources: 6
Fitting 1 folds for each of 50 candidates, totalling 50 fits
      -> [LogisticRegression + SMOTE Set 1] Acc: 0.8717, F1: 0.8635, Time: 1.50s
      -> [RNN + SMOTE Set 1] Acc: 0.8333, F1: 0.8175, Time: 14.52s
    [=== Generating 10x synthetic data with SMOTE (Set 2, Params: {'k_neighbors': 2}) ===]
n_iterations: 4
n_required_iterations: 4
n_possible_iterations: 9
min_resources_: 6
max_resources_: 50600
aggressive_elimination: False
factor: 3
----------
iter: 0
n_candidates: 50
n_resources: 6
Fitting 1 folds for each of 50 candidates, totalling 50 fits
      -> [KNN + SMOTE Set 2] Acc: 0.9767, F1: 0.9765, Time: 0.10s
n_iterations: 4
n_required_iterations: 4
n_possible_iterations: 9
min_resources_: 6
max_resources_: 50600
aggressive_elimination: False
factor: 3
----------
iter: 0
n_candidates: 50
n_resources: 6
Fitting 1 folds for each of 50 candidates, totalling 50 fits
      -> [RandomForest + SMOTE Set 2] Acc: 0.9833, F1: 0.9834, Time: 9.44s
n_iterations: 4
n_required_iterations: 4
n_possible_iterations: 9
min_resources_: 6
max_resources_: 50600
aggressive_elimination: False
factor: 3
----------
iter: 0
n_candidates: 50
n_resources: 6
Fitting 1 folds for each of 50 candidates, totalling 50 fits
      -> [LinearSVC + SMOTE Set 2] Acc: 0.8567, F1: 0.8460, Time: 0.26s
n_iterations: 4
n_required_iterations: 4
n_possible_iterations: 9
min_resources_: 6
max_resources_: 50600
aggressive_elimination: False
factor: 3
----------
iter: 0
n_candidates: 50
n_resources: 6
Fitting 1 folds for each of 50 candidates, totalling 50 fits
      -> [LogisticRegression + SMOTE Set 2] Acc: 0.8850, F1: 0.8786, Time: 1.99s
      -> [RNN + SMOTE Set 2] Acc: 0.6667, F1: 0.5417, Time: 13.73s
    [=== Generating 10x synthetic data with SMOTE (Set 3, Params: {'k_neighbors': 3}) ===]
n_iterations: 4
n_required_iterations: 4
n_possible_iterations: 9
min_resources_: 6
max_resources_: 50600
aggressive_elimination: False
factor: 3
----------
iter: 0
n_candidates: 50
n_resources: 6
Fitting 1 folds for each of 50 candidates, totalling 50 fits
      -> [KNN + SMOTE Set 3] Acc: 0.9767, F1: 0.9765, Time: 0.10s
n_iterations: 4
n_required_iterations: 4
n_possible_iterations: 9
min_resources_: 6
max_resources_: 50600
aggressive_elimination: False
factor: 3
----------
iter: 0
n_candidates: 50
n_resources: 6
Fitting 1 folds for each of 50 candidates, totalling 50 fits
      -> [RandomForest + SMOTE Set 3] Acc: 0.9933, F1: 0.9933, Time: 9.62s
n_iterations: 4
n_required_iterations: 4
n_possible_iterations: 9
min_resources_: 6
max_resources_: 50600
aggressive_elimination: False
factor: 3
----------
iter: 0
n_candidates: 50
n_resources: 6
Fitting 1 folds for each of 50 candidates, totalling 50 fits
      -> [LinearSVC + SMOTE Set 3] Acc: 0.8500, F1: 0.8370, Time: 0.18s
n_iterations: 4
n_required_iterations: 4
n_possible_iterations: 9
min_resources_: 6
max_resources_: 50600
aggressive_elimination: False
factor: 3
----------
iter: 0
n_candidates: 50
n_resources: 6
Fitting 1 folds for each of 50 candidates, totalling 50 fits
      -> [LogisticRegression + SMOTE Set 3] Acc: 0.8783, F1: 0.8706, Time: 1.87s
      -> [RNN + SMOTE Set 3] Acc: 0.8333, F1: 0.8175, Time: 13.52s
    [=== Generating 10x synthetic data with SMOTE (Set 4, Params: {'k_neighbors': 4}) ===]
n_iterations: 4
n_required_iterations: 4
n_possible_iterations: 9
min_resources_: 6
max_resources_: 50600
aggressive_elimination: False
factor: 3
----------
iter: 0
n_candidates: 50
n_resources: 6
Fitting 1 folds for each of 50 candidates, totalling 50 fits
      -> [KNN + SMOTE Set 4] Acc: 0.9767, F1: 0.9765, Time: 0.10s
n_iterations: 4
n_required_iterations: 4
n_possible_iterations: 9
min_resources_: 6
max_resources_: 50600
aggressive_elimination: False
factor: 3
----------
iter: 0
n_candidates: 50
n_resources: 6
Fitting 1 folds for each of 50 candidates, totalling 50 fits
      -> [RandomForest + SMOTE Set 4] Acc: 0.9650, F1: 0.9653, Time: 8.35s
n_iterations: 4
n_required_iterations: 4
n_possible_iterations: 9
min_resources_: 6
max_resources_: 50600
aggressive_elimination: False
factor: 3
----------
iter: 0
n_candidates: 50
n_resources: 6
Fitting 1 folds for each of 50 candidates, totalling 50 fits
      -> [LinearSVC + SMOTE Set 4] Acc: 0.8767, F1: 0.8691, Time: 0.22s
n_iterations: 4
n_required_iterations: 4
n_possible_iterations: 9
min_resources_: 6
max_resources_: 50600
aggressive_elimination: False
factor: 3
----------
iter: 0
n_candidates: 50
n_resources: 6
Fitting 1 folds for each of 50 candidates, totalling 50 fits
      -> [LogisticRegression + SMOTE Set 4] Acc: 0.8833, F1: 0.8769, Time: 1.64s
      -> [RNN + SMOTE Set 4] Acc: 1.0000, F1: 1.0000, Time: 12.71s
    [=== Generating 10x synthetic data with SMOTE (Set 5, Params: {'k_neighbors': 5}) ===]
n_iterations: 4
n_required_iterations: 4
n_possible_iterations: 9
min_resources_: 6
max_resources_: 50600
aggressive_elimination: False
factor: 3
----------
iter: 0
n_candidates: 50
n_resources: 6
Fitting 1 folds for each of 50 candidates, totalling 50 fits
      -> [KNN + SMOTE Set 5] Acc: 0.9767, F1: 0.9765, Time: 0.19s
n_iterations: 4
n_required_iterations: 4
n_possible_iterations: 9
min_resources_: 6
max_resources_: 50600
aggressive_elimination: False
factor: 3
----------
iter: 0
n_candidates: 50
n_resources: 6
Fitting 1 folds for each of 50 candidates, totalling 50 fits
      -> [RandomForest + SMOTE Set 5] Acc: 0.9633, F1: 0.9636, Time: 9.65s
n_iterations: 4
n_required_iterations: 4
n_possible_iterations: 9
min_resources_: 6
max_resources_: 50600
aggressive_elimination: False
factor: 3
----------
iter: 0
n_candidates: 50
n_resources: 6
Fitting 1 folds for each of 50 candidates, totalling 50 fits
      -> [LinearSVC + SMOTE Set 5] Acc: 0.8433, F1: 0.8297, Time: 0.19s
n_iterations: 4
n_required_iterations: 4
n_possible_iterations: 9
min_resources_: 6
max_resources_: 50600
aggressive_elimination: False
factor: 3
----------
iter: 0
n_candidates: 50
n_resources: 6
Fitting 1 folds for each of 50 candidates, totalling 50 fits
      -> [LogisticRegression + SMOTE Set 5] Acc: 0.8767, F1: 0.8693, Time: 1.90s
      -> [RNN + SMOTE Set 5] Acc: 1.0000, F1: 1.0000, Time: 16.98s

    >> Seed Fold Selection: 3/10
    Evaluating Model: KNN
      -> [Baseline] Acc: 0.9733, F1: 0.9731, Time: 0.04s
      HP Tuning KNN...
n_iterations: 4
n_required_iterations: 4
n_possible_iterations: 5
min_resources_: 30
max_resources_: 4600
aggressive_elimination: False
factor: 3
----------
iter: 0
n_candidates: 50
n_resources: 30
Fitting 5 folds for each of 50 candidates, totalling 250 fits
----------
iter: 1
n_candidates: 17
n_resources: 90
Fitting 5 folds for each of 17 candidates, totalling 85 fits
----------
iter: 2
n_candidates: 6
n_resources: 270
Fitting 5 folds for each of 6 candidates, totalling 30 fits
----------
iter: 3
n_candidates: 2
n_resources: 810
Fitting 5 folds for each of 2 candidates, totalling 10 fits
      -> [Tuned_Baseline] Acc: 0.9050, F1: 0.9012, Time: 0.02s
    Evaluating Model: RandomForest
      -> [Baseline] Acc: 0.9817, F1: 0.9817, Time: 0.82s
      HP Tuning RandomForest...
n_iterations: 4
n_required_iterations: 4
n_possible_iterations: 5
min_resources_: 30
max_resources_: 4600
aggressive_elimination: False
factor: 3
----------
iter: 0
n_candidates: 50
n_resources: 30
Fitting 5 folds for each of 50 candidates, totalling 250 fits
----------
iter: 1
n_candidates: 17
n_resources: 90
Fitting 5 folds for each of 17 candidates, totalling 85 fits
----------
iter: 2
n_candidates: 6
n_resources: 270
Fitting 5 folds for each of 6 candidates, totalling 30 fits
----------
iter: 3
n_candidates: 2
n_resources: 810
Fitting 5 folds for each of 2 candidates, totalling 10 fits
      -> [Tuned_Baseline] Acc: 0.9817, F1: 0.9817, Time: 0.01s
    Evaluating Model: LinearSVC
      -> [Baseline] Acc: 0.8583, F1: 0.8480, Time: 0.02s
      HP Tuning LinearSVC...
n_iterations: 4
n_required_iterations: 4
n_possible_iterations: 5
min_resources_: 30
max_resources_: 4600
aggressive_elimination: False
factor: 3
----------
iter: 0
n_candidates: 50
n_resources: 30
Fitting 5 folds for each of 50 candidates, totalling 250 fits
----------
iter: 1
n_candidates: 17
n_resources: 90
Fitting 5 folds for each of 17 candidates, totalling 85 fits
----------
iter: 2
n_candidates: 6
n_resources: 270
Fitting 5 folds for each of 6 candidates, totalling 30 fits
----------
iter: 3
n_candidates: 2
n_resources: 810
Fitting 5 folds for each of 2 candidates, totalling 10 fits
      -> [Tuned_Baseline] Acc: 0.8583, F1: 0.8480, Time: 0.00s
    Evaluating Model: LogisticRegression
      -> [Baseline] Acc: 0.8717, F1: 0.8637, Time: 0.57s
      HP Tuning LogisticRegression...
n_iterations: 4
n_required_iterations: 4
n_possible_iterations: 5
min_resources_: 30
max_resources_: 4600
aggressive_elimination: False
factor: 3
----------
iter: 0
n_candidates: 50
n_resources: 30
Fitting 5 folds for each of 50 candidates, totalling 250 fits
----------
iter: 1
n_candidates: 17
n_resources: 90
Fitting 5 folds for each of 17 candidates, totalling 85 fits
----------
iter: 2
n_candidates: 6
n_resources: 270
Fitting 5 folds for each of 6 candidates, totalling 30 fits
----------
iter: 3
n_candidates: 2
n_resources: 810
Fitting 5 folds for each of 2 candidates, totalling 10 fits
      -> [Tuned_Baseline] Acc: 0.8817, F1: 0.8752, Time: 0.00s
    Evaluating Model: RNN
      -> [Baseline] Acc: 0.8333, F1: 0.7667, Time: 1.57s
      HP Tuning RNN...
n_iterations: 2
n_required_iterations: 2
n_possible_iterations: 2
min_resources_: 10
max_resources_: 46
aggressive_elimination: False
factor: 3
----------
iter: 0
n_candidates: 4
n_resources: 10
Fitting 5 folds for each of 4 candidates, totalling 20 fits
----------
iter: 1
n_candidates: 2
n_resources: 30
Fitting 5 folds for each of 2 candidates, totalling 10 fits
      -> [Tuned_Baseline] Acc: 0.8333, F1: 0.7667, Time: 0.02s
    [=== Generating 2x synthetic data with SMOTE (Set 1, Params: {'k_neighbors': 1}) ===]
n_iterations: 4
n_required_iterations: 4
n_possible_iterations: 8
min_resources_: 6
max_resources_: 13800
aggressive_elimination: False
factor: 3
----------
iter: 0
n_candidates: 50
n_resources: 6
Fitting 1 folds for each of 50 candidates, totalling 50 fits
----------
iter: 1
n_candidates: 17
n_resources: 18
Fitting 1 folds for each of 17 candidates, totalling 17 fits
----------
iter: 2
n_candidates: 6
n_resources: 54
Fitting 1 folds for each of 6 candidates, totalling 6 fits
----------
iter: 3
n_candidates: 2
n_resources: 162
Fitting 1 folds for each of 2 candidates, totalling 2 fits
      -> [KNN + SMOTE Set 1] Acc: 0.8917, F1: 0.8865, Time: 0.05s
n_iterations: 4
n_required_iterations: 4
n_possible_iterations: 8
min_resources_: 6
max_resources_: 13800
aggressive_elimination: False
factor: 3
----------
iter: 0
n_candidates: 50
n_resources: 6
Fitting 1 folds for each of 50 candidates, totalling 50 fits
----------
iter: 1
n_candidates: 17
n_resources: 18
Fitting 1 folds for each of 17 candidates, totalling 17 fits
----------
iter: 2
n_candidates: 6
n_resources: 54
Fitting 1 folds for each of 6 candidates, totalling 6 fits
----------
iter: 3
n_candidates: 2
n_resources: 162
Fitting 1 folds for each of 2 candidates, totalling 2 fits
      -> [RandomForest + SMOTE Set 1] Acc: 0.9750, F1: 0.9749, Time: 1.27s
n_iterations: 4
n_required_iterations: 4
n_possible_iterations: 8
min_resources_: 6
max_resources_: 13800
aggressive_elimination: False
factor: 3
----------
iter: 0
n_candidates: 50
n_resources: 6
Fitting 1 folds for each of 50 candidates, totalling 50 fits
----------
iter: 1
n_candidates: 17
n_resources: 18
Fitting 1 folds for each of 17 candidates, totalling 17 fits
----------
iter: 2
n_candidates: 6
n_resources: 54
Fitting 1 folds for each of 6 candidates, totalling 6 fits
----------
iter: 3
n_candidates: 2
n_resources: 162
Fitting 1 folds for each of 2 candidates, totalling 2 fits
      -> [LinearSVC + SMOTE Set 1] Acc: 0.8317, F1: 0.8154, Time: 0.06s
n_iterations: 4
n_required_iterations: 4
n_possible_iterations: 8
min_resources_: 6
max_resources_: 13800
aggressive_elimination: False
factor: 3
----------
iter: 0
n_candidates: 50
n_resources: 6
Fitting 1 folds for each of 50 candidates, totalling 50 fits
----------
iter: 1
n_candidates: 17
n_resources: 18
Fitting 1 folds for each of 17 candidates, totalling 17 fits
----------
iter: 2
n_candidates: 6
n_resources: 54
Fitting 1 folds for each of 6 candidates, totalling 6 fits
----------
iter: 3
n_candidates: 2
n_resources: 162
Fitting 1 folds for each of 2 candidates, totalling 2 fits
      -> [LogisticRegression + SMOTE Set 1] Acc: 0.8700, F1: 0.8617, Time: 0.21s
      -> [RNN + SMOTE Set 1] Acc: 0.6667, F1: 0.5952, Time: 1.84s
    [=== Generating 2x synthetic data with SMOTE (Set 2, Params: {'k_neighbors': 2}) ===]
n_iterations: 4
n_required_iterations: 4
n_possible_iterations: 8
min_resources_: 6
max_resources_: 13800
aggressive_elimination: False
factor: 3
----------
iter: 0
n_candidates: 50
n_resources: 6
Fitting 1 folds for each of 50 candidates, totalling 50 fits
----------
iter: 1
n_candidates: 17
n_resources: 18
Fitting 1 folds for each of 17 candidates, totalling 17 fits
----------
iter: 2
n_candidates: 6
n_resources: 54
Fitting 1 folds for each of 6 candidates, totalling 6 fits
----------
iter: 3
n_candidates: 2
n_resources: 162
Fitting 1 folds for each of 2 candidates, totalling 2 fits
      -> [KNN + SMOTE Set 2] Acc: 0.8867, F1: 0.8808, Time: 0.03s
n_iterations: 4
n_required_iterations: 4
n_possible_iterations: 8
min_resources_: 6
max_resources_: 13800
aggressive_elimination: False
factor: 3
----------
iter: 0
n_candidates: 50
n_resources: 6
Fitting 1 folds for each of 50 candidates, totalling 50 fits
----------
iter: 1
n_candidates: 17
n_resources: 18
Fitting 1 folds for each of 17 candidates, totalling 17 fits
----------
iter: 2
n_candidates: 6
n_resources: 54
Fitting 1 folds for each of 6 candidates, totalling 6 fits
----------
iter: 3
n_candidates: 2
n_resources: 162
Fitting 1 folds for each of 2 candidates, totalling 2 fits
      -> [RandomForest + SMOTE Set 2] Acc: 0.9700, F1: 0.9699, Time: 2.36s
n_iterations: 4
n_required_iterations: 4
n_possible_iterations: 8
min_resources_: 6
max_resources_: 13800
aggressive_elimination: False
factor: 3
----------
iter: 0
n_candidates: 50
n_resources: 6
Fitting 1 folds for each of 50 candidates, totalling 50 fits
----------
iter: 1
n_candidates: 17
n_resources: 18
Fitting 1 folds for each of 17 candidates, totalling 17 fits
----------
iter: 2
n_candidates: 6
n_resources: 54
Fitting 1 folds for each of 6 candidates, totalling 6 fits
----------
iter: 3
n_candidates: 2
n_resources: 162
Fitting 1 folds for each of 2 candidates, totalling 2 fits
      -> [LinearSVC + SMOTE Set 2] Acc: 0.8400, F1: 0.8254, Time: 0.04s
n_iterations: 4
n_required_iterations: 4
n_possible_iterations: 8
min_resources_: 6
max_resources_: 13800
aggressive_elimination: False
factor: 3
----------
iter: 0
n_candidates: 50
n_resources: 6
Fitting 1 folds for each of 50 candidates, totalling 50 fits
----------
iter: 1
n_candidates: 17
n_resources: 18
Fitting 1 folds for each of 17 candidates, totalling 17 fits
----------
iter: 2
n_candidates: 6
n_resources: 54
Fitting 1 folds for each of 6 candidates, totalling 6 fits
----------
iter: 3
n_candidates: 2
n_resources: 162
Fitting 1 folds for each of 2 candidates, totalling 2 fits
      -> [LogisticRegression + SMOTE Set 2] Acc: 0.8850, F1: 0.8789, Time: 0.25s
      -> [RNN + SMOTE Set 2] Acc: 0.6667, F1: 0.5952, Time: 2.41s
    [=== Generating 2x synthetic data with SMOTE (Set 3, Params: {'k_neighbors': 3}) ===]
n_iterations: 4
n_required_iterations: 4
n_possible_iterations: 8
min_resources_: 6
max_resources_: 13800
aggressive_elimination: False
factor: 3
----------
iter: 0
n_candidates: 50
n_resources: 6
Fitting 1 folds for each of 50 candidates, totalling 50 fits
----------
iter: 1
n_candidates: 17
n_resources: 18
Fitting 1 folds for each of 17 candidates, totalling 17 fits
----------
iter: 2
n_candidates: 6
n_resources: 54
Fitting 1 folds for each of 6 candidates, totalling 6 fits
----------
iter: 3
n_candidates: 2
n_resources: 162
Fitting 1 folds for each of 2 candidates, totalling 2 fits
      -> [KNN + SMOTE Set 3] Acc: 0.8867, F1: 0.8808, Time: 0.04s
n_iterations: 4
n_required_iterations: 4
n_possible_iterations: 8
min_resources_: 6
max_resources_: 13800
aggressive_elimination: False
factor: 3
----------
iter: 0
n_candidates: 50
n_resources: 6
Fitting 1 folds for each of 50 candidates, totalling 50 fits
----------
iter: 1
n_candidates: 17
n_resources: 18
Fitting 1 folds for each of 17 candidates, totalling 17 fits
----------
iter: 2
n_candidates: 6
n_resources: 54
Fitting 1 folds for each of 6 candidates, totalling 6 fits
----------
iter: 3
n_candidates: 2
n_resources: 162
Fitting 1 folds for each of 2 candidates, totalling 2 fits
      -> [RandomForest + SMOTE Set 3] Acc: 0.9700, F1: 0.9699, Time: 2.57s
n_iterations: 4
n_required_iterations: 4
n_possible_iterations: 8
min_resources_: 6
max_resources_: 13800
aggressive_elimination: False
factor: 3
----------
iter: 0
n_candidates: 50
n_resources: 6
Fitting 1 folds for each of 50 candidates, totalling 50 fits
----------
iter: 1
n_candidates: 17
n_resources: 18
Fitting 1 folds for each of 17 candidates, totalling 17 fits
----------
iter: 2
n_candidates: 6
n_resources: 54
Fitting 1 folds for each of 6 candidates, totalling 6 fits
----------
iter: 3
n_candidates: 2
n_resources: 162
Fitting 1 folds for each of 2 candidates, totalling 2 fits
      -> [LinearSVC + SMOTE Set 3] Acc: 0.8317, F1: 0.8154, Time: 0.08s
n_iterations: 4
n_required_iterations: 4
n_possible_iterations: 8
min_resources_: 6
max_resources_: 13800
aggressive_elimination: False
factor: 3
----------
iter: 0
n_candidates: 50
n_resources: 6
Fitting 1 folds for each of 50 candidates, totalling 50 fits
----------
iter: 1
n_candidates: 17
n_resources: 18
Fitting 1 folds for each of 17 candidates, totalling 17 fits
----------
iter: 2
n_candidates: 6
n_resources: 54
Fitting 1 folds for each of 6 candidates, totalling 6 fits
----------
iter: 3
n_candidates: 2
n_resources: 162
Fitting 1 folds for each of 2 candidates, totalling 2 fits
      -> [LogisticRegression + SMOTE Set 3] Acc: 0.8833, F1: 0.8766, Time: 0.27s
      -> [RNN + SMOTE Set 3] Acc: 1.0000, F1: 1.0000, Time: 4.24s
    [=== Generating 2x synthetic data with SMOTE (Set 4, Params: {'k_neighbors': 4}) ===]
n_iterations: 4
n_required_iterations: 4
n_possible_iterations: 8
min_resources_: 6
max_resources_: 13800
aggressive_elimination: False
factor: 3
----------
iter: 0
n_candidates: 50
n_resources: 6
Fitting 1 folds for each of 50 candidates, totalling 50 fits
----------
iter: 1
n_candidates: 17
n_resources: 18
Fitting 1 folds for each of 17 candidates, totalling 17 fits
----------
iter: 2
n_candidates: 6
n_resources: 54
Fitting 1 folds for each of 6 candidates, totalling 6 fits
----------
iter: 3
n_candidates: 2
n_resources: 162
Fitting 1 folds for each of 2 candidates, totalling 2 fits
      -> [KNN + SMOTE Set 4] Acc: 0.8867, F1: 0.8808, Time: 0.08s
n_iterations: 4
n_required_iterations: 4
n_possible_iterations: 8
min_resources_: 6
max_resources_: 13800
aggressive_elimination: False
factor: 3
----------
iter: 0
n_candidates: 50
n_resources: 6
Fitting 1 folds for each of 50 candidates, totalling 50 fits
----------
iter: 1
n_candidates: 17
n_resources: 18
Fitting 1 folds for each of 17 candidates, totalling 17 fits
----------
iter: 2
n_candidates: 6
n_resources: 54
Fitting 1 folds for each of 6 candidates, totalling 6 fits
----------
iter: 3
n_candidates: 2
n_resources: 162
Fitting 1 folds for each of 2 candidates, totalling 2 fits
      -> [RandomForest + SMOTE Set 4] Acc: 0.9667, F1: 0.9666, Time: 1.67s
n_iterations: 4
n_required_iterations: 4
n_possible_iterations: 8
min_resources_: 6
max_resources_: 13800
aggressive_elimination: False
factor: 3
----------
iter: 0
n_candidates: 50
n_resources: 6
Fitting 1 folds for each of 50 candidates, totalling 50 fits
----------
iter: 1
n_candidates: 17
n_resources: 18
Fitting 1 folds for each of 17 candidates, totalling 17 fits
----------
iter: 2
n_candidates: 6
n_resources: 54
Fitting 1 folds for each of 6 candidates, totalling 6 fits
----------
iter: 3
n_candidates: 2
n_resources: 162
Fitting 1 folds for each of 2 candidates, totalling 2 fits
      -> [LinearSVC + SMOTE Set 4] Acc: 0.8317, F1: 0.8154, Time: 0.08s
n_iterations: 4
n_required_iterations: 4
n_possible_iterations: 8
min_resources_: 6
max_resources_: 13800
aggressive_elimination: False
factor: 3
----------
iter: 0
n_candidates: 50
n_resources: 6
Fitting 1 folds for each of 50 candidates, totalling 50 fits
----------
iter: 1
n_candidates: 17
n_resources: 18
Fitting 1 folds for each of 17 candidates, totalling 17 fits
----------
iter: 2
n_candidates: 6
n_resources: 54
Fitting 1 folds for each of 6 candidates, totalling 6 fits
----------
iter: 3
n_candidates: 2
n_resources: 162
Fitting 1 folds for each of 2 candidates, totalling 2 fits
      -> [LogisticRegression + SMOTE Set 4] Acc: 0.8933, F1: 0.8882, Time: 0.27s
      -> [RNN + SMOTE Set 4] Acc: 0.8333, F1: 0.8175, Time: 4.90s
    [=== Generating 2x synthetic data with SMOTE (Set 5, Params: {'k_neighbors': 5}) ===]
n_iterations: 4
n_required_iterations: 4
n_possible_iterations: 8
min_resources_: 6
max_resources_: 13800
aggressive_elimination: False
factor: 3
----------
iter: 0
n_candidates: 50
n_resources: 6
Fitting 1 folds for each of 50 candidates, totalling 50 fits
----------
iter: 1
n_candidates: 17
n_resources: 18
Fitting 1 folds for each of 17 candidates, totalling 17 fits
----------
iter: 2
n_candidates: 6
n_resources: 54
Fitting 1 folds for each of 6 candidates, totalling 6 fits
----------
iter: 3
n_candidates: 2
n_resources: 162
Fitting 1 folds for each of 2 candidates, totalling 2 fits
      -> [KNN + SMOTE Set 5] Acc: 0.9733, F1: 0.9731, Time: 0.02s
n_iterations: 4
n_required_iterations: 4
n_possible_iterations: 8
min_resources_: 6
max_resources_: 13800
aggressive_elimination: False
factor: 3
----------
iter: 0
n_candidates: 50
n_resources: 6
Fitting 1 folds for each of 50 candidates, totalling 50 fits
----------
iter: 1
n_candidates: 17
n_resources: 18
Fitting 1 folds for each of 17 candidates, totalling 17 fits
----------
iter: 2
n_candidates: 6
n_resources: 54
Fitting 1 folds for each of 6 candidates, totalling 6 fits
----------
iter: 3
n_candidates: 2
n_resources: 162
Fitting 1 folds for each of 2 candidates, totalling 2 fits
      -> [RandomForest + SMOTE Set 5] Acc: 0.9300, F1: 0.9305, Time: 0.84s
n_iterations: 4
n_required_iterations: 4
n_possible_iterations: 8
min_resources_: 6
max_resources_: 13800
aggressive_elimination: False
factor: 3
----------
iter: 0
n_candidates: 50
n_resources: 6
Fitting 1 folds for each of 50 candidates, totalling 50 fits
----------
iter: 1
n_candidates: 17
n_resources: 18
Fitting 1 folds for each of 17 candidates, totalling 17 fits
----------
iter: 2
n_candidates: 6
n_resources: 54
Fitting 1 folds for each of 6 candidates, totalling 6 fits
----------
iter: 3
n_candidates: 2
n_resources: 162
Fitting 1 folds for each of 2 candidates, totalling 2 fits
      -> [LinearSVC + SMOTE Set 5] Acc: 0.8567, F1: 0.8460, Time: 0.03s
n_iterations: 4
n_required_iterations: 4
n_possible_iterations: 8
min_resources_: 6
max_resources_: 13800
aggressive_elimination: False
factor: 3
----------
iter: 0
n_candidates: 50
n_resources: 6
Fitting 1 folds for each of 50 candidates, totalling 50 fits
----------
iter: 1
n_candidates: 17
n_resources: 18
Fitting 1 folds for each of 17 candidates, totalling 17 fits
----------
iter: 2
n_candidates: 6
n_resources: 54
Fitting 1 folds for each of 6 candidates, totalling 6 fits
----------
iter: 3
n_candidates: 2
n_resources: 162
Fitting 1 folds for each of 2 candidates, totalling 2 fits
      -> [LogisticRegression + SMOTE Set 5] Acc: 0.8800, F1: 0.8733, Time: 0.21s
      -> [RNN + SMOTE Set 5] Acc: 0.6667, F1: 0.5952, Time: 1.78s
    [=== Generating 3x synthetic data with SMOTE (Set 1, Params: {'k_neighbors': 1}) ===]
n_iterations: 4
n_required_iterations: 4
n_possible_iterations: 8
min_resources_: 6
max_resources_: 18400
aggressive_elimination: False
factor: 3
----------
iter: 0
n_candidates: 50
n_resources: 6
Fitting 1 folds for each of 50 candidates, totalling 50 fits
----------
iter: 1
n_candidates: 17
n_resources: 18
Fitting 1 folds for each of 17 candidates, totalling 17 fits
----------
iter: 2
n_candidates: 6
n_resources: 54
Fitting 1 folds for each of 6 candidates, totalling 6 fits
----------
iter: 3
n_candidates: 2
n_resources: 162
Fitting 1 folds for each of 2 candidates, totalling 2 fits
      -> [KNN + SMOTE Set 1] Acc: 0.9733, F1: 0.9731, Time: 0.02s
n_iterations: 4
n_required_iterations: 4
n_possible_iterations: 8
min_resources_: 6
max_resources_: 18400
aggressive_elimination: False
factor: 3
----------
iter: 0
n_candidates: 50
n_resources: 6
Fitting 1 folds for each of 50 candidates, totalling 50 fits
----------
iter: 1
n_candidates: 17
n_resources: 18
Fitting 1 folds for each of 17 candidates, totalling 17 fits
----------
iter: 2
n_candidates: 6
n_resources: 54
Fitting 1 folds for each of 6 candidates, totalling 6 fits
----------
iter: 3
n_candidates: 2
n_resources: 162
Fitting 1 folds for each of 2 candidates, totalling 2 fits
      -> [RandomForest + SMOTE Set 1] Acc: 0.9650, F1: 0.9652, Time: 1.14s
n_iterations: 4
n_required_iterations: 4
n_possible_iterations: 8
min_resources_: 6
max_resources_: 18400
aggressive_elimination: False
factor: 3
----------
iter: 0
n_candidates: 50
n_resources: 6
Fitting 1 folds for each of 50 candidates, totalling 50 fits
----------
iter: 1
n_candidates: 17
n_resources: 18
Fitting 1 folds for each of 17 candidates, totalling 17 fits
----------
iter: 2
n_candidates: 6
n_resources: 54
Fitting 1 folds for each of 6 candidates, totalling 6 fits
----------
iter: 3
n_candidates: 2
n_resources: 162
Fitting 1 folds for each of 2 candidates, totalling 2 fits
      -> [LinearSVC + SMOTE Set 1] Acc: 0.8317, F1: 0.8154, Time: 0.11s
n_iterations: 4
n_required_iterations: 4
n_possible_iterations: 8
min_resources_: 6
max_resources_: 18400
aggressive_elimination: False
factor: 3
----------
iter: 0
n_candidates: 50
n_resources: 6
Fitting 1 folds for each of 50 candidates, totalling 50 fits
----------
iter: 1
n_candidates: 17
n_resources: 18
Fitting 1 folds for each of 17 candidates, totalling 17 fits
----------
iter: 2
n_candidates: 6
n_resources: 54
Fitting 1 folds for each of 6 candidates, totalling 6 fits
----------
iter: 3
n_candidates: 2
n_resources: 162
Fitting 1 folds for each of 2 candidates, totalling 2 fits
      -> [LogisticRegression + SMOTE Set 1] Acc: 0.8683, F1: 0.8593, Time: 0.30s
      -> [RNN + SMOTE Set 1] Acc: 0.6667, F1: 0.5952, Time: 4.02s
    [=== Generating 3x synthetic data with SMOTE (Set 2, Params: {'k_neighbors': 2}) ===]
n_iterations: 4
n_required_iterations: 4
n_possible_iterations: 8
min_resources_: 6
max_resources_: 18400
aggressive_elimination: False
factor: 3
----------
iter: 0
n_candidates: 50
n_resources: 6
Fitting 1 folds for each of 50 candidates, totalling 50 fits
----------
iter: 1
n_candidates: 17
n_resources: 18
Fitting 1 folds for each of 17 candidates, totalling 17 fits
----------
iter: 2
n_candidates: 6
n_resources: 54
Fitting 1 folds for each of 6 candidates, totalling 6 fits
----------
iter: 3
n_candidates: 2
n_resources: 162
Fitting 1 folds for each of 2 candidates, totalling 2 fits
      -> [KNN + SMOTE Set 2] Acc: 0.9733, F1: 0.9731, Time: 0.03s
n_iterations: 4
n_required_iterations: 4
n_possible_iterations: 8
min_resources_: 6
max_resources_: 18400
aggressive_elimination: False
factor: 3
----------
iter: 0
n_candidates: 50
n_resources: 6
Fitting 1 folds for each of 50 candidates, totalling 50 fits
----------
iter: 1
n_candidates: 17
n_resources: 18
Fitting 1 folds for each of 17 candidates, totalling 17 fits
----------
iter: 2
n_candidates: 6
n_resources: 54
Fitting 1 folds for each of 6 candidates, totalling 6 fits
----------
iter: 3
n_candidates: 2
n_resources: 162
Fitting 1 folds for each of 2 candidates, totalling 2 fits
      -> [RandomForest + SMOTE Set 2] Acc: 0.9733, F1: 0.9732, Time: 1.08s
n_iterations: 4
n_required_iterations: 4
n_possible_iterations: 8
min_resources_: 6
max_resources_: 18400
aggressive_elimination: False
factor: 3
----------
iter: 0
n_candidates: 50
n_resources: 6
Fitting 1 folds for each of 50 candidates, totalling 50 fits
----------
iter: 1
n_candidates: 17
n_resources: 18
Fitting 1 folds for each of 17 candidates, totalling 17 fits
----------
iter: 2
n_candidates: 6
n_resources: 54
Fitting 1 folds for each of 6 candidates, totalling 6 fits
----------
iter: 3
n_candidates: 2
n_resources: 162
Fitting 1 folds for each of 2 candidates, totalling 2 fits
      -> [LinearSVC + SMOTE Set 2] Acc: 0.8317, F1: 0.8154, Time: 0.10s
n_iterations: 4
n_required_iterations: 4
n_possible_iterations: 8
min_resources_: 6
max_resources_: 18400
aggressive_elimination: False
factor: 3
----------
iter: 0
n_candidates: 50
n_resources: 6
Fitting 1 folds for each of 50 candidates, totalling 50 fits
----------
iter: 1
n_candidates: 17
n_resources: 18
Fitting 1 folds for each of 17 candidates, totalling 17 fits
----------
iter: 2
n_candidates: 6
n_resources: 54
Fitting 1 folds for each of 6 candidates, totalling 6 fits
----------
iter: 3
n_candidates: 2
n_resources: 162
Fitting 1 folds for each of 2 candidates, totalling 2 fits
      -> [LogisticRegression + SMOTE Set 2] Acc: 0.8800, F1: 0.8732, Time: 0.41s
      -> [RNN + SMOTE Set 2] Acc: 0.8333, F1: 0.7667, Time: 4.38s
    [=== Generating 3x synthetic data with SMOTE (Set 3, Params: {'k_neighbors': 3}) ===]
n_iterations: 4
n_required_iterations: 4
n_possible_iterations: 8
min_resources_: 6
max_resources_: 18400
aggressive_elimination: False
factor: 3
----------
iter: 0
n_candidates: 50
n_resources: 6
Fitting 1 folds for each of 50 candidates, totalling 50 fits
----------
iter: 1
n_candidates: 17
n_resources: 18
Fitting 1 folds for each of 17 candidates, totalling 17 fits
----------
iter: 2
n_candidates: 6
n_resources: 54
Fitting 1 folds for each of 6 candidates, totalling 6 fits
----------
iter: 3
n_candidates: 2
n_resources: 162
Fitting 1 folds for each of 2 candidates, totalling 2 fits
      -> [KNN + SMOTE Set 3] Acc: 0.9733, F1: 0.9731, Time: 0.02s
n_iterations: 4
n_required_iterations: 4
n_possible_iterations: 8
min_resources_: 6
max_resources_: 18400
aggressive_elimination: False
factor: 3
----------
iter: 0
n_candidates: 50
n_resources: 6
Fitting 1 folds for each of 50 candidates, totalling 50 fits
----------
iter: 1
n_candidates: 17
n_resources: 18
Fitting 1 folds for each of 17 candidates, totalling 17 fits
----------
iter: 2
n_candidates: 6
n_resources: 54
Fitting 1 folds for each of 6 candidates, totalling 6 fits
----------
iter: 3
n_candidates: 2
n_resources: 162
Fitting 1 folds for each of 2 candidates, totalling 2 fits
      -> [RandomForest + SMOTE Set 3] Acc: 0.9600, F1: 0.9600, Time: 1.01s
n_iterations: 4
n_required_iterations: 4
n_possible_iterations: 8
min_resources_: 6
max_resources_: 18400
aggressive_elimination: False
factor: 3
----------
iter: 0
n_candidates: 50
n_resources: 6
Fitting 1 folds for each of 50 candidates, totalling 50 fits
----------
iter: 1
n_candidates: 17
n_resources: 18
Fitting 1 folds for each of 17 candidates, totalling 17 fits
----------
iter: 2
n_candidates: 6
n_resources: 54
Fitting 1 folds for each of 6 candidates, totalling 6 fits
----------
iter: 3
n_candidates: 2
n_resources: 162
Fitting 1 folds for each of 2 candidates, totalling 2 fits
      -> [LinearSVC + SMOTE Set 3] Acc: 0.8317, F1: 0.8154, Time: 0.11s
n_iterations: 4
n_required_iterations: 4
n_possible_iterations: 8
min_resources_: 6
max_resources_: 18400
aggressive_elimination: False
factor: 3
----------
iter: 0
n_candidates: 50
n_resources: 6
Fitting 1 folds for each of 50 candidates, totalling 50 fits
----------
iter: 1
n_candidates: 17
n_resources: 18
Fitting 1 folds for each of 17 candidates, totalling 17 fits
----------
iter: 2
n_candidates: 6
n_resources: 54
Fitting 1 folds for each of 6 candidates, totalling 6 fits
----------
iter: 3
n_candidates: 2
n_resources: 162
Fitting 1 folds for each of 2 candidates, totalling 2 fits
      -> [LogisticRegression + SMOTE Set 3] Acc: 0.8883, F1: 0.8827, Time: 0.59s
      -> [RNN + SMOTE Set 3] Acc: 0.8333, F1: 0.7667, Time: 4.26s
    [=== Generating 3x synthetic data with SMOTE (Set 4, Params: {'k_neighbors': 4}) ===]
n_iterations: 4
n_required_iterations: 4
n_possible_iterations: 8
min_resources_: 6
max_resources_: 18400
aggressive_elimination: False
factor: 3
----------
iter: 0
n_candidates: 50
n_resources: 6
Fitting 1 folds for each of 50 candidates, totalling 50 fits
----------
iter: 1
n_candidates: 17
n_resources: 18
Fitting 1 folds for each of 17 candidates, totalling 17 fits
----------
iter: 2
n_candidates: 6
n_resources: 54
Fitting 1 folds for each of 6 candidates, totalling 6 fits
----------
iter: 3
n_candidates: 2
n_resources: 162
Fitting 1 folds for each of 2 candidates, totalling 2 fits
      -> [KNN + SMOTE Set 4] Acc: 0.9033, F1: 0.8994, Time: 0.06s
n_iterations: 4
n_required_iterations: 4
n_possible_iterations: 8
min_resources_: 6
max_resources_: 18400
aggressive_elimination: False
factor: 3
----------
iter: 0
n_candidates: 50
n_resources: 6
Fitting 1 folds for each of 50 candidates, totalling 50 fits
----------
iter: 1
n_candidates: 17
n_resources: 18
Fitting 1 folds for each of 17 candidates, totalling 17 fits
----------
iter: 2
n_candidates: 6
n_resources: 54
Fitting 1 folds for each of 6 candidates, totalling 6 fits
----------
iter: 3
n_candidates: 2
n_resources: 162
Fitting 1 folds for each of 2 candidates, totalling 2 fits
      -> [RandomForest + SMOTE Set 4] Acc: 0.9667, F1: 0.9666, Time: 1.05s
n_iterations: 4
n_required_iterations: 4
n_possible_iterations: 8
min_resources_: 6
max_resources_: 18400
aggressive_elimination: False
factor: 3
----------
iter: 0
n_candidates: 50
n_resources: 6
Fitting 1 folds for each of 50 candidates, totalling 50 fits
----------
iter: 1
n_candidates: 17
n_resources: 18
Fitting 1 folds for each of 17 candidates, totalling 17 fits
----------
iter: 2
n_candidates: 6
n_resources: 54
Fitting 1 folds for each of 6 candidates, totalling 6 fits
----------
iter: 3
n_candidates: 2
n_resources: 162
Fitting 1 folds for each of 2 candidates, totalling 2 fits
      -> [LinearSVC + SMOTE Set 4] Acc: 0.8767, F1: 0.8694, Time: 0.04s
n_iterations: 4
n_required_iterations: 4
n_possible_iterations: 8
min_resources_: 6
max_resources_: 18400
aggressive_elimination: False
factor: 3
----------
iter: 0
n_candidates: 50
n_resources: 6
Fitting 1 folds for each of 50 candidates, totalling 50 fits
----------
iter: 1
n_candidates: 17
n_resources: 18
Fitting 1 folds for each of 17 candidates, totalling 17 fits
----------
iter: 2
n_candidates: 6
n_resources: 54
Fitting 1 folds for each of 6 candidates, totalling 6 fits
----------
iter: 3
n_candidates: 2
n_resources: 162
Fitting 1 folds for each of 2 candidates, totalling 2 fits
      -> [LogisticRegression + SMOTE Set 4] Acc: 0.8967, F1: 0.8920, Time: 0.49s
      -> [RNN + SMOTE Set 4] Acc: 0.8333, F1: 0.8333, Time: 3.86s
    [=== Generating 3x synthetic data with SMOTE (Set 5, Params: {'k_neighbors': 5}) ===]
n_iterations: 4
n_required_iterations: 4
n_possible_iterations: 8
min_resources_: 6
max_resources_: 18400
aggressive_elimination: False
factor: 3
----------
iter: 0
n_candidates: 50
n_resources: 6
Fitting 1 folds for each of 50 candidates, totalling 50 fits
----------
iter: 1
n_candidates: 17
n_resources: 18
Fitting 1 folds for each of 17 candidates, totalling 17 fits
----------
iter: 2
n_candidates: 6
n_resources: 54
Fitting 1 folds for each of 6 candidates, totalling 6 fits
----------
iter: 3
n_candidates: 2
n_resources: 162
Fitting 1 folds for each of 2 candidates, totalling 2 fits
      -> [KNN + SMOTE Set 5] Acc: 0.9733, F1: 0.9731, Time: 0.05s
n_iterations: 4
n_required_iterations: 4
n_possible_iterations: 8
min_resources_: 6
max_resources_: 18400
aggressive_elimination: False
factor: 3
----------
iter: 0
n_candidates: 50
n_resources: 6
Fitting 1 folds for each of 50 candidates, totalling 50 fits
----------
iter: 1
n_candidates: 17
n_resources: 18
Fitting 1 folds for each of 17 candidates, totalling 17 fits
----------
iter: 2
n_candidates: 6
n_resources: 54
Fitting 1 folds for each of 6 candidates, totalling 6 fits
----------
iter: 3
n_candidates: 2
n_resources: 162
Fitting 1 folds for each of 2 candidates, totalling 2 fits
      -> [RandomForest + SMOTE Set 5] Acc: 0.9617, F1: 0.9617, Time: 0.96s
n_iterations: 4
n_required_iterations: 4
n_possible_iterations: 8
min_resources_: 6
max_resources_: 18400
aggressive_elimination: False
factor: 3
----------
iter: 0
n_candidates: 50
n_resources: 6
Fitting 1 folds for each of 50 candidates, totalling 50 fits
----------
iter: 1
n_candidates: 17
n_resources: 18
Fitting 1 folds for each of 17 candidates, totalling 17 fits
----------
iter: 2
n_candidates: 6
n_resources: 54
Fitting 1 folds for each of 6 candidates, totalling 6 fits
----------
iter: 3
n_candidates: 2
n_resources: 162
Fitting 1 folds for each of 2 candidates, totalling 2 fits
      -> [LinearSVC + SMOTE Set 5] Acc: 0.8317, F1: 0.8154, Time: 0.10s
n_iterations: 4
n_required_iterations: 4
n_possible_iterations: 8
min_resources_: 6
max_resources_: 18400
aggressive_elimination: False
factor: 3
----------
iter: 0
n_candidates: 50
n_resources: 6
Fitting 1 folds for each of 50 candidates, totalling 50 fits
----------
iter: 1
n_candidates: 17
n_resources: 18
Fitting 1 folds for each of 17 candidates, totalling 17 fits
----------
iter: 2
n_candidates: 6
n_resources: 54
Fitting 1 folds for each of 6 candidates, totalling 6 fits
----------
iter: 3
n_candidates: 2
n_resources: 162
Fitting 1 folds for each of 2 candidates, totalling 2 fits
      -> [LogisticRegression + SMOTE Set 5] Acc: 0.8833, F1: 0.8771, Time: 0.45s
      -> [RNN + SMOTE Set 5] Acc: 0.8333, F1: 0.7667, Time: 3.15s
    [=== Generating 5x synthetic data with SMOTE (Set 1, Params: {'k_neighbors': 1}) ===]
n_iterations: 4
n_required_iterations: 4
n_possible_iterations: 8
min_resources_: 6
max_resources_: 27600
aggressive_elimination: False
factor: 3
----------
iter: 0
n_candidates: 50
n_resources: 6
Fitting 1 folds for each of 50 candidates, totalling 50 fits
----------
iter: 1
n_candidates: 17
n_resources: 18
Fitting 1 folds for each of 17 candidates, totalling 17 fits
----------
iter: 2
n_candidates: 6
n_resources: 54
Fitting 1 folds for each of 6 candidates, totalling 6 fits
----------
iter: 3
n_candidates: 2
n_resources: 162
Fitting 1 folds for each of 2 candidates, totalling 2 fits
      -> [KNN + SMOTE Set 1] Acc: 0.9967, F1: 0.9967, Time: 0.03s
n_iterations: 4
n_required_iterations: 4
n_possible_iterations: 8
min_resources_: 6
max_resources_: 27600
aggressive_elimination: False
factor: 3
----------
iter: 0
n_candidates: 50
n_resources: 6
Fitting 1 folds for each of 50 candidates, totalling 50 fits
----------
iter: 1
n_candidates: 17
n_resources: 18
Fitting 1 folds for each of 17 candidates, totalling 17 fits
----------
iter: 2
n_candidates: 6
n_resources: 54
Fitting 1 folds for each of 6 candidates, totalling 6 fits
----------
iter: 3
n_candidates: 2
n_resources: 162
Fitting 1 folds for each of 2 candidates, totalling 2 fits
      -> [RandomForest + SMOTE Set 1] Acc: 0.9717, F1: 0.9716, Time: 6.03s
n_iterations: 4
n_required_iterations: 4
n_possible_iterations: 8
min_resources_: 6
max_resources_: 27600
aggressive_elimination: False
factor: 3
----------
iter: 0
n_candidates: 50
n_resources: 6
Fitting 1 folds for each of 50 candidates, totalling 50 fits
----------
iter: 1
n_candidates: 17
n_resources: 18
Fitting 1 folds for each of 17 candidates, totalling 17 fits
----------
iter: 2
n_candidates: 6
n_resources: 54
Fitting 1 folds for each of 6 candidates, totalling 6 fits
----------
iter: 3
n_candidates: 2
n_resources: 162
Fitting 1 folds for each of 2 candidates, totalling 2 fits
      -> [LinearSVC + SMOTE Set 1] Acc: 0.8267, F1: 0.8086, Time: 0.17s
n_iterations: 4
n_required_iterations: 4
n_possible_iterations: 8
min_resources_: 6
max_resources_: 27600
aggressive_elimination: False
factor: 3
----------
iter: 0
n_candidates: 50
n_resources: 6
Fitting 1 folds for each of 50 candidates, totalling 50 fits
----------
iter: 1
n_candidates: 17
n_resources: 18
Fitting 1 folds for each of 17 candidates, totalling 17 fits
----------
iter: 2
n_candidates: 6
n_resources: 54
Fitting 1 folds for each of 6 candidates, totalling 6 fits
----------
iter: 3
n_candidates: 2
n_resources: 162
Fitting 1 folds for each of 2 candidates, totalling 2 fits
      -> [LogisticRegression + SMOTE Set 1] Acc: 0.8733, F1: 0.8653, Time: 0.43s
      -> [RNN + SMOTE Set 1] Acc: 0.6667, F1: 0.5417, Time: 3.64s
    [=== Generating 5x synthetic data with SMOTE (Set 2, Params: {'k_neighbors': 2}) ===]
n_iterations: 4
n_required_iterations: 4
n_possible_iterations: 8
min_resources_: 6
max_resources_: 27600
aggressive_elimination: False
factor: 3
----------
iter: 0
n_candidates: 50
n_resources: 6
Fitting 1 folds for each of 50 candidates, totalling 50 fits
----------
iter: 1
n_candidates: 17
n_resources: 18
Fitting 1 folds for each of 17 candidates, totalling 17 fits
----------
iter: 2
n_candidates: 6
n_resources: 54
Fitting 1 folds for each of 6 candidates, totalling 6 fits
----------
iter: 3
n_candidates: 2
n_resources: 162
Fitting 1 folds for each of 2 candidates, totalling 2 fits
      -> [KNN + SMOTE Set 2] Acc: 0.9217, F1: 0.9193, Time: 0.11s
n_iterations: 4
n_required_iterations: 4
n_possible_iterations: 8
min_resources_: 6
max_resources_: 27600
aggressive_elimination: False
factor: 3
----------
iter: 0
n_candidates: 50
n_resources: 6
Fitting 1 folds for each of 50 candidates, totalling 50 fits
----------
iter: 1
n_candidates: 17
n_resources: 18
Fitting 1 folds for each of 17 candidates, totalling 17 fits
----------
iter: 2
n_candidates: 6
n_resources: 54
Fitting 1 folds for each of 6 candidates, totalling 6 fits
----------
iter: 3
n_candidates: 2
n_resources: 162
Fitting 1 folds for each of 2 candidates, totalling 2 fits
      -> [RandomForest + SMOTE Set 2] Acc: 0.9667, F1: 0.9666, Time: 1.89s
n_iterations: 4
n_required_iterations: 4
n_possible_iterations: 8
min_resources_: 6
max_resources_: 27600
aggressive_elimination: False
factor: 3
----------
iter: 0
n_candidates: 50
n_resources: 6
Fitting 1 folds for each of 50 candidates, totalling 50 fits
----------
iter: 1
n_candidates: 17
n_resources: 18
Fitting 1 folds for each of 17 candidates, totalling 17 fits
----------
iter: 2
n_candidates: 6
n_resources: 54
Fitting 1 folds for each of 6 candidates, totalling 6 fits
----------
iter: 3
n_candidates: 2
n_resources: 162
Fitting 1 folds for each of 2 candidates, totalling 2 fits
      -> [LinearSVC + SMOTE Set 2] Acc: 0.8283, F1: 0.8107, Time: 0.18s
n_iterations: 4
n_required_iterations: 4
n_possible_iterations: 8
min_resources_: 6
max_resources_: 27600
aggressive_elimination: False
factor: 3
----------
iter: 0
n_candidates: 50
n_resources: 6
Fitting 1 folds for each of 50 candidates, totalling 50 fits
----------
iter: 1
n_candidates: 17
n_resources: 18
Fitting 1 folds for each of 17 candidates, totalling 17 fits
----------
iter: 2
n_candidates: 6
n_resources: 54
Fitting 1 folds for each of 6 candidates, totalling 6 fits
----------
iter: 3
n_candidates: 2
n_resources: 162
Fitting 1 folds for each of 2 candidates, totalling 2 fits
      -> [LogisticRegression + SMOTE Set 2] Acc: 0.8800, F1: 0.8730, Time: 0.69s
      -> [RNN + SMOTE Set 2] Acc: 0.8333, F1: 0.8175, Time: 5.39s
    [=== Generating 5x synthetic data with SMOTE (Set 3, Params: {'k_neighbors': 3}) ===]
n_iterations: 4
n_required_iterations: 4
n_possible_iterations: 8
min_resources_: 6
max_resources_: 27600
aggressive_elimination: False
factor: 3
----------
iter: 0
n_candidates: 50
n_resources: 6
Fitting 1 folds for each of 50 candidates, totalling 50 fits
----------
iter: 1
n_candidates: 17
n_resources: 18
Fitting 1 folds for each of 17 candidates, totalling 17 fits
----------
iter: 2
n_candidates: 6
n_resources: 54
Fitting 1 folds for each of 6 candidates, totalling 6 fits
----------
iter: 3
n_candidates: 2
n_resources: 162
Fitting 1 folds for each of 2 candidates, totalling 2 fits
      -> [KNN + SMOTE Set 3] Acc: 0.9183, F1: 0.9157, Time: 0.06s
n_iterations: 4
n_required_iterations: 4
n_possible_iterations: 8
min_resources_: 6
max_resources_: 27600
aggressive_elimination: False
factor: 3
----------
iter: 0
n_candidates: 50
n_resources: 6
Fitting 1 folds for each of 50 candidates, totalling 50 fits
----------
iter: 1
n_candidates: 17
n_resources: 18
Fitting 1 folds for each of 17 candidates, totalling 17 fits
----------
iter: 2
n_candidates: 6
n_resources: 54
Fitting 1 folds for each of 6 candidates, totalling 6 fits
----------
iter: 3
n_candidates: 2
n_resources: 162
Fitting 1 folds for each of 2 candidates, totalling 2 fits
      -> [RandomForest + SMOTE Set 3] Acc: 0.9983, F1: 0.9983, Time: 6.72s
n_iterations: 4
n_required_iterations: 4
n_possible_iterations: 8
min_resources_: 6
max_resources_: 27600
aggressive_elimination: False
factor: 3
----------
iter: 0
n_candidates: 50
n_resources: 6
Fitting 1 folds for each of 50 candidates, totalling 50 fits
----------
iter: 1
n_candidates: 17
n_resources: 18
Fitting 1 folds for each of 17 candidates, totalling 17 fits
----------
iter: 2
n_candidates: 6
n_resources: 54
Fitting 1 folds for each of 6 candidates, totalling 6 fits
----------
iter: 3
n_candidates: 2
n_resources: 162
Fitting 1 folds for each of 2 candidates, totalling 2 fits
      -> [LinearSVC + SMOTE Set 3] Acc: 0.8500, F1: 0.8380, Time: 0.25s
n_iterations: 4
n_required_iterations: 4
n_possible_iterations: 8
min_resources_: 6
max_resources_: 27600
aggressive_elimination: False
factor: 3
----------
iter: 0
n_candidates: 50
n_resources: 6
Fitting 1 folds for each of 50 candidates, totalling 50 fits
----------
iter: 1
n_candidates: 17
n_resources: 18
Fitting 1 folds for each of 17 candidates, totalling 17 fits
----------
iter: 2
n_candidates: 6
n_resources: 54
Fitting 1 folds for each of 6 candidates, totalling 6 fits
----------
iter: 3
n_candidates: 2
n_resources: 162
Fitting 1 folds for each of 2 candidates, totalling 2 fits
      -> [LogisticRegression + SMOTE Set 3] Acc: 0.8883, F1: 0.8830, Time: 0.65s
      -> [RNN + SMOTE Set 3] Acc: 1.0000, F1: 1.0000, Time: 4.96s
    [=== Generating 5x synthetic data with SMOTE (Set 4, Params: {'k_neighbors': 4}) ===]
n_iterations: 4
n_required_iterations: 4
n_possible_iterations: 8
min_resources_: 6
max_resources_: 27600
aggressive_elimination: False
factor: 3
----------
iter: 0
n_candidates: 50
n_resources: 6
Fitting 1 folds for each of 50 candidates, totalling 50 fits
----------
iter: 1
n_candidates: 17
n_resources: 18
Fitting 1 folds for each of 17 candidates, totalling 17 fits
----------
iter: 2
n_candidates: 6
n_resources: 54
Fitting 1 folds for each of 6 candidates, totalling 6 fits
----------
iter: 3
n_candidates: 2
n_resources: 162
Fitting 1 folds for each of 2 candidates, totalling 2 fits
      -> [KNN + SMOTE Set 4] Acc: 0.9167, F1: 0.9139, Time: 0.05s
n_iterations: 4
n_required_iterations: 4
n_possible_iterations: 8
min_resources_: 6
max_resources_: 27600
aggressive_elimination: False
factor: 3
----------
iter: 0
n_candidates: 50
n_resources: 6
Fitting 1 folds for each of 50 candidates, totalling 50 fits
----------
iter: 1
n_candidates: 17
n_resources: 18
Fitting 1 folds for each of 17 candidates, totalling 17 fits
----------
iter: 2
n_candidates: 6
n_resources: 54
Fitting 1 folds for each of 6 candidates, totalling 6 fits
----------
iter: 3
n_candidates: 2
n_resources: 162
Fitting 1 folds for each of 2 candidates, totalling 2 fits
      -> [RandomForest + SMOTE Set 4] Acc: 0.9667, F1: 0.9666, Time: 6.82s
n_iterations: 4
n_required_iterations: 4
n_possible_iterations: 8
min_resources_: 6
max_resources_: 27600
aggressive_elimination: False
factor: 3
----------
iter: 0
n_candidates: 50
n_resources: 6
Fitting 1 folds for each of 50 candidates, totalling 50 fits
----------
iter: 1
n_candidates: 17
n_resources: 18
Fitting 1 folds for each of 17 candidates, totalling 17 fits
----------
iter: 2
n_candidates: 6
n_resources: 54
Fitting 1 folds for each of 6 candidates, totalling 6 fits
----------
iter: 3
n_candidates: 2
n_resources: 162
Fitting 1 folds for each of 2 candidates, totalling 2 fits
      -> [LinearSVC + SMOTE Set 4] Acc: 0.8317, F1: 0.8154, Time: 0.19s
n_iterations: 4
n_required_iterations: 4
n_possible_iterations: 8
min_resources_: 6
max_resources_: 27600
aggressive_elimination: False
factor: 3
----------
iter: 0
n_candidates: 50
n_resources: 6
Fitting 1 folds for each of 50 candidates, totalling 50 fits
----------
iter: 1
n_candidates: 17
n_resources: 18
Fitting 1 folds for each of 17 candidates, totalling 17 fits
----------
iter: 2
n_candidates: 6
n_resources: 54
Fitting 1 folds for each of 6 candidates, totalling 6 fits
----------
iter: 3
n_candidates: 2
n_resources: 162
Fitting 1 folds for each of 2 candidates, totalling 2 fits
      -> [LogisticRegression + SMOTE Set 4] Acc: 0.8900, F1: 0.8846, Time: 0.51s
      -> [RNN + SMOTE Set 4] Acc: 0.8333, F1: 0.7667, Time: 4.67s
    [=== Generating 5x synthetic data with SMOTE (Set 5, Params: {'k_neighbors': 5}) ===]
n_iterations: 4
n_required_iterations: 4
n_possible_iterations: 8
min_resources_: 6
max_resources_: 27600
aggressive_elimination: False
factor: 3
----------
iter: 0
n_candidates: 50
n_resources: 6
Fitting 1 folds for each of 50 candidates, totalling 50 fits
----------
iter: 1
n_candidates: 17
n_resources: 18
Fitting 1 folds for each of 17 candidates, totalling 17 fits
----------
iter: 2
n_candidates: 6
n_resources: 54
Fitting 1 folds for each of 6 candidates, totalling 6 fits
----------
iter: 3
n_candidates: 2
n_resources: 162
Fitting 1 folds for each of 2 candidates, totalling 2 fits
      -> [KNN + SMOTE Set 5] Acc: 0.9733, F1: 0.9731, Time: 0.04s
n_iterations: 4
n_required_iterations: 4
n_possible_iterations: 8
min_resources_: 6
max_resources_: 27600
aggressive_elimination: False
factor: 3
----------
iter: 0
n_candidates: 50
n_resources: 6
Fitting 1 folds for each of 50 candidates, totalling 50 fits
----------
iter: 1
n_candidates: 17
n_resources: 18
Fitting 1 folds for each of 17 candidates, totalling 17 fits
----------
iter: 2
n_candidates: 6
n_resources: 54
Fitting 1 folds for each of 6 candidates, totalling 6 fits
----------
iter: 3
n_candidates: 2
n_resources: 162
Fitting 1 folds for each of 2 candidates, totalling 2 fits
      -> [RandomForest + SMOTE Set 5] Acc: 0.9867, F1: 0.9866, Time: 2.33s
n_iterations: 4
n_required_iterations: 4
n_possible_iterations: 8
min_resources_: 6
max_resources_: 27600
aggressive_elimination: False
factor: 3
----------
iter: 0
n_candidates: 50
n_resources: 6
Fitting 1 folds for each of 50 candidates, totalling 50 fits
----------
iter: 1
n_candidates: 17
n_resources: 18
Fitting 1 folds for each of 17 candidates, totalling 17 fits
----------
iter: 2
n_candidates: 6
n_resources: 54
Fitting 1 folds for each of 6 candidates, totalling 6 fits
----------
iter: 3
n_candidates: 2
n_resources: 162
Fitting 1 folds for each of 2 candidates, totalling 2 fits
      -> [LinearSVC + SMOTE Set 5] Acc: 0.8317, F1: 0.8154, Time: 0.22s
n_iterations: 4
n_required_iterations: 4
n_possible_iterations: 8
min_resources_: 6
max_resources_: 27600
aggressive_elimination: False
factor: 3
----------
iter: 0
n_candidates: 50
n_resources: 6
Fitting 1 folds for each of 50 candidates, totalling 50 fits
----------
iter: 1
n_candidates: 17
n_resources: 18
Fitting 1 folds for each of 17 candidates, totalling 17 fits
----------
iter: 2
n_candidates: 6
n_resources: 54
Fitting 1 folds for each of 6 candidates, totalling 6 fits
----------
iter: 3
n_candidates: 2
n_resources: 162
Fitting 1 folds for each of 2 candidates, totalling 2 fits
      -> [LogisticRegression + SMOTE Set 5] Acc: 0.8867, F1: 0.8808, Time: 0.83s
      -> [RNN + SMOTE Set 5] Acc: 1.0000, F1: 1.0000, Time: 5.03s
    [=== Generating 10x synthetic data with SMOTE (Set 1, Params: {'k_neighbors': 1}) ===]
n_iterations: 4
n_required_iterations: 4
n_possible_iterations: 9
min_resources_: 6
max_resources_: 50600
aggressive_elimination: False
factor: 3
----------
iter: 0
n_candidates: 50
n_resources: 6
Fitting 1 folds for each of 50 candidates, totalling 50 fits
      -> [KNN + SMOTE Set 1] Acc: 0.9733, F1: 0.9731, Time: 0.20s
n_iterations: 4
n_required_iterations: 4
n_possible_iterations: 9
min_resources_: 6
max_resources_: 50600
aggressive_elimination: False
factor: 3
----------
iter: 0
n_candidates: 50
n_resources: 6
Fitting 1 folds for each of 50 candidates, totalling 50 fits
      -> [RandomForest + SMOTE Set 1] Acc: 0.9767, F1: 0.9766, Time: 8.44s
n_iterations: 4
n_required_iterations: 4
n_possible_iterations: 9
min_resources_: 6
max_resources_: 50600
aggressive_elimination: False
factor: 3
----------
iter: 0
n_candidates: 50
n_resources: 6
Fitting 1 folds for each of 50 candidates, totalling 50 fits
      -> [LinearSVC + SMOTE Set 1] Acc: 0.8483, F1: 0.8360, Time: 0.21s
n_iterations: 4
n_required_iterations: 4
n_possible_iterations: 9
min_resources_: 6
max_resources_: 50600
aggressive_elimination: False
factor: 3
----------
iter: 0
n_candidates: 50
n_resources: 6
Fitting 1 folds for each of 50 candidates, totalling 50 fits
      -> [LogisticRegression + SMOTE Set 1] Acc: 0.8767, F1: 0.8693, Time: 2.23s
      -> [RNN + SMOTE Set 1] Acc: 1.0000, F1: 1.0000, Time: 10.89s
    [=== Generating 10x synthetic data with SMOTE (Set 2, Params: {'k_neighbors': 2}) ===]
n_iterations: 4
n_required_iterations: 4
n_possible_iterations: 9
min_resources_: 6
max_resources_: 50600
aggressive_elimination: False
factor: 3
----------
iter: 0
n_candidates: 50
n_resources: 6
Fitting 1 folds for each of 50 candidates, totalling 50 fits
      -> [KNN + SMOTE Set 2] Acc: 0.9733, F1: 0.9731, Time: 0.10s
n_iterations: 4
n_required_iterations: 4
n_possible_iterations: 9
min_resources_: 6
max_resources_: 50600
aggressive_elimination: False
factor: 3
----------
iter: 0
n_candidates: 50
n_resources: 6
Fitting 1 folds for each of 50 candidates, totalling 50 fits
      -> [RandomForest + SMOTE Set 2] Acc: 0.9783, F1: 0.9782, Time: 7.66s
n_iterations: 4
n_required_iterations: 4
n_possible_iterations: 9
min_resources_: 6
max_resources_: 50600
aggressive_elimination: False
factor: 3
----------
iter: 0
n_candidates: 50
n_resources: 6
Fitting 1 folds for each of 50 candidates, totalling 50 fits
      -> [LinearSVC + SMOTE Set 2] Acc: 0.8567, F1: 0.8457, Time: 0.16s
n_iterations: 4
n_required_iterations: 4
n_possible_iterations: 9
min_resources_: 6
max_resources_: 50600
aggressive_elimination: False
factor: 3
----------
iter: 0
n_candidates: 50
n_resources: 6
Fitting 1 folds for each of 50 candidates, totalling 50 fits
      -> [LogisticRegression + SMOTE Set 2] Acc: 0.8867, F1: 0.8807, Time: 1.42s
      -> [RNN + SMOTE Set 2] Acc: 1.0000, F1: 1.0000, Time: 9.44s
    [=== Generating 10x synthetic data with SMOTE (Set 3, Params: {'k_neighbors': 3}) ===]
n_iterations: 4
n_required_iterations: 4
n_possible_iterations: 9
min_resources_: 6
max_resources_: 50600
aggressive_elimination: False
factor: 3
----------
iter: 0
n_candidates: 50
n_resources: 6
Fitting 1 folds for each of 50 candidates, totalling 50 fits
      -> [KNN + SMOTE Set 3] Acc: 0.9733, F1: 0.9731, Time: 0.10s
n_iterations: 4
n_required_iterations: 4
n_possible_iterations: 9
min_resources_: 6
max_resources_: 50600
aggressive_elimination: False
factor: 3
----------
iter: 0
n_candidates: 50
n_resources: 6
Fitting 1 folds for each of 50 candidates, totalling 50 fits
      -> [RandomForest + SMOTE Set 3] Acc: 0.9883, F1: 0.9883, Time: 9.18s
n_iterations: 4
n_required_iterations: 4
n_possible_iterations: 9
min_resources_: 6
max_resources_: 50600
aggressive_elimination: False
factor: 3
----------
iter: 0
n_candidates: 50
n_resources: 6
Fitting 1 folds for each of 50 candidates, totalling 50 fits
      -> [LinearSVC + SMOTE Set 3] Acc: 0.8733, F1: 0.8656, Time: 0.18s
n_iterations: 4
n_required_iterations: 4
n_possible_iterations: 9
min_resources_: 6
max_resources_: 50600
aggressive_elimination: False
factor: 3
----------
iter: 0
n_candidates: 50
n_resources: 6
Fitting 1 folds for each of 50 candidates, totalling 50 fits
      -> [LogisticRegression + SMOTE Set 3] Acc: 0.8917, F1: 0.8863, Time: 1.35s
      -> [RNN + SMOTE Set 3] Acc: 1.0000, F1: 1.0000, Time: 10.94s
    [=== Generating 10x synthetic data with SMOTE (Set 4, Params: {'k_neighbors': 4}) ===]
n_iterations: 4
n_required_iterations: 4
n_possible_iterations: 9
min_resources_: 6
max_resources_: 50600
aggressive_elimination: False
factor: 3
----------
iter: 0
n_candidates: 50
n_resources: 6
Fitting 1 folds for each of 50 candidates, totalling 50 fits
      -> [KNN + SMOTE Set 4] Acc: 0.9733, F1: 0.9731, Time: 0.08s
n_iterations: 4
n_required_iterations: 4
n_possible_iterations: 9
min_resources_: 6
max_resources_: 50600
aggressive_elimination: False
factor: 3
----------
iter: 0
n_candidates: 50
n_resources: 6
Fitting 1 folds for each of 50 candidates, totalling 50 fits
      -> [RandomForest + SMOTE Set 4] Acc: 0.9683, F1: 0.9683, Time: 7.92s
n_iterations: 4
n_required_iterations: 4
n_possible_iterations: 9
min_resources_: 6
max_resources_: 50600
aggressive_elimination: False
factor: 3
----------
iter: 0
n_candidates: 50
n_resources: 6
Fitting 1 folds for each of 50 candidates, totalling 50 fits
      -> [LinearSVC + SMOTE Set 4] Acc: 0.8683, F1: 0.8596, Time: 0.16s
n_iterations: 4
n_required_iterations: 4
n_possible_iterations: 9
min_resources_: 6
max_resources_: 50600
aggressive_elimination: False
factor: 3
----------
iter: 0
n_candidates: 50
n_resources: 6
Fitting 1 folds for each of 50 candidates, totalling 50 fits
      -> [LogisticRegression + SMOTE Set 4] Acc: 0.8883, F1: 0.8823, Time: 1.53s
      -> [RNN + SMOTE Set 4] Acc: 1.0000, F1: 1.0000, Time: 10.86s
    [=== Generating 10x synthetic data with SMOTE (Set 5, Params: {'k_neighbors': 5}) ===]
n_iterations: 4
n_required_iterations: 4
n_possible_iterations: 9
min_resources_: 6
max_resources_: 50600
aggressive_elimination: False
factor: 3
----------
iter: 0
n_candidates: 50
n_resources: 6
Fitting 1 folds for each of 50 candidates, totalling 50 fits
      -> [KNN + SMOTE Set 5] Acc: 0.9733, F1: 0.9731, Time: 0.10s
n_iterations: 4
n_required_iterations: 4
n_possible_iterations: 9
min_resources_: 6
max_resources_: 50600
aggressive_elimination: False
factor: 3
----------
iter: 0
n_candidates: 50
n_resources: 6
Fitting 1 folds for each of 50 candidates, totalling 50 fits
      -> [RandomForest + SMOTE Set 5] Acc: 0.9767, F1: 0.9766, Time: 9.33s
n_iterations: 4
n_required_iterations: 4
n_possible_iterations: 9
min_resources_: 6
max_resources_: 50600
aggressive_elimination: False
factor: 3
----------
iter: 0
n_candidates: 50
n_resources: 6
Fitting 1 folds for each of 50 candidates, totalling 50 fits
      -> [LinearSVC + SMOTE Set 5] Acc: 0.8500, F1: 0.8380, Time: 0.18s
n_iterations: 4
n_required_iterations: 4
n_possible_iterations: 9
min_resources_: 6
max_resources_: 50600
aggressive_elimination: False
factor: 3
----------
iter: 0
n_candidates: 50
n_resources: 6
Fitting 1 folds for each of 50 candidates, totalling 50 fits
      -> [LogisticRegression + SMOTE Set 5] Acc: 0.8850, F1: 0.8789, Time: 2.52s
      -> [RNN + SMOTE Set 5] Acc: 1.0000, F1: 1.0000, Time: 12.89s

    >> Seed Fold Selection: 4/10
    Evaluating Model: KNN
      -> [Baseline] Acc: 0.9767, F1: 0.9765, Time: 0.04s
      HP Tuning KNN...
n_iterations: 4
n_required_iterations: 4
n_possible_iterations: 5
min_resources_: 30
max_resources_: 4600
aggressive_elimination: False
factor: 3
----------
iter: 0
n_candidates: 50
n_resources: 30
Fitting 5 folds for each of 50 candidates, totalling 250 fits
----------
iter: 1
n_candidates: 17
n_resources: 90
Fitting 5 folds for each of 17 candidates, totalling 85 fits
----------
iter: 2
n_candidates: 6
n_resources: 270
Fitting 5 folds for each of 6 candidates, totalling 30 fits
----------
iter: 3
n_candidates: 2
n_resources: 810
Fitting 5 folds for each of 2 candidates, totalling 10 fits
      -> [Tuned_Baseline] Acc: 0.9850, F1: 0.9849, Time: 0.01s
    Evaluating Model: RandomForest
      -> [Baseline] Acc: 0.9883, F1: 0.9884, Time: 0.83s
      HP Tuning RandomForest...
n_iterations: 4
n_required_iterations: 4
n_possible_iterations: 5
min_resources_: 30
max_resources_: 4600
aggressive_elimination: False
factor: 3
----------
iter: 0
n_candidates: 50
n_resources: 30
Fitting 5 folds for each of 50 candidates, totalling 250 fits
----------
iter: 1
n_candidates: 17
n_resources: 90
Fitting 5 folds for each of 17 candidates, totalling 85 fits
----------
iter: 2
n_candidates: 6
n_resources: 270
Fitting 5 folds for each of 6 candidates, totalling 30 fits
----------
iter: 3
n_candidates: 2
n_resources: 810
Fitting 5 folds for each of 2 candidates, totalling 10 fits
      -> [Tuned_Baseline] Acc: 0.9517, F1: 0.9518, Time: 0.00s
    Evaluating Model: LinearSVC
      -> [Baseline] Acc: 0.8600, F1: 0.8504, Time: 0.01s
      HP Tuning LinearSVC...
n_iterations: 4
n_required_iterations: 4
n_possible_iterations: 5
min_resources_: 30
max_resources_: 4600
aggressive_elimination: False
factor: 3
----------
iter: 0
n_candidates: 50
n_resources: 30
Fitting 5 folds for each of 50 candidates, totalling 250 fits
----------
iter: 1
n_candidates: 17
n_resources: 90
Fitting 5 folds for each of 17 candidates, totalling 85 fits
----------
iter: 2
n_candidates: 6
n_resources: 270
Fitting 5 folds for each of 6 candidates, totalling 30 fits
----------
iter: 3
n_candidates: 2
n_resources: 810
Fitting 5 folds for each of 2 candidates, totalling 10 fits
      -> [Tuned_Baseline] Acc: 0.8633, F1: 0.8543, Time: 0.00s
    Evaluating Model: LogisticRegression
      -> [Baseline] Acc: 0.8750, F1: 0.8678, Time: 0.08s
      HP Tuning LogisticRegression...
n_iterations: 4
n_required_iterations: 4
n_possible_iterations: 5
min_resources_: 30
max_resources_: 4600
aggressive_elimination: False
factor: 3
----------
iter: 0
n_candidates: 50
n_resources: 30
Fitting 5 folds for each of 50 candidates, totalling 250 fits
----------
iter: 1
n_candidates: 17
n_resources: 90
Fitting 5 folds for each of 17 candidates, totalling 85 fits
----------
iter: 2
n_candidates: 6
n_resources: 270
Fitting 5 folds for each of 6 candidates, totalling 30 fits
----------
iter: 3
n_candidates: 2
n_resources: 810
Fitting 5 folds for each of 2 candidates, totalling 10 fits
      -> [Tuned_Baseline] Acc: 0.8833, F1: 0.8773, Time: 0.00s
    Evaluating Model: RNN
      -> [Baseline] Acc: 0.8333, F1: 0.7667, Time: 1.05s
      HP Tuning RNN...
n_iterations: 2
n_required_iterations: 2
n_possible_iterations: 2
min_resources_: 10
max_resources_: 46
aggressive_elimination: False
factor: 3
----------
iter: 0
n_candidates: 4
n_resources: 10
Fitting 5 folds for each of 4 candidates, totalling 20 fits
----------
iter: 1
n_candidates: 2
n_resources: 30
Fitting 5 folds for each of 2 candidates, totalling 10 fits
      -> [Tuned_Baseline] Acc: 0.8333, F1: 0.7667, Time: 0.02s
    [=== Generating 2x synthetic data with SMOTE (Set 1, Params: {'k_neighbors': 1}) ===]
n_iterations: 4
n_required_iterations: 4
n_possible_iterations: 8
min_resources_: 6
max_resources_: 13800
aggressive_elimination: False
factor: 3
----------
iter: 0
n_candidates: 50
n_resources: 6
Fitting 1 folds for each of 50 candidates, totalling 50 fits
----------
iter: 1
n_candidates: 17
n_resources: 18
Fitting 1 folds for each of 17 candidates, totalling 17 fits
----------
iter: 2
n_candidates: 6
n_resources: 54
Fitting 1 folds for each of 6 candidates, totalling 6 fits
----------
iter: 3
n_candidates: 2
n_resources: 162
Fitting 1 folds for each of 2 candidates, totalling 2 fits
      -> [KNN + SMOTE Set 1] Acc: 0.9850, F1: 0.9849, Time: 0.02s
n_iterations: 4
n_required_iterations: 4
n_possible_iterations: 8
min_resources_: 6
max_resources_: 13800
aggressive_elimination: False
factor: 3
----------
iter: 0
n_candidates: 50
n_resources: 6
Fitting 1 folds for each of 50 candidates, totalling 50 fits
----------
iter: 1
n_candidates: 17
n_resources: 18
Fitting 1 folds for each of 17 candidates, totalling 17 fits
----------
iter: 2
n_candidates: 6
n_resources: 54
Fitting 1 folds for each of 6 candidates, totalling 6 fits
----------
iter: 3
n_candidates: 2
n_resources: 162
Fitting 1 folds for each of 2 candidates, totalling 2 fits
      -> [RandomForest + SMOTE Set 1] Acc: 0.9600, F1: 0.9600, Time: 2.42s
n_iterations: 4
n_required_iterations: 4
n_possible_iterations: 8
min_resources_: 6
max_resources_: 13800
aggressive_elimination: False
factor: 3
----------
iter: 0
n_candidates: 50
n_resources: 6
Fitting 1 folds for each of 50 candidates, totalling 50 fits
----------
iter: 1
n_candidates: 17
n_resources: 18
Fitting 1 folds for each of 17 candidates, totalling 17 fits
----------
iter: 2
n_candidates: 6
n_resources: 54
Fitting 1 folds for each of 6 candidates, totalling 6 fits
----------
iter: 3
n_candidates: 2
n_resources: 162
Fitting 1 folds for each of 2 candidates, totalling 2 fits
      -> [LinearSVC + SMOTE Set 1] Acc: 0.8567, F1: 0.8460, Time: 0.04s
n_iterations: 4
n_required_iterations: 4
n_possible_iterations: 8
min_resources_: 6
max_resources_: 13800
aggressive_elimination: False
factor: 3
----------
iter: 0
n_candidates: 50
n_resources: 6
Fitting 1 folds for each of 50 candidates, totalling 50 fits
----------
iter: 1
n_candidates: 17
n_resources: 18
Fitting 1 folds for each of 17 candidates, totalling 17 fits
----------
iter: 2
n_candidates: 6
n_resources: 54
Fitting 1 folds for each of 6 candidates, totalling 6 fits
----------
iter: 3
n_candidates: 2
n_resources: 162
Fitting 1 folds for each of 2 candidates, totalling 2 fits
      -> [LogisticRegression + SMOTE Set 1] Acc: 0.8717, F1: 0.8640, Time: 0.23s
      -> [RNN + SMOTE Set 1] Acc: 0.6667, F1: 0.5952, Time: 1.85s
    [=== Generating 2x synthetic data with SMOTE (Set 2, Params: {'k_neighbors': 2}) ===]
n_iterations: 4
n_required_iterations: 4
n_possible_iterations: 8
min_resources_: 6
max_resources_: 13800
aggressive_elimination: False
factor: 3
----------
iter: 0
n_candidates: 50
n_resources: 6
Fitting 1 folds for each of 50 candidates, totalling 50 fits
----------
iter: 1
n_candidates: 17
n_resources: 18
Fitting 1 folds for each of 17 candidates, totalling 17 fits
----------
iter: 2
n_candidates: 6
n_resources: 54
Fitting 1 folds for each of 6 candidates, totalling 6 fits
----------
iter: 3
n_candidates: 2
n_resources: 162
Fitting 1 folds for each of 2 candidates, totalling 2 fits
      -> [KNN + SMOTE Set 2] Acc: 0.9850, F1: 0.9849, Time: 0.01s
n_iterations: 4
n_required_iterations: 4
n_possible_iterations: 8
min_resources_: 6
max_resources_: 13800
aggressive_elimination: False
factor: 3
----------
iter: 0
n_candidates: 50
n_resources: 6
Fitting 1 folds for each of 50 candidates, totalling 50 fits
----------
iter: 1
n_candidates: 17
n_resources: 18
Fitting 1 folds for each of 17 candidates, totalling 17 fits
----------
iter: 2
n_candidates: 6
n_resources: 54
Fitting 1 folds for each of 6 candidates, totalling 6 fits
----------
iter: 3
n_candidates: 2
n_resources: 162
Fitting 1 folds for each of 2 candidates, totalling 2 fits
      -> [RandomForest + SMOTE Set 2] Acc: 0.9750, F1: 0.9751, Time: 0.63s
n_iterations: 4
n_required_iterations: 4
n_possible_iterations: 8
min_resources_: 6
max_resources_: 13800
aggressive_elimination: False
factor: 3
----------
iter: 0
n_candidates: 50
n_resources: 6
Fitting 1 folds for each of 50 candidates, totalling 50 fits
----------
iter: 1
n_candidates: 17
n_resources: 18
Fitting 1 folds for each of 17 candidates, totalling 17 fits
----------
iter: 2
n_candidates: 6
n_resources: 54
Fitting 1 folds for each of 6 candidates, totalling 6 fits
----------
iter: 3
n_candidates: 2
n_resources: 162
Fitting 1 folds for each of 2 candidates, totalling 2 fits
      -> [LinearSVC + SMOTE Set 2] Acc: 0.7600, F1: 0.7214, Time: 0.01s
n_iterations: 4
n_required_iterations: 4
n_possible_iterations: 8
min_resources_: 6
max_resources_: 13800
aggressive_elimination: False
factor: 3
----------
iter: 0
n_candidates: 50
n_resources: 6
Fitting 1 folds for each of 50 candidates, totalling 50 fits
----------
iter: 1
n_candidates: 17
n_resources: 18
Fitting 1 folds for each of 17 candidates, totalling 17 fits
----------
iter: 2
n_candidates: 6
n_resources: 54
Fitting 1 folds for each of 6 candidates, totalling 6 fits
----------
iter: 3
n_candidates: 2
n_resources: 162
Fitting 1 folds for each of 2 candidates, totalling 2 fits
      -> [LogisticRegression + SMOTE Set 2] Acc: 0.8167, F1: 0.7977, Time: 0.03s
      -> [RNN + SMOTE Set 2] Acc: 0.6667, F1: 0.5952, Time: 1.98s
    [=== Generating 2x synthetic data with SMOTE (Set 3, Params: {'k_neighbors': 3}) ===]
n_iterations: 4
n_required_iterations: 4
n_possible_iterations: 8
min_resources_: 6
max_resources_: 13800
aggressive_elimination: False
factor: 3
----------
iter: 0
n_candidates: 50
n_resources: 6
Fitting 1 folds for each of 50 candidates, totalling 50 fits
----------
iter: 1
n_candidates: 17
n_resources: 18
Fitting 1 folds for each of 17 candidates, totalling 17 fits
----------
iter: 2
n_candidates: 6
n_resources: 54
Fitting 1 folds for each of 6 candidates, totalling 6 fits
----------
iter: 3
n_candidates: 2
n_resources: 162
Fitting 1 folds for each of 2 candidates, totalling 2 fits
      -> [KNN + SMOTE Set 3] Acc: 0.9767, F1: 0.9765, Time: 0.02s
n_iterations: 4
n_required_iterations: 4
n_possible_iterations: 8
min_resources_: 6
max_resources_: 13800
aggressive_elimination: False
factor: 3
----------
iter: 0
n_candidates: 50
n_resources: 6
Fitting 1 folds for each of 50 candidates, totalling 50 fits
----------
iter: 1
n_candidates: 17
n_resources: 18
Fitting 1 folds for each of 17 candidates, totalling 17 fits
----------
iter: 2
n_candidates: 6
n_resources: 54
Fitting 1 folds for each of 6 candidates, totalling 6 fits
----------
iter: 3
n_candidates: 2
n_resources: 162
Fitting 1 folds for each of 2 candidates, totalling 2 fits
      -> [RandomForest + SMOTE Set 3] Acc: 0.9750, F1: 0.9751, Time: 2.59s
n_iterations: 4
n_required_iterations: 4
n_possible_iterations: 8
min_resources_: 6
max_resources_: 13800
aggressive_elimination: False
factor: 3
----------
iter: 0
n_candidates: 50
n_resources: 6
Fitting 1 folds for each of 50 candidates, totalling 50 fits
----------
iter: 1
n_candidates: 17
n_resources: 18
Fitting 1 folds for each of 17 candidates, totalling 17 fits
----------
iter: 2
n_candidates: 6
n_resources: 54
Fitting 1 folds for each of 6 candidates, totalling 6 fits
----------
iter: 3
n_candidates: 2
n_resources: 162
Fitting 1 folds for each of 2 candidates, totalling 2 fits
      -> [LinearSVC + SMOTE Set 3] Acc: 0.8317, F1: 0.8154, Time: 0.08s
n_iterations: 4
n_required_iterations: 4
n_possible_iterations: 8
min_resources_: 6
max_resources_: 13800
aggressive_elimination: False
factor: 3
----------
iter: 0
n_candidates: 50
n_resources: 6
Fitting 1 folds for each of 50 candidates, totalling 50 fits
----------
iter: 1
n_candidates: 17
n_resources: 18
Fitting 1 folds for each of 17 candidates, totalling 17 fits
----------
iter: 2
n_candidates: 6
n_resources: 54
Fitting 1 folds for each of 6 candidates, totalling 6 fits
----------
iter: 3
n_candidates: 2
n_resources: 162
Fitting 1 folds for each of 2 candidates, totalling 2 fits
      -> [LogisticRegression + SMOTE Set 3] Acc: 0.8867, F1: 0.8808, Time: 0.25s
      -> [RNN + SMOTE Set 3] Acc: 0.8333, F1: 0.7667, Time: 2.67s
    [=== Generating 2x synthetic data with SMOTE (Set 4, Params: {'k_neighbors': 4}) ===]
n_iterations: 4
n_required_iterations: 4
n_possible_iterations: 8
min_resources_: 6
max_resources_: 13800
aggressive_elimination: False
factor: 3
----------
iter: 0
n_candidates: 50
n_resources: 6
Fitting 1 folds for each of 50 candidates, totalling 50 fits
----------
iter: 1
n_candidates: 17
n_resources: 18
Fitting 1 folds for each of 17 candidates, totalling 17 fits
----------
iter: 2
n_candidates: 6
n_resources: 54
Fitting 1 folds for each of 6 candidates, totalling 6 fits
----------
iter: 3
n_candidates: 2
n_resources: 162
Fitting 1 folds for each of 2 candidates, totalling 2 fits
      -> [KNN + SMOTE Set 4] Acc: 0.9767, F1: 0.9765, Time: 0.02s
n_iterations: 4
n_required_iterations: 4
n_possible_iterations: 8
min_resources_: 6
max_resources_: 13800
aggressive_elimination: False
factor: 3
----------
iter: 0
n_candidates: 50
n_resources: 6
Fitting 1 folds for each of 50 candidates, totalling 50 fits
----------
iter: 1
n_candidates: 17
n_resources: 18
Fitting 1 folds for each of 17 candidates, totalling 17 fits
----------
iter: 2
n_candidates: 6
n_resources: 54
Fitting 1 folds for each of 6 candidates, totalling 6 fits
----------
iter: 3
n_candidates: 2
n_resources: 162
Fitting 1 folds for each of 2 candidates, totalling 2 fits
      -> [RandomForest + SMOTE Set 4] Acc: 0.9850, F1: 0.9850, Time: 0.71s
n_iterations: 4
n_required_iterations: 4
n_possible_iterations: 8
min_resources_: 6
max_resources_: 13800
aggressive_elimination: False
factor: 3
----------
iter: 0
n_candidates: 50
n_resources: 6
Fitting 1 folds for each of 50 candidates, totalling 50 fits
----------
iter: 1
n_candidates: 17
n_resources: 18
Fitting 1 folds for each of 17 candidates, totalling 17 fits
----------
iter: 2
n_candidates: 6
n_resources: 54
Fitting 1 folds for each of 6 candidates, totalling 6 fits
----------
iter: 3
n_candidates: 2
n_resources: 162
Fitting 1 folds for each of 2 candidates, totalling 2 fits
      -> [LinearSVC + SMOTE Set 4] Acc: 0.8417, F1: 0.8278, Time: 0.03s
n_iterations: 4
n_required_iterations: 4
n_possible_iterations: 8
min_resources_: 6
max_resources_: 13800
aggressive_elimination: False
factor: 3
----------
iter: 0
n_candidates: 50
n_resources: 6
Fitting 1 folds for each of 50 candidates, totalling 50 fits
----------
iter: 1
n_candidates: 17
n_resources: 18
Fitting 1 folds for each of 17 candidates, totalling 17 fits
----------
iter: 2
n_candidates: 6
n_resources: 54
Fitting 1 folds for each of 6 candidates, totalling 6 fits
----------
iter: 3
n_candidates: 2
n_resources: 162
Fitting 1 folds for each of 2 candidates, totalling 2 fits
      -> [LogisticRegression + SMOTE Set 4] Acc: 0.8867, F1: 0.8811, Time: 0.22s
      -> [RNN + SMOTE Set 4] Acc: 0.6667, F1: 0.5952, Time: 1.86s
    [=== Generating 2x synthetic data with SMOTE (Set 5, Params: {'k_neighbors': 5}) ===]
n_iterations: 4
n_required_iterations: 4
n_possible_iterations: 8
min_resources_: 6
max_resources_: 13800
aggressive_elimination: False
factor: 3
----------
iter: 0
n_candidates: 50
n_resources: 6
Fitting 1 folds for each of 50 candidates, totalling 50 fits
----------
iter: 1
n_candidates: 17
n_resources: 18
Fitting 1 folds for each of 17 candidates, totalling 17 fits
----------
iter: 2
n_candidates: 6
n_resources: 54
Fitting 1 folds for each of 6 candidates, totalling 6 fits
----------
iter: 3
n_candidates: 2
n_resources: 162
Fitting 1 folds for each of 2 candidates, totalling 2 fits
      -> [KNN + SMOTE Set 5] Acc: 0.9767, F1: 0.9765, Time: 0.01s
n_iterations: 4
n_required_iterations: 4
n_possible_iterations: 8
min_resources_: 6
max_resources_: 13800
aggressive_elimination: False
factor: 3
----------
iter: 0
n_candidates: 50
n_resources: 6
Fitting 1 folds for each of 50 candidates, totalling 50 fits
----------
iter: 1
n_candidates: 17
n_resources: 18
Fitting 1 folds for each of 17 candidates, totalling 17 fits
----------
iter: 2
n_candidates: 6
n_resources: 54
Fitting 1 folds for each of 6 candidates, totalling 6 fits
----------
iter: 3
n_candidates: 2
n_resources: 162
Fitting 1 folds for each of 2 candidates, totalling 2 fits
      -> [RandomForest + SMOTE Set 5] Acc: 0.9333, F1: 0.9338, Time: 1.55s
n_iterations: 4
n_required_iterations: 4
n_possible_iterations: 8
min_resources_: 6
max_resources_: 13800
aggressive_elimination: False
factor: 3
----------
iter: 0
n_candidates: 50
n_resources: 6
Fitting 1 folds for each of 50 candidates, totalling 50 fits
----------
iter: 1
n_candidates: 17
n_resources: 18
Fitting 1 folds for each of 17 candidates, totalling 17 fits
----------
iter: 2
n_candidates: 6
n_resources: 54
Fitting 1 folds for each of 6 candidates, totalling 6 fits
----------
iter: 3
n_candidates: 2
n_resources: 162
Fitting 1 folds for each of 2 candidates, totalling 2 fits
      -> [LinearSVC + SMOTE Set 5] Acc: 0.8300, F1: 0.8133, Time: 0.08s
n_iterations: 4
n_required_iterations: 4
n_possible_iterations: 8
min_resources_: 6
max_resources_: 13800
aggressive_elimination: False
factor: 3
----------
iter: 0
n_candidates: 50
n_resources: 6
Fitting 1 folds for each of 50 candidates, totalling 50 fits
----------
iter: 1
n_candidates: 17
n_resources: 18
Fitting 1 folds for each of 17 candidates, totalling 17 fits
----------
iter: 2
n_candidates: 6
n_resources: 54
Fitting 1 folds for each of 6 candidates, totalling 6 fits
----------
iter: 3
n_candidates: 2
n_resources: 162
Fitting 1 folds for each of 2 candidates, totalling 2 fits
      -> [LogisticRegression + SMOTE Set 5] Acc: 0.8833, F1: 0.8773, Time: 0.25s
      -> [RNN + SMOTE Set 5] Acc: 0.6667, F1: 0.5952, Time: 2.37s
    [=== Generating 3x synthetic data with SMOTE (Set 1, Params: {'k_neighbors': 1}) ===]
n_iterations: 4
n_required_iterations: 4
n_possible_iterations: 8
min_resources_: 6
max_resources_: 18400
aggressive_elimination: False
factor: 3
----------
iter: 0
n_candidates: 50
n_resources: 6
Fitting 1 folds for each of 50 candidates, totalling 50 fits
----------
iter: 1
n_candidates: 17
n_resources: 18
Fitting 1 folds for each of 17 candidates, totalling 17 fits
----------
iter: 2
n_candidates: 6
n_resources: 54
Fitting 1 folds for each of 6 candidates, totalling 6 fits
----------
iter: 3
n_candidates: 2
n_resources: 162
Fitting 1 folds for each of 2 candidates, totalling 2 fits
      -> [KNN + SMOTE Set 1] Acc: 0.9533, F1: 0.9526, Time: 0.07s
n_iterations: 4
n_required_iterations: 4
n_possible_iterations: 8
min_resources_: 6
max_resources_: 18400
aggressive_elimination: False
factor: 3
----------
iter: 0
n_candidates: 50
n_resources: 6
Fitting 1 folds for each of 50 candidates, totalling 50 fits
----------
iter: 1
n_candidates: 17
n_resources: 18
Fitting 1 folds for each of 17 candidates, totalling 17 fits
----------
iter: 2
n_candidates: 6
n_resources: 54
Fitting 1 folds for each of 6 candidates, totalling 6 fits
----------
iter: 3
n_candidates: 2
n_resources: 162
Fitting 1 folds for each of 2 candidates, totalling 2 fits
      -> [RandomForest + SMOTE Set 1] Acc: 0.9633, F1: 0.9635, Time: 3.02s
n_iterations: 4
n_required_iterations: 4
n_possible_iterations: 8
min_resources_: 6
max_resources_: 18400
aggressive_elimination: False
factor: 3
----------
iter: 0
n_candidates: 50
n_resources: 6
Fitting 1 folds for each of 50 candidates, totalling 50 fits
----------
iter: 1
n_candidates: 17
n_resources: 18
Fitting 1 folds for each of 17 candidates, totalling 17 fits
----------
iter: 2
n_candidates: 6
n_resources: 54
Fitting 1 folds for each of 6 candidates, totalling 6 fits
----------
iter: 3
n_candidates: 2
n_resources: 162
Fitting 1 folds for each of 2 candidates, totalling 2 fits
      -> [LinearSVC + SMOTE Set 1] Acc: 0.8617, F1: 0.8520, Time: 0.04s
n_iterations: 4
n_required_iterations: 4
n_possible_iterations: 8
min_resources_: 6
max_resources_: 18400
aggressive_elimination: False
factor: 3
----------
iter: 0
n_candidates: 50
n_resources: 6
Fitting 1 folds for each of 50 candidates, totalling 50 fits
----------
iter: 1
n_candidates: 17
n_resources: 18
Fitting 1 folds for each of 17 candidates, totalling 17 fits
----------
iter: 2
n_candidates: 6
n_resources: 54
Fitting 1 folds for each of 6 candidates, totalling 6 fits
----------
iter: 3
n_candidates: 2
n_resources: 162
Fitting 1 folds for each of 2 candidates, totalling 2 fits
      -> [LogisticRegression + SMOTE Set 1] Acc: 0.3333, F1: 0.1667, Time: 0.10s
      -> [RNN + SMOTE Set 1] Acc: 0.8333, F1: 0.7667, Time: 4.48s
    [=== Generating 3x synthetic data with SMOTE (Set 2, Params: {'k_neighbors': 2}) ===]
n_iterations: 4
n_required_iterations: 4
n_possible_iterations: 8
min_resources_: 6
max_resources_: 18400
aggressive_elimination: False
factor: 3
----------
iter: 0
n_candidates: 50
n_resources: 6
Fitting 1 folds for each of 50 candidates, totalling 50 fits
----------
iter: 1
n_candidates: 17
n_resources: 18
Fitting 1 folds for each of 17 candidates, totalling 17 fits
----------
iter: 2
n_candidates: 6
n_resources: 54
Fitting 1 folds for each of 6 candidates, totalling 6 fits
----------
iter: 3
n_candidates: 2
n_resources: 162
Fitting 1 folds for each of 2 candidates, totalling 2 fits
      -> [KNN + SMOTE Set 2] Acc: 0.9767, F1: 0.9765, Time: 0.03s
n_iterations: 4
n_required_iterations: 4
n_possible_iterations: 8
min_resources_: 6
max_resources_: 18400
aggressive_elimination: False
factor: 3
----------
iter: 0
n_candidates: 50
n_resources: 6
Fitting 1 folds for each of 50 candidates, totalling 50 fits
----------
iter: 1
n_candidates: 17
n_resources: 18
Fitting 1 folds for each of 17 candidates, totalling 17 fits
----------
iter: 2
n_candidates: 6
n_resources: 54
Fitting 1 folds for each of 6 candidates, totalling 6 fits
----------
iter: 3
n_candidates: 2
n_resources: 162
Fitting 1 folds for each of 2 candidates, totalling 2 fits
      -> [RandomForest + SMOTE Set 2] Acc: 0.9567, F1: 0.9570, Time: 0.98s
n_iterations: 4
n_required_iterations: 4
n_possible_iterations: 8
min_resources_: 6
max_resources_: 18400
aggressive_elimination: False
factor: 3
----------
iter: 0
n_candidates: 50
n_resources: 6
Fitting 1 folds for each of 50 candidates, totalling 50 fits
----------
iter: 1
n_candidates: 17
n_resources: 18
Fitting 1 folds for each of 17 candidates, totalling 17 fits
----------
iter: 2
n_candidates: 6
n_resources: 54
Fitting 1 folds for each of 6 candidates, totalling 6 fits
----------
iter: 3
n_candidates: 2
n_resources: 162
Fitting 1 folds for each of 2 candidates, totalling 2 fits
      -> [LinearSVC + SMOTE Set 2] Acc: 0.8533, F1: 0.8420, Time: 0.05s
n_iterations: 4
n_required_iterations: 4
n_possible_iterations: 8
min_resources_: 6
max_resources_: 18400
aggressive_elimination: False
factor: 3
----------
iter: 0
n_candidates: 50
n_resources: 6
Fitting 1 folds for each of 50 candidates, totalling 50 fits
----------
iter: 1
n_candidates: 17
n_resources: 18
Fitting 1 folds for each of 17 candidates, totalling 17 fits
----------
iter: 2
n_candidates: 6
n_resources: 54
Fitting 1 folds for each of 6 candidates, totalling 6 fits
----------
iter: 3
n_candidates: 2
n_resources: 162
Fitting 1 folds for each of 2 candidates, totalling 2 fits
      -> [LogisticRegression + SMOTE Set 2] Acc: 0.8817, F1: 0.8752, Time: 0.31s
      -> [RNN + SMOTE Set 2] Acc: 0.8333, F1: 0.8175, Time: 2.29s
    [=== Generating 3x synthetic data with SMOTE (Set 3, Params: {'k_neighbors': 3}) ===]
n_iterations: 4
n_required_iterations: 4
n_possible_iterations: 8
min_resources_: 6
max_resources_: 18400
aggressive_elimination: False
factor: 3
----------
iter: 0
n_candidates: 50
n_resources: 6
Fitting 1 folds for each of 50 candidates, totalling 50 fits
----------
iter: 1
n_candidates: 17
n_resources: 18
Fitting 1 folds for each of 17 candidates, totalling 17 fits
----------
iter: 2
n_candidates: 6
n_resources: 54
Fitting 1 folds for each of 6 candidates, totalling 6 fits
----------
iter: 3
n_candidates: 2
n_resources: 162
Fitting 1 folds for each of 2 candidates, totalling 2 fits
      -> [KNN + SMOTE Set 3] Acc: 0.9533, F1: 0.9526, Time: 0.04s
n_iterations: 4
n_required_iterations: 4
n_possible_iterations: 8
min_resources_: 6
max_resources_: 18400
aggressive_elimination: False
factor: 3
----------
iter: 0
n_candidates: 50
n_resources: 6
Fitting 1 folds for each of 50 candidates, totalling 50 fits
----------
iter: 1
n_candidates: 17
n_resources: 18
Fitting 1 folds for each of 17 candidates, totalling 17 fits
----------
iter: 2
n_candidates: 6
n_resources: 54
Fitting 1 folds for each of 6 candidates, totalling 6 fits
----------
iter: 3
n_candidates: 2
n_resources: 162
Fitting 1 folds for each of 2 candidates, totalling 2 fits
      -> [RandomForest + SMOTE Set 3] Acc: 0.9350, F1: 0.9354, Time: 1.30s
n_iterations: 4
n_required_iterations: 4
n_possible_iterations: 8
min_resources_: 6
max_resources_: 18400
aggressive_elimination: False
factor: 3
----------
iter: 0
n_candidates: 50
n_resources: 6
Fitting 1 folds for each of 50 candidates, totalling 50 fits
----------
iter: 1
n_candidates: 17
n_resources: 18
Fitting 1 folds for each of 17 candidates, totalling 17 fits
----------
iter: 2
n_candidates: 6
n_resources: 54
Fitting 1 folds for each of 6 candidates, totalling 6 fits
----------
iter: 3
n_candidates: 2
n_resources: 162
Fitting 1 folds for each of 2 candidates, totalling 2 fits
      -> [LinearSVC + SMOTE Set 3] Acc: 0.8317, F1: 0.8154, Time: 0.12s
n_iterations: 4
n_required_iterations: 4
n_possible_iterations: 8
min_resources_: 6
max_resources_: 18400
aggressive_elimination: False
factor: 3
----------
iter: 0
n_candidates: 50
n_resources: 6
Fitting 1 folds for each of 50 candidates, totalling 50 fits
----------
iter: 1
n_candidates: 17
n_resources: 18
Fitting 1 folds for each of 17 candidates, totalling 17 fits
----------
iter: 2
n_candidates: 6
n_resources: 54
Fitting 1 folds for each of 6 candidates, totalling 6 fits
----------
iter: 3
n_candidates: 2
n_resources: 162
Fitting 1 folds for each of 2 candidates, totalling 2 fits
      -> [LogisticRegression + SMOTE Set 3] Acc: 0.7650, F1: 0.7452, Time: 0.07s
      -> [RNN + SMOTE Set 3] Acc: 0.6667, F1: 0.5952, Time: 4.37s
    [=== Generating 3x synthetic data with SMOTE (Set 4, Params: {'k_neighbors': 4}) ===]
n_iterations: 4
n_required_iterations: 4
n_possible_iterations: 8
min_resources_: 6
max_resources_: 18400
aggressive_elimination: False
factor: 3
----------
iter: 0
n_candidates: 50
n_resources: 6
Fitting 1 folds for each of 50 candidates, totalling 50 fits
----------
iter: 1
n_candidates: 17
n_resources: 18
Fitting 1 folds for each of 17 candidates, totalling 17 fits
----------
iter: 2
n_candidates: 6
n_resources: 54
Fitting 1 folds for each of 6 candidates, totalling 6 fits
----------
iter: 3
n_candidates: 2
n_resources: 162
Fitting 1 folds for each of 2 candidates, totalling 2 fits
      -> [KNN + SMOTE Set 4] Acc: 0.9767, F1: 0.9765, Time: 0.02s
n_iterations: 4
n_required_iterations: 4
n_possible_iterations: 8
min_resources_: 6
max_resources_: 18400
aggressive_elimination: False
factor: 3
----------
iter: 0
n_candidates: 50
n_resources: 6
Fitting 1 folds for each of 50 candidates, totalling 50 fits
----------
iter: 1
n_candidates: 17
n_resources: 18
Fitting 1 folds for each of 17 candidates, totalling 17 fits
----------
iter: 2
n_candidates: 6
n_resources: 54
Fitting 1 folds for each of 6 candidates, totalling 6 fits
----------
iter: 3
n_candidates: 2
n_resources: 162
Fitting 1 folds for each of 2 candidates, totalling 2 fits
      -> [RandomForest + SMOTE Set 4] Acc: 0.9900, F1: 0.9900, Time: 3.22s
n_iterations: 4
n_required_iterations: 4
n_possible_iterations: 8
min_resources_: 6
max_resources_: 18400
aggressive_elimination: False
factor: 3
----------
iter: 0
n_candidates: 50
n_resources: 6
Fitting 1 folds for each of 50 candidates, totalling 50 fits
----------
iter: 1
n_candidates: 17
n_resources: 18
Fitting 1 folds for each of 17 candidates, totalling 17 fits
----------
iter: 2
n_candidates: 6
n_resources: 54
Fitting 1 folds for each of 6 candidates, totalling 6 fits
----------
iter: 3
n_candidates: 2
n_resources: 162
Fitting 1 folds for each of 2 candidates, totalling 2 fits
      -> [LinearSVC + SMOTE Set 4] Acc: 0.6667, F1: 0.5390, Time: 0.04s
n_iterations: 4
n_required_iterations: 4
n_possible_iterations: 8
min_resources_: 6
max_resources_: 18400
aggressive_elimination: False
factor: 3
----------
iter: 0
n_candidates: 50
n_resources: 6
Fitting 1 folds for each of 50 candidates, totalling 50 fits
----------
iter: 1
n_candidates: 17
n_resources: 18
Fitting 1 folds for each of 17 candidates, totalling 17 fits
----------
iter: 2
n_candidates: 6
n_resources: 54
Fitting 1 folds for each of 6 candidates, totalling 6 fits
----------
iter: 3
n_candidates: 2
n_resources: 162
Fitting 1 folds for each of 2 candidates, totalling 2 fits
      -> [LogisticRegression + SMOTE Set 4] Acc: 0.3333, F1: 0.1667, Time: 0.07s
      -> [RNN + SMOTE Set 4] Acc: 0.6667, F1: 0.5952, Time: 6.07s
    [=== Generating 3x synthetic data with SMOTE (Set 5, Params: {'k_neighbors': 5}) ===]
n_iterations: 4
n_required_iterations: 4
n_possible_iterations: 8
min_resources_: 6
max_resources_: 18400
aggressive_elimination: False
factor: 3
----------
iter: 0
n_candidates: 50
n_resources: 6
Fitting 1 folds for each of 50 candidates, totalling 50 fits
----------
iter: 1
n_candidates: 17
n_resources: 18
Fitting 1 folds for each of 17 candidates, totalling 17 fits
----------
iter: 2
n_candidates: 6
n_resources: 54
Fitting 1 folds for each of 6 candidates, totalling 6 fits
----------
iter: 3
n_candidates: 2
n_resources: 162
Fitting 1 folds for each of 2 candidates, totalling 2 fits
      -> [KNN + SMOTE Set 5] Acc: 0.9767, F1: 0.9765, Time: 0.05s
n_iterations: 4
n_required_iterations: 4
n_possible_iterations: 8
min_resources_: 6
max_resources_: 18400
aggressive_elimination: False
factor: 3
----------
iter: 0
n_candidates: 50
n_resources: 6
Fitting 1 folds for each of 50 candidates, totalling 50 fits
----------
iter: 1
n_candidates: 17
n_resources: 18
Fitting 1 folds for each of 17 candidates, totalling 17 fits
----------
iter: 2
n_candidates: 6
n_resources: 54
Fitting 1 folds for each of 6 candidates, totalling 6 fits
----------
iter: 3
n_candidates: 2
n_resources: 162
Fitting 1 folds for each of 2 candidates, totalling 2 fits
      -> [RandomForest + SMOTE Set 5] Acc: 0.9683, F1: 0.9683, Time: 3.76s
n_iterations: 4
n_required_iterations: 4
n_possible_iterations: 8
min_resources_: 6
max_resources_: 18400
aggressive_elimination: False
factor: 3
----------
iter: 0
n_candidates: 50
n_resources: 6
Fitting 1 folds for each of 50 candidates, totalling 50 fits
----------
iter: 1
n_candidates: 17
n_resources: 18
Fitting 1 folds for each of 17 candidates, totalling 17 fits
----------
iter: 2
n_candidates: 6
n_resources: 54
Fitting 1 folds for each of 6 candidates, totalling 6 fits
----------
iter: 3
n_candidates: 2
n_resources: 162
Fitting 1 folds for each of 2 candidates, totalling 2 fits
      -> [LinearSVC + SMOTE Set 5] Acc: 0.8300, F1: 0.8133, Time: 0.12s
n_iterations: 4
n_required_iterations: 4
n_possible_iterations: 8
min_resources_: 6
max_resources_: 18400
aggressive_elimination: False
factor: 3
----------
iter: 0
n_candidates: 50
n_resources: 6
Fitting 1 folds for each of 50 candidates, totalling 50 fits
----------
iter: 1
n_candidates: 17
n_resources: 18
Fitting 1 folds for each of 17 candidates, totalling 17 fits
----------
iter: 2
n_candidates: 6
n_resources: 54
Fitting 1 folds for each of 6 candidates, totalling 6 fits
----------
iter: 3
n_candidates: 2
n_resources: 162
Fitting 1 folds for each of 2 candidates, totalling 2 fits
      -> [LogisticRegression + SMOTE Set 5] Acc: 0.5000, F1: 0.4667, Time: 0.08s
      -> [RNN + SMOTE Set 5] Acc: 0.8333, F1: 0.7667, Time: 5.79s
    [=== Generating 5x synthetic data with SMOTE (Set 1, Params: {'k_neighbors': 1}) ===]
n_iterations: 4
n_required_iterations: 4
n_possible_iterations: 8
min_resources_: 6
max_resources_: 27600
aggressive_elimination: False
factor: 3
----------
iter: 0
n_candidates: 50
n_resources: 6
Fitting 1 folds for each of 50 candidates, totalling 50 fits
----------
iter: 1
n_candidates: 17
n_resources: 18
Fitting 1 folds for each of 17 candidates, totalling 17 fits
----------
iter: 2
n_candidates: 6
n_resources: 54
Fitting 1 folds for each of 6 candidates, totalling 6 fits
----------
iter: 3
n_candidates: 2
n_resources: 162
Fitting 1 folds for each of 2 candidates, totalling 2 fits
      -> [KNN + SMOTE Set 1] Acc: 0.9800, F1: 0.9799, Time: 0.08s
n_iterations: 4
n_required_iterations: 4
n_possible_iterations: 8
min_resources_: 6
max_resources_: 27600
aggressive_elimination: False
factor: 3
----------
iter: 0
n_candidates: 50
n_resources: 6
Fitting 1 folds for each of 50 candidates, totalling 50 fits
----------
iter: 1
n_candidates: 17
n_resources: 18
Fitting 1 folds for each of 17 candidates, totalling 17 fits
----------
iter: 2
n_candidates: 6
n_resources: 54
Fitting 1 folds for each of 6 candidates, totalling 6 fits
----------
iter: 3
n_candidates: 2
n_resources: 162
Fitting 1 folds for each of 2 candidates, totalling 2 fits
      -> [RandomForest + SMOTE Set 1] Acc: 0.9733, F1: 0.9733, Time: 6.31s
n_iterations: 4
n_required_iterations: 4
n_possible_iterations: 8
min_resources_: 6
max_resources_: 27600
aggressive_elimination: False
factor: 3
----------
iter: 0
n_candidates: 50
n_resources: 6
Fitting 1 folds for each of 50 candidates, totalling 50 fits
----------
iter: 1
n_candidates: 17
n_resources: 18
Fitting 1 folds for each of 17 candidates, totalling 17 fits
----------
iter: 2
n_candidates: 6
n_resources: 54
Fitting 1 folds for each of 6 candidates, totalling 6 fits
----------
iter: 3
n_candidates: 2
n_resources: 162
Fitting 1 folds for each of 2 candidates, totalling 2 fits
      -> [LinearSVC + SMOTE Set 1] Acc: 0.8683, F1: 0.8598, Time: 0.08s
n_iterations: 4
n_required_iterations: 4
n_possible_iterations: 8
min_resources_: 6
max_resources_: 27600
aggressive_elimination: False
factor: 3
----------
iter: 0
n_candidates: 50
n_resources: 6
Fitting 1 folds for each of 50 candidates, totalling 50 fits
----------
iter: 1
n_candidates: 17
n_resources: 18
Fitting 1 folds for each of 17 candidates, totalling 17 fits
----------
iter: 2
n_candidates: 6
n_resources: 54
Fitting 1 folds for each of 6 candidates, totalling 6 fits
----------
iter: 3
n_candidates: 2
n_resources: 162
Fitting 1 folds for each of 2 candidates, totalling 2 fits
      -> [LogisticRegression + SMOTE Set 1] Acc: 0.8850, F1: 0.8789, Time: 0.72s
      -> [RNN + SMOTE Set 1] Acc: 0.8333, F1: 0.8175, Time: 5.42s
    [=== Generating 5x synthetic data with SMOTE (Set 2, Params: {'k_neighbors': 2}) ===]
n_iterations: 4
n_required_iterations: 4
n_possible_iterations: 8
min_resources_: 6
max_resources_: 27600
aggressive_elimination: False
factor: 3
----------
iter: 0
n_candidates: 50
n_resources: 6
Fitting 1 folds for each of 50 candidates, totalling 50 fits
----------
iter: 1
n_candidates: 17
n_resources: 18
Fitting 1 folds for each of 17 candidates, totalling 17 fits
----------
iter: 2
n_candidates: 6
n_resources: 54
Fitting 1 folds for each of 6 candidates, totalling 6 fits
----------
iter: 3
n_candidates: 2
n_resources: 162
Fitting 1 folds for each of 2 candidates, totalling 2 fits
      -> [KNN + SMOTE Set 2] Acc: 0.9750, F1: 0.9748, Time: 0.05s
n_iterations: 4
n_required_iterations: 4
n_possible_iterations: 8
min_resources_: 6
max_resources_: 27600
aggressive_elimination: False
factor: 3
----------
iter: 0
n_candidates: 50
n_resources: 6
Fitting 1 folds for each of 50 candidates, totalling 50 fits
----------
iter: 1
n_candidates: 17
n_resources: 18
Fitting 1 folds for each of 17 candidates, totalling 17 fits
----------
iter: 2
n_candidates: 6
n_resources: 54
Fitting 1 folds for each of 6 candidates, totalling 6 fits
----------
iter: 3
n_candidates: 2
n_resources: 162
Fitting 1 folds for each of 2 candidates, totalling 2 fits
      -> [RandomForest + SMOTE Set 2] Acc: 0.9933, F1: 0.9933, Time: 4.07s
n_iterations: 4
n_required_iterations: 4
n_possible_iterations: 8
min_resources_: 6
max_resources_: 27600
aggressive_elimination: False
factor: 3
----------
iter: 0
n_candidates: 50
n_resources: 6
Fitting 1 folds for each of 50 candidates, totalling 50 fits
----------
iter: 1
n_candidates: 17
n_resources: 18
Fitting 1 folds for each of 17 candidates, totalling 17 fits
----------
iter: 2
n_candidates: 6
n_resources: 54
Fitting 1 folds for each of 6 candidates, totalling 6 fits
----------
iter: 3
n_candidates: 2
n_resources: 162
Fitting 1 folds for each of 2 candidates, totalling 2 fits
      -> [LinearSVC + SMOTE Set 2] Acc: 0.8533, F1: 0.8420, Time: 0.09s
n_iterations: 4
n_required_iterations: 4
n_possible_iterations: 8
min_resources_: 6
max_resources_: 27600
aggressive_elimination: False
factor: 3
----------
iter: 0
n_candidates: 50
n_resources: 6
Fitting 1 folds for each of 50 candidates, totalling 50 fits
----------
iter: 1
n_candidates: 17
n_resources: 18
Fitting 1 folds for each of 17 candidates, totalling 17 fits
----------
iter: 2
n_candidates: 6
n_resources: 54
Fitting 1 folds for each of 6 candidates, totalling 6 fits
----------
iter: 3
n_candidates: 2
n_resources: 162
Fitting 1 folds for each of 2 candidates, totalling 2 fits
      -> [LogisticRegression + SMOTE Set 2] Acc: 0.8883, F1: 0.8827, Time: 0.78s
      -> [RNN + SMOTE Set 2] Acc: 0.8333, F1: 0.8175, Time: 10.99s
    [=== Generating 5x synthetic data with SMOTE (Set 3, Params: {'k_neighbors': 3}) ===]
n_iterations: 4
n_required_iterations: 4
n_possible_iterations: 8
min_resources_: 6
max_resources_: 27600
aggressive_elimination: False
factor: 3
----------
iter: 0
n_candidates: 50
n_resources: 6
Fitting 1 folds for each of 50 candidates, totalling 50 fits
----------
iter: 1
n_candidates: 17
n_resources: 18
Fitting 1 folds for each of 17 candidates, totalling 17 fits
----------
iter: 2
n_candidates: 6
n_resources: 54
Fitting 1 folds for each of 6 candidates, totalling 6 fits
----------
iter: 3
n_candidates: 2
n_resources: 162
Fitting 1 folds for each of 2 candidates, totalling 2 fits
      -> [KNN + SMOTE Set 3] Acc: 0.9767, F1: 0.9765, Time: 0.04s
n_iterations: 4
n_required_iterations: 4
n_possible_iterations: 8
min_resources_: 6
max_resources_: 27600
aggressive_elimination: False
factor: 3
----------
iter: 0
n_candidates: 50
n_resources: 6
Fitting 1 folds for each of 50 candidates, totalling 50 fits
----------
iter: 1
n_candidates: 17
n_resources: 18
Fitting 1 folds for each of 17 candidates, totalling 17 fits
----------
iter: 2
n_candidates: 6
n_resources: 54
Fitting 1 folds for each of 6 candidates, totalling 6 fits
----------
iter: 3
n_candidates: 2
n_resources: 162
Fitting 1 folds for each of 2 candidates, totalling 2 fits
      -> [RandomForest + SMOTE Set 3] Acc: 0.9967, F1: 0.9967, Time: 6.92s
n_iterations: 4
n_required_iterations: 4
n_possible_iterations: 8
min_resources_: 6
max_resources_: 27600
aggressive_elimination: False
factor: 3
----------
iter: 0
n_candidates: 50
n_resources: 6
Fitting 1 folds for each of 50 candidates, totalling 50 fits
----------
iter: 1
n_candidates: 17
n_resources: 18
Fitting 1 folds for each of 17 candidates, totalling 17 fits
----------
iter: 2
n_candidates: 6
n_resources: 54
Fitting 1 folds for each of 6 candidates, totalling 6 fits
----------
iter: 3
n_candidates: 2
n_resources: 162
Fitting 1 folds for each of 2 candidates, totalling 2 fits
      -> [LinearSVC + SMOTE Set 3] Acc: 0.8300, F1: 0.8133, Time: 0.19s
n_iterations: 4
n_required_iterations: 4
n_possible_iterations: 8
min_resources_: 6
max_resources_: 27600
aggressive_elimination: False
factor: 3
----------
iter: 0
n_candidates: 50
n_resources: 6
Fitting 1 folds for each of 50 candidates, totalling 50 fits
----------
iter: 1
n_candidates: 17
n_resources: 18
Fitting 1 folds for each of 17 candidates, totalling 17 fits
----------
iter: 2
n_candidates: 6
n_resources: 54
Fitting 1 folds for each of 6 candidates, totalling 6 fits
----------
iter: 3
n_candidates: 2
n_resources: 162
Fitting 1 folds for each of 2 candidates, totalling 2 fits
      -> [LogisticRegression + SMOTE Set 3] Acc: 0.8783, F1: 0.8714, Time: 0.45s
      -> [RNN + SMOTE Set 3] Acc: 0.8333, F1: 0.8175, Time: 5.27s
    [=== Generating 5x synthetic data with SMOTE (Set 4, Params: {'k_neighbors': 4}) ===]
n_iterations: 4
n_required_iterations: 4
n_possible_iterations: 8
min_resources_: 6
max_resources_: 27600
aggressive_elimination: False
factor: 3
----------
iter: 0
n_candidates: 50
n_resources: 6
Fitting 1 folds for each of 50 candidates, totalling 50 fits
----------
iter: 1
n_candidates: 17
n_resources: 18
Fitting 1 folds for each of 17 candidates, totalling 17 fits
----------
iter: 2
n_candidates: 6
n_resources: 54
Fitting 1 folds for each of 6 candidates, totalling 6 fits
----------
iter: 3
n_candidates: 2
n_resources: 162
Fitting 1 folds for each of 2 candidates, totalling 2 fits
      -> [KNN + SMOTE Set 4] Acc: 0.9750, F1: 0.9748, Time: 0.06s
n_iterations: 4
n_required_iterations: 4
n_possible_iterations: 8
min_resources_: 6
max_resources_: 27600
aggressive_elimination: False
factor: 3
----------
iter: 0
n_candidates: 50
n_resources: 6
Fitting 1 folds for each of 50 candidates, totalling 50 fits
----------
iter: 1
n_candidates: 17
n_resources: 18
Fitting 1 folds for each of 17 candidates, totalling 17 fits
----------
iter: 2
n_candidates: 6
n_resources: 54
Fitting 1 folds for each of 6 candidates, totalling 6 fits
----------
iter: 3
n_candidates: 2
n_resources: 162
Fitting 1 folds for each of 2 candidates, totalling 2 fits
      -> [RandomForest + SMOTE Set 4] Acc: 0.9950, F1: 0.9950, Time: 6.92s
n_iterations: 4
n_required_iterations: 4
n_possible_iterations: 8
min_resources_: 6
max_resources_: 27600
aggressive_elimination: False
factor: 3
----------
iter: 0
n_candidates: 50
n_resources: 6
Fitting 1 folds for each of 50 candidates, totalling 50 fits
----------
iter: 1
n_candidates: 17
n_resources: 18
Fitting 1 folds for each of 17 candidates, totalling 17 fits
----------
iter: 2
n_candidates: 6
n_resources: 54
Fitting 1 folds for each of 6 candidates, totalling 6 fits
----------
iter: 3
n_candidates: 2
n_resources: 162
Fitting 1 folds for each of 2 candidates, totalling 2 fits
      -> [LinearSVC + SMOTE Set 4] Acc: 0.8317, F1: 0.8154, Time: 0.21s
n_iterations: 4
n_required_iterations: 4
n_possible_iterations: 8
min_resources_: 6
max_resources_: 27600
aggressive_elimination: False
factor: 3
----------
iter: 0
n_candidates: 50
n_resources: 6
Fitting 1 folds for each of 50 candidates, totalling 50 fits
----------
iter: 1
n_candidates: 17
n_resources: 18
Fitting 1 folds for each of 17 candidates, totalling 17 fits
----------
iter: 2
n_candidates: 6
n_resources: 54
Fitting 1 folds for each of 6 candidates, totalling 6 fits
----------
iter: 3
n_candidates: 2
n_resources: 162
Fitting 1 folds for each of 2 candidates, totalling 2 fits
      -> [LogisticRegression + SMOTE Set 4] Acc: 0.8883, F1: 0.8827, Time: 0.77s
      -> [RNN + SMOTE Set 4] Acc: 0.8333, F1: 0.7667, Time: 5.15s
    [=== Generating 5x synthetic data with SMOTE (Set 5, Params: {'k_neighbors': 5}) ===]
n_iterations: 4
n_required_iterations: 4
n_possible_iterations: 8
min_resources_: 6
max_resources_: 27600
aggressive_elimination: False
factor: 3
----------
iter: 0
n_candidates: 50
n_resources: 6
Fitting 1 folds for each of 50 candidates, totalling 50 fits
----------
iter: 1
n_candidates: 17
n_resources: 18
Fitting 1 folds for each of 17 candidates, totalling 17 fits
----------
iter: 2
n_candidates: 6
n_resources: 54
Fitting 1 folds for each of 6 candidates, totalling 6 fits
----------
iter: 3
n_candidates: 2
n_resources: 162
Fitting 1 folds for each of 2 candidates, totalling 2 fits
      -> [KNN + SMOTE Set 5] Acc: 0.9750, F1: 0.9748, Time: 0.05s
n_iterations: 4
n_required_iterations: 4
n_possible_iterations: 8
min_resources_: 6
max_resources_: 27600
aggressive_elimination: False
factor: 3
----------
iter: 0
n_candidates: 50
n_resources: 6
Fitting 1 folds for each of 50 candidates, totalling 50 fits
----------
iter: 1
n_candidates: 17
n_resources: 18
Fitting 1 folds for each of 17 candidates, totalling 17 fits
----------
iter: 2
n_candidates: 6
n_resources: 54
Fitting 1 folds for each of 6 candidates, totalling 6 fits
----------
iter: 3
n_candidates: 2
n_resources: 162
Fitting 1 folds for each of 2 candidates, totalling 2 fits
      -> [RandomForest + SMOTE Set 5] Acc: 0.9833, F1: 0.9834, Time: 6.64s
n_iterations: 4
n_required_iterations: 4
n_possible_iterations: 8
min_resources_: 6
max_resources_: 27600
aggressive_elimination: False
factor: 3
----------
iter: 0
n_candidates: 50
n_resources: 6
Fitting 1 folds for each of 50 candidates, totalling 50 fits
----------
iter: 1
n_candidates: 17
n_resources: 18
Fitting 1 folds for each of 17 candidates, totalling 17 fits
----------
iter: 2
n_candidates: 6
n_resources: 54
Fitting 1 folds for each of 6 candidates, totalling 6 fits
----------
iter: 3
n_candidates: 2
n_resources: 162
Fitting 1 folds for each of 2 candidates, totalling 2 fits
      -> [LinearSVC + SMOTE Set 5] Acc: 0.8417, F1: 0.8278, Time: 0.08s
n_iterations: 4
n_required_iterations: 4
n_possible_iterations: 8
min_resources_: 6
max_resources_: 27600
aggressive_elimination: False
factor: 3
----------
iter: 0
n_candidates: 50
n_resources: 6
Fitting 1 folds for each of 50 candidates, totalling 50 fits
----------
iter: 1
n_candidates: 17
n_resources: 18
Fitting 1 folds for each of 17 candidates, totalling 17 fits
----------
iter: 2
n_candidates: 6
n_resources: 54
Fitting 1 folds for each of 6 candidates, totalling 6 fits
----------
iter: 3
n_candidates: 2
n_resources: 162
Fitting 1 folds for each of 2 candidates, totalling 2 fits
      -> [LogisticRegression + SMOTE Set 5] Acc: 0.8833, F1: 0.8773, Time: 0.52s
      -> [RNN + SMOTE Set 5] Acc: 1.0000, F1: 1.0000, Time: 4.55s
    [=== Generating 10x synthetic data with SMOTE (Set 1, Params: {'k_neighbors': 1}) ===]
n_iterations: 4
n_required_iterations: 4
n_possible_iterations: 9
min_resources_: 6
max_resources_: 50600
aggressive_elimination: False
factor: 3
----------
iter: 0
n_candidates: 50
n_resources: 6
Fitting 1 folds for each of 50 candidates, totalling 50 fits
      -> [KNN + SMOTE Set 1] Acc: 0.9767, F1: 0.9765, Time: 0.08s
n_iterations: 4
n_required_iterations: 4
n_possible_iterations: 9
min_resources_: 6
max_resources_: 50600
aggressive_elimination: False
factor: 3
----------
iter: 0
n_candidates: 50
n_resources: 6
Fitting 1 folds for each of 50 candidates, totalling 50 fits
      -> [RandomForest + SMOTE Set 1] Acc: 0.9350, F1: 0.9357, Time: 8.61s
n_iterations: 4
n_required_iterations: 4
n_possible_iterations: 9
min_resources_: 6
max_resources_: 50600
aggressive_elimination: False
factor: 3
----------
iter: 0
n_candidates: 50
n_resources: 6
Fitting 1 folds for each of 50 candidates, totalling 50 fits
      -> [LinearSVC + SMOTE Set 1] Acc: 0.8567, F1: 0.8460, Time: 0.19s
n_iterations: 4
n_required_iterations: 4
n_possible_iterations: 9
min_resources_: 6
max_resources_: 50600
aggressive_elimination: False
factor: 3
----------
iter: 0
n_candidates: 50
n_resources: 6
Fitting 1 folds for each of 50 candidates, totalling 50 fits
      -> [LogisticRegression + SMOTE Set 1] Acc: 0.8783, F1: 0.8714, Time: 1.84s
      -> [RNN + SMOTE Set 1] Acc: 0.8333, F1: 0.8175, Time: 12.45s
    [=== Generating 10x synthetic data with SMOTE (Set 2, Params: {'k_neighbors': 2}) ===]
n_iterations: 4
n_required_iterations: 4
n_possible_iterations: 9
min_resources_: 6
max_resources_: 50600
aggressive_elimination: False
factor: 3
----------
iter: 0
n_candidates: 50
n_resources: 6
Fitting 1 folds for each of 50 candidates, totalling 50 fits
      -> [KNN + SMOTE Set 2] Acc: 0.9767, F1: 0.9765, Time: 0.10s
n_iterations: 4
n_required_iterations: 4
n_possible_iterations: 9
min_resources_: 6
max_resources_: 50600
aggressive_elimination: False
factor: 3
----------
iter: 0
n_candidates: 50
n_resources: 6
Fitting 1 folds for each of 50 candidates, totalling 50 fits
      -> [RandomForest + SMOTE Set 2] Acc: 0.9900, F1: 0.9900, Time: 8.04s
n_iterations: 4
n_required_iterations: 4
n_possible_iterations: 9
min_resources_: 6
max_resources_: 50600
aggressive_elimination: False
factor: 3
----------
iter: 0
n_candidates: 50
n_resources: 6
Fitting 1 folds for each of 50 candidates, totalling 50 fits
      -> [LinearSVC + SMOTE Set 2] Acc: 0.8683, F1: 0.8601, Time: 0.26s
n_iterations: 4
n_required_iterations: 4
n_possible_iterations: 9
min_resources_: 6
max_resources_: 50600
aggressive_elimination: False
factor: 3
----------
iter: 0
n_candidates: 50
n_resources: 6
Fitting 1 folds for each of 50 candidates, totalling 50 fits
      -> [LogisticRegression + SMOTE Set 2] Acc: 0.8867, F1: 0.8811, Time: 1.13s
      -> [RNN + SMOTE Set 2] Acc: 0.8333, F1: 0.8175, Time: 11.69s
    [=== Generating 10x synthetic data with SMOTE (Set 3, Params: {'k_neighbors': 3}) ===]
n_iterations: 4
n_required_iterations: 4
n_possible_iterations: 9
min_resources_: 6
max_resources_: 50600
aggressive_elimination: False
factor: 3
----------
iter: 0
n_candidates: 50
n_resources: 6
Fitting 1 folds for each of 50 candidates, totalling 50 fits
      -> [KNN + SMOTE Set 3] Acc: 0.9767, F1: 0.9765, Time: 0.10s
n_iterations: 4
n_required_iterations: 4
n_possible_iterations: 9
min_resources_: 6
max_resources_: 50600
aggressive_elimination: False
factor: 3
----------
iter: 0
n_candidates: 50
n_resources: 6
Fitting 1 folds for each of 50 candidates, totalling 50 fits
      -> [RandomForest + SMOTE Set 3] Acc: 0.9783, F1: 0.9784, Time: 9.51s
n_iterations: 4
n_required_iterations: 4
n_possible_iterations: 9
min_resources_: 6
max_resources_: 50600
aggressive_elimination: False
factor: 3
----------
iter: 0
n_candidates: 50
n_resources: 6
Fitting 1 folds for each of 50 candidates, totalling 50 fits
      -> [LinearSVC + SMOTE Set 3] Acc: 0.8650, F1: 0.8559, Time: 0.14s
n_iterations: 4
n_required_iterations: 4
n_possible_iterations: 9
min_resources_: 6
max_resources_: 50600
aggressive_elimination: False
factor: 3
----------
iter: 0
n_candidates: 50
n_resources: 6
Fitting 1 folds for each of 50 candidates, totalling 50 fits
      -> [LogisticRegression + SMOTE Set 3] Acc: 0.8867, F1: 0.8808, Time: 0.85s
      -> [RNN + SMOTE Set 3] Acc: 1.0000, F1: 1.0000, Time: 9.76s
    [=== Generating 10x synthetic data with SMOTE (Set 4, Params: {'k_neighbors': 4}) ===]
n_iterations: 4
n_required_iterations: 4
n_possible_iterations: 9
min_resources_: 6
max_resources_: 50600
aggressive_elimination: False
factor: 3
----------
iter: 0
n_candidates: 50
n_resources: 6
Fitting 1 folds for each of 50 candidates, totalling 50 fits
      -> [KNN + SMOTE Set 4] Acc: 0.9767, F1: 0.9765, Time: 0.08s
n_iterations: 4
n_required_iterations: 4
n_possible_iterations: 9
min_resources_: 6
max_resources_: 50600
aggressive_elimination: False
factor: 3
----------
iter: 0
n_candidates: 50
n_resources: 6
Fitting 1 folds for each of 50 candidates, totalling 50 fits
      -> [RandomForest + SMOTE Set 4] Acc: 0.9833, F1: 0.9834, Time: 9.65s
n_iterations: 4
n_required_iterations: 4
n_possible_iterations: 9
min_resources_: 6
max_resources_: 50600
aggressive_elimination: False
factor: 3
----------
iter: 0
n_candidates: 50
n_resources: 6
Fitting 1 folds for each of 50 candidates, totalling 50 fits
      -> [LinearSVC + SMOTE Set 4] Acc: 0.8667, F1: 0.8578, Time: 0.18s
n_iterations: 4
n_required_iterations: 4
n_possible_iterations: 9
min_resources_: 6
max_resources_: 50600
aggressive_elimination: False
factor: 3
----------
iter: 0
n_candidates: 50
n_resources: 6
Fitting 1 folds for each of 50 candidates, totalling 50 fits
      -> [LogisticRegression + SMOTE Set 4] Acc: 0.8883, F1: 0.8827, Time: 2.20s
      -> [RNN + SMOTE Set 4] Acc: 1.0000, F1: 1.0000, Time: 12.14s
    [=== Generating 10x synthetic data with SMOTE (Set 5, Params: {'k_neighbors': 5}) ===]
n_iterations: 4
n_required_iterations: 4
n_possible_iterations: 9
min_resources_: 6
max_resources_: 50600
aggressive_elimination: False
factor: 3
----------
iter: 0
n_candidates: 50
n_resources: 6
Fitting 1 folds for each of 50 candidates, totalling 50 fits
      -> [KNN + SMOTE Set 5] Acc: 0.9767, F1: 0.9765, Time: 0.10s
n_iterations: 4
n_required_iterations: 4
n_possible_iterations: 9
min_resources_: 6
max_resources_: 50600
aggressive_elimination: False
factor: 3
----------
iter: 0
n_candidates: 50
n_resources: 6
Fitting 1 folds for each of 50 candidates, totalling 50 fits
      -> [RandomForest + SMOTE Set 5] Acc: 0.9650, F1: 0.9652, Time: 8.34s
n_iterations: 4
n_required_iterations: 4
n_possible_iterations: 9
min_resources_: 6
max_resources_: 50600
aggressive_elimination: False
factor: 3
----------
iter: 0
n_candidates: 50
n_resources: 6
Fitting 1 folds for each of 50 candidates, totalling 50 fits
      -> [LinearSVC + SMOTE Set 5] Acc: 0.8350, F1: 0.8201, Time: 0.17s
n_iterations: 4
n_required_iterations: 4
n_possible_iterations: 9
min_resources_: 6
max_resources_: 50600
aggressive_elimination: False
factor: 3
----------
iter: 0
n_candidates: 50
n_resources: 6
Fitting 1 folds for each of 50 candidates, totalling 50 fits
      -> [LogisticRegression + SMOTE Set 5] Acc: 0.8783, F1: 0.8714, Time: 1.39s
      -> [RNN + SMOTE Set 5] Acc: 1.0000, F1: 1.0000, Time: 11.37s

    >> Seed Fold Selection: 5/10
    Evaluating Model: KNN
      -> [Baseline] Acc: 0.9767, F1: 0.9765, Time: 0.04s
      HP Tuning KNN...
n_iterations: 4
n_required_iterations: 4
n_possible_iterations: 5
min_resources_: 30
max_resources_: 4600
aggressive_elimination: False
factor: 3
----------
iter: 0
n_candidates: 50
n_resources: 30
Fitting 5 folds for each of 50 candidates, totalling 250 fits
----------
iter: 1
n_candidates: 17
n_resources: 90
Fitting 5 folds for each of 17 candidates, totalling 85 fits
----------
iter: 2
n_candidates: 6
n_resources: 270
Fitting 5 folds for each of 6 candidates, totalling 30 fits
----------
iter: 3
n_candidates: 2
n_resources: 810
Fitting 5 folds for each of 2 candidates, totalling 10 fits
      -> [Tuned_Baseline] Acc: 0.9750, F1: 0.9748, Time: 0.04s
    Evaluating Model: RandomForest
      -> [Baseline] Acc: 0.9533, F1: 0.9538, Time: 0.91s
      HP Tuning RandomForest...
n_iterations: 4
n_required_iterations: 4
n_possible_iterations: 5
min_resources_: 30
max_resources_: 4600
aggressive_elimination: False
factor: 3
----------
iter: 0
n_candidates: 50
n_resources: 30
Fitting 5 folds for each of 50 candidates, totalling 250 fits
----------
iter: 1
n_candidates: 17
n_resources: 90
Fitting 5 folds for each of 17 candidates, totalling 85 fits
----------
iter: 2
n_candidates: 6
n_resources: 270
Fitting 5 folds for each of 6 candidates, totalling 30 fits
----------
iter: 3
n_candidates: 2
n_resources: 810
Fitting 5 folds for each of 2 candidates, totalling 10 fits
      -> [Tuned_Baseline] Acc: 0.9717, F1: 0.9716, Time: 0.00s
    Evaluating Model: LinearSVC
      -> [Baseline] Acc: 0.8717, F1: 0.8640, Time: 0.02s
      HP Tuning LinearSVC...
n_iterations: 4
n_required_iterations: 4
n_possible_iterations: 5
min_resources_: 30
max_resources_: 4600
aggressive_elimination: False
factor: 3
----------
iter: 0
n_candidates: 50
n_resources: 30
Fitting 5 folds for each of 50 candidates, totalling 250 fits
----------
iter: 1
n_candidates: 17
n_resources: 90
Fitting 5 folds for each of 17 candidates, totalling 85 fits
----------
iter: 2
n_candidates: 6
n_resources: 270
Fitting 5 folds for each of 6 candidates, totalling 30 fits
----------
iter: 3
n_candidates: 2
n_resources: 810
Fitting 5 folds for each of 2 candidates, totalling 10 fits
      -> [Tuned_Baseline] Acc: 0.8717, F1: 0.8637, Time: 0.00s
    Evaluating Model: LogisticRegression
      -> [Baseline] Acc: 0.8817, F1: 0.8754, Time: 0.38s
      HP Tuning LogisticRegression...
n_iterations: 4
n_required_iterations: 4
n_possible_iterations: 5
min_resources_: 30
max_resources_: 4600
aggressive_elimination: False
factor: 3
----------
iter: 0
n_candidates: 50
n_resources: 30
Fitting 5 folds for each of 50 candidates, totalling 250 fits
----------
iter: 1
n_candidates: 17
n_resources: 90
Fitting 5 folds for each of 17 candidates, totalling 85 fits
----------
iter: 2
n_candidates: 6
n_resources: 270
Fitting 5 folds for each of 6 candidates, totalling 30 fits
----------
iter: 3
n_candidates: 2
n_resources: 810
Fitting 5 folds for each of 2 candidates, totalling 10 fits
      -> [Tuned_Baseline] Acc: 0.8867, F1: 0.8811, Time: 0.00s
    Evaluating Model: RNN
      -> [Baseline] Acc: 0.8333, F1: 0.8175, Time: 1.17s
      HP Tuning RNN...
n_iterations: 2
n_required_iterations: 2
n_possible_iterations: 2
min_resources_: 10
max_resources_: 46
aggressive_elimination: False
factor: 3
----------
iter: 0
n_candidates: 4
n_resources: 10
Fitting 5 folds for each of 4 candidates, totalling 20 fits
----------
iter: 1
n_candidates: 2
n_resources: 30
Fitting 5 folds for each of 2 candidates, totalling 10 fits
      -> [Tuned_Baseline] Acc: 1.0000, F1: 1.0000, Time: 0.02s
    [=== Generating 2x synthetic data with SMOTE (Set 1, Params: {'k_neighbors': 1}) ===]
n_iterations: 4
n_required_iterations: 4
n_possible_iterations: 8
min_resources_: 6
max_resources_: 13800
aggressive_elimination: False
factor: 3
----------
iter: 0
n_candidates: 50
n_resources: 6
Fitting 1 folds for each of 50 candidates, totalling 50 fits
----------
iter: 1
n_candidates: 17
n_resources: 18
Fitting 1 folds for each of 17 candidates, totalling 17 fits
----------
iter: 2
n_candidates: 6
n_resources: 54
Fitting 1 folds for each of 6 candidates, totalling 6 fits
----------
iter: 3
n_candidates: 2
n_resources: 162
Fitting 1 folds for each of 2 candidates, totalling 2 fits
      -> [KNN + SMOTE Set 1] Acc: 0.9350, F1: 0.9335, Time: 0.04s
n_iterations: 4
n_required_iterations: 4
n_possible_iterations: 8
min_resources_: 6
max_resources_: 13800
aggressive_elimination: False
factor: 3
----------
iter: 0
n_candidates: 50
n_resources: 6
Fitting 1 folds for each of 50 candidates, totalling 50 fits
----------
iter: 1
n_candidates: 17
n_resources: 18
Fitting 1 folds for each of 17 candidates, totalling 17 fits
----------
iter: 2
n_candidates: 6
n_resources: 54
Fitting 1 folds for each of 6 candidates, totalling 6 fits
----------
iter: 3
n_candidates: 2
n_resources: 162
Fitting 1 folds for each of 2 candidates, totalling 2 fits
      -> [RandomForest + SMOTE Set 1] Acc: 0.9583, F1: 0.9584, Time: 1.59s
n_iterations: 4
n_required_iterations: 4
n_possible_iterations: 8
min_resources_: 6
max_resources_: 13800
aggressive_elimination: False
factor: 3
----------
iter: 0
n_candidates: 50
n_resources: 6
Fitting 1 folds for each of 50 candidates, totalling 50 fits
----------
iter: 1
n_candidates: 17
n_resources: 18
Fitting 1 folds for each of 17 candidates, totalling 17 fits
----------
iter: 2
n_candidates: 6
n_resources: 54
Fitting 1 folds for each of 6 candidates, totalling 6 fits
----------
iter: 3
n_candidates: 2
n_resources: 162
Fitting 1 folds for each of 2 candidates, totalling 2 fits
      -> [LinearSVC + SMOTE Set 1] Acc: 0.8400, F1: 0.8262, Time: 0.08s
n_iterations: 4
n_required_iterations: 4
n_possible_iterations: 8
min_resources_: 6
max_resources_: 13800
aggressive_elimination: False
factor: 3
----------
iter: 0
n_candidates: 50
n_resources: 6
Fitting 1 folds for each of 50 candidates, totalling 50 fits
----------
iter: 1
n_candidates: 17
n_resources: 18
Fitting 1 folds for each of 17 candidates, totalling 17 fits
----------
iter: 2
n_candidates: 6
n_resources: 54
Fitting 1 folds for each of 6 candidates, totalling 6 fits
----------
iter: 3
n_candidates: 2
n_resources: 162
Fitting 1 folds for each of 2 candidates, totalling 2 fits
      -> [LogisticRegression + SMOTE Set 1] Acc: 0.8800, F1: 0.8735, Time: 0.25s
      -> [RNN + SMOTE Set 1] Acc: 1.0000, F1: 1.0000, Time: 9.51s
    [=== Generating 2x synthetic data with SMOTE (Set 2, Params: {'k_neighbors': 2}) ===]
n_iterations: 4
n_required_iterations: 4
n_possible_iterations: 8
min_resources_: 6
max_resources_: 13800
aggressive_elimination: False
factor: 3
----------
iter: 0
n_candidates: 50
n_resources: 6
Fitting 1 folds for each of 50 candidates, totalling 50 fits
----------
iter: 1
n_candidates: 17
n_resources: 18
Fitting 1 folds for each of 17 candidates, totalling 17 fits
----------
iter: 2
n_candidates: 6
n_resources: 54
Fitting 1 folds for each of 6 candidates, totalling 6 fits
----------
iter: 3
n_candidates: 2
n_resources: 162
Fitting 1 folds for each of 2 candidates, totalling 2 fits
      -> [KNN + SMOTE Set 2] Acc: 0.9850, F1: 0.9849, Time: 0.01s
n_iterations: 4
n_required_iterations: 4
n_possible_iterations: 8
min_resources_: 6
max_resources_: 13800
aggressive_elimination: False
factor: 3
----------
iter: 0
n_candidates: 50
n_resources: 6
Fitting 1 folds for each of 50 candidates, totalling 50 fits
----------
iter: 1
n_candidates: 17
n_resources: 18
Fitting 1 folds for each of 17 candidates, totalling 17 fits
----------
iter: 2
n_candidates: 6
n_resources: 54
Fitting 1 folds for each of 6 candidates, totalling 6 fits
----------
iter: 3
n_candidates: 2
n_resources: 162
Fitting 1 folds for each of 2 candidates, totalling 2 fits
      -> [RandomForest + SMOTE Set 2] Acc: 0.9933, F1: 0.9933, Time: 0.62s
n_iterations: 4
n_required_iterations: 4
n_possible_iterations: 8
min_resources_: 6
max_resources_: 13800
aggressive_elimination: False
factor: 3
----------
iter: 0
n_candidates: 50
n_resources: 6
Fitting 1 folds for each of 50 candidates, totalling 50 fits
----------
iter: 1
n_candidates: 17
n_resources: 18
Fitting 1 folds for each of 17 candidates, totalling 17 fits
----------
iter: 2
n_candidates: 6
n_resources: 54
Fitting 1 folds for each of 6 candidates, totalling 6 fits
----------
iter: 3
n_candidates: 2
n_resources: 162
Fitting 1 folds for each of 2 candidates, totalling 2 fits
      -> [LinearSVC + SMOTE Set 2] Acc: 0.8883, F1: 0.8827, Time: 0.02s
n_iterations: 4
n_required_iterations: 4
n_possible_iterations: 8
min_resources_: 6
max_resources_: 13800
aggressive_elimination: False
factor: 3
----------
iter: 0
n_candidates: 50
n_resources: 6
Fitting 1 folds for each of 50 candidates, totalling 50 fits
----------
iter: 1
n_candidates: 17
n_resources: 18
Fitting 1 folds for each of 17 candidates, totalling 17 fits
----------
iter: 2
n_candidates: 6
n_resources: 54
Fitting 1 folds for each of 6 candidates, totalling 6 fits
----------
iter: 3
n_candidates: 2
n_resources: 162
Fitting 1 folds for each of 2 candidates, totalling 2 fits
      -> [LogisticRegression + SMOTE Set 2] Acc: 0.8950, F1: 0.8902, Time: 0.19s
      -> [RNN + SMOTE Set 2] Acc: 1.0000, F1: 1.0000, Time: 0.26s
    [=== Generating 2x synthetic data with SMOTE (Set 3, Params: {'k_neighbors': 3}) ===]
n_iterations: 4
n_required_iterations: 4
n_possible_iterations: 8
min_resources_: 6
max_resources_: 13800
aggressive_elimination: False
factor: 3
----------
iter: 0
n_candidates: 50
n_resources: 6
Fitting 1 folds for each of 50 candidates, totalling 50 fits
----------
iter: 1
n_candidates: 17
n_resources: 18
Fitting 1 folds for each of 17 candidates, totalling 17 fits
----------
iter: 2
n_candidates: 6
n_resources: 54
Fitting 1 folds for each of 6 candidates, totalling 6 fits
----------
iter: 3
n_candidates: 2
n_resources: 162
Fitting 1 folds for each of 2 candidates, totalling 2 fits
      -> [KNN + SMOTE Set 3] Acc: 0.9767, F1: 0.9765, Time: 0.01s
n_iterations: 4
n_required_iterations: 4
n_possible_iterations: 8
min_resources_: 6
max_resources_: 13800
aggressive_elimination: False
factor: 3
----------
iter: 0
n_candidates: 50
n_resources: 6
Fitting 1 folds for each of 50 candidates, totalling 50 fits
----------
iter: 1
n_candidates: 17
n_resources: 18
Fitting 1 folds for each of 17 candidates, totalling 17 fits
----------
iter: 2
n_candidates: 6
n_resources: 54
Fitting 1 folds for each of 6 candidates, totalling 6 fits
----------
iter: 3
n_candidates: 2
n_resources: 162
Fitting 1 folds for each of 2 candidates, totalling 2 fits
      -> [RandomForest + SMOTE Set 3] Acc: 0.8983, F1: 0.8997, Time: 0.72s
n_iterations: 4
n_required_iterations: 4
n_possible_iterations: 8
min_resources_: 6
max_resources_: 13800
aggressive_elimination: False
factor: 3
----------
iter: 0
n_candidates: 50
n_resources: 6
Fitting 1 folds for each of 50 candidates, totalling 50 fits
----------
iter: 1
n_candidates: 17
n_resources: 18
Fitting 1 folds for each of 17 candidates, totalling 17 fits
----------
iter: 2
n_candidates: 6
n_resources: 54
Fitting 1 folds for each of 6 candidates, totalling 6 fits
----------
iter: 3
n_candidates: 2
n_resources: 162
Fitting 1 folds for each of 2 candidates, totalling 2 fits
      -> [LinearSVC + SMOTE Set 3] Acc: 0.8250, F1: 0.8060, Time: 0.03s
n_iterations: 4
n_required_iterations: 4
n_possible_iterations: 8
min_resources_: 6
max_resources_: 13800
aggressive_elimination: False
factor: 3
----------
iter: 0
n_candidates: 50
n_resources: 6
Fitting 1 folds for each of 50 candidates, totalling 50 fits
----------
iter: 1
n_candidates: 17
n_resources: 18
Fitting 1 folds for each of 17 candidates, totalling 17 fits
----------
iter: 2
n_candidates: 6
n_resources: 54
Fitting 1 folds for each of 6 candidates, totalling 6 fits
----------
iter: 3
n_candidates: 2
n_resources: 162
Fitting 1 folds for each of 2 candidates, totalling 2 fits
      -> [LogisticRegression + SMOTE Set 3] Acc: 0.7633, F1: 0.7004, Time: 0.03s
      -> [RNN + SMOTE Set 3] Acc: 0.8333, F1: 0.7667, Time: 21.28s
    [=== Generating 2x synthetic data with SMOTE (Set 4, Params: {'k_neighbors': 4}) ===]
n_iterations: 4
n_required_iterations: 4
n_possible_iterations: 8
min_resources_: 6
max_resources_: 13800
aggressive_elimination: False
factor: 3
----------
iter: 0
n_candidates: 50
n_resources: 6
Fitting 1 folds for each of 50 candidates, totalling 50 fits
----------
iter: 1
n_candidates: 17
n_resources: 18
Fitting 1 folds for each of 17 candidates, totalling 17 fits
----------
iter: 2
n_candidates: 6
n_resources: 54
Fitting 1 folds for each of 6 candidates, totalling 6 fits
----------
iter: 3
n_candidates: 2
n_resources: 162
Fitting 1 folds for each of 2 candidates, totalling 2 fits
      -> [KNN + SMOTE Set 4] Acc: 0.9767, F1: 0.9765, Time: 0.02s
n_iterations: 4
n_required_iterations: 4
n_possible_iterations: 8
min_resources_: 6
max_resources_: 13800
aggressive_elimination: False
factor: 3
----------
iter: 0
n_candidates: 50
n_resources: 6
Fitting 1 folds for each of 50 candidates, totalling 50 fits
----------
iter: 1
n_candidates: 17
n_resources: 18
Fitting 1 folds for each of 17 candidates, totalling 17 fits
----------
iter: 2
n_candidates: 6
n_resources: 54
Fitting 1 folds for each of 6 candidates, totalling 6 fits
----------
iter: 3
n_candidates: 2
n_resources: 162
Fitting 1 folds for each of 2 candidates, totalling 2 fits
      -> [RandomForest + SMOTE Set 4] Acc: 0.9483, F1: 0.9485, Time: 0.79s
n_iterations: 4
n_required_iterations: 4
n_possible_iterations: 8
min_resources_: 6
max_resources_: 13800
aggressive_elimination: False
factor: 3
----------
iter: 0
n_candidates: 50
n_resources: 6
Fitting 1 folds for each of 50 candidates, totalling 50 fits
----------
iter: 1
n_candidates: 17
n_resources: 18
Fitting 1 folds for each of 17 candidates, totalling 17 fits
----------
iter: 2
n_candidates: 6
n_resources: 54
Fitting 1 folds for each of 6 candidates, totalling 6 fits
----------
iter: 3
n_candidates: 2
n_resources: 162
Fitting 1 folds for each of 2 candidates, totalling 2 fits
      -> [LinearSVC + SMOTE Set 4] Acc: 0.8600, F1: 0.8500, Time: 0.08s
n_iterations: 4
n_required_iterations: 4
n_possible_iterations: 8
min_resources_: 6
max_resources_: 13800
aggressive_elimination: False
factor: 3
----------
iter: 0
n_candidates: 50
n_resources: 6
Fitting 1 folds for each of 50 candidates, totalling 50 fits
----------
iter: 1
n_candidates: 17
n_resources: 18
Fitting 1 folds for each of 17 candidates, totalling 17 fits
----------
iter: 2
n_candidates: 6
n_resources: 54
Fitting 1 folds for each of 6 candidates, totalling 6 fits
----------
iter: 3
n_candidates: 2
n_resources: 162
Fitting 1 folds for each of 2 candidates, totalling 2 fits
      -> [LogisticRegression + SMOTE Set 4] Acc: 0.9000, F1: 0.8957, Time: 0.25s
      -> [RNN + SMOTE Set 4] Acc: 1.0000, F1: 1.0000, Time: 26.04s
    [=== Generating 2x synthetic data with SMOTE (Set 5, Params: {'k_neighbors': 5}) ===]
n_iterations: 4
n_required_iterations: 4
n_possible_iterations: 8
min_resources_: 6
max_resources_: 13800
aggressive_elimination: False
factor: 3
----------
iter: 0
n_candidates: 50
n_resources: 6
Fitting 1 folds for each of 50 candidates, totalling 50 fits
----------
iter: 1
n_candidates: 17
n_resources: 18
Fitting 1 folds for each of 17 candidates, totalling 17 fits
----------
iter: 2
n_candidates: 6
n_resources: 54
Fitting 1 folds for each of 6 candidates, totalling 6 fits
----------
iter: 3
n_candidates: 2
n_resources: 162
Fitting 1 folds for each of 2 candidates, totalling 2 fits
      -> [KNN + SMOTE Set 5] Acc: 0.9767, F1: 0.9765, Time: 0.02s
n_iterations: 4
n_required_iterations: 4
n_possible_iterations: 8
min_resources_: 6
max_resources_: 13800
aggressive_elimination: False
factor: 3
----------
iter: 0
n_candidates: 50
n_resources: 6
Fitting 1 folds for each of 50 candidates, totalling 50 fits
----------
iter: 1
n_candidates: 17
n_resources: 18
Fitting 1 folds for each of 17 candidates, totalling 17 fits
----------
iter: 2
n_candidates: 6
n_resources: 54
Fitting 1 folds for each of 6 candidates, totalling 6 fits
----------
iter: 3
n_candidates: 2
n_resources: 162
Fitting 1 folds for each of 2 candidates, totalling 2 fits
      -> [RandomForest + SMOTE Set 5] Acc: 0.8800, F1: 0.8816, Time: 0.77s
n_iterations: 4
n_required_iterations: 4
n_possible_iterations: 8
min_resources_: 6
max_resources_: 13800
aggressive_elimination: False
factor: 3
----------
iter: 0
n_candidates: 50
n_resources: 6
Fitting 1 folds for each of 50 candidates, totalling 50 fits
----------
iter: 1
n_candidates: 17
n_resources: 18
Fitting 1 folds for each of 17 candidates, totalling 17 fits
----------
iter: 2
n_candidates: 6
n_resources: 54
Fitting 1 folds for each of 6 candidates, totalling 6 fits
----------
iter: 3
n_candidates: 2
n_resources: 162
Fitting 1 folds for each of 2 candidates, totalling 2 fits
      -> [LinearSVC + SMOTE Set 5] Acc: 0.8450, F1: 0.8319, Time: 0.03s
n_iterations: 4
n_required_iterations: 4
n_possible_iterations: 8
min_resources_: 6
max_resources_: 13800
aggressive_elimination: False
factor: 3
----------
iter: 0
n_candidates: 50
n_resources: 6
Fitting 1 folds for each of 50 candidates, totalling 50 fits
----------
iter: 1
n_candidates: 17
n_resources: 18
Fitting 1 folds for each of 17 candidates, totalling 17 fits
----------
iter: 2
n_candidates: 6
n_resources: 54
Fitting 1 folds for each of 6 candidates, totalling 6 fits
----------
iter: 3
n_candidates: 2
n_resources: 162
Fitting 1 folds for each of 2 candidates, totalling 2 fits
      -> [LogisticRegression + SMOTE Set 5] Acc: 0.8867, F1: 0.8811, Time: 0.20s
      -> [RNN + SMOTE Set 5] Acc: 1.0000, F1: 1.0000, Time: 0.28s
    [=== Generating 3x synthetic data with SMOTE (Set 1, Params: {'k_neighbors': 1}) ===]
n_iterations: 4
n_required_iterations: 4
n_possible_iterations: 8
min_resources_: 6
max_resources_: 18400
aggressive_elimination: False
factor: 3
----------
iter: 0
n_candidates: 50
n_resources: 6
Fitting 1 folds for each of 50 candidates, totalling 50 fits
----------
iter: 1
n_candidates: 17
n_resources: 18
Fitting 1 folds for each of 17 candidates, totalling 17 fits
----------
iter: 2
n_candidates: 6
n_resources: 54
Fitting 1 folds for each of 6 candidates, totalling 6 fits
----------
iter: 3
n_candidates: 2
n_resources: 162
Fitting 1 folds for each of 2 candidates, totalling 2 fits
      -> [KNN + SMOTE Set 1] Acc: 0.9850, F1: 0.9849, Time: 0.02s
n_iterations: 4
n_required_iterations: 4
n_possible_iterations: 8
min_resources_: 6
max_resources_: 18400
aggressive_elimination: False
factor: 3
----------
iter: 0
n_candidates: 50
n_resources: 6
Fitting 1 folds for each of 50 candidates, totalling 50 fits
----------
iter: 1
n_candidates: 17
n_resources: 18
Fitting 1 folds for each of 17 candidates, totalling 17 fits
----------
iter: 2
n_candidates: 6
n_resources: 54
Fitting 1 folds for each of 6 candidates, totalling 6 fits
----------
iter: 3
n_candidates: 2
n_resources: 162
Fitting 1 folds for each of 2 candidates, totalling 2 fits
      -> [RandomForest + SMOTE Set 1] Acc: 0.9683, F1: 0.9683, Time: 3.21s
n_iterations: 4
n_required_iterations: 4
n_possible_iterations: 8
min_resources_: 6
max_resources_: 18400
aggressive_elimination: False
factor: 3
----------
iter: 0
n_candidates: 50
n_resources: 6
Fitting 1 folds for each of 50 candidates, totalling 50 fits
----------
iter: 1
n_candidates: 17
n_resources: 18
Fitting 1 folds for each of 17 candidates, totalling 17 fits
----------
iter: 2
n_candidates: 6
n_resources: 54
Fitting 1 folds for each of 6 candidates, totalling 6 fits
----------
iter: 3
n_candidates: 2
n_resources: 162
Fitting 1 folds for each of 2 candidates, totalling 2 fits
      -> [LinearSVC + SMOTE Set 1] Acc: 0.8683, F1: 0.8598, Time: 0.04s
n_iterations: 4
n_required_iterations: 4
n_possible_iterations: 8
min_resources_: 6
max_resources_: 18400
aggressive_elimination: False
factor: 3
----------
iter: 0
n_candidates: 50
n_resources: 6
Fitting 1 folds for each of 50 candidates, totalling 50 fits
----------
iter: 1
n_candidates: 17
n_resources: 18
Fitting 1 folds for each of 17 candidates, totalling 17 fits
----------
iter: 2
n_candidates: 6
n_resources: 54
Fitting 1 folds for each of 6 candidates, totalling 6 fits
----------
iter: 3
n_candidates: 2
n_resources: 162
Fitting 1 folds for each of 2 candidates, totalling 2 fits
      -> [LogisticRegression + SMOTE Set 1] Acc: 0.7117, F1: 0.6440, Time: 0.04s
      -> [RNN + SMOTE Set 1] Acc: 0.6667, F1: 0.5952, Time: 51.94s
    [=== Generating 3x synthetic data with SMOTE (Set 2, Params: {'k_neighbors': 2}) ===]
n_iterations: 4
n_required_iterations: 4
n_possible_iterations: 8
min_resources_: 6
max_resources_: 18400
aggressive_elimination: False
factor: 3
----------
iter: 0
n_candidates: 50
n_resources: 6
Fitting 1 folds for each of 50 candidates, totalling 50 fits
----------
iter: 1
n_candidates: 17
n_resources: 18
Fitting 1 folds for each of 17 candidates, totalling 17 fits
----------
iter: 2
n_candidates: 6
n_resources: 54
Fitting 1 folds for each of 6 candidates, totalling 6 fits
----------
iter: 3
n_candidates: 2
n_resources: 162
Fitting 1 folds for each of 2 candidates, totalling 2 fits
      -> [KNN + SMOTE Set 2] Acc: 0.9783, F1: 0.9782, Time: 0.03s
n_iterations: 4
n_required_iterations: 4
n_possible_iterations: 8
min_resources_: 6
max_resources_: 18400
aggressive_elimination: False
factor: 3
----------
iter: 0
n_candidates: 50
n_resources: 6
Fitting 1 folds for each of 50 candidates, totalling 50 fits
----------
iter: 1
n_candidates: 17
n_resources: 18
Fitting 1 folds for each of 17 candidates, totalling 17 fits
----------
iter: 2
n_candidates: 6
n_resources: 54
Fitting 1 folds for each of 6 candidates, totalling 6 fits
----------
iter: 3
n_candidates: 2
n_resources: 162
Fitting 1 folds for each of 2 candidates, totalling 2 fits
      -> [RandomForest + SMOTE Set 2] Acc: 0.9000, F1: 0.9013, Time: 1.01s
n_iterations: 4
n_required_iterations: 4
n_possible_iterations: 8
min_resources_: 6
max_resources_: 18400
aggressive_elimination: False
factor: 3
----------
iter: 0
n_candidates: 50
n_resources: 6
Fitting 1 folds for each of 50 candidates, totalling 50 fits
----------
iter: 1
n_candidates: 17
n_resources: 18
Fitting 1 folds for each of 17 candidates, totalling 17 fits
----------
iter: 2
n_candidates: 6
n_resources: 54
Fitting 1 folds for each of 6 candidates, totalling 6 fits
----------
iter: 3
n_candidates: 2
n_resources: 162
Fitting 1 folds for each of 2 candidates, totalling 2 fits
      -> [LinearSVC + SMOTE Set 2] Acc: 0.8583, F1: 0.8480, Time: 0.05s
n_iterations: 4
n_required_iterations: 4
n_possible_iterations: 8
min_resources_: 6
max_resources_: 18400
aggressive_elimination: False
factor: 3
----------
iter: 0
n_candidates: 50
n_resources: 6
Fitting 1 folds for each of 50 candidates, totalling 50 fits
----------
iter: 1
n_candidates: 17
n_resources: 18
Fitting 1 folds for each of 17 candidates, totalling 17 fits
----------
iter: 2
n_candidates: 6
n_resources: 54
Fitting 1 folds for each of 6 candidates, totalling 6 fits
----------
iter: 3
n_candidates: 2
n_resources: 162
Fitting 1 folds for each of 2 candidates, totalling 2 fits
      -> [LogisticRegression + SMOTE Set 2] Acc: 0.8867, F1: 0.8808, Time: 0.32s
      -> [RNN + SMOTE Set 2] Acc: 0.8333, F1: 0.7667, Time: 51.15s
    [=== Generating 3x synthetic data with SMOTE (Set 3, Params: {'k_neighbors': 3}) ===]
n_iterations: 4
n_required_iterations: 4
n_possible_iterations: 8
min_resources_: 6
max_resources_: 18400
aggressive_elimination: False
factor: 3
----------
iter: 0
n_candidates: 50
n_resources: 6
Fitting 1 folds for each of 50 candidates, totalling 50 fits
----------
iter: 1
n_candidates: 17
n_resources: 18
Fitting 1 folds for each of 17 candidates, totalling 17 fits
----------
iter: 2
n_candidates: 6
n_resources: 54
Fitting 1 folds for each of 6 candidates, totalling 6 fits
----------
iter: 3
n_candidates: 2
n_resources: 162
Fitting 1 folds for each of 2 candidates, totalling 2 fits
      -> [KNN + SMOTE Set 3] Acc: 0.9767, F1: 0.9765, Time: 0.02s
n_iterations: 4
n_required_iterations: 4
n_possible_iterations: 8
min_resources_: 6
max_resources_: 18400
aggressive_elimination: False
factor: 3
----------
iter: 0
n_candidates: 50
n_resources: 6
Fitting 1 folds for each of 50 candidates, totalling 50 fits
----------
iter: 1
n_candidates: 17
n_resources: 18
Fitting 1 folds for each of 17 candidates, totalling 17 fits
----------
iter: 2
n_candidates: 6
n_resources: 54
Fitting 1 folds for each of 6 candidates, totalling 6 fits
----------
iter: 3
n_candidates: 2
n_resources: 162
Fitting 1 folds for each of 2 candidates, totalling 2 fits
      -> [RandomForest + SMOTE Set 3] Acc: 0.9433, F1: 0.9440, Time: 1.01s
n_iterations: 4
n_required_iterations: 4
n_possible_iterations: 8
min_resources_: 6
max_resources_: 18400
aggressive_elimination: False
factor: 3
----------
iter: 0
n_candidates: 50
n_resources: 6
Fitting 1 folds for each of 50 candidates, totalling 50 fits
----------
iter: 1
n_candidates: 17
n_resources: 18
Fitting 1 folds for each of 17 candidates, totalling 17 fits
----------
iter: 2
n_candidates: 6
n_resources: 54
Fitting 1 folds for each of 6 candidates, totalling 6 fits
----------
iter: 3
n_candidates: 2
n_resources: 162
Fitting 1 folds for each of 2 candidates, totalling 2 fits
      -> [LinearSVC + SMOTE Set 3] Acc: 0.8717, F1: 0.8637, Time: 0.10s
n_iterations: 4
n_required_iterations: 4
n_possible_iterations: 8
min_resources_: 6
max_resources_: 18400
aggressive_elimination: False
factor: 3
----------
iter: 0
n_candidates: 50
n_resources: 6
Fitting 1 folds for each of 50 candidates, totalling 50 fits
----------
iter: 1
n_candidates: 17
n_resources: 18
Fitting 1 folds for each of 17 candidates, totalling 17 fits
----------
iter: 2
n_candidates: 6
n_resources: 54
Fitting 1 folds for each of 6 candidates, totalling 6 fits
----------
iter: 3
n_candidates: 2
n_resources: 162
Fitting 1 folds for each of 2 candidates, totalling 2 fits
      -> [LogisticRegression + SMOTE Set 3] Acc: 0.3333, F1: 0.1667, Time: 0.02s
      -> [RNN + SMOTE Set 3] Acc: 1.0000, F1: 1.0000, Time: 39.79s
    [=== Generating 3x synthetic data with SMOTE (Set 4, Params: {'k_neighbors': 4}) ===]
n_iterations: 4
n_required_iterations: 4
n_possible_iterations: 8
min_resources_: 6
max_resources_: 18400
aggressive_elimination: False
factor: 3
----------
iter: 0
n_candidates: 50
n_resources: 6
Fitting 1 folds for each of 50 candidates, totalling 50 fits
----------
iter: 1
n_candidates: 17
n_resources: 18
Fitting 1 folds for each of 17 candidates, totalling 17 fits
----------
iter: 2
n_candidates: 6
n_resources: 54
Fitting 1 folds for each of 6 candidates, totalling 6 fits
----------
iter: 3
n_candidates: 2
n_resources: 162
Fitting 1 folds for each of 2 candidates, totalling 2 fits
      -> [KNN + SMOTE Set 4] Acc: 0.9533, F1: 0.9526, Time: 0.06s
n_iterations: 4
n_required_iterations: 4
n_possible_iterations: 8
min_resources_: 6
max_resources_: 18400
aggressive_elimination: False
factor: 3
----------
iter: 0
n_candidates: 50
n_resources: 6
Fitting 1 folds for each of 50 candidates, totalling 50 fits
----------
iter: 1
n_candidates: 17
n_resources: 18
Fitting 1 folds for each of 17 candidates, totalling 17 fits
----------
iter: 2
n_candidates: 6
n_resources: 54
Fitting 1 folds for each of 6 candidates, totalling 6 fits
----------
iter: 3
n_candidates: 2
n_resources: 162
Fitting 1 folds for each of 2 candidates, totalling 2 fits
      -> [RandomForest + SMOTE Set 4] Acc: 0.9617, F1: 0.9620, Time: 1.34s
n_iterations: 4
n_required_iterations: 4
n_possible_iterations: 8
min_resources_: 6
max_resources_: 18400
aggressive_elimination: False
factor: 3
----------
iter: 0
n_candidates: 50
n_resources: 6
Fitting 1 folds for each of 50 candidates, totalling 50 fits
----------
iter: 1
n_candidates: 17
n_resources: 18
Fitting 1 folds for each of 17 candidates, totalling 17 fits
----------
iter: 2
n_candidates: 6
n_resources: 54
Fitting 1 folds for each of 6 candidates, totalling 6 fits
----------
iter: 3
n_candidates: 2
n_resources: 162
Fitting 1 folds for each of 2 candidates, totalling 2 fits
      -> [LinearSVC + SMOTE Set 4] Acc: 0.8967, F1: 0.8920, Time: 0.05s
n_iterations: 4
n_required_iterations: 4
n_possible_iterations: 8
min_resources_: 6
max_resources_: 18400
aggressive_elimination: False
factor: 3
----------
iter: 0
n_candidates: 50
n_resources: 6
Fitting 1 folds for each of 50 candidates, totalling 50 fits
----------
iter: 1
n_candidates: 17
n_resources: 18
Fitting 1 folds for each of 17 candidates, totalling 17 fits
----------
iter: 2
n_candidates: 6
n_resources: 54
Fitting 1 folds for each of 6 candidates, totalling 6 fits
----------
iter: 3
n_candidates: 2
n_resources: 162
Fitting 1 folds for each of 2 candidates, totalling 2 fits
      -> [LogisticRegression + SMOTE Set 4] Acc: 0.9000, F1: 0.8957, Time: 0.40s
      -> [RNN + SMOTE Set 4] Acc: 0.8333, F1: 0.8333, Time: 51.02s
    [=== Generating 3x synthetic data with SMOTE (Set 5, Params: {'k_neighbors': 5}) ===]
n_iterations: 4
n_required_iterations: 4
n_possible_iterations: 8
min_resources_: 6
max_resources_: 18400
aggressive_elimination: False
factor: 3
----------
iter: 0
n_candidates: 50
n_resources: 6
Fitting 1 folds for each of 50 candidates, totalling 50 fits
----------
iter: 1
n_candidates: 17
n_resources: 18
Fitting 1 folds for each of 17 candidates, totalling 17 fits
----------
iter: 2
n_candidates: 6
n_resources: 54
Fitting 1 folds for each of 6 candidates, totalling 6 fits
----------
iter: 3
n_candidates: 2
n_resources: 162
Fitting 1 folds for each of 2 candidates, totalling 2 fits
      -> [KNN + SMOTE Set 5] Acc: 0.9317, F1: 0.9300, Time: 0.05s
n_iterations: 4
n_required_iterations: 4
n_possible_iterations: 8
min_resources_: 6
max_resources_: 18400
aggressive_elimination: False
factor: 3
----------
iter: 0
n_candidates: 50
n_resources: 6
Fitting 1 folds for each of 50 candidates, totalling 50 fits
----------
iter: 1
n_candidates: 17
n_resources: 18
Fitting 1 folds for each of 17 candidates, totalling 17 fits
----------
iter: 2
n_candidates: 6
n_resources: 54
Fitting 1 folds for each of 6 candidates, totalling 6 fits
----------
iter: 3
n_candidates: 2
n_resources: 162
Fitting 1 folds for each of 2 candidates, totalling 2 fits
      -> [RandomForest + SMOTE Set 5] Acc: 0.9300, F1: 0.9306, Time: 3.14s
n_iterations: 4
n_required_iterations: 4
n_possible_iterations: 8
min_resources_: 6
max_resources_: 18400
aggressive_elimination: False
factor: 3
----------
iter: 0
n_candidates: 50
n_resources: 6
Fitting 1 folds for each of 50 candidates, totalling 50 fits
----------
iter: 1
n_candidates: 17
n_resources: 18
Fitting 1 folds for each of 17 candidates, totalling 17 fits
----------
iter: 2
n_candidates: 6
n_resources: 54
Fitting 1 folds for each of 6 candidates, totalling 6 fits
----------
iter: 3
n_candidates: 2
n_resources: 162
Fitting 1 folds for each of 2 candidates, totalling 2 fits
      -> [LinearSVC + SMOTE Set 5] Acc: 0.8283, F1: 0.8117, Time: 0.03s
n_iterations: 4
n_required_iterations: 4
n_possible_iterations: 8
min_resources_: 6
max_resources_: 18400
aggressive_elimination: False
factor: 3
----------
iter: 0
n_candidates: 50
n_resources: 6
Fitting 1 folds for each of 50 candidates, totalling 50 fits
----------
iter: 1
n_candidates: 17
n_resources: 18
Fitting 1 folds for each of 17 candidates, totalling 17 fits
----------
iter: 2
n_candidates: 6
n_resources: 54
Fitting 1 folds for each of 6 candidates, totalling 6 fits
----------
iter: 3
n_candidates: 2
n_resources: 162
Fitting 1 folds for each of 2 candidates, totalling 2 fits
      -> [LogisticRegression + SMOTE Set 5] Acc: 0.6667, F1: 0.5952, Time: 0.07s
      -> [RNN + SMOTE Set 5] Acc: 0.8333, F1: 0.8175, Time: 51.20s
    [=== Generating 5x synthetic data with SMOTE (Set 1, Params: {'k_neighbors': 1}) ===]
n_iterations: 4
n_required_iterations: 4
n_possible_iterations: 8
min_resources_: 6
max_resources_: 27600
aggressive_elimination: False
factor: 3
----------
iter: 0
n_candidates: 50
n_resources: 6
Fitting 1 folds for each of 50 candidates, totalling 50 fits
----------
iter: 1
n_candidates: 17
n_resources: 18
Fitting 1 folds for each of 17 candidates, totalling 17 fits
----------
iter: 2
n_candidates: 6
n_resources: 54
Fitting 1 folds for each of 6 candidates, totalling 6 fits
----------
iter: 3
n_candidates: 2
n_resources: 162
Fitting 1 folds for each of 2 candidates, totalling 2 fits
      -> [KNN + SMOTE Set 1] Acc: 0.9983, F1: 0.9983, Time: 0.04s
n_iterations: 4
n_required_iterations: 4
n_possible_iterations: 8
min_resources_: 6
max_resources_: 27600
aggressive_elimination: False
factor: 3
----------
iter: 0
n_candidates: 50
n_resources: 6
Fitting 1 folds for each of 50 candidates, totalling 50 fits
----------
iter: 1
n_candidates: 17
n_resources: 18
Fitting 1 folds for each of 17 candidates, totalling 17 fits
----------
iter: 2
n_candidates: 6
n_resources: 54
Fitting 1 folds for each of 6 candidates, totalling 6 fits
----------
iter: 3
n_candidates: 2
n_resources: 162
Fitting 1 folds for each of 2 candidates, totalling 2 fits
      -> [RandomForest + SMOTE Set 1] Acc: 0.9967, F1: 0.9967, Time: 5.93s
n_iterations: 4
n_required_iterations: 4
n_possible_iterations: 8
min_resources_: 6
max_resources_: 27600
aggressive_elimination: False
factor: 3
----------
iter: 0
n_candidates: 50
n_resources: 6
Fitting 1 folds for each of 50 candidates, totalling 50 fits
----------
iter: 1
n_candidates: 17
n_resources: 18
Fitting 1 folds for each of 17 candidates, totalling 17 fits
----------
iter: 2
n_candidates: 6
n_resources: 54
Fitting 1 folds for each of 6 candidates, totalling 6 fits
----------
iter: 3
n_candidates: 2
n_resources: 162
Fitting 1 folds for each of 2 candidates, totalling 2 fits
      -> [LinearSVC + SMOTE Set 1] Acc: 0.8733, F1: 0.8656, Time: 0.21s
n_iterations: 4
n_required_iterations: 4
n_possible_iterations: 8
min_resources_: 6
max_resources_: 27600
aggressive_elimination: False
factor: 3
----------
iter: 0
n_candidates: 50
n_resources: 6
Fitting 1 folds for each of 50 candidates, totalling 50 fits
----------
iter: 1
n_candidates: 17
n_resources: 18
Fitting 1 folds for each of 17 candidates, totalling 17 fits
----------
iter: 2
n_candidates: 6
n_resources: 54
Fitting 1 folds for each of 6 candidates, totalling 6 fits
----------
iter: 3
n_candidates: 2
n_resources: 162
Fitting 1 folds for each of 2 candidates, totalling 2 fits
      -> [LogisticRegression + SMOTE Set 1] Acc: 0.8917, F1: 0.8865, Time: 0.55s
      -> [RNN + SMOTE Set 1] Acc: 1.0000, F1: 1.0000, Time: 85.04s
    [=== Generating 5x synthetic data with SMOTE (Set 2, Params: {'k_neighbors': 2}) ===]
n_iterations: 4
n_required_iterations: 4
n_possible_iterations: 8
min_resources_: 6
max_resources_: 27600
aggressive_elimination: False
factor: 3
----------
iter: 0
n_candidates: 50
n_resources: 6
Fitting 1 folds for each of 50 candidates, totalling 50 fits
----------
iter: 1
n_candidates: 17
n_resources: 18
Fitting 1 folds for each of 17 candidates, totalling 17 fits
----------
iter: 2
n_candidates: 6
n_resources: 54
Fitting 1 folds for each of 6 candidates, totalling 6 fits
----------
iter: 3
n_candidates: 2
n_resources: 162
Fitting 1 folds for each of 2 candidates, totalling 2 fits
      -> [KNN + SMOTE Set 2] Acc: 0.9900, F1: 0.9900, Time: 0.04s
n_iterations: 4
n_required_iterations: 4
n_possible_iterations: 8
min_resources_: 6
max_resources_: 27600
aggressive_elimination: False
factor: 3
----------
iter: 0
n_candidates: 50
n_resources: 6
Fitting 1 folds for each of 50 candidates, totalling 50 fits
----------
iter: 1
n_candidates: 17
n_resources: 18
Fitting 1 folds for each of 17 candidates, totalling 17 fits
----------
iter: 2
n_candidates: 6
n_resources: 54
Fitting 1 folds for each of 6 candidates, totalling 6 fits
----------
iter: 3
n_candidates: 2
n_resources: 162
Fitting 1 folds for each of 2 candidates, totalling 2 fits
      -> [RandomForest + SMOTE Set 2] Acc: 0.9583, F1: 0.9588, Time: 2.19s
n_iterations: 4
n_required_iterations: 4
n_possible_iterations: 8
min_resources_: 6
max_resources_: 27600
aggressive_elimination: False
factor: 3
----------
iter: 0
n_candidates: 50
n_resources: 6
Fitting 1 folds for each of 50 candidates, totalling 50 fits
----------
iter: 1
n_candidates: 17
n_resources: 18
Fitting 1 folds for each of 17 candidates, totalling 17 fits
----------
iter: 2
n_candidates: 6
n_resources: 54
Fitting 1 folds for each of 6 candidates, totalling 6 fits
----------
iter: 3
n_candidates: 2
n_resources: 162
Fitting 1 folds for each of 2 candidates, totalling 2 fits
      -> [LinearSVC + SMOTE Set 2] Acc: 0.8367, F1: 0.8216, Time: 0.21s
n_iterations: 4
n_required_iterations: 4
n_possible_iterations: 8
min_resources_: 6
max_resources_: 27600
aggressive_elimination: False
factor: 3
----------
iter: 0
n_candidates: 50
n_resources: 6
Fitting 1 folds for each of 50 candidates, totalling 50 fits
----------
iter: 1
n_candidates: 17
n_resources: 18
Fitting 1 folds for each of 17 candidates, totalling 17 fits
----------
iter: 2
n_candidates: 6
n_resources: 54
Fitting 1 folds for each of 6 candidates, totalling 6 fits
----------
iter: 3
n_candidates: 2
n_resources: 162
Fitting 1 folds for each of 2 candidates, totalling 2 fits
      -> [LogisticRegression + SMOTE Set 2] Acc: 0.8933, F1: 0.8883, Time: 0.80s
      -> [RNN + SMOTE Set 2] Acc: 0.8333, F1: 0.8175, Time: 2.44s
    [=== Generating 5x synthetic data with SMOTE (Set 3, Params: {'k_neighbors': 3}) ===]
n_iterations: 4
n_required_iterations: 4
n_possible_iterations: 8
min_resources_: 6
max_resources_: 27600
aggressive_elimination: False
factor: 3
----------
iter: 0
n_candidates: 50
n_resources: 6
Fitting 1 folds for each of 50 candidates, totalling 50 fits
----------
iter: 1
n_candidates: 17
n_resources: 18
Fitting 1 folds for each of 17 candidates, totalling 17 fits
----------
iter: 2
n_candidates: 6
n_resources: 54
Fitting 1 folds for each of 6 candidates, totalling 6 fits
----------
iter: 3
n_candidates: 2
n_resources: 162
Fitting 1 folds for each of 2 candidates, totalling 2 fits
      -> [KNN + SMOTE Set 3] Acc: 0.9767, F1: 0.9765, Time: 0.04s
n_iterations: 4
n_required_iterations: 4
n_possible_iterations: 8
min_resources_: 6
max_resources_: 27600
aggressive_elimination: False
factor: 3
----------
iter: 0
n_candidates: 50
n_resources: 6
Fitting 1 folds for each of 50 candidates, totalling 50 fits
----------
iter: 1
n_candidates: 17
n_resources: 18
Fitting 1 folds for each of 17 candidates, totalling 17 fits
----------
iter: 2
n_candidates: 6
n_resources: 54
Fitting 1 folds for each of 6 candidates, totalling 6 fits
----------
iter: 3
n_candidates: 2
n_resources: 162
Fitting 1 folds for each of 2 candidates, totalling 2 fits
      -> [RandomForest + SMOTE Set 3] Acc: 0.9650, F1: 0.9653, Time: 4.17s
n_iterations: 4
n_required_iterations: 4
n_possible_iterations: 8
min_resources_: 6
max_resources_: 27600
aggressive_elimination: False
factor: 3
----------
iter: 0
n_candidates: 50
n_resources: 6
Fitting 1 folds for each of 50 candidates, totalling 50 fits
----------
iter: 1
n_candidates: 17
n_resources: 18
Fitting 1 folds for each of 17 candidates, totalling 17 fits
----------
iter: 2
n_candidates: 6
n_resources: 54
Fitting 1 folds for each of 6 candidates, totalling 6 fits
----------
iter: 3
n_candidates: 2
n_resources: 162
Fitting 1 folds for each of 2 candidates, totalling 2 fits
      -> [LinearSVC + SMOTE Set 3] Acc: 0.8867, F1: 0.8808, Time: 0.09s
n_iterations: 4
n_required_iterations: 4
n_possible_iterations: 8
min_resources_: 6
max_resources_: 27600
aggressive_elimination: False
factor: 3
----------
iter: 0
n_candidates: 50
n_resources: 6
Fitting 1 folds for each of 50 candidates, totalling 50 fits
----------
iter: 1
n_candidates: 17
n_resources: 18
Fitting 1 folds for each of 17 candidates, totalling 17 fits
----------
iter: 2
n_candidates: 6
n_resources: 54
Fitting 1 folds for each of 6 candidates, totalling 6 fits
----------
iter: 3
n_candidates: 2
n_resources: 162
Fitting 1 folds for each of 2 candidates, totalling 2 fits
      -> [LogisticRegression + SMOTE Set 3] Acc: 0.8900, F1: 0.8846, Time: 0.63s
      -> [RNN + SMOTE Set 3] Acc: 0.8333, F1: 0.7667, Time: 31.35s
    [=== Generating 5x synthetic data with SMOTE (Set 4, Params: {'k_neighbors': 4}) ===]
n_iterations: 4
n_required_iterations: 4
n_possible_iterations: 8
min_resources_: 6
max_resources_: 27600
aggressive_elimination: False
factor: 3
----------
iter: 0
n_candidates: 50
n_resources: 6
Fitting 1 folds for each of 50 candidates, totalling 50 fits
----------
iter: 1
n_candidates: 17
n_resources: 18
Fitting 1 folds for each of 17 candidates, totalling 17 fits
----------
iter: 2
n_candidates: 6
n_resources: 54
Fitting 1 folds for each of 6 candidates, totalling 6 fits
----------
iter: 3
n_candidates: 2
n_resources: 162
Fitting 1 folds for each of 2 candidates, totalling 2 fits
      -> [KNN + SMOTE Set 4] Acc: 0.9550, F1: 0.9543, Time: 0.06s
n_iterations: 4
n_required_iterations: 4
n_possible_iterations: 8
min_resources_: 6
max_resources_: 27600
aggressive_elimination: False
factor: 3
----------
iter: 0
n_candidates: 50
n_resources: 6
Fitting 1 folds for each of 50 candidates, totalling 50 fits
----------
iter: 1
n_candidates: 17
n_resources: 18
Fitting 1 folds for each of 17 candidates, totalling 17 fits
----------
iter: 2
n_candidates: 6
n_resources: 54
Fitting 1 folds for each of 6 candidates, totalling 6 fits
----------
iter: 3
n_candidates: 2
n_resources: 162
Fitting 1 folds for each of 2 candidates, totalling 2 fits
      -> [RandomForest + SMOTE Set 4] Acc: 0.9950, F1: 0.9950, Time: 6.27s
n_iterations: 4
n_required_iterations: 4
n_possible_iterations: 8
min_resources_: 6
max_resources_: 27600
aggressive_elimination: False
factor: 3
----------
iter: 0
n_candidates: 50
n_resources: 6
Fitting 1 folds for each of 50 candidates, totalling 50 fits
----------
iter: 1
n_candidates: 17
n_resources: 18
Fitting 1 folds for each of 17 candidates, totalling 17 fits
----------
iter: 2
n_candidates: 6
n_resources: 54
Fitting 1 folds for each of 6 candidates, totalling 6 fits
----------
iter: 3
n_candidates: 2
n_resources: 162
Fitting 1 folds for each of 2 candidates, totalling 2 fits
      -> [LinearSVC + SMOTE Set 4] Acc: 0.8750, F1: 0.8675, Time: 0.19s
n_iterations: 4
n_required_iterations: 4
n_possible_iterations: 8
min_resources_: 6
max_resources_: 27600
aggressive_elimination: False
factor: 3
----------
iter: 0
n_candidates: 50
n_resources: 6
Fitting 1 folds for each of 50 candidates, totalling 50 fits
----------
iter: 1
n_candidates: 17
n_resources: 18
Fitting 1 folds for each of 17 candidates, totalling 17 fits
----------
iter: 2
n_candidates: 6
n_resources: 54
Fitting 1 folds for each of 6 candidates, totalling 6 fits
----------
iter: 3
n_candidates: 2
n_resources: 162
Fitting 1 folds for each of 2 candidates, totalling 2 fits
      -> [LogisticRegression + SMOTE Set 4] Acc: 0.8983, F1: 0.8939, Time: 0.48s
      -> [RNN + SMOTE Set 4] Acc: 0.8333, F1: 0.8175, Time: 30.12s
    [=== Generating 5x synthetic data with SMOTE (Set 5, Params: {'k_neighbors': 5}) ===]
n_iterations: 4
n_required_iterations: 4
n_possible_iterations: 8
min_resources_: 6
max_resources_: 27600
aggressive_elimination: False
factor: 3
----------
iter: 0
n_candidates: 50
n_resources: 6
Fitting 1 folds for each of 50 candidates, totalling 50 fits
----------
iter: 1
n_candidates: 17
n_resources: 18
Fitting 1 folds for each of 17 candidates, totalling 17 fits
----------
iter: 2
n_candidates: 6
n_resources: 54
Fitting 1 folds for each of 6 candidates, totalling 6 fits
----------
iter: 3
n_candidates: 2
n_resources: 162
Fitting 1 folds for each of 2 candidates, totalling 2 fits
      -> [KNN + SMOTE Set 5] Acc: 0.9767, F1: 0.9765, Time: 0.04s
n_iterations: 4
n_required_iterations: 4
n_possible_iterations: 8
min_resources_: 6
max_resources_: 27600
aggressive_elimination: False
factor: 3
----------
iter: 0
n_candidates: 50
n_resources: 6
Fitting 1 folds for each of 50 candidates, totalling 50 fits
----------
iter: 1
n_candidates: 17
n_resources: 18
Fitting 1 folds for each of 17 candidates, totalling 17 fits
----------
iter: 2
n_candidates: 6
n_resources: 54
Fitting 1 folds for each of 6 candidates, totalling 6 fits
----------
iter: 3
n_candidates: 2
n_resources: 162
Fitting 1 folds for each of 2 candidates, totalling 2 fits
      -> [RandomForest + SMOTE Set 5] Acc: 0.9850, F1: 0.9850, Time: 6.03s
n_iterations: 4
n_required_iterations: 4
n_possible_iterations: 8
min_resources_: 6
max_resources_: 27600
aggressive_elimination: False
factor: 3
----------
iter: 0
n_candidates: 50
n_resources: 6
Fitting 1 folds for each of 50 candidates, totalling 50 fits
----------
iter: 1
n_candidates: 17
n_resources: 18
Fitting 1 folds for each of 17 candidates, totalling 17 fits
----------
iter: 2
n_candidates: 6
n_resources: 54
Fitting 1 folds for each of 6 candidates, totalling 6 fits
----------
iter: 3
n_candidates: 2
n_resources: 162
Fitting 1 folds for each of 2 candidates, totalling 2 fits
      -> [LinearSVC + SMOTE Set 5] Acc: 0.8717, F1: 0.8640, Time: 0.07s
n_iterations: 4
n_required_iterations: 4
n_possible_iterations: 8
min_resources_: 6
max_resources_: 27600
aggressive_elimination: False
factor: 3
----------
iter: 0
n_candidates: 50
n_resources: 6
Fitting 1 folds for each of 50 candidates, totalling 50 fits
----------
iter: 1
n_candidates: 17
n_resources: 18
Fitting 1 folds for each of 17 candidates, totalling 17 fits
----------
iter: 2
n_candidates: 6
n_resources: 54
Fitting 1 folds for each of 6 candidates, totalling 6 fits
----------
iter: 3
n_candidates: 2
n_resources: 162
Fitting 1 folds for each of 2 candidates, totalling 2 fits
      -> [LogisticRegression + SMOTE Set 5] Acc: 0.8933, F1: 0.8885, Time: 0.62s
      -> [RNN + SMOTE Set 5] Acc: 1.0000, F1: 1.0000, Time: 29.58s
    [=== Generating 10x synthetic data with SMOTE (Set 1, Params: {'k_neighbors': 1}) ===]
n_iterations: 4
n_required_iterations: 4
n_possible_iterations: 9
min_resources_: 6
max_resources_: 50600
aggressive_elimination: False
factor: 3
----------
iter: 0
n_candidates: 50
n_resources: 6
Fitting 1 folds for each of 50 candidates, totalling 50 fits
      -> [KNN + SMOTE Set 1] Acc: 0.9767, F1: 0.9765, Time: 0.08s
n_iterations: 4
n_required_iterations: 4
n_possible_iterations: 9
min_resources_: 6
max_resources_: 50600
aggressive_elimination: False
factor: 3
----------
iter: 0
n_candidates: 50
n_resources: 6
Fitting 1 folds for each of 50 candidates, totalling 50 fits
      -> [RandomForest + SMOTE Set 1] Acc: 0.9850, F1: 0.9851, Time: 8.30s
n_iterations: 4
n_required_iterations: 4
n_possible_iterations: 9
min_resources_: 6
max_resources_: 50600
aggressive_elimination: False
factor: 3
----------
iter: 0
n_candidates: 50
n_resources: 6
Fitting 1 folds for each of 50 candidates, totalling 50 fits
      -> [LinearSVC + SMOTE Set 1] Acc: 0.8733, F1: 0.8659, Time: 0.18s
n_iterations: 4
n_required_iterations: 4
n_possible_iterations: 9
min_resources_: 6
max_resources_: 50600
aggressive_elimination: False
factor: 3
----------
iter: 0
n_candidates: 50
n_resources: 6
Fitting 1 folds for each of 50 candidates, totalling 50 fits
      -> [LogisticRegression + SMOTE Set 1] Acc: 0.8867, F1: 0.8811, Time: 1.89s
      -> [RNN + SMOTE Set 1] Acc: 1.0000, F1: 1.0000, Time: 43.68s
    [=== Generating 10x synthetic data with SMOTE (Set 2, Params: {'k_neighbors': 2}) ===]
n_iterations: 4
n_required_iterations: 4
n_possible_iterations: 9
min_resources_: 6
max_resources_: 50600
aggressive_elimination: False
factor: 3
----------
iter: 0
n_candidates: 50
n_resources: 6
Fitting 1 folds for each of 50 candidates, totalling 50 fits
      -> [KNN + SMOTE Set 2] Acc: 0.9767, F1: 0.9765, Time: 0.07s
n_iterations: 4
n_required_iterations: 4
n_possible_iterations: 9
min_resources_: 6
max_resources_: 50600
aggressive_elimination: False
factor: 3
----------
iter: 0
n_candidates: 50
n_resources: 6
Fitting 1 folds for each of 50 candidates, totalling 50 fits
      -> [RandomForest + SMOTE Set 2] Acc: 0.9867, F1: 0.9867, Time: 8.15s
n_iterations: 4
n_required_iterations: 4
n_possible_iterations: 9
min_resources_: 6
max_resources_: 50600
aggressive_elimination: False
factor: 3
----------
iter: 0
n_candidates: 50
n_resources: 6
Fitting 1 folds for each of 50 candidates, totalling 50 fits
      -> [LinearSVC + SMOTE Set 2] Acc: 0.8850, F1: 0.8792, Time: 0.17s
n_iterations: 4
n_required_iterations: 4
n_possible_iterations: 9
min_resources_: 6
max_resources_: 50600
aggressive_elimination: False
factor: 3
----------
iter: 0
n_candidates: 50
n_resources: 6
Fitting 1 folds for each of 50 candidates, totalling 50 fits
      -> [LogisticRegression + SMOTE Set 2] Acc: 0.8933, F1: 0.8885, Time: 1.19s
      -> [RNN + SMOTE Set 2] Acc: 0.6667, F1: 0.5952, Time: 80.78s
    [=== Generating 10x synthetic data with SMOTE (Set 3, Params: {'k_neighbors': 3}) ===]
n_iterations: 4
n_required_iterations: 4
n_possible_iterations: 9
min_resources_: 6
max_resources_: 50600
aggressive_elimination: False
factor: 3
----------
iter: 0
n_candidates: 50
n_resources: 6
Fitting 1 folds for each of 50 candidates, totalling 50 fits
      -> [KNN + SMOTE Set 3] Acc: 0.9767, F1: 0.9765, Time: 0.08s
n_iterations: 4
n_required_iterations: 4
n_possible_iterations: 9
min_resources_: 6
max_resources_: 50600
aggressive_elimination: False
factor: 3
----------
iter: 0
n_candidates: 50
n_resources: 6
Fitting 1 folds for each of 50 candidates, totalling 50 fits
      -> [RandomForest + SMOTE Set 3] Acc: 0.9700, F1: 0.9702, Time: 7.72s
n_iterations: 4
n_required_iterations: 4
n_possible_iterations: 9
min_resources_: 6
max_resources_: 50600
aggressive_elimination: False
factor: 3
----------
iter: 0
n_candidates: 50
n_resources: 6
Fitting 1 folds for each of 50 candidates, totalling 50 fits
      -> [LinearSVC + SMOTE Set 3] Acc: 0.8883, F1: 0.8827, Time: 0.19s
n_iterations: 4
n_required_iterations: 4
n_possible_iterations: 9
min_resources_: 6
max_resources_: 50600
aggressive_elimination: False
factor: 3
----------
iter: 0
n_candidates: 50
n_resources: 6
Fitting 1 folds for each of 50 candidates, totalling 50 fits
      -> [LogisticRegression + SMOTE Set 3] Acc: 0.8967, F1: 0.8920, Time: 0.73s
      -> [RNN + SMOTE Set 3] Acc: 1.0000, F1: 1.0000, Time: 2.81s
    [=== Generating 10x synthetic data with SMOTE (Set 4, Params: {'k_neighbors': 4}) ===]
n_iterations: 4
n_required_iterations: 4
n_possible_iterations: 9
min_resources_: 6
max_resources_: 50600
aggressive_elimination: False
factor: 3
----------
iter: 0
n_candidates: 50
n_resources: 6
Fitting 1 folds for each of 50 candidates, totalling 50 fits
      -> [KNN + SMOTE Set 4] Acc: 0.9767, F1: 0.9765, Time: 0.08s
n_iterations: 4
n_required_iterations: 4
n_possible_iterations: 9
min_resources_: 6
max_resources_: 50600
aggressive_elimination: False
factor: 3
----------
iter: 0
n_candidates: 50
n_resources: 6
Fitting 1 folds for each of 50 candidates, totalling 50 fits
      -> [RandomForest + SMOTE Set 4] Acc: 0.9833, F1: 0.9834, Time: 8.28s
n_iterations: 4
n_required_iterations: 4
n_possible_iterations: 9
min_resources_: 6
max_resources_: 50600
aggressive_elimination: False
factor: 3
----------
iter: 0
n_candidates: 50
n_resources: 6
Fitting 1 folds for each of 50 candidates, totalling 50 fits
      -> [LinearSVC + SMOTE Set 4] Acc: 0.9000, F1: 0.8957, Time: 0.16s
n_iterations: 4
n_required_iterations: 4
n_possible_iterations: 9
min_resources_: 6
max_resources_: 50600
aggressive_elimination: False
factor: 3
----------
iter: 0
n_candidates: 50
n_resources: 6
Fitting 1 folds for each of 50 candidates, totalling 50 fits
      -> [LogisticRegression + SMOTE Set 4] Acc: 0.9017, F1: 0.8976, Time: 1.16s
      -> [RNN + SMOTE Set 4] Acc: 1.0000, F1: 1.0000, Time: 85.29s
    [=== Generating 10x synthetic data with SMOTE (Set 5, Params: {'k_neighbors': 5}) ===]
n_iterations: 4
n_required_iterations: 4
n_possible_iterations: 9
min_resources_: 6
max_resources_: 50600
aggressive_elimination: False
factor: 3
----------
iter: 0
n_candidates: 50
n_resources: 6
Fitting 1 folds for each of 50 candidates, totalling 50 fits
      -> [KNN + SMOTE Set 5] Acc: 0.9767, F1: 0.9765, Time: 0.08s
n_iterations: 4
n_required_iterations: 4
n_possible_iterations: 9
min_resources_: 6
max_resources_: 50600
aggressive_elimination: False
factor: 3
----------
iter: 0
n_candidates: 50
n_resources: 6
Fitting 1 folds for each of 50 candidates, totalling 50 fits
      -> [RandomForest + SMOTE Set 5] Acc: 0.9633, F1: 0.9637, Time: 7.79s
n_iterations: 4
n_required_iterations: 4
n_possible_iterations: 9
min_resources_: 6
max_resources_: 50600
aggressive_elimination: False
factor: 3
----------
iter: 0
n_candidates: 50
n_resources: 6
Fitting 1 folds for each of 50 candidates, totalling 50 fits
      -> [LinearSVC + SMOTE Set 5] Acc: 0.8700, F1: 0.8620, Time: 0.15s
n_iterations: 4
n_required_iterations: 4
n_possible_iterations: 9
min_resources_: 6
max_resources_: 50600
aggressive_elimination: False
factor: 3
----------
iter: 0
n_candidates: 50
n_resources: 6
Fitting 1 folds for each of 50 candidates, totalling 50 fits
      -> [LogisticRegression + SMOTE Set 5] Acc: 0.8883, F1: 0.8829, Time: 1.31s
      -> [RNN + SMOTE Set 5] Acc: 1.0000, F1: 1.0000, Time: 1.42s

    >> Seed Fold Selection: 6/10
    Evaluating Model: KNN
      -> [Baseline] Acc: 0.9150, F1: 0.9121, Time: 0.03s
      HP Tuning KNN...
n_iterations: 4
n_required_iterations: 4
n_possible_iterations: 5
min_resources_: 30
max_resources_: 4600
aggressive_elimination: False
factor: 3
----------
iter: 0
n_candidates: 50
n_resources: 30
Fitting 5 folds for each of 50 candidates, totalling 250 fits
----------
iter: 1
n_candidates: 17
n_resources: 90
Fitting 5 folds for each of 17 candidates, totalling 85 fits
----------
iter: 2
n_candidates: 6
n_resources: 270
Fitting 5 folds for each of 6 candidates, totalling 30 fits
----------
iter: 3
n_candidates: 2
n_resources: 810
Fitting 5 folds for each of 2 candidates, totalling 10 fits
      -> [Tuned_Baseline] Acc: 0.8333, F1: 0.8175, Time: 0.00s
    Evaluating Model: RandomForest
      -> [Baseline] Acc: 0.9767, F1: 0.9765, Time: 0.73s
      HP Tuning RandomForest...
n_iterations: 4
n_required_iterations: 4
n_possible_iterations: 5
min_resources_: 30
max_resources_: 4600
aggressive_elimination: False
factor: 3
----------
iter: 0
n_candidates: 50
n_resources: 30
Fitting 5 folds for each of 50 candidates, totalling 250 fits
----------
iter: 1
n_candidates: 17
n_resources: 90
Fitting 5 folds for each of 17 candidates, totalling 85 fits
----------
iter: 2
n_candidates: 6
n_resources: 270
Fitting 5 folds for each of 6 candidates, totalling 30 fits
----------
iter: 3
n_candidates: 2
n_resources: 810
Fitting 5 folds for each of 2 candidates, totalling 10 fits
      -> [Tuned_Baseline] Acc: 0.9767, F1: 0.9765, Time: 0.01s
    Evaluating Model: LinearSVC
      -> [Baseline] Acc: 0.8367, F1: 0.8221, Time: 0.03s
      HP Tuning LinearSVC...
n_iterations: 4
n_required_iterations: 4
n_possible_iterations: 5
min_resources_: 30
max_resources_: 4600
aggressive_elimination: False
factor: 3
----------
iter: 0
n_candidates: 50
n_resources: 30
Fitting 5 folds for each of 50 candidates, totalling 250 fits
----------
iter: 1
n_candidates: 17
n_resources: 90
Fitting 5 folds for each of 17 candidates, totalling 85 fits
----------
iter: 2
n_candidates: 6
n_resources: 270
Fitting 5 folds for each of 6 candidates, totalling 30 fits
----------
iter: 3
n_candidates: 2
n_resources: 810
Fitting 5 folds for each of 2 candidates, totalling 10 fits
      -> [Tuned_Baseline] Acc: 0.8367, F1: 0.8216, Time: 0.00s
    Evaluating Model: LogisticRegression
      -> [Baseline] Acc: 0.8667, F1: 0.8582, Time: 0.34s
      HP Tuning LogisticRegression...
n_iterations: 4
n_required_iterations: 4
n_possible_iterations: 5
min_resources_: 30
max_resources_: 4600
aggressive_elimination: False
factor: 3
----------
iter: 0
n_candidates: 50
n_resources: 30
Fitting 5 folds for each of 50 candidates, totalling 250 fits
----------
iter: 1
n_candidates: 17
n_resources: 90
Fitting 5 folds for each of 17 candidates, totalling 85 fits
----------
iter: 2
n_candidates: 6
n_resources: 270
Fitting 5 folds for each of 6 candidates, totalling 30 fits
----------
iter: 3
n_candidates: 2
n_resources: 810
Fitting 5 folds for each of 2 candidates, totalling 10 fits
      -> [Tuned_Baseline] Acc: 0.8750, F1: 0.8675, Time: 0.00s
    Evaluating Model: RNN
      -> [Baseline] Acc: 0.8333, F1: 0.7667, Time: 0.48s
      HP Tuning RNN...
n_iterations: 2
n_required_iterations: 2
n_possible_iterations: 2
min_resources_: 10
max_resources_: 46
aggressive_elimination: False
factor: 3
----------
iter: 0
n_candidates: 4
n_resources: 10
Fitting 5 folds for each of 4 candidates, totalling 20 fits
----------
iter: 1
n_candidates: 2
n_resources: 30
Fitting 5 folds for each of 2 candidates, totalling 10 fits
      -> [Tuned_Baseline] Acc: 0.6667, F1: 0.6667, Time: 0.03s
    [=== Generating 2x synthetic data with SMOTE (Set 1, Params: {'k_neighbors': 1}) ===]
n_iterations: 4
n_required_iterations: 4
n_possible_iterations: 8
min_resources_: 6
max_resources_: 13800
aggressive_elimination: False
factor: 3
----------
iter: 0
n_candidates: 50
n_resources: 6
Fitting 1 folds for each of 50 candidates, totalling 50 fits
----------
iter: 1
n_candidates: 17
n_resources: 18
Fitting 1 folds for each of 17 candidates, totalling 17 fits
----------
iter: 2
n_candidates: 6
n_resources: 54
Fitting 1 folds for each of 6 candidates, totalling 6 fits
----------
iter: 3
n_candidates: 2
n_resources: 162
Fitting 1 folds for each of 2 candidates, totalling 2 fits
      -> [KNN + SMOTE Set 1] Acc: 0.8333, F1: 0.8175, Time: 0.04s
n_iterations: 4
n_required_iterations: 4
n_possible_iterations: 8
min_resources_: 6
max_resources_: 13800
aggressive_elimination: False
factor: 3
----------
iter: 0
n_candidates: 50
n_resources: 6
Fitting 1 folds for each of 50 candidates, totalling 50 fits
----------
iter: 1
n_candidates: 17
n_resources: 18
Fitting 1 folds for each of 17 candidates, totalling 17 fits
----------
iter: 2
n_candidates: 6
n_resources: 54
Fitting 1 folds for each of 6 candidates, totalling 6 fits
----------
iter: 3
n_candidates: 2
n_resources: 162
Fitting 1 folds for each of 2 candidates, totalling 2 fits
      -> [RandomForest + SMOTE Set 1] Acc: 0.9783, F1: 0.9782, Time: 0.76s
n_iterations: 4
n_required_iterations: 4
n_possible_iterations: 8
min_resources_: 6
max_resources_: 13800
aggressive_elimination: False
factor: 3
----------
iter: 0
n_candidates: 50
n_resources: 6
Fitting 1 folds for each of 50 candidates, totalling 50 fits
----------
iter: 1
n_candidates: 17
n_resources: 18
Fitting 1 folds for each of 17 candidates, totalling 17 fits
----------
iter: 2
n_candidates: 6
n_resources: 54
Fitting 1 folds for each of 6 candidates, totalling 6 fits
----------
iter: 3
n_candidates: 2
n_resources: 162
Fitting 1 folds for each of 2 candidates, totalling 2 fits
      -> [LinearSVC + SMOTE Set 1] Acc: 0.8333, F1: 0.8175, Time: 0.07s
n_iterations: 4
n_required_iterations: 4
n_possible_iterations: 8
min_resources_: 6
max_resources_: 13800
aggressive_elimination: False
factor: 3
----------
iter: 0
n_candidates: 50
n_resources: 6
Fitting 1 folds for each of 50 candidates, totalling 50 fits
----------
iter: 1
n_candidates: 17
n_resources: 18
Fitting 1 folds for each of 17 candidates, totalling 17 fits
----------
iter: 2
n_candidates: 6
n_resources: 54
Fitting 1 folds for each of 6 candidates, totalling 6 fits
----------
iter: 3
n_candidates: 2
n_resources: 162
Fitting 1 folds for each of 2 candidates, totalling 2 fits
      -> [LogisticRegression + SMOTE Set 1] Acc: 0.8733, F1: 0.8659, Time: 0.27s
      -> [RNN + SMOTE Set 1] Acc: 0.8333, F1: 0.7667, Time: 1.06s
    [=== Generating 2x synthetic data with SMOTE (Set 2, Params: {'k_neighbors': 2}) ===]
n_iterations: 4
n_required_iterations: 4
n_possible_iterations: 8
min_resources_: 6
max_resources_: 13800
aggressive_elimination: False
factor: 3
----------
iter: 0
n_candidates: 50
n_resources: 6
Fitting 1 folds for each of 50 candidates, totalling 50 fits
----------
iter: 1
n_candidates: 17
n_resources: 18
Fitting 1 folds for each of 17 candidates, totalling 17 fits
----------
iter: 2
n_candidates: 6
n_resources: 54
Fitting 1 folds for each of 6 candidates, totalling 6 fits
----------
iter: 3
n_candidates: 2
n_resources: 162
Fitting 1 folds for each of 2 candidates, totalling 2 fits
      -> [KNN + SMOTE Set 2] Acc: 0.8333, F1: 0.8175, Time: 0.03s
n_iterations: 4
n_required_iterations: 4
n_possible_iterations: 8
min_resources_: 6
max_resources_: 13800
aggressive_elimination: False
factor: 3
----------
iter: 0
n_candidates: 50
n_resources: 6
Fitting 1 folds for each of 50 candidates, totalling 50 fits
----------
iter: 1
n_candidates: 17
n_resources: 18
Fitting 1 folds for each of 17 candidates, totalling 17 fits
----------
iter: 2
n_candidates: 6
n_resources: 54
Fitting 1 folds for each of 6 candidates, totalling 6 fits
----------
iter: 3
n_candidates: 2
n_resources: 162
Fitting 1 folds for each of 2 candidates, totalling 2 fits
      -> [RandomForest + SMOTE Set 2] Acc: 0.9750, F1: 0.9749, Time: 0.61s
n_iterations: 4
n_required_iterations: 4
n_possible_iterations: 8
min_resources_: 6
max_resources_: 13800
aggressive_elimination: False
factor: 3
----------
iter: 0
n_candidates: 50
n_resources: 6
Fitting 1 folds for each of 50 candidates, totalling 50 fits
----------
iter: 1
n_candidates: 17
n_resources: 18
Fitting 1 folds for each of 17 candidates, totalling 17 fits
----------
iter: 2
n_candidates: 6
n_resources: 54
Fitting 1 folds for each of 6 candidates, totalling 6 fits
----------
iter: 3
n_candidates: 2
n_resources: 162
Fitting 1 folds for each of 2 candidates, totalling 2 fits
      -> [LinearSVC + SMOTE Set 2] Acc: 0.8317, F1: 0.8159, Time: 0.08s
n_iterations: 4
n_required_iterations: 4
n_possible_iterations: 8
min_resources_: 6
max_resources_: 13800
aggressive_elimination: False
factor: 3
----------
iter: 0
n_candidates: 50
n_resources: 6
Fitting 1 folds for each of 50 candidates, totalling 50 fits
----------
iter: 1
n_candidates: 17
n_resources: 18
Fitting 1 folds for each of 17 candidates, totalling 17 fits
----------
iter: 2
n_candidates: 6
n_resources: 54
Fitting 1 folds for each of 6 candidates, totalling 6 fits
----------
iter: 3
n_candidates: 2
n_resources: 162
Fitting 1 folds for each of 2 candidates, totalling 2 fits
      -> [LogisticRegression + SMOTE Set 2] Acc: 0.8867, F1: 0.8811, Time: 0.26s
      -> [RNN + SMOTE Set 2] Acc: 1.0000, F1: 1.0000, Time: 0.29s
    [=== Generating 2x synthetic data with SMOTE (Set 3, Params: {'k_neighbors': 3}) ===]
n_iterations: 4
n_required_iterations: 4
n_possible_iterations: 8
min_resources_: 6
max_resources_: 13800
aggressive_elimination: False
factor: 3
----------
iter: 0
n_candidates: 50
n_resources: 6
Fitting 1 folds for each of 50 candidates, totalling 50 fits
----------
iter: 1
n_candidates: 17
n_resources: 18
Fitting 1 folds for each of 17 candidates, totalling 17 fits
----------
iter: 2
n_candidates: 6
n_resources: 54
Fitting 1 folds for each of 6 candidates, totalling 6 fits
----------
iter: 3
n_candidates: 2
n_resources: 162
Fitting 1 folds for each of 2 candidates, totalling 2 fits
      -> [KNN + SMOTE Set 3] Acc: 0.8333, F1: 0.8175, Time: 0.03s
n_iterations: 4
n_required_iterations: 4
n_possible_iterations: 8
min_resources_: 6
max_resources_: 13800
aggressive_elimination: False
factor: 3
----------
iter: 0
n_candidates: 50
n_resources: 6
Fitting 1 folds for each of 50 candidates, totalling 50 fits
----------
iter: 1
n_candidates: 17
n_resources: 18
Fitting 1 folds for each of 17 candidates, totalling 17 fits
----------
iter: 2
n_candidates: 6
n_resources: 54
Fitting 1 folds for each of 6 candidates, totalling 6 fits
----------
iter: 3
n_candidates: 2
n_resources: 162
Fitting 1 folds for each of 2 candidates, totalling 2 fits
      -> [RandomForest + SMOTE Set 3] Acc: 0.9767, F1: 0.9765, Time: 0.83s
n_iterations: 4
n_required_iterations: 4
n_possible_iterations: 8
min_resources_: 6
max_resources_: 13800
aggressive_elimination: False
factor: 3
----------
iter: 0
n_candidates: 50
n_resources: 6
Fitting 1 folds for each of 50 candidates, totalling 50 fits
----------
iter: 1
n_candidates: 17
n_resources: 18
Fitting 1 folds for each of 17 candidates, totalling 17 fits
----------
iter: 2
n_candidates: 6
n_resources: 54
Fitting 1 folds for each of 6 candidates, totalling 6 fits
----------
iter: 3
n_candidates: 2
n_resources: 162
Fitting 1 folds for each of 2 candidates, totalling 2 fits
      -> [LinearSVC + SMOTE Set 3] Acc: 0.8433, F1: 0.8299, Time: 0.04s
n_iterations: 4
n_required_iterations: 4
n_possible_iterations: 8
min_resources_: 6
max_resources_: 13800
aggressive_elimination: False
factor: 3
----------
iter: 0
n_candidates: 50
n_resources: 6
Fitting 1 folds for each of 50 candidates, totalling 50 fits
----------
iter: 1
n_candidates: 17
n_resources: 18
Fitting 1 folds for each of 17 candidates, totalling 17 fits
----------
iter: 2
n_candidates: 6
n_resources: 54
Fitting 1 folds for each of 6 candidates, totalling 6 fits
----------
iter: 3
n_candidates: 2
n_resources: 162
Fitting 1 folds for each of 2 candidates, totalling 2 fits
      -> [LogisticRegression + SMOTE Set 3] Acc: 0.8883, F1: 0.8827, Time: 0.28s
      -> [RNN + SMOTE Set 3] Acc: 1.0000, F1: 1.0000, Time: 2.79s
    [=== Generating 2x synthetic data with SMOTE (Set 4, Params: {'k_neighbors': 4}) ===]
n_iterations: 4
n_required_iterations: 4
n_possible_iterations: 8
min_resources_: 6
max_resources_: 13800
aggressive_elimination: False
factor: 3
----------
iter: 0
n_candidates: 50
n_resources: 6
Fitting 1 folds for each of 50 candidates, totalling 50 fits
----------
iter: 1
n_candidates: 17
n_resources: 18
Fitting 1 folds for each of 17 candidates, totalling 17 fits
----------
iter: 2
n_candidates: 6
n_resources: 54
Fitting 1 folds for each of 6 candidates, totalling 6 fits
----------
iter: 3
n_candidates: 2
n_resources: 162
Fitting 1 folds for each of 2 candidates, totalling 2 fits
      -> [KNN + SMOTE Set 4] Acc: 0.9150, F1: 0.9121, Time: 0.01s
n_iterations: 4
n_required_iterations: 4
n_possible_iterations: 8
min_resources_: 6
max_resources_: 13800
aggressive_elimination: False
factor: 3
----------
iter: 0
n_candidates: 50
n_resources: 6
Fitting 1 folds for each of 50 candidates, totalling 50 fits
----------
iter: 1
n_candidates: 17
n_resources: 18
Fitting 1 folds for each of 17 candidates, totalling 17 fits
----------
iter: 2
n_candidates: 6
n_resources: 54
Fitting 1 folds for each of 6 candidates, totalling 6 fits
----------
iter: 3
n_candidates: 2
n_resources: 162
Fitting 1 folds for each of 2 candidates, totalling 2 fits
      -> [RandomForest + SMOTE Set 4] Acc: 0.9733, F1: 0.9732, Time: 0.59s
n_iterations: 4
n_required_iterations: 4
n_possible_iterations: 8
min_resources_: 6
max_resources_: 13800
aggressive_elimination: False
factor: 3
----------
iter: 0
n_candidates: 50
n_resources: 6
Fitting 1 folds for each of 50 candidates, totalling 50 fits
----------
iter: 1
n_candidates: 17
n_resources: 18
Fitting 1 folds for each of 17 candidates, totalling 17 fits
----------
iter: 2
n_candidates: 6
n_resources: 54
Fitting 1 folds for each of 6 candidates, totalling 6 fits
----------
iter: 3
n_candidates: 2
n_resources: 162
Fitting 1 folds for each of 2 candidates, totalling 2 fits
      -> [LinearSVC + SMOTE Set 4] Acc: 0.8317, F1: 0.8159, Time: 0.10s
n_iterations: 4
n_required_iterations: 4
n_possible_iterations: 8
min_resources_: 6
max_resources_: 13800
aggressive_elimination: False
factor: 3
----------
iter: 0
n_candidates: 50
n_resources: 6
Fitting 1 folds for each of 50 candidates, totalling 50 fits
----------
iter: 1
n_candidates: 17
n_resources: 18
Fitting 1 folds for each of 17 candidates, totalling 17 fits
----------
iter: 2
n_candidates: 6
n_resources: 54
Fitting 1 folds for each of 6 candidates, totalling 6 fits
----------
iter: 3
n_candidates: 2
n_resources: 162
Fitting 1 folds for each of 2 candidates, totalling 2 fits
      -> [LogisticRegression + SMOTE Set 4] Acc: 0.8983, F1: 0.8939, Time: 0.21s
      -> [RNN + SMOTE Set 4] Acc: 1.0000, F1: 1.0000, Time: 0.70s
    [=== Generating 2x synthetic data with SMOTE (Set 5, Params: {'k_neighbors': 5}) ===]
n_iterations: 4
n_required_iterations: 4
n_possible_iterations: 8
min_resources_: 6
max_resources_: 13800
aggressive_elimination: False
factor: 3
----------
iter: 0
n_candidates: 50
n_resources: 6
Fitting 1 folds for each of 50 candidates, totalling 50 fits
----------
iter: 1
n_candidates: 17
n_resources: 18
Fitting 1 folds for each of 17 candidates, totalling 17 fits
----------
iter: 2
n_candidates: 6
n_resources: 54
Fitting 1 folds for each of 6 candidates, totalling 6 fits
----------
iter: 3
n_candidates: 2
n_resources: 162
Fitting 1 folds for each of 2 candidates, totalling 2 fits
      -> [KNN + SMOTE Set 5] Acc: 0.8333, F1: 0.8175, Time: 0.03s
n_iterations: 4
n_required_iterations: 4
n_possible_iterations: 8
min_resources_: 6
max_resources_: 13800
aggressive_elimination: False
factor: 3
----------
iter: 0
n_candidates: 50
n_resources: 6
Fitting 1 folds for each of 50 candidates, totalling 50 fits
----------
iter: 1
n_candidates: 17
n_resources: 18
Fitting 1 folds for each of 17 candidates, totalling 17 fits
----------
iter: 2
n_candidates: 6
n_resources: 54
Fitting 1 folds for each of 6 candidates, totalling 6 fits
----------
iter: 3
n_candidates: 2
n_resources: 162
Fitting 1 folds for each of 2 candidates, totalling 2 fits
      -> [RandomForest + SMOTE Set 5] Acc: 0.9767, F1: 0.9765, Time: 1.38s
n_iterations: 4
n_required_iterations: 4
n_possible_iterations: 8
min_resources_: 6
max_resources_: 13800
aggressive_elimination: False
factor: 3
----------
iter: 0
n_candidates: 50
n_resources: 6
Fitting 1 folds for each of 50 candidates, totalling 50 fits
----------
iter: 1
n_candidates: 17
n_resources: 18
Fitting 1 folds for each of 17 candidates, totalling 17 fits
----------
iter: 2
n_candidates: 6
n_resources: 54
Fitting 1 folds for each of 6 candidates, totalling 6 fits
----------
iter: 3
n_candidates: 2
n_resources: 162
Fitting 1 folds for each of 2 candidates, totalling 2 fits
      -> [LinearSVC + SMOTE Set 5] Acc: 0.8300, F1: 0.8133, Time: 0.07s
n_iterations: 4
n_required_iterations: 4
n_possible_iterations: 8
min_resources_: 6
max_resources_: 13800
aggressive_elimination: False
factor: 3
----------
iter: 0
n_candidates: 50
n_resources: 6
Fitting 1 folds for each of 50 candidates, totalling 50 fits
----------
iter: 1
n_candidates: 17
n_resources: 18
Fitting 1 folds for each of 17 candidates, totalling 17 fits
----------
iter: 2
n_candidates: 6
n_resources: 54
Fitting 1 folds for each of 6 candidates, totalling 6 fits
----------
iter: 3
n_candidates: 2
n_resources: 162
Fitting 1 folds for each of 2 candidates, totalling 2 fits
      -> [LogisticRegression + SMOTE Set 5] Acc: 0.8817, F1: 0.8754, Time: 0.23s
      -> [RNN + SMOTE Set 5] Acc: 0.8333, F1: 0.7667, Time: 26.09s
    [=== Generating 3x synthetic data with SMOTE (Set 1, Params: {'k_neighbors': 1}) ===]
n_iterations: 4
n_required_iterations: 4
n_possible_iterations: 8
min_resources_: 6
max_resources_: 18400
aggressive_elimination: False
factor: 3
----------
iter: 0
n_candidates: 50
n_resources: 6
Fitting 1 folds for each of 50 candidates, totalling 50 fits
----------
iter: 1
n_candidates: 17
n_resources: 18
Fitting 1 folds for each of 17 candidates, totalling 17 fits
----------
iter: 2
n_candidates: 6
n_resources: 54
Fitting 1 folds for each of 6 candidates, totalling 6 fits
----------
iter: 3
n_candidates: 2
n_resources: 162
Fitting 1 folds for each of 2 candidates, totalling 2 fits
      -> [KNN + SMOTE Set 1] Acc: 0.9150, F1: 0.9121, Time: 0.03s
n_iterations: 4
n_required_iterations: 4
n_possible_iterations: 8
min_resources_: 6
max_resources_: 18400
aggressive_elimination: False
factor: 3
----------
iter: 0
n_candidates: 50
n_resources: 6
Fitting 1 folds for each of 50 candidates, totalling 50 fits
----------
iter: 1
n_candidates: 17
n_resources: 18
Fitting 1 folds for each of 17 candidates, totalling 17 fits
----------
iter: 2
n_candidates: 6
n_resources: 54
Fitting 1 folds for each of 6 candidates, totalling 6 fits
----------
iter: 3
n_candidates: 2
n_resources: 162
Fitting 1 folds for each of 2 candidates, totalling 2 fits
      -> [RandomForest + SMOTE Set 1] Acc: 0.9750, F1: 0.9748, Time: 0.98s
n_iterations: 4
n_required_iterations: 4
n_possible_iterations: 8
min_resources_: 6
max_resources_: 18400
aggressive_elimination: False
factor: 3
----------
iter: 0
n_candidates: 50
n_resources: 6
Fitting 1 folds for each of 50 candidates, totalling 50 fits
----------
iter: 1
n_candidates: 17
n_resources: 18
Fitting 1 folds for each of 17 candidates, totalling 17 fits
----------
iter: 2
n_candidates: 6
n_resources: 54
Fitting 1 folds for each of 6 candidates, totalling 6 fits
----------
iter: 3
n_candidates: 2
n_resources: 162
Fitting 1 folds for each of 2 candidates, totalling 2 fits
      -> [LinearSVC + SMOTE Set 1] Acc: 0.8317, F1: 0.8159, Time: 0.10s
n_iterations: 4
n_required_iterations: 4
n_possible_iterations: 8
min_resources_: 6
max_resources_: 18400
aggressive_elimination: False
factor: 3
----------
iter: 0
n_candidates: 50
n_resources: 6
Fitting 1 folds for each of 50 candidates, totalling 50 fits
----------
iter: 1
n_candidates: 17
n_resources: 18
Fitting 1 folds for each of 17 candidates, totalling 17 fits
----------
iter: 2
n_candidates: 6
n_resources: 54
Fitting 1 folds for each of 6 candidates, totalling 6 fits
----------
iter: 3
n_candidates: 2
n_resources: 162
Fitting 1 folds for each of 2 candidates, totalling 2 fits
      -> [LogisticRegression + SMOTE Set 1] Acc: 0.8717, F1: 0.8637, Time: 0.31s
      -> [RNN + SMOTE Set 1] Acc: 0.8333, F1: 0.8175, Time: 0.42s
    [=== Generating 3x synthetic data with SMOTE (Set 2, Params: {'k_neighbors': 2}) ===]
n_iterations: 4
n_required_iterations: 4
n_possible_iterations: 8
min_resources_: 6
max_resources_: 18400
aggressive_elimination: False
factor: 3
----------
iter: 0
n_candidates: 50
n_resources: 6
Fitting 1 folds for each of 50 candidates, totalling 50 fits
----------
iter: 1
n_candidates: 17
n_resources: 18
Fitting 1 folds for each of 17 candidates, totalling 17 fits
----------
iter: 2
n_candidates: 6
n_resources: 54
Fitting 1 folds for each of 6 candidates, totalling 6 fits
----------
iter: 3
n_candidates: 2
n_resources: 162
Fitting 1 folds for each of 2 candidates, totalling 2 fits
      -> [KNN + SMOTE Set 2] Acc: 0.8333, F1: 0.8175, Time: 0.03s
n_iterations: 4
n_required_iterations: 4
n_possible_iterations: 8
min_resources_: 6
max_resources_: 18400
aggressive_elimination: False
factor: 3
----------
iter: 0
n_candidates: 50
n_resources: 6
Fitting 1 folds for each of 50 candidates, totalling 50 fits
----------
iter: 1
n_candidates: 17
n_resources: 18
Fitting 1 folds for each of 17 candidates, totalling 17 fits
----------
iter: 2
n_candidates: 6
n_resources: 54
Fitting 1 folds for each of 6 candidates, totalling 6 fits
----------
iter: 3
n_candidates: 2
n_resources: 162
Fitting 1 folds for each of 2 candidates, totalling 2 fits
      -> [RandomForest + SMOTE Set 2] Acc: 0.9733, F1: 0.9732, Time: 0.94s
n_iterations: 4
n_required_iterations: 4
n_possible_iterations: 8
min_resources_: 6
max_resources_: 18400
aggressive_elimination: False
factor: 3
----------
iter: 0
n_candidates: 50
n_resources: 6
Fitting 1 folds for each of 50 candidates, totalling 50 fits
----------
iter: 1
n_candidates: 17
n_resources: 18
Fitting 1 folds for each of 17 candidates, totalling 17 fits
----------
iter: 2
n_candidates: 6
n_resources: 54
Fitting 1 folds for each of 6 candidates, totalling 6 fits
----------
iter: 3
n_candidates: 2
n_resources: 162
Fitting 1 folds for each of 2 candidates, totalling 2 fits
      -> [LinearSVC + SMOTE Set 2] Acc: 0.8450, F1: 0.8324, Time: 0.05s
n_iterations: 4
n_required_iterations: 4
n_possible_iterations: 8
min_resources_: 6
max_resources_: 18400
aggressive_elimination: False
factor: 3
----------
iter: 0
n_candidates: 50
n_resources: 6
Fitting 1 folds for each of 50 candidates, totalling 50 fits
----------
iter: 1
n_candidates: 17
n_resources: 18
Fitting 1 folds for each of 17 candidates, totalling 17 fits
----------
iter: 2
n_candidates: 6
n_resources: 54
Fitting 1 folds for each of 6 candidates, totalling 6 fits
----------
iter: 3
n_candidates: 2
n_resources: 162
Fitting 1 folds for each of 2 candidates, totalling 2 fits
      -> [LogisticRegression + SMOTE Set 2] Acc: 0.8867, F1: 0.8808, Time: 0.39s
      -> [RNN + SMOTE Set 2] Acc: 1.0000, F1: 1.0000, Time: 50.53s
    [=== Generating 3x synthetic data with SMOTE (Set 3, Params: {'k_neighbors': 3}) ===]
n_iterations: 4
n_required_iterations: 4
n_possible_iterations: 8
min_resources_: 6
max_resources_: 18400
aggressive_elimination: False
factor: 3
----------
iter: 0
n_candidates: 50
n_resources: 6
Fitting 1 folds for each of 50 candidates, totalling 50 fits
----------
iter: 1
n_candidates: 17
n_resources: 18
Fitting 1 folds for each of 17 candidates, totalling 17 fits
----------
iter: 2
n_candidates: 6
n_resources: 54
Fitting 1 folds for each of 6 candidates, totalling 6 fits
----------
iter: 3
n_candidates: 2
n_resources: 162
Fitting 1 folds for each of 2 candidates, totalling 2 fits
      -> [KNN + SMOTE Set 3] Acc: 0.8483, F1: 0.8360, Time: 0.05s
n_iterations: 4
n_required_iterations: 4
n_possible_iterations: 8
min_resources_: 6
max_resources_: 18400
aggressive_elimination: False
factor: 3
----------
iter: 0
n_candidates: 50
n_resources: 6
Fitting 1 folds for each of 50 candidates, totalling 50 fits
----------
iter: 1
n_candidates: 17
n_resources: 18
Fitting 1 folds for each of 17 candidates, totalling 17 fits
----------
iter: 2
n_candidates: 6
n_resources: 54
Fitting 1 folds for each of 6 candidates, totalling 6 fits
----------
iter: 3
n_candidates: 2
n_resources: 162
Fitting 1 folds for each of 2 candidates, totalling 2 fits
      -> [RandomForest + SMOTE Set 3] Acc: 0.9767, F1: 0.9765, Time: 0.97s
n_iterations: 4
n_required_iterations: 4
n_possible_iterations: 8
min_resources_: 6
max_resources_: 18400
aggressive_elimination: False
factor: 3
----------
iter: 0
n_candidates: 50
n_resources: 6
Fitting 1 folds for each of 50 candidates, totalling 50 fits
----------
iter: 1
n_candidates: 17
n_resources: 18
Fitting 1 folds for each of 17 candidates, totalling 17 fits
----------
iter: 2
n_candidates: 6
n_resources: 54
Fitting 1 folds for each of 6 candidates, totalling 6 fits
----------
iter: 3
n_candidates: 2
n_resources: 162
Fitting 1 folds for each of 2 candidates, totalling 2 fits
      -> [LinearSVC + SMOTE Set 3] Acc: 0.8317, F1: 0.8154, Time: 0.10s
n_iterations: 4
n_required_iterations: 4
n_possible_iterations: 8
min_resources_: 6
max_resources_: 18400
aggressive_elimination: False
factor: 3
----------
iter: 0
n_candidates: 50
n_resources: 6
Fitting 1 folds for each of 50 candidates, totalling 50 fits
----------
iter: 1
n_candidates: 17
n_resources: 18
Fitting 1 folds for each of 17 candidates, totalling 17 fits
----------
iter: 2
n_candidates: 6
n_resources: 54
Fitting 1 folds for each of 6 candidates, totalling 6 fits
----------
iter: 3
n_candidates: 2
n_resources: 162
Fitting 1 folds for each of 2 candidates, totalling 2 fits
      -> [LogisticRegression + SMOTE Set 3] Acc: 0.8883, F1: 0.8827, Time: 0.47s
      -> [RNN + SMOTE Set 3] Acc: 1.0000, F1: 1.0000, Time: 50.84s
    [=== Generating 3x synthetic data with SMOTE (Set 4, Params: {'k_neighbors': 4}) ===]
n_iterations: 4
n_required_iterations: 4
n_possible_iterations: 8
min_resources_: 6
max_resources_: 18400
aggressive_elimination: False
factor: 3
----------
iter: 0
n_candidates: 50
n_resources: 6
Fitting 1 folds for each of 50 candidates, totalling 50 fits
----------
iter: 1
n_candidates: 17
n_resources: 18
Fitting 1 folds for each of 17 candidates, totalling 17 fits
----------
iter: 2
n_candidates: 6
n_resources: 54
Fitting 1 folds for each of 6 candidates, totalling 6 fits
----------
iter: 3
n_candidates: 2
n_resources: 162
Fitting 1 folds for each of 2 candidates, totalling 2 fits
      -> [KNN + SMOTE Set 4] Acc: 0.8467, F1: 0.8340, Time: 0.05s
n_iterations: 4
n_required_iterations: 4
n_possible_iterations: 8
min_resources_: 6
max_resources_: 18400
aggressive_elimination: False
factor: 3
----------
iter: 0
n_candidates: 50
n_resources: 6
Fitting 1 folds for each of 50 candidates, totalling 50 fits
----------
iter: 1
n_candidates: 17
n_resources: 18
Fitting 1 folds for each of 17 candidates, totalling 17 fits
----------
iter: 2
n_candidates: 6
n_resources: 54
Fitting 1 folds for each of 6 candidates, totalling 6 fits
----------
iter: 3
n_candidates: 2
n_resources: 162
Fitting 1 folds for each of 2 candidates, totalling 2 fits
      -> [RandomForest + SMOTE Set 4] Acc: 0.9767, F1: 0.9765, Time: 0.99s
n_iterations: 4
n_required_iterations: 4
n_possible_iterations: 8
min_resources_: 6
max_resources_: 18400
aggressive_elimination: False
factor: 3
----------
iter: 0
n_candidates: 50
n_resources: 6
Fitting 1 folds for each of 50 candidates, totalling 50 fits
----------
iter: 1
n_candidates: 17
n_resources: 18
Fitting 1 folds for each of 17 candidates, totalling 17 fits
----------
iter: 2
n_candidates: 6
n_resources: 54
Fitting 1 folds for each of 6 candidates, totalling 6 fits
----------
iter: 3
n_candidates: 2
n_resources: 162
Fitting 1 folds for each of 2 candidates, totalling 2 fits
      -> [LinearSVC + SMOTE Set 4] Acc: 0.8367, F1: 0.8221, Time: 0.10s
n_iterations: 4
n_required_iterations: 4
n_possible_iterations: 8
min_resources_: 6
max_resources_: 18400
aggressive_elimination: False
factor: 3
----------
iter: 0
n_candidates: 50
n_resources: 6
Fitting 1 folds for each of 50 candidates, totalling 50 fits
----------
iter: 1
n_candidates: 17
n_resources: 18
Fitting 1 folds for each of 17 candidates, totalling 17 fits
----------
iter: 2
n_candidates: 6
n_resources: 54
Fitting 1 folds for each of 6 candidates, totalling 6 fits
----------
iter: 3
n_candidates: 2
n_resources: 162
Fitting 1 folds for each of 2 candidates, totalling 2 fits
      -> [LogisticRegression + SMOTE Set 4] Acc: 0.8950, F1: 0.8902, Time: 0.35s
      -> [RNN + SMOTE Set 4] Acc: 1.0000, F1: 1.0000, Time: 0.40s
    [=== Generating 3x synthetic data with SMOTE (Set 5, Params: {'k_neighbors': 5}) ===]
n_iterations: 4
n_required_iterations: 4
n_possible_iterations: 8
min_resources_: 6
max_resources_: 18400
aggressive_elimination: False
factor: 3
----------
iter: 0
n_candidates: 50
n_resources: 6
Fitting 1 folds for each of 50 candidates, totalling 50 fits
----------
iter: 1
n_candidates: 17
n_resources: 18
Fitting 1 folds for each of 17 candidates, totalling 17 fits
----------
iter: 2
n_candidates: 6
n_resources: 54
Fitting 1 folds for each of 6 candidates, totalling 6 fits
----------
iter: 3
n_candidates: 2
n_resources: 162
Fitting 1 folds for each of 2 candidates, totalling 2 fits
      -> [KNN + SMOTE Set 5] Acc: 0.8333, F1: 0.8175, Time: 0.03s
n_iterations: 4
n_required_iterations: 4
n_possible_iterations: 8
min_resources_: 6
max_resources_: 18400
aggressive_elimination: False
factor: 3
----------
iter: 0
n_candidates: 50
n_resources: 6
Fitting 1 folds for each of 50 candidates, totalling 50 fits
----------
iter: 1
n_candidates: 17
n_resources: 18
Fitting 1 folds for each of 17 candidates, totalling 17 fits
----------
iter: 2
n_candidates: 6
n_resources: 54
Fitting 1 folds for each of 6 candidates, totalling 6 fits
----------
iter: 3
n_candidates: 2
n_resources: 162
Fitting 1 folds for each of 2 candidates, totalling 2 fits
      -> [RandomForest + SMOTE Set 5] Acc: 0.9750, F1: 0.9749, Time: 1.09s
n_iterations: 4
n_required_iterations: 4
n_possible_iterations: 8
min_resources_: 6
max_resources_: 18400
aggressive_elimination: False
factor: 3
----------
iter: 0
n_candidates: 50
n_resources: 6
Fitting 1 folds for each of 50 candidates, totalling 50 fits
----------
iter: 1
n_candidates: 17
n_resources: 18
Fitting 1 folds for each of 17 candidates, totalling 17 fits
----------
iter: 2
n_candidates: 6
n_resources: 54
Fitting 1 folds for each of 6 candidates, totalling 6 fits
----------
iter: 3
n_candidates: 2
n_resources: 162
Fitting 1 folds for each of 2 candidates, totalling 2 fits
      -> [LinearSVC + SMOTE Set 5] Acc: 0.8317, F1: 0.8154, Time: 0.12s
n_iterations: 4
n_required_iterations: 4
n_possible_iterations: 8
min_resources_: 6
max_resources_: 18400
aggressive_elimination: False
factor: 3
----------
iter: 0
n_candidates: 50
n_resources: 6
Fitting 1 folds for each of 50 candidates, totalling 50 fits
----------
iter: 1
n_candidates: 17
n_resources: 18
Fitting 1 folds for each of 17 candidates, totalling 17 fits
----------
iter: 2
n_candidates: 6
n_resources: 54
Fitting 1 folds for each of 6 candidates, totalling 6 fits
----------
iter: 3
n_candidates: 2
n_resources: 162
Fitting 1 folds for each of 2 candidates, totalling 2 fits
      -> [LogisticRegression + SMOTE Set 5] Acc: 0.8833, F1: 0.8773, Time: 0.44s
      -> [RNN + SMOTE Set 5] Acc: 1.0000, F1: 1.0000, Time: 50.86s
    [=== Generating 5x synthetic data with SMOTE (Set 1, Params: {'k_neighbors': 1}) ===]
n_iterations: 4
n_required_iterations: 4
n_possible_iterations: 8
min_resources_: 6
max_resources_: 27600
aggressive_elimination: False
factor: 3
----------
iter: 0
n_candidates: 50
n_resources: 6
Fitting 1 folds for each of 50 candidates, totalling 50 fits
----------
iter: 1
n_candidates: 17
n_resources: 18
Fitting 1 folds for each of 17 candidates, totalling 17 fits
----------
iter: 2
n_candidates: 6
n_resources: 54
Fitting 1 folds for each of 6 candidates, totalling 6 fits
----------
iter: 3
n_candidates: 2
n_resources: 162
Fitting 1 folds for each of 2 candidates, totalling 2 fits
      -> [KNN + SMOTE Set 1] Acc: 0.9150, F1: 0.9121, Time: 0.04s
n_iterations: 4
n_required_iterations: 4
n_possible_iterations: 8
min_resources_: 6
max_resources_: 27600
aggressive_elimination: False
factor: 3
----------
iter: 0
n_candidates: 50
n_resources: 6
Fitting 1 folds for each of 50 candidates, totalling 50 fits
----------
iter: 1
n_candidates: 17
n_resources: 18
Fitting 1 folds for each of 17 candidates, totalling 17 fits
----------
iter: 2
n_candidates: 6
n_resources: 54
Fitting 1 folds for each of 6 candidates, totalling 6 fits
----------
iter: 3
n_candidates: 2
n_resources: 162
Fitting 1 folds for each of 2 candidates, totalling 2 fits
      -> [RandomForest + SMOTE Set 1] Acc: 0.9767, F1: 0.9765, Time: 1.61s
n_iterations: 4
n_required_iterations: 4
n_possible_iterations: 8
min_resources_: 6
max_resources_: 27600
aggressive_elimination: False
factor: 3
----------
iter: 0
n_candidates: 50
n_resources: 6
Fitting 1 folds for each of 50 candidates, totalling 50 fits
----------
iter: 1
n_candidates: 17
n_resources: 18
Fitting 1 folds for each of 17 candidates, totalling 17 fits
----------
iter: 2
n_candidates: 6
n_resources: 54
Fitting 1 folds for each of 6 candidates, totalling 6 fits
----------
iter: 3
n_candidates: 2
n_resources: 162
Fitting 1 folds for each of 2 candidates, totalling 2 fits
      -> [LinearSVC + SMOTE Set 1] Acc: 0.8300, F1: 0.8133, Time: 0.15s
n_iterations: 4
n_required_iterations: 4
n_possible_iterations: 8
min_resources_: 6
max_resources_: 27600
aggressive_elimination: False
factor: 3
----------
iter: 0
n_candidates: 50
n_resources: 6
Fitting 1 folds for each of 50 candidates, totalling 50 fits
----------
iter: 1
n_candidates: 17
n_resources: 18
Fitting 1 folds for each of 17 candidates, totalling 17 fits
----------
iter: 2
n_candidates: 6
n_resources: 54
Fitting 1 folds for each of 6 candidates, totalling 6 fits
----------
iter: 3
n_candidates: 2
n_resources: 162
Fitting 1 folds for each of 2 candidates, totalling 2 fits
      -> [LogisticRegression + SMOTE Set 1] Acc: 0.8767, F1: 0.8697, Time: 0.63s
      -> [RNN + SMOTE Set 1] Acc: 1.0000, F1: 1.0000, Time: 74.00s
    [=== Generating 5x synthetic data with SMOTE (Set 2, Params: {'k_neighbors': 2}) ===]
n_iterations: 4
n_required_iterations: 4
n_possible_iterations: 8
min_resources_: 6
max_resources_: 27600
aggressive_elimination: False
factor: 3
----------
iter: 0
n_candidates: 50
n_resources: 6
Fitting 1 folds for each of 50 candidates, totalling 50 fits
----------
iter: 1
n_candidates: 17
n_resources: 18
Fitting 1 folds for each of 17 candidates, totalling 17 fits
----------
iter: 2
n_candidates: 6
n_resources: 54
Fitting 1 folds for each of 6 candidates, totalling 6 fits
----------
iter: 3
n_candidates: 2
n_resources: 162
Fitting 1 folds for each of 2 candidates, totalling 2 fits
      -> [KNN + SMOTE Set 2] Acc: 0.8483, F1: 0.8360, Time: 0.15s
n_iterations: 4
n_required_iterations: 4
n_possible_iterations: 8
min_resources_: 6
max_resources_: 27600
aggressive_elimination: False
factor: 3
----------
iter: 0
n_candidates: 50
n_resources: 6
Fitting 1 folds for each of 50 candidates, totalling 50 fits
----------
iter: 1
n_candidates: 17
n_resources: 18
Fitting 1 folds for each of 17 candidates, totalling 17 fits
----------
iter: 2
n_candidates: 6
n_resources: 54
Fitting 1 folds for each of 6 candidates, totalling 6 fits
----------
iter: 3
n_candidates: 2
n_resources: 162
Fitting 1 folds for each of 2 candidates, totalling 2 fits
      -> [RandomForest + SMOTE Set 2] Acc: 0.9767, F1: 0.9765, Time: 5.99s
n_iterations: 4
n_required_iterations: 4
n_possible_iterations: 8
min_resources_: 6
max_resources_: 27600
aggressive_elimination: False
factor: 3
----------
iter: 0
n_candidates: 50
n_resources: 6
Fitting 1 folds for each of 50 candidates, totalling 50 fits
----------
iter: 1
n_candidates: 17
n_resources: 18
Fitting 1 folds for each of 17 candidates, totalling 17 fits
----------
iter: 2
n_candidates: 6
n_resources: 54
Fitting 1 folds for each of 6 candidates, totalling 6 fits
----------
iter: 3
n_candidates: 2
n_resources: 162
Fitting 1 folds for each of 2 candidates, totalling 2 fits
      -> [LinearSVC + SMOTE Set 2] Acc: 0.8267, F1: 0.8090, Time: 0.19s
n_iterations: 4
n_required_iterations: 4
n_possible_iterations: 8
min_resources_: 6
max_resources_: 27600
aggressive_elimination: False
factor: 3
----------
iter: 0
n_candidates: 50
n_resources: 6
Fitting 1 folds for each of 50 candidates, totalling 50 fits
----------
iter: 1
n_candidates: 17
n_resources: 18
Fitting 1 folds for each of 17 candidates, totalling 17 fits
----------
iter: 2
n_candidates: 6
n_resources: 54
Fitting 1 folds for each of 6 candidates, totalling 6 fits
----------
iter: 3
n_candidates: 2
n_resources: 162
Fitting 1 folds for each of 2 candidates, totalling 2 fits
      -> [LogisticRegression + SMOTE Set 2] Acc: 0.8850, F1: 0.8795, Time: 0.92s
      -> [RNN + SMOTE Set 2] Acc: 0.8333, F1: 0.8333, Time: 34.02s
    [=== Generating 5x synthetic data with SMOTE (Set 3, Params: {'k_neighbors': 3}) ===]
n_iterations: 4
n_required_iterations: 4
n_possible_iterations: 8
min_resources_: 6
max_resources_: 27600
aggressive_elimination: False
factor: 3
----------
iter: 0
n_candidates: 50
n_resources: 6
Fitting 1 folds for each of 50 candidates, totalling 50 fits
----------
iter: 1
n_candidates: 17
n_resources: 18
Fitting 1 folds for each of 17 candidates, totalling 17 fits
----------
iter: 2
n_candidates: 6
n_resources: 54
Fitting 1 folds for each of 6 candidates, totalling 6 fits
----------
iter: 3
n_candidates: 2
n_resources: 162
Fitting 1 folds for each of 2 candidates, totalling 2 fits
      -> [KNN + SMOTE Set 3] Acc: 0.9767, F1: 0.9765, Time: 0.04s
n_iterations: 4
n_required_iterations: 4
n_possible_iterations: 8
min_resources_: 6
max_resources_: 27600
aggressive_elimination: False
factor: 3
----------
iter: 0
n_candidates: 50
n_resources: 6
Fitting 1 folds for each of 50 candidates, totalling 50 fits
----------
iter: 1
n_candidates: 17
n_resources: 18
Fitting 1 folds for each of 17 candidates, totalling 17 fits
----------
iter: 2
n_candidates: 6
n_resources: 54
Fitting 1 folds for each of 6 candidates, totalling 6 fits
----------
iter: 3
n_candidates: 2
n_resources: 162
Fitting 1 folds for each of 2 candidates, totalling 2 fits
      -> [RandomForest + SMOTE Set 3] Acc: 0.9767, F1: 0.9765, Time: 2.28s
n_iterations: 4
n_required_iterations: 4
n_possible_iterations: 8
min_resources_: 6
max_resources_: 27600
aggressive_elimination: False
factor: 3
----------
iter: 0
n_candidates: 50
n_resources: 6
Fitting 1 folds for each of 50 candidates, totalling 50 fits
----------
iter: 1
n_candidates: 17
n_resources: 18
Fitting 1 folds for each of 17 candidates, totalling 17 fits
----------
iter: 2
n_candidates: 6
n_resources: 54
Fitting 1 folds for each of 6 candidates, totalling 6 fits
----------
iter: 3
n_candidates: 2
n_resources: 162
Fitting 1 folds for each of 2 candidates, totalling 2 fits
      -> [LinearSVC + SMOTE Set 3] Acc: 0.8600, F1: 0.8500, Time: 0.09s
n_iterations: 4
n_required_iterations: 4
n_possible_iterations: 8
min_resources_: 6
max_resources_: 27600
aggressive_elimination: False
factor: 3
----------
iter: 0
n_candidates: 50
n_resources: 6
Fitting 1 folds for each of 50 candidates, totalling 50 fits
----------
iter: 1
n_candidates: 17
n_resources: 18
Fitting 1 folds for each of 17 candidates, totalling 17 fits
----------
iter: 2
n_candidates: 6
n_resources: 54
Fitting 1 folds for each of 6 candidates, totalling 6 fits
----------
iter: 3
n_candidates: 2
n_resources: 162
Fitting 1 folds for each of 2 candidates, totalling 2 fits
      -> [LogisticRegression + SMOTE Set 3] Acc: 0.8883, F1: 0.8829, Time: 0.74s
      -> [RNN + SMOTE Set 3] Acc: 0.8333, F1: 0.8175, Time: 0.90s
    [=== Generating 5x synthetic data with SMOTE (Set 4, Params: {'k_neighbors': 4}) ===]
n_iterations: 4
n_required_iterations: 4
n_possible_iterations: 8
min_resources_: 6
max_resources_: 27600
aggressive_elimination: False
factor: 3
----------
iter: 0
n_candidates: 50
n_resources: 6
Fitting 1 folds for each of 50 candidates, totalling 50 fits
----------
iter: 1
n_candidates: 17
n_resources: 18
Fitting 1 folds for each of 17 candidates, totalling 17 fits
----------
iter: 2
n_candidates: 6
n_resources: 54
Fitting 1 folds for each of 6 candidates, totalling 6 fits
----------
iter: 3
n_candidates: 2
n_resources: 162
Fitting 1 folds for each of 2 candidates, totalling 2 fits
      -> [KNN + SMOTE Set 4] Acc: 0.9150, F1: 0.9121, Time: 0.03s
n_iterations: 4
n_required_iterations: 4
n_possible_iterations: 8
min_resources_: 6
max_resources_: 27600
aggressive_elimination: False
factor: 3
----------
iter: 0
n_candidates: 50
n_resources: 6
Fitting 1 folds for each of 50 candidates, totalling 50 fits
----------
iter: 1
n_candidates: 17
n_resources: 18
Fitting 1 folds for each of 17 candidates, totalling 17 fits
----------
iter: 2
n_candidates: 6
n_resources: 54
Fitting 1 folds for each of 6 candidates, totalling 6 fits
----------
iter: 3
n_candidates: 2
n_resources: 162
Fitting 1 folds for each of 2 candidates, totalling 2 fits
      -> [RandomForest + SMOTE Set 4] Acc: 0.9767, F1: 0.9765, Time: 3.96s
n_iterations: 4
n_required_iterations: 4
n_possible_iterations: 8
min_resources_: 6
max_resources_: 27600
aggressive_elimination: False
factor: 3
----------
iter: 0
n_candidates: 50
n_resources: 6
Fitting 1 folds for each of 50 candidates, totalling 50 fits
----------
iter: 1
n_candidates: 17
n_resources: 18
Fitting 1 folds for each of 17 candidates, totalling 17 fits
----------
iter: 2
n_candidates: 6
n_resources: 54
Fitting 1 folds for each of 6 candidates, totalling 6 fits
----------
iter: 3
n_candidates: 2
n_resources: 162
Fitting 1 folds for each of 2 candidates, totalling 2 fits
      -> [LinearSVC + SMOTE Set 4] Acc: 0.8300, F1: 0.8133, Time: 0.18s
n_iterations: 4
n_required_iterations: 4
n_possible_iterations: 8
min_resources_: 6
max_resources_: 27600
aggressive_elimination: False
factor: 3
----------
iter: 0
n_candidates: 50
n_resources: 6
Fitting 1 folds for each of 50 candidates, totalling 50 fits
----------
iter: 1
n_candidates: 17
n_resources: 18
Fitting 1 folds for each of 17 candidates, totalling 17 fits
----------
iter: 2
n_candidates: 6
n_resources: 54
Fitting 1 folds for each of 6 candidates, totalling 6 fits
----------
iter: 3
n_candidates: 2
n_resources: 162
Fitting 1 folds for each of 2 candidates, totalling 2 fits
      -> [LogisticRegression + SMOTE Set 4] Acc: 0.8950, F1: 0.8902, Time: 0.58s
      -> [RNN + SMOTE Set 4] Acc: 1.0000, F1: 1.0000, Time: 35.52s
    [=== Generating 5x synthetic data with SMOTE (Set 5, Params: {'k_neighbors': 5}) ===]
n_iterations: 4
n_required_iterations: 4
n_possible_iterations: 8
min_resources_: 6
max_resources_: 27600
aggressive_elimination: False
factor: 3
----------
iter: 0
n_candidates: 50
n_resources: 6
Fitting 1 folds for each of 50 candidates, totalling 50 fits
----------
iter: 1
n_candidates: 17
n_resources: 18
Fitting 1 folds for each of 17 candidates, totalling 17 fits
----------
iter: 2
n_candidates: 6
n_resources: 54
Fitting 1 folds for each of 6 candidates, totalling 6 fits
----------
iter: 3
n_candidates: 2
n_resources: 162
Fitting 1 folds for each of 2 candidates, totalling 2 fits
      -> [KNN + SMOTE Set 5] Acc: 0.9150, F1: 0.9121, Time: 0.03s
n_iterations: 4
n_required_iterations: 4
n_possible_iterations: 8
min_resources_: 6
max_resources_: 27600
aggressive_elimination: False
factor: 3
----------
iter: 0
n_candidates: 50
n_resources: 6
Fitting 1 folds for each of 50 candidates, totalling 50 fits
----------
iter: 1
n_candidates: 17
n_resources: 18
Fitting 1 folds for each of 17 candidates, totalling 17 fits
----------
iter: 2
n_candidates: 6
n_resources: 54
Fitting 1 folds for each of 6 candidates, totalling 6 fits
----------
iter: 3
n_candidates: 2
n_resources: 162
Fitting 1 folds for each of 2 candidates, totalling 2 fits
      -> [RandomForest + SMOTE Set 5] Acc: 0.9767, F1: 0.9765, Time: 6.26s
n_iterations: 4
n_required_iterations: 4
n_possible_iterations: 8
min_resources_: 6
max_resources_: 27600
aggressive_elimination: False
factor: 3
----------
iter: 0
n_candidates: 50
n_resources: 6
Fitting 1 folds for each of 50 candidates, totalling 50 fits
----------
iter: 1
n_candidates: 17
n_resources: 18
Fitting 1 folds for each of 17 candidates, totalling 17 fits
----------
iter: 2
n_candidates: 6
n_resources: 54
Fitting 1 folds for each of 6 candidates, totalling 6 fits
----------
iter: 3
n_candidates: 2
n_resources: 162
Fitting 1 folds for each of 2 candidates, totalling 2 fits
      -> [LinearSVC + SMOTE Set 5] Acc: 0.8267, F1: 0.8096, Time: 0.09s
n_iterations: 4
n_required_iterations: 4
n_possible_iterations: 8
min_resources_: 6
max_resources_: 27600
aggressive_elimination: False
factor: 3
----------
iter: 0
n_candidates: 50
n_resources: 6
Fitting 1 folds for each of 50 candidates, totalling 50 fits
----------
iter: 1
n_candidates: 17
n_resources: 18
Fitting 1 folds for each of 17 candidates, totalling 17 fits
----------
iter: 2
n_candidates: 6
n_resources: 54
Fitting 1 folds for each of 6 candidates, totalling 6 fits
----------
iter: 3
n_candidates: 2
n_resources: 162
Fitting 1 folds for each of 2 candidates, totalling 2 fits
      -> [LogisticRegression + SMOTE Set 5] Acc: 0.8850, F1: 0.8789, Time: 0.75s
      -> [RNN + SMOTE Set 5] Acc: 0.6667, F1: 0.5417, Time: 5.75s
    [=== Generating 10x synthetic data with SMOTE (Set 1, Params: {'k_neighbors': 1}) ===]
n_iterations: 4
n_required_iterations: 4
n_possible_iterations: 9
min_resources_: 6
max_resources_: 50600
aggressive_elimination: False
factor: 3
----------
iter: 0
n_candidates: 50
n_resources: 6
Fitting 1 folds for each of 50 candidates, totalling 50 fits
      -> [KNN + SMOTE Set 1] Acc: 0.9150, F1: 0.9121, Time: 0.08s
n_iterations: 4
n_required_iterations: 4
n_possible_iterations: 9
min_resources_: 6
max_resources_: 50600
aggressive_elimination: False
factor: 3
----------
iter: 0
n_candidates: 50
n_resources: 6
Fitting 1 folds for each of 50 candidates, totalling 50 fits
      -> [RandomForest + SMOTE Set 1] Acc: 0.9733, F1: 0.9732, Time: 7.46s
n_iterations: 4
n_required_iterations: 4
n_possible_iterations: 9
min_resources_: 6
max_resources_: 50600
aggressive_elimination: False
factor: 3
----------
iter: 0
n_candidates: 50
n_resources: 6
Fitting 1 folds for each of 50 candidates, totalling 50 fits
      -> [LinearSVC + SMOTE Set 1] Acc: 0.8433, F1: 0.8303, Time: 0.15s
n_iterations: 4
n_required_iterations: 4
n_possible_iterations: 9
min_resources_: 6
max_resources_: 50600
aggressive_elimination: False
factor: 3
----------
iter: 0
n_candidates: 50
n_resources: 6
Fitting 1 folds for each of 50 candidates, totalling 50 fits
      -> [LogisticRegression + SMOTE Set 1] Acc: 0.8783, F1: 0.8714, Time: 0.69s
      -> [RNN + SMOTE Set 1] Acc: 0.6667, F1: 0.5417, Time: 40.27s
    [=== Generating 10x synthetic data with SMOTE (Set 2, Params: {'k_neighbors': 2}) ===]
n_iterations: 4
n_required_iterations: 4
n_possible_iterations: 9
min_resources_: 6
max_resources_: 50600
aggressive_elimination: False
factor: 3
----------
iter: 0
n_candidates: 50
n_resources: 6
Fitting 1 folds for each of 50 candidates, totalling 50 fits
      -> [KNN + SMOTE Set 2] Acc: 0.9150, F1: 0.9121, Time: 0.10s
n_iterations: 4
n_required_iterations: 4
n_possible_iterations: 9
min_resources_: 6
max_resources_: 50600
aggressive_elimination: False
factor: 3
----------
iter: 0
n_candidates: 50
n_resources: 6
Fitting 1 folds for each of 50 candidates, totalling 50 fits
      -> [RandomForest + SMOTE Set 2] Acc: 0.9767, F1: 0.9765, Time: 7.31s
n_iterations: 4
n_required_iterations: 4
n_possible_iterations: 9
min_resources_: 6
max_resources_: 50600
aggressive_elimination: False
factor: 3
----------
iter: 0
n_candidates: 50
n_resources: 6
Fitting 1 folds for each of 50 candidates, totalling 50 fits
      -> [LinearSVC + SMOTE Set 2] Acc: 0.8583, F1: 0.8484, Time: 0.18s
n_iterations: 4
n_required_iterations: 4
n_possible_iterations: 9
min_resources_: 6
max_resources_: 50600
aggressive_elimination: False
factor: 3
----------
iter: 0
n_candidates: 50
n_resources: 6
Fitting 1 folds for each of 50 candidates, totalling 50 fits
      -> [LogisticRegression + SMOTE Set 2] Acc: 0.8900, F1: 0.8846, Time: 0.91s
      -> [RNN + SMOTE Set 2] Acc: 1.0000, F1: 1.0000, Time: 1.30s
    [=== Generating 10x synthetic data with SMOTE (Set 3, Params: {'k_neighbors': 3}) ===]
n_iterations: 4
n_required_iterations: 4
n_possible_iterations: 9
min_resources_: 6
max_resources_: 50600
aggressive_elimination: False
factor: 3
----------
iter: 0
n_candidates: 50
n_resources: 6
Fitting 1 folds for each of 50 candidates, totalling 50 fits
      -> [KNN + SMOTE Set 3] Acc: 0.9150, F1: 0.9121, Time: 0.07s
n_iterations: 4
n_required_iterations: 4
n_possible_iterations: 9
min_resources_: 6
max_resources_: 50600
aggressive_elimination: False
factor: 3
----------
iter: 0
n_candidates: 50
n_resources: 6
Fitting 1 folds for each of 50 candidates, totalling 50 fits
      -> [RandomForest + SMOTE Set 3] Acc: 0.9750, F1: 0.9748, Time: 7.80s
n_iterations: 4
n_required_iterations: 4
n_possible_iterations: 9
min_resources_: 6
max_resources_: 50600
aggressive_elimination: False
factor: 3
----------
iter: 0
n_candidates: 50
n_resources: 6
Fitting 1 folds for each of 50 candidates, totalling 50 fits
      -> [LinearSVC + SMOTE Set 3] Acc: 0.8683, F1: 0.8601, Time: 0.15s
n_iterations: 4
n_required_iterations: 4
n_possible_iterations: 9
min_resources_: 6
max_resources_: 50600
aggressive_elimination: False
factor: 3
----------
iter: 0
n_candidates: 50
n_resources: 6
Fitting 1 folds for each of 50 candidates, totalling 50 fits
      -> [LogisticRegression + SMOTE Set 3] Acc: 0.8900, F1: 0.8846, Time: 0.85s
      -> [RNN + SMOTE Set 3] Acc: 1.0000, F1: 1.0000, Time: 1.33s
    [=== Generating 10x synthetic data with SMOTE (Set 4, Params: {'k_neighbors': 4}) ===]
n_iterations: 4
n_required_iterations: 4
n_possible_iterations: 9
min_resources_: 6
max_resources_: 50600
aggressive_elimination: False
factor: 3
----------
iter: 0
n_candidates: 50
n_resources: 6
Fitting 1 folds for each of 50 candidates, totalling 50 fits
      -> [KNN + SMOTE Set 4] Acc: 0.9150, F1: 0.9121, Time: 0.07s
n_iterations: 4
n_required_iterations: 4
n_possible_iterations: 9
min_resources_: 6
max_resources_: 50600
aggressive_elimination: False
factor: 3
----------
iter: 0
n_candidates: 50
n_resources: 6
Fitting 1 folds for each of 50 candidates, totalling 50 fits
      -> [RandomForest + SMOTE Set 4] Acc: 0.9767, F1: 0.9765, Time: 7.90s
n_iterations: 4
n_required_iterations: 4
n_possible_iterations: 9
min_resources_: 6
max_resources_: 50600
aggressive_elimination: False
factor: 3
----------
iter: 0
n_candidates: 50
n_resources: 6
Fitting 1 folds for each of 50 candidates, totalling 50 fits
      -> [LinearSVC + SMOTE Set 4] Acc: 0.8600, F1: 0.8500, Time: 0.15s
n_iterations: 4
n_required_iterations: 4
n_possible_iterations: 9
min_resources_: 6
max_resources_: 50600
aggressive_elimination: False
factor: 3
----------
iter: 0
n_candidates: 50
n_resources: 6
Fitting 1 folds for each of 50 candidates, totalling 50 fits
      -> [LogisticRegression + SMOTE Set 4] Acc: 0.8900, F1: 0.8846, Time: 1.30s
      -> [RNN + SMOTE Set 4] Acc: 1.0000, F1: 1.0000, Time: 92.80s
    [=== Generating 10x synthetic data with SMOTE (Set 5, Params: {'k_neighbors': 5}) ===]
n_iterations: 4
n_required_iterations: 4
n_possible_iterations: 9
min_resources_: 6
max_resources_: 50600
aggressive_elimination: False
factor: 3
----------
iter: 0
n_candidates: 50
n_resources: 6
Fitting 1 folds for each of 50 candidates, totalling 50 fits
      -> [KNN + SMOTE Set 5] Acc: 0.9150, F1: 0.9121, Time: 0.08s
n_iterations: 4
n_required_iterations: 4
n_possible_iterations: 9
min_resources_: 6
max_resources_: 50600
aggressive_elimination: False
factor: 3
----------
iter: 0
n_candidates: 50
n_resources: 6
Fitting 1 folds for each of 50 candidates, totalling 50 fits
      -> [RandomForest + SMOTE Set 5] Acc: 0.9750, F1: 0.9748, Time: 7.51s
n_iterations: 4
n_required_iterations: 4
n_possible_iterations: 9
min_resources_: 6
max_resources_: 50600
aggressive_elimination: False
factor: 3
----------
iter: 0
n_candidates: 50
n_resources: 6
Fitting 1 folds for each of 50 candidates, totalling 50 fits
      -> [LinearSVC + SMOTE Set 5] Acc: 0.8300, F1: 0.8138, Time: 0.14s
n_iterations: 4
n_required_iterations: 4
n_possible_iterations: 9
min_resources_: 6
max_resources_: 50600
aggressive_elimination: False
factor: 3
----------
iter: 0
n_candidates: 50
n_resources: 6
Fitting 1 folds for each of 50 candidates, totalling 50 fits
      -> [LogisticRegression + SMOTE Set 5] Acc: 0.8750, F1: 0.8675, Time: 0.69s
      -> [RNN + SMOTE Set 5] Acc: 1.0000, F1: 1.0000, Time: 3.80s

    >> Seed Fold Selection: 7/10
    Evaluating Model: KNN
      -> [Baseline] Acc: 0.9733, F1: 0.9731, Time: 0.03s
      HP Tuning KNN...
n_iterations: 4
n_required_iterations: 4
n_possible_iterations: 5
min_resources_: 30
max_resources_: 4600
aggressive_elimination: False
factor: 3
----------
iter: 0
n_candidates: 50
n_resources: 30
Fitting 5 folds for each of 50 candidates, totalling 250 fits
----------
iter: 1
n_candidates: 17
n_resources: 90
Fitting 5 folds for each of 17 candidates, totalling 85 fits
----------
iter: 2
n_candidates: 6
n_resources: 270
Fitting 5 folds for each of 6 candidates, totalling 30 fits
----------
iter: 3
n_candidates: 2
n_resources: 810
Fitting 5 folds for each of 2 candidates, totalling 10 fits
      -> [Tuned_Baseline] Acc: 0.9167, F1: 0.9139, Time: 0.02s
    Evaluating Model: RandomForest
      -> [Baseline] Acc: 0.9717, F1: 0.9716, Time: 0.68s
      HP Tuning RandomForest...
n_iterations: 4
n_required_iterations: 4
n_possible_iterations: 5
min_resources_: 30
max_resources_: 4600
aggressive_elimination: False
factor: 3
----------
iter: 0
n_candidates: 50
n_resources: 30
Fitting 5 folds for each of 50 candidates, totalling 250 fits
----------
iter: 1
n_candidates: 17
n_resources: 90
Fitting 5 folds for each of 17 candidates, totalling 85 fits
----------
iter: 2
n_candidates: 6
n_resources: 270
Fitting 5 folds for each of 6 candidates, totalling 30 fits
----------
iter: 3
n_candidates: 2
n_resources: 810
Fitting 5 folds for each of 2 candidates, totalling 10 fits
      -> [Tuned_Baseline] Acc: 0.9517, F1: 0.9518, Time: 0.01s
    Evaluating Model: LinearSVC
      -> [Baseline] Acc: 0.8700, F1: 0.8617, Time: 0.01s
      HP Tuning LinearSVC...
n_iterations: 4
n_required_iterations: 4
n_possible_iterations: 5
min_resources_: 30
max_resources_: 4600
aggressive_elimination: False
factor: 3
----------
iter: 0
n_candidates: 50
n_resources: 30
Fitting 5 folds for each of 50 candidates, totalling 250 fits
----------
iter: 1
n_candidates: 17
n_resources: 90
Fitting 5 folds for each of 17 candidates, totalling 85 fits
----------
iter: 2
n_candidates: 6
n_resources: 270
Fitting 5 folds for each of 6 candidates, totalling 30 fits
----------
iter: 3
n_candidates: 2
n_resources: 810
Fitting 5 folds for each of 2 candidates, totalling 10 fits
      -> [Tuned_Baseline] Acc: 0.8700, F1: 0.8617, Time: 0.00s
    Evaluating Model: LogisticRegression
      -> [Baseline] Acc: 0.8767, F1: 0.8694, Time: 0.40s
      HP Tuning LogisticRegression...
n_iterations: 4
n_required_iterations: 4
n_possible_iterations: 5
min_resources_: 30
max_resources_: 4600
aggressive_elimination: False
factor: 3
----------
iter: 0
n_candidates: 50
n_resources: 30
Fitting 5 folds for each of 50 candidates, totalling 250 fits
----------
iter: 1
n_candidates: 17
n_resources: 90
Fitting 5 folds for each of 17 candidates, totalling 85 fits
----------
iter: 2
n_candidates: 6
n_resources: 270
Fitting 5 folds for each of 6 candidates, totalling 30 fits
----------
iter: 3
n_candidates: 2
n_resources: 810
Fitting 5 folds for each of 2 candidates, totalling 10 fits
      -> [Tuned_Baseline] Acc: 0.8850, F1: 0.8789, Time: 0.00s
    Evaluating Model: RNN
      -> [Baseline] Acc: 0.8333, F1: 0.7667, Time: 0.23s
      HP Tuning RNN...
n_iterations: 2
n_required_iterations: 2
n_possible_iterations: 2
min_resources_: 10
max_resources_: 46
aggressive_elimination: False
factor: 3
----------
iter: 0
n_candidates: 4
n_resources: 10
Fitting 5 folds for each of 4 candidates, totalling 20 fits
----------
iter: 1
n_candidates: 2
n_resources: 30
Fitting 5 folds for each of 2 candidates, totalling 10 fits
      -> [Tuned_Baseline] Acc: 0.8333, F1: 0.7667, Time: 0.02s
    [=== Generating 2x synthetic data with SMOTE (Set 1, Params: {'k_neighbors': 1}) ===]
n_iterations: 4
n_required_iterations: 4
n_possible_iterations: 8
min_resources_: 6
max_resources_: 13800
aggressive_elimination: False
factor: 3
----------
iter: 0
n_candidates: 50
n_resources: 6
Fitting 1 folds for each of 50 candidates, totalling 50 fits
----------
iter: 1
n_candidates: 17
n_resources: 18
Fitting 1 folds for each of 17 candidates, totalling 17 fits
----------
iter: 2
n_candidates: 6
n_resources: 54
Fitting 1 folds for each of 6 candidates, totalling 6 fits
----------
iter: 3
n_candidates: 2
n_resources: 162
Fitting 1 folds for each of 2 candidates, totalling 2 fits
      -> [KNN + SMOTE Set 1] Acc: 0.8850, F1: 0.8789, Time: 0.04s
n_iterations: 4
n_required_iterations: 4
n_possible_iterations: 8
min_resources_: 6
max_resources_: 13800
aggressive_elimination: False
factor: 3
----------
iter: 0
n_candidates: 50
n_resources: 6
Fitting 1 folds for each of 50 candidates, totalling 50 fits
----------
iter: 1
n_candidates: 17
n_resources: 18
Fitting 1 folds for each of 17 candidates, totalling 17 fits
----------
iter: 2
n_candidates: 6
n_resources: 54
Fitting 1 folds for each of 6 candidates, totalling 6 fits
----------
iter: 3
n_candidates: 2
n_resources: 162
Fitting 1 folds for each of 2 candidates, totalling 2 fits
      -> [RandomForest + SMOTE Set 1] Acc: 0.9333, F1: 0.9337, Time: 0.86s
n_iterations: 4
n_required_iterations: 4
n_possible_iterations: 8
min_resources_: 6
max_resources_: 13800
aggressive_elimination: False
factor: 3
----------
iter: 0
n_candidates: 50
n_resources: 6
Fitting 1 folds for each of 50 candidates, totalling 50 fits
----------
iter: 1
n_candidates: 17
n_resources: 18
Fitting 1 folds for each of 17 candidates, totalling 17 fits
----------
iter: 2
n_candidates: 6
n_resources: 54
Fitting 1 folds for each of 6 candidates, totalling 6 fits
----------
iter: 3
n_candidates: 2
n_resources: 162
Fitting 1 folds for each of 2 candidates, totalling 2 fits
      -> [LinearSVC + SMOTE Set 1] Acc: 0.8567, F1: 0.8460, Time: 0.04s
n_iterations: 4
n_required_iterations: 4
n_possible_iterations: 8
min_resources_: 6
max_resources_: 13800
aggressive_elimination: False
factor: 3
----------
iter: 0
n_candidates: 50
n_resources: 6
Fitting 1 folds for each of 50 candidates, totalling 50 fits
----------
iter: 1
n_candidates: 17
n_resources: 18
Fitting 1 folds for each of 17 candidates, totalling 17 fits
----------
iter: 2
n_candidates: 6
n_resources: 54
Fitting 1 folds for each of 6 candidates, totalling 6 fits
----------
iter: 3
n_candidates: 2
n_resources: 162
Fitting 1 folds for each of 2 candidates, totalling 2 fits
      -> [LogisticRegression + SMOTE Set 1] Acc: 0.8750, F1: 0.8675, Time: 0.26s
      -> [RNN + SMOTE Set 1] Acc: 0.8333, F1: 0.7667, Time: 0.79s
    [=== Generating 2x synthetic data with SMOTE (Set 2, Params: {'k_neighbors': 2}) ===]
n_iterations: 4
n_required_iterations: 4
n_possible_iterations: 8
min_resources_: 6
max_resources_: 13800
aggressive_elimination: False
factor: 3
----------
iter: 0
n_candidates: 50
n_resources: 6
Fitting 1 folds for each of 50 candidates, totalling 50 fits
----------
iter: 1
n_candidates: 17
n_resources: 18
Fitting 1 folds for each of 17 candidates, totalling 17 fits
----------
iter: 2
n_candidates: 6
n_resources: 54
Fitting 1 folds for each of 6 candidates, totalling 6 fits
----------
iter: 3
n_candidates: 2
n_resources: 162
Fitting 1 folds for each of 2 candidates, totalling 2 fits
      -> [KNN + SMOTE Set 2] Acc: 0.8850, F1: 0.8789, Time: 0.03s
n_iterations: 4
n_required_iterations: 4
n_possible_iterations: 8
min_resources_: 6
max_resources_: 13800
aggressive_elimination: False
factor: 3
----------
iter: 0
n_candidates: 50
n_resources: 6
Fitting 1 folds for each of 50 candidates, totalling 50 fits
----------
iter: 1
n_candidates: 17
n_resources: 18
Fitting 1 folds for each of 17 candidates, totalling 17 fits
----------
iter: 2
n_candidates: 6
n_resources: 54
Fitting 1 folds for each of 6 candidates, totalling 6 fits
----------
iter: 3
n_candidates: 2
n_resources: 162
Fitting 1 folds for each of 2 candidates, totalling 2 fits
      -> [RandomForest + SMOTE Set 2] Acc: 0.9250, F1: 0.9256, Time: 0.58s
n_iterations: 4
n_required_iterations: 4
n_possible_iterations: 8
min_resources_: 6
max_resources_: 13800
aggressive_elimination: False
factor: 3
----------
iter: 0
n_candidates: 50
n_resources: 6
Fitting 1 folds for each of 50 candidates, totalling 50 fits
----------
iter: 1
n_candidates: 17
n_resources: 18
Fitting 1 folds for each of 17 candidates, totalling 17 fits
----------
iter: 2
n_candidates: 6
n_resources: 54
Fitting 1 folds for each of 6 candidates, totalling 6 fits
----------
iter: 3
n_candidates: 2
n_resources: 162
Fitting 1 folds for each of 2 candidates, totalling 2 fits
      -> [LinearSVC + SMOTE Set 2] Acc: 0.8450, F1: 0.8319, Time: 0.06s
n_iterations: 4
n_required_iterations: 4
n_possible_iterations: 8
min_resources_: 6
max_resources_: 13800
aggressive_elimination: False
factor: 3
----------
iter: 0
n_candidates: 50
n_resources: 6
Fitting 1 folds for each of 50 candidates, totalling 50 fits
----------
iter: 1
n_candidates: 17
n_resources: 18
Fitting 1 folds for each of 17 candidates, totalling 17 fits
----------
iter: 2
n_candidates: 6
n_resources: 54
Fitting 1 folds for each of 6 candidates, totalling 6 fits
----------
iter: 3
n_candidates: 2
n_resources: 162
Fitting 1 folds for each of 2 candidates, totalling 2 fits
      -> [LogisticRegression + SMOTE Set 2] Acc: 0.8900, F1: 0.8846, Time: 0.27s
      -> [RNN + SMOTE Set 2] Acc: 0.8333, F1: 0.7667, Time: 0.62s
    [=== Generating 2x synthetic data with SMOTE (Set 3, Params: {'k_neighbors': 3}) ===]
n_iterations: 4
n_required_iterations: 4
n_possible_iterations: 8
min_resources_: 6
max_resources_: 13800
aggressive_elimination: False
factor: 3
----------
iter: 0
n_candidates: 50
n_resources: 6
Fitting 1 folds for each of 50 candidates, totalling 50 fits
----------
iter: 1
n_candidates: 17
n_resources: 18
Fitting 1 folds for each of 17 candidates, totalling 17 fits
----------
iter: 2
n_candidates: 6
n_resources: 54
Fitting 1 folds for each of 6 candidates, totalling 6 fits
----------
iter: 3
n_candidates: 2
n_resources: 162
Fitting 1 folds for each of 2 candidates, totalling 2 fits
      -> [KNN + SMOTE Set 3] Acc: 0.9733, F1: 0.9731, Time: 0.01s
n_iterations: 4
n_required_iterations: 4
n_possible_iterations: 8
min_resources_: 6
max_resources_: 13800
aggressive_elimination: False
factor: 3
----------
iter: 0
n_candidates: 50
n_resources: 6
Fitting 1 folds for each of 50 candidates, totalling 50 fits
----------
iter: 1
n_candidates: 17
n_resources: 18
Fitting 1 folds for each of 17 candidates, totalling 17 fits
----------
iter: 2
n_candidates: 6
n_resources: 54
Fitting 1 folds for each of 6 candidates, totalling 6 fits
----------
iter: 3
n_candidates: 2
n_resources: 162
Fitting 1 folds for each of 2 candidates, totalling 2 fits
      -> [RandomForest + SMOTE Set 3] Acc: 0.9800, F1: 0.9799, Time: 0.69s
n_iterations: 4
n_required_iterations: 4
n_possible_iterations: 8
min_resources_: 6
max_resources_: 13800
aggressive_elimination: False
factor: 3
----------
iter: 0
n_candidates: 50
n_resources: 6
Fitting 1 folds for each of 50 candidates, totalling 50 fits
----------
iter: 1
n_candidates: 17
n_resources: 18
Fitting 1 folds for each of 17 candidates, totalling 17 fits
----------
iter: 2
n_candidates: 6
n_resources: 54
Fitting 1 folds for each of 6 candidates, totalling 6 fits
----------
iter: 3
n_candidates: 2
n_resources: 162
Fitting 1 folds for each of 2 candidates, totalling 2 fits
      -> [LinearSVC + SMOTE Set 3] Acc: 0.8767, F1: 0.8694, Time: 0.07s
n_iterations: 4
n_required_iterations: 4
n_possible_iterations: 8
min_resources_: 6
max_resources_: 13800
aggressive_elimination: False
factor: 3
----------
iter: 0
n_candidates: 50
n_resources: 6
Fitting 1 folds for each of 50 candidates, totalling 50 fits
----------
iter: 1
n_candidates: 17
n_resources: 18
Fitting 1 folds for each of 17 candidates, totalling 17 fits
----------
iter: 2
n_candidates: 6
n_resources: 54
Fitting 1 folds for each of 6 candidates, totalling 6 fits
----------
iter: 3
n_candidates: 2
n_resources: 162
Fitting 1 folds for each of 2 candidates, totalling 2 fits
      -> [LogisticRegression + SMOTE Set 3] Acc: 0.8950, F1: 0.8902, Time: 0.22s
      -> [RNN + SMOTE Set 3] Acc: 1.0000, F1: 1.0000, Time: 0.27s
    [=== Generating 2x synthetic data with SMOTE (Set 4, Params: {'k_neighbors': 4}) ===]
n_iterations: 4
n_required_iterations: 4
n_possible_iterations: 8
min_resources_: 6
max_resources_: 13800
aggressive_elimination: False
factor: 3
----------
iter: 0
n_candidates: 50
n_resources: 6
Fitting 1 folds for each of 50 candidates, totalling 50 fits
----------
iter: 1
n_candidates: 17
n_resources: 18
Fitting 1 folds for each of 17 candidates, totalling 17 fits
----------
iter: 2
n_candidates: 6
n_resources: 54
Fitting 1 folds for each of 6 candidates, totalling 6 fits
----------
iter: 3
n_candidates: 2
n_resources: 162
Fitting 1 folds for each of 2 candidates, totalling 2 fits
      -> [KNN + SMOTE Set 4] Acc: 0.9733, F1: 0.9731, Time: 0.02s
n_iterations: 4
n_required_iterations: 4
n_possible_iterations: 8
min_resources_: 6
max_resources_: 13800
aggressive_elimination: False
factor: 3
----------
iter: 0
n_candidates: 50
n_resources: 6
Fitting 1 folds for each of 50 candidates, totalling 50 fits
----------
iter: 1
n_candidates: 17
n_resources: 18
Fitting 1 folds for each of 17 candidates, totalling 17 fits
----------
iter: 2
n_candidates: 6
n_resources: 54
Fitting 1 folds for each of 6 candidates, totalling 6 fits
----------
iter: 3
n_candidates: 2
n_resources: 162
Fitting 1 folds for each of 2 candidates, totalling 2 fits
      -> [RandomForest + SMOTE Set 4] Acc: 0.9600, F1: 0.9600, Time: 0.70s
n_iterations: 4
n_required_iterations: 4
n_possible_iterations: 8
min_resources_: 6
max_resources_: 13800
aggressive_elimination: False
factor: 3
----------
iter: 0
n_candidates: 50
n_resources: 6
Fitting 1 folds for each of 50 candidates, totalling 50 fits
----------
iter: 1
n_candidates: 17
n_resources: 18
Fitting 1 folds for each of 17 candidates, totalling 17 fits
----------
iter: 2
n_candidates: 6
n_resources: 54
Fitting 1 folds for each of 6 candidates, totalling 6 fits
----------
iter: 3
n_candidates: 2
n_resources: 162
Fitting 1 folds for each of 2 candidates, totalling 2 fits
      -> [LinearSVC + SMOTE Set 4] Acc: 0.8883, F1: 0.8827, Time: 0.03s
n_iterations: 4
n_required_iterations: 4
n_possible_iterations: 8
min_resources_: 6
max_resources_: 13800
aggressive_elimination: False
factor: 3
----------
iter: 0
n_candidates: 50
n_resources: 6
Fitting 1 folds for each of 50 candidates, totalling 50 fits
----------
iter: 1
n_candidates: 17
n_resources: 18
Fitting 1 folds for each of 17 candidates, totalling 17 fits
----------
iter: 2
n_candidates: 6
n_resources: 54
Fitting 1 folds for each of 6 candidates, totalling 6 fits
----------
iter: 3
n_candidates: 2
n_resources: 162
Fitting 1 folds for each of 2 candidates, totalling 2 fits
      -> [LogisticRegression + SMOTE Set 4] Acc: 0.8967, F1: 0.8920, Time: 0.21s
      -> [RNN + SMOTE Set 4] Acc: 0.6667, F1: 0.5417, Time: 6.09s
    [=== Generating 2x synthetic data with SMOTE (Set 5, Params: {'k_neighbors': 5}) ===]
n_iterations: 4
n_required_iterations: 4
n_possible_iterations: 8
min_resources_: 6
max_resources_: 13800
aggressive_elimination: False
factor: 3
----------
iter: 0
n_candidates: 50
n_resources: 6
Fitting 1 folds for each of 50 candidates, totalling 50 fits
----------
iter: 1
n_candidates: 17
n_resources: 18
Fitting 1 folds for each of 17 candidates, totalling 17 fits
----------
iter: 2
n_candidates: 6
n_resources: 54
Fitting 1 folds for each of 6 candidates, totalling 6 fits
----------
iter: 3
n_candidates: 2
n_resources: 162
Fitting 1 folds for each of 2 candidates, totalling 2 fits
      -> [KNN + SMOTE Set 5] Acc: 0.8833, F1: 0.8771, Time: 0.03s
n_iterations: 4
n_required_iterations: 4
n_possible_iterations: 8
min_resources_: 6
max_resources_: 13800
aggressive_elimination: False
factor: 3
----------
iter: 0
n_candidates: 50
n_resources: 6
Fitting 1 folds for each of 50 candidates, totalling 50 fits
----------
iter: 1
n_candidates: 17
n_resources: 18
Fitting 1 folds for each of 17 candidates, totalling 17 fits
----------
iter: 2
n_candidates: 6
n_resources: 54
Fitting 1 folds for each of 6 candidates, totalling 6 fits
----------
iter: 3
n_candidates: 2
n_resources: 162
Fitting 1 folds for each of 2 candidates, totalling 2 fits
      -> [RandomForest + SMOTE Set 5] Acc: 0.8933, F1: 0.8945, Time: 0.70s
n_iterations: 4
n_required_iterations: 4
n_possible_iterations: 8
min_resources_: 6
max_resources_: 13800
aggressive_elimination: False
factor: 3
----------
iter: 0
n_candidates: 50
n_resources: 6
Fitting 1 folds for each of 50 candidates, totalling 50 fits
----------
iter: 1
n_candidates: 17
n_resources: 18
Fitting 1 folds for each of 17 candidates, totalling 17 fits
----------
iter: 2
n_candidates: 6
n_resources: 54
Fitting 1 folds for each of 6 candidates, totalling 6 fits
----------
iter: 3
n_candidates: 2
n_resources: 162
Fitting 1 folds for each of 2 candidates, totalling 2 fits
      -> [LinearSVC + SMOTE Set 5] Acc: 0.8500, F1: 0.8380, Time: 0.07s
n_iterations: 4
n_required_iterations: 4
n_possible_iterations: 8
min_resources_: 6
max_resources_: 13800
aggressive_elimination: False
factor: 3
----------
iter: 0
n_candidates: 50
n_resources: 6
Fitting 1 folds for each of 50 candidates, totalling 50 fits
----------
iter: 1
n_candidates: 17
n_resources: 18
Fitting 1 folds for each of 17 candidates, totalling 17 fits
----------
iter: 2
n_candidates: 6
n_resources: 54
Fitting 1 folds for each of 6 candidates, totalling 6 fits
----------
iter: 3
n_candidates: 2
n_resources: 162
Fitting 1 folds for each of 2 candidates, totalling 2 fits
      -> [LogisticRegression + SMOTE Set 5] Acc: 0.8900, F1: 0.8846, Time: 0.25s
      -> [RNN + SMOTE Set 5] Acc: 1.0000, F1: 1.0000, Time: 12.63s
    [=== Generating 3x synthetic data with SMOTE (Set 1, Params: {'k_neighbors': 1}) ===]
n_iterations: 4
n_required_iterations: 4
n_possible_iterations: 8
min_resources_: 6
max_resources_: 18400
aggressive_elimination: False
factor: 3
----------
iter: 0
n_candidates: 50
n_resources: 6
Fitting 1 folds for each of 50 candidates, totalling 50 fits
----------
iter: 1
n_candidates: 17
n_resources: 18
Fitting 1 folds for each of 17 candidates, totalling 17 fits
----------
iter: 2
n_candidates: 6
n_resources: 54
Fitting 1 folds for each of 6 candidates, totalling 6 fits
----------
iter: 3
n_candidates: 2
n_resources: 162
Fitting 1 folds for each of 2 candidates, totalling 2 fits
      -> [KNN + SMOTE Set 1] Acc: 0.9733, F1: 0.9731, Time: 0.02s
n_iterations: 4
n_required_iterations: 4
n_possible_iterations: 8
min_resources_: 6
max_resources_: 18400
aggressive_elimination: False
factor: 3
----------
iter: 0
n_candidates: 50
n_resources: 6
Fitting 1 folds for each of 50 candidates, totalling 50 fits
----------
iter: 1
n_candidates: 17
n_resources: 18
Fitting 1 folds for each of 17 candidates, totalling 17 fits
----------
iter: 2
n_candidates: 6
n_resources: 54
Fitting 1 folds for each of 6 candidates, totalling 6 fits
----------
iter: 3
n_candidates: 2
n_resources: 162
Fitting 1 folds for each of 2 candidates, totalling 2 fits
      -> [RandomForest + SMOTE Set 1] Acc: 0.9683, F1: 0.9683, Time: 0.95s
n_iterations: 4
n_required_iterations: 4
n_possible_iterations: 8
min_resources_: 6
max_resources_: 18400
aggressive_elimination: False
factor: 3
----------
iter: 0
n_candidates: 50
n_resources: 6
Fitting 1 folds for each of 50 candidates, totalling 50 fits
----------
iter: 1
n_candidates: 17
n_resources: 18
Fitting 1 folds for each of 17 candidates, totalling 17 fits
----------
iter: 2
n_candidates: 6
n_resources: 54
Fitting 1 folds for each of 6 candidates, totalling 6 fits
----------
iter: 3
n_candidates: 2
n_resources: 162
Fitting 1 folds for each of 2 candidates, totalling 2 fits
      -> [LinearSVC + SMOTE Set 1] Acc: 0.8333, F1: 0.8175, Time: 0.10s
n_iterations: 4
n_required_iterations: 4
n_possible_iterations: 8
min_resources_: 6
max_resources_: 18400
aggressive_elimination: False
factor: 3
----------
iter: 0
n_candidates: 50
n_resources: 6
Fitting 1 folds for each of 50 candidates, totalling 50 fits
----------
iter: 1
n_candidates: 17
n_resources: 18
Fitting 1 folds for each of 17 candidates, totalling 17 fits
----------
iter: 2
n_candidates: 6
n_resources: 54
Fitting 1 folds for each of 6 candidates, totalling 6 fits
----------
iter: 3
n_candidates: 2
n_resources: 162
Fitting 1 folds for each of 2 candidates, totalling 2 fits
      -> [LogisticRegression + SMOTE Set 1] Acc: 0.8783, F1: 0.8714, Time: 0.33s
      -> [RNN + SMOTE Set 1] Acc: 1.0000, F1: 1.0000, Time: 1.11s
    [=== Generating 3x synthetic data with SMOTE (Set 2, Params: {'k_neighbors': 2}) ===]
n_iterations: 4
n_required_iterations: 4
n_possible_iterations: 8
min_resources_: 6
max_resources_: 18400
aggressive_elimination: False
factor: 3
----------
iter: 0
n_candidates: 50
n_resources: 6
Fitting 1 folds for each of 50 candidates, totalling 50 fits
----------
iter: 1
n_candidates: 17
n_resources: 18
Fitting 1 folds for each of 17 candidates, totalling 17 fits
----------
iter: 2
n_candidates: 6
n_resources: 54
Fitting 1 folds for each of 6 candidates, totalling 6 fits
----------
iter: 3
n_candidates: 2
n_resources: 162
Fitting 1 folds for each of 2 candidates, totalling 2 fits
      -> [KNN + SMOTE Set 2] Acc: 0.8850, F1: 0.8789, Time: 0.03s
n_iterations: 4
n_required_iterations: 4
n_possible_iterations: 8
min_resources_: 6
max_resources_: 18400
aggressive_elimination: False
factor: 3
----------
iter: 0
n_candidates: 50
n_resources: 6
Fitting 1 folds for each of 50 candidates, totalling 50 fits
----------
iter: 1
n_candidates: 17
n_resources: 18
Fitting 1 folds for each of 17 candidates, totalling 17 fits
----------
iter: 2
n_candidates: 6
n_resources: 54
Fitting 1 folds for each of 6 candidates, totalling 6 fits
----------
iter: 3
n_candidates: 2
n_resources: 162
Fitting 1 folds for each of 2 candidates, totalling 2 fits
      -> [RandomForest + SMOTE Set 2] Acc: 0.9583, F1: 0.9584, Time: 0.90s
n_iterations: 4
n_required_iterations: 4
n_possible_iterations: 8
min_resources_: 6
max_resources_: 18400
aggressive_elimination: False
factor: 3
----------
iter: 0
n_candidates: 50
n_resources: 6
Fitting 1 folds for each of 50 candidates, totalling 50 fits
----------
iter: 1
n_candidates: 17
n_resources: 18
Fitting 1 folds for each of 17 candidates, totalling 17 fits
----------
iter: 2
n_candidates: 6
n_resources: 54
Fitting 1 folds for each of 6 candidates, totalling 6 fits
----------
iter: 3
n_candidates: 2
n_resources: 162
Fitting 1 folds for each of 2 candidates, totalling 2 fits
      -> [LinearSVC + SMOTE Set 2] Acc: 0.8333, F1: 0.8175, Time: 0.10s
n_iterations: 4
n_required_iterations: 4
n_possible_iterations: 8
min_resources_: 6
max_resources_: 18400
aggressive_elimination: False
factor: 3
----------
iter: 0
n_candidates: 50
n_resources: 6
Fitting 1 folds for each of 50 candidates, totalling 50 fits
----------
iter: 1
n_candidates: 17
n_resources: 18
Fitting 1 folds for each of 17 candidates, totalling 17 fits
----------
iter: 2
n_candidates: 6
n_resources: 54
Fitting 1 folds for each of 6 candidates, totalling 6 fits
----------
iter: 3
n_candidates: 2
n_resources: 162
Fitting 1 folds for each of 2 candidates, totalling 2 fits
      -> [LogisticRegression + SMOTE Set 2] Acc: 0.8850, F1: 0.8789, Time: 0.32s
      -> [RNN + SMOTE Set 2] Acc: 0.8333, F1: 0.8333, Time: 0.44s
    [=== Generating 3x synthetic data with SMOTE (Set 3, Params: {'k_neighbors': 3}) ===]
n_iterations: 4
n_required_iterations: 4
n_possible_iterations: 8
min_resources_: 6
max_resources_: 18400
aggressive_elimination: False
factor: 3
----------
iter: 0
n_candidates: 50
n_resources: 6
Fitting 1 folds for each of 50 candidates, totalling 50 fits
----------
iter: 1
n_candidates: 17
n_resources: 18
Fitting 1 folds for each of 17 candidates, totalling 17 fits
----------
iter: 2
n_candidates: 6
n_resources: 54
Fitting 1 folds for each of 6 candidates, totalling 6 fits
----------
iter: 3
n_candidates: 2
n_resources: 162
Fitting 1 folds for each of 2 candidates, totalling 2 fits
      -> [KNN + SMOTE Set 3] Acc: 0.9033, F1: 0.8994, Time: 0.04s
n_iterations: 4
n_required_iterations: 4
n_possible_iterations: 8
min_resources_: 6
max_resources_: 18400
aggressive_elimination: False
factor: 3
----------
iter: 0
n_candidates: 50
n_resources: 6
Fitting 1 folds for each of 50 candidates, totalling 50 fits
----------
iter: 1
n_candidates: 17
n_resources: 18
Fitting 1 folds for each of 17 candidates, totalling 17 fits
----------
iter: 2
n_candidates: 6
n_resources: 54
Fitting 1 folds for each of 6 candidates, totalling 6 fits
----------
iter: 3
n_candidates: 2
n_resources: 162
Fitting 1 folds for each of 2 candidates, totalling 2 fits
      -> [RandomForest + SMOTE Set 3] Acc: 0.9783, F1: 0.9782, Time: 2.72s
n_iterations: 4
n_required_iterations: 4
n_possible_iterations: 8
min_resources_: 6
max_resources_: 18400
aggressive_elimination: False
factor: 3
----------
iter: 0
n_candidates: 50
n_resources: 6
Fitting 1 folds for each of 50 candidates, totalling 50 fits
----------
iter: 1
n_candidates: 17
n_resources: 18
Fitting 1 folds for each of 17 candidates, totalling 17 fits
----------
iter: 2
n_candidates: 6
n_resources: 54
Fitting 1 folds for each of 6 candidates, totalling 6 fits
----------
iter: 3
n_candidates: 2
n_resources: 162
Fitting 1 folds for each of 2 candidates, totalling 2 fits
      -> [LinearSVC + SMOTE Set 3] Acc: 0.8817, F1: 0.8752, Time: 0.10s
n_iterations: 4
n_required_iterations: 4
n_possible_iterations: 8
min_resources_: 6
max_resources_: 18400
aggressive_elimination: False
factor: 3
----------
iter: 0
n_candidates: 50
n_resources: 6
Fitting 1 folds for each of 50 candidates, totalling 50 fits
----------
iter: 1
n_candidates: 17
n_resources: 18
Fitting 1 folds for each of 17 candidates, totalling 17 fits
----------
iter: 2
n_candidates: 6
n_resources: 54
Fitting 1 folds for each of 6 candidates, totalling 6 fits
----------
iter: 3
n_candidates: 2
n_resources: 162
Fitting 1 folds for each of 2 candidates, totalling 2 fits
      -> [LogisticRegression + SMOTE Set 3] Acc: 0.3333, F1: 0.1667, Time: 0.02s
      -> [RNN + SMOTE Set 3] Acc: 1.0000, F1: 1.0000, Time: 0.41s
    [=== Generating 3x synthetic data with SMOTE (Set 4, Params: {'k_neighbors': 4}) ===]
n_iterations: 4
n_required_iterations: 4
n_possible_iterations: 8
min_resources_: 6
max_resources_: 18400
aggressive_elimination: False
factor: 3
----------
iter: 0
n_candidates: 50
n_resources: 6
Fitting 1 folds for each of 50 candidates, totalling 50 fits
----------
iter: 1
n_candidates: 17
n_resources: 18
Fitting 1 folds for each of 17 candidates, totalling 17 fits
----------
iter: 2
n_candidates: 6
n_resources: 54
Fitting 1 folds for each of 6 candidates, totalling 6 fits
----------
iter: 3
n_candidates: 2
n_resources: 162
Fitting 1 folds for each of 2 candidates, totalling 2 fits
      -> [KNN + SMOTE Set 4] Acc: 0.9733, F1: 0.9731, Time: 0.02s
n_iterations: 4
n_required_iterations: 4
n_possible_iterations: 8
min_resources_: 6
max_resources_: 18400
aggressive_elimination: False
factor: 3
----------
iter: 0
n_candidates: 50
n_resources: 6
Fitting 1 folds for each of 50 candidates, totalling 50 fits
----------
iter: 1
n_candidates: 17
n_resources: 18
Fitting 1 folds for each of 17 candidates, totalling 17 fits
----------
iter: 2
n_candidates: 6
n_resources: 54
Fitting 1 folds for each of 6 candidates, totalling 6 fits
----------
iter: 3
n_candidates: 2
n_resources: 162
Fitting 1 folds for each of 2 candidates, totalling 2 fits
      -> [RandomForest + SMOTE Set 4] Acc: 0.9533, F1: 0.9534, Time: 1.22s
n_iterations: 4
n_required_iterations: 4
n_possible_iterations: 8
min_resources_: 6
max_resources_: 18400
aggressive_elimination: False
factor: 3
----------
iter: 0
n_candidates: 50
n_resources: 6
Fitting 1 folds for each of 50 candidates, totalling 50 fits
----------
iter: 1
n_candidates: 17
n_resources: 18
Fitting 1 folds for each of 17 candidates, totalling 17 fits
----------
iter: 2
n_candidates: 6
n_resources: 54
Fitting 1 folds for each of 6 candidates, totalling 6 fits
----------
iter: 3
n_candidates: 2
n_resources: 162
Fitting 1 folds for each of 2 candidates, totalling 2 fits
      -> [LinearSVC + SMOTE Set 4] Acc: 0.8750, F1: 0.8678, Time: 0.13s
n_iterations: 4
n_required_iterations: 4
n_possible_iterations: 8
min_resources_: 6
max_resources_: 18400
aggressive_elimination: False
factor: 3
----------
iter: 0
n_candidates: 50
n_resources: 6
Fitting 1 folds for each of 50 candidates, totalling 50 fits
----------
iter: 1
n_candidates: 17
n_resources: 18
Fitting 1 folds for each of 17 candidates, totalling 17 fits
----------
iter: 2
n_candidates: 6
n_resources: 54
Fitting 1 folds for each of 6 candidates, totalling 6 fits
----------
iter: 3
n_candidates: 2
n_resources: 162
Fitting 1 folds for each of 2 candidates, totalling 2 fits
      -> [LogisticRegression + SMOTE Set 4] Acc: 0.8950, F1: 0.8902, Time: 0.33s
      -> [RNN + SMOTE Set 4] Acc: 1.0000, F1: 1.0000, Time: 6.85s
    [=== Generating 3x synthetic data with SMOTE (Set 5, Params: {'k_neighbors': 5}) ===]
n_iterations: 4
n_required_iterations: 4
n_possible_iterations: 8
min_resources_: 6
max_resources_: 18400
aggressive_elimination: False
factor: 3
----------
iter: 0
n_candidates: 50
n_resources: 6
Fitting 1 folds for each of 50 candidates, totalling 50 fits
----------
iter: 1
n_candidates: 17
n_resources: 18
Fitting 1 folds for each of 17 candidates, totalling 17 fits
----------
iter: 2
n_candidates: 6
n_resources: 54
Fitting 1 folds for each of 6 candidates, totalling 6 fits
----------
iter: 3
n_candidates: 2
n_resources: 162
Fitting 1 folds for each of 2 candidates, totalling 2 fits
      -> [KNN + SMOTE Set 5] Acc: 0.9050, F1: 0.9012, Time: 0.04s
n_iterations: 4
n_required_iterations: 4
n_possible_iterations: 8
min_resources_: 6
max_resources_: 18400
aggressive_elimination: False
factor: 3
----------
iter: 0
n_candidates: 50
n_resources: 6
Fitting 1 folds for each of 50 candidates, totalling 50 fits
----------
iter: 1
n_candidates: 17
n_resources: 18
Fitting 1 folds for each of 17 candidates, totalling 17 fits
----------
iter: 2
n_candidates: 6
n_resources: 54
Fitting 1 folds for each of 6 candidates, totalling 6 fits
----------
iter: 3
n_candidates: 2
n_resources: 162
Fitting 1 folds for each of 2 candidates, totalling 2 fits
      -> [RandomForest + SMOTE Set 5] Acc: 0.9767, F1: 0.9766, Time: 1.13s
n_iterations: 4
n_required_iterations: 4
n_possible_iterations: 8
min_resources_: 6
max_resources_: 18400
aggressive_elimination: False
factor: 3
----------
iter: 0
n_candidates: 50
n_resources: 6
Fitting 1 folds for each of 50 candidates, totalling 50 fits
----------
iter: 1
n_candidates: 17
n_resources: 18
Fitting 1 folds for each of 17 candidates, totalling 17 fits
----------
iter: 2
n_candidates: 6
n_resources: 54
Fitting 1 folds for each of 6 candidates, totalling 6 fits
----------
iter: 3
n_candidates: 2
n_resources: 162
Fitting 1 folds for each of 2 candidates, totalling 2 fits
      -> [LinearSVC + SMOTE Set 5] Acc: 0.8867, F1: 0.8808, Time: 0.05s
n_iterations: 4
n_required_iterations: 4
n_possible_iterations: 8
min_resources_: 6
max_resources_: 18400
aggressive_elimination: False
factor: 3
----------
iter: 0
n_candidates: 50
n_resources: 6
Fitting 1 folds for each of 50 candidates, totalling 50 fits
----------
iter: 1
n_candidates: 17
n_resources: 18
Fitting 1 folds for each of 17 candidates, totalling 17 fits
----------
iter: 2
n_candidates: 6
n_resources: 54
Fitting 1 folds for each of 6 candidates, totalling 6 fits
----------
iter: 3
n_candidates: 2
n_resources: 162
Fitting 1 folds for each of 2 candidates, totalling 2 fits
      -> [LogisticRegression + SMOTE Set 5] Acc: 0.8967, F1: 0.8920, Time: 0.44s
      -> [RNN + SMOTE Set 5] Acc: 1.0000, F1: 1.0000, Time: 20.93s
    [=== Generating 5x synthetic data with SMOTE (Set 1, Params: {'k_neighbors': 1}) ===]
n_iterations: 4
n_required_iterations: 4
n_possible_iterations: 8
min_resources_: 6
max_resources_: 27600
aggressive_elimination: False
factor: 3
----------
iter: 0
n_candidates: 50
n_resources: 6
Fitting 1 folds for each of 50 candidates, totalling 50 fits
----------
iter: 1
n_candidates: 17
n_resources: 18
Fitting 1 folds for each of 17 candidates, totalling 17 fits
----------
iter: 2
n_candidates: 6
n_resources: 54
Fitting 1 folds for each of 6 candidates, totalling 6 fits
----------
iter: 3
n_candidates: 2
n_resources: 162
Fitting 1 folds for each of 2 candidates, totalling 2 fits
      -> [KNN + SMOTE Set 1] Acc: 0.9750, F1: 0.9748, Time: 0.03s
n_iterations: 4
n_required_iterations: 4
n_possible_iterations: 8
min_resources_: 6
max_resources_: 27600
aggressive_elimination: False
factor: 3
----------
iter: 0
n_candidates: 50
n_resources: 6
Fitting 1 folds for each of 50 candidates, totalling 50 fits
----------
iter: 1
n_candidates: 17
n_resources: 18
Fitting 1 folds for each of 17 candidates, totalling 17 fits
----------
iter: 2
n_candidates: 6
n_resources: 54
Fitting 1 folds for each of 6 candidates, totalling 6 fits
----------
iter: 3
n_candidates: 2
n_resources: 162
Fitting 1 folds for each of 2 candidates, totalling 2 fits
      -> [RandomForest + SMOTE Set 1] Acc: 0.9367, F1: 0.9369, Time: 1.59s
n_iterations: 4
n_required_iterations: 4
n_possible_iterations: 8
min_resources_: 6
max_resources_: 27600
aggressive_elimination: False
factor: 3
----------
iter: 0
n_candidates: 50
n_resources: 6
Fitting 1 folds for each of 50 candidates, totalling 50 fits
----------
iter: 1
n_candidates: 17
n_resources: 18
Fitting 1 folds for each of 17 candidates, totalling 17 fits
----------
iter: 2
n_candidates: 6
n_resources: 54
Fitting 1 folds for each of 6 candidates, totalling 6 fits
----------
iter: 3
n_candidates: 2
n_resources: 162
Fitting 1 folds for each of 2 candidates, totalling 2 fits
      -> [LinearSVC + SMOTE Set 1] Acc: 0.8767, F1: 0.8694, Time: 0.09s
n_iterations: 4
n_required_iterations: 4
n_possible_iterations: 8
min_resources_: 6
max_resources_: 27600
aggressive_elimination: False
factor: 3
----------
iter: 0
n_candidates: 50
n_resources: 6
Fitting 1 folds for each of 50 candidates, totalling 50 fits
----------
iter: 1
n_candidates: 17
n_resources: 18
Fitting 1 folds for each of 17 candidates, totalling 17 fits
----------
iter: 2
n_candidates: 6
n_resources: 54
Fitting 1 folds for each of 6 candidates, totalling 6 fits
----------
iter: 3
n_candidates: 2
n_resources: 162
Fitting 1 folds for each of 2 candidates, totalling 2 fits
      -> [LogisticRegression + SMOTE Set 1] Acc: 0.8867, F1: 0.8808, Time: 0.76s
      -> [RNN + SMOTE Set 1] Acc: 1.0000, F1: 1.0000, Time: 82.18s
    [=== Generating 5x synthetic data with SMOTE (Set 2, Params: {'k_neighbors': 2}) ===]
n_iterations: 4
n_required_iterations: 4
n_possible_iterations: 8
min_resources_: 6
max_resources_: 27600
aggressive_elimination: False
factor: 3
----------
iter: 0
n_candidates: 50
n_resources: 6
Fitting 1 folds for each of 50 candidates, totalling 50 fits
----------
iter: 1
n_candidates: 17
n_resources: 18
Fitting 1 folds for each of 17 candidates, totalling 17 fits
----------
iter: 2
n_candidates: 6
n_resources: 54
Fitting 1 folds for each of 6 candidates, totalling 6 fits
----------
iter: 3
n_candidates: 2
n_resources: 162
Fitting 1 folds for each of 2 candidates, totalling 2 fits
      -> [KNN + SMOTE Set 2] Acc: 0.9033, F1: 0.8994, Time: 0.16s
n_iterations: 4
n_required_iterations: 4
n_possible_iterations: 8
min_resources_: 6
max_resources_: 27600
aggressive_elimination: False
factor: 3
----------
iter: 0
n_candidates: 50
n_resources: 6
Fitting 1 folds for each of 50 candidates, totalling 50 fits
----------
iter: 1
n_candidates: 17
n_resources: 18
Fitting 1 folds for each of 17 candidates, totalling 17 fits
----------
iter: 2
n_candidates: 6
n_resources: 54
Fitting 1 folds for each of 6 candidates, totalling 6 fits
----------
iter: 3
n_candidates: 2
n_resources: 162
Fitting 1 folds for each of 2 candidates, totalling 2 fits
      -> [RandomForest + SMOTE Set 2] Acc: 0.9767, F1: 0.9765, Time: 1.79s
n_iterations: 4
n_required_iterations: 4
n_possible_iterations: 8
min_resources_: 6
max_resources_: 27600
aggressive_elimination: False
factor: 3
----------
iter: 0
n_candidates: 50
n_resources: 6
Fitting 1 folds for each of 50 candidates, totalling 50 fits
----------
iter: 1
n_candidates: 17
n_resources: 18
Fitting 1 folds for each of 17 candidates, totalling 17 fits
----------
iter: 2
n_candidates: 6
n_resources: 54
Fitting 1 folds for each of 6 candidates, totalling 6 fits
----------
iter: 3
n_candidates: 2
n_resources: 162
Fitting 1 folds for each of 2 candidates, totalling 2 fits
      -> [LinearSVC + SMOTE Set 2] Acc: 0.8650, F1: 0.8559, Time: 0.22s
n_iterations: 4
n_required_iterations: 4
n_possible_iterations: 8
min_resources_: 6
max_resources_: 27600
aggressive_elimination: False
factor: 3
----------
iter: 0
n_candidates: 50
n_resources: 6
Fitting 1 folds for each of 50 candidates, totalling 50 fits
----------
iter: 1
n_candidates: 17
n_resources: 18
Fitting 1 folds for each of 17 candidates, totalling 17 fits
----------
iter: 2
n_candidates: 6
n_resources: 54
Fitting 1 folds for each of 6 candidates, totalling 6 fits
----------
iter: 3
n_candidates: 2
n_resources: 162
Fitting 1 folds for each of 2 candidates, totalling 2 fits
      -> [LogisticRegression + SMOTE Set 2] Acc: 0.8717, F1: 0.8668, Time: 0.76s
      -> [RNN + SMOTE Set 2] Acc: 1.0000, F1: 1.0000, Time: 3.84s
    [=== Generating 5x synthetic data with SMOTE (Set 3, Params: {'k_neighbors': 3}) ===]
n_iterations: 4
n_required_iterations: 4
n_possible_iterations: 8
min_resources_: 6
max_resources_: 27600
aggressive_elimination: False
factor: 3
----------
iter: 0
n_candidates: 50
n_resources: 6
Fitting 1 folds for each of 50 candidates, totalling 50 fits
----------
iter: 1
n_candidates: 17
n_resources: 18
Fitting 1 folds for each of 17 candidates, totalling 17 fits
----------
iter: 2
n_candidates: 6
n_resources: 54
Fitting 1 folds for each of 6 candidates, totalling 6 fits
----------
iter: 3
n_candidates: 2
n_resources: 162
Fitting 1 folds for each of 2 candidates, totalling 2 fits
      -> [KNN + SMOTE Set 3] Acc: 0.9967, F1: 0.9967, Time: 0.03s
n_iterations: 4
n_required_iterations: 4
n_possible_iterations: 8
min_resources_: 6
max_resources_: 27600
aggressive_elimination: False
factor: 3
----------
iter: 0
n_candidates: 50
n_resources: 6
Fitting 1 folds for each of 50 candidates, totalling 50 fits
----------
iter: 1
n_candidates: 17
n_resources: 18
Fitting 1 folds for each of 17 candidates, totalling 17 fits
----------
iter: 2
n_candidates: 6
n_resources: 54
Fitting 1 folds for each of 6 candidates, totalling 6 fits
----------
iter: 3
n_candidates: 2
n_resources: 162
Fitting 1 folds for each of 2 candidates, totalling 2 fits
      -> [RandomForest + SMOTE Set 3] Acc: 0.9650, F1: 0.9650, Time: 2.25s
n_iterations: 4
n_required_iterations: 4
n_possible_iterations: 8
min_resources_: 6
max_resources_: 27600
aggressive_elimination: False
factor: 3
----------
iter: 0
n_candidates: 50
n_resources: 6
Fitting 1 folds for each of 50 candidates, totalling 50 fits
----------
iter: 1
n_candidates: 17
n_resources: 18
Fitting 1 folds for each of 17 candidates, totalling 17 fits
----------
iter: 2
n_candidates: 6
n_resources: 54
Fitting 1 folds for each of 6 candidates, totalling 6 fits
----------
iter: 3
n_candidates: 2
n_resources: 162
Fitting 1 folds for each of 2 candidates, totalling 2 fits
      -> [LinearSVC + SMOTE Set 3] Acc: 0.8967, F1: 0.8920, Time: 0.09s
n_iterations: 4
n_required_iterations: 4
n_possible_iterations: 8
min_resources_: 6
max_resources_: 27600
aggressive_elimination: False
factor: 3
----------
iter: 0
n_candidates: 50
n_resources: 6
Fitting 1 folds for each of 50 candidates, totalling 50 fits
----------
iter: 1
n_candidates: 17
n_resources: 18
Fitting 1 folds for each of 17 candidates, totalling 17 fits
----------
iter: 2
n_candidates: 6
n_resources: 54
Fitting 1 folds for each of 6 candidates, totalling 6 fits
----------
iter: 3
n_candidates: 2
n_resources: 162
Fitting 1 folds for each of 2 candidates, totalling 2 fits
      -> [LogisticRegression + SMOTE Set 3] Acc: 0.8933, F1: 0.8885, Time: 0.70s
      -> [RNN + SMOTE Set 3] Acc: 1.0000, F1: 1.0000, Time: 33.37s
    [=== Generating 5x synthetic data with SMOTE (Set 4, Params: {'k_neighbors': 4}) ===]
n_iterations: 4
n_required_iterations: 4
n_possible_iterations: 8
min_resources_: 6
max_resources_: 27600
aggressive_elimination: False
factor: 3
----------
iter: 0
n_candidates: 50
n_resources: 6
Fitting 1 folds for each of 50 candidates, totalling 50 fits
----------
iter: 1
n_candidates: 17
n_resources: 18
Fitting 1 folds for each of 17 candidates, totalling 17 fits
----------
iter: 2
n_candidates: 6
n_resources: 54
Fitting 1 folds for each of 6 candidates, totalling 6 fits
----------
iter: 3
n_candidates: 2
n_resources: 162
Fitting 1 folds for each of 2 candidates, totalling 2 fits
      -> [KNN + SMOTE Set 4] Acc: 0.9967, F1: 0.9967, Time: 0.03s
n_iterations: 4
n_required_iterations: 4
n_possible_iterations: 8
min_resources_: 6
max_resources_: 27600
aggressive_elimination: False
factor: 3
----------
iter: 0
n_candidates: 50
n_resources: 6
Fitting 1 folds for each of 50 candidates, totalling 50 fits
----------
iter: 1
n_candidates: 17
n_resources: 18
Fitting 1 folds for each of 17 candidates, totalling 17 fits
----------
iter: 2
n_candidates: 6
n_resources: 54
Fitting 1 folds for each of 6 candidates, totalling 6 fits
----------
iter: 3
n_candidates: 2
n_resources: 162
Fitting 1 folds for each of 2 candidates, totalling 2 fits
      -> [RandomForest + SMOTE Set 4] Acc: 0.9750, F1: 0.9749, Time: 1.77s
n_iterations: 4
n_required_iterations: 4
n_possible_iterations: 8
min_resources_: 6
max_resources_: 27600
aggressive_elimination: False
factor: 3
----------
iter: 0
n_candidates: 50
n_resources: 6
Fitting 1 folds for each of 50 candidates, totalling 50 fits
----------
iter: 1
n_candidates: 17
n_resources: 18
Fitting 1 folds for each of 17 candidates, totalling 17 fits
----------
iter: 2
n_candidates: 6
n_resources: 54
Fitting 1 folds for each of 6 candidates, totalling 6 fits
----------
iter: 3
n_candidates: 2
n_resources: 162
Fitting 1 folds for each of 2 candidates, totalling 2 fits
      -> [LinearSVC + SMOTE Set 4] Acc: 0.8817, F1: 0.8754, Time: 0.17s
n_iterations: 4
n_required_iterations: 4
n_possible_iterations: 8
min_resources_: 6
max_resources_: 27600
aggressive_elimination: False
factor: 3
----------
iter: 0
n_candidates: 50
n_resources: 6
Fitting 1 folds for each of 50 candidates, totalling 50 fits
----------
iter: 1
n_candidates: 17
n_resources: 18
Fitting 1 folds for each of 17 candidates, totalling 17 fits
----------
iter: 2
n_candidates: 6
n_resources: 54
Fitting 1 folds for each of 6 candidates, totalling 6 fits
----------
iter: 3
n_candidates: 2
n_resources: 162
Fitting 1 folds for each of 2 candidates, totalling 2 fits
      -> [LogisticRegression + SMOTE Set 4] Acc: 0.8983, F1: 0.8939, Time: 0.77s
      -> [RNN + SMOTE Set 4] Acc: 0.8333, F1: 0.8175, Time: 17.95s
    [=== Generating 5x synthetic data with SMOTE (Set 5, Params: {'k_neighbors': 5}) ===]
n_iterations: 4
n_required_iterations: 4
n_possible_iterations: 8
min_resources_: 6
max_resources_: 27600
aggressive_elimination: False
factor: 3
----------
iter: 0
n_candidates: 50
n_resources: 6
Fitting 1 folds for each of 50 candidates, totalling 50 fits
----------
iter: 1
n_candidates: 17
n_resources: 18
Fitting 1 folds for each of 17 candidates, totalling 17 fits
----------
iter: 2
n_candidates: 6
n_resources: 54
Fitting 1 folds for each of 6 candidates, totalling 6 fits
----------
iter: 3
n_candidates: 2
n_resources: 162
Fitting 1 folds for each of 2 candidates, totalling 2 fits
      -> [KNN + SMOTE Set 5] Acc: 0.9733, F1: 0.9731, Time: 0.03s
n_iterations: 4
n_required_iterations: 4
n_possible_iterations: 8
min_resources_: 6
max_resources_: 27600
aggressive_elimination: False
factor: 3
----------
iter: 0
n_candidates: 50
n_resources: 6
Fitting 1 folds for each of 50 candidates, totalling 50 fits
----------
iter: 1
n_candidates: 17
n_resources: 18
Fitting 1 folds for each of 17 candidates, totalling 17 fits
----------
iter: 2
n_candidates: 6
n_resources: 54
Fitting 1 folds for each of 6 candidates, totalling 6 fits
----------
iter: 3
n_candidates: 2
n_resources: 162
Fitting 1 folds for each of 2 candidates, totalling 2 fits
      -> [RandomForest + SMOTE Set 5] Acc: 0.9783, F1: 0.9783, Time: 1.86s
n_iterations: 4
n_required_iterations: 4
n_possible_iterations: 8
min_resources_: 6
max_resources_: 27600
aggressive_elimination: False
factor: 3
----------
iter: 0
n_candidates: 50
n_resources: 6
Fitting 1 folds for each of 50 candidates, totalling 50 fits
----------
iter: 1
n_candidates: 17
n_resources: 18
Fitting 1 folds for each of 17 candidates, totalling 17 fits
----------
iter: 2
n_candidates: 6
n_resources: 54
Fitting 1 folds for each of 6 candidates, totalling 6 fits
----------
iter: 3
n_candidates: 2
n_resources: 162
Fitting 1 folds for each of 2 candidates, totalling 2 fits
      -> [LinearSVC + SMOTE Set 5] Acc: 0.8750, F1: 0.8678, Time: 0.17s
n_iterations: 4
n_required_iterations: 4
n_possible_iterations: 8
min_resources_: 6
max_resources_: 27600
aggressive_elimination: False
factor: 3
----------
iter: 0
n_candidates: 50
n_resources: 6
Fitting 1 folds for each of 50 candidates, totalling 50 fits
----------
iter: 1
n_candidates: 17
n_resources: 18
Fitting 1 folds for each of 17 candidates, totalling 17 fits
----------
iter: 2
n_candidates: 6
n_resources: 54
Fitting 1 folds for each of 6 candidates, totalling 6 fits
----------
iter: 3
n_candidates: 2
n_resources: 162
Fitting 1 folds for each of 2 candidates, totalling 2 fits
      -> [LogisticRegression + SMOTE Set 5] Acc: 0.8900, F1: 0.8846, Time: 0.55s
      -> [RNN + SMOTE Set 5] Acc: 1.0000, F1: 1.0000, Time: 0.58s
    [=== Generating 10x synthetic data with SMOTE (Set 1, Params: {'k_neighbors': 1}) ===]
n_iterations: 4
n_required_iterations: 4
n_possible_iterations: 9
min_resources_: 6
max_resources_: 50600
aggressive_elimination: False
factor: 3
----------
iter: 0
n_candidates: 50
n_resources: 6
Fitting 1 folds for each of 50 candidates, totalling 50 fits
      -> [KNN + SMOTE Set 1] Acc: 0.9733, F1: 0.9731, Time: 0.07s
n_iterations: 4
n_required_iterations: 4
n_possible_iterations: 9
min_resources_: 6
max_resources_: 50600
aggressive_elimination: False
factor: 3
----------
iter: 0
n_candidates: 50
n_resources: 6
Fitting 1 folds for each of 50 candidates, totalling 50 fits
      -> [RandomForest + SMOTE Set 1] Acc: 0.9750, F1: 0.9749, Time: 7.45s
n_iterations: 4
n_required_iterations: 4
n_possible_iterations: 9
min_resources_: 6
max_resources_: 50600
aggressive_elimination: False
factor: 3
----------
iter: 0
n_candidates: 50
n_resources: 6
Fitting 1 folds for each of 50 candidates, totalling 50 fits
      -> [LinearSVC + SMOTE Set 1] Acc: 0.8767, F1: 0.8694, Time: 0.21s
n_iterations: 4
n_required_iterations: 4
n_possible_iterations: 9
min_resources_: 6
max_resources_: 50600
aggressive_elimination: False
factor: 3
----------
iter: 0
n_candidates: 50
n_resources: 6
Fitting 1 folds for each of 50 candidates, totalling 50 fits
      -> [LogisticRegression + SMOTE Set 1] Acc: 0.8833, F1: 0.8771, Time: 1.54s
      -> [RNN + SMOTE Set 1] Acc: 0.8333, F1: 0.8175, Time: 6.87s
    [=== Generating 10x synthetic data with SMOTE (Set 2, Params: {'k_neighbors': 2}) ===]
n_iterations: 4
n_required_iterations: 4
n_possible_iterations: 9
min_resources_: 6
max_resources_: 50600
aggressive_elimination: False
factor: 3
----------
iter: 0
n_candidates: 50
n_resources: 6
Fitting 1 folds for each of 50 candidates, totalling 50 fits
      -> [KNN + SMOTE Set 2] Acc: 0.9733, F1: 0.9731, Time: 0.08s
n_iterations: 4
n_required_iterations: 4
n_possible_iterations: 9
min_resources_: 6
max_resources_: 50600
aggressive_elimination: False
factor: 3
----------
iter: 0
n_candidates: 50
n_resources: 6
Fitting 1 folds for each of 50 candidates, totalling 50 fits
      -> [RandomForest + SMOTE Set 2] Acc: 0.9783, F1: 0.9782, Time: 8.52s
n_iterations: 4
n_required_iterations: 4
n_possible_iterations: 9
min_resources_: 6
max_resources_: 50600
aggressive_elimination: False
factor: 3
----------
iter: 0
n_candidates: 50
n_resources: 6
Fitting 1 folds for each of 50 candidates, totalling 50 fits
      -> [LinearSVC + SMOTE Set 2] Acc: 0.8950, F1: 0.8902, Time: 0.17s
n_iterations: 4
n_required_iterations: 4
n_possible_iterations: 9
min_resources_: 6
max_resources_: 50600
aggressive_elimination: False
factor: 3
----------
iter: 0
n_candidates: 50
n_resources: 6
Fitting 1 folds for each of 50 candidates, totalling 50 fits
      -> [LogisticRegression + SMOTE Set 2] Acc: 0.8933, F1: 0.8885, Time: 1.54s
      -> [RNN + SMOTE Set 2] Acc: 0.8333, F1: 0.8175, Time: 32.20s
    [=== Generating 10x synthetic data with SMOTE (Set 3, Params: {'k_neighbors': 3}) ===]
n_iterations: 4
n_required_iterations: 4
n_possible_iterations: 9
min_resources_: 6
max_resources_: 50600
aggressive_elimination: False
factor: 3
----------
iter: 0
n_candidates: 50
n_resources: 6
Fitting 1 folds for each of 50 candidates, totalling 50 fits
      -> [KNN + SMOTE Set 3] Acc: 0.9733, F1: 0.9731, Time: 0.08s
n_iterations: 4
n_required_iterations: 4
n_possible_iterations: 9
min_resources_: 6
max_resources_: 50600
aggressive_elimination: False
factor: 3
----------
iter: 0
n_candidates: 50
n_resources: 6
Fitting 1 folds for each of 50 candidates, totalling 50 fits
      -> [RandomForest + SMOTE Set 3] Acc: 0.9967, F1: 0.9967, Time: 6.91s
n_iterations: 4
n_required_iterations: 4
n_possible_iterations: 9
min_resources_: 6
max_resources_: 50600
aggressive_elimination: False
factor: 3
----------
iter: 0
n_candidates: 50
n_resources: 6
Fitting 1 folds for each of 50 candidates, totalling 50 fits
      -> [LinearSVC + SMOTE Set 3] Acc: 0.8983, F1: 0.8939, Time: 0.16s
n_iterations: 4
n_required_iterations: 4
n_possible_iterations: 9
min_resources_: 6
max_resources_: 50600
aggressive_elimination: False
factor: 3
----------
iter: 0
n_candidates: 50
n_resources: 6
Fitting 1 folds for each of 50 candidates, totalling 50 fits
      -> [LogisticRegression + SMOTE Set 3] Acc: 0.8967, F1: 0.8922, Time: 0.83s
      -> [RNN + SMOTE Set 3] Acc: 0.8333, F1: 0.8175, Time: 7.19s
    [=== Generating 10x synthetic data with SMOTE (Set 4, Params: {'k_neighbors': 4}) ===]
n_iterations: 4
n_required_iterations: 4
n_possible_iterations: 9
min_resources_: 6
max_resources_: 50600
aggressive_elimination: False
factor: 3
----------
iter: 0
n_candidates: 50
n_resources: 6
Fitting 1 folds for each of 50 candidates, totalling 50 fits
      -> [KNN + SMOTE Set 4] Acc: 0.9733, F1: 0.9731, Time: 0.10s
n_iterations: 4
n_required_iterations: 4
n_possible_iterations: 9
min_resources_: 6
max_resources_: 50600
aggressive_elimination: False
factor: 3
----------
iter: 0
n_candidates: 50
n_resources: 6
Fitting 1 folds for each of 50 candidates, totalling 50 fits
      -> [RandomForest + SMOTE Set 4] Acc: 0.9783, F1: 0.9784, Time: 8.75s
n_iterations: 4
n_required_iterations: 4
n_possible_iterations: 9
min_resources_: 6
max_resources_: 50600
aggressive_elimination: False
factor: 3
----------
iter: 0
n_candidates: 50
n_resources: 6
Fitting 1 folds for each of 50 candidates, totalling 50 fits
      -> [LinearSVC + SMOTE Set 4] Acc: 0.8967, F1: 0.8920, Time: 0.14s
n_iterations: 4
n_required_iterations: 4
n_possible_iterations: 9
min_resources_: 6
max_resources_: 50600
aggressive_elimination: False
factor: 3
----------
iter: 0
n_candidates: 50
n_resources: 6
Fitting 1 folds for each of 50 candidates, totalling 50 fits
      -> [LogisticRegression + SMOTE Set 4] Acc: 0.8983, F1: 0.8939, Time: 0.88s
      -> [RNN + SMOTE Set 4] Acc: 1.0000, F1: 1.0000, Time: 3.97s
    [=== Generating 10x synthetic data with SMOTE (Set 5, Params: {'k_neighbors': 5}) ===]
n_iterations: 4
n_required_iterations: 4
n_possible_iterations: 9
min_resources_: 6
max_resources_: 50600
aggressive_elimination: False
factor: 3
----------
iter: 0
n_candidates: 50
n_resources: 6
Fitting 1 folds for each of 50 candidates, totalling 50 fits
      -> [KNN + SMOTE Set 5] Acc: 0.9733, F1: 0.9731, Time: 0.08s
n_iterations: 4
n_required_iterations: 4
n_possible_iterations: 9
min_resources_: 6
max_resources_: 50600
aggressive_elimination: False
factor: 3
----------
iter: 0
n_candidates: 50
n_resources: 6
Fitting 1 folds for each of 50 candidates, totalling 50 fits
      -> [RandomForest + SMOTE Set 5] Acc: 0.9783, F1: 0.9782, Time: 7.69s
n_iterations: 4
n_required_iterations: 4
n_possible_iterations: 9
min_resources_: 6
max_resources_: 50600
aggressive_elimination: False
factor: 3
----------
iter: 0
n_candidates: 50
n_resources: 6
Fitting 1 folds for each of 50 candidates, totalling 50 fits
      -> [LinearSVC + SMOTE Set 5] Acc: 0.8733, F1: 0.8656, Time: 0.14s
n_iterations: 4
n_required_iterations: 4
n_possible_iterations: 9
min_resources_: 6
max_resources_: 50600
aggressive_elimination: False
factor: 3
----------
iter: 0
n_candidates: 50
n_resources: 6
Fitting 1 folds for each of 50 candidates, totalling 50 fits
      -> [LogisticRegression + SMOTE Set 5] Acc: 0.8883, F1: 0.8827, Time: 2.10s
      -> [RNN + SMOTE Set 5] Acc: 1.0000, F1: 1.0000, Time: 21.98s

    >> Seed Fold Selection: 8/10
    Evaluating Model: KNN
      -> [Baseline] Acc: 0.9767, F1: 0.9765, Time: 0.03s
      HP Tuning KNN...
n_iterations: 4
n_required_iterations: 4
n_possible_iterations: 5
min_resources_: 30
max_resources_: 4600
aggressive_elimination: False
factor: 3
----------
iter: 0
n_candidates: 50
n_resources: 30
Fitting 5 folds for each of 50 candidates, totalling 250 fits
----------
iter: 1
n_candidates: 17
n_resources: 90
Fitting 5 folds for each of 17 candidates, totalling 85 fits
----------
iter: 2
n_candidates: 6
n_resources: 270
Fitting 5 folds for each of 6 candidates, totalling 30 fits
----------
iter: 3
n_candidates: 2
n_resources: 810
Fitting 5 folds for each of 2 candidates, totalling 10 fits
      -> [Tuned_Baseline] Acc: 0.9317, F1: 0.9300, Time: 0.02s
    Evaluating Model: RandomForest
      -> [Baseline] Acc: 0.9517, F1: 0.9521, Time: 0.64s
      HP Tuning RandomForest...
n_iterations: 4
n_required_iterations: 4
n_possible_iterations: 5
min_resources_: 30
max_resources_: 4600
aggressive_elimination: False
factor: 3
----------
iter: 0
n_candidates: 50
n_resources: 30
Fitting 5 folds for each of 50 candidates, totalling 250 fits
----------
iter: 1
n_candidates: 17
n_resources: 90
Fitting 5 folds for each of 17 candidates, totalling 85 fits
----------
iter: 2
n_candidates: 6
n_resources: 270
Fitting 5 folds for each of 6 candidates, totalling 30 fits
----------
iter: 3
n_candidates: 2
n_resources: 810
Fitting 5 folds for each of 2 candidates, totalling 10 fits
      -> [Tuned_Baseline] Acc: 0.9717, F1: 0.9719, Time: 0.01s
    Evaluating Model: LinearSVC
      -> [Baseline] Acc: 0.8717, F1: 0.8640, Time: 0.02s
      HP Tuning LinearSVC...
n_iterations: 4
n_required_iterations: 4
n_possible_iterations: 5
min_resources_: 30
max_resources_: 4600
aggressive_elimination: False
factor: 3
----------
iter: 0
n_candidates: 50
n_resources: 30
Fitting 5 folds for each of 50 candidates, totalling 250 fits
----------
iter: 1
n_candidates: 17
n_resources: 90
Fitting 5 folds for each of 17 candidates, totalling 85 fits
----------
iter: 2
n_candidates: 6
n_resources: 270
Fitting 5 folds for each of 6 candidates, totalling 30 fits
----------
iter: 3
n_candidates: 2
n_resources: 810
Fitting 5 folds for each of 2 candidates, totalling 10 fits
      -> [Tuned_Baseline] Acc: 0.8733, F1: 0.8656, Time: 0.00s
    Evaluating Model: LogisticRegression
      -> [Baseline] Acc: 0.8800, F1: 0.8735, Time: 0.31s
      HP Tuning LogisticRegression...
n_iterations: 4
n_required_iterations: 4
n_possible_iterations: 5
min_resources_: 30
max_resources_: 4600
aggressive_elimination: False
factor: 3
----------
iter: 0
n_candidates: 50
n_resources: 30
Fitting 5 folds for each of 50 candidates, totalling 250 fits
----------
iter: 1
n_candidates: 17
n_resources: 90
Fitting 5 folds for each of 17 candidates, totalling 85 fits
----------
iter: 2
n_candidates: 6
n_resources: 270
Fitting 5 folds for each of 6 candidates, totalling 30 fits
----------
iter: 3
n_candidates: 2
n_resources: 810
Fitting 5 folds for each of 2 candidates, totalling 10 fits
      -> [Tuned_Baseline] Acc: 0.8850, F1: 0.8789, Time: 0.00s
    Evaluating Model: RNN
      -> [Baseline] Acc: 0.8333, F1: 0.7667, Time: 0.49s
      HP Tuning RNN...
n_iterations: 2
n_required_iterations: 2
n_possible_iterations: 2
min_resources_: 10
max_resources_: 46
aggressive_elimination: False
factor: 3
----------
iter: 0
n_candidates: 4
n_resources: 10
Fitting 5 folds for each of 4 candidates, totalling 20 fits
----------
iter: 1
n_candidates: 2
n_resources: 30
Fitting 5 folds for each of 2 candidates, totalling 10 fits
      -> [Tuned_Baseline] Acc: 0.8333, F1: 0.7667, Time: 0.00s
    [=== Generating 2x synthetic data with SMOTE (Set 1, Params: {'k_neighbors': 1}) ===]
n_iterations: 4
n_required_iterations: 4
n_possible_iterations: 8
min_resources_: 6
max_resources_: 13800
aggressive_elimination: False
factor: 3
----------
iter: 0
n_candidates: 50
n_resources: 6
Fitting 1 folds for each of 50 candidates, totalling 50 fits
----------
iter: 1
n_candidates: 17
n_resources: 18
Fitting 1 folds for each of 17 candidates, totalling 17 fits
----------
iter: 2
n_candidates: 6
n_resources: 54
Fitting 1 folds for each of 6 candidates, totalling 6 fits
----------
iter: 3
n_candidates: 2
n_resources: 162
Fitting 1 folds for each of 2 candidates, totalling 2 fits
      -> [KNN + SMOTE Set 1] Acc: 0.9900, F1: 0.9900, Time: 0.02s
n_iterations: 4
n_required_iterations: 4
n_possible_iterations: 8
min_resources_: 6
max_resources_: 13800
aggressive_elimination: False
factor: 3
----------
iter: 0
n_candidates: 50
n_resources: 6
Fitting 1 folds for each of 50 candidates, totalling 50 fits
----------
iter: 1
n_candidates: 17
n_resources: 18
Fitting 1 folds for each of 17 candidates, totalling 17 fits
----------
iter: 2
n_candidates: 6
n_resources: 54
Fitting 1 folds for each of 6 candidates, totalling 6 fits
----------
iter: 3
n_candidates: 2
n_resources: 162
Fitting 1 folds for each of 2 candidates, totalling 2 fits
      -> [RandomForest + SMOTE Set 1] Acc: 0.9200, F1: 0.9208, Time: 0.55s
n_iterations: 4
n_required_iterations: 4
n_possible_iterations: 8
min_resources_: 6
max_resources_: 13800
aggressive_elimination: False
factor: 3
----------
iter: 0
n_candidates: 50
n_resources: 6
Fitting 1 folds for each of 50 candidates, totalling 50 fits
----------
iter: 1
n_candidates: 17
n_resources: 18
Fitting 1 folds for each of 17 candidates, totalling 17 fits
----------
iter: 2
n_candidates: 6
n_resources: 54
Fitting 1 folds for each of 6 candidates, totalling 6 fits
----------
iter: 3
n_candidates: 2
n_resources: 162
Fitting 1 folds for each of 2 candidates, totalling 2 fits
      -> [LinearSVC + SMOTE Set 1] Acc: 0.8550, F1: 0.8444, Time: 0.06s
n_iterations: 4
n_required_iterations: 4
n_possible_iterations: 8
min_resources_: 6
max_resources_: 13800
aggressive_elimination: False
factor: 3
----------
iter: 0
n_candidates: 50
n_resources: 6
Fitting 1 folds for each of 50 candidates, totalling 50 fits
----------
iter: 1
n_candidates: 17
n_resources: 18
Fitting 1 folds for each of 17 candidates, totalling 17 fits
----------
iter: 2
n_candidates: 6
n_resources: 54
Fitting 1 folds for each of 6 candidates, totalling 6 fits
----------
iter: 3
n_candidates: 2
n_resources: 162
Fitting 1 folds for each of 2 candidates, totalling 2 fits
      -> [LogisticRegression + SMOTE Set 1] Acc: 0.8833, F1: 0.8773, Time: 0.24s
      -> [RNN + SMOTE Set 1] Acc: 0.8333, F1: 0.8175, Time: 0.98s
    [=== Generating 2x synthetic data with SMOTE (Set 2, Params: {'k_neighbors': 2}) ===]
n_iterations: 4
n_required_iterations: 4
n_possible_iterations: 8
min_resources_: 6
max_resources_: 13800
aggressive_elimination: False
factor: 3
----------
iter: 0
n_candidates: 50
n_resources: 6
Fitting 1 folds for each of 50 candidates, totalling 50 fits
----------
iter: 1
n_candidates: 17
n_resources: 18
Fitting 1 folds for each of 17 candidates, totalling 17 fits
----------
iter: 2
n_candidates: 6
n_resources: 54
Fitting 1 folds for each of 6 candidates, totalling 6 fits
----------
iter: 3
n_candidates: 2
n_resources: 162
Fitting 1 folds for each of 2 candidates, totalling 2 fits
      -> [KNN + SMOTE Set 2] Acc: 0.9833, F1: 0.9833, Time: 0.02s
n_iterations: 4
n_required_iterations: 4
n_possible_iterations: 8
min_resources_: 6
max_resources_: 13800
aggressive_elimination: False
factor: 3
----------
iter: 0
n_candidates: 50
n_resources: 6
Fitting 1 folds for each of 50 candidates, totalling 50 fits
----------
iter: 1
n_candidates: 17
n_resources: 18
Fitting 1 folds for each of 17 candidates, totalling 17 fits
----------
iter: 2
n_candidates: 6
n_resources: 54
Fitting 1 folds for each of 6 candidates, totalling 6 fits
----------
iter: 3
n_candidates: 2
n_resources: 162
Fitting 1 folds for each of 2 candidates, totalling 2 fits
      -> [RandomForest + SMOTE Set 2] Acc: 0.9883, F1: 0.9884, Time: 1.54s
n_iterations: 4
n_required_iterations: 4
n_possible_iterations: 8
min_resources_: 6
max_resources_: 13800
aggressive_elimination: False
factor: 3
----------
iter: 0
n_candidates: 50
n_resources: 6
Fitting 1 folds for each of 50 candidates, totalling 50 fits
----------
iter: 1
n_candidates: 17
n_resources: 18
Fitting 1 folds for each of 17 candidates, totalling 17 fits
----------
iter: 2
n_candidates: 6
n_resources: 54
Fitting 1 folds for each of 6 candidates, totalling 6 fits
----------
iter: 3
n_candidates: 2
n_resources: 162
Fitting 1 folds for each of 2 candidates, totalling 2 fits
      -> [LinearSVC + SMOTE Set 2] Acc: 0.8667, F1: 0.8578, Time: 0.08s
n_iterations: 4
n_required_iterations: 4
n_possible_iterations: 8
min_resources_: 6
max_resources_: 13800
aggressive_elimination: False
factor: 3
----------
iter: 0
n_candidates: 50
n_resources: 6
Fitting 1 folds for each of 50 candidates, totalling 50 fits
----------
iter: 1
n_candidates: 17
n_resources: 18
Fitting 1 folds for each of 17 candidates, totalling 17 fits
----------
iter: 2
n_candidates: 6
n_resources: 54
Fitting 1 folds for each of 6 candidates, totalling 6 fits
----------
iter: 3
n_candidates: 2
n_resources: 162
Fitting 1 folds for each of 2 candidates, totalling 2 fits
      -> [LogisticRegression + SMOTE Set 2] Acc: 0.5000, F1: 0.3333, Time: 0.03s
      -> [RNN + SMOTE Set 2] Acc: 0.8333, F1: 0.7667, Time: 7.26s
    [=== Generating 2x synthetic data with SMOTE (Set 3, Params: {'k_neighbors': 3}) ===]
n_iterations: 4
n_required_iterations: 4
n_possible_iterations: 8
min_resources_: 6
max_resources_: 13800
aggressive_elimination: False
factor: 3
----------
iter: 0
n_candidates: 50
n_resources: 6
Fitting 1 folds for each of 50 candidates, totalling 50 fits
----------
iter: 1
n_candidates: 17
n_resources: 18
Fitting 1 folds for each of 17 candidates, totalling 17 fits
----------
iter: 2
n_candidates: 6
n_resources: 54
Fitting 1 folds for each of 6 candidates, totalling 6 fits
----------
iter: 3
n_candidates: 2
n_resources: 162
Fitting 1 folds for each of 2 candidates, totalling 2 fits
      -> [KNN + SMOTE Set 3] Acc: 0.9767, F1: 0.9765, Time: 0.01s
n_iterations: 4
n_required_iterations: 4
n_possible_iterations: 8
min_resources_: 6
max_resources_: 13800
aggressive_elimination: False
factor: 3
----------
iter: 0
n_candidates: 50
n_resources: 6
Fitting 1 folds for each of 50 candidates, totalling 50 fits
----------
iter: 1
n_candidates: 17
n_resources: 18
Fitting 1 folds for each of 17 candidates, totalling 17 fits
----------
iter: 2
n_candidates: 6
n_resources: 54
Fitting 1 folds for each of 6 candidates, totalling 6 fits
----------
iter: 3
n_candidates: 2
n_resources: 162
Fitting 1 folds for each of 2 candidates, totalling 2 fits
      -> [RandomForest + SMOTE Set 3] Acc: 0.9100, F1: 0.9111, Time: 0.65s
n_iterations: 4
n_required_iterations: 4
n_possible_iterations: 8
min_resources_: 6
max_resources_: 13800
aggressive_elimination: False
factor: 3
----------
iter: 0
n_candidates: 50
n_resources: 6
Fitting 1 folds for each of 50 candidates, totalling 50 fits
----------
iter: 1
n_candidates: 17
n_resources: 18
Fitting 1 folds for each of 17 candidates, totalling 17 fits
----------
iter: 2
n_candidates: 6
n_resources: 54
Fitting 1 folds for each of 6 candidates, totalling 6 fits
----------
iter: 3
n_candidates: 2
n_resources: 162
Fitting 1 folds for each of 2 candidates, totalling 2 fits
      -> [LinearSVC + SMOTE Set 3] Acc: 0.8517, F1: 0.8400, Time: 0.07s
n_iterations: 4
n_required_iterations: 4
n_possible_iterations: 8
min_resources_: 6
max_resources_: 13800
aggressive_elimination: False
factor: 3
----------
iter: 0
n_candidates: 50
n_resources: 6
Fitting 1 folds for each of 50 candidates, totalling 50 fits
----------
iter: 1
n_candidates: 17
n_resources: 18
Fitting 1 folds for each of 17 candidates, totalling 17 fits
----------
iter: 2
n_candidates: 6
n_resources: 54
Fitting 1 folds for each of 6 candidates, totalling 6 fits
----------
iter: 3
n_candidates: 2
n_resources: 162
Fitting 1 folds for each of 2 candidates, totalling 2 fits
      -> [LogisticRegression + SMOTE Set 3] Acc: 0.7517, F1: 0.6975, Time: 0.03s
      -> [RNN + SMOTE Set 3] Acc: 0.6667, F1: 0.5417, Time: 0.31s
    [=== Generating 2x synthetic data with SMOTE (Set 4, Params: {'k_neighbors': 4}) ===]
n_iterations: 4
n_required_iterations: 4
n_possible_iterations: 8
min_resources_: 6
max_resources_: 13800
aggressive_elimination: False
factor: 3
----------
iter: 0
n_candidates: 50
n_resources: 6
Fitting 1 folds for each of 50 candidates, totalling 50 fits
----------
iter: 1
n_candidates: 17
n_resources: 18
Fitting 1 folds for each of 17 candidates, totalling 17 fits
----------
iter: 2
n_candidates: 6
n_resources: 54
Fitting 1 folds for each of 6 candidates, totalling 6 fits
----------
iter: 3
n_candidates: 2
n_resources: 162
Fitting 1 folds for each of 2 candidates, totalling 2 fits
      -> [KNN + SMOTE Set 4] Acc: 0.9767, F1: 0.9765, Time: 0.02s
n_iterations: 4
n_required_iterations: 4
n_possible_iterations: 8
min_resources_: 6
max_resources_: 13800
aggressive_elimination: False
factor: 3
----------
iter: 0
n_candidates: 50
n_resources: 6
Fitting 1 folds for each of 50 candidates, totalling 50 fits
----------
iter: 1
n_candidates: 17
n_resources: 18
Fitting 1 folds for each of 17 candidates, totalling 17 fits
----------
iter: 2
n_candidates: 6
n_resources: 54
Fitting 1 folds for each of 6 candidates, totalling 6 fits
----------
iter: 3
n_candidates: 2
n_resources: 162
Fitting 1 folds for each of 2 candidates, totalling 2 fits
      -> [RandomForest + SMOTE Set 4] Acc: 0.9417, F1: 0.9424, Time: 0.73s
n_iterations: 4
n_required_iterations: 4
n_possible_iterations: 8
min_resources_: 6
max_resources_: 13800
aggressive_elimination: False
factor: 3
----------
iter: 0
n_candidates: 50
n_resources: 6
Fitting 1 folds for each of 50 candidates, totalling 50 fits
----------
iter: 1
n_candidates: 17
n_resources: 18
Fitting 1 folds for each of 17 candidates, totalling 17 fits
----------
iter: 2
n_candidates: 6
n_resources: 54
Fitting 1 folds for each of 6 candidates, totalling 6 fits
----------
iter: 3
n_candidates: 2
n_resources: 162
Fitting 1 folds for each of 2 candidates, totalling 2 fits
      -> [LinearSVC + SMOTE Set 4] Acc: 0.8883, F1: 0.8827, Time: 0.03s
n_iterations: 4
n_required_iterations: 4
n_possible_iterations: 8
min_resources_: 6
max_resources_: 13800
aggressive_elimination: False
factor: 3
----------
iter: 0
n_candidates: 50
n_resources: 6
Fitting 1 folds for each of 50 candidates, totalling 50 fits
----------
iter: 1
n_candidates: 17
n_resources: 18
Fitting 1 folds for each of 17 candidates, totalling 17 fits
----------
iter: 2
n_candidates: 6
n_resources: 54
Fitting 1 folds for each of 6 candidates, totalling 6 fits
----------
iter: 3
n_candidates: 2
n_resources: 162
Fitting 1 folds for each of 2 candidates, totalling 2 fits
      -> [LogisticRegression + SMOTE Set 4] Acc: 0.8983, F1: 0.8939, Time: 0.27s
      -> [RNN + SMOTE Set 4] Acc: 0.8333, F1: 0.7667, Time: 8.32s
    [=== Generating 2x synthetic data with SMOTE (Set 5, Params: {'k_neighbors': 5}) ===]
n_iterations: 4
n_required_iterations: 4
n_possible_iterations: 8
min_resources_: 6
max_resources_: 13800
aggressive_elimination: False
factor: 3
----------
iter: 0
n_candidates: 50
n_resources: 6
Fitting 1 folds for each of 50 candidates, totalling 50 fits
----------
iter: 1
n_candidates: 17
n_resources: 18
Fitting 1 folds for each of 17 candidates, totalling 17 fits
----------
iter: 2
n_candidates: 6
n_resources: 54
Fitting 1 folds for each of 6 candidates, totalling 6 fits
----------
iter: 3
n_candidates: 2
n_resources: 162
Fitting 1 folds for each of 2 candidates, totalling 2 fits
      -> [KNN + SMOTE Set 5] Acc: 0.9767, F1: 0.9765, Time: 0.02s
n_iterations: 4
n_required_iterations: 4
n_possible_iterations: 8
min_resources_: 6
max_resources_: 13800
aggressive_elimination: False
factor: 3
----------
iter: 0
n_candidates: 50
n_resources: 6
Fitting 1 folds for each of 50 candidates, totalling 50 fits
----------
iter: 1
n_candidates: 17
n_resources: 18
Fitting 1 folds for each of 17 candidates, totalling 17 fits
----------
iter: 2
n_candidates: 6
n_resources: 54
Fitting 1 folds for each of 6 candidates, totalling 6 fits
----------
iter: 3
n_candidates: 2
n_resources: 162
Fitting 1 folds for each of 2 candidates, totalling 2 fits
      -> [RandomForest + SMOTE Set 5] Acc: 0.8733, F1: 0.8748, Time: 0.59s
n_iterations: 4
n_required_iterations: 4
n_possible_iterations: 8
min_resources_: 6
max_resources_: 13800
aggressive_elimination: False
factor: 3
----------
iter: 0
n_candidates: 50
n_resources: 6
Fitting 1 folds for each of 50 candidates, totalling 50 fits
----------
iter: 1
n_candidates: 17
n_resources: 18
Fitting 1 folds for each of 17 candidates, totalling 17 fits
----------
iter: 2
n_candidates: 6
n_resources: 54
Fitting 1 folds for each of 6 candidates, totalling 6 fits
----------
iter: 3
n_candidates: 2
n_resources: 162
Fitting 1 folds for each of 2 candidates, totalling 2 fits
      -> [LinearSVC + SMOTE Set 5] Acc: 0.8317, F1: 0.8159, Time: 0.07s
n_iterations: 4
n_required_iterations: 4
n_possible_iterations: 8
min_resources_: 6
max_resources_: 13800
aggressive_elimination: False
factor: 3
----------
iter: 0
n_candidates: 50
n_resources: 6
Fitting 1 folds for each of 50 candidates, totalling 50 fits
----------
iter: 1
n_candidates: 17
n_resources: 18
Fitting 1 folds for each of 17 candidates, totalling 17 fits
----------
iter: 2
n_candidates: 6
n_resources: 54
Fitting 1 folds for each of 6 candidates, totalling 6 fits
----------
iter: 3
n_candidates: 2
n_resources: 162
Fitting 1 folds for each of 2 candidates, totalling 2 fits
      -> [LogisticRegression + SMOTE Set 5] Acc: 0.8833, F1: 0.8773, Time: 0.14s
      -> [RNN + SMOTE Set 5] Acc: 0.8333, F1: 0.7667, Time: 9.98s
    [=== Generating 3x synthetic data with SMOTE (Set 1, Params: {'k_neighbors': 1}) ===]
n_iterations: 4
n_required_iterations: 4
n_possible_iterations: 8
min_resources_: 6
max_resources_: 18400
aggressive_elimination: False
factor: 3
----------
iter: 0
n_candidates: 50
n_resources: 6
Fitting 1 folds for each of 50 candidates, totalling 50 fits
----------
iter: 1
n_candidates: 17
n_resources: 18
Fitting 1 folds for each of 17 candidates, totalling 17 fits
----------
iter: 2
n_candidates: 6
n_resources: 54
Fitting 1 folds for each of 6 candidates, totalling 6 fits
----------
iter: 3
n_candidates: 2
n_resources: 162
Fitting 1 folds for each of 2 candidates, totalling 2 fits
      -> [KNN + SMOTE Set 1] Acc: 0.9817, F1: 0.9816, Time: 0.02s
n_iterations: 4
n_required_iterations: 4
n_possible_iterations: 8
min_resources_: 6
max_resources_: 18400
aggressive_elimination: False
factor: 3
----------
iter: 0
n_candidates: 50
n_resources: 6
Fitting 1 folds for each of 50 candidates, totalling 50 fits
----------
iter: 1
n_candidates: 17
n_resources: 18
Fitting 1 folds for each of 17 candidates, totalling 17 fits
----------
iter: 2
n_candidates: 6
n_resources: 54
Fitting 1 folds for each of 6 candidates, totalling 6 fits
----------
iter: 3
n_candidates: 2
n_resources: 162
Fitting 1 folds for each of 2 candidates, totalling 2 fits
      -> [RandomForest + SMOTE Set 1] Acc: 0.9850, F1: 0.9850, Time: 2.84s
n_iterations: 4
n_required_iterations: 4
n_possible_iterations: 8
min_resources_: 6
max_resources_: 18400
aggressive_elimination: False
factor: 3
----------
iter: 0
n_candidates: 50
n_resources: 6
Fitting 1 folds for each of 50 candidates, totalling 50 fits
----------
iter: 1
n_candidates: 17
n_resources: 18
Fitting 1 folds for each of 17 candidates, totalling 17 fits
----------
iter: 2
n_candidates: 6
n_resources: 54
Fitting 1 folds for each of 6 candidates, totalling 6 fits
----------
iter: 3
n_candidates: 2
n_resources: 162
Fitting 1 folds for each of 2 candidates, totalling 2 fits
      -> [LinearSVC + SMOTE Set 1] Acc: 0.8700, F1: 0.8617, Time: 0.04s
n_iterations: 4
n_required_iterations: 4
n_possible_iterations: 8
min_resources_: 6
max_resources_: 18400
aggressive_elimination: False
factor: 3
----------
iter: 0
n_candidates: 50
n_resources: 6
Fitting 1 folds for each of 50 candidates, totalling 50 fits
----------
iter: 1
n_candidates: 17
n_resources: 18
Fitting 1 folds for each of 17 candidates, totalling 17 fits
----------
iter: 2
n_candidates: 6
n_resources: 54
Fitting 1 folds for each of 6 candidates, totalling 6 fits
----------
iter: 3
n_candidates: 2
n_resources: 162
Fitting 1 folds for each of 2 candidates, totalling 2 fits
      -> [LogisticRegression + SMOTE Set 1] Acc: 0.8800, F1: 0.8733, Time: 0.57s
      -> [RNN + SMOTE Set 1] Acc: 0.8333, F1: 0.8175, Time: 11.94s
    [=== Generating 3x synthetic data with SMOTE (Set 2, Params: {'k_neighbors': 2}) ===]
n_iterations: 4
n_required_iterations: 4
n_possible_iterations: 8
min_resources_: 6
max_resources_: 18400
aggressive_elimination: False
factor: 3
----------
iter: 0
n_candidates: 50
n_resources: 6
Fitting 1 folds for each of 50 candidates, totalling 50 fits
----------
iter: 1
n_candidates: 17
n_resources: 18
Fitting 1 folds for each of 17 candidates, totalling 17 fits
----------
iter: 2
n_candidates: 6
n_resources: 54
Fitting 1 folds for each of 6 candidates, totalling 6 fits
----------
iter: 3
n_candidates: 2
n_resources: 162
Fitting 1 folds for each of 2 candidates, totalling 2 fits
      -> [KNN + SMOTE Set 2] Acc: 0.9783, F1: 0.9782, Time: 0.02s
n_iterations: 4
n_required_iterations: 4
n_possible_iterations: 8
min_resources_: 6
max_resources_: 18400
aggressive_elimination: False
factor: 3
----------
iter: 0
n_candidates: 50
n_resources: 6
Fitting 1 folds for each of 50 candidates, totalling 50 fits
----------
iter: 1
n_candidates: 17
n_resources: 18
Fitting 1 folds for each of 17 candidates, totalling 17 fits
----------
iter: 2
n_candidates: 6
n_resources: 54
Fitting 1 folds for each of 6 candidates, totalling 6 fits
----------
iter: 3
n_candidates: 2
n_resources: 162
Fitting 1 folds for each of 2 candidates, totalling 2 fits
      -> [RandomForest + SMOTE Set 2] Acc: 0.9900, F1: 0.9900, Time: 3.22s
n_iterations: 4
n_required_iterations: 4
n_possible_iterations: 8
min_resources_: 6
max_resources_: 18400
aggressive_elimination: False
factor: 3
----------
iter: 0
n_candidates: 50
n_resources: 6
Fitting 1 folds for each of 50 candidates, totalling 50 fits
----------
iter: 1
n_candidates: 17
n_resources: 18
Fitting 1 folds for each of 17 candidates, totalling 17 fits
----------
iter: 2
n_candidates: 6
n_resources: 54
Fitting 1 folds for each of 6 candidates, totalling 6 fits
----------
iter: 3
n_candidates: 2
n_resources: 162
Fitting 1 folds for each of 2 candidates, totalling 2 fits
      -> [LinearSVC + SMOTE Set 2] Acc: 0.8667, F1: 0.8578, Time: 0.05s
n_iterations: 4
n_required_iterations: 4
n_possible_iterations: 8
min_resources_: 6
max_resources_: 18400
aggressive_elimination: False
factor: 3
----------
iter: 0
n_candidates: 50
n_resources: 6
Fitting 1 folds for each of 50 candidates, totalling 50 fits
----------
iter: 1
n_candidates: 17
n_resources: 18
Fitting 1 folds for each of 17 candidates, totalling 17 fits
----------
iter: 2
n_candidates: 6
n_resources: 54
Fitting 1 folds for each of 6 candidates, totalling 6 fits
----------
iter: 3
n_candidates: 2
n_resources: 162
Fitting 1 folds for each of 2 candidates, totalling 2 fits
      -> [LogisticRegression + SMOTE Set 2] Acc: 0.8883, F1: 0.8827, Time: 0.40s
      -> [RNN + SMOTE Set 2] Acc: 1.0000, F1: 1.0000, Time: 1.69s
    [=== Generating 3x synthetic data with SMOTE (Set 3, Params: {'k_neighbors': 3}) ===]
n_iterations: 4
n_required_iterations: 4
n_possible_iterations: 8
min_resources_: 6
max_resources_: 18400
aggressive_elimination: False
factor: 3
----------
iter: 0
n_candidates: 50
n_resources: 6
Fitting 1 folds for each of 50 candidates, totalling 50 fits
----------
iter: 1
n_candidates: 17
n_resources: 18
Fitting 1 folds for each of 17 candidates, totalling 17 fits
----------
iter: 2
n_candidates: 6
n_resources: 54
Fitting 1 folds for each of 6 candidates, totalling 6 fits
----------
iter: 3
n_candidates: 2
n_resources: 162
Fitting 1 folds for each of 2 candidates, totalling 2 fits
      -> [KNN + SMOTE Set 3] Acc: 0.9767, F1: 0.9765, Time: 0.02s
n_iterations: 4
n_required_iterations: 4
n_possible_iterations: 8
min_resources_: 6
max_resources_: 18400
aggressive_elimination: False
factor: 3
----------
iter: 0
n_candidates: 50
n_resources: 6
Fitting 1 folds for each of 50 candidates, totalling 50 fits
----------
iter: 1
n_candidates: 17
n_resources: 18
Fitting 1 folds for each of 17 candidates, totalling 17 fits
----------
iter: 2
n_candidates: 6
n_resources: 54
Fitting 1 folds for each of 6 candidates, totalling 6 fits
----------
iter: 3
n_candidates: 2
n_resources: 162
Fitting 1 folds for each of 2 candidates, totalling 2 fits
      -> [RandomForest + SMOTE Set 3] Acc: 0.9850, F1: 0.9851, Time: 3.08s
n_iterations: 4
n_required_iterations: 4
n_possible_iterations: 8
min_resources_: 6
max_resources_: 18400
aggressive_elimination: False
factor: 3
----------
iter: 0
n_candidates: 50
n_resources: 6
Fitting 1 folds for each of 50 candidates, totalling 50 fits
----------
iter: 1
n_candidates: 17
n_resources: 18
Fitting 1 folds for each of 17 candidates, totalling 17 fits
----------
iter: 2
n_candidates: 6
n_resources: 54
Fitting 1 folds for each of 6 candidates, totalling 6 fits
----------
iter: 3
n_candidates: 2
n_resources: 162
Fitting 1 folds for each of 2 candidates, totalling 2 fits
      -> [LinearSVC + SMOTE Set 3] Acc: 0.8567, F1: 0.8494, Time: 0.03s
n_iterations: 4
n_required_iterations: 4
n_possible_iterations: 8
min_resources_: 6
max_resources_: 18400
aggressive_elimination: False
factor: 3
----------
iter: 0
n_candidates: 50
n_resources: 6
Fitting 1 folds for each of 50 candidates, totalling 50 fits
----------
iter: 1
n_candidates: 17
n_resources: 18
Fitting 1 folds for each of 17 candidates, totalling 17 fits
----------
iter: 2
n_candidates: 6
n_resources: 54
Fitting 1 folds for each of 6 candidates, totalling 6 fits
----------
iter: 3
n_candidates: 2
n_resources: 162
Fitting 1 folds for each of 2 candidates, totalling 2 fits
      -> [LogisticRegression + SMOTE Set 3] Acc: 0.8950, F1: 0.8902, Time: 0.45s
      -> [RNN + SMOTE Set 3] Acc: 0.8333, F1: 0.7667, Time: 1.75s
    [=== Generating 3x synthetic data with SMOTE (Set 4, Params: {'k_neighbors': 4}) ===]
n_iterations: 4
n_required_iterations: 4
n_possible_iterations: 8
min_resources_: 6
max_resources_: 18400
aggressive_elimination: False
factor: 3
----------
iter: 0
n_candidates: 50
n_resources: 6
Fitting 1 folds for each of 50 candidates, totalling 50 fits
----------
iter: 1
n_candidates: 17
n_resources: 18
Fitting 1 folds for each of 17 candidates, totalling 17 fits
----------
iter: 2
n_candidates: 6
n_resources: 54
Fitting 1 folds for each of 6 candidates, totalling 6 fits
----------
iter: 3
n_candidates: 2
n_resources: 162
Fitting 1 folds for each of 2 candidates, totalling 2 fits
      -> [KNN + SMOTE Set 4] Acc: 0.9533, F1: 0.9526, Time: 0.04s
n_iterations: 4
n_required_iterations: 4
n_possible_iterations: 8
min_resources_: 6
max_resources_: 18400
aggressive_elimination: False
factor: 3
----------
iter: 0
n_candidates: 50
n_resources: 6
Fitting 1 folds for each of 50 candidates, totalling 50 fits
----------
iter: 1
n_candidates: 17
n_resources: 18
Fitting 1 folds for each of 17 candidates, totalling 17 fits
----------
iter: 2
n_candidates: 6
n_resources: 54
Fitting 1 folds for each of 6 candidates, totalling 6 fits
----------
iter: 3
n_candidates: 2
n_resources: 162
Fitting 1 folds for each of 2 candidates, totalling 2 fits
      -> [RandomForest + SMOTE Set 4] Acc: 0.9883, F1: 0.9884, Time: 3.70s
n_iterations: 4
n_required_iterations: 4
n_possible_iterations: 8
min_resources_: 6
max_resources_: 18400
aggressive_elimination: False
factor: 3
----------
iter: 0
n_candidates: 50
n_resources: 6
Fitting 1 folds for each of 50 candidates, totalling 50 fits
----------
iter: 1
n_candidates: 17
n_resources: 18
Fitting 1 folds for each of 17 candidates, totalling 17 fits
----------
iter: 2
n_candidates: 6
n_resources: 54
Fitting 1 folds for each of 6 candidates, totalling 6 fits
----------
iter: 3
n_candidates: 2
n_resources: 162
Fitting 1 folds for each of 2 candidates, totalling 2 fits
      -> [LinearSVC + SMOTE Set 4] Acc: 0.8933, F1: 0.8883, Time: 0.05s
n_iterations: 4
n_required_iterations: 4
n_possible_iterations: 8
min_resources_: 6
max_resources_: 18400
aggressive_elimination: False
factor: 3
----------
iter: 0
n_candidates: 50
n_resources: 6
Fitting 1 folds for each of 50 candidates, totalling 50 fits
----------
iter: 1
n_candidates: 17
n_resources: 18
Fitting 1 folds for each of 17 candidates, totalling 17 fits
----------
iter: 2
n_candidates: 6
n_resources: 54
Fitting 1 folds for each of 6 candidates, totalling 6 fits
----------
iter: 3
n_candidates: 2
n_resources: 162
Fitting 1 folds for each of 2 candidates, totalling 2 fits
      -> [LogisticRegression + SMOTE Set 4] Acc: 0.8983, F1: 0.8939, Time: 0.61s
      -> [RNN + SMOTE Set 4] Acc: 1.0000, F1: 1.0000, Time: 0.91s
    [=== Generating 3x synthetic data with SMOTE (Set 5, Params: {'k_neighbors': 5}) ===]
n_iterations: 4
n_required_iterations: 4
n_possible_iterations: 8
min_resources_: 6
max_resources_: 18400
aggressive_elimination: False
factor: 3
----------
iter: 0
n_candidates: 50
n_resources: 6
Fitting 1 folds for each of 50 candidates, totalling 50 fits
----------
iter: 1
n_candidates: 17
n_resources: 18
Fitting 1 folds for each of 17 candidates, totalling 17 fits
----------
iter: 2
n_candidates: 6
n_resources: 54
Fitting 1 folds for each of 6 candidates, totalling 6 fits
----------
iter: 3
n_candidates: 2
n_resources: 162
Fitting 1 folds for each of 2 candidates, totalling 2 fits
      -> [KNN + SMOTE Set 5] Acc: 0.9533, F1: 0.9526, Time: 0.05s
n_iterations: 4
n_required_iterations: 4
n_possible_iterations: 8
min_resources_: 6
max_resources_: 18400
aggressive_elimination: False
factor: 3
----------
iter: 0
n_candidates: 50
n_resources: 6
Fitting 1 folds for each of 50 candidates, totalling 50 fits
----------
iter: 1
n_candidates: 17
n_resources: 18
Fitting 1 folds for each of 17 candidates, totalling 17 fits
----------
iter: 2
n_candidates: 6
n_resources: 54
Fitting 1 folds for each of 6 candidates, totalling 6 fits
----------
iter: 3
n_candidates: 2
n_resources: 162
Fitting 1 folds for each of 2 candidates, totalling 2 fits
      -> [RandomForest + SMOTE Set 5] Acc: 0.9867, F1: 0.9867, Time: 3.87s
n_iterations: 4
n_required_iterations: 4
n_possible_iterations: 8
min_resources_: 6
max_resources_: 18400
aggressive_elimination: False
factor: 3
----------
iter: 0
n_candidates: 50
n_resources: 6
Fitting 1 folds for each of 50 candidates, totalling 50 fits
----------
iter: 1
n_candidates: 17
n_resources: 18
Fitting 1 folds for each of 17 candidates, totalling 17 fits
----------
iter: 2
n_candidates: 6
n_resources: 54
Fitting 1 folds for each of 6 candidates, totalling 6 fits
----------
iter: 3
n_candidates: 2
n_resources: 162
Fitting 1 folds for each of 2 candidates, totalling 2 fits
      -> [LinearSVC + SMOTE Set 5] Acc: 0.8683, F1: 0.8601, Time: 0.06s
n_iterations: 4
n_required_iterations: 4
n_possible_iterations: 8
min_resources_: 6
max_resources_: 18400
aggressive_elimination: False
factor: 3
----------
iter: 0
n_candidates: 50
n_resources: 6
Fitting 1 folds for each of 50 candidates, totalling 50 fits
----------
iter: 1
n_candidates: 17
n_resources: 18
Fitting 1 folds for each of 17 candidates, totalling 17 fits
----------
iter: 2
n_candidates: 6
n_resources: 54
Fitting 1 folds for each of 6 candidates, totalling 6 fits
----------
iter: 3
n_candidates: 2
n_resources: 162
Fitting 1 folds for each of 2 candidates, totalling 2 fits
      -> [LogisticRegression + SMOTE Set 5] Acc: 0.4517, F1: 0.4122, Time: 0.09s
      -> [RNN + SMOTE Set 5] Acc: 0.3333, F1: 0.1667, Time: 24.80s
    [=== Generating 5x synthetic data with SMOTE (Set 1, Params: {'k_neighbors': 1}) ===]
n_iterations: 4
n_required_iterations: 4
n_possible_iterations: 8
min_resources_: 6
max_resources_: 27600
aggressive_elimination: False
factor: 3
----------
iter: 0
n_candidates: 50
n_resources: 6
Fitting 1 folds for each of 50 candidates, totalling 50 fits
----------
iter: 1
n_candidates: 17
n_resources: 18
Fitting 1 folds for each of 17 candidates, totalling 17 fits
----------
iter: 2
n_candidates: 6
n_resources: 54
Fitting 1 folds for each of 6 candidates, totalling 6 fits
----------
iter: 3
n_candidates: 2
n_resources: 162
Fitting 1 folds for each of 2 candidates, totalling 2 fits
      -> [KNN + SMOTE Set 1] Acc: 0.9800, F1: 0.9799, Time: 0.03s
n_iterations: 4
n_required_iterations: 4
n_possible_iterations: 8
min_resources_: 6
max_resources_: 27600
aggressive_elimination: False
factor: 3
----------
iter: 0
n_candidates: 50
n_resources: 6
Fitting 1 folds for each of 50 candidates, totalling 50 fits
----------
iter: 1
n_candidates: 17
n_resources: 18
Fitting 1 folds for each of 17 candidates, totalling 17 fits
----------
iter: 2
n_candidates: 6
n_resources: 54
Fitting 1 folds for each of 6 candidates, totalling 6 fits
----------
iter: 3
n_candidates: 2
n_resources: 162
Fitting 1 folds for each of 2 candidates, totalling 2 fits
      -> [RandomForest + SMOTE Set 1] Acc: 0.9900, F1: 0.9900, Time: 5.21s
n_iterations: 4
n_required_iterations: 4
n_possible_iterations: 8
min_resources_: 6
max_resources_: 27600
aggressive_elimination: False
factor: 3
----------
iter: 0
n_candidates: 50
n_resources: 6
Fitting 1 folds for each of 50 candidates, totalling 50 fits
----------
iter: 1
n_candidates: 17
n_resources: 18
Fitting 1 folds for each of 17 candidates, totalling 17 fits
----------
iter: 2
n_candidates: 6
n_resources: 54
Fitting 1 folds for each of 6 candidates, totalling 6 fits
----------
iter: 3
n_candidates: 2
n_resources: 162
Fitting 1 folds for each of 2 candidates, totalling 2 fits
      -> [LinearSVC + SMOTE Set 1] Acc: 0.8633, F1: 0.8539, Time: 0.17s
n_iterations: 4
n_required_iterations: 4
n_possible_iterations: 8
min_resources_: 6
max_resources_: 27600
aggressive_elimination: False
factor: 3
----------
iter: 0
n_candidates: 50
n_resources: 6
Fitting 1 folds for each of 50 candidates, totalling 50 fits
----------
iter: 1
n_candidates: 17
n_resources: 18
Fitting 1 folds for each of 17 candidates, totalling 17 fits
----------
iter: 2
n_candidates: 6
n_resources: 54
Fitting 1 folds for each of 6 candidates, totalling 6 fits
----------
iter: 3
n_candidates: 2
n_resources: 162
Fitting 1 folds for each of 2 candidates, totalling 2 fits
      -> [LogisticRegression + SMOTE Set 1] Acc: 0.8867, F1: 0.8811, Time: 0.68s
      -> [RNN + SMOTE Set 1] Acc: 1.0000, F1: 1.0000, Time: 29.03s
    [=== Generating 5x synthetic data with SMOTE (Set 2, Params: {'k_neighbors': 2}) ===]
n_iterations: 4
n_required_iterations: 4
n_possible_iterations: 8
min_resources_: 6
max_resources_: 27600
aggressive_elimination: False
factor: 3
----------
iter: 0
n_candidates: 50
n_resources: 6
Fitting 1 folds for each of 50 candidates, totalling 50 fits
----------
iter: 1
n_candidates: 17
n_resources: 18
Fitting 1 folds for each of 17 candidates, totalling 17 fits
----------
iter: 2
n_candidates: 6
n_resources: 54
Fitting 1 folds for each of 6 candidates, totalling 6 fits
----------
iter: 3
n_candidates: 2
n_resources: 162
Fitting 1 folds for each of 2 candidates, totalling 2 fits
      -> [KNN + SMOTE Set 2] Acc: 0.9883, F1: 0.9883, Time: 0.03s
n_iterations: 4
n_required_iterations: 4
n_possible_iterations: 8
min_resources_: 6
max_resources_: 27600
aggressive_elimination: False
factor: 3
----------
iter: 0
n_candidates: 50
n_resources: 6
Fitting 1 folds for each of 50 candidates, totalling 50 fits
----------
iter: 1
n_candidates: 17
n_resources: 18
Fitting 1 folds for each of 17 candidates, totalling 17 fits
----------
iter: 2
n_candidates: 6
n_resources: 54
Fitting 1 folds for each of 6 candidates, totalling 6 fits
----------
iter: 3
n_candidates: 2
n_resources: 162
Fitting 1 folds for each of 2 candidates, totalling 2 fits
      -> [RandomForest + SMOTE Set 2] Acc: 0.9933, F1: 0.9933, Time: 6.04s
n_iterations: 4
n_required_iterations: 4
n_possible_iterations: 8
min_resources_: 6
max_resources_: 27600
aggressive_elimination: False
factor: 3
----------
iter: 0
n_candidates: 50
n_resources: 6
Fitting 1 folds for each of 50 candidates, totalling 50 fits
----------
iter: 1
n_candidates: 17
n_resources: 18
Fitting 1 folds for each of 17 candidates, totalling 17 fits
----------
iter: 2
n_candidates: 6
n_resources: 54
Fitting 1 folds for each of 6 candidates, totalling 6 fits
----------
iter: 3
n_candidates: 2
n_resources: 162
Fitting 1 folds for each of 2 candidates, totalling 2 fits
      -> [LinearSVC + SMOTE Set 2] Acc: 0.8300, F1: 0.8133, Time: 0.22s
n_iterations: 4
n_required_iterations: 4
n_possible_iterations: 8
min_resources_: 6
max_resources_: 27600
aggressive_elimination: False
factor: 3
----------
iter: 0
n_candidates: 50
n_resources: 6
Fitting 1 folds for each of 50 candidates, totalling 50 fits
----------
iter: 1
n_candidates: 17
n_resources: 18
Fitting 1 folds for each of 17 candidates, totalling 17 fits
----------
iter: 2
n_candidates: 6
n_resources: 54
Fitting 1 folds for each of 6 candidates, totalling 6 fits
----------
iter: 3
n_candidates: 2
n_resources: 162
Fitting 1 folds for each of 2 candidates, totalling 2 fits
      -> [LogisticRegression + SMOTE Set 2] Acc: 0.8933, F1: 0.8883, Time: 0.73s
      -> [RNN + SMOTE Set 2] Acc: 1.0000, F1: 1.0000, Time: 1.27s
    [=== Generating 5x synthetic data with SMOTE (Set 3, Params: {'k_neighbors': 3}) ===]
n_iterations: 4
n_required_iterations: 4
n_possible_iterations: 8
min_resources_: 6
max_resources_: 27600
aggressive_elimination: False
factor: 3
----------
iter: 0
n_candidates: 50
n_resources: 6
Fitting 1 folds for each of 50 candidates, totalling 50 fits
----------
iter: 1
n_candidates: 17
n_resources: 18
Fitting 1 folds for each of 17 candidates, totalling 17 fits
----------
iter: 2
n_candidates: 6
n_resources: 54
Fitting 1 folds for each of 6 candidates, totalling 6 fits
----------
iter: 3
n_candidates: 2
n_resources: 162
Fitting 1 folds for each of 2 candidates, totalling 2 fits
      -> [KNN + SMOTE Set 3] Acc: 0.9583, F1: 0.9578, Time: 0.05s
n_iterations: 4
n_required_iterations: 4
n_possible_iterations: 8
min_resources_: 6
max_resources_: 27600
aggressive_elimination: False
factor: 3
----------
iter: 0
n_candidates: 50
n_resources: 6
Fitting 1 folds for each of 50 candidates, totalling 50 fits
----------
iter: 1
n_candidates: 17
n_resources: 18
Fitting 1 folds for each of 17 candidates, totalling 17 fits
----------
iter: 2
n_candidates: 6
n_resources: 54
Fitting 1 folds for each of 6 candidates, totalling 6 fits
----------
iter: 3
n_candidates: 2
n_resources: 162
Fitting 1 folds for each of 2 candidates, totalling 2 fits
      -> [RandomForest + SMOTE Set 3] Acc: 0.9733, F1: 0.9735, Time: 5.67s
n_iterations: 4
n_required_iterations: 4
n_possible_iterations: 8
min_resources_: 6
max_resources_: 27600
aggressive_elimination: False
factor: 3
----------
iter: 0
n_candidates: 50
n_resources: 6
Fitting 1 folds for each of 50 candidates, totalling 50 fits
----------
iter: 1
n_candidates: 17
n_resources: 18
Fitting 1 folds for each of 17 candidates, totalling 17 fits
----------
iter: 2
n_candidates: 6
n_resources: 54
Fitting 1 folds for each of 6 candidates, totalling 6 fits
----------
iter: 3
n_candidates: 2
n_resources: 162
Fitting 1 folds for each of 2 candidates, totalling 2 fits
      -> [LinearSVC + SMOTE Set 3] Acc: 0.8917, F1: 0.8865, Time: 0.09s
n_iterations: 4
n_required_iterations: 4
n_possible_iterations: 8
min_resources_: 6
max_resources_: 27600
aggressive_elimination: False
factor: 3
----------
iter: 0
n_candidates: 50
n_resources: 6
Fitting 1 folds for each of 50 candidates, totalling 50 fits
----------
iter: 1
n_candidates: 17
n_resources: 18
Fitting 1 folds for each of 17 candidates, totalling 17 fits
----------
iter: 2
n_candidates: 6
n_resources: 54
Fitting 1 folds for each of 6 candidates, totalling 6 fits
----------
iter: 3
n_candidates: 2
n_resources: 162
Fitting 1 folds for each of 2 candidates, totalling 2 fits
      -> [LogisticRegression + SMOTE Set 3] Acc: 0.8950, F1: 0.8902, Time: 0.95s
      -> [RNN + SMOTE Set 3] Acc: 0.8333, F1: 0.8175, Time: 46.21s
    [=== Generating 5x synthetic data with SMOTE (Set 4, Params: {'k_neighbors': 4}) ===]
n_iterations: 4
n_required_iterations: 4
n_possible_iterations: 8
min_resources_: 6
max_resources_: 27600
aggressive_elimination: False
factor: 3
----------
iter: 0
n_candidates: 50
n_resources: 6
Fitting 1 folds for each of 50 candidates, totalling 50 fits
----------
iter: 1
n_candidates: 17
n_resources: 18
Fitting 1 folds for each of 17 candidates, totalling 17 fits
----------
iter: 2
n_candidates: 6
n_resources: 54
Fitting 1 folds for each of 6 candidates, totalling 6 fits
----------
iter: 3
n_candidates: 2
n_resources: 162
Fitting 1 folds for each of 2 candidates, totalling 2 fits
      -> [KNN + SMOTE Set 4] Acc: 0.9533, F1: 0.9526, Time: 0.06s
n_iterations: 4
n_required_iterations: 4
n_possible_iterations: 8
min_resources_: 6
max_resources_: 27600
aggressive_elimination: False
factor: 3
----------
iter: 0
n_candidates: 50
n_resources: 6
Fitting 1 folds for each of 50 candidates, totalling 50 fits
----------
iter: 1
n_candidates: 17
n_resources: 18
Fitting 1 folds for each of 17 candidates, totalling 17 fits
----------
iter: 2
n_candidates: 6
n_resources: 54
Fitting 1 folds for each of 6 candidates, totalling 6 fits
----------
iter: 3
n_candidates: 2
n_resources: 162
Fitting 1 folds for each of 2 candidates, totalling 2 fits
      -> [RandomForest + SMOTE Set 4] Acc: 0.9883, F1: 0.9884, Time: 5.90s
n_iterations: 4
n_required_iterations: 4
n_possible_iterations: 8
min_resources_: 6
max_resources_: 27600
aggressive_elimination: False
factor: 3
----------
iter: 0
n_candidates: 50
n_resources: 6
Fitting 1 folds for each of 50 candidates, totalling 50 fits
----------
iter: 1
n_candidates: 17
n_resources: 18
Fitting 1 folds for each of 17 candidates, totalling 17 fits
----------
iter: 2
n_candidates: 6
n_resources: 54
Fitting 1 folds for each of 6 candidates, totalling 6 fits
----------
iter: 3
n_candidates: 2
n_resources: 162
Fitting 1 folds for each of 2 candidates, totalling 2 fits
      -> [LinearSVC + SMOTE Set 4] Acc: 0.8967, F1: 0.8920, Time: 0.09s
n_iterations: 4
n_required_iterations: 4
n_possible_iterations: 8
min_resources_: 6
max_resources_: 27600
aggressive_elimination: False
factor: 3
----------
iter: 0
n_candidates: 50
n_resources: 6
Fitting 1 folds for each of 50 candidates, totalling 50 fits
----------
iter: 1
n_candidates: 17
n_resources: 18
Fitting 1 folds for each of 17 candidates, totalling 17 fits
----------
iter: 2
n_candidates: 6
n_resources: 54
Fitting 1 folds for each of 6 candidates, totalling 6 fits
----------
iter: 3
n_candidates: 2
n_resources: 162
Fitting 1 folds for each of 2 candidates, totalling 2 fits
      -> [LogisticRegression + SMOTE Set 4] Acc: 0.8950, F1: 0.8902, Time: 0.83s
      -> [RNN + SMOTE Set 4] Acc: 0.8333, F1: 0.7667, Time: 3.75s
    [=== Generating 5x synthetic data with SMOTE (Set 5, Params: {'k_neighbors': 5}) ===]
n_iterations: 4
n_required_iterations: 4
n_possible_iterations: 8
min_resources_: 6
max_resources_: 27600
aggressive_elimination: False
factor: 3
----------
iter: 0
n_candidates: 50
n_resources: 6
Fitting 1 folds for each of 50 candidates, totalling 50 fits
----------
iter: 1
n_candidates: 17
n_resources: 18
Fitting 1 folds for each of 17 candidates, totalling 17 fits
----------
iter: 2
n_candidates: 6
n_resources: 54
Fitting 1 folds for each of 6 candidates, totalling 6 fits
----------
iter: 3
n_candidates: 2
n_resources: 162
Fitting 1 folds for each of 2 candidates, totalling 2 fits
      -> [KNN + SMOTE Set 5] Acc: 0.9767, F1: 0.9765, Time: 0.04s
n_iterations: 4
n_required_iterations: 4
n_possible_iterations: 8
min_resources_: 6
max_resources_: 27600
aggressive_elimination: False
factor: 3
----------
iter: 0
n_candidates: 50
n_resources: 6
Fitting 1 folds for each of 50 candidates, totalling 50 fits
----------
iter: 1
n_candidates: 17
n_resources: 18
Fitting 1 folds for each of 17 candidates, totalling 17 fits
----------
iter: 2
n_candidates: 6
n_resources: 54
Fitting 1 folds for each of 6 candidates, totalling 6 fits
----------
iter: 3
n_candidates: 2
n_resources: 162
Fitting 1 folds for each of 2 candidates, totalling 2 fits
      -> [RandomForest + SMOTE Set 5] Acc: 0.9883, F1: 0.9884, Time: 5.25s
n_iterations: 4
n_required_iterations: 4
n_possible_iterations: 8
min_resources_: 6
max_resources_: 27600
aggressive_elimination: False
factor: 3
----------
iter: 0
n_candidates: 50
n_resources: 6
Fitting 1 folds for each of 50 candidates, totalling 50 fits
----------
iter: 1
n_candidates: 17
n_resources: 18
Fitting 1 folds for each of 17 candidates, totalling 17 fits
----------
iter: 2
n_candidates: 6
n_resources: 54
Fitting 1 folds for each of 6 candidates, totalling 6 fits
----------
iter: 3
n_candidates: 2
n_resources: 162
Fitting 1 folds for each of 2 candidates, totalling 2 fits
      -> [LinearSVC + SMOTE Set 5] Acc: 0.8650, F1: 0.8562, Time: 0.07s
n_iterations: 4
n_required_iterations: 4
n_possible_iterations: 8
min_resources_: 6
max_resources_: 27600
aggressive_elimination: False
factor: 3
----------
iter: 0
n_candidates: 50
n_resources: 6
Fitting 1 folds for each of 50 candidates, totalling 50 fits
----------
iter: 1
n_candidates: 17
n_resources: 18
Fitting 1 folds for each of 17 candidates, totalling 17 fits
----------
iter: 2
n_candidates: 6
n_resources: 54
Fitting 1 folds for each of 6 candidates, totalling 6 fits
----------
iter: 3
n_candidates: 2
n_resources: 162
Fitting 1 folds for each of 2 candidates, totalling 2 fits
      -> [LogisticRegression + SMOTE Set 5] Acc: 0.8867, F1: 0.8811, Time: 0.63s
      -> [RNN + SMOTE Set 5] Acc: 0.8333, F1: 0.8175, Time: 55.72s
    [=== Generating 10x synthetic data with SMOTE (Set 1, Params: {'k_neighbors': 1}) ===]
n_iterations: 4
n_required_iterations: 4
n_possible_iterations: 9
min_resources_: 6
max_resources_: 50600
aggressive_elimination: False
factor: 3
----------
iter: 0
n_candidates: 50
n_resources: 6
Fitting 1 folds for each of 50 candidates, totalling 50 fits
      -> [KNN + SMOTE Set 1] Acc: 0.9767, F1: 0.9765, Time: 0.08s
n_iterations: 4
n_required_iterations: 4
n_possible_iterations: 9
min_resources_: 6
max_resources_: 50600
aggressive_elimination: False
factor: 3
----------
iter: 0
n_candidates: 50
n_resources: 6
Fitting 1 folds for each of 50 candidates, totalling 50 fits
      -> [RandomForest + SMOTE Set 1] Acc: 0.9900, F1: 0.9900, Time: 7.32s
n_iterations: 4
n_required_iterations: 4
n_possible_iterations: 9
min_resources_: 6
max_resources_: 50600
aggressive_elimination: False
factor: 3
----------
iter: 0
n_candidates: 50
n_resources: 6
Fitting 1 folds for each of 50 candidates, totalling 50 fits
      -> [LinearSVC + SMOTE Set 1] Acc: 0.8850, F1: 0.8792, Time: 0.15s
n_iterations: 4
n_required_iterations: 4
n_possible_iterations: 9
min_resources_: 6
max_resources_: 50600
aggressive_elimination: False
factor: 3
----------
iter: 0
n_candidates: 50
n_resources: 6
Fitting 1 folds for each of 50 candidates, totalling 50 fits
      -> [LogisticRegression + SMOTE Set 1] Acc: 0.8883, F1: 0.8827, Time: 0.72s
      -> [RNN + SMOTE Set 1] Acc: 0.8333, F1: 0.7667, Time: 9.83s
    [=== Generating 10x synthetic data with SMOTE (Set 2, Params: {'k_neighbors': 2}) ===]
n_iterations: 4
n_required_iterations: 4
n_possible_iterations: 9
min_resources_: 6
max_resources_: 50600
aggressive_elimination: False
factor: 3
----------
iter: 0
n_candidates: 50
n_resources: 6
Fitting 1 folds for each of 50 candidates, totalling 50 fits
      -> [KNN + SMOTE Set 2] Acc: 0.9767, F1: 0.9765, Time: 0.09s
n_iterations: 4
n_required_iterations: 4
n_possible_iterations: 9
min_resources_: 6
max_resources_: 50600
aggressive_elimination: False
factor: 3
----------
iter: 0
n_candidates: 50
n_resources: 6
Fitting 1 folds for each of 50 candidates, totalling 50 fits
      -> [RandomForest + SMOTE Set 2] Acc: 0.9917, F1: 0.9917, Time: 8.95s
n_iterations: 4
n_required_iterations: 4
n_possible_iterations: 9
min_resources_: 6
max_resources_: 50600
aggressive_elimination: False
factor: 3
----------
iter: 0
n_candidates: 50
n_resources: 6
Fitting 1 folds for each of 50 candidates, totalling 50 fits
      -> [LinearSVC + SMOTE Set 2] Acc: 0.8800, F1: 0.8735, Time: 0.19s
n_iterations: 4
n_required_iterations: 4
n_possible_iterations: 9
min_resources_: 6
max_resources_: 50600
aggressive_elimination: False
factor: 3
----------
iter: 0
n_candidates: 50
n_resources: 6
Fitting 1 folds for each of 50 candidates, totalling 50 fits
      -> [LogisticRegression + SMOTE Set 2] Acc: 0.8917, F1: 0.8867, Time: 0.72s
      -> [RNN + SMOTE Set 2] Acc: 0.8333, F1: 0.8175, Time: 19.25s
    [=== Generating 10x synthetic data with SMOTE (Set 3, Params: {'k_neighbors': 3}) ===]
n_iterations: 4
n_required_iterations: 4
n_possible_iterations: 9
min_resources_: 6
max_resources_: 50600
aggressive_elimination: False
factor: 3
----------
iter: 0
n_candidates: 50
n_resources: 6
Fitting 1 folds for each of 50 candidates, totalling 50 fits
      -> [KNN + SMOTE Set 3] Acc: 0.9767, F1: 0.9765, Time: 0.10s
n_iterations: 4
n_required_iterations: 4
n_possible_iterations: 9
min_resources_: 6
max_resources_: 50600
aggressive_elimination: False
factor: 3
----------
iter: 0
n_candidates: 50
n_resources: 6
Fitting 1 folds for each of 50 candidates, totalling 50 fits
      -> [RandomForest + SMOTE Set 3] Acc: 0.9967, F1: 0.9967, Time: 9.34s
n_iterations: 4
n_required_iterations: 4
n_possible_iterations: 9
min_resources_: 6
max_resources_: 50600
aggressive_elimination: False
factor: 3
----------
iter: 0
n_candidates: 50
n_resources: 6
Fitting 1 folds for each of 50 candidates, totalling 50 fits
      -> [LinearSVC + SMOTE Set 3] Acc: 0.9000, F1: 0.8957, Time: 0.19s
n_iterations: 4
n_required_iterations: 4
n_possible_iterations: 9
min_resources_: 6
max_resources_: 50600
aggressive_elimination: False
factor: 3
----------
iter: 0
n_candidates: 50
n_resources: 6
Fitting 1 folds for each of 50 candidates, totalling 50 fits
      -> [LogisticRegression + SMOTE Set 3] Acc: 0.8983, F1: 0.8939, Time: 1.94s
      -> [RNN + SMOTE Set 3] Acc: 1.0000, F1: 1.0000, Time: 60.57s
    [=== Generating 10x synthetic data with SMOTE (Set 4, Params: {'k_neighbors': 4}) ===]
n_iterations: 4
n_required_iterations: 4
n_possible_iterations: 9
min_resources_: 6
max_resources_: 50600
aggressive_elimination: False
factor: 3
----------
iter: 0
n_candidates: 50
n_resources: 6
Fitting 1 folds for each of 50 candidates, totalling 50 fits
      -> [KNN + SMOTE Set 4] Acc: 0.9767, F1: 0.9765, Time: 0.10s
n_iterations: 4
n_required_iterations: 4
n_possible_iterations: 9
min_resources_: 6
max_resources_: 50600
aggressive_elimination: False
factor: 3
----------
iter: 0
n_candidates: 50
n_resources: 6
Fitting 1 folds for each of 50 candidates, totalling 50 fits
      -> [RandomForest + SMOTE Set 4] Acc: 0.9600, F1: 0.9603, Time: 9.18s
n_iterations: 4
n_required_iterations: 4
n_possible_iterations: 9
min_resources_: 6
max_resources_: 50600
aggressive_elimination: False
factor: 3
----------
iter: 0
n_candidates: 50
n_resources: 6
Fitting 1 folds for each of 50 candidates, totalling 50 fits
      -> [LinearSVC + SMOTE Set 4] Acc: 0.8933, F1: 0.8883, Time: 0.14s
n_iterations: 4
n_required_iterations: 4
n_possible_iterations: 9
min_resources_: 6
max_resources_: 50600
aggressive_elimination: False
factor: 3
----------
iter: 0
n_candidates: 50
n_resources: 6
Fitting 1 folds for each of 50 candidates, totalling 50 fits
      -> [LogisticRegression + SMOTE Set 4] Acc: 0.8983, F1: 0.8939, Time: 0.69s
      -> [RNN + SMOTE Set 4] Acc: 1.0000, F1: 1.0000, Time: 60.96s
    [=== Generating 10x synthetic data with SMOTE (Set 5, Params: {'k_neighbors': 5}) ===]
n_iterations: 4
n_required_iterations: 4
n_possible_iterations: 9
min_resources_: 6
max_resources_: 50600
aggressive_elimination: False
factor: 3
----------
iter: 0
n_candidates: 50
n_resources: 6
Fitting 1 folds for each of 50 candidates, totalling 50 fits
      -> [KNN + SMOTE Set 5] Acc: 0.9767, F1: 0.9765, Time: 0.08s
n_iterations: 4
n_required_iterations: 4
n_possible_iterations: 9
min_resources_: 6
max_resources_: 50600
aggressive_elimination: False
factor: 3
----------
iter: 0
n_candidates: 50
n_resources: 6
Fitting 1 folds for each of 50 candidates, totalling 50 fits
      -> [RandomForest + SMOTE Set 5] Acc: 0.9533, F1: 0.9538, Time: 8.68s
n_iterations: 4
n_required_iterations: 4
n_possible_iterations: 9
min_resources_: 6
max_resources_: 50600
aggressive_elimination: False
factor: 3
----------
iter: 0
n_candidates: 50
n_resources: 6
Fitting 1 folds for each of 50 candidates, totalling 50 fits
      -> [LinearSVC + SMOTE Set 5] Acc: 0.8683, F1: 0.8601, Time: 0.18s
n_iterations: 4
n_required_iterations: 4
n_possible_iterations: 9
min_resources_: 6
max_resources_: 50600
aggressive_elimination: False
factor: 3
----------
iter: 0
n_candidates: 50
n_resources: 6
Fitting 1 folds for each of 50 candidates, totalling 50 fits
      -> [LogisticRegression + SMOTE Set 5] Acc: 0.8883, F1: 0.8827, Time: 2.24s
      -> [RNN + SMOTE Set 5] Acc: 1.0000, F1: 1.0000, Time: 109.96s

    >> Seed Fold Selection: 9/10
    Evaluating Model: KNN
      -> [Baseline] Acc: 0.9767, F1: 0.9765, Time: 0.03s
      HP Tuning KNN...
n_iterations: 4
n_required_iterations: 4
n_possible_iterations: 5
min_resources_: 30
max_resources_: 4600
aggressive_elimination: False
factor: 3
----------
iter: 0
n_candidates: 50
n_resources: 30
Fitting 5 folds for each of 50 candidates, totalling 250 fits
----------
iter: 1
n_candidates: 17
n_resources: 90
Fitting 5 folds for each of 17 candidates, totalling 85 fits
----------
iter: 2
n_candidates: 6
n_resources: 270
Fitting 5 folds for each of 6 candidates, totalling 30 fits
----------
iter: 3
n_candidates: 2
n_resources: 810
Fitting 5 folds for each of 2 candidates, totalling 10 fits
      -> [Tuned_Baseline] Acc: 0.9967, F1: 0.9967, Time: 0.01s
    Evaluating Model: RandomForest
      -> [Baseline] Acc: 0.9333, F1: 0.9341, Time: 0.67s
      HP Tuning RandomForest...
n_iterations: 4
n_required_iterations: 4
n_possible_iterations: 5
min_resources_: 30
max_resources_: 4600
aggressive_elimination: False
factor: 3
----------
iter: 0
n_candidates: 50
n_resources: 30
Fitting 5 folds for each of 50 candidates, totalling 250 fits
----------
iter: 1
n_candidates: 17
n_resources: 90
Fitting 5 folds for each of 17 candidates, totalling 85 fits
----------
iter: 2
n_candidates: 6
n_resources: 270
Fitting 5 folds for each of 6 candidates, totalling 30 fits
----------
iter: 3
n_candidates: 2
n_resources: 810
Fitting 5 folds for each of 2 candidates, totalling 10 fits
      -> [Tuned_Baseline] Acc: 0.9000, F1: 0.9013, Time: 0.00s
    Evaluating Model: LinearSVC
      -> [Baseline] Acc: 0.8767, F1: 0.8697, Time: 0.02s
      HP Tuning LinearSVC...
n_iterations: 4
n_required_iterations: 4
n_possible_iterations: 5
min_resources_: 30
max_resources_: 4600
aggressive_elimination: False
factor: 3
----------
iter: 0
n_candidates: 50
n_resources: 30
Fitting 5 folds for each of 50 candidates, totalling 250 fits
----------
iter: 1
n_candidates: 17
n_resources: 90
Fitting 5 folds for each of 17 candidates, totalling 85 fits
----------
iter: 2
n_candidates: 6
n_resources: 270
Fitting 5 folds for each of 6 candidates, totalling 30 fits
----------
iter: 3
n_candidates: 2
n_resources: 810
Fitting 5 folds for each of 2 candidates, totalling 10 fits
      -> [Tuned_Baseline] Acc: 0.8617, F1: 0.8520, Time: 0.00s
    Evaluating Model: LogisticRegression
      -> [Baseline] Acc: 0.8817, F1: 0.8754, Time: 0.27s
      HP Tuning LogisticRegression...
n_iterations: 4
n_required_iterations: 4
n_possible_iterations: 5
min_resources_: 30
max_resources_: 4600
aggressive_elimination: False
factor: 3
----------
iter: 0
n_candidates: 50
n_resources: 30
Fitting 5 folds for each of 50 candidates, totalling 250 fits
----------
iter: 1
n_candidates: 17
n_resources: 90
Fitting 5 folds for each of 17 candidates, totalling 85 fits
----------
iter: 2
n_candidates: 6
n_resources: 270
Fitting 5 folds for each of 6 candidates, totalling 30 fits
----------
iter: 3
n_candidates: 2
n_resources: 810
Fitting 5 folds for each of 2 candidates, totalling 10 fits
      -> [Tuned_Baseline] Acc: 0.8850, F1: 0.8789, Time: 0.00s
    Evaluating Model: RNN
      -> [Baseline] Acc: 0.8333, F1: 0.7667, Time: 1.23s
      HP Tuning RNN...
n_iterations: 2
n_required_iterations: 2
n_possible_iterations: 2
min_resources_: 10
max_resources_: 46
aggressive_elimination: False
factor: 3
----------
iter: 0
n_candidates: 4
n_resources: 10
Fitting 5 folds for each of 4 candidates, totalling 20 fits
----------
iter: 1
n_candidates: 2
n_resources: 30
Fitting 5 folds for each of 2 candidates, totalling 10 fits
      -> [Tuned_Baseline] Acc: 0.8333, F1: 0.7667, Time: 0.04s
    [=== Generating 2x synthetic data with SMOTE (Set 1, Params: {'k_neighbors': 1}) ===]
n_iterations: 4
n_required_iterations: 4
n_possible_iterations: 8
min_resources_: 6
max_resources_: 13800
aggressive_elimination: False
factor: 3
----------
iter: 0
n_candidates: 50
n_resources: 6
Fitting 1 folds for each of 50 candidates, totalling 50 fits
----------
iter: 1
n_candidates: 17
n_resources: 18
Fitting 1 folds for each of 17 candidates, totalling 17 fits
----------
iter: 2
n_candidates: 6
n_resources: 54
Fitting 1 folds for each of 6 candidates, totalling 6 fits
----------
iter: 3
n_candidates: 2
n_resources: 162
Fitting 1 folds for each of 2 candidates, totalling 2 fits
      -> [KNN + SMOTE Set 1] Acc: 0.9317, F1: 0.9300, Time: 0.06s
n_iterations: 4
n_required_iterations: 4
n_possible_iterations: 8
min_resources_: 6
max_resources_: 13800
aggressive_elimination: False
factor: 3
----------
iter: 0
n_candidates: 50
n_resources: 6
Fitting 1 folds for each of 50 candidates, totalling 50 fits
----------
iter: 1
n_candidates: 17
n_resources: 18
Fitting 1 folds for each of 17 candidates, totalling 17 fits
----------
iter: 2
n_candidates: 6
n_resources: 54
Fitting 1 folds for each of 6 candidates, totalling 6 fits
----------
iter: 3
n_candidates: 2
n_resources: 162
Fitting 1 folds for each of 2 candidates, totalling 2 fits
      -> [RandomForest + SMOTE Set 1] Acc: 0.9667, F1: 0.9669, Time: 0.75s
n_iterations: 4
n_required_iterations: 4
n_possible_iterations: 8
min_resources_: 6
max_resources_: 13800
aggressive_elimination: False
factor: 3
----------
iter: 0
n_candidates: 50
n_resources: 6
Fitting 1 folds for each of 50 candidates, totalling 50 fits
----------
iter: 1
n_candidates: 17
n_resources: 18
Fitting 1 folds for each of 17 candidates, totalling 17 fits
----------
iter: 2
n_candidates: 6
n_resources: 54
Fitting 1 folds for each of 6 candidates, totalling 6 fits
----------
iter: 3
n_candidates: 2
n_resources: 162
Fitting 1 folds for each of 2 candidates, totalling 2 fits
      -> [LinearSVC + SMOTE Set 1] Acc: 0.8667, F1: 0.8582, Time: 0.07s
n_iterations: 4
n_required_iterations: 4
n_possible_iterations: 8
min_resources_: 6
max_resources_: 13800
aggressive_elimination: False
factor: 3
----------
iter: 0
n_candidates: 50
n_resources: 6
Fitting 1 folds for each of 50 candidates, totalling 50 fits
----------
iter: 1
n_candidates: 17
n_resources: 18
Fitting 1 folds for each of 17 candidates, totalling 17 fits
----------
iter: 2
n_candidates: 6
n_resources: 54
Fitting 1 folds for each of 6 candidates, totalling 6 fits
----------
iter: 3
n_candidates: 2
n_resources: 162
Fitting 1 folds for each of 2 candidates, totalling 2 fits
      -> [LogisticRegression + SMOTE Set 1] Acc: 0.8833, F1: 0.8773, Time: 0.28s
      -> [RNN + SMOTE Set 1] Acc: 0.8333, F1: 0.7667, Time: 13.66s
    [=== Generating 2x synthetic data with SMOTE (Set 2, Params: {'k_neighbors': 2}) ===]
n_iterations: 4
n_required_iterations: 4
n_possible_iterations: 8
min_resources_: 6
max_resources_: 13800
aggressive_elimination: False
factor: 3
----------
iter: 0
n_candidates: 50
n_resources: 6
Fitting 1 folds for each of 50 candidates, totalling 50 fits
----------
iter: 1
n_candidates: 17
n_resources: 18
Fitting 1 folds for each of 17 candidates, totalling 17 fits
----------
iter: 2
n_candidates: 6
n_resources: 54
Fitting 1 folds for each of 6 candidates, totalling 6 fits
----------
iter: 3
n_candidates: 2
n_resources: 162
Fitting 1 folds for each of 2 candidates, totalling 2 fits
      -> [KNN + SMOTE Set 2] Acc: 0.9850, F1: 0.9849, Time: 0.02s
n_iterations: 4
n_required_iterations: 4
n_possible_iterations: 8
min_resources_: 6
max_resources_: 13800
aggressive_elimination: False
factor: 3
----------
iter: 0
n_candidates: 50
n_resources: 6
Fitting 1 folds for each of 50 candidates, totalling 50 fits
----------
iter: 1
n_candidates: 17
n_resources: 18
Fitting 1 folds for each of 17 candidates, totalling 17 fits
----------
iter: 2
n_candidates: 6
n_resources: 54
Fitting 1 folds for each of 6 candidates, totalling 6 fits
----------
iter: 3
n_candidates: 2
n_resources: 162
Fitting 1 folds for each of 2 candidates, totalling 2 fits
      -> [RandomForest + SMOTE Set 2] Acc: 0.9667, F1: 0.9669, Time: 1.84s
n_iterations: 4
n_required_iterations: 4
n_possible_iterations: 8
min_resources_: 6
max_resources_: 13800
aggressive_elimination: False
factor: 3
----------
iter: 0
n_candidates: 50
n_resources: 6
Fitting 1 folds for each of 50 candidates, totalling 50 fits
----------
iter: 1
n_candidates: 17
n_resources: 18
Fitting 1 folds for each of 17 candidates, totalling 17 fits
----------
iter: 2
n_candidates: 6
n_resources: 54
Fitting 1 folds for each of 6 candidates, totalling 6 fits
----------
iter: 3
n_candidates: 2
n_resources: 162
Fitting 1 folds for each of 2 candidates, totalling 2 fits
      -> [LinearSVC + SMOTE Set 2] Acc: 0.8300, F1: 0.8128, Time: 0.02s
n_iterations: 4
n_required_iterations: 4
n_possible_iterations: 8
min_resources_: 6
max_resources_: 13800
aggressive_elimination: False
factor: 3
----------
iter: 0
n_candidates: 50
n_resources: 6
Fitting 1 folds for each of 50 candidates, totalling 50 fits
----------
iter: 1
n_candidates: 17
n_resources: 18
Fitting 1 folds for each of 17 candidates, totalling 17 fits
----------
iter: 2
n_candidates: 6
n_resources: 54
Fitting 1 folds for each of 6 candidates, totalling 6 fits
----------
iter: 3
n_candidates: 2
n_resources: 162
Fitting 1 folds for each of 2 candidates, totalling 2 fits
      -> [LogisticRegression + SMOTE Set 2] Acc: 0.8883, F1: 0.8827, Time: 0.19s
      -> [RNN + SMOTE Set 2] Acc: 0.8333, F1: 0.8175, Time: 7.78s
    [=== Generating 2x synthetic data with SMOTE (Set 3, Params: {'k_neighbors': 3}) ===]
n_iterations: 4
n_required_iterations: 4
n_possible_iterations: 8
min_resources_: 6
max_resources_: 13800
aggressive_elimination: False
factor: 3
----------
iter: 0
n_candidates: 50
n_resources: 6
Fitting 1 folds for each of 50 candidates, totalling 50 fits
----------
iter: 1
n_candidates: 17
n_resources: 18
Fitting 1 folds for each of 17 candidates, totalling 17 fits
----------
iter: 2
n_candidates: 6
n_resources: 54
Fitting 1 folds for each of 6 candidates, totalling 6 fits
----------
iter: 3
n_candidates: 2
n_resources: 162
Fitting 1 folds for each of 2 candidates, totalling 2 fits
      -> [KNN + SMOTE Set 3] Acc: 0.9767, F1: 0.9765, Time: 0.02s
n_iterations: 4
n_required_iterations: 4
n_possible_iterations: 8
min_resources_: 6
max_resources_: 13800
aggressive_elimination: False
factor: 3
----------
iter: 0
n_candidates: 50
n_resources: 6
Fitting 1 folds for each of 50 candidates, totalling 50 fits
----------
iter: 1
n_candidates: 17
n_resources: 18
Fitting 1 folds for each of 17 candidates, totalling 17 fits
----------
iter: 2
n_candidates: 6
n_resources: 54
Fitting 1 folds for each of 6 candidates, totalling 6 fits
----------
iter: 3
n_candidates: 2
n_resources: 162
Fitting 1 folds for each of 2 candidates, totalling 2 fits
      -> [RandomForest + SMOTE Set 3] Acc: 0.9783, F1: 0.9785, Time: 0.82s
n_iterations: 4
n_required_iterations: 4
n_possible_iterations: 8
min_resources_: 6
max_resources_: 13800
aggressive_elimination: False
factor: 3
----------
iter: 0
n_candidates: 50
n_resources: 6
Fitting 1 folds for each of 50 candidates, totalling 50 fits
----------
iter: 1
n_candidates: 17
n_resources: 18
Fitting 1 folds for each of 17 candidates, totalling 17 fits
----------
iter: 2
n_candidates: 6
n_resources: 54
Fitting 1 folds for each of 6 candidates, totalling 6 fits
----------
iter: 3
n_candidates: 2
n_resources: 162
Fitting 1 folds for each of 2 candidates, totalling 2 fits
      -> [LinearSVC + SMOTE Set 3] Acc: 0.8850, F1: 0.8789, Time: 0.08s
n_iterations: 4
n_required_iterations: 4
n_possible_iterations: 8
min_resources_: 6
max_resources_: 13800
aggressive_elimination: False
factor: 3
----------
iter: 0
n_candidates: 50
n_resources: 6
Fitting 1 folds for each of 50 candidates, totalling 50 fits
----------
iter: 1
n_candidates: 17
n_resources: 18
Fitting 1 folds for each of 17 candidates, totalling 17 fits
----------
iter: 2
n_candidates: 6
n_resources: 54
Fitting 1 folds for each of 6 candidates, totalling 6 fits
----------
iter: 3
n_candidates: 2
n_resources: 162
Fitting 1 folds for each of 2 candidates, totalling 2 fits
      -> [LogisticRegression + SMOTE Set 3] Acc: 0.8933, F1: 0.8883, Time: 0.28s
      -> [RNN + SMOTE Set 3] Acc: 0.8333, F1: 0.7667, Time: 26.09s
    [=== Generating 2x synthetic data with SMOTE (Set 4, Params: {'k_neighbors': 4}) ===]
n_iterations: 4
n_required_iterations: 4
n_possible_iterations: 8
min_resources_: 6
max_resources_: 13800
aggressive_elimination: False
factor: 3
----------
iter: 0
n_candidates: 50
n_resources: 6
Fitting 1 folds for each of 50 candidates, totalling 50 fits
----------
iter: 1
n_candidates: 17
n_resources: 18
Fitting 1 folds for each of 17 candidates, totalling 17 fits
----------
iter: 2
n_candidates: 6
n_resources: 54
Fitting 1 folds for each of 6 candidates, totalling 6 fits
----------
iter: 3
n_candidates: 2
n_resources: 162
Fitting 1 folds for each of 2 candidates, totalling 2 fits
      -> [KNN + SMOTE Set 4] Acc: 0.9767, F1: 0.9765, Time: 0.02s
n_iterations: 4
n_required_iterations: 4
n_possible_iterations: 8
min_resources_: 6
max_resources_: 13800
aggressive_elimination: False
factor: 3
----------
iter: 0
n_candidates: 50
n_resources: 6
Fitting 1 folds for each of 50 candidates, totalling 50 fits
----------
iter: 1
n_candidates: 17
n_resources: 18
Fitting 1 folds for each of 17 candidates, totalling 17 fits
----------
iter: 2
n_candidates: 6
n_resources: 54
Fitting 1 folds for each of 6 candidates, totalling 6 fits
----------
iter: 3
n_candidates: 2
n_resources: 162
Fitting 1 folds for each of 2 candidates, totalling 2 fits
      -> [RandomForest + SMOTE Set 4] Acc: 0.9933, F1: 0.9933, Time: 0.84s
n_iterations: 4
n_required_iterations: 4
n_possible_iterations: 8
min_resources_: 6
max_resources_: 13800
aggressive_elimination: False
factor: 3
----------
iter: 0
n_candidates: 50
n_resources: 6
Fitting 1 folds for each of 50 candidates, totalling 50 fits
----------
iter: 1
n_candidates: 17
n_resources: 18
Fitting 1 folds for each of 17 candidates, totalling 17 fits
----------
iter: 2
n_candidates: 6
n_resources: 54
Fitting 1 folds for each of 6 candidates, totalling 6 fits
----------
iter: 3
n_candidates: 2
n_resources: 162
Fitting 1 folds for each of 2 candidates, totalling 2 fits
      -> [LinearSVC + SMOTE Set 4] Acc: 0.8567, F1: 0.8464, Time: 0.08s
n_iterations: 4
n_required_iterations: 4
n_possible_iterations: 8
min_resources_: 6
max_resources_: 13800
aggressive_elimination: False
factor: 3
----------
iter: 0
n_candidates: 50
n_resources: 6
Fitting 1 folds for each of 50 candidates, totalling 50 fits
----------
iter: 1
n_candidates: 17
n_resources: 18
Fitting 1 folds for each of 17 candidates, totalling 17 fits
----------
iter: 2
n_candidates: 6
n_resources: 54
Fitting 1 folds for each of 6 candidates, totalling 6 fits
----------
iter: 3
n_candidates: 2
n_resources: 162
Fitting 1 folds for each of 2 candidates, totalling 2 fits
      -> [LogisticRegression + SMOTE Set 4] Acc: 0.8900, F1: 0.8855, Time: 0.28s
      -> [RNN + SMOTE Set 4] Acc: 0.8333, F1: 0.8333, Time: 26.93s
    [=== Generating 2x synthetic data with SMOTE (Set 5, Params: {'k_neighbors': 5}) ===]
n_iterations: 4
n_required_iterations: 4
n_possible_iterations: 8
min_resources_: 6
max_resources_: 13800
aggressive_elimination: False
factor: 3
----------
iter: 0
n_candidates: 50
n_resources: 6
Fitting 1 folds for each of 50 candidates, totalling 50 fits
----------
iter: 1
n_candidates: 17
n_resources: 18
Fitting 1 folds for each of 17 candidates, totalling 17 fits
----------
iter: 2
n_candidates: 6
n_resources: 54
Fitting 1 folds for each of 6 candidates, totalling 6 fits
----------
iter: 3
n_candidates: 2
n_resources: 162
Fitting 1 folds for each of 2 candidates, totalling 2 fits
      -> [KNN + SMOTE Set 5] Acc: 0.9767, F1: 0.9765, Time: 0.01s
n_iterations: 4
n_required_iterations: 4
n_possible_iterations: 8
min_resources_: 6
max_resources_: 13800
aggressive_elimination: False
factor: 3
----------
iter: 0
n_candidates: 50
n_resources: 6
Fitting 1 folds for each of 50 candidates, totalling 50 fits
----------
iter: 1
n_candidates: 17
n_resources: 18
Fitting 1 folds for each of 17 candidates, totalling 17 fits
----------
iter: 2
n_candidates: 6
n_resources: 54
Fitting 1 folds for each of 6 candidates, totalling 6 fits
----------
iter: 3
n_candidates: 2
n_resources: 162
Fitting 1 folds for each of 2 candidates, totalling 2 fits
      -> [RandomForest + SMOTE Set 5] Acc: 0.8950, F1: 0.8962, Time: 0.63s
n_iterations: 4
n_required_iterations: 4
n_possible_iterations: 8
min_resources_: 6
max_resources_: 13800
aggressive_elimination: False
factor: 3
----------
iter: 0
n_candidates: 50
n_resources: 6
Fitting 1 folds for each of 50 candidates, totalling 50 fits
----------
iter: 1
n_candidates: 17
n_resources: 18
Fitting 1 folds for each of 17 candidates, totalling 17 fits
----------
iter: 2
n_candidates: 6
n_resources: 54
Fitting 1 folds for each of 6 candidates, totalling 6 fits
----------
iter: 3
n_candidates: 2
n_resources: 162
Fitting 1 folds for each of 2 candidates, totalling 2 fits
      -> [LinearSVC + SMOTE Set 5] Acc: 0.8667, F1: 0.8582, Time: 0.07s
n_iterations: 4
n_required_iterations: 4
n_possible_iterations: 8
min_resources_: 6
max_resources_: 13800
aggressive_elimination: False
factor: 3
----------
iter: 0
n_candidates: 50
n_resources: 6
Fitting 1 folds for each of 50 candidates, totalling 50 fits
----------
iter: 1
n_candidates: 17
n_resources: 18
Fitting 1 folds for each of 17 candidates, totalling 17 fits
----------
iter: 2
n_candidates: 6
n_resources: 54
Fitting 1 folds for each of 6 candidates, totalling 6 fits
----------
iter: 3
n_candidates: 2
n_resources: 162
Fitting 1 folds for each of 2 candidates, totalling 2 fits
      -> [LogisticRegression + SMOTE Set 5] Acc: 0.8917, F1: 0.8867, Time: 0.22s
      -> [RNN + SMOTE Set 5] Acc: 0.8333, F1: 0.8333, Time: 24.94s
    [=== Generating 3x synthetic data with SMOTE (Set 1, Params: {'k_neighbors': 1}) ===]
n_iterations: 4
n_required_iterations: 4
n_possible_iterations: 8
min_resources_: 6
max_resources_: 18400
aggressive_elimination: False
factor: 3
----------
iter: 0
n_candidates: 50
n_resources: 6
Fitting 1 folds for each of 50 candidates, totalling 50 fits
----------
iter: 1
n_candidates: 17
n_resources: 18
Fitting 1 folds for each of 17 candidates, totalling 17 fits
----------
iter: 2
n_candidates: 6
n_resources: 54
Fitting 1 folds for each of 6 candidates, totalling 6 fits
----------
iter: 3
n_candidates: 2
n_resources: 162
Fitting 1 folds for each of 2 candidates, totalling 2 fits
      -> [KNN + SMOTE Set 1] Acc: 0.9850, F1: 0.9849, Time: 0.03s
n_iterations: 4
n_required_iterations: 4
n_possible_iterations: 8
min_resources_: 6
max_resources_: 18400
aggressive_elimination: False
factor: 3
----------
iter: 0
n_candidates: 50
n_resources: 6
Fitting 1 folds for each of 50 candidates, totalling 50 fits
----------
iter: 1
n_candidates: 17
n_resources: 18
Fitting 1 folds for each of 17 candidates, totalling 17 fits
----------
iter: 2
n_candidates: 6
n_resources: 54
Fitting 1 folds for each of 6 candidates, totalling 6 fits
----------
iter: 3
n_candidates: 2
n_resources: 162
Fitting 1 folds for each of 2 candidates, totalling 2 fits
      -> [RandomForest + SMOTE Set 1] Acc: 0.9833, F1: 0.9834, Time: 2.91s
n_iterations: 4
n_required_iterations: 4
n_possible_iterations: 8
min_resources_: 6
max_resources_: 18400
aggressive_elimination: False
factor: 3
----------
iter: 0
n_candidates: 50
n_resources: 6
Fitting 1 folds for each of 50 candidates, totalling 50 fits
----------
iter: 1
n_candidates: 17
n_resources: 18
Fitting 1 folds for each of 17 candidates, totalling 17 fits
----------
iter: 2
n_candidates: 6
n_resources: 54
Fitting 1 folds for each of 6 candidates, totalling 6 fits
----------
iter: 3
n_candidates: 2
n_resources: 162
Fitting 1 folds for each of 2 candidates, totalling 2 fits
      -> [LinearSVC + SMOTE Set 1] Acc: 0.8567, F1: 0.8464, Time: 0.10s
n_iterations: 4
n_required_iterations: 4
n_possible_iterations: 8
min_resources_: 6
max_resources_: 18400
aggressive_elimination: False
factor: 3
----------
iter: 0
n_candidates: 50
n_resources: 6
Fitting 1 folds for each of 50 candidates, totalling 50 fits
----------
iter: 1
n_candidates: 17
n_resources: 18
Fitting 1 folds for each of 17 candidates, totalling 17 fits
----------
iter: 2
n_candidates: 6
n_resources: 54
Fitting 1 folds for each of 6 candidates, totalling 6 fits
----------
iter: 3
n_candidates: 2
n_resources: 162
Fitting 1 folds for each of 2 candidates, totalling 2 fits
      -> [LogisticRegression + SMOTE Set 1] Acc: 0.3333, F1: 0.1667, Time: 0.04s
      -> [RNN + SMOTE Set 1] Acc: 0.8333, F1: 0.7667, Time: 51.58s
    [=== Generating 3x synthetic data with SMOTE (Set 2, Params: {'k_neighbors': 2}) ===]
n_iterations: 4
n_required_iterations: 4
n_possible_iterations: 8
min_resources_: 6
max_resources_: 18400
aggressive_elimination: False
factor: 3
----------
iter: 0
n_candidates: 50
n_resources: 6
Fitting 1 folds for each of 50 candidates, totalling 50 fits
----------
iter: 1
n_candidates: 17
n_resources: 18
Fitting 1 folds for each of 17 candidates, totalling 17 fits
----------
iter: 2
n_candidates: 6
n_resources: 54
Fitting 1 folds for each of 6 candidates, totalling 6 fits
----------
iter: 3
n_candidates: 2
n_resources: 162
Fitting 1 folds for each of 2 candidates, totalling 2 fits
      -> [KNN + SMOTE Set 2] Acc: 0.9783, F1: 0.9782, Time: 0.03s
n_iterations: 4
n_required_iterations: 4
n_possible_iterations: 8
min_resources_: 6
max_resources_: 18400
aggressive_elimination: False
factor: 3
----------
iter: 0
n_candidates: 50
n_resources: 6
Fitting 1 folds for each of 50 candidates, totalling 50 fits
----------
iter: 1
n_candidates: 17
n_resources: 18
Fitting 1 folds for each of 17 candidates, totalling 17 fits
----------
iter: 2
n_candidates: 6
n_resources: 54
Fitting 1 folds for each of 6 candidates, totalling 6 fits
----------
iter: 3
n_candidates: 2
n_resources: 162
Fitting 1 folds for each of 2 candidates, totalling 2 fits
      -> [RandomForest + SMOTE Set 2] Acc: 0.9900, F1: 0.9900, Time: 2.74s
n_iterations: 4
n_required_iterations: 4
n_possible_iterations: 8
min_resources_: 6
max_resources_: 18400
aggressive_elimination: False
factor: 3
----------
iter: 0
n_candidates: 50
n_resources: 6
Fitting 1 folds for each of 50 candidates, totalling 50 fits
----------
iter: 1
n_candidates: 17
n_resources: 18
Fitting 1 folds for each of 17 candidates, totalling 17 fits
----------
iter: 2
n_candidates: 6
n_resources: 54
Fitting 1 folds for each of 6 candidates, totalling 6 fits
----------
iter: 3
n_candidates: 2
n_resources: 162
Fitting 1 folds for each of 2 candidates, totalling 2 fits
      -> [LinearSVC + SMOTE Set 2] Acc: 0.8583, F1: 0.8480, Time: 0.11s
n_iterations: 4
n_required_iterations: 4
n_possible_iterations: 8
min_resources_: 6
max_resources_: 18400
aggressive_elimination: False
factor: 3
----------
iter: 0
n_candidates: 50
n_resources: 6
Fitting 1 folds for each of 50 candidates, totalling 50 fits
----------
iter: 1
n_candidates: 17
n_resources: 18
Fitting 1 folds for each of 17 candidates, totalling 17 fits
----------
iter: 2
n_candidates: 6
n_resources: 54
Fitting 1 folds for each of 6 candidates, totalling 6 fits
----------
iter: 3
n_candidates: 2
n_resources: 162
Fitting 1 folds for each of 2 candidates, totalling 2 fits
      -> [LogisticRegression + SMOTE Set 2] Acc: 0.3333, F1: 0.1667, Time: 0.09s
      -> [RNN + SMOTE Set 2] Acc: 0.8333, F1: 0.7667, Time: 52.39s
    [=== Generating 3x synthetic data with SMOTE (Set 3, Params: {'k_neighbors': 3}) ===]
n_iterations: 4
n_required_iterations: 4
n_possible_iterations: 8
min_resources_: 6
max_resources_: 18400
aggressive_elimination: False
factor: 3
----------
iter: 0
n_candidates: 50
n_resources: 6
Fitting 1 folds for each of 50 candidates, totalling 50 fits
----------
iter: 1
n_candidates: 17
n_resources: 18
Fitting 1 folds for each of 17 candidates, totalling 17 fits
----------
iter: 2
n_candidates: 6
n_resources: 54
Fitting 1 folds for each of 6 candidates, totalling 6 fits
----------
iter: 3
n_candidates: 2
n_resources: 162
Fitting 1 folds for each of 2 candidates, totalling 2 fits
      -> [KNN + SMOTE Set 3] Acc: 0.9767, F1: 0.9765, Time: 0.02s
n_iterations: 4
n_required_iterations: 4
n_possible_iterations: 8
min_resources_: 6
max_resources_: 18400
aggressive_elimination: False
factor: 3
----------
iter: 0
n_candidates: 50
n_resources: 6
Fitting 1 folds for each of 50 candidates, totalling 50 fits
----------
iter: 1
n_candidates: 17
n_resources: 18
Fitting 1 folds for each of 17 candidates, totalling 17 fits
----------
iter: 2
n_candidates: 6
n_resources: 54
Fitting 1 folds for each of 6 candidates, totalling 6 fits
----------
iter: 3
n_candidates: 2
n_resources: 162
Fitting 1 folds for each of 2 candidates, totalling 2 fits
      -> [RandomForest + SMOTE Set 3] Acc: 0.9717, F1: 0.9716, Time: 1.05s
n_iterations: 4
n_required_iterations: 4
n_possible_iterations: 8
min_resources_: 6
max_resources_: 18400
aggressive_elimination: False
factor: 3
----------
iter: 0
n_candidates: 50
n_resources: 6
Fitting 1 folds for each of 50 candidates, totalling 50 fits
----------
iter: 1
n_candidates: 17
n_resources: 18
Fitting 1 folds for each of 17 candidates, totalling 17 fits
----------
iter: 2
n_candidates: 6
n_resources: 54
Fitting 1 folds for each of 6 candidates, totalling 6 fits
----------
iter: 3
n_candidates: 2
n_resources: 162
Fitting 1 folds for each of 2 candidates, totalling 2 fits
      -> [LinearSVC + SMOTE Set 3] Acc: 0.8833, F1: 0.8771, Time: 0.10s
n_iterations: 4
n_required_iterations: 4
n_possible_iterations: 8
min_resources_: 6
max_resources_: 18400
aggressive_elimination: False
factor: 3
----------
iter: 0
n_candidates: 50
n_resources: 6
Fitting 1 folds for each of 50 candidates, totalling 50 fits
----------
iter: 1
n_candidates: 17
n_resources: 18
Fitting 1 folds for each of 17 candidates, totalling 17 fits
----------
iter: 2
n_candidates: 6
n_resources: 54
Fitting 1 folds for each of 6 candidates, totalling 6 fits
----------
iter: 3
n_candidates: 2
n_resources: 162
Fitting 1 folds for each of 2 candidates, totalling 2 fits
      -> [LogisticRegression + SMOTE Set 3] Acc: 0.6667, F1: 0.5952, Time: 0.07s
      -> [RNN + SMOTE Set 3] Acc: 0.8333, F1: 0.7667, Time: 47.64s
    [=== Generating 3x synthetic data with SMOTE (Set 4, Params: {'k_neighbors': 4}) ===]
n_iterations: 4
n_required_iterations: 4
n_possible_iterations: 8
min_resources_: 6
max_resources_: 18400
aggressive_elimination: False
factor: 3
----------
iter: 0
n_candidates: 50
n_resources: 6
Fitting 1 folds for each of 50 candidates, totalling 50 fits
----------
iter: 1
n_candidates: 17
n_resources: 18
Fitting 1 folds for each of 17 candidates, totalling 17 fits
----------
iter: 2
n_candidates: 6
n_resources: 54
Fitting 1 folds for each of 6 candidates, totalling 6 fits
----------
iter: 3
n_candidates: 2
n_resources: 162
Fitting 1 folds for each of 2 candidates, totalling 2 fits
      -> [KNN + SMOTE Set 4] Acc: 0.9767, F1: 0.9765, Time: 0.02s
n_iterations: 4
n_required_iterations: 4
n_possible_iterations: 8
min_resources_: 6
max_resources_: 18400
aggressive_elimination: False
factor: 3
----------
iter: 0
n_candidates: 50
n_resources: 6
Fitting 1 folds for each of 50 candidates, totalling 50 fits
----------
iter: 1
n_candidates: 17
n_resources: 18
Fitting 1 folds for each of 17 candidates, totalling 17 fits
----------
iter: 2
n_candidates: 6
n_resources: 54
Fitting 1 folds for each of 6 candidates, totalling 6 fits
----------
iter: 3
n_candidates: 2
n_resources: 162
Fitting 1 folds for each of 2 candidates, totalling 2 fits
      -> [RandomForest + SMOTE Set 4] Acc: 0.9867, F1: 0.9867, Time: 1.09s
n_iterations: 4
n_required_iterations: 4
n_possible_iterations: 8
min_resources_: 6
max_resources_: 18400
aggressive_elimination: False
factor: 3
----------
iter: 0
n_candidates: 50
n_resources: 6
Fitting 1 folds for each of 50 candidates, totalling 50 fits
----------
iter: 1
n_candidates: 17
n_resources: 18
Fitting 1 folds for each of 17 candidates, totalling 17 fits
----------
iter: 2
n_candidates: 6
n_resources: 54
Fitting 1 folds for each of 6 candidates, totalling 6 fits
----------
iter: 3
n_candidates: 2
n_resources: 162
Fitting 1 folds for each of 2 candidates, totalling 2 fits
      -> [LinearSVC + SMOTE Set 4] Acc: 0.8833, F1: 0.8771, Time: 0.11s
n_iterations: 4
n_required_iterations: 4
n_possible_iterations: 8
min_resources_: 6
max_resources_: 18400
aggressive_elimination: False
factor: 3
----------
iter: 0
n_candidates: 50
n_resources: 6
Fitting 1 folds for each of 50 candidates, totalling 50 fits
----------
iter: 1
n_candidates: 17
n_resources: 18
Fitting 1 folds for each of 17 candidates, totalling 17 fits
----------
iter: 2
n_candidates: 6
n_resources: 54
Fitting 1 folds for each of 6 candidates, totalling 6 fits
----------
iter: 3
n_candidates: 2
n_resources: 162
Fitting 1 folds for each of 2 candidates, totalling 2 fits
      -> [LogisticRegression + SMOTE Set 4] Acc: 0.8933, F1: 0.8885, Time: 0.33s
      -> [RNN + SMOTE Set 4] Acc: 1.0000, F1: 1.0000, Time: 43.95s
    [=== Generating 3x synthetic data with SMOTE (Set 5, Params: {'k_neighbors': 5}) ===]
n_iterations: 4
n_required_iterations: 4
n_possible_iterations: 8
min_resources_: 6
max_resources_: 18400
aggressive_elimination: False
factor: 3
----------
iter: 0
n_candidates: 50
n_resources: 6
Fitting 1 folds for each of 50 candidates, totalling 50 fits
----------
iter: 1
n_candidates: 17
n_resources: 18
Fitting 1 folds for each of 17 candidates, totalling 17 fits
----------
iter: 2
n_candidates: 6
n_resources: 54
Fitting 1 folds for each of 6 candidates, totalling 6 fits
----------
iter: 3
n_candidates: 2
n_resources: 162
Fitting 1 folds for each of 2 candidates, totalling 2 fits
      -> [KNN + SMOTE Set 5] Acc: 0.9767, F1: 0.9765, Time: 0.02s
n_iterations: 4
n_required_iterations: 4
n_possible_iterations: 8
min_resources_: 6
max_resources_: 18400
aggressive_elimination: False
factor: 3
----------
iter: 0
n_candidates: 50
n_resources: 6
Fitting 1 folds for each of 50 candidates, totalling 50 fits
----------
iter: 1
n_candidates: 17
n_resources: 18
Fitting 1 folds for each of 17 candidates, totalling 17 fits
----------
iter: 2
n_candidates: 6
n_resources: 54
Fitting 1 folds for each of 6 candidates, totalling 6 fits
----------
iter: 3
n_candidates: 2
n_resources: 162
Fitting 1 folds for each of 2 candidates, totalling 2 fits
      -> [RandomForest + SMOTE Set 5] Acc: 0.9667, F1: 0.9670, Time: 2.99s
n_iterations: 4
n_required_iterations: 4
n_possible_iterations: 8
min_resources_: 6
max_resources_: 18400
aggressive_elimination: False
factor: 3
----------
iter: 0
n_candidates: 50
n_resources: 6
Fitting 1 folds for each of 50 candidates, totalling 50 fits
----------
iter: 1
n_candidates: 17
n_resources: 18
Fitting 1 folds for each of 17 candidates, totalling 17 fits
----------
iter: 2
n_candidates: 6
n_resources: 54
Fitting 1 folds for each of 6 candidates, totalling 6 fits
----------
iter: 3
n_candidates: 2
n_resources: 162
Fitting 1 folds for each of 2 candidates, totalling 2 fits
      -> [LinearSVC + SMOTE Set 5] Acc: 0.8650, F1: 0.8562, Time: 0.10s
n_iterations: 4
n_required_iterations: 4
n_possible_iterations: 8
min_resources_: 6
max_resources_: 18400
aggressive_elimination: False
factor: 3
----------
iter: 0
n_candidates: 50
n_resources: 6
Fitting 1 folds for each of 50 candidates, totalling 50 fits
----------
iter: 1
n_candidates: 17
n_resources: 18
Fitting 1 folds for each of 17 candidates, totalling 17 fits
----------
iter: 2
n_candidates: 6
n_resources: 54
Fitting 1 folds for each of 6 candidates, totalling 6 fits
----------
iter: 3
n_candidates: 2
n_resources: 162
Fitting 1 folds for each of 2 candidates, totalling 2 fits
      -> [LogisticRegression + SMOTE Set 5] Acc: 0.8867, F1: 0.8811, Time: 0.37s
      -> [RNN + SMOTE Set 5] Acc: 0.8333, F1: 0.8175, Time: 51.72s
    [=== Generating 5x synthetic data with SMOTE (Set 1, Params: {'k_neighbors': 1}) ===]
n_iterations: 4
n_required_iterations: 4
n_possible_iterations: 8
min_resources_: 6
max_resources_: 27600
aggressive_elimination: False
factor: 3
----------
iter: 0
n_candidates: 50
n_resources: 6
Fitting 1 folds for each of 50 candidates, totalling 50 fits
----------
iter: 1
n_candidates: 17
n_resources: 18
Fitting 1 folds for each of 17 candidates, totalling 17 fits
----------
iter: 2
n_candidates: 6
n_resources: 54
Fitting 1 folds for each of 6 candidates, totalling 6 fits
----------
iter: 3
n_candidates: 2
n_resources: 162
Fitting 1 folds for each of 2 candidates, totalling 2 fits
      -> [KNN + SMOTE Set 1] Acc: 0.9800, F1: 0.9799, Time: 0.04s
n_iterations: 4
n_required_iterations: 4
n_possible_iterations: 8
min_resources_: 6
max_resources_: 27600
aggressive_elimination: False
factor: 3
----------
iter: 0
n_candidates: 50
n_resources: 6
Fitting 1 folds for each of 50 candidates, totalling 50 fits
----------
iter: 1
n_candidates: 17
n_resources: 18
Fitting 1 folds for each of 17 candidates, totalling 17 fits
----------
iter: 2
n_candidates: 6
n_resources: 54
Fitting 1 folds for each of 6 candidates, totalling 6 fits
----------
iter: 3
n_candidates: 2
n_resources: 162
Fitting 1 folds for each of 2 candidates, totalling 2 fits
      -> [RandomForest + SMOTE Set 1] Acc: 0.9500, F1: 0.9506, Time: 3.45s
n_iterations: 4
n_required_iterations: 4
n_possible_iterations: 8
min_resources_: 6
max_resources_: 27600
aggressive_elimination: False
factor: 3
----------
iter: 0
n_candidates: 50
n_resources: 6
Fitting 1 folds for each of 50 candidates, totalling 50 fits
----------
iter: 1
n_candidates: 17
n_resources: 18
Fitting 1 folds for each of 17 candidates, totalling 17 fits
----------
iter: 2
n_candidates: 6
n_resources: 54
Fitting 1 folds for each of 6 candidates, totalling 6 fits
----------
iter: 3
n_candidates: 2
n_resources: 162
Fitting 1 folds for each of 2 candidates, totalling 2 fits
      -> [LinearSVC + SMOTE Set 1] Acc: 0.8783, F1: 0.8714, Time: 0.08s
n_iterations: 4
n_required_iterations: 4
n_possible_iterations: 8
min_resources_: 6
max_resources_: 27600
aggressive_elimination: False
factor: 3
----------
iter: 0
n_candidates: 50
n_resources: 6
Fitting 1 folds for each of 50 candidates, totalling 50 fits
----------
iter: 1
n_candidates: 17
n_resources: 18
Fitting 1 folds for each of 17 candidates, totalling 17 fits
----------
iter: 2
n_candidates: 6
n_resources: 54
Fitting 1 folds for each of 6 candidates, totalling 6 fits
----------
iter: 3
n_candidates: 2
n_resources: 162
Fitting 1 folds for each of 2 candidates, totalling 2 fits
      -> [LogisticRegression + SMOTE Set 1] Acc: 0.8850, F1: 0.8789, Time: 0.49s
      -> [RNN + SMOTE Set 1] Acc: 1.0000, F1: 1.0000, Time: 5.17s
    [=== Generating 5x synthetic data with SMOTE (Set 2, Params: {'k_neighbors': 2}) ===]
n_iterations: 4
n_required_iterations: 4
n_possible_iterations: 8
min_resources_: 6
max_resources_: 27600
aggressive_elimination: False
factor: 3
----------
iter: 0
n_candidates: 50
n_resources: 6
Fitting 1 folds for each of 50 candidates, totalling 50 fits
----------
iter: 1
n_candidates: 17
n_resources: 18
Fitting 1 folds for each of 17 candidates, totalling 17 fits
----------
iter: 2
n_candidates: 6
n_resources: 54
Fitting 1 folds for each of 6 candidates, totalling 6 fits
----------
iter: 3
n_candidates: 2
n_resources: 162
Fitting 1 folds for each of 2 candidates, totalling 2 fits
      -> [KNN + SMOTE Set 2] Acc: 0.9983, F1: 0.9983, Time: 0.03s
n_iterations: 4
n_required_iterations: 4
n_possible_iterations: 8
min_resources_: 6
max_resources_: 27600
aggressive_elimination: False
factor: 3
----------
iter: 0
n_candidates: 50
n_resources: 6
Fitting 1 folds for each of 50 candidates, totalling 50 fits
----------
iter: 1
n_candidates: 17
n_resources: 18
Fitting 1 folds for each of 17 candidates, totalling 17 fits
----------
iter: 2
n_candidates: 6
n_resources: 54
Fitting 1 folds for each of 6 candidates, totalling 6 fits
----------
iter: 3
n_candidates: 2
n_resources: 162
Fitting 1 folds for each of 2 candidates, totalling 2 fits
      -> [RandomForest + SMOTE Set 2] Acc: 0.9967, F1: 0.9967, Time: 6.50s
n_iterations: 4
n_required_iterations: 4
n_possible_iterations: 8
min_resources_: 6
max_resources_: 27600
aggressive_elimination: False
factor: 3
----------
iter: 0
n_candidates: 50
n_resources: 6
Fitting 1 folds for each of 50 candidates, totalling 50 fits
----------
iter: 1
n_candidates: 17
n_resources: 18
Fitting 1 folds for each of 17 candidates, totalling 17 fits
----------
iter: 2
n_candidates: 6
n_resources: 54
Fitting 1 folds for each of 6 candidates, totalling 6 fits
----------
iter: 3
n_candidates: 2
n_resources: 162
Fitting 1 folds for each of 2 candidates, totalling 2 fits
      -> [LinearSVC + SMOTE Set 2] Acc: 0.8767, F1: 0.8694, Time: 0.22s
n_iterations: 4
n_required_iterations: 4
n_possible_iterations: 8
min_resources_: 6
max_resources_: 27600
aggressive_elimination: False
factor: 3
----------
iter: 0
n_candidates: 50
n_resources: 6
Fitting 1 folds for each of 50 candidates, totalling 50 fits
----------
iter: 1
n_candidates: 17
n_resources: 18
Fitting 1 folds for each of 17 candidates, totalling 17 fits
----------
iter: 2
n_candidates: 6
n_resources: 54
Fitting 1 folds for each of 6 candidates, totalling 6 fits
----------
iter: 3
n_candidates: 2
n_resources: 162
Fitting 1 folds for each of 2 candidates, totalling 2 fits
      -> [LogisticRegression + SMOTE Set 2] Acc: 0.8883, F1: 0.8834, Time: 0.76s
      -> [RNN + SMOTE Set 2] Acc: 0.8333, F1: 0.8175, Time: 83.18s
    [=== Generating 5x synthetic data with SMOTE (Set 3, Params: {'k_neighbors': 3}) ===]
n_iterations: 4
n_required_iterations: 4
n_possible_iterations: 8
min_resources_: 6
max_resources_: 27600
aggressive_elimination: False
factor: 3
----------
iter: 0
n_candidates: 50
n_resources: 6
Fitting 1 folds for each of 50 candidates, totalling 50 fits
----------
iter: 1
n_candidates: 17
n_resources: 18
Fitting 1 folds for each of 17 candidates, totalling 17 fits
----------
iter: 2
n_candidates: 6
n_resources: 54
Fitting 1 folds for each of 6 candidates, totalling 6 fits
----------
iter: 3
n_candidates: 2
n_resources: 162
Fitting 1 folds for each of 2 candidates, totalling 2 fits
      -> [KNN + SMOTE Set 3] Acc: 0.9750, F1: 0.9748, Time: 0.06s
n_iterations: 4
n_required_iterations: 4
n_possible_iterations: 8
min_resources_: 6
max_resources_: 27600
aggressive_elimination: False
factor: 3
----------
iter: 0
n_candidates: 50
n_resources: 6
Fitting 1 folds for each of 50 candidates, totalling 50 fits
----------
iter: 1
n_candidates: 17
n_resources: 18
Fitting 1 folds for each of 17 candidates, totalling 17 fits
----------
iter: 2
n_candidates: 6
n_resources: 54
Fitting 1 folds for each of 6 candidates, totalling 6 fits
----------
iter: 3
n_candidates: 2
n_resources: 162
Fitting 1 folds for each of 2 candidates, totalling 2 fits
      -> [RandomForest + SMOTE Set 3] Acc: 0.9917, F1: 0.9917, Time: 6.27s
n_iterations: 4
n_required_iterations: 4
n_possible_iterations: 8
min_resources_: 6
max_resources_: 27600
aggressive_elimination: False
factor: 3
----------
iter: 0
n_candidates: 50
n_resources: 6
Fitting 1 folds for each of 50 candidates, totalling 50 fits
----------
iter: 1
n_candidates: 17
n_resources: 18
Fitting 1 folds for each of 17 candidates, totalling 17 fits
----------
iter: 2
n_candidates: 6
n_resources: 54
Fitting 1 folds for each of 6 candidates, totalling 6 fits
----------
iter: 3
n_candidates: 2
n_resources: 162
Fitting 1 folds for each of 2 candidates, totalling 2 fits
      -> [LinearSVC + SMOTE Set 3] Acc: 0.8317, F1: 0.8151, Time: 0.09s
n_iterations: 4
n_required_iterations: 4
n_possible_iterations: 8
min_resources_: 6
max_resources_: 27600
aggressive_elimination: False
factor: 3
----------
iter: 0
n_candidates: 50
n_resources: 6
Fitting 1 folds for each of 50 candidates, totalling 50 fits
----------
iter: 1
n_candidates: 17
n_resources: 18
Fitting 1 folds for each of 17 candidates, totalling 17 fits
----------
iter: 2
n_candidates: 6
n_resources: 54
Fitting 1 folds for each of 6 candidates, totalling 6 fits
----------
iter: 3
n_candidates: 2
n_resources: 162
Fitting 1 folds for each of 2 candidates, totalling 2 fits
      -> [LogisticRegression + SMOTE Set 3] Acc: 0.8900, F1: 0.8855, Time: 0.77s
      -> [RNN + SMOTE Set 3] Acc: 0.8333, F1: 0.8175, Time: 84.72s
    [=== Generating 5x synthetic data with SMOTE (Set 4, Params: {'k_neighbors': 4}) ===]
n_iterations: 4
n_required_iterations: 4
n_possible_iterations: 8
min_resources_: 6
max_resources_: 27600
aggressive_elimination: False
factor: 3
----------
iter: 0
n_candidates: 50
n_resources: 6
Fitting 1 folds for each of 50 candidates, totalling 50 fits
----------
iter: 1
n_candidates: 17
n_resources: 18
Fitting 1 folds for each of 17 candidates, totalling 17 fits
----------
iter: 2
n_candidates: 6
n_resources: 54
Fitting 1 folds for each of 6 candidates, totalling 6 fits
----------
iter: 3
n_candidates: 2
n_resources: 162
Fitting 1 folds for each of 2 candidates, totalling 2 fits
      -> [KNN + SMOTE Set 4] Acc: 0.9583, F1: 0.9578, Time: 0.05s
n_iterations: 4
n_required_iterations: 4
n_possible_iterations: 8
min_resources_: 6
max_resources_: 27600
aggressive_elimination: False
factor: 3
----------
iter: 0
n_candidates: 50
n_resources: 6
Fitting 1 folds for each of 50 candidates, totalling 50 fits
----------
iter: 1
n_candidates: 17
n_resources: 18
Fitting 1 folds for each of 17 candidates, totalling 17 fits
----------
iter: 2
n_candidates: 6
n_resources: 54
Fitting 1 folds for each of 6 candidates, totalling 6 fits
----------
iter: 3
n_candidates: 2
n_resources: 162
Fitting 1 folds for each of 2 candidates, totalling 2 fits
      -> [RandomForest + SMOTE Set 4] Acc: 0.9950, F1: 0.9950, Time: 5.65s
n_iterations: 4
n_required_iterations: 4
n_possible_iterations: 8
min_resources_: 6
max_resources_: 27600
aggressive_elimination: False
factor: 3
----------
iter: 0
n_candidates: 50
n_resources: 6
Fitting 1 folds for each of 50 candidates, totalling 50 fits
----------
iter: 1
n_candidates: 17
n_resources: 18
Fitting 1 folds for each of 17 candidates, totalling 17 fits
----------
iter: 2
n_candidates: 6
n_resources: 54
Fitting 1 folds for each of 6 candidates, totalling 6 fits
----------
iter: 3
n_candidates: 2
n_resources: 162
Fitting 1 folds for each of 2 candidates, totalling 2 fits
      -> [LinearSVC + SMOTE Set 4] Acc: 0.8283, F1: 0.8107, Time: 0.07s
n_iterations: 4
n_required_iterations: 4
n_possible_iterations: 8
min_resources_: 6
max_resources_: 27600
aggressive_elimination: False
factor: 3
----------
iter: 0
n_candidates: 50
n_resources: 6
Fitting 1 folds for each of 50 candidates, totalling 50 fits
----------
iter: 1
n_candidates: 17
n_resources: 18
Fitting 1 folds for each of 17 candidates, totalling 17 fits
----------
iter: 2
n_candidates: 6
n_resources: 54
Fitting 1 folds for each of 6 candidates, totalling 6 fits
----------
iter: 3
n_candidates: 2
n_resources: 162
Fitting 1 folds for each of 2 candidates, totalling 2 fits
      -> [LogisticRegression + SMOTE Set 4] Acc: 0.8900, F1: 0.8846, Time: 0.74s
      -> [RNN + SMOTE Set 4] Acc: 0.5000, F1: 0.3750, Time: 1.85s
    [=== Generating 5x synthetic data with SMOTE (Set 5, Params: {'k_neighbors': 5}) ===]
n_iterations: 4
n_required_iterations: 4
n_possible_iterations: 8
min_resources_: 6
max_resources_: 27600
aggressive_elimination: False
factor: 3
----------
iter: 0
n_candidates: 50
n_resources: 6
Fitting 1 folds for each of 50 candidates, totalling 50 fits
----------
iter: 1
n_candidates: 17
n_resources: 18
Fitting 1 folds for each of 17 candidates, totalling 17 fits
----------
iter: 2
n_candidates: 6
n_resources: 54
Fitting 1 folds for each of 6 candidates, totalling 6 fits
----------
iter: 3
n_candidates: 2
n_resources: 162
Fitting 1 folds for each of 2 candidates, totalling 2 fits
      -> [KNN + SMOTE Set 5] Acc: 0.9767, F1: 0.9765, Time: 0.03s
n_iterations: 4
n_required_iterations: 4
n_possible_iterations: 8
min_resources_: 6
max_resources_: 27600
aggressive_elimination: False
factor: 3
----------
iter: 0
n_candidates: 50
n_resources: 6
Fitting 1 folds for each of 50 candidates, totalling 50 fits
----------
iter: 1
n_candidates: 17
n_resources: 18
Fitting 1 folds for each of 17 candidates, totalling 17 fits
----------
iter: 2
n_candidates: 6
n_resources: 54
Fitting 1 folds for each of 6 candidates, totalling 6 fits
----------
iter: 3
n_candidates: 2
n_resources: 162
Fitting 1 folds for each of 2 candidates, totalling 2 fits
      -> [RandomForest + SMOTE Set 5] Acc: 0.9833, F1: 0.9834, Time: 6.79s
n_iterations: 4
n_required_iterations: 4
n_possible_iterations: 8
min_resources_: 6
max_resources_: 27600
aggressive_elimination: False
factor: 3
----------
iter: 0
n_candidates: 50
n_resources: 6
Fitting 1 folds for each of 50 candidates, totalling 50 fits
----------
iter: 1
n_candidates: 17
n_resources: 18
Fitting 1 folds for each of 17 candidates, totalling 17 fits
----------
iter: 2
n_candidates: 6
n_resources: 54
Fitting 1 folds for each of 6 candidates, totalling 6 fits
----------
iter: 3
n_candidates: 2
n_resources: 162
Fitting 1 folds for each of 2 candidates, totalling 2 fits
      -> [LinearSVC + SMOTE Set 5] Acc: 0.8867, F1: 0.8811, Time: 0.09s
n_iterations: 4
n_required_iterations: 4
n_possible_iterations: 8
min_resources_: 6
max_resources_: 27600
aggressive_elimination: False
factor: 3
----------
iter: 0
n_candidates: 50
n_resources: 6
Fitting 1 folds for each of 50 candidates, totalling 50 fits
----------
iter: 1
n_candidates: 17
n_resources: 18
Fitting 1 folds for each of 17 candidates, totalling 17 fits
----------
iter: 2
n_candidates: 6
n_resources: 54
Fitting 1 folds for each of 6 candidates, totalling 6 fits
----------
iter: 3
n_candidates: 2
n_resources: 162
Fitting 1 folds for each of 2 candidates, totalling 2 fits
      -> [LogisticRegression + SMOTE Set 5] Acc: 0.8900, F1: 0.8846, Time: 0.65s
      -> [RNN + SMOTE Set 5] Acc: 1.0000, F1: 1.0000, Time: 82.52s
    [=== Generating 10x synthetic data with SMOTE (Set 1, Params: {'k_neighbors': 1}) ===]
n_iterations: 4
n_required_iterations: 4
n_possible_iterations: 9
min_resources_: 6
max_resources_: 50600
aggressive_elimination: False
factor: 3
----------
iter: 0
n_candidates: 50
n_resources: 6
Fitting 1 folds for each of 50 candidates, totalling 50 fits
      -> [KNN + SMOTE Set 1] Acc: 0.9767, F1: 0.9765, Time: 0.10s
n_iterations: 4
n_required_iterations: 4
n_possible_iterations: 9
min_resources_: 6
max_resources_: 50600
aggressive_elimination: False
factor: 3
----------
iter: 0
n_candidates: 50
n_resources: 6
Fitting 1 folds for each of 50 candidates, totalling 50 fits
      -> [RandomForest + SMOTE Set 1] Acc: 0.9867, F1: 0.9867, Time: 6.91s
n_iterations: 4
n_required_iterations: 4
n_possible_iterations: 9
min_resources_: 6
max_resources_: 50600
aggressive_elimination: False
factor: 3
----------
iter: 0
n_candidates: 50
n_resources: 6
Fitting 1 folds for each of 50 candidates, totalling 50 fits
      -> [LinearSVC + SMOTE Set 1] Acc: 0.8883, F1: 0.8829, Time: 0.17s
n_iterations: 4
n_required_iterations: 4
n_possible_iterations: 9
min_resources_: 6
max_resources_: 50600
aggressive_elimination: False
factor: 3
----------
iter: 0
n_candidates: 50
n_resources: 6
Fitting 1 folds for each of 50 candidates, totalling 50 fits
      -> [LogisticRegression + SMOTE Set 1] Acc: 0.8883, F1: 0.8827, Time: 1.23s
      -> [RNN + SMOTE Set 1] Acc: 1.0000, F1: 1.0000, Time: 158.84s
    [=== Generating 10x synthetic data with SMOTE (Set 2, Params: {'k_neighbors': 2}) ===]
n_iterations: 4
n_required_iterations: 4
n_possible_iterations: 9
min_resources_: 6
max_resources_: 50600
aggressive_elimination: False
factor: 3
----------
iter: 0
n_candidates: 50
n_resources: 6
Fitting 1 folds for each of 50 candidates, totalling 50 fits
      -> [KNN + SMOTE Set 2] Acc: 0.9767, F1: 0.9765, Time: 0.11s
n_iterations: 4
n_required_iterations: 4
n_possible_iterations: 9
min_resources_: 6
max_resources_: 50600
aggressive_elimination: False
factor: 3
----------
iter: 0
n_candidates: 50
n_resources: 6
Fitting 1 folds for each of 50 candidates, totalling 50 fits
      -> [RandomForest + SMOTE Set 2] Acc: 0.9617, F1: 0.9619, Time: 7.34s
n_iterations: 4
n_required_iterations: 4
n_possible_iterations: 9
min_resources_: 6
max_resources_: 50600
aggressive_elimination: False
factor: 3
----------
iter: 0
n_candidates: 50
n_resources: 6
Fitting 1 folds for each of 50 candidates, totalling 50 fits
      -> [LinearSVC + SMOTE Set 2] Acc: 0.8883, F1: 0.8829, Time: 0.17s
n_iterations: 4
n_required_iterations: 4
n_possible_iterations: 9
min_resources_: 6
max_resources_: 50600
aggressive_elimination: False
factor: 3
----------
iter: 0
n_candidates: 50
n_resources: 6
Fitting 1 folds for each of 50 candidates, totalling 50 fits
      -> [LogisticRegression + SMOTE Set 2] Acc: 0.8933, F1: 0.8885, Time: 2.02s
      -> [RNN + SMOTE Set 2] Acc: 1.0000, F1: 1.0000, Time: 172.25s
    [=== Generating 10x synthetic data with SMOTE (Set 3, Params: {'k_neighbors': 3}) ===]
n_iterations: 4
n_required_iterations: 4
n_possible_iterations: 9
min_resources_: 6
max_resources_: 50600
aggressive_elimination: False
factor: 3
----------
iter: 0
n_candidates: 50
n_resources: 6
Fitting 1 folds for each of 50 candidates, totalling 50 fits
      -> [KNN + SMOTE Set 3] Acc: 0.9767, F1: 0.9765, Time: 0.08s
n_iterations: 4
n_required_iterations: 4
n_possible_iterations: 9
min_resources_: 6
max_resources_: 50600
aggressive_elimination: False
factor: 3
----------
iter: 0
n_candidates: 50
n_resources: 6
Fitting 1 folds for each of 50 candidates, totalling 50 fits
      -> [RandomForest + SMOTE Set 3] Acc: 0.9850, F1: 0.9851, Time: 7.36s
n_iterations: 4
n_required_iterations: 4
n_possible_iterations: 9
min_resources_: 6
max_resources_: 50600
aggressive_elimination: False
factor: 3
----------
iter: 0
n_candidates: 50
n_resources: 6
Fitting 1 folds for each of 50 candidates, totalling 50 fits
      -> [LinearSVC + SMOTE Set 3] Acc: 0.8967, F1: 0.8920, Time: 0.16s
n_iterations: 4
n_required_iterations: 4
n_possible_iterations: 9
min_resources_: 6
max_resources_: 50600
aggressive_elimination: False
factor: 3
----------
iter: 0
n_candidates: 50
n_resources: 6
Fitting 1 folds for each of 50 candidates, totalling 50 fits
      -> [LogisticRegression + SMOTE Set 3] Acc: 0.8967, F1: 0.8920, Time: 1.15s
      -> [RNN + SMOTE Set 3] Acc: 0.6667, F1: 0.5952, Time: 176.04s
    [=== Generating 10x synthetic data with SMOTE (Set 4, Params: {'k_neighbors': 4}) ===]
n_iterations: 4
n_required_iterations: 4
n_possible_iterations: 9
min_resources_: 6
max_resources_: 50600
aggressive_elimination: False
factor: 3
----------
iter: 0
n_candidates: 50
n_resources: 6
Fitting 1 folds for each of 50 candidates, totalling 50 fits
      -> [KNN + SMOTE Set 4] Acc: 0.9767, F1: 0.9765, Time: 0.10s
n_iterations: 4
n_required_iterations: 4
n_possible_iterations: 9
min_resources_: 6
max_resources_: 50600
aggressive_elimination: False
factor: 3
----------
iter: 0
n_candidates: 50
n_resources: 6
Fitting 1 folds for each of 50 candidates, totalling 50 fits
      -> [RandomForest + SMOTE Set 4] Acc: 0.9883, F1: 0.9884, Time: 7.76s
n_iterations: 4
n_required_iterations: 4
n_possible_iterations: 9
min_resources_: 6
max_resources_: 50600
aggressive_elimination: False
factor: 3
----------
iter: 0
n_candidates: 50
n_resources: 6
Fitting 1 folds for each of 50 candidates, totalling 50 fits
      -> [LinearSVC + SMOTE Set 4] Acc: 0.8917, F1: 0.8865, Time: 0.16s
n_iterations: 4
n_required_iterations: 4
n_possible_iterations: 9
min_resources_: 6
max_resources_: 50600
aggressive_elimination: False
factor: 3
----------
iter: 0
n_candidates: 50
n_resources: 6
Fitting 1 folds for each of 50 candidates, totalling 50 fits
      -> [LogisticRegression + SMOTE Set 4] Acc: 0.8950, F1: 0.8902, Time: 1.46s
      -> [RNN + SMOTE Set 4] Acc: 0.8333, F1: 0.8175, Time: 176.32s
    [=== Generating 10x synthetic data with SMOTE (Set 5, Params: {'k_neighbors': 5}) ===]
n_iterations: 4
n_required_iterations: 4
n_possible_iterations: 9
min_resources_: 6
max_resources_: 50600
aggressive_elimination: False
factor: 3
----------
iter: 0
n_candidates: 50
n_resources: 6
Fitting 1 folds for each of 50 candidates, totalling 50 fits
      -> [KNN + SMOTE Set 5] Acc: 0.9767, F1: 0.9765, Time: 0.08s
n_iterations: 4
n_required_iterations: 4
n_possible_iterations: 9
min_resources_: 6
max_resources_: 50600
aggressive_elimination: False
factor: 3
----------
iter: 0
n_candidates: 50
n_resources: 6
Fitting 1 folds for each of 50 candidates, totalling 50 fits
      -> [RandomForest + SMOTE Set 5] Acc: 0.9500, F1: 0.9505, Time: 7.73s
n_iterations: 4
n_required_iterations: 4
n_possible_iterations: 9
min_resources_: 6
max_resources_: 50600
aggressive_elimination: False
factor: 3
----------
iter: 0
n_candidates: 50
n_resources: 6
Fitting 1 folds for each of 50 candidates, totalling 50 fits
      -> [LinearSVC + SMOTE Set 5] Acc: 0.8767, F1: 0.8697, Time: 0.15s
n_iterations: 4
n_required_iterations: 4
n_possible_iterations: 9
min_resources_: 6
max_resources_: 50600
aggressive_elimination: False
factor: 3
----------
iter: 0
n_candidates: 50
n_resources: 6
Fitting 1 folds for each of 50 candidates, totalling 50 fits
      -> [LogisticRegression + SMOTE Set 5] Acc: 0.8883, F1: 0.8827, Time: 0.78s
      -> [RNN + SMOTE Set 5] Acc: 0.8333, F1: 0.8175, Time: 177.94s

    >> Seed Fold Selection: 10/10
    Evaluating Model: KNN
      -> [Baseline] Acc: 0.9733, F1: 0.9731, Time: 0.04s
      HP Tuning KNN...
n_iterations: 4
n_required_iterations: 4
n_possible_iterations: 5
min_resources_: 30
max_resources_: 4600
aggressive_elimination: False
factor: 3
----------
iter: 0
n_candidates: 50
n_resources: 30
Fitting 5 folds for each of 50 candidates, totalling 250 fits
----------
iter: 1
n_candidates: 17
n_resources: 90
Fitting 5 folds for each of 17 candidates, totalling 85 fits
----------
iter: 2
n_candidates: 6
n_resources: 270
Fitting 5 folds for each of 6 candidates, totalling 30 fits
----------
iter: 3
n_candidates: 2
n_resources: 810
Fitting 5 folds for each of 2 candidates, totalling 10 fits
      -> [Tuned_Baseline] Acc: 0.8867, F1: 0.8808, Time: 0.00s
    Evaluating Model: RandomForest
      -> [Baseline] Acc: 0.9667, F1: 0.9666, Time: 0.81s
      HP Tuning RandomForest...
n_iterations: 4
n_required_iterations: 4
n_possible_iterations: 5
min_resources_: 30
max_resources_: 4600
aggressive_elimination: False
factor: 3
----------
iter: 0
n_candidates: 50
n_resources: 30
Fitting 5 folds for each of 50 candidates, totalling 250 fits
----------
iter: 1
n_candidates: 17
n_resources: 90
Fitting 5 folds for each of 17 candidates, totalling 85 fits
----------
iter: 2
n_candidates: 6
n_resources: 270
Fitting 5 folds for each of 6 candidates, totalling 30 fits
----------
iter: 3
n_candidates: 2
n_resources: 810
Fitting 5 folds for each of 2 candidates, totalling 10 fits
      -> [Tuned_Baseline] Acc: 0.9667, F1: 0.9666, Time: 0.01s
    Evaluating Model: LinearSVC
      -> [Baseline] Acc: 0.8333, F1: 0.8180, Time: 0.02s
      HP Tuning LinearSVC...
n_iterations: 4
n_required_iterations: 4
n_possible_iterations: 5
min_resources_: 30
max_resources_: 4600
aggressive_elimination: False
factor: 3
----------
iter: 0
n_candidates: 50
n_resources: 30
Fitting 5 folds for each of 50 candidates, totalling 250 fits
----------
iter: 1
n_candidates: 17
n_resources: 90
Fitting 5 folds for each of 17 candidates, totalling 85 fits
----------
iter: 2
n_candidates: 6
n_resources: 270
Fitting 5 folds for each of 6 candidates, totalling 30 fits
----------
iter: 3
n_candidates: 2
n_resources: 810
Fitting 5 folds for each of 2 candidates, totalling 10 fits
      -> [Tuned_Baseline] Acc: 0.8333, F1: 0.8175, Time: 0.00s
    Evaluating Model: LogisticRegression
      -> [Baseline] Acc: 0.8600, F1: 0.8504, Time: 0.82s
      HP Tuning LogisticRegression...
n_iterations: 4
n_required_iterations: 4
n_possible_iterations: 5
min_resources_: 30
max_resources_: 4600
aggressive_elimination: False
factor: 3
----------
iter: 0
n_candidates: 50
n_resources: 30
Fitting 5 folds for each of 50 candidates, totalling 250 fits
----------
iter: 1
n_candidates: 17
n_resources: 90
Fitting 5 folds for each of 17 candidates, totalling 85 fits
----------
iter: 2
n_candidates: 6
n_resources: 270
Fitting 5 folds for each of 6 candidates, totalling 30 fits
----------
iter: 3
n_candidates: 2
n_resources: 810
Fitting 5 folds for each of 2 candidates, totalling 10 fits
      -> [Tuned_Baseline] Acc: 0.8733, F1: 0.8659, Time: 0.00s
    Evaluating Model: RNN
      -> [Baseline] Acc: 0.6667, F1: 0.6667, Time: 3.55s
      HP Tuning RNN...
n_iterations: 2
n_required_iterations: 2
n_possible_iterations: 2
min_resources_: 10
max_resources_: 46
aggressive_elimination: False
factor: 3
----------
iter: 0
n_candidates: 4
n_resources: 10
Fitting 5 folds for each of 4 candidates, totalling 20 fits
----------
iter: 1
n_candidates: 2
n_resources: 30
Fitting 5 folds for each of 2 candidates, totalling 10 fits
      -> [Tuned_Baseline] Acc: 1.0000, F1: 1.0000, Time: 0.02s
    [=== Generating 2x synthetic data with SMOTE (Set 1, Params: {'k_neighbors': 1}) ===]
n_iterations: 4
n_required_iterations: 4
n_possible_iterations: 8
min_resources_: 6
max_resources_: 13800
aggressive_elimination: False
factor: 3
----------
iter: 0
n_candidates: 50
n_resources: 6
Fitting 1 folds for each of 50 candidates, totalling 50 fits
----------
iter: 1
n_candidates: 17
n_resources: 18
Fitting 1 folds for each of 17 candidates, totalling 17 fits
----------
iter: 2
n_candidates: 6
n_resources: 54
Fitting 1 folds for each of 6 candidates, totalling 6 fits
----------
iter: 3
n_candidates: 2
n_resources: 162
Fitting 1 folds for each of 2 candidates, totalling 2 fits
      -> [KNN + SMOTE Set 1] Acc: 0.9733, F1: 0.9731, Time: 0.02s
n_iterations: 4
n_required_iterations: 4
n_possible_iterations: 8
min_resources_: 6
max_resources_: 13800
aggressive_elimination: False
factor: 3
----------
iter: 0
n_candidates: 50
n_resources: 6
Fitting 1 folds for each of 50 candidates, totalling 50 fits
----------
iter: 1
n_candidates: 17
n_resources: 18
Fitting 1 folds for each of 17 candidates, totalling 17 fits
----------
iter: 2
n_candidates: 6
n_resources: 54
Fitting 1 folds for each of 6 candidates, totalling 6 fits
----------
iter: 3
n_candidates: 2
n_resources: 162
Fitting 1 folds for each of 2 candidates, totalling 2 fits
      -> [RandomForest + SMOTE Set 1] Acc: 0.9383, F1: 0.9386, Time: 0.77s
n_iterations: 4
n_required_iterations: 4
n_possible_iterations: 8
min_resources_: 6
max_resources_: 13800
aggressive_elimination: False
factor: 3
----------
iter: 0
n_candidates: 50
n_resources: 6
Fitting 1 folds for each of 50 candidates, totalling 50 fits
----------
iter: 1
n_candidates: 17
n_resources: 18
Fitting 1 folds for each of 17 candidates, totalling 17 fits
----------
iter: 2
n_candidates: 6
n_resources: 54
Fitting 1 folds for each of 6 candidates, totalling 6 fits
----------
iter: 3
n_candidates: 2
n_resources: 162
Fitting 1 folds for each of 2 candidates, totalling 2 fits
      -> [LinearSVC + SMOTE Set 1] Acc: 0.8317, F1: 0.8159, Time: 0.08s
n_iterations: 4
n_required_iterations: 4
n_possible_iterations: 8
min_resources_: 6
max_resources_: 13800
aggressive_elimination: False
factor: 3
----------
iter: 0
n_candidates: 50
n_resources: 6
Fitting 1 folds for each of 50 candidates, totalling 50 fits
----------
iter: 1
n_candidates: 17
n_resources: 18
Fitting 1 folds for each of 17 candidates, totalling 17 fits
----------
iter: 2
n_candidates: 6
n_resources: 54
Fitting 1 folds for each of 6 candidates, totalling 6 fits
----------
iter: 3
n_candidates: 2
n_resources: 162
Fitting 1 folds for each of 2 candidates, totalling 2 fits
      -> [LogisticRegression + SMOTE Set 1] Acc: 0.8633, F1: 0.8543, Time: 0.27s
      -> [RNN + SMOTE Set 1] Acc: 0.6667, F1: 0.5952, Time: 26.15s
    [=== Generating 2x synthetic data with SMOTE (Set 2, Params: {'k_neighbors': 2}) ===]
n_iterations: 4
n_required_iterations: 4
n_possible_iterations: 8
min_resources_: 6
max_resources_: 13800
aggressive_elimination: False
factor: 3
----------
iter: 0
n_candidates: 50
n_resources: 6
Fitting 1 folds for each of 50 candidates, totalling 50 fits
----------
iter: 1
n_candidates: 17
n_resources: 18
Fitting 1 folds for each of 17 candidates, totalling 17 fits
----------
iter: 2
n_candidates: 6
n_resources: 54
Fitting 1 folds for each of 6 candidates, totalling 6 fits
----------
iter: 3
n_candidates: 2
n_resources: 162
Fitting 1 folds for each of 2 candidates, totalling 2 fits
      -> [KNN + SMOTE Set 2] Acc: 0.8900, F1: 0.8846, Time: 0.03s
n_iterations: 4
n_required_iterations: 4
n_possible_iterations: 8
min_resources_: 6
max_resources_: 13800
aggressive_elimination: False
factor: 3
----------
iter: 0
n_candidates: 50
n_resources: 6
Fitting 1 folds for each of 50 candidates, totalling 50 fits
----------
iter: 1
n_candidates: 17
n_resources: 18
Fitting 1 folds for each of 17 candidates, totalling 17 fits
----------
iter: 2
n_candidates: 6
n_resources: 54
Fitting 1 folds for each of 6 candidates, totalling 6 fits
----------
iter: 3
n_candidates: 2
n_resources: 162
Fitting 1 folds for each of 2 candidates, totalling 2 fits
      -> [RandomForest + SMOTE Set 2] Acc: 0.9667, F1: 0.9666, Time: 1.97s
n_iterations: 4
n_required_iterations: 4
n_possible_iterations: 8
min_resources_: 6
max_resources_: 13800
aggressive_elimination: False
factor: 3
----------
iter: 0
n_candidates: 50
n_resources: 6
Fitting 1 folds for each of 50 candidates, totalling 50 fits
----------
iter: 1
n_candidates: 17
n_resources: 18
Fitting 1 folds for each of 17 candidates, totalling 17 fits
----------
iter: 2
n_candidates: 6
n_resources: 54
Fitting 1 folds for each of 6 candidates, totalling 6 fits
----------
iter: 3
n_candidates: 2
n_resources: 162
Fitting 1 folds for each of 2 candidates, totalling 2 fits
      -> [LinearSVC + SMOTE Set 2] Acc: 0.8317, F1: 0.8159, Time: 0.07s
n_iterations: 4
n_required_iterations: 4
n_possible_iterations: 8
min_resources_: 6
max_resources_: 13800
aggressive_elimination: False
factor: 3
----------
iter: 0
n_candidates: 50
n_resources: 6
Fitting 1 folds for each of 50 candidates, totalling 50 fits
----------
iter: 1
n_candidates: 17
n_resources: 18
Fitting 1 folds for each of 17 candidates, totalling 17 fits
----------
iter: 2
n_candidates: 6
n_resources: 54
Fitting 1 folds for each of 6 candidates, totalling 6 fits
----------
iter: 3
n_candidates: 2
n_resources: 162
Fitting 1 folds for each of 2 candidates, totalling 2 fits
      -> [LogisticRegression + SMOTE Set 2] Acc: 0.8867, F1: 0.8811, Time: 0.24s
      -> [RNN + SMOTE Set 2] Acc: 1.0000, F1: 1.0000, Time: 21.01s
    [=== Generating 2x synthetic data with SMOTE (Set 3, Params: {'k_neighbors': 3}) ===]
n_iterations: 4
n_required_iterations: 4
n_possible_iterations: 8
min_resources_: 6
max_resources_: 13800
aggressive_elimination: False
factor: 3
----------
iter: 0
n_candidates: 50
n_resources: 6
Fitting 1 folds for each of 50 candidates, totalling 50 fits
----------
iter: 1
n_candidates: 17
n_resources: 18
Fitting 1 folds for each of 17 candidates, totalling 17 fits
----------
iter: 2
n_candidates: 6
n_resources: 54
Fitting 1 folds for each of 6 candidates, totalling 6 fits
----------
iter: 3
n_candidates: 2
n_resources: 162
Fitting 1 folds for each of 2 candidates, totalling 2 fits
      -> [KNN + SMOTE Set 3] Acc: 0.9733, F1: 0.9731, Time: 0.02s
n_iterations: 4
n_required_iterations: 4
n_possible_iterations: 8
min_resources_: 6
max_resources_: 13800
aggressive_elimination: False
factor: 3
----------
iter: 0
n_candidates: 50
n_resources: 6
Fitting 1 folds for each of 50 candidates, totalling 50 fits
----------
iter: 1
n_candidates: 17
n_resources: 18
Fitting 1 folds for each of 17 candidates, totalling 17 fits
----------
iter: 2
n_candidates: 6
n_resources: 54
Fitting 1 folds for each of 6 candidates, totalling 6 fits
----------
iter: 3
n_candidates: 2
n_resources: 162
Fitting 1 folds for each of 2 candidates, totalling 2 fits
      -> [RandomForest + SMOTE Set 3] Acc: 0.8767, F1: 0.8783, Time: 2.28s
n_iterations: 4
n_required_iterations: 4
n_possible_iterations: 8
min_resources_: 6
max_resources_: 13800
aggressive_elimination: False
factor: 3
----------
iter: 0
n_candidates: 50
n_resources: 6
Fitting 1 folds for each of 50 candidates, totalling 50 fits
----------
iter: 1
n_candidates: 17
n_resources: 18
Fitting 1 folds for each of 17 candidates, totalling 17 fits
----------
iter: 2
n_candidates: 6
n_resources: 54
Fitting 1 folds for each of 6 candidates, totalling 6 fits
----------
iter: 3
n_candidates: 2
n_resources: 162
Fitting 1 folds for each of 2 candidates, totalling 2 fits
      -> [LinearSVC + SMOTE Set 3] Acc: 0.8300, F1: 0.8133, Time: 0.03s
n_iterations: 4
n_required_iterations: 4
n_possible_iterations: 8
min_resources_: 6
max_resources_: 13800
aggressive_elimination: False
factor: 3
----------
iter: 0
n_candidates: 50
n_resources: 6
Fitting 1 folds for each of 50 candidates, totalling 50 fits
----------
iter: 1
n_candidates: 17
n_resources: 18
Fitting 1 folds for each of 17 candidates, totalling 17 fits
----------
iter: 2
n_candidates: 6
n_resources: 54
Fitting 1 folds for each of 6 candidates, totalling 6 fits
----------
iter: 3
n_candidates: 2
n_resources: 162
Fitting 1 folds for each of 2 candidates, totalling 2 fits
      -> [LogisticRegression + SMOTE Set 3] Acc: 0.8817, F1: 0.8752, Time: 0.22s
      -> [RNN + SMOTE Set 3] Acc: 0.8333, F1: 0.8175, Time: 26.19s
    [=== Generating 2x synthetic data with SMOTE (Set 4, Params: {'k_neighbors': 4}) ===]
n_iterations: 4
n_required_iterations: 4
n_possible_iterations: 8
min_resources_: 6
max_resources_: 13800
aggressive_elimination: False
factor: 3
----------
iter: 0
n_candidates: 50
n_resources: 6
Fitting 1 folds for each of 50 candidates, totalling 50 fits
----------
iter: 1
n_candidates: 17
n_resources: 18
Fitting 1 folds for each of 17 candidates, totalling 17 fits
----------
iter: 2
n_candidates: 6
n_resources: 54
Fitting 1 folds for each of 6 candidates, totalling 6 fits
----------
iter: 3
n_candidates: 2
n_resources: 162
Fitting 1 folds for each of 2 candidates, totalling 2 fits
      -> [KNN + SMOTE Set 4] Acc: 0.9733, F1: 0.9731, Time: 0.02s
n_iterations: 4
n_required_iterations: 4
n_possible_iterations: 8
min_resources_: 6
max_resources_: 13800
aggressive_elimination: False
factor: 3
----------
iter: 0
n_candidates: 50
n_resources: 6
Fitting 1 folds for each of 50 candidates, totalling 50 fits
----------
iter: 1
n_candidates: 17
n_resources: 18
Fitting 1 folds for each of 17 candidates, totalling 17 fits
----------
iter: 2
n_candidates: 6
n_resources: 54
Fitting 1 folds for each of 6 candidates, totalling 6 fits
----------
iter: 3
n_candidates: 2
n_resources: 162
Fitting 1 folds for each of 2 candidates, totalling 2 fits
      -> [RandomForest + SMOTE Set 4] Acc: 0.9400, F1: 0.9403, Time: 0.65s
n_iterations: 4
n_required_iterations: 4
n_possible_iterations: 8
min_resources_: 6
max_resources_: 13800
aggressive_elimination: False
factor: 3
----------
iter: 0
n_candidates: 50
n_resources: 6
Fitting 1 folds for each of 50 candidates, totalling 50 fits
----------
iter: 1
n_candidates: 17
n_resources: 18
Fitting 1 folds for each of 17 candidates, totalling 17 fits
----------
iter: 2
n_candidates: 6
n_resources: 54
Fitting 1 folds for each of 6 candidates, totalling 6 fits
----------
iter: 3
n_candidates: 2
n_resources: 162
Fitting 1 folds for each of 2 candidates, totalling 2 fits
      -> [LinearSVC + SMOTE Set 4] Acc: 0.8483, F1: 0.8364, Time: 0.07s
n_iterations: 4
n_required_iterations: 4
n_possible_iterations: 8
min_resources_: 6
max_resources_: 13800
aggressive_elimination: False
factor: 3
----------
iter: 0
n_candidates: 50
n_resources: 6
Fitting 1 folds for each of 50 candidates, totalling 50 fits
----------
iter: 1
n_candidates: 17
n_resources: 18
Fitting 1 folds for each of 17 candidates, totalling 17 fits
----------
iter: 2
n_candidates: 6
n_resources: 54
Fitting 1 folds for each of 6 candidates, totalling 6 fits
----------
iter: 3
n_candidates: 2
n_resources: 162
Fitting 1 folds for each of 2 candidates, totalling 2 fits
      -> [LogisticRegression + SMOTE Set 4] Acc: 0.8967, F1: 0.8920, Time: 0.23s
      -> [RNN + SMOTE Set 4] Acc: 0.5000, F1: 0.3750, Time: 26.82s
    [=== Generating 2x synthetic data with SMOTE (Set 5, Params: {'k_neighbors': 5}) ===]
n_iterations: 4
n_required_iterations: 4
n_possible_iterations: 8
min_resources_: 6
max_resources_: 13800
aggressive_elimination: False
factor: 3
----------
iter: 0
n_candidates: 50
n_resources: 6
Fitting 1 folds for each of 50 candidates, totalling 50 fits
----------
iter: 1
n_candidates: 17
n_resources: 18
Fitting 1 folds for each of 17 candidates, totalling 17 fits
----------
iter: 2
n_candidates: 6
n_resources: 54
Fitting 1 folds for each of 6 candidates, totalling 6 fits
----------
iter: 3
n_candidates: 2
n_resources: 162
Fitting 1 folds for each of 2 candidates, totalling 2 fits
      -> [KNN + SMOTE Set 5] Acc: 0.9733, F1: 0.9731, Time: 0.02s
n_iterations: 4
n_required_iterations: 4
n_possible_iterations: 8
min_resources_: 6
max_resources_: 13800
aggressive_elimination: False
factor: 3
----------
iter: 0
n_candidates: 50
n_resources: 6
Fitting 1 folds for each of 50 candidates, totalling 50 fits
----------
iter: 1
n_candidates: 17
n_resources: 18
Fitting 1 folds for each of 17 candidates, totalling 17 fits
----------
iter: 2
n_candidates: 6
n_resources: 54
Fitting 1 folds for each of 6 candidates, totalling 6 fits
----------
iter: 3
n_candidates: 2
n_resources: 162
Fitting 1 folds for each of 2 candidates, totalling 2 fits
      -> [RandomForest + SMOTE Set 5] Acc: 0.8933, F1: 0.8944, Time: 0.66s
n_iterations: 4
n_required_iterations: 4
n_possible_iterations: 8
min_resources_: 6
max_resources_: 13800
aggressive_elimination: False
factor: 3
----------
iter: 0
n_candidates: 50
n_resources: 6
Fitting 1 folds for each of 50 candidates, totalling 50 fits
----------
iter: 1
n_candidates: 17
n_resources: 18
Fitting 1 folds for each of 17 candidates, totalling 17 fits
----------
iter: 2
n_candidates: 6
n_resources: 54
Fitting 1 folds for each of 6 candidates, totalling 6 fits
----------
iter: 3
n_candidates: 2
n_resources: 162
Fitting 1 folds for each of 2 candidates, totalling 2 fits
      -> [LinearSVC + SMOTE Set 5] Acc: 0.8300, F1: 0.8138, Time: 0.08s
n_iterations: 4
n_required_iterations: 4
n_possible_iterations: 8
min_resources_: 6
max_resources_: 13800
aggressive_elimination: False
factor: 3
----------
iter: 0
n_candidates: 50
n_resources: 6
Fitting 1 folds for each of 50 candidates, totalling 50 fits
----------
iter: 1
n_candidates: 17
n_resources: 18
Fitting 1 folds for each of 17 candidates, totalling 17 fits
----------
iter: 2
n_candidates: 6
n_resources: 54
Fitting 1 folds for each of 6 candidates, totalling 6 fits
----------
iter: 3
n_candidates: 2
n_resources: 162
Fitting 1 folds for each of 2 candidates, totalling 2 fits
      -> [LogisticRegression + SMOTE Set 5] Acc: 0.7850, F1: 0.7491, Time: 0.08s
      -> [RNN + SMOTE Set 5] Acc: 1.0000, F1: 1.0000, Time: 25.75s
    [=== Generating 3x synthetic data with SMOTE (Set 1, Params: {'k_neighbors': 1}) ===]
n_iterations: 4
n_required_iterations: 4
n_possible_iterations: 8
min_resources_: 6
max_resources_: 18400
aggressive_elimination: False
factor: 3
----------
iter: 0
n_candidates: 50
n_resources: 6
Fitting 1 folds for each of 50 candidates, totalling 50 fits
----------
iter: 1
n_candidates: 17
n_resources: 18
Fitting 1 folds for each of 17 candidates, totalling 17 fits
----------
iter: 2
n_candidates: 6
n_resources: 54
Fitting 1 folds for each of 6 candidates, totalling 6 fits
----------
iter: 3
n_candidates: 2
n_resources: 162
Fitting 1 folds for each of 2 candidates, totalling 2 fits
      -> [KNN + SMOTE Set 1] Acc: 0.9100, F1: 0.9067, Time: 0.06s
n_iterations: 4
n_required_iterations: 4
n_possible_iterations: 8
min_resources_: 6
max_resources_: 18400
aggressive_elimination: False
factor: 3
----------
iter: 0
n_candidates: 50
n_resources: 6
Fitting 1 folds for each of 50 candidates, totalling 50 fits
----------
iter: 1
n_candidates: 17
n_resources: 18
Fitting 1 folds for each of 17 candidates, totalling 17 fits
----------
iter: 2
n_candidates: 6
n_resources: 54
Fitting 1 folds for each of 6 candidates, totalling 6 fits
----------
iter: 3
n_candidates: 2
n_resources: 162
Fitting 1 folds for each of 2 candidates, totalling 2 fits
      -> [RandomForest + SMOTE Set 1] Acc: 0.9133, F1: 0.9141, Time: 1.22s
n_iterations: 4
n_required_iterations: 4
n_possible_iterations: 8
min_resources_: 6
max_resources_: 18400
aggressive_elimination: False
factor: 3
----------
iter: 0
n_candidates: 50
n_resources: 6
Fitting 1 folds for each of 50 candidates, totalling 50 fits
----------
iter: 1
n_candidates: 17
n_resources: 18
Fitting 1 folds for each of 17 candidates, totalling 17 fits
----------
iter: 2
n_candidates: 6
n_resources: 54
Fitting 1 folds for each of 6 candidates, totalling 6 fits
----------
iter: 3
n_candidates: 2
n_resources: 162
Fitting 1 folds for each of 2 candidates, totalling 2 fits
      -> [LinearSVC + SMOTE Set 1] Acc: 0.8267, F1: 0.8096, Time: 0.12s
n_iterations: 4
n_required_iterations: 4
n_possible_iterations: 8
min_resources_: 6
max_resources_: 18400
aggressive_elimination: False
factor: 3
----------
iter: 0
n_candidates: 50
n_resources: 6
Fitting 1 folds for each of 50 candidates, totalling 50 fits
----------
iter: 1
n_candidates: 17
n_resources: 18
Fitting 1 folds for each of 17 candidates, totalling 17 fits
----------
iter: 2
n_candidates: 6
n_resources: 54
Fitting 1 folds for each of 6 candidates, totalling 6 fits
----------
iter: 3
n_candidates: 2
n_resources: 162
Fitting 1 folds for each of 2 candidates, totalling 2 fits
      -> [LogisticRegression + SMOTE Set 1] Acc: 0.8550, F1: 0.8440, Time: 0.39s
      -> [RNN + SMOTE Set 1] Acc: 0.5000, F1: 0.3750, Time: 51.33s
    [=== Generating 3x synthetic data with SMOTE (Set 2, Params: {'k_neighbors': 2}) ===]
n_iterations: 4
n_required_iterations: 4
n_possible_iterations: 8
min_resources_: 6
max_resources_: 18400
aggressive_elimination: False
factor: 3
----------
iter: 0
n_candidates: 50
n_resources: 6
Fitting 1 folds for each of 50 candidates, totalling 50 fits
----------
iter: 1
n_candidates: 17
n_resources: 18
Fitting 1 folds for each of 17 candidates, totalling 17 fits
----------
iter: 2
n_candidates: 6
n_resources: 54
Fitting 1 folds for each of 6 candidates, totalling 6 fits
----------
iter: 3
n_candidates: 2
n_resources: 162
Fitting 1 folds for each of 2 candidates, totalling 2 fits
      -> [KNN + SMOTE Set 2] Acc: 0.8900, F1: 0.8846, Time: 0.05s
n_iterations: 4
n_required_iterations: 4
n_possible_iterations: 8
min_resources_: 6
max_resources_: 18400
aggressive_elimination: False
factor: 3
----------
iter: 0
n_candidates: 50
n_resources: 6
Fitting 1 folds for each of 50 candidates, totalling 50 fits
----------
iter: 1
n_candidates: 17
n_resources: 18
Fitting 1 folds for each of 17 candidates, totalling 17 fits
----------
iter: 2
n_candidates: 6
n_resources: 54
Fitting 1 folds for each of 6 candidates, totalling 6 fits
----------
iter: 3
n_candidates: 2
n_resources: 162
Fitting 1 folds for each of 2 candidates, totalling 2 fits
      -> [RandomForest + SMOTE Set 2] Acc: 0.9683, F1: 0.9682, Time: 0.96s
n_iterations: 4
n_required_iterations: 4
n_possible_iterations: 8
min_resources_: 6
max_resources_: 18400
aggressive_elimination: False
factor: 3
----------
iter: 0
n_candidates: 50
n_resources: 6
Fitting 1 folds for each of 50 candidates, totalling 50 fits
----------
iter: 1
n_candidates: 17
n_resources: 18
Fitting 1 folds for each of 17 candidates, totalling 17 fits
----------
iter: 2
n_candidates: 6
n_resources: 54
Fitting 1 folds for each of 6 candidates, totalling 6 fits
----------
iter: 3
n_candidates: 2
n_resources: 162
Fitting 1 folds for each of 2 candidates, totalling 2 fits
      -> [LinearSVC + SMOTE Set 2] Acc: 0.8317, F1: 0.8159, Time: 0.10s
n_iterations: 4
n_required_iterations: 4
n_possible_iterations: 8
min_resources_: 6
max_resources_: 18400
aggressive_elimination: False
factor: 3
----------
iter: 0
n_candidates: 50
n_resources: 6
Fitting 1 folds for each of 50 candidates, totalling 50 fits
----------
iter: 1
n_candidates: 17
n_resources: 18
Fitting 1 folds for each of 17 candidates, totalling 17 fits
----------
iter: 2
n_candidates: 6
n_resources: 54
Fitting 1 folds for each of 6 candidates, totalling 6 fits
----------
iter: 3
n_candidates: 2
n_resources: 162
Fitting 1 folds for each of 2 candidates, totalling 2 fits
      -> [LogisticRegression + SMOTE Set 2] Acc: 0.8833, F1: 0.8771, Time: 0.35s
      -> [RNN + SMOTE Set 2] Acc: 0.8333, F1: 0.8333, Time: 51.48s
    [=== Generating 3x synthetic data with SMOTE (Set 3, Params: {'k_neighbors': 3}) ===]
n_iterations: 4
n_required_iterations: 4
n_possible_iterations: 8
min_resources_: 6
max_resources_: 18400
aggressive_elimination: False
factor: 3
----------
iter: 0
n_candidates: 50
n_resources: 6
Fitting 1 folds for each of 50 candidates, totalling 50 fits
----------
iter: 1
n_candidates: 17
n_resources: 18
Fitting 1 folds for each of 17 candidates, totalling 17 fits
----------
iter: 2
n_candidates: 6
n_resources: 54
Fitting 1 folds for each of 6 candidates, totalling 6 fits
----------
iter: 3
n_candidates: 2
n_resources: 162
Fitting 1 folds for each of 2 candidates, totalling 2 fits
      -> [KNN + SMOTE Set 3] Acc: 0.9100, F1: 0.9067, Time: 0.04s
n_iterations: 4
n_required_iterations: 4
n_possible_iterations: 8
min_resources_: 6
max_resources_: 18400
aggressive_elimination: False
factor: 3
----------
iter: 0
n_candidates: 50
n_resources: 6
Fitting 1 folds for each of 50 candidates, totalling 50 fits
----------
iter: 1
n_candidates: 17
n_resources: 18
Fitting 1 folds for each of 17 candidates, totalling 17 fits
----------
iter: 2
n_candidates: 6
n_resources: 54
Fitting 1 folds for each of 6 candidates, totalling 6 fits
----------
iter: 3
n_candidates: 2
n_resources: 162
Fitting 1 folds for each of 2 candidates, totalling 2 fits
      -> [RandomForest + SMOTE Set 3] Acc: 0.9400, F1: 0.9403, Time: 0.95s
n_iterations: 4
n_required_iterations: 4
n_possible_iterations: 8
min_resources_: 6
max_resources_: 18400
aggressive_elimination: False
factor: 3
----------
iter: 0
n_candidates: 50
n_resources: 6
Fitting 1 folds for each of 50 candidates, totalling 50 fits
----------
iter: 1
n_candidates: 17
n_resources: 18
Fitting 1 folds for each of 17 candidates, totalling 17 fits
----------
iter: 2
n_candidates: 6
n_resources: 54
Fitting 1 folds for each of 6 candidates, totalling 6 fits
----------
iter: 3
n_candidates: 2
n_resources: 162
Fitting 1 folds for each of 2 candidates, totalling 2 fits
      -> [LinearSVC + SMOTE Set 3] Acc: 0.8283, F1: 0.8117, Time: 0.10s
n_iterations: 4
n_required_iterations: 4
n_possible_iterations: 8
min_resources_: 6
max_resources_: 18400
aggressive_elimination: False
factor: 3
----------
iter: 0
n_candidates: 50
n_resources: 6
Fitting 1 folds for each of 50 candidates, totalling 50 fits
----------
iter: 1
n_candidates: 17
n_resources: 18
Fitting 1 folds for each of 17 candidates, totalling 17 fits
----------
iter: 2
n_candidates: 6
n_resources: 54
Fitting 1 folds for each of 6 candidates, totalling 6 fits
----------
iter: 3
n_candidates: 2
n_resources: 162
Fitting 1 folds for each of 2 candidates, totalling 2 fits
      -> [LogisticRegression + SMOTE Set 3] Acc: 0.8850, F1: 0.8792, Time: 0.31s
      -> [RNN + SMOTE Set 3] Acc: 0.8333, F1: 0.8175, Time: 51.20s
    [=== Generating 3x synthetic data with SMOTE (Set 4, Params: {'k_neighbors': 4}) ===]
n_iterations: 4
n_required_iterations: 4
n_possible_iterations: 8
min_resources_: 6
max_resources_: 18400
aggressive_elimination: False
factor: 3
----------
iter: 0
n_candidates: 50
n_resources: 6
Fitting 1 folds for each of 50 candidates, totalling 50 fits
----------
iter: 1
n_candidates: 17
n_resources: 18
Fitting 1 folds for each of 17 candidates, totalling 17 fits
----------
iter: 2
n_candidates: 6
n_resources: 54
Fitting 1 folds for each of 6 candidates, totalling 6 fits
----------
iter: 3
n_candidates: 2
n_resources: 162
Fitting 1 folds for each of 2 candidates, totalling 2 fits
      -> [KNN + SMOTE Set 4] Acc: 0.9733, F1: 0.9731, Time: 0.02s
n_iterations: 4
n_required_iterations: 4
n_possible_iterations: 8
min_resources_: 6
max_resources_: 18400
aggressive_elimination: False
factor: 3
----------
iter: 0
n_candidates: 50
n_resources: 6
Fitting 1 folds for each of 50 candidates, totalling 50 fits
----------
iter: 1
n_candidates: 17
n_resources: 18
Fitting 1 folds for each of 17 candidates, totalling 17 fits
----------
iter: 2
n_candidates: 6
n_resources: 54
Fitting 1 folds for each of 6 candidates, totalling 6 fits
----------
iter: 3
n_candidates: 2
n_resources: 162
Fitting 1 folds for each of 2 candidates, totalling 2 fits
      -> [RandomForest + SMOTE Set 4] Acc: 0.9783, F1: 0.9782, Time: 1.00s
n_iterations: 4
n_required_iterations: 4
n_possible_iterations: 8
min_resources_: 6
max_resources_: 18400
aggressive_elimination: False
factor: 3
----------
iter: 0
n_candidates: 50
n_resources: 6
Fitting 1 folds for each of 50 candidates, totalling 50 fits
----------
iter: 1
n_candidates: 17
n_resources: 18
Fitting 1 folds for each of 17 candidates, totalling 17 fits
----------
iter: 2
n_candidates: 6
n_resources: 54
Fitting 1 folds for each of 6 candidates, totalling 6 fits
----------
iter: 3
n_candidates: 2
n_resources: 162
Fitting 1 folds for each of 2 candidates, totalling 2 fits
      -> [LinearSVC + SMOTE Set 4] Acc: 0.8833, F1: 0.8771, Time: 0.11s
n_iterations: 4
n_required_iterations: 4
n_possible_iterations: 8
min_resources_: 6
max_resources_: 18400
aggressive_elimination: False
factor: 3
----------
iter: 0
n_candidates: 50
n_resources: 6
Fitting 1 folds for each of 50 candidates, totalling 50 fits
----------
iter: 1
n_candidates: 17
n_resources: 18
Fitting 1 folds for each of 17 candidates, totalling 17 fits
----------
iter: 2
n_candidates: 6
n_resources: 54
Fitting 1 folds for each of 6 candidates, totalling 6 fits
----------
iter: 3
n_candidates: 2
n_resources: 162
Fitting 1 folds for each of 2 candidates, totalling 2 fits
      -> [LogisticRegression + SMOTE Set 4] Acc: 0.8933, F1: 0.8888, Time: 0.31s
      -> [RNN + SMOTE Set 4] Acc: 1.0000, F1: 1.0000, Time: 46.30s
    [=== Generating 3x synthetic data with SMOTE (Set 5, Params: {'k_neighbors': 5}) ===]
n_iterations: 4
n_required_iterations: 4
n_possible_iterations: 8
min_resources_: 6
max_resources_: 18400
aggressive_elimination: False
factor: 3
----------
iter: 0
n_candidates: 50
n_resources: 6
Fitting 1 folds for each of 50 candidates, totalling 50 fits
----------
iter: 1
n_candidates: 17
n_resources: 18
Fitting 1 folds for each of 17 candidates, totalling 17 fits
----------
iter: 2
n_candidates: 6
n_resources: 54
Fitting 1 folds for each of 6 candidates, totalling 6 fits
----------
iter: 3
n_candidates: 2
n_resources: 162
Fitting 1 folds for each of 2 candidates, totalling 2 fits
      -> [KNN + SMOTE Set 5] Acc: 0.9100, F1: 0.9067, Time: 0.06s
n_iterations: 4
n_required_iterations: 4
n_possible_iterations: 8
min_resources_: 6
max_resources_: 18400
aggressive_elimination: False
factor: 3
----------
iter: 0
n_candidates: 50
n_resources: 6
Fitting 1 folds for each of 50 candidates, totalling 50 fits
----------
iter: 1
n_candidates: 17
n_resources: 18
Fitting 1 folds for each of 17 candidates, totalling 17 fits
----------
iter: 2
n_candidates: 6
n_resources: 54
Fitting 1 folds for each of 6 candidates, totalling 6 fits
----------
iter: 3
n_candidates: 2
n_resources: 162
Fitting 1 folds for each of 2 candidates, totalling 2 fits
      -> [RandomForest + SMOTE Set 5] Acc: 0.9600, F1: 0.9600, Time: 3.10s
n_iterations: 4
n_required_iterations: 4
n_possible_iterations: 8
min_resources_: 6
max_resources_: 18400
aggressive_elimination: False
factor: 3
----------
iter: 0
n_candidates: 50
n_resources: 6
Fitting 1 folds for each of 50 candidates, totalling 50 fits
----------
iter: 1
n_candidates: 17
n_resources: 18
Fitting 1 folds for each of 17 candidates, totalling 17 fits
----------
iter: 2
n_candidates: 6
n_resources: 54
Fitting 1 folds for each of 6 candidates, totalling 6 fits
----------
iter: 3
n_candidates: 2
n_resources: 162
Fitting 1 folds for each of 2 candidates, totalling 2 fits
      -> [LinearSVC + SMOTE Set 5] Acc: 0.8317, F1: 0.8159, Time: 0.10s
n_iterations: 4
n_required_iterations: 4
n_possible_iterations: 8
min_resources_: 6
max_resources_: 18400
aggressive_elimination: False
factor: 3
----------
iter: 0
n_candidates: 50
n_resources: 6
Fitting 1 folds for each of 50 candidates, totalling 50 fits
----------
iter: 1
n_candidates: 17
n_resources: 18
Fitting 1 folds for each of 17 candidates, totalling 17 fits
----------
iter: 2
n_candidates: 6
n_resources: 54
Fitting 1 folds for each of 6 candidates, totalling 6 fits
----------
iter: 3
n_candidates: 2
n_resources: 162
Fitting 1 folds for each of 2 candidates, totalling 2 fits
      -> [LogisticRegression + SMOTE Set 5] Acc: 0.8817, F1: 0.8754, Time: 0.36s
      -> [RNN + SMOTE Set 5] Acc: 0.8333, F1: 0.8175, Time: 51.67s
    [=== Generating 5x synthetic data with SMOTE (Set 1, Params: {'k_neighbors': 1}) ===]
n_iterations: 4
n_required_iterations: 4
n_possible_iterations: 8
min_resources_: 6
max_resources_: 27600
aggressive_elimination: False
factor: 3
----------
iter: 0
n_candidates: 50
n_resources: 6
Fitting 1 folds for each of 50 candidates, totalling 50 fits
----------
iter: 1
n_candidates: 17
n_resources: 18
Fitting 1 folds for each of 17 candidates, totalling 17 fits
----------
iter: 2
n_candidates: 6
n_resources: 54
Fitting 1 folds for each of 6 candidates, totalling 6 fits
----------
iter: 3
n_candidates: 2
n_resources: 162
Fitting 1 folds for each of 2 candidates, totalling 2 fits
      -> [KNN + SMOTE Set 1] Acc: 0.9750, F1: 0.9748, Time: 0.04s
n_iterations: 4
n_required_iterations: 4
n_possible_iterations: 8
min_resources_: 6
max_resources_: 27600
aggressive_elimination: False
factor: 3
----------
iter: 0
n_candidates: 50
n_resources: 6
Fitting 1 folds for each of 50 candidates, totalling 50 fits
----------
iter: 1
n_candidates: 17
n_resources: 18
Fitting 1 folds for each of 17 candidates, totalling 17 fits
----------
iter: 2
n_candidates: 6
n_resources: 54
Fitting 1 folds for each of 6 candidates, totalling 6 fits
----------
iter: 3
n_candidates: 2
n_resources: 162
Fitting 1 folds for each of 2 candidates, totalling 2 fits
      -> [RandomForest + SMOTE Set 1] Acc: 0.9567, F1: 0.9567, Time: 1.76s
n_iterations: 4
n_required_iterations: 4
n_possible_iterations: 8
min_resources_: 6
max_resources_: 27600
aggressive_elimination: False
factor: 3
----------
iter: 0
n_candidates: 50
n_resources: 6
Fitting 1 folds for each of 50 candidates, totalling 50 fits
----------
iter: 1
n_candidates: 17
n_resources: 18
Fitting 1 folds for each of 17 candidates, totalling 17 fits
----------
iter: 2
n_candidates: 6
n_resources: 54
Fitting 1 folds for each of 6 candidates, totalling 6 fits
----------
iter: 3
n_candidates: 2
n_resources: 162
Fitting 1 folds for each of 2 candidates, totalling 2 fits
      -> [LinearSVC + SMOTE Set 1] Acc: 0.8233, F1: 0.8053, Time: 0.09s
n_iterations: 4
n_required_iterations: 4
n_possible_iterations: 8
min_resources_: 6
max_resources_: 27600
aggressive_elimination: False
factor: 3
----------
iter: 0
n_candidates: 50
n_resources: 6
Fitting 1 folds for each of 50 candidates, totalling 50 fits
----------
iter: 1
n_candidates: 17
n_resources: 18
Fitting 1 folds for each of 17 candidates, totalling 17 fits
----------
iter: 2
n_candidates: 6
n_resources: 54
Fitting 1 folds for each of 6 candidates, totalling 6 fits
----------
iter: 3
n_candidates: 2
n_resources: 162
Fitting 1 folds for each of 2 candidates, totalling 2 fits
      -> [LogisticRegression + SMOTE Set 1] Acc: 0.8600, F1: 0.8500, Time: 0.50s
      -> [RNN + SMOTE Set 1] Acc: 1.0000, F1: 1.0000, Time: 55.45s
    [=== Generating 5x synthetic data with SMOTE (Set 2, Params: {'k_neighbors': 2}) ===]
n_iterations: 4
n_required_iterations: 4
n_possible_iterations: 8
min_resources_: 6
max_resources_: 27600
aggressive_elimination: False
factor: 3
----------
iter: 0
n_candidates: 50
n_resources: 6
Fitting 1 folds for each of 50 candidates, totalling 50 fits
----------
iter: 1
n_candidates: 17
n_resources: 18
Fitting 1 folds for each of 17 candidates, totalling 17 fits
----------
iter: 2
n_candidates: 6
n_resources: 54
Fitting 1 folds for each of 6 candidates, totalling 6 fits
----------
iter: 3
n_candidates: 2
n_resources: 162
Fitting 1 folds for each of 2 candidates, totalling 2 fits
      -> [KNN + SMOTE Set 2] Acc: 0.9100, F1: 0.9067, Time: 0.06s
n_iterations: 4
n_required_iterations: 4
n_possible_iterations: 8
min_resources_: 6
max_resources_: 27600
aggressive_elimination: False
factor: 3
----------
iter: 0
n_candidates: 50
n_resources: 6
Fitting 1 folds for each of 50 candidates, totalling 50 fits
----------
iter: 1
n_candidates: 17
n_resources: 18
Fitting 1 folds for each of 17 candidates, totalling 17 fits
----------
iter: 2
n_candidates: 6
n_resources: 54
Fitting 1 folds for each of 6 candidates, totalling 6 fits
----------
iter: 3
n_candidates: 2
n_resources: 162
Fitting 1 folds for each of 2 candidates, totalling 2 fits
      -> [RandomForest + SMOTE Set 2] Acc: 0.9700, F1: 0.9699, Time: 6.53s
n_iterations: 4
n_required_iterations: 4
n_possible_iterations: 8
min_resources_: 6
max_resources_: 27600
aggressive_elimination: False
factor: 3
----------
iter: 0
n_candidates: 50
n_resources: 6
Fitting 1 folds for each of 50 candidates, totalling 50 fits
----------
iter: 1
n_candidates: 17
n_resources: 18
Fitting 1 folds for each of 17 candidates, totalling 17 fits
----------
iter: 2
n_candidates: 6
n_resources: 54
Fitting 1 folds for each of 6 candidates, totalling 6 fits
----------
iter: 3
n_candidates: 2
n_resources: 162
Fitting 1 folds for each of 2 candidates, totalling 2 fits
      -> [LinearSVC + SMOTE Set 2] Acc: 0.8333, F1: 0.8175, Time: 0.22s
n_iterations: 4
n_required_iterations: 4
n_possible_iterations: 8
min_resources_: 6
max_resources_: 27600
aggressive_elimination: False
factor: 3
----------
iter: 0
n_candidates: 50
n_resources: 6
Fitting 1 folds for each of 50 candidates, totalling 50 fits
----------
iter: 1
n_candidates: 17
n_resources: 18
Fitting 1 folds for each of 17 candidates, totalling 17 fits
----------
iter: 2
n_candidates: 6
n_resources: 54
Fitting 1 folds for each of 6 candidates, totalling 6 fits
----------
iter: 3
n_candidates: 2
n_resources: 162
Fitting 1 folds for each of 2 candidates, totalling 2 fits
      -> [LogisticRegression + SMOTE Set 2] Acc: 0.8833, F1: 0.8778, Time: 0.77s
      -> [RNN + SMOTE Set 2] Acc: 0.8333, F1: 0.8333, Time: 73.11s
    [=== Generating 5x synthetic data with SMOTE (Set 3, Params: {'k_neighbors': 3}) ===]
n_iterations: 4
n_required_iterations: 4
n_possible_iterations: 8
min_resources_: 6
max_resources_: 27600
aggressive_elimination: False
factor: 3
----------
iter: 0
n_candidates: 50
n_resources: 6
Fitting 1 folds for each of 50 candidates, totalling 50 fits
----------
iter: 1
n_candidates: 17
n_resources: 18
Fitting 1 folds for each of 17 candidates, totalling 17 fits
----------
iter: 2
n_candidates: 6
n_resources: 54
Fitting 1 folds for each of 6 candidates, totalling 6 fits
----------
iter: 3
n_candidates: 2
n_resources: 162
Fitting 1 folds for each of 2 candidates, totalling 2 fits
      -> [KNN + SMOTE Set 3] Acc: 0.9733, F1: 0.9731, Time: 0.04s
n_iterations: 4
n_required_iterations: 4
n_possible_iterations: 8
min_resources_: 6
max_resources_: 27600
aggressive_elimination: False
factor: 3
----------
iter: 0
n_candidates: 50
n_resources: 6
Fitting 1 folds for each of 50 candidates, totalling 50 fits
----------
iter: 1
n_candidates: 17
n_resources: 18
Fitting 1 folds for each of 17 candidates, totalling 17 fits
----------
iter: 2
n_candidates: 6
n_resources: 54
Fitting 1 folds for each of 6 candidates, totalling 6 fits
----------
iter: 3
n_candidates: 2
n_resources: 162
Fitting 1 folds for each of 2 candidates, totalling 2 fits
      -> [RandomForest + SMOTE Set 3] Acc: 0.9633, F1: 0.9633, Time: 6.27s
n_iterations: 4
n_required_iterations: 4
n_possible_iterations: 8
min_resources_: 6
max_resources_: 27600
aggressive_elimination: False
factor: 3
----------
iter: 0
n_candidates: 50
n_resources: 6
Fitting 1 folds for each of 50 candidates, totalling 50 fits
----------
iter: 1
n_candidates: 17
n_resources: 18
Fitting 1 folds for each of 17 candidates, totalling 17 fits
----------
iter: 2
n_candidates: 6
n_resources: 54
Fitting 1 folds for each of 6 candidates, totalling 6 fits
----------
iter: 3
n_candidates: 2
n_resources: 162
Fitting 1 folds for each of 2 candidates, totalling 2 fits
      -> [LinearSVC + SMOTE Set 3] Acc: 0.8600, F1: 0.8500, Time: 0.08s
n_iterations: 4
n_required_iterations: 4
n_possible_iterations: 8
min_resources_: 6
max_resources_: 27600
aggressive_elimination: False
factor: 3
----------
iter: 0
n_candidates: 50
n_resources: 6
Fitting 1 folds for each of 50 candidates, totalling 50 fits
----------
iter: 1
n_candidates: 17
n_resources: 18
Fitting 1 folds for each of 17 candidates, totalling 17 fits
----------
iter: 2
n_candidates: 6
n_resources: 54
Fitting 1 folds for each of 6 candidates, totalling 6 fits
----------
iter: 3
n_candidates: 2
n_resources: 162
Fitting 1 folds for each of 2 candidates, totalling 2 fits
      -> [LogisticRegression + SMOTE Set 3] Acc: 0.8683, F1: 0.8636, Time: 0.77s
      -> [RNN + SMOTE Set 3] Acc: 1.0000, F1: 1.0000, Time: 80.70s
    [=== Generating 5x synthetic data with SMOTE (Set 4, Params: {'k_neighbors': 4}) ===]
n_iterations: 4
n_required_iterations: 4
n_possible_iterations: 8
min_resources_: 6
max_resources_: 27600
aggressive_elimination: False
factor: 3
----------
iter: 0
n_candidates: 50
n_resources: 6
Fitting 1 folds for each of 50 candidates, totalling 50 fits
----------
iter: 1
n_candidates: 17
n_resources: 18
Fitting 1 folds for each of 17 candidates, totalling 17 fits
----------
iter: 2
n_candidates: 6
n_resources: 54
Fitting 1 folds for each of 6 candidates, totalling 6 fits
----------
iter: 3
n_candidates: 2
n_resources: 162
Fitting 1 folds for each of 2 candidates, totalling 2 fits
      -> [KNN + SMOTE Set 4] Acc: 0.9233, F1: 0.9211, Time: 0.05s
n_iterations: 4
n_required_iterations: 4
n_possible_iterations: 8
min_resources_: 6
max_resources_: 27600
aggressive_elimination: False
factor: 3
----------
iter: 0
n_candidates: 50
n_resources: 6
Fitting 1 folds for each of 50 candidates, totalling 50 fits
----------
iter: 1
n_candidates: 17
n_resources: 18
Fitting 1 folds for each of 17 candidates, totalling 17 fits
----------
iter: 2
n_candidates: 6
n_resources: 54
Fitting 1 folds for each of 6 candidates, totalling 6 fits
----------
iter: 3
n_candidates: 2
n_resources: 162
Fitting 1 folds for each of 2 candidates, totalling 2 fits
      -> [RandomForest + SMOTE Set 4] Acc: 0.9767, F1: 0.9766, Time: 6.76s
n_iterations: 4
n_required_iterations: 4
n_possible_iterations: 8
min_resources_: 6
max_resources_: 27600
aggressive_elimination: False
factor: 3
----------
iter: 0
n_candidates: 50
n_resources: 6
Fitting 1 folds for each of 50 candidates, totalling 50 fits
----------
iter: 1
n_candidates: 17
n_resources: 18
Fitting 1 folds for each of 17 candidates, totalling 17 fits
----------
iter: 2
n_candidates: 6
n_resources: 54
Fitting 1 folds for each of 6 candidates, totalling 6 fits
----------
iter: 3
n_candidates: 2
n_resources: 162
Fitting 1 folds for each of 2 candidates, totalling 2 fits
      -> [LinearSVC + SMOTE Set 4] Acc: 0.8667, F1: 0.8582, Time: 0.22s
n_iterations: 4
n_required_iterations: 4
n_possible_iterations: 8
min_resources_: 6
max_resources_: 27600
aggressive_elimination: False
factor: 3
----------
iter: 0
n_candidates: 50
n_resources: 6
Fitting 1 folds for each of 50 candidates, totalling 50 fits
----------
iter: 1
n_candidates: 17
n_resources: 18
Fitting 1 folds for each of 17 candidates, totalling 17 fits
----------
iter: 2
n_candidates: 6
n_resources: 54
Fitting 1 folds for each of 6 candidates, totalling 6 fits
----------
iter: 3
n_candidates: 2
n_resources: 162
Fitting 1 folds for each of 2 candidates, totalling 2 fits
      -> [LogisticRegression + SMOTE Set 4] Acc: 0.8900, F1: 0.8846, Time: 0.92s
      -> [RNN + SMOTE Set 4] Acc: 1.0000, F1: 1.0000, Time: 83.02s
    [=== Generating 5x synthetic data with SMOTE (Set 5, Params: {'k_neighbors': 5}) ===]
n_iterations: 4
n_required_iterations: 4
n_possible_iterations: 8
min_resources_: 6
max_resources_: 27600
aggressive_elimination: False
factor: 3
----------
iter: 0
n_candidates: 50
n_resources: 6
Fitting 1 folds for each of 50 candidates, totalling 50 fits
----------
iter: 1
n_candidates: 17
n_resources: 18
Fitting 1 folds for each of 17 candidates, totalling 17 fits
----------
iter: 2
n_candidates: 6
n_resources: 54
Fitting 1 folds for each of 6 candidates, totalling 6 fits
----------
iter: 3
n_candidates: 2
n_resources: 162
Fitting 1 folds for each of 2 candidates, totalling 2 fits
      -> [KNN + SMOTE Set 5] Acc: 0.9100, F1: 0.9067, Time: 0.06s
n_iterations: 4
n_required_iterations: 4
n_possible_iterations: 8
min_resources_: 6
max_resources_: 27600
aggressive_elimination: False
factor: 3
----------
iter: 0
n_candidates: 50
n_resources: 6
Fitting 1 folds for each of 50 candidates, totalling 50 fits
----------
iter: 1
n_candidates: 17
n_resources: 18
Fitting 1 folds for each of 17 candidates, totalling 17 fits
----------
iter: 2
n_candidates: 6
n_resources: 54
Fitting 1 folds for each of 6 candidates, totalling 6 fits
----------
iter: 3
n_candidates: 2
n_resources: 162
Fitting 1 folds for each of 2 candidates, totalling 2 fits
      -> [RandomForest + SMOTE Set 5] Acc: 0.9500, F1: 0.9501, Time: 6.79s
n_iterations: 4
n_required_iterations: 4
n_possible_iterations: 8
min_resources_: 6
max_resources_: 27600
aggressive_elimination: False
factor: 3
----------
iter: 0
n_candidates: 50
n_resources: 6
Fitting 1 folds for each of 50 candidates, totalling 50 fits
----------
iter: 1
n_candidates: 17
n_resources: 18
Fitting 1 folds for each of 17 candidates, totalling 17 fits
----------
iter: 2
n_candidates: 6
n_resources: 54
Fitting 1 folds for each of 6 candidates, totalling 6 fits
----------
iter: 3
n_candidates: 2
n_resources: 162
Fitting 1 folds for each of 2 candidates, totalling 2 fits
      -> [LinearSVC + SMOTE Set 5] Acc: 0.8333, F1: 0.8180, Time: 0.09s
n_iterations: 4
n_required_iterations: 4
n_possible_iterations: 8
min_resources_: 6
max_resources_: 27600
aggressive_elimination: False
factor: 3
----------
iter: 0
n_candidates: 50
n_resources: 6
Fitting 1 folds for each of 50 candidates, totalling 50 fits
----------
iter: 1
n_candidates: 17
n_resources: 18
Fitting 1 folds for each of 17 candidates, totalling 17 fits
----------
iter: 2
n_candidates: 6
n_resources: 54
Fitting 1 folds for each of 6 candidates, totalling 6 fits
----------
iter: 3
n_candidates: 2
n_resources: 162
Fitting 1 folds for each of 2 candidates, totalling 2 fits
      -> [LogisticRegression + SMOTE Set 5] Acc: 0.8783, F1: 0.8714, Time: 0.95s
      -> [RNN + SMOTE Set 5] Acc: 1.0000, F1: 1.0000, Time: 67.31s
    [=== Generating 10x synthetic data with SMOTE (Set 1, Params: {'k_neighbors': 1}) ===]
n_iterations: 4
n_required_iterations: 4
n_possible_iterations: 9
min_resources_: 6
max_resources_: 50600
aggressive_elimination: False
factor: 3
----------
iter: 0
n_candidates: 50
n_resources: 6
Fitting 1 folds for each of 50 candidates, totalling 50 fits
      -> [KNN + SMOTE Set 1] Acc: 0.9733, F1: 0.9731, Time: 0.08s
n_iterations: 4
n_required_iterations: 4
n_possible_iterations: 9
min_resources_: 6
max_resources_: 50600
aggressive_elimination: False
factor: 3
----------
iter: 0
n_candidates: 50
n_resources: 6
Fitting 1 folds for each of 50 candidates, totalling 50 fits
      -> [RandomForest + SMOTE Set 1] Acc: 0.9667, F1: 0.9666, Time: 7.70s
n_iterations: 4
n_required_iterations: 4
n_possible_iterations: 9
min_resources_: 6
max_resources_: 50600
aggressive_elimination: False
factor: 3
----------
iter: 0
n_candidates: 50
n_resources: 6
Fitting 1 folds for each of 50 candidates, totalling 50 fits
      -> [LinearSVC + SMOTE Set 1] Acc: 0.8300, F1: 0.8138, Time: 0.20s
n_iterations: 4
n_required_iterations: 4
n_possible_iterations: 9
min_resources_: 6
max_resources_: 50600
aggressive_elimination: False
factor: 3
----------
iter: 0
n_candidates: 50
n_resources: 6
Fitting 1 folds for each of 50 candidates, totalling 50 fits
      -> [LogisticRegression + SMOTE Set 1] Acc: 0.8667, F1: 0.8578, Time: 1.93s
      -> [RNN + SMOTE Set 1] Acc: 0.8333, F1: 0.7667, Time: 75.24s
    [=== Generating 10x synthetic data with SMOTE (Set 2, Params: {'k_neighbors': 2}) ===]
n_iterations: 4
n_required_iterations: 4
n_possible_iterations: 9
min_resources_: 6
max_resources_: 50600
aggressive_elimination: False
factor: 3
----------
iter: 0
n_candidates: 50
n_resources: 6
Fitting 1 folds for each of 50 candidates, totalling 50 fits
      -> [KNN + SMOTE Set 2] Acc: 0.9733, F1: 0.9731, Time: 0.08s
n_iterations: 4
n_required_iterations: 4
n_possible_iterations: 9
min_resources_: 6
max_resources_: 50600
aggressive_elimination: False
factor: 3
----------
iter: 0
n_candidates: 50
n_resources: 6
Fitting 1 folds for each of 50 candidates, totalling 50 fits
      -> [RandomForest + SMOTE Set 2] Acc: 0.9417, F1: 0.9419, Time: 7.72s
n_iterations: 4
n_required_iterations: 4
n_possible_iterations: 9
min_resources_: 6
max_resources_: 50600
aggressive_elimination: False
factor: 3
----------
iter: 0
n_candidates: 50
n_resources: 6
Fitting 1 folds for each of 50 candidates, totalling 50 fits
      -> [LinearSVC + SMOTE Set 2] Acc: 0.8583, F1: 0.8484, Time: 0.16s
n_iterations: 4
n_required_iterations: 4
n_possible_iterations: 9
min_resources_: 6
max_resources_: 50600
aggressive_elimination: False
factor: 3
----------
iter: 0
n_candidates: 50
n_resources: 6
Fitting 1 folds for each of 50 candidates, totalling 50 fits
      -> [LogisticRegression + SMOTE Set 2] Acc: 0.8883, F1: 0.8827, Time: 0.97s
      -> [RNN + SMOTE Set 2] Acc: 1.0000, F1: 1.0000, Time: 1.31s
    [=== Generating 10x synthetic data with SMOTE (Set 3, Params: {'k_neighbors': 3}) ===]
n_iterations: 4
n_required_iterations: 4
n_possible_iterations: 9
min_resources_: 6
max_resources_: 50600
aggressive_elimination: False
factor: 3
----------
iter: 0
n_candidates: 50
n_resources: 6
Fitting 1 folds for each of 50 candidates, totalling 50 fits
      -> [KNN + SMOTE Set 3] Acc: 0.9733, F1: 0.9731, Time: 0.08s
n_iterations: 4
n_required_iterations: 4
n_possible_iterations: 9
min_resources_: 6
max_resources_: 50600
aggressive_elimination: False
factor: 3
----------
iter: 0
n_candidates: 50
n_resources: 6
Fitting 1 folds for each of 50 candidates, totalling 50 fits
      -> [RandomForest + SMOTE Set 3] Acc: 0.9733, F1: 0.9732, Time: 7.94s
n_iterations: 4
n_required_iterations: 4
n_possible_iterations: 9
min_resources_: 6
max_resources_: 50600
aggressive_elimination: False
factor: 3
----------
iter: 0
n_candidates: 50
n_resources: 6
Fitting 1 folds for each of 50 candidates, totalling 50 fits
      -> [LinearSVC + SMOTE Set 3] Acc: 0.8700, F1: 0.8617, Time: 0.18s
n_iterations: 4
n_required_iterations: 4
n_possible_iterations: 9
min_resources_: 6
max_resources_: 50600
aggressive_elimination: False
factor: 3
----------
iter: 0
n_candidates: 50
n_resources: 6
Fitting 1 folds for each of 50 candidates, totalling 50 fits
      -> [LogisticRegression + SMOTE Set 3] Acc: 0.8850, F1: 0.8797, Time: 1.39s
      -> [RNN + SMOTE Set 3] Acc: 0.8333, F1: 0.8333, Time: 166.10s
    [=== Generating 10x synthetic data with SMOTE (Set 4, Params: {'k_neighbors': 4}) ===]
n_iterations: 4
n_required_iterations: 4
n_possible_iterations: 9
min_resources_: 6
max_resources_: 50600
aggressive_elimination: False
factor: 3
----------
iter: 0
n_candidates: 50
n_resources: 6
Fitting 1 folds for each of 50 candidates, totalling 50 fits
      -> [KNN + SMOTE Set 4] Acc: 0.9733, F1: 0.9731, Time: 0.09s
n_iterations: 4
n_required_iterations: 4
n_possible_iterations: 9
min_resources_: 6
max_resources_: 50600
aggressive_elimination: False
factor: 3
----------
iter: 0
n_candidates: 50
n_resources: 6
Fitting 1 folds for each of 50 candidates, totalling 50 fits
      -> [RandomForest + SMOTE Set 4] Acc: 0.9383, F1: 0.9387, Time: 8.78s
n_iterations: 4
n_required_iterations: 4
n_possible_iterations: 9
min_resources_: 6
max_resources_: 50600
aggressive_elimination: False
factor: 3
----------
iter: 0
n_candidates: 50
n_resources: 6
Fitting 1 folds for each of 50 candidates, totalling 50 fits
      -> [LinearSVC + SMOTE Set 4] Acc: 0.8750, F1: 0.8675, Time: 0.19s
n_iterations: 4
n_required_iterations: 4
n_possible_iterations: 9
min_resources_: 6
max_resources_: 50600
aggressive_elimination: False
factor: 3
----------
iter: 0
n_candidates: 50
n_resources: 6
Fitting 1 folds for each of 50 candidates, totalling 50 fits
      -> [LogisticRegression + SMOTE Set 4] Acc: 0.8900, F1: 0.8846, Time: 1.65s
      -> [RNN + SMOTE Set 4] Acc: 1.0000, F1: 1.0000, Time: 177.83s
    [=== Generating 10x synthetic data with SMOTE (Set 5, Params: {'k_neighbors': 5}) ===]
n_iterations: 4
n_required_iterations: 4
n_possible_iterations: 9
min_resources_: 6
max_resources_: 50600
aggressive_elimination: False
factor: 3
----------
iter: 0
n_candidates: 50
n_resources: 6
Fitting 1 folds for each of 50 candidates, totalling 50 fits
      -> [KNN + SMOTE Set 5] Acc: 0.9733, F1: 0.9731, Time: 0.10s
n_iterations: 4
n_required_iterations: 4
n_possible_iterations: 9
min_resources_: 6
max_resources_: 50600
aggressive_elimination: False
factor: 3
----------
iter: 0
n_candidates: 50
n_resources: 6
Fitting 1 folds for each of 50 candidates, totalling 50 fits
      -> [RandomForest + SMOTE Set 5] Acc: 0.9717, F1: 0.9716, Time: 9.22s
n_iterations: 4
n_required_iterations: 4
n_possible_iterations: 9
min_resources_: 6
max_resources_: 50600
aggressive_elimination: False
factor: 3
----------
iter: 0
n_candidates: 50
n_resources: 6
Fitting 1 folds for each of 50 candidates, totalling 50 fits
      -> [LinearSVC + SMOTE Set 5] Acc: 0.8317, F1: 0.8159, Time: 0.19s
n_iterations: 4
n_required_iterations: 4
n_possible_iterations: 9
min_resources_: 6
max_resources_: 50600
aggressive_elimination: False
factor: 3
----------
iter: 0
n_candidates: 50
n_resources: 6
Fitting 1 folds for each of 50 candidates, totalling 50 fits
      -> [LogisticRegression + SMOTE Set 5] Acc: 0.8817, F1: 0.8752, Time: 1.42s
      -> [RNN + SMOTE Set 5] Acc: 0.5000, F1: 0.3333, Time: 173.19s
