Dataset,Fold,SeedsPerLabel,SeedFoldSelection,ScaleFactor,Model,Method,Accuracy,F1_Score,Hyperparameters,ExecutionTime_Sec
Plant_oil,1,5,1,1,KNN,Baseline,0.8181203007518797,0.8103980513846295,"{'algorithm': 'auto', 'leaf_size': 30, 'metric': 'minkowski', 'metric_params': None, 'n_jobs': None, 'n_neighbors': 5, 'p': 2, 'weights': 'uniform'}",0.9137942790985107
Plant_oil,1,5,1,1,KNN,Tuned_Baseline,0.8149624060150376,0.8073763598963111,"{'algorithm': 'auto', 'leaf_size': 30, 'metric': 'euclidean', 'metric_params': None, 'n_jobs': None, 'n_neighbors': np.int64(3), 'p': 2, 'weights': 'uniform'}",0.6388473510742188
Plant_oil,1,5,1,1,RandomForest,Baseline,0.7858646616541354,0.7797022666473553,"{'bootstrap': True, 'ccp_alpha': 0.0, 'class_weight': None, 'criterion': 'gini', 'max_depth': None, 'max_features': 'sqrt', 'max_leaf_nodes': None, 'max_samples': None, 'min_impurity_decrease': 0.0, 'min_samples_leaf': 1, 'min_samples_split': 2, 'min_weight_fraction_leaf': 0.0, 'monotonic_cst': None, 'n_estimators': 100, 'n_jobs': None, 'oob_score': False, 'random_state': 42, 'verbose': 0, 'warm_start': False}",4.899094820022583
Plant_oil,1,5,1,1,RandomForest,Tuned_Baseline,0.7836842105263158,0.777353262765355,"{'bootstrap': True, 'ccp_alpha': 0.0, 'class_weight': None, 'criterion': 'gini', 'max_depth': 20, 'max_features': 'sqrt', 'max_leaf_nodes': None, 'max_samples': None, 'min_impurity_decrease': 0.0, 'min_samples_leaf': 1, 'min_samples_split': 2, 'min_weight_fraction_leaf': 0.0, 'monotonic_cst': None, 'n_estimators': 100, 'n_jobs': None, 'oob_score': False, 'random_state': 42, 'verbose': 0, 'warm_start': False}",0.0957190990447998
Plant_oil,1,5,1,1,LinearSVC,Baseline,0.7126315789473684,0.7009583367464945,"{'C': 1.0, 'class_weight': None, 'dual': False, 'fit_intercept': True, 'intercept_scaling': 1, 'loss': 'squared_hinge', 'max_iter': 100, 'multi_class': 'ovr', 'penalty': 'l2', 'random_state': 42, 'tol': 0.0001, 'verbose': 0}",0.22340655326843262
Plant_oil,1,5,1,1,LinearSVC,Tuned_Baseline,0.7109022556390977,0.7002300178493491,"{'C': np.float64(100.0), 'class_weight': None, 'dual': False, 'fit_intercept': True, 'intercept_scaling': 1, 'loss': 'squared_hinge', 'max_iter': 100, 'multi_class': 'ovr', 'penalty': 'l2', 'random_state': 42, 'tol': 0.0001, 'verbose': 0}",0.0018928050994873047
Plant_oil,1,5,1,1,LogisticRegression,Baseline,0.7693984962406015,0.763028920413594,"{'C': 1.0, 'class_weight': None, 'dual': False, 'fit_intercept': True, 'intercept_scaling': 1, 'l1_ratio': None, 'max_iter': 100, 'multi_class': 'deprecated', 'n_jobs': None, 'penalty': 'l2', 'random_state': 42, 'solver': 'lbfgs', 'tol': 0.0001, 'verbose': 0, 'warm_start': False}",0.9482450485229492
Plant_oil,1,5,1,1,LogisticRegression,Tuned_Baseline,0.761578947368421,0.7554945352100375,"{'C': np.float64(10.0), 'class_weight': None, 'dual': False, 'fit_intercept': True, 'intercept_scaling': 1, 'l1_ratio': None, 'max_iter': 100, 'multi_class': 'deprecated', 'n_jobs': None, 'penalty': None, 'random_state': 42, 'solver': 'lbfgs', 'tol': 0.0001, 'verbose': 0, 'warm_start': False}",0.0017747879028320312
Plant_oil,1,5,1,1,RNN,Baseline,0.16541353383458646,0.10052992894134649,"{'hidden_size': 64, 'epochs': 10, 'batch_size': 32, 'lr': 0.001}",3.160757541656494
Plant_oil,1,5,1,1,RNN,Tuned_Baseline,0.16541353383458646,0.10052992894134649,"{'hidden_size': 64, 'epochs': 10, 'batch_size': 32, 'lr': 0.001}",0.013145208358764648
Plant_oil,1,5,1,2,KNN,Jittering,0.8143609022556391,0.8067003601441209,"{'algorithm': 'auto', 'leaf_size': 30, 'metric': 'euclidean', 'metric_params': None, 'n_jobs': None, 'n_neighbors': np.int64(3), 'p': 2, 'weights': 'uniform'}",0.680586576461792
Plant_oil,1,5,1,2,RandomForest,Jittering,0.812406015037594,0.80278044029078,"{'bootstrap': True, 'ccp_alpha': 0.0, 'class_weight': None, 'criterion': 'gini', 'max_depth': 20, 'max_features': 'sqrt', 'max_leaf_nodes': None, 'max_samples': None, 'min_impurity_decrease': 0.0, 'min_samples_leaf': 1, 'min_samples_split': 2, 'min_weight_fraction_leaf': 0.0, 'monotonic_cst': None, 'n_estimators': 100, 'n_jobs': None, 'oob_score': False, 'random_state': 42, 'verbose': 0, 'warm_start': False}",5.39021110534668
Plant_oil,1,5,1,2,LinearSVC,Jittering,0.7145112781954888,0.7015220449147164,"{'C': np.float64(100.0), 'class_weight': None, 'dual': False, 'fit_intercept': True, 'intercept_scaling': 1, 'loss': 'squared_hinge', 'max_iter': 100, 'multi_class': 'ovr', 'penalty': 'l2', 'random_state': 42, 'tol': 0.0001, 'verbose': 0}",0.3288261890411377
Plant_oil,1,5,1,2,LogisticRegression,Jittering,0.7727067669172932,0.766161419857719,"{'C': np.float64(10.0), 'class_weight': None, 'dual': False, 'fit_intercept': True, 'intercept_scaling': 1, 'l1_ratio': None, 'max_iter': 100, 'multi_class': 'deprecated', 'n_jobs': None, 'penalty': None, 'random_state': 42, 'solver': 'lbfgs', 'tol': 0.0001, 'verbose': 0, 'warm_start': False}",0.9024641513824463
Plant_oil,1,5,1,2,RNN,Jittering,0.2857142857142857,0.1560480566519738,"{'hidden_size': 64, 'epochs': 10, 'batch_size': 32, 'lr': 0.001}",0.8305132389068604
Plant_oil,1,5,1,3,KNN,Jittering,0.8121052631578948,0.8044603610749167,"{'algorithm': 'auto', 'leaf_size': 30, 'metric': 'euclidean', 'metric_params': None, 'n_jobs': None, 'n_neighbors': np.int64(3), 'p': 2, 'weights': 'uniform'}",0.6984601020812988
Plant_oil,1,5,1,3,RandomForest,Jittering,0.8164661654135338,0.8066666334703527,"{'bootstrap': True, 'ccp_alpha': 0.0, 'class_weight': None, 'criterion': 'gini', 'max_depth': 20, 'max_features': 'sqrt', 'max_leaf_nodes': None, 'max_samples': None, 'min_impurity_decrease': 0.0, 'min_samples_leaf': 1, 'min_samples_split': 2, 'min_weight_fraction_leaf': 0.0, 'monotonic_cst': None, 'n_estimators': 100, 'n_jobs': None, 'oob_score': False, 'random_state': 42, 'verbose': 0, 'warm_start': False}",8.037048578262329
Plant_oil,1,5,1,3,LinearSVC,Jittering,0.7163157894736842,0.7026652591692676,"{'C': np.float64(100.0), 'class_weight': None, 'dual': False, 'fit_intercept': True, 'intercept_scaling': 1, 'loss': 'squared_hinge', 'max_iter': 100, 'multi_class': 'ovr', 'penalty': 'l2', 'random_state': 42, 'tol': 0.0001, 'verbose': 0}",0.7488453388214111
Plant_oil,1,5,1,3,LogisticRegression,Jittering,0.7676691729323308,0.7623685355134312,"{'C': np.float64(10.0), 'class_weight': None, 'dual': False, 'fit_intercept': True, 'intercept_scaling': 1, 'l1_ratio': None, 'max_iter': 100, 'multi_class': 'deprecated', 'n_jobs': None, 'penalty': None, 'random_state': 42, 'solver': 'lbfgs', 'tol': 0.0001, 'verbose': 0, 'warm_start': False}",1.4454619884490967
Plant_oil,1,5,1,3,RNN,Jittering,0.39097744360902253,0.2857058431358024,"{'hidden_size': 64, 'epochs': 10, 'batch_size': 32, 'lr': 0.001}",2.4205429553985596
Plant_oil,1,5,1,5,KNN,Jittering,0.8198496240601504,0.8123733066915931,"{'algorithm': 'auto', 'leaf_size': 30, 'metric': 'euclidean', 'metric_params': None, 'n_jobs': None, 'n_neighbors': np.int64(3), 'p': 2, 'weights': 'uniform'}",1.6630961894989014
Plant_oil,1,5,1,5,RandomForest,Jittering,0.8181203007518797,0.8097251342331888,"{'bootstrap': True, 'ccp_alpha': 0.0, 'class_weight': None, 'criterion': 'gini', 'max_depth': 20, 'max_features': 'sqrt', 'max_leaf_nodes': None, 'max_samples': None, 'min_impurity_decrease': 0.0, 'min_samples_leaf': 1, 'min_samples_split': 2, 'min_weight_fraction_leaf': 0.0, 'monotonic_cst': None, 'n_estimators': 100, 'n_jobs': None, 'oob_score': False, 'random_state': 42, 'verbose': 0, 'warm_start': False}",17.61344861984253
Plant_oil,1,5,1,5,LinearSVC,Jittering,0.7124060150375939,0.698364441990587,"{'C': np.float64(100.0), 'class_weight': None, 'dual': False, 'fit_intercept': True, 'intercept_scaling': 1, 'loss': 'squared_hinge', 'max_iter': 100, 'multi_class': 'ovr', 'penalty': 'l2', 'random_state': 42, 'tol': 0.0001, 'verbose': 0}",0.6207675933837891
Plant_oil,1,5,1,5,LogisticRegression,Jittering,0.7662406015037594,0.7612699776665083,"{'C': np.float64(10.0), 'class_weight': None, 'dual': False, 'fit_intercept': True, 'intercept_scaling': 1, 'l1_ratio': None, 'max_iter': 100, 'multi_class': 'deprecated', 'n_jobs': None, 'penalty': None, 'random_state': 42, 'solver': 'lbfgs', 'tol': 0.0001, 'verbose': 0, 'warm_start': False}",2.1765592098236084
Plant_oil,1,5,1,5,RNN,Jittering,0.47368421052631576,0.39354701946632437,"{'hidden_size': 64, 'epochs': 10, 'batch_size': 32, 'lr': 0.001}",2.3313965797424316
Plant_oil,1,5,1,10,KNN,Jittering,0.8142857142857143,0.8067867863729323,"{'algorithm': 'auto', 'leaf_size': 30, 'metric': 'euclidean', 'metric_params': None, 'n_jobs': None, 'n_neighbors': np.int64(3), 'p': 2, 'weights': 'uniform'}",0.8574466705322266
Plant_oil,1,5,1,10,RandomForest,Jittering,0.8159398496240602,0.8073963103728056,"{'bootstrap': True, 'ccp_alpha': 0.0, 'class_weight': None, 'criterion': 'gini', 'max_depth': 20, 'max_features': 'sqrt', 'max_leaf_nodes': None, 'max_samples': None, 'min_impurity_decrease': 0.0, 'min_samples_leaf': 1, 'min_samples_split': 2, 'min_weight_fraction_leaf': 0.0, 'monotonic_cst': None, 'n_estimators': 100, 'n_jobs': None, 'oob_score': False, 'random_state': 42, 'verbose': 0, 'warm_start': False}",30.36847496032715
Plant_oil,1,5,1,10,LinearSVC,Jittering,0.7129323308270676,0.6989430050049593,"{'C': np.float64(100.0), 'class_weight': None, 'dual': False, 'fit_intercept': True, 'intercept_scaling': 1, 'loss': 'squared_hinge', 'max_iter': 100, 'multi_class': 'ovr', 'penalty': 'l2', 'random_state': 42, 'tol': 0.0001, 'verbose': 0}",1.369365930557251
Plant_oil,1,5,1,10,LogisticRegression,Jittering,0.7755639097744361,0.7692476965578866,"{'C': np.float64(10.0), 'class_weight': None, 'dual': False, 'fit_intercept': True, 'intercept_scaling': 1, 'l1_ratio': None, 'max_iter': 100, 'multi_class': 'deprecated', 'n_jobs': None, 'penalty': None, 'random_state': 42, 'solver': 'lbfgs', 'tol': 0.0001, 'verbose': 0, 'warm_start': False}",5.722993612289429
Plant_oil,1,5,1,10,RNN,Jittering,0.5338345864661654,0.466774525361783,"{'hidden_size': 64, 'epochs': 10, 'batch_size': 32, 'lr': 0.001}",4.482910871505737
Plant_oil,1,5,1,2,KNN,Scaling,0.8025563909774436,0.7951661298394194,"{'algorithm': 'auto', 'leaf_size': 30, 'metric': 'euclidean', 'metric_params': None, 'n_jobs': None, 'n_neighbors': np.int64(3), 'p': 2, 'weights': 'uniform'}",0.6919617652893066
Plant_oil,1,5,1,2,RandomForest,Scaling,0.7784962406015038,0.7712417418349529,"{'bootstrap': True, 'ccp_alpha': 0.0, 'class_weight': None, 'criterion': 'gini', 'max_depth': 20, 'max_features': 'sqrt', 'max_leaf_nodes': None, 'max_samples': None, 'min_impurity_decrease': 0.0, 'min_samples_leaf': 1, 'min_samples_split': 2, 'min_weight_fraction_leaf': 0.0, 'monotonic_cst': None, 'n_estimators': 100, 'n_jobs': None, 'oob_score': False, 'random_state': 42, 'verbose': 0, 'warm_start': False}",4.8393120765686035
Plant_oil,1,5,1,2,LinearSVC,Scaling,0.6653383458646617,0.6534553401244058,"{'C': np.float64(100.0), 'class_weight': None, 'dual': False, 'fit_intercept': True, 'intercept_scaling': 1, 'loss': 'squared_hinge', 'max_iter': 100, 'multi_class': 'ovr', 'penalty': 'l2', 'random_state': 42, 'tol': 0.0001, 'verbose': 0}",0.22168517112731934
Plant_oil,1,5,1,2,LogisticRegression,Scaling,0.7511278195488722,0.741484882592894,"{'C': np.float64(10.0), 'class_weight': None, 'dual': False, 'fit_intercept': True, 'intercept_scaling': 1, 'l1_ratio': None, 'max_iter': 100, 'multi_class': 'deprecated', 'n_jobs': None, 'penalty': None, 'random_state': 42, 'solver': 'lbfgs', 'tol': 0.0001, 'verbose': 0, 'warm_start': False}",0.9530749320983887
Plant_oil,1,5,1,2,RNN,Scaling,0.24060150375939848,0.16802422723475355,"{'hidden_size': 64, 'epochs': 10, 'batch_size': 32, 'lr': 0.001}",1.0276906490325928
Plant_oil,1,5,1,3,KNN,Scaling,0.804360902255639,0.7968458158531946,"{'algorithm': 'auto', 'leaf_size': 30, 'metric': 'euclidean', 'metric_params': None, 'n_jobs': None, 'n_neighbors': np.int64(3), 'p': 2, 'weights': 'uniform'}",0.7076230049133301
Plant_oil,1,5,1,3,RandomForest,Scaling,0.7730827067669173,0.7653057915598844,"{'bootstrap': True, 'ccp_alpha': 0.0, 'class_weight': None, 'criterion': 'gini', 'max_depth': 20, 'max_features': 'sqrt', 'max_leaf_nodes': None, 'max_samples': None, 'min_impurity_decrease': 0.0, 'min_samples_leaf': 1, 'min_samples_split': 2, 'min_weight_fraction_leaf': 0.0, 'monotonic_cst': None, 'n_estimators': 100, 'n_jobs': None, 'oob_score': False, 'random_state': 42, 'verbose': 0, 'warm_start': False}",7.830661296844482
Plant_oil,1,5,1,3,LinearSVC,Scaling,0.6947368421052632,0.6804911527957997,"{'C': np.float64(100.0), 'class_weight': None, 'dual': False, 'fit_intercept': True, 'intercept_scaling': 1, 'loss': 'squared_hinge', 'max_iter': 100, 'multi_class': 'ovr', 'penalty': 'l2', 'random_state': 42, 'tol': 0.0001, 'verbose': 0}",0.32227087020874023
Plant_oil,1,5,1,3,LogisticRegression,Scaling,0.7702255639097745,0.7654406698012665,"{'C': np.float64(10.0), 'class_weight': None, 'dual': False, 'fit_intercept': True, 'intercept_scaling': 1, 'l1_ratio': None, 'max_iter': 100, 'multi_class': 'deprecated', 'n_jobs': None, 'penalty': None, 'random_state': 42, 'solver': 'lbfgs', 'tol': 0.0001, 'verbose': 0, 'warm_start': False}",1.3698201179504395
Plant_oil,1,5,1,3,RNN,Scaling,0.43609022556390975,0.3896039749436365,"{'hidden_size': 64, 'epochs': 10, 'batch_size': 32, 'lr': 0.001}",2.5550177097320557
Plant_oil,1,5,1,5,KNN,Scaling,0.7950375939849624,0.787025603157451,"{'algorithm': 'auto', 'leaf_size': 30, 'metric': 'euclidean', 'metric_params': None, 'n_jobs': None, 'n_neighbors': np.int64(3), 'p': 2, 'weights': 'uniform'}",0.9322044849395752
Plant_oil,1,5,1,5,RandomForest,Scaling,0.7937593984962406,0.7833370571941173,"{'bootstrap': True, 'ccp_alpha': 0.0, 'class_weight': None, 'criterion': 'gini', 'max_depth': 20, 'max_features': 'sqrt', 'max_leaf_nodes': None, 'max_samples': None, 'min_impurity_decrease': 0.0, 'min_samples_leaf': 1, 'min_samples_split': 2, 'min_weight_fraction_leaf': 0.0, 'monotonic_cst': None, 'n_estimators': 100, 'n_jobs': None, 'oob_score': False, 'random_state': 42, 'verbose': 0, 'warm_start': False}",16.252188205718994
Plant_oil,1,5,1,5,LinearSVC,Scaling,0.7000751879699249,0.6878178170424611,"{'C': np.float64(100.0), 'class_weight': None, 'dual': False, 'fit_intercept': True, 'intercept_scaling': 1, 'loss': 'squared_hinge', 'max_iter': 100, 'multi_class': 'ovr', 'penalty': 'l2', 'random_state': 42, 'tol': 0.0001, 'verbose': 0}",0.585205078125
Plant_oil,1,5,1,5,LogisticRegression,Scaling,0.7772932330827068,0.7703309181296759,"{'C': np.float64(10.0), 'class_weight': None, 'dual': False, 'fit_intercept': True, 'intercept_scaling': 1, 'l1_ratio': None, 'max_iter': 100, 'multi_class': 'deprecated', 'n_jobs': None, 'penalty': None, 'random_state': 42, 'solver': 'lbfgs', 'tol': 0.0001, 'verbose': 0, 'warm_start': False}",2.1817128658294678
Plant_oil,1,5,1,5,RNN,Scaling,0.45112781954887216,0.3788688939111605,"{'hidden_size': 64, 'epochs': 10, 'batch_size': 32, 'lr': 0.001}",2.562377452850342
Plant_oil,1,5,1,10,KNN,Scaling,0.813609022556391,0.8075751375606516,"{'algorithm': 'auto', 'leaf_size': 30, 'metric': 'euclidean', 'metric_params': None, 'n_jobs': None, 'n_neighbors': np.int64(3), 'p': 2, 'weights': 'uniform'}",0.8532476425170898
Plant_oil,1,5,1,10,RandomForest,Scaling,0.7921804511278195,0.7842642793260484,"{'bootstrap': True, 'ccp_alpha': 0.0, 'class_weight': None, 'criterion': 'gini', 'max_depth': 20, 'max_features': 'sqrt', 'max_leaf_nodes': None, 'max_samples': None, 'min_impurity_decrease': 0.0, 'min_samples_leaf': 1, 'min_samples_split': 2, 'min_weight_fraction_leaf': 0.0, 'monotonic_cst': None, 'n_estimators': 100, 'n_jobs': None, 'oob_score': False, 'random_state': 42, 'verbose': 0, 'warm_start': False}",45.199519872665405
Plant_oil,1,5,1,10,LinearSVC,Scaling,0.6896240601503759,0.6777808226577889,"{'C': np.float64(100.0), 'class_weight': None, 'dual': False, 'fit_intercept': True, 'intercept_scaling': 1, 'loss': 'squared_hinge', 'max_iter': 100, 'multi_class': 'ovr', 'penalty': 'l2', 'random_state': 42, 'tol': 0.0001, 'verbose': 0}",1.318678379058838
Plant_oil,1,5,1,10,LogisticRegression,Scaling,0.7618796992481203,0.7552344888620095,"{'C': np.float64(10.0), 'class_weight': None, 'dual': False, 'fit_intercept': True, 'intercept_scaling': 1, 'l1_ratio': None, 'max_iter': 100, 'multi_class': 'deprecated', 'n_jobs': None, 'penalty': None, 'random_state': 42, 'solver': 'lbfgs', 'tol': 0.0001, 'verbose': 0, 'warm_start': False}",6.136352062225342
Plant_oil,1,5,1,10,RNN,Scaling,0.5789473684210527,0.5367456085611769,"{'hidden_size': 64, 'epochs': 10, 'batch_size': 32, 'lr': 0.001}",5.099197626113892
Plant_oil,1,5,1,2,KNN,Magnitude_Warping,0.8057894736842105,0.7970255560621403,"{'algorithm': 'auto', 'leaf_size': 30, 'metric': 'euclidean', 'metric_params': None, 'n_jobs': None, 'n_neighbors': np.int64(3), 'p': 2, 'weights': 'uniform'}",1.321214199066162
Plant_oil,1,5,1,2,RandomForest,Magnitude_Warping,0.7850375939849624,0.7782421815426385,"{'bootstrap': True, 'ccp_alpha': 0.0, 'class_weight': None, 'criterion': 'gini', 'max_depth': 20, 'max_features': 'sqrt', 'max_leaf_nodes': None, 'max_samples': None, 'min_impurity_decrease': 0.0, 'min_samples_leaf': 1, 'min_samples_split': 2, 'min_weight_fraction_leaf': 0.0, 'monotonic_cst': None, 'n_estimators': 100, 'n_jobs': None, 'oob_score': False, 'random_state': 42, 'verbose': 0, 'warm_start': False}",5.072532415390015
Plant_oil,1,5,1,2,LinearSVC,Magnitude_Warping,0.6735338345864662,0.6579986431626204,"{'C': np.float64(100.0), 'class_weight': None, 'dual': False, 'fit_intercept': True, 'intercept_scaling': 1, 'loss': 'squared_hinge', 'max_iter': 100, 'multi_class': 'ovr', 'penalty': 'l2', 'random_state': 42, 'tol': 0.0001, 'verbose': 0}",0.2096707820892334
Plant_oil,1,5,1,2,LogisticRegression,Magnitude_Warping,0.7449624060150376,0.7384038663874402,"{'C': np.float64(10.0), 'class_weight': None, 'dual': False, 'fit_intercept': True, 'intercept_scaling': 1, 'l1_ratio': None, 'max_iter': 100, 'multi_class': 'deprecated', 'n_jobs': None, 'penalty': None, 'random_state': 42, 'solver': 'lbfgs', 'tol': 0.0001, 'verbose': 0, 'warm_start': False}",1.2482051849365234
Plant_oil,1,5,1,2,RNN,Magnitude_Warping,0.3458646616541353,0.22253670839386394,"{'hidden_size': 64, 'epochs': 10, 'batch_size': 32, 'lr': 0.001}",0.8805570602416992
Plant_oil,1,5,1,3,KNN,Magnitude_Warping,0.8103007518796993,0.8022576688835111,"{'algorithm': 'auto', 'leaf_size': 30, 'metric': 'euclidean', 'metric_params': None, 'n_jobs': None, 'n_neighbors': np.int64(3), 'p': 2, 'weights': 'uniform'}",0.7160656452178955
Plant_oil,1,5,1,3,RandomForest,Magnitude_Warping,0.7805263157894737,0.7727413873142397,"{'bootstrap': True, 'ccp_alpha': 0.0, 'class_weight': None, 'criterion': 'gini', 'max_depth': 20, 'max_features': 'sqrt', 'max_leaf_nodes': None, 'max_samples': None, 'min_impurity_decrease': 0.0, 'min_samples_leaf': 1, 'min_samples_split': 2, 'min_weight_fraction_leaf': 0.0, 'monotonic_cst': None, 'n_estimators': 100, 'n_jobs': None, 'oob_score': False, 'random_state': 42, 'verbose': 0, 'warm_start': False}",8.581837892532349
Plant_oil,1,5,1,3,LinearSVC,Magnitude_Warping,0.6696992481203008,0.6545473907805256,"{'C': np.float64(100.0), 'class_weight': None, 'dual': False, 'fit_intercept': True, 'intercept_scaling': 1, 'loss': 'squared_hinge', 'max_iter': 100, 'multi_class': 'ovr', 'penalty': 'l2', 'random_state': 42, 'tol': 0.0001, 'verbose': 0}",0.31459832191467285
Plant_oil,1,5,1,3,LogisticRegression,Magnitude_Warping,0.7236842105263158,0.7176733093154747,"{'C': np.float64(10.0), 'class_weight': None, 'dual': False, 'fit_intercept': True, 'intercept_scaling': 1, 'l1_ratio': None, 'max_iter': 100, 'multi_class': 'deprecated', 'n_jobs': None, 'penalty': None, 'random_state': 42, 'solver': 'lbfgs', 'tol': 0.0001, 'verbose': 0, 'warm_start': False}",1.7728307247161865
Plant_oil,1,5,1,3,RNN,Magnitude_Warping,0.3458646616541353,0.25563364523184146,"{'hidden_size': 64, 'epochs': 10, 'batch_size': 32, 'lr': 0.001}",1.3029327392578125
Plant_oil,1,5,1,5,KNN,Magnitude_Warping,0.804360902255639,0.7985693680206097,"{'algorithm': 'auto', 'leaf_size': 30, 'metric': 'euclidean', 'metric_params': None, 'n_jobs': None, 'n_neighbors': np.int64(3), 'p': 2, 'weights': 'uniform'}",0.7645485401153564
Plant_oil,1,5,1,5,RandomForest,Magnitude_Warping,0.7942105263157895,0.7863292100511762,"{'bootstrap': True, 'ccp_alpha': 0.0, 'class_weight': None, 'criterion': 'gini', 'max_depth': 20, 'max_features': 'sqrt', 'max_leaf_nodes': None, 'max_samples': None, 'min_impurity_decrease': 0.0, 'min_samples_leaf': 1, 'min_samples_split': 2, 'min_weight_fraction_leaf': 0.0, 'monotonic_cst': None, 'n_estimators': 100, 'n_jobs': None, 'oob_score': False, 'random_state': 42, 'verbose': 0, 'warm_start': False}",17.398669958114624
Plant_oil,1,5,1,5,LinearSVC,Magnitude_Warping,0.6635338345864662,0.6487430344153506,"{'C': np.float64(100.0), 'class_weight': None, 'dual': False, 'fit_intercept': True, 'intercept_scaling': 1, 'loss': 'squared_hinge', 'max_iter': 100, 'multi_class': 'ovr', 'penalty': 'l2', 'random_state': 42, 'tol': 0.0001, 'verbose': 0}",1.1912965774536133
Plant_oil,1,5,1,5,LogisticRegression,Magnitude_Warping,0.7239849624060151,0.718404831177887,"{'C': np.float64(10.0), 'class_weight': None, 'dual': False, 'fit_intercept': True, 'intercept_scaling': 1, 'l1_ratio': None, 'max_iter': 100, 'multi_class': 'deprecated', 'n_jobs': None, 'penalty': None, 'random_state': 42, 'solver': 'lbfgs', 'tol': 0.0001, 'verbose': 0, 'warm_start': False}",2.5206210613250732
Plant_oil,1,5,1,5,RNN,Magnitude_Warping,0.5112781954887218,0.4366727831184651,"{'hidden_size': 64, 'epochs': 10, 'batch_size': 32, 'lr': 0.001}",2.2195851802825928
Plant_oil,1,5,1,10,KNN,Magnitude_Warping,0.783233082706767,0.7745758951552888,"{'algorithm': 'auto', 'leaf_size': 30, 'metric': 'euclidean', 'metric_params': None, 'n_jobs': None, 'n_neighbors': np.int64(3), 'p': 2, 'weights': 'uniform'}",0.8765356540679932
Plant_oil,1,5,1,10,RandomForest,Magnitude_Warping,0.7722556390977443,0.762489301963189,"{'bootstrap': True, 'ccp_alpha': 0.0, 'class_weight': None, 'criterion': 'gini', 'max_depth': 20, 'max_features': 'sqrt', 'max_leaf_nodes': None, 'max_samples': None, 'min_impurity_decrease': 0.0, 'min_samples_leaf': 1, 'min_samples_split': 2, 'min_weight_fraction_leaf': 0.0, 'monotonic_cst': None, 'n_estimators': 100, 'n_jobs': None, 'oob_score': False, 'random_state': 42, 'verbose': 0, 'warm_start': False}",40.13709592819214
Plant_oil,1,5,1,10,LinearSVC,Magnitude_Warping,0.6516541353383458,0.6307683554179067,"{'C': np.float64(100.0), 'class_weight': None, 'dual': False, 'fit_intercept': True, 'intercept_scaling': 1, 'loss': 'squared_hinge', 'max_iter': 100, 'multi_class': 'ovr', 'penalty': 'l2', 'random_state': 42, 'tol': 0.0001, 'verbose': 0}",1.5015037059783936
Plant_oil,1,5,1,10,LogisticRegression,Magnitude_Warping,0.7234586466165414,0.7180917705746795,"{'C': np.float64(10.0), 'class_weight': None, 'dual': False, 'fit_intercept': True, 'intercept_scaling': 1, 'l1_ratio': None, 'max_iter': 100, 'multi_class': 'deprecated', 'n_jobs': None, 'penalty': None, 'random_state': 42, 'solver': 'lbfgs', 'tol': 0.0001, 'verbose': 0, 'warm_start': False}",5.559539318084717
Plant_oil,1,5,1,10,RNN,Magnitude_Warping,0.3609022556390977,0.2614780975657304,"{'hidden_size': 64, 'epochs': 10, 'batch_size': 32, 'lr': 0.001}",4.16601824760437
Plant_oil,1,5,1,2,KNN,Time_Warping,0.8115789473684211,0.8047949626561557,"{'algorithm': 'auto', 'leaf_size': 30, 'metric': 'euclidean', 'metric_params': None, 'n_jobs': None, 'n_neighbors': np.int64(3), 'p': 2, 'weights': 'uniform'}",0.6820566654205322
Plant_oil,1,5,1,2,RandomForest,Time_Warping,0.7649624060150376,0.7583448971849547,"{'bootstrap': True, 'ccp_alpha': 0.0, 'class_weight': None, 'criterion': 'gini', 'max_depth': 20, 'max_features': 'sqrt', 'max_leaf_nodes': None, 'max_samples': None, 'min_impurity_decrease': 0.0, 'min_samples_leaf': 1, 'min_samples_split': 2, 'min_weight_fraction_leaf': 0.0, 'monotonic_cst': None, 'n_estimators': 100, 'n_jobs': None, 'oob_score': False, 'random_state': 42, 'verbose': 0, 'warm_start': False}",5.921153545379639
Plant_oil,1,5,1,2,LinearSVC,Time_Warping,0.6957894736842105,0.6748345817486621,"{'C': np.float64(100.0), 'class_weight': None, 'dual': False, 'fit_intercept': True, 'intercept_scaling': 1, 'loss': 'squared_hinge', 'max_iter': 100, 'multi_class': 'ovr', 'penalty': 'l2', 'random_state': 42, 'tol': 0.0001, 'verbose': 0}",0.2122325897216797
Plant_oil,1,5,1,2,LogisticRegression,Time_Warping,0.7621804511278195,0.7559681659544085,"{'C': np.float64(10.0), 'class_weight': None, 'dual': False, 'fit_intercept': True, 'intercept_scaling': 1, 'l1_ratio': None, 'max_iter': 100, 'multi_class': 'deprecated', 'n_jobs': None, 'penalty': None, 'random_state': 42, 'solver': 'lbfgs', 'tol': 0.0001, 'verbose': 0, 'warm_start': False}",1.3553264141082764
Plant_oil,1,5,1,2,RNN,Time_Warping,0.3157894736842105,0.1966705031781516,"{'hidden_size': 64, 'epochs': 10, 'batch_size': 32, 'lr': 0.001}",1.0632319450378418
Plant_oil,1,5,1,3,KNN,Time_Warping,0.8111278195488721,0.8011678466231178,"{'algorithm': 'auto', 'leaf_size': 30, 'metric': 'euclidean', 'metric_params': None, 'n_jobs': None, 'n_neighbors': np.int64(3), 'p': 2, 'weights': 'uniform'}",1.5266833305358887
Plant_oil,1,5,1,3,RandomForest,Time_Warping,0.7552631578947369,0.7484656553462719,"{'bootstrap': True, 'ccp_alpha': 0.0, 'class_weight': None, 'criterion': 'gini', 'max_depth': 20, 'max_features': 'sqrt', 'max_leaf_nodes': None, 'max_samples': None, 'min_impurity_decrease': 0.0, 'min_samples_leaf': 1, 'min_samples_split': 2, 'min_weight_fraction_leaf': 0.0, 'monotonic_cst': None, 'n_estimators': 100, 'n_jobs': None, 'oob_score': False, 'random_state': 42, 'verbose': 0, 'warm_start': False}",8.402697086334229
Plant_oil,1,5,1,3,LinearSVC,Time_Warping,0.6856390977443609,0.6670056765201493,"{'C': np.float64(100.0), 'class_weight': None, 'dual': False, 'fit_intercept': True, 'intercept_scaling': 1, 'loss': 'squared_hinge', 'max_iter': 100, 'multi_class': 'ovr', 'penalty': 'l2', 'random_state': 42, 'tol': 0.0001, 'verbose': 0}",0.6708338260650635
Plant_oil,1,5,1,3,LogisticRegression,Time_Warping,0.7441353383458646,0.7365663894311054,"{'C': np.float64(10.0), 'class_weight': None, 'dual': False, 'fit_intercept': True, 'intercept_scaling': 1, 'l1_ratio': None, 'max_iter': 100, 'multi_class': 'deprecated', 'n_jobs': None, 'penalty': None, 'random_state': 42, 'solver': 'lbfgs', 'tol': 0.0001, 'verbose': 0, 'warm_start': False}",1.7047171592712402
Plant_oil,1,5,1,3,RNN,Time_Warping,0.44360902255639095,0.31188530702020306,"{'hidden_size': 64, 'epochs': 10, 'batch_size': 32, 'lr': 0.001}",1.7703280448913574
Plant_oil,1,5,1,5,KNN,Time_Warping,0.8006015037593985,0.793843650645119,"{'algorithm': 'auto', 'leaf_size': 30, 'metric': 'euclidean', 'metric_params': None, 'n_jobs': None, 'n_neighbors': np.int64(3), 'p': 2, 'weights': 'uniform'}",0.7843856811523438
Plant_oil,1,5,1,5,RandomForest,Time_Warping,0.7518796992481203,0.7454026725677924,"{'bootstrap': True, 'ccp_alpha': 0.0, 'class_weight': None, 'criterion': 'gini', 'max_depth': 20, 'max_features': 'sqrt', 'max_leaf_nodes': None, 'max_samples': None, 'min_impurity_decrease': 0.0, 'min_samples_leaf': 1, 'min_samples_split': 2, 'min_weight_fraction_leaf': 0.0, 'monotonic_cst': None, 'n_estimators': 100, 'n_jobs': None, 'oob_score': False, 'random_state': 42, 'verbose': 0, 'warm_start': False}",13.335464239120483
Plant_oil,1,5,1,5,LinearSVC,Time_Warping,0.6811278195488721,0.6614977895246446,"{'C': np.float64(100.0), 'class_weight': None, 'dual': False, 'fit_intercept': True, 'intercept_scaling': 1, 'loss': 'squared_hinge', 'max_iter': 100, 'multi_class': 'ovr', 'penalty': 'l2', 'random_state': 42, 'tol': 0.0001, 'verbose': 0}",0.5509486198425293
Plant_oil,1,5,1,5,LogisticRegression,Time_Warping,0.7465413533834586,0.7412177873660418,"{'C': np.float64(10.0), 'class_weight': None, 'dual': False, 'fit_intercept': True, 'intercept_scaling': 1, 'l1_ratio': None, 'max_iter': 100, 'multi_class': 'deprecated', 'n_jobs': None, 'penalty': None, 'random_state': 42, 'solver': 'lbfgs', 'tol': 0.0001, 'verbose': 0, 'warm_start': False}",3.313318967819214
Plant_oil,1,5,1,5,RNN,Time_Warping,0.5037593984962406,0.4300238793797168,"{'hidden_size': 64, 'epochs': 10, 'batch_size': 32, 'lr': 0.001}",2.963182210922241
Plant_oil,1,5,1,10,KNN,Time_Warping,0.8003007518796993,0.7906012504801377,"{'algorithm': 'auto', 'leaf_size': 30, 'metric': 'euclidean', 'metric_params': None, 'n_jobs': None, 'n_neighbors': np.int64(3), 'p': 2, 'weights': 'uniform'}",0.8798785209655762
Plant_oil,1,5,1,10,RandomForest,Time_Warping,0.7354887218045113,0.7301008401564224,"{'bootstrap': True, 'ccp_alpha': 0.0, 'class_weight': None, 'criterion': 'gini', 'max_depth': 20, 'max_features': 'sqrt', 'max_leaf_nodes': None, 'max_samples': None, 'min_impurity_decrease': 0.0, 'min_samples_leaf': 1, 'min_samples_split': 2, 'min_weight_fraction_leaf': 0.0, 'monotonic_cst': None, 'n_estimators': 100, 'n_jobs': None, 'oob_score': False, 'random_state': 42, 'verbose': 0, 'warm_start': False}",37.13775897026062
Plant_oil,1,5,1,10,LinearSVC,Time_Warping,0.6802255639097744,0.6594841300842899,"{'C': np.float64(100.0), 'class_weight': None, 'dual': False, 'fit_intercept': True, 'intercept_scaling': 1, 'loss': 'squared_hinge', 'max_iter': 100, 'multi_class': 'ovr', 'penalty': 'l2', 'random_state': 42, 'tol': 0.0001, 'verbose': 0}",1.8197674751281738
Plant_oil,1,5,1,10,LogisticRegression,Time_Warping,0.7454887218045113,0.7388146505650752,"{'C': np.float64(10.0), 'class_weight': None, 'dual': False, 'fit_intercept': True, 'intercept_scaling': 1, 'l1_ratio': None, 'max_iter': 100, 'multi_class': 'deprecated', 'n_jobs': None, 'penalty': None, 'random_state': 42, 'solver': 'lbfgs', 'tol': 0.0001, 'verbose': 0, 'warm_start': False}",4.778202772140503
Plant_oil,1,5,1,10,RNN,Time_Warping,0.5789473684210527,0.5319565044401768,"{'hidden_size': 64, 'epochs': 10, 'batch_size': 32, 'lr': 0.001}",6.212062120437622
Plant_oil,1,5,1,2,KNN,SMOTE,0.8349624060150376,0.8287888948730037,"{'algorithm': 'auto', 'leaf_size': 30, 'metric': 'euclidean', 'metric_params': None, 'n_jobs': None, 'n_neighbors': np.int64(3), 'p': 2, 'weights': 'uniform'}",0.7453351020812988
Plant_oil,1,5,1,2,RandomForest,SMOTE,0.7902255639097744,0.7855793589607725,"{'bootstrap': True, 'ccp_alpha': 0.0, 'class_weight': None, 'criterion': 'gini', 'max_depth': 20, 'max_features': 'sqrt', 'max_leaf_nodes': None, 'max_samples': None, 'min_impurity_decrease': 0.0, 'min_samples_leaf': 1, 'min_samples_split': 2, 'min_weight_fraction_leaf': 0.0, 'monotonic_cst': None, 'n_estimators': 100, 'n_jobs': None, 'oob_score': False, 'random_state': 42, 'verbose': 0, 'warm_start': False}",6.109213590621948
Plant_oil,1,5,1,2,LinearSVC,SMOTE,0.6974436090225564,0.6840975177236789,"{'C': np.float64(100.0), 'class_weight': None, 'dual': False, 'fit_intercept': True, 'intercept_scaling': 1, 'loss': 'squared_hinge', 'max_iter': 100, 'multi_class': 'ovr', 'penalty': 'l2', 'random_state': 42, 'tol': 0.0001, 'verbose': 0}",0.36368250846862793
Plant_oil,1,5,1,2,LogisticRegression,SMOTE,0.7655639097744361,0.7589364579384354,"{'C': np.float64(10.0), 'class_weight': None, 'dual': False, 'fit_intercept': True, 'intercept_scaling': 1, 'l1_ratio': None, 'max_iter': 100, 'multi_class': 'deprecated', 'n_jobs': None, 'penalty': None, 'random_state': 42, 'solver': 'lbfgs', 'tol': 0.0001, 'verbose': 0, 'warm_start': False}",0.9072287082672119
Plant_oil,1,5,1,2,RNN,SMOTE,0.22556390977443608,0.14856925545983718,"{'hidden_size': 64, 'epochs': 10, 'batch_size': 32, 'lr': 0.001}",1.3790082931518555
Plant_oil,1,5,1,3,KNN,SMOTE,0.8290977443609022,0.8247787986334514,"{'algorithm': 'auto', 'leaf_size': 30, 'metric': 'euclidean', 'metric_params': None, 'n_jobs': None, 'n_neighbors': np.int64(3), 'p': 2, 'weights': 'uniform'}",0.6891067028045654
Plant_oil,1,5,1,3,RandomForest,SMOTE,0.7912781954887218,0.7880420156652637,"{'bootstrap': True, 'ccp_alpha': 0.0, 'class_weight': None, 'criterion': 'gini', 'max_depth': 20, 'max_features': 'sqrt', 'max_leaf_nodes': None, 'max_samples': None, 'min_impurity_decrease': 0.0, 'min_samples_leaf': 1, 'min_samples_split': 2, 'min_weight_fraction_leaf': 0.0, 'monotonic_cst': None, 'n_estimators': 100, 'n_jobs': None, 'oob_score': False, 'random_state': 42, 'verbose': 0, 'warm_start': False}",7.34809947013855
Plant_oil,1,5,1,3,LinearSVC,SMOTE,0.7152631578947368,0.7115403896686706,"{'C': np.float64(100.0), 'class_weight': None, 'dual': False, 'fit_intercept': True, 'intercept_scaling': 1, 'loss': 'squared_hinge', 'max_iter': 100, 'multi_class': 'ovr', 'penalty': 'l2', 'random_state': 42, 'tol': 0.0001, 'verbose': 0}",0.35311007499694824
Plant_oil,1,5,1,3,LogisticRegression,SMOTE,0.772781954887218,0.7660110109995427,"{'C': np.float64(10.0), 'class_weight': None, 'dual': False, 'fit_intercept': True, 'intercept_scaling': 1, 'l1_ratio': None, 'max_iter': 100, 'multi_class': 'deprecated', 'n_jobs': None, 'penalty': None, 'random_state': 42, 'solver': 'lbfgs', 'tol': 0.0001, 'verbose': 0, 'warm_start': False}",2.751924991607666
Plant_oil,1,5,1,3,RNN,SMOTE,0.45864661654135336,0.3586522262714331,"{'hidden_size': 64, 'epochs': 10, 'batch_size': 32, 'lr': 0.001}",1.2759408950805664
Plant_oil,1,5,1,5,KNN,SMOTE,0.8456390977443609,0.840488410087775,"{'algorithm': 'auto', 'leaf_size': 30, 'metric': 'euclidean', 'metric_params': None, 'n_jobs': None, 'n_neighbors': np.int64(3), 'p': 2, 'weights': 'uniform'}",1.4933397769927979
Plant_oil,1,5,1,5,RandomForest,SMOTE,0.7979699248120301,0.7953990921549025,"{'bootstrap': True, 'ccp_alpha': 0.0, 'class_weight': None, 'criterion': 'gini', 'max_depth': 20, 'max_features': 'sqrt', 'max_leaf_nodes': None, 'max_samples': None, 'min_impurity_decrease': 0.0, 'min_samples_leaf': 1, 'min_samples_split': 2, 'min_weight_fraction_leaf': 0.0, 'monotonic_cst': None, 'n_estimators': 100, 'n_jobs': None, 'oob_score': False, 'random_state': 42, 'verbose': 0, 'warm_start': False}",15.205647706985474
Plant_oil,1,5,1,5,LinearSVC,SMOTE,0.6865413533834587,0.6743623906211508,"{'C': np.float64(100.0), 'class_weight': None, 'dual': False, 'fit_intercept': True, 'intercept_scaling': 1, 'loss': 'squared_hinge', 'max_iter': 100, 'multi_class': 'ovr', 'penalty': 'l2', 'random_state': 42, 'tol': 0.0001, 'verbose': 0}",1.0561208724975586
Plant_oil,1,5,1,5,LogisticRegression,SMOTE,0.7622556390977444,0.754098883735514,"{'C': np.float64(10.0), 'class_weight': None, 'dual': False, 'fit_intercept': True, 'intercept_scaling': 1, 'l1_ratio': None, 'max_iter': 100, 'multi_class': 'deprecated', 'n_jobs': None, 'penalty': None, 'random_state': 42, 'solver': 'lbfgs', 'tol': 0.0001, 'verbose': 0, 'warm_start': False}",2.338829517364502
Plant_oil,1,5,1,5,RNN,SMOTE,0.518796992481203,0.42891463725322565,"{'hidden_size': 64, 'epochs': 10, 'batch_size': 32, 'lr': 0.001}",2.6856865882873535
Plant_oil,1,5,1,10,KNN,SMOTE,0.8460902255639098,0.840126770559358,"{'algorithm': 'auto', 'leaf_size': 30, 'metric': 'euclidean', 'metric_params': None, 'n_jobs': None, 'n_neighbors': np.int64(3), 'p': 2, 'weights': 'uniform'}",0.8332479000091553
Plant_oil,1,5,1,10,RandomForest,SMOTE,0.7979699248120301,0.7950480677716997,"{'bootstrap': True, 'ccp_alpha': 0.0, 'class_weight': None, 'criterion': 'gini', 'max_depth': 20, 'max_features': 'sqrt', 'max_leaf_nodes': None, 'max_samples': None, 'min_impurity_decrease': 0.0, 'min_samples_leaf': 1, 'min_samples_split': 2, 'min_weight_fraction_leaf': 0.0, 'monotonic_cst': None, 'n_estimators': 100, 'n_jobs': None, 'oob_score': False, 'random_state': 42, 'verbose': 0, 'warm_start': False}",29.312877416610718
Plant_oil,1,5,1,10,LinearSVC,SMOTE,0.6929323308270676,0.6851341375142913,"{'C': np.float64(100.0), 'class_weight': None, 'dual': False, 'fit_intercept': True, 'intercept_scaling': 1, 'loss': 'squared_hinge', 'max_iter': 100, 'multi_class': 'ovr', 'penalty': 'l2', 'random_state': 42, 'tol': 0.0001, 'verbose': 0}",1.329988718032837
Plant_oil,1,5,1,10,LogisticRegression,SMOTE,0.7663157894736842,0.7568726642838416,"{'C': np.float64(10.0), 'class_weight': None, 'dual': False, 'fit_intercept': True, 'intercept_scaling': 1, 'l1_ratio': None, 'max_iter': 100, 'multi_class': 'deprecated', 'n_jobs': None, 'penalty': None, 'random_state': 42, 'solver': 'lbfgs', 'tol': 0.0001, 'verbose': 0, 'warm_start': False}",4.3540589809417725
Plant_oil,1,5,1,10,RNN,SMOTE,0.5639097744360902,0.5096012440993103,"{'hidden_size': 64, 'epochs': 10, 'batch_size': 32, 'lr': 0.001}",4.063351154327393
Plant_oil,1,5,1,2,KNN,Mixup,0.8137593984962406,0.8069797786004913,"{'algorithm': 'auto', 'leaf_size': 30, 'metric': 'euclidean', 'metric_params': None, 'n_jobs': None, 'n_neighbors': np.int64(3), 'p': 2, 'weights': 'uniform'}",1.0841073989868164
Plant_oil,1,5,1,2,RandomForest,Mixup,0.7830075187969925,0.7757261632551425,"{'bootstrap': True, 'ccp_alpha': 0.0, 'class_weight': None, 'criterion': 'gini', 'max_depth': 20, 'max_features': 'sqrt', 'max_leaf_nodes': None, 'max_samples': None, 'min_impurity_decrease': 0.0, 'min_samples_leaf': 1, 'min_samples_split': 2, 'min_weight_fraction_leaf': 0.0, 'monotonic_cst': None, 'n_estimators': 100, 'n_jobs': None, 'oob_score': False, 'random_state': 42, 'verbose': 0, 'warm_start': False}",4.546363115310669
Plant_oil,1,5,1,2,LinearSVC,Mixup,0.7114285714285714,0.7036795147236888,"{'C': np.float64(100.0), 'class_weight': None, 'dual': False, 'fit_intercept': True, 'intercept_scaling': 1, 'loss': 'squared_hinge', 'max_iter': 100, 'multi_class': 'ovr', 'penalty': 'l2', 'random_state': 42, 'tol': 0.0001, 'verbose': 0}",0.23128867149353027
Plant_oil,1,5,1,2,LogisticRegression,Mixup,0.7749624060150376,0.7686138765471567,"{'C': np.float64(10.0), 'class_weight': None, 'dual': False, 'fit_intercept': True, 'intercept_scaling': 1, 'l1_ratio': None, 'max_iter': 100, 'multi_class': 'deprecated', 'n_jobs': None, 'penalty': None, 'random_state': 42, 'solver': 'lbfgs', 'tol': 0.0001, 'verbose': 0, 'warm_start': False}",1.675739049911499
Plant_oil,1,5,1,2,RNN,Mixup,0.3157894736842105,0.19923010139728403,"{'hidden_size': 64, 'epochs': 10, 'batch_size': 32, 'lr': 0.001}",0.8500592708587646
Plant_oil,1,5,1,3,KNN,Mixup,0.8413533834586466,0.8355578261352549,"{'algorithm': 'auto', 'leaf_size': 30, 'metric': 'euclidean', 'metric_params': None, 'n_jobs': None, 'n_neighbors': np.int64(3), 'p': 2, 'weights': 'uniform'}",0.6909146308898926
Plant_oil,1,5,1,3,RandomForest,Mixup,0.8046616541353383,0.7997916838746669,"{'bootstrap': True, 'ccp_alpha': 0.0, 'class_weight': None, 'criterion': 'gini', 'max_depth': 20, 'max_features': 'sqrt', 'max_leaf_nodes': None, 'max_samples': None, 'min_impurity_decrease': 0.0, 'min_samples_leaf': 1, 'min_samples_split': 2, 'min_weight_fraction_leaf': 0.0, 'monotonic_cst': None, 'n_estimators': 100, 'n_jobs': None, 'oob_score': False, 'random_state': 42, 'verbose': 0, 'warm_start': False}",9.147646188735962
Plant_oil,1,5,1,3,LinearSVC,Mixup,0.7107518796992481,0.6954093118662067,"{'C': np.float64(100.0), 'class_weight': None, 'dual': False, 'fit_intercept': True, 'intercept_scaling': 1, 'loss': 'squared_hinge', 'max_iter': 100, 'multi_class': 'ovr', 'penalty': 'l2', 'random_state': 42, 'tol': 0.0001, 'verbose': 0}",0.7525210380554199
Plant_oil,1,5,1,3,LogisticRegression,Mixup,0.7653383458646617,0.75957638267073,"{'C': np.float64(10.0), 'class_weight': None, 'dual': False, 'fit_intercept': True, 'intercept_scaling': 1, 'l1_ratio': None, 'max_iter': 100, 'multi_class': 'deprecated', 'n_jobs': None, 'penalty': None, 'random_state': 42, 'solver': 'lbfgs', 'tol': 0.0001, 'verbose': 0, 'warm_start': False}",2.7711806297302246
Plant_oil,1,5,1,3,RNN,Mixup,0.41353383458646614,0.2922386924428667,"{'hidden_size': 64, 'epochs': 10, 'batch_size': 32, 'lr': 0.001}",1.3477540016174316
Plant_oil,1,5,1,5,KNN,Mixup,0.8274436090225564,0.8223845862067259,"{'algorithm': 'auto', 'leaf_size': 30, 'metric': 'euclidean', 'metric_params': None, 'n_jobs': None, 'n_neighbors': np.int64(3), 'p': 2, 'weights': 'uniform'}",1.6117596626281738
Plant_oil,1,5,1,5,RandomForest,Mixup,0.7898496240601504,0.7872044459002724,"{'bootstrap': True, 'ccp_alpha': 0.0, 'class_weight': None, 'criterion': 'gini', 'max_depth': 20, 'max_features': 'sqrt', 'max_leaf_nodes': None, 'max_samples': None, 'min_impurity_decrease': 0.0, 'min_samples_leaf': 1, 'min_samples_split': 2, 'min_weight_fraction_leaf': 0.0, 'monotonic_cst': None, 'n_estimators': 100, 'n_jobs': None, 'oob_score': False, 'random_state': 42, 'verbose': 0, 'warm_start': False}",16.66742467880249
Plant_oil,1,5,1,5,LinearSVC,Mixup,0.7104511278195489,0.6982916723111491,"{'C': np.float64(100.0), 'class_weight': None, 'dual': False, 'fit_intercept': True, 'intercept_scaling': 1, 'loss': 'squared_hinge', 'max_iter': 100, 'multi_class': 'ovr', 'penalty': 'l2', 'random_state': 42, 'tol': 0.0001, 'verbose': 0}",0.5751221179962158
Plant_oil,1,5,1,5,LogisticRegression,Mixup,0.7718045112781955,0.7638388691523098,"{'C': np.float64(10.0), 'class_weight': None, 'dual': False, 'fit_intercept': True, 'intercept_scaling': 1, 'l1_ratio': None, 'max_iter': 100, 'multi_class': 'deprecated', 'n_jobs': None, 'penalty': None, 'random_state': 42, 'solver': 'lbfgs', 'tol': 0.0001, 'verbose': 0, 'warm_start': False}",2.8494410514831543
Plant_oil,1,5,1,5,RNN,Mixup,0.41353383458646614,0.30775576414674155,"{'hidden_size': 64, 'epochs': 10, 'batch_size': 32, 'lr': 0.001}",2.052241086959839
Plant_oil,1,5,1,10,KNN,Mixup,0.8423308270676692,0.8368705086669577,"{'algorithm': 'auto', 'leaf_size': 30, 'metric': 'euclidean', 'metric_params': None, 'n_jobs': None, 'n_neighbors': np.int64(3), 'p': 2, 'weights': 'uniform'}",1.0996086597442627
Plant_oil,1,5,1,10,RandomForest,Mixup,0.7925563909774436,0.7879464803604348,"{'bootstrap': True, 'ccp_alpha': 0.0, 'class_weight': None, 'criterion': 'gini', 'max_depth': 20, 'max_features': 'sqrt', 'max_leaf_nodes': None, 'max_samples': None, 'min_impurity_decrease': 0.0, 'min_samples_leaf': 1, 'min_samples_split': 2, 'min_weight_fraction_leaf': 0.0, 'monotonic_cst': None, 'n_estimators': 100, 'n_jobs': None, 'oob_score': False, 'random_state': 42, 'verbose': 0, 'warm_start': False}",27.009544372558594
Plant_oil,1,5,1,10,LinearSVC,Mixup,0.7042857142857143,0.6952364181053473,"{'C': np.float64(100.0), 'class_weight': None, 'dual': False, 'fit_intercept': True, 'intercept_scaling': 1, 'loss': 'squared_hinge', 'max_iter': 100, 'multi_class': 'ovr', 'penalty': 'l2', 'random_state': 42, 'tol': 0.0001, 'verbose': 0}",1.5032484531402588
Plant_oil,1,5,1,10,LogisticRegression,Mixup,0.7627067669172932,0.7570533444330664,"{'C': np.float64(10.0), 'class_weight': None, 'dual': False, 'fit_intercept': True, 'intercept_scaling': 1, 'l1_ratio': None, 'max_iter': 100, 'multi_class': 'deprecated', 'n_jobs': None, 'penalty': None, 'random_state': 42, 'solver': 'lbfgs', 'tol': 0.0001, 'verbose': 0, 'warm_start': False}",4.55499005317688
Plant_oil,1,5,1,10,RNN,Mixup,0.5789473684210527,0.5289557142940602,"{'hidden_size': 64, 'epochs': 10, 'batch_size': 32, 'lr': 0.001}",5.229281425476074
Plant_oil,1,5,1,2,KNN,GMM,0.8003759398496241,0.7944426607346192,"{'algorithm': 'auto', 'leaf_size': 30, 'metric': 'euclidean', 'metric_params': None, 'n_jobs': None, 'n_neighbors': np.int64(3), 'p': 2, 'weights': 'uniform'}",0.989652156829834
Plant_oil,1,5,1,2,RandomForest,GMM,0.7818045112781955,0.7742825688256837,"{'bootstrap': True, 'ccp_alpha': 0.0, 'class_weight': None, 'criterion': 'gini', 'max_depth': 20, 'max_features': 'sqrt', 'max_leaf_nodes': None, 'max_samples': None, 'min_impurity_decrease': 0.0, 'min_samples_leaf': 1, 'min_samples_split': 2, 'min_weight_fraction_leaf': 0.0, 'monotonic_cst': None, 'n_estimators': 100, 'n_jobs': None, 'oob_score': False, 'random_state': 42, 'verbose': 0, 'warm_start': False}",6.524023056030273
Plant_oil,1,5,1,2,LinearSVC,GMM,0.7126315789473684,0.6915584576700343,"{'C': np.float64(100.0), 'class_weight': None, 'dual': False, 'fit_intercept': True, 'intercept_scaling': 1, 'loss': 'squared_hinge', 'max_iter': 100, 'multi_class': 'ovr', 'penalty': 'l2', 'random_state': 42, 'tol': 0.0001, 'verbose': 0}",0.23827505111694336
Plant_oil,1,5,1,2,LogisticRegression,GMM,0.7766917293233083,0.769412220593365,"{'C': np.float64(10.0), 'class_weight': None, 'dual': False, 'fit_intercept': True, 'intercept_scaling': 1, 'l1_ratio': None, 'max_iter': 100, 'multi_class': 'deprecated', 'n_jobs': None, 'penalty': None, 'random_state': 42, 'solver': 'lbfgs', 'tol': 0.0001, 'verbose': 0, 'warm_start': False}",1.1849753856658936
Plant_oil,1,5,1,2,RNN,GMM,0.39097744360902253,0.2650876589417388,"{'hidden_size': 64, 'epochs': 10, 'batch_size': 32, 'lr': 0.001}",1.2018101215362549
Plant_oil,1,5,1,3,KNN,GMM,0.8036842105263158,0.7982011625359646,"{'algorithm': 'auto', 'leaf_size': 30, 'metric': 'euclidean', 'metric_params': None, 'n_jobs': None, 'n_neighbors': np.int64(3), 'p': 2, 'weights': 'uniform'}",1.5032236576080322
Plant_oil,1,5,1,3,RandomForest,GMM,0.7744360902255639,0.7652015291839569,"{'bootstrap': True, 'ccp_alpha': 0.0, 'class_weight': None, 'criterion': 'gini', 'max_depth': 20, 'max_features': 'sqrt', 'max_leaf_nodes': None, 'max_samples': None, 'min_impurity_decrease': 0.0, 'min_samples_leaf': 1, 'min_samples_split': 2, 'min_weight_fraction_leaf': 0.0, 'monotonic_cst': None, 'n_estimators': 100, 'n_jobs': None, 'oob_score': False, 'random_state': 42, 'verbose': 0, 'warm_start': False}",9.621192216873169
Plant_oil,1,5,1,3,LinearSVC,GMM,0.7050375939849624,0.6840881541713851,"{'C': np.float64(100.0), 'class_weight': None, 'dual': False, 'fit_intercept': True, 'intercept_scaling': 1, 'loss': 'squared_hinge', 'max_iter': 100, 'multi_class': 'ovr', 'penalty': 'l2', 'random_state': 42, 'tol': 0.0001, 'verbose': 0}",0.6108202934265137
Plant_oil,1,5,1,3,LogisticRegression,GMM,0.7681203007518796,0.7608106370683705,"{'C': np.float64(10.0), 'class_weight': None, 'dual': False, 'fit_intercept': True, 'intercept_scaling': 1, 'l1_ratio': None, 'max_iter': 100, 'multi_class': 'deprecated', 'n_jobs': None, 'penalty': None, 'random_state': 42, 'solver': 'lbfgs', 'tol': 0.0001, 'verbose': 0, 'warm_start': False}",1.7917556762695312
Plant_oil,1,5,1,3,RNN,GMM,0.46616541353383456,0.3665954873513243,"{'hidden_size': 64, 'epochs': 10, 'batch_size': 32, 'lr': 0.001}",1.3371944427490234
Plant_oil,1,5,1,5,KNN,GMM,0.7879699248120301,0.7825533261295787,"{'algorithm': 'auto', 'leaf_size': 30, 'metric': 'euclidean', 'metric_params': None, 'n_jobs': None, 'n_neighbors': np.int64(3), 'p': 2, 'weights': 'uniform'}",1.5383052825927734
Plant_oil,1,5,1,5,RandomForest,GMM,0.7711278195488722,0.7633646744938349,"{'bootstrap': True, 'ccp_alpha': 0.0, 'class_weight': None, 'criterion': 'gini', 'max_depth': 20, 'max_features': 'sqrt', 'max_leaf_nodes': None, 'max_samples': None, 'min_impurity_decrease': 0.0, 'min_samples_leaf': 1, 'min_samples_split': 2, 'min_weight_fraction_leaf': 0.0, 'monotonic_cst': None, 'n_estimators': 100, 'n_jobs': None, 'oob_score': False, 'random_state': 42, 'verbose': 0, 'warm_start': False}",19.214943647384644
Plant_oil,1,5,1,5,LinearSVC,GMM,0.7029323308270676,0.6804655030535945,"{'C': np.float64(100.0), 'class_weight': None, 'dual': False, 'fit_intercept': True, 'intercept_scaling': 1, 'loss': 'squared_hinge', 'max_iter': 100, 'multi_class': 'ovr', 'penalty': 'l2', 'random_state': 42, 'tol': 0.0001, 'verbose': 0}",0.6868641376495361
Plant_oil,1,5,1,5,LogisticRegression,GMM,0.7661654135338346,0.7594137319002753,"{'C': np.float64(10.0), 'class_weight': None, 'dual': False, 'fit_intercept': True, 'intercept_scaling': 1, 'l1_ratio': None, 'max_iter': 100, 'multi_class': 'deprecated', 'n_jobs': None, 'penalty': None, 'random_state': 42, 'solver': 'lbfgs', 'tol': 0.0001, 'verbose': 0, 'warm_start': False}",2.760261297225952
Plant_oil,1,5,1,5,RNN,GMM,0.48872180451127817,0.41099171815499985,"{'hidden_size': 64, 'epochs': 10, 'batch_size': 32, 'lr': 0.001}",4.1976377964019775
Plant_oil,1,5,1,10,KNN,GMM,0.7830827067669173,0.7788438678629449,"{'algorithm': 'auto', 'leaf_size': 30, 'metric': 'euclidean', 'metric_params': None, 'n_jobs': None, 'n_neighbors': np.int64(3), 'p': 2, 'weights': 'uniform'}",0.9050397872924805
Plant_oil,1,5,1,10,RandomForest,GMM,0.7594736842105263,0.7535244362345885,"{'bootstrap': True, 'ccp_alpha': 0.0, 'class_weight': None, 'criterion': 'gini', 'max_depth': 20, 'max_features': 'sqrt', 'max_leaf_nodes': None, 'max_samples': None, 'min_impurity_decrease': 0.0, 'min_samples_leaf': 1, 'min_samples_split': 2, 'min_weight_fraction_leaf': 0.0, 'monotonic_cst': None, 'n_estimators': 100, 'n_jobs': None, 'oob_score': False, 'random_state': 42, 'verbose': 0, 'warm_start': False}",34.01387000083923
Plant_oil,1,5,1,10,LinearSVC,GMM,0.7053383458646617,0.6830749686551143,"{'C': np.float64(100.0), 'class_weight': None, 'dual': False, 'fit_intercept': True, 'intercept_scaling': 1, 'loss': 'squared_hinge', 'max_iter': 100, 'multi_class': 'ovr', 'penalty': 'l2', 'random_state': 42, 'tol': 0.0001, 'verbose': 0}",1.5819778442382812
Plant_oil,1,5,1,10,LogisticRegression,GMM,0.7618796992481203,0.7555225408178564,"{'C': np.float64(10.0), 'class_weight': None, 'dual': False, 'fit_intercept': True, 'intercept_scaling': 1, 'l1_ratio': None, 'max_iter': 100, 'multi_class': 'deprecated', 'n_jobs': None, 'penalty': None, 'random_state': 42, 'solver': 'lbfgs', 'tol': 0.0001, 'verbose': 0, 'warm_start': False}",5.369762420654297
Plant_oil,1,5,1,10,RNN,GMM,0.6766917293233082,0.6448963667329105,"{'hidden_size': 64, 'epochs': 10, 'batch_size': 32, 'lr': 0.001}",4.31818151473999
Plant_oil,1,5,1,2,KNN,HMM_GMM,0.7987969924812031,0.7903192260484333,"{'algorithm': 'auto', 'leaf_size': 30, 'metric': 'euclidean', 'metric_params': None, 'n_jobs': None, 'n_neighbors': np.int64(3), 'p': 2, 'weights': 'uniform'}",0.6905691623687744
Plant_oil,1,5,1,2,RandomForest,HMM_GMM,0.7772932330827068,0.7695186982961765,"{'bootstrap': True, 'ccp_alpha': 0.0, 'class_weight': None, 'criterion': 'gini', 'max_depth': 20, 'max_features': 'sqrt', 'max_leaf_nodes': None, 'max_samples': None, 'min_impurity_decrease': 0.0, 'min_samples_leaf': 1, 'min_samples_split': 2, 'min_weight_fraction_leaf': 0.0, 'monotonic_cst': None, 'n_estimators': 100, 'n_jobs': None, 'oob_score': False, 'random_state': 42, 'verbose': 0, 'warm_start': False}",4.048682689666748
Plant_oil,1,5,1,2,LinearSVC,HMM_GMM,0.6779699248120301,0.6639648500753838,"{'C': np.float64(100.0), 'class_weight': None, 'dual': False, 'fit_intercept': True, 'intercept_scaling': 1, 'loss': 'squared_hinge', 'max_iter': 100, 'multi_class': 'ovr', 'penalty': 'l2', 'random_state': 42, 'tol': 0.0001, 'verbose': 0}",0.22351789474487305
Plant_oil,1,5,1,2,LogisticRegression,HMM_GMM,0.7175187969924812,0.710236636278374,"{'C': np.float64(10.0), 'class_weight': None, 'dual': False, 'fit_intercept': True, 'intercept_scaling': 1, 'l1_ratio': None, 'max_iter': 100, 'multi_class': 'deprecated', 'n_jobs': None, 'penalty': None, 'random_state': 42, 'solver': 'lbfgs', 'tol': 0.0001, 'verbose': 0, 'warm_start': False}",0.9717860221862793
Plant_oil,1,5,1,2,RNN,HMM_GMM,0.3007518796992481,0.1911213078423485,"{'hidden_size': 64, 'epochs': 10, 'batch_size': 32, 'lr': 0.001}",0.8565230369567871
Plant_oil,1,5,1,3,KNN,HMM_GMM,0.7987969924812031,0.7903192260484333,"{'algorithm': 'auto', 'leaf_size': 30, 'metric': 'euclidean', 'metric_params': None, 'n_jobs': None, 'n_neighbors': np.int64(3), 'p': 2, 'weights': 'uniform'}",0.7085239887237549
Plant_oil,1,5,1,3,RandomForest,HMM_GMM,0.7767669172932331,0.7696307023297039,"{'bootstrap': True, 'ccp_alpha': 0.0, 'class_weight': None, 'criterion': 'gini', 'max_depth': 20, 'max_features': 'sqrt', 'max_leaf_nodes': None, 'max_samples': None, 'min_impurity_decrease': 0.0, 'min_samples_leaf': 1, 'min_samples_split': 2, 'min_weight_fraction_leaf': 0.0, 'monotonic_cst': None, 'n_estimators': 100, 'n_jobs': None, 'oob_score': False, 'random_state': 42, 'verbose': 0, 'warm_start': False}",5.244540691375732
Plant_oil,1,5,1,3,LinearSVC,HMM_GMM,0.6551127819548872,0.6445075055225375,"{'C': np.float64(100.0), 'class_weight': None, 'dual': False, 'fit_intercept': True, 'intercept_scaling': 1, 'loss': 'squared_hinge', 'max_iter': 100, 'multi_class': 'ovr', 'penalty': 'l2', 'random_state': 42, 'tol': 0.0001, 'verbose': 0}",0.768240213394165
Plant_oil,1,5,1,3,LogisticRegression,HMM_GMM,0.6821804511278196,0.6731490055663542,"{'C': np.float64(10.0), 'class_weight': None, 'dual': False, 'fit_intercept': True, 'intercept_scaling': 1, 'l1_ratio': None, 'max_iter': 100, 'multi_class': 'deprecated', 'n_jobs': None, 'penalty': None, 'random_state': 42, 'solver': 'lbfgs', 'tol': 0.0001, 'verbose': 0, 'warm_start': False}",1.8407025337219238
Plant_oil,1,5,1,3,RNN,HMM_GMM,0.2932330827067669,0.19080599300144327,"{'hidden_size': 64, 'epochs': 10, 'batch_size': 32, 'lr': 0.001}",2.186466932296753
Plant_oil,1,5,1,5,KNN,HMM_GMM,0.7988721804511278,0.7903943900815162,"{'algorithm': 'auto', 'leaf_size': 30, 'metric': 'euclidean', 'metric_params': None, 'n_jobs': None, 'n_neighbors': np.int64(3), 'p': 2, 'weights': 'uniform'}",0.7495841979980469
Plant_oil,1,5,1,5,RandomForest,HMM_GMM,0.7699248120300752,0.7612867788199634,"{'bootstrap': True, 'ccp_alpha': 0.0, 'class_weight': None, 'criterion': 'gini', 'max_depth': 20, 'max_features': 'sqrt', 'max_leaf_nodes': None, 'max_samples': None, 'min_impurity_decrease': 0.0, 'min_samples_leaf': 1, 'min_samples_split': 2, 'min_weight_fraction_leaf': 0.0, 'monotonic_cst': None, 'n_estimators': 100, 'n_jobs': None, 'oob_score': False, 'random_state': 42, 'verbose': 0, 'warm_start': False}",6.016997337341309
Plant_oil,1,5,1,5,LinearSVC,HMM_GMM,0.6264661654135338,0.6173594869865874,"{'C': np.float64(100.0), 'class_weight': None, 'dual': False, 'fit_intercept': True, 'intercept_scaling': 1, 'loss': 'squared_hinge', 'max_iter': 100, 'multi_class': 'ovr', 'penalty': 'l2', 'random_state': 42, 'tol': 0.0001, 'verbose': 0}",0.5986764430999756
Plant_oil,1,5,1,5,LogisticRegression,HMM_GMM,0.6467669172932331,0.6373042761087673,"{'C': np.float64(10.0), 'class_weight': None, 'dual': False, 'fit_intercept': True, 'intercept_scaling': 1, 'l1_ratio': None, 'max_iter': 100, 'multi_class': 'deprecated', 'n_jobs': None, 'penalty': None, 'random_state': 42, 'solver': 'lbfgs', 'tol': 0.0001, 'verbose': 0, 'warm_start': False}",2.722736120223999
Plant_oil,1,5,1,5,RNN,HMM_GMM,0.5037593984962406,0.4684234783777117,"{'hidden_size': 64, 'epochs': 10, 'batch_size': 32, 'lr': 0.001}",2.70759654045105
Plant_oil,1,5,1,10,KNN,HMM_GMM,0.7987969924812031,0.7903192260484333,"{'algorithm': 'auto', 'leaf_size': 30, 'metric': 'euclidean', 'metric_params': None, 'n_jobs': None, 'n_neighbors': np.int64(3), 'p': 2, 'weights': 'uniform'}",0.853884220123291
Plant_oil,1,5,1,10,RandomForest,HMM_GMM,0.769624060150376,0.7609988388289038,"{'bootstrap': True, 'ccp_alpha': 0.0, 'class_weight': None, 'criterion': 'gini', 'max_depth': 20, 'max_features': 'sqrt', 'max_leaf_nodes': None, 'max_samples': None, 'min_impurity_decrease': 0.0, 'min_samples_leaf': 1, 'min_samples_split': 2, 'min_weight_fraction_leaf': 0.0, 'monotonic_cst': None, 'n_estimators': 100, 'n_jobs': None, 'oob_score': False, 'random_state': 42, 'verbose': 0, 'warm_start': False}",10.129093408584595
Plant_oil,1,5,1,10,LinearSVC,HMM_GMM,0.6015037593984962,0.5937059988257448,"{'C': np.float64(100.0), 'class_weight': None, 'dual': False, 'fit_intercept': True, 'intercept_scaling': 1, 'loss': 'squared_hinge', 'max_iter': 100, 'multi_class': 'ovr', 'penalty': 'l2', 'random_state': 42, 'tol': 0.0001, 'verbose': 0}",2.0302634239196777
Plant_oil,1,5,1,10,LogisticRegression,HMM_GMM,0.609624060150376,0.5988952291752077,"{'C': np.float64(10.0), 'class_weight': None, 'dual': False, 'fit_intercept': True, 'intercept_scaling': 1, 'l1_ratio': None, 'max_iter': 100, 'multi_class': 'deprecated', 'n_jobs': None, 'penalty': None, 'random_state': 42, 'solver': 'lbfgs', 'tol': 0.0001, 'verbose': 0, 'warm_start': False}",5.412073612213135
Plant_oil,1,5,1,10,RNN,HMM_GMM,0.5714285714285714,0.5201589223592762,"{'hidden_size': 64, 'epochs': 10, 'batch_size': 32, 'lr': 0.001}",4.561830043792725
Plant_oil,1,5,2,1,KNN,Baseline,0.8228571428571428,0.8184066396400879,"{'algorithm': 'auto', 'leaf_size': 30, 'metric': 'minkowski', 'metric_params': None, 'n_jobs': None, 'n_neighbors': 5, 'p': 2, 'weights': 'uniform'}",0.8163485527038574
Plant_oil,1,5,2,1,KNN,Tuned_Baseline,0.8225563909774436,0.8181094743447924,"{'algorithm': 'auto', 'leaf_size': 30, 'metric': 'euclidean', 'metric_params': None, 'n_jobs': None, 'n_neighbors': np.int64(3), 'p': 2, 'weights': 'uniform'}",0.6399440765380859
Plant_oil,1,5,2,1,RandomForest,Baseline,0.7629323308270677,0.7554322871916301,"{'bootstrap': True, 'ccp_alpha': 0.0, 'class_weight': None, 'criterion': 'gini', 'max_depth': None, 'max_features': 'sqrt', 'max_leaf_nodes': None, 'max_samples': None, 'min_impurity_decrease': 0.0, 'min_samples_leaf': 1, 'min_samples_split': 2, 'min_weight_fraction_leaf': 0.0, 'monotonic_cst': None, 'n_estimators': 100, 'n_jobs': None, 'oob_score': False, 'random_state': 42, 'verbose': 0, 'warm_start': False}",3.200178861618042
Plant_oil,1,5,2,1,RandomForest,Tuned_Baseline,0.7645112781954887,0.7577343908568307,"{'bootstrap': True, 'ccp_alpha': 0.0, 'class_weight': None, 'criterion': 'gini', 'max_depth': None, 'max_features': 'sqrt', 'max_leaf_nodes': None, 'max_samples': None, 'min_impurity_decrease': 0.0, 'min_samples_leaf': 2, 'min_samples_split': 2, 'min_weight_fraction_leaf': 0.0, 'monotonic_cst': None, 'n_estimators': 100, 'n_jobs': None, 'oob_score': False, 'random_state': 42, 'verbose': 0, 'warm_start': False}",0.09001326560974121
Plant_oil,1,5,2,1,LinearSVC,Baseline,0.7063157894736842,0.6936981843116204,"{'C': 1.0, 'class_weight': None, 'dual': False, 'fit_intercept': True, 'intercept_scaling': 1, 'loss': 'squared_hinge', 'max_iter': 100, 'multi_class': 'ovr', 'penalty': 'l2', 'random_state': 42, 'tol': 0.0001, 'verbose': 0}",0.21216106414794922
Plant_oil,1,5,2,1,LinearSVC,Tuned_Baseline,0.7038345864661654,0.6925505345151726,"{'C': np.float64(10.0), 'class_weight': None, 'dual': False, 'fit_intercept': True, 'intercept_scaling': 1, 'loss': 'squared_hinge', 'max_iter': 100, 'multi_class': 'ovr', 'penalty': 'l2', 'random_state': 42, 'tol': 0.0001, 'verbose': 0}",0.0019769668579101562
Plant_oil,1,5,2,1,LogisticRegression,Baseline,0.7528571428571429,0.7405278557115944,"{'C': 1.0, 'class_weight': None, 'dual': False, 'fit_intercept': True, 'intercept_scaling': 1, 'l1_ratio': None, 'max_iter': 100, 'multi_class': 'deprecated', 'n_jobs': None, 'penalty': 'l2', 'random_state': 42, 'solver': 'lbfgs', 'tol': 0.0001, 'verbose': 0, 'warm_start': False}",0.993152379989624
Plant_oil,1,5,2,1,LogisticRegression,Tuned_Baseline,0.747218045112782,0.7356435725738127,"{'C': np.float64(100.0), 'class_weight': None, 'dual': False, 'fit_intercept': True, 'intercept_scaling': 1, 'l1_ratio': None, 'max_iter': 100, 'multi_class': 'deprecated', 'n_jobs': None, 'penalty': None, 'random_state': 42, 'solver': 'lbfgs', 'tol': 0.0001, 'verbose': 0, 'warm_start': False}",0.0019423961639404297
Plant_oil,1,5,2,1,RNN,Baseline,0.23308270676691728,0.13229942694781263,"{'hidden_size': 64, 'epochs': 10, 'batch_size': 32, 'lr': 0.001}",0.4939305782318115
Plant_oil,1,5,2,1,RNN,Tuned_Baseline,0.23308270676691728,0.13229942694781263,"{'hidden_size': 64, 'epochs': 10, 'batch_size': 32, 'lr': 0.001}",0.007363080978393555
Plant_oil,1,5,2,2,KNN,Jittering,0.8222556390977444,0.8171312169141417,"{'algorithm': 'auto', 'leaf_size': 30, 'metric': 'euclidean', 'metric_params': None, 'n_jobs': None, 'n_neighbors': np.int64(3), 'p': 2, 'weights': 'uniform'}",0.6793367862701416
Plant_oil,1,5,2,2,RandomForest,Jittering,0.7972180451127819,0.7904606134540418,"{'bootstrap': True, 'ccp_alpha': 0.0, 'class_weight': None, 'criterion': 'gini', 'max_depth': None, 'max_features': 'sqrt', 'max_leaf_nodes': None, 'max_samples': None, 'min_impurity_decrease': 0.0, 'min_samples_leaf': 2, 'min_samples_split': 2, 'min_weight_fraction_leaf': 0.0, 'monotonic_cst': None, 'n_estimators': 100, 'n_jobs': None, 'oob_score': False, 'random_state': 42, 'verbose': 0, 'warm_start': False}",7.483708381652832
Plant_oil,1,5,2,2,LinearSVC,Jittering,0.7019548872180451,0.6908079275921498,"{'C': np.float64(10.0), 'class_weight': None, 'dual': False, 'fit_intercept': True, 'intercept_scaling': 1, 'loss': 'squared_hinge', 'max_iter': 100, 'multi_class': 'ovr', 'penalty': 'l2', 'random_state': 42, 'tol': 0.0001, 'verbose': 0}",0.5203726291656494
Plant_oil,1,5,2,2,LogisticRegression,Jittering,0.7507518796992482,0.7371594602174357,"{'C': np.float64(100.0), 'class_weight': None, 'dual': False, 'fit_intercept': True, 'intercept_scaling': 1, 'l1_ratio': None, 'max_iter': 100, 'multi_class': 'deprecated', 'n_jobs': None, 'penalty': None, 'random_state': 42, 'solver': 'lbfgs', 'tol': 0.0001, 'verbose': 0, 'warm_start': False}",1.8252334594726562
Plant_oil,1,5,2,2,RNN,Jittering,0.3458646616541353,0.2741594883567462,"{'hidden_size': 64, 'epochs': 10, 'batch_size': 32, 'lr': 0.001}",0.9852485656738281
Plant_oil,1,5,2,3,KNN,Jittering,0.8245864661654135,0.8198065763531345,"{'algorithm': 'auto', 'leaf_size': 30, 'metric': 'euclidean', 'metric_params': None, 'n_jobs': None, 'n_neighbors': np.int64(3), 'p': 2, 'weights': 'uniform'}",0.7043180465698242
Plant_oil,1,5,2,3,RandomForest,Jittering,0.7904511278195488,0.7827035079608506,"{'bootstrap': True, 'ccp_alpha': 0.0, 'class_weight': None, 'criterion': 'gini', 'max_depth': None, 'max_features': 'sqrt', 'max_leaf_nodes': None, 'max_samples': None, 'min_impurity_decrease': 0.0, 'min_samples_leaf': 2, 'min_samples_split': 2, 'min_weight_fraction_leaf': 0.0, 'monotonic_cst': None, 'n_estimators': 100, 'n_jobs': None, 'oob_score': False, 'random_state': 42, 'verbose': 0, 'warm_start': False}",9.6930410861969
Plant_oil,1,5,2,3,LinearSVC,Jittering,0.6986466165413534,0.6874072017653251,"{'C': np.float64(10.0), 'class_weight': None, 'dual': False, 'fit_intercept': True, 'intercept_scaling': 1, 'loss': 'squared_hinge', 'max_iter': 100, 'multi_class': 'ovr', 'penalty': 'l2', 'random_state': 42, 'tol': 0.0001, 'verbose': 0}",0.4752078056335449
Plant_oil,1,5,2,3,LogisticRegression,Jittering,0.758421052631579,0.7454774371018258,"{'C': np.float64(100.0), 'class_weight': None, 'dual': False, 'fit_intercept': True, 'intercept_scaling': 1, 'l1_ratio': None, 'max_iter': 100, 'multi_class': 'deprecated', 'n_jobs': None, 'penalty': None, 'random_state': 42, 'solver': 'lbfgs', 'tol': 0.0001, 'verbose': 0, 'warm_start': False}",1.3662385940551758
Plant_oil,1,5,2,3,RNN,Jittering,0.518796992481203,0.43503056104955595,"{'hidden_size': 64, 'epochs': 10, 'batch_size': 32, 'lr': 0.001}",1.3204915523529053
Plant_oil,1,5,2,5,KNN,Jittering,0.8227067669172933,0.8184751991311541,"{'algorithm': 'auto', 'leaf_size': 30, 'metric': 'euclidean', 'metric_params': None, 'n_jobs': None, 'n_neighbors': np.int64(3), 'p': 2, 'weights': 'uniform'}",0.7996120452880859
Plant_oil,1,5,2,5,RandomForest,Jittering,0.7941353383458647,0.7855872240901101,"{'bootstrap': True, 'ccp_alpha': 0.0, 'class_weight': None, 'criterion': 'gini', 'max_depth': None, 'max_features': 'sqrt', 'max_leaf_nodes': None, 'max_samples': None, 'min_impurity_decrease': 0.0, 'min_samples_leaf': 2, 'min_samples_split': 2, 'min_weight_fraction_leaf': 0.0, 'monotonic_cst': None, 'n_estimators': 100, 'n_jobs': None, 'oob_score': False, 'random_state': 42, 'verbose': 0, 'warm_start': False}",14.187883138656616
Plant_oil,1,5,2,5,LinearSVC,Jittering,0.6982706766917294,0.6873488396124289,"{'C': np.float64(10.0), 'class_weight': None, 'dual': False, 'fit_intercept': True, 'intercept_scaling': 1, 'loss': 'squared_hinge', 'max_iter': 100, 'multi_class': 'ovr', 'penalty': 'l2', 'random_state': 42, 'tol': 0.0001, 'verbose': 0}",0.6063411235809326
Plant_oil,1,5,2,5,LogisticRegression,Jittering,0.762781954887218,0.7502285017078546,"{'C': np.float64(100.0), 'class_weight': None, 'dual': False, 'fit_intercept': True, 'intercept_scaling': 1, 'l1_ratio': None, 'max_iter': 100, 'multi_class': 'deprecated', 'n_jobs': None, 'penalty': None, 'random_state': 42, 'solver': 'lbfgs', 'tol': 0.0001, 'verbose': 0, 'warm_start': False}",3.5833020210266113
Plant_oil,1,5,2,5,RNN,Jittering,0.47368421052631576,0.3750947412264017,"{'hidden_size': 64, 'epochs': 10, 'batch_size': 32, 'lr': 0.001}",2.706514358520508
Plant_oil,1,5,2,10,KNN,Jittering,0.8225563909774436,0.8176977511626737,"{'algorithm': 'auto', 'leaf_size': 30, 'metric': 'euclidean', 'metric_params': None, 'n_jobs': None, 'n_neighbors': np.int64(3), 'p': 2, 'weights': 'uniform'}",0.868706464767456
Plant_oil,1,5,2,10,RandomForest,Jittering,0.8010526315789473,0.7935820255740902,"{'bootstrap': True, 'ccp_alpha': 0.0, 'class_weight': None, 'criterion': 'gini', 'max_depth': None, 'max_features': 'sqrt', 'max_leaf_nodes': None, 'max_samples': None, 'min_impurity_decrease': 0.0, 'min_samples_leaf': 2, 'min_samples_split': 2, 'min_weight_fraction_leaf': 0.0, 'monotonic_cst': None, 'n_estimators': 100, 'n_jobs': None, 'oob_score': False, 'random_state': 42, 'verbose': 0, 'warm_start': False}",31.67949628829956
Plant_oil,1,5,2,10,LinearSVC,Jittering,0.6953383458646617,0.6838739631638419,"{'C': np.float64(10.0), 'class_weight': None, 'dual': False, 'fit_intercept': True, 'intercept_scaling': 1, 'loss': 'squared_hinge', 'max_iter': 100, 'multi_class': 'ovr', 'penalty': 'l2', 'random_state': 42, 'tol': 0.0001, 'verbose': 0}",1.4248974323272705
Plant_oil,1,5,2,10,LogisticRegression,Jittering,0.7583458646616541,0.7453669547490726,"{'C': np.float64(100.0), 'class_weight': None, 'dual': False, 'fit_intercept': True, 'intercept_scaling': 1, 'l1_ratio': None, 'max_iter': 100, 'multi_class': 'deprecated', 'n_jobs': None, 'penalty': None, 'random_state': 42, 'solver': 'lbfgs', 'tol': 0.0001, 'verbose': 0, 'warm_start': False}",4.733473539352417
Plant_oil,1,5,2,10,RNN,Jittering,0.3082706766917293,0.25295564571880363,"{'hidden_size': 64, 'epochs': 10, 'batch_size': 32, 'lr': 0.001}",4.238316774368286
Plant_oil,1,5,2,2,KNN,Scaling,0.7905263157894736,0.786005612242506,"{'algorithm': 'auto', 'leaf_size': 30, 'metric': 'euclidean', 'metric_params': None, 'n_jobs': None, 'n_neighbors': np.int64(3), 'p': 2, 'weights': 'uniform'}",0.6897609233856201
Plant_oil,1,5,2,2,RandomForest,Scaling,0.7401503759398497,0.7298296280407947,"{'bootstrap': True, 'ccp_alpha': 0.0, 'class_weight': None, 'criterion': 'gini', 'max_depth': None, 'max_features': 'sqrt', 'max_leaf_nodes': None, 'max_samples': None, 'min_impurity_decrease': 0.0, 'min_samples_leaf': 2, 'min_samples_split': 2, 'min_weight_fraction_leaf': 0.0, 'monotonic_cst': None, 'n_estimators': 100, 'n_jobs': None, 'oob_score': False, 'random_state': 42, 'verbose': 0, 'warm_start': False}",4.87796425819397
Plant_oil,1,5,2,2,LinearSVC,Scaling,0.6801503759398496,0.6704122832924541,"{'C': np.float64(10.0), 'class_weight': None, 'dual': False, 'fit_intercept': True, 'intercept_scaling': 1, 'loss': 'squared_hinge', 'max_iter': 100, 'multi_class': 'ovr', 'penalty': 'l2', 'random_state': 42, 'tol': 0.0001, 'verbose': 0}",0.2162787914276123
Plant_oil,1,5,2,2,LogisticRegression,Scaling,0.7457142857142857,0.728198205714918,"{'C': np.float64(100.0), 'class_weight': None, 'dual': False, 'fit_intercept': True, 'intercept_scaling': 1, 'l1_ratio': None, 'max_iter': 100, 'multi_class': 'deprecated', 'n_jobs': None, 'penalty': None, 'random_state': 42, 'solver': 'lbfgs', 'tol': 0.0001, 'verbose': 0, 'warm_start': False}",0.9122238159179688
Plant_oil,1,5,2,2,RNN,Scaling,0.46616541353383456,0.35506687155293964,"{'hidden_size': 64, 'epochs': 10, 'batch_size': 32, 'lr': 0.001}",0.8568253517150879
Plant_oil,1,5,2,3,KNN,Scaling,0.8038345864661655,0.7966930705773912,"{'algorithm': 'auto', 'leaf_size': 30, 'metric': 'euclidean', 'metric_params': None, 'n_jobs': None, 'n_neighbors': np.int64(3), 'p': 2, 'weights': 'uniform'}",0.7083516120910645
Plant_oil,1,5,2,3,RandomForest,Scaling,0.7757142857142857,0.7690187675071315,"{'bootstrap': True, 'ccp_alpha': 0.0, 'class_weight': None, 'criterion': 'gini', 'max_depth': None, 'max_features': 'sqrt', 'max_leaf_nodes': None, 'max_samples': None, 'min_impurity_decrease': 0.0, 'min_samples_leaf': 2, 'min_samples_split': 2, 'min_weight_fraction_leaf': 0.0, 'monotonic_cst': None, 'n_estimators': 100, 'n_jobs': None, 'oob_score': False, 'random_state': 42, 'verbose': 0, 'warm_start': False}",7.630786657333374
Plant_oil,1,5,2,3,LinearSVC,Scaling,0.7143609022556391,0.7046546760825967,"{'C': np.float64(10.0), 'class_weight': None, 'dual': False, 'fit_intercept': True, 'intercept_scaling': 1, 'loss': 'squared_hinge', 'max_iter': 100, 'multi_class': 'ovr', 'penalty': 'l2', 'random_state': 42, 'tol': 0.0001, 'verbose': 0}",0.34106993675231934
Plant_oil,1,5,2,3,LogisticRegression,Scaling,0.7211278195488722,0.7107512236594621,"{'C': np.float64(100.0), 'class_weight': None, 'dual': False, 'fit_intercept': True, 'intercept_scaling': 1, 'l1_ratio': None, 'max_iter': 100, 'multi_class': 'deprecated', 'n_jobs': None, 'penalty': None, 'random_state': 42, 'solver': 'lbfgs', 'tol': 0.0001, 'verbose': 0, 'warm_start': False}",1.327653169631958
Plant_oil,1,5,2,3,RNN,Scaling,0.5338345864661654,0.43529090562285006,"{'hidden_size': 64, 'epochs': 10, 'batch_size': 32, 'lr': 0.001}",1.294630527496338
Plant_oil,1,5,2,5,KNN,Scaling,0.793609022556391,0.7892833217640024,"{'algorithm': 'auto', 'leaf_size': 30, 'metric': 'euclidean', 'metric_params': None, 'n_jobs': None, 'n_neighbors': np.int64(3), 'p': 2, 'weights': 'uniform'}",0.7523374557495117
Plant_oil,1,5,2,5,RandomForest,Scaling,0.7545864661654136,0.7468588448090103,"{'bootstrap': True, 'ccp_alpha': 0.0, 'class_weight': None, 'criterion': 'gini', 'max_depth': None, 'max_features': 'sqrt', 'max_leaf_nodes': None, 'max_samples': None, 'min_impurity_decrease': 0.0, 'min_samples_leaf': 2, 'min_samples_split': 2, 'min_weight_fraction_leaf': 0.0, 'monotonic_cst': None, 'n_estimators': 100, 'n_jobs': None, 'oob_score': False, 'random_state': 42, 'verbose': 0, 'warm_start': False}",14.022024869918823
Plant_oil,1,5,2,5,LinearSVC,Scaling,0.6952631578947368,0.6839448896203231,"{'C': np.float64(10.0), 'class_weight': None, 'dual': False, 'fit_intercept': True, 'intercept_scaling': 1, 'loss': 'squared_hinge', 'max_iter': 100, 'multi_class': 'ovr', 'penalty': 'l2', 'random_state': 42, 'tol': 0.0001, 'verbose': 0}",0.5178091526031494
Plant_oil,1,5,2,5,LogisticRegression,Scaling,0.739172932330827,0.7324718809744734,"{'C': np.float64(100.0), 'class_weight': None, 'dual': False, 'fit_intercept': True, 'intercept_scaling': 1, 'l1_ratio': None, 'max_iter': 100, 'multi_class': 'deprecated', 'n_jobs': None, 'penalty': None, 'random_state': 42, 'solver': 'lbfgs', 'tol': 0.0001, 'verbose': 0, 'warm_start': False}",2.2618277072906494
Plant_oil,1,5,2,5,RNN,Scaling,0.5413533834586466,0.4589163711123021,"{'hidden_size': 64, 'epochs': 10, 'batch_size': 32, 'lr': 0.001}",2.1076149940490723
Plant_oil,1,5,2,10,KNN,Scaling,0.8072932330827067,0.8042878030784384,"{'algorithm': 'auto', 'leaf_size': 30, 'metric': 'euclidean', 'metric_params': None, 'n_jobs': None, 'n_neighbors': np.int64(3), 'p': 2, 'weights': 'uniform'}",0.8567736148834229
Plant_oil,1,5,2,10,RandomForest,Scaling,0.7784210526315789,0.7721901496583334,"{'bootstrap': True, 'ccp_alpha': 0.0, 'class_weight': None, 'criterion': 'gini', 'max_depth': None, 'max_features': 'sqrt', 'max_leaf_nodes': None, 'max_samples': None, 'min_impurity_decrease': 0.0, 'min_samples_leaf': 2, 'min_samples_split': 2, 'min_weight_fraction_leaf': 0.0, 'monotonic_cst': None, 'n_estimators': 100, 'n_jobs': None, 'oob_score': False, 'random_state': 42, 'verbose': 0, 'warm_start': False}",30.919379472732544
Plant_oil,1,5,2,10,LinearSVC,Scaling,0.7034586466165413,0.6909817361147135,"{'C': np.float64(10.0), 'class_weight': None, 'dual': False, 'fit_intercept': True, 'intercept_scaling': 1, 'loss': 'squared_hinge', 'max_iter': 100, 'multi_class': 'ovr', 'penalty': 'l2', 'random_state': 42, 'tol': 0.0001, 'verbose': 0}",1.238126516342163
Plant_oil,1,5,2,10,LogisticRegression,Scaling,0.7525563909774436,0.741781149823614,"{'C': np.float64(100.0), 'class_weight': None, 'dual': False, 'fit_intercept': True, 'intercept_scaling': 1, 'l1_ratio': None, 'max_iter': 100, 'multi_class': 'deprecated', 'n_jobs': None, 'penalty': None, 'random_state': 42, 'solver': 'lbfgs', 'tol': 0.0001, 'verbose': 0, 'warm_start': False}",5.322919607162476
Plant_oil,1,5,2,10,RNN,Scaling,0.45864661654135336,0.3897178844547266,"{'hidden_size': 64, 'epochs': 10, 'batch_size': 32, 'lr': 0.001}",5.304347038269043
Plant_oil,1,5,2,2,KNN,Magnitude_Warping,0.8134586466165413,0.8096173696941147,"{'algorithm': 'auto', 'leaf_size': 30, 'metric': 'euclidean', 'metric_params': None, 'n_jobs': None, 'n_neighbors': np.int64(3), 'p': 2, 'weights': 'uniform'}",0.6823279857635498
Plant_oil,1,5,2,2,RandomForest,Magnitude_Warping,0.767593984962406,0.7617698241993494,"{'bootstrap': True, 'ccp_alpha': 0.0, 'class_weight': None, 'criterion': 'gini', 'max_depth': None, 'max_features': 'sqrt', 'max_leaf_nodes': None, 'max_samples': None, 'min_impurity_decrease': 0.0, 'min_samples_leaf': 2, 'min_samples_split': 2, 'min_weight_fraction_leaf': 0.0, 'monotonic_cst': None, 'n_estimators': 100, 'n_jobs': None, 'oob_score': False, 'random_state': 42, 'verbose': 0, 'warm_start': False}",5.146373987197876
Plant_oil,1,5,2,2,LinearSVC,Magnitude_Warping,0.6793984962406016,0.662276842162406,"{'C': np.float64(10.0), 'class_weight': None, 'dual': False, 'fit_intercept': True, 'intercept_scaling': 1, 'loss': 'squared_hinge', 'max_iter': 100, 'multi_class': 'ovr', 'penalty': 'l2', 'random_state': 42, 'tol': 0.0001, 'verbose': 0}",0.2089390754699707
Plant_oil,1,5,2,2,LogisticRegression,Magnitude_Warping,0.717218045112782,0.7034230500210739,"{'C': np.float64(100.0), 'class_weight': None, 'dual': False, 'fit_intercept': True, 'intercept_scaling': 1, 'l1_ratio': None, 'max_iter': 100, 'multi_class': 'deprecated', 'n_jobs': None, 'penalty': None, 'random_state': 42, 'solver': 'lbfgs', 'tol': 0.0001, 'verbose': 0, 'warm_start': False}",0.8975837230682373
Plant_oil,1,5,2,2,RNN,Magnitude_Warping,0.3684210526315789,0.2292272473006992,"{'hidden_size': 64, 'epochs': 10, 'batch_size': 32, 'lr': 0.001}",0.894763708114624
Plant_oil,1,5,2,3,KNN,Magnitude_Warping,0.8065413533834587,0.8029997220031413,"{'algorithm': 'auto', 'leaf_size': 30, 'metric': 'euclidean', 'metric_params': None, 'n_jobs': None, 'n_neighbors': np.int64(3), 'p': 2, 'weights': 'uniform'}",0.7201910018920898
Plant_oil,1,5,2,3,RandomForest,Magnitude_Warping,0.7697744360902256,0.7608064860122182,"{'bootstrap': True, 'ccp_alpha': 0.0, 'class_weight': None, 'criterion': 'gini', 'max_depth': None, 'max_features': 'sqrt', 'max_leaf_nodes': None, 'max_samples': None, 'min_impurity_decrease': 0.0, 'min_samples_leaf': 2, 'min_samples_split': 2, 'min_weight_fraction_leaf': 0.0, 'monotonic_cst': None, 'n_estimators': 100, 'n_jobs': None, 'oob_score': False, 'random_state': 42, 'verbose': 0, 'warm_start': False}",8.210638284683228
Plant_oil,1,5,2,3,LinearSVC,Magnitude_Warping,0.6859398496240602,0.6672669982183689,"{'C': np.float64(10.0), 'class_weight': None, 'dual': False, 'fit_intercept': True, 'intercept_scaling': 1, 'loss': 'squared_hinge', 'max_iter': 100, 'multi_class': 'ovr', 'penalty': 'l2', 'random_state': 42, 'tol': 0.0001, 'verbose': 0}",0.2973203659057617
Plant_oil,1,5,2,3,LogisticRegression,Magnitude_Warping,0.72,0.708975921947235,"{'C': np.float64(100.0), 'class_weight': None, 'dual': False, 'fit_intercept': True, 'intercept_scaling': 1, 'l1_ratio': None, 'max_iter': 100, 'multi_class': 'deprecated', 'n_jobs': None, 'penalty': None, 'random_state': 42, 'solver': 'lbfgs', 'tol': 0.0001, 'verbose': 0, 'warm_start': False}",1.319145917892456
Plant_oil,1,5,2,3,RNN,Magnitude_Warping,0.48872180451127817,0.3846969033689341,"{'hidden_size': 64, 'epochs': 10, 'batch_size': 32, 'lr': 0.001}",1.2324965000152588
Plant_oil,1,5,2,5,KNN,Magnitude_Warping,0.8062406015037594,0.8002359895375362,"{'algorithm': 'auto', 'leaf_size': 30, 'metric': 'euclidean', 'metric_params': None, 'n_jobs': None, 'n_neighbors': np.int64(3), 'p': 2, 'weights': 'uniform'}",0.7649495601654053
Plant_oil,1,5,2,5,RandomForest,Magnitude_Warping,0.7593233082706767,0.7513692932128456,"{'bootstrap': True, 'ccp_alpha': 0.0, 'class_weight': None, 'criterion': 'gini', 'max_depth': None, 'max_features': 'sqrt', 'max_leaf_nodes': None, 'max_samples': None, 'min_impurity_decrease': 0.0, 'min_samples_leaf': 2, 'min_samples_split': 2, 'min_weight_fraction_leaf': 0.0, 'monotonic_cst': None, 'n_estimators': 100, 'n_jobs': None, 'oob_score': False, 'random_state': 42, 'verbose': 0, 'warm_start': False}",14.980604648590088
Plant_oil,1,5,2,5,LinearSVC,Magnitude_Warping,0.6784962406015037,0.6575760998063431,"{'C': np.float64(10.0), 'class_weight': None, 'dual': False, 'fit_intercept': True, 'intercept_scaling': 1, 'loss': 'squared_hinge', 'max_iter': 100, 'multi_class': 'ovr', 'penalty': 'l2', 'random_state': 42, 'tol': 0.0001, 'verbose': 0}",0.5298402309417725
Plant_oil,1,5,2,5,LogisticRegression,Magnitude_Warping,0.7103759398496241,0.6976237462314389,"{'C': np.float64(100.0), 'class_weight': None, 'dual': False, 'fit_intercept': True, 'intercept_scaling': 1, 'l1_ratio': None, 'max_iter': 100, 'multi_class': 'deprecated', 'n_jobs': None, 'penalty': None, 'random_state': 42, 'solver': 'lbfgs', 'tol': 0.0001, 'verbose': 0, 'warm_start': False}",2.429124593734741
Plant_oil,1,5,2,5,RNN,Magnitude_Warping,0.5864661654135338,0.5354749513336771,"{'hidden_size': 64, 'epochs': 10, 'batch_size': 32, 'lr': 0.001}",2.169808864593506
Plant_oil,1,5,2,10,KNN,Magnitude_Warping,0.7946616541353383,0.7916326600799075,"{'algorithm': 'auto', 'leaf_size': 30, 'metric': 'euclidean', 'metric_params': None, 'n_jobs': None, 'n_neighbors': np.int64(3), 'p': 2, 'weights': 'uniform'}",0.8792543411254883
Plant_oil,1,5,2,10,RandomForest,Magnitude_Warping,0.7766165413533834,0.7712407927928455,"{'bootstrap': True, 'ccp_alpha': 0.0, 'class_weight': None, 'criterion': 'gini', 'max_depth': None, 'max_features': 'sqrt', 'max_leaf_nodes': None, 'max_samples': None, 'min_impurity_decrease': 0.0, 'min_samples_leaf': 2, 'min_samples_split': 2, 'min_weight_fraction_leaf': 0.0, 'monotonic_cst': None, 'n_estimators': 100, 'n_jobs': None, 'oob_score': False, 'random_state': 42, 'verbose': 0, 'warm_start': False}",33.76407599449158
Plant_oil,1,5,2,10,LinearSVC,Magnitude_Warping,0.67203007518797,0.64955180771628,"{'C': np.float64(10.0), 'class_weight': None, 'dual': False, 'fit_intercept': True, 'intercept_scaling': 1, 'loss': 'squared_hinge', 'max_iter': 100, 'multi_class': 'ovr', 'penalty': 'l2', 'random_state': 42, 'tol': 0.0001, 'verbose': 0}",1.4666023254394531
Plant_oil,1,5,2,10,LogisticRegression,Magnitude_Warping,0.7088721804511278,0.6974148335198114,"{'C': np.float64(100.0), 'class_weight': None, 'dual': False, 'fit_intercept': True, 'intercept_scaling': 1, 'l1_ratio': None, 'max_iter': 100, 'multi_class': 'deprecated', 'n_jobs': None, 'penalty': None, 'random_state': 42, 'solver': 'lbfgs', 'tol': 0.0001, 'verbose': 0, 'warm_start': False}",5.329843282699585
Plant_oil,1,5,2,10,RNN,Magnitude_Warping,0.706766917293233,0.6616433962927131,"{'hidden_size': 64, 'epochs': 10, 'batch_size': 32, 'lr': 0.001}",4.168126344680786
Plant_oil,1,5,2,2,KNN,Time_Warping,0.8081203007518797,0.8029330259645182,"{'algorithm': 'auto', 'leaf_size': 30, 'metric': 'euclidean', 'metric_params': None, 'n_jobs': None, 'n_neighbors': np.int64(3), 'p': 2, 'weights': 'uniform'}",0.7249908447265625
Plant_oil,1,5,2,2,RandomForest,Time_Warping,0.7557894736842106,0.7467787418875823,"{'bootstrap': True, 'ccp_alpha': 0.0, 'class_weight': None, 'criterion': 'gini', 'max_depth': None, 'max_features': 'sqrt', 'max_leaf_nodes': None, 'max_samples': None, 'min_impurity_decrease': 0.0, 'min_samples_leaf': 2, 'min_samples_split': 2, 'min_weight_fraction_leaf': 0.0, 'monotonic_cst': None, 'n_estimators': 100, 'n_jobs': None, 'oob_score': False, 'random_state': 42, 'verbose': 0, 'warm_start': False}",4.932941913604736
Plant_oil,1,5,2,2,LinearSVC,Time_Warping,0.6895488721804511,0.6760488709394598,"{'C': np.float64(10.0), 'class_weight': None, 'dual': False, 'fit_intercept': True, 'intercept_scaling': 1, 'loss': 'squared_hinge', 'max_iter': 100, 'multi_class': 'ovr', 'penalty': 'l2', 'random_state': 42, 'tol': 0.0001, 'verbose': 0}",0.2091226577758789
Plant_oil,1,5,2,2,LogisticRegression,Time_Warping,0.7331578947368421,0.7213405148933961,"{'C': np.float64(100.0), 'class_weight': None, 'dual': False, 'fit_intercept': True, 'intercept_scaling': 1, 'l1_ratio': None, 'max_iter': 100, 'multi_class': 'deprecated', 'n_jobs': None, 'penalty': None, 'random_state': 42, 'solver': 'lbfgs', 'tol': 0.0001, 'verbose': 0, 'warm_start': False}",0.862950325012207
Plant_oil,1,5,2,2,RNN,Time_Warping,0.3157894736842105,0.19556319656193147,"{'hidden_size': 64, 'epochs': 10, 'batch_size': 32, 'lr': 0.001}",0.8875203132629395
Plant_oil,1,5,2,3,KNN,Time_Warping,0.7921052631578948,0.7861943622327371,"{'algorithm': 'auto', 'leaf_size': 30, 'metric': 'euclidean', 'metric_params': None, 'n_jobs': None, 'n_neighbors': np.int64(3), 'p': 2, 'weights': 'uniform'}",0.7115845680236816
Plant_oil,1,5,2,3,RandomForest,Time_Warping,0.738421052631579,0.7295847450065277,"{'bootstrap': True, 'ccp_alpha': 0.0, 'class_weight': None, 'criterion': 'gini', 'max_depth': None, 'max_features': 'sqrt', 'max_leaf_nodes': None, 'max_samples': None, 'min_impurity_decrease': 0.0, 'min_samples_leaf': 2, 'min_samples_split': 2, 'min_weight_fraction_leaf': 0.0, 'monotonic_cst': None, 'n_estimators': 100, 'n_jobs': None, 'oob_score': False, 'random_state': 42, 'verbose': 0, 'warm_start': False}",7.4903974533081055
Plant_oil,1,5,2,3,LinearSVC,Time_Warping,0.6911278195488721,0.676490913616011,"{'C': np.float64(10.0), 'class_weight': None, 'dual': False, 'fit_intercept': True, 'intercept_scaling': 1, 'loss': 'squared_hinge', 'max_iter': 100, 'multi_class': 'ovr', 'penalty': 'l2', 'random_state': 42, 'tol': 0.0001, 'verbose': 0}",0.3120441436767578
Plant_oil,1,5,2,3,LogisticRegression,Time_Warping,0.7310526315789474,0.7154020307747933,"{'C': np.float64(100.0), 'class_weight': None, 'dual': False, 'fit_intercept': True, 'intercept_scaling': 1, 'l1_ratio': None, 'max_iter': 100, 'multi_class': 'deprecated', 'n_jobs': None, 'penalty': None, 'random_state': 42, 'solver': 'lbfgs', 'tol': 0.0001, 'verbose': 0, 'warm_start': False}",1.2756068706512451
Plant_oil,1,5,2,3,RNN,Time_Warping,0.43609022556390975,0.34811143672849015,"{'hidden_size': 64, 'epochs': 10, 'batch_size': 32, 'lr': 0.001}",1.2410619258880615
Plant_oil,1,5,2,5,KNN,Time_Warping,0.8014285714285714,0.7946872990889033,"{'algorithm': 'auto', 'leaf_size': 30, 'metric': 'euclidean', 'metric_params': None, 'n_jobs': None, 'n_neighbors': np.int64(3), 'p': 2, 'weights': 'uniform'}",0.7684206962585449
Plant_oil,1,5,2,5,RandomForest,Time_Warping,0.7454135338345864,0.736614911963514,"{'bootstrap': True, 'ccp_alpha': 0.0, 'class_weight': None, 'criterion': 'gini', 'max_depth': None, 'max_features': 'sqrt', 'max_leaf_nodes': None, 'max_samples': None, 'min_impurity_decrease': 0.0, 'min_samples_leaf': 2, 'min_samples_split': 2, 'min_weight_fraction_leaf': 0.0, 'monotonic_cst': None, 'n_estimators': 100, 'n_jobs': None, 'oob_score': False, 'random_state': 42, 'verbose': 0, 'warm_start': False}",13.750285387039185
Plant_oil,1,5,2,5,LinearSVC,Time_Warping,0.687593984962406,0.6719910966161738,"{'C': np.float64(10.0), 'class_weight': None, 'dual': False, 'fit_intercept': True, 'intercept_scaling': 1, 'loss': 'squared_hinge', 'max_iter': 100, 'multi_class': 'ovr', 'penalty': 'l2', 'random_state': 42, 'tol': 0.0001, 'verbose': 0}",0.5542149543762207
Plant_oil,1,5,2,5,LogisticRegression,Time_Warping,0.72796992481203,0.714642154754098,"{'C': np.float64(100.0), 'class_weight': None, 'dual': False, 'fit_intercept': True, 'intercept_scaling': 1, 'l1_ratio': None, 'max_iter': 100, 'multi_class': 'deprecated', 'n_jobs': None, 'penalty': None, 'random_state': 42, 'solver': 'lbfgs', 'tol': 0.0001, 'verbose': 0, 'warm_start': False}",2.3779845237731934
Plant_oil,1,5,2,5,RNN,Time_Warping,0.3383458646616541,0.2458903784799406,"{'hidden_size': 64, 'epochs': 10, 'batch_size': 32, 'lr': 0.001}",2.19223690032959
Plant_oil,1,5,2,10,KNN,Time_Warping,0.794812030075188,0.7901677836308183,"{'algorithm': 'auto', 'leaf_size': 30, 'metric': 'euclidean', 'metric_params': None, 'n_jobs': None, 'n_neighbors': np.int64(3), 'p': 2, 'weights': 'uniform'}",0.8927874565124512
Plant_oil,1,5,2,10,RandomForest,Time_Warping,0.7099248120300752,0.7008265016638324,"{'bootstrap': True, 'ccp_alpha': 0.0, 'class_weight': None, 'criterion': 'gini', 'max_depth': None, 'max_features': 'sqrt', 'max_leaf_nodes': None, 'max_samples': None, 'min_impurity_decrease': 0.0, 'min_samples_leaf': 2, 'min_samples_split': 2, 'min_weight_fraction_leaf': 0.0, 'monotonic_cst': None, 'n_estimators': 100, 'n_jobs': None, 'oob_score': False, 'random_state': 42, 'verbose': 0, 'warm_start': False}",30.21479558944702
Plant_oil,1,5,2,10,LinearSVC,Time_Warping,0.6865413533834587,0.6771220778477041,"{'C': np.float64(10.0), 'class_weight': None, 'dual': False, 'fit_intercept': True, 'intercept_scaling': 1, 'loss': 'squared_hinge', 'max_iter': 100, 'multi_class': 'ovr', 'penalty': 'l2', 'random_state': 42, 'tol': 0.0001, 'verbose': 0}",1.1810133457183838
Plant_oil,1,5,2,10,LogisticRegression,Time_Warping,0.7185714285714285,0.7052374169483273,"{'C': np.float64(100.0), 'class_weight': None, 'dual': False, 'fit_intercept': True, 'intercept_scaling': 1, 'l1_ratio': None, 'max_iter': 100, 'multi_class': 'deprecated', 'n_jobs': None, 'penalty': None, 'random_state': 42, 'solver': 'lbfgs', 'tol': 0.0001, 'verbose': 0, 'warm_start': False}",4.3477137088775635
Plant_oil,1,5,2,10,RNN,Time_Warping,0.518796992481203,0.4607161439730714,"{'hidden_size': 64, 'epochs': 10, 'batch_size': 32, 'lr': 0.001}",4.257095575332642
Plant_oil,1,5,2,2,KNN,SMOTE,0.8129323308270676,0.8082425034626282,"{'algorithm': 'auto', 'leaf_size': 30, 'metric': 'euclidean', 'metric_params': None, 'n_jobs': None, 'n_neighbors': np.int64(3), 'p': 2, 'weights': 'uniform'}",0.6855247020721436
Plant_oil,1,5,2,2,RandomForest,SMOTE,0.7664661654135339,0.760655306528353,"{'bootstrap': True, 'ccp_alpha': 0.0, 'class_weight': None, 'criterion': 'gini', 'max_depth': None, 'max_features': 'sqrt', 'max_leaf_nodes': None, 'max_samples': None, 'min_impurity_decrease': 0.0, 'min_samples_leaf': 2, 'min_samples_split': 2, 'min_weight_fraction_leaf': 0.0, 'monotonic_cst': None, 'n_estimators': 100, 'n_jobs': None, 'oob_score': False, 'random_state': 42, 'verbose': 0, 'warm_start': False}",4.852888584136963
Plant_oil,1,5,2,2,LinearSVC,SMOTE,0.7059398496240602,0.693151760317255,"{'C': np.float64(10.0), 'class_weight': None, 'dual': False, 'fit_intercept': True, 'intercept_scaling': 1, 'loss': 'squared_hinge', 'max_iter': 100, 'multi_class': 'ovr', 'penalty': 'l2', 'random_state': 42, 'tol': 0.0001, 'verbose': 0}",0.22333645820617676
Plant_oil,1,5,2,2,LogisticRegression,SMOTE,0.7487218045112782,0.7362427747258842,"{'C': np.float64(100.0), 'class_weight': None, 'dual': False, 'fit_intercept': True, 'intercept_scaling': 1, 'l1_ratio': None, 'max_iter': 100, 'multi_class': 'deprecated', 'n_jobs': None, 'penalty': None, 'random_state': 42, 'solver': 'lbfgs', 'tol': 0.0001, 'verbose': 0, 'warm_start': False}",0.9026503562927246
Plant_oil,1,5,2,2,RNN,SMOTE,0.3609022556390977,0.24483347385360482,"{'hidden_size': 64, 'epochs': 10, 'batch_size': 32, 'lr': 0.001}",0.9742252826690674
Plant_oil,1,5,2,3,KNN,SMOTE,0.8056390977443609,0.801675322073746,"{'algorithm': 'auto', 'leaf_size': 30, 'metric': 'euclidean', 'metric_params': None, 'n_jobs': None, 'n_neighbors': np.int64(3), 'p': 2, 'weights': 'uniform'}",0.7255170345306396
Plant_oil,1,5,2,3,RandomForest,SMOTE,0.761203007518797,0.755098838739569,"{'bootstrap': True, 'ccp_alpha': 0.0, 'class_weight': None, 'criterion': 'gini', 'max_depth': None, 'max_features': 'sqrt', 'max_leaf_nodes': None, 'max_samples': None, 'min_impurity_decrease': 0.0, 'min_samples_leaf': 2, 'min_samples_split': 2, 'min_weight_fraction_leaf': 0.0, 'monotonic_cst': None, 'n_estimators': 100, 'n_jobs': None, 'oob_score': False, 'random_state': 42, 'verbose': 0, 'warm_start': False}",7.445032835006714
Plant_oil,1,5,2,3,LinearSVC,SMOTE,0.6629323308270677,0.6435633712561574,"{'C': np.float64(10.0), 'class_weight': None, 'dual': False, 'fit_intercept': True, 'intercept_scaling': 1, 'loss': 'squared_hinge', 'max_iter': 100, 'multi_class': 'ovr', 'penalty': 'l2', 'random_state': 42, 'tol': 0.0001, 'verbose': 0}",0.3319251537322998
Plant_oil,1,5,2,3,LogisticRegression,SMOTE,0.7548120300751879,0.7412385339000301,"{'C': np.float64(100.0), 'class_weight': None, 'dual': False, 'fit_intercept': True, 'intercept_scaling': 1, 'l1_ratio': None, 'max_iter': 100, 'multi_class': 'deprecated', 'n_jobs': None, 'penalty': None, 'random_state': 42, 'solver': 'lbfgs', 'tol': 0.0001, 'verbose': 0, 'warm_start': False}",1.3063654899597168
Plant_oil,1,5,2,3,RNN,SMOTE,0.45112781954887216,0.37758033819113807,"{'hidden_size': 64, 'epochs': 10, 'batch_size': 32, 'lr': 0.001}",1.237699031829834
Plant_oil,1,5,2,5,KNN,SMOTE,0.8121804511278196,0.8069709473930817,"{'algorithm': 'auto', 'leaf_size': 30, 'metric': 'euclidean', 'metric_params': None, 'n_jobs': None, 'n_neighbors': np.int64(3), 'p': 2, 'weights': 'uniform'}",0.732785701751709
Plant_oil,1,5,2,5,RandomForest,SMOTE,0.7668421052631579,0.7602920094910015,"{'bootstrap': True, 'ccp_alpha': 0.0, 'class_weight': None, 'criterion': 'gini', 'max_depth': None, 'max_features': 'sqrt', 'max_leaf_nodes': None, 'max_samples': None, 'min_impurity_decrease': 0.0, 'min_samples_leaf': 2, 'min_samples_split': 2, 'min_weight_fraction_leaf': 0.0, 'monotonic_cst': None, 'n_estimators': 100, 'n_jobs': None, 'oob_score': False, 'random_state': 42, 'verbose': 0, 'warm_start': False}",13.155473470687866
Plant_oil,1,5,2,5,LinearSVC,SMOTE,0.69,0.677657530164185,"{'C': np.float64(10.0), 'class_weight': None, 'dual': False, 'fit_intercept': True, 'intercept_scaling': 1, 'loss': 'squared_hinge', 'max_iter': 100, 'multi_class': 'ovr', 'penalty': 'l2', 'random_state': 42, 'tol': 0.0001, 'verbose': 0}",0.5747885704040527
Plant_oil,1,5,2,5,LogisticRegression,SMOTE,0.7263157894736842,0.7136985593358056,"{'C': np.float64(100.0), 'class_weight': None, 'dual': False, 'fit_intercept': True, 'intercept_scaling': 1, 'l1_ratio': None, 'max_iter': 100, 'multi_class': 'deprecated', 'n_jobs': None, 'penalty': None, 'random_state': 42, 'solver': 'lbfgs', 'tol': 0.0001, 'verbose': 0, 'warm_start': False}",2.2819366455078125
Plant_oil,1,5,2,5,RNN,SMOTE,0.44360902255639095,0.34180337206652994,"{'hidden_size': 64, 'epochs': 10, 'batch_size': 32, 'lr': 0.001}",2.1649768352508545
Plant_oil,1,5,2,10,KNN,SMOTE,0.8145864661654135,0.8104066888705769,"{'algorithm': 'auto', 'leaf_size': 30, 'metric': 'euclidean', 'metric_params': None, 'n_jobs': None, 'n_neighbors': np.int64(3), 'p': 2, 'weights': 'uniform'}",0.841088056564331
Plant_oil,1,5,2,10,RandomForest,SMOTE,0.7616541353383459,0.756760289371089,"{'bootstrap': True, 'ccp_alpha': 0.0, 'class_weight': None, 'criterion': 'gini', 'max_depth': None, 'max_features': 'sqrt', 'max_leaf_nodes': None, 'max_samples': None, 'min_impurity_decrease': 0.0, 'min_samples_leaf': 2, 'min_samples_split': 2, 'min_weight_fraction_leaf': 0.0, 'monotonic_cst': None, 'n_estimators': 100, 'n_jobs': None, 'oob_score': False, 'random_state': 42, 'verbose': 0, 'warm_start': False}",28.715932846069336
Plant_oil,1,5,2,10,LinearSVC,SMOTE,0.6826315789473684,0.6705023153094953,"{'C': np.float64(10.0), 'class_weight': None, 'dual': False, 'fit_intercept': True, 'intercept_scaling': 1, 'loss': 'squared_hinge', 'max_iter': 100, 'multi_class': 'ovr', 'penalty': 'l2', 'random_state': 42, 'tol': 0.0001, 'verbose': 0}",1.260265588760376
Plant_oil,1,5,2,10,LogisticRegression,SMOTE,0.7177443609022557,0.7017959296709623,"{'C': np.float64(100.0), 'class_weight': None, 'dual': False, 'fit_intercept': True, 'intercept_scaling': 1, 'l1_ratio': None, 'max_iter': 100, 'multi_class': 'deprecated', 'n_jobs': None, 'penalty': None, 'random_state': 42, 'solver': 'lbfgs', 'tol': 0.0001, 'verbose': 0, 'warm_start': False}",4.370249509811401
Plant_oil,1,5,2,10,RNN,SMOTE,0.5864661654135338,0.5574884180147338,"{'hidden_size': 64, 'epochs': 10, 'batch_size': 32, 'lr': 0.001}",4.2677717208862305
Plant_oil,1,5,2,2,KNN,Mixup,0.8207518796992481,0.8158479519115532,"{'algorithm': 'auto', 'leaf_size': 30, 'metric': 'euclidean', 'metric_params': None, 'n_jobs': None, 'n_neighbors': np.int64(3), 'p': 2, 'weights': 'uniform'}",0.6697835922241211
Plant_oil,1,5,2,2,RandomForest,Mixup,0.7717293233082707,0.7659332421128483,"{'bootstrap': True, 'ccp_alpha': 0.0, 'class_weight': None, 'criterion': 'gini', 'max_depth': None, 'max_features': 'sqrt', 'max_leaf_nodes': None, 'max_samples': None, 'min_impurity_decrease': 0.0, 'min_samples_leaf': 2, 'min_samples_split': 2, 'min_weight_fraction_leaf': 0.0, 'monotonic_cst': None, 'n_estimators': 100, 'n_jobs': None, 'oob_score': False, 'random_state': 42, 'verbose': 0, 'warm_start': False}",4.456207036972046
Plant_oil,1,5,2,2,LinearSVC,Mixup,0.705187969924812,0.6948065123659084,"{'C': np.float64(10.0), 'class_weight': None, 'dual': False, 'fit_intercept': True, 'intercept_scaling': 1, 'loss': 'squared_hinge', 'max_iter': 100, 'multi_class': 'ovr', 'penalty': 'l2', 'random_state': 42, 'tol': 0.0001, 'verbose': 0}",0.22460031509399414
Plant_oil,1,5,2,2,LogisticRegression,Mixup,0.7486466165413533,0.7382110211476781,"{'C': np.float64(100.0), 'class_weight': None, 'dual': False, 'fit_intercept': True, 'intercept_scaling': 1, 'l1_ratio': None, 'max_iter': 100, 'multi_class': 'deprecated', 'n_jobs': None, 'penalty': None, 'random_state': 42, 'solver': 'lbfgs', 'tol': 0.0001, 'verbose': 0, 'warm_start': False}",0.8989412784576416
Plant_oil,1,5,2,2,RNN,Mixup,0.38345864661654133,0.24606457640513368,"{'hidden_size': 64, 'epochs': 10, 'batch_size': 32, 'lr': 0.001}",0.86165452003479
Plant_oil,1,5,2,3,KNN,Mixup,0.816015037593985,0.8121360417449824,"{'algorithm': 'auto', 'leaf_size': 30, 'metric': 'euclidean', 'metric_params': None, 'n_jobs': None, 'n_neighbors': np.int64(3), 'p': 2, 'weights': 'uniform'}",0.6940076351165771
Plant_oil,1,5,2,3,RandomForest,Mixup,0.76,0.7553139589205056,"{'bootstrap': True, 'ccp_alpha': 0.0, 'class_weight': None, 'criterion': 'gini', 'max_depth': None, 'max_features': 'sqrt', 'max_leaf_nodes': None, 'max_samples': None, 'min_impurity_decrease': 0.0, 'min_samples_leaf': 2, 'min_samples_split': 2, 'min_weight_fraction_leaf': 0.0, 'monotonic_cst': None, 'n_estimators': 100, 'n_jobs': None, 'oob_score': False, 'random_state': 42, 'verbose': 0, 'warm_start': False}",6.921734094619751
Plant_oil,1,5,2,3,LinearSVC,Mixup,0.7048872180451128,0.6923502223073632,"{'C': np.float64(10.0), 'class_weight': None, 'dual': False, 'fit_intercept': True, 'intercept_scaling': 1, 'loss': 'squared_hinge', 'max_iter': 100, 'multi_class': 'ovr', 'penalty': 'l2', 'random_state': 42, 'tol': 0.0001, 'verbose': 0}",0.3688173294067383
Plant_oil,1,5,2,3,LogisticRegression,Mixup,0.7336842105263158,0.7206718671403964,"{'C': np.float64(100.0), 'class_weight': None, 'dual': False, 'fit_intercept': True, 'intercept_scaling': 1, 'l1_ratio': None, 'max_iter': 100, 'multi_class': 'deprecated', 'n_jobs': None, 'penalty': None, 'random_state': 42, 'solver': 'lbfgs', 'tol': 0.0001, 'verbose': 0, 'warm_start': False}",1.4013569355010986
Plant_oil,1,5,2,3,RNN,Mixup,0.40601503759398494,0.31141634946146224,"{'hidden_size': 64, 'epochs': 10, 'batch_size': 32, 'lr': 0.001}",1.321315050125122
Plant_oil,1,5,2,5,KNN,Mixup,0.8232330827067669,0.8179666406692062,"{'algorithm': 'auto', 'leaf_size': 30, 'metric': 'euclidean', 'metric_params': None, 'n_jobs': None, 'n_neighbors': np.int64(3), 'p': 2, 'weights': 'uniform'}",0.7647812366485596
Plant_oil,1,5,2,5,RandomForest,Mixup,0.7662406015037594,0.7607685939176331,"{'bootstrap': True, 'ccp_alpha': 0.0, 'class_weight': None, 'criterion': 'gini', 'max_depth': None, 'max_features': 'sqrt', 'max_leaf_nodes': None, 'max_samples': None, 'min_impurity_decrease': 0.0, 'min_samples_leaf': 2, 'min_samples_split': 2, 'min_weight_fraction_leaf': 0.0, 'monotonic_cst': None, 'n_estimators': 100, 'n_jobs': None, 'oob_score': False, 'random_state': 42, 'verbose': 0, 'warm_start': False}",11.990995168685913
Plant_oil,1,5,2,5,LinearSVC,Mixup,0.7109022556390977,0.6999434533192576,"{'C': np.float64(10.0), 'class_weight': None, 'dual': False, 'fit_intercept': True, 'intercept_scaling': 1, 'loss': 'squared_hinge', 'max_iter': 100, 'multi_class': 'ovr', 'penalty': 'l2', 'random_state': 42, 'tol': 0.0001, 'verbose': 0}",0.589766263961792
Plant_oil,1,5,2,5,LogisticRegression,Mixup,0.7362406015037594,0.721332368330696,"{'C': np.float64(100.0), 'class_weight': None, 'dual': False, 'fit_intercept': True, 'intercept_scaling': 1, 'l1_ratio': None, 'max_iter': 100, 'multi_class': 'deprecated', 'n_jobs': None, 'penalty': None, 'random_state': 42, 'solver': 'lbfgs', 'tol': 0.0001, 'verbose': 0, 'warm_start': False}",2.2595858573913574
Plant_oil,1,5,2,5,RNN,Mixup,0.5112781954887218,0.44915785968417554,"{'hidden_size': 64, 'epochs': 10, 'batch_size': 32, 'lr': 0.001}",2.15381121635437
Plant_oil,1,5,2,10,KNN,Mixup,0.8193984962406015,0.8141020358324066,"{'algorithm': 'auto', 'leaf_size': 30, 'metric': 'euclidean', 'metric_params': None, 'n_jobs': None, 'n_neighbors': np.int64(3), 'p': 2, 'weights': 'uniform'}",0.8382837772369385
Plant_oil,1,5,2,10,RandomForest,Mixup,0.7790225563909774,0.7710638455424575,"{'bootstrap': True, 'ccp_alpha': 0.0, 'class_weight': None, 'criterion': 'gini', 'max_depth': None, 'max_features': 'sqrt', 'max_leaf_nodes': None, 'max_samples': None, 'min_impurity_decrease': 0.0, 'min_samples_leaf': 2, 'min_samples_split': 2, 'min_weight_fraction_leaf': 0.0, 'monotonic_cst': None, 'n_estimators': 100, 'n_jobs': None, 'oob_score': False, 'random_state': 42, 'verbose': 0, 'warm_start': False}",24.726593017578125
Plant_oil,1,5,2,10,LinearSVC,Mixup,0.6888721804511279,0.6755609379061164,"{'C': np.float64(10.0), 'class_weight': None, 'dual': False, 'fit_intercept': True, 'intercept_scaling': 1, 'loss': 'squared_hinge', 'max_iter': 100, 'multi_class': 'ovr', 'penalty': 'l2', 'random_state': 42, 'tol': 0.0001, 'verbose': 0}",1.4139220714569092
Plant_oil,1,5,2,10,LogisticRegression,Mixup,0.7378195488721805,0.7257965376681773,"{'C': np.float64(100.0), 'class_weight': None, 'dual': False, 'fit_intercept': True, 'intercept_scaling': 1, 'l1_ratio': None, 'max_iter': 100, 'multi_class': 'deprecated', 'n_jobs': None, 'penalty': None, 'random_state': 42, 'solver': 'lbfgs', 'tol': 0.0001, 'verbose': 0, 'warm_start': False}",4.360896110534668
Plant_oil,1,5,2,10,RNN,Mixup,0.7293233082706767,0.7083487106043497,"{'hidden_size': 64, 'epochs': 10, 'batch_size': 32, 'lr': 0.001}",4.371124029159546
Plant_oil,1,5,2,2,KNN,GMM,0.8108270676691729,0.8049664171149435,"{'algorithm': 'auto', 'leaf_size': 30, 'metric': 'euclidean', 'metric_params': None, 'n_jobs': None, 'n_neighbors': np.int64(3), 'p': 2, 'weights': 'uniform'}",0.7107434272766113
Plant_oil,1,5,2,2,RandomForest,GMM,0.7673684210526316,0.756505334746778,"{'bootstrap': True, 'ccp_alpha': 0.0, 'class_weight': None, 'criterion': 'gini', 'max_depth': None, 'max_features': 'sqrt', 'max_leaf_nodes': None, 'max_samples': None, 'min_impurity_decrease': 0.0, 'min_samples_leaf': 2, 'min_samples_split': 2, 'min_weight_fraction_leaf': 0.0, 'monotonic_cst': None, 'n_estimators': 100, 'n_jobs': None, 'oob_score': False, 'random_state': 42, 'verbose': 0, 'warm_start': False}",5.429284572601318
Plant_oil,1,5,2,2,LinearSVC,GMM,0.7229323308270676,0.7132169470696643,"{'C': np.float64(10.0), 'class_weight': None, 'dual': False, 'fit_intercept': True, 'intercept_scaling': 1, 'loss': 'squared_hinge', 'max_iter': 100, 'multi_class': 'ovr', 'penalty': 'l2', 'random_state': 42, 'tol': 0.0001, 'verbose': 0}",0.2178661823272705
Plant_oil,1,5,2,2,LogisticRegression,GMM,0.7337593984962406,0.7225465086412272,"{'C': np.float64(100.0), 'class_weight': None, 'dual': False, 'fit_intercept': True, 'intercept_scaling': 1, 'l1_ratio': None, 'max_iter': 100, 'multi_class': 'deprecated', 'n_jobs': None, 'penalty': None, 'random_state': 42, 'solver': 'lbfgs', 'tol': 0.0001, 'verbose': 0, 'warm_start': False}",0.880603551864624
Plant_oil,1,5,2,2,RNN,GMM,0.41353383458646614,0.3108861592643723,"{'hidden_size': 64, 'epochs': 10, 'batch_size': 32, 'lr': 0.001}",0.8079912662506104
Plant_oil,1,5,2,3,KNN,GMM,0.8039097744360902,0.7976051224908145,"{'algorithm': 'auto', 'leaf_size': 30, 'metric': 'euclidean', 'metric_params': None, 'n_jobs': None, 'n_neighbors': np.int64(3), 'p': 2, 'weights': 'uniform'}",0.7141175270080566
Plant_oil,1,5,2,3,RandomForest,GMM,0.7596992481203008,0.7494682213597071,"{'bootstrap': True, 'ccp_alpha': 0.0, 'class_weight': None, 'criterion': 'gini', 'max_depth': None, 'max_features': 'sqrt', 'max_leaf_nodes': None, 'max_samples': None, 'min_impurity_decrease': 0.0, 'min_samples_leaf': 2, 'min_samples_split': 2, 'min_weight_fraction_leaf': 0.0, 'monotonic_cst': None, 'n_estimators': 100, 'n_jobs': None, 'oob_score': False, 'random_state': 42, 'verbose': 0, 'warm_start': False}",8.250649452209473
Plant_oil,1,5,2,3,LinearSVC,GMM,0.7180451127819549,0.7099761051894374,"{'C': np.float64(10.0), 'class_weight': None, 'dual': False, 'fit_intercept': True, 'intercept_scaling': 1, 'loss': 'squared_hinge', 'max_iter': 100, 'multi_class': 'ovr', 'penalty': 'l2', 'random_state': 42, 'tol': 0.0001, 'verbose': 0}",0.3274860382080078
Plant_oil,1,5,2,3,LogisticRegression,GMM,0.7195488721804512,0.7083767092110695,"{'C': np.float64(100.0), 'class_weight': None, 'dual': False, 'fit_intercept': True, 'intercept_scaling': 1, 'l1_ratio': None, 'max_iter': 100, 'multi_class': 'deprecated', 'n_jobs': None, 'penalty': None, 'random_state': 42, 'solver': 'lbfgs', 'tol': 0.0001, 'verbose': 0, 'warm_start': False}",1.290614366531372
Plant_oil,1,5,2,3,RNN,GMM,0.556390977443609,0.49484006218890153,"{'hidden_size': 64, 'epochs': 10, 'batch_size': 32, 'lr': 0.001}",1.2098255157470703
Plant_oil,1,5,2,5,KNN,GMM,0.8040601503759398,0.7965389913314015,"{'algorithm': 'auto', 'leaf_size': 30, 'metric': 'euclidean', 'metric_params': None, 'n_jobs': None, 'n_neighbors': np.int64(3), 'p': 2, 'weights': 'uniform'}",0.7723960876464844
Plant_oil,1,5,2,5,RandomForest,GMM,0.7601503759398496,0.7504267318015179,"{'bootstrap': True, 'ccp_alpha': 0.0, 'class_weight': None, 'criterion': 'gini', 'max_depth': None, 'max_features': 'sqrt', 'max_leaf_nodes': None, 'max_samples': None, 'min_impurity_decrease': 0.0, 'min_samples_leaf': 2, 'min_samples_split': 2, 'min_weight_fraction_leaf': 0.0, 'monotonic_cst': None, 'n_estimators': 100, 'n_jobs': None, 'oob_score': False, 'random_state': 42, 'verbose': 0, 'warm_start': False}",15.404411554336548
Plant_oil,1,5,2,5,LinearSVC,GMM,0.7218796992481203,0.7131935345987404,"{'C': np.float64(10.0), 'class_weight': None, 'dual': False, 'fit_intercept': True, 'intercept_scaling': 1, 'loss': 'squared_hinge', 'max_iter': 100, 'multi_class': 'ovr', 'penalty': 'l2', 'random_state': 42, 'tol': 0.0001, 'verbose': 0}",0.529193639755249
Plant_oil,1,5,2,5,LogisticRegression,GMM,0.707593984962406,0.6956312476901942,"{'C': np.float64(100.0), 'class_weight': None, 'dual': False, 'fit_intercept': True, 'intercept_scaling': 1, 'l1_ratio': None, 'max_iter': 100, 'multi_class': 'deprecated', 'n_jobs': None, 'penalty': None, 'random_state': 42, 'solver': 'lbfgs', 'tol': 0.0001, 'verbose': 0, 'warm_start': False}",2.032876491546631
Plant_oil,1,5,2,5,RNN,GMM,0.49624060150375937,0.4070130440431193,"{'hidden_size': 64, 'epochs': 10, 'batch_size': 32, 'lr': 0.001}",2.1033127307891846
Plant_oil,1,5,2,10,KNN,GMM,0.7972932330827067,0.7896405241202074,"{'algorithm': 'auto', 'leaf_size': 30, 'metric': 'euclidean', 'metric_params': None, 'n_jobs': None, 'n_neighbors': np.int64(3), 'p': 2, 'weights': 'uniform'}",0.9057581424713135
Plant_oil,1,5,2,10,RandomForest,GMM,0.7596992481203008,0.7506987144873436,"{'bootstrap': True, 'ccp_alpha': 0.0, 'class_weight': None, 'criterion': 'gini', 'max_depth': None, 'max_features': 'sqrt', 'max_leaf_nodes': None, 'max_samples': None, 'min_impurity_decrease': 0.0, 'min_samples_leaf': 2, 'min_samples_split': 2, 'min_weight_fraction_leaf': 0.0, 'monotonic_cst': None, 'n_estimators': 100, 'n_jobs': None, 'oob_score': False, 'random_state': 42, 'verbose': 0, 'warm_start': False}",34.93110394477844
Plant_oil,1,5,2,10,LinearSVC,GMM,0.7218796992481203,0.7128849362148804,"{'C': np.float64(10.0), 'class_weight': None, 'dual': False, 'fit_intercept': True, 'intercept_scaling': 1, 'loss': 'squared_hinge', 'max_iter': 100, 'multi_class': 'ovr', 'penalty': 'l2', 'random_state': 42, 'tol': 0.0001, 'verbose': 0}",1.2200663089752197
Plant_oil,1,5,2,10,LogisticRegression,GMM,0.7002255639097744,0.6876585063755103,"{'C': np.float64(100.0), 'class_weight': None, 'dual': False, 'fit_intercept': True, 'intercept_scaling': 1, 'l1_ratio': None, 'max_iter': 100, 'multi_class': 'deprecated', 'n_jobs': None, 'penalty': None, 'random_state': 42, 'solver': 'lbfgs', 'tol': 0.0001, 'verbose': 0, 'warm_start': False}",5.010712623596191
Plant_oil,1,5,2,10,RNN,GMM,0.42105263157894735,0.30859962552972164,"{'hidden_size': 64, 'epochs': 10, 'batch_size': 32, 'lr': 0.001}",3.9189200401306152
Plant_oil,1,5,2,2,KNN,HMM_GMM,0.8137593984962406,0.8098520680768865,"{'algorithm': 'auto', 'leaf_size': 30, 'metric': 'euclidean', 'metric_params': None, 'n_jobs': None, 'n_neighbors': np.int64(3), 'p': 2, 'weights': 'uniform'}",0.7045018672943115
Plant_oil,1,5,2,2,RandomForest,HMM_GMM,0.7540601503759399,0.7461732362597331,"{'bootstrap': True, 'ccp_alpha': 0.0, 'class_weight': None, 'criterion': 'gini', 'max_depth': None, 'max_features': 'sqrt', 'max_leaf_nodes': None, 'max_samples': None, 'min_impurity_decrease': 0.0, 'min_samples_leaf': 2, 'min_samples_split': 2, 'min_weight_fraction_leaf': 0.0, 'monotonic_cst': None, 'n_estimators': 100, 'n_jobs': None, 'oob_score': False, 'random_state': 42, 'verbose': 0, 'warm_start': False}",4.0199198722839355
Plant_oil,1,5,2,2,LinearSVC,HMM_GMM,0.694436090225564,0.6841936653007853,"{'C': np.float64(10.0), 'class_weight': None, 'dual': False, 'fit_intercept': True, 'intercept_scaling': 1, 'loss': 'squared_hinge', 'max_iter': 100, 'multi_class': 'ovr', 'penalty': 'l2', 'random_state': 42, 'tol': 0.0001, 'verbose': 0}",0.20686888694763184
Plant_oil,1,5,2,2,LogisticRegression,HMM_GMM,0.6906766917293233,0.6756748939086762,"{'C': np.float64(100.0), 'class_weight': None, 'dual': False, 'fit_intercept': True, 'intercept_scaling': 1, 'l1_ratio': None, 'max_iter': 100, 'multi_class': 'deprecated', 'n_jobs': None, 'penalty': None, 'random_state': 42, 'solver': 'lbfgs', 'tol': 0.0001, 'verbose': 0, 'warm_start': False}",0.9002373218536377
Plant_oil,1,5,2,2,RNN,HMM_GMM,0.3308270676691729,0.22395993203472428,"{'hidden_size': 64, 'epochs': 10, 'batch_size': 32, 'lr': 0.001}",0.8593747615814209
Plant_oil,1,5,2,3,KNN,HMM_GMM,0.8137593984962406,0.8098520680768865,"{'algorithm': 'auto', 'leaf_size': 30, 'metric': 'euclidean', 'metric_params': None, 'n_jobs': None, 'n_neighbors': np.int64(3), 'p': 2, 'weights': 'uniform'}",0.7054581642150879
Plant_oil,1,5,2,3,RandomForest,HMM_GMM,0.7587218045112782,0.7505132476547032,"{'bootstrap': True, 'ccp_alpha': 0.0, 'class_weight': None, 'criterion': 'gini', 'max_depth': None, 'max_features': 'sqrt', 'max_leaf_nodes': None, 'max_samples': None, 'min_impurity_decrease': 0.0, 'min_samples_leaf': 2, 'min_samples_split': 2, 'min_weight_fraction_leaf': 0.0, 'monotonic_cst': None, 'n_estimators': 100, 'n_jobs': None, 'oob_score': False, 'random_state': 42, 'verbose': 0, 'warm_start': False}",4.333031415939331
Plant_oil,1,5,2,3,LinearSVC,HMM_GMM,0.6642857142857143,0.6533298703059112,"{'C': np.float64(10.0), 'class_weight': None, 'dual': False, 'fit_intercept': True, 'intercept_scaling': 1, 'loss': 'squared_hinge', 'max_iter': 100, 'multi_class': 'ovr', 'penalty': 'l2', 'random_state': 42, 'tol': 0.0001, 'verbose': 0}",0.30655932426452637
Plant_oil,1,5,2,3,LogisticRegression,HMM_GMM,0.6799248120300752,0.6631389140979933,"{'C': np.float64(100.0), 'class_weight': None, 'dual': False, 'fit_intercept': True, 'intercept_scaling': 1, 'l1_ratio': None, 'max_iter': 100, 'multi_class': 'deprecated', 'n_jobs': None, 'penalty': None, 'random_state': 42, 'solver': 'lbfgs', 'tol': 0.0001, 'verbose': 0, 'warm_start': False}",1.283792495727539
Plant_oil,1,5,2,3,RNN,HMM_GMM,0.42105263157894735,0.33126744623939236,"{'hidden_size': 64, 'epochs': 10, 'batch_size': 32, 'lr': 0.001}",1.1824569702148438
Plant_oil,1,5,2,5,KNN,HMM_GMM,0.8137593984962406,0.8098520680768865,"{'algorithm': 'auto', 'leaf_size': 30, 'metric': 'euclidean', 'metric_params': None, 'n_jobs': None, 'n_neighbors': np.int64(3), 'p': 2, 'weights': 'uniform'}",0.6876089572906494
Plant_oil,1,5,2,5,RandomForest,HMM_GMM,0.7481954887218045,0.7383230882612971,"{'bootstrap': True, 'ccp_alpha': 0.0, 'class_weight': None, 'criterion': 'gini', 'max_depth': None, 'max_features': 'sqrt', 'max_leaf_nodes': None, 'max_samples': None, 'min_impurity_decrease': 0.0, 'min_samples_leaf': 2, 'min_samples_split': 2, 'min_weight_fraction_leaf': 0.0, 'monotonic_cst': None, 'n_estimators': 100, 'n_jobs': None, 'oob_score': False, 'random_state': 42, 'verbose': 0, 'warm_start': False}",5.238196134567261
Plant_oil,1,5,2,5,LinearSVC,HMM_GMM,0.6360150375939849,0.6234572900663018,"{'C': np.float64(10.0), 'class_weight': None, 'dual': False, 'fit_intercept': True, 'intercept_scaling': 1, 'loss': 'squared_hinge', 'max_iter': 100, 'multi_class': 'ovr', 'penalty': 'l2', 'random_state': 42, 'tol': 0.0001, 'verbose': 0}",0.5219283103942871
Plant_oil,1,5,2,5,LogisticRegression,HMM_GMM,0.6543609022556391,0.6365440933097419,"{'C': np.float64(100.0), 'class_weight': None, 'dual': False, 'fit_intercept': True, 'intercept_scaling': 1, 'l1_ratio': None, 'max_iter': 100, 'multi_class': 'deprecated', 'n_jobs': None, 'penalty': None, 'random_state': 42, 'solver': 'lbfgs', 'tol': 0.0001, 'verbose': 0, 'warm_start': False}",1.9992384910583496
Plant_oil,1,5,2,5,RNN,HMM_GMM,0.45112781954887216,0.3525289676528478,"{'hidden_size': 64, 'epochs': 10, 'batch_size': 32, 'lr': 0.001}",1.912743091583252
Plant_oil,1,5,2,10,KNN,HMM_GMM,0.8137593984962406,0.8098520680768865,"{'algorithm': 'auto', 'leaf_size': 30, 'metric': 'euclidean', 'metric_params': None, 'n_jobs': None, 'n_neighbors': np.int64(3), 'p': 2, 'weights': 'uniform'}",0.7812826633453369
Plant_oil,1,5,2,10,RandomForest,HMM_GMM,0.748796992481203,0.7390825887142252,"{'bootstrap': True, 'ccp_alpha': 0.0, 'class_weight': None, 'criterion': 'gini', 'max_depth': None, 'max_features': 'sqrt', 'max_leaf_nodes': None, 'max_samples': None, 'min_impurity_decrease': 0.0, 'min_samples_leaf': 2, 'min_samples_split': 2, 'min_weight_fraction_leaf': 0.0, 'monotonic_cst': None, 'n_estimators': 100, 'n_jobs': None, 'oob_score': False, 'random_state': 42, 'verbose': 0, 'warm_start': False}",8.118743658065796
Plant_oil,1,5,2,10,LinearSVC,HMM_GMM,0.5921804511278196,0.5733099768200464,"{'C': np.float64(10.0), 'class_weight': None, 'dual': False, 'fit_intercept': True, 'intercept_scaling': 1, 'loss': 'squared_hinge', 'max_iter': 100, 'multi_class': 'ovr', 'penalty': 'l2', 'random_state': 42, 'tol': 0.0001, 'verbose': 0}",1.1988096237182617
Plant_oil,1,5,2,10,LogisticRegression,HMM_GMM,0.6261654135338346,0.6064161120653492,"{'C': np.float64(100.0), 'class_weight': None, 'dual': False, 'fit_intercept': True, 'intercept_scaling': 1, 'l1_ratio': None, 'max_iter': 100, 'multi_class': 'deprecated', 'n_jobs': None, 'penalty': None, 'random_state': 42, 'solver': 'lbfgs', 'tol': 0.0001, 'verbose': 0, 'warm_start': False}",3.9162867069244385
Plant_oil,1,5,2,10,RNN,HMM_GMM,0.45112781954887216,0.40649184357435064,"{'hidden_size': 64, 'epochs': 10, 'batch_size': 32, 'lr': 0.001}",3.518085241317749
Plant_oil,1,5,3,1,KNN,Baseline,0.7875939849624061,0.7723509738487786,"{'algorithm': 'auto', 'leaf_size': 30, 'metric': 'minkowski', 'metric_params': None, 'n_jobs': None, 'n_neighbors': 5, 'p': 2, 'weights': 'uniform'}",0.6073274612426758
Plant_oil,1,5,3,1,KNN,Tuned_Baseline,0.7877443609022556,0.7722311196571365,"{'algorithm': 'auto', 'leaf_size': 30, 'metric': 'euclidean', 'metric_params': None, 'n_jobs': None, 'n_neighbors': np.int64(3), 'p': 2, 'weights': 'uniform'}",0.5832436084747314
Plant_oil,1,5,3,1,RandomForest,Baseline,0.7527067669172932,0.745799466678971,"{'bootstrap': True, 'ccp_alpha': 0.0, 'class_weight': None, 'criterion': 'gini', 'max_depth': None, 'max_features': 'sqrt', 'max_leaf_nodes': None, 'max_samples': None, 'min_impurity_decrease': 0.0, 'min_samples_leaf': 1, 'min_samples_split': 2, 'min_weight_fraction_leaf': 0.0, 'monotonic_cst': None, 'n_estimators': 100, 'n_jobs': None, 'oob_score': False, 'random_state': 42, 'verbose': 0, 'warm_start': False}",2.122527599334717
Plant_oil,1,5,3,1,RandomForest,Tuned_Baseline,0.7524812030075188,0.7455745104809309,"{'bootstrap': True, 'ccp_alpha': 0.0, 'class_weight': None, 'criterion': 'gini', 'max_depth': 20, 'max_features': 'sqrt', 'max_leaf_nodes': None, 'max_samples': None, 'min_impurity_decrease': 0.0, 'min_samples_leaf': 1, 'min_samples_split': 2, 'min_weight_fraction_leaf': 0.0, 'monotonic_cst': None, 'n_estimators': 100, 'n_jobs': None, 'oob_score': False, 'random_state': 42, 'verbose': 0, 'warm_start': False}",0.08252263069152832
Plant_oil,1,5,3,1,LinearSVC,Baseline,0.6897744360902256,0.6802532618026601,"{'C': 1.0, 'class_weight': None, 'dual': False, 'fit_intercept': True, 'intercept_scaling': 1, 'loss': 'squared_hinge', 'max_iter': 100, 'multi_class': 'ovr', 'penalty': 'l2', 'random_state': 42, 'tol': 0.0001, 'verbose': 0}",0.09651708602905273
Plant_oil,1,5,3,1,LinearSVC,Tuned_Baseline,0.6981203007518797,0.6880149598911949,"{'C': np.float64(10.0), 'class_weight': None, 'dual': False, 'fit_intercept': True, 'intercept_scaling': 1, 'loss': 'squared_hinge', 'max_iter': 100, 'multi_class': 'ovr', 'penalty': 'l2', 'random_state': 42, 'tol': 0.0001, 'verbose': 0}",0.002114534378051758
Plant_oil,1,5,3,1,LogisticRegression,Baseline,0.739172932330827,0.7299579498263292,"{'C': 1.0, 'class_weight': None, 'dual': False, 'fit_intercept': True, 'intercept_scaling': 1, 'l1_ratio': None, 'max_iter': 100, 'multi_class': 'deprecated', 'n_jobs': None, 'penalty': 'l2', 'random_state': 42, 'solver': 'lbfgs', 'tol': 0.0001, 'verbose': 0, 'warm_start': False}",0.43007898330688477
Plant_oil,1,5,3,1,LogisticRegression,Tuned_Baseline,0.762781954887218,0.7507758728813062,"{'C': np.float64(10.0), 'class_weight': None, 'dual': False, 'fit_intercept': True, 'intercept_scaling': 1, 'l1_ratio': None, 'max_iter': 100, 'multi_class': 'deprecated', 'n_jobs': None, 'penalty': None, 'random_state': 42, 'solver': 'lbfgs', 'tol': 0.0001, 'verbose': 0, 'warm_start': False}",0.0019965171813964844
Plant_oil,1,5,3,1,RNN,Baseline,0.18045112781954886,0.07026786825219077,"{'hidden_size': 64, 'epochs': 10, 'batch_size': 32, 'lr': 0.001}",0.39499735832214355
Plant_oil,1,5,3,1,RNN,Tuned_Baseline,0.18045112781954886,0.07026786825219077,"{'hidden_size': 64, 'epochs': 10, 'batch_size': 32, 'lr': 0.001}",0.00668787956237793
Plant_oil,1,5,3,2,KNN,Jittering,0.785187969924812,0.769580029079014,"{'algorithm': 'auto', 'leaf_size': 30, 'metric': 'euclidean', 'metric_params': None, 'n_jobs': None, 'n_neighbors': np.int64(3), 'p': 2, 'weights': 'uniform'}",0.6335983276367188
Plant_oil,1,5,3,2,RandomForest,Jittering,0.7921052631578948,0.7822826252103029,"{'bootstrap': True, 'ccp_alpha': 0.0, 'class_weight': None, 'criterion': 'gini', 'max_depth': 20, 'max_features': 'sqrt', 'max_leaf_nodes': None, 'max_samples': None, 'min_impurity_decrease': 0.0, 'min_samples_leaf': 1, 'min_samples_split': 2, 'min_weight_fraction_leaf': 0.0, 'monotonic_cst': None, 'n_estimators': 100, 'n_jobs': None, 'oob_score': False, 'random_state': 42, 'verbose': 0, 'warm_start': False}",4.515868663787842
Plant_oil,1,5,3,2,LinearSVC,Jittering,0.692406015037594,0.6834287494366772,"{'C': np.float64(10.0), 'class_weight': None, 'dual': False, 'fit_intercept': True, 'intercept_scaling': 1, 'loss': 'squared_hinge', 'max_iter': 100, 'multi_class': 'ovr', 'penalty': 'l2', 'random_state': 42, 'tol': 0.0001, 'verbose': 0}",0.20380830764770508
Plant_oil,1,5,3,2,LogisticRegression,Jittering,0.76,0.749588440367571,"{'C': np.float64(10.0), 'class_weight': None, 'dual': False, 'fit_intercept': True, 'intercept_scaling': 1, 'l1_ratio': None, 'max_iter': 100, 'multi_class': 'deprecated', 'n_jobs': None, 'penalty': None, 'random_state': 42, 'solver': 'lbfgs', 'tol': 0.0001, 'verbose': 0, 'warm_start': False}",0.7808756828308105
Plant_oil,1,5,3,2,RNN,Jittering,0.3609022556390977,0.23885405936009113,"{'hidden_size': 64, 'epochs': 10, 'batch_size': 32, 'lr': 0.001}",0.7517001628875732
Plant_oil,1,5,3,3,KNN,Jittering,0.7839097744360902,0.7679107878765774,"{'algorithm': 'auto', 'leaf_size': 30, 'metric': 'euclidean', 'metric_params': None, 'n_jobs': None, 'n_neighbors': np.int64(3), 'p': 2, 'weights': 'uniform'}",0.6496715545654297
Plant_oil,1,5,3,3,RandomForest,Jittering,0.7918796992481203,0.7804152352177627,"{'bootstrap': True, 'ccp_alpha': 0.0, 'class_weight': None, 'criterion': 'gini', 'max_depth': 20, 'max_features': 'sqrt', 'max_leaf_nodes': None, 'max_samples': None, 'min_impurity_decrease': 0.0, 'min_samples_leaf': 1, 'min_samples_split': 2, 'min_weight_fraction_leaf': 0.0, 'monotonic_cst': None, 'n_estimators': 100, 'n_jobs': None, 'oob_score': False, 'random_state': 42, 'verbose': 0, 'warm_start': False}",6.927773952484131
Plant_oil,1,5,3,3,LinearSVC,Jittering,0.6926315789473684,0.6834542577160254,"{'C': np.float64(10.0), 'class_weight': None, 'dual': False, 'fit_intercept': True, 'intercept_scaling': 1, 'loss': 'squared_hinge', 'max_iter': 100, 'multi_class': 'ovr', 'penalty': 'l2', 'random_state': 42, 'tol': 0.0001, 'verbose': 0}",0.3007540702819824
Plant_oil,1,5,3,3,LogisticRegression,Jittering,0.7593984962406015,0.7472520388340356,"{'C': np.float64(10.0), 'class_weight': None, 'dual': False, 'fit_intercept': True, 'intercept_scaling': 1, 'l1_ratio': None, 'max_iter': 100, 'multi_class': 'deprecated', 'n_jobs': None, 'penalty': None, 'random_state': 42, 'solver': 'lbfgs', 'tol': 0.0001, 'verbose': 0, 'warm_start': False}",1.0940966606140137
Plant_oil,1,5,3,3,RNN,Jittering,0.2706766917293233,0.14512111957603033,"{'hidden_size': 64, 'epochs': 10, 'batch_size': 32, 'lr': 0.001}",1.1816933155059814
Plant_oil,1,5,3,5,KNN,Jittering,0.7865413533834587,0.7716218472579561,"{'algorithm': 'auto', 'leaf_size': 30, 'metric': 'euclidean', 'metric_params': None, 'n_jobs': None, 'n_neighbors': np.int64(3), 'p': 2, 'weights': 'uniform'}",0.6948845386505127
Plant_oil,1,5,3,5,RandomForest,Jittering,0.7972932330827067,0.7862706190490544,"{'bootstrap': True, 'ccp_alpha': 0.0, 'class_weight': None, 'criterion': 'gini', 'max_depth': 20, 'max_features': 'sqrt', 'max_leaf_nodes': None, 'max_samples': None, 'min_impurity_decrease': 0.0, 'min_samples_leaf': 1, 'min_samples_split': 2, 'min_weight_fraction_leaf': 0.0, 'monotonic_cst': None, 'n_estimators': 100, 'n_jobs': None, 'oob_score': False, 'random_state': 42, 'verbose': 0, 'warm_start': False}",12.37794828414917
Plant_oil,1,5,3,5,LinearSVC,Jittering,0.6920300751879699,0.6827519226114698,"{'C': np.float64(10.0), 'class_weight': None, 'dual': False, 'fit_intercept': True, 'intercept_scaling': 1, 'loss': 'squared_hinge', 'max_iter': 100, 'multi_class': 'ovr', 'penalty': 'l2', 'random_state': 42, 'tol': 0.0001, 'verbose': 0}",0.5312526226043701
Plant_oil,1,5,3,5,LogisticRegression,Jittering,0.7596992481203008,0.7480816818697194,"{'C': np.float64(10.0), 'class_weight': None, 'dual': False, 'fit_intercept': True, 'intercept_scaling': 1, 'l1_ratio': None, 'max_iter': 100, 'multi_class': 'deprecated', 'n_jobs': None, 'penalty': None, 'random_state': 42, 'solver': 'lbfgs', 'tol': 0.0001, 'verbose': 0, 'warm_start': False}",1.9997811317443848
Plant_oil,1,5,3,5,RNN,Jittering,0.5263157894736842,0.4836231840171643,"{'hidden_size': 64, 'epochs': 10, 'batch_size': 32, 'lr': 0.001}",2.1303203105926514
Plant_oil,1,5,3,10,KNN,Jittering,0.7896992481203008,0.7740659785973535,"{'algorithm': 'auto', 'leaf_size': 30, 'metric': 'euclidean', 'metric_params': None, 'n_jobs': None, 'n_neighbors': np.int64(3), 'p': 2, 'weights': 'uniform'}",0.7906491756439209
Plant_oil,1,5,3,10,RandomForest,Jittering,0.8002255639097744,0.7879289848476142,"{'bootstrap': True, 'ccp_alpha': 0.0, 'class_weight': None, 'criterion': 'gini', 'max_depth': 20, 'max_features': 'sqrt', 'max_leaf_nodes': None, 'max_samples': None, 'min_impurity_decrease': 0.0, 'min_samples_leaf': 1, 'min_samples_split': 2, 'min_weight_fraction_leaf': 0.0, 'monotonic_cst': None, 'n_estimators': 100, 'n_jobs': None, 'oob_score': False, 'random_state': 42, 'verbose': 0, 'warm_start': False}",26.959636449813843
Plant_oil,1,5,3,10,LinearSVC,Jittering,0.6919548872180451,0.6830720444444724,"{'C': np.float64(10.0), 'class_weight': None, 'dual': False, 'fit_intercept': True, 'intercept_scaling': 1, 'loss': 'squared_hinge', 'max_iter': 100, 'multi_class': 'ovr', 'penalty': 'l2', 'random_state': 42, 'tol': 0.0001, 'verbose': 0}",1.227424144744873
Plant_oil,1,5,3,10,LogisticRegression,Jittering,0.7633082706766917,0.7511910341618114,"{'C': np.float64(10.0), 'class_weight': None, 'dual': False, 'fit_intercept': True, 'intercept_scaling': 1, 'l1_ratio': None, 'max_iter': 100, 'multi_class': 'deprecated', 'n_jobs': None, 'penalty': None, 'random_state': 42, 'solver': 'lbfgs', 'tol': 0.0001, 'verbose': 0, 'warm_start': False}",3.9815688133239746
Plant_oil,1,5,3,10,RNN,Jittering,0.5263157894736842,0.44923981176454464,"{'hidden_size': 64, 'epochs': 10, 'batch_size': 32, 'lr': 0.001}",3.858726978302002
Plant_oil,1,5,3,2,KNN,Scaling,0.7827067669172932,0.7668999215426626,"{'algorithm': 'auto', 'leaf_size': 30, 'metric': 'euclidean', 'metric_params': None, 'n_jobs': None, 'n_neighbors': np.int64(3), 'p': 2, 'weights': 'uniform'}",0.6280317306518555
Plant_oil,1,5,3,2,RandomForest,Scaling,0.7578195488721805,0.7509718306405057,"{'bootstrap': True, 'ccp_alpha': 0.0, 'class_weight': None, 'criterion': 'gini', 'max_depth': 20, 'max_features': 'sqrt', 'max_leaf_nodes': None, 'max_samples': None, 'min_impurity_decrease': 0.0, 'min_samples_leaf': 1, 'min_samples_split': 2, 'min_weight_fraction_leaf': 0.0, 'monotonic_cst': None, 'n_estimators': 100, 'n_jobs': None, 'oob_score': False, 'random_state': 42, 'verbose': 0, 'warm_start': False}",4.291161775588989
Plant_oil,1,5,3,2,LinearSVC,Scaling,0.6566165413533834,0.649295035200941,"{'C': np.float64(10.0), 'class_weight': None, 'dual': False, 'fit_intercept': True, 'intercept_scaling': 1, 'loss': 'squared_hinge', 'max_iter': 100, 'multi_class': 'ovr', 'penalty': 'l2', 'random_state': 42, 'tol': 0.0001, 'verbose': 0}",0.19455742835998535
Plant_oil,1,5,3,2,LogisticRegression,Scaling,0.7369924812030075,0.7239847776638506,"{'C': np.float64(10.0), 'class_weight': None, 'dual': False, 'fit_intercept': True, 'intercept_scaling': 1, 'l1_ratio': None, 'max_iter': 100, 'multi_class': 'deprecated', 'n_jobs': None, 'penalty': None, 'random_state': 42, 'solver': 'lbfgs', 'tol': 0.0001, 'verbose': 0, 'warm_start': False}",0.7807526588439941
Plant_oil,1,5,3,2,RNN,Scaling,0.3458646616541353,0.25827041495448,"{'hidden_size': 64, 'epochs': 10, 'batch_size': 32, 'lr': 0.001}",0.753237247467041
Plant_oil,1,5,3,3,KNN,Scaling,0.7903007518796993,0.7754736576969027,"{'algorithm': 'auto', 'leaf_size': 30, 'metric': 'euclidean', 'metric_params': None, 'n_jobs': None, 'n_neighbors': np.int64(3), 'p': 2, 'weights': 'uniform'}",0.6491694450378418
Plant_oil,1,5,3,3,RandomForest,Scaling,0.747593984962406,0.7392392463227033,"{'bootstrap': True, 'ccp_alpha': 0.0, 'class_weight': None, 'criterion': 'gini', 'max_depth': 20, 'max_features': 'sqrt', 'max_leaf_nodes': None, 'max_samples': None, 'min_impurity_decrease': 0.0, 'min_samples_leaf': 1, 'min_samples_split': 2, 'min_weight_fraction_leaf': 0.0, 'monotonic_cst': None, 'n_estimators': 100, 'n_jobs': None, 'oob_score': False, 'random_state': 42, 'verbose': 0, 'warm_start': False}",6.722572565078735
Plant_oil,1,5,3,3,LinearSVC,Scaling,0.6657894736842105,0.6569015354841955,"{'C': np.float64(10.0), 'class_weight': None, 'dual': False, 'fit_intercept': True, 'intercept_scaling': 1, 'loss': 'squared_hinge', 'max_iter': 100, 'multi_class': 'ovr', 'penalty': 'l2', 'random_state': 42, 'tol': 0.0001, 'verbose': 0}",0.2833058834075928
Plant_oil,1,5,3,3,LogisticRegression,Scaling,0.7320300751879699,0.719496415240959,"{'C': np.float64(10.0), 'class_weight': None, 'dual': False, 'fit_intercept': True, 'intercept_scaling': 1, 'l1_ratio': None, 'max_iter': 100, 'multi_class': 'deprecated', 'n_jobs': None, 'penalty': None, 'random_state': 42, 'solver': 'lbfgs', 'tol': 0.0001, 'verbose': 0, 'warm_start': False}",1.1395699977874756
Plant_oil,1,5,3,3,RNN,Scaling,0.38345864661654133,0.32618850722333115,"{'hidden_size': 64, 'epochs': 10, 'batch_size': 32, 'lr': 0.001}",1.120140790939331
Plant_oil,1,5,3,5,KNN,Scaling,0.7874436090225564,0.7729025167366018,"{'algorithm': 'auto', 'leaf_size': 30, 'metric': 'euclidean', 'metric_params': None, 'n_jobs': None, 'n_neighbors': np.int64(3), 'p': 2, 'weights': 'uniform'}",0.711923360824585
Plant_oil,1,5,3,5,RandomForest,Scaling,0.7849624060150376,0.7749951200064304,"{'bootstrap': True, 'ccp_alpha': 0.0, 'class_weight': None, 'criterion': 'gini', 'max_depth': 20, 'max_features': 'sqrt', 'max_leaf_nodes': None, 'max_samples': None, 'min_impurity_decrease': 0.0, 'min_samples_leaf': 1, 'min_samples_split': 2, 'min_weight_fraction_leaf': 0.0, 'monotonic_cst': None, 'n_estimators': 100, 'n_jobs': None, 'oob_score': False, 'random_state': 42, 'verbose': 0, 'warm_start': False}",12.774924039840698
Plant_oil,1,5,3,5,LinearSVC,Scaling,0.6581203007518797,0.6506929760105783,"{'C': np.float64(10.0), 'class_weight': None, 'dual': False, 'fit_intercept': True, 'intercept_scaling': 1, 'loss': 'squared_hinge', 'max_iter': 100, 'multi_class': 'ovr', 'penalty': 'l2', 'random_state': 42, 'tol': 0.0001, 'verbose': 0}",0.48189806938171387
Plant_oil,1,5,3,5,LogisticRegression,Scaling,0.7351879699248121,0.720628087606168,"{'C': np.float64(10.0), 'class_weight': None, 'dual': False, 'fit_intercept': True, 'intercept_scaling': 1, 'l1_ratio': None, 'max_iter': 100, 'multi_class': 'deprecated', 'n_jobs': None, 'penalty': None, 'random_state': 42, 'solver': 'lbfgs', 'tol': 0.0001, 'verbose': 0, 'warm_start': False}",1.9319610595703125
Plant_oil,1,5,3,5,RNN,Scaling,0.48120300751879697,0.4186499615181614,"{'hidden_size': 64, 'epochs': 10, 'batch_size': 32, 'lr': 0.001}",1.8509852886199951
Plant_oil,1,5,3,10,KNN,Scaling,0.7846616541353384,0.7681265495081366,"{'algorithm': 'auto', 'leaf_size': 30, 'metric': 'euclidean', 'metric_params': None, 'n_jobs': None, 'n_neighbors': np.int64(3), 'p': 2, 'weights': 'uniform'}",0.8060383796691895
Plant_oil,1,5,3,10,RandomForest,Scaling,0.7658646616541354,0.7537015992937331,"{'bootstrap': True, 'ccp_alpha': 0.0, 'class_weight': None, 'criterion': 'gini', 'max_depth': 20, 'max_features': 'sqrt', 'max_leaf_nodes': None, 'max_samples': None, 'min_impurity_decrease': 0.0, 'min_samples_leaf': 1, 'min_samples_split': 2, 'min_weight_fraction_leaf': 0.0, 'monotonic_cst': None, 'n_estimators': 100, 'n_jobs': None, 'oob_score': False, 'random_state': 42, 'verbose': 0, 'warm_start': False}",27.403490781784058
Plant_oil,1,5,3,10,LinearSVC,Scaling,0.6555639097744361,0.6460268604705899,"{'C': np.float64(10.0), 'class_weight': None, 'dual': False, 'fit_intercept': True, 'intercept_scaling': 1, 'loss': 'squared_hinge', 'max_iter': 100, 'multi_class': 'ovr', 'penalty': 'l2', 'random_state': 42, 'tol': 0.0001, 'verbose': 0}",1.04709792137146
Plant_oil,1,5,3,10,LogisticRegression,Scaling,0.7124812030075188,0.6958419442580803,"{'C': np.float64(10.0), 'class_weight': None, 'dual': False, 'fit_intercept': True, 'intercept_scaling': 1, 'l1_ratio': None, 'max_iter': 100, 'multi_class': 'deprecated', 'n_jobs': None, 'penalty': None, 'random_state': 42, 'solver': 'lbfgs', 'tol': 0.0001, 'verbose': 0, 'warm_start': False}",3.896404981613159
Plant_oil,1,5,3,10,RNN,Scaling,0.49624060150375937,0.45650456300024084,"{'hidden_size': 64, 'epochs': 10, 'batch_size': 32, 'lr': 0.001}",3.573133707046509
Plant_oil,1,5,3,2,KNN,Magnitude_Warping,0.7909022556390978,0.7756105568702547,"{'algorithm': 'auto', 'leaf_size': 30, 'metric': 'euclidean', 'metric_params': None, 'n_jobs': None, 'n_neighbors': np.int64(3), 'p': 2, 'weights': 'uniform'}",0.6441686153411865
Plant_oil,1,5,3,2,RandomForest,Magnitude_Warping,0.7795488721804511,0.7713599266094067,"{'bootstrap': True, 'ccp_alpha': 0.0, 'class_weight': None, 'criterion': 'gini', 'max_depth': 20, 'max_features': 'sqrt', 'max_leaf_nodes': None, 'max_samples': None, 'min_impurity_decrease': 0.0, 'min_samples_leaf': 1, 'min_samples_split': 2, 'min_weight_fraction_leaf': 0.0, 'monotonic_cst': None, 'n_estimators': 100, 'n_jobs': None, 'oob_score': False, 'random_state': 42, 'verbose': 0, 'warm_start': False}",4.727808237075806
Plant_oil,1,5,3,2,LinearSVC,Magnitude_Warping,0.6575939849624061,0.6452327993626814,"{'C': np.float64(10.0), 'class_weight': None, 'dual': False, 'fit_intercept': True, 'intercept_scaling': 1, 'loss': 'squared_hinge', 'max_iter': 100, 'multi_class': 'ovr', 'penalty': 'l2', 'random_state': 42, 'tol': 0.0001, 'verbose': 0}",0.1910090446472168
Plant_oil,1,5,3,2,LogisticRegression,Magnitude_Warping,0.7109774436090226,0.6974625998354372,"{'C': np.float64(10.0), 'class_weight': None, 'dual': False, 'fit_intercept': True, 'intercept_scaling': 1, 'l1_ratio': None, 'max_iter': 100, 'multi_class': 'deprecated', 'n_jobs': None, 'penalty': None, 'random_state': 42, 'solver': 'lbfgs', 'tol': 0.0001, 'verbose': 0, 'warm_start': False}",0.8256559371948242
Plant_oil,1,5,3,2,RNN,Magnitude_Warping,0.3007518796992481,0.19056277056277054,"{'hidden_size': 64, 'epochs': 10, 'batch_size': 32, 'lr': 0.001}",0.7923414707183838
Plant_oil,1,5,3,3,KNN,Magnitude_Warping,0.7783458646616541,0.7624066579410366,"{'algorithm': 'auto', 'leaf_size': 30, 'metric': 'euclidean', 'metric_params': None, 'n_jobs': None, 'n_neighbors': np.int64(3), 'p': 2, 'weights': 'uniform'}",0.6609048843383789
Plant_oil,1,5,3,3,RandomForest,Magnitude_Warping,0.7666917293233083,0.7549345766979452,"{'bootstrap': True, 'ccp_alpha': 0.0, 'class_weight': None, 'criterion': 'gini', 'max_depth': 20, 'max_features': 'sqrt', 'max_leaf_nodes': None, 'max_samples': None, 'min_impurity_decrease': 0.0, 'min_samples_leaf': 1, 'min_samples_split': 2, 'min_weight_fraction_leaf': 0.0, 'monotonic_cst': None, 'n_estimators': 100, 'n_jobs': None, 'oob_score': False, 'random_state': 42, 'verbose': 0, 'warm_start': False}",7.436237335205078
Plant_oil,1,5,3,3,LinearSVC,Magnitude_Warping,0.6439097744360902,0.6321818532976184,"{'C': np.float64(10.0), 'class_weight': None, 'dual': False, 'fit_intercept': True, 'intercept_scaling': 1, 'loss': 'squared_hinge', 'max_iter': 100, 'multi_class': 'ovr', 'penalty': 'l2', 'random_state': 42, 'tol': 0.0001, 'verbose': 0}",0.27863144874572754
Plant_oil,1,5,3,3,LogisticRegression,Magnitude_Warping,0.7061654135338346,0.6926709184681457,"{'C': np.float64(10.0), 'class_weight': None, 'dual': False, 'fit_intercept': True, 'intercept_scaling': 1, 'l1_ratio': None, 'max_iter': 100, 'multi_class': 'deprecated', 'n_jobs': None, 'penalty': None, 'random_state': 42, 'solver': 'lbfgs', 'tol': 0.0001, 'verbose': 0, 'warm_start': False}",1.1874699592590332
Plant_oil,1,5,3,3,RNN,Magnitude_Warping,0.39849624060150374,0.31219342061447325,"{'hidden_size': 64, 'epochs': 10, 'batch_size': 32, 'lr': 0.001}",1.0703835487365723
Plant_oil,1,5,3,5,KNN,Magnitude_Warping,0.7838345864661654,0.7692143795813039,"{'algorithm': 'auto', 'leaf_size': 30, 'metric': 'euclidean', 'metric_params': None, 'n_jobs': None, 'n_neighbors': np.int64(3), 'p': 2, 'weights': 'uniform'}",0.7132878303527832
Plant_oil,1,5,3,5,RandomForest,Magnitude_Warping,0.7637593984962406,0.7531061087114872,"{'bootstrap': True, 'ccp_alpha': 0.0, 'class_weight': None, 'criterion': 'gini', 'max_depth': 20, 'max_features': 'sqrt', 'max_leaf_nodes': None, 'max_samples': None, 'min_impurity_decrease': 0.0, 'min_samples_leaf': 1, 'min_samples_split': 2, 'min_weight_fraction_leaf': 0.0, 'monotonic_cst': None, 'n_estimators': 100, 'n_jobs': None, 'oob_score': False, 'random_state': 42, 'verbose': 0, 'warm_start': False}",13.415498971939087
Plant_oil,1,5,3,5,LinearSVC,Magnitude_Warping,0.6564661654135339,0.645549054126075,"{'C': np.float64(10.0), 'class_weight': None, 'dual': False, 'fit_intercept': True, 'intercept_scaling': 1, 'loss': 'squared_hinge', 'max_iter': 100, 'multi_class': 'ovr', 'penalty': 'l2', 'random_state': 42, 'tol': 0.0001, 'verbose': 0}",0.48532795906066895
Plant_oil,1,5,3,5,LogisticRegression,Magnitude_Warping,0.7151127819548873,0.7021263274671385,"{'C': np.float64(10.0), 'class_weight': None, 'dual': False, 'fit_intercept': True, 'intercept_scaling': 1, 'l1_ratio': None, 'max_iter': 100, 'multi_class': 'deprecated', 'n_jobs': None, 'penalty': None, 'random_state': 42, 'solver': 'lbfgs', 'tol': 0.0001, 'verbose': 0, 'warm_start': False}",2.0631721019744873
Plant_oil,1,5,3,5,RNN,Magnitude_Warping,0.41353383458646614,0.3181548673087623,"{'hidden_size': 64, 'epochs': 10, 'batch_size': 32, 'lr': 0.001}",1.9225220680236816
Plant_oil,1,5,3,10,KNN,Magnitude_Warping,0.7791729323308271,0.7636142379658261,"{'algorithm': 'auto', 'leaf_size': 30, 'metric': 'euclidean', 'metric_params': None, 'n_jobs': None, 'n_neighbors': np.int64(3), 'p': 2, 'weights': 'uniform'}",0.8141214847564697
Plant_oil,1,5,3,10,RandomForest,Magnitude_Warping,0.7619548872180452,0.7470644551379433,"{'bootstrap': True, 'ccp_alpha': 0.0, 'class_weight': None, 'criterion': 'gini', 'max_depth': 20, 'max_features': 'sqrt', 'max_leaf_nodes': None, 'max_samples': None, 'min_impurity_decrease': 0.0, 'min_samples_leaf': 1, 'min_samples_split': 2, 'min_weight_fraction_leaf': 0.0, 'monotonic_cst': None, 'n_estimators': 100, 'n_jobs': None, 'oob_score': False, 'random_state': 42, 'verbose': 0, 'warm_start': False}",29.824501276016235
Plant_oil,1,5,3,10,LinearSVC,Magnitude_Warping,0.6575939849624061,0.6458687618665843,"{'C': np.float64(10.0), 'class_weight': None, 'dual': False, 'fit_intercept': True, 'intercept_scaling': 1, 'loss': 'squared_hinge', 'max_iter': 100, 'multi_class': 'ovr', 'penalty': 'l2', 'random_state': 42, 'tol': 0.0001, 'verbose': 0}",1.0189292430877686
Plant_oil,1,5,3,10,LogisticRegression,Magnitude_Warping,0.7242105263157895,0.7114653609011619,"{'C': np.float64(10.0), 'class_weight': None, 'dual': False, 'fit_intercept': True, 'intercept_scaling': 1, 'l1_ratio': None, 'max_iter': 100, 'multi_class': 'deprecated', 'n_jobs': None, 'penalty': None, 'random_state': 42, 'solver': 'lbfgs', 'tol': 0.0001, 'verbose': 0, 'warm_start': False}",5.005099773406982
Plant_oil,1,5,3,10,RNN,Magnitude_Warping,0.5789473684210527,0.5048967727777756,"{'hidden_size': 64, 'epochs': 10, 'batch_size': 32, 'lr': 0.001}",3.804403781890869
Plant_oil,1,5,3,2,KNN,Time_Warping,0.782781954887218,0.7674723537056064,"{'algorithm': 'auto', 'leaf_size': 30, 'metric': 'euclidean', 'metric_params': None, 'n_jobs': None, 'n_neighbors': np.int64(3), 'p': 2, 'weights': 'uniform'}",0.6352620124816895
Plant_oil,1,5,3,2,RandomForest,Time_Warping,0.7372932330827068,0.7310439503818331,"{'bootstrap': True, 'ccp_alpha': 0.0, 'class_weight': None, 'criterion': 'gini', 'max_depth': 20, 'max_features': 'sqrt', 'max_leaf_nodes': None, 'max_samples': None, 'min_impurity_decrease': 0.0, 'min_samples_leaf': 1, 'min_samples_split': 2, 'min_weight_fraction_leaf': 0.0, 'monotonic_cst': None, 'n_estimators': 100, 'n_jobs': None, 'oob_score': False, 'random_state': 42, 'verbose': 0, 'warm_start': False}",4.342440128326416
Plant_oil,1,5,3,2,LinearSVC,Time_Warping,0.6707518796992481,0.6654995142979627,"{'C': np.float64(10.0), 'class_weight': None, 'dual': False, 'fit_intercept': True, 'intercept_scaling': 1, 'loss': 'squared_hinge', 'max_iter': 100, 'multi_class': 'ovr', 'penalty': 'l2', 'random_state': 42, 'tol': 0.0001, 'verbose': 0}",0.1936781406402588
Plant_oil,1,5,3,2,LogisticRegression,Time_Warping,0.7495488721804511,0.7372372567726864,"{'C': np.float64(10.0), 'class_weight': None, 'dual': False, 'fit_intercept': True, 'intercept_scaling': 1, 'l1_ratio': None, 'max_iter': 100, 'multi_class': 'deprecated', 'n_jobs': None, 'penalty': None, 'random_state': 42, 'solver': 'lbfgs', 'tol': 0.0001, 'verbose': 0, 'warm_start': False}",0.7934563159942627
Plant_oil,1,5,3,2,RNN,Time_Warping,0.19548872180451127,0.10446880537191704,"{'hidden_size': 64, 'epochs': 10, 'batch_size': 32, 'lr': 0.001}",0.7438328266143799
Plant_oil,1,5,3,3,KNN,Time_Warping,0.7766917293233083,0.7639824936351464,"{'algorithm': 'auto', 'leaf_size': 30, 'metric': 'euclidean', 'metric_params': None, 'n_jobs': None, 'n_neighbors': np.int64(3), 'p': 2, 'weights': 'uniform'}",0.6513006687164307
Plant_oil,1,5,3,3,RandomForest,Time_Warping,0.7327067669172932,0.7275574626574173,"{'bootstrap': True, 'ccp_alpha': 0.0, 'class_weight': None, 'criterion': 'gini', 'max_depth': 20, 'max_features': 'sqrt', 'max_leaf_nodes': None, 'max_samples': None, 'min_impurity_decrease': 0.0, 'min_samples_leaf': 1, 'min_samples_split': 2, 'min_weight_fraction_leaf': 0.0, 'monotonic_cst': None, 'n_estimators': 100, 'n_jobs': None, 'oob_score': False, 'random_state': 42, 'verbose': 0, 'warm_start': False}",6.673526287078857
Plant_oil,1,5,3,3,LinearSVC,Time_Warping,0.6670676691729324,0.6590787487227805,"{'C': np.float64(10.0), 'class_weight': None, 'dual': False, 'fit_intercept': True, 'intercept_scaling': 1, 'loss': 'squared_hinge', 'max_iter': 100, 'multi_class': 'ovr', 'penalty': 'l2', 'random_state': 42, 'tol': 0.0001, 'verbose': 0}",0.2950930595397949
Plant_oil,1,5,3,3,LogisticRegression,Time_Warping,0.7133082706766918,0.7023094062280824,"{'C': np.float64(10.0), 'class_weight': None, 'dual': False, 'fit_intercept': True, 'intercept_scaling': 1, 'l1_ratio': None, 'max_iter': 100, 'multi_class': 'deprecated', 'n_jobs': None, 'penalty': None, 'random_state': 42, 'solver': 'lbfgs', 'tol': 0.0001, 'verbose': 0, 'warm_start': False}",1.1462349891662598
Plant_oil,1,5,3,3,RNN,Time_Warping,0.3533834586466165,0.2721054610041784,"{'hidden_size': 64, 'epochs': 10, 'batch_size': 32, 'lr': 0.001}",1.181356430053711
Plant_oil,1,5,3,5,KNN,Time_Warping,0.7712781954887218,0.7592842133603721,"{'algorithm': 'auto', 'leaf_size': 30, 'metric': 'euclidean', 'metric_params': None, 'n_jobs': None, 'n_neighbors': np.int64(3), 'p': 2, 'weights': 'uniform'}",0.7089354991912842
Plant_oil,1,5,3,5,RandomForest,Time_Warping,0.7076691729323308,0.7033144983437926,"{'bootstrap': True, 'ccp_alpha': 0.0, 'class_weight': None, 'criterion': 'gini', 'max_depth': 20, 'max_features': 'sqrt', 'max_leaf_nodes': None, 'max_samples': None, 'min_impurity_decrease': 0.0, 'min_samples_leaf': 1, 'min_samples_split': 2, 'min_weight_fraction_leaf': 0.0, 'monotonic_cst': None, 'n_estimators': 100, 'n_jobs': None, 'oob_score': False, 'random_state': 42, 'verbose': 0, 'warm_start': False}",12.109731197357178
Plant_oil,1,5,3,5,LinearSVC,Time_Warping,0.662781954887218,0.6550947878311503,"{'C': np.float64(10.0), 'class_weight': None, 'dual': False, 'fit_intercept': True, 'intercept_scaling': 1, 'loss': 'squared_hinge', 'max_iter': 100, 'multi_class': 'ovr', 'penalty': 'l2', 'random_state': 42, 'tol': 0.0001, 'verbose': 0}",0.4828765392303467
Plant_oil,1,5,3,5,LogisticRegression,Time_Warping,0.7206015037593985,0.7106410676732041,"{'C': np.float64(10.0), 'class_weight': None, 'dual': False, 'fit_intercept': True, 'intercept_scaling': 1, 'l1_ratio': None, 'max_iter': 100, 'multi_class': 'deprecated', 'n_jobs': None, 'penalty': None, 'random_state': 42, 'solver': 'lbfgs', 'tol': 0.0001, 'verbose': 0, 'warm_start': False}",1.9544665813446045
Plant_oil,1,5,3,5,RNN,Time_Warping,0.45864661654135336,0.3779195950248582,"{'hidden_size': 64, 'epochs': 10, 'batch_size': 32, 'lr': 0.001}",1.944911003112793
Plant_oil,1,5,3,10,KNN,Time_Warping,0.7739097744360902,0.7610693839765943,"{'algorithm': 'auto', 'leaf_size': 30, 'metric': 'euclidean', 'metric_params': None, 'n_jobs': None, 'n_neighbors': np.int64(3), 'p': 2, 'weights': 'uniform'}",0.81258225440979
Plant_oil,1,5,3,10,RandomForest,Time_Warping,0.7054135338345865,0.7023321168752489,"{'bootstrap': True, 'ccp_alpha': 0.0, 'class_weight': None, 'criterion': 'gini', 'max_depth': 20, 'max_features': 'sqrt', 'max_leaf_nodes': None, 'max_samples': None, 'min_impurity_decrease': 0.0, 'min_samples_leaf': 1, 'min_samples_split': 2, 'min_weight_fraction_leaf': 0.0, 'monotonic_cst': None, 'n_estimators': 100, 'n_jobs': None, 'oob_score': False, 'random_state': 42, 'verbose': 0, 'warm_start': False}",25.718559980392456
Plant_oil,1,5,3,10,LinearSVC,Time_Warping,0.6518796992481203,0.6442642948214805,"{'C': np.float64(10.0), 'class_weight': None, 'dual': False, 'fit_intercept': True, 'intercept_scaling': 1, 'loss': 'squared_hinge', 'max_iter': 100, 'multi_class': 'ovr', 'penalty': 'l2', 'random_state': 42, 'tol': 0.0001, 'verbose': 0}",1.1667935848236084
Plant_oil,1,5,3,10,LogisticRegression,Time_Warping,0.7177443609022557,0.7078763561952623,"{'C': np.float64(10.0), 'class_weight': None, 'dual': False, 'fit_intercept': True, 'intercept_scaling': 1, 'l1_ratio': None, 'max_iter': 100, 'multi_class': 'deprecated', 'n_jobs': None, 'penalty': None, 'random_state': 42, 'solver': 'lbfgs', 'tol': 0.0001, 'verbose': 0, 'warm_start': False}",4.122741222381592
Plant_oil,1,5,3,10,RNN,Time_Warping,0.48872180451127817,0.43671958976845227,"{'hidden_size': 64, 'epochs': 10, 'batch_size': 32, 'lr': 0.001}",3.7422635555267334
Plant_oil,1,5,3,2,KNN,SMOTE,0.7959398496240602,0.7803267180235197,"{'algorithm': 'auto', 'leaf_size': 30, 'metric': 'euclidean', 'metric_params': None, 'n_jobs': None, 'n_neighbors': np.int64(3), 'p': 2, 'weights': 'uniform'}",0.6276512145996094
Plant_oil,1,5,3,2,RandomForest,SMOTE,0.7554135338345864,0.7479450922140617,"{'bootstrap': True, 'ccp_alpha': 0.0, 'class_weight': None, 'criterion': 'gini', 'max_depth': 20, 'max_features': 'sqrt', 'max_leaf_nodes': None, 'max_samples': None, 'min_impurity_decrease': 0.0, 'min_samples_leaf': 1, 'min_samples_split': 2, 'min_weight_fraction_leaf': 0.0, 'monotonic_cst': None, 'n_estimators': 100, 'n_jobs': None, 'oob_score': False, 'random_state': 42, 'verbose': 0, 'warm_start': False}",4.433212995529175
Plant_oil,1,5,3,2,LinearSVC,SMOTE,0.7003759398496241,0.6883456287624404,"{'C': np.float64(10.0), 'class_weight': None, 'dual': False, 'fit_intercept': True, 'intercept_scaling': 1, 'loss': 'squared_hinge', 'max_iter': 100, 'multi_class': 'ovr', 'penalty': 'l2', 'random_state': 42, 'tol': 0.0001, 'verbose': 0}",0.20307612419128418
Plant_oil,1,5,3,2,LogisticRegression,SMOTE,0.7651879699248121,0.753259757658954,"{'C': np.float64(10.0), 'class_weight': None, 'dual': False, 'fit_intercept': True, 'intercept_scaling': 1, 'l1_ratio': None, 'max_iter': 100, 'multi_class': 'deprecated', 'n_jobs': None, 'penalty': None, 'random_state': 42, 'solver': 'lbfgs', 'tol': 0.0001, 'verbose': 0, 'warm_start': False}",0.8142054080963135
Plant_oil,1,5,3,2,RNN,SMOTE,0.3007518796992481,0.18642576541334474,"{'hidden_size': 64, 'epochs': 10, 'batch_size': 32, 'lr': 0.001}",0.8281033039093018
Plant_oil,1,5,3,3,KNN,SMOTE,0.8078947368421052,0.7924558599256033,"{'algorithm': 'auto', 'leaf_size': 30, 'metric': 'euclidean', 'metric_params': None, 'n_jobs': None, 'n_neighbors': np.int64(3), 'p': 2, 'weights': 'uniform'}",0.6569888591766357
Plant_oil,1,5,3,3,RandomForest,SMOTE,0.7545864661654136,0.7491087721041148,"{'bootstrap': True, 'ccp_alpha': 0.0, 'class_weight': None, 'criterion': 'gini', 'max_depth': 20, 'max_features': 'sqrt', 'max_leaf_nodes': None, 'max_samples': None, 'min_impurity_decrease': 0.0, 'min_samples_leaf': 1, 'min_samples_split': 2, 'min_weight_fraction_leaf': 0.0, 'monotonic_cst': None, 'n_estimators': 100, 'n_jobs': None, 'oob_score': False, 'random_state': 42, 'verbose': 0, 'warm_start': False}",6.557069301605225
Plant_oil,1,5,3,3,LinearSVC,SMOTE,0.6907518796992481,0.6826490832364821,"{'C': np.float64(10.0), 'class_weight': None, 'dual': False, 'fit_intercept': True, 'intercept_scaling': 1, 'loss': 'squared_hinge', 'max_iter': 100, 'multi_class': 'ovr', 'penalty': 'l2', 'random_state': 42, 'tol': 0.0001, 'verbose': 0}",0.3018300533294678
Plant_oil,1,5,3,3,LogisticRegression,SMOTE,0.7470676691729323,0.7355546174507186,"{'C': np.float64(10.0), 'class_weight': None, 'dual': False, 'fit_intercept': True, 'intercept_scaling': 1, 'l1_ratio': None, 'max_iter': 100, 'multi_class': 'deprecated', 'n_jobs': None, 'penalty': None, 'random_state': 42, 'solver': 'lbfgs', 'tol': 0.0001, 'verbose': 0, 'warm_start': False}",1.1397011280059814
Plant_oil,1,5,3,3,RNN,SMOTE,0.3458646616541353,0.2604094452779575,"{'hidden_size': 64, 'epochs': 10, 'batch_size': 32, 'lr': 0.001}",1.1302013397216797
Plant_oil,1,5,3,5,KNN,SMOTE,0.8099248120300752,0.7961301720409014,"{'algorithm': 'auto', 'leaf_size': 30, 'metric': 'euclidean', 'metric_params': None, 'n_jobs': None, 'n_neighbors': np.int64(3), 'p': 2, 'weights': 'uniform'}",0.6898701190948486
Plant_oil,1,5,3,5,RandomForest,SMOTE,0.7613533834586467,0.7554731172056027,"{'bootstrap': True, 'ccp_alpha': 0.0, 'class_weight': None, 'criterion': 'gini', 'max_depth': 20, 'max_features': 'sqrt', 'max_leaf_nodes': None, 'max_samples': None, 'min_impurity_decrease': 0.0, 'min_samples_leaf': 1, 'min_samples_split': 2, 'min_weight_fraction_leaf': 0.0, 'monotonic_cst': None, 'n_estimators': 100, 'n_jobs': None, 'oob_score': False, 'random_state': 42, 'verbose': 0, 'warm_start': False}",11.543943643569946
Plant_oil,1,5,3,5,LinearSVC,SMOTE,0.697218045112782,0.6865249679186659,"{'C': np.float64(10.0), 'class_weight': None, 'dual': False, 'fit_intercept': True, 'intercept_scaling': 1, 'loss': 'squared_hinge', 'max_iter': 100, 'multi_class': 'ovr', 'penalty': 'l2', 'random_state': 42, 'tol': 0.0001, 'verbose': 0}",0.5016999244689941
Plant_oil,1,5,3,5,LogisticRegression,SMOTE,0.7506766917293233,0.7381689847554722,"{'C': np.float64(10.0), 'class_weight': None, 'dual': False, 'fit_intercept': True, 'intercept_scaling': 1, 'l1_ratio': None, 'max_iter': 100, 'multi_class': 'deprecated', 'n_jobs': None, 'penalty': None, 'random_state': 42, 'solver': 'lbfgs', 'tol': 0.0001, 'verbose': 0, 'warm_start': False}",1.966801643371582
Plant_oil,1,5,3,5,RNN,SMOTE,0.48872180451127817,0.4103874922645988,"{'hidden_size': 64, 'epochs': 10, 'batch_size': 32, 'lr': 0.001}",1.8577353954315186
Plant_oil,1,5,3,10,KNN,SMOTE,0.815563909774436,0.8014031218921501,"{'algorithm': 'auto', 'leaf_size': 30, 'metric': 'euclidean', 'metric_params': None, 'n_jobs': None, 'n_neighbors': np.int64(3), 'p': 2, 'weights': 'uniform'}",0.773916482925415
Plant_oil,1,5,3,10,RandomForest,SMOTE,0.7694736842105263,0.7637367043440697,"{'bootstrap': True, 'ccp_alpha': 0.0, 'class_weight': None, 'criterion': 'gini', 'max_depth': 20, 'max_features': 'sqrt', 'max_leaf_nodes': None, 'max_samples': None, 'min_impurity_decrease': 0.0, 'min_samples_leaf': 1, 'min_samples_split': 2, 'min_weight_fraction_leaf': 0.0, 'monotonic_cst': None, 'n_estimators': 100, 'n_jobs': None, 'oob_score': False, 'random_state': 42, 'verbose': 0, 'warm_start': False}",25.700926303863525
Plant_oil,1,5,3,10,LinearSVC,SMOTE,0.693984962406015,0.6835813305594278,"{'C': np.float64(10.0), 'class_weight': None, 'dual': False, 'fit_intercept': True, 'intercept_scaling': 1, 'loss': 'squared_hinge', 'max_iter': 100, 'multi_class': 'ovr', 'penalty': 'l2', 'random_state': 42, 'tol': 0.0001, 'verbose': 0}",1.1749467849731445
Plant_oil,1,5,3,10,LogisticRegression,SMOTE,0.7525563909774436,0.7404651320665897,"{'C': np.float64(10.0), 'class_weight': None, 'dual': False, 'fit_intercept': True, 'intercept_scaling': 1, 'l1_ratio': None, 'max_iter': 100, 'multi_class': 'deprecated', 'n_jobs': None, 'penalty': None, 'random_state': 42, 'solver': 'lbfgs', 'tol': 0.0001, 'verbose': 0, 'warm_start': False}",3.9033613204956055
Plant_oil,1,5,3,10,RNN,SMOTE,0.5413533834586466,0.5053467155052641,"{'hidden_size': 64, 'epochs': 10, 'batch_size': 32, 'lr': 0.001}",3.8204052448272705
Plant_oil,1,5,3,2,KNN,Mixup,0.7903007518796993,0.7747745646671141,"{'algorithm': 'auto', 'leaf_size': 30, 'metric': 'euclidean', 'metric_params': None, 'n_jobs': None, 'n_neighbors': np.int64(3), 'p': 2, 'weights': 'uniform'}",0.6275439262390137
Plant_oil,1,5,3,2,RandomForest,Mixup,0.7448120300751879,0.7397365405804179,"{'bootstrap': True, 'ccp_alpha': 0.0, 'class_weight': None, 'criterion': 'gini', 'max_depth': 20, 'max_features': 'sqrt', 'max_leaf_nodes': None, 'max_samples': None, 'min_impurity_decrease': 0.0, 'min_samples_leaf': 1, 'min_samples_split': 2, 'min_weight_fraction_leaf': 0.0, 'monotonic_cst': None, 'n_estimators': 100, 'n_jobs': None, 'oob_score': False, 'random_state': 42, 'verbose': 0, 'warm_start': False}",4.166280269622803
Plant_oil,1,5,3,2,LinearSVC,Mixup,0.7006766917293233,0.6915591104211118,"{'C': np.float64(10.0), 'class_weight': None, 'dual': False, 'fit_intercept': True, 'intercept_scaling': 1, 'loss': 'squared_hinge', 'max_iter': 100, 'multi_class': 'ovr', 'penalty': 'l2', 'random_state': 42, 'tol': 0.0001, 'verbose': 0}",0.19700932502746582
Plant_oil,1,5,3,2,LogisticRegression,Mixup,0.7676691729323308,0.7566459615078415,"{'C': np.float64(10.0), 'class_weight': None, 'dual': False, 'fit_intercept': True, 'intercept_scaling': 1, 'l1_ratio': None, 'max_iter': 100, 'multi_class': 'deprecated', 'n_jobs': None, 'penalty': None, 'random_state': 42, 'solver': 'lbfgs', 'tol': 0.0001, 'verbose': 0, 'warm_start': False}",0.7790164947509766
Plant_oil,1,5,3,2,RNN,Mixup,0.42857142857142855,0.31092194097216136,"{'hidden_size': 64, 'epochs': 10, 'batch_size': 32, 'lr': 0.001}",0.7402255535125732
Plant_oil,1,5,3,3,KNN,Mixup,0.8064661654135339,0.7914818126470745,"{'algorithm': 'auto', 'leaf_size': 30, 'metric': 'euclidean', 'metric_params': None, 'n_jobs': None, 'n_neighbors': np.int64(3), 'p': 2, 'weights': 'uniform'}",0.6431014537811279
Plant_oil,1,5,3,3,RandomForest,Mixup,0.7650375939849624,0.7596128198783478,"{'bootstrap': True, 'ccp_alpha': 0.0, 'class_weight': None, 'criterion': 'gini', 'max_depth': 20, 'max_features': 'sqrt', 'max_leaf_nodes': None, 'max_samples': None, 'min_impurity_decrease': 0.0, 'min_samples_leaf': 1, 'min_samples_split': 2, 'min_weight_fraction_leaf': 0.0, 'monotonic_cst': None, 'n_estimators': 100, 'n_jobs': None, 'oob_score': False, 'random_state': 42, 'verbose': 0, 'warm_start': False}",5.977344989776611
Plant_oil,1,5,3,3,LinearSVC,Mixup,0.7096240601503759,0.7006133422891891,"{'C': np.float64(10.0), 'class_weight': None, 'dual': False, 'fit_intercept': True, 'intercept_scaling': 1, 'loss': 'squared_hinge', 'max_iter': 100, 'multi_class': 'ovr', 'penalty': 'l2', 'random_state': 42, 'tol': 0.0001, 'verbose': 0}",0.32664942741394043
Plant_oil,1,5,3,3,LogisticRegression,Mixup,0.7560902255639098,0.7439298318714452,"{'C': np.float64(10.0), 'class_weight': None, 'dual': False, 'fit_intercept': True, 'intercept_scaling': 1, 'l1_ratio': None, 'max_iter': 100, 'multi_class': 'deprecated', 'n_jobs': None, 'penalty': None, 'random_state': 42, 'solver': 'lbfgs', 'tol': 0.0001, 'verbose': 0, 'warm_start': False}",1.1701719760894775
Plant_oil,1,5,3,3,RNN,Mixup,0.40601503759398494,0.3223858787740027,"{'hidden_size': 64, 'epochs': 10, 'batch_size': 32, 'lr': 0.001}",1.2298247814178467
Plant_oil,1,5,3,5,KNN,Mixup,0.8020300751879699,0.7860454502033918,"{'algorithm': 'auto', 'leaf_size': 30, 'metric': 'euclidean', 'metric_params': None, 'n_jobs': None, 'n_neighbors': np.int64(3), 'p': 2, 'weights': 'uniform'}",0.7165215015411377
Plant_oil,1,5,3,5,RandomForest,Mixup,0.7520300751879699,0.7483790885239725,"{'bootstrap': True, 'ccp_alpha': 0.0, 'class_weight': None, 'criterion': 'gini', 'max_depth': 20, 'max_features': 'sqrt', 'max_leaf_nodes': None, 'max_samples': None, 'min_impurity_decrease': 0.0, 'min_samples_leaf': 1, 'min_samples_split': 2, 'min_weight_fraction_leaf': 0.0, 'monotonic_cst': None, 'n_estimators': 100, 'n_jobs': None, 'oob_score': False, 'random_state': 42, 'verbose': 0, 'warm_start': False}",10.503313779830933
Plant_oil,1,5,3,5,LinearSVC,Mixup,0.6960902255639098,0.6838138795660897,"{'C': np.float64(10.0), 'class_weight': None, 'dual': False, 'fit_intercept': True, 'intercept_scaling': 1, 'loss': 'squared_hinge', 'max_iter': 100, 'multi_class': 'ovr', 'penalty': 'l2', 'random_state': 42, 'tol': 0.0001, 'verbose': 0}",0.5170853137969971
Plant_oil,1,5,3,5,LogisticRegression,Mixup,0.7562406015037594,0.7448826715973462,"{'C': np.float64(10.0), 'class_weight': None, 'dual': False, 'fit_intercept': True, 'intercept_scaling': 1, 'l1_ratio': None, 'max_iter': 100, 'multi_class': 'deprecated', 'n_jobs': None, 'penalty': None, 'random_state': 42, 'solver': 'lbfgs', 'tol': 0.0001, 'verbose': 0, 'warm_start': False}",1.8614861965179443
Plant_oil,1,5,3,5,RNN,Mixup,0.3458646616541353,0.25492085191333314,"{'hidden_size': 64, 'epochs': 10, 'batch_size': 32, 'lr': 0.001}",1.8855750560760498
Plant_oil,1,5,3,10,KNN,Mixup,0.8085714285714286,0.793926915940689,"{'algorithm': 'auto', 'leaf_size': 30, 'metric': 'euclidean', 'metric_params': None, 'n_jobs': None, 'n_neighbors': np.int64(3), 'p': 2, 'weights': 'uniform'}",0.7800326347351074
Plant_oil,1,5,3,10,RandomForest,Mixup,0.76,0.7538036510432625,"{'bootstrap': True, 'ccp_alpha': 0.0, 'class_weight': None, 'criterion': 'gini', 'max_depth': 20, 'max_features': 'sqrt', 'max_leaf_nodes': None, 'max_samples': None, 'min_impurity_decrease': 0.0, 'min_samples_leaf': 1, 'min_samples_split': 2, 'min_weight_fraction_leaf': 0.0, 'monotonic_cst': None, 'n_estimators': 100, 'n_jobs': None, 'oob_score': False, 'random_state': 42, 'verbose': 0, 'warm_start': False}",21.51833486557007
Plant_oil,1,5,3,10,LinearSVC,Mixup,0.7022556390977444,0.6919448206892275,"{'C': np.float64(10.0), 'class_weight': None, 'dual': False, 'fit_intercept': True, 'intercept_scaling': 1, 'loss': 'squared_hinge', 'max_iter': 100, 'multi_class': 'ovr', 'penalty': 'l2', 'random_state': 42, 'tol': 0.0001, 'verbose': 0}",1.1751322746276855
Plant_oil,1,5,3,10,LogisticRegression,Mixup,0.7504511278195489,0.7392579413928174,"{'C': np.float64(10.0), 'class_weight': None, 'dual': False, 'fit_intercept': True, 'intercept_scaling': 1, 'l1_ratio': None, 'max_iter': 100, 'multi_class': 'deprecated', 'n_jobs': None, 'penalty': None, 'random_state': 42, 'solver': 'lbfgs', 'tol': 0.0001, 'verbose': 0, 'warm_start': False}",3.928840398788452
Plant_oil,1,5,3,10,RNN,Mixup,0.5338345864661654,0.4687897625021951,"{'hidden_size': 64, 'epochs': 10, 'batch_size': 32, 'lr': 0.001}",3.724147319793701
Plant_oil,1,5,3,2,KNN,GMM,0.7845864661654135,0.7691344448406964,"{'algorithm': 'auto', 'leaf_size': 30, 'metric': 'euclidean', 'metric_params': None, 'n_jobs': None, 'n_neighbors': np.int64(3), 'p': 2, 'weights': 'uniform'}",0.6307096481323242
Plant_oil,1,5,3,2,RandomForest,GMM,0.7561654135338346,0.7507796998269098,"{'bootstrap': True, 'ccp_alpha': 0.0, 'class_weight': None, 'criterion': 'gini', 'max_depth': 20, 'max_features': 'sqrt', 'max_leaf_nodes': None, 'max_samples': None, 'min_impurity_decrease': 0.0, 'min_samples_leaf': 1, 'min_samples_split': 2, 'min_weight_fraction_leaf': 0.0, 'monotonic_cst': None, 'n_estimators': 100, 'n_jobs': None, 'oob_score': False, 'random_state': 42, 'verbose': 0, 'warm_start': False}",4.678025722503662
Plant_oil,1,5,3,2,LinearSVC,GMM,0.6848872180451128,0.6757231129637099,"{'C': np.float64(10.0), 'class_weight': None, 'dual': False, 'fit_intercept': True, 'intercept_scaling': 1, 'loss': 'squared_hinge', 'max_iter': 100, 'multi_class': 'ovr', 'penalty': 'l2', 'random_state': 42, 'tol': 0.0001, 'verbose': 0}",0.2037971019744873
Plant_oil,1,5,3,2,LogisticRegression,GMM,0.7533834586466165,0.7414105954144272,"{'C': np.float64(10.0), 'class_weight': None, 'dual': False, 'fit_intercept': True, 'intercept_scaling': 1, 'l1_ratio': None, 'max_iter': 100, 'multi_class': 'deprecated', 'n_jobs': None, 'penalty': None, 'random_state': 42, 'solver': 'lbfgs', 'tol': 0.0001, 'verbose': 0, 'warm_start': False}",0.7770590782165527
Plant_oil,1,5,3,2,RNN,GMM,0.3684210526315789,0.2600079988887321,"{'hidden_size': 64, 'epochs': 10, 'batch_size': 32, 'lr': 0.001}",0.8262405395507812
Plant_oil,1,5,3,3,KNN,GMM,0.7775187969924812,0.7628945871141299,"{'algorithm': 'auto', 'leaf_size': 30, 'metric': 'euclidean', 'metric_params': None, 'n_jobs': None, 'n_neighbors': np.int64(3), 'p': 2, 'weights': 'uniform'}",0.6523749828338623
Plant_oil,1,5,3,3,RandomForest,GMM,0.7537593984962406,0.7485068386453563,"{'bootstrap': True, 'ccp_alpha': 0.0, 'class_weight': None, 'criterion': 'gini', 'max_depth': 20, 'max_features': 'sqrt', 'max_leaf_nodes': None, 'max_samples': None, 'min_impurity_decrease': 0.0, 'min_samples_leaf': 1, 'min_samples_split': 2, 'min_weight_fraction_leaf': 0.0, 'monotonic_cst': None, 'n_estimators': 100, 'n_jobs': None, 'oob_score': False, 'random_state': 42, 'verbose': 0, 'warm_start': False}",7.496441841125488
Plant_oil,1,5,3,3,LinearSVC,GMM,0.6820300751879699,0.6726610692823701,"{'C': np.float64(10.0), 'class_weight': None, 'dual': False, 'fit_intercept': True, 'intercept_scaling': 1, 'loss': 'squared_hinge', 'max_iter': 100, 'multi_class': 'ovr', 'penalty': 'l2', 'random_state': 42, 'tol': 0.0001, 'verbose': 0}",0.3195040225982666
Plant_oil,1,5,3,3,LogisticRegression,GMM,0.7545864661654136,0.7440357942433691,"{'C': np.float64(10.0), 'class_weight': None, 'dual': False, 'fit_intercept': True, 'intercept_scaling': 1, 'l1_ratio': None, 'max_iter': 100, 'multi_class': 'deprecated', 'n_jobs': None, 'penalty': None, 'random_state': 42, 'solver': 'lbfgs', 'tol': 0.0001, 'verbose': 0, 'warm_start': False}",1.2274525165557861
Plant_oil,1,5,3,3,RNN,GMM,0.45864661654135336,0.3640403413559213,"{'hidden_size': 64, 'epochs': 10, 'batch_size': 32, 'lr': 0.001}",1.1876840591430664
Plant_oil,1,5,3,5,KNN,GMM,0.7733082706766917,0.759179990210728,"{'algorithm': 'auto', 'leaf_size': 30, 'metric': 'euclidean', 'metric_params': None, 'n_jobs': None, 'n_neighbors': np.int64(3), 'p': 2, 'weights': 'uniform'}",0.7007737159729004
Plant_oil,1,5,3,5,RandomForest,GMM,0.7588721804511278,0.753343846194328,"{'bootstrap': True, 'ccp_alpha': 0.0, 'class_weight': None, 'criterion': 'gini', 'max_depth': 20, 'max_features': 'sqrt', 'max_leaf_nodes': None, 'max_samples': None, 'min_impurity_decrease': 0.0, 'min_samples_leaf': 1, 'min_samples_split': 2, 'min_weight_fraction_leaf': 0.0, 'monotonic_cst': None, 'n_estimators': 100, 'n_jobs': None, 'oob_score': False, 'random_state': 42, 'verbose': 0, 'warm_start': False}",13.157962799072266
Plant_oil,1,5,3,5,LinearSVC,GMM,0.6771428571428572,0.6674011144849837,"{'C': np.float64(10.0), 'class_weight': None, 'dual': False, 'fit_intercept': True, 'intercept_scaling': 1, 'loss': 'squared_hinge', 'max_iter': 100, 'multi_class': 'ovr', 'penalty': 'l2', 'random_state': 42, 'tol': 0.0001, 'verbose': 0}",0.5310733318328857
Plant_oil,1,5,3,5,LogisticRegression,GMM,0.7469172932330828,0.7377017100922136,"{'C': np.float64(10.0), 'class_weight': None, 'dual': False, 'fit_intercept': True, 'intercept_scaling': 1, 'l1_ratio': None, 'max_iter': 100, 'multi_class': 'deprecated', 'n_jobs': None, 'penalty': None, 'random_state': 42, 'solver': 'lbfgs', 'tol': 0.0001, 'verbose': 0, 'warm_start': False}",2.0081889629364014
Plant_oil,1,5,3,5,RNN,GMM,0.44360902255639095,0.3606987974947522,"{'hidden_size': 64, 'epochs': 10, 'batch_size': 32, 'lr': 0.001}",1.8172581195831299
Plant_oil,1,5,3,10,KNN,GMM,0.7730827067669173,0.7601623965853206,"{'algorithm': 'auto', 'leaf_size': 30, 'metric': 'euclidean', 'metric_params': None, 'n_jobs': None, 'n_neighbors': np.int64(3), 'p': 2, 'weights': 'uniform'}",0.8194029331207275
Plant_oil,1,5,3,10,RandomForest,GMM,0.7531578947368421,0.7473395695664612,"{'bootstrap': True, 'ccp_alpha': 0.0, 'class_weight': None, 'criterion': 'gini', 'max_depth': 20, 'max_features': 'sqrt', 'max_leaf_nodes': None, 'max_samples': None, 'min_impurity_decrease': 0.0, 'min_samples_leaf': 1, 'min_samples_split': 2, 'min_weight_fraction_leaf': 0.0, 'monotonic_cst': None, 'n_estimators': 100, 'n_jobs': None, 'oob_score': False, 'random_state': 42, 'verbose': 0, 'warm_start': False}",28.936649799346924
Plant_oil,1,5,3,10,LinearSVC,GMM,0.6745112781954887,0.6650009588252286,"{'C': np.float64(10.0), 'class_weight': None, 'dual': False, 'fit_intercept': True, 'intercept_scaling': 1, 'loss': 'squared_hinge', 'max_iter': 100, 'multi_class': 'ovr', 'penalty': 'l2', 'random_state': 42, 'tol': 0.0001, 'verbose': 0}",1.2896411418914795
Plant_oil,1,5,3,10,LogisticRegression,GMM,0.7418796992481203,0.7320157060409597,"{'C': np.float64(10.0), 'class_weight': None, 'dual': False, 'fit_intercept': True, 'intercept_scaling': 1, 'l1_ratio': None, 'max_iter': 100, 'multi_class': 'deprecated', 'n_jobs': None, 'penalty': None, 'random_state': 42, 'solver': 'lbfgs', 'tol': 0.0001, 'verbose': 0, 'warm_start': False}",4.605849504470825
Plant_oil,1,5,3,10,RNN,GMM,0.6090225563909775,0.575841117946381,"{'hidden_size': 64, 'epochs': 10, 'batch_size': 32, 'lr': 0.001}",3.8516716957092285
Plant_oil,1,5,3,2,KNN,HMM_GMM,0.7790977443609023,0.7678666612629118,"{'algorithm': 'auto', 'leaf_size': 30, 'metric': 'euclidean', 'metric_params': None, 'n_jobs': None, 'n_neighbors': np.int64(3), 'p': 2, 'weights': 'uniform'}",0.6318149566650391
Plant_oil,1,5,3,2,RandomForest,HMM_GMM,0.7619548872180452,0.7555242304658483,"{'bootstrap': True, 'ccp_alpha': 0.0, 'class_weight': None, 'criterion': 'gini', 'max_depth': 20, 'max_features': 'sqrt', 'max_leaf_nodes': None, 'max_samples': None, 'min_impurity_decrease': 0.0, 'min_samples_leaf': 1, 'min_samples_split': 2, 'min_weight_fraction_leaf': 0.0, 'monotonic_cst': None, 'n_estimators': 100, 'n_jobs': None, 'oob_score': False, 'random_state': 42, 'verbose': 0, 'warm_start': False}",3.6729729175567627
Plant_oil,1,5,3,2,LinearSVC,HMM_GMM,0.6387218045112782,0.624950084755646,"{'C': np.float64(10.0), 'class_weight': None, 'dual': False, 'fit_intercept': True, 'intercept_scaling': 1, 'loss': 'squared_hinge', 'max_iter': 100, 'multi_class': 'ovr', 'penalty': 'l2', 'random_state': 42, 'tol': 0.0001, 'verbose': 0}",0.20278048515319824
Plant_oil,1,5,3,2,LogisticRegression,HMM_GMM,0.7094736842105264,0.7008671231615419,"{'C': np.float64(10.0), 'class_weight': None, 'dual': False, 'fit_intercept': True, 'intercept_scaling': 1, 'l1_ratio': None, 'max_iter': 100, 'multi_class': 'deprecated', 'n_jobs': None, 'penalty': None, 'random_state': 42, 'solver': 'lbfgs', 'tol': 0.0001, 'verbose': 0, 'warm_start': False}",0.8153722286224365
Plant_oil,1,5,3,2,RNN,HMM_GMM,0.42105263157894735,0.3476410070837316,"{'hidden_size': 64, 'epochs': 10, 'batch_size': 32, 'lr': 0.001}",0.840491771697998
Plant_oil,1,5,3,3,KNN,HMM_GMM,0.7746616541353384,0.7633781489947726,"{'algorithm': 'auto', 'leaf_size': 30, 'metric': 'euclidean', 'metric_params': None, 'n_jobs': None, 'n_neighbors': np.int64(3), 'p': 2, 'weights': 'uniform'}",0.6506824493408203
Plant_oil,1,5,3,3,RandomForest,HMM_GMM,0.7572932330827068,0.7512751650950307,"{'bootstrap': True, 'ccp_alpha': 0.0, 'class_weight': None, 'criterion': 'gini', 'max_depth': 20, 'max_features': 'sqrt', 'max_leaf_nodes': None, 'max_samples': None, 'min_impurity_decrease': 0.0, 'min_samples_leaf': 1, 'min_samples_split': 2, 'min_weight_fraction_leaf': 0.0, 'monotonic_cst': None, 'n_estimators': 100, 'n_jobs': None, 'oob_score': False, 'random_state': 42, 'verbose': 0, 'warm_start': False}",4.258418321609497
Plant_oil,1,5,3,3,LinearSVC,HMM_GMM,0.6248872180451128,0.6118219599631475,"{'C': np.float64(10.0), 'class_weight': None, 'dual': False, 'fit_intercept': True, 'intercept_scaling': 1, 'loss': 'squared_hinge', 'max_iter': 100, 'multi_class': 'ovr', 'penalty': 'l2', 'random_state': 42, 'tol': 0.0001, 'verbose': 0}",0.300844669342041
Plant_oil,1,5,3,3,LogisticRegression,HMM_GMM,0.6861654135338345,0.6775548862746598,"{'C': np.float64(10.0), 'class_weight': None, 'dual': False, 'fit_intercept': True, 'intercept_scaling': 1, 'l1_ratio': None, 'max_iter': 100, 'multi_class': 'deprecated', 'n_jobs': None, 'penalty': None, 'random_state': 42, 'solver': 'lbfgs', 'tol': 0.0001, 'verbose': 0, 'warm_start': False}",1.1211788654327393
Plant_oil,1,5,3,3,RNN,HMM_GMM,0.42857142857142855,0.33412070121919857,"{'hidden_size': 64, 'epochs': 10, 'batch_size': 32, 'lr': 0.001}",1.03554105758667
Plant_oil,1,5,3,5,KNN,HMM_GMM,0.7756390977443609,0.763478995082906,"{'algorithm': 'auto', 'leaf_size': 30, 'metric': 'euclidean', 'metric_params': None, 'n_jobs': None, 'n_neighbors': np.int64(3), 'p': 2, 'weights': 'uniform'}",0.682142972946167
Plant_oil,1,5,3,5,RandomForest,HMM_GMM,0.7735338345864662,0.7631132112676341,"{'bootstrap': True, 'ccp_alpha': 0.0, 'class_weight': None, 'criterion': 'gini', 'max_depth': 20, 'max_features': 'sqrt', 'max_leaf_nodes': None, 'max_samples': None, 'min_impurity_decrease': 0.0, 'min_samples_leaf': 1, 'min_samples_split': 2, 'min_weight_fraction_leaf': 0.0, 'monotonic_cst': None, 'n_estimators': 100, 'n_jobs': None, 'oob_score': False, 'random_state': 42, 'verbose': 0, 'warm_start': False}",5.321463108062744
Plant_oil,1,5,3,5,LinearSVC,HMM_GMM,0.601203007518797,0.5901186628348414,"{'C': np.float64(10.0), 'class_weight': None, 'dual': False, 'fit_intercept': True, 'intercept_scaling': 1, 'loss': 'squared_hinge', 'max_iter': 100, 'multi_class': 'ovr', 'penalty': 'l2', 'random_state': 42, 'tol': 0.0001, 'verbose': 0}",0.5050580501556396
Plant_oil,1,5,3,5,LogisticRegression,HMM_GMM,0.6722556390977443,0.6622129710477548,"{'C': np.float64(10.0), 'class_weight': None, 'dual': False, 'fit_intercept': True, 'intercept_scaling': 1, 'l1_ratio': None, 'max_iter': 100, 'multi_class': 'deprecated', 'n_jobs': None, 'penalty': None, 'random_state': 42, 'solver': 'lbfgs', 'tol': 0.0001, 'verbose': 0, 'warm_start': False}",2.0075736045837402
Plant_oil,1,5,3,5,RNN,HMM_GMM,0.42105263157894735,0.37745874140808844,"{'hidden_size': 64, 'epochs': 10, 'batch_size': 32, 'lr': 0.001}",1.8773772716522217
Plant_oil,1,5,3,10,KNN,HMM_GMM,0.774812030075188,0.7634804677233622,"{'algorithm': 'auto', 'leaf_size': 30, 'metric': 'euclidean', 'metric_params': None, 'n_jobs': None, 'n_neighbors': np.int64(3), 'p': 2, 'weights': 'uniform'}",0.7721455097198486
Plant_oil,1,5,3,10,RandomForest,HMM_GMM,0.7748872180451127,0.7663155914542754,"{'bootstrap': True, 'ccp_alpha': 0.0, 'class_weight': None, 'criterion': 'gini', 'max_depth': 20, 'max_features': 'sqrt', 'max_leaf_nodes': None, 'max_samples': None, 'min_impurity_decrease': 0.0, 'min_samples_leaf': 1, 'min_samples_split': 2, 'min_weight_fraction_leaf': 0.0, 'monotonic_cst': None, 'n_estimators': 100, 'n_jobs': None, 'oob_score': False, 'random_state': 42, 'verbose': 0, 'warm_start': False}",8.137115001678467
Plant_oil,1,5,3,10,LinearSVC,HMM_GMM,0.5702255639097744,0.5565065005950249,"{'C': np.float64(10.0), 'class_weight': None, 'dual': False, 'fit_intercept': True, 'intercept_scaling': 1, 'loss': 'squared_hinge', 'max_iter': 100, 'multi_class': 'ovr', 'penalty': 'l2', 'random_state': 42, 'tol': 0.0001, 'verbose': 0}",1.2920997142791748
Plant_oil,1,5,3,10,LogisticRegression,HMM_GMM,0.6348120300751879,0.6244337752839402,"{'C': np.float64(10.0), 'class_weight': None, 'dual': False, 'fit_intercept': True, 'intercept_scaling': 1, 'l1_ratio': None, 'max_iter': 100, 'multi_class': 'deprecated', 'n_jobs': None, 'penalty': None, 'random_state': 42, 'solver': 'lbfgs', 'tol': 0.0001, 'verbose': 0, 'warm_start': False}",4.058409690856934
Plant_oil,1,5,3,10,RNN,HMM_GMM,0.42857142857142855,0.37094821019306146,"{'hidden_size': 64, 'epochs': 10, 'batch_size': 32, 'lr': 0.001}",3.8521511554718018
Plant_oil,1,5,4,1,KNN,Baseline,0.7999248120300751,0.7953000526198439,"{'algorithm': 'auto', 'leaf_size': 30, 'metric': 'minkowski', 'metric_params': None, 'n_jobs': None, 'n_neighbors': 5, 'p': 2, 'weights': 'uniform'}",0.6003475189208984
Plant_oil,1,5,4,1,KNN,Tuned_Baseline,0.7995488721804511,0.7950736954550743,"{'algorithm': 'auto', 'leaf_size': 30, 'metric': 'euclidean', 'metric_params': None, 'n_jobs': None, 'n_neighbors': np.int64(3), 'p': 2, 'weights': 'uniform'}",0.5855221748352051
Plant_oil,1,5,4,1,RandomForest,Baseline,0.7906015037593985,0.786198704882986,"{'bootstrap': True, 'ccp_alpha': 0.0, 'class_weight': None, 'criterion': 'gini', 'max_depth': None, 'max_features': 'sqrt', 'max_leaf_nodes': None, 'max_samples': None, 'min_impurity_decrease': 0.0, 'min_samples_leaf': 1, 'min_samples_split': 2, 'min_weight_fraction_leaf': 0.0, 'monotonic_cst': None, 'n_estimators': 100, 'n_jobs': None, 'oob_score': False, 'random_state': 42, 'verbose': 0, 'warm_start': False}",2.245826482772827
Plant_oil,1,5,4,1,RandomForest,Tuned_Baseline,0.7906015037593985,0.786198704882986,"{'bootstrap': True, 'ccp_alpha': 0.0, 'class_weight': None, 'criterion': 'gini', 'max_depth': None, 'max_features': 'sqrt', 'max_leaf_nodes': None, 'max_samples': None, 'min_impurity_decrease': 0.0, 'min_samples_leaf': 1, 'min_samples_split': 2, 'min_weight_fraction_leaf': 0.0, 'monotonic_cst': None, 'n_estimators': 100, 'n_jobs': None, 'oob_score': False, 'random_state': 42, 'verbose': 0, 'warm_start': False}",0.08597421646118164
Plant_oil,1,5,4,1,LinearSVC,Baseline,0.6501503759398496,0.6344937603755127,"{'C': 1.0, 'class_weight': None, 'dual': False, 'fit_intercept': True, 'intercept_scaling': 1, 'loss': 'squared_hinge', 'max_iter': 100, 'multi_class': 'ovr', 'penalty': 'l2', 'random_state': 42, 'tol': 0.0001, 'verbose': 0}",0.09930729866027832
Plant_oil,1,5,4,1,LinearSVC,Tuned_Baseline,0.640827067669173,0.6277219844632447,"{'C': np.float64(10.0), 'class_weight': None, 'dual': False, 'fit_intercept': True, 'intercept_scaling': 1, 'loss': 'squared_hinge', 'max_iter': 100, 'multi_class': 'ovr', 'penalty': 'l2', 'random_state': 42, 'tol': 0.0001, 'verbose': 0}",0.001998424530029297
Plant_oil,1,5,4,1,LogisticRegression,Baseline,0.7474436090225564,0.7489687275152048,"{'C': 1.0, 'class_weight': None, 'dual': False, 'fit_intercept': True, 'intercept_scaling': 1, 'l1_ratio': None, 'max_iter': 100, 'multi_class': 'deprecated', 'n_jobs': None, 'penalty': 'l2', 'random_state': 42, 'solver': 'lbfgs', 'tol': 0.0001, 'verbose': 0, 'warm_start': False}",0.4281435012817383
Plant_oil,1,5,4,1,LogisticRegression,Tuned_Baseline,0.7602255639097745,0.7614302539732624,"{'C': np.float64(100.0), 'class_weight': None, 'dual': False, 'fit_intercept': True, 'intercept_scaling': 1, 'l1_ratio': None, 'max_iter': 100, 'multi_class': 'deprecated', 'n_jobs': None, 'penalty': 'l2', 'random_state': 42, 'solver': 'lbfgs', 'tol': 0.0001, 'verbose': 0, 'warm_start': False}",0.0019378662109375
Plant_oil,1,5,4,1,RNN,Baseline,0.23308270676691728,0.1316757182455912,"{'hidden_size': 64, 'epochs': 10, 'batch_size': 32, 'lr': 0.001}",0.4047527313232422
Plant_oil,1,5,4,1,RNN,Tuned_Baseline,0.23308270676691728,0.1316757182455912,"{'hidden_size': 64, 'epochs': 10, 'batch_size': 32, 'lr': 0.001}",0.006384849548339844
Plant_oil,1,5,4,2,KNN,Jittering,0.8,0.795642626072958,"{'algorithm': 'auto', 'leaf_size': 30, 'metric': 'euclidean', 'metric_params': None, 'n_jobs': None, 'n_neighbors': np.int64(3), 'p': 2, 'weights': 'uniform'}",0.6275548934936523
Plant_oil,1,5,4,2,RandomForest,Jittering,0.8078195488721804,0.8043988752844036,"{'bootstrap': True, 'ccp_alpha': 0.0, 'class_weight': None, 'criterion': 'gini', 'max_depth': None, 'max_features': 'sqrt', 'max_leaf_nodes': None, 'max_samples': None, 'min_impurity_decrease': 0.0, 'min_samples_leaf': 1, 'min_samples_split': 2, 'min_weight_fraction_leaf': 0.0, 'monotonic_cst': None, 'n_estimators': 100, 'n_jobs': None, 'oob_score': False, 'random_state': 42, 'verbose': 0, 'warm_start': False}",4.756717205047607
Plant_oil,1,5,4,2,LinearSVC,Jittering,0.6478947368421053,0.6328804979247996,"{'C': np.float64(10.0), 'class_weight': None, 'dual': False, 'fit_intercept': True, 'intercept_scaling': 1, 'loss': 'squared_hinge', 'max_iter': 100, 'multi_class': 'ovr', 'penalty': 'l2', 'random_state': 42, 'tol': 0.0001, 'verbose': 0}",0.21343278884887695
Plant_oil,1,5,4,2,LogisticRegression,Jittering,0.7718796992481203,0.7734335606419868,"{'C': np.float64(100.0), 'class_weight': None, 'dual': False, 'fit_intercept': True, 'intercept_scaling': 1, 'l1_ratio': None, 'max_iter': 100, 'multi_class': 'deprecated', 'n_jobs': None, 'penalty': 'l2', 'random_state': 42, 'solver': 'lbfgs', 'tol': 0.0001, 'verbose': 0, 'warm_start': False}",0.8193881511688232
Plant_oil,1,5,4,2,RNN,Jittering,0.38345864661654133,0.29923352026822775,"{'hidden_size': 64, 'epochs': 10, 'batch_size': 32, 'lr': 0.001}",0.7606940269470215
Plant_oil,1,5,4,3,KNN,Jittering,0.8004511278195489,0.7958364524452568,"{'algorithm': 'auto', 'leaf_size': 30, 'metric': 'euclidean', 'metric_params': None, 'n_jobs': None, 'n_neighbors': np.int64(3), 'p': 2, 'weights': 'uniform'}",0.649686336517334
Plant_oil,1,5,4,3,RandomForest,Jittering,0.8015789473684211,0.7977642613829833,"{'bootstrap': True, 'ccp_alpha': 0.0, 'class_weight': None, 'criterion': 'gini', 'max_depth': None, 'max_features': 'sqrt', 'max_leaf_nodes': None, 'max_samples': None, 'min_impurity_decrease': 0.0, 'min_samples_leaf': 1, 'min_samples_split': 2, 'min_weight_fraction_leaf': 0.0, 'monotonic_cst': None, 'n_estimators': 100, 'n_jobs': None, 'oob_score': False, 'random_state': 42, 'verbose': 0, 'warm_start': False}",7.310282230377197
Plant_oil,1,5,4,3,LinearSVC,Jittering,0.6497744360902256,0.6348325718789759,"{'C': np.float64(10.0), 'class_weight': None, 'dual': False, 'fit_intercept': True, 'intercept_scaling': 1, 'loss': 'squared_hinge', 'max_iter': 100, 'multi_class': 'ovr', 'penalty': 'l2', 'random_state': 42, 'tol': 0.0001, 'verbose': 0}",0.32501864433288574
Plant_oil,1,5,4,3,LogisticRegression,Jittering,0.7716541353383458,0.7727609440297413,"{'C': np.float64(100.0), 'class_weight': None, 'dual': False, 'fit_intercept': True, 'intercept_scaling': 1, 'l1_ratio': None, 'max_iter': 100, 'multi_class': 'deprecated', 'n_jobs': None, 'penalty': 'l2', 'random_state': 42, 'solver': 'lbfgs', 'tol': 0.0001, 'verbose': 0, 'warm_start': False}",1.1958699226379395
Plant_oil,1,5,4,3,RNN,Jittering,0.42857142857142855,0.33819484164762653,"{'hidden_size': 64, 'epochs': 10, 'batch_size': 32, 'lr': 0.001}",1.1547327041625977
Plant_oil,1,5,4,5,KNN,Jittering,0.7994736842105263,0.7950467282590739,"{'algorithm': 'auto', 'leaf_size': 30, 'metric': 'euclidean', 'metric_params': None, 'n_jobs': None, 'n_neighbors': np.int64(3), 'p': 2, 'weights': 'uniform'}",0.6885073184967041
Plant_oil,1,5,4,5,RandomForest,Jittering,0.8038345864661655,0.799864394994834,"{'bootstrap': True, 'ccp_alpha': 0.0, 'class_weight': None, 'criterion': 'gini', 'max_depth': None, 'max_features': 'sqrt', 'max_leaf_nodes': None, 'max_samples': None, 'min_impurity_decrease': 0.0, 'min_samples_leaf': 1, 'min_samples_split': 2, 'min_weight_fraction_leaf': 0.0, 'monotonic_cst': None, 'n_estimators': 100, 'n_jobs': None, 'oob_score': False, 'random_state': 42, 'verbose': 0, 'warm_start': False}",12.906301498413086
Plant_oil,1,5,4,5,LinearSVC,Jittering,0.6519548872180451,0.6367652745634593,"{'C': np.float64(10.0), 'class_weight': None, 'dual': False, 'fit_intercept': True, 'intercept_scaling': 1, 'loss': 'squared_hinge', 'max_iter': 100, 'multi_class': 'ovr', 'penalty': 'l2', 'random_state': 42, 'tol': 0.0001, 'verbose': 0}",0.544734001159668
Plant_oil,1,5,4,5,LogisticRegression,Jittering,0.7735338345864662,0.7754132821808434,"{'C': np.float64(100.0), 'class_weight': None, 'dual': False, 'fit_intercept': True, 'intercept_scaling': 1, 'l1_ratio': None, 'max_iter': 100, 'multi_class': 'deprecated', 'n_jobs': None, 'penalty': 'l2', 'random_state': 42, 'solver': 'lbfgs', 'tol': 0.0001, 'verbose': 0, 'warm_start': False}",1.9326515197753906
Plant_oil,1,5,4,5,RNN,Jittering,0.49624060150375937,0.43625342233355224,"{'hidden_size': 64, 'epochs': 10, 'batch_size': 32, 'lr': 0.001}",1.8629436492919922
Plant_oil,1,5,4,10,KNN,Jittering,0.7990225563909774,0.7944032306825469,"{'algorithm': 'auto', 'leaf_size': 30, 'metric': 'euclidean', 'metric_params': None, 'n_jobs': None, 'n_neighbors': np.int64(3), 'p': 2, 'weights': 'uniform'}",0.7849957942962646
Plant_oil,1,5,4,10,RandomForest,Jittering,0.8096992481203007,0.8054232147311869,"{'bootstrap': True, 'ccp_alpha': 0.0, 'class_weight': None, 'criterion': 'gini', 'max_depth': None, 'max_features': 'sqrt', 'max_leaf_nodes': None, 'max_samples': None, 'min_impurity_decrease': 0.0, 'min_samples_leaf': 1, 'min_samples_split': 2, 'min_weight_fraction_leaf': 0.0, 'monotonic_cst': None, 'n_estimators': 100, 'n_jobs': None, 'oob_score': False, 'random_state': 42, 'verbose': 0, 'warm_start': False}",28.248672485351562
Plant_oil,1,5,4,10,LinearSVC,Jittering,0.6513533834586466,0.6363611740013629,"{'C': np.float64(10.0), 'class_weight': None, 'dual': False, 'fit_intercept': True, 'intercept_scaling': 1, 'loss': 'squared_hinge', 'max_iter': 100, 'multi_class': 'ovr', 'penalty': 'l2', 'random_state': 42, 'tol': 0.0001, 'verbose': 0}",1.1699168682098389
Plant_oil,1,5,4,10,LogisticRegression,Jittering,0.7749624060150376,0.7763772344963537,"{'C': np.float64(100.0), 'class_weight': None, 'dual': False, 'fit_intercept': True, 'intercept_scaling': 1, 'l1_ratio': None, 'max_iter': 100, 'multi_class': 'deprecated', 'n_jobs': None, 'penalty': 'l2', 'random_state': 42, 'solver': 'lbfgs', 'tol': 0.0001, 'verbose': 0, 'warm_start': False}",3.9408481121063232
Plant_oil,1,5,4,10,RNN,Jittering,0.3684210526315789,0.24808409653758218,"{'hidden_size': 64, 'epochs': 10, 'batch_size': 32, 'lr': 0.001}",3.947885036468506
Plant_oil,1,5,4,2,KNN,Scaling,0.8072932330827067,0.8023810886305219,"{'algorithm': 'auto', 'leaf_size': 30, 'metric': 'euclidean', 'metric_params': None, 'n_jobs': None, 'n_neighbors': np.int64(3), 'p': 2, 'weights': 'uniform'}",0.6516263484954834
Plant_oil,1,5,4,2,RandomForest,Scaling,0.7945864661654135,0.7912691777412335,"{'bootstrap': True, 'ccp_alpha': 0.0, 'class_weight': None, 'criterion': 'gini', 'max_depth': None, 'max_features': 'sqrt', 'max_leaf_nodes': None, 'max_samples': None, 'min_impurity_decrease': 0.0, 'min_samples_leaf': 1, 'min_samples_split': 2, 'min_weight_fraction_leaf': 0.0, 'monotonic_cst': None, 'n_estimators': 100, 'n_jobs': None, 'oob_score': False, 'random_state': 42, 'verbose': 0, 'warm_start': False}",4.483363628387451
Plant_oil,1,5,4,2,LinearSVC,Scaling,0.6414285714285715,0.6224933897971926,"{'C': np.float64(10.0), 'class_weight': None, 'dual': False, 'fit_intercept': True, 'intercept_scaling': 1, 'loss': 'squared_hinge', 'max_iter': 100, 'multi_class': 'ovr', 'penalty': 'l2', 'random_state': 42, 'tol': 0.0001, 'verbose': 0}",0.20182323455810547
Plant_oil,1,5,4,2,LogisticRegression,Scaling,0.7514285714285714,0.7503845247194157,"{'C': np.float64(100.0), 'class_weight': None, 'dual': False, 'fit_intercept': True, 'intercept_scaling': 1, 'l1_ratio': None, 'max_iter': 100, 'multi_class': 'deprecated', 'n_jobs': None, 'penalty': 'l2', 'random_state': 42, 'solver': 'lbfgs', 'tol': 0.0001, 'verbose': 0, 'warm_start': False}",0.7861742973327637
Plant_oil,1,5,4,2,RNN,Scaling,0.3458646616541353,0.2401842395650445,"{'hidden_size': 64, 'epochs': 10, 'batch_size': 32, 'lr': 0.001}",0.8965394496917725
Plant_oil,1,5,4,3,KNN,Scaling,0.7883458646616541,0.7840764702064754,"{'algorithm': 'auto', 'leaf_size': 30, 'metric': 'euclidean', 'metric_params': None, 'n_jobs': None, 'n_neighbors': np.int64(3), 'p': 2, 'weights': 'uniform'}",0.64947509765625
Plant_oil,1,5,4,3,RandomForest,Scaling,0.7895488721804511,0.7850752306943298,"{'bootstrap': True, 'ccp_alpha': 0.0, 'class_weight': None, 'criterion': 'gini', 'max_depth': None, 'max_features': 'sqrt', 'max_leaf_nodes': None, 'max_samples': None, 'min_impurity_decrease': 0.0, 'min_samples_leaf': 1, 'min_samples_split': 2, 'min_weight_fraction_leaf': 0.0, 'monotonic_cst': None, 'n_estimators': 100, 'n_jobs': None, 'oob_score': False, 'random_state': 42, 'verbose': 0, 'warm_start': False}",7.042653560638428
Plant_oil,1,5,4,3,LinearSVC,Scaling,0.66203007518797,0.6422956955627084,"{'C': np.float64(10.0), 'class_weight': None, 'dual': False, 'fit_intercept': True, 'intercept_scaling': 1, 'loss': 'squared_hinge', 'max_iter': 100, 'multi_class': 'ovr', 'penalty': 'l2', 'random_state': 42, 'tol': 0.0001, 'verbose': 0}",0.296337366104126
Plant_oil,1,5,4,3,LogisticRegression,Scaling,0.7406766917293233,0.7408472886761476,"{'C': np.float64(100.0), 'class_weight': None, 'dual': False, 'fit_intercept': True, 'intercept_scaling': 1, 'l1_ratio': None, 'max_iter': 100, 'multi_class': 'deprecated', 'n_jobs': None, 'penalty': 'l2', 'random_state': 42, 'solver': 'lbfgs', 'tol': 0.0001, 'verbose': 0, 'warm_start': False}",1.1460847854614258
Plant_oil,1,5,4,3,RNN,Scaling,0.45112781954887216,0.3431289734600431,"{'hidden_size': 64, 'epochs': 10, 'batch_size': 32, 'lr': 0.001}",1.0644268989562988
Plant_oil,1,5,4,5,KNN,Scaling,0.7738345864661654,0.7689642376800797,"{'algorithm': 'auto', 'leaf_size': 30, 'metric': 'euclidean', 'metric_params': None, 'n_jobs': None, 'n_neighbors': np.int64(3), 'p': 2, 'weights': 'uniform'}",0.6955480575561523
Plant_oil,1,5,4,5,RandomForest,Scaling,0.7801503759398496,0.7760482378558392,"{'bootstrap': True, 'ccp_alpha': 0.0, 'class_weight': None, 'criterion': 'gini', 'max_depth': None, 'max_features': 'sqrt', 'max_leaf_nodes': None, 'max_samples': None, 'min_impurity_decrease': 0.0, 'min_samples_leaf': 1, 'min_samples_split': 2, 'min_weight_fraction_leaf': 0.0, 'monotonic_cst': None, 'n_estimators': 100, 'n_jobs': None, 'oob_score': False, 'random_state': 42, 'verbose': 0, 'warm_start': False}",12.71057391166687
Plant_oil,1,5,4,5,LinearSVC,Scaling,0.6583458646616541,0.6372389167159312,"{'C': np.float64(10.0), 'class_weight': None, 'dual': False, 'fit_intercept': True, 'intercept_scaling': 1, 'loss': 'squared_hinge', 'max_iter': 100, 'multi_class': 'ovr', 'penalty': 'l2', 'random_state': 42, 'tol': 0.0001, 'verbose': 0}",0.5227046012878418
Plant_oil,1,5,4,5,LogisticRegression,Scaling,0.7523308270676692,0.7545680110010375,"{'C': np.float64(100.0), 'class_weight': None, 'dual': False, 'fit_intercept': True, 'intercept_scaling': 1, 'l1_ratio': None, 'max_iter': 100, 'multi_class': 'deprecated', 'n_jobs': None, 'penalty': 'l2', 'random_state': 42, 'solver': 'lbfgs', 'tol': 0.0001, 'verbose': 0, 'warm_start': False}",1.9643759727478027
Plant_oil,1,5,4,5,RNN,Scaling,0.46616541353383456,0.3960929022305289,"{'hidden_size': 64, 'epochs': 10, 'batch_size': 32, 'lr': 0.001}",1.9237091541290283
Plant_oil,1,5,4,10,KNN,Scaling,0.7926315789473685,0.7873304755682602,"{'algorithm': 'auto', 'leaf_size': 30, 'metric': 'euclidean', 'metric_params': None, 'n_jobs': None, 'n_neighbors': np.int64(3), 'p': 2, 'weights': 'uniform'}",0.8042824268341064
Plant_oil,1,5,4,10,RandomForest,Scaling,0.7849624060150376,0.7808981072906407,"{'bootstrap': True, 'ccp_alpha': 0.0, 'class_weight': None, 'criterion': 'gini', 'max_depth': None, 'max_features': 'sqrt', 'max_leaf_nodes': None, 'max_samples': None, 'min_impurity_decrease': 0.0, 'min_samples_leaf': 1, 'min_samples_split': 2, 'min_weight_fraction_leaf': 0.0, 'monotonic_cst': None, 'n_estimators': 100, 'n_jobs': None, 'oob_score': False, 'random_state': 42, 'verbose': 0, 'warm_start': False}",28.073056936264038
Plant_oil,1,5,4,10,LinearSVC,Scaling,0.6718796992481203,0.6520864862489595,"{'C': np.float64(10.0), 'class_weight': None, 'dual': False, 'fit_intercept': True, 'intercept_scaling': 1, 'loss': 'squared_hinge', 'max_iter': 100, 'multi_class': 'ovr', 'penalty': 'l2', 'random_state': 42, 'tol': 0.0001, 'verbose': 0}",1.0662205219268799
Plant_oil,1,5,4,10,LogisticRegression,Scaling,0.7304511278195489,0.731773317857279,"{'C': np.float64(100.0), 'class_weight': None, 'dual': False, 'fit_intercept': True, 'intercept_scaling': 1, 'l1_ratio': None, 'max_iter': 100, 'multi_class': 'deprecated', 'n_jobs': None, 'penalty': 'l2', 'random_state': 42, 'solver': 'lbfgs', 'tol': 0.0001, 'verbose': 0, 'warm_start': False}",4.543026685714722
Plant_oil,1,5,4,10,RNN,Scaling,0.6992481203007519,0.6657498382806235,"{'hidden_size': 64, 'epochs': 10, 'batch_size': 32, 'lr': 0.001}",3.7196779251098633
Plant_oil,1,5,4,2,KNN,Magnitude_Warping,0.7946616541353383,0.7902810528127159,"{'algorithm': 'auto', 'leaf_size': 30, 'metric': 'euclidean', 'metric_params': None, 'n_jobs': None, 'n_neighbors': np.int64(3), 'p': 2, 'weights': 'uniform'}",0.633033037185669
Plant_oil,1,5,4,2,RandomForest,Magnitude_Warping,0.7952631578947369,0.7915232140771722,"{'bootstrap': True, 'ccp_alpha': 0.0, 'class_weight': None, 'criterion': 'gini', 'max_depth': None, 'max_features': 'sqrt', 'max_leaf_nodes': None, 'max_samples': None, 'min_impurity_decrease': 0.0, 'min_samples_leaf': 1, 'min_samples_split': 2, 'min_weight_fraction_leaf': 0.0, 'monotonic_cst': None, 'n_estimators': 100, 'n_jobs': None, 'oob_score': False, 'random_state': 42, 'verbose': 0, 'warm_start': False}",4.695012331008911
Plant_oil,1,5,4,2,LinearSVC,Magnitude_Warping,0.6657894736842105,0.645265432825602,"{'C': np.float64(10.0), 'class_weight': None, 'dual': False, 'fit_intercept': True, 'intercept_scaling': 1, 'loss': 'squared_hinge', 'max_iter': 100, 'multi_class': 'ovr', 'penalty': 'l2', 'random_state': 42, 'tol': 0.0001, 'verbose': 0}",0.19660544395446777
Plant_oil,1,5,4,2,LogisticRegression,Magnitude_Warping,0.739624060150376,0.7395529413370379,"{'C': np.float64(100.0), 'class_weight': None, 'dual': False, 'fit_intercept': True, 'intercept_scaling': 1, 'l1_ratio': None, 'max_iter': 100, 'multi_class': 'deprecated', 'n_jobs': None, 'penalty': 'l2', 'random_state': 42, 'solver': 'lbfgs', 'tol': 0.0001, 'verbose': 0, 'warm_start': False}",0.7948935031890869
Plant_oil,1,5,4,2,RNN,Magnitude_Warping,0.3383458646616541,0.2064944676150109,"{'hidden_size': 64, 'epochs': 10, 'batch_size': 32, 'lr': 0.001}",0.8081214427947998
Plant_oil,1,5,4,3,KNN,Magnitude_Warping,0.7967669172932331,0.7923102811671515,"{'algorithm': 'auto', 'leaf_size': 30, 'metric': 'euclidean', 'metric_params': None, 'n_jobs': None, 'n_neighbors': np.int64(3), 'p': 2, 'weights': 'uniform'}",0.6633086204528809
Plant_oil,1,5,4,3,RandomForest,Magnitude_Warping,0.7939097744360902,0.7909034803298106,"{'bootstrap': True, 'ccp_alpha': 0.0, 'class_weight': None, 'criterion': 'gini', 'max_depth': None, 'max_features': 'sqrt', 'max_leaf_nodes': None, 'max_samples': None, 'min_impurity_decrease': 0.0, 'min_samples_leaf': 1, 'min_samples_split': 2, 'min_weight_fraction_leaf': 0.0, 'monotonic_cst': None, 'n_estimators': 100, 'n_jobs': None, 'oob_score': False, 'random_state': 42, 'verbose': 0, 'warm_start': False}",7.484693765640259
Plant_oil,1,5,4,3,LinearSVC,Magnitude_Warping,0.6628571428571428,0.6381271470854161,"{'C': np.float64(10.0), 'class_weight': None, 'dual': False, 'fit_intercept': True, 'intercept_scaling': 1, 'loss': 'squared_hinge', 'max_iter': 100, 'multi_class': 'ovr', 'penalty': 'l2', 'random_state': 42, 'tol': 0.0001, 'verbose': 0}",0.27405834197998047
Plant_oil,1,5,4,3,LogisticRegression,Magnitude_Warping,0.7052631578947368,0.7057370615720304,"{'C': np.float64(100.0), 'class_weight': None, 'dual': False, 'fit_intercept': True, 'intercept_scaling': 1, 'l1_ratio': None, 'max_iter': 100, 'multi_class': 'deprecated', 'n_jobs': None, 'penalty': 'l2', 'random_state': 42, 'solver': 'lbfgs', 'tol': 0.0001, 'verbose': 0, 'warm_start': False}",1.168807029724121
Plant_oil,1,5,4,3,RNN,Magnitude_Warping,0.43609022556390975,0.3459917376432803,"{'hidden_size': 64, 'epochs': 10, 'batch_size': 32, 'lr': 0.001}",1.119612693786621
Plant_oil,1,5,4,5,KNN,Magnitude_Warping,0.783984962406015,0.7780299489441606,"{'algorithm': 'auto', 'leaf_size': 30, 'metric': 'euclidean', 'metric_params': None, 'n_jobs': None, 'n_neighbors': np.int64(3), 'p': 2, 'weights': 'uniform'}",0.7227611541748047
Plant_oil,1,5,4,5,RandomForest,Magnitude_Warping,0.7766917293233083,0.7715238758368608,"{'bootstrap': True, 'ccp_alpha': 0.0, 'class_weight': None, 'criterion': 'gini', 'max_depth': None, 'max_features': 'sqrt', 'max_leaf_nodes': None, 'max_samples': None, 'min_impurity_decrease': 0.0, 'min_samples_leaf': 1, 'min_samples_split': 2, 'min_weight_fraction_leaf': 0.0, 'monotonic_cst': None, 'n_estimators': 100, 'n_jobs': None, 'oob_score': False, 'random_state': 42, 'verbose': 0, 'warm_start': False}",13.673741817474365
Plant_oil,1,5,4,5,LinearSVC,Magnitude_Warping,0.6325563909774436,0.6072458816648688,"{'C': np.float64(10.0), 'class_weight': None, 'dual': False, 'fit_intercept': True, 'intercept_scaling': 1, 'loss': 'squared_hinge', 'max_iter': 100, 'multi_class': 'ovr', 'penalty': 'l2', 'random_state': 42, 'tol': 0.0001, 'verbose': 0}",0.48731327056884766
Plant_oil,1,5,4,5,LogisticRegression,Magnitude_Warping,0.6954887218045113,0.6923642207567484,"{'C': np.float64(100.0), 'class_weight': None, 'dual': False, 'fit_intercept': True, 'intercept_scaling': 1, 'l1_ratio': None, 'max_iter': 100, 'multi_class': 'deprecated', 'n_jobs': None, 'penalty': 'l2', 'random_state': 42, 'solver': 'lbfgs', 'tol': 0.0001, 'verbose': 0, 'warm_start': False}",2.046875
Plant_oil,1,5,4,5,RNN,Magnitude_Warping,0.5939849624060151,0.5482863541687071,"{'hidden_size': 64, 'epochs': 10, 'batch_size': 32, 'lr': 0.001}",1.8562917709350586
Plant_oil,1,5,4,10,KNN,Magnitude_Warping,0.7734586466165414,0.7680876988009537,"{'algorithm': 'auto', 'leaf_size': 30, 'metric': 'euclidean', 'metric_params': None, 'n_jobs': None, 'n_neighbors': np.int64(3), 'p': 2, 'weights': 'uniform'}",0.8178665637969971
Plant_oil,1,5,4,10,RandomForest,Magnitude_Warping,0.757593984962406,0.7530601385849041,"{'bootstrap': True, 'ccp_alpha': 0.0, 'class_weight': None, 'criterion': 'gini', 'max_depth': None, 'max_features': 'sqrt', 'max_leaf_nodes': None, 'max_samples': None, 'min_impurity_decrease': 0.0, 'min_samples_leaf': 1, 'min_samples_split': 2, 'min_weight_fraction_leaf': 0.0, 'monotonic_cst': None, 'n_estimators': 100, 'n_jobs': None, 'oob_score': False, 'random_state': 42, 'verbose': 0, 'warm_start': False}",30.792433738708496
Plant_oil,1,5,4,10,LinearSVC,Magnitude_Warping,0.6371428571428571,0.6129594506457119,"{'C': np.float64(10.0), 'class_weight': None, 'dual': False, 'fit_intercept': True, 'intercept_scaling': 1, 'loss': 'squared_hinge', 'max_iter': 100, 'multi_class': 'ovr', 'penalty': 'l2', 'random_state': 42, 'tol': 0.0001, 'verbose': 0}",1.1415989398956299
Plant_oil,1,5,4,10,LogisticRegression,Magnitude_Warping,0.6909022556390978,0.6921657988811767,"{'C': np.float64(100.0), 'class_weight': None, 'dual': False, 'fit_intercept': True, 'intercept_scaling': 1, 'l1_ratio': None, 'max_iter': 100, 'multi_class': 'deprecated', 'n_jobs': None, 'penalty': 'l2', 'random_state': 42, 'solver': 'lbfgs', 'tol': 0.0001, 'verbose': 0, 'warm_start': False}",4.614530324935913
Plant_oil,1,5,4,10,RNN,Magnitude_Warping,0.7443609022556391,0.6974088655924827,"{'hidden_size': 64, 'epochs': 10, 'batch_size': 32, 'lr': 0.001}",3.586754083633423
Plant_oil,1,5,4,2,KNN,Time_Warping,0.802406015037594,0.798017639617629,"{'algorithm': 'auto', 'leaf_size': 30, 'metric': 'euclidean', 'metric_params': None, 'n_jobs': None, 'n_neighbors': np.int64(3), 'p': 2, 'weights': 'uniform'}",0.6245520114898682
Plant_oil,1,5,4,2,RandomForest,Time_Warping,0.7735338345864662,0.7668010244866141,"{'bootstrap': True, 'ccp_alpha': 0.0, 'class_weight': None, 'criterion': 'gini', 'max_depth': None, 'max_features': 'sqrt', 'max_leaf_nodes': None, 'max_samples': None, 'min_impurity_decrease': 0.0, 'min_samples_leaf': 1, 'min_samples_split': 2, 'min_weight_fraction_leaf': 0.0, 'monotonic_cst': None, 'n_estimators': 100, 'n_jobs': None, 'oob_score': False, 'random_state': 42, 'verbose': 0, 'warm_start': False}",4.632892370223999
Plant_oil,1,5,4,2,LinearSVC,Time_Warping,0.6561654135338346,0.6367434443006933,"{'C': np.float64(10.0), 'class_weight': None, 'dual': False, 'fit_intercept': True, 'intercept_scaling': 1, 'loss': 'squared_hinge', 'max_iter': 100, 'multi_class': 'ovr', 'penalty': 'l2', 'random_state': 42, 'tol': 0.0001, 'verbose': 0}",0.20946931838989258
Plant_oil,1,5,4,2,LogisticRegression,Time_Warping,0.7352631578947368,0.7361652732538047,"{'C': np.float64(100.0), 'class_weight': None, 'dual': False, 'fit_intercept': True, 'intercept_scaling': 1, 'l1_ratio': None, 'max_iter': 100, 'multi_class': 'deprecated', 'n_jobs': None, 'penalty': 'l2', 'random_state': 42, 'solver': 'lbfgs', 'tol': 0.0001, 'verbose': 0, 'warm_start': False}",0.7965006828308105
Plant_oil,1,5,4,2,RNN,Time_Warping,0.43609022556390975,0.3174699297839216,"{'hidden_size': 64, 'epochs': 10, 'batch_size': 32, 'lr': 0.001}",0.7545971870422363
Plant_oil,1,5,4,3,KNN,Time_Warping,0.7754135338345864,0.77027321335297,"{'algorithm': 'auto', 'leaf_size': 30, 'metric': 'euclidean', 'metric_params': None, 'n_jobs': None, 'n_neighbors': np.int64(3), 'p': 2, 'weights': 'uniform'}",0.6562323570251465
Plant_oil,1,5,4,3,RandomForest,Time_Warping,0.7542857142857143,0.7481179767008731,"{'bootstrap': True, 'ccp_alpha': 0.0, 'class_weight': None, 'criterion': 'gini', 'max_depth': None, 'max_features': 'sqrt', 'max_leaf_nodes': None, 'max_samples': None, 'min_impurity_decrease': 0.0, 'min_samples_leaf': 1, 'min_samples_split': 2, 'min_weight_fraction_leaf': 0.0, 'monotonic_cst': None, 'n_estimators': 100, 'n_jobs': None, 'oob_score': False, 'random_state': 42, 'verbose': 0, 'warm_start': False}",7.239748239517212
Plant_oil,1,5,4,3,LinearSVC,Time_Warping,0.6600751879699248,0.6361365738750994,"{'C': np.float64(10.0), 'class_weight': None, 'dual': False, 'fit_intercept': True, 'intercept_scaling': 1, 'loss': 'squared_hinge', 'max_iter': 100, 'multi_class': 'ovr', 'penalty': 'l2', 'random_state': 42, 'tol': 0.0001, 'verbose': 0}",0.30721616744995117
Plant_oil,1,5,4,3,LogisticRegression,Time_Warping,0.7553383458646616,0.7566133341691573,"{'C': np.float64(100.0), 'class_weight': None, 'dual': False, 'fit_intercept': True, 'intercept_scaling': 1, 'l1_ratio': None, 'max_iter': 100, 'multi_class': 'deprecated', 'n_jobs': None, 'penalty': 'l2', 'random_state': 42, 'solver': 'lbfgs', 'tol': 0.0001, 'verbose': 0, 'warm_start': False}",1.2330214977264404
Plant_oil,1,5,4,3,RNN,Time_Warping,0.3458646616541353,0.28432444748234226,"{'hidden_size': 64, 'epochs': 10, 'batch_size': 32, 'lr': 0.001}",1.1755900382995605
Plant_oil,1,5,4,5,KNN,Time_Warping,0.7993233082706767,0.7955948282148119,"{'algorithm': 'auto', 'leaf_size': 30, 'metric': 'euclidean', 'metric_params': None, 'n_jobs': None, 'n_neighbors': np.int64(3), 'p': 2, 'weights': 'uniform'}",0.7007448673248291
Plant_oil,1,5,4,5,RandomForest,Time_Warping,0.750375939849624,0.7439439920444685,"{'bootstrap': True, 'ccp_alpha': 0.0, 'class_weight': None, 'criterion': 'gini', 'max_depth': None, 'max_features': 'sqrt', 'max_leaf_nodes': None, 'max_samples': None, 'min_impurity_decrease': 0.0, 'min_samples_leaf': 1, 'min_samples_split': 2, 'min_weight_fraction_leaf': 0.0, 'monotonic_cst': None, 'n_estimators': 100, 'n_jobs': None, 'oob_score': False, 'random_state': 42, 'verbose': 0, 'warm_start': False}",13.020418167114258
Plant_oil,1,5,4,5,LinearSVC,Time_Warping,0.6578947368421053,0.6355038818127849,"{'C': np.float64(10.0), 'class_weight': None, 'dual': False, 'fit_intercept': True, 'intercept_scaling': 1, 'loss': 'squared_hinge', 'max_iter': 100, 'multi_class': 'ovr', 'penalty': 'l2', 'random_state': 42, 'tol': 0.0001, 'verbose': 0}",0.4869980812072754
Plant_oil,1,5,4,5,LogisticRegression,Time_Warping,0.7450375939849624,0.7489555456990732,"{'C': np.float64(100.0), 'class_weight': None, 'dual': False, 'fit_intercept': True, 'intercept_scaling': 1, 'l1_ratio': None, 'max_iter': 100, 'multi_class': 'deprecated', 'n_jobs': None, 'penalty': 'l2', 'random_state': 42, 'solver': 'lbfgs', 'tol': 0.0001, 'verbose': 0, 'warm_start': False}",1.8980565071105957
Plant_oil,1,5,4,5,RNN,Time_Warping,0.39849624060150374,0.29936412142672575,"{'hidden_size': 64, 'epochs': 10, 'batch_size': 32, 'lr': 0.001}",1.9211010932922363
Plant_oil,1,5,4,10,KNN,Time_Warping,0.7882706766917293,0.7843014093196845,"{'algorithm': 'auto', 'leaf_size': 30, 'metric': 'euclidean', 'metric_params': None, 'n_jobs': None, 'n_neighbors': np.int64(3), 'p': 2, 'weights': 'uniform'}",0.7988934516906738
Plant_oil,1,5,4,10,RandomForest,Time_Warping,0.7339849624060151,0.7272266080014971,"{'bootstrap': True, 'ccp_alpha': 0.0, 'class_weight': None, 'criterion': 'gini', 'max_depth': None, 'max_features': 'sqrt', 'max_leaf_nodes': None, 'max_samples': None, 'min_impurity_decrease': 0.0, 'min_samples_leaf': 1, 'min_samples_split': 2, 'min_weight_fraction_leaf': 0.0, 'monotonic_cst': None, 'n_estimators': 100, 'n_jobs': None, 'oob_score': False, 'random_state': 42, 'verbose': 0, 'warm_start': False}",28.125856399536133
Plant_oil,1,5,4,10,LinearSVC,Time_Warping,0.6540601503759399,0.6324790051527406,"{'C': np.float64(10.0), 'class_weight': None, 'dual': False, 'fit_intercept': True, 'intercept_scaling': 1, 'loss': 'squared_hinge', 'max_iter': 100, 'multi_class': 'ovr', 'penalty': 'l2', 'random_state': 42, 'tol': 0.0001, 'verbose': 0}",1.2011709213256836
Plant_oil,1,5,4,10,LogisticRegression,Time_Warping,0.7353383458646616,0.7361171990929984,"{'C': np.float64(100.0), 'class_weight': None, 'dual': False, 'fit_intercept': True, 'intercept_scaling': 1, 'l1_ratio': None, 'max_iter': 100, 'multi_class': 'deprecated', 'n_jobs': None, 'penalty': 'l2', 'random_state': 42, 'solver': 'lbfgs', 'tol': 0.0001, 'verbose': 0, 'warm_start': False}",4.041743278503418
Plant_oil,1,5,4,10,RNN,Time_Warping,0.6090225563909775,0.575726104168107,"{'hidden_size': 64, 'epochs': 10, 'batch_size': 32, 'lr': 0.001}",3.9842872619628906
Plant_oil,1,5,4,2,KNN,SMOTE,0.8215037593984963,0.8178378686296196,"{'algorithm': 'auto', 'leaf_size': 30, 'metric': 'euclidean', 'metric_params': None, 'n_jobs': None, 'n_neighbors': np.int64(3), 'p': 2, 'weights': 'uniform'}",0.6181159019470215
Plant_oil,1,5,4,2,RandomForest,SMOTE,0.7987969924812031,0.7966177214878911,"{'bootstrap': True, 'ccp_alpha': 0.0, 'class_weight': None, 'criterion': 'gini', 'max_depth': None, 'max_features': 'sqrt', 'max_leaf_nodes': None, 'max_samples': None, 'min_impurity_decrease': 0.0, 'min_samples_leaf': 1, 'min_samples_split': 2, 'min_weight_fraction_leaf': 0.0, 'monotonic_cst': None, 'n_estimators': 100, 'n_jobs': None, 'oob_score': False, 'random_state': 42, 'verbose': 0, 'warm_start': False}",4.631499290466309
Plant_oil,1,5,4,2,LinearSVC,SMOTE,0.6362406015037594,0.6223143543660782,"{'C': np.float64(10.0), 'class_weight': None, 'dual': False, 'fit_intercept': True, 'intercept_scaling': 1, 'loss': 'squared_hinge', 'max_iter': 100, 'multi_class': 'ovr', 'penalty': 'l2', 'random_state': 42, 'tol': 0.0001, 'verbose': 0}",0.21291661262512207
Plant_oil,1,5,4,2,LogisticRegression,SMOTE,0.7405263157894737,0.7412861903078382,"{'C': np.float64(100.0), 'class_weight': None, 'dual': False, 'fit_intercept': True, 'intercept_scaling': 1, 'l1_ratio': None, 'max_iter': 100, 'multi_class': 'deprecated', 'n_jobs': None, 'penalty': 'l2', 'random_state': 42, 'solver': 'lbfgs', 'tol': 0.0001, 'verbose': 0, 'warm_start': False}",0.7914488315582275
Plant_oil,1,5,4,2,RNN,SMOTE,0.3609022556390977,0.24247616507921899,"{'hidden_size': 64, 'epochs': 10, 'batch_size': 32, 'lr': 0.001}",0.7408783435821533
Plant_oil,1,5,4,3,KNN,SMOTE,0.8234586466165413,0.8206863296533811,"{'algorithm': 'auto', 'leaf_size': 30, 'metric': 'euclidean', 'metric_params': None, 'n_jobs': None, 'n_neighbors': np.int64(3), 'p': 2, 'weights': 'uniform'}",0.6374728679656982
Plant_oil,1,5,4,3,RandomForest,SMOTE,0.7993984962406016,0.7966697908120138,"{'bootstrap': True, 'ccp_alpha': 0.0, 'class_weight': None, 'criterion': 'gini', 'max_depth': None, 'max_features': 'sqrt', 'max_leaf_nodes': None, 'max_samples': None, 'min_impurity_decrease': 0.0, 'min_samples_leaf': 1, 'min_samples_split': 2, 'min_weight_fraction_leaf': 0.0, 'monotonic_cst': None, 'n_estimators': 100, 'n_jobs': None, 'oob_score': False, 'random_state': 42, 'verbose': 0, 'warm_start': False}",7.166127681732178
Plant_oil,1,5,4,3,LinearSVC,SMOTE,0.6285714285714286,0.6161759373027135,"{'C': np.float64(10.0), 'class_weight': None, 'dual': False, 'fit_intercept': True, 'intercept_scaling': 1, 'loss': 'squared_hinge', 'max_iter': 100, 'multi_class': 'ovr', 'penalty': 'l2', 'random_state': 42, 'tol': 0.0001, 'verbose': 0}",0.3224334716796875
Plant_oil,1,5,4,3,LogisticRegression,SMOTE,0.7484962406015038,0.7494361212842661,"{'C': np.float64(100.0), 'class_weight': None, 'dual': False, 'fit_intercept': True, 'intercept_scaling': 1, 'l1_ratio': None, 'max_iter': 100, 'multi_class': 'deprecated', 'n_jobs': None, 'penalty': 'l2', 'random_state': 42, 'solver': 'lbfgs', 'tol': 0.0001, 'verbose': 0, 'warm_start': False}",1.176496982574463
Plant_oil,1,5,4,3,RNN,SMOTE,0.5112781954887218,0.41337350743761503,"{'hidden_size': 64, 'epochs': 10, 'batch_size': 32, 'lr': 0.001}",1.2232284545898438
Plant_oil,1,5,4,5,KNN,SMOTE,0.8249624060150376,0.8214807783874629,"{'algorithm': 'auto', 'leaf_size': 30, 'metric': 'euclidean', 'metric_params': None, 'n_jobs': None, 'n_neighbors': np.int64(3), 'p': 2, 'weights': 'uniform'}",0.6822507381439209
Plant_oil,1,5,4,5,RandomForest,SMOTE,0.8054135338345865,0.8029048125049094,"{'bootstrap': True, 'ccp_alpha': 0.0, 'class_weight': None, 'criterion': 'gini', 'max_depth': None, 'max_features': 'sqrt', 'max_leaf_nodes': None, 'max_samples': None, 'min_impurity_decrease': 0.0, 'min_samples_leaf': 1, 'min_samples_split': 2, 'min_weight_fraction_leaf': 0.0, 'monotonic_cst': None, 'n_estimators': 100, 'n_jobs': None, 'oob_score': False, 'random_state': 42, 'verbose': 0, 'warm_start': False}",12.975855112075806
Plant_oil,1,5,4,5,LinearSVC,SMOTE,0.631578947368421,0.6214696628533757,"{'C': np.float64(10.0), 'class_weight': None, 'dual': False, 'fit_intercept': True, 'intercept_scaling': 1, 'loss': 'squared_hinge', 'max_iter': 100, 'multi_class': 'ovr', 'penalty': 'l2', 'random_state': 42, 'tol': 0.0001, 'verbose': 0}",0.5209524631500244
Plant_oil,1,5,4,5,LogisticRegression,SMOTE,0.747218045112782,0.7503148000037738,"{'C': np.float64(100.0), 'class_weight': None, 'dual': False, 'fit_intercept': True, 'intercept_scaling': 1, 'l1_ratio': None, 'max_iter': 100, 'multi_class': 'deprecated', 'n_jobs': None, 'penalty': 'l2', 'random_state': 42, 'solver': 'lbfgs', 'tol': 0.0001, 'verbose': 0, 'warm_start': False}",1.8500642776489258
Plant_oil,1,5,4,5,RNN,SMOTE,0.5939849624060151,0.5294242492792273,"{'hidden_size': 64, 'epochs': 10, 'batch_size': 32, 'lr': 0.001}",1.8838779926300049
Plant_oil,1,5,4,10,KNN,SMOTE,0.8247368421052632,0.8212577369926041,"{'algorithm': 'auto', 'leaf_size': 30, 'metric': 'euclidean', 'metric_params': None, 'n_jobs': None, 'n_neighbors': np.int64(3), 'p': 2, 'weights': 'uniform'}",0.7566585540771484
Plant_oil,1,5,4,10,RandomForest,SMOTE,0.8045112781954887,0.8025176116858663,"{'bootstrap': True, 'ccp_alpha': 0.0, 'class_weight': None, 'criterion': 'gini', 'max_depth': None, 'max_features': 'sqrt', 'max_leaf_nodes': None, 'max_samples': None, 'min_impurity_decrease': 0.0, 'min_samples_leaf': 1, 'min_samples_split': 2, 'min_weight_fraction_leaf': 0.0, 'monotonic_cst': None, 'n_estimators': 100, 'n_jobs': None, 'oob_score': False, 'random_state': 42, 'verbose': 0, 'warm_start': False}",28.303147554397583
Plant_oil,1,5,4,10,LinearSVC,SMOTE,0.6226315789473684,0.6118468702316386,"{'C': np.float64(10.0), 'class_weight': None, 'dual': False, 'fit_intercept': True, 'intercept_scaling': 1, 'loss': 'squared_hinge', 'max_iter': 100, 'multi_class': 'ovr', 'penalty': 'l2', 'random_state': 42, 'tol': 0.0001, 'verbose': 0}",1.1750035285949707
Plant_oil,1,5,4,10,LogisticRegression,SMOTE,0.7518045112781955,0.7539930144786364,"{'C': np.float64(100.0), 'class_weight': None, 'dual': False, 'fit_intercept': True, 'intercept_scaling': 1, 'l1_ratio': None, 'max_iter': 100, 'multi_class': 'deprecated', 'n_jobs': None, 'penalty': 'l2', 'random_state': 42, 'solver': 'lbfgs', 'tol': 0.0001, 'verbose': 0, 'warm_start': False}",3.8156518936157227
Plant_oil,1,5,4,10,RNN,SMOTE,0.6090225563909775,0.543715443332746,"{'hidden_size': 64, 'epochs': 10, 'batch_size': 32, 'lr': 0.001}",3.647149085998535
Plant_oil,1,5,4,2,KNN,Mixup,0.8218045112781955,0.8179618007153359,"{'algorithm': 'auto', 'leaf_size': 30, 'metric': 'euclidean', 'metric_params': None, 'n_jobs': None, 'n_neighbors': np.int64(3), 'p': 2, 'weights': 'uniform'}",0.6222896575927734
Plant_oil,1,5,4,2,RandomForest,Mixup,0.7989473684210526,0.7962211295974739,"{'bootstrap': True, 'ccp_alpha': 0.0, 'class_weight': None, 'criterion': 'gini', 'max_depth': None, 'max_features': 'sqrt', 'max_leaf_nodes': None, 'max_samples': None, 'min_impurity_decrease': 0.0, 'min_samples_leaf': 1, 'min_samples_split': 2, 'min_weight_fraction_leaf': 0.0, 'monotonic_cst': None, 'n_estimators': 100, 'n_jobs': None, 'oob_score': False, 'random_state': 42, 'verbose': 0, 'warm_start': False}",4.387537717819214
Plant_oil,1,5,4,2,LinearSVC,Mixup,0.6343609022556391,0.6226114869844419,"{'C': np.float64(10.0), 'class_weight': None, 'dual': False, 'fit_intercept': True, 'intercept_scaling': 1, 'loss': 'squared_hinge', 'max_iter': 100, 'multi_class': 'ovr', 'penalty': 'l2', 'random_state': 42, 'tol': 0.0001, 'verbose': 0}",0.21438097953796387
Plant_oil,1,5,4,2,LogisticRegression,Mixup,0.7639097744360902,0.764876586962883,"{'C': np.float64(100.0), 'class_weight': None, 'dual': False, 'fit_intercept': True, 'intercept_scaling': 1, 'l1_ratio': None, 'max_iter': 100, 'multi_class': 'deprecated', 'n_jobs': None, 'penalty': 'l2', 'random_state': 42, 'solver': 'lbfgs', 'tol': 0.0001, 'verbose': 0, 'warm_start': False}",0.774616003036499
Plant_oil,1,5,4,2,RNN,Mixup,0.48872180451127817,0.39157657541180013,"{'hidden_size': 64, 'epochs': 10, 'batch_size': 32, 'lr': 0.001}",0.7509138584136963
Plant_oil,1,5,4,3,KNN,Mixup,0.8190977443609022,0.8161191008644272,"{'algorithm': 'auto', 'leaf_size': 30, 'metric': 'euclidean', 'metric_params': None, 'n_jobs': None, 'n_neighbors': np.int64(3), 'p': 2, 'weights': 'uniform'}",0.6378483772277832
Plant_oil,1,5,4,3,RandomForest,Mixup,0.7742105263157895,0.7726473018382659,"{'bootstrap': True, 'ccp_alpha': 0.0, 'class_weight': None, 'criterion': 'gini', 'max_depth': None, 'max_features': 'sqrt', 'max_leaf_nodes': None, 'max_samples': None, 'min_impurity_decrease': 0.0, 'min_samples_leaf': 1, 'min_samples_split': 2, 'min_weight_fraction_leaf': 0.0, 'monotonic_cst': None, 'n_estimators': 100, 'n_jobs': None, 'oob_score': False, 'random_state': 42, 'verbose': 0, 'warm_start': False}",6.6841888427734375
Plant_oil,1,5,4,3,LinearSVC,Mixup,0.6434586466165414,0.631952412560625,"{'C': np.float64(10.0), 'class_weight': None, 'dual': False, 'fit_intercept': True, 'intercept_scaling': 1, 'loss': 'squared_hinge', 'max_iter': 100, 'multi_class': 'ovr', 'penalty': 'l2', 'random_state': 42, 'tol': 0.0001, 'verbose': 0}",0.32407498359680176
Plant_oil,1,5,4,3,LogisticRegression,Mixup,0.7633834586466165,0.7627644353246867,"{'C': np.float64(100.0), 'class_weight': None, 'dual': False, 'fit_intercept': True, 'intercept_scaling': 1, 'l1_ratio': None, 'max_iter': 100, 'multi_class': 'deprecated', 'n_jobs': None, 'penalty': 'l2', 'random_state': 42, 'solver': 'lbfgs', 'tol': 0.0001, 'verbose': 0, 'warm_start': False}",1.2041349411010742
Plant_oil,1,5,4,3,RNN,Mixup,0.42857142857142855,0.3324341213565223,"{'hidden_size': 64, 'epochs': 10, 'batch_size': 32, 'lr': 0.001}",1.1945626735687256
Plant_oil,1,5,4,5,KNN,Mixup,0.816390977443609,0.8137240659505455,"{'algorithm': 'auto', 'leaf_size': 30, 'metric': 'euclidean', 'metric_params': None, 'n_jobs': None, 'n_neighbors': np.int64(3), 'p': 2, 'weights': 'uniform'}",0.6842496395111084
Plant_oil,1,5,4,5,RandomForest,Mixup,0.7959398496240602,0.793087246512788,"{'bootstrap': True, 'ccp_alpha': 0.0, 'class_weight': None, 'criterion': 'gini', 'max_depth': None, 'max_features': 'sqrt', 'max_leaf_nodes': None, 'max_samples': None, 'min_impurity_decrease': 0.0, 'min_samples_leaf': 1, 'min_samples_split': 2, 'min_weight_fraction_leaf': 0.0, 'monotonic_cst': None, 'n_estimators': 100, 'n_jobs': None, 'oob_score': False, 'random_state': 42, 'verbose': 0, 'warm_start': False}",11.164443492889404
Plant_oil,1,5,4,5,LinearSVC,Mixup,0.6230827067669172,0.6163577138573194,"{'C': np.float64(10.0), 'class_weight': None, 'dual': False, 'fit_intercept': True, 'intercept_scaling': 1, 'loss': 'squared_hinge', 'max_iter': 100, 'multi_class': 'ovr', 'penalty': 'l2', 'random_state': 42, 'tol': 0.0001, 'verbose': 0}",0.542365550994873
Plant_oil,1,5,4,5,LogisticRegression,Mixup,0.7561654135338346,0.757259433816362,"{'C': np.float64(100.0), 'class_weight': None, 'dual': False, 'fit_intercept': True, 'intercept_scaling': 1, 'l1_ratio': None, 'max_iter': 100, 'multi_class': 'deprecated', 'n_jobs': None, 'penalty': 'l2', 'random_state': 42, 'solver': 'lbfgs', 'tol': 0.0001, 'verbose': 0, 'warm_start': False}",1.9370689392089844
Plant_oil,1,5,4,5,RNN,Mixup,0.48120300751879697,0.4102618634059077,"{'hidden_size': 64, 'epochs': 10, 'batch_size': 32, 'lr': 0.001}",1.7678942680358887
Plant_oil,1,5,4,10,KNN,Mixup,0.8148872180451128,0.8114519518619605,"{'algorithm': 'auto', 'leaf_size': 30, 'metric': 'euclidean', 'metric_params': None, 'n_jobs': None, 'n_neighbors': np.int64(3), 'p': 2, 'weights': 'uniform'}",0.7574865818023682
Plant_oil,1,5,4,10,RandomForest,Mixup,0.8076691729323309,0.8047892242279958,"{'bootstrap': True, 'ccp_alpha': 0.0, 'class_weight': None, 'criterion': 'gini', 'max_depth': None, 'max_features': 'sqrt', 'max_leaf_nodes': None, 'max_samples': None, 'min_impurity_decrease': 0.0, 'min_samples_leaf': 1, 'min_samples_split': 2, 'min_weight_fraction_leaf': 0.0, 'monotonic_cst': None, 'n_estimators': 100, 'n_jobs': None, 'oob_score': False, 'random_state': 42, 'verbose': 0, 'warm_start': False}",24.333287000656128
Plant_oil,1,5,4,10,LinearSVC,Mixup,0.6248120300751879,0.6137455534208864,"{'C': np.float64(10.0), 'class_weight': None, 'dual': False, 'fit_intercept': True, 'intercept_scaling': 1, 'loss': 'squared_hinge', 'max_iter': 100, 'multi_class': 'ovr', 'penalty': 'l2', 'random_state': 42, 'tol': 0.0001, 'verbose': 0}",1.093979835510254
Plant_oil,1,5,4,10,LogisticRegression,Mixup,0.7545864661654136,0.7551919405268648,"{'C': np.float64(100.0), 'class_weight': None, 'dual': False, 'fit_intercept': True, 'intercept_scaling': 1, 'l1_ratio': None, 'max_iter': 100, 'multi_class': 'deprecated', 'n_jobs': None, 'penalty': 'l2', 'random_state': 42, 'solver': 'lbfgs', 'tol': 0.0001, 'verbose': 0, 'warm_start': False}",3.8463869094848633
Plant_oil,1,5,4,10,RNN,Mixup,0.7443609022556391,0.6976148404463776,"{'hidden_size': 64, 'epochs': 10, 'batch_size': 32, 'lr': 0.001}",3.798143148422241
Plant_oil,1,5,4,2,KNN,GMM,0.7944360902255639,0.7891102753788505,"{'algorithm': 'auto', 'leaf_size': 30, 'metric': 'euclidean', 'metric_params': None, 'n_jobs': None, 'n_neighbors': np.int64(3), 'p': 2, 'weights': 'uniform'}",0.6512932777404785
Plant_oil,1,5,4,2,RandomForest,GMM,0.770827067669173,0.7654287806331721,"{'bootstrap': True, 'ccp_alpha': 0.0, 'class_weight': None, 'criterion': 'gini', 'max_depth': None, 'max_features': 'sqrt', 'max_leaf_nodes': None, 'max_samples': None, 'min_impurity_decrease': 0.0, 'min_samples_leaf': 1, 'min_samples_split': 2, 'min_weight_fraction_leaf': 0.0, 'monotonic_cst': None, 'n_estimators': 100, 'n_jobs': None, 'oob_score': False, 'random_state': 42, 'verbose': 0, 'warm_start': False}",4.954676151275635
Plant_oil,1,5,4,2,LinearSVC,GMM,0.6837593984962406,0.666519364142032,"{'C': np.float64(10.0), 'class_weight': None, 'dual': False, 'fit_intercept': True, 'intercept_scaling': 1, 'loss': 'squared_hinge', 'max_iter': 100, 'multi_class': 'ovr', 'penalty': 'l2', 'random_state': 42, 'tol': 0.0001, 'verbose': 0}",0.2054460048675537
Plant_oil,1,5,4,2,LogisticRegression,GMM,0.7681203007518796,0.7690666469479872,"{'C': np.float64(100.0), 'class_weight': None, 'dual': False, 'fit_intercept': True, 'intercept_scaling': 1, 'l1_ratio': None, 'max_iter': 100, 'multi_class': 'deprecated', 'n_jobs': None, 'penalty': 'l2', 'random_state': 42, 'solver': 'lbfgs', 'tol': 0.0001, 'verbose': 0, 'warm_start': False}",0.7731585502624512
Plant_oil,1,5,4,2,RNN,GMM,0.3684210526315789,0.2415577185978363,"{'hidden_size': 64, 'epochs': 10, 'batch_size': 32, 'lr': 0.001}",0.7547645568847656
Plant_oil,1,5,4,3,KNN,GMM,0.7895488721804511,0.7849708683991574,"{'algorithm': 'auto', 'leaf_size': 30, 'metric': 'euclidean', 'metric_params': None, 'n_jobs': None, 'n_neighbors': np.int64(3), 'p': 2, 'weights': 'uniform'}",0.6590912342071533
Plant_oil,1,5,4,3,RandomForest,GMM,0.7689473684210526,0.7644433797115704,"{'bootstrap': True, 'ccp_alpha': 0.0, 'class_weight': None, 'criterion': 'gini', 'max_depth': None, 'max_features': 'sqrt', 'max_leaf_nodes': None, 'max_samples': None, 'min_impurity_decrease': 0.0, 'min_samples_leaf': 1, 'min_samples_split': 2, 'min_weight_fraction_leaf': 0.0, 'monotonic_cst': None, 'n_estimators': 100, 'n_jobs': None, 'oob_score': False, 'random_state': 42, 'verbose': 0, 'warm_start': False}",7.814984083175659
Plant_oil,1,5,4,3,LinearSVC,GMM,0.6724812030075188,0.6589773750234043,"{'C': np.float64(10.0), 'class_weight': None, 'dual': False, 'fit_intercept': True, 'intercept_scaling': 1, 'loss': 'squared_hinge', 'max_iter': 100, 'multi_class': 'ovr', 'penalty': 'l2', 'random_state': 42, 'tol': 0.0001, 'verbose': 0}",0.31040239334106445
Plant_oil,1,5,4,3,LogisticRegression,GMM,0.7590977443609023,0.7591339134900563,"{'C': np.float64(100.0), 'class_weight': None, 'dual': False, 'fit_intercept': True, 'intercept_scaling': 1, 'l1_ratio': None, 'max_iter': 100, 'multi_class': 'deprecated', 'n_jobs': None, 'penalty': 'l2', 'random_state': 42, 'solver': 'lbfgs', 'tol': 0.0001, 'verbose': 0, 'warm_start': False}",1.1433117389678955
Plant_oil,1,5,4,3,RNN,GMM,0.48120300751879697,0.4015058419392784,"{'hidden_size': 64, 'epochs': 10, 'batch_size': 32, 'lr': 0.001}",1.0667078495025635
Plant_oil,1,5,4,5,KNN,GMM,0.7836842105263158,0.7787523231428055,"{'algorithm': 'auto', 'leaf_size': 30, 'metric': 'euclidean', 'metric_params': None, 'n_jobs': None, 'n_neighbors': np.int64(3), 'p': 2, 'weights': 'uniform'}",0.7130632400512695
Plant_oil,1,5,4,5,RandomForest,GMM,0.7601503759398496,0.7544609925394336,"{'bootstrap': True, 'ccp_alpha': 0.0, 'class_weight': None, 'criterion': 'gini', 'max_depth': None, 'max_features': 'sqrt', 'max_leaf_nodes': None, 'max_samples': None, 'min_impurity_decrease': 0.0, 'min_samples_leaf': 1, 'min_samples_split': 2, 'min_weight_fraction_leaf': 0.0, 'monotonic_cst': None, 'n_estimators': 100, 'n_jobs': None, 'oob_score': False, 'random_state': 42, 'verbose': 0, 'warm_start': False}",14.225970983505249
Plant_oil,1,5,4,5,LinearSVC,GMM,0.6702255639097744,0.6539815148269429,"{'C': np.float64(10.0), 'class_weight': None, 'dual': False, 'fit_intercept': True, 'intercept_scaling': 1, 'loss': 'squared_hinge', 'max_iter': 100, 'multi_class': 'ovr', 'penalty': 'l2', 'random_state': 42, 'tol': 0.0001, 'verbose': 0}",0.54598069190979
Plant_oil,1,5,4,5,LogisticRegression,GMM,0.7575187969924813,0.7575534883386199,"{'C': np.float64(100.0), 'class_weight': None, 'dual': False, 'fit_intercept': True, 'intercept_scaling': 1, 'l1_ratio': None, 'max_iter': 100, 'multi_class': 'deprecated', 'n_jobs': None, 'penalty': 'l2', 'random_state': 42, 'solver': 'lbfgs', 'tol': 0.0001, 'verbose': 0, 'warm_start': False}",1.996596097946167
Plant_oil,1,5,4,5,RNN,GMM,0.5263157894736842,0.4357825511183043,"{'hidden_size': 64, 'epochs': 10, 'batch_size': 32, 'lr': 0.001}",1.9398176670074463
Plant_oil,1,5,4,10,KNN,GMM,0.7858646616541354,0.7806237569149332,"{'algorithm': 'auto', 'leaf_size': 30, 'metric': 'euclidean', 'metric_params': None, 'n_jobs': None, 'n_neighbors': np.int64(3), 'p': 2, 'weights': 'uniform'}",0.8160083293914795
Plant_oil,1,5,4,10,RandomForest,GMM,0.757593984962406,0.751840635267244,"{'bootstrap': True, 'ccp_alpha': 0.0, 'class_weight': None, 'criterion': 'gini', 'max_depth': None, 'max_features': 'sqrt', 'max_leaf_nodes': None, 'max_samples': None, 'min_impurity_decrease': 0.0, 'min_samples_leaf': 1, 'min_samples_split': 2, 'min_weight_fraction_leaf': 0.0, 'monotonic_cst': None, 'n_estimators': 100, 'n_jobs': None, 'oob_score': False, 'random_state': 42, 'verbose': 0, 'warm_start': False}",31.67201256752014
Plant_oil,1,5,4,10,LinearSVC,GMM,0.6730827067669173,0.6552106208091637,"{'C': np.float64(10.0), 'class_weight': None, 'dual': False, 'fit_intercept': True, 'intercept_scaling': 1, 'loss': 'squared_hinge', 'max_iter': 100, 'multi_class': 'ovr', 'penalty': 'l2', 'random_state': 42, 'tol': 0.0001, 'verbose': 0}",1.1856107711791992
Plant_oil,1,5,4,10,LogisticRegression,GMM,0.7520300751879699,0.7517783678183662,"{'C': np.float64(100.0), 'class_weight': None, 'dual': False, 'fit_intercept': True, 'intercept_scaling': 1, 'l1_ratio': None, 'max_iter': 100, 'multi_class': 'deprecated', 'n_jobs': None, 'penalty': 'l2', 'random_state': 42, 'solver': 'lbfgs', 'tol': 0.0001, 'verbose': 0, 'warm_start': False}",4.685514688491821
Plant_oil,1,5,4,10,RNN,GMM,0.6842105263157895,0.6572480722938389,"{'hidden_size': 64, 'epochs': 10, 'batch_size': 32, 'lr': 0.001}",3.5713348388671875
Plant_oil,1,5,4,2,KNN,HMM_GMM,0.7851127819548872,0.780885764899994,"{'algorithm': 'auto', 'leaf_size': 30, 'metric': 'euclidean', 'metric_params': None, 'n_jobs': None, 'n_neighbors': np.int64(3), 'p': 2, 'weights': 'uniform'}",0.6246569156646729
Plant_oil,1,5,4,2,RandomForest,HMM_GMM,0.796390977443609,0.7919126096731329,"{'bootstrap': True, 'ccp_alpha': 0.0, 'class_weight': None, 'criterion': 'gini', 'max_depth': None, 'max_features': 'sqrt', 'max_leaf_nodes': None, 'max_samples': None, 'min_impurity_decrease': 0.0, 'min_samples_leaf': 1, 'min_samples_split': 2, 'min_weight_fraction_leaf': 0.0, 'monotonic_cst': None, 'n_estimators': 100, 'n_jobs': None, 'oob_score': False, 'random_state': 42, 'verbose': 0, 'warm_start': False}",3.699373245239258
Plant_oil,1,5,4,2,LinearSVC,HMM_GMM,0.6286466165413533,0.6136336286885175,"{'C': np.float64(10.0), 'class_weight': None, 'dual': False, 'fit_intercept': True, 'intercept_scaling': 1, 'loss': 'squared_hinge', 'max_iter': 100, 'multi_class': 'ovr', 'penalty': 'l2', 'random_state': 42, 'tol': 0.0001, 'verbose': 0}",0.20743846893310547
Plant_oil,1,5,4,2,LogisticRegression,HMM_GMM,0.7669172932330827,0.7654109592911442,"{'C': np.float64(100.0), 'class_weight': None, 'dual': False, 'fit_intercept': True, 'intercept_scaling': 1, 'l1_ratio': None, 'max_iter': 100, 'multi_class': 'deprecated', 'n_jobs': None, 'penalty': 'l2', 'random_state': 42, 'solver': 'lbfgs', 'tol': 0.0001, 'verbose': 0, 'warm_start': False}",0.8092343807220459
Plant_oil,1,5,4,2,RNN,HMM_GMM,0.2781954887218045,0.1639780715760138,"{'hidden_size': 64, 'epochs': 10, 'batch_size': 32, 'lr': 0.001}",0.7482256889343262
Plant_oil,1,5,4,3,KNN,HMM_GMM,0.7851127819548872,0.780885764899994,"{'algorithm': 'auto', 'leaf_size': 30, 'metric': 'euclidean', 'metric_params': None, 'n_jobs': None, 'n_neighbors': np.int64(3), 'p': 2, 'weights': 'uniform'}",0.6605122089385986
Plant_oil,1,5,4,3,RandomForest,HMM_GMM,0.7976691729323309,0.7924158514184354,"{'bootstrap': True, 'ccp_alpha': 0.0, 'class_weight': None, 'criterion': 'gini', 'max_depth': None, 'max_features': 'sqrt', 'max_leaf_nodes': None, 'max_samples': None, 'min_impurity_decrease': 0.0, 'min_samples_leaf': 1, 'min_samples_split': 2, 'min_weight_fraction_leaf': 0.0, 'monotonic_cst': None, 'n_estimators': 100, 'n_jobs': None, 'oob_score': False, 'random_state': 42, 'verbose': 0, 'warm_start': False}",4.335057258605957
Plant_oil,1,5,4,3,LinearSVC,HMM_GMM,0.6093984962406015,0.5960261136990401,"{'C': np.float64(10.0), 'class_weight': None, 'dual': False, 'fit_intercept': True, 'intercept_scaling': 1, 'loss': 'squared_hinge', 'max_iter': 100, 'multi_class': 'ovr', 'penalty': 'l2', 'random_state': 42, 'tol': 0.0001, 'verbose': 0}",0.30489182472229004
Plant_oil,1,5,4,3,LogisticRegression,HMM_GMM,0.7458646616541353,0.7422371909862037,"{'C': np.float64(100.0), 'class_weight': None, 'dual': False, 'fit_intercept': True, 'intercept_scaling': 1, 'l1_ratio': None, 'max_iter': 100, 'multi_class': 'deprecated', 'n_jobs': None, 'penalty': 'l2', 'random_state': 42, 'solver': 'lbfgs', 'tol': 0.0001, 'verbose': 0, 'warm_start': False}",1.1566991806030273
Plant_oil,1,5,4,3,RNN,HMM_GMM,0.41353383458646614,0.31671855345008815,"{'hidden_size': 64, 'epochs': 10, 'batch_size': 32, 'lr': 0.001}",1.0849194526672363
Plant_oil,1,5,4,5,KNN,HMM_GMM,0.7851127819548872,0.780885764899994,"{'algorithm': 'auto', 'leaf_size': 30, 'metric': 'euclidean', 'metric_params': None, 'n_jobs': None, 'n_neighbors': np.int64(3), 'p': 2, 'weights': 'uniform'}",0.6879453659057617
Plant_oil,1,5,4,5,RandomForest,HMM_GMM,0.7905263157894736,0.7853123550205379,"{'bootstrap': True, 'ccp_alpha': 0.0, 'class_weight': None, 'criterion': 'gini', 'max_depth': None, 'max_features': 'sqrt', 'max_leaf_nodes': None, 'max_samples': None, 'min_impurity_decrease': 0.0, 'min_samples_leaf': 1, 'min_samples_split': 2, 'min_weight_fraction_leaf': 0.0, 'monotonic_cst': None, 'n_estimators': 100, 'n_jobs': None, 'oob_score': False, 'random_state': 42, 'verbose': 0, 'warm_start': False}",5.379671812057495
Plant_oil,1,5,4,5,LinearSVC,HMM_GMM,0.5942857142857143,0.5833277331591888,"{'C': np.float64(10.0), 'class_weight': None, 'dual': False, 'fit_intercept': True, 'intercept_scaling': 1, 'loss': 'squared_hinge', 'max_iter': 100, 'multi_class': 'ovr', 'penalty': 'l2', 'random_state': 42, 'tol': 0.0001, 'verbose': 0}",0.5103988647460938
Plant_oil,1,5,4,5,LogisticRegression,HMM_GMM,0.7114285714285714,0.7045039819695988,"{'C': np.float64(100.0), 'class_weight': None, 'dual': False, 'fit_intercept': True, 'intercept_scaling': 1, 'l1_ratio': None, 'max_iter': 100, 'multi_class': 'deprecated', 'n_jobs': None, 'penalty': 'l2', 'random_state': 42, 'solver': 'lbfgs', 'tol': 0.0001, 'verbose': 0, 'warm_start': False}",1.9261746406555176
Plant_oil,1,5,4,5,RNN,HMM_GMM,0.43609022556390975,0.36322263543078737,"{'hidden_size': 64, 'epochs': 10, 'batch_size': 32, 'lr': 0.001}",1.7487990856170654
Plant_oil,1,5,4,10,KNN,HMM_GMM,0.7851127819548872,0.780885764899994,"{'algorithm': 'auto', 'leaf_size': 30, 'metric': 'euclidean', 'metric_params': None, 'n_jobs': None, 'n_neighbors': np.int64(3), 'p': 2, 'weights': 'uniform'}",0.7724030017852783
Plant_oil,1,5,4,10,RandomForest,HMM_GMM,0.7894736842105263,0.7851018218289126,"{'bootstrap': True, 'ccp_alpha': 0.0, 'class_weight': None, 'criterion': 'gini', 'max_depth': None, 'max_features': 'sqrt', 'max_leaf_nodes': None, 'max_samples': None, 'min_impurity_decrease': 0.0, 'min_samples_leaf': 1, 'min_samples_split': 2, 'min_weight_fraction_leaf': 0.0, 'monotonic_cst': None, 'n_estimators': 100, 'n_jobs': None, 'oob_score': False, 'random_state': 42, 'verbose': 0, 'warm_start': False}",8.127293586730957
Plant_oil,1,5,4,10,LinearSVC,HMM_GMM,0.5788721804511279,0.5653282352499049,"{'C': np.float64(10.0), 'class_weight': None, 'dual': False, 'fit_intercept': True, 'intercept_scaling': 1, 'loss': 'squared_hinge', 'max_iter': 100, 'multi_class': 'ovr', 'penalty': 'l2', 'random_state': 42, 'tol': 0.0001, 'verbose': 0}",1.0955793857574463
Plant_oil,1,5,4,10,LogisticRegression,HMM_GMM,0.6721052631578948,0.6622083704132944,"{'C': np.float64(100.0), 'class_weight': None, 'dual': False, 'fit_intercept': True, 'intercept_scaling': 1, 'l1_ratio': None, 'max_iter': 100, 'multi_class': 'deprecated', 'n_jobs': None, 'penalty': 'l2', 'random_state': 42, 'solver': 'lbfgs', 'tol': 0.0001, 'verbose': 0, 'warm_start': False}",3.926435708999634
Plant_oil,1,5,4,10,RNN,HMM_GMM,0.5263157894736842,0.48961505742098865,"{'hidden_size': 64, 'epochs': 10, 'batch_size': 32, 'lr': 0.001}",4.0009379386901855
Plant_oil,1,5,5,1,KNN,Baseline,0.7684210526315789,0.7586926815629735,"{'algorithm': 'auto', 'leaf_size': 30, 'metric': 'minkowski', 'metric_params': None, 'n_jobs': None, 'n_neighbors': 5, 'p': 2, 'weights': 'uniform'}",0.6031022071838379
Plant_oil,1,5,5,1,KNN,Tuned_Baseline,0.7690225563909775,0.7591428665059891,"{'algorithm': 'auto', 'leaf_size': 30, 'metric': 'minkowski', 'metric_params': None, 'n_jobs': None, 'n_neighbors': np.int64(8), 'p': 2, 'weights': 'distance'}",0.10574913024902344
Plant_oil,1,5,5,1,RandomForest,Baseline,0.7422556390977444,0.7289054714074885,"{'bootstrap': True, 'ccp_alpha': 0.0, 'class_weight': None, 'criterion': 'gini', 'max_depth': None, 'max_features': 'sqrt', 'max_leaf_nodes': None, 'max_samples': None, 'min_impurity_decrease': 0.0, 'min_samples_leaf': 1, 'min_samples_split': 2, 'min_weight_fraction_leaf': 0.0, 'monotonic_cst': None, 'n_estimators': 100, 'n_jobs': None, 'oob_score': False, 'random_state': 42, 'verbose': 0, 'warm_start': False}",2.150686025619507
Plant_oil,1,5,5,1,RandomForest,Tuned_Baseline,0.7422556390977444,0.7289054714074885,"{'bootstrap': True, 'ccp_alpha': 0.0, 'class_weight': None, 'criterion': 'gini', 'max_depth': None, 'max_features': 'sqrt', 'max_leaf_nodes': None, 'max_samples': None, 'min_impurity_decrease': 0.0, 'min_samples_leaf': 1, 'min_samples_split': 2, 'min_weight_fraction_leaf': 0.0, 'monotonic_cst': None, 'n_estimators': 100, 'n_jobs': None, 'oob_score': False, 'random_state': 42, 'verbose': 0, 'warm_start': False}",0.08375763893127441
Plant_oil,1,5,5,1,LinearSVC,Baseline,0.6957142857142857,0.6863776680331151,"{'C': 1.0, 'class_weight': None, 'dual': False, 'fit_intercept': True, 'intercept_scaling': 1, 'loss': 'squared_hinge', 'max_iter': 100, 'multi_class': 'ovr', 'penalty': 'l2', 'random_state': 42, 'tol': 0.0001, 'verbose': 0}",0.09841275215148926
Plant_oil,1,5,5,1,LinearSVC,Tuned_Baseline,0.6716541353383458,0.6588415803192766,"{'C': np.float64(100.0), 'class_weight': None, 'dual': False, 'fit_intercept': True, 'intercept_scaling': 1, 'loss': 'squared_hinge', 'max_iter': 100, 'multi_class': 'ovr', 'penalty': 'l1', 'random_state': 42, 'tol': 0.0001, 'verbose': 0}",0.0020105838775634766
Plant_oil,1,5,5,1,LogisticRegression,Baseline,0.7657894736842106,0.7538886718011006,"{'C': 1.0, 'class_weight': None, 'dual': False, 'fit_intercept': True, 'intercept_scaling': 1, 'l1_ratio': None, 'max_iter': 100, 'multi_class': 'deprecated', 'n_jobs': None, 'penalty': 'l2', 'random_state': 42, 'solver': 'lbfgs', 'tol': 0.0001, 'verbose': 0, 'warm_start': False}",0.4127793312072754
Plant_oil,1,5,5,1,LogisticRegression,Tuned_Baseline,0.7873684210526316,0.77438965202317,"{'C': np.float64(100.0), 'class_weight': None, 'dual': False, 'fit_intercept': True, 'intercept_scaling': 1, 'l1_ratio': None, 'max_iter': 100, 'multi_class': 'deprecated', 'n_jobs': None, 'penalty': 'l2', 'random_state': 42, 'solver': 'lbfgs', 'tol': 0.0001, 'verbose': 0, 'warm_start': False}",0.001975536346435547
Plant_oil,1,5,5,1,RNN,Baseline,0.20300751879699247,0.08478552329146556,"{'hidden_size': 64, 'epochs': 10, 'batch_size': 32, 'lr': 0.001}",0.3971567153930664
Plant_oil,1,5,5,1,RNN,Tuned_Baseline,0.20300751879699247,0.08478552329146556,"{'hidden_size': 64, 'epochs': 10, 'batch_size': 32, 'lr': 0.001}",0.006128549575805664
Plant_oil,1,5,5,2,KNN,Jittering,0.77,0.7602160521373031,"{'algorithm': 'auto', 'leaf_size': 30, 'metric': 'minkowski', 'metric_params': None, 'n_jobs': None, 'n_neighbors': np.int64(8), 'p': 2, 'weights': 'distance'}",0.14882445335388184
Plant_oil,1,5,5,2,RandomForest,Jittering,0.7642105263157895,0.7525980821473487,"{'bootstrap': True, 'ccp_alpha': 0.0, 'class_weight': None, 'criterion': 'gini', 'max_depth': None, 'max_features': 'sqrt', 'max_leaf_nodes': None, 'max_samples': None, 'min_impurity_decrease': 0.0, 'min_samples_leaf': 1, 'min_samples_split': 2, 'min_weight_fraction_leaf': 0.0, 'monotonic_cst': None, 'n_estimators': 100, 'n_jobs': None, 'oob_score': False, 'random_state': 42, 'verbose': 0, 'warm_start': False}",4.622906684875488
Plant_oil,1,5,5,2,LinearSVC,Jittering,0.67203007518797,0.6593129138024516,"{'C': np.float64(100.0), 'class_weight': None, 'dual': False, 'fit_intercept': True, 'intercept_scaling': 1, 'loss': 'squared_hinge', 'max_iter': 100, 'multi_class': 'ovr', 'penalty': 'l1', 'random_state': 42, 'tol': 0.0001, 'verbose': 0}",0.8045225143432617
Plant_oil,1,5,5,2,LogisticRegression,Jittering,0.7890977443609023,0.776914320716552,"{'C': np.float64(100.0), 'class_weight': None, 'dual': False, 'fit_intercept': True, 'intercept_scaling': 1, 'l1_ratio': None, 'max_iter': 100, 'multi_class': 'deprecated', 'n_jobs': None, 'penalty': 'l2', 'random_state': 42, 'solver': 'lbfgs', 'tol': 0.0001, 'verbose': 0, 'warm_start': False}",0.8174655437469482
Plant_oil,1,5,5,2,RNN,Jittering,0.3082706766917293,0.1905574106292592,"{'hidden_size': 64, 'epochs': 10, 'batch_size': 32, 'lr': 0.001}",0.784949779510498
Plant_oil,1,5,5,3,KNN,Jittering,0.7685714285714286,0.7590859521111558,"{'algorithm': 'auto', 'leaf_size': 30, 'metric': 'minkowski', 'metric_params': None, 'n_jobs': None, 'n_neighbors': np.int64(8), 'p': 2, 'weights': 'distance'}",0.16961383819580078
Plant_oil,1,5,5,3,RandomForest,Jittering,0.7660150375939849,0.7531797263201248,"{'bootstrap': True, 'ccp_alpha': 0.0, 'class_weight': None, 'criterion': 'gini', 'max_depth': None, 'max_features': 'sqrt', 'max_leaf_nodes': None, 'max_samples': None, 'min_impurity_decrease': 0.0, 'min_samples_leaf': 1, 'min_samples_split': 2, 'min_weight_fraction_leaf': 0.0, 'monotonic_cst': None, 'n_estimators': 100, 'n_jobs': None, 'oob_score': False, 'random_state': 42, 'verbose': 0, 'warm_start': False}",7.181700944900513
Plant_oil,1,5,5,3,LinearSVC,Jittering,0.6733082706766917,0.660562739810049,"{'C': np.float64(100.0), 'class_weight': None, 'dual': False, 'fit_intercept': True, 'intercept_scaling': 1, 'loss': 'squared_hinge', 'max_iter': 100, 'multi_class': 'ovr', 'penalty': 'l1', 'random_state': 42, 'tol': 0.0001, 'verbose': 0}",1.2523627281188965
Plant_oil,1,5,5,3,LogisticRegression,Jittering,0.7862406015037594,0.7736608973350585,"{'C': np.float64(100.0), 'class_weight': None, 'dual': False, 'fit_intercept': True, 'intercept_scaling': 1, 'l1_ratio': None, 'max_iter': 100, 'multi_class': 'deprecated', 'n_jobs': None, 'penalty': 'l2', 'random_state': 42, 'solver': 'lbfgs', 'tol': 0.0001, 'verbose': 0, 'warm_start': False}",1.1551964282989502
Plant_oil,1,5,5,3,RNN,Jittering,0.44360902255639095,0.3447051673164623,"{'hidden_size': 64, 'epochs': 10, 'batch_size': 32, 'lr': 0.001}",1.248872995376587
Plant_oil,1,5,5,5,KNN,Jittering,0.7705263157894737,0.7605834498241815,"{'algorithm': 'auto', 'leaf_size': 30, 'metric': 'minkowski', 'metric_params': None, 'n_jobs': None, 'n_neighbors': np.int64(8), 'p': 2, 'weights': 'distance'}",0.21566295623779297
Plant_oil,1,5,5,5,RandomForest,Jittering,0.7640601503759399,0.7524238557108167,"{'bootstrap': True, 'ccp_alpha': 0.0, 'class_weight': None, 'criterion': 'gini', 'max_depth': None, 'max_features': 'sqrt', 'max_leaf_nodes': None, 'max_samples': None, 'min_impurity_decrease': 0.0, 'min_samples_leaf': 1, 'min_samples_split': 2, 'min_weight_fraction_leaf': 0.0, 'monotonic_cst': None, 'n_estimators': 100, 'n_jobs': None, 'oob_score': False, 'random_state': 42, 'verbose': 0, 'warm_start': False}",12.779070138931274
Plant_oil,1,5,5,5,LinearSVC,Jittering,0.6734586466165413,0.6606720789185108,"{'C': np.float64(100.0), 'class_weight': None, 'dual': False, 'fit_intercept': True, 'intercept_scaling': 1, 'loss': 'squared_hinge', 'max_iter': 100, 'multi_class': 'ovr', 'penalty': 'l1', 'random_state': 42, 'tol': 0.0001, 'verbose': 0}",2.3113796710968018
Plant_oil,1,5,5,5,LogisticRegression,Jittering,0.7897744360902256,0.7765211256909071,"{'C': np.float64(100.0), 'class_weight': None, 'dual': False, 'fit_intercept': True, 'intercept_scaling': 1, 'l1_ratio': None, 'max_iter': 100, 'multi_class': 'deprecated', 'n_jobs': None, 'penalty': 'l2', 'random_state': 42, 'solver': 'lbfgs', 'tol': 0.0001, 'verbose': 0, 'warm_start': False}",1.8846673965454102
Plant_oil,1,5,5,5,RNN,Jittering,0.5639097744360902,0.512130757355375,"{'hidden_size': 64, 'epochs': 10, 'batch_size': 32, 'lr': 0.001}",1.860252857208252
Plant_oil,1,5,5,10,KNN,Jittering,0.7705263157894737,0.7609165507247327,"{'algorithm': 'auto', 'leaf_size': 30, 'metric': 'minkowski', 'metric_params': None, 'n_jobs': None, 'n_neighbors': np.int64(8), 'p': 2, 'weights': 'distance'}",0.31857824325561523
Plant_oil,1,5,5,10,RandomForest,Jittering,0.771203007518797,0.7596308689929457,"{'bootstrap': True, 'ccp_alpha': 0.0, 'class_weight': None, 'criterion': 'gini', 'max_depth': None, 'max_features': 'sqrt', 'max_leaf_nodes': None, 'max_samples': None, 'min_impurity_decrease': 0.0, 'min_samples_leaf': 1, 'min_samples_split': 2, 'min_weight_fraction_leaf': 0.0, 'monotonic_cst': None, 'n_estimators': 100, 'n_jobs': None, 'oob_score': False, 'random_state': 42, 'verbose': 0, 'warm_start': False}",27.549293518066406
Plant_oil,1,5,5,10,LinearSVC,Jittering,0.6742857142857143,0.6616819321312499,"{'C': np.float64(100.0), 'class_weight': None, 'dual': False, 'fit_intercept': True, 'intercept_scaling': 1, 'loss': 'squared_hinge', 'max_iter': 100, 'multi_class': 'ovr', 'penalty': 'l1', 'random_state': 42, 'tol': 0.0001, 'verbose': 0}",5.069451093673706
Plant_oil,1,5,5,10,LogisticRegression,Jittering,0.7870676691729324,0.7749315744556101,"{'C': np.float64(100.0), 'class_weight': None, 'dual': False, 'fit_intercept': True, 'intercept_scaling': 1, 'l1_ratio': None, 'max_iter': 100, 'multi_class': 'deprecated', 'n_jobs': None, 'penalty': 'l2', 'random_state': 42, 'solver': 'lbfgs', 'tol': 0.0001, 'verbose': 0, 'warm_start': False}",4.727053880691528
Plant_oil,1,5,5,10,RNN,Jittering,0.47368421052631576,0.4021065621684817,"{'hidden_size': 64, 'epochs': 10, 'batch_size': 32, 'lr': 0.001}",3.731889009475708
Plant_oil,1,5,5,2,KNN,Scaling,0.7642857142857142,0.7551414591856739,"{'algorithm': 'auto', 'leaf_size': 30, 'metric': 'minkowski', 'metric_params': None, 'n_jobs': None, 'n_neighbors': np.int64(8), 'p': 2, 'weights': 'distance'}",0.14741086959838867
Plant_oil,1,5,5,2,RandomForest,Scaling,0.7306015037593985,0.7156444441877764,"{'bootstrap': True, 'ccp_alpha': 0.0, 'class_weight': None, 'criterion': 'gini', 'max_depth': None, 'max_features': 'sqrt', 'max_leaf_nodes': None, 'max_samples': None, 'min_impurity_decrease': 0.0, 'min_samples_leaf': 1, 'min_samples_split': 2, 'min_weight_fraction_leaf': 0.0, 'monotonic_cst': None, 'n_estimators': 100, 'n_jobs': None, 'oob_score': False, 'random_state': 42, 'verbose': 0, 'warm_start': False}",4.4810380935668945
Plant_oil,1,5,5,2,LinearSVC,Scaling,0.6742857142857143,0.6622896952952029,"{'C': np.float64(100.0), 'class_weight': None, 'dual': False, 'fit_intercept': True, 'intercept_scaling': 1, 'loss': 'squared_hinge', 'max_iter': 100, 'multi_class': 'ovr', 'penalty': 'l1', 'random_state': 42, 'tol': 0.0001, 'verbose': 0}",0.7585742473602295
Plant_oil,1,5,5,2,LogisticRegression,Scaling,0.7500751879699248,0.7352464440656395,"{'C': np.float64(100.0), 'class_weight': None, 'dual': False, 'fit_intercept': True, 'intercept_scaling': 1, 'l1_ratio': None, 'max_iter': 100, 'multi_class': 'deprecated', 'n_jobs': None, 'penalty': 'l2', 'random_state': 42, 'solver': 'lbfgs', 'tol': 0.0001, 'verbose': 0, 'warm_start': False}",0.7872076034545898
Plant_oil,1,5,5,2,RNN,Scaling,0.3684210526315789,0.26461440990526863,"{'hidden_size': 64, 'epochs': 10, 'batch_size': 32, 'lr': 0.001}",0.7643082141876221
Plant_oil,1,5,5,3,KNN,Scaling,0.7565413533834586,0.7476930228503986,"{'algorithm': 'auto', 'leaf_size': 30, 'metric': 'minkowski', 'metric_params': None, 'n_jobs': None, 'n_neighbors': np.int64(8), 'p': 2, 'weights': 'distance'}",0.17326760292053223
Plant_oil,1,5,5,3,RandomForest,Scaling,0.7430075187969924,0.7287407081314555,"{'bootstrap': True, 'ccp_alpha': 0.0, 'class_weight': None, 'criterion': 'gini', 'max_depth': None, 'max_features': 'sqrt', 'max_leaf_nodes': None, 'max_samples': None, 'min_impurity_decrease': 0.0, 'min_samples_leaf': 1, 'min_samples_split': 2, 'min_weight_fraction_leaf': 0.0, 'monotonic_cst': None, 'n_estimators': 100, 'n_jobs': None, 'oob_score': False, 'random_state': 42, 'verbose': 0, 'warm_start': False}",6.984314203262329
Plant_oil,1,5,5,3,LinearSVC,Scaling,0.6835338345864662,0.6734374139005341,"{'C': np.float64(100.0), 'class_weight': None, 'dual': False, 'fit_intercept': True, 'intercept_scaling': 1, 'loss': 'squared_hinge', 'max_iter': 100, 'multi_class': 'ovr', 'penalty': 'l1', 'random_state': 42, 'tol': 0.0001, 'verbose': 0}",1.1546893119812012
Plant_oil,1,5,5,3,LogisticRegression,Scaling,0.7498496240601503,0.7391959362373521,"{'C': np.float64(100.0), 'class_weight': None, 'dual': False, 'fit_intercept': True, 'intercept_scaling': 1, 'l1_ratio': None, 'max_iter': 100, 'multi_class': 'deprecated', 'n_jobs': None, 'penalty': 'l2', 'random_state': 42, 'solver': 'lbfgs', 'tol': 0.0001, 'verbose': 0, 'warm_start': False}",1.21394681930542
Plant_oil,1,5,5,3,RNN,Scaling,0.43609022556390975,0.3246643493050814,"{'hidden_size': 64, 'epochs': 10, 'batch_size': 32, 'lr': 0.001}",1.1053564548492432
Plant_oil,1,5,5,5,KNN,Scaling,0.7669924812030076,0.7574149440406587,"{'algorithm': 'auto', 'leaf_size': 30, 'metric': 'minkowski', 'metric_params': None, 'n_jobs': None, 'n_neighbors': np.int64(8), 'p': 2, 'weights': 'distance'}",0.226454496383667
Plant_oil,1,5,5,5,RandomForest,Scaling,0.742406015037594,0.7283694949042483,"{'bootstrap': True, 'ccp_alpha': 0.0, 'class_weight': None, 'criterion': 'gini', 'max_depth': None, 'max_features': 'sqrt', 'max_leaf_nodes': None, 'max_samples': None, 'min_impurity_decrease': 0.0, 'min_samples_leaf': 1, 'min_samples_split': 2, 'min_weight_fraction_leaf': 0.0, 'monotonic_cst': None, 'n_estimators': 100, 'n_jobs': None, 'oob_score': False, 'random_state': 42, 'verbose': 0, 'warm_start': False}",12.480598211288452
Plant_oil,1,5,5,5,LinearSVC,Scaling,0.6739097744360902,0.6620195762172794,"{'C': np.float64(100.0), 'class_weight': None, 'dual': False, 'fit_intercept': True, 'intercept_scaling': 1, 'loss': 'squared_hinge', 'max_iter': 100, 'multi_class': 'ovr', 'penalty': 'l1', 'random_state': 42, 'tol': 0.0001, 'verbose': 0}",2.18310809135437
Plant_oil,1,5,5,5,LogisticRegression,Scaling,0.7474436090225564,0.734028163483391,"{'C': np.float64(100.0), 'class_weight': None, 'dual': False, 'fit_intercept': True, 'intercept_scaling': 1, 'l1_ratio': None, 'max_iter': 100, 'multi_class': 'deprecated', 'n_jobs': None, 'penalty': 'l2', 'random_state': 42, 'solver': 'lbfgs', 'tol': 0.0001, 'verbose': 0, 'warm_start': False}",2.084317207336426
Plant_oil,1,5,5,5,RNN,Scaling,0.5338345864661654,0.4419139724756708,"{'hidden_size': 64, 'epochs': 10, 'batch_size': 32, 'lr': 0.001}",1.8789260387420654
Plant_oil,1,5,5,10,KNN,Scaling,0.7657142857142857,0.7561493845150085,"{'algorithm': 'auto', 'leaf_size': 30, 'metric': 'minkowski', 'metric_params': None, 'n_jobs': None, 'n_neighbors': np.int64(8), 'p': 2, 'weights': 'distance'}",0.32938385009765625
Plant_oil,1,5,5,10,RandomForest,Scaling,0.7422556390977444,0.7270151455182984,"{'bootstrap': True, 'ccp_alpha': 0.0, 'class_weight': None, 'criterion': 'gini', 'max_depth': None, 'max_features': 'sqrt', 'max_leaf_nodes': None, 'max_samples': None, 'min_impurity_decrease': 0.0, 'min_samples_leaf': 1, 'min_samples_split': 2, 'min_weight_fraction_leaf': 0.0, 'monotonic_cst': None, 'n_estimators': 100, 'n_jobs': None, 'oob_score': False, 'random_state': 42, 'verbose': 0, 'warm_start': False}",28.89442276954651
Plant_oil,1,5,5,10,LinearSVC,Scaling,0.6719548872180451,0.6594808992290319,"{'C': np.float64(100.0), 'class_weight': None, 'dual': False, 'fit_intercept': True, 'intercept_scaling': 1, 'loss': 'squared_hinge', 'max_iter': 100, 'multi_class': 'ovr', 'penalty': 'l1', 'random_state': 42, 'tol': 0.0001, 'verbose': 0}",4.816535711288452
Plant_oil,1,5,5,10,LogisticRegression,Scaling,0.7581203007518797,0.7480421407310764,"{'C': np.float64(100.0), 'class_weight': None, 'dual': False, 'fit_intercept': True, 'intercept_scaling': 1, 'l1_ratio': None, 'max_iter': 100, 'multi_class': 'deprecated', 'n_jobs': None, 'penalty': 'l2', 'random_state': 42, 'solver': 'lbfgs', 'tol': 0.0001, 'verbose': 0, 'warm_start': False}",4.75964617729187
Plant_oil,1,5,5,10,RNN,Scaling,0.6390977443609023,0.5956748328088444,"{'hidden_size': 64, 'epochs': 10, 'batch_size': 32, 'lr': 0.001}",3.781808853149414
Plant_oil,1,5,5,2,KNN,Magnitude_Warping,0.7738345864661654,0.7653109651218262,"{'algorithm': 'auto', 'leaf_size': 30, 'metric': 'minkowski', 'metric_params': None, 'n_jobs': None, 'n_neighbors': np.int64(8), 'p': 2, 'weights': 'distance'}",0.15965509414672852
Plant_oil,1,5,5,2,RandomForest,Magnitude_Warping,0.7546616541353384,0.7422470539506822,"{'bootstrap': True, 'ccp_alpha': 0.0, 'class_weight': None, 'criterion': 'gini', 'max_depth': None, 'max_features': 'sqrt', 'max_leaf_nodes': None, 'max_samples': None, 'min_impurity_decrease': 0.0, 'min_samples_leaf': 1, 'min_samples_split': 2, 'min_weight_fraction_leaf': 0.0, 'monotonic_cst': None, 'n_estimators': 100, 'n_jobs': None, 'oob_score': False, 'random_state': 42, 'verbose': 0, 'warm_start': False}",4.736929178237915
Plant_oil,1,5,5,2,LinearSVC,Magnitude_Warping,0.6646616541353384,0.6479778175741926,"{'C': np.float64(100.0), 'class_weight': None, 'dual': False, 'fit_intercept': True, 'intercept_scaling': 1, 'loss': 'squared_hinge', 'max_iter': 100, 'multi_class': 'ovr', 'penalty': 'l1', 'random_state': 42, 'tol': 0.0001, 'verbose': 0}",0.7710092067718506
Plant_oil,1,5,5,2,LogisticRegression,Magnitude_Warping,0.7478195488721805,0.7360332080384916,"{'C': np.float64(100.0), 'class_weight': None, 'dual': False, 'fit_intercept': True, 'intercept_scaling': 1, 'l1_ratio': None, 'max_iter': 100, 'multi_class': 'deprecated', 'n_jobs': None, 'penalty': 'l2', 'random_state': 42, 'solver': 'lbfgs', 'tol': 0.0001, 'verbose': 0, 'warm_start': False}",0.796654224395752
Plant_oil,1,5,5,2,RNN,Magnitude_Warping,0.3609022556390977,0.3057343963226317,"{'hidden_size': 64, 'epochs': 10, 'batch_size': 32, 'lr': 0.001}",0.7546660900115967
Plant_oil,1,5,5,3,KNN,Magnitude_Warping,0.7598496240601503,0.7505692077733184,"{'algorithm': 'auto', 'leaf_size': 30, 'metric': 'minkowski', 'metric_params': None, 'n_jobs': None, 'n_neighbors': np.int64(8), 'p': 2, 'weights': 'distance'}",0.190704345703125
Plant_oil,1,5,5,3,RandomForest,Magnitude_Warping,0.7369172932330827,0.7241936877766072,"{'bootstrap': True, 'ccp_alpha': 0.0, 'class_weight': None, 'criterion': 'gini', 'max_depth': None, 'max_features': 'sqrt', 'max_leaf_nodes': None, 'max_samples': None, 'min_impurity_decrease': 0.0, 'min_samples_leaf': 1, 'min_samples_split': 2, 'min_weight_fraction_leaf': 0.0, 'monotonic_cst': None, 'n_estimators': 100, 'n_jobs': None, 'oob_score': False, 'random_state': 42, 'verbose': 0, 'warm_start': False}",7.527800798416138
Plant_oil,1,5,5,3,LinearSVC,Magnitude_Warping,0.6523308270676692,0.6356413191857773,"{'C': np.float64(100.0), 'class_weight': None, 'dual': False, 'fit_intercept': True, 'intercept_scaling': 1, 'loss': 'squared_hinge', 'max_iter': 100, 'multi_class': 'ovr', 'penalty': 'l1', 'random_state': 42, 'tol': 0.0001, 'verbose': 0}",1.1474926471710205
Plant_oil,1,5,5,3,LogisticRegression,Magnitude_Warping,0.7463157894736843,0.7337598562932672,"{'C': np.float64(100.0), 'class_weight': None, 'dual': False, 'fit_intercept': True, 'intercept_scaling': 1, 'l1_ratio': None, 'max_iter': 100, 'multi_class': 'deprecated', 'n_jobs': None, 'penalty': 'l2', 'random_state': 42, 'solver': 'lbfgs', 'tol': 0.0001, 'verbose': 0, 'warm_start': False}",1.1349565982818604
Plant_oil,1,5,5,3,RNN,Magnitude_Warping,0.48120300751879697,0.39644178684925707,"{'hidden_size': 64, 'epochs': 10, 'batch_size': 32, 'lr': 0.001}",1.0849542617797852
Plant_oil,1,5,5,5,KNN,Magnitude_Warping,0.7515037593984962,0.7408597882221536,"{'algorithm': 'auto', 'leaf_size': 30, 'metric': 'minkowski', 'metric_params': None, 'n_jobs': None, 'n_neighbors': np.int64(8), 'p': 2, 'weights': 'distance'}",0.24611377716064453
Plant_oil,1,5,5,5,RandomForest,Magnitude_Warping,0.7332330827067669,0.7211006166348144,"{'bootstrap': True, 'ccp_alpha': 0.0, 'class_weight': None, 'criterion': 'gini', 'max_depth': None, 'max_features': 'sqrt', 'max_leaf_nodes': None, 'max_samples': None, 'min_impurity_decrease': 0.0, 'min_samples_leaf': 1, 'min_samples_split': 2, 'min_weight_fraction_leaf': 0.0, 'monotonic_cst': None, 'n_estimators': 100, 'n_jobs': None, 'oob_score': False, 'random_state': 42, 'verbose': 0, 'warm_start': False}",13.684023380279541
Plant_oil,1,5,5,5,LinearSVC,Magnitude_Warping,0.6640601503759398,0.6464223989694232,"{'C': np.float64(100.0), 'class_weight': None, 'dual': False, 'fit_intercept': True, 'intercept_scaling': 1, 'loss': 'squared_hinge', 'max_iter': 100, 'multi_class': 'ovr', 'penalty': 'l1', 'random_state': 42, 'tol': 0.0001, 'verbose': 0}",2.158999443054199
Plant_oil,1,5,5,5,LogisticRegression,Magnitude_Warping,0.7364661654135338,0.7230539176083746,"{'C': np.float64(100.0), 'class_weight': None, 'dual': False, 'fit_intercept': True, 'intercept_scaling': 1, 'l1_ratio': None, 'max_iter': 100, 'multi_class': 'deprecated', 'n_jobs': None, 'penalty': 'l2', 'random_state': 42, 'solver': 'lbfgs', 'tol': 0.0001, 'verbose': 0, 'warm_start': False}",2.018977165222168
Plant_oil,1,5,5,5,RNN,Magnitude_Warping,0.5864661654135338,0.5179991124228653,"{'hidden_size': 64, 'epochs': 10, 'batch_size': 32, 'lr': 0.001}",1.9802706241607666
Plant_oil,1,5,5,10,KNN,Magnitude_Warping,0.7647368421052632,0.7552359822548128,"{'algorithm': 'auto', 'leaf_size': 30, 'metric': 'minkowski', 'metric_params': None, 'n_jobs': None, 'n_neighbors': np.int64(8), 'p': 2, 'weights': 'distance'}",0.35837578773498535
Plant_oil,1,5,5,10,RandomForest,Magnitude_Warping,0.7398496240601504,0.7275867015249294,"{'bootstrap': True, 'ccp_alpha': 0.0, 'class_weight': None, 'criterion': 'gini', 'max_depth': None, 'max_features': 'sqrt', 'max_leaf_nodes': None, 'max_samples': None, 'min_impurity_decrease': 0.0, 'min_samples_leaf': 1, 'min_samples_split': 2, 'min_weight_fraction_leaf': 0.0, 'monotonic_cst': None, 'n_estimators': 100, 'n_jobs': None, 'oob_score': False, 'random_state': 42, 'verbose': 0, 'warm_start': False}",30.8380708694458
Plant_oil,1,5,5,10,LinearSVC,Magnitude_Warping,0.6500751879699248,0.6316659142096629,"{'C': np.float64(100.0), 'class_weight': None, 'dual': False, 'fit_intercept': True, 'intercept_scaling': 1, 'loss': 'squared_hinge', 'max_iter': 100, 'multi_class': 'ovr', 'penalty': 'l1', 'random_state': 42, 'tol': 0.0001, 'verbose': 0}",4.986085653305054
Plant_oil,1,5,5,10,LogisticRegression,Magnitude_Warping,0.7374436090225563,0.7237557020037884,"{'C': np.float64(100.0), 'class_weight': None, 'dual': False, 'fit_intercept': True, 'intercept_scaling': 1, 'l1_ratio': None, 'max_iter': 100, 'multi_class': 'deprecated', 'n_jobs': None, 'penalty': 'l2', 'random_state': 42, 'solver': 'lbfgs', 'tol': 0.0001, 'verbose': 0, 'warm_start': False}",5.054493188858032
Plant_oil,1,5,5,10,RNN,Magnitude_Warping,0.5939849624060151,0.557316093068661,"{'hidden_size': 64, 'epochs': 10, 'batch_size': 32, 'lr': 0.001}",3.85329532623291
Plant_oil,1,5,5,2,KNN,Time_Warping,0.7543609022556391,0.7445762452818284,"{'algorithm': 'auto', 'leaf_size': 30, 'metric': 'minkowski', 'metric_params': None, 'n_jobs': None, 'n_neighbors': np.int64(8), 'p': 2, 'weights': 'distance'}",0.15752601623535156
Plant_oil,1,5,5,2,RandomForest,Time_Warping,0.7324812030075188,0.7213703175896179,"{'bootstrap': True, 'ccp_alpha': 0.0, 'class_weight': None, 'criterion': 'gini', 'max_depth': None, 'max_features': 'sqrt', 'max_leaf_nodes': None, 'max_samples': None, 'min_impurity_decrease': 0.0, 'min_samples_leaf': 1, 'min_samples_split': 2, 'min_weight_fraction_leaf': 0.0, 'monotonic_cst': None, 'n_estimators': 100, 'n_jobs': None, 'oob_score': False, 'random_state': 42, 'verbose': 0, 'warm_start': False}",4.394062280654907
Plant_oil,1,5,5,2,LinearSVC,Time_Warping,0.6802255639097744,0.6690600805897929,"{'C': np.float64(100.0), 'class_weight': None, 'dual': False, 'fit_intercept': True, 'intercept_scaling': 1, 'loss': 'squared_hinge', 'max_iter': 100, 'multi_class': 'ovr', 'penalty': 'l1', 'random_state': 42, 'tol': 0.0001, 'verbose': 0}",0.7636477947235107
Plant_oil,1,5,5,2,LogisticRegression,Time_Warping,0.7641353383458647,0.751629289149952,"{'C': np.float64(100.0), 'class_weight': None, 'dual': False, 'fit_intercept': True, 'intercept_scaling': 1, 'l1_ratio': None, 'max_iter': 100, 'multi_class': 'deprecated', 'n_jobs': None, 'penalty': 'l2', 'random_state': 42, 'solver': 'lbfgs', 'tol': 0.0001, 'verbose': 0, 'warm_start': False}",0.7707004547119141
Plant_oil,1,5,5,2,RNN,Time_Warping,0.2857142857142857,0.20856341581819515,"{'hidden_size': 64, 'epochs': 10, 'batch_size': 32, 'lr': 0.001}",0.8491895198822021
Plant_oil,1,5,5,3,KNN,Time_Warping,0.7554135338345864,0.7460603070757362,"{'algorithm': 'auto', 'leaf_size': 30, 'metric': 'minkowski', 'metric_params': None, 'n_jobs': None, 'n_neighbors': np.int64(8), 'p': 2, 'weights': 'distance'}",0.1821291446685791
Plant_oil,1,5,5,3,RandomForest,Time_Warping,0.7196240601503759,0.7050235947392279,"{'bootstrap': True, 'ccp_alpha': 0.0, 'class_weight': None, 'criterion': 'gini', 'max_depth': None, 'max_features': 'sqrt', 'max_leaf_nodes': None, 'max_samples': None, 'min_impurity_decrease': 0.0, 'min_samples_leaf': 1, 'min_samples_split': 2, 'min_weight_fraction_leaf': 0.0, 'monotonic_cst': None, 'n_estimators': 100, 'n_jobs': None, 'oob_score': False, 'random_state': 42, 'verbose': 0, 'warm_start': False}",6.975050926208496
Plant_oil,1,5,5,3,LinearSVC,Time_Warping,0.6649624060150376,0.6525927471558857,"{'C': np.float64(100.0), 'class_weight': None, 'dual': False, 'fit_intercept': True, 'intercept_scaling': 1, 'loss': 'squared_hinge', 'max_iter': 100, 'multi_class': 'ovr', 'penalty': 'l1', 'random_state': 42, 'tol': 0.0001, 'verbose': 0}",1.1738767623901367
Plant_oil,1,5,5,3,LogisticRegression,Time_Warping,0.7562406015037594,0.739991403392676,"{'C': np.float64(100.0), 'class_weight': None, 'dual': False, 'fit_intercept': True, 'intercept_scaling': 1, 'l1_ratio': None, 'max_iter': 100, 'multi_class': 'deprecated', 'n_jobs': None, 'penalty': 'l2', 'random_state': 42, 'solver': 'lbfgs', 'tol': 0.0001, 'verbose': 0, 'warm_start': False}",1.2096076011657715
Plant_oil,1,5,5,3,RNN,Time_Warping,0.39849624060150374,0.301439942926011,"{'hidden_size': 64, 'epochs': 10, 'batch_size': 32, 'lr': 0.001}",1.2061395645141602
Plant_oil,1,5,5,5,KNN,Time_Warping,0.7430827067669173,0.7353969677560068,"{'algorithm': 'auto', 'leaf_size': 30, 'metric': 'minkowski', 'metric_params': None, 'n_jobs': None, 'n_neighbors': np.int64(8), 'p': 2, 'weights': 'distance'}",0.24666285514831543
Plant_oil,1,5,5,5,RandomForest,Time_Warping,0.7082706766917293,0.6978315731206743,"{'bootstrap': True, 'ccp_alpha': 0.0, 'class_weight': None, 'criterion': 'gini', 'max_depth': None, 'max_features': 'sqrt', 'max_leaf_nodes': None, 'max_samples': None, 'min_impurity_decrease': 0.0, 'min_samples_leaf': 1, 'min_samples_split': 2, 'min_weight_fraction_leaf': 0.0, 'monotonic_cst': None, 'n_estimators': 100, 'n_jobs': None, 'oob_score': False, 'random_state': 42, 'verbose': 0, 'warm_start': False}",12.443878412246704
Plant_oil,1,5,5,5,LinearSVC,Time_Warping,0.6715037593984963,0.6583086146127616,"{'C': np.float64(100.0), 'class_weight': None, 'dual': False, 'fit_intercept': True, 'intercept_scaling': 1, 'loss': 'squared_hinge', 'max_iter': 100, 'multi_class': 'ovr', 'penalty': 'l1', 'random_state': 42, 'tol': 0.0001, 'verbose': 0}",2.1444780826568604
Plant_oil,1,5,5,5,LogisticRegression,Time_Warping,0.7523308270676692,0.7396320658993585,"{'C': np.float64(100.0), 'class_weight': None, 'dual': False, 'fit_intercept': True, 'intercept_scaling': 1, 'l1_ratio': None, 'max_iter': 100, 'multi_class': 'deprecated', 'n_jobs': None, 'penalty': 'l2', 'random_state': 42, 'solver': 'lbfgs', 'tol': 0.0001, 'verbose': 0, 'warm_start': False}",1.9858667850494385
Plant_oil,1,5,5,5,RNN,Time_Warping,0.3308270676691729,0.2207082266975834,"{'hidden_size': 64, 'epochs': 10, 'batch_size': 32, 'lr': 0.001}",1.8644347190856934
Plant_oil,1,5,5,10,KNN,Time_Warping,0.7406015037593985,0.7322941355699831,"{'algorithm': 'auto', 'leaf_size': 30, 'metric': 'minkowski', 'metric_params': None, 'n_jobs': None, 'n_neighbors': np.int64(8), 'p': 2, 'weights': 'distance'}",0.3583693504333496
Plant_oil,1,5,5,10,RandomForest,Time_Warping,0.6984962406015037,0.6874554041517889,"{'bootstrap': True, 'ccp_alpha': 0.0, 'class_weight': None, 'criterion': 'gini', 'max_depth': None, 'max_features': 'sqrt', 'max_leaf_nodes': None, 'max_samples': None, 'min_impurity_decrease': 0.0, 'min_samples_leaf': 1, 'min_samples_split': 2, 'min_weight_fraction_leaf': 0.0, 'monotonic_cst': None, 'n_estimators': 100, 'n_jobs': None, 'oob_score': False, 'random_state': 42, 'verbose': 0, 'warm_start': False}",28.856162548065186
Plant_oil,1,5,5,10,LinearSVC,Time_Warping,0.6628571428571428,0.649530442253957,"{'C': np.float64(100.0), 'class_weight': None, 'dual': False, 'fit_intercept': True, 'intercept_scaling': 1, 'loss': 'squared_hinge', 'max_iter': 100, 'multi_class': 'ovr', 'penalty': 'l1', 'random_state': 42, 'tol': 0.0001, 'verbose': 0}",4.973686456680298
Plant_oil,1,5,5,10,LogisticRegression,Time_Warping,0.7530075187969925,0.7397176610245326,"{'C': np.float64(100.0), 'class_weight': None, 'dual': False, 'fit_intercept': True, 'intercept_scaling': 1, 'l1_ratio': None, 'max_iter': 100, 'multi_class': 'deprecated', 'n_jobs': None, 'penalty': 'l2', 'random_state': 42, 'solver': 'lbfgs', 'tol': 0.0001, 'verbose': 0, 'warm_start': False}",4.746784925460815
Plant_oil,1,5,5,10,RNN,Time_Warping,0.5789473684210527,0.5437375206119316,"{'hidden_size': 64, 'epochs': 10, 'batch_size': 32, 'lr': 0.001}",3.7019991874694824
Plant_oil,1,5,5,2,KNN,SMOTE,0.7950375939849624,0.7854326223830461,"{'algorithm': 'auto', 'leaf_size': 30, 'metric': 'minkowski', 'metric_params': None, 'n_jobs': None, 'n_neighbors': np.int64(8), 'p': 2, 'weights': 'distance'}",0.13977766036987305
Plant_oil,1,5,5,2,RandomForest,SMOTE,0.7532330827067669,0.739739538287363,"{'bootstrap': True, 'ccp_alpha': 0.0, 'class_weight': None, 'criterion': 'gini', 'max_depth': None, 'max_features': 'sqrt', 'max_leaf_nodes': None, 'max_samples': None, 'min_impurity_decrease': 0.0, 'min_samples_leaf': 1, 'min_samples_split': 2, 'min_weight_fraction_leaf': 0.0, 'monotonic_cst': None, 'n_estimators': 100, 'n_jobs': None, 'oob_score': False, 'random_state': 42, 'verbose': 0, 'warm_start': False}",4.438835859298706
Plant_oil,1,5,5,2,LinearSVC,SMOTE,0.6704511278195489,0.6576328902800367,"{'C': np.float64(100.0), 'class_weight': None, 'dual': False, 'fit_intercept': True, 'intercept_scaling': 1, 'loss': 'squared_hinge', 'max_iter': 100, 'multi_class': 'ovr', 'penalty': 'l1', 'random_state': 42, 'tol': 0.0001, 'verbose': 0}",0.7507743835449219
Plant_oil,1,5,5,2,LogisticRegression,SMOTE,0.7929323308270677,0.7824855177690764,"{'C': np.float64(100.0), 'class_weight': None, 'dual': False, 'fit_intercept': True, 'intercept_scaling': 1, 'l1_ratio': None, 'max_iter': 100, 'multi_class': 'deprecated', 'n_jobs': None, 'penalty': 'l2', 'random_state': 42, 'solver': 'lbfgs', 'tol': 0.0001, 'verbose': 0, 'warm_start': False}",0.8058552742004395
Plant_oil,1,5,5,2,RNN,SMOTE,0.3684210526315789,0.24759655479298148,"{'hidden_size': 64, 'epochs': 10, 'batch_size': 32, 'lr': 0.001}",0.9084324836730957
Plant_oil,1,5,5,3,KNN,SMOTE,0.7933082706766917,0.7843861018991412,"{'algorithm': 'auto', 'leaf_size': 30, 'metric': 'minkowski', 'metric_params': None, 'n_jobs': None, 'n_neighbors': np.int64(8), 'p': 2, 'weights': 'distance'}",0.1573786735534668
Plant_oil,1,5,5,3,RandomForest,SMOTE,0.7524812030075188,0.7411641038218442,"{'bootstrap': True, 'ccp_alpha': 0.0, 'class_weight': None, 'criterion': 'gini', 'max_depth': None, 'max_features': 'sqrt', 'max_leaf_nodes': None, 'max_samples': None, 'min_impurity_decrease': 0.0, 'min_samples_leaf': 1, 'min_samples_split': 2, 'min_weight_fraction_leaf': 0.0, 'monotonic_cst': None, 'n_estimators': 100, 'n_jobs': None, 'oob_score': False, 'random_state': 42, 'verbose': 0, 'warm_start': False}",6.697892427444458
Plant_oil,1,5,5,3,LinearSVC,SMOTE,0.6708270676691729,0.6545060047587341,"{'C': np.float64(100.0), 'class_weight': None, 'dual': False, 'fit_intercept': True, 'intercept_scaling': 1, 'loss': 'squared_hinge', 'max_iter': 100, 'multi_class': 'ovr', 'penalty': 'l1', 'random_state': 42, 'tol': 0.0001, 'verbose': 0}",1.1462931632995605
Plant_oil,1,5,5,3,LogisticRegression,SMOTE,0.7757894736842105,0.7617134416620702,"{'C': np.float64(100.0), 'class_weight': None, 'dual': False, 'fit_intercept': True, 'intercept_scaling': 1, 'l1_ratio': None, 'max_iter': 100, 'multi_class': 'deprecated', 'n_jobs': None, 'penalty': 'l2', 'random_state': 42, 'solver': 'lbfgs', 'tol': 0.0001, 'verbose': 0, 'warm_start': False}",1.1720378398895264
Plant_oil,1,5,5,3,RNN,SMOTE,0.41353383458646614,0.3081782823868301,"{'hidden_size': 64, 'epochs': 10, 'batch_size': 32, 'lr': 0.001}",1.158177375793457
Plant_oil,1,5,5,5,KNN,SMOTE,0.8078947368421052,0.7982026660695747,"{'algorithm': 'auto', 'leaf_size': 30, 'metric': 'minkowski', 'metric_params': None, 'n_jobs': None, 'n_neighbors': np.int64(8), 'p': 2, 'weights': 'distance'}",0.19441485404968262
Plant_oil,1,5,5,5,RandomForest,SMOTE,0.771203007518797,0.7577761759761217,"{'bootstrap': True, 'ccp_alpha': 0.0, 'class_weight': None, 'criterion': 'gini', 'max_depth': None, 'max_features': 'sqrt', 'max_leaf_nodes': None, 'max_samples': None, 'min_impurity_decrease': 0.0, 'min_samples_leaf': 1, 'min_samples_split': 2, 'min_weight_fraction_leaf': 0.0, 'monotonic_cst': None, 'n_estimators': 100, 'n_jobs': None, 'oob_score': False, 'random_state': 42, 'verbose': 0, 'warm_start': False}",11.842428922653198
Plant_oil,1,5,5,5,LinearSVC,SMOTE,0.6768421052631579,0.6642255277411426,"{'C': np.float64(100.0), 'class_weight': None, 'dual': False, 'fit_intercept': True, 'intercept_scaling': 1, 'loss': 'squared_hinge', 'max_iter': 100, 'multi_class': 'ovr', 'penalty': 'l1', 'random_state': 42, 'tol': 0.0001, 'verbose': 0}",2.0738089084625244
Plant_oil,1,5,5,5,LogisticRegression,SMOTE,0.770827067669173,0.759807670439125,"{'C': np.float64(100.0), 'class_weight': None, 'dual': False, 'fit_intercept': True, 'intercept_scaling': 1, 'l1_ratio': None, 'max_iter': 100, 'multi_class': 'deprecated', 'n_jobs': None, 'penalty': 'l2', 'random_state': 42, 'solver': 'lbfgs', 'tol': 0.0001, 'verbose': 0, 'warm_start': False}",1.9217538833618164
Plant_oil,1,5,5,5,RNN,SMOTE,0.48872180451127817,0.4073591717762247,"{'hidden_size': 64, 'epochs': 10, 'batch_size': 32, 'lr': 0.001}",1.880721092224121
Plant_oil,1,5,5,10,KNN,SMOTE,0.8207518796992481,0.8114483497089874,"{'algorithm': 'auto', 'leaf_size': 30, 'metric': 'minkowski', 'metric_params': None, 'n_jobs': None, 'n_neighbors': np.int64(8), 'p': 2, 'weights': 'distance'}",0.28311848640441895
Plant_oil,1,5,5,10,RandomForest,SMOTE,0.7800751879699248,0.7676308278851494,"{'bootstrap': True, 'ccp_alpha': 0.0, 'class_weight': None, 'criterion': 'gini', 'max_depth': None, 'max_features': 'sqrt', 'max_leaf_nodes': None, 'max_samples': None, 'min_impurity_decrease': 0.0, 'min_samples_leaf': 1, 'min_samples_split': 2, 'min_weight_fraction_leaf': 0.0, 'monotonic_cst': None, 'n_estimators': 100, 'n_jobs': None, 'oob_score': False, 'random_state': 42, 'verbose': 0, 'warm_start': False}",26.104222536087036
Plant_oil,1,5,5,10,LinearSVC,SMOTE,0.6673684210526316,0.6549942920850328,"{'C': np.float64(100.0), 'class_weight': None, 'dual': False, 'fit_intercept': True, 'intercept_scaling': 1, 'loss': 'squared_hinge', 'max_iter': 100, 'multi_class': 'ovr', 'penalty': 'l1', 'random_state': 42, 'tol': 0.0001, 'verbose': 0}",4.555041790008545
Plant_oil,1,5,5,10,LogisticRegression,SMOTE,0.7744360902255639,0.7621013933384168,"{'C': np.float64(100.0), 'class_weight': None, 'dual': False, 'fit_intercept': True, 'intercept_scaling': 1, 'l1_ratio': None, 'max_iter': 100, 'multi_class': 'deprecated', 'n_jobs': None, 'penalty': 'l2', 'random_state': 42, 'solver': 'lbfgs', 'tol': 0.0001, 'verbose': 0, 'warm_start': False}",3.7020249366760254
Plant_oil,1,5,5,10,RNN,SMOTE,0.6165413533834586,0.569953458822947,"{'hidden_size': 64, 'epochs': 10, 'batch_size': 32, 'lr': 0.001}",3.7993907928466797
Plant_oil,1,5,5,2,KNN,Mixup,0.7704511278195488,0.7592560790239038,"{'algorithm': 'auto', 'leaf_size': 30, 'metric': 'minkowski', 'metric_params': None, 'n_jobs': None, 'n_neighbors': np.int64(8), 'p': 2, 'weights': 'distance'}",0.1394648551940918
Plant_oil,1,5,5,2,RandomForest,Mixup,0.7345112781954887,0.7197141232761806,"{'bootstrap': True, 'ccp_alpha': 0.0, 'class_weight': None, 'criterion': 'gini', 'max_depth': None, 'max_features': 'sqrt', 'max_leaf_nodes': None, 'max_samples': None, 'min_impurity_decrease': 0.0, 'min_samples_leaf': 1, 'min_samples_split': 2, 'min_weight_fraction_leaf': 0.0, 'monotonic_cst': None, 'n_estimators': 100, 'n_jobs': None, 'oob_score': False, 'random_state': 42, 'verbose': 0, 'warm_start': False}",4.084641695022583
Plant_oil,1,5,5,2,LinearSVC,Mixup,0.6800751879699248,0.6649867612317538,"{'C': np.float64(100.0), 'class_weight': None, 'dual': False, 'fit_intercept': True, 'intercept_scaling': 1, 'loss': 'squared_hinge', 'max_iter': 100, 'multi_class': 'ovr', 'penalty': 'l1', 'random_state': 42, 'tol': 0.0001, 'verbose': 0}",0.7528364658355713
Plant_oil,1,5,5,2,LogisticRegression,Mixup,0.7925563909774436,0.782157947788926,"{'C': np.float64(100.0), 'class_weight': None, 'dual': False, 'fit_intercept': True, 'intercept_scaling': 1, 'l1_ratio': None, 'max_iter': 100, 'multi_class': 'deprecated', 'n_jobs': None, 'penalty': 'l2', 'random_state': 42, 'solver': 'lbfgs', 'tol': 0.0001, 'verbose': 0, 'warm_start': False}",0.8377788066864014
Plant_oil,1,5,5,2,RNN,Mixup,0.2631578947368421,0.14239890531172,"{'hidden_size': 64, 'epochs': 10, 'batch_size': 32, 'lr': 0.001}",0.9167704582214355
Plant_oil,1,5,5,3,KNN,Mixup,0.783984962406015,0.7729516254742623,"{'algorithm': 'auto', 'leaf_size': 30, 'metric': 'minkowski', 'metric_params': None, 'n_jobs': None, 'n_neighbors': np.int64(8), 'p': 2, 'weights': 'distance'}",0.15923810005187988
Plant_oil,1,5,5,3,RandomForest,Mixup,0.753609022556391,0.7421412578084357,"{'bootstrap': True, 'ccp_alpha': 0.0, 'class_weight': None, 'criterion': 'gini', 'max_depth': None, 'max_features': 'sqrt', 'max_leaf_nodes': None, 'max_samples': None, 'min_impurity_decrease': 0.0, 'min_samples_leaf': 1, 'min_samples_split': 2, 'min_weight_fraction_leaf': 0.0, 'monotonic_cst': None, 'n_estimators': 100, 'n_jobs': None, 'oob_score': False, 'random_state': 42, 'verbose': 0, 'warm_start': False}",6.162346124649048
Plant_oil,1,5,5,3,LinearSVC,Mixup,0.6678947368421052,0.6564312890806069,"{'C': np.float64(100.0), 'class_weight': None, 'dual': False, 'fit_intercept': True, 'intercept_scaling': 1, 'loss': 'squared_hinge', 'max_iter': 100, 'multi_class': 'ovr', 'penalty': 'l1', 'random_state': 42, 'tol': 0.0001, 'verbose': 0}",1.156125545501709
Plant_oil,1,5,5,3,LogisticRegression,Mixup,0.7883458646616541,0.7781106105771186,"{'C': np.float64(100.0), 'class_weight': None, 'dual': False, 'fit_intercept': True, 'intercept_scaling': 1, 'l1_ratio': None, 'max_iter': 100, 'multi_class': 'deprecated', 'n_jobs': None, 'penalty': 'l2', 'random_state': 42, 'solver': 'lbfgs', 'tol': 0.0001, 'verbose': 0, 'warm_start': False}",1.1610705852508545
Plant_oil,1,5,5,3,RNN,Mixup,0.45864661654135336,0.34928353318603134,"{'hidden_size': 64, 'epochs': 10, 'batch_size': 32, 'lr': 0.001}",1.150846242904663
Plant_oil,1,5,5,5,KNN,Mixup,0.8015789473684211,0.7927499019790876,"{'algorithm': 'auto', 'leaf_size': 30, 'metric': 'minkowski', 'metric_params': None, 'n_jobs': None, 'n_neighbors': np.int64(8), 'p': 2, 'weights': 'distance'}",0.1969001293182373
Plant_oil,1,5,5,5,RandomForest,Mixup,0.7619548872180452,0.7502805095494292,"{'bootstrap': True, 'ccp_alpha': 0.0, 'class_weight': None, 'criterion': 'gini', 'max_depth': None, 'max_features': 'sqrt', 'max_leaf_nodes': None, 'max_samples': None, 'min_impurity_decrease': 0.0, 'min_samples_leaf': 1, 'min_samples_split': 2, 'min_weight_fraction_leaf': 0.0, 'monotonic_cst': None, 'n_estimators': 100, 'n_jobs': None, 'oob_score': False, 'random_state': 42, 'verbose': 0, 'warm_start': False}",10.197784900665283
Plant_oil,1,5,5,5,LinearSVC,Mixup,0.6661654135338346,0.6524205555293932,"{'C': np.float64(100.0), 'class_weight': None, 'dual': False, 'fit_intercept': True, 'intercept_scaling': 1, 'loss': 'squared_hinge', 'max_iter': 100, 'multi_class': 'ovr', 'penalty': 'l1', 'random_state': 42, 'tol': 0.0001, 'verbose': 0}",2.088207483291626
Plant_oil,1,5,5,5,LogisticRegression,Mixup,0.7726315789473684,0.7598561433490661,"{'C': np.float64(100.0), 'class_weight': None, 'dual': False, 'fit_intercept': True, 'intercept_scaling': 1, 'l1_ratio': None, 'max_iter': 100, 'multi_class': 'deprecated', 'n_jobs': None, 'penalty': 'l2', 'random_state': 42, 'solver': 'lbfgs', 'tol': 0.0001, 'verbose': 0, 'warm_start': False}",1.8491175174713135
Plant_oil,1,5,5,5,RNN,Mixup,0.45112781954887216,0.3483094845507624,"{'hidden_size': 64, 'epochs': 10, 'batch_size': 32, 'lr': 0.001}",1.8390278816223145
Plant_oil,1,5,5,10,KNN,Mixup,0.8112781954887218,0.8040285946266976,"{'algorithm': 'auto', 'leaf_size': 30, 'metric': 'minkowski', 'metric_params': None, 'n_jobs': None, 'n_neighbors': np.int64(8), 'p': 2, 'weights': 'distance'}",0.27913331985473633
Plant_oil,1,5,5,10,RandomForest,Mixup,0.7767669172932331,0.7652151125821619,"{'bootstrap': True, 'ccp_alpha': 0.0, 'class_weight': None, 'criterion': 'gini', 'max_depth': None, 'max_features': 'sqrt', 'max_leaf_nodes': None, 'max_samples': None, 'min_impurity_decrease': 0.0, 'min_samples_leaf': 1, 'min_samples_split': 2, 'min_weight_fraction_leaf': 0.0, 'monotonic_cst': None, 'n_estimators': 100, 'n_jobs': None, 'oob_score': False, 'random_state': 42, 'verbose': 0, 'warm_start': False}",22.227588653564453
Plant_oil,1,5,5,10,LinearSVC,Mixup,0.6649624060150376,0.6517036562158658,"{'C': np.float64(100.0), 'class_weight': None, 'dual': False, 'fit_intercept': True, 'intercept_scaling': 1, 'loss': 'squared_hinge', 'max_iter': 100, 'multi_class': 'ovr', 'penalty': 'l1', 'random_state': 42, 'tol': 0.0001, 'verbose': 0}",4.607704401016235
Plant_oil,1,5,5,10,LogisticRegression,Mixup,0.7812781954887218,0.7690366938526344,"{'C': np.float64(100.0), 'class_weight': None, 'dual': False, 'fit_intercept': True, 'intercept_scaling': 1, 'l1_ratio': None, 'max_iter': 100, 'multi_class': 'deprecated', 'n_jobs': None, 'penalty': 'l2', 'random_state': 42, 'solver': 'lbfgs', 'tol': 0.0001, 'verbose': 0, 'warm_start': False}",3.919679641723633
Plant_oil,1,5,5,10,RNN,Mixup,0.5714285714285714,0.5182578065775847,"{'hidden_size': 64, 'epochs': 10, 'batch_size': 32, 'lr': 0.001}",3.6154630184173584
Plant_oil,1,5,5,2,KNN,GMM,0.7662406015037594,0.7557363517118213,"{'algorithm': 'auto', 'leaf_size': 30, 'metric': 'minkowski', 'metric_params': None, 'n_jobs': None, 'n_neighbors': np.int64(8), 'p': 2, 'weights': 'distance'}",0.15847253799438477
Plant_oil,1,5,5,2,RandomForest,GMM,0.7242105263157895,0.7126677921565729,"{'bootstrap': True, 'ccp_alpha': 0.0, 'class_weight': None, 'criterion': 'gini', 'max_depth': None, 'max_features': 'sqrt', 'max_leaf_nodes': None, 'max_samples': None, 'min_impurity_decrease': 0.0, 'min_samples_leaf': 1, 'min_samples_split': 2, 'min_weight_fraction_leaf': 0.0, 'monotonic_cst': None, 'n_estimators': 100, 'n_jobs': None, 'oob_score': False, 'random_state': 42, 'verbose': 0, 'warm_start': False}",4.788321495056152
Plant_oil,1,5,5,2,LinearSVC,GMM,0.6806015037593985,0.6679634062177091,"{'C': np.float64(100.0), 'class_weight': None, 'dual': False, 'fit_intercept': True, 'intercept_scaling': 1, 'loss': 'squared_hinge', 'max_iter': 100, 'multi_class': 'ovr', 'penalty': 'l1', 'random_state': 42, 'tol': 0.0001, 'verbose': 0}",0.8740475177764893
Plant_oil,1,5,5,2,LogisticRegression,GMM,0.7733834586466165,0.763536392467172,"{'C': np.float64(100.0), 'class_weight': None, 'dual': False, 'fit_intercept': True, 'intercept_scaling': 1, 'l1_ratio': None, 'max_iter': 100, 'multi_class': 'deprecated', 'n_jobs': None, 'penalty': 'l2', 'random_state': 42, 'solver': 'lbfgs', 'tol': 0.0001, 'verbose': 0, 'warm_start': False}",0.8050942420959473
Plant_oil,1,5,5,2,RNN,GMM,0.40601503759398494,0.29928721871049085,"{'hidden_size': 64, 'epochs': 10, 'batch_size': 32, 'lr': 0.001}",0.7175359725952148
Plant_oil,1,5,5,3,KNN,GMM,0.7666165413533834,0.7559144484080873,"{'algorithm': 'auto', 'leaf_size': 30, 'metric': 'minkowski', 'metric_params': None, 'n_jobs': None, 'n_neighbors': np.int64(8), 'p': 2, 'weights': 'distance'}",0.18933916091918945
Plant_oil,1,5,5,3,RandomForest,GMM,0.7218796992481203,0.711223324435218,"{'bootstrap': True, 'ccp_alpha': 0.0, 'class_weight': None, 'criterion': 'gini', 'max_depth': None, 'max_features': 'sqrt', 'max_leaf_nodes': None, 'max_samples': None, 'min_impurity_decrease': 0.0, 'min_samples_leaf': 1, 'min_samples_split': 2, 'min_weight_fraction_leaf': 0.0, 'monotonic_cst': None, 'n_estimators': 100, 'n_jobs': None, 'oob_score': False, 'random_state': 42, 'verbose': 0, 'warm_start': False}",7.603567838668823
Plant_oil,1,5,5,3,LinearSVC,GMM,0.6697744360902256,0.6589268468710483,"{'C': np.float64(100.0), 'class_weight': None, 'dual': False, 'fit_intercept': True, 'intercept_scaling': 1, 'loss': 'squared_hinge', 'max_iter': 100, 'multi_class': 'ovr', 'penalty': 'l1', 'random_state': 42, 'tol': 0.0001, 'verbose': 0}",1.4358878135681152
Plant_oil,1,5,5,3,LogisticRegression,GMM,0.7590225563909775,0.7473460696589969,"{'C': np.float64(100.0), 'class_weight': None, 'dual': False, 'fit_intercept': True, 'intercept_scaling': 1, 'l1_ratio': None, 'max_iter': 100, 'multi_class': 'deprecated', 'n_jobs': None, 'penalty': 'l2', 'random_state': 42, 'solver': 'lbfgs', 'tol': 0.0001, 'verbose': 0, 'warm_start': False}",1.17952299118042
Plant_oil,1,5,5,3,RNN,GMM,0.38345864661654133,0.28996515821405233,"{'hidden_size': 64, 'epochs': 10, 'batch_size': 32, 'lr': 0.001}",1.1756947040557861
Plant_oil,1,5,5,5,KNN,GMM,0.7622556390977444,0.7508403521441516,"{'algorithm': 'auto', 'leaf_size': 30, 'metric': 'minkowski', 'metric_params': None, 'n_jobs': None, 'n_neighbors': np.int64(8), 'p': 2, 'weights': 'distance'}",0.25594210624694824
Plant_oil,1,5,5,5,RandomForest,GMM,0.7070676691729323,0.698300062702383,"{'bootstrap': True, 'ccp_alpha': 0.0, 'class_weight': None, 'criterion': 'gini', 'max_depth': None, 'max_features': 'sqrt', 'max_leaf_nodes': None, 'max_samples': None, 'min_impurity_decrease': 0.0, 'min_samples_leaf': 1, 'min_samples_split': 2, 'min_weight_fraction_leaf': 0.0, 'monotonic_cst': None, 'n_estimators': 100, 'n_jobs': None, 'oob_score': False, 'random_state': 42, 'verbose': 0, 'warm_start': False}",13.779462337493896
Plant_oil,1,5,5,5,LinearSVC,GMM,0.6734586466165413,0.6621841555017759,"{'C': np.float64(100.0), 'class_weight': None, 'dual': False, 'fit_intercept': True, 'intercept_scaling': 1, 'loss': 'squared_hinge', 'max_iter': 100, 'multi_class': 'ovr', 'penalty': 'l1', 'random_state': 42, 'tol': 0.0001, 'verbose': 0}",2.681917905807495
Plant_oil,1,5,5,5,LogisticRegression,GMM,0.7602255639097745,0.7491440774803069,"{'C': np.float64(100.0), 'class_weight': None, 'dual': False, 'fit_intercept': True, 'intercept_scaling': 1, 'l1_ratio': None, 'max_iter': 100, 'multi_class': 'deprecated', 'n_jobs': None, 'penalty': 'l2', 'random_state': 42, 'solver': 'lbfgs', 'tol': 0.0001, 'verbose': 0, 'warm_start': False}",1.9348344802856445
Plant_oil,1,5,5,5,RNN,GMM,0.5112781954887218,0.44869432989733743,"{'hidden_size': 64, 'epochs': 10, 'batch_size': 32, 'lr': 0.001}",1.9778757095336914
Plant_oil,1,5,5,10,KNN,GMM,0.76,0.7490392697164715,"{'algorithm': 'auto', 'leaf_size': 30, 'metric': 'minkowski', 'metric_params': None, 'n_jobs': None, 'n_neighbors': np.int64(8), 'p': 2, 'weights': 'distance'}",0.36873650550842285
Plant_oil,1,5,5,10,RandomForest,GMM,0.7059398496240602,0.6984908150962892,"{'bootstrap': True, 'ccp_alpha': 0.0, 'class_weight': None, 'criterion': 'gini', 'max_depth': None, 'max_features': 'sqrt', 'max_leaf_nodes': None, 'max_samples': None, 'min_impurity_decrease': 0.0, 'min_samples_leaf': 1, 'min_samples_split': 2, 'min_weight_fraction_leaf': 0.0, 'monotonic_cst': None, 'n_estimators': 100, 'n_jobs': None, 'oob_score': False, 'random_state': 42, 'verbose': 0, 'warm_start': False}",31.039953231811523
Plant_oil,1,5,5,10,LinearSVC,GMM,0.6745112781954887,0.6632440130320033,"{'C': np.float64(100.0), 'class_weight': None, 'dual': False, 'fit_intercept': True, 'intercept_scaling': 1, 'loss': 'squared_hinge', 'max_iter': 100, 'multi_class': 'ovr', 'penalty': 'l1', 'random_state': 42, 'tol': 0.0001, 'verbose': 0}",5.791205644607544
Plant_oil,1,5,5,10,LogisticRegression,GMM,0.7599248120300752,0.7494197492842817,"{'C': np.float64(100.0), 'class_weight': None, 'dual': False, 'fit_intercept': True, 'intercept_scaling': 1, 'l1_ratio': None, 'max_iter': 100, 'multi_class': 'deprecated', 'n_jobs': None, 'penalty': 'l2', 'random_state': 42, 'solver': 'lbfgs', 'tol': 0.0001, 'verbose': 0, 'warm_start': False}",4.65985894203186
Plant_oil,1,5,5,10,RNN,GMM,0.6466165413533834,0.611408565518298,"{'hidden_size': 64, 'epochs': 10, 'batch_size': 32, 'lr': 0.001}",4.11779522895813
Plant_oil,1,5,5,2,KNN,HMM_GMM,0.7567669172932331,0.7474485829028391,"{'algorithm': 'auto', 'leaf_size': 30, 'metric': 'minkowski', 'metric_params': None, 'n_jobs': None, 'n_neighbors': np.int64(8), 'p': 2, 'weights': 'distance'}",0.16086292266845703
Plant_oil,1,5,5,2,RandomForest,HMM_GMM,0.7454135338345864,0.7336160210674638,"{'bootstrap': True, 'ccp_alpha': 0.0, 'class_weight': None, 'criterion': 'gini', 'max_depth': None, 'max_features': 'sqrt', 'max_leaf_nodes': None, 'max_samples': None, 'min_impurity_decrease': 0.0, 'min_samples_leaf': 1, 'min_samples_split': 2, 'min_weight_fraction_leaf': 0.0, 'monotonic_cst': None, 'n_estimators': 100, 'n_jobs': None, 'oob_score': False, 'random_state': 42, 'verbose': 0, 'warm_start': False}",3.7496371269226074
Plant_oil,1,5,5,2,LinearSVC,HMM_GMM,0.6393984962406015,0.6246218562565101,"{'C': np.float64(100.0), 'class_weight': None, 'dual': False, 'fit_intercept': True, 'intercept_scaling': 1, 'loss': 'squared_hinge', 'max_iter': 100, 'multi_class': 'ovr', 'penalty': 'l1', 'random_state': 42, 'tol': 0.0001, 'verbose': 0}",0.784855842590332
Plant_oil,1,5,5,2,LogisticRegression,HMM_GMM,0.7244360902255639,0.7079560171476942,"{'C': np.float64(100.0), 'class_weight': None, 'dual': False, 'fit_intercept': True, 'intercept_scaling': 1, 'l1_ratio': None, 'max_iter': 100, 'multi_class': 'deprecated', 'n_jobs': None, 'penalty': 'l2', 'random_state': 42, 'solver': 'lbfgs', 'tol': 0.0001, 'verbose': 0, 'warm_start': False}",0.8147118091583252
Plant_oil,1,5,5,2,RNN,HMM_GMM,0.3383458646616541,0.22647003118562453,"{'hidden_size': 64, 'epochs': 10, 'batch_size': 32, 'lr': 0.001}",0.7904393672943115
Plant_oil,1,5,5,3,KNN,HMM_GMM,0.7575187969924813,0.7484367210852785,"{'algorithm': 'auto', 'leaf_size': 30, 'metric': 'minkowski', 'metric_params': None, 'n_jobs': None, 'n_neighbors': np.int64(8), 'p': 2, 'weights': 'distance'}",0.18005752563476562
Plant_oil,1,5,5,3,RandomForest,HMM_GMM,0.7434586466165414,0.7310216921118022,"{'bootstrap': True, 'ccp_alpha': 0.0, 'class_weight': None, 'criterion': 'gini', 'max_depth': None, 'max_features': 'sqrt', 'max_leaf_nodes': None, 'max_samples': None, 'min_impurity_decrease': 0.0, 'min_samples_leaf': 1, 'min_samples_split': 2, 'min_weight_fraction_leaf': 0.0, 'monotonic_cst': None, 'n_estimators': 100, 'n_jobs': None, 'oob_score': False, 'random_state': 42, 'verbose': 0, 'warm_start': False}",4.4079203605651855
Plant_oil,1,5,5,3,LinearSVC,HMM_GMM,0.6158646616541353,0.6022758615917055,"{'C': np.float64(100.0), 'class_weight': None, 'dual': False, 'fit_intercept': True, 'intercept_scaling': 1, 'loss': 'squared_hinge', 'max_iter': 100, 'multi_class': 'ovr', 'penalty': 'l1', 'random_state': 42, 'tol': 0.0001, 'verbose': 0}",1.1565861701965332
Plant_oil,1,5,5,3,LogisticRegression,HMM_GMM,0.6893233082706767,0.6773200905554612,"{'C': np.float64(100.0), 'class_weight': None, 'dual': False, 'fit_intercept': True, 'intercept_scaling': 1, 'l1_ratio': None, 'max_iter': 100, 'multi_class': 'deprecated', 'n_jobs': None, 'penalty': 'l2', 'random_state': 42, 'solver': 'lbfgs', 'tol': 0.0001, 'verbose': 0, 'warm_start': False}",1.1961989402770996
Plant_oil,1,5,5,3,RNN,HMM_GMM,0.3609022556390977,0.24477426494815166,"{'hidden_size': 64, 'epochs': 10, 'batch_size': 32, 'lr': 0.001}",1.1536972522735596
Plant_oil,1,5,5,5,KNN,HMM_GMM,0.7566165413533834,0.7473110509439543,"{'algorithm': 'auto', 'leaf_size': 30, 'metric': 'minkowski', 'metric_params': None, 'n_jobs': None, 'n_neighbors': np.int64(8), 'p': 2, 'weights': 'distance'}",0.2303001880645752
Plant_oil,1,5,5,5,RandomForest,HMM_GMM,0.7499248120300752,0.7381428737694862,"{'bootstrap': True, 'ccp_alpha': 0.0, 'class_weight': None, 'criterion': 'gini', 'max_depth': None, 'max_features': 'sqrt', 'max_leaf_nodes': None, 'max_samples': None, 'min_impurity_decrease': 0.0, 'min_samples_leaf': 1, 'min_samples_split': 2, 'min_weight_fraction_leaf': 0.0, 'monotonic_cst': None, 'n_estimators': 100, 'n_jobs': None, 'oob_score': False, 'random_state': 42, 'verbose': 0, 'warm_start': False}",5.5249269008636475
Plant_oil,1,5,5,5,LinearSVC,HMM_GMM,0.5989473684210527,0.5836131897083422,"{'C': np.float64(100.0), 'class_weight': None, 'dual': False, 'fit_intercept': True, 'intercept_scaling': 1, 'loss': 'squared_hinge', 'max_iter': 100, 'multi_class': 'ovr', 'penalty': 'l1', 'random_state': 42, 'tol': 0.0001, 'verbose': 0}",2.095309257507324
Plant_oil,1,5,5,5,LogisticRegression,HMM_GMM,0.6578947368421053,0.6457331026260832,"{'C': np.float64(100.0), 'class_weight': None, 'dual': False, 'fit_intercept': True, 'intercept_scaling': 1, 'l1_ratio': None, 'max_iter': 100, 'multi_class': 'deprecated', 'n_jobs': None, 'penalty': 'l2', 'random_state': 42, 'solver': 'lbfgs', 'tol': 0.0001, 'verbose': 0, 'warm_start': False}",1.9477989673614502
Plant_oil,1,5,5,5,RNN,HMM_GMM,0.47368421052631576,0.38798920029046424,"{'hidden_size': 64, 'epochs': 10, 'batch_size': 32, 'lr': 0.001}",1.7802824974060059
Plant_oil,1,5,5,10,KNN,HMM_GMM,0.757593984962406,0.748510746573383,"{'algorithm': 'auto', 'leaf_size': 30, 'metric': 'minkowski', 'metric_params': None, 'n_jobs': None, 'n_neighbors': np.int64(8), 'p': 2, 'weights': 'distance'}",0.332244873046875
Plant_oil,1,5,5,10,RandomForest,HMM_GMM,0.7564661654135338,0.7440579392711147,"{'bootstrap': True, 'ccp_alpha': 0.0, 'class_weight': None, 'criterion': 'gini', 'max_depth': None, 'max_features': 'sqrt', 'max_leaf_nodes': None, 'max_samples': None, 'min_impurity_decrease': 0.0, 'min_samples_leaf': 1, 'min_samples_split': 2, 'min_weight_fraction_leaf': 0.0, 'monotonic_cst': None, 'n_estimators': 100, 'n_jobs': None, 'oob_score': False, 'random_state': 42, 'verbose': 0, 'warm_start': False}",8.766947507858276
Plant_oil,1,5,5,10,LinearSVC,HMM_GMM,0.5840601503759398,0.5684684358379599,"{'C': np.float64(100.0), 'class_weight': None, 'dual': False, 'fit_intercept': True, 'intercept_scaling': 1, 'loss': 'squared_hinge', 'max_iter': 100, 'multi_class': 'ovr', 'penalty': 'l1', 'random_state': 42, 'tol': 0.0001, 'verbose': 0}",4.536873817443848
Plant_oil,1,5,5,10,LogisticRegression,HMM_GMM,0.6218796992481203,0.6127228160717011,"{'C': np.float64(100.0), 'class_weight': None, 'dual': False, 'fit_intercept': True, 'intercept_scaling': 1, 'l1_ratio': None, 'max_iter': 100, 'multi_class': 'deprecated', 'n_jobs': None, 'penalty': 'l2', 'random_state': 42, 'solver': 'lbfgs', 'tol': 0.0001, 'verbose': 0, 'warm_start': False}",3.949777126312256
Plant_oil,1,5,5,10,RNN,HMM_GMM,0.40601503759398494,0.3703082256089774,"{'hidden_size': 64, 'epochs': 10, 'batch_size': 32, 'lr': 0.001}",3.806725025177002
Plant_oil,1,5,6,1,KNN,Baseline,0.8233834586466166,0.8186725911960465,"{'algorithm': 'auto', 'leaf_size': 30, 'metric': 'minkowski', 'metric_params': None, 'n_jobs': None, 'n_neighbors': 5, 'p': 2, 'weights': 'uniform'}",0.605419397354126
Plant_oil,1,5,6,1,KNN,Tuned_Baseline,0.8213533834586466,0.816513300050037,"{'algorithm': 'auto', 'leaf_size': 30, 'metric': 'euclidean', 'metric_params': None, 'n_jobs': None, 'n_neighbors': np.int64(3), 'p': 2, 'weights': 'uniform'}",0.5884840488433838
Plant_oil,1,5,6,1,RandomForest,Baseline,0.7709774436090225,0.7562798753092996,"{'bootstrap': True, 'ccp_alpha': 0.0, 'class_weight': None, 'criterion': 'gini', 'max_depth': None, 'max_features': 'sqrt', 'max_leaf_nodes': None, 'max_samples': None, 'min_impurity_decrease': 0.0, 'min_samples_leaf': 1, 'min_samples_split': 2, 'min_weight_fraction_leaf': 0.0, 'monotonic_cst': None, 'n_estimators': 100, 'n_jobs': None, 'oob_score': False, 'random_state': 42, 'verbose': 0, 'warm_start': False}",2.2226853370666504
Plant_oil,1,5,6,1,RandomForest,Tuned_Baseline,0.7709774436090225,0.7562798753092996,"{'bootstrap': True, 'ccp_alpha': 0.0, 'class_weight': None, 'criterion': 'gini', 'max_depth': None, 'max_features': 'sqrt', 'max_leaf_nodes': None, 'max_samples': None, 'min_impurity_decrease': 0.0, 'min_samples_leaf': 1, 'min_samples_split': 2, 'min_weight_fraction_leaf': 0.0, 'monotonic_cst': None, 'n_estimators': 100, 'n_jobs': None, 'oob_score': False, 'random_state': 42, 'verbose': 0, 'warm_start': False}",0.08299446105957031
Plant_oil,1,5,6,1,LinearSVC,Baseline,0.7143609022556391,0.7019774469024678,"{'C': 1.0, 'class_weight': None, 'dual': False, 'fit_intercept': True, 'intercept_scaling': 1, 'loss': 'squared_hinge', 'max_iter': 100, 'multi_class': 'ovr', 'penalty': 'l2', 'random_state': 42, 'tol': 0.0001, 'verbose': 0}",0.10644769668579102
Plant_oil,1,5,6,1,LinearSVC,Tuned_Baseline,0.7057894736842105,0.6938956617609087,"{'C': np.float64(100.0), 'class_weight': None, 'dual': False, 'fit_intercept': True, 'intercept_scaling': 1, 'loss': 'squared_hinge', 'max_iter': 100, 'multi_class': 'ovr', 'penalty': 'l2', 'random_state': 42, 'tol': 0.0001, 'verbose': 0}",0.0019376277923583984
Plant_oil,1,5,6,1,LogisticRegression,Baseline,0.7775187969924812,0.77167468975652,"{'C': 1.0, 'class_weight': None, 'dual': False, 'fit_intercept': True, 'intercept_scaling': 1, 'l1_ratio': None, 'max_iter': 100, 'multi_class': 'deprecated', 'n_jobs': None, 'penalty': 'l2', 'random_state': 42, 'solver': 'lbfgs', 'tol': 0.0001, 'verbose': 0, 'warm_start': False}",0.4212806224822998
Plant_oil,1,5,6,1,LogisticRegression,Tuned_Baseline,0.7869172932330827,0.7839106486528513,"{'C': np.float64(100.0), 'class_weight': None, 'dual': False, 'fit_intercept': True, 'intercept_scaling': 1, 'l1_ratio': None, 'max_iter': 100, 'multi_class': 'deprecated', 'n_jobs': None, 'penalty': 'l2', 'random_state': 42, 'solver': 'lbfgs', 'tol': 0.0001, 'verbose': 0, 'warm_start': False}",0.0019381046295166016
Plant_oil,1,5,6,1,RNN,Baseline,0.24812030075187969,0.14089545195547631,"{'hidden_size': 64, 'epochs': 10, 'batch_size': 32, 'lr': 0.001}",0.3878493309020996
Plant_oil,1,5,6,1,RNN,Tuned_Baseline,0.24812030075187969,0.14089545195547631,"{'hidden_size': 64, 'epochs': 10, 'batch_size': 32, 'lr': 0.001}",0.006460428237915039
Plant_oil,1,5,6,2,KNN,Jittering,0.8357894736842105,0.8313269376946867,"{'algorithm': 'auto', 'leaf_size': 30, 'metric': 'euclidean', 'metric_params': None, 'n_jobs': None, 'n_neighbors': np.int64(3), 'p': 2, 'weights': 'uniform'}",0.6297605037689209
Plant_oil,1,5,6,2,RandomForest,Jittering,0.7998496240601504,0.7914808049775656,"{'bootstrap': True, 'ccp_alpha': 0.0, 'class_weight': None, 'criterion': 'gini', 'max_depth': None, 'max_features': 'sqrt', 'max_leaf_nodes': None, 'max_samples': None, 'min_impurity_decrease': 0.0, 'min_samples_leaf': 1, 'min_samples_split': 2, 'min_weight_fraction_leaf': 0.0, 'monotonic_cst': None, 'n_estimators': 100, 'n_jobs': None, 'oob_score': False, 'random_state': 42, 'verbose': 0, 'warm_start': False}",4.6484763622283936
Plant_oil,1,5,6,2,LinearSVC,Jittering,0.7181954887218045,0.7058978606107552,"{'C': np.float64(100.0), 'class_weight': None, 'dual': False, 'fit_intercept': True, 'intercept_scaling': 1, 'loss': 'squared_hinge', 'max_iter': 100, 'multi_class': 'ovr', 'penalty': 'l2', 'random_state': 42, 'tol': 0.0001, 'verbose': 0}",0.21147942543029785
Plant_oil,1,5,6,2,LogisticRegression,Jittering,0.7957142857142857,0.7911870732985261,"{'C': np.float64(100.0), 'class_weight': None, 'dual': False, 'fit_intercept': True, 'intercept_scaling': 1, 'l1_ratio': None, 'max_iter': 100, 'multi_class': 'deprecated', 'n_jobs': None, 'penalty': 'l2', 'random_state': 42, 'solver': 'lbfgs', 'tol': 0.0001, 'verbose': 0, 'warm_start': False}",0.7889182567596436
Plant_oil,1,5,6,2,RNN,Jittering,0.38345864661654133,0.2624576984900129,"{'hidden_size': 64, 'epochs': 10, 'batch_size': 32, 'lr': 0.001}",0.849663496017456
Plant_oil,1,5,6,3,KNN,Jittering,0.8297744360902256,0.8255983036962521,"{'algorithm': 'auto', 'leaf_size': 30, 'metric': 'euclidean', 'metric_params': None, 'n_jobs': None, 'n_neighbors': np.int64(3), 'p': 2, 'weights': 'uniform'}",0.6535217761993408
Plant_oil,1,5,6,3,RandomForest,Jittering,0.8049624060150375,0.7975989889526873,"{'bootstrap': True, 'ccp_alpha': 0.0, 'class_weight': None, 'criterion': 'gini', 'max_depth': None, 'max_features': 'sqrt', 'max_leaf_nodes': None, 'max_samples': None, 'min_impurity_decrease': 0.0, 'min_samples_leaf': 1, 'min_samples_split': 2, 'min_weight_fraction_leaf': 0.0, 'monotonic_cst': None, 'n_estimators': 100, 'n_jobs': None, 'oob_score': False, 'random_state': 42, 'verbose': 0, 'warm_start': False}",7.105409383773804
Plant_oil,1,5,6,3,LinearSVC,Jittering,0.7163157894736842,0.7033775745915799,"{'C': np.float64(100.0), 'class_weight': None, 'dual': False, 'fit_intercept': True, 'intercept_scaling': 1, 'loss': 'squared_hinge', 'max_iter': 100, 'multi_class': 'ovr', 'penalty': 'l2', 'random_state': 42, 'tol': 0.0001, 'verbose': 0}",0.3248622417449951
Plant_oil,1,5,6,3,LogisticRegression,Jittering,0.7942857142857143,0.7893939891864835,"{'C': np.float64(100.0), 'class_weight': None, 'dual': False, 'fit_intercept': True, 'intercept_scaling': 1, 'l1_ratio': None, 'max_iter': 100, 'multi_class': 'deprecated', 'n_jobs': None, 'penalty': 'l2', 'random_state': 42, 'solver': 'lbfgs', 'tol': 0.0001, 'verbose': 0, 'warm_start': False}",1.2683231830596924
Plant_oil,1,5,6,3,RNN,Jittering,0.40601503759398494,0.30387263574015516,"{'hidden_size': 64, 'epochs': 10, 'batch_size': 32, 'lr': 0.001}",1.2052233219146729
Plant_oil,1,5,6,5,KNN,Jittering,0.8297744360902256,0.8250918280541072,"{'algorithm': 'auto', 'leaf_size': 30, 'metric': 'euclidean', 'metric_params': None, 'n_jobs': None, 'n_neighbors': np.int64(3), 'p': 2, 'weights': 'uniform'}",0.6989789009094238
Plant_oil,1,5,6,5,RandomForest,Jittering,0.8087218045112782,0.8004398709627359,"{'bootstrap': True, 'ccp_alpha': 0.0, 'class_weight': None, 'criterion': 'gini', 'max_depth': None, 'max_features': 'sqrt', 'max_leaf_nodes': None, 'max_samples': None, 'min_impurity_decrease': 0.0, 'min_samples_leaf': 1, 'min_samples_split': 2, 'min_weight_fraction_leaf': 0.0, 'monotonic_cst': None, 'n_estimators': 100, 'n_jobs': None, 'oob_score': False, 'random_state': 42, 'verbose': 0, 'warm_start': False}",12.751002788543701
Plant_oil,1,5,6,5,LinearSVC,Jittering,0.7178947368421053,0.7043124996711264,"{'C': np.float64(100.0), 'class_weight': None, 'dual': False, 'fit_intercept': True, 'intercept_scaling': 1, 'loss': 'squared_hinge', 'max_iter': 100, 'multi_class': 'ovr', 'penalty': 'l2', 'random_state': 42, 'tol': 0.0001, 'verbose': 0}",0.5508613586425781
Plant_oil,1,5,6,5,LogisticRegression,Jittering,0.7984962406015037,0.7951455318798074,"{'C': np.float64(100.0), 'class_weight': None, 'dual': False, 'fit_intercept': True, 'intercept_scaling': 1, 'l1_ratio': None, 'max_iter': 100, 'multi_class': 'deprecated', 'n_jobs': None, 'penalty': 'l2', 'random_state': 42, 'solver': 'lbfgs', 'tol': 0.0001, 'verbose': 0, 'warm_start': False}",2.006669044494629
Plant_oil,1,5,6,5,RNN,Jittering,0.518796992481203,0.43958842924921804,"{'hidden_size': 64, 'epochs': 10, 'batch_size': 32, 'lr': 0.001}",1.7996573448181152
Plant_oil,1,5,6,10,KNN,Jittering,0.8259398496240602,0.8211147634385568,"{'algorithm': 'auto', 'leaf_size': 30, 'metric': 'euclidean', 'metric_params': None, 'n_jobs': None, 'n_neighbors': np.int64(3), 'p': 2, 'weights': 'uniform'}",0.7878265380859375
Plant_oil,1,5,6,10,RandomForest,Jittering,0.8157894736842105,0.8077738728158367,"{'bootstrap': True, 'ccp_alpha': 0.0, 'class_weight': None, 'criterion': 'gini', 'max_depth': None, 'max_features': 'sqrt', 'max_leaf_nodes': None, 'max_samples': None, 'min_impurity_decrease': 0.0, 'min_samples_leaf': 1, 'min_samples_split': 2, 'min_weight_fraction_leaf': 0.0, 'monotonic_cst': None, 'n_estimators': 100, 'n_jobs': None, 'oob_score': False, 'random_state': 42, 'verbose': 0, 'warm_start': False}",27.62023687362671
Plant_oil,1,5,6,10,LinearSVC,Jittering,0.7196992481203007,0.7055249135591453,"{'C': np.float64(100.0), 'class_weight': None, 'dual': False, 'fit_intercept': True, 'intercept_scaling': 1, 'loss': 'squared_hinge', 'max_iter': 100, 'multi_class': 'ovr', 'penalty': 'l2', 'random_state': 42, 'tol': 0.0001, 'verbose': 0}",1.1669626235961914
Plant_oil,1,5,6,10,LogisticRegression,Jittering,0.7946616541353383,0.7901359020358592,"{'C': np.float64(100.0), 'class_weight': None, 'dual': False, 'fit_intercept': True, 'intercept_scaling': 1, 'l1_ratio': None, 'max_iter': 100, 'multi_class': 'deprecated', 'n_jobs': None, 'penalty': 'l2', 'random_state': 42, 'solver': 'lbfgs', 'tol': 0.0001, 'verbose': 0, 'warm_start': False}",5.1759467124938965
Plant_oil,1,5,6,10,RNN,Jittering,0.6691729323308271,0.6360980216342306,"{'hidden_size': 64, 'epochs': 10, 'batch_size': 32, 'lr': 0.001}",3.8365323543548584
Plant_oil,1,5,6,2,KNN,Scaling,0.8250375939849625,0.820702973791283,"{'algorithm': 'auto', 'leaf_size': 30, 'metric': 'euclidean', 'metric_params': None, 'n_jobs': None, 'n_neighbors': np.int64(3), 'p': 2, 'weights': 'uniform'}",0.6337301731109619
Plant_oil,1,5,6,2,RandomForest,Scaling,0.7783458646616541,0.7636487066279707,"{'bootstrap': True, 'ccp_alpha': 0.0, 'class_weight': None, 'criterion': 'gini', 'max_depth': None, 'max_features': 'sqrt', 'max_leaf_nodes': None, 'max_samples': None, 'min_impurity_decrease': 0.0, 'min_samples_leaf': 1, 'min_samples_split': 2, 'min_weight_fraction_leaf': 0.0, 'monotonic_cst': None, 'n_estimators': 100, 'n_jobs': None, 'oob_score': False, 'random_state': 42, 'verbose': 0, 'warm_start': False}",4.572149038314819
Plant_oil,1,5,6,2,LinearSVC,Scaling,0.6751127819548872,0.6474844073471898,"{'C': np.float64(100.0), 'class_weight': None, 'dual': False, 'fit_intercept': True, 'intercept_scaling': 1, 'loss': 'squared_hinge', 'max_iter': 100, 'multi_class': 'ovr', 'penalty': 'l2', 'random_state': 42, 'tol': 0.0001, 'verbose': 0}",0.20692801475524902
Plant_oil,1,5,6,2,LogisticRegression,Scaling,0.7540601503759399,0.7480524096090158,"{'C': np.float64(100.0), 'class_weight': None, 'dual': False, 'fit_intercept': True, 'intercept_scaling': 1, 'l1_ratio': None, 'max_iter': 100, 'multi_class': 'deprecated', 'n_jobs': None, 'penalty': 'l2', 'random_state': 42, 'solver': 'lbfgs', 'tol': 0.0001, 'verbose': 0, 'warm_start': False}",0.8106775283813477
Plant_oil,1,5,6,2,RNN,Scaling,0.3533834586466165,0.23978259606300298,"{'hidden_size': 64, 'epochs': 10, 'batch_size': 32, 'lr': 0.001}",0.8355400562286377
Plant_oil,1,5,6,3,KNN,Scaling,0.8185714285714286,0.8134297519492897,"{'algorithm': 'auto', 'leaf_size': 30, 'metric': 'euclidean', 'metric_params': None, 'n_jobs': None, 'n_neighbors': np.int64(3), 'p': 2, 'weights': 'uniform'}",0.6447222232818604
Plant_oil,1,5,6,3,RandomForest,Scaling,0.7905263157894736,0.7770616400709681,"{'bootstrap': True, 'ccp_alpha': 0.0, 'class_weight': None, 'criterion': 'gini', 'max_depth': None, 'max_features': 'sqrt', 'max_leaf_nodes': None, 'max_samples': None, 'min_impurity_decrease': 0.0, 'min_samples_leaf': 1, 'min_samples_split': 2, 'min_weight_fraction_leaf': 0.0, 'monotonic_cst': None, 'n_estimators': 100, 'n_jobs': None, 'oob_score': False, 'random_state': 42, 'verbose': 0, 'warm_start': False}",7.057215929031372
Plant_oil,1,5,6,3,LinearSVC,Scaling,0.6917293233082706,0.6649833559055458,"{'C': np.float64(100.0), 'class_weight': None, 'dual': False, 'fit_intercept': True, 'intercept_scaling': 1, 'loss': 'squared_hinge', 'max_iter': 100, 'multi_class': 'ovr', 'penalty': 'l2', 'random_state': 42, 'tol': 0.0001, 'verbose': 0}",0.3063931465148926
Plant_oil,1,5,6,3,LogisticRegression,Scaling,0.7565413533834586,0.7521794278886459,"{'C': np.float64(100.0), 'class_weight': None, 'dual': False, 'fit_intercept': True, 'intercept_scaling': 1, 'l1_ratio': None, 'max_iter': 100, 'multi_class': 'deprecated', 'n_jobs': None, 'penalty': 'l2', 'random_state': 42, 'solver': 'lbfgs', 'tol': 0.0001, 'verbose': 0, 'warm_start': False}",1.187741994857788
Plant_oil,1,5,6,3,RNN,Scaling,0.45864661654135336,0.37284845192664273,"{'hidden_size': 64, 'epochs': 10, 'batch_size': 32, 'lr': 0.001}",1.131648063659668
Plant_oil,1,5,6,5,KNN,Scaling,0.8306766917293233,0.8261881022643401,"{'algorithm': 'auto', 'leaf_size': 30, 'metric': 'euclidean', 'metric_params': None, 'n_jobs': None, 'n_neighbors': np.int64(3), 'p': 2, 'weights': 'uniform'}",0.7001786231994629
Plant_oil,1,5,6,5,RandomForest,Scaling,0.7722556390977443,0.7613097317833587,"{'bootstrap': True, 'ccp_alpha': 0.0, 'class_weight': None, 'criterion': 'gini', 'max_depth': None, 'max_features': 'sqrt', 'max_leaf_nodes': None, 'max_samples': None, 'min_impurity_decrease': 0.0, 'min_samples_leaf': 1, 'min_samples_split': 2, 'min_weight_fraction_leaf': 0.0, 'monotonic_cst': None, 'n_estimators': 100, 'n_jobs': None, 'oob_score': False, 'random_state': 42, 'verbose': 0, 'warm_start': False}",13.058475494384766
Plant_oil,1,5,6,5,LinearSVC,Scaling,0.684812030075188,0.659122669685558,"{'C': np.float64(100.0), 'class_weight': None, 'dual': False, 'fit_intercept': True, 'intercept_scaling': 1, 'loss': 'squared_hinge', 'max_iter': 100, 'multi_class': 'ovr', 'penalty': 'l2', 'random_state': 42, 'tol': 0.0001, 'verbose': 0}",0.5242202281951904
Plant_oil,1,5,6,5,LogisticRegression,Scaling,0.7710526315789473,0.7634102014893902,"{'C': np.float64(100.0), 'class_weight': None, 'dual': False, 'fit_intercept': True, 'intercept_scaling': 1, 'l1_ratio': None, 'max_iter': 100, 'multi_class': 'deprecated', 'n_jobs': None, 'penalty': 'l2', 'random_state': 42, 'solver': 'lbfgs', 'tol': 0.0001, 'verbose': 0, 'warm_start': False}",1.963306188583374
Plant_oil,1,5,6,5,RNN,Scaling,0.518796992481203,0.4720639261365151,"{'hidden_size': 64, 'epochs': 10, 'batch_size': 32, 'lr': 0.001}",2.016108274459839
Plant_oil,1,5,6,10,KNN,Scaling,0.8318796992481203,0.8270573698465401,"{'algorithm': 'auto', 'leaf_size': 30, 'metric': 'euclidean', 'metric_params': None, 'n_jobs': None, 'n_neighbors': np.int64(3), 'p': 2, 'weights': 'uniform'}",0.7981765270233154
Plant_oil,1,5,6,10,RandomForest,Scaling,0.7895488721804511,0.7783284381248338,"{'bootstrap': True, 'ccp_alpha': 0.0, 'class_weight': None, 'criterion': 'gini', 'max_depth': None, 'max_features': 'sqrt', 'max_leaf_nodes': None, 'max_samples': None, 'min_impurity_decrease': 0.0, 'min_samples_leaf': 1, 'min_samples_split': 2, 'min_weight_fraction_leaf': 0.0, 'monotonic_cst': None, 'n_estimators': 100, 'n_jobs': None, 'oob_score': False, 'random_state': 42, 'verbose': 0, 'warm_start': False}",28.308502912521362
Plant_oil,1,5,6,10,LinearSVC,Scaling,0.6979699248120301,0.6741793061020149,"{'C': np.float64(100.0), 'class_weight': None, 'dual': False, 'fit_intercept': True, 'intercept_scaling': 1, 'loss': 'squared_hinge', 'max_iter': 100, 'multi_class': 'ovr', 'penalty': 'l2', 'random_state': 42, 'tol': 0.0001, 'verbose': 0}",1.122483491897583
Plant_oil,1,5,6,10,LogisticRegression,Scaling,0.7694736842105263,0.7647524503490886,"{'C': np.float64(100.0), 'class_weight': None, 'dual': False, 'fit_intercept': True, 'intercept_scaling': 1, 'l1_ratio': None, 'max_iter': 100, 'multi_class': 'deprecated', 'n_jobs': None, 'penalty': 'l2', 'random_state': 42, 'solver': 'lbfgs', 'tol': 0.0001, 'verbose': 0, 'warm_start': False}",4.819625616073608
Plant_oil,1,5,6,10,RNN,Scaling,0.49624060150375937,0.44388380498220315,"{'hidden_size': 64, 'epochs': 10, 'batch_size': 32, 'lr': 0.001}",3.9287915229797363
Plant_oil,1,5,6,2,KNN,Magnitude_Warping,0.816015037593985,0.811302939741029,"{'algorithm': 'auto', 'leaf_size': 30, 'metric': 'euclidean', 'metric_params': None, 'n_jobs': None, 'n_neighbors': np.int64(3), 'p': 2, 'weights': 'uniform'}",0.6392388343811035
Plant_oil,1,5,6,2,RandomForest,Magnitude_Warping,0.7846616541353384,0.7731136971465205,"{'bootstrap': True, 'ccp_alpha': 0.0, 'class_weight': None, 'criterion': 'gini', 'max_depth': None, 'max_features': 'sqrt', 'max_leaf_nodes': None, 'max_samples': None, 'min_impurity_decrease': 0.0, 'min_samples_leaf': 1, 'min_samples_split': 2, 'min_weight_fraction_leaf': 0.0, 'monotonic_cst': None, 'n_estimators': 100, 'n_jobs': None, 'oob_score': False, 'random_state': 42, 'verbose': 0, 'warm_start': False}",4.721918106079102
Plant_oil,1,5,6,2,LinearSVC,Magnitude_Warping,0.6564661654135339,0.61804244395521,"{'C': np.float64(100.0), 'class_weight': None, 'dual': False, 'fit_intercept': True, 'intercept_scaling': 1, 'loss': 'squared_hinge', 'max_iter': 100, 'multi_class': 'ovr', 'penalty': 'l2', 'random_state': 42, 'tol': 0.0001, 'verbose': 0}",0.1880950927734375
Plant_oil,1,5,6,2,LogisticRegression,Magnitude_Warping,0.7575187969924813,0.7523008203964595,"{'C': np.float64(100.0), 'class_weight': None, 'dual': False, 'fit_intercept': True, 'intercept_scaling': 1, 'l1_ratio': None, 'max_iter': 100, 'multi_class': 'deprecated', 'n_jobs': None, 'penalty': 'l2', 'random_state': 42, 'solver': 'lbfgs', 'tol': 0.0001, 'verbose': 0, 'warm_start': False}",0.7676277160644531
Plant_oil,1,5,6,2,RNN,Magnitude_Warping,0.22556390977443608,0.10679441166563226,"{'hidden_size': 64, 'epochs': 10, 'batch_size': 32, 'lr': 0.001}",0.7265605926513672
Plant_oil,1,5,6,3,KNN,Magnitude_Warping,0.8138345864661655,0.8106428088278067,"{'algorithm': 'auto', 'leaf_size': 30, 'metric': 'euclidean', 'metric_params': None, 'n_jobs': None, 'n_neighbors': np.int64(3), 'p': 2, 'weights': 'uniform'}",0.655963659286499
Plant_oil,1,5,6,3,RandomForest,Magnitude_Warping,0.7923308270676692,0.7816254090938953,"{'bootstrap': True, 'ccp_alpha': 0.0, 'class_weight': None, 'criterion': 'gini', 'max_depth': None, 'max_features': 'sqrt', 'max_leaf_nodes': None, 'max_samples': None, 'min_impurity_decrease': 0.0, 'min_samples_leaf': 1, 'min_samples_split': 2, 'min_weight_fraction_leaf': 0.0, 'monotonic_cst': None, 'n_estimators': 100, 'n_jobs': None, 'oob_score': False, 'random_state': 42, 'verbose': 0, 'warm_start': False}",7.3773486614227295
Plant_oil,1,5,6,3,LinearSVC,Magnitude_Warping,0.6538345864661654,0.615740617448273,"{'C': np.float64(100.0), 'class_weight': None, 'dual': False, 'fit_intercept': True, 'intercept_scaling': 1, 'loss': 'squared_hinge', 'max_iter': 100, 'multi_class': 'ovr', 'penalty': 'l2', 'random_state': 42, 'tol': 0.0001, 'verbose': 0}",0.27625370025634766
Plant_oil,1,5,6,3,LogisticRegression,Magnitude_Warping,0.7615037593984962,0.755668337290481,"{'C': np.float64(100.0), 'class_weight': None, 'dual': False, 'fit_intercept': True, 'intercept_scaling': 1, 'l1_ratio': None, 'max_iter': 100, 'multi_class': 'deprecated', 'n_jobs': None, 'penalty': 'l2', 'random_state': 42, 'solver': 'lbfgs', 'tol': 0.0001, 'verbose': 0, 'warm_start': False}",1.1512699127197266
Plant_oil,1,5,6,3,RNN,Magnitude_Warping,0.37593984962406013,0.29828227328227325,"{'hidden_size': 64, 'epochs': 10, 'batch_size': 32, 'lr': 0.001}",1.0508012771606445
Plant_oil,1,5,6,5,KNN,Magnitude_Warping,0.8158646616541353,0.8122893467200307,"{'algorithm': 'auto', 'leaf_size': 30, 'metric': 'euclidean', 'metric_params': None, 'n_jobs': None, 'n_neighbors': np.int64(3), 'p': 2, 'weights': 'uniform'}",0.7126951217651367
Plant_oil,1,5,6,5,RandomForest,Magnitude_Warping,0.781578947368421,0.7718041861418761,"{'bootstrap': True, 'ccp_alpha': 0.0, 'class_weight': None, 'criterion': 'gini', 'max_depth': None, 'max_features': 'sqrt', 'max_leaf_nodes': None, 'max_samples': None, 'min_impurity_decrease': 0.0, 'min_samples_leaf': 1, 'min_samples_split': 2, 'min_weight_fraction_leaf': 0.0, 'monotonic_cst': None, 'n_estimators': 100, 'n_jobs': None, 'oob_score': False, 'random_state': 42, 'verbose': 0, 'warm_start': False}",13.652551651000977
Plant_oil,1,5,6,5,LinearSVC,Magnitude_Warping,0.6644360902255639,0.6270180652733047,"{'C': np.float64(100.0), 'class_weight': None, 'dual': False, 'fit_intercept': True, 'intercept_scaling': 1, 'loss': 'squared_hinge', 'max_iter': 100, 'multi_class': 'ovr', 'penalty': 'l2', 'random_state': 42, 'tol': 0.0001, 'verbose': 0}",0.49814605712890625
Plant_oil,1,5,6,5,LogisticRegression,Magnitude_Warping,0.7604511278195488,0.7555791374514215,"{'C': np.float64(100.0), 'class_weight': None, 'dual': False, 'fit_intercept': True, 'intercept_scaling': 1, 'l1_ratio': None, 'max_iter': 100, 'multi_class': 'deprecated', 'n_jobs': None, 'penalty': 'l2', 'random_state': 42, 'solver': 'lbfgs', 'tol': 0.0001, 'verbose': 0, 'warm_start': False}",1.9986591339111328
Plant_oil,1,5,6,5,RNN,Magnitude_Warping,0.44360902255639095,0.3395491119282364,"{'hidden_size': 64, 'epochs': 10, 'batch_size': 32, 'lr': 0.001}",2.088700532913208
Plant_oil,1,5,6,10,KNN,Magnitude_Warping,0.7942105263157895,0.7900979047422452,"{'algorithm': 'auto', 'leaf_size': 30, 'metric': 'euclidean', 'metric_params': None, 'n_jobs': None, 'n_neighbors': np.int64(3), 'p': 2, 'weights': 'uniform'}",0.8019909858703613
Plant_oil,1,5,6,10,RandomForest,Magnitude_Warping,0.7727067669172932,0.7633626696161996,"{'bootstrap': True, 'ccp_alpha': 0.0, 'class_weight': None, 'criterion': 'gini', 'max_depth': None, 'max_features': 'sqrt', 'max_leaf_nodes': None, 'max_samples': None, 'min_impurity_decrease': 0.0, 'min_samples_leaf': 1, 'min_samples_split': 2, 'min_weight_fraction_leaf': 0.0, 'monotonic_cst': None, 'n_estimators': 100, 'n_jobs': None, 'oob_score': False, 'random_state': 42, 'verbose': 0, 'warm_start': False}",30.519229888916016
Plant_oil,1,5,6,10,LinearSVC,Magnitude_Warping,0.6449624060150376,0.6060096873837214,"{'C': np.float64(100.0), 'class_weight': None, 'dual': False, 'fit_intercept': True, 'intercept_scaling': 1, 'loss': 'squared_hinge', 'max_iter': 100, 'multi_class': 'ovr', 'penalty': 'l2', 'random_state': 42, 'tol': 0.0001, 'verbose': 0}",1.0838313102722168
Plant_oil,1,5,6,10,LogisticRegression,Magnitude_Warping,0.7528571428571429,0.7469128786292593,"{'C': np.float64(100.0), 'class_weight': None, 'dual': False, 'fit_intercept': True, 'intercept_scaling': 1, 'l1_ratio': None, 'max_iter': 100, 'multi_class': 'deprecated', 'n_jobs': None, 'penalty': 'l2', 'random_state': 42, 'solver': 'lbfgs', 'tol': 0.0001, 'verbose': 0, 'warm_start': False}",5.020449161529541
Plant_oil,1,5,6,10,RNN,Magnitude_Warping,0.6390977443609023,0.5796269706593182,"{'hidden_size': 64, 'epochs': 10, 'batch_size': 32, 'lr': 0.001}",3.6938424110412598
Plant_oil,1,5,6,2,KNN,Time_Warping,0.8229323308270676,0.8189187062383185,"{'algorithm': 'auto', 'leaf_size': 30, 'metric': 'euclidean', 'metric_params': None, 'n_jobs': None, 'n_neighbors': np.int64(3), 'p': 2, 'weights': 'uniform'}",0.6290831565856934
Plant_oil,1,5,6,2,RandomForest,Time_Warping,0.7566917293233083,0.7421292938630168,"{'bootstrap': True, 'ccp_alpha': 0.0, 'class_weight': None, 'criterion': 'gini', 'max_depth': None, 'max_features': 'sqrt', 'max_leaf_nodes': None, 'max_samples': None, 'min_impurity_decrease': 0.0, 'min_samples_leaf': 1, 'min_samples_split': 2, 'min_weight_fraction_leaf': 0.0, 'monotonic_cst': None, 'n_estimators': 100, 'n_jobs': None, 'oob_score': False, 'random_state': 42, 'verbose': 0, 'warm_start': False}",4.4380834102630615
Plant_oil,1,5,6,2,LinearSVC,Time_Warping,0.6784210526315789,0.6514999919078798,"{'C': np.float64(100.0), 'class_weight': None, 'dual': False, 'fit_intercept': True, 'intercept_scaling': 1, 'loss': 'squared_hinge', 'max_iter': 100, 'multi_class': 'ovr', 'penalty': 'l2', 'random_state': 42, 'tol': 0.0001, 'verbose': 0}",0.19999456405639648
Plant_oil,1,5,6,2,LogisticRegression,Time_Warping,0.7494736842105263,0.747242402090398,"{'C': np.float64(100.0), 'class_weight': None, 'dual': False, 'fit_intercept': True, 'intercept_scaling': 1, 'l1_ratio': None, 'max_iter': 100, 'multi_class': 'deprecated', 'n_jobs': None, 'penalty': 'l2', 'random_state': 42, 'solver': 'lbfgs', 'tol': 0.0001, 'verbose': 0, 'warm_start': False}",0.8076393604278564
Plant_oil,1,5,6,2,RNN,Time_Warping,0.3533834586466165,0.2505032561423539,"{'hidden_size': 64, 'epochs': 10, 'batch_size': 32, 'lr': 0.001}",0.7500731945037842
Plant_oil,1,5,6,3,KNN,Time_Warping,0.8165413533834587,0.8121155146791063,"{'algorithm': 'auto', 'leaf_size': 30, 'metric': 'euclidean', 'metric_params': None, 'n_jobs': None, 'n_neighbors': np.int64(3), 'p': 2, 'weights': 'uniform'}",0.6507432460784912
Plant_oil,1,5,6,3,RandomForest,Time_Warping,0.7451879699248121,0.7310640504805066,"{'bootstrap': True, 'ccp_alpha': 0.0, 'class_weight': None, 'criterion': 'gini', 'max_depth': None, 'max_features': 'sqrt', 'max_leaf_nodes': None, 'max_samples': None, 'min_impurity_decrease': 0.0, 'min_samples_leaf': 1, 'min_samples_split': 2, 'min_weight_fraction_leaf': 0.0, 'monotonic_cst': None, 'n_estimators': 100, 'n_jobs': None, 'oob_score': False, 'random_state': 42, 'verbose': 0, 'warm_start': False}",7.011383056640625
Plant_oil,1,5,6,3,LinearSVC,Time_Warping,0.6681954887218046,0.6389113827314205,"{'C': np.float64(100.0), 'class_weight': None, 'dual': False, 'fit_intercept': True, 'intercept_scaling': 1, 'loss': 'squared_hinge', 'max_iter': 100, 'multi_class': 'ovr', 'penalty': 'l2', 'random_state': 42, 'tol': 0.0001, 'verbose': 0}",0.29992222785949707
Plant_oil,1,5,6,3,LogisticRegression,Time_Warping,0.7321804511278196,0.7297152928284801,"{'C': np.float64(100.0), 'class_weight': None, 'dual': False, 'fit_intercept': True, 'intercept_scaling': 1, 'l1_ratio': None, 'max_iter': 100, 'multi_class': 'deprecated', 'n_jobs': None, 'penalty': 'l2', 'random_state': 42, 'solver': 'lbfgs', 'tol': 0.0001, 'verbose': 0, 'warm_start': False}",1.1796996593475342
Plant_oil,1,5,6,3,RNN,Time_Warping,0.38345864661654133,0.2655221202312615,"{'hidden_size': 64, 'epochs': 10, 'batch_size': 32, 'lr': 0.001}",1.17474365234375
Plant_oil,1,5,6,5,KNN,Time_Warping,0.8112781954887218,0.8056778745384982,"{'algorithm': 'auto', 'leaf_size': 30, 'metric': 'euclidean', 'metric_params': None, 'n_jobs': None, 'n_neighbors': np.int64(3), 'p': 2, 'weights': 'uniform'}",0.697584867477417
Plant_oil,1,5,6,5,RandomForest,Time_Warping,0.7437593984962406,0.7309827340140923,"{'bootstrap': True, 'ccp_alpha': 0.0, 'class_weight': None, 'criterion': 'gini', 'max_depth': None, 'max_features': 'sqrt', 'max_leaf_nodes': None, 'max_samples': None, 'min_impurity_decrease': 0.0, 'min_samples_leaf': 1, 'min_samples_split': 2, 'min_weight_fraction_leaf': 0.0, 'monotonic_cst': None, 'n_estimators': 100, 'n_jobs': None, 'oob_score': False, 'random_state': 42, 'verbose': 0, 'warm_start': False}",12.596263647079468
Plant_oil,1,5,6,5,LinearSVC,Time_Warping,0.6507518796992481,0.6268775468216365,"{'C': np.float64(100.0), 'class_weight': None, 'dual': False, 'fit_intercept': True, 'intercept_scaling': 1, 'loss': 'squared_hinge', 'max_iter': 100, 'multi_class': 'ovr', 'penalty': 'l2', 'random_state': 42, 'tol': 0.0001, 'verbose': 0}",0.48961758613586426
Plant_oil,1,5,6,5,LogisticRegression,Time_Warping,0.7333834586466166,0.731677525037292,"{'C': np.float64(100.0), 'class_weight': None, 'dual': False, 'fit_intercept': True, 'intercept_scaling': 1, 'l1_ratio': None, 'max_iter': 100, 'multi_class': 'deprecated', 'n_jobs': None, 'penalty': 'l2', 'random_state': 42, 'solver': 'lbfgs', 'tol': 0.0001, 'verbose': 0, 'warm_start': False}",2.1025803089141846
Plant_oil,1,5,6,5,RNN,Time_Warping,0.38345864661654133,0.3076090523076864,"{'hidden_size': 64, 'epochs': 10, 'batch_size': 32, 'lr': 0.001}",1.962470531463623
Plant_oil,1,5,6,10,KNN,Time_Warping,0.8051127819548872,0.8008009352629598,"{'algorithm': 'auto', 'leaf_size': 30, 'metric': 'euclidean', 'metric_params': None, 'n_jobs': None, 'n_neighbors': np.int64(3), 'p': 2, 'weights': 'uniform'}",0.8135032653808594
Plant_oil,1,5,6,10,RandomForest,Time_Warping,0.7378947368421053,0.7254229616696042,"{'bootstrap': True, 'ccp_alpha': 0.0, 'class_weight': None, 'criterion': 'gini', 'max_depth': None, 'max_features': 'sqrt', 'max_leaf_nodes': None, 'max_samples': None, 'min_impurity_decrease': 0.0, 'min_samples_leaf': 1, 'min_samples_split': 2, 'min_weight_fraction_leaf': 0.0, 'monotonic_cst': None, 'n_estimators': 100, 'n_jobs': None, 'oob_score': False, 'random_state': 42, 'verbose': 0, 'warm_start': False}",27.189687252044678
Plant_oil,1,5,6,10,LinearSVC,Time_Warping,0.6472180451127819,0.6225898414332383,"{'C': np.float64(100.0), 'class_weight': None, 'dual': False, 'fit_intercept': True, 'intercept_scaling': 1, 'loss': 'squared_hinge', 'max_iter': 100, 'multi_class': 'ovr', 'penalty': 'l2', 'random_state': 42, 'tol': 0.0001, 'verbose': 0}",1.214676856994629
Plant_oil,1,5,6,10,LogisticRegression,Time_Warping,0.7351879699248121,0.7322458675801079,"{'C': np.float64(100.0), 'class_weight': None, 'dual': False, 'fit_intercept': True, 'intercept_scaling': 1, 'l1_ratio': None, 'max_iter': 100, 'multi_class': 'deprecated', 'n_jobs': None, 'penalty': 'l2', 'random_state': 42, 'solver': 'lbfgs', 'tol': 0.0001, 'verbose': 0, 'warm_start': False}",5.160640478134155
Plant_oil,1,5,6,10,RNN,Time_Warping,0.48120300751879697,0.40494777742638777,"{'hidden_size': 64, 'epochs': 10, 'batch_size': 32, 'lr': 0.001}",4.178476810455322
Plant_oil,1,5,6,2,KNN,SMOTE,0.8358646616541353,0.8322194217543839,"{'algorithm': 'auto', 'leaf_size': 30, 'metric': 'euclidean', 'metric_params': None, 'n_jobs': None, 'n_neighbors': np.int64(3), 'p': 2, 'weights': 'uniform'}",0.6235816478729248
Plant_oil,1,5,6,2,RandomForest,SMOTE,0.7586466165413533,0.7499350617547331,"{'bootstrap': True, 'ccp_alpha': 0.0, 'class_weight': None, 'criterion': 'gini', 'max_depth': None, 'max_features': 'sqrt', 'max_leaf_nodes': None, 'max_samples': None, 'min_impurity_decrease': 0.0, 'min_samples_leaf': 1, 'min_samples_split': 2, 'min_weight_fraction_leaf': 0.0, 'monotonic_cst': None, 'n_estimators': 100, 'n_jobs': None, 'oob_score': False, 'random_state': 42, 'verbose': 0, 'warm_start': False}",4.763070583343506
Plant_oil,1,5,6,2,LinearSVC,SMOTE,0.6903007518796993,0.6797759374742259,"{'C': np.float64(100.0), 'class_weight': None, 'dual': False, 'fit_intercept': True, 'intercept_scaling': 1, 'loss': 'squared_hinge', 'max_iter': 100, 'multi_class': 'ovr', 'penalty': 'l2', 'random_state': 42, 'tol': 0.0001, 'verbose': 0}",0.21795868873596191
Plant_oil,1,5,6,2,LogisticRegression,SMOTE,0.7630075187969925,0.7580289234245853,"{'C': np.float64(100.0), 'class_weight': None, 'dual': False, 'fit_intercept': True, 'intercept_scaling': 1, 'l1_ratio': None, 'max_iter': 100, 'multi_class': 'deprecated', 'n_jobs': None, 'penalty': 'l2', 'random_state': 42, 'solver': 'lbfgs', 'tol': 0.0001, 'verbose': 0, 'warm_start': False}",0.7515263557434082
Plant_oil,1,5,6,2,RNN,SMOTE,0.45864661654135336,0.3524131195869525,"{'hidden_size': 64, 'epochs': 10, 'batch_size': 32, 'lr': 0.001}",0.7316105365753174
Plant_oil,1,5,6,3,KNN,SMOTE,0.8380451127819549,0.8350579803694811,"{'algorithm': 'auto', 'leaf_size': 30, 'metric': 'euclidean', 'metric_params': None, 'n_jobs': None, 'n_neighbors': np.int64(3), 'p': 2, 'weights': 'uniform'}",0.6369452476501465
Plant_oil,1,5,6,3,RandomForest,SMOTE,0.7741353383458647,0.7622253029724116,"{'bootstrap': True, 'ccp_alpha': 0.0, 'class_weight': None, 'criterion': 'gini', 'max_depth': None, 'max_features': 'sqrt', 'max_leaf_nodes': None, 'max_samples': None, 'min_impurity_decrease': 0.0, 'min_samples_leaf': 1, 'min_samples_split': 2, 'min_weight_fraction_leaf': 0.0, 'monotonic_cst': None, 'n_estimators': 100, 'n_jobs': None, 'oob_score': False, 'random_state': 42, 'verbose': 0, 'warm_start': False}",6.802756309509277
Plant_oil,1,5,6,3,LinearSVC,SMOTE,0.6847368421052632,0.6715941626047701,"{'C': np.float64(100.0), 'class_weight': None, 'dual': False, 'fit_intercept': True, 'intercept_scaling': 1, 'loss': 'squared_hinge', 'max_iter': 100, 'multi_class': 'ovr', 'penalty': 'l2', 'random_state': 42, 'tol': 0.0001, 'verbose': 0}",0.3134286403656006
Plant_oil,1,5,6,3,LogisticRegression,SMOTE,0.7781203007518797,0.7740327851242912,"{'C': np.float64(100.0), 'class_weight': None, 'dual': False, 'fit_intercept': True, 'intercept_scaling': 1, 'l1_ratio': None, 'max_iter': 100, 'multi_class': 'deprecated', 'n_jobs': None, 'penalty': 'l2', 'random_state': 42, 'solver': 'lbfgs', 'tol': 0.0001, 'verbose': 0, 'warm_start': False}",1.1429078578948975
Plant_oil,1,5,6,3,RNN,SMOTE,0.3308270676691729,0.22024049894557365,"{'hidden_size': 64, 'epochs': 10, 'batch_size': 32, 'lr': 0.001}",1.1167309284210205
Plant_oil,1,5,6,5,KNN,SMOTE,0.8409774436090226,0.8375684709503664,"{'algorithm': 'auto', 'leaf_size': 30, 'metric': 'euclidean', 'metric_params': None, 'n_jobs': None, 'n_neighbors': np.int64(3), 'p': 2, 'weights': 'uniform'}",0.6721286773681641
Plant_oil,1,5,6,5,RandomForest,SMOTE,0.7798496240601503,0.7664121474375363,"{'bootstrap': True, 'ccp_alpha': 0.0, 'class_weight': None, 'criterion': 'gini', 'max_depth': None, 'max_features': 'sqrt', 'max_leaf_nodes': None, 'max_samples': None, 'min_impurity_decrease': 0.0, 'min_samples_leaf': 1, 'min_samples_split': 2, 'min_weight_fraction_leaf': 0.0, 'monotonic_cst': None, 'n_estimators': 100, 'n_jobs': None, 'oob_score': False, 'random_state': 42, 'verbose': 0, 'warm_start': False}",12.654068946838379
Plant_oil,1,5,6,5,LinearSVC,SMOTE,0.7024812030075188,0.6917435123224419,"{'C': np.float64(100.0), 'class_weight': None, 'dual': False, 'fit_intercept': True, 'intercept_scaling': 1, 'loss': 'squared_hinge', 'max_iter': 100, 'multi_class': 'ovr', 'penalty': 'l2', 'random_state': 42, 'tol': 0.0001, 'verbose': 0}",0.5370903015136719
Plant_oil,1,5,6,5,LogisticRegression,SMOTE,0.770827067669173,0.7672821737355129,"{'C': np.float64(100.0), 'class_weight': None, 'dual': False, 'fit_intercept': True, 'intercept_scaling': 1, 'l1_ratio': None, 'max_iter': 100, 'multi_class': 'deprecated', 'n_jobs': None, 'penalty': 'l2', 'random_state': 42, 'solver': 'lbfgs', 'tol': 0.0001, 'verbose': 0, 'warm_start': False}",1.938683271408081
Plant_oil,1,5,6,5,RNN,SMOTE,0.46616541353383456,0.39261890410944644,"{'hidden_size': 64, 'epochs': 10, 'batch_size': 32, 'lr': 0.001}",1.9452247619628906
Plant_oil,1,5,6,10,KNN,SMOTE,0.8362406015037595,0.832602978677672,"{'algorithm': 'auto', 'leaf_size': 30, 'metric': 'euclidean', 'metric_params': None, 'n_jobs': None, 'n_neighbors': np.int64(3), 'p': 2, 'weights': 'uniform'}",0.7760360240936279
Plant_oil,1,5,6,10,RandomForest,SMOTE,0.7602255639097745,0.7475141373510988,"{'bootstrap': True, 'ccp_alpha': 0.0, 'class_weight': None, 'criterion': 'gini', 'max_depth': None, 'max_features': 'sqrt', 'max_leaf_nodes': None, 'max_samples': None, 'min_impurity_decrease': 0.0, 'min_samples_leaf': 1, 'min_samples_split': 2, 'min_weight_fraction_leaf': 0.0, 'monotonic_cst': None, 'n_estimators': 100, 'n_jobs': None, 'oob_score': False, 'random_state': 42, 'verbose': 0, 'warm_start': False}",27.80695652961731
Plant_oil,1,5,6,10,LinearSVC,SMOTE,0.694436090225564,0.6842618891888239,"{'C': np.float64(100.0), 'class_weight': None, 'dual': False, 'fit_intercept': True, 'intercept_scaling': 1, 'loss': 'squared_hinge', 'max_iter': 100, 'multi_class': 'ovr', 'penalty': 'l2', 'random_state': 42, 'tol': 0.0001, 'verbose': 0}",1.1766026020050049
Plant_oil,1,5,6,10,LogisticRegression,SMOTE,0.763984962406015,0.7591016964047324,"{'C': np.float64(100.0), 'class_weight': None, 'dual': False, 'fit_intercept': True, 'intercept_scaling': 1, 'l1_ratio': None, 'max_iter': 100, 'multi_class': 'deprecated', 'n_jobs': None, 'penalty': 'l2', 'random_state': 42, 'solver': 'lbfgs', 'tol': 0.0001, 'verbose': 0, 'warm_start': False}",3.7568650245666504
Plant_oil,1,5,6,10,RNN,SMOTE,0.5939849624060151,0.5374064632685321,"{'hidden_size': 64, 'epochs': 10, 'batch_size': 32, 'lr': 0.001}",3.7206168174743652
Plant_oil,1,5,6,2,KNN,Mixup,0.8205263157894737,0.8164246444003465,"{'algorithm': 'auto', 'leaf_size': 30, 'metric': 'euclidean', 'metric_params': None, 'n_jobs': None, 'n_neighbors': np.int64(3), 'p': 2, 'weights': 'uniform'}",0.6361303329467773
Plant_oil,1,5,6,2,RandomForest,Mixup,0.7604511278195488,0.7464156729511248,"{'bootstrap': True, 'ccp_alpha': 0.0, 'class_weight': None, 'criterion': 'gini', 'max_depth': None, 'max_features': 'sqrt', 'max_leaf_nodes': None, 'max_samples': None, 'min_impurity_decrease': 0.0, 'min_samples_leaf': 1, 'min_samples_split': 2, 'min_weight_fraction_leaf': 0.0, 'monotonic_cst': None, 'n_estimators': 100, 'n_jobs': None, 'oob_score': False, 'random_state': 42, 'verbose': 0, 'warm_start': False}",4.308095932006836
Plant_oil,1,5,6,2,LinearSVC,Mixup,0.6996992481203007,0.6881110979739027,"{'C': np.float64(100.0), 'class_weight': None, 'dual': False, 'fit_intercept': True, 'intercept_scaling': 1, 'loss': 'squared_hinge', 'max_iter': 100, 'multi_class': 'ovr', 'penalty': 'l2', 'random_state': 42, 'tol': 0.0001, 'verbose': 0}",0.21307992935180664
Plant_oil,1,5,6,2,LogisticRegression,Mixup,0.780827067669173,0.7784056979792638,"{'C': np.float64(100.0), 'class_weight': None, 'dual': False, 'fit_intercept': True, 'intercept_scaling': 1, 'l1_ratio': None, 'max_iter': 100, 'multi_class': 'deprecated', 'n_jobs': None, 'penalty': 'l2', 'random_state': 42, 'solver': 'lbfgs', 'tol': 0.0001, 'verbose': 0, 'warm_start': False}",0.7932744026184082
Plant_oil,1,5,6,2,RNN,Mixup,0.37593984962406013,0.2591680491182892,"{'hidden_size': 64, 'epochs': 10, 'batch_size': 32, 'lr': 0.001}",0.7217605113983154
Plant_oil,1,5,6,3,KNN,Mixup,0.8330827067669173,0.8283902962551885,"{'algorithm': 'auto', 'leaf_size': 30, 'metric': 'euclidean', 'metric_params': None, 'n_jobs': None, 'n_neighbors': np.int64(3), 'p': 2, 'weights': 'uniform'}",0.6360716819763184
Plant_oil,1,5,6,3,RandomForest,Mixup,0.771203007518797,0.7578229459572092,"{'bootstrap': True, 'ccp_alpha': 0.0, 'class_weight': None, 'criterion': 'gini', 'max_depth': None, 'max_features': 'sqrt', 'max_leaf_nodes': None, 'max_samples': None, 'min_impurity_decrease': 0.0, 'min_samples_leaf': 1, 'min_samples_split': 2, 'min_weight_fraction_leaf': 0.0, 'monotonic_cst': None, 'n_estimators': 100, 'n_jobs': None, 'oob_score': False, 'random_state': 42, 'verbose': 0, 'warm_start': False}",6.263041734695435
Plant_oil,1,5,6,3,LinearSVC,Mixup,0.6952631578947368,0.6820276739912196,"{'C': np.float64(100.0), 'class_weight': None, 'dual': False, 'fit_intercept': True, 'intercept_scaling': 1, 'loss': 'squared_hinge', 'max_iter': 100, 'multi_class': 'ovr', 'penalty': 'l2', 'random_state': 42, 'tol': 0.0001, 'verbose': 0}",0.32421875
Plant_oil,1,5,6,3,LogisticRegression,Mixup,0.7855639097744361,0.7826703465182134,"{'C': np.float64(100.0), 'class_weight': None, 'dual': False, 'fit_intercept': True, 'intercept_scaling': 1, 'l1_ratio': None, 'max_iter': 100, 'multi_class': 'deprecated', 'n_jobs': None, 'penalty': 'l2', 'random_state': 42, 'solver': 'lbfgs', 'tol': 0.0001, 'verbose': 0, 'warm_start': False}",1.174452304840088
Plant_oil,1,5,6,3,RNN,Mixup,0.42857142857142855,0.3619394242145004,"{'hidden_size': 64, 'epochs': 10, 'batch_size': 32, 'lr': 0.001}",1.1355886459350586
Plant_oil,1,5,6,5,KNN,Mixup,0.8349624060150376,0.8313485975948264,"{'algorithm': 'auto', 'leaf_size': 30, 'metric': 'euclidean', 'metric_params': None, 'n_jobs': None, 'n_neighbors': np.int64(3), 'p': 2, 'weights': 'uniform'}",0.6927917003631592
Plant_oil,1,5,6,5,RandomForest,Mixup,0.7537593984962406,0.741212657229271,"{'bootstrap': True, 'ccp_alpha': 0.0, 'class_weight': None, 'criterion': 'gini', 'max_depth': None, 'max_features': 'sqrt', 'max_leaf_nodes': None, 'max_samples': None, 'min_impurity_decrease': 0.0, 'min_samples_leaf': 1, 'min_samples_split': 2, 'min_weight_fraction_leaf': 0.0, 'monotonic_cst': None, 'n_estimators': 100, 'n_jobs': None, 'oob_score': False, 'random_state': 42, 'verbose': 0, 'warm_start': False}",10.894325733184814
Plant_oil,1,5,6,5,LinearSVC,Mixup,0.702406015037594,0.6906179123929918,"{'C': np.float64(100.0), 'class_weight': None, 'dual': False, 'fit_intercept': True, 'intercept_scaling': 1, 'loss': 'squared_hinge', 'max_iter': 100, 'multi_class': 'ovr', 'penalty': 'l2', 'random_state': 42, 'tol': 0.0001, 'verbose': 0}",0.5463838577270508
Plant_oil,1,5,6,5,LogisticRegression,Mixup,0.7796992481203008,0.7774529102271601,"{'C': np.float64(100.0), 'class_weight': None, 'dual': False, 'fit_intercept': True, 'intercept_scaling': 1, 'l1_ratio': None, 'max_iter': 100, 'multi_class': 'deprecated', 'n_jobs': None, 'penalty': 'l2', 'random_state': 42, 'solver': 'lbfgs', 'tol': 0.0001, 'verbose': 0, 'warm_start': False}",1.832042932510376
Plant_oil,1,5,6,5,RNN,Mixup,0.45864661654135336,0.3526753627432745,"{'hidden_size': 64, 'epochs': 10, 'batch_size': 32, 'lr': 0.001}",1.7745428085327148
Plant_oil,1,5,6,10,KNN,Mixup,0.8442857142857143,0.8405637833578875,"{'algorithm': 'auto', 'leaf_size': 30, 'metric': 'euclidean', 'metric_params': None, 'n_jobs': None, 'n_neighbors': np.int64(3), 'p': 2, 'weights': 'uniform'}",0.7596681118011475
Plant_oil,1,5,6,10,RandomForest,Mixup,0.76,0.7455522626751988,"{'bootstrap': True, 'ccp_alpha': 0.0, 'class_weight': None, 'criterion': 'gini', 'max_depth': None, 'max_features': 'sqrt', 'max_leaf_nodes': None, 'max_samples': None, 'min_impurity_decrease': 0.0, 'min_samples_leaf': 1, 'min_samples_split': 2, 'min_weight_fraction_leaf': 0.0, 'monotonic_cst': None, 'n_estimators': 100, 'n_jobs': None, 'oob_score': False, 'random_state': 42, 'verbose': 0, 'warm_start': False}",23.643851041793823
Plant_oil,1,5,6,10,LinearSVC,Mixup,0.7043609022556391,0.6913134106071467,"{'C': np.float64(100.0), 'class_weight': None, 'dual': False, 'fit_intercept': True, 'intercept_scaling': 1, 'loss': 'squared_hinge', 'max_iter': 100, 'multi_class': 'ovr', 'penalty': 'l2', 'random_state': 42, 'tol': 0.0001, 'verbose': 0}",1.2567405700683594
Plant_oil,1,5,6,10,LogisticRegression,Mixup,0.7819548872180451,0.7776822293100961,"{'C': np.float64(100.0), 'class_weight': None, 'dual': False, 'fit_intercept': True, 'intercept_scaling': 1, 'l1_ratio': None, 'max_iter': 100, 'multi_class': 'deprecated', 'n_jobs': None, 'penalty': 'l2', 'random_state': 42, 'solver': 'lbfgs', 'tol': 0.0001, 'verbose': 0, 'warm_start': False}",3.891735315322876
Plant_oil,1,5,6,10,RNN,Mixup,0.6240601503759399,0.5758168147641831,"{'hidden_size': 64, 'epochs': 10, 'batch_size': 32, 'lr': 0.001}",3.8072774410247803
Plant_oil,1,5,6,2,KNN,GMM,0.8203007518796992,0.8168344777129405,"{'algorithm': 'auto', 'leaf_size': 30, 'metric': 'euclidean', 'metric_params': None, 'n_jobs': None, 'n_neighbors': np.int64(3), 'p': 2, 'weights': 'uniform'}",0.6377308368682861
Plant_oil,1,5,6,2,RandomForest,GMM,0.7730075187969925,0.7696019488256929,"{'bootstrap': True, 'ccp_alpha': 0.0, 'class_weight': None, 'criterion': 'gini', 'max_depth': None, 'max_features': 'sqrt', 'max_leaf_nodes': None, 'max_samples': None, 'min_impurity_decrease': 0.0, 'min_samples_leaf': 1, 'min_samples_split': 2, 'min_weight_fraction_leaf': 0.0, 'monotonic_cst': None, 'n_estimators': 100, 'n_jobs': None, 'oob_score': False, 'random_state': 42, 'verbose': 0, 'warm_start': False}",4.923110246658325
Plant_oil,1,5,6,2,LinearSVC,GMM,0.7113533834586466,0.6870189567013429,"{'C': np.float64(100.0), 'class_weight': None, 'dual': False, 'fit_intercept': True, 'intercept_scaling': 1, 'loss': 'squared_hinge', 'max_iter': 100, 'multi_class': 'ovr', 'penalty': 'l2', 'random_state': 42, 'tol': 0.0001, 'verbose': 0}",0.20846319198608398
Plant_oil,1,5,6,2,LogisticRegression,GMM,0.7934586466165413,0.7904308087379611,"{'C': np.float64(100.0), 'class_weight': None, 'dual': False, 'fit_intercept': True, 'intercept_scaling': 1, 'l1_ratio': None, 'max_iter': 100, 'multi_class': 'deprecated', 'n_jobs': None, 'penalty': 'l2', 'random_state': 42, 'solver': 'lbfgs', 'tol': 0.0001, 'verbose': 0, 'warm_start': False}",0.7976043224334717
Plant_oil,1,5,6,2,RNN,GMM,0.39097744360902253,0.2756415165199252,"{'hidden_size': 64, 'epochs': 10, 'batch_size': 32, 'lr': 0.001}",0.7336997985839844
Plant_oil,1,5,6,3,KNN,GMM,0.8184210526315789,0.8153514739003794,"{'algorithm': 'auto', 'leaf_size': 30, 'metric': 'euclidean', 'metric_params': None, 'n_jobs': None, 'n_neighbors': np.int64(3), 'p': 2, 'weights': 'uniform'}",0.6612229347229004
Plant_oil,1,5,6,3,RandomForest,GMM,0.780827067669173,0.7769197919489795,"{'bootstrap': True, 'ccp_alpha': 0.0, 'class_weight': None, 'criterion': 'gini', 'max_depth': None, 'max_features': 'sqrt', 'max_leaf_nodes': None, 'max_samples': None, 'min_impurity_decrease': 0.0, 'min_samples_leaf': 1, 'min_samples_split': 2, 'min_weight_fraction_leaf': 0.0, 'monotonic_cst': None, 'n_estimators': 100, 'n_jobs': None, 'oob_score': False, 'random_state': 42, 'verbose': 0, 'warm_start': False}",7.843437910079956
Plant_oil,1,5,6,3,LinearSVC,GMM,0.714812030075188,0.6870873964390978,"{'C': np.float64(100.0), 'class_weight': None, 'dual': False, 'fit_intercept': True, 'intercept_scaling': 1, 'loss': 'squared_hinge', 'max_iter': 100, 'multi_class': 'ovr', 'penalty': 'l2', 'random_state': 42, 'tol': 0.0001, 'verbose': 0}",0.31391382217407227
Plant_oil,1,5,6,3,LogisticRegression,GMM,0.7787218045112781,0.7801923251449044,"{'C': np.float64(100.0), 'class_weight': None, 'dual': False, 'fit_intercept': True, 'intercept_scaling': 1, 'l1_ratio': None, 'max_iter': 100, 'multi_class': 'deprecated', 'n_jobs': None, 'penalty': 'l2', 'random_state': 42, 'solver': 'lbfgs', 'tol': 0.0001, 'verbose': 0, 'warm_start': False}",1.1395609378814697
Plant_oil,1,5,6,3,RNN,GMM,0.3082706766917293,0.2062379423314041,"{'hidden_size': 64, 'epochs': 10, 'batch_size': 32, 'lr': 0.001}",1.184689998626709
Plant_oil,1,5,6,5,KNN,GMM,0.8268421052631579,0.8239500630219669,"{'algorithm': 'auto', 'leaf_size': 30, 'metric': 'euclidean', 'metric_params': None, 'n_jobs': None, 'n_neighbors': np.int64(3), 'p': 2, 'weights': 'uniform'}",0.7321369647979736
Plant_oil,1,5,6,5,RandomForest,GMM,0.7709022556390978,0.7670071458944705,"{'bootstrap': True, 'ccp_alpha': 0.0, 'class_weight': None, 'criterion': 'gini', 'max_depth': None, 'max_features': 'sqrt', 'max_leaf_nodes': None, 'max_samples': None, 'min_impurity_decrease': 0.0, 'min_samples_leaf': 1, 'min_samples_split': 2, 'min_weight_fraction_leaf': 0.0, 'monotonic_cst': None, 'n_estimators': 100, 'n_jobs': None, 'oob_score': False, 'random_state': 42, 'verbose': 0, 'warm_start': False}",14.183685302734375
Plant_oil,1,5,6,5,LinearSVC,GMM,0.70796992481203,0.6791946737129189,"{'C': np.float64(100.0), 'class_weight': None, 'dual': False, 'fit_intercept': True, 'intercept_scaling': 1, 'loss': 'squared_hinge', 'max_iter': 100, 'multi_class': 'ovr', 'penalty': 'l2', 'random_state': 42, 'tol': 0.0001, 'verbose': 0}",0.5418365001678467
Plant_oil,1,5,6,5,LogisticRegression,GMM,0.7775939849624061,0.7781427725260777,"{'C': np.float64(100.0), 'class_weight': None, 'dual': False, 'fit_intercept': True, 'intercept_scaling': 1, 'l1_ratio': None, 'max_iter': 100, 'multi_class': 'deprecated', 'n_jobs': None, 'penalty': 'l2', 'random_state': 42, 'solver': 'lbfgs', 'tol': 0.0001, 'verbose': 0, 'warm_start': False}",2.1314077377319336
Plant_oil,1,5,6,5,RNN,GMM,0.46616541353383456,0.35987126288733445,"{'hidden_size': 64, 'epochs': 10, 'batch_size': 32, 'lr': 0.001}",1.8404500484466553
Plant_oil,1,5,6,10,KNN,GMM,0.8243609022556391,0.822022494296926,"{'algorithm': 'auto', 'leaf_size': 30, 'metric': 'euclidean', 'metric_params': None, 'n_jobs': None, 'n_neighbors': np.int64(3), 'p': 2, 'weights': 'uniform'}",0.822361946105957
Plant_oil,1,5,6,10,RandomForest,GMM,0.7730075187969925,0.7694637140728313,"{'bootstrap': True, 'ccp_alpha': 0.0, 'class_weight': None, 'criterion': 'gini', 'max_depth': None, 'max_features': 'sqrt', 'max_leaf_nodes': None, 'max_samples': None, 'min_impurity_decrease': 0.0, 'min_samples_leaf': 1, 'min_samples_split': 2, 'min_weight_fraction_leaf': 0.0, 'monotonic_cst': None, 'n_estimators': 100, 'n_jobs': None, 'oob_score': False, 'random_state': 42, 'verbose': 0, 'warm_start': False}",32.10280919075012
Plant_oil,1,5,6,10,LinearSVC,GMM,0.7038345864661654,0.6736474184619939,"{'C': np.float64(100.0), 'class_weight': None, 'dual': False, 'fit_intercept': True, 'intercept_scaling': 1, 'loss': 'squared_hinge', 'max_iter': 100, 'multi_class': 'ovr', 'penalty': 'l2', 'random_state': 42, 'tol': 0.0001, 'verbose': 0}",1.2137281894683838
Plant_oil,1,5,6,10,LogisticRegression,GMM,0.7784210526315789,0.7789609093597067,"{'C': np.float64(100.0), 'class_weight': None, 'dual': False, 'fit_intercept': True, 'intercept_scaling': 1, 'l1_ratio': None, 'max_iter': 100, 'multi_class': 'deprecated', 'n_jobs': None, 'penalty': 'l2', 'random_state': 42, 'solver': 'lbfgs', 'tol': 0.0001, 'verbose': 0, 'warm_start': False}",4.8746654987335205
Plant_oil,1,5,6,10,RNN,GMM,0.45864661654135336,0.35896157444302,"{'hidden_size': 64, 'epochs': 10, 'batch_size': 32, 'lr': 0.001}",3.5819106101989746
Plant_oil,1,5,6,2,KNN,HMM_GMM,0.8296992481203007,0.8261605212648296,"{'algorithm': 'auto', 'leaf_size': 30, 'metric': 'euclidean', 'metric_params': None, 'n_jobs': None, 'n_neighbors': np.int64(3), 'p': 2, 'weights': 'uniform'}",0.6339914798736572
Plant_oil,1,5,6,2,RandomForest,HMM_GMM,0.7833834586466165,0.7760991896289762,"{'bootstrap': True, 'ccp_alpha': 0.0, 'class_weight': None, 'criterion': 'gini', 'max_depth': None, 'max_features': 'sqrt', 'max_leaf_nodes': None, 'max_samples': None, 'min_impurity_decrease': 0.0, 'min_samples_leaf': 1, 'min_samples_split': 2, 'min_weight_fraction_leaf': 0.0, 'monotonic_cst': None, 'n_estimators': 100, 'n_jobs': None, 'oob_score': False, 'random_state': 42, 'verbose': 0, 'warm_start': False}",3.6759212017059326
Plant_oil,1,5,6,2,LinearSVC,HMM_GMM,0.6498496240601503,0.6368349440088716,"{'C': np.float64(100.0), 'class_weight': None, 'dual': False, 'fit_intercept': True, 'intercept_scaling': 1, 'loss': 'squared_hinge', 'max_iter': 100, 'multi_class': 'ovr', 'penalty': 'l2', 'random_state': 42, 'tol': 0.0001, 'verbose': 0}",0.20707297325134277
Plant_oil,1,5,6,2,LogisticRegression,HMM_GMM,0.7471428571428571,0.7467097989344171,"{'C': np.float64(100.0), 'class_weight': None, 'dual': False, 'fit_intercept': True, 'intercept_scaling': 1, 'l1_ratio': None, 'max_iter': 100, 'multi_class': 'deprecated', 'n_jobs': None, 'penalty': 'l2', 'random_state': 42, 'solver': 'lbfgs', 'tol': 0.0001, 'verbose': 0, 'warm_start': False}",0.7798736095428467
Plant_oil,1,5,6,2,RNN,HMM_GMM,0.3233082706766917,0.22471425229181108,"{'hidden_size': 64, 'epochs': 10, 'batch_size': 32, 'lr': 0.001}",0.7028288841247559
Plant_oil,1,5,6,3,KNN,HMM_GMM,0.8289473684210527,0.8254726186336088,"{'algorithm': 'auto', 'leaf_size': 30, 'metric': 'euclidean', 'metric_params': None, 'n_jobs': None, 'n_neighbors': np.int64(3), 'p': 2, 'weights': 'uniform'}",0.6542952060699463
Plant_oil,1,5,6,3,RandomForest,HMM_GMM,0.7881203007518797,0.7813423661664508,"{'bootstrap': True, 'ccp_alpha': 0.0, 'class_weight': None, 'criterion': 'gini', 'max_depth': None, 'max_features': 'sqrt', 'max_leaf_nodes': None, 'max_samples': None, 'min_impurity_decrease': 0.0, 'min_samples_leaf': 1, 'min_samples_split': 2, 'min_weight_fraction_leaf': 0.0, 'monotonic_cst': None, 'n_estimators': 100, 'n_jobs': None, 'oob_score': False, 'random_state': 42, 'verbose': 0, 'warm_start': False}",4.345414876937866
Plant_oil,1,5,6,3,LinearSVC,HMM_GMM,0.5902255639097744,0.5668558583135485,"{'C': np.float64(100.0), 'class_weight': None, 'dual': False, 'fit_intercept': True, 'intercept_scaling': 1, 'loss': 'squared_hinge', 'max_iter': 100, 'multi_class': 'ovr', 'penalty': 'l2', 'random_state': 42, 'tol': 0.0001, 'verbose': 0}",0.31057071685791016
Plant_oil,1,5,6,3,LogisticRegression,HMM_GMM,0.7130827067669173,0.7099122679138292,"{'C': np.float64(100.0), 'class_weight': None, 'dual': False, 'fit_intercept': True, 'intercept_scaling': 1, 'l1_ratio': None, 'max_iter': 100, 'multi_class': 'deprecated', 'n_jobs': None, 'penalty': 'l2', 'random_state': 42, 'solver': 'lbfgs', 'tol': 0.0001, 'verbose': 0, 'warm_start': False}",1.2087421417236328
Plant_oil,1,5,6,3,RNN,HMM_GMM,0.41353383458646614,0.287080736184634,"{'hidden_size': 64, 'epochs': 10, 'batch_size': 32, 'lr': 0.001}",1.128782033920288
Plant_oil,1,5,6,5,KNN,HMM_GMM,0.8296992481203007,0.8261605212648296,"{'algorithm': 'auto', 'leaf_size': 30, 'metric': 'euclidean', 'metric_params': None, 'n_jobs': None, 'n_neighbors': np.int64(3), 'p': 2, 'weights': 'uniform'}",0.7363617420196533
Plant_oil,1,5,6,5,RandomForest,HMM_GMM,0.7830075187969925,0.7750970764015126,"{'bootstrap': True, 'ccp_alpha': 0.0, 'class_weight': None, 'criterion': 'gini', 'max_depth': None, 'max_features': 'sqrt', 'max_leaf_nodes': None, 'max_samples': None, 'min_impurity_decrease': 0.0, 'min_samples_leaf': 1, 'min_samples_split': 2, 'min_weight_fraction_leaf': 0.0, 'monotonic_cst': None, 'n_estimators': 100, 'n_jobs': None, 'oob_score': False, 'random_state': 42, 'verbose': 0, 'warm_start': False}",5.767567873001099
Plant_oil,1,5,6,5,LinearSVC,HMM_GMM,0.5963157894736842,0.5832060243077213,"{'C': np.float64(100.0), 'class_weight': None, 'dual': False, 'fit_intercept': True, 'intercept_scaling': 1, 'loss': 'squared_hinge', 'max_iter': 100, 'multi_class': 'ovr', 'penalty': 'l2', 'random_state': 42, 'tol': 0.0001, 'verbose': 0}",0.5142920017242432
Plant_oil,1,5,6,5,LogisticRegression,HMM_GMM,0.6974436090225564,0.6948665391252117,"{'C': np.float64(100.0), 'class_weight': None, 'dual': False, 'fit_intercept': True, 'intercept_scaling': 1, 'l1_ratio': None, 'max_iter': 100, 'multi_class': 'deprecated', 'n_jobs': None, 'penalty': 'l2', 'random_state': 42, 'solver': 'lbfgs', 'tol': 0.0001, 'verbose': 0, 'warm_start': False}",2.019209384918213
Plant_oil,1,5,6,5,RNN,HMM_GMM,0.49624060150375937,0.4183704014339291,"{'hidden_size': 64, 'epochs': 10, 'batch_size': 32, 'lr': 0.001}",1.8199927806854248
Plant_oil,1,5,6,10,KNN,HMM_GMM,0.8296992481203007,0.8262708236968084,"{'algorithm': 'auto', 'leaf_size': 30, 'metric': 'euclidean', 'metric_params': None, 'n_jobs': None, 'n_neighbors': np.int64(3), 'p': 2, 'weights': 'uniform'}",0.7857837677001953
Plant_oil,1,5,6,10,RandomForest,HMM_GMM,0.7957894736842105,0.7877687516379107,"{'bootstrap': True, 'ccp_alpha': 0.0, 'class_weight': None, 'criterion': 'gini', 'max_depth': None, 'max_features': 'sqrt', 'max_leaf_nodes': None, 'max_samples': None, 'min_impurity_decrease': 0.0, 'min_samples_leaf': 1, 'min_samples_split': 2, 'min_weight_fraction_leaf': 0.0, 'monotonic_cst': None, 'n_estimators': 100, 'n_jobs': None, 'oob_score': False, 'random_state': 42, 'verbose': 0, 'warm_start': False}",8.35082197189331
Plant_oil,1,5,6,10,LinearSVC,HMM_GMM,0.5616541353383459,0.5486341181909269,"{'C': np.float64(100.0), 'class_weight': None, 'dual': False, 'fit_intercept': True, 'intercept_scaling': 1, 'loss': 'squared_hinge', 'max_iter': 100, 'multi_class': 'ovr', 'penalty': 'l2', 'random_state': 42, 'tol': 0.0001, 'verbose': 0}",1.0534136295318604
Plant_oil,1,5,6,10,LogisticRegression,HMM_GMM,0.6661654135338346,0.6576404098937304,"{'C': np.float64(100.0), 'class_weight': None, 'dual': False, 'fit_intercept': True, 'intercept_scaling': 1, 'l1_ratio': None, 'max_iter': 100, 'multi_class': 'deprecated', 'n_jobs': None, 'penalty': 'l2', 'random_state': 42, 'solver': 'lbfgs', 'tol': 0.0001, 'verbose': 0, 'warm_start': False}",3.831599235534668
Plant_oil,1,5,6,10,RNN,HMM_GMM,0.5864661654135338,0.5264700176540535,"{'hidden_size': 64, 'epochs': 10, 'batch_size': 32, 'lr': 0.001}",4.082804441452026
Plant_oil,1,5,7,1,KNN,Baseline,0.8606766917293233,0.8586957639212445,"{'algorithm': 'auto', 'leaf_size': 30, 'metric': 'minkowski', 'metric_params': None, 'n_jobs': None, 'n_neighbors': 5, 'p': 2, 'weights': 'uniform'}",0.6185092926025391
Plant_oil,1,5,7,1,KNN,Tuned_Baseline,0.8621052631578947,0.8599698602587885,"{'algorithm': 'auto', 'leaf_size': 30, 'metric': 'minkowski', 'metric_params': None, 'n_jobs': None, 'n_neighbors': np.int64(8), 'p': 2, 'weights': 'distance'}",0.09977316856384277
Plant_oil,1,5,7,1,RandomForest,Baseline,0.816766917293233,0.8109265077343978,"{'bootstrap': True, 'ccp_alpha': 0.0, 'class_weight': None, 'criterion': 'gini', 'max_depth': None, 'max_features': 'sqrt', 'max_leaf_nodes': None, 'max_samples': None, 'min_impurity_decrease': 0.0, 'min_samples_leaf': 1, 'min_samples_split': 2, 'min_weight_fraction_leaf': 0.0, 'monotonic_cst': None, 'n_estimators': 100, 'n_jobs': None, 'oob_score': False, 'random_state': 42, 'verbose': 0, 'warm_start': False}",2.1989810466766357
Plant_oil,1,5,7,1,RandomForest,Tuned_Baseline,0.8119548872180451,0.8055862753099166,"{'bootstrap': True, 'ccp_alpha': 0.0, 'class_weight': None, 'criterion': 'gini', 'max_depth': None, 'max_features': 'sqrt', 'max_leaf_nodes': None, 'max_samples': None, 'min_impurity_decrease': 0.0, 'min_samples_leaf': 1, 'min_samples_split': 2, 'min_weight_fraction_leaf': 0.0, 'monotonic_cst': None, 'n_estimators': 50, 'n_jobs': None, 'oob_score': False, 'random_state': 42, 'verbose': 0, 'warm_start': False}",0.043146610260009766
Plant_oil,1,5,7,1,LinearSVC,Baseline,0.7590977443609023,0.7432156880317172,"{'C': 1.0, 'class_weight': None, 'dual': False, 'fit_intercept': True, 'intercept_scaling': 1, 'loss': 'squared_hinge', 'max_iter': 100, 'multi_class': 'ovr', 'penalty': 'l2', 'random_state': 42, 'tol': 0.0001, 'verbose': 0}",0.09958672523498535
Plant_oil,1,5,7,1,LinearSVC,Tuned_Baseline,0.748421052631579,0.735508043419789,"{'C': np.float64(100.0), 'class_weight': None, 'dual': False, 'fit_intercept': True, 'intercept_scaling': 1, 'loss': 'squared_hinge', 'max_iter': 100, 'multi_class': 'ovr', 'penalty': 'l2', 'random_state': 42, 'tol': 0.0001, 'verbose': 0}",0.00194549560546875
Plant_oil,1,5,7,1,LogisticRegression,Baseline,0.8257142857142857,0.8213952008775868,"{'C': 1.0, 'class_weight': None, 'dual': False, 'fit_intercept': True, 'intercept_scaling': 1, 'l1_ratio': None, 'max_iter': 100, 'multi_class': 'deprecated', 'n_jobs': None, 'penalty': 'l2', 'random_state': 42, 'solver': 'lbfgs', 'tol': 0.0001, 'verbose': 0, 'warm_start': False}",0.44606900215148926
Plant_oil,1,5,7,1,LogisticRegression,Tuned_Baseline,0.8339097744360903,0.8313264373294816,"{'C': np.float64(100.0), 'class_weight': None, 'dual': False, 'fit_intercept': True, 'intercept_scaling': 1, 'l1_ratio': None, 'max_iter': 100, 'multi_class': 'deprecated', 'n_jobs': None, 'penalty': 'l2', 'random_state': 42, 'solver': 'lbfgs', 'tol': 0.0001, 'verbose': 0, 'warm_start': False}",0.0019969940185546875
Plant_oil,1,5,7,1,RNN,Baseline,0.17293233082706766,0.08557654928494277,"{'hidden_size': 64, 'epochs': 10, 'batch_size': 32, 'lr': 0.001}",0.38472557067871094
Plant_oil,1,5,7,1,RNN,Tuned_Baseline,0.17293233082706766,0.08557654928494277,"{'hidden_size': 64, 'epochs': 10, 'batch_size': 32, 'lr': 0.001}",0.006834268569946289
Plant_oil,1,5,7,2,KNN,Jittering,0.8598496240601504,0.8577509814917496,"{'algorithm': 'auto', 'leaf_size': 30, 'metric': 'minkowski', 'metric_params': None, 'n_jobs': None, 'n_neighbors': np.int64(8), 'p': 2, 'weights': 'distance'}",0.14353370666503906
Plant_oil,1,5,7,2,RandomForest,Jittering,0.8242857142857143,0.8186667872890988,"{'bootstrap': True, 'ccp_alpha': 0.0, 'class_weight': None, 'criterion': 'gini', 'max_depth': None, 'max_features': 'sqrt', 'max_leaf_nodes': None, 'max_samples': None, 'min_impurity_decrease': 0.0, 'min_samples_leaf': 1, 'min_samples_split': 2, 'min_weight_fraction_leaf': 0.0, 'monotonic_cst': None, 'n_estimators': 50, 'n_jobs': None, 'oob_score': False, 'random_state': 42, 'verbose': 0, 'warm_start': False}",2.283118963241577
Plant_oil,1,5,7,2,LinearSVC,Jittering,0.7564661654135338,0.7415716426229843,"{'C': np.float64(100.0), 'class_weight': None, 'dual': False, 'fit_intercept': True, 'intercept_scaling': 1, 'loss': 'squared_hinge', 'max_iter': 100, 'multi_class': 'ovr', 'penalty': 'l2', 'random_state': 42, 'tol': 0.0001, 'verbose': 0}",0.20823287963867188
Plant_oil,1,5,7,2,LogisticRegression,Jittering,0.8345864661654135,0.832365379249131,"{'C': np.float64(100.0), 'class_weight': None, 'dual': False, 'fit_intercept': True, 'intercept_scaling': 1, 'l1_ratio': None, 'max_iter': 100, 'multi_class': 'deprecated', 'n_jobs': None, 'penalty': 'l2', 'random_state': 42, 'solver': 'lbfgs', 'tol': 0.0001, 'verbose': 0, 'warm_start': False}",0.8077487945556641
Plant_oil,1,5,7,2,RNN,Jittering,0.3157894736842105,0.19723422316126987,"{'hidden_size': 64, 'epochs': 10, 'batch_size': 32, 'lr': 0.001}",0.797412633895874
Plant_oil,1,5,7,3,KNN,Jittering,0.8630075187969924,0.8609871195632776,"{'algorithm': 'auto', 'leaf_size': 30, 'metric': 'minkowski', 'metric_params': None, 'n_jobs': None, 'n_neighbors': np.int64(8), 'p': 2, 'weights': 'distance'}",0.16742253303527832
Plant_oil,1,5,7,3,RandomForest,Jittering,0.826766917293233,0.8219846017164347,"{'bootstrap': True, 'ccp_alpha': 0.0, 'class_weight': None, 'criterion': 'gini', 'max_depth': None, 'max_features': 'sqrt', 'max_leaf_nodes': None, 'max_samples': None, 'min_impurity_decrease': 0.0, 'min_samples_leaf': 1, 'min_samples_split': 2, 'min_weight_fraction_leaf': 0.0, 'monotonic_cst': None, 'n_estimators': 50, 'n_jobs': None, 'oob_score': False, 'random_state': 42, 'verbose': 0, 'warm_start': False}",3.5526926517486572
Plant_oil,1,5,7,3,LinearSVC,Jittering,0.7569924812030076,0.741727193746386,"{'C': np.float64(100.0), 'class_weight': None, 'dual': False, 'fit_intercept': True, 'intercept_scaling': 1, 'loss': 'squared_hinge', 'max_iter': 100, 'multi_class': 'ovr', 'penalty': 'l2', 'random_state': 42, 'tol': 0.0001, 'verbose': 0}",0.3249850273132324
Plant_oil,1,5,7,3,LogisticRegression,Jittering,0.8376691729323308,0.835733918601591,"{'C': np.float64(100.0), 'class_weight': None, 'dual': False, 'fit_intercept': True, 'intercept_scaling': 1, 'l1_ratio': None, 'max_iter': 100, 'multi_class': 'deprecated', 'n_jobs': None, 'penalty': 'l2', 'random_state': 42, 'solver': 'lbfgs', 'tol': 0.0001, 'verbose': 0, 'warm_start': False}",1.1734795570373535
Plant_oil,1,5,7,3,RNN,Jittering,0.39849624060150374,0.2871487451113936,"{'hidden_size': 64, 'epochs': 10, 'batch_size': 32, 'lr': 0.001}",1.296806812286377
Plant_oil,1,5,7,5,KNN,Jittering,0.8621052631578947,0.8601830999688767,"{'algorithm': 'auto', 'leaf_size': 30, 'metric': 'minkowski', 'metric_params': None, 'n_jobs': None, 'n_neighbors': np.int64(8), 'p': 2, 'weights': 'distance'}",0.21522831916809082
Plant_oil,1,5,7,5,RandomForest,Jittering,0.8318796992481203,0.8275650448906191,"{'bootstrap': True, 'ccp_alpha': 0.0, 'class_weight': None, 'criterion': 'gini', 'max_depth': None, 'max_features': 'sqrt', 'max_leaf_nodes': None, 'max_samples': None, 'min_impurity_decrease': 0.0, 'min_samples_leaf': 1, 'min_samples_split': 2, 'min_weight_fraction_leaf': 0.0, 'monotonic_cst': None, 'n_estimators': 50, 'n_jobs': None, 'oob_score': False, 'random_state': 42, 'verbose': 0, 'warm_start': False}",6.31755805015564
Plant_oil,1,5,7,5,LinearSVC,Jittering,0.7565413533834586,0.7412757694549943,"{'C': np.float64(100.0), 'class_weight': None, 'dual': False, 'fit_intercept': True, 'intercept_scaling': 1, 'loss': 'squared_hinge', 'max_iter': 100, 'multi_class': 'ovr', 'penalty': 'l2', 'random_state': 42, 'tol': 0.0001, 'verbose': 0}",0.5222556591033936
Plant_oil,1,5,7,5,LogisticRegression,Jittering,0.832406015037594,0.8300735177281653,"{'C': np.float64(100.0), 'class_weight': None, 'dual': False, 'fit_intercept': True, 'intercept_scaling': 1, 'l1_ratio': None, 'max_iter': 100, 'multi_class': 'deprecated', 'n_jobs': None, 'penalty': 'l2', 'random_state': 42, 'solver': 'lbfgs', 'tol': 0.0001, 'verbose': 0, 'warm_start': False}",1.9233877658843994
Plant_oil,1,5,7,5,RNN,Jittering,0.5789473684210527,0.5247684075430861,"{'hidden_size': 64, 'epochs': 10, 'batch_size': 32, 'lr': 0.001}",1.7700893878936768
Plant_oil,1,5,7,10,KNN,Jittering,0.8638345864661654,0.8616523396514365,"{'algorithm': 'auto', 'leaf_size': 30, 'metric': 'minkowski', 'metric_params': None, 'n_jobs': None, 'n_neighbors': np.int64(8), 'p': 2, 'weights': 'distance'}",0.3111138343811035
Plant_oil,1,5,7,10,RandomForest,Jittering,0.8352631578947368,0.8313940648327299,"{'bootstrap': True, 'ccp_alpha': 0.0, 'class_weight': None, 'criterion': 'gini', 'max_depth': None, 'max_features': 'sqrt', 'max_leaf_nodes': None, 'max_samples': None, 'min_impurity_decrease': 0.0, 'min_samples_leaf': 1, 'min_samples_split': 2, 'min_weight_fraction_leaf': 0.0, 'monotonic_cst': None, 'n_estimators': 50, 'n_jobs': None, 'oob_score': False, 'random_state': 42, 'verbose': 0, 'warm_start': False}",13.852564334869385
Plant_oil,1,5,7,10,LinearSVC,Jittering,0.7557894736842106,0.7402103901158639,"{'C': np.float64(100.0), 'class_weight': None, 'dual': False, 'fit_intercept': True, 'intercept_scaling': 1, 'loss': 'squared_hinge', 'max_iter': 100, 'multi_class': 'ovr', 'penalty': 'l2', 'random_state': 42, 'tol': 0.0001, 'verbose': 0}",1.1355597972869873
Plant_oil,1,5,7,10,LogisticRegression,Jittering,0.8322556390977444,0.8301335126867254,"{'C': np.float64(100.0), 'class_weight': None, 'dual': False, 'fit_intercept': True, 'intercept_scaling': 1, 'l1_ratio': None, 'max_iter': 100, 'multi_class': 'deprecated', 'n_jobs': None, 'penalty': 'l2', 'random_state': 42, 'solver': 'lbfgs', 'tol': 0.0001, 'verbose': 0, 'warm_start': False}",3.898883581161499
Plant_oil,1,5,7,10,RNN,Jittering,0.6015037593984962,0.5236956874478097,"{'hidden_size': 64, 'epochs': 10, 'batch_size': 32, 'lr': 0.001}",3.702816963195801
Plant_oil,1,5,7,2,KNN,Scaling,0.8488721804511278,0.8459196848017481,"{'algorithm': 'auto', 'leaf_size': 30, 'metric': 'minkowski', 'metric_params': None, 'n_jobs': None, 'n_neighbors': np.int64(8), 'p': 2, 'weights': 'distance'}",0.14546990394592285
Plant_oil,1,5,7,2,RandomForest,Scaling,0.8263157894736842,0.8198364718180117,"{'bootstrap': True, 'ccp_alpha': 0.0, 'class_weight': None, 'criterion': 'gini', 'max_depth': None, 'max_features': 'sqrt', 'max_leaf_nodes': None, 'max_samples': None, 'min_impurity_decrease': 0.0, 'min_samples_leaf': 1, 'min_samples_split': 2, 'min_weight_fraction_leaf': 0.0, 'monotonic_cst': None, 'n_estimators': 50, 'n_jobs': None, 'oob_score': False, 'random_state': 42, 'verbose': 0, 'warm_start': False}",2.3058807849884033
Plant_oil,1,5,7,2,LinearSVC,Scaling,0.7080451127819549,0.6868589459335444,"{'C': np.float64(100.0), 'class_weight': None, 'dual': False, 'fit_intercept': True, 'intercept_scaling': 1, 'loss': 'squared_hinge', 'max_iter': 100, 'multi_class': 'ovr', 'penalty': 'l2', 'random_state': 42, 'tol': 0.0001, 'verbose': 0}",0.2006077766418457
Plant_oil,1,5,7,2,LogisticRegression,Scaling,0.8199248120300752,0.8163749446699857,"{'C': np.float64(100.0), 'class_weight': None, 'dual': False, 'fit_intercept': True, 'intercept_scaling': 1, 'l1_ratio': None, 'max_iter': 100, 'multi_class': 'deprecated', 'n_jobs': None, 'penalty': 'l2', 'random_state': 42, 'solver': 'lbfgs', 'tol': 0.0001, 'verbose': 0, 'warm_start': False}",0.8254096508026123
Plant_oil,1,5,7,2,RNN,Scaling,0.24812030075187969,0.14712292938099392,"{'hidden_size': 64, 'epochs': 10, 'batch_size': 32, 'lr': 0.001}",0.7468149662017822
Plant_oil,1,5,7,3,KNN,Scaling,0.8558646616541353,0.8537347802171165,"{'algorithm': 'auto', 'leaf_size': 30, 'metric': 'minkowski', 'metric_params': None, 'n_jobs': None, 'n_neighbors': np.int64(8), 'p': 2, 'weights': 'distance'}",0.17270803451538086
Plant_oil,1,5,7,3,RandomForest,Scaling,0.816766917293233,0.810272518761893,"{'bootstrap': True, 'ccp_alpha': 0.0, 'class_weight': None, 'criterion': 'gini', 'max_depth': None, 'max_features': 'sqrt', 'max_leaf_nodes': None, 'max_samples': None, 'min_impurity_decrease': 0.0, 'min_samples_leaf': 1, 'min_samples_split': 2, 'min_weight_fraction_leaf': 0.0, 'monotonic_cst': None, 'n_estimators': 50, 'n_jobs': None, 'oob_score': False, 'random_state': 42, 'verbose': 0, 'warm_start': False}",3.624790668487549
Plant_oil,1,5,7,3,LinearSVC,Scaling,0.6978195488721805,0.6748333549977642,"{'C': np.float64(100.0), 'class_weight': None, 'dual': False, 'fit_intercept': True, 'intercept_scaling': 1, 'loss': 'squared_hinge', 'max_iter': 100, 'multi_class': 'ovr', 'penalty': 'l2', 'random_state': 42, 'tol': 0.0001, 'verbose': 0}",0.2935469150543213
Plant_oil,1,5,7,3,LogisticRegression,Scaling,0.8036842105263158,0.8016678259437441,"{'C': np.float64(100.0), 'class_weight': None, 'dual': False, 'fit_intercept': True, 'intercept_scaling': 1, 'l1_ratio': None, 'max_iter': 100, 'multi_class': 'deprecated', 'n_jobs': None, 'penalty': 'l2', 'random_state': 42, 'solver': 'lbfgs', 'tol': 0.0001, 'verbose': 0, 'warm_start': False}",1.194817066192627
Plant_oil,1,5,7,3,RNN,Scaling,0.3533834586466165,0.24693755492627673,"{'hidden_size': 64, 'epochs': 10, 'batch_size': 32, 'lr': 0.001}",1.2626254558563232
Plant_oil,1,5,7,5,KNN,Scaling,0.8451127819548873,0.842963238810616,"{'algorithm': 'auto', 'leaf_size': 30, 'metric': 'minkowski', 'metric_params': None, 'n_jobs': None, 'n_neighbors': np.int64(8), 'p': 2, 'weights': 'distance'}",0.22327542304992676
Plant_oil,1,5,7,5,RandomForest,Scaling,0.8153383458646617,0.8097200852392356,"{'bootstrap': True, 'ccp_alpha': 0.0, 'class_weight': None, 'criterion': 'gini', 'max_depth': None, 'max_features': 'sqrt', 'max_leaf_nodes': None, 'max_samples': None, 'min_impurity_decrease': 0.0, 'min_samples_leaf': 1, 'min_samples_split': 2, 'min_weight_fraction_leaf': 0.0, 'monotonic_cst': None, 'n_estimators': 50, 'n_jobs': None, 'oob_score': False, 'random_state': 42, 'verbose': 0, 'warm_start': False}",6.959011077880859
Plant_oil,1,5,7,5,LinearSVC,Scaling,0.7090977443609022,0.691692497934994,"{'C': np.float64(100.0), 'class_weight': None, 'dual': False, 'fit_intercept': True, 'intercept_scaling': 1, 'loss': 'squared_hinge', 'max_iter': 100, 'multi_class': 'ovr', 'penalty': 'l2', 'random_state': 42, 'tol': 0.0001, 'verbose': 0}",0.5063977241516113
Plant_oil,1,5,7,5,LogisticRegression,Scaling,0.7937593984962406,0.7886844330903033,"{'C': np.float64(100.0), 'class_weight': None, 'dual': False, 'fit_intercept': True, 'intercept_scaling': 1, 'l1_ratio': None, 'max_iter': 100, 'multi_class': 'deprecated', 'n_jobs': None, 'penalty': 'l2', 'random_state': 42, 'solver': 'lbfgs', 'tol': 0.0001, 'verbose': 0, 'warm_start': False}",1.8992562294006348
Plant_oil,1,5,7,5,RNN,Scaling,0.518796992481203,0.4348239980226292,"{'hidden_size': 64, 'epochs': 10, 'batch_size': 32, 'lr': 0.001}",1.77020263671875
Plant_oil,1,5,7,10,KNN,Scaling,0.8464661654135338,0.8437775164746197,"{'algorithm': 'auto', 'leaf_size': 30, 'metric': 'minkowski', 'metric_params': None, 'n_jobs': None, 'n_neighbors': np.int64(8), 'p': 2, 'weights': 'distance'}",0.32308006286621094
Plant_oil,1,5,7,10,RandomForest,Scaling,0.8186466165413534,0.8116631881312667,"{'bootstrap': True, 'ccp_alpha': 0.0, 'class_weight': None, 'criterion': 'gini', 'max_depth': None, 'max_features': 'sqrt', 'max_leaf_nodes': None, 'max_samples': None, 'min_impurity_decrease': 0.0, 'min_samples_leaf': 1, 'min_samples_split': 2, 'min_weight_fraction_leaf': 0.0, 'monotonic_cst': None, 'n_estimators': 50, 'n_jobs': None, 'oob_score': False, 'random_state': 42, 'verbose': 0, 'warm_start': False}",14.88577675819397
Plant_oil,1,5,7,10,LinearSVC,Scaling,0.7227819548872181,0.7007619382970905,"{'C': np.float64(100.0), 'class_weight': None, 'dual': False, 'fit_intercept': True, 'intercept_scaling': 1, 'loss': 'squared_hinge', 'max_iter': 100, 'multi_class': 'ovr', 'penalty': 'l2', 'random_state': 42, 'tol': 0.0001, 'verbose': 0}",1.049884557723999
Plant_oil,1,5,7,10,LogisticRegression,Scaling,0.8169172932330827,0.814201132917304,"{'C': np.float64(100.0), 'class_weight': None, 'dual': False, 'fit_intercept': True, 'intercept_scaling': 1, 'l1_ratio': None, 'max_iter': 100, 'multi_class': 'deprecated', 'n_jobs': None, 'penalty': 'l2', 'random_state': 42, 'solver': 'lbfgs', 'tol': 0.0001, 'verbose': 0, 'warm_start': False}",3.9402763843536377
Plant_oil,1,5,7,10,RNN,Scaling,0.21052631578947367,0.15081155269125193,"{'hidden_size': 64, 'epochs': 10, 'batch_size': 32, 'lr': 0.001}",3.870229959487915
Plant_oil,1,5,7,2,KNN,Magnitude_Warping,0.8466917293233083,0.844502342947832,"{'algorithm': 'auto', 'leaf_size': 30, 'metric': 'minkowski', 'metric_params': None, 'n_jobs': None, 'n_neighbors': np.int64(8), 'p': 2, 'weights': 'distance'}",0.15508079528808594
Plant_oil,1,5,7,2,RandomForest,Magnitude_Warping,0.8057142857142857,0.8000601527481811,"{'bootstrap': True, 'ccp_alpha': 0.0, 'class_weight': None, 'criterion': 'gini', 'max_depth': None, 'max_features': 'sqrt', 'max_leaf_nodes': None, 'max_samples': None, 'min_impurity_decrease': 0.0, 'min_samples_leaf': 1, 'min_samples_split': 2, 'min_weight_fraction_leaf': 0.0, 'monotonic_cst': None, 'n_estimators': 50, 'n_jobs': None, 'oob_score': False, 'random_state': 42, 'verbose': 0, 'warm_start': False}",2.410475492477417
Plant_oil,1,5,7,2,LinearSVC,Magnitude_Warping,0.6791729323308271,0.6601998781651507,"{'C': np.float64(100.0), 'class_weight': None, 'dual': False, 'fit_intercept': True, 'intercept_scaling': 1, 'loss': 'squared_hinge', 'max_iter': 100, 'multi_class': 'ovr', 'penalty': 'l2', 'random_state': 42, 'tol': 0.0001, 'verbose': 0}",0.20023250579833984
Plant_oil,1,5,7,2,LogisticRegression,Magnitude_Warping,0.7984962406015037,0.7971116331939134,"{'C': np.float64(100.0), 'class_weight': None, 'dual': False, 'fit_intercept': True, 'intercept_scaling': 1, 'l1_ratio': None, 'max_iter': 100, 'multi_class': 'deprecated', 'n_jobs': None, 'penalty': 'l2', 'random_state': 42, 'solver': 'lbfgs', 'tol': 0.0001, 'verbose': 0, 'warm_start': False}",0.8124399185180664
Plant_oil,1,5,7,2,RNN,Magnitude_Warping,0.38345864661654133,0.283958410019506,"{'hidden_size': 64, 'epochs': 10, 'batch_size': 32, 'lr': 0.001}",0.8094277381896973
Plant_oil,1,5,7,3,KNN,Magnitude_Warping,0.8569924812030075,0.8551260141774961,"{'algorithm': 'auto', 'leaf_size': 30, 'metric': 'minkowski', 'metric_params': None, 'n_jobs': None, 'n_neighbors': np.int64(8), 'p': 2, 'weights': 'distance'}",0.18201136589050293
Plant_oil,1,5,7,3,RandomForest,Magnitude_Warping,0.8111278195488721,0.8059394916972014,"{'bootstrap': True, 'ccp_alpha': 0.0, 'class_weight': None, 'criterion': 'gini', 'max_depth': None, 'max_features': 'sqrt', 'max_leaf_nodes': None, 'max_samples': None, 'min_impurity_decrease': 0.0, 'min_samples_leaf': 1, 'min_samples_split': 2, 'min_weight_fraction_leaf': 0.0, 'monotonic_cst': None, 'n_estimators': 50, 'n_jobs': None, 'oob_score': False, 'random_state': 42, 'verbose': 0, 'warm_start': False}",3.874957799911499
Plant_oil,1,5,7,3,LinearSVC,Magnitude_Warping,0.6930075187969925,0.6655376859091379,"{'C': np.float64(100.0), 'class_weight': None, 'dual': False, 'fit_intercept': True, 'intercept_scaling': 1, 'loss': 'squared_hinge', 'max_iter': 100, 'multi_class': 'ovr', 'penalty': 'l2', 'random_state': 42, 'tol': 0.0001, 'verbose': 0}",0.2941935062408447
Plant_oil,1,5,7,3,LogisticRegression,Magnitude_Warping,0.8030827067669173,0.8022138671618532,"{'C': np.float64(100.0), 'class_weight': None, 'dual': False, 'fit_intercept': True, 'intercept_scaling': 1, 'l1_ratio': None, 'max_iter': 100, 'multi_class': 'deprecated', 'n_jobs': None, 'penalty': 'l2', 'random_state': 42, 'solver': 'lbfgs', 'tol': 0.0001, 'verbose': 0, 'warm_start': False}",1.197892665863037
Plant_oil,1,5,7,3,RNN,Magnitude_Warping,0.43609022556390975,0.3323778137256684,"{'hidden_size': 64, 'epochs': 10, 'batch_size': 32, 'lr': 0.001}",1.1153616905212402
Plant_oil,1,5,7,5,KNN,Magnitude_Warping,0.8526315789473684,0.8505047341189276,"{'algorithm': 'auto', 'leaf_size': 30, 'metric': 'minkowski', 'metric_params': None, 'n_jobs': None, 'n_neighbors': np.int64(8), 'p': 2, 'weights': 'distance'}",0.239013671875
Plant_oil,1,5,7,5,RandomForest,Magnitude_Warping,0.8142105263157895,0.8097971976388276,"{'bootstrap': True, 'ccp_alpha': 0.0, 'class_weight': None, 'criterion': 'gini', 'max_depth': None, 'max_features': 'sqrt', 'max_leaf_nodes': None, 'max_samples': None, 'min_impurity_decrease': 0.0, 'min_samples_leaf': 1, 'min_samples_split': 2, 'min_weight_fraction_leaf': 0.0, 'monotonic_cst': None, 'n_estimators': 50, 'n_jobs': None, 'oob_score': False, 'random_state': 42, 'verbose': 0, 'warm_start': False}",6.940098285675049
Plant_oil,1,5,7,5,LinearSVC,Magnitude_Warping,0.6623308270676692,0.6308489073682954,"{'C': np.float64(100.0), 'class_weight': None, 'dual': False, 'fit_intercept': True, 'intercept_scaling': 1, 'loss': 'squared_hinge', 'max_iter': 100, 'multi_class': 'ovr', 'penalty': 'l2', 'random_state': 42, 'tol': 0.0001, 'verbose': 0}",0.472104549407959
Plant_oil,1,5,7,5,LogisticRegression,Magnitude_Warping,0.8007518796992481,0.7978925215208621,"{'C': np.float64(100.0), 'class_weight': None, 'dual': False, 'fit_intercept': True, 'intercept_scaling': 1, 'l1_ratio': None, 'max_iter': 100, 'multi_class': 'deprecated', 'n_jobs': None, 'penalty': 'l2', 'random_state': 42, 'solver': 'lbfgs', 'tol': 0.0001, 'verbose': 0, 'warm_start': False}",1.9400153160095215
Plant_oil,1,5,7,5,RNN,Magnitude_Warping,0.6616541353383458,0.6015585986209702,"{'hidden_size': 64, 'epochs': 10, 'batch_size': 32, 'lr': 0.001}",1.7301366329193115
Plant_oil,1,5,7,10,KNN,Magnitude_Warping,0.8386466165413534,0.8350108434699439,"{'algorithm': 'auto', 'leaf_size': 30, 'metric': 'minkowski', 'metric_params': None, 'n_jobs': None, 'n_neighbors': np.int64(8), 'p': 2, 'weights': 'distance'}",0.34832262992858887
Plant_oil,1,5,7,10,RandomForest,Magnitude_Warping,0.8121804511278196,0.8077822558633871,"{'bootstrap': True, 'ccp_alpha': 0.0, 'class_weight': None, 'criterion': 'gini', 'max_depth': None, 'max_features': 'sqrt', 'max_leaf_nodes': None, 'max_samples': None, 'min_impurity_decrease': 0.0, 'min_samples_leaf': 1, 'min_samples_split': 2, 'min_weight_fraction_leaf': 0.0, 'monotonic_cst': None, 'n_estimators': 50, 'n_jobs': None, 'oob_score': False, 'random_state': 42, 'verbose': 0, 'warm_start': False}",15.55888295173645
Plant_oil,1,5,7,10,LinearSVC,Magnitude_Warping,0.6736842105263158,0.6462100565361232,"{'C': np.float64(100.0), 'class_weight': None, 'dual': False, 'fit_intercept': True, 'intercept_scaling': 1, 'loss': 'squared_hinge', 'max_iter': 100, 'multi_class': 'ovr', 'penalty': 'l2', 'random_state': 42, 'tol': 0.0001, 'verbose': 0}",1.212129831314087
Plant_oil,1,5,7,10,LogisticRegression,Magnitude_Warping,0.8042105263157895,0.8015682124730463,"{'C': np.float64(100.0), 'class_weight': None, 'dual': False, 'fit_intercept': True, 'intercept_scaling': 1, 'l1_ratio': None, 'max_iter': 100, 'multi_class': 'deprecated', 'n_jobs': None, 'penalty': 'l2', 'random_state': 42, 'solver': 'lbfgs', 'tol': 0.0001, 'verbose': 0, 'warm_start': False}",5.044655084609985
Plant_oil,1,5,7,10,RNN,Magnitude_Warping,0.5939849624060151,0.5312185839906699,"{'hidden_size': 64, 'epochs': 10, 'batch_size': 32, 'lr': 0.001}",3.816643714904785
Plant_oil,1,5,7,2,KNN,Time_Warping,0.8451127819548873,0.8427254908732449,"{'algorithm': 'auto', 'leaf_size': 30, 'metric': 'minkowski', 'metric_params': None, 'n_jobs': None, 'n_neighbors': np.int64(8), 'p': 2, 'weights': 'distance'}",0.15644073486328125
Plant_oil,1,5,7,2,RandomForest,Time_Warping,0.8066917293233082,0.8006115608772101,"{'bootstrap': True, 'ccp_alpha': 0.0, 'class_weight': None, 'criterion': 'gini', 'max_depth': None, 'max_features': 'sqrt', 'max_leaf_nodes': None, 'max_samples': None, 'min_impurity_decrease': 0.0, 'min_samples_leaf': 1, 'min_samples_split': 2, 'min_weight_fraction_leaf': 0.0, 'monotonic_cst': None, 'n_estimators': 50, 'n_jobs': None, 'oob_score': False, 'random_state': 42, 'verbose': 0, 'warm_start': False}",2.230095386505127
Plant_oil,1,5,7,2,LinearSVC,Time_Warping,0.6887218045112782,0.6602822175283032,"{'C': np.float64(100.0), 'class_weight': None, 'dual': False, 'fit_intercept': True, 'intercept_scaling': 1, 'loss': 'squared_hinge', 'max_iter': 100, 'multi_class': 'ovr', 'penalty': 'l2', 'random_state': 42, 'tol': 0.0001, 'verbose': 0}",0.20175886154174805
Plant_oil,1,5,7,2,LogisticRegression,Time_Warping,0.8130827067669173,0.8101752277365916,"{'C': np.float64(100.0), 'class_weight': None, 'dual': False, 'fit_intercept': True, 'intercept_scaling': 1, 'l1_ratio': None, 'max_iter': 100, 'multi_class': 'deprecated', 'n_jobs': None, 'penalty': 'l2', 'random_state': 42, 'solver': 'lbfgs', 'tol': 0.0001, 'verbose': 0, 'warm_start': False}",0.8061568737030029
Plant_oil,1,5,7,2,RNN,Time_Warping,0.3082706766917293,0.2269434051784665,"{'hidden_size': 64, 'epochs': 10, 'batch_size': 32, 'lr': 0.001}",0.7480878829956055
Plant_oil,1,5,7,3,KNN,Time_Warping,0.8442105263157895,0.8420161258204507,"{'algorithm': 'auto', 'leaf_size': 30, 'metric': 'minkowski', 'metric_params': None, 'n_jobs': None, 'n_neighbors': np.int64(8), 'p': 2, 'weights': 'distance'}",0.1834886074066162
Plant_oil,1,5,7,3,RandomForest,Time_Warping,0.7956390977443609,0.7888249168291088,"{'bootstrap': True, 'ccp_alpha': 0.0, 'class_weight': None, 'criterion': 'gini', 'max_depth': None, 'max_features': 'sqrt', 'max_leaf_nodes': None, 'max_samples': None, 'min_impurity_decrease': 0.0, 'min_samples_leaf': 1, 'min_samples_split': 2, 'min_weight_fraction_leaf': 0.0, 'monotonic_cst': None, 'n_estimators': 50, 'n_jobs': None, 'oob_score': False, 'random_state': 42, 'verbose': 0, 'warm_start': False}",3.4518239498138428
Plant_oil,1,5,7,3,LinearSVC,Time_Warping,0.6623308270676692,0.6369936408058587,"{'C': np.float64(100.0), 'class_weight': None, 'dual': False, 'fit_intercept': True, 'intercept_scaling': 1, 'loss': 'squared_hinge', 'max_iter': 100, 'multi_class': 'ovr', 'penalty': 'l2', 'random_state': 42, 'tol': 0.0001, 'verbose': 0}",0.2939436435699463
Plant_oil,1,5,7,3,LogisticRegression,Time_Warping,0.8123308270676691,0.8102471341202302,"{'C': np.float64(100.0), 'class_weight': None, 'dual': False, 'fit_intercept': True, 'intercept_scaling': 1, 'l1_ratio': None, 'max_iter': 100, 'multi_class': 'deprecated', 'n_jobs': None, 'penalty': 'l2', 'random_state': 42, 'solver': 'lbfgs', 'tol': 0.0001, 'verbose': 0, 'warm_start': False}",1.1379907131195068
Plant_oil,1,5,7,3,RNN,Time_Warping,0.37593984962406013,0.2919087492105351,"{'hidden_size': 64, 'epochs': 10, 'batch_size': 32, 'lr': 0.001}",1.0751092433929443
Plant_oil,1,5,7,5,KNN,Time_Warping,0.8521804511278196,0.8499973504729332,"{'algorithm': 'auto', 'leaf_size': 30, 'metric': 'minkowski', 'metric_params': None, 'n_jobs': None, 'n_neighbors': np.int64(8), 'p': 2, 'weights': 'distance'}",0.24042081832885742
Plant_oil,1,5,7,5,RandomForest,Time_Warping,0.7990225563909774,0.7921076728528018,"{'bootstrap': True, 'ccp_alpha': 0.0, 'class_weight': None, 'criterion': 'gini', 'max_depth': None, 'max_features': 'sqrt', 'max_leaf_nodes': None, 'max_samples': None, 'min_impurity_decrease': 0.0, 'min_samples_leaf': 1, 'min_samples_split': 2, 'min_weight_fraction_leaf': 0.0, 'monotonic_cst': None, 'n_estimators': 50, 'n_jobs': None, 'oob_score': False, 'random_state': 42, 'verbose': 0, 'warm_start': False}",6.02290940284729
Plant_oil,1,5,7,5,LinearSVC,Time_Warping,0.673609022556391,0.6417440386314437,"{'C': np.float64(100.0), 'class_weight': None, 'dual': False, 'fit_intercept': True, 'intercept_scaling': 1, 'loss': 'squared_hinge', 'max_iter': 100, 'multi_class': 'ovr', 'penalty': 'l2', 'random_state': 42, 'tol': 0.0001, 'verbose': 0}",0.48755383491516113
Plant_oil,1,5,7,5,LogisticRegression,Time_Warping,0.8154135338345865,0.813713725611244,"{'C': np.float64(100.0), 'class_weight': None, 'dual': False, 'fit_intercept': True, 'intercept_scaling': 1, 'l1_ratio': None, 'max_iter': 100, 'multi_class': 'deprecated', 'n_jobs': None, 'penalty': 'l2', 'random_state': 42, 'solver': 'lbfgs', 'tol': 0.0001, 'verbose': 0, 'warm_start': False}",1.9320335388183594
Plant_oil,1,5,7,5,RNN,Time_Warping,0.5488721804511278,0.46140993001404906,"{'hidden_size': 64, 'epochs': 10, 'batch_size': 32, 'lr': 0.001}",1.8993504047393799
Plant_oil,1,5,7,10,KNN,Time_Warping,0.8451127819548873,0.8433290942302719,"{'algorithm': 'auto', 'leaf_size': 30, 'metric': 'minkowski', 'metric_params': None, 'n_jobs': None, 'n_neighbors': np.int64(8), 'p': 2, 'weights': 'distance'}",0.3660292625427246
Plant_oil,1,5,7,10,RandomForest,Time_Warping,0.785187969924812,0.7788244708426921,"{'bootstrap': True, 'ccp_alpha': 0.0, 'class_weight': None, 'criterion': 'gini', 'max_depth': None, 'max_features': 'sqrt', 'max_leaf_nodes': None, 'max_samples': None, 'min_impurity_decrease': 0.0, 'min_samples_leaf': 1, 'min_samples_split': 2, 'min_weight_fraction_leaf': 0.0, 'monotonic_cst': None, 'n_estimators': 50, 'n_jobs': None, 'oob_score': False, 'random_state': 42, 'verbose': 0, 'warm_start': False}",13.693479299545288
Plant_oil,1,5,7,10,LinearSVC,Time_Warping,0.6790225563909774,0.650788707180503,"{'C': np.float64(100.0), 'class_weight': None, 'dual': False, 'fit_intercept': True, 'intercept_scaling': 1, 'loss': 'squared_hinge', 'max_iter': 100, 'multi_class': 'ovr', 'penalty': 'l2', 'random_state': 42, 'tol': 0.0001, 'verbose': 0}",1.0838696956634521
Plant_oil,1,5,7,10,LogisticRegression,Time_Warping,0.8163157894736842,0.8142560780484372,"{'C': np.float64(100.0), 'class_weight': None, 'dual': False, 'fit_intercept': True, 'intercept_scaling': 1, 'l1_ratio': None, 'max_iter': 100, 'multi_class': 'deprecated', 'n_jobs': None, 'penalty': 'l2', 'random_state': 42, 'solver': 'lbfgs', 'tol': 0.0001, 'verbose': 0, 'warm_start': False}",3.8422234058380127
Plant_oil,1,5,7,10,RNN,Time_Warping,0.5714285714285714,0.4898816481047624,"{'hidden_size': 64, 'epochs': 10, 'batch_size': 32, 'lr': 0.001}",3.8167083263397217
Plant_oil,1,5,7,2,KNN,SMOTE,0.8662406015037594,0.8642258811716675,"{'algorithm': 'auto', 'leaf_size': 30, 'metric': 'minkowski', 'metric_params': None, 'n_jobs': None, 'n_neighbors': np.int64(8), 'p': 2, 'weights': 'distance'}",0.13601136207580566
Plant_oil,1,5,7,2,RandomForest,SMOTE,0.8178195488721804,0.8118670769482611,"{'bootstrap': True, 'ccp_alpha': 0.0, 'class_weight': None, 'criterion': 'gini', 'max_depth': None, 'max_features': 'sqrt', 'max_leaf_nodes': None, 'max_samples': None, 'min_impurity_decrease': 0.0, 'min_samples_leaf': 1, 'min_samples_split': 2, 'min_weight_fraction_leaf': 0.0, 'monotonic_cst': None, 'n_estimators': 50, 'n_jobs': None, 'oob_score': False, 'random_state': 42, 'verbose': 0, 'warm_start': False}",2.248354196548462
Plant_oil,1,5,7,2,LinearSVC,SMOTE,0.7467669172932331,0.7360254963042566,"{'C': np.float64(100.0), 'class_weight': None, 'dual': False, 'fit_intercept': True, 'intercept_scaling': 1, 'loss': 'squared_hinge', 'max_iter': 100, 'multi_class': 'ovr', 'penalty': 'l2', 'random_state': 42, 'tol': 0.0001, 'verbose': 0}",0.20874357223510742
Plant_oil,1,5,7,2,LogisticRegression,SMOTE,0.8264661654135338,0.8229948049357383,"{'C': np.float64(100.0), 'class_weight': None, 'dual': False, 'fit_intercept': True, 'intercept_scaling': 1, 'l1_ratio': None, 'max_iter': 100, 'multi_class': 'deprecated', 'n_jobs': None, 'penalty': 'l2', 'random_state': 42, 'solver': 'lbfgs', 'tol': 0.0001, 'verbose': 0, 'warm_start': False}",0.7936267852783203
Plant_oil,1,5,7,2,RNN,SMOTE,0.3533834586466165,0.22996705049336624,"{'hidden_size': 64, 'epochs': 10, 'batch_size': 32, 'lr': 0.001}",0.7221088409423828
Plant_oil,1,5,7,3,KNN,SMOTE,0.879172932330827,0.8779954069645337,"{'algorithm': 'auto', 'leaf_size': 30, 'metric': 'minkowski', 'metric_params': None, 'n_jobs': None, 'n_neighbors': np.int64(8), 'p': 2, 'weights': 'distance'}",0.15273332595825195
Plant_oil,1,5,7,3,RandomForest,SMOTE,0.8233834586466166,0.8190141149370579,"{'bootstrap': True, 'ccp_alpha': 0.0, 'class_weight': None, 'criterion': 'gini', 'max_depth': None, 'max_features': 'sqrt', 'max_leaf_nodes': None, 'max_samples': None, 'min_impurity_decrease': 0.0, 'min_samples_leaf': 1, 'min_samples_split': 2, 'min_weight_fraction_leaf': 0.0, 'monotonic_cst': None, 'n_estimators': 50, 'n_jobs': None, 'oob_score': False, 'random_state': 42, 'verbose': 0, 'warm_start': False}",3.481889486312866
Plant_oil,1,5,7,3,LinearSVC,SMOTE,0.7466917293233083,0.7337860452672861,"{'C': np.float64(100.0), 'class_weight': None, 'dual': False, 'fit_intercept': True, 'intercept_scaling': 1, 'loss': 'squared_hinge', 'max_iter': 100, 'multi_class': 'ovr', 'penalty': 'l2', 'random_state': 42, 'tol': 0.0001, 'verbose': 0}",0.30843591690063477
Plant_oil,1,5,7,3,LogisticRegression,SMOTE,0.8196240601503759,0.8172140859101498,"{'C': np.float64(100.0), 'class_weight': None, 'dual': False, 'fit_intercept': True, 'intercept_scaling': 1, 'l1_ratio': None, 'max_iter': 100, 'multi_class': 'deprecated', 'n_jobs': None, 'penalty': 'l2', 'random_state': 42, 'solver': 'lbfgs', 'tol': 0.0001, 'verbose': 0, 'warm_start': False}",1.1466436386108398
Plant_oil,1,5,7,3,RNN,SMOTE,0.49624060150375937,0.40650080913238806,"{'hidden_size': 64, 'epochs': 10, 'batch_size': 32, 'lr': 0.001}",1.1102139949798584
Plant_oil,1,5,7,5,KNN,SMOTE,0.8736842105263158,0.8715488942920876,"{'algorithm': 'auto', 'leaf_size': 30, 'metric': 'minkowski', 'metric_params': None, 'n_jobs': None, 'n_neighbors': np.int64(8), 'p': 2, 'weights': 'distance'}",0.1906278133392334
Plant_oil,1,5,7,5,RandomForest,SMOTE,0.823609022556391,0.8186326868020566,"{'bootstrap': True, 'ccp_alpha': 0.0, 'class_weight': None, 'criterion': 'gini', 'max_depth': None, 'max_features': 'sqrt', 'max_leaf_nodes': None, 'max_samples': None, 'min_impurity_decrease': 0.0, 'min_samples_leaf': 1, 'min_samples_split': 2, 'min_weight_fraction_leaf': 0.0, 'monotonic_cst': None, 'n_estimators': 50, 'n_jobs': None, 'oob_score': False, 'random_state': 42, 'verbose': 0, 'warm_start': False}",6.378898620605469
Plant_oil,1,5,7,5,LinearSVC,SMOTE,0.7562406015037594,0.7463173875551782,"{'C': np.float64(100.0), 'class_weight': None, 'dual': False, 'fit_intercept': True, 'intercept_scaling': 1, 'loss': 'squared_hinge', 'max_iter': 100, 'multi_class': 'ovr', 'penalty': 'l2', 'random_state': 42, 'tol': 0.0001, 'verbose': 0}",0.5448784828186035
Plant_oil,1,5,7,5,LogisticRegression,SMOTE,0.8254887218045113,0.8208206228408516,"{'C': np.float64(100.0), 'class_weight': None, 'dual': False, 'fit_intercept': True, 'intercept_scaling': 1, 'l1_ratio': None, 'max_iter': 100, 'multi_class': 'deprecated', 'n_jobs': None, 'penalty': 'l2', 'random_state': 42, 'solver': 'lbfgs', 'tol': 0.0001, 'verbose': 0, 'warm_start': False}",2.071866035461426
Plant_oil,1,5,7,5,RNN,SMOTE,0.48120300751879697,0.40299952652544657,"{'hidden_size': 64, 'epochs': 10, 'batch_size': 32, 'lr': 0.001}",1.9287762641906738
Plant_oil,1,5,7,10,KNN,SMOTE,0.8754135338345864,0.8737117329052709,"{'algorithm': 'auto', 'leaf_size': 30, 'metric': 'minkowski', 'metric_params': None, 'n_jobs': None, 'n_neighbors': np.int64(8), 'p': 2, 'weights': 'distance'}",0.274702787399292
Plant_oil,1,5,7,10,RandomForest,SMOTE,0.8205263157894737,0.8172466520029875,"{'bootstrap': True, 'ccp_alpha': 0.0, 'class_weight': None, 'criterion': 'gini', 'max_depth': None, 'max_features': 'sqrt', 'max_leaf_nodes': None, 'max_samples': None, 'min_impurity_decrease': 0.0, 'min_samples_leaf': 1, 'min_samples_split': 2, 'min_weight_fraction_leaf': 0.0, 'monotonic_cst': None, 'n_estimators': 50, 'n_jobs': None, 'oob_score': False, 'random_state': 42, 'verbose': 0, 'warm_start': False}",14.256697177886963
Plant_oil,1,5,7,10,LinearSVC,SMOTE,0.7296992481203007,0.7184219894530331,"{'C': np.float64(100.0), 'class_weight': None, 'dual': False, 'fit_intercept': True, 'intercept_scaling': 1, 'loss': 'squared_hinge', 'max_iter': 100, 'multi_class': 'ovr', 'penalty': 'l2', 'random_state': 42, 'tol': 0.0001, 'verbose': 0}",1.1553325653076172
Plant_oil,1,5,7,10,LogisticRegression,SMOTE,0.8069924812030075,0.8035639820252195,"{'C': np.float64(100.0), 'class_weight': None, 'dual': False, 'fit_intercept': True, 'intercept_scaling': 1, 'l1_ratio': None, 'max_iter': 100, 'multi_class': 'deprecated', 'n_jobs': None, 'penalty': 'l2', 'random_state': 42, 'solver': 'lbfgs', 'tol': 0.0001, 'verbose': 0, 'warm_start': False}",4.00137734413147
Plant_oil,1,5,7,10,RNN,SMOTE,0.44360902255639095,0.4052082911437179,"{'hidden_size': 64, 'epochs': 10, 'batch_size': 32, 'lr': 0.001}",3.810520648956299
Plant_oil,1,5,7,2,KNN,Mixup,0.8584962406015038,0.8569343400324629,"{'algorithm': 'auto', 'leaf_size': 30, 'metric': 'minkowski', 'metric_params': None, 'n_jobs': None, 'n_neighbors': np.int64(8), 'p': 2, 'weights': 'distance'}",0.1350688934326172
Plant_oil,1,5,7,2,RandomForest,Mixup,0.8194736842105264,0.8161502479286079,"{'bootstrap': True, 'ccp_alpha': 0.0, 'class_weight': None, 'criterion': 'gini', 'max_depth': None, 'max_features': 'sqrt', 'max_leaf_nodes': None, 'max_samples': None, 'min_impurity_decrease': 0.0, 'min_samples_leaf': 1, 'min_samples_split': 2, 'min_weight_fraction_leaf': 0.0, 'monotonic_cst': None, 'n_estimators': 50, 'n_jobs': None, 'oob_score': False, 'random_state': 42, 'verbose': 0, 'warm_start': False}",2.2155113220214844
Plant_oil,1,5,7,2,LinearSVC,Mixup,0.7462406015037594,0.7344987982550945,"{'C': np.float64(100.0), 'class_weight': None, 'dual': False, 'fit_intercept': True, 'intercept_scaling': 1, 'loss': 'squared_hinge', 'max_iter': 100, 'multi_class': 'ovr', 'penalty': 'l2', 'random_state': 42, 'tol': 0.0001, 'verbose': 0}",0.21515488624572754
Plant_oil,1,5,7,2,LogisticRegression,Mixup,0.8293984962406015,0.8276390610584949,"{'C': np.float64(100.0), 'class_weight': None, 'dual': False, 'fit_intercept': True, 'intercept_scaling': 1, 'l1_ratio': None, 'max_iter': 100, 'multi_class': 'deprecated', 'n_jobs': None, 'penalty': 'l2', 'random_state': 42, 'solver': 'lbfgs', 'tol': 0.0001, 'verbose': 0, 'warm_start': False}",0.7776687145233154
Plant_oil,1,5,7,2,RNN,Mixup,0.3609022556390977,0.23310976813501869,"{'hidden_size': 64, 'epochs': 10, 'batch_size': 32, 'lr': 0.001}",0.8025214672088623
Plant_oil,1,5,7,3,KNN,Mixup,0.8622556390977444,0.8599314765713275,"{'algorithm': 'auto', 'leaf_size': 30, 'metric': 'minkowski', 'metric_params': None, 'n_jobs': None, 'n_neighbors': np.int64(8), 'p': 2, 'weights': 'distance'}",0.14956402778625488
Plant_oil,1,5,7,3,RandomForest,Mixup,0.8223308270676691,0.8164162062793024,"{'bootstrap': True, 'ccp_alpha': 0.0, 'class_weight': None, 'criterion': 'gini', 'max_depth': None, 'max_features': 'sqrt', 'max_leaf_nodes': None, 'max_samples': None, 'min_impurity_decrease': 0.0, 'min_samples_leaf': 1, 'min_samples_split': 2, 'min_weight_fraction_leaf': 0.0, 'monotonic_cst': None, 'n_estimators': 50, 'n_jobs': None, 'oob_score': False, 'random_state': 42, 'verbose': 0, 'warm_start': False}",3.041724443435669
Plant_oil,1,5,7,3,LinearSVC,Mixup,0.7569172932330827,0.7436282918951695,"{'C': np.float64(100.0), 'class_weight': None, 'dual': False, 'fit_intercept': True, 'intercept_scaling': 1, 'loss': 'squared_hinge', 'max_iter': 100, 'multi_class': 'ovr', 'penalty': 'l2', 'random_state': 42, 'tol': 0.0001, 'verbose': 0}",0.32079410552978516
Plant_oil,1,5,7,3,LogisticRegression,Mixup,0.8329323308270676,0.8304338313711913,"{'C': np.float64(100.0), 'class_weight': None, 'dual': False, 'fit_intercept': True, 'intercept_scaling': 1, 'l1_ratio': None, 'max_iter': 100, 'multi_class': 'deprecated', 'n_jobs': None, 'penalty': 'l2', 'random_state': 42, 'solver': 'lbfgs', 'tol': 0.0001, 'verbose': 0, 'warm_start': False}",1.1441278457641602
Plant_oil,1,5,7,3,RNN,Mixup,0.3383458646616541,0.2515735129512219,"{'hidden_size': 64, 'epochs': 10, 'batch_size': 32, 'lr': 0.001}",1.0575814247131348
Plant_oil,1,5,7,5,KNN,Mixup,0.876390977443609,0.8747914842972659,"{'algorithm': 'auto', 'leaf_size': 30, 'metric': 'minkowski', 'metric_params': None, 'n_jobs': None, 'n_neighbors': np.int64(8), 'p': 2, 'weights': 'distance'}",0.18468236923217773
Plant_oil,1,5,7,5,RandomForest,Mixup,0.834812030075188,0.8296572818374811,"{'bootstrap': True, 'ccp_alpha': 0.0, 'class_weight': None, 'criterion': 'gini', 'max_depth': None, 'max_features': 'sqrt', 'max_leaf_nodes': None, 'max_samples': None, 'min_impurity_decrease': 0.0, 'min_samples_leaf': 1, 'min_samples_split': 2, 'min_weight_fraction_leaf': 0.0, 'monotonic_cst': None, 'n_estimators': 50, 'n_jobs': None, 'oob_score': False, 'random_state': 42, 'verbose': 0, 'warm_start': False}",5.301034450531006
Plant_oil,1,5,7,5,LinearSVC,Mixup,0.7396992481203007,0.727115033720025,"{'C': np.float64(100.0), 'class_weight': None, 'dual': False, 'fit_intercept': True, 'intercept_scaling': 1, 'loss': 'squared_hinge', 'max_iter': 100, 'multi_class': 'ovr', 'penalty': 'l2', 'random_state': 42, 'tol': 0.0001, 'verbose': 0}",0.5314149856567383
Plant_oil,1,5,7,5,LogisticRegression,Mixup,0.8336842105263158,0.8315375136694116,"{'C': np.float64(100.0), 'class_weight': None, 'dual': False, 'fit_intercept': True, 'intercept_scaling': 1, 'l1_ratio': None, 'max_iter': 100, 'multi_class': 'deprecated', 'n_jobs': None, 'penalty': 'l2', 'random_state': 42, 'solver': 'lbfgs', 'tol': 0.0001, 'verbose': 0, 'warm_start': False}",1.9470057487487793
Plant_oil,1,5,7,5,RNN,Mixup,0.5037593984962406,0.43927203065134096,"{'hidden_size': 64, 'epochs': 10, 'batch_size': 32, 'lr': 0.001}",1.9467644691467285
Plant_oil,1,5,7,10,KNN,Mixup,0.8778947368421053,0.8765265546994357,"{'algorithm': 'auto', 'leaf_size': 30, 'metric': 'minkowski', 'metric_params': None, 'n_jobs': None, 'n_neighbors': np.int64(8), 'p': 2, 'weights': 'distance'}",0.27306246757507324
Plant_oil,1,5,7,10,RandomForest,Mixup,0.8252631578947368,0.8217690499079512,"{'bootstrap': True, 'ccp_alpha': 0.0, 'class_weight': None, 'criterion': 'gini', 'max_depth': None, 'max_features': 'sqrt', 'max_leaf_nodes': None, 'max_samples': None, 'min_impurity_decrease': 0.0, 'min_samples_leaf': 1, 'min_samples_split': 2, 'min_weight_fraction_leaf': 0.0, 'monotonic_cst': None, 'n_estimators': 50, 'n_jobs': None, 'oob_score': False, 'random_state': 42, 'verbose': 0, 'warm_start': False}",11.963657855987549
Plant_oil,1,5,7,10,LinearSVC,Mixup,0.7285714285714285,0.7155638490077452,"{'C': np.float64(100.0), 'class_weight': None, 'dual': False, 'fit_intercept': True, 'intercept_scaling': 1, 'loss': 'squared_hinge', 'max_iter': 100, 'multi_class': 'ovr', 'penalty': 'l2', 'random_state': 42, 'tol': 0.0001, 'verbose': 0}",1.2094595432281494
Plant_oil,1,5,7,10,LogisticRegression,Mixup,0.8296992481203007,0.8272753351508648,"{'C': np.float64(100.0), 'class_weight': None, 'dual': False, 'fit_intercept': True, 'intercept_scaling': 1, 'l1_ratio': None, 'max_iter': 100, 'multi_class': 'deprecated', 'n_jobs': None, 'penalty': 'l2', 'random_state': 42, 'solver': 'lbfgs', 'tol': 0.0001, 'verbose': 0, 'warm_start': False}",3.865753173828125
Plant_oil,1,5,7,10,RNN,Mixup,0.6917293233082706,0.65387312526151,"{'hidden_size': 64, 'epochs': 10, 'batch_size': 32, 'lr': 0.001}",3.6999850273132324
Plant_oil,1,5,7,2,KNN,GMM,0.8582706766917293,0.8560222767653384,"{'algorithm': 'auto', 'leaf_size': 30, 'metric': 'minkowski', 'metric_params': None, 'n_jobs': None, 'n_neighbors': np.int64(8), 'p': 2, 'weights': 'distance'}",0.15540170669555664
Plant_oil,1,5,7,2,RandomForest,GMM,0.8181203007518797,0.8138353084650102,"{'bootstrap': True, 'ccp_alpha': 0.0, 'class_weight': None, 'criterion': 'gini', 'max_depth': None, 'max_features': 'sqrt', 'max_leaf_nodes': None, 'max_samples': None, 'min_impurity_decrease': 0.0, 'min_samples_leaf': 1, 'min_samples_split': 2, 'min_weight_fraction_leaf': 0.0, 'monotonic_cst': None, 'n_estimators': 50, 'n_jobs': None, 'oob_score': False, 'random_state': 42, 'verbose': 0, 'warm_start': False}",2.373126745223999
Plant_oil,1,5,7,2,LinearSVC,GMM,0.7554887218045113,0.7361582146486699,"{'C': np.float64(100.0), 'class_weight': None, 'dual': False, 'fit_intercept': True, 'intercept_scaling': 1, 'loss': 'squared_hinge', 'max_iter': 100, 'multi_class': 'ovr', 'penalty': 'l2', 'random_state': 42, 'tol': 0.0001, 'verbose': 0}",0.20853638648986816
Plant_oil,1,5,7,2,LogisticRegression,GMM,0.8310526315789474,0.8298276204635382,"{'C': np.float64(100.0), 'class_weight': None, 'dual': False, 'fit_intercept': True, 'intercept_scaling': 1, 'l1_ratio': None, 'max_iter': 100, 'multi_class': 'deprecated', 'n_jobs': None, 'penalty': 'l2', 'random_state': 42, 'solver': 'lbfgs', 'tol': 0.0001, 'verbose': 0, 'warm_start': False}",0.8045120239257812
Plant_oil,1,5,7,2,RNN,GMM,0.2781954887218045,0.17711926856654198,"{'hidden_size': 64, 'epochs': 10, 'batch_size': 32, 'lr': 0.001}",0.7864861488342285
Plant_oil,1,5,7,3,KNN,GMM,0.8561654135338346,0.8536340204652764,"{'algorithm': 'auto', 'leaf_size': 30, 'metric': 'minkowski', 'metric_params': None, 'n_jobs': None, 'n_neighbors': np.int64(8), 'p': 2, 'weights': 'distance'}",0.18201756477355957
Plant_oil,1,5,7,3,RandomForest,GMM,0.8173684210526316,0.8130919436905666,"{'bootstrap': True, 'ccp_alpha': 0.0, 'class_weight': None, 'criterion': 'gini', 'max_depth': None, 'max_features': 'sqrt', 'max_leaf_nodes': None, 'max_samples': None, 'min_impurity_decrease': 0.0, 'min_samples_leaf': 1, 'min_samples_split': 2, 'min_weight_fraction_leaf': 0.0, 'monotonic_cst': None, 'n_estimators': 50, 'n_jobs': None, 'oob_score': False, 'random_state': 42, 'verbose': 0, 'warm_start': False}",3.810425281524658
Plant_oil,1,5,7,3,LinearSVC,GMM,0.7381203007518797,0.7160614033169487,"{'C': np.float64(100.0), 'class_weight': None, 'dual': False, 'fit_intercept': True, 'intercept_scaling': 1, 'loss': 'squared_hinge', 'max_iter': 100, 'multi_class': 'ovr', 'penalty': 'l2', 'random_state': 42, 'tol': 0.0001, 'verbose': 0}",0.3096048831939697
Plant_oil,1,5,7,3,LogisticRegression,GMM,0.8330827067669173,0.8313103245908338,"{'C': np.float64(100.0), 'class_weight': None, 'dual': False, 'fit_intercept': True, 'intercept_scaling': 1, 'l1_ratio': None, 'max_iter': 100, 'multi_class': 'deprecated', 'n_jobs': None, 'penalty': 'l2', 'random_state': 42, 'solver': 'lbfgs', 'tol': 0.0001, 'verbose': 0, 'warm_start': False}",1.2195286750793457
Plant_oil,1,5,7,3,RNN,GMM,0.39849624060150374,0.31503143922710564,"{'hidden_size': 64, 'epochs': 10, 'batch_size': 32, 'lr': 0.001}",1.220111608505249
Plant_oil,1,5,7,5,KNN,GMM,0.8547368421052631,0.8522838607712822,"{'algorithm': 'auto', 'leaf_size': 30, 'metric': 'minkowski', 'metric_params': None, 'n_jobs': None, 'n_neighbors': np.int64(8), 'p': 2, 'weights': 'distance'}",0.23617768287658691
Plant_oil,1,5,7,5,RandomForest,GMM,0.8182706766917294,0.8140717721593856,"{'bootstrap': True, 'ccp_alpha': 0.0, 'class_weight': None, 'criterion': 'gini', 'max_depth': None, 'max_features': 'sqrt', 'max_leaf_nodes': None, 'max_samples': None, 'min_impurity_decrease': 0.0, 'min_samples_leaf': 1, 'min_samples_split': 2, 'min_weight_fraction_leaf': 0.0, 'monotonic_cst': None, 'n_estimators': 50, 'n_jobs': None, 'oob_score': False, 'random_state': 42, 'verbose': 0, 'warm_start': False}",6.806502103805542
Plant_oil,1,5,7,5,LinearSVC,GMM,0.7387218045112782,0.7175317974040262,"{'C': np.float64(100.0), 'class_weight': None, 'dual': False, 'fit_intercept': True, 'intercept_scaling': 1, 'loss': 'squared_hinge', 'max_iter': 100, 'multi_class': 'ovr', 'penalty': 'l2', 'random_state': 42, 'tol': 0.0001, 'verbose': 0}",0.5118374824523926
Plant_oil,1,5,7,5,LogisticRegression,GMM,0.8244360902255639,0.8234363443360354,"{'C': np.float64(100.0), 'class_weight': None, 'dual': False, 'fit_intercept': True, 'intercept_scaling': 1, 'l1_ratio': None, 'max_iter': 100, 'multi_class': 'deprecated', 'n_jobs': None, 'penalty': 'l2', 'random_state': 42, 'solver': 'lbfgs', 'tol': 0.0001, 'verbose': 0, 'warm_start': False}",1.953908920288086
Plant_oil,1,5,7,5,RNN,GMM,0.3684210526315789,0.3088863793211619,"{'hidden_size': 64, 'epochs': 10, 'batch_size': 32, 'lr': 0.001}",1.7655956745147705
Plant_oil,1,5,7,10,KNN,GMM,0.8478195488721805,0.8450000455007379,"{'algorithm': 'auto', 'leaf_size': 30, 'metric': 'minkowski', 'metric_params': None, 'n_jobs': None, 'n_neighbors': np.int64(8), 'p': 2, 'weights': 'distance'}",0.34755992889404297
Plant_oil,1,5,7,10,RandomForest,GMM,0.8064661654135339,0.801853255399427,"{'bootstrap': True, 'ccp_alpha': 0.0, 'class_weight': None, 'criterion': 'gini', 'max_depth': None, 'max_features': 'sqrt', 'max_leaf_nodes': None, 'max_samples': None, 'min_impurity_decrease': 0.0, 'min_samples_leaf': 1, 'min_samples_split': 2, 'min_weight_fraction_leaf': 0.0, 'monotonic_cst': None, 'n_estimators': 50, 'n_jobs': None, 'oob_score': False, 'random_state': 42, 'verbose': 0, 'warm_start': False}",15.003910064697266
Plant_oil,1,5,7,10,LinearSVC,GMM,0.7394736842105263,0.7171879368259009,"{'C': np.float64(100.0), 'class_weight': None, 'dual': False, 'fit_intercept': True, 'intercept_scaling': 1, 'loss': 'squared_hinge', 'max_iter': 100, 'multi_class': 'ovr', 'penalty': 'l2', 'random_state': 42, 'tol': 0.0001, 'verbose': 0}",1.1285743713378906
Plant_oil,1,5,7,10,LogisticRegression,GMM,0.8264661654135338,0.8260809737194958,"{'C': np.float64(100.0), 'class_weight': None, 'dual': False, 'fit_intercept': True, 'intercept_scaling': 1, 'l1_ratio': None, 'max_iter': 100, 'multi_class': 'deprecated', 'n_jobs': None, 'penalty': 'l2', 'random_state': 42, 'solver': 'lbfgs', 'tol': 0.0001, 'verbose': 0, 'warm_start': False}",3.9570858478546143
Plant_oil,1,5,7,10,RNN,GMM,0.6015037593984962,0.5406496989752796,"{'hidden_size': 64, 'epochs': 10, 'batch_size': 32, 'lr': 0.001}",3.9495811462402344
Plant_oil,1,5,7,2,KNN,HMM_GMM,0.8468421052631578,0.8443157356984482,"{'algorithm': 'auto', 'leaf_size': 30, 'metric': 'minkowski', 'metric_params': None, 'n_jobs': None, 'n_neighbors': np.int64(8), 'p': 2, 'weights': 'distance'}",0.152205228805542
Plant_oil,1,5,7,2,RandomForest,HMM_GMM,0.8296240601503759,0.8257980582105092,"{'bootstrap': True, 'ccp_alpha': 0.0, 'class_weight': None, 'criterion': 'gini', 'max_depth': None, 'max_features': 'sqrt', 'max_leaf_nodes': None, 'max_samples': None, 'min_impurity_decrease': 0.0, 'min_samples_leaf': 1, 'min_samples_split': 2, 'min_weight_fraction_leaf': 0.0, 'monotonic_cst': None, 'n_estimators': 50, 'n_jobs': None, 'oob_score': False, 'random_state': 42, 'verbose': 0, 'warm_start': False}",1.9530143737792969
Plant_oil,1,5,7,2,LinearSVC,HMM_GMM,0.6618045112781955,0.6402857675637771,"{'C': np.float64(100.0), 'class_weight': None, 'dual': False, 'fit_intercept': True, 'intercept_scaling': 1, 'loss': 'squared_hinge', 'max_iter': 100, 'multi_class': 'ovr', 'penalty': 'l2', 'random_state': 42, 'tol': 0.0001, 'verbose': 0}",0.21616196632385254
Plant_oil,1,5,7,2,LogisticRegression,HMM_GMM,0.7696992481203008,0.7693397587012712,"{'C': np.float64(100.0), 'class_weight': None, 'dual': False, 'fit_intercept': True, 'intercept_scaling': 1, 'l1_ratio': None, 'max_iter': 100, 'multi_class': 'deprecated', 'n_jobs': None, 'penalty': 'l2', 'random_state': 42, 'solver': 'lbfgs', 'tol': 0.0001, 'verbose': 0, 'warm_start': False}",0.8191070556640625
Plant_oil,1,5,7,2,RNN,HMM_GMM,0.3308270676691729,0.2369780586465917,"{'hidden_size': 64, 'epochs': 10, 'batch_size': 32, 'lr': 0.001}",0.7718958854675293
Plant_oil,1,5,7,3,KNN,HMM_GMM,0.8443609022556391,0.8419657362304661,"{'algorithm': 'auto', 'leaf_size': 30, 'metric': 'minkowski', 'metric_params': None, 'n_jobs': None, 'n_neighbors': np.int64(8), 'p': 2, 'weights': 'distance'}",0.172194242477417
Plant_oil,1,5,7,3,RandomForest,HMM_GMM,0.8233834586466166,0.818064476700576,"{'bootstrap': True, 'ccp_alpha': 0.0, 'class_weight': None, 'criterion': 'gini', 'max_depth': None, 'max_features': 'sqrt', 'max_leaf_nodes': None, 'max_samples': None, 'min_impurity_decrease': 0.0, 'min_samples_leaf': 1, 'min_samples_split': 2, 'min_weight_fraction_leaf': 0.0, 'monotonic_cst': None, 'n_estimators': 50, 'n_jobs': None, 'oob_score': False, 'random_state': 42, 'verbose': 0, 'warm_start': False}",2.324875831604004
Plant_oil,1,5,7,3,LinearSVC,HMM_GMM,0.6302255639097745,0.6027802045066245,"{'C': np.float64(100.0), 'class_weight': None, 'dual': False, 'fit_intercept': True, 'intercept_scaling': 1, 'loss': 'squared_hinge', 'max_iter': 100, 'multi_class': 'ovr', 'penalty': 'l2', 'random_state': 42, 'tol': 0.0001, 'verbose': 0}",0.3174400329589844
Plant_oil,1,5,7,3,LogisticRegression,HMM_GMM,0.726015037593985,0.7219807284285239,"{'C': np.float64(100.0), 'class_weight': None, 'dual': False, 'fit_intercept': True, 'intercept_scaling': 1, 'l1_ratio': None, 'max_iter': 100, 'multi_class': 'deprecated', 'n_jobs': None, 'penalty': 'l2', 'random_state': 42, 'solver': 'lbfgs', 'tol': 0.0001, 'verbose': 0, 'warm_start': False}",1.1671142578125
Plant_oil,1,5,7,3,RNN,HMM_GMM,0.3533834586466165,0.2833274570049951,"{'hidden_size': 64, 'epochs': 10, 'batch_size': 32, 'lr': 0.001}",1.164074182510376
Plant_oil,1,5,7,5,KNN,HMM_GMM,0.8443609022556391,0.8419657362304661,"{'algorithm': 'auto', 'leaf_size': 30, 'metric': 'minkowski', 'metric_params': None, 'n_jobs': None, 'n_neighbors': np.int64(8), 'p': 2, 'weights': 'distance'}",0.21724367141723633
Plant_oil,1,5,7,5,RandomForest,HMM_GMM,0.8249624060150376,0.8210781588615811,"{'bootstrap': True, 'ccp_alpha': 0.0, 'class_weight': None, 'criterion': 'gini', 'max_depth': None, 'max_features': 'sqrt', 'max_leaf_nodes': None, 'max_samples': None, 'min_impurity_decrease': 0.0, 'min_samples_leaf': 1, 'min_samples_split': 2, 'min_weight_fraction_leaf': 0.0, 'monotonic_cst': None, 'n_estimators': 50, 'n_jobs': None, 'oob_score': False, 'random_state': 42, 'verbose': 0, 'warm_start': False}",3.0697567462921143
Plant_oil,1,5,7,5,LinearSVC,HMM_GMM,0.6056390977443609,0.5761664709234837,"{'C': np.float64(100.0), 'class_weight': None, 'dual': False, 'fit_intercept': True, 'intercept_scaling': 1, 'loss': 'squared_hinge', 'max_iter': 100, 'multi_class': 'ovr', 'penalty': 'l2', 'random_state': 42, 'tol': 0.0001, 'verbose': 0}",0.5249979496002197
Plant_oil,1,5,7,5,LogisticRegression,HMM_GMM,0.6893233082706767,0.6848941032246445,"{'C': np.float64(100.0), 'class_weight': None, 'dual': False, 'fit_intercept': True, 'intercept_scaling': 1, 'l1_ratio': None, 'max_iter': 100, 'multi_class': 'deprecated', 'n_jobs': None, 'penalty': 'l2', 'random_state': 42, 'solver': 'lbfgs', 'tol': 0.0001, 'verbose': 0, 'warm_start': False}",1.9428682327270508
Plant_oil,1,5,7,5,RNN,HMM_GMM,0.38345864661654133,0.30835708986931365,"{'hidden_size': 64, 'epochs': 10, 'batch_size': 32, 'lr': 0.001}",1.8498177528381348
Plant_oil,1,5,7,10,KNN,HMM_GMM,0.8468421052631578,0.8443157356984482,"{'algorithm': 'auto', 'leaf_size': 30, 'metric': 'minkowski', 'metric_params': None, 'n_jobs': None, 'n_neighbors': np.int64(8), 'p': 2, 'weights': 'distance'}",0.30652904510498047
Plant_oil,1,5,7,10,RandomForest,HMM_GMM,0.8289473684210527,0.8247071454107309,"{'bootstrap': True, 'ccp_alpha': 0.0, 'class_weight': None, 'criterion': 'gini', 'max_depth': None, 'max_features': 'sqrt', 'max_leaf_nodes': None, 'max_samples': None, 'min_impurity_decrease': 0.0, 'min_samples_leaf': 1, 'min_samples_split': 2, 'min_weight_fraction_leaf': 0.0, 'monotonic_cst': None, 'n_estimators': 50, 'n_jobs': None, 'oob_score': False, 'random_state': 42, 'verbose': 0, 'warm_start': False}",4.442540407180786
Plant_oil,1,5,7,10,LinearSVC,HMM_GMM,0.5932330827067669,0.5734883470330935,"{'C': np.float64(100.0), 'class_weight': None, 'dual': False, 'fit_intercept': True, 'intercept_scaling': 1, 'loss': 'squared_hinge', 'max_iter': 100, 'multi_class': 'ovr', 'penalty': 'l2', 'random_state': 42, 'tol': 0.0001, 'verbose': 0}",1.0871267318725586
Plant_oil,1,5,7,10,LogisticRegression,HMM_GMM,0.6402255639097745,0.6360164179169358,"{'C': np.float64(100.0), 'class_weight': None, 'dual': False, 'fit_intercept': True, 'intercept_scaling': 1, 'l1_ratio': None, 'max_iter': 100, 'multi_class': 'deprecated', 'n_jobs': None, 'penalty': 'l2', 'random_state': 42, 'solver': 'lbfgs', 'tol': 0.0001, 'verbose': 0, 'warm_start': False}",3.8312158584594727
Plant_oil,1,5,7,10,RNN,HMM_GMM,0.48872180451127817,0.43922504857407907,"{'hidden_size': 64, 'epochs': 10, 'batch_size': 32, 'lr': 0.001}",3.800847053527832
Plant_oil,1,5,8,1,KNN,Baseline,0.8369924812030075,0.8230391133798469,"{'algorithm': 'auto', 'leaf_size': 30, 'metric': 'minkowski', 'metric_params': None, 'n_jobs': None, 'n_neighbors': 5, 'p': 2, 'weights': 'uniform'}",0.5958089828491211
Plant_oil,1,5,8,1,KNN,Tuned_Baseline,0.8361654135338346,0.822450163415451,"{'algorithm': 'auto', 'leaf_size': 30, 'metric': 'minkowski', 'metric_params': None, 'n_jobs': None, 'n_neighbors': np.int64(8), 'p': 2, 'weights': 'distance'}",0.10157942771911621
Plant_oil,1,5,8,1,RandomForest,Baseline,0.8238345864661654,0.8118760492126116,"{'bootstrap': True, 'ccp_alpha': 0.0, 'class_weight': None, 'criterion': 'gini', 'max_depth': None, 'max_features': 'sqrt', 'max_leaf_nodes': None, 'max_samples': None, 'min_impurity_decrease': 0.0, 'min_samples_leaf': 1, 'min_samples_split': 2, 'min_weight_fraction_leaf': 0.0, 'monotonic_cst': None, 'n_estimators': 100, 'n_jobs': None, 'oob_score': False, 'random_state': 42, 'verbose': 0, 'warm_start': False}",2.2276053428649902
Plant_oil,1,5,8,1,RandomForest,Tuned_Baseline,0.8243609022556391,0.8125063655039619,"{'bootstrap': True, 'ccp_alpha': 0.0, 'class_weight': None, 'criterion': 'gini', 'max_depth': 20, 'max_features': 'sqrt', 'max_leaf_nodes': None, 'max_samples': None, 'min_impurity_decrease': 0.0, 'min_samples_leaf': 1, 'min_samples_split': 2, 'min_weight_fraction_leaf': 0.0, 'monotonic_cst': None, 'n_estimators': 100, 'n_jobs': None, 'oob_score': False, 'random_state': 42, 'verbose': 0, 'warm_start': False}",0.09249329566955566
Plant_oil,1,5,8,1,LinearSVC,Baseline,0.6733082706766917,0.6582442858286718,"{'C': 1.0, 'class_weight': None, 'dual': False, 'fit_intercept': True, 'intercept_scaling': 1, 'loss': 'squared_hinge', 'max_iter': 100, 'multi_class': 'ovr', 'penalty': 'l2', 'random_state': 42, 'tol': 0.0001, 'verbose': 0}",0.09551072120666504
Plant_oil,1,5,8,1,LinearSVC,Tuned_Baseline,0.6642857142857143,0.6503435766811488,"{'C': np.float64(10.0), 'class_weight': None, 'dual': False, 'fit_intercept': True, 'intercept_scaling': 1, 'loss': 'squared_hinge', 'max_iter': 100, 'multi_class': 'ovr', 'penalty': 'l2', 'random_state': 42, 'tol': 0.0001, 'verbose': 0}",0.0019686222076416016
Plant_oil,1,5,8,1,LogisticRegression,Baseline,0.792406015037594,0.7824835812158174,"{'C': 1.0, 'class_weight': None, 'dual': False, 'fit_intercept': True, 'intercept_scaling': 1, 'l1_ratio': None, 'max_iter': 100, 'multi_class': 'deprecated', 'n_jobs': None, 'penalty': 'l2', 'random_state': 42, 'solver': 'lbfgs', 'tol': 0.0001, 'verbose': 0, 'warm_start': False}",0.4393134117126465
Plant_oil,1,5,8,1,LogisticRegression,Tuned_Baseline,0.8067669172932331,0.795581430965809,"{'C': np.float64(100.0), 'class_weight': None, 'dual': False, 'fit_intercept': True, 'intercept_scaling': 1, 'l1_ratio': None, 'max_iter': 100, 'multi_class': 'deprecated', 'n_jobs': None, 'penalty': 'l2', 'random_state': 42, 'solver': 'lbfgs', 'tol': 0.0001, 'verbose': 0, 'warm_start': False}",0.0019729137420654297
Plant_oil,1,5,8,1,RNN,Baseline,0.19548872180451127,0.09977884238384085,"{'hidden_size': 64, 'epochs': 10, 'batch_size': 32, 'lr': 0.001}",0.3703169822692871
Plant_oil,1,5,8,1,RNN,Tuned_Baseline,0.19548872180451127,0.09977884238384085,"{'hidden_size': 64, 'epochs': 10, 'batch_size': 32, 'lr': 0.001}",0.006577968597412109
Plant_oil,1,5,8,2,KNN,Jittering,0.8350375939849624,0.8208880927564307,"{'algorithm': 'auto', 'leaf_size': 30, 'metric': 'minkowski', 'metric_params': None, 'n_jobs': None, 'n_neighbors': np.int64(8), 'p': 2, 'weights': 'distance'}",0.14549469947814941
Plant_oil,1,5,8,2,RandomForest,Jittering,0.825563909774436,0.8127180459655489,"{'bootstrap': True, 'ccp_alpha': 0.0, 'class_weight': None, 'criterion': 'gini', 'max_depth': 20, 'max_features': 'sqrt', 'max_leaf_nodes': None, 'max_samples': None, 'min_impurity_decrease': 0.0, 'min_samples_leaf': 1, 'min_samples_split': 2, 'min_weight_fraction_leaf': 0.0, 'monotonic_cst': None, 'n_estimators': 100, 'n_jobs': None, 'oob_score': False, 'random_state': 42, 'verbose': 0, 'warm_start': False}",4.657686233520508
Plant_oil,1,5,8,2,LinearSVC,Jittering,0.6658646616541354,0.6508261613584854,"{'C': np.float64(10.0), 'class_weight': None, 'dual': False, 'fit_intercept': True, 'intercept_scaling': 1, 'loss': 'squared_hinge', 'max_iter': 100, 'multi_class': 'ovr', 'penalty': 'l2', 'random_state': 42, 'tol': 0.0001, 'verbose': 0}",0.1970665454864502
Plant_oil,1,5,8,2,LogisticRegression,Jittering,0.806015037593985,0.7949117244614162,"{'C': np.float64(100.0), 'class_weight': None, 'dual': False, 'fit_intercept': True, 'intercept_scaling': 1, 'l1_ratio': None, 'max_iter': 100, 'multi_class': 'deprecated', 'n_jobs': None, 'penalty': 'l2', 'random_state': 42, 'solver': 'lbfgs', 'tol': 0.0001, 'verbose': 0, 'warm_start': False}",0.7734417915344238
Plant_oil,1,5,8,2,RNN,Jittering,0.3233082706766917,0.20319618446913426,"{'hidden_size': 64, 'epochs': 10, 'batch_size': 32, 'lr': 0.001}",0.7577860355377197
Plant_oil,1,5,8,3,KNN,Jittering,0.8336842105263158,0.819533912559329,"{'algorithm': 'auto', 'leaf_size': 30, 'metric': 'minkowski', 'metric_params': None, 'n_jobs': None, 'n_neighbors': np.int64(8), 'p': 2, 'weights': 'distance'}",0.16699600219726562
Plant_oil,1,5,8,3,RandomForest,Jittering,0.8247368421052632,0.8106955151049966,"{'bootstrap': True, 'ccp_alpha': 0.0, 'class_weight': None, 'criterion': 'gini', 'max_depth': 20, 'max_features': 'sqrt', 'max_leaf_nodes': None, 'max_samples': None, 'min_impurity_decrease': 0.0, 'min_samples_leaf': 1, 'min_samples_split': 2, 'min_weight_fraction_leaf': 0.0, 'monotonic_cst': None, 'n_estimators': 100, 'n_jobs': None, 'oob_score': False, 'random_state': 42, 'verbose': 0, 'warm_start': False}",7.324135780334473
Plant_oil,1,5,8,3,LinearSVC,Jittering,0.6699248120300751,0.6550814607014217,"{'C': np.float64(10.0), 'class_weight': None, 'dual': False, 'fit_intercept': True, 'intercept_scaling': 1, 'loss': 'squared_hinge', 'max_iter': 100, 'multi_class': 'ovr', 'penalty': 'l2', 'random_state': 42, 'tol': 0.0001, 'verbose': 0}",0.3045539855957031
Plant_oil,1,5,8,3,LogisticRegression,Jittering,0.8029323308270677,0.7917345975255401,"{'C': np.float64(100.0), 'class_weight': None, 'dual': False, 'fit_intercept': True, 'intercept_scaling': 1, 'l1_ratio': None, 'max_iter': 100, 'multi_class': 'deprecated', 'n_jobs': None, 'penalty': 'l2', 'random_state': 42, 'solver': 'lbfgs', 'tol': 0.0001, 'verbose': 0, 'warm_start': False}",1.1932282447814941
Plant_oil,1,5,8,3,RNN,Jittering,0.39097744360902253,0.31976123629953146,"{'hidden_size': 64, 'epochs': 10, 'batch_size': 32, 'lr': 0.001}",1.3646156787872314
Plant_oil,1,5,8,5,KNN,Jittering,0.8351127819548873,0.82043995229849,"{'algorithm': 'auto', 'leaf_size': 30, 'metric': 'minkowski', 'metric_params': None, 'n_jobs': None, 'n_neighbors': np.int64(8), 'p': 2, 'weights': 'distance'}",0.2177410125732422
Plant_oil,1,5,8,5,RandomForest,Jittering,0.8259398496240602,0.8114258958260401,"{'bootstrap': True, 'ccp_alpha': 0.0, 'class_weight': None, 'criterion': 'gini', 'max_depth': 20, 'max_features': 'sqrt', 'max_leaf_nodes': None, 'max_samples': None, 'min_impurity_decrease': 0.0, 'min_samples_leaf': 1, 'min_samples_split': 2, 'min_weight_fraction_leaf': 0.0, 'monotonic_cst': None, 'n_estimators': 100, 'n_jobs': None, 'oob_score': False, 'random_state': 42, 'verbose': 0, 'warm_start': False}",12.650939464569092
Plant_oil,1,5,8,5,LinearSVC,Jittering,0.6690225563909774,0.6543974637349089,"{'C': np.float64(10.0), 'class_weight': None, 'dual': False, 'fit_intercept': True, 'intercept_scaling': 1, 'loss': 'squared_hinge', 'max_iter': 100, 'multi_class': 'ovr', 'penalty': 'l2', 'random_state': 42, 'tol': 0.0001, 'verbose': 0}",0.5174407958984375
Plant_oil,1,5,8,5,LogisticRegression,Jittering,0.8075187969924812,0.7965891917790654,"{'C': np.float64(100.0), 'class_weight': None, 'dual': False, 'fit_intercept': True, 'intercept_scaling': 1, 'l1_ratio': None, 'max_iter': 100, 'multi_class': 'deprecated', 'n_jobs': None, 'penalty': 'l2', 'random_state': 42, 'solver': 'lbfgs', 'tol': 0.0001, 'verbose': 0, 'warm_start': False}",2.0465097427368164
Plant_oil,1,5,8,5,RNN,Jittering,0.48120300751879697,0.40924750122542997,"{'hidden_size': 64, 'epochs': 10, 'batch_size': 32, 'lr': 0.001}",2.074263334274292
Plant_oil,1,5,8,10,KNN,Jittering,0.8356390977443608,0.8211210949820588,"{'algorithm': 'auto', 'leaf_size': 30, 'metric': 'minkowski', 'metric_params': None, 'n_jobs': None, 'n_neighbors': np.int64(8), 'p': 2, 'weights': 'distance'}",0.3236863613128662
Plant_oil,1,5,8,10,RandomForest,Jittering,0.8284962406015037,0.8140467982794578,"{'bootstrap': True, 'ccp_alpha': 0.0, 'class_weight': None, 'criterion': 'gini', 'max_depth': 20, 'max_features': 'sqrt', 'max_leaf_nodes': None, 'max_samples': None, 'min_impurity_decrease': 0.0, 'min_samples_leaf': 1, 'min_samples_split': 2, 'min_weight_fraction_leaf': 0.0, 'monotonic_cst': None, 'n_estimators': 100, 'n_jobs': None, 'oob_score': False, 'random_state': 42, 'verbose': 0, 'warm_start': False}",28.336753845214844
Plant_oil,1,5,8,10,LinearSVC,Jittering,0.6659398496240602,0.651236466774731,"{'C': np.float64(10.0), 'class_weight': None, 'dual': False, 'fit_intercept': True, 'intercept_scaling': 1, 'loss': 'squared_hinge', 'max_iter': 100, 'multi_class': 'ovr', 'penalty': 'l2', 'random_state': 42, 'tol': 0.0001, 'verbose': 0}",1.1081838607788086
Plant_oil,1,5,8,10,LogisticRegression,Jittering,0.8057142857142857,0.794369390165535,"{'C': np.float64(100.0), 'class_weight': None, 'dual': False, 'fit_intercept': True, 'intercept_scaling': 1, 'l1_ratio': None, 'max_iter': 100, 'multi_class': 'deprecated', 'n_jobs': None, 'penalty': 'l2', 'random_state': 42, 'solver': 'lbfgs', 'tol': 0.0001, 'verbose': 0, 'warm_start': False}",3.830345392227173
Plant_oil,1,5,8,10,RNN,Jittering,0.6466165413533834,0.6135077392187559,"{'hidden_size': 64, 'epochs': 10, 'batch_size': 32, 'lr': 0.001}",3.582115650177002
Plant_oil,1,5,8,2,KNN,Scaling,0.8290977443609022,0.8154353167859486,"{'algorithm': 'auto', 'leaf_size': 30, 'metric': 'minkowski', 'metric_params': None, 'n_jobs': None, 'n_neighbors': np.int64(8), 'p': 2, 'weights': 'distance'}",0.14834260940551758
Plant_oil,1,5,8,2,RandomForest,Scaling,0.8195488721804511,0.8058510040050114,"{'bootstrap': True, 'ccp_alpha': 0.0, 'class_weight': None, 'criterion': 'gini', 'max_depth': 20, 'max_features': 'sqrt', 'max_leaf_nodes': None, 'max_samples': None, 'min_impurity_decrease': 0.0, 'min_samples_leaf': 1, 'min_samples_split': 2, 'min_weight_fraction_leaf': 0.0, 'monotonic_cst': None, 'n_estimators': 100, 'n_jobs': None, 'oob_score': False, 'random_state': 42, 'verbose': 0, 'warm_start': False}",4.621169805526733
Plant_oil,1,5,8,2,LinearSVC,Scaling,0.6265413533834586,0.6086690002885834,"{'C': np.float64(10.0), 'class_weight': None, 'dual': False, 'fit_intercept': True, 'intercept_scaling': 1, 'loss': 'squared_hinge', 'max_iter': 100, 'multi_class': 'ovr', 'penalty': 'l2', 'random_state': 42, 'tol': 0.0001, 'verbose': 0}",0.19350504875183105
Plant_oil,1,5,8,2,LogisticRegression,Scaling,0.7586466165413533,0.7453763002243659,"{'C': np.float64(100.0), 'class_weight': None, 'dual': False, 'fit_intercept': True, 'intercept_scaling': 1, 'l1_ratio': None, 'max_iter': 100, 'multi_class': 'deprecated', 'n_jobs': None, 'penalty': 'l2', 'random_state': 42, 'solver': 'lbfgs', 'tol': 0.0001, 'verbose': 0, 'warm_start': False}",0.7800185680389404
Plant_oil,1,5,8,2,RNN,Scaling,0.3308270676691729,0.23192223926120362,"{'hidden_size': 64, 'epochs': 10, 'batch_size': 32, 'lr': 0.001}",0.7438764572143555
Plant_oil,1,5,8,3,KNN,Scaling,0.8233834586466166,0.8087951793819547,"{'algorithm': 'auto', 'leaf_size': 30, 'metric': 'minkowski', 'metric_params': None, 'n_jobs': None, 'n_neighbors': np.int64(8), 'p': 2, 'weights': 'distance'}",0.16959381103515625
Plant_oil,1,5,8,3,RandomForest,Scaling,0.8004511278195489,0.7869662241920647,"{'bootstrap': True, 'ccp_alpha': 0.0, 'class_weight': None, 'criterion': 'gini', 'max_depth': 20, 'max_features': 'sqrt', 'max_leaf_nodes': None, 'max_samples': None, 'min_impurity_decrease': 0.0, 'min_samples_leaf': 1, 'min_samples_split': 2, 'min_weight_fraction_leaf': 0.0, 'monotonic_cst': None, 'n_estimators': 100, 'n_jobs': None, 'oob_score': False, 'random_state': 42, 'verbose': 0, 'warm_start': False}",6.970953702926636
Plant_oil,1,5,8,3,LinearSVC,Scaling,0.609624060150376,0.5939404990173791,"{'C': np.float64(10.0), 'class_weight': None, 'dual': False, 'fit_intercept': True, 'intercept_scaling': 1, 'loss': 'squared_hinge', 'max_iter': 100, 'multi_class': 'ovr', 'penalty': 'l2', 'random_state': 42, 'tol': 0.0001, 'verbose': 0}",0.28138017654418945
Plant_oil,1,5,8,3,LogisticRegression,Scaling,0.7700751879699248,0.7576911653706179,"{'C': np.float64(100.0), 'class_weight': None, 'dual': False, 'fit_intercept': True, 'intercept_scaling': 1, 'l1_ratio': None, 'max_iter': 100, 'multi_class': 'deprecated', 'n_jobs': None, 'penalty': 'l2', 'random_state': 42, 'solver': 'lbfgs', 'tol': 0.0001, 'verbose': 0, 'warm_start': False}",1.1892874240875244
Plant_oil,1,5,8,3,RNN,Scaling,0.44360902255639095,0.36765698332832114,"{'hidden_size': 64, 'epochs': 10, 'batch_size': 32, 'lr': 0.001}",1.0839638710021973
Plant_oil,1,5,8,5,KNN,Scaling,0.8309022556390977,0.817710213851694,"{'algorithm': 'auto', 'leaf_size': 30, 'metric': 'minkowski', 'metric_params': None, 'n_jobs': None, 'n_neighbors': np.int64(8), 'p': 2, 'weights': 'distance'}",0.22622370719909668
Plant_oil,1,5,8,5,RandomForest,Scaling,0.8005263157894736,0.7897498214474544,"{'bootstrap': True, 'ccp_alpha': 0.0, 'class_weight': None, 'criterion': 'gini', 'max_depth': 20, 'max_features': 'sqrt', 'max_leaf_nodes': None, 'max_samples': None, 'min_impurity_decrease': 0.0, 'min_samples_leaf': 1, 'min_samples_split': 2, 'min_weight_fraction_leaf': 0.0, 'monotonic_cst': None, 'n_estimators': 100, 'n_jobs': None, 'oob_score': False, 'random_state': 42, 'verbose': 0, 'warm_start': False}",12.64518666267395
Plant_oil,1,5,8,5,LinearSVC,Scaling,0.6525563909774436,0.6392393154751074,"{'C': np.float64(10.0), 'class_weight': None, 'dual': False, 'fit_intercept': True, 'intercept_scaling': 1, 'loss': 'squared_hinge', 'max_iter': 100, 'multi_class': 'ovr', 'penalty': 'l2', 'random_state': 42, 'tol': 0.0001, 'verbose': 0}",0.4833667278289795
Plant_oil,1,5,8,5,LogisticRegression,Scaling,0.8002255639097744,0.7884993093539402,"{'C': np.float64(100.0), 'class_weight': None, 'dual': False, 'fit_intercept': True, 'intercept_scaling': 1, 'l1_ratio': None, 'max_iter': 100, 'multi_class': 'deprecated', 'n_jobs': None, 'penalty': 'l2', 'random_state': 42, 'solver': 'lbfgs', 'tol': 0.0001, 'verbose': 0, 'warm_start': False}",1.9006314277648926
Plant_oil,1,5,8,5,RNN,Scaling,0.556390977443609,0.5016350608455872,"{'hidden_size': 64, 'epochs': 10, 'batch_size': 32, 'lr': 0.001}",2.1028060913085938
Plant_oil,1,5,8,10,KNN,Scaling,0.8126315789473684,0.800754507654554,"{'algorithm': 'auto', 'leaf_size': 30, 'metric': 'minkowski', 'metric_params': None, 'n_jobs': None, 'n_neighbors': np.int64(8), 'p': 2, 'weights': 'distance'}",0.3287217617034912
Plant_oil,1,5,8,10,RandomForest,Scaling,0.8041353383458647,0.790727069087987,"{'bootstrap': True, 'ccp_alpha': 0.0, 'class_weight': None, 'criterion': 'gini', 'max_depth': 20, 'max_features': 'sqrt', 'max_leaf_nodes': None, 'max_samples': None, 'min_impurity_decrease': 0.0, 'min_samples_leaf': 1, 'min_samples_split': 2, 'min_weight_fraction_leaf': 0.0, 'monotonic_cst': None, 'n_estimators': 100, 'n_jobs': None, 'oob_score': False, 'random_state': 42, 'verbose': 0, 'warm_start': False}",28.207688331604004
Plant_oil,1,5,8,10,LinearSVC,Scaling,0.6445864661654135,0.6292255577835494,"{'C': np.float64(10.0), 'class_weight': None, 'dual': False, 'fit_intercept': True, 'intercept_scaling': 1, 'loss': 'squared_hinge', 'max_iter': 100, 'multi_class': 'ovr', 'penalty': 'l2', 'random_state': 42, 'tol': 0.0001, 'verbose': 0}",1.0385684967041016
Plant_oil,1,5,8,10,LogisticRegression,Scaling,0.793609022556391,0.7818608135624853,"{'C': np.float64(100.0), 'class_weight': None, 'dual': False, 'fit_intercept': True, 'intercept_scaling': 1, 'l1_ratio': None, 'max_iter': 100, 'multi_class': 'deprecated', 'n_jobs': None, 'penalty': 'l2', 'random_state': 42, 'solver': 'lbfgs', 'tol': 0.0001, 'verbose': 0, 'warm_start': False}",4.740710973739624
Plant_oil,1,5,8,10,RNN,Scaling,0.6240601503759399,0.5615643026569977,"{'hidden_size': 64, 'epochs': 10, 'batch_size': 32, 'lr': 0.001}",3.6425139904022217
Plant_oil,1,5,8,2,KNN,Magnitude_Warping,0.8312781954887218,0.8181582224449043,"{'algorithm': 'auto', 'leaf_size': 30, 'metric': 'minkowski', 'metric_params': None, 'n_jobs': None, 'n_neighbors': np.int64(8), 'p': 2, 'weights': 'distance'}",0.15235662460327148
Plant_oil,1,5,8,2,RandomForest,Magnitude_Warping,0.7996992481203008,0.7879983179475534,"{'bootstrap': True, 'ccp_alpha': 0.0, 'class_weight': None, 'criterion': 'gini', 'max_depth': 20, 'max_features': 'sqrt', 'max_leaf_nodes': None, 'max_samples': None, 'min_impurity_decrease': 0.0, 'min_samples_leaf': 1, 'min_samples_split': 2, 'min_weight_fraction_leaf': 0.0, 'monotonic_cst': None, 'n_estimators': 100, 'n_jobs': None, 'oob_score': False, 'random_state': 42, 'verbose': 0, 'warm_start': False}",4.677139520645142
Plant_oil,1,5,8,2,LinearSVC,Magnitude_Warping,0.6378947368421053,0.6186650197902095,"{'C': np.float64(10.0), 'class_weight': None, 'dual': False, 'fit_intercept': True, 'intercept_scaling': 1, 'loss': 'squared_hinge', 'max_iter': 100, 'multi_class': 'ovr', 'penalty': 'l2', 'random_state': 42, 'tol': 0.0001, 'verbose': 0}",0.18621134757995605
Plant_oil,1,5,8,2,LogisticRegression,Magnitude_Warping,0.7763157894736842,0.7634351075034187,"{'C': np.float64(100.0), 'class_weight': None, 'dual': False, 'fit_intercept': True, 'intercept_scaling': 1, 'l1_ratio': None, 'max_iter': 100, 'multi_class': 'deprecated', 'n_jobs': None, 'penalty': 'l2', 'random_state': 42, 'solver': 'lbfgs', 'tol': 0.0001, 'verbose': 0, 'warm_start': False}",0.7998957633972168
Plant_oil,1,5,8,2,RNN,Magnitude_Warping,0.41353383458646614,0.32056932023208007,"{'hidden_size': 64, 'epochs': 10, 'batch_size': 32, 'lr': 0.001}",0.8154878616333008
Plant_oil,1,5,8,3,KNN,Magnitude_Warping,0.8288721804511279,0.8160582608769524,"{'algorithm': 'auto', 'leaf_size': 30, 'metric': 'minkowski', 'metric_params': None, 'n_jobs': None, 'n_neighbors': np.int64(8), 'p': 2, 'weights': 'distance'}",0.18047499656677246
Plant_oil,1,5,8,3,RandomForest,Magnitude_Warping,0.8115037593984963,0.7969927119052689,"{'bootstrap': True, 'ccp_alpha': 0.0, 'class_weight': None, 'criterion': 'gini', 'max_depth': 20, 'max_features': 'sqrt', 'max_leaf_nodes': None, 'max_samples': None, 'min_impurity_decrease': 0.0, 'min_samples_leaf': 1, 'min_samples_split': 2, 'min_weight_fraction_leaf': 0.0, 'monotonic_cst': None, 'n_estimators': 100, 'n_jobs': None, 'oob_score': False, 'random_state': 42, 'verbose': 0, 'warm_start': False}",7.541930198669434
Plant_oil,1,5,8,3,LinearSVC,Magnitude_Warping,0.6443609022556391,0.6275237668945111,"{'C': np.float64(10.0), 'class_weight': None, 'dual': False, 'fit_intercept': True, 'intercept_scaling': 1, 'loss': 'squared_hinge', 'max_iter': 100, 'multi_class': 'ovr', 'penalty': 'l2', 'random_state': 42, 'tol': 0.0001, 'verbose': 0}",0.2704355716705322
Plant_oil,1,5,8,3,LogisticRegression,Magnitude_Warping,0.758796992481203,0.7467968791637247,"{'C': np.float64(100.0), 'class_weight': None, 'dual': False, 'fit_intercept': True, 'intercept_scaling': 1, 'l1_ratio': None, 'max_iter': 100, 'multi_class': 'deprecated', 'n_jobs': None, 'penalty': 'l2', 'random_state': 42, 'solver': 'lbfgs', 'tol': 0.0001, 'verbose': 0, 'warm_start': False}",1.1624000072479248
Plant_oil,1,5,8,3,RNN,Magnitude_Warping,0.41353383458646614,0.3199347908390251,"{'hidden_size': 64, 'epochs': 10, 'batch_size': 32, 'lr': 0.001}",1.093813180923462
Plant_oil,1,5,8,5,KNN,Magnitude_Warping,0.8206015037593984,0.8069605436467844,"{'algorithm': 'auto', 'leaf_size': 30, 'metric': 'minkowski', 'metric_params': None, 'n_jobs': None, 'n_neighbors': np.int64(8), 'p': 2, 'weights': 'distance'}",0.2391490936279297
Plant_oil,1,5,8,5,RandomForest,Magnitude_Warping,0.7982706766917294,0.7828165671126043,"{'bootstrap': True, 'ccp_alpha': 0.0, 'class_weight': None, 'criterion': 'gini', 'max_depth': 20, 'max_features': 'sqrt', 'max_leaf_nodes': None, 'max_samples': None, 'min_impurity_decrease': 0.0, 'min_samples_leaf': 1, 'min_samples_split': 2, 'min_weight_fraction_leaf': 0.0, 'monotonic_cst': None, 'n_estimators': 100, 'n_jobs': None, 'oob_score': False, 'random_state': 42, 'verbose': 0, 'warm_start': False}",13.932435512542725
Plant_oil,1,5,8,5,LinearSVC,Magnitude_Warping,0.6468421052631579,0.6224617209284266,"{'C': np.float64(10.0), 'class_weight': None, 'dual': False, 'fit_intercept': True, 'intercept_scaling': 1, 'loss': 'squared_hinge', 'max_iter': 100, 'multi_class': 'ovr', 'penalty': 'l2', 'random_state': 42, 'tol': 0.0001, 'verbose': 0}",0.48712778091430664
Plant_oil,1,5,8,5,LogisticRegression,Magnitude_Warping,0.7571428571428571,0.7425032045539305,"{'C': np.float64(100.0), 'class_weight': None, 'dual': False, 'fit_intercept': True, 'intercept_scaling': 1, 'l1_ratio': None, 'max_iter': 100, 'multi_class': 'deprecated', 'n_jobs': None, 'penalty': 'l2', 'random_state': 42, 'solver': 'lbfgs', 'tol': 0.0001, 'verbose': 0, 'warm_start': False}",2.0182414054870605
Plant_oil,1,5,8,5,RNN,Magnitude_Warping,0.5714285714285714,0.5125889579200275,"{'hidden_size': 64, 'epochs': 10, 'batch_size': 32, 'lr': 0.001}",2.0287537574768066
Plant_oil,1,5,8,10,KNN,Magnitude_Warping,0.8095488721804511,0.7950925034157765,"{'algorithm': 'auto', 'leaf_size': 30, 'metric': 'minkowski', 'metric_params': None, 'n_jobs': None, 'n_neighbors': np.int64(8), 'p': 2, 'weights': 'distance'}",0.35632872581481934
Plant_oil,1,5,8,10,RandomForest,Magnitude_Warping,0.7852631578947369,0.7734858282876252,"{'bootstrap': True, 'ccp_alpha': 0.0, 'class_weight': None, 'criterion': 'gini', 'max_depth': 20, 'max_features': 'sqrt', 'max_leaf_nodes': None, 'max_samples': None, 'min_impurity_decrease': 0.0, 'min_samples_leaf': 1, 'min_samples_split': 2, 'min_weight_fraction_leaf': 0.0, 'monotonic_cst': None, 'n_estimators': 100, 'n_jobs': None, 'oob_score': False, 'random_state': 42, 'verbose': 0, 'warm_start': False}",30.389830350875854
Plant_oil,1,5,8,10,LinearSVC,Magnitude_Warping,0.6309774436090225,0.6061046714956555,"{'C': np.float64(10.0), 'class_weight': None, 'dual': False, 'fit_intercept': True, 'intercept_scaling': 1, 'loss': 'squared_hinge', 'max_iter': 100, 'multi_class': 'ovr', 'penalty': 'l2', 'random_state': 42, 'tol': 0.0001, 'verbose': 0}",1.156890630722046
Plant_oil,1,5,8,10,LogisticRegression,Magnitude_Warping,0.7625563909774437,0.7467727375501483,"{'C': np.float64(100.0), 'class_weight': None, 'dual': False, 'fit_intercept': True, 'intercept_scaling': 1, 'l1_ratio': None, 'max_iter': 100, 'multi_class': 'deprecated', 'n_jobs': None, 'penalty': 'l2', 'random_state': 42, 'solver': 'lbfgs', 'tol': 0.0001, 'verbose': 0, 'warm_start': False}",4.753954887390137
Plant_oil,1,5,8,10,RNN,Magnitude_Warping,0.5112781954887218,0.4149224893291589,"{'hidden_size': 64, 'epochs': 10, 'batch_size': 32, 'lr': 0.001}",3.6944892406463623
Plant_oil,1,5,8,2,KNN,Time_Warping,0.8204511278195489,0.8072127918188956,"{'algorithm': 'auto', 'leaf_size': 30, 'metric': 'minkowski', 'metric_params': None, 'n_jobs': None, 'n_neighbors': np.int64(8), 'p': 2, 'weights': 'distance'}",0.15404510498046875
Plant_oil,1,5,8,2,RandomForest,Time_Warping,0.8007518796992481,0.7886627842831359,"{'bootstrap': True, 'ccp_alpha': 0.0, 'class_weight': None, 'criterion': 'gini', 'max_depth': 20, 'max_features': 'sqrt', 'max_leaf_nodes': None, 'max_samples': None, 'min_impurity_decrease': 0.0, 'min_samples_leaf': 1, 'min_samples_split': 2, 'min_weight_fraction_leaf': 0.0, 'monotonic_cst': None, 'n_estimators': 100, 'n_jobs': None, 'oob_score': False, 'random_state': 42, 'verbose': 0, 'warm_start': False}",4.535050392150879
Plant_oil,1,5,8,2,LinearSVC,Time_Warping,0.6379699248120301,0.6186502676182137,"{'C': np.float64(10.0), 'class_weight': None, 'dual': False, 'fit_intercept': True, 'intercept_scaling': 1, 'loss': 'squared_hinge', 'max_iter': 100, 'multi_class': 'ovr', 'penalty': 'l2', 'random_state': 42, 'tol': 0.0001, 'verbose': 0}",0.18999958038330078
Plant_oil,1,5,8,2,LogisticRegression,Time_Warping,0.7787218045112781,0.7685748486778149,"{'C': np.float64(100.0), 'class_weight': None, 'dual': False, 'fit_intercept': True, 'intercept_scaling': 1, 'l1_ratio': None, 'max_iter': 100, 'multi_class': 'deprecated', 'n_jobs': None, 'penalty': 'l2', 'random_state': 42, 'solver': 'lbfgs', 'tol': 0.0001, 'verbose': 0, 'warm_start': False}",0.7810673713684082
Plant_oil,1,5,8,2,RNN,Time_Warping,0.3082706766917293,0.21841344080544922,"{'hidden_size': 64, 'epochs': 10, 'batch_size': 32, 'lr': 0.001}",0.7453646659851074
Plant_oil,1,5,8,3,KNN,Time_Warping,0.8173684210526316,0.804232642736545,"{'algorithm': 'auto', 'leaf_size': 30, 'metric': 'minkowski', 'metric_params': None, 'n_jobs': None, 'n_neighbors': np.int64(8), 'p': 2, 'weights': 'distance'}",0.18228602409362793
Plant_oil,1,5,8,3,RandomForest,Time_Warping,0.8059398496240602,0.7947981723158298,"{'bootstrap': True, 'ccp_alpha': 0.0, 'class_weight': None, 'criterion': 'gini', 'max_depth': 20, 'max_features': 'sqrt', 'max_leaf_nodes': None, 'max_samples': None, 'min_impurity_decrease': 0.0, 'min_samples_leaf': 1, 'min_samples_split': 2, 'min_weight_fraction_leaf': 0.0, 'monotonic_cst': None, 'n_estimators': 100, 'n_jobs': None, 'oob_score': False, 'random_state': 42, 'verbose': 0, 'warm_start': False}",7.002304553985596
Plant_oil,1,5,8,3,LinearSVC,Time_Warping,0.6347368421052632,0.6184607767593792,"{'C': np.float64(10.0), 'class_weight': None, 'dual': False, 'fit_intercept': True, 'intercept_scaling': 1, 'loss': 'squared_hinge', 'max_iter': 100, 'multi_class': 'ovr', 'penalty': 'l2', 'random_state': 42, 'tol': 0.0001, 'verbose': 0}",0.2894763946533203
Plant_oil,1,5,8,3,LogisticRegression,Time_Warping,0.7758646616541354,0.764850191026669,"{'C': np.float64(100.0), 'class_weight': None, 'dual': False, 'fit_intercept': True, 'intercept_scaling': 1, 'l1_ratio': None, 'max_iter': 100, 'multi_class': 'deprecated', 'n_jobs': None, 'penalty': 'l2', 'random_state': 42, 'solver': 'lbfgs', 'tol': 0.0001, 'verbose': 0, 'warm_start': False}",1.2126398086547852
Plant_oil,1,5,8,3,RNN,Time_Warping,0.40601503759398494,0.28516031235096445,"{'hidden_size': 64, 'epochs': 10, 'batch_size': 32, 'lr': 0.001}",1.221625804901123
Plant_oil,1,5,8,5,KNN,Time_Warping,0.8091729323308271,0.7978655899258584,"{'algorithm': 'auto', 'leaf_size': 30, 'metric': 'minkowski', 'metric_params': None, 'n_jobs': None, 'n_neighbors': np.int64(8), 'p': 2, 'weights': 'distance'}",0.23761844635009766
Plant_oil,1,5,8,5,RandomForest,Time_Warping,0.7844360902255639,0.7733147520080629,"{'bootstrap': True, 'ccp_alpha': 0.0, 'class_weight': None, 'criterion': 'gini', 'max_depth': 20, 'max_features': 'sqrt', 'max_leaf_nodes': None, 'max_samples': None, 'min_impurity_decrease': 0.0, 'min_samples_leaf': 1, 'min_samples_split': 2, 'min_weight_fraction_leaf': 0.0, 'monotonic_cst': None, 'n_estimators': 100, 'n_jobs': None, 'oob_score': False, 'random_state': 42, 'verbose': 0, 'warm_start': False}",12.43628454208374
Plant_oil,1,5,8,5,LinearSVC,Time_Warping,0.6194736842105263,0.5998579531187437,"{'C': np.float64(10.0), 'class_weight': None, 'dual': False, 'fit_intercept': True, 'intercept_scaling': 1, 'loss': 'squared_hinge', 'max_iter': 100, 'multi_class': 'ovr', 'penalty': 'l2', 'random_state': 42, 'tol': 0.0001, 'verbose': 0}",0.47858309745788574
Plant_oil,1,5,8,5,LogisticRegression,Time_Warping,0.759624060150376,0.7488210970019553,"{'C': np.float64(100.0), 'class_weight': None, 'dual': False, 'fit_intercept': True, 'intercept_scaling': 1, 'l1_ratio': None, 'max_iter': 100, 'multi_class': 'deprecated', 'n_jobs': None, 'penalty': 'l2', 'random_state': 42, 'solver': 'lbfgs', 'tol': 0.0001, 'verbose': 0, 'warm_start': False}",2.0016603469848633
Plant_oil,1,5,8,5,RNN,Time_Warping,0.44360902255639095,0.34022182119300587,"{'hidden_size': 64, 'epochs': 10, 'batch_size': 32, 'lr': 0.001}",1.972053050994873
Plant_oil,1,5,8,10,KNN,Time_Warping,0.8080451127819549,0.7959656533186745,"{'algorithm': 'auto', 'leaf_size': 30, 'metric': 'minkowski', 'metric_params': None, 'n_jobs': None, 'n_neighbors': np.int64(8), 'p': 2, 'weights': 'distance'}",0.34875011444091797
Plant_oil,1,5,8,10,RandomForest,Time_Warping,0.7693233082706767,0.7585642773832386,"{'bootstrap': True, 'ccp_alpha': 0.0, 'class_weight': None, 'criterion': 'gini', 'max_depth': 20, 'max_features': 'sqrt', 'max_leaf_nodes': None, 'max_samples': None, 'min_impurity_decrease': 0.0, 'min_samples_leaf': 1, 'min_samples_split': 2, 'min_weight_fraction_leaf': 0.0, 'monotonic_cst': None, 'n_estimators': 100, 'n_jobs': None, 'oob_score': False, 'random_state': 42, 'verbose': 0, 'warm_start': False}",27.74626064300537
Plant_oil,1,5,8,10,LinearSVC,Time_Warping,0.6215037593984962,0.6028090234294282,"{'C': np.float64(10.0), 'class_weight': None, 'dual': False, 'fit_intercept': True, 'intercept_scaling': 1, 'loss': 'squared_hinge', 'max_iter': 100, 'multi_class': 'ovr', 'penalty': 'l2', 'random_state': 42, 'tol': 0.0001, 'verbose': 0}",1.0668449401855469
Plant_oil,1,5,8,10,LogisticRegression,Time_Warping,0.7609022556390977,0.7514374992949333,"{'C': np.float64(100.0), 'class_weight': None, 'dual': False, 'fit_intercept': True, 'intercept_scaling': 1, 'l1_ratio': None, 'max_iter': 100, 'multi_class': 'deprecated', 'n_jobs': None, 'penalty': 'l2', 'random_state': 42, 'solver': 'lbfgs', 'tol': 0.0001, 'verbose': 0, 'warm_start': False}",3.9369726181030273
Plant_oil,1,5,8,10,RNN,Time_Warping,0.5639097744360902,0.49693212593192626,"{'hidden_size': 64, 'epochs': 10, 'batch_size': 32, 'lr': 0.001}",3.850435972213745
Plant_oil,1,5,8,2,KNN,SMOTE,0.8673684210526316,0.852560715341912,"{'algorithm': 'auto', 'leaf_size': 30, 'metric': 'minkowski', 'metric_params': None, 'n_jobs': None, 'n_neighbors': np.int64(8), 'p': 2, 'weights': 'distance'}",0.13529562950134277
Plant_oil,1,5,8,2,RandomForest,SMOTE,0.8306766917293233,0.818242857268026,"{'bootstrap': True, 'ccp_alpha': 0.0, 'class_weight': None, 'criterion': 'gini', 'max_depth': 20, 'max_features': 'sqrt', 'max_leaf_nodes': None, 'max_samples': None, 'min_impurity_decrease': 0.0, 'min_samples_leaf': 1, 'min_samples_split': 2, 'min_weight_fraction_leaf': 0.0, 'monotonic_cst': None, 'n_estimators': 100, 'n_jobs': None, 'oob_score': False, 'random_state': 42, 'verbose': 0, 'warm_start': False}",4.458747148513794
Plant_oil,1,5,8,2,LinearSVC,SMOTE,0.6626315789473685,0.6491449280094461,"{'C': np.float64(10.0), 'class_weight': None, 'dual': False, 'fit_intercept': True, 'intercept_scaling': 1, 'loss': 'squared_hinge', 'max_iter': 100, 'multi_class': 'ovr', 'penalty': 'l2', 'random_state': 42, 'tol': 0.0001, 'verbose': 0}",0.20849370956420898
Plant_oil,1,5,8,2,LogisticRegression,SMOTE,0.7793984962406015,0.7678702939669241,"{'C': np.float64(100.0), 'class_weight': None, 'dual': False, 'fit_intercept': True, 'intercept_scaling': 1, 'l1_ratio': None, 'max_iter': 100, 'multi_class': 'deprecated', 'n_jobs': None, 'penalty': 'l2', 'random_state': 42, 'solver': 'lbfgs', 'tol': 0.0001, 'verbose': 0, 'warm_start': False}",0.7679555416107178
Plant_oil,1,5,8,2,RNN,SMOTE,0.40601503759398494,0.304800604003634,"{'hidden_size': 64, 'epochs': 10, 'batch_size': 32, 'lr': 0.001}",0.7196369171142578
Plant_oil,1,5,8,3,KNN,SMOTE,0.8488721804511278,0.8351630304839777,"{'algorithm': 'auto', 'leaf_size': 30, 'metric': 'minkowski', 'metric_params': None, 'n_jobs': None, 'n_neighbors': np.int64(8), 'p': 2, 'weights': 'distance'}",0.15033507347106934
Plant_oil,1,5,8,3,RandomForest,SMOTE,0.8236842105263158,0.8114616409657822,"{'bootstrap': True, 'ccp_alpha': 0.0, 'class_weight': None, 'criterion': 'gini', 'max_depth': 20, 'max_features': 'sqrt', 'max_leaf_nodes': None, 'max_samples': None, 'min_impurity_decrease': 0.0, 'min_samples_leaf': 1, 'min_samples_split': 2, 'min_weight_fraction_leaf': 0.0, 'monotonic_cst': None, 'n_estimators': 100, 'n_jobs': None, 'oob_score': False, 'random_state': 42, 'verbose': 0, 'warm_start': False}",6.672034740447998
Plant_oil,1,5,8,3,LinearSVC,SMOTE,0.6689473684210526,0.6575567887999151,"{'C': np.float64(10.0), 'class_weight': None, 'dual': False, 'fit_intercept': True, 'intercept_scaling': 1, 'loss': 'squared_hinge', 'max_iter': 100, 'multi_class': 'ovr', 'penalty': 'l2', 'random_state': 42, 'tol': 0.0001, 'verbose': 0}",0.3084423542022705
Plant_oil,1,5,8,3,LogisticRegression,SMOTE,0.7908270676691729,0.7804665833495479,"{'C': np.float64(100.0), 'class_weight': None, 'dual': False, 'fit_intercept': True, 'intercept_scaling': 1, 'l1_ratio': None, 'max_iter': 100, 'multi_class': 'deprecated', 'n_jobs': None, 'penalty': 'l2', 'random_state': 42, 'solver': 'lbfgs', 'tol': 0.0001, 'verbose': 0, 'warm_start': False}",1.174009084701538
Plant_oil,1,5,8,3,RNN,SMOTE,0.45112781954887216,0.398867863916515,"{'hidden_size': 64, 'epochs': 10, 'batch_size': 32, 'lr': 0.001}",1.2447330951690674
Plant_oil,1,5,8,5,KNN,SMOTE,0.8495488721804512,0.837119796533786,"{'algorithm': 'auto', 'leaf_size': 30, 'metric': 'minkowski', 'metric_params': None, 'n_jobs': None, 'n_neighbors': np.int64(8), 'p': 2, 'weights': 'distance'}",0.1908280849456787
Plant_oil,1,5,8,5,RandomForest,SMOTE,0.8261654135338345,0.8145623461144137,"{'bootstrap': True, 'ccp_alpha': 0.0, 'class_weight': None, 'criterion': 'gini', 'max_depth': 20, 'max_features': 'sqrt', 'max_leaf_nodes': None, 'max_samples': None, 'min_impurity_decrease': 0.0, 'min_samples_leaf': 1, 'min_samples_split': 2, 'min_weight_fraction_leaf': 0.0, 'monotonic_cst': None, 'n_estimators': 100, 'n_jobs': None, 'oob_score': False, 'random_state': 42, 'verbose': 0, 'warm_start': False}",12.29701852798462
Plant_oil,1,5,8,5,LinearSVC,SMOTE,0.6642105263157895,0.6513432736367455,"{'C': np.float64(10.0), 'class_weight': None, 'dual': False, 'fit_intercept': True, 'intercept_scaling': 1, 'loss': 'squared_hinge', 'max_iter': 100, 'multi_class': 'ovr', 'penalty': 'l2', 'random_state': 42, 'tol': 0.0001, 'verbose': 0}",0.5221168994903564
Plant_oil,1,5,8,5,LogisticRegression,SMOTE,0.7705263157894737,0.7602773053237154,"{'C': np.float64(100.0), 'class_weight': None, 'dual': False, 'fit_intercept': True, 'intercept_scaling': 1, 'l1_ratio': None, 'max_iter': 100, 'multi_class': 'deprecated', 'n_jobs': None, 'penalty': 'l2', 'random_state': 42, 'solver': 'lbfgs', 'tol': 0.0001, 'verbose': 0, 'warm_start': False}",1.8873860836029053
Plant_oil,1,5,8,5,RNN,SMOTE,0.2781954887218045,0.18068748862761758,"{'hidden_size': 64, 'epochs': 10, 'batch_size': 32, 'lr': 0.001}",2.0486934185028076
Plant_oil,1,5,8,10,KNN,SMOTE,0.862406015037594,0.8502347792540581,"{'algorithm': 'auto', 'leaf_size': 30, 'metric': 'minkowski', 'metric_params': None, 'n_jobs': None, 'n_neighbors': np.int64(8), 'p': 2, 'weights': 'distance'}",0.2724888324737549
Plant_oil,1,5,8,10,RandomForest,SMOTE,0.824812030075188,0.813069819741579,"{'bootstrap': True, 'ccp_alpha': 0.0, 'class_weight': None, 'criterion': 'gini', 'max_depth': 20, 'max_features': 'sqrt', 'max_leaf_nodes': None, 'max_samples': None, 'min_impurity_decrease': 0.0, 'min_samples_leaf': 1, 'min_samples_split': 2, 'min_weight_fraction_leaf': 0.0, 'monotonic_cst': None, 'n_estimators': 100, 'n_jobs': None, 'oob_score': False, 'random_state': 42, 'verbose': 0, 'warm_start': False}",26.22059988975525
Plant_oil,1,5,8,10,LinearSVC,SMOTE,0.6584210526315789,0.6450056696629382,"{'C': np.float64(10.0), 'class_weight': None, 'dual': False, 'fit_intercept': True, 'intercept_scaling': 1, 'loss': 'squared_hinge', 'max_iter': 100, 'multi_class': 'ovr', 'penalty': 'l2', 'random_state': 42, 'tol': 0.0001, 'verbose': 0}",1.1194472312927246
Plant_oil,1,5,8,10,LogisticRegression,SMOTE,0.7726315789473684,0.7628434718379561,"{'C': np.float64(100.0), 'class_weight': None, 'dual': False, 'fit_intercept': True, 'intercept_scaling': 1, 'l1_ratio': None, 'max_iter': 100, 'multi_class': 'deprecated', 'n_jobs': None, 'penalty': 'l2', 'random_state': 42, 'solver': 'lbfgs', 'tol': 0.0001, 'verbose': 0, 'warm_start': False}",3.8747758865356445
Plant_oil,1,5,8,10,RNN,SMOTE,0.6240601503759399,0.5767820720111935,"{'hidden_size': 64, 'epochs': 10, 'batch_size': 32, 'lr': 0.001}",3.6913158893585205
Plant_oil,1,5,8,2,KNN,Mixup,0.838796992481203,0.8249631944829329,"{'algorithm': 'auto', 'leaf_size': 30, 'metric': 'minkowski', 'metric_params': None, 'n_jobs': None, 'n_neighbors': np.int64(8), 'p': 2, 'weights': 'distance'}",0.13468503952026367
Plant_oil,1,5,8,2,RandomForest,Mixup,0.8249624060150376,0.8127462585263499,"{'bootstrap': True, 'ccp_alpha': 0.0, 'class_weight': None, 'criterion': 'gini', 'max_depth': 20, 'max_features': 'sqrt', 'max_leaf_nodes': None, 'max_samples': None, 'min_impurity_decrease': 0.0, 'min_samples_leaf': 1, 'min_samples_split': 2, 'min_weight_fraction_leaf': 0.0, 'monotonic_cst': None, 'n_estimators': 100, 'n_jobs': None, 'oob_score': False, 'random_state': 42, 'verbose': 0, 'warm_start': False}",4.164758205413818
Plant_oil,1,5,8,2,LinearSVC,Mixup,0.6642105263157895,0.6504362052864019,"{'C': np.float64(10.0), 'class_weight': None, 'dual': False, 'fit_intercept': True, 'intercept_scaling': 1, 'loss': 'squared_hinge', 'max_iter': 100, 'multi_class': 'ovr', 'penalty': 'l2', 'random_state': 42, 'tol': 0.0001, 'verbose': 0}",0.20340251922607422
Plant_oil,1,5,8,2,LogisticRegression,Mixup,0.7936842105263158,0.7815287920286667,"{'C': np.float64(100.0), 'class_weight': None, 'dual': False, 'fit_intercept': True, 'intercept_scaling': 1, 'l1_ratio': None, 'max_iter': 100, 'multi_class': 'deprecated', 'n_jobs': None, 'penalty': 'l2', 'random_state': 42, 'solver': 'lbfgs', 'tol': 0.0001, 'verbose': 0, 'warm_start': False}",0.8008327484130859
Plant_oil,1,5,8,2,RNN,Mixup,0.3007518796992481,0.20738233620456928,"{'hidden_size': 64, 'epochs': 10, 'batch_size': 32, 'lr': 0.001}",0.735379695892334
Plant_oil,1,5,8,3,KNN,Mixup,0.8404511278195489,0.8272462402342591,"{'algorithm': 'auto', 'leaf_size': 30, 'metric': 'minkowski', 'metric_params': None, 'n_jobs': None, 'n_neighbors': np.int64(8), 'p': 2, 'weights': 'distance'}",0.14966082572937012
Plant_oil,1,5,8,3,RandomForest,Mixup,0.8221052631578948,0.8102110641436603,"{'bootstrap': True, 'ccp_alpha': 0.0, 'class_weight': None, 'criterion': 'gini', 'max_depth': 20, 'max_features': 'sqrt', 'max_leaf_nodes': None, 'max_samples': None, 'min_impurity_decrease': 0.0, 'min_samples_leaf': 1, 'min_samples_split': 2, 'min_weight_fraction_leaf': 0.0, 'monotonic_cst': None, 'n_estimators': 100, 'n_jobs': None, 'oob_score': False, 'random_state': 42, 'verbose': 0, 'warm_start': False}",6.3075597286224365
Plant_oil,1,5,8,3,LinearSVC,Mixup,0.6652631578947369,0.6516769823285942,"{'C': np.float64(10.0), 'class_weight': None, 'dual': False, 'fit_intercept': True, 'intercept_scaling': 1, 'loss': 'squared_hinge', 'max_iter': 100, 'multi_class': 'ovr', 'penalty': 'l2', 'random_state': 42, 'tol': 0.0001, 'verbose': 0}",0.30832982063293457
Plant_oil,1,5,8,3,LogisticRegression,Mixup,0.8075187969924812,0.7962399411594709,"{'C': np.float64(100.0), 'class_weight': None, 'dual': False, 'fit_intercept': True, 'intercept_scaling': 1, 'l1_ratio': None, 'max_iter': 100, 'multi_class': 'deprecated', 'n_jobs': None, 'penalty': 'l2', 'random_state': 42, 'solver': 'lbfgs', 'tol': 0.0001, 'verbose': 0, 'warm_start': False}",1.1568026542663574
Plant_oil,1,5,8,3,RNN,Mixup,0.42857142857142855,0.323636122952155,"{'hidden_size': 64, 'epochs': 10, 'batch_size': 32, 'lr': 0.001}",1.138171911239624
Plant_oil,1,5,8,5,KNN,Mixup,0.8531578947368421,0.8384634950110584,"{'algorithm': 'auto', 'leaf_size': 30, 'metric': 'minkowski', 'metric_params': None, 'n_jobs': None, 'n_neighbors': np.int64(8), 'p': 2, 'weights': 'distance'}",0.18672394752502441
Plant_oil,1,5,8,5,RandomForest,Mixup,0.8273684210526315,0.8148401122925023,"{'bootstrap': True, 'ccp_alpha': 0.0, 'class_weight': None, 'criterion': 'gini', 'max_depth': 20, 'max_features': 'sqrt', 'max_leaf_nodes': None, 'max_samples': None, 'min_impurity_decrease': 0.0, 'min_samples_leaf': 1, 'min_samples_split': 2, 'min_weight_fraction_leaf': 0.0, 'monotonic_cst': None, 'n_estimators': 100, 'n_jobs': None, 'oob_score': False, 'random_state': 42, 'verbose': 0, 'warm_start': False}",11.064567804336548
Plant_oil,1,5,8,5,LinearSVC,Mixup,0.6560150375939849,0.6420051921795517,"{'C': np.float64(10.0), 'class_weight': None, 'dual': False, 'fit_intercept': True, 'intercept_scaling': 1, 'loss': 'squared_hinge', 'max_iter': 100, 'multi_class': 'ovr', 'penalty': 'l2', 'random_state': 42, 'tol': 0.0001, 'verbose': 0}",0.5199379920959473
Plant_oil,1,5,8,5,LogisticRegression,Mixup,0.7867669172932331,0.7753064969845305,"{'C': np.float64(100.0), 'class_weight': None, 'dual': False, 'fit_intercept': True, 'intercept_scaling': 1, 'l1_ratio': None, 'max_iter': 100, 'multi_class': 'deprecated', 'n_jobs': None, 'penalty': 'l2', 'random_state': 42, 'solver': 'lbfgs', 'tol': 0.0001, 'verbose': 0, 'warm_start': False}",1.9028239250183105
Plant_oil,1,5,8,5,RNN,Mixup,0.3684210526315789,0.30347581616378605,"{'hidden_size': 64, 'epochs': 10, 'batch_size': 32, 'lr': 0.001}",1.8195888996124268
Plant_oil,1,5,8,10,KNN,Mixup,0.8636842105263158,0.8514757253143455,"{'algorithm': 'auto', 'leaf_size': 30, 'metric': 'minkowski', 'metric_params': None, 'n_jobs': None, 'n_neighbors': np.int64(8), 'p': 2, 'weights': 'distance'}",0.2687370777130127
Plant_oil,1,5,8,10,RandomForest,Mixup,0.8250375939849625,0.8114982903090511,"{'bootstrap': True, 'ccp_alpha': 0.0, 'class_weight': None, 'criterion': 'gini', 'max_depth': 20, 'max_features': 'sqrt', 'max_leaf_nodes': None, 'max_samples': None, 'min_impurity_decrease': 0.0, 'min_samples_leaf': 1, 'min_samples_split': 2, 'min_weight_fraction_leaf': 0.0, 'monotonic_cst': None, 'n_estimators': 100, 'n_jobs': None, 'oob_score': False, 'random_state': 42, 'verbose': 0, 'warm_start': False}",22.053272247314453
Plant_oil,1,5,8,10,LinearSVC,Mixup,0.6534586466165414,0.639519597642335,"{'C': np.float64(10.0), 'class_weight': None, 'dual': False, 'fit_intercept': True, 'intercept_scaling': 1, 'loss': 'squared_hinge', 'max_iter': 100, 'multi_class': 'ovr', 'penalty': 'l2', 'random_state': 42, 'tol': 0.0001, 'verbose': 0}",1.105982780456543
Plant_oil,1,5,8,10,LogisticRegression,Mixup,0.8050375939849624,0.7946051628407084,"{'C': np.float64(100.0), 'class_weight': None, 'dual': False, 'fit_intercept': True, 'intercept_scaling': 1, 'l1_ratio': None, 'max_iter': 100, 'multi_class': 'deprecated', 'n_jobs': None, 'penalty': 'l2', 'random_state': 42, 'solver': 'lbfgs', 'tol': 0.0001, 'verbose': 0, 'warm_start': False}",3.8378913402557373
Plant_oil,1,5,8,10,RNN,Mixup,0.6015037593984962,0.5812653811371192,"{'hidden_size': 64, 'epochs': 10, 'batch_size': 32, 'lr': 0.001}",3.960103988647461
Plant_oil,1,5,8,2,KNN,GMM,0.8410526315789474,0.8243363032544787,"{'algorithm': 'auto', 'leaf_size': 30, 'metric': 'minkowski', 'metric_params': None, 'n_jobs': None, 'n_neighbors': np.int64(8), 'p': 2, 'weights': 'distance'}",0.1561594009399414
Plant_oil,1,5,8,2,RandomForest,GMM,0.8284962406015037,0.8141108480794474,"{'bootstrap': True, 'ccp_alpha': 0.0, 'class_weight': None, 'criterion': 'gini', 'max_depth': 20, 'max_features': 'sqrt', 'max_leaf_nodes': None, 'max_samples': None, 'min_impurity_decrease': 0.0, 'min_samples_leaf': 1, 'min_samples_split': 2, 'min_weight_fraction_leaf': 0.0, 'monotonic_cst': None, 'n_estimators': 100, 'n_jobs': None, 'oob_score': False, 'random_state': 42, 'verbose': 0, 'warm_start': False}",4.953243970870972
Plant_oil,1,5,8,2,LinearSVC,GMM,0.6790977443609022,0.6644793377680288,"{'C': np.float64(10.0), 'class_weight': None, 'dual': False, 'fit_intercept': True, 'intercept_scaling': 1, 'loss': 'squared_hinge', 'max_iter': 100, 'multi_class': 'ovr', 'penalty': 'l2', 'random_state': 42, 'tol': 0.0001, 'verbose': 0}",0.20006632804870605
Plant_oil,1,5,8,2,LogisticRegression,GMM,0.8093233082706767,0.7990424879736494,"{'C': np.float64(100.0), 'class_weight': None, 'dual': False, 'fit_intercept': True, 'intercept_scaling': 1, 'l1_ratio': None, 'max_iter': 100, 'multi_class': 'deprecated', 'n_jobs': None, 'penalty': 'l2', 'random_state': 42, 'solver': 'lbfgs', 'tol': 0.0001, 'verbose': 0, 'warm_start': False}",0.7973639965057373
Plant_oil,1,5,8,2,RNN,GMM,0.3383458646616541,0.25619827477825613,"{'hidden_size': 64, 'epochs': 10, 'batch_size': 32, 'lr': 0.001}",0.7766525745391846
Plant_oil,1,5,8,3,KNN,GMM,0.8364661654135338,0.8192903987545956,"{'algorithm': 'auto', 'leaf_size': 30, 'metric': 'minkowski', 'metric_params': None, 'n_jobs': None, 'n_neighbors': np.int64(8), 'p': 2, 'weights': 'distance'}",0.1821587085723877
Plant_oil,1,5,8,3,RandomForest,GMM,0.8219548872180451,0.8071062144321463,"{'bootstrap': True, 'ccp_alpha': 0.0, 'class_weight': None, 'criterion': 'gini', 'max_depth': 20, 'max_features': 'sqrt', 'max_leaf_nodes': None, 'max_samples': None, 'min_impurity_decrease': 0.0, 'min_samples_leaf': 1, 'min_samples_split': 2, 'min_weight_fraction_leaf': 0.0, 'monotonic_cst': None, 'n_estimators': 100, 'n_jobs': None, 'oob_score': False, 'random_state': 42, 'verbose': 0, 'warm_start': False}",7.474323034286499
Plant_oil,1,5,8,3,LinearSVC,GMM,0.6740601503759398,0.658932756888137,"{'C': np.float64(10.0), 'class_weight': None, 'dual': False, 'fit_intercept': True, 'intercept_scaling': 1, 'loss': 'squared_hinge', 'max_iter': 100, 'multi_class': 'ovr', 'penalty': 'l2', 'random_state': 42, 'tol': 0.0001, 'verbose': 0}",0.3011307716369629
Plant_oil,1,5,8,3,LogisticRegression,GMM,0.8048872180451128,0.7933742566434825,"{'C': np.float64(100.0), 'class_weight': None, 'dual': False, 'fit_intercept': True, 'intercept_scaling': 1, 'l1_ratio': None, 'max_iter': 100, 'multi_class': 'deprecated', 'n_jobs': None, 'penalty': 'l2', 'random_state': 42, 'solver': 'lbfgs', 'tol': 0.0001, 'verbose': 0, 'warm_start': False}",1.2375624179840088
Plant_oil,1,5,8,3,RNN,GMM,0.48120300751879697,0.4089918853076748,"{'hidden_size': 64, 'epochs': 10, 'batch_size': 32, 'lr': 0.001}",1.2363040447235107
Plant_oil,1,5,8,5,KNN,GMM,0.8337593984962406,0.8176596416410887,"{'algorithm': 'auto', 'leaf_size': 30, 'metric': 'minkowski', 'metric_params': None, 'n_jobs': None, 'n_neighbors': np.int64(8), 'p': 2, 'weights': 'distance'}",0.23777079582214355
Plant_oil,1,5,8,5,RandomForest,GMM,0.8275187969924812,0.8121985485734659,"{'bootstrap': True, 'ccp_alpha': 0.0, 'class_weight': None, 'criterion': 'gini', 'max_depth': 20, 'max_features': 'sqrt', 'max_leaf_nodes': None, 'max_samples': None, 'min_impurity_decrease': 0.0, 'min_samples_leaf': 1, 'min_samples_split': 2, 'min_weight_fraction_leaf': 0.0, 'monotonic_cst': None, 'n_estimators': 100, 'n_jobs': None, 'oob_score': False, 'random_state': 42, 'verbose': 0, 'warm_start': False}",14.105682373046875
Plant_oil,1,5,8,5,LinearSVC,GMM,0.6793233082706767,0.6632332980521881,"{'C': np.float64(10.0), 'class_weight': None, 'dual': False, 'fit_intercept': True, 'intercept_scaling': 1, 'loss': 'squared_hinge', 'max_iter': 100, 'multi_class': 'ovr', 'penalty': 'l2', 'random_state': 42, 'tol': 0.0001, 'verbose': 0}",0.52201247215271
Plant_oil,1,5,8,5,LogisticRegression,GMM,0.8066165413533835,0.7948904972463957,"{'C': np.float64(100.0), 'class_weight': None, 'dual': False, 'fit_intercept': True, 'intercept_scaling': 1, 'l1_ratio': None, 'max_iter': 100, 'multi_class': 'deprecated', 'n_jobs': None, 'penalty': 'l2', 'random_state': 42, 'solver': 'lbfgs', 'tol': 0.0001, 'verbose': 0, 'warm_start': False}",2.004425287246704
Plant_oil,1,5,8,5,RNN,GMM,0.40601503759398494,0.32441000911029283,"{'hidden_size': 64, 'epochs': 10, 'batch_size': 32, 'lr': 0.001}",1.8977375030517578
Plant_oil,1,5,8,10,KNN,GMM,0.8311278195488722,0.8139421391967637,"{'algorithm': 'auto', 'leaf_size': 30, 'metric': 'minkowski', 'metric_params': None, 'n_jobs': None, 'n_neighbors': np.int64(8), 'p': 2, 'weights': 'distance'}",0.3494873046875
Plant_oil,1,5,8,10,RandomForest,GMM,0.8257894736842105,0.8099228488939673,"{'bootstrap': True, 'ccp_alpha': 0.0, 'class_weight': None, 'criterion': 'gini', 'max_depth': 20, 'max_features': 'sqrt', 'max_leaf_nodes': None, 'max_samples': None, 'min_impurity_decrease': 0.0, 'min_samples_leaf': 1, 'min_samples_split': 2, 'min_weight_fraction_leaf': 0.0, 'monotonic_cst': None, 'n_estimators': 100, 'n_jobs': None, 'oob_score': False, 'random_state': 42, 'verbose': 0, 'warm_start': False}",28.748011589050293
Plant_oil,1,5,8,10,LinearSVC,GMM,0.6765413533834587,0.6605830660487639,"{'C': np.float64(10.0), 'class_weight': None, 'dual': False, 'fit_intercept': True, 'intercept_scaling': 1, 'loss': 'squared_hinge', 'max_iter': 100, 'multi_class': 'ovr', 'penalty': 'l2', 'random_state': 42, 'tol': 0.0001, 'verbose': 0}",1.1058716773986816
Plant_oil,1,5,8,10,LogisticRegression,GMM,0.8011278195488721,0.7895433743418434,"{'C': np.float64(100.0), 'class_weight': None, 'dual': False, 'fit_intercept': True, 'intercept_scaling': 1, 'l1_ratio': None, 'max_iter': 100, 'multi_class': 'deprecated', 'n_jobs': None, 'penalty': 'l2', 'random_state': 42, 'solver': 'lbfgs', 'tol': 0.0001, 'verbose': 0, 'warm_start': False}",4.82151985168457
Plant_oil,1,5,8,10,RNN,GMM,0.6466165413533834,0.6203905559279287,"{'hidden_size': 64, 'epochs': 10, 'batch_size': 32, 'lr': 0.001}",3.9905102252960205
Plant_oil,1,5,8,2,KNN,HMM_GMM,0.8216541353383459,0.8067330329301199,"{'algorithm': 'auto', 'leaf_size': 30, 'metric': 'minkowski', 'metric_params': None, 'n_jobs': None, 'n_neighbors': np.int64(8), 'p': 2, 'weights': 'distance'}",0.15515804290771484
Plant_oil,1,5,8,2,RandomForest,HMM_GMM,0.8156390977443609,0.8025283255931471,"{'bootstrap': True, 'ccp_alpha': 0.0, 'class_weight': None, 'criterion': 'gini', 'max_depth': 20, 'max_features': 'sqrt', 'max_leaf_nodes': None, 'max_samples': None, 'min_impurity_decrease': 0.0, 'min_samples_leaf': 1, 'min_samples_split': 2, 'min_weight_fraction_leaf': 0.0, 'monotonic_cst': None, 'n_estimators': 100, 'n_jobs': None, 'oob_score': False, 'random_state': 42, 'verbose': 0, 'warm_start': False}",3.758371591567993
Plant_oil,1,5,8,2,LinearSVC,HMM_GMM,0.641203007518797,0.6212936437946628,"{'C': np.float64(10.0), 'class_weight': None, 'dual': False, 'fit_intercept': True, 'intercept_scaling': 1, 'loss': 'squared_hinge', 'max_iter': 100, 'multi_class': 'ovr', 'penalty': 'l2', 'random_state': 42, 'tol': 0.0001, 'verbose': 0}",0.2040550708770752
Plant_oil,1,5,8,2,LogisticRegression,HMM_GMM,0.7616541353383459,0.7494980254784993,"{'C': np.float64(100.0), 'class_weight': None, 'dual': False, 'fit_intercept': True, 'intercept_scaling': 1, 'l1_ratio': None, 'max_iter': 100, 'multi_class': 'deprecated', 'n_jobs': None, 'penalty': 'l2', 'random_state': 42, 'solver': 'lbfgs', 'tol': 0.0001, 'verbose': 0, 'warm_start': False}",0.8162739276885986
Plant_oil,1,5,8,2,RNN,HMM_GMM,0.3308270676691729,0.21192243220438714,"{'hidden_size': 64, 'epochs': 10, 'batch_size': 32, 'lr': 0.001}",0.8372845649719238
Plant_oil,1,5,8,3,KNN,HMM_GMM,0.8214285714285714,0.8064874094367454,"{'algorithm': 'auto', 'leaf_size': 30, 'metric': 'minkowski', 'metric_params': None, 'n_jobs': None, 'n_neighbors': np.int64(8), 'p': 2, 'weights': 'distance'}",0.16998672485351562
Plant_oil,1,5,8,3,RandomForest,HMM_GMM,0.8071428571428572,0.7947999200136583,"{'bootstrap': True, 'ccp_alpha': 0.0, 'class_weight': None, 'criterion': 'gini', 'max_depth': 20, 'max_features': 'sqrt', 'max_leaf_nodes': None, 'max_samples': None, 'min_impurity_decrease': 0.0, 'min_samples_leaf': 1, 'min_samples_split': 2, 'min_weight_fraction_leaf': 0.0, 'monotonic_cst': None, 'n_estimators': 100, 'n_jobs': None, 'oob_score': False, 'random_state': 42, 'verbose': 0, 'warm_start': False}",4.386611461639404
Plant_oil,1,5,8,3,LinearSVC,HMM_GMM,0.6012781954887219,0.5810611290586003,"{'C': np.float64(10.0), 'class_weight': None, 'dual': False, 'fit_intercept': True, 'intercept_scaling': 1, 'loss': 'squared_hinge', 'max_iter': 100, 'multi_class': 'ovr', 'penalty': 'l2', 'random_state': 42, 'tol': 0.0001, 'verbose': 0}",0.3016934394836426
Plant_oil,1,5,8,3,LogisticRegression,HMM_GMM,0.7200751879699248,0.7070601048923251,"{'C': np.float64(100.0), 'class_weight': None, 'dual': False, 'fit_intercept': True, 'intercept_scaling': 1, 'l1_ratio': None, 'max_iter': 100, 'multi_class': 'deprecated', 'n_jobs': None, 'penalty': 'l2', 'random_state': 42, 'solver': 'lbfgs', 'tol': 0.0001, 'verbose': 0, 'warm_start': False}",1.183591604232788
Plant_oil,1,5,8,3,RNN,HMM_GMM,0.39097744360902253,0.31508125388220365,"{'hidden_size': 64, 'epochs': 10, 'batch_size': 32, 'lr': 0.001}",1.1823146343231201
Plant_oil,1,5,8,5,KNN,HMM_GMM,0.8214285714285714,0.8064874094367454,"{'algorithm': 'auto', 'leaf_size': 30, 'metric': 'minkowski', 'metric_params': None, 'n_jobs': None, 'n_neighbors': np.int64(8), 'p': 2, 'weights': 'distance'}",0.2195584774017334
Plant_oil,1,5,8,5,RandomForest,HMM_GMM,0.811203007518797,0.7989782140817268,"{'bootstrap': True, 'ccp_alpha': 0.0, 'class_weight': None, 'criterion': 'gini', 'max_depth': 20, 'max_features': 'sqrt', 'max_leaf_nodes': None, 'max_samples': None, 'min_impurity_decrease': 0.0, 'min_samples_leaf': 1, 'min_samples_split': 2, 'min_weight_fraction_leaf': 0.0, 'monotonic_cst': None, 'n_estimators': 100, 'n_jobs': None, 'oob_score': False, 'random_state': 42, 'verbose': 0, 'warm_start': False}",5.441975831985474
Plant_oil,1,5,8,5,LinearSVC,HMM_GMM,0.5669924812030075,0.5410787268829557,"{'C': np.float64(10.0), 'class_weight': None, 'dual': False, 'fit_intercept': True, 'intercept_scaling': 1, 'loss': 'squared_hinge', 'max_iter': 100, 'multi_class': 'ovr', 'penalty': 'l2', 'random_state': 42, 'tol': 0.0001, 'verbose': 0}",0.48510289192199707
Plant_oil,1,5,8,5,LogisticRegression,HMM_GMM,0.6671428571428571,0.6526115944364964,"{'C': np.float64(100.0), 'class_weight': None, 'dual': False, 'fit_intercept': True, 'intercept_scaling': 1, 'l1_ratio': None, 'max_iter': 100, 'multi_class': 'deprecated', 'n_jobs': None, 'penalty': 'l2', 'random_state': 42, 'solver': 'lbfgs', 'tol': 0.0001, 'verbose': 0, 'warm_start': False}",1.8575170040130615
Plant_oil,1,5,8,5,RNN,HMM_GMM,0.44360902255639095,0.34304242909284927,"{'hidden_size': 64, 'epochs': 10, 'batch_size': 32, 'lr': 0.001}",1.794276237487793
Plant_oil,1,5,8,10,KNN,HMM_GMM,0.822406015037594,0.8080357050942236,"{'algorithm': 'auto', 'leaf_size': 30, 'metric': 'minkowski', 'metric_params': None, 'n_jobs': None, 'n_neighbors': np.int64(8), 'p': 2, 'weights': 'distance'}",0.30924534797668457
Plant_oil,1,5,8,10,RandomForest,HMM_GMM,0.811203007518797,0.7987777059054924,"{'bootstrap': True, 'ccp_alpha': 0.0, 'class_weight': None, 'criterion': 'gini', 'max_depth': 20, 'max_features': 'sqrt', 'max_leaf_nodes': None, 'max_samples': None, 'min_impurity_decrease': 0.0, 'min_samples_leaf': 1, 'min_samples_split': 2, 'min_weight_fraction_leaf': 0.0, 'monotonic_cst': None, 'n_estimators': 100, 'n_jobs': None, 'oob_score': False, 'random_state': 42, 'verbose': 0, 'warm_start': False}",8.133363485336304
Plant_oil,1,5,8,10,LinearSVC,HMM_GMM,0.531578947368421,0.5003289755306091,"{'C': np.float64(10.0), 'class_weight': None, 'dual': False, 'fit_intercept': True, 'intercept_scaling': 1, 'loss': 'squared_hinge', 'max_iter': 100, 'multi_class': 'ovr', 'penalty': 'l2', 'random_state': 42, 'tol': 0.0001, 'verbose': 0}",1.1108386516571045
Plant_oil,1,5,8,10,LogisticRegression,HMM_GMM,0.5809022556390977,0.5618781354489923,"{'C': np.float64(100.0), 'class_weight': None, 'dual': False, 'fit_intercept': True, 'intercept_scaling': 1, 'l1_ratio': None, 'max_iter': 100, 'multi_class': 'deprecated', 'n_jobs': None, 'penalty': 'l2', 'random_state': 42, 'solver': 'lbfgs', 'tol': 0.0001, 'verbose': 0, 'warm_start': False}",4.126973867416382
Plant_oil,1,5,8,10,RNN,HMM_GMM,0.44360902255639095,0.3544912024156429,"{'hidden_size': 64, 'epochs': 10, 'batch_size': 32, 'lr': 0.001}",3.921804428100586
Plant_oil,1,5,9,1,KNN,Baseline,0.8089473684210526,0.8063280302917629,"{'algorithm': 'auto', 'leaf_size': 30, 'metric': 'minkowski', 'metric_params': None, 'n_jobs': None, 'n_neighbors': 5, 'p': 2, 'weights': 'uniform'}",0.6349713802337646
Plant_oil,1,5,9,1,KNN,Tuned_Baseline,0.8082706766917294,0.8054141894803838,"{'algorithm': 'auto', 'leaf_size': 30, 'metric': 'minkowski', 'metric_params': None, 'n_jobs': None, 'n_neighbors': np.int64(11), 'p': 2, 'weights': 'distance'}",0.1214146614074707
Plant_oil,1,5,9,1,RandomForest,Baseline,0.7782706766917293,0.7735048855348489,"{'bootstrap': True, 'ccp_alpha': 0.0, 'class_weight': None, 'criterion': 'gini', 'max_depth': None, 'max_features': 'sqrt', 'max_leaf_nodes': None, 'max_samples': None, 'min_impurity_decrease': 0.0, 'min_samples_leaf': 1, 'min_samples_split': 2, 'min_weight_fraction_leaf': 0.0, 'monotonic_cst': None, 'n_estimators': 100, 'n_jobs': None, 'oob_score': False, 'random_state': 42, 'verbose': 0, 'warm_start': False}",2.2343363761901855
Plant_oil,1,5,9,1,RandomForest,Tuned_Baseline,0.773984962406015,0.7682874070415919,"{'bootstrap': True, 'ccp_alpha': 0.0, 'class_weight': None, 'criterion': 'gini', 'max_depth': 20, 'max_features': 'sqrt', 'max_leaf_nodes': None, 'max_samples': None, 'min_impurity_decrease': 0.0, 'min_samples_leaf': 1, 'min_samples_split': 2, 'min_weight_fraction_leaf': 0.0, 'monotonic_cst': None, 'n_estimators': 100, 'n_jobs': None, 'oob_score': False, 'random_state': 42, 'verbose': 0, 'warm_start': False}",0.08375740051269531
Plant_oil,1,5,9,1,LinearSVC,Baseline,0.7188721804511278,0.7073438601558005,"{'C': 1.0, 'class_weight': None, 'dual': False, 'fit_intercept': True, 'intercept_scaling': 1, 'loss': 'squared_hinge', 'max_iter': 100, 'multi_class': 'ovr', 'penalty': 'l2', 'random_state': 42, 'tol': 0.0001, 'verbose': 0}",0.09889960289001465
Plant_oil,1,5,9,1,LinearSVC,Tuned_Baseline,0.7093233082706767,0.6966348511084359,"{'C': np.float64(10.0), 'class_weight': None, 'dual': False, 'fit_intercept': True, 'intercept_scaling': 1, 'loss': 'squared_hinge', 'max_iter': 100, 'multi_class': 'ovr', 'penalty': 'l2', 'random_state': 42, 'tol': 0.0001, 'verbose': 0}",0.0019359588623046875
Plant_oil,1,5,9,1,LogisticRegression,Baseline,0.7413533834586467,0.7344619524065068,"{'C': 1.0, 'class_weight': None, 'dual': False, 'fit_intercept': True, 'intercept_scaling': 1, 'l1_ratio': None, 'max_iter': 100, 'multi_class': 'deprecated', 'n_jobs': None, 'penalty': 'l2', 'random_state': 42, 'solver': 'lbfgs', 'tol': 0.0001, 'verbose': 0, 'warm_start': False}",0.4144594669342041
Plant_oil,1,5,9,1,LogisticRegression,Tuned_Baseline,0.7483458646616541,0.7346349360101228,"{'C': np.float64(100.0), 'class_weight': None, 'dual': False, 'fit_intercept': True, 'intercept_scaling': 1, 'l1_ratio': None, 'max_iter': 100, 'multi_class': 'deprecated', 'n_jobs': None, 'penalty': 'l2', 'random_state': 42, 'solver': 'lbfgs', 'tol': 0.0001, 'verbose': 0, 'warm_start': False}",0.001954793930053711
Plant_oil,1,5,9,1,RNN,Baseline,0.18045112781954886,0.07391789663257807,"{'hidden_size': 64, 'epochs': 10, 'batch_size': 32, 'lr': 0.001}",0.367598295211792
Plant_oil,1,5,9,1,RNN,Tuned_Baseline,0.18045112781954886,0.07391789663257807,"{'hidden_size': 64, 'epochs': 10, 'batch_size': 32, 'lr': 0.001}",0.006402730941772461
Plant_oil,1,5,9,2,KNN,Jittering,0.8132330827067669,0.8103605789029749,"{'algorithm': 'auto', 'leaf_size': 30, 'metric': 'minkowski', 'metric_params': None, 'n_jobs': None, 'n_neighbors': np.int64(11), 'p': 2, 'weights': 'distance'}",0.16825509071350098
Plant_oil,1,5,9,2,RandomForest,Jittering,0.7982706766917294,0.791589196756864,"{'bootstrap': True, 'ccp_alpha': 0.0, 'class_weight': None, 'criterion': 'gini', 'max_depth': 20, 'max_features': 'sqrt', 'max_leaf_nodes': None, 'max_samples': None, 'min_impurity_decrease': 0.0, 'min_samples_leaf': 1, 'min_samples_split': 2, 'min_weight_fraction_leaf': 0.0, 'monotonic_cst': None, 'n_estimators': 100, 'n_jobs': None, 'oob_score': False, 'random_state': 42, 'verbose': 0, 'warm_start': False}",4.756337642669678
Plant_oil,1,5,9,2,LinearSVC,Jittering,0.711203007518797,0.6985311388840519,"{'C': np.float64(10.0), 'class_weight': None, 'dual': False, 'fit_intercept': True, 'intercept_scaling': 1, 'loss': 'squared_hinge', 'max_iter': 100, 'multi_class': 'ovr', 'penalty': 'l2', 'random_state': 42, 'tol': 0.0001, 'verbose': 0}",0.20627689361572266
Plant_oil,1,5,9,2,LogisticRegression,Jittering,0.7552631578947369,0.7419712641137058,"{'C': np.float64(100.0), 'class_weight': None, 'dual': False, 'fit_intercept': True, 'intercept_scaling': 1, 'l1_ratio': None, 'max_iter': 100, 'multi_class': 'deprecated', 'n_jobs': None, 'penalty': 'l2', 'random_state': 42, 'solver': 'lbfgs', 'tol': 0.0001, 'verbose': 0, 'warm_start': False}",0.7672367095947266
Plant_oil,1,5,9,2,RNN,Jittering,0.23308270676691728,0.13005530955187705,"{'hidden_size': 64, 'epochs': 10, 'batch_size': 32, 'lr': 0.001}",0.7319827079772949
Plant_oil,1,5,9,3,KNN,Jittering,0.8094736842105263,0.8064092003405847,"{'algorithm': 'auto', 'leaf_size': 30, 'metric': 'minkowski', 'metric_params': None, 'n_jobs': None, 'n_neighbors': np.int64(11), 'p': 2, 'weights': 'distance'}",0.189300537109375
Plant_oil,1,5,9,3,RandomForest,Jittering,0.7970676691729324,0.7922551747550272,"{'bootstrap': True, 'ccp_alpha': 0.0, 'class_weight': None, 'criterion': 'gini', 'max_depth': 20, 'max_features': 'sqrt', 'max_leaf_nodes': None, 'max_samples': None, 'min_impurity_decrease': 0.0, 'min_samples_leaf': 1, 'min_samples_split': 2, 'min_weight_fraction_leaf': 0.0, 'monotonic_cst': None, 'n_estimators': 100, 'n_jobs': None, 'oob_score': False, 'random_state': 42, 'verbose': 0, 'warm_start': False}",7.243842363357544
Plant_oil,1,5,9,3,LinearSVC,Jittering,0.7135338345864661,0.7005006947153043,"{'C': np.float64(10.0), 'class_weight': None, 'dual': False, 'fit_intercept': True, 'intercept_scaling': 1, 'loss': 'squared_hinge', 'max_iter': 100, 'multi_class': 'ovr', 'penalty': 'l2', 'random_state': 42, 'tol': 0.0001, 'verbose': 0}",0.3131144046783447
Plant_oil,1,5,9,3,LogisticRegression,Jittering,0.7564661654135338,0.7446096739023145,"{'C': np.float64(100.0), 'class_weight': None, 'dual': False, 'fit_intercept': True, 'intercept_scaling': 1, 'l1_ratio': None, 'max_iter': 100, 'multi_class': 'deprecated', 'n_jobs': None, 'penalty': 'l2', 'random_state': 42, 'solver': 'lbfgs', 'tol': 0.0001, 'verbose': 0, 'warm_start': False}",1.2465975284576416
Plant_oil,1,5,9,3,RNN,Jittering,0.44360902255639095,0.34631562183049597,"{'hidden_size': 64, 'epochs': 10, 'batch_size': 32, 'lr': 0.001}",1.2699980735778809
Plant_oil,1,5,9,5,KNN,Jittering,0.8122556390977443,0.8094635306176778,"{'algorithm': 'auto', 'leaf_size': 30, 'metric': 'minkowski', 'metric_params': None, 'n_jobs': None, 'n_neighbors': np.int64(11), 'p': 2, 'weights': 'distance'}",0.23946857452392578
Plant_oil,1,5,9,5,RandomForest,Jittering,0.8021052631578948,0.7976375624759685,"{'bootstrap': True, 'ccp_alpha': 0.0, 'class_weight': None, 'criterion': 'gini', 'max_depth': 20, 'max_features': 'sqrt', 'max_leaf_nodes': None, 'max_samples': None, 'min_impurity_decrease': 0.0, 'min_samples_leaf': 1, 'min_samples_split': 2, 'min_weight_fraction_leaf': 0.0, 'monotonic_cst': None, 'n_estimators': 100, 'n_jobs': None, 'oob_score': False, 'random_state': 42, 'verbose': 0, 'warm_start': False}",12.886813640594482
Plant_oil,1,5,9,5,LinearSVC,Jittering,0.7145112781954888,0.7014770136375935,"{'C': np.float64(10.0), 'class_weight': None, 'dual': False, 'fit_intercept': True, 'intercept_scaling': 1, 'loss': 'squared_hinge', 'max_iter': 100, 'multi_class': 'ovr', 'penalty': 'l2', 'random_state': 42, 'tol': 0.0001, 'verbose': 0}",0.526747465133667
Plant_oil,1,5,9,5,LogisticRegression,Jittering,0.7551127819548872,0.7425259028594469,"{'C': np.float64(100.0), 'class_weight': None, 'dual': False, 'fit_intercept': True, 'intercept_scaling': 1, 'l1_ratio': None, 'max_iter': 100, 'multi_class': 'deprecated', 'n_jobs': None, 'penalty': 'l2', 'random_state': 42, 'solver': 'lbfgs', 'tol': 0.0001, 'verbose': 0, 'warm_start': False}",1.9997155666351318
Plant_oil,1,5,9,5,RNN,Jittering,0.3383458646616541,0.2629908870549265,"{'hidden_size': 64, 'epochs': 10, 'batch_size': 32, 'lr': 0.001}",1.8843135833740234
Plant_oil,1,5,9,10,KNN,Jittering,0.8104511278195489,0.8078403603537776,"{'algorithm': 'auto', 'leaf_size': 30, 'metric': 'minkowski', 'metric_params': None, 'n_jobs': None, 'n_neighbors': np.int64(11), 'p': 2, 'weights': 'distance'}",0.3428325653076172
Plant_oil,1,5,9,10,RandomForest,Jittering,0.8040601503759398,0.7986551859309925,"{'bootstrap': True, 'ccp_alpha': 0.0, 'class_weight': None, 'criterion': 'gini', 'max_depth': 20, 'max_features': 'sqrt', 'max_leaf_nodes': None, 'max_samples': None, 'min_impurity_decrease': 0.0, 'min_samples_leaf': 1, 'min_samples_split': 2, 'min_weight_fraction_leaf': 0.0, 'monotonic_cst': None, 'n_estimators': 100, 'n_jobs': None, 'oob_score': False, 'random_state': 42, 'verbose': 0, 'warm_start': False}",27.90570306777954
Plant_oil,1,5,9,10,LinearSVC,Jittering,0.7153383458646616,0.7023900669774833,"{'C': np.float64(10.0), 'class_weight': None, 'dual': False, 'fit_intercept': True, 'intercept_scaling': 1, 'loss': 'squared_hinge', 'max_iter': 100, 'multi_class': 'ovr', 'penalty': 'l2', 'random_state': 42, 'tol': 0.0001, 'verbose': 0}",1.1215200424194336
Plant_oil,1,5,9,10,LogisticRegression,Jittering,0.7538345864661654,0.7406416344100653,"{'C': np.float64(100.0), 'class_weight': None, 'dual': False, 'fit_intercept': True, 'intercept_scaling': 1, 'l1_ratio': None, 'max_iter': 100, 'multi_class': 'deprecated', 'n_jobs': None, 'penalty': 'l2', 'random_state': 42, 'solver': 'lbfgs', 'tol': 0.0001, 'verbose': 0, 'warm_start': False}",3.9786217212677
Plant_oil,1,5,9,10,RNN,Jittering,0.6390977443609023,0.5690101522144867,"{'hidden_size': 64, 'epochs': 10, 'batch_size': 32, 'lr': 0.001}",3.8419148921966553
Plant_oil,1,5,9,2,KNN,Scaling,0.8092481203007519,0.8057232244785143,"{'algorithm': 'auto', 'leaf_size': 30, 'metric': 'minkowski', 'metric_params': None, 'n_jobs': None, 'n_neighbors': np.int64(11), 'p': 2, 'weights': 'distance'}",0.1711714267730713
Plant_oil,1,5,9,2,RandomForest,Scaling,0.7950375939849624,0.787182382234861,"{'bootstrap': True, 'ccp_alpha': 0.0, 'class_weight': None, 'criterion': 'gini', 'max_depth': 20, 'max_features': 'sqrt', 'max_leaf_nodes': None, 'max_samples': None, 'min_impurity_decrease': 0.0, 'min_samples_leaf': 1, 'min_samples_split': 2, 'min_weight_fraction_leaf': 0.0, 'monotonic_cst': None, 'n_estimators': 100, 'n_jobs': None, 'oob_score': False, 'random_state': 42, 'verbose': 0, 'warm_start': False}",4.585574388504028
Plant_oil,1,5,9,2,LinearSVC,Scaling,0.6962406015037594,0.6785417083589159,"{'C': np.float64(10.0), 'class_weight': None, 'dual': False, 'fit_intercept': True, 'intercept_scaling': 1, 'loss': 'squared_hinge', 'max_iter': 100, 'multi_class': 'ovr', 'penalty': 'l2', 'random_state': 42, 'tol': 0.0001, 'verbose': 0}",0.19469714164733887
Plant_oil,1,5,9,2,LogisticRegression,Scaling,0.772781954887218,0.7630216698345554,"{'C': np.float64(100.0), 'class_weight': None, 'dual': False, 'fit_intercept': True, 'intercept_scaling': 1, 'l1_ratio': None, 'max_iter': 100, 'multi_class': 'deprecated', 'n_jobs': None, 'penalty': 'l2', 'random_state': 42, 'solver': 'lbfgs', 'tol': 0.0001, 'verbose': 0, 'warm_start': False}",0.8053977489471436
Plant_oil,1,5,9,2,RNN,Scaling,0.3157894736842105,0.21177130178471099,"{'hidden_size': 64, 'epochs': 10, 'batch_size': 32, 'lr': 0.001}",1.048145055770874
Plant_oil,1,5,9,3,KNN,Scaling,0.8219548872180451,0.8191772097359742,"{'algorithm': 'auto', 'leaf_size': 30, 'metric': 'minkowski', 'metric_params': None, 'n_jobs': None, 'n_neighbors': np.int64(11), 'p': 2, 'weights': 'distance'}",0.19716882705688477
Plant_oil,1,5,9,3,RandomForest,Scaling,0.7918796992481203,0.7897693243859382,"{'bootstrap': True, 'ccp_alpha': 0.0, 'class_weight': None, 'criterion': 'gini', 'max_depth': 20, 'max_features': 'sqrt', 'max_leaf_nodes': None, 'max_samples': None, 'min_impurity_decrease': 0.0, 'min_samples_leaf': 1, 'min_samples_split': 2, 'min_weight_fraction_leaf': 0.0, 'monotonic_cst': None, 'n_estimators': 100, 'n_jobs': None, 'oob_score': False, 'random_state': 42, 'verbose': 0, 'warm_start': False}",7.111818075180054
Plant_oil,1,5,9,3,LinearSVC,Scaling,0.6872932330827067,0.6649848858244309,"{'C': np.float64(10.0), 'class_weight': None, 'dual': False, 'fit_intercept': True, 'intercept_scaling': 1, 'loss': 'squared_hinge', 'max_iter': 100, 'multi_class': 'ovr', 'penalty': 'l2', 'random_state': 42, 'tol': 0.0001, 'verbose': 0}",0.3057706356048584
Plant_oil,1,5,9,3,LogisticRegression,Scaling,0.7646616541353384,0.7492576127790028,"{'C': np.float64(100.0), 'class_weight': None, 'dual': False, 'fit_intercept': True, 'intercept_scaling': 1, 'l1_ratio': None, 'max_iter': 100, 'multi_class': 'deprecated', 'n_jobs': None, 'penalty': 'l2', 'random_state': 42, 'solver': 'lbfgs', 'tol': 0.0001, 'verbose': 0, 'warm_start': False}",1.2297723293304443
Plant_oil,1,5,9,3,RNN,Scaling,0.38345864661654133,0.26675109524474316,"{'hidden_size': 64, 'epochs': 10, 'batch_size': 32, 'lr': 0.001}",1.160132884979248
Plant_oil,1,5,9,5,KNN,Scaling,0.8134586466165413,0.8105295604347688,"{'algorithm': 'auto', 'leaf_size': 30, 'metric': 'minkowski', 'metric_params': None, 'n_jobs': None, 'n_neighbors': np.int64(11), 'p': 2, 'weights': 'distance'}",0.25054192543029785
Plant_oil,1,5,9,5,RandomForest,Scaling,0.7851127819548872,0.7823020538838935,"{'bootstrap': True, 'ccp_alpha': 0.0, 'class_weight': None, 'criterion': 'gini', 'max_depth': 20, 'max_features': 'sqrt', 'max_leaf_nodes': None, 'max_samples': None, 'min_impurity_decrease': 0.0, 'min_samples_leaf': 1, 'min_samples_split': 2, 'min_weight_fraction_leaf': 0.0, 'monotonic_cst': None, 'n_estimators': 100, 'n_jobs': None, 'oob_score': False, 'random_state': 42, 'verbose': 0, 'warm_start': False}",13.109080076217651
Plant_oil,1,5,9,5,LinearSVC,Scaling,0.6794736842105263,0.6630611491761752,"{'C': np.float64(10.0), 'class_weight': None, 'dual': False, 'fit_intercept': True, 'intercept_scaling': 1, 'loss': 'squared_hinge', 'max_iter': 100, 'multi_class': 'ovr', 'penalty': 'l2', 'random_state': 42, 'tol': 0.0001, 'verbose': 0}",0.520270586013794
Plant_oil,1,5,9,5,LogisticRegression,Scaling,0.7378195488721805,0.7254796809918969,"{'C': np.float64(100.0), 'class_weight': None, 'dual': False, 'fit_intercept': True, 'intercept_scaling': 1, 'l1_ratio': None, 'max_iter': 100, 'multi_class': 'deprecated', 'n_jobs': None, 'penalty': 'l2', 'random_state': 42, 'solver': 'lbfgs', 'tol': 0.0001, 'verbose': 0, 'warm_start': False}",2.0158932209014893
Plant_oil,1,5,9,5,RNN,Scaling,0.5789473684210527,0.49884293062090496,"{'hidden_size': 64, 'epochs': 10, 'batch_size': 32, 'lr': 0.001}",1.8666253089904785
Plant_oil,1,5,9,10,KNN,Scaling,0.8151127819548872,0.8130461938779157,"{'algorithm': 'auto', 'leaf_size': 30, 'metric': 'minkowski', 'metric_params': None, 'n_jobs': None, 'n_neighbors': np.int64(11), 'p': 2, 'weights': 'distance'}",0.35942602157592773
Plant_oil,1,5,9,10,RandomForest,Scaling,0.8038345864661655,0.8005928996355387,"{'bootstrap': True, 'ccp_alpha': 0.0, 'class_weight': None, 'criterion': 'gini', 'max_depth': 20, 'max_features': 'sqrt', 'max_leaf_nodes': None, 'max_samples': None, 'min_impurity_decrease': 0.0, 'min_samples_leaf': 1, 'min_samples_split': 2, 'min_weight_fraction_leaf': 0.0, 'monotonic_cst': None, 'n_estimators': 100, 'n_jobs': None, 'oob_score': False, 'random_state': 42, 'verbose': 0, 'warm_start': False}",28.559082508087158
Plant_oil,1,5,9,10,LinearSVC,Scaling,0.7000751879699249,0.683457954152732,"{'C': np.float64(10.0), 'class_weight': None, 'dual': False, 'fit_intercept': True, 'intercept_scaling': 1, 'loss': 'squared_hinge', 'max_iter': 100, 'multi_class': 'ovr', 'penalty': 'l2', 'random_state': 42, 'tol': 0.0001, 'verbose': 0}",1.0988447666168213
Plant_oil,1,5,9,10,LogisticRegression,Scaling,0.7566165413533834,0.7479259812449822,"{'C': np.float64(100.0), 'class_weight': None, 'dual': False, 'fit_intercept': True, 'intercept_scaling': 1, 'l1_ratio': None, 'max_iter': 100, 'multi_class': 'deprecated', 'n_jobs': None, 'penalty': 'l2', 'random_state': 42, 'solver': 'lbfgs', 'tol': 0.0001, 'verbose': 0, 'warm_start': False}",4.623324394226074
Plant_oil,1,5,9,10,RNN,Scaling,0.5939849624060151,0.5342651392625465,"{'hidden_size': 64, 'epochs': 10, 'batch_size': 32, 'lr': 0.001}",3.90621280670166
Plant_oil,1,5,9,2,KNN,Magnitude_Warping,0.8015789473684211,0.7989314680444497,"{'algorithm': 'auto', 'leaf_size': 30, 'metric': 'minkowski', 'metric_params': None, 'n_jobs': None, 'n_neighbors': np.int64(11), 'p': 2, 'weights': 'distance'}",0.17950057983398438
Plant_oil,1,5,9,2,RandomForest,Magnitude_Warping,0.7907518796992481,0.7874900133831989,"{'bootstrap': True, 'ccp_alpha': 0.0, 'class_weight': None, 'criterion': 'gini', 'max_depth': 20, 'max_features': 'sqrt', 'max_leaf_nodes': None, 'max_samples': None, 'min_impurity_decrease': 0.0, 'min_samples_leaf': 1, 'min_samples_split': 2, 'min_weight_fraction_leaf': 0.0, 'monotonic_cst': None, 'n_estimators': 100, 'n_jobs': None, 'oob_score': False, 'random_state': 42, 'verbose': 0, 'warm_start': False}",4.819467544555664
Plant_oil,1,5,9,2,LinearSVC,Magnitude_Warping,0.6346616541353384,0.6142705892893746,"{'C': np.float64(10.0), 'class_weight': None, 'dual': False, 'fit_intercept': True, 'intercept_scaling': 1, 'loss': 'squared_hinge', 'max_iter': 100, 'multi_class': 'ovr', 'penalty': 'l2', 'random_state': 42, 'tol': 0.0001, 'verbose': 0}",0.18758606910705566
Plant_oil,1,5,9,2,LogisticRegression,Magnitude_Warping,0.7280451127819549,0.7224553872656597,"{'C': np.float64(100.0), 'class_weight': None, 'dual': False, 'fit_intercept': True, 'intercept_scaling': 1, 'l1_ratio': None, 'max_iter': 100, 'multi_class': 'deprecated', 'n_jobs': None, 'penalty': 'l2', 'random_state': 42, 'solver': 'lbfgs', 'tol': 0.0001, 'verbose': 0, 'warm_start': False}",0.775789737701416
Plant_oil,1,5,9,2,RNN,Magnitude_Warping,0.3609022556390977,0.25521841444819626,"{'hidden_size': 64, 'epochs': 10, 'batch_size': 32, 'lr': 0.001}",0.7727367877960205
Plant_oil,1,5,9,3,KNN,Magnitude_Warping,0.8020300751879699,0.7983506520126583,"{'algorithm': 'auto', 'leaf_size': 30, 'metric': 'minkowski', 'metric_params': None, 'n_jobs': None, 'n_neighbors': np.int64(11), 'p': 2, 'weights': 'distance'}",0.21173357963562012
Plant_oil,1,5,9,3,RandomForest,Magnitude_Warping,0.7813533834586466,0.7776482299180583,"{'bootstrap': True, 'ccp_alpha': 0.0, 'class_weight': None, 'criterion': 'gini', 'max_depth': 20, 'max_features': 'sqrt', 'max_leaf_nodes': None, 'max_samples': None, 'min_impurity_decrease': 0.0, 'min_samples_leaf': 1, 'min_samples_split': 2, 'min_weight_fraction_leaf': 0.0, 'monotonic_cst': None, 'n_estimators': 100, 'n_jobs': None, 'oob_score': False, 'random_state': 42, 'verbose': 0, 'warm_start': False}",7.61237907409668
Plant_oil,1,5,9,3,LinearSVC,Magnitude_Warping,0.6853383458646617,0.6628463404600559,"{'C': np.float64(10.0), 'class_weight': None, 'dual': False, 'fit_intercept': True, 'intercept_scaling': 1, 'loss': 'squared_hinge', 'max_iter': 100, 'multi_class': 'ovr', 'penalty': 'l2', 'random_state': 42, 'tol': 0.0001, 'verbose': 0}",0.28447771072387695
Plant_oil,1,5,9,3,LogisticRegression,Magnitude_Warping,0.7411278195488722,0.734779037031505,"{'C': np.float64(100.0), 'class_weight': None, 'dual': False, 'fit_intercept': True, 'intercept_scaling': 1, 'l1_ratio': None, 'max_iter': 100, 'multi_class': 'deprecated', 'n_jobs': None, 'penalty': 'l2', 'random_state': 42, 'solver': 'lbfgs', 'tol': 0.0001, 'verbose': 0, 'warm_start': False}",1.1980020999908447
Plant_oil,1,5,9,3,RNN,Magnitude_Warping,0.43609022556390975,0.3507803584468206,"{'hidden_size': 64, 'epochs': 10, 'batch_size': 32, 'lr': 0.001}",1.1438238620758057
Plant_oil,1,5,9,5,KNN,Magnitude_Warping,0.8027067669172933,0.7986796758216258,"{'algorithm': 'auto', 'leaf_size': 30, 'metric': 'minkowski', 'metric_params': None, 'n_jobs': None, 'n_neighbors': np.int64(11), 'p': 2, 'weights': 'distance'}",0.269824743270874
Plant_oil,1,5,9,5,RandomForest,Magnitude_Warping,0.7922556390977443,0.7893280388639307,"{'bootstrap': True, 'ccp_alpha': 0.0, 'class_weight': None, 'criterion': 'gini', 'max_depth': 20, 'max_features': 'sqrt', 'max_leaf_nodes': None, 'max_samples': None, 'min_impurity_decrease': 0.0, 'min_samples_leaf': 1, 'min_samples_split': 2, 'min_weight_fraction_leaf': 0.0, 'monotonic_cst': None, 'n_estimators': 100, 'n_jobs': None, 'oob_score': False, 'random_state': 42, 'verbose': 0, 'warm_start': False}",13.893747568130493
Plant_oil,1,5,9,5,LinearSVC,Magnitude_Warping,0.6458646616541354,0.6215315465838092,"{'C': np.float64(10.0), 'class_weight': None, 'dual': False, 'fit_intercept': True, 'intercept_scaling': 1, 'loss': 'squared_hinge', 'max_iter': 100, 'multi_class': 'ovr', 'penalty': 'l2', 'random_state': 42, 'tol': 0.0001, 'verbose': 0}",0.4788494110107422
Plant_oil,1,5,9,5,LogisticRegression,Magnitude_Warping,0.7345864661654136,0.7291728355517021,"{'C': np.float64(100.0), 'class_weight': None, 'dual': False, 'fit_intercept': True, 'intercept_scaling': 1, 'l1_ratio': None, 'max_iter': 100, 'multi_class': 'deprecated', 'n_jobs': None, 'penalty': 'l2', 'random_state': 42, 'solver': 'lbfgs', 'tol': 0.0001, 'verbose': 0, 'warm_start': False}",1.906064510345459
Plant_oil,1,5,9,5,RNN,Magnitude_Warping,0.48872180451127817,0.38391793109374545,"{'hidden_size': 64, 'epochs': 10, 'batch_size': 32, 'lr': 0.001}",1.7591760158538818
Plant_oil,1,5,9,10,KNN,Magnitude_Warping,0.7972180451127819,0.7939595075430466,"{'algorithm': 'auto', 'leaf_size': 30, 'metric': 'minkowski', 'metric_params': None, 'n_jobs': None, 'n_neighbors': np.int64(11), 'p': 2, 'weights': 'distance'}",0.3978595733642578
Plant_oil,1,5,9,10,RandomForest,Magnitude_Warping,0.783157894736842,0.7802383385313952,"{'bootstrap': True, 'ccp_alpha': 0.0, 'class_weight': None, 'criterion': 'gini', 'max_depth': 20, 'max_features': 'sqrt', 'max_leaf_nodes': None, 'max_samples': None, 'min_impurity_decrease': 0.0, 'min_samples_leaf': 1, 'min_samples_split': 2, 'min_weight_fraction_leaf': 0.0, 'monotonic_cst': None, 'n_estimators': 100, 'n_jobs': None, 'oob_score': False, 'random_state': 42, 'verbose': 0, 'warm_start': False}",31.005210876464844
Plant_oil,1,5,9,10,LinearSVC,Magnitude_Warping,0.650827067669173,0.6266680347338915,"{'C': np.float64(10.0), 'class_weight': None, 'dual': False, 'fit_intercept': True, 'intercept_scaling': 1, 'loss': 'squared_hinge', 'max_iter': 100, 'multi_class': 'ovr', 'penalty': 'l2', 'random_state': 42, 'tol': 0.0001, 'verbose': 0}",1.0316150188446045
Plant_oil,1,5,9,10,LogisticRegression,Magnitude_Warping,0.7290977443609022,0.7214148235366202,"{'C': np.float64(100.0), 'class_weight': None, 'dual': False, 'fit_intercept': True, 'intercept_scaling': 1, 'l1_ratio': None, 'max_iter': 100, 'multi_class': 'deprecated', 'n_jobs': None, 'penalty': 'l2', 'random_state': 42, 'solver': 'lbfgs', 'tol': 0.0001, 'verbose': 0, 'warm_start': False}",5.015782594680786
Plant_oil,1,5,9,10,RNN,Magnitude_Warping,0.5789473684210527,0.508640181319673,"{'hidden_size': 64, 'epochs': 10, 'batch_size': 32, 'lr': 0.001}",3.794325113296509
Plant_oil,1,5,9,2,KNN,Time_Warping,0.7860150375939849,0.783694910670572,"{'algorithm': 'auto', 'leaf_size': 30, 'metric': 'minkowski', 'metric_params': None, 'n_jobs': None, 'n_neighbors': np.int64(11), 'p': 2, 'weights': 'distance'}",0.1730191707611084
Plant_oil,1,5,9,2,RandomForest,Time_Warping,0.7673684210526316,0.76216264635944,"{'bootstrap': True, 'ccp_alpha': 0.0, 'class_weight': None, 'criterion': 'gini', 'max_depth': 20, 'max_features': 'sqrt', 'max_leaf_nodes': None, 'max_samples': None, 'min_impurity_decrease': 0.0, 'min_samples_leaf': 1, 'min_samples_split': 2, 'min_weight_fraction_leaf': 0.0, 'monotonic_cst': None, 'n_estimators': 100, 'n_jobs': None, 'oob_score': False, 'random_state': 42, 'verbose': 0, 'warm_start': False}",4.63834285736084
Plant_oil,1,5,9,2,LinearSVC,Time_Warping,0.6869172932330827,0.6674745834971978,"{'C': np.float64(10.0), 'class_weight': None, 'dual': False, 'fit_intercept': True, 'intercept_scaling': 1, 'loss': 'squared_hinge', 'max_iter': 100, 'multi_class': 'ovr', 'penalty': 'l2', 'random_state': 42, 'tol': 0.0001, 'verbose': 0}",0.19791150093078613
Plant_oil,1,5,9,2,LogisticRegression,Time_Warping,0.7593233082706767,0.7512741981858728,"{'C': np.float64(100.0), 'class_weight': None, 'dual': False, 'fit_intercept': True, 'intercept_scaling': 1, 'l1_ratio': None, 'max_iter': 100, 'multi_class': 'deprecated', 'n_jobs': None, 'penalty': 'l2', 'random_state': 42, 'solver': 'lbfgs', 'tol': 0.0001, 'verbose': 0, 'warm_start': False}",0.7969241142272949
Plant_oil,1,5,9,2,RNN,Time_Warping,0.3082706766917293,0.20365717341440925,"{'hidden_size': 64, 'epochs': 10, 'batch_size': 32, 'lr': 0.001}",0.74953293800354
Plant_oil,1,5,9,3,KNN,Time_Warping,0.8060902255639097,0.802144438084017,"{'algorithm': 'auto', 'leaf_size': 30, 'metric': 'minkowski', 'metric_params': None, 'n_jobs': None, 'n_neighbors': np.int64(11), 'p': 2, 'weights': 'distance'}",0.2052149772644043
Plant_oil,1,5,9,3,RandomForest,Time_Warping,0.7706015037593985,0.7663299455190528,"{'bootstrap': True, 'ccp_alpha': 0.0, 'class_weight': None, 'criterion': 'gini', 'max_depth': 20, 'max_features': 'sqrt', 'max_leaf_nodes': None, 'max_samples': None, 'min_impurity_decrease': 0.0, 'min_samples_leaf': 1, 'min_samples_split': 2, 'min_weight_fraction_leaf': 0.0, 'monotonic_cst': None, 'n_estimators': 100, 'n_jobs': None, 'oob_score': False, 'random_state': 42, 'verbose': 0, 'warm_start': False}",7.031897783279419
Plant_oil,1,5,9,3,LinearSVC,Time_Warping,0.6866165413533835,0.6672601347767259,"{'C': np.float64(10.0), 'class_weight': None, 'dual': False, 'fit_intercept': True, 'intercept_scaling': 1, 'loss': 'squared_hinge', 'max_iter': 100, 'multi_class': 'ovr', 'penalty': 'l2', 'random_state': 42, 'tol': 0.0001, 'verbose': 0}",0.28209686279296875
Plant_oil,1,5,9,3,LogisticRegression,Time_Warping,0.7569172932330827,0.748422680607892,"{'C': np.float64(100.0), 'class_weight': None, 'dual': False, 'fit_intercept': True, 'intercept_scaling': 1, 'l1_ratio': None, 'max_iter': 100, 'multi_class': 'deprecated', 'n_jobs': None, 'penalty': 'l2', 'random_state': 42, 'solver': 'lbfgs', 'tol': 0.0001, 'verbose': 0, 'warm_start': False}",1.2012817859649658
Plant_oil,1,5,9,3,RNN,Time_Warping,0.47368421052631576,0.40722763280259966,"{'hidden_size': 64, 'epochs': 10, 'batch_size': 32, 'lr': 0.001}",1.1428391933441162
Plant_oil,1,5,9,5,KNN,Time_Warping,0.7981203007518797,0.796771324069692,"{'algorithm': 'auto', 'leaf_size': 30, 'metric': 'minkowski', 'metric_params': None, 'n_jobs': None, 'n_neighbors': np.int64(11), 'p': 2, 'weights': 'distance'}",0.2648947238922119
Plant_oil,1,5,9,5,RandomForest,Time_Warping,0.7623308270676692,0.7609528898360748,"{'bootstrap': True, 'ccp_alpha': 0.0, 'class_weight': None, 'criterion': 'gini', 'max_depth': 20, 'max_features': 'sqrt', 'max_leaf_nodes': None, 'max_samples': None, 'min_impurity_decrease': 0.0, 'min_samples_leaf': 1, 'min_samples_split': 2, 'min_weight_fraction_leaf': 0.0, 'monotonic_cst': None, 'n_estimators': 100, 'n_jobs': None, 'oob_score': False, 'random_state': 42, 'verbose': 0, 'warm_start': False}",12.601242303848267
Plant_oil,1,5,9,5,LinearSVC,Time_Warping,0.6807518796992481,0.6618831370791779,"{'C': np.float64(10.0), 'class_weight': None, 'dual': False, 'fit_intercept': True, 'intercept_scaling': 1, 'loss': 'squared_hinge', 'max_iter': 100, 'multi_class': 'ovr', 'penalty': 'l2', 'random_state': 42, 'tol': 0.0001, 'verbose': 0}",0.4761631488800049
Plant_oil,1,5,9,5,LogisticRegression,Time_Warping,0.7474436090225564,0.7404843095076175,"{'C': np.float64(100.0), 'class_weight': None, 'dual': False, 'fit_intercept': True, 'intercept_scaling': 1, 'l1_ratio': None, 'max_iter': 100, 'multi_class': 'deprecated', 'n_jobs': None, 'penalty': 'l2', 'random_state': 42, 'solver': 'lbfgs', 'tol': 0.0001, 'verbose': 0, 'warm_start': False}",1.939790964126587
Plant_oil,1,5,9,5,RNN,Time_Warping,0.3684210526315789,0.2838463801256813,"{'hidden_size': 64, 'epochs': 10, 'batch_size': 32, 'lr': 0.001}",1.7763280868530273
Plant_oil,1,5,9,10,KNN,Time_Warping,0.7817293233082707,0.778973778600891,"{'algorithm': 'auto', 'leaf_size': 30, 'metric': 'minkowski', 'metric_params': None, 'n_jobs': None, 'n_neighbors': np.int64(11), 'p': 2, 'weights': 'distance'}",0.4238569736480713
Plant_oil,1,5,9,10,RandomForest,Time_Warping,0.7410526315789474,0.7396587938434886,"{'bootstrap': True, 'ccp_alpha': 0.0, 'class_weight': None, 'criterion': 'gini', 'max_depth': 20, 'max_features': 'sqrt', 'max_leaf_nodes': None, 'max_samples': None, 'min_impurity_decrease': 0.0, 'min_samples_leaf': 1, 'min_samples_split': 2, 'min_weight_fraction_leaf': 0.0, 'monotonic_cst': None, 'n_estimators': 100, 'n_jobs': None, 'oob_score': False, 'random_state': 42, 'verbose': 0, 'warm_start': False}",27.597437620162964
Plant_oil,1,5,9,10,LinearSVC,Time_Warping,0.6719548872180451,0.6519249191136406,"{'C': np.float64(10.0), 'class_weight': None, 'dual': False, 'fit_intercept': True, 'intercept_scaling': 1, 'loss': 'squared_hinge', 'max_iter': 100, 'multi_class': 'ovr', 'penalty': 'l2', 'random_state': 42, 'tol': 0.0001, 'verbose': 0}",0.9719674587249756
Plant_oil,1,5,9,10,LogisticRegression,Time_Warping,0.7545112781954887,0.7491488436068289,"{'C': np.float64(100.0), 'class_weight': None, 'dual': False, 'fit_intercept': True, 'intercept_scaling': 1, 'l1_ratio': None, 'max_iter': 100, 'multi_class': 'deprecated', 'n_jobs': None, 'penalty': 'l2', 'random_state': 42, 'solver': 'lbfgs', 'tol': 0.0001, 'verbose': 0, 'warm_start': False}",3.7483482360839844
Plant_oil,1,5,9,10,RNN,Time_Warping,0.518796992481203,0.4487508063345996,"{'hidden_size': 64, 'epochs': 10, 'batch_size': 32, 'lr': 0.001}",3.7680037021636963
Plant_oil,1,5,9,2,KNN,SMOTE,0.8233082706766918,0.819609584294436,"{'algorithm': 'auto', 'leaf_size': 30, 'metric': 'minkowski', 'metric_params': None, 'n_jobs': None, 'n_neighbors': np.int64(11), 'p': 2, 'weights': 'distance'}",0.16093683242797852
Plant_oil,1,5,9,2,RandomForest,SMOTE,0.791578947368421,0.7847646990220736,"{'bootstrap': True, 'ccp_alpha': 0.0, 'class_weight': None, 'criterion': 'gini', 'max_depth': 20, 'max_features': 'sqrt', 'max_leaf_nodes': None, 'max_samples': None, 'min_impurity_decrease': 0.0, 'min_samples_leaf': 1, 'min_samples_split': 2, 'min_weight_fraction_leaf': 0.0, 'monotonic_cst': None, 'n_estimators': 100, 'n_jobs': None, 'oob_score': False, 'random_state': 42, 'verbose': 0, 'warm_start': False}",4.579899311065674
Plant_oil,1,5,9,2,LinearSVC,SMOTE,0.6999248120300752,0.6876567604540021,"{'C': np.float64(10.0), 'class_weight': None, 'dual': False, 'fit_intercept': True, 'intercept_scaling': 1, 'loss': 'squared_hinge', 'max_iter': 100, 'multi_class': 'ovr', 'penalty': 'l2', 'random_state': 42, 'tol': 0.0001, 'verbose': 0}",0.2089698314666748
Plant_oil,1,5,9,2,LogisticRegression,SMOTE,0.7409774436090225,0.7287000071165423,"{'C': np.float64(100.0), 'class_weight': None, 'dual': False, 'fit_intercept': True, 'intercept_scaling': 1, 'l1_ratio': None, 'max_iter': 100, 'multi_class': 'deprecated', 'n_jobs': None, 'penalty': 'l2', 'random_state': 42, 'solver': 'lbfgs', 'tol': 0.0001, 'verbose': 0, 'warm_start': False}",0.8330104351043701
Plant_oil,1,5,9,2,RNN,SMOTE,0.3684210526315789,0.25421461179423344,"{'hidden_size': 64, 'epochs': 10, 'batch_size': 32, 'lr': 0.001}",0.7968623638153076
Plant_oil,1,5,9,3,KNN,SMOTE,0.8182706766917294,0.8142831321835728,"{'algorithm': 'auto', 'leaf_size': 30, 'metric': 'minkowski', 'metric_params': None, 'n_jobs': None, 'n_neighbors': np.int64(11), 'p': 2, 'weights': 'distance'}",0.17584013938903809
Plant_oil,1,5,9,3,RandomForest,SMOTE,0.7959398496240602,0.7886181980548996,"{'bootstrap': True, 'ccp_alpha': 0.0, 'class_weight': None, 'criterion': 'gini', 'max_depth': 20, 'max_features': 'sqrt', 'max_leaf_nodes': None, 'max_samples': None, 'min_impurity_decrease': 0.0, 'min_samples_leaf': 1, 'min_samples_split': 2, 'min_weight_fraction_leaf': 0.0, 'monotonic_cst': None, 'n_estimators': 100, 'n_jobs': None, 'oob_score': False, 'random_state': 42, 'verbose': 0, 'warm_start': False}",6.8370747566223145
Plant_oil,1,5,9,3,LinearSVC,SMOTE,0.6978947368421052,0.6851603928591823,"{'C': np.float64(10.0), 'class_weight': None, 'dual': False, 'fit_intercept': True, 'intercept_scaling': 1, 'loss': 'squared_hinge', 'max_iter': 100, 'multi_class': 'ovr', 'penalty': 'l2', 'random_state': 42, 'tol': 0.0001, 'verbose': 0}",0.30731940269470215
Plant_oil,1,5,9,3,LogisticRegression,SMOTE,0.7479699248120301,0.7384062709387577,"{'C': np.float64(100.0), 'class_weight': None, 'dual': False, 'fit_intercept': True, 'intercept_scaling': 1, 'l1_ratio': None, 'max_iter': 100, 'multi_class': 'deprecated', 'n_jobs': None, 'penalty': 'l2', 'random_state': 42, 'solver': 'lbfgs', 'tol': 0.0001, 'verbose': 0, 'warm_start': False}",1.1679737567901611
Plant_oil,1,5,9,3,RNN,SMOTE,0.3533834586466165,0.26330490287146635,"{'hidden_size': 64, 'epochs': 10, 'batch_size': 32, 'lr': 0.001}",1.0954442024230957
Plant_oil,1,5,9,5,KNN,SMOTE,0.8329323308270676,0.8291072157074145,"{'algorithm': 'auto', 'leaf_size': 30, 'metric': 'minkowski', 'metric_params': None, 'n_jobs': None, 'n_neighbors': np.int64(11), 'p': 2, 'weights': 'distance'}",0.21767115592956543
Plant_oil,1,5,9,5,RandomForest,SMOTE,0.804812030075188,0.7978122261240705,"{'bootstrap': True, 'ccp_alpha': 0.0, 'class_weight': None, 'criterion': 'gini', 'max_depth': 20, 'max_features': 'sqrt', 'max_leaf_nodes': None, 'max_samples': None, 'min_impurity_decrease': 0.0, 'min_samples_leaf': 1, 'min_samples_split': 2, 'min_weight_fraction_leaf': 0.0, 'monotonic_cst': None, 'n_estimators': 100, 'n_jobs': None, 'oob_score': False, 'random_state': 42, 'verbose': 0, 'warm_start': False}",13.044860124588013
Plant_oil,1,5,9,5,LinearSVC,SMOTE,0.7074436090225564,0.6941951962193292,"{'C': np.float64(10.0), 'class_weight': None, 'dual': False, 'fit_intercept': True, 'intercept_scaling': 1, 'loss': 'squared_hinge', 'max_iter': 100, 'multi_class': 'ovr', 'penalty': 'l2', 'random_state': 42, 'tol': 0.0001, 'verbose': 0}",0.510143518447876
Plant_oil,1,5,9,5,LogisticRegression,SMOTE,0.748796992481203,0.7381424844269788,"{'C': np.float64(100.0), 'class_weight': None, 'dual': False, 'fit_intercept': True, 'intercept_scaling': 1, 'l1_ratio': None, 'max_iter': 100, 'multi_class': 'deprecated', 'n_jobs': None, 'penalty': 'l2', 'random_state': 42, 'solver': 'lbfgs', 'tol': 0.0001, 'verbose': 0, 'warm_start': False}",1.899794101715088
Plant_oil,1,5,9,5,RNN,SMOTE,0.48872180451127817,0.41619123456677865,"{'hidden_size': 64, 'epochs': 10, 'batch_size': 32, 'lr': 0.001}",1.8620636463165283
Plant_oil,1,5,9,10,KNN,SMOTE,0.8293984962406015,0.8235031952418713,"{'algorithm': 'auto', 'leaf_size': 30, 'metric': 'minkowski', 'metric_params': None, 'n_jobs': None, 'n_neighbors': np.int64(11), 'p': 2, 'weights': 'distance'}",0.30928540229797363
Plant_oil,1,5,9,10,RandomForest,SMOTE,0.8006015037593985,0.7920488842390974,"{'bootstrap': True, 'ccp_alpha': 0.0, 'class_weight': None, 'criterion': 'gini', 'max_depth': 20, 'max_features': 'sqrt', 'max_leaf_nodes': None, 'max_samples': None, 'min_impurity_decrease': 0.0, 'min_samples_leaf': 1, 'min_samples_split': 2, 'min_weight_fraction_leaf': 0.0, 'monotonic_cst': None, 'n_estimators': 100, 'n_jobs': None, 'oob_score': False, 'random_state': 42, 'verbose': 0, 'warm_start': False}",28.224529027938843
Plant_oil,1,5,9,10,LinearSVC,SMOTE,0.7018796992481203,0.6898632639060998,"{'C': np.float64(10.0), 'class_weight': None, 'dual': False, 'fit_intercept': True, 'intercept_scaling': 1, 'loss': 'squared_hinge', 'max_iter': 100, 'multi_class': 'ovr', 'penalty': 'l2', 'random_state': 42, 'tol': 0.0001, 'verbose': 0}",1.1771948337554932
Plant_oil,1,5,9,10,LogisticRegression,SMOTE,0.742406015037594,0.7295561480860112,"{'C': np.float64(100.0), 'class_weight': None, 'dual': False, 'fit_intercept': True, 'intercept_scaling': 1, 'l1_ratio': None, 'max_iter': 100, 'multi_class': 'deprecated', 'n_jobs': None, 'penalty': 'l2', 'random_state': 42, 'solver': 'lbfgs', 'tol': 0.0001, 'verbose': 0, 'warm_start': False}",3.8939945697784424
Plant_oil,1,5,9,10,RNN,SMOTE,0.46616541353383456,0.39963926682192935,"{'hidden_size': 64, 'epochs': 10, 'batch_size': 32, 'lr': 0.001}",3.814113140106201
Plant_oil,1,5,9,2,KNN,Mixup,0.8159398496240602,0.8132849307948475,"{'algorithm': 'auto', 'leaf_size': 30, 'metric': 'minkowski', 'metric_params': None, 'n_jobs': None, 'n_neighbors': np.int64(11), 'p': 2, 'weights': 'distance'}",0.15580368041992188
Plant_oil,1,5,9,2,RandomForest,Mixup,0.7782706766917293,0.7738002371163176,"{'bootstrap': True, 'ccp_alpha': 0.0, 'class_weight': None, 'criterion': 'gini', 'max_depth': 20, 'max_features': 'sqrt', 'max_leaf_nodes': None, 'max_samples': None, 'min_impurity_decrease': 0.0, 'min_samples_leaf': 1, 'min_samples_split': 2, 'min_weight_fraction_leaf': 0.0, 'monotonic_cst': None, 'n_estimators': 100, 'n_jobs': None, 'oob_score': False, 'random_state': 42, 'verbose': 0, 'warm_start': False}",4.138580083847046
Plant_oil,1,5,9,2,LinearSVC,Mixup,0.715187969924812,0.701861589278133,"{'C': np.float64(10.0), 'class_weight': None, 'dual': False, 'fit_intercept': True, 'intercept_scaling': 1, 'loss': 'squared_hinge', 'max_iter': 100, 'multi_class': 'ovr', 'penalty': 'l2', 'random_state': 42, 'tol': 0.0001, 'verbose': 0}",0.20455193519592285
Plant_oil,1,5,9,2,LogisticRegression,Mixup,0.7459398496240601,0.7350823296094438,"{'C': np.float64(100.0), 'class_weight': None, 'dual': False, 'fit_intercept': True, 'intercept_scaling': 1, 'l1_ratio': None, 'max_iter': 100, 'multi_class': 'deprecated', 'n_jobs': None, 'penalty': 'l2', 'random_state': 42, 'solver': 'lbfgs', 'tol': 0.0001, 'verbose': 0, 'warm_start': False}",0.7936251163482666
Plant_oil,1,5,9,2,RNN,Mixup,0.3082706766917293,0.1958898833352409,"{'hidden_size': 64, 'epochs': 10, 'batch_size': 32, 'lr': 0.001}",0.7415573596954346
Plant_oil,1,5,9,3,KNN,Mixup,0.8233834586466166,0.8199462711440546,"{'algorithm': 'auto', 'leaf_size': 30, 'metric': 'minkowski', 'metric_params': None, 'n_jobs': None, 'n_neighbors': np.int64(11), 'p': 2, 'weights': 'distance'}",0.17419958114624023
Plant_oil,1,5,9,3,RandomForest,Mixup,0.7953383458646617,0.7900894025430963,"{'bootstrap': True, 'ccp_alpha': 0.0, 'class_weight': None, 'criterion': 'gini', 'max_depth': 20, 'max_features': 'sqrt', 'max_leaf_nodes': None, 'max_samples': None, 'min_impurity_decrease': 0.0, 'min_samples_leaf': 1, 'min_samples_split': 2, 'min_weight_fraction_leaf': 0.0, 'monotonic_cst': None, 'n_estimators': 100, 'n_jobs': None, 'oob_score': False, 'random_state': 42, 'verbose': 0, 'warm_start': False}",6.521171808242798
Plant_oil,1,5,9,3,LinearSVC,Mixup,0.7022556390977444,0.6812332267897484,"{'C': np.float64(10.0), 'class_weight': None, 'dual': False, 'fit_intercept': True, 'intercept_scaling': 1, 'loss': 'squared_hinge', 'max_iter': 100, 'multi_class': 'ovr', 'penalty': 'l2', 'random_state': 42, 'tol': 0.0001, 'verbose': 0}",0.31146907806396484
Plant_oil,1,5,9,3,LogisticRegression,Mixup,0.7386466165413533,0.7246484671835813,"{'C': np.float64(100.0), 'class_weight': None, 'dual': False, 'fit_intercept': True, 'intercept_scaling': 1, 'l1_ratio': None, 'max_iter': 100, 'multi_class': 'deprecated', 'n_jobs': None, 'penalty': 'l2', 'random_state': 42, 'solver': 'lbfgs', 'tol': 0.0001, 'verbose': 0, 'warm_start': False}",1.2280707359313965
Plant_oil,1,5,9,3,RNN,Mixup,0.49624060150375937,0.4066577313114709,"{'hidden_size': 64, 'epochs': 10, 'batch_size': 32, 'lr': 0.001}",1.2811863422393799
Plant_oil,1,5,9,5,KNN,Mixup,0.8161654135338345,0.8127975638548869,"{'algorithm': 'auto', 'leaf_size': 30, 'metric': 'minkowski', 'metric_params': None, 'n_jobs': None, 'n_neighbors': np.int64(11), 'p': 2, 'weights': 'distance'}",0.21382403373718262
Plant_oil,1,5,9,5,RandomForest,Mixup,0.7984962406015037,0.793345306743082,"{'bootstrap': True, 'ccp_alpha': 0.0, 'class_weight': None, 'criterion': 'gini', 'max_depth': 20, 'max_features': 'sqrt', 'max_leaf_nodes': None, 'max_samples': None, 'min_impurity_decrease': 0.0, 'min_samples_leaf': 1, 'min_samples_split': 2, 'min_weight_fraction_leaf': 0.0, 'monotonic_cst': None, 'n_estimators': 100, 'n_jobs': None, 'oob_score': False, 'random_state': 42, 'verbose': 0, 'warm_start': False}",10.845776796340942
Plant_oil,1,5,9,5,LinearSVC,Mixup,0.7077443609022557,0.6939348386423182,"{'C': np.float64(10.0), 'class_weight': None, 'dual': False, 'fit_intercept': True, 'intercept_scaling': 1, 'loss': 'squared_hinge', 'max_iter': 100, 'multi_class': 'ovr', 'penalty': 'l2', 'random_state': 42, 'tol': 0.0001, 'verbose': 0}",0.5120944976806641
Plant_oil,1,5,9,5,LogisticRegression,Mixup,0.741203007518797,0.730515446563857,"{'C': np.float64(100.0), 'class_weight': None, 'dual': False, 'fit_intercept': True, 'intercept_scaling': 1, 'l1_ratio': None, 'max_iter': 100, 'multi_class': 'deprecated', 'n_jobs': None, 'penalty': 'l2', 'random_state': 42, 'solver': 'lbfgs', 'tol': 0.0001, 'verbose': 0, 'warm_start': False}",1.8400146961212158
Plant_oil,1,5,9,5,RNN,Mixup,0.48872180451127817,0.41936901498849843,"{'hidden_size': 64, 'epochs': 10, 'batch_size': 32, 'lr': 0.001}",1.9430036544799805
Plant_oil,1,5,9,10,KNN,Mixup,0.8181203007518797,0.813619788956565,"{'algorithm': 'auto', 'leaf_size': 30, 'metric': 'minkowski', 'metric_params': None, 'n_jobs': None, 'n_neighbors': np.int64(11), 'p': 2, 'weights': 'distance'}",0.30446434020996094
Plant_oil,1,5,9,10,RandomForest,Mixup,0.7897744360902256,0.7832215284593577,"{'bootstrap': True, 'ccp_alpha': 0.0, 'class_weight': None, 'criterion': 'gini', 'max_depth': 20, 'max_features': 'sqrt', 'max_leaf_nodes': None, 'max_samples': None, 'min_impurity_decrease': 0.0, 'min_samples_leaf': 1, 'min_samples_split': 2, 'min_weight_fraction_leaf': 0.0, 'monotonic_cst': None, 'n_estimators': 100, 'n_jobs': None, 'oob_score': False, 'random_state': 42, 'verbose': 0, 'warm_start': False}",22.706984996795654
Plant_oil,1,5,9,10,LinearSVC,Mixup,0.6993984962406015,0.6847695093421459,"{'C': np.float64(10.0), 'class_weight': None, 'dual': False, 'fit_intercept': True, 'intercept_scaling': 1, 'loss': 'squared_hinge', 'max_iter': 100, 'multi_class': 'ovr', 'penalty': 'l2', 'random_state': 42, 'tol': 0.0001, 'verbose': 0}",1.0619304180145264
Plant_oil,1,5,9,10,LogisticRegression,Mixup,0.7448872180451128,0.7342120066586346,"{'C': np.float64(100.0), 'class_weight': None, 'dual': False, 'fit_intercept': True, 'intercept_scaling': 1, 'l1_ratio': None, 'max_iter': 100, 'multi_class': 'deprecated', 'n_jobs': None, 'penalty': 'l2', 'random_state': 42, 'solver': 'lbfgs', 'tol': 0.0001, 'verbose': 0, 'warm_start': False}",3.9011294841766357
Plant_oil,1,5,9,10,RNN,Mixup,0.5037593984962406,0.4461179616747564,"{'hidden_size': 64, 'epochs': 10, 'batch_size': 32, 'lr': 0.001}",3.783662796020508
Plant_oil,1,5,9,2,KNN,GMM,0.8066165413533835,0.8031807449598621,"{'algorithm': 'auto', 'leaf_size': 30, 'metric': 'minkowski', 'metric_params': None, 'n_jobs': None, 'n_neighbors': np.int64(11), 'p': 2, 'weights': 'distance'}",0.18196439743041992
Plant_oil,1,5,9,2,RandomForest,GMM,0.774812030075188,0.7688096705225512,"{'bootstrap': True, 'ccp_alpha': 0.0, 'class_weight': None, 'criterion': 'gini', 'max_depth': 20, 'max_features': 'sqrt', 'max_leaf_nodes': None, 'max_samples': None, 'min_impurity_decrease': 0.0, 'min_samples_leaf': 1, 'min_samples_split': 2, 'min_weight_fraction_leaf': 0.0, 'monotonic_cst': None, 'n_estimators': 100, 'n_jobs': None, 'oob_score': False, 'random_state': 42, 'verbose': 0, 'warm_start': False}",5.034311056137085
Plant_oil,1,5,9,2,LinearSVC,GMM,0.7136842105263158,0.6947196009930192,"{'C': np.float64(10.0), 'class_weight': None, 'dual': False, 'fit_intercept': True, 'intercept_scaling': 1, 'loss': 'squared_hinge', 'max_iter': 100, 'multi_class': 'ovr', 'penalty': 'l2', 'random_state': 42, 'tol': 0.0001, 'verbose': 0}",0.20180439949035645
Plant_oil,1,5,9,2,LogisticRegression,GMM,0.7520300751879699,0.742639723885045,"{'C': np.float64(100.0), 'class_weight': None, 'dual': False, 'fit_intercept': True, 'intercept_scaling': 1, 'l1_ratio': None, 'max_iter': 100, 'multi_class': 'deprecated', 'n_jobs': None, 'penalty': 'l2', 'random_state': 42, 'solver': 'lbfgs', 'tol': 0.0001, 'verbose': 0, 'warm_start': False}",0.8321280479431152
Plant_oil,1,5,9,2,RNN,GMM,0.3383458646616541,0.22695821827794982,"{'hidden_size': 64, 'epochs': 10, 'batch_size': 32, 'lr': 0.001}",0.8576395511627197
Plant_oil,1,5,9,3,KNN,GMM,0.8045864661654135,0.8009753967599278,"{'algorithm': 'auto', 'leaf_size': 30, 'metric': 'minkowski', 'metric_params': None, 'n_jobs': None, 'n_neighbors': np.int64(11), 'p': 2, 'weights': 'distance'}",0.2137901782989502
Plant_oil,1,5,9,3,RandomForest,GMM,0.7707518796992481,0.7636228301642283,"{'bootstrap': True, 'ccp_alpha': 0.0, 'class_weight': None, 'criterion': 'gini', 'max_depth': 20, 'max_features': 'sqrt', 'max_leaf_nodes': None, 'max_samples': None, 'min_impurity_decrease': 0.0, 'min_samples_leaf': 1, 'min_samples_split': 2, 'min_weight_fraction_leaf': 0.0, 'monotonic_cst': None, 'n_estimators': 100, 'n_jobs': None, 'oob_score': False, 'random_state': 42, 'verbose': 0, 'warm_start': False}",8.11879563331604
Plant_oil,1,5,9,3,LinearSVC,GMM,0.7146616541353383,0.6965426073391227,"{'C': np.float64(10.0), 'class_weight': None, 'dual': False, 'fit_intercept': True, 'intercept_scaling': 1, 'loss': 'squared_hinge', 'max_iter': 100, 'multi_class': 'ovr', 'penalty': 'l2', 'random_state': 42, 'tol': 0.0001, 'verbose': 0}",0.30402040481567383
Plant_oil,1,5,9,3,LogisticRegression,GMM,0.7443609022556391,0.7324564130628476,"{'C': np.float64(100.0), 'class_weight': None, 'dual': False, 'fit_intercept': True, 'intercept_scaling': 1, 'l1_ratio': None, 'max_iter': 100, 'multi_class': 'deprecated', 'n_jobs': None, 'penalty': 'l2', 'random_state': 42, 'solver': 'lbfgs', 'tol': 0.0001, 'verbose': 0, 'warm_start': False}",1.1718943119049072
Plant_oil,1,5,9,3,RNN,GMM,0.39097744360902253,0.29763300938607623,"{'hidden_size': 64, 'epochs': 10, 'batch_size': 32, 'lr': 0.001}",1.1792693138122559
Plant_oil,1,5,9,5,KNN,GMM,0.8033834586466165,0.8002873558769094,"{'algorithm': 'auto', 'leaf_size': 30, 'metric': 'minkowski', 'metric_params': None, 'n_jobs': None, 'n_neighbors': np.int64(11), 'p': 2, 'weights': 'distance'}",0.276613712310791
Plant_oil,1,5,9,5,RandomForest,GMM,0.7614285714285715,0.7554273897242976,"{'bootstrap': True, 'ccp_alpha': 0.0, 'class_weight': None, 'criterion': 'gini', 'max_depth': 20, 'max_features': 'sqrt', 'max_leaf_nodes': None, 'max_samples': None, 'min_impurity_decrease': 0.0, 'min_samples_leaf': 1, 'min_samples_split': 2, 'min_weight_fraction_leaf': 0.0, 'monotonic_cst': None, 'n_estimators': 100, 'n_jobs': None, 'oob_score': False, 'random_state': 42, 'verbose': 0, 'warm_start': False}",14.345842123031616
Plant_oil,1,5,9,5,LinearSVC,GMM,0.7072932330827068,0.6881771869069664,"{'C': np.float64(10.0), 'class_weight': None, 'dual': False, 'fit_intercept': True, 'intercept_scaling': 1, 'loss': 'squared_hinge', 'max_iter': 100, 'multi_class': 'ovr', 'penalty': 'l2', 'random_state': 42, 'tol': 0.0001, 'verbose': 0}",0.5438375473022461
Plant_oil,1,5,9,5,LogisticRegression,GMM,0.7418796992481203,0.7305885819618223,"{'C': np.float64(100.0), 'class_weight': None, 'dual': False, 'fit_intercept': True, 'intercept_scaling': 1, 'l1_ratio': None, 'max_iter': 100, 'multi_class': 'deprecated', 'n_jobs': None, 'penalty': 'l2', 'random_state': 42, 'solver': 'lbfgs', 'tol': 0.0001, 'verbose': 0, 'warm_start': False}",2.036831855773926
Plant_oil,1,5,9,5,RNN,GMM,0.49624060150375937,0.4242973933531209,"{'hidden_size': 64, 'epochs': 10, 'batch_size': 32, 'lr': 0.001}",1.9184372425079346
Plant_oil,1,5,9,10,KNN,GMM,0.8048872180451128,0.8009256468209738,"{'algorithm': 'auto', 'leaf_size': 30, 'metric': 'minkowski', 'metric_params': None, 'n_jobs': None, 'n_neighbors': np.int64(11), 'p': 2, 'weights': 'distance'}",0.4020216464996338
Plant_oil,1,5,9,10,RandomForest,GMM,0.7569924812030076,0.7514337544574776,"{'bootstrap': True, 'ccp_alpha': 0.0, 'class_weight': None, 'criterion': 'gini', 'max_depth': 20, 'max_features': 'sqrt', 'max_leaf_nodes': None, 'max_samples': None, 'min_impurity_decrease': 0.0, 'min_samples_leaf': 1, 'min_samples_split': 2, 'min_weight_fraction_leaf': 0.0, 'monotonic_cst': None, 'n_estimators': 100, 'n_jobs': None, 'oob_score': False, 'random_state': 42, 'verbose': 0, 'warm_start': False}",31.828437328338623
Plant_oil,1,5,9,10,LinearSVC,GMM,0.707218045112782,0.6868973108089497,"{'C': np.float64(10.0), 'class_weight': None, 'dual': False, 'fit_intercept': True, 'intercept_scaling': 1, 'loss': 'squared_hinge', 'max_iter': 100, 'multi_class': 'ovr', 'penalty': 'l2', 'random_state': 42, 'tol': 0.0001, 'verbose': 0}",1.1321940422058105
Plant_oil,1,5,9,10,LogisticRegression,GMM,0.7406015037593985,0.729078373641286,"{'C': np.float64(100.0), 'class_weight': None, 'dual': False, 'fit_intercept': True, 'intercept_scaling': 1, 'l1_ratio': None, 'max_iter': 100, 'multi_class': 'deprecated', 'n_jobs': None, 'penalty': 'l2', 'random_state': 42, 'solver': 'lbfgs', 'tol': 0.0001, 'verbose': 0, 'warm_start': False}",4.772960186004639
Plant_oil,1,5,9,10,RNN,GMM,0.6917293233082706,0.6688862063754404,"{'hidden_size': 64, 'epochs': 10, 'batch_size': 32, 'lr': 0.001}",3.904982805252075
Plant_oil,1,5,9,2,KNN,HMM_GMM,0.8074436090225564,0.8044987826805567,"{'algorithm': 'auto', 'leaf_size': 30, 'metric': 'minkowski', 'metric_params': None, 'n_jobs': None, 'n_neighbors': np.int64(11), 'p': 2, 'weights': 'distance'}",0.18221116065979004
Plant_oil,1,5,9,2,RandomForest,HMM_GMM,0.7818796992481203,0.7754785871967328,"{'bootstrap': True, 'ccp_alpha': 0.0, 'class_weight': None, 'criterion': 'gini', 'max_depth': 20, 'max_features': 'sqrt', 'max_leaf_nodes': None, 'max_samples': None, 'min_impurity_decrease': 0.0, 'min_samples_leaf': 1, 'min_samples_split': 2, 'min_weight_fraction_leaf': 0.0, 'monotonic_cst': None, 'n_estimators': 100, 'n_jobs': None, 'oob_score': False, 'random_state': 42, 'verbose': 0, 'warm_start': False}",3.92791748046875
Plant_oil,1,5,9,2,LinearSVC,HMM_GMM,0.653984962406015,0.6381212185790874,"{'C': np.float64(10.0), 'class_weight': None, 'dual': False, 'fit_intercept': True, 'intercept_scaling': 1, 'loss': 'squared_hinge', 'max_iter': 100, 'multi_class': 'ovr', 'penalty': 'l2', 'random_state': 42, 'tol': 0.0001, 'verbose': 0}",0.21193885803222656
Plant_oil,1,5,9,2,LogisticRegression,HMM_GMM,0.7342105263157894,0.7217229069907667,"{'C': np.float64(100.0), 'class_weight': None, 'dual': False, 'fit_intercept': True, 'intercept_scaling': 1, 'l1_ratio': None, 'max_iter': 100, 'multi_class': 'deprecated', 'n_jobs': None, 'penalty': 'l2', 'random_state': 42, 'solver': 'lbfgs', 'tol': 0.0001, 'verbose': 0, 'warm_start': False}",0.8274848461151123
Plant_oil,1,5,9,2,RNN,HMM_GMM,0.3458646616541353,0.24055675031044488,"{'hidden_size': 64, 'epochs': 10, 'batch_size': 32, 'lr': 0.001}",0.7679488658905029
Plant_oil,1,5,9,3,KNN,HMM_GMM,0.7993984962406016,0.7961863095019901,"{'algorithm': 'auto', 'leaf_size': 30, 'metric': 'minkowski', 'metric_params': None, 'n_jobs': None, 'n_neighbors': np.int64(11), 'p': 2, 'weights': 'distance'}",0.2042229175567627
Plant_oil,1,5,9,3,RandomForest,HMM_GMM,0.788796992481203,0.7815733970067863,"{'bootstrap': True, 'ccp_alpha': 0.0, 'class_weight': None, 'criterion': 'gini', 'max_depth': 20, 'max_features': 'sqrt', 'max_leaf_nodes': None, 'max_samples': None, 'min_impurity_decrease': 0.0, 'min_samples_leaf': 1, 'min_samples_split': 2, 'min_weight_fraction_leaf': 0.0, 'monotonic_cst': None, 'n_estimators': 100, 'n_jobs': None, 'oob_score': False, 'random_state': 42, 'verbose': 0, 'warm_start': False}",4.52804970741272
Plant_oil,1,5,9,3,LinearSVC,HMM_GMM,0.620375939849624,0.6048782560871115,"{'C': np.float64(10.0), 'class_weight': None, 'dual': False, 'fit_intercept': True, 'intercept_scaling': 1, 'loss': 'squared_hinge', 'max_iter': 100, 'multi_class': 'ovr', 'penalty': 'l2', 'random_state': 42, 'tol': 0.0001, 'verbose': 0}",0.31631970405578613
Plant_oil,1,5,9,3,LogisticRegression,HMM_GMM,0.6996240601503759,0.6829567990964593,"{'C': np.float64(100.0), 'class_weight': None, 'dual': False, 'fit_intercept': True, 'intercept_scaling': 1, 'l1_ratio': None, 'max_iter': 100, 'multi_class': 'deprecated', 'n_jobs': None, 'penalty': 'l2', 'random_state': 42, 'solver': 'lbfgs', 'tol': 0.0001, 'verbose': 0, 'warm_start': False}",1.2285652160644531
Plant_oil,1,5,9,3,RNN,HMM_GMM,0.3233082706766917,0.21594415736668868,"{'hidden_size': 64, 'epochs': 10, 'batch_size': 32, 'lr': 0.001}",1.134993314743042
Plant_oil,1,5,9,5,KNN,HMM_GMM,0.7993984962406016,0.7961863095019901,"{'algorithm': 'auto', 'leaf_size': 30, 'metric': 'minkowski', 'metric_params': None, 'n_jobs': None, 'n_neighbors': np.int64(11), 'p': 2, 'weights': 'distance'}",0.24894046783447266
Plant_oil,1,5,9,5,RandomForest,HMM_GMM,0.7811278195488722,0.7737209818021542,"{'bootstrap': True, 'ccp_alpha': 0.0, 'class_weight': None, 'criterion': 'gini', 'max_depth': 20, 'max_features': 'sqrt', 'max_leaf_nodes': None, 'max_samples': None, 'min_impurity_decrease': 0.0, 'min_samples_leaf': 1, 'min_samples_split': 2, 'min_weight_fraction_leaf': 0.0, 'monotonic_cst': None, 'n_estimators': 100, 'n_jobs': None, 'oob_score': False, 'random_state': 42, 'verbose': 0, 'warm_start': False}",5.538685321807861
Plant_oil,1,5,9,5,LinearSVC,HMM_GMM,0.6013533834586466,0.5863695175497387,"{'C': np.float64(10.0), 'class_weight': None, 'dual': False, 'fit_intercept': True, 'intercept_scaling': 1, 'loss': 'squared_hinge', 'max_iter': 100, 'multi_class': 'ovr', 'penalty': 'l2', 'random_state': 42, 'tol': 0.0001, 'verbose': 0}",0.5201704502105713
Plant_oil,1,5,9,5,LogisticRegression,HMM_GMM,0.671578947368421,0.6532270431007845,"{'C': np.float64(100.0), 'class_weight': None, 'dual': False, 'fit_intercept': True, 'intercept_scaling': 1, 'l1_ratio': None, 'max_iter': 100, 'multi_class': 'deprecated', 'n_jobs': None, 'penalty': 'l2', 'random_state': 42, 'solver': 'lbfgs', 'tol': 0.0001, 'verbose': 0, 'warm_start': False}",1.997051477432251
Plant_oil,1,5,9,5,RNN,HMM_GMM,0.40601503759398494,0.3293238033366892,"{'hidden_size': 64, 'epochs': 10, 'batch_size': 32, 'lr': 0.001}",1.8995916843414307
Plant_oil,1,5,9,10,KNN,HMM_GMM,0.7993984962406016,0.7961863095019901,"{'algorithm': 'auto', 'leaf_size': 30, 'metric': 'minkowski', 'metric_params': None, 'n_jobs': None, 'n_neighbors': np.int64(11), 'p': 2, 'weights': 'distance'}",0.3457529544830322
Plant_oil,1,5,9,10,RandomForest,HMM_GMM,0.774812030075188,0.7673406289173135,"{'bootstrap': True, 'ccp_alpha': 0.0, 'class_weight': None, 'criterion': 'gini', 'max_depth': 20, 'max_features': 'sqrt', 'max_leaf_nodes': None, 'max_samples': None, 'min_impurity_decrease': 0.0, 'min_samples_leaf': 1, 'min_samples_split': 2, 'min_weight_fraction_leaf': 0.0, 'monotonic_cst': None, 'n_estimators': 100, 'n_jobs': None, 'oob_score': False, 'random_state': 42, 'verbose': 0, 'warm_start': False}",8.325836896896362
Plant_oil,1,5,9,10,LinearSVC,HMM_GMM,0.5760902255639098,0.5621474585776675,"{'C': np.float64(10.0), 'class_weight': None, 'dual': False, 'fit_intercept': True, 'intercept_scaling': 1, 'loss': 'squared_hinge', 'max_iter': 100, 'multi_class': 'ovr', 'penalty': 'l2', 'random_state': 42, 'tol': 0.0001, 'verbose': 0}",1.2934544086456299
Plant_oil,1,5,9,10,LogisticRegression,HMM_GMM,0.6409022556390978,0.6246399597448676,"{'C': np.float64(100.0), 'class_weight': None, 'dual': False, 'fit_intercept': True, 'intercept_scaling': 1, 'l1_ratio': None, 'max_iter': 100, 'multi_class': 'deprecated', 'n_jobs': None, 'penalty': 'l2', 'random_state': 42, 'solver': 'lbfgs', 'tol': 0.0001, 'verbose': 0, 'warm_start': False}",3.9411563873291016
Plant_oil,1,5,9,10,RNN,HMM_GMM,0.48872180451127817,0.4487838796505199,"{'hidden_size': 64, 'epochs': 10, 'batch_size': 32, 'lr': 0.001}",3.6309664249420166
Plant_oil,1,5,10,1,KNN,Baseline,0.8230075187969925,0.8194243675736839,"{'algorithm': 'auto', 'leaf_size': 30, 'metric': 'minkowski', 'metric_params': None, 'n_jobs': None, 'n_neighbors': 5, 'p': 2, 'weights': 'uniform'}",0.6014721393585205
Plant_oil,1,5,10,1,KNN,Tuned_Baseline,0.8228571428571428,0.8193090285629434,"{'algorithm': 'auto', 'leaf_size': 30, 'metric': 'minkowski', 'metric_params': None, 'n_jobs': None, 'n_neighbors': np.int64(8), 'p': 2, 'weights': 'distance'}",0.10581517219543457
Plant_oil,1,5,10,1,RandomForest,Baseline,0.7593984962406015,0.7563887206257086,"{'bootstrap': True, 'ccp_alpha': 0.0, 'class_weight': None, 'criterion': 'gini', 'max_depth': None, 'max_features': 'sqrt', 'max_leaf_nodes': None, 'max_samples': None, 'min_impurity_decrease': 0.0, 'min_samples_leaf': 1, 'min_samples_split': 2, 'min_weight_fraction_leaf': 0.0, 'monotonic_cst': None, 'n_estimators': 100, 'n_jobs': None, 'oob_score': False, 'random_state': 42, 'verbose': 0, 'warm_start': False}",2.220355987548828
Plant_oil,1,5,10,1,RandomForest,Tuned_Baseline,0.7569924812030076,0.754892675456643,"{'bootstrap': True, 'ccp_alpha': 0.0, 'class_weight': None, 'criterion': 'gini', 'max_depth': None, 'max_features': 'sqrt', 'max_leaf_nodes': None, 'max_samples': None, 'min_impurity_decrease': 0.0, 'min_samples_leaf': 1, 'min_samples_split': 2, 'min_weight_fraction_leaf': 0.0, 'monotonic_cst': None, 'n_estimators': 50, 'n_jobs': None, 'oob_score': False, 'random_state': 42, 'verbose': 0, 'warm_start': False}",0.04298257827758789
Plant_oil,1,5,10,1,LinearSVC,Baseline,0.6851127819548872,0.6771722466006517,"{'C': 1.0, 'class_weight': None, 'dual': False, 'fit_intercept': True, 'intercept_scaling': 1, 'loss': 'squared_hinge', 'max_iter': 100, 'multi_class': 'ovr', 'penalty': 'l2', 'random_state': 42, 'tol': 0.0001, 'verbose': 0}",0.1044921875
Plant_oil,1,5,10,1,LinearSVC,Tuned_Baseline,0.6639097744360902,0.6588355873545916,"{'C': np.float64(10.0), 'class_weight': None, 'dual': False, 'fit_intercept': True, 'intercept_scaling': 1, 'loss': 'squared_hinge', 'max_iter': 100, 'multi_class': 'ovr', 'penalty': 'l2', 'random_state': 42, 'tol': 0.0001, 'verbose': 0}",0.0019843578338623047
Plant_oil,1,5,10,1,LogisticRegression,Baseline,0.7380451127819548,0.7404389186064331,"{'C': 1.0, 'class_weight': None, 'dual': False, 'fit_intercept': True, 'intercept_scaling': 1, 'l1_ratio': None, 'max_iter': 100, 'multi_class': 'deprecated', 'n_jobs': None, 'penalty': 'l2', 'random_state': 42, 'solver': 'lbfgs', 'tol': 0.0001, 'verbose': 0, 'warm_start': False}",0.41727352142333984
Plant_oil,1,5,10,1,LogisticRegression,Tuned_Baseline,0.7388721804511278,0.7451962567282866,"{'C': np.float64(10.0), 'class_weight': None, 'dual': False, 'fit_intercept': True, 'intercept_scaling': 1, 'l1_ratio': None, 'max_iter': 100, 'multi_class': 'deprecated', 'n_jobs': None, 'penalty': None, 'random_state': 42, 'solver': 'lbfgs', 'tol': 0.0001, 'verbose': 0, 'warm_start': False}",0.002043485641479492
Plant_oil,1,5,10,1,RNN,Baseline,0.12030075187969924,0.058959359605911324,"{'hidden_size': 64, 'epochs': 10, 'batch_size': 32, 'lr': 0.001}",0.4055495262145996
Plant_oil,1,5,10,1,RNN,Tuned_Baseline,0.12030075187969924,0.058959359605911324,"{'hidden_size': 64, 'epochs': 10, 'batch_size': 32, 'lr': 0.001}",0.00652313232421875
Plant_oil,1,5,10,2,KNN,Jittering,0.825639097744361,0.8225097293032833,"{'algorithm': 'auto', 'leaf_size': 30, 'metric': 'minkowski', 'metric_params': None, 'n_jobs': None, 'n_neighbors': np.int64(8), 'p': 2, 'weights': 'distance'}",0.15289711952209473
Plant_oil,1,5,10,2,RandomForest,Jittering,0.803233082706767,0.8008309033502531,"{'bootstrap': True, 'ccp_alpha': 0.0, 'class_weight': None, 'criterion': 'gini', 'max_depth': None, 'max_features': 'sqrt', 'max_leaf_nodes': None, 'max_samples': None, 'min_impurity_decrease': 0.0, 'min_samples_leaf': 1, 'min_samples_split': 2, 'min_weight_fraction_leaf': 0.0, 'monotonic_cst': None, 'n_estimators': 50, 'n_jobs': None, 'oob_score': False, 'random_state': 42, 'verbose': 0, 'warm_start': False}",2.3977625370025635
Plant_oil,1,5,10,2,LinearSVC,Jittering,0.6833834586466165,0.6759211561059519,"{'C': np.float64(10.0), 'class_weight': None, 'dual': False, 'fit_intercept': True, 'intercept_scaling': 1, 'loss': 'squared_hinge', 'max_iter': 100, 'multi_class': 'ovr', 'penalty': 'l2', 'random_state': 42, 'tol': 0.0001, 'verbose': 0}",0.21551108360290527
Plant_oil,1,5,10,2,LogisticRegression,Jittering,0.7460902255639098,0.7532061762255582,"{'C': np.float64(10.0), 'class_weight': None, 'dual': False, 'fit_intercept': True, 'intercept_scaling': 1, 'l1_ratio': None, 'max_iter': 100, 'multi_class': 'deprecated', 'n_jobs': None, 'penalty': None, 'random_state': 42, 'solver': 'lbfgs', 'tol': 0.0001, 'verbose': 0, 'warm_start': False}",0.7851336002349854
Plant_oil,1,5,10,2,RNN,Jittering,0.37593984962406013,0.27064037461806073,"{'hidden_size': 64, 'epochs': 10, 'batch_size': 32, 'lr': 0.001}",0.8840575218200684
Plant_oil,1,5,10,3,KNN,Jittering,0.826766917293233,0.8232794577766372,"{'algorithm': 'auto', 'leaf_size': 30, 'metric': 'minkowski', 'metric_params': None, 'n_jobs': None, 'n_neighbors': np.int64(8), 'p': 2, 'weights': 'distance'}",0.17566561698913574
Plant_oil,1,5,10,3,RandomForest,Jittering,0.8101503759398496,0.8078009695889735,"{'bootstrap': True, 'ccp_alpha': 0.0, 'class_weight': None, 'criterion': 'gini', 'max_depth': None, 'max_features': 'sqrt', 'max_leaf_nodes': None, 'max_samples': None, 'min_impurity_decrease': 0.0, 'min_samples_leaf': 1, 'min_samples_split': 2, 'min_weight_fraction_leaf': 0.0, 'monotonic_cst': None, 'n_estimators': 50, 'n_jobs': None, 'oob_score': False, 'random_state': 42, 'verbose': 0, 'warm_start': False}",3.692624568939209
Plant_oil,1,5,10,3,LinearSVC,Jittering,0.6886466165413534,0.6808046521135526,"{'C': np.float64(10.0), 'class_weight': None, 'dual': False, 'fit_intercept': True, 'intercept_scaling': 1, 'loss': 'squared_hinge', 'max_iter': 100, 'multi_class': 'ovr', 'penalty': 'l2', 'random_state': 42, 'tol': 0.0001, 'verbose': 0}",0.3260045051574707
Plant_oil,1,5,10,3,LogisticRegression,Jittering,0.7478195488721805,0.7548438574364434,"{'C': np.float64(10.0), 'class_weight': None, 'dual': False, 'fit_intercept': True, 'intercept_scaling': 1, 'l1_ratio': None, 'max_iter': 100, 'multi_class': 'deprecated', 'n_jobs': None, 'penalty': None, 'random_state': 42, 'solver': 'lbfgs', 'tol': 0.0001, 'verbose': 0, 'warm_start': False}",1.1576268672943115
Plant_oil,1,5,10,3,RNN,Jittering,0.39849624060150374,0.31228985161315986,"{'hidden_size': 64, 'epochs': 10, 'batch_size': 32, 'lr': 0.001}",1.1996207237243652
Plant_oil,1,5,10,5,KNN,Jittering,0.8227819548872181,0.8198029511067353,"{'algorithm': 'auto', 'leaf_size': 30, 'metric': 'minkowski', 'metric_params': None, 'n_jobs': None, 'n_neighbors': np.int64(8), 'p': 2, 'weights': 'distance'}",0.21929383277893066
Plant_oil,1,5,10,5,RandomForest,Jittering,0.8078195488721804,0.8055258323828653,"{'bootstrap': True, 'ccp_alpha': 0.0, 'class_weight': None, 'criterion': 'gini', 'max_depth': None, 'max_features': 'sqrt', 'max_leaf_nodes': None, 'max_samples': None, 'min_impurity_decrease': 0.0, 'min_samples_leaf': 1, 'min_samples_split': 2, 'min_weight_fraction_leaf': 0.0, 'monotonic_cst': None, 'n_estimators': 50, 'n_jobs': None, 'oob_score': False, 'random_state': 42, 'verbose': 0, 'warm_start': False}",6.537205934524536
Plant_oil,1,5,10,5,LinearSVC,Jittering,0.6899248120300752,0.6825943241106389,"{'C': np.float64(10.0), 'class_weight': None, 'dual': False, 'fit_intercept': True, 'intercept_scaling': 1, 'loss': 'squared_hinge', 'max_iter': 100, 'multi_class': 'ovr', 'penalty': 'l2', 'random_state': 42, 'tol': 0.0001, 'verbose': 0}",0.5252294540405273
Plant_oil,1,5,10,5,LogisticRegression,Jittering,0.7448120300751879,0.750887650993981,"{'C': np.float64(10.0), 'class_weight': None, 'dual': False, 'fit_intercept': True, 'intercept_scaling': 1, 'l1_ratio': None, 'max_iter': 100, 'multi_class': 'deprecated', 'n_jobs': None, 'penalty': None, 'random_state': 42, 'solver': 'lbfgs', 'tol': 0.0001, 'verbose': 0, 'warm_start': False}",1.992614507675171
Plant_oil,1,5,10,5,RNN,Jittering,0.5714285714285714,0.4849527665317138,"{'hidden_size': 64, 'epochs': 10, 'batch_size': 32, 'lr': 0.001}",1.974898099899292
Plant_oil,1,5,10,10,KNN,Jittering,0.8223308270676691,0.8188160467056599,"{'algorithm': 'auto', 'leaf_size': 30, 'metric': 'minkowski', 'metric_params': None, 'n_jobs': None, 'n_neighbors': np.int64(8), 'p': 2, 'weights': 'distance'}",0.3297922611236572
Plant_oil,1,5,10,10,RandomForest,Jittering,0.8090977443609022,0.8064347298949047,"{'bootstrap': True, 'ccp_alpha': 0.0, 'class_weight': None, 'criterion': 'gini', 'max_depth': None, 'max_features': 'sqrt', 'max_leaf_nodes': None, 'max_samples': None, 'min_impurity_decrease': 0.0, 'min_samples_leaf': 1, 'min_samples_split': 2, 'min_weight_fraction_leaf': 0.0, 'monotonic_cst': None, 'n_estimators': 50, 'n_jobs': None, 'oob_score': False, 'random_state': 42, 'verbose': 0, 'warm_start': False}",14.496167421340942
Plant_oil,1,5,10,10,LinearSVC,Jittering,0.6893233082706767,0.6815308573934841,"{'C': np.float64(10.0), 'class_weight': None, 'dual': False, 'fit_intercept': True, 'intercept_scaling': 1, 'loss': 'squared_hinge', 'max_iter': 100, 'multi_class': 'ovr', 'penalty': 'l2', 'random_state': 42, 'tol': 0.0001, 'verbose': 0}",1.1325960159301758
Plant_oil,1,5,10,10,LogisticRegression,Jittering,0.7421052631578947,0.7482583687751435,"{'C': np.float64(10.0), 'class_weight': None, 'dual': False, 'fit_intercept': True, 'intercept_scaling': 1, 'l1_ratio': None, 'max_iter': 100, 'multi_class': 'deprecated', 'n_jobs': None, 'penalty': None, 'random_state': 42, 'solver': 'lbfgs', 'tol': 0.0001, 'verbose': 0, 'warm_start': False}",3.6953723430633545
Plant_oil,1,5,10,10,RNN,Jittering,0.6015037593984962,0.5549904883403102,"{'hidden_size': 64, 'epochs': 10, 'batch_size': 32, 'lr': 0.001}",4.001922607421875
Plant_oil,1,5,10,2,KNN,Scaling,0.8201503759398496,0.8163521480993854,"{'algorithm': 'auto', 'leaf_size': 30, 'metric': 'minkowski', 'metric_params': None, 'n_jobs': None, 'n_neighbors': np.int64(8), 'p': 2, 'weights': 'distance'}",0.15038728713989258
Plant_oil,1,5,10,2,RandomForest,Scaling,0.7907518796992481,0.7887658470050284,"{'bootstrap': True, 'ccp_alpha': 0.0, 'class_weight': None, 'criterion': 'gini', 'max_depth': None, 'max_features': 'sqrt', 'max_leaf_nodes': None, 'max_samples': None, 'min_impurity_decrease': 0.0, 'min_samples_leaf': 1, 'min_samples_split': 2, 'min_weight_fraction_leaf': 0.0, 'monotonic_cst': None, 'n_estimators': 50, 'n_jobs': None, 'oob_score': False, 'random_state': 42, 'verbose': 0, 'warm_start': False}",2.262515068054199
Plant_oil,1,5,10,2,LinearSVC,Scaling,0.6569172932330827,0.6447840700087775,"{'C': np.float64(10.0), 'class_weight': None, 'dual': False, 'fit_intercept': True, 'intercept_scaling': 1, 'loss': 'squared_hinge', 'max_iter': 100, 'multi_class': 'ovr', 'penalty': 'l2', 'random_state': 42, 'tol': 0.0001, 'verbose': 0}",0.20024347305297852
Plant_oil,1,5,10,2,LogisticRegression,Scaling,0.7330827067669173,0.7405613973827211,"{'C': np.float64(10.0), 'class_weight': None, 'dual': False, 'fit_intercept': True, 'intercept_scaling': 1, 'l1_ratio': None, 'max_iter': 100, 'multi_class': 'deprecated', 'n_jobs': None, 'penalty': None, 'random_state': 42, 'solver': 'lbfgs', 'tol': 0.0001, 'verbose': 0, 'warm_start': False}",0.8194513320922852
Plant_oil,1,5,10,2,RNN,Scaling,0.3157894736842105,0.22015225340157588,"{'hidden_size': 64, 'epochs': 10, 'batch_size': 32, 'lr': 0.001}",1.0764927864074707
Plant_oil,1,5,10,3,KNN,Scaling,0.7986466165413534,0.7965946713378788,"{'algorithm': 'auto', 'leaf_size': 30, 'metric': 'minkowski', 'metric_params': None, 'n_jobs': None, 'n_neighbors': np.int64(8), 'p': 2, 'weights': 'distance'}",0.1777036190032959
Plant_oil,1,5,10,3,RandomForest,Scaling,0.7726315789473684,0.7714707539760651,"{'bootstrap': True, 'ccp_alpha': 0.0, 'class_weight': None, 'criterion': 'gini', 'max_depth': None, 'max_features': 'sqrt', 'max_leaf_nodes': None, 'max_samples': None, 'min_impurity_decrease': 0.0, 'min_samples_leaf': 1, 'min_samples_split': 2, 'min_weight_fraction_leaf': 0.0, 'monotonic_cst': None, 'n_estimators': 50, 'n_jobs': None, 'oob_score': False, 'random_state': 42, 'verbose': 0, 'warm_start': False}",3.640516996383667
Plant_oil,1,5,10,3,LinearSVC,Scaling,0.6615037593984963,0.6451142486575466,"{'C': np.float64(10.0), 'class_weight': None, 'dual': False, 'fit_intercept': True, 'intercept_scaling': 1, 'loss': 'squared_hinge', 'max_iter': 100, 'multi_class': 'ovr', 'penalty': 'l2', 'random_state': 42, 'tol': 0.0001, 'verbose': 0}",0.30409884452819824
Plant_oil,1,5,10,3,LogisticRegression,Scaling,0.7415037593984962,0.7449894423201419,"{'C': np.float64(10.0), 'class_weight': None, 'dual': False, 'fit_intercept': True, 'intercept_scaling': 1, 'l1_ratio': None, 'max_iter': 100, 'multi_class': 'deprecated', 'n_jobs': None, 'penalty': None, 'random_state': 42, 'solver': 'lbfgs', 'tol': 0.0001, 'verbose': 0, 'warm_start': False}",1.1233246326446533
Plant_oil,1,5,10,3,RNN,Scaling,0.39097744360902253,0.2846691007813197,"{'hidden_size': 64, 'epochs': 10, 'batch_size': 32, 'lr': 0.001}",1.2336115837097168
Plant_oil,1,5,10,5,KNN,Scaling,0.8094736842105263,0.8061776464009165,"{'algorithm': 'auto', 'leaf_size': 30, 'metric': 'minkowski', 'metric_params': None, 'n_jobs': None, 'n_neighbors': np.int64(8), 'p': 2, 'weights': 'distance'}",0.23275351524353027
Plant_oil,1,5,10,5,RandomForest,Scaling,0.7816541353383458,0.7783509567362904,"{'bootstrap': True, 'ccp_alpha': 0.0, 'class_weight': None, 'criterion': 'gini', 'max_depth': None, 'max_features': 'sqrt', 'max_leaf_nodes': None, 'max_samples': None, 'min_impurity_decrease': 0.0, 'min_samples_leaf': 1, 'min_samples_split': 2, 'min_weight_fraction_leaf': 0.0, 'monotonic_cst': None, 'n_estimators': 50, 'n_jobs': None, 'oob_score': False, 'random_state': 42, 'verbose': 0, 'warm_start': False}",6.309621334075928
Plant_oil,1,5,10,5,LinearSVC,Scaling,0.6603759398496241,0.6470254350910708,"{'C': np.float64(10.0), 'class_weight': None, 'dual': False, 'fit_intercept': True, 'intercept_scaling': 1, 'loss': 'squared_hinge', 'max_iter': 100, 'multi_class': 'ovr', 'penalty': 'l2', 'random_state': 42, 'tol': 0.0001, 'verbose': 0}",0.49735045433044434
Plant_oil,1,5,10,5,LogisticRegression,Scaling,0.7471428571428571,0.7495619469834615,"{'C': np.float64(10.0), 'class_weight': None, 'dual': False, 'fit_intercept': True, 'intercept_scaling': 1, 'l1_ratio': None, 'max_iter': 100, 'multi_class': 'deprecated', 'n_jobs': None, 'penalty': None, 'random_state': 42, 'solver': 'lbfgs', 'tol': 0.0001, 'verbose': 0, 'warm_start': False}",2.0073297023773193
Plant_oil,1,5,10,5,RNN,Scaling,0.3383458646616541,0.2714692450600526,"{'hidden_size': 64, 'epochs': 10, 'batch_size': 32, 'lr': 0.001}",1.8756599426269531
Plant_oil,1,5,10,10,KNN,Scaling,0.8106015037593985,0.8081355971524943,"{'algorithm': 'auto', 'leaf_size': 30, 'metric': 'minkowski', 'metric_params': None, 'n_jobs': None, 'n_neighbors': np.int64(8), 'p': 2, 'weights': 'distance'}",0.3367588520050049
Plant_oil,1,5,10,10,RandomForest,Scaling,0.7745112781954887,0.7732946676864503,"{'bootstrap': True, 'ccp_alpha': 0.0, 'class_weight': None, 'criterion': 'gini', 'max_depth': None, 'max_features': 'sqrt', 'max_leaf_nodes': None, 'max_samples': None, 'min_impurity_decrease': 0.0, 'min_samples_leaf': 1, 'min_samples_split': 2, 'min_weight_fraction_leaf': 0.0, 'monotonic_cst': None, 'n_estimators': 50, 'n_jobs': None, 'oob_score': False, 'random_state': 42, 'verbose': 0, 'warm_start': False}",14.224159479141235
Plant_oil,1,5,10,10,LinearSVC,Scaling,0.6630075187969925,0.6526819700588685,"{'C': np.float64(10.0), 'class_weight': None, 'dual': False, 'fit_intercept': True, 'intercept_scaling': 1, 'loss': 'squared_hinge', 'max_iter': 100, 'multi_class': 'ovr', 'penalty': 'l2', 'random_state': 42, 'tol': 0.0001, 'verbose': 0}",1.0636825561523438
Plant_oil,1,5,10,10,LogisticRegression,Scaling,0.7410526315789474,0.7485861897080979,"{'C': np.float64(10.0), 'class_weight': None, 'dual': False, 'fit_intercept': True, 'intercept_scaling': 1, 'l1_ratio': None, 'max_iter': 100, 'multi_class': 'deprecated', 'n_jobs': None, 'penalty': None, 'random_state': 42, 'solver': 'lbfgs', 'tol': 0.0001, 'verbose': 0, 'warm_start': False}",3.898284912109375
Plant_oil,1,5,10,10,RNN,Scaling,0.6240601503759399,0.5748943421416575,"{'hidden_size': 64, 'epochs': 10, 'batch_size': 32, 'lr': 0.001}",3.8768692016601562
Plant_oil,1,5,10,2,KNN,Magnitude_Warping,0.8040601503759398,0.800008300565529,"{'algorithm': 'auto', 'leaf_size': 30, 'metric': 'minkowski', 'metric_params': None, 'n_jobs': None, 'n_neighbors': np.int64(8), 'p': 2, 'weights': 'distance'}",0.1649937629699707
Plant_oil,1,5,10,2,RandomForest,Magnitude_Warping,0.7678947368421053,0.763961740391393,"{'bootstrap': True, 'ccp_alpha': 0.0, 'class_weight': None, 'criterion': 'gini', 'max_depth': None, 'max_features': 'sqrt', 'max_leaf_nodes': None, 'max_samples': None, 'min_impurity_decrease': 0.0, 'min_samples_leaf': 1, 'min_samples_split': 2, 'min_weight_fraction_leaf': 0.0, 'monotonic_cst': None, 'n_estimators': 50, 'n_jobs': None, 'oob_score': False, 'random_state': 42, 'verbose': 0, 'warm_start': False}",2.4012327194213867
Plant_oil,1,5,10,2,LinearSVC,Magnitude_Warping,0.6737593984962406,0.6551814094118532,"{'C': np.float64(10.0), 'class_weight': None, 'dual': False, 'fit_intercept': True, 'intercept_scaling': 1, 'loss': 'squared_hinge', 'max_iter': 100, 'multi_class': 'ovr', 'penalty': 'l2', 'random_state': 42, 'tol': 0.0001, 'verbose': 0}",0.1901545524597168
Plant_oil,1,5,10,2,LogisticRegression,Magnitude_Warping,0.6985714285714286,0.6978047821254768,"{'C': np.float64(10.0), 'class_weight': None, 'dual': False, 'fit_intercept': True, 'intercept_scaling': 1, 'l1_ratio': None, 'max_iter': 100, 'multi_class': 'deprecated', 'n_jobs': None, 'penalty': None, 'random_state': 42, 'solver': 'lbfgs', 'tol': 0.0001, 'verbose': 0, 'warm_start': False}",0.8034267425537109
Plant_oil,1,5,10,2,RNN,Magnitude_Warping,0.41353383458646614,0.30991898071205615,"{'hidden_size': 64, 'epochs': 10, 'batch_size': 32, 'lr': 0.001}",0.7452487945556641
Plant_oil,1,5,10,3,KNN,Magnitude_Warping,0.8081954887218045,0.8049895709617986,"{'algorithm': 'auto', 'leaf_size': 30, 'metric': 'minkowski', 'metric_params': None, 'n_jobs': None, 'n_neighbors': np.int64(8), 'p': 2, 'weights': 'distance'}",0.1944434642791748
Plant_oil,1,5,10,3,RandomForest,Magnitude_Warping,0.7804511278195488,0.7776132075845985,"{'bootstrap': True, 'ccp_alpha': 0.0, 'class_weight': None, 'criterion': 'gini', 'max_depth': None, 'max_features': 'sqrt', 'max_leaf_nodes': None, 'max_samples': None, 'min_impurity_decrease': 0.0, 'min_samples_leaf': 1, 'min_samples_split': 2, 'min_weight_fraction_leaf': 0.0, 'monotonic_cst': None, 'n_estimators': 50, 'n_jobs': None, 'oob_score': False, 'random_state': 42, 'verbose': 0, 'warm_start': False}",3.801626443862915
Plant_oil,1,5,10,3,LinearSVC,Magnitude_Warping,0.6429323308270677,0.6274276882293857,"{'C': np.float64(10.0), 'class_weight': None, 'dual': False, 'fit_intercept': True, 'intercept_scaling': 1, 'loss': 'squared_hinge', 'max_iter': 100, 'multi_class': 'ovr', 'penalty': 'l2', 'random_state': 42, 'tol': 0.0001, 'verbose': 0}",0.28406190872192383
Plant_oil,1,5,10,3,LogisticRegression,Magnitude_Warping,0.7336090225563909,0.7384722470011112,"{'C': np.float64(10.0), 'class_weight': None, 'dual': False, 'fit_intercept': True, 'intercept_scaling': 1, 'l1_ratio': None, 'max_iter': 100, 'multi_class': 'deprecated', 'n_jobs': None, 'penalty': None, 'random_state': 42, 'solver': 'lbfgs', 'tol': 0.0001, 'verbose': 0, 'warm_start': False}",1.2169101238250732
Plant_oil,1,5,10,3,RNN,Magnitude_Warping,0.42105263157894735,0.3136447093221431,"{'hidden_size': 64, 'epochs': 10, 'batch_size': 32, 'lr': 0.001}",1.2061798572540283
Plant_oil,1,5,10,5,KNN,Magnitude_Warping,0.8019548872180451,0.7974999874416335,"{'algorithm': 'auto', 'leaf_size': 30, 'metric': 'minkowski', 'metric_params': None, 'n_jobs': None, 'n_neighbors': np.int64(8), 'p': 2, 'weights': 'distance'}",0.2505824565887451
Plant_oil,1,5,10,5,RandomForest,Magnitude_Warping,0.7655639097744361,0.7627763381279232,"{'bootstrap': True, 'ccp_alpha': 0.0, 'class_weight': None, 'criterion': 'gini', 'max_depth': None, 'max_features': 'sqrt', 'max_leaf_nodes': None, 'max_samples': None, 'min_impurity_decrease': 0.0, 'min_samples_leaf': 1, 'min_samples_split': 2, 'min_weight_fraction_leaf': 0.0, 'monotonic_cst': None, 'n_estimators': 50, 'n_jobs': None, 'oob_score': False, 'random_state': 42, 'verbose': 0, 'warm_start': False}",6.797746419906616
Plant_oil,1,5,10,5,LinearSVC,Magnitude_Warping,0.6468421052631579,0.627285255204457,"{'C': np.float64(10.0), 'class_weight': None, 'dual': False, 'fit_intercept': True, 'intercept_scaling': 1, 'loss': 'squared_hinge', 'max_iter': 100, 'multi_class': 'ovr', 'penalty': 'l2', 'random_state': 42, 'tol': 0.0001, 'verbose': 0}",0.45332884788513184
Plant_oil,1,5,10,5,LogisticRegression,Magnitude_Warping,0.7286466165413534,0.7318012985546203,"{'C': np.float64(10.0), 'class_weight': None, 'dual': False, 'fit_intercept': True, 'intercept_scaling': 1, 'l1_ratio': None, 'max_iter': 100, 'multi_class': 'deprecated', 'n_jobs': None, 'penalty': None, 'random_state': 42, 'solver': 'lbfgs', 'tol': 0.0001, 'verbose': 0, 'warm_start': False}",1.8564481735229492
Plant_oil,1,5,10,5,RNN,Magnitude_Warping,0.39849624060150374,0.33059319443455176,"{'hidden_size': 64, 'epochs': 10, 'batch_size': 32, 'lr': 0.001}",1.7727575302124023
Plant_oil,1,5,10,10,KNN,Magnitude_Warping,0.7979699248120301,0.7960842670653084,"{'algorithm': 'auto', 'leaf_size': 30, 'metric': 'minkowski', 'metric_params': None, 'n_jobs': None, 'n_neighbors': np.int64(8), 'p': 2, 'weights': 'distance'}",0.3531501293182373
Plant_oil,1,5,10,10,RandomForest,Magnitude_Warping,0.7710526315789473,0.7689996592260218,"{'bootstrap': True, 'ccp_alpha': 0.0, 'class_weight': None, 'criterion': 'gini', 'max_depth': None, 'max_features': 'sqrt', 'max_leaf_nodes': None, 'max_samples': None, 'min_impurity_decrease': 0.0, 'min_samples_leaf': 1, 'min_samples_split': 2, 'min_weight_fraction_leaf': 0.0, 'monotonic_cst': None, 'n_estimators': 50, 'n_jobs': None, 'oob_score': False, 'random_state': 42, 'verbose': 0, 'warm_start': False}",15.55956506729126
Plant_oil,1,5,10,10,LinearSVC,Magnitude_Warping,0.6469924812030076,0.629970669492988,"{'C': np.float64(10.0), 'class_weight': None, 'dual': False, 'fit_intercept': True, 'intercept_scaling': 1, 'loss': 'squared_hinge', 'max_iter': 100, 'multi_class': 'ovr', 'penalty': 'l2', 'random_state': 42, 'tol': 0.0001, 'verbose': 0}",1.0172173976898193
Plant_oil,1,5,10,10,LogisticRegression,Magnitude_Warping,0.7346616541353383,0.735448478468078,"{'C': np.float64(10.0), 'class_weight': None, 'dual': False, 'fit_intercept': True, 'intercept_scaling': 1, 'l1_ratio': None, 'max_iter': 100, 'multi_class': 'deprecated', 'n_jobs': None, 'penalty': None, 'random_state': 42, 'solver': 'lbfgs', 'tol': 0.0001, 'verbose': 0, 'warm_start': False}",4.983554840087891
Plant_oil,1,5,10,10,RNN,Magnitude_Warping,0.6466165413533834,0.5852243913999967,"{'hidden_size': 64, 'epochs': 10, 'batch_size': 32, 'lr': 0.001}",3.902888298034668
Plant_oil,1,5,10,2,KNN,Time_Warping,0.8080451127819549,0.804929981454219,"{'algorithm': 'auto', 'leaf_size': 30, 'metric': 'minkowski', 'metric_params': None, 'n_jobs': None, 'n_neighbors': np.int64(8), 'p': 2, 'weights': 'distance'}",0.16118216514587402
Plant_oil,1,5,10,2,RandomForest,Time_Warping,0.7557894736842106,0.7522425632524609,"{'bootstrap': True, 'ccp_alpha': 0.0, 'class_weight': None, 'criterion': 'gini', 'max_depth': None, 'max_features': 'sqrt', 'max_leaf_nodes': None, 'max_samples': None, 'min_impurity_decrease': 0.0, 'min_samples_leaf': 1, 'min_samples_split': 2, 'min_weight_fraction_leaf': 0.0, 'monotonic_cst': None, 'n_estimators': 50, 'n_jobs': None, 'oob_score': False, 'random_state': 42, 'verbose': 0, 'warm_start': False}",2.3436989784240723
Plant_oil,1,5,10,2,LinearSVC,Time_Warping,0.6469172932330827,0.6358769218050088,"{'C': np.float64(10.0), 'class_weight': None, 'dual': False, 'fit_intercept': True, 'intercept_scaling': 1, 'loss': 'squared_hinge', 'max_iter': 100, 'multi_class': 'ovr', 'penalty': 'l2', 'random_state': 42, 'tol': 0.0001, 'verbose': 0}",0.20540499687194824
Plant_oil,1,5,10,2,LogisticRegression,Time_Warping,0.7146616541353383,0.7156643775935694,"{'C': np.float64(10.0), 'class_weight': None, 'dual': False, 'fit_intercept': True, 'intercept_scaling': 1, 'l1_ratio': None, 'max_iter': 100, 'multi_class': 'deprecated', 'n_jobs': None, 'penalty': None, 'random_state': 42, 'solver': 'lbfgs', 'tol': 0.0001, 'verbose': 0, 'warm_start': False}",0.8234744071960449
Plant_oil,1,5,10,2,RNN,Time_Warping,0.39097744360902253,0.2784310078588325,"{'hidden_size': 64, 'epochs': 10, 'batch_size': 32, 'lr': 0.001}",0.8158318996429443
Plant_oil,1,5,10,3,KNN,Time_Warping,0.8090977443609022,0.8058903632301735,"{'algorithm': 'auto', 'leaf_size': 30, 'metric': 'minkowski', 'metric_params': None, 'n_jobs': None, 'n_neighbors': np.int64(8), 'p': 2, 'weights': 'distance'}",0.19350767135620117
Plant_oil,1,5,10,3,RandomForest,Time_Warping,0.7464661654135338,0.7432277413566748,"{'bootstrap': True, 'ccp_alpha': 0.0, 'class_weight': None, 'criterion': 'gini', 'max_depth': None, 'max_features': 'sqrt', 'max_leaf_nodes': None, 'max_samples': None, 'min_impurity_decrease': 0.0, 'min_samples_leaf': 1, 'min_samples_split': 2, 'min_weight_fraction_leaf': 0.0, 'monotonic_cst': None, 'n_estimators': 50, 'n_jobs': None, 'oob_score': False, 'random_state': 42, 'verbose': 0, 'warm_start': False}",3.5944314002990723
Plant_oil,1,5,10,3,LinearSVC,Time_Warping,0.6330827067669172,0.6166830550079696,"{'C': np.float64(10.0), 'class_weight': None, 'dual': False, 'fit_intercept': True, 'intercept_scaling': 1, 'loss': 'squared_hinge', 'max_iter': 100, 'multi_class': 'ovr', 'penalty': 'l2', 'random_state': 42, 'tol': 0.0001, 'verbose': 0}",0.2949035167694092
Plant_oil,1,5,10,3,LogisticRegression,Time_Warping,0.7202255639097744,0.719827403683326,"{'C': np.float64(10.0), 'class_weight': None, 'dual': False, 'fit_intercept': True, 'intercept_scaling': 1, 'l1_ratio': None, 'max_iter': 100, 'multi_class': 'deprecated', 'n_jobs': None, 'penalty': None, 'random_state': 42, 'solver': 'lbfgs', 'tol': 0.0001, 'verbose': 0, 'warm_start': False}",1.2075574398040771
Plant_oil,1,5,10,3,RNN,Time_Warping,0.43609022556390975,0.3560118390890282,"{'hidden_size': 64, 'epochs': 10, 'batch_size': 32, 'lr': 0.001}",1.1158099174499512
Plant_oil,1,5,10,5,KNN,Time_Warping,0.806390977443609,0.8018375893605276,"{'algorithm': 'auto', 'leaf_size': 30, 'metric': 'minkowski', 'metric_params': None, 'n_jobs': None, 'n_neighbors': np.int64(8), 'p': 2, 'weights': 'distance'}",0.24545860290527344
Plant_oil,1,5,10,5,RandomForest,Time_Warping,0.7353383458646616,0.7321521063135943,"{'bootstrap': True, 'ccp_alpha': 0.0, 'class_weight': None, 'criterion': 'gini', 'max_depth': None, 'max_features': 'sqrt', 'max_leaf_nodes': None, 'max_samples': None, 'min_impurity_decrease': 0.0, 'min_samples_leaf': 1, 'min_samples_split': 2, 'min_weight_fraction_leaf': 0.0, 'monotonic_cst': None, 'n_estimators': 50, 'n_jobs': None, 'oob_score': False, 'random_state': 42, 'verbose': 0, 'warm_start': False}",6.536139726638794
Plant_oil,1,5,10,5,LinearSVC,Time_Warping,0.631203007518797,0.6169316364317424,"{'C': np.float64(10.0), 'class_weight': None, 'dual': False, 'fit_intercept': True, 'intercept_scaling': 1, 'loss': 'squared_hinge', 'max_iter': 100, 'multi_class': 'ovr', 'penalty': 'l2', 'random_state': 42, 'tol': 0.0001, 'verbose': 0}",0.48139214515686035
Plant_oil,1,5,10,5,LogisticRegression,Time_Warping,0.706766917293233,0.705780234340807,"{'C': np.float64(10.0), 'class_weight': None, 'dual': False, 'fit_intercept': True, 'intercept_scaling': 1, 'l1_ratio': None, 'max_iter': 100, 'multi_class': 'deprecated', 'n_jobs': None, 'penalty': None, 'random_state': 42, 'solver': 'lbfgs', 'tol': 0.0001, 'verbose': 0, 'warm_start': False}",1.9066851139068604
Plant_oil,1,5,10,5,RNN,Time_Warping,0.5037593984962406,0.4318579707677451,"{'hidden_size': 64, 'epochs': 10, 'batch_size': 32, 'lr': 0.001}",1.9336981773376465
Plant_oil,1,5,10,10,KNN,Time_Warping,0.7948872180451128,0.7900185545655009,"{'algorithm': 'auto', 'leaf_size': 30, 'metric': 'minkowski', 'metric_params': None, 'n_jobs': None, 'n_neighbors': np.int64(8), 'p': 2, 'weights': 'distance'}",0.36610865592956543
Plant_oil,1,5,10,10,RandomForest,Time_Warping,0.7315037593984962,0.7286469503974577,"{'bootstrap': True, 'ccp_alpha': 0.0, 'class_weight': None, 'criterion': 'gini', 'max_depth': None, 'max_features': 'sqrt', 'max_leaf_nodes': None, 'max_samples': None, 'min_impurity_decrease': 0.0, 'min_samples_leaf': 1, 'min_samples_split': 2, 'min_weight_fraction_leaf': 0.0, 'monotonic_cst': None, 'n_estimators': 50, 'n_jobs': None, 'oob_score': False, 'random_state': 42, 'verbose': 0, 'warm_start': False}",14.40967869758606
Plant_oil,1,5,10,10,LinearSVC,Time_Warping,0.6336842105263157,0.6192322984893159,"{'C': np.float64(10.0), 'class_weight': None, 'dual': False, 'fit_intercept': True, 'intercept_scaling': 1, 'loss': 'squared_hinge', 'max_iter': 100, 'multi_class': 'ovr', 'penalty': 'l2', 'random_state': 42, 'tol': 0.0001, 'verbose': 0}",0.9991490840911865
Plant_oil,1,5,10,10,LogisticRegression,Time_Warping,0.7054887218045113,0.7047049184181663,"{'C': np.float64(10.0), 'class_weight': None, 'dual': False, 'fit_intercept': True, 'intercept_scaling': 1, 'l1_ratio': None, 'max_iter': 100, 'multi_class': 'deprecated', 'n_jobs': None, 'penalty': None, 'random_state': 42, 'solver': 'lbfgs', 'tol': 0.0001, 'verbose': 0, 'warm_start': False}",3.864743709564209
Plant_oil,1,5,10,10,RNN,Time_Warping,0.6390977443609023,0.5849185921027931,"{'hidden_size': 64, 'epochs': 10, 'batch_size': 32, 'lr': 0.001}",3.8132898807525635
Plant_oil,1,5,10,2,KNN,SMOTE,0.8337593984962406,0.832667328689863,"{'algorithm': 'auto', 'leaf_size': 30, 'metric': 'minkowski', 'metric_params': None, 'n_jobs': None, 'n_neighbors': np.int64(8), 'p': 2, 'weights': 'distance'}",0.14638972282409668
Plant_oil,1,5,10,2,RandomForest,SMOTE,0.7570676691729323,0.7588891648845122,"{'bootstrap': True, 'ccp_alpha': 0.0, 'class_weight': None, 'criterion': 'gini', 'max_depth': None, 'max_features': 'sqrt', 'max_leaf_nodes': None, 'max_samples': None, 'min_impurity_decrease': 0.0, 'min_samples_leaf': 1, 'min_samples_split': 2, 'min_weight_fraction_leaf': 0.0, 'monotonic_cst': None, 'n_estimators': 50, 'n_jobs': None, 'oob_score': False, 'random_state': 42, 'verbose': 0, 'warm_start': False}",2.3718831539154053
Plant_oil,1,5,10,2,LinearSVC,SMOTE,0.6455639097744361,0.6436700534343283,"{'C': np.float64(10.0), 'class_weight': None, 'dual': False, 'fit_intercept': True, 'intercept_scaling': 1, 'loss': 'squared_hinge', 'max_iter': 100, 'multi_class': 'ovr', 'penalty': 'l2', 'random_state': 42, 'tol': 0.0001, 'verbose': 0}",0.2010023593902588
Plant_oil,1,5,10,2,LogisticRegression,SMOTE,0.7421052631578947,0.7457759488428848,"{'C': np.float64(10.0), 'class_weight': None, 'dual': False, 'fit_intercept': True, 'intercept_scaling': 1, 'l1_ratio': None, 'max_iter': 100, 'multi_class': 'deprecated', 'n_jobs': None, 'penalty': None, 'random_state': 42, 'solver': 'lbfgs', 'tol': 0.0001, 'verbose': 0, 'warm_start': False}",0.8065564632415771
Plant_oil,1,5,10,2,RNN,SMOTE,0.41353383458646614,0.3405629458261037,"{'hidden_size': 64, 'epochs': 10, 'batch_size': 32, 'lr': 0.001}",0.7518045902252197
Plant_oil,1,5,10,3,KNN,SMOTE,0.8254887218045113,0.8244082367448261,"{'algorithm': 'auto', 'leaf_size': 30, 'metric': 'minkowski', 'metric_params': None, 'n_jobs': None, 'n_neighbors': np.int64(8), 'p': 2, 'weights': 'distance'}",0.16196608543395996
Plant_oil,1,5,10,3,RandomForest,SMOTE,0.757593984962406,0.7560143218808878,"{'bootstrap': True, 'ccp_alpha': 0.0, 'class_weight': None, 'criterion': 'gini', 'max_depth': None, 'max_features': 'sqrt', 'max_leaf_nodes': None, 'max_samples': None, 'min_impurity_decrease': 0.0, 'min_samples_leaf': 1, 'min_samples_split': 2, 'min_weight_fraction_leaf': 0.0, 'monotonic_cst': None, 'n_estimators': 50, 'n_jobs': None, 'oob_score': False, 'random_state': 42, 'verbose': 0, 'warm_start': False}",3.521768808364868
Plant_oil,1,5,10,3,LinearSVC,SMOTE,0.6387218045112782,0.6405780070877203,"{'C': np.float64(10.0), 'class_weight': None, 'dual': False, 'fit_intercept': True, 'intercept_scaling': 1, 'loss': 'squared_hinge', 'max_iter': 100, 'multi_class': 'ovr', 'penalty': 'l2', 'random_state': 42, 'tol': 0.0001, 'verbose': 0}",0.3181157112121582
Plant_oil,1,5,10,3,LogisticRegression,SMOTE,0.7211278195488722,0.7218823961589608,"{'C': np.float64(10.0), 'class_weight': None, 'dual': False, 'fit_intercept': True, 'intercept_scaling': 1, 'l1_ratio': None, 'max_iter': 100, 'multi_class': 'deprecated', 'n_jobs': None, 'penalty': None, 'random_state': 42, 'solver': 'lbfgs', 'tol': 0.0001, 'verbose': 0, 'warm_start': False}",1.1955742835998535
Plant_oil,1,5,10,3,RNN,SMOTE,0.3684210526315789,0.29991358029932724,"{'hidden_size': 64, 'epochs': 10, 'batch_size': 32, 'lr': 0.001}",1.1094658374786377
Plant_oil,1,5,10,5,KNN,SMOTE,0.8278947368421052,0.8271524141986896,"{'algorithm': 'auto', 'leaf_size': 30, 'metric': 'minkowski', 'metric_params': None, 'n_jobs': None, 'n_neighbors': np.int64(8), 'p': 2, 'weights': 'distance'}",0.2019815444946289
Plant_oil,1,5,10,5,RandomForest,SMOTE,0.7461654135338346,0.7470472782491082,"{'bootstrap': True, 'ccp_alpha': 0.0, 'class_weight': None, 'criterion': 'gini', 'max_depth': None, 'max_features': 'sqrt', 'max_leaf_nodes': None, 'max_samples': None, 'min_impurity_decrease': 0.0, 'min_samples_leaf': 1, 'min_samples_split': 2, 'min_weight_fraction_leaf': 0.0, 'monotonic_cst': None, 'n_estimators': 50, 'n_jobs': None, 'oob_score': False, 'random_state': 42, 'verbose': 0, 'warm_start': False}",6.5737786293029785
Plant_oil,1,5,10,5,LinearSVC,SMOTE,0.6434586466165414,0.6403603651151522,"{'C': np.float64(10.0), 'class_weight': None, 'dual': False, 'fit_intercept': True, 'intercept_scaling': 1, 'loss': 'squared_hinge', 'max_iter': 100, 'multi_class': 'ovr', 'penalty': 'l2', 'random_state': 42, 'tol': 0.0001, 'verbose': 0}",0.5191214084625244
Plant_oil,1,5,10,5,LogisticRegression,SMOTE,0.7393233082706767,0.7422526792849437,"{'C': np.float64(10.0), 'class_weight': None, 'dual': False, 'fit_intercept': True, 'intercept_scaling': 1, 'l1_ratio': None, 'max_iter': 100, 'multi_class': 'deprecated', 'n_jobs': None, 'penalty': None, 'random_state': 42, 'solver': 'lbfgs', 'tol': 0.0001, 'verbose': 0, 'warm_start': False}",1.834662914276123
Plant_oil,1,5,10,5,RNN,SMOTE,0.45112781954887216,0.3653056338115761,"{'hidden_size': 64, 'epochs': 10, 'batch_size': 32, 'lr': 0.001}",1.879714012145996
Plant_oil,1,5,10,10,KNN,SMOTE,0.8206015037593984,0.8192593529091331,"{'algorithm': 'auto', 'leaf_size': 30, 'metric': 'minkowski', 'metric_params': None, 'n_jobs': None, 'n_neighbors': np.int64(8), 'p': 2, 'weights': 'distance'}",0.2912418842315674
Plant_oil,1,5,10,10,RandomForest,SMOTE,0.7421052631578947,0.7435000767958455,"{'bootstrap': True, 'ccp_alpha': 0.0, 'class_weight': None, 'criterion': 'gini', 'max_depth': None, 'max_features': 'sqrt', 'max_leaf_nodes': None, 'max_samples': None, 'min_impurity_decrease': 0.0, 'min_samples_leaf': 1, 'min_samples_split': 2, 'min_weight_fraction_leaf': 0.0, 'monotonic_cst': None, 'n_estimators': 50, 'n_jobs': None, 'oob_score': False, 'random_state': 42, 'verbose': 0, 'warm_start': False}",14.020825147628784
Plant_oil,1,5,10,10,LinearSVC,SMOTE,0.6492481203007519,0.6405448657418789,"{'C': np.float64(10.0), 'class_weight': None, 'dual': False, 'fit_intercept': True, 'intercept_scaling': 1, 'loss': 'squared_hinge', 'max_iter': 100, 'multi_class': 'ovr', 'penalty': 'l2', 'random_state': 42, 'tol': 0.0001, 'verbose': 0}",1.0976808071136475
Plant_oil,1,5,10,10,LogisticRegression,SMOTE,0.6971428571428572,0.7018200198606228,"{'C': np.float64(10.0), 'class_weight': None, 'dual': False, 'fit_intercept': True, 'intercept_scaling': 1, 'l1_ratio': None, 'max_iter': 100, 'multi_class': 'deprecated', 'n_jobs': None, 'penalty': None, 'random_state': 42, 'solver': 'lbfgs', 'tol': 0.0001, 'verbose': 0, 'warm_start': False}",3.9964702129364014
Plant_oil,1,5,10,10,RNN,SMOTE,0.3533834586466165,0.2797009440895472,"{'hidden_size': 64, 'epochs': 10, 'batch_size': 32, 'lr': 0.001}",4.045436143875122
Plant_oil,1,5,10,2,KNN,Mixup,0.8218045112781955,0.8189224468568738,"{'algorithm': 'auto', 'leaf_size': 30, 'metric': 'minkowski', 'metric_params': None, 'n_jobs': None, 'n_neighbors': np.int64(8), 'p': 2, 'weights': 'distance'}",0.13906335830688477
Plant_oil,1,5,10,2,RandomForest,Mixup,0.7657142857142857,0.7647789229865255,"{'bootstrap': True, 'ccp_alpha': 0.0, 'class_weight': None, 'criterion': 'gini', 'max_depth': None, 'max_features': 'sqrt', 'max_leaf_nodes': None, 'max_samples': None, 'min_impurity_decrease': 0.0, 'min_samples_leaf': 1, 'min_samples_split': 2, 'min_weight_fraction_leaf': 0.0, 'monotonic_cst': None, 'n_estimators': 50, 'n_jobs': None, 'oob_score': False, 'random_state': 42, 'verbose': 0, 'warm_start': False}",2.119176149368286
Plant_oil,1,5,10,2,LinearSVC,Mixup,0.6441353383458647,0.6348697879929105,"{'C': np.float64(10.0), 'class_weight': None, 'dual': False, 'fit_intercept': True, 'intercept_scaling': 1, 'loss': 'squared_hinge', 'max_iter': 100, 'multi_class': 'ovr', 'penalty': 'l2', 'random_state': 42, 'tol': 0.0001, 'verbose': 0}",0.21017861366271973
Plant_oil,1,5,10,2,LogisticRegression,Mixup,0.7335338345864661,0.7420177303359405,"{'C': np.float64(10.0), 'class_weight': None, 'dual': False, 'fit_intercept': True, 'intercept_scaling': 1, 'l1_ratio': None, 'max_iter': 100, 'multi_class': 'deprecated', 'n_jobs': None, 'penalty': None, 'random_state': 42, 'solver': 'lbfgs', 'tol': 0.0001, 'verbose': 0, 'warm_start': False}",0.8205626010894775
Plant_oil,1,5,10,2,RNN,Mixup,0.43609022556390975,0.33311177356915433,"{'hidden_size': 64, 'epochs': 10, 'batch_size': 32, 'lr': 0.001}",0.8029227256774902
Plant_oil,1,5,10,3,KNN,Mixup,0.8269924812030075,0.8255298451601789,"{'algorithm': 'auto', 'leaf_size': 30, 'metric': 'minkowski', 'metric_params': None, 'n_jobs': None, 'n_neighbors': np.int64(8), 'p': 2, 'weights': 'distance'}",0.16312003135681152
Plant_oil,1,5,10,3,RandomForest,Mixup,0.7631578947368421,0.7608819161197174,"{'bootstrap': True, 'ccp_alpha': 0.0, 'class_weight': None, 'criterion': 'gini', 'max_depth': None, 'max_features': 'sqrt', 'max_leaf_nodes': None, 'max_samples': None, 'min_impurity_decrease': 0.0, 'min_samples_leaf': 1, 'min_samples_split': 2, 'min_weight_fraction_leaf': 0.0, 'monotonic_cst': None, 'n_estimators': 50, 'n_jobs': None, 'oob_score': False, 'random_state': 42, 'verbose': 0, 'warm_start': False}",3.1937949657440186
Plant_oil,1,5,10,3,LinearSVC,Mixup,0.6521804511278195,0.6425396511221697,"{'C': np.float64(10.0), 'class_weight': None, 'dual': False, 'fit_intercept': True, 'intercept_scaling': 1, 'loss': 'squared_hinge', 'max_iter': 100, 'multi_class': 'ovr', 'penalty': 'l2', 'random_state': 42, 'tol': 0.0001, 'verbose': 0}",0.31681323051452637
Plant_oil,1,5,10,3,LogisticRegression,Mixup,0.7336090225563909,0.7408915415667543,"{'C': np.float64(10.0), 'class_weight': None, 'dual': False, 'fit_intercept': True, 'intercept_scaling': 1, 'l1_ratio': None, 'max_iter': 100, 'multi_class': 'deprecated', 'n_jobs': None, 'penalty': None, 'random_state': 42, 'solver': 'lbfgs', 'tol': 0.0001, 'verbose': 0, 'warm_start': False}",1.1472480297088623
Plant_oil,1,5,10,3,RNN,Mixup,0.3308270676691729,0.23982467655236533,"{'hidden_size': 64, 'epochs': 10, 'batch_size': 32, 'lr': 0.001}",1.2530038356781006
Plant_oil,1,5,10,5,KNN,Mixup,0.8321804511278196,0.8305846454995587,"{'algorithm': 'auto', 'leaf_size': 30, 'metric': 'minkowski', 'metric_params': None, 'n_jobs': None, 'n_neighbors': np.int64(8), 'p': 2, 'weights': 'distance'}",0.20009756088256836
Plant_oil,1,5,10,5,RandomForest,Mixup,0.7514285714285714,0.7509555957929256,"{'bootstrap': True, 'ccp_alpha': 0.0, 'class_weight': None, 'criterion': 'gini', 'max_depth': None, 'max_features': 'sqrt', 'max_leaf_nodes': None, 'max_samples': None, 'min_impurity_decrease': 0.0, 'min_samples_leaf': 1, 'min_samples_split': 2, 'min_weight_fraction_leaf': 0.0, 'monotonic_cst': None, 'n_estimators': 50, 'n_jobs': None, 'oob_score': False, 'random_state': 42, 'verbose': 0, 'warm_start': False}",5.692631959915161
Plant_oil,1,5,10,5,LinearSVC,Mixup,0.6318045112781955,0.6280757092440308,"{'C': np.float64(10.0), 'class_weight': None, 'dual': False, 'fit_intercept': True, 'intercept_scaling': 1, 'loss': 'squared_hinge', 'max_iter': 100, 'multi_class': 'ovr', 'penalty': 'l2', 'random_state': 42, 'tol': 0.0001, 'verbose': 0}",0.5296189785003662
Plant_oil,1,5,10,5,LogisticRegression,Mixup,0.7337593984962406,0.739677849296483,"{'C': np.float64(10.0), 'class_weight': None, 'dual': False, 'fit_intercept': True, 'intercept_scaling': 1, 'l1_ratio': None, 'max_iter': 100, 'multi_class': 'deprecated', 'n_jobs': None, 'penalty': None, 'random_state': 42, 'solver': 'lbfgs', 'tol': 0.0001, 'verbose': 0, 'warm_start': False}",1.908787727355957
Plant_oil,1,5,10,5,RNN,Mixup,0.45864661654135336,0.39582603434415625,"{'hidden_size': 64, 'epochs': 10, 'batch_size': 32, 'lr': 0.001}",1.8781790733337402
Plant_oil,1,5,10,10,KNN,Mixup,0.8348872180451128,0.8348224487129531,"{'algorithm': 'auto', 'leaf_size': 30, 'metric': 'minkowski', 'metric_params': None, 'n_jobs': None, 'n_neighbors': np.int64(8), 'p': 2, 'weights': 'distance'}",0.2909262180328369
Plant_oil,1,5,10,10,RandomForest,Mixup,0.7439849624060151,0.7449378328404757,"{'bootstrap': True, 'ccp_alpha': 0.0, 'class_weight': None, 'criterion': 'gini', 'max_depth': None, 'max_features': 'sqrt', 'max_leaf_nodes': None, 'max_samples': None, 'min_impurity_decrease': 0.0, 'min_samples_leaf': 1, 'min_samples_split': 2, 'min_weight_fraction_leaf': 0.0, 'monotonic_cst': None, 'n_estimators': 50, 'n_jobs': None, 'oob_score': False, 'random_state': 42, 'verbose': 0, 'warm_start': False}",11.929607152938843
Plant_oil,1,5,10,10,LinearSVC,Mixup,0.6487218045112781,0.6429507056937519,"{'C': np.float64(10.0), 'class_weight': None, 'dual': False, 'fit_intercept': True, 'intercept_scaling': 1, 'loss': 'squared_hinge', 'max_iter': 100, 'multi_class': 'ovr', 'penalty': 'l2', 'random_state': 42, 'tol': 0.0001, 'verbose': 0}",1.1432549953460693
Plant_oil,1,5,10,10,LogisticRegression,Mixup,0.7293984962406015,0.7386655931603058,"{'C': np.float64(10.0), 'class_weight': None, 'dual': False, 'fit_intercept': True, 'intercept_scaling': 1, 'l1_ratio': None, 'max_iter': 100, 'multi_class': 'deprecated', 'n_jobs': None, 'penalty': None, 'random_state': 42, 'solver': 'lbfgs', 'tol': 0.0001, 'verbose': 0, 'warm_start': False}",3.8160502910614014
Plant_oil,1,5,10,10,RNN,Mixup,0.6691729323308271,0.6421165485352268,"{'hidden_size': 64, 'epochs': 10, 'batch_size': 32, 'lr': 0.001}",3.979173421859741
Plant_oil,1,5,10,2,KNN,GMM,0.823984962406015,0.821316665139283,"{'algorithm': 'auto', 'leaf_size': 30, 'metric': 'minkowski', 'metric_params': None, 'n_jobs': None, 'n_neighbors': np.int64(8), 'p': 2, 'weights': 'distance'}",0.16806626319885254
Plant_oil,1,5,10,2,RandomForest,GMM,0.7493233082706767,0.7476157519759803,"{'bootstrap': True, 'ccp_alpha': 0.0, 'class_weight': None, 'criterion': 'gini', 'max_depth': None, 'max_features': 'sqrt', 'max_leaf_nodes': None, 'max_samples': None, 'min_impurity_decrease': 0.0, 'min_samples_leaf': 1, 'min_samples_split': 2, 'min_weight_fraction_leaf': 0.0, 'monotonic_cst': None, 'n_estimators': 50, 'n_jobs': None, 'oob_score': False, 'random_state': 42, 'verbose': 0, 'warm_start': False}",2.6305408477783203
Plant_oil,1,5,10,2,LinearSVC,GMM,0.6766917293233082,0.664538146107877,"{'C': np.float64(10.0), 'class_weight': None, 'dual': False, 'fit_intercept': True, 'intercept_scaling': 1, 'loss': 'squared_hinge', 'max_iter': 100, 'multi_class': 'ovr', 'penalty': 'l2', 'random_state': 42, 'tol': 0.0001, 'verbose': 0}",0.2116086483001709
Plant_oil,1,5,10,2,LogisticRegression,GMM,0.73,0.7331322397073633,"{'C': np.float64(10.0), 'class_weight': None, 'dual': False, 'fit_intercept': True, 'intercept_scaling': 1, 'l1_ratio': None, 'max_iter': 100, 'multi_class': 'deprecated', 'n_jobs': None, 'penalty': None, 'random_state': 42, 'solver': 'lbfgs', 'tol': 0.0001, 'verbose': 0, 'warm_start': False}",0.7884855270385742
Plant_oil,1,5,10,2,RNN,GMM,0.45864661654135336,0.35732429503461943,"{'hidden_size': 64, 'epochs': 10, 'batch_size': 32, 'lr': 0.001}",0.7678394317626953
Plant_oil,1,5,10,3,KNN,GMM,0.8229323308270676,0.8198893843203475,"{'algorithm': 'auto', 'leaf_size': 30, 'metric': 'minkowski', 'metric_params': None, 'n_jobs': None, 'n_neighbors': np.int64(8), 'p': 2, 'weights': 'distance'}",0.1992943286895752
Plant_oil,1,5,10,3,RandomForest,GMM,0.7535338345864662,0.7524709176078253,"{'bootstrap': True, 'ccp_alpha': 0.0, 'class_weight': None, 'criterion': 'gini', 'max_depth': None, 'max_features': 'sqrt', 'max_leaf_nodes': None, 'max_samples': None, 'min_impurity_decrease': 0.0, 'min_samples_leaf': 1, 'min_samples_split': 2, 'min_weight_fraction_leaf': 0.0, 'monotonic_cst': None, 'n_estimators': 50, 'n_jobs': None, 'oob_score': False, 'random_state': 42, 'verbose': 0, 'warm_start': False}",3.9907379150390625
Plant_oil,1,5,10,3,LinearSVC,GMM,0.6869172932330827,0.6695257218589654,"{'C': np.float64(10.0), 'class_weight': None, 'dual': False, 'fit_intercept': True, 'intercept_scaling': 1, 'loss': 'squared_hinge', 'max_iter': 100, 'multi_class': 'ovr', 'penalty': 'l2', 'random_state': 42, 'tol': 0.0001, 'verbose': 0}",0.31415390968322754
Plant_oil,1,5,10,3,LogisticRegression,GMM,0.7202255639097744,0.7183864859426484,"{'C': np.float64(10.0), 'class_weight': None, 'dual': False, 'fit_intercept': True, 'intercept_scaling': 1, 'l1_ratio': None, 'max_iter': 100, 'multi_class': 'deprecated', 'n_jobs': None, 'penalty': None, 'random_state': 42, 'solver': 'lbfgs', 'tol': 0.0001, 'verbose': 0, 'warm_start': False}",1.1292455196380615
Plant_oil,1,5,10,3,RNN,GMM,0.43609022556390975,0.36334452122156674,"{'hidden_size': 64, 'epochs': 10, 'batch_size': 32, 'lr': 0.001}",1.0468103885650635
Plant_oil,1,5,10,5,KNN,GMM,0.821203007518797,0.8190114721067371,"{'algorithm': 'auto', 'leaf_size': 30, 'metric': 'minkowski', 'metric_params': None, 'n_jobs': None, 'n_neighbors': np.int64(8), 'p': 2, 'weights': 'distance'}",0.25803375244140625
Plant_oil,1,5,10,5,RandomForest,GMM,0.7484962406015038,0.7461048743716384,"{'bootstrap': True, 'ccp_alpha': 0.0, 'class_weight': None, 'criterion': 'gini', 'max_depth': None, 'max_features': 'sqrt', 'max_leaf_nodes': None, 'max_samples': None, 'min_impurity_decrease': 0.0, 'min_samples_leaf': 1, 'min_samples_split': 2, 'min_weight_fraction_leaf': 0.0, 'monotonic_cst': None, 'n_estimators': 50, 'n_jobs': None, 'oob_score': False, 'random_state': 42, 'verbose': 0, 'warm_start': False}",7.180293798446655
Plant_oil,1,5,10,5,LinearSVC,GMM,0.6790225563909774,0.6648891311980681,"{'C': np.float64(10.0), 'class_weight': None, 'dual': False, 'fit_intercept': True, 'intercept_scaling': 1, 'loss': 'squared_hinge', 'max_iter': 100, 'multi_class': 'ovr', 'penalty': 'l2', 'random_state': 42, 'tol': 0.0001, 'verbose': 0}",0.5182113647460938
Plant_oil,1,5,10,5,LogisticRegression,GMM,0.71796992481203,0.7154509777043203,"{'C': np.float64(10.0), 'class_weight': None, 'dual': False, 'fit_intercept': True, 'intercept_scaling': 1, 'l1_ratio': None, 'max_iter': 100, 'multi_class': 'deprecated', 'n_jobs': None, 'penalty': None, 'random_state': 42, 'solver': 'lbfgs', 'tol': 0.0001, 'verbose': 0, 'warm_start': False}",1.8702788352966309
Plant_oil,1,5,10,5,RNN,GMM,0.6466165413533834,0.594897416701928,"{'hidden_size': 64, 'epochs': 10, 'batch_size': 32, 'lr': 0.001}",1.8436167240142822
Plant_oil,1,5,10,10,KNN,GMM,0.8133082706766918,0.8118444377959374,"{'algorithm': 'auto', 'leaf_size': 30, 'metric': 'minkowski', 'metric_params': None, 'n_jobs': None, 'n_neighbors': np.int64(8), 'p': 2, 'weights': 'distance'}",0.37067699432373047
Plant_oil,1,5,10,10,RandomForest,GMM,0.7385714285714285,0.7379594898679875,"{'bootstrap': True, 'ccp_alpha': 0.0, 'class_weight': None, 'criterion': 'gini', 'max_depth': None, 'max_features': 'sqrt', 'max_leaf_nodes': None, 'max_samples': None, 'min_impurity_decrease': 0.0, 'min_samples_leaf': 1, 'min_samples_split': 2, 'min_weight_fraction_leaf': 0.0, 'monotonic_cst': None, 'n_estimators': 50, 'n_jobs': None, 'oob_score': False, 'random_state': 42, 'verbose': 0, 'warm_start': False}",16.03414487838745
Plant_oil,1,5,10,10,LinearSVC,GMM,0.6718796992481203,0.6592588886338243,"{'C': np.float64(10.0), 'class_weight': None, 'dual': False, 'fit_intercept': True, 'intercept_scaling': 1, 'loss': 'squared_hinge', 'max_iter': 100, 'multi_class': 'ovr', 'penalty': 'l2', 'random_state': 42, 'tol': 0.0001, 'verbose': 0}",1.1165146827697754
Plant_oil,1,5,10,10,LogisticRegression,GMM,0.7131578947368421,0.7125165971466974,"{'C': np.float64(10.0), 'class_weight': None, 'dual': False, 'fit_intercept': True, 'intercept_scaling': 1, 'l1_ratio': None, 'max_iter': 100, 'multi_class': 'deprecated', 'n_jobs': None, 'penalty': None, 'random_state': 42, 'solver': 'lbfgs', 'tol': 0.0001, 'verbose': 0, 'warm_start': False}",3.883246898651123
Plant_oil,1,5,10,10,RNN,GMM,0.42105263157894735,0.34806608680904216,"{'hidden_size': 64, 'epochs': 10, 'batch_size': 32, 'lr': 0.001}",3.786674737930298
Plant_oil,1,5,10,2,KNN,HMM_GMM,0.8096992481203007,0.8076495963453137,"{'algorithm': 'auto', 'leaf_size': 30, 'metric': 'minkowski', 'metric_params': None, 'n_jobs': None, 'n_neighbors': np.int64(8), 'p': 2, 'weights': 'distance'}",0.16510009765625
Plant_oil,1,5,10,2,RandomForest,HMM_GMM,0.7625563909774437,0.7610636654222243,"{'bootstrap': True, 'ccp_alpha': 0.0, 'class_weight': None, 'criterion': 'gini', 'max_depth': None, 'max_features': 'sqrt', 'max_leaf_nodes': None, 'max_samples': None, 'min_impurity_decrease': 0.0, 'min_samples_leaf': 1, 'min_samples_split': 2, 'min_weight_fraction_leaf': 0.0, 'monotonic_cst': None, 'n_estimators': 50, 'n_jobs': None, 'oob_score': False, 'random_state': 42, 'verbose': 0, 'warm_start': False}",1.8860177993774414
Plant_oil,1,5,10,2,LinearSVC,HMM_GMM,0.6065413533834586,0.594860644558474,"{'C': np.float64(10.0), 'class_weight': None, 'dual': False, 'fit_intercept': True, 'intercept_scaling': 1, 'loss': 'squared_hinge', 'max_iter': 100, 'multi_class': 'ovr', 'penalty': 'l2', 'random_state': 42, 'tol': 0.0001, 'verbose': 0}",0.20718955993652344
Plant_oil,1,5,10,2,LogisticRegression,HMM_GMM,0.7266917293233083,0.7242312378435766,"{'C': np.float64(10.0), 'class_weight': None, 'dual': False, 'fit_intercept': True, 'intercept_scaling': 1, 'l1_ratio': None, 'max_iter': 100, 'multi_class': 'deprecated', 'n_jobs': None, 'penalty': None, 'random_state': 42, 'solver': 'lbfgs', 'tol': 0.0001, 'verbose': 0, 'warm_start': False}",0.7730357646942139
Plant_oil,1,5,10,2,RNN,HMM_GMM,0.3308270676691729,0.2060405777936928,"{'hidden_size': 64, 'epochs': 10, 'batch_size': 32, 'lr': 0.001}",0.7425684928894043
Plant_oil,1,5,10,3,KNN,HMM_GMM,0.8094736842105263,0.8074493354027209,"{'algorithm': 'auto', 'leaf_size': 30, 'metric': 'minkowski', 'metric_params': None, 'n_jobs': None, 'n_neighbors': np.int64(8), 'p': 2, 'weights': 'distance'}",0.18272709846496582
Plant_oil,1,5,10,3,RandomForest,HMM_GMM,0.7590225563909775,0.7575647441279294,"{'bootstrap': True, 'ccp_alpha': 0.0, 'class_weight': None, 'criterion': 'gini', 'max_depth': None, 'max_features': 'sqrt', 'max_leaf_nodes': None, 'max_samples': None, 'min_impurity_decrease': 0.0, 'min_samples_leaf': 1, 'min_samples_split': 2, 'min_weight_fraction_leaf': 0.0, 'monotonic_cst': None, 'n_estimators': 50, 'n_jobs': None, 'oob_score': False, 'random_state': 42, 'verbose': 0, 'warm_start': False}",2.2178378105163574
Plant_oil,1,5,10,3,LinearSVC,HMM_GMM,0.5845864661654135,0.5739029647989438,"{'C': np.float64(10.0), 'class_weight': None, 'dual': False, 'fit_intercept': True, 'intercept_scaling': 1, 'loss': 'squared_hinge', 'max_iter': 100, 'multi_class': 'ovr', 'penalty': 'l2', 'random_state': 42, 'tol': 0.0001, 'verbose': 0}",0.30502820014953613
Plant_oil,1,5,10,3,LogisticRegression,HMM_GMM,0.7065413533834587,0.7033441973974531,"{'C': np.float64(10.0), 'class_weight': None, 'dual': False, 'fit_intercept': True, 'intercept_scaling': 1, 'l1_ratio': None, 'max_iter': 100, 'multi_class': 'deprecated', 'n_jobs': None, 'penalty': None, 'random_state': 42, 'solver': 'lbfgs', 'tol': 0.0001, 'verbose': 0, 'warm_start': False}",1.1469132900238037
Plant_oil,1,5,10,3,RNN,HMM_GMM,0.3082706766917293,0.2025503493183314,"{'hidden_size': 64, 'epochs': 10, 'batch_size': 32, 'lr': 0.001}",1.062248706817627
Plant_oil,1,5,10,5,KNN,HMM_GMM,0.8094736842105263,0.8074493354027209,"{'algorithm': 'auto', 'leaf_size': 30, 'metric': 'minkowski', 'metric_params': None, 'n_jobs': None, 'n_neighbors': np.int64(8), 'p': 2, 'weights': 'distance'}",0.22756505012512207
Plant_oil,1,5,10,5,RandomForest,HMM_GMM,0.7600751879699248,0.7586110360803372,"{'bootstrap': True, 'ccp_alpha': 0.0, 'class_weight': None, 'criterion': 'gini', 'max_depth': None, 'max_features': 'sqrt', 'max_leaf_nodes': None, 'max_samples': None, 'min_impurity_decrease': 0.0, 'min_samples_leaf': 1, 'min_samples_split': 2, 'min_weight_fraction_leaf': 0.0, 'monotonic_cst': None, 'n_estimators': 50, 'n_jobs': None, 'oob_score': False, 'random_state': 42, 'verbose': 0, 'warm_start': False}",2.8329994678497314
Plant_oil,1,5,10,5,LinearSVC,HMM_GMM,0.5676691729323309,0.5592585809642503,"{'C': np.float64(10.0), 'class_weight': None, 'dual': False, 'fit_intercept': True, 'intercept_scaling': 1, 'loss': 'squared_hinge', 'max_iter': 100, 'multi_class': 'ovr', 'penalty': 'l2', 'random_state': 42, 'tol': 0.0001, 'verbose': 0}",0.5055813789367676
Plant_oil,1,5,10,5,LogisticRegression,HMM_GMM,0.6793233082706767,0.6760662502667975,"{'C': np.float64(10.0), 'class_weight': None, 'dual': False, 'fit_intercept': True, 'intercept_scaling': 1, 'l1_ratio': None, 'max_iter': 100, 'multi_class': 'deprecated', 'n_jobs': None, 'penalty': None, 'random_state': 42, 'solver': 'lbfgs', 'tol': 0.0001, 'verbose': 0, 'warm_start': False}",1.9621422290802002
Plant_oil,1,5,10,5,RNN,HMM_GMM,0.45112781954887216,0.38030422695393945,"{'hidden_size': 64, 'epochs': 10, 'batch_size': 32, 'lr': 0.001}",1.8944642543792725
Plant_oil,1,5,10,10,KNN,HMM_GMM,0.8095488721804511,0.8075071967965877,"{'algorithm': 'auto', 'leaf_size': 30, 'metric': 'minkowski', 'metric_params': None, 'n_jobs': None, 'n_neighbors': np.int64(8), 'p': 2, 'weights': 'distance'}",0.3220529556274414
Plant_oil,1,5,10,10,RandomForest,HMM_GMM,0.7649624060150376,0.7635302797219274,"{'bootstrap': True, 'ccp_alpha': 0.0, 'class_weight': None, 'criterion': 'gini', 'max_depth': None, 'max_features': 'sqrt', 'max_leaf_nodes': None, 'max_samples': None, 'min_impurity_decrease': 0.0, 'min_samples_leaf': 1, 'min_samples_split': 2, 'min_weight_fraction_leaf': 0.0, 'monotonic_cst': None, 'n_estimators': 50, 'n_jobs': None, 'oob_score': False, 'random_state': 42, 'verbose': 0, 'warm_start': False}",4.0943169593811035
Plant_oil,1,5,10,10,LinearSVC,HMM_GMM,0.5597744360902256,0.5532694717129469,"{'C': np.float64(10.0), 'class_weight': None, 'dual': False, 'fit_intercept': True, 'intercept_scaling': 1, 'loss': 'squared_hinge', 'max_iter': 100, 'multi_class': 'ovr', 'penalty': 'l2', 'random_state': 42, 'tol': 0.0001, 'verbose': 0}",1.0397932529449463
Plant_oil,1,5,10,10,LogisticRegression,HMM_GMM,0.6531578947368422,0.6488346003978751,"{'C': np.float64(10.0), 'class_weight': None, 'dual': False, 'fit_intercept': True, 'intercept_scaling': 1, 'l1_ratio': None, 'max_iter': 100, 'multi_class': 'deprecated', 'n_jobs': None, 'penalty': None, 'random_state': 42, 'solver': 'lbfgs', 'tol': 0.0001, 'verbose': 0, 'warm_start': False}",3.87841534614563
Plant_oil,1,5,10,10,RNN,HMM_GMM,0.39097744360902253,0.2936946220279178,"{'hidden_size': 64, 'epochs': 10, 'batch_size': 32, 'lr': 0.001}",3.7160773277282715
