Starting Brewed_vinegar - Seed 5 - Fold 10


==================================================
Running experiment for Brewed_vinegar
==================================================

--- Fold 10/10 ---

  >> Seed sets per label: 5

    >> Seed Fold Selection: 1/10
    Evaluating Model: KNN
      -> [Baseline] Acc: 1.0000, F1: 1.0000, Time: 0.08s
      HP Tuning KNN...
n_iterations: 3
n_required_iterations: 3
n_possible_iterations: 4
min_resources_: 60
max_resources_: 3000
aggressive_elimination: False
factor: 3
----------
iter: 0
n_candidates: 20
n_resources: 60
Fitting 5 folds for each of 20 candidates, totalling 100 fits
----------
iter: 1
n_candidates: 7
n_resources: 180
Fitting 5 folds for each of 7 candidates, totalling 35 fits
----------
iter: 2
n_candidates: 3
n_resources: 540
Fitting 5 folds for each of 3 candidates, totalling 15 fits
      -> [Tuned_Baseline] Acc: 1.0000, F1: 1.0000, Time: 0.07s
    Evaluating Model: RandomForest
      -> [Baseline] Acc: 0.9927, F1: 0.9927, Time: 0.95s
      HP Tuning RandomForest...
n_iterations: 3
n_required_iterations: 3
n_possible_iterations: 4
min_resources_: 60
max_resources_: 3000
aggressive_elimination: False
factor: 3
----------
iter: 0
n_candidates: 20
n_resources: 60
Fitting 5 folds for each of 20 candidates, totalling 100 fits
----------
iter: 1
n_candidates: 7
n_resources: 180
Fitting 5 folds for each of 7 candidates, totalling 35 fits
----------
iter: 2
n_candidates: 3
n_resources: 540
Fitting 5 folds for each of 3 candidates, totalling 15 fits
      -> [Tuned_Baseline] Acc: 0.9927, F1: 0.9927, Time: 0.01s
    Evaluating Model: LinearSVC
      -> [Baseline] Acc: 0.9813, F1: 0.9810, Time: 0.04s
      HP Tuning LinearSVC...
n_iterations: 3
n_required_iterations: 3
n_possible_iterations: 4
min_resources_: 60
max_resources_: 3000
aggressive_elimination: False
factor: 3
----------
iter: 0
n_candidates: 20
n_resources: 60
Fitting 5 folds for each of 20 candidates, totalling 100 fits
----------
iter: 1
n_candidates: 7
n_resources: 180
Fitting 5 folds for each of 7 candidates, totalling 35 fits
----------
iter: 2
n_candidates: 3
n_resources: 540
Fitting 5 folds for each of 3 candidates, totalling 15 fits
      -> [Tuned_Baseline] Acc: 0.9793, F1: 0.9791, Time: 0.00s
    Evaluating Model: LogisticRegression
      -> [Baseline] Acc: 1.0000, F1: 1.0000, Time: 0.12s
      HP Tuning LogisticRegression...
n_iterations: 3
n_required_iterations: 3
n_possible_iterations: 4
min_resources_: 60
max_resources_: 3000
aggressive_elimination: False
factor: 3
----------
iter: 0
n_candidates: 12
n_resources: 60
Fitting 5 folds for each of 12 candidates, totalling 60 fits
----------
iter: 1
n_candidates: 4
n_resources: 180
Fitting 5 folds for each of 4 candidates, totalling 20 fits
----------
iter: 2
n_candidates: 2
n_resources: 540
Fitting 5 folds for each of 2 candidates, totalling 10 fits
      -> [Tuned_Baseline] Acc: 1.0000, F1: 1.0000, Time: 0.00s
    Evaluating Model: RNN
      -> [Baseline] Acc: 0.2667, F1: 0.1422, Time: 2.47s
      -> [Tuned_Baseline] Acc: 0.2667, F1: 0.1422, Time: 0.00s
    [=== Generating 2x synthetic data with Jittering ===]
      -> [KNN + Jittering @ 2x] Acc: 1.0000, F1: 1.0000, Time: 0.17s
      -> [RandomForest + Jittering @ 2x] Acc: 0.9940, F1: 0.9940, Time: 1.07s
      -> [LinearSVC + Jittering @ 2x] Acc: 0.9780, F1: 0.9777, Time: 0.14s
      -> [LogisticRegression + Jittering @ 2x] Acc: 1.0000, F1: 1.0000, Time: 0.06s
      -> [RNN + Jittering @ 2x] Acc: 0.7333, F1: 0.6389, Time: 0.37s
    [=== Generating 3x synthetic data with Jittering ===]
      -> [KNN + Jittering @ 3x] Acc: 1.0000, F1: 1.0000, Time: 0.10s
      -> [RandomForest + Jittering @ 3x] Acc: 0.9993, F1: 0.9993, Time: 1.74s
      -> [LinearSVC + Jittering @ 3x] Acc: 0.9793, F1: 0.9791, Time: 0.22s
      -> [LogisticRegression + Jittering @ 3x] Acc: 1.0000, F1: 1.0000, Time: 0.13s
      -> [RNN + Jittering @ 3x] Acc: 0.7333, F1: 0.6389, Time: 0.82s
    [=== Generating 5x synthetic data with Jittering ===]
      -> [KNN + Jittering @ 5x] Acc: 1.0000, F1: 1.0000, Time: 0.10s
      -> [RandomForest + Jittering @ 5x] Acc: 1.0000, F1: 1.0000, Time: 2.92s
      -> [LinearSVC + Jittering @ 5x] Acc: 0.9793, F1: 0.9791, Time: 0.58s
      -> [LogisticRegression + Jittering @ 5x] Acc: 1.0000, F1: 1.0000, Time: 0.22s
      -> [RNN + Jittering @ 5x] Acc: 0.8667, F1: 0.8656, Time: 0.91s
    [=== Generating 10x synthetic data with Jittering ===]
      -> [KNN + Jittering @ 10x] Acc: 1.0000, F1: 1.0000, Time: 0.13s
      -> [RandomForest + Jittering @ 10x] Acc: 1.0000, F1: 1.0000, Time: 8.89s
      -> [LinearSVC + Jittering @ 10x] Acc: 0.9787, F1: 0.9784, Time: 1.20s
      -> [LogisticRegression + Jittering @ 10x] Acc: 0.9993, F1: 0.9993, Time: 0.15s
      -> [RNN + Jittering @ 10x] Acc: 0.8667, F1: 0.8167, Time: 1.33s
    [=== Generating 2x synthetic data with Scaling ===]
      -> [KNN + Scaling @ 2x] Acc: 1.0000, F1: 1.0000, Time: 0.09s
      -> [RandomForest + Scaling @ 2x] Acc: 0.9933, F1: 0.9933, Time: 0.99s
      -> [LinearSVC + Scaling @ 2x] Acc: 0.9673, F1: 0.9666, Time: 0.13s
      -> [LogisticRegression + Scaling @ 2x] Acc: 1.0000, F1: 1.0000, Time: 0.06s
      -> [RNN + Scaling @ 2x] Acc: 0.5333, F1: 0.3810, Time: 0.28s
    [=== Generating 3x synthetic data with Scaling ===]
      -> [KNN + Scaling @ 3x] Acc: 1.0000, F1: 1.0000, Time: 0.10s
      -> [RandomForest + Scaling @ 3x] Acc: 1.0000, F1: 1.0000, Time: 1.59s
      -> [LinearSVC + Scaling @ 3x] Acc: 0.9880, F1: 0.9879, Time: 0.40s
      -> [LogisticRegression + Scaling @ 3x] Acc: 1.0000, F1: 1.0000, Time: 0.16s
      -> [RNN + Scaling @ 3x] Acc: 0.6667, F1: 0.5758, Time: 0.50s
    [=== Generating 5x synthetic data with Scaling ===]
      -> [KNN + Scaling @ 5x] Acc: 1.0000, F1: 1.0000, Time: 0.10s
      -> [RandomForest + Scaling @ 5x] Acc: 1.0000, F1: 1.0000, Time: 3.33s
      -> [LinearSVC + Scaling @ 5x] Acc: 0.9767, F1: 0.9764, Time: 0.50s
      -> [LogisticRegression + Scaling @ 5x] Acc: 1.0000, F1: 1.0000, Time: 0.20s
      -> [RNN + Scaling @ 5x] Acc: 0.8667, F1: 0.8167, Time: 0.65s
    [=== Generating 10x synthetic data with Scaling ===]
      -> [KNN + Scaling @ 10x] Acc: 1.0000, F1: 1.0000, Time: 0.13s
      -> [RandomForest + Scaling @ 10x] Acc: 1.0000, F1: 1.0000, Time: 6.46s
      -> [LinearSVC + Scaling @ 10x] Acc: 0.9820, F1: 0.9818, Time: 1.42s
      -> [LogisticRegression + Scaling @ 10x] Acc: 1.0000, F1: 1.0000, Time: 0.32s
      -> [RNN + Scaling @ 10x] Acc: 1.0000, F1: 1.0000, Time: 1.76s
    [=== Generating 2x synthetic data with Magnitude_Warping ===]
      -> [KNN + Magnitude_Warping @ 2x] Acc: 1.0000, F1: 1.0000, Time: 0.08s
      -> [RandomForest + Magnitude_Warping @ 2x] Acc: 0.9993, F1: 0.9993, Time: 2.46s
      -> [LinearSVC + Magnitude_Warping @ 2x] Acc: 0.9627, F1: 0.9618, Time: 0.27s
      -> [LogisticRegression + Magnitude_Warping @ 2x] Acc: 1.0000, F1: 1.0000, Time: 0.27s
      -> [RNN + Magnitude_Warping @ 2x] Acc: 0.8000, F1: 0.7456, Time: 0.34s
    [=== Generating 3x synthetic data with Magnitude_Warping ===]
      -> [KNN + Magnitude_Warping @ 3x] Acc: 1.0000, F1: 1.0000, Time: 0.19s
      -> [RandomForest + Magnitude_Warping @ 3x] Acc: 1.0000, F1: 1.0000, Time: 2.82s
      -> [LinearSVC + Magnitude_Warping @ 3x] Acc: 0.9547, F1: 0.9537, Time: 0.19s
      -> [LogisticRegression + Magnitude_Warping @ 3x] Acc: 1.0000, F1: 1.0000, Time: 0.34s
      -> [RNN + Magnitude_Warping @ 3x] Acc: 0.5333, F1: 0.3722, Time: 0.87s
    [=== Generating 5x synthetic data with Magnitude_Warping ===]
      -> [KNN + Magnitude_Warping @ 5x] Acc: 0.9993, F1: 0.9993, Time: 0.21s
      -> [RandomForest + Magnitude_Warping @ 5x] Acc: 0.9993, F1: 0.9993, Time: 4.49s
      -> [LinearSVC + Magnitude_Warping @ 5x] Acc: 0.9640, F1: 0.9632, Time: 0.33s
      -> [LogisticRegression + Magnitude_Warping @ 5x] Acc: 1.0000, F1: 1.0000, Time: 0.52s
      -> [RNN + Magnitude_Warping @ 5x] Acc: 0.6000, F1: 0.4889, Time: 1.07s
    [=== Generating 10x synthetic data with Magnitude_Warping ===]
      -> [KNN + Magnitude_Warping @ 10x] Acc: 0.9973, F1: 0.9973, Time: 0.13s
      -> [RandomForest + Magnitude_Warping @ 10x] Acc: 1.0000, F1: 1.0000, Time: 8.99s
      -> [LinearSVC + Magnitude_Warping @ 10x] Acc: 0.9573, F1: 0.9569, Time: 0.73s
      -> [LogisticRegression + Magnitude_Warping @ 10x] Acc: 1.0000, F1: 1.0000, Time: 0.82s
      -> [RNN + Magnitude_Warping @ 10x] Acc: 0.8667, F1: 0.8167, Time: 1.84s
    [=== Generating 2x synthetic data with Time_Warping ===]
      -> [KNN + Time_Warping @ 2x] Acc: 1.0000, F1: 1.0000, Time: 0.09s
      -> [RandomForest + Time_Warping @ 2x] Acc: 0.9927, F1: 0.9927, Time: 1.50s
      -> [LinearSVC + Time_Warping @ 2x] Acc: 0.9533, F1: 0.9532, Time: 0.11s
      -> [LogisticRegression + Time_Warping @ 2x] Acc: 1.0000, F1: 1.0000, Time: 0.06s
      -> [RNN + Time_Warping @ 2x] Acc: 0.5333, F1: 0.3803, Time: 0.26s
    [=== Generating 3x synthetic data with Time_Warping ===]
      -> [KNN + Time_Warping @ 3x] Acc: 1.0000, F1: 1.0000, Time: 0.09s
      -> [RandomForest + Time_Warping @ 3x] Acc: 0.9960, F1: 0.9960, Time: 1.54s
      -> [LinearSVC + Time_Warping @ 3x] Acc: 0.9500, F1: 0.9502, Time: 0.25s
      -> [LogisticRegression + Time_Warping @ 3x] Acc: 1.0000, F1: 1.0000, Time: 0.07s
      -> [RNN + Time_Warping @ 3x] Acc: 0.7333, F1: 0.6714, Time: 0.41s
    [=== Generating 5x synthetic data with Time_Warping ===]
      -> [KNN + Time_Warping @ 5x] Acc: 1.0000, F1: 1.0000, Time: 0.10s
      -> [RandomForest + Time_Warping @ 5x] Acc: 0.9967, F1: 0.9967, Time: 2.59s
      -> [LinearSVC + Time_Warping @ 5x] Acc: 0.9393, F1: 0.9398, Time: 0.31s
      -> [LogisticRegression + Time_Warping @ 5x] Acc: 1.0000, F1: 1.0000, Time: 0.10s
      -> [RNN + Time_Warping @ 5x] Acc: 0.7333, F1: 0.7111, Time: 0.62s
    [=== Generating 10x synthetic data with Time_Warping ===]
      -> [KNN + Time_Warping @ 10x] Acc: 1.0000, F1: 1.0000, Time: 0.14s
      -> [RandomForest + Time_Warping @ 10x] Acc: 0.9953, F1: 0.9953, Time: 5.52s
      -> [LinearSVC + Time_Warping @ 10x] Acc: 0.8900, F1: 0.8897, Time: 0.97s
      -> [LogisticRegression + Time_Warping @ 10x] Acc: 1.0000, F1: 1.0000, Time: 0.34s
      -> [RNN + Time_Warping @ 10x] Acc: 0.8667, F1: 0.8167, Time: 1.35s
    [=== Generating 2x synthetic data with SMOTE ===]
      -> [KNN + SMOTE @ 2x] Acc: 1.0000, F1: 1.0000, Time: 0.14s
      -> [RandomForest + SMOTE @ 2x] Acc: 0.9927, F1: 0.9927, Time: 1.21s
      -> [LinearSVC + SMOTE @ 2x] Acc: 0.9913, F1: 0.9913, Time: 0.22s
      -> [LogisticRegression + SMOTE @ 2x] Acc: 1.0000, F1: 1.0000, Time: 0.05s
      -> [RNN + SMOTE @ 2x] Acc: 0.7333, F1: 0.6389, Time: 0.39s
    [=== Generating 3x synthetic data with SMOTE ===]
      -> [KNN + SMOTE @ 3x] Acc: 1.0000, F1: 1.0000, Time: 0.09s
      -> [RandomForest + SMOTE @ 3x] Acc: 0.9927, F1: 0.9927, Time: 2.24s
      -> [LinearSVC + SMOTE @ 3x] Acc: 0.9893, F1: 0.9892, Time: 0.42s
      -> [LogisticRegression + SMOTE @ 3x] Acc: 1.0000, F1: 1.0000, Time: 0.15s
      -> [RNN + SMOTE @ 3x] Acc: 0.6000, F1: 0.5048, Time: 0.56s
    [=== Generating 5x synthetic data with SMOTE ===]
      -> [KNN + SMOTE @ 5x] Acc: 1.0000, F1: 1.0000, Time: 0.10s
      -> [RandomForest + SMOTE @ 5x] Acc: 0.9933, F1: 0.9933, Time: 2.56s
      -> [LinearSVC + SMOTE @ 5x] Acc: 0.9793, F1: 0.9789, Time: 0.34s
      -> [LogisticRegression + SMOTE @ 5x] Acc: 1.0000, F1: 1.0000, Time: 0.09s
      -> [RNN + SMOTE @ 5x] Acc: 0.8667, F1: 0.8167, Time: 0.65s
    [=== Generating 10x synthetic data with SMOTE ===]
      -> [KNN + SMOTE @ 10x] Acc: 1.0000, F1: 1.0000, Time: 0.12s
      -> [RandomForest + SMOTE @ 10x] Acc: 0.9953, F1: 0.9953, Time: 5.37s
      -> [LinearSVC + SMOTE @ 10x] Acc: 0.9533, F1: 0.9508, Time: 0.71s
      -> [LogisticRegression + SMOTE @ 10x] Acc: 1.0000, F1: 1.0000, Time: 0.12s
      -> [RNN + SMOTE @ 10x] Acc: 0.9333, F1: 0.9270, Time: 1.41s
    [=== Generating 2x synthetic data with Mixup ===]
      -> [KNN + Mixup @ 2x] Acc: 1.0000, F1: 1.0000, Time: 0.17s
      -> [RandomForest + Mixup @ 2x] Acc: 0.9927, F1: 0.9927, Time: 1.05s
      -> [LinearSVC + Mixup @ 2x] Acc: 0.9800, F1: 0.9798, Time: 0.19s
      -> [LogisticRegression + Mixup @ 2x] Acc: 1.0000, F1: 1.0000, Time: 0.09s
      -> [RNN + Mixup @ 2x] Acc: 0.5333, F1: 0.3803, Time: 0.26s
    [=== Generating 3x synthetic data with Mixup ===]
      -> [KNN + Mixup @ 3x] Acc: 1.0000, F1: 1.0000, Time: 0.19s
      -> [RandomForest + Mixup @ 3x] Acc: 0.9933, F1: 0.9933, Time: 1.36s
      -> [LinearSVC + Mixup @ 3x] Acc: 0.9540, F1: 0.9523, Time: 0.41s
      -> [LogisticRegression + Mixup @ 3x] Acc: 1.0000, F1: 1.0000, Time: 0.07s
      -> [RNN + Mixup @ 3x] Acc: 0.6667, F1: 0.5703, Time: 0.55s
    [=== Generating 5x synthetic data with Mixup ===]
      -> [KNN + Mixup @ 5x] Acc: 1.0000, F1: 1.0000, Time: 0.14s
      -> [RandomForest + Mixup @ 5x] Acc: 0.9940, F1: 0.9940, Time: 2.57s
      -> [LinearSVC + Mixup @ 5x] Acc: 0.9853, F1: 0.9852, Time: 0.32s
      -> [LogisticRegression + Mixup @ 5x] Acc: 1.0000, F1: 1.0000, Time: 0.14s
      -> [RNN + Mixup @ 5x] Acc: 0.9333, F1: 0.9270, Time: 0.92s
    [=== Generating 10x synthetic data with Mixup ===]
      -> [KNN + Mixup @ 10x] Acc: 1.0000, F1: 1.0000, Time: 0.13s
      -> [RandomForest + Mixup @ 10x] Acc: 0.9993, F1: 0.9993, Time: 5.80s
      -> [LinearSVC + Mixup @ 10x] Acc: 0.9907, F1: 0.9906, Time: 0.73s
      -> [LogisticRegression + Mixup @ 10x] Acc: 1.0000, F1: 1.0000, Time: 0.13s
      -> [RNN + Mixup @ 10x] Acc: 1.0000, F1: 1.0000, Time: 1.39s
    [=== Generating 2x synthetic data with GMM ===]
      -> [KNN + GMM @ 2x] Acc: 1.0000, F1: 1.0000, Time: 0.08s
      -> [RandomForest + GMM @ 2x] Acc: 0.9933, F1: 0.9933, Time: 1.07s
      -> [LinearSVC + GMM @ 2x] Acc: 0.9827, F1: 0.9824, Time: 0.25s
      -> [LogisticRegression + GMM @ 2x] Acc: 1.0000, F1: 1.0000, Time: 0.11s
      -> [RNN + GMM @ 2x] Acc: 0.6000, F1: 0.5295, Time: 0.50s
    [=== Generating 3x synthetic data with GMM ===]
      -> [KNN + GMM @ 3x] Acc: 1.0000, F1: 1.0000, Time: 0.20s
      -> [RandomForest + GMM @ 3x] Acc: 1.0000, F1: 1.0000, Time: 1.73s
      -> [LinearSVC + GMM @ 3x] Acc: 0.9660, F1: 0.9653, Time: 0.23s
      -> [LogisticRegression + GMM @ 3x] Acc: 1.0000, F1: 1.0000, Time: 0.16s
      -> [RNN + GMM @ 3x] Acc: 0.5333, F1: 0.4167, Time: 0.80s
    [=== Generating 5x synthetic data with GMM ===]
      -> [KNN + GMM @ 5x] Acc: 1.0000, F1: 1.0000, Time: 0.22s
      -> [RandomForest + GMM @ 5x] Acc: 0.9973, F1: 0.9973, Time: 3.73s
      -> [LinearSVC + GMM @ 5x] Acc: 0.9753, F1: 0.9750, Time: 0.40s
      -> [LogisticRegression + GMM @ 5x] Acc: 1.0000, F1: 1.0000, Time: 0.17s
      -> [RNN + GMM @ 5x] Acc: 0.8667, F1: 0.8167, Time: 0.83s
    [=== Generating 10x synthetic data with GMM ===]
      -> [KNN + GMM @ 10x] Acc: 1.0000, F1: 1.0000, Time: 0.23s
      -> [RandomForest + GMM @ 10x] Acc: 1.0000, F1: 1.0000, Time: 7.52s
      -> [LinearSVC + GMM @ 10x] Acc: 0.9793, F1: 0.9790, Time: 0.86s
      -> [LogisticRegression + GMM @ 10x] Acc: 1.0000, F1: 1.0000, Time: 0.16s
      -> [RNN + GMM @ 10x] Acc: 0.8000, F1: 0.7429, Time: 1.27s
    [=== Generating 2x synthetic data with HMM_GMM ===]
      -> [KNN + HMM_GMM @ 2x] Acc: 1.0000, F1: 1.0000, Time: 0.08s
      -> [RandomForest + HMM_GMM @ 2x] Acc: 0.9933, F1: 0.9933, Time: 0.84s
      -> [LinearSVC + HMM_GMM @ 2x] Acc: 0.8993, F1: 0.8990, Time: 0.10s
      -> [LogisticRegression + HMM_GMM @ 2x] Acc: 1.0000, F1: 1.0000, Time: 0.06s
      -> [RNN + HMM_GMM @ 2x] Acc: 0.4667, F1: 0.3314, Time: 0.26s
    [=== Generating 3x synthetic data with HMM_GMM ===]
      -> [KNN + HMM_GMM @ 3x] Acc: 1.0000, F1: 1.0000, Time: 0.09s
      -> [RandomForest + HMM_GMM @ 3x] Acc: 0.9993, F1: 0.9993, Time: 1.41s
      -> [LinearSVC + HMM_GMM @ 3x] Acc: 0.8607, F1: 0.8584, Time: 0.28s
      -> [LogisticRegression + HMM_GMM @ 3x] Acc: 1.0000, F1: 1.0000, Time: 0.08s
      -> [RNN + HMM_GMM @ 3x] Acc: 0.4667, F1: 0.3422, Time: 0.39s
    [=== Generating 5x synthetic data with HMM_GMM ===]
      -> [KNN + HMM_GMM @ 5x] Acc: 1.0000, F1: 1.0000, Time: 0.10s
      -> [RandomForest + HMM_GMM @ 5x] Acc: 0.9993, F1: 0.9993, Time: 1.25s
      -> [LinearSVC + HMM_GMM @ 5x] Acc: 0.8253, F1: 0.8221, Time: 0.28s
      -> [LogisticRegression + HMM_GMM @ 5x] Acc: 1.0000, F1: 1.0000, Time: 0.21s
      -> [RNN + HMM_GMM @ 5x] Acc: 0.5333, F1: 0.4489, Time: 1.18s
    [=== Generating 10x synthetic data with HMM_GMM ===]
      -> [KNN + HMM_GMM @ 10x] Acc: 1.0000, F1: 1.0000, Time: 0.12s
      -> [RandomForest + HMM_GMM @ 10x] Acc: 0.9993, F1: 0.9993, Time: 1.84s
      -> [LinearSVC + HMM_GMM @ 10x] Acc: 0.7820, F1: 0.7788, Time: 0.47s
      -> [LogisticRegression + HMM_GMM @ 10x] Acc: 1.0000, F1: 1.0000, Time: 0.20s
      -> [RNN + HMM_GMM @ 10x] Acc: 0.4667, F1: 0.3367, Time: 1.39s

    >> Seed Fold Selection: 2/10
    Evaluating Model: KNN
      -> [Baseline] Acc: 1.0000, F1: 1.0000, Time: 0.08s
      HP Tuning KNN...
n_iterations: 3
n_required_iterations: 3
n_possible_iterations: 4
min_resources_: 60
max_resources_: 3000
aggressive_elimination: False
factor: 3
----------
iter: 0
n_candidates: 20
n_resources: 60
Fitting 5 folds for each of 20 candidates, totalling 100 fits
----------
iter: 1
n_candidates: 7
n_resources: 180
Fitting 5 folds for each of 7 candidates, totalling 35 fits
----------
iter: 2
n_candidates: 3
n_resources: 540
Fitting 5 folds for each of 3 candidates, totalling 15 fits
      -> [Tuned_Baseline] Acc: 1.0000, F1: 1.0000, Time: 0.01s
    Evaluating Model: RandomForest
      -> [Baseline] Acc: 0.9933, F1: 0.9933, Time: 0.51s
      HP Tuning RandomForest...
n_iterations: 3
n_required_iterations: 3
n_possible_iterations: 4
min_resources_: 60
max_resources_: 3000
aggressive_elimination: False
factor: 3
----------
iter: 0
n_candidates: 20
n_resources: 60
Fitting 5 folds for each of 20 candidates, totalling 100 fits
----------
iter: 1
n_candidates: 7
n_resources: 180
Fitting 5 folds for each of 7 candidates, totalling 35 fits
----------
iter: 2
n_candidates: 3
n_resources: 540
Fitting 5 folds for each of 3 candidates, totalling 15 fits
      -> [Tuned_Baseline] Acc: 0.9933, F1: 0.9933, Time: 0.01s
    Evaluating Model: LinearSVC
      -> [Baseline] Acc: 0.9313, F1: 0.9258, Time: 0.04s
      HP Tuning LinearSVC...
n_iterations: 3
n_required_iterations: 3
n_possible_iterations: 4
min_resources_: 60
max_resources_: 3000
aggressive_elimination: False
factor: 3
----------
iter: 0
n_candidates: 20
n_resources: 60
Fitting 5 folds for each of 20 candidates, totalling 100 fits
----------
iter: 1
n_candidates: 7
n_resources: 180
Fitting 5 folds for each of 7 candidates, totalling 35 fits
----------
iter: 2
n_candidates: 3
n_resources: 540
Fitting 5 folds for each of 3 candidates, totalling 15 fits
      -> [Tuned_Baseline] Acc: 0.9173, F1: 0.9090, Time: 0.00s
    Evaluating Model: LogisticRegression
      -> [Baseline] Acc: 1.0000, F1: 1.0000, Time: 0.12s
      HP Tuning LogisticRegression...
n_iterations: 3
n_required_iterations: 3
n_possible_iterations: 4
min_resources_: 60
max_resources_: 3000
aggressive_elimination: False
factor: 3
----------
iter: 0
n_candidates: 12
n_resources: 60
Fitting 5 folds for each of 12 candidates, totalling 60 fits
----------
iter: 1
n_candidates: 4
n_resources: 180
Fitting 5 folds for each of 4 candidates, totalling 20 fits
----------
iter: 2
n_candidates: 2
n_resources: 540
Fitting 5 folds for each of 2 candidates, totalling 10 fits
      -> [Tuned_Baseline] Acc: 1.0000, F1: 1.0000, Time: 0.00s
    Evaluating Model: RNN
      -> [Baseline] Acc: 0.4667, F1: 0.3700, Time: 0.28s
      -> [Tuned_Baseline] Acc: 0.4667, F1: 0.3700, Time: 0.00s
    [=== Generating 2x synthetic data with Jittering ===]
      -> [KNN + Jittering @ 2x] Acc: 1.0000, F1: 1.0000, Time: 0.05s
      -> [RandomForest + Jittering @ 2x] Acc: 0.9920, F1: 0.9920, Time: 0.68s
      -> [LinearSVC + Jittering @ 2x] Acc: 0.9187, F1: 0.9105, Time: 0.29s
      -> [LogisticRegression + Jittering @ 2x] Acc: 1.0000, F1: 1.0000, Time: 0.11s
      -> [RNN + Jittering @ 2x] Acc: 0.6667, F1: 0.5500, Time: 0.54s
    [=== Generating 3x synthetic data with Jittering ===]
      -> [KNN + Jittering @ 3x] Acc: 1.0000, F1: 1.0000, Time: 0.07s
      -> [RandomForest + Jittering @ 3x] Acc: 0.9947, F1: 0.9947, Time: 1.07s
      -> [LinearSVC + Jittering @ 3x] Acc: 0.9187, F1: 0.9105, Time: 0.22s
      -> [LogisticRegression + Jittering @ 3x] Acc: 1.0000, F1: 1.0000, Time: 0.07s
      -> [RNN + Jittering @ 3x] Acc: 0.5333, F1: 0.4311, Time: 0.55s
    [=== Generating 5x synthetic data with Jittering ===]
      -> [KNN + Jittering @ 5x] Acc: 1.0000, F1: 1.0000, Time: 0.04s
      -> [RandomForest + Jittering @ 5x] Acc: 1.0000, F1: 1.0000, Time: 1.48s
      -> [LinearSVC + Jittering @ 5x] Acc: 0.9193, F1: 0.9114, Time: 0.39s
      -> [LogisticRegression + Jittering @ 5x] Acc: 1.0000, F1: 1.0000, Time: 0.10s
      -> [RNN + Jittering @ 5x] Acc: 0.8000, F1: 0.7781, Time: 0.63s
    [=== Generating 10x synthetic data with Jittering ===]
      -> [KNN + Jittering @ 10x] Acc: 1.0000, F1: 1.0000, Time: 0.07s
      -> [RandomForest + Jittering @ 10x] Acc: 1.0000, F1: 1.0000, Time: 3.44s
      -> [LinearSVC + Jittering @ 10x] Acc: 0.9193, F1: 0.9114, Time: 0.88s
      -> [LogisticRegression + Jittering @ 10x] Acc: 1.0000, F1: 1.0000, Time: 0.15s
      -> [RNN + Jittering @ 10x] Acc: 0.9333, F1: 0.9270, Time: 1.27s
    [=== Generating 2x synthetic data with Scaling ===]
      -> [KNN + Scaling @ 2x] Acc: 1.0000, F1: 1.0000, Time: 0.02s
      -> [RandomForest + Scaling @ 2x] Acc: 0.9927, F1: 0.9927, Time: 0.48s
      -> [LinearSVC + Scaling @ 2x] Acc: 0.9087, F1: 0.8971, Time: 0.26s
      -> [LogisticRegression + Scaling @ 2x] Acc: 0.9980, F1: 0.9980, Time: 0.15s
      -> [RNN + Scaling @ 2x] Acc: 0.6667, F1: 0.5937, Time: 0.48s
    [=== Generating 3x synthetic data with Scaling ===]
      -> [KNN + Scaling @ 3x] Acc: 1.0000, F1: 1.0000, Time: 0.03s
      -> [RandomForest + Scaling @ 3x] Acc: 1.0000, F1: 1.0000, Time: 0.97s
      -> [LinearSVC + Scaling @ 3x] Acc: 0.9153, F1: 0.9065, Time: 0.20s
      -> [LogisticRegression + Scaling @ 3x] Acc: 1.0000, F1: 1.0000, Time: 0.08s
      -> [RNN + Scaling @ 3x] Acc: 0.6000, F1: 0.5139, Time: 0.39s
    [=== Generating 5x synthetic data with Scaling ===]
      -> [KNN + Scaling @ 5x] Acc: 1.0000, F1: 1.0000, Time: 0.04s
      -> [RandomForest + Scaling @ 5x] Acc: 1.0000, F1: 1.0000, Time: 1.47s
      -> [LinearSVC + Scaling @ 5x] Acc: 0.9233, F1: 0.9161, Time: 0.34s
      -> [LogisticRegression + Scaling @ 5x] Acc: 1.0000, F1: 1.0000, Time: 0.33s
      -> [RNN + Scaling @ 5x] Acc: 0.6000, F1: 0.4889, Time: 1.29s
    [=== Generating 10x synthetic data with Scaling ===]
      -> [KNN + Scaling @ 10x] Acc: 1.0000, F1: 1.0000, Time: 0.16s
      -> [RandomForest + Scaling @ 10x] Acc: 1.0000, F1: 1.0000, Time: 3.36s
      -> [LinearSVC + Scaling @ 10x] Acc: 0.9200, F1: 0.9120, Time: 0.72s
      -> [LogisticRegression + Scaling @ 10x] Acc: 1.0000, F1: 1.0000, Time: 0.35s
      -> [RNN + Scaling @ 10x] Acc: 1.0000, F1: 1.0000, Time: 1.45s
    [=== Generating 2x synthetic data with Magnitude_Warping ===]
      -> [KNN + Magnitude_Warping @ 2x] Acc: 0.9993, F1: 0.9993, Time: 0.05s
      -> [RandomForest + Magnitude_Warping @ 2x] Acc: 0.9947, F1: 0.9947, Time: 1.20s
      -> [LinearSVC + Magnitude_Warping @ 2x] Acc: 0.9213, F1: 0.9140, Time: 0.13s
      -> [LogisticRegression + Magnitude_Warping @ 2x] Acc: 1.0000, F1: 1.0000, Time: 0.24s
      -> [RNN + Magnitude_Warping @ 2x] Acc: 0.5333, F1: 0.3722, Time: 0.32s
    [=== Generating 3x synthetic data with Magnitude_Warping ===]
      -> [KNN + Magnitude_Warping @ 3x] Acc: 1.0000, F1: 1.0000, Time: 0.04s
      -> [RandomForest + Magnitude_Warping @ 3x] Acc: 1.0000, F1: 1.0000, Time: 1.14s
      -> [LinearSVC + Magnitude_Warping @ 3x] Acc: 0.9220, F1: 0.9152, Time: 0.41s
      -> [LogisticRegression + Magnitude_Warping @ 3x] Acc: 1.0000, F1: 1.0000, Time: 0.40s
      -> [RNN + Magnitude_Warping @ 3x] Acc: 0.7333, F1: 0.6714, Time: 0.75s
    [=== Generating 5x synthetic data with Magnitude_Warping ===]
      -> [KNN + Magnitude_Warping @ 5x] Acc: 1.0000, F1: 1.0000, Time: 0.04s
      -> [RandomForest + Magnitude_Warping @ 5x] Acc: 0.9993, F1: 0.9993, Time: 1.80s
      -> [LinearSVC + Magnitude_Warping @ 5x] Acc: 0.9147, F1: 0.9068, Time: 0.34s
      -> [LogisticRegression + Magnitude_Warping @ 5x] Acc: 1.0000, F1: 1.0000, Time: 0.30s
      -> [RNN + Magnitude_Warping @ 5x] Acc: 0.9333, F1: 0.9270, Time: 0.72s
    [=== Generating 10x synthetic data with Magnitude_Warping ===]
      -> [KNN + Magnitude_Warping @ 10x] Acc: 0.9987, F1: 0.9987, Time: 0.08s
      -> [RandomForest + Magnitude_Warping @ 10x] Acc: 0.9960, F1: 0.9960, Time: 4.48s
      -> [LinearSVC + Magnitude_Warping @ 10x] Acc: 0.9140, F1: 0.9056, Time: 1.20s
      -> [LogisticRegression + Magnitude_Warping @ 10x] Acc: 1.0000, F1: 1.0000, Time: 0.85s
      -> [RNN + Magnitude_Warping @ 10x] Acc: 0.8000, F1: 0.7429, Time: 1.55s
    [=== Generating 2x synthetic data with Time_Warping ===]
      -> [KNN + Time_Warping @ 2x] Acc: 1.0000, F1: 1.0000, Time: 0.06s
      -> [RandomForest + Time_Warping @ 2x] Acc: 0.9907, F1: 0.9907, Time: 1.03s
      -> [LinearSVC + Time_Warping @ 2x] Acc: 0.9280, F1: 0.9272, Time: 0.23s
      -> [LogisticRegression + Time_Warping @ 2x] Acc: 1.0000, F1: 1.0000, Time: 0.12s
      -> [RNN + Time_Warping @ 2x] Acc: 0.6667, F1: 0.5703, Time: 0.30s
    [=== Generating 3x synthetic data with Time_Warping ===]
      -> [KNN + Time_Warping @ 3x] Acc: 0.9987, F1: 0.9987, Time: 0.09s
      -> [RandomForest + Time_Warping @ 3x] Acc: 0.9920, F1: 0.9920, Time: 0.80s
      -> [LinearSVC + Time_Warping @ 3x] Acc: 0.9447, F1: 0.9444, Time: 0.20s
      -> [LogisticRegression + Time_Warping @ 3x] Acc: 1.0000, F1: 1.0000, Time: 0.14s
      -> [RNN + Time_Warping @ 3x] Acc: 0.6667, F1: 0.5992, Time: 0.45s
    [=== Generating 5x synthetic data with Time_Warping ===]
      -> [KNN + Time_Warping @ 5x] Acc: 0.9987, F1: 0.9987, Time: 0.06s
      -> [RandomForest + Time_Warping @ 5x] Acc: 0.9907, F1: 0.9907, Time: 1.31s
      -> [LinearSVC + Time_Warping @ 5x] Acc: 0.8987, F1: 0.8976, Time: 0.53s
      -> [LogisticRegression + Time_Warping @ 5x] Acc: 1.0000, F1: 1.0000, Time: 0.20s
      -> [RNN + Time_Warping @ 5x] Acc: 0.9333, F1: 0.9270, Time: 1.44s
    [=== Generating 10x synthetic data with Time_Warping ===]
      -> [KNN + Time_Warping @ 10x] Acc: 0.9987, F1: 0.9987, Time: 0.10s
      -> [RandomForest + Time_Warping @ 10x] Acc: 0.9927, F1: 0.9927, Time: 3.15s
      -> [LinearSVC + Time_Warping @ 10x] Acc: 0.9120, F1: 0.9112, Time: 0.48s
      -> [LogisticRegression + Time_Warping @ 10x] Acc: 1.0000, F1: 1.0000, Time: 0.16s
      -> [RNN + Time_Warping @ 10x] Acc: 0.9333, F1: 0.9270, Time: 2.36s
    [=== Generating 2x synthetic data with SMOTE ===]
      -> [KNN + SMOTE @ 2x] Acc: 1.0000, F1: 1.0000, Time: 0.05s
      -> [RandomForest + SMOTE @ 2x] Acc: 0.9920, F1: 0.9920, Time: 0.97s
      -> [LinearSVC + SMOTE @ 2x] Acc: 0.9193, F1: 0.9124, Time: 0.13s
      -> [LogisticRegression + SMOTE @ 2x] Acc: 1.0000, F1: 1.0000, Time: 0.05s
      -> [RNN + SMOTE @ 2x] Acc: 0.4667, F1: 0.3422, Time: 0.26s
    [=== Generating 3x synthetic data with SMOTE ===]
      -> [KNN + SMOTE @ 3x] Acc: 1.0000, F1: 1.0000, Time: 0.03s
      -> [RandomForest + SMOTE @ 3x] Acc: 0.9947, F1: 0.9947, Time: 0.74s
      -> [LinearSVC + SMOTE @ 3x] Acc: 0.9160, F1: 0.9062, Time: 0.43s
      -> [LogisticRegression + SMOTE @ 3x] Acc: 1.0000, F1: 1.0000, Time: 0.13s
      -> [RNN + SMOTE @ 3x] Acc: 0.6000, F1: 0.5533, Time: 0.82s
    [=== Generating 5x synthetic data with SMOTE ===]
      -> [KNN + SMOTE @ 5x] Acc: 1.0000, F1: 1.0000, Time: 0.08s
      -> [RandomForest + SMOTE @ 5x] Acc: 0.9927, F1: 0.9927, Time: 1.27s
      -> [LinearSVC + SMOTE @ 5x] Acc: 0.9180, F1: 0.9098, Time: 0.48s
      -> [LogisticRegression + SMOTE @ 5x] Acc: 1.0000, F1: 1.0000, Time: 0.08s
      -> [RNN + SMOTE @ 5x] Acc: 0.8000, F1: 0.7833, Time: 0.64s
    [=== Generating 10x synthetic data with SMOTE ===]
      -> [KNN + SMOTE @ 10x] Acc: 1.0000, F1: 1.0000, Time: 0.11s
      -> [RandomForest + SMOTE @ 10x] Acc: 1.0000, F1: 1.0000, Time: 4.06s
      -> [LinearSVC + SMOTE @ 10x] Acc: 0.9100, F1: 0.8990, Time: 1.13s
      -> [LogisticRegression + SMOTE @ 10x] Acc: 1.0000, F1: 1.0000, Time: 0.18s
      -> [RNN + SMOTE @ 10x] Acc: 0.8667, F1: 0.8667, Time: 1.37s
    [=== Generating 2x synthetic data with Mixup ===]
      -> [KNN + Mixup @ 2x] Acc: 1.0000, F1: 1.0000, Time: 0.05s
      -> [RandomForest + Mixup @ 2x] Acc: 0.9913, F1: 0.9913, Time: 0.62s
      -> [LinearSVC + Mixup @ 2x] Acc: 0.9167, F1: 0.9075, Time: 0.13s
      -> [LogisticRegression + Mixup @ 2x] Acc: 1.0000, F1: 1.0000, Time: 0.09s
      -> [RNN + Mixup @ 2x] Acc: 0.5333, F1: 0.4089, Time: 0.56s
    [=== Generating 3x synthetic data with Mixup ===]
      -> [KNN + Mixup @ 3x] Acc: 1.0000, F1: 1.0000, Time: 0.04s
      -> [RandomForest + Mixup @ 3x] Acc: 0.9927, F1: 0.9927, Time: 0.69s
      -> [LinearSVC + Mixup @ 3x] Acc: 0.9040, F1: 0.8907, Time: 0.41s
      -> [LogisticRegression + Mixup @ 3x] Acc: 1.0000, F1: 1.0000, Time: 0.13s
      -> [RNN + Mixup @ 3x] Acc: 0.7333, F1: 0.6389, Time: 0.42s
    [=== Generating 5x synthetic data with Mixup ===]
      -> [KNN + Mixup @ 5x] Acc: 1.0000, F1: 1.0000, Time: 0.04s
      -> [RandomForest + Mixup @ 5x] Acc: 0.9920, F1: 0.9920, Time: 1.09s
      -> [LinearSVC + Mixup @ 5x] Acc: 0.9220, F1: 0.9137, Time: 0.34s
      -> [LogisticRegression + Mixup @ 5x] Acc: 1.0000, F1: 1.0000, Time: 0.19s
      -> [RNN + Mixup @ 5x] Acc: 0.9333, F1: 0.9270, Time: 0.96s
    [=== Generating 10x synthetic data with Mixup ===]
      -> [KNN + Mixup @ 10x] Acc: 1.0000, F1: 1.0000, Time: 0.09s
      -> [RandomForest + Mixup @ 10x] Acc: 0.9920, F1: 0.9920, Time: 2.30s
      -> [LinearSVC + Mixup @ 10x] Acc: 0.9160, F1: 0.9072, Time: 0.68s
      -> [LogisticRegression + Mixup @ 10x] Acc: 1.0000, F1: 1.0000, Time: 0.16s
      -> [RNN + Mixup @ 10x] Acc: 0.9333, F1: 0.9270, Time: 1.69s
    [=== Generating 2x synthetic data with GMM ===]
      -> [KNN + GMM @ 2x] Acc: 1.0000, F1: 1.0000, Time: 0.05s
      -> [RandomForest + GMM @ 2x] Acc: 0.9927, F1: 0.9927, Time: 0.61s
      -> [LinearSVC + GMM @ 2x] Acc: 0.9200, F1: 0.9122, Time: 0.29s
      -> [LogisticRegression + GMM @ 2x] Acc: 1.0000, F1: 1.0000, Time: 0.12s
      -> [RNN + GMM @ 2x] Acc: 0.6000, F1: 0.5046, Time: 0.38s
    [=== Generating 3x synthetic data with GMM ===]
      -> [KNN + GMM @ 3x] Acc: 1.0000, F1: 1.0000, Time: 0.07s
      -> [RandomForest + GMM @ 3x] Acc: 0.9933, F1: 0.9933, Time: 0.87s
      -> [LinearSVC + GMM @ 3x] Acc: 0.9207, F1: 0.9130, Time: 0.23s
      -> [LogisticRegression + GMM @ 3x] Acc: 1.0000, F1: 1.0000, Time: 0.13s
      -> [RNN + GMM @ 3x] Acc: 0.7333, F1: 0.6389, Time: 0.64s
    [=== Generating 5x synthetic data with GMM ===]
      -> [KNN + GMM @ 5x] Acc: 1.0000, F1: 1.0000, Time: 0.09s
      -> [RandomForest + GMM @ 5x] Acc: 1.0000, F1: 1.0000, Time: 1.61s
      -> [LinearSVC + GMM @ 5x] Acc: 0.9207, F1: 0.9130, Time: 0.43s
      -> [LogisticRegression + GMM @ 5x] Acc: 1.0000, F1: 1.0000, Time: 0.11s
      -> [RNN + GMM @ 5x] Acc: 0.9333, F1: 0.9270, Time: 0.63s
    [=== Generating 10x synthetic data with GMM ===]
      -> [KNN + GMM @ 10x] Acc: 1.0000, F1: 1.0000, Time: 0.07s
      -> [RandomForest + GMM @ 10x] Acc: 1.0000, F1: 1.0000, Time: 3.78s
      -> [LinearSVC + GMM @ 10x] Acc: 0.9180, F1: 0.9094, Time: 0.94s
      -> [LogisticRegression + GMM @ 10x] Acc: 1.0000, F1: 1.0000, Time: 0.35s
      -> [RNN + GMM @ 10x] Acc: 0.8667, F1: 0.8167, Time: 1.39s
    [=== Generating 2x synthetic data with HMM_GMM ===]
      -> [KNN + HMM_GMM @ 2x] Acc: 0.9993, F1: 0.9993, Time: 0.03s
      -> [RandomForest + HMM_GMM @ 2x] Acc: 0.9927, F1: 0.9927, Time: 0.46s
      -> [LinearSVC + HMM_GMM @ 2x] Acc: 0.8920, F1: 0.8920, Time: 0.11s
      -> [LogisticRegression + HMM_GMM @ 2x] Acc: 1.0000, F1: 1.0000, Time: 0.12s
      -> [RNN + HMM_GMM @ 2x] Acc: 0.4000, F1: 0.2810, Time: 0.37s
    [=== Generating 3x synthetic data with HMM_GMM ===]
      -> [KNN + HMM_GMM @ 3x] Acc: 0.9993, F1: 0.9993, Time: 0.04s
      -> [RandomForest + HMM_GMM @ 3x] Acc: 0.9933, F1: 0.9933, Time: 0.50s
      -> [LinearSVC + HMM_GMM @ 3x] Acc: 0.8520, F1: 0.8505, Time: 0.15s
      -> [LogisticRegression + HMM_GMM @ 3x] Acc: 1.0000, F1: 1.0000, Time: 0.14s
      -> [RNN + HMM_GMM @ 3x] Acc: 0.4667, F1: 0.3422, Time: 0.40s
    [=== Generating 5x synthetic data with HMM_GMM ===]
      -> [KNN + HMM_GMM @ 5x] Acc: 0.9993, F1: 0.9993, Time: 0.05s
      -> [RandomForest + HMM_GMM @ 5x] Acc: 1.0000, F1: 1.0000, Time: 0.62s
      -> [LinearSVC + HMM_GMM @ 5x] Acc: 0.7993, F1: 0.7983, Time: 0.24s
      -> [LogisticRegression + HMM_GMM @ 5x] Acc: 1.0000, F1: 1.0000, Time: 0.23s
      -> [RNN + HMM_GMM @ 5x] Acc: 0.4000, F1: 0.3048, Time: 0.79s
    [=== Generating 10x synthetic data with HMM_GMM ===]
      -> [KNN + HMM_GMM @ 10x] Acc: 0.9993, F1: 0.9993, Time: 0.08s
      -> [RandomForest + HMM_GMM @ 10x] Acc: 1.0000, F1: 1.0000, Time: 0.93s
      -> [LinearSVC + HMM_GMM @ 10x] Acc: 0.7700, F1: 0.7698, Time: 0.51s
      -> [LogisticRegression + HMM_GMM @ 10x] Acc: 1.0000, F1: 1.0000, Time: 0.20s
      -> [RNN + HMM_GMM @ 10x] Acc: 0.6000, F1: 0.4974, Time: 1.30s

    >> Seed Fold Selection: 3/10
    Evaluating Model: KNN
      -> [Baseline] Acc: 1.0000, F1: 1.0000, Time: 0.08s
      HP Tuning KNN...
n_iterations: 3
n_required_iterations: 3
n_possible_iterations: 4
min_resources_: 60
max_resources_: 3000
aggressive_elimination: False
factor: 3
----------
iter: 0
n_candidates: 20
n_resources: 60
Fitting 5 folds for each of 20 candidates, totalling 100 fits
----------
iter: 1
n_candidates: 7
n_resources: 180
Fitting 5 folds for each of 7 candidates, totalling 35 fits
----------
iter: 2
n_candidates: 3
n_resources: 540
Fitting 5 folds for each of 3 candidates, totalling 15 fits
      -> [Tuned_Baseline] Acc: 1.0000, F1: 1.0000, Time: 0.01s
    Evaluating Model: RandomForest
      -> [Baseline] Acc: 1.0000, F1: 1.0000, Time: 0.45s
      HP Tuning RandomForest...
n_iterations: 3
n_required_iterations: 3
n_possible_iterations: 4
min_resources_: 60
max_resources_: 3000
aggressive_elimination: False
factor: 3
----------
iter: 0
n_candidates: 20
n_resources: 60
Fitting 5 folds for each of 20 candidates, totalling 100 fits
----------
iter: 1
n_candidates: 7
n_resources: 180
Fitting 5 folds for each of 7 candidates, totalling 35 fits
----------
iter: 2
n_candidates: 3
n_resources: 540
Fitting 5 folds for each of 3 candidates, totalling 15 fits
      -> [Tuned_Baseline] Acc: 1.0000, F1: 1.0000, Time: 0.01s
    Evaluating Model: LinearSVC
      -> [Baseline] Acc: 0.9720, F1: 0.9715, Time: 0.02s
      HP Tuning LinearSVC...
n_iterations: 3
n_required_iterations: 3
n_possible_iterations: 4
min_resources_: 60
max_resources_: 3000
aggressive_elimination: False
factor: 3
----------
iter: 0
n_candidates: 20
n_resources: 60
Fitting 5 folds for each of 20 candidates, totalling 100 fits
----------
iter: 1
n_candidates: 7
n_resources: 180
Fitting 5 folds for each of 7 candidates, totalling 35 fits
----------
iter: 2
n_candidates: 3
n_resources: 540
Fitting 5 folds for each of 3 candidates, totalling 15 fits
      -> [Tuned_Baseline] Acc: 0.9760, F1: 0.9755, Time: 0.00s
    Evaluating Model: LogisticRegression
      -> [Baseline] Acc: 1.0000, F1: 1.0000, Time: 0.05s
      HP Tuning LogisticRegression...
n_iterations: 3
n_required_iterations: 3
n_possible_iterations: 4
min_resources_: 60
max_resources_: 3000
aggressive_elimination: False
factor: 3
----------
iter: 0
n_candidates: 12
n_resources: 60
Fitting 5 folds for each of 12 candidates, totalling 60 fits
----------
iter: 1
n_candidates: 4
n_resources: 180
Fitting 5 folds for each of 4 candidates, totalling 20 fits
----------
iter: 2
n_candidates: 2
n_resources: 540
Fitting 5 folds for each of 2 candidates, totalling 10 fits
      -> [Tuned_Baseline] Acc: 1.0000, F1: 1.0000, Time: 0.00s
    Evaluating Model: RNN
      -> [Baseline] Acc: 0.5333, F1: 0.3924, Time: 0.13s
      -> [Tuned_Baseline] Acc: 0.5333, F1: 0.3924, Time: 0.00s
    [=== Generating 2x synthetic data with Jittering ===]
      -> [KNN + Jittering @ 2x] Acc: 1.0000, F1: 1.0000, Time: 0.02s
      -> [RandomForest + Jittering @ 2x] Acc: 1.0000, F1: 1.0000, Time: 1.03s
      -> [LinearSVC + Jittering @ 2x] Acc: 0.9767, F1: 0.9762, Time: 0.14s
      -> [LogisticRegression + Jittering @ 2x] Acc: 1.0000, F1: 1.0000, Time: 0.06s
      -> [RNN + Jittering @ 2x] Acc: 0.5333, F1: 0.3722, Time: 0.26s
    [=== Generating 3x synthetic data with Jittering ===]
      -> [KNN + Jittering @ 3x] Acc: 1.0000, F1: 1.0000, Time: 0.03s
      -> [RandomForest + Jittering @ 3x] Acc: 1.0000, F1: 1.0000, Time: 1.62s
      -> [LinearSVC + Jittering @ 3x] Acc: 0.9767, F1: 0.9761, Time: 0.22s
      -> [LogisticRegression + Jittering @ 3x] Acc: 1.0000, F1: 1.0000, Time: 0.06s
      -> [RNN + Jittering @ 3x] Acc: 0.5333, F1: 0.3980, Time: 0.37s
    [=== Generating 5x synthetic data with Jittering ===]
      -> [KNN + Jittering @ 5x] Acc: 1.0000, F1: 1.0000, Time: 0.04s
      -> [RandomForest + Jittering @ 5x] Acc: 1.0000, F1: 1.0000, Time: 2.79s
      -> [LinearSVC + Jittering @ 5x] Acc: 0.9767, F1: 0.9762, Time: 0.38s
      -> [LogisticRegression + Jittering @ 5x] Acc: 1.0000, F1: 1.0000, Time: 0.11s
      -> [RNN + Jittering @ 5x] Acc: 0.8667, F1: 0.8167, Time: 0.67s
    [=== Generating 10x synthetic data with Jittering ===]
      -> [KNN + Jittering @ 10x] Acc: 1.0000, F1: 1.0000, Time: 0.07s
      -> [RandomForest + Jittering @ 10x] Acc: 1.0000, F1: 1.0000, Time: 6.03s
      -> [LinearSVC + Jittering @ 10x] Acc: 0.9773, F1: 0.9768, Time: 0.80s
      -> [LogisticRegression + Jittering @ 10x] Acc: 1.0000, F1: 1.0000, Time: 0.13s
      -> [RNN + Jittering @ 10x] Acc: 0.9333, F1: 0.9270, Time: 1.50s
    [=== Generating 2x synthetic data with Scaling ===]
      -> [KNN + Scaling @ 2x] Acc: 1.0000, F1: 1.0000, Time: 0.02s
      -> [RandomForest + Scaling @ 2x] Acc: 1.0000, F1: 1.0000, Time: 0.93s
      -> [LinearSVC + Scaling @ 2x] Acc: 0.9740, F1: 0.9740, Time: 0.13s
      -> [LogisticRegression + Scaling @ 2x] Acc: 1.0000, F1: 1.0000, Time: 0.07s
      -> [RNN + Scaling @ 2x] Acc: 0.7333, F1: 0.6389, Time: 0.27s
    [=== Generating 3x synthetic data with Scaling ===]
      -> [KNN + Scaling @ 3x] Acc: 1.0000, F1: 1.0000, Time: 0.03s
      -> [RandomForest + Scaling @ 3x] Acc: 1.0000, F1: 1.0000, Time: 1.52s
      -> [LinearSVC + Scaling @ 3x] Acc: 0.9787, F1: 0.9784, Time: 0.20s
      -> [LogisticRegression + Scaling @ 3x] Acc: 1.0000, F1: 1.0000, Time: 0.15s
      -> [RNN + Scaling @ 3x] Acc: 0.6667, F1: 0.6298, Time: 0.38s
    [=== Generating 5x synthetic data with Scaling ===]
      -> [KNN + Scaling @ 5x] Acc: 1.0000, F1: 1.0000, Time: 0.04s
      -> [RandomForest + Scaling @ 5x] Acc: 1.0000, F1: 1.0000, Time: 2.51s
      -> [LinearSVC + Scaling @ 5x] Acc: 0.9800, F1: 0.9798, Time: 0.33s
      -> [LogisticRegression + Scaling @ 5x] Acc: 1.0000, F1: 1.0000, Time: 0.15s
      -> [RNN + Scaling @ 5x] Acc: 0.9333, F1: 0.9270, Time: 0.62s
    [=== Generating 10x synthetic data with Scaling ===]
      -> [KNN + Scaling @ 10x] Acc: 1.0000, F1: 1.0000, Time: 0.07s
      -> [RandomForest + Scaling @ 10x] Acc: 1.0000, F1: 1.0000, Time: 5.38s
      -> [LinearSVC + Scaling @ 10x] Acc: 0.9833, F1: 0.9831, Time: 0.69s
      -> [LogisticRegression + Scaling @ 10x] Acc: 1.0000, F1: 1.0000, Time: 0.24s
      -> [RNN + Scaling @ 10x] Acc: 0.9333, F1: 0.9314, Time: 1.30s
    [=== Generating 2x synthetic data with Magnitude_Warping ===]
      -> [KNN + Magnitude_Warping @ 2x] Acc: 1.0000, F1: 1.0000, Time: 0.02s
      -> [RandomForest + Magnitude_Warping @ 2x] Acc: 1.0000, F1: 1.0000, Time: 1.11s
      -> [LinearSVC + Magnitude_Warping @ 2x] Acc: 0.9853, F1: 0.9852, Time: 0.13s
      -> [LogisticRegression + Magnitude_Warping @ 2x] Acc: 1.0000, F1: 1.0000, Time: 0.14s
      -> [RNN + Magnitude_Warping @ 2x] Acc: 0.6000, F1: 0.5600, Time: 0.27s
    [=== Generating 3x synthetic data with Magnitude_Warping ===]
      -> [KNN + Magnitude_Warping @ 3x] Acc: 1.0000, F1: 1.0000, Time: 0.03s
      -> [RandomForest + Magnitude_Warping @ 3x] Acc: 1.0000, F1: 1.0000, Time: 1.82s
      -> [LinearSVC + Magnitude_Warping @ 3x] Acc: 0.9847, F1: 0.9844, Time: 0.19s
      -> [LogisticRegression + Magnitude_Warping @ 3x] Acc: 1.0000, F1: 1.0000, Time: 0.17s
      -> [RNN + Magnitude_Warping @ 3x] Acc: 0.7333, F1: 0.6889, Time: 0.39s
    [=== Generating 5x synthetic data with Magnitude_Warping ===]
      -> [KNN + Magnitude_Warping @ 5x] Acc: 1.0000, F1: 1.0000, Time: 0.04s
      -> [RandomForest + Magnitude_Warping @ 5x] Acc: 1.0000, F1: 1.0000, Time: 3.44s
      -> [LinearSVC + Magnitude_Warping @ 5x] Acc: 0.9713, F1: 0.9710, Time: 0.33s
      -> [LogisticRegression + Magnitude_Warping @ 5x] Acc: 1.0000, F1: 1.0000, Time: 0.29s
      -> [RNN + Magnitude_Warping @ 5x] Acc: 0.8000, F1: 0.7429, Time: 0.66s
    [=== Generating 10x synthetic data with Magnitude_Warping ===]
      -> [KNN + Magnitude_Warping @ 10x] Acc: 1.0000, F1: 1.0000, Time: 0.07s
      -> [RandomForest + Magnitude_Warping @ 10x] Acc: 1.0000, F1: 1.0000, Time: 7.53s
      -> [LinearSVC + Magnitude_Warping @ 10x] Acc: 0.9800, F1: 0.9798, Time: 0.65s
      -> [LogisticRegression + Magnitude_Warping @ 10x] Acc: 1.0000, F1: 1.0000, Time: 0.59s
      -> [RNN + Magnitude_Warping @ 10x] Acc: 0.9333, F1: 0.9270, Time: 1.31s
    [=== Generating 2x synthetic data with Time_Warping ===]
      -> [KNN + Time_Warping @ 2x] Acc: 1.0000, F1: 1.0000, Time: 0.03s
      -> [RandomForest + Time_Warping @ 2x] Acc: 1.0000, F1: 1.0000, Time: 0.94s
      -> [LinearSVC + Time_Warping @ 2x] Acc: 0.9540, F1: 0.9539, Time: 0.11s
      -> [LogisticRegression + Time_Warping @ 2x] Acc: 1.0000, F1: 1.0000, Time: 0.07s
      -> [RNN + Time_Warping @ 2x] Acc: 0.8000, F1: 0.7456, Time: 0.26s
    [=== Generating 3x synthetic data with Time_Warping ===]
      -> [KNN + Time_Warping @ 3x] Acc: 1.0000, F1: 1.0000, Time: 0.04s
      -> [RandomForest + Time_Warping @ 3x] Acc: 1.0000, F1: 1.0000, Time: 1.46s
      -> [LinearSVC + Time_Warping @ 3x] Acc: 0.9140, F1: 0.9143, Time: 0.15s
      -> [LogisticRegression + Time_Warping @ 3x] Acc: 1.0000, F1: 1.0000, Time: 0.07s
      -> [RNN + Time_Warping @ 3x] Acc: 0.8667, F1: 0.8167, Time: 0.38s
    [=== Generating 5x synthetic data with Time_Warping ===]
      -> [KNN + Time_Warping @ 5x] Acc: 1.0000, F1: 1.0000, Time: 0.05s
      -> [RandomForest + Time_Warping @ 5x] Acc: 1.0000, F1: 1.0000, Time: 2.51s
      -> [LinearSVC + Time_Warping @ 5x] Acc: 0.9013, F1: 0.9015, Time: 0.25s
      -> [LogisticRegression + Time_Warping @ 5x] Acc: 1.0000, F1: 1.0000, Time: 0.11s
      -> [RNN + Time_Warping @ 5x] Acc: 0.7333, F1: 0.6933, Time: 0.65s
    [=== Generating 10x synthetic data with Time_Warping ===]
      -> [KNN + Time_Warping @ 10x] Acc: 0.9993, F1: 0.9993, Time: 0.10s
      -> [RandomForest + Time_Warping @ 10x] Acc: 1.0000, F1: 1.0000, Time: 5.25s
      -> [LinearSVC + Time_Warping @ 10x] Acc: 0.9047, F1: 0.9052, Time: 0.54s
      -> [LogisticRegression + Time_Warping @ 10x] Acc: 1.0000, F1: 1.0000, Time: 0.20s
      -> [RNN + Time_Warping @ 10x] Acc: 0.9333, F1: 0.9270, Time: 1.35s
    [=== Generating 2x synthetic data with SMOTE ===]
      -> [KNN + SMOTE @ 2x] Acc: 1.0000, F1: 1.0000, Time: 0.02s
      -> [RandomForest + SMOTE @ 2x] Acc: 1.0000, F1: 1.0000, Time: 0.94s
      -> [LinearSVC + SMOTE @ 2x] Acc: 0.9787, F1: 0.9783, Time: 0.13s
      -> [LogisticRegression + SMOTE @ 2x] Acc: 1.0000, F1: 1.0000, Time: 0.05s
      -> [RNN + SMOTE @ 2x] Acc: 0.8000, F1: 0.7810, Time: 0.26s
    [=== Generating 3x synthetic data with SMOTE ===]
      -> [KNN + SMOTE @ 3x] Acc: 1.0000, F1: 1.0000, Time: 0.03s
      -> [RandomForest + SMOTE @ 3x] Acc: 1.0000, F1: 1.0000, Time: 1.43s
      -> [LinearSVC + SMOTE @ 3x] Acc: 0.9727, F1: 0.9720, Time: 0.20s
      -> [LogisticRegression + SMOTE @ 3x] Acc: 1.0000, F1: 1.0000, Time: 0.07s
      -> [RNN + SMOTE @ 3x] Acc: 0.6667, F1: 0.5992, Time: 0.38s
    [=== Generating 5x synthetic data with SMOTE ===]
      -> [KNN + SMOTE @ 5x] Acc: 1.0000, F1: 1.0000, Time: 0.04s
      -> [RandomForest + SMOTE @ 5x] Acc: 1.0000, F1: 1.0000, Time: 2.56s
      -> [LinearSVC + SMOTE @ 5x] Acc: 0.9720, F1: 0.9714, Time: 0.33s
      -> [LogisticRegression + SMOTE @ 5x] Acc: 1.0000, F1: 1.0000, Time: 0.07s
      -> [RNN + SMOTE @ 5x] Acc: 0.8000, F1: 0.7717, Time: 0.62s
    [=== Generating 10x synthetic data with SMOTE ===]
      -> [KNN + SMOTE @ 10x] Acc: 1.0000, F1: 1.0000, Time: 0.07s
      -> [RandomForest + SMOTE @ 10x] Acc: 1.0000, F1: 1.0000, Time: 5.09s
      -> [LinearSVC + SMOTE @ 10x] Acc: 0.9700, F1: 0.9692, Time: 0.68s
      -> [LogisticRegression + SMOTE @ 10x] Acc: 1.0000, F1: 1.0000, Time: 0.13s
      -> [RNN + SMOTE @ 10x] Acc: 0.9333, F1: 0.9333, Time: 1.41s
    [=== Generating 2x synthetic data with Mixup ===]
      -> [KNN + Mixup @ 2x] Acc: 1.0000, F1: 1.0000, Time: 0.02s
      -> [RandomForest + Mixup @ 2x] Acc: 1.0000, F1: 1.0000, Time: 0.86s
      -> [LinearSVC + Mixup @ 2x] Acc: 0.9780, F1: 0.9775, Time: 0.13s
      -> [LogisticRegression + Mixup @ 2x] Acc: 1.0000, F1: 1.0000, Time: 0.06s
      -> [RNN + Mixup @ 2x] Acc: 0.6667, F1: 0.6143, Time: 0.24s
    [=== Generating 3x synthetic data with Mixup ===]
      -> [KNN + Mixup @ 3x] Acc: 1.0000, F1: 1.0000, Time: 0.03s
      -> [RandomForest + Mixup @ 3x] Acc: 1.0000, F1: 1.0000, Time: 1.22s
      -> [LinearSVC + Mixup @ 3x] Acc: 0.9700, F1: 0.9695, Time: 0.20s
      -> [LogisticRegression + Mixup @ 3x] Acc: 1.0000, F1: 1.0000, Time: 0.05s
      -> [RNN + Mixup @ 3x] Acc: 0.6000, F1: 0.5295, Time: 0.37s
    [=== Generating 5x synthetic data with Mixup ===]
      -> [KNN + Mixup @ 5x] Acc: 1.0000, F1: 1.0000, Time: 0.04s
      -> [RandomForest + Mixup @ 5x] Acc: 1.0000, F1: 1.0000, Time: 1.96s
      -> [LinearSVC + Mixup @ 5x] Acc: 0.9713, F1: 0.9710, Time: 0.29s
      -> [LogisticRegression + Mixup @ 5x] Acc: 1.0000, F1: 1.0000, Time: 0.08s
      -> [RNN + Mixup @ 5x] Acc: 0.8667, F1: 0.8167, Time: 0.63s
    [=== Generating 10x synthetic data with Mixup ===]
      -> [KNN + Mixup @ 10x] Acc: 1.0000, F1: 1.0000, Time: 0.06s
      -> [RandomForest + Mixup @ 10x] Acc: 1.0000, F1: 1.0000, Time: 3.98s
      -> [LinearSVC + Mixup @ 10x] Acc: 0.9753, F1: 0.9747, Time: 0.59s
      -> [LogisticRegression + Mixup @ 10x] Acc: 0.9993, F1: 0.9993, Time: 0.12s
      -> [RNN + Mixup @ 10x] Acc: 0.8667, F1: 0.8167, Time: 1.15s
    [=== Generating 2x synthetic data with GMM ===]
      -> [KNN + GMM @ 2x] Acc: 1.0000, F1: 1.0000, Time: 0.02s
      -> [RandomForest + GMM @ 2x] Acc: 1.0000, F1: 1.0000, Time: 0.91s
      -> [LinearSVC + GMM @ 2x] Acc: 0.9753, F1: 0.9749, Time: 0.12s
      -> [LogisticRegression + GMM @ 2x] Acc: 1.0000, F1: 1.0000, Time: 0.05s
      -> [RNN + GMM @ 2x] Acc: 0.7333, F1: 0.6389, Time: 0.23s
    [=== Generating 3x synthetic data with GMM ===]
      -> [KNN + GMM @ 3x] Acc: 1.0000, F1: 1.0000, Time: 0.03s
      -> [RandomForest + GMM @ 3x] Acc: 0.9993, F1: 0.9993, Time: 1.46s
      -> [LinearSVC + GMM @ 3x] Acc: 0.9713, F1: 0.9710, Time: 0.20s
      -> [LogisticRegression + GMM @ 3x] Acc: 1.0000, F1: 1.0000, Time: 0.06s
      -> [RNN + GMM @ 3x] Acc: 0.7333, F1: 0.6389, Time: 0.35s
    [=== Generating 5x synthetic data with GMM ===]
      -> [KNN + GMM @ 5x] Acc: 1.0000, F1: 1.0000, Time: 0.04s
      -> [RandomForest + GMM @ 5x] Acc: 1.0000, F1: 1.0000, Time: 2.54s
      -> [LinearSVC + GMM @ 5x] Acc: 0.9720, F1: 0.9716, Time: 0.35s
      -> [LogisticRegression + GMM @ 5x] Acc: 1.0000, F1: 1.0000, Time: 0.08s
      -> [RNN + GMM @ 5x] Acc: 0.8000, F1: 0.7429, Time: 0.58s
    [=== Generating 10x synthetic data with GMM ===]
      -> [KNN + GMM @ 10x] Acc: 1.0000, F1: 1.0000, Time: 0.06s
      -> [RandomForest + GMM @ 10x] Acc: 1.0000, F1: 1.0000, Time: 5.47s
      -> [LinearSVC + GMM @ 10x] Acc: 0.9727, F1: 0.9722, Time: 0.72s
      -> [LogisticRegression + GMM @ 10x] Acc: 0.9993, F1: 0.9993, Time: 0.12s
      -> [RNN + GMM @ 10x] Acc: 0.8000, F1: 0.7770, Time: 1.22s
    [=== Generating 2x synthetic data with HMM_GMM ===]
      -> [KNN + HMM_GMM @ 2x] Acc: 1.0000, F1: 1.0000, Time: 0.02s
      -> [RandomForest + HMM_GMM @ 2x] Acc: 1.0000, F1: 1.0000, Time: 0.74s
      -> [LinearSVC + HMM_GMM @ 2x] Acc: 0.8807, F1: 0.8802, Time: 0.09s
      -> [LogisticRegression + HMM_GMM @ 2x] Acc: 1.0000, F1: 1.0000, Time: 0.05s
      -> [RNN + HMM_GMM @ 2x] Acc: 0.5333, F1: 0.3803, Time: 0.25s
    [=== Generating 3x synthetic data with HMM_GMM ===]
      -> [KNN + HMM_GMM @ 3x] Acc: 1.0000, F1: 1.0000, Time: 0.03s
      -> [RandomForest + HMM_GMM @ 3x] Acc: 0.9993, F1: 0.9993, Time: 0.88s
      -> [LinearSVC + HMM_GMM @ 3x] Acc: 0.8447, F1: 0.8416, Time: 0.13s
      -> [LogisticRegression + HMM_GMM @ 3x] Acc: 1.0000, F1: 1.0000, Time: 0.06s
      -> [RNN + HMM_GMM @ 3x] Acc: 0.4000, F1: 0.2424, Time: 0.34s
    [=== Generating 5x synthetic data with HMM_GMM ===]
      -> [KNN + HMM_GMM @ 5x] Acc: 1.0000, F1: 1.0000, Time: 0.04s
      -> [RandomForest + HMM_GMM @ 5x] Acc: 0.9993, F1: 0.9993, Time: 1.09s
      -> [LinearSVC + HMM_GMM @ 5x] Acc: 0.8060, F1: 0.8015, Time: 0.20s
      -> [LogisticRegression + HMM_GMM @ 5x] Acc: 1.0000, F1: 1.0000, Time: 0.10s
      -> [RNN + HMM_GMM @ 5x] Acc: 0.5333, F1: 0.3980, Time: 0.55s
    [=== Generating 10x synthetic data with HMM_GMM ===]
      -> [KNN + HMM_GMM @ 10x] Acc: 1.0000, F1: 1.0000, Time: 0.06s
      -> [RandomForest + HMM_GMM @ 10x] Acc: 0.9993, F1: 0.9993, Time: 1.61s
      -> [LinearSVC + HMM_GMM @ 10x] Acc: 0.7880, F1: 0.7831, Time: 0.40s
      -> [LogisticRegression + HMM_GMM @ 10x] Acc: 1.0000, F1: 1.0000, Time: 0.19s
      -> [RNN + HMM_GMM @ 10x] Acc: 0.8667, F1: 0.8167, Time: 1.15s

    >> Seed Fold Selection: 4/10
    Evaluating Model: KNN
      -> [Baseline] Acc: 0.9993, F1: 0.9993, Time: 0.07s
      HP Tuning KNN...
n_iterations: 3
n_required_iterations: 3
n_possible_iterations: 4
min_resources_: 60
max_resources_: 3000
aggressive_elimination: False
factor: 3
----------
iter: 0
n_candidates: 20
n_resources: 60
Fitting 5 folds for each of 20 candidates, totalling 100 fits
----------
iter: 1
n_candidates: 7
n_resources: 180
Fitting 5 folds for each of 7 candidates, totalling 35 fits
----------
iter: 2
n_candidates: 3
n_resources: 540
Fitting 5 folds for each of 3 candidates, totalling 15 fits
      -> [Tuned_Baseline] Acc: 0.9993, F1: 0.9993, Time: 0.01s
    Evaluating Model: RandomForest
      -> [Baseline] Acc: 0.9973, F1: 0.9973, Time: 0.41s
      HP Tuning RandomForest...
n_iterations: 3
n_required_iterations: 3
n_possible_iterations: 4
min_resources_: 60
max_resources_: 3000
aggressive_elimination: False
factor: 3
----------
iter: 0
n_candidates: 20
n_resources: 60
Fitting 5 folds for each of 20 candidates, totalling 100 fits
----------
iter: 1
n_candidates: 7
n_resources: 180
Fitting 5 folds for each of 7 candidates, totalling 35 fits
----------
iter: 2
n_candidates: 3
n_resources: 540
Fitting 5 folds for each of 3 candidates, totalling 15 fits
      -> [Tuned_Baseline] Acc: 0.9973, F1: 0.9973, Time: 0.01s
    Evaluating Model: LinearSVC
      -> [Baseline] Acc: 0.9107, F1: 0.9016, Time: 0.02s
      HP Tuning LinearSVC...
n_iterations: 3
n_required_iterations: 3
n_possible_iterations: 4
min_resources_: 60
max_resources_: 3000
aggressive_elimination: False
factor: 3
----------
iter: 0
n_candidates: 20
n_resources: 60
Fitting 5 folds for each of 20 candidates, totalling 100 fits
----------
iter: 1
n_candidates: 7
n_resources: 180
Fitting 5 folds for each of 7 candidates, totalling 35 fits
----------
iter: 2
n_candidates: 3
n_resources: 540
Fitting 5 folds for each of 3 candidates, totalling 15 fits
      -> [Tuned_Baseline] Acc: 0.9173, F1: 0.9078, Time: 0.00s
    Evaluating Model: LogisticRegression
      -> [Baseline] Acc: 0.9593, F1: 0.9568, Time: 0.05s
      HP Tuning LogisticRegression...
n_iterations: 3
n_required_iterations: 3
n_possible_iterations: 4
min_resources_: 60
max_resources_: 3000
aggressive_elimination: False
factor: 3
----------
iter: 0
n_candidates: 12
n_resources: 60
Fitting 5 folds for each of 12 candidates, totalling 60 fits
----------
iter: 1
n_candidates: 4
n_resources: 180
Fitting 5 folds for each of 4 candidates, totalling 20 fits
----------
iter: 2
n_candidates: 2
n_resources: 540
Fitting 5 folds for each of 2 candidates, totalling 10 fits
      -> [Tuned_Baseline] Acc: 0.9593, F1: 0.9572, Time: 0.00s
    Evaluating Model: RNN
      -> [Baseline] Acc: 0.6667, F1: 0.5758, Time: 0.11s
      -> [Tuned_Baseline] Acc: 0.6667, F1: 0.5758, Time: 0.00s
    [=== Generating 2x synthetic data with Jittering ===]
      -> [KNN + Jittering @ 2x] Acc: 0.9993, F1: 0.9993, Time: 0.02s
      -> [RandomForest + Jittering @ 2x] Acc: 1.0000, F1: 1.0000, Time: 0.92s
      -> [LinearSVC + Jittering @ 2x] Acc: 0.9173, F1: 0.9078, Time: 0.13s
      -> [LogisticRegression + Jittering @ 2x] Acc: 0.9640, F1: 0.9625, Time: 0.03s
      -> [RNN + Jittering @ 2x] Acc: 0.4667, F1: 0.3476, Time: 0.24s
    [=== Generating 3x synthetic data with Jittering ===]
      -> [KNN + Jittering @ 3x] Acc: 0.9987, F1: 0.9987, Time: 0.03s
      -> [RandomForest + Jittering @ 3x] Acc: 1.0000, F1: 1.0000, Time: 1.50s
      -> [LinearSVC + Jittering @ 3x] Acc: 0.9173, F1: 0.9078, Time: 0.20s
      -> [LogisticRegression + Jittering @ 3x] Acc: 0.9640, F1: 0.9624, Time: 0.04s
      -> [RNN + Jittering @ 3x] Acc: 0.6000, F1: 0.5089, Time: 0.35s
    [=== Generating 5x synthetic data with Jittering ===]
      -> [KNN + Jittering @ 5x] Acc: 0.9993, F1: 0.9993, Time: 0.04s
      -> [RandomForest + Jittering @ 5x] Acc: 1.0000, F1: 1.0000, Time: 2.59s
      -> [LinearSVC + Jittering @ 5x] Acc: 0.9173, F1: 0.9078, Time: 0.35s
      -> [LogisticRegression + Jittering @ 5x] Acc: 0.9640, F1: 0.9622, Time: 0.06s
      -> [RNN + Jittering @ 5x] Acc: 0.8667, F1: 0.8167, Time: 0.58s
    [=== Generating 10x synthetic data with Jittering ===]
      -> [KNN + Jittering @ 10x] Acc: 0.9993, F1: 0.9993, Time: 0.06s
      -> [RandomForest + Jittering @ 10x] Acc: 1.0000, F1: 1.0000, Time: 5.59s
      -> [LinearSVC + Jittering @ 10x] Acc: 0.9173, F1: 0.9078, Time: 0.72s
      -> [LogisticRegression + Jittering @ 10x] Acc: 0.9640, F1: 0.9624, Time: 0.11s
      -> [RNN + Jittering @ 10x] Acc: 0.9333, F1: 0.9270, Time: 1.13s
    [=== Generating 2x synthetic data with Scaling ===]
      -> [KNN + Scaling @ 2x] Acc: 0.9993, F1: 0.9993, Time: 0.02s
      -> [RandomForest + Scaling @ 2x] Acc: 0.9993, F1: 0.9993, Time: 0.88s
      -> [LinearSVC + Scaling @ 2x] Acc: 0.9153, F1: 0.9060, Time: 0.12s
      -> [LogisticRegression + Scaling @ 2x] Acc: 0.9853, F1: 0.9852, Time: 0.03s
      -> [RNN + Scaling @ 2x] Acc: 0.7333, F1: 0.6317, Time: 0.25s
    [=== Generating 3x synthetic data with Scaling ===]
      -> [KNN + Scaling @ 3x] Acc: 0.9993, F1: 0.9993, Time: 0.03s
      -> [RandomForest + Scaling @ 3x] Acc: 1.0000, F1: 1.0000, Time: 1.36s
      -> [LinearSVC + Scaling @ 3x] Acc: 0.9180, F1: 0.9087, Time: 0.18s
      -> [LogisticRegression + Scaling @ 3x] Acc: 0.9753, F1: 0.9745, Time: 0.04s
      -> [RNN + Scaling @ 3x] Acc: 0.5333, F1: 0.4424, Time: 0.35s
    [=== Generating 5x synthetic data with Scaling ===]
      -> [KNN + Scaling @ 5x] Acc: 0.9573, F1: 0.9553, Time: 0.04s
      -> [RandomForest + Scaling @ 5x] Acc: 1.0000, F1: 1.0000, Time: 2.31s
      -> [LinearSVC + Scaling @ 5x] Acc: 0.9160, F1: 0.9068, Time: 0.30s
      -> [LogisticRegression + Scaling @ 5x] Acc: 1.0000, F1: 1.0000, Time: 0.12s
      -> [RNN + Scaling @ 5x] Acc: 0.8000, F1: 0.7481, Time: 0.57s
    [=== Generating 10x synthetic data with Scaling ===]
      -> [KNN + Scaling @ 10x] Acc: 0.9433, F1: 0.9392, Time: 0.06s
      -> [RandomForest + Scaling @ 10x] Acc: 1.0000, F1: 1.0000, Time: 5.20s
      -> [LinearSVC + Scaling @ 10x] Acc: 0.9193, F1: 0.9107, Time: 0.63s
      -> [LogisticRegression + Scaling @ 10x] Acc: 0.9847, F1: 0.9845, Time: 0.21s
      -> [RNN + Scaling @ 10x] Acc: 0.9333, F1: 0.9270, Time: 1.11s
    [=== Generating 2x synthetic data with Magnitude_Warping ===]
      -> [KNN + Magnitude_Warping @ 2x] Acc: 0.9693, F1: 0.9685, Time: 0.02s
      -> [RandomForest + Magnitude_Warping @ 2x] Acc: 1.0000, F1: 1.0000, Time: 1.05s
      -> [LinearSVC + Magnitude_Warping @ 2x] Acc: 0.9193, F1: 0.9104, Time: 0.12s
      -> [LogisticRegression + Magnitude_Warping @ 2x] Acc: 0.9693, F1: 0.9684, Time: 0.11s
      -> [RNN + Magnitude_Warping @ 2x] Acc: 0.5333, F1: 0.3980, Time: 0.23s
    [=== Generating 3x synthetic data with Magnitude_Warping ===]
      -> [KNN + Magnitude_Warping @ 3x] Acc: 0.9633, F1: 0.9620, Time: 0.03s
      -> [RandomForest + Magnitude_Warping @ 3x] Acc: 0.9913, F1: 0.9913, Time: 1.74s
      -> [LinearSVC + Magnitude_Warping @ 3x] Acc: 0.9053, F1: 0.8975, Time: 0.18s
      -> [LogisticRegression + Magnitude_Warping @ 3x] Acc: 0.9673, F1: 0.9663, Time: 0.16s
      -> [RNN + Magnitude_Warping @ 3x] Acc: 0.7333, F1: 0.6717, Time: 0.34s
    [=== Generating 5x synthetic data with Magnitude_Warping ===]
      -> [KNN + Magnitude_Warping @ 5x] Acc: 0.9560, F1: 0.9539, Time: 0.04s
      -> [RandomForest + Magnitude_Warping @ 5x] Acc: 0.9827, F1: 0.9824, Time: 3.20s
      -> [LinearSVC + Magnitude_Warping @ 5x] Acc: 0.9173, F1: 0.9096, Time: 0.30s
      -> [LogisticRegression + Magnitude_Warping @ 5x] Acc: 0.9907, F1: 0.9906, Time: 0.27s
      -> [RNN + Magnitude_Warping @ 5x] Acc: 0.7333, F1: 0.6717, Time: 0.58s
    [=== Generating 10x synthetic data with Magnitude_Warping ===]
      -> [KNN + Magnitude_Warping @ 10x] Acc: 0.9420, F1: 0.9379, Time: 0.07s
      -> [RandomForest + Magnitude_Warping @ 10x] Acc: 0.9633, F1: 0.9620, Time: 7.68s
      -> [LinearSVC + Magnitude_Warping @ 10x] Acc: 0.9027, F1: 0.8946, Time: 0.62s
      -> [LogisticRegression + Magnitude_Warping @ 10x] Acc: 0.9787, F1: 0.9783, Time: 0.53s
      -> [RNN + Magnitude_Warping @ 10x] Acc: 0.9333, F1: 0.9270, Time: 1.11s
    [=== Generating 2x synthetic data with Time_Warping ===]
      -> [KNN + Time_Warping @ 2x] Acc: 0.9993, F1: 0.9993, Time: 0.02s
      -> [RandomForest + Time_Warping @ 2x] Acc: 0.9920, F1: 0.9920, Time: 0.86s
      -> [LinearSVC + Time_Warping @ 2x] Acc: 0.9133, F1: 0.9089, Time: 0.11s
      -> [LogisticRegression + Time_Warping @ 2x] Acc: 1.0000, F1: 1.0000, Time: 0.04s
      -> [RNN + Time_Warping @ 2x] Acc: 0.4667, F1: 0.3422, Time: 0.23s
    [=== Generating 3x synthetic data with Time_Warping ===]
      -> [KNN + Time_Warping @ 3x] Acc: 0.9993, F1: 0.9993, Time: 0.04s
      -> [RandomForest + Time_Warping @ 3x] Acc: 1.0000, F1: 1.0000, Time: 1.38s
      -> [LinearSVC + Time_Warping @ 3x] Acc: 0.8740, F1: 0.8690, Time: 0.15s
      -> [LogisticRegression + Time_Warping @ 3x] Acc: 1.0000, F1: 1.0000, Time: 0.05s
      -> [RNN + Time_Warping @ 3x] Acc: 0.5333, F1: 0.3980, Time: 0.34s
    [=== Generating 5x synthetic data with Time_Warping ===]
      -> [KNN + Time_Warping @ 5x] Acc: 0.9987, F1: 0.9987, Time: 0.05s
      -> [RandomForest + Time_Warping @ 5x] Acc: 0.9980, F1: 0.9980, Time: 2.31s
      -> [LinearSVC + Time_Warping @ 5x] Acc: 0.8887, F1: 0.8873, Time: 0.22s
      -> [LogisticRegression + Time_Warping @ 5x] Acc: 1.0000, F1: 1.0000, Time: 0.07s
      -> [RNN + Time_Warping @ 5x] Acc: 0.8000, F1: 0.7889, Time: 0.56s
    [=== Generating 10x synthetic data with Time_Warping ===]
      -> [KNN + Time_Warping @ 10x] Acc: 0.9987, F1: 0.9987, Time: 0.09s
      -> [RandomForest + Time_Warping @ 10x] Acc: 0.9907, F1: 0.9906, Time: 5.05s
      -> [LinearSVC + Time_Warping @ 10x] Acc: 0.8913, F1: 0.8892, Time: 0.46s
      -> [LogisticRegression + Time_Warping @ 10x] Acc: 1.0000, F1: 1.0000, Time: 0.13s
      -> [RNN + Time_Warping @ 10x] Acc: 0.8667, F1: 0.8095, Time: 1.12s
    [=== Generating 2x synthetic data with SMOTE ===]
      -> [KNN + SMOTE @ 2x] Acc: 0.9993, F1: 0.9993, Time: 0.02s
      -> [RandomForest + SMOTE @ 2x] Acc: 1.0000, F1: 1.0000, Time: 0.88s
      -> [LinearSVC + SMOTE @ 2x] Acc: 0.9160, F1: 0.9065, Time: 0.12s
      -> [LogisticRegression + SMOTE @ 2x] Acc: 0.9567, F1: 0.9542, Time: 0.03s
      -> [RNN + SMOTE @ 2x] Acc: 0.6000, F1: 0.5089, Time: 0.23s
    [=== Generating 3x synthetic data with SMOTE ===]
      -> [KNN + SMOTE @ 3x] Acc: 0.9993, F1: 0.9993, Time: 0.03s
      -> [RandomForest + SMOTE @ 3x] Acc: 0.9993, F1: 0.9993, Time: 1.34s
      -> [LinearSVC + SMOTE @ 3x] Acc: 0.9180, F1: 0.9083, Time: 0.18s
      -> [LogisticRegression + SMOTE @ 3x] Acc: 0.9653, F1: 0.9638, Time: 0.04s
      -> [RNN + SMOTE @ 3x] Acc: 0.8000, F1: 0.7429, Time: 0.34s
    [=== Generating 5x synthetic data with SMOTE ===]
      -> [KNN + SMOTE @ 5x] Acc: 0.9993, F1: 0.9993, Time: 0.04s
      -> [RandomForest + SMOTE @ 5x] Acc: 1.0000, F1: 1.0000, Time: 2.27s
      -> [LinearSVC + SMOTE @ 5x] Acc: 0.9153, F1: 0.9059, Time: 0.31s
      -> [LogisticRegression + SMOTE @ 5x] Acc: 0.9600, F1: 0.9578, Time: 0.05s
      -> [RNN + SMOTE @ 5x] Acc: 0.9333, F1: 0.9270, Time: 0.56s
    [=== Generating 10x synthetic data with SMOTE ===]
      -> [KNN + SMOTE @ 10x] Acc: 0.9993, F1: 0.9993, Time: 0.06s
      -> [RandomForest + SMOTE @ 10x] Acc: 1.0000, F1: 1.0000, Time: 4.80s
      -> [LinearSVC + SMOTE @ 10x] Acc: 0.9153, F1: 0.9060, Time: 0.63s
      -> [LogisticRegression + SMOTE @ 10x] Acc: 0.9633, F1: 0.9619, Time: 0.10s
      -> [RNN + SMOTE @ 10x] Acc: 0.9333, F1: 0.9270, Time: 1.15s
    [=== Generating 2x synthetic data with Mixup ===]
      -> [KNN + Mixup @ 2x] Acc: 0.9993, F1: 0.9993, Time: 0.02s
      -> [RandomForest + Mixup @ 2x] Acc: 0.9927, F1: 0.9926, Time: 0.84s
      -> [LinearSVC + Mixup @ 2x] Acc: 0.9173, F1: 0.9078, Time: 0.12s
      -> [LogisticRegression + Mixup @ 2x] Acc: 0.9687, F1: 0.9674, Time: 0.03s
      -> [RNN + Mixup @ 2x] Acc: 0.6667, F1: 0.5822, Time: 0.24s
    [=== Generating 3x synthetic data with Mixup ===]
      -> [KNN + Mixup @ 3x] Acc: 0.9987, F1: 0.9987, Time: 0.03s
      -> [RandomForest + Mixup @ 3x] Acc: 1.0000, F1: 1.0000, Time: 1.17s
      -> [LinearSVC + Mixup @ 3x] Acc: 0.9160, F1: 0.9066, Time: 0.18s
      -> [LogisticRegression + Mixup @ 3x] Acc: 0.9600, F1: 0.9579, Time: 0.04s
      -> [RNN + Mixup @ 3x] Acc: 0.5333, F1: 0.3980, Time: 0.34s
    [=== Generating 5x synthetic data with Mixup ===]
      -> [KNN + Mixup @ 5x] Acc: 0.9993, F1: 0.9993, Time: 0.04s
      -> [RandomForest + Mixup @ 5x] Acc: 1.0000, F1: 1.0000, Time: 1.97s
      -> [LinearSVC + Mixup @ 5x] Acc: 0.9153, F1: 0.9060, Time: 0.30s
      -> [LogisticRegression + Mixup @ 5x] Acc: 0.9587, F1: 0.9563, Time: 0.06s
      -> [RNN + Mixup @ 5x] Acc: 0.9333, F1: 0.9270, Time: 0.56s
    [=== Generating 10x synthetic data with Mixup ===]
      -> [KNN + Mixup @ 10x] Acc: 0.9993, F1: 0.9993, Time: 0.06s
      -> [RandomForest + Mixup @ 10x] Acc: 1.0000, F1: 1.0000, Time: 4.16s
      -> [LinearSVC + Mixup @ 10x] Acc: 0.9160, F1: 0.9065, Time: 0.62s
      -> [LogisticRegression + Mixup @ 10x] Acc: 0.9647, F1: 0.9628, Time: 0.11s
      -> [RNN + Mixup @ 10x] Acc: 0.9333, F1: 0.9270, Time: 1.13s
    [=== Generating 2x synthetic data with GMM ===]
      -> [KNN + GMM @ 2x] Acc: 1.0000, F1: 1.0000, Time: 0.02s
      -> [RandomForest + GMM @ 2x] Acc: 1.0000, F1: 1.0000, Time: 0.93s
      -> [LinearSVC + GMM @ 2x] Acc: 0.9160, F1: 0.9066, Time: 0.13s
      -> [LogisticRegression + GMM @ 2x] Acc: 0.9633, F1: 0.9618, Time: 0.03s
      -> [RNN + GMM @ 2x] Acc: 0.5333, F1: 0.3980, Time: 0.23s
    [=== Generating 3x synthetic data with GMM ===]
      -> [KNN + GMM @ 3x] Acc: 1.0000, F1: 1.0000, Time: 0.03s
      -> [RandomForest + GMM @ 3x] Acc: 1.0000, F1: 1.0000, Time: 1.47s
      -> [LinearSVC + GMM @ 3x] Acc: 0.9153, F1: 0.9060, Time: 0.21s
      -> [LogisticRegression + GMM @ 3x] Acc: 0.9860, F1: 0.9858, Time: 0.04s
      -> [RNN + GMM @ 3x] Acc: 0.7333, F1: 0.6389, Time: 0.36s
    [=== Generating 5x synthetic data with GMM ===]
      -> [KNN + GMM @ 5x] Acc: 1.0000, F1: 1.0000, Time: 0.04s
      -> [RandomForest + GMM @ 5x] Acc: 0.9933, F1: 0.9933, Time: 2.62s
      -> [LinearSVC + GMM @ 5x] Acc: 0.9160, F1: 0.9067, Time: 0.37s
      -> [LogisticRegression + GMM @ 5x] Acc: 0.9853, F1: 0.9852, Time: 0.06s
      -> [RNN + GMM @ 5x] Acc: 0.7333, F1: 0.6806, Time: 0.57s
    [=== Generating 10x synthetic data with GMM ===]
      -> [KNN + GMM @ 10x] Acc: 1.0000, F1: 1.0000, Time: 0.06s
      -> [RandomForest + GMM @ 10x] Acc: 1.0000, F1: 1.0000, Time: 5.53s
      -> [LinearSVC + GMM @ 10x] Acc: 0.9167, F1: 0.9072, Time: 0.76s
      -> [LogisticRegression + GMM @ 10x] Acc: 0.9660, F1: 0.9646, Time: 0.12s
      -> [RNN + GMM @ 10x] Acc: 0.9333, F1: 0.9270, Time: 1.14s
    [=== Generating 2x synthetic data with HMM_GMM ===]
      -> [KNN + HMM_GMM @ 2x] Acc: 0.9993, F1: 0.9993, Time: 0.02s
      -> [RandomForest + HMM_GMM @ 2x] Acc: 1.0000, F1: 1.0000, Time: 0.75s
      -> [LinearSVC + HMM_GMM @ 2x] Acc: 0.8720, F1: 0.8715, Time: 0.09s
      -> [LogisticRegression + HMM_GMM @ 2x] Acc: 1.0000, F1: 1.0000, Time: 0.03s
      -> [RNN + HMM_GMM @ 2x] Acc: 0.5333, F1: 0.4167, Time: 0.24s
    [=== Generating 3x synthetic data with HMM_GMM ===]
      -> [KNN + HMM_GMM @ 3x] Acc: 0.9993, F1: 0.9993, Time: 0.03s
      -> [RandomForest + HMM_GMM @ 3x] Acc: 1.0000, F1: 1.0000, Time: 0.91s
      -> [LinearSVC + HMM_GMM @ 3x] Acc: 0.8427, F1: 0.8408, Time: 0.13s
      -> [LogisticRegression + HMM_GMM @ 3x] Acc: 0.9993, F1: 0.9993, Time: 0.05s
      -> [RNN + HMM_GMM @ 3x] Acc: 0.3333, F1: 0.1889, Time: 0.35s
    [=== Generating 5x synthetic data with HMM_GMM ===]
      -> [KNN + HMM_GMM @ 5x] Acc: 0.9993, F1: 0.9993, Time: 0.04s
      -> [RandomForest + HMM_GMM @ 5x] Acc: 1.0000, F1: 1.0000, Time: 1.13s
      -> [LinearSVC + HMM_GMM @ 5x] Acc: 0.8173, F1: 0.8145, Time: 0.20s
      -> [LogisticRegression + HMM_GMM @ 5x] Acc: 0.9993, F1: 0.9993, Time: 0.08s
      -> [RNN + HMM_GMM @ 5x] Acc: 0.7333, F1: 0.6389, Time: 0.56s
    [=== Generating 10x synthetic data with HMM_GMM ===]
      -> [KNN + HMM_GMM @ 10x] Acc: 0.9993, F1: 0.9993, Time: 0.07s
      -> [RandomForest + HMM_GMM @ 10x] Acc: 1.0000, F1: 1.0000, Time: 1.65s
      -> [LinearSVC + HMM_GMM @ 10x] Acc: 0.7980, F1: 0.7941, Time: 0.40s
      -> [LogisticRegression + HMM_GMM @ 10x] Acc: 0.9993, F1: 0.9993, Time: 0.15s
      -> [RNN + HMM_GMM @ 10x] Acc: 0.7333, F1: 0.6389, Time: 1.09s

    >> Seed Fold Selection: 5/10
    Evaluating Model: KNN
      -> [Baseline] Acc: 1.0000, F1: 1.0000, Time: 0.07s
      HP Tuning KNN...
n_iterations: 3
n_required_iterations: 3
n_possible_iterations: 4
min_resources_: 60
max_resources_: 3000
aggressive_elimination: False
factor: 3
----------
iter: 0
n_candidates: 20
n_resources: 60
Fitting 5 folds for each of 20 candidates, totalling 100 fits
----------
iter: 1
n_candidates: 7
n_resources: 180
Fitting 5 folds for each of 7 candidates, totalling 35 fits
----------
iter: 2
n_candidates: 3
n_resources: 540
Fitting 5 folds for each of 3 candidates, totalling 15 fits
      -> [Tuned_Baseline] Acc: 1.0000, F1: 1.0000, Time: 0.01s
    Evaluating Model: RandomForest
      -> [Baseline] Acc: 1.0000, F1: 1.0000, Time: 0.41s
      HP Tuning RandomForest...
n_iterations: 3
n_required_iterations: 3
n_possible_iterations: 4
min_resources_: 60
max_resources_: 3000
aggressive_elimination: False
factor: 3
----------
iter: 0
n_candidates: 20
n_resources: 60
Fitting 5 folds for each of 20 candidates, totalling 100 fits
----------
iter: 1
n_candidates: 7
n_resources: 180
Fitting 5 folds for each of 7 candidates, totalling 35 fits
----------
iter: 2
n_candidates: 3
n_resources: 540
Fitting 5 folds for each of 3 candidates, totalling 15 fits
      -> [Tuned_Baseline] Acc: 1.0000, F1: 1.0000, Time: 0.01s
    Evaluating Model: LinearSVC
      -> [Baseline] Acc: 0.9307, F1: 0.9270, Time: 0.02s
      HP Tuning LinearSVC...
n_iterations: 3
n_required_iterations: 3
n_possible_iterations: 4
min_resources_: 60
max_resources_: 3000
aggressive_elimination: False
factor: 3
----------
iter: 0
n_candidates: 20
n_resources: 60
Fitting 5 folds for each of 20 candidates, totalling 100 fits
----------
iter: 1
n_candidates: 7
n_resources: 180
Fitting 5 folds for each of 7 candidates, totalling 35 fits
----------
iter: 2
n_candidates: 3
n_resources: 540
Fitting 5 folds for each of 3 candidates, totalling 15 fits
      -> [Tuned_Baseline] Acc: 0.9280, F1: 0.9239, Time: 0.00s
    Evaluating Model: LogisticRegression
      -> [Baseline] Acc: 1.0000, F1: 1.0000, Time: 0.04s
      HP Tuning LogisticRegression...
n_iterations: 3
n_required_iterations: 3
n_possible_iterations: 4
min_resources_: 60
max_resources_: 3000
aggressive_elimination: False
factor: 3
----------
iter: 0
n_candidates: 12
n_resources: 60
Fitting 5 folds for each of 12 candidates, totalling 60 fits
----------
iter: 1
n_candidates: 4
n_resources: 180
Fitting 5 folds for each of 4 candidates, totalling 20 fits
----------
iter: 2
n_candidates: 2
n_resources: 540
Fitting 5 folds for each of 2 candidates, totalling 10 fits
      -> [Tuned_Baseline] Acc: 1.0000, F1: 1.0000, Time: 0.00s
    Evaluating Model: RNN
      -> [Baseline] Acc: 0.3333, F1: 0.2889, Time: 0.12s
      -> [Tuned_Baseline] Acc: 0.3333, F1: 0.2889, Time: 0.00s
    [=== Generating 2x synthetic data with Jittering ===]
      -> [KNN + Jittering @ 2x] Acc: 1.0000, F1: 1.0000, Time: 0.02s
      -> [RandomForest + Jittering @ 2x] Acc: 1.0000, F1: 1.0000, Time: 0.94s
      -> [LinearSVC + Jittering @ 2x] Acc: 0.9300, F1: 0.9262, Time: 0.13s
      -> [LogisticRegression + Jittering @ 2x] Acc: 1.0000, F1: 1.0000, Time: 0.05s
      -> [RNN + Jittering @ 2x] Acc: 0.5333, F1: 0.3980, Time: 0.23s
    [=== Generating 3x synthetic data with Jittering ===]
      -> [KNN + Jittering @ 3x] Acc: 1.0000, F1: 1.0000, Time: 0.03s
      -> [RandomForest + Jittering @ 3x] Acc: 1.0000, F1: 1.0000, Time: 1.48s
      -> [LinearSVC + Jittering @ 3x] Acc: 0.9313, F1: 0.9278, Time: 0.20s
      -> [LogisticRegression + Jittering @ 3x] Acc: 1.0000, F1: 1.0000, Time: 0.07s
      -> [RNN + Jittering @ 3x] Acc: 0.5333, F1: 0.4562, Time: 0.36s
    [=== Generating 5x synthetic data with Jittering ===]
      -> [KNN + Jittering @ 5x] Acc: 1.0000, F1: 1.0000, Time: 0.04s
      -> [RandomForest + Jittering @ 5x] Acc: 1.0000, F1: 1.0000, Time: 2.70s
      -> [LinearSVC + Jittering @ 5x] Acc: 0.9307, F1: 0.9271, Time: 0.36s
      -> [LogisticRegression + Jittering @ 5x] Acc: 1.0000, F1: 1.0000, Time: 0.07s
      -> [RNN + Jittering @ 5x] Acc: 1.0000, F1: 1.0000, Time: 0.59s
    [=== Generating 10x synthetic data with Jittering ===]
      -> [KNN + Jittering @ 10x] Acc: 1.0000, F1: 1.0000, Time: 0.06s
      -> [RandomForest + Jittering @ 10x] Acc: 1.0000, F1: 1.0000, Time: 5.60s
      -> [LinearSVC + Jittering @ 10x] Acc: 0.9313, F1: 0.9278, Time: 0.76s
      -> [LogisticRegression + Jittering @ 10x] Acc: 1.0000, F1: 1.0000, Time: 0.13s
      -> [RNN + Jittering @ 10x] Acc: 0.8667, F1: 0.8167, Time: 1.15s
    [=== Generating 2x synthetic data with Scaling ===]
      -> [KNN + Scaling @ 2x] Acc: 1.0000, F1: 1.0000, Time: 0.02s
      -> [RandomForest + Scaling @ 2x] Acc: 1.0000, F1: 1.0000, Time: 0.87s
      -> [LinearSVC + Scaling @ 2x] Acc: 0.9267, F1: 0.9236, Time: 0.12s
      -> [LogisticRegression + Scaling @ 2x] Acc: 1.0000, F1: 1.0000, Time: 0.06s
      -> [RNN + Scaling @ 2x] Acc: 0.5333, F1: 0.3722, Time: 0.24s
    [=== Generating 3x synthetic data with Scaling ===]
      -> [KNN + Scaling @ 3x] Acc: 1.0000, F1: 1.0000, Time: 0.03s
      -> [RandomForest + Scaling @ 3x] Acc: 1.0000, F1: 1.0000, Time: 1.34s
      -> [LinearSVC + Scaling @ 3x] Acc: 0.9213, F1: 0.9159, Time: 0.18s
      -> [LogisticRegression + Scaling @ 3x] Acc: 1.0000, F1: 1.0000, Time: 0.07s
      -> [RNN + Scaling @ 3x] Acc: 0.5333, F1: 0.4651, Time: 0.38s
    [=== Generating 5x synthetic data with Scaling ===]
      -> [KNN + Scaling @ 5x] Acc: 1.0000, F1: 1.0000, Time: 0.04s
      -> [RandomForest + Scaling @ 5x] Acc: 1.0000, F1: 1.0000, Time: 2.29s
      -> [LinearSVC + Scaling @ 5x] Acc: 0.9233, F1: 0.9200, Time: 0.31s
      -> [LogisticRegression + Scaling @ 5x] Acc: 1.0000, F1: 1.0000, Time: 0.15s
      -> [RNN + Scaling @ 5x] Acc: 1.0000, F1: 1.0000, Time: 0.60s
    [=== Generating 10x synthetic data with Scaling ===]
      -> [KNN + Scaling @ 10x] Acc: 1.0000, F1: 1.0000, Time: 0.07s
      -> [RandomForest + Scaling @ 10x] Acc: 1.0000, F1: 1.0000, Time: 4.92s
      -> [LinearSVC + Scaling @ 10x] Acc: 0.9273, F1: 0.9232, Time: 0.64s
      -> [LogisticRegression + Scaling @ 10x] Acc: 1.0000, F1: 1.0000, Time: 0.26s
      -> [RNN + Scaling @ 10x] Acc: 0.8667, F1: 0.8167, Time: 1.11s
    [=== Generating 2x synthetic data with Magnitude_Warping ===]
      -> [KNN + Magnitude_Warping @ 2x] Acc: 1.0000, F1: 1.0000, Time: 0.02s
      -> [RandomForest + Magnitude_Warping @ 2x] Acc: 1.0000, F1: 1.0000, Time: 1.03s
      -> [LinearSVC + Magnitude_Warping @ 2x] Acc: 0.9367, F1: 0.9333, Time: 0.12s
      -> [LogisticRegression + Magnitude_Warping @ 2x] Acc: 1.0000, F1: 1.0000, Time: 0.13s
      -> [RNN + Magnitude_Warping @ 2x] Acc: 0.5333, F1: 0.4356, Time: 0.23s
    [=== Generating 3x synthetic data with Magnitude_Warping ===]
      -> [KNN + Magnitude_Warping @ 3x] Acc: 0.9993, F1: 0.9993, Time: 0.03s
      -> [RandomForest + Magnitude_Warping @ 3x] Acc: 0.9987, F1: 0.9987, Time: 1.76s
      -> [LinearSVC + Magnitude_Warping @ 3x] Acc: 0.9287, F1: 0.9252, Time: 0.18s
      -> [LogisticRegression + Magnitude_Warping @ 3x] Acc: 0.9980, F1: 0.9980, Time: 0.17s
      -> [RNN + Magnitude_Warping @ 3x] Acc: 0.4667, F1: 0.3481, Time: 0.35s
    [=== Generating 5x synthetic data with Magnitude_Warping ===]
      -> [KNN + Magnitude_Warping @ 5x] Acc: 0.9993, F1: 0.9993, Time: 0.04s
      -> [RandomForest + Magnitude_Warping @ 5x] Acc: 1.0000, F1: 1.0000, Time: 3.13s
      -> [LinearSVC + Magnitude_Warping @ 5x] Acc: 0.9413, F1: 0.9397, Time: 0.30s
      -> [LogisticRegression + Magnitude_Warping @ 5x] Acc: 1.0000, F1: 1.0000, Time: 0.23s
      -> [RNN + Magnitude_Warping @ 5x] Acc: 0.8000, F1: 0.7870, Time: 0.57s
    [=== Generating 10x synthetic data with Magnitude_Warping ===]
      -> [KNN + Magnitude_Warping @ 10x] Acc: 0.9973, F1: 0.9973, Time: 0.07s
      -> [RandomForest + Magnitude_Warping @ 10x] Acc: 1.0000, F1: 1.0000, Time: 7.69s
      -> [LinearSVC + Magnitude_Warping @ 10x] Acc: 0.9287, F1: 0.9263, Time: 0.62s
      -> [LogisticRegression + Magnitude_Warping @ 10x] Acc: 1.0000, F1: 1.0000, Time: 0.53s
      -> [RNN + Magnitude_Warping @ 10x] Acc: 0.8667, F1: 0.8167, Time: 1.14s
    [=== Generating 2x synthetic data with Time_Warping ===]
      -> [KNN + Time_Warping @ 2x] Acc: 1.0000, F1: 1.0000, Time: 0.03s
      -> [RandomForest + Time_Warping @ 2x] Acc: 1.0000, F1: 1.0000, Time: 0.87s
      -> [LinearSVC + Time_Warping @ 2x] Acc: 0.9247, F1: 0.9248, Time: 0.11s
      -> [LogisticRegression + Time_Warping @ 2x] Acc: 1.0000, F1: 1.0000, Time: 0.05s
      -> [RNN + Time_Warping @ 2x] Acc: 0.6000, F1: 0.4889, Time: 0.24s
    [=== Generating 3x synthetic data with Time_Warping ===]
      -> [KNN + Time_Warping @ 3x] Acc: 1.0000, F1: 1.0000, Time: 0.04s
      -> [RandomForest + Time_Warping @ 3x] Acc: 1.0000, F1: 1.0000, Time: 1.36s
      -> [LinearSVC + Time_Warping @ 3x] Acc: 0.9387, F1: 0.9384, Time: 0.15s
      -> [LogisticRegression + Time_Warping @ 3x] Acc: 1.0000, F1: 1.0000, Time: 0.06s
      -> [RNN + Time_Warping @ 3x] Acc: 0.8667, F1: 0.8167, Time: 0.35s
    [=== Generating 5x synthetic data with Time_Warping ===]
      -> [KNN + Time_Warping @ 5x] Acc: 1.0000, F1: 1.0000, Time: 0.05s
      -> [RandomForest + Time_Warping @ 5x] Acc: 1.0000, F1: 1.0000, Time: 2.34s
      -> [LinearSVC + Time_Warping @ 5x] Acc: 0.9260, F1: 0.9257, Time: 0.23s
      -> [LogisticRegression + Time_Warping @ 5x] Acc: 1.0000, F1: 1.0000, Time: 0.09s
      -> [RNN + Time_Warping @ 5x] Acc: 0.6667, F1: 0.5500, Time: 0.58s
    [=== Generating 10x synthetic data with Time_Warping ===]
      -> [KNN + Time_Warping @ 10x] Acc: 1.0000, F1: 1.0000, Time: 0.09s
      -> [RandomForest + Time_Warping @ 10x] Acc: 1.0000, F1: 1.0000, Time: 4.92s
      -> [LinearSVC + Time_Warping @ 10x] Acc: 0.9000, F1: 0.8988, Time: 0.44s
      -> [LogisticRegression + Time_Warping @ 10x] Acc: 1.0000, F1: 1.0000, Time: 0.13s
      -> [RNN + Time_Warping @ 10x] Acc: 0.9333, F1: 0.9270, Time: 1.09s
    [=== Generating 2x synthetic data with SMOTE ===]
      -> [KNN + SMOTE @ 2x] Acc: 1.0000, F1: 1.0000, Time: 0.02s
      -> [RandomForest + SMOTE @ 2x] Acc: 1.0000, F1: 1.0000, Time: 0.88s
      -> [LinearSVC + SMOTE @ 2x] Acc: 0.9347, F1: 0.9311, Time: 0.12s
      -> [LogisticRegression + SMOTE @ 2x] Acc: 1.0000, F1: 1.0000, Time: 0.05s
      -> [RNN + SMOTE @ 2x] Acc: 0.6667, F1: 0.5703, Time: 0.23s
    [=== Generating 3x synthetic data with SMOTE ===]
      -> [KNN + SMOTE @ 3x] Acc: 1.0000, F1: 1.0000, Time: 0.03s
      -> [RandomForest + SMOTE @ 3x] Acc: 1.0000, F1: 1.0000, Time: 1.33s
      -> [LinearSVC + SMOTE @ 3x] Acc: 0.9233, F1: 0.9175, Time: 0.19s
      -> [LogisticRegression + SMOTE @ 3x] Acc: 1.0000, F1: 1.0000, Time: 0.05s
      -> [RNN + SMOTE @ 3x] Acc: 0.5333, F1: 0.3980, Time: 0.34s
    [=== Generating 5x synthetic data with SMOTE ===]
      -> [KNN + SMOTE @ 5x] Acc: 1.0000, F1: 1.0000, Time: 0.04s
      -> [RandomForest + SMOTE @ 5x] Acc: 1.0000, F1: 1.0000, Time: 2.26s
      -> [LinearSVC + SMOTE @ 5x] Acc: 0.9193, F1: 0.9129, Time: 0.32s
      -> [LogisticRegression + SMOTE @ 5x] Acc: 1.0000, F1: 1.0000, Time: 0.09s
      -> [RNN + SMOTE @ 5x] Acc: 0.8000, F1: 0.7767, Time: 0.58s
    [=== Generating 10x synthetic data with SMOTE ===]
      -> [KNN + SMOTE @ 10x] Acc: 1.0000, F1: 1.0000, Time: 0.06s
      -> [RandomForest + SMOTE @ 10x] Acc: 1.0000, F1: 1.0000, Time: 4.70s
      -> [LinearSVC + SMOTE @ 10x] Acc: 0.9120, F1: 0.9036, Time: 0.66s
      -> [LogisticRegression + SMOTE @ 10x] Acc: 0.9993, F1: 0.9993, Time: 0.12s
      -> [RNN + SMOTE @ 10x] Acc: 0.8000, F1: 0.7481, Time: 1.14s
    [=== Generating 2x synthetic data with Mixup ===]
      -> [KNN + Mixup @ 2x] Acc: 1.0000, F1: 1.0000, Time: 0.02s
      -> [RandomForest + Mixup @ 2x] Acc: 1.0000, F1: 1.0000, Time: 0.78s
      -> [LinearSVC + Mixup @ 2x] Acc: 0.9267, F1: 0.9228, Time: 0.12s
      -> [LogisticRegression + Mixup @ 2x] Acc: 1.0000, F1: 1.0000, Time: 0.05s
      -> [RNN + Mixup @ 2x] Acc: 0.6000, F1: 0.5089, Time: 0.24s
    [=== Generating 3x synthetic data with Mixup ===]
      -> [KNN + Mixup @ 3x] Acc: 1.0000, F1: 1.0000, Time: 0.03s
      -> [RandomForest + Mixup @ 3x] Acc: 1.0000, F1: 1.0000, Time: 1.21s
      -> [LinearSVC + Mixup @ 3x] Acc: 0.9273, F1: 0.9225, Time: 0.18s
      -> [LogisticRegression + Mixup @ 3x] Acc: 1.0000, F1: 1.0000, Time: 0.06s
      -> [RNN + Mixup @ 3x] Acc: 0.8667, F1: 0.8167, Time: 0.37s
    [=== Generating 5x synthetic data with Mixup ===]
      -> [KNN + Mixup @ 5x] Acc: 1.0000, F1: 1.0000, Time: 0.04s
      -> [RandomForest + Mixup @ 5x] Acc: 1.0000, F1: 1.0000, Time: 2.00s
      -> [LinearSVC + Mixup @ 5x] Acc: 0.9340, F1: 0.9314, Time: 0.30s
      -> [LogisticRegression + Mixup @ 5x] Acc: 1.0000, F1: 1.0000, Time: 0.08s
      -> [RNN + Mixup @ 5x] Acc: 0.8667, F1: 0.8167, Time: 0.56s
    [=== Generating 10x synthetic data with Mixup ===]
      -> [KNN + Mixup @ 10x] Acc: 1.0000, F1: 1.0000, Time: 0.06s
      -> [RandomForest + Mixup @ 10x] Acc: 1.0000, F1: 1.0000, Time: 4.36s
      -> [LinearSVC + Mixup @ 10x] Acc: 0.9253, F1: 0.9196, Time: 0.64s
      -> [LogisticRegression + Mixup @ 10x] Acc: 0.9987, F1: 0.9987, Time: 0.12s
      -> [RNN + Mixup @ 10x] Acc: 0.7333, F1: 0.7029, Time: 1.13s
    [=== Generating 2x synthetic data with GMM ===]
      -> [KNN + GMM @ 2x] Acc: 1.0000, F1: 1.0000, Time: 0.02s
      -> [RandomForest + GMM @ 2x] Acc: 1.0000, F1: 1.0000, Time: 0.91s
      -> [LinearSVC + GMM @ 2x] Acc: 0.9320, F1: 0.9288, Time: 0.13s
      -> [LogisticRegression + GMM @ 2x] Acc: 1.0000, F1: 1.0000, Time: 0.04s
      -> [RNN + GMM @ 2x] Acc: 0.6667, F1: 0.6070, Time: 0.23s
    [=== Generating 3x synthetic data with GMM ===]
      -> [KNN + GMM @ 3x] Acc: 1.0000, F1: 1.0000, Time: 0.03s
      -> [RandomForest + GMM @ 3x] Acc: 1.0000, F1: 1.0000, Time: 1.49s
      -> [LinearSVC + GMM @ 3x] Acc: 0.9367, F1: 0.9343, Time: 0.21s
      -> [LogisticRegression + GMM @ 3x] Acc: 1.0000, F1: 1.0000, Time: 0.06s
      -> [RNN + GMM @ 3x] Acc: 0.6667, F1: 0.5651, Time: 0.35s
    [=== Generating 5x synthetic data with GMM ===]
      -> [KNN + GMM @ 5x] Acc: 1.0000, F1: 1.0000, Time: 0.04s
      -> [RandomForest + GMM @ 5x] Acc: 1.0000, F1: 1.0000, Time: 2.61s
      -> [LinearSVC + GMM @ 5x] Acc: 0.9333, F1: 0.9304, Time: 0.37s
      -> [LogisticRegression + GMM @ 5x] Acc: 1.0000, F1: 1.0000, Time: 0.10s
      -> [RNN + GMM @ 5x] Acc: 0.6667, F1: 0.5822, Time: 0.62s
    [=== Generating 10x synthetic data with GMM ===]
      -> [KNN + GMM @ 10x] Acc: 1.0000, F1: 1.0000, Time: 0.07s
      -> [RandomForest + GMM @ 10x] Acc: 1.0000, F1: 1.0000, Time: 5.55s
      -> [LinearSVC + GMM @ 10x] Acc: 0.9313, F1: 0.9280, Time: 0.79s
      -> [LogisticRegression + GMM @ 10x] Acc: 0.9993, F1: 0.9993, Time: 0.14s
      -> [RNN + GMM @ 10x] Acc: 0.8667, F1: 0.8114, Time: 1.22s
    [=== Generating 2x synthetic data with HMM_GMM ===]
      -> [KNN + HMM_GMM @ 2x] Acc: 1.0000, F1: 1.0000, Time: 0.02s
      -> [RandomForest + HMM_GMM @ 2x] Acc: 0.9993, F1: 0.9993, Time: 0.75s
      -> [LinearSVC + HMM_GMM @ 2x] Acc: 0.8860, F1: 0.8852, Time: 0.09s
      -> [LogisticRegression + HMM_GMM @ 2x] Acc: 1.0000, F1: 1.0000, Time: 0.05s
      -> [RNN + HMM_GMM @ 2x] Acc: 0.6667, F1: 0.5758, Time: 0.24s
    [=== Generating 3x synthetic data with HMM_GMM ===]
      -> [KNN + HMM_GMM @ 3x] Acc: 1.0000, F1: 1.0000, Time: 0.03s
      -> [RandomForest + HMM_GMM @ 3x] Acc: 0.9993, F1: 0.9993, Time: 0.89s
      -> [LinearSVC + HMM_GMM @ 3x] Acc: 0.8493, F1: 0.8463, Time: 0.13s
      -> [LogisticRegression + HMM_GMM @ 3x] Acc: 1.0000, F1: 1.0000, Time: 0.06s
      -> [RNN + HMM_GMM @ 3x] Acc: 0.5333, F1: 0.3980, Time: 0.35s
    [=== Generating 5x synthetic data with HMM_GMM ===]
      -> [KNN + HMM_GMM @ 5x] Acc: 1.0000, F1: 1.0000, Time: 0.04s
      -> [RandomForest + HMM_GMM @ 5x] Acc: 0.9993, F1: 0.9993, Time: 1.13s
      -> [LinearSVC + HMM_GMM @ 5x] Acc: 0.8147, F1: 0.8106, Time: 0.21s
      -> [LogisticRegression + HMM_GMM @ 5x] Acc: 1.0000, F1: 1.0000, Time: 0.10s
      -> [RNN + HMM_GMM @ 5x] Acc: 0.6667, F1: 0.5758, Time: 0.59s
    [=== Generating 10x synthetic data with HMM_GMM ===]
      -> [KNN + HMM_GMM @ 10x] Acc: 1.0000, F1: 1.0000, Time: 0.07s
      -> [RandomForest + HMM_GMM @ 10x] Acc: 0.9993, F1: 0.9993, Time: 1.68s
      -> [LinearSVC + HMM_GMM @ 10x] Acc: 0.7947, F1: 0.7896, Time: 0.42s
      -> [LogisticRegression + HMM_GMM @ 10x] Acc: 1.0000, F1: 1.0000, Time: 0.19s
      -> [RNN + HMM_GMM @ 10x] Acc: 0.6000, F1: 0.5046, Time: 1.19s

    >> Seed Fold Selection: 6/10
    Evaluating Model: KNN
      -> [Baseline] Acc: 1.0000, F1: 1.0000, Time: 0.07s
      HP Tuning KNN...
n_iterations: 3
n_required_iterations: 3
n_possible_iterations: 4
min_resources_: 60
max_resources_: 3000
aggressive_elimination: False
factor: 3
----------
iter: 0
n_candidates: 20
n_resources: 60
Fitting 5 folds for each of 20 candidates, totalling 100 fits
----------
iter: 1
n_candidates: 7
n_resources: 180
Fitting 5 folds for each of 7 candidates, totalling 35 fits
----------
iter: 2
n_candidates: 3
n_resources: 540
Fitting 5 folds for each of 3 candidates, totalling 15 fits
      -> [Tuned_Baseline] Acc: 1.0000, F1: 1.0000, Time: 0.07s
    Evaluating Model: RandomForest
      -> [Baseline] Acc: 0.9933, F1: 0.9933, Time: 0.41s
      HP Tuning RandomForest...
n_iterations: 3
n_required_iterations: 3
n_possible_iterations: 4
min_resources_: 60
max_resources_: 3000
aggressive_elimination: False
factor: 3
----------
iter: 0
n_candidates: 20
n_resources: 60
Fitting 5 folds for each of 20 candidates, totalling 100 fits
----------
iter: 1
n_candidates: 7
n_resources: 180
Fitting 5 folds for each of 7 candidates, totalling 35 fits
----------
iter: 2
n_candidates: 3
n_resources: 540
Fitting 5 folds for each of 3 candidates, totalling 15 fits
      -> [Tuned_Baseline] Acc: 0.9940, F1: 0.9940, Time: 0.01s
    Evaluating Model: LinearSVC
      -> [Baseline] Acc: 0.9453, F1: 0.9429, Time: 0.02s
      HP Tuning LinearSVC...
n_iterations: 3
n_required_iterations: 3
n_possible_iterations: 4
min_resources_: 60
max_resources_: 3000
aggressive_elimination: False
factor: 3
----------
iter: 0
n_candidates: 20
n_resources: 60
Fitting 5 folds for each of 20 candidates, totalling 100 fits
----------
iter: 1
n_candidates: 7
n_resources: 180
Fitting 5 folds for each of 7 candidates, totalling 35 fits
----------
iter: 2
n_candidates: 3
n_resources: 540
Fitting 5 folds for each of 3 candidates, totalling 15 fits
      -> [Tuned_Baseline] Acc: 0.9367, F1: 0.9330, Time: 0.00s
    Evaluating Model: LogisticRegression
      -> [Baseline] Acc: 1.0000, F1: 1.0000, Time: 0.05s
      HP Tuning LogisticRegression...
n_iterations: 3
n_required_iterations: 3
n_possible_iterations: 4
min_resources_: 60
max_resources_: 3000
aggressive_elimination: False
factor: 3
----------
iter: 0
n_candidates: 12
n_resources: 60
Fitting 5 folds for each of 12 candidates, totalling 60 fits
----------
iter: 1
n_candidates: 4
n_resources: 180
Fitting 5 folds for each of 4 candidates, totalling 20 fits
----------
iter: 2
n_candidates: 2
n_resources: 540
Fitting 5 folds for each of 2 candidates, totalling 10 fits
      -> [Tuned_Baseline] Acc: 1.0000, F1: 1.0000, Time: 0.00s
    Evaluating Model: RNN
      -> [Baseline] Acc: 0.5333, F1: 0.3980, Time: 0.12s
      -> [Tuned_Baseline] Acc: 0.5333, F1: 0.3980, Time: 0.00s
    [=== Generating 2x synthetic data with Jittering ===]
      -> [KNN + Jittering @ 2x] Acc: 1.0000, F1: 1.0000, Time: 0.08s
      -> [RandomForest + Jittering @ 2x] Acc: 0.9933, F1: 0.9933, Time: 0.48s
      -> [LinearSVC + Jittering @ 2x] Acc: 0.9367, F1: 0.9330, Time: 0.12s
      -> [LogisticRegression + Jittering @ 2x] Acc: 1.0000, F1: 1.0000, Time: 0.09s
      -> [RNN + Jittering @ 2x] Acc: 0.7333, F1: 0.6889, Time: 0.23s
    [=== Generating 3x synthetic data with Jittering ===]
      -> [KNN + Jittering @ 3x] Acc: 1.0000, F1: 1.0000, Time: 0.08s
      -> [RandomForest + Jittering @ 3x] Acc: 0.9967, F1: 0.9967, Time: 0.76s
      -> [LinearSVC + Jittering @ 3x] Acc: 0.9367, F1: 0.9330, Time: 0.20s
      -> [LogisticRegression + Jittering @ 3x] Acc: 1.0000, F1: 1.0000, Time: 0.11s
      -> [RNN + Jittering @ 3x] Acc: 0.7333, F1: 0.6389, Time: 0.35s
    [=== Generating 5x synthetic data with Jittering ===]
      -> [KNN + Jittering @ 5x] Acc: 1.0000, F1: 1.0000, Time: 0.09s
      -> [RandomForest + Jittering @ 5x] Acc: 1.0000, F1: 1.0000, Time: 1.33s
      -> [LinearSVC + Jittering @ 5x] Acc: 0.9367, F1: 0.9330, Time: 0.35s
      -> [LogisticRegression + Jittering @ 5x] Acc: 1.0000, F1: 1.0000, Time: 0.15s
      -> [RNN + Jittering @ 5x] Acc: 0.8667, F1: 0.8167, Time: 0.56s
    [=== Generating 10x synthetic data with Jittering ===]
      -> [KNN + Jittering @ 10x] Acc: 1.0000, F1: 1.0000, Time: 0.12s
      -> [RandomForest + Jittering @ 10x] Acc: 0.9993, F1: 0.9993, Time: 2.86s
      -> [LinearSVC + Jittering @ 10x] Acc: 0.9367, F1: 0.9330, Time: 0.73s
      -> [LogisticRegression + Jittering @ 10x] Acc: 1.0000, F1: 1.0000, Time: 0.29s
      -> [RNN + Jittering @ 10x] Acc: 0.8667, F1: 0.8167, Time: 1.17s
    [=== Generating 2x synthetic data with Scaling ===]
      -> [KNN + Scaling @ 2x] Acc: 1.0000, F1: 1.0000, Time: 0.08s
      -> [RandomForest + Scaling @ 2x] Acc: 0.9940, F1: 0.9940, Time: 0.46s
      -> [LinearSVC + Scaling @ 2x] Acc: 0.9520, F1: 0.9502, Time: 0.12s
      -> [LogisticRegression + Scaling @ 2x] Acc: 1.0000, F1: 1.0000, Time: 0.09s
      -> [RNN + Scaling @ 2x] Acc: 0.7333, F1: 0.6389, Time: 0.24s
    [=== Generating 3x synthetic data with Scaling ===]
      -> [KNN + Scaling @ 3x] Acc: 1.0000, F1: 1.0000, Time: 0.08s
      -> [RandomForest + Scaling @ 3x] Acc: 0.9953, F1: 0.9953, Time: 0.71s
      -> [LinearSVC + Scaling @ 3x] Acc: 0.9400, F1: 0.9372, Time: 0.18s
      -> [LogisticRegression + Scaling @ 3x] Acc: 1.0000, F1: 1.0000, Time: 0.11s
      -> [RNN + Scaling @ 3x] Acc: 0.8000, F1: 0.7600, Time: 0.34s
    [=== Generating 5x synthetic data with Scaling ===]
      -> [KNN + Scaling @ 5x] Acc: 1.0000, F1: 1.0000, Time: 0.09s
      -> [RandomForest + Scaling @ 5x] Acc: 1.0000, F1: 1.0000, Time: 1.17s
      -> [LinearSVC + Scaling @ 5x] Acc: 0.9380, F1: 0.9344, Time: 0.31s
      -> [LogisticRegression + Scaling @ 5x] Acc: 1.0000, F1: 1.0000, Time: 0.20s
      -> [RNN + Scaling @ 5x] Acc: 0.9333, F1: 0.9289, Time: 0.60s
    [=== Generating 10x synthetic data with Scaling ===]
      -> [KNN + Scaling @ 10x] Acc: 1.0000, F1: 1.0000, Time: 0.12s
      -> [RandomForest + Scaling @ 10x] Acc: 1.0000, F1: 1.0000, Time: 2.57s
      -> [LinearSVC + Scaling @ 10x] Acc: 0.9373, F1: 0.9338, Time: 0.65s
      -> [LogisticRegression + Scaling @ 10x] Acc: 1.0000, F1: 1.0000, Time: 0.34s
      -> [RNN + Scaling @ 10x] Acc: 0.9333, F1: 0.9270, Time: 1.11s
    [=== Generating 2x synthetic data with Magnitude_Warping ===]
      -> [KNN + Magnitude_Warping @ 2x] Acc: 0.9980, F1: 0.9980, Time: 0.07s
      -> [RandomForest + Magnitude_Warping @ 2x] Acc: 0.9993, F1: 0.9993, Time: 0.52s
      -> [LinearSVC + Magnitude_Warping @ 2x] Acc: 0.9227, F1: 0.9148, Time: 0.12s
      -> [LogisticRegression + Magnitude_Warping @ 2x] Acc: 0.9947, F1: 0.9946, Time: 0.12s
      -> [RNN + Magnitude_Warping @ 2x] Acc: 0.6667, F1: 0.5822, Time: 0.23s
    [=== Generating 3x synthetic data with Magnitude_Warping ===]
      -> [KNN + Magnitude_Warping @ 3x] Acc: 1.0000, F1: 1.0000, Time: 0.08s
      -> [RandomForest + Magnitude_Warping @ 3x] Acc: 1.0000, F1: 1.0000, Time: 0.89s
      -> [LinearSVC + Magnitude_Warping @ 3x] Acc: 0.9280, F1: 0.9219, Time: 0.18s
      -> [LogisticRegression + Magnitude_Warping @ 3x] Acc: 0.9993, F1: 0.9993, Time: 0.16s
      -> [RNN + Magnitude_Warping @ 3x] Acc: 0.8667, F1: 0.8167, Time: 0.33s
    [=== Generating 5x synthetic data with Magnitude_Warping ===]
      -> [KNN + Magnitude_Warping @ 5x] Acc: 0.9993, F1: 0.9993, Time: 0.09s
      -> [RandomForest + Magnitude_Warping @ 5x] Acc: 0.9993, F1: 0.9993, Time: 1.65s
      -> [LinearSVC + Magnitude_Warping @ 5x] Acc: 0.9327, F1: 0.9281, Time: 0.30s
      -> [LogisticRegression + Magnitude_Warping @ 5x] Acc: 1.0000, F1: 1.0000, Time: 0.25s
      -> [RNN + Magnitude_Warping @ 5x] Acc: 0.9333, F1: 0.9314, Time: 0.59s
    [=== Generating 10x synthetic data with Magnitude_Warping ===]
      -> [KNN + Magnitude_Warping @ 10x] Acc: 0.9980, F1: 0.9980, Time: 0.12s
      -> [RandomForest + Magnitude_Warping @ 10x] Acc: 0.9993, F1: 0.9993, Time: 3.93s
      -> [LinearSVC + Magnitude_Warping @ 10x] Acc: 0.9313, F1: 0.9263, Time: 0.61s
      -> [LogisticRegression + Magnitude_Warping @ 10x] Acc: 1.0000, F1: 1.0000, Time: 0.54s
      -> [RNN + Magnitude_Warping @ 10x] Acc: 0.8667, F1: 0.8167, Time: 1.21s
    [=== Generating 2x synthetic data with Time_Warping ===]
      -> [KNN + Time_Warping @ 2x] Acc: 1.0000, F1: 1.0000, Time: 0.08s
      -> [RandomForest + Time_Warping @ 2x] Acc: 0.9953, F1: 0.9953, Time: 0.46s
      -> [LinearSVC + Time_Warping @ 2x] Acc: 0.9213, F1: 0.9211, Time: 0.10s
      -> [LogisticRegression + Time_Warping @ 2x] Acc: 1.0000, F1: 1.0000, Time: 0.08s
      -> [RNN + Time_Warping @ 2x] Acc: 0.6667, F1: 0.5500, Time: 0.23s
    [=== Generating 3x synthetic data with Time_Warping ===]
      -> [KNN + Time_Warping @ 3x] Acc: 1.0000, F1: 1.0000, Time: 0.08s
      -> [RandomForest + Time_Warping @ 3x] Acc: 0.9920, F1: 0.9920, Time: 0.68s
      -> [LinearSVC + Time_Warping @ 3x] Acc: 0.9153, F1: 0.9155, Time: 0.15s
      -> [LogisticRegression + Time_Warping @ 3x] Acc: 1.0000, F1: 1.0000, Time: 0.11s
      -> [RNN + Time_Warping @ 3x] Acc: 0.7333, F1: 0.6667, Time: 0.39s
    [=== Generating 5x synthetic data with Time_Warping ===]
      -> [KNN + Time_Warping @ 5x] Acc: 1.0000, F1: 1.0000, Time: 0.10s
      -> [RandomForest + Time_Warping @ 5x] Acc: 0.9920, F1: 0.9920, Time: 1.18s
      -> [LinearSVC + Time_Warping @ 5x] Acc: 0.9147, F1: 0.9145, Time: 0.23s
      -> [LogisticRegression + Time_Warping @ 5x] Acc: 1.0000, F1: 1.0000, Time: 0.12s
      -> [RNN + Time_Warping @ 5x] Acc: 0.8667, F1: 0.8584, Time: 0.62s
    [=== Generating 10x synthetic data with Time_Warping ===]
      -> [KNN + Time_Warping @ 10x] Acc: 1.0000, F1: 1.0000, Time: 0.13s
      -> [RandomForest + Time_Warping @ 10x] Acc: 0.9927, F1: 0.9927, Time: 2.44s
      -> [LinearSVC + Time_Warping @ 10x] Acc: 0.8967, F1: 0.8968, Time: 0.45s
      -> [LogisticRegression + Time_Warping @ 10x] Acc: 1.0000, F1: 1.0000, Time: 0.22s
      -> [RNN + Time_Warping @ 10x] Acc: 0.9333, F1: 0.9270, Time: 1.14s
    [=== Generating 2x synthetic data with SMOTE ===]
      -> [KNN + SMOTE @ 2x] Acc: 1.0000, F1: 1.0000, Time: 0.08s
      -> [RandomForest + SMOTE @ 2x] Acc: 0.9933, F1: 0.9933, Time: 0.44s
      -> [LinearSVC + SMOTE @ 2x] Acc: 0.9227, F1: 0.9159, Time: 0.12s
      -> [LogisticRegression + SMOTE @ 2x] Acc: 1.0000, F1: 1.0000, Time: 0.09s
      -> [RNN + SMOTE @ 2x] Acc: 0.5333, F1: 0.3803, Time: 0.24s
    [=== Generating 3x synthetic data with SMOTE ===]
      -> [KNN + SMOTE @ 3x] Acc: 1.0000, F1: 1.0000, Time: 0.08s
      -> [RandomForest + SMOTE @ 3x] Acc: 0.9927, F1: 0.9927, Time: 0.68s
      -> [LinearSVC + SMOTE @ 3x] Acc: 0.9393, F1: 0.9365, Time: 0.18s
      -> [LogisticRegression + SMOTE @ 3x] Acc: 1.0000, F1: 1.0000, Time: 0.12s
      -> [RNN + SMOTE @ 3x] Acc: 0.6667, F1: 0.5822, Time: 0.35s
    [=== Generating 5x synthetic data with SMOTE ===]
      -> [KNN + SMOTE @ 5x] Acc: 1.0000, F1: 1.0000, Time: 0.09s
      -> [RandomForest + SMOTE @ 5x] Acc: 1.0000, F1: 1.0000, Time: 1.15s
      -> [LinearSVC + SMOTE @ 5x] Acc: 0.9253, F1: 0.9198, Time: 0.31s
      -> [LogisticRegression + SMOTE @ 5x] Acc: 1.0000, F1: 1.0000, Time: 0.14s
      -> [RNN + SMOTE @ 5x] Acc: 0.4667, F1: 0.3367, Time: 0.56s
    [=== Generating 10x synthetic data with SMOTE ===]
      -> [KNN + SMOTE @ 10x] Acc: 1.0000, F1: 1.0000, Time: 0.11s
      -> [RandomForest + SMOTE @ 10x] Acc: 0.9933, F1: 0.9933, Time: 2.38s
      -> [LinearSVC + SMOTE @ 10x] Acc: 0.9253, F1: 0.9195, Time: 0.63s
      -> [LogisticRegression + SMOTE @ 10x] Acc: 1.0000, F1: 1.0000, Time: 0.24s
      -> [RNN + SMOTE @ 10x] Acc: 0.9333, F1: 0.9270, Time: 1.17s
    [=== Generating 2x synthetic data with Mixup ===]
      -> [KNN + Mixup @ 2x] Acc: 1.0000, F1: 1.0000, Time: 0.08s
      -> [RandomForest + Mixup @ 2x] Acc: 0.9927, F1: 0.9927, Time: 0.40s
      -> [LinearSVC + Mixup @ 2x] Acc: 0.9400, F1: 0.9365, Time: 0.12s
      -> [LogisticRegression + Mixup @ 2x] Acc: 1.0000, F1: 1.0000, Time: 0.09s
      -> [RNN + Mixup @ 2x] Acc: 0.5333, F1: 0.4333, Time: 0.23s
    [=== Generating 3x synthetic data with Mixup ===]
      -> [KNN + Mixup @ 3x] Acc: 1.0000, F1: 1.0000, Time: 0.08s
      -> [RandomForest + Mixup @ 3x] Acc: 0.9927, F1: 0.9927, Time: 0.61s
      -> [LinearSVC + Mixup @ 3x] Acc: 0.9340, F1: 0.9299, Time: 0.18s
      -> [LogisticRegression + Mixup @ 3x] Acc: 1.0000, F1: 1.0000, Time: 0.13s
      -> [RNN + Mixup @ 3x] Acc: 0.6000, F1: 0.4833, Time: 0.34s
    [=== Generating 5x synthetic data with Mixup ===]
      -> [KNN + Mixup @ 5x] Acc: 1.0000, F1: 1.0000, Time: 0.09s
      -> [RandomForest + Mixup @ 5x] Acc: 0.9933, F1: 0.9933, Time: 0.99s
      -> [LinearSVC + Mixup @ 5x] Acc: 0.9360, F1: 0.9322, Time: 0.30s
      -> [LogisticRegression + Mixup @ 5x] Acc: 1.0000, F1: 1.0000, Time: 0.14s
      -> [RNN + Mixup @ 5x] Acc: 0.8000, F1: 0.7429, Time: 0.61s
    [=== Generating 10x synthetic data with Mixup ===]
      -> [KNN + Mixup @ 10x] Acc: 1.0000, F1: 1.0000, Time: 0.11s
      -> [RandomForest + Mixup @ 10x] Acc: 0.9933, F1: 0.9933, Time: 2.01s
      -> [LinearSVC + Mixup @ 10x] Acc: 0.9327, F1: 0.9282, Time: 0.61s
      -> [LogisticRegression + Mixup @ 10x] Acc: 1.0000, F1: 1.0000, Time: 0.21s
      -> [RNN + Mixup @ 10x] Acc: 0.9333, F1: 0.9270, Time: 1.16s
    [=== Generating 2x synthetic data with GMM ===]
      -> [KNN + GMM @ 2x] Acc: 1.0000, F1: 1.0000, Time: 0.08s
      -> [RandomForest + GMM @ 2x] Acc: 0.9933, F1: 0.9933, Time: 0.48s
      -> [LinearSVC + GMM @ 2x] Acc: 0.9373, F1: 0.9337, Time: 0.13s
      -> [LogisticRegression + GMM @ 2x] Acc: 1.0000, F1: 1.0000, Time: 0.08s
      -> [RNN + GMM @ 2x] Acc: 0.6667, F1: 0.5822, Time: 0.25s
    [=== Generating 3x synthetic data with GMM ===]
      -> [KNN + GMM @ 3x] Acc: 1.0000, F1: 1.0000, Time: 0.08s
      -> [RandomForest + GMM @ 3x] Acc: 0.9940, F1: 0.9940, Time: 0.79s
      -> [LinearSVC + GMM @ 3x] Acc: 0.9287, F1: 0.9239, Time: 0.20s
      -> [LogisticRegression + GMM @ 3x] Acc: 1.0000, F1: 1.0000, Time: 0.10s
      -> [RNN + GMM @ 3x] Acc: 0.7333, F1: 0.6867, Time: 0.35s
    [=== Generating 5x synthetic data with GMM ===]
      -> [KNN + GMM @ 5x] Acc: 1.0000, F1: 1.0000, Time: 0.09s
      -> [RandomForest + GMM @ 5x] Acc: 1.0000, F1: 1.0000, Time: 1.34s
      -> [LinearSVC + GMM @ 5x] Acc: 0.9320, F1: 0.9275, Time: 0.36s
      -> [LogisticRegression + GMM @ 5x] Acc: 1.0000, F1: 1.0000, Time: 0.16s
      -> [RNN + GMM @ 5x] Acc: 0.6667, F1: 0.5500, Time: 0.56s
    [=== Generating 10x synthetic data with GMM ===]
      -> [KNN + GMM @ 10x] Acc: 1.0000, F1: 1.0000, Time: 0.12s
      -> [RandomForest + GMM @ 10x] Acc: 1.0000, F1: 1.0000, Time: 2.86s
      -> [LinearSVC + GMM @ 10x] Acc: 0.9360, F1: 0.9321, Time: 0.77s
      -> [LogisticRegression + GMM @ 10x] Acc: 1.0000, F1: 1.0000, Time: 0.22s
      -> [RNN + GMM @ 10x] Acc: 1.0000, F1: 1.0000, Time: 1.16s
    [=== Generating 2x synthetic data with HMM_GMM ===]
      -> [KNN + HMM_GMM @ 2x] Acc: 1.0000, F1: 1.0000, Time: 0.08s
      -> [RandomForest + HMM_GMM @ 2x] Acc: 0.9920, F1: 0.9920, Time: 0.38s
      -> [LinearSVC + HMM_GMM @ 2x] Acc: 0.8840, F1: 0.8842, Time: 0.09s
      -> [LogisticRegression + HMM_GMM @ 2x] Acc: 1.0000, F1: 1.0000, Time: 0.08s
      -> [RNN + HMM_GMM @ 2x] Acc: 0.3333, F1: 0.1746, Time: 0.24s
    [=== Generating 3x synthetic data with HMM_GMM ===]
      -> [KNN + HMM_GMM @ 3x] Acc: 1.0000, F1: 1.0000, Time: 0.08s
      -> [RandomForest + HMM_GMM @ 3x] Acc: 0.9953, F1: 0.9953, Time: 0.45s
      -> [LinearSVC + HMM_GMM @ 3x] Acc: 0.8567, F1: 0.8558, Time: 0.13s
      -> [LogisticRegression + HMM_GMM @ 3x] Acc: 1.0000, F1: 1.0000, Time: 0.09s
      -> [RNN + HMM_GMM @ 3x] Acc: 0.4000, F1: 0.2291, Time: 0.34s
    [=== Generating 5x synthetic data with HMM_GMM ===]
      -> [KNN + HMM_GMM @ 5x] Acc: 1.0000, F1: 1.0000, Time: 0.09s
      -> [RandomForest + HMM_GMM @ 5x] Acc: 0.9993, F1: 0.9993, Time: 0.55s
      -> [LinearSVC + HMM_GMM @ 5x] Acc: 0.8153, F1: 0.8130, Time: 0.21s
      -> [LogisticRegression + HMM_GMM @ 5x] Acc: 1.0000, F1: 1.0000, Time: 0.14s
      -> [RNN + HMM_GMM @ 5x] Acc: 0.3333, F1: 0.2133, Time: 0.56s
    [=== Generating 10x synthetic data with HMM_GMM ===]
      -> [KNN + HMM_GMM @ 10x] Acc: 1.0000, F1: 1.0000, Time: 0.11s
      -> [RandomForest + HMM_GMM @ 10x] Acc: 0.9993, F1: 0.9993, Time: 0.85s
      -> [LinearSVC + HMM_GMM @ 10x] Acc: 0.7973, F1: 0.7937, Time: 0.42s
      -> [LogisticRegression + HMM_GMM @ 10x] Acc: 1.0000, F1: 1.0000, Time: 0.24s
      -> [RNN + HMM_GMM @ 10x] Acc: 0.6667, F1: 0.6044, Time: 1.29s

    >> Seed Fold Selection: 7/10
    Evaluating Model: KNN
      -> [Baseline] Acc: 1.0000, F1: 1.0000, Time: 0.07s
      HP Tuning KNN...
n_iterations: 3
n_required_iterations: 3
n_possible_iterations: 4
min_resources_: 60
max_resources_: 3000
aggressive_elimination: False
factor: 3
----------
iter: 0
n_candidates: 20
n_resources: 60
Fitting 5 folds for each of 20 candidates, totalling 100 fits
----------
iter: 1
n_candidates: 7
n_resources: 180
Fitting 5 folds for each of 7 candidates, totalling 35 fits
----------
iter: 2
n_candidates: 3
n_resources: 540
Fitting 5 folds for each of 3 candidates, totalling 15 fits
      -> [Tuned_Baseline] Acc: 1.0000, F1: 1.0000, Time: 0.07s
    Evaluating Model: RandomForest
      -> [Baseline] Acc: 0.9993, F1: 0.9993, Time: 0.43s
      HP Tuning RandomForest...
n_iterations: 3
n_required_iterations: 3
n_possible_iterations: 4
min_resources_: 60
max_resources_: 3000
aggressive_elimination: False
factor: 3
----------
iter: 0
n_candidates: 20
n_resources: 60
Fitting 5 folds for each of 20 candidates, totalling 100 fits
----------
iter: 1
n_candidates: 7
n_resources: 180
Fitting 5 folds for each of 7 candidates, totalling 35 fits
----------
iter: 2
n_candidates: 3
n_resources: 540
Fitting 5 folds for each of 3 candidates, totalling 15 fits
      -> [Tuned_Baseline] Acc: 0.9993, F1: 0.9993, Time: 0.01s
    Evaluating Model: LinearSVC
      -> [Baseline] Acc: 0.9327, F1: 0.9294, Time: 0.02s
      HP Tuning LinearSVC...
n_iterations: 3
n_required_iterations: 3
n_possible_iterations: 4
min_resources_: 60
max_resources_: 3000
aggressive_elimination: False
factor: 3
----------
iter: 0
n_candidates: 20
n_resources: 60
Fitting 5 folds for each of 20 candidates, totalling 100 fits
----------
iter: 1
n_candidates: 7
n_resources: 180
Fitting 5 folds for each of 7 candidates, totalling 35 fits
----------
iter: 2
n_candidates: 3
n_resources: 540
Fitting 5 folds for each of 3 candidates, totalling 15 fits
      -> [Tuned_Baseline] Acc: 0.9307, F1: 0.9264, Time: 0.00s
    Evaluating Model: LogisticRegression
      -> [Baseline] Acc: 1.0000, F1: 1.0000, Time: 0.05s
      HP Tuning LogisticRegression...
n_iterations: 3
n_required_iterations: 3
n_possible_iterations: 4
min_resources_: 60
max_resources_: 3000
aggressive_elimination: False
factor: 3
----------
iter: 0
n_candidates: 12
n_resources: 60
Fitting 5 folds for each of 12 candidates, totalling 60 fits
----------
iter: 1
n_candidates: 4
n_resources: 180
Fitting 5 folds for each of 4 candidates, totalling 20 fits
----------
iter: 2
n_candidates: 2
n_resources: 540
Fitting 5 folds for each of 2 candidates, totalling 10 fits
      -> [Tuned_Baseline] Acc: 1.0000, F1: 1.0000, Time: 0.00s
    Evaluating Model: RNN
      -> [Baseline] Acc: 0.5333, F1: 0.3872, Time: 0.12s
      -> [Tuned_Baseline] Acc: 0.5333, F1: 0.3872, Time: 0.00s
    [=== Generating 2x synthetic data with Jittering ===]
      -> [KNN + Jittering @ 2x] Acc: 0.9993, F1: 0.9993, Time: 0.08s
      -> [RandomForest + Jittering @ 2x] Acc: 0.9980, F1: 0.9980, Time: 0.93s
      -> [LinearSVC + Jittering @ 2x] Acc: 0.9307, F1: 0.9264, Time: 0.12s
      -> [LogisticRegression + Jittering @ 2x] Acc: 1.0000, F1: 1.0000, Time: 0.04s
      -> [RNN + Jittering @ 2x] Acc: 0.7333, F1: 0.6800, Time: 0.23s
    [=== Generating 3x synthetic data with Jittering ===]
      -> [KNN + Jittering @ 3x] Acc: 1.0000, F1: 1.0000, Time: 0.08s
      -> [RandomForest + Jittering @ 3x] Acc: 0.9947, F1: 0.9947, Time: 1.48s
      -> [LinearSVC + Jittering @ 3x] Acc: 0.9300, F1: 0.9257, Time: 0.20s
      -> [LogisticRegression + Jittering @ 3x] Acc: 1.0000, F1: 1.0000, Time: 0.06s
      -> [RNN + Jittering @ 3x] Acc: 0.7333, F1: 0.6389, Time: 0.35s
    [=== Generating 5x synthetic data with Jittering ===]
      -> [KNN + Jittering @ 5x] Acc: 0.9980, F1: 0.9980, Time: 0.09s
      -> [RandomForest + Jittering @ 5x] Acc: 1.0000, F1: 1.0000, Time: 2.63s
      -> [LinearSVC + Jittering @ 5x] Acc: 0.9300, F1: 0.9257, Time: 0.35s
      -> [LogisticRegression + Jittering @ 5x] Acc: 1.0000, F1: 1.0000, Time: 0.08s
      -> [RNN + Jittering @ 5x] Acc: 0.8667, F1: 0.8448, Time: 0.57s
    [=== Generating 10x synthetic data with Jittering ===]
      -> [KNN + Jittering @ 10x] Acc: 1.0000, F1: 1.0000, Time: 0.12s
      -> [RandomForest + Jittering @ 10x] Acc: 1.0000, F1: 1.0000, Time: 5.66s
      -> [LinearSVC + Jittering @ 10x] Acc: 0.9300, F1: 0.9257, Time: 0.74s
      -> [LogisticRegression + Jittering @ 10x] Acc: 0.9987, F1: 0.9987, Time: 0.12s
      -> [RNN + Jittering @ 10x] Acc: 0.8667, F1: 0.8448, Time: 1.20s
    [=== Generating 2x synthetic data with Scaling ===]
      -> [KNN + Scaling @ 2x] Acc: 1.0000, F1: 1.0000, Time: 0.08s
      -> [RandomForest + Scaling @ 2x] Acc: 1.0000, F1: 1.0000, Time: 0.87s
      -> [LinearSVC + Scaling @ 2x] Acc: 0.9267, F1: 0.9213, Time: 0.12s
      -> [LogisticRegression + Scaling @ 2x] Acc: 1.0000, F1: 1.0000, Time: 0.06s
      -> [RNN + Scaling @ 2x] Acc: 0.4667, F1: 0.3453, Time: 0.24s
    [=== Generating 3x synthetic data with Scaling ===]
      -> [KNN + Scaling @ 3x] Acc: 0.9933, F1: 0.9934, Time: 0.08s
      -> [RandomForest + Scaling @ 3x] Acc: 1.0000, F1: 1.0000, Time: 1.36s
      -> [LinearSVC + Scaling @ 3x] Acc: 0.9340, F1: 0.9295, Time: 0.18s
      -> [LogisticRegression + Scaling @ 3x] Acc: 1.0000, F1: 1.0000, Time: 0.10s
      -> [RNN + Scaling @ 3x] Acc: 0.5333, F1: 0.3980, Time: 0.36s
    [=== Generating 5x synthetic data with Scaling ===]
      -> [KNN + Scaling @ 5x] Acc: 0.9953, F1: 0.9953, Time: 0.09s
      -> [RandomForest + Scaling @ 5x] Acc: 1.0000, F1: 1.0000, Time: 2.39s
      -> [LinearSVC + Scaling @ 5x] Acc: 0.9327, F1: 0.9283, Time: 0.30s
      -> [LogisticRegression + Scaling @ 5x] Acc: 1.0000, F1: 1.0000, Time: 0.17s
      -> [RNN + Scaling @ 5x] Acc: 0.8667, F1: 0.8656, Time: 0.58s
    [=== Generating 10x synthetic data with Scaling ===]
      -> [KNN + Scaling @ 10x] Acc: 1.0000, F1: 1.0000, Time: 0.12s
      -> [RandomForest + Scaling @ 10x] Acc: 1.0000, F1: 1.0000, Time: 4.98s
      -> [LinearSVC + Scaling @ 10x] Acc: 0.9327, F1: 0.9285, Time: 0.62s
      -> [LogisticRegression + Scaling @ 10x] Acc: 1.0000, F1: 1.0000, Time: 0.24s
      -> [RNN + Scaling @ 10x] Acc: 0.8667, F1: 0.8167, Time: 1.19s
    [=== Generating 2x synthetic data with Magnitude_Warping ===]
      -> [KNN + Magnitude_Warping @ 2x] Acc: 0.9887, F1: 0.9887, Time: 0.08s
      -> [RandomForest + Magnitude_Warping @ 2x] Acc: 0.9920, F1: 0.9920, Time: 1.06s
      -> [LinearSVC + Magnitude_Warping @ 2x] Acc: 0.9227, F1: 0.9162, Time: 0.12s
      -> [LogisticRegression + Magnitude_Warping @ 2x] Acc: 0.9967, F1: 0.9967, Time: 0.11s
      -> [RNN + Magnitude_Warping @ 2x] Acc: 0.6000, F1: 0.4937, Time: 0.24s
    [=== Generating 3x synthetic data with Magnitude_Warping ===]
      -> [KNN + Magnitude_Warping @ 3x] Acc: 0.9973, F1: 0.9973, Time: 0.08s
      -> [RandomForest + Magnitude_Warping @ 3x] Acc: 0.9973, F1: 0.9973, Time: 1.79s
      -> [LinearSVC + Magnitude_Warping @ 3x] Acc: 0.9200, F1: 0.9135, Time: 0.18s
      -> [LogisticRegression + Magnitude_Warping @ 3x] Acc: 1.0000, F1: 1.0000, Time: 0.16s
      -> [RNN + Magnitude_Warping @ 3x] Acc: 0.5333, F1: 0.3980, Time: 0.35s
    [=== Generating 5x synthetic data with Magnitude_Warping ===]
      -> [KNN + Magnitude_Warping @ 5x] Acc: 0.9953, F1: 0.9953, Time: 0.09s
      -> [RandomForest + Magnitude_Warping @ 5x] Acc: 1.0000, F1: 1.0000, Time: 3.16s
      -> [LinearSVC + Magnitude_Warping @ 5x] Acc: 0.9313, F1: 0.9264, Time: 0.30s
      -> [LogisticRegression + Magnitude_Warping @ 5x] Acc: 1.0000, F1: 1.0000, Time: 0.22s
      -> [RNN + Magnitude_Warping @ 5x] Acc: 0.9333, F1: 0.9270, Time: 0.55s
    [=== Generating 10x synthetic data with Magnitude_Warping ===]
      -> [KNN + Magnitude_Warping @ 10x] Acc: 0.9967, F1: 0.9967, Time: 0.12s
      -> [RandomForest + Magnitude_Warping @ 10x] Acc: 0.9993, F1: 0.9993, Time: 7.96s
      -> [LinearSVC + Magnitude_Warping @ 10x] Acc: 0.9233, F1: 0.9186, Time: 0.63s
      -> [LogisticRegression + Magnitude_Warping @ 10x] Acc: 1.0000, F1: 1.0000, Time: 0.53s
      -> [RNN + Magnitude_Warping @ 10x] Acc: 0.9333, F1: 0.9333, Time: 1.20s
    [=== Generating 2x synthetic data with Time_Warping ===]
      -> [KNN + Time_Warping @ 2x] Acc: 1.0000, F1: 1.0000, Time: 0.08s
      -> [RandomForest + Time_Warping @ 2x] Acc: 1.0000, F1: 1.0000, Time: 0.86s
      -> [LinearSVC + Time_Warping @ 2x] Acc: 0.9300, F1: 0.9299, Time: 0.10s
      -> [LogisticRegression + Time_Warping @ 2x] Acc: 1.0000, F1: 1.0000, Time: 0.06s
      -> [RNN + Time_Warping @ 2x] Acc: 0.7333, F1: 0.6389, Time: 0.23s
    [=== Generating 3x synthetic data with Time_Warping ===]
      -> [KNN + Time_Warping @ 3x] Acc: 1.0000, F1: 1.0000, Time: 0.09s
      -> [RandomForest + Time_Warping @ 3x] Acc: 1.0000, F1: 1.0000, Time: 1.35s
      -> [LinearSVC + Time_Warping @ 3x] Acc: 0.9193, F1: 0.9186, Time: 0.15s
      -> [LogisticRegression + Time_Warping @ 3x] Acc: 1.0000, F1: 1.0000, Time: 0.06s
      -> [RNN + Time_Warping @ 3x] Acc: 0.6000, F1: 0.4889, Time: 0.33s
    [=== Generating 5x synthetic data with Time_Warping ===]
      -> [KNN + Time_Warping @ 5x] Acc: 1.0000, F1: 1.0000, Time: 0.10s
      -> [RandomForest + Time_Warping @ 5x] Acc: 0.9987, F1: 0.9987, Time: 2.29s
      -> [LinearSVC + Time_Warping @ 5x] Acc: 0.9173, F1: 0.9168, Time: 0.21s
      -> [LogisticRegression + Time_Warping @ 5x] Acc: 1.0000, F1: 1.0000, Time: 0.10s
      -> [RNN + Time_Warping @ 5x] Acc: 0.8667, F1: 0.8167, Time: 0.57s
    [=== Generating 10x synthetic data with Time_Warping ===]
      -> [KNN + Time_Warping @ 10x] Acc: 1.0000, F1: 1.0000, Time: 0.13s
      -> [RandomForest + Time_Warping @ 10x] Acc: 0.9947, F1: 0.9947, Time: 4.99s
      -> [LinearSVC + Time_Warping @ 10x] Acc: 0.9247, F1: 0.9244, Time: 0.45s
      -> [LogisticRegression + Time_Warping @ 10x] Acc: 1.0000, F1: 1.0000, Time: 0.15s
      -> [RNN + Time_Warping @ 10x] Acc: 0.8667, F1: 0.8167, Time: 1.13s
    [=== Generating 2x synthetic data with SMOTE ===]
      -> [KNN + SMOTE @ 2x] Acc: 0.9993, F1: 0.9993, Time: 0.08s
      -> [RandomForest + SMOTE @ 2x] Acc: 0.9987, F1: 0.9987, Time: 0.87s
      -> [LinearSVC + SMOTE @ 2x] Acc: 0.9393, F1: 0.9360, Time: 0.12s
      -> [LogisticRegression + SMOTE @ 2x] Acc: 1.0000, F1: 1.0000, Time: 0.05s
      -> [RNN + SMOTE @ 2x] Acc: 0.7333, F1: 0.6717, Time: 0.23s
    [=== Generating 3x synthetic data with SMOTE ===]
      -> [KNN + SMOTE @ 3x] Acc: 0.9993, F1: 0.9993, Time: 0.08s
      -> [RandomForest + SMOTE @ 3x] Acc: 0.9993, F1: 0.9993, Time: 1.33s
      -> [LinearSVC + SMOTE @ 3x] Acc: 0.9273, F1: 0.9231, Time: 0.18s
      -> [LogisticRegression + SMOTE @ 3x] Acc: 1.0000, F1: 1.0000, Time: 0.06s
      -> [RNN + SMOTE @ 3x] Acc: 0.7333, F1: 0.6389, Time: 0.34s
    [=== Generating 5x synthetic data with SMOTE ===]
      -> [KNN + SMOTE @ 5x] Acc: 0.9987, F1: 0.9987, Time: 0.09s
      -> [RandomForest + SMOTE @ 5x] Acc: 1.0000, F1: 1.0000, Time: 2.26s
      -> [LinearSVC + SMOTE @ 5x] Acc: 0.9280, F1: 0.9234, Time: 0.31s
      -> [LogisticRegression + SMOTE @ 5x] Acc: 0.9987, F1: 0.9987, Time: 0.07s
      -> [RNN + SMOTE @ 5x] Acc: 0.8667, F1: 0.8167, Time: 0.59s
    [=== Generating 10x synthetic data with SMOTE ===]
      -> [KNN + SMOTE @ 10x] Acc: 0.9987, F1: 0.9987, Time: 0.11s
      -> [RandomForest + SMOTE @ 10x] Acc: 1.0000, F1: 1.0000, Time: 4.71s
      -> [LinearSVC + SMOTE @ 10x] Acc: 0.9233, F1: 0.9178, Time: 0.64s
      -> [LogisticRegression + SMOTE @ 10x] Acc: 0.9933, F1: 0.9933, Time: 0.12s
      -> [RNN + SMOTE @ 10x] Acc: 0.8667, F1: 0.8656, Time: 1.09s
    [=== Generating 2x synthetic data with Mixup ===]
      -> [KNN + Mixup @ 2x] Acc: 0.9993, F1: 0.9993, Time: 0.08s
      -> [RandomForest + Mixup @ 2x] Acc: 1.0000, F1: 1.0000, Time: 0.82s
      -> [LinearSVC + Mixup @ 2x] Acc: 0.9300, F1: 0.9257, Time: 0.12s
      -> [LogisticRegression + Mixup @ 2x] Acc: 1.0000, F1: 1.0000, Time: 0.05s
      -> [RNN + Mixup @ 2x] Acc: 0.5333, F1: 0.3980, Time: 0.24s
    [=== Generating 3x synthetic data with Mixup ===]
      -> [KNN + Mixup @ 3x] Acc: 0.9993, F1: 0.9993, Time: 0.08s
      -> [RandomForest + Mixup @ 3x] Acc: 0.9920, F1: 0.9920, Time: 1.21s
      -> [LinearSVC + Mixup @ 3x] Acc: 0.9247, F1: 0.9196, Time: 0.18s
      -> [LogisticRegression + Mixup @ 3x] Acc: 1.0000, F1: 1.0000, Time: 0.06s
      -> [RNN + Mixup @ 3x] Acc: 0.8000, F1: 0.7600, Time: 0.34s
    [=== Generating 5x synthetic data with Mixup ===]
      -> [KNN + Mixup @ 5x] Acc: 0.9993, F1: 0.9993, Time: 0.09s
      -> [RandomForest + Mixup @ 5x] Acc: 0.9993, F1: 0.9993, Time: 1.96s
      -> [LinearSVC + Mixup @ 5x] Acc: 0.9253, F1: 0.9203, Time: 0.30s
      -> [LogisticRegression + Mixup @ 5x] Acc: 0.9973, F1: 0.9973, Time: 0.07s
      -> [RNN + Mixup @ 5x] Acc: 0.7333, F1: 0.6933, Time: 0.58s
    [=== Generating 10x synthetic data with Mixup ===]
      -> [KNN + Mixup @ 10x] Acc: 0.9987, F1: 0.9987, Time: 0.11s
      -> [RandomForest + Mixup @ 10x] Acc: 1.0000, F1: 1.0000, Time: 4.05s
      -> [LinearSVC + Mixup @ 10x] Acc: 0.9240, F1: 0.9189, Time: 0.61s
      -> [LogisticRegression + Mixup @ 10x] Acc: 0.9920, F1: 0.9920, Time: 0.11s
      -> [RNN + Mixup @ 10x] Acc: 0.8667, F1: 0.8167, Time: 1.16s
    [=== Generating 2x synthetic data with GMM ===]
      -> [KNN + GMM @ 2x] Acc: 0.9993, F1: 0.9993, Time: 0.08s
      -> [RandomForest + GMM @ 2x] Acc: 1.0000, F1: 1.0000, Time: 0.95s
      -> [LinearSVC + GMM @ 2x] Acc: 0.9280, F1: 0.9233, Time: 0.13s
      -> [LogisticRegression + GMM @ 2x] Acc: 1.0000, F1: 1.0000, Time: 0.05s
      -> [RNN + GMM @ 2x] Acc: 0.5333, F1: 0.3810, Time: 0.22s
    [=== Generating 3x synthetic data with GMM ===]
      -> [KNN + GMM @ 3x] Acc: 0.9993, F1: 0.9993, Time: 0.08s
      -> [RandomForest + GMM @ 3x] Acc: 0.9967, F1: 0.9967, Time: 1.50s
      -> [LinearSVC + GMM @ 3x] Acc: 0.9300, F1: 0.9255, Time: 0.21s
      -> [LogisticRegression + GMM @ 3x] Acc: 1.0000, F1: 1.0000, Time: 0.06s
      -> [RNN + GMM @ 3x] Acc: 0.7333, F1: 0.6714, Time: 0.35s
    [=== Generating 5x synthetic data with GMM ===]
      -> [KNN + GMM @ 5x] Acc: 0.9987, F1: 0.9987, Time: 0.09s
      -> [RandomForest + GMM @ 5x] Acc: 0.9947, F1: 0.9947, Time: 2.64s
      -> [LinearSVC + GMM @ 5x] Acc: 0.9267, F1: 0.9216, Time: 0.37s
      -> [LogisticRegression + GMM @ 5x] Acc: 1.0000, F1: 1.0000, Time: 0.10s
      -> [RNN + GMM @ 5x] Acc: 0.8667, F1: 0.8167, Time: 0.57s
    [=== Generating 10x synthetic data with GMM ===]
      -> [KNN + GMM @ 10x] Acc: 1.0000, F1: 1.0000, Time: 0.12s
      -> [RandomForest + GMM @ 10x] Acc: 1.0000, F1: 1.0000, Time: 5.63s
      -> [LinearSVC + GMM @ 10x] Acc: 0.9253, F1: 0.9198, Time: 0.77s
      -> [LogisticRegression + GMM @ 10x] Acc: 1.0000, F1: 1.0000, Time: 0.16s
      -> [RNN + GMM @ 10x] Acc: 0.7333, F1: 0.6603, Time: 1.14s
    [=== Generating 2x synthetic data with HMM_GMM ===]
      -> [KNN + HMM_GMM @ 2x] Acc: 1.0000, F1: 1.0000, Time: 0.08s
      -> [RandomForest + HMM_GMM @ 2x] Acc: 0.9940, F1: 0.9940, Time: 0.74s
      -> [LinearSVC + HMM_GMM @ 2x] Acc: 0.8900, F1: 0.8902, Time: 0.09s
      -> [LogisticRegression + HMM_GMM @ 2x] Acc: 1.0000, F1: 1.0000, Time: 0.05s
      -> [RNN + HMM_GMM @ 2x] Acc: 0.7333, F1: 0.6389, Time: 0.23s
    [=== Generating 3x synthetic data with HMM_GMM ===]
      -> [KNN + HMM_GMM @ 3x] Acc: 1.0000, F1: 1.0000, Time: 0.08s
      -> [RandomForest + HMM_GMM @ 3x] Acc: 0.9913, F1: 0.9914, Time: 0.89s
      -> [LinearSVC + HMM_GMM @ 3x] Acc: 0.8613, F1: 0.8607, Time: 0.13s
      -> [LogisticRegression + HMM_GMM @ 3x] Acc: 1.0000, F1: 1.0000, Time: 0.06s
      -> [RNN + HMM_GMM @ 3x] Acc: 0.6667, F1: 0.5500, Time: 0.35s
    [=== Generating 5x synthetic data with HMM_GMM ===]
      -> [KNN + HMM_GMM @ 5x] Acc: 1.0000, F1: 1.0000, Time: 0.09s
      -> [RandomForest + HMM_GMM @ 5x] Acc: 0.9913, F1: 0.9914, Time: 1.12s
      -> [LinearSVC + HMM_GMM @ 5x] Acc: 0.8267, F1: 0.8246, Time: 0.21s
      -> [LogisticRegression + HMM_GMM @ 5x] Acc: 1.0000, F1: 1.0000, Time: 0.10s
      -> [RNN + HMM_GMM @ 5x] Acc: 0.8667, F1: 0.8167, Time: 0.60s
    [=== Generating 10x synthetic data with HMM_GMM ===]
      -> [KNN + HMM_GMM @ 10x] Acc: 1.0000, F1: 1.0000, Time: 0.12s
      -> [RandomForest + HMM_GMM @ 10x] Acc: 0.9873, F1: 0.9874, Time: 1.62s
      -> [LinearSVC + HMM_GMM @ 10x] Acc: 0.8020, F1: 0.7980, Time: 0.42s
      -> [LogisticRegression + HMM_GMM @ 10x] Acc: 1.0000, F1: 1.0000, Time: 0.20s
      -> [RNN + HMM_GMM @ 10x] Acc: 0.6667, F1: 0.6259, Time: 1.17s

    >> Seed Fold Selection: 8/10
    Evaluating Model: KNN
      -> [Baseline] Acc: 0.9993, F1: 0.9993, Time: 0.07s
      HP Tuning KNN...
n_iterations: 3
n_required_iterations: 3
n_possible_iterations: 4
min_resources_: 60
max_resources_: 3000
aggressive_elimination: False
factor: 3
----------
iter: 0
n_candidates: 20
n_resources: 60
Fitting 5 folds for each of 20 candidates, totalling 100 fits
----------
iter: 1
n_candidates: 7
n_resources: 180
Fitting 5 folds for each of 7 candidates, totalling 35 fits
----------
iter: 2
n_candidates: 3
n_resources: 540
Fitting 5 folds for each of 3 candidates, totalling 15 fits
      -> [Tuned_Baseline] Acc: 0.9993, F1: 0.9993, Time: 0.01s
    Evaluating Model: RandomForest
      -> [Baseline] Acc: 0.9940, F1: 0.9940, Time: 0.41s
      HP Tuning RandomForest...
n_iterations: 3
n_required_iterations: 3
n_possible_iterations: 4
min_resources_: 60
max_resources_: 3000
aggressive_elimination: False
factor: 3
----------
iter: 0
n_candidates: 20
n_resources: 60
Fitting 5 folds for each of 20 candidates, totalling 100 fits
----------
iter: 1
n_candidates: 7
n_resources: 180
Fitting 5 folds for each of 7 candidates, totalling 35 fits
----------
iter: 2
n_candidates: 3
n_resources: 540
Fitting 5 folds for each of 3 candidates, totalling 15 fits
      -> [Tuned_Baseline] Acc: 0.9940, F1: 0.9940, Time: 0.01s
    Evaluating Model: LinearSVC
      -> [Baseline] Acc: 0.9540, F1: 0.9514, Time: 0.02s
      HP Tuning LinearSVC...
n_iterations: 3
n_required_iterations: 3
n_possible_iterations: 4
min_resources_: 60
max_resources_: 3000
aggressive_elimination: False
factor: 3
----------
iter: 0
n_candidates: 20
n_resources: 60
Fitting 5 folds for each of 20 candidates, totalling 100 fits
----------
iter: 1
n_candidates: 7
n_resources: 180
Fitting 5 folds for each of 7 candidates, totalling 35 fits
----------
iter: 2
n_candidates: 3
n_resources: 540
Fitting 5 folds for each of 3 candidates, totalling 15 fits
      -> [Tuned_Baseline] Acc: 0.9273, F1: 0.9231, Time: 0.00s
    Evaluating Model: LogisticRegression
      -> [Baseline] Acc: 1.0000, F1: 1.0000, Time: 0.04s
      HP Tuning LogisticRegression...
n_iterations: 3
n_required_iterations: 3
n_possible_iterations: 4
min_resources_: 60
max_resources_: 3000
aggressive_elimination: False
factor: 3
----------
iter: 0
n_candidates: 12
n_resources: 60
Fitting 5 folds for each of 12 candidates, totalling 60 fits
----------
iter: 1
n_candidates: 4
n_resources: 180
Fitting 5 folds for each of 4 candidates, totalling 20 fits
----------
iter: 2
n_candidates: 2
n_resources: 540
Fitting 5 folds for each of 2 candidates, totalling 10 fits
      -> [Tuned_Baseline] Acc: 1.0000, F1: 1.0000, Time: 0.00s
    Evaluating Model: RNN
      -> [Baseline] Acc: 0.3333, F1: 0.1746, Time: 0.12s
      -> [Tuned_Baseline] Acc: 0.3333, F1: 0.1746, Time: 0.00s
    [=== Generating 2x synthetic data with Jittering ===]
      -> [KNN + Jittering @ 2x] Acc: 1.0000, F1: 1.0000, Time: 0.02s
      -> [RandomForest + Jittering @ 2x] Acc: 1.0000, F1: 1.0000, Time: 0.93s
      -> [LinearSVC + Jittering @ 2x] Acc: 0.9287, F1: 0.9252, Time: 0.12s
      -> [LogisticRegression + Jittering @ 2x] Acc: 1.0000, F1: 1.0000, Time: 0.05s
      -> [RNN + Jittering @ 2x] Acc: 0.6000, F1: 0.5111, Time: 0.23s
    [=== Generating 3x synthetic data with Jittering ===]
      -> [KNN + Jittering @ 3x] Acc: 1.0000, F1: 1.0000, Time: 0.03s
      -> [RandomForest + Jittering @ 3x] Acc: 0.9960, F1: 0.9960, Time: 1.50s
      -> [LinearSVC + Jittering @ 3x] Acc: 0.9293, F1: 0.9257, Time: 0.20s
      -> [LogisticRegression + Jittering @ 3x] Acc: 1.0000, F1: 1.0000, Time: 0.06s
      -> [RNN + Jittering @ 3x] Acc: 0.5333, F1: 0.3980, Time: 0.35s
    [=== Generating 5x synthetic data with Jittering ===]
      -> [KNN + Jittering @ 5x] Acc: 1.0000, F1: 1.0000, Time: 0.04s
      -> [RandomForest + Jittering @ 5x] Acc: 1.0000, F1: 1.0000, Time: 2.60s
      -> [LinearSVC + Jittering @ 5x] Acc: 0.9293, F1: 0.9259, Time: 0.35s
      -> [LogisticRegression + Jittering @ 5x] Acc: 1.0000, F1: 1.0000, Time: 0.10s
      -> [RNN + Jittering @ 5x] Acc: 0.9333, F1: 0.9270, Time: 0.57s
    [=== Generating 10x synthetic data with Jittering ===]
      -> [KNN + Jittering @ 10x] Acc: 1.0000, F1: 1.0000, Time: 0.06s
      -> [RandomForest + Jittering @ 10x] Acc: 1.0000, F1: 1.0000, Time: 5.50s
      -> [LinearSVC + Jittering @ 10x] Acc: 0.9300, F1: 0.9263, Time: 0.73s
      -> [LogisticRegression + Jittering @ 10x] Acc: 1.0000, F1: 1.0000, Time: 0.18s
      -> [RNN + Jittering @ 10x] Acc: 1.0000, F1: 1.0000, Time: 1.14s
    [=== Generating 2x synthetic data with Scaling ===]
      -> [KNN + Scaling @ 2x] Acc: 0.9987, F1: 0.9987, Time: 0.02s
      -> [RandomForest + Scaling @ 2x] Acc: 1.0000, F1: 1.0000, Time: 0.85s
      -> [LinearSVC + Scaling @ 2x] Acc: 0.9280, F1: 0.9227, Time: 0.12s
      -> [LogisticRegression + Scaling @ 2x] Acc: 1.0000, F1: 1.0000, Time: 0.08s
      -> [RNN + Scaling @ 2x] Acc: 0.4667, F1: 0.3333, Time: 0.23s
    [=== Generating 3x synthetic data with Scaling ===]
      -> [KNN + Scaling @ 3x] Acc: 1.0000, F1: 1.0000, Time: 0.03s
      -> [RandomForest + Scaling @ 3x] Acc: 1.0000, F1: 1.0000, Time: 1.33s
      -> [LinearSVC + Scaling @ 3x] Acc: 0.9340, F1: 0.9295, Time: 0.18s
      -> [LogisticRegression + Scaling @ 3x] Acc: 1.0000, F1: 1.0000, Time: 0.07s
      -> [RNN + Scaling @ 3x] Acc: 0.6667, F1: 0.5892, Time: 0.34s
    [=== Generating 5x synthetic data with Scaling ===]
      -> [KNN + Scaling @ 5x] Acc: 1.0000, F1: 1.0000, Time: 0.04s
      -> [RandomForest + Scaling @ 5x] Acc: 1.0000, F1: 1.0000, Time: 2.30s
      -> [LinearSVC + Scaling @ 5x] Acc: 0.9387, F1: 0.9356, Time: 0.30s
      -> [LogisticRegression + Scaling @ 5x] Acc: 1.0000, F1: 1.0000, Time: 0.16s
      -> [RNN + Scaling @ 5x] Acc: 0.8000, F1: 0.7770, Time: 0.60s
    [=== Generating 10x synthetic data with Scaling ===]
      -> [KNN + Scaling @ 10x] Acc: 0.9987, F1: 0.9987, Time: 0.06s
      -> [RandomForest + Scaling @ 10x] Acc: 1.0000, F1: 1.0000, Time: 4.88s
      -> [LinearSVC + Scaling @ 10x] Acc: 0.9320, F1: 0.9281, Time: 0.62s
      -> [LogisticRegression + Scaling @ 10x] Acc: 1.0000, F1: 1.0000, Time: 0.31s
      -> [RNN + Scaling @ 10x] Acc: 0.9333, F1: 0.9270, Time: 1.13s
    [=== Generating 2x synthetic data with Magnitude_Warping ===]
      -> [KNN + Magnitude_Warping @ 2x] Acc: 0.9980, F1: 0.9980, Time: 0.02s
      -> [RandomForest + Magnitude_Warping @ 2x] Acc: 0.9980, F1: 0.9980, Time: 1.04s
      -> [LinearSVC + Magnitude_Warping @ 2x] Acc: 0.9247, F1: 0.9168, Time: 0.12s
      -> [LogisticRegression + Magnitude_Warping @ 2x] Acc: 0.9927, F1: 0.9926, Time: 0.10s
      -> [RNN + Magnitude_Warping @ 2x] Acc: 0.8667, F1: 0.8167, Time: 0.23s
    [=== Generating 3x synthetic data with Magnitude_Warping ===]
      -> [KNN + Magnitude_Warping @ 3x] Acc: 0.9987, F1: 0.9987, Time: 0.03s
      -> [RandomForest + Magnitude_Warping @ 3x] Acc: 0.9980, F1: 0.9980, Time: 1.74s
      -> [LinearSVC + Magnitude_Warping @ 3x] Acc: 0.9187, F1: 0.9118, Time: 0.18s
      -> [LogisticRegression + Magnitude_Warping @ 3x] Acc: 1.0000, F1: 1.0000, Time: 0.16s
      -> [RNN + Magnitude_Warping @ 3x] Acc: 0.7333, F1: 0.6389, Time: 0.35s
    [=== Generating 5x synthetic data with Magnitude_Warping ===]
      -> [KNN + Magnitude_Warping @ 5x] Acc: 0.9987, F1: 0.9987, Time: 0.04s
      -> [RandomForest + Magnitude_Warping @ 5x] Acc: 1.0000, F1: 1.0000, Time: 3.16s
      -> [LinearSVC + Magnitude_Warping @ 5x] Acc: 0.9233, F1: 0.9183, Time: 0.30s
      -> [LogisticRegression + Magnitude_Warping @ 5x] Acc: 0.9973, F1: 0.9973, Time: 0.27s
      -> [RNN + Magnitude_Warping @ 5x] Acc: 0.7333, F1: 0.6503, Time: 0.57s
    [=== Generating 10x synthetic data with Magnitude_Warping ===]
      -> [KNN + Magnitude_Warping @ 10x] Acc: 0.9987, F1: 0.9987, Time: 0.07s
      -> [RandomForest + Magnitude_Warping @ 10x] Acc: 1.0000, F1: 1.0000, Time: 7.42s
      -> [LinearSVC + Magnitude_Warping @ 10x] Acc: 0.9160, F1: 0.9116, Time: 0.62s
      -> [LogisticRegression + Magnitude_Warping @ 10x] Acc: 1.0000, F1: 1.0000, Time: 0.50s
      -> [RNN + Magnitude_Warping @ 10x] Acc: 0.9333, F1: 0.9270, Time: 1.13s
    [=== Generating 2x synthetic data with Time_Warping ===]
      -> [KNN + Time_Warping @ 2x] Acc: 0.9993, F1: 0.9993, Time: 0.03s
      -> [RandomForest + Time_Warping @ 2x] Acc: 0.9933, F1: 0.9933, Time: 0.86s
      -> [LinearSVC + Time_Warping @ 2x] Acc: 0.9413, F1: 0.9410, Time: 0.10s
      -> [LogisticRegression + Time_Warping @ 2x] Acc: 1.0000, F1: 1.0000, Time: 0.06s
      -> [RNN + Time_Warping @ 2x] Acc: 0.5333, F1: 0.4048, Time: 0.24s
    [=== Generating 3x synthetic data with Time_Warping ===]
      -> [KNN + Time_Warping @ 3x] Acc: 0.9987, F1: 0.9987, Time: 0.04s
      -> [RandomForest + Time_Warping @ 3x] Acc: 0.9940, F1: 0.9940, Time: 1.37s
      -> [LinearSVC + Time_Warping @ 3x] Acc: 0.9440, F1: 0.9436, Time: 0.15s
      -> [LogisticRegression + Time_Warping @ 3x] Acc: 1.0000, F1: 1.0000, Time: 0.07s
      -> [RNN + Time_Warping @ 3x] Acc: 0.8667, F1: 0.8167, Time: 0.36s
    [=== Generating 5x synthetic data with Time_Warping ===]
      -> [KNN + Time_Warping @ 5x] Acc: 0.9993, F1: 0.9993, Time: 0.05s
      -> [RandomForest + Time_Warping @ 5x] Acc: 0.9913, F1: 0.9913, Time: 2.36s
      -> [LinearSVC + Time_Warping @ 5x] Acc: 0.9113, F1: 0.9110, Time: 0.23s
      -> [LogisticRegression + Time_Warping @ 5x] Acc: 1.0000, F1: 1.0000, Time: 0.08s
      -> [RNN + Time_Warping @ 5x] Acc: 0.6667, F1: 0.5837, Time: 0.57s
    [=== Generating 10x synthetic data with Time_Warping ===]
      -> [KNN + Time_Warping @ 10x] Acc: 0.9987, F1: 0.9987, Time: 0.09s
      -> [RandomForest + Time_Warping @ 10x] Acc: 0.9947, F1: 0.9947, Time: 4.88s
      -> [LinearSVC + Time_Warping @ 10x] Acc: 0.9120, F1: 0.9114, Time: 0.45s
      -> [LogisticRegression + Time_Warping @ 10x] Acc: 1.0000, F1: 1.0000, Time: 0.15s
      -> [RNN + Time_Warping @ 10x] Acc: 0.8667, F1: 0.8167, Time: 1.14s
    [=== Generating 2x synthetic data with SMOTE ===]
      -> [KNN + SMOTE @ 2x] Acc: 1.0000, F1: 1.0000, Time: 0.02s
      -> [RandomForest + SMOTE @ 2x] Acc: 0.9933, F1: 0.9933, Time: 0.85s
      -> [LinearSVC + SMOTE @ 2x] Acc: 0.9380, F1: 0.9360, Time: 0.12s
      -> [LogisticRegression + SMOTE @ 2x] Acc: 1.0000, F1: 1.0000, Time: 0.05s
      -> [RNN + SMOTE @ 2x] Acc: 0.6667, F1: 0.5862, Time: 0.24s
    [=== Generating 3x synthetic data with SMOTE ===]
      -> [KNN + SMOTE @ 3x] Acc: 0.9993, F1: 0.9993, Time: 0.03s
      -> [RandomForest + SMOTE @ 3x] Acc: 0.9933, F1: 0.9933, Time: 1.29s
      -> [LinearSVC + SMOTE @ 3x] Acc: 0.9300, F1: 0.9256, Time: 0.18s
      -> [LogisticRegression + SMOTE @ 3x] Acc: 1.0000, F1: 1.0000, Time: 0.06s
      -> [RNN + SMOTE @ 3x] Acc: 0.6000, F1: 0.5089, Time: 0.34s
    [=== Generating 5x synthetic data with SMOTE ===]
      -> [KNN + SMOTE @ 5x] Acc: 1.0000, F1: 1.0000, Time: 0.03s
      -> [RandomForest + SMOTE @ 5x] Acc: 0.9933, F1: 0.9933, Time: 2.27s
      -> [LinearSVC + SMOTE @ 5x] Acc: 0.9273, F1: 0.9233, Time: 0.31s
      -> [LogisticRegression + SMOTE @ 5x] Acc: 1.0000, F1: 1.0000, Time: 0.07s
      -> [RNN + SMOTE @ 5x] Acc: 0.9333, F1: 0.9270, Time: 0.59s
    [=== Generating 10x synthetic data with SMOTE ===]
      -> [KNN + SMOTE @ 10x] Acc: 1.0000, F1: 1.0000, Time: 0.06s
      -> [RandomForest + SMOTE @ 10x] Acc: 0.9933, F1: 0.9933, Time: 4.70s
      -> [LinearSVC + SMOTE @ 10x] Acc: 0.9187, F1: 0.9144, Time: 0.64s
      -> [LogisticRegression + SMOTE @ 10x] Acc: 1.0000, F1: 1.0000, Time: 0.12s
      -> [RNN + SMOTE @ 10x] Acc: 0.9333, F1: 0.9270, Time: 1.14s
    [=== Generating 2x synthetic data with Mixup ===]
      -> [KNN + Mixup @ 2x] Acc: 1.0000, F1: 1.0000, Time: 0.02s
      -> [RandomForest + Mixup @ 2x] Acc: 0.9927, F1: 0.9927, Time: 0.79s
      -> [LinearSVC + Mixup @ 2x] Acc: 0.9160, F1: 0.9101, Time: 0.12s
      -> [LogisticRegression + Mixup @ 2x] Acc: 1.0000, F1: 1.0000, Time: 0.05s
      -> [RNN + Mixup @ 2x] Acc: 0.4667, F1: 0.3313, Time: 0.24s
    [=== Generating 3x synthetic data with Mixup ===]
      -> [KNN + Mixup @ 3x] Acc: 1.0000, F1: 1.0000, Time: 0.03s
      -> [RandomForest + Mixup @ 3x] Acc: 0.9940, F1: 0.9940, Time: 1.14s
      -> [LinearSVC + Mixup @ 3x] Acc: 0.9173, F1: 0.9110, Time: 0.18s
      -> [LogisticRegression + Mixup @ 3x] Acc: 1.0000, F1: 1.0000, Time: 0.05s
      -> [RNN + Mixup @ 3x] Acc: 0.7333, F1: 0.6389, Time: 0.34s
    [=== Generating 5x synthetic data with Mixup ===]
      -> [KNN + Mixup @ 5x] Acc: 1.0000, F1: 1.0000, Time: 0.03s
      -> [RandomForest + Mixup @ 5x] Acc: 0.9940, F1: 0.9940, Time: 1.93s
      -> [LinearSVC + Mixup @ 5x] Acc: 0.9247, F1: 0.9210, Time: 0.30s
      -> [LogisticRegression + Mixup @ 5x] Acc: 1.0000, F1: 1.0000, Time: 0.07s
      -> [RNN + Mixup @ 5x] Acc: 0.8000, F1: 0.7429, Time: 0.56s
    [=== Generating 10x synthetic data with Mixup ===]
      -> [KNN + Mixup @ 10x] Acc: 1.0000, F1: 1.0000, Time: 0.06s
      -> [RandomForest + Mixup @ 10x] Acc: 0.9947, F1: 0.9947, Time: 4.02s
      -> [LinearSVC + Mixup @ 10x] Acc: 0.9220, F1: 0.9178, Time: 0.61s
      -> [LogisticRegression + Mixup @ 10x] Acc: 1.0000, F1: 1.0000, Time: 0.16s
      -> [RNN + Mixup @ 10x] Acc: 0.8667, F1: 0.8667, Time: 1.18s
    [=== Generating 2x synthetic data with GMM ===]
      -> [KNN + GMM @ 2x] Acc: 1.0000, F1: 1.0000, Time: 0.02s
      -> [RandomForest + GMM @ 2x] Acc: 0.9940, F1: 0.9940, Time: 0.95s
      -> [LinearSVC + GMM @ 2x] Acc: 0.9267, F1: 0.9238, Time: 0.13s
      -> [LogisticRegression + GMM @ 2x] Acc: 1.0000, F1: 1.0000, Time: 0.05s
      -> [RNN + GMM @ 2x] Acc: 0.6000, F1: 0.5089, Time: 0.24s
    [=== Generating 3x synthetic data with GMM ===]
      -> [KNN + GMM @ 3x] Acc: 1.0000, F1: 1.0000, Time: 0.03s
      -> [RandomForest + GMM @ 3x] Acc: 0.9933, F1: 0.9933, Time: 1.50s
      -> [LinearSVC + GMM @ 3x] Acc: 0.9327, F1: 0.9307, Time: 0.21s
      -> [LogisticRegression + GMM @ 3x] Acc: 1.0000, F1: 1.0000, Time: 0.06s
      -> [RNN + GMM @ 3x] Acc: 0.5333, F1: 0.3980, Time: 0.34s
    [=== Generating 5x synthetic data with GMM ===]
      -> [KNN + GMM @ 5x] Acc: 1.0000, F1: 1.0000, Time: 0.04s
      -> [RandomForest + GMM @ 5x] Acc: 1.0000, F1: 1.0000, Time: 2.83s
      -> [LinearSVC + GMM @ 5x] Acc: 0.9307, F1: 0.9285, Time: 0.37s
      -> [LogisticRegression + GMM @ 5x] Acc: 1.0000, F1: 1.0000, Time: 0.08s
      -> [RNN + GMM @ 5x] Acc: 0.8667, F1: 0.8167, Time: 0.57s
    [=== Generating 10x synthetic data with GMM ===]
      -> [KNN + GMM @ 10x] Acc: 1.0000, F1: 1.0000, Time: 0.06s
      -> [RandomForest + GMM @ 10x] Acc: 1.0000, F1: 1.0000, Time: 6.00s
      -> [LinearSVC + GMM @ 10x] Acc: 0.9293, F1: 0.9273, Time: 0.77s
      -> [LogisticRegression + GMM @ 10x] Acc: 1.0000, F1: 1.0000, Time: 0.15s
      -> [RNN + GMM @ 10x] Acc: 0.9333, F1: 0.9270, Time: 1.11s
    [=== Generating 2x synthetic data with HMM_GMM ===]
      -> [KNN + HMM_GMM @ 2x] Acc: 0.9993, F1: 0.9993, Time: 0.02s
      -> [RandomForest + HMM_GMM @ 2x] Acc: 0.9960, F1: 0.9960, Time: 0.75s
      -> [LinearSVC + HMM_GMM @ 2x] Acc: 0.8880, F1: 0.8879, Time: 0.09s
      -> [LogisticRegression + HMM_GMM @ 2x] Acc: 1.0000, F1: 1.0000, Time: 0.06s
      -> [RNN + HMM_GMM @ 2x] Acc: 0.4000, F1: 0.2571, Time: 0.25s
    [=== Generating 3x synthetic data with HMM_GMM ===]
      -> [KNN + HMM_GMM @ 3x] Acc: 0.9993, F1: 0.9993, Time: 0.03s
      -> [RandomForest + HMM_GMM @ 3x] Acc: 0.9953, F1: 0.9953, Time: 0.90s
      -> [LinearSVC + HMM_GMM @ 3x] Acc: 0.8567, F1: 0.8549, Time: 0.13s
      -> [LogisticRegression + HMM_GMM @ 3x] Acc: 1.0000, F1: 1.0000, Time: 0.07s
      -> [RNN + HMM_GMM @ 3x] Acc: 0.5333, F1: 0.3980, Time: 0.35s
    [=== Generating 5x synthetic data with HMM_GMM ===]
      -> [KNN + HMM_GMM @ 5x] Acc: 0.9993, F1: 0.9993, Time: 0.04s
      -> [RandomForest + HMM_GMM @ 5x] Acc: 0.9980, F1: 0.9980, Time: 1.11s
      -> [LinearSVC + HMM_GMM @ 5x] Acc: 0.8273, F1: 0.8248, Time: 0.21s
      -> [LogisticRegression + HMM_GMM @ 5x] Acc: 1.0000, F1: 1.0000, Time: 0.11s
      -> [RNN + HMM_GMM @ 5x] Acc: 0.5333, F1: 0.3980, Time: 0.57s
    [=== Generating 10x synthetic data with HMM_GMM ===]
      -> [KNN + HMM_GMM @ 10x] Acc: 0.9993, F1: 0.9993, Time: 0.06s
      -> [RandomForest + HMM_GMM @ 10x] Acc: 1.0000, F1: 1.0000, Time: 1.65s
      -> [LinearSVC + HMM_GMM @ 10x] Acc: 0.8020, F1: 0.7985, Time: 0.41s
      -> [LogisticRegression + HMM_GMM @ 10x] Acc: 1.0000, F1: 1.0000, Time: 0.19s
      -> [RNN + HMM_GMM @ 10x] Acc: 0.6667, F1: 0.5758, Time: 1.20s

    >> Seed Fold Selection: 9/10
    Evaluating Model: KNN
      -> [Baseline] Acc: 0.9993, F1: 0.9993, Time: 0.07s
      HP Tuning KNN...
n_iterations: 3
n_required_iterations: 3
n_possible_iterations: 4
min_resources_: 60
max_resources_: 3000
aggressive_elimination: False
factor: 3
----------
iter: 0
n_candidates: 20
n_resources: 60
Fitting 5 folds for each of 20 candidates, totalling 100 fits
----------
iter: 1
n_candidates: 7
n_resources: 180
Fitting 5 folds for each of 7 candidates, totalling 35 fits
----------
iter: 2
n_candidates: 3
n_resources: 540
Fitting 5 folds for each of 3 candidates, totalling 15 fits
      -> [Tuned_Baseline] Acc: 1.0000, F1: 1.0000, Time: 0.07s
    Evaluating Model: RandomForest
      -> [Baseline] Acc: 1.0000, F1: 1.0000, Time: 0.41s
      HP Tuning RandomForest...
n_iterations: 3
n_required_iterations: 3
n_possible_iterations: 4
min_resources_: 60
max_resources_: 3000
aggressive_elimination: False
factor: 3
----------
iter: 0
n_candidates: 20
n_resources: 60
Fitting 5 folds for each of 20 candidates, totalling 100 fits
----------
iter: 1
n_candidates: 7
n_resources: 180
Fitting 5 folds for each of 7 candidates, totalling 35 fits
----------
iter: 2
n_candidates: 3
n_resources: 540
Fitting 5 folds for each of 3 candidates, totalling 15 fits
      -> [Tuned_Baseline] Acc: 1.0000, F1: 1.0000, Time: 0.01s
    Evaluating Model: LinearSVC
      -> [Baseline] Acc: 0.9193, F1: 0.9138, Time: 0.02s
      HP Tuning LinearSVC...
n_iterations: 3
n_required_iterations: 3
n_possible_iterations: 4
min_resources_: 60
max_resources_: 3000
aggressive_elimination: False
factor: 3
----------
iter: 0
n_candidates: 20
n_resources: 60
Fitting 5 folds for each of 20 candidates, totalling 100 fits
----------
iter: 1
n_candidates: 7
n_resources: 180
Fitting 5 folds for each of 7 candidates, totalling 35 fits
----------
iter: 2
n_candidates: 3
n_resources: 540
Fitting 5 folds for each of 3 candidates, totalling 15 fits
      -> [Tuned_Baseline] Acc: 0.9207, F1: 0.9155, Time: 0.00s
    Evaluating Model: LogisticRegression
      -> [Baseline] Acc: 1.0000, F1: 1.0000, Time: 0.05s
      HP Tuning LogisticRegression...
n_iterations: 3
n_required_iterations: 3
n_possible_iterations: 4
min_resources_: 60
max_resources_: 3000
aggressive_elimination: False
factor: 3
----------
iter: 0
n_candidates: 12
n_resources: 60
Fitting 5 folds for each of 12 candidates, totalling 60 fits
----------
iter: 1
n_candidates: 4
n_resources: 180
Fitting 5 folds for each of 4 candidates, totalling 20 fits
----------
iter: 2
n_candidates: 2
n_resources: 540
Fitting 5 folds for each of 2 candidates, totalling 10 fits
      -> [Tuned_Baseline] Acc: 1.0000, F1: 1.0000, Time: 0.00s
    Evaluating Model: RNN
      -> [Baseline] Acc: 0.5333, F1: 0.3803, Time: 0.12s
      -> [Tuned_Baseline] Acc: 0.5333, F1: 0.3803, Time: 0.00s
    [=== Generating 2x synthetic data with Jittering ===]
      -> [KNN + Jittering @ 2x] Acc: 1.0000, F1: 1.0000, Time: 0.08s
      -> [RandomForest + Jittering @ 2x] Acc: 1.0000, F1: 1.0000, Time: 0.94s
      -> [LinearSVC + Jittering @ 2x] Acc: 0.9233, F1: 0.9185, Time: 0.12s
      -> [LogisticRegression + Jittering @ 2x] Acc: 1.0000, F1: 1.0000, Time: 0.04s
      -> [RNN + Jittering @ 2x] Acc: 0.5333, F1: 0.3980, Time: 0.24s
    [=== Generating 3x synthetic data with Jittering ===]
      -> [KNN + Jittering @ 3x] Acc: 1.0000, F1: 1.0000, Time: 0.08s
      -> [RandomForest + Jittering @ 3x] Acc: 1.0000, F1: 1.0000, Time: 1.52s
      -> [LinearSVC + Jittering @ 3x] Acc: 0.9227, F1: 0.9179, Time: 0.20s
      -> [LogisticRegression + Jittering @ 3x] Acc: 1.0000, F1: 1.0000, Time: 0.06s
      -> [RNN + Jittering @ 3x] Acc: 0.7333, F1: 0.6389, Time: 0.40s
    [=== Generating 5x synthetic data with Jittering ===]
      -> [KNN + Jittering @ 5x] Acc: 1.0000, F1: 1.0000, Time: 0.09s
      -> [RandomForest + Jittering @ 5x] Acc: 1.0000, F1: 1.0000, Time: 2.62s
      -> [LinearSVC + Jittering @ 5x] Acc: 0.9233, F1: 0.9185, Time: 0.34s
      -> [LogisticRegression + Jittering @ 5x] Acc: 1.0000, F1: 1.0000, Time: 0.09s
      -> [RNN + Jittering @ 5x] Acc: 0.8667, F1: 0.8167, Time: 0.56s
    [=== Generating 10x synthetic data with Jittering ===]
      -> [KNN + Jittering @ 10x] Acc: 1.0000, F1: 1.0000, Time: 0.12s
      -> [RandomForest + Jittering @ 10x] Acc: 1.0000, F1: 1.0000, Time: 5.68s
      -> [LinearSVC + Jittering @ 10x] Acc: 0.9233, F1: 0.9186, Time: 0.71s
      -> [LogisticRegression + Jittering @ 10x] Acc: 1.0000, F1: 1.0000, Time: 0.15s
      -> [RNN + Jittering @ 10x] Acc: 0.8667, F1: 0.8667, Time: 1.11s
    [=== Generating 2x synthetic data with Scaling ===]
      -> [KNN + Scaling @ 2x] Acc: 1.0000, F1: 1.0000, Time: 0.07s
      -> [RandomForest + Scaling @ 2x] Acc: 1.0000, F1: 1.0000, Time: 0.86s
      -> [LinearSVC + Scaling @ 2x] Acc: 0.9180, F1: 0.9123, Time: 0.12s
      -> [LogisticRegression + Scaling @ 2x] Acc: 1.0000, F1: 1.0000, Time: 0.06s
      -> [RNN + Scaling @ 2x] Acc: 0.4000, F1: 0.2333, Time: 0.23s
    [=== Generating 3x synthetic data with Scaling ===]
      -> [KNN + Scaling @ 3x] Acc: 1.0000, F1: 1.0000, Time: 0.08s
      -> [RandomForest + Scaling @ 3x] Acc: 1.0000, F1: 1.0000, Time: 1.34s
      -> [LinearSVC + Scaling @ 3x] Acc: 0.9240, F1: 0.9182, Time: 0.18s
      -> [LogisticRegression + Scaling @ 3x] Acc: 1.0000, F1: 1.0000, Time: 0.09s
      -> [RNN + Scaling @ 3x] Acc: 0.7333, F1: 0.6867, Time: 0.33s
    [=== Generating 5x synthetic data with Scaling ===]
      -> [KNN + Scaling @ 5x] Acc: 1.0000, F1: 1.0000, Time: 0.09s
      -> [RandomForest + Scaling @ 5x] Acc: 1.0000, F1: 1.0000, Time: 2.29s
      -> [LinearSVC + Scaling @ 5x] Acc: 0.9240, F1: 0.9183, Time: 0.30s
      -> [LogisticRegression + Scaling @ 5x] Acc: 1.0000, F1: 1.0000, Time: 0.14s
      -> [RNN + Scaling @ 5x] Acc: 0.8000, F1: 0.7600, Time: 0.56s
    [=== Generating 10x synthetic data with Scaling ===]
      -> [KNN + Scaling @ 10x] Acc: 1.0000, F1: 1.0000, Time: 0.12s
      -> [RandomForest + Scaling @ 10x] Acc: 1.0000, F1: 1.0000, Time: 4.83s
      -> [LinearSVC + Scaling @ 10x] Acc: 0.9267, F1: 0.9220, Time: 0.62s
      -> [LogisticRegression + Scaling @ 10x] Acc: 1.0000, F1: 1.0000, Time: 0.31s
      -> [RNN + Scaling @ 10x] Acc: 1.0000, F1: 1.0000, Time: 1.10s
    [=== Generating 2x synthetic data with Magnitude_Warping ===]
      -> [KNN + Magnitude_Warping @ 2x] Acc: 0.9993, F1: 0.9993, Time: 0.08s
      -> [RandomForest + Magnitude_Warping @ 2x] Acc: 0.9987, F1: 0.9987, Time: 1.02s
      -> [LinearSVC + Magnitude_Warping @ 2x] Acc: 0.9147, F1: 0.9066, Time: 0.12s
      -> [LogisticRegression + Magnitude_Warping @ 2x] Acc: 0.9880, F1: 0.9879, Time: 0.11s
      -> [RNN + Magnitude_Warping @ 2x] Acc: 0.4667, F1: 0.3258, Time: 0.23s
    [=== Generating 3x synthetic data with Magnitude_Warping ===]
      -> [KNN + Magnitude_Warping @ 3x] Acc: 0.9993, F1: 0.9993, Time: 0.08s
      -> [RandomForest + Magnitude_Warping @ 3x] Acc: 1.0000, F1: 1.0000, Time: 1.74s
      -> [LinearSVC + Magnitude_Warping @ 3x] Acc: 0.9287, F1: 0.9231, Time: 0.18s
      -> [LogisticRegression + Magnitude_Warping @ 3x] Acc: 0.9967, F1: 0.9967, Time: 0.14s
      -> [RNN + Magnitude_Warping @ 3x] Acc: 0.5333, F1: 0.4926, Time: 0.34s
    [=== Generating 5x synthetic data with Magnitude_Warping ===]
      -> [KNN + Magnitude_Warping @ 5x] Acc: 0.9973, F1: 0.9973, Time: 0.09s
      -> [RandomForest + Magnitude_Warping @ 5x] Acc: 0.9887, F1: 0.9886, Time: 3.19s
      -> [LinearSVC + Magnitude_Warping @ 5x] Acc: 0.9220, F1: 0.9161, Time: 0.30s
      -> [LogisticRegression + Magnitude_Warping @ 5x] Acc: 1.0000, F1: 1.0000, Time: 0.26s
      -> [RNN + Magnitude_Warping @ 5x] Acc: 0.6667, F1: 0.6259, Time: 0.60s
    [=== Generating 10x synthetic data with Magnitude_Warping ===]
      -> [KNN + Magnitude_Warping @ 10x] Acc: 0.9947, F1: 0.9947, Time: 0.12s
      -> [RandomForest + Magnitude_Warping @ 10x] Acc: 0.9960, F1: 0.9960, Time: 7.59s
      -> [LinearSVC + Magnitude_Warping @ 10x] Acc: 0.9227, F1: 0.9168, Time: 0.62s
      -> [LogisticRegression + Magnitude_Warping @ 10x] Acc: 1.0000, F1: 1.0000, Time: 0.53s
      -> [RNN + Magnitude_Warping @ 10x] Acc: 1.0000, F1: 1.0000, Time: 1.17s
    [=== Generating 2x synthetic data with Time_Warping ===]
      -> [KNN + Time_Warping @ 2x] Acc: 1.0000, F1: 1.0000, Time: 0.08s
      -> [RandomForest + Time_Warping @ 2x] Acc: 1.0000, F1: 1.0000, Time: 0.86s
      -> [LinearSVC + Time_Warping @ 2x] Acc: 0.9007, F1: 0.8990, Time: 0.11s
      -> [LogisticRegression + Time_Warping @ 2x] Acc: 1.0000, F1: 1.0000, Time: 0.05s
      -> [RNN + Time_Warping @ 2x] Acc: 0.8667, F1: 0.8167, Time: 0.24s
    [=== Generating 3x synthetic data with Time_Warping ===]
      -> [KNN + Time_Warping @ 3x] Acc: 1.0000, F1: 1.0000, Time: 0.08s
      -> [RandomForest + Time_Warping @ 3x] Acc: 1.0000, F1: 1.0000, Time: 1.35s
      -> [LinearSVC + Time_Warping @ 3x] Acc: 0.9033, F1: 0.9036, Time: 0.14s
      -> [LogisticRegression + Time_Warping @ 3x] Acc: 1.0000, F1: 1.0000, Time: 0.06s
      -> [RNN + Time_Warping @ 3x] Acc: 0.7333, F1: 0.6389, Time: 0.35s
    [=== Generating 5x synthetic data with Time_Warping ===]
      -> [KNN + Time_Warping @ 5x] Acc: 1.0000, F1: 1.0000, Time: 0.10s
      -> [RandomForest + Time_Warping @ 5x] Acc: 1.0000, F1: 1.0000, Time: 2.27s
      -> [LinearSVC + Time_Warping @ 5x] Acc: 0.9000, F1: 0.9001, Time: 0.23s
      -> [LogisticRegression + Time_Warping @ 5x] Acc: 1.0000, F1: 1.0000, Time: 0.10s
      -> [RNN + Time_Warping @ 5x] Acc: 0.8000, F1: 0.7481, Time: 0.60s
    [=== Generating 10x synthetic data with Time_Warping ===]
      -> [KNN + Time_Warping @ 10x] Acc: 1.0000, F1: 1.0000, Time: 0.13s
      -> [RandomForest + Time_Warping @ 10x] Acc: 1.0000, F1: 1.0000, Time: 4.81s
      -> [LinearSVC + Time_Warping @ 10x] Acc: 0.8847, F1: 0.8847, Time: 0.43s
      -> [LogisticRegression + Time_Warping @ 10x] Acc: 1.0000, F1: 1.0000, Time: 0.18s
      -> [RNN + Time_Warping @ 10x] Acc: 0.9333, F1: 0.9270, Time: 1.13s
    [=== Generating 2x synthetic data with SMOTE ===]
      -> [KNN + SMOTE @ 2x] Acc: 1.0000, F1: 1.0000, Time: 0.07s
      -> [RandomForest + SMOTE @ 2x] Acc: 1.0000, F1: 1.0000, Time: 0.85s
      -> [LinearSVC + SMOTE @ 2x] Acc: 0.9160, F1: 0.9100, Time: 0.12s
      -> [LogisticRegression + SMOTE @ 2x] Acc: 1.0000, F1: 1.0000, Time: 0.06s
      -> [RNN + SMOTE @ 2x] Acc: 0.8667, F1: 0.8167, Time: 0.24s
    [=== Generating 3x synthetic data with SMOTE ===]
      -> [KNN + SMOTE @ 3x] Acc: 1.0000, F1: 1.0000, Time: 0.08s
      -> [RandomForest + SMOTE @ 3x] Acc: 1.0000, F1: 1.0000, Time: 1.34s
      -> [LinearSVC + SMOTE @ 3x] Acc: 0.9173, F1: 0.9110, Time: 0.18s
      -> [LogisticRegression + SMOTE @ 3x] Acc: 1.0000, F1: 1.0000, Time: 0.05s
      -> [RNN + SMOTE @ 3x] Acc: 0.7333, F1: 0.6667, Time: 0.33s
    [=== Generating 5x synthetic data with SMOTE ===]
      -> [KNN + SMOTE @ 5x] Acc: 1.0000, F1: 1.0000, Time: 0.09s
      -> [RandomForest + SMOTE @ 5x] Acc: 1.0000, F1: 1.0000, Time: 2.21s
      -> [LinearSVC + SMOTE @ 5x] Acc: 0.9120, F1: 0.9050, Time: 0.31s
      -> [LogisticRegression + SMOTE @ 5x] Acc: 1.0000, F1: 1.0000, Time: 0.08s
      -> [RNN + SMOTE @ 5x] Acc: 0.8000, F1: 0.7770, Time: 0.57s
    [=== Generating 10x synthetic data with SMOTE ===]
      -> [KNN + SMOTE @ 10x] Acc: 1.0000, F1: 1.0000, Time: 0.11s
      -> [RandomForest + SMOTE @ 10x] Acc: 1.0000, F1: 1.0000, Time: 4.68s
      -> [LinearSVC + SMOTE @ 10x] Acc: 0.9147, F1: 0.9079, Time: 0.64s
      -> [LogisticRegression + SMOTE @ 10x] Acc: 1.0000, F1: 1.0000, Time: 0.13s
      -> [RNN + SMOTE @ 10x] Acc: 0.8667, F1: 0.8167, Time: 1.10s
    [=== Generating 2x synthetic data with Mixup ===]
      -> [KNN + Mixup @ 2x] Acc: 1.0000, F1: 1.0000, Time: 0.07s
      -> [RandomForest + Mixup @ 2x] Acc: 0.9993, F1: 0.9993, Time: 0.80s
      -> [LinearSVC + Mixup @ 2x] Acc: 0.9193, F1: 0.9138, Time: 0.12s
      -> [LogisticRegression + Mixup @ 2x] Acc: 1.0000, F1: 1.0000, Time: 0.05s
      -> [RNN + Mixup @ 2x] Acc: 0.6667, F1: 0.6067, Time: 0.23s
    [=== Generating 3x synthetic data with Mixup ===]
      -> [KNN + Mixup @ 3x] Acc: 1.0000, F1: 1.0000, Time: 0.08s
      -> [RandomForest + Mixup @ 3x] Acc: 1.0000, F1: 1.0000, Time: 1.18s
      -> [LinearSVC + Mixup @ 3x] Acc: 0.9193, F1: 0.9143, Time: 0.18s
      -> [LogisticRegression + Mixup @ 3x] Acc: 1.0000, F1: 1.0000, Time: 0.05s
      -> [RNN + Mixup @ 3x] Acc: 0.8667, F1: 0.8167, Time: 0.35s
    [=== Generating 5x synthetic data with Mixup ===]
      -> [KNN + Mixup @ 5x] Acc: 1.0000, F1: 1.0000, Time: 0.09s
      -> [RandomForest + Mixup @ 5x] Acc: 1.0000, F1: 1.0000, Time: 1.92s
      -> [LinearSVC + Mixup @ 5x] Acc: 0.9167, F1: 0.9107, Time: 0.30s
      -> [LogisticRegression + Mixup @ 5x] Acc: 1.0000, F1: 1.0000, Time: 0.08s
      -> [RNN + Mixup @ 5x] Acc: 0.8000, F1: 0.7492, Time: 0.57s
    [=== Generating 10x synthetic data with Mixup ===]
      -> [KNN + Mixup @ 10x] Acc: 1.0000, F1: 1.0000, Time: 0.12s
      -> [RandomForest + Mixup @ 10x] Acc: 1.0000, F1: 1.0000, Time: 3.96s
      -> [LinearSVC + Mixup @ 10x] Acc: 0.9193, F1: 0.9133, Time: 0.60s
      -> [LogisticRegression + Mixup @ 10x] Acc: 1.0000, F1: 1.0000, Time: 0.13s
      -> [RNN + Mixup @ 10x] Acc: 0.9333, F1: 0.9270, Time: 1.12s
    [=== Generating 2x synthetic data with GMM ===]
      -> [KNN + GMM @ 2x] Acc: 1.0000, F1: 1.0000, Time: 0.08s
      -> [RandomForest + GMM @ 2x] Acc: 1.0000, F1: 1.0000, Time: 0.93s
      -> [LinearSVC + GMM @ 2x] Acc: 0.9247, F1: 0.9199, Time: 0.13s
      -> [LogisticRegression + GMM @ 2x] Acc: 1.0000, F1: 1.0000, Time: 0.04s
      -> [RNN + GMM @ 2x] Acc: 0.4000, F1: 0.2985, Time: 0.24s
    [=== Generating 3x synthetic data with GMM ===]
      -> [KNN + GMM @ 3x] Acc: 1.0000, F1: 1.0000, Time: 0.08s
      -> [RandomForest + GMM @ 3x] Acc: 0.9993, F1: 0.9993, Time: 1.50s
      -> [LinearSVC + GMM @ 3x] Acc: 0.9240, F1: 0.9191, Time: 0.20s
      -> [LogisticRegression + GMM @ 3x] Acc: 1.0000, F1: 1.0000, Time: 0.06s
      -> [RNN + GMM @ 3x] Acc: 0.6000, F1: 0.5089, Time: 0.36s
    [=== Generating 5x synthetic data with GMM ===]
      -> [KNN + GMM @ 5x] Acc: 1.0000, F1: 1.0000, Time: 0.09s
      -> [RandomForest + GMM @ 5x] Acc: 1.0000, F1: 1.0000, Time: 2.69s
      -> [LinearSVC + GMM @ 5x] Acc: 0.9247, F1: 0.9200, Time: 0.36s
      -> [LogisticRegression + GMM @ 5x] Acc: 1.0000, F1: 1.0000, Time: 0.07s
      -> [RNN + GMM @ 5x] Acc: 0.7333, F1: 0.6603, Time: 0.72s
    [=== Generating 10x synthetic data with GMM ===]
      -> [KNN + GMM @ 10x] Acc: 1.0000, F1: 1.0000, Time: 0.12s
      -> [RandomForest + GMM @ 10x] Acc: 1.0000, F1: 1.0000, Time: 5.65s
      -> [LinearSVC + GMM @ 10x] Acc: 0.9260, F1: 0.9214, Time: 0.75s
      -> [LogisticRegression + GMM @ 10x] Acc: 1.0000, F1: 1.0000, Time: 0.16s
      -> [RNN + GMM @ 10x] Acc: 0.9333, F1: 0.9314, Time: 1.15s
    [=== Generating 2x synthetic data with HMM_GMM ===]
      -> [KNN + HMM_GMM @ 2x] Acc: 1.0000, F1: 1.0000, Time: 0.08s
      -> [RandomForest + HMM_GMM @ 2x] Acc: 0.9993, F1: 0.9993, Time: 0.74s
      -> [LinearSVC + HMM_GMM @ 2x] Acc: 0.8773, F1: 0.8775, Time: 0.09s
      -> [LogisticRegression + HMM_GMM @ 2x] Acc: 1.0000, F1: 1.0000, Time: 0.05s
      -> [RNN + HMM_GMM @ 2x] Acc: 0.5333, F1: 0.3867, Time: 0.24s
    [=== Generating 3x synthetic data with HMM_GMM ===]
      -> [KNN + HMM_GMM @ 3x] Acc: 1.0000, F1: 1.0000, Time: 0.08s
      -> [RandomForest + HMM_GMM @ 3x] Acc: 0.9993, F1: 0.9993, Time: 0.89s
      -> [LinearSVC + HMM_GMM @ 3x] Acc: 0.8507, F1: 0.8496, Time: 0.13s
      -> [LogisticRegression + HMM_GMM @ 3x] Acc: 1.0000, F1: 1.0000, Time: 0.07s
      -> [RNN + HMM_GMM @ 3x] Acc: 0.3333, F1: 0.2222, Time: 0.35s
    [=== Generating 5x synthetic data with HMM_GMM ===]
      -> [KNN + HMM_GMM @ 5x] Acc: 1.0000, F1: 1.0000, Time: 0.09s
      -> [RandomForest + HMM_GMM @ 5x] Acc: 0.9993, F1: 0.9993, Time: 1.14s
      -> [LinearSVC + HMM_GMM @ 5x] Acc: 0.8067, F1: 0.8035, Time: 0.21s
      -> [LogisticRegression + HMM_GMM @ 5x] Acc: 1.0000, F1: 1.0000, Time: 0.10s
      -> [RNN + HMM_GMM @ 5x] Acc: 0.7333, F1: 0.6870, Time: 0.55s
    [=== Generating 10x synthetic data with HMM_GMM ===]
      -> [KNN + HMM_GMM @ 10x] Acc: 1.0000, F1: 1.0000, Time: 0.12s
      -> [RandomForest + HMM_GMM @ 10x] Acc: 0.9993, F1: 0.9993, Time: 1.68s
      -> [LinearSVC + HMM_GMM @ 10x] Acc: 0.7940, F1: 0.7899, Time: 0.41s
      -> [LogisticRegression + HMM_GMM @ 10x] Acc: 0.9993, F1: 0.9993, Time: 0.16s
      -> [RNN + HMM_GMM @ 10x] Acc: 0.4667, F1: 0.4000, Time: 1.11s

    >> Seed Fold Selection: 10/10
    Evaluating Model: KNN
      -> [Baseline] Acc: 1.0000, F1: 1.0000, Time: 0.07s
      HP Tuning KNN...
n_iterations: 3
n_required_iterations: 3
n_possible_iterations: 4
min_resources_: 60
max_resources_: 3000
aggressive_elimination: False
factor: 3
----------
iter: 0
n_candidates: 20
n_resources: 60
Fitting 5 folds for each of 20 candidates, totalling 100 fits
----------
iter: 1
n_candidates: 7
n_resources: 180
Fitting 5 folds for each of 7 candidates, totalling 35 fits
----------
iter: 2
n_candidates: 3
n_resources: 540
Fitting 5 folds for each of 3 candidates, totalling 15 fits
      -> [Tuned_Baseline] Acc: 0.9987, F1: 0.9987, Time: 0.01s
    Evaluating Model: RandomForest
      -> [Baseline] Acc: 1.0000, F1: 1.0000, Time: 0.42s
      HP Tuning RandomForest...
n_iterations: 3
n_required_iterations: 3
n_possible_iterations: 4
min_resources_: 60
max_resources_: 3000
aggressive_elimination: False
factor: 3
----------
iter: 0
n_candidates: 20
n_resources: 60
Fitting 5 folds for each of 20 candidates, totalling 100 fits
----------
iter: 1
n_candidates: 7
n_resources: 180
Fitting 5 folds for each of 7 candidates, totalling 35 fits
----------
iter: 2
n_candidates: 3
n_resources: 540
Fitting 5 folds for each of 3 candidates, totalling 15 fits
      -> [Tuned_Baseline] Acc: 1.0000, F1: 1.0000, Time: 0.01s
    Evaluating Model: LinearSVC
      -> [Baseline] Acc: 0.9653, F1: 0.9640, Time: 0.02s
      HP Tuning LinearSVC...
n_iterations: 3
n_required_iterations: 3
n_possible_iterations: 4
min_resources_: 60
max_resources_: 3000
aggressive_elimination: False
factor: 3
----------
iter: 0
n_candidates: 20
n_resources: 60
Fitting 5 folds for each of 20 candidates, totalling 100 fits
----------
iter: 1
n_candidates: 7
n_resources: 180
Fitting 5 folds for each of 7 candidates, totalling 35 fits
----------
iter: 2
n_candidates: 3
n_resources: 540
Fitting 5 folds for each of 3 candidates, totalling 15 fits
      -> [Tuned_Baseline] Acc: 0.9507, F1: 0.9489, Time: 0.00s
    Evaluating Model: LogisticRegression
      -> [Baseline] Acc: 1.0000, F1: 1.0000, Time: 0.05s
      HP Tuning LogisticRegression...
n_iterations: 3
n_required_iterations: 3
n_possible_iterations: 4
min_resources_: 60
max_resources_: 3000
aggressive_elimination: False
factor: 3
----------
iter: 0
n_candidates: 12
n_resources: 60
Fitting 5 folds for each of 12 candidates, totalling 60 fits
----------
iter: 1
n_candidates: 4
n_resources: 180
Fitting 5 folds for each of 4 candidates, totalling 20 fits
----------
iter: 2
n_candidates: 2
n_resources: 540
Fitting 5 folds for each of 2 candidates, totalling 10 fits
      -> [Tuned_Baseline] Acc: 1.0000, F1: 1.0000, Time: 0.00s
    Evaluating Model: RNN
      -> [Baseline] Acc: 0.3333, F1: 0.1891, Time: 0.12s
      -> [Tuned_Baseline] Acc: 0.3333, F1: 0.1891, Time: 0.00s
    [=== Generating 2x synthetic data with Jittering ===]
      -> [KNN + Jittering @ 2x] Acc: 1.0000, F1: 1.0000, Time: 0.02s
      -> [RandomForest + Jittering @ 2x] Acc: 1.0000, F1: 1.0000, Time: 0.96s
      -> [LinearSVC + Jittering @ 2x] Acc: 0.9520, F1: 0.9505, Time: 0.13s
      -> [LogisticRegression + Jittering @ 2x] Acc: 1.0000, F1: 1.0000, Time: 0.05s
      -> [RNN + Jittering @ 2x] Acc: 0.8000, F1: 0.7481, Time: 0.23s
    [=== Generating 3x synthetic data with Jittering ===]
      -> [KNN + Jittering @ 3x] Acc: 1.0000, F1: 1.0000, Time: 0.03s
      -> [RandomForest + Jittering @ 3x] Acc: 1.0000, F1: 1.0000, Time: 1.51s
      -> [LinearSVC + Jittering @ 3x] Acc: 0.9513, F1: 0.9497, Time: 0.20s
      -> [LogisticRegression + Jittering @ 3x] Acc: 1.0000, F1: 1.0000, Time: 0.06s
      -> [RNN + Jittering @ 3x] Acc: 0.5333, F1: 0.3980, Time: 0.34s
    [=== Generating 5x synthetic data with Jittering ===]
      -> [KNN + Jittering @ 5x] Acc: 1.0000, F1: 1.0000, Time: 0.04s
      -> [RandomForest + Jittering @ 5x] Acc: 1.0000, F1: 1.0000, Time: 2.64s
      -> [LinearSVC + Jittering @ 5x] Acc: 0.9520, F1: 0.9504, Time: 0.35s
      -> [LogisticRegression + Jittering @ 5x] Acc: 1.0000, F1: 1.0000, Time: 0.09s
      -> [RNN + Jittering @ 5x] Acc: 0.8667, F1: 0.8167, Time: 0.56s
    [=== Generating 10x synthetic data with Jittering ===]
      -> [KNN + Jittering @ 10x] Acc: 1.0000, F1: 1.0000, Time: 0.06s
      -> [RandomForest + Jittering @ 10x] Acc: 1.0000, F1: 1.0000, Time: 5.53s
      -> [LinearSVC + Jittering @ 10x] Acc: 0.9527, F1: 0.9512, Time: 0.75s
      -> [LogisticRegression + Jittering @ 10x] Acc: 0.9993, F1: 0.9993, Time: 0.12s
      -> [RNN + Jittering @ 10x] Acc: 0.9333, F1: 0.9270, Time: 1.15s
    [=== Generating 2x synthetic data with Scaling ===]
      -> [KNN + Scaling @ 2x] Acc: 0.9993, F1: 0.9993, Time: 0.02s
      -> [RandomForest + Scaling @ 2x] Acc: 1.0000, F1: 1.0000, Time: 0.89s
      -> [LinearSVC + Scaling @ 2x] Acc: 0.9487, F1: 0.9467, Time: 0.12s
      -> [LogisticRegression + Scaling @ 2x] Acc: 1.0000, F1: 1.0000, Time: 0.06s
      -> [RNN + Scaling @ 2x] Acc: 0.5333, F1: 0.3722, Time: 0.23s
    [=== Generating 3x synthetic data with Scaling ===]
      -> [KNN + Scaling @ 3x] Acc: 1.0000, F1: 1.0000, Time: 0.03s
      -> [RandomForest + Scaling @ 3x] Acc: 1.0000, F1: 1.0000, Time: 1.35s
      -> [LinearSVC + Scaling @ 3x] Acc: 0.9527, F1: 0.9516, Time: 0.18s
      -> [LogisticRegression + Scaling @ 3x] Acc: 1.0000, F1: 1.0000, Time: 0.08s
      -> [RNN + Scaling @ 3x] Acc: 0.6667, F1: 0.5581, Time: 0.35s
    [=== Generating 5x synthetic data with Scaling ===]
      -> [KNN + Scaling @ 5x] Acc: 1.0000, F1: 1.0000, Time: 0.04s
      -> [RandomForest + Scaling @ 5x] Acc: 1.0000, F1: 1.0000, Time: 2.35s
      -> [LinearSVC + Scaling @ 5x] Acc: 0.9487, F1: 0.9471, Time: 0.31s
      -> [LogisticRegression + Scaling @ 5x] Acc: 1.0000, F1: 1.0000, Time: 0.15s
      -> [RNN + Scaling @ 5x] Acc: 1.0000, F1: 1.0000, Time: 0.56s
    [=== Generating 10x synthetic data with Scaling ===]
      -> [KNN + Scaling @ 10x] Acc: 1.0000, F1: 1.0000, Time: 0.07s
      -> [RandomForest + Scaling @ 10x] Acc: 1.0000, F1: 1.0000, Time: 4.96s
      -> [LinearSVC + Scaling @ 10x] Acc: 0.9640, F1: 0.9633, Time: 0.62s
      -> [LogisticRegression + Scaling @ 10x] Acc: 1.0000, F1: 1.0000, Time: 0.28s
      -> [RNN + Scaling @ 10x] Acc: 0.8667, F1: 0.8167, Time: 1.18s
    [=== Generating 2x synthetic data with Magnitude_Warping ===]
      -> [KNN + Magnitude_Warping @ 2x] Acc: 0.9993, F1: 0.9993, Time: 0.02s
      -> [RandomForest + Magnitude_Warping @ 2x] Acc: 1.0000, F1: 1.0000, Time: 1.04s
      -> [LinearSVC + Magnitude_Warping @ 2x] Acc: 0.9487, F1: 0.9469, Time: 0.12s
      -> [LogisticRegression + Magnitude_Warping @ 2x] Acc: 0.9987, F1: 0.9987, Time: 0.09s
      -> [RNN + Magnitude_Warping @ 2x] Acc: 0.6000, F1: 0.5089, Time: 0.24s
    [=== Generating 3x synthetic data with Magnitude_Warping ===]
      -> [KNN + Magnitude_Warping @ 3x] Acc: 0.9993, F1: 0.9993, Time: 0.03s
      -> [RandomForest + Magnitude_Warping @ 3x] Acc: 1.0000, F1: 1.0000, Time: 1.80s
      -> [LinearSVC + Magnitude_Warping @ 3x] Acc: 0.9500, F1: 0.9481, Time: 0.18s
      -> [LogisticRegression + Magnitude_Warping @ 3x] Acc: 1.0000, F1: 1.0000, Time: 0.16s
      -> [RNN + Magnitude_Warping @ 3x] Acc: 0.6000, F1: 0.5556, Time: 0.35s
    [=== Generating 5x synthetic data with Magnitude_Warping ===]
      -> [KNN + Magnitude_Warping @ 5x] Acc: 0.9987, F1: 0.9987, Time: 0.04s
      -> [RandomForest + Magnitude_Warping @ 5x] Acc: 1.0000, F1: 1.0000, Time: 3.16s
      -> [LinearSVC + Magnitude_Warping @ 5x] Acc: 0.9100, F1: 0.9055, Time: 0.30s
      -> [LogisticRegression + Magnitude_Warping @ 5x] Acc: 1.0000, F1: 1.0000, Time: 0.27s
      -> [RNN + Magnitude_Warping @ 5x] Acc: 0.8000, F1: 0.7870, Time: 0.58s
    [=== Generating 10x synthetic data with Magnitude_Warping ===]
      -> [KNN + Magnitude_Warping @ 10x] Acc: 0.9980, F1: 0.9980, Time: 0.07s
      -> [RandomForest + Magnitude_Warping @ 10x] Acc: 1.0000, F1: 1.0000, Time: 7.72s
      -> [LinearSVC + Magnitude_Warping @ 10x] Acc: 0.9233, F1: 0.9204, Time: 0.63s
      -> [LogisticRegression + Magnitude_Warping @ 10x] Acc: 1.0000, F1: 1.0000, Time: 0.51s
      -> [RNN + Magnitude_Warping @ 10x] Acc: 0.9333, F1: 0.9270, Time: 1.18s
    [=== Generating 2x synthetic data with Time_Warping ===]
      -> [KNN + Time_Warping @ 2x] Acc: 0.9980, F1: 0.9980, Time: 0.03s
      -> [RandomForest + Time_Warping @ 2x] Acc: 1.0000, F1: 1.0000, Time: 0.89s
      -> [LinearSVC + Time_Warping @ 2x] Acc: 0.9207, F1: 0.9202, Time: 0.11s
      -> [LogisticRegression + Time_Warping @ 2x] Acc: 1.0000, F1: 1.0000, Time: 0.05s
      -> [RNN + Time_Warping @ 2x] Acc: 0.4000, F1: 0.2980, Time: 0.23s
    [=== Generating 3x synthetic data with Time_Warping ===]
      -> [KNN + Time_Warping @ 3x] Acc: 0.9980, F1: 0.9980, Time: 0.04s
      -> [RandomForest + Time_Warping @ 3x] Acc: 1.0000, F1: 1.0000, Time: 1.36s
      -> [LinearSVC + Time_Warping @ 3x] Acc: 0.9287, F1: 0.9283, Time: 0.14s
      -> [LogisticRegression + Time_Warping @ 3x] Acc: 1.0000, F1: 1.0000, Time: 0.06s
      -> [RNN + Time_Warping @ 3x] Acc: 0.8667, F1: 0.8095, Time: 0.35s
    [=== Generating 5x synthetic data with Time_Warping ===]
      -> [KNN + Time_Warping @ 5x] Acc: 0.9980, F1: 0.9980, Time: 0.05s
      -> [RandomForest + Time_Warping @ 5x] Acc: 1.0000, F1: 1.0000, Time: 2.37s
      -> [LinearSVC + Time_Warping @ 5x] Acc: 0.9113, F1: 0.9108, Time: 0.22s
      -> [LogisticRegression + Time_Warping @ 5x] Acc: 1.0000, F1: 1.0000, Time: 0.10s
      -> [RNN + Time_Warping @ 5x] Acc: 0.8000, F1: 0.7481, Time: 0.55s
    [=== Generating 10x synthetic data with Time_Warping ===]
      -> [KNN + Time_Warping @ 10x] Acc: 0.9980, F1: 0.9980, Time: 0.09s
      -> [RandomForest + Time_Warping @ 10x] Acc: 1.0000, F1: 1.0000, Time: 4.84s
      -> [LinearSVC + Time_Warping @ 10x] Acc: 0.9260, F1: 0.9255, Time: 0.42s
      -> [LogisticRegression + Time_Warping @ 10x] Acc: 1.0000, F1: 1.0000, Time: 0.15s
      -> [RNN + Time_Warping @ 10x] Acc: 0.8667, F1: 0.8167, Time: 1.10s
    [=== Generating 2x synthetic data with SMOTE ===]
      -> [KNN + SMOTE @ 2x] Acc: 1.0000, F1: 1.0000, Time: 0.02s
      -> [RandomForest + SMOTE @ 2x] Acc: 1.0000, F1: 1.0000, Time: 0.86s
      -> [LinearSVC + SMOTE @ 2x] Acc: 0.9627, F1: 0.9616, Time: 0.12s
      -> [LogisticRegression + SMOTE @ 2x] Acc: 1.0000, F1: 1.0000, Time: 0.05s
      -> [RNN + SMOTE @ 2x] Acc: 0.4000, F1: 0.2400, Time: 0.23s
    [=== Generating 3x synthetic data with SMOTE ===]
      -> [KNN + SMOTE @ 3x] Acc: 1.0000, F1: 1.0000, Time: 0.03s
      -> [RandomForest + SMOTE @ 3x] Acc: 1.0000, F1: 1.0000, Time: 1.34s
      -> [LinearSVC + SMOTE @ 3x] Acc: 0.9593, F1: 0.9581, Time: 0.19s
      -> [LogisticRegression + SMOTE @ 3x] Acc: 1.0000, F1: 1.0000, Time: 0.07s
      -> [RNN + SMOTE @ 3x] Acc: 0.5333, F1: 0.3803, Time: 0.37s
    [=== Generating 5x synthetic data with SMOTE ===]
      -> [KNN + SMOTE @ 5x] Acc: 1.0000, F1: 1.0000, Time: 0.04s
      -> [RandomForest + SMOTE @ 5x] Acc: 1.0000, F1: 1.0000, Time: 2.31s
      -> [LinearSVC + SMOTE @ 5x] Acc: 0.9573, F1: 0.9558, Time: 0.31s
      -> [LogisticRegression + SMOTE @ 5x] Acc: 0.9993, F1: 0.9993, Time: 0.06s
      -> [RNN + SMOTE @ 5x] Acc: 0.7333, F1: 0.6881, Time: 0.55s
    [=== Generating 10x synthetic data with SMOTE ===]
      -> [KNN + SMOTE @ 10x] Acc: 1.0000, F1: 1.0000, Time: 0.06s
      -> [RandomForest + SMOTE @ 10x] Acc: 1.0000, F1: 1.0000, Time: 4.79s
      -> [LinearSVC + SMOTE @ 10x] Acc: 0.9393, F1: 0.9355, Time: 0.65s
      -> [LogisticRegression + SMOTE @ 10x] Acc: 1.0000, F1: 1.0000, Time: 0.14s
      -> [RNN + SMOTE @ 10x] Acc: 0.8667, F1: 0.8584, Time: 1.12s
    [=== Generating 2x synthetic data with Mixup ===]
      -> [KNN + Mixup @ 2x] Acc: 1.0000, F1: 1.0000, Time: 0.02s
      -> [RandomForest + Mixup @ 2x] Acc: 1.0000, F1: 1.0000, Time: 0.79s
      -> [LinearSVC + Mixup @ 2x] Acc: 0.9393, F1: 0.9361, Time: 0.12s
      -> [LogisticRegression + Mixup @ 2x] Acc: 1.0000, F1: 1.0000, Time: 0.05s
      -> [RNN + Mixup @ 2x] Acc: 0.6667, F1: 0.5500, Time: 0.23s
    [=== Generating 3x synthetic data with Mixup ===]
      -> [KNN + Mixup @ 3x] Acc: 1.0000, F1: 1.0000, Time: 0.03s
      -> [RandomForest + Mixup @ 3x] Acc: 1.0000, F1: 1.0000, Time: 1.18s
      -> [LinearSVC + Mixup @ 3x] Acc: 0.9427, F1: 0.9396, Time: 0.18s
      -> [LogisticRegression + Mixup @ 3x] Acc: 1.0000, F1: 1.0000, Time: 0.07s
      -> [RNN + Mixup @ 3x] Acc: 0.7333, F1: 0.6389, Time: 0.37s
    [=== Generating 5x synthetic data with Mixup ===]
      -> [KNN + Mixup @ 5x] Acc: 1.0000, F1: 1.0000, Time: 0.04s
      -> [RandomForest + Mixup @ 5x] Acc: 1.0000, F1: 1.0000, Time: 2.09s
      -> [LinearSVC + Mixup @ 5x] Acc: 0.9447, F1: 0.9418, Time: 0.30s
      -> [LogisticRegression + Mixup @ 5x] Acc: 1.0000, F1: 1.0000, Time: 0.10s
      -> [RNN + Mixup @ 5x] Acc: 0.6000, F1: 0.5548, Time: 0.55s
    [=== Generating 10x synthetic data with Mixup ===]
      -> [KNN + Mixup @ 10x] Acc: 1.0000, F1: 1.0000, Time: 0.06s
      -> [RandomForest + Mixup @ 10x] Acc: 1.0000, F1: 1.0000, Time: 4.15s
      -> [LinearSVC + Mixup @ 10x] Acc: 0.9587, F1: 0.9574, Time: 0.61s
      -> [LogisticRegression + Mixup @ 10x] Acc: 0.9993, F1: 0.9993, Time: 0.11s
      -> [RNN + Mixup @ 10x] Acc: 0.9333, F1: 0.9333, Time: 1.13s
    [=== Generating 2x synthetic data with GMM ===]
      -> [KNN + GMM @ 2x] Acc: 1.0000, F1: 1.0000, Time: 0.02s
      -> [RandomForest + GMM @ 2x] Acc: 1.0000, F1: 1.0000, Time: 0.96s
      -> [LinearSVC + GMM @ 2x] Acc: 0.9580, F1: 0.9565, Time: 0.13s
      -> [LogisticRegression + GMM @ 2x] Acc: 1.0000, F1: 1.0000, Time: 0.05s
      -> [RNN + GMM @ 2x] Acc: 0.9333, F1: 0.9314, Time: 0.23s
    [=== Generating 3x synthetic data with GMM ===]
      -> [KNN + GMM @ 3x] Acc: 1.0000, F1: 1.0000, Time: 0.03s
      -> [RandomForest + GMM @ 3x] Acc: 1.0000, F1: 1.0000, Time: 1.55s
      -> [LinearSVC + GMM @ 3x] Acc: 0.9553, F1: 0.9537, Time: 0.21s
      -> [LogisticRegression + GMM @ 3x] Acc: 1.0000, F1: 1.0000, Time: 0.06s
      -> [RNN + GMM @ 3x] Acc: 0.7333, F1: 0.6317, Time: 0.36s
    [=== Generating 5x synthetic data with GMM ===]
      -> [KNN + GMM @ 5x] Acc: 1.0000, F1: 1.0000, Time: 0.04s
      -> [RandomForest + GMM @ 5x] Acc: 1.0000, F1: 1.0000, Time: 2.61s
      -> [LinearSVC + GMM @ 5x] Acc: 0.9560, F1: 0.9543, Time: 0.37s
      -> [LogisticRegression + GMM @ 5x] Acc: 1.0000, F1: 1.0000, Time: 0.09s
      -> [RNN + GMM @ 5x] Acc: 0.6667, F1: 0.5500, Time: 0.58s
    [=== Generating 10x synthetic data with GMM ===]
      -> [KNN + GMM @ 10x] Acc: 1.0000, F1: 1.0000, Time: 0.07s
      -> [RandomForest + GMM @ 10x] Acc: 1.0000, F1: 1.0000, Time: 5.70s
      -> [LinearSVC + GMM @ 10x] Acc: 0.9573, F1: 0.9557, Time: 0.78s
      -> [LogisticRegression + GMM @ 10x] Acc: 1.0000, F1: 1.0000, Time: 0.16s
      -> [RNN + GMM @ 10x] Acc: 0.9333, F1: 0.9333, Time: 1.12s
    [=== Generating 2x synthetic data with HMM_GMM ===]
      -> [KNN + HMM_GMM @ 2x] Acc: 0.9987, F1: 0.9987, Time: 0.03s
      -> [RandomForest + HMM_GMM @ 2x] Acc: 1.0000, F1: 1.0000, Time: 0.75s
      -> [LinearSVC + HMM_GMM @ 2x] Acc: 0.8860, F1: 0.8852, Time: 0.09s
      -> [LogisticRegression + HMM_GMM @ 2x] Acc: 1.0000, F1: 1.0000, Time: 0.05s
      -> [RNN + HMM_GMM @ 2x] Acc: 0.5333, F1: 0.4139, Time: 0.23s
    [=== Generating 3x synthetic data with HMM_GMM ===]
      -> [KNN + HMM_GMM @ 3x] Acc: 0.9980, F1: 0.9980, Time: 0.03s
      -> [RandomForest + HMM_GMM @ 3x] Acc: 1.0000, F1: 1.0000, Time: 0.91s
      -> [LinearSVC + HMM_GMM @ 3x] Acc: 0.8513, F1: 0.8490, Time: 0.12s
      -> [LogisticRegression + HMM_GMM @ 3x] Acc: 1.0000, F1: 1.0000, Time: 0.07s
      -> [RNN + HMM_GMM @ 3x] Acc: 0.4000, F1: 0.2291, Time: 0.34s
    [=== Generating 5x synthetic data with HMM_GMM ===]
      -> [KNN + HMM_GMM @ 5x] Acc: 0.9980, F1: 0.9980, Time: 0.04s
      -> [RandomForest + HMM_GMM @ 5x] Acc: 1.0000, F1: 1.0000, Time: 1.03s
      -> [LinearSVC + HMM_GMM @ 5x] Acc: 0.8240, F1: 0.8210, Time: 0.19s
      -> [LogisticRegression + HMM_GMM @ 5x] Acc: 1.0000, F1: 1.0000, Time: 0.09s
      -> [RNN + HMM_GMM @ 5x] Acc: 0.5333, F1: 0.3980, Time: 0.50s
    [=== Generating 10x synthetic data with HMM_GMM ===]
      -> [KNN + HMM_GMM @ 10x] Acc: 0.9980, F1: 0.9980, Time: 0.06s
      -> [RandomForest + HMM_GMM @ 10x] Acc: 1.0000, F1: 1.0000, Time: 1.51s
      -> [LinearSVC + HMM_GMM @ 10x] Acc: 0.7987, F1: 0.7942, Time: 0.37s
      -> [LogisticRegression + HMM_GMM @ 10x] Acc: 0.9993, F1: 0.9993, Time: 0.16s
      -> [RNN + HMM_GMM @ 10x] Acc: 0.5333, F1: 0.4424, Time: 1.01s
No results to plot for Brewed_vinegar_F10_S5.
