Starting Brewed_vinegar - Seed 10 - Fold 1


==================================================
Running experiment for Brewed_vinegar
==================================================

--- Fold 1/10 ---

  >> Seed sets per label: 10

    >> Seed Fold Selection: 1/10
    Evaluating Model: KNN
      -> [Baseline] Acc: 1.0000, F1: 1.0000, Time: 0.09s
      HP Tuning KNN...
n_iterations: 3
n_required_iterations: 3
n_possible_iterations: 5
min_resources_: 60
max_resources_: 6000
aggressive_elimination: False
factor: 3
----------
iter: 0
n_candidates: 20
n_resources: 60
Fitting 5 folds for each of 20 candidates, totalling 100 fits
----------
iter: 1
n_candidates: 7
n_resources: 180
Fitting 5 folds for each of 7 candidates, totalling 35 fits
----------
iter: 2
n_candidates: 3
n_resources: 540
Fitting 5 folds for each of 3 candidates, totalling 15 fits
      -> [Tuned_Baseline] Acc: 1.0000, F1: 1.0000, Time: 0.04s
    Evaluating Model: RandomForest
      -> [Baseline] Acc: 1.0000, F1: 1.0000, Time: 1.08s
      HP Tuning RandomForest...
n_iterations: 3
n_required_iterations: 3
n_possible_iterations: 5
min_resources_: 60
max_resources_: 6000
aggressive_elimination: False
factor: 3
----------
iter: 0
n_candidates: 20
n_resources: 60
Fitting 5 folds for each of 20 candidates, totalling 100 fits
----------
iter: 1
n_candidates: 7
n_resources: 180
Fitting 5 folds for each of 7 candidates, totalling 35 fits
----------
iter: 2
n_candidates: 3
n_resources: 540
Fitting 5 folds for each of 3 candidates, totalling 15 fits
      -> [Tuned_Baseline] Acc: 1.0000, F1: 1.0000, Time: 0.01s
    Evaluating Model: LinearSVC
      -> [Baseline] Acc: 0.9827, F1: 0.9826, Time: 0.08s
      HP Tuning LinearSVC...
n_iterations: 3
n_required_iterations: 3
n_possible_iterations: 5
min_resources_: 60
max_resources_: 6000
aggressive_elimination: False
factor: 3
----------
iter: 0
n_candidates: 20
n_resources: 60
Fitting 5 folds for each of 20 candidates, totalling 100 fits
----------
iter: 1
n_candidates: 7
n_resources: 180
Fitting 5 folds for each of 7 candidates, totalling 35 fits
----------
iter: 2
n_candidates: 3
n_resources: 540
Fitting 5 folds for each of 3 candidates, totalling 15 fits
      -> [Tuned_Baseline] Acc: 0.9827, F1: 0.9826, Time: 0.00s
    Evaluating Model: LogisticRegression
      -> [Baseline] Acc: 1.0000, F1: 1.0000, Time: 0.10s
      HP Tuning LogisticRegression...
n_iterations: 3
n_required_iterations: 3
n_possible_iterations: 5
min_resources_: 60
max_resources_: 6000
aggressive_elimination: False
factor: 3
----------
iter: 0
n_candidates: 12
n_resources: 60
Fitting 5 folds for each of 12 candidates, totalling 60 fits
----------
iter: 1
n_candidates: 4
n_resources: 180
Fitting 5 folds for each of 4 candidates, totalling 20 fits
----------
iter: 2
n_candidates: 2
n_resources: 540
Fitting 5 folds for each of 2 candidates, totalling 10 fits
      -> [Tuned_Baseline] Acc: 1.0000, F1: 1.0000, Time: 0.00s
    Evaluating Model: RNN
      -> [Baseline] Acc: 0.6667, F1: 0.5595, Time: 2.42s
      -> [Tuned_Baseline] Acc: 0.6667, F1: 0.5595, Time: 0.00s
    [=== Generating 2x synthetic data with Jittering ===]
      -> [KNN + Jittering @ 2x] Acc: 1.0000, F1: 1.0000, Time: 0.05s
      -> [RandomForest + Jittering @ 2x] Acc: 1.0000, F1: 1.0000, Time: 3.09s
      -> [LinearSVC + Jittering @ 2x] Acc: 0.9827, F1: 0.9826, Time: 0.14s
      -> [LogisticRegression + Jittering @ 2x] Acc: 1.0000, F1: 1.0000, Time: 0.11s
      -> [RNN + Jittering @ 2x] Acc: 0.6667, F1: 0.5595, Time: 1.16s
    [=== Generating 3x synthetic data with Jittering ===]
      -> [KNN + Jittering @ 3x] Acc: 1.0000, F1: 1.0000, Time: 0.11s
      -> [RandomForest + Jittering @ 3x] Acc: 1.0000, F1: 1.0000, Time: 3.80s
      -> [LinearSVC + Jittering @ 3x] Acc: 0.9793, F1: 0.9792, Time: 0.23s
      -> [LogisticRegression + Jittering @ 3x] Acc: 1.0000, F1: 1.0000, Time: 0.15s
      -> [RNN + Jittering @ 3x] Acc: 0.8000, F1: 0.7429, Time: 1.62s
    [=== Generating 5x synthetic data with Jittering ===]
      -> [KNN + Jittering @ 5x] Acc: 1.0000, F1: 1.0000, Time: 0.15s
      -> [RandomForest + Jittering @ 5x] Acc: 1.0000, F1: 1.0000, Time: 6.25s
      -> [LinearSVC + Jittering @ 5x] Acc: 0.9793, F1: 0.9792, Time: 0.19s
      -> [LogisticRegression + Jittering @ 5x] Acc: 1.0000, F1: 1.0000, Time: 0.23s
      -> [RNN + Jittering @ 5x] Acc: 1.0000, F1: 1.0000, Time: 1.87s
    [=== Generating 10x synthetic data with Jittering ===]
      -> [KNN + Jittering @ 10x] Acc: 1.0000, F1: 1.0000, Time: 0.13s
      -> [RandomForest + Jittering @ 10x] Acc: 1.0000, F1: 1.0000, Time: 14.74s
      -> [LinearSVC + Jittering @ 10x] Acc: 0.9807, F1: 0.9806, Time: 0.58s
      -> [LogisticRegression + Jittering @ 10x] Acc: 1.0000, F1: 1.0000, Time: 0.24s
      -> [RNN + Jittering @ 10x] Acc: 0.6000, F1: 0.4865, Time: 2.82s
    [=== Generating 2x synthetic data with Scaling ===]
      -> [KNN + Scaling @ 2x] Acc: 1.0000, F1: 1.0000, Time: 0.04s
      -> [RandomForest + Scaling @ 2x] Acc: 1.0000, F1: 1.0000, Time: 2.56s
      -> [LinearSVC + Scaling @ 2x] Acc: 0.9793, F1: 0.9792, Time: 0.15s
      -> [LogisticRegression + Scaling @ 2x] Acc: 1.0000, F1: 1.0000, Time: 0.13s
      -> [RNN + Scaling @ 2x] Acc: 0.7333, F1: 0.6889, Time: 0.92s
    [=== Generating 3x synthetic data with Scaling ===]
      -> [KNN + Scaling @ 3x] Acc: 1.0000, F1: 1.0000, Time: 0.11s
      -> [RandomForest + Scaling @ 3x] Acc: 1.0000, F1: 1.0000, Time: 3.54s
      -> [LinearSVC + Scaling @ 3x] Acc: 0.9747, F1: 0.9747, Time: 0.10s
      -> [LogisticRegression + Scaling @ 3x] Acc: 1.0000, F1: 1.0000, Time: 0.18s
      -> [RNN + Scaling @ 3x] Acc: 0.8000, F1: 0.7437, Time: 0.91s
    [=== Generating 5x synthetic data with Scaling ===]
      -> [KNN + Scaling @ 5x] Acc: 1.0000, F1: 1.0000, Time: 0.08s
      -> [RandomForest + Scaling @ 5x] Acc: 1.0000, F1: 1.0000, Time: 5.32s
      -> [LinearSVC + Scaling @ 5x] Acc: 0.9747, F1: 0.9745, Time: 0.17s
      -> [LogisticRegression + Scaling @ 5x] Acc: 1.0000, F1: 1.0000, Time: 0.49s
      -> [RNN + Scaling @ 5x] Acc: 1.0000, F1: 1.0000, Time: 2.07s
    [=== Generating 10x synthetic data with Scaling ===]
      -> [KNN + Scaling @ 10x] Acc: 1.0000, F1: 1.0000, Time: 0.13s
      -> [RandomForest + Scaling @ 10x] Acc: 1.0000, F1: 1.0000, Time: 12.30s
      -> [LinearSVC + Scaling @ 10x] Acc: 0.9720, F1: 0.9718, Time: 0.82s
      -> [LogisticRegression + Scaling @ 10x] Acc: 1.0000, F1: 1.0000, Time: 0.87s
      -> [RNN + Scaling @ 10x] Acc: 0.9333, F1: 0.9270, Time: 3.42s
    [=== Generating 2x synthetic data with Magnitude_Warping ===]
      -> [KNN + Magnitude_Warping @ 2x] Acc: 1.0000, F1: 1.0000, Time: 0.04s
      -> [RandomForest + Magnitude_Warping @ 2x] Acc: 1.0000, F1: 1.0000, Time: 2.74s
      -> [LinearSVC + Magnitude_Warping @ 2x] Acc: 0.9680, F1: 0.9675, Time: 0.07s
      -> [LogisticRegression + Magnitude_Warping @ 2x] Acc: 1.0000, F1: 1.0000, Time: 0.49s
      -> [RNN + Magnitude_Warping @ 2x] Acc: 0.6667, F1: 0.5595, Time: 0.88s
    [=== Generating 3x synthetic data with Magnitude_Warping ===]
      -> [KNN + Magnitude_Warping @ 3x] Acc: 1.0000, F1: 1.0000, Time: 0.11s
      -> [RandomForest + Magnitude_Warping @ 3x] Acc: 1.0000, F1: 1.0000, Time: 4.68s
      -> [LinearSVC + Magnitude_Warping @ 3x] Acc: 0.9607, F1: 0.9600, Time: 0.21s
      -> [LogisticRegression + Magnitude_Warping @ 3x] Acc: 1.0000, F1: 1.0000, Time: 0.73s
      -> [RNN + Magnitude_Warping @ 3x] Acc: 1.0000, F1: 1.0000, Time: 1.03s
    [=== Generating 5x synthetic data with Magnitude_Warping ===]
      -> [KNN + Magnitude_Warping @ 5x] Acc: 1.0000, F1: 1.0000, Time: 0.11s
      -> [RandomForest + Magnitude_Warping @ 5x] Acc: 1.0000, F1: 1.0000, Time: 8.55s
      -> [LinearSVC + Magnitude_Warping @ 5x] Acc: 0.9693, F1: 0.9689, Time: 0.16s
      -> [LogisticRegression + Magnitude_Warping @ 5x] Acc: 1.0000, F1: 1.0000, Time: 0.72s
      -> [RNN + Magnitude_Warping @ 5x] Acc: 0.9333, F1: 0.9270, Time: 1.29s
    [=== Generating 10x synthetic data with Magnitude_Warping ===]
      -> [KNN + Magnitude_Warping @ 10x] Acc: 1.0000, F1: 1.0000, Time: 0.14s
      -> [RandomForest + Magnitude_Warping @ 10x] Acc: 1.0000, F1: 1.0000, Time: 22.05s
      -> [LinearSVC + Magnitude_Warping @ 10x] Acc: 0.9580, F1: 0.9575, Time: 0.34s
      -> [LogisticRegression + Magnitude_Warping @ 10x] Acc: 1.0000, F1: 1.0000, Time: 1.16s
      -> [RNN + Magnitude_Warping @ 10x] Acc: 1.0000, F1: 1.0000, Time: 2.48s
    [=== Generating 2x synthetic data with Time_Warping ===]
      -> [KNN + Time_Warping @ 2x] Acc: 1.0000, F1: 1.0000, Time: 0.04s
      -> [RandomForest + Time_Warping @ 2x] Acc: 1.0000, F1: 1.0000, Time: 2.09s
      -> [LinearSVC + Time_Warping @ 2x] Acc: 0.9740, F1: 0.9738, Time: 0.13s
      -> [LogisticRegression + Time_Warping @ 2x] Acc: 1.0000, F1: 1.0000, Time: 0.13s
      -> [RNN + Time_Warping @ 2x] Acc: 0.6667, F1: 0.5595, Time: 1.18s
    [=== Generating 3x synthetic data with Time_Warping ===]
      -> [KNN + Time_Warping @ 3x] Acc: 1.0000, F1: 1.0000, Time: 0.07s
      -> [RandomForest + Time_Warping @ 3x] Acc: 1.0000, F1: 1.0000, Time: 4.02s
      -> [LinearSVC + Time_Warping @ 3x] Acc: 0.9507, F1: 0.9501, Time: 0.19s
      -> [LogisticRegression + Time_Warping @ 3x] Acc: 1.0000, F1: 1.0000, Time: 0.21s
      -> [RNN + Time_Warping @ 3x] Acc: 0.8000, F1: 0.7429, Time: 0.88s
    [=== Generating 5x synthetic data with Time_Warping ===]
      -> [KNN + Time_Warping @ 5x] Acc: 1.0000, F1: 1.0000, Time: 0.09s
      -> [RandomForest + Time_Warping @ 5x] Acc: 1.0000, F1: 1.0000, Time: 6.45s
      -> [LinearSVC + Time_Warping @ 5x] Acc: 0.9180, F1: 0.9181, Time: 0.28s
      -> [LogisticRegression + Time_Warping @ 5x] Acc: 1.0000, F1: 1.0000, Time: 0.31s
      -> [RNN + Time_Warping @ 5x] Acc: 0.8000, F1: 0.7429, Time: 1.49s
    [=== Generating 10x synthetic data with Time_Warping ===]
      -> [KNN + Time_Warping @ 10x] Acc: 1.0000, F1: 1.0000, Time: 0.16s
      -> [RandomForest + Time_Warping @ 10x] Acc: 1.0000, F1: 1.0000, Time: 11.80s
      -> [LinearSVC + Time_Warping @ 10x] Acc: 0.9207, F1: 0.9212, Time: 0.30s
      -> [LogisticRegression + Time_Warping @ 10x] Acc: 1.0000, F1: 1.0000, Time: 0.27s
      -> [RNN + Time_Warping @ 10x] Acc: 1.0000, F1: 1.0000, Time: 2.52s
    [=== Generating 2x synthetic data with SMOTE ===]
      -> [KNN + SMOTE @ 2x] Acc: 1.0000, F1: 1.0000, Time: 0.06s
      -> [RandomForest + SMOTE @ 2x] Acc: 1.0000, F1: 1.0000, Time: 1.77s
      -> [LinearSVC + SMOTE @ 2x] Acc: 0.9827, F1: 0.9827, Time: 0.15s
      -> [LogisticRegression + SMOTE @ 2x] Acc: 1.0000, F1: 1.0000, Time: 0.12s
      -> [RNN + SMOTE @ 2x] Acc: 0.9333, F1: 0.9289, Time: 0.90s
    [=== Generating 3x synthetic data with SMOTE ===]
      -> [KNN + SMOTE @ 3x] Acc: 1.0000, F1: 1.0000, Time: 0.05s
      -> [RandomForest + SMOTE @ 3x] Acc: 1.0000, F1: 1.0000, Time: 2.86s
      -> [LinearSVC + SMOTE @ 3x] Acc: 0.9827, F1: 0.9826, Time: 0.25s
      -> [LogisticRegression + SMOTE @ 3x] Acc: 1.0000, F1: 1.0000, Time: 0.13s
      -> [RNN + SMOTE @ 3x] Acc: 0.9333, F1: 0.9270, Time: 0.77s
    [=== Generating 5x synthetic data with SMOTE ===]
      -> [KNN + SMOTE @ 5x] Acc: 1.0000, F1: 1.0000, Time: 0.07s
      -> [RandomForest + SMOTE @ 5x] Acc: 1.0000, F1: 1.0000, Time: 5.15s
      -> [LinearSVC + SMOTE @ 5x] Acc: 0.9813, F1: 0.9814, Time: 0.18s
      -> [LogisticRegression + SMOTE @ 5x] Acc: 1.0000, F1: 1.0000, Time: 0.26s
      -> [RNN + SMOTE @ 5x] Acc: 1.0000, F1: 1.0000, Time: 2.39s
    [=== Generating 10x synthetic data with SMOTE ===]
      -> [KNN + SMOTE @ 10x] Acc: 1.0000, F1: 1.0000, Time: 0.12s
      -> [RandomForest + SMOTE @ 10x] Acc: 1.0000, F1: 1.0000, Time: 10.90s
      -> [LinearSVC + SMOTE @ 10x] Acc: 0.9820, F1: 0.9820, Time: 0.46s
      -> [LogisticRegression + SMOTE @ 10x] Acc: 1.0000, F1: 1.0000, Time: 0.25s
      -> [RNN + SMOTE @ 10x] Acc: 0.9333, F1: 0.9270, Time: 3.30s
    [=== Generating 2x synthetic data with ADASYN ===]
      [!] Failed generation with ADASYN at 2x: Not any neigbours belong to the majority class. This case will induce a NaN case with a division by zero. ADASYN is not suited for this specific dataset. Use SMOTE instead.
    [=== Generating 3x synthetic data with ADASYN ===]
      [!] Failed generation with ADASYN at 3x: Not any neigbours belong to the majority class. This case will induce a NaN case with a division by zero. ADASYN is not suited for this specific dataset. Use SMOTE instead.
    [=== Generating 5x synthetic data with ADASYN ===]
      [!] Failed generation with ADASYN at 5x: Not any neigbours belong to the majority class. This case will induce a NaN case with a division by zero. ADASYN is not suited for this specific dataset. Use SMOTE instead.
    [=== Generating 10x synthetic data with ADASYN ===]
      [!] Failed generation with ADASYN at 10x: Not any neigbours belong to the majority class. This case will induce a NaN case with a division by zero. ADASYN is not suited for this specific dataset. Use SMOTE instead.
    [=== Generating 2x synthetic data with Mixup ===]
      -> [KNN + Mixup @ 2x] Acc: 1.0000, F1: 1.0000, Time: 0.07s
      -> [RandomForest + Mixup @ 2x] Acc: 1.0000, F1: 1.0000, Time: 2.25s
      -> [LinearSVC + Mixup @ 2x] Acc: 0.9827, F1: 0.9826, Time: 0.07s
      -> [LogisticRegression + Mixup @ 2x] Acc: 1.0000, F1: 1.0000, Time: 0.10s
      -> [RNN + Mixup @ 2x] Acc: 0.6000, F1: 0.5196, Time: 1.08s
    [=== Generating 3x synthetic data with Mixup ===]
      -> [KNN + Mixup @ 3x] Acc: 1.0000, F1: 1.0000, Time: 0.10s
      -> [RandomForest + Mixup @ 3x] Acc: 1.0000, F1: 1.0000, Time: 3.32s
      -> [LinearSVC + Mixup @ 3x] Acc: 0.9787, F1: 0.9786, Time: 0.22s
      -> [LogisticRegression + Mixup @ 3x] Acc: 1.0000, F1: 1.0000, Time: 0.14s
      -> [RNN + Mixup @ 3x] Acc: 0.9333, F1: 0.9270, Time: 1.45s
    [=== Generating 5x synthetic data with Mixup ===]
      -> [KNN + Mixup @ 5x] Acc: 1.0000, F1: 1.0000, Time: 0.14s
      -> [RandomForest + Mixup @ 5x] Acc: 1.0000, F1: 1.0000, Time: 5.35s
      -> [LinearSVC + Mixup @ 5x] Acc: 0.9820, F1: 0.9820, Time: 0.29s
      -> [LogisticRegression + Mixup @ 5x] Acc: 1.0000, F1: 1.0000, Time: 0.12s
      -> [RNN + Mixup @ 5x] Acc: 0.8000, F1: 0.7714, Time: 1.72s
    [=== Generating 10x synthetic data with Mixup ===]
      -> [KNN + Mixup @ 10x] Acc: 1.0000, F1: 1.0000, Time: 0.12s
      -> [RandomForest + Mixup @ 10x] Acc: 1.0000, F1: 1.0000, Time: 10.54s
      -> [LinearSVC + Mixup @ 10x] Acc: 0.9747, F1: 0.9745, Time: 0.76s
      -> [LogisticRegression + Mixup @ 10x] Acc: 1.0000, F1: 1.0000, Time: 0.50s
      -> [RNN + Mixup @ 10x] Acc: 0.9333, F1: 0.9333, Time: 3.56s
    [=== Generating 2x synthetic data with GMM ===]
      -> [KNN + GMM @ 2x] Acc: 1.0000, F1: 1.0000, Time: 0.03s
      -> [RandomForest + GMM @ 2x] Acc: 1.0000, F1: 1.0000, Time: 2.13s
      -> [LinearSVC + GMM @ 2x] Acc: 0.9780, F1: 0.9779, Time: 0.07s
      -> [LogisticRegression + GMM @ 2x] Acc: 1.0000, F1: 1.0000, Time: 0.06s
      -> [RNN + GMM @ 2x] Acc: 0.8667, F1: 0.8095, Time: 0.51s
    [=== Generating 3x synthetic data with GMM ===]
      -> [KNN + GMM @ 3x] Acc: 1.0000, F1: 1.0000, Time: 0.05s
      -> [RandomForest + GMM @ 3x] Acc: 1.0000, F1: 1.0000, Time: 4.05s
      -> [LinearSVC + GMM @ 3x] Acc: 0.9800, F1: 0.9799, Time: 0.24s
      -> [LogisticRegression + GMM @ 3x] Acc: 1.0000, F1: 1.0000, Time: 0.15s
      -> [RNN + GMM @ 3x] Acc: 0.9333, F1: 0.9333, Time: 1.48s
    [=== Generating 5x synthetic data with GMM ===]
      -> [KNN + GMM @ 5x] Acc: 1.0000, F1: 1.0000, Time: 0.14s
      -> [RandomForest + GMM @ 5x] Acc: 1.0000, F1: 1.0000, Time: 6.53s
      -> [LinearSVC + GMM @ 5x] Acc: 0.9807, F1: 0.9806, Time: 0.18s
      -> [LogisticRegression + GMM @ 5x] Acc: 1.0000, F1: 1.0000, Time: 0.24s
      -> [RNN + GMM @ 5x] Acc: 0.9333, F1: 0.9270, Time: 1.48s
    [=== Generating 10x synthetic data with GMM ===]
      -> [KNN + GMM @ 10x] Acc: 1.0000, F1: 1.0000, Time: 0.13s
      -> [RandomForest + GMM @ 10x] Acc: 1.0000, F1: 1.0000, Time: 16.42s
      -> [LinearSVC + GMM @ 10x] Acc: 0.9787, F1: 0.9786, Time: 0.45s
      -> [LogisticRegression + GMM @ 10x] Acc: 1.0000, F1: 1.0000, Time: 0.26s
      -> [RNN + GMM @ 10x] Acc: 1.0000, F1: 1.0000, Time: 3.45s
    [=== Generating 2x synthetic data with HMM_GMM ===]
      -> [KNN + HMM_GMM @ 2x] Acc: 1.0000, F1: 1.0000, Time: 0.04s
      -> [RandomForest + HMM_GMM @ 2x] Acc: 0.9993, F1: 0.9993, Time: 1.29s
      -> [LinearSVC + HMM_GMM @ 2x] Acc: 0.9000, F1: 0.9005, Time: 0.06s
      -> [LogisticRegression + HMM_GMM @ 2x] Acc: 0.9993, F1: 0.9993, Time: 0.15s
      -> [RNN + HMM_GMM @ 2x] Acc: 0.7333, F1: 0.6281, Time: 0.58s
    [=== Generating 3x synthetic data with HMM_GMM ===]
      -> [KNN + HMM_GMM @ 3x] Acc: 1.0000, F1: 1.0000, Time: 0.05s
      -> [RandomForest + HMM_GMM @ 3x] Acc: 0.9993, F1: 0.9993, Time: 2.24s
      -> [LinearSVC + HMM_GMM @ 3x] Acc: 0.8787, F1: 0.8773, Time: 0.10s
      -> [LogisticRegression + HMM_GMM @ 3x] Acc: 0.9993, F1: 0.9993, Time: 0.09s
      -> [RNN + HMM_GMM @ 3x] Acc: 0.7333, F1: 0.6889, Time: 0.74s
    [=== Generating 5x synthetic data with HMM_GMM ===]
      -> [KNN + HMM_GMM @ 5x] Acc: 1.0000, F1: 1.0000, Time: 0.07s
      -> [RandomForest + HMM_GMM @ 5x] Acc: 0.9993, F1: 0.9993, Time: 2.49s
      -> [LinearSVC + HMM_GMM @ 5x] Acc: 0.8480, F1: 0.8455, Time: 0.15s
      -> [LogisticRegression + HMM_GMM @ 5x] Acc: 0.9993, F1: 0.9993, Time: 0.16s
      -> [RNN + HMM_GMM @ 5x] Acc: 0.8000, F1: 0.7429, Time: 1.87s
    [=== Generating 10x synthetic data with HMM_GMM ===]
      -> [KNN + HMM_GMM @ 10x] Acc: 1.0000, F1: 1.0000, Time: 0.13s
      -> [RandomForest + HMM_GMM @ 10x] Acc: 0.9993, F1: 0.9993, Time: 3.51s
      -> [LinearSVC + HMM_GMM @ 10x] Acc: 0.8307, F1: 0.8280, Time: 0.36s
      -> [LogisticRegression + HMM_GMM @ 10x] Acc: 0.9993, F1: 0.9993, Time: 0.36s
      -> [RNN + HMM_GMM @ 10x] Acc: 0.6667, F1: 0.5956, Time: 2.51s

    >> Seed Fold Selection: 2/10
    Evaluating Model: KNN
      -> [Baseline] Acc: 1.0000, F1: 1.0000, Time: 0.08s
      HP Tuning KNN...
n_iterations: 3
n_required_iterations: 3
n_possible_iterations: 5
min_resources_: 60
max_resources_: 6000
aggressive_elimination: False
factor: 3
----------
iter: 0
n_candidates: 20
n_resources: 60
Fitting 5 folds for each of 20 candidates, totalling 100 fits
----------
iter: 1
n_candidates: 7
n_resources: 180
Fitting 5 folds for each of 7 candidates, totalling 35 fits
----------
iter: 2
n_candidates: 3
n_resources: 540
Fitting 5 folds for each of 3 candidates, totalling 15 fits
      -> [Tuned_Baseline] Acc: 1.0000, F1: 1.0000, Time: 0.07s
    Evaluating Model: RandomForest
      -> [Baseline] Acc: 1.0000, F1: 1.0000, Time: 0.70s
      HP Tuning RandomForest...
n_iterations: 3
n_required_iterations: 3
n_possible_iterations: 5
min_resources_: 60
max_resources_: 6000
aggressive_elimination: False
factor: 3
----------
iter: 0
n_candidates: 20
n_resources: 60
Fitting 5 folds for each of 20 candidates, totalling 100 fits
----------
iter: 1
n_candidates: 7
n_resources: 180
Fitting 5 folds for each of 7 candidates, totalling 35 fits
----------
iter: 2
n_candidates: 3
n_resources: 540
Fitting 5 folds for each of 3 candidates, totalling 15 fits
      -> [Tuned_Baseline] Acc: 1.0000, F1: 1.0000, Time: 0.01s
    Evaluating Model: LinearSVC
      -> [Baseline] Acc: 0.9753, F1: 0.9752, Time: 0.03s
      HP Tuning LinearSVC...
n_iterations: 3
n_required_iterations: 3
n_possible_iterations: 5
min_resources_: 60
max_resources_: 6000
aggressive_elimination: False
factor: 3
----------
iter: 0
n_candidates: 20
n_resources: 60
Fitting 5 folds for each of 20 candidates, totalling 100 fits
----------
iter: 1
n_candidates: 7
n_resources: 180
Fitting 5 folds for each of 7 candidates, totalling 35 fits
----------
iter: 2
n_candidates: 3
n_resources: 540
Fitting 5 folds for each of 3 candidates, totalling 15 fits
      -> [Tuned_Baseline] Acc: 0.9767, F1: 0.9766, Time: 0.00s
    Evaluating Model: LogisticRegression
      -> [Baseline] Acc: 1.0000, F1: 1.0000, Time: 0.10s
      HP Tuning LogisticRegression...
n_iterations: 3
n_required_iterations: 3
n_possible_iterations: 5
min_resources_: 60
max_resources_: 6000
aggressive_elimination: False
factor: 3
----------
iter: 0
n_candidates: 12
n_resources: 60
Fitting 5 folds for each of 12 candidates, totalling 60 fits
----------
iter: 1
n_candidates: 4
n_resources: 180
Fitting 5 folds for each of 4 candidates, totalling 20 fits
----------
iter: 2
n_candidates: 2
n_resources: 540
Fitting 5 folds for each of 2 candidates, totalling 10 fits
      -> [Tuned_Baseline] Acc: 1.0000, F1: 1.0000, Time: 0.00s
    Evaluating Model: RNN
      -> [Baseline] Acc: 0.6000, F1: 0.5640, Time: 0.25s
      -> [Tuned_Baseline] Acc: 0.6000, F1: 0.5640, Time: 0.00s
    [=== Generating 2x synthetic data with Jittering ===]
      -> [KNN + Jittering @ 2x] Acc: 1.0000, F1: 1.0000, Time: 0.09s
      -> [RandomForest + Jittering @ 2x] Acc: 1.0000, F1: 1.0000, Time: 1.92s
      -> [LinearSVC + Jittering @ 2x] Acc: 0.9767, F1: 0.9766, Time: 0.29s
      -> [LogisticRegression + Jittering @ 2x] Acc: 1.0000, F1: 1.0000, Time: 0.05s
      -> [RNN + Jittering @ 2x] Acc: 1.0000, F1: 1.0000, Time: 0.51s
    [=== Generating 3x synthetic data with Jittering ===]
      -> [KNN + Jittering @ 3x] Acc: 1.0000, F1: 1.0000, Time: 0.11s
      -> [RandomForest + Jittering @ 3x] Acc: 1.0000, F1: 1.0000, Time: 3.26s
      -> [LinearSVC + Jittering @ 3x] Acc: 0.9767, F1: 0.9766, Time: 0.46s
      -> [LogisticRegression + Jittering @ 3x] Acc: 1.0000, F1: 1.0000, Time: 0.08s
      -> [RNN + Jittering @ 3x] Acc: 0.8667, F1: 0.8611, Time: 0.76s
    [=== Generating 5x synthetic data with Jittering ===]
      -> [KNN + Jittering @ 5x] Acc: 1.0000, F1: 1.0000, Time: 0.13s
      -> [RandomForest + Jittering @ 5x] Acc: 1.0000, F1: 1.0000, Time: 5.96s
      -> [LinearSVC + Jittering @ 5x] Acc: 0.9767, F1: 0.9766, Time: 0.83s
      -> [LogisticRegression + Jittering @ 5x] Acc: 1.0000, F1: 1.0000, Time: 0.13s
      -> [RNN + Jittering @ 5x] Acc: 1.0000, F1: 1.0000, Time: 1.27s
    [=== Generating 10x synthetic data with Jittering ===]
      -> [KNN + Jittering @ 10x] Acc: 1.0000, F1: 1.0000, Time: 0.18s
      -> [RandomForest + Jittering @ 10x] Acc: 1.0000, F1: 1.0000, Time: 13.17s
      -> [LinearSVC + Jittering @ 10x] Acc: 0.9767, F1: 0.9766, Time: 1.93s
      -> [LogisticRegression + Jittering @ 10x] Acc: 1.0000, F1: 1.0000, Time: 0.26s
      -> [RNN + Jittering @ 10x] Acc: 0.9333, F1: 0.9270, Time: 2.43s
    [=== Generating 2x synthetic data with Scaling ===]
      -> [KNN + Scaling @ 2x] Acc: 1.0000, F1: 1.0000, Time: 0.10s
      -> [RandomForest + Scaling @ 2x] Acc: 1.0000, F1: 1.0000, Time: 1.79s
      -> [LinearSVC + Scaling @ 2x] Acc: 0.9827, F1: 0.9825, Time: 0.27s
      -> [LogisticRegression + Scaling @ 2x] Acc: 1.0000, F1: 1.0000, Time: 0.07s
      -> [RNN + Scaling @ 2x] Acc: 0.8000, F1: 0.7556, Time: 0.53s
    [=== Generating 3x synthetic data with Scaling ===]
      -> [KNN + Scaling @ 3x] Acc: 1.0000, F1: 1.0000, Time: 0.11s
      -> [RandomForest + Scaling @ 3x] Acc: 1.0000, F1: 1.0000, Time: 2.92s
      -> [LinearSVC + Scaling @ 3x] Acc: 0.9820, F1: 0.9819, Time: 0.40s
      -> [LogisticRegression + Scaling @ 3x] Acc: 0.9987, F1: 0.9987, Time: 0.11s
      -> [RNN + Scaling @ 3x] Acc: 0.8667, F1: 0.8603, Time: 0.75s
    [=== Generating 5x synthetic data with Scaling ===]
      -> [KNN + Scaling @ 5x] Acc: 1.0000, F1: 1.0000, Time: 0.13s
      -> [RandomForest + Scaling @ 5x] Acc: 1.0000, F1: 1.0000, Time: 5.26s
      -> [LinearSVC + Scaling @ 5x] Acc: 0.9760, F1: 0.9759, Time: 0.71s
      -> [LogisticRegression + Scaling @ 5x] Acc: 1.0000, F1: 1.0000, Time: 0.19s
      -> [RNN + Scaling @ 5x] Acc: 0.9333, F1: 0.9270, Time: 1.29s
    [=== Generating 10x synthetic data with Scaling ===]
      -> [KNN + Scaling @ 10x] Acc: 1.0000, F1: 1.0000, Time: 0.18s
      -> [RandomForest + Scaling @ 10x] Acc: 1.0000, F1: 1.0000, Time: 12.42s
      -> [LinearSVC + Scaling @ 10x] Acc: 0.9773, F1: 0.9772, Time: 1.68s
      -> [LogisticRegression + Scaling @ 10x] Acc: 1.0000, F1: 1.0000, Time: 0.47s
      -> [RNN + Scaling @ 10x] Acc: 1.0000, F1: 1.0000, Time: 2.46s
    [=== Generating 2x synthetic data with Magnitude_Warping ===]
      -> [KNN + Magnitude_Warping @ 2x] Acc: 1.0000, F1: 1.0000, Time: 0.10s
      -> [RandomForest + Magnitude_Warping @ 2x] Acc: 1.0000, F1: 1.0000, Time: 2.31s
      -> [LinearSVC + Magnitude_Warping @ 2x] Acc: 0.9733, F1: 0.9732, Time: 0.26s
      -> [LogisticRegression + Magnitude_Warping @ 2x] Acc: 1.0000, F1: 1.0000, Time: 0.24s
      -> [RNN + Magnitude_Warping @ 2x] Acc: 0.8667, F1: 0.8603, Time: 0.53s
    [=== Generating 3x synthetic data with Magnitude_Warping ===]
      -> [KNN + Magnitude_Warping @ 3x] Acc: 1.0000, F1: 1.0000, Time: 0.11s
      -> [RandomForest + Magnitude_Warping @ 3x] Acc: 1.0000, F1: 1.0000, Time: 4.10s
      -> [LinearSVC + Magnitude_Warping @ 3x] Acc: 0.9760, F1: 0.9759, Time: 0.40s
      -> [LogisticRegression + Magnitude_Warping @ 3x] Acc: 1.0000, F1: 1.0000, Time: 0.35s
      -> [RNN + Magnitude_Warping @ 3x] Acc: 0.8000, F1: 0.7429, Time: 0.79s
    [=== Generating 5x synthetic data with Magnitude_Warping ===]
      -> [KNN + Magnitude_Warping @ 5x] Acc: 1.0000, F1: 1.0000, Time: 0.13s
      -> [RandomForest + Magnitude_Warping @ 5x] Acc: 1.0000, F1: 1.0000, Time: 7.87s
      -> [LinearSVC + Magnitude_Warping @ 5x] Acc: 0.9740, F1: 0.9738, Time: 0.66s
      -> [LogisticRegression + Magnitude_Warping @ 5x] Acc: 1.0000, F1: 1.0000, Time: 0.54s
      -> [RNN + Magnitude_Warping @ 5x] Acc: 0.8000, F1: 0.7429, Time: 1.20s
    [=== Generating 10x synthetic data with Magnitude_Warping ===]
      -> [KNN + Magnitude_Warping @ 10x] Acc: 0.9993, F1: 0.9993, Time: 0.17s
      -> [RandomForest + Magnitude_Warping @ 10x] Acc: 1.0000, F1: 1.0000, Time: 17.67s
      -> [LinearSVC + Magnitude_Warping @ 10x] Acc: 0.9720, F1: 0.9719, Time: 1.53s
      -> [LogisticRegression + Magnitude_Warping @ 10x] Acc: 1.0000, F1: 1.0000, Time: 1.04s
      -> [RNN + Magnitude_Warping @ 10x] Acc: 0.8000, F1: 0.7429, Time: 2.24s
    [=== Generating 2x synthetic data with Time_Warping ===]
      -> [KNN + Time_Warping @ 2x] Acc: 1.0000, F1: 1.0000, Time: 0.09s
      -> [RandomForest + Time_Warping @ 2x] Acc: 1.0000, F1: 1.0000, Time: 1.58s
      -> [LinearSVC + Time_Warping @ 2x] Acc: 0.9493, F1: 0.9496, Time: 0.21s
      -> [LogisticRegression + Time_Warping @ 2x] Acc: 1.0000, F1: 1.0000, Time: 0.07s
      -> [RNN + Time_Warping @ 2x] Acc: 0.8000, F1: 0.7429, Time: 0.45s
    [=== Generating 3x synthetic data with Time_Warping ===]
      -> [KNN + Time_Warping @ 3x] Acc: 1.0000, F1: 1.0000, Time: 0.10s
      -> [RandomForest + Time_Warping @ 3x] Acc: 1.0000, F1: 1.0000, Time: 2.62s
      -> [LinearSVC + Time_Warping @ 3x] Acc: 0.9560, F1: 0.9561, Time: 0.29s
      -> [LogisticRegression + Time_Warping @ 3x] Acc: 1.0000, F1: 1.0000, Time: 0.09s
      -> [RNN + Time_Warping @ 3x] Acc: 0.8667, F1: 0.8603, Time: 0.67s
    [=== Generating 5x synthetic data with Time_Warping ===]
      -> [KNN + Time_Warping @ 5x] Acc: 1.0000, F1: 1.0000, Time: 0.12s
      -> [RandomForest + Time_Warping @ 5x] Acc: 0.9993, F1: 0.9993, Time: 4.72s
      -> [LinearSVC + Time_Warping @ 5x] Acc: 0.9260, F1: 0.9260, Time: 0.45s
      -> [LogisticRegression + Time_Warping @ 5x] Acc: 1.0000, F1: 1.0000, Time: 0.15s
      -> [RNN + Time_Warping @ 5x] Acc: 0.7333, F1: 0.6984, Time: 1.17s
    [=== Generating 10x synthetic data with Time_Warping ===]
      -> [KNN + Time_Warping @ 10x] Acc: 1.0000, F1: 1.0000, Time: 0.18s
      -> [RandomForest + Time_Warping @ 10x] Acc: 0.9953, F1: 0.9953, Time: 10.41s
      -> [LinearSVC + Time_Warping @ 10x] Acc: 0.9080, F1: 0.9082, Time: 1.06s
      -> [LogisticRegression + Time_Warping @ 10x] Acc: 1.0000, F1: 1.0000, Time: 0.29s
      -> [RNN + Time_Warping @ 10x] Acc: 1.0000, F1: 1.0000, Time: 2.22s
    [=== Generating 2x synthetic data with SMOTE ===]
      -> [KNN + SMOTE @ 2x] Acc: 1.0000, F1: 1.0000, Time: 0.08s
      -> [RandomForest + SMOTE @ 2x] Acc: 1.0000, F1: 1.0000, Time: 1.57s
      -> [LinearSVC + SMOTE @ 2x] Acc: 0.9733, F1: 0.9733, Time: 0.25s
      -> [LogisticRegression + SMOTE @ 2x] Acc: 1.0000, F1: 1.0000, Time: 0.05s
      -> [RNN + SMOTE @ 2x] Acc: 0.9333, F1: 0.9333, Time: 0.46s
    [=== Generating 3x synthetic data with SMOTE ===]
      -> [KNN + SMOTE @ 3x] Acc: 1.0000, F1: 1.0000, Time: 0.10s
      -> [RandomForest + SMOTE @ 3x] Acc: 1.0000, F1: 1.0000, Time: 2.50s
      -> [LinearSVC + SMOTE @ 3x] Acc: 0.9713, F1: 0.9714, Time: 0.38s
      -> [LogisticRegression + SMOTE @ 3x] Acc: 1.0000, F1: 1.0000, Time: 0.07s
      -> [RNN + SMOTE @ 3x] Acc: 0.8667, F1: 0.8114, Time: 0.67s
    [=== Generating 5x synthetic data with SMOTE ===]
      -> [KNN + SMOTE @ 5x] Acc: 1.0000, F1: 1.0000, Time: 0.11s
      -> [RandomForest + SMOTE @ 5x] Acc: 1.0000, F1: 1.0000, Time: 4.48s
      -> [LinearSVC + SMOTE @ 5x] Acc: 0.9727, F1: 0.9727, Time: 0.65s
      -> [LogisticRegression + SMOTE @ 5x] Acc: 1.0000, F1: 1.0000, Time: 0.12s
      -> [RNN + SMOTE @ 5x] Acc: 0.8667, F1: 0.8603, Time: 1.17s
    [=== Generating 10x synthetic data with SMOTE ===]
      -> [KNN + SMOTE @ 10x] Acc: 1.0000, F1: 1.0000, Time: 0.16s
      -> [RandomForest + SMOTE @ 10x] Acc: 1.0000, F1: 1.0000, Time: 9.80s
      -> [LinearSVC + SMOTE @ 10x] Acc: 0.9747, F1: 0.9747, Time: 1.51s
      -> [LogisticRegression + SMOTE @ 10x] Acc: 1.0000, F1: 1.0000, Time: 0.23s
      -> [RNN + SMOTE @ 10x] Acc: 1.0000, F1: 1.0000, Time: 2.16s
    [=== Generating 2x synthetic data with ADASYN ===]
      [!] Failed generation with ADASYN at 2x: Not any neigbours belong to the majority class. This case will induce a NaN case with a division by zero. ADASYN is not suited for this specific dataset. Use SMOTE instead.
    [=== Generating 3x synthetic data with ADASYN ===]
      [!] Failed generation with ADASYN at 3x: Not any neigbours belong to the majority class. This case will induce a NaN case with a division by zero. ADASYN is not suited for this specific dataset. Use SMOTE instead.
    [=== Generating 5x synthetic data with ADASYN ===]
      [!] Failed generation with ADASYN at 5x: Not any neigbours belong to the majority class. This case will induce a NaN case with a division by zero. ADASYN is not suited for this specific dataset. Use SMOTE instead.
    [=== Generating 10x synthetic data with ADASYN ===]
      [!] Failed generation with ADASYN at 10x: Not any neigbours belong to the majority class. This case will induce a NaN case with a division by zero. ADASYN is not suited for this specific dataset. Use SMOTE instead.
    [=== Generating 2x synthetic data with Mixup ===]
      -> [KNN + Mixup @ 2x] Acc: 1.0000, F1: 1.0000, Time: 0.09s
      -> [RandomForest + Mixup @ 2x] Acc: 1.0000, F1: 1.0000, Time: 1.49s
      -> [LinearSVC + Mixup @ 2x] Acc: 0.9780, F1: 0.9779, Time: 0.25s
      -> [LogisticRegression + Mixup @ 2x] Acc: 1.0000, F1: 1.0000, Time: 0.05s
      -> [RNN + Mixup @ 2x] Acc: 0.8667, F1: 0.8667, Time: 0.45s
    [=== Generating 3x synthetic data with Mixup ===]
      -> [KNN + Mixup @ 3x] Acc: 1.0000, F1: 1.0000, Time: 0.10s
      -> [RandomForest + Mixup @ 3x] Acc: 1.0000, F1: 1.0000, Time: 2.35s
      -> [LinearSVC + Mixup @ 3x] Acc: 0.9773, F1: 0.9773, Time: 0.37s
      -> [LogisticRegression + Mixup @ 3x] Acc: 1.0000, F1: 1.0000, Time: 0.07s
      -> [RNN + Mixup @ 3x] Acc: 0.8667, F1: 0.8540, Time: 0.70s
    [=== Generating 5x synthetic data with Mixup ===]
      -> [KNN + Mixup @ 5x] Acc: 1.0000, F1: 1.0000, Time: 0.11s
      -> [RandomForest + Mixup @ 5x] Acc: 1.0000, F1: 1.0000, Time: 4.22s
      -> [LinearSVC + Mixup @ 5x] Acc: 0.9740, F1: 0.9740, Time: 0.63s
      -> [LogisticRegression + Mixup @ 5x] Acc: 1.0000, F1: 1.0000, Time: 0.11s
      -> [RNN + Mixup @ 5x] Acc: 0.8667, F1: 0.8603, Time: 1.12s
    [=== Generating 10x synthetic data with Mixup ===]
      -> [KNN + Mixup @ 10x] Acc: 1.0000, F1: 1.0000, Time: 0.16s
      -> [RandomForest + Mixup @ 10x] Acc: 1.0000, F1: 1.0000, Time: 9.09s
      -> [LinearSVC + Mixup @ 10x] Acc: 0.9767, F1: 0.9766, Time: 1.44s
      -> [LogisticRegression + Mixup @ 10x] Acc: 1.0000, F1: 1.0000, Time: 0.24s
      -> [RNN + Mixup @ 10x] Acc: 0.9333, F1: 0.9270, Time: 2.20s
    [=== Generating 2x synthetic data with GMM ===]
      -> [KNN + GMM @ 2x] Acc: 1.0000, F1: 1.0000, Time: 0.09s
      -> [RandomForest + GMM @ 2x] Acc: 1.0000, F1: 1.0000, Time: 1.76s
      -> [LinearSVC + GMM @ 2x] Acc: 0.9780, F1: 0.9779, Time: 0.27s
      -> [LogisticRegression + GMM @ 2x] Acc: 1.0000, F1: 1.0000, Time: 0.05s
      -> [RNN + GMM @ 2x] Acc: 0.7333, F1: 0.6667, Time: 0.48s
    [=== Generating 3x synthetic data with GMM ===]
      -> [KNN + GMM @ 3x] Acc: 1.0000, F1: 1.0000, Time: 0.10s
      -> [RandomForest + GMM @ 3x] Acc: 1.0000, F1: 1.0000, Time: 2.89s
      -> [LinearSVC + GMM @ 3x] Acc: 0.9780, F1: 0.9779, Time: 0.41s
      -> [LogisticRegression + GMM @ 3x] Acc: 1.0000, F1: 1.0000, Time: 0.07s
      -> [RNN + GMM @ 3x] Acc: 0.8667, F1: 0.8611, Time: 0.69s
    [=== Generating 5x synthetic data with GMM ===]
      -> [KNN + GMM @ 5x] Acc: 1.0000, F1: 1.0000, Time: 0.12s
      -> [RandomForest + GMM @ 5x] Acc: 1.0000, F1: 1.0000, Time: 5.31s
      -> [LinearSVC + GMM @ 5x] Acc: 0.9773, F1: 0.9773, Time: 0.73s
      -> [LogisticRegression + GMM @ 5x] Acc: 1.0000, F1: 1.0000, Time: 0.13s
      -> [RNN + GMM @ 5x] Acc: 0.9333, F1: 0.9270, Time: 1.17s
    [=== Generating 10x synthetic data with GMM ===]
      -> [KNN + GMM @ 10x] Acc: 1.0000, F1: 1.0000, Time: 0.17s
      -> [RandomForest + GMM @ 10x] Acc: 1.0000, F1: 1.0000, Time: 11.72s
      -> [LinearSVC + GMM @ 10x] Acc: 0.9773, F1: 0.9773, Time: 1.66s
      -> [LogisticRegression + GMM @ 10x] Acc: 1.0000, F1: 1.0000, Time: 0.23s
      -> [RNN + GMM @ 10x] Acc: 0.8667, F1: 0.8603, Time: 2.21s
    [=== Generating 2x synthetic data with HMM_GMM ===]
      -> [KNN + HMM_GMM @ 2x] Acc: 1.0000, F1: 1.0000, Time: 0.09s
      -> [RandomForest + HMM_GMM @ 2x] Acc: 0.9993, F1: 0.9993, Time: 1.15s
      -> [LinearSVC + HMM_GMM @ 2x] Acc: 0.8920, F1: 0.8924, Time: 0.19s
      -> [LogisticRegression + HMM_GMM @ 2x] Acc: 0.9993, F1: 0.9993, Time: 0.06s
      -> [RNN + HMM_GMM @ 2x] Acc: 0.5333, F1: 0.3881, Time: 0.45s
    [=== Generating 3x synthetic data with HMM_GMM ===]
      -> [KNN + HMM_GMM @ 3x] Acc: 1.0000, F1: 1.0000, Time: 0.10s
      -> [RandomForest + HMM_GMM @ 3x] Acc: 0.9993, F1: 0.9993, Time: 1.44s
      -> [LinearSVC + HMM_GMM @ 3x] Acc: 0.8707, F1: 0.8685, Time: 0.27s
      -> [LogisticRegression + HMM_GMM @ 3x] Acc: 0.9993, F1: 0.9993, Time: 0.08s
      -> [RNN + HMM_GMM @ 3x] Acc: 0.5333, F1: 0.4093, Time: 0.72s
    [=== Generating 5x synthetic data with HMM_GMM ===]
      -> [KNN + HMM_GMM @ 5x] Acc: 1.0000, F1: 1.0000, Time: 0.11s
      -> [RandomForest + HMM_GMM @ 5x] Acc: 0.9993, F1: 0.9993, Time: 1.85s
      -> [LinearSVC + HMM_GMM @ 5x] Acc: 0.8427, F1: 0.8390, Time: 0.44s
      -> [LogisticRegression + HMM_GMM @ 5x] Acc: 0.9993, F1: 0.9993, Time: 0.15s
      -> [RNN + HMM_GMM @ 5x] Acc: 0.8000, F1: 0.7429, Time: 1.11s
    [=== Generating 10x synthetic data with HMM_GMM ===]
      -> [KNN + HMM_GMM @ 10x] Acc: 1.0000, F1: 1.0000, Time: 0.16s
      -> [RandomForest + HMM_GMM @ 10x] Acc: 0.9993, F1: 0.9993, Time: 3.06s
      -> [LinearSVC + HMM_GMM @ 10x] Acc: 0.8240, F1: 0.8201, Time: 0.99s
      -> [LogisticRegression + HMM_GMM @ 10x] Acc: 0.9993, F1: 0.9993, Time: 0.27s
      -> [RNN + HMM_GMM @ 10x] Acc: 0.8000, F1: 0.7429, Time: 2.19s

    >> Seed Fold Selection: 3/10
    Evaluating Model: KNN
      -> [Baseline] Acc: 1.0000, F1: 1.0000, Time: 0.08s
      HP Tuning KNN...
n_iterations: 3
n_required_iterations: 3
n_possible_iterations: 5
min_resources_: 60
max_resources_: 6000
aggressive_elimination: False
factor: 3
----------
iter: 0
n_candidates: 20
n_resources: 60
Fitting 5 folds for each of 20 candidates, totalling 100 fits
----------
iter: 1
n_candidates: 7
n_resources: 180
Fitting 5 folds for each of 7 candidates, totalling 35 fits
----------
iter: 2
n_candidates: 3
n_resources: 540
Fitting 5 folds for each of 3 candidates, totalling 15 fits
      -> [Tuned_Baseline] Acc: 1.0000, F1: 1.0000, Time: 0.01s
    Evaluating Model: RandomForest
      -> [Baseline] Acc: 1.0000, F1: 1.0000, Time: 0.65s
      HP Tuning RandomForest...
n_iterations: 3
n_required_iterations: 3
n_possible_iterations: 5
min_resources_: 60
max_resources_: 6000
aggressive_elimination: False
factor: 3
----------
iter: 0
n_candidates: 20
n_resources: 60
Fitting 5 folds for each of 20 candidates, totalling 100 fits
----------
iter: 1
n_candidates: 7
n_resources: 180
Fitting 5 folds for each of 7 candidates, totalling 35 fits
----------
iter: 2
n_candidates: 3
n_resources: 540
Fitting 5 folds for each of 3 candidates, totalling 15 fits
      -> [Tuned_Baseline] Acc: 1.0000, F1: 1.0000, Time: 0.01s
    Evaluating Model: LinearSVC
      -> [Baseline] Acc: 0.9780, F1: 0.9779, Time: 0.03s
      HP Tuning LinearSVC...
n_iterations: 3
n_required_iterations: 3
n_possible_iterations: 5
min_resources_: 60
max_resources_: 6000
aggressive_elimination: False
factor: 3
----------
iter: 0
n_candidates: 20
n_resources: 60
Fitting 5 folds for each of 20 candidates, totalling 100 fits
----------
iter: 1
n_candidates: 7
n_resources: 180
Fitting 5 folds for each of 7 candidates, totalling 35 fits
----------
iter: 2
n_candidates: 3
n_resources: 540
Fitting 5 folds for each of 3 candidates, totalling 15 fits
      -> [Tuned_Baseline] Acc: 0.9727, F1: 0.9726, Time: 0.00s
    Evaluating Model: LogisticRegression
      -> [Baseline] Acc: 0.9993, F1: 0.9993, Time: 0.10s
      HP Tuning LogisticRegression...
n_iterations: 3
n_required_iterations: 3
n_possible_iterations: 5
min_resources_: 60
max_resources_: 6000
aggressive_elimination: False
factor: 3
----------
iter: 0
n_candidates: 12
n_resources: 60
Fitting 5 folds for each of 12 candidates, totalling 60 fits
----------
iter: 1
n_candidates: 4
n_resources: 180
Fitting 5 folds for each of 4 candidates, totalling 20 fits
----------
iter: 2
n_candidates: 2
n_resources: 540
Fitting 5 folds for each of 2 candidates, totalling 10 fits
      -> [Tuned_Baseline] Acc: 1.0000, F1: 1.0000, Time: 0.00s
    Evaluating Model: RNN
      -> [Baseline] Acc: 0.5333, F1: 0.3924, Time: 0.23s
      -> [Tuned_Baseline] Acc: 0.5333, F1: 0.3924, Time: 0.00s
    [=== Generating 2x synthetic data with Jittering ===]
      -> [KNN + Jittering @ 2x] Acc: 1.0000, F1: 1.0000, Time: 0.03s
      -> [RandomForest + Jittering @ 2x] Acc: 1.0000, F1: 1.0000, Time: 0.88s
      -> [LinearSVC + Jittering @ 2x] Acc: 0.9733, F1: 0.9733, Time: 0.27s
      -> [LogisticRegression + Jittering @ 2x] Acc: 1.0000, F1: 1.0000, Time: 0.05s
      -> [RNN + Jittering @ 2x] Acc: 0.9333, F1: 0.9289, Time: 0.46s
    [=== Generating 3x synthetic data with Jittering ===]
      -> [KNN + Jittering @ 3x] Acc: 1.0000, F1: 1.0000, Time: 0.04s
      -> [RandomForest + Jittering @ 3x] Acc: 1.0000, F1: 1.0000, Time: 1.45s
      -> [LinearSVC + Jittering @ 3x] Acc: 0.9733, F1: 0.9733, Time: 0.42s
      -> [LogisticRegression + Jittering @ 3x] Acc: 1.0000, F1: 1.0000, Time: 0.07s
      -> [RNN + Jittering @ 3x] Acc: 0.9333, F1: 0.9270, Time: 0.70s
    [=== Generating 5x synthetic data with Jittering ===]
      -> [KNN + Jittering @ 5x] Acc: 1.0000, F1: 1.0000, Time: 0.06s
      -> [RandomForest + Jittering @ 5x] Acc: 1.0000, F1: 1.0000, Time: 2.69s
      -> [LinearSVC + Jittering @ 5x] Acc: 0.9733, F1: 0.9733, Time: 0.73s
      -> [LogisticRegression + Jittering @ 5x] Acc: 1.0000, F1: 1.0000, Time: 0.12s
      -> [RNN + Jittering @ 5x] Acc: 1.0000, F1: 1.0000, Time: 1.11s
    [=== Generating 10x synthetic data with Jittering ===]
      -> [KNN + Jittering @ 10x] Acc: 1.0000, F1: 1.0000, Time: 0.12s
      -> [RandomForest + Jittering @ 10x] Acc: 1.0000, F1: 1.0000, Time: 6.12s
      -> [LinearSVC + Jittering @ 10x] Acc: 0.9733, F1: 0.9733, Time: 1.64s
      -> [LogisticRegression + Jittering @ 10x] Acc: 1.0000, F1: 1.0000, Time: 0.22s
      -> [RNN + Jittering @ 10x] Acc: 0.8000, F1: 0.7429, Time: 2.25s
    [=== Generating 2x synthetic data with Scaling ===]
      -> [KNN + Scaling @ 2x] Acc: 1.0000, F1: 1.0000, Time: 0.03s
      -> [RandomForest + Scaling @ 2x] Acc: 1.0000, F1: 1.0000, Time: 0.80s
      -> [LinearSVC + Scaling @ 2x] Acc: 0.9747, F1: 0.9746, Time: 0.24s
      -> [LogisticRegression + Scaling @ 2x] Acc: 1.0000, F1: 1.0000, Time: 0.06s
      -> [RNN + Scaling @ 2x] Acc: 0.7333, F1: 0.6698, Time: 0.46s
    [=== Generating 3x synthetic data with Scaling ===]
      -> [KNN + Scaling @ 3x] Acc: 1.0000, F1: 1.0000, Time: 0.04s
      -> [RandomForest + Scaling @ 3x] Acc: 1.0000, F1: 1.0000, Time: 1.32s
      -> [LinearSVC + Scaling @ 3x] Acc: 0.9733, F1: 0.9733, Time: 0.36s
      -> [LogisticRegression + Scaling @ 3x] Acc: 1.0000, F1: 1.0000, Time: 0.11s
      -> [RNN + Scaling @ 3x] Acc: 1.0000, F1: 1.0000, Time: 0.67s
    [=== Generating 5x synthetic data with Scaling ===]
      -> [KNN + Scaling @ 5x] Acc: 1.0000, F1: 1.0000, Time: 0.06s
      -> [RandomForest + Scaling @ 5x] Acc: 1.0000, F1: 1.0000, Time: 2.43s
      -> [LinearSVC + Scaling @ 5x] Acc: 0.9853, F1: 0.9853, Time: 0.62s
      -> [LogisticRegression + Scaling @ 5x] Acc: 1.0000, F1: 1.0000, Time: 0.14s
      -> [RNN + Scaling @ 5x] Acc: 1.0000, F1: 1.0000, Time: 1.12s
    [=== Generating 10x synthetic data with Scaling ===]
      -> [KNN + Scaling @ 10x] Acc: 1.0000, F1: 1.0000, Time: 0.12s
      -> [RandomForest + Scaling @ 10x] Acc: 1.0000, F1: 1.0000, Time: 5.63s
      -> [LinearSVC + Scaling @ 10x] Acc: 0.9753, F1: 0.9753, Time: 1.43s
      -> [LogisticRegression + Scaling @ 10x] Acc: 1.0000, F1: 1.0000, Time: 0.38s
      -> [RNN + Scaling @ 10x] Acc: 1.0000, F1: 1.0000, Time: 2.15s
    [=== Generating 2x synthetic data with Magnitude_Warping ===]
      -> [KNN + Magnitude_Warping @ 2x] Acc: 0.9993, F1: 0.9993, Time: 0.03s
      -> [RandomForest + Magnitude_Warping @ 2x] Acc: 1.0000, F1: 1.0000, Time: 1.04s
      -> [LinearSVC + Magnitude_Warping @ 2x] Acc: 0.9747, F1: 0.9745, Time: 0.24s
      -> [LogisticRegression + Magnitude_Warping @ 2x] Acc: 1.0000, F1: 1.0000, Time: 0.18s
      -> [RNN + Magnitude_Warping @ 2x] Acc: 0.6667, F1: 0.5524, Time: 0.47s
    [=== Generating 3x synthetic data with Magnitude_Warping ===]
      -> [KNN + Magnitude_Warping @ 3x] Acc: 1.0000, F1: 1.0000, Time: 0.05s
      -> [RandomForest + Magnitude_Warping @ 3x] Acc: 1.0000, F1: 1.0000, Time: 1.87s
      -> [LinearSVC + Magnitude_Warping @ 3x] Acc: 0.9860, F1: 0.9859, Time: 0.36s
      -> [LogisticRegression + Magnitude_Warping @ 3x] Acc: 1.0000, F1: 1.0000, Time: 0.31s
      -> [RNN + Magnitude_Warping @ 3x] Acc: 0.8667, F1: 0.8167, Time: 0.71s
    [=== Generating 5x synthetic data with Magnitude_Warping ===]
      -> [KNN + Magnitude_Warping @ 5x] Acc: 1.0000, F1: 1.0000, Time: 0.07s
      -> [RandomForest + Magnitude_Warping @ 5x] Acc: 1.0000, F1: 1.0000, Time: 3.69s
      -> [LinearSVC + Magnitude_Warping @ 5x] Acc: 0.9780, F1: 0.9779, Time: 0.62s
      -> [LogisticRegression + Magnitude_Warping @ 5x] Acc: 1.0000, F1: 1.0000, Time: 0.55s
      -> [RNN + Magnitude_Warping @ 5x] Acc: 1.0000, F1: 1.0000, Time: 1.13s
    [=== Generating 10x synthetic data with Magnitude_Warping ===]
      -> [KNN + Magnitude_Warping @ 10x] Acc: 1.0000, F1: 1.0000, Time: 0.12s
      -> [RandomForest + Magnitude_Warping @ 10x] Acc: 1.0000, F1: 1.0000, Time: 8.91s
      -> [LinearSVC + Magnitude_Warping @ 10x] Acc: 0.9780, F1: 0.9776, Time: 1.41s
      -> [LogisticRegression + Magnitude_Warping @ 10x] Acc: 1.0000, F1: 1.0000, Time: 1.01s
      -> [RNN + Magnitude_Warping @ 10x] Acc: 0.9333, F1: 0.9270, Time: 2.21s
    [=== Generating 2x synthetic data with Time_Warping ===]
      -> [KNN + Time_Warping @ 2x] Acc: 1.0000, F1: 1.0000, Time: 0.04s
      -> [RandomForest + Time_Warping @ 2x] Acc: 1.0000, F1: 1.0000, Time: 0.81s
      -> [LinearSVC + Time_Warping @ 2x] Acc: 0.9233, F1: 0.9222, Time: 0.19s
      -> [LogisticRegression + Time_Warping @ 2x] Acc: 1.0000, F1: 1.0000, Time: 0.07s
      -> [RNN + Time_Warping @ 2x] Acc: 0.6000, F1: 0.5196, Time: 0.46s
    [=== Generating 3x synthetic data with Time_Warping ===]
      -> [KNN + Time_Warping @ 3x] Acc: 1.0000, F1: 1.0000, Time: 0.05s
      -> [RandomForest + Time_Warping @ 3x] Acc: 1.0000, F1: 1.0000, Time: 1.30s
      -> [LinearSVC + Time_Warping @ 3x] Acc: 0.9193, F1: 0.9198, Time: 0.28s
      -> [LogisticRegression + Time_Warping @ 3x] Acc: 1.0000, F1: 1.0000, Time: 0.09s
      -> [RNN + Time_Warping @ 3x] Acc: 0.8667, F1: 0.8667, Time: 0.70s
    [=== Generating 5x synthetic data with Time_Warping ===]
      -> [KNN + Time_Warping @ 5x] Acc: 1.0000, F1: 1.0000, Time: 0.08s
      -> [RandomForest + Time_Warping @ 5x] Acc: 1.0000, F1: 1.0000, Time: 2.43s
      -> [LinearSVC + Time_Warping @ 5x] Acc: 0.9087, F1: 0.9086, Time: 0.43s
      -> [LogisticRegression + Time_Warping @ 5x] Acc: 1.0000, F1: 1.0000, Time: 0.14s
      -> [RNN + Time_Warping @ 5x] Acc: 0.7333, F1: 0.6698, Time: 1.18s
    [=== Generating 10x synthetic data with Time_Warping ===]
      -> [KNN + Time_Warping @ 10x] Acc: 1.0000, F1: 1.0000, Time: 0.14s
      -> [RandomForest + Time_Warping @ 10x] Acc: 1.0000, F1: 1.0000, Time: 5.17s
      -> [LinearSVC + Time_Warping @ 10x] Acc: 0.9020, F1: 0.9022, Time: 0.99s
      -> [LogisticRegression + Time_Warping @ 10x] Acc: 1.0000, F1: 1.0000, Time: 0.27s
      -> [RNN + Time_Warping @ 10x] Acc: 1.0000, F1: 1.0000, Time: 2.30s
    [=== Generating 2x synthetic data with SMOTE ===]
      -> [KNN + SMOTE @ 2x] Acc: 1.0000, F1: 1.0000, Time: 0.03s
      -> [RandomForest + SMOTE @ 2x] Acc: 1.0000, F1: 1.0000, Time: 0.79s
      -> [LinearSVC + SMOTE @ 2x] Acc: 0.9713, F1: 0.9712, Time: 0.25s
      -> [LogisticRegression + SMOTE @ 2x] Acc: 1.0000, F1: 1.0000, Time: 0.05s
      -> [RNN + SMOTE @ 2x] Acc: 0.8667, F1: 0.8114, Time: 0.45s
    [=== Generating 3x synthetic data with SMOTE ===]
      -> [KNN + SMOTE @ 3x] Acc: 1.0000, F1: 1.0000, Time: 0.04s
      -> [RandomForest + SMOTE @ 3x] Acc: 1.0000, F1: 1.0000, Time: 1.29s
      -> [LinearSVC + SMOTE @ 3x] Acc: 0.9673, F1: 0.9671, Time: 0.38s
      -> [LogisticRegression + SMOTE @ 3x] Acc: 1.0000, F1: 1.0000, Time: 0.06s
      -> [RNN + SMOTE @ 3x] Acc: 0.8000, F1: 0.7429, Time: 0.69s
    [=== Generating 5x synthetic data with SMOTE ===]
      -> [KNN + SMOTE @ 5x] Acc: 1.0000, F1: 1.0000, Time: 0.06s
      -> [RandomForest + SMOTE @ 5x] Acc: 1.0000, F1: 1.0000, Time: 2.34s
      -> [LinearSVC + SMOTE @ 5x] Acc: 0.9687, F1: 0.9685, Time: 0.66s
      -> [LogisticRegression + SMOTE @ 5x] Acc: 1.0000, F1: 1.0000, Time: 0.12s
      -> [RNN + SMOTE @ 5x] Acc: 0.9333, F1: 0.9333, Time: 1.18s
    [=== Generating 10x synthetic data with SMOTE ===]
      -> [KNN + SMOTE @ 10x] Acc: 1.0000, F1: 1.0000, Time: 0.11s
      -> [RandomForest + SMOTE @ 10x] Acc: 1.0000, F1: 1.0000, Time: 5.03s
      -> [LinearSVC + SMOTE @ 10x] Acc: 0.9700, F1: 0.9699, Time: 1.52s
      -> [LogisticRegression + SMOTE @ 10x] Acc: 1.0000, F1: 1.0000, Time: 0.22s
      -> [RNN + SMOTE @ 10x] Acc: 1.0000, F1: 1.0000, Time: 2.15s
    [=== Generating 2x synthetic data with ADASYN ===]
      [!] Failed generation with ADASYN at 2x: Not any neigbours belong to the majority class. This case will induce a NaN case with a division by zero. ADASYN is not suited for this specific dataset. Use SMOTE instead.
    [=== Generating 3x synthetic data with ADASYN ===]
      [!] Failed generation with ADASYN at 3x: Not any neigbours belong to the majority class. This case will induce a NaN case with a division by zero. ADASYN is not suited for this specific dataset. Use SMOTE instead.
    [=== Generating 5x synthetic data with ADASYN ===]
      [!] Failed generation with ADASYN at 5x: Not any neigbours belong to the majority class. This case will induce a NaN case with a division by zero. ADASYN is not suited for this specific dataset. Use SMOTE instead.
    [=== Generating 10x synthetic data with ADASYN ===]
      [!] Failed generation with ADASYN at 10x: Not any neigbours belong to the majority class. This case will induce a NaN case with a division by zero. ADASYN is not suited for this specific dataset. Use SMOTE instead.
    [=== Generating 2x synthetic data with Mixup ===]
      -> [KNN + Mixup @ 2x] Acc: 1.0000, F1: 1.0000, Time: 0.03s
      -> [RandomForest + Mixup @ 2x] Acc: 1.0000, F1: 1.0000, Time: 0.77s
      -> [LinearSVC + Mixup @ 2x] Acc: 0.9693, F1: 0.9692, Time: 0.25s
      -> [LogisticRegression + Mixup @ 2x] Acc: 1.0000, F1: 1.0000, Time: 0.05s
      -> [RNN + Mixup @ 2x] Acc: 0.8667, F1: 0.8711, Time: 0.45s
    [=== Generating 3x synthetic data with Mixup ===]
      -> [KNN + Mixup @ 3x] Acc: 1.0000, F1: 1.0000, Time: 0.04s
      -> [RandomForest + Mixup @ 3x] Acc: 1.0000, F1: 1.0000, Time: 1.19s
      -> [LinearSVC + Mixup @ 3x] Acc: 0.9707, F1: 0.9707, Time: 0.37s
      -> [LogisticRegression + Mixup @ 3x] Acc: 1.0000, F1: 1.0000, Time: 0.06s
      -> [RNN + Mixup @ 3x] Acc: 0.8000, F1: 0.7429, Time: 0.70s
    [=== Generating 5x synthetic data with Mixup ===]
      -> [KNN + Mixup @ 5x] Acc: 1.0000, F1: 1.0000, Time: 0.06s
      -> [RandomForest + Mixup @ 5x] Acc: 1.0000, F1: 1.0000, Time: 2.14s
      -> [LinearSVC + Mixup @ 5x] Acc: 0.9713, F1: 0.9714, Time: 0.62s
      -> [LogisticRegression + Mixup @ 5x] Acc: 1.0000, F1: 1.0000, Time: 0.11s
      -> [RNN + Mixup @ 5x] Acc: 0.8000, F1: 0.7429, Time: 1.14s
    [=== Generating 10x synthetic data with Mixup ===]
      -> [KNN + Mixup @ 10x] Acc: 1.0000, F1: 1.0000, Time: 0.11s
      -> [RandomForest + Mixup @ 10x] Acc: 1.0000, F1: 1.0000, Time: 4.54s
      -> [LinearSVC + Mixup @ 10x] Acc: 0.9713, F1: 0.9713, Time: 1.48s
      -> [LogisticRegression + Mixup @ 10x] Acc: 1.0000, F1: 1.0000, Time: 0.23s
      -> [RNN + Mixup @ 10x] Acc: 1.0000, F1: 1.0000, Time: 2.20s
    [=== Generating 2x synthetic data with GMM ===]
      -> [KNN + GMM @ 2x] Acc: 1.0000, F1: 1.0000, Time: 0.03s
      -> [RandomForest + GMM @ 2x] Acc: 1.0000, F1: 1.0000, Time: 0.88s
      -> [LinearSVC + GMM @ 2x] Acc: 0.9720, F1: 0.9720, Time: 0.26s
      -> [LogisticRegression + GMM @ 2x] Acc: 1.0000, F1: 1.0000, Time: 0.05s
      -> [RNN + GMM @ 2x] Acc: 0.6667, F1: 0.5595, Time: 0.48s
    [=== Generating 3x synthetic data with GMM ===]
      -> [KNN + GMM @ 3x] Acc: 1.0000, F1: 1.0000, Time: 0.04s
      -> [RandomForest + GMM @ 3x] Acc: 1.0000, F1: 1.0000, Time: 1.46s
      -> [LinearSVC + GMM @ 3x] Acc: 0.9720, F1: 0.9720, Time: 0.40s
      -> [LogisticRegression + GMM @ 3x] Acc: 1.0000, F1: 1.0000, Time: 0.07s
      -> [RNN + GMM @ 3x] Acc: 1.0000, F1: 1.0000, Time: 0.67s
    [=== Generating 5x synthetic data with GMM ===]
      -> [KNN + GMM @ 5x] Acc: 1.0000, F1: 1.0000, Time: 0.06s
      -> [RandomForest + GMM @ 5x] Acc: 1.0000, F1: 1.0000, Time: 2.67s
      -> [LinearSVC + GMM @ 5x] Acc: 0.9727, F1: 0.9726, Time: 0.70s
      -> [LogisticRegression + GMM @ 5x] Acc: 1.0000, F1: 1.0000, Time: 0.11s
      -> [RNN + GMM @ 5x] Acc: 1.0000, F1: 1.0000, Time: 1.15s
    [=== Generating 10x synthetic data with GMM ===]
      -> [KNN + GMM @ 10x] Acc: 1.0000, F1: 1.0000, Time: 0.11s
      -> [RandomForest + GMM @ 10x] Acc: 1.0000, F1: 1.0000, Time: 6.04s
      -> [LinearSVC + GMM @ 10x] Acc: 0.9727, F1: 0.9726, Time: 1.60s
      -> [LogisticRegression + GMM @ 10x] Acc: 1.0000, F1: 1.0000, Time: 0.21s
      -> [RNN + GMM @ 10x] Acc: 1.0000, F1: 1.0000, Time: 2.09s
    [=== Generating 2x synthetic data with HMM_GMM ===]
      -> [KNN + HMM_GMM @ 2x] Acc: 1.0000, F1: 1.0000, Time: 0.03s
      -> [RandomForest + HMM_GMM @ 2x] Acc: 1.0000, F1: 1.0000, Time: 0.58s
      -> [LinearSVC + HMM_GMM @ 2x] Acc: 0.8907, F1: 0.8902, Time: 0.18s
      -> [LogisticRegression + HMM_GMM @ 2x] Acc: 1.0000, F1: 1.0000, Time: 0.06s
      -> [RNN + HMM_GMM @ 2x] Acc: 0.7333, F1: 0.6533, Time: 0.45s
    [=== Generating 3x synthetic data with HMM_GMM ===]
      -> [KNN + HMM_GMM @ 3x] Acc: 1.0000, F1: 1.0000, Time: 0.05s
      -> [RandomForest + HMM_GMM @ 3x] Acc: 1.0000, F1: 1.0000, Time: 0.72s
      -> [LinearSVC + HMM_GMM @ 3x] Acc: 0.8693, F1: 0.8661, Time: 0.25s
      -> [LogisticRegression + HMM_GMM @ 3x] Acc: 0.9993, F1: 0.9993, Time: 0.08s
      -> [RNN + HMM_GMM @ 3x] Acc: 0.7333, F1: 0.6533, Time: 0.65s
    [=== Generating 5x synthetic data with HMM_GMM ===]
      -> [KNN + HMM_GMM @ 5x] Acc: 1.0000, F1: 1.0000, Time: 0.06s
      -> [RandomForest + HMM_GMM @ 5x] Acc: 1.0000, F1: 1.0000, Time: 0.96s
      -> [LinearSVC + HMM_GMM @ 5x] Acc: 0.8433, F1: 0.8387, Time: 0.42s
      -> [LogisticRegression + HMM_GMM @ 5x] Acc: 0.9993, F1: 0.9993, Time: 0.15s
      -> [RNN + HMM_GMM @ 5x] Acc: 0.8000, F1: 0.7556, Time: 1.13s
    [=== Generating 10x synthetic data with HMM_GMM ===]
      -> [KNN + HMM_GMM @ 10x] Acc: 1.0000, F1: 1.0000, Time: 0.11s
      -> [RandomForest + HMM_GMM @ 10x] Acc: 1.0000, F1: 1.0000, Time: 1.56s
      -> [LinearSVC + HMM_GMM @ 10x] Acc: 0.8013, F1: 0.7976, Time: 0.96s
      -> [LogisticRegression + HMM_GMM @ 10x] Acc: 0.9993, F1: 0.9993, Time: 0.31s
      -> [RNN + HMM_GMM @ 10x] Acc: 0.8667, F1: 0.8167, Time: 2.13s

    >> Seed Fold Selection: 4/10
    Evaluating Model: KNN
      -> [Baseline] Acc: 1.0000, F1: 1.0000, Time: 0.08s
      HP Tuning KNN...
n_iterations: 3
n_required_iterations: 3
n_possible_iterations: 5
min_resources_: 60
max_resources_: 6000
aggressive_elimination: False
factor: 3
----------
iter: 0
n_candidates: 20
n_resources: 60
Fitting 5 folds for each of 20 candidates, totalling 100 fits
----------
iter: 1
n_candidates: 7
n_resources: 180
Fitting 5 folds for each of 7 candidates, totalling 35 fits
----------
iter: 2
n_candidates: 3
n_resources: 540
Fitting 5 folds for each of 3 candidates, totalling 15 fits
      -> [Tuned_Baseline] Acc: 1.0000, F1: 1.0000, Time: 0.07s
    Evaluating Model: RandomForest
      -> [Baseline] Acc: 1.0000, F1: 1.0000, Time: 0.65s
      HP Tuning RandomForest...
n_iterations: 3
n_required_iterations: 3
n_possible_iterations: 5
min_resources_: 60
max_resources_: 6000
aggressive_elimination: False
factor: 3
----------
iter: 0
n_candidates: 20
n_resources: 60
Fitting 5 folds for each of 20 candidates, totalling 100 fits
----------
iter: 1
n_candidates: 7
n_resources: 180
Fitting 5 folds for each of 7 candidates, totalling 35 fits
----------
iter: 2
n_candidates: 3
n_resources: 540
Fitting 5 folds for each of 3 candidates, totalling 15 fits
      -> [Tuned_Baseline] Acc: 1.0000, F1: 1.0000, Time: 0.01s
    Evaluating Model: LinearSVC
      -> [Baseline] Acc: 0.9827, F1: 0.9827, Time: 0.03s
      HP Tuning LinearSVC...
n_iterations: 3
n_required_iterations: 3
n_possible_iterations: 5
min_resources_: 60
max_resources_: 6000
aggressive_elimination: False
factor: 3
----------
iter: 0
n_candidates: 20
n_resources: 60
Fitting 5 folds for each of 20 candidates, totalling 100 fits
----------
iter: 1
n_candidates: 7
n_resources: 180
Fitting 5 folds for each of 7 candidates, totalling 35 fits
----------
iter: 2
n_candidates: 3
n_resources: 540
Fitting 5 folds for each of 3 candidates, totalling 15 fits
      -> [Tuned_Baseline] Acc: 0.9813, F1: 0.9814, Time: 0.00s
    Evaluating Model: LogisticRegression
      -> [Baseline] Acc: 0.9993, F1: 0.9993, Time: 0.09s
      HP Tuning LogisticRegression...
n_iterations: 3
n_required_iterations: 3
n_possible_iterations: 5
min_resources_: 60
max_resources_: 6000
aggressive_elimination: False
factor: 3
----------
iter: 0
n_candidates: 12
n_resources: 60
Fitting 5 folds for each of 12 candidates, totalling 60 fits
----------
iter: 1
n_candidates: 4
n_resources: 180
Fitting 5 folds for each of 4 candidates, totalling 20 fits
----------
iter: 2
n_candidates: 2
n_resources: 540
Fitting 5 folds for each of 2 candidates, totalling 10 fits
      -> [Tuned_Baseline] Acc: 1.0000, F1: 1.0000, Time: 0.00s
    Evaluating Model: RNN
      -> [Baseline] Acc: 0.4667, F1: 0.3756, Time: 0.24s
      -> [Tuned_Baseline] Acc: 0.4667, F1: 0.3756, Time: 0.00s
    [=== Generating 2x synthetic data with Jittering ===]
      -> [KNN + Jittering @ 2x] Acc: 1.0000, F1: 1.0000, Time: 0.09s
      -> [RandomForest + Jittering @ 2x] Acc: 1.0000, F1: 1.0000, Time: 1.78s
      -> [LinearSVC + Jittering @ 2x] Acc: 0.9827, F1: 0.9827, Time: 0.06s
      -> [LogisticRegression + Jittering @ 2x] Acc: 1.0000, F1: 1.0000, Time: 0.05s
      -> [RNN + Jittering @ 2x] Acc: 0.6000, F1: 0.4865, Time: 0.46s
    [=== Generating 3x synthetic data with Jittering ===]
      -> [KNN + Jittering @ 3x] Acc: 1.0000, F1: 1.0000, Time: 0.10s
      -> [RandomForest + Jittering @ 3x] Acc: 1.0000, F1: 1.0000, Time: 3.00s
      -> [LinearSVC + Jittering @ 3x] Acc: 0.9807, F1: 0.9807, Time: 0.10s
      -> [LogisticRegression + Jittering @ 3x] Acc: 1.0000, F1: 1.0000, Time: 0.07s
      -> [RNN + Jittering @ 3x] Acc: 0.6000, F1: 0.5365, Time: 0.76s
    [=== Generating 5x synthetic data with Jittering ===]
      -> [KNN + Jittering @ 5x] Acc: 1.0000, F1: 1.0000, Time: 0.12s
      -> [RandomForest + Jittering @ 5x] Acc: 1.0000, F1: 1.0000, Time: 5.33s
      -> [LinearSVC + Jittering @ 5x] Acc: 0.9820, F1: 0.9820, Time: 0.16s
      -> [LogisticRegression + Jittering @ 5x] Acc: 1.0000, F1: 1.0000, Time: 0.12s
      -> [RNN + Jittering @ 5x] Acc: 0.9333, F1: 0.9270, Time: 1.25s
    [=== Generating 10x synthetic data with Jittering ===]
      -> [KNN + Jittering @ 10x] Acc: 1.0000, F1: 1.0000, Time: 0.17s
      -> [RandomForest + Jittering @ 10x] Acc: 1.0000, F1: 1.0000, Time: 12.00s
      -> [LinearSVC + Jittering @ 10x] Acc: 0.9813, F1: 0.9814, Time: 0.37s
      -> [LogisticRegression + Jittering @ 10x] Acc: 1.0000, F1: 1.0000, Time: 0.23s
      -> [RNN + Jittering @ 10x] Acc: 0.9333, F1: 0.9270, Time: 2.18s
    [=== Generating 2x synthetic data with Scaling ===]
      -> [KNN + Scaling @ 2x] Acc: 1.0000, F1: 1.0000, Time: 0.09s
      -> [RandomForest + Scaling @ 2x] Acc: 1.0000, F1: 1.0000, Time: 1.62s
      -> [LinearSVC + Scaling @ 2x] Acc: 0.9787, F1: 0.9787, Time: 0.06s
      -> [LogisticRegression + Scaling @ 2x] Acc: 1.0000, F1: 1.0000, Time: 0.07s
      -> [RNN + Scaling @ 2x] Acc: 0.8000, F1: 0.7889, Time: 0.46s
    [=== Generating 3x synthetic data with Scaling ===]
      -> [KNN + Scaling @ 3x] Acc: 1.0000, F1: 1.0000, Time: 0.10s
      -> [RandomForest + Scaling @ 3x] Acc: 1.0000, F1: 1.0000, Time: 2.59s
      -> [LinearSVC + Scaling @ 3x] Acc: 0.9760, F1: 0.9761, Time: 0.09s
      -> [LogisticRegression + Scaling @ 3x] Acc: 0.9993, F1: 0.9993, Time: 0.11s
      -> [RNN + Scaling @ 3x] Acc: 0.8667, F1: 0.8611, Time: 0.70s
    [=== Generating 5x synthetic data with Scaling ===]
      -> [KNN + Scaling @ 5x] Acc: 1.0000, F1: 1.0000, Time: 0.12s
      -> [RandomForest + Scaling @ 5x] Acc: 1.0000, F1: 1.0000, Time: 4.70s
      -> [LinearSVC + Scaling @ 5x] Acc: 0.9747, F1: 0.9746, Time: 0.15s
      -> [LogisticRegression + Scaling @ 5x] Acc: 1.0000, F1: 1.0000, Time: 0.21s
      -> [RNN + Scaling @ 5x] Acc: 0.9333, F1: 0.9333, Time: 1.15s
    [=== Generating 10x synthetic data with Scaling ===]
      -> [KNN + Scaling @ 10x] Acc: 1.0000, F1: 1.0000, Time: 0.17s
      -> [RandomForest + Scaling @ 10x] Acc: 1.0000, F1: 1.0000, Time: 10.97s
      -> [LinearSVC + Scaling @ 10x] Acc: 0.9733, F1: 0.9734, Time: 0.31s
      -> [LogisticRegression + Scaling @ 10x] Acc: 1.0000, F1: 1.0000, Time: 0.44s
      -> [RNN + Scaling @ 10x] Acc: 1.0000, F1: 1.0000, Time: 2.12s
    [=== Generating 2x synthetic data with Magnitude_Warping ===]
      -> [KNN + Magnitude_Warping @ 2x] Acc: 0.9993, F1: 0.9993, Time: 0.09s
      -> [RandomForest + Magnitude_Warping @ 2x] Acc: 1.0000, F1: 1.0000, Time: 2.10s
      -> [LinearSVC + Magnitude_Warping @ 2x] Acc: 0.9713, F1: 0.9712, Time: 0.06s
      -> [LogisticRegression + Magnitude_Warping @ 2x] Acc: 1.0000, F1: 1.0000, Time: 0.22s
      -> [RNN + Magnitude_Warping @ 2x] Acc: 0.8000, F1: 0.7429, Time: 0.48s
    [=== Generating 3x synthetic data with Magnitude_Warping ===]
      -> [KNN + Magnitude_Warping @ 3x] Acc: 0.9993, F1: 0.9993, Time: 0.10s
      -> [RandomForest + Magnitude_Warping @ 3x] Acc: 1.0000, F1: 1.0000, Time: 3.69s
      -> [LinearSVC + Magnitude_Warping @ 3x] Acc: 0.9767, F1: 0.9764, Time: 0.09s
      -> [LogisticRegression + Magnitude_Warping @ 3x] Acc: 1.0000, F1: 1.0000, Time: 0.32s
      -> [RNN + Magnitude_Warping @ 3x] Acc: 0.8667, F1: 0.8167, Time: 0.75s
    [=== Generating 5x synthetic data with Magnitude_Warping ===]
      -> [KNN + Magnitude_Warping @ 5x] Acc: 1.0000, F1: 1.0000, Time: 0.12s
      -> [RandomForest + Magnitude_Warping @ 5x] Acc: 1.0000, F1: 1.0000, Time: 7.35s
      -> [LinearSVC + Magnitude_Warping @ 5x] Acc: 0.9587, F1: 0.9584, Time: 0.14s
      -> [LogisticRegression + Magnitude_Warping @ 5x] Acc: 1.0000, F1: 1.0000, Time: 0.52s
      -> [RNN + Magnitude_Warping @ 5x] Acc: 1.0000, F1: 1.0000, Time: 1.11s
    [=== Generating 10x synthetic data with Magnitude_Warping ===]
      -> [KNN + Magnitude_Warping @ 10x] Acc: 1.0000, F1: 1.0000, Time: 0.17s
      -> [RandomForest + Magnitude_Warping @ 10x] Acc: 1.0000, F1: 1.0000, Time: 17.56s
      -> [LinearSVC + Magnitude_Warping @ 10x] Acc: 0.9593, F1: 0.9590, Time: 0.29s
      -> [LogisticRegression + Magnitude_Warping @ 10x] Acc: 1.0000, F1: 1.0000, Time: 1.00s
      -> [RNN + Magnitude_Warping @ 10x] Acc: 1.0000, F1: 1.0000, Time: 2.13s
    [=== Generating 2x synthetic data with Time_Warping ===]
      -> [KNN + Time_Warping @ 2x] Acc: 1.0000, F1: 1.0000, Time: 0.09s
      -> [RandomForest + Time_Warping @ 2x] Acc: 1.0000, F1: 1.0000, Time: 1.62s
      -> [LinearSVC + Time_Warping @ 2x] Acc: 0.9487, F1: 0.9487, Time: 0.06s
      -> [LogisticRegression + Time_Warping @ 2x] Acc: 1.0000, F1: 1.0000, Time: 0.06s
      -> [RNN + Time_Warping @ 2x] Acc: 0.7333, F1: 0.6806, Time: 0.46s
    [=== Generating 3x synthetic data with Time_Warping ===]
      -> [KNN + Time_Warping @ 3x] Acc: 1.0000, F1: 1.0000, Time: 0.10s
      -> [RandomForest + Time_Warping @ 3x] Acc: 1.0000, F1: 1.0000, Time: 2.60s
      -> [LinearSVC + Time_Warping @ 3x] Acc: 0.9300, F1: 0.9303, Time: 0.09s
      -> [LogisticRegression + Time_Warping @ 3x] Acc: 1.0000, F1: 1.0000, Time: 0.09s
      -> [RNN + Time_Warping @ 3x] Acc: 0.8667, F1: 0.8114, Time: 0.68s
    [=== Generating 5x synthetic data with Time_Warping ===]
      -> [KNN + Time_Warping @ 5x] Acc: 1.0000, F1: 1.0000, Time: 0.12s
      -> [RandomForest + Time_Warping @ 5x] Acc: 1.0000, F1: 1.0000, Time: 4.70s
      -> [LinearSVC + Time_Warping @ 5x] Acc: 0.9200, F1: 0.9202, Time: 0.14s
      -> [LogisticRegression + Time_Warping @ 5x] Acc: 1.0000, F1: 1.0000, Time: 0.14s
      -> [RNN + Time_Warping @ 5x] Acc: 1.0000, F1: 1.0000, Time: 1.14s
    [=== Generating 10x synthetic data with Time_Warping ===]
      -> [KNN + Time_Warping @ 10x] Acc: 1.0000, F1: 1.0000, Time: 0.18s
      -> [RandomForest + Time_Warping @ 10x] Acc: 1.0000, F1: 1.0000, Time: 10.36s
      -> [LinearSVC + Time_Warping @ 10x] Acc: 0.9207, F1: 0.9212, Time: 0.25s
      -> [LogisticRegression + Time_Warping @ 10x] Acc: 1.0000, F1: 1.0000, Time: 0.30s
      -> [RNN + Time_Warping @ 10x] Acc: 1.0000, F1: 1.0000, Time: 2.24s
    [=== Generating 2x synthetic data with SMOTE ===]
      -> [KNN + SMOTE @ 2x] Acc: 1.0000, F1: 1.0000, Time: 0.09s
      -> [RandomForest + SMOTE @ 2x] Acc: 1.0000, F1: 1.0000, Time: 1.58s
      -> [LinearSVC + SMOTE @ 2x] Acc: 0.9800, F1: 0.9800, Time: 0.06s
      -> [LogisticRegression + SMOTE @ 2x] Acc: 1.0000, F1: 1.0000, Time: 0.05s
      -> [RNN + SMOTE @ 2x] Acc: 0.8000, F1: 0.7437, Time: 0.45s
    [=== Generating 3x synthetic data with SMOTE ===]
      -> [KNN + SMOTE @ 3x] Acc: 1.0000, F1: 1.0000, Time: 0.10s
      -> [RandomForest + SMOTE @ 3x] Acc: 1.0000, F1: 1.0000, Time: 2.50s
      -> [LinearSVC + SMOTE @ 3x] Acc: 0.9767, F1: 0.9767, Time: 0.10s
      -> [LogisticRegression + SMOTE @ 3x] Acc: 1.0000, F1: 1.0000, Time: 0.07s
      -> [RNN + SMOTE @ 3x] Acc: 0.8667, F1: 0.8611, Time: 0.69s
    [=== Generating 5x synthetic data with SMOTE ===]
      -> [KNN + SMOTE @ 5x] Acc: 1.0000, F1: 1.0000, Time: 0.11s
      -> [RandomForest + SMOTE @ 5x] Acc: 1.0000, F1: 1.0000, Time: 4.53s
      -> [LinearSVC + SMOTE @ 5x] Acc: 0.9773, F1: 0.9774, Time: 0.16s
      -> [LogisticRegression + SMOTE @ 5x] Acc: 1.0000, F1: 1.0000, Time: 0.11s
      -> [RNN + SMOTE @ 5x] Acc: 0.9333, F1: 0.9270, Time: 1.26s
    [=== Generating 10x synthetic data with SMOTE ===]
      -> [KNN + SMOTE @ 10x] Acc: 1.0000, F1: 1.0000, Time: 0.16s
      -> [RandomForest + SMOTE @ 10x] Acc: 1.0000, F1: 1.0000, Time: 9.61s
      -> [LinearSVC + SMOTE @ 10x] Acc: 0.9780, F1: 0.9780, Time: 0.34s
      -> [LogisticRegression + SMOTE @ 10x] Acc: 1.0000, F1: 1.0000, Time: 0.22s
      -> [RNN + SMOTE @ 10x] Acc: 1.0000, F1: 1.0000, Time: 2.12s
    [=== Generating 2x synthetic data with ADASYN ===]
      [!] Failed generation with ADASYN at 2x: Not any neigbours belong to the majority class. This case will induce a NaN case with a division by zero. ADASYN is not suited for this specific dataset. Use SMOTE instead.
    [=== Generating 3x synthetic data with ADASYN ===]
      [!] Failed generation with ADASYN at 3x: Not any neigbours belong to the majority class. This case will induce a NaN case with a division by zero. ADASYN is not suited for this specific dataset. Use SMOTE instead.
    [=== Generating 5x synthetic data with ADASYN ===]
      [!] Failed generation with ADASYN at 5x: Not any neigbours belong to the majority class. This case will induce a NaN case with a division by zero. ADASYN is not suited for this specific dataset. Use SMOTE instead.
    [=== Generating 10x synthetic data with ADASYN ===]
      [!] Failed generation with ADASYN at 10x: Not any neigbours belong to the majority class. This case will induce a NaN case with a division by zero. ADASYN is not suited for this specific dataset. Use SMOTE instead.
    [=== Generating 2x synthetic data with Mixup ===]
      -> [KNN + Mixup @ 2x] Acc: 1.0000, F1: 1.0000, Time: 0.09s
      -> [RandomForest + Mixup @ 2x] Acc: 1.0000, F1: 1.0000, Time: 1.48s
      -> [LinearSVC + Mixup @ 2x] Acc: 0.9780, F1: 0.9780, Time: 0.07s
      -> [LogisticRegression + Mixup @ 2x] Acc: 1.0000, F1: 1.0000, Time: 0.05s
      -> [RNN + Mixup @ 2x] Acc: 0.7333, F1: 0.6698, Time: 0.46s
    [=== Generating 3x synthetic data with Mixup ===]
      -> [KNN + Mixup @ 3x] Acc: 1.0000, F1: 1.0000, Time: 0.10s
      -> [RandomForest + Mixup @ 3x] Acc: 1.0000, F1: 1.0000, Time: 2.25s
      -> [LinearSVC + Mixup @ 3x] Acc: 0.9813, F1: 0.9814, Time: 0.10s
      -> [LogisticRegression + Mixup @ 3x] Acc: 1.0000, F1: 1.0000, Time: 0.07s
      -> [RNN + Mixup @ 3x] Acc: 1.0000, F1: 1.0000, Time: 0.67s
    [=== Generating 5x synthetic data with Mixup ===]
      -> [KNN + Mixup @ 5x] Acc: 1.0000, F1: 1.0000, Time: 0.11s
      -> [RandomForest + Mixup @ 5x] Acc: 1.0000, F1: 1.0000, Time: 4.20s
      -> [LinearSVC + Mixup @ 5x] Acc: 0.9820, F1: 0.9820, Time: 0.17s
      -> [LogisticRegression + Mixup @ 5x] Acc: 1.0000, F1: 1.0000, Time: 0.12s
      -> [RNN + Mixup @ 5x] Acc: 0.9333, F1: 0.9270, Time: 1.14s
    [=== Generating 10x synthetic data with Mixup ===]
      -> [KNN + Mixup @ 10x] Acc: 1.0000, F1: 1.0000, Time: 0.17s
      -> [RandomForest + Mixup @ 10x] Acc: 1.0000, F1: 1.0000, Time: 9.00s
      -> [LinearSVC + Mixup @ 10x] Acc: 0.9807, F1: 0.9807, Time: 0.32s
      -> [LogisticRegression + Mixup @ 10x] Acc: 1.0000, F1: 1.0000, Time: 0.22s
      -> [RNN + Mixup @ 10x] Acc: 1.0000, F1: 1.0000, Time: 2.14s
    [=== Generating 2x synthetic data with GMM ===]
      -> [KNN + GMM @ 2x] Acc: 1.0000, F1: 1.0000, Time: 0.09s
      -> [RandomForest + GMM @ 2x] Acc: 1.0000, F1: 1.0000, Time: 1.78s
      -> [LinearSVC + GMM @ 2x] Acc: 0.9833, F1: 0.9834, Time: 0.07s
      -> [LogisticRegression + GMM @ 2x] Acc: 1.0000, F1: 1.0000, Time: 0.05s
      -> [RNN + GMM @ 2x] Acc: 0.8000, F1: 0.7537, Time: 0.48s
    [=== Generating 3x synthetic data with GMM ===]
      -> [KNN + GMM @ 3x] Acc: 1.0000, F1: 1.0000, Time: 0.10s
      -> [RandomForest + GMM @ 3x] Acc: 1.0000, F1: 1.0000, Time: 2.95s
      -> [LinearSVC + GMM @ 3x] Acc: 0.9833, F1: 0.9834, Time: 0.10s
      -> [LogisticRegression + GMM @ 3x] Acc: 1.0000, F1: 1.0000, Time: 0.07s
      -> [RNN + GMM @ 3x] Acc: 0.9333, F1: 0.9289, Time: 0.73s
    [=== Generating 5x synthetic data with GMM ===]
      -> [KNN + GMM @ 5x] Acc: 1.0000, F1: 1.0000, Time: 0.12s
      -> [RandomForest + GMM @ 5x] Acc: 1.0000, F1: 1.0000, Time: 5.35s
      -> [LinearSVC + GMM @ 5x] Acc: 0.9833, F1: 0.9834, Time: 0.16s
      -> [LogisticRegression + GMM @ 5x] Acc: 1.0000, F1: 1.0000, Time: 0.10s
      -> [RNN + GMM @ 5x] Acc: 1.0000, F1: 1.0000, Time: 1.11s
    [=== Generating 10x synthetic data with GMM ===]
      -> [KNN + GMM @ 10x] Acc: 1.0000, F1: 1.0000, Time: 0.17s
      -> [RandomForest + GMM @ 10x] Acc: 1.0000, F1: 1.0000, Time: 11.96s
      -> [LinearSVC + GMM @ 10x] Acc: 0.9807, F1: 0.9807, Time: 0.32s
      -> [LogisticRegression + GMM @ 10x] Acc: 1.0000, F1: 1.0000, Time: 0.21s
      -> [RNN + GMM @ 10x] Acc: 1.0000, F1: 1.0000, Time: 2.21s
    [=== Generating 2x synthetic data with HMM_GMM ===]
      -> [KNN + HMM_GMM @ 2x] Acc: 1.0000, F1: 1.0000, Time: 0.09s
      -> [RandomForest + HMM_GMM @ 2x] Acc: 1.0000, F1: 1.0000, Time: 1.17s
      -> [LinearSVC + HMM_GMM @ 2x] Acc: 0.8940, F1: 0.8944, Time: 0.06s
      -> [LogisticRegression + HMM_GMM @ 2x] Acc: 1.0000, F1: 1.0000, Time: 0.06s
      -> [RNN + HMM_GMM @ 2x] Acc: 0.6000, F1: 0.5056, Time: 0.45s
    [=== Generating 3x synthetic data with HMM_GMM ===]
      -> [KNN + HMM_GMM @ 3x] Acc: 1.0000, F1: 1.0000, Time: 0.10s
      -> [RandomForest + HMM_GMM @ 3x] Acc: 1.0000, F1: 1.0000, Time: 1.45s
      -> [LinearSVC + HMM_GMM @ 3x] Acc: 0.8713, F1: 0.8692, Time: 0.09s
      -> [LogisticRegression + HMM_GMM @ 3x] Acc: 1.0000, F1: 1.0000, Time: 0.08s
      -> [RNN + HMM_GMM @ 3x] Acc: 0.6000, F1: 0.5556, Time: 0.75s
    [=== Generating 5x synthetic data with HMM_GMM ===]
      -> [KNN + HMM_GMM @ 5x] Acc: 1.0000, F1: 1.0000, Time: 0.11s
      -> [RandomForest + HMM_GMM @ 5x] Acc: 1.0000, F1: 1.0000, Time: 1.90s
      -> [LinearSVC + HMM_GMM @ 5x] Acc: 0.8413, F1: 0.8373, Time: 0.14s
      -> [LogisticRegression + HMM_GMM @ 5x] Acc: 1.0000, F1: 1.0000, Time: 0.14s
      -> [RNN + HMM_GMM @ 5x] Acc: 0.8000, F1: 0.7429, Time: 1.11s
    [=== Generating 10x synthetic data with HMM_GMM ===]
      -> [KNN + HMM_GMM @ 10x] Acc: 1.0000, F1: 1.0000, Time: 0.16s
      -> [RandomForest + HMM_GMM @ 10x] Acc: 1.0000, F1: 1.0000, Time: 3.02s
      -> [LinearSVC + HMM_GMM @ 10x] Acc: 0.8073, F1: 0.8036, Time: 0.27s
      -> [LogisticRegression + HMM_GMM @ 10x] Acc: 1.0000, F1: 1.0000, Time: 0.31s
      -> [RNN + HMM_GMM @ 10x] Acc: 0.8000, F1: 0.7437, Time: 2.17s

    >> Seed Fold Selection: 5/10
    Evaluating Model: KNN
      -> [Baseline] Acc: 1.0000, F1: 1.0000, Time: 0.08s
      HP Tuning KNN...
n_iterations: 3
n_required_iterations: 3
n_possible_iterations: 5
min_resources_: 60
max_resources_: 6000
aggressive_elimination: False
factor: 3
----------
iter: 0
n_candidates: 20
n_resources: 60
Fitting 5 folds for each of 20 candidates, totalling 100 fits
----------
iter: 1
n_candidates: 7
n_resources: 180
Fitting 5 folds for each of 7 candidates, totalling 35 fits
----------
iter: 2
n_candidates: 3
n_resources: 540
Fitting 5 folds for each of 3 candidates, totalling 15 fits
      -> [Tuned_Baseline] Acc: 1.0000, F1: 1.0000, Time: 0.07s
    Evaluating Model: RandomForest
      -> [Baseline] Acc: 1.0000, F1: 1.0000, Time: 0.65s
      HP Tuning RandomForest...
n_iterations: 3
n_required_iterations: 3
n_possible_iterations: 5
min_resources_: 60
max_resources_: 6000
aggressive_elimination: False
factor: 3
----------
iter: 0
n_candidates: 20
n_resources: 60
Fitting 5 folds for each of 20 candidates, totalling 100 fits
----------
iter: 1
n_candidates: 7
n_resources: 180
Fitting 5 folds for each of 7 candidates, totalling 35 fits
----------
iter: 2
n_candidates: 3
n_resources: 540
Fitting 5 folds for each of 3 candidates, totalling 15 fits
      -> [Tuned_Baseline] Acc: 1.0000, F1: 1.0000, Time: 0.01s
    Evaluating Model: LinearSVC
      -> [Baseline] Acc: 0.9860, F1: 0.9860, Time: 0.03s
      HP Tuning LinearSVC...
n_iterations: 3
n_required_iterations: 3
n_possible_iterations: 5
min_resources_: 60
max_resources_: 6000
aggressive_elimination: False
factor: 3
----------
iter: 0
n_candidates: 20
n_resources: 60
Fitting 5 folds for each of 20 candidates, totalling 100 fits
----------
iter: 1
n_candidates: 7
n_resources: 180
Fitting 5 folds for each of 7 candidates, totalling 35 fits
----------
iter: 2
n_candidates: 3
n_resources: 540
Fitting 5 folds for each of 3 candidates, totalling 15 fits
      -> [Tuned_Baseline] Acc: 0.9847, F1: 0.9847, Time: 0.00s
    Evaluating Model: LogisticRegression
      -> [Baseline] Acc: 1.0000, F1: 1.0000, Time: 0.08s
      HP Tuning LogisticRegression...
n_iterations: 3
n_required_iterations: 3
n_possible_iterations: 5
min_resources_: 60
max_resources_: 6000
aggressive_elimination: False
factor: 3
----------
iter: 0
n_candidates: 12
n_resources: 60
Fitting 5 folds for each of 12 candidates, totalling 60 fits
----------
iter: 1
n_candidates: 4
n_resources: 180
Fitting 5 folds for each of 4 candidates, totalling 20 fits
----------
iter: 2
n_candidates: 2
n_resources: 540
Fitting 5 folds for each of 2 candidates, totalling 10 fits
      -> [Tuned_Baseline] Acc: 1.0000, F1: 1.0000, Time: 0.00s
    Evaluating Model: RNN
      -> [Baseline] Acc: 0.5333, F1: 0.4093, Time: 0.24s
      -> [Tuned_Baseline] Acc: 0.5333, F1: 0.4093, Time: 0.00s
    [=== Generating 2x synthetic data with Jittering ===]
      -> [KNN + Jittering @ 2x] Acc: 1.0000, F1: 1.0000, Time: 0.09s
      -> [RandomForest + Jittering @ 2x] Acc: 1.0000, F1: 1.0000, Time: 0.87s
      -> [LinearSVC + Jittering @ 2x] Acc: 0.9867, F1: 0.9866, Time: 0.07s
      -> [LogisticRegression + Jittering @ 2x] Acc: 1.0000, F1: 1.0000, Time: 0.05s
      -> [RNN + Jittering @ 2x] Acc: 0.7333, F1: 0.6698, Time: 0.46s
    [=== Generating 3x synthetic data with Jittering ===]
      -> [KNN + Jittering @ 3x] Acc: 1.0000, F1: 1.0000, Time: 0.10s
      -> [RandomForest + Jittering @ 3x] Acc: 1.0000, F1: 1.0000, Time: 1.47s
      -> [LinearSVC + Jittering @ 3x] Acc: 0.9873, F1: 0.9873, Time: 0.10s
      -> [LogisticRegression + Jittering @ 3x] Acc: 1.0000, F1: 1.0000, Time: 0.07s
      -> [RNN + Jittering @ 3x] Acc: 0.8000, F1: 0.7429, Time: 0.67s
    [=== Generating 5x synthetic data with Jittering ===]
      -> [KNN + Jittering @ 5x] Acc: 1.0000, F1: 1.0000, Time: 0.12s
      -> [RandomForest + Jittering @ 5x] Acc: 1.0000, F1: 1.0000, Time: 2.70s
      -> [LinearSVC + Jittering @ 5x] Acc: 0.9840, F1: 0.9840, Time: 0.16s
      -> [LogisticRegression + Jittering @ 5x] Acc: 1.0000, F1: 1.0000, Time: 0.11s
      -> [RNN + Jittering @ 5x] Acc: 0.9333, F1: 0.9333, Time: 1.12s
    [=== Generating 10x synthetic data with Jittering ===]
      -> [KNN + Jittering @ 10x] Acc: 1.0000, F1: 1.0000, Time: 0.17s
      -> [RandomForest + Jittering @ 10x] Acc: 1.0000, F1: 1.0000, Time: 5.68s
      -> [LinearSVC + Jittering @ 10x] Acc: 0.9853, F1: 0.9853, Time: 0.34s
      -> [LogisticRegression + Jittering @ 10x] Acc: 1.0000, F1: 1.0000, Time: 0.22s
      -> [RNN + Jittering @ 10x] Acc: 1.0000, F1: 1.0000, Time: 2.26s
    [=== Generating 2x synthetic data with Scaling ===]
      -> [KNN + Scaling @ 2x] Acc: 1.0000, F1: 1.0000, Time: 0.09s
      -> [RandomForest + Scaling @ 2x] Acc: 1.0000, F1: 1.0000, Time: 0.81s
      -> [LinearSVC + Scaling @ 2x] Acc: 0.9820, F1: 0.9820, Time: 0.06s
      -> [LogisticRegression + Scaling @ 2x] Acc: 1.0000, F1: 1.0000, Time: 0.06s
      -> [RNN + Scaling @ 2x] Acc: 0.8667, F1: 0.8556, Time: 0.48s
    [=== Generating 3x synthetic data with Scaling ===]
      -> [KNN + Scaling @ 3x] Acc: 1.0000, F1: 1.0000, Time: 0.10s
      -> [RandomForest + Scaling @ 3x] Acc: 1.0000, F1: 1.0000, Time: 1.31s
      -> [LinearSVC + Scaling @ 3x] Acc: 0.9793, F1: 0.9794, Time: 0.10s
      -> [LogisticRegression + Scaling @ 3x] Acc: 1.0000, F1: 1.0000, Time: 0.13s
      -> [RNN + Scaling @ 3x] Acc: 0.8000, F1: 0.7429, Time: 0.67s
    [=== Generating 5x synthetic data with Scaling ===]
      -> [KNN + Scaling @ 5x] Acc: 1.0000, F1: 1.0000, Time: 0.11s
      -> [RandomForest + Scaling @ 5x] Acc: 1.0000, F1: 1.0000, Time: 2.32s
      -> [LinearSVC + Scaling @ 5x] Acc: 0.9780, F1: 0.9780, Time: 0.15s
      -> [LogisticRegression + Scaling @ 5x] Acc: 1.0000, F1: 1.0000, Time: 0.21s
      -> [RNN + Scaling @ 5x] Acc: 0.6000, F1: 0.4857, Time: 1.09s
    [=== Generating 10x synthetic data with Scaling ===]
      -> [KNN + Scaling @ 10x] Acc: 1.0000, F1: 1.0000, Time: 0.17s
      -> [RandomForest + Scaling @ 10x] Acc: 1.0000, F1: 1.0000, Time: 5.34s
      -> [LinearSVC + Scaling @ 10x] Acc: 0.9767, F1: 0.9767, Time: 0.30s
      -> [LogisticRegression + Scaling @ 10x] Acc: 1.0000, F1: 1.0000, Time: 0.55s
      -> [RNN + Scaling @ 10x] Acc: 1.0000, F1: 1.0000, Time: 2.14s
    [=== Generating 2x synthetic data with Magnitude_Warping ===]
      -> [KNN + Magnitude_Warping @ 2x] Acc: 1.0000, F1: 1.0000, Time: 0.09s
      -> [RandomForest + Magnitude_Warping @ 2x] Acc: 0.9993, F1: 0.9993, Time: 1.03s
      -> [LinearSVC + Magnitude_Warping @ 2x] Acc: 0.9720, F1: 0.9717, Time: 0.06s
      -> [LogisticRegression + Magnitude_Warping @ 2x] Acc: 1.0000, F1: 1.0000, Time: 0.21s
      -> [RNN + Magnitude_Warping @ 2x] Acc: 0.8000, F1: 0.7429, Time: 0.46s
    [=== Generating 3x synthetic data with Magnitude_Warping ===]
      -> [KNN + Magnitude_Warping @ 3x] Acc: 1.0000, F1: 1.0000, Time: 0.10s
      -> [RandomForest + Magnitude_Warping @ 3x] Acc: 1.0000, F1: 1.0000, Time: 1.77s
      -> [LinearSVC + Magnitude_Warping @ 3x] Acc: 0.9673, F1: 0.9667, Time: 0.09s
      -> [LogisticRegression + Magnitude_Warping @ 3x] Acc: 1.0000, F1: 1.0000, Time: 0.31s
      -> [RNN + Magnitude_Warping @ 3x] Acc: 0.9333, F1: 0.9333, Time: 0.67s
    [=== Generating 5x synthetic data with Magnitude_Warping ===]
      -> [KNN + Magnitude_Warping @ 5x] Acc: 1.0000, F1: 1.0000, Time: 0.12s
      -> [RandomForest + Magnitude_Warping @ 5x] Acc: 1.0000, F1: 1.0000, Time: 3.35s
      -> [LinearSVC + Magnitude_Warping @ 5x] Acc: 0.9733, F1: 0.9728, Time: 0.14s
      -> [LogisticRegression + Magnitude_Warping @ 5x] Acc: 1.0000, F1: 1.0000, Time: 0.52s
      -> [RNN + Magnitude_Warping @ 5x] Acc: 0.9333, F1: 0.9270, Time: 1.10s
    [=== Generating 10x synthetic data with Magnitude_Warping ===]
      -> [KNN + Magnitude_Warping @ 10x] Acc: 1.0000, F1: 1.0000, Time: 0.17s
      -> [RandomForest + Magnitude_Warping @ 10x] Acc: 1.0000, F1: 1.0000, Time: 7.29s
      -> [LinearSVC + Magnitude_Warping @ 10x] Acc: 0.9693, F1: 0.9688, Time: 0.29s
      -> [LogisticRegression + Magnitude_Warping @ 10x] Acc: 1.0000, F1: 1.0000, Time: 0.99s
      -> [RNN + Magnitude_Warping @ 10x] Acc: 1.0000, F1: 1.0000, Time: 2.16s
    [=== Generating 2x synthetic data with Time_Warping ===]
      -> [KNN + Time_Warping @ 2x] Acc: 1.0000, F1: 1.0000, Time: 0.09s
      -> [RandomForest + Time_Warping @ 2x] Acc: 1.0000, F1: 1.0000, Time: 0.81s
      -> [LinearSVC + Time_Warping @ 2x] Acc: 0.9533, F1: 0.9527, Time: 0.06s
      -> [LogisticRegression + Time_Warping @ 2x] Acc: 1.0000, F1: 1.0000, Time: 0.07s
      -> [RNN + Time_Warping @ 2x] Acc: 0.8667, F1: 0.8611, Time: 0.44s
    [=== Generating 3x synthetic data with Time_Warping ===]
      -> [KNN + Time_Warping @ 3x] Acc: 1.0000, F1: 1.0000, Time: 0.10s
      -> [RandomForest + Time_Warping @ 3x] Acc: 1.0000, F1: 1.0000, Time: 1.30s
      -> [LinearSVC + Time_Warping @ 3x] Acc: 0.9387, F1: 0.9388, Time: 0.08s
      -> [LogisticRegression + Time_Warping @ 3x] Acc: 1.0000, F1: 1.0000, Time: 0.09s
      -> [RNN + Time_Warping @ 3x] Acc: 0.8000, F1: 0.7429, Time: 0.68s
    [=== Generating 5x synthetic data with Time_Warping ===]
      -> [KNN + Time_Warping @ 5x] Acc: 1.0000, F1: 1.0000, Time: 0.12s
      -> [RandomForest + Time_Warping @ 5x] Acc: 1.0000, F1: 1.0000, Time: 2.23s
      -> [LinearSVC + Time_Warping @ 5x] Acc: 0.9353, F1: 0.9352, Time: 0.13s
      -> [LogisticRegression + Time_Warping @ 5x] Acc: 1.0000, F1: 1.0000, Time: 0.14s
      -> [RNN + Time_Warping @ 5x] Acc: 0.8000, F1: 0.7429, Time: 1.15s
    [=== Generating 10x synthetic data with Time_Warping ===]
      -> [KNN + Time_Warping @ 10x] Acc: 1.0000, F1: 1.0000, Time: 0.18s
      -> [RandomForest + Time_Warping @ 10x] Acc: 1.0000, F1: 1.0000, Time: 4.81s
      -> [LinearSVC + Time_Warping @ 10x] Acc: 0.9187, F1: 0.9189, Time: 0.27s
      -> [LogisticRegression + Time_Warping @ 10x] Acc: 1.0000, F1: 1.0000, Time: 0.26s
      -> [RNN + Time_Warping @ 10x] Acc: 1.0000, F1: 1.0000, Time: 2.17s
    [=== Generating 2x synthetic data with SMOTE ===]
      -> [KNN + SMOTE @ 2x] Acc: 1.0000, F1: 1.0000, Time: 0.09s
      -> [RandomForest + SMOTE @ 2x] Acc: 1.0000, F1: 1.0000, Time: 0.77s
      -> [LinearSVC + SMOTE @ 2x] Acc: 0.9840, F1: 0.9840, Time: 0.07s
      -> [LogisticRegression + SMOTE @ 2x] Acc: 1.0000, F1: 1.0000, Time: 0.04s
      -> [RNN + SMOTE @ 2x] Acc: 0.6000, F1: 0.4922, Time: 0.44s
    [=== Generating 3x synthetic data with SMOTE ===]
      -> [KNN + SMOTE @ 3x] Acc: 1.0000, F1: 1.0000, Time: 0.10s
      -> [RandomForest + SMOTE @ 3x] Acc: 1.0000, F1: 1.0000, Time: 1.25s
      -> [LinearSVC + SMOTE @ 3x] Acc: 0.9840, F1: 0.9840, Time: 0.10s
      -> [LogisticRegression + SMOTE @ 3x] Acc: 1.0000, F1: 1.0000, Time: 0.06s
      -> [RNN + SMOTE @ 3x] Acc: 0.8667, F1: 0.8556, Time: 0.69s
    [=== Generating 5x synthetic data with SMOTE ===]
      -> [KNN + SMOTE @ 5x] Acc: 1.0000, F1: 1.0000, Time: 0.11s
      -> [RandomForest + SMOTE @ 5x] Acc: 1.0000, F1: 1.0000, Time: 2.23s
      -> [LinearSVC + SMOTE @ 5x] Acc: 0.9867, F1: 0.9867, Time: 0.17s
      -> [LogisticRegression + SMOTE @ 5x] Acc: 1.0000, F1: 1.0000, Time: 0.11s
      -> [RNN + SMOTE @ 5x] Acc: 0.8000, F1: 0.7429, Time: 1.12s
    [=== Generating 10x synthetic data with SMOTE ===]
      -> [KNN + SMOTE @ 10x] Acc: 1.0000, F1: 1.0000, Time: 0.16s
      -> [RandomForest + SMOTE @ 10x] Acc: 1.0000, F1: 1.0000, Time: 4.83s
      -> [LinearSVC + SMOTE @ 10x] Acc: 0.9847, F1: 0.9847, Time: 0.34s
      -> [LogisticRegression + SMOTE @ 10x] Acc: 1.0000, F1: 1.0000, Time: 0.20s
      -> [RNN + SMOTE @ 10x] Acc: 0.9333, F1: 0.9270, Time: 2.21s
    [=== Generating 2x synthetic data with ADASYN ===]
      [!] Failed generation with ADASYN at 2x: Not any neigbours belong to the majority class. This case will induce a NaN case with a division by zero. ADASYN is not suited for this specific dataset. Use SMOTE instead.
    [=== Generating 3x synthetic data with ADASYN ===]
      [!] Failed generation with ADASYN at 3x: Not any neigbours belong to the majority class. This case will induce a NaN case with a division by zero. ADASYN is not suited for this specific dataset. Use SMOTE instead.
    [=== Generating 5x synthetic data with ADASYN ===]
      [!] Failed generation with ADASYN at 5x: Not any neigbours belong to the majority class. This case will induce a NaN case with a division by zero. ADASYN is not suited for this specific dataset. Use SMOTE instead.
    [=== Generating 10x synthetic data with ADASYN ===]
      [!] Failed generation with ADASYN at 10x: Not any neigbours belong to the majority class. This case will induce a NaN case with a division by zero. ADASYN is not suited for this specific dataset. Use SMOTE instead.
    [=== Generating 2x synthetic data with Mixup ===]
      -> [KNN + Mixup @ 2x] Acc: 1.0000, F1: 1.0000, Time: 0.09s
      -> [RandomForest + Mixup @ 2x] Acc: 1.0000, F1: 1.0000, Time: 0.72s
      -> [LinearSVC + Mixup @ 2x] Acc: 0.9887, F1: 0.9887, Time: 0.07s
      -> [LogisticRegression + Mixup @ 2x] Acc: 1.0000, F1: 1.0000, Time: 0.05s
      -> [RNN + Mixup @ 2x] Acc: 0.9333, F1: 0.9333, Time: 0.45s
    [=== Generating 3x synthetic data with Mixup ===]
      -> [KNN + Mixup @ 3x] Acc: 1.0000, F1: 1.0000, Time: 0.10s
      -> [RandomForest + Mixup @ 3x] Acc: 1.0000, F1: 1.0000, Time: 1.20s
      -> [LinearSVC + Mixup @ 3x] Acc: 0.9867, F1: 0.9867, Time: 0.10s
      -> [LogisticRegression + Mixup @ 3x] Acc: 1.0000, F1: 1.0000, Time: 0.07s
      -> [RNN + Mixup @ 3x] Acc: 0.6667, F1: 0.5595, Time: 0.71s
    [=== Generating 5x synthetic data with Mixup ===]
      -> [KNN + Mixup @ 5x] Acc: 1.0000, F1: 1.0000, Time: 0.11s
      -> [RandomForest + Mixup @ 5x] Acc: 0.9967, F1: 0.9967, Time: 2.04s
      -> [LinearSVC + Mixup @ 5x] Acc: 0.9833, F1: 0.9833, Time: 0.17s
      -> [LogisticRegression + Mixup @ 5x] Acc: 1.0000, F1: 1.0000, Time: 0.11s
      -> [RNN + Mixup @ 5x] Acc: 1.0000, F1: 1.0000, Time: 1.15s
    [=== Generating 10x synthetic data with Mixup ===]
      -> [KNN + Mixup @ 10x] Acc: 1.0000, F1: 1.0000, Time: 0.16s
      -> [RandomForest + Mixup @ 10x] Acc: 1.0000, F1: 1.0000, Time: 4.37s
      -> [LinearSVC + Mixup @ 10x] Acc: 0.9833, F1: 0.9833, Time: 0.34s
      -> [LogisticRegression + Mixup @ 10x] Acc: 1.0000, F1: 1.0000, Time: 0.21s
      -> [RNN + Mixup @ 10x] Acc: 0.8667, F1: 0.8167, Time: 2.17s
    [=== Generating 2x synthetic data with GMM ===]
      -> [KNN + GMM @ 2x] Acc: 1.0000, F1: 1.0000, Time: 0.09s
      -> [RandomForest + GMM @ 2x] Acc: 1.0000, F1: 1.0000, Time: 0.86s
      -> [LinearSVC + GMM @ 2x] Acc: 0.9767, F1: 0.9765, Time: 0.07s
      -> [LogisticRegression + GMM @ 2x] Acc: 1.0000, F1: 1.0000, Time: 0.04s
      -> [RNN + GMM @ 2x] Acc: 0.7333, F1: 0.6889, Time: 0.46s
    [=== Generating 3x synthetic data with GMM ===]
      -> [KNN + GMM @ 3x] Acc: 1.0000, F1: 1.0000, Time: 0.10s
      -> [RandomForest + GMM @ 3x] Acc: 1.0000, F1: 1.0000, Time: 1.48s
      -> [LinearSVC + GMM @ 3x] Acc: 0.9760, F1: 0.9758, Time: 0.10s
      -> [LogisticRegression + GMM @ 3x] Acc: 1.0000, F1: 1.0000, Time: 0.06s
      -> [RNN + GMM @ 3x] Acc: 0.8667, F1: 0.8114, Time: 0.70s
    [=== Generating 5x synthetic data with GMM ===]
      -> [KNN + GMM @ 5x] Acc: 1.0000, F1: 1.0000, Time: 0.11s
      -> [RandomForest + GMM @ 5x] Acc: 1.0000, F1: 1.0000, Time: 2.63s
      -> [LinearSVC + GMM @ 5x] Acc: 0.9773, F1: 0.9772, Time: 0.17s
      -> [LogisticRegression + GMM @ 5x] Acc: 1.0000, F1: 1.0000, Time: 0.11s
      -> [RNN + GMM @ 5x] Acc: 0.9333, F1: 0.9289, Time: 1.17s
    [=== Generating 10x synthetic data with GMM ===]
      -> [KNN + GMM @ 10x] Acc: 1.0000, F1: 1.0000, Time: 0.17s
      -> [RandomForest + GMM @ 10x] Acc: 1.0000, F1: 1.0000, Time: 5.78s
      -> [LinearSVC + GMM @ 10x] Acc: 0.9753, F1: 0.9752, Time: 0.34s
      -> [LogisticRegression + GMM @ 10x] Acc: 1.0000, F1: 1.0000, Time: 0.21s
      -> [RNN + GMM @ 10x] Acc: 1.0000, F1: 1.0000, Time: 2.10s
    [=== Generating 2x synthetic data with HMM_GMM ===]
      -> [KNN + HMM_GMM @ 2x] Acc: 1.0000, F1: 1.0000, Time: 0.09s
      -> [RandomForest + HMM_GMM @ 2x] Acc: 0.9993, F1: 0.9993, Time: 0.58s
      -> [LinearSVC + HMM_GMM @ 2x] Acc: 0.8867, F1: 0.8861, Time: 0.06s
      -> [LogisticRegression + HMM_GMM @ 2x] Acc: 0.9993, F1: 0.9993, Time: 0.07s
      -> [RNN + HMM_GMM @ 2x] Acc: 0.5333, F1: 0.4093, Time: 0.46s
    [=== Generating 3x synthetic data with HMM_GMM ===]
      -> [KNN + HMM_GMM @ 3x] Acc: 1.0000, F1: 1.0000, Time: 0.10s
      -> [RandomForest + HMM_GMM @ 3x] Acc: 0.9993, F1: 0.9993, Time: 0.71s
      -> [LinearSVC + HMM_GMM @ 3x] Acc: 0.8700, F1: 0.8671, Time: 0.09s
      -> [LogisticRegression + HMM_GMM @ 3x] Acc: 0.9993, F1: 0.9993, Time: 0.08s
      -> [RNN + HMM_GMM @ 3x] Acc: 0.6000, F1: 0.5196, Time: 0.66s
    [=== Generating 5x synthetic data with HMM_GMM ===]
      -> [KNN + HMM_GMM @ 5x] Acc: 1.0000, F1: 1.0000, Time: 0.11s
      -> [RandomForest + HMM_GMM @ 5x] Acc: 0.9993, F1: 0.9993, Time: 0.94s
      -> [LinearSVC + HMM_GMM @ 5x] Acc: 0.8367, F1: 0.8326, Time: 0.14s
      -> [LogisticRegression + HMM_GMM @ 5x] Acc: 0.9993, F1: 0.9993, Time: 0.15s
      -> [RNN + HMM_GMM @ 5x] Acc: 0.6667, F1: 0.5926, Time: 1.13s
    [=== Generating 10x synthetic data with HMM_GMM ===]
      -> [KNN + HMM_GMM @ 10x] Acc: 1.0000, F1: 1.0000, Time: 0.17s
      -> [RandomForest + HMM_GMM @ 10x] Acc: 0.9993, F1: 0.9993, Time: 1.55s
      -> [LinearSVC + HMM_GMM @ 10x] Acc: 0.8260, F1: 0.8219, Time: 0.28s
      -> [LogisticRegression + HMM_GMM @ 10x] Acc: 0.9993, F1: 0.9993, Time: 0.31s
      -> [RNN + HMM_GMM @ 10x] Acc: 0.8000, F1: 0.7429, Time: 2.15s

    >> Seed Fold Selection: 6/10
    Evaluating Model: KNN
      -> [Baseline] Acc: 1.0000, F1: 1.0000, Time: 0.08s
      HP Tuning KNN...
n_iterations: 3
n_required_iterations: 3
n_possible_iterations: 5
min_resources_: 60
max_resources_: 6000
aggressive_elimination: False
factor: 3
----------
iter: 0
n_candidates: 20
n_resources: 60
Fitting 5 folds for each of 20 candidates, totalling 100 fits
----------
iter: 1
n_candidates: 7
n_resources: 180
Fitting 5 folds for each of 7 candidates, totalling 35 fits
----------
iter: 2
n_candidates: 3
n_resources: 540
Fitting 5 folds for each of 3 candidates, totalling 15 fits
      -> [Tuned_Baseline] Acc: 1.0000, F1: 1.0000, Time: 0.07s
    Evaluating Model: RandomForest
      -> [Baseline] Acc: 1.0000, F1: 1.0000, Time: 0.64s
      HP Tuning RandomForest...
n_iterations: 3
n_required_iterations: 3
n_possible_iterations: 5
min_resources_: 60
max_resources_: 6000
aggressive_elimination: False
factor: 3
----------
iter: 0
n_candidates: 20
n_resources: 60
Fitting 5 folds for each of 20 candidates, totalling 100 fits
----------
iter: 1
n_candidates: 7
n_resources: 180
Fitting 5 folds for each of 7 candidates, totalling 35 fits
----------
iter: 2
n_candidates: 3
n_resources: 540
Fitting 5 folds for each of 3 candidates, totalling 15 fits
      -> [Tuned_Baseline] Acc: 1.0000, F1: 1.0000, Time: 0.01s
    Evaluating Model: LinearSVC
      -> [Baseline] Acc: 0.9807, F1: 0.9807, Time: 0.03s
      HP Tuning LinearSVC...
n_iterations: 3
n_required_iterations: 3
n_possible_iterations: 5
min_resources_: 60
max_resources_: 6000
aggressive_elimination: False
factor: 3
----------
iter: 0
n_candidates: 20
n_resources: 60
Fitting 5 folds for each of 20 candidates, totalling 100 fits
----------
iter: 1
n_candidates: 7
n_resources: 180
Fitting 5 folds for each of 7 candidates, totalling 35 fits
----------
iter: 2
n_candidates: 3
n_resources: 540
Fitting 5 folds for each of 3 candidates, totalling 15 fits
      -> [Tuned_Baseline] Acc: 0.9847, F1: 0.9846, Time: 0.00s
    Evaluating Model: LogisticRegression
      -> [Baseline] Acc: 0.9993, F1: 0.9993, Time: 0.09s
      HP Tuning LogisticRegression...
n_iterations: 3
n_required_iterations: 3
n_possible_iterations: 5
min_resources_: 60
max_resources_: 6000
aggressive_elimination: False
factor: 3
----------
iter: 0
n_candidates: 12
n_resources: 60
Fitting 5 folds for each of 12 candidates, totalling 60 fits
----------
iter: 1
n_candidates: 4
n_resources: 180
Fitting 5 folds for each of 4 candidates, totalling 20 fits
----------
iter: 2
n_candidates: 2
n_resources: 540
Fitting 5 folds for each of 2 candidates, totalling 10 fits
      -> [Tuned_Baseline] Acc: 1.0000, F1: 1.0000, Time: 0.00s
    Evaluating Model: RNN
      -> [Baseline] Acc: 0.5333, F1: 0.4093, Time: 0.23s
      -> [Tuned_Baseline] Acc: 0.5333, F1: 0.4093, Time: 0.00s
    [=== Generating 2x synthetic data with Jittering ===]
      -> [KNN + Jittering @ 2x] Acc: 1.0000, F1: 1.0000, Time: 0.09s
      -> [RandomForest + Jittering @ 2x] Acc: 1.0000, F1: 1.0000, Time: 1.87s
      -> [LinearSVC + Jittering @ 2x] Acc: 0.9813, F1: 0.9813, Time: 0.07s
      -> [LogisticRegression + Jittering @ 2x] Acc: 1.0000, F1: 1.0000, Time: 0.05s
      -> [RNN + Jittering @ 2x] Acc: 0.7333, F1: 0.6889, Time: 0.46s
    [=== Generating 3x synthetic data with Jittering ===]
      -> [KNN + Jittering @ 3x] Acc: 1.0000, F1: 1.0000, Time: 0.10s
      -> [RandomForest + Jittering @ 3x] Acc: 1.0000, F1: 1.0000, Time: 2.93s
      -> [LinearSVC + Jittering @ 3x] Acc: 0.9793, F1: 0.9793, Time: 0.10s
      -> [LogisticRegression + Jittering @ 3x] Acc: 1.0000, F1: 1.0000, Time: 0.08s
      -> [RNN + Jittering @ 3x] Acc: 0.9333, F1: 0.9333, Time: 0.69s
    [=== Generating 5x synthetic data with Jittering ===]
      -> [KNN + Jittering @ 5x] Acc: 1.0000, F1: 1.0000, Time: 0.11s
      -> [RandomForest + Jittering @ 5x] Acc: 1.0000, F1: 1.0000, Time: 5.36s
      -> [LinearSVC + Jittering @ 5x] Acc: 0.9787, F1: 0.9787, Time: 0.16s
      -> [LogisticRegression + Jittering @ 5x] Acc: 1.0000, F1: 1.0000, Time: 0.13s
      -> [RNN + Jittering @ 5x] Acc: 1.0000, F1: 1.0000, Time: 1.15s
    [=== Generating 10x synthetic data with Jittering ===]
      -> [KNN + Jittering @ 10x] Acc: 1.0000, F1: 1.0000, Time: 0.17s
      -> [RandomForest + Jittering @ 10x] Acc: 1.0000, F1: 1.0000, Time: 11.83s
      -> [LinearSVC + Jittering @ 10x] Acc: 0.9767, F1: 0.9767, Time: 0.32s
      -> [LogisticRegression + Jittering @ 10x] Acc: 1.0000, F1: 1.0000, Time: 0.23s
      -> [RNN + Jittering @ 10x] Acc: 0.9333, F1: 0.9270, Time: 2.11s
    [=== Generating 2x synthetic data with Scaling ===]
      -> [KNN + Scaling @ 2x] Acc: 1.0000, F1: 1.0000, Time: 0.09s
      -> [RandomForest + Scaling @ 2x] Acc: 1.0000, F1: 1.0000, Time: 1.70s
      -> [LinearSVC + Scaling @ 2x] Acc: 0.9727, F1: 0.9724, Time: 0.06s
      -> [LogisticRegression + Scaling @ 2x] Acc: 1.0000, F1: 1.0000, Time: 0.06s
      -> [RNN + Scaling @ 2x] Acc: 0.8000, F1: 0.7437, Time: 0.46s
    [=== Generating 3x synthetic data with Scaling ===]
      -> [KNN + Scaling @ 3x] Acc: 1.0000, F1: 1.0000, Time: 0.10s
      -> [RandomForest + Scaling @ 3x] Acc: 1.0000, F1: 1.0000, Time: 2.64s
      -> [LinearSVC + Scaling @ 3x] Acc: 0.9707, F1: 0.9707, Time: 0.09s
      -> [LogisticRegression + Scaling @ 3x] Acc: 1.0000, F1: 1.0000, Time: 0.10s
      -> [RNN + Scaling @ 3x] Acc: 1.0000, F1: 1.0000, Time: 0.68s
    [=== Generating 5x synthetic data with Scaling ===]
      -> [KNN + Scaling @ 5x] Acc: 1.0000, F1: 1.0000, Time: 0.12s
      -> [RandomForest + Scaling @ 5x] Acc: 1.0000, F1: 1.0000, Time: 5.00s
      -> [LinearSVC + Scaling @ 5x] Acc: 0.9700, F1: 0.9696, Time: 0.15s
      -> [LogisticRegression + Scaling @ 5x] Acc: 1.0000, F1: 1.0000, Time: 0.21s
      -> [RNN + Scaling @ 5x] Acc: 0.9333, F1: 0.9270, Time: 1.13s
    [=== Generating 10x synthetic data with Scaling ===]
      -> [KNN + Scaling @ 10x] Acc: 1.0000, F1: 1.0000, Time: 0.17s
      -> [RandomForest + Scaling @ 10x] Acc: 1.0000, F1: 1.0000, Time: 11.13s
      -> [LinearSVC + Scaling @ 10x] Acc: 0.9747, F1: 0.9745, Time: 0.32s
      -> [LogisticRegression + Scaling @ 10x] Acc: 1.0000, F1: 1.0000, Time: 0.51s
      -> [RNN + Scaling @ 10x] Acc: 0.9333, F1: 0.9270, Time: 2.29s
    [=== Generating 2x synthetic data with Magnitude_Warping ===]
      -> [KNN + Magnitude_Warping @ 2x] Acc: 1.0000, F1: 1.0000, Time: 0.09s
      -> [RandomForest + Magnitude_Warping @ 2x] Acc: 1.0000, F1: 1.0000, Time: 2.06s
      -> [LinearSVC + Magnitude_Warping @ 2x] Acc: 0.9720, F1: 0.9719, Time: 0.06s
      -> [LogisticRegression + Magnitude_Warping @ 2x] Acc: 1.0000, F1: 1.0000, Time: 0.21s
      -> [RNN + Magnitude_Warping @ 2x] Acc: 0.6667, F1: 0.5595, Time: 0.45s
    [=== Generating 3x synthetic data with Magnitude_Warping ===]
      -> [KNN + Magnitude_Warping @ 3x] Acc: 1.0000, F1: 1.0000, Time: 0.10s
      -> [RandomForest + Magnitude_Warping @ 3x] Acc: 1.0000, F1: 1.0000, Time: 3.70s
      -> [LinearSVC + Magnitude_Warping @ 3x] Acc: 0.9667, F1: 0.9662, Time: 0.08s
      -> [LogisticRegression + Magnitude_Warping @ 3x] Acc: 1.0000, F1: 1.0000, Time: 0.32s
      -> [RNN + Magnitude_Warping @ 3x] Acc: 0.8000, F1: 0.7429, Time: 0.66s
    [=== Generating 5x synthetic data with Magnitude_Warping ===]
      -> [KNN + Magnitude_Warping @ 5x] Acc: 0.9993, F1: 0.9993, Time: 0.11s
      -> [RandomForest + Magnitude_Warping @ 5x] Acc: 1.0000, F1: 1.0000, Time: 7.56s
      -> [LinearSVC + Magnitude_Warping @ 5x] Acc: 0.9727, F1: 0.9722, Time: 0.14s
      -> [LogisticRegression + Magnitude_Warping @ 5x] Acc: 1.0000, F1: 1.0000, Time: 0.54s
      -> [RNN + Magnitude_Warping @ 5x] Acc: 0.9333, F1: 0.9333, Time: 1.11s
    [=== Generating 10x synthetic data with Magnitude_Warping ===]
      -> [KNN + Magnitude_Warping @ 10x] Acc: 1.0000, F1: 1.0000, Time: 0.17s
      -> [RandomForest + Magnitude_Warping @ 10x] Acc: 1.0000, F1: 1.0000, Time: 17.16s
      -> [LinearSVC + Magnitude_Warping @ 10x] Acc: 0.9680, F1: 0.9676, Time: 0.28s
      -> [LogisticRegression + Magnitude_Warping @ 10x] Acc: 1.0000, F1: 1.0000, Time: 1.02s
      -> [RNN + Magnitude_Warping @ 10x] Acc: 1.0000, F1: 1.0000, Time: 2.17s
    [=== Generating 2x synthetic data with Time_Warping ===]
      -> [KNN + Time_Warping @ 2x] Acc: 1.0000, F1: 1.0000, Time: 0.09s
      -> [RandomForest + Time_Warping @ 2x] Acc: 1.0000, F1: 1.0000, Time: 1.61s
      -> [LinearSVC + Time_Warping @ 2x] Acc: 0.9593, F1: 0.9589, Time: 0.06s
      -> [LogisticRegression + Time_Warping @ 2x] Acc: 1.0000, F1: 1.0000, Time: 0.07s
      -> [RNN + Time_Warping @ 2x] Acc: 0.8000, F1: 0.7437, Time: 0.47s
    [=== Generating 3x synthetic data with Time_Warping ===]
      -> [KNN + Time_Warping @ 3x] Acc: 1.0000, F1: 1.0000, Time: 0.10s
      -> [RandomForest + Time_Warping @ 3x] Acc: 1.0000, F1: 1.0000, Time: 2.64s
      -> [LinearSVC + Time_Warping @ 3x] Acc: 0.9440, F1: 0.9435, Time: 0.08s
      -> [LogisticRegression + Time_Warping @ 3x] Acc: 1.0000, F1: 1.0000, Time: 0.09s
      -> [RNN + Time_Warping @ 3x] Acc: 0.8667, F1: 0.8603, Time: 0.67s
    [=== Generating 5x synthetic data with Time_Warping ===]
      -> [KNN + Time_Warping @ 5x] Acc: 1.0000, F1: 1.0000, Time: 0.12s
      -> [RandomForest + Time_Warping @ 5x] Acc: 1.0000, F1: 1.0000, Time: 4.71s
      -> [LinearSVC + Time_Warping @ 5x] Acc: 0.9293, F1: 0.9291, Time: 0.12s
      -> [LogisticRegression + Time_Warping @ 5x] Acc: 1.0000, F1: 1.0000, Time: 0.14s
      -> [RNN + Time_Warping @ 5x] Acc: 0.8000, F1: 0.7429, Time: 1.18s
    [=== Generating 10x synthetic data with Time_Warping ===]
      -> [KNN + Time_Warping @ 10x] Acc: 1.0000, F1: 1.0000, Time: 0.18s
      -> [RandomForest + Time_Warping @ 10x] Acc: 1.0000, F1: 1.0000, Time: 10.45s
      -> [LinearSVC + Time_Warping @ 10x] Acc: 0.9247, F1: 0.9242, Time: 0.24s
      -> [LogisticRegression + Time_Warping @ 10x] Acc: 1.0000, F1: 1.0000, Time: 0.25s
      -> [RNN + Time_Warping @ 10x] Acc: 1.0000, F1: 1.0000, Time: 2.09s
    [=== Generating 2x synthetic data with SMOTE ===]
      -> [KNN + SMOTE @ 2x] Acc: 1.0000, F1: 1.0000, Time: 0.08s
      -> [RandomForest + SMOTE @ 2x] Acc: 1.0000, F1: 1.0000, Time: 1.57s
      -> [LinearSVC + SMOTE @ 2x] Acc: 0.9820, F1: 0.9819, Time: 0.07s
      -> [LogisticRegression + SMOTE @ 2x] Acc: 1.0000, F1: 1.0000, Time: 0.05s
      -> [RNN + SMOTE @ 2x] Acc: 0.4667, F1: 0.3354, Time: 0.46s
    [=== Generating 3x synthetic data with SMOTE ===]
      -> [KNN + SMOTE @ 3x] Acc: 1.0000, F1: 1.0000, Time: 0.10s
      -> [RandomForest + SMOTE @ 3x] Acc: 1.0000, F1: 1.0000, Time: 2.56s
      -> [LinearSVC + SMOTE @ 3x] Acc: 0.9813, F1: 0.9813, Time: 0.10s
      -> [LogisticRegression + SMOTE @ 3x] Acc: 1.0000, F1: 1.0000, Time: 0.07s
      -> [RNN + SMOTE @ 3x] Acc: 1.0000, F1: 1.0000, Time: 0.70s
    [=== Generating 5x synthetic data with SMOTE ===]
      -> [KNN + SMOTE @ 5x] Acc: 1.0000, F1: 1.0000, Time: 0.11s
      -> [RandomForest + SMOTE @ 5x] Acc: 1.0000, F1: 1.0000, Time: 4.48s
      -> [LinearSVC + SMOTE @ 5x] Acc: 0.9853, F1: 0.9853, Time: 0.16s
      -> [LogisticRegression + SMOTE @ 5x] Acc: 1.0000, F1: 1.0000, Time: 0.12s
      -> [RNN + SMOTE @ 5x] Acc: 0.9333, F1: 0.9270, Time: 1.09s
    [=== Generating 10x synthetic data with SMOTE ===]
      -> [KNN + SMOTE @ 10x] Acc: 1.0000, F1: 1.0000, Time: 0.16s
      -> [RandomForest + SMOTE @ 10x] Acc: 1.0000, F1: 1.0000, Time: 9.92s
      -> [LinearSVC + SMOTE @ 10x] Acc: 0.9840, F1: 0.9840, Time: 0.35s
      -> [LogisticRegression + SMOTE @ 10x] Acc: 1.0000, F1: 1.0000, Time: 0.22s
      -> [RNN + SMOTE @ 10x] Acc: 1.0000, F1: 1.0000, Time: 2.17s
    [=== Generating 2x synthetic data with ADASYN ===]
      [!] Failed generation with ADASYN at 2x: Not any neigbours belong to the majority class. This case will induce a NaN case with a division by zero. ADASYN is not suited for this specific dataset. Use SMOTE instead.
    [=== Generating 3x synthetic data with ADASYN ===]
      [!] Failed generation with ADASYN at 3x: Not any neigbours belong to the majority class. This case will induce a NaN case with a division by zero. ADASYN is not suited for this specific dataset. Use SMOTE instead.
    [=== Generating 5x synthetic data with ADASYN ===]
      [!] Failed generation with ADASYN at 5x: Not any neigbours belong to the majority class. This case will induce a NaN case with a division by zero. ADASYN is not suited for this specific dataset. Use SMOTE instead.
    [=== Generating 10x synthetic data with ADASYN ===]
      [!] Failed generation with ADASYN at 10x: Not any neigbours belong to the majority class. This case will induce a NaN case with a division by zero. ADASYN is not suited for this specific dataset. Use SMOTE instead.
    [=== Generating 2x synthetic data with Mixup ===]
      -> [KNN + Mixup @ 2x] Acc: 1.0000, F1: 1.0000, Time: 0.09s
      -> [RandomForest + Mixup @ 2x] Acc: 1.0000, F1: 1.0000, Time: 1.52s
      -> [LinearSVC + Mixup @ 2x] Acc: 0.9793, F1: 0.9793, Time: 0.06s
      -> [LogisticRegression + Mixup @ 2x] Acc: 1.0000, F1: 1.0000, Time: 0.05s
      -> [RNN + Mixup @ 2x] Acc: 0.8000, F1: 0.7429, Time: 0.45s
    [=== Generating 3x synthetic data with Mixup ===]
      -> [KNN + Mixup @ 3x] Acc: 1.0000, F1: 1.0000, Time: 0.10s
      -> [RandomForest + Mixup @ 3x] Acc: 1.0000, F1: 1.0000, Time: 2.43s
      -> [LinearSVC + Mixup @ 3x] Acc: 0.9807, F1: 0.9806, Time: 0.10s
      -> [LogisticRegression + Mixup @ 3x] Acc: 1.0000, F1: 1.0000, Time: 0.07s
      -> [RNN + Mixup @ 3x] Acc: 0.9333, F1: 0.9270, Time: 0.67s
    [=== Generating 5x synthetic data with Mixup ===]
      -> [KNN + Mixup @ 5x] Acc: 1.0000, F1: 1.0000, Time: 0.11s
      -> [RandomForest + Mixup @ 5x] Acc: 1.0000, F1: 1.0000, Time: 4.19s
      -> [LinearSVC + Mixup @ 5x] Acc: 0.9827, F1: 0.9826, Time: 0.16s
      -> [LogisticRegression + Mixup @ 5x] Acc: 1.0000, F1: 1.0000, Time: 0.11s
      -> [RNN + Mixup @ 5x] Acc: 0.9333, F1: 0.9270, Time: 1.16s
    [=== Generating 10x synthetic data with Mixup ===]
      -> [KNN + Mixup @ 10x] Acc: 1.0000, F1: 1.0000, Time: 0.16s
      -> [RandomForest + Mixup @ 10x] Acc: 1.0000, F1: 1.0000, Time: 8.94s
      -> [LinearSVC + Mixup @ 10x] Acc: 0.9847, F1: 0.9846, Time: 0.32s
      -> [LogisticRegression + Mixup @ 10x] Acc: 1.0000, F1: 1.0000, Time: 0.22s
      -> [RNN + Mixup @ 10x] Acc: 0.6000, F1: 0.5365, Time: 2.11s
    [=== Generating 2x synthetic data with GMM ===]
      -> [KNN + GMM @ 2x] Acc: 1.0000, F1: 1.0000, Time: 0.09s
      -> [RandomForest + GMM @ 2x] Acc: 1.0000, F1: 1.0000, Time: 1.77s
      -> [LinearSVC + GMM @ 2x] Acc: 0.9793, F1: 0.9793, Time: 0.06s
      -> [LogisticRegression + GMM @ 2x] Acc: 1.0000, F1: 1.0000, Time: 0.05s
      -> [RNN + GMM @ 2x] Acc: 0.9333, F1: 0.9289, Time: 0.49s
    [=== Generating 3x synthetic data with GMM ===]
      -> [KNN + GMM @ 3x] Acc: 1.0000, F1: 1.0000, Time: 0.10s
      -> [RandomForest + GMM @ 3x] Acc: 1.0000, F1: 1.0000, Time: 3.00s
      -> [LinearSVC + GMM @ 3x] Acc: 0.9833, F1: 0.9833, Time: 0.10s
      -> [LogisticRegression + GMM @ 3x] Acc: 1.0000, F1: 1.0000, Time: 0.07s
      -> [RNN + GMM @ 3x] Acc: 0.8000, F1: 0.7825, Time: 0.66s
    [=== Generating 5x synthetic data with GMM ===]
      -> [KNN + GMM @ 5x] Acc: 1.0000, F1: 1.0000, Time: 0.12s
      -> [RandomForest + GMM @ 5x] Acc: 1.0000, F1: 1.0000, Time: 5.32s
      -> [LinearSVC + GMM @ 5x] Acc: 0.9773, F1: 0.9773, Time: 0.16s
      -> [LogisticRegression + GMM @ 5x] Acc: 1.0000, F1: 1.0000, Time: 0.12s
      -> [RNN + GMM @ 5x] Acc: 1.0000, F1: 1.0000, Time: 1.11s
    [=== Generating 10x synthetic data with GMM ===]
      -> [KNN + GMM @ 10x] Acc: 1.0000, F1: 1.0000, Time: 0.17s
      -> [RandomForest + GMM @ 10x] Acc: 1.0000, F1: 1.0000, Time: 11.24s
      -> [LinearSVC + GMM @ 10x] Acc: 0.9760, F1: 0.9760, Time: 0.29s
      -> [LogisticRegression + GMM @ 10x] Acc: 1.0000, F1: 1.0000, Time: 0.21s
      -> [RNN + GMM @ 10x] Acc: 1.0000, F1: 1.0000, Time: 1.96s
    [=== Generating 2x synthetic data with HMM_GMM ===]
      -> [KNN + HMM_GMM @ 2x] Acc: 1.0000, F1: 1.0000, Time: 0.07s
      -> [RandomForest + HMM_GMM @ 2x] Acc: 1.0000, F1: 1.0000, Time: 1.08s
      -> [LinearSVC + HMM_GMM @ 2x] Acc: 0.8940, F1: 0.8940, Time: 0.05s
      -> [LogisticRegression + HMM_GMM @ 2x] Acc: 1.0000, F1: 1.0000, Time: 0.06s
      -> [RNN + HMM_GMM @ 2x] Acc: 0.5333, F1: 0.4093, Time: 0.42s
    [=== Generating 3x synthetic data with HMM_GMM ===]
      -> [KNN + HMM_GMM @ 3x] Acc: 1.0000, F1: 1.0000, Time: 0.09s
      -> [RandomForest + HMM_GMM @ 3x] Acc: 0.9993, F1: 0.9993, Time: 1.32s
      -> [LinearSVC + HMM_GMM @ 3x] Acc: 0.8727, F1: 0.8705, Time: 0.07s
      -> [LogisticRegression + HMM_GMM @ 3x] Acc: 1.0000, F1: 1.0000, Time: 0.08s
      -> [RNN + HMM_GMM @ 3x] Acc: 0.6667, F1: 0.5926, Time: 0.58s
    [=== Generating 5x synthetic data with HMM_GMM ===]
      -> [KNN + HMM_GMM @ 5x] Acc: 1.0000, F1: 1.0000, Time: 0.10s
      -> [RandomForest + HMM_GMM @ 5x] Acc: 1.0000, F1: 1.0000, Time: 1.71s
      -> [LinearSVC + HMM_GMM @ 5x] Acc: 0.8480, F1: 0.8448, Time: 0.12s
      -> [LogisticRegression + HMM_GMM @ 5x] Acc: 0.9993, F1: 0.9993, Time: 0.14s
      -> [RNN + HMM_GMM @ 5x] Acc: 0.7333, F1: 0.6400, Time: 1.02s
    [=== Generating 10x synthetic data with HMM_GMM ===]
      -> [KNN + HMM_GMM @ 10x] Acc: 1.0000, F1: 1.0000, Time: 0.14s
      -> [RandomForest + HMM_GMM @ 10x] Acc: 1.0000, F1: 1.0000, Time: 2.75s
      -> [LinearSVC + HMM_GMM @ 10x] Acc: 0.8280, F1: 0.8244, Time: 0.25s
      -> [LogisticRegression + HMM_GMM @ 10x] Acc: 0.9993, F1: 0.9993, Time: 0.26s
      -> [RNN + HMM_GMM @ 10x] Acc: 0.7333, F1: 0.6698, Time: 1.81s

    >> Seed Fold Selection: 7/10
    Evaluating Model: KNN
      -> [Baseline] Acc: 1.0000, F1: 1.0000, Time: 0.07s
      HP Tuning KNN...
n_iterations: 3
n_required_iterations: 3
n_possible_iterations: 5
min_resources_: 60
max_resources_: 6000
aggressive_elimination: False
factor: 3
----------
iter: 0
n_candidates: 20
n_resources: 60
Fitting 5 folds for each of 20 candidates, totalling 100 fits
----------
iter: 1
n_candidates: 7
n_resources: 180
Fitting 5 folds for each of 7 candidates, totalling 35 fits
----------
iter: 2
n_candidates: 3
n_resources: 540
Fitting 5 folds for each of 3 candidates, totalling 15 fits
      -> [Tuned_Baseline] Acc: 1.0000, F1: 1.0000, Time: 0.01s
    Evaluating Model: RandomForest
      -> [Baseline] Acc: 0.9940, F1: 0.9940, Time: 0.56s
      HP Tuning RandomForest...
n_iterations: 3
n_required_iterations: 3
n_possible_iterations: 5
min_resources_: 60
max_resources_: 6000
aggressive_elimination: False
factor: 3
----------
iter: 0
n_candidates: 20
n_resources: 60
Fitting 5 folds for each of 20 candidates, totalling 100 fits
----------
iter: 1
n_candidates: 7
n_resources: 180
Fitting 5 folds for each of 7 candidates, totalling 35 fits
----------
iter: 2
n_candidates: 3
n_resources: 540
Fitting 5 folds for each of 3 candidates, totalling 15 fits
      -> [Tuned_Baseline] Acc: 0.9980, F1: 0.9980, Time: 0.01s
    Evaluating Model: LinearSVC
      -> [Baseline] Acc: 0.9667, F1: 0.9665, Time: 0.03s
      HP Tuning LinearSVC...
n_iterations: 3
n_required_iterations: 3
n_possible_iterations: 5
min_resources_: 60
max_resources_: 6000
aggressive_elimination: False
factor: 3
----------
iter: 0
n_candidates: 20
n_resources: 60
Fitting 5 folds for each of 20 candidates, totalling 100 fits
----------
iter: 1
n_candidates: 7
n_resources: 180
Fitting 5 folds for each of 7 candidates, totalling 35 fits
----------
iter: 2
n_candidates: 3
n_resources: 540
Fitting 5 folds for each of 3 candidates, totalling 15 fits
      -> [Tuned_Baseline] Acc: 0.9647, F1: 0.9646, Time: 0.00s
    Evaluating Model: LogisticRegression
      -> [Baseline] Acc: 1.0000, F1: 1.0000, Time: 0.09s
      HP Tuning LogisticRegression...
n_iterations: 3
n_required_iterations: 3
n_possible_iterations: 5
min_resources_: 60
max_resources_: 6000
aggressive_elimination: False
factor: 3
----------
iter: 0
n_candidates: 12
n_resources: 60
Fitting 5 folds for each of 12 candidates, totalling 60 fits
----------
iter: 1
n_candidates: 4
n_resources: 180
Fitting 5 folds for each of 4 candidates, totalling 20 fits
----------
iter: 2
n_candidates: 2
n_resources: 540
Fitting 5 folds for each of 2 candidates, totalling 10 fits
      -> [Tuned_Baseline] Acc: 1.0000, F1: 1.0000, Time: 0.00s
    Evaluating Model: RNN
      -> [Baseline] Acc: 0.6667, F1: 0.5603, Time: 0.20s
      -> [Tuned_Baseline] Acc: 0.6667, F1: 0.5603, Time: 0.00s
    [=== Generating 2x synthetic data with Jittering ===]
      -> [KNN + Jittering @ 2x] Acc: 1.0000, F1: 1.0000, Time: 0.03s
      -> [RandomForest + Jittering @ 2x] Acc: 1.0000, F1: 1.0000, Time: 1.55s
      -> [LinearSVC + Jittering @ 2x] Acc: 0.9673, F1: 0.9672, Time: 0.06s
      -> [LogisticRegression + Jittering @ 2x] Acc: 1.0000, F1: 1.0000, Time: 0.05s
      -> [RNN + Jittering @ 2x] Acc: 0.8667, F1: 0.8540, Time: 0.38s
    [=== Generating 3x synthetic data with Jittering ===]
      -> [KNN + Jittering @ 3x] Acc: 1.0000, F1: 1.0000, Time: 0.04s
      -> [RandomForest + Jittering @ 3x] Acc: 1.0000, F1: 1.0000, Time: 2.62s
      -> [LinearSVC + Jittering @ 3x] Acc: 0.9673, F1: 0.9672, Time: 0.09s
      -> [LogisticRegression + Jittering @ 3x] Acc: 1.0000, F1: 1.0000, Time: 0.07s
      -> [RNN + Jittering @ 3x] Acc: 0.8667, F1: 0.8611, Time: 0.57s
    [=== Generating 5x synthetic data with Jittering ===]
      -> [KNN + Jittering @ 5x] Acc: 1.0000, F1: 1.0000, Time: 0.05s
      -> [RandomForest + Jittering @ 5x] Acc: 1.0000, F1: 1.0000, Time: 4.74s
      -> [LinearSVC + Jittering @ 5x] Acc: 0.9673, F1: 0.9672, Time: 0.15s
      -> [LogisticRegression + Jittering @ 5x] Acc: 1.0000, F1: 1.0000, Time: 0.11s
      -> [RNN + Jittering @ 5x] Acc: 1.0000, F1: 1.0000, Time: 0.96s
    [=== Generating 10x synthetic data with Jittering ===]
      -> [KNN + Jittering @ 10x] Acc: 1.0000, F1: 1.0000, Time: 0.10s
      -> [RandomForest + Jittering @ 10x] Acc: 1.0000, F1: 1.0000, Time: 10.74s
      -> [LinearSVC + Jittering @ 10x] Acc: 0.9673, F1: 0.9672, Time: 0.29s
      -> [LogisticRegression + Jittering @ 10x] Acc: 1.0000, F1: 1.0000, Time: 0.20s
      -> [RNN + Jittering @ 10x] Acc: 1.0000, F1: 1.0000, Time: 1.83s
    [=== Generating 2x synthetic data with Scaling ===]
      -> [KNN + Scaling @ 2x] Acc: 1.0000, F1: 1.0000, Time: 0.03s
      -> [RandomForest + Scaling @ 2x] Acc: 0.9913, F1: 0.9913, Time: 1.47s
      -> [LinearSVC + Scaling @ 2x] Acc: 0.9707, F1: 0.9706, Time: 0.05s
      -> [LogisticRegression + Scaling @ 2x] Acc: 1.0000, F1: 1.0000, Time: 0.05s
      -> [RNN + Scaling @ 2x] Acc: 0.7333, F1: 0.6281, Time: 0.40s
    [=== Generating 3x synthetic data with Scaling ===]
      -> [KNN + Scaling @ 3x] Acc: 1.0000, F1: 1.0000, Time: 0.04s
      -> [RandomForest + Scaling @ 3x] Acc: 1.0000, F1: 1.0000, Time: 2.34s
      -> [LinearSVC + Scaling @ 3x] Acc: 0.9707, F1: 0.9706, Time: 0.08s
      -> [LogisticRegression + Scaling @ 3x] Acc: 1.0000, F1: 1.0000, Time: 0.08s
      -> [RNN + Scaling @ 3x] Acc: 0.8667, F1: 0.8611, Time: 0.58s
    [=== Generating 5x synthetic data with Scaling ===]
      -> [KNN + Scaling @ 5x] Acc: 1.0000, F1: 1.0000, Time: 0.06s
      -> [RandomForest + Scaling @ 5x] Acc: 1.0000, F1: 1.0000, Time: 4.23s
      -> [LinearSVC + Scaling @ 5x] Acc: 0.9720, F1: 0.9719, Time: 0.12s
      -> [LogisticRegression + Scaling @ 5x] Acc: 1.0000, F1: 1.0000, Time: 0.23s
      -> [RNN + Scaling @ 5x] Acc: 0.2000, F1: 0.1500, Time: 0.95s
    [=== Generating 10x synthetic data with Scaling ===]
      -> [KNN + Scaling @ 10x] Acc: 1.0000, F1: 1.0000, Time: 0.10s
      -> [RandomForest + Scaling @ 10x] Acc: 1.0000, F1: 1.0000, Time: 9.42s
      -> [LinearSVC + Scaling @ 10x] Acc: 0.9720, F1: 0.9720, Time: 0.26s
      -> [LogisticRegression + Scaling @ 10x] Acc: 1.0000, F1: 1.0000, Time: 0.49s
      -> [RNN + Scaling @ 10x] Acc: 1.0000, F1: 1.0000, Time: 1.81s
    [=== Generating 2x synthetic data with Magnitude_Warping ===]
      -> [KNN + Magnitude_Warping @ 2x] Acc: 0.9993, F1: 0.9993, Time: 0.03s
      -> [RandomForest + Magnitude_Warping @ 2x] Acc: 1.0000, F1: 1.0000, Time: 1.74s
      -> [LinearSVC + Magnitude_Warping @ 2x] Acc: 0.9707, F1: 0.9706, Time: 0.05s
      -> [LogisticRegression + Magnitude_Warping @ 2x] Acc: 1.0000, F1: 1.0000, Time: 0.17s
      -> [RNN + Magnitude_Warping @ 2x] Acc: 0.7333, F1: 0.6333, Time: 0.42s
    [=== Generating 3x synthetic data with Magnitude_Warping ===]
      -> [KNN + Magnitude_Warping @ 3x] Acc: 1.0000, F1: 1.0000, Time: 0.04s
      -> [RandomForest + Magnitude_Warping @ 3x] Acc: 1.0000, F1: 1.0000, Time: 3.09s
      -> [LinearSVC + Magnitude_Warping @ 3x] Acc: 0.9773, F1: 0.9772, Time: 0.08s
      -> [LogisticRegression + Magnitude_Warping @ 3x] Acc: 1.0000, F1: 1.0000, Time: 0.29s
      -> [RNN + Magnitude_Warping @ 3x] Acc: 1.0000, F1: 1.0000, Time: 0.58s
    [=== Generating 5x synthetic data with Magnitude_Warping ===]
      -> [KNN + Magnitude_Warping @ 5x] Acc: 1.0000, F1: 1.0000, Time: 0.06s
      -> [RandomForest + Magnitude_Warping @ 5x] Acc: 1.0000, F1: 1.0000, Time: 5.87s
      -> [LinearSVC + Magnitude_Warping @ 5x] Acc: 0.9700, F1: 0.9699, Time: 0.13s
      -> [LogisticRegression + Magnitude_Warping @ 5x] Acc: 1.0000, F1: 1.0000, Time: 0.49s
      -> [RNN + Magnitude_Warping @ 5x] Acc: 1.0000, F1: 1.0000, Time: 0.97s
    [=== Generating 10x synthetic data with Magnitude_Warping ===]
      -> [KNN + Magnitude_Warping @ 10x] Acc: 0.9987, F1: 0.9987, Time: 0.11s
      -> [RandomForest + Magnitude_Warping @ 10x] Acc: 1.0000, F1: 1.0000, Time: 13.22s
      -> [LinearSVC + Magnitude_Warping @ 10x] Acc: 0.9707, F1: 0.9705, Time: 0.26s
      -> [LogisticRegression + Magnitude_Warping @ 10x] Acc: 1.0000, F1: 1.0000, Time: 0.90s
      -> [RNN + Magnitude_Warping @ 10x] Acc: 1.0000, F1: 1.0000, Time: 1.83s
    [=== Generating 2x synthetic data with Time_Warping ===]
      -> [KNN + Time_Warping @ 2x] Acc: 1.0000, F1: 1.0000, Time: 0.03s
      -> [RandomForest + Time_Warping @ 2x] Acc: 0.9913, F1: 0.9913, Time: 1.39s
      -> [LinearSVC + Time_Warping @ 2x] Acc: 0.9467, F1: 0.9469, Time: 0.05s
      -> [LogisticRegression + Time_Warping @ 2x] Acc: 1.0000, F1: 1.0000, Time: 0.06s
      -> [RNN + Time_Warping @ 2x] Acc: 0.9333, F1: 0.9270, Time: 0.39s
    [=== Generating 3x synthetic data with Time_Warping ===]
      -> [KNN + Time_Warping @ 3x] Acc: 1.0000, F1: 1.0000, Time: 0.05s
      -> [RandomForest + Time_Warping @ 3x] Acc: 0.9947, F1: 0.9947, Time: 2.25s
      -> [LinearSVC + Time_Warping @ 3x] Acc: 0.9300, F1: 0.9301, Time: 0.07s
      -> [LogisticRegression + Time_Warping @ 3x] Acc: 1.0000, F1: 1.0000, Time: 0.08s
      -> [RNN + Time_Warping @ 3x] Acc: 0.9333, F1: 0.9333, Time: 0.57s
    [=== Generating 5x synthetic data with Time_Warping ===]
      -> [KNN + Time_Warping @ 5x] Acc: 1.0000, F1: 1.0000, Time: 0.07s
      -> [RandomForest + Time_Warping @ 5x] Acc: 0.9960, F1: 0.9960, Time: 4.10s
      -> [LinearSVC + Time_Warping @ 5x] Acc: 0.9280, F1: 0.9278, Time: 0.12s
      -> [LogisticRegression + Time_Warping @ 5x] Acc: 1.0000, F1: 1.0000, Time: 0.13s
      -> [RNN + Time_Warping @ 5x] Acc: 0.9333, F1: 0.9333, Time: 0.95s
    [=== Generating 10x synthetic data with Time_Warping ===]
      -> [KNN + Time_Warping @ 10x] Acc: 1.0000, F1: 1.0000, Time: 0.13s
      -> [RandomForest + Time_Warping @ 10x] Acc: 1.0000, F1: 1.0000, Time: 8.99s
      -> [LinearSVC + Time_Warping @ 10x] Acc: 0.9240, F1: 0.9240, Time: 0.23s
      -> [LogisticRegression + Time_Warping @ 10x] Acc: 1.0000, F1: 1.0000, Time: 0.25s
      -> [RNN + Time_Warping @ 10x] Acc: 0.9333, F1: 0.9333, Time: 1.87s
    [=== Generating 2x synthetic data with SMOTE ===]
      -> [KNN + SMOTE @ 2x] Acc: 1.0000, F1: 1.0000, Time: 0.03s
      -> [RandomForest + SMOTE @ 2x] Acc: 0.9953, F1: 0.9953, Time: 1.37s
      -> [LinearSVC + SMOTE @ 2x] Acc: 0.9640, F1: 0.9639, Time: 0.06s
      -> [LogisticRegression + SMOTE @ 2x] Acc: 1.0000, F1: 1.0000, Time: 0.04s
      -> [RNN + SMOTE @ 2x] Acc: 0.6667, F1: 0.5703, Time: 0.38s
    [=== Generating 3x synthetic data with SMOTE ===]
      -> [KNN + SMOTE @ 3x] Acc: 1.0000, F1: 1.0000, Time: 0.04s
      -> [RandomForest + SMOTE @ 3x] Acc: 0.9980, F1: 0.9980, Time: 2.25s
      -> [LinearSVC + SMOTE @ 3x] Acc: 0.9667, F1: 0.9667, Time: 0.10s
      -> [LogisticRegression + SMOTE @ 3x] Acc: 1.0000, F1: 1.0000, Time: 0.06s
      -> [RNN + SMOTE @ 3x] Acc: 0.9333, F1: 0.9289, Time: 0.58s
    [=== Generating 5x synthetic data with SMOTE ===]
      -> [KNN + SMOTE @ 5x] Acc: 1.0000, F1: 1.0000, Time: 0.05s
      -> [RandomForest + SMOTE @ 5x] Acc: 1.0000, F1: 1.0000, Time: 3.99s
      -> [LinearSVC + SMOTE @ 5x] Acc: 0.9653, F1: 0.9653, Time: 0.15s
      -> [LogisticRegression + SMOTE @ 5x] Acc: 1.0000, F1: 1.0000, Time: 0.11s
      -> [RNN + SMOTE @ 5x] Acc: 1.0000, F1: 1.0000, Time: 1.05s
    [=== Generating 10x synthetic data with SMOTE ===]
      -> [KNN + SMOTE @ 10x] Acc: 1.0000, F1: 1.0000, Time: 0.10s
      -> [RandomForest + SMOTE @ 10x] Acc: 1.0000, F1: 1.0000, Time: 8.60s
      -> [LinearSVC + SMOTE @ 10x] Acc: 0.9653, F1: 0.9653, Time: 0.31s
      -> [LogisticRegression + SMOTE @ 10x] Acc: 1.0000, F1: 1.0000, Time: 0.20s
      -> [RNN + SMOTE @ 10x] Acc: 1.0000, F1: 1.0000, Time: 1.82s
    [=== Generating 2x synthetic data with ADASYN ===]
      [!] Failed generation with ADASYN at 2x: Not any neigbours belong to the majority class. This case will induce a NaN case with a division by zero. ADASYN is not suited for this specific dataset. Use SMOTE instead.
    [=== Generating 3x synthetic data with ADASYN ===]
      [!] Failed generation with ADASYN at 3x: Not any neigbours belong to the majority class. This case will induce a NaN case with a division by zero. ADASYN is not suited for this specific dataset. Use SMOTE instead.
    [=== Generating 5x synthetic data with ADASYN ===]
      [!] Failed generation with ADASYN at 5x: Not any neigbours belong to the majority class. This case will induce a NaN case with a division by zero. ADASYN is not suited for this specific dataset. Use SMOTE instead.
    [=== Generating 10x synthetic data with ADASYN ===]
      [!] Failed generation with ADASYN at 10x: Not any neigbours belong to the majority class. This case will induce a NaN case with a division by zero. ADASYN is not suited for this specific dataset. Use SMOTE instead.
    [=== Generating 2x synthetic data with Mixup ===]
      -> [KNN + Mixup @ 2x] Acc: 1.0000, F1: 1.0000, Time: 0.03s
      -> [RandomForest + Mixup @ 2x] Acc: 1.0000, F1: 1.0000, Time: 1.35s
      -> [LinearSVC + Mixup @ 2x] Acc: 0.9653, F1: 0.9653, Time: 0.06s
      -> [LogisticRegression + Mixup @ 2x] Acc: 1.0000, F1: 1.0000, Time: 0.04s
      -> [RNN + Mixup @ 2x] Acc: 0.9333, F1: 0.9270, Time: 0.38s
    [=== Generating 3x synthetic data with Mixup ===]
      -> [KNN + Mixup @ 3x] Acc: 1.0000, F1: 1.0000, Time: 0.04s
      -> [RandomForest + Mixup @ 3x] Acc: 1.0000, F1: 1.0000, Time: 2.13s
      -> [LinearSVC + Mixup @ 3x] Acc: 0.9620, F1: 0.9620, Time: 0.09s
      -> [LogisticRegression + Mixup @ 3x] Acc: 1.0000, F1: 1.0000, Time: 0.06s
      -> [RNN + Mixup @ 3x] Acc: 0.8000, F1: 0.7437, Time: 0.57s
    [=== Generating 5x synthetic data with Mixup ===]
      -> [KNN + Mixup @ 5x] Acc: 1.0000, F1: 1.0000, Time: 0.05s
      -> [RandomForest + Mixup @ 5x] Acc: 0.9947, F1: 0.9947, Time: 3.68s
      -> [LinearSVC + Mixup @ 5x] Acc: 0.9660, F1: 0.9659, Time: 0.15s
      -> [LogisticRegression + Mixup @ 5x] Acc: 1.0000, F1: 1.0000, Time: 0.10s
      -> [RNN + Mixup @ 5x] Acc: 0.8667, F1: 0.8603, Time: 0.95s
    [=== Generating 10x synthetic data with Mixup ===]
      -> [KNN + Mixup @ 10x] Acc: 1.0000, F1: 1.0000, Time: 0.10s
      -> [RandomForest + Mixup @ 10x] Acc: 1.0000, F1: 1.0000, Time: 7.94s
      -> [LinearSVC + Mixup @ 10x] Acc: 0.9607, F1: 0.9606, Time: 0.31s
      -> [LogisticRegression + Mixup @ 10x] Acc: 1.0000, F1: 1.0000, Time: 0.21s
      -> [RNN + Mixup @ 10x] Acc: 1.0000, F1: 1.0000, Time: 1.84s
    [=== Generating 2x synthetic data with GMM ===]
      -> [KNN + GMM @ 2x] Acc: 1.0000, F1: 1.0000, Time: 0.03s
      -> [RandomForest + GMM @ 2x] Acc: 0.9993, F1: 0.9993, Time: 1.53s
      -> [LinearSVC + GMM @ 2x] Acc: 0.9693, F1: 0.9693, Time: 0.06s
      -> [LogisticRegression + GMM @ 2x] Acc: 1.0000, F1: 1.0000, Time: 0.05s
      -> [RNN + GMM @ 2x] Acc: 0.6667, F1: 0.5926, Time: 0.45s
    [=== Generating 3x synthetic data with GMM ===]
      -> [KNN + GMM @ 3x] Acc: 1.0000, F1: 1.0000, Time: 0.04s
      -> [RandomForest + GMM @ 3x] Acc: 1.0000, F1: 1.0000, Time: 2.58s
      -> [LinearSVC + GMM @ 3x] Acc: 0.9707, F1: 0.9706, Time: 0.09s
      -> [LogisticRegression + GMM @ 3x] Acc: 1.0000, F1: 1.0000, Time: 0.07s
      -> [RNN + GMM @ 3x] Acc: 0.8667, F1: 0.8711, Time: 0.63s
    [=== Generating 5x synthetic data with GMM ===]
      -> [KNN + GMM @ 5x] Acc: 1.0000, F1: 1.0000, Time: 0.06s
      -> [RandomForest + GMM @ 5x] Acc: 1.0000, F1: 1.0000, Time: 4.67s
      -> [LinearSVC + GMM @ 5x] Acc: 0.9680, F1: 0.9679, Time: 0.14s
      -> [LogisticRegression + GMM @ 5x] Acc: 1.0000, F1: 1.0000, Time: 0.11s
      -> [RNN + GMM @ 5x] Acc: 0.9333, F1: 0.9270, Time: 0.98s
    [=== Generating 10x synthetic data with GMM ===]
      -> [KNN + GMM @ 10x] Acc: 1.0000, F1: 1.0000, Time: 0.10s
      -> [RandomForest + GMM @ 10x] Acc: 1.0000, F1: 1.0000, Time: 10.26s
      -> [LinearSVC + GMM @ 10x] Acc: 0.9667, F1: 0.9665, Time: 0.31s
      -> [LogisticRegression + GMM @ 10x] Acc: 1.0000, F1: 1.0000, Time: 0.21s
      -> [RNN + GMM @ 10x] Acc: 0.8667, F1: 0.8603, Time: 1.86s
    [=== Generating 2x synthetic data with HMM_GMM ===]
      -> [KNN + HMM_GMM @ 2x] Acc: 1.0000, F1: 1.0000, Time: 0.03s
      -> [RandomForest + HMM_GMM @ 2x] Acc: 1.0000, F1: 1.0000, Time: 1.01s
      -> [LinearSVC + HMM_GMM @ 2x] Acc: 0.8787, F1: 0.8774, Time: 0.05s
      -> [LogisticRegression + HMM_GMM @ 2x] Acc: 0.9993, F1: 0.9993, Time: 0.05s
      -> [RNN + HMM_GMM @ 2x] Acc: 0.6667, F1: 0.5714, Time: 0.38s
    [=== Generating 3x synthetic data with HMM_GMM ===]
      -> [KNN + HMM_GMM @ 3x] Acc: 1.0000, F1: 1.0000, Time: 0.04s
      -> [RandomForest + HMM_GMM @ 3x] Acc: 0.9920, F1: 0.9920, Time: 1.29s
      -> [LinearSVC + HMM_GMM @ 3x] Acc: 0.8673, F1: 0.8642, Time: 0.08s
      -> [LogisticRegression + HMM_GMM @ 3x] Acc: 1.0000, F1: 1.0000, Time: 0.08s
      -> [RNN + HMM_GMM @ 3x] Acc: 1.0000, F1: 1.0000, Time: 0.61s
    [=== Generating 5x synthetic data with HMM_GMM ===]
      -> [KNN + HMM_GMM @ 5x] Acc: 1.0000, F1: 1.0000, Time: 0.06s
      -> [RandomForest + HMM_GMM @ 5x] Acc: 0.9920, F1: 0.9920, Time: 1.65s
      -> [LinearSVC + HMM_GMM @ 5x] Acc: 0.8133, F1: 0.8088, Time: 0.12s
      -> [LogisticRegression + HMM_GMM @ 5x] Acc: 1.0000, F1: 1.0000, Time: 0.14s
      -> [RNN + HMM_GMM @ 5x] Acc: 0.8667, F1: 0.8603, Time: 0.94s
    [=== Generating 10x synthetic data with HMM_GMM ===]
      -> [KNN + HMM_GMM @ 10x] Acc: 1.0000, F1: 1.0000, Time: 0.10s
      -> [RandomForest + HMM_GMM @ 10x] Acc: 1.0000, F1: 1.0000, Time: 2.67s
      -> [LinearSVC + HMM_GMM @ 10x] Acc: 0.8087, F1: 0.8046, Time: 0.24s
      -> [LogisticRegression + HMM_GMM @ 10x] Acc: 0.9987, F1: 0.9987, Time: 0.26s
      -> [RNN + HMM_GMM @ 10x] Acc: 0.8667, F1: 0.8167, Time: 1.97s

    >> Seed Fold Selection: 8/10
    Evaluating Model: KNN
      -> [Baseline] Acc: 1.0000, F1: 1.0000, Time: 0.07s
      HP Tuning KNN...
n_iterations: 3
n_required_iterations: 3
n_possible_iterations: 5
min_resources_: 60
max_resources_: 6000
aggressive_elimination: False
factor: 3
----------
iter: 0
n_candidates: 20
n_resources: 60
Fitting 5 folds for each of 20 candidates, totalling 100 fits
----------
iter: 1
n_candidates: 7
n_resources: 180
Fitting 5 folds for each of 7 candidates, totalling 35 fits
----------
iter: 2
n_candidates: 3
n_resources: 540
Fitting 5 folds for each of 3 candidates, totalling 15 fits
      -> [Tuned_Baseline] Acc: 1.0000, F1: 1.0000, Time: 0.01s
    Evaluating Model: RandomForest
      -> [Baseline] Acc: 1.0000, F1: 1.0000, Time: 0.57s
      HP Tuning RandomForest...
n_iterations: 3
n_required_iterations: 3
n_possible_iterations: 5
min_resources_: 60
max_resources_: 6000
aggressive_elimination: False
factor: 3
----------
iter: 0
n_candidates: 20
n_resources: 60
Fitting 5 folds for each of 20 candidates, totalling 100 fits
----------
iter: 1
n_candidates: 7
n_resources: 180
Fitting 5 folds for each of 7 candidates, totalling 35 fits
----------
iter: 2
n_candidates: 3
n_resources: 540
Fitting 5 folds for each of 3 candidates, totalling 15 fits
      -> [Tuned_Baseline] Acc: 1.0000, F1: 1.0000, Time: 0.00s
    Evaluating Model: LinearSVC
      -> [Baseline] Acc: 0.9767, F1: 0.9766, Time: 0.03s
      HP Tuning LinearSVC...
n_iterations: 3
n_required_iterations: 3
n_possible_iterations: 5
min_resources_: 60
max_resources_: 6000
aggressive_elimination: False
factor: 3
----------
iter: 0
n_candidates: 20
n_resources: 60
Fitting 5 folds for each of 20 candidates, totalling 100 fits
----------
iter: 1
n_candidates: 7
n_resources: 180
Fitting 5 folds for each of 7 candidates, totalling 35 fits
----------
iter: 2
n_candidates: 3
n_resources: 540
Fitting 5 folds for each of 3 candidates, totalling 15 fits
      -> [Tuned_Baseline] Acc: 0.9747, F1: 0.9746, Time: 0.00s
    Evaluating Model: LogisticRegression
      -> [Baseline] Acc: 0.9993, F1: 0.9993, Time: 0.08s
      HP Tuning LogisticRegression...
n_iterations: 3
n_required_iterations: 3
n_possible_iterations: 5
min_resources_: 60
max_resources_: 6000
aggressive_elimination: False
factor: 3
----------
iter: 0
n_candidates: 12
n_resources: 60
Fitting 5 folds for each of 12 candidates, totalling 60 fits
----------
iter: 1
n_candidates: 4
n_resources: 180
Fitting 5 folds for each of 4 candidates, totalling 20 fits
----------
iter: 2
n_candidates: 2
n_resources: 540
Fitting 5 folds for each of 2 candidates, totalling 10 fits
      -> [Tuned_Baseline] Acc: 1.0000, F1: 1.0000, Time: 0.00s
    Evaluating Model: RNN
      -> [Baseline] Acc: 0.6000, F1: 0.5056, Time: 0.20s
      -> [Tuned_Baseline] Acc: 0.6000, F1: 0.5056, Time: 0.00s
    [=== Generating 2x synthetic data with Jittering ===]
      -> [KNN + Jittering @ 2x] Acc: 1.0000, F1: 1.0000, Time: 0.03s
      -> [RandomForest + Jittering @ 2x] Acc: 1.0000, F1: 1.0000, Time: 0.80s
      -> [LinearSVC + Jittering @ 2x] Acc: 0.9767, F1: 0.9766, Time: 0.06s
      -> [LogisticRegression + Jittering @ 2x] Acc: 1.0000, F1: 1.0000, Time: 0.05s
      -> [RNN + Jittering @ 2x] Acc: 0.6000, F1: 0.5011, Time: 0.42s
    [=== Generating 3x synthetic data with Jittering ===]
      -> [KNN + Jittering @ 3x] Acc: 1.0000, F1: 1.0000, Time: 0.04s
      -> [RandomForest + Jittering @ 3x] Acc: 1.0000, F1: 1.0000, Time: 1.37s
      -> [LinearSVC + Jittering @ 3x] Acc: 0.9780, F1: 0.9779, Time: 0.09s
      -> [LogisticRegression + Jittering @ 3x] Acc: 1.0000, F1: 1.0000, Time: 0.07s
      -> [RNN + Jittering @ 3x] Acc: 0.8000, F1: 0.7429, Time: 0.64s
    [=== Generating 5x synthetic data with Jittering ===]
      -> [KNN + Jittering @ 5x] Acc: 1.0000, F1: 1.0000, Time: 0.06s
      -> [RandomForest + Jittering @ 5x] Acc: 1.0000, F1: 1.0000, Time: 2.57s
      -> [LinearSVC + Jittering @ 5x] Acc: 0.9753, F1: 0.9752, Time: 0.15s
      -> [LogisticRegression + Jittering @ 5x] Acc: 1.0000, F1: 1.0000, Time: 0.12s
      -> [RNN + Jittering @ 5x] Acc: 0.8000, F1: 0.7429, Time: 0.95s
    [=== Generating 10x synthetic data with Jittering ===]
      -> [KNN + Jittering @ 10x] Acc: 1.0000, F1: 1.0000, Time: 0.10s
      -> [RandomForest + Jittering @ 10x] Acc: 1.0000, F1: 1.0000, Time: 5.32s
      -> [LinearSVC + Jittering @ 10x] Acc: 0.9753, F1: 0.9752, Time: 0.29s
      -> [LogisticRegression + Jittering @ 10x] Acc: 1.0000, F1: 1.0000, Time: 0.22s
      -> [RNN + Jittering @ 10x] Acc: 0.9333, F1: 0.9270, Time: 1.80s
    [=== Generating 2x synthetic data with Scaling ===]
      -> [KNN + Scaling @ 2x] Acc: 1.0000, F1: 1.0000, Time: 0.03s
      -> [RandomForest + Scaling @ 2x] Acc: 1.0000, F1: 1.0000, Time: 0.72s
      -> [LinearSVC + Scaling @ 2x] Acc: 0.9700, F1: 0.9700, Time: 0.05s
      -> [LogisticRegression + Scaling @ 2x] Acc: 1.0000, F1: 1.0000, Time: 0.07s
      -> [RNN + Scaling @ 2x] Acc: 0.9333, F1: 0.9270, Time: 0.39s
    [=== Generating 3x synthetic data with Scaling ===]
      -> [KNN + Scaling @ 3x] Acc: 1.0000, F1: 1.0000, Time: 0.04s
      -> [RandomForest + Scaling @ 3x] Acc: 1.0000, F1: 1.0000, Time: 1.16s
      -> [LinearSVC + Scaling @ 3x] Acc: 0.9733, F1: 0.9733, Time: 0.08s
      -> [LogisticRegression + Scaling @ 3x] Acc: 1.0000, F1: 1.0000, Time: 0.11s
      -> [RNN + Scaling @ 3x] Acc: 0.7333, F1: 0.6698, Time: 0.58s
    [=== Generating 5x synthetic data with Scaling ===]
      -> [KNN + Scaling @ 5x] Acc: 1.0000, F1: 1.0000, Time: 0.06s
      -> [RandomForest + Scaling @ 5x] Acc: 1.0000, F1: 1.0000, Time: 2.26s
      -> [LinearSVC + Scaling @ 5x] Acc: 0.9760, F1: 0.9759, Time: 0.14s
      -> [LogisticRegression + Scaling @ 5x] Acc: 1.0000, F1: 1.0000, Time: 0.33s
      -> [RNN + Scaling @ 5x] Acc: 1.0000, F1: 1.0000, Time: 0.98s
    [=== Generating 10x synthetic data with Scaling ===]
      -> [KNN + Scaling @ 10x] Acc: 1.0000, F1: 1.0000, Time: 0.11s
      -> [RandomForest + Scaling @ 10x] Acc: 1.0000, F1: 1.0000, Time: 5.06s
      -> [LinearSVC + Scaling @ 10x] Acc: 0.9720, F1: 0.9719, Time: 0.29s
      -> [LogisticRegression + Scaling @ 10x] Acc: 1.0000, F1: 1.0000, Time: 0.49s
      -> [RNN + Scaling @ 10x] Acc: 1.0000, F1: 1.0000, Time: 1.88s
    [=== Generating 2x synthetic data with Magnitude_Warping ===]
      -> [KNN + Magnitude_Warping @ 2x] Acc: 1.0000, F1: 1.0000, Time: 0.03s
      -> [RandomForest + Magnitude_Warping @ 2x] Acc: 1.0000, F1: 1.0000, Time: 0.93s
      -> [LinearSVC + Magnitude_Warping @ 2x] Acc: 0.9700, F1: 0.9698, Time: 0.05s
      -> [LogisticRegression + Magnitude_Warping @ 2x] Acc: 1.0000, F1: 1.0000, Time: 0.14s
      -> [RNN + Magnitude_Warping @ 2x] Acc: 0.7333, F1: 0.6889, Time: 0.39s
    [=== Generating 3x synthetic data with Magnitude_Warping ===]
      -> [KNN + Magnitude_Warping @ 3x] Acc: 0.9993, F1: 0.9993, Time: 0.04s
      -> [RandomForest + Magnitude_Warping @ 3x] Acc: 1.0000, F1: 1.0000, Time: 1.66s
      -> [LinearSVC + Magnitude_Warping @ 3x] Acc: 0.9740, F1: 0.9739, Time: 0.07s
      -> [LogisticRegression + Magnitude_Warping @ 3x] Acc: 1.0000, F1: 1.0000, Time: 0.28s
      -> [RNN + Magnitude_Warping @ 3x] Acc: 0.9333, F1: 0.9270, Time: 0.57s
    [=== Generating 5x synthetic data with Magnitude_Warping ===]
      -> [KNN + Magnitude_Warping @ 5x] Acc: 0.9993, F1: 0.9993, Time: 0.06s
      -> [RandomForest + Magnitude_Warping @ 5x] Acc: 1.0000, F1: 1.0000, Time: 3.31s
      -> [LinearSVC + Magnitude_Warping @ 5x] Acc: 0.9707, F1: 0.9704, Time: 0.13s
      -> [LogisticRegression + Magnitude_Warping @ 5x] Acc: 1.0000, F1: 1.0000, Time: 0.48s
      -> [RNN + Magnitude_Warping @ 5x] Acc: 0.8667, F1: 0.8611, Time: 1.01s
    [=== Generating 10x synthetic data with Magnitude_Warping ===]
      -> [KNN + Magnitude_Warping @ 10x] Acc: 0.9993, F1: 0.9993, Time: 0.11s
      -> [RandomForest + Magnitude_Warping @ 10x] Acc: 1.0000, F1: 1.0000, Time: 7.94s
      -> [LinearSVC + Magnitude_Warping @ 10x] Acc: 0.9600, F1: 0.9597, Time: 0.26s
      -> [LogisticRegression + Magnitude_Warping @ 10x] Acc: 1.0000, F1: 1.0000, Time: 0.96s
      -> [RNN + Magnitude_Warping @ 10x] Acc: 1.0000, F1: 1.0000, Time: 1.94s
    [=== Generating 2x synthetic data with Time_Warping ===]
      -> [KNN + Time_Warping @ 2x] Acc: 1.0000, F1: 1.0000, Time: 0.03s
      -> [RandomForest + Time_Warping @ 2x] Acc: 1.0000, F1: 1.0000, Time: 0.74s
      -> [LinearSVC + Time_Warping @ 2x] Acc: 0.9433, F1: 0.9433, Time: 0.05s
      -> [LogisticRegression + Time_Warping @ 2x] Acc: 1.0000, F1: 1.0000, Time: 0.06s
      -> [RNN + Time_Warping @ 2x] Acc: 1.0000, F1: 1.0000, Time: 0.39s
    [=== Generating 3x synthetic data with Time_Warping ===]
      -> [KNN + Time_Warping @ 3x] Acc: 1.0000, F1: 1.0000, Time: 0.05s
      -> [RandomForest + Time_Warping @ 3x] Acc: 1.0000, F1: 1.0000, Time: 1.18s
      -> [LinearSVC + Time_Warping @ 3x] Acc: 0.9247, F1: 0.9243, Time: 0.07s
      -> [LogisticRegression + Time_Warping @ 3x] Acc: 1.0000, F1: 1.0000, Time: 0.08s
      -> [RNN + Time_Warping @ 3x] Acc: 1.0000, F1: 1.0000, Time: 0.58s
    [=== Generating 5x synthetic data with Time_Warping ===]
      -> [KNN + Time_Warping @ 5x] Acc: 1.0000, F1: 1.0000, Time: 0.07s
      -> [RandomForest + Time_Warping @ 5x] Acc: 0.9967, F1: 0.9967, Time: 2.28s
      -> [LinearSVC + Time_Warping @ 5x] Acc: 0.9320, F1: 0.9318, Time: 0.12s
      -> [LogisticRegression + Time_Warping @ 5x] Acc: 1.0000, F1: 1.0000, Time: 0.14s
      -> [RNN + Time_Warping @ 5x] Acc: 1.0000, F1: 1.0000, Time: 0.97s
    [=== Generating 10x synthetic data with Time_Warping ===]
      -> [KNN + Time_Warping @ 10x] Acc: 1.0000, F1: 1.0000, Time: 0.13s
      -> [RandomForest + Time_Warping @ 10x] Acc: 1.0000, F1: 1.0000, Time: 4.70s
      -> [LinearSVC + Time_Warping @ 10x] Acc: 0.9200, F1: 0.9206, Time: 0.24s
      -> [LogisticRegression + Time_Warping @ 10x] Acc: 1.0000, F1: 1.0000, Time: 0.23s
      -> [RNN + Time_Warping @ 10x] Acc: 0.9333, F1: 0.9333, Time: 1.83s
    [=== Generating 2x synthetic data with SMOTE ===]
      -> [KNN + SMOTE @ 2x] Acc: 1.0000, F1: 1.0000, Time: 0.03s
      -> [RandomForest + SMOTE @ 2x] Acc: 1.0000, F1: 1.0000, Time: 0.69s
      -> [LinearSVC + SMOTE @ 2x] Acc: 0.9787, F1: 0.9787, Time: 0.06s
      -> [LogisticRegression + SMOTE @ 2x] Acc: 1.0000, F1: 1.0000, Time: 0.04s
      -> [RNN + SMOTE @ 2x] Acc: 0.8000, F1: 0.7429, Time: 0.39s
    [=== Generating 3x synthetic data with SMOTE ===]
      -> [KNN + SMOTE @ 3x] Acc: 1.0000, F1: 1.0000, Time: 0.04s
      -> [RandomForest + SMOTE @ 3x] Acc: 1.0000, F1: 1.0000, Time: 1.17s
      -> [LinearSVC + SMOTE @ 3x] Acc: 0.9740, F1: 0.9739, Time: 0.09s
      -> [LogisticRegression + SMOTE @ 3x] Acc: 1.0000, F1: 1.0000, Time: 0.06s
      -> [RNN + SMOTE @ 3x] Acc: 0.8000, F1: 0.7448, Time: 0.61s
    [=== Generating 5x synthetic data with SMOTE ===]
      -> [KNN + SMOTE @ 5x] Acc: 1.0000, F1: 1.0000, Time: 0.05s
      -> [RandomForest + SMOTE @ 5x] Acc: 1.0000, F1: 1.0000, Time: 2.04s
      -> [LinearSVC + SMOTE @ 5x] Acc: 0.9713, F1: 0.9713, Time: 0.15s
      -> [LogisticRegression + SMOTE @ 5x] Acc: 1.0000, F1: 1.0000, Time: 0.10s
      -> [RNN + SMOTE @ 5x] Acc: 0.9333, F1: 0.9289, Time: 0.99s
    [=== Generating 10x synthetic data with SMOTE ===]
      -> [KNN + SMOTE @ 10x] Acc: 1.0000, F1: 1.0000, Time: 0.10s
      -> [RandomForest + SMOTE @ 10x] Acc: 1.0000, F1: 1.0000, Time: 4.48s
      -> [LinearSVC + SMOTE @ 10x] Acc: 0.9740, F1: 0.9740, Time: 0.28s
      -> [LogisticRegression + SMOTE @ 10x] Acc: 1.0000, F1: 1.0000, Time: 0.18s
      -> [RNN + SMOTE @ 10x] Acc: 0.8667, F1: 0.8603, Time: 1.80s
    [=== Generating 2x synthetic data with ADASYN ===]
      [!] Failed generation with ADASYN at 2x: Not any neigbours belong to the majority class. This case will induce a NaN case with a division by zero. ADASYN is not suited for this specific dataset. Use SMOTE instead.
    [=== Generating 3x synthetic data with ADASYN ===]
      [!] Failed generation with ADASYN at 3x: Not any neigbours belong to the majority class. This case will induce a NaN case with a division by zero. ADASYN is not suited for this specific dataset. Use SMOTE instead.
    [=== Generating 5x synthetic data with ADASYN ===]
      [!] Failed generation with ADASYN at 5x: Not any neigbours belong to the majority class. This case will induce a NaN case with a division by zero. ADASYN is not suited for this specific dataset. Use SMOTE instead.
    [=== Generating 10x synthetic data with ADASYN ===]
      [!] Failed generation with ADASYN at 10x: Not any neigbours belong to the majority class. This case will induce a NaN case with a division by zero. ADASYN is not suited for this specific dataset. Use SMOTE instead.
    [=== Generating 2x synthetic data with Mixup ===]
      -> [KNN + Mixup @ 2x] Acc: 1.0000, F1: 1.0000, Time: 0.03s
      -> [RandomForest + Mixup @ 2x] Acc: 1.0000, F1: 1.0000, Time: 0.68s
      -> [LinearSVC + Mixup @ 2x] Acc: 0.9747, F1: 0.9746, Time: 0.06s
      -> [LogisticRegression + Mixup @ 2x] Acc: 1.0000, F1: 1.0000, Time: 0.05s
      -> [RNN + Mixup @ 2x] Acc: 0.6667, F1: 0.5714, Time: 0.39s
    [=== Generating 3x synthetic data with Mixup ===]
      -> [KNN + Mixup @ 3x] Acc: 1.0000, F1: 1.0000, Time: 0.04s
      -> [RandomForest + Mixup @ 3x] Acc: 0.9993, F1: 0.9993, Time: 1.09s
      -> [LinearSVC + Mixup @ 3x] Acc: 0.9733, F1: 0.9732, Time: 0.09s
      -> [LogisticRegression + Mixup @ 3x] Acc: 1.0000, F1: 1.0000, Time: 0.07s
      -> [RNN + Mixup @ 3x] Acc: 0.8000, F1: 0.7429, Time: 0.57s
    [=== Generating 5x synthetic data with Mixup ===]
      -> [KNN + Mixup @ 5x] Acc: 1.0000, F1: 1.0000, Time: 0.05s
      -> [RandomForest + Mixup @ 5x] Acc: 1.0000, F1: 1.0000, Time: 1.89s
      -> [LinearSVC + Mixup @ 5x] Acc: 0.9767, F1: 0.9766, Time: 0.15s
      -> [LogisticRegression + Mixup @ 5x] Acc: 1.0000, F1: 1.0000, Time: 0.12s
      -> [RNN + Mixup @ 5x] Acc: 0.9333, F1: 0.9270, Time: 0.98s
    [=== Generating 10x synthetic data with Mixup ===]
      -> [KNN + Mixup @ 10x] Acc: 1.0000, F1: 1.0000, Time: 0.10s
      -> [RandomForest + Mixup @ 10x] Acc: 1.0000, F1: 1.0000, Time: 4.12s
      -> [LinearSVC + Mixup @ 10x] Acc: 0.9707, F1: 0.9706, Time: 0.29s
      -> [LogisticRegression + Mixup @ 10x] Acc: 1.0000, F1: 1.0000, Time: 0.20s
      -> [RNN + Mixup @ 10x] Acc: 1.0000, F1: 1.0000, Time: 1.91s
    [=== Generating 2x synthetic data with GMM ===]
      -> [KNN + GMM @ 2x] Acc: 1.0000, F1: 1.0000, Time: 0.03s
      -> [RandomForest + GMM @ 2x] Acc: 1.0000, F1: 1.0000, Time: 0.82s
      -> [LinearSVC + GMM @ 2x] Acc: 0.9793, F1: 0.9792, Time: 0.06s
      -> [LogisticRegression + GMM @ 2x] Acc: 1.0000, F1: 1.0000, Time: 0.05s
      -> [RNN + GMM @ 2x] Acc: 0.8000, F1: 0.7429, Time: 0.38s
    [=== Generating 3x synthetic data with GMM ===]
      -> [KNN + GMM @ 3x] Acc: 1.0000, F1: 1.0000, Time: 0.04s
      -> [RandomForest + GMM @ 3x] Acc: 1.0000, F1: 1.0000, Time: 1.32s
      -> [LinearSVC + GMM @ 3x] Acc: 0.9787, F1: 0.9785, Time: 0.09s
      -> [LogisticRegression + GMM @ 3x] Acc: 1.0000, F1: 1.0000, Time: 0.06s
      -> [RNN + GMM @ 3x] Acc: 0.8000, F1: 0.7873, Time: 0.70s
    [=== Generating 5x synthetic data with GMM ===]
      -> [KNN + GMM @ 5x] Acc: 1.0000, F1: 1.0000, Time: 0.06s
      -> [RandomForest + GMM @ 5x] Acc: 0.9973, F1: 0.9973, Time: 2.49s
      -> [LinearSVC + GMM @ 5x] Acc: 0.9780, F1: 0.9779, Time: 0.15s
      -> [LogisticRegression + GMM @ 5x] Acc: 1.0000, F1: 1.0000, Time: 0.12s
      -> [RNN + GMM @ 5x] Acc: 0.8667, F1: 0.8603, Time: 1.01s
    [=== Generating 10x synthetic data with GMM ===]
      -> [KNN + GMM @ 10x] Acc: 1.0000, F1: 1.0000, Time: 0.10s
      -> [RandomForest + GMM @ 10x] Acc: 1.0000, F1: 1.0000, Time: 5.32s
      -> [LinearSVC + GMM @ 10x] Acc: 0.9767, F1: 0.9765, Time: 0.29s
      -> [LogisticRegression + GMM @ 10x] Acc: 1.0000, F1: 1.0000, Time: 0.20s
      -> [RNN + GMM @ 10x] Acc: 0.9333, F1: 0.9270, Time: 1.81s
    [=== Generating 2x synthetic data with HMM_GMM ===]
      -> [KNN + HMM_GMM @ 2x] Acc: 1.0000, F1: 1.0000, Time: 0.03s
      -> [RandomForest + HMM_GMM @ 2x] Acc: 0.9987, F1: 0.9987, Time: 0.54s
      -> [LinearSVC + HMM_GMM @ 2x] Acc: 0.8960, F1: 0.8963, Time: 0.05s
      -> [LogisticRegression + HMM_GMM @ 2x] Acc: 0.9993, F1: 0.9993, Time: 0.05s
      -> [RNN + HMM_GMM @ 2x] Acc: 0.4000, F1: 0.2423, Time: 0.43s
    [=== Generating 3x synthetic data with HMM_GMM ===]
      -> [KNN + HMM_GMM @ 3x] Acc: 1.0000, F1: 1.0000, Time: 0.04s
      -> [RandomForest + HMM_GMM @ 3x] Acc: 0.9980, F1: 0.9980, Time: 0.65s
      -> [LinearSVC + HMM_GMM @ 3x] Acc: 0.8713, F1: 0.8689, Time: 0.08s
      -> [LogisticRegression + HMM_GMM @ 3x] Acc: 0.9993, F1: 0.9993, Time: 0.08s
      -> [RNN + HMM_GMM @ 3x] Acc: 0.6000, F1: 0.4700, Time: 0.58s
    [=== Generating 5x synthetic data with HMM_GMM ===]
      -> [KNN + HMM_GMM @ 5x] Acc: 1.0000, F1: 1.0000, Time: 0.06s
      -> [RandomForest + HMM_GMM @ 5x] Acc: 0.9987, F1: 0.9987, Time: 0.82s
      -> [LinearSVC + HMM_GMM @ 5x] Acc: 0.8393, F1: 0.8358, Time: 0.13s
      -> [LogisticRegression + HMM_GMM @ 5x] Acc: 0.9993, F1: 0.9993, Time: 0.14s
      -> [RNN + HMM_GMM @ 5x] Acc: 0.7333, F1: 0.6533, Time: 0.95s
    [=== Generating 10x synthetic data with HMM_GMM ===]
      -> [KNN + HMM_GMM @ 10x] Acc: 1.0000, F1: 1.0000, Time: 0.10s
      -> [RandomForest + HMM_GMM @ 10x] Acc: 0.9993, F1: 0.9993, Time: 1.36s
      -> [LinearSVC + HMM_GMM @ 10x] Acc: 0.7833, F1: 0.7846, Time: 0.25s
      -> [LogisticRegression + HMM_GMM @ 10x] Acc: 0.9993, F1: 0.9993, Time: 0.26s
      -> [RNN + HMM_GMM @ 10x] Acc: 1.0000, F1: 1.0000, Time: 2.02s

    >> Seed Fold Selection: 9/10
    Evaluating Model: KNN
      -> [Baseline] Acc: 1.0000, F1: 1.0000, Time: 0.07s
      HP Tuning KNN...
n_iterations: 3
n_required_iterations: 3
n_possible_iterations: 5
min_resources_: 60
max_resources_: 6000
aggressive_elimination: False
factor: 3
----------
iter: 0
n_candidates: 20
n_resources: 60
Fitting 5 folds for each of 20 candidates, totalling 100 fits
----------
iter: 1
n_candidates: 7
n_resources: 180
Fitting 5 folds for each of 7 candidates, totalling 35 fits
----------
iter: 2
n_candidates: 3
n_resources: 540
Fitting 5 folds for each of 3 candidates, totalling 15 fits
      -> [Tuned_Baseline] Acc: 1.0000, F1: 1.0000, Time: 0.06s
    Evaluating Model: RandomForest
      -> [Baseline] Acc: 0.9967, F1: 0.9967, Time: 0.57s
      HP Tuning RandomForest...
n_iterations: 3
n_required_iterations: 3
n_possible_iterations: 5
min_resources_: 60
max_resources_: 6000
aggressive_elimination: False
factor: 3
----------
iter: 0
n_candidates: 20
n_resources: 60
Fitting 5 folds for each of 20 candidates, totalling 100 fits
----------
iter: 1
n_candidates: 7
n_resources: 180
Fitting 5 folds for each of 7 candidates, totalling 35 fits
----------
iter: 2
n_candidates: 3
n_resources: 540
Fitting 5 folds for each of 3 candidates, totalling 15 fits
      -> [Tuned_Baseline] Acc: 1.0000, F1: 1.0000, Time: 0.01s
    Evaluating Model: LinearSVC
      -> [Baseline] Acc: 0.9753, F1: 0.9753, Time: 0.03s
      HP Tuning LinearSVC...
n_iterations: 3
n_required_iterations: 3
n_possible_iterations: 5
min_resources_: 60
max_resources_: 6000
aggressive_elimination: False
factor: 3
----------
iter: 0
n_candidates: 20
n_resources: 60
Fitting 5 folds for each of 20 candidates, totalling 100 fits
----------
iter: 1
n_candidates: 7
n_resources: 180
Fitting 5 folds for each of 7 candidates, totalling 35 fits
----------
iter: 2
n_candidates: 3
n_resources: 540
Fitting 5 folds for each of 3 candidates, totalling 15 fits
      -> [Tuned_Baseline] Acc: 0.9747, F1: 0.9745, Time: 0.00s
    Evaluating Model: LogisticRegression
      -> [Baseline] Acc: 1.0000, F1: 1.0000, Time: 0.08s
      HP Tuning LogisticRegression...
n_iterations: 3
n_required_iterations: 3
n_possible_iterations: 5
min_resources_: 60
max_resources_: 6000
aggressive_elimination: False
factor: 3
----------
iter: 0
n_candidates: 12
n_resources: 60
Fitting 5 folds for each of 12 candidates, totalling 60 fits
----------
iter: 1
n_candidates: 4
n_resources: 180
Fitting 5 folds for each of 4 candidates, totalling 20 fits
----------
iter: 2
n_candidates: 2
n_resources: 540
Fitting 5 folds for each of 2 candidates, totalling 10 fits
      -> [Tuned_Baseline] Acc: 1.0000, F1: 1.0000, Time: 0.00s
    Evaluating Model: RNN
      -> [Baseline] Acc: 0.6667, F1: 0.5714, Time: 0.20s
      -> [Tuned_Baseline] Acc: 0.6667, F1: 0.5714, Time: 0.00s
    [=== Generating 2x synthetic data with Jittering ===]
      -> [KNN + Jittering @ 2x] Acc: 1.0000, F1: 1.0000, Time: 0.07s
      -> [RandomForest + Jittering @ 2x] Acc: 1.0000, F1: 1.0000, Time: 1.62s
      -> [LinearSVC + Jittering @ 2x] Acc: 0.9767, F1: 0.9766, Time: 0.06s
      -> [LogisticRegression + Jittering @ 2x] Acc: 1.0000, F1: 1.0000, Time: 0.04s
      -> [RNN + Jittering @ 2x] Acc: 0.6000, F1: 0.5556, Time: 0.38s
    [=== Generating 3x synthetic data with Jittering ===]
      -> [KNN + Jittering @ 3x] Acc: 1.0000, F1: 1.0000, Time: 0.08s
      -> [RandomForest + Jittering @ 3x] Acc: 1.0000, F1: 1.0000, Time: 2.54s
      -> [LinearSVC + Jittering @ 3x] Acc: 0.9780, F1: 0.9779, Time: 0.09s
      -> [LogisticRegression + Jittering @ 3x] Acc: 1.0000, F1: 1.0000, Time: 0.06s
      -> [RNN + Jittering @ 3x] Acc: 0.8667, F1: 0.8603, Time: 0.59s
    [=== Generating 5x synthetic data with Jittering ===]
      -> [KNN + Jittering @ 5x] Acc: 1.0000, F1: 1.0000, Time: 0.10s
      -> [RandomForest + Jittering @ 5x] Acc: 1.0000, F1: 1.0000, Time: 4.72s
      -> [LinearSVC + Jittering @ 5x] Acc: 0.9773, F1: 0.9772, Time: 0.15s
      -> [LogisticRegression + Jittering @ 5x] Acc: 1.0000, F1: 1.0000, Time: 0.10s
      -> [RNN + Jittering @ 5x] Acc: 0.8667, F1: 0.8611, Time: 0.95s
    [=== Generating 10x synthetic data with Jittering ===]
      -> [KNN + Jittering @ 10x] Acc: 1.0000, F1: 1.0000, Time: 0.15s
      -> [RandomForest + Jittering @ 10x] Acc: 1.0000, F1: 1.0000, Time: 10.52s
      -> [LinearSVC + Jittering @ 10x] Acc: 0.9773, F1: 0.9772, Time: 0.30s
      -> [LogisticRegression + Jittering @ 10x] Acc: 1.0000, F1: 1.0000, Time: 0.20s
      -> [RNN + Jittering @ 10x] Acc: 0.9333, F1: 0.9270, Time: 1.82s
    [=== Generating 2x synthetic data with Scaling ===]
      -> [KNN + Scaling @ 2x] Acc: 1.0000, F1: 1.0000, Time: 0.07s
      -> [RandomForest + Scaling @ 2x] Acc: 1.0000, F1: 1.0000, Time: 1.44s
      -> [LinearSVC + Scaling @ 2x] Acc: 0.9773, F1: 0.9772, Time: 0.06s
      -> [LogisticRegression + Scaling @ 2x] Acc: 1.0000, F1: 1.0000, Time: 0.05s
      -> [RNN + Scaling @ 2x] Acc: 0.7333, F1: 0.6698, Time: 0.41s
    [=== Generating 3x synthetic data with Scaling ===]
      -> [KNN + Scaling @ 3x] Acc: 1.0000, F1: 1.0000, Time: 0.08s
      -> [RandomForest + Scaling @ 3x] Acc: 1.0000, F1: 1.0000, Time: 2.32s
      -> [LinearSVC + Scaling @ 3x] Acc: 0.9780, F1: 0.9779, Time: 0.08s
      -> [LogisticRegression + Scaling @ 3x] Acc: 1.0000, F1: 1.0000, Time: 0.08s
      -> [RNN + Scaling @ 3x] Acc: 0.6000, F1: 0.4865, Time: 0.60s
    [=== Generating 5x synthetic data with Scaling ===]
      -> [KNN + Scaling @ 5x] Acc: 1.0000, F1: 1.0000, Time: 0.10s
      -> [RandomForest + Scaling @ 5x] Acc: 1.0000, F1: 1.0000, Time: 4.12s
      -> [LinearSVC + Scaling @ 5x] Acc: 0.9733, F1: 0.9732, Time: 0.13s
      -> [LogisticRegression + Scaling @ 5x] Acc: 1.0000, F1: 1.0000, Time: 0.14s
      -> [RNN + Scaling @ 5x] Acc: 0.9333, F1: 0.9270, Time: 0.95s
    [=== Generating 10x synthetic data with Scaling ===]
      -> [KNN + Scaling @ 10x] Acc: 1.0000, F1: 1.0000, Time: 0.15s
      -> [RandomForest + Scaling @ 10x] Acc: 1.0000, F1: 1.0000, Time: 9.18s
      -> [LinearSVC + Scaling @ 10x] Acc: 0.9753, F1: 0.9753, Time: 0.26s
      -> [LogisticRegression + Scaling @ 10x] Acc: 1.0000, F1: 1.0000, Time: 0.41s
      -> [RNN + Scaling @ 10x] Acc: 0.9333, F1: 0.9270, Time: 1.79s
    [=== Generating 2x synthetic data with Magnitude_Warping ===]
      -> [KNN + Magnitude_Warping @ 2x] Acc: 1.0000, F1: 1.0000, Time: 0.07s
      -> [RandomForest + Magnitude_Warping @ 2x] Acc: 1.0000, F1: 1.0000, Time: 1.81s
      -> [LinearSVC + Magnitude_Warping @ 2x] Acc: 0.9793, F1: 0.9792, Time: 0.05s
      -> [LogisticRegression + Magnitude_Warping @ 2x] Acc: 1.0000, F1: 1.0000, Time: 0.20s
      -> [RNN + Magnitude_Warping @ 2x] Acc: 0.7333, F1: 0.6698, Time: 0.39s
    [=== Generating 3x synthetic data with Magnitude_Warping ===]
      -> [KNN + Magnitude_Warping @ 3x] Acc: 1.0000, F1: 1.0000, Time: 0.08s
      -> [RandomForest + Magnitude_Warping @ 3x] Acc: 0.9980, F1: 0.9980, Time: 3.06s
      -> [LinearSVC + Magnitude_Warping @ 3x] Acc: 0.9760, F1: 0.9759, Time: 0.08s
      -> [LogisticRegression + Magnitude_Warping @ 3x] Acc: 1.0000, F1: 1.0000, Time: 0.28s
      -> [RNN + Magnitude_Warping @ 3x] Acc: 0.8667, F1: 0.8711, Time: 0.59s
    [=== Generating 5x synthetic data with Magnitude_Warping ===]
      -> [KNN + Magnitude_Warping @ 5x] Acc: 1.0000, F1: 1.0000, Time: 0.10s
      -> [RandomForest + Magnitude_Warping @ 5x] Acc: 1.0000, F1: 1.0000, Time: 5.93s
      -> [LinearSVC + Magnitude_Warping @ 5x] Acc: 0.9727, F1: 0.9725, Time: 0.13s
      -> [LogisticRegression + Magnitude_Warping @ 5x] Acc: 1.0000, F1: 1.0000, Time: 0.47s
      -> [RNN + Magnitude_Warping @ 5x] Acc: 0.9333, F1: 0.9333, Time: 0.95s
    [=== Generating 10x synthetic data with Magnitude_Warping ===]
      -> [KNN + Magnitude_Warping @ 10x] Acc: 0.9993, F1: 0.9993, Time: 0.15s
      -> [RandomForest + Magnitude_Warping @ 10x] Acc: 1.0000, F1: 1.0000, Time: 12.93s
      -> [LinearSVC + Magnitude_Warping @ 10x] Acc: 0.9747, F1: 0.9745, Time: 0.26s
      -> [LogisticRegression + Magnitude_Warping @ 10x] Acc: 1.0000, F1: 1.0000, Time: 0.88s
      -> [RNN + Magnitude_Warping @ 10x] Acc: 0.9333, F1: 0.9333, Time: 1.82s
    [=== Generating 2x synthetic data with Time_Warping ===]
      -> [KNN + Time_Warping @ 2x] Acc: 1.0000, F1: 1.0000, Time: 0.08s
      -> [RandomForest + Time_Warping @ 2x] Acc: 1.0000, F1: 1.0000, Time: 1.42s
      -> [LinearSVC + Time_Warping @ 2x] Acc: 0.9540, F1: 0.9541, Time: 0.05s
      -> [LogisticRegression + Time_Warping @ 2x] Acc: 1.0000, F1: 1.0000, Time: 0.06s
      -> [RNN + Time_Warping @ 2x] Acc: 0.7333, F1: 0.6889, Time: 0.38s
    [=== Generating 3x synthetic data with Time_Warping ===]
      -> [KNN + Time_Warping @ 3x] Acc: 1.0000, F1: 1.0000, Time: 0.09s
      -> [RandomForest + Time_Warping @ 3x] Acc: 0.9980, F1: 0.9980, Time: 2.34s
      -> [LinearSVC + Time_Warping @ 3x] Acc: 0.9313, F1: 0.9314, Time: 0.07s
      -> [LogisticRegression + Time_Warping @ 3x] Acc: 1.0000, F1: 1.0000, Time: 0.08s
      -> [RNN + Time_Warping @ 3x] Acc: 0.9333, F1: 0.9289, Time: 0.58s
    [=== Generating 5x synthetic data with Time_Warping ===]
      -> [KNN + Time_Warping @ 5x] Acc: 1.0000, F1: 1.0000, Time: 0.11s
      -> [RandomForest + Time_Warping @ 5x] Acc: 0.9960, F1: 0.9960, Time: 4.17s
      -> [LinearSVC + Time_Warping @ 5x] Acc: 0.9227, F1: 0.9224, Time: 0.12s
      -> [LogisticRegression + Time_Warping @ 5x] Acc: 1.0000, F1: 1.0000, Time: 0.12s
      -> [RNN + Time_Warping @ 5x] Acc: 0.9333, F1: 0.9270, Time: 0.95s
    [=== Generating 10x synthetic data with Time_Warping ===]
      -> [KNN + Time_Warping @ 10x] Acc: 1.0000, F1: 1.0000, Time: 0.16s
      -> [RandomForest + Time_Warping @ 10x] Acc: 1.0000, F1: 1.0000, Time: 9.01s
      -> [LinearSVC + Time_Warping @ 10x] Acc: 0.9133, F1: 0.9137, Time: 0.24s
      -> [LogisticRegression + Time_Warping @ 10x] Acc: 1.0000, F1: 1.0000, Time: 0.25s
      -> [RNN + Time_Warping @ 10x] Acc: 0.9333, F1: 0.9333, Time: 2.01s
    [=== Generating 2x synthetic data with SMOTE ===]
      -> [KNN + SMOTE @ 2x] Acc: 1.0000, F1: 1.0000, Time: 0.07s
      -> [RandomForest + SMOTE @ 2x] Acc: 1.0000, F1: 1.0000, Time: 1.44s
      -> [LinearSVC + SMOTE @ 2x] Acc: 0.9647, F1: 0.9641, Time: 0.06s
      -> [LogisticRegression + SMOTE @ 2x] Acc: 1.0000, F1: 1.0000, Time: 0.04s
      -> [RNN + SMOTE @ 2x] Acc: 0.8000, F1: 0.7429, Time: 0.39s
    [=== Generating 3x synthetic data with SMOTE ===]
      -> [KNN + SMOTE @ 3x] Acc: 1.0000, F1: 1.0000, Time: 0.08s
      -> [RandomForest + SMOTE @ 3x] Acc: 0.9960, F1: 0.9960, Time: 2.32s
      -> [LinearSVC + SMOTE @ 3x] Acc: 0.9660, F1: 0.9654, Time: 0.08s
      -> [LogisticRegression + SMOTE @ 3x] Acc: 1.0000, F1: 1.0000, Time: 0.06s
      -> [RNN + SMOTE @ 3x] Acc: 0.6667, F1: 0.6089, Time: 0.61s
    [=== Generating 5x synthetic data with SMOTE ===]
      -> [KNN + SMOTE @ 5x] Acc: 1.0000, F1: 1.0000, Time: 0.10s
      -> [RandomForest + SMOTE @ 5x] Acc: 1.0000, F1: 1.0000, Time: 4.08s
      -> [LinearSVC + SMOTE @ 5x] Acc: 0.9653, F1: 0.9649, Time: 0.15s
      -> [LogisticRegression + SMOTE @ 5x] Acc: 1.0000, F1: 1.0000, Time: 0.09s
      -> [RNN + SMOTE @ 5x] Acc: 0.8667, F1: 0.8611, Time: 0.98s
    [=== Generating 10x synthetic data with SMOTE ===]
      -> [KNN + SMOTE @ 10x] Acc: 1.0000, F1: 1.0000, Time: 0.14s
      -> [RandomForest + SMOTE @ 10x] Acc: 1.0000, F1: 1.0000, Time: 9.00s
      -> [LinearSVC + SMOTE @ 10x] Acc: 0.9647, F1: 0.9641, Time: 0.29s
      -> [LogisticRegression + SMOTE @ 10x] Acc: 0.9993, F1: 0.9993, Time: 0.18s
      -> [RNN + SMOTE @ 10x] Acc: 1.0000, F1: 1.0000, Time: 1.85s
    [=== Generating 2x synthetic data with ADASYN ===]
      [!] Failed generation with ADASYN at 2x: Not any neigbours belong to the majority class. This case will induce a NaN case with a division by zero. ADASYN is not suited for this specific dataset. Use SMOTE instead.
    [=== Generating 3x synthetic data with ADASYN ===]
      [!] Failed generation with ADASYN at 3x: Not any neigbours belong to the majority class. This case will induce a NaN case with a division by zero. ADASYN is not suited for this specific dataset. Use SMOTE instead.
    [=== Generating 5x synthetic data with ADASYN ===]
      [!] Failed generation with ADASYN at 5x: Not any neigbours belong to the majority class. This case will induce a NaN case with a division by zero. ADASYN is not suited for this specific dataset. Use SMOTE instead.
    [=== Generating 10x synthetic data with ADASYN ===]
      [!] Failed generation with ADASYN at 10x: Not any neigbours belong to the majority class. This case will induce a NaN case with a division by zero. ADASYN is not suited for this specific dataset. Use SMOTE instead.
    [=== Generating 2x synthetic data with Mixup ===]
      -> [KNN + Mixup @ 2x] Acc: 1.0000, F1: 1.0000, Time: 0.07s
      -> [RandomForest + Mixup @ 2x] Acc: 1.0000, F1: 1.0000, Time: 1.31s
      -> [LinearSVC + Mixup @ 2x] Acc: 0.9787, F1: 0.9787, Time: 0.06s
      -> [LogisticRegression + Mixup @ 2x] Acc: 1.0000, F1: 1.0000, Time: 0.04s
      -> [RNN + Mixup @ 2x] Acc: 0.8667, F1: 0.8603, Time: 0.39s
    [=== Generating 3x synthetic data with Mixup ===]
      -> [KNN + Mixup @ 3x] Acc: 1.0000, F1: 1.0000, Time: 0.08s
      -> [RandomForest + Mixup @ 3x] Acc: 1.0000, F1: 1.0000, Time: 2.28s
      -> [LinearSVC + Mixup @ 3x] Acc: 0.9733, F1: 0.9732, Time: 0.09s
      -> [LogisticRegression + Mixup @ 3x] Acc: 1.0000, F1: 1.0000, Time: 0.06s
      -> [RNN + Mixup @ 3x] Acc: 0.7333, F1: 0.6717, Time: 0.61s
    [=== Generating 5x synthetic data with Mixup ===]
      -> [KNN + Mixup @ 5x] Acc: 1.0000, F1: 1.0000, Time: 0.10s
      -> [RandomForest + Mixup @ 5x] Acc: 1.0000, F1: 1.0000, Time: 3.68s
      -> [LinearSVC + Mixup @ 5x] Acc: 0.9707, F1: 0.9704, Time: 0.15s
      -> [LogisticRegression + Mixup @ 5x] Acc: 1.0000, F1: 1.0000, Time: 0.10s
      -> [RNN + Mixup @ 5x] Acc: 0.9333, F1: 0.9289, Time: 0.95s
    [=== Generating 10x synthetic data with Mixup ===]
      -> [KNN + Mixup @ 10x] Acc: 1.0000, F1: 1.0000, Time: 0.14s
      -> [RandomForest + Mixup @ 10x] Acc: 0.9987, F1: 0.9987, Time: 7.91s
      -> [LinearSVC + Mixup @ 10x] Acc: 0.9700, F1: 0.9698, Time: 0.29s
      -> [LogisticRegression + Mixup @ 10x] Acc: 1.0000, F1: 1.0000, Time: 0.18s
      -> [RNN + Mixup @ 10x] Acc: 1.0000, F1: 1.0000, Time: 1.92s
    [=== Generating 2x synthetic data with GMM ===]
      -> [KNN + GMM @ 2x] Acc: 1.0000, F1: 1.0000, Time: 0.07s
      -> [RandomForest + GMM @ 2x] Acc: 0.9980, F1: 0.9980, Time: 1.54s
      -> [LinearSVC + GMM @ 2x] Acc: 0.9793, F1: 0.9793, Time: 0.06s
      -> [LogisticRegression + GMM @ 2x] Acc: 1.0000, F1: 1.0000, Time: 0.04s
      -> [RNN + GMM @ 2x] Acc: 0.9333, F1: 0.9270, Time: 0.38s
    [=== Generating 3x synthetic data with GMM ===]
      -> [KNN + GMM @ 3x] Acc: 1.0000, F1: 1.0000, Time: 0.08s
      -> [RandomForest + GMM @ 3x] Acc: 1.0000, F1: 1.0000, Time: 2.57s
      -> [LinearSVC + GMM @ 3x] Acc: 0.9793, F1: 0.9793, Time: 0.09s
      -> [LogisticRegression + GMM @ 3x] Acc: 1.0000, F1: 1.0000, Time: 0.06s
      -> [RNN + GMM @ 3x] Acc: 0.8000, F1: 0.7437, Time: 0.58s
    [=== Generating 5x synthetic data with GMM ===]
      -> [KNN + GMM @ 5x] Acc: 1.0000, F1: 1.0000, Time: 0.10s
      -> [RandomForest + GMM @ 5x] Acc: 1.0000, F1: 1.0000, Time: 4.67s
      -> [LinearSVC + GMM @ 5x] Acc: 0.9787, F1: 0.9786, Time: 0.14s
      -> [LogisticRegression + GMM @ 5x] Acc: 1.0000, F1: 1.0000, Time: 0.10s
      -> [RNN + GMM @ 5x] Acc: 0.8667, F1: 0.8667, Time: 0.95s
    [=== Generating 10x synthetic data with GMM ===]
      -> [KNN + GMM @ 10x] Acc: 1.0000, F1: 1.0000, Time: 0.15s
      -> [RandomForest + GMM @ 10x] Acc: 1.0000, F1: 1.0000, Time: 10.23s
      -> [LinearSVC + GMM @ 10x] Acc: 0.9773, F1: 0.9773, Time: 0.29s
      -> [LogisticRegression + GMM @ 10x] Acc: 1.0000, F1: 1.0000, Time: 0.18s
      -> [RNN + GMM @ 10x] Acc: 0.8667, F1: 0.8711, Time: 1.81s
    [=== Generating 2x synthetic data with HMM_GMM ===]
      -> [KNN + HMM_GMM @ 2x] Acc: 1.0000, F1: 1.0000, Time: 0.07s
      -> [RandomForest + HMM_GMM @ 2x] Acc: 0.9993, F1: 0.9993, Time: 1.01s
      -> [LinearSVC + HMM_GMM @ 2x] Acc: 0.8793, F1: 0.8779, Time: 0.05s
      -> [LogisticRegression + HMM_GMM @ 2x] Acc: 1.0000, F1: 1.0000, Time: 0.06s
      -> [RNN + HMM_GMM @ 2x] Acc: 0.8000, F1: 0.7722, Time: 0.40s
    [=== Generating 3x synthetic data with HMM_GMM ===]
      -> [KNN + HMM_GMM @ 3x] Acc: 1.0000, F1: 1.0000, Time: 0.08s
      -> [RandomForest + HMM_GMM @ 3x] Acc: 0.9987, F1: 0.9987, Time: 1.23s
      -> [LinearSVC + HMM_GMM @ 3x] Acc: 0.8733, F1: 0.8710, Time: 0.08s
      -> [LogisticRegression + HMM_GMM @ 3x] Acc: 1.0000, F1: 1.0000, Time: 0.08s
      -> [RNN + HMM_GMM @ 3x] Acc: 0.7333, F1: 0.6533, Time: 0.54s
    [=== Generating 5x synthetic data with HMM_GMM ===]
      -> [KNN + HMM_GMM @ 5x] Acc: 1.0000, F1: 1.0000, Time: 0.10s
      -> [RandomForest + HMM_GMM @ 5x] Acc: 1.0000, F1: 1.0000, Time: 1.64s
      -> [LinearSVC + HMM_GMM @ 5x] Acc: 0.8467, F1: 0.8418, Time: 0.13s
      -> [LogisticRegression + HMM_GMM @ 5x] Acc: 0.9993, F1: 0.9993, Time: 0.12s
      -> [RNN + HMM_GMM @ 5x] Acc: 0.7333, F1: 0.6333, Time: 0.95s
    [=== Generating 10x synthetic data with HMM_GMM ===]
      -> [KNN + HMM_GMM @ 10x] Acc: 1.0000, F1: 1.0000, Time: 0.14s
      -> [RandomForest + HMM_GMM @ 10x] Acc: 1.0000, F1: 1.0000, Time: 2.61s
      -> [LinearSVC + HMM_GMM @ 10x] Acc: 0.8253, F1: 0.8195, Time: 0.24s
      -> [LogisticRegression + HMM_GMM @ 10x] Acc: 0.9993, F1: 0.9993, Time: 0.25s
      -> [RNN + HMM_GMM @ 10x] Acc: 1.0000, F1: 1.0000, Time: 1.82s

    >> Seed Fold Selection: 10/10
    Evaluating Model: KNN
      -> [Baseline] Acc: 1.0000, F1: 1.0000, Time: 0.07s
      HP Tuning KNN...
n_iterations: 3
n_required_iterations: 3
n_possible_iterations: 5
min_resources_: 60
max_resources_: 6000
aggressive_elimination: False
factor: 3
----------
iter: 0
n_candidates: 20
n_resources: 60
Fitting 5 folds for each of 20 candidates, totalling 100 fits
----------
iter: 1
n_candidates: 7
n_resources: 180
Fitting 5 folds for each of 7 candidates, totalling 35 fits
----------
iter: 2
n_candidates: 3
n_resources: 540
Fitting 5 folds for each of 3 candidates, totalling 15 fits
      -> [Tuned_Baseline] Acc: 1.0000, F1: 1.0000, Time: 0.06s
    Evaluating Model: RandomForest
      -> [Baseline] Acc: 0.9993, F1: 0.9993, Time: 0.58s
      HP Tuning RandomForest...
n_iterations: 3
n_required_iterations: 3
n_possible_iterations: 5
min_resources_: 60
max_resources_: 6000
aggressive_elimination: False
factor: 3
----------
iter: 0
n_candidates: 20
n_resources: 60
Fitting 5 folds for each of 20 candidates, totalling 100 fits
----------
iter: 1
n_candidates: 7
n_resources: 180
Fitting 5 folds for each of 7 candidates, totalling 35 fits
----------
iter: 2
n_candidates: 3
n_resources: 540
Fitting 5 folds for each of 3 candidates, totalling 15 fits
      -> [Tuned_Baseline] Acc: 1.0000, F1: 1.0000, Time: 0.00s
    Evaluating Model: LinearSVC
      -> [Baseline] Acc: 0.9807, F1: 0.9806, Time: 0.03s
      HP Tuning LinearSVC...
n_iterations: 3
n_required_iterations: 3
n_possible_iterations: 5
min_resources_: 60
max_resources_: 6000
aggressive_elimination: False
factor: 3
----------
iter: 0
n_candidates: 20
n_resources: 60
Fitting 5 folds for each of 20 candidates, totalling 100 fits
----------
iter: 1
n_candidates: 7
n_resources: 180
Fitting 5 folds for each of 7 candidates, totalling 35 fits
----------
iter: 2
n_candidates: 3
n_resources: 540
Fitting 5 folds for each of 3 candidates, totalling 15 fits
      -> [Tuned_Baseline] Acc: 0.9807, F1: 0.9806, Time: 0.00s
    Evaluating Model: LogisticRegression
      -> [Baseline] Acc: 0.9993, F1: 0.9993, Time: 0.07s
      HP Tuning LogisticRegression...
n_iterations: 3
n_required_iterations: 3
n_possible_iterations: 5
min_resources_: 60
max_resources_: 6000
aggressive_elimination: False
factor: 3
----------
iter: 0
n_candidates: 12
n_resources: 60
Fitting 5 folds for each of 12 candidates, totalling 60 fits
----------
iter: 1
n_candidates: 4
n_resources: 180
Fitting 5 folds for each of 4 candidates, totalling 20 fits
----------
iter: 2
n_candidates: 2
n_resources: 540
Fitting 5 folds for each of 2 candidates, totalling 10 fits
      -> [Tuned_Baseline] Acc: 1.0000, F1: 1.0000, Time: 0.00s
    Evaluating Model: RNN
      -> [Baseline] Acc: 0.6667, F1: 0.5667, Time: 0.20s
      -> [Tuned_Baseline] Acc: 0.6667, F1: 0.5667, Time: 0.00s
    [=== Generating 2x synthetic data with Jittering ===]
      -> [KNN + Jittering @ 2x] Acc: 1.0000, F1: 1.0000, Time: 0.07s
      -> [RandomForest + Jittering @ 2x] Acc: 1.0000, F1: 1.0000, Time: 0.79s
      -> [LinearSVC + Jittering @ 2x] Acc: 0.9813, F1: 0.9813, Time: 0.06s
      -> [LogisticRegression + Jittering @ 2x] Acc: 1.0000, F1: 1.0000, Time: 0.04s
      -> [RNN + Jittering @ 2x] Acc: 0.9333, F1: 0.9270, Time: 0.38s
    [=== Generating 3x synthetic data with Jittering ===]
      -> [KNN + Jittering @ 3x] Acc: 1.0000, F1: 1.0000, Time: 0.09s
      -> [RandomForest + Jittering @ 3x] Acc: 0.9987, F1: 0.9987, Time: 1.30s
      -> [LinearSVC + Jittering @ 3x] Acc: 0.9807, F1: 0.9806, Time: 0.08s
      -> [LogisticRegression + Jittering @ 3x] Acc: 1.0000, F1: 1.0000, Time: 0.06s
      -> [RNN + Jittering @ 3x] Acc: 0.8667, F1: 0.8114, Time: 0.58s
    [=== Generating 5x synthetic data with Jittering ===]
      -> [KNN + Jittering @ 5x] Acc: 1.0000, F1: 1.0000, Time: 0.10s
      -> [RandomForest + Jittering @ 5x] Acc: 1.0000, F1: 1.0000, Time: 2.33s
      -> [LinearSVC + Jittering @ 5x] Acc: 0.9800, F1: 0.9799, Time: 0.14s
      -> [LogisticRegression + Jittering @ 5x] Acc: 1.0000, F1: 1.0000, Time: 0.10s
      -> [RNN + Jittering @ 5x] Acc: 0.8667, F1: 0.8603, Time: 0.97s
    [=== Generating 10x synthetic data with Jittering ===]
      -> [KNN + Jittering @ 10x] Acc: 1.0000, F1: 1.0000, Time: 0.15s
      -> [RandomForest + Jittering @ 10x] Acc: 1.0000, F1: 1.0000, Time: 5.12s
      -> [LinearSVC + Jittering @ 10x] Acc: 0.9800, F1: 0.9799, Time: 0.30s
      -> [LogisticRegression + Jittering @ 10x] Acc: 1.0000, F1: 1.0000, Time: 0.19s
      -> [RNN + Jittering @ 10x] Acc: 0.9333, F1: 0.9270, Time: 1.95s
    [=== Generating 2x synthetic data with Scaling ===]
      -> [KNN + Scaling @ 2x] Acc: 1.0000, F1: 1.0000, Time: 0.07s
      -> [RandomForest + Scaling @ 2x] Acc: 1.0000, F1: 1.0000, Time: 0.72s
      -> [LinearSVC + Scaling @ 2x] Acc: 0.9760, F1: 0.9759, Time: 0.05s
      -> [LogisticRegression + Scaling @ 2x] Acc: 1.0000, F1: 1.0000, Time: 0.06s
      -> [RNN + Scaling @ 2x] Acc: 0.7333, F1: 0.6698, Time: 0.39s
    [=== Generating 3x synthetic data with Scaling ===]
      -> [KNN + Scaling @ 3x] Acc: 1.0000, F1: 1.0000, Time: 0.09s
      -> [RandomForest + Scaling @ 3x] Acc: 1.0000, F1: 1.0000, Time: 1.18s
      -> [LinearSVC + Scaling @ 3x] Acc: 0.9707, F1: 0.9704, Time: 0.08s
      -> [LogisticRegression + Scaling @ 3x] Acc: 1.0000, F1: 1.0000, Time: 0.09s
      -> [RNN + Scaling @ 3x] Acc: 1.0000, F1: 1.0000, Time: 0.48s
    [=== Generating 5x synthetic data with Scaling ===]
      -> [KNN + Scaling @ 5x] Acc: 1.0000, F1: 1.0000, Time: 0.10s
      -> [RandomForest + Scaling @ 5x] Acc: 1.0000, F1: 1.0000, Time: 2.07s
      -> [LinearSVC + Scaling @ 5x] Acc: 0.9787, F1: 0.9784, Time: 0.13s
      -> [LogisticRegression + Scaling @ 5x] Acc: 1.0000, F1: 1.0000, Time: 0.23s
      -> [RNN + Scaling @ 5x] Acc: 1.0000, F1: 1.0000, Time: 0.75s
    [=== Generating 10x synthetic data with Scaling ===]
      -> [KNN + Scaling @ 10x] Acc: 1.0000, F1: 1.0000, Time: 0.14s
      -> [RandomForest + Scaling @ 10x] Acc: 1.0000, F1: 1.0000, Time: 4.53s
      -> [LinearSVC + Scaling @ 10x] Acc: 0.9773, F1: 0.9773, Time: 0.25s
      -> [LogisticRegression + Scaling @ 10x] Acc: 1.0000, F1: 1.0000, Time: 0.28s
      -> [RNN + Scaling @ 10x] Acc: 0.9333, F1: 0.9270, Time: 1.45s
    [=== Generating 2x synthetic data with Magnitude_Warping ===]
      -> [KNN + Magnitude_Warping @ 2x] Acc: 1.0000, F1: 1.0000, Time: 0.07s
      -> [RandomForest + Magnitude_Warping @ 2x] Acc: 1.0000, F1: 1.0000, Time: 0.90s
      -> [LinearSVC + Magnitude_Warping @ 2x] Acc: 0.9840, F1: 0.9838, Time: 0.05s
      -> [LogisticRegression + Magnitude_Warping @ 2x] Acc: 1.0000, F1: 1.0000, Time: 0.16s
      -> [RNN + Magnitude_Warping @ 2x] Acc: 0.6667, F1: 0.6254, Time: 0.31s
    [=== Generating 3x synthetic data with Magnitude_Warping ===]
      -> [KNN + Magnitude_Warping @ 3x] Acc: 1.0000, F1: 1.0000, Time: 0.08s
      -> [RandomForest + Magnitude_Warping @ 3x] Acc: 1.0000, F1: 1.0000, Time: 1.56s
      -> [LinearSVC + Magnitude_Warping @ 3x] Acc: 0.9800, F1: 0.9798, Time: 0.07s
      -> [LogisticRegression + Magnitude_Warping @ 3x] Acc: 1.0000, F1: 1.0000, Time: 0.25s
      -> [RNN + Magnitude_Warping @ 3x] Acc: 0.9333, F1: 0.9289, Time: 0.47s
    [=== Generating 5x synthetic data with Magnitude_Warping ===]
      -> [KNN + Magnitude_Warping @ 5x] Acc: 1.0000, F1: 1.0000, Time: 0.10s
      -> [RandomForest + Magnitude_Warping @ 5x] Acc: 1.0000, F1: 1.0000, Time: 2.84s
      -> [LinearSVC + Magnitude_Warping @ 5x] Acc: 0.9727, F1: 0.9723, Time: 0.12s
      -> [LogisticRegression + Magnitude_Warping @ 5x] Acc: 1.0000, F1: 1.0000, Time: 0.42s
      -> [RNN + Magnitude_Warping @ 5x] Acc: 0.8000, F1: 0.7429, Time: 0.77s
    [=== Generating 10x synthetic data with Magnitude_Warping ===]
      -> [KNN + Magnitude_Warping @ 10x] Acc: 0.9987, F1: 0.9987, Time: 0.14s
      -> [RandomForest + Magnitude_Warping @ 10x] Acc: 1.0000, F1: 1.0000, Time: 6.50s
      -> [LinearSVC + Magnitude_Warping @ 10x] Acc: 0.9727, F1: 0.9723, Time: 0.24s
      -> [LogisticRegression + Magnitude_Warping @ 10x] Acc: 1.0000, F1: 1.0000, Time: 0.80s
      -> [RNN + Magnitude_Warping @ 10x] Acc: 1.0000, F1: 1.0000, Time: 1.46s
    [=== Generating 2x synthetic data with Time_Warping ===]
      -> [KNN + Time_Warping @ 2x] Acc: 1.0000, F1: 1.0000, Time: 0.07s
      -> [RandomForest + Time_Warping @ 2x] Acc: 1.0000, F1: 1.0000, Time: 0.68s
      -> [LinearSVC + Time_Warping @ 2x] Acc: 0.9407, F1: 0.9399, Time: 0.05s
      -> [LogisticRegression + Time_Warping @ 2x] Acc: 1.0000, F1: 1.0000, Time: 0.05s
      -> [RNN + Time_Warping @ 2x] Acc: 0.6667, F1: 0.6603, Time: 0.31s
    [=== Generating 3x synthetic data with Time_Warping ===]
      -> [KNN + Time_Warping @ 3x] Acc: 1.0000, F1: 1.0000, Time: 0.08s
      -> [RandomForest + Time_Warping @ 3x] Acc: 0.9947, F1: 0.9947, Time: 1.13s
      -> [LinearSVC + Time_Warping @ 3x] Acc: 0.9547, F1: 0.9543, Time: 0.06s
      -> [LogisticRegression + Time_Warping @ 3x] Acc: 1.0000, F1: 1.0000, Time: 0.07s
      -> [RNN + Time_Warping @ 3x] Acc: 0.7333, F1: 0.6698, Time: 0.46s
    [=== Generating 5x synthetic data with Time_Warping ===]
      -> [KNN + Time_Warping @ 5x] Acc: 1.0000, F1: 1.0000, Time: 0.10s
      -> [RandomForest + Time_Warping @ 5x] Acc: 0.9980, F1: 0.9980, Time: 1.94s
      -> [LinearSVC + Time_Warping @ 5x] Acc: 0.9353, F1: 0.9348, Time: 0.11s
      -> [LogisticRegression + Time_Warping @ 5x] Acc: 1.0000, F1: 1.0000, Time: 0.11s
      -> [RNN + Time_Warping @ 5x] Acc: 0.4000, F1: 0.3011, Time: 0.75s
    [=== Generating 10x synthetic data with Time_Warping ===]
      -> [KNN + Time_Warping @ 10x] Acc: 1.0000, F1: 1.0000, Time: 0.16s
      -> [RandomForest + Time_Warping @ 10x] Acc: 1.0000, F1: 1.0000, Time: 4.27s
      -> [LinearSVC + Time_Warping @ 10x] Acc: 0.9127, F1: 0.9122, Time: 0.21s
      -> [LogisticRegression + Time_Warping @ 10x] Acc: 1.0000, F1: 1.0000, Time: 0.23s
      -> [RNN + Time_Warping @ 10x] Acc: 0.8667, F1: 0.8167, Time: 1.44s
    [=== Generating 2x synthetic data with SMOTE ===]
      -> [KNN + SMOTE @ 2x] Acc: 1.0000, F1: 1.0000, Time: 0.07s
      -> [RandomForest + SMOTE @ 2x] Acc: 1.0000, F1: 1.0000, Time: 0.67s
      -> [LinearSVC + SMOTE @ 2x] Acc: 0.9840, F1: 0.9840, Time: 0.05s
      -> [LogisticRegression + SMOTE @ 2x] Acc: 1.0000, F1: 1.0000, Time: 0.04s
      -> [RNN + SMOTE @ 2x] Acc: 0.6000, F1: 0.4548, Time: 0.31s
    [=== Generating 3x synthetic data with SMOTE ===]
      -> [KNN + SMOTE @ 3x] Acc: 1.0000, F1: 1.0000, Time: 0.08s
      -> [RandomForest + SMOTE @ 3x] Acc: 1.0000, F1: 1.0000, Time: 1.09s
      -> [LinearSVC + SMOTE @ 3x] Acc: 0.9767, F1: 0.9767, Time: 0.08s
      -> [LogisticRegression + SMOTE @ 3x] Acc: 1.0000, F1: 1.0000, Time: 0.05s
      -> [RNN + SMOTE @ 3x] Acc: 0.9333, F1: 0.9333, Time: 0.45s
    [=== Generating 5x synthetic data with SMOTE ===]
      -> [KNN + SMOTE @ 5x] Acc: 1.0000, F1: 1.0000, Time: 0.09s
      -> [RandomForest + SMOTE @ 5x] Acc: 1.0000, F1: 1.0000, Time: 1.91s
      -> [LinearSVC + SMOTE @ 5x] Acc: 0.9773, F1: 0.9774, Time: 0.14s
      -> [LogisticRegression + SMOTE @ 5x] Acc: 1.0000, F1: 1.0000, Time: 0.09s
      -> [RNN + SMOTE @ 5x] Acc: 0.9333, F1: 0.9289, Time: 0.75s
    [=== Generating 10x synthetic data with SMOTE ===]
      -> [KNN + SMOTE @ 10x] Acc: 1.0000, F1: 1.0000, Time: 0.14s
      -> [RandomForest + SMOTE @ 10x] Acc: 1.0000, F1: 1.0000, Time: 4.30s
      -> [LinearSVC + SMOTE @ 10x] Acc: 0.9767, F1: 0.9767, Time: 0.29s
      -> [LogisticRegression + SMOTE @ 10x] Acc: 1.0000, F1: 1.0000, Time: 0.17s
      -> [RNN + SMOTE @ 10x] Acc: 1.0000, F1: 1.0000, Time: 1.59s
    [=== Generating 2x synthetic data with ADASYN ===]
      [!] Failed generation with ADASYN at 2x: Not any neigbours belong to the majority class. This case will induce a NaN case with a division by zero. ADASYN is not suited for this specific dataset. Use SMOTE instead.
    [=== Generating 3x synthetic data with ADASYN ===]
      [!] Failed generation with ADASYN at 3x: Not any neigbours belong to the majority class. This case will induce a NaN case with a division by zero. ADASYN is not suited for this specific dataset. Use SMOTE instead.
    [=== Generating 5x synthetic data with ADASYN ===]
      [!] Failed generation with ADASYN at 5x: Not any neigbours belong to the majority class. This case will induce a NaN case with a division by zero. ADASYN is not suited for this specific dataset. Use SMOTE instead.
    [=== Generating 10x synthetic data with ADASYN ===]
      [!] Failed generation with ADASYN at 10x: Not any neigbours belong to the majority class. This case will induce a NaN case with a division by zero. ADASYN is not suited for this specific dataset. Use SMOTE instead.
    [=== Generating 2x synthetic data with Mixup ===]
      -> [KNN + Mixup @ 2x] Acc: 1.0000, F1: 1.0000, Time: 0.07s
      -> [RandomForest + Mixup @ 2x] Acc: 1.0000, F1: 1.0000, Time: 0.65s
      -> [LinearSVC + Mixup @ 2x] Acc: 0.9793, F1: 0.9793, Time: 0.06s
      -> [LogisticRegression + Mixup @ 2x] Acc: 1.0000, F1: 1.0000, Time: 0.04s
      -> [RNN + Mixup @ 2x] Acc: 0.6667, F1: 0.5714, Time: 0.31s
    [=== Generating 3x synthetic data with Mixup ===]
      -> [KNN + Mixup @ 3x] Acc: 1.0000, F1: 1.0000, Time: 0.08s
      -> [RandomForest + Mixup @ 3x] Acc: 1.0000, F1: 1.0000, Time: 1.03s
      -> [LinearSVC + Mixup @ 3x] Acc: 0.9773, F1: 0.9773, Time: 0.08s
      -> [LogisticRegression + Mixup @ 3x] Acc: 1.0000, F1: 1.0000, Time: 0.06s
      -> [RNN + Mixup @ 3x] Acc: 0.8667, F1: 0.8603, Time: 0.45s
    [=== Generating 5x synthetic data with Mixup ===]
      -> [KNN + Mixup @ 5x] Acc: 1.0000, F1: 1.0000, Time: 0.09s
      -> [RandomForest + Mixup @ 5x] Acc: 1.0000, F1: 1.0000, Time: 1.79s
      -> [LinearSVC + Mixup @ 5x] Acc: 0.9773, F1: 0.9773, Time: 0.14s
      -> [LogisticRegression + Mixup @ 5x] Acc: 1.0000, F1: 1.0000, Time: 0.09s
      -> [RNN + Mixup @ 5x] Acc: 1.0000, F1: 1.0000, Time: 0.76s
    [=== Generating 10x synthetic data with Mixup ===]
      -> [KNN + Mixup @ 10x] Acc: 1.0000, F1: 1.0000, Time: 0.14s
      -> [RandomForest + Mixup @ 10x] Acc: 1.0000, F1: 1.0000, Time: 3.79s
      -> [LinearSVC + Mixup @ 10x] Acc: 0.9807, F1: 0.9807, Time: 0.28s
      -> [LogisticRegression + Mixup @ 10x] Acc: 1.0000, F1: 1.0000, Time: 0.17s
      -> [RNN + Mixup @ 10x] Acc: 1.0000, F1: 1.0000, Time: 1.44s
    [=== Generating 2x synthetic data with GMM ===]
      -> [KNN + GMM @ 2x] Acc: 1.0000, F1: 1.0000, Time: 0.07s
      -> [RandomForest + GMM @ 2x] Acc: 0.9960, F1: 0.9960, Time: 0.77s
      -> [LinearSVC + GMM @ 2x] Acc: 0.9747, F1: 0.9745, Time: 0.06s
      -> [LogisticRegression + GMM @ 2x] Acc: 1.0000, F1: 1.0000, Time: 0.04s
      -> [RNN + GMM @ 2x] Acc: 0.8000, F1: 0.7556, Time: 0.30s
    [=== Generating 3x synthetic data with GMM ===]
      -> [KNN + GMM @ 3x] Acc: 1.0000, F1: 1.0000, Time: 0.08s
      -> [RandomForest + GMM @ 3x] Acc: 1.0000, F1: 1.0000, Time: 1.24s
      -> [LinearSVC + GMM @ 3x] Acc: 0.9773, F1: 0.9772, Time: 0.09s
      -> [LogisticRegression + GMM @ 3x] Acc: 1.0000, F1: 1.0000, Time: 0.06s
      -> [RNN + GMM @ 3x] Acc: 0.9333, F1: 0.9270, Time: 0.46s
    [=== Generating 5x synthetic data with GMM ===]
      -> [KNN + GMM @ 5x] Acc: 1.0000, F1: 1.0000, Time: 0.10s
      -> [RandomForest + GMM @ 5x] Acc: 1.0000, F1: 1.0000, Time: 2.26s
      -> [LinearSVC + GMM @ 5x] Acc: 0.9807, F1: 0.9806, Time: 0.14s
      -> [LogisticRegression + GMM @ 5x] Acc: 1.0000, F1: 1.0000, Time: 0.10s
      -> [RNN + GMM @ 5x] Acc: 0.9333, F1: 0.9270, Time: 0.76s
    [=== Generating 10x synthetic data with GMM ===]
      -> [KNN + GMM @ 10x] Acc: 1.0000, F1: 1.0000, Time: 0.14s
      -> [RandomForest + GMM @ 10x] Acc: 1.0000, F1: 1.0000, Time: 5.01s
      -> [LinearSVC + GMM @ 10x] Acc: 0.9800, F1: 0.9799, Time: 0.28s
      -> [LogisticRegression + GMM @ 10x] Acc: 1.0000, F1: 1.0000, Time: 0.19s
      -> [RNN + GMM @ 10x] Acc: 1.0000, F1: 1.0000, Time: 1.45s
    [=== Generating 2x synthetic data with HMM_GMM ===]
      -> [KNN + HMM_GMM @ 2x] Acc: 1.0000, F1: 1.0000, Time: 0.07s
      -> [RandomForest + HMM_GMM @ 2x] Acc: 0.9987, F1: 0.9987, Time: 0.48s
      -> [LinearSVC + HMM_GMM @ 2x] Acc: 0.8860, F1: 0.8852, Time: 0.05s
      -> [LogisticRegression + HMM_GMM @ 2x] Acc: 0.9993, F1: 0.9993, Time: 0.05s
      -> [RNN + HMM_GMM @ 2x] Acc: 0.8000, F1: 0.7429, Time: 0.31s
    [=== Generating 3x synthetic data with HMM_GMM ===]
      -> [KNN + HMM_GMM @ 3x] Acc: 1.0000, F1: 1.0000, Time: 0.08s
      -> [RandomForest + HMM_GMM @ 3x] Acc: 0.9953, F1: 0.9953, Time: 0.59s
      -> [LinearSVC + HMM_GMM @ 3x] Acc: 0.8640, F1: 0.8600, Time: 0.07s
      -> [LogisticRegression + HMM_GMM @ 3x] Acc: 0.9993, F1: 0.9993, Time: 0.07s
      -> [RNN + HMM_GMM @ 3x] Acc: 0.7333, F1: 0.6889, Time: 0.46s
    [=== Generating 5x synthetic data with HMM_GMM ===]
      -> [KNN + HMM_GMM @ 5x] Acc: 1.0000, F1: 1.0000, Time: 0.09s
      -> [RandomForest + HMM_GMM @ 5x] Acc: 0.9953, F1: 0.9953, Time: 0.78s
      -> [LinearSVC + HMM_GMM @ 5x] Acc: 0.8373, F1: 0.8320, Time: 0.12s
      -> [LogisticRegression + HMM_GMM @ 5x] Acc: 0.9993, F1: 0.9993, Time: 0.11s
      -> [RNN + HMM_GMM @ 5x] Acc: 0.8000, F1: 0.7429, Time: 0.77s
    [=== Generating 10x synthetic data with HMM_GMM ===]
      -> [KNN + HMM_GMM @ 10x] Acc: 1.0000, F1: 1.0000, Time: 0.14s
      -> [RandomForest + HMM_GMM @ 10x] Acc: 0.9933, F1: 0.9933, Time: 1.29s
      -> [LinearSVC + HMM_GMM @ 10x] Acc: 0.8107, F1: 0.8051, Time: 0.23s
      -> [LogisticRegression + HMM_GMM @ 10x] Acc: 0.9993, F1: 0.9993, Time: 0.25s
      -> [RNN + HMM_GMM @ 10x] Acc: 0.8667, F1: 0.8711, Time: 1.48s
No results to plot for Brewed_vinegar_F1_S10.
