Starting Brewed_vinegar - Seed 1 - Fold 9


==================================================
Running experiment for Brewed_vinegar
==================================================

--- Fold 9/10 ---

  >> Seed sets per label: 1

    >> Seed Fold Selection: 1/10
    Evaluating Model: KNN
      -> [Baseline] Acc: 0.9900, F1: 0.9900, Time: 0.07s
      HP Tuning KNN...
n_iterations: 3
n_required_iterations: 3
n_possible_iterations: 3
min_resources_: 24
max_resources_: 600
aggressive_elimination: False
factor: 3
----------
iter: 0
n_candidates: 20
n_resources: 24
Fitting 2 folds for each of 20 candidates, totalling 40 fits
----------
iter: 1
n_candidates: 7
n_resources: 72
Fitting 2 folds for each of 7 candidates, totalling 14 fits
----------
iter: 2
n_candidates: 3
n_resources: 216
Fitting 2 folds for each of 3 candidates, totalling 6 fits
      -> [Tuned_Baseline] Acc: 0.9913, F1: 0.9913, Time: 0.01s
    Evaluating Model: RandomForest
      -> [Baseline] Acc: 0.9740, F1: 0.9742, Time: 0.24s
      HP Tuning RandomForest...
n_iterations: 3
n_required_iterations: 3
n_possible_iterations: 3
min_resources_: 24
max_resources_: 600
aggressive_elimination: False
factor: 3
----------
iter: 0
n_candidates: 20
n_resources: 24
Fitting 2 folds for each of 20 candidates, totalling 40 fits
----------
iter: 1
n_candidates: 7
n_resources: 72
Fitting 2 folds for each of 7 candidates, totalling 14 fits
----------
iter: 2
n_candidates: 3
n_resources: 216
Fitting 2 folds for each of 3 candidates, totalling 6 fits
      -> [Tuned_Baseline] Acc: 0.9740, F1: 0.9742, Time: 0.01s
    Evaluating Model: LinearSVC
      -> [Baseline] Acc: 0.9013, F1: 0.9000, Time: 0.01s
      HP Tuning LinearSVC...
n_iterations: 3
n_required_iterations: 3
n_possible_iterations: 3
min_resources_: 24
max_resources_: 600
aggressive_elimination: False
factor: 3
----------
iter: 0
n_candidates: 20
n_resources: 24
Fitting 2 folds for each of 20 candidates, totalling 40 fits
----------
iter: 1
n_candidates: 7
n_resources: 72
Fitting 2 folds for each of 7 candidates, totalling 14 fits
----------
iter: 2
n_candidates: 3
n_resources: 216
Fitting 2 folds for each of 3 candidates, totalling 6 fits
      -> [Tuned_Baseline] Acc: 0.8553, F1: 0.8482, Time: 0.00s
    Evaluating Model: LogisticRegression
      -> [Baseline] Acc: 0.9913, F1: 0.9914, Time: 0.03s
      HP Tuning LogisticRegression...
n_iterations: 3
n_required_iterations: 3
n_possible_iterations: 3
min_resources_: 24
max_resources_: 600
aggressive_elimination: False
factor: 3
----------
iter: 0
n_candidates: 12
n_resources: 24
Fitting 2 folds for each of 12 candidates, totalling 24 fits
----------
iter: 1
n_candidates: 4
n_resources: 72
Fitting 2 folds for each of 4 candidates, totalling 8 fits
----------
iter: 2
n_candidates: 2
n_resources: 216
Fitting 2 folds for each of 2 candidates, totalling 4 fits
      -> [Tuned_Baseline] Acc: 0.9980, F1: 0.9980, Time: 0.00s
    Evaluating Model: RNN
      -> [Baseline] Acc: 0.6667, F1: 0.5710, Time: 3.17s
      -> [Tuned_Baseline] Acc: 0.6667, F1: 0.5710, Time: 0.00s
    [=== Generating 2x synthetic data with Jittering ===]
      -> [KNN + Jittering @ 2x] Acc: 0.9973, F1: 0.9973, Time: 0.02s
      -> [RandomForest + Jittering @ 2x] Acc: 0.9833, F1: 0.9835, Time: 0.39s
      -> [LinearSVC + Jittering @ 2x] Acc: 0.8760, F1: 0.8728, Time: 0.03s
      -> [LogisticRegression + Jittering @ 2x] Acc: 0.9980, F1: 0.9980, Time: 0.04s
      -> [RNN + Jittering @ 2x] Acc: 0.4000, F1: 0.2700, Time: 0.12s
    [=== Generating 3x synthetic data with Jittering ===]
      -> [KNN + Jittering @ 3x] Acc: 0.9993, F1: 0.9993, Time: 0.03s
      -> [RandomForest + Jittering @ 3x] Acc: 0.9833, F1: 0.9834, Time: 0.44s
      -> [LinearSVC + Jittering @ 3x] Acc: 0.8820, F1: 0.8819, Time: 0.04s
      -> [LogisticRegression + Jittering @ 3x] Acc: 0.9993, F1: 0.9993, Time: 0.08s
      -> [RNN + Jittering @ 3x] Acc: 0.6000, F1: 0.5048, Time: 0.27s
    [=== Generating 5x synthetic data with Jittering ===]
      -> [KNN + Jittering @ 5x] Acc: 1.0000, F1: 1.0000, Time: 0.03s
      -> [RandomForest + Jittering @ 5x] Acc: 0.9820, F1: 0.9821, Time: 0.70s
      -> [LinearSVC + Jittering @ 5x] Acc: 0.8860, F1: 0.8849, Time: 0.08s
      -> [LogisticRegression + Jittering @ 5x] Acc: 1.0000, F1: 1.0000, Time: 0.07s
      -> [RNN + Jittering @ 5x] Acc: 0.6667, F1: 0.5651, Time: 0.14s
    [=== Generating 10x synthetic data with Jittering ===]
      -> [KNN + Jittering @ 10x] Acc: 0.9987, F1: 0.9987, Time: 0.05s
      -> [RandomForest + Jittering @ 10x] Acc: 0.9873, F1: 0.9874, Time: 1.26s
      -> [LinearSVC + Jittering @ 10x] Acc: 0.8700, F1: 0.8741, Time: 0.08s
      -> [LogisticRegression + Jittering @ 10x] Acc: 1.0000, F1: 1.0000, Time: 0.05s
      -> [RNN + Jittering @ 10x] Acc: 0.5333, F1: 0.3962, Time: 0.27s
    [=== Generating 2x synthetic data with Scaling ===]
      -> [KNN + Scaling @ 2x] Acc: 0.9973, F1: 0.9973, Time: 0.01s
      -> [RandomForest + Scaling @ 2x] Acc: 0.9727, F1: 0.9732, Time: 0.41s
      -> [LinearSVC + Scaling @ 2x] Acc: 0.8320, F1: 0.8167, Time: 0.02s
      -> [LogisticRegression + Scaling @ 2x] Acc: 1.0000, F1: 1.0000, Time: 0.06s
      -> [RNN + Scaling @ 2x] Acc: 0.5333, F1: 0.3900, Time: 0.24s
    [=== Generating 3x synthetic data with Scaling ===]
      -> [KNN + Scaling @ 3x] Acc: 0.9980, F1: 0.9980, Time: 0.03s
      -> [RandomForest + Scaling @ 3x] Acc: 0.9840, F1: 0.9841, Time: 0.45s
      -> [LinearSVC + Scaling @ 3x] Acc: 0.9040, F1: 0.9020, Time: 0.04s
      -> [LogisticRegression + Scaling @ 3x] Acc: 1.0000, F1: 1.0000, Time: 0.06s
      -> [RNN + Scaling @ 3x] Acc: 0.6000, F1: 0.4700, Time: 0.25s
    [=== Generating 5x synthetic data with Scaling ===]
      -> [KNN + Scaling @ 5x] Acc: 1.0000, F1: 1.0000, Time: 0.03s
      -> [RandomForest + Scaling @ 5x] Acc: 0.9867, F1: 0.9867, Time: 0.61s
      -> [LinearSVC + Scaling @ 5x] Acc: 0.8560, F1: 0.8580, Time: 0.08s
      -> [LogisticRegression + Scaling @ 5x] Acc: 0.9940, F1: 0.9940, Time: 0.09s
      -> [RNN + Scaling @ 5x] Acc: 0.4667, F1: 0.3448, Time: 0.27s
    [=== Generating 10x synthetic data with Scaling ===]
      -> [KNN + Scaling @ 10x] Acc: 0.9887, F1: 0.9886, Time: 0.04s
      -> [RandomForest + Scaling @ 10x] Acc: 0.9813, F1: 0.9815, Time: 1.75s
      -> [LinearSVC + Scaling @ 10x] Acc: 0.8733, F1: 0.8670, Time: 0.20s
      -> [LogisticRegression + Scaling @ 10x] Acc: 1.0000, F1: 1.0000, Time: 0.16s
      -> [RNN + Scaling @ 10x] Acc: 0.5333, F1: 0.3722, Time: 0.26s
    [=== Generating 2x synthetic data with Magnitude_Warping ===]
      -> [KNN + Magnitude_Warping @ 2x] Acc: 0.9940, F1: 0.9940, Time: 0.01s
      -> [RandomForest + Magnitude_Warping @ 2x] Acc: 0.9820, F1: 0.9821, Time: 0.33s
      -> [LinearSVC + Magnitude_Warping @ 2x] Acc: 0.8333, F1: 0.8333, Time: 0.02s
      -> [LogisticRegression + Magnitude_Warping @ 2x] Acc: 0.9767, F1: 0.9763, Time: 0.03s
      -> [RNN + Magnitude_Warping @ 2x] Acc: 0.4000, F1: 0.2711, Time: 0.11s
    [=== Generating 3x synthetic data with Magnitude_Warping ===]
      -> [KNN + Magnitude_Warping @ 3x] Acc: 0.9960, F1: 0.9960, Time: 0.03s
      -> [RandomForest + Magnitude_Warping @ 3x] Acc: 0.9740, F1: 0.9742, Time: 0.65s
      -> [LinearSVC + Magnitude_Warping @ 3x] Acc: 0.8700, F1: 0.8716, Time: 0.03s
      -> [LogisticRegression + Magnitude_Warping @ 3x] Acc: 0.9920, F1: 0.9920, Time: 0.11s
      -> [RNN + Magnitude_Warping @ 3x] Acc: 0.4000, F1: 0.2423, Time: 0.32s
    [=== Generating 5x synthetic data with Magnitude_Warping ===]
      -> [KNN + Magnitude_Warping @ 5x] Acc: 0.9887, F1: 0.9887, Time: 0.04s
      -> [RandomForest + Magnitude_Warping @ 5x] Acc: 0.9640, F1: 0.9644, Time: 0.71s
      -> [LinearSVC + Magnitude_Warping @ 5x] Acc: 0.8540, F1: 0.8445, Time: 0.05s
      -> [LogisticRegression + Magnitude_Warping @ 5x] Acc: 1.0000, F1: 1.0000, Time: 0.08s
      -> [RNN + Magnitude_Warping @ 5x] Acc: 0.5333, F1: 0.3980, Time: 0.26s
    [=== Generating 10x synthetic data with Magnitude_Warping ===]
      -> [KNN + Magnitude_Warping @ 10x] Acc: 0.9967, F1: 0.9967, Time: 0.03s
      -> [RandomForest + Magnitude_Warping @ 10x] Acc: 0.9853, F1: 0.9854, Time: 1.77s
      -> [LinearSVC + Magnitude_Warping @ 10x] Acc: 0.8713, F1: 0.8677, Time: 0.24s
      -> [LogisticRegression + Magnitude_Warping @ 10x] Acc: 1.0000, F1: 1.0000, Time: 0.23s
      -> [RNN + Magnitude_Warping @ 10x] Acc: 0.6667, F1: 0.6044, Time: 0.26s
    [=== Generating 2x synthetic data with Time_Warping ===]
      -> [KNN + Time_Warping @ 2x] Acc: 0.9913, F1: 0.9913, Time: 0.03s
      -> [RandomForest + Time_Warping @ 2x] Acc: 0.9720, F1: 0.9722, Time: 0.32s
      -> [LinearSVC + Time_Warping @ 2x] Acc: 0.7660, F1: 0.7433, Time: 0.02s
      -> [LogisticRegression + Time_Warping @ 2x] Acc: 1.0000, F1: 1.0000, Time: 0.02s
      -> [RNN + Time_Warping @ 2x] Acc: 0.6667, F1: 0.5810, Time: 0.21s
    [=== Generating 3x synthetic data with Time_Warping ===]
      -> [KNN + Time_Warping @ 3x] Acc: 0.9887, F1: 0.9886, Time: 0.02s
      -> [RandomForest + Time_Warping @ 3x] Acc: 0.9593, F1: 0.9597, Time: 0.65s
      -> [LinearSVC + Time_Warping @ 3x] Acc: 0.7967, F1: 0.7695, Time: 0.06s
      -> [LogisticRegression + Time_Warping @ 3x] Acc: 0.9667, F1: 0.9656, Time: 0.06s
      -> [RNN + Time_Warping @ 3x] Acc: 0.4000, F1: 0.3580, Time: 0.25s
    [=== Generating 5x synthetic data with Time_Warping ===]
      -> [KNN + Time_Warping @ 5x] Acc: 0.9907, F1: 0.9906, Time: 0.05s
      -> [RandomForest + Time_Warping @ 5x] Acc: 0.9680, F1: 0.9682, Time: 1.21s
      -> [LinearSVC + Time_Warping @ 5x] Acc: 0.8967, F1: 0.8953, Time: 0.11s
      -> [LogisticRegression + Time_Warping @ 5x] Acc: 1.0000, F1: 1.0000, Time: 0.08s
      -> [RNN + Time_Warping @ 5x] Acc: 0.4000, F1: 0.2700, Time: 0.21s
    [=== Generating 10x synthetic data with Time_Warping ===]
      -> [KNN + Time_Warping @ 10x] Acc: 0.9920, F1: 0.9920, Time: 0.04s
      -> [RandomForest + Time_Warping @ 10x] Acc: 0.9640, F1: 0.9642, Time: 1.09s
      -> [LinearSVC + Time_Warping @ 10x] Acc: 0.7593, F1: 0.7179, Time: 0.12s
      -> [LogisticRegression + Time_Warping @ 10x] Acc: 1.0000, F1: 1.0000, Time: 0.05s
      -> [RNN + Time_Warping @ 10x] Acc: 0.5333, F1: 0.3980, Time: 0.26s

    >> Seed Fold Selection: 2/10
    Evaluating Model: KNN
      -> [Baseline] Acc: 0.9840, F1: 0.9840, Time: 0.07s
      HP Tuning KNN...
n_iterations: 3
n_required_iterations: 3
n_possible_iterations: 3
min_resources_: 24
max_resources_: 600
aggressive_elimination: False
factor: 3
----------
iter: 0
n_candidates: 20
n_resources: 24
Fitting 2 folds for each of 20 candidates, totalling 40 fits
----------
iter: 1
n_candidates: 7
n_resources: 72
Fitting 2 folds for each of 7 candidates, totalling 14 fits
----------
iter: 2
n_candidates: 3
n_resources: 216
Fitting 2 folds for each of 3 candidates, totalling 6 fits
      -> [Tuned_Baseline] Acc: 0.9620, F1: 0.9627, Time: 0.01s
    Evaluating Model: RandomForest
      -> [Baseline] Acc: 0.9740, F1: 0.9743, Time: 0.37s
      HP Tuning RandomForest...
n_iterations: 3
n_required_iterations: 3
n_possible_iterations: 3
min_resources_: 24
max_resources_: 600
aggressive_elimination: False
factor: 3
----------
iter: 0
n_candidates: 20
n_resources: 24
Fitting 2 folds for each of 20 candidates, totalling 40 fits
----------
iter: 1
n_candidates: 7
n_resources: 72
Fitting 2 folds for each of 7 candidates, totalling 14 fits
----------
iter: 2
n_candidates: 3
n_resources: 216
Fitting 2 folds for each of 3 candidates, totalling 6 fits
      -> [Tuned_Baseline] Acc: 0.9740, F1: 0.9743, Time: 0.01s
    Evaluating Model: LinearSVC
      -> [Baseline] Acc: 0.7787, F1: 0.7661, Time: 0.01s
      HP Tuning LinearSVC...
n_iterations: 3
n_required_iterations: 3
n_possible_iterations: 3
min_resources_: 24
max_resources_: 600
aggressive_elimination: False
factor: 3
----------
iter: 0
n_candidates: 20
n_resources: 24
Fitting 2 folds for each of 20 candidates, totalling 40 fits
----------
iter: 1
n_candidates: 7
n_resources: 72
Fitting 2 folds for each of 7 candidates, totalling 14 fits
----------
iter: 2
n_candidates: 3
n_resources: 216
Fitting 2 folds for each of 3 candidates, totalling 6 fits
      -> [Tuned_Baseline] Acc: 0.7327, F1: 0.7346, Time: 0.00s
    Evaluating Model: LogisticRegression
      -> [Baseline] Acc: 0.9007, F1: 0.8997, Time: 0.04s
      HP Tuning LogisticRegression...
n_iterations: 3
n_required_iterations: 3
n_possible_iterations: 3
min_resources_: 24
max_resources_: 600
aggressive_elimination: False
factor: 3
----------
iter: 0
n_candidates: 12
n_resources: 24
Fitting 2 folds for each of 12 candidates, totalling 24 fits
----------
iter: 1
n_candidates: 4
n_resources: 72
Fitting 2 folds for each of 4 candidates, totalling 8 fits
----------
iter: 2
n_candidates: 2
n_resources: 216
Fitting 2 folds for each of 2 candidates, totalling 4 fits
      -> [Tuned_Baseline] Acc: 0.9347, F1: 0.9336, Time: 0.00s
    Evaluating Model: RNN
      -> [Baseline] Acc: 0.5333, F1: 0.4248, Time: 0.24s
      -> [Tuned_Baseline] Acc: 0.5333, F1: 0.4248, Time: 0.00s
    [=== Generating 2x synthetic data with Jittering ===]
      -> [KNN + Jittering @ 2x] Acc: 0.9613, F1: 0.9621, Time: 0.03s
      -> [RandomForest + Jittering @ 2x] Acc: 0.9780, F1: 0.9782, Time: 0.66s
      -> [LinearSVC + Jittering @ 2x] Acc: 0.7753, F1: 0.7730, Time: 0.03s
      -> [LogisticRegression + Jittering @ 2x] Acc: 0.9440, F1: 0.9429, Time: 0.04s
      -> [RNN + Jittering @ 2x] Acc: 0.5333, F1: 0.4184, Time: 0.24s
    [=== Generating 3x synthetic data with Jittering ===]
      -> [KNN + Jittering @ 3x] Acc: 0.9673, F1: 0.9679, Time: 0.03s
      -> [RandomForest + Jittering @ 3x] Acc: 0.9760, F1: 0.9765, Time: 0.73s
      -> [LinearSVC + Jittering @ 3x] Acc: 0.7567, F1: 0.7542, Time: 0.02s
      -> [LogisticRegression + Jittering @ 3x] Acc: 0.9473, F1: 0.9463, Time: 0.03s
      -> [RNN + Jittering @ 3x] Acc: 0.6667, F1: 0.5822, Time: 0.12s
    [=== Generating 5x synthetic data with Jittering ===]
      -> [KNN + Jittering @ 5x] Acc: 0.9633, F1: 0.9644, Time: 0.02s
      -> [RandomForest + Jittering @ 5x] Acc: 0.9860, F1: 0.9862, Time: 0.62s
      -> [LinearSVC + Jittering @ 5x] Acc: 0.7380, F1: 0.7447, Time: 0.06s
      -> [LogisticRegression + Jittering @ 5x] Acc: 0.9453, F1: 0.9443, Time: 0.08s
      -> [RNN + Jittering @ 5x] Acc: 0.6000, F1: 0.4870, Time: 0.17s
    [=== Generating 10x synthetic data with Jittering ===]
      -> [KNN + Jittering @ 10x] Acc: 0.9640, F1: 0.9650, Time: 0.06s
      -> [RandomForest + Jittering @ 10x] Acc: 0.9993, F1: 0.9993, Time: 1.21s
      -> [LinearSVC + Jittering @ 10x] Acc: 0.7593, F1: 0.7720, Time: 0.06s
      -> [LogisticRegression + Jittering @ 10x] Acc: 0.9773, F1: 0.9772, Time: 0.06s
      -> [RNN + Jittering @ 10x] Acc: 0.7333, F1: 0.6389, Time: 0.54s
    [=== Generating 2x synthetic data with Scaling ===]
      -> [KNN + Scaling @ 2x] Acc: 0.9567, F1: 0.9573, Time: 0.03s
      -> [RandomForest + Scaling @ 2x] Acc: 0.9700, F1: 0.9701, Time: 0.32s
      -> [LinearSVC + Scaling @ 2x] Acc: 0.8013, F1: 0.7869, Time: 0.01s
      -> [LogisticRegression + Scaling @ 2x] Acc: 0.9367, F1: 0.9352, Time: 0.03s
      -> [RNN + Scaling @ 2x] Acc: 0.4667, F1: 0.4222, Time: 0.25s
    [=== Generating 3x synthetic data with Scaling ===]
      -> [KNN + Scaling @ 3x] Acc: 0.9480, F1: 0.9497, Time: 0.04s
      -> [RandomForest + Scaling @ 3x] Acc: 0.9753, F1: 0.9756, Time: 0.79s
      -> [LinearSVC + Scaling @ 3x] Acc: 0.7900, F1: 0.7848, Time: 0.02s
      -> [LogisticRegression + Scaling @ 3x] Acc: 0.9473, F1: 0.9462, Time: 0.03s
      -> [RNN + Scaling @ 3x] Acc: 0.5333, F1: 0.3872, Time: 0.26s
    [=== Generating 5x synthetic data with Scaling ===]
      -> [KNN + Scaling @ 5x] Acc: 0.9560, F1: 0.9574, Time: 0.04s
      -> [RandomForest + Scaling @ 5x] Acc: 0.9840, F1: 0.9841, Time: 1.12s
      -> [LinearSVC + Scaling @ 5x] Acc: 0.7573, F1: 0.7529, Time: 0.08s
      -> [LogisticRegression + Scaling @ 5x] Acc: 0.9833, F1: 0.9833, Time: 0.08s
      -> [RNN + Scaling @ 5x] Acc: 0.4667, F1: 0.3472, Time: 0.13s
    [=== Generating 10x synthetic data with Scaling ===]
      -> [KNN + Scaling @ 10x] Acc: 0.9533, F1: 0.9545, Time: 0.03s
      -> [RandomForest + Scaling @ 10x] Acc: 0.9873, F1: 0.9874, Time: 1.35s
      -> [LinearSVC + Scaling @ 10x] Acc: 0.7820, F1: 0.7885, Time: 0.09s
      -> [LogisticRegression + Scaling @ 10x] Acc: 0.9940, F1: 0.9940, Time: 0.08s
      -> [RNN + Scaling @ 10x] Acc: 0.6667, F1: 0.5714, Time: 0.27s
    [=== Generating 2x synthetic data with Magnitude_Warping ===]
      -> [KNN + Magnitude_Warping @ 2x] Acc: 0.9633, F1: 0.9639, Time: 0.02s
      -> [RandomForest + Magnitude_Warping @ 2x] Acc: 0.9647, F1: 0.9650, Time: 0.50s
      -> [LinearSVC + Magnitude_Warping @ 2x] Acc: 0.7520, F1: 0.7437, Time: 0.01s
      -> [LogisticRegression + Magnitude_Warping @ 2x] Acc: 0.9680, F1: 0.9676, Time: 0.03s
      -> [RNN + Magnitude_Warping @ 2x] Acc: 0.4000, F1: 0.2833, Time: 0.11s
    [=== Generating 3x synthetic data with Magnitude_Warping ===]
      -> [KNN + Magnitude_Warping @ 3x] Acc: 0.9600, F1: 0.9608, Time: 0.04s
      -> [RandomForest + Magnitude_Warping @ 3x] Acc: 0.9660, F1: 0.9664, Time: 0.44s
      -> [LinearSVC + Magnitude_Warping @ 3x] Acc: 0.8040, F1: 0.7871, Time: 0.03s
      -> [LogisticRegression + Magnitude_Warping @ 3x] Acc: 0.9840, F1: 0.9838, Time: 0.09s
      -> [RNN + Magnitude_Warping @ 3x] Acc: 0.4000, F1: 0.2637, Time: 0.26s
    [=== Generating 5x synthetic data with Magnitude_Warping ===]
      -> [KNN + Magnitude_Warping @ 5x] Acc: 0.9513, F1: 0.9529, Time: 0.02s
      -> [RandomForest + Magnitude_Warping @ 5x] Acc: 0.9793, F1: 0.9795, Time: 0.65s
      -> [LinearSVC + Magnitude_Warping @ 5x] Acc: 0.7853, F1: 0.7718, Time: 0.05s
      -> [LogisticRegression + Magnitude_Warping @ 5x] Acc: 0.9913, F1: 0.9913, Time: 0.07s
      -> [RNN + Magnitude_Warping @ 5x] Acc: 0.5333, F1: 0.3980, Time: 0.26s
    [=== Generating 10x synthetic data with Magnitude_Warping ===]
      -> [KNN + Magnitude_Warping @ 10x] Acc: 0.9387, F1: 0.9409, Time: 0.08s
      -> [RandomForest + Magnitude_Warping @ 10x] Acc: 0.9733, F1: 0.9738, Time: 1.44s
      -> [LinearSVC + Magnitude_Warping @ 10x] Acc: 0.7793, F1: 0.7694, Time: 0.10s
      -> [LogisticRegression + Magnitude_Warping @ 10x] Acc: 0.9907, F1: 0.9907, Time: 0.29s
      -> [RNN + Magnitude_Warping @ 10x] Acc: 0.8000, F1: 0.7437, Time: 0.55s
    [=== Generating 2x synthetic data with Time_Warping ===]
      -> [KNN + Time_Warping @ 2x] Acc: 0.9607, F1: 0.9615, Time: 0.04s
      -> [RandomForest + Time_Warping @ 2x] Acc: 0.9987, F1: 0.9987, Time: 0.47s
      -> [LinearSVC + Time_Warping @ 2x] Acc: 0.7647, F1: 0.7509, Time: 0.04s
      -> [LogisticRegression + Time_Warping @ 2x] Acc: 0.9340, F1: 0.9326, Time: 0.06s
      -> [RNN + Time_Warping @ 2x] Acc: 0.4000, F1: 0.2423, Time: 0.24s
    [=== Generating 3x synthetic data with Time_Warping ===]
      -> [KNN + Time_Warping @ 3x] Acc: 0.9620, F1: 0.9627, Time: 0.05s
      -> [RandomForest + Time_Warping @ 3x] Acc: 0.9833, F1: 0.9835, Time: 0.70s
      -> [LinearSVC + Time_Warping @ 3x] Acc: 0.7680, F1: 0.7643, Time: 0.06s
      -> [LogisticRegression + Time_Warping @ 3x] Acc: 1.0000, F1: 1.0000, Time: 0.06s
      -> [RNN + Time_Warping @ 3x] Acc: 0.2000, F1: 0.0667, Time: 0.16s
    [=== Generating 5x synthetic data with Time_Warping ===]
      -> [KNN + Time_Warping @ 5x] Acc: 0.9660, F1: 0.9664, Time: 0.06s
      -> [RandomForest + Time_Warping @ 5x] Acc: 0.9793, F1: 0.9793, Time: 0.66s
      -> [LinearSVC + Time_Warping @ 5x] Acc: 0.8253, F1: 0.8232, Time: 0.10s
      -> [LogisticRegression + Time_Warping @ 5x] Acc: 1.0000, F1: 1.0000, Time: 0.04s
      -> [RNN + Time_Warping @ 5x] Acc: 0.4667, F1: 0.3400, Time: 0.28s
    [=== Generating 10x synthetic data with Time_Warping ===]
      -> [KNN + Time_Warping @ 10x] Acc: 0.9640, F1: 0.9644, Time: 0.06s
      -> [RandomForest + Time_Warping @ 10x] Acc: 0.9680, F1: 0.9685, Time: 1.07s
      -> [LinearSVC + Time_Warping @ 10x] Acc: 0.7107, F1: 0.6796, Time: 0.12s
      -> [LogisticRegression + Time_Warping @ 10x] Acc: 1.0000, F1: 1.0000, Time: 0.06s
      -> [RNN + Time_Warping @ 10x] Acc: 0.5333, F1: 0.3980, Time: 0.52s

    >> Seed Fold Selection: 3/10
    Evaluating Model: KNN
      -> [Baseline] Acc: 0.9867, F1: 0.9866, Time: 0.07s
      HP Tuning KNN...
n_iterations: 3
n_required_iterations: 3
n_possible_iterations: 3
min_resources_: 24
max_resources_: 600
aggressive_elimination: False
factor: 3
----------
iter: 0
n_candidates: 20
n_resources: 24
Fitting 2 folds for each of 20 candidates, totalling 40 fits
----------
iter: 1
n_candidates: 7
n_resources: 72
Fitting 2 folds for each of 7 candidates, totalling 14 fits
----------
iter: 2
n_candidates: 3
n_resources: 216
Fitting 2 folds for each of 3 candidates, totalling 6 fits
      -> [Tuned_Baseline] Acc: 0.9907, F1: 0.9906, Time: 0.02s
    Evaluating Model: RandomForest
      -> [Baseline] Acc: 0.9640, F1: 0.9641, Time: 0.47s
      HP Tuning RandomForest...
n_iterations: 3
n_required_iterations: 3
n_possible_iterations: 3
min_resources_: 24
max_resources_: 600
aggressive_elimination: False
factor: 3
----------
iter: 0
n_candidates: 20
n_resources: 24
Fitting 2 folds for each of 20 candidates, totalling 40 fits
----------
iter: 1
n_candidates: 7
n_resources: 72
Fitting 2 folds for each of 7 candidates, totalling 14 fits
----------
iter: 2
n_candidates: 3
n_resources: 216
Fitting 2 folds for each of 3 candidates, totalling 6 fits
      -> [Tuned_Baseline] Acc: 0.9653, F1: 0.9654, Time: 0.01s
    Evaluating Model: LinearSVC
      -> [Baseline] Acc: 0.7740, F1: 0.7660, Time: 0.01s
      HP Tuning LinearSVC...
n_iterations: 3
n_required_iterations: 3
n_possible_iterations: 3
min_resources_: 24
max_resources_: 600
aggressive_elimination: False
factor: 3
----------
iter: 0
n_candidates: 20
n_resources: 24
Fitting 2 folds for each of 20 candidates, totalling 40 fits
----------
iter: 1
n_candidates: 7
n_resources: 72
Fitting 2 folds for each of 7 candidates, totalling 14 fits
----------
iter: 2
n_candidates: 3
n_resources: 216
Fitting 2 folds for each of 3 candidates, totalling 6 fits
      -> [Tuned_Baseline] Acc: 0.7700, F1: 0.7615, Time: 0.00s
    Evaluating Model: LogisticRegression
      -> [Baseline] Acc: 0.8840, F1: 0.8688, Time: 0.02s
      HP Tuning LogisticRegression...
n_iterations: 3
n_required_iterations: 3
n_possible_iterations: 3
min_resources_: 24
max_resources_: 600
aggressive_elimination: False
factor: 3
----------
iter: 0
n_candidates: 12
n_resources: 24
Fitting 2 folds for each of 12 candidates, totalling 24 fits
----------
iter: 1
n_candidates: 4
n_resources: 72
Fitting 2 folds for each of 4 candidates, totalling 8 fits
----------
iter: 2
n_candidates: 2
n_resources: 216
Fitting 2 folds for each of 2 candidates, totalling 4 fits
      -> [Tuned_Baseline] Acc: 0.9353, F1: 0.9311, Time: 0.00s
    Evaluating Model: RNN
      -> [Baseline] Acc: 0.4667, F1: 0.3367, Time: 0.24s
      -> [Tuned_Baseline] Acc: 0.4667, F1: 0.3367, Time: 0.00s
    [=== Generating 2x synthetic data with Jittering ===]
      -> [KNN + Jittering @ 2x] Acc: 0.9953, F1: 0.9953, Time: 0.02s
      -> [RandomForest + Jittering @ 2x] Acc: 0.9740, F1: 0.9743, Time: 0.33s
      -> [LinearSVC + Jittering @ 2x] Acc: 0.7647, F1: 0.7574, Time: 0.01s
      -> [LogisticRegression + Jittering @ 2x] Acc: 0.9427, F1: 0.9389, Time: 0.02s
      -> [RNN + Jittering @ 2x] Acc: 0.5333, F1: 0.4139, Time: 0.12s
    [=== Generating 3x synthetic data with Jittering ===]
      -> [KNN + Jittering @ 3x] Acc: 0.9973, F1: 0.9973, Time: 0.01s
      -> [RandomForest + Jittering @ 3x] Acc: 0.9700, F1: 0.9703, Time: 0.73s
      -> [LinearSVC + Jittering @ 3x] Acc: 0.7633, F1: 0.7574, Time: 0.02s
      -> [LogisticRegression + Jittering @ 3x] Acc: 0.9420, F1: 0.9381, Time: 0.06s
      -> [RNN + Jittering @ 3x] Acc: 0.6000, F1: 0.5027, Time: 0.26s
    [=== Generating 5x synthetic data with Jittering ===]
      -> [KNN + Jittering @ 5x] Acc: 0.9973, F1: 0.9973, Time: 0.04s
      -> [RandomForest + Jittering @ 5x] Acc: 0.9707, F1: 0.9710, Time: 0.88s
      -> [LinearSVC + Jittering @ 5x] Acc: 0.7480, F1: 0.7465, Time: 0.02s
      -> [LogisticRegression + Jittering @ 5x] Acc: 0.9440, F1: 0.9401, Time: 0.03s
      -> [RNN + Jittering @ 5x] Acc: 0.2667, F1: 0.1595, Time: 0.13s
    [=== Generating 10x synthetic data with Jittering ===]
      -> [KNN + Jittering @ 10x] Acc: 0.9967, F1: 0.9967, Time: 0.03s
      -> [RandomForest + Jittering @ 10x] Acc: 0.9827, F1: 0.9828, Time: 1.68s
      -> [LinearSVC + Jittering @ 10x] Acc: 0.7607, F1: 0.7543, Time: 0.03s
      -> [LogisticRegression + Jittering @ 10x] Acc: 0.9447, F1: 0.9408, Time: 0.05s
      -> [RNN + Jittering @ 10x] Acc: 0.4667, F1: 0.2984, Time: 0.30s
    [=== Generating 2x synthetic data with Scaling ===]
      -> [KNN + Scaling @ 2x] Acc: 0.9880, F1: 0.9879, Time: 0.02s
      -> [RandomForest + Scaling @ 2x] Acc: 0.9667, F1: 0.9670, Time: 0.49s
      -> [LinearSVC + Scaling @ 2x] Acc: 0.7760, F1: 0.7613, Time: 0.01s
      -> [LogisticRegression + Scaling @ 2x] Acc: 0.9333, F1: 0.9285, Time: 0.02s
      -> [RNN + Scaling @ 2x] Acc: 0.5333, F1: 0.4369, Time: 0.12s
    [=== Generating 3x synthetic data with Scaling ===]
      -> [KNN + Scaling @ 3x] Acc: 0.9987, F1: 0.9987, Time: 0.03s
      -> [RandomForest + Scaling @ 3x] Acc: 0.9813, F1: 0.9814, Time: 0.55s
      -> [LinearSVC + Scaling @ 3x] Acc: 0.7373, F1: 0.7377, Time: 0.01s
      -> [LogisticRegression + Scaling @ 3x] Acc: 0.9520, F1: 0.9497, Time: 0.02s
      -> [RNN + Scaling @ 3x] Acc: 0.2000, F1: 0.0923, Time: 0.12s
    [=== Generating 5x synthetic data with Scaling ===]
      -> [KNN + Scaling @ 5x] Acc: 0.9960, F1: 0.9960, Time: 0.02s
      -> [RandomForest + Scaling @ 5x] Acc: 0.9720, F1: 0.9719, Time: 0.57s
      -> [LinearSVC + Scaling @ 5x] Acc: 0.8033, F1: 0.7690, Time: 0.02s
      -> [LogisticRegression + Scaling @ 5x] Acc: 0.9527, F1: 0.9501, Time: 0.08s
      -> [RNN + Scaling @ 5x] Acc: 0.4000, F1: 0.2291, Time: 0.27s
    [=== Generating 10x synthetic data with Scaling ===]
      -> [KNN + Scaling @ 10x] Acc: 0.9553, F1: 0.9536, Time: 0.05s
      -> [RandomForest + Scaling @ 10x] Acc: 0.9653, F1: 0.9657, Time: 1.22s
      -> [LinearSVC + Scaling @ 10x] Acc: 0.8000, F1: 0.7673, Time: 0.07s
      -> [LogisticRegression + Scaling @ 10x] Acc: 0.9467, F1: 0.9430, Time: 0.12s
      -> [RNN + Scaling @ 10x] Acc: 0.3333, F1: 0.2259, Time: 0.32s
    [=== Generating 2x synthetic data with Magnitude_Warping ===]
      -> [KNN + Magnitude_Warping @ 2x] Acc: 0.9587, F1: 0.9569, Time: 0.03s
      -> [RandomForest + Magnitude_Warping @ 2x] Acc: 0.9660, F1: 0.9663, Time: 0.47s
      -> [LinearSVC + Magnitude_Warping @ 2x] Acc: 0.7680, F1: 0.7535, Time: 0.01s
      -> [LogisticRegression + Magnitude_Warping @ 2x] Acc: 0.8853, F1: 0.8578, Time: 0.05s
      -> [RNN + Magnitude_Warping @ 2x] Acc: 0.2000, F1: 0.0857, Time: 0.23s
    [=== Generating 3x synthetic data with Magnitude_Warping ===]
      -> [KNN + Magnitude_Warping @ 3x] Acc: 0.9287, F1: 0.9251, Time: 0.01s
      -> [RandomForest + Magnitude_Warping @ 3x] Acc: 0.9373, F1: 0.9374, Time: 0.83s
      -> [LinearSVC + Magnitude_Warping @ 3x] Acc: 0.8233, F1: 0.8000, Time: 0.02s
      -> [LogisticRegression + Magnitude_Warping @ 3x] Acc: 0.9060, F1: 0.8956, Time: 0.09s
      -> [RNN + Magnitude_Warping @ 3x] Acc: 0.4667, F1: 0.3258, Time: 0.25s
    [=== Generating 5x synthetic data with Magnitude_Warping ===]
      -> [KNN + Magnitude_Warping @ 5x] Acc: 0.9440, F1: 0.9402, Time: 0.04s
      -> [RandomForest + Magnitude_Warping @ 5x] Acc: 0.9433, F1: 0.9431, Time: 1.10s
      -> [LinearSVC + Magnitude_Warping @ 5x] Acc: 0.8320, F1: 0.8007, Time: 0.03s
      -> [LogisticRegression + Magnitude_Warping @ 5x] Acc: 0.9007, F1: 0.8861, Time: 0.14s
      -> [RNN + Magnitude_Warping @ 5x] Acc: 0.4000, F1: 0.2778, Time: 0.28s
    [=== Generating 10x synthetic data with Magnitude_Warping ===]
      -> [KNN + Magnitude_Warping @ 10x] Acc: 0.9380, F1: 0.9329, Time: 0.03s
      -> [RandomForest + Magnitude_Warping @ 10x] Acc: 0.9520, F1: 0.9518, Time: 1.81s
      -> [LinearSVC + Magnitude_Warping @ 10x] Acc: 0.8507, F1: 0.8392, Time: 0.03s
      -> [LogisticRegression + Magnitude_Warping @ 10x] Acc: 0.9960, F1: 0.9960, Time: 0.27s
      -> [RNN + Magnitude_Warping @ 10x] Acc: 0.4000, F1: 0.2291, Time: 0.54s
    [=== Generating 2x synthetic data with Time_Warping ===]
      -> [KNN + Time_Warping @ 2x] Acc: 0.9853, F1: 0.9852, Time: 0.01s
      -> [RandomForest + Time_Warping @ 2x] Acc: 0.9640, F1: 0.9643, Time: 0.67s
      -> [LinearSVC + Time_Warping @ 2x] Acc: 0.8667, F1: 0.8583, Time: 0.02s
      -> [LogisticRegression + Time_Warping @ 2x] Acc: 0.9987, F1: 0.9987, Time: 0.06s
      -> [RNN + Time_Warping @ 2x] Acc: 0.6000, F1: 0.4992, Time: 0.28s
    [=== Generating 3x synthetic data with Time_Warping ===]
      -> [KNN + Time_Warping @ 3x] Acc: 0.9920, F1: 0.9920, Time: 0.02s
      -> [RandomForest + Time_Warping @ 3x] Acc: 0.9673, F1: 0.9676, Time: 0.42s
      -> [LinearSVC + Time_Warping @ 3x] Acc: 0.9213, F1: 0.9228, Time: 0.02s
      -> [LogisticRegression + Time_Warping @ 3x] Acc: 1.0000, F1: 1.0000, Time: 0.06s
      -> [RNN + Time_Warping @ 3x] Acc: 0.3333, F1: 0.1924, Time: 0.16s
    [=== Generating 5x synthetic data with Time_Warping ===]
      -> [KNN + Time_Warping @ 5x] Acc: 0.9893, F1: 0.9893, Time: 0.05s
      -> [RandomForest + Time_Warping @ 5x] Acc: 0.9600, F1: 0.9598, Time: 0.78s
      -> [LinearSVC + Time_Warping @ 5x] Acc: 0.8927, F1: 0.8891, Time: 0.02s
      -> [LogisticRegression + Time_Warping @ 5x] Acc: 1.0000, F1: 1.0000, Time: 0.04s
      -> [RNN + Time_Warping @ 5x] Acc: 0.4000, F1: 0.3079, Time: 0.24s
    [=== Generating 10x synthetic data with Time_Warping ===]
      -> [KNN + Time_Warping @ 10x] Acc: 0.9787, F1: 0.9783, Time: 0.08s
      -> [RandomForest + Time_Warping @ 10x] Acc: 0.9373, F1: 0.9397, Time: 2.23s
      -> [LinearSVC + Time_Warping @ 10x] Acc: 0.8600, F1: 0.8567, Time: 0.06s
      -> [LogisticRegression + Time_Warping @ 10x] Acc: 1.0000, F1: 1.0000, Time: 0.13s
      -> [RNN + Time_Warping @ 10x] Acc: 0.8000, F1: 0.7989, Time: 0.56s

    >> Seed Fold Selection: 4/10
    Evaluating Model: KNN
      -> [Baseline] Acc: 0.9887, F1: 0.9887, Time: 0.07s
      HP Tuning KNN...
n_iterations: 3
n_required_iterations: 3
n_possible_iterations: 3
min_resources_: 24
max_resources_: 600
aggressive_elimination: False
factor: 3
----------
iter: 0
n_candidates: 20
n_resources: 24
Fitting 2 folds for each of 20 candidates, totalling 40 fits
----------
iter: 1
n_candidates: 7
n_resources: 72
Fitting 2 folds for each of 7 candidates, totalling 14 fits
----------
iter: 2
n_candidates: 3
n_resources: 216
Fitting 2 folds for each of 3 candidates, totalling 6 fits
      -> [Tuned_Baseline] Acc: 0.9893, F1: 0.9893, Time: 0.01s
    Evaluating Model: RandomForest
      -> [Baseline] Acc: 0.9880, F1: 0.9880, Time: 0.23s
      HP Tuning RandomForest...
n_iterations: 3
n_required_iterations: 3
n_possible_iterations: 3
min_resources_: 24
max_resources_: 600
aggressive_elimination: False
factor: 3
----------
iter: 0
n_candidates: 20
n_resources: 24
Fitting 2 folds for each of 20 candidates, totalling 40 fits
----------
iter: 1
n_candidates: 7
n_resources: 72
Fitting 2 folds for each of 7 candidates, totalling 14 fits
----------
iter: 2
n_candidates: 3
n_resources: 216
Fitting 2 folds for each of 3 candidates, totalling 6 fits
      -> [Tuned_Baseline] Acc: 0.9880, F1: 0.9880, Time: 0.01s
    Evaluating Model: LinearSVC
      -> [Baseline] Acc: 0.9473, F1: 0.9471, Time: 0.01s
      HP Tuning LinearSVC...
n_iterations: 3
n_required_iterations: 3
n_possible_iterations: 3
min_resources_: 24
max_resources_: 600
aggressive_elimination: False
factor: 3
----------
iter: 0
n_candidates: 20
n_resources: 24
Fitting 2 folds for each of 20 candidates, totalling 40 fits
----------
iter: 1
n_candidates: 7
n_resources: 72
Fitting 2 folds for each of 7 candidates, totalling 14 fits
----------
iter: 2
n_candidates: 3
n_resources: 216
Fitting 2 folds for each of 3 candidates, totalling 6 fits
      -> [Tuned_Baseline] Acc: 0.9467, F1: 0.9465, Time: 0.00s
    Evaluating Model: LogisticRegression
      -> [Baseline] Acc: 0.9747, F1: 0.9743, Time: 0.02s
      HP Tuning LogisticRegression...
n_iterations: 3
n_required_iterations: 3
n_possible_iterations: 3
min_resources_: 24
max_resources_: 600
aggressive_elimination: False
factor: 3
----------
iter: 0
n_candidates: 12
n_resources: 24
Fitting 2 folds for each of 12 candidates, totalling 24 fits
----------
iter: 1
n_candidates: 4
n_resources: 72
Fitting 2 folds for each of 4 candidates, totalling 8 fits
----------
iter: 2
n_candidates: 2
n_resources: 216
Fitting 2 folds for each of 2 candidates, totalling 4 fits
      -> [Tuned_Baseline] Acc: 0.9933, F1: 0.9933, Time: 0.00s
    Evaluating Model: RNN
      -> [Baseline] Acc: 0.3333, F1: 0.2256, Time: 0.11s
      -> [Tuned_Baseline] Acc: 0.3333, F1: 0.2256, Time: 0.00s
    [=== Generating 2x synthetic data with Jittering ===]
      -> [KNN + Jittering @ 2x] Acc: 0.9933, F1: 0.9933, Time: 0.01s
      -> [RandomForest + Jittering @ 2x] Acc: 0.9913, F1: 0.9914, Time: 0.52s
      -> [LinearSVC + Jittering @ 2x] Acc: 0.9487, F1: 0.9486, Time: 0.06s
      -> [LogisticRegression + Jittering @ 2x] Acc: 0.9927, F1: 0.9926, Time: 0.04s
      -> [RNN + Jittering @ 2x] Acc: 0.6667, F1: 0.5638, Time: 0.12s
    [=== Generating 3x synthetic data with Jittering ===]
      -> [KNN + Jittering @ 3x] Acc: 0.9940, F1: 0.9940, Time: 0.03s
      -> [RandomForest + Jittering @ 3x] Acc: 0.9940, F1: 0.9940, Time: 0.62s
      -> [LinearSVC + Jittering @ 3x] Acc: 0.9493, F1: 0.9492, Time: 0.09s
      -> [LogisticRegression + Jittering @ 3x] Acc: 0.9933, F1: 0.9933, Time: 0.04s
      -> [RNN + Jittering @ 3x] Acc: 0.4667, F1: 0.3480, Time: 0.25s
    [=== Generating 5x synthetic data with Jittering ===]
      -> [KNN + Jittering @ 5x] Acc: 0.9993, F1: 0.9993, Time: 0.03s
      -> [RandomForest + Jittering @ 5x] Acc: 0.9947, F1: 0.9947, Time: 0.66s
      -> [LinearSVC + Jittering @ 5x] Acc: 0.9487, F1: 0.9485, Time: 0.07s
      -> [LogisticRegression + Jittering @ 5x] Acc: 0.9873, F1: 0.9872, Time: 0.03s
      -> [RNN + Jittering @ 5x] Acc: 0.4000, F1: 0.2500, Time: 0.23s
    [=== Generating 10x synthetic data with Jittering ===]
      -> [KNN + Jittering @ 10x] Acc: 0.9987, F1: 0.9987, Time: 0.05s
      -> [RandomForest + Jittering @ 10x] Acc: 0.9993, F1: 0.9993, Time: 1.34s
      -> [LinearSVC + Jittering @ 10x] Acc: 0.9493, F1: 0.9492, Time: 0.16s
      -> [LogisticRegression + Jittering @ 10x] Acc: 0.9873, F1: 0.9872, Time: 0.10s
      -> [RNN + Jittering @ 10x] Acc: 0.5333, F1: 0.3803, Time: 0.55s
    [=== Generating 2x synthetic data with Scaling ===]
      -> [KNN + Scaling @ 2x] Acc: 0.9933, F1: 0.9933, Time: 0.02s
      -> [RandomForest + Scaling @ 2x] Acc: 0.9920, F1: 0.9920, Time: 0.54s
      -> [LinearSVC + Scaling @ 2x] Acc: 0.9353, F1: 0.9352, Time: 0.05s
      -> [LogisticRegression + Scaling @ 2x] Acc: 0.9973, F1: 0.9973, Time: 0.05s
      -> [RNN + Scaling @ 2x] Acc: 0.4667, F1: 0.3313, Time: 0.26s
    [=== Generating 3x synthetic data with Scaling ===]
      -> [KNN + Scaling @ 3x] Acc: 0.9940, F1: 0.9940, Time: 0.03s
      -> [RandomForest + Scaling @ 3x] Acc: 0.9920, F1: 0.9920, Time: 0.76s
      -> [LinearSVC + Scaling @ 3x] Acc: 0.9633, F1: 0.9632, Time: 0.08s
      -> [LogisticRegression + Scaling @ 3x] Acc: 0.9867, F1: 0.9865, Time: 0.05s
      -> [RNN + Scaling @ 3x] Acc: 0.3333, F1: 0.2333, Time: 0.26s
    [=== Generating 5x synthetic data with Scaling ===]
      -> [KNN + Scaling @ 5x] Acc: 0.9980, F1: 0.9980, Time: 0.04s
      -> [RandomForest + Scaling @ 5x] Acc: 0.9927, F1: 0.9927, Time: 0.67s
      -> [LinearSVC + Scaling @ 5x] Acc: 0.9547, F1: 0.9544, Time: 0.07s
      -> [LogisticRegression + Scaling @ 5x] Acc: 0.9933, F1: 0.9933, Time: 0.04s
      -> [RNN + Scaling @ 5x] Acc: 0.2000, F1: 0.0857, Time: 0.13s
    [=== Generating 10x synthetic data with Scaling ===]
      -> [KNN + Scaling @ 10x] Acc: 0.9993, F1: 0.9993, Time: 0.05s
      -> [RandomForest + Scaling @ 10x] Acc: 0.9933, F1: 0.9934, Time: 1.23s
      -> [LinearSVC + Scaling @ 10x] Acc: 0.9567, F1: 0.9563, Time: 0.28s
      -> [LogisticRegression + Scaling @ 10x] Acc: 0.9993, F1: 0.9993, Time: 0.06s
      -> [RNN + Scaling @ 10x] Acc: 0.4667, F1: 0.3313, Time: 0.26s
    [=== Generating 2x synthetic data with Magnitude_Warping ===]
      -> [KNN + Magnitude_Warping @ 2x] Acc: 0.9893, F1: 0.9893, Time: 0.02s
      -> [RandomForest + Magnitude_Warping @ 2x] Acc: 0.9973, F1: 0.9973, Time: 0.44s
      -> [LinearSVC + Magnitude_Warping @ 2x] Acc: 0.9347, F1: 0.9343, Time: 0.05s
      -> [LogisticRegression + Magnitude_Warping @ 2x] Acc: 0.9960, F1: 0.9960, Time: 0.05s
      -> [RNN + Magnitude_Warping @ 2x] Acc: 0.4000, F1: 0.2591, Time: 0.26s
    [=== Generating 3x synthetic data with Magnitude_Warping ===]
      -> [KNN + Magnitude_Warping @ 3x] Acc: 0.9920, F1: 0.9920, Time: 0.03s
      -> [RandomForest + Magnitude_Warping @ 3x] Acc: 0.9980, F1: 0.9980, Time: 0.69s
      -> [LinearSVC + Magnitude_Warping @ 3x] Acc: 0.9433, F1: 0.9432, Time: 0.04s
      -> [LogisticRegression + Magnitude_Warping @ 3x] Acc: 0.9760, F1: 0.9755, Time: 0.03s
      -> [RNN + Magnitude_Warping @ 3x] Acc: 0.6000, F1: 0.5079, Time: 0.25s
    [=== Generating 5x synthetic data with Magnitude_Warping ===]
      -> [KNN + Magnitude_Warping @ 5x] Acc: 0.9973, F1: 0.9973, Time: 0.04s
      -> [RandomForest + Magnitude_Warping @ 5x] Acc: 0.9960, F1: 0.9960, Time: 1.33s
      -> [LinearSVC + Magnitude_Warping @ 5x] Acc: 0.9420, F1: 0.9418, Time: 0.06s
      -> [LogisticRegression + Magnitude_Warping @ 5x] Acc: 0.9967, F1: 0.9967, Time: 0.06s
      -> [RNN + Magnitude_Warping @ 5x] Acc: 0.3333, F1: 0.1924, Time: 0.13s
    [=== Generating 10x synthetic data with Magnitude_Warping ===]
      -> [KNN + Magnitude_Warping @ 10x] Acc: 0.9953, F1: 0.9953, Time: 0.03s
      -> [RandomForest + Magnitude_Warping @ 10x] Acc: 1.0000, F1: 1.0000, Time: 1.49s
      -> [LinearSVC + Magnitude_Warping @ 10x] Acc: 0.9440, F1: 0.9440, Time: 0.13s
      -> [LogisticRegression + Magnitude_Warping @ 10x] Acc: 0.9967, F1: 0.9967, Time: 0.22s
      -> [RNN + Magnitude_Warping @ 10x] Acc: 0.6667, F1: 0.5758, Time: 0.31s
    [=== Generating 2x synthetic data with Time_Warping ===]
      -> [KNN + Time_Warping @ 2x] Acc: 0.9887, F1: 0.9886, Time: 0.03s
      -> [RandomForest + Time_Warping @ 2x] Acc: 0.9940, F1: 0.9940, Time: 0.59s
      -> [LinearSVC + Time_Warping @ 2x] Acc: 0.9240, F1: 0.9238, Time: 0.03s
      -> [LogisticRegression + Time_Warping @ 2x] Acc: 0.9947, F1: 0.9946, Time: 0.02s
      -> [RNN + Time_Warping @ 2x] Acc: 0.4000, F1: 0.3346, Time: 0.11s
    [=== Generating 3x synthetic data with Time_Warping ===]
      -> [KNN + Time_Warping @ 3x] Acc: 0.9887, F1: 0.9886, Time: 0.02s
      -> [RandomForest + Time_Warping @ 3x] Acc: 0.9960, F1: 0.9960, Time: 0.39s
      -> [LinearSVC + Time_Warping @ 3x] Acc: 0.9280, F1: 0.9264, Time: 0.04s
      -> [LogisticRegression + Time_Warping @ 3x] Acc: 1.0000, F1: 1.0000, Time: 0.03s
      -> [RNN + Time_Warping @ 3x] Acc: 0.4000, F1: 0.2291, Time: 0.12s
    [=== Generating 5x synthetic data with Time_Warping ===]
      -> [KNN + Time_Warping @ 5x] Acc: 0.9907, F1: 0.9907, Time: 0.02s
      -> [RandomForest + Time_Warping @ 5x] Acc: 0.9833, F1: 0.9833, Time: 0.65s
      -> [LinearSVC + Time_Warping @ 5x] Acc: 0.9193, F1: 0.9190, Time: 0.06s
      -> [LogisticRegression + Time_Warping @ 5x] Acc: 0.9800, F1: 0.9797, Time: 0.04s
      -> [RNN + Time_Warping @ 5x] Acc: 0.5333, F1: 0.4048, Time: 0.28s
    [=== Generating 10x synthetic data with Time_Warping ===]
      -> [KNN + Time_Warping @ 10x] Acc: 0.9893, F1: 0.9893, Time: 0.04s
      -> [RandomForest + Time_Warping @ 10x] Acc: 0.9700, F1: 0.9702, Time: 1.09s
      -> [LinearSVC + Time_Warping @ 10x] Acc: 0.9080, F1: 0.9083, Time: 0.20s
      -> [LogisticRegression + Time_Warping @ 10x] Acc: 1.0000, F1: 1.0000, Time: 0.11s
      -> [RNN + Time_Warping @ 10x] Acc: 0.5333, F1: 0.3980, Time: 0.58s

    >> Seed Fold Selection: 5/10
    Evaluating Model: KNN
      -> [Baseline] Acc: 0.9907, F1: 0.9907, Time: 0.07s
      HP Tuning KNN...
n_iterations: 3
n_required_iterations: 3
n_possible_iterations: 3
min_resources_: 24
max_resources_: 600
aggressive_elimination: False
factor: 3
----------
iter: 0
n_candidates: 20
n_resources: 24
Fitting 2 folds for each of 20 candidates, totalling 40 fits
----------
iter: 1
n_candidates: 7
n_resources: 72
Fitting 2 folds for each of 7 candidates, totalling 14 fits
----------
iter: 2
n_candidates: 3
n_resources: 216
Fitting 2 folds for each of 3 candidates, totalling 6 fits
      -> [Tuned_Baseline] Acc: 0.9920, F1: 0.9920, Time: 0.01s
    Evaluating Model: RandomForest
      -> [Baseline] Acc: 0.9760, F1: 0.9762, Time: 0.23s
      HP Tuning RandomForest...
n_iterations: 3
n_required_iterations: 3
n_possible_iterations: 3
min_resources_: 24
max_resources_: 600
aggressive_elimination: False
factor: 3
----------
iter: 0
n_candidates: 20
n_resources: 24
Fitting 2 folds for each of 20 candidates, totalling 40 fits
----------
iter: 1
n_candidates: 7
n_resources: 72
Fitting 2 folds for each of 7 candidates, totalling 14 fits
----------
iter: 2
n_candidates: 3
n_resources: 216
Fitting 2 folds for each of 3 candidates, totalling 6 fits
      -> [Tuned_Baseline] Acc: 0.9760, F1: 0.9762, Time: 0.01s
    Evaluating Model: LinearSVC
      -> [Baseline] Acc: 0.9667, F1: 0.9666, Time: 0.00s
      HP Tuning LinearSVC...
n_iterations: 3
n_required_iterations: 3
n_possible_iterations: 3
min_resources_: 24
max_resources_: 600
aggressive_elimination: False
factor: 3
----------
iter: 0
n_candidates: 20
n_resources: 24
Fitting 2 folds for each of 20 candidates, totalling 40 fits
----------
iter: 1
n_candidates: 7
n_resources: 72
Fitting 2 folds for each of 7 candidates, totalling 14 fits
----------
iter: 2
n_candidates: 3
n_resources: 216
Fitting 2 folds for each of 3 candidates, totalling 6 fits
      -> [Tuned_Baseline] Acc: 0.9667, F1: 0.9666, Time: 0.00s
    Evaluating Model: LogisticRegression
      -> [Baseline] Acc: 0.9947, F1: 0.9947, Time: 0.03s
      HP Tuning LogisticRegression...
n_iterations: 3
n_required_iterations: 3
n_possible_iterations: 3
min_resources_: 24
max_resources_: 600
aggressive_elimination: False
factor: 3
----------
iter: 0
n_candidates: 12
n_resources: 24
Fitting 2 folds for each of 12 candidates, totalling 24 fits
----------
iter: 1
n_candidates: 4
n_resources: 72
Fitting 2 folds for each of 4 candidates, totalling 8 fits
----------
iter: 2
n_candidates: 2
n_resources: 216
Fitting 2 folds for each of 2 candidates, totalling 4 fits
      -> [Tuned_Baseline] Acc: 0.9947, F1: 0.9947, Time: 0.00s
    Evaluating Model: RNN
      -> [Baseline] Acc: 0.6000, F1: 0.5027, Time: 0.11s
      -> [Tuned_Baseline] Acc: 0.6000, F1: 0.5027, Time: 0.00s
    [=== Generating 2x synthetic data with Jittering ===]
      -> [KNN + Jittering @ 2x] Acc: 0.9967, F1: 0.9967, Time: 0.02s
      -> [RandomForest + Jittering @ 2x] Acc: 0.9707, F1: 0.9708, Time: 0.64s
      -> [LinearSVC + Jittering @ 2x] Acc: 0.9673, F1: 0.9673, Time: 0.01s
      -> [LogisticRegression + Jittering @ 2x] Acc: 0.9947, F1: 0.9947, Time: 0.02s
      -> [RNN + Jittering @ 2x] Acc: 0.2000, F1: 0.0923, Time: 0.13s
    [=== Generating 3x synthetic data with Jittering ===]
      -> [KNN + Jittering @ 3x] Acc: 0.9993, F1: 0.9993, Time: 0.01s
      -> [RandomForest + Jittering @ 3x] Acc: 0.9913, F1: 0.9914, Time: 0.43s
      -> [LinearSVC + Jittering @ 3x] Acc: 0.9660, F1: 0.9659, Time: 0.02s
      -> [LogisticRegression + Jittering @ 3x] Acc: 0.9993, F1: 0.9993, Time: 0.04s
      -> [RNN + Jittering @ 3x] Acc: 0.5333, F1: 0.3924, Time: 0.12s
    [=== Generating 5x synthetic data with Jittering ===]
      -> [KNN + Jittering @ 5x] Acc: 1.0000, F1: 1.0000, Time: 0.03s
      -> [RandomForest + Jittering @ 5x] Acc: 0.9767, F1: 0.9768, Time: 1.03s
      -> [LinearSVC + Jittering @ 5x] Acc: 0.9713, F1: 0.9713, Time: 0.03s
      -> [LogisticRegression + Jittering @ 5x] Acc: 1.0000, F1: 1.0000, Time: 0.07s
      -> [RNN + Jittering @ 5x] Acc: 0.4000, F1: 0.2291, Time: 0.28s
    [=== Generating 10x synthetic data with Jittering ===]
      -> [KNN + Jittering @ 10x] Acc: 1.0000, F1: 1.0000, Time: 0.05s
      -> [RandomForest + Jittering @ 10x] Acc: 0.9867, F1: 0.9868, Time: 1.23s
      -> [LinearSVC + Jittering @ 10x] Acc: 0.9720, F1: 0.9720, Time: 0.03s
      -> [LogisticRegression + Jittering @ 10x] Acc: 1.0000, F1: 1.0000, Time: 0.04s
      -> [RNN + Jittering @ 10x] Acc: 0.5333, F1: 0.3767, Time: 0.55s
    [=== Generating 2x synthetic data with Scaling ===]
      -> [KNN + Scaling @ 2x] Acc: 0.9967, F1: 0.9967, Time: 0.02s
      -> [RandomForest + Scaling @ 2x] Acc: 0.9807, F1: 0.9808, Time: 0.37s
      -> [LinearSVC + Scaling @ 2x] Acc: 0.9493, F1: 0.9501, Time: 0.01s
      -> [LogisticRegression + Scaling @ 2x] Acc: 0.9920, F1: 0.9920, Time: 0.05s
      -> [RNN + Scaling @ 2x] Acc: 0.4667, F1: 0.3313, Time: 0.14s
    [=== Generating 3x synthetic data with Scaling ===]
      -> [KNN + Scaling @ 3x] Acc: 0.9993, F1: 0.9993, Time: 0.01s
      -> [RandomForest + Scaling @ 3x] Acc: 0.9867, F1: 0.9869, Time: 0.47s
      -> [LinearSVC + Scaling @ 3x] Acc: 0.9547, F1: 0.9546, Time: 0.02s
      -> [LogisticRegression + Scaling @ 3x] Acc: 1.0000, F1: 1.0000, Time: 0.06s
      -> [RNN + Scaling @ 3x] Acc: 0.6667, F1: 0.5981, Time: 0.25s
    [=== Generating 5x synthetic data with Scaling ===]
      -> [KNN + Scaling @ 5x] Acc: 1.0000, F1: 1.0000, Time: 0.02s
      -> [RandomForest + Scaling @ 5x] Acc: 0.9907, F1: 0.9907, Time: 1.03s
      -> [LinearSVC + Scaling @ 5x] Acc: 0.9427, F1: 0.9433, Time: 0.02s
      -> [LogisticRegression + Scaling @ 5x] Acc: 0.9960, F1: 0.9960, Time: 0.08s
      -> [RNN + Scaling @ 5x] Acc: 0.5333, F1: 0.3872, Time: 0.28s
    [=== Generating 10x synthetic data with Scaling ===]
      -> [KNN + Scaling @ 10x] Acc: 1.0000, F1: 1.0000, Time: 0.05s
      -> [RandomForest + Scaling @ 10x] Acc: 0.9933, F1: 0.9934, Time: 1.56s
      -> [LinearSVC + Scaling @ 10x] Acc: 0.9420, F1: 0.9415, Time: 0.04s
      -> [LogisticRegression + Scaling @ 10x] Acc: 1.0000, F1: 1.0000, Time: 0.06s
      -> [RNN + Scaling @ 10x] Acc: 0.5333, F1: 0.3980, Time: 0.48s
    [=== Generating 2x synthetic data with Magnitude_Warping ===]
      -> [KNN + Magnitude_Warping @ 2x] Acc: 0.9967, F1: 0.9967, Time: 0.01s
      -> [RandomForest + Magnitude_Warping @ 2x] Acc: 0.9820, F1: 0.9822, Time: 0.73s
      -> [LinearSVC + Magnitude_Warping @ 2x] Acc: 0.9420, F1: 0.9422, Time: 0.01s
      -> [LogisticRegression + Magnitude_Warping @ 2x] Acc: 0.9973, F1: 0.9973, Time: 0.05s
      -> [RNN + Magnitude_Warping @ 2x] Acc: 0.4000, F1: 0.2291, Time: 0.25s
    [=== Generating 3x synthetic data with Magnitude_Warping ===]
      -> [KNN + Magnitude_Warping @ 3x] Acc: 0.9953, F1: 0.9953, Time: 0.02s
      -> [RandomForest + Magnitude_Warping @ 3x] Acc: 0.9953, F1: 0.9953, Time: 0.67s
      -> [LinearSVC + Magnitude_Warping @ 3x] Acc: 0.9300, F1: 0.9293, Time: 0.02s
      -> [LogisticRegression + Magnitude_Warping @ 3x] Acc: 0.9947, F1: 0.9946, Time: 0.12s
      -> [RNN + Magnitude_Warping @ 3x] Acc: 0.6667, F1: 0.5690, Time: 0.27s
    [=== Generating 5x synthetic data with Magnitude_Warping ===]
      -> [KNN + Magnitude_Warping @ 5x] Acc: 0.9980, F1: 0.9980, Time: 0.04s
      -> [RandomForest + Magnitude_Warping @ 5x] Acc: 0.9920, F1: 0.9920, Time: 1.05s
      -> [LinearSVC + Magnitude_Warping @ 5x] Acc: 0.9580, F1: 0.9578, Time: 0.03s
      -> [LogisticRegression + Magnitude_Warping @ 5x] Acc: 1.0000, F1: 1.0000, Time: 0.13s
      -> [RNN + Magnitude_Warping @ 5x] Acc: 0.4000, F1: 0.2423, Time: 0.21s
    [=== Generating 10x synthetic data with Magnitude_Warping ===]
      -> [KNN + Magnitude_Warping @ 10x] Acc: 0.9967, F1: 0.9967, Time: 0.05s
      -> [RandomForest + Magnitude_Warping @ 10x] Acc: 0.9920, F1: 0.9920, Time: 1.68s
      -> [LinearSVC + Magnitude_Warping @ 10x] Acc: 0.9353, F1: 0.9346, Time: 0.06s
      -> [LogisticRegression + Magnitude_Warping @ 10x] Acc: 1.0000, F1: 1.0000, Time: 0.24s
      -> [RNN + Magnitude_Warping @ 10x] Acc: 0.6000, F1: 0.4937, Time: 0.62s
    [=== Generating 2x synthetic data with Time_Warping ===]
      -> [KNN + Time_Warping @ 2x] Acc: 0.9920, F1: 0.9920, Time: 0.03s
      -> [RandomForest + Time_Warping @ 2x] Acc: 0.9760, F1: 0.9763, Time: 0.69s
      -> [LinearSVC + Time_Warping @ 2x] Acc: 0.9353, F1: 0.9358, Time: 0.01s
      -> [LogisticRegression + Time_Warping @ 2x] Acc: 0.9993, F1: 0.9993, Time: 0.04s
      -> [RNN + Time_Warping @ 2x] Acc: 0.6000, F1: 0.4900, Time: 0.12s
    [=== Generating 3x synthetic data with Time_Warping ===]
      -> [KNN + Time_Warping @ 3x] Acc: 0.9920, F1: 0.9920, Time: 0.02s
      -> [RandomForest + Time_Warping @ 3x] Acc: 0.9820, F1: 0.9821, Time: 0.57s
      -> [LinearSVC + Time_Warping @ 3x] Acc: 0.9673, F1: 0.9671, Time: 0.02s
      -> [LogisticRegression + Time_Warping @ 3x] Acc: 1.0000, F1: 1.0000, Time: 0.05s
      -> [RNN + Time_Warping @ 3x] Acc: 0.4000, F1: 0.2714, Time: 0.25s
    [=== Generating 5x synthetic data with Time_Warping ===]
      -> [KNN + Time_Warping @ 5x] Acc: 0.9913, F1: 0.9913, Time: 0.02s
      -> [RandomForest + Time_Warping @ 5x] Acc: 0.9720, F1: 0.9723, Time: 1.06s
      -> [LinearSVC + Time_Warping @ 5x] Acc: 0.9107, F1: 0.9107, Time: 0.02s
      -> [LogisticRegression + Time_Warping @ 5x] Acc: 1.0000, F1: 1.0000, Time: 0.06s
      -> [RNN + Time_Warping @ 5x] Acc: 0.3333, F1: 0.1891, Time: 0.28s
    [=== Generating 10x synthetic data with Time_Warping ===]
      -> [KNN + Time_Warping @ 10x] Acc: 0.9927, F1: 0.9927, Time: 0.08s
      -> [RandomForest + Time_Warping @ 10x] Acc: 0.9607, F1: 0.9609, Time: 1.13s
      -> [LinearSVC + Time_Warping @ 10x] Acc: 0.9000, F1: 0.8989, Time: 0.03s
      -> [LogisticRegression + Time_Warping @ 10x] Acc: 1.0000, F1: 1.0000, Time: 0.06s
      -> [RNN + Time_Warping @ 10x] Acc: 0.3333, F1: 0.1746, Time: 0.33s

    >> Seed Fold Selection: 6/10
    Evaluating Model: KNN
      -> [Baseline] Acc: 0.9680, F1: 0.9676, Time: 0.08s
      HP Tuning KNN...
n_iterations: 3
n_required_iterations: 3
n_possible_iterations: 3
min_resources_: 24
max_resources_: 600
aggressive_elimination: False
factor: 3
----------
iter: 0
n_candidates: 20
n_resources: 24
Fitting 2 folds for each of 20 candidates, totalling 40 fits
----------
iter: 1
n_candidates: 7
n_resources: 72
Fitting 2 folds for each of 7 candidates, totalling 14 fits
----------
iter: 2
n_candidates: 3
n_resources: 216
Fitting 2 folds for each of 3 candidates, totalling 6 fits
      -> [Tuned_Baseline] Acc: 0.9673, F1: 0.9670, Time: 0.01s
    Evaluating Model: RandomForest
      -> [Baseline] Acc: 0.9587, F1: 0.9587, Time: 0.49s
      HP Tuning RandomForest...
n_iterations: 3
n_required_iterations: 3
n_possible_iterations: 3
min_resources_: 24
max_resources_: 600
aggressive_elimination: False
factor: 3
----------
iter: 0
n_candidates: 20
n_resources: 24
Fitting 2 folds for each of 20 candidates, totalling 40 fits
----------
iter: 1
n_candidates: 7
n_resources: 72
Fitting 2 folds for each of 7 candidates, totalling 14 fits
----------
iter: 2
n_candidates: 3
n_resources: 216
Fitting 2 folds for each of 3 candidates, totalling 6 fits
      -> [Tuned_Baseline] Acc: 0.9733, F1: 0.9732, Time: 0.01s
    Evaluating Model: LinearSVC
      -> [Baseline] Acc: 0.7920, F1: 0.7755, Time: 0.01s
      HP Tuning LinearSVC...
n_iterations: 3
n_required_iterations: 3
n_possible_iterations: 3
min_resources_: 24
max_resources_: 600
aggressive_elimination: False
factor: 3
----------
iter: 0
n_candidates: 20
n_resources: 24
Fitting 2 folds for each of 20 candidates, totalling 40 fits
----------
iter: 1
n_candidates: 7
n_resources: 72
Fitting 2 folds for each of 7 candidates, totalling 14 fits
----------
iter: 2
n_candidates: 3
n_resources: 216
Fitting 2 folds for each of 3 candidates, totalling 6 fits
      -> [Tuned_Baseline] Acc: 0.7920, F1: 0.7755, Time: 0.00s
    Evaluating Model: LogisticRegression
      -> [Baseline] Acc: 0.8820, F1: 0.8710, Time: 0.04s
      HP Tuning LogisticRegression...
n_iterations: 3
n_required_iterations: 3
n_possible_iterations: 3
min_resources_: 24
max_resources_: 600
aggressive_elimination: False
factor: 3
----------
iter: 0
n_candidates: 12
n_resources: 24
Fitting 2 folds for each of 12 candidates, totalling 24 fits
----------
iter: 1
n_candidates: 4
n_resources: 72
Fitting 2 folds for each of 4 candidates, totalling 8 fits
----------
iter: 2
n_candidates: 2
n_resources: 216
Fitting 2 folds for each of 2 candidates, totalling 4 fits
      -> [Tuned_Baseline] Acc: 0.9100, F1: 0.9034, Time: 0.00s
    Evaluating Model: RNN
      -> [Baseline] Acc: 0.5333, F1: 0.3924, Time: 0.23s
      -> [Tuned_Baseline] Acc: 0.5333, F1: 0.3924, Time: 0.00s
    [=== Generating 2x synthetic data with Jittering ===]
      -> [KNN + Jittering @ 2x] Acc: 0.9753, F1: 0.9750, Time: 0.02s
      -> [RandomForest + Jittering @ 2x] Acc: 0.9853, F1: 0.9853, Time: 0.69s
      -> [LinearSVC + Jittering @ 2x] Acc: 0.7927, F1: 0.7765, Time: 0.02s
      -> [LogisticRegression + Jittering @ 2x] Acc: 0.9260, F1: 0.9219, Time: 0.05s
      -> [RNN + Jittering @ 2x] Acc: 0.6000, F1: 0.4922, Time: 0.26s
    [=== Generating 3x synthetic data with Jittering ===]
      -> [KNN + Jittering @ 3x] Acc: 0.9753, F1: 0.9750, Time: 0.03s
      -> [RandomForest + Jittering @ 3x] Acc: 0.9853, F1: 0.9854, Time: 0.52s
      -> [LinearSVC + Jittering @ 3x] Acc: 0.7907, F1: 0.7752, Time: 0.01s
      -> [LogisticRegression + Jittering @ 3x] Acc: 0.9387, F1: 0.9368, Time: 0.03s
      -> [RNN + Jittering @ 3x] Acc: 0.4000, F1: 0.2423, Time: 0.13s
    [=== Generating 5x synthetic data with Jittering ===]
      -> [KNN + Jittering @ 5x] Acc: 0.9793, F1: 0.9791, Time: 0.02s
      -> [RandomForest + Jittering @ 5x] Acc: 0.9900, F1: 0.9900, Time: 1.03s
      -> [LinearSVC + Jittering @ 5x] Acc: 0.7900, F1: 0.7748, Time: 0.04s
      -> [LogisticRegression + Jittering @ 5x] Acc: 0.9433, F1: 0.9414, Time: 0.07s
      -> [RNN + Jittering @ 5x] Acc: 0.3333, F1: 0.2067, Time: 0.24s
    [=== Generating 10x synthetic data with Jittering ===]
      -> [KNN + Jittering @ 10x] Acc: 0.9733, F1: 0.9729, Time: 0.02s
      -> [RandomForest + Jittering @ 10x] Acc: 0.9907, F1: 0.9907, Time: 1.56s
      -> [LinearSVC + Jittering @ 10x] Acc: 0.7867, F1: 0.7726, Time: 0.07s
      -> [LogisticRegression + Jittering @ 10x] Acc: 0.9373, F1: 0.9355, Time: 0.12s
      -> [RNN + Jittering @ 10x] Acc: 0.5333, F1: 0.3872, Time: 0.55s
    [=== Generating 2x synthetic data with Scaling ===]
      -> [KNN + Scaling @ 2x] Acc: 0.9747, F1: 0.9742, Time: 0.02s
      -> [RandomForest + Scaling @ 2x] Acc: 0.9727, F1: 0.9726, Time: 0.32s
      -> [LinearSVC + Scaling @ 2x] Acc: 0.8087, F1: 0.7856, Time: 0.01s
      -> [LogisticRegression + Scaling @ 2x] Acc: 0.9840, F1: 0.9840, Time: 0.03s
      -> [RNN + Scaling @ 2x] Acc: 0.5333, F1: 0.4222, Time: 0.12s
    [=== Generating 3x synthetic data with Scaling ===]
      -> [KNN + Scaling @ 3x] Acc: 0.9727, F1: 0.9725, Time: 0.01s
      -> [RandomForest + Scaling @ 3x] Acc: 0.9547, F1: 0.9548, Time: 0.39s
      -> [LinearSVC + Scaling @ 3x] Acc: 0.8033, F1: 0.7817, Time: 0.01s
      -> [LogisticRegression + Scaling @ 3x] Acc: 0.9280, F1: 0.9241, Time: 0.05s
      -> [RNN + Scaling @ 3x] Acc: 0.5333, F1: 0.3976, Time: 0.25s
    [=== Generating 5x synthetic data with Scaling ===]
      -> [KNN + Scaling @ 5x] Acc: 0.9680, F1: 0.9676, Time: 0.04s
      -> [RandomForest + Scaling @ 5x] Acc: 0.9780, F1: 0.9781, Time: 0.87s
      -> [LinearSVC + Scaling @ 5x] Acc: 0.7947, F1: 0.7793, Time: 0.04s
      -> [LogisticRegression + Scaling @ 5x] Acc: 0.9007, F1: 0.8914, Time: 0.08s
      -> [RNN + Scaling @ 5x] Acc: 0.4667, F1: 0.3339, Time: 0.29s
    [=== Generating 10x synthetic data with Scaling ===]
      -> [KNN + Scaling @ 10x] Acc: 0.9760, F1: 0.9756, Time: 0.05s
      -> [RandomForest + Scaling @ 10x] Acc: 0.9933, F1: 0.9934, Time: 1.12s
      -> [LinearSVC + Scaling @ 10x] Acc: 0.8073, F1: 0.7795, Time: 0.06s
      -> [LogisticRegression + Scaling @ 10x] Acc: 0.9313, F1: 0.9282, Time: 0.13s
      -> [RNN + Scaling @ 10x] Acc: 0.3333, F1: 0.1746, Time: 0.26s
    [=== Generating 2x synthetic data with Magnitude_Warping ===]
      -> [KNN + Magnitude_Warping @ 2x] Acc: 0.9727, F1: 0.9724, Time: 0.03s
      -> [RandomForest + Magnitude_Warping @ 2x] Acc: 0.9833, F1: 0.9833, Time: 0.71s
      -> [LinearSVC + Magnitude_Warping @ 2x] Acc: 0.7847, F1: 0.7683, Time: 0.02s
      -> [LogisticRegression + Magnitude_Warping @ 2x] Acc: 0.8467, F1: 0.8240, Time: 0.07s
      -> [RNN + Magnitude_Warping @ 2x] Acc: 0.5333, F1: 0.3980, Time: 0.25s
    [=== Generating 3x synthetic data with Magnitude_Warping ===]
      -> [KNN + Magnitude_Warping @ 3x] Acc: 0.9687, F1: 0.9680, Time: 0.03s
      -> [RandomForest + Magnitude_Warping @ 3x] Acc: 0.9967, F1: 0.9967, Time: 0.58s
      -> [LinearSVC + Magnitude_Warping @ 3x] Acc: 0.8240, F1: 0.8007, Time: 0.01s
      -> [LogisticRegression + Magnitude_Warping @ 3x] Acc: 0.9700, F1: 0.9696, Time: 0.11s
      -> [RNN + Magnitude_Warping @ 3x] Acc: 0.4667, F1: 0.3867, Time: 0.28s
    [=== Generating 5x synthetic data with Magnitude_Warping ===]
      -> [KNN + Magnitude_Warping @ 5x] Acc: 0.9773, F1: 0.9771, Time: 0.04s
      -> [RandomForest + Magnitude_Warping @ 5x] Acc: 0.9973, F1: 0.9973, Time: 1.32s
      -> [LinearSVC + Magnitude_Warping @ 5x] Acc: 0.8347, F1: 0.8225, Time: 0.02s
      -> [LogisticRegression + Magnitude_Warping @ 5x] Acc: 0.9827, F1: 0.9830, Time: 0.17s
      -> [RNN + Magnitude_Warping @ 5x] Acc: 0.5333, F1: 0.3924, Time: 0.14s
    [=== Generating 10x synthetic data with Magnitude_Warping ===]
      -> [KNN + Magnitude_Warping @ 10x] Acc: 0.9573, F1: 0.9551, Time: 0.03s
      -> [RandomForest + Magnitude_Warping @ 10x] Acc: 1.0000, F1: 1.0000, Time: 1.81s
      -> [LinearSVC + Magnitude_Warping @ 10x] Acc: 0.8387, F1: 0.8107, Time: 0.06s
      -> [LogisticRegression + Magnitude_Warping @ 10x] Acc: 0.9780, F1: 0.9776, Time: 0.28s
      -> [RNN + Magnitude_Warping @ 10x] Acc: 0.5333, F1: 0.3722, Time: 0.55s
    [=== Generating 2x synthetic data with Time_Warping ===]
      -> [KNN + Time_Warping @ 2x] Acc: 0.9673, F1: 0.9670, Time: 0.03s
      -> [RandomForest + Time_Warping @ 2x] Acc: 0.9813, F1: 0.9814, Time: 0.37s
      -> [LinearSVC + Time_Warping @ 2x] Acc: 0.8200, F1: 0.8061, Time: 0.01s
      -> [LogisticRegression + Time_Warping @ 2x] Acc: 0.9320, F1: 0.9294, Time: 0.04s
      -> [RNN + Time_Warping @ 2x] Acc: 0.4000, F1: 0.3176, Time: 0.25s
    [=== Generating 3x synthetic data with Time_Warping ===]
      -> [KNN + Time_Warping @ 3x] Acc: 0.9700, F1: 0.9696, Time: 0.03s
      -> [RandomForest + Time_Warping @ 3x] Acc: 0.9827, F1: 0.9825, Time: 0.67s
      -> [LinearSVC + Time_Warping @ 3x] Acc: 0.8260, F1: 0.8051, Time: 0.01s
      -> [LogisticRegression + Time_Warping @ 3x] Acc: 1.0000, F1: 1.0000, Time: 0.03s
      -> [RNN + Time_Warping @ 3x] Acc: 0.5333, F1: 0.3872, Time: 0.26s
    [=== Generating 5x synthetic data with Time_Warping ===]
      -> [KNN + Time_Warping @ 5x] Acc: 0.9520, F1: 0.9509, Time: 0.02s
      -> [RandomForest + Time_Warping @ 5x] Acc: 0.9767, F1: 0.9765, Time: 0.86s
      -> [LinearSVC + Time_Warping @ 5x] Acc: 0.8000, F1: 0.7804, Time: 0.03s
      -> [LogisticRegression + Time_Warping @ 5x] Acc: 1.0000, F1: 1.0000, Time: 0.08s
      -> [RNN + Time_Warping @ 5x] Acc: 0.3333, F1: 0.1924, Time: 0.28s
    [=== Generating 10x synthetic data with Time_Warping ===]
      -> [KNN + Time_Warping @ 10x] Acc: 0.9673, F1: 0.9669, Time: 0.04s
      -> [RandomForest + Time_Warping @ 10x] Acc: 0.9613, F1: 0.9618, Time: 1.13s
      -> [LinearSVC + Time_Warping @ 10x] Acc: 0.8460, F1: 0.8324, Time: 0.06s
      -> [LogisticRegression + Time_Warping @ 10x] Acc: 1.0000, F1: 1.0000, Time: 0.10s
      -> [RNN + Time_Warping @ 10x] Acc: 0.2667, F1: 0.1200, Time: 0.55s

    >> Seed Fold Selection: 7/10
    Evaluating Model: KNN
      -> [Baseline] Acc: 0.9867, F1: 0.9867, Time: 0.07s
      HP Tuning KNN...
n_iterations: 3
n_required_iterations: 3
n_possible_iterations: 3
min_resources_: 24
max_resources_: 600
aggressive_elimination: False
factor: 3
----------
iter: 0
n_candidates: 20
n_resources: 24
Fitting 2 folds for each of 20 candidates, totalling 40 fits
----------
iter: 1
n_candidates: 7
n_resources: 72
Fitting 2 folds for each of 7 candidates, totalling 14 fits
----------
iter: 2
n_candidates: 3
n_resources: 216
Fitting 2 folds for each of 3 candidates, totalling 6 fits
      -> [Tuned_Baseline] Acc: 0.9853, F1: 0.9853, Time: 0.02s
    Evaluating Model: RandomForest
      -> [Baseline] Acc: 0.9267, F1: 0.9280, Time: 0.36s
      HP Tuning RandomForest...
n_iterations: 3
n_required_iterations: 3
n_possible_iterations: 3
min_resources_: 24
max_resources_: 600
aggressive_elimination: False
factor: 3
----------
iter: 0
n_candidates: 20
n_resources: 24
Fitting 2 folds for each of 20 candidates, totalling 40 fits
----------
iter: 1
n_candidates: 7
n_resources: 72
Fitting 2 folds for each of 7 candidates, totalling 14 fits
----------
iter: 2
n_candidates: 3
n_resources: 216
Fitting 2 folds for each of 3 candidates, totalling 6 fits
      -> [Tuned_Baseline] Acc: 0.9300, F1: 0.9319, Time: 0.01s
    Evaluating Model: LinearSVC
      -> [Baseline] Acc: 0.8047, F1: 0.7984, Time: 0.01s
      HP Tuning LinearSVC...
n_iterations: 3
n_required_iterations: 3
n_possible_iterations: 3
min_resources_: 24
max_resources_: 600
aggressive_elimination: False
factor: 3
----------
iter: 0
n_candidates: 20
n_resources: 24
Fitting 2 folds for each of 20 candidates, totalling 40 fits
----------
iter: 1
n_candidates: 7
n_resources: 72
Fitting 2 folds for each of 7 candidates, totalling 14 fits
----------
iter: 2
n_candidates: 3
n_resources: 216
Fitting 2 folds for each of 3 candidates, totalling 6 fits
      -> [Tuned_Baseline] Acc: 0.8027, F1: 0.7963, Time: 0.00s
    Evaluating Model: LogisticRegression
      -> [Baseline] Acc: 0.9747, F1: 0.9742, Time: 0.04s
      HP Tuning LogisticRegression...
n_iterations: 3
n_required_iterations: 3
n_possible_iterations: 3
min_resources_: 24
max_resources_: 600
aggressive_elimination: False
factor: 3
----------
iter: 0
n_candidates: 12
n_resources: 24
Fitting 2 folds for each of 12 candidates, totalling 24 fits
----------
iter: 1
n_candidates: 4
n_resources: 72
Fitting 2 folds for each of 4 candidates, totalling 8 fits
----------
iter: 2
n_candidates: 2
n_resources: 216
Fitting 2 folds for each of 2 candidates, totalling 4 fits
      -> [Tuned_Baseline] Acc: 0.9953, F1: 0.9953, Time: 0.00s
    Evaluating Model: RNN
      -> [Baseline] Acc: 0.5333, F1: 0.3924, Time: 0.11s
      -> [Tuned_Baseline] Acc: 0.5333, F1: 0.3924, Time: 0.00s
    [=== Generating 2x synthetic data with Jittering ===]
      -> [KNN + Jittering @ 2x] Acc: 0.9873, F1: 0.9873, Time: 0.02s
      -> [RandomForest + Jittering @ 2x] Acc: 0.9527, F1: 0.9541, Time: 0.28s
      -> [LinearSVC + Jittering @ 2x] Acc: 0.8220, F1: 0.8225, Time: 0.01s
      -> [LogisticRegression + Jittering @ 2x] Acc: 0.9947, F1: 0.9946, Time: 0.04s
      -> [RNN + Jittering @ 2x] Acc: 0.2667, F1: 0.1889, Time: 0.25s
    [=== Generating 3x synthetic data with Jittering ===]
      -> [KNN + Jittering @ 3x] Acc: 0.9887, F1: 0.9887, Time: 0.03s
      -> [RandomForest + Jittering @ 3x] Acc: 0.9387, F1: 0.9399, Time: 0.46s
      -> [LinearSVC + Jittering @ 3x] Acc: 0.8087, F1: 0.8040, Time: 0.02s
      -> [LogisticRegression + Jittering @ 3x] Acc: 0.9947, F1: 0.9946, Time: 0.02s
      -> [RNN + Jittering @ 3x] Acc: 0.6000, F1: 0.4700, Time: 0.12s
    [=== Generating 5x synthetic data with Jittering ===]
      -> [KNN + Jittering @ 5x] Acc: 0.9940, F1: 0.9940, Time: 0.02s
      -> [RandomForest + Jittering @ 5x] Acc: 0.9540, F1: 0.9555, Time: 0.67s
      -> [LinearSVC + Jittering @ 5x] Acc: 0.7927, F1: 0.7797, Time: 0.03s
      -> [LogisticRegression + Jittering @ 5x] Acc: 0.9907, F1: 0.9906, Time: 0.07s
      -> [RNN + Jittering @ 5x] Acc: 0.6667, F1: 0.5714, Time: 0.14s
    [=== Generating 10x synthetic data with Jittering ===]
      -> [KNN + Jittering @ 10x] Acc: 0.9940, F1: 0.9940, Time: 0.05s
      -> [RandomForest + Jittering @ 10x] Acc: 0.9620, F1: 0.9623, Time: 1.25s
      -> [LinearSVC + Jittering @ 10x] Acc: 0.8080, F1: 0.8015, Time: 0.07s
      -> [LogisticRegression + Jittering @ 10x] Acc: 0.9780, F1: 0.9774, Time: 0.11s
      -> [RNN + Jittering @ 10x] Acc: 0.5333, F1: 0.3980, Time: 0.58s
    [=== Generating 2x synthetic data with Scaling ===]
      -> [KNN + Scaling @ 2x] Acc: 0.9880, F1: 0.9880, Time: 0.03s
      -> [RandomForest + Scaling @ 2x] Acc: 0.9360, F1: 0.9367, Time: 0.33s
      -> [LinearSVC + Scaling @ 2x] Acc: 0.8040, F1: 0.8038, Time: 0.01s
      -> [LogisticRegression + Scaling @ 2x] Acc: 0.9993, F1: 0.9993, Time: 0.04s
      -> [RNN + Scaling @ 2x] Acc: 0.6000, F1: 0.4870, Time: 0.19s
    [=== Generating 3x synthetic data with Scaling ===]
      -> [KNN + Scaling @ 3x] Acc: 0.9920, F1: 0.9920, Time: 0.01s
      -> [RandomForest + Scaling @ 3x] Acc: 0.9353, F1: 0.9367, Time: 0.35s
      -> [LinearSVC + Scaling @ 3x] Acc: 0.7467, F1: 0.7637, Time: 0.02s
      -> [LogisticRegression + Scaling @ 3x] Acc: 0.9960, F1: 0.9960, Time: 0.07s
      -> [RNN + Scaling @ 3x] Acc: 0.6000, F1: 0.4789, Time: 0.12s
    [=== Generating 5x synthetic data with Scaling ===]
      -> [KNN + Scaling @ 5x] Acc: 0.9920, F1: 0.9920, Time: 0.04s
      -> [RandomForest + Scaling @ 5x] Acc: 0.9300, F1: 0.9330, Time: 0.54s
      -> [LinearSVC + Scaling @ 5x] Acc: 0.7860, F1: 0.7851, Time: 0.03s
      -> [LogisticRegression + Scaling @ 5x] Acc: 0.9900, F1: 0.9899, Time: 0.11s
      -> [RNN + Scaling @ 5x] Acc: 0.4000, F1: 0.2869, Time: 0.32s
    [=== Generating 10x synthetic data with Scaling ===]
      -> [KNN + Scaling @ 10x] Acc: 0.9927, F1: 0.9927, Time: 0.05s
      -> [RandomForest + Scaling @ 10x] Acc: 0.9640, F1: 0.9643, Time: 0.58s
      -> [LinearSVC + Scaling @ 10x] Acc: 0.8720, F1: 0.8719, Time: 0.06s
      -> [LogisticRegression + Scaling @ 10x] Acc: 0.9993, F1: 0.9993, Time: 0.19s
      -> [RNN + Scaling @ 10x] Acc: 0.2667, F1: 0.1644, Time: 0.38s
    [=== Generating 2x synthetic data with Magnitude_Warping ===]
      -> [KNN + Magnitude_Warping @ 2x] Acc: 0.9807, F1: 0.9807, Time: 0.03s
      -> [RandomForest + Magnitude_Warping @ 2x] Acc: 0.9367, F1: 0.9370, Time: 0.32s
      -> [LinearSVC + Magnitude_Warping @ 2x] Acc: 0.8567, F1: 0.8549, Time: 0.01s
      -> [LogisticRegression + Magnitude_Warping @ 2x] Acc: 0.9773, F1: 0.9770, Time: 0.03s
      -> [RNN + Magnitude_Warping @ 2x] Acc: 0.3333, F1: 0.2267, Time: 0.24s
    [=== Generating 3x synthetic data with Magnitude_Warping ===]
      -> [KNN + Magnitude_Warping @ 3x] Acc: 0.9787, F1: 0.9787, Time: 0.03s
      -> [RandomForest + Magnitude_Warping @ 3x] Acc: 0.9540, F1: 0.9545, Time: 0.24s
      -> [LinearSVC + Magnitude_Warping @ 3x] Acc: 0.8513, F1: 0.8561, Time: 0.02s
      -> [LogisticRegression + Magnitude_Warping @ 3x] Acc: 0.9947, F1: 0.9947, Time: 0.13s
      -> [RNN + Magnitude_Warping @ 3x] Acc: 0.6667, F1: 0.5651, Time: 0.20s
    [=== Generating 5x synthetic data with Magnitude_Warping ===]
      -> [KNN + Magnitude_Warping @ 5x] Acc: 0.9773, F1: 0.9774, Time: 0.04s
      -> [RandomForest + Magnitude_Warping @ 5x] Acc: 0.9393, F1: 0.9422, Time: 0.43s
      -> [LinearSVC + Magnitude_Warping @ 5x] Acc: 0.8373, F1: 0.8446, Time: 0.02s
      -> [LogisticRegression + Magnitude_Warping @ 5x] Acc: 0.9720, F1: 0.9718, Time: 0.18s
      -> [RNN + Magnitude_Warping @ 5x] Acc: 0.4000, F1: 0.3000, Time: 0.15s
    [=== Generating 10x synthetic data with Magnitude_Warping ===]
      -> [KNN + Magnitude_Warping @ 10x] Acc: 0.9820, F1: 0.9821, Time: 0.03s
      -> [RandomForest + Magnitude_Warping @ 10x] Acc: 0.9620, F1: 0.9625, Time: 1.01s
      -> [LinearSVC + Magnitude_Warping @ 10x] Acc: 0.8680, F1: 0.8629, Time: 0.06s
      -> [LogisticRegression + Magnitude_Warping @ 10x] Acc: 0.9913, F1: 0.9913, Time: 0.30s
      -> [RNN + Magnitude_Warping @ 10x] Acc: 0.4667, F1: 0.3651, Time: 0.56s
    [=== Generating 2x synthetic data with Time_Warping ===]
      -> [KNN + Time_Warping @ 2x] Acc: 0.9853, F1: 0.9853, Time: 0.03s
      -> [RandomForest + Time_Warping @ 2x] Acc: 0.9027, F1: 0.9050, Time: 0.30s
      -> [LinearSVC + Time_Warping @ 2x] Acc: 0.8420, F1: 0.8385, Time: 0.01s
      -> [LogisticRegression + Time_Warping @ 2x] Acc: 0.9973, F1: 0.9973, Time: 0.02s
      -> [RNN + Time_Warping @ 2x] Acc: 0.6000, F1: 0.5137, Time: 0.22s
    [=== Generating 3x synthetic data with Time_Warping ===]
      -> [KNN + Time_Warping @ 3x] Acc: 0.9860, F1: 0.9860, Time: 0.02s
      -> [RandomForest + Time_Warping @ 3x] Acc: 0.9247, F1: 0.9254, Time: 0.20s
      -> [LinearSVC + Time_Warping @ 3x] Acc: 0.8720, F1: 0.8715, Time: 0.02s
      -> [LogisticRegression + Time_Warping @ 3x] Acc: 0.9993, F1: 0.9993, Time: 0.07s
      -> [RNN + Time_Warping @ 3x] Acc: 0.6000, F1: 0.5089, Time: 0.25s
    [=== Generating 5x synthetic data with Time_Warping ===]
      -> [KNN + Time_Warping @ 5x] Acc: 0.9853, F1: 0.9853, Time: 0.05s
      -> [RandomForest + Time_Warping @ 5x] Acc: 0.9300, F1: 0.9306, Time: 0.62s
      -> [LinearSVC + Time_Warping @ 5x] Acc: 0.8707, F1: 0.8722, Time: 0.03s
      -> [LogisticRegression + Time_Warping @ 5x] Acc: 1.0000, F1: 1.0000, Time: 0.04s
      -> [RNN + Time_Warping @ 5x] Acc: 0.3333, F1: 0.2190, Time: 0.13s
    [=== Generating 10x synthetic data with Time_Warping ===]
      -> [KNN + Time_Warping @ 10x] Acc: 0.9807, F1: 0.9807, Time: 0.04s
      -> [RandomForest + Time_Warping @ 10x] Acc: 0.9160, F1: 0.9168, Time: 0.54s
      -> [LinearSVC + Time_Warping @ 10x] Acc: 0.8667, F1: 0.8657, Time: 0.03s
      -> [LogisticRegression + Time_Warping @ 10x] Acc: 1.0000, F1: 1.0000, Time: 0.13s
      -> [RNN + Time_Warping @ 10x] Acc: 0.5333, F1: 0.3980, Time: 0.34s

    >> Seed Fold Selection: 8/10
    Evaluating Model: KNN
      -> [Baseline] Acc: 0.9833, F1: 0.9834, Time: 0.07s
      HP Tuning KNN...
n_iterations: 3
n_required_iterations: 3
n_possible_iterations: 3
min_resources_: 24
max_resources_: 600
aggressive_elimination: False
factor: 3
----------
iter: 0
n_candidates: 20
n_resources: 24
Fitting 2 folds for each of 20 candidates, totalling 40 fits
----------
iter: 1
n_candidates: 7
n_resources: 72
Fitting 2 folds for each of 7 candidates, totalling 14 fits
----------
iter: 2
n_candidates: 3
n_resources: 216
Fitting 2 folds for each of 3 candidates, totalling 6 fits
      -> [Tuned_Baseline] Acc: 0.9833, F1: 0.9834, Time: 0.01s
    Evaluating Model: RandomForest
      -> [Baseline] Acc: 0.9673, F1: 0.9669, Time: 0.23s
      HP Tuning RandomForest...
n_iterations: 3
n_required_iterations: 3
n_possible_iterations: 3
min_resources_: 24
max_resources_: 600
aggressive_elimination: False
factor: 3
----------
iter: 0
n_candidates: 20
n_resources: 24
Fitting 2 folds for each of 20 candidates, totalling 40 fits
----------
iter: 1
n_candidates: 7
n_resources: 72
Fitting 2 folds for each of 7 candidates, totalling 14 fits
----------
iter: 2
n_candidates: 3
n_resources: 216
Fitting 2 folds for each of 3 candidates, totalling 6 fits
      -> [Tuned_Baseline] Acc: 0.9673, F1: 0.9669, Time: 0.01s
    Evaluating Model: LinearSVC
      -> [Baseline] Acc: 0.9687, F1: 0.9688, Time: 0.01s
      HP Tuning LinearSVC...
n_iterations: 3
n_required_iterations: 3
n_possible_iterations: 3
min_resources_: 24
max_resources_: 600
aggressive_elimination: False
factor: 3
----------
iter: 0
n_candidates: 20
n_resources: 24
Fitting 2 folds for each of 20 candidates, totalling 40 fits
----------
iter: 1
n_candidates: 7
n_resources: 72
Fitting 2 folds for each of 7 candidates, totalling 14 fits
----------
iter: 2
n_candidates: 3
n_resources: 216
Fitting 2 folds for each of 3 candidates, totalling 6 fits
      -> [Tuned_Baseline] Acc: 0.9687, F1: 0.9688, Time: 0.00s
    Evaluating Model: LogisticRegression
      -> [Baseline] Acc: 0.9860, F1: 0.9861, Time: 0.03s
      HP Tuning LogisticRegression...
n_iterations: 3
n_required_iterations: 3
n_possible_iterations: 3
min_resources_: 24
max_resources_: 600
aggressive_elimination: False
factor: 3
----------
iter: 0
n_candidates: 12
n_resources: 24
Fitting 2 folds for each of 12 candidates, totalling 24 fits
----------
iter: 1
n_candidates: 4
n_resources: 72
Fitting 2 folds for each of 4 candidates, totalling 8 fits
----------
iter: 2
n_candidates: 2
n_resources: 216
Fitting 2 folds for each of 2 candidates, totalling 4 fits
      -> [Tuned_Baseline] Acc: 0.9933, F1: 0.9933, Time: 0.00s
    Evaluating Model: RNN
      -> [Baseline] Acc: 0.6667, F1: 0.5722, Time: 0.23s
      -> [Tuned_Baseline] Acc: 0.6667, F1: 0.5722, Time: 0.00s
    [=== Generating 2x synthetic data with Jittering ===]
      -> [KNN + Jittering @ 2x] Acc: 0.9907, F1: 0.9907, Time: 0.02s
      -> [RandomForest + Jittering @ 2x] Acc: 0.9767, F1: 0.9769, Time: 0.43s
      -> [LinearSVC + Jittering @ 2x] Acc: 0.9560, F1: 0.9569, Time: 0.01s
      -> [LogisticRegression + Jittering @ 2x] Acc: 0.9920, F1: 0.9920, Time: 0.06s
      -> [RNN + Jittering @ 2x] Acc: 0.6000, F1: 0.5225, Time: 0.25s
    [=== Generating 3x synthetic data with Jittering ===]
      -> [KNN + Jittering @ 3x] Acc: 0.9927, F1: 0.9927, Time: 0.03s
      -> [RandomForest + Jittering @ 3x] Acc: 0.9740, F1: 0.9743, Time: 0.88s
      -> [LinearSVC + Jittering @ 3x] Acc: 0.9467, F1: 0.9478, Time: 0.02s
      -> [LogisticRegression + Jittering @ 3x] Acc: 0.9933, F1: 0.9933, Time: 0.03s
      -> [RNN + Jittering @ 3x] Acc: 0.4667, F1: 0.3367, Time: 0.26s
    [=== Generating 5x synthetic data with Jittering ===]
      -> [KNN + Jittering @ 5x] Acc: 0.9933, F1: 0.9934, Time: 0.04s
      -> [RandomForest + Jittering @ 5x] Acc: 0.9773, F1: 0.9775, Time: 1.36s
      -> [LinearSVC + Jittering @ 5x] Acc: 0.9380, F1: 0.9392, Time: 0.03s
      -> [LogisticRegression + Jittering @ 5x] Acc: 0.9947, F1: 0.9947, Time: 0.04s
      -> [RNN + Jittering @ 5x] Acc: 0.4667, F1: 0.3561, Time: 0.28s
    [=== Generating 10x synthetic data with Jittering ===]
      -> [KNN + Jittering @ 10x] Acc: 0.9927, F1: 0.9927, Time: 0.05s
      -> [RandomForest + Jittering @ 10x] Acc: 0.9773, F1: 0.9775, Time: 2.05s
      -> [LinearSVC + Jittering @ 10x] Acc: 0.9373, F1: 0.9387, Time: 0.07s
      -> [LogisticRegression + Jittering @ 10x] Acc: 0.9933, F1: 0.9934, Time: 0.10s
      -> [RNN + Jittering @ 10x] Acc: 0.4000, F1: 0.3081, Time: 0.57s
    [=== Generating 2x synthetic data with Scaling ===]
      -> [KNN + Scaling @ 2x] Acc: 0.9900, F1: 0.9900, Time: 0.02s
      -> [RandomForest + Scaling @ 2x] Acc: 0.9740, F1: 0.9744, Time: 0.42s
      -> [LinearSVC + Scaling @ 2x] Acc: 0.9673, F1: 0.9677, Time: 0.01s
      -> [LogisticRegression + Scaling @ 2x] Acc: 0.9960, F1: 0.9960, Time: 0.06s
      -> [RNN + Scaling @ 2x] Acc: 0.7333, F1: 0.6770, Time: 0.25s
    [=== Generating 3x synthetic data with Scaling ===]
      -> [KNN + Scaling @ 3x] Acc: 0.9913, F1: 0.9914, Time: 0.03s
      -> [RandomForest + Scaling @ 3x] Acc: 0.9660, F1: 0.9663, Time: 0.47s
      -> [LinearSVC + Scaling @ 3x] Acc: 0.9467, F1: 0.9472, Time: 0.02s
      -> [LogisticRegression + Scaling @ 3x] Acc: 0.9960, F1: 0.9960, Time: 0.04s
      -> [RNN + Scaling @ 3x] Acc: 0.3333, F1: 0.1924, Time: 0.12s
    [=== Generating 5x synthetic data with Scaling ===]
      -> [KNN + Scaling @ 5x] Acc: 0.9913, F1: 0.9914, Time: 0.02s
      -> [RandomForest + Scaling @ 5x] Acc: 0.9627, F1: 0.9632, Time: 0.60s
      -> [LinearSVC + Scaling @ 5x] Acc: 0.9627, F1: 0.9626, Time: 0.03s
      -> [LogisticRegression + Scaling @ 5x] Acc: 0.9973, F1: 0.9973, Time: 0.07s
      -> [RNN + Scaling @ 5x] Acc: 0.4667, F1: 0.3289, Time: 0.19s
    [=== Generating 10x synthetic data with Scaling ===]
      -> [KNN + Scaling @ 10x] Acc: 0.9913, F1: 0.9914, Time: 0.05s
      -> [RandomForest + Scaling @ 10x] Acc: 0.9713, F1: 0.9716, Time: 1.20s
      -> [LinearSVC + Scaling @ 10x] Acc: 0.9653, F1: 0.9654, Time: 0.03s
      -> [LogisticRegression + Scaling @ 10x] Acc: 0.9920, F1: 0.9920, Time: 0.09s
      -> [RNN + Scaling @ 10x] Acc: 0.8667, F1: 0.8167, Time: 0.27s
    [=== Generating 2x synthetic data with Magnitude_Warping ===]
      -> [KNN + Magnitude_Warping @ 2x] Acc: 0.9873, F1: 0.9874, Time: 0.02s
      -> [RandomForest + Magnitude_Warping @ 2x] Acc: 0.9667, F1: 0.9671, Time: 0.60s
      -> [LinearSVC + Magnitude_Warping @ 2x] Acc: 0.9513, F1: 0.9511, Time: 0.01s
      -> [LogisticRegression + Magnitude_Warping @ 2x] Acc: 0.9960, F1: 0.9960, Time: 0.05s
      -> [RNN + Magnitude_Warping @ 2x] Acc: 0.8000, F1: 0.7524, Time: 0.25s
    [=== Generating 3x synthetic data with Magnitude_Warping ===]
      -> [KNN + Magnitude_Warping @ 3x] Acc: 0.9767, F1: 0.9766, Time: 0.03s
      -> [RandomForest + Magnitude_Warping @ 3x] Acc: 0.9767, F1: 0.9769, Time: 0.82s
      -> [LinearSVC + Magnitude_Warping @ 3x] Acc: 0.9213, F1: 0.9184, Time: 0.02s
      -> [LogisticRegression + Magnitude_Warping @ 3x] Acc: 0.9980, F1: 0.9980, Time: 0.07s
      -> [RNN + Magnitude_Warping @ 3x] Acc: 0.5333, F1: 0.4424, Time: 0.25s
    [=== Generating 5x synthetic data with Magnitude_Warping ===]
      -> [KNN + Magnitude_Warping @ 5x] Acc: 0.9887, F1: 0.9887, Time: 0.02s
      -> [RandomForest + Magnitude_Warping @ 5x] Acc: 0.9733, F1: 0.9739, Time: 1.36s
      -> [LinearSVC + Magnitude_Warping @ 5x] Acc: 0.9660, F1: 0.9658, Time: 0.03s
      -> [LogisticRegression + Magnitude_Warping @ 5x] Acc: 0.9980, F1: 0.9980, Time: 0.13s
      -> [RNN + Magnitude_Warping @ 5x] Acc: 0.4000, F1: 0.2333, Time: 0.18s
    [=== Generating 10x synthetic data with Magnitude_Warping ===]
      -> [KNN + Magnitude_Warping @ 10x] Acc: 0.9853, F1: 0.9854, Time: 0.05s
      -> [RandomForest + Magnitude_Warping @ 10x] Acc: 0.9660, F1: 0.9664, Time: 1.57s
      -> [LinearSVC + Magnitude_Warping @ 10x] Acc: 0.9587, F1: 0.9584, Time: 0.07s
      -> [LogisticRegression + Magnitude_Warping @ 10x] Acc: 1.0000, F1: 1.0000, Time: 0.31s
      -> [RNN + Magnitude_Warping @ 10x] Acc: 0.4667, F1: 0.3833, Time: 0.31s
    [=== Generating 2x synthetic data with Time_Warping ===]
      -> [KNN + Time_Warping @ 2x] Acc: 0.9793, F1: 0.9793, Time: 0.01s
      -> [RandomForest + Time_Warping @ 2x] Acc: 0.9747, F1: 0.9745, Time: 0.31s
      -> [LinearSVC + Time_Warping @ 2x] Acc: 0.9540, F1: 0.9535, Time: 0.01s
      -> [LogisticRegression + Time_Warping @ 2x] Acc: 1.0000, F1: 1.0000, Time: 0.02s
      -> [RNN + Time_Warping @ 2x] Acc: 0.5333, F1: 0.4333, Time: 0.13s
    [=== Generating 3x synthetic data with Time_Warping ===]
      -> [KNN + Time_Warping @ 3x] Acc: 0.9840, F1: 0.9840, Time: 0.04s
      -> [RandomForest + Time_Warping @ 3x] Acc: 0.9800, F1: 0.9802, Time: 0.78s
      -> [LinearSVC + Time_Warping @ 3x] Acc: 0.9100, F1: 0.9103, Time: 0.01s
      -> [LogisticRegression + Time_Warping @ 3x] Acc: 1.0000, F1: 1.0000, Time: 0.03s
      -> [RNN + Time_Warping @ 3x] Acc: 0.6667, F1: 0.6133, Time: 0.25s
    [=== Generating 5x synthetic data with Time_Warping ===]
      -> [KNN + Time_Warping @ 5x] Acc: 0.9833, F1: 0.9833, Time: 0.02s
      -> [RandomForest + Time_Warping @ 5x] Acc: 0.9640, F1: 0.9644, Time: 0.56s
      -> [LinearSVC + Time_Warping @ 5x] Acc: 0.9267, F1: 0.9267, Time: 0.02s
      -> [LogisticRegression + Time_Warping @ 5x] Acc: 1.0000, F1: 1.0000, Time: 0.04s
      -> [RNN + Time_Warping @ 5x] Acc: 0.5333, F1: 0.3872, Time: 0.28s
    [=== Generating 10x synthetic data with Time_Warping ===]
      -> [KNN + Time_Warping @ 10x] Acc: 0.9860, F1: 0.9860, Time: 0.08s
      -> [RandomForest + Time_Warping @ 10x] Acc: 0.9667, F1: 0.9670, Time: 1.46s
      -> [LinearSVC + Time_Warping @ 10x] Acc: 0.9127, F1: 0.9120, Time: 0.04s
      -> [LogisticRegression + Time_Warping @ 10x] Acc: 1.0000, F1: 1.0000, Time: 0.10s
      -> [RNN + Time_Warping @ 10x] Acc: 0.3333, F1: 0.1924, Time: 0.52s

    >> Seed Fold Selection: 9/10
    Evaluating Model: KNN
      -> [Baseline] Acc: 0.9500, F1: 0.9504, Time: 0.08s
      HP Tuning KNN...
n_iterations: 3
n_required_iterations: 3
n_possible_iterations: 3
min_resources_: 24
max_resources_: 600
aggressive_elimination: False
factor: 3
----------
iter: 0
n_candidates: 20
n_resources: 24
Fitting 2 folds for each of 20 candidates, totalling 40 fits
----------
iter: 1
n_candidates: 7
n_resources: 72
Fitting 2 folds for each of 7 candidates, totalling 14 fits
----------
iter: 2
n_candidates: 3
n_resources: 216
Fitting 2 folds for each of 3 candidates, totalling 6 fits
      -> [Tuned_Baseline] Acc: 0.9507, F1: 0.9511, Time: 0.01s
    Evaluating Model: RandomForest
      -> [Baseline] Acc: 0.9480, F1: 0.9485, Time: 0.26s
      HP Tuning RandomForest...
n_iterations: 3
n_required_iterations: 3
n_possible_iterations: 3
min_resources_: 24
max_resources_: 600
aggressive_elimination: False
factor: 3
----------
iter: 0
n_candidates: 20
n_resources: 24
Fitting 2 folds for each of 20 candidates, totalling 40 fits
----------
iter: 1
n_candidates: 7
n_resources: 72
Fitting 2 folds for each of 7 candidates, totalling 14 fits
----------
iter: 2
n_candidates: 3
n_resources: 216
Fitting 2 folds for each of 3 candidates, totalling 6 fits
      -> [Tuned_Baseline] Acc: 0.9493, F1: 0.9498, Time: 0.01s
    Evaluating Model: LinearSVC
      -> [Baseline] Acc: 0.8960, F1: 0.8902, Time: 0.01s
      HP Tuning LinearSVC...
n_iterations: 3
n_required_iterations: 3
n_possible_iterations: 3
min_resources_: 24
max_resources_: 600
aggressive_elimination: False
factor: 3
----------
iter: 0
n_candidates: 20
n_resources: 24
Fitting 2 folds for each of 20 candidates, totalling 40 fits
----------
iter: 1
n_candidates: 7
n_resources: 72
Fitting 2 folds for each of 7 candidates, totalling 14 fits
----------
iter: 2
n_candidates: 3
n_resources: 216
Fitting 2 folds for each of 3 candidates, totalling 6 fits
      -> [Tuned_Baseline] Acc: 0.8660, F1: 0.8576, Time: 0.00s
    Evaluating Model: LogisticRegression
      -> [Baseline] Acc: 0.9760, F1: 0.9762, Time: 0.04s
      HP Tuning LogisticRegression...
n_iterations: 3
n_required_iterations: 3
n_possible_iterations: 3
min_resources_: 24
max_resources_: 600
aggressive_elimination: False
factor: 3
----------
iter: 0
n_candidates: 12
n_resources: 24
Fitting 2 folds for each of 12 candidates, totalling 24 fits
----------
iter: 1
n_candidates: 4
n_resources: 72
Fitting 2 folds for each of 4 candidates, totalling 8 fits
----------
iter: 2
n_candidates: 2
n_resources: 216
Fitting 2 folds for each of 2 candidates, totalling 4 fits
      -> [Tuned_Baseline] Acc: 1.0000, F1: 1.0000, Time: 0.00s
    Evaluating Model: RNN
      -> [Baseline] Acc: 0.6000, F1: 0.5032, Time: 0.19s
      -> [Tuned_Baseline] Acc: 0.6000, F1: 0.5032, Time: 0.00s
    [=== Generating 2x synthetic data with Jittering ===]
      -> [KNN + Jittering @ 2x] Acc: 0.9560, F1: 0.9564, Time: 0.03s
      -> [RandomForest + Jittering @ 2x] Acc: 0.9547, F1: 0.9551, Time: 0.35s
      -> [LinearSVC + Jittering @ 2x] Acc: 0.8793, F1: 0.8702, Time: 0.01s
      -> [LogisticRegression + Jittering @ 2x] Acc: 1.0000, F1: 1.0000, Time: 0.01s
      -> [RNN + Jittering @ 2x] Acc: 0.6000, F1: 0.4922, Time: 0.11s
    [=== Generating 3x synthetic data with Jittering ===]
      -> [KNN + Jittering @ 3x] Acc: 0.9607, F1: 0.9611, Time: 0.03s
      -> [RandomForest + Jittering @ 3x] Acc: 0.9507, F1: 0.9511, Time: 0.55s
      -> [LinearSVC + Jittering @ 3x] Acc: 0.8827, F1: 0.8722, Time: 0.02s
      -> [LogisticRegression + Jittering @ 3x] Acc: 1.0000, F1: 1.0000, Time: 0.03s
      -> [RNN + Jittering @ 3x] Acc: 0.3333, F1: 0.2551, Time: 0.26s
    [=== Generating 5x synthetic data with Jittering ===]
      -> [KNN + Jittering @ 5x] Acc: 0.9607, F1: 0.9610, Time: 0.04s
      -> [RandomForest + Jittering @ 5x] Acc: 0.9507, F1: 0.9511, Time: 0.98s
      -> [LinearSVC + Jittering @ 5x] Acc: 0.8887, F1: 0.8815, Time: 0.03s
      -> [LogisticRegression + Jittering @ 5x] Acc: 0.9993, F1: 0.9993, Time: 0.03s
      -> [RNN + Jittering @ 5x] Acc: 0.5333, F1: 0.4139, Time: 0.28s
    [=== Generating 10x synthetic data with Jittering ===]
      -> [KNN + Jittering @ 10x] Acc: 0.9600, F1: 0.9604, Time: 0.05s
      -> [RandomForest + Jittering @ 10x] Acc: 0.9553, F1: 0.9557, Time: 1.41s
      -> [LinearSVC + Jittering @ 10x] Acc: 0.8873, F1: 0.8766, Time: 0.03s
      -> [LogisticRegression + Jittering @ 10x] Acc: 0.9993, F1: 0.9993, Time: 0.06s
      -> [RNN + Jittering @ 10x] Acc: 0.6000, F1: 0.5048, Time: 0.31s
    [=== Generating 2x synthetic data with Scaling ===]
      -> [KNN + Scaling @ 2x] Acc: 0.9487, F1: 0.9491, Time: 0.01s
      -> [RandomForest + Scaling @ 2x] Acc: 0.9480, F1: 0.9484, Time: 0.31s
      -> [LinearSVC + Scaling @ 2x] Acc: 0.8913, F1: 0.8903, Time: 0.01s
      -> [LogisticRegression + Scaling @ 2x] Acc: 0.9940, F1: 0.9940, Time: 0.01s
      -> [RNN + Scaling @ 2x] Acc: 0.3333, F1: 0.2400, Time: 0.12s
    [=== Generating 3x synthetic data with Scaling ===]
      -> [KNN + Scaling @ 3x] Acc: 0.9533, F1: 0.9537, Time: 0.01s
      -> [RandomForest + Scaling @ 3x] Acc: 0.9560, F1: 0.9551, Time: 0.83s
      -> [LinearSVC + Scaling @ 3x] Acc: 0.9220, F1: 0.9208, Time: 0.01s
      -> [LogisticRegression + Scaling @ 3x] Acc: 1.0000, F1: 1.0000, Time: 0.02s
      -> [RNN + Scaling @ 3x] Acc: 0.8000, F1: 0.7581, Time: 0.16s
    [=== Generating 5x synthetic data with Scaling ===]
      -> [KNN + Scaling @ 5x] Acc: 0.9573, F1: 0.9577, Time: 0.02s
      -> [RandomForest + Scaling @ 5x] Acc: 0.9547, F1: 0.9551, Time: 0.66s
      -> [LinearSVC + Scaling @ 5x] Acc: 0.9427, F1: 0.9442, Time: 0.04s
      -> [LogisticRegression + Scaling @ 5x] Acc: 0.9940, F1: 0.9940, Time: 0.04s
      -> [RNN + Scaling @ 5x] Acc: 0.6000, F1: 0.4629, Time: 0.30s
    [=== Generating 10x synthetic data with Scaling ===]
      -> [KNN + Scaling @ 10x] Acc: 0.9513, F1: 0.9518, Time: 0.05s
      -> [RandomForest + Scaling @ 10x] Acc: 0.9567, F1: 0.9571, Time: 1.36s
      -> [LinearSVC + Scaling @ 10x] Acc: 0.9127, F1: 0.9085, Time: 0.06s
      -> [LogisticRegression + Scaling @ 10x] Acc: 0.9900, F1: 0.9901, Time: 0.09s
      -> [RNN + Scaling @ 10x] Acc: 0.4667, F1: 0.3833, Time: 0.29s
    [=== Generating 2x synthetic data with Magnitude_Warping ===]
      -> [KNN + Magnitude_Warping @ 2x] Acc: 0.9547, F1: 0.9551, Time: 0.03s
      -> [RandomForest + Magnitude_Warping @ 2x] Acc: 0.9540, F1: 0.9544, Time: 0.57s
      -> [LinearSVC + Magnitude_Warping @ 2x] Acc: 0.8593, F1: 0.8401, Time: 0.01s
      -> [LogisticRegression + Magnitude_Warping @ 2x] Acc: 0.9800, F1: 0.9802, Time: 0.02s
      -> [RNN + Magnitude_Warping @ 2x] Acc: 0.4667, F1: 0.3429, Time: 0.25s
    [=== Generating 3x synthetic data with Magnitude_Warping ===]
      -> [KNN + Magnitude_Warping @ 3x] Acc: 0.9240, F1: 0.9243, Time: 0.03s
      -> [RandomForest + Magnitude_Warping @ 3x] Acc: 0.9333, F1: 0.9332, Time: 0.72s
      -> [LinearSVC + Magnitude_Warping @ 3x] Acc: 0.9333, F1: 0.9354, Time: 0.02s
      -> [LogisticRegression + Magnitude_Warping @ 3x] Acc: 0.9947, F1: 0.9947, Time: 0.05s
      -> [RNN + Magnitude_Warping @ 3x] Acc: 0.6000, F1: 0.5048, Time: 0.26s
    [=== Generating 5x synthetic data with Magnitude_Warping ===]
      -> [KNN + Magnitude_Warping @ 5x] Acc: 0.9487, F1: 0.9493, Time: 0.04s
      -> [RandomForest + Magnitude_Warping @ 5x] Acc: 0.9587, F1: 0.9580, Time: 1.18s
      -> [LinearSVC + Magnitude_Warping @ 5x] Acc: 0.8980, F1: 0.8993, Time: 0.03s
      -> [LogisticRegression + Magnitude_Warping @ 5x] Acc: 0.9953, F1: 0.9953, Time: 0.15s
      -> [RNN + Magnitude_Warping @ 5x] Acc: 0.5333, F1: 0.3872, Time: 0.29s
    [=== Generating 10x synthetic data with Magnitude_Warping ===]
      -> [KNN + Magnitude_Warping @ 10x] Acc: 0.9253, F1: 0.9256, Time: 0.03s
      -> [RandomForest + Magnitude_Warping @ 10x] Acc: 0.9540, F1: 0.9544, Time: 1.59s
      -> [LinearSVC + Magnitude_Warping @ 10x] Acc: 0.8853, F1: 0.8798, Time: 0.06s
      -> [LogisticRegression + Magnitude_Warping @ 10x] Acc: 0.9527, F1: 0.9522, Time: 0.27s
      -> [RNN + Magnitude_Warping @ 10x] Acc: 0.6667, F1: 0.5651, Time: 0.26s
    [=== Generating 2x synthetic data with Time_Warping ===]
      -> [KNN + Time_Warping @ 2x] Acc: 0.9513, F1: 0.9518, Time: 0.01s
      -> [RandomForest + Time_Warping @ 2x] Acc: 0.9487, F1: 0.9485, Time: 0.31s
      -> [LinearSVC + Time_Warping @ 2x] Acc: 0.8700, F1: 0.8707, Time: 0.01s
      -> [LogisticRegression + Time_Warping @ 2x] Acc: 0.9993, F1: 0.9993, Time: 0.01s
      -> [RNN + Time_Warping @ 2x] Acc: 0.4667, F1: 0.3480, Time: 0.25s
    [=== Generating 3x synthetic data with Time_Warping ===]
      -> [KNN + Time_Warping @ 3x] Acc: 0.9513, F1: 0.9518, Time: 0.04s
      -> [RandomForest + Time_Warping @ 3x] Acc: 0.9507, F1: 0.9525, Time: 0.59s
      -> [LinearSVC + Time_Warping @ 3x] Acc: 0.8133, F1: 0.8064, Time: 0.01s
      -> [LogisticRegression + Time_Warping @ 3x] Acc: 1.0000, F1: 1.0000, Time: 0.04s
      -> [RNN + Time_Warping @ 3x] Acc: 0.4667, F1: 0.3313, Time: 0.26s
    [=== Generating 5x synthetic data with Time_Warping ===]
      -> [KNN + Time_Warping @ 5x] Acc: 0.9507, F1: 0.9511, Time: 0.04s
      -> [RandomForest + Time_Warping @ 5x] Acc: 0.9473, F1: 0.9486, Time: 0.57s
      -> [LinearSVC + Time_Warping @ 5x] Acc: 0.8573, F1: 0.8568, Time: 0.02s
      -> [LogisticRegression + Time_Warping @ 5x] Acc: 1.0000, F1: 1.0000, Time: 0.02s
      -> [RNN + Time_Warping @ 5x] Acc: 0.4667, F1: 0.3313, Time: 0.27s
    [=== Generating 10x synthetic data with Time_Warping ===]
      -> [KNN + Time_Warping @ 10x] Acc: 0.9527, F1: 0.9531, Time: 0.08s
      -> [RandomForest + Time_Warping @ 10x] Acc: 0.9327, F1: 0.9355, Time: 1.21s
      -> [LinearSVC + Time_Warping @ 10x] Acc: 0.8500, F1: 0.8516, Time: 0.03s
      -> [LogisticRegression + Time_Warping @ 10x] Acc: 0.9993, F1: 0.9993, Time: 0.04s
      -> [RNN + Time_Warping @ 10x] Acc: 0.6000, F1: 0.5267, Time: 0.60s

    >> Seed Fold Selection: 10/10
    Evaluating Model: KNN
      -> [Baseline] Acc: 0.9880, F1: 0.9880, Time: 0.13s
      HP Tuning KNN...
n_iterations: 3
n_required_iterations: 3
n_possible_iterations: 3
min_resources_: 24
max_resources_: 600
aggressive_elimination: False
factor: 3
----------
iter: 0
n_candidates: 20
n_resources: 24
Fitting 2 folds for each of 20 candidates, totalling 40 fits
----------
iter: 1
n_candidates: 7
n_resources: 72
Fitting 2 folds for each of 7 candidates, totalling 14 fits
----------
iter: 2
n_candidates: 3
n_resources: 216
Fitting 2 folds for each of 3 candidates, totalling 6 fits
      -> [Tuned_Baseline] Acc: 0.9880, F1: 0.9880, Time: 0.01s
    Evaluating Model: RandomForest
      -> [Baseline] Acc: 0.9767, F1: 0.9769, Time: 0.23s
      HP Tuning RandomForest...
n_iterations: 3
n_required_iterations: 3
n_possible_iterations: 3
min_resources_: 24
max_resources_: 600
aggressive_elimination: False
factor: 3
----------
iter: 0
n_candidates: 20
n_resources: 24
Fitting 2 folds for each of 20 candidates, totalling 40 fits
----------
iter: 1
n_candidates: 7
n_resources: 72
Fitting 2 folds for each of 7 candidates, totalling 14 fits
----------
iter: 2
n_candidates: 3
n_resources: 216
Fitting 2 folds for each of 3 candidates, totalling 6 fits
      -> [Tuned_Baseline] Acc: 0.9767, F1: 0.9769, Time: 0.01s
    Evaluating Model: LinearSVC
      -> [Baseline] Acc: 0.7793, F1: 0.7659, Time: 0.00s
      HP Tuning LinearSVC...
n_iterations: 3
n_required_iterations: 3
n_possible_iterations: 3
min_resources_: 24
max_resources_: 600
aggressive_elimination: False
factor: 3
----------
iter: 0
n_candidates: 20
n_resources: 24
Fitting 2 folds for each of 20 candidates, totalling 40 fits
----------
iter: 1
n_candidates: 7
n_resources: 72
Fitting 2 folds for each of 7 candidates, totalling 14 fits
----------
iter: 2
n_candidates: 3
n_resources: 216
Fitting 2 folds for each of 3 candidates, totalling 6 fits
      -> [Tuned_Baseline] Acc: 0.8053, F1: 0.7845, Time: 0.00s
    Evaluating Model: LogisticRegression
      -> [Baseline] Acc: 0.9133, F1: 0.9107, Time: 0.04s
      HP Tuning LogisticRegression...
n_iterations: 3
n_required_iterations: 3
n_possible_iterations: 3
min_resources_: 24
max_resources_: 600
aggressive_elimination: False
factor: 3
----------
iter: 0
n_candidates: 12
n_resources: 24
Fitting 2 folds for each of 12 candidates, totalling 24 fits
----------
iter: 1
n_candidates: 4
n_resources: 72
Fitting 2 folds for each of 4 candidates, totalling 8 fits
----------
iter: 2
n_candidates: 2
n_resources: 216
Fitting 2 folds for each of 2 candidates, totalling 4 fits
      -> [Tuned_Baseline] Acc: 0.9967, F1: 0.9967, Time: 0.00s
    Evaluating Model: RNN
      -> [Baseline] Acc: 0.4667, F1: 0.3937, Time: 0.20s
      -> [Tuned_Baseline] Acc: 0.4667, F1: 0.3937, Time: 0.00s
    [=== Generating 2x synthetic data with Jittering ===]
      -> [KNN + Jittering @ 2x] Acc: 0.9920, F1: 0.9920, Time: 0.02s
      -> [RandomForest + Jittering @ 2x] Acc: 0.9920, F1: 0.9920, Time: 0.51s
      -> [LinearSVC + Jittering @ 2x] Acc: 0.8073, F1: 0.7857, Time: 0.05s
      -> [LogisticRegression + Jittering @ 2x] Acc: 0.9987, F1: 0.9987, Time: 0.04s
      -> [RNN + Jittering @ 2x] Acc: 0.6000, F1: 0.5033, Time: 0.27s
    [=== Generating 3x synthetic data with Jittering ===]
      -> [KNN + Jittering @ 3x] Acc: 0.9947, F1: 0.9947, Time: 0.01s
      -> [RandomForest + Jittering @ 3x] Acc: 0.9953, F1: 0.9953, Time: 0.67s
      -> [LinearSVC + Jittering @ 3x] Acc: 0.8113, F1: 0.7879, Time: 0.08s
      -> [LogisticRegression + Jittering @ 3x] Acc: 0.9980, F1: 0.9980, Time: 0.06s
      -> [RNN + Jittering @ 3x] Acc: 0.5333, F1: 0.3981, Time: 0.21s
    [=== Generating 5x synthetic data with Jittering ===]
      -> [KNN + Jittering @ 5x] Acc: 0.9973, F1: 0.9973, Time: 0.02s
      -> [RandomForest + Jittering @ 5x] Acc: 0.9920, F1: 0.9920, Time: 0.90s
      -> [LinearSVC + Jittering @ 5x] Acc: 0.8080, F1: 0.7862, Time: 0.14s
      -> [LogisticRegression + Jittering @ 5x] Acc: 0.9987, F1: 0.9987, Time: 0.08s
      -> [RNN + Jittering @ 5x] Acc: 0.4000, F1: 0.2869, Time: 0.20s
    [=== Generating 10x synthetic data with Jittering ===]
      -> [KNN + Jittering @ 10x] Acc: 0.9987, F1: 0.9987, Time: 0.02s
      -> [RandomForest + Jittering @ 10x] Acc: 0.9993, F1: 0.9993, Time: 2.47s
      -> [LinearSVC + Jittering @ 10x] Acc: 0.8113, F1: 0.7884, Time: 0.31s
      -> [LogisticRegression + Jittering @ 10x] Acc: 1.0000, F1: 1.0000, Time: 0.10s
      -> [RNN + Jittering @ 10x] Acc: 0.5333, F1: 0.3980, Time: 0.31s
    [=== Generating 2x synthetic data with Scaling ===]
      -> [KNN + Scaling @ 2x] Acc: 0.9940, F1: 0.9940, Time: 0.02s
      -> [RandomForest + Scaling @ 2x] Acc: 0.9860, F1: 0.9860, Time: 0.66s
      -> [LinearSVC + Scaling @ 2x] Acc: 0.8113, F1: 0.7851, Time: 0.05s
      -> [LogisticRegression + Scaling @ 2x] Acc: 0.9700, F1: 0.9691, Time: 0.06s
      -> [RNN + Scaling @ 2x] Acc: 0.4667, F1: 0.3029, Time: 0.25s
    [=== Generating 3x synthetic data with Scaling ===]
      -> [KNN + Scaling @ 3x] Acc: 0.9927, F1: 0.9927, Time: 0.03s
      -> [RandomForest + Scaling @ 3x] Acc: 0.9933, F1: 0.9933, Time: 0.90s
      -> [LinearSVC + Scaling @ 3x] Acc: 0.8240, F1: 0.8059, Time: 0.08s
      -> [LogisticRegression + Scaling @ 3x] Acc: 0.9967, F1: 0.9967, Time: 0.06s
      -> [RNN + Scaling @ 3x] Acc: 0.4000, F1: 0.3000, Time: 0.26s
    [=== Generating 5x synthetic data with Scaling ===]
      -> [KNN + Scaling @ 5x] Acc: 0.9960, F1: 0.9960, Time: 0.04s
      -> [RandomForest + Scaling @ 5x] Acc: 0.9933, F1: 0.9934, Time: 1.10s
      -> [LinearSVC + Scaling @ 5x] Acc: 0.8293, F1: 0.8081, Time: 0.07s
      -> [LogisticRegression + Scaling @ 5x] Acc: 0.9860, F1: 0.9859, Time: 0.04s
      -> [RNN + Scaling @ 5x] Acc: 0.4000, F1: 0.2291, Time: 0.14s
    [=== Generating 10x synthetic data with Scaling ===]
      -> [KNN + Scaling @ 10x] Acc: 0.9973, F1: 0.9973, Time: 0.03s
      -> [RandomForest + Scaling @ 10x] Acc: 0.9940, F1: 0.9940, Time: 1.55s
      -> [LinearSVC + Scaling @ 10x] Acc: 0.8147, F1: 0.7887, Time: 0.26s
      -> [LogisticRegression + Scaling @ 10x] Acc: 0.9967, F1: 0.9967, Time: 0.11s
      -> [RNN + Scaling @ 10x] Acc: 0.3333, F1: 0.1684, Time: 0.26s
    [=== Generating 2x synthetic data with Magnitude_Warping ===]
      -> [KNN + Magnitude_Warping @ 2x] Acc: 0.9900, F1: 0.9900, Time: 0.02s
      -> [RandomForest + Magnitude_Warping @ 2x] Acc: 0.9900, F1: 0.9901, Time: 0.34s
      -> [LinearSVC + Magnitude_Warping @ 2x] Acc: 0.8293, F1: 0.7987, Time: 0.03s
      -> [LogisticRegression + Magnitude_Warping @ 2x] Acc: 0.9960, F1: 0.9960, Time: 0.06s
      -> [RNN + Magnitude_Warping @ 2x] Acc: 0.2000, F1: 0.0667, Time: 0.23s
    [=== Generating 3x synthetic data with Magnitude_Warping ===]
      -> [KNN + Magnitude_Warping @ 3x] Acc: 0.9873, F1: 0.9873, Time: 0.01s
      -> [RandomForest + Magnitude_Warping @ 3x] Acc: 0.9867, F1: 0.9866, Time: 0.44s
      -> [LinearSVC + Magnitude_Warping @ 3x] Acc: 0.8347, F1: 0.8235, Time: 0.04s
      -> [LogisticRegression + Magnitude_Warping @ 3x] Acc: 0.9973, F1: 0.9973, Time: 0.06s
      -> [RNN + Magnitude_Warping @ 3x] Acc: 0.4000, F1: 0.3333, Time: 0.18s
    [=== Generating 5x synthetic data with Magnitude_Warping ===]
      -> [KNN + Magnitude_Warping @ 5x] Acc: 0.9620, F1: 0.9615, Time: 0.02s
      -> [RandomForest + Magnitude_Warping @ 5x] Acc: 0.9993, F1: 0.9993, Time: 0.91s
      -> [LinearSVC + Magnitude_Warping @ 5x] Acc: 0.8133, F1: 0.7944, Time: 0.06s
      -> [LogisticRegression + Magnitude_Warping @ 5x] Acc: 0.9080, F1: 0.9020, Time: 0.15s
      -> [RNN + Magnitude_Warping @ 5x] Acc: 0.4667, F1: 0.3367, Time: 0.22s
    [=== Generating 10x synthetic data with Magnitude_Warping ===]
      -> [KNN + Magnitude_Warping @ 10x] Acc: 0.9747, F1: 0.9741, Time: 0.03s
      -> [RandomForest + Magnitude_Warping @ 10x] Acc: 0.9887, F1: 0.9886, Time: 1.44s
      -> [LinearSVC + Magnitude_Warping @ 10x] Acc: 0.8400, F1: 0.8160, Time: 0.23s
      -> [LogisticRegression + Magnitude_Warping @ 10x] Acc: 0.9593, F1: 0.9576, Time: 0.10s
      -> [RNN + Magnitude_Warping @ 10x] Acc: 0.8000, F1: 0.7481, Time: 0.58s
    [=== Generating 2x synthetic data with Time_Warping ===]
      -> [KNN + Time_Warping @ 2x] Acc: 0.9860, F1: 0.9860, Time: 0.01s
      -> [RandomForest + Time_Warping @ 2x] Acc: 0.9700, F1: 0.9703, Time: 0.47s
      -> [LinearSVC + Time_Warping @ 2x] Acc: 0.8167, F1: 0.7905, Time: 0.03s
      -> [LogisticRegression + Time_Warping @ 2x] Acc: 0.9400, F1: 0.9380, Time: 0.03s
      -> [RNN + Time_Warping @ 2x] Acc: 0.5333, F1: 0.3981, Time: 0.19s
    [=== Generating 3x synthetic data with Time_Warping ===]
      -> [KNN + Time_Warping @ 3x] Acc: 0.9893, F1: 0.9893, Time: 0.04s
      -> [RandomForest + Time_Warping @ 3x] Acc: 0.9700, F1: 0.9703, Time: 0.66s
      -> [LinearSVC + Time_Warping @ 3x] Acc: 0.8467, F1: 0.8323, Time: 0.04s
      -> [LogisticRegression + Time_Warping @ 3x] Acc: 0.9933, F1: 0.9933, Time: 0.03s
      -> [RNN + Time_Warping @ 3x] Acc: 0.4000, F1: 0.2291, Time: 0.12s
    [=== Generating 5x synthetic data with Time_Warping ===]
      -> [KNN + Time_Warping @ 5x] Acc: 0.9860, F1: 0.9860, Time: 0.05s
      -> [RandomForest + Time_Warping @ 5x] Acc: 0.9747, F1: 0.9750, Time: 0.67s
      -> [LinearSVC + Time_Warping @ 5x] Acc: 0.8093, F1: 0.7939, Time: 0.05s
      -> [LogisticRegression + Time_Warping @ 5x] Acc: 1.0000, F1: 1.0000, Time: 0.07s
      -> [RNN + Time_Warping @ 5x] Acc: 0.3333, F1: 0.2133, Time: 0.13s
    [=== Generating 10x synthetic data with Time_Warping ===]
      -> [KNN + Time_Warping @ 10x] Acc: 0.9813, F1: 0.9813, Time: 0.04s
      -> [RandomForest + Time_Warping @ 10x] Acc: 0.9627, F1: 0.9630, Time: 1.11s
      -> [LinearSVC + Time_Warping @ 10x] Acc: 0.8200, F1: 0.8150, Time: 0.21s
      -> [LogisticRegression + Time_Warping @ 10x] Acc: 1.0000, F1: 1.0000, Time: 0.10s
      -> [RNN + Time_Warping @ 10x] Acc: 0.5333, F1: 0.3980, Time: 0.28s
