Starting Chinese_wine - Seed 20 - Fold 1


==================================================
Running experiment for Chinese_wine
==================================================

--- Fold 1/10 ---

  >> Seed sets per label: 20

    >> Seed Fold Selection: 1/10
    Evaluating Model: KNN
      -> [Baseline] Acc: 0.8956, F1: 0.8954, Time: 0.35s
      HP Tuning KNN...
n_iterations: 3
n_required_iterations: 3
n_possible_iterations: 5
min_resources_: 100
max_resources_: 20000
aggressive_elimination: False
factor: 3
----------
iter: 0
n_candidates: 20
n_resources: 100
Fitting 5 folds for each of 20 candidates, totalling 100 fits
----------
iter: 1
n_candidates: 7
n_resources: 300
Fitting 5 folds for each of 7 candidates, totalling 35 fits
----------
iter: 2
n_candidates: 3
n_resources: 900
Fitting 5 folds for each of 3 candidates, totalling 15 fits
      -> [Tuned_Baseline] Acc: 0.8968, F1: 0.8966, Time: 0.07s
    Evaluating Model: RandomForest
      -> [Baseline] Acc: 0.8798, F1: 0.8796, Time: 4.53s
      HP Tuning RandomForest...
n_iterations: 3
n_required_iterations: 3
n_possible_iterations: 5
min_resources_: 100
max_resources_: 20000
aggressive_elimination: False
factor: 3
----------
iter: 0
n_candidates: 20
n_resources: 100
Fitting 5 folds for each of 20 candidates, totalling 100 fits
----------
iter: 1
n_candidates: 7
n_resources: 300
Fitting 5 folds for each of 7 candidates, totalling 35 fits
----------
iter: 2
n_candidates: 3
n_resources: 900
Fitting 5 folds for each of 3 candidates, totalling 15 fits
      -> [Tuned_Baseline] Acc: 0.8742, F1: 0.8739, Time: 0.03s
    Evaluating Model: LinearSVC
      -> [Baseline] Acc: 0.7003, F1: 0.6820, Time: 0.12s
      HP Tuning LinearSVC...
n_iterations: 3
n_required_iterations: 3
n_possible_iterations: 5
min_resources_: 100
max_resources_: 20000
aggressive_elimination: False
factor: 3
----------
iter: 0
n_candidates: 20
n_resources: 100
Fitting 5 folds for each of 20 candidates, totalling 100 fits
----------
iter: 1
n_candidates: 7
n_resources: 300
Fitting 5 folds for each of 7 candidates, totalling 35 fits
----------
iter: 2
n_candidates: 3
n_resources: 900
Fitting 5 folds for each of 3 candidates, totalling 15 fits
      -> [Tuned_Baseline] Acc: 0.6981, F1: 0.6810, Time: 0.00s
    Evaluating Model: LogisticRegression
      -> [Baseline] Acc: 0.7343, F1: 0.7268, Time: 0.41s
      HP Tuning LogisticRegression...
n_iterations: 3
n_required_iterations: 3
n_possible_iterations: 5
min_resources_: 100
max_resources_: 20000
aggressive_elimination: False
factor: 3
----------
iter: 0
n_candidates: 12
n_resources: 100
Fitting 5 folds for each of 12 candidates, totalling 60 fits
----------
iter: 1
n_candidates: 4
n_resources: 300
Fitting 5 folds for each of 4 candidates, totalling 20 fits
----------
iter: 2
n_candidates: 2
n_resources: 900
Fitting 5 folds for each of 2 candidates, totalling 10 fits
      -> [Tuned_Baseline] Acc: 0.7484, F1: 0.7426, Time: 0.00s
    Evaluating Model: RNN
      -> [Baseline] Acc: 0.4000, F1: 0.3497, Time: 2.46s
      -> [Tuned_Baseline] Acc: 0.4000, F1: 0.3497, Time: 0.00s
    [=== Generating 2x synthetic data with Jittering ===]
      -> [KNN + Jittering @ 2x] Acc: 0.8991, F1: 0.8990, Time: 0.12s
      -> [RandomForest + Jittering @ 2x] Acc: 0.8820, F1: 0.8819, Time: 4.92s
      -> [LinearSVC + Jittering @ 2x] Acc: 0.7010, F1: 0.6830, Time: 0.24s
      -> [LogisticRegression + Jittering @ 2x] Acc: 0.7470, F1: 0.7413, Time: 0.79s
      -> [RNN + Jittering @ 2x] Acc: 0.4333, F1: 0.3338, Time: 1.11s
    [=== Generating 3x synthetic data with Jittering ===]
      -> [KNN + Jittering @ 3x] Acc: 0.9019, F1: 0.9016, Time: 0.15s
      -> [RandomForest + Jittering @ 3x] Acc: 0.8851, F1: 0.8849, Time: 7.64s
      -> [LinearSVC + Jittering @ 3x] Acc: 0.7000, F1: 0.6814, Time: 0.36s
      -> [LogisticRegression + Jittering @ 3x] Acc: 0.7460, F1: 0.7401, Time: 1.16s
      -> [RNN + Jittering @ 3x] Acc: 0.6333, F1: 0.5811, Time: 1.66s
    [=== Generating 5x synthetic data with Jittering ===]
      -> [KNN + Jittering @ 5x] Acc: 0.9022, F1: 0.9020, Time: 0.21s
      -> [RandomForest + Jittering @ 5x] Acc: 0.8943, F1: 0.8941, Time: 13.42s
      -> [LinearSVC + Jittering @ 5x] Acc: 0.6993, F1: 0.6804, Time: 0.62s
      -> [LogisticRegression + Jittering @ 5x] Acc: 0.7496, F1: 0.7435, Time: 2.01s
      -> [RNN + Jittering @ 5x] Acc: 0.6667, F1: 0.6336, Time: 2.77s
    [=== Generating 10x synthetic data with Jittering ===]
      -> [KNN + Jittering @ 10x] Acc: 0.8999, F1: 0.8996, Time: 0.22s
      -> [RandomForest + Jittering @ 10x] Acc: 0.8833, F1: 0.8833, Time: 13.72s
      -> [LinearSVC + Jittering @ 10x] Acc: 0.6974, F1: 0.6775, Time: 2.06s
      -> [LogisticRegression + Jittering @ 10x] Acc: 0.7460, F1: 0.7391, Time: 2.21s
      -> [RNN + Jittering @ 10x] Acc: 0.6889, F1: 0.6480, Time: 5.54s
    [=== Generating 2x synthetic data with Scaling ===]
      -> [KNN + Scaling @ 2x] Acc: 0.8989, F1: 0.8988, Time: 0.13s
      -> [RandomForest + Scaling @ 2x] Acc: 0.8693, F1: 0.8694, Time: 4.84s
      -> [LinearSVC + Scaling @ 2x] Acc: 0.6700, F1: 0.6443, Time: 0.23s
      -> [LogisticRegression + Scaling @ 2x] Acc: 0.7189, F1: 0.7130, Time: 0.76s
      -> [RNN + Scaling @ 2x] Acc: 0.5333, F1: 0.4502, Time: 1.13s
    [=== Generating 3x synthetic data with Scaling ===]
      -> [KNN + Scaling @ 3x] Acc: 0.8918, F1: 0.8914, Time: 0.17s
      -> [RandomForest + Scaling @ 3x] Acc: 0.8639, F1: 0.8637, Time: 7.52s
      -> [LinearSVC + Scaling @ 3x] Acc: 0.6570, F1: 0.6296, Time: 0.34s
      -> [LogisticRegression + Scaling @ 3x] Acc: 0.6979, F1: 0.6891, Time: 1.13s
      -> [RNN + Scaling @ 3x] Acc: 0.6778, F1: 0.6279, Time: 1.72s
    [=== Generating 5x synthetic data with Scaling ===]
      -> [KNN + Scaling @ 5x] Acc: 0.8857, F1: 0.8855, Time: 0.22s
      -> [RandomForest + Scaling @ 5x] Acc: 0.8543, F1: 0.8541, Time: 13.49s
      -> [LinearSVC + Scaling @ 5x] Acc: 0.6533, F1: 0.6260, Time: 0.65s
      -> [LogisticRegression + Scaling @ 5x] Acc: 0.7023, F1: 0.6950, Time: 2.01s
      -> [RNN + Scaling @ 5x] Acc: 0.6778, F1: 0.6481, Time: 2.88s
    [=== Generating 10x synthetic data with Scaling ===]
      -> [KNN + Scaling @ 10x] Acc: 0.8682, F1: 0.8681, Time: 0.26s
      -> [RandomForest + Scaling @ 10x] Acc: 0.8567, F1: 0.8563, Time: 14.16s
      -> [LinearSVC + Scaling @ 10x] Acc: 0.6461, F1: 0.6152, Time: 1.22s
      -> [LogisticRegression + Scaling @ 10x] Acc: 0.6954, F1: 0.6867, Time: 2.25s
      -> [RNN + Scaling @ 10x] Acc: 0.6556, F1: 0.6181, Time: 5.46s
    [=== Generating 2x synthetic data with Magnitude_Warping ===]
      -> [KNN + Magnitude_Warping @ 2x] Acc: 0.8880, F1: 0.8879, Time: 0.13s
      -> [RandomForest + Magnitude_Warping @ 2x] Acc: 0.8494, F1: 0.8491, Time: 5.09s
      -> [LinearSVC + Magnitude_Warping @ 2x] Acc: 0.6124, F1: 0.5724, Time: 0.21s
      -> [LogisticRegression + Magnitude_Warping @ 2x] Acc: 0.6736, F1: 0.6632, Time: 0.75s
      -> [RNN + Magnitude_Warping @ 2x] Acc: 0.3111, F1: 0.2420, Time: 1.11s
    [=== Generating 3x synthetic data with Magnitude_Warping ===]
      -> [KNN + Magnitude_Warping @ 3x] Acc: 0.8826, F1: 0.8822, Time: 0.17s
      -> [RandomForest + Magnitude_Warping @ 3x] Acc: 0.8559, F1: 0.8557, Time: 7.95s
      -> [LinearSVC + Magnitude_Warping @ 3x] Acc: 0.6033, F1: 0.5637, Time: 0.32s
      -> [LogisticRegression + Magnitude_Warping @ 3x] Acc: 0.6606, F1: 0.6493, Time: 1.02s
      -> [RNN + Magnitude_Warping @ 3x] Acc: 0.5889, F1: 0.5209, Time: 1.70s
    [=== Generating 5x synthetic data with Magnitude_Warping ===]
      -> [KNN + Magnitude_Warping @ 5x] Acc: 0.8863, F1: 0.8859, Time: 0.23s
      -> [RandomForest + Magnitude_Warping @ 5x] Acc: 0.8480, F1: 0.8478, Time: 14.32s
      -> [LinearSVC + Magnitude_Warping @ 5x] Acc: 0.5864, F1: 0.5431, Time: 0.50s
      -> [LogisticRegression + Magnitude_Warping @ 5x] Acc: 0.6551, F1: 0.6434, Time: 1.78s
      -> [RNN + Magnitude_Warping @ 5x] Acc: 0.6667, F1: 0.6320, Time: 2.93s
    [=== Generating 10x synthetic data with Magnitude_Warping ===]
      -> [KNN + Magnitude_Warping @ 10x] Acc: 0.8600, F1: 0.8601, Time: 0.27s
      -> [RandomForest + Magnitude_Warping @ 10x] Acc: 0.8272, F1: 0.8270, Time: 14.70s
      -> [LinearSVC + Magnitude_Warping @ 10x] Acc: 0.5899, F1: 0.5467, Time: 1.21s
      -> [LogisticRegression + Magnitude_Warping @ 10x] Acc: 0.6508, F1: 0.6376, Time: 1.69s
      -> [RNN + Magnitude_Warping @ 10x] Acc: 0.6778, F1: 0.6336, Time: 5.56s
    [=== Generating 2x synthetic data with Time_Warping ===]
      -> [KNN + Time_Warping @ 2x] Acc: 0.8947, F1: 0.8946, Time: 0.14s
      -> [RandomForest + Time_Warping @ 2x] Acc: 0.8590, F1: 0.8589, Time: 5.06s
      -> [LinearSVC + Time_Warping @ 2x] Acc: 0.4740, F1: 0.4035, Time: 0.18s
      -> [LogisticRegression + Time_Warping @ 2x] Acc: 0.5452, F1: 0.5209, Time: 0.24s
      -> [RNN + Time_Warping @ 2x] Acc: 0.5444, F1: 0.4862, Time: 1.10s
    [=== Generating 3x synthetic data with Time_Warping ===]
      -> [KNN + Time_Warping @ 3x] Acc: 0.8959, F1: 0.8960, Time: 0.18s
      -> [RandomForest + Time_Warping @ 3x] Acc: 0.8361, F1: 0.8364, Time: 8.07s
      -> [LinearSVC + Time_Warping @ 3x] Acc: 0.4428, F1: 0.3663, Time: 0.25s
      -> [LogisticRegression + Time_Warping @ 3x] Acc: 0.4930, F1: 0.4696, Time: 0.31s
      -> [RNN + Time_Warping @ 3x] Acc: 0.5222, F1: 0.4475, Time: 1.62s
    [=== Generating 5x synthetic data with Time_Warping ===]
      -> [KNN + Time_Warping @ 5x] Acc: 0.8869, F1: 0.8870, Time: 0.25s
      -> [RandomForest + Time_Warping @ 5x] Acc: 0.8116, F1: 0.8113, Time: 14.07s
      -> [LinearSVC + Time_Warping @ 5x] Acc: 0.4263, F1: 0.3538, Time: 0.45s
      -> [LogisticRegression + Time_Warping @ 5x] Acc: 0.4799, F1: 0.4597, Time: 0.46s
      -> [RNN + Time_Warping @ 5x] Acc: 0.6222, F1: 0.5579, Time: 2.73s
    [=== Generating 10x synthetic data with Time_Warping ===]
      -> [KNN + Time_Warping @ 10x] Acc: 0.8654, F1: 0.8658, Time: 0.28s
      -> [RandomForest + Time_Warping @ 10x] Acc: 0.7704, F1: 0.7709, Time: 14.45s
      -> [LinearSVC + Time_Warping @ 10x] Acc: 0.4137, F1: 0.3491, Time: 0.90s
      -> [LogisticRegression + Time_Warping @ 10x] Acc: 0.4794, F1: 0.4618, Time: 0.49s
      -> [RNN + Time_Warping @ 10x] Acc: 0.6444, F1: 0.5705, Time: 6.31s
    [=== Generating 2x synthetic data with SMOTE ===]
      -> [KNN + SMOTE @ 2x] Acc: 0.9074, F1: 0.9074, Time: 0.11s
      -> [RandomForest + SMOTE @ 2x] Acc: 0.8776, F1: 0.8773, Time: 4.87s
      -> [LinearSVC + SMOTE @ 2x] Acc: 0.7018, F1: 0.6896, Time: 0.26s
      -> [LogisticRegression + SMOTE @ 2x] Acc: 0.7444, F1: 0.7392, Time: 0.75s
      -> [RNN + SMOTE @ 2x] Acc: 0.5778, F1: 0.4936, Time: 1.09s
    [=== Generating 3x synthetic data with SMOTE ===]
      -> [KNN + SMOTE @ 3x] Acc: 0.9118, F1: 0.9119, Time: 0.14s
      -> [RandomForest + SMOTE @ 3x] Acc: 0.8886, F1: 0.8884, Time: 7.20s
      -> [LinearSVC + SMOTE @ 3x] Acc: 0.7017, F1: 0.6913, Time: 0.37s
      -> [LogisticRegression + SMOTE @ 3x] Acc: 0.7486, F1: 0.7434, Time: 1.14s
      -> [RNN + SMOTE @ 3x] Acc: 0.6000, F1: 0.5752, Time: 1.62s
    [=== Generating 5x synthetic data with SMOTE ===]
      -> [KNN + SMOTE @ 5x] Acc: 0.9202, F1: 0.9203, Time: 0.20s
      -> [RandomForest + SMOTE @ 5x] Acc: 0.8937, F1: 0.8937, Time: 13.04s
      -> [LinearSVC + SMOTE @ 5x] Acc: 0.6983, F1: 0.6870, Time: 0.62s
      -> [LogisticRegression + SMOTE @ 5x] Acc: 0.7419, F1: 0.7364, Time: 1.92s
      -> [RNN + SMOTE @ 5x] Acc: 0.5889, F1: 0.5343, Time: 2.88s
    [=== Generating 10x synthetic data with SMOTE ===]
      -> [KNN + SMOTE @ 10x] Acc: 0.9150, F1: 0.9152, Time: 0.22s
      -> [RandomForest + SMOTE @ 10x] Acc: 0.8842, F1: 0.8845, Time: 13.20s
      -> [LinearSVC + SMOTE @ 10x] Acc: 0.7020, F1: 0.6907, Time: 1.66s
      -> [LogisticRegression + SMOTE @ 10x] Acc: 0.7452, F1: 0.7393, Time: 2.14s
      -> [RNN + SMOTE @ 10x] Acc: 0.7333, F1: 0.7069, Time: 5.90s
    [=== Generating 2x synthetic data with ADASYN ===]
      -> [KNN + ADASYN @ 2x] Acc: 0.9117, F1: 0.9117, Time: 0.12s
      -> [RandomForest + ADASYN @ 2x] Acc: 0.8798, F1: 0.8798, Time: 4.78s
      -> [LinearSVC + ADASYN @ 2x] Acc: 0.7207, F1: 0.7031, Time: 0.24s
      -> [LogisticRegression + ADASYN @ 2x] Acc: 0.7352, F1: 0.7257, Time: 0.75s
      -> [RNN + ADASYN @ 2x] Acc: 0.5222, F1: 0.4112, Time: 1.10s
    [=== Generating 3x synthetic data with ADASYN ===]
      -> [KNN + ADASYN @ 3x] Acc: 0.9109, F1: 0.9114, Time: 0.14s
      -> [RandomForest + ADASYN @ 3x] Acc: 0.8817, F1: 0.8821, Time: 7.40s
      -> [LinearSVC + ADASYN @ 3x] Acc: 0.7139, F1: 0.6946, Time: 0.37s
      -> [LogisticRegression + ADASYN @ 3x] Acc: 0.7394, F1: 0.7306, Time: 1.13s
      -> [RNN + ADASYN @ 3x] Acc: 0.5333, F1: 0.4669, Time: 1.60s
    [=== Generating 5x synthetic data with ADASYN ===]
      -> [KNN + ADASYN @ 5x] Acc: 0.9161, F1: 0.9163, Time: 0.21s
      -> [RandomForest + ADASYN @ 5x] Acc: 0.8849, F1: 0.8852, Time: 13.34s
      -> [LinearSVC + ADASYN @ 5x] Acc: 0.7118, F1: 0.6944, Time: 1.39s
      -> [LogisticRegression + ADASYN @ 5x] Acc: 0.7323, F1: 0.7229, Time: 2.08s
      -> [RNN + ADASYN @ 5x] Acc: 0.5778, F1: 0.5418, Time: 2.87s
    [=== Generating 10x synthetic data with ADASYN ===]
      -> [KNN + ADASYN @ 10x] Acc: 0.9190, F1: 0.9192, Time: 0.22s
      -> [RandomForest + ADASYN @ 10x] Acc: 0.8826, F1: 0.8830, Time: 13.28s
      -> [LinearSVC + ADASYN @ 10x] Acc: 0.6908, F1: 0.6758, Time: 1.61s
      -> [LogisticRegression + ADASYN @ 10x] Acc: 0.7198, F1: 0.7110, Time: 2.10s
      -> [RNN + ADASYN @ 10x] Acc: 0.7111, F1: 0.6648, Time: 5.73s
    [=== Generating 2x synthetic data with Mixup ===]
      -> [KNN + Mixup @ 2x] Acc: 0.9014, F1: 0.9013, Time: 0.12s
      -> [RandomForest + Mixup @ 2x] Acc: 0.8823, F1: 0.8820, Time: 4.66s
      -> [LinearSVC + Mixup @ 2x] Acc: 0.6924, F1: 0.6731, Time: 0.24s
      -> [LogisticRegression + Mixup @ 2x] Acc: 0.7340, F1: 0.7256, Time: 0.80s
      -> [RNN + Mixup @ 2x] Acc: 0.4556, F1: 0.3370, Time: 1.12s
    [=== Generating 3x synthetic data with Mixup ===]
      -> [KNN + Mixup @ 3x] Acc: 0.9064, F1: 0.9065, Time: 0.14s
      -> [RandomForest + Mixup @ 3x] Acc: 0.8821, F1: 0.8821, Time: 7.16s
      -> [LinearSVC + Mixup @ 3x] Acc: 0.6982, F1: 0.6827, Time: 0.37s
      -> [LogisticRegression + Mixup @ 3x] Acc: 0.7463, F1: 0.7409, Time: 1.09s
      -> [RNN + Mixup @ 3x] Acc: 0.6000, F1: 0.5565, Time: 1.65s
    [=== Generating 5x synthetic data with Mixup ===]
      -> [KNN + Mixup @ 5x] Acc: 0.9202, F1: 0.9202, Time: 0.20s
      -> [RandomForest + Mixup @ 5x] Acc: 0.8820, F1: 0.8817, Time: 12.35s
      -> [LinearSVC + Mixup @ 5x] Acc: 0.7114, F1: 0.6987, Time: 0.64s
      -> [LogisticRegression + Mixup @ 5x] Acc: 0.7451, F1: 0.7408, Time: 1.94s
      -> [RNN + Mixup @ 5x] Acc: 0.6000, F1: 0.5497, Time: 2.87s
    [=== Generating 10x synthetic data with Mixup ===]
      -> [KNN + Mixup @ 10x] Acc: 0.9136, F1: 0.9136, Time: 0.22s
      -> [RandomForest + Mixup @ 10x] Acc: 0.8910, F1: 0.8912, Time: 13.00s
      -> [LinearSVC + Mixup @ 10x] Acc: 0.6959, F1: 0.6774, Time: 1.36s
      -> [LogisticRegression + Mixup @ 10x] Acc: 0.7358, F1: 0.7276, Time: 2.17s
      -> [RNN + Mixup @ 10x] Acc: 0.6889, F1: 0.6610, Time: 5.71s
    [=== Generating 2x synthetic data with GMM ===]
      -> [KNN + GMM @ 2x] Acc: 0.8993, F1: 0.8992, Time: 0.13s
      -> [RandomForest + GMM @ 2x] Acc: 0.8630, F1: 0.8628, Time: 5.10s
      -> [LinearSVC + GMM @ 2x] Acc: 0.6767, F1: 0.6606, Time: 0.23s
      -> [LogisticRegression + GMM @ 2x] Acc: 0.7273, F1: 0.7218, Time: 0.79s
      -> [RNN + GMM @ 2x] Acc: 0.5444, F1: 0.4551, Time: 1.10s
    [=== Generating 3x synthetic data with GMM ===]
      -> [KNN + GMM @ 3x] Acc: 0.8997, F1: 0.8994, Time: 0.16s
      -> [RandomForest + GMM @ 3x] Acc: 0.8613, F1: 0.8612, Time: 8.01s
      -> [LinearSVC + GMM @ 3x] Acc: 0.6706, F1: 0.6522, Time: 0.36s
      -> [LogisticRegression + GMM @ 3x] Acc: 0.7251, F1: 0.7200, Time: 1.16s
      -> [RNN + GMM @ 3x] Acc: 0.4667, F1: 0.4000, Time: 1.62s
    [=== Generating 5x synthetic data with GMM ===]
      -> [KNN + GMM @ 5x] Acc: 0.8907, F1: 0.8905, Time: 0.22s
      -> [RandomForest + GMM @ 5x] Acc: 0.8557, F1: 0.8554, Time: 14.11s
      -> [LinearSVC + GMM @ 5x] Acc: 0.6684, F1: 0.6485, Time: 0.60s
      -> [LogisticRegression + GMM @ 5x] Acc: 0.7191, F1: 0.7129, Time: 1.90s
      -> [RNN + GMM @ 5x] Acc: 0.6889, F1: 0.6449, Time: 2.90s
    [=== Generating 10x synthetic data with GMM ===]
      -> [KNN + GMM @ 10x] Acc: 0.8877, F1: 0.8872, Time: 0.26s
      -> [RandomForest + GMM @ 10x] Acc: 0.8479, F1: 0.8477, Time: 14.48s
      -> [LinearSVC + GMM @ 10x] Acc: 0.6602, F1: 0.6366, Time: 1.04s
      -> [LogisticRegression + GMM @ 10x] Acc: 0.7100, F1: 0.7031, Time: 2.02s
      -> [RNN + GMM @ 10x] Acc: 0.6889, F1: 0.6464, Time: 5.75s
    [=== Generating 2x synthetic data with HMM_GMM ===]
      -> [KNN + HMM_GMM @ 2x] Acc: 0.8911, F1: 0.8911, Time: 0.13s
      -> [RandomForest + HMM_GMM @ 2x] Acc: 0.8743, F1: 0.8742, Time: 3.05s
      -> [LinearSVC + HMM_GMM @ 2x] Acc: 0.5072, F1: 0.4667, Time: 0.20s
      -> [LogisticRegression + HMM_GMM @ 2x] Acc: 0.5493, F1: 0.5321, Time: 0.57s
      -> [RNN + HMM_GMM @ 2x] Acc: 0.2889, F1: 0.1837, Time: 1.10s
    [=== Generating 3x synthetic data with HMM_GMM ===]
      -> [KNN + HMM_GMM @ 3x] Acc: 0.8911, F1: 0.8911, Time: 0.15s
      -> [RandomForest + HMM_GMM @ 3x] Acc: 0.8672, F1: 0.8674, Time: 3.55s
      -> [LinearSVC + HMM_GMM @ 3x] Acc: 0.4729, F1: 0.4434, Time: 0.29s
      -> [LogisticRegression + HMM_GMM @ 3x] Acc: 0.4940, F1: 0.4823, Time: 0.87s
      -> [RNN + HMM_GMM @ 3x] Acc: 0.2778, F1: 0.1411, Time: 1.60s
    [=== Generating 5x synthetic data with HMM_GMM ===]
      -> [KNN + HMM_GMM @ 5x] Acc: 0.8911, F1: 0.8911, Time: 0.21s
      -> [RandomForest + HMM_GMM @ 5x] Acc: 0.8692, F1: 0.8698, Time: 4.66s
      -> [LinearSVC + HMM_GMM @ 5x] Acc: 0.4420, F1: 0.4292, Time: 0.49s
      -> [LogisticRegression + HMM_GMM @ 5x] Acc: 0.4612, F1: 0.4561, Time: 1.62s
      -> [RNN + HMM_GMM @ 5x] Acc: 0.2556, F1: 0.1821, Time: 2.72s
    [=== Generating 10x synthetic data with HMM_GMM ===]
      -> [KNN + HMM_GMM @ 10x] Acc: 0.8660, F1: 0.8659, Time: 0.24s
      -> [RandomForest + HMM_GMM @ 10x] Acc: 0.8314, F1: 0.8323, Time: 3.54s
      -> [LinearSVC + HMM_GMM @ 10x] Acc: 0.4198, F1: 0.4192, Time: 1.02s
      -> [LogisticRegression + HMM_GMM @ 10x] Acc: 0.4357, F1: 0.4384, Time: 1.90s
      -> [RNN + HMM_GMM @ 10x] Acc: 0.4000, F1: 0.2972, Time: 5.64s
    [=== Generating 2x synthetic data with TimeVAE ===]
      -> [KNN + TimeVAE @ 2x] Acc: 0.8947, F1: 0.8945, Time: 0.12s
      -> [RandomForest + TimeVAE @ 2x] Acc: 0.8787, F1: 0.8784, Time: 3.80s
      -> [LinearSVC + TimeVAE @ 2x] Acc: 0.6284, F1: 0.5837, Time: 0.23s
      -> [LogisticRegression + TimeVAE @ 2x] Acc: 0.6638, F1: 0.6455, Time: 0.79s
      -> [RNN + TimeVAE @ 2x] Acc: 0.1778, F1: 0.0818, Time: 1.17s
    [=== Generating 3x synthetic data with TimeVAE ===]
      -> [KNN + TimeVAE @ 3x] Acc: 0.8946, F1: 0.8944, Time: 0.14s
      -> [RandomForest + TimeVAE @ 3x] Acc: 0.8738, F1: 0.8735, Time: 5.37s
      -> [LinearSVC + TimeVAE @ 3x] Acc: 0.6131, F1: 0.5701, Time: 0.36s
      -> [LogisticRegression + TimeVAE @ 3x] Acc: 0.6498, F1: 0.6298, Time: 1.17s
      -> [RNN + TimeVAE @ 3x] Acc: 0.6222, F1: 0.5926, Time: 1.66s
    [=== Generating 5x synthetic data with TimeVAE ===]
      -> [KNN + TimeVAE @ 5x] Acc: 0.8931, F1: 0.8929, Time: 0.18s
      -> [RandomForest + TimeVAE @ 5x] Acc: 0.8767, F1: 0.8766, Time: 9.45s
      -> [LinearSVC + TimeVAE @ 5x] Acc: 0.5979, F1: 0.5568, Time: 0.62s
      -> [LogisticRegression + TimeVAE @ 5x] Acc: 0.6287, F1: 0.6094, Time: 1.98s
      -> [RNN + TimeVAE @ 5x] Acc: 0.6111, F1: 0.5768, Time: 2.77s
    [=== Generating 10x synthetic data with TimeVAE ===]
      -> [KNN + TimeVAE @ 10x] Acc: 0.8692, F1: 0.8688, Time: 0.21s
      -> [RandomForest + TimeVAE @ 10x] Acc: 0.8510, F1: 0.8505, Time: 9.48s
      -> [LinearSVC + TimeVAE @ 10x] Acc: 0.5754, F1: 0.5354, Time: 1.34s
      -> [LogisticRegression + TimeVAE @ 10x] Acc: 0.5866, F1: 0.5628, Time: 2.10s
      -> [RNN + TimeVAE @ 10x] Acc: 0.6111, F1: 0.5704, Time: 5.53s

    >> Seed Fold Selection: 2/10
    Evaluating Model: KNN
      -> [Baseline] Acc: 0.8769, F1: 0.8764, Time: 0.34s
      HP Tuning KNN...
n_iterations: 3
n_required_iterations: 3
n_possible_iterations: 5
min_resources_: 100
max_resources_: 20000
aggressive_elimination: False
factor: 3
----------
iter: 0
n_candidates: 20
n_resources: 100
Fitting 5 folds for each of 20 candidates, totalling 100 fits
----------
iter: 1
n_candidates: 7
n_resources: 300
Fitting 5 folds for each of 7 candidates, totalling 35 fits
----------
iter: 2
n_candidates: 3
n_resources: 900
Fitting 5 folds for each of 3 candidates, totalling 15 fits
      -> [Tuned_Baseline] Acc: 0.8804, F1: 0.8803, Time: 0.07s
    Evaluating Model: RandomForest
      -> [Baseline] Acc: 0.8723, F1: 0.8724, Time: 4.54s
      HP Tuning RandomForest...
n_iterations: 3
n_required_iterations: 3
n_possible_iterations: 5
min_resources_: 100
max_resources_: 20000
aggressive_elimination: False
factor: 3
----------
iter: 0
n_candidates: 20
n_resources: 100
Fitting 5 folds for each of 20 candidates, totalling 100 fits
----------
iter: 1
n_candidates: 7
n_resources: 300
Fitting 5 folds for each of 7 candidates, totalling 35 fits
----------
iter: 2
n_candidates: 3
n_resources: 900
Fitting 5 folds for each of 3 candidates, totalling 15 fits
      -> [Tuned_Baseline] Acc: 0.8696, F1: 0.8697, Time: 0.07s
    Evaluating Model: LinearSVC
      -> [Baseline] Acc: 0.6983, F1: 0.6804, Time: 0.12s
      HP Tuning LinearSVC...
n_iterations: 3
n_required_iterations: 3
n_possible_iterations: 5
min_resources_: 100
max_resources_: 20000
aggressive_elimination: False
factor: 3
----------
iter: 0
n_candidates: 20
n_resources: 100
Fitting 5 folds for each of 20 candidates, totalling 100 fits
----------
iter: 1
n_candidates: 7
n_resources: 300
Fitting 5 folds for each of 7 candidates, totalling 35 fits
----------
iter: 2
n_candidates: 3
n_resources: 900
Fitting 5 folds for each of 3 candidates, totalling 15 fits
      -> [Tuned_Baseline] Acc: 0.7006, F1: 0.6834, Time: 0.00s
    Evaluating Model: LogisticRegression
      -> [Baseline] Acc: 0.7168, F1: 0.7110, Time: 0.40s
      HP Tuning LogisticRegression...
n_iterations: 3
n_required_iterations: 3
n_possible_iterations: 5
min_resources_: 100
max_resources_: 20000
aggressive_elimination: False
factor: 3
----------
iter: 0
n_candidates: 12
n_resources: 100
Fitting 5 folds for each of 12 candidates, totalling 60 fits
----------
iter: 1
n_candidates: 4
n_resources: 300
Fitting 5 folds for each of 4 candidates, totalling 20 fits
----------
iter: 2
n_candidates: 2
n_resources: 900
Fitting 5 folds for each of 2 candidates, totalling 10 fits
      -> [Tuned_Baseline] Acc: 0.7364, F1: 0.7316, Time: 0.00s
    Evaluating Model: RNN
      -> [Baseline] Acc: 0.3333, F1: 0.2331, Time: 0.59s
      -> [Tuned_Baseline] Acc: 0.3333, F1: 0.2331, Time: 0.00s
    [=== Generating 2x synthetic data with Jittering ===]
      -> [KNN + Jittering @ 2x] Acc: 0.8877, F1: 0.8871, Time: 0.13s
      -> [RandomForest + Jittering @ 2x] Acc: 0.8874, F1: 0.8876, Time: 9.72s
      -> [LinearSVC + Jittering @ 2x] Acc: 0.6971, F1: 0.6788, Time: 0.25s
      -> [LogisticRegression + Jittering @ 2x] Acc: 0.7292, F1: 0.7241, Time: 0.76s
      -> [RNN + Jittering @ 2x] Acc: 0.4889, F1: 0.3983, Time: 1.11s
    [=== Generating 3x synthetic data with Jittering ===]
      -> [KNN + Jittering @ 3x] Acc: 0.8917, F1: 0.8910, Time: 0.15s
      -> [RandomForest + Jittering @ 3x] Acc: 0.8919, F1: 0.8919, Time: 15.18s
      -> [LinearSVC + Jittering @ 3x] Acc: 0.6971, F1: 0.6784, Time: 0.38s
      -> [LogisticRegression + Jittering @ 3x] Acc: 0.7331, F1: 0.7286, Time: 1.16s
      -> [RNN + Jittering @ 3x] Acc: 0.5667, F1: 0.4999, Time: 1.63s
    [=== Generating 5x synthetic data with Jittering ===]
      -> [KNN + Jittering @ 5x] Acc: 0.8932, F1: 0.8926, Time: 0.22s
      -> [RandomForest + Jittering @ 5x] Acc: 0.8904, F1: 0.8905, Time: 26.86s
      -> [LinearSVC + Jittering @ 5x] Acc: 0.6958, F1: 0.6770, Time: 0.66s
      -> [LogisticRegression + Jittering @ 5x] Acc: 0.7306, F1: 0.7263, Time: 1.90s
      -> [RNN + Jittering @ 5x] Acc: 0.6111, F1: 0.5575, Time: 2.75s
    [=== Generating 10x synthetic data with Jittering ===]
      -> [KNN + Jittering @ 10x] Acc: 0.8884, F1: 0.8879, Time: 0.23s
      -> [RandomForest + Jittering @ 10x] Acc: 0.8909, F1: 0.8911, Time: 27.70s
      -> [LinearSVC + Jittering @ 10x] Acc: 0.6962, F1: 0.6774, Time: 1.47s
      -> [LogisticRegression + Jittering @ 10x] Acc: 0.7268, F1: 0.7220, Time: 2.08s
      -> [RNN + Jittering @ 10x] Acc: 0.5889, F1: 0.5394, Time: 5.43s
    [=== Generating 2x synthetic data with Scaling ===]
      -> [KNN + Scaling @ 2x] Acc: 0.8739, F1: 0.8745, Time: 0.13s
      -> [RandomForest + Scaling @ 2x] Acc: 0.8640, F1: 0.8644, Time: 9.86s
      -> [LinearSVC + Scaling @ 2x] Acc: 0.6613, F1: 0.6357, Time: 0.24s
      -> [LogisticRegression + Scaling @ 2x] Acc: 0.7074, F1: 0.7012, Time: 0.81s
      -> [RNN + Scaling @ 2x] Acc: 0.5444, F1: 0.4937, Time: 1.18s
    [=== Generating 3x synthetic data with Scaling ===]
      -> [KNN + Scaling @ 3x] Acc: 0.8784, F1: 0.8783, Time: 0.16s
      -> [RandomForest + Scaling @ 3x] Acc: 0.8684, F1: 0.8688, Time: 15.09s
      -> [LinearSVC + Scaling @ 3x] Acc: 0.6462, F1: 0.6194, Time: 0.34s
      -> [LogisticRegression + Scaling @ 3x] Acc: 0.6781, F1: 0.6693, Time: 1.14s
      -> [RNN + Scaling @ 3x] Acc: 0.2556, F1: 0.1500, Time: 1.68s
    [=== Generating 5x synthetic data with Scaling ===]
      -> [KNN + Scaling @ 5x] Acc: 0.8638, F1: 0.8641, Time: 0.23s
      -> [RandomForest + Scaling @ 5x] Acc: 0.8549, F1: 0.8555, Time: 27.00s
      -> [LinearSVC + Scaling @ 5x] Acc: 0.6462, F1: 0.6185, Time: 0.56s
      -> [LogisticRegression + Scaling @ 5x] Acc: 0.6829, F1: 0.6758, Time: 1.90s
      -> [RNN + Scaling @ 5x] Acc: 0.5444, F1: 0.4870, Time: 2.79s
    [=== Generating 10x synthetic data with Scaling ===]
      -> [KNN + Scaling @ 10x] Acc: 0.8492, F1: 0.8498, Time: 0.25s
      -> [RandomForest + Scaling @ 10x] Acc: 0.8519, F1: 0.8527, Time: 28.11s
      -> [LinearSVC + Scaling @ 10x] Acc: 0.6399, F1: 0.6106, Time: 1.26s
      -> [LogisticRegression + Scaling @ 10x] Acc: 0.6773, F1: 0.6689, Time: 2.06s
      -> [RNN + Scaling @ 10x] Acc: 0.7222, F1: 0.6859, Time: 5.40s
    [=== Generating 2x synthetic data with Magnitude_Warping ===]
      -> [KNN + Magnitude_Warping @ 2x] Acc: 0.8738, F1: 0.8739, Time: 0.14s
      -> [RandomForest + Magnitude_Warping @ 2x] Acc: 0.8493, F1: 0.8497, Time: 10.00s
      -> [LinearSVC + Magnitude_Warping @ 2x] Acc: 0.6127, F1: 0.5714, Time: 0.21s
      -> [LogisticRegression + Magnitude_Warping @ 2x] Acc: 0.6617, F1: 0.6531, Time: 0.73s
      -> [RNN + Magnitude_Warping @ 2x] Acc: 0.4667, F1: 0.3475, Time: 1.13s
    [=== Generating 3x synthetic data with Magnitude_Warping ===]
      -> [KNN + Magnitude_Warping @ 3x] Acc: 0.8663, F1: 0.8656, Time: 0.17s
      -> [RandomForest + Magnitude_Warping @ 3x] Acc: 0.8483, F1: 0.8481, Time: 15.82s
      -> [LinearSVC + Magnitude_Warping @ 3x] Acc: 0.6041, F1: 0.5628, Time: 0.32s
      -> [LogisticRegression + Magnitude_Warping @ 3x] Acc: 0.6483, F1: 0.6389, Time: 1.17s
      -> [RNN + Magnitude_Warping @ 3x] Acc: 0.4444, F1: 0.3450, Time: 1.65s
    [=== Generating 5x synthetic data with Magnitude_Warping ===]
      -> [KNN + Magnitude_Warping @ 5x] Acc: 0.8628, F1: 0.8619, Time: 0.24s
      -> [RandomForest + Magnitude_Warping @ 5x] Acc: 0.8344, F1: 0.8344, Time: 28.34s
      -> [LinearSVC + Magnitude_Warping @ 5x] Acc: 0.5772, F1: 0.5302, Time: 0.52s
      -> [LogisticRegression + Magnitude_Warping @ 5x] Acc: 0.6387, F1: 0.6291, Time: 1.49s
      -> [RNN + Magnitude_Warping @ 5x] Acc: 0.6111, F1: 0.5506, Time: 2.75s
    [=== Generating 10x synthetic data with Magnitude_Warping ===]
      -> [KNN + Magnitude_Warping @ 10x] Acc: 0.8414, F1: 0.8413, Time: 0.27s
      -> [RandomForest + Magnitude_Warping @ 10x] Acc: 0.8253, F1: 0.8265, Time: 29.60s
      -> [LinearSVC + Magnitude_Warping @ 10x] Acc: 0.5834, F1: 0.5390, Time: 1.20s
      -> [LogisticRegression + Magnitude_Warping @ 10x] Acc: 0.6409, F1: 0.6302, Time: 1.71s
      -> [RNN + Magnitude_Warping @ 10x] Acc: 0.6778, F1: 0.6330, Time: 5.45s
    [=== Generating 2x synthetic data with Time_Warping ===]
      -> [KNN + Time_Warping @ 2x] Acc: 0.8712, F1: 0.8709, Time: 0.15s
      -> [RandomForest + Time_Warping @ 2x] Acc: 0.8468, F1: 0.8466, Time: 10.14s
      -> [LinearSVC + Time_Warping @ 2x] Acc: 0.4782, F1: 0.4015, Time: 0.18s
      -> [LogisticRegression + Time_Warping @ 2x] Acc: 0.5452, F1: 0.5219, Time: 0.25s
      -> [RNN + Time_Warping @ 2x] Acc: 0.3333, F1: 0.2366, Time: 1.16s
    [=== Generating 3x synthetic data with Time_Warping ===]
      -> [KNN + Time_Warping @ 3x] Acc: 0.8768, F1: 0.8773, Time: 0.19s
      -> [RandomForest + Time_Warping @ 3x] Acc: 0.8361, F1: 0.8361, Time: 16.01s
      -> [LinearSVC + Time_Warping @ 3x] Acc: 0.4498, F1: 0.3604, Time: 0.25s
      -> [LogisticRegression + Time_Warping @ 3x] Acc: 0.4838, F1: 0.4589, Time: 0.29s
      -> [RNN + Time_Warping @ 3x] Acc: 0.5222, F1: 0.4413, Time: 1.63s
    [=== Generating 5x synthetic data with Time_Warping ===]
      -> [KNN + Time_Warping @ 5x] Acc: 0.8640, F1: 0.8641, Time: 0.25s
      -> [RandomForest + Time_Warping @ 5x] Acc: 0.8171, F1: 0.8173, Time: 28.06s
      -> [LinearSVC + Time_Warping @ 5x] Acc: 0.4433, F1: 0.3589, Time: 0.40s
      -> [LogisticRegression + Time_Warping @ 5x] Acc: 0.4816, F1: 0.4638, Time: 0.43s
      -> [RNN + Time_Warping @ 5x] Acc: 0.4778, F1: 0.4029, Time: 3.02s
    [=== Generating 10x synthetic data with Time_Warping ===]
      -> [KNN + Time_Warping @ 10x] Acc: 0.8459, F1: 0.8461, Time: 0.29s
      -> [RandomForest + Time_Warping @ 10x] Acc: 0.7540, F1: 0.7548, Time: 29.10s
      -> [LinearSVC + Time_Warping @ 10x] Acc: 0.4314, F1: 0.3514, Time: 0.96s
      -> [LogisticRegression + Time_Warping @ 10x] Acc: 0.4699, F1: 0.4563, Time: 0.48s
      -> [RNN + Time_Warping @ 10x] Acc: 0.6222, F1: 0.5716, Time: 6.14s
    [=== Generating 2x synthetic data with SMOTE ===]
      -> [KNN + SMOTE @ 2x] Acc: 0.8843, F1: 0.8845, Time: 0.12s
      -> [RandomForest + SMOTE @ 2x] Acc: 0.8706, F1: 0.8709, Time: 9.41s
      -> [LinearSVC + SMOTE @ 2x] Acc: 0.7038, F1: 0.6915, Time: 0.25s
      -> [LogisticRegression + SMOTE @ 2x] Acc: 0.7309, F1: 0.7267, Time: 0.77s
      -> [RNN + SMOTE @ 2x] Acc: 0.4667, F1: 0.3824, Time: 1.20s
    [=== Generating 3x synthetic data with SMOTE ===]
      -> [KNN + SMOTE @ 3x] Acc: 0.8956, F1: 0.8958, Time: 0.16s
      -> [RandomForest + SMOTE @ 3x] Acc: 0.8827, F1: 0.8830, Time: 14.51s
      -> [LinearSVC + SMOTE @ 3x] Acc: 0.7007, F1: 0.6884, Time: 0.38s
      -> [LogisticRegression + SMOTE @ 3x] Acc: 0.7277, F1: 0.7222, Time: 1.13s
      -> [RNN + SMOTE @ 3x] Acc: 0.5333, F1: 0.4677, Time: 1.64s
    [=== Generating 5x synthetic data with SMOTE ===]
      -> [KNN + SMOTE @ 5x] Acc: 0.9049, F1: 0.9048, Time: 0.20s
      -> [RandomForest + SMOTE @ 5x] Acc: 0.8802, F1: 0.8807, Time: 25.24s
      -> [LinearSVC + SMOTE @ 5x] Acc: 0.6988, F1: 0.6863, Time: 0.66s
      -> [LogisticRegression + SMOTE @ 5x] Acc: 0.7289, F1: 0.7233, Time: 1.89s
      -> [RNN + SMOTE @ 5x] Acc: 0.4222, F1: 0.3181, Time: 2.90s
    [=== Generating 10x synthetic data with SMOTE ===]
      -> [KNN + SMOTE @ 10x] Acc: 0.9053, F1: 0.9054, Time: 0.22s
      -> [RandomForest + SMOTE @ 10x] Acc: 0.8811, F1: 0.8816, Time: 25.84s
      -> [LinearSVC + SMOTE @ 10x] Acc: 0.6982, F1: 0.6847, Time: 1.61s
      -> [LogisticRegression + SMOTE @ 10x] Acc: 0.7243, F1: 0.7187, Time: 2.07s
      -> [RNN + SMOTE @ 10x] Acc: 0.7333, F1: 0.7214, Time: 5.54s
    [=== Generating 2x synthetic data with ADASYN ===]
      [!] Failed generation with ADASYN at 2x: Not any neigbours belong to the majority class. This case will induce a NaN case with a division by zero. ADASYN is not suited for this specific dataset. Use SMOTE instead.
    [=== Generating 3x synthetic data with ADASYN ===]
      [!] Failed generation with ADASYN at 3x: Not any neigbours belong to the majority class. This case will induce a NaN case with a division by zero. ADASYN is not suited for this specific dataset. Use SMOTE instead.
    [=== Generating 5x synthetic data with ADASYN ===]
      [!] Failed generation with ADASYN at 5x: Not any neigbours belong to the majority class. This case will induce a NaN case with a division by zero. ADASYN is not suited for this specific dataset. Use SMOTE instead.
    [=== Generating 10x synthetic data with ADASYN ===]
      [!] Failed generation with ADASYN at 10x: Not any neigbours belong to the majority class. This case will induce a NaN case with a division by zero. ADASYN is not suited for this specific dataset. Use SMOTE instead.
    [=== Generating 2x synthetic data with Mixup ===]
      -> [KNN + Mixup @ 2x] Acc: 0.9067, F1: 0.9066, Time: 0.12s
      -> [RandomForest + Mixup @ 2x] Acc: 0.8928, F1: 0.8928, Time: 9.28s
      -> [LinearSVC + Mixup @ 2x] Acc: 0.6982, F1: 0.6810, Time: 0.25s
      -> [LogisticRegression + Mixup @ 2x] Acc: 0.7286, F1: 0.7243, Time: 0.76s
      -> [RNN + Mixup @ 2x] Acc: 0.5667, F1: 0.5026, Time: 1.12s
    [=== Generating 3x synthetic data with Mixup ===]
      -> [KNN + Mixup @ 3x] Acc: 0.8951, F1: 0.8946, Time: 0.14s
      -> [RandomForest + Mixup @ 3x] Acc: 0.8789, F1: 0.8789, Time: 14.04s
      -> [LinearSVC + Mixup @ 3x] Acc: 0.7030, F1: 0.6862, Time: 0.37s
      -> [LogisticRegression + Mixup @ 3x] Acc: 0.7348, F1: 0.7321, Time: 1.14s
      -> [RNN + Mixup @ 3x] Acc: 0.4778, F1: 0.4014, Time: 1.75s
    [=== Generating 5x synthetic data with Mixup ===]
      -> [KNN + Mixup @ 5x] Acc: 0.9027, F1: 0.9026, Time: 0.20s
      -> [RandomForest + Mixup @ 5x] Acc: 0.8797, F1: 0.8800, Time: 24.25s
      -> [LinearSVC + Mixup @ 5x] Acc: 0.7004, F1: 0.6823, Time: 0.64s
      -> [LogisticRegression + Mixup @ 5x] Acc: 0.7309, F1: 0.7256, Time: 2.01s
      -> [RNN + Mixup @ 5x] Acc: 0.6778, F1: 0.6275, Time: 2.75s
    [=== Generating 10x synthetic data with Mixup ===]
      -> [KNN + Mixup @ 10x] Acc: 0.9081, F1: 0.9083, Time: 0.22s
      -> [RandomForest + Mixup @ 10x] Acc: 0.8881, F1: 0.8885, Time: 25.43s
      -> [LinearSVC + Mixup @ 10x] Acc: 0.6932, F1: 0.6782, Time: 1.62s
      -> [LogisticRegression + Mixup @ 10x] Acc: 0.7188, F1: 0.7128, Time: 2.13s
      -> [RNN + Mixup @ 10x] Acc: 0.6111, F1: 0.5614, Time: 5.50s
    [=== Generating 2x synthetic data with GMM ===]
      -> [KNN + GMM @ 2x] Acc: 0.8819, F1: 0.8819, Time: 0.13s
      -> [RandomForest + GMM @ 2x] Acc: 0.8679, F1: 0.8678, Time: 9.94s
      -> [LinearSVC + GMM @ 2x] Acc: 0.6657, F1: 0.6360, Time: 0.24s
      -> [LogisticRegression + GMM @ 2x] Acc: 0.7133, F1: 0.7046, Time: 0.77s
      -> [RNN + GMM @ 2x] Acc: 0.5444, F1: 0.4750, Time: 1.12s
    [=== Generating 3x synthetic data with GMM ===]
      -> [KNN + GMM @ 3x] Acc: 0.8816, F1: 0.8819, Time: 0.16s
      -> [RandomForest + GMM @ 3x] Acc: 0.8620, F1: 0.8621, Time: 15.64s
      -> [LinearSVC + GMM @ 3x] Acc: 0.6599, F1: 0.6299, Time: 0.35s
      -> [LogisticRegression + GMM @ 3x] Acc: 0.7109, F1: 0.7024, Time: 1.18s
      -> [RNN + GMM @ 3x] Acc: 0.5778, F1: 0.5322, Time: 1.70s
    [=== Generating 5x synthetic data with GMM ===]
      -> [KNN + GMM @ 5x] Acc: 0.8766, F1: 0.8768, Time: 0.24s
      -> [RandomForest + GMM @ 5x] Acc: 0.8561, F1: 0.8564, Time: 27.47s
      -> [LinearSVC + GMM @ 5x] Acc: 0.6594, F1: 0.6300, Time: 0.61s
      -> [LogisticRegression + GMM @ 5x] Acc: 0.7026, F1: 0.6935, Time: 1.91s
      -> [RNN + GMM @ 5x] Acc: 0.5000, F1: 0.4674, Time: 2.87s
    [=== Generating 10x synthetic data with GMM ===]
      -> [KNN + GMM @ 10x] Acc: 0.8727, F1: 0.8728, Time: 0.26s
      -> [RandomForest + GMM @ 10x] Acc: 0.8526, F1: 0.8526, Time: 28.11s
      -> [LinearSVC + GMM @ 10x] Acc: 0.6540, F1: 0.6267, Time: 1.51s
      -> [LogisticRegression + GMM @ 10x] Acc: 0.6956, F1: 0.6877, Time: 2.13s
      -> [RNN + GMM @ 10x] Acc: 0.6667, F1: 0.6259, Time: 5.76s
    [=== Generating 2x synthetic data with HMM_GMM ===]
      -> [KNN + HMM_GMM @ 2x] Acc: 0.8711, F1: 0.8715, Time: 0.13s
      -> [RandomForest + HMM_GMM @ 2x] Acc: 0.8512, F1: 0.8513, Time: 6.03s
      -> [LinearSVC + HMM_GMM @ 2x] Acc: 0.5723, F1: 0.5407, Time: 0.19s
      -> [LogisticRegression + HMM_GMM @ 2x] Acc: 0.5751, F1: 0.5592, Time: 0.80s
      -> [RNN + HMM_GMM @ 2x] Acc: 0.2556, F1: 0.1834, Time: 1.12s
    [=== Generating 3x synthetic data with HMM_GMM ===]
      -> [KNN + HMM_GMM @ 3x] Acc: 0.8711, F1: 0.8715, Time: 0.16s
      -> [RandomForest + HMM_GMM @ 3x] Acc: 0.8509, F1: 0.8510, Time: 7.07s
      -> [LinearSVC + HMM_GMM @ 3x] Acc: 0.5529, F1: 0.5261, Time: 0.28s
      -> [LogisticRegression + HMM_GMM @ 3x] Acc: 0.5423, F1: 0.5212, Time: 1.14s
      -> [RNN + HMM_GMM @ 3x] Acc: 0.4111, F1: 0.3089, Time: 1.67s
    [=== Generating 5x synthetic data with HMM_GMM ===]
      -> [KNN + HMM_GMM @ 5x] Acc: 0.8711, F1: 0.8715, Time: 0.22s
      -> [RandomForest + HMM_GMM @ 5x] Acc: 0.8491, F1: 0.8491, Time: 8.93s
      -> [LinearSVC + HMM_GMM @ 5x] Acc: 0.5296, F1: 0.5158, Time: 0.52s
      -> [LogisticRegression + HMM_GMM @ 5x] Acc: 0.5170, F1: 0.4950, Time: 1.80s
      -> [RNN + HMM_GMM @ 5x] Acc: 0.5667, F1: 0.5108, Time: 2.86s
    [=== Generating 10x synthetic data with HMM_GMM ===]
      -> [KNN + HMM_GMM @ 10x] Acc: 0.8438, F1: 0.8442, Time: 0.24s
      -> [RandomForest + HMM_GMM @ 10x] Acc: 0.8193, F1: 0.8197, Time: 7.15s
      -> [LinearSVC + HMM_GMM @ 10x] Acc: 0.5069, F1: 0.5032, Time: 0.83s
      -> [LogisticRegression + HMM_GMM @ 10x] Acc: 0.4863, F1: 0.4718, Time: 1.83s
      -> [RNN + HMM_GMM @ 10x] Acc: 0.2556, F1: 0.2080, Time: 5.49s
    [=== Generating 2x synthetic data with TimeVAE ===]
      -> [KNN + TimeVAE @ 2x] Acc: 0.8779, F1: 0.8777, Time: 0.12s
      -> [RandomForest + TimeVAE @ 2x] Acc: 0.8708, F1: 0.8707, Time: 7.58s
      -> [LinearSVC + TimeVAE @ 2x] Acc: 0.6144, F1: 0.5684, Time: 0.24s
      -> [LogisticRegression + TimeVAE @ 2x] Acc: 0.6618, F1: 0.6447, Time: 0.76s
      -> [RNN + TimeVAE @ 2x] Acc: 0.2333, F1: 0.1154, Time: 1.39s
    [=== Generating 3x synthetic data with TimeVAE ===]
      -> [KNN + TimeVAE @ 3x] Acc: 0.8773, F1: 0.8771, Time: 0.14s
      -> [RandomForest + TimeVAE @ 3x] Acc: 0.8708, F1: 0.8708, Time: 10.72s
      -> [LinearSVC + TimeVAE @ 3x] Acc: 0.6053, F1: 0.5572, Time: 0.35s
      -> [LogisticRegression + TimeVAE @ 3x] Acc: 0.6397, F1: 0.6200, Time: 1.14s
      -> [RNN + TimeVAE @ 3x] Acc: 0.3556, F1: 0.2415, Time: 1.64s
    [=== Generating 5x synthetic data with TimeVAE ===]
      -> [KNN + TimeVAE @ 5x] Acc: 0.8770, F1: 0.8768, Time: 0.19s
      -> [RandomForest + TimeVAE @ 5x] Acc: 0.8720, F1: 0.8721, Time: 18.69s
      -> [LinearSVC + TimeVAE @ 5x] Acc: 0.5876, F1: 0.5398, Time: 0.64s
      -> [LogisticRegression + TimeVAE @ 5x] Acc: 0.6157, F1: 0.5926, Time: 1.88s
      -> [RNN + TimeVAE @ 5x] Acc: 0.2444, F1: 0.1330, Time: 2.75s
    [=== Generating 10x synthetic data with TimeVAE ===]
      -> [KNN + TimeVAE @ 10x] Acc: 0.8554, F1: 0.8552, Time: 0.21s
      -> [RandomForest + TimeVAE @ 10x] Acc: 0.8483, F1: 0.8485, Time: 18.98s
      -> [LinearSVC + TimeVAE @ 10x] Acc: 0.5784, F1: 0.5345, Time: 1.05s
      -> [LogisticRegression + TimeVAE @ 10x] Acc: 0.5946, F1: 0.5698, Time: 2.09s
      -> [RNN + TimeVAE @ 10x] Acc: 0.4667, F1: 0.3599, Time: 5.40s

    >> Seed Fold Selection: 3/10
    Evaluating Model: KNN
      -> [Baseline] Acc: 0.8962, F1: 0.8960, Time: 0.34s
      HP Tuning KNN...
n_iterations: 3
n_required_iterations: 3
n_possible_iterations: 5
min_resources_: 100
max_resources_: 20000
aggressive_elimination: False
factor: 3
----------
iter: 0
n_candidates: 20
n_resources: 100
Fitting 5 folds for each of 20 candidates, totalling 100 fits
----------
iter: 1
n_candidates: 7
n_resources: 300
Fitting 5 folds for each of 7 candidates, totalling 35 fits
----------
iter: 2
n_candidates: 3
n_resources: 900
Fitting 5 folds for each of 3 candidates, totalling 15 fits
      -> [Tuned_Baseline] Acc: 0.8982, F1: 0.8978, Time: 0.31s
    Evaluating Model: RandomForest
      -> [Baseline] Acc: 0.8799, F1: 0.8787, Time: 4.71s
      HP Tuning RandomForest...
n_iterations: 3
n_required_iterations: 3
n_possible_iterations: 5
min_resources_: 100
max_resources_: 20000
aggressive_elimination: False
factor: 3
----------
iter: 0
n_candidates: 20
n_resources: 100
Fitting 5 folds for each of 20 candidates, totalling 100 fits
----------
iter: 1
n_candidates: 7
n_resources: 300
Fitting 5 folds for each of 7 candidates, totalling 35 fits
----------
iter: 2
n_candidates: 3
n_resources: 900
Fitting 5 folds for each of 3 candidates, totalling 15 fits
      -> [Tuned_Baseline] Acc: 0.8799, F1: 0.8787, Time: 0.07s
    Evaluating Model: LinearSVC
      -> [Baseline] Acc: 0.6971, F1: 0.6750, Time: 0.12s
      HP Tuning LinearSVC...
n_iterations: 3
n_required_iterations: 3
n_possible_iterations: 5
min_resources_: 100
max_resources_: 20000
aggressive_elimination: False
factor: 3
----------
iter: 0
n_candidates: 20
n_resources: 100
Fitting 5 folds for each of 20 candidates, totalling 100 fits
----------
iter: 1
n_candidates: 7
n_resources: 300
Fitting 5 folds for each of 7 candidates, totalling 35 fits
----------
iter: 2
n_candidates: 3
n_resources: 900
Fitting 5 folds for each of 3 candidates, totalling 15 fits
      -> [Tuned_Baseline] Acc: 0.6999, F1: 0.6791, Time: 0.00s
    Evaluating Model: LogisticRegression
      -> [Baseline] Acc: 0.7199, F1: 0.7090, Time: 0.40s
      HP Tuning LogisticRegression...
n_iterations: 3
n_required_iterations: 3
n_possible_iterations: 5
min_resources_: 100
max_resources_: 20000
aggressive_elimination: False
factor: 3
----------
iter: 0
n_candidates: 12
n_resources: 100
Fitting 5 folds for each of 12 candidates, totalling 60 fits
----------
iter: 1
n_candidates: 4
n_resources: 300
Fitting 5 folds for each of 4 candidates, totalling 20 fits
----------
iter: 2
n_candidates: 2
n_resources: 900
Fitting 5 folds for each of 2 candidates, totalling 10 fits
      -> [Tuned_Baseline] Acc: 0.7288, F1: 0.7223, Time: 0.00s
    Evaluating Model: RNN
      -> [Baseline] Acc: 0.1333, F1: 0.0626, Time: 0.60s
      -> [Tuned_Baseline] Acc: 0.1333, F1: 0.0626, Time: 0.00s
    [=== Generating 2x synthetic data with Jittering ===]
      -> [KNN + Jittering @ 2x] Acc: 0.8988, F1: 0.8981, Time: 0.36s
      -> [RandomForest + Jittering @ 2x] Acc: 0.8973, F1: 0.8967, Time: 9.79s
      -> [LinearSVC + Jittering @ 2x] Acc: 0.6976, F1: 0.6757, Time: 0.25s
      -> [LogisticRegression + Jittering @ 2x] Acc: 0.7298, F1: 0.7212, Time: 0.80s
      -> [RNN + Jittering @ 2x] Acc: 0.4111, F1: 0.3383, Time: 1.16s
    [=== Generating 3x synthetic data with Jittering ===]
      -> [KNN + Jittering @ 3x] Acc: 0.8914, F1: 0.8908, Time: 0.39s
      -> [RandomForest + Jittering @ 3x] Acc: 0.8952, F1: 0.8946, Time: 15.65s
      -> [LinearSVC + Jittering @ 3x] Acc: 0.6953, F1: 0.6725, Time: 0.38s
      -> [LogisticRegression + Jittering @ 3x] Acc: 0.7264, F1: 0.7170, Time: 1.14s
      -> [RNN + Jittering @ 3x] Acc: 0.4556, F1: 0.3400, Time: 2.61s
    [=== Generating 5x synthetic data with Jittering ===]
      -> [KNN + Jittering @ 5x] Acc: 0.8911, F1: 0.8904, Time: 0.45s
      -> [RandomForest + Jittering @ 5x] Acc: 0.8961, F1: 0.8956, Time: 27.29s
      -> [LinearSVC + Jittering @ 5x] Acc: 0.6947, F1: 0.6717, Time: 0.63s
      -> [LogisticRegression + Jittering @ 5x] Acc: 0.7279, F1: 0.7191, Time: 1.90s
      -> [RNN + Jittering @ 5x] Acc: 0.5778, F1: 0.5507, Time: 2.84s
    [=== Generating 10x synthetic data with Jittering ===]
      -> [KNN + Jittering @ 10x] Acc: 0.8914, F1: 0.8907, Time: 0.46s
      -> [RandomForest + Jittering @ 10x] Acc: 0.8958, F1: 0.8952, Time: 28.18s
      -> [LinearSVC + Jittering @ 10x] Acc: 0.6952, F1: 0.6713, Time: 1.59s
      -> [LogisticRegression + Jittering @ 10x] Acc: 0.7308, F1: 0.7216, Time: 2.07s
      -> [RNN + Jittering @ 10x] Acc: 0.4444, F1: 0.3756, Time: 5.58s
    [=== Generating 2x synthetic data with Scaling ===]
      -> [KNN + Scaling @ 2x] Acc: 0.8812, F1: 0.8810, Time: 0.37s
      -> [RandomForest + Scaling @ 2x] Acc: 0.8761, F1: 0.8747, Time: 9.95s
      -> [LinearSVC + Scaling @ 2x] Acc: 0.6591, F1: 0.6287, Time: 0.23s
      -> [LogisticRegression + Scaling @ 2x] Acc: 0.7058, F1: 0.6924, Time: 0.79s
      -> [RNN + Scaling @ 2x] Acc: 0.4222, F1: 0.3629, Time: 1.17s
    [=== Generating 3x synthetic data with Scaling ===]
      -> [KNN + Scaling @ 3x] Acc: 0.8881, F1: 0.8873, Time: 0.39s
      -> [RandomForest + Scaling @ 3x] Acc: 0.8853, F1: 0.8848, Time: 15.44s
      -> [LinearSVC + Scaling @ 3x] Acc: 0.6500, F1: 0.6199, Time: 0.33s
      -> [LogisticRegression + Scaling @ 3x] Acc: 0.6814, F1: 0.6680, Time: 1.12s
      -> [RNN + Scaling @ 3x] Acc: 0.5333, F1: 0.4305, Time: 1.63s
    [=== Generating 5x synthetic data with Scaling ===]
      -> [KNN + Scaling @ 5x] Acc: 0.8789, F1: 0.8774, Time: 0.45s
      -> [RandomForest + Scaling @ 5x] Acc: 0.8859, F1: 0.8843, Time: 27.95s
      -> [LinearSVC + Scaling @ 5x] Acc: 0.6381, F1: 0.6062, Time: 0.57s
      -> [LogisticRegression + Scaling @ 5x] Acc: 0.6856, F1: 0.6759, Time: 1.91s
      -> [RNN + Scaling @ 5x] Acc: 0.6889, F1: 0.6443, Time: 2.74s
    [=== Generating 10x synthetic data with Scaling ===]
      -> [KNN + Scaling @ 10x] Acc: 0.8738, F1: 0.8732, Time: 0.48s
      -> [RandomForest + Scaling @ 10x] Acc: 0.8880, F1: 0.8875, Time: 30.38s
      -> [LinearSVC + Scaling @ 10x] Acc: 0.6333, F1: 0.5974, Time: 1.81s
      -> [LogisticRegression + Scaling @ 10x] Acc: 0.6788, F1: 0.6667, Time: 2.16s
      -> [RNN + Scaling @ 10x] Acc: 0.6667, F1: 0.6252, Time: 5.48s
    [=== Generating 2x synthetic data with Magnitude_Warping ===]
      -> [KNN + Magnitude_Warping @ 2x] Acc: 0.8843, F1: 0.8841, Time: 0.37s
      -> [RandomForest + Magnitude_Warping @ 2x] Acc: 0.8889, F1: 0.8879, Time: 10.55s
      -> [LinearSVC + Magnitude_Warping @ 2x] Acc: 0.6079, F1: 0.5646, Time: 0.21s
      -> [LogisticRegression + Magnitude_Warping @ 2x] Acc: 0.6512, F1: 0.6384, Time: 0.78s
      -> [RNN + Magnitude_Warping @ 2x] Acc: 0.4667, F1: 0.3663, Time: 1.27s
    [=== Generating 3x synthetic data with Magnitude_Warping ===]
      -> [KNN + Magnitude_Warping @ 3x] Acc: 0.8902, F1: 0.8899, Time: 0.40s
      -> [RandomForest + Magnitude_Warping @ 3x] Acc: 0.8906, F1: 0.8901, Time: 16.26s
      -> [LinearSVC + Magnitude_Warping @ 3x] Acc: 0.5938, F1: 0.5480, Time: 0.31s
      -> [LogisticRegression + Magnitude_Warping @ 3x] Acc: 0.6480, F1: 0.6341, Time: 1.10s
      -> [RNN + Magnitude_Warping @ 3x] Acc: 0.5333, F1: 0.4580, Time: 1.66s
    [=== Generating 5x synthetic data with Magnitude_Warping ===]
      -> [KNN + Magnitude_Warping @ 5x] Acc: 0.8642, F1: 0.8632, Time: 0.46s
      -> [RandomForest + Magnitude_Warping @ 5x] Acc: 0.8684, F1: 0.8678, Time: 29.33s
      -> [LinearSVC + Magnitude_Warping @ 5x] Acc: 0.5759, F1: 0.5264, Time: 0.53s
      -> [LogisticRegression + Magnitude_Warping @ 5x] Acc: 0.6353, F1: 0.6217, Time: 1.66s
      -> [RNN + Magnitude_Warping @ 5x] Acc: 0.4889, F1: 0.4152, Time: 2.73s
    [=== Generating 10x synthetic data with Magnitude_Warping ===]
      -> [KNN + Magnitude_Warping @ 10x] Acc: 0.8477, F1: 0.8469, Time: 0.48s
      -> [RandomForest + Magnitude_Warping @ 10x] Acc: 0.8621, F1: 0.8619, Time: 30.54s
      -> [LinearSVC + Magnitude_Warping @ 10x] Acc: 0.5759, F1: 0.5295, Time: 1.27s
      -> [LogisticRegression + Magnitude_Warping @ 10x] Acc: 0.6279, F1: 0.6136, Time: 1.78s
      -> [RNN + Magnitude_Warping @ 10x] Acc: 0.6222, F1: 0.5804, Time: 5.46s
    [=== Generating 2x synthetic data with Time_Warping ===]
      -> [KNN + Time_Warping @ 2x] Acc: 0.9013, F1: 0.9008, Time: 0.38s
      -> [RandomForest + Time_Warping @ 2x] Acc: 0.8669, F1: 0.8655, Time: 10.22s
      -> [LinearSVC + Time_Warping @ 2x] Acc: 0.4703, F1: 0.4004, Time: 0.18s
      -> [LogisticRegression + Time_Warping @ 2x] Acc: 0.5287, F1: 0.5022, Time: 0.23s
      -> [RNN + Time_Warping @ 2x] Acc: 0.4000, F1: 0.2875, Time: 1.16s
    [=== Generating 3x synthetic data with Time_Warping ===]
      -> [KNN + Time_Warping @ 3x] Acc: 0.8997, F1: 0.8994, Time: 0.46s
      -> [RandomForest + Time_Warping @ 3x] Acc: 0.8582, F1: 0.8563, Time: 17.06s
      -> [LinearSVC + Time_Warping @ 3x] Acc: 0.4410, F1: 0.3596, Time: 0.25s
      -> [LogisticRegression + Time_Warping @ 3x] Acc: 0.4760, F1: 0.4563, Time: 0.28s
      -> [RNN + Time_Warping @ 3x] Acc: 0.5222, F1: 0.4276, Time: 1.64s
    [=== Generating 5x synthetic data with Time_Warping ===]
      -> [KNN + Time_Warping @ 5x] Acc: 0.8790, F1: 0.8783, Time: 0.48s
      -> [RandomForest + Time_Warping @ 5x] Acc: 0.8444, F1: 0.8426, Time: 30.40s
      -> [LinearSVC + Time_Warping @ 5x] Acc: 0.4253, F1: 0.3445, Time: 0.43s
      -> [LogisticRegression + Time_Warping @ 5x] Acc: 0.4789, F1: 0.4606, Time: 0.42s
      -> [RNN + Time_Warping @ 5x] Acc: 0.4667, F1: 0.3556, Time: 3.13s
    [=== Generating 10x synthetic data with Time_Warping ===]
      -> [KNN + Time_Warping @ 10x] Acc: 0.8663, F1: 0.8654, Time: 0.49s
      -> [RandomForest + Time_Warping @ 10x] Acc: 0.8156, F1: 0.8135, Time: 31.76s
      -> [LinearSVC + Time_Warping @ 10x] Acc: 0.4111, F1: 0.3373, Time: 1.08s
      -> [LogisticRegression + Time_Warping @ 10x] Acc: 0.4547, F1: 0.4424, Time: 0.46s
      -> [RNN + Time_Warping @ 10x] Acc: 0.6000, F1: 0.5319, Time: 5.86s
    [=== Generating 2x synthetic data with SMOTE ===]
      -> [KNN + SMOTE @ 2x] Acc: 0.8889, F1: 0.8881, Time: 0.36s
      -> [RandomForest + SMOTE @ 2x] Acc: 0.8811, F1: 0.8804, Time: 9.58s
      -> [LinearSVC + SMOTE @ 2x] Acc: 0.6989, F1: 0.6805, Time: 0.25s
      -> [LogisticRegression + SMOTE @ 2x] Acc: 0.7281, F1: 0.7210, Time: 0.78s
      -> [RNN + SMOTE @ 2x] Acc: 0.4000, F1: 0.3058, Time: 1.12s
    [=== Generating 3x synthetic data with SMOTE ===]
      -> [KNN + SMOTE @ 3x] Acc: 0.8921, F1: 0.8916, Time: 0.38s
      -> [RandomForest + SMOTE @ 3x] Acc: 0.8862, F1: 0.8851, Time: 14.74s
      -> [LinearSVC + SMOTE @ 3x] Acc: 0.7036, F1: 0.6908, Time: 0.36s
      -> [LogisticRegression + SMOTE @ 3x] Acc: 0.7337, F1: 0.7286, Time: 1.13s
      -> [RNN + SMOTE @ 3x] Acc: 0.5778, F1: 0.4861, Time: 1.63s
    [=== Generating 5x synthetic data with SMOTE ===]
      -> [KNN + SMOTE @ 5x] Acc: 0.9014, F1: 0.9009, Time: 0.44s
      -> [RandomForest + SMOTE @ 5x] Acc: 0.8836, F1: 0.8824, Time: 25.71s
      -> [LinearSVC + SMOTE @ 5x] Acc: 0.7038, F1: 0.6868, Time: 0.63s
      -> [LogisticRegression + SMOTE @ 5x] Acc: 0.7317, F1: 0.7259, Time: 1.88s
      -> [RNN + SMOTE @ 5x] Acc: 0.7000, F1: 0.6498, Time: 2.73s
    [=== Generating 10x synthetic data with SMOTE ===]
      -> [KNN + SMOTE @ 10x] Acc: 0.8986, F1: 0.8987, Time: 0.45s
      -> [RandomForest + SMOTE @ 10x] Acc: 0.8851, F1: 0.8845, Time: 26.31s
      -> [LinearSVC + SMOTE @ 10x] Acc: 0.7046, F1: 0.6864, Time: 1.53s
      -> [LogisticRegression + SMOTE @ 10x] Acc: 0.7248, F1: 0.7178, Time: 2.05s
      -> [RNN + SMOTE @ 10x] Acc: 0.3444, F1: 0.2218, Time: 11.63s
    [=== Generating 2x synthetic data with ADASYN ===]
      -> [KNN + ADASYN @ 2x] Acc: 0.9004, F1: 0.8996, Time: 0.36s
      -> [RandomForest + ADASYN @ 2x] Acc: 0.8957, F1: 0.8942, Time: 9.40s
      -> [LinearSVC + ADASYN @ 2x] Acc: 0.7149, F1: 0.6910, Time: 0.25s
      -> [LogisticRegression + ADASYN @ 2x] Acc: 0.7217, F1: 0.7127, Time: 0.75s
      -> [RNN + ADASYN @ 2x] Acc: 0.4889, F1: 0.3742, Time: 1.11s
    [=== Generating 3x synthetic data with ADASYN ===]
      -> [KNN + ADASYN @ 3x] Acc: 0.9028, F1: 0.9019, Time: 0.38s
      -> [RandomForest + ADASYN @ 3x] Acc: 0.8950, F1: 0.8940, Time: 14.27s
      -> [LinearSVC + ADASYN @ 3x] Acc: 0.7030, F1: 0.6776, Time: 0.39s
      -> [LogisticRegression + ADASYN @ 3x] Acc: 0.7128, F1: 0.7070, Time: 1.19s
      -> [RNN + ADASYN @ 3x] Acc: 0.5000, F1: 0.4232, Time: 1.69s
    [=== Generating 5x synthetic data with ADASYN ===]
      -> [KNN + ADASYN @ 5x] Acc: 0.9056, F1: 0.9047, Time: 0.44s
      -> [RandomForest + ADASYN @ 5x] Acc: 0.8926, F1: 0.8919, Time: 25.05s
      -> [LinearSVC + ADASYN @ 5x] Acc: 0.6917, F1: 0.6693, Time: 0.63s
      -> [LogisticRegression + ADASYN @ 5x] Acc: 0.7090, F1: 0.7015, Time: 1.98s
      -> [RNN + ADASYN @ 5x] Acc: 0.5222, F1: 0.4600, Time: 2.68s
    [=== Generating 10x synthetic data with ADASYN ===]
      -> [KNN + ADASYN @ 10x] Acc: 0.9009, F1: 0.9003, Time: 0.46s
      -> [RandomForest + ADASYN @ 10x] Acc: 0.8877, F1: 0.8871, Time: 25.88s
      -> [LinearSVC + ADASYN @ 10x] Acc: 0.6813, F1: 0.6577, Time: 1.79s
      -> [LogisticRegression + ADASYN @ 10x] Acc: 0.6947, F1: 0.6857, Time: 2.14s
      -> [RNN + ADASYN @ 10x] Acc: 0.5778, F1: 0.5301, Time: 5.57s
    [=== Generating 2x synthetic data with Mixup ===]
      -> [KNN + Mixup @ 2x] Acc: 0.8966, F1: 0.8961, Time: 0.36s
      -> [RandomForest + Mixup @ 2x] Acc: 0.8730, F1: 0.8719, Time: 9.23s
      -> [LinearSVC + Mixup @ 2x] Acc: 0.6912, F1: 0.6676, Time: 0.23s
      -> [LogisticRegression + Mixup @ 2x] Acc: 0.7273, F1: 0.7199, Time: 0.78s
      -> [RNN + Mixup @ 2x] Acc: 0.4778, F1: 0.3776, Time: 1.12s
    [=== Generating 3x synthetic data with Mixup ===]
      -> [KNN + Mixup @ 3x] Acc: 0.9027, F1: 0.9024, Time: 0.38s
      -> [RandomForest + Mixup @ 3x] Acc: 0.8869, F1: 0.8858, Time: 14.25s
      -> [LinearSVC + Mixup @ 3x] Acc: 0.6968, F1: 0.6799, Time: 0.36s
      -> [LogisticRegression + Mixup @ 3x] Acc: 0.7266, F1: 0.7218, Time: 1.14s
      -> [RNN + Mixup @ 3x] Acc: 0.5778, F1: 0.4971, Time: 1.65s
    [=== Generating 5x synthetic data with Mixup ===]
      -> [KNN + Mixup @ 5x] Acc: 0.8963, F1: 0.8961, Time: 0.45s
      -> [RandomForest + Mixup @ 5x] Acc: 0.8839, F1: 0.8827, Time: 25.20s
      -> [LinearSVC + Mixup @ 5x] Acc: 0.7007, F1: 0.6827, Time: 0.63s
      -> [LogisticRegression + Mixup @ 5x] Acc: 0.7322, F1: 0.7268, Time: 1.96s
      -> [RNN + Mixup @ 5x] Acc: 0.4000, F1: 0.3101, Time: 2.77s
    [=== Generating 10x synthetic data with Mixup ===]
      -> [KNN + Mixup @ 10x] Acc: 0.9120, F1: 0.9115, Time: 0.45s
      -> [RandomForest + Mixup @ 10x] Acc: 0.8984, F1: 0.8976, Time: 25.69s
      -> [LinearSVC + Mixup @ 10x] Acc: 0.6976, F1: 0.6769, Time: 1.62s
      -> [LogisticRegression + Mixup @ 10x] Acc: 0.7293, F1: 0.7201, Time: 2.05s
      -> [RNN + Mixup @ 10x] Acc: 0.6000, F1: 0.5519, Time: 5.48s
    [=== Generating 2x synthetic data with GMM ===]
      -> [KNN + GMM @ 2x] Acc: 0.8923, F1: 0.8919, Time: 0.37s
      -> [RandomForest + GMM @ 2x] Acc: 0.8773, F1: 0.8761, Time: 10.22s
      -> [LinearSVC + GMM @ 2x] Acc: 0.6673, F1: 0.6426, Time: 0.24s
      -> [LogisticRegression + GMM @ 2x] Acc: 0.7100, F1: 0.7020, Time: 0.76s
      -> [RNN + GMM @ 2x] Acc: 0.3111, F1: 0.2040, Time: 1.12s
    [=== Generating 3x synthetic data with GMM ===]
      -> [KNN + GMM @ 3x] Acc: 0.8871, F1: 0.8867, Time: 0.40s
      -> [RandomForest + GMM @ 3x] Acc: 0.8761, F1: 0.8749, Time: 16.07s
      -> [LinearSVC + GMM @ 3x] Acc: 0.6619, F1: 0.6338, Time: 0.35s
      -> [LogisticRegression + GMM @ 3x] Acc: 0.7013, F1: 0.6926, Time: 1.12s
      -> [RNN + GMM @ 3x] Acc: 0.4000, F1: 0.2995, Time: 1.63s
    [=== Generating 5x synthetic data with GMM ===]
      -> [KNN + GMM @ 5x] Acc: 0.8847, F1: 0.8838, Time: 0.46s
      -> [RandomForest + GMM @ 5x] Acc: 0.8733, F1: 0.8722, Time: 28.87s
      -> [LinearSVC + GMM @ 5x] Acc: 0.6529, F1: 0.6234, Time: 0.63s
      -> [LogisticRegression + GMM @ 5x] Acc: 0.6949, F1: 0.6854, Time: 2.02s
      -> [RNN + GMM @ 5x] Acc: 0.4778, F1: 0.4032, Time: 2.76s
    [=== Generating 10x synthetic data with GMM ===]
      -> [KNN + GMM @ 10x] Acc: 0.8670, F1: 0.8664, Time: 0.48s
      -> [RandomForest + GMM @ 10x] Acc: 0.8682, F1: 0.8666, Time: 29.58s
      -> [LinearSVC + GMM @ 10x] Acc: 0.6499, F1: 0.6196, Time: 1.40s
      -> [LogisticRegression + GMM @ 10x] Acc: 0.6863, F1: 0.6758, Time: 2.14s
      -> [RNN + GMM @ 10x] Acc: 0.6556, F1: 0.6187, Time: 5.36s
    [=== Generating 2x synthetic data with HMM_GMM ===]
      -> [KNN + HMM_GMM @ 2x] Acc: 0.8971, F1: 0.8967, Time: 0.37s
      -> [RandomForest + HMM_GMM @ 2x] Acc: 0.8800, F1: 0.8795, Time: 6.24s
      -> [LinearSVC + HMM_GMM @ 2x] Acc: 0.5541, F1: 0.5063, Time: 0.20s
      -> [LogisticRegression + HMM_GMM @ 2x] Acc: 0.6021, F1: 0.5837, Time: 0.79s
      -> [RNN + HMM_GMM @ 2x] Acc: 0.2667, F1: 0.1785, Time: 1.12s
    [=== Generating 3x synthetic data with HMM_GMM ===]
      -> [KNN + HMM_GMM @ 3x] Acc: 0.8971, F1: 0.8967, Time: 0.39s
      -> [RandomForest + HMM_GMM @ 3x] Acc: 0.8772, F1: 0.8766, Time: 7.21s
      -> [LinearSVC + HMM_GMM @ 3x] Acc: 0.5439, F1: 0.4943, Time: 0.29s
      -> [LogisticRegression + HMM_GMM @ 3x] Acc: 0.5807, F1: 0.5590, Time: 1.18s
      -> [RNN + HMM_GMM @ 3x] Acc: 0.4889, F1: 0.4399, Time: 1.74s
    [=== Generating 5x synthetic data with HMM_GMM ===]
      -> [KNN + HMM_GMM @ 5x] Acc: 0.8971, F1: 0.8967, Time: 0.45s
      -> [RandomForest + HMM_GMM @ 5x] Acc: 0.8766, F1: 0.8757, Time: 9.10s
      -> [LinearSVC + HMM_GMM @ 5x] Acc: 0.5174, F1: 0.4707, Time: 0.53s
      -> [LogisticRegression + HMM_GMM @ 5x] Acc: 0.5481, F1: 0.5224, Time: 2.08s
      -> [RNN + HMM_GMM @ 5x] Acc: 0.4111, F1: 0.3103, Time: 2.84s
    [=== Generating 10x synthetic data with HMM_GMM ===]
      -> [KNN + HMM_GMM @ 10x] Acc: 0.8799, F1: 0.8796, Time: 0.46s
      -> [RandomForest + HMM_GMM @ 10x] Acc: 0.8537, F1: 0.8535, Time: 7.00s
      -> [LinearSVC + HMM_GMM @ 10x] Acc: 0.5031, F1: 0.4609, Time: 1.25s
      -> [LogisticRegression + HMM_GMM @ 10x] Acc: 0.5217, F1: 0.4957, Time: 2.06s
      -> [RNN + HMM_GMM @ 10x] Acc: 0.5222, F1: 0.4242, Time: 5.76s
    [=== Generating 2x synthetic data with TimeVAE ===]
      -> [KNN + TimeVAE @ 2x] Acc: 0.8966, F1: 0.8961, Time: 0.36s
      -> [RandomForest + TimeVAE @ 2x] Acc: 0.8877, F1: 0.8864, Time: 7.42s
      -> [LinearSVC + TimeVAE @ 2x] Acc: 0.6177, F1: 0.5747, Time: 0.23s
      -> [LogisticRegression + TimeVAE @ 2x] Acc: 0.6526, F1: 0.6347, Time: 0.76s
      -> [RNN + TimeVAE @ 2x] Acc: 0.4333, F1: 0.3402, Time: 1.12s
    [=== Generating 3x synthetic data with TimeVAE ===]
      -> [KNN + TimeVAE @ 3x] Acc: 0.8956, F1: 0.8951, Time: 0.38s
      -> [RandomForest + TimeVAE @ 3x] Acc: 0.8810, F1: 0.8805, Time: 10.67s
      -> [LinearSVC + TimeVAE @ 3x] Acc: 0.6063, F1: 0.5608, Time: 0.35s
      -> [LogisticRegression + TimeVAE @ 3x] Acc: 0.6312, F1: 0.6096, Time: 1.19s
      -> [RNN + TimeVAE @ 3x] Acc: 0.4667, F1: 0.4046, Time: 1.66s
    [=== Generating 5x synthetic data with TimeVAE ===]
      -> [KNN + TimeVAE @ 5x] Acc: 0.8956, F1: 0.8952, Time: 0.42s
      -> [RandomForest + TimeVAE @ 5x] Acc: 0.8797, F1: 0.8785, Time: 19.08s
      -> [LinearSVC + TimeVAE @ 5x] Acc: 0.5867, F1: 0.5424, Time: 0.61s
      -> [LogisticRegression + TimeVAE @ 5x] Acc: 0.6128, F1: 0.5915, Time: 1.86s
      -> [RNN + TimeVAE @ 5x] Acc: 0.2222, F1: 0.1469, Time: 3.26s
    [=== Generating 10x synthetic data with TimeVAE ===]
      -> [KNN + TimeVAE @ 10x] Acc: 0.8793, F1: 0.8789, Time: 0.44s
      -> [RandomForest + TimeVAE @ 10x] Acc: 0.8590, F1: 0.8584, Time: 19.07s
      -> [LinearSVC + TimeVAE @ 10x] Acc: 0.5579, F1: 0.5149, Time: 1.45s
      -> [LogisticRegression + TimeVAE @ 10x] Acc: 0.5771, F1: 0.5507, Time: 2.06s
      -> [RNN + TimeVAE @ 10x] Acc: 0.4889, F1: 0.4060, Time: 5.47s

    >> Seed Fold Selection: 4/10
    Evaluating Model: KNN
      -> [Baseline] Acc: 0.8812, F1: 0.8815, Time: 0.34s
      HP Tuning KNN...
n_iterations: 3
n_required_iterations: 3
n_possible_iterations: 5
min_resources_: 100
max_resources_: 20000
aggressive_elimination: False
factor: 3
----------
iter: 0
n_candidates: 20
n_resources: 100
Fitting 5 folds for each of 20 candidates, totalling 100 fits
----------
iter: 1
n_candidates: 7
n_resources: 300
Fitting 5 folds for each of 7 candidates, totalling 35 fits
----------
iter: 2
n_candidates: 3
n_resources: 900
Fitting 5 folds for each of 3 candidates, totalling 15 fits
      -> [Tuned_Baseline] Acc: 0.8859, F1: 0.8859, Time: 0.31s
    Evaluating Model: RandomForest
      -> [Baseline] Acc: 0.8641, F1: 0.8637, Time: 4.65s
      HP Tuning RandomForest...
n_iterations: 3
n_required_iterations: 3
n_possible_iterations: 5
min_resources_: 100
max_resources_: 20000
aggressive_elimination: False
factor: 3
----------
iter: 0
n_candidates: 20
n_resources: 100
Fitting 5 folds for each of 20 candidates, totalling 100 fits
----------
iter: 1
n_candidates: 7
n_resources: 300
Fitting 5 folds for each of 7 candidates, totalling 35 fits
----------
iter: 2
n_candidates: 3
n_resources: 900
Fitting 5 folds for each of 3 candidates, totalling 15 fits
      -> [Tuned_Baseline] Acc: 0.8589, F1: 0.8590, Time: 0.07s
    Evaluating Model: LinearSVC
      -> [Baseline] Acc: 0.7087, F1: 0.6901, Time: 0.12s
      HP Tuning LinearSVC...
n_iterations: 3
n_required_iterations: 3
n_possible_iterations: 5
min_resources_: 100
max_resources_: 20000
aggressive_elimination: False
factor: 3
----------
iter: 0
n_candidates: 20
n_resources: 100
Fitting 5 folds for each of 20 candidates, totalling 100 fits
----------
iter: 1
n_candidates: 7
n_resources: 300
Fitting 5 folds for each of 7 candidates, totalling 35 fits
----------
iter: 2
n_candidates: 3
n_resources: 900
Fitting 5 folds for each of 3 candidates, totalling 15 fits
      -> [Tuned_Baseline] Acc: 0.7099, F1: 0.6921, Time: 0.00s
    Evaluating Model: LogisticRegression
      -> [Baseline] Acc: 0.7254, F1: 0.7195, Time: 0.41s
      HP Tuning LogisticRegression...
n_iterations: 3
n_required_iterations: 3
n_possible_iterations: 5
min_resources_: 100
max_resources_: 20000
aggressive_elimination: False
factor: 3
----------
iter: 0
n_candidates: 12
n_resources: 100
Fitting 5 folds for each of 12 candidates, totalling 60 fits
----------
iter: 1
n_candidates: 4
n_resources: 300
Fitting 5 folds for each of 4 candidates, totalling 20 fits
----------
iter: 2
n_candidates: 2
n_resources: 900
Fitting 5 folds for each of 2 candidates, totalling 10 fits
      -> [Tuned_Baseline] Acc: 0.7356, F1: 0.7311, Time: 0.00s
    Evaluating Model: RNN
      -> [Baseline] Acc: 0.4667, F1: 0.3642, Time: 0.60s
      -> [Tuned_Baseline] Acc: 0.4667, F1: 0.3642, Time: 0.00s
    [=== Generating 2x synthetic data with Jittering ===]
      -> [KNN + Jittering @ 2x] Acc: 0.8878, F1: 0.8879, Time: 0.36s
      -> [RandomForest + Jittering @ 2x] Acc: 0.8716, F1: 0.8714, Time: 9.87s
      -> [LinearSVC + Jittering @ 2x] Acc: 0.7069, F1: 0.6877, Time: 0.25s
      -> [LogisticRegression + Jittering @ 2x] Acc: 0.7337, F1: 0.7299, Time: 0.76s
      -> [RNN + Jittering @ 2x] Acc: 0.6000, F1: 0.5263, Time: 1.11s
    [=== Generating 3x synthetic data with Jittering ===]
      -> [KNN + Jittering @ 3x] Acc: 0.8900, F1: 0.8899, Time: 0.39s
      -> [RandomForest + Jittering @ 3x] Acc: 0.8743, F1: 0.8744, Time: 15.61s
      -> [LinearSVC + Jittering @ 3x] Acc: 0.7064, F1: 0.6869, Time: 0.40s
      -> [LogisticRegression + Jittering @ 3x] Acc: 0.7372, F1: 0.7337, Time: 1.14s
      -> [RNN + Jittering @ 3x] Acc: 0.5667, F1: 0.5049, Time: 1.69s
    [=== Generating 5x synthetic data with Jittering ===]
      -> [KNN + Jittering @ 5x] Acc: 0.8907, F1: 0.8909, Time: 0.45s
      -> [RandomForest + Jittering @ 5x] Acc: 0.8772, F1: 0.8775, Time: 27.91s
      -> [LinearSVC + Jittering @ 5x] Acc: 0.7059, F1: 0.6859, Time: 0.65s
      -> [LogisticRegression + Jittering @ 5x] Acc: 0.7312, F1: 0.7270, Time: 1.94s
      -> [RNN + Jittering @ 5x] Acc: 0.5778, F1: 0.5294, Time: 2.74s
    [=== Generating 10x synthetic data with Jittering ===]
      -> [KNN + Jittering @ 10x] Acc: 0.8876, F1: 0.8875, Time: 0.46s
      -> [RandomForest + Jittering @ 10x] Acc: 0.8743, F1: 0.8746, Time: 27.73s
      -> [LinearSVC + Jittering @ 10x] Acc: 0.7064, F1: 0.6856, Time: 1.46s
      -> [LogisticRegression + Jittering @ 10x] Acc: 0.7341, F1: 0.7292, Time: 2.08s
      -> [RNN + Jittering @ 10x] Acc: 0.6444, F1: 0.6156, Time: 5.40s
    [=== Generating 2x synthetic data with Scaling ===]
      -> [KNN + Scaling @ 2x] Acc: 0.8673, F1: 0.8685, Time: 0.36s
      -> [RandomForest + Scaling @ 2x] Acc: 0.8611, F1: 0.8613, Time: 9.73s
      -> [LinearSVC + Scaling @ 2x] Acc: 0.6786, F1: 0.6541, Time: 0.23s
      -> [LogisticRegression + Scaling @ 2x] Acc: 0.7076, F1: 0.7011, Time: 0.79s
      -> [RNN + Scaling @ 2x] Acc: 0.3444, F1: 0.2281, Time: 1.19s
    [=== Generating 3x synthetic data with Scaling ===]
      -> [KNN + Scaling @ 3x] Acc: 0.8838, F1: 0.8840, Time: 0.39s
      -> [RandomForest + Scaling @ 3x] Acc: 0.8558, F1: 0.8556, Time: 15.25s
      -> [LinearSVC + Scaling @ 3x] Acc: 0.6562, F1: 0.6307, Time: 0.34s
      -> [LogisticRegression + Scaling @ 3x] Acc: 0.6896, F1: 0.6827, Time: 1.15s
      -> [RNN + Scaling @ 3x] Acc: 0.4111, F1: 0.3243, Time: 1.69s
    [=== Generating 5x synthetic data with Scaling ===]
      -> [KNN + Scaling @ 5x] Acc: 0.8812, F1: 0.8813, Time: 0.46s
      -> [RandomForest + Scaling @ 5x] Acc: 0.8734, F1: 0.8737, Time: 27.25s
      -> [LinearSVC + Scaling @ 5x] Acc: 0.6532, F1: 0.6274, Time: 0.60s
      -> [LogisticRegression + Scaling @ 5x] Acc: 0.6878, F1: 0.6824, Time: 1.94s
      -> [RNN + Scaling @ 5x] Acc: 0.6333, F1: 0.5888, Time: 2.73s
    [=== Generating 10x synthetic data with Scaling ===]
      -> [KNN + Scaling @ 10x] Acc: 0.8550, F1: 0.8554, Time: 0.47s
      -> [RandomForest + Scaling @ 10x] Acc: 0.8416, F1: 0.8421, Time: 28.55s
      -> [LinearSVC + Scaling @ 10x] Acc: 0.6469, F1: 0.6179, Time: 1.29s
      -> [LogisticRegression + Scaling @ 10x] Acc: 0.6820, F1: 0.6753, Time: 2.04s
      -> [RNN + Scaling @ 10x] Acc: 0.4444, F1: 0.3648, Time: 5.47s
    [=== Generating 2x synthetic data with Magnitude_Warping ===]
      -> [KNN + Magnitude_Warping @ 2x] Acc: 0.8714, F1: 0.8719, Time: 0.37s
      -> [RandomForest + Magnitude_Warping @ 2x] Acc: 0.8491, F1: 0.8493, Time: 10.26s
      -> [LinearSVC + Magnitude_Warping @ 2x] Acc: 0.6220, F1: 0.5836, Time: 0.21s
      -> [LogisticRegression + Magnitude_Warping @ 2x] Acc: 0.6687, F1: 0.6616, Time: 0.69s
      -> [RNN + Magnitude_Warping @ 2x] Acc: 0.4778, F1: 0.3693, Time: 1.18s
    [=== Generating 3x synthetic data with Magnitude_Warping ===]
      -> [KNN + Magnitude_Warping @ 3x] Acc: 0.8693, F1: 0.8701, Time: 0.40s
      -> [RandomForest + Magnitude_Warping @ 3x] Acc: 0.8359, F1: 0.8363, Time: 15.94s
      -> [LinearSVC + Magnitude_Warping @ 3x] Acc: 0.6106, F1: 0.5724, Time: 0.32s
      -> [LogisticRegression + Magnitude_Warping @ 3x] Acc: 0.6610, F1: 0.6543, Time: 1.09s
      -> [RNN + Magnitude_Warping @ 3x] Acc: 0.4667, F1: 0.3581, Time: 1.71s
    [=== Generating 5x synthetic data with Magnitude_Warping ===]
      -> [KNN + Magnitude_Warping @ 5x] Acc: 0.8582, F1: 0.8586, Time: 0.46s
      -> [RandomForest + Magnitude_Warping @ 5x] Acc: 0.8398, F1: 0.8403, Time: 28.68s
      -> [LinearSVC + Magnitude_Warping @ 5x] Acc: 0.5963, F1: 0.5544, Time: 0.58s
      -> [LogisticRegression + Magnitude_Warping @ 5x] Acc: 0.6532, F1: 0.6464, Time: 1.51s
      -> [RNN + Magnitude_Warping @ 5x] Acc: 0.5778, F1: 0.5246, Time: 3.02s
    [=== Generating 10x synthetic data with Magnitude_Warping ===]
      -> [KNN + Magnitude_Warping @ 10x] Acc: 0.8301, F1: 0.8311, Time: 0.49s
      -> [RandomForest + Magnitude_Warping @ 10x] Acc: 0.8199, F1: 0.8213, Time: 31.40s
      -> [LinearSVC + Magnitude_Warping @ 10x] Acc: 0.5853, F1: 0.5442, Time: 1.31s
      -> [LogisticRegression + Magnitude_Warping @ 10x] Acc: 0.6472, F1: 0.6395, Time: 1.83s
      -> [RNN + Magnitude_Warping @ 10x] Acc: 0.4667, F1: 0.4060, Time: 5.92s
    [=== Generating 2x synthetic data with Time_Warping ===]
      -> [KNN + Time_Warping @ 2x] Acc: 0.8788, F1: 0.8793, Time: 0.38s
      -> [RandomForest + Time_Warping @ 2x] Acc: 0.8480, F1: 0.8476, Time: 10.13s
      -> [LinearSVC + Time_Warping @ 2x] Acc: 0.4627, F1: 0.4021, Time: 0.18s
      -> [LogisticRegression + Time_Warping @ 2x] Acc: 0.5249, F1: 0.5014, Time: 0.23s
      -> [RNN + Time_Warping @ 2x] Acc: 0.3778, F1: 0.2618, Time: 1.15s
    [=== Generating 3x synthetic data with Time_Warping ===]
      -> [KNN + Time_Warping @ 3x] Acc: 0.8739, F1: 0.8745, Time: 0.40s
      -> [RandomForest + Time_Warping @ 3x] Acc: 0.8222, F1: 0.8231, Time: 16.24s
      -> [LinearSVC + Time_Warping @ 3x] Acc: 0.4228, F1: 0.3447, Time: 0.25s
      -> [LogisticRegression + Time_Warping @ 3x] Acc: 0.4753, F1: 0.4547, Time: 0.30s
      -> [RNN + Time_Warping @ 3x] Acc: 0.5333, F1: 0.4634, Time: 1.63s
    [=== Generating 5x synthetic data with Time_Warping ===]
      -> [KNN + Time_Warping @ 5x] Acc: 0.8709, F1: 0.8711, Time: 0.47s
      -> [RandomForest + Time_Warping @ 5x] Acc: 0.8027, F1: 0.8036, Time: 28.45s
      -> [LinearSVC + Time_Warping @ 5x] Acc: 0.4194, F1: 0.3473, Time: 0.43s
      -> [LogisticRegression + Time_Warping @ 5x] Acc: 0.4690, F1: 0.4486, Time: 0.42s
      -> [RNN + Time_Warping @ 5x] Acc: 0.6667, F1: 0.6133, Time: 2.80s
    [=== Generating 10x synthetic data with Time_Warping ===]
      -> [KNN + Time_Warping @ 10x] Acc: 0.8457, F1: 0.8463, Time: 0.50s
      -> [RandomForest + Time_Warping @ 10x] Acc: 0.7671, F1: 0.7685, Time: 29.43s
      -> [LinearSVC + Time_Warping @ 10x] Acc: 0.4034, F1: 0.3381, Time: 0.90s
      -> [LogisticRegression + Time_Warping @ 10x] Acc: 0.4709, F1: 0.4603, Time: 0.46s
      -> [RNN + Time_Warping @ 10x] Acc: 0.3667, F1: 0.2334, Time: 6.65s
    [=== Generating 2x synthetic data with SMOTE ===]
      -> [KNN + SMOTE @ 2x] Acc: 0.8939, F1: 0.8942, Time: 0.36s
      -> [RandomForest + SMOTE @ 2x] Acc: 0.8639, F1: 0.8640, Time: 9.40s
      -> [LinearSVC + SMOTE @ 2x] Acc: 0.7091, F1: 0.6962, Time: 0.25s
      -> [LogisticRegression + SMOTE @ 2x] Acc: 0.7311, F1: 0.7283, Time: 0.76s
      -> [RNN + SMOTE @ 2x] Acc: 0.4778, F1: 0.3446, Time: 1.15s
    [=== Generating 3x synthetic data with SMOTE ===]
      -> [KNN + SMOTE @ 3x] Acc: 0.8938, F1: 0.8943, Time: 0.38s
      -> [RandomForest + SMOTE @ 3x] Acc: 0.8667, F1: 0.8667, Time: 14.71s
      -> [LinearSVC + SMOTE @ 3x] Acc: 0.7078, F1: 0.6967, Time: 0.38s
      -> [LogisticRegression + SMOTE @ 3x] Acc: 0.7254, F1: 0.7215, Time: 1.16s
      -> [RNN + SMOTE @ 3x] Acc: 0.4556, F1: 0.3498, Time: 1.64s
    [=== Generating 5x synthetic data with SMOTE ===]
      -> [KNN + SMOTE @ 5x] Acc: 0.8958, F1: 0.8955, Time: 0.44s
      -> [RandomForest + SMOTE @ 5x] Acc: 0.8636, F1: 0.8630, Time: 25.66s
      -> [LinearSVC + SMOTE @ 5x] Acc: 0.7082, F1: 0.6955, Time: 0.71s
      -> [LogisticRegression + SMOTE @ 5x] Acc: 0.7260, F1: 0.7208, Time: 1.94s
      -> [RNN + SMOTE @ 5x] Acc: 0.6333, F1: 0.5966, Time: 2.75s
    [=== Generating 10x synthetic data with SMOTE ===]
      -> [KNN + SMOTE @ 10x] Acc: 0.9001, F1: 0.9006, Time: 0.45s
      -> [RandomForest + SMOTE @ 10x] Acc: 0.8684, F1: 0.8683, Time: 26.28s
      -> [LinearSVC + SMOTE @ 10x] Acc: 0.7064, F1: 0.6933, Time: 1.33s
      -> [LogisticRegression + SMOTE @ 10x] Acc: 0.7324, F1: 0.7290, Time: 2.17s
      -> [RNN + SMOTE @ 10x] Acc: 0.6889, F1: 0.6475, Time: 5.41s
    [=== Generating 2x synthetic data with ADASYN ===]
      -> [KNN + ADASYN @ 2x] Acc: 0.9001, F1: 0.9003, Time: 0.36s
      -> [RandomForest + ADASYN @ 2x] Acc: 0.8681, F1: 0.8674, Time: 9.53s
      -> [LinearSVC + ADASYN @ 2x] Acc: 0.7150, F1: 0.6899, Time: 0.25s
      -> [LogisticRegression + ADASYN @ 2x] Acc: 0.7369, F1: 0.7299, Time: 0.80s
      -> [RNN + ADASYN @ 2x] Acc: 0.5556, F1: 0.4808, Time: 1.13s
    [=== Generating 3x synthetic data with ADASYN ===]
      -> [KNN + ADASYN @ 3x] Acc: 0.8979, F1: 0.8979, Time: 0.38s
      -> [RandomForest + ADASYN @ 3x] Acc: 0.8727, F1: 0.8722, Time: 14.50s
      -> [LinearSVC + ADASYN @ 3x] Acc: 0.7233, F1: 0.6981, Time: 0.37s
      -> [LogisticRegression + ADASYN @ 3x] Acc: 0.7371, F1: 0.7265, Time: 1.15s
      -> [RNN + ADASYN @ 3x] Acc: 0.5444, F1: 0.4918, Time: 1.62s
    [=== Generating 5x synthetic data with ADASYN ===]
      -> [KNN + ADASYN @ 5x] Acc: 0.9004, F1: 0.9005, Time: 0.43s
      -> [RandomForest + ADASYN @ 5x] Acc: 0.8800, F1: 0.8800, Time: 25.32s
      -> [LinearSVC + ADASYN @ 5x] Acc: 0.7319, F1: 0.7094, Time: 0.65s
      -> [LogisticRegression + ADASYN @ 5x] Acc: 0.7253, F1: 0.7193, Time: 1.90s
      -> [RNN + ADASYN @ 5x] Acc: 0.5667, F1: 0.5141, Time: 2.75s
    [=== Generating 10x synthetic data with ADASYN ===]
      -> [KNN + ADASYN @ 10x] Acc: 0.9042, F1: 0.9044, Time: 0.45s
      -> [RandomForest + ADASYN @ 10x] Acc: 0.8790, F1: 0.8786, Time: 25.68s
      -> [LinearSVC + ADASYN @ 10x] Acc: 0.7294, F1: 0.7051, Time: 1.38s
      -> [LogisticRegression + ADASYN @ 10x] Acc: 0.7202, F1: 0.7104, Time: 2.14s
      -> [RNN + ADASYN @ 10x] Acc: 0.6778, F1: 0.6422, Time: 5.38s
    [=== Generating 2x synthetic data with Mixup ===]
      -> [KNN + Mixup @ 2x] Acc: 0.8936, F1: 0.8934, Time: 0.36s
      -> [RandomForest + Mixup @ 2x] Acc: 0.8688, F1: 0.8683, Time: 9.31s
      -> [LinearSVC + Mixup @ 2x] Acc: 0.7082, F1: 0.6913, Time: 0.25s
      -> [LogisticRegression + Mixup @ 2x] Acc: 0.7280, F1: 0.7234, Time: 0.81s
      -> [RNN + Mixup @ 2x] Acc: 0.4556, F1: 0.3807, Time: 1.27s
    [=== Generating 3x synthetic data with Mixup ===]
      -> [KNN + Mixup @ 3x] Acc: 0.8956, F1: 0.8954, Time: 0.38s
      -> [RandomForest + Mixup @ 3x] Acc: 0.8707, F1: 0.8706, Time: 14.23s
      -> [LinearSVC + Mixup @ 3x] Acc: 0.7068, F1: 0.6861, Time: 0.36s
      -> [LogisticRegression + Mixup @ 3x] Acc: 0.7409, F1: 0.7365, Time: 1.13s
      -> [RNN + Mixup @ 3x] Acc: 0.5333, F1: 0.4559, Time: 1.64s
    [=== Generating 5x synthetic data with Mixup ===]
      -> [KNN + Mixup @ 5x] Acc: 0.8979, F1: 0.8979, Time: 0.43s
      -> [RandomForest + Mixup @ 5x] Acc: 0.8734, F1: 0.8732, Time: 25.17s
      -> [LinearSVC + Mixup @ 5x] Acc: 0.7104, F1: 0.6927, Time: 0.67s
      -> [LogisticRegression + Mixup @ 5x] Acc: 0.7241, F1: 0.7183, Time: 1.89s
      -> [RNN + Mixup @ 5x] Acc: 0.6778, F1: 0.6347, Time: 2.73s
    [=== Generating 10x synthetic data with Mixup ===]
      -> [KNN + Mixup @ 10x] Acc: 0.8998, F1: 0.9005, Time: 0.45s
      -> [RandomForest + Mixup @ 10x] Acc: 0.8691, F1: 0.8691, Time: 25.70s
      -> [LinearSVC + Mixup @ 10x] Acc: 0.7084, F1: 0.6917, Time: 1.71s
      -> [LogisticRegression + Mixup @ 10x] Acc: 0.7230, F1: 0.7192, Time: 2.08s
      -> [RNN + Mixup @ 10x] Acc: 0.7222, F1: 0.6885, Time: 5.70s
    [=== Generating 2x synthetic data with GMM ===]
      -> [KNN + GMM @ 2x] Acc: 0.8838, F1: 0.8843, Time: 0.37s
      -> [RandomForest + GMM @ 2x] Acc: 0.8501, F1: 0.8506, Time: 10.10s
      -> [LinearSVC + GMM @ 2x] Acc: 0.6879, F1: 0.6727, Time: 0.24s
      -> [LogisticRegression + GMM @ 2x] Acc: 0.7127, F1: 0.7071, Time: 0.77s
      -> [RNN + GMM @ 2x] Acc: 0.4444, F1: 0.3318, Time: 1.12s
    [=== Generating 3x synthetic data with GMM ===]
      -> [KNN + GMM @ 3x] Acc: 0.8747, F1: 0.8752, Time: 0.39s
      -> [RandomForest + GMM @ 3x] Acc: 0.8510, F1: 0.8519, Time: 15.92s
      -> [LinearSVC + GMM @ 3x] Acc: 0.6769, F1: 0.6598, Time: 0.37s
      -> [LogisticRegression + GMM @ 3x] Acc: 0.7061, F1: 0.7003, Time: 1.18s
      -> [RNN + GMM @ 3x] Acc: 0.5222, F1: 0.4445, Time: 1.62s
    [=== Generating 5x synthetic data with GMM ===]
      -> [KNN + GMM @ 5x] Acc: 0.8583, F1: 0.8596, Time: 0.46s
      -> [RandomForest + GMM @ 5x] Acc: 0.8451, F1: 0.8456, Time: 28.44s
      -> [LinearSVC + GMM @ 5x] Acc: 0.6689, F1: 0.6505, Time: 0.63s
      -> [LogisticRegression + GMM @ 5x] Acc: 0.6967, F1: 0.6914, Time: 1.95s
      -> [RNN + GMM @ 5x] Acc: 0.6222, F1: 0.5767, Time: 2.74s
    [=== Generating 10x synthetic data with GMM ===]
      -> [KNN + GMM @ 10x] Acc: 0.8587, F1: 0.8597, Time: 0.48s
      -> [RandomForest + GMM @ 10x] Acc: 0.8336, F1: 0.8341, Time: 28.95s
      -> [LinearSVC + GMM @ 10x] Acc: 0.6607, F1: 0.6382, Time: 1.34s
      -> [LogisticRegression + GMM @ 10x] Acc: 0.6954, F1: 0.6897, Time: 2.12s
      -> [RNN + GMM @ 10x] Acc: 0.7444, F1: 0.7019, Time: 5.53s
    [=== Generating 2x synthetic data with HMM_GMM ===]
      -> [KNN + HMM_GMM @ 2x] Acc: 0.8819, F1: 0.8819, Time: 0.37s
      -> [RandomForest + HMM_GMM @ 2x] Acc: 0.8511, F1: 0.8515, Time: 6.17s
      -> [LinearSVC + HMM_GMM @ 2x] Acc: 0.5728, F1: 0.5364, Time: 0.20s
      -> [LogisticRegression + HMM_GMM @ 2x] Acc: 0.6099, F1: 0.6014, Time: 0.79s
      -> [RNN + HMM_GMM @ 2x] Acc: 0.3000, F1: 0.2466, Time: 1.15s
    [=== Generating 3x synthetic data with HMM_GMM ===]
      -> [KNN + HMM_GMM @ 3x] Acc: 0.8819, F1: 0.8819, Time: 0.39s
      -> [RandomForest + HMM_GMM @ 3x] Acc: 0.8511, F1: 0.8519, Time: 7.33s
      -> [LinearSVC + HMM_GMM @ 3x] Acc: 0.5582, F1: 0.5217, Time: 0.28s
      -> [LogisticRegression + HMM_GMM @ 3x] Acc: 0.5752, F1: 0.5575, Time: 1.22s
      -> [RNN + HMM_GMM @ 3x] Acc: 0.2556, F1: 0.1402, Time: 1.63s
    [=== Generating 5x synthetic data with HMM_GMM ===]
      -> [KNN + HMM_GMM @ 5x] Acc: 0.8819, F1: 0.8819, Time: 0.44s
      -> [RandomForest + HMM_GMM @ 5x] Acc: 0.8501, F1: 0.8509, Time: 8.97s
      -> [LinearSVC + HMM_GMM @ 5x] Acc: 0.5394, F1: 0.5041, Time: 0.58s
      -> [LogisticRegression + HMM_GMM @ 5x] Acc: 0.5537, F1: 0.5307, Time: 2.08s
      -> [RNN + HMM_GMM @ 5x] Acc: 0.6444, F1: 0.6060, Time: 2.88s
    [=== Generating 10x synthetic data with HMM_GMM ===]
      -> [KNN + HMM_GMM @ 10x] Acc: 0.8668, F1: 0.8671, Time: 0.46s
      -> [RandomForest + HMM_GMM @ 10x] Acc: 0.8190, F1: 0.8201, Time: 7.21s
      -> [LinearSVC + HMM_GMM @ 10x] Acc: 0.5029, F1: 0.4809, Time: 0.76s
      -> [LogisticRegression + HMM_GMM @ 10x] Acc: 0.5091, F1: 0.4861, Time: 2.10s
      -> [RNN + HMM_GMM @ 10x] Acc: 0.5333, F1: 0.4611, Time: 5.76s
    [=== Generating 2x synthetic data with TimeVAE ===]
      -> [KNN + TimeVAE @ 2x] Acc: 0.8848, F1: 0.8848, Time: 0.36s
      -> [RandomForest + TimeVAE @ 2x] Acc: 0.8669, F1: 0.8667, Time: 7.46s
      -> [LinearSVC + TimeVAE @ 2x] Acc: 0.6393, F1: 0.6019, Time: 0.24s
      -> [LogisticRegression + TimeVAE @ 2x] Acc: 0.6809, F1: 0.6652, Time: 0.77s
      -> [RNN + TimeVAE @ 2x] Acc: 0.3444, F1: 0.2215, Time: 1.11s
    [=== Generating 3x synthetic data with TimeVAE ===]
      -> [KNN + TimeVAE @ 3x] Acc: 0.8844, F1: 0.8846, Time: 0.37s
      -> [RandomForest + TimeVAE @ 3x] Acc: 0.8600, F1: 0.8595, Time: 10.89s
      -> [LinearSVC + TimeVAE @ 3x] Acc: 0.6279, F1: 0.5834, Time: 0.36s
      -> [LogisticRegression + TimeVAE @ 3x] Acc: 0.6630, F1: 0.6477, Time: 1.12s
      -> [RNN + TimeVAE @ 3x] Acc: 0.3889, F1: 0.3041, Time: 1.68s
    [=== Generating 5x synthetic data with TimeVAE ===]
      -> [KNN + TimeVAE @ 5x] Acc: 0.8839, F1: 0.8840, Time: 0.42s
      -> [RandomForest + TimeVAE @ 5x] Acc: 0.8636, F1: 0.8632, Time: 19.66s
      -> [LinearSVC + TimeVAE @ 5x] Acc: 0.5981, F1: 0.5476, Time: 0.59s
      -> [LogisticRegression + TimeVAE @ 5x] Acc: 0.6074, F1: 0.5852, Time: 1.94s
      -> [RNN + TimeVAE @ 5x] Acc: 0.5333, F1: 0.5010, Time: 2.78s
    [=== Generating 10x synthetic data with TimeVAE ===]
      -> [KNN + TimeVAE @ 10x] Acc: 0.8684, F1: 0.8688, Time: 0.44s
      -> [RandomForest + TimeVAE @ 10x] Acc: 0.8444, F1: 0.8444, Time: 19.26s
      -> [LinearSVC + TimeVAE @ 10x] Acc: 0.5796, F1: 0.5315, Time: 1.29s
      -> [LogisticRegression + TimeVAE @ 10x] Acc: 0.5997, F1: 0.5734, Time: 2.06s
      -> [RNN + TimeVAE @ 10x] Acc: 0.1889, F1: 0.0842, Time: 5.88s

    >> Seed Fold Selection: 5/10
    Evaluating Model: KNN
      -> [Baseline] Acc: 0.8864, F1: 0.8862, Time: 0.33s
      HP Tuning KNN...
n_iterations: 3
n_required_iterations: 3
n_possible_iterations: 5
min_resources_: 100
max_resources_: 20000
aggressive_elimination: False
factor: 3
----------
iter: 0
n_candidates: 20
n_resources: 100
Fitting 5 folds for each of 20 candidates, totalling 100 fits
----------
iter: 1
n_candidates: 7
n_resources: 300
Fitting 5 folds for each of 7 candidates, totalling 35 fits
----------
iter: 2
n_candidates: 3
n_resources: 900
Fitting 5 folds for each of 3 candidates, totalling 15 fits
      -> [Tuned_Baseline] Acc: 0.8920, F1: 0.8917, Time: 0.31s
    Evaluating Model: RandomForest
      -> [Baseline] Acc: 0.8650, F1: 0.8649, Time: 4.61s
      HP Tuning RandomForest...
n_iterations: 3
n_required_iterations: 3
n_possible_iterations: 5
min_resources_: 100
max_resources_: 20000
aggressive_elimination: False
factor: 3
----------
iter: 0
n_candidates: 20
n_resources: 100
Fitting 5 folds for each of 20 candidates, totalling 100 fits
----------
iter: 1
n_candidates: 7
n_resources: 300
Fitting 5 folds for each of 7 candidates, totalling 35 fits
----------
iter: 2
n_candidates: 3
n_resources: 900
Fitting 5 folds for each of 3 candidates, totalling 15 fits
      -> [Tuned_Baseline] Acc: 0.8650, F1: 0.8649, Time: 0.07s
    Evaluating Model: LinearSVC
      -> [Baseline] Acc: 0.7038, F1: 0.6861, Time: 0.12s
      HP Tuning LinearSVC...
n_iterations: 3
n_required_iterations: 3
n_possible_iterations: 5
min_resources_: 100
max_resources_: 20000
aggressive_elimination: False
factor: 3
----------
iter: 0
n_candidates: 20
n_resources: 100
Fitting 5 folds for each of 20 candidates, totalling 100 fits
----------
iter: 1
n_candidates: 7
n_resources: 300
Fitting 5 folds for each of 7 candidates, totalling 35 fits
----------
iter: 2
n_candidates: 3
n_resources: 900
Fitting 5 folds for each of 3 candidates, totalling 15 fits
      -> [Tuned_Baseline] Acc: 0.7058, F1: 0.6895, Time: 0.00s
    Evaluating Model: LogisticRegression
      -> [Baseline] Acc: 0.7207, F1: 0.7145, Time: 0.42s
      HP Tuning LogisticRegression...
n_iterations: 3
n_required_iterations: 3
n_possible_iterations: 5
min_resources_: 100
max_resources_: 20000
aggressive_elimination: False
factor: 3
----------
iter: 0
n_candidates: 12
n_resources: 100
Fitting 5 folds for each of 12 candidates, totalling 60 fits
----------
iter: 1
n_candidates: 4
n_resources: 300
Fitting 5 folds for each of 4 candidates, totalling 20 fits
----------
iter: 2
n_candidates: 2
n_resources: 900
Fitting 5 folds for each of 2 candidates, totalling 10 fits
      -> [Tuned_Baseline] Acc: 0.7339, F1: 0.7290, Time: 0.00s
    Evaluating Model: RNN
      -> [Baseline] Acc: 0.3333, F1: 0.2378, Time: 0.60s
      -> [Tuned_Baseline] Acc: 0.3333, F1: 0.2378, Time: 0.00s
    [=== Generating 2x synthetic data with Jittering ===]
      -> [KNN + Jittering @ 2x] Acc: 0.8928, F1: 0.8926, Time: 0.36s
      -> [RandomForest + Jittering @ 2x] Acc: 0.8760, F1: 0.8762, Time: 9.97s
      -> [LinearSVC + Jittering @ 2x] Acc: 0.7029, F1: 0.6854, Time: 0.25s
      -> [LogisticRegression + Jittering @ 2x] Acc: 0.7296, F1: 0.7247, Time: 0.77s
      -> [RNN + Jittering @ 2x] Acc: 0.5444, F1: 0.4735, Time: 1.11s
    [=== Generating 3x synthetic data with Jittering ===]
      -> [KNN + Jittering @ 3x] Acc: 0.8931, F1: 0.8928, Time: 0.39s
      -> [RandomForest + Jittering @ 3x] Acc: 0.8803, F1: 0.8803, Time: 15.63s
      -> [LinearSVC + Jittering @ 3x] Acc: 0.7010, F1: 0.6835, Time: 0.37s
      -> [LogisticRegression + Jittering @ 3x] Acc: 0.7313, F1: 0.7262, Time: 1.14s
      -> [RNN + Jittering @ 3x] Acc: 0.6000, F1: 0.5433, Time: 1.64s
    [=== Generating 5x synthetic data with Jittering ===]
      -> [KNN + Jittering @ 5x] Acc: 0.8931, F1: 0.8930, Time: 0.44s
      -> [RandomForest + Jittering @ 5x] Acc: 0.8834, F1: 0.8835, Time: 27.94s
      -> [LinearSVC + Jittering @ 5x] Acc: 0.7003, F1: 0.6826, Time: 0.64s
      -> [LogisticRegression + Jittering @ 5x] Acc: 0.7300, F1: 0.7246, Time: 1.94s
      -> [RNN + Jittering @ 5x] Acc: 0.6667, F1: 0.6321, Time: 2.73s
    [=== Generating 10x synthetic data with Jittering ===]
      -> [KNN + Jittering @ 10x] Acc: 0.8903, F1: 0.8901, Time: 0.46s
      -> [RandomForest + Jittering @ 10x] Acc: 0.8864, F1: 0.8863, Time: 28.10s
      -> [LinearSVC + Jittering @ 10x] Acc: 0.7002, F1: 0.6827, Time: 1.58s
      -> [LogisticRegression + Jittering @ 10x] Acc: 0.7291, F1: 0.7240, Time: 2.11s
      -> [RNN + Jittering @ 10x] Acc: 0.6444, F1: 0.5988, Time: 6.57s
    [=== Generating 2x synthetic data with Scaling ===]
      -> [KNN + Scaling @ 2x] Acc: 0.8932, F1: 0.8932, Time: 0.37s
      -> [RandomForest + Scaling @ 2x] Acc: 0.8617, F1: 0.8621, Time: 9.96s
      -> [LinearSVC + Scaling @ 2x] Acc: 0.6669, F1: 0.6460, Time: 0.23s
      -> [LogisticRegression + Scaling @ 2x] Acc: 0.7102, F1: 0.7042, Time: 0.77s
      -> [RNN + Scaling @ 2x] Acc: 0.4222, F1: 0.2885, Time: 1.11s
    [=== Generating 3x synthetic data with Scaling ===]
      -> [KNN + Scaling @ 3x] Acc: 0.8896, F1: 0.8891, Time: 0.39s
      -> [RandomForest + Scaling @ 3x] Acc: 0.8680, F1: 0.8676, Time: 15.56s
      -> [LinearSVC + Scaling @ 3x] Acc: 0.6511, F1: 0.6264, Time: 0.34s
      -> [LogisticRegression + Scaling @ 3x] Acc: 0.6983, F1: 0.6904, Time: 1.13s
      -> [RNN + Scaling @ 3x] Acc: 0.6667, F1: 0.6026, Time: 1.67s
    [=== Generating 5x synthetic data with Scaling ===]
      -> [KNN + Scaling @ 5x] Acc: 0.8912, F1: 0.8909, Time: 0.45s
      -> [RandomForest + Scaling @ 5x] Acc: 0.8591, F1: 0.8601, Time: 27.97s
      -> [LinearSVC + Scaling @ 5x] Acc: 0.6463, F1: 0.6232, Time: 0.61s
      -> [LogisticRegression + Scaling @ 5x] Acc: 0.6957, F1: 0.6899, Time: 1.99s
      -> [RNN + Scaling @ 5x] Acc: 0.6667, F1: 0.6205, Time: 2.81s
    [=== Generating 10x synthetic data with Scaling ===]
      -> [KNN + Scaling @ 10x] Acc: 0.8551, F1: 0.8543, Time: 0.48s
      -> [RandomForest + Scaling @ 10x] Acc: 0.8460, F1: 0.8459, Time: 28.97s
      -> [LinearSVC + Scaling @ 10x] Acc: 0.6436, F1: 0.6187, Time: 1.33s
      -> [LogisticRegression + Scaling @ 10x] Acc: 0.6868, F1: 0.6802, Time: 2.09s
      -> [RNN + Scaling @ 10x] Acc: 0.7111, F1: 0.6915, Time: 5.67s
    [=== Generating 2x synthetic data with Magnitude_Warping ===]
      -> [KNN + Magnitude_Warping @ 2x] Acc: 0.8721, F1: 0.8720, Time: 0.37s
      -> [RandomForest + Magnitude_Warping @ 2x] Acc: 0.8578, F1: 0.8581, Time: 10.40s
      -> [LinearSVC + Magnitude_Warping @ 2x] Acc: 0.6170, F1: 0.5804, Time: 0.21s
      -> [LogisticRegression + Magnitude_Warping @ 2x] Acc: 0.6692, F1: 0.6608, Time: 0.77s
      -> [RNN + Magnitude_Warping @ 2x] Acc: 0.5556, F1: 0.4615, Time: 1.12s
    [=== Generating 3x synthetic data with Magnitude_Warping ===]
      -> [KNN + Magnitude_Warping @ 3x] Acc: 0.8723, F1: 0.8718, Time: 0.39s
      -> [RandomForest + Magnitude_Warping @ 3x] Acc: 0.8414, F1: 0.8417, Time: 16.32s
      -> [LinearSVC + Magnitude_Warping @ 3x] Acc: 0.6070, F1: 0.5697, Time: 0.32s
      -> [LogisticRegression + Magnitude_Warping @ 3x] Acc: 0.6549, F1: 0.6458, Time: 1.13s
      -> [RNN + Magnitude_Warping @ 3x] Acc: 0.6000, F1: 0.5462, Time: 1.70s
    [=== Generating 5x synthetic data with Magnitude_Warping ===]
      -> [KNN + Magnitude_Warping @ 5x] Acc: 0.8779, F1: 0.8776, Time: 0.46s
      -> [RandomForest + Magnitude_Warping @ 5x] Acc: 0.8383, F1: 0.8377, Time: 29.74s
      -> [LinearSVC + Magnitude_Warping @ 5x] Acc: 0.5861, F1: 0.5443, Time: 0.53s
      -> [LogisticRegression + Magnitude_Warping @ 5x] Acc: 0.6466, F1: 0.6371, Time: 1.61s
      -> [RNN + Magnitude_Warping @ 5x] Acc: 0.4667, F1: 0.3683, Time: 2.74s
    [=== Generating 10x synthetic data with Magnitude_Warping ===]
      -> [KNN + Magnitude_Warping @ 10x] Acc: 0.8562, F1: 0.8555, Time: 0.48s
      -> [RandomForest + Magnitude_Warping @ 10x] Acc: 0.8458, F1: 0.8459, Time: 30.35s
      -> [LinearSVC + Magnitude_Warping @ 10x] Acc: 0.5910, F1: 0.5496, Time: 1.29s
      -> [LogisticRegression + Magnitude_Warping @ 10x] Acc: 0.6433, F1: 0.6321, Time: 1.76s
      -> [RNN + Magnitude_Warping @ 10x] Acc: 0.6222, F1: 0.5663, Time: 5.50s
    [=== Generating 2x synthetic data with Time_Warping ===]
      -> [KNN + Time_Warping @ 2x] Acc: 0.8884, F1: 0.8881, Time: 0.38s
      -> [RandomForest + Time_Warping @ 2x] Acc: 0.8497, F1: 0.8498, Time: 10.34s
      -> [LinearSVC + Time_Warping @ 2x] Acc: 0.4697, F1: 0.4093, Time: 0.18s
      -> [LogisticRegression + Time_Warping @ 2x] Acc: 0.5406, F1: 0.5180, Time: 0.24s
      -> [RNN + Time_Warping @ 2x] Acc: 0.4778, F1: 0.3997, Time: 1.17s
    [=== Generating 3x synthetic data with Time_Warping ===]
      -> [KNN + Time_Warping @ 3x] Acc: 0.8894, F1: 0.8892, Time: 0.41s
      -> [RandomForest + Time_Warping @ 3x] Acc: 0.8382, F1: 0.8382, Time: 16.63s
      -> [LinearSVC + Time_Warping @ 3x] Acc: 0.4308, F1: 0.3571, Time: 0.27s
      -> [LogisticRegression + Time_Warping @ 3x] Acc: 0.4843, F1: 0.4638, Time: 0.33s
      -> [RNN + Time_Warping @ 3x] Acc: 0.6222, F1: 0.5597, Time: 1.66s
    [=== Generating 5x synthetic data with Time_Warping ===]
      -> [KNN + Time_Warping @ 5x] Acc: 0.8719, F1: 0.8716, Time: 0.47s
      -> [RandomForest + Time_Warping @ 5x] Acc: 0.8197, F1: 0.8200, Time: 30.26s
      -> [LinearSVC + Time_Warping @ 5x] Acc: 0.4228, F1: 0.3581, Time: 0.45s
      -> [LogisticRegression + Time_Warping @ 5x] Acc: 0.4830, F1: 0.4669, Time: 0.58s
      -> [RNN + Time_Warping @ 5x] Acc: 0.5333, F1: 0.4962, Time: 3.08s
    [=== Generating 10x synthetic data with Time_Warping ===]
      -> [KNN + Time_Warping @ 10x] Acc: 0.8527, F1: 0.8527, Time: 0.49s
      -> [RandomForest + Time_Warping @ 10x] Acc: 0.8021, F1: 0.8036, Time: 31.55s
      -> [LinearSVC + Time_Warping @ 10x] Acc: 0.4212, F1: 0.3638, Time: 0.98s
      -> [LogisticRegression + Time_Warping @ 10x] Acc: 0.4731, F1: 0.4616, Time: 0.51s
      -> [RNN + Time_Warping @ 10x] Acc: 0.6889, F1: 0.6204, Time: 6.33s
    [=== Generating 2x synthetic data with SMOTE ===]
      -> [KNN + SMOTE @ 2x] Acc: 0.8956, F1: 0.8955, Time: 0.36s
      -> [RandomForest + SMOTE @ 2x] Acc: 0.8706, F1: 0.8708, Time: 9.56s
      -> [LinearSVC + SMOTE @ 2x] Acc: 0.7036, F1: 0.6902, Time: 0.25s
      -> [LogisticRegression + SMOTE @ 2x] Acc: 0.7321, F1: 0.7284, Time: 0.77s
      -> [RNN + SMOTE @ 2x] Acc: 0.5000, F1: 0.4249, Time: 1.12s
    [=== Generating 3x synthetic data with SMOTE ===]
      -> [KNN + SMOTE @ 3x] Acc: 0.8903, F1: 0.8902, Time: 0.38s
      -> [RandomForest + SMOTE @ 3x] Acc: 0.8572, F1: 0.8570, Time: 14.92s
      -> [LinearSVC + SMOTE @ 3x] Acc: 0.7073, F1: 0.6951, Time: 0.38s
      -> [LogisticRegression + SMOTE @ 3x] Acc: 0.7209, F1: 0.7169, Time: 1.16s
      -> [RNN + SMOTE @ 3x] Acc: 0.5778, F1: 0.5325, Time: 1.64s
    [=== Generating 5x synthetic data with SMOTE ===]
      -> [KNN + SMOTE @ 5x] Acc: 0.8941, F1: 0.8939, Time: 0.44s
      -> [RandomForest + SMOTE @ 5x] Acc: 0.8688, F1: 0.8690, Time: 26.25s
      -> [LinearSVC + SMOTE @ 5x] Acc: 0.6988, F1: 0.6844, Time: 0.65s
      -> [LogisticRegression + SMOTE @ 5x] Acc: 0.7293, F1: 0.7254, Time: 1.89s
      -> [RNN + SMOTE @ 5x] Acc: 0.6444, F1: 0.6006, Time: 2.75s
    [=== Generating 10x synthetic data with SMOTE ===]
      -> [KNN + SMOTE @ 10x] Acc: 0.8960, F1: 0.8959, Time: 0.45s
      -> [RandomForest + SMOTE @ 10x] Acc: 0.8633, F1: 0.8635, Time: 26.70s
      -> [LinearSVC + SMOTE @ 10x] Acc: 0.6997, F1: 0.6850, Time: 1.15s
      -> [LogisticRegression + SMOTE @ 10x] Acc: 0.7300, F1: 0.7259, Time: 2.26s
      -> [RNN + SMOTE @ 10x] Acc: 0.6889, F1: 0.6739, Time: 5.36s
    [=== Generating 2x synthetic data with ADASYN ===]
      -> [KNN + ADASYN @ 2x] Acc: 0.8897, F1: 0.8896, Time: 0.36s
      -> [RandomForest + ADASYN @ 2x] Acc: 0.8648, F1: 0.8646, Time: 9.78s
      -> [LinearSVC + ADASYN @ 2x] Acc: 0.6998, F1: 0.6807, Time: 0.25s
      -> [LogisticRegression + ADASYN @ 2x] Acc: 0.7161, F1: 0.7096, Time: 0.80s
      -> [RNN + ADASYN @ 2x] Acc: 0.4556, F1: 0.3522, Time: 1.12s
    [=== Generating 3x synthetic data with ADASYN ===]
      -> [KNN + ADASYN @ 3x] Acc: 0.8958, F1: 0.8956, Time: 0.38s
      -> [RandomForest + ADASYN @ 3x] Acc: 0.8578, F1: 0.8582, Time: 14.63s
      -> [LinearSVC + ADASYN @ 3x] Acc: 0.7054, F1: 0.6893, Time: 0.38s
      -> [LogisticRegression + ADASYN @ 3x] Acc: 0.7253, F1: 0.7212, Time: 1.18s
      -> [RNN + ADASYN @ 3x] Acc: 0.6000, F1: 0.5313, Time: 1.74s
    [=== Generating 5x synthetic data with ADASYN ===]
      -> [KNN + ADASYN @ 5x] Acc: 0.8902, F1: 0.8902, Time: 0.44s
      -> [RandomForest + ADASYN @ 5x] Acc: 0.8572, F1: 0.8578, Time: 25.71s
      -> [LinearSVC + ADASYN @ 5x] Acc: 0.6919, F1: 0.6724, Time: 0.67s
      -> [LogisticRegression + ADASYN @ 5x] Acc: 0.7016, F1: 0.6947, Time: 2.05s
      -> [RNN + ADASYN @ 5x] Acc: 0.5778, F1: 0.4922, Time: 2.77s
    [=== Generating 10x synthetic data with ADASYN ===]
      -> [KNN + ADASYN @ 10x] Acc: 0.8967, F1: 0.8966, Time: 0.45s
      -> [RandomForest + ADASYN @ 10x] Acc: 0.8597, F1: 0.8600, Time: 26.47s
      -> [LinearSVC + ADASYN @ 10x] Acc: 0.6851, F1: 0.6645, Time: 1.88s
      -> [LogisticRegression + ADASYN @ 10x] Acc: 0.6919, F1: 0.6820, Time: 2.17s
      -> [RNN + ADASYN @ 10x] Acc: 0.6556, F1: 0.6078, Time: 5.49s
    [=== Generating 2x synthetic data with Mixup ===]
      -> [KNN + Mixup @ 2x] Acc: 0.8956, F1: 0.8955, Time: 0.36s
      -> [RandomForest + Mixup @ 2x] Acc: 0.8744, F1: 0.8743, Time: 9.40s
      -> [LinearSVC + Mixup @ 2x] Acc: 0.7032, F1: 0.6842, Time: 0.25s
      -> [LogisticRegression + Mixup @ 2x] Acc: 0.7202, F1: 0.7156, Time: 0.77s
      -> [RNN + Mixup @ 2x] Acc: 0.4667, F1: 0.3546, Time: 1.13s
    [=== Generating 3x synthetic data with Mixup ===]
      -> [KNN + Mixup @ 3x] Acc: 0.9030, F1: 0.9030, Time: 0.38s
      -> [RandomForest + Mixup @ 3x] Acc: 0.8690, F1: 0.8691, Time: 14.52s
      -> [LinearSVC + Mixup @ 3x] Acc: 0.7014, F1: 0.6851, Time: 0.38s
      -> [LogisticRegression + Mixup @ 3x] Acc: 0.7216, F1: 0.7182, Time: 1.13s
      -> [RNN + Mixup @ 3x] Acc: 0.3333, F1: 0.2125, Time: 1.63s
    [=== Generating 5x synthetic data with Mixup ===]
      -> [KNN + Mixup @ 5x] Acc: 0.8962, F1: 0.8961, Time: 0.43s
      -> [RandomForest + Mixup @ 5x] Acc: 0.8710, F1: 0.8709, Time: 26.85s
      -> [LinearSVC + Mixup @ 5x] Acc: 0.7013, F1: 0.6861, Time: 0.62s
      -> [LogisticRegression + Mixup @ 5x] Acc: 0.7159, F1: 0.7117, Time: 1.88s
      -> [RNN + Mixup @ 5x] Acc: 0.5778, F1: 0.5228, Time: 2.74s
    [=== Generating 10x synthetic data with Mixup ===]
      -> [KNN + Mixup @ 10x] Acc: 0.9042, F1: 0.9041, Time: 0.45s
      -> [RandomForest + Mixup @ 10x] Acc: 0.8803, F1: 0.8807, Time: 26.38s
      -> [LinearSVC + Mixup @ 10x] Acc: 0.7057, F1: 0.6908, Time: 1.30s
      -> [LogisticRegression + Mixup @ 10x] Acc: 0.7216, F1: 0.7171, Time: 2.02s
      -> [RNN + Mixup @ 10x] Acc: 0.6889, F1: 0.6505, Time: 5.40s
    [=== Generating 2x synthetic data with GMM ===]
      -> [KNN + GMM @ 2x] Acc: 0.8810, F1: 0.8809, Time: 0.36s
      -> [RandomForest + GMM @ 2x] Acc: 0.8597, F1: 0.8601, Time: 10.17s
      -> [LinearSVC + GMM @ 2x] Acc: 0.6690, F1: 0.6467, Time: 0.24s
      -> [LogisticRegression + GMM @ 2x] Acc: 0.7127, F1: 0.7070, Time: 0.81s
      -> [RNN + GMM @ 2x] Acc: 0.2556, F1: 0.1903, Time: 1.17s
    [=== Generating 3x synthetic data with GMM ===]
      -> [KNN + GMM @ 3x] Acc: 0.8733, F1: 0.8732, Time: 0.39s
      -> [RandomForest + GMM @ 3x] Acc: 0.8552, F1: 0.8559, Time: 16.15s
      -> [LinearSVC + GMM @ 3x] Acc: 0.6661, F1: 0.6444, Time: 0.36s
      -> [LogisticRegression + GMM @ 3x] Acc: 0.7188, F1: 0.7130, Time: 1.15s
      -> [RNN + GMM @ 3x] Acc: 0.6444, F1: 0.6128, Time: 1.64s
    [=== Generating 5x synthetic data with GMM ===]
      -> [KNN + GMM @ 5x] Acc: 0.8766, F1: 0.8763, Time: 0.46s
      -> [RandomForest + GMM @ 5x] Acc: 0.8546, F1: 0.8552, Time: 29.03s
      -> [LinearSVC + GMM @ 5x] Acc: 0.6628, F1: 0.6396, Time: 0.60s
      -> [LogisticRegression + GMM @ 5x] Acc: 0.7116, F1: 0.7050, Time: 1.90s
      -> [RNN + GMM @ 5x] Acc: 0.6889, F1: 0.6408, Time: 2.73s
    [=== Generating 10x synthetic data with GMM ===]
      -> [KNN + GMM @ 10x] Acc: 0.8648, F1: 0.8646, Time: 0.48s
      -> [RandomForest + GMM @ 10x] Acc: 0.8556, F1: 0.8559, Time: 29.50s
      -> [LinearSVC + GMM @ 10x] Acc: 0.6576, F1: 0.6337, Time: 1.41s
      -> [LogisticRegression + GMM @ 10x] Acc: 0.7044, F1: 0.6977, Time: 2.05s
      -> [RNN + GMM @ 10x] Acc: 0.7111, F1: 0.6790, Time: 5.38s
    [=== Generating 2x synthetic data with HMM_GMM ===]
      -> [KNN + HMM_GMM @ 2x] Acc: 0.8903, F1: 0.8900, Time: 0.37s
      -> [RandomForest + HMM_GMM @ 2x] Acc: 0.8667, F1: 0.8665, Time: 6.24s
      -> [LinearSVC + HMM_GMM @ 2x] Acc: 0.5768, F1: 0.5378, Time: 0.20s
      -> [LogisticRegression + HMM_GMM @ 2x] Acc: 0.6000, F1: 0.5821, Time: 0.85s
      -> [RNN + HMM_GMM @ 2x] Acc: 0.2667, F1: 0.1697, Time: 1.19s
    [=== Generating 3x synthetic data with HMM_GMM ===]
      -> [KNN + HMM_GMM @ 3x] Acc: 0.8903, F1: 0.8900, Time: 0.39s
      -> [RandomForest + HMM_GMM @ 3x] Acc: 0.8650, F1: 0.8651, Time: 7.09s
      -> [LinearSVC + HMM_GMM @ 3x] Acc: 0.5658, F1: 0.5282, Time: 0.28s
      -> [LogisticRegression + HMM_GMM @ 3x] Acc: 0.5838, F1: 0.5618, Time: 1.15s
      -> [RNN + HMM_GMM @ 3x] Acc: 0.5222, F1: 0.4510, Time: 1.66s
    [=== Generating 5x synthetic data with HMM_GMM ===]
      -> [KNN + HMM_GMM @ 5x] Acc: 0.8903, F1: 0.8900, Time: 0.46s
      -> [RandomForest + HMM_GMM @ 5x] Acc: 0.8697, F1: 0.8695, Time: 9.22s
      -> [LinearSVC + HMM_GMM @ 5x] Acc: 0.5596, F1: 0.5244, Time: 0.47s
      -> [LogisticRegression + HMM_GMM @ 5x] Acc: 0.5687, F1: 0.5459, Time: 1.93s
      -> [RNN + HMM_GMM @ 5x] Acc: 0.3222, F1: 0.2382, Time: 2.73s
    [=== Generating 10x synthetic data with HMM_GMM ===]
      -> [KNN + HMM_GMM @ 10x] Acc: 0.8729, F1: 0.8725, Time: 0.46s
      -> [RandomForest + HMM_GMM @ 10x] Acc: 0.8484, F1: 0.8482, Time: 6.94s
      -> [LinearSVC + HMM_GMM @ 10x] Acc: 0.5271, F1: 0.4994, Time: 0.74s
      -> [LogisticRegression + HMM_GMM @ 10x] Acc: 0.5439, F1: 0.5211, Time: 2.06s
      -> [RNN + HMM_GMM @ 10x] Acc: 0.3222, F1: 0.2652, Time: 5.46s
    [=== Generating 2x synthetic data with TimeVAE ===]
      -> [KNN + TimeVAE @ 2x] Acc: 0.8911, F1: 0.8909, Time: 0.36s
      -> [RandomForest + TimeVAE @ 2x] Acc: 0.8717, F1: 0.8716, Time: 8.16s
      -> [LinearSVC + TimeVAE @ 2x] Acc: 0.6298, F1: 0.5915, Time: 0.24s
      -> [LogisticRegression + TimeVAE @ 2x] Acc: 0.6622, F1: 0.6488, Time: 0.85s
      -> [RNN + TimeVAE @ 2x] Acc: 0.5222, F1: 0.4580, Time: 1.23s
    [=== Generating 3x synthetic data with TimeVAE ===]
      -> [KNN + TimeVAE @ 3x] Acc: 0.8907, F1: 0.8904, Time: 0.48s
      -> [RandomForest + TimeVAE @ 3x] Acc: 0.8703, F1: 0.8705, Time: 10.91s
      -> [LinearSVC + TimeVAE @ 3x] Acc: 0.5886, F1: 0.5398, Time: 0.35s
      -> [LogisticRegression + TimeVAE @ 3x] Acc: 0.6293, F1: 0.6132, Time: 1.20s
      -> [RNN + TimeVAE @ 3x] Acc: 0.5222, F1: 0.4146, Time: 1.68s
    [=== Generating 5x synthetic data with TimeVAE ===]
      -> [KNN + TimeVAE @ 5x] Acc: 0.8902, F1: 0.8900, Time: 0.42s
      -> [RandomForest + TimeVAE @ 5x] Acc: 0.8626, F1: 0.8623, Time: 18.49s
      -> [LinearSVC + TimeVAE @ 5x] Acc: 0.5860, F1: 0.5407, Time: 0.77s
      -> [LogisticRegression + TimeVAE @ 5x] Acc: 0.6241, F1: 0.6073, Time: 1.94s
      -> [RNN + TimeVAE @ 5x] Acc: 0.4000, F1: 0.3314, Time: 2.78s
    [=== Generating 10x synthetic data with TimeVAE ===]
      -> [KNN + TimeVAE @ 10x] Acc: 0.8723, F1: 0.8721, Time: 0.44s
      -> [RandomForest + TimeVAE @ 10x] Acc: 0.8452, F1: 0.8446, Time: 18.91s
      -> [LinearSVC + TimeVAE @ 10x] Acc: 0.5616, F1: 0.5198, Time: 1.18s
      -> [LogisticRegression + TimeVAE @ 10x] Acc: 0.5852, F1: 0.5611, Time: 2.06s
      -> [RNN + TimeVAE @ 10x] Acc: 0.4000, F1: 0.2972, Time: 5.97s

    >> Seed Fold Selection: 6/10
    Evaluating Model: KNN
      -> [Baseline] Acc: 0.8932, F1: 0.8935, Time: 0.34s
      HP Tuning KNN...
n_iterations: 3
n_required_iterations: 3
n_possible_iterations: 5
min_resources_: 100
max_resources_: 20000
aggressive_elimination: False
factor: 3
----------
iter: 0
n_candidates: 20
n_resources: 100
Fitting 5 folds for each of 20 candidates, totalling 100 fits
----------
iter: 1
n_candidates: 7
n_resources: 300
Fitting 5 folds for each of 7 candidates, totalling 35 fits
----------
iter: 2
n_candidates: 3
n_resources: 900
Fitting 5 folds for each of 3 candidates, totalling 15 fits
      -> [Tuned_Baseline] Acc: 0.8967, F1: 0.8968, Time: 0.31s
    Evaluating Model: RandomForest
      -> [Baseline] Acc: 0.8721, F1: 0.8719, Time: 4.49s
      HP Tuning RandomForest...
n_iterations: 3
n_required_iterations: 3
n_possible_iterations: 5
min_resources_: 100
max_resources_: 20000
aggressive_elimination: False
factor: 3
----------
iter: 0
n_candidates: 20
n_resources: 100
Fitting 5 folds for each of 20 candidates, totalling 100 fits
----------
iter: 1
n_candidates: 7
n_resources: 300
Fitting 5 folds for each of 7 candidates, totalling 35 fits
----------
iter: 2
n_candidates: 3
n_resources: 900
Fitting 5 folds for each of 3 candidates, totalling 15 fits
      -> [Tuned_Baseline] Acc: 0.8669, F1: 0.8667, Time: 0.03s
    Evaluating Model: LinearSVC
      -> [Baseline] Acc: 0.6892, F1: 0.6802, Time: 0.12s
      HP Tuning LinearSVC...
n_iterations: 3
n_required_iterations: 3
n_possible_iterations: 5
min_resources_: 100
max_resources_: 20000
aggressive_elimination: False
factor: 3
----------
iter: 0
n_candidates: 20
n_resources: 100
Fitting 5 folds for each of 20 candidates, totalling 100 fits
----------
iter: 1
n_candidates: 7
n_resources: 300
Fitting 5 folds for each of 7 candidates, totalling 35 fits
----------
iter: 2
n_candidates: 3
n_resources: 900
Fitting 5 folds for each of 3 candidates, totalling 15 fits
      -> [Tuned_Baseline] Acc: 0.6889, F1: 0.6812, Time: 0.00s
    Evaluating Model: LogisticRegression
      -> [Baseline] Acc: 0.7080, F1: 0.7047, Time: 0.40s
      HP Tuning LogisticRegression...
n_iterations: 3
n_required_iterations: 3
n_possible_iterations: 5
min_resources_: 100
max_resources_: 20000
aggressive_elimination: False
factor: 3
----------
iter: 0
n_candidates: 12
n_resources: 100
Fitting 5 folds for each of 12 candidates, totalling 60 fits
----------
iter: 1
n_candidates: 4
n_resources: 300
Fitting 5 folds for each of 4 candidates, totalling 20 fits
----------
iter: 2
n_candidates: 2
n_resources: 900
Fitting 5 folds for each of 2 candidates, totalling 10 fits
      -> [Tuned_Baseline] Acc: 0.7264, F1: 0.7239, Time: 0.00s
    Evaluating Model: RNN
      -> [Baseline] Acc: 0.3111, F1: 0.1597, Time: 0.60s
      -> [Tuned_Baseline] Acc: 0.3111, F1: 0.1597, Time: 0.00s
    [=== Generating 2x synthetic data with Jittering ===]
      -> [KNN + Jittering @ 2x] Acc: 0.8982, F1: 0.8983, Time: 0.37s
      -> [RandomForest + Jittering @ 2x] Acc: 0.8771, F1: 0.8774, Time: 4.92s
      -> [LinearSVC + Jittering @ 2x] Acc: 0.6862, F1: 0.6773, Time: 0.26s
      -> [LogisticRegression + Jittering @ 2x] Acc: 0.7229, F1: 0.7206, Time: 0.78s
      -> [RNN + Jittering @ 2x] Acc: 0.5000, F1: 0.4369, Time: 1.14s
    [=== Generating 3x synthetic data with Jittering ===]
      -> [KNN + Jittering @ 3x] Acc: 0.8987, F1: 0.8985, Time: 0.39s
      -> [RandomForest + Jittering @ 3x] Acc: 0.8830, F1: 0.8832, Time: 7.66s
      -> [LinearSVC + Jittering @ 3x] Acc: 0.6849, F1: 0.6755, Time: 0.37s
      -> [LogisticRegression + Jittering @ 3x] Acc: 0.7201, F1: 0.7177, Time: 1.13s
      -> [RNN + Jittering @ 3x] Acc: 0.5667, F1: 0.5060, Time: 1.63s
    [=== Generating 5x synthetic data with Jittering ===]
      -> [KNN + Jittering @ 5x] Acc: 0.8976, F1: 0.8976, Time: 0.45s
      -> [RandomForest + Jittering @ 5x] Acc: 0.8878, F1: 0.8882, Time: 13.67s
      -> [LinearSVC + Jittering @ 5x] Acc: 0.6828, F1: 0.6733, Time: 0.63s
      -> [LogisticRegression + Jittering @ 5x] Acc: 0.7189, F1: 0.7164, Time: 1.95s
      -> [RNN + Jittering @ 5x] Acc: 0.2667, F1: 0.1940, Time: 2.80s
    [=== Generating 10x synthetic data with Jittering ===]
      -> [KNN + Jittering @ 10x] Acc: 0.8926, F1: 0.8927, Time: 0.47s
      -> [RandomForest + Jittering @ 10x] Acc: 0.8812, F1: 0.8814, Time: 13.86s
      -> [LinearSVC + Jittering @ 10x] Acc: 0.6849, F1: 0.6745, Time: 1.05s
      -> [LogisticRegression + Jittering @ 10x] Acc: 0.7166, F1: 0.7141, Time: 2.08s
      -> [RNN + Jittering @ 10x] Acc: 0.6667, F1: 0.6257, Time: 5.81s
    [=== Generating 2x synthetic data with Scaling ===]
      -> [KNN + Scaling @ 2x] Acc: 0.8920, F1: 0.8921, Time: 0.37s
      -> [RandomForest + Scaling @ 2x] Acc: 0.8634, F1: 0.8632, Time: 4.78s
      -> [LinearSVC + Scaling @ 2x] Acc: 0.6589, F1: 0.6425, Time: 0.22s
      -> [LogisticRegression + Scaling @ 2x] Acc: 0.6932, F1: 0.6902, Time: 0.79s
      -> [RNN + Scaling @ 2x] Acc: 0.2889, F1: 0.1823, Time: 1.12s
    [=== Generating 3x synthetic data with Scaling ===]
      -> [KNN + Scaling @ 3x] Acc: 0.8873, F1: 0.8870, Time: 0.39s
      -> [RandomForest + Scaling @ 3x] Acc: 0.8668, F1: 0.8671, Time: 7.56s
      -> [LinearSVC + Scaling @ 3x] Acc: 0.6530, F1: 0.6334, Time: 0.33s
      -> [LogisticRegression + Scaling @ 3x] Acc: 0.6733, F1: 0.6679, Time: 1.12s
      -> [RNN + Scaling @ 3x] Acc: 0.4778, F1: 0.3374, Time: 1.75s
    [=== Generating 5x synthetic data with Scaling ===]
      -> [KNN + Scaling @ 5x] Acc: 0.8831, F1: 0.8832, Time: 0.45s
      -> [RandomForest + Scaling @ 5x] Acc: 0.8644, F1: 0.8645, Time: 13.44s
      -> [LinearSVC + Scaling @ 5x] Acc: 0.6497, F1: 0.6301, Time: 0.55s
      -> [LogisticRegression + Scaling @ 5x] Acc: 0.6714, F1: 0.6672, Time: 1.91s
      -> [RNN + Scaling @ 5x] Acc: 0.6000, F1: 0.5409, Time: 2.89s
    [=== Generating 10x synthetic data with Scaling ===]
      -> [KNN + Scaling @ 10x] Acc: 0.8634, F1: 0.8640, Time: 0.48s
      -> [RandomForest + Scaling @ 10x] Acc: 0.8508, F1: 0.8516, Time: 13.79s
      -> [LinearSVC + Scaling @ 10x] Acc: 0.6467, F1: 0.6229, Time: 1.20s
      -> [LogisticRegression + Scaling @ 10x] Acc: 0.6718, F1: 0.6667, Time: 2.08s
      -> [RNN + Scaling @ 10x] Acc: 0.6667, F1: 0.6271, Time: 5.73s
    [=== Generating 2x synthetic data with Magnitude_Warping ===]
      -> [KNN + Magnitude_Warping @ 2x] Acc: 0.8797, F1: 0.8798, Time: 0.38s
      -> [RandomForest + Magnitude_Warping @ 2x] Acc: 0.8530, F1: 0.8528, Time: 5.17s
      -> [LinearSVC + Magnitude_Warping @ 2x] Acc: 0.6191, F1: 0.5861, Time: 0.22s
      -> [LogisticRegression + Magnitude_Warping @ 2x] Acc: 0.6594, F1: 0.6501, Time: 0.80s
      -> [RNN + Magnitude_Warping @ 2x] Acc: 0.4889, F1: 0.3911, Time: 1.12s
    [=== Generating 3x synthetic data with Magnitude_Warping ===]
      -> [KNN + Magnitude_Warping @ 3x] Acc: 0.8680, F1: 0.8687, Time: 0.40s
      -> [RandomForest + Magnitude_Warping @ 3x] Acc: 0.8550, F1: 0.8554, Time: 7.95s
      -> [LinearSVC + Magnitude_Warping @ 3x] Acc: 0.6032, F1: 0.5654, Time: 0.31s
      -> [LogisticRegression + Magnitude_Warping @ 3x] Acc: 0.6510, F1: 0.6410, Time: 1.18s
      -> [RNN + Magnitude_Warping @ 3x] Acc: 0.5333, F1: 0.4658, Time: 1.68s
    [=== Generating 5x synthetic data with Magnitude_Warping ===]
      -> [KNN + Magnitude_Warping @ 5x] Acc: 0.8684, F1: 0.8685, Time: 0.46s
      -> [RandomForest + Magnitude_Warping @ 5x] Acc: 0.8400, F1: 0.8399, Time: 14.57s
      -> [LinearSVC + Magnitude_Warping @ 5x] Acc: 0.5842, F1: 0.5411, Time: 0.60s
      -> [LogisticRegression + Magnitude_Warping @ 5x] Acc: 0.6479, F1: 0.6374, Time: 2.03s
      -> [RNN + Magnitude_Warping @ 5x] Acc: 0.6111, F1: 0.5542, Time: 2.81s
    [=== Generating 10x synthetic data with Magnitude_Warping ===]
      -> [KNN + Magnitude_Warping @ 10x] Acc: 0.8399, F1: 0.8406, Time: 0.48s
      -> [RandomForest + Magnitude_Warping @ 10x] Acc: 0.8369, F1: 0.8377, Time: 15.09s
      -> [LinearSVC + Magnitude_Warping @ 10x] Acc: 0.5883, F1: 0.5478, Time: 1.25s
      -> [LogisticRegression + Magnitude_Warping @ 10x] Acc: 0.6459, F1: 0.6345, Time: 1.71s
      -> [RNN + Magnitude_Warping @ 10x] Acc: 0.4778, F1: 0.3882, Time: 5.40s
    [=== Generating 2x synthetic data with Time_Warping ===]
      -> [KNN + Time_Warping @ 2x] Acc: 0.8911, F1: 0.8910, Time: 0.38s
      -> [RandomForest + Time_Warping @ 2x] Acc: 0.8490, F1: 0.8483, Time: 5.11s
      -> [LinearSVC + Time_Warping @ 2x] Acc: 0.4670, F1: 0.4030, Time: 0.17s
      -> [LogisticRegression + Time_Warping @ 2x] Acc: 0.5407, F1: 0.5150, Time: 0.25s
      -> [RNN + Time_Warping @ 2x] Acc: 0.3556, F1: 0.3068, Time: 1.14s
    [=== Generating 3x synthetic data with Time_Warping ===]
      -> [KNN + Time_Warping @ 3x] Acc: 0.8917, F1: 0.8922, Time: 0.41s
      -> [RandomForest + Time_Warping @ 3x] Acc: 0.8347, F1: 0.8345, Time: 7.91s
      -> [LinearSVC + Time_Warping @ 3x] Acc: 0.4347, F1: 0.3620, Time: 0.31s
      -> [LogisticRegression + Time_Warping @ 3x] Acc: 0.4910, F1: 0.4670, Time: 0.31s
      -> [RNN + Time_Warping @ 3x] Acc: 0.5778, F1: 0.5107, Time: 1.72s
    [=== Generating 5x synthetic data with Time_Warping ===]
      -> [KNN + Time_Warping @ 5x] Acc: 0.8847, F1: 0.8844, Time: 0.47s
      -> [RandomForest + Time_Warping @ 5x] Acc: 0.8101, F1: 0.8089, Time: 14.12s
      -> [LinearSVC + Time_Warping @ 5x] Acc: 0.4231, F1: 0.3566, Time: 0.41s
      -> [LogisticRegression + Time_Warping @ 5x] Acc: 0.4859, F1: 0.4635, Time: 0.44s
      -> [RNN + Time_Warping @ 5x] Acc: 0.6000, F1: 0.5561, Time: 3.02s
    [=== Generating 10x synthetic data with Time_Warping ===]
      -> [KNN + Time_Warping @ 10x] Acc: 0.8568, F1: 0.8563, Time: 0.50s
      -> [RandomForest + Time_Warping @ 10x] Acc: 0.7650, F1: 0.7644, Time: 14.54s
      -> [LinearSVC + Time_Warping @ 10x] Acc: 0.4112, F1: 0.3497, Time: 0.73s
      -> [LogisticRegression + Time_Warping @ 10x] Acc: 0.4789, F1: 0.4644, Time: 0.50s
      -> [RNN + Time_Warping @ 10x] Acc: 0.6556, F1: 0.5702, Time: 5.97s
    [=== Generating 2x synthetic data with SMOTE ===]
      -> [KNN + SMOTE @ 2x] Acc: 0.8983, F1: 0.8987, Time: 0.36s
      -> [RandomForest + SMOTE @ 2x] Acc: 0.8683, F1: 0.8687, Time: 4.68s
      -> [LinearSVC + SMOTE @ 2x] Acc: 0.6838, F1: 0.6776, Time: 0.25s
      -> [LogisticRegression + SMOTE @ 2x] Acc: 0.7250, F1: 0.7245, Time: 0.82s
      -> [RNN + SMOTE @ 2x] Acc: 0.4778, F1: 0.3746, Time: 1.19s
    [=== Generating 3x synthetic data with SMOTE ===]
      -> [KNN + SMOTE @ 3x] Acc: 0.9049, F1: 0.9052, Time: 0.39s
      -> [RandomForest + SMOTE @ 3x] Acc: 0.8647, F1: 0.8646, Time: 7.38s
      -> [LinearSVC + SMOTE @ 3x] Acc: 0.6868, F1: 0.6825, Time: 0.37s
      -> [LogisticRegression + SMOTE @ 3x] Acc: 0.7160, F1: 0.7153, Time: 1.16s
      -> [RNN + SMOTE @ 3x] Acc: 0.5111, F1: 0.4103, Time: 1.73s
    [=== Generating 5x synthetic data with SMOTE ===]
      -> [KNN + SMOTE @ 5x] Acc: 0.9131, F1: 0.9134, Time: 0.44s
      -> [RandomForest + SMOTE @ 5x] Acc: 0.8703, F1: 0.8704, Time: 12.82s
      -> [LinearSVC + SMOTE @ 5x] Acc: 0.6803, F1: 0.6752, Time: 0.63s
      -> [LogisticRegression + SMOTE @ 5x] Acc: 0.7172, F1: 0.7157, Time: 1.89s
      -> [RNN + SMOTE @ 5x] Acc: 0.5667, F1: 0.5215, Time: 2.79s
    [=== Generating 10x synthetic data with SMOTE ===]
      -> [KNN + SMOTE @ 10x] Acc: 0.9059, F1: 0.9063, Time: 0.46s
      -> [RandomForest + SMOTE @ 10x] Acc: 0.8700, F1: 0.8702, Time: 13.05s
      -> [LinearSVC + SMOTE @ 10x] Acc: 0.6818, F1: 0.6767, Time: 1.19s
      -> [LogisticRegression + SMOTE @ 10x] Acc: 0.7213, F1: 0.7198, Time: 2.17s
      -> [RNN + SMOTE @ 10x] Acc: 0.6444, F1: 0.5896, Time: 5.54s
    [=== Generating 2x synthetic data with ADASYN ===]
      -> [KNN + ADASYN @ 2x] Acc: 0.9114, F1: 0.9118, Time: 0.36s
      -> [RandomForest + ADASYN @ 2x] Acc: 0.8754, F1: 0.8751, Time: 4.64s
      -> [LinearSVC + ADASYN @ 2x] Acc: 0.6848, F1: 0.6635, Time: 0.24s
      -> [LogisticRegression + ADASYN @ 2x] Acc: 0.7110, F1: 0.7040, Time: 0.75s
      -> [RNN + ADASYN @ 2x] Acc: 0.4778, F1: 0.3875, Time: 1.17s
    [=== Generating 3x synthetic data with ADASYN ===]
      -> [KNN + ADASYN @ 3x] Acc: 0.9126, F1: 0.9128, Time: 0.39s
      -> [RandomForest + ADASYN @ 3x] Acc: 0.8906, F1: 0.8905, Time: 7.22s
      -> [LinearSVC + ADASYN @ 3x] Acc: 0.6896, F1: 0.6686, Time: 0.38s
      -> [LogisticRegression + ADASYN @ 3x] Acc: 0.7073, F1: 0.6999, Time: 1.17s
      -> [RNN + ADASYN @ 3x] Acc: 0.4556, F1: 0.3586, Time: 1.65s
    [=== Generating 5x synthetic data with ADASYN ===]
      -> [KNN + ADASYN @ 5x] Acc: 0.9086, F1: 0.9089, Time: 0.44s
      -> [RandomForest + ADASYN @ 5x] Acc: 0.8874, F1: 0.8876, Time: 12.72s
      -> [LinearSVC + ADASYN @ 5x] Acc: 0.6898, F1: 0.6652, Time: 0.62s
      -> [LogisticRegression + ADASYN @ 5x] Acc: 0.6990, F1: 0.6883, Time: 1.86s
      -> [RNN + ADASYN @ 5x] Acc: 0.3222, F1: 0.2337, Time: 2.73s
    [=== Generating 10x synthetic data with ADASYN ===]
      -> [KNN + ADASYN @ 10x] Acc: 0.9107, F1: 0.9109, Time: 0.45s
      -> [RandomForest + ADASYN @ 10x] Acc: 0.8823, F1: 0.8823, Time: 13.36s
      -> [LinearSVC + ADASYN @ 10x] Acc: 0.6869, F1: 0.6587, Time: 1.10s
      -> [LogisticRegression + ADASYN @ 10x] Acc: 0.6880, F1: 0.6773, Time: 2.16s
      -> [RNN + ADASYN @ 10x] Acc: 0.7111, F1: 0.6881, Time: 5.53s
    [=== Generating 2x synthetic data with Mixup ===]
      -> [KNN + Mixup @ 2x] Acc: 0.9056, F1: 0.9060, Time: 0.36s
      -> [RandomForest + Mixup @ 2x] Acc: 0.8717, F1: 0.8718, Time: 4.57s
      -> [LinearSVC + Mixup @ 2x] Acc: 0.6858, F1: 0.6786, Time: 0.25s
      -> [LogisticRegression + Mixup @ 2x] Acc: 0.7267, F1: 0.7241, Time: 0.76s
      -> [RNN + Mixup @ 2x] Acc: 0.6111, F1: 0.5425, Time: 1.11s
    [=== Generating 3x synthetic data with Mixup ===]
      -> [KNN + Mixup @ 3x] Acc: 0.9029, F1: 0.9032, Time: 0.39s
      -> [RandomForest + Mixup @ 3x] Acc: 0.8731, F1: 0.8729, Time: 6.95s
      -> [LinearSVC + Mixup @ 3x] Acc: 0.6896, F1: 0.6833, Time: 0.38s
      -> [LogisticRegression + Mixup @ 3x] Acc: 0.7142, F1: 0.7129, Time: 1.12s
      -> [RNN + Mixup @ 3x] Acc: 0.5889, F1: 0.5194, Time: 1.65s
    [=== Generating 5x synthetic data with Mixup ===]
      -> [KNN + Mixup @ 5x] Acc: 0.9041, F1: 0.9043, Time: 0.44s
      -> [RandomForest + Mixup @ 5x] Acc: 0.8728, F1: 0.8728, Time: 12.53s
      -> [LinearSVC + Mixup @ 5x] Acc: 0.6921, F1: 0.6851, Time: 0.63s
      -> [LogisticRegression + Mixup @ 5x] Acc: 0.7244, F1: 0.7230, Time: 1.86s
      -> [RNN + Mixup @ 5x] Acc: 0.6333, F1: 0.5747, Time: 2.74s
    [=== Generating 10x synthetic data with Mixup ===]
      -> [KNN + Mixup @ 10x] Acc: 0.9081, F1: 0.9085, Time: 0.45s
      -> [RandomForest + Mixup @ 10x] Acc: 0.8732, F1: 0.8732, Time: 12.68s
      -> [LinearSVC + Mixup @ 10x] Acc: 0.6882, F1: 0.6827, Time: 1.14s
      -> [LogisticRegression + Mixup @ 10x] Acc: 0.7138, F1: 0.7104, Time: 2.27s
      -> [RNN + Mixup @ 10x] Acc: 0.6667, F1: 0.6405, Time: 5.52s
    [=== Generating 2x synthetic data with GMM ===]
      -> [KNN + GMM @ 2x] Acc: 0.8929, F1: 0.8932, Time: 0.37s
      -> [RandomForest + GMM @ 2x] Acc: 0.8608, F1: 0.8608, Time: 5.00s
      -> [LinearSVC + GMM @ 2x] Acc: 0.6696, F1: 0.6610, Time: 0.24s
      -> [LogisticRegression + GMM @ 2x] Acc: 0.7056, F1: 0.7025, Time: 0.78s
      -> [RNN + GMM @ 2x] Acc: 0.3222, F1: 0.2488, Time: 1.13s
    [=== Generating 3x synthetic data with GMM ===]
      -> [KNN + GMM @ 3x] Acc: 0.8870, F1: 0.8873, Time: 0.40s
      -> [RandomForest + GMM @ 3x] Acc: 0.8549, F1: 0.8547, Time: 8.03s
      -> [LinearSVC + GMM @ 3x] Acc: 0.6660, F1: 0.6563, Time: 0.35s
      -> [LogisticRegression + GMM @ 3x] Acc: 0.7012, F1: 0.6982, Time: 1.15s
      -> [RNN + GMM @ 3x] Acc: 0.5778, F1: 0.4990, Time: 1.63s
    [=== Generating 5x synthetic data with GMM ===]
      -> [KNN + GMM @ 5x] Acc: 0.8816, F1: 0.8818, Time: 0.46s
      -> [RandomForest + GMM @ 5x] Acc: 0.8548, F1: 0.8546, Time: 13.96s
      -> [LinearSVC + GMM @ 5x] Acc: 0.6623, F1: 0.6511, Time: 0.66s
      -> [LogisticRegression + GMM @ 5x] Acc: 0.6951, F1: 0.6920, Time: 1.96s
      -> [RNN + GMM @ 5x] Acc: 0.5222, F1: 0.4238, Time: 2.82s
    [=== Generating 10x synthetic data with GMM ===]
      -> [KNN + GMM @ 10x] Acc: 0.8769, F1: 0.8775, Time: 0.48s
      -> [RandomForest + GMM @ 10x] Acc: 0.8482, F1: 0.8480, Time: 14.13s
      -> [LinearSVC + GMM @ 10x] Acc: 0.6630, F1: 0.6542, Time: 1.12s
      -> [LogisticRegression + GMM @ 10x] Acc: 0.6891, F1: 0.6861, Time: 2.13s
      -> [RNN + GMM @ 10x] Acc: 0.6667, F1: 0.6562, Time: 5.40s
    [=== Generating 2x synthetic data with HMM_GMM ===]
      -> [KNN + HMM_GMM @ 2x] Acc: 0.8954, F1: 0.8955, Time: 0.37s
      -> [RandomForest + HMM_GMM @ 2x] Acc: 0.8679, F1: 0.8673, Time: 2.99s
      -> [LinearSVC + HMM_GMM @ 2x] Acc: 0.5063, F1: 0.4859, Time: 0.20s
      -> [LogisticRegression + HMM_GMM @ 2x] Acc: 0.5433, F1: 0.5354, Time: 0.55s
      -> [RNN + HMM_GMM @ 2x] Acc: 0.3556, F1: 0.2413, Time: 1.15s
    [=== Generating 3x synthetic data with HMM_GMM ===]
      -> [KNN + HMM_GMM @ 3x] Acc: 0.8954, F1: 0.8955, Time: 0.40s
      -> [RandomForest + HMM_GMM @ 3x] Acc: 0.8666, F1: 0.8660, Time: 3.51s
      -> [LinearSVC + HMM_GMM @ 3x] Acc: 0.4782, F1: 0.4660, Time: 0.37s
      -> [LogisticRegression + HMM_GMM @ 3x] Acc: 0.5007, F1: 0.4990, Time: 0.72s
      -> [RNN + HMM_GMM @ 3x] Acc: 0.3556, F1: 0.2278, Time: 1.65s
    [=== Generating 5x synthetic data with HMM_GMM ===]
      -> [KNN + HMM_GMM @ 5x] Acc: 0.8962, F1: 0.8964, Time: 0.44s
      -> [RandomForest + HMM_GMM @ 5x] Acc: 0.8630, F1: 0.8635, Time: 4.44s
      -> [LinearSVC + HMM_GMM @ 5x] Acc: 0.4462, F1: 0.4406, Time: 0.47s
      -> [LogisticRegression + HMM_GMM @ 5x] Acc: 0.4843, F1: 0.4750, Time: 1.16s
      -> [RNN + HMM_GMM @ 5x] Acc: 0.3333, F1: 0.2224, Time: 2.81s
    [=== Generating 10x synthetic data with HMM_GMM ===]
      -> [KNN + HMM_GMM @ 10x] Acc: 0.8777, F1: 0.8777, Time: 0.46s
      -> [RandomForest + HMM_GMM @ 10x] Acc: 0.8420, F1: 0.8415, Time: 3.47s
      -> [LinearSVC + HMM_GMM @ 10x] Acc: 0.4379, F1: 0.4488, Time: 0.77s
      -> [LogisticRegression + HMM_GMM @ 10x] Acc: 0.4581, F1: 0.4678, Time: 1.19s
      -> [RNN + HMM_GMM @ 10x] Acc: 0.2778, F1: 0.1842, Time: 5.44s
    [=== Generating 2x synthetic data with TimeVAE ===]
      -> [KNN + TimeVAE @ 2x] Acc: 0.8947, F1: 0.8948, Time: 0.36s
      -> [RandomForest + TimeVAE @ 2x] Acc: 0.8717, F1: 0.8715, Time: 3.78s
      -> [LinearSVC + TimeVAE @ 2x] Acc: 0.6292, F1: 0.5973, Time: 0.24s
      -> [LogisticRegression + TimeVAE @ 2x] Acc: 0.6556, F1: 0.6423, Time: 0.77s
      -> [RNN + TimeVAE @ 2x] Acc: 0.0778, F1: 0.0452, Time: 1.13s
    [=== Generating 3x synthetic data with TimeVAE ===]
      -> [KNN + TimeVAE @ 3x] Acc: 0.8942, F1: 0.8944, Time: 0.38s
      -> [RandomForest + TimeVAE @ 3x] Acc: 0.8806, F1: 0.8808, Time: 5.34s
      -> [LinearSVC + TimeVAE @ 3x] Acc: 0.6079, F1: 0.5717, Time: 0.36s
      -> [LogisticRegression + TimeVAE @ 3x] Acc: 0.6371, F1: 0.6187, Time: 1.14s
      -> [RNN + TimeVAE @ 3x] Acc: 0.2111, F1: 0.1200, Time: 1.77s
    [=== Generating 5x synthetic data with TimeVAE ===]
      -> [KNN + TimeVAE @ 5x] Acc: 0.8940, F1: 0.8942, Time: 0.43s
      -> [RandomForest + TimeVAE @ 5x] Acc: 0.8702, F1: 0.8704, Time: 9.10s
      -> [LinearSVC + TimeVAE @ 5x] Acc: 0.5907, F1: 0.5460, Time: 0.58s
      -> [LogisticRegression + TimeVAE @ 5x] Acc: 0.6329, F1: 0.6141, Time: 1.92s
      -> [RNN + TimeVAE @ 5x] Acc: 0.2333, F1: 0.1403, Time: 2.75s
    [=== Generating 10x synthetic data with TimeVAE ===]
      -> [KNN + TimeVAE @ 10x] Acc: 0.8753, F1: 0.8755, Time: 0.44s
      -> [RandomForest + TimeVAE @ 10x] Acc: 0.8422, F1: 0.8426, Time: 9.55s
      -> [LinearSVC + TimeVAE @ 10x] Acc: 0.5644, F1: 0.5234, Time: 1.07s
      -> [LogisticRegression + TimeVAE @ 10x] Acc: 0.5866, F1: 0.5664, Time: 2.11s
      -> [RNN + TimeVAE @ 10x] Acc: 0.6000, F1: 0.5753, Time: 5.61s

    >> Seed Fold Selection: 7/10
    Evaluating Model: KNN
      -> [Baseline] Acc: 0.8612, F1: 0.8601, Time: 0.34s
      HP Tuning KNN...
n_iterations: 3
n_required_iterations: 3
n_possible_iterations: 5
min_resources_: 100
max_resources_: 20000
aggressive_elimination: False
factor: 3
----------
iter: 0
n_candidates: 20
n_resources: 100
Fitting 5 folds for each of 20 candidates, totalling 100 fits
----------
iter: 1
n_candidates: 7
n_resources: 300
Fitting 5 folds for each of 7 candidates, totalling 35 fits
----------
iter: 2
n_candidates: 3
n_resources: 900
Fitting 5 folds for each of 3 candidates, totalling 15 fits
      -> [Tuned_Baseline] Acc: 0.8613, F1: 0.8604, Time: 0.07s
    Evaluating Model: RandomForest
      -> [Baseline] Acc: 0.8529, F1: 0.8502, Time: 4.52s
      HP Tuning RandomForest...
n_iterations: 3
n_required_iterations: 3
n_possible_iterations: 5
min_resources_: 100
max_resources_: 20000
aggressive_elimination: False
factor: 3
----------
iter: 0
n_candidates: 20
n_resources: 100
Fitting 5 folds for each of 20 candidates, totalling 100 fits
----------
iter: 1
n_candidates: 7
n_resources: 300
Fitting 5 folds for each of 7 candidates, totalling 35 fits
----------
iter: 2
n_candidates: 3
n_resources: 900
Fitting 5 folds for each of 3 candidates, totalling 15 fits
      -> [Tuned_Baseline] Acc: 0.8493, F1: 0.8466, Time: 0.03s
    Evaluating Model: LinearSVC
      -> [Baseline] Acc: 0.6830, F1: 0.6524, Time: 0.12s
      HP Tuning LinearSVC...
n_iterations: 3
n_required_iterations: 3
n_possible_iterations: 5
min_resources_: 100
max_resources_: 20000
aggressive_elimination: False
factor: 3
----------
iter: 0
n_candidates: 20
n_resources: 100
Fitting 5 folds for each of 20 candidates, totalling 100 fits
----------
iter: 1
n_candidates: 7
n_resources: 300
Fitting 5 folds for each of 7 candidates, totalling 35 fits
----------
iter: 2
n_candidates: 3
n_resources: 900
Fitting 5 folds for each of 3 candidates, totalling 15 fits
      -> [Tuned_Baseline] Acc: 0.6844, F1: 0.6555, Time: 0.00s
    Evaluating Model: LogisticRegression
      -> [Baseline] Acc: 0.7013, F1: 0.6901, Time: 0.41s
      HP Tuning LogisticRegression...
n_iterations: 3
n_required_iterations: 3
n_possible_iterations: 5
min_resources_: 100
max_resources_: 20000
aggressive_elimination: False
factor: 3
----------
iter: 0
n_candidates: 12
n_resources: 100
Fitting 5 folds for each of 12 candidates, totalling 60 fits
----------
iter: 1
n_candidates: 4
n_resources: 300
Fitting 5 folds for each of 4 candidates, totalling 20 fits
----------
iter: 2
n_candidates: 2
n_resources: 900
Fitting 5 folds for each of 2 candidates, totalling 10 fits
      -> [Tuned_Baseline] Acc: 0.7139, F1: 0.7039, Time: 0.00s
    Evaluating Model: RNN
      -> [Baseline] Acc: 0.5444, F1: 0.4452, Time: 0.59s
      -> [Tuned_Baseline] Acc: 0.5444, F1: 0.4452, Time: 0.00s
    [=== Generating 2x synthetic data with Jittering ===]
      -> [KNN + Jittering @ 2x] Acc: 0.8607, F1: 0.8597, Time: 0.12s
      -> [RandomForest + Jittering @ 2x] Acc: 0.8630, F1: 0.8604, Time: 4.94s
      -> [LinearSVC + Jittering @ 2x] Acc: 0.6828, F1: 0.6530, Time: 0.24s
      -> [LogisticRegression + Jittering @ 2x] Acc: 0.7141, F1: 0.7041, Time: 0.80s
      -> [RNN + Jittering @ 2x] Acc: 0.4333, F1: 0.3321, Time: 1.14s
    [=== Generating 3x synthetic data with Jittering ===]
      -> [KNN + Jittering @ 3x] Acc: 0.8649, F1: 0.8638, Time: 0.15s
      -> [RandomForest + Jittering @ 3x] Acc: 0.8629, F1: 0.8604, Time: 7.78s
      -> [LinearSVC + Jittering @ 3x] Acc: 0.6841, F1: 0.6545, Time: 0.36s
      -> [LogisticRegression + Jittering @ 3x] Acc: 0.7112, F1: 0.7010, Time: 1.16s
      -> [RNN + Jittering @ 3x] Acc: 0.4889, F1: 0.4261, Time: 1.68s
    [=== Generating 5x synthetic data with Jittering ===]
      -> [KNN + Jittering @ 5x] Acc: 0.8601, F1: 0.8590, Time: 0.21s
      -> [RandomForest + Jittering @ 5x] Acc: 0.8636, F1: 0.8615, Time: 13.97s
      -> [LinearSVC + Jittering @ 5x] Acc: 0.6842, F1: 0.6540, Time: 0.59s
      -> [LogisticRegression + Jittering @ 5x] Acc: 0.7108, F1: 0.7004, Time: 1.89s
      -> [RNN + Jittering @ 5x] Acc: 0.5889, F1: 0.5645, Time: 2.77s
    [=== Generating 10x synthetic data with Jittering ===]
      -> [KNN + Jittering @ 10x] Acc: 0.8603, F1: 0.8594, Time: 0.23s
      -> [RandomForest + Jittering @ 10x] Acc: 0.8693, F1: 0.8668, Time: 14.11s
      -> [LinearSVC + Jittering @ 10x] Acc: 0.6856, F1: 0.6550, Time: 1.07s
      -> [LogisticRegression + Jittering @ 10x] Acc: 0.7106, F1: 0.7000, Time: 2.08s
      -> [RNN + Jittering @ 10x] Acc: 0.6889, F1: 0.6462, Time: 5.39s
    [=== Generating 2x synthetic data with Scaling ===]
      -> [KNN + Scaling @ 2x] Acc: 0.8641, F1: 0.8627, Time: 0.13s
      -> [RandomForest + Scaling @ 2x] Acc: 0.8480, F1: 0.8454, Time: 4.95s
      -> [LinearSVC + Scaling @ 2x] Acc: 0.6580, F1: 0.6252, Time: 0.22s
      -> [LogisticRegression + Scaling @ 2x] Acc: 0.6973, F1: 0.6869, Time: 0.77s
      -> [RNN + Scaling @ 2x] Acc: 0.5444, F1: 0.4717, Time: 1.11s
    [=== Generating 3x synthetic data with Scaling ===]
      -> [KNN + Scaling @ 3x] Acc: 0.8637, F1: 0.8622, Time: 0.15s
      -> [RandomForest + Scaling @ 3x] Acc: 0.8417, F1: 0.8395, Time: 7.72s
      -> [LinearSVC + Scaling @ 3x] Acc: 0.6430, F1: 0.6089, Time: 0.34s
      -> [LogisticRegression + Scaling @ 3x] Acc: 0.6807, F1: 0.6679, Time: 1.15s
      -> [RNN + Scaling @ 3x] Acc: 0.4778, F1: 0.4129, Time: 1.63s
    [=== Generating 5x synthetic data with Scaling ===]
      -> [KNN + Scaling @ 5x] Acc: 0.8476, F1: 0.8458, Time: 0.22s
      -> [RandomForest + Scaling @ 5x] Acc: 0.8497, F1: 0.8474, Time: 14.11s
      -> [LinearSVC + Scaling @ 5x] Acc: 0.6407, F1: 0.6082, Time: 0.54s
      -> [LogisticRegression + Scaling @ 5x] Acc: 0.6814, F1: 0.6713, Time: 1.95s
      -> [RNN + Scaling @ 5x] Acc: 0.4556, F1: 0.3606, Time: 2.78s
    [=== Generating 10x synthetic data with Scaling ===]
      -> [KNN + Scaling @ 10x] Acc: 0.8497, F1: 0.8470, Time: 0.25s
      -> [RandomForest + Scaling @ 10x] Acc: 0.8420, F1: 0.8398, Time: 14.64s
      -> [LinearSVC + Scaling @ 10x] Acc: 0.6352, F1: 0.6015, Time: 0.96s
      -> [LogisticRegression + Scaling @ 10x] Acc: 0.6753, F1: 0.6641, Time: 2.06s
      -> [RNN + Scaling @ 10x] Acc: 0.6333, F1: 0.5884, Time: 5.76s
    [=== Generating 2x synthetic data with Magnitude_Warping ===]
      -> [KNN + Magnitude_Warping @ 2x] Acc: 0.8588, F1: 0.8575, Time: 0.14s
      -> [RandomForest + Magnitude_Warping @ 2x] Acc: 0.8463, F1: 0.8445, Time: 5.15s
      -> [LinearSVC + Magnitude_Warping @ 2x] Acc: 0.6122, F1: 0.5697, Time: 0.21s
      -> [LogisticRegression + Magnitude_Warping @ 2x] Acc: 0.6521, F1: 0.6416, Time: 0.70s
      -> [RNN + Magnitude_Warping @ 2x] Acc: 0.5111, F1: 0.4177, Time: 1.12s
    [=== Generating 3x synthetic data with Magnitude_Warping ===]
      -> [KNN + Magnitude_Warping @ 3x] Acc: 0.8537, F1: 0.8520, Time: 0.17s
      -> [RandomForest + Magnitude_Warping @ 3x] Acc: 0.8402, F1: 0.8376, Time: 8.06s
      -> [LinearSVC + Magnitude_Warping @ 3x] Acc: 0.6014, F1: 0.5605, Time: 0.31s
      -> [LogisticRegression + Magnitude_Warping @ 3x] Acc: 0.6398, F1: 0.6292, Time: 1.01s
      -> [RNN + Magnitude_Warping @ 3x] Acc: 0.5667, F1: 0.5103, Time: 1.63s
    [=== Generating 5x synthetic data with Magnitude_Warping ===]
      -> [KNN + Magnitude_Warping @ 5x] Acc: 0.8562, F1: 0.8536, Time: 0.24s
      -> [RandomForest + Magnitude_Warping @ 5x] Acc: 0.8403, F1: 0.8373, Time: 14.92s
      -> [LinearSVC + Magnitude_Warping @ 5x] Acc: 0.5818, F1: 0.5362, Time: 0.57s
      -> [LogisticRegression + Magnitude_Warping @ 5x] Acc: 0.6311, F1: 0.6187, Time: 1.31s
      -> [RNN + Magnitude_Warping @ 5x] Acc: 0.5000, F1: 0.4110, Time: 2.89s
    [=== Generating 10x synthetic data with Magnitude_Warping ===]
      -> [KNN + Magnitude_Warping @ 10x] Acc: 0.8473, F1: 0.8445, Time: 0.27s
      -> [RandomForest + Magnitude_Warping @ 10x] Acc: 0.8356, F1: 0.8327, Time: 15.26s
      -> [LinearSVC + Magnitude_Warping @ 10x] Acc: 0.5847, F1: 0.5400, Time: 1.19s
      -> [LogisticRegression + Magnitude_Warping @ 10x] Acc: 0.6232, F1: 0.6105, Time: 1.50s
      -> [RNN + Magnitude_Warping @ 10x] Acc: 0.6556, F1: 0.5959, Time: 5.73s
    [=== Generating 2x synthetic data with Time_Warping ===]
      -> [KNN + Time_Warping @ 2x] Acc: 0.8578, F1: 0.8576, Time: 0.15s
      -> [RandomForest + Time_Warping @ 2x] Acc: 0.8397, F1: 0.8375, Time: 5.15s
      -> [LinearSVC + Time_Warping @ 2x] Acc: 0.4724, F1: 0.4094, Time: 0.17s
      -> [LogisticRegression + Time_Warping @ 2x] Acc: 0.5267, F1: 0.5071, Time: 0.23s
      -> [RNN + Time_Warping @ 2x] Acc: 0.5444, F1: 0.4598, Time: 1.11s
    [=== Generating 3x synthetic data with Time_Warping ===]
      -> [KNN + Time_Warping @ 3x] Acc: 0.8543, F1: 0.8537, Time: 0.17s
      -> [RandomForest + Time_Warping @ 3x] Acc: 0.8327, F1: 0.8310, Time: 7.99s
      -> [LinearSVC + Time_Warping @ 3x] Acc: 0.4429, F1: 0.3696, Time: 0.25s
      -> [LogisticRegression + Time_Warping @ 3x] Acc: 0.4787, F1: 0.4605, Time: 0.33s
      -> [RNN + Time_Warping @ 3x] Acc: 0.4778, F1: 0.3954, Time: 1.67s
    [=== Generating 5x synthetic data with Time_Warping ===]
      -> [KNN + Time_Warping @ 5x] Acc: 0.8432, F1: 0.8422, Time: 0.24s
      -> [RandomForest + Time_Warping @ 5x] Acc: 0.8154, F1: 0.8127, Time: 14.89s
      -> [LinearSVC + Time_Warping @ 5x] Acc: 0.4311, F1: 0.3602, Time: 0.46s
      -> [LogisticRegression + Time_Warping @ 5x] Acc: 0.4768, F1: 0.4637, Time: 0.43s
      -> [RNN + Time_Warping @ 5x] Acc: 0.5222, F1: 0.4179, Time: 3.02s
    [=== Generating 10x synthetic data with Time_Warping ===]
      -> [KNN + Time_Warping @ 10x] Acc: 0.8347, F1: 0.8346, Time: 0.29s
      -> [RandomForest + Time_Warping @ 10x] Acc: 0.7920, F1: 0.7891, Time: 15.42s
      -> [LinearSVC + Time_Warping @ 10x] Acc: 0.4139, F1: 0.3447, Time: 0.74s
      -> [LogisticRegression + Time_Warping @ 10x] Acc: 0.4544, F1: 0.4452, Time: 0.47s
      -> [RNN + Time_Warping @ 10x] Acc: 0.6111, F1: 0.5387, Time: 5.80s
    [=== Generating 2x synthetic data with SMOTE ===]
      -> [KNN + SMOTE @ 2x] Acc: 0.8590, F1: 0.8576, Time: 0.12s
      -> [RandomForest + SMOTE @ 2x] Acc: 0.8597, F1: 0.8575, Time: 4.70s
      -> [LinearSVC + SMOTE @ 2x] Acc: 0.6818, F1: 0.6551, Time: 0.24s
      -> [LogisticRegression + SMOTE @ 2x] Acc: 0.7154, F1: 0.7045, Time: 0.76s
      -> [RNN + SMOTE @ 2x] Acc: 0.4333, F1: 0.3559, Time: 1.11s
    [=== Generating 3x synthetic data with SMOTE ===]
      -> [KNN + SMOTE @ 3x] Acc: 0.8758, F1: 0.8742, Time: 0.14s
      -> [RandomForest + SMOTE @ 3x] Acc: 0.8606, F1: 0.8579, Time: 7.32s
      -> [LinearSVC + SMOTE @ 3x] Acc: 0.6773, F1: 0.6516, Time: 0.36s
      -> [LogisticRegression + SMOTE @ 3x] Acc: 0.7143, F1: 0.7059, Time: 1.12s
      -> [RNN + SMOTE @ 3x] Acc: 0.6111, F1: 0.5706, Time: 1.63s
    [=== Generating 5x synthetic data with SMOTE ===]
      -> [KNN + SMOTE @ 5x] Acc: 0.8807, F1: 0.8788, Time: 0.20s
      -> [RandomForest + SMOTE @ 5x] Acc: 0.8684, F1: 0.8652, Time: 12.87s
      -> [LinearSVC + SMOTE @ 5x] Acc: 0.6872, F1: 0.6620, Time: 0.61s
      -> [LogisticRegression + SMOTE @ 5x] Acc: 0.7098, F1: 0.7010, Time: 1.90s
      -> [RNN + SMOTE @ 5x] Acc: 0.5778, F1: 0.5307, Time: 2.94s
    [=== Generating 10x synthetic data with SMOTE ===]
      -> [KNN + SMOTE @ 10x] Acc: 0.8789, F1: 0.8765, Time: 0.22s
      -> [RandomForest + SMOTE @ 10x] Acc: 0.8690, F1: 0.8665, Time: 12.99s
      -> [LinearSVC + SMOTE @ 10x] Acc: 0.6830, F1: 0.6559, Time: 1.04s
      -> [LogisticRegression + SMOTE @ 10x] Acc: 0.7073, F1: 0.6980, Time: 2.06s
      -> [RNN + SMOTE @ 10x] Acc: 0.5333, F1: 0.4882, Time: 5.55s
    [=== Generating 2x synthetic data with ADASYN ===]
      -> [KNN + ADASYN @ 2x] Acc: 0.8677, F1: 0.8652, Time: 0.12s
      -> [RandomForest + ADASYN @ 2x] Acc: 0.8603, F1: 0.8581, Time: 4.71s
      -> [LinearSVC + ADASYN @ 2x] Acc: 0.6991, F1: 0.6710, Time: 0.25s
      -> [LogisticRegression + ADASYN @ 2x] Acc: 0.7247, F1: 0.7143, Time: 0.78s
      -> [RNN + ADASYN @ 2x] Acc: 0.4556, F1: 0.3636, Time: 1.12s
    [=== Generating 3x synthetic data with ADASYN ===]
      -> [KNN + ADASYN @ 3x] Acc: 0.8607, F1: 0.8585, Time: 0.14s
      -> [RandomForest + ADASYN @ 3x] Acc: 0.8537, F1: 0.8507, Time: 7.23s
      -> [LinearSVC + ADASYN @ 3x] Acc: 0.7028, F1: 0.6708, Time: 0.36s
      -> [LogisticRegression + ADASYN @ 3x] Acc: 0.7332, F1: 0.7181, Time: 1.13s
      -> [RNN + ADASYN @ 3x] Acc: 0.5111, F1: 0.4181, Time: 1.63s
    [=== Generating 5x synthetic data with ADASYN ===]
      -> [KNN + ADASYN @ 5x] Acc: 0.8744, F1: 0.8721, Time: 0.20s
      -> [RandomForest + ADASYN @ 5x] Acc: 0.8660, F1: 0.8631, Time: 12.46s
      -> [LinearSVC + ADASYN @ 5x] Acc: 0.7029, F1: 0.6804, Time: 0.62s
      -> [LogisticRegression + ADASYN @ 5x] Acc: 0.7287, F1: 0.7167, Time: 1.86s
      -> [RNN + ADASYN @ 5x] Acc: 0.5333, F1: 0.4858, Time: 2.65s
    [=== Generating 10x synthetic data with ADASYN ===]
      -> [KNN + ADASYN @ 10x] Acc: 0.8722, F1: 0.8703, Time: 0.21s
      -> [RandomForest + ADASYN @ 10x] Acc: 0.8604, F1: 0.8578, Time: 13.11s
      -> [LinearSVC + ADASYN @ 10x] Acc: 0.6958, F1: 0.6799, Time: 1.13s
      -> [LogisticRegression + ADASYN @ 10x] Acc: 0.7114, F1: 0.7026, Time: 2.07s
      -> [RNN + ADASYN @ 10x] Acc: 0.6222, F1: 0.5935, Time: 5.45s
    [=== Generating 2x synthetic data with Mixup ===]
      -> [KNN + Mixup @ 2x] Acc: 0.8616, F1: 0.8601, Time: 0.12s
      -> [RandomForest + Mixup @ 2x] Acc: 0.8556, F1: 0.8529, Time: 4.66s
      -> [LinearSVC + Mixup @ 2x] Acc: 0.6843, F1: 0.6519, Time: 0.24s
      -> [LogisticRegression + Mixup @ 2x] Acc: 0.7118, F1: 0.7012, Time: 0.78s
      -> [RNN + Mixup @ 2x] Acc: 0.5444, F1: 0.4738, Time: 1.11s
    [=== Generating 3x synthetic data with Mixup ===]
      -> [KNN + Mixup @ 3x] Acc: 0.8711, F1: 0.8689, Time: 0.14s
      -> [RandomForest + Mixup @ 3x] Acc: 0.8618, F1: 0.8587, Time: 7.01s
      -> [LinearSVC + Mixup @ 3x] Acc: 0.6834, F1: 0.6542, Time: 0.36s
      -> [LogisticRegression + Mixup @ 3x] Acc: 0.7058, F1: 0.6953, Time: 1.17s
      -> [RNN + Mixup @ 3x] Acc: 0.6444, F1: 0.6116, Time: 1.63s
    [=== Generating 5x synthetic data with Mixup ===]
      -> [KNN + Mixup @ 5x] Acc: 0.8707, F1: 0.8694, Time: 0.20s
      -> [RandomForest + Mixup @ 5x] Acc: 0.8660, F1: 0.8635, Time: 12.76s
      -> [LinearSVC + Mixup @ 5x] Acc: 0.6824, F1: 0.6524, Time: 0.61s
      -> [LogisticRegression + Mixup @ 5x] Acc: 0.7099, F1: 0.6993, Time: 1.88s
      -> [RNN + Mixup @ 5x] Acc: 0.5556, F1: 0.4884, Time: 2.72s
    [=== Generating 10x synthetic data with Mixup ===]
      -> [KNN + Mixup @ 10x] Acc: 0.8659, F1: 0.8643, Time: 0.21s
      -> [RandomForest + Mixup @ 10x] Acc: 0.8647, F1: 0.8617, Time: 13.00s
      -> [LinearSVC + Mixup @ 10x] Acc: 0.6896, F1: 0.6633, Time: 1.12s
      -> [LogisticRegression + Mixup @ 10x] Acc: 0.7172, F1: 0.7089, Time: 2.12s
      -> [RNN + Mixup @ 10x] Acc: 0.6778, F1: 0.6405, Time: 5.53s
    [=== Generating 2x synthetic data with GMM ===]
      -> [KNN + GMM @ 2x] Acc: 0.8607, F1: 0.8595, Time: 0.13s
      -> [RandomForest + GMM @ 2x] Acc: 0.8488, F1: 0.8467, Time: 5.19s
      -> [LinearSVC + GMM @ 2x] Acc: 0.6607, F1: 0.6313, Time: 0.23s
      -> [LogisticRegression + GMM @ 2x] Acc: 0.7071, F1: 0.7002, Time: 0.80s
      -> [RNN + GMM @ 2x] Acc: 0.4111, F1: 0.2999, Time: 1.13s
    [=== Generating 3x synthetic data with GMM ===]
      -> [KNN + GMM @ 3x] Acc: 0.8566, F1: 0.8555, Time: 0.16s
      -> [RandomForest + GMM @ 3x] Acc: 0.8503, F1: 0.8489, Time: 8.00s
      -> [LinearSVC + GMM @ 3x] Acc: 0.6543, F1: 0.6237, Time: 0.37s
      -> [LogisticRegression + GMM @ 3x] Acc: 0.7046, F1: 0.6967, Time: 1.18s
      -> [RNN + GMM @ 3x] Acc: 0.4444, F1: 0.3530, Time: 1.73s
    [=== Generating 5x synthetic data with GMM ===]
      -> [KNN + GMM @ 5x] Acc: 0.8564, F1: 0.8550, Time: 0.23s
      -> [RandomForest + GMM @ 5x] Acc: 0.8451, F1: 0.8430, Time: 14.31s
      -> [LinearSVC + GMM @ 5x] Acc: 0.6556, F1: 0.6222, Time: 0.58s
      -> [LogisticRegression + GMM @ 5x] Acc: 0.7063, F1: 0.6988, Time: 1.91s
      -> [RNN + GMM @ 5x] Acc: 0.6444, F1: 0.6051, Time: 2.72s
    [=== Generating 10x synthetic data with GMM ===]
      -> [KNN + GMM @ 10x] Acc: 0.8488, F1: 0.8474, Time: 0.28s
      -> [RandomForest + GMM @ 10x] Acc: 0.8386, F1: 0.8368, Time: 14.67s
      -> [LinearSVC + GMM @ 10x] Acc: 0.6497, F1: 0.6158, Time: 1.39s
      -> [LogisticRegression + GMM @ 10x] Acc: 0.6851, F1: 0.6739, Time: 2.21s
      -> [RNN + GMM @ 10x] Acc: 0.7111, F1: 0.7052, Time: 5.73s
    [=== Generating 2x synthetic data with HMM_GMM ===]
      -> [KNN + HMM_GMM @ 2x] Acc: 0.8522, F1: 0.8518, Time: 0.13s
      -> [RandomForest + HMM_GMM @ 2x] Acc: 0.8468, F1: 0.8446, Time: 2.97s
      -> [LinearSVC + HMM_GMM @ 2x] Acc: 0.5511, F1: 0.4944, Time: 0.19s
      -> [LogisticRegression + HMM_GMM @ 2x] Acc: 0.5898, F1: 0.5694, Time: 0.65s
      -> [RNN + HMM_GMM @ 2x] Acc: 0.5000, F1: 0.4155, Time: 1.12s
    [=== Generating 3x synthetic data with HMM_GMM ===]
      -> [KNN + HMM_GMM @ 3x] Acc: 0.8522, F1: 0.8518, Time: 0.16s
      -> [RandomForest + HMM_GMM @ 3x] Acc: 0.8436, F1: 0.8418, Time: 3.54s
      -> [LinearSVC + HMM_GMM @ 3x] Acc: 0.5186, F1: 0.4621, Time: 0.29s
      -> [LogisticRegression + HMM_GMM @ 3x] Acc: 0.5581, F1: 0.5324, Time: 0.68s
      -> [RNN + HMM_GMM @ 3x] Acc: 0.4000, F1: 0.2464, Time: 1.65s
    [=== Generating 5x synthetic data with HMM_GMM ===]
      -> [KNN + HMM_GMM @ 5x] Acc: 0.8522, F1: 0.8518, Time: 0.22s
      -> [RandomForest + HMM_GMM @ 5x] Acc: 0.8433, F1: 0.8414, Time: 4.52s
      -> [LinearSVC + HMM_GMM @ 5x] Acc: 0.4640, F1: 0.4116, Time: 0.65s
      -> [LogisticRegression + HMM_GMM @ 5x] Acc: 0.5337, F1: 0.5037, Time: 1.02s
      -> [RNN + HMM_GMM @ 5x] Acc: 0.4111, F1: 0.3187, Time: 2.76s
    [=== Generating 10x synthetic data with HMM_GMM ===]
      -> [KNN + HMM_GMM @ 10x] Acc: 0.8354, F1: 0.8355, Time: 0.24s
      -> [RandomForest + HMM_GMM @ 10x] Acc: 0.8274, F1: 0.8259, Time: 3.68s
      -> [LinearSVC + HMM_GMM @ 10x] Acc: 0.4014, F1: 0.3648, Time: 0.87s
      -> [LogisticRegression + HMM_GMM @ 10x] Acc: 0.4996, F1: 0.4735, Time: 1.20s
      -> [RNN + HMM_GMM @ 10x] Acc: 0.6556, F1: 0.6046, Time: 5.38s
    [=== Generating 2x synthetic data with TimeVAE ===]
      -> [KNN + TimeVAE @ 2x] Acc: 0.8593, F1: 0.8583, Time: 0.11s
      -> [RandomForest + TimeVAE @ 2x] Acc: 0.8537, F1: 0.8507, Time: 3.74s
      -> [LinearSVC + TimeVAE @ 2x] Acc: 0.6147, F1: 0.5770, Time: 0.23s
      -> [LogisticRegression + TimeVAE @ 2x] Acc: 0.6408, F1: 0.6241, Time: 0.76s
      -> [RNN + TimeVAE @ 2x] Acc: 0.4111, F1: 0.2538, Time: 1.15s
    [=== Generating 3x synthetic data with TimeVAE ===]
      -> [KNN + TimeVAE @ 3x] Acc: 0.8588, F1: 0.8577, Time: 0.13s
      -> [RandomForest + TimeVAE @ 3x] Acc: 0.8510, F1: 0.8478, Time: 5.42s
      -> [LinearSVC + TimeVAE @ 3x] Acc: 0.6093, F1: 0.5669, Time: 0.36s
      -> [LogisticRegression + TimeVAE @ 3x] Acc: 0.6308, F1: 0.6155, Time: 1.15s
      -> [RNN + TimeVAE @ 3x] Acc: 0.3333, F1: 0.2278, Time: 1.63s
    [=== Generating 5x synthetic data with TimeVAE ===]
      -> [KNN + TimeVAE @ 5x] Acc: 0.8587, F1: 0.8575, Time: 0.18s
      -> [RandomForest + TimeVAE @ 5x] Acc: 0.8483, F1: 0.8454, Time: 9.45s
      -> [LinearSVC + TimeVAE @ 5x] Acc: 0.5864, F1: 0.5438, Time: 0.69s
      -> [LogisticRegression + TimeVAE @ 5x] Acc: 0.5992, F1: 0.5794, Time: 1.92s
      -> [RNN + TimeVAE @ 5x] Acc: 0.5667, F1: 0.5173, Time: 2.82s
    [=== Generating 10x synthetic data with TimeVAE ===]
      -> [KNN + TimeVAE @ 10x] Acc: 0.8453, F1: 0.8439, Time: 0.21s
      -> [RandomForest + TimeVAE @ 10x] Acc: 0.8361, F1: 0.8329, Time: 9.72s
      -> [LinearSVC + TimeVAE @ 10x] Acc: 0.5706, F1: 0.5342, Time: 1.14s
      -> [LogisticRegression + TimeVAE @ 10x] Acc: 0.5719, F1: 0.5499, Time: 2.17s
      -> [RNN + TimeVAE @ 10x] Acc: 0.5111, F1: 0.4485, Time: 5.39s

    >> Seed Fold Selection: 8/10
    Evaluating Model: KNN
      -> [Baseline] Acc: 0.9076, F1: 0.9083, Time: 0.33s
      HP Tuning KNN...
n_iterations: 3
n_required_iterations: 3
n_possible_iterations: 5
min_resources_: 100
max_resources_: 20000
aggressive_elimination: False
factor: 3
----------
iter: 0
n_candidates: 20
n_resources: 100
Fitting 5 folds for each of 20 candidates, totalling 100 fits
----------
iter: 1
n_candidates: 7
n_resources: 300
Fitting 5 folds for each of 7 candidates, totalling 35 fits
----------
iter: 2
n_candidates: 3
n_resources: 900
Fitting 5 folds for each of 3 candidates, totalling 15 fits
      -> [Tuned_Baseline] Acc: 0.9087, F1: 0.9094, Time: 0.31s
    Evaluating Model: RandomForest
      -> [Baseline] Acc: 0.8878, F1: 0.8879, Time: 4.88s
      HP Tuning RandomForest...
n_iterations: 3
n_required_iterations: 3
n_possible_iterations: 5
min_resources_: 100
max_resources_: 20000
aggressive_elimination: False
factor: 3
----------
iter: 0
n_candidates: 20
n_resources: 100
Fitting 5 folds for each of 20 candidates, totalling 100 fits
----------
iter: 1
n_candidates: 7
n_resources: 300
Fitting 5 folds for each of 7 candidates, totalling 35 fits
----------
iter: 2
n_candidates: 3
n_resources: 900
Fitting 5 folds for each of 3 candidates, totalling 15 fits
      -> [Tuned_Baseline] Acc: 0.8836, F1: 0.8836, Time: 0.03s
    Evaluating Model: LinearSVC
      -> [Baseline] Acc: 0.6952, F1: 0.6790, Time: 0.12s
      HP Tuning LinearSVC...
n_iterations: 3
n_required_iterations: 3
n_possible_iterations: 5
min_resources_: 100
max_resources_: 20000
aggressive_elimination: False
factor: 3
----------
iter: 0
n_candidates: 20
n_resources: 100
Fitting 5 folds for each of 20 candidates, totalling 100 fits
----------
iter: 1
n_candidates: 7
n_resources: 300
Fitting 5 folds for each of 7 candidates, totalling 35 fits
----------
iter: 2
n_candidates: 3
n_resources: 900
Fitting 5 folds for each of 3 candidates, totalling 15 fits
      -> [Tuned_Baseline] Acc: 0.6969, F1: 0.6820, Time: 0.00s
    Evaluating Model: LogisticRegression
      -> [Baseline] Acc: 0.7058, F1: 0.7026, Time: 0.41s
      HP Tuning LogisticRegression...
n_iterations: 3
n_required_iterations: 3
n_possible_iterations: 5
min_resources_: 100
max_resources_: 20000
aggressive_elimination: False
factor: 3
----------
iter: 0
n_candidates: 12
n_resources: 100
Fitting 5 folds for each of 12 candidates, totalling 60 fits
----------
iter: 1
n_candidates: 4
n_resources: 300
Fitting 5 folds for each of 4 candidates, totalling 20 fits
----------
iter: 2
n_candidates: 2
n_resources: 900
Fitting 5 folds for each of 2 candidates, totalling 10 fits
      -> [Tuned_Baseline] Acc: 0.7228, F1: 0.7216, Time: 0.00s
    Evaluating Model: RNN
      -> [Baseline] Acc: 0.4444, F1: 0.3274, Time: 0.59s
      -> [Tuned_Baseline] Acc: 0.4444, F1: 0.3274, Time: 0.00s
    [=== Generating 2x synthetic data with Jittering ===]
      -> [KNN + Jittering @ 2x] Acc: 0.9121, F1: 0.9129, Time: 0.36s
      -> [RandomForest + Jittering @ 2x] Acc: 0.8933, F1: 0.8938, Time: 5.07s
      -> [LinearSVC + Jittering @ 2x] Acc: 0.6946, F1: 0.6776, Time: 0.24s
      -> [LogisticRegression + Jittering @ 2x] Acc: 0.7223, F1: 0.7211, Time: 0.77s
      -> [RNN + Jittering @ 2x] Acc: 0.4000, F1: 0.2485, Time: 1.12s
    [=== Generating 3x synthetic data with Jittering ===]
      -> [KNN + Jittering @ 3x] Acc: 0.9108, F1: 0.9114, Time: 0.38s
      -> [RandomForest + Jittering @ 3x] Acc: 0.9004, F1: 0.9009, Time: 7.91s
      -> [LinearSVC + Jittering @ 3x] Acc: 0.6938, F1: 0.6766, Time: 0.37s
      -> [LogisticRegression + Jittering @ 3x] Acc: 0.7229, F1: 0.7212, Time: 1.15s
      -> [RNN + Jittering @ 3x] Acc: 0.5889, F1: 0.5358, Time: 1.63s
    [=== Generating 5x synthetic data with Jittering ===]
      -> [KNN + Jittering @ 5x] Acc: 0.9141, F1: 0.9148, Time: 0.44s
      -> [RandomForest + Jittering @ 5x] Acc: 0.9062, F1: 0.9066, Time: 13.76s
      -> [LinearSVC + Jittering @ 5x] Acc: 0.6929, F1: 0.6752, Time: 0.68s
      -> [LogisticRegression + Jittering @ 5x] Acc: 0.7196, F1: 0.7181, Time: 1.89s
      -> [RNN + Jittering @ 5x] Acc: 0.4556, F1: 0.3928, Time: 2.83s
    [=== Generating 10x synthetic data with Jittering ===]
      -> [KNN + Jittering @ 10x] Acc: 0.9131, F1: 0.9138, Time: 0.46s
      -> [RandomForest + Jittering @ 10x] Acc: 0.9079, F1: 0.9084, Time: 14.08s
      -> [LinearSVC + Jittering @ 10x] Acc: 0.6924, F1: 0.6742, Time: 1.10s
      -> [LogisticRegression + Jittering @ 10x] Acc: 0.7237, F1: 0.7215, Time: 2.07s
      -> [RNN + Jittering @ 10x] Acc: 0.6667, F1: 0.6195, Time: 5.44s
    [=== Generating 2x synthetic data with Scaling ===]
      -> [KNN + Scaling @ 2x] Acc: 0.9016, F1: 0.9025, Time: 0.36s
      -> [RandomForest + Scaling @ 2x] Acc: 0.8884, F1: 0.8889, Time: 4.95s
      -> [LinearSVC + Scaling @ 2x] Acc: 0.6508, F1: 0.6234, Time: 0.23s
      -> [LogisticRegression + Scaling @ 2x] Acc: 0.6978, F1: 0.6939, Time: 0.79s
      -> [RNN + Scaling @ 2x] Acc: 0.3667, F1: 0.2747, Time: 1.12s
    [=== Generating 3x synthetic data with Scaling ===]
      -> [KNN + Scaling @ 3x] Acc: 0.9052, F1: 0.9062, Time: 0.39s
      -> [RandomForest + Scaling @ 3x] Acc: 0.8800, F1: 0.8808, Time: 7.79s
      -> [LinearSVC + Scaling @ 3x] Acc: 0.6377, F1: 0.6095, Time: 0.34s
      -> [LogisticRegression + Scaling @ 3x] Acc: 0.6743, F1: 0.6670, Time: 1.13s
      -> [RNN + Scaling @ 3x] Acc: 0.5111, F1: 0.4481, Time: 1.65s
    [=== Generating 5x synthetic data with Scaling ===]
      -> [KNN + Scaling @ 5x] Acc: 0.8981, F1: 0.8991, Time: 0.45s
      -> [RandomForest + Scaling @ 5x] Acc: 0.8864, F1: 0.8872, Time: 14.11s
      -> [LinearSVC + Scaling @ 5x] Acc: 0.6397, F1: 0.6091, Time: 0.56s
      -> [LogisticRegression + Scaling @ 5x] Acc: 0.6764, F1: 0.6702, Time: 1.90s
      -> [RNN + Scaling @ 5x] Acc: 0.5667, F1: 0.4921, Time: 2.73s
    [=== Generating 10x synthetic data with Scaling ===]
      -> [KNN + Scaling @ 10x] Acc: 0.8809, F1: 0.8819, Time: 0.47s
      -> [RandomForest + Scaling @ 10x] Acc: 0.8723, F1: 0.8735, Time: 14.62s
      -> [LinearSVC + Scaling @ 10x] Acc: 0.6340, F1: 0.6004, Time: 1.06s
      -> [LogisticRegression + Scaling @ 10x] Acc: 0.6712, F1: 0.6640, Time: 2.14s
      -> [RNN + Scaling @ 10x] Acc: 0.7000, F1: 0.6835, Time: 5.50s
    [=== Generating 2x synthetic data with Magnitude_Warping ===]
      -> [KNN + Magnitude_Warping @ 2x] Acc: 0.9013, F1: 0.9021, Time: 0.37s
      -> [RandomForest + Magnitude_Warping @ 2x] Acc: 0.8844, F1: 0.8848, Time: 5.09s
      -> [LinearSVC + Magnitude_Warping @ 2x] Acc: 0.6188, F1: 0.5817, Time: 0.21s
      -> [LogisticRegression + Magnitude_Warping @ 2x] Acc: 0.6597, F1: 0.6523, Time: 0.73s
      -> [RNN + Magnitude_Warping @ 2x] Acc: 0.3667, F1: 0.2601, Time: 1.13s
    [=== Generating 3x synthetic data with Magnitude_Warping ===]
      -> [KNN + Magnitude_Warping @ 3x] Acc: 0.8888, F1: 0.8896, Time: 0.39s
      -> [RandomForest + Magnitude_Warping @ 3x] Acc: 0.8774, F1: 0.8781, Time: 8.04s
      -> [LinearSVC + Magnitude_Warping @ 3x] Acc: 0.6019, F1: 0.5635, Time: 0.31s
      -> [LogisticRegression + Magnitude_Warping @ 3x] Acc: 0.6492, F1: 0.6411, Time: 0.91s
      -> [RNN + Magnitude_Warping @ 3x] Acc: 0.5333, F1: 0.4627, Time: 1.65s
    [=== Generating 5x synthetic data with Magnitude_Warping ===]
      -> [KNN + Magnitude_Warping @ 5x] Acc: 0.8774, F1: 0.8780, Time: 0.46s
      -> [RandomForest + Magnitude_Warping @ 5x] Acc: 0.8750, F1: 0.8757, Time: 14.61s
      -> [LinearSVC + Magnitude_Warping @ 5x] Acc: 0.5886, F1: 0.5455, Time: 0.54s
      -> [LogisticRegression + Magnitude_Warping @ 5x] Acc: 0.6350, F1: 0.6251, Time: 1.57s
      -> [RNN + Magnitude_Warping @ 5x] Acc: 0.4444, F1: 0.3604, Time: 2.94s
    [=== Generating 10x synthetic data with Magnitude_Warping ===]
      -> [KNN + Magnitude_Warping @ 10x] Acc: 0.8516, F1: 0.8525, Time: 0.48s
      -> [RandomForest + Magnitude_Warping @ 10x] Acc: 0.8573, F1: 0.8584, Time: 15.23s
      -> [LinearSVC + Magnitude_Warping @ 10x] Acc: 0.5926, F1: 0.5496, Time: 0.87s
      -> [LogisticRegression + Magnitude_Warping @ 10x] Acc: 0.6356, F1: 0.6254, Time: 1.67s
      -> [RNN + Magnitude_Warping @ 10x] Acc: 0.6333, F1: 0.5981, Time: 5.66s
    [=== Generating 2x synthetic data with Time_Warping ===]
      -> [KNN + Time_Warping @ 2x] Acc: 0.9054, F1: 0.9063, Time: 0.37s
      -> [RandomForest + Time_Warping @ 2x] Acc: 0.8698, F1: 0.8695, Time: 5.17s
      -> [LinearSVC + Time_Warping @ 2x] Acc: 0.4869, F1: 0.4328, Time: 0.17s
      -> [LogisticRegression + Time_Warping @ 2x] Acc: 0.5613, F1: 0.5473, Time: 0.25s
      -> [RNN + Time_Warping @ 2x] Acc: 0.1778, F1: 0.0840, Time: 1.13s
    [=== Generating 3x synthetic data with Time_Warping ===]
      -> [KNN + Time_Warping @ 3x] Acc: 0.9004, F1: 0.9013, Time: 0.40s
      -> [RandomForest + Time_Warping @ 3x] Acc: 0.8641, F1: 0.8640, Time: 8.40s
      -> [LinearSVC + Time_Warping @ 3x] Acc: 0.4420, F1: 0.3713, Time: 0.24s
      -> [LogisticRegression + Time_Warping @ 3x] Acc: 0.5004, F1: 0.4869, Time: 0.31s
      -> [RNN + Time_Warping @ 3x] Acc: 0.4778, F1: 0.4217, Time: 1.75s
    [=== Generating 5x synthetic data with Time_Warping ===]
      -> [KNN + Time_Warping @ 5x] Acc: 0.8854, F1: 0.8865, Time: 0.46s
      -> [RandomForest + Time_Warping @ 5x] Acc: 0.8534, F1: 0.8536, Time: 14.90s
      -> [LinearSVC + Time_Warping @ 5x] Acc: 0.4436, F1: 0.3864, Time: 0.46s
      -> [LogisticRegression + Time_Warping @ 5x] Acc: 0.5091, F1: 0.4998, Time: 0.46s
      -> [RNN + Time_Warping @ 5x] Acc: 0.4000, F1: 0.2682, Time: 3.26s
    [=== Generating 10x synthetic data with Time_Warping ===]
      -> [KNN + Time_Warping @ 10x] Acc: 0.8710, F1: 0.8717, Time: 0.50s
      -> [RandomForest + Time_Warping @ 10x] Acc: 0.8182, F1: 0.8186, Time: 15.53s
      -> [LinearSVC + Time_Warping @ 10x] Acc: 0.4279, F1: 0.3744, Time: 1.08s
      -> [LogisticRegression + Time_Warping @ 10x] Acc: 0.4959, F1: 0.4889, Time: 0.49s
      -> [RNN + Time_Warping @ 10x] Acc: 0.4889, F1: 0.4005, Time: 7.10s
    [=== Generating 2x synthetic data with SMOTE ===]
      -> [KNN + SMOTE @ 2x] Acc: 0.9117, F1: 0.9125, Time: 0.36s
      -> [RandomForest + SMOTE @ 2x] Acc: 0.8906, F1: 0.8907, Time: 4.69s
      -> [LinearSVC + SMOTE @ 2x] Acc: 0.6877, F1: 0.6732, Time: 0.24s
      -> [LogisticRegression + SMOTE @ 2x] Acc: 0.7174, F1: 0.7155, Time: 0.78s
      -> [RNN + SMOTE @ 2x] Acc: 0.4333, F1: 0.3133, Time: 1.11s
    [=== Generating 3x synthetic data with SMOTE ===]
      -> [KNN + SMOTE @ 3x] Acc: 0.9161, F1: 0.9168, Time: 0.38s
      -> [RandomForest + SMOTE @ 3x] Acc: 0.8919, F1: 0.8922, Time: 7.34s
      -> [LinearSVC + SMOTE @ 3x] Acc: 0.6846, F1: 0.6697, Time: 0.37s
      -> [LogisticRegression + SMOTE @ 3x] Acc: 0.7111, F1: 0.7093, Time: 1.11s
      -> [RNN + SMOTE @ 3x] Acc: 0.4667, F1: 0.3701, Time: 1.62s
    [=== Generating 5x synthetic data with SMOTE ===]
      -> [KNN + SMOTE @ 5x] Acc: 0.9138, F1: 0.9147, Time: 0.43s
      -> [RandomForest + SMOTE @ 5x] Acc: 0.9017, F1: 0.9020, Time: 12.98s
      -> [LinearSVC + SMOTE @ 5x] Acc: 0.6914, F1: 0.6804, Time: 0.62s
      -> [LogisticRegression + SMOTE @ 5x] Acc: 0.7221, F1: 0.7195, Time: 1.88s
      -> [RNN + SMOTE @ 5x] Acc: 0.5667, F1: 0.4940, Time: 2.72s
    [=== Generating 10x synthetic data with SMOTE ===]
      -> [KNN + SMOTE @ 10x] Acc: 0.9203, F1: 0.9209, Time: 0.45s
      -> [RandomForest + SMOTE @ 10x] Acc: 0.8966, F1: 0.8970, Time: 13.12s
      -> [LinearSVC + SMOTE @ 10x] Acc: 0.6902, F1: 0.6786, Time: 1.06s
      -> [LogisticRegression + SMOTE @ 10x] Acc: 0.7210, F1: 0.7196, Time: 2.04s
      -> [RNN + SMOTE @ 10x] Acc: 0.6667, F1: 0.6423, Time: 5.54s
    [=== Generating 2x synthetic data with ADASYN ===]
      -> [KNN + ADASYN @ 2x] Acc: 0.9244, F1: 0.9249, Time: 0.36s
      -> [RandomForest + ADASYN @ 2x] Acc: 0.9037, F1: 0.9041, Time: 4.84s
      -> [LinearSVC + ADASYN @ 2x] Acc: 0.6973, F1: 0.6769, Time: 0.25s
      -> [LogisticRegression + ADASYN @ 2x] Acc: 0.7331, F1: 0.7322, Time: 0.76s
      -> [RNN + ADASYN @ 2x] Acc: 0.5222, F1: 0.4324, Time: 1.12s
    [=== Generating 3x synthetic data with ADASYN ===]
      -> [KNN + ADASYN @ 3x] Acc: 0.9241, F1: 0.9245, Time: 0.38s
      -> [RandomForest + ADASYN @ 3x] Acc: 0.9074, F1: 0.9079, Time: 7.45s
      -> [LinearSVC + ADASYN @ 3x] Acc: 0.6803, F1: 0.6474, Time: 0.36s
      -> [LogisticRegression + ADASYN @ 3x] Acc: 0.7218, F1: 0.7180, Time: 1.15s
      -> [RNN + ADASYN @ 3x] Acc: 0.5000, F1: 0.3911, Time: 1.65s
    [=== Generating 5x synthetic data with ADASYN ===]
      -> [KNN + ADASYN @ 5x] Acc: 0.9272, F1: 0.9277, Time: 0.44s
      -> [RandomForest + ADASYN @ 5x] Acc: 0.9056, F1: 0.9065, Time: 13.73s
      -> [LinearSVC + ADASYN @ 5x] Acc: 0.6830, F1: 0.6525, Time: 0.63s
      -> [LogisticRegression + ADASYN @ 5x] Acc: 0.7350, F1: 0.7296, Time: 1.97s
      -> [RNN + ADASYN @ 5x] Acc: 0.5000, F1: 0.4381, Time: 2.74s
    [=== Generating 10x synthetic data with ADASYN ===]
      -> [KNN + ADASYN @ 10x] Acc: 0.9227, F1: 0.9231, Time: 0.45s
      -> [RandomForest + ADASYN @ 10x] Acc: 0.9082, F1: 0.9091, Time: 13.23s
      -> [LinearSVC + ADASYN @ 10x] Acc: 0.6713, F1: 0.6371, Time: 1.26s
      -> [LogisticRegression + ADASYN @ 10x] Acc: 0.7196, F1: 0.7123, Time: 2.17s
      -> [RNN + ADASYN @ 10x] Acc: 0.6444, F1: 0.5977, Time: 5.39s
    [=== Generating 2x synthetic data with Mixup ===]
      -> [KNN + Mixup @ 2x] Acc: 0.9080, F1: 0.9089, Time: 0.36s
      -> [RandomForest + Mixup @ 2x] Acc: 0.8833, F1: 0.8836, Time: 4.66s
      -> [LinearSVC + Mixup @ 2x] Acc: 0.6857, F1: 0.6692, Time: 0.24s
      -> [LogisticRegression + Mixup @ 2x] Acc: 0.7180, F1: 0.7164, Time: 0.76s
      -> [RNN + Mixup @ 2x] Acc: 0.5667, F1: 0.5015, Time: 1.11s
    [=== Generating 3x synthetic data with Mixup ===]
      -> [KNN + Mixup @ 3x] Acc: 0.9109, F1: 0.9117, Time: 0.38s
      -> [RandomForest + Mixup @ 3x] Acc: 0.8924, F1: 0.8927, Time: 7.28s
      -> [LinearSVC + Mixup @ 3x] Acc: 0.6971, F1: 0.6840, Time: 0.36s
      -> [LogisticRegression + Mixup @ 3x] Acc: 0.7169, F1: 0.7164, Time: 1.19s
      -> [RNN + Mixup @ 3x] Acc: 0.3556, F1: 0.2553, Time: 1.62s
    [=== Generating 5x synthetic data with Mixup ===]
      -> [KNN + Mixup @ 5x] Acc: 0.9189, F1: 0.9196, Time: 0.43s
      -> [RandomForest + Mixup @ 5x] Acc: 0.8952, F1: 0.8959, Time: 13.11s
      -> [LinearSVC + Mixup @ 5x] Acc: 0.6946, F1: 0.6820, Time: 0.62s
      -> [LogisticRegression + Mixup @ 5x] Acc: 0.7204, F1: 0.7205, Time: 1.89s
      -> [RNN + Mixup @ 5x] Acc: 0.5778, F1: 0.5567, Time: 2.73s
    [=== Generating 10x synthetic data with Mixup ===]
      -> [KNN + Mixup @ 10x] Acc: 0.9159, F1: 0.9166, Time: 0.45s
      -> [RandomForest + Mixup @ 10x] Acc: 0.8993, F1: 0.8998, Time: 13.21s
      -> [LinearSVC + Mixup @ 10x] Acc: 0.6956, F1: 0.6829, Time: 1.13s
      -> [LogisticRegression + Mixup @ 10x] Acc: 0.7268, F1: 0.7266, Time: 2.12s
      -> [RNN + Mixup @ 10x] Acc: 0.7111, F1: 0.6764, Time: 5.50s
    [=== Generating 2x synthetic data with GMM ===]
      -> [KNN + GMM @ 2x] Acc: 0.9010, F1: 0.9018, Time: 0.36s
      -> [RandomForest + GMM @ 2x] Acc: 0.8830, F1: 0.8833, Time: 5.19s
      -> [LinearSVC + GMM @ 2x] Acc: 0.6684, F1: 0.6485, Time: 0.23s
      -> [LogisticRegression + GMM @ 2x] Acc: 0.7099, F1: 0.7057, Time: 0.79s
      -> [RNN + GMM @ 2x] Acc: 0.4778, F1: 0.3857, Time: 1.11s
    [=== Generating 3x synthetic data with GMM ===]
      -> [KNN + GMM @ 3x] Acc: 0.8943, F1: 0.8953, Time: 0.39s
      -> [RandomForest + GMM @ 3x] Acc: 0.8778, F1: 0.8785, Time: 8.19s
      -> [LinearSVC + GMM @ 3x] Acc: 0.6593, F1: 0.6366, Time: 0.35s
      -> [LogisticRegression + GMM @ 3x] Acc: 0.7053, F1: 0.7008, Time: 1.17s
      -> [RNN + GMM @ 3x] Acc: 0.5333, F1: 0.4581, Time: 1.76s
    [=== Generating 5x synthetic data with GMM ===]
      -> [KNN + GMM @ 5x] Acc: 0.8908, F1: 0.8917, Time: 0.46s
      -> [RandomForest + GMM @ 5x] Acc: 0.8752, F1: 0.8759, Time: 14.57s
      -> [LinearSVC + GMM @ 5x] Acc: 0.6550, F1: 0.6318, Time: 0.59s
      -> [LogisticRegression + GMM @ 5x] Acc: 0.6981, F1: 0.6929, Time: 1.93s
      -> [RNN + GMM @ 5x] Acc: 0.5889, F1: 0.5156, Time: 2.74s
    [=== Generating 10x synthetic data with GMM ===]
      -> [KNN + GMM @ 10x] Acc: 0.8794, F1: 0.8804, Time: 0.47s
      -> [RandomForest + GMM @ 10x] Acc: 0.8657, F1: 0.8666, Time: 14.65s
      -> [LinearSVC + GMM @ 10x] Acc: 0.6519, F1: 0.6255, Time: 1.01s
      -> [LogisticRegression + GMM @ 10x] Acc: 0.6923, F1: 0.6876, Time: 2.11s
      -> [RNN + GMM @ 10x] Acc: 0.6222, F1: 0.6089, Time: 5.51s
    [=== Generating 2x synthetic data with HMM_GMM ===]
      -> [KNN + HMM_GMM @ 2x] Acc: 0.9061, F1: 0.9069, Time: 0.36s
      -> [RandomForest + HMM_GMM @ 2x] Acc: 0.8708, F1: 0.8707, Time: 3.08s
      -> [LinearSVC + HMM_GMM @ 2x] Acc: 0.5839, F1: 0.5487, Time: 0.19s
      -> [LogisticRegression + HMM_GMM @ 2x] Acc: 0.6094, F1: 0.6009, Time: 0.78s
      -> [RNN + HMM_GMM @ 2x] Acc: 0.4333, F1: 0.3145, Time: 1.11s
    [=== Generating 3x synthetic data with HMM_GMM ===]
      -> [KNN + HMM_GMM @ 3x] Acc: 0.9061, F1: 0.9069, Time: 0.39s
      -> [RandomForest + HMM_GMM @ 3x] Acc: 0.8686, F1: 0.8685, Time: 3.59s
      -> [LinearSVC + HMM_GMM @ 3x] Acc: 0.4847, F1: 0.4849, Time: 0.29s
      -> [LogisticRegression + HMM_GMM @ 3x] Acc: 0.5323, F1: 0.5430, Time: 1.14s
      -> [RNN + HMM_GMM @ 3x] Acc: 0.4333, F1: 0.3979, Time: 1.67s
    [=== Generating 5x synthetic data with HMM_GMM ===]
      -> [KNN + HMM_GMM @ 5x] Acc: 0.9061, F1: 0.9069, Time: 0.45s
      -> [RandomForest + HMM_GMM @ 5x] Acc: 0.8688, F1: 0.8691, Time: 4.55s
      -> [LinearSVC + HMM_GMM @ 5x] Acc: 0.5612, F1: 0.5266, Time: 0.57s
      -> [LogisticRegression + HMM_GMM @ 5x] Acc: 0.5883, F1: 0.5765, Time: 2.01s
      -> [RNN + HMM_GMM @ 5x] Acc: 0.4778, F1: 0.4292, Time: 2.92s
    [=== Generating 10x synthetic data with HMM_GMM ===]
      -> [KNN + HMM_GMM @ 10x] Acc: 0.8871, F1: 0.8880, Time: 0.46s
      -> [RandomForest + HMM_GMM @ 10x] Acc: 0.8511, F1: 0.8510, Time: 3.60s
      -> [LinearSVC + HMM_GMM @ 10x] Acc: 0.4126, F1: 0.4284, Time: 0.78s
      -> [LogisticRegression + HMM_GMM @ 10x] Acc: 0.4624, F1: 0.4826, Time: 2.02s
      -> [RNN + HMM_GMM @ 10x] Acc: 0.3778, F1: 0.2932, Time: 5.45s
    [=== Generating 2x synthetic data with TimeVAE ===]
      -> [KNN + TimeVAE @ 2x] Acc: 0.9074, F1: 0.9082, Time: 0.35s
      -> [RandomForest + TimeVAE @ 2x] Acc: 0.8886, F1: 0.8888, Time: 3.72s
      -> [LinearSVC + TimeVAE @ 2x] Acc: 0.6307, F1: 0.5929, Time: 0.24s
      -> [LogisticRegression + TimeVAE @ 2x] Acc: 0.6508, F1: 0.6364, Time: 0.81s
      -> [RNN + TimeVAE @ 2x] Acc: 0.3444, F1: 0.2428, Time: 1.11s
    [=== Generating 3x synthetic data with TimeVAE ===]
      -> [KNN + TimeVAE @ 3x] Acc: 0.9068, F1: 0.9076, Time: 0.37s
      -> [RandomForest + TimeVAE @ 3x] Acc: 0.8887, F1: 0.8888, Time: 5.47s
      -> [LinearSVC + TimeVAE @ 3x] Acc: 0.6136, F1: 0.5704, Time: 0.35s
      -> [LogisticRegression + TimeVAE @ 3x] Acc: 0.6331, F1: 0.6162, Time: 1.16s
      -> [RNN + TimeVAE @ 3x] Acc: 0.3889, F1: 0.3000, Time: 1.68s
    [=== Generating 5x synthetic data with TimeVAE ===]
      -> [KNN + TimeVAE @ 5x] Acc: 0.9062, F1: 0.9070, Time: 0.42s
      -> [RandomForest + TimeVAE @ 5x] Acc: 0.8936, F1: 0.8940, Time: 9.19s
      -> [LinearSVC + TimeVAE @ 5x] Acc: 0.5927, F1: 0.5459, Time: 0.58s
      -> [LogisticRegression + TimeVAE @ 5x] Acc: 0.6039, F1: 0.5801, Time: 1.97s
      -> [RNN + TimeVAE @ 5x] Acc: 0.5778, F1: 0.5228, Time: 2.88s
    [=== Generating 10x synthetic data with TimeVAE ===]
      -> [KNN + TimeVAE @ 10x] Acc: 0.8872, F1: 0.8881, Time: 0.45s
      -> [RandomForest + TimeVAE @ 10x] Acc: 0.8639, F1: 0.8641, Time: 9.59s
      -> [LinearSVC + TimeVAE @ 10x] Acc: 0.5783, F1: 0.5317, Time: 1.03s
      -> [LogisticRegression + TimeVAE @ 10x] Acc: 0.5831, F1: 0.5548, Time: 2.20s
      -> [RNN + TimeVAE @ 10x] Acc: 0.3111, F1: 0.2371, Time: 5.42s

    >> Seed Fold Selection: 9/10
    Evaluating Model: KNN
      -> [Baseline] Acc: 0.8926, F1: 0.8920, Time: 0.34s
      HP Tuning KNN...
n_iterations: 3
n_required_iterations: 3
n_possible_iterations: 5
min_resources_: 100
max_resources_: 20000
aggressive_elimination: False
factor: 3
----------
iter: 0
n_candidates: 20
n_resources: 100
Fitting 5 folds for each of 20 candidates, totalling 100 fits
----------
iter: 1
n_candidates: 7
n_resources: 300
Fitting 5 folds for each of 7 candidates, totalling 35 fits
----------
iter: 2
n_candidates: 3
n_resources: 900
Fitting 5 folds for each of 3 candidates, totalling 15 fits
      -> [Tuned_Baseline] Acc: 0.8981, F1: 0.8977, Time: 0.31s
    Evaluating Model: RandomForest
      -> [Baseline] Acc: 0.8604, F1: 0.8594, Time: 4.45s
      HP Tuning RandomForest...
n_iterations: 3
n_required_iterations: 3
n_possible_iterations: 5
min_resources_: 100
max_resources_: 20000
aggressive_elimination: False
factor: 3
----------
iter: 0
n_candidates: 20
n_resources: 100
Fitting 5 folds for each of 20 candidates, totalling 100 fits
----------
iter: 1
n_candidates: 7
n_resources: 300
Fitting 5 folds for each of 7 candidates, totalling 35 fits
----------
iter: 2
n_candidates: 3
n_resources: 900
Fitting 5 folds for each of 3 candidates, totalling 15 fits
      -> [Tuned_Baseline] Acc: 0.8601, F1: 0.8590, Time: 0.03s
    Evaluating Model: LinearSVC
      -> [Baseline] Acc: 0.7153, F1: 0.6972, Time: 0.13s
      HP Tuning LinearSVC...
n_iterations: 3
n_required_iterations: 3
n_possible_iterations: 5
min_resources_: 100
max_resources_: 20000
aggressive_elimination: False
factor: 3
----------
iter: 0
n_candidates: 20
n_resources: 100
Fitting 5 folds for each of 20 candidates, totalling 100 fits
----------
iter: 1
n_candidates: 7
n_resources: 300
Fitting 5 folds for each of 7 candidates, totalling 35 fits
----------
iter: 2
n_candidates: 3
n_resources: 900
Fitting 5 folds for each of 3 candidates, totalling 15 fits
      -> [Tuned_Baseline] Acc: 0.7139, F1: 0.6963, Time: 0.00s
    Evaluating Model: LogisticRegression
      -> [Baseline] Acc: 0.7268, F1: 0.7209, Time: 0.42s
      HP Tuning LogisticRegression...
n_iterations: 3
n_required_iterations: 3
n_possible_iterations: 5
min_resources_: 100
max_resources_: 20000
aggressive_elimination: False
factor: 3
----------
iter: 0
n_candidates: 12
n_resources: 100
Fitting 5 folds for each of 12 candidates, totalling 60 fits
----------
iter: 1
n_candidates: 4
n_resources: 300
Fitting 5 folds for each of 4 candidates, totalling 20 fits
----------
iter: 2
n_candidates: 2
n_resources: 900
Fitting 5 folds for each of 2 candidates, totalling 10 fits
      -> [Tuned_Baseline] Acc: 0.7343, F1: 0.7307, Time: 0.00s
    Evaluating Model: RNN
      -> [Baseline] Acc: 0.4889, F1: 0.3375, Time: 0.62s
      -> [Tuned_Baseline] Acc: 0.4889, F1: 0.3375, Time: 0.00s
    [=== Generating 2x synthetic data with Jittering ===]
      -> [KNN + Jittering @ 2x] Acc: 0.8973, F1: 0.8971, Time: 0.36s
      -> [RandomForest + Jittering @ 2x] Acc: 0.8728, F1: 0.8723, Time: 4.90s
      -> [LinearSVC + Jittering @ 2x] Acc: 0.7136, F1: 0.6963, Time: 0.24s
      -> [LogisticRegression + Jittering @ 2x] Acc: 0.7323, F1: 0.7284, Time: 0.78s
      -> [RNN + Jittering @ 2x] Acc: 0.3444, F1: 0.2831, Time: 1.11s
    [=== Generating 3x synthetic data with Jittering ===]
      -> [KNN + Jittering @ 3x] Acc: 0.8976, F1: 0.8972, Time: 0.38s
      -> [RandomForest + Jittering @ 3x] Acc: 0.8824, F1: 0.8819, Time: 7.66s
      -> [LinearSVC + Jittering @ 3x] Acc: 0.7131, F1: 0.6953, Time: 0.37s
      -> [LogisticRegression + Jittering @ 3x] Acc: 0.7328, F1: 0.7282, Time: 1.21s
      -> [RNN + Jittering @ 3x] Acc: 0.5778, F1: 0.5195, Time: 1.72s
    [=== Generating 5x synthetic data with Jittering ===]
      -> [KNN + Jittering @ 5x] Acc: 0.8976, F1: 0.8971, Time: 0.45s
      -> [RandomForest + Jittering @ 5x] Acc: 0.8849, F1: 0.8845, Time: 13.99s
      -> [LinearSVC + Jittering @ 5x] Acc: 0.7137, F1: 0.6958, Time: 0.74s
      -> [LogisticRegression + Jittering @ 5x] Acc: 0.7349, F1: 0.7296, Time: 1.94s
      -> [RNN + Jittering @ 5x] Acc: 0.6889, F1: 0.6582, Time: 2.75s
    [=== Generating 10x synthetic data with Jittering ===]
      -> [KNN + Jittering @ 10x] Acc: 0.8978, F1: 0.8975, Time: 0.46s
      -> [RandomForest + Jittering @ 10x] Acc: 0.8877, F1: 0.8872, Time: 14.20s
      -> [LinearSVC + Jittering @ 10x] Acc: 0.7129, F1: 0.6945, Time: 1.26s
      -> [LogisticRegression + Jittering @ 10x] Acc: 0.7353, F1: 0.7300, Time: 2.09s
      -> [RNN + Jittering @ 10x] Acc: 0.6778, F1: 0.6470, Time: 5.66s
    [=== Generating 2x synthetic data with Scaling ===]
      -> [KNN + Scaling @ 2x] Acc: 0.8936, F1: 0.8930, Time: 0.36s
      -> [RandomForest + Scaling @ 2x] Acc: 0.8620, F1: 0.8616, Time: 4.90s
      -> [LinearSVC + Scaling @ 2x] Acc: 0.6778, F1: 0.6576, Time: 0.22s
      -> [LogisticRegression + Scaling @ 2x] Acc: 0.7111, F1: 0.7055, Time: 0.77s
      -> [RNN + Scaling @ 2x] Acc: 0.2111, F1: 0.1089, Time: 1.11s
    [=== Generating 3x synthetic data with Scaling ===]
      -> [KNN + Scaling @ 3x] Acc: 0.8866, F1: 0.8861, Time: 0.39s
      -> [RandomForest + Scaling @ 3x] Acc: 0.8589, F1: 0.8579, Time: 7.89s
      -> [LinearSVC + Scaling @ 3x] Acc: 0.6576, F1: 0.6342, Time: 0.34s
      -> [LogisticRegression + Scaling @ 3x] Acc: 0.6951, F1: 0.6889, Time: 1.20s
      -> [RNN + Scaling @ 3x] Acc: 0.5556, F1: 0.4755, Time: 1.67s
    [=== Generating 5x synthetic data with Scaling ===]
      -> [KNN + Scaling @ 5x] Acc: 0.8891, F1: 0.8893, Time: 0.45s
      -> [RandomForest + Scaling @ 5x] Acc: 0.8716, F1: 0.8711, Time: 14.13s
      -> [LinearSVC + Scaling @ 5x] Acc: 0.6500, F1: 0.6270, Time: 0.55s
      -> [LogisticRegression + Scaling @ 5x] Acc: 0.6948, F1: 0.6897, Time: 1.91s
      -> [RNN + Scaling @ 5x] Acc: 0.5778, F1: 0.5057, Time: 2.86s
    [=== Generating 10x synthetic data with Scaling ===]
      -> [KNN + Scaling @ 10x] Acc: 0.8566, F1: 0.8564, Time: 0.47s
      -> [RandomForest + Scaling @ 10x] Acc: 0.8592, F1: 0.8588, Time: 14.26s
      -> [LinearSVC + Scaling @ 10x] Acc: 0.6471, F1: 0.6227, Time: 1.27s
      -> [LogisticRegression + Scaling @ 10x] Acc: 0.6911, F1: 0.6849, Time: 2.06s
      -> [RNN + Scaling @ 10x] Acc: 0.5778, F1: 0.5111, Time: 7.06s
    [=== Generating 2x synthetic data with Magnitude_Warping ===]
      -> [KNN + Magnitude_Warping @ 2x] Acc: 0.8843, F1: 0.8840, Time: 0.37s
      -> [RandomForest + Magnitude_Warping @ 2x] Acc: 0.8531, F1: 0.8515, Time: 5.13s
      -> [LinearSVC + Magnitude_Warping @ 2x] Acc: 0.6209, F1: 0.5870, Time: 0.21s
      -> [LogisticRegression + Magnitude_Warping @ 2x] Acc: 0.6769, F1: 0.6716, Time: 0.77s
      -> [RNN + Magnitude_Warping @ 2x] Acc: 0.4778, F1: 0.3902, Time: 1.11s
    [=== Generating 3x synthetic data with Magnitude_Warping ===]
      -> [KNN + Magnitude_Warping @ 3x] Acc: 0.8821, F1: 0.8821, Time: 0.39s
      -> [RandomForest + Magnitude_Warping @ 3x] Acc: 0.8578, F1: 0.8570, Time: 8.25s
      -> [LinearSVC + Magnitude_Warping @ 3x] Acc: 0.6139, F1: 0.5802, Time: 0.31s
      -> [LogisticRegression + Magnitude_Warping @ 3x] Acc: 0.6683, F1: 0.6628, Time: 1.14s
      -> [RNN + Magnitude_Warping @ 3x] Acc: 0.6222, F1: 0.5498, Time: 1.62s
    [=== Generating 5x synthetic data with Magnitude_Warping ===]
      -> [KNN + Magnitude_Warping @ 5x] Acc: 0.8758, F1: 0.8759, Time: 0.46s
      -> [RandomForest + Magnitude_Warping @ 5x] Acc: 0.8624, F1: 0.8613, Time: 14.82s
      -> [LinearSVC + Magnitude_Warping @ 5x] Acc: 0.5991, F1: 0.5615, Time: 0.66s
      -> [LogisticRegression + Magnitude_Warping @ 5x] Acc: 0.6589, F1: 0.6534, Time: 1.77s
      -> [RNN + Magnitude_Warping @ 5x] Acc: 0.6333, F1: 0.5721, Time: 2.80s
    [=== Generating 10x synthetic data with Magnitude_Warping ===]
      -> [KNN + Magnitude_Warping @ 10x] Acc: 0.8612, F1: 0.8607, Time: 0.49s
      -> [RandomForest + Magnitude_Warping @ 10x] Acc: 0.8532, F1: 0.8519, Time: 15.51s
      -> [LinearSVC + Magnitude_Warping @ 10x] Acc: 0.5982, F1: 0.5597, Time: 0.96s
      -> [LogisticRegression + Magnitude_Warping @ 10x] Acc: 0.6550, F1: 0.6487, Time: 1.64s
      -> [RNN + Magnitude_Warping @ 10x] Acc: 0.6333, F1: 0.5856, Time: 5.65s
    [=== Generating 2x synthetic data with Time_Warping ===]
      -> [KNN + Time_Warping @ 2x] Acc: 0.8924, F1: 0.8918, Time: 0.37s
      -> [RandomForest + Time_Warping @ 2x] Acc: 0.8502, F1: 0.8495, Time: 5.04s
      -> [LinearSVC + Time_Warping @ 2x] Acc: 0.4891, F1: 0.4283, Time: 0.19s
      -> [LogisticRegression + Time_Warping @ 2x] Acc: 0.5296, F1: 0.5114, Time: 0.24s
      -> [RNN + Time_Warping @ 2x] Acc: 0.5778, F1: 0.5012, Time: 1.11s
    [=== Generating 3x synthetic data with Time_Warping ===]
      -> [KNN + Time_Warping @ 3x] Acc: 0.8927, F1: 0.8924, Time: 0.41s
      -> [RandomForest + Time_Warping @ 3x] Acc: 0.8441, F1: 0.8432, Time: 8.27s
      -> [LinearSVC + Time_Warping @ 3x] Acc: 0.4438, F1: 0.3684, Time: 0.25s
      -> [LogisticRegression + Time_Warping @ 3x] Acc: 0.4612, F1: 0.4479, Time: 0.35s
      -> [RNN + Time_Warping @ 3x] Acc: 0.4222, F1: 0.3395, Time: 1.65s
    [=== Generating 5x synthetic data with Time_Warping ===]
      -> [KNN + Time_Warping @ 5x] Acc: 0.8843, F1: 0.8840, Time: 0.46s
      -> [RandomForest + Time_Warping @ 5x] Acc: 0.8329, F1: 0.8325, Time: 15.20s
      -> [LinearSVC + Time_Warping @ 5x] Acc: 0.4441, F1: 0.3807, Time: 0.46s
      -> [LogisticRegression + Time_Warping @ 5x] Acc: 0.4628, F1: 0.4509, Time: 0.47s
      -> [RNN + Time_Warping @ 5x] Acc: 0.5333, F1: 0.4441, Time: 2.83s
    [=== Generating 10x synthetic data with Time_Warping ===]
      -> [KNN + Time_Warping @ 10x] Acc: 0.8582, F1: 0.8580, Time: 0.49s
      -> [RandomForest + Time_Warping @ 10x] Acc: 0.8160, F1: 0.8153, Time: 15.71s
      -> [LinearSVC + Time_Warping @ 10x] Acc: 0.4440, F1: 0.3897, Time: 1.02s
      -> [LogisticRegression + Time_Warping @ 10x] Acc: 0.4738, F1: 0.4708, Time: 0.44s
      -> [RNN + Time_Warping @ 10x] Acc: 0.6667, F1: 0.6109, Time: 6.31s
    [=== Generating 2x synthetic data with SMOTE ===]
      -> [KNN + SMOTE @ 2x] Acc: 0.8968, F1: 0.8964, Time: 0.36s
      -> [RandomForest + SMOTE @ 2x] Acc: 0.8684, F1: 0.8677, Time: 4.62s
      -> [LinearSVC + SMOTE @ 2x] Acc: 0.7151, F1: 0.6962, Time: 0.26s
      -> [LogisticRegression + SMOTE @ 2x] Acc: 0.7369, F1: 0.7326, Time: 0.78s
      -> [RNN + SMOTE @ 2x] Acc: 0.5556, F1: 0.4847, Time: 1.11s
    [=== Generating 3x synthetic data with SMOTE ===]
      -> [KNN + SMOTE @ 3x] Acc: 0.9000, F1: 0.8997, Time: 0.38s
      -> [RandomForest + SMOTE @ 3x] Acc: 0.8662, F1: 0.8650, Time: 7.18s
      -> [LinearSVC + SMOTE @ 3x] Acc: 0.7113, F1: 0.6930, Time: 0.37s
      -> [LogisticRegression + SMOTE @ 3x] Acc: 0.7339, F1: 0.7298, Time: 1.15s
      -> [RNN + SMOTE @ 3x] Acc: 0.5333, F1: 0.4645, Time: 1.62s
    [=== Generating 5x synthetic data with SMOTE ===]
      -> [KNN + SMOTE @ 5x] Acc: 0.9038, F1: 0.9036, Time: 0.43s
      -> [RandomForest + SMOTE @ 5x] Acc: 0.8722, F1: 0.8710, Time: 13.01s
      -> [LinearSVC + SMOTE @ 5x] Acc: 0.7169, F1: 0.7012, Time: 0.62s
      -> [LogisticRegression + SMOTE @ 5x] Acc: 0.7297, F1: 0.7268, Time: 1.99s
      -> [RNN + SMOTE @ 5x] Acc: 0.5000, F1: 0.4373, Time: 2.73s
    [=== Generating 10x synthetic data with SMOTE ===]
      -> [KNN + SMOTE @ 10x] Acc: 0.8958, F1: 0.8952, Time: 0.45s
      -> [RandomForest + SMOTE @ 10x] Acc: 0.8667, F1: 0.8651, Time: 13.06s
      -> [LinearSVC + SMOTE @ 10x] Acc: 0.7159, F1: 0.6999, Time: 1.21s
      -> [LogisticRegression + SMOTE @ 10x] Acc: 0.7342, F1: 0.7302, Time: 2.21s
      -> [RNN + SMOTE @ 10x] Acc: 0.6111, F1: 0.5729, Time: 5.42s
    [=== Generating 2x synthetic data with ADASYN ===]
      [!] Failed generation with ADASYN at 2x: Not any neigbours belong to the majority class. This case will induce a NaN case with a division by zero. ADASYN is not suited for this specific dataset. Use SMOTE instead.
    [=== Generating 3x synthetic data with ADASYN ===]
      [!] Failed generation with ADASYN at 3x: Not any neigbours belong to the majority class. This case will induce a NaN case with a division by zero. ADASYN is not suited for this specific dataset. Use SMOTE instead.
    [=== Generating 5x synthetic data with ADASYN ===]
      [!] Failed generation with ADASYN at 5x: Not any neigbours belong to the majority class. This case will induce a NaN case with a division by zero. ADASYN is not suited for this specific dataset. Use SMOTE instead.
    [=== Generating 10x synthetic data with ADASYN ===]
      [!] Failed generation with ADASYN at 10x: Not any neigbours belong to the majority class. This case will induce a NaN case with a division by zero. ADASYN is not suited for this specific dataset. Use SMOTE instead.
    [=== Generating 2x synthetic data with Mixup ===]
      -> [KNN + Mixup @ 2x] Acc: 0.9027, F1: 0.9020, Time: 0.36s
      -> [RandomForest + Mixup @ 2x] Acc: 0.8703, F1: 0.8693, Time: 4.60s
      -> [LinearSVC + Mixup @ 2x] Acc: 0.7167, F1: 0.7000, Time: 0.25s
      -> [LogisticRegression + Mixup @ 2x] Acc: 0.7313, F1: 0.7283, Time: 0.77s
      -> [RNN + Mixup @ 2x] Acc: 0.5333, F1: 0.4824, Time: 1.12s
    [=== Generating 3x synthetic data with Mixup ===]
      -> [KNN + Mixup @ 3x] Acc: 0.8973, F1: 0.8969, Time: 0.38s
      -> [RandomForest + Mixup @ 3x] Acc: 0.8673, F1: 0.8659, Time: 7.19s
      -> [LinearSVC + Mixup @ 3x] Acc: 0.7123, F1: 0.6968, Time: 0.38s
      -> [LogisticRegression + Mixup @ 3x] Acc: 0.7321, F1: 0.7281, Time: 1.18s
      -> [RNN + Mixup @ 3x] Acc: 0.5889, F1: 0.5381, Time: 1.65s
    [=== Generating 5x synthetic data with Mixup ===]
      -> [KNN + Mixup @ 5x] Acc: 0.8962, F1: 0.8957, Time: 0.44s
      -> [RandomForest + Mixup @ 5x] Acc: 0.8651, F1: 0.8640, Time: 12.60s
      -> [LinearSVC + Mixup @ 5x] Acc: 0.7121, F1: 0.6929, Time: 0.63s
      -> [LogisticRegression + Mixup @ 5x] Acc: 0.7314, F1: 0.7268, Time: 1.94s
      -> [RNN + Mixup @ 5x] Acc: 0.5778, F1: 0.5017, Time: 2.78s
    [=== Generating 10x synthetic data with Mixup ===]
      -> [KNN + Mixup @ 10x] Acc: 0.9040, F1: 0.9037, Time: 0.45s
      -> [RandomForest + Mixup @ 10x] Acc: 0.8670, F1: 0.8656, Time: 13.29s
      -> [LinearSVC + Mixup @ 10x] Acc: 0.7098, F1: 0.6910, Time: 1.14s
      -> [LogisticRegression + Mixup @ 10x] Acc: 0.7303, F1: 0.7266, Time: 2.08s
      -> [RNN + Mixup @ 10x] Acc: 0.6222, F1: 0.5946, Time: 5.47s
    [=== Generating 2x synthetic data with GMM ===]
      -> [KNN + GMM @ 2x] Acc: 0.8927, F1: 0.8920, Time: 0.37s
      -> [RandomForest + GMM @ 2x] Acc: 0.8649, F1: 0.8638, Time: 5.03s
      -> [LinearSVC + GMM @ 2x] Acc: 0.6841, F1: 0.6634, Time: 0.24s
      -> [LogisticRegression + GMM @ 2x] Acc: 0.7226, F1: 0.7159, Time: 0.76s
      -> [RNN + GMM @ 2x] Acc: 0.3889, F1: 0.2981, Time: 1.10s
    [=== Generating 3x synthetic data with GMM ===]
      -> [KNN + GMM @ 3x] Acc: 0.8838, F1: 0.8829, Time: 0.39s
      -> [RandomForest + GMM @ 3x] Acc: 0.8603, F1: 0.8592, Time: 7.91s
      -> [LinearSVC + GMM @ 3x] Acc: 0.6803, F1: 0.6602, Time: 0.36s
      -> [LogisticRegression + GMM @ 3x] Acc: 0.7214, F1: 0.7144, Time: 1.23s
      -> [RNN + GMM @ 3x] Acc: 0.5000, F1: 0.4336, Time: 1.72s
    [=== Generating 5x synthetic data with GMM ===]
      -> [KNN + GMM @ 5x] Acc: 0.8830, F1: 0.8820, Time: 0.46s
      -> [RandomForest + GMM @ 5x] Acc: 0.8588, F1: 0.8578, Time: 14.25s
      -> [LinearSVC + GMM @ 5x] Acc: 0.6724, F1: 0.6532, Time: 0.60s
      -> [LogisticRegression + GMM @ 5x] Acc: 0.7163, F1: 0.7095, Time: 1.90s
      -> [RNN + GMM @ 5x] Acc: 0.6667, F1: 0.6218, Time: 2.70s
    [=== Generating 10x synthetic data with GMM ===]
      -> [KNN + GMM @ 10x] Acc: 0.8757, F1: 0.8745, Time: 0.48s
      -> [RandomForest + GMM @ 10x] Acc: 0.8470, F1: 0.8458, Time: 14.85s
      -> [LinearSVC + GMM @ 10x] Acc: 0.6712, F1: 0.6515, Time: 1.04s
      -> [LogisticRegression + GMM @ 10x] Acc: 0.7112, F1: 0.7050, Time: 2.08s
      -> [RNN + GMM @ 10x] Acc: 0.6333, F1: 0.6007, Time: 5.50s
    [=== Generating 2x synthetic data with HMM_GMM ===]
      -> [KNN + HMM_GMM @ 2x] Acc: 0.8960, F1: 0.8955, Time: 0.37s
      -> [RandomForest + HMM_GMM @ 2x] Acc: 0.8571, F1: 0.8560, Time: 3.06s
      -> [LinearSVC + HMM_GMM @ 2x] Acc: 0.5224, F1: 0.5006, Time: 0.19s
      -> [LogisticRegression + HMM_GMM @ 2x] Acc: 0.5643, F1: 0.5631, Time: 0.79s
      -> [RNN + HMM_GMM @ 2x] Acc: 0.5333, F1: 0.4659, Time: 1.11s
    [=== Generating 3x synthetic data with HMM_GMM ===]
      -> [KNN + HMM_GMM @ 3x] Acc: 0.8961, F1: 0.8957, Time: 0.39s
      -> [RandomForest + HMM_GMM @ 3x] Acc: 0.8581, F1: 0.8568, Time: 3.58s
      -> [LinearSVC + HMM_GMM @ 3x] Acc: 0.4968, F1: 0.4857, Time: 0.29s
      -> [LogisticRegression + HMM_GMM @ 3x] Acc: 0.5162, F1: 0.5157, Time: 1.10s
      -> [RNN + HMM_GMM @ 3x] Acc: 0.4111, F1: 0.2523, Time: 1.63s
    [=== Generating 5x synthetic data with HMM_GMM ===]
      -> [KNN + HMM_GMM @ 5x] Acc: 0.8960, F1: 0.8955, Time: 0.44s
      -> [RandomForest + HMM_GMM @ 5x] Acc: 0.8590, F1: 0.8578, Time: 4.53s
      -> [LinearSVC + HMM_GMM @ 5x] Acc: 0.4767, F1: 0.4769, Time: 0.48s
      -> [LogisticRegression + HMM_GMM @ 5x] Acc: 0.4920, F1: 0.4970, Time: 1.73s
      -> [RNN + HMM_GMM @ 5x] Acc: 0.4667, F1: 0.3978, Time: 2.75s
    [=== Generating 10x synthetic data with HMM_GMM ===]
      -> [KNN + HMM_GMM @ 10x] Acc: 0.8784, F1: 0.8779, Time: 0.46s
      -> [RandomForest + HMM_GMM @ 10x] Acc: 0.8486, F1: 0.8477, Time: 3.59s
      -> [LinearSVC + HMM_GMM @ 10x] Acc: 0.4666, F1: 0.4774, Time: 0.83s
      -> [LogisticRegression + HMM_GMM @ 10x] Acc: 0.4723, F1: 0.4804, Time: 1.79s
      -> [RNN + HMM_GMM @ 10x] Acc: 0.2889, F1: 0.2330, Time: 5.37s
    [=== Generating 2x synthetic data with TimeVAE ===]
      -> [KNN + TimeVAE @ 2x] Acc: 0.8970, F1: 0.8965, Time: 0.35s
      -> [RandomForest + TimeVAE @ 2x] Acc: 0.8608, F1: 0.8591, Time: 3.65s
      -> [LinearSVC + TimeVAE @ 2x] Acc: 0.6418, F1: 0.6032, Time: 0.24s
      -> [LogisticRegression + TimeVAE @ 2x] Acc: 0.6708, F1: 0.6561, Time: 0.83s
      -> [RNN + TimeVAE @ 2x] Acc: 0.3556, F1: 0.2427, Time: 1.22s
    [=== Generating 3x synthetic data with TimeVAE ===]
      -> [KNN + TimeVAE @ 3x] Acc: 0.8967, F1: 0.8962, Time: 0.38s
      -> [RandomForest + TimeVAE @ 3x] Acc: 0.8597, F1: 0.8581, Time: 5.39s
      -> [LinearSVC + TimeVAE @ 3x] Acc: 0.6138, F1: 0.5718, Time: 0.36s
      -> [LogisticRegression + TimeVAE @ 3x] Acc: 0.6544, F1: 0.6407, Time: 1.16s
      -> [RNN + TimeVAE @ 3x] Acc: 0.4667, F1: 0.3746, Time: 1.68s
    [=== Generating 5x synthetic data with TimeVAE ===]
      -> [KNN + TimeVAE @ 5x] Acc: 0.8961, F1: 0.8956, Time: 0.42s
      -> [RandomForest + TimeVAE @ 5x] Acc: 0.8633, F1: 0.8620, Time: 9.15s
      -> [LinearSVC + TimeVAE @ 5x] Acc: 0.5954, F1: 0.5526, Time: 0.81s
      -> [LogisticRegression + TimeVAE @ 5x] Acc: 0.6160, F1: 0.5949, Time: 1.88s
      -> [RNN + TimeVAE @ 5x] Acc: 0.2222, F1: 0.1009, Time: 2.73s
    [=== Generating 10x synthetic data with TimeVAE ===]
      -> [KNN + TimeVAE @ 10x] Acc: 0.8798, F1: 0.8790, Time: 0.44s
      -> [RandomForest + TimeVAE @ 10x] Acc: 0.8483, F1: 0.8464, Time: 9.64s
      -> [LinearSVC + TimeVAE @ 10x] Acc: 0.5598, F1: 0.5184, Time: 1.30s
      -> [LogisticRegression + TimeVAE @ 10x] Acc: 0.5764, F1: 0.5539, Time: 2.10s
      -> [RNN + TimeVAE @ 10x] Acc: 0.2778, F1: 0.1662, Time: 5.53s

    >> Seed Fold Selection: 10/10
    Evaluating Model: KNN
      -> [Baseline] Acc: 0.8939, F1: 0.8941, Time: 0.34s
      HP Tuning KNN...
n_iterations: 3
n_required_iterations: 3
n_possible_iterations: 5
min_resources_: 100
max_resources_: 20000
aggressive_elimination: False
factor: 3
----------
iter: 0
n_candidates: 20
n_resources: 100
Fitting 5 folds for each of 20 candidates, totalling 100 fits
----------
iter: 1
n_candidates: 7
n_resources: 300
Fitting 5 folds for each of 7 candidates, totalling 35 fits
----------
iter: 2
n_candidates: 3
n_resources: 900
Fitting 5 folds for each of 3 candidates, totalling 15 fits
      -> [Tuned_Baseline] Acc: 0.9017, F1: 0.9018, Time: 0.32s
    Evaluating Model: RandomForest
      -> [Baseline] Acc: 0.8597, F1: 0.8593, Time: 4.53s
      HP Tuning RandomForest...
n_iterations: 3
n_required_iterations: 3
n_possible_iterations: 5
min_resources_: 100
max_resources_: 20000
aggressive_elimination: False
factor: 3
----------
iter: 0
n_candidates: 20
n_resources: 100
Fitting 5 folds for each of 20 candidates, totalling 100 fits
----------
iter: 1
n_candidates: 7
n_resources: 300
Fitting 5 folds for each of 7 candidates, totalling 35 fits
----------
iter: 2
n_candidates: 3
n_resources: 900
Fitting 5 folds for each of 3 candidates, totalling 15 fits
      -> [Tuned_Baseline] Acc: 0.8594, F1: 0.8592, Time: 0.06s
    Evaluating Model: LinearSVC
      -> [Baseline] Acc: 0.7089, F1: 0.6933, Time: 0.12s
      HP Tuning LinearSVC...
n_iterations: 3
n_required_iterations: 3
n_possible_iterations: 5
min_resources_: 100
max_resources_: 20000
aggressive_elimination: False
factor: 3
----------
iter: 0
n_candidates: 20
n_resources: 100
Fitting 5 folds for each of 20 candidates, totalling 100 fits
----------
iter: 1
n_candidates: 7
n_resources: 300
Fitting 5 folds for each of 7 candidates, totalling 35 fits
----------
iter: 2
n_candidates: 3
n_resources: 900
Fitting 5 folds for each of 3 candidates, totalling 15 fits
      -> [Tuned_Baseline] Acc: 0.7076, F1: 0.6933, Time: 0.00s
    Evaluating Model: LogisticRegression
      -> [Baseline] Acc: 0.7223, F1: 0.7153, Time: 0.40s
      HP Tuning LogisticRegression...
n_iterations: 3
n_required_iterations: 3
n_possible_iterations: 5
min_resources_: 100
max_resources_: 20000
aggressive_elimination: False
factor: 3
----------
iter: 0
n_candidates: 12
n_resources: 100
Fitting 5 folds for each of 12 candidates, totalling 60 fits
----------
iter: 1
n_candidates: 4
n_resources: 300
Fitting 5 folds for each of 4 candidates, totalling 20 fits
----------
iter: 2
n_candidates: 2
n_resources: 900
Fitting 5 folds for each of 2 candidates, totalling 10 fits
      -> [Tuned_Baseline] Acc: 0.7291, F1: 0.7238, Time: 0.00s
    Evaluating Model: RNN
      -> [Baseline] Acc: 0.4444, F1: 0.3443, Time: 0.60s
      -> [Tuned_Baseline] Acc: 0.4444, F1: 0.3443, Time: 0.00s
    [=== Generating 2x synthetic data with Jittering ===]
      -> [KNN + Jittering @ 2x] Acc: 0.9033, F1: 0.9034, Time: 0.36s
      -> [RandomForest + Jittering @ 2x] Acc: 0.8767, F1: 0.8766, Time: 9.81s
      -> [LinearSVC + Jittering @ 2x] Acc: 0.7072, F1: 0.6914, Time: 0.25s
      -> [LogisticRegression + Jittering @ 2x] Acc: 0.7300, F1: 0.7238, Time: 0.77s
      -> [RNN + Jittering @ 2x] Acc: 0.5556, F1: 0.4564, Time: 1.19s
    [=== Generating 3x synthetic data with Jittering ===]
      -> [KNN + Jittering @ 3x] Acc: 0.9046, F1: 0.9047, Time: 0.39s
      -> [RandomForest + Jittering @ 3x] Acc: 0.8860, F1: 0.8860, Time: 15.47s
      -> [LinearSVC + Jittering @ 3x] Acc: 0.7069, F1: 0.6906, Time: 0.36s
      -> [LogisticRegression + Jittering @ 3x] Acc: 0.7296, F1: 0.7232, Time: 1.16s
      -> [RNN + Jittering @ 3x] Acc: 0.6444, F1: 0.6121, Time: 1.62s
    [=== Generating 5x synthetic data with Jittering ===]
      -> [KNN + Jittering @ 5x] Acc: 0.9058, F1: 0.9058, Time: 0.44s
      -> [RandomForest + Jittering @ 5x] Acc: 0.8852, F1: 0.8854, Time: 26.77s
      -> [LinearSVC + Jittering @ 5x] Acc: 0.7066, F1: 0.6898, Time: 0.71s
      -> [LogisticRegression + Jittering @ 5x] Acc: 0.7297, F1: 0.7230, Time: 2.00s
      -> [RNN + Jittering @ 5x] Acc: 0.6000, F1: 0.5264, Time: 2.99s
    [=== Generating 10x synthetic data with Jittering ===]
      -> [KNN + Jittering @ 10x] Acc: 0.8996, F1: 0.8997, Time: 0.46s
      -> [RandomForest + Jittering @ 10x] Acc: 0.8872, F1: 0.8874, Time: 27.34s
      -> [LinearSVC + Jittering @ 10x] Acc: 0.7080, F1: 0.6918, Time: 1.20s
      -> [LogisticRegression + Jittering @ 10x] Acc: 0.7289, F1: 0.7220, Time: 2.07s
      -> [RNN + Jittering @ 10x] Acc: 0.7556, F1: 0.7523, Time: 5.78s
    [=== Generating 2x synthetic data with Scaling ===]
      -> [KNN + Scaling @ 2x] Acc: 0.8946, F1: 0.8947, Time: 0.37s
      -> [RandomForest + Scaling @ 2x] Acc: 0.8740, F1: 0.8743, Time: 9.61s
      -> [LinearSVC + Scaling @ 2x] Acc: 0.6654, F1: 0.6425, Time: 0.23s
      -> [LogisticRegression + Scaling @ 2x] Acc: 0.7151, F1: 0.7096, Time: 0.77s
      -> [RNN + Scaling @ 2x] Acc: 0.5444, F1: 0.4373, Time: 1.11s
    [=== Generating 3x synthetic data with Scaling ===]
      -> [KNN + Scaling @ 3x] Acc: 0.8979, F1: 0.8978, Time: 0.39s
      -> [RandomForest + Scaling @ 3x] Acc: 0.8672, F1: 0.8676, Time: 15.01s
      -> [LinearSVC + Scaling @ 3x] Acc: 0.6531, F1: 0.6266, Time: 0.33s
      -> [LogisticRegression + Scaling @ 3x] Acc: 0.6900, F1: 0.6814, Time: 1.17s
      -> [RNN + Scaling @ 3x] Acc: 0.4556, F1: 0.3402, Time: 1.63s
    [=== Generating 5x synthetic data with Scaling ===]
      -> [KNN + Scaling @ 5x] Acc: 0.8812, F1: 0.8813, Time: 0.45s
      -> [RandomForest + Scaling @ 5x] Acc: 0.8499, F1: 0.8503, Time: 26.91s
      -> [LinearSVC + Scaling @ 5x] Acc: 0.6491, F1: 0.6226, Time: 0.56s
      -> [LogisticRegression + Scaling @ 5x] Acc: 0.6923, F1: 0.6854, Time: 1.95s
      -> [RNN + Scaling @ 5x] Acc: 0.6222, F1: 0.5658, Time: 2.82s
    [=== Generating 10x synthetic data with Scaling ===]
      -> [KNN + Scaling @ 10x] Acc: 0.8673, F1: 0.8672, Time: 0.49s
      -> [RandomForest + Scaling @ 10x] Acc: 0.8481, F1: 0.8482, Time: 28.24s
      -> [LinearSVC + Scaling @ 10x] Acc: 0.6454, F1: 0.6166, Time: 0.93s
      -> [LogisticRegression + Scaling @ 10x] Acc: 0.6946, F1: 0.6879, Time: 2.09s
      -> [RNN + Scaling @ 10x] Acc: 0.6444, F1: 0.5955, Time: 5.65s
    [=== Generating 2x synthetic data with Magnitude_Warping ===]
      -> [KNN + Magnitude_Warping @ 2x] Acc: 0.8872, F1: 0.8872, Time: 0.37s
      -> [RandomForest + Magnitude_Warping @ 2x] Acc: 0.8598, F1: 0.8597, Time: 10.09s
      -> [LinearSVC + Magnitude_Warping @ 2x] Acc: 0.6239, F1: 0.5849, Time: 0.20s
      -> [LogisticRegression + Magnitude_Warping @ 2x] Acc: 0.6756, F1: 0.6677, Time: 0.77s
      -> [RNN + Magnitude_Warping @ 2x] Acc: 0.3333, F1: 0.2055, Time: 1.11s
    [=== Generating 3x synthetic data with Magnitude_Warping ===]
      -> [KNN + Magnitude_Warping @ 3x] Acc: 0.8950, F1: 0.8952, Time: 0.39s
      -> [RandomForest + Magnitude_Warping @ 3x] Acc: 0.8479, F1: 0.8480, Time: 15.85s
      -> [LinearSVC + Magnitude_Warping @ 3x] Acc: 0.6134, F1: 0.5728, Time: 0.32s
      -> [LogisticRegression + Magnitude_Warping @ 3x] Acc: 0.6620, F1: 0.6527, Time: 1.14s
      -> [RNN + Magnitude_Warping @ 3x] Acc: 0.4889, F1: 0.3842, Time: 1.69s
    [=== Generating 5x synthetic data with Magnitude_Warping ===]
      -> [KNN + Magnitude_Warping @ 5x] Acc: 0.8766, F1: 0.8761, Time: 0.46s
      -> [RandomForest + Magnitude_Warping @ 5x] Acc: 0.8453, F1: 0.8448, Time: 28.40s
      -> [LinearSVC + Magnitude_Warping @ 5x] Acc: 0.6007, F1: 0.5572, Time: 0.54s
      -> [LogisticRegression + Magnitude_Warping @ 5x] Acc: 0.6542, F1: 0.6444, Time: 1.78s
      -> [RNN + Magnitude_Warping @ 5x] Acc: 0.5667, F1: 0.4952, Time: 2.92s
    [=== Generating 10x synthetic data with Magnitude_Warping ===]
      -> [KNN + Magnitude_Warping @ 10x] Acc: 0.8560, F1: 0.8556, Time: 0.49s
      -> [RandomForest + Magnitude_Warping @ 10x] Acc: 0.8337, F1: 0.8345, Time: 29.48s
      -> [LinearSVC + Magnitude_Warping @ 10x] Acc: 0.6030, F1: 0.5597, Time: 1.23s
      -> [LogisticRegression + Magnitude_Warping @ 10x] Acc: 0.6520, F1: 0.6419, Time: 1.66s
      -> [RNN + Magnitude_Warping @ 10x] Acc: 0.6889, F1: 0.6436, Time: 5.46s
    [=== Generating 2x synthetic data with Time_Warping ===]
      -> [KNN + Time_Warping @ 2x] Acc: 0.8994, F1: 0.8996, Time: 0.37s
      -> [RandomForest + Time_Warping @ 2x] Acc: 0.8459, F1: 0.8459, Time: 10.08s
      -> [LinearSVC + Time_Warping @ 2x] Acc: 0.4928, F1: 0.4366, Time: 0.18s
      -> [LogisticRegression + Time_Warping @ 2x] Acc: 0.5523, F1: 0.5283, Time: 0.24s
      -> [RNN + Time_Warping @ 2x] Acc: 0.6444, F1: 0.5915, Time: 1.11s
    [=== Generating 3x synthetic data with Time_Warping ===]
      -> [KNN + Time_Warping @ 3x] Acc: 0.8986, F1: 0.8989, Time: 0.41s
      -> [RandomForest + Time_Warping @ 3x] Acc: 0.8290, F1: 0.8289, Time: 16.03s
      -> [LinearSVC + Time_Warping @ 3x] Acc: 0.4393, F1: 0.3655, Time: 0.25s
      -> [LogisticRegression + Time_Warping @ 3x] Acc: 0.4937, F1: 0.4731, Time: 0.31s
      -> [RNN + Time_Warping @ 3x] Acc: 0.5111, F1: 0.3940, Time: 1.62s
    [=== Generating 5x synthetic data with Time_Warping ===]
      -> [KNN + Time_Warping @ 5x] Acc: 0.8886, F1: 0.8886, Time: 0.47s
      -> [RandomForest + Time_Warping @ 5x] Acc: 0.8080, F1: 0.8079, Time: 28.49s
      -> [LinearSVC + Time_Warping @ 5x] Acc: 0.4340, F1: 0.3743, Time: 0.42s
      -> [LogisticRegression + Time_Warping @ 5x] Acc: 0.4906, F1: 0.4745, Time: 0.45s
      -> [RNN + Time_Warping @ 5x] Acc: 0.5222, F1: 0.4247, Time: 2.79s
    [=== Generating 10x synthetic data with Time_Warping ===]
      -> [KNN + Time_Warping @ 10x] Acc: 0.8663, F1: 0.8666, Time: 0.49s
      -> [RandomForest + Time_Warping @ 10x] Acc: 0.7516, F1: 0.7512, Time: 29.54s
      -> [LinearSVC + Time_Warping @ 10x] Acc: 0.4274, F1: 0.3748, Time: 0.86s
      -> [LogisticRegression + Time_Warping @ 10x] Acc: 0.4869, F1: 0.4786, Time: 0.46s
      -> [RNN + Time_Warping @ 10x] Acc: 0.6444, F1: 0.5862, Time: 6.38s
    [=== Generating 2x synthetic data with SMOTE ===]
      -> [KNN + SMOTE @ 2x] Acc: 0.9052, F1: 0.9054, Time: 0.36s
      -> [RandomForest + SMOTE @ 2x] Acc: 0.8680, F1: 0.8678, Time: 9.34s
      -> [LinearSVC + SMOTE @ 2x] Acc: 0.7126, F1: 0.6987, Time: 0.25s
      -> [LogisticRegression + SMOTE @ 2x] Acc: 0.7240, F1: 0.7178, Time: 0.79s
      -> [RNN + SMOTE @ 2x] Acc: 0.4000, F1: 0.2827, Time: 1.21s
    [=== Generating 3x synthetic data with SMOTE ===]
      -> [KNN + SMOTE @ 3x] Acc: 0.9134, F1: 0.9136, Time: 0.38s
      -> [RandomForest + SMOTE @ 3x] Acc: 0.8704, F1: 0.8704, Time: 14.64s
      -> [LinearSVC + SMOTE @ 3x] Acc: 0.7126, F1: 0.7027, Time: 0.36s
      -> [LogisticRegression + SMOTE @ 3x] Acc: 0.7217, F1: 0.7161, Time: 1.14s
      -> [RNN + SMOTE @ 3x] Acc: 0.6222, F1: 0.5679, Time: 1.63s
    [=== Generating 5x synthetic data with SMOTE ===]
      -> [KNN + SMOTE @ 5x] Acc: 0.9036, F1: 0.9035, Time: 0.44s
      -> [RandomForest + SMOTE @ 5x] Acc: 0.8616, F1: 0.8612, Time: 25.54s
      -> [LinearSVC + SMOTE @ 5x] Acc: 0.7078, F1: 0.6937, Time: 0.62s
      -> [LogisticRegression + SMOTE @ 5x] Acc: 0.7247, F1: 0.7186, Time: 1.90s
      -> [RNN + SMOTE @ 5x] Acc: 0.4444, F1: 0.3483, Time: 2.75s
    [=== Generating 10x synthetic data with SMOTE ===]
      -> [KNN + SMOTE @ 10x] Acc: 0.9137, F1: 0.9140, Time: 0.45s
      -> [RandomForest + SMOTE @ 10x] Acc: 0.8658, F1: 0.8657, Time: 26.30s
      -> [LinearSVC + SMOTE @ 10x] Acc: 0.7110, F1: 0.6973, Time: 1.12s
      -> [LogisticRegression + SMOTE @ 10x] Acc: 0.7278, F1: 0.7217, Time: 2.04s
      -> [RNN + SMOTE @ 10x] Acc: 0.6889, F1: 0.6614, Time: 5.66s
    [=== Generating 2x synthetic data with ADASYN ===]
      -> [KNN + ADASYN @ 2x] Acc: 0.9094, F1: 0.9096, Time: 0.36s
      -> [RandomForest + ADASYN @ 2x] Acc: 0.8697, F1: 0.8697, Time: 9.46s
      -> [LinearSVC + ADASYN @ 2x] Acc: 0.7132, F1: 0.6953, Time: 0.25s
      -> [LogisticRegression + ADASYN @ 2x] Acc: 0.7303, F1: 0.7229, Time: 0.78s
      -> [RNN + ADASYN @ 2x] Acc: 0.3667, F1: 0.2328, Time: 1.21s
    [=== Generating 3x synthetic data with ADASYN ===]
      -> [KNN + ADASYN @ 3x] Acc: 0.9073, F1: 0.9076, Time: 0.38s
      -> [RandomForest + ADASYN @ 3x] Acc: 0.8716, F1: 0.8711, Time: 13.90s
      -> [LinearSVC + ADASYN @ 3x] Acc: 0.7052, F1: 0.6856, Time: 0.35s
      -> [LogisticRegression + ADASYN @ 3x] Acc: 0.7187, F1: 0.7109, Time: 1.11s
      -> [RNN + ADASYN @ 3x] Acc: 0.5333, F1: 0.4384, Time: 1.83s
    [=== Generating 5x synthetic data with ADASYN ===]
      -> [KNN + ADASYN @ 5x] Acc: 0.9060, F1: 0.9061, Time: 0.44s
      -> [RandomForest + ADASYN @ 5x] Acc: 0.8740, F1: 0.8735, Time: 24.74s
      -> [LinearSVC + ADASYN @ 5x] Acc: 0.7056, F1: 0.6869, Time: 0.60s
      -> [LogisticRegression + ADASYN @ 5x] Acc: 0.7278, F1: 0.7205, Time: 1.96s
      -> [RNN + ADASYN @ 5x] Acc: 0.5111, F1: 0.4358, Time: 2.79s
    [=== Generating 10x synthetic data with ADASYN ===]
      -> [KNN + ADASYN @ 10x] Acc: 0.9066, F1: 0.9066, Time: 0.45s
      -> [RandomForest + ADASYN @ 10x] Acc: 0.8693, F1: 0.8688, Time: 25.49s
      -> [LinearSVC + ADASYN @ 10x] Acc: 0.6833, F1: 0.6592, Time: 1.12s
      -> [LogisticRegression + ADASYN @ 10x] Acc: 0.7174, F1: 0.7102, Time: 2.05s
      -> [RNN + ADASYN @ 10x] Acc: 0.6889, F1: 0.6605, Time: 5.36s
    [=== Generating 2x synthetic data with Mixup ===]
      -> [KNN + Mixup @ 2x] Acc: 0.8989, F1: 0.8990, Time: 0.36s
      -> [RandomForest + Mixup @ 2x] Acc: 0.8630, F1: 0.8630, Time: 9.17s
      -> [LinearSVC + Mixup @ 2x] Acc: 0.7059, F1: 0.6907, Time: 0.24s
      -> [LogisticRegression + Mixup @ 2x] Acc: 0.7311, F1: 0.7265, Time: 0.76s
      -> [RNN + Mixup @ 2x] Acc: 0.4889, F1: 0.3913, Time: 1.11s
    [=== Generating 3x synthetic data with Mixup ===]
      -> [KNN + Mixup @ 3x] Acc: 0.9002, F1: 0.9003, Time: 0.38s
      -> [RandomForest + Mixup @ 3x] Acc: 0.8656, F1: 0.8653, Time: 14.14s
      -> [LinearSVC + Mixup @ 3x] Acc: 0.6950, F1: 0.6785, Time: 0.36s
      -> [LogisticRegression + Mixup @ 3x] Acc: 0.7280, F1: 0.7215, Time: 1.12s
      -> [RNN + Mixup @ 3x] Acc: 0.6444, F1: 0.5945, Time: 1.63s
    [=== Generating 5x synthetic data with Mixup ===]
      -> [KNN + Mixup @ 5x] Acc: 0.9106, F1: 0.9108, Time: 0.44s
      -> [RandomForest + Mixup @ 5x] Acc: 0.8772, F1: 0.8773, Time: 24.25s
      -> [LinearSVC + Mixup @ 5x] Acc: 0.7063, F1: 0.6910, Time: 0.67s
      -> [LogisticRegression + Mixup @ 5x] Acc: 0.7271, F1: 0.7224, Time: 1.90s
      -> [RNN + Mixup @ 5x] Acc: 0.5889, F1: 0.5145, Time: 2.77s
    [=== Generating 10x synthetic data with Mixup ===]
      -> [KNN + Mixup @ 10x] Acc: 0.9103, F1: 0.9106, Time: 0.46s
      -> [RandomForest + Mixup @ 10x] Acc: 0.8727, F1: 0.8725, Time: 25.87s
      -> [LinearSVC + Mixup @ 10x] Acc: 0.7042, F1: 0.6892, Time: 1.12s
      -> [LogisticRegression + Mixup @ 10x] Acc: 0.7182, F1: 0.7120, Time: 2.08s
      -> [RNN + Mixup @ 10x] Acc: 0.6444, F1: 0.6318, Time: 5.34s
    [=== Generating 2x synthetic data with GMM ===]
      -> [KNN + GMM @ 2x] Acc: 0.8912, F1: 0.8912, Time: 0.37s
      -> [RandomForest + GMM @ 2x] Acc: 0.8640, F1: 0.8642, Time: 9.98s
      -> [LinearSVC + GMM @ 2x] Acc: 0.6700, F1: 0.6430, Time: 0.23s
      -> [LogisticRegression + GMM @ 2x] Acc: 0.7188, F1: 0.7111, Time: 0.76s
      -> [RNN + GMM @ 2x] Acc: 0.5333, F1: 0.4514, Time: 1.09s
    [=== Generating 3x synthetic data with GMM ===]
      -> [KNN + GMM @ 3x] Acc: 0.8897, F1: 0.8899, Time: 0.39s
      -> [RandomForest + GMM @ 3x] Acc: 0.8573, F1: 0.8576, Time: 15.66s
      -> [LinearSVC + GMM @ 3x] Acc: 0.6677, F1: 0.6419, Time: 0.35s
      -> [LogisticRegression + GMM @ 3x] Acc: 0.7131, F1: 0.7059, Time: 1.14s
      -> [RNN + GMM @ 3x] Acc: 0.6000, F1: 0.5346, Time: 1.66s
    [=== Generating 5x synthetic data with GMM ===]
      -> [KNN + GMM @ 5x] Acc: 0.8854, F1: 0.8858, Time: 0.45s
      -> [RandomForest + GMM @ 5x] Acc: 0.8544, F1: 0.8554, Time: 29.13s
      -> [LinearSVC + GMM @ 5x] Acc: 0.6656, F1: 0.6400, Time: 0.58s
      -> [LogisticRegression + GMM @ 5x] Acc: 0.7061, F1: 0.6983, Time: 1.92s
      -> [RNN + GMM @ 5x] Acc: 0.6222, F1: 0.5799, Time: 2.83s
    [=== Generating 10x synthetic data with GMM ===]
      -> [KNN + GMM @ 10x] Acc: 0.8807, F1: 0.8808, Time: 0.48s
      -> [RandomForest + GMM @ 10x] Acc: 0.8489, F1: 0.8495, Time: 28.35s
      -> [LinearSVC + GMM @ 10x] Acc: 0.6624, F1: 0.6376, Time: 1.21s
      -> [LogisticRegression + GMM @ 10x] Acc: 0.7066, F1: 0.6991, Time: 2.05s
      -> [RNN + GMM @ 10x] Acc: 0.3222, F1: 0.2083, Time: 5.49s
    [=== Generating 2x synthetic data with HMM_GMM ===]
      -> [KNN + HMM_GMM @ 2x] Acc: 0.8991, F1: 0.8993, Time: 0.37s
      -> [RandomForest + HMM_GMM @ 2x] Acc: 0.8592, F1: 0.8593, Time: 6.11s
      -> [LinearSVC + HMM_GMM @ 2x] Acc: 0.5829, F1: 0.5478, Time: 0.20s
      -> [LogisticRegression + HMM_GMM @ 2x] Acc: 0.6046, F1: 0.5884, Time: 0.83s
      -> [RNN + HMM_GMM @ 2x] Acc: 0.4000, F1: 0.2365, Time: 1.12s
    [=== Generating 3x synthetic data with HMM_GMM ===]
      -> [KNN + HMM_GMM @ 3x] Acc: 0.8991, F1: 0.8993, Time: 0.39s
      -> [RandomForest + HMM_GMM @ 3x] Acc: 0.8604, F1: 0.8606, Time: 6.97s
      -> [LinearSVC + HMM_GMM @ 3x] Acc: 0.5730, F1: 0.5378, Time: 0.29s
      -> [LogisticRegression + HMM_GMM @ 3x] Acc: 0.5868, F1: 0.5631, Time: 1.14s
      -> [RNN + HMM_GMM @ 3x] Acc: 0.4111, F1: 0.3669, Time: 1.63s
    [=== Generating 5x synthetic data with HMM_GMM ===]
      -> [KNN + HMM_GMM @ 5x] Acc: 0.8991, F1: 0.8993, Time: 0.45s
      -> [RandomForest + HMM_GMM @ 5x] Acc: 0.8602, F1: 0.8606, Time: 8.84s
      -> [LinearSVC + HMM_GMM @ 5x] Acc: 0.5663, F1: 0.5313, Time: 0.48s
      -> [LogisticRegression + HMM_GMM @ 5x] Acc: 0.5748, F1: 0.5485, Time: 1.92s
      -> [RNN + HMM_GMM @ 5x] Acc: 0.3667, F1: 0.2946, Time: 2.71s
    [=== Generating 10x synthetic data with HMM_GMM ===]
      -> [KNN + HMM_GMM @ 10x] Acc: 0.8791, F1: 0.8793, Time: 0.46s
      -> [RandomForest + HMM_GMM @ 10x] Acc: 0.8404, F1: 0.8412, Time: 6.73s
      -> [LinearSVC + HMM_GMM @ 10x] Acc: 0.5300, F1: 0.4993, Time: 0.74s
      -> [LogisticRegression + HMM_GMM @ 10x] Acc: 0.5509, F1: 0.5237, Time: 1.87s
      -> [RNN + HMM_GMM @ 10x] Acc: 0.2667, F1: 0.1537, Time: 5.43s
    [=== Generating 2x synthetic data with TimeVAE ===]
      -> [KNN + TimeVAE @ 2x] Acc: 0.9000, F1: 0.9001, Time: 0.36s
      -> [RandomForest + TimeVAE @ 2x] Acc: 0.8639, F1: 0.8636, Time: 7.41s
      -> [LinearSVC + TimeVAE @ 2x] Acc: 0.6250, F1: 0.5879, Time: 0.24s
      -> [LogisticRegression + TimeVAE @ 2x] Acc: 0.6574, F1: 0.6448, Time: 0.78s
      -> [RNN + TimeVAE @ 2x] Acc: 0.3111, F1: 0.1964, Time: 1.09s
    [=== Generating 3x synthetic data with TimeVAE ===]
      -> [KNN + TimeVAE @ 3x] Acc: 0.8986, F1: 0.8986, Time: 0.37s
      -> [RandomForest + TimeVAE @ 3x] Acc: 0.8607, F1: 0.8605, Time: 10.89s
      -> [LinearSVC + TimeVAE @ 3x] Acc: 0.6072, F1: 0.5599, Time: 0.34s
      -> [LogisticRegression + TimeVAE @ 3x] Acc: 0.6260, F1: 0.6079, Time: 1.10s
      -> [RNN + TimeVAE @ 3x] Acc: 0.5000, F1: 0.4324, Time: 1.62s
    [=== Generating 5x synthetic data with TimeVAE ===]
      -> [KNN + TimeVAE @ 5x] Acc: 0.8984, F1: 0.8985, Time: 0.42s
      -> [RandomForest + TimeVAE @ 5x] Acc: 0.8577, F1: 0.8570, Time: 18.59s
      -> [LinearSVC + TimeVAE @ 5x] Acc: 0.5966, F1: 0.5510, Time: 0.58s
      -> [LogisticRegression + TimeVAE @ 5x] Acc: 0.6204, F1: 0.5984, Time: 1.89s
      -> [RNN + TimeVAE @ 5x] Acc: 0.4111, F1: 0.3922, Time: 2.79s
    [=== Generating 10x synthetic data with TimeVAE ===]
      -> [KNN + TimeVAE @ 10x] Acc: 0.8786, F1: 0.8786, Time: 0.44s
      -> [RandomForest + TimeVAE @ 10x] Acc: 0.8394, F1: 0.8395, Time: 18.50s
      -> [LinearSVC + TimeVAE @ 10x] Acc: 0.5831, F1: 0.5419, Time: 1.01s
      -> [LogisticRegression + TimeVAE @ 10x] Acc: 0.5941, F1: 0.5689, Time: 2.07s
      -> [RNN + TimeVAE @ 10x] Acc: 0.6000, F1: 0.5651, Time: 5.39s
Graph saved to /home/phantrung/Synthesis-Data-Gen/Results/Chinese_wine_F1_S20_performance.png
