Starting Chinese_wine - Seed 2 - Fold 9


==================================================
Running experiment for Chinese_wine
==================================================

--- Fold 9/10 ---

  >> Seed sets per label: 2

    >> Seed Fold Selection: 1/10
    Evaluating Model: KNN
      -> [Baseline] Acc: 0.6802, F1: 0.6806, Time: 0.43s
      HP Tuning KNN...
n_iterations: 3
n_required_iterations: 3
n_possible_iterations: 4
min_resources_: 40
max_resources_: 2000
aggressive_elimination: False
factor: 3
----------
iter: 0
n_candidates: 20
n_resources: 40
Fitting 2 folds for each of 20 candidates, totalling 40 fits
----------
iter: 1
n_candidates: 7
n_resources: 120
Fitting 2 folds for each of 7 candidates, totalling 14 fits
----------
iter: 2
n_candidates: 3
n_resources: 360
Fitting 2 folds for each of 3 candidates, totalling 6 fits
      -> [Tuned_Baseline] Acc: 0.6859, F1: 0.6869, Time: 0.06s
    Evaluating Model: RandomForest
      -> [Baseline] Acc: 0.6156, F1: 0.6104, Time: 0.73s
      HP Tuning RandomForest...
n_iterations: 3
n_required_iterations: 3
n_possible_iterations: 4
min_resources_: 40
max_resources_: 2000
aggressive_elimination: False
factor: 3
----------
iter: 0
n_candidates: 20
n_resources: 40
Fitting 2 folds for each of 20 candidates, totalling 40 fits
----------
iter: 1
n_candidates: 7
n_resources: 120
Fitting 2 folds for each of 7 candidates, totalling 14 fits
----------
iter: 2
n_candidates: 3
n_resources: 360
Fitting 2 folds for each of 3 candidates, totalling 6 fits
      -> [Tuned_Baseline] Acc: 0.6156, F1: 0.6137, Time: 0.06s
    Evaluating Model: LinearSVC
      -> [Baseline] Acc: 0.6791, F1: 0.6543, Time: 0.03s
      HP Tuning LinearSVC...
n_iterations: 3
n_required_iterations: 3
n_possible_iterations: 4
min_resources_: 40
max_resources_: 2000
aggressive_elimination: False
factor: 3
----------
iter: 0
n_candidates: 20
n_resources: 40
Fitting 2 folds for each of 20 candidates, totalling 40 fits
----------
iter: 1
n_candidates: 7
n_resources: 120
Fitting 2 folds for each of 7 candidates, totalling 14 fits
----------
iter: 2
n_candidates: 3
n_resources: 360
Fitting 2 folds for each of 3 candidates, totalling 6 fits
      -> [Tuned_Baseline] Acc: 0.6448, F1: 0.6092, Time: 0.00s
    Evaluating Model: LogisticRegression
      -> [Baseline] Acc: 0.6568, F1: 0.6467, Time: 0.09s
      HP Tuning LogisticRegression...
n_iterations: 3
n_required_iterations: 3
n_possible_iterations: 4
min_resources_: 40
max_resources_: 2000
aggressive_elimination: False
factor: 3
----------
iter: 0
n_candidates: 12
n_resources: 40
Fitting 2 folds for each of 12 candidates, totalling 24 fits
----------
iter: 1
n_candidates: 4
n_resources: 120
Fitting 2 folds for each of 4 candidates, totalling 8 fits
----------
iter: 2
n_candidates: 2
n_resources: 360
Fitting 2 folds for each of 2 candidates, totalling 4 fits
      -> [Tuned_Baseline] Acc: 0.6989, F1: 0.6905, Time: 0.00s
    Evaluating Model: RNN
      -> [Baseline] Acc: 0.2111, F1: 0.1136, Time: 2.16s
      -> [Tuned_Baseline] Acc: 0.2111, F1: 0.1136, Time: 0.01s
    [=== Generating 2x synthetic data with Jittering ===]
      -> [KNN + Jittering @ 2x] Acc: 0.6861, F1: 0.6876, Time: 0.08s
      -> [RandomForest + Jittering @ 2x] Acc: 0.6497, F1: 0.6472, Time: 1.22s
      -> [LinearSVC + Jittering @ 2x] Acc: 0.6470, F1: 0.6127, Time: 0.19s
      -> [LogisticRegression + Jittering @ 2x] Acc: 0.7080, F1: 0.7008, Time: 0.14s
      -> [RNN + Jittering @ 2x] Acc: 0.2222, F1: 0.1612, Time: 0.42s
    [=== Generating 3x synthetic data with Jittering ===]
      -> [KNN + Jittering @ 3x] Acc: 0.6897, F1: 0.6908, Time: 0.09s
      -> [RandomForest + Jittering @ 3x] Acc: 0.6499, F1: 0.6464, Time: 1.99s
      -> [LinearSVC + Jittering @ 3x] Acc: 0.6443, F1: 0.6097, Time: 0.27s
      -> [LogisticRegression + Jittering @ 3x] Acc: 0.7097, F1: 0.7027, Time: 0.34s
      -> [RNN + Jittering @ 3x] Acc: 0.4111, F1: 0.3038, Time: 0.27s
    [=== Generating 5x synthetic data with Jittering ===]
      -> [KNN + Jittering @ 5x] Acc: 0.6903, F1: 0.6917, Time: 0.12s
      -> [RandomForest + Jittering @ 5x] Acc: 0.6537, F1: 0.6497, Time: 4.06s
      -> [LinearSVC + Jittering @ 5x] Acc: 0.6472, F1: 0.6137, Time: 0.49s
      -> [LogisticRegression + Jittering @ 5x] Acc: 0.7020, F1: 0.6947, Time: 0.59s
      -> [RNN + Jittering @ 5x] Acc: 0.2222, F1: 0.0997, Time: 0.92s
    [=== Generating 10x synthetic data with Jittering ===]
      -> [KNN + Jittering @ 10x] Acc: 0.6853, F1: 0.6869, Time: 0.33s
      -> [RandomForest + Jittering @ 10x] Acc: 0.6621, F1: 0.6613, Time: 6.90s
      -> [LinearSVC + Jittering @ 10x] Acc: 0.6531, F1: 0.6209, Time: 0.50s
      -> [LogisticRegression + Jittering @ 10x] Acc: 0.7092, F1: 0.7044, Time: 0.64s
      -> [RNN + Jittering @ 10x] Acc: 0.3222, F1: 0.2454, Time: 1.44s
    [=== Generating 2x synthetic data with Scaling ===]
      -> [KNN + Scaling @ 2x] Acc: 0.6689, F1: 0.6704, Time: 0.18s
      -> [RandomForest + Scaling @ 2x] Acc: 0.5946, F1: 0.5948, Time: 1.18s
      -> [LinearSVC + Scaling @ 2x] Acc: 0.6332, F1: 0.5963, Time: 0.09s
      -> [LogisticRegression + Scaling @ 2x] Acc: 0.6580, F1: 0.6547, Time: 0.29s
      -> [RNN + Scaling @ 2x] Acc: 0.4333, F1: 0.3316, Time: 0.28s
    [=== Generating 3x synthetic data with Scaling ===]
      -> [KNN + Scaling @ 3x] Acc: 0.6771, F1: 0.6762, Time: 0.10s
      -> [RandomForest + Scaling @ 3x] Acc: 0.6180, F1: 0.6120, Time: 2.16s
      -> [LinearSVC + Scaling @ 3x] Acc: 0.6293, F1: 0.5993, Time: 0.27s
      -> [LogisticRegression + Scaling @ 3x] Acc: 0.6312, F1: 0.6243, Time: 0.27s
      -> [RNN + Scaling @ 3x] Acc: 0.3667, F1: 0.2842, Time: 0.61s
    [=== Generating 5x synthetic data with Scaling ===]
      -> [KNN + Scaling @ 5x] Acc: 0.6742, F1: 0.6750, Time: 0.24s
      -> [RandomForest + Scaling @ 5x] Acc: 0.6337, F1: 0.6289, Time: 4.79s
      -> [LinearSVC + Scaling @ 5x] Acc: 0.6476, F1: 0.6192, Time: 0.22s
      -> [LogisticRegression + Scaling @ 5x] Acc: 0.6450, F1: 0.6410, Time: 0.58s
      -> [RNN + Scaling @ 5x] Acc: 0.3111, F1: 0.1828, Time: 1.15s
    [=== Generating 10x synthetic data with Scaling ===]
      -> [KNN + Scaling @ 10x] Acc: 0.6626, F1: 0.6622, Time: 0.31s
      -> [RandomForest + Scaling @ 10x] Acc: 0.6281, F1: 0.6286, Time: 6.27s
      -> [LinearSVC + Scaling @ 10x] Acc: 0.6272, F1: 0.5869, Time: 0.63s
      -> [LogisticRegression + Scaling @ 10x] Acc: 0.6628, F1: 0.6617, Time: 0.93s
      -> [RNN + Scaling @ 10x] Acc: 0.4111, F1: 0.2798, Time: 1.85s
    [=== Generating 2x synthetic data with Magnitude_Warping ===]
      -> [KNN + Magnitude_Warping @ 2x] Acc: 0.6741, F1: 0.6741, Time: 0.14s
      -> [RandomForest + Magnitude_Warping @ 2x] Acc: 0.6439, F1: 0.6410, Time: 1.17s
      -> [LinearSVC + Magnitude_Warping @ 2x] Acc: 0.5683, F1: 0.5360, Time: 0.18s
      -> [LogisticRegression + Magnitude_Warping @ 2x] Acc: 0.6473, F1: 0.6472, Time: 0.28s
      -> [RNN + Magnitude_Warping @ 2x] Acc: 0.2444, F1: 0.1661, Time: 0.31s
    [=== Generating 3x synthetic data with Magnitude_Warping ===]
      -> [KNN + Magnitude_Warping @ 3x] Acc: 0.6654, F1: 0.6666, Time: 0.20s
      -> [RandomForest + Magnitude_Warping @ 3x] Acc: 0.6456, F1: 0.6429, Time: 2.76s
      -> [LinearSVC + Magnitude_Warping @ 3x] Acc: 0.5902, F1: 0.5623, Time: 0.13s
      -> [LogisticRegression + Magnitude_Warping @ 3x] Acc: 0.6166, F1: 0.6099, Time: 0.18s
      -> [RNN + Magnitude_Warping @ 3x] Acc: 0.2889, F1: 0.1736, Time: 0.29s
    [=== Generating 5x synthetic data with Magnitude_Warping ===]
      -> [KNN + Magnitude_Warping @ 5x] Acc: 0.6629, F1: 0.6607, Time: 0.28s
      -> [RandomForest + Magnitude_Warping @ 5x] Acc: 0.6294, F1: 0.6293, Time: 3.36s
      -> [LinearSVC + Magnitude_Warping @ 5x] Acc: 0.5477, F1: 0.5029, Time: 0.35s
      -> [LogisticRegression + Magnitude_Warping @ 5x] Acc: 0.5919, F1: 0.5814, Time: 0.59s
      -> [RNN + Magnitude_Warping @ 5x] Acc: 0.2667, F1: 0.1726, Time: 1.26s
    [=== Generating 10x synthetic data with Magnitude_Warping ===]
      -> [KNN + Magnitude_Warping @ 10x] Acc: 0.6507, F1: 0.6540, Time: 0.25s
      -> [RandomForest + Magnitude_Warping @ 10x] Acc: 0.6358, F1: 0.6347, Time: 10.24s
      -> [LinearSVC + Magnitude_Warping @ 10x] Acc: 0.5709, F1: 0.5364, Time: 0.61s
      -> [LogisticRegression + Magnitude_Warping @ 10x] Acc: 0.5943, F1: 0.5882, Time: 0.57s
      -> [RNN + Magnitude_Warping @ 10x] Acc: 0.4333, F1: 0.3217, Time: 1.28s
    [=== Generating 2x synthetic data with Time_Warping ===]
      -> [KNN + Time_Warping @ 2x] Acc: 0.6548, F1: 0.6581, Time: 0.22s
      -> [RandomForest + Time_Warping @ 2x] Acc: 0.5822, F1: 0.5789, Time: 2.15s
      -> [LinearSVC + Time_Warping @ 2x] Acc: 0.4963, F1: 0.4391, Time: 0.13s
      -> [LogisticRegression + Time_Warping @ 2x] Acc: 0.5157, F1: 0.5036, Time: 0.15s
      -> [RNN + Time_Warping @ 2x] Acc: 0.2111, F1: 0.1459, Time: 0.54s
    [=== Generating 3x synthetic data with Time_Warping ===]
      -> [KNN + Time_Warping @ 3x] Acc: 0.6544, F1: 0.6573, Time: 0.14s
      -> [RandomForest + Time_Warping @ 3x] Acc: 0.5707, F1: 0.5636, Time: 1.95s
      -> [LinearSVC + Time_Warping @ 3x] Acc: 0.4256, F1: 0.3511, Time: 0.12s
      -> [LogisticRegression + Time_Warping @ 3x] Acc: 0.4812, F1: 0.4650, Time: 0.12s
      -> [RNN + Time_Warping @ 3x] Acc: 0.1889, F1: 0.1187, Time: 0.56s
    [=== Generating 5x synthetic data with Time_Warping ===]
      -> [KNN + Time_Warping @ 5x] Acc: 0.6436, F1: 0.6444, Time: 0.32s
      -> [RandomForest + Time_Warping @ 5x] Acc: 0.5296, F1: 0.5227, Time: 3.68s
      -> [LinearSVC + Time_Warping @ 5x] Acc: 0.3598, F1: 0.2697, Time: 0.15s
      -> [LogisticRegression + Time_Warping @ 5x] Acc: 0.4141, F1: 0.3739, Time: 0.09s
      -> [RNN + Time_Warping @ 5x] Acc: 0.2111, F1: 0.1389, Time: 0.53s
    [=== Generating 10x synthetic data with Time_Warping ===]
      -> [KNN + Time_Warping @ 10x] Acc: 0.6186, F1: 0.6211, Time: 0.22s
      -> [RandomForest + Time_Warping @ 10x] Acc: 0.5010, F1: 0.4910, Time: 8.00s
      -> [LinearSVC + Time_Warping @ 10x] Acc: 0.3964, F1: 0.3080, Time: 0.13s
      -> [LogisticRegression + Time_Warping @ 10x] Acc: 0.3976, F1: 0.3653, Time: 0.13s
      -> [RNN + Time_Warping @ 10x] Acc: 0.4778, F1: 0.3558, Time: 0.91s

    >> Seed Fold Selection: 2/10
    Evaluating Model: KNN
      -> [Baseline] Acc: 0.7789, F1: 0.7771, Time: 0.62s
      HP Tuning KNN...
n_iterations: 3
n_required_iterations: 3
n_possible_iterations: 4
min_resources_: 40
max_resources_: 2000
aggressive_elimination: False
factor: 3
----------
iter: 0
n_candidates: 20
n_resources: 40
Fitting 2 folds for each of 20 candidates, totalling 40 fits
----------
iter: 1
n_candidates: 7
n_resources: 120
Fitting 2 folds for each of 7 candidates, totalling 14 fits
----------
iter: 2
n_candidates: 3
n_resources: 360
Fitting 2 folds for each of 3 candidates, totalling 6 fits
      -> [Tuned_Baseline] Acc: 0.7791, F1: 0.7777, Time: 0.12s
    Evaluating Model: RandomForest
      -> [Baseline] Acc: 0.6901, F1: 0.6820, Time: 0.66s
      HP Tuning RandomForest...
n_iterations: 3
n_required_iterations: 3
n_possible_iterations: 4
min_resources_: 40
max_resources_: 2000
aggressive_elimination: False
factor: 3
----------
iter: 0
n_candidates: 20
n_resources: 40
Fitting 2 folds for each of 20 candidates, totalling 40 fits
----------
iter: 1
n_candidates: 7
n_resources: 120
Fitting 2 folds for each of 7 candidates, totalling 14 fits
----------
iter: 2
n_candidates: 3
n_resources: 360
Fitting 2 folds for each of 3 candidates, totalling 6 fits
      -> [Tuned_Baseline] Acc: 0.6901, F1: 0.6820, Time: 0.05s
    Evaluating Model: LinearSVC
      -> [Baseline] Acc: 0.6956, F1: 0.6856, Time: 0.02s
      HP Tuning LinearSVC...
n_iterations: 3
n_required_iterations: 3
n_possible_iterations: 4
min_resources_: 40
max_resources_: 2000
aggressive_elimination: False
factor: 3
----------
iter: 0
n_candidates: 20
n_resources: 40
Fitting 2 folds for each of 20 candidates, totalling 40 fits
----------
iter: 1
n_candidates: 7
n_resources: 120
Fitting 2 folds for each of 7 candidates, totalling 14 fits
----------
iter: 2
n_candidates: 3
n_resources: 360
Fitting 2 folds for each of 3 candidates, totalling 6 fits
      -> [Tuned_Baseline] Acc: 0.6411, F1: 0.6142, Time: 0.00s
    Evaluating Model: LogisticRegression
      -> [Baseline] Acc: 0.6886, F1: 0.6718, Time: 0.06s
      HP Tuning LogisticRegression...
n_iterations: 3
n_required_iterations: 3
n_possible_iterations: 4
min_resources_: 40
max_resources_: 2000
aggressive_elimination: False
factor: 3
----------
iter: 0
n_candidates: 12
n_resources: 40
Fitting 2 folds for each of 12 candidates, totalling 24 fits
----------
iter: 1
n_candidates: 4
n_resources: 120
Fitting 2 folds for each of 4 candidates, totalling 8 fits
----------
iter: 2
n_candidates: 2
n_resources: 360
Fitting 2 folds for each of 2 candidates, totalling 4 fits
      -> [Tuned_Baseline] Acc: 0.7230, F1: 0.7166, Time: 0.00s
    Evaluating Model: RNN
      -> [Baseline] Acc: 0.1667, F1: 0.1242, Time: 0.13s
      -> [Tuned_Baseline] Acc: 0.1667, F1: 0.1242, Time: 0.01s
    [=== Generating 2x synthetic data with Jittering ===]
      -> [KNN + Jittering @ 2x] Acc: 0.7918, F1: 0.7903, Time: 0.15s
      -> [RandomForest + Jittering @ 2x] Acc: 0.7308, F1: 0.7224, Time: 1.59s
      -> [LinearSVC + Jittering @ 2x] Acc: 0.6421, F1: 0.6153, Time: 0.09s
      -> [LogisticRegression + Jittering @ 2x] Acc: 0.7299, F1: 0.7239, Time: 0.28s
      -> [RNN + Jittering @ 2x] Acc: 0.3000, F1: 0.1813, Time: 0.52s
    [=== Generating 3x synthetic data with Jittering ===]
      -> [KNN + Jittering @ 3x] Acc: 0.7920, F1: 0.7904, Time: 0.09s
      -> [RandomForest + Jittering @ 3x] Acc: 0.7369, F1: 0.7293, Time: 3.01s
      -> [LinearSVC + Jittering @ 3x] Acc: 0.6437, F1: 0.6177, Time: 0.14s
      -> [LogisticRegression + Jittering @ 3x] Acc: 0.7259, F1: 0.7191, Time: 0.19s
      -> [RNN + Jittering @ 3x] Acc: 0.2333, F1: 0.1142, Time: 0.27s
    [=== Generating 5x synthetic data with Jittering ===]
      -> [KNN + Jittering @ 5x] Acc: 0.7891, F1: 0.7871, Time: 0.11s
      -> [RandomForest + Jittering @ 5x] Acc: 0.7278, F1: 0.7207, Time: 3.98s
      -> [LinearSVC + Jittering @ 5x] Acc: 0.6433, F1: 0.6166, Time: 0.38s
      -> [LogisticRegression + Jittering @ 5x] Acc: 0.7239, F1: 0.7172, Time: 0.28s
      -> [RNN + Jittering @ 5x] Acc: 0.3667, F1: 0.2472, Time: 0.69s
    [=== Generating 10x synthetic data with Jittering ===]
      -> [KNN + Jittering @ 10x] Acc: 0.7877, F1: 0.7856, Time: 0.17s
      -> [RandomForest + Jittering @ 10x] Acc: 0.7433, F1: 0.7351, Time: 6.92s
      -> [LinearSVC + Jittering @ 10x] Acc: 0.6426, F1: 0.6160, Time: 0.99s
      -> [LogisticRegression + Jittering @ 10x] Acc: 0.7248, F1: 0.7186, Time: 1.06s
      -> [RNN + Jittering @ 10x] Acc: 0.2556, F1: 0.1561, Time: 0.98s
    [=== Generating 2x synthetic data with Scaling ===]
      -> [KNN + Scaling @ 2x] Acc: 0.7847, F1: 0.7835, Time: 0.08s
      -> [RandomForest + Scaling @ 2x] Acc: 0.6940, F1: 0.6836, Time: 1.46s
      -> [LinearSVC + Scaling @ 2x] Acc: 0.6450, F1: 0.6185, Time: 0.09s
      -> [LogisticRegression + Scaling @ 2x] Acc: 0.6970, F1: 0.6897, Time: 0.14s
      -> [RNN + Scaling @ 2x] Acc: 0.1778, F1: 0.0786, Time: 0.53s
    [=== Generating 3x synthetic data with Scaling ===]
      -> [KNN + Scaling @ 3x] Acc: 0.7870, F1: 0.7861, Time: 0.20s
      -> [RandomForest + Scaling @ 3x] Acc: 0.7129, F1: 0.7045, Time: 1.73s
      -> [LinearSVC + Scaling @ 3x] Acc: 0.6424, F1: 0.6156, Time: 0.13s
      -> [LogisticRegression + Scaling @ 3x] Acc: 0.7024, F1: 0.6867, Time: 0.36s
      -> [RNN + Scaling @ 3x] Acc: 0.0000, F1: 0.0000, Time: 0.56s
    [=== Generating 5x synthetic data with Scaling ===]
      -> [KNN + Scaling @ 5x] Acc: 0.7724, F1: 0.7708, Time: 0.22s
      -> [RandomForest + Scaling @ 5x] Acc: 0.7060, F1: 0.6972, Time: 2.93s
      -> [LinearSVC + Scaling @ 5x] Acc: 0.6354, F1: 0.6102, Time: 0.23s
      -> [LogisticRegression + Scaling @ 5x] Acc: 0.6909, F1: 0.6812, Time: 0.29s
      -> [RNN + Scaling @ 5x] Acc: 0.2778, F1: 0.1901, Time: 0.60s
    [=== Generating 10x synthetic data with Scaling ===]
      -> [KNN + Scaling @ 10x] Acc: 0.7826, F1: 0.7767, Time: 0.15s
      -> [RandomForest + Scaling @ 10x] Acc: 0.7190, F1: 0.7113, Time: 6.85s
      -> [LinearSVC + Scaling @ 10x] Acc: 0.6423, F1: 0.6142, Time: 0.53s
      -> [LogisticRegression + Scaling @ 10x] Acc: 0.6988, F1: 0.6839, Time: 0.69s
      -> [RNN + Scaling @ 10x] Acc: 0.3222, F1: 0.1990, Time: 0.90s
    [=== Generating 2x synthetic data with Magnitude_Warping ===]
      -> [KNN + Magnitude_Warping @ 2x] Acc: 0.7884, F1: 0.7847, Time: 0.08s
      -> [RandomForest + Magnitude_Warping @ 2x] Acc: 0.7043, F1: 0.6948, Time: 1.91s
      -> [LinearSVC + Magnitude_Warping @ 2x] Acc: 0.6234, F1: 0.5923, Time: 0.09s
      -> [LogisticRegression + Magnitude_Warping @ 2x] Acc: 0.6939, F1: 0.6800, Time: 0.28s
      -> [RNN + Magnitude_Warping @ 2x] Acc: 0.2000, F1: 0.0696, Time: 0.33s
    [=== Generating 3x synthetic data with Magnitude_Warping ===]
      -> [KNN + Magnitude_Warping @ 3x] Acc: 0.7618, F1: 0.7611, Time: 0.19s
      -> [RandomForest + Magnitude_Warping @ 3x] Acc: 0.7017, F1: 0.6928, Time: 1.94s
      -> [LinearSVC + Magnitude_Warping @ 3x] Acc: 0.6194, F1: 0.5944, Time: 0.28s
      -> [LogisticRegression + Magnitude_Warping @ 3x] Acc: 0.6508, F1: 0.6458, Time: 0.37s
      -> [RNN + Magnitude_Warping @ 3x] Acc: 0.1667, F1: 0.0856, Time: 0.29s
    [=== Generating 5x synthetic data with Magnitude_Warping ===]
      -> [KNN + Magnitude_Warping @ 5x] Acc: 0.7691, F1: 0.7652, Time: 0.25s
      -> [RandomForest + Magnitude_Warping @ 5x] Acc: 0.6983, F1: 0.6914, Time: 3.43s
      -> [LinearSVC + Magnitude_Warping @ 5x] Acc: 0.6162, F1: 0.5853, Time: 0.23s
      -> [LogisticRegression + Magnitude_Warping @ 5x] Acc: 0.6610, F1: 0.6466, Time: 0.28s
      -> [RNN + Magnitude_Warping @ 5x] Acc: 0.1556, F1: 0.0488, Time: 0.53s
    [=== Generating 10x synthetic data with Magnitude_Warping ===]
      -> [KNN + Magnitude_Warping @ 10x] Acc: 0.7552, F1: 0.7518, Time: 0.17s
      -> [RandomForest + Magnitude_Warping @ 10x] Acc: 0.7118, F1: 0.7042, Time: 6.90s
      -> [LinearSVC + Magnitude_Warping @ 10x] Acc: 0.5910, F1: 0.5540, Time: 0.47s
      -> [LogisticRegression + Magnitude_Warping @ 10x] Acc: 0.6559, F1: 0.6418, Time: 0.56s
      -> [RNN + Magnitude_Warping @ 10x] Acc: 0.4778, F1: 0.3462, Time: 1.96s
    [=== Generating 2x synthetic data with Time_Warping ===]
      -> [KNN + Time_Warping @ 2x] Acc: 0.7712, F1: 0.7691, Time: 0.16s
      -> [RandomForest + Time_Warping @ 2x] Acc: 0.6640, F1: 0.6559, Time: 1.08s
      -> [LinearSVC + Time_Warping @ 2x] Acc: 0.4634, F1: 0.3926, Time: 0.06s
      -> [LogisticRegression + Time_Warping @ 2x] Acc: 0.5244, F1: 0.5060, Time: 0.19s
      -> [RNN + Time_Warping @ 2x] Acc: 0.2333, F1: 0.1095, Time: 0.57s
    [=== Generating 3x synthetic data with Time_Warping ===]
      -> [KNN + Time_Warping @ 3x] Acc: 0.7704, F1: 0.7692, Time: 0.24s
      -> [RandomForest + Time_Warping @ 3x] Acc: 0.6553, F1: 0.6458, Time: 1.69s
      -> [LinearSVC + Time_Warping @ 3x] Acc: 0.3944, F1: 0.3119, Time: 0.06s
      -> [LogisticRegression + Time_Warping @ 3x] Acc: 0.4656, F1: 0.4563, Time: 0.13s
      -> [RNN + Time_Warping @ 3x] Acc: 0.1778, F1: 0.1117, Time: 0.40s
    [=== Generating 5x synthetic data with Time_Warping ===]
      -> [KNN + Time_Warping @ 5x] Acc: 0.7521, F1: 0.7507, Time: 0.15s
      -> [RandomForest + Time_Warping @ 5x] Acc: 0.6334, F1: 0.6249, Time: 2.71s
      -> [LinearSVC + Time_Warping @ 5x] Acc: 0.4391, F1: 0.3671, Time: 0.10s
      -> [LogisticRegression + Time_Warping @ 5x] Acc: 0.4883, F1: 0.4841, Time: 0.19s
      -> [RNN + Time_Warping @ 5x] Acc: 0.2222, F1: 0.1187, Time: 0.57s
    [=== Generating 10x synthetic data with Time_Warping ===]
      -> [KNN + Time_Warping @ 10x] Acc: 0.7369, F1: 0.7355, Time: 0.21s
      -> [RandomForest + Time_Warping @ 10x] Acc: 0.6086, F1: 0.5962, Time: 7.60s
      -> [LinearSVC + Time_Warping @ 10x] Acc: 0.4046, F1: 0.3166, Time: 0.33s
      -> [LogisticRegression + Time_Warping @ 10x] Acc: 0.4752, F1: 0.4524, Time: 0.34s
      -> [RNN + Time_Warping @ 10x] Acc: 0.2778, F1: 0.2075, Time: 1.84s

    >> Seed Fold Selection: 3/10
    Evaluating Model: KNN
      -> [Baseline] Acc: 0.6192, F1: 0.5902, Time: 0.60s
      HP Tuning KNN...
n_iterations: 3
n_required_iterations: 3
n_possible_iterations: 4
min_resources_: 40
max_resources_: 2000
aggressive_elimination: False
factor: 3
----------
iter: 0
n_candidates: 20
n_resources: 40
Fitting 2 folds for each of 20 candidates, totalling 40 fits
----------
iter: 1
n_candidates: 7
n_resources: 120
Fitting 2 folds for each of 7 candidates, totalling 14 fits
----------
iter: 2
n_candidates: 3
n_resources: 360
Fitting 2 folds for each of 3 candidates, totalling 6 fits
      -> [Tuned_Baseline] Acc: 0.6176, F1: 0.5888, Time: 0.06s
    Evaluating Model: RandomForest
      -> [Baseline] Acc: 0.5688, F1: 0.5432, Time: 0.87s
      HP Tuning RandomForest...
n_iterations: 3
n_required_iterations: 3
n_possible_iterations: 4
min_resources_: 40
max_resources_: 2000
aggressive_elimination: False
factor: 3
----------
iter: 0
n_candidates: 20
n_resources: 40
Fitting 2 folds for each of 20 candidates, totalling 40 fits
----------
iter: 1
n_candidates: 7
n_resources: 120
Fitting 2 folds for each of 7 candidates, totalling 14 fits
----------
iter: 2
n_candidates: 3
n_resources: 360
Fitting 2 folds for each of 3 candidates, totalling 6 fits
      -> [Tuned_Baseline] Acc: 0.5646, F1: 0.5407, Time: 0.06s
    Evaluating Model: LinearSVC
      -> [Baseline] Acc: 0.5889, F1: 0.5549, Time: 0.02s
      HP Tuning LinearSVC...
n_iterations: 3
n_required_iterations: 3
n_possible_iterations: 4
min_resources_: 40
max_resources_: 2000
aggressive_elimination: False
factor: 3
----------
iter: 0
n_candidates: 20
n_resources: 40
Fitting 2 folds for each of 20 candidates, totalling 40 fits
----------
iter: 1
n_candidates: 7
n_resources: 120
Fitting 2 folds for each of 7 candidates, totalling 14 fits
----------
iter: 2
n_candidates: 3
n_resources: 360
Fitting 2 folds for each of 3 candidates, totalling 6 fits
      -> [Tuned_Baseline] Acc: 0.5839, F1: 0.5433, Time: 0.00s
    Evaluating Model: LogisticRegression
      -> [Baseline] Acc: 0.5561, F1: 0.5244, Time: 0.07s
      HP Tuning LogisticRegression...
n_iterations: 3
n_required_iterations: 3
n_possible_iterations: 4
min_resources_: 40
max_resources_: 2000
aggressive_elimination: False
factor: 3
----------
iter: 0
n_candidates: 12
n_resources: 40
Fitting 2 folds for each of 12 candidates, totalling 24 fits
----------
iter: 1
n_candidates: 4
n_resources: 120
Fitting 2 folds for each of 4 candidates, totalling 8 fits
----------
iter: 2
n_candidates: 2
n_resources: 360
Fitting 2 folds for each of 2 candidates, totalling 4 fits
      -> [Tuned_Baseline] Acc: 0.5730, F1: 0.5395, Time: 0.00s
    Evaluating Model: RNN
      -> [Baseline] Acc: 0.3000, F1: 0.2537, Time: 0.14s
      -> [Tuned_Baseline] Acc: 0.3000, F1: 0.2537, Time: 0.01s
    [=== Generating 2x synthetic data with Jittering ===]
      -> [KNN + Jittering @ 2x] Acc: 0.6277, F1: 0.5996, Time: 0.11s
      -> [RandomForest + Jittering @ 2x] Acc: 0.6020, F1: 0.5740, Time: 1.16s
      -> [LinearSVC + Jittering @ 2x] Acc: 0.5834, F1: 0.5438, Time: 0.09s
      -> [LogisticRegression + Jittering @ 2x] Acc: 0.5764, F1: 0.5409, Time: 0.13s
      -> [RNN + Jittering @ 2x] Acc: 0.3333, F1: 0.2139, Time: 0.25s
    [=== Generating 3x synthetic data with Jittering ===]
      -> [KNN + Jittering @ 3x] Acc: 0.6300, F1: 0.6032, Time: 0.09s
      -> [RandomForest + Jittering @ 3x] Acc: 0.6034, F1: 0.5736, Time: 3.33s
      -> [LinearSVC + Jittering @ 3x] Acc: 0.5839, F1: 0.5440, Time: 0.28s
      -> [LogisticRegression + Jittering @ 3x] Acc: 0.5716, F1: 0.5359, Time: 0.36s
      -> [RNN + Jittering @ 3x] Acc: 0.2000, F1: 0.0667, Time: 0.43s
    [=== Generating 5x synthetic data with Jittering ===]
      -> [KNN + Jittering @ 5x] Acc: 0.6266, F1: 0.5997, Time: 0.22s
      -> [RandomForest + Jittering @ 5x] Acc: 0.6004, F1: 0.5766, Time: 3.74s
      -> [LinearSVC + Jittering @ 5x] Acc: 0.5867, F1: 0.5458, Time: 0.48s
      -> [LogisticRegression + Jittering @ 5x] Acc: 0.5764, F1: 0.5375, Time: 0.30s
      -> [RNN + Jittering @ 5x] Acc: 0.2111, F1: 0.0900, Time: 0.50s
    [=== Generating 10x synthetic data with Jittering ===]
      -> [KNN + Jittering @ 10x] Acc: 0.6263, F1: 0.5989, Time: 0.15s
      -> [RandomForest + Jittering @ 10x] Acc: 0.6042, F1: 0.5786, Time: 6.64s
      -> [LinearSVC + Jittering @ 10x] Acc: 0.5854, F1: 0.5454, Time: 0.50s
      -> [LogisticRegression + Jittering @ 10x] Acc: 0.5688, F1: 0.5318, Time: 0.71s
      -> [RNN + Jittering @ 10x] Acc: 0.4667, F1: 0.3344, Time: 0.94s
    [=== Generating 2x synthetic data with Scaling ===]
      -> [KNN + Scaling @ 2x] Acc: 0.5974, F1: 0.5720, Time: 0.16s
      -> [RandomForest + Scaling @ 2x] Acc: 0.5809, F1: 0.5622, Time: 1.63s
      -> [LinearSVC + Scaling @ 2x] Acc: 0.5964, F1: 0.5506, Time: 0.19s
      -> [LogisticRegression + Scaling @ 2x] Acc: 0.5846, F1: 0.5486, Time: 0.29s
      -> [RNN + Scaling @ 2x] Acc: 0.2889, F1: 0.1929, Time: 0.28s
    [=== Generating 3x synthetic data with Scaling ===]
      -> [KNN + Scaling @ 3x] Acc: 0.6221, F1: 0.5951, Time: 0.09s
      -> [RandomForest + Scaling @ 3x] Acc: 0.5870, F1: 0.5621, Time: 1.79s
      -> [LinearSVC + Scaling @ 3x] Acc: 0.5878, F1: 0.5471, Time: 0.28s
      -> [LogisticRegression + Scaling @ 3x] Acc: 0.5613, F1: 0.5259, Time: 0.21s
      -> [RNN + Scaling @ 3x] Acc: 0.2111, F1: 0.0936, Time: 0.30s
    [=== Generating 5x synthetic data with Scaling ===]
      -> [KNN + Scaling @ 5x] Acc: 0.6128, F1: 0.5891, Time: 0.11s
      -> [RandomForest + Scaling @ 5x] Acc: 0.5873, F1: 0.5613, Time: 2.95s
      -> [LinearSVC + Scaling @ 5x] Acc: 0.5980, F1: 0.5628, Time: 0.43s
      -> [LogisticRegression + Scaling @ 5x] Acc: 0.5597, F1: 0.5291, Time: 0.28s
      -> [RNN + Scaling @ 5x] Acc: 0.4000, F1: 0.2297, Time: 0.51s
    [=== Generating 10x synthetic data with Scaling ===]
      -> [KNN + Scaling @ 10x] Acc: 0.6039, F1: 0.5769, Time: 0.15s
      -> [RandomForest + Scaling @ 10x] Acc: 0.5870, F1: 0.5616, Time: 6.65s
      -> [LinearSVC + Scaling @ 10x] Acc: 0.5911, F1: 0.5538, Time: 0.44s
      -> [LogisticRegression + Scaling @ 10x] Acc: 0.5564, F1: 0.5184, Time: 0.55s
      -> [RNN + Scaling @ 10x] Acc: 0.3111, F1: 0.2007, Time: 0.91s
    [=== Generating 2x synthetic data with Magnitude_Warping ===]
      -> [KNN + Magnitude_Warping @ 2x] Acc: 0.6163, F1: 0.5907, Time: 0.09s
      -> [RandomForest + Magnitude_Warping @ 2x] Acc: 0.5647, F1: 0.5439, Time: 1.71s
      -> [LinearSVC + Magnitude_Warping @ 2x] Acc: 0.5572, F1: 0.5110, Time: 0.18s
      -> [LogisticRegression + Magnitude_Warping @ 2x] Acc: 0.5411, F1: 0.5136, Time: 0.28s
      -> [RNN + Magnitude_Warping @ 2x] Acc: 0.2000, F1: 0.1436, Time: 0.36s
    [=== Generating 3x synthetic data with Magnitude_Warping ===]
      -> [KNN + Magnitude_Warping @ 3x] Acc: 0.6168, F1: 0.5884, Time: 0.10s
      -> [RandomForest + Magnitude_Warping @ 3x] Acc: 0.5788, F1: 0.5570, Time: 2.25s
      -> [LinearSVC + Magnitude_Warping @ 3x] Acc: 0.5766, F1: 0.5243, Time: 0.13s
      -> [LogisticRegression + Magnitude_Warping @ 3x] Acc: 0.5318, F1: 0.4993, Time: 0.18s
      -> [RNN + Magnitude_Warping @ 3x] Acc: 0.3778, F1: 0.2357, Time: 0.26s
    [=== Generating 5x synthetic data with Magnitude_Warping ===]
      -> [KNN + Magnitude_Warping @ 5x] Acc: 0.6096, F1: 0.5874, Time: 0.13s
      -> [RandomForest + Magnitude_Warping @ 5x] Acc: 0.5732, F1: 0.5569, Time: 3.72s
      -> [LinearSVC + Magnitude_Warping @ 5x] Acc: 0.5710, F1: 0.5229, Time: 0.45s
      -> [LogisticRegression + Magnitude_Warping @ 5x] Acc: 0.5332, F1: 0.5032, Time: 0.57s
      -> [RNN + Magnitude_Warping @ 5x] Acc: 0.2111, F1: 0.0798, Time: 0.50s
    [=== Generating 10x synthetic data with Magnitude_Warping ===]
      -> [KNN + Magnitude_Warping @ 10x] Acc: 0.6043, F1: 0.5843, Time: 0.37s
      -> [RandomForest + Magnitude_Warping @ 10x] Acc: 0.5880, F1: 0.5684, Time: 6.31s
      -> [LinearSVC + Magnitude_Warping @ 10x] Acc: 0.5734, F1: 0.5214, Time: 0.92s
      -> [LogisticRegression + Magnitude_Warping @ 10x] Acc: 0.5357, F1: 0.5051, Time: 1.07s
      -> [RNN + Magnitude_Warping @ 10x] Acc: 0.4000, F1: 0.2347, Time: 1.74s
    [=== Generating 2x synthetic data with Time_Warping ===]
      -> [KNN + Time_Warping @ 2x] Acc: 0.6130, F1: 0.5855, Time: 0.19s
      -> [RandomForest + Time_Warping @ 2x] Acc: 0.5337, F1: 0.5150, Time: 2.35s
      -> [LinearSVC + Time_Warping @ 2x] Acc: 0.4722, F1: 0.3973, Time: 0.11s
      -> [LogisticRegression + Time_Warping @ 2x] Acc: 0.5379, F1: 0.5143, Time: 0.19s
      -> [RNN + Time_Warping @ 2x] Acc: 0.2000, F1: 0.1457, Time: 0.52s
    [=== Generating 3x synthetic data with Time_Warping ===]
      -> [KNN + Time_Warping @ 3x] Acc: 0.6121, F1: 0.5885, Time: 0.23s
      -> [RandomForest + Time_Warping @ 3x] Acc: 0.5026, F1: 0.4885, Time: 3.43s
      -> [LinearSVC + Time_Warping @ 3x] Acc: 0.4308, F1: 0.3633, Time: 0.12s
      -> [LogisticRegression + Time_Warping @ 3x] Acc: 0.4672, F1: 0.4222, Time: 0.12s
      -> [RNN + Time_Warping @ 3x] Acc: 0.2556, F1: 0.1343, Time: 0.58s
    [=== Generating 5x synthetic data with Time_Warping ===]
      -> [KNN + Time_Warping @ 5x] Acc: 0.6106, F1: 0.5835, Time: 0.15s
      -> [RandomForest + Time_Warping @ 5x] Acc: 0.4873, F1: 0.4697, Time: 4.04s
      -> [LinearSVC + Time_Warping @ 5x] Acc: 0.3604, F1: 0.2794, Time: 0.08s
      -> [LogisticRegression + Time_Warping @ 5x] Acc: 0.4000, F1: 0.3729, Time: 0.07s
      -> [RNN + Time_Warping @ 5x] Acc: 0.3333, F1: 0.2068, Time: 0.79s
    [=== Generating 10x synthetic data with Time_Warping ===]
      -> [KNN + Time_Warping @ 10x] Acc: 0.6000, F1: 0.5726, Time: 0.20s
      -> [RandomForest + Time_Warping @ 10x] Acc: 0.4507, F1: 0.4367, Time: 7.54s
      -> [LinearSVC + Time_Warping @ 10x] Acc: 0.4134, F1: 0.3153, Time: 0.13s
      -> [LogisticRegression + Time_Warping @ 10x] Acc: 0.4447, F1: 0.4012, Time: 0.25s
      -> [RNN + Time_Warping @ 10x] Acc: 0.3889, F1: 0.2962, Time: 1.09s

    >> Seed Fold Selection: 4/10
    Evaluating Model: KNN
      -> [Baseline] Acc: 0.6434, F1: 0.6480, Time: 0.43s
      HP Tuning KNN...
n_iterations: 3
n_required_iterations: 3
n_possible_iterations: 4
min_resources_: 40
max_resources_: 2000
aggressive_elimination: False
factor: 3
----------
iter: 0
n_candidates: 20
n_resources: 40
Fitting 2 folds for each of 20 candidates, totalling 40 fits
----------
iter: 1
n_candidates: 7
n_resources: 120
Fitting 2 folds for each of 7 candidates, totalling 14 fits
----------
iter: 2
n_candidates: 3
n_resources: 360
Fitting 2 folds for each of 3 candidates, totalling 6 fits
      -> [Tuned_Baseline] Acc: 0.6480, F1: 0.6528, Time: 0.13s
    Evaluating Model: RandomForest
      -> [Baseline] Acc: 0.5926, F1: 0.5905, Time: 0.77s
      HP Tuning RandomForest...
n_iterations: 3
n_required_iterations: 3
n_possible_iterations: 4
min_resources_: 40
max_resources_: 2000
aggressive_elimination: False
factor: 3
----------
iter: 0
n_candidates: 20
n_resources: 40
Fitting 2 folds for each of 20 candidates, totalling 40 fits
----------
iter: 1
n_candidates: 7
n_resources: 120
Fitting 2 folds for each of 7 candidates, totalling 14 fits
----------
iter: 2
n_candidates: 3
n_resources: 360
Fitting 2 folds for each of 3 candidates, totalling 6 fits
      -> [Tuned_Baseline] Acc: 0.5848, F1: 0.5820, Time: 0.07s
    Evaluating Model: LinearSVC
      -> [Baseline] Acc: 0.6312, F1: 0.6108, Time: 0.02s
      HP Tuning LinearSVC...
n_iterations: 3
n_required_iterations: 3
n_possible_iterations: 4
min_resources_: 40
max_resources_: 2000
aggressive_elimination: False
factor: 3
----------
iter: 0
n_candidates: 20
n_resources: 40
Fitting 2 folds for each of 20 candidates, totalling 40 fits
----------
iter: 1
n_candidates: 7
n_resources: 120
Fitting 2 folds for each of 7 candidates, totalling 14 fits
----------
iter: 2
n_candidates: 3
n_resources: 360
Fitting 2 folds for each of 3 candidates, totalling 6 fits
      -> [Tuned_Baseline] Acc: 0.6500, F1: 0.6418, Time: 0.00s
    Evaluating Model: LogisticRegression
      -> [Baseline] Acc: 0.6600, F1: 0.6432, Time: 0.07s
      HP Tuning LogisticRegression...
n_iterations: 3
n_required_iterations: 3
n_possible_iterations: 4
min_resources_: 40
max_resources_: 2000
aggressive_elimination: False
factor: 3
----------
iter: 0
n_candidates: 12
n_resources: 40
Fitting 2 folds for each of 12 candidates, totalling 24 fits
----------
iter: 1
n_candidates: 4
n_resources: 120
Fitting 2 folds for each of 4 candidates, totalling 8 fits
----------
iter: 2
n_candidates: 2
n_resources: 360
Fitting 2 folds for each of 2 candidates, totalling 4 fits
      -> [Tuned_Baseline] Acc: 0.6957, F1: 0.6720, Time: 0.00s
    Evaluating Model: RNN
      -> [Baseline] Acc: 0.1333, F1: 0.0490, Time: 0.13s
      -> [Tuned_Baseline] Acc: 0.1333, F1: 0.0490, Time: 0.01s
    [=== Generating 2x synthetic data with Jittering ===]
      -> [KNN + Jittering @ 2x] Acc: 0.6506, F1: 0.6547, Time: 0.17s
      -> [RandomForest + Jittering @ 2x] Acc: 0.6083, F1: 0.6092, Time: 0.67s
      -> [LinearSVC + Jittering @ 2x] Acc: 0.6491, F1: 0.6388, Time: 0.06s
      -> [LogisticRegression + Jittering @ 2x] Acc: 0.6941, F1: 0.6720, Time: 0.29s
      -> [RNN + Jittering @ 2x] Acc: 0.2222, F1: 0.1018, Time: 0.50s
    [=== Generating 3x synthetic data with Jittering ===]
      -> [KNN + Jittering @ 3x] Acc: 0.6496, F1: 0.6540, Time: 0.10s
      -> [RandomForest + Jittering @ 3x] Acc: 0.6136, F1: 0.6126, Time: 0.80s
      -> [LinearSVC + Jittering @ 3x] Acc: 0.6454, F1: 0.6344, Time: 0.04s
      -> [LogisticRegression + Jittering @ 3x] Acc: 0.6958, F1: 0.6752, Time: 0.37s
      -> [RNN + Jittering @ 3x] Acc: 0.3000, F1: 0.1880, Time: 0.56s
    [=== Generating 5x synthetic data with Jittering ===]
      -> [KNN + Jittering @ 5x] Acc: 0.6546, F1: 0.6576, Time: 0.12s
      -> [RandomForest + Jittering @ 5x] Acc: 0.6010, F1: 0.6018, Time: 2.48s
      -> [LinearSVC + Jittering @ 5x] Acc: 0.6440, F1: 0.6335, Time: 0.07s
      -> [LogisticRegression + Jittering @ 5x] Acc: 0.6940, F1: 0.6739, Time: 0.28s
      -> [RNN + Jittering @ 5x] Acc: 0.3111, F1: 0.1691, Time: 0.50s
    [=== Generating 10x synthetic data with Jittering ===]
      -> [KNN + Jittering @ 10x] Acc: 0.6510, F1: 0.6537, Time: 0.34s
      -> [RandomForest + Jittering @ 10x] Acc: 0.6168, F1: 0.6170, Time: 3.39s
      -> [LinearSVC + Jittering @ 10x] Acc: 0.6443, F1: 0.6334, Time: 0.28s
      -> [LogisticRegression + Jittering @ 10x] Acc: 0.6934, F1: 0.6728, Time: 1.06s
      -> [RNN + Jittering @ 10x] Acc: 0.3111, F1: 0.2165, Time: 0.92s
    [=== Generating 2x synthetic data with Scaling ===]
      -> [KNN + Scaling @ 2x] Acc: 0.6412, F1: 0.6484, Time: 0.09s
      -> [RandomForest + Scaling @ 2x] Acc: 0.5891, F1: 0.5942, Time: 0.53s
      -> [LinearSVC + Scaling @ 2x] Acc: 0.6356, F1: 0.6192, Time: 0.06s
      -> [LogisticRegression + Scaling @ 2x] Acc: 0.6513, F1: 0.6454, Time: 0.29s
      -> [RNN + Scaling @ 2x] Acc: 0.1556, F1: 0.0880, Time: 0.28s
    [=== Generating 3x synthetic data with Scaling ===]
      -> [KNN + Scaling @ 3x] Acc: 0.6484, F1: 0.6527, Time: 0.21s
      -> [RandomForest + Scaling @ 3x] Acc: 0.6082, F1: 0.6065, Time: 1.39s
      -> [LinearSVC + Scaling @ 3x] Acc: 0.6237, F1: 0.6069, Time: 0.04s
      -> [LogisticRegression + Scaling @ 3x] Acc: 0.6442, F1: 0.6355, Time: 0.18s
      -> [RNN + Scaling @ 3x] Acc: 0.2889, F1: 0.2223, Time: 0.38s
    [=== Generating 5x synthetic data with Scaling ===]
      -> [KNN + Scaling @ 5x] Acc: 0.6612, F1: 0.6636, Time: 0.27s
      -> [RandomForest + Scaling @ 5x] Acc: 0.6318, F1: 0.6293, Time: 1.86s
      -> [LinearSVC + Scaling @ 5x] Acc: 0.6307, F1: 0.6151, Time: 0.09s
      -> [LogisticRegression + Scaling @ 5x] Acc: 0.6491, F1: 0.6454, Time: 0.60s
      -> [RNN + Scaling @ 5x] Acc: 0.4000, F1: 0.2341, Time: 0.97s
    [=== Generating 10x synthetic data with Scaling ===]
      -> [KNN + Scaling @ 10x] Acc: 0.6316, F1: 0.6353, Time: 0.16s
      -> [RandomForest + Scaling @ 10x] Acc: 0.6010, F1: 0.6007, Time: 2.71s
      -> [LinearSVC + Scaling @ 10x] Acc: 0.6230, F1: 0.6045, Time: 0.30s
      -> [LogisticRegression + Scaling @ 10x] Acc: 0.6337, F1: 0.6254, Time: 0.63s
      -> [RNN + Scaling @ 10x] Acc: 0.1222, F1: 0.0411, Time: 1.03s
    [=== Generating 2x synthetic data with Magnitude_Warping ===]
      -> [KNN + Magnitude_Warping @ 2x] Acc: 0.6498, F1: 0.6534, Time: 0.10s
      -> [RandomForest + Magnitude_Warping @ 2x] Acc: 0.6117, F1: 0.6062, Time: 0.90s
      -> [LinearSVC + Magnitude_Warping @ 2x] Acc: 0.6049, F1: 0.5848, Time: 0.03s
      -> [LogisticRegression + Magnitude_Warping @ 2x] Acc: 0.6148, F1: 0.6054, Time: 0.14s
      -> [RNN + Magnitude_Warping @ 2x] Acc: 0.2222, F1: 0.1072, Time: 0.29s
    [=== Generating 3x synthetic data with Magnitude_Warping ===]
      -> [KNN + Magnitude_Warping @ 3x] Acc: 0.6578, F1: 0.6617, Time: 0.11s
      -> [RandomForest + Magnitude_Warping @ 3x] Acc: 0.5983, F1: 0.5997, Time: 0.81s
      -> [LinearSVC + Magnitude_Warping @ 3x] Acc: 0.5778, F1: 0.5575, Time: 0.04s
      -> [LogisticRegression + Magnitude_Warping @ 3x] Acc: 0.6077, F1: 0.6034, Time: 0.40s
      -> [RNN + Magnitude_Warping @ 3x] Acc: 0.2444, F1: 0.1770, Time: 0.50s
    [=== Generating 5x synthetic data with Magnitude_Warping ===]
      -> [KNN + Magnitude_Warping @ 5x] Acc: 0.6371, F1: 0.6424, Time: 0.24s
      -> [RandomForest + Magnitude_Warping @ 5x] Acc: 0.5833, F1: 0.5832, Time: 1.96s
      -> [LinearSVC + Magnitude_Warping @ 5x] Acc: 0.5803, F1: 0.5531, Time: 0.06s
      -> [LogisticRegression + Magnitude_Warping @ 5x] Acc: 0.6099, F1: 0.6025, Time: 0.27s
      -> [RNN + Magnitude_Warping @ 5x] Acc: 0.3111, F1: 0.2024, Time: 0.65s
    [=== Generating 10x synthetic data with Magnitude_Warping ===]
      -> [KNN + Magnitude_Warping @ 10x] Acc: 0.6389, F1: 0.6429, Time: 0.38s
      -> [RandomForest + Magnitude_Warping @ 10x] Acc: 0.6061, F1: 0.6080, Time: 4.94s
      -> [LinearSVC + Magnitude_Warping @ 10x] Acc: 0.5922, F1: 0.5718, Time: 0.24s
      -> [LogisticRegression + Magnitude_Warping @ 10x] Acc: 0.6016, F1: 0.6010, Time: 1.09s
      -> [RNN + Magnitude_Warping @ 10x] Acc: 0.4444, F1: 0.3420, Time: 1.87s
    [=== Generating 2x synthetic data with Time_Warping ===]
      -> [KNN + Time_Warping @ 2x] Acc: 0.6359, F1: 0.6411, Time: 0.21s
      -> [RandomForest + Time_Warping @ 2x] Acc: 0.5787, F1: 0.5734, Time: 0.83s
      -> [LinearSVC + Time_Warping @ 2x] Acc: 0.5056, F1: 0.4554, Time: 0.02s
      -> [LogisticRegression + Time_Warping @ 2x] Acc: 0.5652, F1: 0.5511, Time: 0.07s
      -> [RNN + Time_Warping @ 2x] Acc: 0.1556, F1: 0.0879, Time: 0.26s
    [=== Generating 3x synthetic data with Time_Warping ===]
      -> [KNN + Time_Warping @ 3x] Acc: 0.6402, F1: 0.6449, Time: 0.13s
      -> [RandomForest + Time_Warping @ 3x] Acc: 0.5589, F1: 0.5533, Time: 0.82s
      -> [LinearSVC + Time_Warping @ 3x] Acc: 0.4233, F1: 0.3636, Time: 0.03s
      -> [LogisticRegression + Time_Warping @ 3x] Acc: 0.4717, F1: 0.4609, Time: 0.05s
      -> [RNN + Time_Warping @ 3x] Acc: 0.1889, F1: 0.1049, Time: 0.27s
    [=== Generating 5x synthetic data with Time_Warping ===]
      -> [KNN + Time_Warping @ 5x] Acc: 0.6373, F1: 0.6431, Time: 0.16s
      -> [RandomForest + Time_Warping @ 5x] Acc: 0.5534, F1: 0.5474, Time: 1.82s
      -> [LinearSVC + Time_Warping @ 5x] Acc: 0.4196, F1: 0.3657, Time: 0.08s
      -> [LogisticRegression + Time_Warping @ 5x] Acc: 0.4193, F1: 0.4244, Time: 0.21s
      -> [RNN + Time_Warping @ 5x] Acc: 0.3000, F1: 0.1564, Time: 0.61s
    [=== Generating 10x synthetic data with Time_Warping ===]
      -> [KNN + Time_Warping @ 10x] Acc: 0.6232, F1: 0.6302, Time: 0.23s
      -> [RandomForest + Time_Warping @ 10x] Acc: 0.5188, F1: 0.5085, Time: 3.88s
      -> [LinearSVC + Time_Warping @ 10x] Acc: 0.4220, F1: 0.3608, Time: 0.11s
      -> [LogisticRegression + Time_Warping @ 10x] Acc: 0.4427, F1: 0.4367, Time: 0.19s
      -> [RNN + Time_Warping @ 10x] Acc: 0.3667, F1: 0.2656, Time: 1.18s

    >> Seed Fold Selection: 5/10
    Evaluating Model: KNN
      -> [Baseline] Acc: 0.6942, F1: 0.6887, Time: 0.83s
      HP Tuning KNN...
n_iterations: 3
n_required_iterations: 3
n_possible_iterations: 4
min_resources_: 40
max_resources_: 2000
aggressive_elimination: False
factor: 3
----------
iter: 0
n_candidates: 20
n_resources: 40
Fitting 2 folds for each of 20 candidates, totalling 40 fits
----------
iter: 1
n_candidates: 7
n_resources: 120
Fitting 2 folds for each of 7 candidates, totalling 14 fits
----------
iter: 2
n_candidates: 3
n_resources: 360
Fitting 2 folds for each of 3 candidates, totalling 6 fits
      -> [Tuned_Baseline] Acc: 0.6813, F1: 0.6751, Time: 0.14s
    Evaluating Model: RandomForest
      -> [Baseline] Acc: 0.6689, F1: 0.6558, Time: 0.67s
      HP Tuning RandomForest...
n_iterations: 3
n_required_iterations: 3
n_possible_iterations: 4
min_resources_: 40
max_resources_: 2000
aggressive_elimination: False
factor: 3
----------
iter: 0
n_candidates: 20
n_resources: 40
Fitting 2 folds for each of 20 candidates, totalling 40 fits
----------
iter: 1
n_candidates: 7
n_resources: 120
Fitting 2 folds for each of 7 candidates, totalling 14 fits
----------
iter: 2
n_candidates: 3
n_resources: 360
Fitting 2 folds for each of 3 candidates, totalling 6 fits
      -> [Tuned_Baseline] Acc: 0.6662, F1: 0.6531, Time: 0.07s
    Evaluating Model: LinearSVC
      -> [Baseline] Acc: 0.6589, F1: 0.6500, Time: 0.03s
      HP Tuning LinearSVC...
n_iterations: 3
n_required_iterations: 3
n_possible_iterations: 4
min_resources_: 40
max_resources_: 2000
aggressive_elimination: False
factor: 3
----------
iter: 0
n_candidates: 20
n_resources: 40
Fitting 2 folds for each of 20 candidates, totalling 40 fits
----------
iter: 1
n_candidates: 7
n_resources: 120
Fitting 2 folds for each of 7 candidates, totalling 14 fits
----------
iter: 2
n_candidates: 3
n_resources: 360
Fitting 2 folds for each of 3 candidates, totalling 6 fits
      -> [Tuned_Baseline] Acc: 0.6832, F1: 0.6803, Time: 0.00s
    Evaluating Model: LogisticRegression
      -> [Baseline] Acc: 0.6479, F1: 0.6356, Time: 0.14s
      HP Tuning LogisticRegression...
n_iterations: 3
n_required_iterations: 3
n_possible_iterations: 4
min_resources_: 40
max_resources_: 2000
aggressive_elimination: False
factor: 3
----------
iter: 0
n_candidates: 12
n_resources: 40
Fitting 2 folds for each of 12 candidates, totalling 24 fits
----------
iter: 1
n_candidates: 4
n_resources: 120
Fitting 2 folds for each of 4 candidates, totalling 8 fits
----------
iter: 2
n_candidates: 2
n_resources: 360
Fitting 2 folds for each of 2 candidates, totalling 4 fits
      -> [Tuned_Baseline] Acc: 0.6660, F1: 0.6516, Time: 0.00s
    Evaluating Model: RNN
      -> [Baseline] Acc: 0.1222, F1: 0.0600, Time: 0.27s
      -> [Tuned_Baseline] Acc: 0.1222, F1: 0.0600, Time: 0.01s
    [=== Generating 2x synthetic data with Jittering ===]
      -> [KNN + Jittering @ 2x] Acc: 0.6968, F1: 0.6904, Time: 0.18s
      -> [RandomForest + Jittering @ 2x] Acc: 0.6850, F1: 0.6721, Time: 0.58s
      -> [LinearSVC + Jittering @ 2x] Acc: 0.6851, F1: 0.6816, Time: 0.06s
      -> [LogisticRegression + Jittering @ 2x] Acc: 0.6832, F1: 0.6707, Time: 0.28s
      -> [RNN + Jittering @ 2x] Acc: 0.3556, F1: 0.2640, Time: 0.51s
    [=== Generating 3x synthetic data with Jittering ===]
      -> [KNN + Jittering @ 3x] Acc: 0.7037, F1: 0.6984, Time: 0.10s
      -> [RandomForest + Jittering @ 3x] Acc: 0.6833, F1: 0.6709, Time: 0.87s
      -> [LinearSVC + Jittering @ 3x] Acc: 0.6869, F1: 0.6841, Time: 0.08s
      -> [LogisticRegression + Jittering @ 3x] Acc: 0.6878, F1: 0.6775, Time: 0.37s
      -> [RNN + Jittering @ 3x] Acc: 0.3444, F1: 0.2471, Time: 0.56s
    [=== Generating 5x synthetic data with Jittering ===]
      -> [KNN + Jittering @ 5x] Acc: 0.7023, F1: 0.6964, Time: 0.24s
      -> [RandomForest + Jittering @ 5x] Acc: 0.6827, F1: 0.6693, Time: 1.71s
      -> [LinearSVC + Jittering @ 5x] Acc: 0.6879, F1: 0.6853, Time: 0.14s
      -> [LogisticRegression + Jittering @ 5x] Acc: 0.6860, F1: 0.6756, Time: 0.59s
      -> [RNN + Jittering @ 5x] Acc: 0.2222, F1: 0.1312, Time: 1.03s
    [=== Generating 10x synthetic data with Jittering ===]
      -> [KNN + Jittering @ 10x] Acc: 0.6982, F1: 0.6918, Time: 0.34s
      -> [RandomForest + Jittering @ 10x] Acc: 0.6942, F1: 0.6805, Time: 4.48s
      -> [LinearSVC + Jittering @ 10x] Acc: 0.6899, F1: 0.6874, Time: 0.31s
      -> [LogisticRegression + Jittering @ 10x] Acc: 0.6890, F1: 0.6797, Time: 0.56s
      -> [RNN + Jittering @ 10x] Acc: 0.4111, F1: 0.3234, Time: 0.90s
    [=== Generating 2x synthetic data with Scaling ===]
      -> [KNN + Scaling @ 2x] Acc: 0.6763, F1: 0.6757, Time: 0.09s
      -> [RandomForest + Scaling @ 2x] Acc: 0.6759, F1: 0.6643, Time: 0.54s
      -> [LinearSVC + Scaling @ 2x] Acc: 0.6720, F1: 0.6708, Time: 0.03s
      -> [LogisticRegression + Scaling @ 2x] Acc: 0.6832, F1: 0.6781, Time: 0.14s
      -> [RNN + Scaling @ 2x] Acc: 0.4333, F1: 0.3064, Time: 0.25s
    [=== Generating 3x synthetic data with Scaling ===]
      -> [KNN + Scaling @ 3x] Acc: 0.7022, F1: 0.6951, Time: 0.10s
      -> [RandomForest + Scaling @ 3x] Acc: 0.6714, F1: 0.6611, Time: 0.86s
      -> [LinearSVC + Scaling @ 3x] Acc: 0.6728, F1: 0.6689, Time: 0.06s
      -> [LogisticRegression + Scaling @ 3x] Acc: 0.6794, F1: 0.6695, Time: 0.18s
      -> [RNN + Scaling @ 3x] Acc: 0.3222, F1: 0.1977, Time: 0.37s
    [=== Generating 5x synthetic data with Scaling ===]
      -> [KNN + Scaling @ 5x] Acc: 0.6906, F1: 0.6846, Time: 0.25s
      -> [RandomForest + Scaling @ 5x] Acc: 0.6581, F1: 0.6497, Time: 1.71s
      -> [LinearSVC + Scaling @ 5x] Acc: 0.6671, F1: 0.6644, Time: 0.13s
      -> [LogisticRegression + Scaling @ 5x] Acc: 0.6419, F1: 0.6340, Time: 0.58s
      -> [RNN + Scaling @ 5x] Acc: 0.3889, F1: 0.2620, Time: 0.52s
    [=== Generating 10x synthetic data with Scaling ===]
      -> [KNN + Scaling @ 10x] Acc: 0.6954, F1: 0.6891, Time: 0.17s
      -> [RandomForest + Scaling @ 10x] Acc: 0.6732, F1: 0.6651, Time: 3.92s
      -> [LinearSVC + Scaling @ 10x] Acc: 0.6692, F1: 0.6661, Time: 0.29s
      -> [LogisticRegression + Scaling @ 10x] Acc: 0.6390, F1: 0.6247, Time: 0.75s
      -> [RNN + Scaling @ 10x] Acc: 0.4556, F1: 0.3182, Time: 1.96s
    [=== Generating 2x synthetic data with Magnitude_Warping ===]
      -> [KNN + Magnitude_Warping @ 2x] Acc: 0.6796, F1: 0.6724, Time: 0.14s
      -> [RandomForest + Magnitude_Warping @ 2x] Acc: 0.6511, F1: 0.6433, Time: 0.90s
      -> [LinearSVC + Magnitude_Warping @ 2x] Acc: 0.5984, F1: 0.5941, Time: 0.05s
      -> [LogisticRegression + Magnitude_Warping @ 2x] Acc: 0.6333, F1: 0.6240, Time: 0.27s
      -> [RNN + Magnitude_Warping @ 2x] Acc: 0.2333, F1: 0.1105, Time: 0.45s
    [=== Generating 3x synthetic data with Magnitude_Warping ===]
      -> [KNN + Magnitude_Warping @ 3x] Acc: 0.6698, F1: 0.6674, Time: 0.11s
      -> [RandomForest + Magnitude_Warping @ 3x] Acc: 0.6917, F1: 0.6858, Time: 1.71s
      -> [LinearSVC + Magnitude_Warping @ 3x] Acc: 0.5940, F1: 0.5939, Time: 0.07s
      -> [LogisticRegression + Magnitude_Warping @ 3x] Acc: 0.6117, F1: 0.6069, Time: 0.37s
      -> [RNN + Magnitude_Warping @ 3x] Acc: 0.3000, F1: 0.1871, Time: 0.44s
    [=== Generating 5x synthetic data with Magnitude_Warping ===]
      -> [KNN + Magnitude_Warping @ 5x] Acc: 0.6858, F1: 0.6805, Time: 0.24s
      -> [RandomForest + Magnitude_Warping @ 5x] Acc: 0.6753, F1: 0.6678, Time: 1.95s
      -> [LinearSVC + Magnitude_Warping @ 5x] Acc: 0.6024, F1: 0.5829, Time: 0.13s
      -> [LogisticRegression + Magnitude_Warping @ 5x] Acc: 0.6268, F1: 0.6226, Time: 0.50s
      -> [RNN + Magnitude_Warping @ 5x] Acc: 0.4667, F1: 0.3358, Time: 0.65s
    [=== Generating 10x synthetic data with Magnitude_Warping ===]
      -> [KNN + Magnitude_Warping @ 10x] Acc: 0.6679, F1: 0.6626, Time: 0.19s
      -> [RandomForest + Magnitude_Warping @ 10x] Acc: 0.6929, F1: 0.6855, Time: 3.04s
      -> [LinearSVC + Magnitude_Warping @ 10x] Acc: 0.5773, F1: 0.5612, Time: 0.13s
      -> [LogisticRegression + Magnitude_Warping @ 10x] Acc: 0.6278, F1: 0.6184, Time: 1.13s
      -> [RNN + Magnitude_Warping @ 10x] Acc: 0.3444, F1: 0.2235, Time: 2.01s
    [=== Generating 2x synthetic data with Time_Warping ===]
      -> [KNN + Time_Warping @ 2x] Acc: 0.6806, F1: 0.6747, Time: 0.22s
      -> [RandomForest + Time_Warping @ 2x] Acc: 0.6390, F1: 0.6237, Time: 1.23s
      -> [LinearSVC + Time_Warping @ 2x] Acc: 0.4600, F1: 0.4122, Time: 0.05s
      -> [LogisticRegression + Time_Warping @ 2x] Acc: 0.5158, F1: 0.5002, Time: 0.13s
      -> [RNN + Time_Warping @ 2x] Acc: 0.2111, F1: 0.0881, Time: 0.45s
    [=== Generating 3x synthetic data with Time_Warping ===]
      -> [KNN + Time_Warping @ 3x] Acc: 0.6873, F1: 0.6826, Time: 0.12s
      -> [RandomForest + Time_Warping @ 3x] Acc: 0.6254, F1: 0.6115, Time: 1.08s
      -> [LinearSVC + Time_Warping @ 3x] Acc: 0.4213, F1: 0.3732, Time: 0.06s
      -> [LogisticRegression + Time_Warping @ 3x] Acc: 0.4500, F1: 0.4238, Time: 0.12s
      -> [RNN + Time_Warping @ 3x] Acc: 0.2333, F1: 0.1389, Time: 0.55s
    [=== Generating 5x synthetic data with Time_Warping ===]
      -> [KNN + Time_Warping @ 5x] Acc: 0.6717, F1: 0.6654, Time: 0.16s
      -> [RandomForest + Time_Warping @ 5x] Acc: 0.6098, F1: 0.5977, Time: 2.04s
      -> [LinearSVC + Time_Warping @ 5x] Acc: 0.4513, F1: 0.3827, Time: 0.05s
      -> [LogisticRegression + Time_Warping @ 5x] Acc: 0.4524, F1: 0.4280, Time: 0.08s
      -> [RNN + Time_Warping @ 5x] Acc: 0.2333, F1: 0.1364, Time: 1.06s
    [=== Generating 10x synthetic data with Time_Warping ===]
      -> [KNN + Time_Warping @ 10x] Acc: 0.6787, F1: 0.6726, Time: 0.41s
      -> [RandomForest + Time_Warping @ 10x] Acc: 0.5838, F1: 0.5701, Time: 3.75s
      -> [LinearSVC + Time_Warping @ 10x] Acc: 0.4260, F1: 0.3646, Time: 0.11s
      -> [LogisticRegression + Time_Warping @ 10x] Acc: 0.4771, F1: 0.4508, Time: 0.25s
      -> [RNN + Time_Warping @ 10x] Acc: 0.3778, F1: 0.2687, Time: 1.43s

    >> Seed Fold Selection: 6/10
    Evaluating Model: KNN
      -> [Baseline] Acc: 0.6818, F1: 0.6647, Time: 0.56s
      HP Tuning KNN...
n_iterations: 3
n_required_iterations: 3
n_possible_iterations: 4
min_resources_: 40
max_resources_: 2000
aggressive_elimination: False
factor: 3
----------
iter: 0
n_candidates: 20
n_resources: 40
Fitting 2 folds for each of 20 candidates, totalling 40 fits
----------
iter: 1
n_candidates: 7
n_resources: 120
Fitting 2 folds for each of 7 candidates, totalling 14 fits
----------
iter: 2
n_candidates: 3
n_resources: 360
Fitting 2 folds for each of 3 candidates, totalling 6 fits
      -> [Tuned_Baseline] Acc: 0.6652, F1: 0.6490, Time: 0.09s
    Evaluating Model: RandomForest
      -> [Baseline] Acc: 0.6268, F1: 0.6181, Time: 0.95s
      HP Tuning RandomForest...
n_iterations: 3
n_required_iterations: 3
n_possible_iterations: 4
min_resources_: 40
max_resources_: 2000
aggressive_elimination: False
factor: 3
----------
iter: 0
n_candidates: 20
n_resources: 40
Fitting 2 folds for each of 20 candidates, totalling 40 fits
----------
iter: 1
n_candidates: 7
n_resources: 120
Fitting 2 folds for each of 7 candidates, totalling 14 fits
----------
iter: 2
n_candidates: 3
n_resources: 360
Fitting 2 folds for each of 3 candidates, totalling 6 fits
      -> [Tuned_Baseline] Acc: 0.5809, F1: 0.5674, Time: 0.04s
    Evaluating Model: LinearSVC
      -> [Baseline] Acc: 0.5762, F1: 0.5561, Time: 0.02s
      HP Tuning LinearSVC...
n_iterations: 3
n_required_iterations: 3
n_possible_iterations: 4
min_resources_: 40
max_resources_: 2000
aggressive_elimination: False
factor: 3
----------
iter: 0
n_candidates: 20
n_resources: 40
Fitting 2 folds for each of 20 candidates, totalling 40 fits
----------
iter: 1
n_candidates: 7
n_resources: 120
Fitting 2 folds for each of 7 candidates, totalling 14 fits
----------
iter: 2
n_candidates: 3
n_resources: 360
Fitting 2 folds for each of 3 candidates, totalling 6 fits
      -> [Tuned_Baseline] Acc: 0.5670, F1: 0.5347, Time: 0.00s
    Evaluating Model: LogisticRegression
      -> [Baseline] Acc: 0.6049, F1: 0.5984, Time: 0.07s
      HP Tuning LogisticRegression...
n_iterations: 3
n_required_iterations: 3
n_possible_iterations: 4
min_resources_: 40
max_resources_: 2000
aggressive_elimination: False
factor: 3
----------
iter: 0
n_candidates: 12
n_resources: 40
Fitting 2 folds for each of 12 candidates, totalling 24 fits
----------
iter: 1
n_candidates: 4
n_resources: 120
Fitting 2 folds for each of 4 candidates, totalling 8 fits
----------
iter: 2
n_candidates: 2
n_resources: 360
Fitting 2 folds for each of 2 candidates, totalling 4 fits
      -> [Tuned_Baseline] Acc: 0.6072, F1: 0.6082, Time: 0.00s
    Evaluating Model: RNN
      -> [Baseline] Acc: 0.1889, F1: 0.0910, Time: 0.26s
      -> [Tuned_Baseline] Acc: 0.1889, F1: 0.0910, Time: 0.01s
    [=== Generating 2x synthetic data with Jittering ===]
      -> [KNN + Jittering @ 2x] Acc: 0.6809, F1: 0.6646, Time: 0.22s
      -> [RandomForest + Jittering @ 2x] Acc: 0.6022, F1: 0.5898, Time: 1.56s
      -> [LinearSVC + Jittering @ 2x] Acc: 0.5699, F1: 0.5377, Time: 0.18s
      -> [LogisticRegression + Jittering @ 2x] Acc: 0.6200, F1: 0.6171, Time: 0.21s
      -> [RNN + Jittering @ 2x] Acc: 0.2889, F1: 0.1831, Time: 0.56s
    [=== Generating 3x synthetic data with Jittering ===]
      -> [KNN + Jittering @ 3x] Acc: 0.6876, F1: 0.6707, Time: 0.25s
      -> [RandomForest + Jittering @ 3x] Acc: 0.6206, F1: 0.6082, Time: 1.64s
      -> [LinearSVC + Jittering @ 3x] Acc: 0.5673, F1: 0.5355, Time: 0.27s
      -> [LogisticRegression + Jittering @ 3x] Acc: 0.6143, F1: 0.6127, Time: 0.18s
      -> [RNN + Jittering @ 3x] Acc: 0.5222, F1: 0.4016, Time: 0.42s
    [=== Generating 5x synthetic data with Jittering ===]
      -> [KNN + Jittering @ 5x] Acc: 0.6918, F1: 0.6742, Time: 0.14s
      -> [RandomForest + Jittering @ 5x] Acc: 0.6184, F1: 0.6076, Time: 2.33s
      -> [LinearSVC + Jittering @ 5x] Acc: 0.5684, F1: 0.5362, Time: 0.49s
      -> [LogisticRegression + Jittering @ 5x] Acc: 0.6296, F1: 0.6268, Time: 0.50s
      -> [RNN + Jittering @ 5x] Acc: 0.2556, F1: 0.1714, Time: 0.57s
    [=== Generating 10x synthetic data with Jittering ===]
      -> [KNN + Jittering @ 10x] Acc: 0.6946, F1: 0.6775, Time: 0.38s
      -> [RandomForest + Jittering @ 10x] Acc: 0.6127, F1: 0.6016, Time: 4.91s
      -> [LinearSVC + Jittering @ 10x] Acc: 0.5696, F1: 0.5376, Time: 0.98s
      -> [LogisticRegression + Jittering @ 10x] Acc: 0.6187, F1: 0.6153, Time: 0.90s
      -> [RNN + Jittering @ 10x] Acc: 0.3333, F1: 0.2821, Time: 1.24s
    [=== Generating 2x synthetic data with Scaling ===]
      -> [KNN + Scaling @ 2x] Acc: 0.6696, F1: 0.6523, Time: 0.16s
      -> [RandomForest + Scaling @ 2x] Acc: 0.5867, F1: 0.5759, Time: 0.90s
      -> [LinearSVC + Scaling @ 2x] Acc: 0.5848, F1: 0.5515, Time: 0.09s
      -> [LogisticRegression + Scaling @ 2x] Acc: 0.6484, F1: 0.6370, Time: 0.27s
      -> [RNN + Scaling @ 2x] Acc: 0.2111, F1: 0.1196, Time: 0.48s
    [=== Generating 3x synthetic data with Scaling ===]
      -> [KNN + Scaling @ 3x] Acc: 0.6783, F1: 0.6641, Time: 0.12s
      -> [RandomForest + Scaling @ 3x] Acc: 0.6008, F1: 0.5963, Time: 1.45s
      -> [LinearSVC + Scaling @ 3x] Acc: 0.5880, F1: 0.5557, Time: 0.26s
      -> [LogisticRegression + Scaling @ 3x] Acc: 0.5812, F1: 0.5919, Time: 0.37s
      -> [RNN + Scaling @ 3x] Acc: 0.3222, F1: 0.2253, Time: 0.27s
    [=== Generating 5x synthetic data with Scaling ===]
      -> [KNN + Scaling @ 5x] Acc: 0.6802, F1: 0.6626, Time: 0.30s
      -> [RandomForest + Scaling @ 5x] Acc: 0.6109, F1: 0.6037, Time: 2.21s
      -> [LinearSVC + Scaling @ 5x] Acc: 0.5923, F1: 0.5601, Time: 0.22s
      -> [LogisticRegression + Scaling @ 5x] Acc: 0.6460, F1: 0.6348, Time: 0.40s
      -> [RNN + Scaling @ 5x] Acc: 0.2778, F1: 0.1664, Time: 0.50s
    [=== Generating 10x synthetic data with Scaling ===]
      -> [KNN + Scaling @ 10x] Acc: 0.6723, F1: 0.6563, Time: 0.19s
      -> [RandomForest + Scaling @ 10x] Acc: 0.6128, F1: 0.6035, Time: 4.23s
      -> [LinearSVC + Scaling @ 10x] Acc: 0.5650, F1: 0.5321, Time: 0.44s
      -> [LogisticRegression + Scaling @ 10x] Acc: 0.6142, F1: 0.6088, Time: 0.58s
      -> [RNN + Scaling @ 10x] Acc: 0.5000, F1: 0.4283, Time: 1.13s
    [=== Generating 2x synthetic data with Magnitude_Warping ===]
      -> [KNN + Magnitude_Warping @ 2x] Acc: 0.6537, F1: 0.6365, Time: 0.12s
      -> [RandomForest + Magnitude_Warping @ 2x] Acc: 0.6248, F1: 0.6116, Time: 0.90s
      -> [LinearSVC + Magnitude_Warping @ 2x] Acc: 0.5601, F1: 0.5280, Time: 0.09s
      -> [LogisticRegression + Magnitude_Warping @ 2x] Acc: 0.6111, F1: 0.6001, Time: 0.25s
      -> [RNN + Magnitude_Warping @ 2x] Acc: 0.1556, F1: 0.0912, Time: 0.25s
    [=== Generating 3x synthetic data with Magnitude_Warping ===]
      -> [KNN + Magnitude_Warping @ 3x] Acc: 0.6547, F1: 0.6381, Time: 0.13s
      -> [RandomForest + Magnitude_Warping @ 3x] Acc: 0.6152, F1: 0.6055, Time: 1.85s
      -> [LinearSVC + Magnitude_Warping @ 3x] Acc: 0.5573, F1: 0.5301, Time: 0.14s
      -> [LogisticRegression + Magnitude_Warping @ 3x] Acc: 0.5729, F1: 0.5652, Time: 0.22s
      -> [RNN + Magnitude_Warping @ 3x] Acc: 0.2111, F1: 0.0897, Time: 0.45s
    [=== Generating 5x synthetic data with Magnitude_Warping ===]
      -> [KNN + Magnitude_Warping @ 5x] Acc: 0.6717, F1: 0.6572, Time: 0.17s
      -> [RandomForest + Magnitude_Warping @ 5x] Acc: 0.6351, F1: 0.6232, Time: 2.90s
      -> [LinearSVC + Magnitude_Warping @ 5x] Acc: 0.5822, F1: 0.5461, Time: 0.22s
      -> [LogisticRegression + Magnitude_Warping @ 5x] Acc: 0.6040, F1: 0.5973, Time: 0.23s
      -> [RNN + Magnitude_Warping @ 5x] Acc: 0.2778, F1: 0.1791, Time: 1.12s
    [=== Generating 10x synthetic data with Magnitude_Warping ===]
      -> [KNN + Magnitude_Warping @ 10x] Acc: 0.6761, F1: 0.6625, Time: 0.22s
      -> [RandomForest + Magnitude_Warping @ 10x] Acc: 0.6192, F1: 0.6038, Time: 6.00s
      -> [LinearSVC + Magnitude_Warping @ 10x] Acc: 0.5558, F1: 0.5184, Time: 0.54s
      -> [LogisticRegression + Magnitude_Warping @ 10x] Acc: 0.5901, F1: 0.5799, Time: 0.41s
      -> [RNN + Magnitude_Warping @ 10x] Acc: 0.3333, F1: 0.2667, Time: 1.21s
    [=== Generating 2x synthetic data with Time_Warping ===]
      -> [KNN + Time_Warping @ 2x] Acc: 0.6626, F1: 0.6493, Time: 0.26s
      -> [RandomForest + Time_Warping @ 2x] Acc: 0.5072, F1: 0.5078, Time: 1.62s
      -> [LinearSVC + Time_Warping @ 2x] Acc: 0.4929, F1: 0.4376, Time: 0.10s
      -> [LogisticRegression + Time_Warping @ 2x] Acc: 0.5148, F1: 0.4931, Time: 0.13s
      -> [RNN + Time_Warping @ 2x] Acc: 0.0111, F1: 0.0200, Time: 0.51s
    [=== Generating 3x synthetic data with Time_Warping ===]
      -> [KNN + Time_Warping @ 3x] Acc: 0.6569, F1: 0.6434, Time: 0.24s
      -> [RandomForest + Time_Warping @ 3x] Acc: 0.4769, F1: 0.4770, Time: 1.29s
      -> [LinearSVC + Time_Warping @ 3x] Acc: 0.4493, F1: 0.3865, Time: 0.12s
      -> [LogisticRegression + Time_Warping @ 3x] Acc: 0.4999, F1: 0.4807, Time: 0.13s
      -> [RNN + Time_Warping @ 3x] Acc: 0.2778, F1: 0.2335, Time: 0.56s
    [=== Generating 5x synthetic data with Time_Warping ===]
      -> [KNN + Time_Warping @ 5x] Acc: 0.6568, F1: 0.6411, Time: 0.40s
      -> [RandomForest + Time_Warping @ 5x] Acc: 0.4809, F1: 0.4772, Time: 2.55s
      -> [LinearSVC + Time_Warping @ 5x] Acc: 0.4491, F1: 0.4040, Time: 0.19s
      -> [LogisticRegression + Time_Warping @ 5x] Acc: 0.4758, F1: 0.4611, Time: 0.19s
      -> [RNN + Time_Warping @ 5x] Acc: 0.1889, F1: 0.0834, Time: 0.88s
    [=== Generating 10x synthetic data with Time_Warping ===]
      -> [KNN + Time_Warping @ 10x] Acc: 0.6448, F1: 0.6294, Time: 0.57s
      -> [RandomForest + Time_Warping @ 10x] Acc: 0.4588, F1: 0.4614, Time: 5.01s
      -> [LinearSVC + Time_Warping @ 10x] Acc: 0.4139, F1: 0.3493, Time: 0.31s
      -> [LogisticRegression + Time_Warping @ 10x] Acc: 0.4346, F1: 0.4245, Time: 0.31s
      -> [RNN + Time_Warping @ 10x] Acc: 0.2000, F1: 0.1200, Time: 1.01s

    >> Seed Fold Selection: 7/10
    Evaluating Model: KNN
      -> [Baseline] Acc: 0.7499, F1: 0.7435, Time: 0.73s
      HP Tuning KNN...
n_iterations: 3
n_required_iterations: 3
n_possible_iterations: 4
min_resources_: 40
max_resources_: 2000
aggressive_elimination: False
factor: 3
----------
iter: 0
n_candidates: 20
n_resources: 40
Fitting 2 folds for each of 20 candidates, totalling 40 fits
----------
iter: 1
n_candidates: 7
n_resources: 120
Fitting 2 folds for each of 7 candidates, totalling 14 fits
----------
iter: 2
n_candidates: 3
n_resources: 360
Fitting 2 folds for each of 3 candidates, totalling 6 fits
      -> [Tuned_Baseline] Acc: 0.7496, F1: 0.7429, Time: 0.06s
    Evaluating Model: RandomForest
      -> [Baseline] Acc: 0.7171, F1: 0.7132, Time: 0.66s
      HP Tuning RandomForest...
n_iterations: 3
n_required_iterations: 3
n_possible_iterations: 4
min_resources_: 40
max_resources_: 2000
aggressive_elimination: False
factor: 3
----------
iter: 0
n_candidates: 20
n_resources: 40
Fitting 2 folds for each of 20 candidates, totalling 40 fits
----------
iter: 1
n_candidates: 7
n_resources: 120
Fitting 2 folds for each of 7 candidates, totalling 14 fits
----------
iter: 2
n_candidates: 3
n_resources: 360
Fitting 2 folds for each of 3 candidates, totalling 6 fits
      -> [Tuned_Baseline] Acc: 0.7156, F1: 0.7124, Time: 0.06s
    Evaluating Model: LinearSVC
      -> [Baseline] Acc: 0.6649, F1: 0.6573, Time: 0.02s
      HP Tuning LinearSVC...
n_iterations: 3
n_required_iterations: 3
n_possible_iterations: 4
min_resources_: 40
max_resources_: 2000
aggressive_elimination: False
factor: 3
----------
iter: 0
n_candidates: 20
n_resources: 40
Fitting 2 folds for each of 20 candidates, totalling 40 fits
----------
iter: 1
n_candidates: 7
n_resources: 120
Fitting 2 folds for each of 7 candidates, totalling 14 fits
----------
iter: 2
n_candidates: 3
n_resources: 360
Fitting 2 folds for each of 3 candidates, totalling 6 fits
      -> [Tuned_Baseline] Acc: 0.6648, F1: 0.6663, Time: 0.00s
    Evaluating Model: LogisticRegression
      -> [Baseline] Acc: 0.6804, F1: 0.6770, Time: 0.06s
      HP Tuning LogisticRegression...
n_iterations: 3
n_required_iterations: 3
n_possible_iterations: 4
min_resources_: 40
max_resources_: 2000
aggressive_elimination: False
factor: 3
----------
iter: 0
n_candidates: 12
n_resources: 40
Fitting 2 folds for each of 12 candidates, totalling 24 fits
----------
iter: 1
n_candidates: 4
n_resources: 120
Fitting 2 folds for each of 4 candidates, totalling 8 fits
----------
iter: 2
n_candidates: 2
n_resources: 360
Fitting 2 folds for each of 2 candidates, totalling 4 fits
      -> [Tuned_Baseline] Acc: 0.7156, F1: 0.7162, Time: 0.00s
    Evaluating Model: RNN
      -> [Baseline] Acc: 0.2000, F1: 0.0801, Time: 0.27s
      -> [Tuned_Baseline] Acc: 0.2000, F1: 0.0801, Time: 0.01s
    [=== Generating 2x synthetic data with Jittering ===]
      -> [KNN + Jittering @ 2x] Acc: 0.7638, F1: 0.7570, Time: 0.15s
      -> [RandomForest + Jittering @ 2x] Acc: 0.7449, F1: 0.7421, Time: 1.52s
      -> [LinearSVC + Jittering @ 2x] Acc: 0.6724, F1: 0.6707, Time: 0.06s
      -> [LogisticRegression + Jittering @ 2x] Acc: 0.7149, F1: 0.7153, Time: 0.15s
      -> [RNN + Jittering @ 2x] Acc: 0.1444, F1: 0.0667, Time: 0.25s
    [=== Generating 3x synthetic data with Jittering ===]
      -> [KNN + Jittering @ 3x] Acc: 0.7652, F1: 0.7589, Time: 0.08s
      -> [RandomForest + Jittering @ 3x] Acc: 0.7530, F1: 0.7507, Time: 1.67s
      -> [LinearSVC + Jittering @ 3x] Acc: 0.6756, F1: 0.6732, Time: 0.04s
      -> [LogisticRegression + Jittering @ 3x] Acc: 0.7121, F1: 0.7136, Time: 0.23s
      -> [RNN + Jittering @ 3x] Acc: 0.3111, F1: 0.1853, Time: 0.43s
    [=== Generating 5x synthetic data with Jittering ===]
      -> [KNN + Jittering @ 5x] Acc: 0.7626, F1: 0.7559, Time: 0.10s
      -> [RandomForest + Jittering @ 5x] Acc: 0.7533, F1: 0.7502, Time: 2.69s
      -> [LinearSVC + Jittering @ 5x] Acc: 0.6779, F1: 0.6750, Time: 0.14s
      -> [LogisticRegression + Jittering @ 5x] Acc: 0.7146, F1: 0.7164, Time: 0.58s
      -> [RNN + Jittering @ 5x] Acc: 0.2222, F1: 0.1411, Time: 0.75s
    [=== Generating 10x synthetic data with Jittering ===]
      -> [KNN + Jittering @ 10x] Acc: 0.7610, F1: 0.7541, Time: 0.17s
      -> [RandomForest + Jittering @ 10x] Acc: 0.7447, F1: 0.7421, Time: 6.01s
      -> [LinearSVC + Jittering @ 10x] Acc: 0.6782, F1: 0.6752, Time: 0.21s
      -> [LogisticRegression + Jittering @ 10x] Acc: 0.7061, F1: 0.7088, Time: 0.55s
      -> [RNN + Jittering @ 10x] Acc: 0.4222, F1: 0.2930, Time: 0.99s
    [=== Generating 2x synthetic data with Scaling ===]
      -> [KNN + Scaling @ 2x] Acc: 0.7531, F1: 0.7443, Time: 0.10s
      -> [RandomForest + Scaling @ 2x] Acc: 0.7373, F1: 0.7319, Time: 1.12s
      -> [LinearSVC + Scaling @ 2x] Acc: 0.6869, F1: 0.6798, Time: 0.06s
      -> [LogisticRegression + Scaling @ 2x] Acc: 0.6717, F1: 0.6755, Time: 0.14s
      -> [RNN + Scaling @ 2x] Acc: 0.1000, F1: 0.0273, Time: 0.31s
    [=== Generating 3x synthetic data with Scaling ===]
      -> [KNN + Scaling @ 3x] Acc: 0.7728, F1: 0.7665, Time: 0.08s
      -> [RandomForest + Scaling @ 3x] Acc: 0.7283, F1: 0.7258, Time: 1.70s
      -> [LinearSVC + Scaling @ 3x] Acc: 0.6759, F1: 0.6665, Time: 0.07s
      -> [LogisticRegression + Scaling @ 3x] Acc: 0.6828, F1: 0.6845, Time: 0.18s
      -> [RNN + Scaling @ 3x] Acc: 0.2222, F1: 0.1063, Time: 0.26s
    [=== Generating 5x synthetic data with Scaling ===]
      -> [KNN + Scaling @ 5x] Acc: 0.7504, F1: 0.7436, Time: 0.14s
      -> [RandomForest + Scaling @ 5x] Acc: 0.7287, F1: 0.7261, Time: 2.90s
      -> [LinearSVC + Scaling @ 5x] Acc: 0.6459, F1: 0.6334, Time: 0.07s
      -> [LogisticRegression + Scaling @ 5x] Acc: 0.6734, F1: 0.6746, Time: 0.28s
      -> [RNN + Scaling @ 5x] Acc: 0.2444, F1: 0.1312, Time: 0.49s
    [=== Generating 10x synthetic data with Scaling ===]
      -> [KNN + Scaling @ 10x] Acc: 0.7677, F1: 0.7592, Time: 0.14s
      -> [RandomForest + Scaling @ 10x] Acc: 0.7210, F1: 0.7165, Time: 5.57s
      -> [LinearSVC + Scaling @ 10x] Acc: 0.6604, F1: 0.6491, Time: 0.13s
      -> [LogisticRegression + Scaling @ 10x] Acc: 0.6882, F1: 0.6901, Time: 0.55s
      -> [RNN + Scaling @ 10x] Acc: 0.5222, F1: 0.4001, Time: 0.89s
    [=== Generating 2x synthetic data with Magnitude_Warping ===]
      -> [KNN + Magnitude_Warping @ 2x] Acc: 0.7517, F1: 0.7452, Time: 0.08s
      -> [RandomForest + Magnitude_Warping @ 2x] Acc: 0.7169, F1: 0.7124, Time: 1.12s
      -> [LinearSVC + Magnitude_Warping @ 2x] Acc: 0.6209, F1: 0.6103, Time: 0.03s
      -> [LogisticRegression + Magnitude_Warping @ 2x] Acc: 0.6761, F1: 0.6740, Time: 0.13s
      -> [RNN + Magnitude_Warping @ 2x] Acc: 0.2667, F1: 0.1918, Time: 0.25s
    [=== Generating 3x synthetic data with Magnitude_Warping ===]
      -> [KNN + Magnitude_Warping @ 3x] Acc: 0.7583, F1: 0.7519, Time: 0.09s
      -> [RandomForest + Magnitude_Warping @ 3x] Acc: 0.7387, F1: 0.7352, Time: 1.63s
      -> [LinearSVC + Magnitude_Warping @ 3x] Acc: 0.6002, F1: 0.5898, Time: 0.04s
      -> [LogisticRegression + Magnitude_Warping @ 3x] Acc: 0.6302, F1: 0.6292, Time: 0.18s
      -> [RNN + Magnitude_Warping @ 3x] Acc: 0.2000, F1: 0.1231, Time: 0.26s
    [=== Generating 5x synthetic data with Magnitude_Warping ===]
      -> [KNN + Magnitude_Warping @ 5x] Acc: 0.7372, F1: 0.7324, Time: 0.11s
      -> [RandomForest + Magnitude_Warping @ 5x] Acc: 0.7282, F1: 0.7276, Time: 2.71s
      -> [LinearSVC + Magnitude_Warping @ 5x] Acc: 0.6187, F1: 0.5988, Time: 0.06s
      -> [LogisticRegression + Magnitude_Warping @ 5x] Acc: 0.6410, F1: 0.6381, Time: 0.28s
      -> [RNN + Magnitude_Warping @ 5x] Acc: 0.3667, F1: 0.2613, Time: 0.48s
    [=== Generating 10x synthetic data with Magnitude_Warping ===]
      -> [KNN + Magnitude_Warping @ 10x] Acc: 0.7651, F1: 0.7587, Time: 0.16s
      -> [RandomForest + Magnitude_Warping @ 10x] Acc: 0.7486, F1: 0.7454, Time: 5.90s
      -> [LinearSVC + Magnitude_Warping @ 10x] Acc: 0.6088, F1: 0.5897, Time: 0.13s
      -> [LogisticRegression + Magnitude_Warping @ 10x] Acc: 0.6219, F1: 0.6215, Time: 0.45s
      -> [RNN + Magnitude_Warping @ 10x] Acc: 0.4111, F1: 0.2628, Time: 0.89s
    [=== Generating 2x synthetic data with Time_Warping ===]
      -> [KNN + Time_Warping @ 2x] Acc: 0.7502, F1: 0.7433, Time: 0.09s
      -> [RandomForest + Time_Warping @ 2x] Acc: 0.7060, F1: 0.7017, Time: 1.15s
      -> [LinearSVC + Time_Warping @ 2x] Acc: 0.4884, F1: 0.4434, Time: 0.02s
      -> [LogisticRegression + Time_Warping @ 2x] Acc: 0.5139, F1: 0.4865, Time: 0.08s
      -> [RNN + Time_Warping @ 2x] Acc: 0.1333, F1: 0.0632, Time: 0.25s
    [=== Generating 3x synthetic data with Time_Warping ===]
      -> [KNN + Time_Warping @ 3x] Acc: 0.7532, F1: 0.7471, Time: 0.10s
      -> [RandomForest + Time_Warping @ 3x] Acc: 0.6899, F1: 0.6825, Time: 1.75s
      -> [LinearSVC + Time_Warping @ 3x] Acc: 0.4850, F1: 0.4343, Time: 0.03s
      -> [LogisticRegression + Time_Warping @ 3x] Acc: 0.5102, F1: 0.4862, Time: 0.07s
      -> [RNN + Time_Warping @ 3x] Acc: 0.2111, F1: 0.1189, Time: 0.28s
    [=== Generating 5x synthetic data with Time_Warping ===]
      -> [KNN + Time_Warping @ 5x] Acc: 0.7464, F1: 0.7409, Time: 0.14s
      -> [RandomForest + Time_Warping @ 5x] Acc: 0.6561, F1: 0.6505, Time: 2.91s
      -> [LinearSVC + Time_Warping @ 5x] Acc: 0.4999, F1: 0.4692, Time: 0.06s
      -> [LogisticRegression + Time_Warping @ 5x] Acc: 0.5109, F1: 0.5079, Time: 0.10s
      -> [RNN + Time_Warping @ 5x] Acc: 0.2889, F1: 0.2006, Time: 0.50s
    [=== Generating 10x synthetic data with Time_Warping ===]
      -> [KNN + Time_Warping @ 10x] Acc: 0.7483, F1: 0.7426, Time: 0.19s
      -> [RandomForest + Time_Warping @ 10x] Acc: 0.6132, F1: 0.6086, Time: 6.05s
      -> [LinearSVC + Time_Warping @ 10x] Acc: 0.4671, F1: 0.4365, Time: 0.10s
      -> [LogisticRegression + Time_Warping @ 10x] Acc: 0.4877, F1: 0.4825, Time: 0.17s
      -> [RNN + Time_Warping @ 10x] Acc: 0.4333, F1: 0.3297, Time: 0.92s

    >> Seed Fold Selection: 8/10
    Evaluating Model: KNN
      -> [Baseline] Acc: 0.7077, F1: 0.7006, Time: 0.42s
      HP Tuning KNN...
n_iterations: 3
n_required_iterations: 3
n_possible_iterations: 4
min_resources_: 40
max_resources_: 2000
aggressive_elimination: False
factor: 3
----------
iter: 0
n_candidates: 20
n_resources: 40
Fitting 2 folds for each of 20 candidates, totalling 40 fits
----------
iter: 1
n_candidates: 7
n_resources: 120
Fitting 2 folds for each of 7 candidates, totalling 14 fits
----------
iter: 2
n_candidates: 3
n_resources: 360
Fitting 2 folds for each of 3 candidates, totalling 6 fits
      -> [Tuned_Baseline] Acc: 0.7097, F1: 0.7025, Time: 0.07s
    Evaluating Model: RandomForest
      -> [Baseline] Acc: 0.6596, F1: 0.6471, Time: 0.59s
      HP Tuning RandomForest...
n_iterations: 3
n_required_iterations: 3
n_possible_iterations: 4
min_resources_: 40
max_resources_: 2000
aggressive_elimination: False
factor: 3
----------
iter: 0
n_candidates: 20
n_resources: 40
Fitting 2 folds for each of 20 candidates, totalling 40 fits
----------
iter: 1
n_candidates: 7
n_resources: 120
Fitting 2 folds for each of 7 candidates, totalling 14 fits
----------
iter: 2
n_candidates: 3
n_resources: 360
Fitting 2 folds for each of 3 candidates, totalling 6 fits
      -> [Tuned_Baseline] Acc: 0.6586, F1: 0.6459, Time: 0.03s
    Evaluating Model: LinearSVC
      -> [Baseline] Acc: 0.6553, F1: 0.6253, Time: 0.02s
      HP Tuning LinearSVC...
n_iterations: 3
n_required_iterations: 3
n_possible_iterations: 4
min_resources_: 40
max_resources_: 2000
aggressive_elimination: False
factor: 3
----------
iter: 0
n_candidates: 20
n_resources: 40
Fitting 2 folds for each of 20 candidates, totalling 40 fits
----------
iter: 1
n_candidates: 7
n_resources: 120
Fitting 2 folds for each of 7 candidates, totalling 14 fits
----------
iter: 2
n_candidates: 3
n_resources: 360
Fitting 2 folds for each of 3 candidates, totalling 6 fits
      -> [Tuned_Baseline] Acc: 0.6741, F1: 0.6568, Time: 0.00s
    Evaluating Model: LogisticRegression
      -> [Baseline] Acc: 0.7038, F1: 0.6934, Time: 0.06s
      HP Tuning LogisticRegression...
n_iterations: 3
n_required_iterations: 3
n_possible_iterations: 4
min_resources_: 40
max_resources_: 2000
aggressive_elimination: False
factor: 3
----------
iter: 0
n_candidates: 12
n_resources: 40
Fitting 2 folds for each of 12 candidates, totalling 24 fits
----------
iter: 1
n_candidates: 4
n_resources: 120
Fitting 2 folds for each of 4 candidates, totalling 8 fits
----------
iter: 2
n_candidates: 2
n_resources: 360
Fitting 2 folds for each of 2 candidates, totalling 4 fits
      -> [Tuned_Baseline] Acc: 0.6961, F1: 0.6908, Time: 0.00s
    Evaluating Model: RNN
      -> [Baseline] Acc: 0.2333, F1: 0.1479, Time: 0.13s
      -> [Tuned_Baseline] Acc: 0.2333, F1: 0.1479, Time: 0.01s
    [=== Generating 2x synthetic data with Jittering ===]
      -> [KNN + Jittering @ 2x] Acc: 0.7161, F1: 0.7094, Time: 0.10s
      -> [RandomForest + Jittering @ 2x] Acc: 0.6802, F1: 0.6667, Time: 0.52s
      -> [LinearSVC + Jittering @ 2x] Acc: 0.6874, F1: 0.6686, Time: 0.03s
      -> [LogisticRegression + Jittering @ 2x] Acc: 0.6900, F1: 0.6836, Time: 0.13s
      -> [RNN + Jittering @ 2x] Acc: 0.3889, F1: 0.3286, Time: 0.25s
    [=== Generating 3x synthetic data with Jittering ===]
      -> [KNN + Jittering @ 3x] Acc: 0.7191, F1: 0.7122, Time: 0.11s
      -> [RandomForest + Jittering @ 3x] Acc: 0.6717, F1: 0.6585, Time: 0.76s
      -> [LinearSVC + Jittering @ 3x] Acc: 0.6837, F1: 0.6638, Time: 0.04s
      -> [LogisticRegression + Jittering @ 3x] Acc: 0.6980, F1: 0.6901, Time: 0.18s
      -> [RNN + Jittering @ 3x] Acc: 0.3889, F1: 0.2704, Time: 0.27s
    [=== Generating 5x synthetic data with Jittering ===]
      -> [KNN + Jittering @ 5x] Acc: 0.7190, F1: 0.7117, Time: 0.14s
      -> [RandomForest + Jittering @ 5x] Acc: 0.6744, F1: 0.6609, Time: 1.25s
      -> [LinearSVC + Jittering @ 5x] Acc: 0.6847, F1: 0.6663, Time: 0.07s
      -> [LogisticRegression + Jittering @ 5x] Acc: 0.6983, F1: 0.6910, Time: 0.28s
      -> [RNN + Jittering @ 5x] Acc: 0.2889, F1: 0.1767, Time: 0.49s
    [=== Generating 10x synthetic data with Jittering ===]
      -> [KNN + Jittering @ 10x] Acc: 0.7184, F1: 0.7111, Time: 0.19s
      -> [RandomForest + Jittering @ 10x] Acc: 0.6806, F1: 0.6668, Time: 2.57s
      -> [LinearSVC + Jittering @ 10x] Acc: 0.6831, F1: 0.6644, Time: 0.15s
      -> [LogisticRegression + Jittering @ 10x] Acc: 0.6980, F1: 0.6903, Time: 0.56s
      -> [RNN + Jittering @ 10x] Acc: 0.4556, F1: 0.3824, Time: 0.97s
    [=== Generating 2x synthetic data with Scaling ===]
      -> [KNN + Scaling @ 2x] Acc: 0.7130, F1: 0.7064, Time: 0.11s
      -> [RandomForest + Scaling @ 2x] Acc: 0.6768, F1: 0.6651, Time: 0.52s
      -> [LinearSVC + Scaling @ 2x] Acc: 0.6700, F1: 0.6541, Time: 0.03s
      -> [LogisticRegression + Scaling @ 2x] Acc: 0.7141, F1: 0.7053, Time: 0.13s
      -> [RNN + Scaling @ 2x] Acc: 0.1556, F1: 0.0860, Time: 0.26s
    [=== Generating 3x synthetic data with Scaling ===]
      -> [KNN + Scaling @ 3x] Acc: 0.6988, F1: 0.6915, Time: 0.12s
      -> [RandomForest + Scaling @ 3x] Acc: 0.6504, F1: 0.6370, Time: 0.75s
      -> [LinearSVC + Scaling @ 3x] Acc: 0.6367, F1: 0.6142, Time: 0.04s
      -> [LogisticRegression + Scaling @ 3x] Acc: 0.6791, F1: 0.6690, Time: 0.18s
      -> [RNN + Scaling @ 3x] Acc: 0.3333, F1: 0.2989, Time: 0.27s
    [=== Generating 5x synthetic data with Scaling ===]
      -> [KNN + Scaling @ 5x] Acc: 0.7103, F1: 0.7032, Time: 0.16s
      -> [RandomForest + Scaling @ 5x] Acc: 0.6839, F1: 0.6730, Time: 1.27s
      -> [LinearSVC + Scaling @ 5x] Acc: 0.6517, F1: 0.6340, Time: 0.06s
      -> [LogisticRegression + Scaling @ 5x] Acc: 0.7082, F1: 0.6974, Time: 0.27s
      -> [RNN + Scaling @ 5x] Acc: 0.2889, F1: 0.1653, Time: 0.51s
    [=== Generating 10x synthetic data with Scaling ===]
      -> [KNN + Scaling @ 10x] Acc: 0.6993, F1: 0.6913, Time: 0.21s
      -> [RandomForest + Scaling @ 10x] Acc: 0.6781, F1: 0.6661, Time: 2.67s
      -> [LinearSVC + Scaling @ 10x] Acc: 0.6509, F1: 0.6328, Time: 0.13s
      -> [LogisticRegression + Scaling @ 10x] Acc: 0.7069, F1: 0.6962, Time: 0.57s
      -> [RNN + Scaling @ 10x] Acc: 0.2889, F1: 0.2349, Time: 0.94s
    [=== Generating 2x synthetic data with Magnitude_Warping ===]
      -> [KNN + Magnitude_Warping @ 2x] Acc: 0.7098, F1: 0.7033, Time: 0.11s
      -> [RandomForest + Magnitude_Warping @ 2x] Acc: 0.6886, F1: 0.6796, Time: 0.54s
      -> [LinearSVC + Magnitude_Warping @ 2x] Acc: 0.6058, F1: 0.5771, Time: 0.03s
      -> [LogisticRegression + Magnitude_Warping @ 2x] Acc: 0.6908, F1: 0.6774, Time: 0.14s
      -> [RNN + Magnitude_Warping @ 2x] Acc: 0.1667, F1: 0.0831, Time: 0.26s
    [=== Generating 3x synthetic data with Magnitude_Warping ===]
      -> [KNN + Magnitude_Warping @ 3x] Acc: 0.7051, F1: 0.6980, Time: 0.14s
      -> [RandomForest + Magnitude_Warping @ 3x] Acc: 0.6730, F1: 0.6649, Time: 0.80s
      -> [LinearSVC + Magnitude_Warping @ 3x] Acc: 0.6161, F1: 0.5897, Time: 0.04s
      -> [LogisticRegression + Magnitude_Warping @ 3x] Acc: 0.6743, F1: 0.6610, Time: 0.17s
      -> [RNN + Magnitude_Warping @ 3x] Acc: 0.3667, F1: 0.3143, Time: 0.27s
    [=== Generating 5x synthetic data with Magnitude_Warping ===]
      -> [KNN + Magnitude_Warping @ 5x] Acc: 0.6809, F1: 0.6691, Time: 0.18s
      -> [RandomForest + Magnitude_Warping @ 5x] Acc: 0.6921, F1: 0.6797, Time: 1.38s
      -> [LinearSVC + Magnitude_Warping @ 5x] Acc: 0.6053, F1: 0.5696, Time: 0.06s
      -> [LogisticRegression + Magnitude_Warping @ 5x] Acc: 0.6701, F1: 0.6453, Time: 0.27s
      -> [RNN + Magnitude_Warping @ 5x] Acc: 0.3778, F1: 0.2258, Time: 0.51s
    [=== Generating 10x synthetic data with Magnitude_Warping ===]
      -> [KNN + Magnitude_Warping @ 10x] Acc: 0.6790, F1: 0.6724, Time: 0.26s
      -> [RandomForest + Magnitude_Warping @ 10x] Acc: 0.6718, F1: 0.6628, Time: 2.94s
      -> [LinearSVC + Magnitude_Warping @ 10x] Acc: 0.6029, F1: 0.5670, Time: 0.12s
      -> [LogisticRegression + Magnitude_Warping @ 10x] Acc: 0.6788, F1: 0.6625, Time: 0.50s
      -> [RNN + Magnitude_Warping @ 10x] Acc: 0.3000, F1: 0.2122, Time: 0.89s
    [=== Generating 2x synthetic data with Time_Warping ===]
      -> [KNN + Time_Warping @ 2x] Acc: 0.7041, F1: 0.6968, Time: 0.13s
      -> [RandomForest + Time_Warping @ 2x] Acc: 0.6368, F1: 0.6227, Time: 0.52s
      -> [LinearSVC + Time_Warping @ 2x] Acc: 0.5104, F1: 0.4480, Time: 0.02s
      -> [LogisticRegression + Time_Warping @ 2x] Acc: 0.5457, F1: 0.5287, Time: 0.07s
      -> [RNN + Time_Warping @ 2x] Acc: 0.1889, F1: 0.1160, Time: 0.24s
    [=== Generating 3x synthetic data with Time_Warping ===]
      -> [KNN + Time_Warping @ 3x] Acc: 0.7004, F1: 0.6931, Time: 0.18s
      -> [RandomForest + Time_Warping @ 3x] Acc: 0.6069, F1: 0.5965, Time: 0.80s
      -> [LinearSVC + Time_Warping @ 3x] Acc: 0.4911, F1: 0.4311, Time: 0.03s
      -> [LogisticRegression + Time_Warping @ 3x] Acc: 0.5573, F1: 0.5549, Time: 0.06s
      -> [RNN + Time_Warping @ 3x] Acc: 0.2444, F1: 0.1757, Time: 0.27s
    [=== Generating 5x synthetic data with Time_Warping ===]
      -> [KNN + Time_Warping @ 5x] Acc: 0.7029, F1: 0.6949, Time: 0.23s
      -> [RandomForest + Time_Warping @ 5x] Acc: 0.5981, F1: 0.5866, Time: 1.33s
      -> [LinearSVC + Time_Warping @ 5x] Acc: 0.4786, F1: 0.4160, Time: 0.05s
      -> [LogisticRegression + Time_Warping @ 5x] Acc: 0.4961, F1: 0.4914, Time: 0.08s
      -> [RNN + Time_Warping @ 5x] Acc: 0.3111, F1: 0.1933, Time: 0.51s
    [=== Generating 10x synthetic data with Time_Warping ===]
      -> [KNN + Time_Warping @ 10x] Acc: 0.6787, F1: 0.6716, Time: 0.32s
      -> [RandomForest + Time_Warping @ 10x] Acc: 0.5380, F1: 0.5281, Time: 2.83s
      -> [LinearSVC + Time_Warping @ 10x] Acc: 0.4609, F1: 0.4032, Time: 0.10s
      -> [LogisticRegression + Time_Warping @ 10x] Acc: 0.5007, F1: 0.4945, Time: 0.14s
      -> [RNN + Time_Warping @ 10x] Acc: 0.2778, F1: 0.2453, Time: 0.95s

    >> Seed Fold Selection: 9/10
    Evaluating Model: KNN
      -> [Baseline] Acc: 0.6457, F1: 0.6492, Time: 0.43s
      HP Tuning KNN...
n_iterations: 3
n_required_iterations: 3
n_possible_iterations: 4
min_resources_: 40
max_resources_: 2000
aggressive_elimination: False
factor: 3
----------
iter: 0
n_candidates: 20
n_resources: 40
Fitting 2 folds for each of 20 candidates, totalling 40 fits
----------
iter: 1
n_candidates: 7
n_resources: 120
Fitting 2 folds for each of 7 candidates, totalling 14 fits
----------
iter: 2
n_candidates: 3
n_resources: 360
Fitting 2 folds for each of 3 candidates, totalling 6 fits
      -> [Tuned_Baseline] Acc: 0.6442, F1: 0.6487, Time: 0.07s
    Evaluating Model: RandomForest
      -> [Baseline] Acc: 0.5877, F1: 0.5794, Time: 0.61s
      HP Tuning RandomForest...
n_iterations: 3
n_required_iterations: 3
n_possible_iterations: 4
min_resources_: 40
max_resources_: 2000
aggressive_elimination: False
factor: 3
----------
iter: 0
n_candidates: 20
n_resources: 40
Fitting 2 folds for each of 20 candidates, totalling 40 fits
----------
iter: 1
n_candidates: 7
n_resources: 120
Fitting 2 folds for each of 7 candidates, totalling 14 fits
----------
iter: 2
n_candidates: 3
n_resources: 360
Fitting 2 folds for each of 3 candidates, totalling 6 fits
      -> [Tuned_Baseline] Acc: 0.5508, F1: 0.5458, Time: 0.04s
    Evaluating Model: LinearSVC
      -> [Baseline] Acc: 0.6496, F1: 0.6413, Time: 0.02s
      HP Tuning LinearSVC...
n_iterations: 3
n_required_iterations: 3
n_possible_iterations: 4
min_resources_: 40
max_resources_: 2000
aggressive_elimination: False
factor: 3
----------
iter: 0
n_candidates: 20
n_resources: 40
Fitting 2 folds for each of 20 candidates, totalling 40 fits
----------
iter: 1
n_candidates: 7
n_resources: 120
Fitting 2 folds for each of 7 candidates, totalling 14 fits
----------
iter: 2
n_candidates: 3
n_resources: 360
Fitting 2 folds for each of 3 candidates, totalling 6 fits
      -> [Tuned_Baseline] Acc: 0.6412, F1: 0.6322, Time: 0.00s
    Evaluating Model: LogisticRegression
      -> [Baseline] Acc: 0.6549, F1: 0.6510, Time: 0.06s
      HP Tuning LogisticRegression...
n_iterations: 3
n_required_iterations: 3
n_possible_iterations: 4
min_resources_: 40
max_resources_: 2000
aggressive_elimination: False
factor: 3
----------
iter: 0
n_candidates: 12
n_resources: 40
Fitting 2 folds for each of 12 candidates, totalling 24 fits
----------
iter: 1
n_candidates: 4
n_resources: 120
Fitting 2 folds for each of 4 candidates, totalling 8 fits
----------
iter: 2
n_candidates: 2
n_resources: 360
Fitting 2 folds for each of 2 candidates, totalling 4 fits
      -> [Tuned_Baseline] Acc: 0.6513, F1: 0.6464, Time: 0.00s
    Evaluating Model: RNN
      -> [Baseline] Acc: 0.2000, F1: 0.1217, Time: 0.13s
      -> [Tuned_Baseline] Acc: 0.2000, F1: 0.1217, Time: 0.01s
    [=== Generating 2x synthetic data with Jittering ===]
      -> [KNN + Jittering @ 2x] Acc: 0.6484, F1: 0.6530, Time: 0.09s
      -> [RandomForest + Jittering @ 2x] Acc: 0.5670, F1: 0.5596, Time: 0.89s
      -> [LinearSVC + Jittering @ 2x] Acc: 0.6418, F1: 0.6326, Time: 0.09s
      -> [LogisticRegression + Jittering @ 2x] Acc: 0.6418, F1: 0.6355, Time: 0.14s
      -> [RNN + Jittering @ 2x] Acc: 0.3444, F1: 0.2670, Time: 0.26s
    [=== Generating 3x synthetic data with Jittering ===]
      -> [KNN + Jittering @ 3x] Acc: 0.6582, F1: 0.6621, Time: 0.09s
      -> [RandomForest + Jittering @ 3x] Acc: 0.5758, F1: 0.5745, Time: 1.28s
      -> [LinearSVC + Jittering @ 3x] Acc: 0.6450, F1: 0.6360, Time: 0.13s
      -> [LogisticRegression + Jittering @ 3x] Acc: 0.6301, F1: 0.6258, Time: 0.18s
      -> [RNN + Jittering @ 3x] Acc: 0.3111, F1: 0.1834, Time: 0.27s
    [=== Generating 5x synthetic data with Jittering ===]
      -> [KNN + Jittering @ 5x] Acc: 0.6674, F1: 0.6693, Time: 0.12s
      -> [RandomForest + Jittering @ 5x] Acc: 0.5694, F1: 0.5657, Time: 2.08s
      -> [LinearSVC + Jittering @ 5x] Acc: 0.6427, F1: 0.6338, Time: 0.23s
      -> [LogisticRegression + Jittering @ 5x] Acc: 0.6352, F1: 0.6289, Time: 0.28s
      -> [RNN + Jittering @ 5x] Acc: 0.3889, F1: 0.2412, Time: 0.49s
    [=== Generating 10x synthetic data with Jittering ===]
      -> [KNN + Jittering @ 10x] Acc: 0.6580, F1: 0.6621, Time: 0.15s
      -> [RandomForest + Jittering @ 10x] Acc: 0.5643, F1: 0.5636, Time: 4.30s
      -> [LinearSVC + Jittering @ 10x] Acc: 0.6467, F1: 0.6377, Time: 0.49s
      -> [LogisticRegression + Jittering @ 10x] Acc: 0.6257, F1: 0.6166, Time: 0.57s
      -> [RNN + Jittering @ 10x] Acc: 0.3889, F1: 0.2613, Time: 0.89s
    [=== Generating 2x synthetic data with Scaling ===]
      -> [KNN + Scaling @ 2x] Acc: 0.6337, F1: 0.6371, Time: 0.09s
      -> [RandomForest + Scaling @ 2x] Acc: 0.5392, F1: 0.5289, Time: 0.88s
      -> [LinearSVC + Scaling @ 2x] Acc: 0.6229, F1: 0.6140, Time: 0.08s
      -> [LogisticRegression + Scaling @ 2x] Acc: 0.6120, F1: 0.5990, Time: 0.14s
      -> [RNN + Scaling @ 2x] Acc: 0.1000, F1: 0.0196, Time: 0.25s
    [=== Generating 3x synthetic data with Scaling ===]
      -> [KNN + Scaling @ 3x] Acc: 0.6303, F1: 0.6346, Time: 0.10s
      -> [RandomForest + Scaling @ 3x] Acc: 0.5478, F1: 0.5484, Time: 1.26s
      -> [LinearSVC + Scaling @ 3x] Acc: 0.6277, F1: 0.6189, Time: 0.13s
      -> [LogisticRegression + Scaling @ 3x] Acc: 0.5986, F1: 0.5967, Time: 0.18s
      -> [RNN + Scaling @ 3x] Acc: 0.2889, F1: 0.1903, Time: 0.27s
    [=== Generating 5x synthetic data with Scaling ===]
      -> [KNN + Scaling @ 5x] Acc: 0.6440, F1: 0.6441, Time: 0.12s
      -> [RandomForest + Scaling @ 5x] Acc: 0.5478, F1: 0.5427, Time: 2.06s
      -> [LinearSVC + Scaling @ 5x] Acc: 0.6233, F1: 0.6133, Time: 0.22s
      -> [LogisticRegression + Scaling @ 5x] Acc: 0.6100, F1: 0.6113, Time: 0.28s
      -> [RNN + Scaling @ 5x] Acc: 0.4222, F1: 0.2982, Time: 0.49s
    [=== Generating 10x synthetic data with Scaling ===]
      -> [KNN + Scaling @ 10x] Acc: 0.6460, F1: 0.6489, Time: 0.16s
      -> [RandomForest + Scaling @ 10x] Acc: 0.5658, F1: 0.5666, Time: 4.19s
      -> [LinearSVC + Scaling @ 10x] Acc: 0.6558, F1: 0.6486, Time: 0.44s
      -> [LogisticRegression + Scaling @ 10x] Acc: 0.6341, F1: 0.6302, Time: 0.55s
      -> [RNN + Scaling @ 10x] Acc: 0.4667, F1: 0.3741, Time: 0.96s
    [=== Generating 2x synthetic data with Magnitude_Warping ===]
      -> [KNN + Magnitude_Warping @ 2x] Acc: 0.6332, F1: 0.6374, Time: 0.09s
      -> [RandomForest + Magnitude_Warping @ 2x] Acc: 0.5369, F1: 0.5423, Time: 0.93s
      -> [LinearSVC + Magnitude_Warping @ 2x] Acc: 0.6677, F1: 0.6620, Time: 0.09s
      -> [LogisticRegression + Magnitude_Warping @ 2x] Acc: 0.6456, F1: 0.6420, Time: 0.14s
      -> [RNN + Magnitude_Warping @ 2x] Acc: 0.1000, F1: 0.0212, Time: 0.25s
    [=== Generating 3x synthetic data with Magnitude_Warping ===]
      -> [KNN + Magnitude_Warping @ 3x] Acc: 0.6531, F1: 0.6564, Time: 0.11s
      -> [RandomForest + Magnitude_Warping @ 3x] Acc: 0.5689, F1: 0.5668, Time: 1.30s
      -> [LinearSVC + Magnitude_Warping @ 3x] Acc: 0.6436, F1: 0.6317, Time: 0.13s
      -> [LogisticRegression + Magnitude_Warping @ 3x] Acc: 0.6501, F1: 0.6475, Time: 0.19s
      -> [RNN + Magnitude_Warping @ 3x] Acc: 0.2111, F1: 0.0879, Time: 0.27s
    [=== Generating 5x synthetic data with Magnitude_Warping ===]
      -> [KNN + Magnitude_Warping @ 5x] Acc: 0.6379, F1: 0.6411, Time: 0.13s
      -> [RandomForest + Magnitude_Warping @ 5x] Acc: 0.5759, F1: 0.5801, Time: 2.18s
      -> [LinearSVC + Magnitude_Warping @ 5x] Acc: 0.6130, F1: 0.6047, Time: 0.22s
      -> [LogisticRegression + Magnitude_Warping @ 5x] Acc: 0.5791, F1: 0.5792, Time: 0.28s
      -> [RNN + Magnitude_Warping @ 5x] Acc: 0.2000, F1: 0.0716, Time: 0.49s
    [=== Generating 10x synthetic data with Magnitude_Warping ===]
      -> [KNN + Magnitude_Warping @ 10x] Acc: 0.6333, F1: 0.6318, Time: 0.18s
      -> [RandomForest + Magnitude_Warping @ 10x] Acc: 0.5667, F1: 0.5652, Time: 4.37s
      -> [LinearSVC + Magnitude_Warping @ 10x] Acc: 0.6280, F1: 0.6194, Time: 0.44s
      -> [LogisticRegression + Magnitude_Warping @ 10x] Acc: 0.5821, F1: 0.5808, Time: 0.46s
      -> [RNN + Magnitude_Warping @ 10x] Acc: 0.4000, F1: 0.2465, Time: 0.90s
    [=== Generating 2x synthetic data with Time_Warping ===]
      -> [KNN + Time_Warping @ 2x] Acc: 0.6386, F1: 0.6441, Time: 0.10s
      -> [RandomForest + Time_Warping @ 2x] Acc: 0.4953, F1: 0.4975, Time: 0.89s
      -> [LinearSVC + Time_Warping @ 2x] Acc: 0.4856, F1: 0.4431, Time: 0.06s
      -> [LogisticRegression + Time_Warping @ 2x] Acc: 0.5239, F1: 0.5142, Time: 0.10s
      -> [RNN + Time_Warping @ 2x] Acc: 0.1000, F1: 0.0200, Time: 0.25s
    [=== Generating 3x synthetic data with Time_Warping ===]
      -> [KNN + Time_Warping @ 3x] Acc: 0.6361, F1: 0.6386, Time: 0.12s
      -> [RandomForest + Time_Warping @ 3x] Acc: 0.4776, F1: 0.4759, Time: 1.30s
      -> [LinearSVC + Time_Warping @ 3x] Acc: 0.4429, F1: 0.3919, Time: 0.07s
      -> [LogisticRegression + Time_Warping @ 3x] Acc: 0.4793, F1: 0.4734, Time: 0.07s
      -> [RNN + Time_Warping @ 3x] Acc: 0.3222, F1: 0.2094, Time: 0.27s
    [=== Generating 5x synthetic data with Time_Warping ===]
      -> [KNN + Time_Warping @ 5x] Acc: 0.6246, F1: 0.6277, Time: 0.16s
      -> [RandomForest + Time_Warping @ 5x] Acc: 0.4450, F1: 0.4420, Time: 2.14s
      -> [LinearSVC + Time_Warping @ 5x] Acc: 0.4248, F1: 0.3726, Time: 0.09s
      -> [LogisticRegression + Time_Warping @ 5x] Acc: 0.4610, F1: 0.4596, Time: 0.10s
      -> [RNN + Time_Warping @ 5x] Acc: 0.2667, F1: 0.1413, Time: 0.52s
    [=== Generating 10x synthetic data with Time_Warping ===]
      -> [KNN + Time_Warping @ 10x] Acc: 0.6290, F1: 0.6349, Time: 0.23s
      -> [RandomForest + Time_Warping @ 10x] Acc: 0.4077, F1: 0.4081, Time: 4.15s
      -> [LinearSVC + Time_Warping @ 10x] Acc: 0.4017, F1: 0.3335, Time: 0.17s
      -> [LogisticRegression + Time_Warping @ 10x] Acc: 0.4527, F1: 0.4394, Time: 0.19s
      -> [RNN + Time_Warping @ 10x] Acc: 0.4000, F1: 0.3041, Time: 0.89s

    >> Seed Fold Selection: 10/10
    Evaluating Model: KNN
      -> [Baseline] Acc: 0.5661, F1: 0.5566, Time: 0.43s
      HP Tuning KNN...
n_iterations: 3
n_required_iterations: 3
n_possible_iterations: 4
min_resources_: 40
max_resources_: 2000
aggressive_elimination: False
factor: 3
----------
iter: 0
n_candidates: 20
n_resources: 40
Fitting 2 folds for each of 20 candidates, totalling 40 fits
----------
iter: 1
n_candidates: 7
n_resources: 120
Fitting 2 folds for each of 7 candidates, totalling 14 fits
----------
iter: 2
n_candidates: 3
n_resources: 360
Fitting 2 folds for each of 3 candidates, totalling 6 fits
      -> [Tuned_Baseline] Acc: 0.5693, F1: 0.5593, Time: 0.06s
    Evaluating Model: RandomForest
      -> [Baseline] Acc: 0.5531, F1: 0.5381, Time: 0.65s
      HP Tuning RandomForest...
n_iterations: 3
n_required_iterations: 3
n_possible_iterations: 4
min_resources_: 40
max_resources_: 2000
aggressive_elimination: False
factor: 3
----------
iter: 0
n_candidates: 20
n_resources: 40
Fitting 2 folds for each of 20 candidates, totalling 40 fits
----------
iter: 1
n_candidates: 7
n_resources: 120
Fitting 2 folds for each of 7 candidates, totalling 14 fits
----------
iter: 2
n_candidates: 3
n_resources: 360
Fitting 2 folds for each of 3 candidates, totalling 6 fits
      -> [Tuned_Baseline] Acc: 0.5607, F1: 0.5440, Time: 0.03s
    Evaluating Model: LinearSVC
      -> [Baseline] Acc: 0.6286, F1: 0.6237, Time: 0.02s
      HP Tuning LinearSVC...
n_iterations: 3
n_required_iterations: 3
n_possible_iterations: 4
min_resources_: 40
max_resources_: 2000
aggressive_elimination: False
factor: 3
----------
iter: 0
n_candidates: 20
n_resources: 40
Fitting 2 folds for each of 20 candidates, totalling 40 fits
----------
iter: 1
n_candidates: 7
n_resources: 120
Fitting 2 folds for each of 7 candidates, totalling 14 fits
----------
iter: 2
n_candidates: 3
n_resources: 360
Fitting 2 folds for each of 3 candidates, totalling 6 fits
      -> [Tuned_Baseline] Acc: 0.6078, F1: 0.5933, Time: 0.00s
    Evaluating Model: LogisticRegression
      -> [Baseline] Acc: 0.5741, F1: 0.5596, Time: 0.06s
      HP Tuning LogisticRegression...
n_iterations: 3
n_required_iterations: 3
n_possible_iterations: 4
min_resources_: 40
max_resources_: 2000
aggressive_elimination: False
factor: 3
----------
iter: 0
n_candidates: 12
n_resources: 40
Fitting 2 folds for each of 12 candidates, totalling 24 fits
----------
iter: 1
n_candidates: 4
n_resources: 120
Fitting 2 folds for each of 4 candidates, totalling 8 fits
----------
iter: 2
n_candidates: 2
n_resources: 360
Fitting 2 folds for each of 2 candidates, totalling 4 fits
      -> [Tuned_Baseline] Acc: 0.5818, F1: 0.5710, Time: 0.00s
    Evaluating Model: RNN
      -> [Baseline] Acc: 0.2000, F1: 0.1302, Time: 0.13s
      -> [Tuned_Baseline] Acc: 0.2000, F1: 0.1302, Time: 0.01s
    [=== Generating 2x synthetic data with Jittering ===]
      -> [KNN + Jittering @ 2x] Acc: 0.5754, F1: 0.5649, Time: 0.08s
      -> [RandomForest + Jittering @ 2x] Acc: 0.5514, F1: 0.5358, Time: 0.57s
      -> [LinearSVC + Jittering @ 2x] Acc: 0.6094, F1: 0.5955, Time: 0.09s
      -> [LogisticRegression + Jittering @ 2x] Acc: 0.5650, F1: 0.5608, Time: 0.14s
      -> [RNN + Jittering @ 2x] Acc: 0.3222, F1: 0.1985, Time: 0.24s
    [=== Generating 3x synthetic data with Jittering ===]
      -> [KNN + Jittering @ 3x] Acc: 0.5729, F1: 0.5623, Time: 0.09s
      -> [RandomForest + Jittering @ 3x] Acc: 0.5401, F1: 0.5281, Time: 0.85s
      -> [LinearSVC + Jittering @ 3x] Acc: 0.6094, F1: 0.5953, Time: 0.14s
      -> [LogisticRegression + Jittering @ 3x] Acc: 0.5593, F1: 0.5563, Time: 0.18s
      -> [RNN + Jittering @ 3x] Acc: 0.2111, F1: 0.0932, Time: 0.26s
    [=== Generating 5x synthetic data with Jittering ===]
      -> [KNN + Jittering @ 5x] Acc: 0.5810, F1: 0.5696, Time: 0.11s
      -> [RandomForest + Jittering @ 5x] Acc: 0.5714, F1: 0.5505, Time: 1.37s
      -> [LinearSVC + Jittering @ 5x] Acc: 0.6081, F1: 0.5942, Time: 0.24s
      -> [LogisticRegression + Jittering @ 5x] Acc: 0.5702, F1: 0.5650, Time: 0.28s
      -> [RNN + Jittering @ 5x] Acc: 0.2556, F1: 0.1448, Time: 0.51s
    [=== Generating 10x synthetic data with Jittering ===]
      -> [KNN + Jittering @ 10x] Acc: 0.5749, F1: 0.5623, Time: 0.14s
      -> [RandomForest + Jittering @ 10x] Acc: 0.5707, F1: 0.5530, Time: 2.86s
      -> [LinearSVC + Jittering @ 10x] Acc: 0.6107, F1: 0.5963, Time: 0.49s
      -> [LogisticRegression + Jittering @ 10x] Acc: 0.5690, F1: 0.5647, Time: 0.59s
      -> [RNN + Jittering @ 10x] Acc: 0.2667, F1: 0.1821, Time: 0.99s
    [=== Generating 2x synthetic data with Scaling ===]
      -> [KNN + Scaling @ 2x] Acc: 0.5911, F1: 0.5764, Time: 0.08s
      -> [RandomForest + Scaling @ 2x] Acc: 0.5584, F1: 0.5466, Time: 0.57s
      -> [LinearSVC + Scaling @ 2x] Acc: 0.6224, F1: 0.6060, Time: 0.09s
      -> [LogisticRegression + Scaling @ 2x] Acc: 0.5329, F1: 0.5249, Time: 0.14s
      -> [RNN + Scaling @ 2x] Acc: 0.4111, F1: 0.3112, Time: 0.24s
    [=== Generating 3x synthetic data with Scaling ===]
      -> [KNN + Scaling @ 3x] Acc: 0.5852, F1: 0.5753, Time: 0.09s
      -> [RandomForest + Scaling @ 3x] Acc: 0.5290, F1: 0.5195, Time: 0.78s
      -> [LinearSVC + Scaling @ 3x] Acc: 0.5962, F1: 0.5780, Time: 0.13s
      -> [LogisticRegression + Scaling @ 3x] Acc: 0.5448, F1: 0.5316, Time: 0.18s
      -> [RNN + Scaling @ 3x] Acc: 0.3889, F1: 0.2447, Time: 0.27s
    [=== Generating 5x synthetic data with Scaling ===]
      -> [KNN + Scaling @ 5x] Acc: 0.5529, F1: 0.5419, Time: 0.11s
      -> [RandomForest + Scaling @ 5x] Acc: 0.5013, F1: 0.4890, Time: 1.32s
      -> [LinearSVC + Scaling @ 5x] Acc: 0.6064, F1: 0.5930, Time: 0.21s
      -> [LogisticRegression + Scaling @ 5x] Acc: 0.5484, F1: 0.5393, Time: 0.28s
      -> [RNN + Scaling @ 5x] Acc: 0.4000, F1: 0.2496, Time: 0.52s
    [=== Generating 10x synthetic data with Scaling ===]
      -> [KNN + Scaling @ 10x] Acc: 0.5583, F1: 0.5455, Time: 0.16s
      -> [RandomForest + Scaling @ 10x] Acc: 0.5453, F1: 0.5293, Time: 2.80s
      -> [LinearSVC + Scaling @ 10x] Acc: 0.6211, F1: 0.6047, Time: 0.43s
      -> [LogisticRegression + Scaling @ 10x] Acc: 0.5703, F1: 0.5568, Time: 0.55s
      -> [RNN + Scaling @ 10x] Acc: 0.3556, F1: 0.2342, Time: 0.88s
    [=== Generating 2x synthetic data with Magnitude_Warping ===]
      -> [KNN + Magnitude_Warping @ 2x] Acc: 0.5674, F1: 0.5585, Time: 0.08s
      -> [RandomForest + Magnitude_Warping @ 2x] Acc: 0.5410, F1: 0.5332, Time: 0.55s
      -> [LinearSVC + Magnitude_Warping @ 2x] Acc: 0.6141, F1: 0.5924, Time: 0.08s
      -> [LogisticRegression + Magnitude_Warping @ 2x] Acc: 0.5322, F1: 0.5168, Time: 0.13s
      -> [RNN + Magnitude_Warping @ 2x] Acc: 0.3889, F1: 0.2968, Time: 0.25s
    [=== Generating 3x synthetic data with Magnitude_Warping ===]
      -> [KNN + Magnitude_Warping @ 3x] Acc: 0.5693, F1: 0.5605, Time: 0.10s
      -> [RandomForest + Magnitude_Warping @ 3x] Acc: 0.5424, F1: 0.5379, Time: 0.84s
      -> [LinearSVC + Magnitude_Warping @ 3x] Acc: 0.5799, F1: 0.5478, Time: 0.12s
      -> [LogisticRegression + Magnitude_Warping @ 3x] Acc: 0.5424, F1: 0.5228, Time: 0.18s
      -> [RNN + Magnitude_Warping @ 3x] Acc: 0.2556, F1: 0.1382, Time: 0.26s
    [=== Generating 5x synthetic data with Magnitude_Warping ===]
      -> [KNN + Magnitude_Warping @ 5x] Acc: 0.5614, F1: 0.5522, Time: 0.12s
      -> [RandomForest + Magnitude_Warping @ 5x] Acc: 0.5287, F1: 0.5255, Time: 1.38s
      -> [LinearSVC + Magnitude_Warping @ 5x] Acc: 0.5994, F1: 0.5717, Time: 0.21s
      -> [LogisticRegression + Magnitude_Warping @ 5x] Acc: 0.5564, F1: 0.5436, Time: 0.28s
      -> [RNN + Magnitude_Warping @ 5x] Acc: 0.4000, F1: 0.2296, Time: 0.51s
    [=== Generating 10x synthetic data with Magnitude_Warping ===]
      -> [KNN + Magnitude_Warping @ 10x] Acc: 0.5472, F1: 0.5429, Time: 0.17s
      -> [RandomForest + Magnitude_Warping @ 10x] Acc: 0.5089, F1: 0.5090, Time: 2.93s
      -> [LinearSVC + Magnitude_Warping @ 10x] Acc: 0.5981, F1: 0.5691, Time: 0.43s
      -> [LogisticRegression + Magnitude_Warping @ 10x] Acc: 0.5451, F1: 0.5347, Time: 0.56s
      -> [RNN + Magnitude_Warping @ 10x] Acc: 0.4778, F1: 0.3604, Time: 0.87s
    [=== Generating 2x synthetic data with Time_Warping ===]
      -> [KNN + Time_Warping @ 2x] Acc: 0.5671, F1: 0.5562, Time: 0.10s
      -> [RandomForest + Time_Warping @ 2x] Acc: 0.5461, F1: 0.5298, Time: 0.55s
      -> [LinearSVC + Time_Warping @ 2x] Acc: 0.4928, F1: 0.4269, Time: 0.07s
      -> [LogisticRegression + Time_Warping @ 2x] Acc: 0.4648, F1: 0.4408, Time: 0.07s
      -> [RNN + Time_Warping @ 2x] Acc: 0.1222, F1: 0.0564, Time: 0.24s
    [=== Generating 3x synthetic data with Time_Warping ===]
      -> [KNN + Time_Warping @ 3x] Acc: 0.5619, F1: 0.5519, Time: 0.11s
      -> [RandomForest + Time_Warping @ 3x] Acc: 0.5274, F1: 0.5147, Time: 0.85s
      -> [LinearSVC + Time_Warping @ 3x] Acc: 0.4728, F1: 0.4207, Time: 0.06s
      -> [LogisticRegression + Time_Warping @ 3x] Acc: 0.4658, F1: 0.4538, Time: 0.09s
      -> [RNN + Time_Warping @ 3x] Acc: 0.2000, F1: 0.1212, Time: 0.26s
    [=== Generating 5x synthetic data with Time_Warping ===]
      -> [KNN + Time_Warping @ 5x] Acc: 0.5647, F1: 0.5520, Time: 0.15s
      -> [RandomForest + Time_Warping @ 5x] Acc: 0.5219, F1: 0.4988, Time: 1.42s
      -> [LinearSVC + Time_Warping @ 5x] Acc: 0.4519, F1: 0.3906, Time: 0.10s
      -> [LogisticRegression + Time_Warping @ 5x] Acc: 0.4544, F1: 0.4419, Time: 0.11s
      -> [RNN + Time_Warping @ 5x] Acc: 0.2222, F1: 0.1121, Time: 0.49s
    [=== Generating 10x synthetic data with Time_Warping ===]
      -> [KNN + Time_Warping @ 10x] Acc: 0.5661, F1: 0.5515, Time: 0.21s
      -> [RandomForest + Time_Warping @ 10x] Acc: 0.5083, F1: 0.4909, Time: 2.97s
      -> [LinearSVC + Time_Warping @ 10x] Acc: 0.4336, F1: 0.3657, Time: 0.18s
      -> [LogisticRegression + Time_Warping @ 10x] Acc: 0.4342, F1: 0.4272, Time: 0.18s
      -> [RNN + Time_Warping @ 10x] Acc: 0.4667, F1: 0.3627, Time: 0.86s
No results to plot for Chinese_wine_F9_S2.
