Starting Coffee - Seed 20


==================================================
Running experiment for Coffee
==================================================

--- Fold 1/10 ---

  >> Seed sets per label: 20

    >> Seed Fold Selection: 1/10
    Evaluating Model: KNN
      -> [Baseline] Acc: 0.9933, F1: 0.9933, Time: 0.01s
      HP Tuning KNN...
n_iterations: 3
n_required_iterations: 3
n_possible_iterations: 5
min_resources_: 30
max_resources_: 4600
aggressive_elimination: False
factor: 3
----------
iter: 0
n_candidates: 20
n_resources: 30
Fitting 5 folds for each of 20 candidates, totalling 100 fits
----------
iter: 1
n_candidates: 7
n_resources: 90
Fitting 5 folds for each of 7 candidates, totalling 35 fits
----------
iter: 2
n_candidates: 3
n_resources: 270
Fitting 5 folds for each of 3 candidates, totalling 15 fits
      -> [Tuned_Baseline] Acc: 0.9883, F1: 0.9884, Time: 0.01s
    Evaluating Model: RandomForest
      -> [Baseline] Acc: 0.9067, F1: 0.9084, Time: 0.73s
      HP Tuning RandomForest...
n_iterations: 3
n_required_iterations: 3
n_possible_iterations: 5
min_resources_: 30
max_resources_: 4600
aggressive_elimination: False
factor: 3
----------
iter: 0
n_candidates: 20
n_resources: 30
Fitting 5 folds for each of 20 candidates, totalling 100 fits
----------
iter: 1
n_candidates: 7
n_resources: 90
Fitting 5 folds for each of 7 candidates, totalling 35 fits
----------
iter: 2
n_candidates: 3
n_resources: 270
Fitting 5 folds for each of 3 candidates, totalling 15 fits
      -> [Tuned_Baseline] Acc: 0.9067, F1: 0.9084, Time: 0.00s
    Evaluating Model: LinearSVC
      -> [Baseline] Acc: 0.7267, F1: 0.7184, Time: 0.02s
      HP Tuning LinearSVC...
n_iterations: 3
n_required_iterations: 3
n_possible_iterations: 5
min_resources_: 30
max_resources_: 4600
aggressive_elimination: False
factor: 3
----------
iter: 0
n_candidates: 20
n_resources: 30
Fitting 5 folds for each of 20 candidates, totalling 100 fits
----------
iter: 1
n_candidates: 7
n_resources: 90
Fitting 5 folds for each of 7 candidates, totalling 35 fits
----------
iter: 2
n_candidates: 3
n_resources: 270
Fitting 5 folds for each of 3 candidates, totalling 15 fits
      -> [Tuned_Baseline] Acc: 0.7267, F1: 0.7184, Time: 0.00s
    Evaluating Model: LogisticRegression
      -> [Baseline] Acc: 0.8083, F1: 0.8086, Time: 0.05s
      HP Tuning LogisticRegression...
n_iterations: 3
n_required_iterations: 3
n_possible_iterations: 5
min_resources_: 30
max_resources_: 4600
aggressive_elimination: False
factor: 3
----------
iter: 0
n_candidates: 12
n_resources: 30
Fitting 5 folds for each of 12 candidates, totalling 60 fits
----------
iter: 1
n_candidates: 4
n_resources: 90
Fitting 5 folds for each of 4 candidates, totalling 20 fits
----------
iter: 2
n_candidates: 2
n_resources: 270
Fitting 5 folds for each of 2 candidates, totalling 10 fits
      -> [Tuned_Baseline] Acc: 0.9133, F1: 0.9143, Time: 0.00s
    Evaluating Model: RNN
      -> [Baseline] Acc: 0.3333, F1: 0.1667, Time: 1.82s
      -> [Tuned_Baseline] Acc: 0.3333, F1: 0.1667, Time: 0.00s
    [=== Generating 2x synthetic data with Jittering ===]
      -> [KNN + Jittering @ 2x] Acc: 0.9933, F1: 0.9933, Time: 0.02s
      -> [RandomForest + Jittering @ 2x] Acc: 0.9133, F1: 0.9149, Time: 0.69s
      -> [LinearSVC + Jittering @ 2x] Acc: 0.7100, F1: 0.6987, Time: 0.03s
      -> [LogisticRegression + Jittering @ 2x] Acc: 0.8950, F1: 0.8962, Time: 0.09s
      -> [RNN + Jittering @ 2x] Acc: 0.8333, F1: 0.8175, Time: 0.30s
    [=== Generating 3x synthetic data with Jittering ===]
      -> [KNN + Jittering @ 3x] Acc: 0.9883, F1: 0.9884, Time: 0.02s
      -> [RandomForest + Jittering @ 3x] Acc: 0.9183, F1: 0.9198, Time: 1.02s
      -> [LinearSVC + Jittering @ 3x] Acc: 0.7067, F1: 0.6947, Time: 0.04s
      -> [LogisticRegression + Jittering @ 3x] Acc: 0.8917, F1: 0.8929, Time: 0.16s
      -> [RNN + Jittering @ 3x] Acc: 0.5000, F1: 0.4405, Time: 0.54s
    [=== Generating 5x synthetic data with Jittering ===]
      -> [KNN + Jittering @ 5x] Acc: 0.9883, F1: 0.9884, Time: 0.03s
      -> [RandomForest + Jittering @ 5x] Acc: 0.9483, F1: 0.9491, Time: 1.74s
      -> [LinearSVC + Jittering @ 5x] Acc: 0.7067, F1: 0.6947, Time: 0.06s
      -> [LogisticRegression + Jittering @ 5x] Acc: 0.8850, F1: 0.8863, Time: 0.26s
      -> [RNN + Jittering @ 5x] Acc: 0.5000, F1: 0.4944, Time: 0.68s
    [=== Generating 10x synthetic data with Jittering ===]
      -> [KNN + Jittering @ 10x] Acc: 0.9917, F1: 0.9917, Time: 0.07s
      -> [RandomForest + Jittering @ 10x] Acc: 0.9483, F1: 0.9491, Time: 3.89s
      -> [LinearSVC + Jittering @ 10x] Acc: 0.7017, F1: 0.6886, Time: 0.15s
      -> [LogisticRegression + Jittering @ 10x] Acc: 0.8767, F1: 0.8781, Time: 0.56s
      -> [RNN + Jittering @ 10x] Acc: 0.5000, F1: 0.4944, Time: 1.30s
    [=== Generating 2x synthetic data with Scaling ===]
      -> [KNN + Scaling @ 2x] Acc: 0.9900, F1: 0.9900, Time: 0.02s
      -> [RandomForest + Scaling @ 2x] Acc: 0.9067, F1: 0.9084, Time: 0.68s
      -> [LinearSVC + Scaling @ 2x] Acc: 0.6850, F1: 0.6689, Time: 0.02s
      -> [LogisticRegression + Scaling @ 2x] Acc: 0.7833, F1: 0.7831, Time: 0.09s
      -> [RNN + Scaling @ 2x] Acc: 0.1667, F1: 0.2000, Time: 0.29s
    [=== Generating 3x synthetic data with Scaling ===]
      -> [KNN + Scaling @ 3x] Acc: 0.9933, F1: 0.9933, Time: 0.02s
      -> [RandomForest + Scaling @ 3x] Acc: 0.9300, F1: 0.9309, Time: 1.01s
      -> [LinearSVC + Scaling @ 3x] Acc: 0.6817, F1: 0.6636, Time: 0.03s
      -> [LogisticRegression + Scaling @ 3x] Acc: 0.6700, F1: 0.6501, Time: 0.10s
      -> [RNN + Scaling @ 3x] Acc: 0.5000, F1: 0.4944, Time: 0.50s
    [=== Generating 5x synthetic data with Scaling ===]
      -> [KNN + Scaling @ 5x] Acc: 0.9917, F1: 0.9917, Time: 0.04s
      -> [RandomForest + Scaling @ 5x] Acc: 0.9267, F1: 0.9277, Time: 1.82s
      -> [LinearSVC + Scaling @ 5x] Acc: 0.6817, F1: 0.6677, Time: 0.06s
      -> [LogisticRegression + Scaling @ 5x] Acc: 0.6650, F1: 0.6452, Time: 0.16s
      -> [RNN + Scaling @ 5x] Acc: 0.5000, F1: 0.4944, Time: 0.68s
    [=== Generating 10x synthetic data with Scaling ===]
      -> [KNN + Scaling @ 10x] Acc: 0.9900, F1: 0.9900, Time: 0.06s
      -> [RandomForest + Scaling @ 10x] Acc: 0.9050, F1: 0.9067, Time: 3.92s
      -> [LinearSVC + Scaling @ 10x] Acc: 0.6817, F1: 0.6644, Time: 0.12s
      -> [LogisticRegression + Scaling @ 10x] Acc: 0.6417, F1: 0.6127, Time: 0.29s
      -> [RNN + Scaling @ 10x] Acc: 0.8333, F1: 0.8333, Time: 1.35s
    [=== Generating 2x synthetic data with Magnitude_Warping ===]
      -> [KNN + Magnitude_Warping @ 2x] Acc: 0.9917, F1: 0.9917, Time: 0.02s
      -> [RandomForest + Magnitude_Warping @ 2x] Acc: 0.9233, F1: 0.9245, Time: 0.73s
      -> [LinearSVC + Magnitude_Warping @ 2x] Acc: 0.6850, F1: 0.6725, Time: 0.02s
      -> [LogisticRegression + Magnitude_Warping @ 2x] Acc: 0.6633, F1: 0.6430, Time: 0.05s
      -> [RNN + Magnitude_Warping @ 2x] Acc: 0.6667, F1: 0.6222, Time: 0.28s
    [=== Generating 3x synthetic data with Magnitude_Warping ===]
      -> [KNN + Magnitude_Warping @ 3x] Acc: 0.9900, F1: 0.9900, Time: 0.02s
      -> [RandomForest + Magnitude_Warping @ 3x] Acc: 0.8967, F1: 0.8990, Time: 1.07s
      -> [LinearSVC + Magnitude_Warping @ 3x] Acc: 0.6817, F1: 0.6709, Time: 0.03s
      -> [LogisticRegression + Magnitude_Warping @ 3x] Acc: 0.6317, F1: 0.6007, Time: 0.06s
      -> [RNN + Magnitude_Warping @ 3x] Acc: 0.5000, F1: 0.4405, Time: 0.44s
    [=== Generating 5x synthetic data with Magnitude_Warping ===]
      -> [KNN + Magnitude_Warping @ 5x] Acc: 0.9850, F1: 0.9850, Time: 0.04s
      -> [RandomForest + Magnitude_Warping @ 5x] Acc: 0.9283, F1: 0.9293, Time: 1.82s
      -> [LinearSVC + Magnitude_Warping @ 5x] Acc: 0.6450, F1: 0.6357, Time: 0.05s
      -> [LogisticRegression + Magnitude_Warping @ 5x] Acc: 0.6217, F1: 0.5915, Time: 0.08s
      -> [RNN + Magnitude_Warping @ 5x] Acc: 0.5000, F1: 0.4405, Time: 0.71s
    [=== Generating 10x synthetic data with Magnitude_Warping ===]
      -> [KNN + Magnitude_Warping @ 10x] Acc: 0.9867, F1: 0.9867, Time: 0.07s
      -> [RandomForest + Magnitude_Warping @ 10x] Acc: 0.9000, F1: 0.9021, Time: 4.36s
      -> [LinearSVC + Magnitude_Warping @ 10x] Acc: 0.6567, F1: 0.6511, Time: 0.18s
      -> [LogisticRegression + Magnitude_Warping @ 10x] Acc: 0.6150, F1: 0.5883, Time: 0.27s
      -> [RNN + Magnitude_Warping @ 10x] Acc: 0.6667, F1: 0.6389, Time: 1.62s
    [=== Generating 2x synthetic data with Time_Warping ===]
      -> [KNN + Time_Warping @ 2x] Acc: 0.9867, F1: 0.9867, Time: 0.02s
      -> [RandomForest + Time_Warping @ 2x] Acc: 0.8883, F1: 0.8908, Time: 0.73s
      -> [LinearSVC + Time_Warping @ 2x] Acc: 0.6383, F1: 0.6352, Time: 0.02s
      -> [LogisticRegression + Time_Warping @ 2x] Acc: 0.5833, F1: 0.5368, Time: 0.04s
      -> [RNN + Time_Warping @ 2x] Acc: 0.6667, F1: 0.6222, Time: 0.37s
    [=== Generating 3x synthetic data with Time_Warping ===]
      -> [KNN + Time_Warping @ 3x] Acc: 0.9883, F1: 0.9884, Time: 0.03s
      -> [RandomForest + Time_Warping @ 3x] Acc: 0.8400, F1: 0.8446, Time: 1.04s
      -> [LinearSVC + Time_Warping @ 3x] Acc: 0.5950, F1: 0.5900, Time: 0.02s
      -> [LogisticRegression + Time_Warping @ 3x] Acc: 0.5433, F1: 0.5037, Time: 0.04s
      -> [RNN + Time_Warping @ 3x] Acc: 0.6667, F1: 0.6389, Time: 0.45s
    [=== Generating 5x synthetic data with Time_Warping ===]
      -> [KNN + Time_Warping @ 5x] Acc: 0.9800, F1: 0.9801, Time: 0.03s
      -> [RandomForest + Time_Warping @ 5x] Acc: 0.8300, F1: 0.8357, Time: 1.85s
      -> [LinearSVC + Time_Warping @ 5x] Acc: 0.6100, F1: 0.6068, Time: 0.04s
      -> [LogisticRegression + Time_Warping @ 5x] Acc: 0.5450, F1: 0.5039, Time: 0.05s
      -> [RNN + Time_Warping @ 5x] Acc: 0.5000, F1: 0.4944, Time: 0.59s
    [=== Generating 10x synthetic data with Time_Warping ===]
      -> [KNN + Time_Warping @ 10x] Acc: 0.9883, F1: 0.9884, Time: 0.08s
      -> [RandomForest + Time_Warping @ 10x] Acc: 0.8767, F1: 0.8796, Time: 4.29s
      -> [LinearSVC + Time_Warping @ 10x] Acc: 0.6050, F1: 0.6014, Time: 0.09s
      -> [LogisticRegression + Time_Warping @ 10x] Acc: 0.5567, F1: 0.5245, Time: 0.14s
      -> [RNN + Time_Warping @ 10x] Acc: 0.6667, F1: 0.6389, Time: 1.74s
    [=== Generating 2x synthetic data with SMOTE ===]
      -> [KNN + SMOTE @ 2x] Acc: 0.9850, F1: 0.9851, Time: 0.01s
      -> [RandomForest + SMOTE @ 2x] Acc: 0.9350, F1: 0.9360, Time: 0.72s
      -> [LinearSVC + SMOTE @ 2x] Acc: 0.6350, F1: 0.5958, Time: 0.03s
      -> [LogisticRegression + SMOTE @ 2x] Acc: 0.8233, F1: 0.8243, Time: 0.11s
      -> [RNN + SMOTE @ 2x] Acc: 0.5000, F1: 0.4405, Time: 0.29s
    [=== Generating 3x synthetic data with SMOTE ===]
      -> [KNN + SMOTE @ 3x] Acc: 0.9617, F1: 0.9620, Time: 0.02s
      -> [RandomForest + SMOTE @ 3x] Acc: 0.8917, F1: 0.8937, Time: 0.99s
      -> [LinearSVC + SMOTE @ 3x] Acc: 0.6617, F1: 0.6330, Time: 0.04s
      -> [LogisticRegression + SMOTE @ 3x] Acc: 0.8400, F1: 0.8413, Time: 0.17s
      -> [RNN + SMOTE @ 3x] Acc: 0.6667, F1: 0.5833, Time: 0.50s
    [=== Generating 5x synthetic data with SMOTE ===]
      -> [KNN + SMOTE @ 5x] Acc: 0.9683, F1: 0.9686, Time: 0.04s
      -> [RandomForest + SMOTE @ 5x] Acc: 0.9317, F1: 0.9325, Time: 1.81s
      -> [LinearSVC + SMOTE @ 5x] Acc: 0.6500, F1: 0.6170, Time: 0.08s
      -> [LogisticRegression + SMOTE @ 5x] Acc: 0.8017, F1: 0.8017, Time: 0.24s
      -> [RNN + SMOTE @ 5x] Acc: 0.5000, F1: 0.4405, Time: 0.95s
    [=== Generating 10x synthetic data with SMOTE ===]
      -> [KNN + SMOTE @ 10x] Acc: 0.9650, F1: 0.9653, Time: 0.08s
      -> [RandomForest + SMOTE @ 10x] Acc: 0.9200, F1: 0.9214, Time: 3.92s
      -> [LinearSVC + SMOTE @ 10x] Acc: 0.6500, F1: 0.6170, Time: 0.16s
      -> [LogisticRegression + SMOTE @ 10x] Acc: 0.7917, F1: 0.7906, Time: 0.81s
      -> [RNN + SMOTE @ 10x] Acc: 0.5000, F1: 0.4944, Time: 1.42s
    [=== Generating 2x synthetic data with ADASYN ===]
      -> [KNN + ADASYN @ 2x] Acc: 0.9933, F1: 0.9933, Time: 0.02s
      -> [RandomForest + ADASYN @ 2x] Acc: 0.9333, F1: 0.9338, Time: 0.68s
      -> [LinearSVC + ADASYN @ 2x] Acc: 0.9300, F1: 0.9299, Time: 0.03s
      -> [LogisticRegression + ADASYN @ 2x] Acc: 0.9133, F1: 0.9135, Time: 0.10s
      -> [RNN + ADASYN @ 2x] Acc: 0.6667, F1: 0.6667, Time: 0.29s
    [=== Generating 3x synthetic data with ADASYN ===]
      -> [KNN + ADASYN @ 3x] Acc: 0.9800, F1: 0.9801, Time: 0.02s
      -> [RandomForest + ADASYN @ 3x] Acc: 0.9233, F1: 0.9242, Time: 1.13s
      -> [LinearSVC + ADASYN @ 3x] Acc: 0.9133, F1: 0.9131, Time: 0.04s
      -> [LogisticRegression + ADASYN @ 3x] Acc: 0.9050, F1: 0.9050, Time: 0.18s
      -> [RNN + ADASYN @ 3x] Acc: 0.8333, F1: 0.7667, Time: 0.52s
    [=== Generating 5x synthetic data with ADASYN ===]
      -> [KNN + ADASYN @ 5x] Acc: 0.9700, F1: 0.9703, Time: 0.03s
      -> [RandomForest + ADASYN @ 5x] Acc: 0.9367, F1: 0.9373, Time: 2.14s
      -> [LinearSVC + ADASYN @ 5x] Acc: 0.9117, F1: 0.9105, Time: 0.07s
      -> [LogisticRegression + ADASYN @ 5x] Acc: 0.9050, F1: 0.9045, Time: 0.29s
      -> [RNN + ADASYN @ 5x] Acc: 0.5000, F1: 0.4405, Time: 0.88s
    [=== Generating 10x synthetic data with ADASYN ===]
      -> [KNN + ADASYN @ 10x] Acc: 0.9767, F1: 0.9768, Time: 0.07s
      -> [RandomForest + ADASYN @ 10x] Acc: 0.9317, F1: 0.9323, Time: 4.45s
      -> [LinearSVC + ADASYN @ 10x] Acc: 0.9017, F1: 0.9008, Time: 0.11s
      -> [LogisticRegression + ADASYN @ 10x] Acc: 0.8983, F1: 0.8980, Time: 0.67s
      -> [RNN + ADASYN @ 10x] Acc: 0.8333, F1: 0.7667, Time: 1.13s
    [=== Generating 2x synthetic data with Mixup ===]
      -> [KNN + Mixup @ 2x] Acc: 0.9867, F1: 0.9867, Time: 0.02s
      -> [RandomForest + Mixup @ 2x] Acc: 0.9033, F1: 0.9044, Time: 0.66s
      -> [LinearSVC + Mixup @ 2x] Acc: 0.6917, F1: 0.6764, Time: 0.03s
      -> [LogisticRegression + Mixup @ 2x] Acc: 0.8983, F1: 0.8993, Time: 0.11s
      -> [RNN + Mixup @ 2x] Acc: 0.5000, F1: 0.4405, Time: 0.30s
    [=== Generating 3x synthetic data with Mixup ===]
      -> [KNN + Mixup @ 3x] Acc: 0.9800, F1: 0.9801, Time: 0.02s
      -> [RandomForest + Mixup @ 3x] Acc: 0.9300, F1: 0.9310, Time: 1.02s
      -> [LinearSVC + Mixup @ 3x] Acc: 0.6700, F1: 0.6450, Time: 0.04s
      -> [LogisticRegression + Mixup @ 3x] Acc: 0.8800, F1: 0.8814, Time: 0.18s
      -> [RNN + Mixup @ 3x] Acc: 0.5000, F1: 0.4405, Time: 0.47s
    [=== Generating 5x synthetic data with Mixup ===]
      -> [KNN + Mixup @ 5x] Acc: 0.9783, F1: 0.9785, Time: 0.04s
      -> [RandomForest + Mixup @ 5x] Acc: 0.9000, F1: 0.9022, Time: 1.77s
      -> [LinearSVC + Mixup @ 5x] Acc: 0.7100, F1: 0.6987, Time: 0.05s
      -> [LogisticRegression + Mixup @ 5x] Acc: 0.9117, F1: 0.9126, Time: 0.23s
      -> [RNN + Mixup @ 5x] Acc: 0.5000, F1: 0.4405, Time: 0.64s
    [=== Generating 10x synthetic data with Mixup ===]
      -> [KNN + Mixup @ 10x] Acc: 0.9750, F1: 0.9752, Time: 0.06s
      -> [RandomForest + Mixup @ 10x] Acc: 0.9083, F1: 0.9094, Time: 3.86s
      -> [LinearSVC + Mixup @ 10x] Acc: 0.6750, F1: 0.6524, Time: 0.14s
      -> [LogisticRegression + Mixup @ 10x] Acc: 0.9017, F1: 0.9028, Time: 0.90s
      -> [RNN + Mixup @ 10x] Acc: 0.8333, F1: 0.8333, Time: 1.38s
    [=== Generating 2x synthetic data with GMM ===]
      -> [KNN + GMM @ 2x] Acc: 0.9950, F1: 0.9950, Time: 0.01s
      -> [RandomForest + GMM @ 2x] Acc: 0.8700, F1: 0.8729, Time: 0.71s
      -> [LinearSVC + GMM @ 2x] Acc: 0.6617, F1: 0.6386, Time: 0.02s
      -> [LogisticRegression + GMM @ 2x] Acc: 0.6133, F1: 0.5726, Time: 0.05s
      -> [RNN + GMM @ 2x] Acc: 0.5000, F1: 0.4405, Time: 0.27s
    [=== Generating 3x synthetic data with GMM ===]
      -> [KNN + GMM @ 3x] Acc: 0.9917, F1: 0.9917, Time: 0.02s
      -> [RandomForest + GMM @ 3x] Acc: 0.8967, F1: 0.8990, Time: 1.19s
      -> [LinearSVC + GMM @ 3x] Acc: 0.6650, F1: 0.6422, Time: 0.03s
      -> [LogisticRegression + GMM @ 3x] Acc: 0.6050, F1: 0.5590, Time: 0.08s
      -> [RNN + GMM @ 3x] Acc: 0.5000, F1: 0.4405, Time: 0.43s
    [=== Generating 5x synthetic data with GMM ===]
      -> [KNN + GMM @ 5x] Acc: 0.9833, F1: 0.9834, Time: 0.03s
      -> [RandomForest + GMM @ 5x] Acc: 0.8800, F1: 0.8825, Time: 2.28s
      -> [LinearSVC + GMM @ 5x] Acc: 0.6683, F1: 0.6551, Time: 0.05s
      -> [LogisticRegression + GMM @ 5x] Acc: 0.6167, F1: 0.5775, Time: 0.09s
      -> [RNN + GMM @ 5x] Acc: 0.5000, F1: 0.4944, Time: 0.68s
    [=== Generating 10x synthetic data with GMM ===]
      -> [KNN + GMM @ 10x] Acc: 0.9750, F1: 0.9751, Time: 0.08s
      -> [RandomForest + GMM @ 10x] Acc: 0.9017, F1: 0.9039, Time: 5.20s
      -> [LinearSVC + GMM @ 10x] Acc: 0.6433, F1: 0.6212, Time: 0.13s
      -> [LogisticRegression + GMM @ 10x] Acc: 0.6150, F1: 0.5727, Time: 0.31s
      -> [RNN + GMM @ 10x] Acc: 0.6667, F1: 0.6389, Time: 1.46s
    [=== Generating 2x synthetic data with HMM_GMM ===]
      -> [KNN + HMM_GMM @ 2x] Acc: 0.9867, F1: 0.9867, Time: 0.02s
      -> [RandomForest + HMM_GMM @ 2x] Acc: 0.8800, F1: 0.8825, Time: 0.54s
      -> [LinearSVC + HMM_GMM @ 2x] Acc: 0.5417, F1: 0.5148, Time: 0.02s
      -> [LogisticRegression + HMM_GMM @ 2x] Acc: 0.5583, F1: 0.5228, Time: 0.03s
      -> [RNN + HMM_GMM @ 2x] Acc: 0.6667, F1: 0.6222, Time: 0.30s
    [=== Generating 3x synthetic data with HMM_GMM ===]
      -> [KNN + HMM_GMM @ 3x] Acc: 0.9867, F1: 0.9867, Time: 0.02s
      -> [RandomForest + HMM_GMM @ 3x] Acc: 0.9367, F1: 0.9376, Time: 0.63s
      -> [LinearSVC + HMM_GMM @ 3x] Acc: 0.5217, F1: 0.4756, Time: 0.02s
      -> [LogisticRegression + HMM_GMM @ 3x] Acc: 0.5733, F1: 0.5455, Time: 0.03s
      -> [RNN + HMM_GMM @ 3x] Acc: 0.5000, F1: 0.4405, Time: 0.49s
    [=== Generating 5x synthetic data with HMM_GMM ===]
      -> [KNN + HMM_GMM @ 5x] Acc: 0.9867, F1: 0.9867, Time: 0.04s
      -> [RandomForest + HMM_GMM @ 5x] Acc: 0.9517, F1: 0.9523, Time: 0.74s
      -> [LinearSVC + HMM_GMM @ 5x] Acc: 0.5233, F1: 0.4775, Time: 0.05s
      -> [LogisticRegression + HMM_GMM @ 5x] Acc: 0.5883, F1: 0.5634, Time: 0.05s
      -> [RNN + HMM_GMM @ 5x] Acc: 0.5000, F1: 0.4944, Time: 0.80s
    [=== Generating 10x synthetic data with HMM_GMM ===]
      -> [KNN + HMM_GMM @ 10x] Acc: 0.9867, F1: 0.9867, Time: 0.09s
      -> [RandomForest + HMM_GMM @ 10x] Acc: 0.9433, F1: 0.9441, Time: 1.26s
      -> [LinearSVC + HMM_GMM @ 10x] Acc: 0.5117, F1: 0.4724, Time: 0.11s
      -> [LogisticRegression + HMM_GMM @ 10x] Acc: 0.5667, F1: 0.5461, Time: 0.12s
      -> [RNN + HMM_GMM @ 10x] Acc: 0.5000, F1: 0.4944, Time: 1.38s
    [=== Generating 2x synthetic data with TimeVAE ===]
      -> [KNN + TimeVAE @ 2x] Acc: 0.9883, F1: 0.9884, Time: 0.02s
      -> [RandomForest + TimeVAE @ 2x] Acc: 0.9150, F1: 0.9161, Time: 0.67s
      -> [LinearSVC + TimeVAE @ 2x] Acc: 0.6817, F1: 0.6682, Time: 0.02s
      -> [LogisticRegression + TimeVAE @ 2x] Acc: 0.8233, F1: 0.8234, Time: 0.10s
      -> [RNN + TimeVAE @ 2x] Acc: 0.5000, F1: 0.4405, Time: 0.38s
    [=== Generating 3x synthetic data with TimeVAE ===]
      -> [KNN + TimeVAE @ 3x] Acc: 0.9883, F1: 0.9884, Time: 0.02s
      -> [RandomForest + TimeVAE @ 3x] Acc: 0.9267, F1: 0.9276, Time: 1.00s
      -> [LinearSVC + TimeVAE @ 3x] Acc: 0.6800, F1: 0.6704, Time: 0.04s
      -> [LogisticRegression + TimeVAE @ 3x] Acc: 0.8200, F1: 0.8223, Time: 0.09s
      -> [RNN + TimeVAE @ 3x] Acc: 0.5000, F1: 0.4405, Time: 0.54s
    [=== Generating 5x synthetic data with TimeVAE ===]
      -> [KNN + TimeVAE @ 5x] Acc: 0.9883, F1: 0.9884, Time: 0.04s
      -> [RandomForest + TimeVAE @ 5x] Acc: 0.9100, F1: 0.9117, Time: 1.90s
      -> [LinearSVC + TimeVAE @ 5x] Acc: 0.6683, F1: 0.6621, Time: 0.08s
      -> [LogisticRegression + TimeVAE @ 5x] Acc: 0.8450, F1: 0.8461, Time: 0.15s
      -> [RNN + TimeVAE @ 5x] Acc: 0.5000, F1: 0.4667, Time: 0.88s
    [=== Generating 10x synthetic data with TimeVAE ===]
      -> [KNN + TimeVAE @ 10x] Acc: 0.9883, F1: 0.9884, Time: 0.07s
      -> [RandomForest + TimeVAE @ 10x] Acc: 0.8850, F1: 0.8874, Time: 4.57s
      -> [LinearSVC + TimeVAE @ 10x] Acc: 0.6467, F1: 0.6420, Time: 0.26s
      -> [LogisticRegression + TimeVAE @ 10x] Acc: 0.7967, F1: 0.7991, Time: 0.45s
      -> [RNN + TimeVAE @ 10x] Acc: 0.8333, F1: 0.8175, Time: 1.98s

    >> Seed Fold Selection: 2/10
    Evaluating Model: KNN
      -> [Baseline] Acc: 0.9917, F1: 0.9917, Time: 0.01s
      HP Tuning KNN...
n_iterations: 3
n_required_iterations: 3
n_possible_iterations: 5
min_resources_: 30
max_resources_: 4600
aggressive_elimination: False
factor: 3
----------
iter: 0
n_candidates: 20
n_resources: 30
Fitting 5 folds for each of 20 candidates, totalling 100 fits
----------
iter: 1
n_candidates: 7
n_resources: 90
Fitting 5 folds for each of 7 candidates, totalling 35 fits
----------
iter: 2
n_candidates: 3
n_resources: 270
Fitting 5 folds for each of 3 candidates, totalling 15 fits
      -> [Tuned_Baseline] Acc: 0.9783, F1: 0.9785, Time: 0.01s
    Evaluating Model: RandomForest
      -> [Baseline] Acc: 0.9150, F1: 0.9167, Time: 0.70s
      HP Tuning RandomForest...
n_iterations: 3
n_required_iterations: 3
n_possible_iterations: 5
min_resources_: 30
max_resources_: 4600
aggressive_elimination: False
factor: 3
----------
iter: 0
n_candidates: 20
n_resources: 30
Fitting 5 folds for each of 20 candidates, totalling 100 fits
----------
iter: 1
n_candidates: 7
n_resources: 90
Fitting 5 folds for each of 7 candidates, totalling 35 fits
----------
iter: 2
n_candidates: 3
n_resources: 270
Fitting 5 folds for each of 3 candidates, totalling 15 fits
      -> [Tuned_Baseline] Acc: 0.9183, F1: 0.9198, Time: 0.00s
    Evaluating Model: LinearSVC
      -> [Baseline] Acc: 0.6750, F1: 0.6547, Time: 0.01s
      HP Tuning LinearSVC...
n_iterations: 3
n_required_iterations: 3
n_possible_iterations: 5
min_resources_: 30
max_resources_: 4600
aggressive_elimination: False
factor: 3
----------
iter: 0
n_candidates: 20
n_resources: 30
Fitting 5 folds for each of 20 candidates, totalling 100 fits
----------
iter: 1
n_candidates: 7
n_resources: 90
Fitting 5 folds for each of 7 candidates, totalling 35 fits
----------
iter: 2
n_candidates: 3
n_resources: 270
Fitting 5 folds for each of 3 candidates, totalling 15 fits
      -> [Tuned_Baseline] Acc: 0.6733, F1: 0.6533, Time: 0.00s
    Evaluating Model: LogisticRegression
      -> [Baseline] Acc: 0.7417, F1: 0.7357, Time: 0.05s
      HP Tuning LogisticRegression...
n_iterations: 3
n_required_iterations: 3
n_possible_iterations: 5
min_resources_: 30
max_resources_: 4600
aggressive_elimination: False
factor: 3
----------
iter: 0
n_candidates: 12
n_resources: 30
Fitting 5 folds for each of 12 candidates, totalling 60 fits
----------
iter: 1
n_candidates: 4
n_resources: 90
Fitting 5 folds for each of 4 candidates, totalling 20 fits
----------
iter: 2
n_candidates: 2
n_resources: 270
Fitting 5 folds for each of 2 candidates, totalling 10 fits
      -> [Tuned_Baseline] Acc: 0.8717, F1: 0.8729, Time: 0.00s
    Evaluating Model: RNN
      -> [Baseline] Acc: 0.5000, F1: 0.5333, Time: 0.18s
      -> [Tuned_Baseline] Acc: 0.5000, F1: 0.5333, Time: 0.00s
    [=== Generating 2x synthetic data with Jittering ===]
      -> [KNN + Jittering @ 2x] Acc: 0.9883, F1: 0.9884, Time: 0.02s
      -> [RandomForest + Jittering @ 2x] Acc: 0.9317, F1: 0.9327, Time: 0.68s
      -> [LinearSVC + Jittering @ 2x] Acc: 0.6767, F1: 0.6568, Time: 0.03s
      -> [LogisticRegression + Jittering @ 2x] Acc: 0.8583, F1: 0.8595, Time: 0.12s
      -> [RNN + Jittering @ 2x] Acc: 0.3333, F1: 0.1667, Time: 0.30s
    [=== Generating 3x synthetic data with Jittering ===]
      -> [KNN + Jittering @ 3x] Acc: 0.9900, F1: 0.9900, Time: 0.02s
      -> [RandomForest + Jittering @ 3x] Acc: 0.9483, F1: 0.9490, Time: 0.96s
      -> [LinearSVC + Jittering @ 3x] Acc: 0.6767, F1: 0.6568, Time: 0.04s
      -> [LogisticRegression + Jittering @ 3x] Acc: 0.8500, F1: 0.8511, Time: 0.16s
      -> [RNN + Jittering @ 3x] Acc: 0.5000, F1: 0.4405, Time: 0.52s
    [=== Generating 5x synthetic data with Jittering ===]
      -> [KNN + Jittering @ 5x] Acc: 0.9950, F1: 0.9950, Time: 0.04s
      -> [RandomForest + Jittering @ 5x] Acc: 0.9533, F1: 0.9538, Time: 1.75s
      -> [LinearSVC + Jittering @ 5x] Acc: 0.6783, F1: 0.6590, Time: 0.05s
      -> [LogisticRegression + Jittering @ 5x] Acc: 0.8500, F1: 0.8511, Time: 0.13s
      -> [RNN + Jittering @ 5x] Acc: 0.3333, F1: 0.2222, Time: 0.76s
    [=== Generating 10x synthetic data with Jittering ===]
      -> [KNN + Jittering @ 10x] Acc: 0.9900, F1: 0.9900, Time: 0.07s
      -> [RandomForest + Jittering @ 10x] Acc: 0.9517, F1: 0.9522, Time: 3.90s
      -> [LinearSVC + Jittering @ 10x] Acc: 0.6767, F1: 0.6576, Time: 0.23s
      -> [LogisticRegression + Jittering @ 10x] Acc: 0.8350, F1: 0.8358, Time: 0.53s
      -> [RNN + Jittering @ 10x] Acc: 0.5000, F1: 0.4405, Time: 1.18s
    [=== Generating 2x synthetic data with Scaling ===]
      -> [KNN + Scaling @ 2x] Acc: 0.9883, F1: 0.9884, Time: 0.02s
      -> [RandomForest + Scaling @ 2x] Acc: 0.9250, F1: 0.9262, Time: 0.67s
      -> [LinearSVC + Scaling @ 2x] Acc: 0.6767, F1: 0.6576, Time: 0.02s
      -> [LogisticRegression + Scaling @ 2x] Acc: 0.6400, F1: 0.6100, Time: 0.06s
      -> [RNN + Scaling @ 2x] Acc: 0.5000, F1: 0.4405, Time: 0.28s
    [=== Generating 3x synthetic data with Scaling ===]
      -> [KNN + Scaling @ 3x] Acc: 0.9833, F1: 0.9834, Time: 0.02s
      -> [RandomForest + Scaling @ 3x] Acc: 0.9433, F1: 0.9440, Time: 1.03s
      -> [LinearSVC + Scaling @ 3x] Acc: 0.6883, F1: 0.6753, Time: 0.03s
      -> [LogisticRegression + Scaling @ 3x] Acc: 0.6750, F1: 0.6561, Time: 0.11s
      -> [RNN + Scaling @ 3x] Acc: 0.5000, F1: 0.4405, Time: 0.51s
    [=== Generating 5x synthetic data with Scaling ===]
      -> [KNN + Scaling @ 5x] Acc: 0.9833, F1: 0.9834, Time: 0.04s
      -> [RandomForest + Scaling @ 5x] Acc: 0.9500, F1: 0.9506, Time: 1.62s
      -> [LinearSVC + Scaling @ 5x] Acc: 0.6883, F1: 0.6703, Time: 0.06s
      -> [LogisticRegression + Scaling @ 5x] Acc: 0.6617, F1: 0.6373, Time: 0.17s
      -> [RNN + Scaling @ 5x] Acc: 0.6667, F1: 0.6389, Time: 0.69s
    [=== Generating 10x synthetic data with Scaling ===]
      -> [KNN + Scaling @ 10x] Acc: 0.9900, F1: 0.9900, Time: 0.07s
      -> [RandomForest + Scaling @ 10x] Acc: 0.9433, F1: 0.9439, Time: 4.06s
      -> [LinearSVC + Scaling @ 10x] Acc: 0.6883, F1: 0.6741, Time: 0.17s
      -> [LogisticRegression + Scaling @ 10x] Acc: 0.6400, F1: 0.6111, Time: 0.46s
      -> [RNN + Scaling @ 10x] Acc: 0.5000, F1: 0.4944, Time: 1.34s
    [=== Generating 2x synthetic data with Magnitude_Warping ===]
      -> [KNN + Magnitude_Warping @ 2x] Acc: 0.9767, F1: 0.9768, Time: 0.02s
      -> [RandomForest + Magnitude_Warping @ 2x] Acc: 0.9283, F1: 0.9294, Time: 0.67s
      -> [LinearSVC + Magnitude_Warping @ 2x] Acc: 0.6767, F1: 0.6546, Time: 0.02s
      -> [LogisticRegression + Magnitude_Warping @ 2x] Acc: 0.6250, F1: 0.5883, Time: 0.05s
      -> [RNN + Magnitude_Warping @ 2x] Acc: 0.5000, F1: 0.4405, Time: 0.32s
    [=== Generating 3x synthetic data with Magnitude_Warping ===]
      -> [KNN + Magnitude_Warping @ 3x] Acc: 0.9850, F1: 0.9851, Time: 0.03s
      -> [RandomForest + Magnitude_Warping @ 3x] Acc: 0.9033, F1: 0.9051, Time: 1.05s
      -> [LinearSVC + Magnitude_Warping @ 3x] Acc: 0.6850, F1: 0.6734, Time: 0.03s
      -> [LogisticRegression + Magnitude_Warping @ 3x] Acc: 0.6450, F1: 0.6179, Time: 0.06s
      -> [RNN + Magnitude_Warping @ 3x] Acc: 0.3333, F1: 0.1667, Time: 0.51s
    [=== Generating 5x synthetic data with Magnitude_Warping ===]
      -> [KNN + Magnitude_Warping @ 5x] Acc: 0.9800, F1: 0.9801, Time: 0.04s
      -> [RandomForest + Magnitude_Warping @ 5x] Acc: 0.8900, F1: 0.8923, Time: 1.98s
      -> [LinearSVC + Magnitude_Warping @ 5x] Acc: 0.6767, F1: 0.6673, Time: 0.06s
      -> [LogisticRegression + Magnitude_Warping @ 5x] Acc: 0.6083, F1: 0.5688, Time: 0.09s
      -> [RNN + Magnitude_Warping @ 5x] Acc: 0.3333, F1: 0.3611, Time: 0.92s
    [=== Generating 10x synthetic data with Magnitude_Warping ===]
      -> [KNN + Magnitude_Warping @ 10x] Acc: 0.9900, F1: 0.9900, Time: 0.09s
      -> [RandomForest + Magnitude_Warping @ 10x] Acc: 0.9550, F1: 0.9553, Time: 5.08s
      -> [LinearSVC + Magnitude_Warping @ 10x] Acc: 0.6767, F1: 0.6671, Time: 0.29s
      -> [LogisticRegression + Magnitude_Warping @ 10x] Acc: 0.6150, F1: 0.5750, Time: 0.41s
      -> [RNN + Magnitude_Warping @ 10x] Acc: 0.8333, F1: 0.8333, Time: 1.68s
    [=== Generating 2x synthetic data with Time_Warping ===]
      -> [KNN + Time_Warping @ 2x] Acc: 0.9717, F1: 0.9719, Time: 0.02s
      -> [RandomForest + Time_Warping @ 2x] Acc: 0.8883, F1: 0.8908, Time: 0.69s
      -> [LinearSVC + Time_Warping @ 2x] Acc: 0.6333, F1: 0.6302, Time: 0.02s
      -> [LogisticRegression + Time_Warping @ 2x] Acc: 0.5767, F1: 0.5293, Time: 0.02s
      -> [RNN + Time_Warping @ 2x] Acc: 0.5000, F1: 0.4405, Time: 0.32s
    [=== Generating 3x synthetic data with Time_Warping ===]
      -> [KNN + Time_Warping @ 3x] Acc: 0.9817, F1: 0.9818, Time: 0.02s
      -> [RandomForest + Time_Warping @ 3x] Acc: 0.8983, F1: 0.9003, Time: 1.10s
      -> [LinearSVC + Time_Warping @ 3x] Acc: 0.5933, F1: 0.5884, Time: 0.02s
      -> [LogisticRegression + Time_Warping @ 3x] Acc: 0.5600, F1: 0.5251, Time: 0.02s
      -> [RNN + Time_Warping @ 3x] Acc: 0.5000, F1: 0.4405, Time: 0.42s
    [=== Generating 5x synthetic data with Time_Warping ===]
      -> [KNN + Time_Warping @ 5x] Acc: 0.9750, F1: 0.9752, Time: 0.04s
      -> [RandomForest + Time_Warping @ 5x] Acc: 0.8900, F1: 0.8921, Time: 1.83s
      -> [LinearSVC + Time_Warping @ 5x] Acc: 0.6033, F1: 0.6002, Time: 0.05s
      -> [LogisticRegression + Time_Warping @ 5x] Acc: 0.5533, F1: 0.5196, Time: 0.06s
      -> [RNN + Time_Warping @ 5x] Acc: 0.5000, F1: 0.4944, Time: 0.72s
    [=== Generating 10x synthetic data with Time_Warping ===]
      -> [KNN + Time_Warping @ 10x] Acc: 0.9767, F1: 0.9768, Time: 0.09s
      -> [RandomForest + Time_Warping @ 10x] Acc: 0.8483, F1: 0.8522, Time: 4.14s
      -> [LinearSVC + Time_Warping @ 10x] Acc: 0.6100, F1: 0.6075, Time: 0.07s
      -> [LogisticRegression + Time_Warping @ 10x] Acc: 0.5633, F1: 0.5350, Time: 0.10s
      -> [RNN + Time_Warping @ 10x] Acc: 0.6667, F1: 0.6389, Time: 1.16s
    [=== Generating 2x synthetic data with SMOTE ===]
      -> [KNN + SMOTE @ 2x] Acc: 0.9667, F1: 0.9669, Time: 0.02s
      -> [RandomForest + SMOTE @ 2x] Acc: 0.9383, F1: 0.9392, Time: 0.63s
      -> [LinearSVC + SMOTE @ 2x] Acc: 0.6500, F1: 0.6170, Time: 0.03s
      -> [LogisticRegression + SMOTE @ 2x] Acc: 0.7850, F1: 0.7833, Time: 0.11s
      -> [RNN + SMOTE @ 2x] Acc: 0.5000, F1: 0.4405, Time: 0.27s
    [=== Generating 3x synthetic data with SMOTE ===]
      -> [KNN + SMOTE @ 3x] Acc: 0.9700, F1: 0.9702, Time: 0.02s
      -> [RandomForest + SMOTE @ 3x] Acc: 0.9417, F1: 0.9426, Time: 1.02s
      -> [LinearSVC + SMOTE @ 3x] Acc: 0.6367, F1: 0.5993, Time: 0.04s
      -> [LogisticRegression + SMOTE @ 3x] Acc: 0.8150, F1: 0.8152, Time: 0.14s
      -> [RNN + SMOTE @ 3x] Acc: 0.5000, F1: 0.4405, Time: 0.44s
    [=== Generating 5x synthetic data with SMOTE ===]
      -> [KNN + SMOTE @ 5x] Acc: 0.9683, F1: 0.9686, Time: 0.04s
      -> [RandomForest + SMOTE @ 5x] Acc: 0.9417, F1: 0.9423, Time: 1.93s
      -> [LinearSVC + SMOTE @ 5x] Acc: 0.6517, F1: 0.6193, Time: 0.08s
      -> [LogisticRegression + SMOTE @ 5x] Acc: 0.7917, F1: 0.7906, Time: 0.34s
      -> [RNN + SMOTE @ 5x] Acc: 0.6667, F1: 0.6389, Time: 0.81s
    [=== Generating 10x synthetic data with SMOTE ===]
      -> [KNN + SMOTE @ 10x] Acc: 0.9633, F1: 0.9637, Time: 0.07s
      -> [RandomForest + SMOTE @ 10x] Acc: 0.9367, F1: 0.9373, Time: 4.01s
      -> [LinearSVC + SMOTE @ 10x] Acc: 0.6333, F1: 0.5934, Time: 0.18s
      -> [LogisticRegression + SMOTE @ 10x] Acc: 0.7383, F1: 0.7314, Time: 0.65s
      -> [RNN + SMOTE @ 10x] Acc: 0.5000, F1: 0.3571, Time: 2.07s
    [=== Generating 2x synthetic data with ADASYN ===]
      -> [KNN + ADASYN @ 2x] Acc: 0.9783, F1: 0.9784, Time: 0.02s
      -> [RandomForest + ADASYN @ 2x] Acc: 0.9350, F1: 0.9356, Time: 0.78s
      -> [LinearSVC + ADASYN @ 2x] Acc: 0.9183, F1: 0.9190, Time: 0.03s
      -> [LogisticRegression + ADASYN @ 2x] Acc: 0.9350, F1: 0.9354, Time: 0.12s
      -> [RNN + ADASYN @ 2x] Acc: 0.6667, F1: 0.6222, Time: 0.31s
    [=== Generating 3x synthetic data with ADASYN ===]
      -> [KNN + ADASYN @ 3x] Acc: 0.9683, F1: 0.9686, Time: 0.03s
      -> [RandomForest + ADASYN @ 3x] Acc: 0.9117, F1: 0.9124, Time: 1.15s
      -> [LinearSVC + ADASYN @ 3x] Acc: 0.9367, F1: 0.9370, Time: 0.04s
      -> [LogisticRegression + ADASYN @ 3x] Acc: 0.9317, F1: 0.9320, Time: 0.19s
      -> [RNN + ADASYN @ 3x] Acc: 0.8333, F1: 0.7667, Time: 0.50s
    [=== Generating 5x synthetic data with ADASYN ===]
      -> [KNN + ADASYN @ 5x] Acc: 0.9667, F1: 0.9669, Time: 0.03s
      -> [RandomForest + ADASYN @ 5x] Acc: 0.9450, F1: 0.9455, Time: 2.07s
      -> [LinearSVC + ADASYN @ 5x] Acc: 0.9183, F1: 0.9176, Time: 0.07s
      -> [LogisticRegression + ADASYN @ 5x] Acc: 0.9183, F1: 0.9179, Time: 0.32s
      -> [RNN + ADASYN @ 5x] Acc: 1.0000, F1: 1.0000, Time: 0.79s
    [=== Generating 10x synthetic data with ADASYN ===]
      -> [KNN + ADASYN @ 10x] Acc: 0.9700, F1: 0.9702, Time: 0.08s
      -> [RandomForest + ADASYN @ 10x] Acc: 0.9367, F1: 0.9371, Time: 4.53s
      -> [LinearSVC + ADASYN @ 10x] Acc: 0.9183, F1: 0.9175, Time: 0.15s
      -> [LogisticRegression + ADASYN @ 10x] Acc: 0.9050, F1: 0.9044, Time: 0.74s
      -> [RNN + ADASYN @ 10x] Acc: 0.6667, F1: 0.6222, Time: 1.61s
    [=== Generating 2x synthetic data with Mixup ===]
      -> [KNN + Mixup @ 2x] Acc: 0.9883, F1: 0.9884, Time: 0.02s
      -> [RandomForest + Mixup @ 2x] Acc: 0.9417, F1: 0.9424, Time: 0.67s
      -> [LinearSVC + Mixup @ 2x] Acc: 0.6800, F1: 0.6589, Time: 0.02s
      -> [LogisticRegression + Mixup @ 2x] Acc: 0.8733, F1: 0.8745, Time: 0.13s
      -> [RNN + Mixup @ 2x] Acc: 0.5000, F1: 0.4405, Time: 0.35s
    [=== Generating 3x synthetic data with Mixup ===]
      -> [KNN + Mixup @ 3x] Acc: 0.9883, F1: 0.9884, Time: 0.03s
      -> [RandomForest + Mixup @ 3x] Acc: 0.9167, F1: 0.9177, Time: 1.04s
      -> [LinearSVC + Mixup @ 3x] Acc: 0.6800, F1: 0.6596, Time: 0.04s
      -> [LogisticRegression + Mixup @ 3x] Acc: 0.8783, F1: 0.8795, Time: 0.17s
      -> [RNN + Mixup @ 3x] Acc: 0.6667, F1: 0.6389, Time: 0.46s
    [=== Generating 5x synthetic data with Mixup ===]
      -> [KNN + Mixup @ 5x] Acc: 0.9667, F1: 0.9669, Time: 0.02s
      -> [RandomForest + Mixup @ 5x] Acc: 0.9500, F1: 0.9503, Time: 1.79s
      -> [LinearSVC + Mixup @ 5x] Acc: 0.6500, F1: 0.6190, Time: 0.08s
      -> [LogisticRegression + Mixup @ 5x] Acc: 0.8017, F1: 0.8013, Time: 0.33s
      -> [RNN + Mixup @ 5x] Acc: 0.5000, F1: 0.4405, Time: 0.95s
    [=== Generating 10x synthetic data with Mixup ===]
      -> [KNN + Mixup @ 10x] Acc: 0.9800, F1: 0.9801, Time: 0.08s
      -> [RandomForest + Mixup @ 10x] Acc: 0.9050, F1: 0.9059, Time: 3.93s
      -> [LinearSVC + Mixup @ 10x] Acc: 0.6750, F1: 0.6539, Time: 0.29s
      -> [LogisticRegression + Mixup @ 10x] Acc: 0.8983, F1: 0.8994, Time: 0.82s
      -> [RNN + Mixup @ 10x] Acc: 0.5000, F1: 0.4944, Time: 1.73s
    [=== Generating 2x synthetic data with GMM ===]
      -> [KNN + GMM @ 2x] Acc: 0.9733, F1: 0.9735, Time: 0.02s
      -> [RandomForest + GMM @ 2x] Acc: 0.9283, F1: 0.9295, Time: 0.73s
      -> [LinearSVC + GMM @ 2x] Acc: 0.6217, F1: 0.5886, Time: 0.02s
      -> [LogisticRegression + GMM @ 2x] Acc: 0.6033, F1: 0.5602, Time: 0.05s
      -> [RNN + GMM @ 2x] Acc: 0.8333, F1: 0.7667, Time: 0.23s
    [=== Generating 3x synthetic data with GMM ===]
      -> [KNN + GMM @ 3x] Acc: 0.9750, F1: 0.9751, Time: 0.02s
      -> [RandomForest + GMM @ 3x] Acc: 0.9267, F1: 0.9281, Time: 1.17s
      -> [LinearSVC + GMM @ 3x] Acc: 0.6217, F1: 0.5896, Time: 0.03s
      -> [LogisticRegression + GMM @ 3x] Acc: 0.6050, F1: 0.5626, Time: 0.07s
      -> [RNN + GMM @ 3x] Acc: 0.5000, F1: 0.4944, Time: 0.42s
    [=== Generating 5x synthetic data with GMM ===]
      -> [KNN + GMM @ 5x] Acc: 0.9733, F1: 0.9735, Time: 0.03s
      -> [RandomForest + GMM @ 5x] Acc: 0.9300, F1: 0.9312, Time: 2.25s
      -> [LinearSVC + GMM @ 5x] Acc: 0.6317, F1: 0.6034, Time: 0.05s
      -> [LogisticRegression + GMM @ 5x] Acc: 0.6083, F1: 0.5675, Time: 0.12s
      -> [RNN + GMM @ 5x] Acc: 0.5000, F1: 0.4944, Time: 0.68s
    [=== Generating 10x synthetic data with GMM ===]
      -> [KNN + GMM @ 10x] Acc: 0.9633, F1: 0.9635, Time: 0.08s
      -> [RandomForest + GMM @ 10x] Acc: 0.9200, F1: 0.9216, Time: 5.31s
      -> [LinearSVC + GMM @ 10x] Acc: 0.6167, F1: 0.5839, Time: 0.12s
      -> [LogisticRegression + GMM @ 10x] Acc: 0.5817, F1: 0.5244, Time: 0.34s
      -> [RNN + GMM @ 10x] Acc: 0.6667, F1: 0.6389, Time: 1.32s
    [=== Generating 2x synthetic data with HMM_GMM ===]
      -> [KNN + HMM_GMM @ 2x] Acc: 0.9800, F1: 0.9801, Time: 0.01s
      -> [RandomForest + HMM_GMM @ 2x] Acc: 0.9283, F1: 0.9295, Time: 0.49s
      -> [LinearSVC + HMM_GMM @ 2x] Acc: 0.5550, F1: 0.5371, Time: 0.02s
      -> [LogisticRegression + HMM_GMM @ 2x] Acc: 0.5867, F1: 0.5621, Time: 0.02s
      -> [RNN + HMM_GMM @ 2x] Acc: 0.6667, F1: 0.6222, Time: 0.24s
    [=== Generating 3x synthetic data with HMM_GMM ===]
      -> [KNN + HMM_GMM @ 3x] Acc: 0.9800, F1: 0.9801, Time: 0.03s
      -> [RandomForest + HMM_GMM @ 3x] Acc: 0.9333, F1: 0.9344, Time: 0.58s
      -> [LinearSVC + HMM_GMM @ 3x] Acc: 0.5200, F1: 0.4742, Time: 0.02s
      -> [LogisticRegression + HMM_GMM @ 3x] Acc: 0.5783, F1: 0.5542, Time: 0.04s
      -> [RNN + HMM_GMM @ 3x] Acc: 0.5000, F1: 0.4405, Time: 0.55s
    [=== Generating 5x synthetic data with HMM_GMM ===]
      -> [KNN + HMM_GMM @ 5x] Acc: 0.9800, F1: 0.9801, Time: 0.05s
      -> [RandomForest + HMM_GMM @ 5x] Acc: 0.9483, F1: 0.9490, Time: 0.74s
      -> [LinearSVC + HMM_GMM @ 5x] Acc: 0.5050, F1: 0.4619, Time: 0.05s
      -> [LogisticRegression + HMM_GMM @ 5x] Acc: 0.5783, F1: 0.5544, Time: 0.05s
      -> [RNN + HMM_GMM @ 5x] Acc: 0.6667, F1: 0.6778, Time: 0.85s
    [=== Generating 10x synthetic data with HMM_GMM ===]
      -> [KNN + HMM_GMM @ 10x] Acc: 0.9800, F1: 0.9801, Time: 0.08s
      -> [RandomForest + HMM_GMM @ 10x] Acc: 0.9433, F1: 0.9442, Time: 1.22s
      -> [LinearSVC + HMM_GMM @ 10x] Acc: 0.5033, F1: 0.4605, Time: 0.17s
      -> [LogisticRegression + HMM_GMM @ 10x] Acc: 0.5750, F1: 0.5533, Time: 0.12s
      -> [RNN + HMM_GMM @ 10x] Acc: 0.5000, F1: 0.3571, Time: 1.72s
    [=== Generating 2x synthetic data with TimeVAE ===]
      -> [KNN + TimeVAE @ 2x] Acc: 0.9783, F1: 0.9785, Time: 0.01s
      -> [RandomForest + TimeVAE @ 2x] Acc: 0.9500, F1: 0.9505, Time: 0.68s
      -> [LinearSVC + TimeVAE @ 2x] Acc: 0.7100, F1: 0.7029, Time: 0.03s
      -> [LogisticRegression + TimeVAE @ 2x] Acc: 0.8083, F1: 0.8074, Time: 0.09s
      -> [RNN + TimeVAE @ 2x] Acc: 0.5000, F1: 0.4405, Time: 0.39s
    [=== Generating 3x synthetic data with TimeVAE ===]
      -> [KNN + TimeVAE @ 3x] Acc: 0.9800, F1: 0.9801, Time: 0.02s
      -> [RandomForest + TimeVAE @ 3x] Acc: 0.9533, F1: 0.9537, Time: 0.94s
      -> [LinearSVC + TimeVAE @ 3x] Acc: 0.6783, F1: 0.6631, Time: 0.04s
      -> [LogisticRegression + TimeVAE @ 3x] Acc: 0.7200, F1: 0.7111, Time: 0.10s
      -> [RNN + TimeVAE @ 3x] Acc: 0.8333, F1: 0.7667, Time: 0.87s
    [=== Generating 5x synthetic data with TimeVAE ===]
      -> [KNN + TimeVAE @ 5x] Acc: 0.9800, F1: 0.9801, Time: 0.04s
      -> [RandomForest + TimeVAE @ 5x] Acc: 0.9067, F1: 0.9084, Time: 1.88s
      -> [LinearSVC + TimeVAE @ 5x] Acc: 0.6567, F1: 0.6491, Time: 0.06s
      -> [LogisticRegression + TimeVAE @ 5x] Acc: 0.7367, F1: 0.7335, Time: 0.19s
      -> [RNN + TimeVAE @ 5x] Acc: 0.5000, F1: 0.4405, Time: 1.30s
    [=== Generating 10x synthetic data with TimeVAE ===]
      -> [KNN + TimeVAE @ 10x] Acc: 0.9750, F1: 0.9751, Time: 0.07s
      -> [RandomForest + TimeVAE @ 10x] Acc: 0.9250, F1: 0.9259, Time: 4.21s
      -> [LinearSVC + TimeVAE @ 10x] Acc: 0.6250, F1: 0.6223, Time: 0.24s
      -> [LogisticRegression + TimeVAE @ 10x] Acc: 0.7017, F1: 0.7006, Time: 0.41s
      -> [RNN + TimeVAE @ 10x] Acc: 0.6667, F1: 0.5952, Time: 1.86s

    >> Seed Fold Selection: 3/10
    Evaluating Model: KNN
      -> [Baseline] Acc: 0.9917, F1: 0.9917, Time: 0.01s
      HP Tuning KNN...
n_iterations: 3
n_required_iterations: 3
n_possible_iterations: 5
min_resources_: 30
max_resources_: 4600
aggressive_elimination: False
factor: 3
----------
iter: 0
n_candidates: 20
n_resources: 30
Fitting 5 folds for each of 20 candidates, totalling 100 fits
----------
iter: 1
n_candidates: 7
n_resources: 90
Fitting 5 folds for each of 7 candidates, totalling 35 fits
----------
iter: 2
n_candidates: 3
n_resources: 270
Fitting 5 folds for each of 3 candidates, totalling 15 fits
      -> [Tuned_Baseline] Acc: 0.9933, F1: 0.9933, Time: 0.01s
    Evaluating Model: RandomForest
      -> [Baseline] Acc: 0.9067, F1: 0.9084, Time: 0.78s
      HP Tuning RandomForest...
n_iterations: 3
n_required_iterations: 3
n_possible_iterations: 5
min_resources_: 30
max_resources_: 4600
aggressive_elimination: False
factor: 3
----------
iter: 0
n_candidates: 20
n_resources: 30
Fitting 5 folds for each of 20 candidates, totalling 100 fits
----------
iter: 1
n_candidates: 7
n_resources: 90
Fitting 5 folds for each of 7 candidates, totalling 35 fits
----------
iter: 2
n_candidates: 3
n_resources: 270
Fitting 5 folds for each of 3 candidates, totalling 15 fits
      -> [Tuned_Baseline] Acc: 0.8983, F1: 0.9004, Time: 0.00s
    Evaluating Model: LinearSVC
      -> [Baseline] Acc: 0.6700, F1: 0.6482, Time: 0.01s
      HP Tuning LinearSVC...
n_iterations: 3
n_required_iterations: 3
n_possible_iterations: 5
min_resources_: 30
max_resources_: 4600
aggressive_elimination: False
factor: 3
----------
iter: 0
n_candidates: 20
n_resources: 30
Fitting 5 folds for each of 20 candidates, totalling 100 fits
----------
iter: 1
n_candidates: 7
n_resources: 90
Fitting 5 folds for each of 7 candidates, totalling 35 fits
----------
iter: 2
n_candidates: 3
n_resources: 270
Fitting 5 folds for each of 3 candidates, totalling 15 fits
      -> [Tuned_Baseline] Acc: 0.6733, F1: 0.6526, Time: 0.00s
    Evaluating Model: LogisticRegression
      -> [Baseline] Acc: 0.7567, F1: 0.7525, Time: 0.04s
      HP Tuning LogisticRegression...
n_iterations: 3
n_required_iterations: 3
n_possible_iterations: 5
min_resources_: 30
max_resources_: 4600
aggressive_elimination: False
factor: 3
----------
iter: 0
n_candidates: 12
n_resources: 30
Fitting 5 folds for each of 12 candidates, totalling 60 fits
----------
iter: 1
n_candidates: 4
n_resources: 90
Fitting 5 folds for each of 4 candidates, totalling 20 fits
----------
iter: 2
n_candidates: 2
n_resources: 270
Fitting 5 folds for each of 2 candidates, totalling 10 fits
      -> [Tuned_Baseline] Acc: 0.8783, F1: 0.8795, Time: 0.00s
    Evaluating Model: RNN
      -> [Baseline] Acc: 0.5000, F1: 0.4405, Time: 0.20s
      -> [Tuned_Baseline] Acc: 0.5000, F1: 0.4405, Time: 0.00s
    [=== Generating 2x synthetic data with Jittering ===]
      -> [KNN + Jittering @ 2x] Acc: 0.9917, F1: 0.9917, Time: 0.02s
      -> [RandomForest + Jittering @ 2x] Acc: 0.9367, F1: 0.9375, Time: 0.72s
      -> [LinearSVC + Jittering @ 2x] Acc: 0.6683, F1: 0.6461, Time: 0.03s
      -> [LogisticRegression + Jittering @ 2x] Acc: 0.8617, F1: 0.8629, Time: 0.11s
      -> [RNN + Jittering @ 2x] Acc: 0.5000, F1: 0.4405, Time: 0.32s
    [=== Generating 3x synthetic data with Jittering ===]
      -> [KNN + Jittering @ 3x] Acc: 0.9917, F1: 0.9917, Time: 0.02s
      -> [RandomForest + Jittering @ 3x] Acc: 0.9383, F1: 0.9392, Time: 1.04s
      -> [LinearSVC + Jittering @ 3x] Acc: 0.6717, F1: 0.6504, Time: 0.04s
      -> [LogisticRegression + Jittering @ 3x] Acc: 0.8533, F1: 0.8545, Time: 0.17s
      -> [RNN + Jittering @ 3x] Acc: 0.5000, F1: 0.4405, Time: 0.54s
    [=== Generating 5x synthetic data with Jittering ===]
      -> [KNN + Jittering @ 5x] Acc: 0.9917, F1: 0.9917, Time: 0.03s
      -> [RandomForest + Jittering @ 5x] Acc: 0.9550, F1: 0.9554, Time: 1.87s
      -> [LinearSVC + Jittering @ 5x] Acc: 0.6700, F1: 0.6490, Time: 0.07s
      -> [LogisticRegression + Jittering @ 5x] Acc: 0.8450, F1: 0.8460, Time: 0.29s
      -> [RNN + Jittering @ 5x] Acc: 0.5000, F1: 0.4405, Time: 0.83s
    [=== Generating 10x synthetic data with Jittering ===]
      -> [KNN + Jittering @ 10x] Acc: 0.9950, F1: 0.9950, Time: 0.08s
      -> [RandomForest + Jittering @ 10x] Acc: 0.9483, F1: 0.9489, Time: 4.06s
      -> [LinearSVC + Jittering @ 10x] Acc: 0.6717, F1: 0.6512, Time: 0.28s
      -> [LogisticRegression + Jittering @ 10x] Acc: 0.8483, F1: 0.8494, Time: 0.69s
      -> [RNN + Jittering @ 10x] Acc: 0.5000, F1: 0.4944, Time: 1.55s
    [=== Generating 2x synthetic data with Scaling ===]
      -> [KNN + Scaling @ 2x] Acc: 0.9933, F1: 0.9933, Time: 0.02s
      -> [RandomForest + Scaling @ 2x] Acc: 0.9150, F1: 0.9162, Time: 0.67s
      -> [LinearSVC + Scaling @ 2x] Acc: 0.6650, F1: 0.6401, Time: 0.02s
      -> [LogisticRegression + Scaling @ 2x] Acc: 0.7233, F1: 0.7147, Time: 0.06s
      -> [RNN + Scaling @ 2x] Acc: 0.5000, F1: 0.4405, Time: 0.29s
    [=== Generating 3x synthetic data with Scaling ===]
      -> [KNN + Scaling @ 3x] Acc: 0.9917, F1: 0.9917, Time: 0.02s
      -> [RandomForest + Scaling @ 3x] Acc: 0.8967, F1: 0.8987, Time: 1.04s
      -> [LinearSVC + Scaling @ 3x] Acc: 0.6800, F1: 0.6611, Time: 0.04s
      -> [LogisticRegression + Scaling @ 3x] Acc: 0.6883, F1: 0.6729, Time: 0.11s
      -> [RNN + Scaling @ 3x] Acc: 0.3333, F1: 0.2222, Time: 0.53s
    [=== Generating 5x synthetic data with Scaling ===]
      -> [KNN + Scaling @ 5x] Acc: 0.9867, F1: 0.9867, Time: 0.03s
      -> [RandomForest + Scaling @ 5x] Acc: 0.9517, F1: 0.9522, Time: 1.73s
      -> [LinearSVC + Scaling @ 5x] Acc: 0.6783, F1: 0.6575, Time: 0.06s
      -> [LogisticRegression + Scaling @ 5x] Acc: 0.6300, F1: 0.5930, Time: 0.13s
      -> [RNN + Scaling @ 5x] Acc: 0.6667, F1: 0.6389, Time: 0.71s
    [=== Generating 10x synthetic data with Scaling ===]
      -> [KNN + Scaling @ 10x] Acc: 0.9900, F1: 0.9900, Time: 0.07s
      -> [RandomForest + Scaling @ 10x] Acc: 0.9683, F1: 0.9685, Time: 3.66s
      -> [LinearSVC + Scaling @ 10x] Acc: 0.6783, F1: 0.6617, Time: 0.12s
      -> [LogisticRegression + Scaling @ 10x] Acc: 0.6467, F1: 0.6201, Time: 0.31s
      -> [RNN + Scaling @ 10x] Acc: 0.6667, F1: 0.6389, Time: 1.27s
    [=== Generating 2x synthetic data with Magnitude_Warping ===]
      -> [KNN + Magnitude_Warping @ 2x] Acc: 0.9933, F1: 0.9933, Time: 0.01s
      -> [RandomForest + Magnitude_Warping @ 2x] Acc: 0.9233, F1: 0.9245, Time: 0.61s
      -> [LinearSVC + Magnitude_Warping @ 2x] Acc: 0.6733, F1: 0.6561, Time: 0.02s
      -> [LogisticRegression + Magnitude_Warping @ 2x] Acc: 0.6383, F1: 0.6078, Time: 0.05s
      -> [RNN + Magnitude_Warping @ 2x] Acc: 0.5000, F1: 0.4405, Time: 0.21s
    [=== Generating 3x synthetic data with Magnitude_Warping ===]
      -> [KNN + Magnitude_Warping @ 3x] Acc: 0.9900, F1: 0.9900, Time: 0.02s
      -> [RandomForest + Magnitude_Warping @ 3x] Acc: 0.9033, F1: 0.9051, Time: 1.03s
      -> [LinearSVC + Magnitude_Warping @ 3x] Acc: 0.6850, F1: 0.6734, Time: 0.03s
      -> [LogisticRegression + Magnitude_Warping @ 3x] Acc: 0.6633, F1: 0.6451, Time: 0.07s
      -> [RNN + Magnitude_Warping @ 3x] Acc: 0.5000, F1: 0.4405, Time: 0.45s
    [=== Generating 5x synthetic data with Magnitude_Warping ===]
      -> [KNN + Magnitude_Warping @ 5x] Acc: 0.9917, F1: 0.9917, Time: 0.04s
      -> [RandomForest + Magnitude_Warping @ 5x] Acc: 0.9217, F1: 0.9224, Time: 1.83s
      -> [LinearSVC + Magnitude_Warping @ 5x] Acc: 0.6867, F1: 0.6749, Time: 0.06s
      -> [LogisticRegression + Magnitude_Warping @ 5x] Acc: 0.6433, F1: 0.6175, Time: 0.09s
      -> [RNN + Magnitude_Warping @ 5x] Acc: 0.6667, F1: 0.6389, Time: 0.74s
    [=== Generating 10x synthetic data with Magnitude_Warping ===]
      -> [KNN + Magnitude_Warping @ 10x] Acc: 0.9733, F1: 0.9735, Time: 0.06s
      -> [RandomForest + Magnitude_Warping @ 10x] Acc: 0.9383, F1: 0.9391, Time: 4.25s
      -> [LinearSVC + Magnitude_Warping @ 10x] Acc: 0.6717, F1: 0.6579, Time: 0.17s
      -> [LogisticRegression + Magnitude_Warping @ 10x] Acc: 0.6250, F1: 0.5872, Time: 0.28s
      -> [RNN + Magnitude_Warping @ 10x] Acc: 0.6667, F1: 0.6389, Time: 1.58s
    [=== Generating 2x synthetic data with Time_Warping ===]
      -> [KNN + Time_Warping @ 2x] Acc: 0.9933, F1: 0.9933, Time: 0.02s
      -> [RandomForest + Time_Warping @ 2x] Acc: 0.8800, F1: 0.8830, Time: 0.67s
      -> [LinearSVC + Time_Warping @ 2x] Acc: 0.5967, F1: 0.5928, Time: 0.02s
      -> [LogisticRegression + Time_Warping @ 2x] Acc: 0.5717, F1: 0.5411, Time: 0.03s
      -> [RNN + Time_Warping @ 2x] Acc: 0.5000, F1: 0.4405, Time: 0.37s
    [=== Generating 3x synthetic data with Time_Warping ===]
      -> [KNN + Time_Warping @ 3x] Acc: 0.9933, F1: 0.9933, Time: 0.02s
      -> [RandomForest + Time_Warping @ 3x] Acc: 0.8900, F1: 0.8921, Time: 1.03s
      -> [LinearSVC + Time_Warping @ 3x] Acc: 0.6050, F1: 0.6007, Time: 0.03s
      -> [LogisticRegression + Time_Warping @ 3x] Acc: 0.5567, F1: 0.5190, Time: 0.02s
      -> [RNN + Time_Warping @ 3x] Acc: 0.5000, F1: 0.4405, Time: 0.50s
    [=== Generating 5x synthetic data with Time_Warping ===]
      -> [KNN + Time_Warping @ 5x] Acc: 0.9933, F1: 0.9933, Time: 0.04s
      -> [RandomForest + Time_Warping @ 5x] Acc: 0.8717, F1: 0.8747, Time: 1.74s
      -> [LinearSVC + Time_Warping @ 5x] Acc: 0.5917, F1: 0.5870, Time: 0.04s
      -> [LogisticRegression + Time_Warping @ 5x] Acc: 0.5500, F1: 0.5149, Time: 0.06s
      -> [RNN + Time_Warping @ 5x] Acc: 0.5000, F1: 0.4405, Time: 0.70s
    [=== Generating 10x synthetic data with Time_Warping ===]
      -> [KNN + Time_Warping @ 10x] Acc: 0.9833, F1: 0.9834, Time: 0.07s
      -> [RandomForest + Time_Warping @ 10x] Acc: 0.8800, F1: 0.8831, Time: 3.71s
      -> [LinearSVC + Time_Warping @ 10x] Acc: 0.5517, F1: 0.5325, Time: 0.09s
      -> [LogisticRegression + Time_Warping @ 10x] Acc: 0.5433, F1: 0.5050, Time: 0.12s
      -> [RNN + Time_Warping @ 10x] Acc: 0.5000, F1: 0.4944, Time: 1.44s
    [=== Generating 2x synthetic data with SMOTE ===]
      -> [KNN + SMOTE @ 2x] Acc: 0.9750, F1: 0.9752, Time: 0.02s
      -> [RandomForest + SMOTE @ 2x] Acc: 0.9033, F1: 0.9047, Time: 0.71s
      -> [LinearSVC + SMOTE @ 2x] Acc: 0.6550, F1: 0.6239, Time: 0.04s
      -> [LogisticRegression + SMOTE @ 2x] Acc: 0.7833, F1: 0.7817, Time: 0.11s
      -> [RNN + SMOTE @ 2x] Acc: 0.3333, F1: 0.1667, Time: 0.37s
    [=== Generating 3x synthetic data with SMOTE ===]
      -> [KNN + SMOTE @ 3x] Acc: 0.9817, F1: 0.9818, Time: 0.02s
      -> [RandomForest + SMOTE @ 3x] Acc: 0.9383, F1: 0.9392, Time: 1.06s
      -> [LinearSVC + SMOTE @ 3x] Acc: 0.6050, F1: 0.5523, Time: 0.04s
      -> [LogisticRegression + SMOTE @ 3x] Acc: 0.7883, F1: 0.7871, Time: 0.16s
      -> [RNN + SMOTE @ 3x] Acc: 0.3333, F1: 0.3611, Time: 0.40s
    [=== Generating 5x synthetic data with SMOTE ===]
      -> [KNN + SMOTE @ 5x] Acc: 0.9733, F1: 0.9735, Time: 0.03s
      -> [RandomForest + SMOTE @ 5x] Acc: 0.9417, F1: 0.9423, Time: 1.78s
      -> [LinearSVC + SMOTE @ 5x] Acc: 0.6233, F1: 0.5787, Time: 0.06s
      -> [LogisticRegression + SMOTE @ 5x] Acc: 0.7600, F1: 0.7559, Time: 0.22s
      -> [RNN + SMOTE @ 5x] Acc: 0.5000, F1: 0.4405, Time: 0.65s
    [=== Generating 10x synthetic data with SMOTE ===]
      -> [KNN + SMOTE @ 10x] Acc: 0.9583, F1: 0.9588, Time: 0.07s
      -> [RandomForest + SMOTE @ 10x] Acc: 0.9333, F1: 0.9342, Time: 3.98s
      -> [LinearSVC + SMOTE @ 10x] Acc: 0.6317, F1: 0.5910, Time: 0.39s
      -> [LogisticRegression + SMOTE @ 10x] Acc: 0.7550, F1: 0.7507, Time: 1.04s
      -> [RNN + SMOTE @ 10x] Acc: 0.6667, F1: 0.6389, Time: 1.77s
    [=== Generating 2x synthetic data with ADASYN ===]
      -> [KNN + ADASYN @ 2x] Acc: 0.9933, F1: 0.9933, Time: 0.02s
      -> [RandomForest + ADASYN @ 2x] Acc: 0.9150, F1: 0.9161, Time: 0.74s
      -> [LinearSVC + ADASYN @ 2x] Acc: 0.9050, F1: 0.9059, Time: 0.03s
      -> [LogisticRegression + ADASYN @ 2x] Acc: 0.9150, F1: 0.9155, Time: 0.08s
      -> [RNN + ADASYN @ 2x] Acc: 0.5000, F1: 0.4405, Time: 0.26s
    [=== Generating 3x synthetic data with ADASYN ===]
      -> [KNN + ADASYN @ 3x] Acc: 0.9850, F1: 0.9851, Time: 0.02s
      -> [RandomForest + ADASYN @ 3x] Acc: 0.9367, F1: 0.9374, Time: 1.05s
      -> [LinearSVC + ADASYN @ 3x] Acc: 0.9300, F1: 0.9301, Time: 0.03s
      -> [LogisticRegression + ADASYN @ 3x] Acc: 0.9250, F1: 0.9253, Time: 0.15s
      -> [RNN + ADASYN @ 3x] Acc: 1.0000, F1: 1.0000, Time: 0.43s
    [=== Generating 5x synthetic data with ADASYN ===]
      -> [KNN + ADASYN @ 5x] Acc: 0.9650, F1: 0.9654, Time: 0.03s
      -> [RandomForest + ADASYN @ 5x] Acc: 0.9483, F1: 0.9488, Time: 1.88s
      -> [LinearSVC + ADASYN @ 5x] Acc: 0.9233, F1: 0.9230, Time: 0.09s
      -> [LogisticRegression + ADASYN @ 5x] Acc: 0.9117, F1: 0.9116, Time: 0.25s
      -> [RNN + ADASYN @ 5x] Acc: 0.5000, F1: 0.4405, Time: 0.74s
    [=== Generating 10x synthetic data with ADASYN ===]
      -> [KNN + ADASYN @ 10x] Acc: 0.9683, F1: 0.9686, Time: 0.08s
      -> [RandomForest + ADASYN @ 10x] Acc: 0.9317, F1: 0.9322, Time: 4.83s
      -> [LinearSVC + ADASYN @ 10x] Acc: 0.9100, F1: 0.9091, Time: 0.18s
      -> [LogisticRegression + ADASYN @ 10x] Acc: 0.9067, F1: 0.9061, Time: 0.69s
      -> [RNN + ADASYN @ 10x] Acc: 0.8333, F1: 0.7667, Time: 1.15s
    [=== Generating 2x synthetic data with Mixup ===]
      -> [KNN + Mixup @ 2x] Acc: 0.9767, F1: 0.9768, Time: 0.02s
      -> [RandomForest + Mixup @ 2x] Acc: 0.9200, F1: 0.9212, Time: 0.61s
      -> [LinearSVC + Mixup @ 2x] Acc: 0.6700, F1: 0.6459, Time: 0.02s
      -> [LogisticRegression + Mixup @ 2x] Acc: 0.8400, F1: 0.8410, Time: 0.07s
      -> [RNN + Mixup @ 2x] Acc: 0.5000, F1: 0.4405, Time: 0.35s
    [=== Generating 3x synthetic data with Mixup ===]
      -> [KNN + Mixup @ 3x] Acc: 0.9917, F1: 0.9917, Time: 0.02s
      -> [RandomForest + Mixup @ 3x] Acc: 0.9283, F1: 0.9290, Time: 0.94s
      -> [LinearSVC + Mixup @ 3x] Acc: 0.6650, F1: 0.6433, Time: 0.04s
      -> [LogisticRegression + Mixup @ 3x] Acc: 0.8950, F1: 0.8961, Time: 0.15s
      -> [RNN + Mixup @ 3x] Acc: 0.5000, F1: 0.4405, Time: 0.41s
    [=== Generating 5x synthetic data with Mixup ===]
      -> [KNN + Mixup @ 5x] Acc: 0.9717, F1: 0.9719, Time: 0.04s
      -> [RandomForest + Mixup @ 5x] Acc: 0.9183, F1: 0.9193, Time: 1.61s
      -> [LinearSVC + Mixup @ 5x] Acc: 0.6683, F1: 0.6453, Time: 0.07s
      -> [LogisticRegression + Mixup @ 5x] Acc: 0.8717, F1: 0.8729, Time: 0.34s
      -> [RNN + Mixup @ 5x] Acc: 0.5000, F1: 0.4405, Time: 0.71s
    [=== Generating 10x synthetic data with Mixup ===]
      -> [KNN + Mixup @ 10x] Acc: 0.9783, F1: 0.9784, Time: 0.07s
      -> [RandomForest + Mixup @ 10x] Acc: 0.9417, F1: 0.9421, Time: 3.61s
      -> [LinearSVC + Mixup @ 10x] Acc: 0.6533, F1: 0.6235, Time: 0.12s
      -> [LogisticRegression + Mixup @ 10x] Acc: 0.8650, F1: 0.8662, Time: 0.66s
      -> [RNN + Mixup @ 10x] Acc: 0.6667, F1: 0.6389, Time: 1.28s
    [=== Generating 2x synthetic data with GMM ===]
      -> [KNN + GMM @ 2x] Acc: 0.9867, F1: 0.9867, Time: 0.02s
      -> [RandomForest + GMM @ 2x] Acc: 0.9250, F1: 0.9264, Time: 0.69s
      -> [LinearSVC + GMM @ 2x] Acc: 0.6200, F1: 0.5863, Time: 0.02s
      -> [LogisticRegression + GMM @ 2x] Acc: 0.6050, F1: 0.5614, Time: 0.05s
      -> [RNN + GMM @ 2x] Acc: 0.5000, F1: 0.4405, Time: 0.26s
    [=== Generating 3x synthetic data with GMM ===]
      -> [KNN + GMM @ 3x] Acc: 0.9800, F1: 0.9800, Time: 0.02s
      -> [RandomForest + GMM @ 3x] Acc: 0.9250, F1: 0.9264, Time: 1.11s
      -> [LinearSVC + GMM @ 3x] Acc: 0.6183, F1: 0.5861, Time: 0.03s
      -> [LogisticRegression + GMM @ 3x] Acc: 0.6017, F1: 0.5589, Time: 0.07s
      -> [RNN + GMM @ 3x] Acc: 0.6667, F1: 0.6389, Time: 0.39s
    [=== Generating 5x synthetic data with GMM ===]
      -> [KNN + GMM @ 5x] Acc: 0.9800, F1: 0.9801, Time: 0.03s
      -> [RandomForest + GMM @ 5x] Acc: 0.9283, F1: 0.9297, Time: 2.05s
      -> [LinearSVC + GMM @ 5x] Acc: 0.6400, F1: 0.6156, Time: 0.06s
      -> [LogisticRegression + GMM @ 5x] Acc: 0.6100, F1: 0.5711, Time: 0.11s
      -> [RNN + GMM @ 5x] Acc: 0.5000, F1: 0.3571, Time: 0.61s
    [=== Generating 10x synthetic data with GMM ===]
      -> [KNN + GMM @ 10x] Acc: 0.9733, F1: 0.9735, Time: 0.08s
      -> [RandomForest + GMM @ 10x] Acc: 0.9267, F1: 0.9280, Time: 4.47s
      -> [LinearSVC + GMM @ 10x] Acc: 0.6467, F1: 0.6255, Time: 0.17s
      -> [LogisticRegression + GMM @ 10x] Acc: 0.5883, F1: 0.5404, Time: 0.34s
      -> [RNN + GMM @ 10x] Acc: 0.3333, F1: 0.1667, Time: 1.73s
    [=== Generating 2x synthetic data with HMM_GMM ===]
      -> [KNN + HMM_GMM @ 2x] Acc: 0.9933, F1: 0.9933, Time: 0.02s
      -> [RandomForest + HMM_GMM @ 2x] Acc: 0.9367, F1: 0.9376, Time: 0.53s
      -> [LinearSVC + HMM_GMM @ 2x] Acc: 0.5467, F1: 0.5226, Time: 0.02s
      -> [LogisticRegression + HMM_GMM @ 2x] Acc: 0.5917, F1: 0.5662, Time: 0.02s
      -> [RNN + HMM_GMM @ 2x] Acc: 0.5000, F1: 0.5333, Time: 0.30s
    [=== Generating 3x synthetic data with HMM_GMM ===]
      -> [KNN + HMM_GMM @ 3x] Acc: 0.9933, F1: 0.9933, Time: 0.02s
      -> [RandomForest + HMM_GMM @ 3x] Acc: 0.9367, F1: 0.9375, Time: 0.60s
      -> [LinearSVC + HMM_GMM @ 3x] Acc: 0.5250, F1: 0.4794, Time: 0.03s
      -> [LogisticRegression + HMM_GMM @ 3x] Acc: 0.5817, F1: 0.5562, Time: 0.03s
      -> [RNN + HMM_GMM @ 3x] Acc: 0.8333, F1: 0.7667, Time: 0.43s
    [=== Generating 5x synthetic data with HMM_GMM ===]
      -> [KNN + HMM_GMM @ 5x] Acc: 0.9933, F1: 0.9933, Time: 0.04s
      -> [RandomForest + HMM_GMM @ 5x] Acc: 0.9467, F1: 0.9474, Time: 0.73s
      -> [LinearSVC + HMM_GMM @ 5x] Acc: 0.5250, F1: 0.4794, Time: 0.04s
      -> [LogisticRegression + HMM_GMM @ 5x] Acc: 0.5850, F1: 0.5589, Time: 0.04s
      -> [RNN + HMM_GMM @ 5x] Acc: 0.5000, F1: 0.4944, Time: 0.67s
    [=== Generating 10x synthetic data with HMM_GMM ===]
      -> [KNN + HMM_GMM @ 10x] Acc: 0.9933, F1: 0.9933, Time: 0.07s
      -> [RandomForest + HMM_GMM @ 10x] Acc: 0.9500, F1: 0.9507, Time: 1.07s
      -> [LinearSVC + HMM_GMM @ 10x] Acc: 0.5267, F1: 0.4818, Time: 0.08s
      -> [LogisticRegression + HMM_GMM @ 10x] Acc: 0.5733, F1: 0.5474, Time: 0.09s
      -> [RNN + HMM_GMM @ 10x] Acc: 0.6667, F1: 0.6389, Time: 1.28s
    [=== Generating 2x synthetic data with TimeVAE ===]
      -> [KNN + TimeVAE @ 2x] Acc: 0.9933, F1: 0.9933, Time: 0.02s
      -> [RandomForest + TimeVAE @ 2x] Acc: 0.8983, F1: 0.9000, Time: 0.55s
      -> [LinearSVC + TimeVAE @ 2x] Acc: 0.7950, F1: 0.7970, Time: 0.02s
      -> [LogisticRegression + TimeVAE @ 2x] Acc: 0.8900, F1: 0.8909, Time: 0.05s
      -> [RNN + TimeVAE @ 2x] Acc: 0.5000, F1: 0.4405, Time: 0.29s
    [=== Generating 3x synthetic data with TimeVAE ===]
      -> [KNN + TimeVAE @ 3x] Acc: 0.9933, F1: 0.9933, Time: 0.02s
      -> [RandomForest + TimeVAE @ 3x] Acc: 0.8850, F1: 0.8876, Time: 1.02s
      -> [LinearSVC + TimeVAE @ 3x] Acc: 0.6983, F1: 0.6882, Time: 0.03s
      -> [LogisticRegression + TimeVAE @ 3x] Acc: 0.8367, F1: 0.8368, Time: 0.08s
      -> [RNN + TimeVAE @ 3x] Acc: 0.5000, F1: 0.4405, Time: 0.39s
    [=== Generating 5x synthetic data with TimeVAE ===]
      -> [KNN + TimeVAE @ 5x] Acc: 0.9933, F1: 0.9933, Time: 0.02s
      -> [RandomForest + TimeVAE @ 5x] Acc: 0.9383, F1: 0.9388, Time: 1.89s
      -> [LinearSVC + TimeVAE @ 5x] Acc: 0.6683, F1: 0.6587, Time: 0.06s
      -> [LogisticRegression + TimeVAE @ 5x] Acc: 0.8500, F1: 0.8503, Time: 0.10s
      -> [RNN + TimeVAE @ 5x] Acc: 0.5000, F1: 0.4405, Time: 0.89s
    [=== Generating 10x synthetic data with TimeVAE ===]
      -> [KNN + TimeVAE @ 10x] Acc: 0.9933, F1: 0.9933, Time: 0.07s
      -> [RandomForest + TimeVAE @ 10x] Acc: 0.9117, F1: 0.9127, Time: 3.96s
      -> [LinearSVC + TimeVAE @ 10x] Acc: 0.6333, F1: 0.6285, Time: 0.11s
      -> [LogisticRegression + TimeVAE @ 10x] Acc: 0.7400, F1: 0.7396, Time: 0.34s
      -> [RNN + TimeVAE @ 10x] Acc: 0.5000, F1: 0.4944, Time: 1.19s

    >> Seed Fold Selection: 4/10
    Evaluating Model: KNN
      -> [Baseline] Acc: 0.9917, F1: 0.9917, Time: 0.01s
      HP Tuning KNN...
n_iterations: 3
n_required_iterations: 3
n_possible_iterations: 5
min_resources_: 30
max_resources_: 4600
aggressive_elimination: False
factor: 3
----------
iter: 0
n_candidates: 20
n_resources: 30
Fitting 5 folds for each of 20 candidates, totalling 100 fits
----------
iter: 1
n_candidates: 7
n_resources: 90
Fitting 5 folds for each of 7 candidates, totalling 35 fits
----------
iter: 2
n_candidates: 3
n_resources: 270
Fitting 5 folds for each of 3 candidates, totalling 15 fits
      -> [Tuned_Baseline] Acc: 0.9900, F1: 0.9900, Time: 0.00s
    Evaluating Model: RandomForest
      -> [Baseline] Acc: 0.9233, F1: 0.9246, Time: 0.66s
      HP Tuning RandomForest...
n_iterations: 3
n_required_iterations: 3
n_possible_iterations: 5
min_resources_: 30
max_resources_: 4600
aggressive_elimination: False
factor: 3
----------
iter: 0
n_candidates: 20
n_resources: 30
Fitting 5 folds for each of 20 candidates, totalling 100 fits
----------
iter: 1
n_candidates: 7
n_resources: 90
Fitting 5 folds for each of 7 candidates, totalling 35 fits
----------
iter: 2
n_candidates: 3
n_resources: 270
Fitting 5 folds for each of 3 candidates, totalling 15 fits
      -> [Tuned_Baseline] Acc: 0.9150, F1: 0.9165, Time: 0.01s
    Evaluating Model: LinearSVC
      -> [Baseline] Acc: 0.7717, F1: 0.7703, Time: 0.01s
      HP Tuning LinearSVC...
n_iterations: 3
n_required_iterations: 3
n_possible_iterations: 5
min_resources_: 30
max_resources_: 4600
aggressive_elimination: False
factor: 3
----------
iter: 0
n_candidates: 20
n_resources: 30
Fitting 5 folds for each of 20 candidates, totalling 100 fits
----------
iter: 1
n_candidates: 7
n_resources: 90
Fitting 5 folds for each of 7 candidates, totalling 35 fits
----------
iter: 2
n_candidates: 3
n_resources: 270
Fitting 5 folds for each of 3 candidates, totalling 15 fits
      -> [Tuned_Baseline] Acc: 0.8000, F1: 0.8002, Time: 0.00s
    Evaluating Model: LogisticRegression
      -> [Baseline] Acc: 0.8450, F1: 0.8464, Time: 0.06s
      HP Tuning LogisticRegression...
n_iterations: 3
n_required_iterations: 3
n_possible_iterations: 5
min_resources_: 30
max_resources_: 4600
aggressive_elimination: False
factor: 3
----------
iter: 0
n_candidates: 12
n_resources: 30
Fitting 5 folds for each of 12 candidates, totalling 60 fits
----------
iter: 1
n_candidates: 4
n_resources: 90
Fitting 5 folds for each of 4 candidates, totalling 20 fits
----------
iter: 2
n_candidates: 2
n_resources: 270
Fitting 5 folds for each of 2 candidates, totalling 10 fits
      -> [Tuned_Baseline] Acc: 0.9200, F1: 0.9207, Time: 0.00s
    Evaluating Model: RNN
      -> [Baseline] Acc: 0.5000, F1: 0.4405, Time: 0.23s
      -> [Tuned_Baseline] Acc: 0.5000, F1: 0.4405, Time: 0.00s
    [=== Generating 2x synthetic data with Jittering ===]
      -> [KNN + Jittering @ 2x] Acc: 0.9933, F1: 0.9933, Time: 0.02s
      -> [RandomForest + Jittering @ 2x] Acc: 0.9300, F1: 0.9310, Time: 1.25s
      -> [LinearSVC + Jittering @ 2x] Acc: 0.7617, F1: 0.7592, Time: 4.96s
      -> [LogisticRegression + Jittering @ 2x] Acc: 0.9117, F1: 0.9126, Time: 0.13s
      -> [RNN + Jittering @ 2x] Acc: 0.6667, F1: 0.6222, Time: 0.39s
    [=== Generating 3x synthetic data with Jittering ===]
      -> [KNN + Jittering @ 3x] Acc: 0.9950, F1: 0.9950, Time: 0.02s
      -> [RandomForest + Jittering @ 3x] Acc: 0.9267, F1: 0.9278, Time: 2.14s
      -> [LinearSVC + Jittering @ 3x] Acc: 0.7683, F1: 0.7670, Time: 9.01s
      -> [LogisticRegression + Jittering @ 3x] Acc: 0.9083, F1: 0.9093, Time: 0.14s
      -> [RNN + Jittering @ 3x] Acc: 0.5000, F1: 0.4405, Time: 0.59s
    [=== Generating 5x synthetic data with Jittering ===]
      -> [KNN + Jittering @ 5x] Acc: 0.9933, F1: 0.9933, Time: 0.04s
      -> [RandomForest + Jittering @ 5x] Acc: 0.9417, F1: 0.9423, Time: 3.59s
      -> [LinearSVC + Jittering @ 5x] Acc: 0.7483, F1: 0.7452, Time: 22.81s
      -> [LogisticRegression + Jittering @ 5x] Acc: 0.9017, F1: 0.9027, Time: 0.28s
      -> [RNN + Jittering @ 5x] Acc: 1.0000, F1: 1.0000, Time: 0.71s
    [=== Generating 10x synthetic data with Jittering ===]
      -> [KNN + Jittering @ 10x] Acc: 0.9850, F1: 0.9850, Time: 0.08s
      -> [RandomForest + Jittering @ 10x] Acc: 0.9417, F1: 0.9424, Time: 7.64s
      -> [LinearSVC + Jittering @ 10x] Acc: 0.7450, F1: 0.7415, Time: 74.37s
      -> [LogisticRegression + Jittering @ 10x] Acc: 0.9017, F1: 0.9028, Time: 0.72s
      -> [RNN + Jittering @ 10x] Acc: 0.5000, F1: 0.4944, Time: 1.69s
    [=== Generating 2x synthetic data with Scaling ===]
      -> [KNN + Scaling @ 2x] Acc: 0.9933, F1: 0.9933, Time: 0.02s
      -> [RandomForest + Scaling @ 2x] Acc: 0.9083, F1: 0.9100, Time: 1.32s
      -> [LinearSVC + Scaling @ 2x] Acc: 0.7433, F1: 0.7396, Time: 5.40s
      -> [LogisticRegression + Scaling @ 2x] Acc: 0.8683, F1: 0.8701, Time: 0.09s
      -> [RNN + Scaling @ 2x] Acc: 0.5000, F1: 0.4405, Time: 0.23s
    [=== Generating 3x synthetic data with Scaling ===]
      -> [KNN + Scaling @ 3x] Acc: 0.9767, F1: 0.9768, Time: 0.02s
      -> [RandomForest + Scaling @ 3x] Acc: 0.9183, F1: 0.9195, Time: 2.18s
      -> [LinearSVC + Scaling @ 3x] Acc: 0.6767, F1: 0.6618, Time: 9.43s
      -> [LogisticRegression + Scaling @ 3x] Acc: 0.6650, F1: 0.6474, Time: 0.11s
      -> [RNN + Scaling @ 3x] Acc: 0.5000, F1: 0.4405, Time: 0.51s
    [=== Generating 5x synthetic data with Scaling ===]
      -> [KNN + Scaling @ 5x] Acc: 0.9533, F1: 0.9533, Time: 0.04s
      -> [RandomForest + Scaling @ 5x] Acc: 0.8883, F1: 0.8911, Time: 3.57s
      -> [LinearSVC + Scaling @ 5x] Acc: 0.6817, F1: 0.6694, Time: 18.40s
      -> [LogisticRegression + Scaling @ 5x] Acc: 0.6900, F1: 0.6772, Time: 0.14s
      -> [RNN + Scaling @ 5x] Acc: 0.8333, F1: 0.8333, Time: 0.74s
    [=== Generating 10x synthetic data with Scaling ===]
      -> [KNN + Scaling @ 10x] Acc: 0.9400, F1: 0.9414, Time: 0.07s
      -> [RandomForest + Scaling @ 10x] Acc: 0.8750, F1: 0.8783, Time: 7.43s
      -> [LinearSVC + Scaling @ 10x] Acc: 0.6817, F1: 0.6688, Time: 56.25s
      -> [LogisticRegression + Scaling @ 10x] Acc: 0.6617, F1: 0.6416, Time: 0.43s
      -> [RNN + Scaling @ 10x] Acc: 0.6667, F1: 0.6389, Time: 1.41s
    [=== Generating 2x synthetic data with Magnitude_Warping ===]
      -> [KNN + Magnitude_Warping @ 2x] Acc: 0.9850, F1: 0.9850, Time: 0.02s
      -> [RandomForest + Magnitude_Warping @ 2x] Acc: 0.9100, F1: 0.9117, Time: 1.32s
      -> [LinearSVC + Magnitude_Warping @ 2x] Acc: 0.6683, F1: 0.6531, Time: 5.85s
      -> [LogisticRegression + Magnitude_Warping @ 2x] Acc: 0.6167, F1: 0.5829, Time: 0.06s
      -> [RNN + Magnitude_Warping @ 2x] Acc: 0.5000, F1: 0.4405, Time: 0.25s
    [=== Generating 3x synthetic data with Magnitude_Warping ===]
      -> [KNN + Magnitude_Warping @ 3x] Acc: 0.9500, F1: 0.9506, Time: 0.02s
      -> [RandomForest + Magnitude_Warping @ 3x] Acc: 0.8750, F1: 0.8783, Time: 1.84s
      -> [LinearSVC + Magnitude_Warping @ 3x] Acc: 0.6800, F1: 0.6681, Time: 9.58s
      -> [LogisticRegression + Magnitude_Warping @ 3x] Acc: 0.6350, F1: 0.6101, Time: 0.04s
      -> [RNN + Magnitude_Warping @ 3x] Acc: 0.5000, F1: 0.5333, Time: 0.32s
    [=== Generating 5x synthetic data with Magnitude_Warping ===]
      -> [KNN + Magnitude_Warping @ 5x] Acc: 0.9867, F1: 0.9867, Time: 0.03s
      -> [RandomForest + Magnitude_Warping @ 5x] Acc: 0.8633, F1: 0.8672, Time: 3.44s
      -> [LinearSVC + Magnitude_Warping @ 5x] Acc: 0.6550, F1: 0.6479, Time: 20.50s
      -> [LogisticRegression + Magnitude_Warping @ 5x] Acc: 0.6200, F1: 0.5866, Time: 0.09s
      -> [RNN + Magnitude_Warping @ 5x] Acc: 0.6667, F1: 0.6389, Time: 0.64s
    [=== Generating 10x synthetic data with Magnitude_Warping ===]
      -> [KNN + Magnitude_Warping @ 10x] Acc: 0.9917, F1: 0.9917, Time: 0.07s
      -> [RandomForest + Magnitude_Warping @ 10x] Acc: 0.8833, F1: 0.8862, Time: 8.13s
      -> [LinearSVC + Magnitude_Warping @ 10x] Acc: 0.6617, F1: 0.6552, Time: 65.11s
      -> [LogisticRegression + Magnitude_Warping @ 10x] Acc: 0.6317, F1: 0.6056, Time: 0.32s
      -> [RNN + Magnitude_Warping @ 10x] Acc: 0.6667, F1: 0.6389, Time: 1.65s
    [=== Generating 2x synthetic data with Time_Warping ===]
      -> [KNN + Time_Warping @ 2x] Acc: 0.9917, F1: 0.9917, Time: 0.02s
      -> [RandomForest + Time_Warping @ 2x] Acc: 0.8800, F1: 0.8830, Time: 1.35s
      -> [LinearSVC + Time_Warping @ 2x] Acc: 0.6300, F1: 0.6271, Time: 6.21s
      -> [LogisticRegression + Time_Warping @ 2x] Acc: 0.5817, F1: 0.5531, Time: 0.02s
      -> [RNN + Time_Warping @ 2x] Acc: 0.5000, F1: 0.4405, Time: 0.34s
    [=== Generating 3x synthetic data with Time_Warping ===]
      -> [KNN + Time_Warping @ 3x] Acc: 0.9850, F1: 0.9851, Time: 0.02s
      -> [RandomForest + Time_Warping @ 3x] Acc: 0.8500, F1: 0.8540, Time: 1.95s
      -> [LinearSVC + Time_Warping @ 3x] Acc: 0.6133, F1: 0.6108, Time: 10.96s
      -> [LogisticRegression + Time_Warping @ 3x] Acc: 0.5783, F1: 0.5514, Time: 0.04s
      -> [RNN + Time_Warping @ 3x] Acc: 0.5000, F1: 0.4405, Time: 0.45s
    [=== Generating 5x synthetic data with Time_Warping ===]
      -> [KNN + Time_Warping @ 5x] Acc: 0.9917, F1: 0.9917, Time: 0.04s
      -> [RandomForest + Time_Warping @ 5x] Acc: 0.8883, F1: 0.8907, Time: 3.84s
      -> [LinearSVC + Time_Warping @ 5x] Acc: 0.6083, F1: 0.6059, Time: 23.48s
      -> [LogisticRegression + Time_Warping @ 5x] Acc: 0.5767, F1: 0.5502, Time: 0.04s
      -> [RNN + Time_Warping @ 5x] Acc: 0.5000, F1: 0.4405, Time: 0.73s
    [=== Generating 10x synthetic data with Time_Warping ===]
      -> [KNN + Time_Warping @ 10x] Acc: 0.9817, F1: 0.9817, Time: 0.07s
      -> [RandomForest + Time_Warping @ 10x] Acc: 0.8383, F1: 0.8432, Time: 7.96s
      -> [LinearSVC + Time_Warping @ 10x] Acc: 0.6183, F1: 0.6164, Time: 108.20s
      -> [LogisticRegression + Time_Warping @ 10x] Acc: 0.5867, F1: 0.5592, Time: 0.15s
      -> [RNN + Time_Warping @ 10x] Acc: 0.5000, F1: 0.4405, Time: 1.54s
    [=== Generating 2x synthetic data with SMOTE ===]
      -> [KNN + SMOTE @ 2x] Acc: 0.9783, F1: 0.9784, Time: 0.02s
      -> [RandomForest + SMOTE @ 2x] Acc: 0.9200, F1: 0.9215, Time: 1.40s
      -> [LinearSVC + SMOTE @ 2x] Acc: 0.6100, F1: 0.5613, Time: 4.48s
      -> [LogisticRegression + SMOTE @ 2x] Acc: 0.8100, F1: 0.8104, Time: 0.10s
      -> [RNN + SMOTE @ 2x] Acc: 0.5000, F1: 0.4405, Time: 0.26s
    [=== Generating 3x synthetic data with SMOTE ===]
      -> [KNN + SMOTE @ 3x] Acc: 0.9717, F1: 0.9719, Time: 0.02s
      -> [RandomForest + SMOTE @ 3x] Acc: 0.9383, F1: 0.9393, Time: 1.86s
      -> [LinearSVC + SMOTE @ 3x] Acc: 0.6633, F1: 0.6370, Time: 7.21s
      -> [LogisticRegression + SMOTE @ 3x] Acc: 0.8700, F1: 0.8714, Time: 0.17s
      -> [RNN + SMOTE @ 3x] Acc: 0.5000, F1: 0.4405, Time: 0.45s
    [=== Generating 5x synthetic data with SMOTE ===]
      -> [KNN + SMOTE @ 5x] Acc: 0.9733, F1: 0.9735, Time: 0.04s
      -> [RandomForest + SMOTE @ 5x] Acc: 0.9450, F1: 0.9458, Time: 3.41s
      -> [LinearSVC + SMOTE @ 5x] Acc: 0.6500, F1: 0.6170, Time: 16.17s
      -> [LogisticRegression + SMOTE @ 5x] Acc: 0.8183, F1: 0.8192, Time: 0.31s
      -> [RNN + SMOTE @ 5x] Acc: 0.5000, F1: 0.4405, Time: 1.60s
    [=== Generating 10x synthetic data with SMOTE ===]
      -> [KNN + SMOTE @ 10x] Acc: 0.9717, F1: 0.9719, Time: 0.08s
      -> [RandomForest + SMOTE @ 10x] Acc: 0.9300, F1: 0.9313, Time: 7.76s
      -> [LinearSVC + SMOTE @ 10x] Acc: 0.6433, F1: 0.6077, Time: 75.47s
      -> [LogisticRegression + SMOTE @ 10x] Acc: 0.8317, F1: 0.8327, Time: 0.81s
      -> [RNN + SMOTE @ 10x] Acc: 0.5000, F1: 0.4944, Time: 2.08s
    [=== Generating 2x synthetic data with ADASYN ===]
      -> [KNN + ADASYN @ 2x] Acc: 0.9717, F1: 0.9719, Time: 0.02s
      -> [RandomForest + ADASYN @ 2x] Acc: 0.9517, F1: 0.9521, Time: 1.43s
      -> [LinearSVC + ADASYN @ 2x] Acc: 0.9317, F1: 0.9321, Time: 4.95s
      -> [LogisticRegression + ADASYN @ 2x] Acc: 0.9267, F1: 0.9271, Time: 0.11s
      -> [RNN + ADASYN @ 2x] Acc: 0.6667, F1: 0.6222, Time: 0.42s
    [=== Generating 3x synthetic data with ADASYN ===]
      -> [KNN + ADASYN @ 3x] Acc: 0.9767, F1: 0.9768, Time: 0.03s
      -> [RandomForest + ADASYN @ 3x] Acc: 0.9500, F1: 0.9504, Time: 2.30s
      -> [LinearSVC + ADASYN @ 3x] Acc: 0.9417, F1: 0.9416, Time: 8.98s
      -> [LogisticRegression + ADASYN @ 3x] Acc: 0.9350, F1: 0.9352, Time: 0.17s
      -> [RNN + ADASYN @ 3x] Acc: 0.6667, F1: 0.6222, Time: 0.57s
    [=== Generating 5x synthetic data with ADASYN ===]
      -> [KNN + ADASYN @ 5x] Acc: 0.9700, F1: 0.9702, Time: 0.04s
      -> [RandomForest + ADASYN @ 5x] Acc: 0.9233, F1: 0.9241, Time: 4.39s
      -> [LinearSVC + ADASYN @ 5x] Acc: 0.9150, F1: 0.9133, Time: 17.96s
      -> [LogisticRegression + ADASYN @ 5x] Acc: 0.9150, F1: 0.9141, Time: 0.25s
      -> [RNN + ADASYN @ 5x] Acc: 0.8333, F1: 0.7667, Time: 0.74s
    [=== Generating 10x synthetic data with ADASYN ===]
      -> [KNN + ADASYN @ 10x] Acc: 0.9717, F1: 0.9718, Time: 0.06s
      -> [RandomForest + ADASYN @ 10x] Acc: 0.9017, F1: 0.9026, Time: 8.88s
      -> [LinearSVC + ADASYN @ 10x] Acc: 0.9050, F1: 0.9029, Time: 86.87s
      -> [LogisticRegression + ADASYN @ 10x] Acc: 0.9017, F1: 0.9004, Time: 0.62s
      -> [RNN + ADASYN @ 10x] Acc: 0.5000, F1: 0.4405, Time: 1.59s
    [=== Generating 2x synthetic data with Mixup ===]
      -> [KNN + Mixup @ 2x] Acc: 0.9833, F1: 0.9834, Time: 0.01s
      -> [RandomForest + Mixup @ 2x] Acc: 0.8933, F1: 0.8957, Time: 1.18s
      -> [LinearSVC + Mixup @ 2x] Acc: 0.8350, F1: 0.8361, Time: 4.32s
      -> [LogisticRegression + Mixup @ 2x] Acc: 0.8967, F1: 0.8978, Time: 0.09s
      -> [RNN + Mixup @ 2x] Acc: 0.6667, F1: 0.6222, Time: 0.30s
    [=== Generating 3x synthetic data with Mixup ===]
      -> [KNN + Mixup @ 3x] Acc: 0.9900, F1: 0.9900, Time: 0.02s
      -> [RandomForest + Mixup @ 3x] Acc: 0.9033, F1: 0.9049, Time: 1.88s
      -> [LinearSVC + Mixup @ 3x] Acc: 0.9200, F1: 0.9206, Time: 8.02s
      -> [LogisticRegression + Mixup @ 3x] Acc: 0.9333, F1: 0.9337, Time: 0.17s
      -> [RNN + Mixup @ 3x] Acc: 0.6667, F1: 0.6222, Time: 0.44s
    [=== Generating 5x synthetic data with Mixup ===]
      -> [KNN + Mixup @ 5x] Acc: 0.9767, F1: 0.9768, Time: 0.04s
      -> [RandomForest + Mixup @ 5x] Acc: 0.9150, F1: 0.9165, Time: 3.18s
      -> [LinearSVC + Mixup @ 5x] Acc: 0.7200, F1: 0.7124, Time: 20.30s
      -> [LogisticRegression + Mixup @ 5x] Acc: 0.9150, F1: 0.9158, Time: 0.25s
      -> [RNN + Mixup @ 5x] Acc: 0.5000, F1: 0.4405, Time: 1.06s
    [=== Generating 10x synthetic data with Mixup ===]
      -> [KNN + Mixup @ 10x] Acc: 0.9800, F1: 0.9801, Time: 0.08s
      -> [RandomForest + Mixup @ 10x] Acc: 0.9433, F1: 0.9439, Time: 7.63s
      -> [LinearSVC + Mixup @ 10x] Acc: 0.8817, F1: 0.8829, Time: 53.80s
      -> [LogisticRegression + Mixup @ 10x] Acc: 0.9317, F1: 0.9321, Time: 0.79s
      -> [RNN + Mixup @ 10x] Acc: 0.6667, F1: 0.6778, Time: 1.44s
    [=== Generating 2x synthetic data with GMM ===]
      -> [KNN + GMM @ 2x] Acc: 0.9917, F1: 0.9917, Time: 0.02s
      -> [RandomForest + GMM @ 2x] Acc: 0.9367, F1: 0.9377, Time: 1.43s
      -> [LinearSVC + GMM @ 2x] Acc: 0.6817, F1: 0.6686, Time: 5.37s
      -> [LogisticRegression + GMM @ 2x] Acc: 0.6317, F1: 0.6044, Time: 0.04s
      -> [RNN + GMM @ 2x] Acc: 0.5000, F1: 0.4405, Time: 0.30s
    [=== Generating 3x synthetic data with GMM ===]
      -> [KNN + GMM @ 3x] Acc: 0.9867, F1: 0.9867, Time: 0.03s
      -> [RandomForest + GMM @ 3x] Acc: 0.9333, F1: 0.9344, Time: 2.35s
      -> [LinearSVC + GMM @ 3x] Acc: 0.6800, F1: 0.6674, Time: 10.58s
      -> [LogisticRegression + GMM @ 3x] Acc: 0.6267, F1: 0.5976, Time: 0.07s
      -> [RNN + GMM @ 3x] Acc: 0.8333, F1: 0.8333, Time: 0.51s
    [=== Generating 5x synthetic data with GMM ===]
      -> [KNN + GMM @ 5x] Acc: 0.9800, F1: 0.9801, Time: 0.04s
      -> [RandomForest + GMM @ 5x] Acc: 0.9283, F1: 0.9295, Time: 4.26s
      -> [LinearSVC + GMM @ 5x] Acc: 0.6783, F1: 0.6669, Time: 21.30s
      -> [LogisticRegression + GMM @ 5x] Acc: 0.6250, F1: 0.5966, Time: 0.10s
      -> [RNN + GMM @ 5x] Acc: 0.6667, F1: 0.6389, Time: 0.62s
    [=== Generating 10x synthetic data with GMM ===]
      -> [KNN + GMM @ 10x] Acc: 0.9683, F1: 0.9684, Time: 0.08s
      -> [RandomForest + GMM @ 10x] Acc: 0.9267, F1: 0.9278, Time: 9.75s
      -> [LinearSVC + GMM @ 10x] Acc: 0.6567, F1: 0.6417, Time: 81.19s
      -> [LogisticRegression + GMM @ 10x] Acc: 0.6183, F1: 0.5853, Time: 0.27s
      -> [RNN + GMM @ 10x] Acc: 0.1667, F1: 0.0556, Time: 1.34s
    [=== Generating 2x synthetic data with HMM_GMM ===]
      -> [KNN + HMM_GMM @ 2x] Acc: 0.9900, F1: 0.9900, Time: 0.01s
      -> [RandomForest + HMM_GMM @ 2x] Acc: 0.9183, F1: 0.9197, Time: 1.01s
      -> [LinearSVC + HMM_GMM @ 2x] Acc: 0.5217, F1: 0.4772, Time: 6.26s
      -> [LogisticRegression + HMM_GMM @ 2x] Acc: 0.5800, F1: 0.5519, Time: 0.02s
      -> [RNN + HMM_GMM @ 2x] Acc: 0.6667, F1: 0.6222, Time: 0.25s
    [=== Generating 3x synthetic data with HMM_GMM ===]
      -> [KNN + HMM_GMM @ 3x] Acc: 0.9900, F1: 0.9900, Time: 0.02s
      -> [RandomForest + HMM_GMM @ 3x] Acc: 0.9183, F1: 0.9195, Time: 1.16s
      -> [LinearSVC + HMM_GMM @ 3x] Acc: 0.5083, F1: 0.4666, Time: 9.69s
      -> [LogisticRegression + HMM_GMM @ 3x] Acc: 0.5800, F1: 0.5519, Time: 0.02s
      -> [RNN + HMM_GMM @ 3x] Acc: 0.8333, F1: 0.7667, Time: 0.44s
    [=== Generating 5x synthetic data with HMM_GMM ===]
      -> [KNN + HMM_GMM @ 5x] Acc: 0.9900, F1: 0.9900, Time: 0.04s
      -> [RandomForest + HMM_GMM @ 5x] Acc: 0.9183, F1: 0.9195, Time: 1.37s
      -> [LinearSVC + HMM_GMM @ 5x] Acc: 0.5100, F1: 0.4684, Time: 23.57s
      -> [LogisticRegression + HMM_GMM @ 5x] Acc: 0.5733, F1: 0.5457, Time: 0.04s
      -> [RNN + HMM_GMM @ 5x] Acc: 0.6667, F1: 0.6778, Time: 0.74s
    [=== Generating 10x synthetic data with HMM_GMM ===]
      -> [KNN + HMM_GMM @ 10x] Acc: 0.9900, F1: 0.9900, Time: 0.08s
      -> [RandomForest + HMM_GMM @ 10x] Acc: 0.9233, F1: 0.9244, Time: 2.25s
      -> [LinearSVC + HMM_GMM @ 10x] Acc: 0.5000, F1: 0.4632, Time: 161.11s
      -> [LogisticRegression + HMM_GMM @ 10x] Acc: 0.5317, F1: 0.5110, Time: 0.12s
      -> [RNN + HMM_GMM @ 10x] Acc: 0.5000, F1: 0.5389, Time: 1.58s
    [=== Generating 2x synthetic data with TimeVAE ===]
      -> [KNN + TimeVAE @ 2x] Acc: 0.9900, F1: 0.9900, Time: 0.02s
      -> [RandomForest + TimeVAE @ 2x] Acc: 0.9050, F1: 0.9069, Time: 1.36s
      -> [LinearSVC + TimeVAE @ 2x] Acc: 0.8500, F1: 0.8530, Time: 4.54s
      -> [LogisticRegression + TimeVAE @ 2x] Acc: 0.9350, F1: 0.9354, Time: 0.06s
      -> [RNN + TimeVAE @ 2x] Acc: 0.5000, F1: 0.4405, Time: 0.32s
    [=== Generating 3x synthetic data with TimeVAE ===]
      -> [KNN + TimeVAE @ 3x] Acc: 0.9900, F1: 0.9900, Time: 0.02s
      -> [RandomForest + TimeVAE @ 3x] Acc: 0.8983, F1: 0.9005, Time: 1.89s
      -> [LinearSVC + TimeVAE @ 3x] Acc: 0.7783, F1: 0.7829, Time: 8.02s
      -> [LogisticRegression + TimeVAE @ 3x] Acc: 0.9050, F1: 0.9056, Time: 0.10s
      -> [RNN + TimeVAE @ 3x] Acc: 0.5000, F1: 0.4405, Time: 0.50s
    [=== Generating 5x synthetic data with TimeVAE ===]
      -> [KNN + TimeVAE @ 5x] Acc: 0.9900, F1: 0.9900, Time: 0.03s
      -> [RandomForest + TimeVAE @ 5x] Acc: 0.8783, F1: 0.8816, Time: 3.22s
      -> [LinearSVC + TimeVAE @ 5x] Acc: 0.6733, F1: 0.6732, Time: 17.62s
      -> [LogisticRegression + TimeVAE @ 5x] Acc: 0.8350, F1: 0.8374, Time: 0.17s
      -> [RNN + TimeVAE @ 5x] Acc: 0.5000, F1: 0.4405, Time: 0.82s
    [=== Generating 10x synthetic data with TimeVAE ===]
      -> [KNN + TimeVAE @ 10x] Acc: 0.9867, F1: 0.9867, Time: 0.08s
      -> [RandomForest + TimeVAE @ 10x] Acc: 0.8883, F1: 0.8908, Time: 7.67s
      -> [LinearSVC + TimeVAE @ 10x] Acc: 0.6550, F1: 0.6482, Time: 70.76s
      -> [LogisticRegression + TimeVAE @ 10x] Acc: 0.8350, F1: 0.8375, Time: 0.29s
      -> [RNN + TimeVAE @ 10x] Acc: 0.5000, F1: 0.4667, Time: 1.33s

    >> Seed Fold Selection: 5/10
    Evaluating Model: KNN
      -> [Baseline] Acc: 0.9917, F1: 0.9917, Time: 0.01s
      HP Tuning KNN...
n_iterations: 3
n_required_iterations: 3
n_possible_iterations: 5
min_resources_: 30
max_resources_: 4600
aggressive_elimination: False
factor: 3
----------
iter: 0
n_candidates: 20
n_resources: 30
Fitting 5 folds for each of 20 candidates, totalling 100 fits
Windows fatal exception: code 0xc0000139

Thread 0x00002614 (most recent call first):
  File "<frozen importlib._bootstrap>", line 488 in _call_with_frames_removed
  File "<frozen importlib._bootstrap_external>", line 1321 in create_module
  File "<frozen importlib._bootstrap>", line 813 in module_from_spec
  File "<frozen importlib._bootstrap>", line 921 in _load_unlocked
  File "<frozen importlib._bootstrap>", line 1331 in _find_and_load_unlocked
  File "<frozen importlib._bootstrap>", line 1360 in _find_and_load
  File "c:\ProgramData\anaconda3\Lib\site-packages\gmpy2\__init__.py", line 1 in <module>
  File "<frozen importlib._bootstrap>", line 488 in _call_with_frames_removed
  File "<frozen importlib._bootstrap_external>", line 1027 in exec_module
  File "<frozen importlib._bootstrap>", line 935 in _load_unlocked
  File "<frozen importlib._bootstrap>", line 1331 in _find_and_load_unlocked
  File "<frozen importlib._bootstrap>", line 1360 in _find_and_load
  File "c:\ProgramData\anaconda3\Lib\site-packages\mpmath\libmp\backend.py", line 70 in <module>
  File "<frozen importlib._bootstrap>", line 488 in _call_with_frames_removed
  File "<frozen importlib._bootstrap_external>", line 1027 in exec_module
  File "<frozen importlib._bootstrap>", line 935 in _load_unlocked
  File "<frozen importlib._bootstrap>", line 1331 in _find_and_load_unlocked
  File "<frozen importlib._bootstrap>", line 1360 in _find_and_load
  File "c:\ProgramData\anaconda3\Lib\site-packages\mpmath\libmp\libmpf.py", line 17 in <module>
  File "<frozen importlib._bootstrap>", line 488 in _call_with_frames_removed
  File "<frozen importlib._bootstrap_external>", line 1027 in exec_module
  File "<frozen importlib._bootstrap>", line 935 in _load_unlocked
  File "<frozen importlib._bootstrap>", line 1331 in _find_and_load_unlocked
  File "<frozen importlib._bootstrap>", line 1360 in _find_and_load
  File "c:\ProgramData\anaconda3\Lib\site-packages\mpmath\libmp\__init__.py", line 1 in <module>
  File "<frozen importlib._bootstrap>", line 488 in _call_with_frames_removed
  File "<frozen importlib._bootstrap_external>", line 1027 in exec_module
  File "<frozen importlib._bootstrap>", line 935 in _load_unlocked
  File "<frozen importlib._bootstrap>", line 1331 in _find_and_load_unlocked
  File "<frozen importlib._bootstrap>", line 1360 in _find_and_load
  File "<frozen importlib._bootstrap>", line 488 in _call_with_frames_removed
  File "<frozen importlib._bootstrap>", line 1310 in _find_and_load_unlocked
  File "<frozen importlib._bootstrap>", line 1360 in _find_and_load
  File "c:\ProgramData\anaconda3\Lib\site-packages\mpmath\ctx_base.py", line 3 in <module>
  File "<frozen importlib._bootstrap>", line 488 in _call_with_frames_removed
  File "<frozen importlib._bootstrap_external>", line 1027 in exec_module
  File "<frozen importlib._bootstrap>", line 935 in _load_unlocked
  File "<frozen importlib._bootstrap>", line 1331 in _find_and_load_unlocked
  File "<frozen importlib._bootstrap>", line 1360 in _find_and_load
  File "c:\ProgramData\anaconda3\Lib\site-packages\mpmath\ctx_fp.py", line 1 in <module>
  File "<frozen importlib._bootstrap>", line 488 in _call_with_frames_removed
  File "<frozen importlib._bootstrap_external>", line 1027 in exec_module
  File "<frozen importlib._bootstrap>", line 935 in _load_unlocked
  File "<frozen importlib._bootstrap>", line 1331 in _find_and_load_unlocked
  File "<frozen importlib._bootstrap>", line 1360 in _find_and_load
  File "c:\ProgramData\anaconda3\Lib\site-packages\mpmath\__init__.py", line 5 in <module>
  File "<frozen importlib._bootstrap>", line 488 in _call_with_frames_removed
  File "<frozen importlib._bootstrap_external>", line 1027 in exec_module
  File "<frozen importlib._bootstrap>", line 935 in _load_unlocked
  File "<frozen importlib._bootstrap>", line 1331 in _find_and_load_unlocked
  File "<frozen importlib._bootstrap>", line 1360 in _find_and_load
  File "c:\ProgramData\anaconda3\Lib\site-packages\sympy\__init__.py", line 23 in <module>
  File "<frozen importlib._bootstrap>", line 488 in _call_with_frames_removed
  File "<frozen importlib._bootstrap_external>", line 1027 in exec_module
  File "<frozen importlib._bootstrap>", line 935 in _load_unlocked
  File "<frozen importlib._bootstrap>", line 1331 in _find_and_load_unlocked
  File "<frozen importlib._bootstrap>", line 1360 in _find_and_load
  File "<frozen importlib._bootstrap>", line 488 in _call_with_frames_removed
  File "<frozen importlib._bootstrap>", line 1310 in _find_and_load_unlocked
  File "<frozen importlib._bootstrap>", line 1360 in _find_and_load
  File "<frozen importlib._bootstrap>", line 488 in _call_with_frames_removed
  File "<frozen importlib._bootstrap>", line 1310 in _find_and_load_unlocked
  File "<frozen importlib._bootstrap>", line 1360 in _find_and_load
  File "c:\ProgramData\anaconda3\Lib\multiprocessing\queues.py", line 120 in getWindows fatal exception: code 0x
c0000139

  File "c:\ProgramData\anaconda3\Lib\site-packages\joblib\externals\loky\process_executor.py", line 453 in _process_worker
  File "Current thread 0xc:\ProgramData\anaconda3\Lib\multiprocessing\process.py", line 10800004438 (most recent call first):
  File "<frozen importlib._bootstrap>" in run
, line 488 in   File "c:\ProgramData\anaconda3\Lib\multiprocessing\process.py"_call_with_frames_removed
  File ", line 313 in _bootstrap
<frozen importlib._bootstrap_external>  File "c:\ProgramData\anaconda3\Lib\site-packages\joblib\externals\loky\backend\popen_loky_win32.py", line 172 in ", line 1321main
  File "<string>", line 1 in <module>
 in create_module
  File "<frozen importlib._bootstrap>", line 813 in module_from_spec
  File "<frozen importlib._bootstrap>", line 921 in _load_unlocked
  File "<frozen importlib._bootstrap>", line 1331 in _find_and_load_unlocked
  File "<frozen importlib._bootstrap>", line 1360 in _find_and_load
  File "c:\ProgramData\anaconda3\Lib\site-packages\gmpy2\__init__.py", line 1 in <module>
  File "<frozen importlib._bootstrap>", line 488 in _call_with_frames_removed
  File "<frozen importlib._bootstrap_external>", line 1027 in exec_module
  File "<frozen importlib._bootstrap>", line 935 in _load_unlocked
  File "<frozen importlib._bootstrap>", line 1331 in _find_and_load_unlocked
  File "<frozen importlib._bootstrap>", line 1360 in _find_and_load
  File "c:\ProgramData\anaconda3\Lib\site-packages\mpmath\libmp\backend.py", line 70 in <module>
  File "<frozen importlib._bootstrap>", line 488 in _call_with_frames_removed
  File "<frozen importlib._bootstrap_external>", line 1027 in exec_module
  File "<frozen importlib._bootstrap>", line 935 in _load_unlocked
  File "<frozen importlib._bootstrap>", line 1331 in _find_and_load_unlocked
  File "<frozen importlib._bootstrap>", line 1360 in _find_and_load
  File "c:\ProgramData\anaconda3\Lib\site-packages\mpmath\libmp\libmpf.py", line 17 in <module>
  File "<frozen importlib._bootstrap>", line 488 in _call_with_frames_removed
  File "<frozen importlib._bootstrap_external>", line 1027 in exec_module
  File "<frozen importlib._bootstrap>", line 935 in _load_unlocked
  File "<frozen importlib._bootstrap>", line 1331 in _find_and_load_unlocked
  File "<frozen importlib._bootstrap>", line 1360 in _find_and_load
  File "c:\ProgramData\anaconda3\Lib\site-packages\mpmath\libmp\__init__.py", line 1 in <module>
  File "<frozen importlib._bootstrap>", line 488 in _call_with_frames_removed
  File "<frozen importlib._bootstrap_external>", line 1027 in exec_module
  File "<frozen importlib._bootstrap>", line 935 in _load_unlocked
  File "<frozen importlib._bootstrap>", line 1331 in _find_and_load_unlocked
  File "<frozen importlib._bootstrap>", line 1360 in _find_and_load
  File "<frozen importlib._bootstrap>", line 488 in _call_with_frames_removed
  File "<frozen importlib._bootstrap>", line 1310 in _find_and_load_unlocked
  File "<frozen importlib._bootstrap>", line 1360 in _find_and_load
  File "c:\ProgramData\anaconda3\Lib\site-packages\mpmath\ctx_base.py", line 3 in <module>
  File "<frozen importlib._bootstrap>", line 488 in _call_with_frames_removed
  File "<frozen importlib._bootstrap_external>", line 1027 in exec_module
  File "<frozen importlib._bootstrap>", line 935 in _load_unlocked
  File "<frozen importlib._bootstrap>", line 1331 in _find_and_load_unlocked
  File "<frozen importlib._bootstrap>", line 1360 in _find_and_load
  File "c:\ProgramData\anaconda3\Lib\site-packages\mpmath\ctx_fp.py", line 1 in <module>
  File "<frozen importlib._bootstrap>", line 488 in _call_with_frames_removed
  File "<frozen importlib._bootstrap_external>", line 1027 in exec_module
  File "<frozen importlib._bootstrap>", line 935 in _load_unlocked
  File "<frozen importlib._bootstrap>", line 1331 in _find_and_load_unlocked
  File "<frozen importlib._bootstrap>", line 1360 in _find_and_load
  File "c:\ProgramData\anaconda3\Lib\site-packages\mpmath\__init__.py", line 5 in <module>
  File "<frozen importlib._bootstrap>", line 488 in _call_with_frames_removed
  File "<frozen importlib._bootstrap_external>", line 1027 in exec_module
  File "<frozen importlib._bootstrap>", line 935 in _load_unlocked
  File "<frozen importlib._bootstrap>", line 1331 in _find_and_load_unlocked
  File "<frozen importlib._bootstrap>", line 1360 in _find_and_load
  File "c:\ProgramData\anaconda3\Lib\site-packages\sympy\__init__.py", line 23 in <module>
  File "<frozen importlib._bootstrap>", line 488 in _call_with_frames_removed
  File "<frozen importlib._bootstrap_external>", line 1027 in exec_module
  File "<frozen importlib._bootstrap>", line 935 in _load_unlocked
  File "<frozen importlib._bootstrap>", line 1331 in _find_and_load_unlocked
  File "<frozen importlib._bootstrap>", line 1360 in _find_and_load
  File "<frozen importlib._bootstrap>", line 488 in _call_with_frames_removed
  File "<frozen importlib._bootstrap>", line 1310 in _find_and_load_unlocked
  File "<frozen importlib._bootstrap>", line 1360 in _find_and_load
  File "<frozen importlib._bootstrap>", line 488 in _call_with_frames_removed
  File "<frozen importlib._bootstrap>", line 1310 in _find_and_load_unlocked
  File "<frozen importlib._bootstrap>", line 1360 in _find_and_load
  File "c:\ProgramData\anaconda3\Lib\multiprocessing\queues.py", line 120 in get
  File "c:\ProgramData\anaconda3\Lib\site-packages\joblib\externals\loky\process_executor.py", line 453 in _process_worker
  File "c:\ProgramData\anaconda3\Lib\multiprocessing\process.py", line 108 in run
  File "c:\ProgramData\anaconda3\Lib\multiprocessing\process.py", line 313 in _bootstrap
  File "c:\ProgramData\anaconda3\Lib\site-packages\joblib\externals\loky\backend\popen_loky_win32.py", line 172 in main
  File "<string>", line 1 in <module>
Windows fatal exception: code 0xc0000139

Thread 0x00006f64 (most recent call first):
  File "<frozen importlib._bootstrap>", line 488 in _call_with_frames_removed
  File "<frozen importlib._bootstrap_external>", line 1321 in create_module
  File "<frozen importlib._bootstrap>", line 813 in module_from_spec
  File "<frozen importlib._bootstrap>", line 921 in _load_unlocked
  File "<frozen importlib._bootstrap>", line 1331 in _find_and_load_unlocked
  File "<frozen importlib._bootstrap>", line 1360 in _find_and_load
  File "c:\ProgramData\anaconda3\Lib\site-packages\gmpy2\__init__.py", line 1 in <module>
  File "<frozen importlib._bootstrap>", line 488 in _call_with_frames_removed
  File "<frozen importlib._bootstrap_external>", line 1027 in exec_module
  File "<frozen importlib._bootstrap>", line 935 in _load_unlocked
  File "<frozen importlib._bootstrap>", line 1331 in _find_and_load_unlocked
  File "<frozen importlib._bootstrap>", line 1360 in _find_and_load
  File "c:\ProgramData\anaconda3\Lib\site-packages\mpmath\libmp\backend.py", line 70 in <module>
  File "<frozen importlib._bootstrap>", line 488 in _call_with_frames_removed
  File "<frozen importlib._bootstrap_external>", line 1027 in exec_module
  File "<frozen importlib._bootstrap>", line 935 in _load_unlocked
  File "<frozen importlib._bootstrap>", line 1331 in _find_and_load_unlocked
  File "<frozen importlib._bootstrap>", line 1360 in _find_and_load
  File "c:\ProgramData\anaconda3\Lib\site-packages\mpmath\libmp\libmpf.py", line 17 in <module>
  File "<frozen importlib._bootstrap>", line 488 in _call_with_frames_removed
  File "<frozen importlib._bootstrap_external>", line 1027 in exec_module
  File "<frozen importlib._bootstrap>", line 935 in _load_unlocked
  File "<frozen importlib._bootstrap>", line 1331 in _find_and_load_unlocked
  File "<frozen importlib._bootstrap>", line 1360 in _find_and_load
  File "c:\ProgramData\anaconda3\Lib\site-packages\mpmath\libmp\__init__.py", line 1 in <module>
  File "<frozen importlib._bootstrap>", line 488 in _call_with_frames_removed
  File "<frozen importlib._bootstrap_external>", line 1027 in exec_module
  File "<frozen importlib._bootstrap>", line 935 in _load_unlocked
  File "<frozen importlib._bootstrap>", line 1331 in _find_and_load_unlocked
  File "<frozen importlib._bootstrap>", line 1360 in _find_and_load
  File "<frozen importlib._bootstrap>", line 488 in _call_with_frames_removed
  File "<frozen importlib._bootstrap>", line 1310 in _find_and_load_unlocked
  File "<frozen importlib._bootstrap>", line 1360 in _find_and_load
  File "c:\ProgramData\anaconda3\Lib\site-packages\mpmath\ctx_base.py", line 3 in <module>
  File "<frozen importlib._bootstrap>", line 488 in _call_with_frames_removed
  File "<frozen importlib._bootstrap_external>", line 1027 in exec_module
  File "<frozen importlib._bootstrap>", line 935 in _load_unlocked
  File "<frozen importlib._bootstrap>", line 1331 in _find_and_load_unlocked
  File "<frozen importlib._bootstrap>", line 1360 in _find_and_load
  File "c:\ProgramData\anaconda3\Lib\site-packages\mpmath\ctx_fp.py", line 1 in <module>
  File "<frozen importlib._bootstrap>", line 488 in _call_with_frames_removed
  File "<frozen importlib._bootstrap_external>", line 1027 in exec_module
  File "<frozen importlib._bootstrap>", line 935 in _load_unlocked
  File "<frozen importlib._bootstrap>", line 1331 in _find_and_load_unlocked
  File "<frozen importlib._bootstrap>", line 1360 in _find_and_load
  File "c:\ProgramData\anaconda3\Lib\site-packages\mpmath\__init__.py", line 5 in <module>
  File "<frozen importlib._bootstrap>", line 488 in _call_with_frames_removed
  File "<frozen importlib._bootstrap_external>", line 1027 in exec_module
  File "<frozen importlib._bootstrap>", line 935 in _load_unlocked
  File "<frozen importlib._bootstrap>", line 1331 in _find_and_load_unlocked
  File "<frozen importlib._bootstrap>", line 1360 in _find_and_load
  File "c:\ProgramData\anaconda3\Lib\site-packages\sympy\__init__.py", line 23 in <module>
  File "<frozen importlib._bootstrap>", line 488 in _call_with_frames_removed
  File "<frozen importlib._bootstrap_external>", line 1027 in exec_module
  File "<frozen importlib._bootstrap>", line 935 in _load_unlocked
  File "<frozen importlib._bootstrap>", line 1331 in _find_and_load_unlocked
  File "<frozen importlib._bootstrap>", line 1360 in _find_and_load
  File "<frozen importlib._bootstrap>", line 488 in _call_with_frames_removed
  File "<frozen importlib._bootstrap>", line 1310 in _find_and_load_unlocked
  File "<frozen importlib._bootstrap>", line 1360 in _find_and_load
  File "<frozen importlib._bootstrap>", line 488 in _call_with_frames_removed
  File "<frozen importlib._bootstrap>", line 1310 in _find_and_load_unlocked
  File "<frozen importlib._bootstrap>", line 1360 in _find_and_load
  File "c:\ProgramData\anaconda3\Lib\multiprocessing\queues.py", line 120 in get
  File "c:\ProgramData\anaconda3\Lib\site-packages\joblib\externals\loky\process_executor.py", line 453 in _process_worker
  File "c:\ProgramData\anaconda3\Lib\multiprocessing\process.py", line 108 in run
  File "c:\ProgramData\anaconda3\Lib\multiprocessing\process.py", line 313 in _bootstrap
  File "c:\ProgramData\anaconda3\Lib\site-packages\joblib\externals\loky\backend\popen_loky_win32.py", line 172 in main
  File "<string>", line 1 in <module>
Windows fatal exception: code 0xc0000139

Thread 0x00002614 (most recent call first):
  File "<frozen importlib._bootstrap>", line 488 in _call_with_frames_removed
  File "<frozen importlib._bootstrap_external>", line 1321 in create_module
  File "<frozen importlib._bootstrap>", line 813 in module_from_spec
  File "<frozen importlib._bootstrap>", line 921 in _load_unlocked
  File "<frozen importlib._bootstrap>", line 1331 in _find_and_load_unlocked
  File "<frozen importlib._bootstrap>", line 1360 in _find_and_load
  File "c:\ProgramData\anaconda3\Lib\site-packages\gmpy2\__init__.py", line 1 in <module>
  File "<frozen importlib._bootstrap>", line 488 in _call_with_frames_removed
  File "<frozen importlib._bootstrap_external>", line 1027 in exec_module
  File "<frozen importlib._bootstrap>", line 935 in _load_unlocked
  File "<frozen importlib._bootstrap>", line 1331 in _find_and_load_unlocked
  File "<frozen importlib._bootstrap>", line 1360 in _find_and_load
  File "c:\ProgramData\anaconda3\Lib\site-packages\sympy\external\importtools.py", line 145 in import_module
  File "c:\ProgramData\anaconda3\Lib\site-packages\sympy\external\gmpy.py", line 139 in _get_gmpy2
  File "c:\ProgramData\anaconda3\Lib\site-packages\sympy\external\gmpy.py", line 167 in <module>
  File "<frozen importlib._bootstrap>", line 488 in _call_with_frames_removed
  File "<frozen importlib._bootstrap_external>", line 1027 in exec_module
  File "<frozen importlib._bootstrap>", line 935 in _load_unlocked
  File "<frozen importlib._bootstrap>", line 1331 in _find_and_load_unlocked
  File "<frozen importlib._bootstrap>", line 1360 in _find_and_load
  File "c:\ProgramData\anaconda3\Lib\site-packages\sympy\core\evalf.py", line 26 in <module>
  File "<frozen importlib._bootstrap>", line 488 in _call_with_frames_removed
  File "<frozen importlib._bootstrap_external>", line 1027 in exec_module
  File "<frozen importlib._bootstrap>", line 935 in _load_unlocked
  File "<frozen importlib._bootstrap>", line 1331 in Windows fatal exception: code 0xc0000139

Thread 0x_find_and_load_unlocked00004438
  File "<frozen importlib._bootstrap>", line 1360 (most recent call first):
  File " in _find_and_load
<frozen importlib._bootstrap>  File "c:\ProgramData\anaconda3\Lib\site-packages\sympy\core\expr.py", line ", line 11 in <module>488 in _call_with_frames_removed
  File "
  File "<frozen importlib._bootstrap>", line 488<frozen importlib._bootstrap_external>", line  in _call_with_frames_removed
  File 1321 in create_module
  File "<frozen importlib._bootstrap_external>", line "<frozen importlib._bootstrap>", line 813 in module_from_spec
1027 in exec_module
  File "<frozen importlib._bootstrap>", line 935 in _load_unlocked
  File "<frozen importlib._bootstrap>", line 1331 in _find_and_load_unlocked
  File "<frozen importlib._bootstrap>", line 1360 in _find_and_load
  File "c:\ProgramData\anaconda3\Lib\site-packages\sympy\core\__init__.py", line 9 in <module>  File 
  File "<frozen importlib._bootstrap>", line 488 in _call_with_frames_removed
  File "<frozen importlib._bootstrap_external>", line 1027 in exec_module
  File "<frozen importlib._bootstrap>", line 935 in _load_unlocked"
  File "<frozen importlib._bootstrap>"<frozen importlib._bootstrap>", line 921 in _load_unlocked
  File "<frozen importlib._bootstrap>", line 1331 in _find_and_load_unlocked
, line   File "<frozen importlib._bootstrap>", line 1360 in _find_and_load
  File "<frozen importlib._bootstrap>", line 488 in _call_with_frames_removed
  File "1331 in _find_and_load_unlocked
  File <frozen importlib._bootstrap>"<frozen importlib._bootstrap>"", line 1360 in _find_and_load, line 1310 in _find_and_load_unlocked
  File "<frozen importlib._bootstrap>", line 1360 in _find_and_load
  File "c:\ProgramData\anaconda3\Lib\site-packages\sympy\__init__.py", line 31
 in <module>  File "c:\ProgramData\anaconda3\Lib\site-packages\gmpy2\__init__.py", line 1 in <module>

  File "<frozen importlib._bootstrap>"  File "<frozen importlib._bootstrap>", line , line 488 in _call_with_frames_removed
  File "<frozen importlib._bootstrap_external>", line 1027 in exec_module
  File "<frozen importlib._bootstrap>"488 in _call_with_frames_removed
  File "<frozen importlib._bootstrap_external>", line 1027, line 935 in _load_unlocked
  File "<frozen importlib._bootstrap>" in exec_module
  File "<frozen importlib._bootstrap>", line 935 in _load_unlocked
  File "<frozen importlib._bootstrap>", line 1331 in _find_and_load_unlocked
  File , line 1331 in "<frozen importlib._bootstrap>", line 1360_find_and_load_unlocked in _find_and_load

  File "  File "<frozen importlib._bootstrap>", line 488 in _call_with_frames_removed
<frozen importlib._bootstrap>", line 1360 in _find_and_load
  File "<frozen importlib._bootstrap>"  File "c:\ProgramData\anaconda3\Lib\site-packages\sympy\external\importtools.py", line 1310 in _find_and_load_unlocked
, line 145 in   File "<frozen importlib._bootstrap>import_module
  File ", line 1360"c:\ProgramData\anaconda3\Lib\site-packages\sympy\external\gmpy.py" in _find_and_load
, line 139 in   File "<frozen importlib._bootstrap>_get_gmpy2
  File ", line 488"c:\ProgramData\anaconda3\Lib\site-packages\sympy\external\gmpy.py" in _call_with_frames_removed
  File ", line 167 in <module><frozen importlib._bootstrap>", line 1310 in _find_and_load_unlocked
  File "<frozen importlib._bootstrap>", line 1360 in _find_and_load
  File "c:\ProgramData\anaconda3\Lib\multiprocessing\queues.py"
  File "<frozen importlib._bootstrap>", line 488 in _call_with_frames_removed
  File "<frozen importlib._bootstrap_external>", line 1027, line  in exec_module
  File "<frozen importlib._bootstrap>", line 935 in _load_unlocked
  File "<frozen importlib._bootstrap>", line 1331 in _find_and_load_unlocked120
  File "<frozen importlib._bootstrap>" in , line 1360 in _find_and_load
  File "c:\ProgramData\anaconda3\Lib\site-packages\sympy\core\evalf.py", line 26 in <module>get
  File "<frozen importlib._bootstrap>", line 488 in _call_with_frames_removed
  File "<frozen importlib._bootstrap_external>
"  File , line 1027 in exec_module"c:\ProgramData\anaconda3\Lib\site-packages\joblib\externals\loky\process_executor.py"
  File "<frozen importlib._bootstrap>", line 935 in _load_unlocked
  File "<frozen importlib._bootstrap>, line 453 in _process_worker
  File "c:\ProgramData\anaconda3\Lib\multiprocessing\process.py", line 108 in run
  File "c:\ProgramData\anaconda3\Lib\multiprocessing\process.py"", line 1331 in _find_and_load_unlocked
  File "<frozen importlib._bootstrap>", line 1360 in _find_and_load
  File "c:\ProgramData\anaconda3\Lib\site-packages\sympy\core\expr.py", line 11 in , line 313 in _bootstrap
  File "c:\ProgramData\anaconda3\Lib\site-packages\joblib\externals\loky\backend\popen_loky_win32.py"<module>
  File "<frozen importlib._bootstrap>", line , line 172 in main
  File "<string>", line 1 in <module>
488 in _call_with_frames_removed
  File "<frozen importlib._bootstrap_external>", line 1027 in exec_module
  File "<frozen importlib._bootstrap>", line 935 in _load_unlocked
  File "<frozen importlib._bootstrap>", line 1331 in _find_and_load_unlocked
  File "<frozen importlib._bootstrap>", line 1360 in _find_and_load
  File "c:\ProgramData\anaconda3\Lib\site-packages\sympy\core\__init__.py", line 9 in <module>
  File "<frozen importlib._bootstrap>", line 488 in _call_with_frames_removed
  File "<frozen importlib._bootstrap_external>", line 1027 in exec_module
  File "<frozen importlib._bootstrap>", line 935 in _load_unlocked
  File "<frozen importlib._bootstrap>", line 1331 in _find_and_load_unlocked
  File "<frozen importlib._bootstrap>", line 1360 in _find_and_load
  File "<frozen importlib._bootstrap>", line 488 in _call_with_frames_removed
  File "<frozen importlib._bootstrap>", line 1310 in _find_and_load_unlocked
  File "<frozen importlib._bootstrap>", line 1360 in _find_and_load
  File "c:\ProgramData\anaconda3\Lib\site-packages\sympy\__init__.py", line 31 in <module>
  File "<frozen importlib._bootstrap>", line 488 in _call_with_frames_removed
  File "<frozen importlib._bootstrap_external>", line 1027 in exec_module
  File "<frozen importlib._bootstrap>", line 935 in _load_unlocked
  File "<frozen importlib._bootstrap>", line 1331 in _find_and_load_unlocked
  File "<frozen importlib._bootstrap>", line 1360 in _find_and_load
  File "<frozen importlib._bootstrap>", line 488 in _call_with_frames_removed
  File "<frozen importlib._bootstrap>", line 1310 in _find_and_load_unlocked
  File "<frozen importlib._bootstrap>", line 1360 in _find_and_load
  File "<frozen importlib._bootstrap>", line 488 in _call_with_frames_removed
  File "<frozen importlib._bootstrap>", line 1310 in _find_and_load_unlocked
  File "<frozen importlib._bootstrap>", line 1360 in _find_and_load
  File "c:\ProgramData\anaconda3\Lib\multiprocessing\queues.py", line 120 in get
  File "c:\ProgramData\anaconda3\Lib\site-packages\joblib\externals\loky\process_executor.py", line 453 in _process_worker
  File "c:\ProgramData\anaconda3\Lib\multiprocessing\process.py", line 108 in run
  File "c:\ProgramData\anaconda3\Lib\multiprocessing\process.py", line 313 in _bootstrap
  File "c:\ProgramData\anaconda3\Lib\site-packages\joblib\externals\loky\backend\popen_loky_win32.py", line 172 in main
  File "<string>", line 1 in <module>
Windows fatal exception: code 0xc0000139

Thread 0x00006f64 (most recent call first):
  File "<frozen importlib._bootstrap>", line 488 in _call_with_frames_removed
  File "<frozen importlib._bootstrap_external>", line 1321 in create_module
  File "<frozen importlib._bootstrap>", line 813 in module_from_spec
  File "<frozen importlib._bootstrap>", line 921 in _load_unlocked
  File "<frozen importlib._bootstrap>", line 1331 in _find_and_load_unlocked
  File "<frozen importlib._bootstrap>", line 1360 in _find_and_load
  File "c:\ProgramData\anaconda3\Lib\site-packages\gmpy2\__init__.py", line 1 in <module>
  File "<frozen importlib._bootstrap>", line 488 in _call_with_frames_removed
  File "<frozen importlib._bootstrap_external>", line 1027 in exec_module
  File "<frozen importlib._bootstrap>", line 935 in _load_unlocked
  File "<frozen importlib._bootstrap>", line 1331 in _find_and_load_unlocked
  File "<frozen importlib._bootstrap>", line 1360 in _find_and_load
  File "c:\ProgramData\anaconda3\Lib\site-packages\sympy\external\importtools.py", line 145 in import_module
  File "c:\ProgramData\anaconda3\Lib\site-packages\sympy\external\gmpy.py", line 139 in _get_gmpy2
  File "c:\ProgramData\anaconda3\Lib\site-packages\sympy\external\gmpy.py", line 167 in <module>
  File "<frozen importlib._bootstrap>", line 488 in _call_with_frames_removed
  File "<frozen importlib._bootstrap_external>", line 1027 in exec_module
  File "<frozen importlib._bootstrap>", line 935 in _load_unlocked
  File "<frozen importlib._bootstrap>", line 1331 in _find_and_load_unlocked
  File "<frozen importlib._bootstrap>", line 1360 in _find_and_load
  File "c:\ProgramData\anaconda3\Lib\site-packages\sympy\core\evalf.py", line 26 in <module>
  File "<frozen importlib._bootstrap>", line 488 in _call_with_frames_removed
  File "<frozen importlib._bootstrap_external>", line 1027 in exec_module
  File "<frozen importlib._bootstrap>", line 935 in _load_unlocked
  File "<frozen importlib._bootstrap>", line 1331 in _find_and_load_unlocked
  File "<frozen importlib._bootstrap>", line 1360 in _find_and_load
  File "c:\ProgramData\anaconda3\Lib\site-packages\sympy\core\expr.py", line 11 in <module>
  File "<frozen importlib._bootstrap>", line 488 in _call_with_frames_removed
  File "<frozen importlib._bootstrap_external>", line 1027 in exec_module
  File "<frozen importlib._bootstrap>", line 935 in _load_unlocked
  File "<frozen importlib._bootstrap>", line 1331 in _find_and_load_unlocked
  File "<frozen importlib._bootstrap>", line 1360 in _find_and_load
  File "c:\ProgramData\anaconda3\Lib\site-packages\sympy\core\__init__.py", line 9 in <module>
  File "<frozen importlib._bootstrap>", line 488 in _call_with_frames_removed
  File "<frozen importlib._bootstrap_external>", line 1027 in exec_module
  File "<frozen importlib._bootstrap>", line 935 in _load_unlocked
  File "<frozen importlib._bootstrap>", line 1331 in _find_and_load_unlocked
  File "<frozen importlib._bootstrap>", line 1360 in _find_and_load
  File "<frozen importlib._bootstrap>", line 488 in _call_with_frames_removed
  File "<frozen importlib._bootstrap>", line 1310 in _find_and_load_unlocked
  File "<frozen importlib._bootstrap>", line 1360 in _find_and_load
  File "c:\ProgramData\anaconda3\Lib\site-packages\sympy\__init__.py", line 31 in <module>
  File "<frozen importlib._bootstrap>", line 488 in _call_with_frames_removed
  File "<frozen importlib._bootstrap_external>", line 1027 in exec_module
  File "<frozen importlib._bootstrap>", line 935 in _load_unlocked
  File "<frozen importlib._bootstrap>", line 1331 in _find_and_load_unlocked
  File "<frozen importlib._bootstrap>", line 1360 in _find_and_load
  File "<frozen importlib._bootstrap>", line 488 in _call_with_frames_removed
  File "<frozen importlib._bootstrap>", line 1310 in _find_and_load_unlocked
  File "<frozen importlib._bootstrap>", line 1360 in _find_and_load
  File "<frozen importlib._bootstrap>", line 488 in _call_with_frames_removed
  File "<frozen importlib._bootstrap>", line 1310 in _find_and_load_unlocked
  File "<frozen importlib._bootstrap>", line 1360 in _find_and_load
  File "c:\ProgramData\anaconda3\Lib\multiprocessing\queues.py", line 120 in get
  File "c:\ProgramData\anaconda3\Lib\site-packages\joblib\externals\loky\process_executor.py", line 453 in _process_worker
  File "c:\ProgramData\anaconda3\Lib\multiprocessing\process.py", line 108 in run
  File "c:\ProgramData\anaconda3\Lib\multiprocessing\process.py", line 313 in _bootstrap
  File "c:\ProgramData\anaconda3\Lib\site-packages\joblib\externals\loky\backend\popen_loky_win32.py", line 172 in main
  File "<string>", line 1 in <module>
----------
iter: 1
n_candidates: 7
n_resources: 90
Fitting 5 folds for each of 7 candidates, totalling 35 fits
----------
iter: 2
n_candidates: 3
n_resources: 270
Fitting 5 folds for each of 3 candidates, totalling 15 fits
      -> [Tuned_Baseline] Acc: 0.9883, F1: 0.9884, Time: 0.01s
    Evaluating Model: RandomForest
      -> [Baseline] Acc: 0.8883, F1: 0.8910, Time: 0.72s
      HP Tuning RandomForest...
n_iterations: 3
n_required_iterations: 3
n_possible_iterations: 5
min_resources_: 30
max_resources_: 4600
aggressive_elimination: False
factor: 3
----------
iter: 0
n_candidates: 20
n_resources: 30
Fitting 5 folds for each of 20 candidates, totalling 100 fits
----------
iter: 1
n_candidates: 7
n_resources: 90
Fitting 5 folds for each of 7 candidates, totalling 35 fits
----------
iter: 2
n_candidates: 3
n_resources: 270
Fitting 5 folds for each of 3 candidates, totalling 15 fits
      -> [Tuned_Baseline] Acc: 0.8900, F1: 0.8926, Time: 0.00s
    Evaluating Model: LinearSVC
      -> [Baseline] Acc: 0.7617, F1: 0.7595, Time: 0.01s
      HP Tuning LinearSVC...
n_iterations: 3
n_required_iterations: 3
n_possible_iterations: 5
min_resources_: 30
max_resources_: 4600
aggressive_elimination: False
factor: 3
----------
iter: 0
n_candidates: 20
n_resources: 30
Fitting 5 folds for each of 20 candidates, totalling 100 fits
----------
iter: 1
n_candidates: 7
n_resources: 90
Fitting 5 folds for each of 7 candidates, totalling 35 fits
----------
iter: 2
n_candidates: 3
n_resources: 270
Fitting 5 folds for each of 3 candidates, totalling 15 fits
      -> [Tuned_Baseline] Acc: 0.7833, F1: 0.7828, Time: 0.00s
    Evaluating Model: LogisticRegression
      -> [Baseline] Acc: 0.8233, F1: 0.8244, Time: 0.04s
      HP Tuning LogisticRegression...
n_iterations: 3
n_required_iterations: 3
n_possible_iterations: 5
min_resources_: 30
max_resources_: 4600
aggressive_elimination: False
factor: 3
----------
iter: 0
n_candidates: 12
n_resources: 30
Fitting 5 folds for each of 12 candidates, totalling 60 fits
----------
iter: 1
n_candidates: 4
n_resources: 90
Fitting 5 folds for each of 4 candidates, totalling 20 fits
----------
iter: 2
n_candidates: 2
n_resources: 270
Fitting 5 folds for each of 2 candidates, totalling 10 fits
      -> [Tuned_Baseline] Acc: 0.9233, F1: 0.9240, Time: 0.00s
    Evaluating Model: RNN
      -> [Baseline] Acc: 0.6667, F1: 0.6222, Time: 0.17s
      -> [Tuned_Baseline] Acc: 0.6667, F1: 0.6222, Time: 0.00s
    [=== Generating 2x synthetic data with Jittering ===]
      -> [KNN + Jittering @ 2x] Acc: 0.9900, F1: 0.9900, Time: 0.02s
      -> [RandomForest + Jittering @ 2x] Acc: 0.8883, F1: 0.8910, Time: 0.70s
      -> [LinearSVC + Jittering @ 2x] Acc: 0.7583, F1: 0.7559, Time: 0.02s
      -> [LogisticRegression + Jittering @ 2x] Acc: 0.9067, F1: 0.9076, Time: 0.10s
      -> [RNN + Jittering @ 2x] Acc: 0.5000, F1: 0.4405, Time: 0.33s
    [=== Generating 3x synthetic data with Jittering ===]
      -> [KNN + Jittering @ 3x] Acc: 0.9950, F1: 0.9950, Time: 0.03s
      -> [RandomForest + Jittering @ 3x] Acc: 0.9000, F1: 0.9022, Time: 1.00s
      -> [LinearSVC + Jittering @ 3x] Acc: 0.7500, F1: 0.7467, Time: 0.03s
      -> [LogisticRegression + Jittering @ 3x] Acc: 0.9050, F1: 0.9060, Time: 0.12s
      -> [RNN + Jittering @ 3x] Acc: 0.5000, F1: 0.4405, Time: 0.47s
    [=== Generating 5x synthetic data with Jittering ===]
      -> [KNN + Jittering @ 5x] Acc: 0.9917, F1: 0.9917, Time: 0.04s
      -> [RandomForest + Jittering @ 5x] Acc: 0.8967, F1: 0.8990, Time: 1.76s
      -> [LinearSVC + Jittering @ 5x] Acc: 0.7300, F1: 0.7243, Time: 0.05s
      -> [LogisticRegression + Jittering @ 5x] Acc: 0.8983, F1: 0.8995, Time: 0.22s
      -> [RNN + Jittering @ 5x] Acc: 0.6667, F1: 0.6389, Time: 0.78s
    [=== Generating 10x synthetic data with Jittering ===]
      -> [KNN + Jittering @ 10x] Acc: 0.9917, F1: 0.9917, Time: 0.08s
      -> [RandomForest + Jittering @ 10x] Acc: 0.9200, F1: 0.9214, Time: 3.75s
      -> [LinearSVC + Jittering @ 10x] Acc: 0.7300, F1: 0.7243, Time: 0.17s
      -> [LogisticRegression + Jittering @ 10x] Acc: 0.8933, F1: 0.8945, Time: 0.57s
      -> [RNN + Jittering @ 10x] Acc: 0.6667, F1: 0.6389, Time: 1.54s
    [=== Generating 2x synthetic data with Scaling ===]
      -> [KNN + Scaling @ 2x] Acc: 0.9933, F1: 0.9933, Time: 0.01s
      -> [RandomForest + Scaling @ 2x] Acc: 0.9217, F1: 0.9230, Time: 0.61s
      -> [LinearSVC + Scaling @ 2x] Acc: 0.6833, F1: 0.6682, Time: 0.02s
      -> [LogisticRegression + Scaling @ 2x] Acc: 0.7700, F1: 0.7680, Time: 0.04s
      -> [RNN + Scaling @ 2x] Acc: 0.5000, F1: 0.4405, Time: 0.26s
    [=== Generating 3x synthetic data with Scaling ===]
      -> [KNN + Scaling @ 3x] Acc: 0.9933, F1: 0.9933, Time: 0.02s
      -> [RandomForest + Scaling @ 3x] Acc: 0.8917, F1: 0.8939, Time: 1.02s
      -> [LinearSVC + Scaling @ 3x] Acc: 0.6800, F1: 0.6665, Time: 0.03s
      -> [LogisticRegression + Scaling @ 3x] Acc: 0.6417, F1: 0.6171, Time: 0.09s
      -> [RNN + Scaling @ 3x] Acc: 0.5000, F1: 0.4944, Time: 0.40s
    [=== Generating 5x synthetic data with Scaling ===]
      -> [KNN + Scaling @ 5x] Acc: 0.9933, F1: 0.9933, Time: 0.03s
      -> [RandomForest + Scaling @ 5x] Acc: 0.8883, F1: 0.8909, Time: 1.66s
      -> [LinearSVC + Scaling @ 5x] Acc: 0.6750, F1: 0.6604, Time: 0.05s
      -> [LogisticRegression + Scaling @ 5x] Acc: 0.6500, F1: 0.6254, Time: 0.14s
      -> [RNN + Scaling @ 5x] Acc: 0.5000, F1: 0.4944, Time: 0.75s
    [=== Generating 10x synthetic data with Scaling ===]
      -> [KNN + Scaling @ 10x] Acc: 0.9950, F1: 0.9950, Time: 0.05s
      -> [RandomForest + Scaling @ 10x] Acc: 0.9067, F1: 0.9078, Time: 4.21s
      -> [LinearSVC + Scaling @ 10x] Acc: 0.6783, F1: 0.6645, Time: 0.26s
      -> [LogisticRegression + Scaling @ 10x] Acc: 0.6483, F1: 0.6242, Time: 0.50s
      -> [RNN + Scaling @ 10x] Acc: 0.6667, F1: 0.6389, Time: 1.82s
    [=== Generating 2x synthetic data with Magnitude_Warping ===]
      -> [KNN + Magnitude_Warping @ 2x] Acc: 0.9900, F1: 0.9900, Time: 0.02s
      -> [RandomForest + Magnitude_Warping @ 2x] Acc: 0.8517, F1: 0.8559, Time: 0.66s
      -> [LinearSVC + Magnitude_Warping @ 2x] Acc: 0.6850, F1: 0.6727, Time: 0.02s
      -> [LogisticRegression + Magnitude_Warping @ 2x] Acc: 0.6633, F1: 0.6421, Time: 0.03s
      -> [RNN + Magnitude_Warping @ 2x] Acc: 0.5000, F1: 0.4405, Time: 0.33s
    [=== Generating 3x synthetic data with Magnitude_Warping ===]
      -> [KNN + Magnitude_Warping @ 3x] Acc: 0.9867, F1: 0.9867, Time: 0.02s
      -> [RandomForest + Magnitude_Warping @ 3x] Acc: 0.8933, F1: 0.8969, Time: 1.11s
      -> [LinearSVC + Magnitude_Warping @ 3x] Acc: 0.6633, F1: 0.6567, Time: 0.04s
      -> [LogisticRegression + Magnitude_Warping @ 3x] Acc: 0.6533, F1: 0.6358, Time: 0.09s
      -> [RNN + Magnitude_Warping @ 3x] Acc: 0.5000, F1: 0.4405, Time: 0.56s
    [=== Generating 5x synthetic data with Magnitude_Warping ===]
      -> [KNN + Magnitude_Warping @ 5x] Acc: 0.9933, F1: 0.9933, Time: 0.05s
      -> [RandomForest + Magnitude_Warping @ 5x] Acc: 0.8683, F1: 0.8694, Time: 1.94s
      -> [LinearSVC + Magnitude_Warping @ 5x] Acc: 0.6800, F1: 0.6698, Time: 0.07s
      -> [LogisticRegression + Magnitude_Warping @ 5x] Acc: 0.6200, F1: 0.5866, Time: 0.13s
      -> [RNN + Magnitude_Warping @ 5x] Acc: 0.6667, F1: 0.6389, Time: 0.82s
    [=== Generating 10x synthetic data with Magnitude_Warping ===]
      -> [KNN + Magnitude_Warping @ 10x] Acc: 0.9850, F1: 0.9850, Time: 0.06s
      -> [RandomForest + Magnitude_Warping @ 10x] Acc: 0.9083, F1: 0.9098, Time: 4.61s
      -> [LinearSVC + Magnitude_Warping @ 10x] Acc: 0.6533, F1: 0.6471, Time: 0.16s
      -> [LogisticRegression + Magnitude_Warping @ 10x] Acc: 0.6200, F1: 0.5877, Time: 0.30s
      -> [RNN + Magnitude_Warping @ 10x] Acc: 0.8333, F1: 0.8333, Time: 1.63s
    [=== Generating 2x synthetic data with Time_Warping ===]
      -> [KNN + Time_Warping @ 2x] Acc: 0.9900, F1: 0.9900, Time: 0.02s
      -> [RandomForest + Time_Warping @ 2x] Acc: 0.8600, F1: 0.8637, Time: 0.61s
      -> [LinearSVC + Time_Warping @ 2x] Acc: 0.6250, F1: 0.6218, Time: 0.02s
      -> [LogisticRegression + Time_Warping @ 2x] Acc: 0.5500, F1: 0.5055, Time: 0.03s
      -> [RNN + Time_Warping @ 2x] Acc: 0.6667, F1: 0.6222, Time: 0.35s
    [=== Generating 3x synthetic data with Time_Warping ===]
      -> [KNN + Time_Warping @ 3x] Acc: 0.9883, F1: 0.9884, Time: 0.02s
      -> [RandomForest + Time_Warping @ 3x] Acc: 0.8500, F1: 0.8544, Time: 1.04s
      -> [LinearSVC + Time_Warping @ 3x] Acc: 0.6017, F1: 0.5985, Time: 0.02s
      -> [LogisticRegression + Time_Warping @ 3x] Acc: 0.5933, F1: 0.5654, Time: 0.03s
      -> [RNN + Time_Warping @ 3x] Acc: 0.6667, F1: 0.5952, Time: 0.49s
    [=== Generating 5x synthetic data with Time_Warping ===]
      -> [KNN + Time_Warping @ 5x] Acc: 0.9883, F1: 0.9884, Time: 0.05s
      -> [RandomForest + Time_Warping @ 5x] Acc: 0.8267, F1: 0.8322, Time: 1.74s
      -> [LinearSVC + Time_Warping @ 5x] Acc: 0.5950, F1: 0.5909, Time: 0.05s
      -> [LogisticRegression + Time_Warping @ 5x] Acc: 0.5683, F1: 0.5340, Time: 0.06s
      -> [RNN + Time_Warping @ 5x] Acc: 0.3333, F1: 0.3611, Time: 0.97s
    [=== Generating 10x synthetic data with Time_Warping ===]
      -> [KNN + Time_Warping @ 10x] Acc: 0.9900, F1: 0.9900, Time: 0.09s
      -> [RandomForest + Time_Warping @ 10x] Acc: 0.8500, F1: 0.8545, Time: 4.31s
      -> [LinearSVC + Time_Warping @ 10x] Acc: 0.5717, F1: 0.5618, Time: 0.16s
      -> [LogisticRegression + Time_Warping @ 10x] Acc: 0.5650, F1: 0.5324, Time: 0.19s
      -> [RNN + Time_Warping @ 10x] Acc: 0.6667, F1: 0.6389, Time: 1.55s
    [=== Generating 2x synthetic data with SMOTE ===]
      -> [KNN + SMOTE @ 2x] Acc: 0.9833, F1: 0.9834, Time: 0.01s
      -> [RandomForest + SMOTE @ 2x] Acc: 0.9217, F1: 0.9230, Time: 0.74s
      -> [LinearSVC + SMOTE @ 2x] Acc: 0.6150, F1: 0.5736, Time: 0.03s
      -> [LogisticRegression + SMOTE @ 2x] Acc: 0.8617, F1: 0.8632, Time: 0.17s
      -> [RNN + SMOTE @ 2x] Acc: 0.5000, F1: 0.4405, Time: 0.37s
    [=== Generating 3x synthetic data with SMOTE ===]
      -> [KNN + SMOTE @ 3x] Acc: 0.9800, F1: 0.9800, Time: 0.02s
      -> [RandomForest + SMOTE @ 3x] Acc: 0.9367, F1: 0.9375, Time: 0.93s
      -> [LinearSVC + SMOTE @ 3x] Acc: 0.6633, F1: 0.6403, Time: 0.05s
      -> [LogisticRegression + SMOTE @ 3x] Acc: 0.8800, F1: 0.8814, Time: 0.18s
      -> [RNN + SMOTE @ 3x] Acc: 0.5000, F1: 0.4405, Time: 0.56s
    [=== Generating 5x synthetic data with SMOTE ===]
      -> [KNN + SMOTE @ 5x] Acc: 0.9917, F1: 0.9917, Time: 0.03s
      -> [RandomForest + SMOTE @ 5x] Acc: 0.9450, F1: 0.9457, Time: 1.77s
      -> [LinearSVC + SMOTE @ 5x] Acc: 0.6633, F1: 0.6403, Time: 0.07s
      -> [LogisticRegression + SMOTE @ 5x] Acc: 0.8600, F1: 0.8616, Time: 0.39s
      -> [RNN + SMOTE @ 5x] Acc: 0.5000, F1: 0.4944, Time: 0.91s
    [=== Generating 10x synthetic data with SMOTE ===]
      -> [KNN + SMOTE @ 10x] Acc: 0.9700, F1: 0.9702, Time: 0.05s
      -> [RandomForest + SMOTE @ 10x] Acc: 0.9400, F1: 0.9409, Time: 3.97s
      -> [LinearSVC + SMOTE @ 10x] Acc: 0.6367, F1: 0.6003, Time: 0.35s
      -> [LogisticRegression + SMOTE @ 10x] Acc: 0.8517, F1: 0.8531, Time: 0.84s
      -> [RNN + SMOTE @ 10x] Acc: 0.6667, F1: 0.6389, Time: 1.60s
    [=== Generating 2x synthetic data with ADASYN ===]
      -> [KNN + ADASYN @ 2x] Acc: 0.9767, F1: 0.9768, Time: 0.02s
      -> [RandomForest + ADASYN @ 2x] Acc: 0.9517, F1: 0.9521, Time: 0.69s
      -> [LinearSVC + ADASYN @ 2x] Acc: 0.9383, F1: 0.9386, Time: 0.03s
      -> [LogisticRegression + ADASYN @ 2x] Acc: 0.9283, F1: 0.9287, Time: 0.14s
      -> [RNN + ADASYN @ 2x] Acc: 0.6667, F1: 0.6222, Time: 0.38s
    [=== Generating 3x synthetic data with ADASYN ===]
      -> [KNN + ADASYN @ 3x] Acc: 0.9633, F1: 0.9635, Time: 0.03s
      -> [RandomForest + ADASYN @ 3x] Acc: 0.9150, F1: 0.9161, Time: 1.12s
      -> [LinearSVC + ADASYN @ 3x] Acc: 0.9350, F1: 0.9349, Time: 0.04s
      -> [LogisticRegression + ADASYN @ 3x] Acc: 0.9250, F1: 0.9252, Time: 0.21s
      -> [RNN + ADASYN @ 3x] Acc: 0.6667, F1: 0.6222, Time: 0.56s
    [=== Generating 5x synthetic data with ADASYN ===]
      -> [KNN + ADASYN @ 5x] Acc: 0.9650, F1: 0.9652, Time: 0.04s
      -> [RandomForest + ADASYN @ 5x] Acc: 0.9283, F1: 0.9289, Time: 2.29s
      -> [LinearSVC + ADASYN @ 5x] Acc: 0.9067, F1: 0.9049, Time: 0.10s
      -> [LogisticRegression + ADASYN @ 5x] Acc: 0.9050, F1: 0.9042, Time: 0.37s
      -> [RNN + ADASYN @ 5x] Acc: 0.8333, F1: 0.7667, Time: 0.98s
    [=== Generating 10x synthetic data with ADASYN ===]
      -> [KNN + ADASYN @ 10x] Acc: 0.9750, F1: 0.9751, Time: 0.09s
      -> [RandomForest + ADASYN @ 10x] Acc: 0.9300, F1: 0.9305, Time: 4.99s
      -> [LinearSVC + ADASYN @ 10x] Acc: 0.9067, F1: 0.9053, Time: 0.28s
      -> [LogisticRegression + ADASYN @ 10x] Acc: 0.9033, F1: 0.9027, Time: 0.92s
      -> [RNN + ADASYN @ 10x] Acc: 0.6667, F1: 0.6222, Time: 1.78s
    [=== Generating 2x synthetic data with Mixup ===]
      -> [KNN + Mixup @ 2x] Acc: 0.9917, F1: 0.9917, Time: 0.01s
      -> [RandomForest + Mixup @ 2x] Acc: 0.8967, F1: 0.8987, Time: 0.68s
      -> [LinearSVC + Mixup @ 2x] Acc: 0.6733, F1: 0.6554, Time: 0.03s
      -> [LogisticRegression + Mixup @ 2x] Acc: 0.8750, F1: 0.8765, Time: 0.07s
      -> [RNN + Mixup @ 2x] Acc: 0.5000, F1: 0.4405, Time: 0.40s
    [=== Generating 3x synthetic data with Mixup ===]
      -> [KNN + Mixup @ 3x] Acc: 0.9900, F1: 0.9900, Time: 0.02s
      -> [RandomForest + Mixup @ 3x] Acc: 0.9500, F1: 0.9504, Time: 1.11s
      -> [LinearSVC + Mixup @ 3x] Acc: 0.8633, F1: 0.8647, Time: 0.03s
      -> [LogisticRegression + Mixup @ 3x] Acc: 0.9283, F1: 0.9288, Time: 0.22s
      -> [RNN + Mixup @ 3x] Acc: 0.5000, F1: 0.5333, Time: 0.60s
    [=== Generating 5x synthetic data with Mixup ===]
      -> [KNN + Mixup @ 5x] Acc: 0.9850, F1: 0.9851, Time: 0.04s
      -> [RandomForest + Mixup @ 5x] Acc: 0.9300, F1: 0.9312, Time: 1.81s
      -> [LinearSVC + Mixup @ 5x] Acc: 0.8350, F1: 0.8362, Time: 0.08s
      -> [LogisticRegression + Mixup @ 5x] Acc: 0.9217, F1: 0.9223, Time: 0.38s
      -> [RNN + Mixup @ 5x] Acc: 0.5000, F1: 0.4405, Time: 0.90s
    [=== Generating 10x synthetic data with Mixup ===]
      -> [KNN + Mixup @ 10x] Acc: 0.9917, F1: 0.9917, Time: 0.08s
      -> [RandomForest + Mixup @ 10x] Acc: 0.9400, F1: 0.9407, Time: 3.68s
      -> [LinearSVC + Mixup @ 10x] Acc: 0.8050, F1: 0.8055, Time: 0.27s
      -> [LogisticRegression + Mixup @ 10x] Acc: 0.9383, F1: 0.9385, Time: 0.77s
      -> [RNN + Mixup @ 10x] Acc: 0.5000, F1: 0.4944, Time: 1.65s
    [=== Generating 2x synthetic data with GMM ===]
      -> [KNN + GMM @ 2x] Acc: 0.9883, F1: 0.9883, Time: 0.01s
      -> [RandomForest + GMM @ 2x] Acc: 0.9400, F1: 0.9411, Time: 0.72s
      -> [LinearSVC + GMM @ 2x] Acc: 0.6767, F1: 0.6624, Time: 0.02s
      -> [LogisticRegression + GMM @ 2x] Acc: 0.6283, F1: 0.5989, Time: 0.06s
      -> [RNN + GMM @ 2x] Acc: 0.5000, F1: 0.4405, Time: 0.29s
    [=== Generating 3x synthetic data with GMM ===]
      -> [KNN + GMM @ 3x] Acc: 0.9883, F1: 0.9883, Time: 0.02s
      -> [RandomForest + GMM @ 3x] Acc: 0.9283, F1: 0.9296, Time: 1.25s
      -> [LinearSVC + GMM @ 3x] Acc: 0.6683, F1: 0.6538, Time: 0.03s
      -> [LogisticRegression + GMM @ 3x] Acc: 0.6167, F1: 0.5851, Time: 0.05s
      -> [RNN + GMM @ 3x] Acc: 0.8333, F1: 0.8333, Time: 0.46s
    [=== Generating 5x synthetic data with GMM ===]
      -> [KNN + GMM @ 5x] Acc: 0.9833, F1: 0.9834, Time: 0.04s
      -> [RandomForest + GMM @ 5x] Acc: 0.9233, F1: 0.9248, Time: 2.37s
      -> [LinearSVC + GMM @ 5x] Acc: 0.6733, F1: 0.6600, Time: 0.05s
      -> [LogisticRegression + GMM @ 5x] Acc: 0.6150, F1: 0.5838, Time: 0.14s
      -> [RNN + GMM @ 5x] Acc: 0.3333, F1: 0.1667, Time: 0.87s
    [=== Generating 10x synthetic data with GMM ===]
      -> [KNN + GMM @ 10x] Acc: 0.9833, F1: 0.9833, Time: 0.07s
      -> [RandomForest + GMM @ 10x] Acc: 0.9150, F1: 0.9167, Time: 5.42s
      -> [LinearSVC + GMM @ 10x] Acc: 0.6650, F1: 0.6529, Time: 0.13s
      -> [LogisticRegression + GMM @ 10x] Acc: 0.6150, F1: 0.5806, Time: 0.30s
      -> [RNN + GMM @ 10x] Acc: 0.6667, F1: 0.6389, Time: 1.62s
    [=== Generating 2x synthetic data with HMM_GMM ===]
      -> [KNN + HMM_GMM @ 2x] Acc: 0.9883, F1: 0.9884, Time: 0.02s
      -> [RandomForest + HMM_GMM @ 2x] Acc: 0.9217, F1: 0.9230, Time: 0.52s
      -> [LinearSVC + HMM_GMM @ 2x] Acc: 0.5233, F1: 0.4785, Time: 0.01s
      -> [LogisticRegression + HMM_GMM @ 2x] Acc: 0.5750, F1: 0.5478, Time: 0.02s
      -> [RNN + HMM_GMM @ 2x] Acc: 0.6667, F1: 0.6222, Time: 0.29s
    [=== Generating 3x synthetic data with HMM_GMM ===]
      -> [KNN + HMM_GMM @ 3x] Acc: 0.9883, F1: 0.9884, Time: 0.03s
      -> [RandomForest + HMM_GMM @ 3x] Acc: 0.9150, F1: 0.9164, Time: 0.67s
      -> [LinearSVC + HMM_GMM @ 3x] Acc: 0.5100, F1: 0.4680, Time: 0.04s
      -> [LogisticRegression + HMM_GMM @ 3x] Acc: 0.5683, F1: 0.5424, Time: 0.03s
      -> [RNN + HMM_GMM @ 3x] Acc: 0.5000, F1: 0.4944, Time: 0.54s
    [=== Generating 5x synthetic data with HMM_GMM ===]
      -> [KNN + HMM_GMM @ 5x] Acc: 0.9883, F1: 0.9884, Time: 0.04s
      -> [RandomForest + HMM_GMM @ 5x] Acc: 0.9167, F1: 0.9179, Time: 0.94s
      -> [LinearSVC + HMM_GMM @ 5x] Acc: 0.5100, F1: 0.4684, Time: 0.04s
      -> [LogisticRegression + HMM_GMM @ 5x] Acc: 0.5667, F1: 0.5410, Time: 0.07s
      -> [RNN + HMM_GMM @ 5x] Acc: 0.6667, F1: 0.6778, Time: 0.93s
    [=== Generating 10x synthetic data with HMM_GMM ===]
      -> [KNN + HMM_GMM @ 10x] Acc: 0.9883, F1: 0.9884, Time: 0.09s
      -> [RandomForest + HMM_GMM @ 10x] Acc: 0.9433, F1: 0.9439, Time: 1.43s
      -> [LinearSVC + HMM_GMM @ 10x] Acc: 0.5100, F1: 0.4684, Time: 0.13s
      -> [LogisticRegression + HMM_GMM @ 10x] Acc: 0.5567, F1: 0.5331, Time: 0.15s
      -> [RNN + HMM_GMM @ 10x] Acc: 0.5000, F1: 0.4944, Time: 1.71s
    [=== Generating 2x synthetic data with TimeVAE ===]
      -> [KNN + TimeVAE @ 2x] Acc: 0.9883, F1: 0.9884, Time: 0.02s
      -> [RandomForest + TimeVAE @ 2x] Acc: 0.9367, F1: 0.9375, Time: 0.64s
      -> [LinearSVC + TimeVAE @ 2x] Acc: 0.6983, F1: 0.6915, Time: 0.03s
      -> [LogisticRegression + TimeVAE @ 2x] Acc: 0.8733, F1: 0.8746, Time: 0.06s
      -> [RNN + TimeVAE @ 2x] Acc: 0.5000, F1: 0.4405, Time: 0.36s
    [=== Generating 3x synthetic data with TimeVAE ===]
      -> [KNN + TimeVAE @ 3x] Acc: 0.9883, F1: 0.9884, Time: 0.03s
      -> [RandomForest + TimeVAE @ 3x] Acc: 0.8833, F1: 0.8861, Time: 0.99s
      -> [LinearSVC + TimeVAE @ 3x] Acc: 0.8500, F1: 0.8538, Time: 0.05s
      -> [LogisticRegression + TimeVAE @ 3x] Acc: 0.9217, F1: 0.9226, Time: 0.11s
      -> [RNN + TimeVAE @ 3x] Acc: 0.5000, F1: 0.4405, Time: 0.67s
    [=== Generating 5x synthetic data with TimeVAE ===]
      -> [KNN + TimeVAE @ 5x] Acc: 0.9883, F1: 0.9884, Time: 0.04s
      -> [RandomForest + TimeVAE @ 5x] Acc: 0.8867, F1: 0.8890, Time: 1.81s
      -> [LinearSVC + TimeVAE @ 5x] Acc: 0.6550, F1: 0.6494, Time: 0.11s
      -> [LogisticRegression + TimeVAE @ 5x] Acc: 0.8067, F1: 0.8091, Time: 0.19s
      -> [RNN + TimeVAE @ 5x] Acc: 0.5000, F1: 0.4405, Time: 1.14s
    [=== Generating 10x synthetic data with TimeVAE ===]
      -> [KNN + TimeVAE @ 10x] Acc: 0.9833, F1: 0.9833, Time: 0.09s
      -> [RandomForest + TimeVAE @ 10x] Acc: 0.8833, F1: 0.8866, Time: 4.03s
      -> [LinearSVC + TimeVAE @ 10x] Acc: 0.6550, F1: 0.6552, Time: 0.26s
      -> [LogisticRegression + TimeVAE @ 10x] Acc: 0.8883, F1: 0.8898, Time: 0.48s
      -> [RNN + TimeVAE @ 10x] Acc: 0.5000, F1: 0.4405, Time: 1.94s
Graph saved to w:\MyGoogleDrive\ELTE\Synthetic Data Gen\New Experiment\Results\Coffee_F1_S20_performance.png

==================================================
Running experiment for Coffee
==================================================

--- Fold 2/10 ---

  >> Seed sets per label: 20

    >> Seed Fold Selection: 1/10
    Evaluating Model: KNN
      -> [Baseline] Acc: 0.9883, F1: 0.9884, Time: 0.01s
      HP Tuning KNN...
n_iterations: 3
n_required_iterations: 3
n_possible_iterations: 5
min_resources_: 30
max_resources_: 4600
aggressive_elimination: False
factor: 3
----------
iter: 0
n_candidates: 20
n_resources: 30
Fitting 5 folds for each of 20 candidates, totalling 100 fits
----------
iter: 1
n_candidates: 7
n_resources: 90
Fitting 5 folds for each of 7 candidates, totalling 35 fits
----------
iter: 2
n_candidates: 3
n_resources: 270
Fitting 5 folds for each of 3 candidates, totalling 15 fits
      -> [Tuned_Baseline] Acc: 0.9883, F1: 0.9884, Time: 0.00s
    Evaluating Model: RandomForest
      -> [Baseline] Acc: 0.9450, F1: 0.9459, Time: 0.69s
      HP Tuning RandomForest...
n_iterations: 3
n_required_iterations: 3
n_possible_iterations: 5
min_resources_: 30
max_resources_: 4600
aggressive_elimination: False
factor: 3
----------
iter: 0
n_candidates: 20
n_resources: 30
Fitting 5 folds for each of 20 candidates, totalling 100 fits
----------
iter: 1
n_candidates: 7
n_resources: 90
Fitting 5 folds for each of 7 candidates, totalling 35 fits
----------
iter: 2
n_candidates: 3
n_resources: 270
Fitting 5 folds for each of 3 candidates, totalling 15 fits
      -> [Tuned_Baseline] Acc: 0.9350, F1: 0.9362, Time: 0.01s
    Evaluating Model: LinearSVC
      -> [Baseline] Acc: 0.9817, F1: 0.9817, Time: 0.02s
      HP Tuning LinearSVC...
n_iterations: 3
n_required_iterations: 3
n_possible_iterations: 5
min_resources_: 30
max_resources_: 4600
aggressive_elimination: False
factor: 3
----------
iter: 0
n_candidates: 20
n_resources: 30
Fitting 5 folds for each of 20 candidates, totalling 100 fits
----------
iter: 1
n_candidates: 7
n_resources: 90
Fitting 5 folds for each of 7 candidates, totalling 35 fits
----------
iter: 2
n_candidates: 3
n_resources: 270
Fitting 5 folds for each of 3 candidates, totalling 15 fits
      -> [Tuned_Baseline] Acc: 0.9817, F1: 0.9817, Time: 0.00s
    Evaluating Model: LogisticRegression
      -> [Baseline] Acc: 0.9567, F1: 0.9570, Time: 0.05s
      HP Tuning LogisticRegression...
n_iterations: 3
n_required_iterations: 3
n_possible_iterations: 5
min_resources_: 30
max_resources_: 4600
aggressive_elimination: False
factor: 3
----------
iter: 0
n_candidates: 12
n_resources: 30
Fitting 5 folds for each of 12 candidates, totalling 60 fits
----------
iter: 1
n_candidates: 4
n_resources: 90
Fitting 5 folds for each of 4 candidates, totalling 20 fits
----------
iter: 2
n_candidates: 2
n_resources: 270
Fitting 5 folds for each of 2 candidates, totalling 10 fits
      -> [Tuned_Baseline] Acc: 0.9500, F1: 0.9504, Time: 0.00s
    Evaluating Model: RNN
      -> [Baseline] Acc: 0.8333, F1: 0.7667, Time: 2.37s
      -> [Tuned_Baseline] Acc: 0.8333, F1: 0.7667, Time: 0.00s
    [=== Generating 2x synthetic data with Jittering ===]
      -> [KNN + Jittering @ 2x] Acc: 0.9867, F1: 0.9867, Time: 0.02s
      -> [RandomForest + Jittering @ 2x] Acc: 0.9417, F1: 0.9427, Time: 1.42s
      -> [LinearSVC + Jittering @ 2x] Acc: 0.9867, F1: 0.9867, Time: 0.03s
      -> [LogisticRegression + Jittering @ 2x] Acc: 0.9517, F1: 0.9520, Time: 0.07s
      -> [RNN + Jittering @ 2x] Acc: 0.8333, F1: 0.7667, Time: 0.31s
    [=== Generating 3x synthetic data with Jittering ===]
      -> [KNN + Jittering @ 3x] Acc: 0.9867, F1: 0.9867, Time: 0.02s
      -> [RandomForest + Jittering @ 3x] Acc: 0.9400, F1: 0.9411, Time: 2.03s
      -> [LinearSVC + Jittering @ 3x] Acc: 0.9817, F1: 0.9817, Time: 0.04s
      -> [LogisticRegression + Jittering @ 3x] Acc: 0.9517, F1: 0.9520, Time: 0.16s
      -> [RNN + Jittering @ 3x] Acc: 1.0000, F1: 1.0000, Time: 0.53s
    [=== Generating 5x synthetic data with Jittering ===]
      -> [KNN + Jittering @ 5x] Acc: 0.9883, F1: 0.9884, Time: 0.05s
      -> [RandomForest + Jittering @ 5x] Acc: 0.9350, F1: 0.9362, Time: 3.82s
      -> [LinearSVC + Jittering @ 5x] Acc: 0.9867, F1: 0.9867, Time: 0.07s
      -> [LogisticRegression + Jittering @ 5x] Acc: 0.9517, F1: 0.9520, Time: 0.27s
      -> [RNN + Jittering @ 5x] Acc: 1.0000, F1: 1.0000, Time: 0.88s
    [=== Generating 10x synthetic data with Jittering ===]
      -> [KNN + Jittering @ 10x] Acc: 0.9883, F1: 0.9884, Time: 0.07s
      -> [RandomForest + Jittering @ 10x] Acc: 0.9400, F1: 0.9411, Time: 7.86s
      -> [LinearSVC + Jittering @ 10x] Acc: 0.9883, F1: 0.9883, Time: 0.19s
      -> [LogisticRegression + Jittering @ 10x] Acc: 0.9533, F1: 0.9537, Time: 0.54s
      -> [RNN + Jittering @ 10x] Acc: 1.0000, F1: 1.0000, Time: 1.22s
    [=== Generating 2x synthetic data with Scaling ===]
      -> [KNN + Scaling @ 2x] Acc: 0.9917, F1: 0.9917, Time: 0.01s
      -> [RandomForest + Scaling @ 2x] Acc: 0.9300, F1: 0.9313, Time: 1.41s
      -> [LinearSVC + Scaling @ 2x] Acc: 0.9950, F1: 0.9950, Time: 0.03s
      -> [LogisticRegression + Scaling @ 2x] Acc: 0.9550, F1: 0.9553, Time: 0.07s
      -> [RNN + Scaling @ 2x] Acc: 0.8333, F1: 0.7667, Time: 0.32s
    [=== Generating 3x synthetic data with Scaling ===]
      -> [KNN + Scaling @ 3x] Acc: 0.9867, F1: 0.9867, Time: 0.02s
      -> [RandomForest + Scaling @ 3x] Acc: 0.9083, F1: 0.9096, Time: 2.07s
      -> [LinearSVC + Scaling @ 3x] Acc: 0.9850, F1: 0.9850, Time: 0.03s
      -> [LogisticRegression + Scaling @ 3x] Acc: 0.9333, F1: 0.9340, Time: 0.13s
      -> [RNN + Scaling @ 3x] Acc: 1.0000, F1: 1.0000, Time: 0.50s
    [=== Generating 5x synthetic data with Scaling ===]
      -> [KNN + Scaling @ 5x] Acc: 0.9767, F1: 0.9768, Time: 0.03s
      -> [RandomForest + Scaling @ 5x] Acc: 0.9367, F1: 0.9378, Time: 4.00s
      -> [LinearSVC + Scaling @ 5x] Acc: 0.9883, F1: 0.9884, Time: 0.06s
      -> [LogisticRegression + Scaling @ 5x] Acc: 0.9367, F1: 0.9373, Time: 0.18s
      -> [RNN + Scaling @ 5x] Acc: 1.0000, F1: 1.0000, Time: 0.91s
    [=== Generating 10x synthetic data with Scaling ===]
      -> [KNN + Scaling @ 10x] Acc: 0.9833, F1: 0.9834, Time: 0.08s
      -> [RandomForest + Scaling @ 10x] Acc: 0.9333, F1: 0.9346, Time: 8.63s
      -> [LinearSVC + Scaling @ 10x] Acc: 0.9867, F1: 0.9867, Time: 0.23s
      -> [LogisticRegression + Scaling @ 10x] Acc: 0.9317, F1: 0.9323, Time: 0.40s
      -> [RNN + Scaling @ 10x] Acc: 1.0000, F1: 1.0000, Time: 1.56s
    [=== Generating 2x synthetic data with Magnitude_Warping ===]
      -> [KNN + Magnitude_Warping @ 2x] Acc: 0.9983, F1: 0.9983, Time: 0.02s
      -> [RandomForest + Magnitude_Warping @ 2x] Acc: 0.9500, F1: 0.9505, Time: 1.56s
      -> [LinearSVC + Magnitude_Warping @ 2x] Acc: 0.9950, F1: 0.9950, Time: 0.03s
      -> [LogisticRegression + Magnitude_Warping @ 2x] Acc: 0.9650, F1: 0.9652, Time: 0.05s
      -> [RNN + Magnitude_Warping @ 2x] Acc: 0.8333, F1: 0.7667, Time: 0.39s
    [=== Generating 3x synthetic data with Magnitude_Warping ===]
      -> [KNN + Magnitude_Warping @ 3x] Acc: 0.9867, F1: 0.9867, Time: 0.02s
      -> [RandomForest + Magnitude_Warping @ 3x] Acc: 0.9567, F1: 0.9571, Time: 2.23s
      -> [LinearSVC + Magnitude_Warping @ 3x] Acc: 0.9900, F1: 0.9900, Time: 0.03s
      -> [LogisticRegression + Magnitude_Warping @ 3x] Acc: 0.9350, F1: 0.9357, Time: 0.08s
      -> [RNN + Magnitude_Warping @ 3x] Acc: 0.8333, F1: 0.7667, Time: 0.47s
    [=== Generating 5x synthetic data with Magnitude_Warping ===]
      -> [KNN + Magnitude_Warping @ 5x] Acc: 1.0000, F1: 1.0000, Time: 0.02s
      -> [RandomForest + Magnitude_Warping @ 5x] Acc: 0.9950, F1: 0.9950, Time: 3.91s
      -> [LinearSVC + Magnitude_Warping @ 5x] Acc: 0.9867, F1: 0.9866, Time: 0.05s
      -> [LogisticRegression + Magnitude_Warping @ 5x] Acc: 0.9483, F1: 0.9490, Time: 0.09s
      -> [RNN + Magnitude_Warping @ 5x] Acc: 1.0000, F1: 1.0000, Time: 0.80s
    [=== Generating 10x synthetic data with Magnitude_Warping ===]
      -> [KNN + Magnitude_Warping @ 10x] Acc: 0.9900, F1: 0.9900, Time: 0.07s
      -> [RandomForest + Magnitude_Warping @ 10x] Acc: 0.9817, F1: 0.9818, Time: 8.75s
      -> [LinearSVC + Magnitude_Warping @ 10x] Acc: 0.9733, F1: 0.9730, Time: 0.14s
      -> [LogisticRegression + Magnitude_Warping @ 10x] Acc: 0.9383, F1: 0.9391, Time: 0.26s
      -> [RNN + Magnitude_Warping @ 10x] Acc: 1.0000, F1: 1.0000, Time: 1.26s
    [=== Generating 2x synthetic data with Time_Warping ===]
      -> [KNN + Time_Warping @ 2x] Acc: 0.9917, F1: 0.9917, Time: 0.02s
      -> [RandomForest + Time_Warping @ 2x] Acc: 0.9283, F1: 0.9297, Time: 1.37s
      -> [LinearSVC + Time_Warping @ 2x] Acc: 0.8667, F1: 0.8653, Time: 0.02s
      -> [LogisticRegression + Time_Warping @ 2x] Acc: 0.8417, F1: 0.8451, Time: 0.04s
      -> [RNN + Time_Warping @ 2x] Acc: 0.8333, F1: 0.7667, Time: 0.30s
    [=== Generating 3x synthetic data with Time_Warping ===]
      -> [KNN + Time_Warping @ 3x] Acc: 0.9917, F1: 0.9917, Time: 0.03s
      -> [RandomForest + Time_Warping @ 3x] Acc: 0.9317, F1: 0.9329, Time: 2.26s
      -> [LinearSVC + Time_Warping @ 3x] Acc: 0.8617, F1: 0.8506, Time: 0.03s
      -> [LogisticRegression + Time_Warping @ 3x] Acc: 0.8583, F1: 0.8584, Time: 0.04s
      -> [RNN + Time_Warping @ 3x] Acc: 1.0000, F1: 1.0000, Time: 0.49s
    [=== Generating 5x synthetic data with Time_Warping ===]
      -> [KNN + Time_Warping @ 5x] Acc: 0.9917, F1: 0.9917, Time: 0.05s
      -> [RandomForest + Time_Warping @ 5x] Acc: 0.9317, F1: 0.9329, Time: 3.69s
      -> [LinearSVC + Time_Warping @ 5x] Acc: 0.8700, F1: 0.8607, Time: 0.04s
      -> [LogisticRegression + Time_Warping @ 5x] Acc: 0.8350, F1: 0.8365, Time: 0.06s
      -> [RNN + Time_Warping @ 5x] Acc: 1.0000, F1: 1.0000, Time: 0.64s
    [=== Generating 10x synthetic data with Time_Warping ===]
      -> [KNN + Time_Warping @ 10x] Acc: 0.9883, F1: 0.9884, Time: 0.08s
      -> [RandomForest + Time_Warping @ 10x] Acc: 0.9317, F1: 0.9329, Time: 8.49s
      -> [LinearSVC + Time_Warping @ 10x] Acc: 0.8700, F1: 0.8587, Time: 0.12s
      -> [LogisticRegression + Time_Warping @ 10x] Acc: 0.8533, F1: 0.8527, Time: 0.14s
      -> [RNN + Time_Warping @ 10x] Acc: 1.0000, F1: 1.0000, Time: 1.46s
    [=== Generating 2x synthetic data with SMOTE ===]
      -> [KNN + SMOTE @ 2x] Acc: 0.9917, F1: 0.9917, Time: 0.01s
      -> [RandomForest + SMOTE @ 2x] Acc: 0.9233, F1: 0.9248, Time: 1.34s
      -> [LinearSVC + SMOTE @ 2x] Acc: 0.9800, F1: 0.9801, Time: 0.03s
      -> [LogisticRegression + SMOTE @ 2x] Acc: 0.9383, F1: 0.9390, Time: 0.12s
      -> [RNN + SMOTE @ 2x] Acc: 0.6667, F1: 0.5833, Time: 0.33s
    [=== Generating 3x synthetic data with SMOTE ===]
      -> [KNN + SMOTE @ 3x] Acc: 0.9983, F1: 0.9983, Time: 0.01s
      -> [RandomForest + SMOTE @ 3x] Acc: 0.9350, F1: 0.9362, Time: 2.10s
      -> [LinearSVC + SMOTE @ 3x] Acc: 0.9883, F1: 0.9884, Time: 0.04s
      -> [LogisticRegression + SMOTE @ 3x] Acc: 0.9717, F1: 0.9718, Time: 0.18s
      -> [RNN + SMOTE @ 3x] Acc: 1.0000, F1: 1.0000, Time: 0.47s
    [=== Generating 5x synthetic data with SMOTE ===]
      -> [KNN + SMOTE @ 5x] Acc: 1.0000, F1: 1.0000, Time: 0.03s
      -> [RandomForest + SMOTE @ 5x] Acc: 0.9400, F1: 0.9386, Time: 3.89s
      -> [LinearSVC + SMOTE @ 5x] Acc: 0.9817, F1: 0.9817, Time: 0.07s
      -> [LogisticRegression + SMOTE @ 5x] Acc: 0.9500, F1: 0.9505, Time: 0.33s
      -> [RNN + SMOTE @ 5x] Acc: 1.0000, F1: 1.0000, Time: 0.81s
    [=== Generating 10x synthetic data with SMOTE ===]
      -> [KNN + SMOTE @ 10x] Acc: 1.0000, F1: 1.0000, Time: 0.06s
      -> [RandomForest + SMOTE @ 10x] Acc: 0.9250, F1: 0.9195, Time: 8.85s
      -> [LinearSVC + SMOTE @ 10x] Acc: 0.9867, F1: 0.9867, Time: 0.39s
      -> [LogisticRegression + SMOTE @ 10x] Acc: 0.9717, F1: 0.9718, Time: 1.08s
      -> [RNN + SMOTE @ 10x] Acc: 1.0000, F1: 1.0000, Time: 1.99s
    [=== Generating 2x synthetic data with ADASYN ===]
      -> [KNN + ADASYN @ 2x] Acc: 0.9933, F1: 0.9933, Time: 0.02s
      -> [RandomForest + ADASYN @ 2x] Acc: 0.9367, F1: 0.9378, Time: 1.45s
      -> [LinearSVC + ADASYN @ 2x] Acc: 0.9967, F1: 0.9967, Time: 0.03s
      -> [LogisticRegression + ADASYN @ 2x] Acc: 0.9817, F1: 0.9817, Time: 0.13s
      -> [RNN + ADASYN @ 2x] Acc: 1.0000, F1: 1.0000, Time: 0.38s
    [=== Generating 3x synthetic data with ADASYN ===]
      -> [KNN + ADASYN @ 3x] Acc: 0.9983, F1: 0.9983, Time: 0.03s
      -> [RandomForest + ADASYN @ 3x] Acc: 0.9783, F1: 0.9781, Time: 2.46s
      -> [LinearSVC + ADASYN @ 3x] Acc: 0.9967, F1: 0.9967, Time: 0.05s
      -> [LogisticRegression + ADASYN @ 3x] Acc: 0.9783, F1: 0.9784, Time: 0.21s
      -> [RNN + ADASYN @ 3x] Acc: 0.8333, F1: 0.7667, Time: 0.56s
    [=== Generating 5x synthetic data with ADASYN ===]
      -> [KNN + ADASYN @ 5x] Acc: 0.9967, F1: 0.9967, Time: 0.05s
      -> [RandomForest + ADASYN @ 5x] Acc: 0.9400, F1: 0.9383, Time: 4.22s
      -> [LinearSVC + ADASYN @ 5x] Acc: 0.9967, F1: 0.9967, Time: 0.07s
      -> [LogisticRegression + ADASYN @ 5x] Acc: 0.9667, F1: 0.9669, Time: 0.43s
      -> [RNN + ADASYN @ 5x] Acc: 0.8333, F1: 0.7667, Time: 0.82s
    [=== Generating 10x synthetic data with ADASYN ===]
      -> [KNN + ADASYN @ 10x] Acc: 0.9983, F1: 0.9983, Time: 0.08s
      -> [RandomForest + ADASYN @ 10x] Acc: 0.9417, F1: 0.9396, Time: 9.53s
      -> [LinearSVC + ADASYN @ 10x] Acc: 0.9967, F1: 0.9967, Time: 0.31s
      -> [LogisticRegression + ADASYN @ 10x] Acc: 0.9850, F1: 0.9850, Time: 1.01s
      -> [RNN + ADASYN @ 10x] Acc: 1.0000, F1: 1.0000, Time: 1.89s
    [=== Generating 2x synthetic data with Mixup ===]
      -> [KNN + Mixup @ 2x] Acc: 1.0000, F1: 1.0000, Time: 0.02s
      -> [RandomForest + Mixup @ 2x] Acc: 0.9200, F1: 0.9209, Time: 1.49s
      -> [LinearSVC + Mixup @ 2x] Acc: 0.9617, F1: 0.9619, Time: 0.03s
      -> [LogisticRegression + Mixup @ 2x] Acc: 0.9383, F1: 0.9389, Time: 0.16s
      -> [RNN + Mixup @ 2x] Acc: 0.8333, F1: 0.7667, Time: 0.34s
    [=== Generating 3x synthetic data with Mixup ===]
      -> [KNN + Mixup @ 3x] Acc: 0.9967, F1: 0.9967, Time: 0.02s
      -> [RandomForest + Mixup @ 3x] Acc: 0.9233, F1: 0.9230, Time: 2.27s
      -> [LinearSVC + Mixup @ 3x] Acc: 0.9900, F1: 0.9900, Time: 0.04s
      -> [LogisticRegression + Mixup @ 3x] Acc: 0.9667, F1: 0.9669, Time: 0.23s
      -> [RNN + Mixup @ 3x] Acc: 0.8333, F1: 0.7667, Time: 0.56s
    [=== Generating 5x synthetic data with Mixup ===]
      -> [KNN + Mixup @ 5x] Acc: 1.0000, F1: 1.0000, Time: 0.03s
      -> [RandomForest + Mixup @ 5x] Acc: 0.9467, F1: 0.9467, Time: 3.58s
      -> [LinearSVC + Mixup @ 5x] Acc: 0.9733, F1: 0.9734, Time: 0.06s
      -> [LogisticRegression + Mixup @ 5x] Acc: 0.9367, F1: 0.9372, Time: 0.31s
      -> [RNN + Mixup @ 5x] Acc: 1.0000, F1: 1.0000, Time: 0.88s
    [=== Generating 10x synthetic data with Mixup ===]
      -> [KNN + Mixup @ 10x] Acc: 1.0000, F1: 1.0000, Time: 0.07s
      -> [RandomForest + Mixup @ 10x] Acc: 0.9417, F1: 0.9389, Time: 8.38s
      -> [LinearSVC + Mixup @ 10x] Acc: 0.9900, F1: 0.9900, Time: 0.22s
      -> [LogisticRegression + Mixup @ 10x] Acc: 0.9767, F1: 0.9768, Time: 0.86s
      -> [RNN + Mixup @ 10x] Acc: 1.0000, F1: 1.0000, Time: 1.75s
    [=== Generating 2x synthetic data with GMM ===]
      -> [KNN + GMM @ 2x] Acc: 0.9917, F1: 0.9917, Time: 0.02s
      -> [RandomForest + GMM @ 2x] Acc: 0.8867, F1: 0.8865, Time: 1.42s
      -> [LinearSVC + GMM @ 2x] Acc: 0.9650, F1: 0.9652, Time: 0.02s
      -> [LogisticRegression + GMM @ 2x] Acc: 0.8850, F1: 0.8861, Time: 0.04s
      -> [RNN + GMM @ 2x] Acc: 0.8333, F1: 0.7667, Time: 0.39s
    [=== Generating 3x synthetic data with GMM ===]
      -> [KNN + GMM @ 3x] Acc: 0.9700, F1: 0.9702, Time: 0.03s
      -> [RandomForest + GMM @ 3x] Acc: 0.8833, F1: 0.8831, Time: 2.52s
      -> [LinearSVC + GMM @ 3x] Acc: 0.9867, F1: 0.9867, Time: 0.05s
      -> [LogisticRegression + GMM @ 3x] Acc: 0.9117, F1: 0.9127, Time: 0.10s
      -> [RNN + GMM @ 3x] Acc: 0.8333, F1: 0.7667, Time: 0.46s
    [=== Generating 5x synthetic data with GMM ===]
      -> [KNN + GMM @ 5x] Acc: 0.9417, F1: 0.9422, Time: 0.05s
      -> [RandomForest + GMM @ 5x] Acc: 0.8867, F1: 0.8865, Time: 4.52s
      -> [LinearSVC + GMM @ 5x] Acc: 0.9900, F1: 0.9900, Time: 0.04s
      -> [LogisticRegression + GMM @ 5x] Acc: 0.9367, F1: 0.9374, Time: 0.13s
      -> [RNN + GMM @ 5x] Acc: 1.0000, F1: 1.0000, Time: 0.79s
    [=== Generating 10x synthetic data with GMM ===]
      -> [KNN + GMM @ 10x] Acc: 0.9800, F1: 0.9801, Time: 0.08s
      -> [RandomForest + GMM @ 10x] Acc: 0.8883, F1: 0.8880, Time: 10.29s
      -> [LinearSVC + GMM @ 10x] Acc: 0.9867, F1: 0.9866, Time: 0.10s
      -> [LogisticRegression + GMM @ 10x] Acc: 0.9517, F1: 0.9522, Time: 0.23s
      -> [RNN + GMM @ 10x] Acc: 0.6667, F1: 0.6389, Time: 1.20s
    [=== Generating 2x synthetic data with HMM_GMM ===]
      -> [KNN + HMM_GMM @ 2x] Acc: 0.9867, F1: 0.9867, Time: 0.02s
      -> [RandomForest + HMM_GMM @ 2x] Acc: 0.9133, F1: 0.9148, Time: 1.16s
      -> [LinearSVC + HMM_GMM @ 2x] Acc: 0.8750, F1: 0.8660, Time: 0.02s
      -> [LogisticRegression + HMM_GMM @ 2x] Acc: 0.9200, F1: 0.9195, Time: 0.02s
      -> [RNN + HMM_GMM @ 2x] Acc: 0.8333, F1: 0.7667, Time: 0.33s
    [=== Generating 3x synthetic data with HMM_GMM ===]
      -> [KNN + HMM_GMM @ 3x] Acc: 0.9867, F1: 0.9867, Time: 0.02s
      -> [RandomForest + HMM_GMM @ 3x] Acc: 0.9233, F1: 0.9241, Time: 1.26s
      -> [LinearSVC + HMM_GMM @ 3x] Acc: 0.8183, F1: 0.7815, Time: 0.03s
      -> [LogisticRegression + HMM_GMM @ 3x] Acc: 0.9200, F1: 0.9191, Time: 0.03s
      -> [RNN + HMM_GMM @ 3x] Acc: 1.0000, F1: 1.0000, Time: 0.51s
    [=== Generating 5x synthetic data with HMM_GMM ===]
      -> [KNN + HMM_GMM @ 5x] Acc: 0.9867, F1: 0.9867, Time: 0.03s
      -> [RandomForest + HMM_GMM @ 5x] Acc: 0.9500, F1: 0.9488, Time: 1.54s
      -> [LinearSVC + HMM_GMM @ 5x] Acc: 0.7917, F1: 0.7256, Time: 0.05s
      -> [LogisticRegression + HMM_GMM @ 5x] Acc: 0.9150, F1: 0.9136, Time: 0.05s
      -> [RNN + HMM_GMM @ 5x] Acc: 0.6667, F1: 0.5833, Time: 0.68s
    [=== Generating 10x synthetic data with HMM_GMM ===]
      -> [KNN + HMM_GMM @ 10x] Acc: 0.9867, F1: 0.9867, Time: 0.08s
      -> [RandomForest + HMM_GMM @ 10x] Acc: 0.9150, F1: 0.9157, Time: 2.37s
      -> [LinearSVC + HMM_GMM @ 10x] Acc: 0.7917, F1: 0.7256, Time: 0.09s
      -> [LogisticRegression + HMM_GMM @ 10x] Acc: 0.9383, F1: 0.9379, Time: 0.10s
      -> [RNN + HMM_GMM @ 10x] Acc: 1.0000, F1: 1.0000, Time: 1.25s
    [=== Generating 2x synthetic data with TimeVAE ===]
      -> [KNN + TimeVAE @ 2x] Acc: 0.9883, F1: 0.9884, Time: 0.02s
      -> [RandomForest + TimeVAE @ 2x] Acc: 0.9700, F1: 0.9693, Time: 1.31s
      -> [LinearSVC + TimeVAE @ 2x] Acc: 0.9750, F1: 0.9751, Time: 0.03s
      -> [LogisticRegression + TimeVAE @ 2x] Acc: 0.9700, F1: 0.9701, Time: 0.06s
      -> [RNN + TimeVAE @ 2x] Acc: 0.8333, F1: 0.7667, Time: 0.28s
    [=== Generating 3x synthetic data with TimeVAE ===]
      -> [KNN + TimeVAE @ 3x] Acc: 0.9883, F1: 0.9884, Time: 0.02s
      -> [RandomForest + TimeVAE @ 3x] Acc: 0.9733, F1: 0.9727, Time: 1.87s
      -> [LinearSVC + TimeVAE @ 3x] Acc: 0.9767, F1: 0.9767, Time: 0.03s
      -> [LogisticRegression + TimeVAE @ 3x] Acc: 0.9717, F1: 0.9718, Time: 0.10s
      -> [RNN + TimeVAE @ 3x] Acc: 0.8333, F1: 0.7667, Time: 0.47s
    [=== Generating 5x synthetic data with TimeVAE ===]
      -> [KNN + TimeVAE @ 5x] Acc: 0.9883, F1: 0.9884, Time: 0.03s
      -> [RandomForest + TimeVAE @ 5x] Acc: 0.9617, F1: 0.9602, Time: 3.61s
      -> [LinearSVC + TimeVAE @ 5x] Acc: 0.9700, F1: 0.9699, Time: 0.07s
      -> [LogisticRegression + TimeVAE @ 5x] Acc: 0.9700, F1: 0.9701, Time: 0.16s
      -> [RNN + TimeVAE @ 5x] Acc: 0.8333, F1: 0.7667, Time: 0.77s
    [=== Generating 10x synthetic data with TimeVAE ===]
      -> [KNN + TimeVAE @ 10x] Acc: 0.9883, F1: 0.9884, Time: 0.07s
      -> [RandomForest + TimeVAE @ 10x] Acc: 0.9733, F1: 0.9727, Time: 7.98s
      -> [LinearSVC + TimeVAE @ 10x] Acc: 0.9550, F1: 0.9544, Time: 0.11s
      -> [LogisticRegression + TimeVAE @ 10x] Acc: 0.9817, F1: 0.9817, Time: 0.41s
      -> [RNN + TimeVAE @ 10x] Acc: 1.0000, F1: 1.0000, Time: 2.02s

    >> Seed Fold Selection: 2/10
    Evaluating Model: KNN
      -> [Baseline] Acc: 0.9883, F1: 0.9884, Time: 0.01s
      HP Tuning KNN...
n_iterations: 3
n_required_iterations: 3
n_possible_iterations: 5
min_resources_: 30
max_resources_: 4600
aggressive_elimination: False
factor: 3
----------
iter: 0
n_candidates: 20
n_resources: 30
Fitting 5 folds for each of 20 candidates, totalling 100 fits
----------
iter: 1
n_candidates: 7
n_resources: 90
Fitting 5 folds for each of 7 candidates, totalling 35 fits
----------
iter: 2
n_candidates: 3
n_resources: 270
Fitting 5 folds for each of 3 candidates, totalling 15 fits
      -> [Tuned_Baseline] Acc: 0.9850, F1: 0.9851, Time: 0.01s
    Evaluating Model: RandomForest
      -> [Baseline] Acc: 0.9317, F1: 0.9329, Time: 0.69s
      HP Tuning RandomForest...
n_iterations: 3
n_required_iterations: 3
n_possible_iterations: 5
min_resources_: 30
max_resources_: 4600
aggressive_elimination: False
factor: 3
----------
iter: 0
n_candidates: 20
n_resources: 30
Fitting 5 folds for each of 20 candidates, totalling 100 fits
----------
iter: 1
n_candidates: 7
n_resources: 90
Fitting 5 folds for each of 7 candidates, totalling 35 fits
----------
iter: 2
n_candidates: 3
n_resources: 270
Fitting 5 folds for each of 3 candidates, totalling 15 fits
      -> [Tuned_Baseline] Acc: 0.9350, F1: 0.9361, Time: 0.01s
    Evaluating Model: LinearSVC
      -> [Baseline] Acc: 0.9667, F1: 0.9669, Time: 0.01s
      HP Tuning LinearSVC...
n_iterations: 3
n_required_iterations: 3
n_possible_iterations: 5
min_resources_: 30
max_resources_: 4600
aggressive_elimination: False
factor: 3
----------
iter: 0
n_candidates: 20
n_resources: 30
Fitting 5 folds for each of 20 candidates, totalling 100 fits
----------
iter: 1
n_candidates: 7
n_resources: 90
Fitting 5 folds for each of 7 candidates, totalling 35 fits
----------
iter: 2
n_candidates: 3
n_resources: 270
Fitting 5 folds for each of 3 candidates, totalling 15 fits
      -> [Tuned_Baseline] Acc: 0.9650, F1: 0.9652, Time: 0.00s
    Evaluating Model: LogisticRegression
      -> [Baseline] Acc: 0.9400, F1: 0.9405, Time: 0.03s
      HP Tuning LogisticRegression...
n_iterations: 3
n_required_iterations: 3
n_possible_iterations: 5
min_resources_: 30
max_resources_: 4600
aggressive_elimination: False
factor: 3
----------
iter: 0
n_candidates: 12
n_resources: 30
Fitting 5 folds for each of 12 candidates, totalling 60 fits
----------
iter: 1
n_candidates: 4
n_resources: 90
Fitting 5 folds for each of 4 candidates, totalling 20 fits
----------
iter: 2
n_candidates: 2
n_resources: 270
Fitting 5 folds for each of 2 candidates, totalling 10 fits
      -> [Tuned_Baseline] Acc: 0.9450, F1: 0.9455, Time: 0.00s
    Evaluating Model: RNN
      -> [Baseline] Acc: 1.0000, F1: 1.0000, Time: 0.17s
      -> [Tuned_Baseline] Acc: 1.0000, F1: 1.0000, Time: 0.00s
    [=== Generating 2x synthetic data with Jittering ===]
      -> [KNN + Jittering @ 2x] Acc: 0.9883, F1: 0.9884, Time: 0.02s
      -> [RandomForest + Jittering @ 2x] Acc: 0.9383, F1: 0.9393, Time: 1.34s
      -> [LinearSVC + Jittering @ 2x] Acc: 0.9667, F1: 0.9669, Time: 0.70s
      -> [LogisticRegression + Jittering @ 2x] Acc: 0.9467, F1: 0.9471, Time: 0.11s
      -> [RNN + Jittering @ 2x] Acc: 0.8333, F1: 0.7667, Time: 0.29s
    [=== Generating 3x synthetic data with Jittering ===]
      -> [KNN + Jittering @ 3x] Acc: 0.9883, F1: 0.9884, Time: 0.02s
      -> [RandomForest + Jittering @ 3x] Acc: 0.9383, F1: 0.9394, Time: 2.04s
      -> [LinearSVC + Jittering @ 3x] Acc: 0.9667, F1: 0.9669, Time: 1.09s
      -> [LogisticRegression + Jittering @ 3x] Acc: 0.9450, F1: 0.9455, Time: 0.20s
      -> [RNN + Jittering @ 3x] Acc: 1.0000, F1: 1.0000, Time: 0.54s
    [=== Generating 5x synthetic data with Jittering ===]
      -> [KNN + Jittering @ 5x] Acc: 0.9900, F1: 0.9900, Time: 0.04s
      -> [RandomForest + Jittering @ 5x] Acc: 0.9433, F1: 0.9443, Time: 3.22s
      -> [LinearSVC + Jittering @ 5x] Acc: 0.9667, F1: 0.9669, Time: 2.34s
      -> [LogisticRegression + Jittering @ 5x] Acc: 0.9417, F1: 0.9422, Time: 0.26s
      -> [RNN + Jittering @ 5x] Acc: 1.0000, F1: 1.0000, Time: 0.86s
    [=== Generating 10x synthetic data with Jittering ===]
      -> [KNN + Jittering @ 10x] Acc: 0.9917, F1: 0.9917, Time: 0.07s
      -> [RandomForest + Jittering @ 10x] Acc: 0.9417, F1: 0.9427, Time: 7.48s
      -> [LinearSVC + Jittering @ 10x] Acc: 0.9667, F1: 0.9669, Time: 6.53s
      -> [LogisticRegression + Jittering @ 10x] Acc: 0.9400, F1: 0.9405, Time: 0.60s
      -> [RNN + Jittering @ 10x] Acc: 1.0000, F1: 1.0000, Time: 1.23s
    [=== Generating 2x synthetic data with Scaling ===]
      -> [KNN + Scaling @ 2x] Acc: 0.9900, F1: 0.9900, Time: 0.02s
      -> [RandomForest + Scaling @ 2x] Acc: 0.9333, F1: 0.9345, Time: 1.27s
      -> [LinearSVC + Scaling @ 2x] Acc: 0.9433, F1: 0.9438, Time: 0.27s
      -> [LogisticRegression + Scaling @ 2x] Acc: 0.9183, F1: 0.9192, Time: 0.07s
      -> [RNN + Scaling @ 2x] Acc: 0.8333, F1: 0.7667, Time: 0.31s
    [=== Generating 3x synthetic data with Scaling ===]
      -> [KNN + Scaling @ 3x] Acc: 0.9883, F1: 0.9884, Time: 0.03s
      -> [RandomForest + Scaling @ 3x] Acc: 0.9467, F1: 0.9473, Time: 1.83s
      -> [LinearSVC + Scaling @ 3x] Acc: 0.9867, F1: 0.9867, Time: 0.43s
      -> [LogisticRegression + Scaling @ 3x] Acc: 0.9683, F1: 0.9685, Time: 0.11s
      -> [RNN + Scaling @ 3x] Acc: 0.8333, F1: 0.7667, Time: 0.64s
    [=== Generating 5x synthetic data with Scaling ===]
      -> [KNN + Scaling @ 5x] Acc: 0.9833, F1: 0.9834, Time: 0.03s
      -> [RandomForest + Scaling @ 5x] Acc: 0.9467, F1: 0.9474, Time: 3.50s
      -> [LinearSVC + Scaling @ 5x] Acc: 0.9933, F1: 0.9933, Time: 0.82s
      -> [LogisticRegression + Scaling @ 5x] Acc: 0.9767, F1: 0.9768, Time: 0.17s
      -> [RNN + Scaling @ 5x] Acc: 0.8333, F1: 0.7667, Time: 0.79s
    [=== Generating 10x synthetic data with Scaling ===]
      -> [KNN + Scaling @ 10x] Acc: 0.9850, F1: 0.9851, Time: 0.09s
      -> [RandomForest + Scaling @ 10x] Acc: 0.9483, F1: 0.9489, Time: 7.53s
      -> [LinearSVC + Scaling @ 10x] Acc: 0.9617, F1: 0.9619, Time: 1.78s
      -> [LogisticRegression + Scaling @ 10x] Acc: 0.9117, F1: 0.9126, Time: 0.34s
      -> [RNN + Scaling @ 10x] Acc: 0.8333, F1: 0.7667, Time: 1.35s
    [=== Generating 2x synthetic data with Magnitude_Warping ===]
      -> [KNN + Magnitude_Warping @ 2x] Acc: 0.9967, F1: 0.9967, Time: 0.01s
      -> [RandomForest + Magnitude_Warping @ 2x] Acc: 0.9400, F1: 0.9410, Time: 1.32s
      -> [LinearSVC + Magnitude_Warping @ 2x] Acc: 0.9383, F1: 0.9389, Time: 0.18s
      -> [LogisticRegression + Magnitude_Warping @ 2x] Acc: 0.9117, F1: 0.9126, Time: 0.05s
      -> [RNN + Magnitude_Warping @ 2x] Acc: 0.8333, F1: 0.7667, Time: 0.23s
    [=== Generating 3x synthetic data with Magnitude_Warping ===]
      -> [KNN + Magnitude_Warping @ 3x] Acc: 0.9983, F1: 0.9983, Time: 0.03s
      -> [RandomForest + Magnitude_Warping @ 3x] Acc: 0.9433, F1: 0.9443, Time: 1.95s
      -> [LinearSVC + Magnitude_Warping @ 3x] Acc: 0.9933, F1: 0.9933, Time: 0.16s
      -> [LogisticRegression + Magnitude_Warping @ 3x] Acc: 0.9667, F1: 0.9668, Time: 0.06s
      -> [RNN + Magnitude_Warping @ 3x] Acc: 1.0000, F1: 1.0000, Time: 0.43s
    [=== Generating 5x synthetic data with Magnitude_Warping ===]
      -> [KNN + Magnitude_Warping @ 5x] Acc: 0.9867, F1: 0.9867, Time: 0.03s
      -> [RandomForest + Magnitude_Warping @ 5x] Acc: 0.9833, F1: 0.9834, Time: 3.34s
      -> [LinearSVC + Magnitude_Warping @ 5x] Acc: 0.9883, F1: 0.9883, Time: 0.22s
      -> [LogisticRegression + Magnitude_Warping @ 5x] Acc: 0.9350, F1: 0.9357, Time: 0.08s
      -> [RNN + Magnitude_Warping @ 5x] Acc: 1.0000, F1: 1.0000, Time: 0.64s
    [=== Generating 10x synthetic data with Magnitude_Warping ===]
      -> [KNN + Magnitude_Warping @ 10x] Acc: 0.9800, F1: 0.9801, Time: 0.05s
      -> [RandomForest + Magnitude_Warping @ 10x] Acc: 0.9867, F1: 0.9867, Time: 7.62s
      -> [LinearSVC + Magnitude_Warping @ 10x] Acc: 0.9817, F1: 0.9817, Time: 0.85s
      -> [LogisticRegression + Magnitude_Warping @ 10x] Acc: 0.9333, F1: 0.9340, Time: 0.25s
      -> [RNN + Magnitude_Warping @ 10x] Acc: 1.0000, F1: 1.0000, Time: 1.63s
    [=== Generating 2x synthetic data with Time_Warping ===]
      -> [KNN + Time_Warping @ 2x] Acc: 0.9817, F1: 0.9818, Time: 0.02s
      -> [RandomForest + Time_Warping @ 2x] Acc: 0.9317, F1: 0.9329, Time: 1.31s
      -> [LinearSVC + Time_Warping @ 2x] Acc: 0.8700, F1: 0.8628, Time: 0.05s
      -> [LogisticRegression + Time_Warping @ 2x] Acc: 0.8333, F1: 0.8344, Time: 0.03s
      -> [RNN + Time_Warping @ 2x] Acc: 0.8333, F1: 0.7667, Time: 0.33s
    [=== Generating 3x synthetic data with Time_Warping ===]
      -> [KNN + Time_Warping @ 3x] Acc: 0.9883, F1: 0.9884, Time: 0.03s
      -> [RandomForest + Time_Warping @ 3x] Acc: 0.9333, F1: 0.9345, Time: 2.03s
      -> [LinearSVC + Time_Warping @ 3x] Acc: 0.8583, F1: 0.8428, Time: 0.06s
      -> [LogisticRegression + Time_Warping @ 3x] Acc: 0.8383, F1: 0.8382, Time: 0.05s
      -> [RNN + Time_Warping @ 3x] Acc: 0.8333, F1: 0.7667, Time: 0.52s
    [=== Generating 5x synthetic data with Time_Warping ===]
      -> [KNN + Time_Warping @ 5x] Acc: 0.9667, F1: 0.9669, Time: 0.03s
      -> [RandomForest + Time_Warping @ 5x] Acc: 0.9317, F1: 0.9329, Time: 3.68s
      -> [LinearSVC + Time_Warping @ 5x] Acc: 0.8700, F1: 0.8592, Time: 0.14s
      -> [LogisticRegression + Time_Warping @ 5x] Acc: 0.8417, F1: 0.8420, Time: 0.04s
      -> [RNN + Time_Warping @ 5x] Acc: 1.0000, F1: 1.0000, Time: 0.89s
    [=== Generating 10x synthetic data with Time_Warping ===]
      -> [KNN + Time_Warping @ 10x] Acc: 0.9933, F1: 0.9933, Time: 0.09s
      -> [RandomForest + Time_Warping @ 10x] Acc: 0.9283, F1: 0.9295, Time: 8.71s
      -> [LinearSVC + Time_Warping @ 10x] Acc: 0.8717, F1: 0.8618, Time: 0.40s
      -> [LogisticRegression + Time_Warping @ 10x] Acc: 0.8333, F1: 0.8338, Time: 0.18s
      -> [RNN + Time_Warping @ 10x] Acc: 1.0000, F1: 1.0000, Time: 1.85s
    [=== Generating 2x synthetic data with SMOTE ===]
      -> [KNN + SMOTE @ 2x] Acc: 0.9933, F1: 0.9933, Time: 0.02s
      -> [RandomForest + SMOTE @ 2x] Acc: 0.9183, F1: 0.9199, Time: 1.45s
      -> [LinearSVC + SMOTE @ 2x] Acc: 0.9817, F1: 0.9817, Time: 1.10s
      -> [LogisticRegression + SMOTE @ 2x] Acc: 0.9650, F1: 0.9652, Time: 0.16s
      -> [RNN + SMOTE @ 2x] Acc: 0.8333, F1: 0.7667, Time: 0.32s
    [=== Generating 3x synthetic data with SMOTE ===]
      -> [KNN + SMOTE @ 3x] Acc: 1.0000, F1: 1.0000, Time: 0.02s
      -> [RandomForest + SMOTE @ 3x] Acc: 0.9183, F1: 0.9201, Time: 1.98s
      -> [LinearSVC + SMOTE @ 3x] Acc: 0.9650, F1: 0.9652, Time: 2.08s
      -> [LogisticRegression + SMOTE @ 3x] Acc: 0.9383, F1: 0.9389, Time: 0.22s
      -> [RNN + SMOTE @ 3x] Acc: 0.8333, F1: 0.7667, Time: 0.68s
    [=== Generating 5x synthetic data with SMOTE ===]
      -> [KNN + SMOTE @ 5x] Acc: 1.0000, F1: 1.0000, Time: 0.04s
      -> [RandomForest + SMOTE @ 5x] Acc: 0.9333, F1: 0.9289, Time: 3.44s
      -> [LinearSVC + SMOTE @ 5x] Acc: 0.9683, F1: 0.9684, Time: 3.78s
      -> [LogisticRegression + SMOTE @ 5x] Acc: 0.9300, F1: 0.9307, Time: 0.40s
      -> [RNN + SMOTE @ 5x] Acc: 0.8333, F1: 0.8333, Time: 0.88s
    [=== Generating 10x synthetic data with SMOTE ===]
      -> [KNN + SMOTE @ 10x] Acc: 1.0000, F1: 1.0000, Time: 0.05s
      -> [RandomForest + SMOTE @ 10x] Acc: 0.9383, F1: 0.9348, Time: 8.14s
      -> [LinearSVC + SMOTE @ 10x] Acc: 0.9817, F1: 0.9817, Time: 12.48s
      -> [LogisticRegression + SMOTE @ 10x] Acc: 0.9483, F1: 0.9487, Time: 0.84s
      -> [RNN + SMOTE @ 10x] Acc: 1.0000, F1: 1.0000, Time: 1.66s
    [=== Generating 2x synthetic data with ADASYN ===]
      -> [KNN + ADASYN @ 2x] Acc: 0.9833, F1: 0.9834, Time: 0.02s
      -> [RandomForest + ADASYN @ 2x] Acc: 0.9683, F1: 0.9674, Time: 1.48s
      -> [LinearSVC + ADASYN @ 2x] Acc: 0.9567, F1: 0.9570, Time: 1.04s
      -> [LogisticRegression + ADASYN @ 2x] Acc: 0.9500, F1: 0.9504, Time: 0.08s
      -> [RNN + ADASYN @ 2x] Acc: 0.6667, F1: 0.5833, Time: 0.39s
    [=== Generating 3x synthetic data with ADASYN ===]
      -> [KNN + ADASYN @ 3x] Acc: 0.9967, F1: 0.9967, Time: 0.02s
      -> [RandomForest + ADASYN @ 3x] Acc: 0.9650, F1: 0.9638, Time: 2.00s
      -> [LinearSVC + ADASYN @ 3x] Acc: 0.9883, F1: 0.9883, Time: 1.55s
      -> [LogisticRegression + ADASYN @ 3x] Acc: 0.9600, F1: 0.9603, Time: 0.16s
      -> [RNN + ADASYN @ 3x] Acc: 0.8333, F1: 0.7667, Time: 0.44s
    [=== Generating 5x synthetic data with ADASYN ===]
      -> [KNN + ADASYN @ 5x] Acc: 1.0000, F1: 1.0000, Time: 0.03s
      -> [RandomForest + ADASYN @ 5x] Acc: 0.9450, F1: 0.9445, Time: 3.63s
      -> [LinearSVC + ADASYN @ 5x] Acc: 0.9967, F1: 0.9967, Time: 3.10s
      -> [LogisticRegression + ADASYN @ 5x] Acc: 0.9683, F1: 0.9685, Time: 0.20s
      -> [RNN + ADASYN @ 5x] Acc: 1.0000, F1: 1.0000, Time: 0.70s
    [=== Generating 10x synthetic data with ADASYN ===]
      -> [KNN + ADASYN @ 10x] Acc: 0.9967, F1: 0.9967, Time: 0.05s
      -> [RandomForest + ADASYN @ 10x] Acc: 0.9633, F1: 0.9620, Time: 7.62s
      -> [LinearSVC + ADASYN @ 10x] Acc: 0.9817, F1: 0.9817, Time: 10.86s
      -> [LogisticRegression + ADASYN @ 10x] Acc: 0.9567, F1: 0.9570, Time: 0.88s
      -> [RNN + ADASYN @ 10x] Acc: 1.0000, F1: 1.0000, Time: 1.44s
    [=== Generating 2x synthetic data with Mixup ===]
      -> [KNN + Mixup @ 2x] Acc: 0.9950, F1: 0.9950, Time: 0.02s
      -> [RandomForest + Mixup @ 2x] Acc: 0.9217, F1: 0.9232, Time: 1.31s
      -> [LinearSVC + Mixup @ 2x] Acc: 0.9567, F1: 0.9569, Time: 0.76s
      -> [LogisticRegression + Mixup @ 2x] Acc: 0.9383, F1: 0.9389, Time: 0.09s
      -> [RNN + Mixup @ 2x] Acc: 0.8333, F1: 0.7667, Time: 0.33s
    [=== Generating 3x synthetic data with Mixup ===]
      -> [KNN + Mixup @ 3x] Acc: 0.9983, F1: 0.9983, Time: 0.02s
      -> [RandomForest + Mixup @ 3x] Acc: 0.9517, F1: 0.9492, Time: 1.90s
      -> [LinearSVC + Mixup @ 3x] Acc: 0.9750, F1: 0.9751, Time: 1.27s
      -> [LogisticRegression + Mixup @ 3x] Acc: 0.9467, F1: 0.9471, Time: 0.16s
      -> [RNN + Mixup @ 3x] Acc: 0.6667, F1: 0.5833, Time: 0.52s
    [=== Generating 5x synthetic data with Mixup ===]
      -> [KNN + Mixup @ 5x] Acc: 0.9883, F1: 0.9884, Time: 0.04s
      -> [RandomForest + Mixup @ 5x] Acc: 0.9100, F1: 0.9096, Time: 3.46s
      -> [LinearSVC + Mixup @ 5x] Acc: 0.9350, F1: 0.9356, Time: 3.17s
      -> [LogisticRegression + Mixup @ 5x] Acc: 0.9300, F1: 0.9307, Time: 0.36s
      -> [RNN + Mixup @ 5x] Acc: 1.0000, F1: 1.0000, Time: 0.92s
    [=== Generating 10x synthetic data with Mixup ===]
      -> [KNN + Mixup @ 10x] Acc: 1.0000, F1: 1.0000, Time: 0.06s
      -> [RandomForest + Mixup @ 10x] Acc: 0.9650, F1: 0.9638, Time: 7.38s
      -> [LinearSVC + Mixup @ 10x] Acc: 0.9550, F1: 0.9553, Time: 8.97s
      -> [LogisticRegression + Mixup @ 10x] Acc: 0.9350, F1: 0.9356, Time: 0.76s
      -> [RNN + Mixup @ 10x] Acc: 1.0000, F1: 1.0000, Time: 1.68s
    [=== Generating 2x synthetic data with GMM ===]
      -> [KNN + GMM @ 2x] Acc: 0.9867, F1: 0.9867, Time: 0.02s
      -> [RandomForest + GMM @ 2x] Acc: 0.9000, F1: 0.8974, Time: 1.39s
      -> [LinearSVC + GMM @ 2x] Acc: 0.9733, F1: 0.9734, Time: 0.18s
      -> [LogisticRegression + GMM @ 2x] Acc: 0.9133, F1: 0.9142, Time: 0.07s
      -> [RNN + GMM @ 2x] Acc: 0.8333, F1: 0.7667, Time: 0.33s
    [=== Generating 3x synthetic data with GMM ===]
      -> [KNN + GMM @ 3x] Acc: 0.9917, F1: 0.9917, Time: 0.03s
      -> [RandomForest + GMM @ 3x] Acc: 0.9150, F1: 0.9109, Time: 2.13s
      -> [LinearSVC + GMM @ 3x] Acc: 0.9800, F1: 0.9800, Time: 0.30s
      -> [LogisticRegression + GMM @ 3x] Acc: 0.9217, F1: 0.9224, Time: 0.10s
      -> [RNN + GMM @ 3x] Acc: 0.8333, F1: 0.7667, Time: 0.53s
    [=== Generating 5x synthetic data with GMM ===]
      -> [KNN + GMM @ 5x] Acc: 0.9917, F1: 0.9917, Time: 0.04s
      -> [RandomForest + GMM @ 5x] Acc: 0.9200, F1: 0.9154, Time: 3.80s
      -> [LinearSVC + GMM @ 5x] Acc: 0.9767, F1: 0.9767, Time: 0.45s
      -> [LogisticRegression + GMM @ 5x] Acc: 0.9383, F1: 0.9389, Time: 0.10s
      -> [RNN + GMM @ 5x] Acc: 1.0000, F1: 1.0000, Time: 0.87s
    [=== Generating 10x synthetic data with GMM ===]
      -> [KNN + GMM @ 10x] Acc: 0.9983, F1: 0.9983, Time: 0.07s
      -> [RandomForest + GMM @ 10x] Acc: 0.9200, F1: 0.9154, Time: 8.62s
      -> [LinearSVC + GMM @ 10x] Acc: 0.9533, F1: 0.9531, Time: 1.39s
      -> [LogisticRegression + GMM @ 10x] Acc: 0.9333, F1: 0.9340, Time: 0.32s
      -> [RNN + GMM @ 10x] Acc: 1.0000, F1: 1.0000, Time: 1.48s
    [=== Generating 2x synthetic data with HMM_GMM ===]
      -> [KNN + HMM_GMM @ 2x] Acc: 0.9817, F1: 0.9818, Time: 0.02s
      -> [RandomForest + HMM_GMM @ 2x] Acc: 0.9017, F1: 0.9023, Time: 0.93s
      -> [LinearSVC + HMM_GMM @ 2x] Acc: 0.9033, F1: 0.8998, Time: 0.04s
      -> [LogisticRegression + HMM_GMM @ 2x] Acc: 0.8783, F1: 0.8803, Time: 0.03s
      -> [RNN + HMM_GMM @ 2x] Acc: 0.8333, F1: 0.7667, Time: 0.27s
    [=== Generating 3x synthetic data with HMM_GMM ===]
      -> [KNN + HMM_GMM @ 3x] Acc: 0.9817, F1: 0.9818, Time: 0.02s
      -> [RandomForest + HMM_GMM @ 3x] Acc: 0.9217, F1: 0.9217, Time: 1.18s
      -> [LinearSVC + HMM_GMM @ 3x] Acc: 0.8850, F1: 0.8782, Time: 0.06s
      -> [LogisticRegression + HMM_GMM @ 3x] Acc: 0.8867, F1: 0.8849, Time: 0.04s
      -> [RNN + HMM_GMM @ 3x] Acc: 1.0000, F1: 1.0000, Time: 0.60s
    [=== Generating 5x synthetic data with HMM_GMM ===]
      -> [KNN + HMM_GMM @ 5x] Acc: 0.9817, F1: 0.9818, Time: 0.05s
      -> [RandomForest + HMM_GMM @ 5x] Acc: 0.9400, F1: 0.9387, Time: 1.55s
      -> [LinearSVC + HMM_GMM @ 5x] Acc: 0.8533, F1: 0.8356, Time: 0.06s
      -> [LogisticRegression + HMM_GMM @ 5x] Acc: 0.9050, F1: 0.9010, Time: 0.04s
      -> [RNN + HMM_GMM @ 5x] Acc: 0.8333, F1: 0.8333, Time: 0.85s
    [=== Generating 10x synthetic data with HMM_GMM ===]
      -> [KNN + HMM_GMM @ 10x] Acc: 0.9817, F1: 0.9818, Time: 0.09s
      -> [RandomForest + HMM_GMM @ 10x] Acc: 0.9283, F1: 0.9267, Time: 2.09s
      -> [LinearSVC + HMM_GMM @ 10x] Acc: 0.8367, F1: 0.8104, Time: 0.14s
      -> [LogisticRegression + HMM_GMM @ 10x] Acc: 0.9050, F1: 0.9010, Time: 0.08s
      -> [RNN + HMM_GMM @ 10x] Acc: 0.6667, F1: 0.5833, Time: 1.21s
    [=== Generating 2x synthetic data with TimeVAE ===]
      -> [KNN + TimeVAE @ 2x] Acc: 0.9850, F1: 0.9851, Time: 0.01s
      -> [RandomForest + TimeVAE @ 2x] Acc: 0.9683, F1: 0.9675, Time: 1.13s
      -> [LinearSVC + TimeVAE @ 2x] Acc: 0.9667, F1: 0.9668, Time: 0.40s
      -> [LogisticRegression + TimeVAE @ 2x] Acc: 0.9617, F1: 0.9619, Time: 0.05s
      -> [RNN + TimeVAE @ 2x] Acc: 0.8333, F1: 0.7667, Time: 0.19s
    [=== Generating 3x synthetic data with TimeVAE ===]
      -> [KNN + TimeVAE @ 3x] Acc: 0.9850, F1: 0.9851, Time: 0.02s
      -> [RandomForest + TimeVAE @ 3x] Acc: 0.9650, F1: 0.9638, Time: 1.82s
      -> [LinearSVC + TimeVAE @ 3x] Acc: 0.9017, F1: 0.9023, Time: 0.44s
      -> [LogisticRegression + TimeVAE @ 3x] Acc: 0.9433, F1: 0.9438, Time: 0.09s
      -> [RNN + TimeVAE @ 3x] Acc: 0.8333, F1: 0.7667, Time: 0.55s
    [=== Generating 5x synthetic data with TimeVAE ===]
      -> [KNN + TimeVAE @ 5x] Acc: 0.9850, F1: 0.9851, Time: 0.05s
      -> [RandomForest + TimeVAE @ 5x] Acc: 0.9700, F1: 0.9692, Time: 3.10s
      -> [LinearSVC + TimeVAE @ 5x] Acc: 0.9617, F1: 0.9614, Time: 0.74s
      -> [LogisticRegression + TimeVAE @ 5x] Acc: 0.9733, F1: 0.9734, Time: 0.20s
      -> [RNN + TimeVAE @ 5x] Acc: 0.8333, F1: 0.7667, Time: 0.83s
    [=== Generating 10x synthetic data with TimeVAE ===]
      -> [KNN + TimeVAE @ 10x] Acc: 0.9850, F1: 0.9851, Time: 0.07s
      -> [RandomForest + TimeVAE @ 10x] Acc: 0.9700, F1: 0.9692, Time: 6.54s
      -> [LinearSVC + TimeVAE @ 10x] Acc: 0.9550, F1: 0.9545, Time: 2.22s
      -> [LogisticRegression + TimeVAE @ 10x] Acc: 0.9767, F1: 0.9767, Time: 0.49s
      -> [RNN + TimeVAE @ 10x] Acc: 1.0000, F1: 1.0000, Time: 1.47s

    >> Seed Fold Selection: 3/10
    Evaluating Model: KNN
      -> [Baseline] Acc: 0.9383, F1: 0.9388, Time: 0.01s
      HP Tuning KNN...
n_iterations: 3
n_required_iterations: 3
n_possible_iterations: 5
min_resources_: 30
max_resources_: 4600
aggressive_elimination: False
factor: 3
----------
iter: 0
n_candidates: 20
n_resources: 30
Fitting 5 folds for each of 20 candidates, totalling 100 fits
----------
iter: 1
n_candidates: 7
n_resources: 90
Fitting 5 folds for each of 7 candidates, totalling 35 fits
----------
iter: 2
n_candidates: 3
n_resources: 270
Fitting 5 folds for each of 3 candidates, totalling 15 fits
      -> [Tuned_Baseline] Acc: 0.9567, F1: 0.9570, Time: 0.01s
    Evaluating Model: RandomForest
      -> [Baseline] Acc: 0.9117, F1: 0.9129, Time: 0.70s
      HP Tuning RandomForest...
n_iterations: 3
n_required_iterations: 3
n_possible_iterations: 5
min_resources_: 30
max_resources_: 4600
aggressive_elimination: False
factor: 3
----------
iter: 0
n_candidates: 20
n_resources: 30
Fitting 5 folds for each of 20 candidates, totalling 100 fits
----------
iter: 1
n_candidates: 7
n_resources: 90
Fitting 5 folds for each of 7 candidates, totalling 35 fits
----------
iter: 2
n_candidates: 3
n_resources: 270
Fitting 5 folds for each of 3 candidates, totalling 15 fits
      -> [Tuned_Baseline] Acc: 0.9117, F1: 0.9129, Time: 0.01s
    Evaluating Model: LinearSVC
      -> [Baseline] Acc: 0.9667, F1: 0.9669, Time: 0.01s
      HP Tuning LinearSVC...
n_iterations: 3
n_required_iterations: 3
n_possible_iterations: 5
min_resources_: 30
max_resources_: 4600
aggressive_elimination: False
factor: 3
----------
iter: 0
n_candidates: 20
n_resources: 30
Fitting 5 folds for each of 20 candidates, totalling 100 fits
----------
iter: 1
n_candidates: 7
n_resources: 90
Fitting 5 folds for each of 7 candidates, totalling 35 fits
----------
iter: 2
n_candidates: 3
n_resources: 270
Fitting 5 folds for each of 3 candidates, totalling 15 fits
      -> [Tuned_Baseline] Acc: 0.9633, F1: 0.9636, Time: 0.00s
    Evaluating Model: LogisticRegression
      -> [Baseline] Acc: 0.9350, F1: 0.9356, Time: 0.04s
      HP Tuning LogisticRegression...
n_iterations: 3
n_required_iterations: 3
n_possible_iterations: 5
min_resources_: 30
max_resources_: 4600
aggressive_elimination: False
factor: 3
----------
iter: 0
n_candidates: 12
n_resources: 30
Fitting 5 folds for each of 12 candidates, totalling 60 fits
----------
iter: 1
n_candidates: 4
n_resources: 90
Fitting 5 folds for each of 4 candidates, totalling 20 fits
----------
iter: 2
n_candidates: 2
n_resources: 270
Fitting 5 folds for each of 2 candidates, totalling 10 fits
      -> [Tuned_Baseline] Acc: 0.9383, F1: 0.9389, Time: 0.00s
    Evaluating Model: RNN
      -> [Baseline] Acc: 1.0000, F1: 1.0000, Time: 0.16s
      -> [Tuned_Baseline] Acc: 1.0000, F1: 1.0000, Time: 0.00s
    [=== Generating 2x synthetic data with Jittering ===]
      -> [KNN + Jittering @ 2x] Acc: 0.9567, F1: 0.9570, Time: 0.01s
      -> [RandomForest + Jittering @ 2x] Acc: 0.9133, F1: 0.9144, Time: 1.24s
      -> [LinearSVC + Jittering @ 2x] Acc: 0.9667, F1: 0.9669, Time: 0.03s
      -> [LogisticRegression + Jittering @ 2x] Acc: 0.9383, F1: 0.9389, Time: 0.09s
      -> [RNN + Jittering @ 2x] Acc: 1.0000, F1: 1.0000, Time: 0.28s
    [=== Generating 3x synthetic data with Jittering ===]
      -> [KNN + Jittering @ 3x] Acc: 0.9600, F1: 0.9603, Time: 0.02s
      -> [RandomForest + Jittering @ 3x] Acc: 0.9183, F1: 0.9195, Time: 1.91s
      -> [LinearSVC + Jittering @ 3x] Acc: 0.9600, F1: 0.9603, Time: 0.05s
      -> [LogisticRegression + Jittering @ 3x] Acc: 0.9383, F1: 0.9389, Time: 0.14s
      -> [RNN + Jittering @ 3x] Acc: 0.8333, F1: 0.7667, Time: 0.40s
    [=== Generating 5x synthetic data with Jittering ===]
      -> [KNN + Jittering @ 5x] Acc: 0.9583, F1: 0.9587, Time: 0.02s
      -> [RandomForest + Jittering @ 5x] Acc: 0.9333, F1: 0.9345, Time: 3.13s
      -> [LinearSVC + Jittering @ 5x] Acc: 0.9683, F1: 0.9685, Time: 0.07s
      -> [LogisticRegression + Jittering @ 5x] Acc: 0.9433, F1: 0.9438, Time: 0.20s
      -> [RNN + Jittering @ 5x] Acc: 1.0000, F1: 1.0000, Time: 0.67s
    [=== Generating 10x synthetic data with Jittering ===]
      -> [KNN + Jittering @ 10x] Acc: 0.9517, F1: 0.9521, Time: 0.07s
      -> [RandomForest + Jittering @ 10x] Acc: 0.9317, F1: 0.9326, Time: 6.90s
      -> [LinearSVC + Jittering @ 10x] Acc: 0.9683, F1: 0.9685, Time: 0.19s
      -> [LogisticRegression + Jittering @ 10x] Acc: 0.9400, F1: 0.9405, Time: 0.64s
      -> [RNN + Jittering @ 10x] Acc: 0.8333, F1: 0.7667, Time: 1.51s
    [=== Generating 2x synthetic data with Scaling ===]
      -> [KNN + Scaling @ 2x] Acc: 0.9550, F1: 0.9554, Time: 0.02s
      -> [RandomForest + Scaling @ 2x] Acc: 0.9150, F1: 0.9160, Time: 1.32s
      -> [LinearSVC + Scaling @ 2x] Acc: 0.9667, F1: 0.9668, Time: 0.02s
      -> [LogisticRegression + Scaling @ 2x] Acc: 0.9250, F1: 0.9257, Time: 0.08s
      -> [RNN + Scaling @ 2x] Acc: 1.0000, F1: 1.0000, Time: 0.28s
    [=== Generating 3x synthetic data with Scaling ===]
      -> [KNN + Scaling @ 3x] Acc: 0.9617, F1: 0.9619, Time: 0.02s
      -> [RandomForest + Scaling @ 3x] Acc: 0.9483, F1: 0.9489, Time: 1.79s
      -> [LinearSVC + Scaling @ 3x] Acc: 0.9317, F1: 0.9323, Time: 0.03s
      -> [LogisticRegression + Scaling @ 3x] Acc: 0.8867, F1: 0.8877, Time: 0.12s
      -> [RNN + Scaling @ 3x] Acc: 0.8333, F1: 0.7667, Time: 0.45s
    [=== Generating 5x synthetic data with Scaling ===]
      -> [KNN + Scaling @ 5x] Acc: 0.9633, F1: 0.9636, Time: 0.02s
      -> [RandomForest + Scaling @ 5x] Acc: 0.9433, F1: 0.9442, Time: 3.35s
      -> [LinearSVC + Scaling @ 5x] Acc: 0.9550, F1: 0.9553, Time: 0.05s
      -> [LogisticRegression + Scaling @ 5x] Acc: 0.9133, F1: 0.9142, Time: 0.16s
      -> [RNN + Scaling @ 5x] Acc: 1.0000, F1: 1.0000, Time: 0.76s
    [=== Generating 10x synthetic data with Scaling ===]
      -> [KNN + Scaling @ 10x] Acc: 0.9550, F1: 0.9554, Time: 0.07s
      -> [RandomForest + Scaling @ 10x] Acc: 0.9400, F1: 0.9409, Time: 7.69s
      -> [LinearSVC + Scaling @ 10x] Acc: 0.9800, F1: 0.9800, Time: 0.23s
      -> [LogisticRegression + Scaling @ 10x] Acc: 0.9267, F1: 0.9274, Time: 0.44s
      -> [RNN + Scaling @ 10x] Acc: 1.0000, F1: 1.0000, Time: 1.76s
    [=== Generating 2x synthetic data with Magnitude_Warping ===]
      -> [KNN + Magnitude_Warping @ 2x] Acc: 0.9583, F1: 0.9586, Time: 0.02s
      -> [RandomForest + Magnitude_Warping @ 2x] Acc: 0.9483, F1: 0.9489, Time: 1.41s
      -> [LinearSVC + Magnitude_Warping @ 2x] Acc: 0.9617, F1: 0.9619, Time: 0.02s
      -> [LogisticRegression + Magnitude_Warping @ 2x] Acc: 0.9317, F1: 0.9324, Time: 0.04s
      -> [RNN + Magnitude_Warping @ 2x] Acc: 0.6667, F1: 0.5833, Time: 0.32s
    [=== Generating 3x synthetic data with Magnitude_Warping ===]
      -> [KNN + Magnitude_Warping @ 3x] Acc: 0.9583, F1: 0.9587, Time: 0.02s
      -> [RandomForest + Magnitude_Warping @ 3x] Acc: 0.9467, F1: 0.9471, Time: 2.04s
      -> [LinearSVC + Magnitude_Warping @ 3x] Acc: 0.9917, F1: 0.9917, Time: 0.04s
      -> [LogisticRegression + Magnitude_Warping @ 3x] Acc: 0.9533, F1: 0.9537, Time: 0.08s
      -> [RNN + Magnitude_Warping @ 3x] Acc: 1.0000, F1: 1.0000, Time: 0.47s
    [=== Generating 5x synthetic data with Magnitude_Warping ===]
      -> [KNN + Magnitude_Warping @ 5x] Acc: 0.9533, F1: 0.9537, Time: 0.03s
      -> [RandomForest + Magnitude_Warping @ 5x] Acc: 0.9483, F1: 0.9491, Time: 3.76s
      -> [LinearSVC + Magnitude_Warping @ 5x] Acc: 0.9950, F1: 0.9950, Time: 0.04s
      -> [LogisticRegression + Magnitude_Warping @ 5x] Acc: 0.9517, F1: 0.9521, Time: 0.14s
      -> [RNN + Magnitude_Warping @ 5x] Acc: 0.8333, F1: 0.7667, Time: 0.86s
    [=== Generating 10x synthetic data with Magnitude_Warping ===]
      -> [KNN + Magnitude_Warping @ 10x] Acc: 0.9617, F1: 0.9619, Time: 0.08s
      -> [RandomForest + Magnitude_Warping @ 10x] Acc: 0.9583, F1: 0.9588, Time: 8.38s
      -> [LinearSVC + Magnitude_Warping @ 10x] Acc: 0.9833, F1: 0.9833, Time: 0.19s
      -> [LogisticRegression + Magnitude_Warping @ 10x] Acc: 0.9317, F1: 0.9325, Time: 0.31s
      -> [RNN + Magnitude_Warping @ 10x] Acc: 1.0000, F1: 1.0000, Time: 1.70s
    [=== Generating 2x synthetic data with Time_Warping ===]
      -> [KNN + Time_Warping @ 2x] Acc: 0.9567, F1: 0.9570, Time: 0.02s
      -> [RandomForest + Time_Warping @ 2x] Acc: 0.9133, F1: 0.9146, Time: 1.26s
      -> [LinearSVC + Time_Warping @ 2x] Acc: 0.8750, F1: 0.8643, Time: 0.02s
      -> [LogisticRegression + Time_Warping @ 2x] Acc: 0.8567, F1: 0.8564, Time: 0.04s
      -> [RNN + Time_Warping @ 2x] Acc: 0.8333, F1: 0.7667, Time: 0.27s
    [=== Generating 3x synthetic data with Time_Warping ===]
      -> [KNN + Time_Warping @ 3x] Acc: 0.9367, F1: 0.9371, Time: 0.03s
      -> [RandomForest + Time_Warping @ 3x] Acc: 0.9267, F1: 0.9279, Time: 1.97s
      -> [LinearSVC + Time_Warping @ 3x] Acc: 0.8250, F1: 0.8192, Time: 0.03s
      -> [LogisticRegression + Time_Warping @ 3x] Acc: 0.8267, F1: 0.8283, Time: 0.04s
      -> [RNN + Time_Warping @ 3x] Acc: 1.0000, F1: 1.0000, Time: 0.59s
    [=== Generating 5x synthetic data with Time_Warping ===]
      -> [KNN + Time_Warping @ 5x] Acc: 0.9450, F1: 0.9454, Time: 0.05s
      -> [RandomForest + Time_Warping @ 5x] Acc: 0.9267, F1: 0.9280, Time: 3.75s
      -> [LinearSVC + Time_Warping @ 5x] Acc: 0.8633, F1: 0.8526, Time: 0.06s
      -> [LogisticRegression + Time_Warping @ 5x] Acc: 0.8583, F1: 0.8580, Time: 0.08s
      -> [RNN + Time_Warping @ 5x] Acc: 1.0000, F1: 1.0000, Time: 0.88s
    [=== Generating 10x synthetic data with Time_Warping ===]
      -> [KNN + Time_Warping @ 10x] Acc: 0.9367, F1: 0.9371, Time: 0.08s
      -> [RandomForest + Time_Warping @ 10x] Acc: 0.9067, F1: 0.9081, Time: 7.49s
      -> [LinearSVC + Time_Warping @ 10x] Acc: 0.8150, F1: 0.7955, Time: 0.12s
      -> [LogisticRegression + Time_Warping @ 10x] Acc: 0.8500, F1: 0.8499, Time: 0.15s
      -> [RNN + Time_Warping @ 10x] Acc: 1.0000, F1: 1.0000, Time: 1.49s
    [=== Generating 2x synthetic data with SMOTE ===]
      -> [KNN + SMOTE @ 2x] Acc: 0.9617, F1: 0.9619, Time: 0.01s
      -> [RandomForest + SMOTE @ 2x] Acc: 0.9167, F1: 0.9180, Time: 1.16s
      -> [LinearSVC + SMOTE @ 2x] Acc: 0.9900, F1: 0.9900, Time: 0.03s
      -> [LogisticRegression + SMOTE @ 2x] Acc: 0.9600, F1: 0.9603, Time: 0.11s
      -> [RNN + SMOTE @ 2x] Acc: 0.6667, F1: 0.5833, Time: 0.36s
    [=== Generating 3x synthetic data with SMOTE ===]
      -> [KNN + SMOTE @ 3x] Acc: 0.9600, F1: 0.9603, Time: 0.03s
      -> [RandomForest + SMOTE @ 3x] Acc: 0.9350, F1: 0.9362, Time: 1.80s
      -> [LinearSVC + SMOTE @ 3x] Acc: 0.9717, F1: 0.9718, Time: 0.04s
      -> [LogisticRegression + SMOTE @ 3x] Acc: 0.9417, F1: 0.9422, Time: 0.12s
      -> [RNN + SMOTE @ 3x] Acc: 0.8333, F1: 0.7667, Time: 0.51s
    [=== Generating 5x synthetic data with SMOTE ===]
      -> [KNN + SMOTE @ 5x] Acc: 0.9683, F1: 0.9685, Time: 0.05s
      -> [RandomForest + SMOTE @ 5x] Acc: 0.9133, F1: 0.9149, Time: 3.63s
      -> [LinearSVC + SMOTE @ 5x] Acc: 0.9733, F1: 0.9734, Time: 0.05s
      -> [LogisticRegression + SMOTE @ 5x] Acc: 0.9383, F1: 0.9389, Time: 0.28s
      -> [RNN + SMOTE @ 5x] Acc: 1.0000, F1: 1.0000, Time: 0.83s
    [=== Generating 10x synthetic data with SMOTE ===]
      -> [KNN + SMOTE @ 10x] Acc: 0.9683, F1: 0.9685, Time: 0.06s
      -> [RandomForest + SMOTE @ 10x] Acc: 0.9233, F1: 0.9235, Time: 7.79s
      -> [LinearSVC + SMOTE @ 10x] Acc: 0.9883, F1: 0.9883, Time: 0.22s
      -> [LogisticRegression + SMOTE @ 10x] Acc: 0.9500, F1: 0.9504, Time: 0.81s
      -> [RNN + SMOTE @ 10x] Acc: 1.0000, F1: 1.0000, Time: 1.53s
    [=== Generating 2x synthetic data with ADASYN ===]
      -> [KNN + ADASYN @ 2x] Acc: 0.9650, F1: 0.9652, Time: 0.02s
      -> [RandomForest + ADASYN @ 2x] Acc: 0.9000, F1: 0.9014, Time: 1.43s
      -> [LinearSVC + ADASYN @ 2x] Acc: 0.9883, F1: 0.9883, Time: 0.02s
      -> [LogisticRegression + ADASYN @ 2x] Acc: 0.9567, F1: 0.9570, Time: 0.10s
      -> [RNN + ADASYN @ 2x] Acc: 1.0000, F1: 1.0000, Time: 0.39s
    [=== Generating 3x synthetic data with ADASYN ===]
      -> [KNN + ADASYN @ 3x] Acc: 0.9683, F1: 0.9685, Time: 0.02s
      -> [RandomForest + ADASYN @ 3x] Acc: 0.9067, F1: 0.9079, Time: 2.12s
      -> [LinearSVC + ADASYN @ 3x] Acc: 0.9850, F1: 0.9850, Time: 0.04s
      -> [LogisticRegression + ADASYN @ 3x] Acc: 0.9550, F1: 0.9553, Time: 0.21s
      -> [RNN + ADASYN @ 3x] Acc: 1.0000, F1: 1.0000, Time: 0.59s
    [=== Generating 5x synthetic data with ADASYN ===]
      -> [KNN + ADASYN @ 5x] Acc: 0.9583, F1: 0.9587, Time: 0.04s
      -> [RandomForest + ADASYN @ 5x] Acc: 0.9500, F1: 0.9492, Time: 3.45s
      -> [LinearSVC + ADASYN @ 5x] Acc: 0.9900, F1: 0.9900, Time: 0.05s
      -> [LogisticRegression + ADASYN @ 5x] Acc: 0.9550, F1: 0.9553, Time: 0.31s
      -> [RNN + ADASYN @ 5x] Acc: 0.8333, F1: 0.7667, Time: 0.90s
    [=== Generating 10x synthetic data with ADASYN ===]
      -> [KNN + ADASYN @ 10x] Acc: 0.9650, F1: 0.9653, Time: 0.07s
      -> [RandomForest + ADASYN @ 10x] Acc: 0.8967, F1: 0.8972, Time: 8.47s
      -> [LinearSVC + ADASYN @ 10x] Acc: 0.9833, F1: 0.9834, Time: 0.41s
      -> [LogisticRegression + ADASYN @ 10x] Acc: 0.9567, F1: 0.9570, Time: 0.95s
      -> [RNN + ADASYN @ 10x] Acc: 1.0000, F1: 1.0000, Time: 1.65s
    [=== Generating 2x synthetic data with Mixup ===]
      -> [KNN + Mixup @ 2x] Acc: 0.9600, F1: 0.9603, Time: 0.02s
      -> [RandomForest + Mixup @ 2x] Acc: 0.9350, F1: 0.9361, Time: 1.24s
      -> [LinearSVC + Mixup @ 2x] Acc: 0.9750, F1: 0.9751, Time: 0.03s
      -> [LogisticRegression + Mixup @ 2x] Acc: 0.9400, F1: 0.9405, Time: 0.12s
      -> [RNN + Mixup @ 2x] Acc: 0.6667, F1: 0.5833, Time: 0.31s
    [=== Generating 3x synthetic data with Mixup ===]
      -> [KNN + Mixup @ 3x] Acc: 0.9583, F1: 0.9587, Time: 0.02s
      -> [RandomForest + Mixup @ 3x] Acc: 0.8950, F1: 0.8951, Time: 1.93s
      -> [LinearSVC + Mixup @ 3x] Acc: 0.9733, F1: 0.9734, Time: 0.05s
      -> [LogisticRegression + Mixup @ 3x] Acc: 0.9433, F1: 0.9438, Time: 0.25s
      -> [RNN + Mixup @ 3x] Acc: 0.8333, F1: 0.7667, Time: 0.68s
    [=== Generating 5x synthetic data with Mixup ===]
      -> [KNN + Mixup @ 5x] Acc: 0.9750, F1: 0.9751, Time: 0.04s
      -> [RandomForest + Mixup @ 5x] Acc: 0.9500, F1: 0.9498, Time: 3.71s
      -> [LinearSVC + Mixup @ 5x] Acc: 0.9783, F1: 0.9784, Time: 0.06s
      -> [LogisticRegression + Mixup @ 5x] Acc: 0.9533, F1: 0.9537, Time: 0.34s
      -> [RNN + Mixup @ 5x] Acc: 0.5000, F1: 0.3333, Time: 0.83s
    [=== Generating 10x synthetic data with Mixup ===]
      -> [KNN + Mixup @ 10x] Acc: 0.9717, F1: 0.9718, Time: 0.08s
      -> [RandomForest + Mixup @ 10x] Acc: 0.9100, F1: 0.9079, Time: 7.42s
      -> [LinearSVC + Mixup @ 10x] Acc: 0.9750, F1: 0.9751, Time: 0.20s
      -> [LogisticRegression + Mixup @ 10x] Acc: 0.9433, F1: 0.9438, Time: 0.67s
      -> [RNN + Mixup @ 10x] Acc: 1.0000, F1: 1.0000, Time: 1.38s
    [=== Generating 2x synthetic data with GMM ===]
      -> [KNN + GMM @ 2x] Acc: 0.9517, F1: 0.9520, Time: 0.02s
      -> [RandomForest + GMM @ 2x] Acc: 0.8700, F1: 0.8695, Time: 1.38s
      -> [LinearSVC + GMM @ 2x] Acc: 0.9267, F1: 0.9274, Time: 0.03s
      -> [LogisticRegression + GMM @ 2x] Acc: 0.8567, F1: 0.8577, Time: 0.06s
      -> [RNN + GMM @ 2x] Acc: 1.0000, F1: 1.0000, Time: 0.28s
    [=== Generating 3x synthetic data with GMM ===]
      -> [KNN + GMM @ 3x] Acc: 0.9550, F1: 0.9552, Time: 0.02s
      -> [RandomForest + GMM @ 3x] Acc: 0.8633, F1: 0.8620, Time: 2.26s
      -> [LinearSVC + GMM @ 3x] Acc: 0.9400, F1: 0.9405, Time: 0.03s
      -> [LogisticRegression + GMM @ 3x] Acc: 0.8833, F1: 0.8844, Time: 0.06s
      -> [RNN + GMM @ 3x] Acc: 0.8333, F1: 0.7667, Time: 0.45s
    [=== Generating 5x synthetic data with GMM ===]
      -> [KNN + GMM @ 5x] Acc: 0.9400, F1: 0.9403, Time: 0.04s
      -> [RandomForest + GMM @ 5x] Acc: 0.9033, F1: 0.8985, Time: 3.57s
      -> [LinearSVC + GMM @ 5x] Acc: 0.9583, F1: 0.9586, Time: 0.05s
      -> [LogisticRegression + GMM @ 5x] Acc: 0.9033, F1: 0.9046, Time: 0.08s
      -> [RNN + GMM @ 5x] Acc: 1.0000, F1: 1.0000, Time: 0.71s
    [=== Generating 10x synthetic data with GMM ===]
      -> [KNN + GMM @ 10x] Acc: 0.9500, F1: 0.9502, Time: 0.08s
      -> [RandomForest + GMM @ 10x] Acc: 0.9100, F1: 0.9045, Time: 8.76s
      -> [LinearSVC + GMM @ 10x] Acc: 0.9667, F1: 0.9669, Time: 0.11s
      -> [LogisticRegression + GMM @ 10x] Acc: 0.9250, F1: 0.9261, Time: 0.24s
      -> [RNN + GMM @ 10x] Acc: 1.0000, F1: 1.0000, Time: 1.26s
    [=== Generating 2x synthetic data with HMM_GMM ===]
      -> [KNN + HMM_GMM @ 2x] Acc: 0.9550, F1: 0.9553, Time: 0.02s
      -> [RandomForest + HMM_GMM @ 2x] Acc: 0.8883, F1: 0.8900, Time: 0.90s
      -> [LinearSVC + HMM_GMM @ 2x] Acc: 0.9317, F1: 0.9281, Time: 0.01s
      -> [LogisticRegression + HMM_GMM @ 2x] Acc: 0.8983, F1: 0.9006, Time: 0.02s
      -> [RNN + HMM_GMM @ 2x] Acc: 1.0000, F1: 1.0000, Time: 0.19s
    [=== Generating 3x synthetic data with HMM_GMM ===]
      -> [KNN + HMM_GMM @ 3x] Acc: 0.9550, F1: 0.9553, Time: 0.02s
      -> [RandomForest + HMM_GMM @ 3x] Acc: 0.8750, F1: 0.8766, Time: 1.04s
      -> [LinearSVC + HMM_GMM @ 3x] Acc: 0.9050, F1: 0.8999, Time: 0.03s
      -> [LogisticRegression + HMM_GMM @ 3x] Acc: 0.9033, F1: 0.9055, Time: 0.04s
      -> [RNN + HMM_GMM @ 3x] Acc: 0.8333, F1: 0.8333, Time: 0.40s
    [=== Generating 5x synthetic data with HMM_GMM ===]
      -> [KNN + HMM_GMM @ 5x] Acc: 0.9550, F1: 0.9553, Time: 0.04s
      -> [RandomForest + HMM_GMM @ 5x] Acc: 0.8667, F1: 0.8683, Time: 1.43s
      -> [LinearSVC + HMM_GMM @ 5x] Acc: 0.9133, F1: 0.9104, Time: 0.05s
      -> [LogisticRegression + HMM_GMM @ 5x] Acc: 0.9050, F1: 0.9071, Time: 0.06s
      -> [RNN + HMM_GMM @ 5x] Acc: 1.0000, F1: 1.0000, Time: 0.66s
    [=== Generating 10x synthetic data with HMM_GMM ===]
      -> [KNN + HMM_GMM @ 10x] Acc: 0.9550, F1: 0.9553, Time: 0.06s
      -> [RandomForest + HMM_GMM @ 10x] Acc: 0.9383, F1: 0.9369, Time: 1.86s
      -> [LinearSVC + HMM_GMM @ 10x] Acc: 0.9333, F1: 0.9323, Time: 0.11s
      -> [LogisticRegression + HMM_GMM @ 10x] Acc: 0.9067, F1: 0.9087, Time: 0.08s
      -> [RNN + HMM_GMM @ 10x] Acc: 1.0000, F1: 1.0000, Time: 1.21s
    [=== Generating 2x synthetic data with TimeVAE ===]
      -> [KNN + TimeVAE @ 2x] Acc: 0.9567, F1: 0.9570, Time: 0.02s
      -> [RandomForest + TimeVAE @ 2x] Acc: 0.9667, F1: 0.9665, Time: 1.23s
      -> [LinearSVC + TimeVAE @ 2x] Acc: 0.9767, F1: 0.9767, Time: 0.03s
      -> [LogisticRegression + TimeVAE @ 2x] Acc: 0.9333, F1: 0.9340, Time: 0.07s
      -> [RNN + TimeVAE @ 2x] Acc: 0.8333, F1: 0.7667, Time: 0.31s
    [=== Generating 3x synthetic data with TimeVAE ===]
      -> [KNN + TimeVAE @ 3x] Acc: 0.9567, F1: 0.9570, Time: 0.02s
      -> [RandomForest + TimeVAE @ 3x] Acc: 0.9433, F1: 0.9420, Time: 1.78s
      -> [LinearSVC + TimeVAE @ 3x] Acc: 0.9750, F1: 0.9750, Time: 0.02s
      -> [LogisticRegression + TimeVAE @ 3x] Acc: 0.9450, F1: 0.9454, Time: 0.06s
      -> [RNN + TimeVAE @ 3x] Acc: 0.8333, F1: 0.7667, Time: 0.38s
    [=== Generating 5x synthetic data with TimeVAE ===]
      -> [KNN + TimeVAE @ 5x] Acc: 0.9567, F1: 0.9570, Time: 0.03s
      -> [RandomForest + TimeVAE @ 5x] Acc: 0.9883, F1: 0.9882, Time: 2.79s
      -> [LinearSVC + TimeVAE @ 5x] Acc: 0.9667, F1: 0.9665, Time: 0.05s
      -> [LogisticRegression + TimeVAE @ 5x] Acc: 0.9733, F1: 0.9734, Time: 0.15s
      -> [RNN + TimeVAE @ 5x] Acc: 0.8333, F1: 0.7667, Time: 0.77s
    [=== Generating 10x synthetic data with TimeVAE ===]
      -> [KNN + TimeVAE @ 10x] Acc: 0.9567, F1: 0.9570, Time: 0.05s
      -> [RandomForest + TimeVAE @ 10x] Acc: 0.9650, F1: 0.9647, Time: 6.26s
      -> [LinearSVC + TimeVAE @ 10x] Acc: 0.9617, F1: 0.9613, Time: 0.17s
      -> [LogisticRegression + TimeVAE @ 10x] Acc: 0.9850, F1: 0.9850, Time: 0.33s
      -> [RNN + TimeVAE @ 10x] Acc: 1.0000, F1: 1.0000, Time: 1.67s

    >> Seed Fold Selection: 4/10
    Evaluating Model: KNN
      -> [Baseline] Acc: 0.9517, F1: 0.9521, Time: 0.01s
      HP Tuning KNN...
n_iterations: 3
n_required_iterations: 3
n_possible_iterations: 5
min_resources_: 30
max_resources_: 4600
aggressive_elimination: False
factor: 3
----------
iter: 0
n_candidates: 20
n_resources: 30
Fitting 5 folds for each of 20 candidates, totalling 100 fits
----------
iter: 1
n_candidates: 7
n_resources: 90
Fitting 5 folds for each of 7 candidates, totalling 35 fits
----------
iter: 2
n_candidates: 3
n_resources: 270
Fitting 5 folds for each of 3 candidates, totalling 15 fits
      -> [Tuned_Baseline] Acc: 0.9433, F1: 0.9439, Time: 0.01s
    Evaluating Model: RandomForest
      -> [Baseline] Acc: 0.9333, F1: 0.9345, Time: 0.65s
      HP Tuning RandomForest...
n_iterations: 3
n_required_iterations: 3
n_possible_iterations: 5
min_resources_: 30
max_resources_: 4600
aggressive_elimination: False
factor: 3
----------
iter: 0
n_candidates: 20
n_resources: 30
Fitting 5 folds for each of 20 candidates, totalling 100 fits
----------
iter: 1
n_candidates: 7
n_resources: 90
Fitting 5 folds for each of 7 candidates, totalling 35 fits
----------
iter: 2
n_candidates: 3
n_resources: 270
Fitting 5 folds for each of 3 candidates, totalling 15 fits
      -> [Tuned_Baseline] Acc: 0.9317, F1: 0.9329, Time: 0.00s
    Evaluating Model: LinearSVC
      -> [Baseline] Acc: 0.9417, F1: 0.9422, Time: 0.01s
      HP Tuning LinearSVC...
n_iterations: 3
n_required_iterations: 3
n_possible_iterations: 5
min_resources_: 30
max_resources_: 4600
aggressive_elimination: False
factor: 3
----------
iter: 0
n_candidates: 20
n_resources: 30
Fitting 5 folds for each of 20 candidates, totalling 100 fits
----------
iter: 1
n_candidates: 7
n_resources: 90
Fitting 5 folds for each of 7 candidates, totalling 35 fits
----------
iter: 2
n_candidates: 3
n_resources: 270
Fitting 5 folds for each of 3 candidates, totalling 15 fits
      -> [Tuned_Baseline] Acc: 0.9383, F1: 0.9389, Time: 0.00s
    Evaluating Model: LogisticRegression
      -> [Baseline] Acc: 0.9333, F1: 0.9340, Time: 0.05s
      HP Tuning LogisticRegression...
n_iterations: 3
n_required_iterations: 3
n_possible_iterations: 5
min_resources_: 30
max_resources_: 4600
aggressive_elimination: False
factor: 3
----------
iter: 0
n_candidates: 12
n_resources: 30
Fitting 5 folds for each of 12 candidates, totalling 60 fits
----------
iter: 1
n_candidates: 4
n_resources: 90
Fitting 5 folds for each of 4 candidates, totalling 20 fits
----------
iter: 2
n_candidates: 2
n_resources: 270
Fitting 5 folds for each of 2 candidates, totalling 10 fits
      -> [Tuned_Baseline] Acc: 0.9267, F1: 0.9274, Time: 0.00s
    Evaluating Model: RNN
      -> [Baseline] Acc: 0.8333, F1: 0.8333, Time: 0.22s
      -> [Tuned_Baseline] Acc: 0.8333, F1: 0.8333, Time: 0.00s
    [=== Generating 2x synthetic data with Jittering ===]
      -> [KNN + Jittering @ 2x] Acc: 0.9433, F1: 0.9439, Time: 0.02s
      -> [RandomForest + Jittering @ 2x] Acc: 0.9317, F1: 0.9329, Time: 0.68s
      -> [LinearSVC + Jittering @ 2x] Acc: 0.9400, F1: 0.9405, Time: 5.47s
      -> [LogisticRegression + Jittering @ 2x] Acc: 0.9267, F1: 0.9274, Time: 0.11s
      -> [RNN + Jittering @ 2x] Acc: 0.8333, F1: 0.7667, Time: 0.31s
    [=== Generating 3x synthetic data with Jittering ===]
      -> [KNN + Jittering @ 3x] Acc: 0.9417, F1: 0.9422, Time: 0.03s
      -> [RandomForest + Jittering @ 3x] Acc: 0.9400, F1: 0.9409, Time: 1.11s
      -> [LinearSVC + Jittering @ 3x] Acc: 0.9417, F1: 0.9422, Time: 11.05s
      -> [LogisticRegression + Jittering @ 3x] Acc: 0.9250, F1: 0.9257, Time: 0.14s
      -> [RNN + Jittering @ 3x] Acc: 1.0000, F1: 1.0000, Time: 0.62s
    [=== Generating 5x synthetic data with Jittering ===]
      -> [KNN + Jittering @ 5x] Acc: 0.9433, F1: 0.9439, Time: 0.05s
      -> [RandomForest + Jittering @ 5x] Acc: 0.9333, F1: 0.9346, Time: 2.04s
      -> [LinearSVC + Jittering @ 5x] Acc: 0.9417, F1: 0.9422, Time: 29.40s
      -> [LogisticRegression + Jittering @ 5x] Acc: 0.9283, F1: 0.9290, Time: 0.30s
      -> [RNN + Jittering @ 5x] Acc: 1.0000, F1: 1.0000, Time: 0.95s
    [=== Generating 10x synthetic data with Jittering ===]
      -> [KNN + Jittering @ 10x] Acc: 0.9450, F1: 0.9455, Time: 0.10s
      -> [RandomForest + Jittering @ 10x] Acc: 0.9333, F1: 0.9346, Time: 4.09s
      -> [LinearSVC + Jittering @ 10x] Acc: 0.9450, F1: 0.9455, Time: 140.88s
      -> [LogisticRegression + Jittering @ 10x] Acc: 0.9283, F1: 0.9290, Time: 0.55s
      -> [RNN + Jittering @ 10x] Acc: 1.0000, F1: 1.0000, Time: 1.38s
    [=== Generating 2x synthetic data with Scaling ===]
      -> [KNN + Scaling @ 2x] Acc: 0.9467, F1: 0.9471, Time: 0.02s
      -> [RandomForest + Scaling @ 2x] Acc: 0.9300, F1: 0.9313, Time: 0.65s
      -> [LinearSVC + Scaling @ 2x] Acc: 0.9700, F1: 0.9701, Time: 5.29s
      -> [LogisticRegression + Scaling @ 2x] Acc: 0.9433, F1: 0.9438, Time: 0.05s
      -> [RNN + Scaling @ 2x] Acc: 0.8333, F1: 0.7667, Time: 0.27s
    [=== Generating 3x synthetic data with Scaling ===]
      -> [KNN + Scaling @ 3x] Acc: 0.9383, F1: 0.9389, Time: 0.02s
      -> [RandomForest + Scaling @ 3x] Acc: 0.9350, F1: 0.9361, Time: 1.07s
      -> [LinearSVC + Scaling @ 3x] Acc: 0.9400, F1: 0.9405, Time: 9.53s
      -> [LogisticRegression + Scaling @ 3x] Acc: 0.9167, F1: 0.9176, Time: 0.11s
      -> [RNN + Scaling @ 3x] Acc: 1.0000, F1: 1.0000, Time: 0.51s
    [=== Generating 5x synthetic data with Scaling ===]
      -> [KNN + Scaling @ 5x] Acc: 0.9467, F1: 0.9471, Time: 0.04s
      -> [RandomForest + Scaling @ 5x] Acc: 0.9517, F1: 0.9521, Time: 1.83s
      -> [LinearSVC + Scaling @ 5x] Acc: 0.9417, F1: 0.9421, Time: 19.51s
      -> [LogisticRegression + Scaling @ 5x] Acc: 0.8983, F1: 0.8994, Time: 0.12s
      -> [RNN + Scaling @ 5x] Acc: 1.0000, F1: 1.0000, Time: 0.66s
    [=== Generating 10x synthetic data with Scaling ===]
      -> [KNN + Scaling @ 10x] Acc: 0.9450, F1: 0.9455, Time: 0.07s
      -> [RandomForest + Scaling @ 10x] Acc: 0.9317, F1: 0.9330, Time: 4.37s
      -> [LinearSVC + Scaling @ 10x] Acc: 0.9417, F1: 0.9421, Time: 168.95s
      -> [LogisticRegression + Scaling @ 10x] Acc: 0.9183, F1: 0.9191, Time: 0.33s
      -> [RNN + Scaling @ 10x] Acc: 1.0000, F1: 1.0000, Time: 1.67s
    [=== Generating 2x synthetic data with Magnitude_Warping ===]
      -> [KNN + Magnitude_Warping @ 2x] Acc: 0.9550, F1: 0.9554, Time: 0.02s
      -> [RandomForest + Magnitude_Warping @ 2x] Acc: 0.9333, F1: 0.9345, Time: 0.69s
      -> [LinearSVC + Magnitude_Warping @ 2x] Acc: 0.8883, F1: 0.8909, Time: 6.14s
      -> [LogisticRegression + Magnitude_Warping @ 2x] Acc: 0.8883, F1: 0.8896, Time: 0.05s
      -> [RNN + Magnitude_Warping @ 2x] Acc: 0.8333, F1: 0.7667, Time: 0.33s
    [=== Generating 3x synthetic data with Magnitude_Warping ===]
      -> [KNN + Magnitude_Warping @ 3x] Acc: 0.9433, F1: 0.9439, Time: 0.02s
      -> [RandomForest + Magnitude_Warping @ 3x] Acc: 0.9567, F1: 0.9573, Time: 1.03s
      -> [LinearSVC + Magnitude_Warping @ 3x] Acc: 0.9067, F1: 0.9082, Time: 11.12s
      -> [LogisticRegression + Magnitude_Warping @ 3x] Acc: 0.9283, F1: 0.9294, Time: 0.07s
      -> [RNN + Magnitude_Warping @ 3x] Acc: 1.0000, F1: 1.0000, Time: 0.50s
    [=== Generating 5x synthetic data with Magnitude_Warping ===]
      -> [KNN + Magnitude_Warping @ 5x] Acc: 0.9400, F1: 0.9406, Time: 0.03s
      -> [RandomForest + Magnitude_Warping @ 5x] Acc: 0.9650, F1: 0.9652, Time: 1.93s
      -> [LinearSVC + Magnitude_Warping @ 5x] Acc: 0.9067, F1: 0.9086, Time: 31.41s
      -> [LogisticRegression + Magnitude_Warping @ 5x] Acc: 0.9050, F1: 0.9061, Time: 0.11s
      -> [RNN + Magnitude_Warping @ 5x] Acc: 1.0000, F1: 1.0000, Time: 0.77s
    [=== Generating 10x synthetic data with Magnitude_Warping ===]
      -> [KNN + Magnitude_Warping @ 10x] Acc: 0.9450, F1: 0.9455, Time: 0.07s
      -> [RandomForest + Magnitude_Warping @ 10x] Acc: 0.9750, F1: 0.9752, Time: 4.54s
      -> [LinearSVC + Magnitude_Warping @ 10x] Acc: 0.9417, F1: 0.9416, Time: 147.40s
      -> [LogisticRegression + Magnitude_Warping @ 10x] Acc: 0.9300, F1: 0.9311, Time: 0.34s
      -> [RNN + Magnitude_Warping @ 10x] Acc: 1.0000, F1: 1.0000, Time: 1.84s
    [=== Generating 2x synthetic data with Time_Warping ===]
      -> [KNN + Time_Warping @ 2x] Acc: 0.9433, F1: 0.9439, Time: 0.03s
      -> [RandomForest + Time_Warping @ 2x] Acc: 0.9300, F1: 0.9311, Time: 0.68s
      -> [LinearSVC + Time_Warping @ 2x] Acc: 0.8117, F1: 0.8053, Time: 7.23s
      -> [LogisticRegression + Time_Warping @ 2x] Acc: 0.8267, F1: 0.8291, Time: 0.03s
      -> [RNN + Time_Warping @ 2x] Acc: 0.8333, F1: 0.7667, Time: 0.44s
    [=== Generating 3x synthetic data with Time_Warping ===]
      -> [KNN + Time_Warping @ 3x] Acc: 0.9417, F1: 0.9422, Time: 0.04s
      -> [RandomForest + Time_Warping @ 3x] Acc: 0.9217, F1: 0.9229, Time: 1.17s
      -> [LinearSVC + Time_Warping @ 3x] Acc: 0.8500, F1: 0.8424, Time: 12.53s
      -> [LogisticRegression + Time_Warping @ 3x] Acc: 0.8533, F1: 0.8546, Time: 0.05s
      -> [RNN + Time_Warping @ 3x] Acc: 1.0000, F1: 1.0000, Time: 0.69s
    [=== Generating 5x synthetic data with Time_Warping ===]
      -> [KNN + Time_Warping @ 5x] Acc: 0.9400, F1: 0.9406, Time: 0.06s
      -> [RandomForest + Time_Warping @ 5x] Acc: 0.9333, F1: 0.9345, Time: 2.09s
      -> [LinearSVC + Time_Warping @ 5x] Acc: 0.8367, F1: 0.8235, Time: 46.18s
      -> [LogisticRegression + Time_Warping @ 5x] Acc: 0.8567, F1: 0.8566, Time: 0.08s
      -> [RNN + Time_Warping @ 5x] Acc: 1.0000, F1: 1.0000, Time: 1.09s
    [=== Generating 10x synthetic data with Time_Warping ===]
      -> [KNN + Time_Warping @ 10x] Acc: 0.9150, F1: 0.9159, Time: 0.15s
      -> [RandomForest + Time_Warping @ 10x] Acc: 0.9150, F1: 0.9167, Time: 4.81s
      -> [LinearSVC + Time_Warping @ 10x] Acc: 0.8617, F1: 0.8510, Time: 229.69s
      -> [LogisticRegression + Time_Warping @ 10x] Acc: 0.8617, F1: 0.8621, Time: 0.16s
      -> [RNN + Time_Warping @ 10x] Acc: 1.0000, F1: 1.0000, Time: 1.37s
    [=== Generating 2x synthetic data with SMOTE ===]
      -> [KNN + SMOTE @ 2x] Acc: 0.9433, F1: 0.9439, Time: 0.02s
      -> [RandomForest + SMOTE @ 2x] Acc: 0.9067, F1: 0.9083, Time: 0.69s
      -> [LinearSVC + SMOTE @ 2x] Acc: 0.9583, F1: 0.9586, Time: 4.70s
      -> [LogisticRegression + SMOTE @ 2x] Acc: 0.9267, F1: 0.9275, Time: 0.10s
      -> [RNN + SMOTE @ 2x] Acc: 0.8333, F1: 0.7667, Time: 0.34s
    [=== Generating 3x synthetic data with SMOTE ===]
      -> [KNN + SMOTE @ 3x] Acc: 0.9517, F1: 0.9521, Time: 0.02s
      -> [RandomForest + SMOTE @ 3x] Acc: 0.9150, F1: 0.9166, Time: 1.08s
      -> [LinearSVC + SMOTE @ 3x] Acc: 0.9700, F1: 0.9702, Time: 8.25s
      -> [LogisticRegression + SMOTE @ 3x] Acc: 0.9450, F1: 0.9455, Time: 0.18s
      -> [RNN + SMOTE @ 3x] Acc: 0.8333, F1: 0.7667, Time: 0.58s
    [=== Generating 5x synthetic data with SMOTE ===]
      -> [KNN + SMOTE @ 5x] Acc: 0.9550, F1: 0.9554, Time: 0.04s
      -> [RandomForest + SMOTE @ 5x] Acc: 0.9417, F1: 0.9399, Time: 1.93s
      -> [LinearSVC + SMOTE @ 5x] Acc: 0.9700, F1: 0.9701, Time: 34.25s
      -> [LogisticRegression + SMOTE @ 5x] Acc: 0.9433, F1: 0.9439, Time: 0.36s
      -> [RNN + SMOTE @ 5x] Acc: 1.0000, F1: 1.0000, Time: 0.96s
    [=== Generating 10x synthetic data with SMOTE ===]
      -> [KNN + SMOTE @ 10x] Acc: 0.9717, F1: 0.9718, Time: 0.10s
      -> [RandomForest + SMOTE @ 10x] Acc: 0.8817, F1: 0.8805, Time: 4.53s
      -> [LinearSVC + SMOTE @ 10x] Acc: 0.9750, F1: 0.9751, Time: 113.60s
      -> [LogisticRegression + SMOTE @ 10x] Acc: 0.9517, F1: 0.9520, Time: 0.72s
      -> [RNN + SMOTE @ 10x] Acc: 1.0000, F1: 1.0000, Time: 1.64s
    [=== Generating 2x synthetic data with ADASYN ===]
      -> [KNN + ADASYN @ 2x] Acc: 0.9367, F1: 0.9374, Time: 0.02s
      -> [RandomForest + ADASYN @ 2x] Acc: 0.9150, F1: 0.9164, Time: 0.81s
      -> [LinearSVC + ADASYN @ 2x] Acc: 0.9750, F1: 0.9751, Time: 5.15s
      -> [LogisticRegression + ADASYN @ 2x] Acc: 0.9400, F1: 0.9406, Time: 0.11s
      -> [RNN + ADASYN @ 2x] Acc: 0.8333, F1: 0.7667, Time: 0.39s
    [=== Generating 3x synthetic data with ADASYN ===]
      -> [KNN + ADASYN @ 3x] Acc: 0.9500, F1: 0.9505, Time: 0.02s
      -> [RandomForest + ADASYN @ 3x] Acc: 0.9067, F1: 0.9082, Time: 0.93s
      -> [LinearSVC + ADASYN @ 3x] Acc: 0.9750, F1: 0.9751, Time: 7.86s
      -> [LogisticRegression + ADASYN @ 3x] Acc: 0.9383, F1: 0.9389, Time: 0.20s
      -> [RNN + ADASYN @ 3x] Acc: 0.8333, F1: 0.7667, Time: 0.46s
    [=== Generating 5x synthetic data with ADASYN ===]
      -> [KNN + ADASYN @ 5x] Acc: 0.9600, F1: 0.9603, Time: 0.04s
      -> [RandomForest + ADASYN @ 5x] Acc: 0.9017, F1: 0.9025, Time: 1.82s
      -> [LinearSVC + ADASYN @ 5x] Acc: 0.9783, F1: 0.9784, Time: 18.35s
      -> [LogisticRegression + ADASYN @ 5x] Acc: 0.9450, F1: 0.9455, Time: 0.26s
      -> [RNN + ADASYN @ 5x] Acc: 0.8333, F1: 0.7667, Time: 0.62s
    [=== Generating 10x synthetic data with ADASYN ===]
      -> [KNN + ADASYN @ 10x] Acc: 0.9750, F1: 0.9752, Time: 0.05s
      -> [RandomForest + ADASYN @ 10x] Acc: 0.9150, F1: 0.9150, Time: 4.36s
      -> [LinearSVC + ADASYN @ 10x] Acc: 0.9833, F1: 0.9834, Time: 105.84s
      -> [LogisticRegression + ADASYN @ 10x] Acc: 0.9567, F1: 0.9570, Time: 0.87s
      -> [RNN + ADASYN @ 10x] Acc: 0.8333, F1: 0.7667, Time: 1.64s
    [=== Generating 2x synthetic data with Mixup ===]
      -> [KNN + Mixup @ 2x] Acc: 0.9450, F1: 0.9455, Time: 0.02s
      -> [RandomForest + Mixup @ 2x] Acc: 0.9150, F1: 0.9165, Time: 0.66s
      -> [LinearSVC + Mixup @ 2x] Acc: 0.9233, F1: 0.9241, Time: 4.77s
      -> [LogisticRegression + Mixup @ 2x] Acc: 0.9200, F1: 0.9209, Time: 0.09s
      -> [RNN + Mixup @ 2x] Acc: 0.8333, F1: 0.7667, Time: 0.32s
    [=== Generating 3x synthetic data with Mixup ===]
      -> [KNN + Mixup @ 3x] Acc: 0.9350, F1: 0.9356, Time: 0.02s
      -> [RandomForest + Mixup @ 3x] Acc: 0.9367, F1: 0.9378, Time: 0.97s
      -> [LinearSVC + Mixup @ 3x] Acc: 0.9017, F1: 0.9026, Time: 7.89s
      -> [LogisticRegression + Mixup @ 3x] Acc: 0.8867, F1: 0.8877, Time: 0.20s
      -> [RNN + Mixup @ 3x] Acc: 0.8333, F1: 0.7667, Time: 0.43s
    [=== Generating 5x synthetic data with Mixup ===]
      -> [KNN + Mixup @ 5x] Acc: 0.9467, F1: 0.9471, Time: 0.05s
      -> [RandomForest + Mixup @ 5x] Acc: 0.9400, F1: 0.9406, Time: 1.72s
      -> [LinearSVC + Mixup @ 5x] Acc: 0.9333, F1: 0.9340, Time: 19.03s
      -> [LogisticRegression + Mixup @ 5x] Acc: 0.9233, F1: 0.9241, Time: 0.25s
      -> [RNN + Mixup @ 5x] Acc: 1.0000, F1: 1.0000, Time: 0.80s
    [=== Generating 10x synthetic data with Mixup ===]
      -> [KNN + Mixup @ 10x] Acc: 0.9500, F1: 0.9504, Time: 0.09s
      -> [RandomForest + Mixup @ 10x] Acc: 0.9050, F1: 0.9055, Time: 3.77s
      -> [LinearSVC + Mixup @ 10x] Acc: 0.9350, F1: 0.9356, Time: 110.59s
      -> [LogisticRegression + Mixup @ 10x] Acc: 0.9183, F1: 0.9193, Time: 0.72s
      -> [RNN + Mixup @ 10x] Acc: 1.0000, F1: 1.0000, Time: 1.59s
    [=== Generating 2x synthetic data with GMM ===]
      -> [KNN + GMM @ 2x] Acc: 0.9433, F1: 0.9439, Time: 0.02s
      -> [RandomForest + GMM @ 2x] Acc: 0.8883, F1: 0.8880, Time: 0.74s
      -> [LinearSVC + GMM @ 2x] Acc: 0.8683, F1: 0.8694, Time: 6.40s
      -> [LogisticRegression + GMM @ 2x] Acc: 0.8400, F1: 0.8407, Time: 0.09s
      -> [RNN + GMM @ 2x] Acc: 0.8333, F1: 0.7667, Time: 0.35s
    [=== Generating 3x synthetic data with GMM ===]
      -> [KNN + GMM @ 3x] Acc: 0.9433, F1: 0.9439, Time: 0.04s
      -> [RandomForest + GMM @ 3x] Acc: 0.8800, F1: 0.8793, Time: 1.35s
      -> [LinearSVC + GMM @ 3x] Acc: 0.9200, F1: 0.9208, Time: 11.64s
      -> [LogisticRegression + GMM @ 3x] Acc: 0.8733, F1: 0.8744, Time: 0.07s
      -> [RNN + GMM @ 3x] Acc: 0.8333, F1: 0.7667, Time: 0.56s
    [=== Generating 5x synthetic data with GMM ===]
      -> [KNN + GMM @ 5x] Acc: 0.9483, F1: 0.9488, Time: 0.06s
      -> [RandomForest + GMM @ 5x] Acc: 0.8867, F1: 0.8860, Time: 2.16s
      -> [LinearSVC + GMM @ 5x] Acc: 0.9300, F1: 0.9306, Time: 34.37s
      -> [LogisticRegression + GMM @ 5x] Acc: 0.8817, F1: 0.8828, Time: 0.16s
      -> [RNN + GMM @ 5x] Acc: 0.8333, F1: 0.7667, Time: 0.89s
    [=== Generating 10x synthetic data with GMM ===]
      -> [KNN + GMM @ 10x] Acc: 0.9667, F1: 0.9669, Time: 0.10s
      -> [RandomForest + GMM @ 10x] Acc: 0.8933, F1: 0.8918, Time: 5.76s
      -> [LinearSVC + GMM @ 10x] Acc: 0.9250, F1: 0.9258, Time: 212.52s
      -> [LogisticRegression + GMM @ 10x] Acc: 0.9050, F1: 0.9060, Time: 0.41s
      -> [RNN + GMM @ 10x] Acc: 1.0000, F1: 1.0000, Time: 1.85s
    [=== Generating 2x synthetic data with HMM_GMM ===]
      -> [KNN + HMM_GMM @ 2x] Acc: 0.9417, F1: 0.9422, Time: 0.02s
      -> [RandomForest + HMM_GMM @ 2x] Acc: 0.8850, F1: 0.8864, Time: 0.55s
      -> [LinearSVC + HMM_GMM @ 2x] Acc: 0.8217, F1: 0.8182, Time: 7.08s
      -> [LogisticRegression + HMM_GMM @ 2x] Acc: 0.8650, F1: 0.8683, Time: 0.03s
      -> [RNN + HMM_GMM @ 2x] Acc: 0.8333, F1: 0.7667, Time: 0.29s
    [=== Generating 3x synthetic data with HMM_GMM ===]
      -> [KNN + HMM_GMM @ 3x] Acc: 0.9417, F1: 0.9422, Time: 0.03s
      -> [RandomForest + HMM_GMM @ 3x] Acc: 0.9200, F1: 0.9192, Time: 0.74s
      -> [LinearSVC + HMM_GMM @ 3x] Acc: 0.7883, F1: 0.7637, Time: 12.17s
      -> [LogisticRegression + HMM_GMM @ 3x] Acc: 0.8550, F1: 0.8584, Time: 0.04s
      -> [RNN + HMM_GMM @ 3x] Acc: 0.8333, F1: 0.7667, Time: 0.55s
    [=== Generating 5x synthetic data with HMM_GMM ===]
      -> [KNN + HMM_GMM @ 5x] Acc: 0.9417, F1: 0.9422, Time: 0.04s
      -> [RandomForest + HMM_GMM @ 5x] Acc: 0.9067, F1: 0.9080, Time: 0.88s
      -> [LinearSVC + HMM_GMM @ 5x] Acc: 0.7750, F1: 0.7255, Time: 36.27s
      -> [LogisticRegression + HMM_GMM @ 5x] Acc: 0.8633, F1: 0.8665, Time: 0.08s
      -> [RNN + HMM_GMM @ 5x] Acc: 1.0000, F1: 1.0000, Time: 0.84s
    [=== Generating 10x synthetic data with HMM_GMM ===]
      -> [KNN + HMM_GMM @ 10x] Acc: 0.9417, F1: 0.9422, Time: 0.08s
      -> [RandomForest + HMM_GMM @ 10x] Acc: 0.8967, F1: 0.8980, Time: 1.25s
      -> [LinearSVC + HMM_GMM @ 10x] Acc: 0.7833, F1: 0.7210, Time: 211.94s
      -> [LogisticRegression + HMM_GMM @ 10x] Acc: 0.8667, F1: 0.8694, Time: 0.15s
      -> [RNN + HMM_GMM @ 10x] Acc: 1.0000, F1: 1.0000, Time: 1.52s
    [=== Generating 2x synthetic data with TimeVAE ===]
      -> [KNN + TimeVAE @ 2x] Acc: 0.9433, F1: 0.9439, Time: 0.02s
      -> [RandomForest + TimeVAE @ 2x] Acc: 0.9633, F1: 0.9629, Time: 0.61s
      -> [LinearSVC + TimeVAE @ 2x] Acc: 0.9333, F1: 0.9339, Time: 4.93s
      -> [LogisticRegression + TimeVAE @ 2x] Acc: 0.9183, F1: 0.9191, Time: 0.06s
      -> [RNN + TimeVAE @ 2x] Acc: 0.8333, F1: 0.7667, Time: 0.31s
    [=== Generating 3x synthetic data with TimeVAE ===]
      -> [KNN + TimeVAE @ 3x] Acc: 0.9433, F1: 0.9439, Time: 0.02s
      -> [RandomForest + TimeVAE @ 3x] Acc: 0.9733, F1: 0.9727, Time: 1.01s
      -> [LinearSVC + TimeVAE @ 3x] Acc: 0.9683, F1: 0.9683, Time: 8.15s
      -> [LogisticRegression + TimeVAE @ 3x] Acc: 0.9300, F1: 0.9306, Time: 0.10s
      -> [RNN + TimeVAE @ 3x] Acc: 0.8333, F1: 0.7667, Time: 0.62s
    [=== Generating 5x synthetic data with TimeVAE ===]
      -> [KNN + TimeVAE @ 5x] Acc: 0.9417, F1: 0.9422, Time: 0.04s
      -> [RandomForest + TimeVAE @ 5x] Acc: 0.9733, F1: 0.9733, Time: 1.96s
      -> [LinearSVC + TimeVAE @ 5x] Acc: 0.9567, F1: 0.9565, Time: 16.13s
      -> [LogisticRegression + TimeVAE @ 5x] Acc: 0.9100, F1: 0.9108, Time: 0.18s
      -> [RNN + TimeVAE @ 5x] Acc: 0.8333, F1: 0.7667, Time: 0.97s
    [=== Generating 10x synthetic data with TimeVAE ===]
      -> [KNN + TimeVAE @ 10x] Acc: 0.9433, F1: 0.9439, Time: 0.08s
      -> [RandomForest + TimeVAE @ 10x] Acc: 0.9633, F1: 0.9629, Time: 4.18s
      -> [LinearSVC + TimeVAE @ 10x] Acc: 0.9567, F1: 0.9561, Time: 79.41s
      -> [LogisticRegression + TimeVAE @ 10x] Acc: 0.9200, F1: 0.9206, Time: 0.47s
      -> [RNN + TimeVAE @ 10x] Acc: 1.0000, F1: 1.0000, Time: 1.73s

    >> Seed Fold Selection: 5/10
    Evaluating Model: KNN
      -> [Baseline] Acc: 0.9517, F1: 0.9521, Time: 0.01s
      HP Tuning KNN...
n_iterations: 3
n_required_iterations: 3
n_possible_iterations: 5
min_resources_: 30
max_resources_: 4600
aggressive_elimination: False
factor: 3
----------
iter: 0
n_candidates: 20
n_resources: 30
Fitting 5 folds for each of 20 candidates, totalling 100 fits
Windows fatal exception: code 0xc0000139

Thread 0x00002620 (most recent call first):
  File "<frozen importlib._bootstrap>", line 488 in _call_with_frames_removed
  File "<frozen importlib._bootstrap_external>", line 1321 in create_module
  File "<frozen importlib._bootstrap>", line 813 in module_from_spec
  File "<frozen importlib._bootstrap>", line 921 in _load_unlocked
  File "<frozen importlib._bootstrap>", line 1331 in _find_and_load_unlocked
  File "<frozen importlib._bootstrap>", line 1360 in _find_and_load
  File "c:\ProgramData\anaconda3\Lib\site-packages\gmpy2\__init__.py", line 1 in <module>
  File "<frozen importlib._bootstrap>", line 488 in _call_with_frames_removed
  File "<frozen importlib._bootstrap_external>", line 1027 in exec_module
  File "<frozen importlib._bootstrap>", line 935 in _load_unlocked
  File "<frozen importlib._bootstrap>", line 1331 in _find_and_load_unlocked
  File "<frozen importlib._bootstrap>", line 1360 in _find_and_load
  File "c:\ProgramData\anaconda3\Lib\site-packages\mpmath\libmp\backend.py", line 70 in <module>
  File "<frozen importlib._bootstrap>", line 488 in _call_with_frames_removed
  File "<frozen importlib._bootstrap_external>", line 1027 in exec_module
  File "<frozen importlib._bootstrap>", line 935 in _load_unlocked
  File "<frozen importlib._bootstrap>", line 1331 in _find_and_load_unlocked
  File "<frozen importlib._bootstrap>", line 1360 in _find_and_load
  File "c:\ProgramData\anaconda3\Lib\site-packages\mpmath\libmp\libmpf.py", line 17 in <module>
  File "<frozen importlib._bootstrap>", line 488 in _call_with_frames_removed
  File "<frozen importlib._bootstrap_external>", line 1027 in exec_module
  File "<frozen importlib._bootstrap>", line 935 in _load_unlocked
  File "<frozen importlib._bootstrap>", line 1331 in _find_and_load_unlocked
  File "<frozen importlib._bootstrap>", line 1360 in _find_and_load
  File "c:\ProgramData\anaconda3\Lib\site-packages\mpmath\libmp\__init__.py", line 1 in <module>
  File "<frozen importlib._bootstrap>", line 488 in _call_with_frames_removed
  File "<frozen importlib._bootstrap_external>", line 1027 in exec_module
  File "<frozen importlib._bootstrap>", line 935 in _load_unlocked
  File "<frozen importlib._bootstrap>", line 1331 in _find_and_load_unlocked
  File "<frozen importlib._bootstrap>", line 1360 in _find_and_load
  File "<frozen importlib._bootstrap>", line 488 in _call_with_frames_removed
  File "<frozen importlib._bootstrap>", line 1310 in _find_and_load_unlocked
  File "<frozen importlib._bootstrap>", line 1360 in _find_and_load
  File "c:\ProgramData\anaconda3\Lib\site-packages\mpmath\ctx_base.py", line 3 in <module>
  File "<frozen importlib._bootstrap>", line 488 in _call_with_frames_removed
  File "<frozen importlib._bootstrap_external>", line 1027 in exec_module
  File "<frozen importlib._bootstrap>", line 935 in _load_unlocked
  File "<frozen importlib._bootstrap>", line 1331 in _find_and_load_unlocked
  File "<frozen importlib._bootstrap>", line 1360 in _find_and_load
  File "c:\ProgramData\anaconda3\Lib\site-packages\mpmath\ctx_fp.py", line 1 in <module>
  File "<frozen importlib._bootstrap>", line 488 in _call_with_frames_removed
  File "<frozen importlib._bootstrap_external>", line 1027 in exec_module
  File "<frozen importlib._bootstrap>", line 935 in _load_unlocked
  File "<frozen importlib._bootstrap>", line 1331 in _find_and_load_unlocked
  File "<frozen importlib._bootstrap>", line 1360 in _find_and_load
  File "c:\ProgramData\anaconda3\Lib\site-packages\mpmath\__init__.py", line 5 in <module>
  File "<frozen importlib._bootstrap>", line 488 in _call_with_frames_removed
  File "<frozen importlib._bootstrap_external>", line 1027 in exec_module
  File "<frozen importlib._bootstrap>", line 935 in _load_unlocked
  File "<frozen importlib._bootstrap>", line 1331 in _find_and_load_unlocked
  File "<frozen importlib._bootstrap>", line 1360 in _find_and_load
  File "c:\ProgramData\anaconda3\Lib\site-packages\sympy\__init__.py", line 23 in <module>
  File "<frozen importlib._bootstrap>", line 488 in _call_with_frames_removed
  File "<frozen importlib._bootstrap_external>", line 1027 in exec_module
  File "<frozen importlib._bootstrap>", line 935 in _load_unlocked
  File "<frozen importlib._bootstrap>", line 1331 in _find_and_load_unlocked
  File "<frozen importlib._bootstrap>", line 1360 in _find_and_load
  File "<frozen importlib._bootstrap>", line 488 in _call_with_frames_removed
  File "<frozen importlib._bootstrap>", line 1310 in _find_and_load_unlocked
  File "<frozen importlib._bootstrap>", line 1360 in _find_and_load
  File "<frozen importlib._bootstrap>", line 488 in _call_with_frames_removed
  File "<frozen importlib._bootstrap>", line 1310 in _find_and_load_unlocked
  File "<frozen importlib._bootstrap>", line 1360 in _find_and_load
  File "c:\ProgramData\anaconda3\Lib\multiprocessing\queues.py", line 120 in get
  File "c:\ProgramData\anaconda3\Lib\site-packages\joblib\externals\loky\process_executor.py", line 453 in _process_worker
  File "c:\ProgramData\anaconda3\Lib\multiprocessing\process.py", line 108 in run
  File "c:\ProgramData\anaconda3\Lib\multiprocessing\process.py", line 313 in _bootstrap
  File "c:\ProgramData\anaconda3\Lib\site-packages\joblib\externals\loky\backend\popen_loky_win32.py", line 172 in main
  File "<string>", line 1 in <module>
Windows fatal exception: code 0xc0000139

Thread 0x000018f8 (most recent call first):
  File "<frozen importlib._bootstrap>", line 488 in _call_with_frames_removed
  File "<frozen importlib._bootstrap_external>", line 1321 in create_module
  File "<frozen importlib._bootstrap>", line 813 in module_from_spec
  File "<frozen importlib._bootstrap>", line 921 in _load_unlocked
  File "<frozen importlib._bootstrap>", line 1331 in _find_and_load_unlocked
  File "<frozen importlib._bootstrap>", line 1360 in _find_and_load
  File "c:\ProgramData\anaconda3\Lib\site-packages\gmpy2\__init__.py", line 1 in <module>
  File "<frozen importlib._bootstrap>", line 488 in _call_with_frames_removed
  File "<frozen importlib._bootstrap_external>", line 1027 in exec_module
  File "<frozen importlib._bootstrap>", line 935 in _load_unlocked
  File "<frozen importlib._bootstrap>", line 1331 in _find_and_load_unlocked
  File "<frozen importlib._bootstrap>", line 1360 in _find_and_load
  File "c:\ProgramData\anaconda3\Lib\site-packages\mpmath\libmp\backend.py", line 70 in <module>
  File "<frozen importlib._bootstrap>", line 488 in _call_with_frames_removed
  File "<frozen importlib._bootstrap_external>", line 1027 in exec_module
  File "<frozen importlib._bootstrap>", line 935 in _load_unlocked
  File "<frozen importlib._bootstrap>", line 1331 in _find_and_load_unlocked
  File "<frozen importlib._bootstrap>", line 1360 in _find_and_load
  File "c:\ProgramData\anaconda3\Lib\site-packages\mpmath\libmp\libmpf.py", line 17 in <module>
  File "<frozen importlib._bootstrap>", line 488 in _call_with_frames_removed
  File "<frozen importlib._bootstrap_external>", line 1027 in exec_module
  File "<frozen importlib._bootstrap>", line 935 in _load_unlocked
  File "<frozen importlib._bootstrap>", line 1331 in _find_and_load_unlocked
  File "<frozen importlib._bootstrap>", line 1360 in _find_and_load
  File "c:\ProgramData\anaconda3\Lib\site-packages\mpmath\libmp\__init__.py", line 1 in <module>
  File "<frozen importlib._bootstrap>", line 488 in _call_with_frames_removed
  File "<frozen importlib._bootstrap_external>", line 1027 in exec_module
  File "<frozen importlib._bootstrap>", line 935 in _load_unlocked
  File "<frozen importlib._bootstrap>", line 1331 in _find_and_load_unlocked
  File "<frozen importlib._bootstrap>", line 1360 in _find_and_load
  File "<frozen importlib._bootstrap>", line 488 in _call_with_frames_removed
  File "<frozen importlib._bootstrap>", line 1310 in _find_and_load_unlocked
  File "<frozen importlib._bootstrap>", line 1360 in _find_and_load
  File "c:\ProgramData\anaconda3\Lib\site-packages\mpmath\ctx_base.py", line 3 in <module>
  File "<frozen importlib._bootstrap>", line 488 in _call_with_frames_removed
  File "<frozen importlib._bootstrap_external>", line 1027 in exec_module
  File "<frozen importlib._bootstrap>", line 935 in _load_unlocked
  File "<frozen importlib._bootstrap>", line 1331 in _find_and_load_unlocked
  File "<frozen importlib._bootstrap>", line 1360 in _find_and_load
  File "c:\ProgramData\anaconda3\Lib\site-packages\mpmath\ctx_fp.py", line 1 in <module>
  File "<frozen importlib._bootstrap>", line 488 in _call_with_frames_removed
  File "<frozen importlib._bootstrap_external>", line 1027 in exec_module
  File "<frozen importlib._bootstrap>", line 935 in _load_unlocked
  File "<frozen importlib._bootstrap>", line 1331 in _find_and_load_unlocked
  File "<frozen importlib._bootstrap>", line 1360 in _find_and_load
  File "c:\ProgramData\anaconda3\Lib\site-packages\mpmath\__init__.py", line 5 in <module>
  File "<frozen importlib._bootstrap>", line 488 in _call_with_frames_removed
  File "<frozen importlib._bootstrap_external>", line 1027 in exec_module
  File "<frozen importlib._bootstrap>", line 935 in _load_unlocked
  File "<frozen importlib._bootstrap>", line 1331 in _find_and_load_unlocked
  File "<frozen importlib._bootstrap>", line 1360 in _find_and_load
  File "c:\ProgramData\anaconda3\Lib\site-packages\sympy\__init__.py", line 23 in <module>
  File "<frozen importlib._bootstrap>", line 488 in _call_with_frames_removed
  File "<frozen importlib._bootstrap_external>", line 1027 in exec_module
  File "<frozen importlib._bootstrap>", line 935 in _load_unlocked
  File "<frozen importlib._bootstrap>", line 1331 in _find_and_load_unlocked
  File "<frozen importlib._bootstrap>", line 1360 in _find_and_load
  File "<frozen importlib._bootstrap>", line 488 in _call_with_frames_removed
  File "<frozen importlib._bootstrap>", line 1310 in _find_and_load_unlocked
  File "<frozen importlib._bootstrap>", line 1360 in _find_and_load
  File "<frozen importlib._bootstrap>", line 488 in _call_with_frames_removed
  File "<frozen importlib._bootstrap>", line 1310 in _find_and_load_unlocked
  File "<frozen importlib._bootstrap>", line 1360 in _find_and_load
  File "c:\ProgramData\anaconda3\Lib\multiprocessing\queues.py", line 120 in get
  File "c:\ProgramData\anaconda3\Lib\site-packages\joblib\externals\loky\process_executor.py", line 453 in _process_worker
  File "c:\ProgramData\anaconda3\Lib\multiprocessing\process.py", line 108 in run
  File "c:\ProgramData\anaconda3\Lib\multiprocessing\process.py", line 313 in _bootstrap
  File "c:\ProgramData\anaconda3\Lib\site-packages\joblib\externals\loky\backend\popen_loky_win32.py", line 172 in main
  File "<string>", line 1 in <module>
Windows fatal exception: code 0xc0000139

Thread 0x00002620 (most recent call first):
  File "<frozen importlib._bootstrap>", line 488 in _call_with_frames_removed
  File "<frozen importlib._bootstrap_external>", line 1321 in create_module
  File "<frozen importlib._bootstrap>", line 813 in module_from_spec
  File "<frozen importlib._bootstrap>", line 921 in _load_unlocked
  File "<frozen importlib._bootstrap>", line 1331 in _find_and_load_unlocked
  File "<frozen importlib._bootstrap>", line 1360 in _find_and_load
  File "c:\ProgramData\anaconda3\Lib\site-packages\gmpy2\__init__.py", line 1 in <module>
  File "<frozen importlib._bootstrap>", line 488 in _call_with_frames_removed
  File "<frozen importlib._bootstrap_external>", line 1027 in exec_module
  File "<frozen importlib._bootstrap>", line 935 in _load_unlocked
  File "<frozen importlib._bootstrap>", line 1331 in _find_and_load_unlocked
  File "<frozen importlib._bootstrap>", line 1360 in _find_and_load
  File "c:\ProgramData\anaconda3\Lib\site-packages\sympy\external\importtools.py", line 145 in import_module
  File "c:\ProgramData\anaconda3\Lib\site-packages\sympy\external\gmpy.py", line 139 in _get_gmpy2
  File "c:\ProgramData\anaconda3\Lib\site-packages\sympy\external\gmpy.py", line 167 in <module>
  File "<frozen importlib._bootstrap>", line 488 in _call_with_frames_removed
  File "<frozen importlib._bootstrap_external>", line 1027 in exec_module
  File "<frozen importlib._bootstrap>", line 935 in _load_unlocked
  File "<frozen importlib._bootstrap>", line 1331 in _find_and_load_unlocked
  File "<frozen importlib._bootstrap>", line 1360 in _find_and_load
  File "c:\ProgramData\anaconda3\Lib\site-packages\sympy\core\evalf.py", line 26 in <module>
  File "<frozen importlib._bootstrap>", line 488 in _call_with_frames_removed
  File "<frozen importlib._bootstrap_external>", line 1027 in exec_module
  File "<frozen importlib._bootstrap>", line 935 in _load_unlocked
  File "<frozen importlib._bootstrap>", line 1331 in _find_and_load_unlocked
  File "<frozen importlib._bootstrap>", line 1360 in _find_and_load
  File "c:\ProgramData\anaconda3\Lib\site-packages\sympy\core\expr.py", line 11 in <module>
  File "<frozen importlib._bootstrap>", line 488 in _call_with_frames_removed
  File "<frozen importlib._bootstrap_external>", line 1027 in exec_module
  File "<frozen importlib._bootstrap>", line 935 in _load_unlocked
  File "<frozen importlib._bootstrap>", line 1331 in _find_and_load_unlocked
  File "<frozen importlib._bootstrap>", line 1360 in _find_and_load
  File "c:\ProgramData\anaconda3\Lib\site-packages\sympy\core\__init__.py", line 9 in <module>
  File "<frozen importlib._bootstrap>", line 488 in _call_with_frames_removed
  File "<frozen importlib._bootstrap_external>", line 1027 in exec_module
  File "<frozen importlib._bootstrap>", line 935 in _load_unlocked
  File "<frozen importlib._bootstrap>", line 1331 in _find_and_load_unlocked
  File "<frozen importlib._bootstrap>", line 1360 in _find_and_load
  File "<frozen importlib._bootstrap>", line 488 in _call_with_frames_removed
  File "<frozen importlib._bootstrap>", line 1310 in _find_and_load_unlocked
  File "<frozen importlib._bootstrap>", line 1360 in _find_and_load
  File "c:\ProgramData\anaconda3\Lib\site-packages\sympy\__init__.py", line 31 in <module>
  File "<frozen importlib._bootstrap>", line 488 in _call_with_frames_removed
  File "<frozen importlib._bootstrap_external>", line 1027 in exec_module
  File "<frozen importlib._bootstrap>", line 935 in _load_unlocked
  File "<frozen importlib._bootstrap>", line 1331 in _find_and_load_unlocked
  File "<frozen importlib._bootstrap>", line 1360 in _find_and_load
  File "<frozen importlib._bootstrap>", line 488 in _call_with_frames_removed
  File "<frozen importlib._bootstrap>", line 1310 in _find_and_load_unlocked
  File "<frozen importlib._bootstrap>", line 1360 in _find_and_load
  File "<frozen importlib._bootstrap>", line 488 in _call_with_frames_removed
  File "<frozen importlib._bootstrap>", line 1310 in _find_and_load_unlocked
  File "<frozen importlib._bootstrap>", line 1360 in _find_and_load
  File "c:\ProgramData\anaconda3\Lib\multiprocessing\queues.py", line 120 in get
  File "c:\ProgramData\anaconda3\Lib\site-packages\joblib\externals\loky\process_executor.py", line 453 in _process_worker
  File "c:\ProgramData\anaconda3\Lib\multiprocessing\process.py", line 108 in run
  File "c:\ProgramData\anaconda3\Lib\multiprocessing\process.py", line 313 in _bootstrap
  File "c:\ProgramData\anaconda3\Lib\site-packages\joblib\externals\loky\backend\popen_loky_win32.py", line 172 in main
  File "<string>", line 1 in <module>
Windows fatal exception: code 0xc0000139

Thread 0x00006b64 (most recent call first):
  File "<frozen importlib._bootstrap>", line 488 in _call_with_frames_removed
  File "<frozen importlib._bootstrap_external>", line 1321 in create_module
  File "<frozen importlib._bootstrap>", line 813 in module_from_spec
  File "<frozen importlib._bootstrap>", line 921 in _load_unlocked
  File "<frozen importlib._bootstrap>", line 1331 in _find_and_load_unlocked
  File "<frozen importlib._bootstrap>", line 1360 in _find_and_load
  File "c:\ProgramData\anaconda3\Lib\site-packages\gmpy2\__init__.py", line 1 in <module>
  File "<frozen importlib._bootstrap>", line 488 in _call_with_frames_removed
  File "<frozen importlib._bootstrap_external>", line 1027 in exec_module
  File "<frozen importlib._bootstrap>", line 935 in _load_unlocked
  File "<frozen importlib._bootstrap>", line 1331 in _find_and_load_unlocked
  File "<frozen importlib._bootstrap>", line 1360 in _find_and_load
  File "c:\ProgramData\anaconda3\Lib\site-packages\mpmath\libmp\backend.py", line 70 in <module>
  File "<frozen importlib._bootstrap>", line 488 in _call_with_frames_removed
  File "<frozen importlib._bootstrap_external>", line 1027 in exec_module
  File "<frozen importlib._bootstrap>", line 935 in _load_unlocked
  File "<frozen importlib._bootstrap>", line 1331 in _find_and_load_unlocked
  File "<frozen importlib._bootstrap>", line 1360 in _find_and_load
  File "c:\ProgramData\anaconda3\Lib\site-packages\mpmath\libmp\libmpf.py", line 17 in <module>
  File "<frozen importlib._bootstrap>", line 488 in _call_with_frames_removed
  File "<frozen importlib._bootstrap_external>", line 1027 in exec_module
  File "<frozen importlib._bootstrap>", line 935 in _load_unlocked
  File "<frozen importlib._bootstrap>", line 1331 in _find_and_load_unlocked
  File "<frozen importlib._bootstrap>", line 1360 in _find_and_load
  File "c:\ProgramData\anaconda3\Lib\site-packages\mpmath\libmp\__init__.py", line 1 in <module>
  File "<frozen importlib._bootstrap>", line 488 in _call_with_frames_removed
  File "<frozen importlib._bootstrap_external>", line 1027 in exec_module
  File "<frozen importlib._bootstrap>", line 935 in _load_unlocked
  File "<frozen importlib._bootstrap>", line 1331 in _find_and_load_unlocked
  File "<frozen importlib._bootstrap>", line 1360 in _find_and_load
  File "<frozen importlib._bootstrap>", line 488 in _call_with_frames_removed
  File "<frozen importlib._bootstrap>", line 1310 in _find_and_load_unlocked
  File "<frozen importlib._bootstrap>", line 1360 in _find_and_load
  File "c:\ProgramData\anaconda3\Lib\site-packages\mpmath\ctx_base.py", line 3 in <module>
  File "<frozen importlib._bootstrap>", line 488 in _call_with_frames_removed
  File "<frozen importlib._bootstrap_external>", line 1027 in exec_module
  File "<frozen importlib._bootstrap>", line 935 in _load_unlocked
  File "<frozen importlib._bootstrap>", line 1331 in _find_and_load_unlocked
  File "<frozen importlib._bootstrap>", line 1360 in _find_and_load
  File "c:\ProgramData\anaconda3\Lib\site-packages\mpmath\ctx_fp.py", line 1 in <module>
  File "<frozen importlib._bootstrap>", line 488 in _call_with_frames_removed
  File "<frozen importlib._bootstrap_external>", line 1027 in exec_module
  File "<frozen importlib._bootstrap>", line 935 in _load_unlocked
  File "<frozen importlib._bootstrap>", line 1331 in _find_and_load_unlocked
  File "<frozen importlib._bootstrap>", line 1360 in _find_and_load
  File "c:\ProgramData\anaconda3\Lib\site-packages\mpmath\__init__.py", line 5 in <module>
  File "<frozen importlib._bootstrap>", line 488 in _call_with_frames_removed
  File "<frozen importlib._bootstrap_external>", line 1027 in exec_module
  File "<frozen importlib._bootstrap>", line 935 in _load_unlocked
  File "<frozen importlib._bootstrap>", line 1331 in _find_and_load_unlocked
  File "<frozen importlib._bootstrap>", line 1360 in _find_and_load
  File "c:\ProgramData\anaconda3\Lib\site-packages\sympy\__init__.py", line 23 in <module>
  File "<frozen importlib._bootstrap>", line 488 in _call_with_frames_removed
  File "<frozen importlib._bootstrap_external>", line 1027 in exec_module
  File "<frozen importlib._bootstrap>", line 935 in _load_unlocked
  File "<frozen importlib._bootstrap>", line 1331 in _find_and_load_unlocked
  File "<frozen importlib._bootstrap>", line 1360 in _find_and_load
  File "<frozen importlib._bootstrap>", line 488 in _call_with_frames_removed
  File "<frozen importlib._bootstrap>", line 1310 in _find_and_load_unlocked
  File "<frozen importlib._bootstrap>", line 1360 in _find_and_load
  File "<frozen importlib._bootstrap>", line 488 in _call_with_frames_removed
  File "<frozen importlib._bootstrap>", line 1310 in _find_and_load_unlocked
  File "<frozen importlib._bootstrap>", line 1360 in _find_and_load
  File "c:\ProgramData\anaconda3\Lib\multiprocessing\queues.py", line 120 in get
  File "c:\ProgramData\anaconda3\Lib\site-packages\joblib\externals\loky\process_executor.py", line 453 in _process_worker
  File "c:\ProgramData\anaconda3\Lib\multiprocessing\process.py", line 108 in run
  File "c:\ProgramData\anaconda3\Lib\multiprocessing\process.py", line 313 in _bootstrap
  File "c:\ProgramData\anaconda3\Lib\site-packages\joblib\externals\loky\backend\popen_loky_win32.py", line 172 in main
  File "<string>", line 1 in <module>
Windows fatal exception: code 0xc0000139

Thread 0x000018f8 (most recent call first):
  File "<frozen importlib._bootstrap>", line 488 in _call_with_frames_removed
  File "<frozen importlib._bootstrap_external>", line 1321 in create_module
  File "<frozen importlib._bootstrap>", line 813 in module_from_spec
  File "<frozen importlib._bootstrap>", line 921 in _load_unlocked
  File "<frozen importlib._bootstrap>", line 1331 in _find_and_load_unlocked
  File "<frozen importlib._bootstrap>", line 1360 in _find_and_load
  File "c:\ProgramData\anaconda3\Lib\site-packages\gmpy2\__init__.py", line 1 in <module>
  File "<frozen importlib._bootstrap>", line 488 in _call_with_frames_removed
  File "<frozen importlib._bootstrap_external>", line 1027 in exec_module
  File "<frozen importlib._bootstrap>", line 935 in _load_unlocked
  File "<frozen importlib._bootstrap>", line 1331 in _find_and_load_unlocked
  File "<frozen importlib._bootstrap>", line 1360 in _find_and_load
  File "c:\ProgramData\anaconda3\Lib\site-packages\sympy\external\importtools.py", line 145 in import_module
  File "c:\ProgramData\anaconda3\Lib\site-packages\sympy\external\gmpy.py", line 139 in _get_gmpy2
  File "c:\ProgramData\anaconda3\Lib\site-packages\sympy\external\gmpy.py", line 167 in <module>
  File "<frozen importlib._bootstrap>", line 488 in _call_with_frames_removed
  File "<frozen importlib._bootstrap_external>", line 1027 in exec_module
  File "<frozen importlib._bootstrap>", line 935 in _load_unlocked
  File "<frozen importlib._bootstrap>", line 1331 in _find_and_load_unlocked
  File "<frozen importlib._bootstrap>", line 1360 in _find_and_load
  File "c:\ProgramData\anaconda3\Lib\site-packages\sympy\core\evalf.py", line 26 in <module>
  File "<frozen importlib._bootstrap>", line 488 in _call_with_frames_removed
  File "<frozen importlib._bootstrap_external>", line 1027 in exec_module
  File "<frozen importlib._bootstrap>", line 935 in _load_unlocked
  File "<frozen importlib._bootstrap>", line 1331 in _find_and_load_unlocked
  File "<frozen importlib._bootstrap>", line 1360 in _find_and_load
  File "c:\ProgramData\anaconda3\Lib\site-packages\sympy\core\expr.py", line 11 in <module>
  File "<frozen importlib._bootstrap>", line 488 in _call_with_frames_removed
  File "<frozen importlib._bootstrap_external>", line 1027 in exec_module
  File "<frozen importlib._bootstrap>", line 935 in _load_unlocked
  File "<frozen importlib._bootstrap>", line 1331 in _find_and_load_unlocked
  File "<frozen importlib._bootstrap>", line 1360 in _find_and_load
  File "c:\ProgramData\anaconda3\Lib\site-packages\sympy\core\__init__.py", line 9 in <module>
  File "<frozen importlib._bootstrap>", line 488 in _call_with_frames_removed
  File "<frozen importlib._bootstrap_external>", line 1027 in exec_module
  File "<frozen importlib._bootstrap>", line 935 in _load_unlocked
  File "<frozen importlib._bootstrap>", line 1331 in _find_and_load_unlocked
  File "<frozen importlib._bootstrap>", line 1360 in _find_and_load
  File "<frozen importlib._bootstrap>", line 488 in _call_with_frames_removed
  File "<frozen importlib._bootstrap>", line 1310 in _find_and_load_unlocked
  File "<frozen importlib._bootstrap>", line 1360 in _find_and_load
  File "c:\ProgramData\anaconda3\Lib\site-packages\sympy\__init__.py", line 31 in <module>
  File "<frozen importlib._bootstrap>", line 488 in _call_with_frames_removed
  File "<frozen importlib._bootstrap_external>", line 1027 in exec_module
  File "<frozen importlib._bootstrap>", line 935 in _load_unlocked
  File "<frozen importlib._bootstrap>", line 1331 in _find_and_load_unlocked
  File "<frozen importlib._bootstrap>", line 1360 in _find_and_load
  File "<frozen importlib._bootstrap>", line 488 in _call_with_frames_removed
  File "<frozen importlib._bootstrap>", line 1310 in _find_and_load_unlocked
  File "<frozen importlib._bootstrap>", line 1360 in _find_and_load
  File "<frozen importlib._bootstrap>", line 488 in _call_with_frames_removed
  File "<frozen importlib._bootstrap>", line 1310 in _find_and_load_unlocked
  File "<frozen importlib._bootstrap>", line 1360 in _find_and_load
  File "c:\ProgramData\anaconda3\Lib\multiprocessing\queues.py", line 120 in get
  File "c:\ProgramData\anaconda3\Lib\site-packages\joblib\externals\loky\process_executor.py", line 453 in _process_worker
  File "c:\ProgramData\anaconda3\Lib\multiprocessing\process.py", line 108 in run
  File "c:\ProgramData\anaconda3\Lib\multiprocessing\process.py", line 313 in _bootstrap
  File "c:\ProgramData\anaconda3\Lib\site-packages\joblib\externals\loky\backend\popen_loky_win32.py", line 172 in main
  File "<string>", line 1 in <module>
Windows fatal exception: code 0xc0000139

Thread 0x00006b64 (most recent call first):
  File "<frozen importlib._bootstrap>", line 488 in _call_with_frames_removed
  File "<frozen importlib._bootstrap_external>", line 1321 in create_module
  File "<frozen importlib._bootstrap>", line 813 in module_from_spec
  File "<frozen importlib._bootstrap>", line 921 in _load_unlocked
  File "<frozen importlib._bootstrap>", line 1331 in _find_and_load_unlocked
  File "<frozen importlib._bootstrap>", line 1360 in _find_and_load
  File "c:\ProgramData\anaconda3\Lib\site-packages\gmpy2\__init__.py", line 1 in <module>
  File "<frozen importlib._bootstrap>", line 488 in _call_with_frames_removed
  File "<frozen importlib._bootstrap_external>", line 1027 in exec_module
  File "<frozen importlib._bootstrap>", line 935 in _load_unlocked
  File "<frozen importlib._bootstrap>", line 1331 in _find_and_load_unlocked
  File "<frozen importlib._bootstrap>", line 1360 in _find_and_load
  File "c:\ProgramData\anaconda3\Lib\site-packages\sympy\external\importtools.py", line 145 in import_module
  File "c:\ProgramData\anaconda3\Lib\site-packages\sympy\external\gmpy.py", line 139 in _get_gmpy2
  File "c:\ProgramData\anaconda3\Lib\site-packages\sympy\external\gmpy.py", line 167 in <module>
  File "<frozen importlib._bootstrap>", line 488 in _call_with_frames_removed
  File "<frozen importlib._bootstrap_external>", line 1027 in exec_module
  File "<frozen importlib._bootstrap>", line 935 in _load_unlocked
  File "<frozen importlib._bootstrap>", line 1331 in _find_and_load_unlocked
  File "<frozen importlib._bootstrap>", line 1360 in _find_and_load
  File "c:\ProgramData\anaconda3\Lib\site-packages\sympy\core\evalf.py", line 26 in <module>
  File "<frozen importlib._bootstrap>", line 488 in _call_with_frames_removed
  File "<frozen importlib._bootstrap_external>", line 1027 in exec_module
  File "<frozen importlib._bootstrap>", line 935 in _load_unlocked
  File "<frozen importlib._bootstrap>", line 1331 in _find_and_load_unlocked
  File "<frozen importlib._bootstrap>", line 1360 in _find_and_load
  File "c:\ProgramData\anaconda3\Lib\site-packages\sympy\core\expr.py", line 11 in <module>
  File "<frozen importlib._bootstrap>", line 488 in _call_with_frames_removed
  File "<frozen importlib._bootstrap_external>", line 1027 in exec_module
  File "<frozen importlib._bootstrap>", line 935 in _load_unlocked
  File "<frozen importlib._bootstrap>", line 1331 in _find_and_load_unlocked
  File "<frozen importlib._bootstrap>", line 1360 in _find_and_load
  File "c:\ProgramData\anaconda3\Lib\site-packages\sympy\core\__init__.py", line 9 in <module>
  File "<frozen importlib._bootstrap>", line 488 in _call_with_frames_removed
  File "<frozen importlib._bootstrap_external>", line 1027 in exec_module
  File "<frozen importlib._bootstrap>", line 935 in _load_unlocked
  File "<frozen importlib._bootstrap>", line 1331 in _find_and_load_unlocked
  File "<frozen importlib._bootstrap>", line 1360 in _find_and_load
  File "<frozen importlib._bootstrap>", line 488 in _call_with_frames_removed
  File "<frozen importlib._bootstrap>", line 1310 in _find_and_load_unlocked
  File "<frozen importlib._bootstrap>", line 1360 in _find_and_load
  File "c:\ProgramData\anaconda3\Lib\site-packages\sympy\__init__.py", line 31 in <module>
  File "<frozen importlib._bootstrap>", line 488 in _call_with_frames_removed
  File "<frozen importlib._bootstrap_external>", line 1027 in exec_module
  File "<frozen importlib._bootstrap>", line 935 in _load_unlocked
  File "<frozen importlib._bootstrap>", line 1331 in _find_and_load_unlocked
  File "<frozen importlib._bootstrap>", line 1360 in _find_and_load
  File "<frozen importlib._bootstrap>", line 488 in _call_with_frames_removed
  File "<frozen importlib._bootstrap>", line 1310 in _find_and_load_unlocked
  File "<frozen importlib._bootstrap>", line 1360 in _find_and_load
  File "<frozen importlib._bootstrap>", line 488 in _call_with_frames_removed
  File "<frozen importlib._bootstrap>", line 1310 in _find_and_load_unlocked
  File "<frozen importlib._bootstrap>", line 1360 in _find_and_load
  File "c:\ProgramData\anaconda3\Lib\multiprocessing\queues.py", line 120 in get
  File "c:\ProgramData\anaconda3\Lib\site-packages\joblib\externals\loky\process_executor.py", line 453 in _process_worker
  File "c:\ProgramData\anaconda3\Lib\multiprocessing\process.py", line 108 in run
  File "c:\ProgramData\anaconda3\Lib\multiprocessing\process.py", line 313 in _bootstrap
  File "c:\ProgramData\anaconda3\Lib\site-packages\joblib\externals\loky\backend\popen_loky_win32.py", line 172 in main
  File "<string>", line 1 in <module>
----------
iter: 1
n_candidates: 7
n_resources: 90
Fitting 5 folds for each of 7 candidates, totalling 35 fits
----------
iter: 2
n_candidates: 3
n_resources: 270
Fitting 5 folds for each of 3 candidates, totalling 15 fits
      -> [Tuned_Baseline] Acc: 0.9600, F1: 0.9603, Time: 0.00s
    Evaluating Model: RandomForest
      -> [Baseline] Acc: 0.9383, F1: 0.9393, Time: 0.76s
      HP Tuning RandomForest...
n_iterations: 3
n_required_iterations: 3
n_possible_iterations: 5
min_resources_: 30
max_resources_: 4600
aggressive_elimination: False
factor: 3
----------
iter: 0
n_candidates: 20
n_resources: 30
Fitting 5 folds for each of 20 candidates, totalling 100 fits
----------
iter: 1
n_candidates: 7
n_resources: 90
Fitting 5 folds for each of 7 candidates, totalling 35 fits
----------
iter: 2
n_candidates: 3
n_resources: 270
Fitting 5 folds for each of 3 candidates, totalling 15 fits
      -> [Tuned_Baseline] Acc: 0.9350, F1: 0.9361, Time: 0.00s
    Evaluating Model: LinearSVC
      -> [Baseline] Acc: 0.9317, F1: 0.9323, Time: 0.02s
      HP Tuning LinearSVC...
n_iterations: 3
n_required_iterations: 3
n_possible_iterations: 5
min_resources_: 30
max_resources_: 4600
aggressive_elimination: False
factor: 3
----------
iter: 0
n_candidates: 20
n_resources: 30
Fitting 5 folds for each of 20 candidates, totalling 100 fits
----------
iter: 1
n_candidates: 7
n_resources: 90
Fitting 5 folds for each of 7 candidates, totalling 35 fits
----------
iter: 2
n_candidates: 3
n_resources: 270
Fitting 5 folds for each of 3 candidates, totalling 15 fits
      -> [Tuned_Baseline] Acc: 0.9300, F1: 0.9307, Time: 0.00s
    Evaluating Model: LogisticRegression
      -> [Baseline] Acc: 0.9217, F1: 0.9224, Time: 0.04s
      HP Tuning LogisticRegression...
n_iterations: 3
n_required_iterations: 3
n_possible_iterations: 5
min_resources_: 30
max_resources_: 4600
aggressive_elimination: False
factor: 3
----------
iter: 0
n_candidates: 12
n_resources: 30
Fitting 5 folds for each of 12 candidates, totalling 60 fits
----------
iter: 1
n_candidates: 4
n_resources: 90
Fitting 5 folds for each of 4 candidates, totalling 20 fits
----------
iter: 2
n_candidates: 2
n_resources: 270
Fitting 5 folds for each of 2 candidates, totalling 10 fits
      -> [Tuned_Baseline] Acc: 0.9217, F1: 0.9224, Time: 0.00s
    Evaluating Model: RNN
      -> [Baseline] Acc: 0.8333, F1: 0.7667, Time: 0.20s
      -> [Tuned_Baseline] Acc: 0.8333, F1: 0.7667, Time: 0.00s
    [=== Generating 2x synthetic data with Jittering ===]
      -> [KNN + Jittering @ 2x] Acc: 0.9567, F1: 0.9570, Time: 0.01s
      -> [RandomForest + Jittering @ 2x] Acc: 0.9417, F1: 0.9426, Time: 0.57s
      -> [LinearSVC + Jittering @ 2x] Acc: 0.9267, F1: 0.9274, Time: 0.03s
      -> [LogisticRegression + Jittering @ 2x] Acc: 0.9133, F1: 0.9142, Time: 0.12s
      -> [RNN + Jittering @ 2x] Acc: 0.8333, F1: 0.7667, Time: 0.30s
    [=== Generating 3x synthetic data with Jittering ===]
      -> [KNN + Jittering @ 3x] Acc: 0.9550, F1: 0.9554, Time: 0.02s
      -> [RandomForest + Jittering @ 3x] Acc: 0.9583, F1: 0.9588, Time: 1.05s
      -> [LinearSVC + Jittering @ 3x] Acc: 0.9333, F1: 0.9340, Time: 0.03s
      -> [LogisticRegression + Jittering @ 3x] Acc: 0.9250, F1: 0.9257, Time: 0.14s
      -> [RNN + Jittering @ 3x] Acc: 1.0000, F1: 1.0000, Time: 0.50s
    [=== Generating 5x synthetic data with Jittering ===]
      -> [KNN + Jittering @ 5x] Acc: 0.9567, F1: 0.9570, Time: 0.02s
      -> [RandomForest + Jittering @ 5x] Acc: 0.9567, F1: 0.9572, Time: 1.72s
      -> [LinearSVC + Jittering @ 5x] Acc: 0.9333, F1: 0.9340, Time: 0.06s
      -> [LogisticRegression + Jittering @ 5x] Acc: 0.9217, F1: 0.9224, Time: 0.34s
      -> [RNN + Jittering @ 5x] Acc: 1.0000, F1: 1.0000, Time: 0.78s
    [=== Generating 10x synthetic data with Jittering ===]
      -> [KNN + Jittering @ 10x] Acc: 0.9583, F1: 0.9587, Time: 0.07s
      -> [RandomForest + Jittering @ 10x] Acc: 0.9467, F1: 0.9475, Time: 4.03s
      -> [LinearSVC + Jittering @ 10x] Acc: 0.9333, F1: 0.9340, Time: 0.23s
      -> [LogisticRegression + Jittering @ 10x] Acc: 0.9217, F1: 0.9224, Time: 0.60s
      -> [RNN + Jittering @ 10x] Acc: 1.0000, F1: 1.0000, Time: 1.51s
    [=== Generating 2x synthetic data with Scaling ===]
      -> [KNN + Scaling @ 2x] Acc: 0.9583, F1: 0.9587, Time: 0.02s
      -> [RandomForest + Scaling @ 2x] Acc: 0.9150, F1: 0.9163, Time: 0.74s
      -> [LinearSVC + Scaling @ 2x] Acc: 0.9367, F1: 0.9372, Time: 0.03s
      -> [LogisticRegression + Scaling @ 2x] Acc: 0.9133, F1: 0.9142, Time: 0.08s
      -> [RNN + Scaling @ 2x] Acc: 1.0000, F1: 1.0000, Time: 0.40s
    [=== Generating 3x synthetic data with Scaling ===]
      -> [KNN + Scaling @ 3x] Acc: 0.9550, F1: 0.9554, Time: 0.02s
      -> [RandomForest + Scaling @ 3x] Acc: 0.9383, F1: 0.9389, Time: 1.13s
      -> [LinearSVC + Scaling @ 3x] Acc: 0.8950, F1: 0.8961, Time: 0.04s
      -> [LogisticRegression + Scaling @ 3x] Acc: 0.8817, F1: 0.8827, Time: 0.14s
      -> [RNN + Scaling @ 3x] Acc: 1.0000, F1: 1.0000, Time: 0.64s
    [=== Generating 5x synthetic data with Scaling ===]
      -> [KNN + Scaling @ 5x] Acc: 0.9533, F1: 0.9537, Time: 0.02s
      -> [RandomForest + Scaling @ 5x] Acc: 0.9583, F1: 0.9588, Time: 1.92s
      -> [LinearSVC + Scaling @ 5x] Acc: 0.9183, F1: 0.9191, Time: 0.05s
      -> [LogisticRegression + Scaling @ 5x] Acc: 0.8750, F1: 0.8760, Time: 0.18s
      -> [RNN + Scaling @ 5x] Acc: 1.0000, F1: 1.0000, Time: 0.77s
    [=== Generating 10x synthetic data with Scaling ===]
      -> [KNN + Scaling @ 10x] Acc: 0.9600, F1: 0.9603, Time: 0.09s
      -> [RandomForest + Scaling @ 10x] Acc: 0.9600, F1: 0.9604, Time: 4.11s
      -> [LinearSVC + Scaling @ 10x] Acc: 0.9300, F1: 0.9306, Time: 0.20s
      -> [LogisticRegression + Scaling @ 10x] Acc: 0.9033, F1: 0.9045, Time: 0.46s
      -> [RNN + Scaling @ 10x] Acc: 1.0000, F1: 1.0000, Time: 1.43s
    [=== Generating 2x synthetic data with Magnitude_Warping ===]
      -> [KNN + Magnitude_Warping @ 2x] Acc: 0.9567, F1: 0.9570, Time: 0.01s
      -> [RandomForest + Magnitude_Warping @ 2x] Acc: 0.9817, F1: 0.9818, Time: 0.76s
      -> [LinearSVC + Magnitude_Warping @ 2x] Acc: 0.9317, F1: 0.9326, Time: 0.02s
      -> [LogisticRegression + Magnitude_Warping @ 2x] Acc: 0.9267, F1: 0.9274, Time: 0.07s
      -> [RNN + Magnitude_Warping @ 2x] Acc: 0.8333, F1: 0.7667, Time: 0.37s
    [=== Generating 3x synthetic data with Magnitude_Warping ===]
      -> [KNN + Magnitude_Warping @ 3x] Acc: 0.9617, F1: 0.9619, Time: 0.03s
      -> [RandomForest + Magnitude_Warping @ 3x] Acc: 0.9750, F1: 0.9752, Time: 1.02s
      -> [LinearSVC + Magnitude_Warping @ 3x] Acc: 0.9267, F1: 0.9271, Time: 0.03s
      -> [LogisticRegression + Magnitude_Warping @ 3x] Acc: 0.9267, F1: 0.9278, Time: 0.08s
      -> [RNN + Magnitude_Warping @ 3x] Acc: 1.0000, F1: 1.0000, Time: 0.48s
    [=== Generating 5x synthetic data with Magnitude_Warping ===]
      -> [KNN + Magnitude_Warping @ 5x] Acc: 0.9683, F1: 0.9685, Time: 0.04s
      -> [RandomForest + Magnitude_Warping @ 5x] Acc: 0.9867, F1: 0.9867, Time: 2.05s
      -> [LinearSVC + Magnitude_Warping @ 5x] Acc: 0.9033, F1: 0.9053, Time: 0.05s
      -> [LogisticRegression + Magnitude_Warping @ 5x] Acc: 0.9117, F1: 0.9128, Time: 0.16s
      -> [RNN + Magnitude_Warping @ 5x] Acc: 0.6667, F1: 0.6222, Time: 0.94s
    [=== Generating 10x synthetic data with Magnitude_Warping ===]
      -> [KNN + Magnitude_Warping @ 10x] Acc: 0.9617, F1: 0.9619, Time: 0.07s
      -> [RandomForest + Magnitude_Warping @ 10x] Acc: 0.9783, F1: 0.9785, Time: 4.75s
      -> [LinearSVC + Magnitude_Warping @ 10x] Acc: 0.9017, F1: 0.9037, Time: 0.21s
      -> [LogisticRegression + Magnitude_Warping @ 10x] Acc: 0.9000, F1: 0.9016, Time: 0.25s
      -> [RNN + Magnitude_Warping @ 10x] Acc: 0.8333, F1: 0.7667, Time: 1.82s
    [=== Generating 2x synthetic data with Time_Warping ===]
      -> [KNN + Time_Warping @ 2x] Acc: 0.9600, F1: 0.9603, Time: 0.02s
      -> [RandomForest + Time_Warping @ 2x] Acc: 0.9267, F1: 0.9280, Time: 0.70s
      -> [LinearSVC + Time_Warping @ 2x] Acc: 0.8333, F1: 0.8343, Time: 0.03s
      -> [LogisticRegression + Time_Warping @ 2x] Acc: 0.8567, F1: 0.8599, Time: 0.04s
      -> [RNN + Time_Warping @ 2x] Acc: 0.6667, F1: 0.5833, Time: 0.37s
    [=== Generating 3x synthetic data with Time_Warping ===]
      -> [KNN + Time_Warping @ 3x] Acc: 0.9600, F1: 0.9603, Time: 0.03s
      -> [RandomForest + Time_Warping @ 3x] Acc: 0.9333, F1: 0.9344, Time: 1.17s
      -> [LinearSVC + Time_Warping @ 3x] Acc: 0.8967, F1: 0.8863, Time: 0.04s
      -> [LogisticRegression + Time_Warping @ 3x] Acc: 0.8717, F1: 0.8727, Time: 0.07s
      -> [RNN + Time_Warping @ 3x] Acc: 1.0000, F1: 1.0000, Time: 0.65s
    [=== Generating 5x synthetic data with Time_Warping ===]
      -> [KNN + Time_Warping @ 5x] Acc: 0.9600, F1: 0.9603, Time: 0.05s
      -> [RandomForest + Time_Warping @ 5x] Acc: 0.9167, F1: 0.9177, Time: 2.14s
      -> [LinearSVC + Time_Warping @ 5x] Acc: 0.8267, F1: 0.8169, Time: 0.07s
      -> [LogisticRegression + Time_Warping @ 5x] Acc: 0.8567, F1: 0.8579, Time: 0.09s
      -> [RNN + Time_Warping @ 5x] Acc: 0.8333, F1: 0.7667, Time: 0.93s
    [=== Generating 10x synthetic data with Time_Warping ===]
      -> [KNN + Time_Warping @ 10x] Acc: 0.9567, F1: 0.9570, Time: 0.09s
      -> [RandomForest + Time_Warping @ 10x] Acc: 0.9200, F1: 0.9215, Time: 4.59s
      -> [LinearSVC + Time_Warping @ 10x] Acc: 0.8017, F1: 0.7910, Time: 0.23s
      -> [LogisticRegression + Time_Warping @ 10x] Acc: 0.8233, F1: 0.8250, Time: 0.17s
      -> [RNN + Time_Warping @ 10x] Acc: 1.0000, F1: 1.0000, Time: 1.80s
    [=== Generating 2x synthetic data with SMOTE ===]
      -> [KNN + SMOTE @ 2x] Acc: 0.9583, F1: 0.9587, Time: 0.02s
      -> [RandomForest + SMOTE @ 2x] Acc: 0.9250, F1: 0.9266, Time: 0.72s
      -> [LinearSVC + SMOTE @ 2x] Acc: 0.9233, F1: 0.9241, Time: 0.03s
      -> [LogisticRegression + SMOTE @ 2x] Acc: 0.9150, F1: 0.9160, Time: 0.13s
      -> [RNN + SMOTE @ 2x] Acc: 0.6667, F1: 0.5833, Time: 0.38s
    [=== Generating 3x synthetic data with SMOTE ===]
      -> [KNN + SMOTE @ 3x] Acc: 0.9633, F1: 0.9636, Time: 0.01s
      -> [RandomForest + SMOTE @ 3x] Acc: 0.9300, F1: 0.9314, Time: 1.03s
      -> [LinearSVC + SMOTE @ 3x] Acc: 0.9467, F1: 0.9472, Time: 0.04s
      -> [LogisticRegression + SMOTE @ 3x] Acc: 0.9383, F1: 0.9390, Time: 0.13s
      -> [RNN + SMOTE @ 3x] Acc: 0.8333, F1: 0.7667, Time: 0.65s
    [=== Generating 5x synthetic data with SMOTE ===]
      -> [KNN + SMOTE @ 5x] Acc: 0.9633, F1: 0.9636, Time: 0.03s
      -> [RandomForest + SMOTE @ 5x] Acc: 0.9550, F1: 0.9556, Time: 1.95s
      -> [LinearSVC + SMOTE @ 5x] Acc: 0.9467, F1: 0.9471, Time: 0.08s
      -> [LogisticRegression + SMOTE @ 5x] Acc: 0.9367, F1: 0.9373, Time: 0.35s
      -> [RNN + SMOTE @ 5x] Acc: 0.8333, F1: 0.7667, Time: 0.93s
    [=== Generating 10x synthetic data with SMOTE ===]
      -> [KNN + SMOTE @ 10x] Acc: 0.9733, F1: 0.9735, Time: 0.07s
      -> [RandomForest + SMOTE @ 10x] Acc: 0.9117, F1: 0.9105, Time: 4.53s
      -> [LinearSVC + SMOTE @ 10x] Acc: 0.9533, F1: 0.9537, Time: 0.29s
      -> [LogisticRegression + SMOTE @ 10x] Acc: 0.9467, F1: 0.9471, Time: 0.98s
      -> [RNN + SMOTE @ 10x] Acc: 1.0000, F1: 1.0000, Time: 1.58s
    [=== Generating 2x synthetic data with ADASYN ===]
      -> [KNN + ADASYN @ 2x] Acc: 0.9617, F1: 0.9619, Time: 0.01s
      -> [RandomForest + ADASYN @ 2x] Acc: 0.9400, F1: 0.9410, Time: 0.67s
      -> [LinearSVC + ADASYN @ 2x] Acc: 0.9650, F1: 0.9652, Time: 0.02s
      -> [LogisticRegression + ADASYN @ 2x] Acc: 0.9383, F1: 0.9389, Time: 0.11s
      -> [RNN + ADASYN @ 2x] Acc: 0.8333, F1: 0.7667, Time: 0.39s
    [=== Generating 3x synthetic data with ADASYN ===]
      -> [KNN + ADASYN @ 3x] Acc: 0.9750, F1: 0.9751, Time: 0.03s
      -> [RandomForest + ADASYN @ 3x] Acc: 0.9567, F1: 0.9560, Time: 1.22s
      -> [LinearSVC + ADASYN @ 3x] Acc: 0.9800, F1: 0.9801, Time: 0.04s
      -> [LogisticRegression + ADASYN @ 3x] Acc: 0.9567, F1: 0.9570, Time: 0.11s
      -> [RNN + ADASYN @ 3x] Acc: 0.8333, F1: 0.7667, Time: 0.60s
    [=== Generating 5x synthetic data with ADASYN ===]
      -> [KNN + ADASYN @ 5x] Acc: 0.9683, F1: 0.9685, Time: 0.04s
      -> [RandomForest + ADASYN @ 5x] Acc: 0.9033, F1: 0.9028, Time: 2.19s
      -> [LinearSVC + ADASYN @ 5x] Acc: 0.9683, F1: 0.9685, Time: 0.08s
      -> [LogisticRegression + ADASYN @ 5x] Acc: 0.9350, F1: 0.9356, Time: 0.40s
      -> [RNN + ADASYN @ 5x] Acc: 1.0000, F1: 1.0000, Time: 0.86s
    [=== Generating 10x synthetic data with ADASYN ===]
      -> [KNN + ADASYN @ 10x] Acc: 0.9667, F1: 0.9669, Time: 0.10s
      -> [RandomForest + ADASYN @ 10x] Acc: 0.9200, F1: 0.9185, Time: 4.63s
      -> [LinearSVC + ADASYN @ 10x] Acc: 0.9583, F1: 0.9586, Time: 0.23s
      -> [LogisticRegression + ADASYN @ 10x] Acc: 0.9383, F1: 0.9389, Time: 0.70s
      -> [RNN + ADASYN @ 10x] Acc: 0.8333, F1: 0.7667, Time: 1.66s
    [=== Generating 2x synthetic data with Mixup ===]
      -> [KNN + Mixup @ 2x] Acc: 0.9600, F1: 0.9603, Time: 0.02s
      -> [RandomForest + Mixup @ 2x] Acc: 0.9383, F1: 0.9394, Time: 0.71s
      -> [LinearSVC + Mixup @ 2x] Acc: 0.9250, F1: 0.9257, Time: 0.02s
      -> [LogisticRegression + Mixup @ 2x] Acc: 0.9050, F1: 0.9060, Time: 0.07s
      -> [RNN + Mixup @ 2x] Acc: 0.8333, F1: 0.7667, Time: 0.32s
    [=== Generating 3x synthetic data with Mixup ===]
      -> [KNN + Mixup @ 3x] Acc: 0.9600, F1: 0.9603, Time: 0.02s
      -> [RandomForest + Mixup @ 3x] Acc: 0.9300, F1: 0.9313, Time: 1.11s
      -> [LinearSVC + Mixup @ 3x] Acc: 0.9367, F1: 0.9372, Time: 0.04s
      -> [LogisticRegression + Mixup @ 3x] Acc: 0.9300, F1: 0.9307, Time: 0.18s
      -> [RNN + Mixup @ 3x] Acc: 1.0000, F1: 1.0000, Time: 0.62s
    [=== Generating 5x synthetic data with Mixup ===]
      -> [KNN + Mixup @ 5x] Acc: 0.9567, F1: 0.9570, Time: 0.05s
      -> [RandomForest + Mixup @ 5x] Acc: 0.9583, F1: 0.9585, Time: 1.83s
      -> [LinearSVC + Mixup @ 5x] Acc: 0.9117, F1: 0.9126, Time: 0.07s
      -> [LogisticRegression + Mixup @ 5x] Acc: 0.8967, F1: 0.8977, Time: 0.31s
      -> [RNN + Mixup @ 5x] Acc: 1.0000, F1: 1.0000, Time: 0.88s
    [=== Generating 10x synthetic data with Mixup ===]
      -> [KNN + Mixup @ 10x] Acc: 0.9783, F1: 0.9784, Time: 0.08s
      -> [RandomForest + Mixup @ 10x] Acc: 0.9367, F1: 0.9352, Time: 4.42s
      -> [LinearSVC + Mixup @ 10x] Acc: 0.9483, F1: 0.9487, Time: 0.31s
      -> [LogisticRegression + Mixup @ 10x] Acc: 0.9333, F1: 0.9341, Time: 1.03s
      -> [RNN + Mixup @ 10x] Acc: 0.6667, F1: 0.6222, Time: 1.78s
    [=== Generating 2x synthetic data with GMM ===]
      -> [KNN + GMM @ 2x] Acc: 0.9600, F1: 0.9603, Time: 0.02s
      -> [RandomForest + GMM @ 2x] Acc: 0.9017, F1: 0.9023, Time: 0.91s
      -> [LinearSVC + GMM @ 2x] Acc: 0.8783, F1: 0.8794, Time: 0.03s
      -> [LogisticRegression + GMM @ 2x] Acc: 0.8350, F1: 0.8359, Time: 0.09s
      -> [RNN + GMM @ 2x] Acc: 0.8333, F1: 0.7667, Time: 0.39s
    [=== Generating 3x synthetic data with GMM ===]
      -> [KNN + GMM @ 3x] Acc: 0.9900, F1: 0.9900, Time: 0.03s
      -> [RandomForest + GMM @ 3x] Acc: 0.8933, F1: 0.8938, Time: 1.30s
      -> [LinearSVC + GMM @ 3x] Acc: 0.9167, F1: 0.9175, Time: 0.04s
      -> [LogisticRegression + GMM @ 3x] Acc: 0.8650, F1: 0.8663, Time: 0.08s
      -> [RNN + GMM @ 3x] Acc: 0.8333, F1: 0.7667, Time: 0.59s
    [=== Generating 5x synthetic data with GMM ===]
      -> [KNN + GMM @ 5x] Acc: 0.9667, F1: 0.9669, Time: 0.04s
      -> [RandomForest + GMM @ 5x] Acc: 0.8917, F1: 0.8911, Time: 2.40s
      -> [LinearSVC + GMM @ 5x] Acc: 0.9250, F1: 0.9258, Time: 0.11s
      -> [LogisticRegression + GMM @ 5x] Acc: 0.8833, F1: 0.8848, Time: 0.16s
      -> [RNN + GMM @ 5x] Acc: 0.8333, F1: 0.7667, Time: 1.25s
    [=== Generating 10x synthetic data with GMM ===]
      -> [KNN + GMM @ 10x] Acc: 0.9917, F1: 0.9917, Time: 0.09s
      -> [RandomForest + GMM @ 10x] Acc: 0.9333, F1: 0.9312, Time: 5.90s
      -> [LinearSVC + GMM @ 10x] Acc: 0.9183, F1: 0.9195, Time: 0.23s
      -> [LogisticRegression + GMM @ 10x] Acc: 0.8983, F1: 0.8997, Time: 0.38s
      -> [RNN + GMM @ 10x] Acc: 0.6667, F1: 0.6667, Time: 2.19s
    [=== Generating 2x synthetic data with HMM_GMM ===]
      -> [KNN + HMM_GMM @ 2x] Acc: 0.9600, F1: 0.9603, Time: 0.02s
      -> [RandomForest + HMM_GMM @ 2x] Acc: 0.9117, F1: 0.9133, Time: 0.58s
      -> [LinearSVC + HMM_GMM @ 2x] Acc: 0.7917, F1: 0.7457, Time: 0.02s
      -> [LogisticRegression + HMM_GMM @ 2x] Acc: 0.8633, F1: 0.8664, Time: 0.04s
      -> [RNN + HMM_GMM @ 2x] Acc: 1.0000, F1: 1.0000, Time: 0.35s
    [=== Generating 3x synthetic data with HMM_GMM ===]
      -> [KNN + HMM_GMM @ 3x] Acc: 0.9600, F1: 0.9603, Time: 0.02s
      -> [RandomForest + HMM_GMM @ 3x] Acc: 0.8650, F1: 0.8672, Time: 0.72s
      -> [LinearSVC + HMM_GMM @ 3x] Acc: 0.7883, F1: 0.7241, Time: 0.02s
      -> [LogisticRegression + HMM_GMM @ 3x] Acc: 0.8633, F1: 0.8664, Time: 0.02s
      -> [RNN + HMM_GMM @ 3x] Acc: 1.0000, F1: 1.0000, Time: 0.50s
    [=== Generating 5x synthetic data with HMM_GMM ===]
      -> [KNN + HMM_GMM @ 5x] Acc: 0.9600, F1: 0.9603, Time: 0.04s
      -> [RandomForest + HMM_GMM @ 5x] Acc: 0.8967, F1: 0.8979, Time: 0.79s
      -> [LinearSVC + HMM_GMM @ 5x] Acc: 0.7883, F1: 0.7232, Time: 0.05s
      -> [LogisticRegression + HMM_GMM @ 5x] Acc: 0.8833, F1: 0.8863, Time: 0.08s
      -> [RNN + HMM_GMM @ 5x] Acc: 1.0000, F1: 1.0000, Time: 0.92s
    [=== Generating 10x synthetic data with HMM_GMM ===]
      -> [KNN + HMM_GMM @ 10x] Acc: 0.9600, F1: 0.9603, Time: 0.09s
      -> [RandomForest + HMM_GMM @ 10x] Acc: 0.9250, F1: 0.9259, Time: 1.31s
      -> [LinearSVC + HMM_GMM @ 10x] Acc: 0.7917, F1: 0.7259, Time: 0.17s
      -> [LogisticRegression + HMM_GMM @ 10x] Acc: 0.8850, F1: 0.8878, Time: 0.11s
      -> [RNN + HMM_GMM @ 10x] Acc: 0.6667, F1: 0.5833, Time: 1.43s
    [=== Generating 2x synthetic data with TimeVAE ===]
      -> [KNN + TimeVAE @ 2x] Acc: 0.9600, F1: 0.9603, Time: 0.01s
      -> [RandomForest + TimeVAE @ 2x] Acc: 0.9667, F1: 0.9657, Time: 0.68s
      -> [LinearSVC + TimeVAE @ 2x] Acc: 0.9600, F1: 0.9602, Time: 0.03s
      -> [LogisticRegression + TimeVAE @ 2x] Acc: 0.9283, F1: 0.9290, Time: 0.07s
      -> [RNN + TimeVAE @ 2x] Acc: 0.8333, F1: 0.7667, Time: 0.34s
    [=== Generating 3x synthetic data with TimeVAE ===]
      -> [KNN + TimeVAE @ 3x] Acc: 0.9600, F1: 0.9603, Time: 0.02s
      -> [RandomForest + TimeVAE @ 3x] Acc: 0.9683, F1: 0.9674, Time: 0.99s
      -> [LinearSVC + TimeVAE @ 3x] Acc: 0.9750, F1: 0.9750, Time: 0.04s
      -> [LogisticRegression + TimeVAE @ 3x] Acc: 0.9567, F1: 0.9569, Time: 0.12s
      -> [RNN + TimeVAE @ 3x] Acc: 0.8333, F1: 0.7667, Time: 0.58s
    [=== Generating 5x synthetic data with TimeVAE ===]
      -> [KNN + TimeVAE @ 5x] Acc: 0.9600, F1: 0.9603, Time: 0.04s
      -> [RandomForest + TimeVAE @ 5x] Acc: 0.9817, F1: 0.9816, Time: 1.79s
      -> [LinearSVC + TimeVAE @ 5x] Acc: 0.9767, F1: 0.9766, Time: 0.07s
      -> [LogisticRegression + TimeVAE @ 5x] Acc: 0.9567, F1: 0.9569, Time: 0.12s
      -> [RNN + TimeVAE @ 5x] Acc: 0.8333, F1: 0.7667, Time: 0.86s
    [=== Generating 10x synthetic data with TimeVAE ===]
      -> [KNN + TimeVAE @ 10x] Acc: 0.9600, F1: 0.9603, Time: 0.07s
      -> [RandomForest + TimeVAE @ 10x] Acc: 0.9733, F1: 0.9727, Time: 4.35s
      -> [LinearSVC + TimeVAE @ 10x] Acc: 0.9633, F1: 0.9629, Time: 0.19s
      -> [LogisticRegression + TimeVAE @ 10x] Acc: 0.9483, F1: 0.9486, Time: 0.38s
      -> [RNN + TimeVAE @ 10x] Acc: 1.0000, F1: 1.0000, Time: 1.71s
Graph saved to w:\MyGoogleDrive\ELTE\Synthetic Data Gen\New Experiment\Results\Coffee_F2_S20_performance.png

==================================================
Running experiment for Coffee
==================================================

--- Fold 3/10 ---

  >> Seed sets per label: 20

    >> Seed Fold Selection: 1/10
    Evaluating Model: KNN
      -> [Baseline] Acc: 0.9767, F1: 0.9765, Time: 0.01s
      HP Tuning KNN...
n_iterations: 3
n_required_iterations: 3
n_possible_iterations: 5
min_resources_: 30
max_resources_: 4600
aggressive_elimination: False
factor: 3
----------
iter: 0
n_candidates: 20
n_resources: 30
Fitting 5 folds for each of 20 candidates, totalling 100 fits
----------
iter: 1
n_candidates: 7
n_resources: 90
Fitting 5 folds for each of 7 candidates, totalling 35 fits
----------
iter: 2
n_candidates: 3
n_resources: 270
Fitting 5 folds for each of 3 candidates, totalling 15 fits
      -> [Tuned_Baseline] Acc: 0.9767, F1: 0.9765, Time: 0.00s
    Evaluating Model: RandomForest
      -> [Baseline] Acc: 0.9900, F1: 0.9900, Time: 0.65s
      HP Tuning RandomForest...
n_iterations: 3
n_required_iterations: 3
n_possible_iterations: 5
min_resources_: 30
max_resources_: 4600
aggressive_elimination: False
factor: 3
----------
iter: 0
n_candidates: 20
n_resources: 30
Fitting 5 folds for each of 20 candidates, totalling 100 fits
----------
iter: 1
n_candidates: 7
n_resources: 90
Fitting 5 folds for each of 7 candidates, totalling 35 fits
----------
iter: 2
n_candidates: 3
n_resources: 270
Fitting 5 folds for each of 3 candidates, totalling 15 fits
      -> [Tuned_Baseline] Acc: 0.9533, F1: 0.9538, Time: 0.01s
    Evaluating Model: LinearSVC
      -> [Baseline] Acc: 0.8600, F1: 0.8504, Time: 0.02s
      HP Tuning LinearSVC...
n_iterations: 3
n_required_iterations: 3
n_possible_iterations: 5
min_resources_: 30
max_resources_: 4600
aggressive_elimination: False
factor: 3
----------
iter: 0
n_candidates: 20
n_resources: 30
Fitting 5 folds for each of 20 candidates, totalling 100 fits
----------
iter: 1
n_candidates: 7
n_resources: 90
Fitting 5 folds for each of 7 candidates, totalling 35 fits
----------
iter: 2
n_candidates: 3
n_resources: 270
Fitting 5 folds for each of 3 candidates, totalling 15 fits
      -> [Tuned_Baseline] Acc: 0.8667, F1: 0.8582, Time: 0.00s
    Evaluating Model: LogisticRegression
      -> [Baseline] Acc: 0.8717, F1: 0.8640, Time: 0.05s
      HP Tuning LogisticRegression...
n_iterations: 3
n_required_iterations: 3
n_possible_iterations: 5
min_resources_: 30
max_resources_: 4600
aggressive_elimination: False
factor: 3
----------
iter: 0
n_candidates: 12
n_resources: 30
Fitting 5 folds for each of 12 candidates, totalling 60 fits
----------
iter: 1
n_candidates: 4
n_resources: 90
Fitting 5 folds for each of 4 candidates, totalling 20 fits
----------
iter: 2
n_candidates: 2
n_resources: 270
Fitting 5 folds for each of 2 candidates, totalling 10 fits
      -> [Tuned_Baseline] Acc: 0.8833, F1: 0.8773, Time: 0.00s
    Evaluating Model: RNN
      -> [Baseline] Acc: 0.8333, F1: 0.7667, Time: 2.02s
      -> [Tuned_Baseline] Acc: 0.8333, F1: 0.7667, Time: 0.00s
    [=== Generating 2x synthetic data with Jittering ===]
      -> [KNN + Jittering @ 2x] Acc: 0.9767, F1: 0.9765, Time: 0.02s
      -> [RandomForest + Jittering @ 2x] Acc: 0.9900, F1: 0.9900, Time: 1.27s
      -> [LinearSVC + Jittering @ 2x] Acc: 0.8600, F1: 0.8504, Time: 0.02s
      -> [LogisticRegression + Jittering @ 2x] Acc: 0.8767, F1: 0.8697, Time: 0.12s
      -> [RNN + Jittering @ 2x] Acc: 0.6667, F1: 0.5952, Time: 0.37s
    [=== Generating 3x synthetic data with Jittering ===]
      -> [KNN + Jittering @ 3x] Acc: 0.9767, F1: 0.9765, Time: 0.02s
      -> [RandomForest + Jittering @ 3x] Acc: 0.9917, F1: 0.9917, Time: 2.14s
      -> [LinearSVC + Jittering @ 3x] Acc: 0.8583, F1: 0.8484, Time: 0.05s
      -> [LogisticRegression + Jittering @ 3x] Acc: 0.8767, F1: 0.8697, Time: 0.20s
      -> [RNN + Jittering @ 3x] Acc: 0.6667, F1: 0.5417, Time: 0.49s
    [=== Generating 5x synthetic data with Jittering ===]
      -> [KNN + Jittering @ 5x] Acc: 0.9767, F1: 0.9765, Time: 0.02s
      -> [RandomForest + Jittering @ 5x] Acc: 0.9917, F1: 0.9917, Time: 3.64s
      -> [LinearSVC + Jittering @ 5x] Acc: 0.8583, F1: 0.8484, Time: 0.08s
      -> [LogisticRegression + Jittering @ 5x] Acc: 0.8767, F1: 0.8697, Time: 0.28s
      -> [RNN + Jittering @ 5x] Acc: 0.8333, F1: 0.8175, Time: 0.80s
    [=== Generating 10x synthetic data with Jittering ===]
      -> [KNN + Jittering @ 10x] Acc: 0.9767, F1: 0.9765, Time: 0.08s
      -> [RandomForest + Jittering @ 10x] Acc: 0.9967, F1: 0.9967, Time: 8.20s
      -> [LinearSVC + Jittering @ 10x] Acc: 0.8583, F1: 0.8484, Time: 0.23s
      -> [LogisticRegression + Jittering @ 10x] Acc: 0.8767, F1: 0.8697, Time: 0.81s
      -> [RNN + Jittering @ 10x] Acc: 1.0000, F1: 1.0000, Time: 1.78s
    [=== Generating 2x synthetic data with Scaling ===]
      -> [KNN + Scaling @ 2x] Acc: 0.9767, F1: 0.9765, Time: 0.03s
      -> [RandomForest + Scaling @ 2x] Acc: 0.9567, F1: 0.9570, Time: 1.49s
      -> [LinearSVC + Scaling @ 2x] Acc: 0.8567, F1: 0.8464, Time: 0.03s
      -> [LogisticRegression + Scaling @ 2x] Acc: 0.8767, F1: 0.8697, Time: 0.05s
      -> [RNN + Scaling @ 2x] Acc: 0.6667, F1: 0.5952, Time: 0.34s
    [=== Generating 3x synthetic data with Scaling ===]
      -> [KNN + Scaling @ 3x] Acc: 0.9767, F1: 0.9765, Time: 0.03s
      -> [RandomForest + Scaling @ 3x] Acc: 0.9933, F1: 0.9933, Time: 2.08s
      -> [LinearSVC + Scaling @ 3x] Acc: 0.8450, F1: 0.8324, Time: 0.05s
      -> [LogisticRegression + Scaling @ 3x] Acc: 0.8700, F1: 0.8620, Time: 0.13s
      -> [RNN + Scaling @ 3x] Acc: 0.8333, F1: 0.8175, Time: 0.58s
    [=== Generating 5x synthetic data with Scaling ===]
      -> [KNN + Scaling @ 5x] Acc: 0.9850, F1: 0.9849, Time: 0.04s
      -> [RandomForest + Scaling @ 5x] Acc: 0.9967, F1: 0.9967, Time: 3.84s
      -> [LinearSVC + Scaling @ 5x] Acc: 0.8400, F1: 0.8262, Time: 0.05s
      -> [LogisticRegression + Scaling @ 5x] Acc: 0.8650, F1: 0.8562, Time: 0.17s
      -> [RNN + Scaling @ 5x] Acc: 1.0000, F1: 1.0000, Time: 0.71s
    [=== Generating 10x synthetic data with Scaling ===]
      -> [KNN + Scaling @ 10x] Acc: 0.9783, F1: 0.9782, Time: 0.06s
      -> [RandomForest + Scaling @ 10x] Acc: 0.9967, F1: 0.9967, Time: 8.17s
      -> [LinearSVC + Scaling @ 10x] Acc: 0.8317, F1: 0.8159, Time: 0.21s
      -> [LogisticRegression + Scaling @ 10x] Acc: 0.8517, F1: 0.8404, Time: 0.56s
      -> [RNN + Scaling @ 10x] Acc: 1.0000, F1: 1.0000, Time: 1.80s
    [=== Generating 2x synthetic data with Magnitude_Warping ===]
      -> [KNN + Magnitude_Warping @ 2x] Acc: 0.9767, F1: 0.9765, Time: 0.02s
      -> [RandomForest + Magnitude_Warping @ 2x] Acc: 0.9883, F1: 0.9884, Time: 1.48s
      -> [LinearSVC + Magnitude_Warping @ 2x] Acc: 0.8300, F1: 0.8138, Time: 0.03s
      -> [LogisticRegression + Magnitude_Warping @ 2x] Acc: 0.8600, F1: 0.8504, Time: 0.06s
      -> [RNN + Magnitude_Warping @ 2x] Acc: 0.8333, F1: 0.7667, Time: 0.29s
    [=== Generating 3x synthetic data with Magnitude_Warping ===]
      -> [KNN + Magnitude_Warping @ 3x] Acc: 0.9917, F1: 0.9916, Time: 0.02s
      -> [RandomForest + Magnitude_Warping @ 3x] Acc: 0.9950, F1: 0.9950, Time: 2.18s
      -> [LinearSVC + Magnitude_Warping @ 3x] Acc: 0.8300, F1: 0.8138, Time: 0.04s
      -> [LogisticRegression + Magnitude_Warping @ 3x] Acc: 0.8683, F1: 0.8601, Time: 0.07s
      -> [RNN + Magnitude_Warping @ 3x] Acc: 0.8333, F1: 0.8175, Time: 0.42s
    [=== Generating 5x synthetic data with Magnitude_Warping ===]
      -> [KNN + Magnitude_Warping @ 5x] Acc: 0.9783, F1: 0.9782, Time: 0.04s
      -> [RandomForest + Magnitude_Warping @ 5x] Acc: 0.9967, F1: 0.9967, Time: 3.76s
      -> [LinearSVC + Magnitude_Warping @ 5x] Acc: 0.8250, F1: 0.8095, Time: 0.07s
      -> [LogisticRegression + Magnitude_Warping @ 5x] Acc: 0.8350, F1: 0.8210, Time: 0.12s
      -> [RNN + Magnitude_Warping @ 5x] Acc: 0.8333, F1: 0.8175, Time: 0.81s
    [=== Generating 10x synthetic data with Magnitude_Warping ===]
      -> [KNN + Magnitude_Warping @ 10x] Acc: 0.9917, F1: 0.9916, Time: 0.06s
      -> [RandomForest + Magnitude_Warping @ 10x] Acc: 0.9967, F1: 0.9967, Time: 8.67s
      -> [LinearSVC + Magnitude_Warping @ 10x] Acc: 0.8183, F1: 0.8022, Time: 0.15s
      -> [LogisticRegression + Magnitude_Warping @ 10x] Acc: 0.8350, F1: 0.8205, Time: 0.22s
      -> [RNN + Magnitude_Warping @ 10x] Acc: 1.0000, F1: 1.0000, Time: 1.29s
    [=== Generating 2x synthetic data with Time_Warping ===]
      -> [KNN + Time_Warping @ 2x] Acc: 0.9767, F1: 0.9765, Time: 0.02s
      -> [RandomForest + Time_Warping @ 2x] Acc: 0.9633, F1: 0.9636, Time: 1.26s
      -> [LinearSVC + Time_Warping @ 2x] Acc: 0.7950, F1: 0.7733, Time: 0.01s
      -> [LogisticRegression + Time_Warping @ 2x] Acc: 0.8217, F1: 0.8048, Time: 0.03s
      -> [RNN + Time_Warping @ 2x] Acc: 0.6667, F1: 0.5952, Time: 0.23s
    [=== Generating 3x synthetic data with Time_Warping ===]
      -> [KNN + Time_Warping @ 3x] Acc: 0.9800, F1: 0.9799, Time: 0.02s
      -> [RandomForest + Time_Warping @ 3x] Acc: 0.9283, F1: 0.9291, Time: 2.03s
      -> [LinearSVC + Time_Warping @ 3x] Acc: 0.7517, F1: 0.7314, Time: 0.03s
      -> [LogisticRegression + Time_Warping @ 3x] Acc: 0.7917, F1: 0.7766, Time: 0.02s
      -> [RNN + Time_Warping @ 3x] Acc: 0.6667, F1: 0.5952, Time: 0.42s
    [=== Generating 5x synthetic data with Time_Warping ===]
      -> [KNN + Time_Warping @ 5x] Acc: 0.9850, F1: 0.9849, Time: 0.06s
      -> [RandomForest + Time_Warping @ 5x] Acc: 0.8633, F1: 0.8649, Time: 3.54s
      -> [LinearSVC + Time_Warping @ 5x] Acc: 0.7517, F1: 0.7304, Time: 0.04s
      -> [LogisticRegression + Time_Warping @ 5x] Acc: 0.7983, F1: 0.7834, Time: 0.05s
      -> [RNN + Time_Warping @ 5x] Acc: 0.8333, F1: 0.8175, Time: 0.74s
    [=== Generating 10x synthetic data with Time_Warping ===]
      -> [KNN + Time_Warping @ 10x] Acc: 0.9833, F1: 0.9833, Time: 0.09s
      -> [RandomForest + Time_Warping @ 10x] Acc: 0.8683, F1: 0.8693, Time: 8.43s
      -> [LinearSVC + Time_Warping @ 10x] Acc: 0.7450, F1: 0.7231, Time: 0.13s
      -> [LogisticRegression + Time_Warping @ 10x] Acc: 0.7900, F1: 0.7745, Time: 0.16s
      -> [RNN + Time_Warping @ 10x] Acc: 0.8333, F1: 0.8175, Time: 1.75s
    [=== Generating 2x synthetic data with SMOTE ===]
      -> [KNN + SMOTE @ 2x] Acc: 0.9767, F1: 0.9765, Time: 0.01s
      -> [RandomForest + SMOTE @ 2x] Acc: 0.9483, F1: 0.9485, Time: 1.37s
      -> [LinearSVC + SMOTE @ 2x] Acc: 0.8300, F1: 0.8138, Time: 0.03s
      -> [LogisticRegression + SMOTE @ 2x] Acc: 0.8833, F1: 0.8773, Time: 0.13s
      -> [RNN + SMOTE @ 2x] Acc: 0.6667, F1: 0.6667, Time: 0.32s
    [=== Generating 3x synthetic data with SMOTE ===]
      -> [KNN + SMOTE @ 3x] Acc: 0.9767, F1: 0.9765, Time: 0.02s
      -> [RandomForest + SMOTE @ 3x] Acc: 0.9767, F1: 0.9767, Time: 2.08s
      -> [LinearSVC + SMOTE @ 3x] Acc: 0.8450, F1: 0.8324, Time: 0.05s
      -> [LogisticRegression + SMOTE @ 3x] Acc: 0.8850, F1: 0.8792, Time: 0.17s
      -> [RNN + SMOTE @ 3x] Acc: 0.8333, F1: 0.7667, Time: 0.56s
    [=== Generating 5x synthetic data with SMOTE ===]
      -> [KNN + SMOTE @ 5x] Acc: 0.9767, F1: 0.9765, Time: 0.05s
      -> [RandomForest + SMOTE @ 5x] Acc: 0.9667, F1: 0.9669, Time: 3.67s
      -> [LinearSVC + SMOTE @ 5x] Acc: 0.8433, F1: 0.8303, Time: 0.07s
      -> [LogisticRegression + SMOTE @ 5x] Acc: 0.8850, F1: 0.8792, Time: 0.26s
      -> [RNN + SMOTE @ 5x] Acc: 1.0000, F1: 1.0000, Time: 0.76s
    [=== Generating 10x synthetic data with SMOTE ===]
      -> [KNN + SMOTE @ 10x] Acc: 0.9767, F1: 0.9765, Time: 0.06s
      -> [RandomForest + SMOTE @ 10x] Acc: 0.9817, F1: 0.9817, Time: 8.70s
      -> [LinearSVC + SMOTE @ 10x] Acc: 0.8450, F1: 0.8324, Time: 0.20s
      -> [LogisticRegression + SMOTE @ 10x] Acc: 0.8817, F1: 0.8754, Time: 0.85s
      -> [RNN + SMOTE @ 10x] Acc: 0.8333, F1: 0.8175, Time: 1.34s
    [=== Generating 2x synthetic data with ADASYN ===]
      -> [KNN + ADASYN @ 2x] Acc: 0.9767, F1: 0.9765, Time: 0.02s
      -> [RandomForest + ADASYN @ 2x] Acc: 0.9817, F1: 0.9817, Time: 1.46s
      -> [LinearSVC + ADASYN @ 2x] Acc: 0.8833, F1: 0.8773, Time: 0.02s
      -> [LogisticRegression + ADASYN @ 2x] Acc: 0.8900, F1: 0.8848, Time: 0.12s
      -> [RNN + ADASYN @ 2x] Acc: 0.6667, F1: 0.5952, Time: 0.33s
    [=== Generating 3x synthetic data with ADASYN ===]
      -> [KNN + ADASYN @ 3x] Acc: 0.9767, F1: 0.9765, Time: 0.01s
      -> [RandomForest + ADASYN @ 3x] Acc: 0.9967, F1: 0.9967, Time: 2.11s
      -> [LinearSVC + ADASYN @ 3x] Acc: 0.8683, F1: 0.8634, Time: 0.04s
      -> [LogisticRegression + ADASYN @ 3x] Acc: 0.8867, F1: 0.8813, Time: 0.22s
      -> [RNN + ADASYN @ 3x] Acc: 0.6667, F1: 0.5952, Time: 0.53s
    [=== Generating 5x synthetic data with ADASYN ===]
      -> [KNN + ADASYN @ 5x] Acc: 0.9767, F1: 0.9765, Time: 0.03s
      -> [RandomForest + ADASYN @ 5x] Acc: 0.9850, F1: 0.9852, Time: 4.08s
      -> [LinearSVC + ADASYN @ 5x] Acc: 0.8050, F1: 0.8049, Time: 0.05s
      -> [LogisticRegression + ADASYN @ 5x] Acc: 0.8850, F1: 0.8811, Time: 0.40s
      -> [RNN + ADASYN @ 5x] Acc: 0.8333, F1: 0.8175, Time: 0.79s
    [=== Generating 10x synthetic data with ADASYN ===]
      -> [KNN + ADASYN @ 10x] Acc: 0.9767, F1: 0.9765, Time: 0.08s
      -> [RandomForest + ADASYN @ 10x] Acc: 0.9817, F1: 0.9817, Time: 10.60s
      -> [LinearSVC + ADASYN @ 10x] Acc: 0.8083, F1: 0.8096, Time: 0.27s
      -> [LogisticRegression + ADASYN @ 10x] Acc: 0.8917, F1: 0.8876, Time: 0.99s
      -> [RNN + ADASYN @ 10x] Acc: 0.8333, F1: 0.8333, Time: 1.60s
    [=== Generating 2x synthetic data with Mixup ===]
      -> [KNN + Mixup @ 2x] Acc: 0.9767, F1: 0.9765, Time: 0.02s
      -> [RandomForest + Mixup @ 2x] Acc: 0.9500, F1: 0.9502, Time: 1.43s
      -> [LinearSVC + Mixup @ 2x] Acc: 0.8683, F1: 0.8598, Time: 0.03s
      -> [LogisticRegression + Mixup @ 2x] Acc: 0.8867, F1: 0.8808, Time: 0.13s
      -> [RNN + Mixup @ 2x] Acc: 0.8333, F1: 0.7667, Time: 0.36s
    [=== Generating 3x synthetic data with Mixup ===]
      -> [KNN + Mixup @ 3x] Acc: 0.9767, F1: 0.9765, Time: 0.02s
      -> [RandomForest + Mixup @ 3x] Acc: 0.9283, F1: 0.9288, Time: 2.15s
      -> [LinearSVC + Mixup @ 3x] Acc: 0.8650, F1: 0.8559, Time: 0.05s
      -> [LogisticRegression + Mixup @ 3x] Acc: 0.8783, F1: 0.8714, Time: 0.25s
      -> [RNN + Mixup @ 3x] Acc: 0.8333, F1: 0.8333, Time: 0.55s
    [=== Generating 5x synthetic data with Mixup ===]
      -> [KNN + Mixup @ 5x] Acc: 0.9767, F1: 0.9765, Time: 0.04s
      -> [RandomForest + Mixup @ 5x] Acc: 0.9233, F1: 0.9244, Time: 3.69s
      -> [LinearSVC + Mixup @ 5x] Acc: 0.8600, F1: 0.8504, Time: 0.05s
      -> [LogisticRegression + Mixup @ 5x] Acc: 0.8833, F1: 0.8773, Time: 0.40s
      -> [RNN + Mixup @ 5x] Acc: 1.0000, F1: 1.0000, Time: 0.88s
    [=== Generating 10x synthetic data with Mixup ===]
      -> [KNN + Mixup @ 10x] Acc: 0.9767, F1: 0.9765, Time: 0.09s
      -> [RandomForest + Mixup @ 10x] Acc: 0.9867, F1: 0.9867, Time: 8.04s
      -> [LinearSVC + Mixup @ 10x] Acc: 0.8617, F1: 0.8523, Time: 0.18s
      -> [LogisticRegression + Mixup @ 10x] Acc: 0.8850, F1: 0.8792, Time: 0.98s
      -> [RNN + Mixup @ 10x] Acc: 0.6667, F1: 0.5417, Time: 1.57s
    [=== Generating 2x synthetic data with GMM ===]
      -> [KNN + GMM @ 2x] Acc: 0.9783, F1: 0.9782, Time: 0.02s
      -> [RandomForest + GMM @ 2x] Acc: 0.9517, F1: 0.9522, Time: 1.54s
      -> [LinearSVC + GMM @ 2x] Acc: 0.8750, F1: 0.8678, Time: 0.02s
      -> [LogisticRegression + GMM @ 2x] Acc: 0.8883, F1: 0.8829, Time: 0.03s
      -> [RNN + GMM @ 2x] Acc: 0.8333, F1: 0.8175, Time: 0.35s
    [=== Generating 3x synthetic data with GMM ===]
      -> [KNN + GMM @ 3x] Acc: 0.9783, F1: 0.9782, Time: 0.03s
      -> [RandomForest + GMM @ 3x] Acc: 0.9100, F1: 0.9112, Time: 2.48s
      -> [LinearSVC + GMM @ 3x] Acc: 0.8683, F1: 0.8601, Time: 0.04s
      -> [LogisticRegression + GMM @ 3x] Acc: 0.8833, F1: 0.8773, Time: 0.06s
      -> [RNN + GMM @ 3x] Acc: 0.8333, F1: 0.8175, Time: 0.54s
    [=== Generating 5x synthetic data with GMM ===]
      -> [KNN + GMM @ 5x] Acc: 0.9783, F1: 0.9782, Time: 0.03s
      -> [RandomForest + GMM @ 5x] Acc: 0.9233, F1: 0.9244, Time: 4.65s
      -> [LinearSVC + GMM @ 5x] Acc: 0.8617, F1: 0.8530, Time: 0.07s
      -> [LogisticRegression + GMM @ 5x] Acc: 0.8733, F1: 0.8662, Time: 0.11s
      -> [RNN + GMM @ 5x] Acc: 1.0000, F1: 1.0000, Time: 0.79s
    [=== Generating 10x synthetic data with GMM ===]
      -> [KNN + GMM @ 10x] Acc: 0.9767, F1: 0.9765, Time: 0.08s
      -> [RandomForest + GMM @ 10x] Acc: 0.9317, F1: 0.9325, Time: 10.69s
      -> [LinearSVC + GMM @ 10x] Acc: 0.8617, F1: 0.8530, Time: 0.19s
      -> [LogisticRegression + GMM @ 10x] Acc: 0.8717, F1: 0.8646, Time: 0.32s
      -> [RNN + GMM @ 10x] Acc: 1.0000, F1: 1.0000, Time: 1.70s
    [=== Generating 2x synthetic data with HMM_GMM ===]
      -> [KNN + HMM_GMM @ 2x] Acc: 0.9767, F1: 0.9765, Time: 0.01s
      -> [RandomForest + HMM_GMM @ 2x] Acc: 0.9467, F1: 0.9468, Time: 1.10s
      -> [LinearSVC + HMM_GMM @ 2x] Acc: 0.7567, F1: 0.7357, Time: 0.03s
      -> [LogisticRegression + HMM_GMM @ 2x] Acc: 0.8067, F1: 0.7913, Time: 0.02s
      -> [RNN + HMM_GMM @ 2x] Acc: 0.6667, F1: 0.5952, Time: 0.38s
    [=== Generating 3x synthetic data with HMM_GMM ===]
      -> [KNN + HMM_GMM @ 3x] Acc: 0.9767, F1: 0.9765, Time: 0.02s
      -> [RandomForest + HMM_GMM @ 3x] Acc: 0.9750, F1: 0.9748, Time: 1.23s
      -> [LinearSVC + HMM_GMM @ 3x] Acc: 0.7500, F1: 0.7286, Time: 0.02s
      -> [LogisticRegression + HMM_GMM @ 3x] Acc: 0.8067, F1: 0.7928, Time: 0.02s
      -> [RNN + HMM_GMM @ 3x] Acc: 1.0000, F1: 1.0000, Time: 0.59s
    [=== Generating 5x synthetic data with HMM_GMM ===]
      -> [KNN + HMM_GMM @ 5x] Acc: 0.9767, F1: 0.9765, Time: 0.04s
      -> [RandomForest + HMM_GMM @ 5x] Acc: 0.9400, F1: 0.9403, Time: 1.58s
      -> [LinearSVC + HMM_GMM @ 5x] Acc: 0.7383, F1: 0.7156, Time: 0.04s
      -> [LogisticRegression + HMM_GMM @ 5x] Acc: 0.8000, F1: 0.7843, Time: 0.06s
      -> [RNN + HMM_GMM @ 5x] Acc: 0.8333, F1: 0.8175, Time: 0.84s
    [=== Generating 10x synthetic data with HMM_GMM ===]
      -> [KNN + HMM_GMM @ 10x] Acc: 0.9767, F1: 0.9765, Time: 0.10s
      -> [RandomForest + HMM_GMM @ 10x] Acc: 0.9750, F1: 0.9749, Time: 2.53s
      -> [LinearSVC + HMM_GMM @ 10x] Acc: 0.7283, F1: 0.7040, Time: 0.14s
      -> [LogisticRegression + HMM_GMM @ 10x] Acc: 0.8117, F1: 0.7975, Time: 0.12s
      -> [RNN + HMM_GMM @ 10x] Acc: 0.8333, F1: 0.8175, Time: 1.61s
    [=== Generating 2x synthetic data with TimeVAE ===]
      -> [KNN + TimeVAE @ 2x] Acc: 0.9767, F1: 0.9765, Time: 0.02s
      -> [RandomForest + TimeVAE @ 2x] Acc: 0.9900, F1: 0.9900, Time: 1.29s
      -> [LinearSVC + TimeVAE @ 2x] Acc: 0.8433, F1: 0.8303, Time: 0.03s
      -> [LogisticRegression + TimeVAE @ 2x] Acc: 0.8617, F1: 0.8523, Time: 0.07s
      -> [RNN + TimeVAE @ 2x] Acc: 0.6667, F1: 0.5952, Time: 0.37s
    [=== Generating 3x synthetic data with TimeVAE ===]
      -> [KNN + TimeVAE @ 3x] Acc: 0.9767, F1: 0.9765, Time: 0.03s
      -> [RandomForest + TimeVAE @ 3x] Acc: 0.9950, F1: 0.9950, Time: 1.90s
      -> [LinearSVC + TimeVAE @ 3x] Acc: 0.8267, F1: 0.8096, Time: 0.04s
      -> [LogisticRegression + TimeVAE @ 3x] Acc: 0.8567, F1: 0.8464, Time: 0.15s
      -> [RNN + TimeVAE @ 3x] Acc: 0.8333, F1: 0.7667, Time: 0.60s
    [=== Generating 5x synthetic data with TimeVAE ===]
      -> [KNN + TimeVAE @ 5x] Acc: 0.9767, F1: 0.9765, Time: 0.04s
      -> [RandomForest + TimeVAE @ 5x] Acc: 0.9983, F1: 0.9983, Time: 3.49s
      -> [LinearSVC + TimeVAE @ 5x] Acc: 0.8200, F1: 0.8022, Time: 0.09s
      -> [LogisticRegression + TimeVAE @ 5x] Acc: 0.8517, F1: 0.8404, Time: 0.19s
      -> [RNN + TimeVAE @ 5x] Acc: 1.0000, F1: 1.0000, Time: 0.92s
    [=== Generating 10x synthetic data with TimeVAE ===]
      -> [KNN + TimeVAE @ 10x] Acc: 0.9767, F1: 0.9765, Time: 0.06s
      -> [RandomForest + TimeVAE @ 10x] Acc: 0.9967, F1: 0.9967, Time: 8.17s
      -> [LinearSVC + TimeVAE @ 10x] Acc: 0.7067, F1: 0.6332, Time: 0.15s
      -> [LogisticRegression + TimeVAE @ 10x] Acc: 0.8467, F1: 0.8344, Time: 0.43s
      -> [RNN + TimeVAE @ 10x] Acc: 0.8333, F1: 0.7667, Time: 1.81s

    >> Seed Fold Selection: 2/10
    Evaluating Model: KNN
      -> [Baseline] Acc: 0.9767, F1: 0.9765, Time: 0.01s
      HP Tuning KNN...
n_iterations: 3
n_required_iterations: 3
n_possible_iterations: 5
min_resources_: 30
max_resources_: 4600
aggressive_elimination: False
factor: 3
----------
iter: 0
n_candidates: 20
n_resources: 30
Fitting 5 folds for each of 20 candidates, totalling 100 fits
----------
iter: 1
n_candidates: 7
n_resources: 90
Fitting 5 folds for each of 7 candidates, totalling 35 fits
----------
iter: 2
n_candidates: 3
n_resources: 270
Fitting 5 folds for each of 3 candidates, totalling 15 fits
      -> [Tuned_Baseline] Acc: 0.9767, F1: 0.9765, Time: 0.01s
    Evaluating Model: RandomForest
      -> [Baseline] Acc: 0.9200, F1: 0.9208, Time: 0.65s
      HP Tuning RandomForest...
n_iterations: 3
n_required_iterations: 3
n_possible_iterations: 5
min_resources_: 30
max_resources_: 4600
aggressive_elimination: False
factor: 3
----------
iter: 0
n_candidates: 20
n_resources: 30
Fitting 5 folds for each of 20 candidates, totalling 100 fits
----------
iter: 1
n_candidates: 7
n_resources: 90
Fitting 5 folds for each of 7 candidates, totalling 35 fits
----------
iter: 2
n_candidates: 3
n_resources: 270
Fitting 5 folds for each of 3 candidates, totalling 15 fits
      -> [Tuned_Baseline] Acc: 0.8933, F1: 0.8947, Time: 0.00s
    Evaluating Model: LinearSVC
      -> [Baseline] Acc: 0.8567, F1: 0.8460, Time: 0.02s
      HP Tuning LinearSVC...
n_iterations: 3
n_required_iterations: 3
n_possible_iterations: 5
min_resources_: 30
max_resources_: 4600
aggressive_elimination: False
factor: 3
----------
iter: 0
n_candidates: 20
n_resources: 30
Fitting 5 folds for each of 20 candidates, totalling 100 fits
----------
iter: 1
n_candidates: 7
n_resources: 90
Fitting 5 folds for each of 7 candidates, totalling 35 fits
----------
iter: 2
n_candidates: 3
n_resources: 270
Fitting 5 folds for each of 3 candidates, totalling 15 fits
      -> [Tuned_Baseline] Acc: 0.8567, F1: 0.8460, Time: 0.00s
    Evaluating Model: LogisticRegression
      -> [Baseline] Acc: 0.8700, F1: 0.8617, Time: 0.03s
      HP Tuning LogisticRegression...
n_iterations: 3
n_required_iterations: 3
n_possible_iterations: 5
min_resources_: 30
max_resources_: 4600
aggressive_elimination: False
factor: 3
----------
iter: 0
n_candidates: 12
n_resources: 30
Fitting 5 folds for each of 12 candidates, totalling 60 fits
----------
iter: 1
n_candidates: 4
n_resources: 90
Fitting 5 folds for each of 4 candidates, totalling 20 fits
----------
iter: 2
n_candidates: 2
n_resources: 270
Fitting 5 folds for each of 2 candidates, totalling 10 fits
      -> [Tuned_Baseline] Acc: 0.8817, F1: 0.8752, Time: 0.00s
    Evaluating Model: RNN
      -> [Baseline] Acc: 0.8333, F1: 0.7667, Time: 0.22s
      -> [Tuned_Baseline] Acc: 0.8333, F1: 0.7667, Time: 0.00s
    [=== Generating 2x synthetic data with Jittering ===]
      -> [KNN + Jittering @ 2x] Acc: 0.9767, F1: 0.9765, Time: 0.02s
      -> [RandomForest + Jittering @ 2x] Acc: 0.9750, F1: 0.9751, Time: 0.73s
      -> [LinearSVC + Jittering @ 2x] Acc: 0.8567, F1: 0.8460, Time: 4.83s
      -> [LogisticRegression + Jittering @ 2x] Acc: 0.8783, F1: 0.8714, Time: 0.10s
      -> [RNN + Jittering @ 2x] Acc: 0.6667, F1: 0.5952, Time: 0.32s
    [=== Generating 3x synthetic data with Jittering ===]
      -> [KNN + Jittering @ 3x] Acc: 0.9767, F1: 0.9765, Time: 0.02s
      -> [RandomForest + Jittering @ 3x] Acc: 0.9583, F1: 0.9587, Time: 1.07s
      -> [LinearSVC + Jittering @ 3x] Acc: 0.8533, F1: 0.8420, Time: 8.68s
      -> [LogisticRegression + Jittering @ 3x] Acc: 0.8783, F1: 0.8714, Time: 0.18s
      -> [RNN + Jittering @ 3x] Acc: 0.6667, F1: 0.5952, Time: 0.54s
    [=== Generating 5x synthetic data with Jittering ===]
      -> [KNN + Jittering @ 5x] Acc: 0.9767, F1: 0.9765, Time: 0.04s
      -> [RandomForest + Jittering @ 5x] Acc: 0.9900, F1: 0.9900, Time: 1.75s
      -> [LinearSVC + Jittering @ 5x] Acc: 0.8550, F1: 0.8440, Time: 27.65s
      -> [LogisticRegression + Jittering @ 5x] Acc: 0.8783, F1: 0.8714, Time: 0.31s
      -> [RNN + Jittering @ 5x] Acc: 0.6667, F1: 0.5952, Time: 0.89s
    [=== Generating 10x synthetic data with Jittering ===]
      -> [KNN + Jittering @ 10x] Acc: 0.9767, F1: 0.9765, Time: 0.05s
      -> [RandomForest + Jittering @ 10x] Acc: 0.9850, F1: 0.9850, Time: 4.83s
      -> [LinearSVC + Jittering @ 10x] Acc: 0.8533, F1: 0.8420, Time: 127.44s
      -> [LogisticRegression + Jittering @ 10x] Acc: 0.8783, F1: 0.8714, Time: 0.69s
      -> [RNN + Jittering @ 10x] Acc: 0.8333, F1: 0.8175, Time: 1.46s
    [=== Generating 2x synthetic data with Scaling ===]
      -> [KNN + Scaling @ 2x] Acc: 0.9783, F1: 0.9782, Time: 0.01s
      -> [RandomForest + Scaling @ 2x] Acc: 0.9850, F1: 0.9851, Time: 0.64s
      -> [LinearSVC + Scaling @ 2x] Acc: 0.8300, F1: 0.8133, Time: 5.14s
      -> [LogisticRegression + Scaling @ 2x] Acc: 0.8667, F1: 0.8582, Time: 0.06s
      -> [RNN + Scaling @ 2x] Acc: 0.5000, F1: 0.3750, Time: 0.32s
    [=== Generating 3x synthetic data with Scaling ===]
      -> [KNN + Scaling @ 3x] Acc: 0.9950, F1: 0.9950, Time: 0.02s
      -> [RandomForest + Scaling @ 3x] Acc: 0.9950, F1: 0.9950, Time: 0.99s
      -> [LinearSVC + Scaling @ 3x] Acc: 0.8300, F1: 0.8133, Time: 8.42s
      -> [LogisticRegression + Scaling @ 3x] Acc: 0.8667, F1: 0.8578, Time: 0.11s
      -> [RNN + Scaling @ 3x] Acc: 0.6667, F1: 0.5952, Time: 0.48s
    [=== Generating 5x synthetic data with Scaling ===]
      -> [KNN + Scaling @ 5x] Acc: 0.9767, F1: 0.9765, Time: 0.03s
      -> [RandomForest + Scaling @ 5x] Acc: 0.9750, F1: 0.9752, Time: 1.61s
      -> [LinearSVC + Scaling @ 5x] Acc: 0.8300, F1: 0.8133, Time: 19.76s
      -> [LogisticRegression + Scaling @ 5x] Acc: 0.8550, F1: 0.8440, Time: 0.16s
      -> [RNN + Scaling @ 5x] Acc: 0.6667, F1: 0.5417, Time: 0.79s
    [=== Generating 10x synthetic data with Scaling ===]
      -> [KNN + Scaling @ 10x] Acc: 0.9767, F1: 0.9765, Time: 0.06s
      -> [RandomForest + Scaling @ 10x] Acc: 0.9633, F1: 0.9637, Time: 3.63s
      -> [LinearSVC + Scaling @ 10x] Acc: 0.8300, F1: 0.8133, Time: 111.41s
      -> [LogisticRegression + Scaling @ 10x] Acc: 0.8550, F1: 0.8444, Time: 0.43s
      -> [RNN + Scaling @ 10x] Acc: 0.6667, F1: 0.5952, Time: 1.46s
    [=== Generating 2x synthetic data with Magnitude_Warping ===]
      -> [KNN + Magnitude_Warping @ 2x] Acc: 0.9767, F1: 0.9765, Time: 0.01s
      -> [RandomForest + Magnitude_Warping @ 2x] Acc: 0.9650, F1: 0.9652, Time: 0.67s
      -> [LinearSVC + Magnitude_Warping @ 2x] Acc: 0.8317, F1: 0.8154, Time: 5.58s
      -> [LogisticRegression + Magnitude_Warping @ 2x] Acc: 0.8650, F1: 0.8562, Time: 0.04s
      -> [RNN + Magnitude_Warping @ 2x] Acc: 0.8333, F1: 0.8175, Time: 0.28s
    [=== Generating 3x synthetic data with Magnitude_Warping ===]
      -> [KNN + Magnitude_Warping @ 3x] Acc: 0.9767, F1: 0.9765, Time: 0.03s
      -> [RandomForest + Magnitude_Warping @ 3x] Acc: 0.9917, F1: 0.9917, Time: 1.05s
      -> [LinearSVC + Magnitude_Warping @ 3x] Acc: 0.8300, F1: 0.8133, Time: 10.73s
      -> [LogisticRegression + Magnitude_Warping @ 3x] Acc: 0.8283, F1: 0.8117, Time: 0.06s
      -> [RNN + Magnitude_Warping @ 3x] Acc: 0.8333, F1: 0.8175, Time: 0.49s
    [=== Generating 5x synthetic data with Magnitude_Warping ===]
      -> [KNN + Magnitude_Warping @ 5x] Acc: 0.9767, F1: 0.9765, Time: 0.04s
      -> [RandomForest + Magnitude_Warping @ 5x] Acc: 0.9883, F1: 0.9884, Time: 1.92s
      -> [LinearSVC + Magnitude_Warping @ 5x] Acc: 0.8250, F1: 0.8085, Time: 25.23s
      -> [LogisticRegression + Magnitude_Warping @ 5x] Acc: 0.8450, F1: 0.8328, Time: 0.10s
      -> [RNN + Magnitude_Warping @ 5x] Acc: 0.8333, F1: 0.8175, Time: 0.76s
    [=== Generating 10x synthetic data with Magnitude_Warping ===]
      -> [KNN + Magnitude_Warping @ 10x] Acc: 0.9950, F1: 0.9950, Time: 0.07s
      -> [RandomForest + Magnitude_Warping @ 10x] Acc: 0.9833, F1: 0.9834, Time: 4.16s
      -> [LinearSVC + Magnitude_Warping @ 10x] Acc: 0.8217, F1: 0.8054, Time: 181.76s
      -> [LogisticRegression + Magnitude_Warping @ 10x] Acc: 0.8300, F1: 0.8138, Time: 0.23s
      -> [RNN + Magnitude_Warping @ 10x] Acc: 0.8333, F1: 0.8175, Time: 1.23s
    [=== Generating 2x synthetic data with Time_Warping ===]
      -> [KNN + Time_Warping @ 2x] Acc: 0.9767, F1: 0.9765, Time: 0.02s
      -> [RandomForest + Time_Warping @ 2x] Acc: 0.8833, F1: 0.8849, Time: 0.66s
      -> [LinearSVC + Time_Warping @ 2x] Acc: 0.7583, F1: 0.7375, Time: 5.95s
      -> [LogisticRegression + Time_Warping @ 2x] Acc: 0.8083, F1: 0.7929, Time: 0.03s
      -> [RNN + Time_Warping @ 2x] Acc: 0.6667, F1: 0.5952, Time: 0.33s
    [=== Generating 3x synthetic data with Time_Warping ===]
      -> [KNN + Time_Warping @ 3x] Acc: 0.9783, F1: 0.9782, Time: 0.02s
      -> [RandomForest + Time_Warping @ 3x] Acc: 0.9167, F1: 0.9175, Time: 1.02s
      -> [LinearSVC + Time_Warping @ 3x] Acc: 0.7483, F1: 0.7268, Time: 10.49s
      -> [LogisticRegression + Time_Warping @ 3x] Acc: 0.7700, F1: 0.7499, Time: 0.03s
      -> [RNN + Time_Warping @ 3x] Acc: 0.6667, F1: 0.5952, Time: 0.54s
    [=== Generating 5x synthetic data with Time_Warping ===]
      -> [KNN + Time_Warping @ 5x] Acc: 0.9767, F1: 0.9765, Time: 0.05s
      -> [RandomForest + Time_Warping @ 5x] Acc: 0.8717, F1: 0.8732, Time: 1.78s
      -> [LinearSVC + Time_Warping @ 5x] Acc: 0.7433, F1: 0.7213, Time: 24.96s
      -> [LogisticRegression + Time_Warping @ 5x] Acc: 0.7767, F1: 0.7591, Time: 0.06s
      -> [RNN + Time_Warping @ 5x] Acc: 0.8333, F1: 0.8175, Time: 0.88s
    [=== Generating 10x synthetic data with Time_Warping ===]
      -> [KNN + Time_Warping @ 10x] Acc: 0.9900, F1: 0.9900, Time: 0.09s
      -> [RandomForest + Time_Warping @ 10x] Acc: 0.8767, F1: 0.8779, Time: 4.19s
      -> [LinearSVC + Time_Warping @ 10x] Acc: 0.7517, F1: 0.7304, Time: 187.95s
      -> [LogisticRegression + Time_Warping @ 10x] Acc: 0.7683, F1: 0.7478, Time: 0.21s
      -> [RNN + Time_Warping @ 10x] Acc: 0.8333, F1: 0.8175, Time: 2.12s
    [=== Generating 2x synthetic data with SMOTE ===]
      -> [KNN + SMOTE @ 2x] Acc: 0.9767, F1: 0.9765, Time: 0.02s
      -> [RandomForest + SMOTE @ 2x] Acc: 0.9500, F1: 0.9505, Time: 0.68s
      -> [LinearSVC + SMOTE @ 2x] Acc: 0.8450, F1: 0.8317, Time: 4.65s
      -> [LogisticRegression + SMOTE @ 2x] Acc: 0.8833, F1: 0.8773, Time: 0.12s
      -> [RNN + SMOTE @ 2x] Acc: 0.6667, F1: 0.5952, Time: 0.32s
    [=== Generating 3x synthetic data with SMOTE ===]
      -> [KNN + SMOTE @ 3x] Acc: 0.9767, F1: 0.9765, Time: 0.02s
      -> [RandomForest + SMOTE @ 3x] Acc: 0.9117, F1: 0.9128, Time: 1.04s
      -> [LinearSVC + SMOTE @ 3x] Acc: 0.8300, F1: 0.8138, Time: 8.35s
      -> [LogisticRegression + SMOTE @ 3x] Acc: 0.8817, F1: 0.8754, Time: 0.20s
      -> [RNN + SMOTE @ 3x] Acc: 0.6667, F1: 0.5952, Time: 0.59s
    [=== Generating 5x synthetic data with SMOTE ===]
      -> [KNN + SMOTE @ 5x] Acc: 0.9767, F1: 0.9765, Time: 0.03s
      -> [RandomForest + SMOTE @ 5x] Acc: 0.9533, F1: 0.9537, Time: 1.91s
      -> [LinearSVC + SMOTE @ 5x] Acc: 0.8333, F1: 0.8170, Time: 30.00s
      -> [LogisticRegression + SMOTE @ 5x] Acc: 0.8850, F1: 0.8789, Time: 0.35s
      -> [RNN + SMOTE @ 5x] Acc: 0.6667, F1: 0.5952, Time: 0.84s
    [=== Generating 10x synthetic data with SMOTE ===]
      -> [KNN + SMOTE @ 10x] Acc: 0.9767, F1: 0.9765, Time: 0.05s
      -> [RandomForest + SMOTE @ 10x] Acc: 0.9600, F1: 0.9602, Time: 3.89s
      -> [LinearSVC + SMOTE @ 10x] Acc: 0.8433, F1: 0.8297, Time: 128.39s
      -> [LogisticRegression + SMOTE @ 10x] Acc: 0.8817, F1: 0.8752, Time: 0.92s
      -> [RNN + SMOTE @ 10x] Acc: 0.8333, F1: 0.8175, Time: 1.56s
    [=== Generating 2x synthetic data with ADASYN ===]
      -> [KNN + ADASYN @ 2x] Acc: 0.9767, F1: 0.9765, Time: 0.02s
      -> [RandomForest + ADASYN @ 2x] Acc: 0.9750, F1: 0.9752, Time: 0.75s
      -> [LinearSVC + ADASYN @ 2x] Acc: 0.8900, F1: 0.8846, Time: 5.28s
      -> [LogisticRegression + ADASYN @ 2x] Acc: 0.8917, F1: 0.8869, Time: 0.12s
      -> [RNN + ADASYN @ 2x] Acc: 0.6667, F1: 0.5952, Time: 0.40s
    [=== Generating 3x synthetic data with ADASYN ===]
      -> [KNN + ADASYN @ 3x] Acc: 0.9767, F1: 0.9765, Time: 0.02s
      -> [RandomForest + ADASYN @ 3x] Acc: 0.9583, F1: 0.9586, Time: 1.21s
      -> [LinearSVC + ADASYN @ 3x] Acc: 0.8933, F1: 0.8879, Time: 8.08s
      -> [LogisticRegression + ADASYN @ 3x] Acc: 0.8967, F1: 0.8919, Time: 0.18s
      -> [RNN + ADASYN @ 3x] Acc: 0.6667, F1: 0.5952, Time: 0.60s
    [=== Generating 5x synthetic data with ADASYN ===]
      -> [KNN + ADASYN @ 5x] Acc: 0.9767, F1: 0.9765, Time: 0.04s
      -> [RandomForest + ADASYN @ 5x] Acc: 0.9533, F1: 0.9535, Time: 1.91s
      -> [LinearSVC + ADASYN @ 5x] Acc: 0.7767, F1: 0.7784, Time: 23.45s
      -> [LogisticRegression + ADASYN @ 5x] Acc: 0.8100, F1: 0.8107, Time: 0.40s
      -> [RNN + ADASYN @ 5x] Acc: 0.6667, F1: 0.5952, Time: 0.85s
    [=== Generating 10x synthetic data with ADASYN ===]
      -> [KNN + ADASYN @ 10x] Acc: 0.9767, F1: 0.9765, Time: 0.07s
      -> [RandomForest + ADASYN @ 10x] Acc: 0.9617, F1: 0.9616, Time: 4.74s
      -> [LinearSVC + ADASYN @ 10x] Acc: 0.7900, F1: 0.7915, Time: 175.25s
      -> [LogisticRegression + ADASYN @ 10x] Acc: 0.8083, F1: 0.8098, Time: 1.02s
      -> [RNN + ADASYN @ 10x] Acc: 0.8333, F1: 0.7667, Time: 2.01s
    [=== Generating 2x synthetic data with Mixup ===]
      -> [KNN + Mixup @ 2x] Acc: 0.9767, F1: 0.9765, Time: 0.02s
      -> [RandomForest + Mixup @ 2x] Acc: 0.8800, F1: 0.8816, Time: 0.71s
      -> [LinearSVC + Mixup @ 2x] Acc: 0.8600, F1: 0.8496, Time: 5.20s
      -> [LogisticRegression + Mixup @ 2x] Acc: 0.8767, F1: 0.8693, Time: 0.17s
      -> [RNN + Mixup @ 2x] Acc: 0.6667, F1: 0.5952, Time: 0.42s
    [=== Generating 3x synthetic data with Mixup ===]
      -> [KNN + Mixup @ 3x] Acc: 0.9767, F1: 0.9765, Time: 0.03s
      -> [RandomForest + Mixup @ 3x] Acc: 0.9817, F1: 0.9817, Time: 1.09s
      -> [LinearSVC + Mixup @ 3x] Acc: 0.8317, F1: 0.8154, Time: 8.46s
      -> [LogisticRegression + Mixup @ 3x] Acc: 0.8783, F1: 0.8714, Time: 0.17s
      -> [RNN + Mixup @ 3x] Acc: 0.6667, F1: 0.5952, Time: 0.62s
    [=== Generating 5x synthetic data with Mixup ===]
      -> [KNN + Mixup @ 5x] Acc: 0.9767, F1: 0.9765, Time: 0.03s
      -> [RandomForest + Mixup @ 5x] Acc: 0.9167, F1: 0.9177, Time: 1.83s
      -> [LinearSVC + Mixup @ 5x] Acc: 0.8333, F1: 0.8175, Time: 39.63s
      -> [LogisticRegression + Mixup @ 5x] Acc: 0.8750, F1: 0.8678, Time: 0.42s
      -> [RNN + Mixup @ 5x] Acc: 0.5000, F1: 0.3750, Time: 1.08s
    [=== Generating 10x synthetic data with Mixup ===]
      -> [KNN + Mixup @ 10x] Acc: 0.9767, F1: 0.9765, Time: 0.08s
      -> [RandomForest + Mixup @ 10x] Acc: 0.9217, F1: 0.9225, Time: 4.46s
      -> [LinearSVC + Mixup @ 10x] Acc: 0.8633, F1: 0.8534, Time: 157.87s
      -> [LogisticRegression + Mixup @ 10x] Acc: 0.8833, F1: 0.8769, Time: 0.98s
      -> [RNN + Mixup @ 10x] Acc: 0.8333, F1: 0.8175, Time: 2.13s
    [=== Generating 2x synthetic data with GMM ===]
      -> [KNN + GMM @ 2x] Acc: 0.9767, F1: 0.9765, Time: 0.01s
      -> [RandomForest + GMM @ 2x] Acc: 0.9183, F1: 0.9192, Time: 0.75s
      -> [LinearSVC + GMM @ 2x] Acc: 0.8300, F1: 0.8133, Time: 5.58s
      -> [LogisticRegression + GMM @ 2x] Acc: 0.8667, F1: 0.8578, Time: 0.10s
      -> [RNN + GMM @ 2x] Acc: 0.6667, F1: 0.5952, Time: 0.39s
    [=== Generating 3x synthetic data with GMM ===]
      -> [KNN + GMM @ 3x] Acc: 0.9767, F1: 0.9765, Time: 0.02s
      -> [RandomForest + GMM @ 3x] Acc: 0.9533, F1: 0.9538, Time: 1.22s
      -> [LinearSVC + GMM @ 3x] Acc: 0.8300, F1: 0.8133, Time: 10.04s
      -> [LogisticRegression + GMM @ 3x] Acc: 0.8600, F1: 0.8504, Time: 0.09s
      -> [RNN + GMM @ 3x] Acc: 0.6667, F1: 0.5952, Time: 0.59s
    [=== Generating 5x synthetic data with GMM ===]
      -> [KNN + GMM @ 5x] Acc: 0.9767, F1: 0.9765, Time: 0.04s
      -> [RandomForest + GMM @ 5x] Acc: 0.9383, F1: 0.9392, Time: 2.34s
      -> [LinearSVC + GMM @ 5x] Acc: 0.8300, F1: 0.8133, Time: 44.09s
      -> [LogisticRegression + GMM @ 5x] Acc: 0.8517, F1: 0.8404, Time: 0.16s
      -> [RNN + GMM @ 5x] Acc: 0.8333, F1: 0.8175, Time: 0.96s
    [=== Generating 10x synthetic data with GMM ===]
      -> [KNN + GMM @ 10x] Acc: 0.9767, F1: 0.9765, Time: 0.08s
      -> [RandomForest + GMM @ 10x] Acc: 0.9483, F1: 0.9486, Time: 5.62s
      -> [LinearSVC + GMM @ 10x] Acc: 0.8300, F1: 0.8133, Time: 231.85s
      -> [LogisticRegression + GMM @ 10x] Acc: 0.8333, F1: 0.8180, Time: 0.40s
      -> [RNN + GMM @ 10x] Acc: 0.6667, F1: 0.5417, Time: 1.94s
    [=== Generating 2x synthetic data with HMM_GMM ===]
      -> [KNN + HMM_GMM @ 2x] Acc: 0.9750, F1: 0.9748, Time: 0.01s
      -> [RandomForest + HMM_GMM @ 2x] Acc: 0.9300, F1: 0.9305, Time: 0.55s
      -> [LinearSVC + HMM_GMM @ 2x] Acc: 0.7600, F1: 0.7389, Time: 6.93s
      -> [LogisticRegression + HMM_GMM @ 2x] Acc: 0.8100, F1: 0.7941, Time: 0.02s
      -> [RNN + HMM_GMM @ 2x] Acc: 0.6667, F1: 0.5952, Time: 0.40s
    [=== Generating 3x synthetic data with HMM_GMM ===]
      -> [KNN + HMM_GMM @ 3x] Acc: 0.9750, F1: 0.9748, Time: 0.02s
      -> [RandomForest + HMM_GMM @ 3x] Acc: 0.9767, F1: 0.9765, Time: 0.61s
      -> [LinearSVC + HMM_GMM @ 3x] Acc: 0.7467, F1: 0.7247, Time: 11.12s
      -> [LogisticRegression + HMM_GMM @ 3x] Acc: 0.7683, F1: 0.7478, Time: 0.03s
      -> [RNN + HMM_GMM @ 3x] Acc: 0.8333, F1: 0.7667, Time: 0.67s
    [=== Generating 5x synthetic data with HMM_GMM ===]
      -> [KNN + HMM_GMM @ 5x] Acc: 0.9750, F1: 0.9748, Time: 0.04s
      -> [RandomForest + HMM_GMM @ 5x] Acc: 0.9717, F1: 0.9716, Time: 0.79s
      -> [LinearSVC + HMM_GMM @ 5x] Acc: 0.7450, F1: 0.7229, Time: 35.26s
      -> [LogisticRegression + HMM_GMM @ 5x] Acc: 0.7683, F1: 0.7478, Time: 0.06s
      -> [RNN + HMM_GMM @ 5x] Acc: 1.0000, F1: 1.0000, Time: 0.91s
    [=== Generating 10x synthetic data with HMM_GMM ===]
      -> [KNN + HMM_GMM @ 10x] Acc: 0.9750, F1: 0.9748, Time: 0.08s
      -> [RandomForest + HMM_GMM @ 10x] Acc: 0.9750, F1: 0.9748, Time: 1.23s
      -> [LinearSVC + HMM_GMM @ 10x] Acc: 0.7383, F1: 0.7154, Time: 266.07s
      -> [LogisticRegression + HMM_GMM @ 10x] Acc: 0.7683, F1: 0.7478, Time: 0.19s
      -> [RNN + HMM_GMM @ 10x] Acc: 0.8333, F1: 0.8175, Time: 2.14s
    [=== Generating 2x synthetic data with TimeVAE ===]
      -> [KNN + TimeVAE @ 2x] Acc: 0.9767, F1: 0.9765, Time: 0.03s
      -> [RandomForest + TimeVAE @ 2x] Acc: 0.9800, F1: 0.9801, Time: 0.70s
      -> [LinearSVC + TimeVAE @ 2x] Acc: 0.8300, F1: 0.8128, Time: 4.37s
      -> [LogisticRegression + TimeVAE @ 2x] Acc: 0.8700, F1: 0.8617, Time: 0.09s
      -> [RNN + TimeVAE @ 2x] Acc: 0.8333, F1: 0.7667, Time: 0.69s
    [=== Generating 3x synthetic data with TimeVAE ===]
      -> [KNN + TimeVAE @ 3x] Acc: 0.9767, F1: 0.9765, Time: 0.03s
      -> [RandomForest + TimeVAE @ 3x] Acc: 0.9917, F1: 0.9917, Time: 1.12s
      -> [LinearSVC + TimeVAE @ 3x] Acc: 0.8300, F1: 0.8130, Time: 7.64s
      -> [LogisticRegression + TimeVAE @ 3x] Acc: 0.8633, F1: 0.8543, Time: 0.11s
      -> [RNN + TimeVAE @ 3x] Acc: 0.6667, F1: 0.5952, Time: 0.56s
    [=== Generating 5x synthetic data with TimeVAE ===]
      -> [KNN + TimeVAE @ 5x] Acc: 0.9767, F1: 0.9765, Time: 0.03s
      -> [RandomForest + TimeVAE @ 5x] Acc: 0.9950, F1: 0.9950, Time: 1.71s
      -> [LinearSVC + TimeVAE @ 5x] Acc: 0.7883, F1: 0.7565, Time: 17.73s
      -> [LogisticRegression + TimeVAE @ 5x] Acc: 0.8400, F1: 0.8262, Time: 0.18s
      -> [RNN + TimeVAE @ 5x] Acc: 0.6667, F1: 0.5952, Time: 1.63s
    [=== Generating 10x synthetic data with TimeVAE ===]
      -> [KNN + TimeVAE @ 10x] Acc: 0.9767, F1: 0.9765, Time: 0.07s
      -> [RandomForest + TimeVAE @ 10x] Acc: 0.9967, F1: 0.9967, Time: 3.93s
      -> [LinearSVC + TimeVAE @ 10x] Acc: 0.7183, F1: 0.6504, Time: 89.09s
      -> [LogisticRegression + TimeVAE @ 10x] Acc: 0.8333, F1: 0.8180, Time: 0.40s
      -> [RNN + TimeVAE @ 10x] Acc: 0.8333, F1: 0.8175, Time: 1.33s

    >> Seed Fold Selection: 3/10
    Evaluating Model: KNN
      -> [Baseline] Acc: 0.9733, F1: 0.9731, Time: 0.01s
      HP Tuning KNN...
n_iterations: 3
n_required_iterations: 3
n_possible_iterations: 5
min_resources_: 30
max_resources_: 4600
aggressive_elimination: False
factor: 3
----------
iter: 0
n_candidates: 20
n_resources: 30
Fitting 5 folds for each of 20 candidates, totalling 100 fits
Windows fatal exception: code 0xc0000139

Thread 0x00002ba0 (most recent call first):
  File "<frozen importlib._bootstrap>", line 488 in _call_with_frames_removed
  File "<frozen importlib._bootstrap_external>", line 1321 in create_module
  File "<frozen importlib._bootstrap>", line 813 in module_from_spec
  File "<frozen importlib._bootstrap>", line 921 in _load_unlocked
  File "<frozen importlib._bootstrap>", line 1331 in _find_and_load_unlocked
  File "<frozen importlib._bootstrap>", line 1360 in _find_and_load
  File "c:\ProgramData\anaconda3\Lib\site-packages\gmpy2\__init__.py", line 1 in <module>
  File "<frozen importlib._bootstrap>", line 488 in _call_with_frames_removed
  File "<frozen importlib._bootstrap_external>", line 1027 in exec_module
  File "<frozen importlib._bootstrap>", line 935 in _load_unlocked
  File "<frozen importlib._bootstrap>", line 1331 in _find_and_load_unlocked
  File "<frozen importlib._bootstrap>", line 1360 in _find_and_load
  File "c:\ProgramData\anaconda3\Lib\site-packages\mpmath\libmp\backend.py", line 70 in <module>
  File "<frozen importlib._bootstrap>", line 488 in _call_with_frames_removed
  File "<frozen importlib._bootstrap_external>", line 1027 in exec_module
  File "<frozen importlib._bootstrap>", line 935 in _load_unlocked
  File "<frozen importlib._bootstrap>", line 1331 in _find_and_load_unlocked
  File "<frozen importlib._bootstrap>", line 1360 in _find_and_load
  File "c:\ProgramData\anaconda3\Lib\site-packages\mpmath\libmp\libmpf.py", line 17 in <module>
  File "<frozen importlib._bootstrap>", line 488 in _call_with_frames_removed
  File "<frozen importlib._bootstrap_external>", line 1027 in exec_module
  File "<frozen importlib._bootstrap>", line 935 in _load_unlocked
  File "<frozen importlib._bootstrap>", line 1331 in _find_and_load_unlocked
  File "<frozen importlib._bootstrap>", line 1360 in _find_and_load
  File "c:\ProgramData\anaconda3\Lib\site-packages\mpmath\libmp\__init__.py", line 1 in <module>
  File "<frozen importlib._bootstrap>", line 488 in _call_with_frames_removed
  File "<frozen importlib._bootstrap_external>", line 1027 in exec_module
  File "<frozen importlib._bootstrap>", line 935 in _load_unlocked
  File "<frozen importlib._bootstrap>", line 1331 in _find_and_load_unlocked
  File "<frozen importlib._bootstrap>", line 1360 in _find_and_load
  File "<frozen importlib._bootstrap>", line 488 in _call_with_frames_removed
  File "<frozen importlib._bootstrap>", line 1310 in _find_and_load_unlocked
  File "<frozen importlib._bootstrap>", line 1360 in _find_and_load
  File "c:\ProgramData\anaconda3\Lib\site-packages\mpmath\ctx_base.py", line 3 in <module>
  File "<frozen importlib._bootstrap>", line 488 in _call_with_frames_removed
  File "<frozen importlib._bootstrap_external>", line 1027 in exec_module
  File "<frozen importlib._bootstrap>", line 935 in _load_unlocked
  File "<frozen importlib._bootstrap>", line 1331 in _find_and_load_unlocked
  File "<frozen importlib._bootstrap>", line 1360 in _find_and_load
  File "c:\ProgramData\anaconda3\Lib\site-packages\mpmath\ctx_fp.py", line 1 in <module>
  File "<frozen importlib._bootstrap>", line 488 in _call_with_frames_removed
  File "<frozen importlib._bootstrap_external>", line 1027 in exec_module
  File "<frozen importlib._bootstrap>", line 935 in _load_unlocked
  File "<frozen importlib._bootstrap>", line 1331 in _find_and_load_unlocked
  File "<frozen importlib._bootstrap>", line 1360 in _find_and_load
  File "c:\ProgramData\anaconda3\Lib\site-packages\mpmath\__init__.py", line 5 in <module>
  File "<frozen importlib._bootstrap>", line 488 in _call_with_frames_removed
  File "<frozen importlib._bootstrap_external>", line 1027 in exec_module
  File "<frozen importlib._bootstrap>", line 935 in _load_unlocked
  File "<frozen importlib._bootstrap>", line 1331 in _find_and_load_unlocked
  File "<frozen importlib._bootstrap>", line 1360 in _find_and_load
  File "c:\ProgramData\anaconda3\Lib\site-packages\sympy\__init__.py", line 23 in <module>
  File "<frozen importlib._bootstrap>", line 488 in _call_with_frames_removed
  File "<frozen importlib._bootstrap_external>", line 1027 in exec_module
  File "<frozen importlib._bootstrap>", line 935 in _load_unlocked
  File "<frozen importlib._bootstrap>", line 1331 in _find_and_load_unlocked
  File "<frozen importlib._bootstrap>", line 1360 in _find_and_load
  File "<frozen importlib._bootstrap>", line 488 in _call_with_frames_removed
  File "<frozen importlib._bootstrap>", line 1310 in _find_and_load_unlocked
  File "<frozen importlib._bootstrap>", line 1360 in _find_and_load
  File "<frozen importlib._bootstrap>", line 488 in _call_with_frames_removed
  File "<frozen importlib._bootstrap>", line 1310 in _find_and_load_unlocked
  File "<frozen importlib._bootstrap>", line 1360 in _find_and_load
  File "c:\ProgramData\anaconda3\Lib\multiprocessing\queues.py", line 120 in get
  File "c:\ProgramData\anaconda3\Lib\site-packages\joblib\externals\loky\process_executor.py", line 453 in _process_worker
  File "c:\ProgramData\anaconda3\Lib\multiprocessing\process.py", line 108 in run
  File "c:\ProgramData\anaconda3\Lib\multiprocessing\process.py", line 313 in _bootstrap
  File "c:\ProgramData\anaconda3\Lib\site-packages\joblib\externals\loky\backend\popen_loky_win32.py", line 172 in main
  File "<string>", line 1 in <module>
Windows fatal exception: code 0xc0000139

Thread 0x00000cfc (most recent call first):
  File "<frozen importlib._bootstrap>", line 488 in _call_with_frames_removed
  File "<frozen importlib._bootstrap_external>", line 1321 in create_module
  File "<frozen importlib._bootstrap>", line 813 in module_from_spec
  File "<frozen importlib._bootstrap>", line 921 in _load_unlocked
  File "<frozen importlib._bootstrap>", line 1331 in _find_and_load_unlocked
  File "<frozen importlib._bootstrap>", line 1360 in _find_and_load
  File "c:\ProgramData\anaconda3\Lib\site-packages\gmpy2\__init__.py", line 1 in <module>
  File "<frozen importlib._bootstrap>", line 488 in _call_with_frames_removed
  File "<frozen importlib._bootstrap_external>", line 1027 in exec_module
  File "<frozen importlib._bootstrap>", line 935 in _load_unlocked
  File "<frozen importlib._bootstrap>", line 1331 in _find_and_load_unlocked
  File "<frozen importlib._bootstrap>", line 1360 in _find_and_load
  File "c:\ProgramData\anaconda3\Lib\site-packages\mpmath\libmp\backend.py", line 70 in <module>
  File "<frozen importlib._bootstrap>", line 488 in _call_with_frames_removed
  File "<frozen importlib._bootstrap_external>", line 1027 in exec_module
  File "<frozen importlib._bootstrap>", line 935 in _load_unlocked
  File "<frozen importlib._bootstrap>", line 1331 in _find_and_load_unlocked
  File "<frozen importlib._bootstrap>", line 1360 in _find_and_load
  File "c:\ProgramData\anaconda3\Lib\site-packages\mpmath\libmp\libmpf.py", line 17 in <module>
  File "<frozen importlib._bootstrap>", line 488 in _call_with_frames_removed
  File "<frozen importlib._bootstrap_external>", line 1027 in exec_module
  File "<frozen importlib._bootstrap>", line 935 in _load_unlocked
  File "<frozen importlib._bootstrap>", line 1331 in _find_and_load_unlocked
  File "<frozen importlib._bootstrap>", line 1360 in _find_and_load
  File "c:\ProgramData\anaconda3\Lib\site-packages\mpmath\libmp\__init__.py", line 1 in <module>
  File "<frozen importlib._bootstrap>", line 488 in _call_with_frames_removed
  File "<frozen importlib._bootstrap_external>", line 1027 in exec_module
  File "<frozen importlib._bootstrap>", line 935 in _load_unlocked
  File "<frozen importlib._bootstrap>", line 1331 in _find_and_load_unlocked
  File "<frozen importlib._bootstrap>", line 1360 in _find_and_load
  File "<frozen importlib._bootstrap>", line 488 in _call_with_frames_removed
  File "<frozen importlib._bootstrap>", line 1310 in _find_and_load_unlocked
  File "<frozen importlib._bootstrap>", line 1360 in _find_and_load
  File "c:\ProgramData\anaconda3\Lib\site-packages\mpmath\ctx_base.py", line 3 in <module>
  File "<frozen importlib._bootstrap>", line 488 in _call_with_frames_removed
  File "<frozen importlib._bootstrap_external>", line 1027 in exec_module
  File "<frozen importlib._bootstrap>", line 935 in _load_unlocked
  File "<frozen importlib._bootstrap>", line 1331 in _find_and_load_unlocked
  File "<frozen importlib._bootstrap>", line 1360 in _find_and_load
  File "c:\ProgramData\anaconda3\Lib\site-packages\mpmath\ctx_fp.py", line 1 in <module>
  File "<frozen importlib._bootstrap>", line 488 in _call_with_frames_removed
  File "<frozen importlib._bootstrap_external>", line 1027 in exec_module
  File "<frozen importlib._bootstrap>", line 935 in _load_unlocked
  File "<frozen importlib._bootstrap>", line 1331 in _find_and_load_unlocked
  File "<frozen importlib._bootstrap>", line 1360 in _find_and_load
  File "c:\ProgramData\anaconda3\Lib\site-packages\mpmath\__init__.py", line 5 in <module>
  File "<frozen importlib._bootstrap>", line 488 in _call_with_frames_removed
  File "<frozen importlib._bootstrap_external>", line 1027 in exec_module
  File "<frozen importlib._bootstrap>", line 935 in _load_unlocked
  File "<frozen importlib._bootstrap>", line 1331 in _find_and_load_unlocked
  File "<frozen importlib._bootstrap>", line 1360 in _find_and_load
  File "c:\ProgramData\anaconda3\Lib\site-packages\sympy\__init__.py", line 23 in <module>
  File "<frozen importlib._bootstrap>", line 488 in _call_with_frames_removed
  File "<frozen importlib._bootstrap_external>", line 1027 in exec_module
  File "<frozen importlib._bootstrap>", line 935 in _load_unlocked
  File "<frozen importlib._bootstrap>", line 1331 in _find_and_load_unlocked
  File "<frozen importlib._bootstrap>", line 1360 in _find_and_load
  File "<frozen importlib._bootstrap>", line 488 in _call_with_frames_removed
  File "<frozen importlib._bootstrap>", line 1310 in _find_and_load_unlocked
  File "<frozen importlib._bootstrap>", line 1360 in _find_and_load
  File "<frozen importlib._bootstrap>", line 488 in _call_with_frames_removed
  File "<frozen importlib._bootstrap>", line 1310 in _find_and_load_unlocked
  File "<frozen importlib._bootstrap>", line 1360 in _find_and_load
  File "c:\ProgramData\anaconda3\Lib\multiprocessing\queues.py", line 120 in get
  File "c:\ProgramData\anaconda3\Lib\site-packages\joblib\externals\loky\process_executor.py", line 453 in _process_worker
  File "c:\ProgramData\anaconda3\Lib\multiprocessing\process.py", line 108 in run
  File "c:\ProgramData\anaconda3\Lib\multiprocessing\process.py", line 313 in _bootstrap
  File "c:\ProgramData\anaconda3\Lib\site-packages\joblib\externals\loky\backend\popen_loky_win32.py", line 172 in main
  File "<string>", line 1 in <module>
Windows fatal exception: code 0xc0000139

Thread 0x00002430 (most recent call first):
  File "<frozen importlib._bootstrap>", line 488 in _call_with_frames_removed
  File "<frozen importlib._bootstrap_external>", line 1321 in create_module
  File "<frozen importlib._bootstrap>", line 813 in module_from_spec
  File "<frozen importlib._bootstrap>", line 921 in _load_unlocked
  File "<frozen importlib._bootstrap>", line 1331 in _find_and_load_unlocked
  File "<frozen importlib._bootstrap>", line 1360 in _find_and_load
  File "c:\ProgramData\anaconda3\Lib\site-packages\gmpy2\__init__.py", line 1 in <module>
  File "<frozen importlib._bootstrap>", line 488 in _call_with_frames_removed
  File "<frozen importlib._bootstrap_external>", line 1027 in exec_module
  File "<frozen importlib._bootstrap>", line 935 in _load_unlocked
  File "<frozen importlib._bootstrap>", line 1331 in _find_and_load_unlocked
  File "<frozen importlib._bootstrap>", line 1360 in _find_and_load
  File "c:\ProgramData\anaconda3\Lib\site-packages\mpmath\libmp\backend.py", line 70 in <module>
  File "<frozen importlib._bootstrap>", line 488 in _call_with_frames_removed
  File "<frozen importlib._bootstrap_external>", line 1027 in exec_module
  File "<frozen importlib._bootstrap>", line 935 in _load_unlocked
  File "<frozen importlib._bootstrap>", line 1331 in _find_and_load_unlocked
  File "<frozen importlib._bootstrap>", line 1360 in _find_and_load
  File "c:\ProgramData\anaconda3\Lib\site-packages\mpmath\libmp\libmpf.py", line 17 in <module>
  File "<frozen importlib._bootstrap>", line 488 in _call_with_frames_removed
  File "<frozen importlib._bootstrap_external>", line 1027 in exec_module
  File "<frozen importlib._bootstrap>", line 935 in _load_unlocked
  File "<frozen importlib._bootstrap>", line 1331 in _find_and_load_unlocked
  File "<frozen importlib._bootstrap>", line 1360 in _find_and_load
  File "c:\ProgramData\anaconda3\Lib\site-packages\mpmath\libmp\__init__.py", line 1 in <module>
  File "<frozen importlib._bootstrap>", line 488 in _call_with_frames_removed
  File "<frozen importlib._bootstrap_external>", line 1027 in exec_module
  File "<frozen importlib._bootstrap>", line 935 in _load_unlocked
  File "<frozen importlib._bootstrap>", line 1331 in _find_and_load_unlocked
  File "<frozen importlib._bootstrap>", line 1360 in _find_and_load
  File "<frozen importlib._bootstrap>", line 488 in _call_with_frames_removed
  File "<frozen importlib._bootstrap>", line 1310 in _find_and_load_unlocked
  File "<frozen importlib._bootstrap>", line 1360 in _find_and_load
  File "c:\ProgramData\anaconda3\Lib\site-packages\mpmath\ctx_base.py", line 3 in <module>
  File "<frozen importlib._bootstrap>", line 488 in _call_with_frames_removed
  File "<frozen importlib._bootstrap_external>", line 1027 in exec_module
  File "<frozen importlib._bootstrap>", line 935 in _load_unlocked
  File "<frozen importlib._bootstrap>", line 1331 in _find_and_load_unlocked
  File "<frozen importlib._bootstrap>", line 1360 in _find_and_load
  File "c:\ProgramData\anaconda3\Lib\site-packages\mpmath\ctx_fp.py", line 1 in <module>
  File "<frozen importlib._bootstrap>", line 488 in _call_with_frames_removed
  File "<frozen importlib._bootstrap_external>", line 1027 in exec_module
  File "<frozen importlib._bootstrap>", line 935 in _load_unlocked
  File "<frozen importlib._bootstrap>", line 1331 in _find_and_load_unlocked
  File "<frozen importlib._bootstrap>", line 1360 in _find_and_load
  File "c:\ProgramData\anaconda3\Lib\site-packages\mpmath\__init__.py", line 5 in <module>
  File "<frozen importlib._bootstrap>", line 488 in _call_with_frames_removed
  File "<frozen importlib._bootstrap_external>", line 1027 in exec_module
  File "<frozen importlib._bootstrap>", line 935 in _load_unlocked
  File "<frozen importlib._bootstrap>", line 1331 in _find_and_load_unlocked
  File "<frozen importlib._bootstrap>", line 1360 in _find_and_load
  File "c:\ProgramData\anaconda3\Lib\site-packages\sympy\__init__.py", line 23 in <module>
  File "<frozen importlib._bootstrap>", line 488 in _call_with_frames_removed
  File "<frozen importlib._bootstrap_external>", line 1027 in exec_module
  File "<frozen importlib._bootstrap>", line 935 in _load_unlocked
  File "<frozen importlib._bootstrap>", line 1331 in _find_and_load_unlocked
  File "<frozen importlib._bootstrap>", line 1360 in _find_and_load
  File "<frozen importlib._bootstrap>", line 488 in _call_with_frames_removed
  File "<frozen importlib._bootstrap>", line 1310 in _find_and_load_unlocked
  File "<frozen importlib._bootstrap>", line 1360 in _find_and_load
  File "<frozen importlib._bootstrap>", line 488 in _call_with_frames_removed
  File "<frozen importlib._bootstrap>", line 1310 in _find_and_load_unlocked
  File "<frozen importlib._bootstrap>", line 1360 in _find_and_load
  File "c:\ProgramData\anaconda3\Lib\multiprocessing\queues.py", line 120 in get
  File "c:\ProgramData\anaconda3\Lib\site-packages\joblib\externals\loky\process_executor.py", line 453 in _process_worker
  File "c:\ProgramData\anaconda3\Lib\multiprocessing\process.py", line 108 in run
  File "c:\ProgramData\anaconda3\Lib\multiprocessing\process.py", line 313 in _bootstrap
  File "c:\ProgramData\anaconda3\Lib\site-packages\joblib\externals\loky\backend\popen_loky_win32.py", line 172 in main
  File "<string>", line 1 in <module>
Windows fatal exception: code 0xc0000139

Thread 0x00002ba0 (most recent call first):
  File "<frozen importlib._bootstrap>", line 488 in _call_with_frames_removed
  File "<frozen importlib._bootstrap_external>", line 1321 in create_module
  File "<frozen importlib._bootstrap>", line 813 in module_from_spec
  File "<frozen importlib._bootstrap>", line 921 in _load_unlocked
  File "<frozen importlib._bootstrap>", line 1331 in _find_and_load_unlocked
  File "<frozen importlib._bootstrap>", line 1360 in _find_and_load
  File "c:\ProgramData\anaconda3\Lib\site-packages\gmpy2\__init__.py", line 1 in <module>
  File "<frozen importlib._bootstrap>", line 488 in _call_with_frames_removed
  File "<frozen importlib._bootstrap_external>", line 1027 in exec_module
  File "<frozen importlib._bootstrap>", line 935 in _load_unlocked
  File "<frozen importlib._bootstrap>", line 1331 in _find_and_load_unlocked
  File "<frozen importlib._bootstrap>", line 1360 in _find_and_load
  File "c:\ProgramData\anaconda3\Lib\site-packages\sympy\external\importtools.py", line 145 in import_module
  File "c:\ProgramData\anaconda3\Lib\site-packages\sympy\external\gmpy.py", line 139 in _get_gmpy2
  File "c:\ProgramData\anaconda3\Lib\site-packages\sympy\external\gmpy.py", line 167 in <module>
  File "<frozen importlib._bootstrap>", line 488 in _call_with_frames_removed
  File "<frozen importlib._bootstrap_external>", line 1027 in exec_module
  File "<frozen importlib._bootstrap>", line 935 in _load_unlocked
  File "<frozen importlib._bootstrap>", line 1331 in _find_and_load_unlocked
  File "<frozen importlib._bootstrap>", line 1360 in _find_and_load
  File "c:\ProgramData\anaconda3\Lib\site-packages\sympy\core\evalf.py", line 26 in <module>
  File "<frozen importlib._bootstrap>", line 488 in _call_with_frames_removed
  File "<frozen importlib._bootstrap_external>", line 1027 in exec_module
  File "<frozen importlib._bootstrap>", line 935 in _load_unlocked
  File "<frozen importlib._bootstrap>", line 1331 in _find_and_load_unlocked
  File "<frozen importlib._bootstrap>", line 1360 in _find_and_load
  File "c:\ProgramData\anaconda3\Lib\site-packages\sympy\core\expr.py", line 11 in <module>
  File "<frozen importlib._bootstrap>", line 488 in _call_with_frames_removed
  File "<frozen importlib._bootstrap_external>", line 1027 in exec_module
  File "<frozen importlib._bootstrap>", line 935 in _load_unlocked
  File "<frozen importlib._bootstrap>", line 1331 in _find_and_load_unlocked
  File "<frozen importlib._bootstrap>", line 1360 in _find_and_load
  File "c:\ProgramData\anaconda3\Lib\site-packages\sympy\core\__init__.py", line 9 in <module>
  File "<frozen importlib._bootstrap>", line 488 in _call_with_frames_removed
  File "<frozen importlib._bootstrap_external>", line 1027 in exec_module
  File "<frozen importlib._bootstrap>", line 935 in _load_unlocked
  File "<frozen importlib._bootstrap>", line 1331 in _find_and_load_unlocked
  File "<frozen importlib._bootstrap>", line 1360 in _find_and_load
  File "<frozen importlib._bootstrap>", line 488 in _call_with_frames_removed
  File "<frozen importlib._bootstrap>", line 1310 in _find_and_load_unlocked
  File "<frozen importlib._bootstrap>", line 1360 in _find_and_load
  File "c:\ProgramData\anaconda3\Lib\site-packages\sympy\__init__.py", line 31 in <module>
  File "<frozen importlib._bootstrap>", line 488 in _call_with_frames_removed
  File "<frozen importlib._bootstrap_external>", line 1027 in exec_module
  File "<frozen importlib._bootstrap>", line 935 in _load_unlocked
  File "<frozen importlib._bootstrap>", line 1331 in _find_and_load_unlocked
  File "<frozen importlib._bootstrap>", line 1360 in _find_and_load
  File "<frozen importlib._bootstrap>", line 488 in _call_with_frames_removed
  File "<frozen importlib._bootstrap>", line 1310 in _find_and_load_unlocked
  File "<frozen importlib._bootstrap>", line 1360 in _find_and_load
  File "<frozen importlib._bootstrap>", line 488 in _call_with_frames_removed
  File "<frozen importlib._bootstrap>", line 1310 in _find_and_load_unlocked
  File "<frozen importlib._bootstrap>", line 1360 in _find_and_load
  File "c:\ProgramData\anaconda3\Lib\multiprocessing\queues.py", line 120 in get
  File "c:\ProgramData\anaconda3\Lib\site-packages\joblib\externals\loky\process_executor.py", line 453 in _process_worker
  File "c:\ProgramData\anaconda3\Lib\multiprocessing\process.py", line 108 in run
  File "c:\ProgramData\anaconda3\Lib\multiprocessing\process.py", line 313 in _bootstrap
  File "c:\ProgramData\anaconda3\Lib\site-packages\joblib\externals\loky\backend\popen_loky_win32.py", line 172 in main
  File "<string>", line 1 in <module>
Windows fatal exception: code 0xc0000139

Thread 0x00000cfc (most recent call first):
  File "<frozen importlib._bootstrap>", line 488 in _call_with_frames_removed
  File "<frozen importlib._bootstrap_external>", line 1321 in create_module
  File "<frozen importlib._bootstrap>", line 813 in module_from_spec
  File "<frozen importlib._bootstrap>", line 921 in _load_unlocked
  File "<frozen importlib._bootstrap>", line 1331 in _find_and_load_unlocked
  File "<frozen importlib._bootstrap>", line 1360 in _find_and_load
  File "c:\ProgramData\anaconda3\Lib\site-packages\gmpy2\__init__.py", line 1 in <module>
  File "<frozen importlib._bootstrap>", line 488 in _call_with_frames_removed
  File "<frozen importlib._bootstrap_external>", line 1027 in exec_module
  File "<frozen importlib._bootstrap>", line 935 in _load_unlocked
  File "<frozen importlib._bootstrap>", line 1331 in _find_and_load_unlocked
  File "<frozen importlib._bootstrap>", line 1360 in _find_and_load
  File "c:\ProgramData\anaconda3\Lib\site-packages\sympy\external\importtools.py", line 145 in import_module
  File "c:\ProgramData\anaconda3\Lib\site-packages\sympy\external\gmpy.py", line 139 in _get_gmpy2
  File "c:\ProgramData\anaconda3\Lib\site-packages\sympy\external\gmpy.py", line 167 in <module>
  File "<frozen importlib._bootstrap>", line 488 in _call_with_frames_removed
  File "<frozen importlib._bootstrap_external>", line 1027 in exec_module
  File "<frozen importlib._bootstrap>", line 935 in _load_unlocked
  File "<frozen importlib._bootstrap>", line 1331 in _find_and_load_unlocked
  File "<frozen importlib._bootstrap>", line 1360 in _find_and_load
  File "c:\ProgramData\anaconda3\Lib\site-packages\sympy\core\evalf.py", line 26 in <module>
  File "<frozen importlib._bootstrap>", line 488 in _call_with_frames_removed
  File "<frozen importlib._bootstrap_external>", line 1027 in exec_module
  File "<frozen importlib._bootstrap>", line 935 in _load_unlocked
  File "<frozen importlib._bootstrap>", line 1331 in _find_and_load_unlocked
  File "<frozen importlib._bootstrap>", line 1360 in _find_and_load
  File "c:\ProgramData\anaconda3\Lib\site-packages\sympy\core\expr.py", line 11 in <module>
  File "<frozen importlib._bootstrap>", line 488 in _call_with_frames_removed
  File "<frozen importlib._bootstrap_external>", line 1027 in exec_module
  File "<frozen importlib._bootstrap>", line 935 in _load_unlocked
  File "<frozen importlib._bootstrap>", line 1331 in _find_and_load_unlocked
  File "<frozen importlib._bootstrap>", line 1360 in _find_and_load
  File "c:\ProgramData\anaconda3\Lib\site-packages\sympy\core\__init__.py", line 9 in <module>
  File "<frozen importlib._bootstrap>", line 488 in _call_with_frames_removed
  File "<frozen importlib._bootstrap_external>", line 1027 in exec_module
  File "<frozen importlib._bootstrap>", line 935 in _load_unlocked
  File "<frozen importlib._bootstrap>", line 1331 in _find_and_load_unlocked
  File "<frozen importlib._bootstrap>", line 1360 in _find_and_load
  File "<frozen importlib._bootstrap>", line 488 in _call_with_frames_removed
  File "<frozen importlib._bootstrap>", line 1310 in _find_and_load_unlocked
  File "<frozen importlib._bootstrap>", line 1360 in _find_and_load
  File "c:\ProgramData\anaconda3\Lib\site-packages\sympy\__init__.py", line 31 in <module>
  File "<frozen importlib._bootstrap>", line 488 in _call_with_frames_removed
  File "<frozen importlib._bootstrap_external>", line 1027 in exec_module
  File "<frozen importlib._bootstrap>", line 935 in _load_unlocked
  File "<frozen importlib._bootstrap>", line 1331 in _find_and_load_unlocked
  File "<frozen importlib._bootstrap>", line 1360 in _find_and_load
  File "<frozen importlib._bootstrap>", line 488 in _call_with_frames_removed
  File "<frozen importlib._bootstrap>", line 1310 in _find_and_load_unlocked
  File "<frozen importlib._bootstrap>", line 1360 in _find_and_load
  File "<frozen importlib._bootstrap>", line 488 in _call_with_frames_removed
  File "<frozen importlib._bootstrap>", line 1310 in _find_and_load_unlocked
  File "<frozen importlib._bootstrap>", line 1360 in _find_and_load
  File "c:\ProgramData\anaconda3\Lib\multiprocessing\queues.py", line 120 in get
  File "c:\ProgramData\anaconda3\Lib\site-packages\joblib\externals\loky\process_executor.py", line 453 in _process_worker
  File "c:\ProgramData\anaconda3\Lib\multiprocessing\process.py", line 108 in run
  File "c:\ProgramData\anaconda3\Lib\multiprocessing\process.py", line 313 in _bootstrap
  File "c:\ProgramData\anaconda3\Lib\site-packages\joblib\externals\loky\backend\popen_loky_win32.py", line 172 in main
  File "<string>", line 1 in <module>
Windows fatal exception: code 0xc0000139

Thread 0x00002430 (most recent call first):
  File "<frozen importlib._bootstrap>", line 488 in _call_with_frames_removed
  File "<frozen importlib._bootstrap_external>", line 1321 in create_module
  File "<frozen importlib._bootstrap>", line 813 in module_from_spec
  File "<frozen importlib._bootstrap>", line 921 in _load_unlocked
  File "<frozen importlib._bootstrap>", line 1331 in _find_and_load_unlocked
  File "<frozen importlib._bootstrap>", line 1360 in _find_and_load
  File "c:\ProgramData\anaconda3\Lib\site-packages\gmpy2\__init__.py", line 1 in <module>
  File "<frozen importlib._bootstrap>", line 488 in _call_with_frames_removed
  File "<frozen importlib._bootstrap_external>", line 1027 in exec_module
  File "<frozen importlib._bootstrap>", line 935 in _load_unlocked
  File "<frozen importlib._bootstrap>", line 1331 in _find_and_load_unlocked
  File "<frozen importlib._bootstrap>", line 1360 in _find_and_load
  File "c:\ProgramData\anaconda3\Lib\site-packages\sympy\external\importtools.py", line 145 in import_module
  File "c:\ProgramData\anaconda3\Lib\site-packages\sympy\external\gmpy.py", line 139 in _get_gmpy2
  File "c:\ProgramData\anaconda3\Lib\site-packages\sympy\external\gmpy.py", line 167 in <module>
  File "<frozen importlib._bootstrap>", line 488 in _call_with_frames_removed
  File "<frozen importlib._bootstrap_external>", line 1027 in exec_module
  File "<frozen importlib._bootstrap>", line 935 in _load_unlocked
  File "<frozen importlib._bootstrap>", line 1331 in _find_and_load_unlocked
  File "<frozen importlib._bootstrap>", line 1360 in _find_and_load
  File "c:\ProgramData\anaconda3\Lib\site-packages\sympy\core\evalf.py", line 26 in <module>
  File "<frozen importlib._bootstrap>", line 488 in _call_with_frames_removed
  File "<frozen importlib._bootstrap_external>", line 1027 in exec_module
  File "<frozen importlib._bootstrap>", line 935 in _load_unlocked
  File "<frozen importlib._bootstrap>", line 1331 in _find_and_load_unlocked
  File "<frozen importlib._bootstrap>", line 1360 in _find_and_load
  File "c:\ProgramData\anaconda3\Lib\site-packages\sympy\core\expr.py", line 11 in <module>
  File "<frozen importlib._bootstrap>", line 488 in _call_with_frames_removed
  File "<frozen importlib._bootstrap_external>", line 1027 in exec_module
  File "<frozen importlib._bootstrap>", line 935 in _load_unlocked
  File "<frozen importlib._bootstrap>", line 1331 in _find_and_load_unlocked
  File "<frozen importlib._bootstrap>", line 1360 in _find_and_load
  File "c:\ProgramData\anaconda3\Lib\site-packages\sympy\core\__init__.py", line 9 in <module>
  File "<frozen importlib._bootstrap>", line 488 in _call_with_frames_removed
  File "<frozen importlib._bootstrap_external>", line 1027 in exec_module
  File "<frozen importlib._bootstrap>", line 935 in _load_unlocked
  File "<frozen importlib._bootstrap>", line 1331 in _find_and_load_unlocked
  File "<frozen importlib._bootstrap>", line 1360 in _find_and_load
  File "<frozen importlib._bootstrap>", line 488 in _call_with_frames_removed
  File "<frozen importlib._bootstrap>", line 1310 in _find_and_load_unlocked
  File "<frozen importlib._bootstrap>", line 1360 in _find_and_load
  File "c:\ProgramData\anaconda3\Lib\site-packages\sympy\__init__.py", line 31 in <module>
  File "<frozen importlib._bootstrap>", line 488 in _call_with_frames_removed
  File "<frozen importlib._bootstrap_external>", line 1027 in exec_module
  File "<frozen importlib._bootstrap>", line 935 in _load_unlocked
  File "<frozen importlib._bootstrap>", line 1331 in _find_and_load_unlocked
  File "<frozen importlib._bootstrap>", line 1360 in _find_and_load
  File "<frozen importlib._bootstrap>", line 488 in _call_with_frames_removed
  File "<frozen importlib._bootstrap>", line 1310 in _find_and_load_unlocked
  File "<frozen importlib._bootstrap>", line 1360 in _find_and_load
  File "<frozen importlib._bootstrap>", line 488 in _call_with_frames_removed
  File "<frozen importlib._bootstrap>", line 1310 in _find_and_load_unlocked
  File "<frozen importlib._bootstrap>", line 1360 in _find_and_load
  File "c:\ProgramData\anaconda3\Lib\multiprocessing\queues.py", line 120 in get
  File "c:\ProgramData\anaconda3\Lib\site-packages\joblib\externals\loky\process_executor.py", line 453 in _process_worker
  File "c:\ProgramData\anaconda3\Lib\multiprocessing\process.py", line 108 in run
  File "c:\ProgramData\anaconda3\Lib\multiprocessing\process.py", line 313 in _bootstrap
  File "c:\ProgramData\anaconda3\Lib\site-packages\joblib\externals\loky\backend\popen_loky_win32.py", line 172 in main
  File "<string>", line 1 in <module>
----------
iter: 1
n_candidates: 7
n_resources: 90
Fitting 5 folds for each of 7 candidates, totalling 35 fits
----------
iter: 2
n_candidates: 3
n_resources: 270
Fitting 5 folds for each of 3 candidates, totalling 15 fits
      -> [Tuned_Baseline] Acc: 0.9733, F1: 0.9731, Time: 0.00s
    Evaluating Model: RandomForest
      -> [Baseline] Acc: 0.9817, F1: 0.9817, Time: 0.65s
      HP Tuning RandomForest...
n_iterations: 3
n_required_iterations: 3
n_possible_iterations: 5
min_resources_: 30
max_resources_: 4600
aggressive_elimination: False
factor: 3
----------
iter: 0
n_candidates: 20
n_resources: 30
Fitting 5 folds for each of 20 candidates, totalling 100 fits
----------
iter: 1
n_candidates: 7
n_resources: 90
Fitting 5 folds for each of 7 candidates, totalling 35 fits
----------
iter: 2
n_candidates: 3
n_resources: 270
Fitting 5 folds for each of 3 candidates, totalling 15 fits
      -> [Tuned_Baseline] Acc: 0.9817, F1: 0.9817, Time: 0.01s
    Evaluating Model: LinearSVC
      -> [Baseline] Acc: 0.8583, F1: 0.8480, Time: 0.02s
      HP Tuning LinearSVC...
n_iterations: 3
n_required_iterations: 3
n_possible_iterations: 5
min_resources_: 30
max_resources_: 4600
aggressive_elimination: False
factor: 3
----------
iter: 0
n_candidates: 20
n_resources: 30
Fitting 5 folds for each of 20 candidates, totalling 100 fits
----------
iter: 1
n_candidates: 7
n_resources: 90
Fitting 5 folds for each of 7 candidates, totalling 35 fits
----------
iter: 2
n_candidates: 3
n_resources: 270
Fitting 5 folds for each of 3 candidates, totalling 15 fits
      -> [Tuned_Baseline] Acc: 0.8583, F1: 0.8480, Time: 0.00s
    Evaluating Model: LogisticRegression
      -> [Baseline] Acc: 0.8717, F1: 0.8637, Time: 0.04s
      HP Tuning LogisticRegression...
n_iterations: 3
n_required_iterations: 3
n_possible_iterations: 5
min_resources_: 30
max_resources_: 4600
aggressive_elimination: False
factor: 3
----------
iter: 0
n_candidates: 12
n_resources: 30
Fitting 5 folds for each of 12 candidates, totalling 60 fits
----------
iter: 1
n_candidates: 4
n_resources: 90
Fitting 5 folds for each of 4 candidates, totalling 20 fits
----------
iter: 2
n_candidates: 2
n_resources: 270
Fitting 5 folds for each of 2 candidates, totalling 10 fits
      -> [Tuned_Baseline] Acc: 0.8850, F1: 0.8789, Time: 0.00s
    Evaluating Model: RNN
      -> [Baseline] Acc: 0.8333, F1: 0.7667, Time: 0.22s
      -> [Tuned_Baseline] Acc: 0.8333, F1: 0.7667, Time: 0.00s
    [=== Generating 2x synthetic data with Jittering ===]
      -> [KNN + Jittering @ 2x] Acc: 0.9733, F1: 0.9731, Time: 0.01s
      -> [RandomForest + Jittering @ 2x] Acc: 0.9750, F1: 0.9749, Time: 1.35s
      -> [LinearSVC + Jittering @ 2x] Acc: 0.8567, F1: 0.8460, Time: 0.87s
      -> [LogisticRegression + Jittering @ 2x] Acc: 0.8783, F1: 0.8714, Time: 0.10s
      -> [RNN + Jittering @ 2x] Acc: 0.6667, F1: 0.5952, Time: 0.38s
    [=== Generating 3x synthetic data with Jittering ===]
      -> [KNN + Jittering @ 3x] Acc: 0.9733, F1: 0.9731, Time: 0.02s
      -> [RandomForest + Jittering @ 3x] Acc: 0.9850, F1: 0.9850, Time: 2.09s
      -> [LinearSVC + Jittering @ 3x] Acc: 0.8550, F1: 0.8440, Time: 1.47s
      -> [LogisticRegression + Jittering @ 3x] Acc: 0.8783, F1: 0.8714, Time: 0.19s
      -> [RNN + Jittering @ 3x] Acc: 0.8333, F1: 0.8175, Time: 0.69s
    [=== Generating 5x synthetic data with Jittering ===]
      -> [KNN + Jittering @ 5x] Acc: 0.9733, F1: 0.9731, Time: 0.04s
      -> [RandomForest + Jittering @ 5x] Acc: 0.9950, F1: 0.9950, Time: 3.70s
      -> [LinearSVC + Jittering @ 5x] Acc: 0.8550, F1: 0.8440, Time: 3.35s
      -> [LogisticRegression + Jittering @ 5x] Acc: 0.8783, F1: 0.8714, Time: 0.33s
      -> [RNN + Jittering @ 5x] Acc: 1.0000, F1: 1.0000, Time: 0.93s
    [=== Generating 10x synthetic data with Jittering ===]
      -> [KNN + Jittering @ 10x] Acc: 0.9733, F1: 0.9731, Time: 0.08s
      -> [RandomForest + Jittering @ 10x] Acc: 0.9983, F1: 0.9983, Time: 8.07s
      -> [LinearSVC + Jittering @ 10x] Acc: 0.8550, F1: 0.8440, Time: 9.11s
      -> [LogisticRegression + Jittering @ 10x] Acc: 0.8783, F1: 0.8714, Time: 0.68s
      -> [RNN + Jittering @ 10x] Acc: 1.0000, F1: 1.0000, Time: 1.70s
    [=== Generating 2x synthetic data with Scaling ===]
      -> [KNN + Scaling @ 2x] Acc: 0.9733, F1: 0.9731, Time: 0.01s
      -> [RandomForest + Scaling @ 2x] Acc: 0.9383, F1: 0.9387, Time: 1.28s
      -> [LinearSVC + Scaling @ 2x] Acc: 0.8317, F1: 0.8154, Time: 0.34s
      -> [LogisticRegression + Scaling @ 2x] Acc: 0.8700, F1: 0.8620, Time: 0.08s
      -> [RNN + Scaling @ 2x] Acc: 0.8333, F1: 0.7667, Time: 0.29s
    [=== Generating 3x synthetic data with Scaling ===]
      -> [KNN + Scaling @ 3x] Acc: 0.9733, F1: 0.9731, Time: 0.03s
      -> [RandomForest + Scaling @ 3x] Acc: 0.9967, F1: 0.9967, Time: 1.95s
      -> [LinearSVC + Scaling @ 3x] Acc: 0.8450, F1: 0.8319, Time: 0.58s
      -> [LogisticRegression + Scaling @ 3x] Acc: 0.8817, F1: 0.8752, Time: 0.11s
      -> [RNN + Scaling @ 3x] Acc: 0.8333, F1: 0.8175, Time: 0.51s
    [=== Generating 5x synthetic data with Scaling ===]
      -> [KNN + Scaling @ 5x] Acc: 0.9733, F1: 0.9731, Time: 0.03s
      -> [RandomForest + Scaling @ 5x] Acc: 0.9967, F1: 0.9967, Time: 3.62s
      -> [LinearSVC + Scaling @ 5x] Acc: 0.8317, F1: 0.8154, Time: 0.86s
      -> [LogisticRegression + Scaling @ 5x] Acc: 0.8583, F1: 0.8480, Time: 0.18s
      -> [RNN + Scaling @ 5x] Acc: 0.5000, F1: 0.3750, Time: 0.85s
    [=== Generating 10x synthetic data with Scaling ===]
      -> [KNN + Scaling @ 10x] Acc: 0.9733, F1: 0.9731, Time: 0.08s
      -> [RandomForest + Scaling @ 10x] Acc: 0.9933, F1: 0.9933, Time: 8.37s
      -> [LinearSVC + Scaling @ 10x] Acc: 0.8317, F1: 0.8154, Time: 3.05s
      -> [LogisticRegression + Scaling @ 10x] Acc: 0.8533, F1: 0.8424, Time: 0.49s
      -> [RNN + Scaling @ 10x] Acc: 1.0000, F1: 1.0000, Time: 1.82s
    [=== Generating 2x synthetic data with Magnitude_Warping ===]
      -> [KNN + Magnitude_Warping @ 2x] Acc: 0.9750, F1: 0.9748, Time: 0.02s
      -> [RandomForest + Magnitude_Warping @ 2x] Acc: 0.9833, F1: 0.9834, Time: 1.40s
      -> [LinearSVC + Magnitude_Warping @ 2x] Acc: 0.8283, F1: 0.8117, Time: 0.15s
      -> [LogisticRegression + Magnitude_Warping @ 2x] Acc: 0.8333, F1: 0.8180, Time: 0.04s
      -> [RNN + Magnitude_Warping @ 2x] Acc: 1.0000, F1: 1.0000, Time: 0.34s
    [=== Generating 3x synthetic data with Magnitude_Warping ===]
      -> [KNN + Magnitude_Warping @ 3x] Acc: 0.9750, F1: 0.9748, Time: 0.02s
      -> [RandomForest + Magnitude_Warping @ 3x] Acc: 0.9967, F1: 0.9967, Time: 2.18s
      -> [LinearSVC + Magnitude_Warping @ 3x] Acc: 0.8283, F1: 0.8117, Time: 0.13s
      -> [LogisticRegression + Magnitude_Warping @ 3x] Acc: 0.8317, F1: 0.8159, Time: 0.05s
      -> [RNN + Magnitude_Warping @ 3x] Acc: 0.8333, F1: 0.7667, Time: 0.59s
    [=== Generating 5x synthetic data with Magnitude_Warping ===]
      -> [KNN + Magnitude_Warping @ 5x] Acc: 0.9717, F1: 0.9715, Time: 0.05s
      -> [RandomForest + Magnitude_Warping @ 5x] Acc: 0.9933, F1: 0.9933, Time: 4.11s
      -> [LinearSVC + Magnitude_Warping @ 5x] Acc: 0.8300, F1: 0.8138, Time: 0.40s
      -> [LogisticRegression + Magnitude_Warping @ 5x] Acc: 0.8333, F1: 0.8180, Time: 0.12s
      -> [RNN + Magnitude_Warping @ 5x] Acc: 0.8333, F1: 0.7667, Time: 0.89s
    [=== Generating 10x synthetic data with Magnitude_Warping ===]
      -> [KNN + Magnitude_Warping @ 10x] Acc: 0.9733, F1: 0.9731, Time: 0.07s
      -> [RandomForest + Magnitude_Warping @ 10x] Acc: 0.9950, F1: 0.9950, Time: 8.86s
      -> [LinearSVC + Magnitude_Warping @ 10x] Acc: 0.8300, F1: 0.8138, Time: 0.83s
      -> [LogisticRegression + Magnitude_Warping @ 10x] Acc: 0.8300, F1: 0.8138, Time: 0.26s
      -> [RNN + Magnitude_Warping @ 10x] Acc: 1.0000, F1: 1.0000, Time: 1.50s
    [=== Generating 2x synthetic data with Time_Warping ===]
      -> [KNN + Time_Warping @ 2x] Acc: 0.9733, F1: 0.9731, Time: 0.02s
      -> [RandomForest + Time_Warping @ 2x] Acc: 0.9400, F1: 0.9403, Time: 1.35s
      -> [LinearSVC + Time_Warping @ 2x] Acc: 0.7550, F1: 0.7343, Time: 0.04s
      -> [LogisticRegression + Time_Warping @ 2x] Acc: 0.7983, F1: 0.7834, Time: 0.03s
      -> [RNN + Time_Warping @ 2x] Acc: 0.8333, F1: 0.7667, Time: 0.30s
    [=== Generating 3x synthetic data with Time_Warping ===]
      -> [KNN + Time_Warping @ 3x] Acc: 0.9733, F1: 0.9731, Time: 0.03s
      -> [RandomForest + Time_Warping @ 3x] Acc: 0.8833, F1: 0.8847, Time: 2.14s
      -> [LinearSVC + Time_Warping @ 3x] Acc: 0.7683, F1: 0.7482, Time: 0.06s
      -> [LogisticRegression + Time_Warping @ 3x] Acc: 0.7950, F1: 0.7800, Time: 0.04s
      -> [RNN + Time_Warping @ 3x] Acc: 0.8333, F1: 0.8175, Time: 0.53s
    [=== Generating 5x synthetic data with Time_Warping ===]
      -> [KNN + Time_Warping @ 5x] Acc: 0.9717, F1: 0.9714, Time: 0.04s
      -> [RandomForest + Time_Warping @ 5x] Acc: 0.8917, F1: 0.8933, Time: 3.72s
      -> [LinearSVC + Time_Warping @ 5x] Acc: 0.7517, F1: 0.7314, Time: 0.11s
      -> [LogisticRegression + Time_Warping @ 5x] Acc: 0.7917, F1: 0.7766, Time: 0.06s
      -> [RNN + Time_Warping @ 5x] Acc: 0.8333, F1: 0.8175, Time: 0.94s
    [=== Generating 10x synthetic data with Time_Warping ===]
      -> [KNN + Time_Warping @ 10x] Acc: 0.9733, F1: 0.9731, Time: 0.08s
      -> [RandomForest + Time_Warping @ 10x] Acc: 0.8600, F1: 0.8614, Time: 8.75s
      -> [LinearSVC + Time_Warping @ 10x] Acc: 0.7367, F1: 0.7139, Time: 0.29s
      -> [LogisticRegression + Time_Warping @ 10x] Acc: 0.7900, F1: 0.7748, Time: 0.15s
      -> [RNN + Time_Warping @ 10x] Acc: 1.0000, F1: 1.0000, Time: 1.65s
    [=== Generating 2x synthetic data with SMOTE ===]
      -> [KNN + SMOTE @ 2x] Acc: 0.9733, F1: 0.9731, Time: 0.01s
      -> [RandomForest + SMOTE @ 2x] Acc: 0.9917, F1: 0.9917, Time: 1.31s
      -> [LinearSVC + SMOTE @ 2x] Acc: 0.8617, F1: 0.8520, Time: 1.07s
      -> [LogisticRegression + SMOTE @ 2x] Acc: 0.8833, F1: 0.8771, Time: 0.15s
      -> [RNN + SMOTE @ 2x] Acc: 0.8333, F1: 0.7667, Time: 0.35s
    [=== Generating 3x synthetic data with SMOTE ===]
      -> [KNN + SMOTE @ 3x] Acc: 0.9733, F1: 0.9731, Time: 0.03s
      -> [RandomForest + SMOTE @ 3x] Acc: 0.9767, F1: 0.9765, Time: 2.03s
      -> [LinearSVC + SMOTE @ 3x] Acc: 0.8583, F1: 0.8480, Time: 1.81s
      -> [LogisticRegression + SMOTE @ 3x] Acc: 0.8867, F1: 0.8811, Time: 0.22s
      -> [RNN + SMOTE @ 3x] Acc: 0.8333, F1: 0.8333, Time: 0.54s
    [=== Generating 5x synthetic data with SMOTE ===]
      -> [KNN + SMOTE @ 5x] Acc: 0.9733, F1: 0.9731, Time: 0.03s
      -> [RandomForest + SMOTE @ 5x] Acc: 0.9733, F1: 0.9732, Time: 3.77s
      -> [LinearSVC + SMOTE @ 5x] Acc: 0.8667, F1: 0.8578, Time: 3.91s
      -> [LogisticRegression + SMOTE @ 5x] Acc: 0.8883, F1: 0.8827, Time: 0.38s
      -> [RNN + SMOTE @ 5x] Acc: 1.0000, F1: 1.0000, Time: 0.87s
    [=== Generating 10x synthetic data with SMOTE ===]
      -> [KNN + SMOTE @ 10x] Acc: 0.9733, F1: 0.9731, Time: 0.08s
      -> [RandomForest + SMOTE @ 10x] Acc: 0.9767, F1: 0.9766, Time: 8.26s
      -> [LinearSVC + SMOTE @ 10x] Acc: 0.8500, F1: 0.8380, Time: 16.16s
      -> [LogisticRegression + SMOTE @ 10x] Acc: 0.8867, F1: 0.8808, Time: 1.08s
      -> [RNN + SMOTE @ 10x] Acc: 1.0000, F1: 1.0000, Time: 2.21s
    [=== Generating 2x synthetic data with ADASYN ===]
      -> [KNN + ADASYN @ 2x] Acc: 0.9733, F1: 0.9731, Time: 0.01s
      -> [RandomForest + ADASYN @ 2x] Acc: 0.9833, F1: 0.9834, Time: 1.52s
      -> [LinearSVC + ADASYN @ 2x] Acc: 0.8733, F1: 0.8656, Time: 1.10s
      -> [LogisticRegression + ADASYN @ 2x] Acc: 0.8883, F1: 0.8827, Time: 0.11s
      -> [RNN + ADASYN @ 2x] Acc: 0.6667, F1: 0.5952, Time: 0.39s
    [=== Generating 3x synthetic data with ADASYN ===]
      -> [KNN + ADASYN @ 3x] Acc: 0.9733, F1: 0.9731, Time: 0.02s
      -> [RandomForest + ADASYN @ 3x] Acc: 0.9717, F1: 0.9716, Time: 2.24s
      -> [LinearSVC + ADASYN @ 3x] Acc: 0.8867, F1: 0.8808, Time: 1.56s
      -> [LogisticRegression + ADASYN @ 3x] Acc: 0.8933, F1: 0.8890, Time: 0.19s
      -> [RNN + ADASYN @ 3x] Acc: 0.8333, F1: 0.7667, Time: 0.49s
    [=== Generating 5x synthetic data with ADASYN ===]
      -> [KNN + ADASYN @ 5x] Acc: 0.9733, F1: 0.9731, Time: 0.04s
      -> [RandomForest + ADASYN @ 5x] Acc: 0.9867, F1: 0.9867, Time: 3.95s
      -> [LinearSVC + ADASYN @ 5x] Acc: 0.8767, F1: 0.8723, Time: 3.82s
      -> [LogisticRegression + ADASYN @ 5x] Acc: 0.8917, F1: 0.8870, Time: 0.39s
      -> [RNN + ADASYN @ 5x] Acc: 0.5000, F1: 0.3750, Time: 0.97s
    [=== Generating 10x synthetic data with ADASYN ===]
      -> [KNN + ADASYN @ 10x] Acc: 0.9733, F1: 0.9731, Time: 0.08s
      -> [RandomForest + ADASYN @ 10x] Acc: 0.9667, F1: 0.9669, Time: 9.91s
      -> [LinearSVC + ADASYN @ 10x] Acc: 0.8883, F1: 0.8830, Time: 15.08s
      -> [LogisticRegression + ADASYN @ 10x] Acc: 0.8900, F1: 0.8846, Time: 1.00s
      -> [RNN + ADASYN @ 10x] Acc: 0.8333, F1: 0.7667, Time: 1.98s
    [=== Generating 2x synthetic data with Mixup ===]
      -> [KNN + Mixup @ 2x] Acc: 0.9733, F1: 0.9731, Time: 0.02s
      -> [RandomForest + Mixup @ 2x] Acc: 0.9883, F1: 0.9884, Time: 1.34s
      -> [LinearSVC + Mixup @ 2x] Acc: 0.8700, F1: 0.8617, Time: 1.02s
      -> [LogisticRegression + Mixup @ 2x] Acc: 0.8867, F1: 0.8808, Time: 0.12s
      -> [RNN + Mixup @ 2x] Acc: 0.8333, F1: 0.7667, Time: 0.42s
    [=== Generating 3x synthetic data with Mixup ===]
      -> [KNN + Mixup @ 3x] Acc: 0.9733, F1: 0.9731, Time: 0.02s
      -> [RandomForest + Mixup @ 3x] Acc: 0.9700, F1: 0.9701, Time: 2.05s
      -> [LinearSVC + Mixup @ 3x] Acc: 0.8700, F1: 0.8617, Time: 1.82s
      -> [LogisticRegression + Mixup @ 3x] Acc: 0.8900, F1: 0.8846, Time: 0.16s
      -> [RNN + Mixup @ 3x] Acc: 1.0000, F1: 1.0000, Time: 0.55s
    [=== Generating 5x synthetic data with Mixup ===]
      -> [KNN + Mixup @ 5x] Acc: 0.9733, F1: 0.9731, Time: 0.03s
      -> [RandomForest + Mixup @ 5x] Acc: 0.9450, F1: 0.9452, Time: 3.63s
      -> [LinearSVC + Mixup @ 5x] Acc: 0.8550, F1: 0.8440, Time: 4.12s
      -> [LogisticRegression + Mixup @ 5x] Acc: 0.8817, F1: 0.8752, Time: 0.31s
      -> [RNN + Mixup @ 5x] Acc: 0.6667, F1: 0.5952, Time: 0.98s
    [=== Generating 10x synthetic data with Mixup ===]
      -> [KNN + Mixup @ 10x] Acc: 0.9733, F1: 0.9731, Time: 0.07s
      -> [RandomForest + Mixup @ 10x] Acc: 0.9500, F1: 0.9504, Time: 8.47s
      -> [LinearSVC + Mixup @ 10x] Acc: 0.8567, F1: 0.8460, Time: 12.83s
      -> [LogisticRegression + Mixup @ 10x] Acc: 0.8817, F1: 0.8752, Time: 0.96s
      -> [RNN + Mixup @ 10x] Acc: 0.8333, F1: 0.7667, Time: 1.91s
    [=== Generating 2x synthetic data with GMM ===]
      -> [KNN + GMM @ 2x] Acc: 0.9733, F1: 0.9731, Time: 0.02s
      -> [RandomForest + GMM @ 2x] Acc: 0.9317, F1: 0.9322, Time: 1.49s
      -> [LinearSVC + GMM @ 2x] Acc: 0.8483, F1: 0.8360, Time: 0.21s
      -> [LogisticRegression + GMM @ 2x] Acc: 0.8683, F1: 0.8601, Time: 0.07s
      -> [RNN + GMM @ 2x] Acc: 0.6667, F1: 0.5952, Time: 0.36s
    [=== Generating 3x synthetic data with GMM ===]
      -> [KNN + GMM @ 3x] Acc: 0.9750, F1: 0.9748, Time: 0.02s
      -> [RandomForest + GMM @ 3x] Acc: 0.9367, F1: 0.9371, Time: 2.40s
      -> [LinearSVC + GMM @ 3x] Acc: 0.8317, F1: 0.8159, Time: 0.32s
      -> [LogisticRegression + GMM @ 3x] Acc: 0.8633, F1: 0.8543, Time: 0.13s
      -> [RNN + GMM @ 3x] Acc: 0.5000, F1: 0.3750, Time: 0.57s
    [=== Generating 5x synthetic data with GMM ===]
      -> [KNN + GMM @ 5x] Acc: 0.9767, F1: 0.9765, Time: 0.04s
      -> [RandomForest + GMM @ 5x] Acc: 0.9733, F1: 0.9732, Time: 4.65s
      -> [LinearSVC + GMM @ 5x] Acc: 0.8300, F1: 0.8138, Time: 0.68s
      -> [LogisticRegression + GMM @ 5x] Acc: 0.8583, F1: 0.8484, Time: 0.15s
      -> [RNN + GMM @ 5x] Acc: 1.0000, F1: 1.0000, Time: 0.95s
    [=== Generating 10x synthetic data with GMM ===]
      -> [KNN + GMM @ 10x] Acc: 0.9767, F1: 0.9765, Time: 0.10s
      -> [RandomForest + GMM @ 10x] Acc: 0.9467, F1: 0.9469, Time: 10.29s
      -> [LinearSVC + GMM @ 10x] Acc: 0.8283, F1: 0.8117, Time: 1.65s
      -> [LogisticRegression + GMM @ 10x] Acc: 0.8450, F1: 0.8324, Time: 0.36s
      -> [RNN + GMM @ 10x] Acc: 1.0000, F1: 1.0000, Time: 2.15s
    [=== Generating 2x synthetic data with HMM_GMM ===]
      -> [KNN + HMM_GMM @ 2x] Acc: 0.9733, F1: 0.9731, Time: 0.02s
      -> [RandomForest + HMM_GMM @ 2x] Acc: 0.9683, F1: 0.9682, Time: 1.11s
      -> [LinearSVC + HMM_GMM @ 2x] Acc: 0.7800, F1: 0.7589, Time: 0.04s
      -> [LogisticRegression + HMM_GMM @ 2x] Acc: 0.8067, F1: 0.7909, Time: 0.03s
      -> [RNN + HMM_GMM @ 2x] Acc: 0.8333, F1: 0.7667, Time: 0.40s
    [=== Generating 3x synthetic data with HMM_GMM ===]
      -> [KNN + HMM_GMM @ 3x] Acc: 0.9733, F1: 0.9731, Time: 0.03s
      -> [RandomForest + HMM_GMM @ 3x] Acc: 0.9750, F1: 0.9748, Time: 1.25s
      -> [LinearSVC + HMM_GMM @ 3x] Acc: 0.7767, F1: 0.7557, Time: 0.05s
      -> [LogisticRegression + HMM_GMM @ 3x] Acc: 0.8033, F1: 0.7876, Time: 0.04s
      -> [RNN + HMM_GMM @ 3x] Acc: 0.6667, F1: 0.5952, Time: 0.60s
    [=== Generating 5x synthetic data with HMM_GMM ===]
      -> [KNN + HMM_GMM @ 5x] Acc: 0.9733, F1: 0.9731, Time: 0.04s
      -> [RandomForest + HMM_GMM @ 5x] Acc: 0.9750, F1: 0.9748, Time: 1.48s
      -> [LinearSVC + HMM_GMM @ 5x] Acc: 0.7767, F1: 0.7557, Time: 0.11s
      -> [LogisticRegression + HMM_GMM @ 5x] Acc: 0.7850, F1: 0.7644, Time: 0.05s
      -> [RNN + HMM_GMM @ 5x] Acc: 1.0000, F1: 1.0000, Time: 0.70s
    [=== Generating 10x synthetic data with HMM_GMM ===]
      -> [KNN + HMM_GMM @ 10x] Acc: 0.9733, F1: 0.9731, Time: 0.07s
      -> [RandomForest + HMM_GMM @ 10x] Acc: 0.9500, F1: 0.9502, Time: 2.25s
      -> [LinearSVC + HMM_GMM @ 10x] Acc: 0.7833, F1: 0.7622, Time: 0.36s
      -> [LogisticRegression + HMM_GMM @ 10x] Acc: 0.7867, F1: 0.7660, Time: 0.12s
      -> [RNN + HMM_GMM @ 10x] Acc: 1.0000, F1: 1.0000, Time: 1.58s
    [=== Generating 2x synthetic data with TimeVAE ===]
      -> [KNN + TimeVAE @ 2x] Acc: 0.9733, F1: 0.9731, Time: 0.02s
      -> [RandomForest + TimeVAE @ 2x] Acc: 0.9967, F1: 0.9967, Time: 1.30s
      -> [LinearSVC + TimeVAE @ 2x] Acc: 0.8283, F1: 0.8107, Time: 0.44s
      -> [LogisticRegression + TimeVAE @ 2x] Acc: 0.8583, F1: 0.8476, Time: 0.07s
      -> [RNN + TimeVAE @ 2x] Acc: 0.8333, F1: 0.7667, Time: 0.30s
    [=== Generating 3x synthetic data with TimeVAE ===]
      -> [KNN + TimeVAE @ 3x] Acc: 0.9733, F1: 0.9731, Time: 0.02s
      -> [RandomForest + TimeVAE @ 3x] Acc: 0.9933, F1: 0.9933, Time: 1.95s
      -> [LinearSVC + TimeVAE @ 3x] Acc: 0.8500, F1: 0.8384, Time: 0.67s
      -> [LogisticRegression + TimeVAE @ 3x] Acc: 0.8800, F1: 0.8735, Time: 0.09s
      -> [RNN + TimeVAE @ 3x] Acc: 0.6667, F1: 0.5952, Time: 0.45s
    [=== Generating 5x synthetic data with TimeVAE ===]
      -> [KNN + TimeVAE @ 5x] Acc: 0.9733, F1: 0.9731, Time: 0.03s
      -> [RandomForest + TimeVAE @ 5x] Acc: 0.9950, F1: 0.9950, Time: 3.37s
      -> [LinearSVC + TimeVAE @ 5x] Acc: 0.8467, F1: 0.8342, Time: 1.09s
      -> [LogisticRegression + TimeVAE @ 5x] Acc: 0.8683, F1: 0.8601, Time: 0.13s
      -> [RNN + TimeVAE @ 5x] Acc: 1.0000, F1: 1.0000, Time: 0.72s
    [=== Generating 10x synthetic data with TimeVAE ===]
      -> [KNN + TimeVAE @ 10x] Acc: 0.9733, F1: 0.9731, Time: 0.07s
      -> [RandomForest + TimeVAE @ 10x] Acc: 0.9583, F1: 0.9578, Time: 7.35s
      -> [LinearSVC + TimeVAE @ 10x] Acc: 0.7533, F1: 0.7090, Time: 2.53s
      -> [LogisticRegression + TimeVAE @ 10x] Acc: 0.8750, F1: 0.8678, Time: 0.56s
      -> [RNN + TimeVAE @ 10x] Acc: 0.8333, F1: 0.8175, Time: 1.89s

    >> Seed Fold Selection: 4/10
    Evaluating Model: KNN
      -> [Baseline] Acc: 0.9767, F1: 0.9765, Time: 0.01s
      HP Tuning KNN...
n_iterations: 3
n_required_iterations: 3
n_possible_iterations: 5
min_resources_: 30
max_resources_: 4600
aggressive_elimination: False
factor: 3
----------
iter: 0
n_candidates: 20
n_resources: 30
Fitting 5 folds for each of 20 candidates, totalling 100 fits
Windows fatal exception: code 0xc0000139

Thread 0x00005d38 (most recent call first):
  File "<frozen importlib._bootstrap>", line 488 in _call_with_frames_removed
  File "<frozen importlib._bootstrap_external>", line 1321 in create_module
  File "<frozen importlib._bootstrap>", line 813 in module_from_spec
  File "<frozen importlib._bootstrap>", line 921 in _load_unlocked
  File "<frozen importlib._bootstrap>", line 1331 in _find_and_load_unlocked
  File "<frozen importlib._bootstrap>", line 1360 in _find_and_load
  File "c:\ProgramData\anaconda3\Lib\site-packages\gmpy2\__init__.py", line 1 in <module>
  File "<frozen importlib._bootstrap>", line 488 in _call_with_frames_removed
  File "<frozen importlib._bootstrap_external>", line 1027 in exec_module
  File "<frozen importlib._bootstrap>", line 935 in _load_unlocked
  File "<frozen importlib._bootstrap>", line 1331 in _find_and_load_unlocked
  File "<frozen importlib._bootstrap>", line 1360 in _find_and_load
  File "c:\ProgramData\anaconda3\Lib\site-packages\mpmath\libmp\backend.py", line 70 in <module>
  File "<frozen importlib._bootstrap>", line 488 in _call_with_frames_removed
  File "<frozen importlib._bootstrap_external>", line 1027 in exec_module
  File "<frozen importlib._bootstrap>", line 935 in _load_unlocked
  File "<frozen importlib._bootstrap>", line 1331 in _find_and_load_unlocked
  File "<frozen importlib._bootstrap>", line 1360 in _find_and_load
  File "c:\ProgramData\anaconda3\Lib\site-packages\mpmath\libmp\libmpf.py", line 17 in <module>
  File "<frozen importlib._bootstrap>", line 488 in _call_with_frames_removed
  File "<frozen importlib._bootstrap_external>", line 1027 in exec_module
  File "<frozen importlib._bootstrap>", line 935 in _load_unlocked
  File "<frozen importlib._bootstrap>", line 1331 in _find_and_load_unlocked
  File "<frozen importlib._bootstrap>", line 1360 in _find_and_load
  File "c:\ProgramData\anaconda3\Lib\site-packages\mpmath\libmp\__init__.py", line 1 in <module>
  File "<frozen importlib._bootstrap>", line 488 in _call_with_frames_removed
  File "<frozen importlib._bootstrap_external>", line 1027 in exec_module
  File "<frozen importlib._bootstrap>", line 935 in _load_unlocked
  File "<frozen importlib._bootstrap>", line 1331 in _find_and_load_unlocked
  File "<frozen importlib._bootstrap>", line 1360 in _find_and_load
  File "<frozen importlib._bootstrap>", line 488 in _call_with_frames_removed
  File "<frozen importlib._bootstrap>", line 1310 in _find_and_load_unlocked
  File "<frozen importlib._bootstrap>", line 1360 in _find_and_load
  File "c:\ProgramData\anaconda3\Lib\site-packages\mpmath\ctx_base.py", line 3 in <module>
  File "<frozen importlib._bootstrap>", line 488 in _call_with_frames_removed
  File "<frozen importlib._bootstrap_external>", line 1027 in exec_module
  File "<frozen importlib._bootstrap>", line 935 in _load_unlocked
  File "<frozen importlib._bootstrap>", line 1331 in _find_and_load_unlocked
  File "<frozen importlib._bootstrap>", line 1360 in _find_and_load
  File "c:\ProgramData\anaconda3\Lib\site-packages\mpmath\ctx_fp.py", line 1 in <module>
  File "<frozen importlib._bootstrap>", line 488 in _call_with_frames_removed
  File "<frozen importlib._bootstrap_external>", line 1027 in exec_module
  File "<frozen importlib._bootstrap>", line 935 in _load_unlocked
  File "<frozen importlib._bootstrap>", line 1331 in _find_and_load_unlocked
  File "<frozen importlib._bootstrap>", line 1360 in _find_and_load
  File "c:\ProgramData\anaconda3\Lib\site-packages\mpmath\__init__.py", line 5 in <module>
  File "<frozen importlib._bootstrap>", line 488 in _call_with_frames_removed
  File "<frozen importlib._bootstrap_external>", line 1027 in exec_module
  File "<frozen importlib._bootstrap>", line 935 in _load_unlocked
  File "<frozen importlib._bootstrap>", line 1331 in _find_and_load_unlocked
  File "<frozen importlib._bootstrap>", line 1360 in _find_and_load
  File "c:\ProgramData\anaconda3\Lib\site-packages\sympy\__init__.py", line 23 in <module>
  File "<frozen importlib._bootstrap>", line 488 in _call_with_frames_removed
  File "<frozen importlib._bootstrap_external>", line 1027 in exec_module
  File "<frozen importlib._bootstrap>", line 935 in _load_unlocked
  File "<frozen importlib._bootstrap>", line 1331 in _find_and_load_unlocked
  File "<frozen importlib._bootstrap>", line 1360 in _find_and_load
  File "<frozen importlib._bootstrap>", line 488 in _call_with_frames_removed
  File "<frozen importlib._bootstrap>", line 1310 in _find_and_load_unlocked
  File "<frozen importlib._bootstrap>", line 1360 in _find_and_load
  File "<frozen importlib._bootstrap>", line 488 in _call_with_frames_removed
  File "<frozen importlib._bootstrap>", line 1310 in _find_and_load_unlocked
  File "<frozen importlib._bootstrap>", line 1360 in _find_and_load
  File "c:\ProgramData\anaconda3\Lib\multiprocessing\queues.py", line 120 in get
  File "c:\ProgramData\anaconda3\Lib\site-packages\joblib\externals\loky\process_executor.py", line 453 in _process_worker
  File "c:\ProgramData\anaconda3\Lib\multiprocessing\process.py", line 108 in run
  File "c:\ProgramData\anaconda3\Lib\multiprocessing\process.py", line 313 in _bootstrap
  File "c:\ProgramData\anaconda3\Lib\site-packages\joblib\externals\loky\backend\popen_loky_win32.py", line 172 in main
  File "<string>", line 1 in <module>
Windows fatal exception: code 0xc0000139

Thread 0x00006ee4 (most recent call first):
  File "<frozen importlib._bootstrap>", line 488 in _call_with_frames_removed
  File "<frozen importlib._bootstrap_external>", line 1321 in create_module
  File "<frozen importlib._bootstrap>", line 813 in module_from_spec
  File "<frozen importlib._bootstrap>", line 921 in _load_unlocked
  File "<frozen importlib._bootstrap>", line 1331 in _find_and_load_unlocked
  File "<frozen importlib._bootstrap>", line 1360 in _find_and_load
  File "c:\ProgramData\anaconda3\Lib\site-packages\gmpy2\__init__.py", line 1 in <module>
  File "<frozen importlib._bootstrap>", line 488 in _call_with_frames_removed
  File "<frozen importlib._bootstrap_external>", line 1027 in exec_module
  File "<frozen importlib._bootstrap>", line 935 in _load_unlocked
  File "<frozen importlib._bootstrap>", line 1331 in _find_and_load_unlocked
  File "<frozen importlib._bootstrap>", line 1360 in _find_and_load
  File "c:\ProgramData\anaconda3\Lib\site-packages\mpmath\libmp\backend.py", line 70 in <module>
  File "<frozen importlib._bootstrap>", line 488 in _call_with_frames_removed
  File "<frozen importlib._bootstrap_external>", line 1027 in exec_module
  File "<frozen importlib._bootstrap>", line 935 in _load_unlocked
  File "<frozen importlib._bootstrap>", line 1331 in _find_and_load_unlocked
  File "<frozen importlib._bootstrap>", line 1360 in _find_and_load
  File "c:\ProgramData\anaconda3\Lib\site-packages\mpmath\libmp\libmpf.py", line 17 in <module>
  File "<frozen importlib._bootstrap>", line 488 in _call_with_frames_removed
  File "<frozen importlib._bootstrap_external>", line 1027 in exec_module
  File "<frozen importlib._bootstrap>", line 935 in _load_unlocked
  File "<frozen importlib._bootstrap>", line 1331 in _find_and_load_unlocked
  File "<frozen importlib._bootstrap>", line 1360 in _find_and_load
  File "c:\ProgramData\anaconda3\Lib\site-packages\mpmath\libmp\__init__.py", line 1 in <module>
  File "<frozen importlib._bootstrap>", line 488 in _call_with_frames_removed
  File "<frozen importlib._bootstrap_external>", line 1027 in exec_module
  File "<frozen importlib._bootstrap>", line 935 in _load_unlocked
  File "<frozen importlib._bootstrap>", line 1331 in _find_and_load_unlocked
  File "<frozen importlib._bootstrap>", line 1360 in _find_and_load
  File "<frozen importlib._bootstrap>", line 488 in _call_with_frames_removed
  File "<frozen importlib._bootstrap>", line 1310 in _find_and_load_unlocked
  File "<frozen importlib._bootstrap>", line 1360 in _find_and_load
  File "c:\ProgramData\anaconda3\Lib\site-packages\mpmath\ctx_base.py", line 3 in <module>
  File "<frozen importlib._bootstrap>", line 488 in _call_with_frames_removed
  File "<frozen importlib._bootstrap_external>", line 1027 in exec_module
  File "<frozen importlib._bootstrap>", line 935 in _load_unlocked
  File "<frozen importlib._bootstrap>", line 1331 in _find_and_load_unlocked
  File "<frozen importlib._bootstrap>", line 1360 in _find_and_load
  File "c:\ProgramData\anaconda3\Lib\site-packages\mpmath\ctx_fp.py", line 1 in <module>
  File "<frozen importlib._bootstrap>", line 488 in _call_with_frames_removed
  File "<frozen importlib._bootstrap_external>", line 1027 in exec_module
  File "<frozen importlib._bootstrap>", line 935 in _load_unlocked
  File "<frozen importlib._bootstrap>", line 1331 in _find_and_load_unlocked
  File "<frozen importlib._bootstrap>", line 1360 in _find_and_load
  File "c:\ProgramData\anaconda3\Lib\site-packages\mpmath\__init__.py", line 5 in <module>
  File "<frozen importlib._bootstrap>", line 488 in _call_with_frames_removed
  File "<frozen importlib._bootstrap_external>", line 1027 in exec_module
  File "<frozen importlib._bootstrap>", line 935 in _load_unlocked
  File "<frozen importlib._bootstrap>", line 1331 in _find_and_load_unlocked
  File "<frozen importlib._bootstrap>", line 1360 in _find_and_load
  File "c:\ProgramData\anaconda3\Lib\site-packages\sympy\__init__.py", line 23 in <module>
  File "<frozen importlib._bootstrap>", line 488 in _call_with_frames_removed
  File "<frozen importlib._bootstrap_external>", line 1027 in exec_module
  File "<frozen importlib._bootstrap>", line 935 in _load_unlocked
  File "<frozen importlib._bootstrap>", line 1331 in _find_and_load_unlocked
  File "<frozen importlib._bootstrap>", line 1360 in _find_and_load
  File "<frozen importlib._bootstrap>", line 488 in _call_with_frames_removed
  File "<frozen importlib._bootstrap>", line 1310 in _find_and_load_unlocked
  File "<frozen importlib._bootstrap>", line 1360 in _find_and_load
  File "<frozen importlib._bootstrap>", line 488 in _call_with_frames_removed
  File "<frozen importlib._bootstrap>", line 1310 in _find_and_load_unlocked
  File "<frozen importlib._bootstrap>", line 1360 in _find_and_load
  File "c:\ProgramData\anaconda3\Lib\multiprocessing\queues.py", line 120 in get
  File "c:\ProgramData\anaconda3\Lib\site-packages\joblib\externals\loky\process_executor.py", line 453 in _process_worker
  File "c:\ProgramData\anaconda3\Lib\multiprocessing\process.py", line 108 in run
  File "c:\ProgramData\anaconda3\Lib\multiprocessing\process.py", line 313 in _bootstrap
  File "c:\ProgramData\anaconda3\Lib\site-packages\joblib\externals\loky\backend\popen_loky_win32.py", line 172 in main
  File "<string>", line 1 in <module>
Windows fatal exception: code 0xc0000139

Thread 0x00006f2c (most recent call first):
  File "<frozen importlib._bootstrap>", line 488 in _call_with_frames_removed
  File "<frozen importlib._bootstrap_external>", line 1321 in create_module
  File "<frozen importlib._bootstrap>", line 813 in module_from_spec
  File "<frozen importlib._bootstrap>", line 921 in _load_unlocked
  File "<frozen importlib._bootstrap>", line 1331 in _find_and_load_unlocked
  File "<frozen importlib._bootstrap>", line 1360 in _find_and_load
  File "c:\ProgramData\anaconda3\Lib\site-packages\gmpy2\__init__.py", line 1 in <module>
  File "<frozen importlib._bootstrap>", line 488 in _call_with_frames_removed
  File "<frozen importlib._bootstrap_external>", line 1027 in exec_module
  File "<frozen importlib._bootstrap>", line 935 in _load_unlocked
  File "<frozen importlib._bootstrap>", line 1331 in _find_and_load_unlocked
  File "<frozen importlib._bootstrap>", line 1360 in _find_and_load
  File "c:\ProgramData\anaconda3\Lib\site-packages\mpmath\libmp\backend.py", line 70 in <module>
  File "<frozen importlib._bootstrap>", line 488 in _call_with_frames_removed
  File "<frozen importlib._bootstrap_external>", line 1027 in exec_module
  File "<frozen importlib._bootstrap>", line 935 in _load_unlocked
  File "<frozen importlib._bootstrap>", line 1331 in _find_and_load_unlocked
  File "<frozen importlib._bootstrap>", line 1360 in _find_and_load
  File "c:\ProgramData\anaconda3\Lib\site-packages\mpmath\libmp\libmpf.py", line 17 in <module>
  File "<frozen importlib._bootstrap>", line 488 in _call_with_frames_removed
  File "<frozen importlib._bootstrap_external>", line 1027 in exec_module
  File "<frozen importlib._bootstrap>", line 935 in _load_unlocked
  File "<frozen importlib._bootstrap>", line 1331 in _find_and_load_unlocked
  File "<frozen importlib._bootstrap>", line 1360 in _find_and_load
  File "c:\ProgramData\anaconda3\Lib\site-packages\mpmath\libmp\__init__.py", line 1 in <module>
  File "<frozen importlib._bootstrap>", line 488 in _call_with_frames_removed
  File "<frozen importlib._bootstrap_external>", line 1027 in exec_module
  File "<frozen importlib._bootstrap>", line 935 in _load_unlocked
  File "<frozen importlib._bootstrap>", line 1331 in _find_and_load_unlocked
  File "<frozen importlib._bootstrap>", line 1360 in _find_and_load
  File "<frozen importlib._bootstrap>", line 488 in _call_with_frames_removed
  File "<frozen importlib._bootstrap>", line 1310 in _find_and_load_unlocked
  File "<frozen importlib._bootstrap>", line 1360 in _find_and_load
  File "c:\ProgramData\anaconda3\Lib\site-packages\mpmath\ctx_base.py", line 3 in <module>
  File "<frozen importlib._bootstrap>", line 488 in _call_with_frames_removed
  File "<frozen importlib._bootstrap_external>", line 1027 in exec_module
  File "<frozen importlib._bootstrap>", line 935 in _load_unlocked
  File "<frozen importlib._bootstrap>", line 1331 in _find_and_load_unlocked
  File "<frozen importlib._bootstrap>", line 1360 in _find_and_load
  File "c:\ProgramData\anaconda3\Lib\site-packages\mpmath\ctx_fp.py", line 1 in <module>
  File "<frozen importlib._bootstrap>", line 488 in _call_with_frames_removed
  File "<frozen importlib._bootstrap_external>", line 1027 in exec_module
  File "<frozen importlib._bootstrap>", line 935 in _load_unlocked
  File "<frozen importlib._bootstrap>", line 1331 in _find_and_load_unlocked
  File "<frozen importlib._bootstrap>", line 1360 in _find_and_load
  File "c:\ProgramData\anaconda3\Lib\site-packages\mpmath\__init__.py", line 5 in <module>
  File "<frozen importlib._bootstrap>", line 488 in _call_with_frames_removed
  File "<frozen importlib._bootstrap_external>", line 1027 in exec_module
  File "<frozen importlib._bootstrap>", line 935 in _load_unlocked
  File "<frozen importlib._bootstrap>", line 1331 in _find_and_load_unlocked
  File "<frozen importlib._bootstrap>", line 1360 in _find_and_load
  File "c:\ProgramData\anaconda3\Lib\site-packages\sympy\__init__.py", line 23 in <module>
  File "<frozen importlib._bootstrap>", line 488 in _call_with_frames_removed
  File "<frozen importlib._bootstrap_external>", line 1027 in exec_module
  File "<frozen importlib._bootstrap>", line 935 in _load_unlocked
  File "<frozen importlib._bootstrap>", line 1331 in _find_and_load_unlocked
  File "<frozen importlib._bootstrap>", line 1360 in _find_and_load
  File "<frozen importlib._bootstrap>", line 488 in _call_with_frames_removed
  File "<frozen importlib._bootstrap>", line 1310 in _find_and_load_unlocked
  File "<frozen importlib._bootstrap>", line 1360 in _find_and_load
  File "<frozen importlib._bootstrap>", line 488 in _call_with_frames_removed
  File "<frozen importlib._bootstrap>", line 1310 in _find_and_load_unlocked
  File "<frozen importlib._bootstrap>", line 1360 in _find_and_load
  File "c:\ProgramData\anaconda3\Lib\multiprocessing\queues.py", line 120 in get
  File "c:\ProgramData\anaconda3\Lib\site-packages\joblib\externals\loky\process_executor.py", line 453 in _process_worker
  File "c:\ProgramData\anaconda3\Lib\multiprocessing\process.py", line 108 in run
  File "c:\ProgramData\anaconda3\Lib\multiprocessing\process.py", line 313 in _bootstrap
  File "c:\ProgramData\anaconda3\Lib\site-packages\joblib\externals\loky\backend\popen_loky_win32.py", line 172 in main
  File "<string>", line 1 in <module>
Windows fatal exception: code 0xc0000139

Thread 0x00006ee4 (most recent call first):
  File "<frozen importlib._bootstrap>", line 488 in _call_with_frames_removed
  File "<frozen importlib._bootstrap_external>", line 1321 in create_module
  File "<frozen importlib._bootstrap>", line 813 in module_from_spec
  File "<frozen importlib._bootstrap>", line 921 in _load_unlocked
  File "<frozen importlib._bootstrap>", line 1331 in _find_and_load_unlocked
  File "<frozen importlib._bootstrap>", line 1360 in _find_and_load
  File "c:\ProgramData\anaconda3\Lib\site-packages\gmpy2\__init__.py", line 1 in <module>
  File "<frozen importlib._bootstrap>", line 488 in _call_with_frames_removed
  File "<frozen importlib._bootstrap_external>", line 1027 in exec_module
  File "<frozen importlib._bootstrap>", line 935 in _load_unlocked
  File "<frozen importlib._bootstrap>", line 1331 in _find_and_load_unlocked
  File "<frozen importlib._bootstrap>", line 1360 in _find_and_load
  File "c:\ProgramData\anaconda3\Lib\site-packages\sympy\external\importtools.py", line 145 in import_module
  File "c:\ProgramData\anaconda3\Lib\site-packages\sympy\external\gmpy.py", line 139 in _get_gmpy2
  File "c:\ProgramData\anaconda3\Lib\site-packages\sympy\external\gmpy.py", line 167 in <module>
  File "<frozen importlib._bootstrap>", line 488 in _call_with_frames_removed
  File "<frozen importlib._bootstrap_external>", line 1027 in exec_module
  File "<frozen importlib._bootstrap>", line 935 in _load_unlocked
  File "<frozen importlib._bootstrap>", line 1331 in _find_and_load_unlocked
  File "<frozen importlib._bootstrap>", line 1360 in _find_and_load
  File "c:\ProgramData\anaconda3\Lib\site-packages\sympy\core\evalf.py", line 26 in <module>
  File "<frozen importlib._bootstrap>", line 488 in _call_with_frames_removed
  File "<frozen importlib._bootstrap_external>", line 1027 in exec_module
  File "<frozen importlib._bootstrap>", line 935 in _load_unlocked
  File "<frozen importlib._bootstrap>", line 1331 in _find_and_load_unlocked
  File "<frozen importlib._bootstrap>", line 1360 in _find_and_load
  File "c:\ProgramData\anaconda3\Lib\site-packages\sympy\core\expr.py", line 11 in <module>
  File "<frozen importlib._bootstrap>", line 488 in _call_with_frames_removed
  File "<frozen importlib._bootstrap_external>", line 1027 in exec_module
  File "<frozen importlib._bootstrap>", line 935 in _load_unlocked
  File "<frozen importlib._bootstrap>", line 1331 in _find_and_load_unlocked
  File "<frozen importlib._bootstrap>", line 1360 in _find_and_load
  File "c:\ProgramData\anaconda3\Lib\site-packages\sympy\core\__init__.py", line 9 in <module>
  File "<frozen importlib._bootstrap>", line 488 in _call_with_frames_removed
  File "<frozen importlib._bootstrap_external>", line 1027 in exec_module
  File "<frozen importlib._bootstrap>", line 935 in _load_unlocked
  File "<frozen importlib._bootstrap>", line 1331 in _find_and_load_unlocked
  File "<frozen importlib._bootstrap>", line 1360 in _find_and_load
  File "<frozen importlib._bootstrap>", line 488 in _call_with_frames_removed
  File "<frozen importlib._bootstrap>", line 1310 in _find_and_load_unlocked
  File "<frozen importlib._bootstrap>", line 1360 in _find_and_load
  File "c:\ProgramData\anaconda3\Lib\site-packages\sympy\__init__.py", line 31 in <module>
  File "<frozen importlib._bootstrap>", line 488 in _call_with_frames_removed
  File "<frozen importlib._bootstrap_external>", line 1027 in exec_module
  File "<frozen importlib._bootstrap>", line 935 in _load_unlocked
  File "<frozen importlib._bootstrap>", line 1331 in _find_and_load_unlocked
  File "<frozen importlib._bootstrap>Windows fatal exception: ", line 1360 in _find_and_load
  File "<frozen importlib._bootstrap>", line 488 in code 0x_call_with_frames_removed
  File "<frozen importlib._bootstrap>", line 1310c0000139

 in _find_and_load_unlockedThread 0x
  File "<frozen importlib._bootstrap>", line 1360 in _find_and_load00005d38
  File "<frozen importlib._bootstrap> (most recent call first):
  File "<frozen importlib._bootstrap>", line 488 in _call_with_frames_removed
  File "<frozen importlib._bootstrap_external>", line 1321 in create_module
  File "<frozen importlib._bootstrap>", line 813" in module_from_spec
  File "<frozen importlib._bootstrap>", line 488 in , line 921 in _load_unlocked
_call_with_frames_removed
  File "<frozen importlib._bootstrap>", line 1331 in _find_and_load_unlocked
  File "<frozen importlib._bootstrap>", line 1360 in _find_and_load
  File "c:\ProgramData\anaconda3\Lib\site-packages\gmpy2\__init__.py", line 1 in <module>
  File "<frozen importlib._bootstrap>", line 488 in _call_with_frames_removed  File 
  File "<frozen importlib._bootstrap_external>"<frozen importlib._bootstrap>", line 1310" in _find_and_load_unlocked
  File "<frozen importlib._bootstrap>", line 1360 in , line 1027 in exec_module_find_and_load
  File 
  File "c:\ProgramData\anaconda3\Lib\multiprocessing\queues.py", line 120 in get
"<frozen importlib._bootstrap>", line   File "c:\ProgramData\anaconda3\Lib\site-packages\joblib\externals\loky\process_executor.py"935 in _load_unlocked, line 453 in 
  File "<frozen importlib._bootstrap>", line 1331 in _find_and_load_unlocked
  File "<frozen importlib._bootstrap>", line 1360 in _find_and_load
  File "_process_worker
  File "c:\ProgramData\anaconda3\Lib\multiprocessing\process.pyc:\ProgramData\anaconda3\Lib\site-packages\sympy\external\importtools.py"", line 108, line 145 in run
 in import_module
  File "  File "c:\ProgramData\anaconda3\Lib\multiprocessing\process.pyc:\ProgramData\anaconda3\Lib\site-packages\sympy\external\gmpy.py"", line 139, line 313 in  in _get_gmpy2_bootstrap
  File 
  File "c:\ProgramData\anaconda3\Lib\site-packages\joblib\externals\loky\backend\popen_loky_win32.py""c:\ProgramData\anaconda3\Lib\site-packages\sympy\external\gmpy.py", line , line 172 in main
167 in   File "<string>", line 1<module>
 in <module>
  File "<frozen importlib._bootstrap>", line 488 in _call_with_frames_removed
  File "<frozen importlib._bootstrap_external>", line 1027 in exec_module
  File "<frozen importlib._bootstrap>", line 935 in _load_unlocked
  File "<frozen importlib._bootstrap>", line 1331 in _find_and_load_unlocked
  File "<frozen importlib._bootstrap>", line 1360 in _find_and_load
  File "c:\ProgramData\anaconda3\Lib\site-packages\sympy\core\evalf.py", line 26 in <module>
  File "<frozen importlib._bootstrap>", line 488 in _call_with_frames_removed
  File "<frozen importlib._bootstrap_external>", line 1027 in exec_module
  File "<frozen importlib._bootstrap>", line 935 in _load_unlocked
  File "<frozen importlib._bootstrap>", line 1331 in _find_and_load_unlocked
  File "<frozen importlib._bootstrap>", line 1360 in _find_and_load
  File "c:\ProgramData\anaconda3\Lib\site-packages\sympy\core\expr.py", line 11 in <module>
  File "<frozen importlib._bootstrap>", line 488 in _call_with_frames_removed
  File "<frozen importlib._bootstrap_external>", line 1027 in exec_module
  File "<frozen importlib._bootstrap>", line 935 in _load_unlocked
  File "<frozen importlib._bootstrap>", line 1331 in _find_and_load_unlocked
  File "<frozen importlib._bootstrap>", line 1360 in _find_and_load
  File "c:\ProgramData\anaconda3\Lib\site-packages\sympy\core\__init__.py", line 9 in <module>
  File "<frozen importlib._bootstrap>", line 488 in _call_with_frames_removed
  File "<frozen importlib._bootstrap_external>", line 1027 in exec_module
  File "<frozen importlib._bootstrap>", line 935 in _load_unlocked
  File "<frozen importlib._bootstrap>", line 1331 in _find_and_load_unlocked
  File "<frozen importlib._bootstrap>", line 1360 in _find_and_load
  File "<frozen importlib._bootstrap>", line 488 in _call_with_frames_removed
  File "<frozen importlib._bootstrap>", line 1310 in _find_and_load_unlocked
  File "<frozen importlib._bootstrap>", line 1360 in _find_and_load
  File "c:\ProgramData\anaconda3\Lib\site-packages\sympy\__init__.py", line 31 in <module>
  File "<frozen importlib._bootstrap>", line 488 in _call_with_frames_removed
  File "<frozen importlib._bootstrap_external>", line 1027 in exec_module
  File "<frozen importlib._bootstrap>", line 935 in _load_unlocked
  File "<frozen importlib._bootstrap>", line 1331 in _find_and_load_unlocked
  File "<frozen importlib._bootstrap>", line 1360 in _find_and_load
  File "<frozen importlib._bootstrap>", line 488 in _call_with_frames_removed
  File "<frozen importlib._bootstrap>", line 1310 in _find_and_load_unlocked
  File "<frozen importlib._bootstrap>", line 1360 in _find_and_load
  File "<frozen importlib._bootstrap>", line 488 in _call_with_frames_removed
  File "<frozen importlib._bootstrap>", line 1310 in _find_and_load_unlocked
  File "<frozen importlib._bootstrap>", line 1360 in _find_and_load
  File "c:\ProgramData\anaconda3\Lib\multiprocessing\queues.py", line 120 in get
  File "c:\ProgramData\anaconda3\Lib\site-packages\joblib\externals\loky\process_executor.py", line 453 in _process_worker
  File "c:\ProgramData\anaconda3\Lib\multiprocessing\process.py", line 108 in run
  File "c:\ProgramData\anaconda3\Lib\multiprocessing\process.py", line 313 in _bootstrap
  File "c:\ProgramData\anaconda3\Lib\site-packages\joblib\externals\loky\backend\popen_loky_win32.py", line 172 in main
  File "<string>", line 1 in <module>
Windows fatal exception: code 0xc0000139

Thread 0x00006f2c (most recent call first):
  File "<frozen importlib._bootstrap>", line 488 in _call_with_frames_removed
  File "<frozen importlib._bootstrap_external>", line 1321 in create_module
  File "<frozen importlib._bootstrap>", line 813 in module_from_spec
  File "<frozen importlib._bootstrap>", line 921 in _load_unlocked
  File "<frozen importlib._bootstrap>", line 1331 in _find_and_load_unlocked
  File "<frozen importlib._bootstrap>", line 1360 in _find_and_load
  File "c:\ProgramData\anaconda3\Lib\site-packages\gmpy2\__init__.py", line 1 in <module>
  File "<frozen importlib._bootstrap>", line 488 in _call_with_frames_removed
  File "<frozen importlib._bootstrap_external>", line 1027 in exec_module
  File "<frozen importlib._bootstrap>", line 935 in _load_unlocked
  File "<frozen importlib._bootstrap>", line 1331 in _find_and_load_unlocked
  File "<frozen importlib._bootstrap>", line 1360 in _find_and_load
  File "c:\ProgramData\anaconda3\Lib\site-packages\sympy\external\importtools.py", line 145 in import_module
  File "c:\ProgramData\anaconda3\Lib\site-packages\sympy\external\gmpy.py", line 139 in _get_gmpy2
  File "c:\ProgramData\anaconda3\Lib\site-packages\sympy\external\gmpy.py", line 167 in <module>
  File "<frozen importlib._bootstrap>", line 488 in _call_with_frames_removed
  File "<frozen importlib._bootstrap_external>", line 1027 in exec_module
  File "<frozen importlib._bootstrap>", line 935 in _load_unlocked
  File "<frozen importlib._bootstrap>", line 1331 in _find_and_load_unlocked
  File "<frozen importlib._bootstrap>", line 1360 in _find_and_load
  File "c:\ProgramData\anaconda3\Lib\site-packages\sympy\core\evalf.py", line 26 in <module>
  File "<frozen importlib._bootstrap>", line 488 in _call_with_frames_removed
  File "<frozen importlib._bootstrap_external>", line 1027 in exec_module
  File "<frozen importlib._bootstrap>", line 935 in _load_unlocked
  File "<frozen importlib._bootstrap>", line 1331 in _find_and_load_unlocked
  File "<frozen importlib._bootstrap>", line 1360 in _find_and_load
  File "c:\ProgramData\anaconda3\Lib\site-packages\sympy\core\expr.py", line 11 in <module>
  File "<frozen importlib._bootstrap>", line 488 in _call_with_frames_removed
  File "<frozen importlib._bootstrap_external>", line 1027 in exec_module
  File "<frozen importlib._bootstrap>", line 935 in _load_unlocked
  File "<frozen importlib._bootstrap>", line 1331 in _find_and_load_unlocked
  File "<frozen importlib._bootstrap>", line 1360 in _find_and_load
  File "c:\ProgramData\anaconda3\Lib\site-packages\sympy\core\__init__.py", line 9 in <module>
  File "<frozen importlib._bootstrap>", line 488 in _call_with_frames_removed
  File "<frozen importlib._bootstrap_external>", line 1027 in exec_module
  File "<frozen importlib._bootstrap>", line 935 in _load_unlocked
  File "<frozen importlib._bootstrap>", line 1331 in _find_and_load_unlocked
  File "<frozen importlib._bootstrap>", line 1360 in _find_and_load
  File "<frozen importlib._bootstrap>", line 488 in _call_with_frames_removed
  File "<frozen importlib._bootstrap>", line 1310 in _find_and_load_unlocked
  File "<frozen importlib._bootstrap>", line 1360 in _find_and_load
  File "c:\ProgramData\anaconda3\Lib\site-packages\sympy\__init__.py", line 31 in <module>
  File "<frozen importlib._bootstrap>", line 488 in _call_with_frames_removed
  File "<frozen importlib._bootstrap_external>", line 1027 in exec_module
  File "<frozen importlib._bootstrap>", line 935 in _load_unlocked
  File "<frozen importlib._bootstrap>", line 1331 in _find_and_load_unlocked
  File "<frozen importlib._bootstrap>", line 1360 in _find_and_load
  File "<frozen importlib._bootstrap>", line 488 in _call_with_frames_removed
  File "<frozen importlib._bootstrap>", line 1310 in _find_and_load_unlocked
  File "<frozen importlib._bootstrap>", line 1360 in _find_and_load
  File "<frozen importlib._bootstrap>", line 488 in _call_with_frames_removed
  File "<frozen importlib._bootstrap>", line 1310 in _find_and_load_unlocked
  File "<frozen importlib._bootstrap>", line 1360 in _find_and_load
  File "c:\ProgramData\anaconda3\Lib\multiprocessing\queues.py", line 120 in get
  File "c:\ProgramData\anaconda3\Lib\site-packages\joblib\externals\loky\process_executor.py", line 453 in _process_worker
  File "c:\ProgramData\anaconda3\Lib\multiprocessing\process.py", line 108 in run
  File "c:\ProgramData\anaconda3\Lib\multiprocessing\process.py", line 313 in _bootstrap
  File "c:\ProgramData\anaconda3\Lib\site-packages\joblib\externals\loky\backend\popen_loky_win32.py", line 172 in main
  File "<string>", line 1 in <module>
----------
iter: 1
n_candidates: 7
n_resources: 90
Fitting 5 folds for each of 7 candidates, totalling 35 fits
----------
iter: 2
n_candidates: 3
n_resources: 270
Fitting 5 folds for each of 3 candidates, totalling 15 fits
      -> [Tuned_Baseline] Acc: 0.9767, F1: 0.9765, Time: 0.00s
    Evaluating Model: RandomForest
      -> [Baseline] Acc: 0.9883, F1: 0.9884, Time: 0.80s
      HP Tuning RandomForest...
n_iterations: 3
n_required_iterations: 3
n_possible_iterations: 5
min_resources_: 30
max_resources_: 4600
aggressive_elimination: False
factor: 3
----------
iter: 0
n_candidates: 20
n_resources: 30
Fitting 5 folds for each of 20 candidates, totalling 100 fits
----------
iter: 1
n_candidates: 7
n_resources: 90
Fitting 5 folds for each of 7 candidates, totalling 35 fits
----------
iter: 2
n_candidates: 3
n_resources: 270
Fitting 5 folds for each of 3 candidates, totalling 15 fits
      -> [Tuned_Baseline] Acc: 0.9883, F1: 0.9884, Time: 0.00s
    Evaluating Model: LinearSVC
      -> [Baseline] Acc: 0.8600, F1: 0.8504, Time: 0.02s
      HP Tuning LinearSVC...
n_iterations: 3
n_required_iterations: 3
n_possible_iterations: 5
min_resources_: 30
max_resources_: 4600
aggressive_elimination: False
factor: 3
----------
iter: 0
n_candidates: 20
n_resources: 30
Fitting 5 folds for each of 20 candidates, totalling 100 fits
----------
iter: 1
n_candidates: 7
n_resources: 90
Fitting 5 folds for each of 7 candidates, totalling 35 fits
----------
iter: 2
n_candidates: 3
n_resources: 270
Fitting 5 folds for each of 3 candidates, totalling 15 fits
      -> [Tuned_Baseline] Acc: 0.8650, F1: 0.8562, Time: 0.00s
    Evaluating Model: LogisticRegression
      -> [Baseline] Acc: 0.8750, F1: 0.8678, Time: 0.05s
      HP Tuning LogisticRegression...
n_iterations: 3
n_required_iterations: 3
n_possible_iterations: 5
min_resources_: 30
max_resources_: 4600
aggressive_elimination: False
factor: 3
----------
iter: 0
n_candidates: 12
n_resources: 30
Fitting 5 folds for each of 12 candidates, totalling 60 fits
----------
iter: 1
n_candidates: 4
n_resources: 90
Fitting 5 folds for each of 4 candidates, totalling 20 fits
----------
iter: 2
n_candidates: 2
n_resources: 270
Fitting 5 folds for each of 2 candidates, totalling 10 fits
      -> [Tuned_Baseline] Acc: 0.8833, F1: 0.8773, Time: 0.00s
    Evaluating Model: RNN
      -> [Baseline] Acc: 0.8333, F1: 0.7667, Time: 0.24s
      -> [Tuned_Baseline] Acc: 0.8333, F1: 0.7667, Time: 0.00s
    [=== Generating 2x synthetic data with Jittering ===]
      -> [KNN + Jittering @ 2x] Acc: 0.9767, F1: 0.9765, Time: 0.02s
      -> [RandomForest + Jittering @ 2x] Acc: 0.9750, F1: 0.9749, Time: 0.72s
      -> [LinearSVC + Jittering @ 2x] Acc: 0.8600, F1: 0.8504, Time: 0.03s
      -> [LogisticRegression + Jittering @ 2x] Acc: 0.8800, F1: 0.8735, Time: 0.08s
      -> [RNN + Jittering @ 2x] Acc: 0.8333, F1: 0.8175, Time: 0.33s
    [=== Generating 3x synthetic data with Jittering ===]
      -> [KNN + Jittering @ 3x] Acc: 0.9767, F1: 0.9765, Time: 0.02s
      -> [RandomForest + Jittering @ 3x] Acc: 0.9633, F1: 0.9636, Time: 1.03s
      -> [LinearSVC + Jittering @ 3x] Acc: 0.8600, F1: 0.8504, Time: 0.04s
      -> [LogisticRegression + Jittering @ 3x] Acc: 0.8783, F1: 0.8716, Time: 0.18s
      -> [RNN + Jittering @ 3x] Acc: 0.6667, F1: 0.5952, Time: 0.65s
    [=== Generating 5x synthetic data with Jittering ===]
      -> [KNN + Jittering @ 5x] Acc: 0.9767, F1: 0.9765, Time: 0.03s
      -> [RandomForest + Jittering @ 5x] Acc: 0.9917, F1: 0.9917, Time: 1.73s
      -> [LinearSVC + Jittering @ 5x] Acc: 0.8600, F1: 0.8504, Time: 0.06s
      -> [LogisticRegression + Jittering @ 5x] Acc: 0.8800, F1: 0.8735, Time: 0.23s
      -> [RNN + Jittering @ 5x] Acc: 1.0000, F1: 1.0000, Time: 0.78s
    [=== Generating 10x synthetic data with Jittering ===]
      -> [KNN + Jittering @ 10x] Acc: 0.9767, F1: 0.9765, Time: 0.06s
      -> [RandomForest + Jittering @ 10x] Acc: 0.9967, F1: 0.9967, Time: 3.70s
      -> [LinearSVC + Jittering @ 10x] Acc: 0.8600, F1: 0.8500, Time: 0.22s
      -> [LogisticRegression + Jittering @ 10x] Acc: 0.8767, F1: 0.8697, Time: 0.56s
      -> [RNN + Jittering @ 10x] Acc: 0.8333, F1: 0.7667, Time: 1.57s
    [=== Generating 2x synthetic data with Scaling ===]
      -> [KNN + Scaling @ 2x] Acc: 0.9767, F1: 0.9765, Time: 0.01s
      -> [RandomForest + Scaling @ 2x] Acc: 0.9850, F1: 0.9850, Time: 0.62s
      -> [LinearSVC + Scaling @ 2x] Acc: 0.8350, F1: 0.8195, Time: 0.03s
      -> [LogisticRegression + Scaling @ 2x] Acc: 0.8700, F1: 0.8620, Time: 0.09s
      -> [RNN + Scaling @ 2x] Acc: 1.0000, F1: 1.0000, Time: 0.33s
    [=== Generating 3x synthetic data with Scaling ===]
      -> [KNN + Scaling @ 3x] Acc: 0.9767, F1: 0.9765, Time: 0.02s
      -> [RandomForest + Scaling @ 3x] Acc: 0.9967, F1: 0.9967, Time: 1.03s
      -> [LinearSVC + Scaling @ 3x] Acc: 0.8417, F1: 0.8283, Time: 0.03s
      -> [LogisticRegression + Scaling @ 3x] Acc: 0.8767, F1: 0.8697, Time: 0.12s
      -> [RNN + Scaling @ 3x] Acc: 0.8333, F1: 0.8175, Time: 0.59s
    [=== Generating 5x synthetic data with Scaling ===]
      -> [KNN + Scaling @ 5x] Acc: 0.9767, F1: 0.9765, Time: 0.04s
      -> [RandomForest + Scaling @ 5x] Acc: 0.9967, F1: 0.9967, Time: 1.77s
      -> [LinearSVC + Scaling @ 5x] Acc: 0.8283, F1: 0.8117, Time: 0.05s
      -> [LogisticRegression + Scaling @ 5x] Acc: 0.8633, F1: 0.8543, Time: 0.18s
      -> [RNN + Scaling @ 5x] Acc: 0.8333, F1: 0.8175, Time: 0.89s
    [=== Generating 10x synthetic data with Scaling ===]
      -> [KNN + Scaling @ 10x] Acc: 0.9817, F1: 0.9816, Time: 0.06s
      -> [RandomForest + Scaling @ 10x] Acc: 0.9983, F1: 0.9983, Time: 4.54s
      -> [LinearSVC + Scaling @ 10x] Acc: 0.8283, F1: 0.8117, Time: 0.44s
      -> [LogisticRegression + Scaling @ 10x] Acc: 0.8650, F1: 0.8562, Time: 0.61s
      -> [RNN + Scaling @ 10x] Acc: 1.0000, F1: 1.0000, Time: 2.15s
    [=== Generating 2x synthetic data with Magnitude_Warping ===]
      -> [KNN + Magnitude_Warping @ 2x] Acc: 0.9783, F1: 0.9782, Time: 0.02s
      -> [RandomForest + Magnitude_Warping @ 2x] Acc: 0.9517, F1: 0.9521, Time: 0.73s
      -> [LinearSVC + Magnitude_Warping @ 2x] Acc: 0.8267, F1: 0.8096, Time: 0.02s
      -> [LogisticRegression + Magnitude_Warping @ 2x] Acc: 0.8350, F1: 0.8201, Time: 0.05s
      -> [RNN + Magnitude_Warping @ 2x] Acc: 0.8333, F1: 0.7667, Time: 0.40s
    [=== Generating 3x synthetic data with Magnitude_Warping ===]
      -> [KNN + Magnitude_Warping @ 3x] Acc: 0.9883, F1: 0.9883, Time: 0.02s
      -> [RandomForest + Magnitude_Warping @ 3x] Acc: 0.9983, F1: 0.9983, Time: 1.16s
      -> [LinearSVC + Magnitude_Warping @ 3x] Acc: 0.8283, F1: 0.8117, Time: 0.03s
      -> [LogisticRegression + Magnitude_Warping @ 3x] Acc: 0.8317, F1: 0.8164, Time: 0.07s
      -> [RNN + Magnitude_Warping @ 3x] Acc: 0.8333, F1: 0.8175, Time: 0.65s
    [=== Generating 5x synthetic data with Magnitude_Warping ===]
      -> [KNN + Magnitude_Warping @ 5x] Acc: 0.9950, F1: 0.9950, Time: 0.04s
      -> [RandomForest + Magnitude_Warping @ 5x] Acc: 0.9550, F1: 0.9554, Time: 2.11s
      -> [LinearSVC + Magnitude_Warping @ 5x] Acc: 0.8250, F1: 0.8085, Time: 0.07s
      -> [LogisticRegression + Magnitude_Warping @ 5x] Acc: 0.8300, F1: 0.8138, Time: 0.15s
      -> [RNN + Magnitude_Warping @ 5x] Acc: 0.8333, F1: 0.8175, Time: 1.25s
    [=== Generating 10x synthetic data with Magnitude_Warping ===]
      -> [KNN + Magnitude_Warping @ 10x] Acc: 0.9883, F1: 0.9883, Time: 0.07s
      -> [RandomForest + Magnitude_Warping @ 10x] Acc: 0.9983, F1: 0.9983, Time: 5.10s
      -> [LinearSVC + Magnitude_Warping @ 10x] Acc: 0.8200, F1: 0.8038, Time: 0.16s
      -> [LogisticRegression + Magnitude_Warping @ 10x] Acc: 0.8250, F1: 0.8085, Time: 0.24s
      -> [RNN + Magnitude_Warping @ 10x] Acc: 1.0000, F1: 1.0000, Time: 1.71s
    [=== Generating 2x synthetic data with Time_Warping ===]
      -> [KNN + Time_Warping @ 2x] Acc: 0.9800, F1: 0.9799, Time: 0.02s
      -> [RandomForest + Time_Warping @ 2x] Acc: 0.9117, F1: 0.9124, Time: 0.76s
      -> [LinearSVC + Time_Warping @ 2x] Acc: 0.7583, F1: 0.7375, Time: 0.02s
      -> [LogisticRegression + Time_Warping @ 2x] Acc: 0.7967, F1: 0.7809, Time: 0.03s
      -> [RNN + Time_Warping @ 2x] Acc: 0.6667, F1: 0.5952, Time: 0.37s
    [=== Generating 3x synthetic data with Time_Warping ===]
      -> [KNN + Time_Warping @ 3x] Acc: 0.9767, F1: 0.9765, Time: 0.02s
      -> [RandomForest + Time_Warping @ 3x] Acc: 0.8667, F1: 0.8680, Time: 1.22s
      -> [LinearSVC + Time_Warping @ 3x] Acc: 0.7533, F1: 0.7322, Time: 0.03s
      -> [LogisticRegression + Time_Warping @ 3x] Acc: 0.7900, F1: 0.7745, Time: 0.04s
      -> [RNN + Time_Warping @ 3x] Acc: 0.6667, F1: 0.5952, Time: 0.63s
    [=== Generating 5x synthetic data with Time_Warping ===]
      -> [KNN + Time_Warping @ 5x] Acc: 0.9767, F1: 0.9765, Time: 0.05s
      -> [RandomForest + Time_Warping @ 5x] Acc: 0.9567, F1: 0.9568, Time: 1.95s
      -> [LinearSVC + Time_Warping @ 5x] Acc: 0.7517, F1: 0.7301, Time: 0.05s
      -> [LogisticRegression + Time_Warping @ 5x] Acc: 0.7883, F1: 0.7725, Time: 0.04s
      -> [RNN + Time_Warping @ 5x] Acc: 0.8333, F1: 0.8175, Time: 0.73s
    [=== Generating 10x synthetic data with Time_Warping ===]
      -> [KNN + Time_Warping @ 10x] Acc: 0.9817, F1: 0.9816, Time: 0.10s
      -> [RandomForest + Time_Warping @ 10x] Acc: 0.8583, F1: 0.8596, Time: 4.08s
      -> [LinearSVC + Time_Warping @ 10x] Acc: 0.7483, F1: 0.7268, Time: 0.12s
      -> [LogisticRegression + Time_Warping @ 10x] Acc: 0.7883, F1: 0.7725, Time: 0.15s
      -> [RNN + Time_Warping @ 10x] Acc: 1.0000, F1: 1.0000, Time: 1.68s
    [=== Generating 2x synthetic data with SMOTE ===]
      -> [KNN + SMOTE @ 2x] Acc: 0.9767, F1: 0.9765, Time: 0.02s
      -> [RandomForest + SMOTE @ 2x] Acc: 0.9067, F1: 0.9077, Time: 0.68s
      -> [LinearSVC + SMOTE @ 2x] Acc: 0.8417, F1: 0.8283, Time: 0.03s
      -> [LogisticRegression + SMOTE @ 2x] Acc: 0.8850, F1: 0.8792, Time: 0.14s
      -> [RNN + SMOTE @ 2x] Acc: 0.8333, F1: 0.7667, Time: 0.28s
    [=== Generating 3x synthetic data with SMOTE ===]
      -> [KNN + SMOTE @ 3x] Acc: 0.9767, F1: 0.9765, Time: 0.02s
      -> [RandomForest + SMOTE @ 3x] Acc: 0.9783, F1: 0.9784, Time: 0.98s
      -> [LinearSVC + SMOTE @ 3x] Acc: 0.8483, F1: 0.8364, Time: 0.05s
      -> [LogisticRegression + SMOTE @ 3x] Acc: 0.8867, F1: 0.8811, Time: 0.22s
      -> [RNN + SMOTE @ 3x] Acc: 0.8333, F1: 0.7667, Time: 0.53s
    [=== Generating 5x synthetic data with SMOTE ===]
      -> [KNN + SMOTE @ 5x] Acc: 0.9767, F1: 0.9765, Time: 0.03s
      -> [RandomForest + SMOTE @ 5x] Acc: 0.9867, F1: 0.9866, Time: 1.82s
      -> [LinearSVC + SMOTE @ 5x] Acc: 0.8500, F1: 0.8384, Time: 0.08s
      -> [LogisticRegression + SMOTE @ 5x] Acc: 0.8833, F1: 0.8773, Time: 0.31s
      -> [RNN + SMOTE @ 5x] Acc: 0.8333, F1: 0.8175, Time: 0.84s
    [=== Generating 10x synthetic data with SMOTE ===]
      -> [KNN + SMOTE @ 10x] Acc: 0.9767, F1: 0.9765, Time: 0.07s
      -> [RandomForest + SMOTE @ 10x] Acc: 0.9533, F1: 0.9536, Time: 4.10s
      -> [LinearSVC + SMOTE @ 10x] Acc: 0.8350, F1: 0.8201, Time: 0.24s
      -> [LogisticRegression + SMOTE @ 10x] Acc: 0.8767, F1: 0.8697, Time: 0.88s
      -> [RNN + SMOTE @ 10x] Acc: 0.6667, F1: 0.5417, Time: 1.64s
    [=== Generating 2x synthetic data with ADASYN ===]
      -> [KNN + ADASYN @ 2x] Acc: 0.9767, F1: 0.9765, Time: 0.01s
      -> [RandomForest + ADASYN @ 2x] Acc: 0.9867, F1: 0.9867, Time: 0.76s
      -> [LinearSVC + ADASYN @ 2x] Acc: 0.8867, F1: 0.8811, Time: 0.02s
      -> [LogisticRegression + ADASYN @ 2x] Acc: 0.8867, F1: 0.8811, Time: 0.14s
      -> [RNN + ADASYN @ 2x] Acc: 0.6667, F1: 0.5952, Time: 0.46s
    [=== Generating 3x synthetic data with ADASYN ===]
      -> [KNN + ADASYN @ 3x] Acc: 0.9767, F1: 0.9765, Time: 0.03s
      -> [RandomForest + ADASYN @ 3x] Acc: 0.9517, F1: 0.9520, Time: 1.20s
      -> [LinearSVC + ADASYN @ 3x] Acc: 0.8867, F1: 0.8808, Time: 0.04s
      -> [LogisticRegression + ADASYN @ 3x] Acc: 0.8900, F1: 0.8848, Time: 0.15s
      -> [RNN + ADASYN @ 3x] Acc: 0.6667, F1: 0.5952, Time: 0.62s
    [=== Generating 5x synthetic data with ADASYN ===]
      -> [KNN + ADASYN @ 5x] Acc: 0.9767, F1: 0.9765, Time: 0.03s
      -> [RandomForest + ADASYN @ 5x] Acc: 0.9517, F1: 0.9521, Time: 2.00s
      -> [LinearSVC + ADASYN @ 5x] Acc: 0.9033, F1: 0.8994, Time: 0.06s
      -> [LogisticRegression + ADASYN @ 5x] Acc: 0.8950, F1: 0.8904, Time: 0.27s
      -> [RNN + ADASYN @ 5x] Acc: 0.8333, F1: 0.7667, Time: 0.70s
    [=== Generating 10x synthetic data with ADASYN ===]
      -> [KNN + ADASYN @ 10x] Acc: 0.9750, F1: 0.9748, Time: 0.07s
      -> [RandomForest + ADASYN @ 10x] Acc: 0.9467, F1: 0.9471, Time: 4.61s
      -> [LinearSVC + ADASYN @ 10x] Acc: 0.9117, F1: 0.9087, Time: 0.26s
      -> [LogisticRegression + ADASYN @ 10x] Acc: 0.8983, F1: 0.8941, Time: 0.78s
      -> [RNN + ADASYN @ 10x] Acc: 1.0000, F1: 1.0000, Time: 1.51s
    [=== Generating 2x synthetic data with Mixup ===]
      -> [KNN + Mixup @ 2x] Acc: 0.9767, F1: 0.9765, Time: 0.02s
      -> [RandomForest + Mixup @ 2x] Acc: 0.9183, F1: 0.9191, Time: 0.65s
      -> [LinearSVC + Mixup @ 2x] Acc: 0.8650, F1: 0.8562, Time: 0.03s
      -> [LogisticRegression + Mixup @ 2x] Acc: 0.8867, F1: 0.8811, Time: 0.13s
      -> [RNN + Mixup @ 2x] Acc: 1.0000, F1: 1.0000, Time: 0.30s
    [=== Generating 3x synthetic data with Mixup ===]
      -> [KNN + Mixup @ 3x] Acc: 0.9767, F1: 0.9765, Time: 0.02s
      -> [RandomForest + Mixup @ 3x] Acc: 0.9483, F1: 0.9488, Time: 0.98s
      -> [LinearSVC + Mixup @ 3x] Acc: 0.8833, F1: 0.8771, Time: 0.03s
      -> [LogisticRegression + Mixup @ 3x] Acc: 0.8967, F1: 0.8920, Time: 0.15s
      -> [RNN + Mixup @ 3x] Acc: 0.8333, F1: 0.8175, Time: 0.51s
    [=== Generating 5x synthetic data with Mixup ===]
      -> [KNN + Mixup @ 5x] Acc: 0.9767, F1: 0.9765, Time: 0.03s
      -> [RandomForest + Mixup @ 5x] Acc: 0.9467, F1: 0.9472, Time: 1.73s
      -> [LinearSVC + Mixup @ 5x] Acc: 0.8533, F1: 0.8420, Time: 0.08s
      -> [LogisticRegression + Mixup @ 5x] Acc: 0.8767, F1: 0.8697, Time: 0.40s
      -> [RNN + Mixup @ 5x] Acc: 1.0000, F1: 1.0000, Time: 0.95s
    [=== Generating 10x synthetic data with Mixup ===]
      -> [KNN + Mixup @ 10x] Acc: 0.9767, F1: 0.9765, Time: 0.06s
      -> [RandomForest + Mixup @ 10x] Acc: 0.9383, F1: 0.9389, Time: 4.30s
      -> [LinearSVC + Mixup @ 10x] Acc: 0.8683, F1: 0.8601, Time: 0.41s
      -> [LogisticRegression + Mixup @ 10x] Acc: 0.8867, F1: 0.8811, Time: 0.95s
      -> [RNN + Mixup @ 10x] Acc: 1.0000, F1: 1.0000, Time: 2.00s
    [=== Generating 2x synthetic data with GMM ===]
      -> [KNN + GMM @ 2x] Acc: 0.9767, F1: 0.9765, Time: 0.02s
      -> [RandomForest + GMM @ 2x] Acc: 0.9333, F1: 0.9338, Time: 0.79s
      -> [LinearSVC + GMM @ 2x] Acc: 0.8667, F1: 0.8578, Time: 0.03s
      -> [LogisticRegression + GMM @ 2x] Acc: 0.8883, F1: 0.8829, Time: 0.08s
      -> [RNN + GMM @ 2x] Acc: 0.6667, F1: 0.5952, Time: 0.42s
    [=== Generating 3x synthetic data with GMM ===]
      -> [KNN + GMM @ 3x] Acc: 0.9767, F1: 0.9765, Time: 0.02s
      -> [RandomForest + GMM @ 3x] Acc: 0.9217, F1: 0.9225, Time: 1.23s
      -> [LinearSVC + GMM @ 3x] Acc: 0.8617, F1: 0.8520, Time: 0.04s
      -> [LogisticRegression + GMM @ 3x] Acc: 0.8817, F1: 0.8754, Time: 0.10s
      -> [RNN + GMM @ 3x] Acc: 0.8333, F1: 0.7667, Time: 0.61s
    [=== Generating 5x synthetic data with GMM ===]
      -> [KNN + GMM @ 5x] Acc: 0.9767, F1: 0.9765, Time: 0.04s
      -> [RandomForest + GMM @ 5x] Acc: 0.9000, F1: 0.9012, Time: 2.16s
      -> [LinearSVC + GMM @ 5x] Acc: 0.8533, F1: 0.8420, Time: 0.05s
      -> [LogisticRegression + GMM @ 5x] Acc: 0.8750, F1: 0.8678, Time: 0.16s
      -> [RNN + GMM @ 5x] Acc: 0.8333, F1: 0.8175, Time: 0.97s
    [=== Generating 10x synthetic data with GMM ===]
      -> [KNN + GMM @ 10x] Acc: 0.9767, F1: 0.9765, Time: 0.07s
      -> [RandomForest + GMM @ 10x] Acc: 0.9200, F1: 0.9207, Time: 5.50s
      -> [LinearSVC + GMM @ 10x] Acc: 0.8517, F1: 0.8404, Time: 0.30s
      -> [LogisticRegression + GMM @ 10x] Acc: 0.8750, F1: 0.8678, Time: 0.35s
      -> [RNN + GMM @ 10x] Acc: 0.8333, F1: 0.8175, Time: 1.82s
    [=== Generating 2x synthetic data with HMM_GMM ===]
      -> [KNN + HMM_GMM @ 2x] Acc: 0.9750, F1: 0.9748, Time: 0.02s
      -> [RandomForest + HMM_GMM @ 2x] Acc: 0.9650, F1: 0.9649, Time: 0.52s
      -> [LinearSVC + HMM_GMM @ 2x] Acc: 0.7717, F1: 0.7507, Time: 0.02s
      -> [LogisticRegression + HMM_GMM @ 2x] Acc: 0.8067, F1: 0.7900, Time: 0.02s
      -> [RNN + HMM_GMM @ 2x] Acc: 0.8333, F1: 0.7667, Time: 0.43s
    [=== Generating 3x synthetic data with HMM_GMM ===]
      -> [KNN + HMM_GMM @ 3x] Acc: 0.9750, F1: 0.9748, Time: 0.03s
      -> [RandomForest + HMM_GMM @ 3x] Acc: 0.9350, F1: 0.9353, Time: 0.61s
      -> [LinearSVC + HMM_GMM @ 3x] Acc: 0.7650, F1: 0.7440, Time: 0.03s
      -> [LogisticRegression + HMM_GMM @ 3x] Acc: 0.7867, F1: 0.7660, Time: 0.03s
      -> [RNN + HMM_GMM @ 3x] Acc: 0.8333, F1: 0.8175, Time: 0.66s
    [=== Generating 5x synthetic data with HMM_GMM ===]
      -> [KNN + HMM_GMM @ 5x] Acc: 0.9750, F1: 0.9748, Time: 0.05s
      -> [RandomForest + HMM_GMM @ 5x] Acc: 0.9750, F1: 0.9748, Time: 0.88s
      -> [LinearSVC + HMM_GMM @ 5x] Acc: 0.7650, F1: 0.7440, Time: 0.08s
      -> [LogisticRegression + HMM_GMM @ 5x] Acc: 0.7883, F1: 0.7676, Time: 0.05s
      -> [RNN + HMM_GMM @ 5x] Acc: 0.8333, F1: 0.8175, Time: 1.12s
    [=== Generating 10x synthetic data with HMM_GMM ===]
      -> [KNN + HMM_GMM @ 10x] Acc: 0.9750, F1: 0.9748, Time: 0.08s
      -> [RandomForest + HMM_GMM @ 10x] Acc: 0.9767, F1: 0.9765, Time: 1.38s
      -> [LinearSVC + HMM_GMM @ 10x] Acc: 0.7767, F1: 0.7557, Time: 0.31s
      -> [LogisticRegression + HMM_GMM @ 10x] Acc: 0.7933, F1: 0.7740, Time: 0.17s
      -> [RNN + HMM_GMM @ 10x] Acc: 0.8333, F1: 0.8175, Time: 2.30s
    [=== Generating 2x synthetic data with TimeVAE ===]
      -> [KNN + TimeVAE @ 2x] Acc: 0.9767, F1: 0.9765, Time: 0.02s
      -> [RandomForest + TimeVAE @ 2x] Acc: 0.9967, F1: 0.9967, Time: 0.68s
      -> [LinearSVC + TimeVAE @ 2x] Acc: 0.8283, F1: 0.8117, Time: 0.03s
      -> [LogisticRegression + TimeVAE @ 2x] Acc: 0.8417, F1: 0.8283, Time: 0.11s
      -> [RNN + TimeVAE @ 2x] Acc: 0.8333, F1: 0.7667, Time: 0.34s
    [=== Generating 3x synthetic data with TimeVAE ===]
      -> [KNN + TimeVAE @ 3x] Acc: 0.9767, F1: 0.9765, Time: 0.02s
      -> [RandomForest + TimeVAE @ 3x] Acc: 0.9967, F1: 0.9967, Time: 0.99s
      -> [LinearSVC + TimeVAE @ 3x] Acc: 0.8233, F1: 0.8053, Time: 0.03s
      -> [LogisticRegression + TimeVAE @ 3x] Acc: 0.8383, F1: 0.8242, Time: 0.14s
      -> [RNN + TimeVAE @ 3x] Acc: 0.6667, F1: 0.5952, Time: 0.62s
    [=== Generating 5x synthetic data with TimeVAE ===]
      -> [KNN + TimeVAE @ 5x] Acc: 0.9767, F1: 0.9765, Time: 0.03s
      -> [RandomForest + TimeVAE @ 5x] Acc: 0.9967, F1: 0.9967, Time: 1.84s
      -> [LinearSVC + TimeVAE @ 5x] Acc: 0.8433, F1: 0.8312, Time: 0.07s
      -> [LogisticRegression + TimeVAE @ 5x] Acc: 0.8800, F1: 0.8735, Time: 0.23s
      -> [RNN + TimeVAE @ 5x] Acc: 0.8333, F1: 0.8175, Time: 0.90s
    [=== Generating 10x synthetic data with TimeVAE ===]
      -> [KNN + TimeVAE @ 10x] Acc: 0.9767, F1: 0.9765, Time: 0.06s
      -> [RandomForest + TimeVAE @ 10x] Acc: 0.9967, F1: 0.9967, Time: 3.95s
      -> [LinearSVC + TimeVAE @ 10x] Acc: 0.7083, F1: 0.6361, Time: 0.24s
      -> [LogisticRegression + TimeVAE @ 10x] Acc: 0.8300, F1: 0.8138, Time: 0.51s
      -> [RNN + TimeVAE @ 10x] Acc: 0.6667, F1: 0.6222, Time: 1.97s

    >> Seed Fold Selection: 5/10
    Evaluating Model: KNN
      -> [Baseline] Acc: 0.9767, F1: 0.9765, Time: 0.01s
      HP Tuning KNN...
n_iterations: 3
n_required_iterations: 3
n_possible_iterations: 5
min_resources_: 30
max_resources_: 4600
aggressive_elimination: False
factor: 3
----------
iter: 0
n_candidates: 20
n_resources: 30
Fitting 5 folds for each of 20 candidates, totalling 100 fits
----------
iter: 1
n_candidates: 7
n_resources: 90
Fitting 5 folds for each of 7 candidates, totalling 35 fits
----------
iter: 2
n_candidates: 3
n_resources: 270
Fitting 5 folds for each of 3 candidates, totalling 15 fits
      -> [Tuned_Baseline] Acc: 0.9867, F1: 0.9866, Time: 0.00s
    Evaluating Model: RandomForest
      -> [Baseline] Acc: 0.9533, F1: 0.9538, Time: 0.72s
      HP Tuning RandomForest...
n_iterations: 3
n_required_iterations: 3
n_possible_iterations: 5
min_resources_: 30
max_resources_: 4600
aggressive_elimination: False
factor: 3
----------
iter: 0
n_candidates: 20
n_resources: 30
Fitting 5 folds for each of 20 candidates, totalling 100 fits
----------
iter: 1
n_candidates: 7
n_resources: 90
Fitting 5 folds for each of 7 candidates, totalling 35 fits
----------
iter: 2
n_candidates: 3
n_resources: 270
Fitting 5 folds for each of 3 candidates, totalling 15 fits
      -> [Tuned_Baseline] Acc: 0.9350, F1: 0.9355, Time: 0.01s
    Evaluating Model: LinearSVC
      -> [Baseline] Acc: 0.8717, F1: 0.8640, Time: 0.01s
      HP Tuning LinearSVC...
n_iterations: 3
n_required_iterations: 3
n_possible_iterations: 5
min_resources_: 30
max_resources_: 4600
aggressive_elimination: False
factor: 3
----------
iter: 0
n_candidates: 20
n_resources: 30
Fitting 5 folds for each of 20 candidates, totalling 100 fits
----------
iter: 1
n_candidates: 7
n_resources: 90
Fitting 5 folds for each of 7 candidates, totalling 35 fits
----------
iter: 2
n_candidates: 3
n_resources: 270
Fitting 5 folds for each of 3 candidates, totalling 15 fits
      -> [Tuned_Baseline] Acc: 0.8750, F1: 0.8678, Time: 0.00s
    Evaluating Model: LogisticRegression
      -> [Baseline] Acc: 0.8817, F1: 0.8754, Time: 0.04s
      HP Tuning LogisticRegression...
n_iterations: 3
n_required_iterations: 3
n_possible_iterations: 5
min_resources_: 30
max_resources_: 4600
aggressive_elimination: False
factor: 3
----------
iter: 0
n_candidates: 12
n_resources: 30
Fitting 5 folds for each of 12 candidates, totalling 60 fits
----------
iter: 1
n_candidates: 4
n_resources: 90
Fitting 5 folds for each of 4 candidates, totalling 20 fits
----------
iter: 2
n_candidates: 2
n_resources: 270
Fitting 5 folds for each of 2 candidates, totalling 10 fits
      -> [Tuned_Baseline] Acc: 0.8867, F1: 0.8811, Time: 0.00s
    Evaluating Model: RNN
      -> [Baseline] Acc: 0.8333, F1: 0.8175, Time: 0.21s
      -> [Tuned_Baseline] Acc: 0.8333, F1: 0.8175, Time: 0.00s
    [=== Generating 2x synthetic data with Jittering ===]
      -> [KNN + Jittering @ 2x] Acc: 0.9767, F1: 0.9765, Time: 0.02s
      -> [RandomForest + Jittering @ 2x] Acc: 0.9550, F1: 0.9553, Time: 1.36s
      -> [LinearSVC + Jittering @ 2x] Acc: 0.8717, F1: 0.8640, Time: 0.83s
      -> [LogisticRegression + Jittering @ 2x] Acc: 0.8867, F1: 0.8811, Time: 0.12s
      -> [RNN + Jittering @ 2x] Acc: 0.6667, F1: 0.5952, Time: 0.36s
    [=== Generating 3x synthetic data with Jittering ===]
      -> [KNN + Jittering @ 3x] Acc: 0.9767, F1: 0.9765, Time: 0.02s
      -> [RandomForest + Jittering @ 3x] Acc: 0.9833, F1: 0.9834, Time: 2.05s
      -> [LinearSVC + Jittering @ 3x] Acc: 0.8683, F1: 0.8601, Time: 1.19s
      -> [LogisticRegression + Jittering @ 3x] Acc: 0.8867, F1: 0.8811, Time: 0.17s
      -> [RNN + Jittering @ 3x] Acc: 1.0000, F1: 1.0000, Time: 0.61s
    [=== Generating 5x synthetic data with Jittering ===]
      -> [KNN + Jittering @ 5x] Acc: 0.9767, F1: 0.9765, Time: 0.03s
      -> [RandomForest + Jittering @ 5x] Acc: 0.9900, F1: 0.9900, Time: 3.76s
      -> [LinearSVC + Jittering @ 5x] Acc: 0.8683, F1: 0.8601, Time: 3.26s
      -> [LogisticRegression + Jittering @ 5x] Acc: 0.8867, F1: 0.8811, Time: 0.26s
      -> [RNN + Jittering @ 5x] Acc: 1.0000, F1: 1.0000, Time: 1.14s
    [=== Generating 10x synthetic data with Jittering ===]
      -> [KNN + Jittering @ 10x] Acc: 0.9767, F1: 0.9765, Time: 0.11s
      -> [RandomForest + Jittering @ 10x] Acc: 0.9950, F1: 0.9950, Time: 8.14s
      -> [LinearSVC + Jittering @ 10x] Acc: 0.8683, F1: 0.8601, Time: 8.38s
      -> [LogisticRegression + Jittering @ 10x] Acc: 0.8867, F1: 0.8811, Time: 0.60s
      -> [RNN + Jittering @ 10x] Acc: 1.0000, F1: 1.0000, Time: 1.85s
    [=== Generating 2x synthetic data with Scaling ===]
      -> [KNN + Scaling @ 2x] Acc: 0.9950, F1: 0.9950, Time: 0.02s
      -> [RandomForest + Scaling @ 2x] Acc: 0.9883, F1: 0.9884, Time: 1.35s
      -> [LinearSVC + Scaling @ 2x] Acc: 0.8417, F1: 0.8278, Time: 0.46s
      -> [LogisticRegression + Scaling @ 2x] Acc: 0.8700, F1: 0.8617, Time: 0.06s
      -> [RNN + Scaling @ 2x] Acc: 0.6667, F1: 0.5952, Time: 0.32s
    [=== Generating 3x synthetic data with Scaling ===]
      -> [KNN + Scaling @ 3x] Acc: 0.9850, F1: 0.9849, Time: 0.02s
      -> [RandomForest + Scaling @ 3x] Acc: 0.9550, F1: 0.9554, Time: 2.03s
      -> [LinearSVC + Scaling @ 3x] Acc: 0.8533, F1: 0.8424, Time: 0.48s
      -> [LogisticRegression + Scaling @ 3x] Acc: 0.8750, F1: 0.8678, Time: 0.11s
      -> [RNN + Scaling @ 3x] Acc: 0.8333, F1: 0.8175, Time: 0.54s
    [=== Generating 5x synthetic data with Scaling ===]
      -> [KNN + Scaling @ 5x] Acc: 0.9767, F1: 0.9765, Time: 0.04s
      -> [RandomForest + Scaling @ 5x] Acc: 0.9817, F1: 0.9818, Time: 3.56s
      -> [LinearSVC + Scaling @ 5x] Acc: 0.8533, F1: 0.8420, Time: 1.08s
      -> [LogisticRegression + Scaling @ 5x] Acc: 0.8783, F1: 0.8716, Time: 0.18s
      -> [RNN + Scaling @ 5x] Acc: 0.8333, F1: 0.8175, Time: 0.84s
    [=== Generating 10x synthetic data with Scaling ===]
      -> [KNN + Scaling @ 10x] Acc: 0.9767, F1: 0.9765, Time: 0.07s
      -> [RandomForest + Scaling @ 10x] Acc: 0.9967, F1: 0.9967, Time: 8.55s
      -> [LinearSVC + Scaling @ 10x] Acc: 0.8483, F1: 0.8364, Time: 3.03s
      -> [LogisticRegression + Scaling @ 10x] Acc: 0.8750, F1: 0.8678, Time: 0.48s
      -> [RNN + Scaling @ 10x] Acc: 0.8333, F1: 0.8175, Time: 1.80s
    [=== Generating 2x synthetic data with Magnitude_Warping ===]
      -> [KNN + Magnitude_Warping @ 2x] Acc: 0.9767, F1: 0.9765, Time: 0.02s
      -> [RandomForest + Magnitude_Warping @ 2x] Acc: 0.9750, F1: 0.9752, Time: 1.39s
      -> [LinearSVC + Magnitude_Warping @ 2x] Acc: 0.8300, F1: 0.8133, Time: 0.17s
      -> [LogisticRegression + Magnitude_Warping @ 2x] Acc: 0.8567, F1: 0.8464, Time: 0.04s
      -> [RNN + Magnitude_Warping @ 2x] Acc: 0.8333, F1: 0.7667, Time: 0.36s
    [=== Generating 3x synthetic data with Magnitude_Warping ===]
      -> [KNN + Magnitude_Warping @ 3x] Acc: 0.9767, F1: 0.9765, Time: 0.03s
      -> [RandomForest + Magnitude_Warping @ 3x] Acc: 0.9967, F1: 0.9967, Time: 2.10s
      -> [LinearSVC + Magnitude_Warping @ 3x] Acc: 0.8233, F1: 0.8070, Time: 0.13s
      -> [LogisticRegression + Magnitude_Warping @ 3x] Acc: 0.8450, F1: 0.8332, Time: 0.07s
      -> [RNN + Magnitude_Warping @ 3x] Acc: 1.0000, F1: 1.0000, Time: 0.58s
    [=== Generating 5x synthetic data with Magnitude_Warping ===]
      -> [KNN + Magnitude_Warping @ 5x] Acc: 0.9767, F1: 0.9765, Time: 0.03s
      -> [RandomForest + Magnitude_Warping @ 5x] Acc: 0.9967, F1: 0.9967, Time: 3.77s
      -> [LinearSVC + Magnitude_Warping @ 5x] Acc: 0.8217, F1: 0.8054, Time: 0.29s
      -> [LogisticRegression + Magnitude_Warping @ 5x] Acc: 0.8367, F1: 0.8226, Time: 0.11s
      -> [RNN + Magnitude_Warping @ 5x] Acc: 1.0000, F1: 1.0000, Time: 1.00s
    [=== Generating 10x synthetic data with Magnitude_Warping ===]
      -> [KNN + Magnitude_Warping @ 10x] Acc: 0.9883, F1: 0.9883, Time: 0.07s
      -> [RandomForest + Magnitude_Warping @ 10x] Acc: 0.9967, F1: 0.9967, Time: 9.04s
      -> [LinearSVC + Magnitude_Warping @ 10x] Acc: 0.8200, F1: 0.8038, Time: 0.95s
      -> [LogisticRegression + Magnitude_Warping @ 10x] Acc: 0.8417, F1: 0.8292, Time: 0.27s
      -> [RNN + Magnitude_Warping @ 10x] Acc: 1.0000, F1: 1.0000, Time: 1.66s
    [=== Generating 2x synthetic data with Time_Warping ===]
      -> [KNN + Time_Warping @ 2x] Acc: 0.9883, F1: 0.9883, Time: 0.02s
      -> [RandomForest + Time_Warping @ 2x] Acc: 0.8733, F1: 0.8748, Time: 1.37s
      -> [LinearSVC + Time_Warping @ 2x] Acc: 0.7650, F1: 0.7448, Time: 0.05s
      -> [LogisticRegression + Time_Warping @ 2x] Acc: 0.8033, F1: 0.7884, Time: 0.03s
      -> [RNN + Time_Warping @ 2x] Acc: 0.8333, F1: 0.7667, Time: 0.36s
    [=== Generating 3x synthetic data with Time_Warping ===]
      -> [KNN + Time_Warping @ 3x] Acc: 0.9917, F1: 0.9916, Time: 0.03s
      -> [RandomForest + Time_Warping @ 3x] Acc: 0.9117, F1: 0.9125, Time: 2.10s
      -> [LinearSVC + Time_Warping @ 3x] Acc: 0.7817, F1: 0.7655, Time: 0.06s
      -> [LogisticRegression + Time_Warping @ 3x] Acc: 0.8167, F1: 0.8011, Time: 0.04s
      -> [RNN + Time_Warping @ 3x] Acc: 1.0000, F1: 1.0000, Time: 0.57s
    [=== Generating 5x synthetic data with Time_Warping ===]
      -> [KNN + Time_Warping @ 5x] Acc: 0.9767, F1: 0.9765, Time: 0.05s
      -> [RandomForest + Time_Warping @ 5x] Acc: 0.8783, F1: 0.8793, Time: 3.85s
      -> [LinearSVC + Time_Warping @ 5x] Acc: 0.7517, F1: 0.7304, Time: 0.12s
      -> [LogisticRegression + Time_Warping @ 5x] Acc: 0.8017, F1: 0.7867, Time: 0.05s
      -> [RNN + Time_Warping @ 5x] Acc: 1.0000, F1: 1.0000, Time: 0.78s
    [=== Generating 10x synthetic data with Time_Warping ===]
      -> [KNN + Time_Warping @ 10x] Acc: 0.9850, F1: 0.9849, Time: 0.07s
      -> [RandomForest + Time_Warping @ 10x] Acc: 0.8700, F1: 0.8713, Time: 8.47s
      -> [LinearSVC + Time_Warping @ 10x] Acc: 0.7517, F1: 0.7304, Time: 0.31s
      -> [LogisticRegression + Time_Warping @ 10x] Acc: 0.7917, F1: 0.7755, Time: 0.15s
      -> [RNN + Time_Warping @ 10x] Acc: 1.0000, F1: 1.0000, Time: 1.92s
    [=== Generating 2x synthetic data with SMOTE ===]
      -> [KNN + SMOTE @ 2x] Acc: 0.9767, F1: 0.9765, Time: 0.01s
      -> [RandomForest + SMOTE @ 2x] Acc: 0.9267, F1: 0.9275, Time: 1.41s
      -> [LinearSVC + SMOTE @ 2x] Acc: 0.8483, F1: 0.8364, Time: 1.13s
      -> [LogisticRegression + SMOTE @ 2x] Acc: 0.8867, F1: 0.8811, Time: 0.12s
      -> [RNN + SMOTE @ 2x] Acc: 1.0000, F1: 1.0000, Time: 0.43s
    [=== Generating 3x synthetic data with SMOTE ===]
      -> [KNN + SMOTE @ 3x] Acc: 0.9767, F1: 0.9765, Time: 0.02s
      -> [RandomForest + SMOTE @ 3x] Acc: 0.9633, F1: 0.9633, Time: 2.06s
      -> [LinearSVC + SMOTE @ 3x] Acc: 0.8617, F1: 0.8523, Time: 2.08s
      -> [LogisticRegression + SMOTE @ 3x] Acc: 0.8883, F1: 0.8829, Time: 0.21s
      -> [RNN + SMOTE @ 3x] Acc: 1.0000, F1: 1.0000, Time: 0.64s
    [=== Generating 5x synthetic data with SMOTE ===]
      -> [KNN + SMOTE @ 5x] Acc: 0.9767, F1: 0.9765, Time: 0.04s
      -> [RandomForest + SMOTE @ 5x] Acc: 0.9883, F1: 0.9883, Time: 3.89s
      -> [LinearSVC + SMOTE @ 5x] Acc: 0.8733, F1: 0.8659, Time: 5.54s
      -> [LogisticRegression + SMOTE @ 5x] Acc: 0.8967, F1: 0.8922, Time: 0.37s
      -> [RNN + SMOTE @ 5x] Acc: 0.8333, F1: 0.8175, Time: 0.99s
    [=== Generating 10x synthetic data with SMOTE ===]
      -> [KNN + SMOTE @ 10x] Acc: 0.9767, F1: 0.9765, Time: 0.07s
      -> [RandomForest + SMOTE @ 10x] Acc: 0.9867, F1: 0.9867, Time: 8.54s
      -> [LinearSVC + SMOTE @ 10x] Acc: 0.8700, F1: 0.8620, Time: 16.93s
      -> [LogisticRegression + SMOTE @ 10x] Acc: 0.8917, F1: 0.8867, Time: 1.14s
      -> [RNN + SMOTE @ 10x] Acc: 0.8333, F1: 0.8175, Time: 1.93s
    [=== Generating 2x synthetic data with ADASYN ===]
      -> [KNN + ADASYN @ 2x] Acc: 0.9850, F1: 0.9850, Time: 0.02s
      -> [RandomForest + ADASYN @ 2x] Acc: 0.9683, F1: 0.9683, Time: 1.44s
      -> [LinearSVC + ADASYN @ 2x] Acc: 0.8867, F1: 0.8811, Time: 1.16s
      -> [LogisticRegression + ADASYN @ 2x] Acc: 0.8917, F1: 0.8867, Time: 0.09s
      -> [RNN + ADASYN @ 2x] Acc: 0.6667, F1: 0.5952, Time: 0.38s
    [=== Generating 3x synthetic data with ADASYN ===]
      -> [KNN + ADASYN @ 3x] Acc: 0.9850, F1: 0.9850, Time: 0.02s
      -> [RandomForest + ADASYN @ 3x] Acc: 0.9867, F1: 0.9867, Time: 2.37s
      -> [LinearSVC + ADASYN @ 3x] Acc: 0.8917, F1: 0.8899, Time: 1.47s
      -> [LogisticRegression + ADASYN @ 3x] Acc: 0.9067, F1: 0.9034, Time: 0.18s
      -> [RNN + ADASYN @ 3x] Acc: 0.8333, F1: 0.7667, Time: 0.59s
    [=== Generating 5x synthetic data with ADASYN ===]
      -> [KNN + ADASYN @ 5x] Acc: 0.9867, F1: 0.9866, Time: 0.04s
      -> [RandomForest + ADASYN @ 5x] Acc: 0.9900, F1: 0.9900, Time: 4.28s
      -> [LinearSVC + ADASYN @ 5x] Acc: 0.9033, F1: 0.8994, Time: 3.91s
      -> [LogisticRegression + ADASYN @ 5x] Acc: 0.8967, F1: 0.8922, Time: 0.34s
      -> [RNN + ADASYN @ 5x] Acc: 1.0000, F1: 1.0000, Time: 0.89s
    [=== Generating 10x synthetic data with ADASYN ===]
      -> [KNN + ADASYN @ 10x] Acc: 0.9850, F1: 0.9850, Time: 0.08s
      -> [RandomForest + ADASYN @ 10x] Acc: 0.9833, F1: 0.9834, Time: 9.82s
      -> [LinearSVC + ADASYN @ 10x] Acc: 0.9033, F1: 0.9001, Time: 10.25s
      -> [LogisticRegression + ADASYN @ 10x] Acc: 0.8967, F1: 0.8922, Time: 0.67s
      -> [RNN + ADASYN @ 10x] Acc: 0.8333, F1: 0.7667, Time: 1.49s
    [=== Generating 2x synthetic data with Mixup ===]
      -> [KNN + Mixup @ 2x] Acc: 0.9867, F1: 0.9866, Time: 0.02s
      -> [RandomForest + Mixup @ 2x] Acc: 0.9633, F1: 0.9636, Time: 1.34s
      -> [LinearSVC + Mixup @ 2x] Acc: 0.8517, F1: 0.8404, Time: 0.91s
      -> [LogisticRegression + Mixup @ 2x] Acc: 0.8717, F1: 0.8640, Time: 0.10s
      -> [RNN + Mixup @ 2x] Acc: 0.6667, F1: 0.5952, Time: 0.42s
    [=== Generating 3x synthetic data with Mixup ===]
      -> [KNN + Mixup @ 3x] Acc: 0.9817, F1: 0.9816, Time: 0.02s
      -> [RandomForest + Mixup @ 3x] Acc: 0.9850, F1: 0.9851, Time: 2.16s
      -> [LinearSVC + Mixup @ 3x] Acc: 0.8533, F1: 0.8424, Time: 1.32s
      -> [LogisticRegression + Mixup @ 3x] Acc: 0.8767, F1: 0.8697, Time: 0.17s
      -> [RNN + Mixup @ 3x] Acc: 0.5000, F1: 0.3333, Time: 0.57s
    [=== Generating 5x synthetic data with Mixup ===]
      -> [KNN + Mixup @ 5x] Acc: 0.9767, F1: 0.9765, Time: 0.03s
      -> [RandomForest + Mixup @ 5x] Acc: 0.9400, F1: 0.9406, Time: 3.39s
      -> [LinearSVC + Mixup @ 5x] Acc: 0.8583, F1: 0.8484, Time: 3.17s
      -> [LogisticRegression + Mixup @ 5x] Acc: 0.8867, F1: 0.8811, Time: 0.31s
      -> [RNN + Mixup @ 5x] Acc: 1.0000, F1: 1.0000, Time: 0.80s
    [=== Generating 10x synthetic data with Mixup ===]
      -> [KNN + Mixup @ 10x] Acc: 0.9767, F1: 0.9765, Time: 0.06s
      -> [RandomForest + Mixup @ 10x] Acc: 0.9100, F1: 0.9111, Time: 8.26s
      -> [LinearSVC + Mixup @ 10x] Acc: 0.8667, F1: 0.8582, Time: 14.93s
      -> [LogisticRegression + Mixup @ 10x] Acc: 0.8867, F1: 0.8811, Time: 1.00s
      -> [RNN + Mixup @ 10x] Acc: 1.0000, F1: 1.0000, Time: 1.81s
    [=== Generating 2x synthetic data with GMM ===]
      -> [KNN + GMM @ 2x] Acc: 0.9767, F1: 0.9765, Time: 0.02s
      -> [RandomForest + GMM @ 2x] Acc: 0.9300, F1: 0.9309, Time: 1.60s
      -> [LinearSVC + GMM @ 2x] Acc: 0.8800, F1: 0.8733, Time: 0.18s
      -> [LogisticRegression + GMM @ 2x] Acc: 0.8883, F1: 0.8829, Time: 0.06s
      -> [RNN + GMM @ 2x] Acc: 0.8333, F1: 0.7667, Time: 0.41s
    [=== Generating 3x synthetic data with GMM ===]
      -> [KNN + GMM @ 3x] Acc: 0.9767, F1: 0.9765, Time: 0.02s
      -> [RandomForest + GMM @ 3x] Acc: 0.9067, F1: 0.9077, Time: 2.51s
      -> [LinearSVC + GMM @ 3x] Acc: 0.8733, F1: 0.8659, Time: 0.29s
      -> [LogisticRegression + GMM @ 3x] Acc: 0.8800, F1: 0.8735, Time: 0.07s
      -> [RNN + GMM @ 3x] Acc: 0.8333, F1: 0.7667, Time: 0.66s
    [=== Generating 5x synthetic data with GMM ===]
      -> [KNN + GMM @ 5x] Acc: 0.9767, F1: 0.9765, Time: 0.04s
      -> [RandomForest + GMM @ 5x] Acc: 0.9200, F1: 0.9209, Time: 4.75s
      -> [LinearSVC + GMM @ 5x] Acc: 0.8650, F1: 0.8562, Time: 0.63s
      -> [LogisticRegression + GMM @ 5x] Acc: 0.8750, F1: 0.8678, Time: 0.16s
      -> [RNN + GMM @ 5x] Acc: 0.8333, F1: 0.7667, Time: 1.08s
    [=== Generating 10x synthetic data with GMM ===]
      -> [KNN + GMM @ 10x] Acc: 0.9783, F1: 0.9782, Time: 0.07s
      -> [RandomForest + GMM @ 10x] Acc: 0.9183, F1: 0.9191, Time: 10.49s
      -> [LinearSVC + GMM @ 10x] Acc: 0.8283, F1: 0.8117, Time: 1.39s
      -> [LogisticRegression + GMM @ 10x] Acc: 0.8517, F1: 0.8408, Time: 0.28s
      -> [RNN + GMM @ 10x] Acc: 1.0000, F1: 1.0000, Time: 1.78s
    [=== Generating 2x synthetic data with HMM_GMM ===]
      -> [KNN + HMM_GMM @ 2x] Acc: 0.9850, F1: 0.9849, Time: 0.02s
      -> [RandomForest + HMM_GMM @ 2x] Acc: 0.9650, F1: 0.9649, Time: 1.21s
      -> [LinearSVC + HMM_GMM @ 2x] Acc: 0.7617, F1: 0.7406, Time: 0.04s
      -> [LogisticRegression + HMM_GMM @ 2x] Acc: 0.8167, F1: 0.8039, Time: 0.03s
      -> [RNN + HMM_GMM @ 2x] Acc: 0.8333, F1: 0.7667, Time: 0.42s
    [=== Generating 3x synthetic data with HMM_GMM ===]
      -> [KNN + HMM_GMM @ 3x] Acc: 0.9850, F1: 0.9849, Time: 0.03s
      -> [RandomForest + HMM_GMM @ 3x] Acc: 0.9650, F1: 0.9649, Time: 1.34s
      -> [LinearSVC + HMM_GMM @ 3x] Acc: 0.7533, F1: 0.7319, Time: 0.07s
      -> [LogisticRegression + HMM_GMM @ 3x] Acc: 0.8183, F1: 0.8059, Time: 0.05s
      -> [RNN + HMM_GMM @ 3x] Acc: 0.8333, F1: 0.7667, Time: 0.78s
    [=== Generating 5x synthetic data with HMM_GMM ===]
      -> [KNN + HMM_GMM @ 5x] Acc: 0.9850, F1: 0.9849, Time: 0.03s
      -> [RandomForest + HMM_GMM @ 5x] Acc: 0.9783, F1: 0.9782, Time: 1.71s
      -> [LinearSVC + HMM_GMM @ 5x] Acc: 0.7467, F1: 0.7247, Time: 0.11s
      -> [LogisticRegression + HMM_GMM @ 5x] Acc: 0.8283, F1: 0.8178, Time: 0.06s
      -> [RNN + HMM_GMM @ 5x] Acc: 0.8333, F1: 0.8175, Time: 1.05s
    [=== Generating 10x synthetic data with HMM_GMM ===]
      -> [KNN + HMM_GMM @ 10x] Acc: 0.9850, F1: 0.9849, Time: 0.08s
      -> [RandomForest + HMM_GMM @ 10x] Acc: 0.9750, F1: 0.9749, Time: 2.63s
      -> [LinearSVC + HMM_GMM @ 10x] Acc: 0.7600, F1: 0.7389, Time: 0.31s
      -> [LogisticRegression + HMM_GMM @ 10x] Acc: 0.8200, F1: 0.8076, Time: 0.13s
      -> [RNN + HMM_GMM @ 10x] Acc: 0.8333, F1: 0.8175, Time: 1.72s
    [=== Generating 2x synthetic data with TimeVAE ===]
      -> [KNN + TimeVAE @ 2x] Acc: 0.9867, F1: 0.9866, Time: 0.01s
      -> [RandomForest + TimeVAE @ 2x] Acc: 0.9933, F1: 0.9933, Time: 1.20s
      -> [LinearSVC + TimeVAE @ 2x] Acc: 0.8633, F1: 0.8543, Time: 0.63s
      -> [LogisticRegression + TimeVAE @ 2x] Acc: 0.8783, F1: 0.8716, Time: 0.11s
      -> [RNN + TimeVAE @ 2x] Acc: 0.8333, F1: 0.7667, Time: 0.49s
    [=== Generating 3x synthetic data with TimeVAE ===]
      -> [KNN + TimeVAE @ 3x] Acc: 0.9867, F1: 0.9866, Time: 0.02s
      -> [RandomForest + TimeVAE @ 3x] Acc: 0.9983, F1: 0.9983, Time: 2.06s
      -> [LinearSVC + TimeVAE @ 3x] Acc: 0.8467, F1: 0.8348, Time: 0.64s
      -> [LogisticRegression + TimeVAE @ 3x] Acc: 0.8633, F1: 0.8543, Time: 0.12s
      -> [RNN + TimeVAE @ 3x] Acc: 0.6667, F1: 0.5952, Time: 0.65s
    [=== Generating 5x synthetic data with TimeVAE ===]
      -> [KNN + TimeVAE @ 5x] Acc: 0.9867, F1: 0.9866, Time: 0.03s
      -> [RandomForest + TimeVAE @ 5x] Acc: 0.9950, F1: 0.9950, Time: 3.54s
      -> [LinearSVC + TimeVAE @ 5x] Acc: 0.8283, F1: 0.8132, Time: 1.16s
      -> [LogisticRegression + TimeVAE @ 5x] Acc: 0.8650, F1: 0.8562, Time: 0.17s
      -> [RNN + TimeVAE @ 5x] Acc: 0.8333, F1: 0.8175, Time: 1.00s
    [=== Generating 10x synthetic data with TimeVAE ===]
      -> [KNN + TimeVAE @ 10x] Acc: 0.9867, F1: 0.9866, Time: 0.07s
      -> [RandomForest + TimeVAE @ 10x] Acc: 0.9950, F1: 0.9950, Time: 7.74s
      -> [LinearSVC + TimeVAE @ 10x] Acc: 0.7367, F1: 0.6827, Time: 3.44s
      -> [LogisticRegression + TimeVAE @ 10x] Acc: 0.8650, F1: 0.8562, Time: 0.54s
      -> [RNN + TimeVAE @ 10x] Acc: 0.8333, F1: 0.8175, Time: 1.75s
Graph saved to w:\MyGoogleDrive\ELTE\Synthetic Data Gen\New Experiment\Results\Coffee_F3_S20_performance.png

==================================================
Running experiment for Coffee
==================================================

--- Fold 4/10 ---

  >> Seed sets per label: 20

    >> Seed Fold Selection: 1/10
    Evaluating Model: KNN
      -> [Baseline] Acc: 0.9567, F1: 0.9566, Time: 0.01s
      HP Tuning KNN...
n_iterations: 3
n_required_iterations: 3
n_possible_iterations: 5
min_resources_: 30
max_resources_: 4700
aggressive_elimination: False
factor: 3
----------
iter: 0
n_candidates: 20
n_resources: 30
Fitting 5 folds for each of 20 candidates, totalling 100 fits
----------
iter: 1
n_candidates: 7
n_resources: 90
Fitting 5 folds for each of 7 candidates, totalling 35 fits
----------
iter: 2
n_candidates: 3
n_resources: 270
Fitting 5 folds for each of 3 candidates, totalling 15 fits
      -> [Tuned_Baseline] Acc: 0.9517, F1: 0.9516, Time: 0.00s
    Evaluating Model: RandomForest
      -> [Baseline] Acc: 0.9717, F1: 0.9717, Time: 0.71s
      HP Tuning RandomForest...
n_iterations: 3
n_required_iterations: 3
n_possible_iterations: 5
min_resources_: 30
max_resources_: 4700
aggressive_elimination: False
factor: 3
----------
iter: 0
n_candidates: 20
n_resources: 30
Fitting 5 folds for each of 20 candidates, totalling 100 fits
----------
iter: 1
n_candidates: 7
n_resources: 90
Fitting 5 folds for each of 7 candidates, totalling 35 fits
----------
iter: 2
n_candidates: 3
n_resources: 270
Fitting 5 folds for each of 3 candidates, totalling 15 fits
      -> [Tuned_Baseline] Acc: 0.9717, F1: 0.9717, Time: 0.01s
    Evaluating Model: LinearSVC
      -> [Baseline] Acc: 0.9267, F1: 0.9266, Time: 0.02s
      HP Tuning LinearSVC...
n_iterations: 3
n_required_iterations: 3
n_possible_iterations: 5
min_resources_: 30
max_resources_: 4700
aggressive_elimination: False
factor: 3
----------
iter: 0
n_candidates: 20
n_resources: 30
Fitting 5 folds for each of 20 candidates, totalling 100 fits
----------
iter: 1
n_candidates: 7
n_resources: 90
Fitting 5 folds for each of 7 candidates, totalling 35 fits
----------
iter: 2
n_candidates: 3
n_resources: 270
Fitting 5 folds for each of 3 candidates, totalling 15 fits
      -> [Tuned_Baseline] Acc: 0.9233, F1: 0.9233, Time: 0.00s
    Evaluating Model: LogisticRegression
      -> [Baseline] Acc: 0.9250, F1: 0.9245, Time: 0.05s
      HP Tuning LogisticRegression...
n_iterations: 3
n_required_iterations: 3
n_possible_iterations: 5
min_resources_: 30
max_resources_: 4700
aggressive_elimination: False
factor: 3
----------
iter: 0
n_candidates: 12
n_resources: 30
Fitting 5 folds for each of 12 candidates, totalling 60 fits
----------
iter: 1
n_candidates: 4
n_resources: 90
Fitting 5 folds for each of 4 candidates, totalling 20 fits
----------
iter: 2
n_candidates: 2
n_resources: 270
Fitting 5 folds for each of 2 candidates, totalling 10 fits
      -> [Tuned_Baseline] Acc: 0.9117, F1: 0.9109, Time: 0.00s
    Evaluating Model: RNN
      -> [Baseline] Acc: 0.8333, F1: 0.7619, Time: 2.77s
      -> [Tuned_Baseline] Acc: 0.8333, F1: 0.7619, Time: 0.00s
    [=== Generating 2x synthetic data with Jittering ===]
      -> [KNN + Jittering @ 2x] Acc: 0.9600, F1: 0.9600, Time: 0.02s
      -> [RandomForest + Jittering @ 2x] Acc: 0.9800, F1: 0.9800, Time: 1.43s
      -> [LinearSVC + Jittering @ 2x] Acc: 0.9250, F1: 0.9249, Time: 0.03s
      -> [LogisticRegression + Jittering @ 2x] Acc: 0.9133, F1: 0.9126, Time: 0.09s
      -> [RNN + Jittering @ 2x] Acc: 0.8333, F1: 0.7619, Time: 0.39s
    [=== Generating 3x synthetic data with Jittering ===]
      -> [KNN + Jittering @ 3x] Acc: 0.9567, F1: 0.9566, Time: 0.02s
      -> [RandomForest + Jittering @ 3x] Acc: 0.9700, F1: 0.9700, Time: 2.04s
      -> [LinearSVC + Jittering @ 3x] Acc: 0.9250, F1: 0.9249, Time: 0.06s
      -> [LogisticRegression + Jittering @ 3x] Acc: 0.9150, F1: 0.9145, Time: 0.14s
      -> [RNN + Jittering @ 3x] Acc: 0.8333, F1: 0.7619, Time: 0.51s
    [=== Generating 5x synthetic data with Jittering ===]
      -> [KNN + Jittering @ 5x] Acc: 0.9583, F1: 0.9583, Time: 0.04s
      -> [RandomForest + Jittering @ 5x] Acc: 0.9733, F1: 0.9733, Time: 3.57s
      -> [LinearSVC + Jittering @ 5x] Acc: 0.9267, F1: 0.9265, Time: 0.06s
      -> [LogisticRegression + Jittering @ 5x] Acc: 0.9183, F1: 0.9177, Time: 0.21s
      -> [RNN + Jittering @ 5x] Acc: 1.0000, F1: 1.0000, Time: 0.83s
    [=== Generating 10x synthetic data with Jittering ===]
      -> [KNN + Jittering @ 10x] Acc: 0.9633, F1: 0.9633, Time: 0.06s
      -> [RandomForest + Jittering @ 10x] Acc: 0.9733, F1: 0.9733, Time: 8.55s
      -> [LinearSVC + Jittering @ 10x] Acc: 0.9283, F1: 0.9282, Time: 0.36s
      -> [LogisticRegression + Jittering @ 10x] Acc: 0.9167, F1: 0.9161, Time: 0.83s
      -> [RNN + Jittering @ 10x] Acc: 0.8333, F1: 0.8444, Time: 1.77s
    [=== Generating 2x synthetic data with Scaling ===]
      -> [KNN + Scaling @ 2x] Acc: 0.9617, F1: 0.9616, Time: 0.02s
      -> [RandomForest + Scaling @ 2x] Acc: 0.9683, F1: 0.9686, Time: 1.40s
      -> [LinearSVC + Scaling @ 2x] Acc: 0.8983, F1: 0.8955, Time: 0.02s
      -> [LogisticRegression + Scaling @ 2x] Acc: 0.9417, F1: 0.9418, Time: 0.06s
      -> [RNN + Scaling @ 2x] Acc: 0.8333, F1: 0.7619, Time: 0.33s
    [=== Generating 3x synthetic data with Scaling ===]
      -> [KNN + Scaling @ 3x] Acc: 0.9600, F1: 0.9600, Time: 0.02s
      -> [RandomForest + Scaling @ 3x] Acc: 0.9850, F1: 0.9850, Time: 2.06s
      -> [LinearSVC + Scaling @ 3x] Acc: 0.9283, F1: 0.9280, Time: 0.03s
      -> [LogisticRegression + Scaling @ 3x] Acc: 0.9217, F1: 0.9217, Time: 0.11s
      -> [RNN + Scaling @ 3x] Acc: 0.8333, F1: 0.7619, Time: 0.57s
    [=== Generating 5x synthetic data with Scaling ===]
      -> [KNN + Scaling @ 5x] Acc: 0.9400, F1: 0.9399, Time: 0.04s
      -> [RandomForest + Scaling @ 5x] Acc: 0.9783, F1: 0.9783, Time: 4.15s
      -> [LinearSVC + Scaling @ 5x] Acc: 0.8967, F1: 0.8932, Time: 0.06s
      -> [LogisticRegression + Scaling @ 5x] Acc: 0.9350, F1: 0.9350, Time: 0.19s
      -> [RNN + Scaling @ 5x] Acc: 1.0000, F1: 1.0000, Time: 1.09s
    [=== Generating 10x synthetic data with Scaling ===]
      -> [KNN + Scaling @ 10x] Acc: 0.9267, F1: 0.9270, Time: 0.11s
      -> [RandomForest + Scaling @ 10x] Acc: 0.9733, F1: 0.9734, Time: 9.32s
      -> [LinearSVC + Scaling @ 10x] Acc: 0.9433, F1: 0.9434, Time: 0.30s
      -> [LogisticRegression + Scaling @ 10x] Acc: 0.9450, F1: 0.9452, Time: 0.49s
      -> [RNN + Scaling @ 10x] Acc: 0.8333, F1: 0.8444, Time: 1.76s
    [=== Generating 2x synthetic data with Magnitude_Warping ===]
      -> [KNN + Magnitude_Warping @ 2x] Acc: 0.9517, F1: 0.9516, Time: 0.02s
      -> [RandomForest + Magnitude_Warping @ 2x] Acc: 0.9767, F1: 0.9768, Time: 1.43s
      -> [LinearSVC + Magnitude_Warping @ 2x] Acc: 0.8983, F1: 0.8940, Time: 0.02s
      -> [LogisticRegression + Magnitude_Warping @ 2x] Acc: 0.9283, F1: 0.9283, Time: 0.05s
      -> [RNN + Magnitude_Warping @ 2x] Acc: 0.8333, F1: 0.7619, Time: 0.33s
    [=== Generating 3x synthetic data with Magnitude_Warping ===]
      -> [KNN + Magnitude_Warping @ 3x] Acc: 0.9567, F1: 0.9566, Time: 0.02s
      -> [RandomForest + Magnitude_Warping @ 3x] Acc: 0.9700, F1: 0.9700, Time: 2.21s
      -> [LinearSVC + Magnitude_Warping @ 3x] Acc: 0.8950, F1: 0.8905, Time: 0.03s
      -> [LogisticRegression + Magnitude_Warping @ 3x] Acc: 0.9350, F1: 0.9351, Time: 0.08s
      -> [RNN + Magnitude_Warping @ 3x] Acc: 0.8333, F1: 0.7619, Time: 0.63s
    [=== Generating 5x synthetic data with Magnitude_Warping ===]
      -> [KNN + Magnitude_Warping @ 5x] Acc: 0.9600, F1: 0.9600, Time: 0.03s
      -> [RandomForest + Magnitude_Warping @ 5x] Acc: 0.9750, F1: 0.9750, Time: 4.12s
      -> [LinearSVC + Magnitude_Warping @ 5x] Acc: 0.8500, F1: 0.8276, Time: 0.05s
      -> [LogisticRegression + Magnitude_Warping @ 5x] Acc: 0.9317, F1: 0.9314, Time: 0.11s
      -> [RNN + Magnitude_Warping @ 5x] Acc: 0.8333, F1: 0.7619, Time: 0.93s
    [=== Generating 10x synthetic data with Magnitude_Warping ===]
      -> [KNN + Magnitude_Warping @ 10x] Acc: 0.9417, F1: 0.9417, Time: 0.09s
      -> [RandomForest + Magnitude_Warping @ 10x] Acc: 0.9583, F1: 0.9587, Time: 9.28s
      -> [LinearSVC + Magnitude_Warping @ 10x] Acc: 0.9067, F1: 0.9021, Time: 0.23s
      -> [LogisticRegression + Magnitude_Warping @ 10x] Acc: 0.9067, F1: 0.9070, Time: 0.25s
      -> [RNN + Magnitude_Warping @ 10x] Acc: 1.0000, F1: 1.0000, Time: 1.65s
    [=== Generating 2x synthetic data with Time_Warping ===]
      -> [KNN + Time_Warping @ 2x] Acc: 0.9483, F1: 0.9482, Time: 0.02s
      -> [RandomForest + Time_Warping @ 2x] Acc: 0.9633, F1: 0.9635, Time: 1.34s
      -> [LinearSVC + Time_Warping @ 2x] Acc: 0.8117, F1: 0.8134, Time: 0.02s
      -> [LogisticRegression + Time_Warping @ 2x] Acc: 0.7700, F1: 0.7769, Time: 0.02s
      -> [RNN + Time_Warping @ 2x] Acc: 0.8333, F1: 0.7619, Time: 0.32s
    [=== Generating 3x synthetic data with Time_Warping ===]
      -> [KNN + Time_Warping @ 3x] Acc: 0.9483, F1: 0.9482, Time: 0.03s
      -> [RandomForest + Time_Warping @ 3x] Acc: 0.9617, F1: 0.9618, Time: 2.18s
      -> [LinearSVC + Time_Warping @ 3x] Acc: 0.7967, F1: 0.8001, Time: 0.03s
      -> [LogisticRegression + Time_Warping @ 3x] Acc: 0.7067, F1: 0.7122, Time: 0.06s
      -> [RNN + Time_Warping @ 3x] Acc: 0.8333, F1: 0.8444, Time: 0.55s
    [=== Generating 5x synthetic data with Time_Warping ===]
      -> [KNN + Time_Warping @ 5x] Acc: 0.9467, F1: 0.9465, Time: 0.05s
      -> [RandomForest + Time_Warping @ 5x] Acc: 0.9500, F1: 0.9504, Time: 4.21s
      -> [LinearSVC + Time_Warping @ 5x] Acc: 0.7883, F1: 0.7921, Time: 0.06s
      -> [LogisticRegression + Time_Warping @ 5x] Acc: 0.7150, F1: 0.7180, Time: 0.06s
      -> [RNN + Time_Warping @ 5x] Acc: 1.0000, F1: 1.0000, Time: 1.18s
    [=== Generating 10x synthetic data with Time_Warping ===]
      -> [KNN + Time_Warping @ 10x] Acc: 0.9383, F1: 0.9383, Time: 0.10s
      -> [RandomForest + Time_Warping @ 10x] Acc: 0.9400, F1: 0.9407, Time: 9.19s
      -> [LinearSVC + Time_Warping @ 10x] Acc: 0.7917, F1: 0.7913, Time: 0.25s
      -> [LogisticRegression + Time_Warping @ 10x] Acc: 0.7250, F1: 0.7279, Time: 0.18s
      -> [RNN + Time_Warping @ 10x] Acc: 1.0000, F1: 1.0000, Time: 1.86s
    [=== Generating 2x synthetic data with SMOTE ===]
      -> [KNN + SMOTE @ 2x] Acc: 0.9733, F1: 0.9733, Time: 0.01s
      -> [RandomForest + SMOTE @ 2x] Acc: 0.9867, F1: 0.9867, Time: 1.42s
      -> [LinearSVC + SMOTE @ 2x] Acc: 0.9417, F1: 0.9416, Time: 0.03s
      -> [LogisticRegression + SMOTE @ 2x] Acc: 0.9133, F1: 0.9123, Time: 0.08s
      -> [RNN + SMOTE @ 2x] Acc: 1.0000, F1: 1.0000, Time: 0.37s
    [=== Generating 3x synthetic data with SMOTE ===]
      -> [KNN + SMOTE @ 3x] Acc: 0.9700, F1: 0.9701, Time: 0.02s
      -> [RandomForest + SMOTE @ 3x] Acc: 0.9867, F1: 0.9867, Time: 2.10s
      -> [LinearSVC + SMOTE @ 3x] Acc: 0.9367, F1: 0.9367, Time: 0.04s
      -> [LogisticRegression + SMOTE @ 3x] Acc: 0.8917, F1: 0.8913, Time: 0.20s
      -> [RNN + SMOTE @ 3x] Acc: 0.8333, F1: 0.7619, Time: 0.59s
    [=== Generating 5x synthetic data with SMOTE ===]
      -> [KNN + SMOTE @ 5x] Acc: 0.9517, F1: 0.9516, Time: 0.04s
      -> [RandomForest + SMOTE @ 5x] Acc: 0.9567, F1: 0.9578, Time: 3.95s
      -> [LinearSVC + SMOTE @ 5x] Acc: 0.9017, F1: 0.9018, Time: 0.09s
      -> [LogisticRegression + SMOTE @ 5x] Acc: 0.8833, F1: 0.8833, Time: 0.41s
      -> [RNN + SMOTE @ 5x] Acc: 0.5000, F1: 0.3571, Time: 1.06s
    [=== Generating 10x synthetic data with SMOTE ===]
      -> [KNN + SMOTE @ 10x] Acc: 0.9517, F1: 0.9516, Time: 0.08s
      -> [RandomForest + SMOTE @ 10x] Acc: 0.9883, F1: 0.9883, Time: 8.21s
      -> [LinearSVC + SMOTE @ 10x] Acc: 0.9433, F1: 0.9433, Time: 0.33s
      -> [LogisticRegression + SMOTE @ 10x] Acc: 0.9000, F1: 0.8997, Time: 0.99s
      -> [RNN + SMOTE @ 10x] Acc: 0.8333, F1: 0.8444, Time: 1.82s
    [=== Generating 2x synthetic data with ADASYN ===]
      -> [KNN + ADASYN @ 2x] Acc: 0.9517, F1: 0.9517, Time: 0.02s
      -> [RandomForest + ADASYN @ 2x] Acc: 0.9800, F1: 0.9800, Time: 1.47s
      -> [LinearSVC + ADASYN @ 2x] Acc: 0.8700, F1: 0.8704, Time: 0.04s
      -> [LogisticRegression + ADASYN @ 2x] Acc: 0.8833, F1: 0.8833, Time: 0.16s
      -> [RNN + ADASYN @ 2x] Acc: 0.8333, F1: 0.8333, Time: 0.39s
    [=== Generating 3x synthetic data with ADASYN ===]
      -> [KNN + ADASYN @ 3x] Acc: 0.9683, F1: 0.9684, Time: 0.02s
      -> [RandomForest + ADASYN @ 3x] Acc: 0.9783, F1: 0.9783, Time: 2.38s
      -> [LinearSVC + ADASYN @ 3x] Acc: 0.8017, F1: 0.7898, Time: 0.04s
      -> [LogisticRegression + ADASYN @ 3x] Acc: 0.8817, F1: 0.8816, Time: 0.21s
      -> [RNN + ADASYN @ 3x] Acc: 0.8333, F1: 0.7619, Time: 0.72s
    [=== Generating 5x synthetic data with ADASYN ===]
      -> [KNN + ADASYN @ 5x] Acc: 0.9733, F1: 0.9735, Time: 0.05s
      -> [RandomForest + ADASYN @ 5x] Acc: 0.9917, F1: 0.9917, Time: 4.37s
      -> [LinearSVC + ADASYN @ 5x] Acc: 0.7683, F1: 0.7337, Time: 0.11s
      -> [LogisticRegression + ADASYN @ 5x] Acc: 0.9017, F1: 0.9019, Time: 0.38s
      -> [RNN + ADASYN @ 5x] Acc: 0.8333, F1: 0.7619, Time: 1.00s
    [=== Generating 10x synthetic data with ADASYN ===]
      -> [KNN + ADASYN @ 10x] Acc: 0.9683, F1: 0.9685, Time: 0.07s
      -> [RandomForest + ADASYN @ 10x] Acc: 0.9900, F1: 0.9900, Time: 9.65s
      -> [LinearSVC + ADASYN @ 10x] Acc: 0.7633, F1: 0.7290, Time: 0.38s
      -> [LogisticRegression + ADASYN @ 10x] Acc: 0.8833, F1: 0.8837, Time: 0.97s
      -> [RNN + ADASYN @ 10x] Acc: 0.8333, F1: 0.7619, Time: 2.00s
    [=== Generating 2x synthetic data with Mixup ===]
      -> [KNN + Mixup @ 2x] Acc: 0.9517, F1: 0.9516, Time: 0.01s
      -> [RandomForest + Mixup @ 2x] Acc: 0.9700, F1: 0.9700, Time: 1.45s
      -> [LinearSVC + Mixup @ 2x] Acc: 0.9000, F1: 0.8997, Time: 0.02s
      -> [LogisticRegression + Mixup @ 2x] Acc: 0.8783, F1: 0.8769, Time: 0.09s
      -> [RNN + Mixup @ 2x] Acc: 0.8333, F1: 0.7619, Time: 0.41s
    [=== Generating 3x synthetic data with Mixup ===]
      -> [KNN + Mixup @ 3x] Acc: 0.9517, F1: 0.9516, Time: 0.03s
      -> [RandomForest + Mixup @ 3x] Acc: 0.9650, F1: 0.9651, Time: 2.08s
      -> [LinearSVC + Mixup @ 3x] Acc: 0.9317, F1: 0.9317, Time: 0.04s
      -> [LogisticRegression + Mixup @ 3x] Acc: 0.8883, F1: 0.8874, Time: 0.18s
      -> [RNN + Mixup @ 3x] Acc: 0.8333, F1: 0.7619, Time: 0.53s
    [=== Generating 5x synthetic data with Mixup ===]
      -> [KNN + Mixup @ 5x] Acc: 0.9683, F1: 0.9684, Time: 0.03s
      -> [RandomForest + Mixup @ 5x] Acc: 0.9900, F1: 0.9900, Time: 3.55s
      -> [LinearSVC + Mixup @ 5x] Acc: 0.9283, F1: 0.9283, Time: 0.09s
      -> [LogisticRegression + Mixup @ 5x] Acc: 0.8883, F1: 0.8875, Time: 0.34s
      -> [RNN + Mixup @ 5x] Acc: 1.0000, F1: 1.0000, Time: 0.87s
    [=== Generating 10x synthetic data with Mixup ===]
      -> [KNN + Mixup @ 10x] Acc: 0.9733, F1: 0.9734, Time: 0.07s
      -> [RandomForest + Mixup @ 10x] Acc: 0.9850, F1: 0.9850, Time: 8.79s
      -> [LinearSVC + Mixup @ 10x] Acc: 0.9350, F1: 0.9349, Time: 0.36s
      -> [LogisticRegression + Mixup @ 10x] Acc: 0.8917, F1: 0.8905, Time: 1.10s
      -> [RNN + Mixup @ 10x] Acc: 0.8333, F1: 0.8175, Time: 1.83s
    [=== Generating 2x synthetic data with GMM ===]
      -> [KNN + GMM @ 2x] Acc: 0.9517, F1: 0.9516, Time: 0.02s
      -> [RandomForest + GMM @ 2x] Acc: 0.9533, F1: 0.9534, Time: 1.59s
      -> [LinearSVC + GMM @ 2x] Acc: 0.9167, F1: 0.9157, Time: 0.02s
      -> [LogisticRegression + GMM @ 2x] Acc: 0.9167, F1: 0.9167, Time: 0.04s
      -> [RNN + GMM @ 2x] Acc: 0.8333, F1: 0.7619, Time: 0.41s
    [=== Generating 3x synthetic data with GMM ===]
      -> [KNN + GMM @ 3x] Acc: 0.9300, F1: 0.9301, Time: 0.03s
      -> [RandomForest + GMM @ 3x] Acc: 0.9667, F1: 0.9669, Time: 2.62s
      -> [LinearSVC + GMM @ 3x] Acc: 0.9267, F1: 0.9256, Time: 0.03s
      -> [LogisticRegression + GMM @ 3x] Acc: 0.9283, F1: 0.9284, Time: 0.08s
      -> [RNN + GMM @ 3x] Acc: 0.8333, F1: 0.7619, Time: 0.57s
    [=== Generating 5x synthetic data with GMM ===]
      -> [KNN + GMM @ 5x] Acc: 0.9233, F1: 0.9235, Time: 0.04s
      -> [RandomForest + GMM @ 5x] Acc: 0.9567, F1: 0.9567, Time: 4.77s
      -> [LinearSVC + GMM @ 5x] Acc: 0.9217, F1: 0.9202, Time: 0.08s
      -> [LogisticRegression + GMM @ 5x] Acc: 0.9333, F1: 0.9332, Time: 0.13s
      -> [RNN + GMM @ 5x] Acc: 0.6667, F1: 0.6278, Time: 1.14s
    [=== Generating 10x synthetic data with GMM ===]
      -> [KNN + GMM @ 10x] Acc: 0.9250, F1: 0.9255, Time: 0.09s
      -> [RandomForest + GMM @ 10x] Acc: 0.9683, F1: 0.9684, Time: 11.42s
      -> [LinearSVC + GMM @ 10x] Acc: 0.8917, F1: 0.8846, Time: 0.32s
      -> [LogisticRegression + GMM @ 10x] Acc: 0.9450, F1: 0.9448, Time: 0.38s
      -> [RNN + GMM @ 10x] Acc: 0.8333, F1: 0.7619, Time: 2.10s
    [=== Generating 2x synthetic data with HMM_GMM ===]
      -> [KNN + HMM_GMM @ 2x] Acc: 0.9517, F1: 0.9516, Time: 0.02s
      -> [RandomForest + HMM_GMM @ 2x] Acc: 0.9417, F1: 0.9425, Time: 1.15s
      -> [LinearSVC + HMM_GMM @ 2x] Acc: 0.7750, F1: 0.7050, Time: 0.02s
      -> [LogisticRegression + HMM_GMM @ 2x] Acc: 0.9167, F1: 0.9152, Time: 0.04s
      -> [RNN + HMM_GMM @ 2x] Acc: 0.8333, F1: 0.7619, Time: 0.34s
    [=== Generating 3x synthetic data with HMM_GMM ===]
      -> [KNN + HMM_GMM @ 3x] Acc: 0.9517, F1: 0.9516, Time: 0.03s
      -> [RandomForest + HMM_GMM @ 3x] Acc: 0.9367, F1: 0.9377, Time: 1.37s
      -> [LinearSVC + HMM_GMM @ 3x] Acc: 0.7600, F1: 0.6905, Time: 0.04s
      -> [LogisticRegression + HMM_GMM @ 3x] Acc: 0.9117, F1: 0.9105, Time: 0.05s
      -> [RNN + HMM_GMM @ 3x] Acc: 0.8333, F1: 0.7619, Time: 0.65s
    [=== Generating 5x synthetic data with HMM_GMM ===]
      -> [KNN + HMM_GMM @ 5x] Acc: 0.9517, F1: 0.9516, Time: 0.03s
      -> [RandomForest + HMM_GMM @ 5x] Acc: 0.9350, F1: 0.9359, Time: 1.78s
      -> [LinearSVC + HMM_GMM @ 5x] Acc: 0.7600, F1: 0.6905, Time: 0.04s
      -> [LogisticRegression + HMM_GMM @ 5x] Acc: 0.8833, F1: 0.8815, Time: 0.04s
      -> [RNN + HMM_GMM @ 5x] Acc: 0.8333, F1: 0.8333, Time: 0.97s
    [=== Generating 10x synthetic data with HMM_GMM ===]
      -> [KNN + HMM_GMM @ 10x] Acc: 0.9517, F1: 0.9516, Time: 0.08s
      -> [RandomForest + HMM_GMM @ 10x] Acc: 0.9367, F1: 0.9375, Time: 3.05s
      -> [LinearSVC + HMM_GMM @ 10x] Acc: 0.7550, F1: 0.6957, Time: 0.34s
      -> [LogisticRegression + HMM_GMM @ 10x] Acc: 0.8633, F1: 0.8604, Time: 0.16s
      -> [RNN + HMM_GMM @ 10x] Acc: 1.0000, F1: 1.0000, Time: 1.99s
    [=== Generating 2x synthetic data with TimeVAE ===]
      -> [KNN + TimeVAE @ 2x] Acc: 0.9517, F1: 0.9516, Time: 0.01s
      -> [RandomForest + TimeVAE @ 2x] Acc: 0.9617, F1: 0.9618, Time: 1.28s
      -> [LinearSVC + TimeVAE @ 2x] Acc: 0.8683, F1: 0.8679, Time: 0.02s
      -> [LogisticRegression + TimeVAE @ 2x] Acc: 0.8683, F1: 0.8686, Time: 0.05s
      -> [RNN + TimeVAE @ 2x] Acc: 0.8333, F1: 0.7619, Time: 0.39s
    [=== Generating 3x synthetic data with TimeVAE ===]
      -> [KNN + TimeVAE @ 3x] Acc: 0.9517, F1: 0.9516, Time: 0.03s
      -> [RandomForest + TimeVAE @ 3x] Acc: 0.9617, F1: 0.9618, Time: 1.87s
      -> [LinearSVC + TimeVAE @ 3x] Acc: 0.7700, F1: 0.7369, Time: 0.04s
      -> [LogisticRegression + TimeVAE @ 3x] Acc: 0.8767, F1: 0.8770, Time: 0.12s
      -> [RNN + TimeVAE @ 3x] Acc: 0.8333, F1: 0.7619, Time: 0.58s
    [=== Generating 5x synthetic data with TimeVAE ===]
      -> [KNN + TimeVAE @ 5x] Acc: 0.9517, F1: 0.9516, Time: 0.03s
      -> [RandomForest + TimeVAE @ 5x] Acc: 0.9650, F1: 0.9653, Time: 3.15s
      -> [LinearSVC + TimeVAE @ 5x] Acc: 0.7583, F1: 0.7016, Time: 0.07s
      -> [LogisticRegression + TimeVAE @ 5x] Acc: 0.8800, F1: 0.8805, Time: 0.14s
      -> [RNN + TimeVAE @ 5x] Acc: 0.6667, F1: 0.6667, Time: 0.93s
    [=== Generating 10x synthetic data with TimeVAE ===]
      -> [KNN + TimeVAE @ 10x] Acc: 0.9517, F1: 0.9516, Time: 0.07s
      -> [RandomForest + TimeVAE @ 10x] Acc: 0.9567, F1: 0.9570, Time: 7.32s
      -> [LinearSVC + TimeVAE @ 10x] Acc: 0.7467, F1: 0.6878, Time: 0.26s
      -> [LogisticRegression + TimeVAE @ 10x] Acc: 0.8583, F1: 0.8577, Time: 0.44s
      -> [RNN + TimeVAE @ 10x] Acc: 1.0000, F1: 1.0000, Time: 1.81s

    >> Seed Fold Selection: 2/10
    Evaluating Model: KNN
      -> [Baseline] Acc: 0.8317, F1: 0.8293, Time: 0.01s
      HP Tuning KNN...
n_iterations: 3
n_required_iterations: 3
n_possible_iterations: 5
min_resources_: 30
max_resources_: 4700
aggressive_elimination: False
factor: 3
----------
iter: 0
n_candidates: 20
n_resources: 30
Fitting 5 folds for each of 20 candidates, totalling 100 fits
----------
iter: 1
n_candidates: 7
n_resources: 90
Fitting 5 folds for each of 7 candidates, totalling 35 fits
----------
iter: 2
n_candidates: 3
n_resources: 270
Fitting 5 folds for each of 3 candidates, totalling 15 fits
      -> [Tuned_Baseline] Acc: 0.8367, F1: 0.8345, Time: 0.00s
    Evaluating Model: RandomForest
      -> [Baseline] Acc: 0.9133, F1: 0.9127, Time: 0.70s
      HP Tuning RandomForest...
n_iterations: 3
n_required_iterations: 3
n_possible_iterations: 5
min_resources_: 30
max_resources_: 4700
aggressive_elimination: False
factor: 3
----------
iter: 0
n_candidates: 20
n_resources: 30
Fitting 5 folds for each of 20 candidates, totalling 100 fits
----------
iter: 1
n_candidates: 7
n_resources: 90
Fitting 5 folds for each of 7 candidates, totalling 35 fits
----------
iter: 2
n_candidates: 3
n_resources: 270
Fitting 5 folds for each of 3 candidates, totalling 15 fits
      -> [Tuned_Baseline] Acc: 0.9417, F1: 0.9416, Time: 0.00s
    Evaluating Model: LinearSVC
      -> [Baseline] Acc: 0.9333, F1: 0.9334, Time: 0.01s
      HP Tuning LinearSVC...
n_iterations: 3
n_required_iterations: 3
n_possible_iterations: 5
min_resources_: 30
max_resources_: 4700
aggressive_elimination: False
factor: 3
----------
iter: 0
n_candidates: 20
n_resources: 30
Fitting 5 folds for each of 20 candidates, totalling 100 fits
----------
iter: 1
n_candidates: 7
n_resources: 90
Fitting 5 folds for each of 7 candidates, totalling 35 fits
----------
iter: 2
n_candidates: 3
n_resources: 270
Fitting 5 folds for each of 3 candidates, totalling 15 fits
      -> [Tuned_Baseline] Acc: 0.9317, F1: 0.9317, Time: 0.00s
    Evaluating Model: LogisticRegression
      -> [Baseline] Acc: 0.9250, F1: 0.9245, Time: 0.05s
      HP Tuning LogisticRegression...
n_iterations: 3
n_required_iterations: 3
n_possible_iterations: 5
min_resources_: 30
max_resources_: 4700
aggressive_elimination: False
factor: 3
----------
iter: 0
n_candidates: 12
n_resources: 30
Fitting 5 folds for each of 12 candidates, totalling 60 fits
----------
iter: 1
n_candidates: 4
n_resources: 90
Fitting 5 folds for each of 4 candidates, totalling 20 fits
----------
iter: 2
n_candidates: 2
n_resources: 270
Fitting 5 folds for each of 2 candidates, totalling 10 fits
      -> [Tuned_Baseline] Acc: 0.9067, F1: 0.9057, Time: 0.00s
    Evaluating Model: RNN
      -> [Baseline] Acc: 0.8333, F1: 0.7619, Time: 0.22s
      -> [Tuned_Baseline] Acc: 0.8333, F1: 0.7619, Time: 0.00s
    [=== Generating 2x synthetic data with Jittering ===]
      -> [KNN + Jittering @ 2x] Acc: 0.8417, F1: 0.8404, Time: 0.02s
      -> [RandomForest + Jittering @ 2x] Acc: 0.8800, F1: 0.8787, Time: 0.67s
      -> [LinearSVC + Jittering @ 2x] Acc: 0.9317, F1: 0.9317, Time: 0.03s
      -> [LogisticRegression + Jittering @ 2x] Acc: 0.9150, F1: 0.9143, Time: 0.13s
      -> [RNN + Jittering @ 2x] Acc: 0.8333, F1: 0.7619, Time: 0.45s
    [=== Generating 3x synthetic data with Jittering ===]
      -> [KNN + Jittering @ 3x] Acc: 0.8400, F1: 0.8385, Time: 0.02s
      -> [RandomForest + Jittering @ 3x] Acc: 0.8583, F1: 0.8568, Time: 1.14s
      -> [LinearSVC + Jittering @ 3x] Acc: 0.9333, F1: 0.9333, Time: 0.05s
      -> [LogisticRegression + Jittering @ 3x] Acc: 0.9167, F1: 0.9159, Time: 0.13s
      -> [RNN + Jittering @ 3x] Acc: 0.6667, F1: 0.6667, Time: 0.83s
    [=== Generating 5x synthetic data with Jittering ===]
      -> [KNN + Jittering @ 5x] Acc: 0.8467, F1: 0.8463, Time: 0.05s
      -> [RandomForest + Jittering @ 5x] Acc: 0.8950, F1: 0.8944, Time: 1.94s
      -> [LinearSVC + Jittering @ 5x] Acc: 0.9333, F1: 0.9333, Time: 0.13s
      -> [LogisticRegression + Jittering @ 5x] Acc: 0.9200, F1: 0.9192, Time: 0.28s
      -> [RNN + Jittering @ 5x] Acc: 0.8333, F1: 0.7619, Time: 1.22s
    [=== Generating 10x synthetic data with Jittering ===]
      -> [KNN + Jittering @ 10x] Acc: 0.8417, F1: 0.8404, Time: 0.06s
      -> [RandomForest + Jittering @ 10x] Acc: 0.8650, F1: 0.8637, Time: 4.31s
      -> [LinearSVC + Jittering @ 10x] Acc: 0.9367, F1: 0.9367, Time: 0.45s
      -> [LogisticRegression + Jittering @ 10x] Acc: 0.9167, F1: 0.9159, Time: 0.89s
      -> [RNN + Jittering @ 10x] Acc: 0.6667, F1: 0.5972, Time: 2.10s
    [=== Generating 2x synthetic data with Scaling ===]
      -> [KNN + Scaling @ 2x] Acc: 0.8433, F1: 0.8422, Time: 0.03s
      -> [RandomForest + Scaling @ 2x] Acc: 0.8850, F1: 0.8835, Time: 0.73s
      -> [LinearSVC + Scaling @ 2x] Acc: 0.9267, F1: 0.9263, Time: 0.02s
      -> [LogisticRegression + Scaling @ 2x] Acc: 0.9267, F1: 0.9266, Time: 0.09s
      -> [RNN + Scaling @ 2x] Acc: 0.8333, F1: 0.7619, Time: 0.44s
    [=== Generating 3x synthetic data with Scaling ===]
      -> [KNN + Scaling @ 3x] Acc: 0.7867, F1: 0.7772, Time: 0.02s
      -> [RandomForest + Scaling @ 3x] Acc: 0.8683, F1: 0.8667, Time: 1.09s
      -> [LinearSVC + Scaling @ 3x] Acc: 0.9483, F1: 0.9483, Time: 0.04s
      -> [LogisticRegression + Scaling @ 3x] Acc: 0.9383, F1: 0.9383, Time: 0.12s
      -> [RNN + Scaling @ 3x] Acc: 0.6667, F1: 0.6667, Time: 0.63s
    [=== Generating 5x synthetic data with Scaling ===]
      -> [KNN + Scaling @ 5x] Acc: 0.8267, F1: 0.8229, Time: 0.04s
      -> [RandomForest + Scaling @ 5x] Acc: 0.8567, F1: 0.8541, Time: 1.86s
      -> [LinearSVC + Scaling @ 5x] Acc: 0.9417, F1: 0.9416, Time: 0.07s
      -> [LogisticRegression + Scaling @ 5x] Acc: 0.9150, F1: 0.9149, Time: 0.17s
      -> [RNN + Scaling @ 5x] Acc: 0.8333, F1: 0.7619, Time: 0.94s
    [=== Generating 10x synthetic data with Scaling ===]
      -> [KNN + Scaling @ 10x] Acc: 0.8400, F1: 0.8388, Time: 0.07s
      -> [RandomForest + Scaling @ 10x] Acc: 0.9333, F1: 0.9331, Time: 4.38s
      -> [LinearSVC + Scaling @ 10x] Acc: 0.9417, F1: 0.9417, Time: 0.32s
      -> [LogisticRegression + Scaling @ 10x] Acc: 0.9333, F1: 0.9334, Time: 0.60s
      -> [RNN + Scaling @ 10x] Acc: 1.0000, F1: 1.0000, Time: 1.82s
    [=== Generating 2x synthetic data with Magnitude_Warping ===]
      -> [KNN + Magnitude_Warping @ 2x] Acc: 0.8400, F1: 0.8382, Time: 0.01s
      -> [RandomForest + Magnitude_Warping @ 2x] Acc: 0.9283, F1: 0.9281, Time: 0.71s
      -> [LinearSVC + Magnitude_Warping @ 2x] Acc: 0.9417, F1: 0.9415, Time: 0.02s
      -> [LogisticRegression + Magnitude_Warping @ 2x] Acc: 0.8867, F1: 0.8877, Time: 0.04s
      -> [RNN + Magnitude_Warping @ 2x] Acc: 1.0000, F1: 1.0000, Time: 0.37s
    [=== Generating 3x synthetic data with Magnitude_Warping ===]
      -> [KNN + Magnitude_Warping @ 3x] Acc: 0.8367, F1: 0.8354, Time: 0.02s
      -> [RandomForest + Magnitude_Warping @ 3x] Acc: 0.9083, F1: 0.9084, Time: 1.05s
      -> [LinearSVC + Magnitude_Warping @ 3x] Acc: 0.9433, F1: 0.9431, Time: 0.03s
      -> [LogisticRegression + Magnitude_Warping @ 3x] Acc: 0.8883, F1: 0.8894, Time: 0.08s
      -> [RNN + Magnitude_Warping @ 3x] Acc: 0.8333, F1: 0.7619, Time: 0.65s
    [=== Generating 5x synthetic data with Magnitude_Warping ===]
      -> [KNN + Magnitude_Warping @ 5x] Acc: 0.8167, F1: 0.8117, Time: 0.03s
      -> [RandomForest + Magnitude_Warping @ 5x] Acc: 0.9333, F1: 0.9332, Time: 2.01s
      -> [LinearSVC + Magnitude_Warping @ 5x] Acc: 0.9317, F1: 0.9314, Time: 0.06s
      -> [LogisticRegression + Magnitude_Warping @ 5x] Acc: 0.8967, F1: 0.8975, Time: 0.10s
      -> [RNN + Magnitude_Warping @ 5x] Acc: 0.8333, F1: 0.8333, Time: 1.09s
    [=== Generating 10x synthetic data with Magnitude_Warping ===]
      -> [KNN + Magnitude_Warping @ 10x] Acc: 0.8200, F1: 0.8150, Time: 0.08s
      -> [RandomForest + Magnitude_Warping @ 10x] Acc: 0.9033, F1: 0.9037, Time: 4.89s
      -> [LinearSVC + Magnitude_Warping @ 10x] Acc: 0.8950, F1: 0.8887, Time: 0.25s
      -> [LogisticRegression + Magnitude_Warping @ 10x] Acc: 0.9050, F1: 0.9055, Time: 0.36s
      -> [RNN + Magnitude_Warping @ 10x] Acc: 0.6667, F1: 0.6667, Time: 1.82s
    [=== Generating 2x synthetic data with Time_Warping ===]
      -> [KNN + Time_Warping @ 2x] Acc: 0.8367, F1: 0.8345, Time: 0.02s
      -> [RandomForest + Time_Warping @ 2x] Acc: 0.8283, F1: 0.8234, Time: 0.70s
      -> [LinearSVC + Time_Warping @ 2x] Acc: 0.8017, F1: 0.8038, Time: 0.02s
      -> [LogisticRegression + Time_Warping @ 2x] Acc: 0.7283, F1: 0.7285, Time: 0.04s
      -> [RNN + Time_Warping @ 2x] Acc: 0.8333, F1: 0.7619, Time: 0.43s
    [=== Generating 3x synthetic data with Time_Warping ===]
      -> [KNN + Time_Warping @ 3x] Acc: 0.8367, F1: 0.8348, Time: 0.03s
      -> [RandomForest + Time_Warping @ 3x] Acc: 0.8583, F1: 0.8556, Time: 1.10s
      -> [LinearSVC + Time_Warping @ 3x] Acc: 0.7033, F1: 0.7061, Time: 0.03s
      -> [LogisticRegression + Time_Warping @ 3x] Acc: 0.6750, F1: 0.6750, Time: 0.04s
      -> [RNN + Time_Warping @ 3x] Acc: 0.6667, F1: 0.6389, Time: 0.60s
    [=== Generating 5x synthetic data with Time_Warping ===]
      -> [KNN + Time_Warping @ 5x] Acc: 0.8317, F1: 0.8294, Time: 0.04s
      -> [RandomForest + Time_Warping @ 5x] Acc: 0.8850, F1: 0.8839, Time: 1.89s
      -> [LinearSVC + Time_Warping @ 5x] Acc: 0.6800, F1: 0.6726, Time: 0.05s
      -> [LogisticRegression + Time_Warping @ 5x] Acc: 0.6567, F1: 0.6454, Time: 0.06s
      -> [RNN + Time_Warping @ 5x] Acc: 0.5000, F1: 0.4000, Time: 0.99s
    [=== Generating 10x synthetic data with Time_Warping ===]
      -> [KNN + Time_Warping @ 10x] Acc: 0.8333, F1: 0.8306, Time: 0.09s
      -> [RandomForest + Time_Warping @ 10x] Acc: 0.8133, F1: 0.8066, Time: 4.64s
      -> [LinearSVC + Time_Warping @ 10x] Acc: 0.6983, F1: 0.6939, Time: 0.23s
      -> [LogisticRegression + Time_Warping @ 10x] Acc: 0.6600, F1: 0.6520, Time: 0.18s
      -> [RNN + Time_Warping @ 10x] Acc: 1.0000, F1: 1.0000, Time: 2.01s
    [=== Generating 2x synthetic data with SMOTE ===]
      -> [KNN + SMOTE @ 2x] Acc: 0.8517, F1: 0.8520, Time: 0.01s
      -> [RandomForest + SMOTE @ 2x] Acc: 0.9500, F1: 0.9503, Time: 0.69s
      -> [LinearSVC + SMOTE @ 2x] Acc: 0.9400, F1: 0.9400, Time: 0.03s
      -> [LogisticRegression + SMOTE @ 2x] Acc: 0.9100, F1: 0.9092, Time: 0.11s
      -> [RNN + SMOTE @ 2x] Acc: 0.8333, F1: 0.7619, Time: 0.43s
    [=== Generating 3x synthetic data with SMOTE ===]
      -> [KNN + SMOTE @ 3x] Acc: 0.8533, F1: 0.8534, Time: 0.03s
      -> [RandomForest + SMOTE @ 3x] Acc: 0.9600, F1: 0.9599, Time: 1.07s
      -> [LinearSVC + SMOTE @ 3x] Acc: 0.9300, F1: 0.9300, Time: 0.04s
      -> [LogisticRegression + SMOTE @ 3x] Acc: 0.8983, F1: 0.8974, Time: 0.19s
      -> [RNN + SMOTE @ 3x] Acc: 1.0000, F1: 1.0000, Time: 0.67s
    [=== Generating 5x synthetic data with SMOTE ===]
      -> [KNN + SMOTE @ 5x] Acc: 0.8417, F1: 0.8384, Time: 0.03s
      -> [RandomForest + SMOTE @ 5x] Acc: 0.9367, F1: 0.9365, Time: 1.82s
      -> [LinearSVC + SMOTE @ 5x] Acc: 0.9250, F1: 0.9250, Time: 0.08s
      -> [LogisticRegression + SMOTE @ 5x] Acc: 0.8883, F1: 0.8879, Time: 0.28s
      -> [RNN + SMOTE @ 5x] Acc: 0.6667, F1: 0.6000, Time: 1.10s
    [=== Generating 10x synthetic data with SMOTE ===]
      -> [KNN + SMOTE @ 10x] Acc: 0.8383, F1: 0.8352, Time: 0.08s
      -> [RandomForest + SMOTE @ 10x] Acc: 0.9583, F1: 0.9584, Time: 4.32s
      -> [LinearSVC + SMOTE @ 10x] Acc: 0.9433, F1: 0.9433, Time: 0.36s
      -> [LogisticRegression + SMOTE @ 10x] Acc: 0.8967, F1: 0.8963, Time: 0.84s
      -> [RNN + SMOTE @ 10x] Acc: 0.8333, F1: 0.8444, Time: 1.99s
    [=== Generating 2x synthetic data with ADASYN ===]
      -> [KNN + ADASYN @ 2x] Acc: 0.8133, F1: 0.8066, Time: 0.02s
      -> [RandomForest + ADASYN @ 2x] Acc: 0.9150, F1: 0.9163, Time: 0.78s
      -> [LinearSVC + ADASYN @ 2x] Acc: 0.8833, F1: 0.8832, Time: 0.03s
      -> [LogisticRegression + ADASYN @ 2x] Acc: 0.8833, F1: 0.8831, Time: 0.13s
      -> [RNN + ADASYN @ 2x] Acc: 0.8333, F1: 0.7619, Time: 0.48s
    [=== Generating 3x synthetic data with ADASYN ===]
      -> [KNN + ADASYN @ 3x] Acc: 0.8383, F1: 0.8344, Time: 0.03s
      -> [RandomForest + ADASYN @ 3x] Acc: 0.8867, F1: 0.8893, Time: 1.14s
      -> [LinearSVC + ADASYN @ 3x] Acc: 0.8283, F1: 0.8275, Time: 0.03s
      -> [LogisticRegression + ADASYN @ 3x] Acc: 0.8800, F1: 0.8800, Time: 0.20s
      -> [RNN + ADASYN @ 3x] Acc: 0.8333, F1: 0.7619, Time: 0.62s
    [=== Generating 5x synthetic data with ADASYN ===]
      -> [KNN + ADASYN @ 5x] Acc: 0.8433, F1: 0.8432, Time: 0.04s
      -> [RandomForest + ADASYN @ 5x] Acc: 0.9300, F1: 0.9309, Time: 2.03s
      -> [LinearSVC + ADASYN @ 5x] Acc: 0.7883, F1: 0.7667, Time: 0.07s
      -> [LogisticRegression + ADASYN @ 5x] Acc: 0.9000, F1: 0.8999, Time: 0.36s
      -> [RNN + ADASYN @ 5x] Acc: 0.6667, F1: 0.6667, Time: 0.96s
    [=== Generating 10x synthetic data with ADASYN ===]
      -> [KNN + ADASYN @ 10x] Acc: 0.8433, F1: 0.8448, Time: 0.08s
      -> [RandomForest + ADASYN @ 10x] Acc: 0.8833, F1: 0.8843, Time: 4.70s
      -> [LinearSVC + ADASYN @ 10x] Acc: 0.7683, F1: 0.7391, Time: 0.28s
      -> [LogisticRegression + ADASYN @ 10x] Acc: 0.8867, F1: 0.8865, Time: 1.08s
      -> [RNN + ADASYN @ 10x] Acc: 0.6667, F1: 0.5972, Time: 1.69s
    [=== Generating 2x synthetic data with Mixup ===]
      -> [KNN + Mixup @ 2x] Acc: 0.8433, F1: 0.8424, Time: 0.01s
      -> [RandomForest + Mixup @ 2x] Acc: 0.9400, F1: 0.9398, Time: 0.70s
      -> [LinearSVC + Mixup @ 2x] Acc: 0.9317, F1: 0.9315, Time: 0.03s
      -> [LogisticRegression + Mixup @ 2x] Acc: 0.9167, F1: 0.9162, Time: 0.11s
      -> [RNN + Mixup @ 2x] Acc: 0.8333, F1: 0.7619, Time: 0.39s
    [=== Generating 3x synthetic data with Mixup ===]
      -> [KNN + Mixup @ 3x] Acc: 0.8600, F1: 0.8605, Time: 0.03s
      -> [RandomForest + Mixup @ 3x] Acc: 0.9583, F1: 0.9585, Time: 1.07s
      -> [LinearSVC + Mixup @ 3x] Acc: 0.9167, F1: 0.9164, Time: 0.03s
      -> [LogisticRegression + Mixup @ 3x] Acc: 0.9017, F1: 0.9004, Time: 0.19s
      -> [RNN + Mixup @ 3x] Acc: 0.6667, F1: 0.6667, Time: 0.62s
    [=== Generating 5x synthetic data with Mixup ===]
      -> [KNN + Mixup @ 5x] Acc: 0.8450, F1: 0.8453, Time: 0.03s
      -> [RandomForest + Mixup @ 5x] Acc: 0.9067, F1: 0.9103, Time: 1.85s
      -> [LinearSVC + Mixup @ 5x] Acc: 0.9267, F1: 0.9265, Time: 0.10s
      -> [LogisticRegression + Mixup @ 5x] Acc: 0.8983, F1: 0.8971, Time: 0.32s
      -> [RNN + Mixup @ 5x] Acc: 0.6667, F1: 0.6667, Time: 1.09s
    [=== Generating 10x synthetic data with Mixup ===]
      -> [KNN + Mixup @ 10x] Acc: 0.8500, F1: 0.8475, Time: 0.08s
      -> [RandomForest + Mixup @ 10x] Acc: 0.9433, F1: 0.9432, Time: 4.47s
      -> [LinearSVC + Mixup @ 10x] Acc: 0.9367, F1: 0.9367, Time: 0.52s
      -> [LogisticRegression + Mixup @ 10x] Acc: 0.8983, F1: 0.8979, Time: 1.20s
      -> [RNN + Mixup @ 10x] Acc: 0.6667, F1: 0.6667, Time: 2.32s
    [=== Generating 2x synthetic data with GMM ===]
      -> [KNN + GMM @ 2x] Acc: 0.8433, F1: 0.8426, Time: 0.02s
      -> [RandomForest + GMM @ 2x] Acc: 0.9583, F1: 0.9583, Time: 0.80s
      -> [LinearSVC + GMM @ 2x] Acc: 0.9250, F1: 0.9248, Time: 0.02s
      -> [LogisticRegression + GMM @ 2x] Acc: 0.9117, F1: 0.9116, Time: 0.06s
      -> [RNN + GMM @ 2x] Acc: 0.8333, F1: 0.7619, Time: 0.51s
    [=== Generating 3x synthetic data with GMM ===]
      -> [KNN + GMM @ 3x] Acc: 0.8550, F1: 0.8536, Time: 0.02s
      -> [RandomForest + GMM @ 3x] Acc: 0.9500, F1: 0.9499, Time: 1.34s
      -> [LinearSVC + GMM @ 3x] Acc: 0.9083, F1: 0.9085, Time: 0.05s
      -> [LogisticRegression + GMM @ 3x] Acc: 0.8300, F1: 0.8335, Time: 0.10s
      -> [RNN + GMM @ 3x] Acc: 0.8333, F1: 0.7619, Time: 0.78s
    [=== Generating 5x synthetic data with GMM ===]
      -> [KNN + GMM @ 5x] Acc: 0.8533, F1: 0.8517, Time: 0.05s
      -> [RandomForest + GMM @ 5x] Acc: 0.9450, F1: 0.9449, Time: 2.38s
      -> [LinearSVC + GMM @ 5x] Acc: 0.9083, F1: 0.9082, Time: 0.09s
      -> [LogisticRegression + GMM @ 5x] Acc: 0.8350, F1: 0.8389, Time: 0.13s
      -> [RNN + GMM @ 5x] Acc: 0.8333, F1: 0.8444, Time: 1.17s
    [=== Generating 10x synthetic data with GMM ===]
      -> [KNN + GMM @ 10x] Acc: 0.8383, F1: 0.8361, Time: 0.09s
      -> [RandomForest + GMM @ 10x] Acc: 0.9583, F1: 0.9583, Time: 6.23s
      -> [LinearSVC + GMM @ 10x] Acc: 0.8967, F1: 0.8965, Time: 0.41s
      -> [LogisticRegression + GMM @ 10x] Acc: 0.8183, F1: 0.8228, Time: 0.45s
      -> [RNN + GMM @ 10x] Acc: 0.8333, F1: 0.7619, Time: 2.16s
    [=== Generating 2x synthetic data with HMM_GMM ===]
      -> [KNN + HMM_GMM @ 2x] Acc: 0.8367, F1: 0.8345, Time: 0.02s
      -> [RandomForest + HMM_GMM @ 2x] Acc: 0.8433, F1: 0.8398, Time: 0.56s
      -> [LinearSVC + HMM_GMM @ 2x] Acc: 0.7583, F1: 0.6912, Time: 0.02s
      -> [LogisticRegression + HMM_GMM @ 2x] Acc: 0.8433, F1: 0.8432, Time: 0.03s
      -> [RNN + HMM_GMM @ 2x] Acc: 0.8333, F1: 0.7619, Time: 0.42s
    [=== Generating 3x synthetic data with HMM_GMM ===]
      -> [KNN + HMM_GMM @ 3x] Acc: 0.8367, F1: 0.8345, Time: 0.03s
      -> [RandomForest + HMM_GMM @ 3x] Acc: 0.8333, F1: 0.8291, Time: 0.72s
      -> [LinearSVC + HMM_GMM @ 3x] Acc: 0.7500, F1: 0.6915, Time: 0.03s
      -> [LogisticRegression + HMM_GMM @ 3x] Acc: 0.8367, F1: 0.8360, Time: 0.05s
      -> [RNN + HMM_GMM @ 3x] Acc: 0.8333, F1: 0.8444, Time: 0.69s
    [=== Generating 5x synthetic data with HMM_GMM ===]
      -> [KNN + HMM_GMM @ 5x] Acc: 0.8367, F1: 0.8345, Time: 0.05s
      -> [RandomForest + HMM_GMM @ 5x] Acc: 0.8267, F1: 0.8235, Time: 0.85s
      -> [LinearSVC + HMM_GMM @ 5x] Acc: 0.7550, F1: 0.7136, Time: 0.04s
      -> [LogisticRegression + HMM_GMM @ 5x] Acc: 0.8383, F1: 0.8366, Time: 0.05s
      -> [RNN + HMM_GMM @ 5x] Acc: 0.8333, F1: 0.8444, Time: 1.04s
    [=== Generating 10x synthetic data with HMM_GMM ===]
      -> [KNN + HMM_GMM @ 10x] Acc: 0.8367, F1: 0.8345, Time: 0.08s
      -> [RandomForest + HMM_GMM @ 10x] Acc: 0.8300, F1: 0.8256, Time: 1.29s
      -> [LinearSVC + HMM_GMM @ 10x] Acc: 0.7433, F1: 0.7109, Time: 0.24s
      -> [LogisticRegression + HMM_GMM @ 10x] Acc: 0.8417, F1: 0.8396, Time: 0.12s
      -> [RNN + HMM_GMM @ 10x] Acc: 1.0000, F1: 1.0000, Time: 1.73s
    [=== Generating 2x synthetic data with TimeVAE ===]
      -> [KNN + TimeVAE @ 2x] Acc: 0.8367, F1: 0.8328, Time: 0.02s
      -> [RandomForest + TimeVAE @ 2x] Acc: 0.9050, F1: 0.9044, Time: 0.60s
      -> [LinearSVC + TimeVAE @ 2x] Acc: 0.8600, F1: 0.8593, Time: 0.02s
      -> [LogisticRegression + TimeVAE @ 2x] Acc: 0.8600, F1: 0.8601, Time: 0.06s
      -> [RNN + TimeVAE @ 2x] Acc: 0.8333, F1: 0.7619, Time: 0.32s
    [=== Generating 3x synthetic data with TimeVAE ===]
      -> [KNN + TimeVAE @ 3x] Acc: 0.8533, F1: 0.8508, Time: 0.02s
      -> [RandomForest + TimeVAE @ 3x] Acc: 0.8533, F1: 0.8504, Time: 0.96s
      -> [LinearSVC + TimeVAE @ 3x] Acc: 0.7550, F1: 0.7120, Time: 0.03s
      -> [LogisticRegression + TimeVAE @ 3x] Acc: 0.8667, F1: 0.8672, Time: 0.11s
      -> [RNN + TimeVAE @ 3x] Acc: 0.8333, F1: 0.7619, Time: 0.63s
    [=== Generating 5x synthetic data with TimeVAE ===]
      -> [KNN + TimeVAE @ 5x] Acc: 0.8417, F1: 0.8376, Time: 0.04s
      -> [RandomForest + TimeVAE @ 5x] Acc: 0.8783, F1: 0.8774, Time: 1.63s
      -> [LinearSVC + TimeVAE @ 5x] Acc: 0.7483, F1: 0.6977, Time: 0.06s
      -> [LogisticRegression + TimeVAE @ 5x] Acc: 0.8883, F1: 0.8887, Time: 0.20s
      -> [RNN + TimeVAE @ 5x] Acc: 0.8333, F1: 0.7619, Time: 1.03s
    [=== Generating 10x synthetic data with TimeVAE ===]
      -> [KNN + TimeVAE @ 10x] Acc: 0.8450, F1: 0.8412, Time: 0.09s
      -> [RandomForest + TimeVAE @ 10x] Acc: 0.8333, F1: 0.8300, Time: 3.59s
      -> [LinearSVC + TimeVAE @ 10x] Acc: 0.7567, F1: 0.7015, Time: 0.21s
      -> [LogisticRegression + TimeVAE @ 10x] Acc: 0.8817, F1: 0.8817, Time: 0.46s
      -> [RNN + TimeVAE @ 10x] Acc: 0.6667, F1: 0.6667, Time: 1.71s

    >> Seed Fold Selection: 3/10
    Evaluating Model: KNN
      -> [Baseline] Acc: 0.9750, F1: 0.9750, Time: 0.01s
      HP Tuning KNN...
n_iterations: 3
n_required_iterations: 3
n_possible_iterations: 5
min_resources_: 30
max_resources_: 4700
aggressive_elimination: False
factor: 3
----------
iter: 0
n_candidates: 20
n_resources: 30
Fitting 5 folds for each of 20 candidates, totalling 100 fits
----------
iter: 1
n_candidates: 7
n_resources: 90
Fitting 5 folds for each of 7 candidates, totalling 35 fits
----------
iter: 2
n_candidates: 3
n_resources: 270
Fitting 5 folds for each of 3 candidates, totalling 15 fits
      -> [Tuned_Baseline] Acc: 0.9750, F1: 0.9751, Time: 0.00s
    Evaluating Model: RandomForest
      -> [Baseline] Acc: 0.9700, F1: 0.9700, Time: 0.72s
      HP Tuning RandomForest...
n_iterations: 3
n_required_iterations: 3
n_possible_iterations: 5
min_resources_: 30
max_resources_: 4700
aggressive_elimination: False
factor: 3
----------
iter: 0
n_candidates: 20
n_resources: 30
Fitting 5 folds for each of 20 candidates, totalling 100 fits
----------
iter: 1
n_candidates: 7
n_resources: 90
Fitting 5 folds for each of 7 candidates, totalling 35 fits
----------
iter: 2
n_candidates: 3
n_resources: 270
Fitting 5 folds for each of 3 candidates, totalling 15 fits
      -> [Tuned_Baseline] Acc: 0.9683, F1: 0.9684, Time: 0.01s
    Evaluating Model: LinearSVC
      -> [Baseline] Acc: 0.9467, F1: 0.9466, Time: 0.01s
      HP Tuning LinearSVC...
n_iterations: 3
n_required_iterations: 3
n_possible_iterations: 5
min_resources_: 30
max_resources_: 4700
aggressive_elimination: False
factor: 3
----------
iter: 0
n_candidates: 20
n_resources: 30
Fitting 5 folds for each of 20 candidates, totalling 100 fits
----------
iter: 1
n_candidates: 7
n_resources: 90
Fitting 5 folds for each of 7 candidates, totalling 35 fits
----------
iter: 2
n_candidates: 3
n_resources: 270
Fitting 5 folds for each of 3 candidates, totalling 15 fits
      -> [Tuned_Baseline] Acc: 0.9450, F1: 0.9450, Time: 0.00s
    Evaluating Model: LogisticRegression
      -> [Baseline] Acc: 0.9267, F1: 0.9262, Time: 0.04s
      HP Tuning LogisticRegression...
n_iterations: 3
n_required_iterations: 3
n_possible_iterations: 5
min_resources_: 30
max_resources_: 4700
aggressive_elimination: False
factor: 3
----------
iter: 0
n_candidates: 12
n_resources: 30
Fitting 5 folds for each of 12 candidates, totalling 60 fits
----------
iter: 1
n_candidates: 4
n_resources: 90
Fitting 5 folds for each of 4 candidates, totalling 20 fits
----------
iter: 2
n_candidates: 2
n_resources: 270
Fitting 5 folds for each of 2 candidates, totalling 10 fits
      -> [Tuned_Baseline] Acc: 0.9050, F1: 0.9040, Time: 0.00s
    Evaluating Model: RNN
      -> [Baseline] Acc: 0.8333, F1: 0.7619, Time: 0.22s
      -> [Tuned_Baseline] Acc: 0.8333, F1: 0.7619, Time: 0.00s
    [=== Generating 2x synthetic data with Jittering ===]
      -> [KNN + Jittering @ 2x] Acc: 0.9750, F1: 0.9751, Time: 0.02s
      -> [RandomForest + Jittering @ 2x] Acc: 0.9817, F1: 0.9817, Time: 1.33s
      -> [LinearSVC + Jittering @ 2x] Acc: 0.9467, F1: 0.9466, Time: 4.88s
      -> [LogisticRegression + Jittering @ 2x] Acc: 0.9150, F1: 0.9140, Time: 0.08s
      -> [RNN + Jittering @ 2x] Acc: 0.8333, F1: 0.7619, Time: 0.38s
    [=== Generating 3x synthetic data with Jittering ===]
      -> [KNN + Jittering @ 3x] Acc: 0.9800, F1: 0.9800, Time: 0.02s
      -> [RandomForest + Jittering @ 3x] Acc: 0.9783, F1: 0.9784, Time: 1.96s
      -> [LinearSVC + Jittering @ 3x] Acc: 0.9467, F1: 0.9466, Time: 8.57s
      -> [LogisticRegression + Jittering @ 3x] Acc: 0.9150, F1: 0.9140, Time: 0.16s
      -> [RNN + Jittering @ 3x] Acc: 0.8333, F1: 0.7619, Time: 0.65s
    [=== Generating 5x synthetic data with Jittering ===]
      -> [KNN + Jittering @ 5x] Acc: 0.9783, F1: 0.9783, Time: 0.04s
      -> [RandomForest + Jittering @ 5x] Acc: 0.9833, F1: 0.9834, Time: 3.54s
      -> [LinearSVC + Jittering @ 5x] Acc: 0.9467, F1: 0.9466, Time: 44.00s
      -> [LogisticRegression + Jittering @ 5x] Acc: 0.9183, F1: 0.9175, Time: 0.29s
      -> [RNN + Jittering @ 5x] Acc: 0.8333, F1: 0.7619, Time: 1.19s
    [=== Generating 10x synthetic data with Jittering ===]
      -> [KNN + Jittering @ 10x] Acc: 0.9733, F1: 0.9734, Time: 0.08s
      -> [RandomForest + Jittering @ 10x] Acc: 0.9817, F1: 0.9817, Time: 8.10s
      -> [LinearSVC + Jittering @ 10x] Acc: 0.9467, F1: 0.9466, Time: 140.18s
      -> [LogisticRegression + Jittering @ 10x] Acc: 0.9217, F1: 0.9209, Time: 0.68s
      -> [RNN + Jittering @ 10x] Acc: 0.8333, F1: 0.7619, Time: 1.82s
    [=== Generating 2x synthetic data with Scaling ===]
      -> [KNN + Scaling @ 2x] Acc: 0.9817, F1: 0.9817, Time: 0.02s
      -> [RandomForest + Scaling @ 2x] Acc: 0.9833, F1: 0.9834, Time: 1.34s
      -> [LinearSVC + Scaling @ 2x] Acc: 0.9433, F1: 0.9435, Time: 5.29s
      -> [LogisticRegression + Scaling @ 2x] Acc: 0.9167, F1: 0.9162, Time: 0.06s
      -> [RNN + Scaling @ 2x] Acc: 0.8333, F1: 0.7619, Time: 0.29s
    [=== Generating 3x synthetic data with Scaling ===]
      -> [KNN + Scaling @ 3x] Acc: 0.9700, F1: 0.9701, Time: 0.02s
      -> [RandomForest + Scaling @ 3x] Acc: 0.9733, F1: 0.9736, Time: 1.86s
      -> [LinearSVC + Scaling @ 3x] Acc: 0.9450, F1: 0.9452, Time: 10.94s
      -> [LogisticRegression + Scaling @ 3x] Acc: 0.9050, F1: 0.9049, Time: 0.11s
      -> [RNN + Scaling @ 3x] Acc: 0.8333, F1: 0.7619, Time: 0.57s
    [=== Generating 5x synthetic data with Scaling ===]
      -> [KNN + Scaling @ 5x] Acc: 0.9750, F1: 0.9750, Time: 0.04s
      -> [RandomForest + Scaling @ 5x] Acc: 0.9883, F1: 0.9885, Time: 3.57s
      -> [LinearSVC + Scaling @ 5x] Acc: 0.9517, F1: 0.9516, Time: 48.83s
      -> [LogisticRegression + Scaling @ 5x] Acc: 0.9550, F1: 0.9550, Time: 0.17s
      -> [RNN + Scaling @ 5x] Acc: 1.0000, F1: 1.0000, Time: 0.93s
    [=== Generating 10x synthetic data with Scaling ===]
      -> [KNN + Scaling @ 10x] Acc: 0.9700, F1: 0.9700, Time: 0.06s
      -> [RandomForest + Scaling @ 10x] Acc: 0.9817, F1: 0.9818, Time: 7.74s
      -> [LinearSVC + Scaling @ 10x] Acc: 0.9533, F1: 0.9534, Time: 216.44s
      -> [LogisticRegression + Scaling @ 10x] Acc: 0.9467, F1: 0.9468, Time: 0.57s
      -> [RNN + Scaling @ 10x] Acc: 0.6667, F1: 0.6667, Time: 1.99s
    [=== Generating 2x synthetic data with Magnitude_Warping ===]
      -> [KNN + Magnitude_Warping @ 2x] Acc: 0.9733, F1: 0.9734, Time: 0.02s
      -> [RandomForest + Magnitude_Warping @ 2x] Acc: 0.9767, F1: 0.9769, Time: 1.42s
      -> [LinearSVC + Magnitude_Warping @ 2x] Acc: 0.9117, F1: 0.9101, Time: 6.13s
      -> [LogisticRegression + Magnitude_Warping @ 2x] Acc: 0.9317, F1: 0.9316, Time: 0.06s
      -> [RNN + Magnitude_Warping @ 2x] Acc: 0.8333, F1: 0.8444, Time: 0.33s
    [=== Generating 3x synthetic data with Magnitude_Warping ===]
      -> [KNN + Magnitude_Warping @ 3x] Acc: 0.9767, F1: 0.9767, Time: 0.02s
      -> [RandomForest + Magnitude_Warping @ 3x] Acc: 0.9650, F1: 0.9659, Time: 2.19s
      -> [LinearSVC + Magnitude_Warping @ 3x] Acc: 0.9517, F1: 0.9517, Time: 11.92s
      -> [LogisticRegression + Magnitude_Warping @ 3x] Acc: 0.9550, F1: 0.9552, Time: 0.10s
      -> [RNN + Magnitude_Warping @ 3x] Acc: 0.8333, F1: 0.7619, Time: 0.80s
    [=== Generating 5x synthetic data with Magnitude_Warping ===]
      -> [KNN + Magnitude_Warping @ 5x] Acc: 0.9833, F1: 0.9834, Time: 0.04s
      -> [RandomForest + Magnitude_Warping @ 5x] Acc: 0.9633, F1: 0.9644, Time: 4.14s
      -> [LinearSVC + Magnitude_Warping @ 5x] Acc: 0.9217, F1: 0.9204, Time: 46.75s
      -> [LogisticRegression + Magnitude_Warping @ 5x] Acc: 0.9217, F1: 0.9216, Time: 0.11s
      -> [RNN + Magnitude_Warping @ 5x] Acc: 0.6667, F1: 0.6000, Time: 1.09s
    [=== Generating 10x synthetic data with Magnitude_Warping ===]
      -> [KNN + Magnitude_Warping @ 10x] Acc: 0.9600, F1: 0.9605, Time: 0.08s
      -> [RandomForest + Magnitude_Warping @ 10x] Acc: 0.9367, F1: 0.9395, Time: 8.62s
      -> [LinearSVC + Magnitude_Warping @ 10x] Acc: 0.9150, F1: 0.9136, Time: 292.29s
      -> [LogisticRegression + Magnitude_Warping @ 10x] Acc: 0.9183, F1: 0.9183, Time: 0.36s
      -> [RNN + Magnitude_Warping @ 10x] Acc: 1.0000, F1: 1.0000, Time: 2.29s
    [=== Generating 2x synthetic data with Time_Warping ===]
      -> [KNN + Time_Warping @ 2x] Acc: 0.9750, F1: 0.9751, Time: 0.03s
      -> [RandomForest + Time_Warping @ 2x] Acc: 0.9783, F1: 0.9784, Time: 1.46s
      -> [LinearSVC + Time_Warping @ 2x] Acc: 0.8250, F1: 0.8275, Time: 6.94s
      -> [LogisticRegression + Time_Warping @ 2x] Acc: 0.7833, F1: 0.7898, Time: 0.03s
      -> [RNN + Time_Warping @ 2x] Acc: 0.8333, F1: 0.7619, Time: 0.41s
    [=== Generating 3x synthetic data with Time_Warping ===]
      -> [KNN + Time_Warping @ 3x] Acc: 0.9750, F1: 0.9750, Time: 0.03s
      -> [RandomForest + Time_Warping @ 3x] Acc: 0.9617, F1: 0.9624, Time: 2.13s
      -> [LinearSVC + Time_Warping @ 3x] Acc: 0.7833, F1: 0.7865, Time: 12.65s
      -> [LogisticRegression + Time_Warping @ 3x] Acc: 0.7217, F1: 0.7216, Time: 0.05s
      -> [RNN + Time_Warping @ 3x] Acc: 1.0000, F1: 1.0000, Time: 0.77s
    [=== Generating 5x synthetic data with Time_Warping ===]
      -> [KNN + Time_Warping @ 5x] Acc: 0.9733, F1: 0.9734, Time: 0.06s
      -> [RandomForest + Time_Warping @ 5x] Acc: 0.9583, F1: 0.9587, Time: 4.06s
      -> [LinearSVC + Time_Warping @ 5x] Acc: 0.7900, F1: 0.7923, Time: 48.59s
      -> [LogisticRegression + Time_Warping @ 5x] Acc: 0.7117, F1: 0.7131, Time: 0.10s
      -> [RNN + Time_Warping @ 5x] Acc: 0.8333, F1: 0.8333, Time: 1.15s
    [=== Generating 10x synthetic data with Time_Warping ===]
      -> [KNN + Time_Warping @ 10x] Acc: 0.9700, F1: 0.9703, Time: 0.11s
      -> [RandomForest + Time_Warping @ 10x] Acc: 0.9200, F1: 0.9224, Time: 8.99s
      -> [LinearSVC + Time_Warping @ 10x] Acc: 0.7383, F1: 0.7438, Time: 274.15s
      -> [LogisticRegression + Time_Warping @ 10x] Acc: 0.7067, F1: 0.7111, Time: 0.16s
      -> [RNN + Time_Warping @ 10x] Acc: 1.0000, F1: 1.0000, Time: 1.60s
    [=== Generating 2x synthetic data with SMOTE ===]
      -> [KNN + SMOTE @ 2x] Acc: 0.9800, F1: 0.9800, Time: 0.02s
      -> [RandomForest + SMOTE @ 2x] Acc: 0.9817, F1: 0.9819, Time: 1.31s
      -> [LinearSVC + SMOTE @ 2x] Acc: 0.9417, F1: 0.9416, Time: 4.57s
      -> [LogisticRegression + SMOTE @ 2x] Acc: 0.9050, F1: 0.9037, Time: 0.12s
      -> [RNN + SMOTE @ 2x] Acc: 1.0000, F1: 1.0000, Time: 0.37s
    [=== Generating 3x synthetic data with SMOTE ===]
      -> [KNN + SMOTE @ 3x] Acc: 0.9933, F1: 0.9933, Time: 0.02s
      -> [RandomForest + SMOTE @ 3x] Acc: 0.9850, F1: 0.9851, Time: 1.95s
      -> [LinearSVC + SMOTE @ 3x] Acc: 0.9383, F1: 0.9383, Time: 12.01s
      -> [LogisticRegression + SMOTE @ 3x] Acc: 0.8917, F1: 0.8911, Time: 0.25s
      -> [RNN + SMOTE @ 3x] Acc: 0.8333, F1: 0.7619, Time: 0.69s
    [=== Generating 5x synthetic data with SMOTE ===]
      -> [KNN + SMOTE @ 5x] Acc: 0.9917, F1: 0.9917, Time: 0.04s
      -> [RandomForest + SMOTE @ 5x] Acc: 0.9750, F1: 0.9754, Time: 3.94s
      -> [LinearSVC + SMOTE @ 5x] Acc: 0.9383, F1: 0.9383, Time: 39.13s
      -> [LogisticRegression + SMOTE @ 5x] Acc: 0.9050, F1: 0.9044, Time: 0.28s
      -> [RNN + SMOTE @ 5x] Acc: 0.8333, F1: 0.8333, Time: 0.88s
    [=== Generating 10x synthetic data with SMOTE ===]
      -> [KNN + SMOTE @ 10x] Acc: 0.9867, F1: 0.9867, Time: 0.06s
      -> [RandomForest + SMOTE @ 10x] Acc: 0.9883, F1: 0.9884, Time: 7.46s
      -> [LinearSVC + SMOTE @ 10x] Acc: 0.9467, F1: 0.9466, Time: 178.67s
      -> [LogisticRegression + SMOTE @ 10x] Acc: 0.9033, F1: 0.9030, Time: 1.00s
      -> [RNN + SMOTE @ 10x] Acc: 1.0000, F1: 1.0000, Time: 2.05s
    [=== Generating 2x synthetic data with ADASYN ===]
      -> [KNN + ADASYN @ 2x] Acc: 0.9600, F1: 0.9604, Time: 0.02s
      -> [RandomForest + ADASYN @ 2x] Acc: 0.9450, F1: 0.9460, Time: 1.41s
      -> [LinearSVC + ADASYN @ 2x] Acc: 0.8767, F1: 0.8767, Time: 4.77s
      -> [LogisticRegression + ADASYN @ 2x] Acc: 0.8917, F1: 0.8912, Time: 0.11s
      -> [RNN + ADASYN @ 2x] Acc: 1.0000, F1: 1.0000, Time: 0.43s
    [=== Generating 3x synthetic data with ADASYN ===]
      -> [KNN + ADASYN @ 3x] Acc: 0.9900, F1: 0.9900, Time: 0.03s
      -> [RandomForest + ADASYN @ 3x] Acc: 0.9900, F1: 0.9900, Time: 2.29s
      -> [LinearSVC + ADASYN @ 3x] Acc: 0.8817, F1: 0.8821, Time: 8.68s
      -> [LogisticRegression + ADASYN @ 3x] Acc: 0.8800, F1: 0.8796, Time: 0.27s
      -> [RNN + ADASYN @ 3x] Acc: 0.8333, F1: 0.7619, Time: 0.66s
    [=== Generating 5x synthetic data with ADASYN ===]
      -> [KNN + ADASYN @ 5x] Acc: 0.9900, F1: 0.9900, Time: 0.04s
      -> [RandomForest + ADASYN @ 5x] Acc: 0.9867, F1: 0.9868, Time: 4.02s
      -> [LinearSVC + ADASYN @ 5x] Acc: 0.8833, F1: 0.8811, Time: 44.08s
      -> [LogisticRegression + ADASYN @ 5x] Acc: 0.9017, F1: 0.9011, Time: 0.36s
      -> [RNN + ADASYN @ 5x] Acc: 0.8333, F1: 0.7619, Time: 1.21s
    [=== Generating 10x synthetic data with ADASYN ===]
      -> [KNN + ADASYN @ 10x] Acc: 0.9917, F1: 0.9917, Time: 0.07s
      -> [RandomForest + ADASYN @ 10x] Acc: 0.9967, F1: 0.9967, Time: 8.52s
      -> [LinearSVC + ADASYN @ 10x] Acc: 0.7817, F1: 0.7657, Time: 164.44s
      -> [LogisticRegression + ADASYN @ 10x] Acc: 0.8733, F1: 0.8729, Time: 1.10s
      -> [RNN + ADASYN @ 10x] Acc: 1.0000, F1: 1.0000, Time: 1.92s
    [=== Generating 2x synthetic data with Mixup ===]
      -> [KNN + Mixup @ 2x] Acc: 0.9733, F1: 0.9734, Time: 0.02s
      -> [RandomForest + Mixup @ 2x] Acc: 0.9650, F1: 0.9650, Time: 1.37s
      -> [LinearSVC + Mixup @ 2x] Acc: 0.9500, F1: 0.9500, Time: 4.99s
      -> [LogisticRegression + Mixup @ 2x] Acc: 0.9133, F1: 0.9124, Time: 0.10s
      -> [RNN + Mixup @ 2x] Acc: 0.8333, F1: 0.7619, Time: 0.42s
    [=== Generating 3x synthetic data with Mixup ===]
      -> [KNN + Mixup @ 3x] Acc: 0.9833, F1: 0.9833, Time: 0.02s
      -> [RandomForest + Mixup @ 3x] Acc: 0.9650, F1: 0.9651, Time: 2.02s
      -> [LinearSVC + Mixup @ 3x] Acc: 0.9183, F1: 0.9180, Time: 8.82s
      -> [LogisticRegression + Mixup @ 3x] Acc: 0.8817, F1: 0.8795, Time: 0.20s
      -> [RNN + Mixup @ 3x] Acc: 0.8333, F1: 0.7619, Time: 0.71s
    [=== Generating 5x synthetic data with Mixup ===]
      -> [KNN + Mixup @ 5x] Acc: 0.9900, F1: 0.9900, Time: 0.04s
      -> [RandomForest + Mixup @ 5x] Acc: 0.9783, F1: 0.9784, Time: 3.60s
      -> [LinearSVC + Mixup @ 5x] Acc: 0.9317, F1: 0.9315, Time: 31.52s
      -> [LogisticRegression + Mixup @ 5x] Acc: 0.9017, F1: 0.9014, Time: 0.44s
      -> [RNN + Mixup @ 5x] Acc: 0.8333, F1: 0.7619, Time: 0.94s
    [=== Generating 10x synthetic data with Mixup ===]
      -> [KNN + Mixup @ 10x] Acc: 0.9850, F1: 0.9850, Time: 0.06s
      -> [RandomForest + Mixup @ 10x] Acc: 0.9733, F1: 0.9736, Time: 7.76s
      -> [LinearSVC + Mixup @ 10x] Acc: 0.9350, F1: 0.9349, Time: 192.31s
      -> [LogisticRegression + Mixup @ 10x] Acc: 0.8933, F1: 0.8922, Time: 0.79s
      -> [RNN + Mixup @ 10x] Acc: 1.0000, F1: 1.0000, Time: 2.11s
    [=== Generating 2x synthetic data with GMM ===]
      -> [KNN + GMM @ 2x] Acc: 0.9700, F1: 0.9701, Time: 0.01s
      -> [RandomForest + GMM @ 2x] Acc: 0.9750, F1: 0.9755, Time: 1.46s
      -> [LinearSVC + GMM @ 2x] Acc: 0.9250, F1: 0.9243, Time: 5.68s
      -> [LogisticRegression + GMM @ 2x] Acc: 0.9283, F1: 0.9285, Time: 0.05s
      -> [RNN + GMM @ 2x] Acc: 0.8333, F1: 0.7619, Time: 0.41s
    [=== Generating 3x synthetic data with GMM ===]
      -> [KNN + GMM @ 3x] Acc: 0.9667, F1: 0.9669, Time: 0.02s
      -> [RandomForest + GMM @ 3x] Acc: 0.9650, F1: 0.9659, Time: 2.29s
      -> [LinearSVC + GMM @ 3x] Acc: 0.9283, F1: 0.9274, Time: 9.56s
      -> [LogisticRegression + GMM @ 3x] Acc: 0.9417, F1: 0.9417, Time: 0.09s
      -> [RNN + GMM @ 3x] Acc: 0.8333, F1: 0.7619, Time: 0.56s
    [=== Generating 5x synthetic data with GMM ===]
      -> [KNN + GMM @ 5x] Acc: 0.9667, F1: 0.9669, Time: 0.04s
      -> [RandomForest + GMM @ 5x] Acc: 0.9550, F1: 0.9563, Time: 4.18s
      -> [LinearSVC + GMM @ 5x] Acc: 0.9183, F1: 0.9163, Time: 28.45s
      -> [LogisticRegression + GMM @ 5x] Acc: 0.9483, F1: 0.9483, Time: 0.12s
      -> [RNN + GMM @ 5x] Acc: 1.0000, F1: 1.0000, Time: 0.80s
    [=== Generating 10x synthetic data with GMM ===]
      -> [KNN + GMM @ 10x] Acc: 0.9633, F1: 0.9636, Time: 0.06s
      -> [RandomForest + GMM @ 10x] Acc: 0.9467, F1: 0.9484, Time: 8.10s
      -> [LinearSVC + GMM @ 10x] Acc: 0.9033, F1: 0.9001, Time: 224.49s
      -> [LogisticRegression + GMM @ 10x] Acc: 0.9467, F1: 0.9466, Time: 0.42s
      -> [RNN + GMM @ 10x] Acc: 0.8333, F1: 0.7619, Time: 1.91s
    [=== Generating 2x synthetic data with HMM_GMM ===]
      -> [KNN + HMM_GMM @ 2x] Acc: 0.9750, F1: 0.9751, Time: 0.02s
      -> [RandomForest + HMM_GMM @ 2x] Acc: 0.9433, F1: 0.9450, Time: 0.99s
      -> [LinearSVC + HMM_GMM @ 2x] Acc: 0.7617, F1: 0.6921, Time: 6.22s
      -> [LogisticRegression + HMM_GMM @ 2x] Acc: 0.8767, F1: 0.8741, Time: 0.02s
      -> [RNN + HMM_GMM @ 2x] Acc: 0.6667, F1: 0.6000, Time: 0.30s
    [=== Generating 3x synthetic data with HMM_GMM ===]
      -> [KNN + HMM_GMM @ 3x] Acc: 0.9750, F1: 0.9751, Time: 0.03s
      -> [RandomForest + HMM_GMM @ 3x] Acc: 0.9050, F1: 0.9057, Time: 1.30s
      -> [LinearSVC + HMM_GMM @ 3x] Acc: 0.7633, F1: 0.6935, Time: 14.34s
      -> [LogisticRegression + HMM_GMM @ 3x] Acc: 0.8683, F1: 0.8653, Time: 0.05s
      -> [RNN + HMM_GMM @ 3x] Acc: 0.6667, F1: 0.6667, Time: 0.78s
    [=== Generating 5x synthetic data with HMM_GMM ===]
      -> [KNN + HMM_GMM @ 5x] Acc: 0.9750, F1: 0.9751, Time: 0.04s
      -> [RandomForest + HMM_GMM @ 5x] Acc: 0.8333, F1: 0.8294, Time: 1.75s
      -> [LinearSVC + HMM_GMM @ 5x] Acc: 0.7633, F1: 0.6931, Time: 41.61s
      -> [LogisticRegression + HMM_GMM @ 5x] Acc: 0.8717, F1: 0.8682, Time: 0.07s
      -> [RNN + HMM_GMM @ 5x] Acc: 0.5000, F1: 0.4000, Time: 1.03s
    [=== Generating 10x synthetic data with HMM_GMM ===]
      -> [KNN + HMM_GMM @ 10x] Acc: 0.9750, F1: 0.9751, Time: 0.05s
      -> [RandomForest + HMM_GMM @ 10x] Acc: 0.8133, F1: 0.8069, Time: 2.26s
      -> [LinearSVC + HMM_GMM @ 10x] Acc: 0.7617, F1: 0.6915, Time: 266.23s
      -> [LogisticRegression + HMM_GMM @ 10x] Acc: 0.8617, F1: 0.8569, Time: 0.12s
      -> [RNN + HMM_GMM @ 10x] Acc: 0.6667, F1: 0.6667, Time: 1.70s
    [=== Generating 2x synthetic data with TimeVAE ===]
      -> [KNN + TimeVAE @ 2x] Acc: 0.9750, F1: 0.9751, Time: 0.02s
      -> [RandomForest + TimeVAE @ 2x] Acc: 0.9400, F1: 0.9415, Time: 1.22s
      -> [LinearSVC + TimeVAE @ 2x] Acc: 0.9117, F1: 0.9101, Time: 4.80s
      -> [LogisticRegression + TimeVAE @ 2x] Acc: 0.9100, F1: 0.9103, Time: 0.09s
      -> [RNN + TimeVAE @ 2x] Acc: 0.8333, F1: 0.7619, Time: 0.35s
    [=== Generating 3x synthetic data with TimeVAE ===]
      -> [KNN + TimeVAE @ 3x] Acc: 0.9750, F1: 0.9751, Time: 0.02s
      -> [RandomForest + TimeVAE @ 3x] Acc: 0.9350, F1: 0.9366, Time: 1.76s
      -> [LinearSVC + TimeVAE @ 3x] Acc: 0.8800, F1: 0.8798, Time: 7.96s
      -> [LogisticRegression + TimeVAE @ 3x] Acc: 0.8867, F1: 0.8871, Time: 0.12s
      -> [RNN + TimeVAE @ 3x] Acc: 0.8333, F1: 0.7619, Time: 0.60s
    [=== Generating 5x synthetic data with TimeVAE ===]
      -> [KNN + TimeVAE @ 5x] Acc: 0.9750, F1: 0.9751, Time: 0.03s
      -> [RandomForest + TimeVAE @ 5x] Acc: 0.9267, F1: 0.9285, Time: 3.22s
      -> [LinearSVC + TimeVAE @ 5x] Acc: 0.7767, F1: 0.7412, Time: 35.98s
      -> [LogisticRegression + TimeVAE @ 5x] Acc: 0.8867, F1: 0.8867, Time: 0.21s
      -> [RNN + TimeVAE @ 5x] Acc: 0.8333, F1: 0.7619, Time: 1.00s
    [=== Generating 10x synthetic data with TimeVAE ===]
      -> [KNN + TimeVAE @ 10x] Acc: 0.9750, F1: 0.9751, Time: 0.06s
      -> [RandomForest + TimeVAE @ 10x] Acc: 0.9350, F1: 0.9370, Time: 6.21s
      -> [LinearSVC + TimeVAE @ 10x] Acc: 0.7483, F1: 0.6900, Time: 128.36s
      -> [LogisticRegression + TimeVAE @ 10x] Acc: 0.8750, F1: 0.8758, Time: 0.37s
      -> [RNN + TimeVAE @ 10x] Acc: 0.6667, F1: 0.6667, Time: 1.89s

    >> Seed Fold Selection: 4/10
    Evaluating Model: KNN
      -> [Baseline] Acc: 0.6833, F1: 0.6510, Time: 0.01s
      HP Tuning KNN...
n_iterations: 3
n_required_iterations: 3
n_possible_iterations: 5
min_resources_: 30
max_resources_: 4700
aggressive_elimination: False
factor: 3
----------
iter: 0
n_candidates: 20
n_resources: 30
Fitting 5 folds for each of 20 candidates, totalling 100 fits
Windows fatal exception: code 0xc0000139

Thread 0x00001dfc (most recent call first):
  File "<frozen importlib._bootstrap>", line 488 in _call_with_frames_removed
  File "<frozen importlib._bootstrap_external>", line 1321 in create_module
  File "<frozen importlib._bootstrap>", line 813 in module_from_spec
  File "<frozen importlib._bootstrap>", line 921 in _load_unlocked
  File "<frozen importlib._bootstrap>", line 1331 in _find_and_load_unlocked
  File "<frozen importlib._bootstrap>", line 1360 in _find_and_load
  File "c:\ProgramData\anaconda3\Lib\site-packages\gmpy2\__init__.py", line 1 in <module>
  File "<frozen importlib._bootstrap>", line 488 in _call_with_frames_removed
  File "<frozen importlib._bootstrap_external>", line 1027 in exec_module
  File "<frozen importlib._bootstrap>", line 935 in _load_unlocked
  File "<frozen importlib._bootstrap>", line 1331 in _find_and_load_unlocked
  File "<frozen importlib._bootstrap>", line 1360 in _find_and_load
  File "c:\ProgramData\anaconda3\Lib\site-packages\mpmath\libmp\backend.py", line 70 in <module>
  File "<frozen importlib._bootstrap>", line 488 in _call_with_frames_removed
  File "<frozen importlib._bootstrap_external>", line 1027 in exec_module
  File "<frozen importlib._bootstrap>", line 935 in _load_unlocked
  File "<frozen importlib._bootstrap>", line 1331 in _find_and_load_unlocked
  File "<frozen importlib._bootstrap>", line 1360 in _find_and_load
  File "c:\ProgramData\anaconda3\Lib\site-packages\mpmath\libmp\libmpf.py", line 17 in <module>
  File "<frozen importlib._bootstrap>", line 488 in _call_with_frames_removed
  File "<frozen importlib._bootstrap_external>", line 1027 in exec_module
  File "<frozen importlib._bootstrap>", line 935 in _load_unlocked
  File "<frozen importlib._bootstrap>", line 1331 in _find_and_load_unlocked
  File "<frozen importlib._bootstrap>", line 1360 in _find_and_load
  File "c:\ProgramData\anaconda3\Lib\site-packages\mpmath\libmp\__init__.py", line 1 in <module>
  File "<frozen importlib._bootstrap>", line 488 in _call_with_frames_removed
  File "<frozen importlib._bootstrap_external>", line 1027 in exec_module
  File "<frozen importlib._bootstrap>", line 935 in _load_unlocked
  File "<frozen importlib._bootstrap>", line 1331 in _find_and_load_unlocked
  File "<frozen importlib._bootstrap>", line 1360 in _find_and_load
  File "<frozen importlib._bootstrap>", line 488 in _call_with_frames_removed
  File "<frozen importlib._bootstrap>", line 1310 in _find_and_load_unlocked
  File "<frozen importlib._bootstrap>", line 1360 in _find_and_load
  File "c:\ProgramData\anaconda3\Lib\site-packages\mpmath\ctx_base.py", line 3 in <module>
  File "<frozen importlib._bootstrap>", line 488 in _call_with_frames_removed
  File "<frozen importlib._bootstrap_external>", line 1027 in exec_module
  File "<frozen importlib._bootstrap>", line 935 in _load_unlocked
  File "<frozen importlib._bootstrap>", line 1331 in _find_and_load_unlocked
  File "<frozen importlib._bootstrap>", line 1360 in _find_and_load
  File "c:\ProgramData\anaconda3\Lib\site-packages\mpmath\ctx_fp.py", line 1 in <module>
  File "<frozen importlib._bootstrap>", line 488 in _call_with_frames_removed
  File "<frozen importlib._bootstrap_external>", line Windows fatal exception: 1027code 0x in exec_module
  File "c0000139

<frozen importlib._bootstrap>Thread 0x000070f8 (most recent call first):
  File "<frozen importlib._bootstrap>"", line 488 in _call_with_frames_removed, line 935 in 
  File "<frozen importlib._bootstrap_external>", line 1321 in create_module
  File "_load_unlocked<frozen importlib._bootstrap>
  File "<frozen importlib._bootstrap>", line 1331 in ", line 813 in module_from_spec
  File "<frozen importlib._bootstrap>_find_and_load_unlocked
  File "<frozen importlib._bootstrap>", line 1360 in _find_and_load
"  File , line 921"c:\ProgramData\anaconda3\Lib\site-packages\mpmath\__init__.py" in _load_unlocked
  File "<frozen importlib._bootstrap>", line 5 in <module>
  File "<frozen importlib._bootstrap>", line 488 in _call_with_frames_removed
  File "<frozen importlib._bootstrap_external>", line 1027 in , line 1331 in _find_and_load_unlocked
  File "<frozen importlib._bootstrap>", line 1360 in exec_module_find_and_load
  File "c:\ProgramData\anaconda3\Lib\site-packages\gmpy2\__init__.py
", line 1 in <module>
  File "<frozen importlib._bootstrap>", line 488 in _call_with_frames_removed
  File "<frozen importlib._bootstrap_external>  File "<frozen importlib._bootstrap>", line 935 in _load_unlocked
  File ""<frozen importlib._bootstrap>", line 1331 in , line 1027 in exec_module
_find_and_load_unlocked
  File "<frozen importlib._bootstrap>"  File ", line <frozen importlib._bootstrap>"1360, line 935 in _load_unlocked
  File "<frozen importlib._bootstrap>", line 1331 in _find_and_load_unlocked
  File "<frozen importlib._bootstrap>", line 1360 in _find_and_load
 in _find_and_load
  File "c:\ProgramData\anaconda3\Lib\site-packages\sympy\__init__.py"  File , line "c:\ProgramData\anaconda3\Lib\site-packages\mpmath\libmp\backend.py"23 in , line <module>
  File 70 in <module>
  File "<frozen importlib._bootstrap>""<frozen importlib._bootstrap>", line 488 in , line 488 in _call_with_frames_removed
  File _call_with_frames_removed
"<frozen importlib._bootstrap_external>"  File "<frozen importlib._bootstrap_external>", line 1027 in , line 1027 in exec_module
  File "<frozen importlib._bootstrap>", line 935exec_module
  File " in _load_unlocked
<frozen importlib._bootstrap>"  File "<frozen importlib._bootstrap>, line 935 in "_load_unlocked
  File , line 1331 in _find_and_load_unlocked
"<frozen importlib._bootstrap>"  File "<frozen importlib._bootstrap>", line 1360 in _find_and_load, line 1331 in 
  File "<frozen importlib._bootstrap>"_find_and_load_unlocked
  File "<frozen importlib._bootstrap>, line 488 in ", line 1360_call_with_frames_removed
  File  in _find_and_load
"<frozen importlib._bootstrap>"  File "c:\ProgramData\anaconda3\Lib\site-packages\mpmath\libmp\libmpf.py, line 1310" in _find_and_load_unlocked
, line 17 in <module>  File "<frozen importlib._bootstrap>"
  File ", line 1360 in _find_and_load
<frozen importlib._bootstrap>", line 488  File "<frozen importlib._bootstrap>" in _call_with_frames_removed
, line 488 in   File "<frozen importlib._bootstrap_external>"_call_with_frames_removed
  File "<frozen importlib._bootstrap>, line 1027 in ", line 1310 in _find_and_load_unlocked
  File exec_module
  File "<frozen importlib._bootstrap>"<frozen importlib._bootstrap>"", line 935, line 1360 in _find_and_load
 in _load_unlocked
  File "  File <frozen importlib._bootstrap>", line 1331 in _find_and_load_unlocked
  File ""<frozen importlib._bootstrap>"c:\ProgramData\anaconda3\Lib\multiprocessing\queues.py, line "1360 in _find_and_load
  File "c:\ProgramData\anaconda3\Lib\site-packages\mpmath\libmp\__init__.py", line 120 in , line 1 in <module>
  File "<frozen importlib._bootstrap>", line 488get
  File  in _call_with_frames_removed
  File ""c:\ProgramData\anaconda3\Lib\site-packages\joblib\externals\loky\process_executor.py"<frozen importlib._bootstrap_external>", line , line 453 in 1027 in exec_module
  File "<frozen importlib._bootstrap>_process_worker", line 935 in _load_unlocked

  File "c:\ProgramData\anaconda3\Lib\multiprocessing\process.py", line 108  File "<frozen importlib._bootstrap> in run
", line 1331  File "c:\ProgramData\anaconda3\Lib\multiprocessing\process.py in _find_and_load_unlocked
  File ""<frozen importlib._bootstrap>", line 313 in , line 1360 in _bootstrap
  File "c:\ProgramData\anaconda3\Lib\site-packages\joblib\externals\loky\backend\popen_loky_win32.py_find_and_load
  File "<frozen importlib._bootstrap>"", line 488 in _call_with_frames_removed
, line 172 in   File "<frozen importlib._bootstrap>", line 1310 in _find_and_load_unlockedmain
  File 
  File ""<string>"<frozen importlib._bootstrap>", line , line 1 in 1360 in _find_and_load
  File "c:\ProgramData\anaconda3\Lib\site-packages\mpmath\ctx_base.py", line 3<module>
 in <module>
  File "<frozen importlib._bootstrap>", line 488 in _call_with_frames_removed
  File "<frozen importlib._bootstrap_external>", line 1027 in exec_module
  File "<frozen importlib._bootstrap>", line 935 in _load_unlocked
  File "<frozen importlib._bootstrap>", line 1331 in _find_and_load_unlocked
  File "<frozen importlib._bootstrap>", line 1360 in _find_and_load
  File "c:\ProgramData\anaconda3\Lib\site-packages\mpmath\ctx_fp.py", line 1 in <module>
  File "<frozen importlib._bootstrap>", line 488 in _call_with_frames_removed
  File "<frozen importlib._bootstrap_external>", line 1027 in exec_module
  File "<frozen importlib._bootstrap>", line 935 in _load_unlocked
  File "<frozen importlib._bootstrap>", line 1331 in _find_and_load_unlocked
  File "<frozen importlib._bootstrap>", line 1360 in _find_and_load
  File "c:\ProgramData\anaconda3\Lib\site-packages\mpmath\__init__.py", line 5 in <module>
  File "<frozen importlib._bootstrap>", line 488 in _call_with_frames_removed
  File "<frozen importlib._bootstrap_external>", line 1027 in exec_module
  File "<frozen importlib._bootstrap>", line 935 in _load_unlocked
  File "<frozen importlib._bootstrap>", line 1331 in _find_and_load_unlocked
  File "<frozen importlib._bootstrap>", line 1360 in _find_and_load
  File "c:\ProgramData\anaconda3\Lib\site-packages\sympy\__init__.py", line 23 in <module>
  File "<frozen importlib._bootstrap>", line 488 in _call_with_frames_removed
  File "<frozen importlib._bootstrap_external>", line 1027 in exec_module
  File "<frozen importlib._bootstrap>", line 935 in _load_unlocked
  File "<frozen importlib._bootstrap>", line 1331 in _find_and_load_unlocked
  File "<frozen importlib._bootstrap>", line 1360 in _find_and_load
  File "<frozen importlib._bootstrap>", line 488 in _call_with_frames_removed
  File "<frozen importlib._bootstrap>", line 1310 in _find_and_load_unlocked
  File "<frozen importlib._bootstrap>", line 1360 in _find_and_load
  File "<frozen importlib._bootstrap>", line 488 in _call_with_frames_removed
  File "<frozen importlib._bootstrap>", line 1310 in _find_and_load_unlocked
  File "<frozen importlib._bootstrap>", line 1360 in _find_and_load
  File "c:\ProgramData\anaconda3\Lib\multiprocessing\queues.py", line 120 in get
  File "c:\ProgramData\anaconda3\Lib\site-packages\joblib\externals\loky\process_executor.py", line 453 in _process_worker
  File "c:\ProgramData\anaconda3\Lib\multiprocessing\process.py", line 108 in run
  File "c:\ProgramData\anaconda3\Lib\multiprocessing\process.py", line 313 in _bootstrap
  File "c:\ProgramData\anaconda3\Lib\site-packages\joblib\externals\loky\backend\popen_loky_win32.py", line 172 in main
  File "<string>", line 1 in <module>
Windows fatal exception: code 0xc0000139

Thread 0x000070e4 (most recent call first):
  File "<frozen importlib._bootstrap>", line 488 in _call_with_frames_removed
  File "<frozen importlib._bootstrap_external>", line 1321 in create_module
  File "<frozen importlib._bootstrap>", line 813 in module_from_spec
  File "<frozen importlib._bootstrap>", line 921 in _load_unlocked
  File "<frozen importlib._bootstrap>", line 1331 in _find_and_load_unlocked
  File "<frozen importlib._bootstrap>", line 1360 in _find_and_load
  File "c:\ProgramData\anaconda3\Lib\site-packages\gmpy2\__init__.py", line 1 in <module>
  File "<frozen importlib._bootstrap>", line 488 in _call_with_frames_removed
  File "<frozen importlib._bootstrap_external>", line 1027 in exec_module
  File "<frozen importlib._bootstrap>", line 935 in _load_unlocked
  File "<frozen importlib._bootstrap>", line 1331 in _find_and_load_unlocked
  File "<frozen importlib._bootstrap>", line 1360 in _find_and_load
  File "c:\ProgramData\anaconda3\Lib\site-packages\mpmath\libmp\backend.py", line 70 in <module>
  File "<frozen importlib._bootstrap>", line 488 in _call_with_frames_removed
  File "<frozen importlib._bootstrap_external>", line 1027 in exec_module
  File "<frozen importlib._bootstrap>", line 935 in _load_unlocked
  File "<frozen importlib._bootstrap>", line 1331 in _find_and_load_unlocked
  File "<frozen importlib._bootstrap>", line 1360 in _find_and_load
  File "c:\ProgramData\anaconda3\Lib\site-packages\mpmath\libmp\libmpf.py", line 17 in <module>
  File "<frozen importlib._bootstrap>", line 488 in _call_with_frames_removed
  File "<frozen importlib._bootstrap_external>", line 1027 in exec_module
  File "<frozen importlib._bootstrap>", line 935 in _load_unlocked
  File "<frozen importlib._bootstrap>", line 1331 in _find_and_load_unlocked
  File "<frozen importlib._bootstrap>", line 1360 in _find_and_load
  File "c:\ProgramData\anaconda3\Lib\site-packages\mpmath\libmp\__init__.py", line 1 in <module>
  File "<frozen importlib._bootstrap>", line 488 in _call_with_frames_removed
  File "<frozen importlib._bootstrap_external>", line 1027 in exec_module
  File "<frozen importlib._bootstrap>", line 935 in _load_unlocked
  File "<frozen importlib._bootstrap>", line 1331 in _find_and_load_unlocked
  File "<frozen importlib._bootstrap>", line 1360 in _find_and_load
  File "<frozen importlib._bootstrap>", line 488 in _call_with_frames_removed
  File "<frozen importlib._bootstrap>", line 1310 in _find_and_load_unlocked
  File "<frozen importlib._bootstrap>", line 1360 in _find_and_load
  File "c:\ProgramData\anaconda3\Lib\site-packages\mpmath\ctx_base.py", line 3 in <module>
  File "<frozen importlib._bootstrap>", line 488 in _call_with_frames_removed
  File "<frozen importlib._bootstrap_external>", line 1027 in exec_module
  File "<frozen importlib._bootstrap>", line 935 in _load_unlocked
  File "<frozen importlib._bootstrap>", line 1331 in _find_and_load_unlocked
  File "<frozen importlib._bootstrap>", line 1360 in _find_and_load
  File "c:\ProgramData\anaconda3\Lib\site-packages\mpmath\ctx_fp.py", line 1 in <module>
  File "<frozen importlib._bootstrap>", line 488 in _call_with_frames_removed
  File "<frozen importlib._bootstrap_external>", line 1027 in exec_module
  File "<frozen importlib._bootstrap>", line 935 in _load_unlocked
  File "<frozen importlib._bootstrap>", line 1331 in _find_and_load_unlocked
  File "<frozen importlib._bootstrap>", line 1360 in _find_and_load
  File "c:\ProgramData\anaconda3\Lib\site-packages\mpmath\__init__.py", line 5 in <module>
  File "<frozen importlib._bootstrap>", line 488 in _call_with_frames_removed
  File "<frozen importlib._bootstrap_external>", line 1027 in exec_module
  File "<frozen importlib._bootstrap>", line 935 in _load_unlocked
  File "<frozen importlib._bootstrap>", line 1331 in _find_and_load_unlocked
  File "<frozen importlib._bootstrap>", line 1360 in _find_and_load
  File "c:\ProgramData\anaconda3\Lib\site-packages\sympy\__init__.py", line 23 in <module>
  File "<frozen importlib._bootstrap>", line 488 in _call_with_frames_removed
  File "<frozen importlib._bootstrap_external>", line 1027 in exec_module
  File "<frozen importlib._bootstrap>", line 935 in _load_unlocked
  File "<frozen importlib._bootstrap>", line 1331 in _find_and_load_unlocked
  File "<frozen importlib._bootstrap>", line 1360 in _find_and_load
  File "<frozen importlib._bootstrap>", line 488 in _call_with_frames_removed
  File "<frozen importlib._bootstrap>", line 1310 in _find_and_load_unlocked
  File "<frozen importlib._bootstrap>", line 1360 in _find_and_load
  File "<frozen importlib._bootstrap>", line 488 in _call_with_frames_removed
  File "<frozen importlib._bootstrap>", line 1310 in _find_and_load_unlocked
  File "<frozen importlib._bootstrap>", line 1360 in _find_and_load
  File "c:\ProgramData\anaconda3\Lib\multiprocessing\queues.py", line 120 in get
  File "c:\ProgramData\anaconda3\Lib\site-packages\joblib\externals\loky\process_executor.py", line 453 in _process_worker
  File "c:\ProgramData\anaconda3\Lib\multiprocessing\process.py", line 108 in run
  File "c:\ProgramData\anaconda3\Lib\multiprocessing\process.py", line 313 in _bootstrap
  File "c:\ProgramData\anaconda3\Lib\site-packages\joblib\externals\loky\backend\popen_loky_win32.py", line 172 in main
  File "<string>", line 1 in <module>
Windows fatal exception: code 0xc0000139

Thread 0x000070f8 (most recent call first):
  File "<frozen importlib._bootstrap>", line 488 in _call_with_frames_removed
  File "<frozen importlib._bootstrap_external>", line 1321 in create_module
  File "<frozen importlib._bootstrap>", line 813 in module_from_spec
  File "<frozen importlib._bootstrap>", line 921 in _load_unlocked
  File "<frozen importlib._bootstrap>", line 1331 in _find_and_load_unlocked
  File "<frozen importlib._bootstrap>", line 1360 in _find_and_load
  File "c:\ProgramData\anaconda3\Lib\site-packages\gmpy2\__init__.py", line 1 in <module>
  File "<frozen importlib._bootstrap>", line 488 in _call_with_frames_removed
  File "<frozen importlib._bootstrap_external>", line 1027 in exec_module
  File "<frozen importlib._bootstrap>", line 935 in _load_unlocked
  File "<frozen importlib._bootstrap>", line 1331 in _find_and_load_unlocked
  File "<frozen importlib._bootstrap>", line 1360 in _find_and_load
  File "c:\ProgramData\anaconda3\Lib\site-packages\sympy\external\importtools.py", line 145 in import_module
  File "c:\ProgramData\anaconda3\Lib\site-packages\sympy\external\gmpy.py", line 139 in _get_gmpy2
  File "c:\ProgramData\anaconda3\Lib\site-packages\sympy\external\gmpy.py", line 167 in <module>
  File "<frozen importlib._bootstrap>", line 488 in _call_with_frames_removed
  File "<frozen importlib._bootstrap_external>", line 1027 in exec_module
  File "<frozen importlib._bootstrap>", line 935 in _load_unlocked
  File "<frozen importlib._bootstrap>", line 1331 in _find_and_load_unlocked
  File "<frozen importlib._bootstrap>", line 1360 in _find_and_load
  File "c:\ProgramData\anaconda3\Lib\site-packages\sympy\core\evalf.py", line 26 in <module>
  File "<frozen importlib._bootstrap>", line 488 in _call_with_frames_removed
  File "<frozen importlib._bootstrap_external>", line 1027 in exec_module
  File "<frozen importlib._bootstrap>", line 935 in _load_unlocked
  File "<frozen importlib._bootstrap>", line 1331 in _find_and_load_unlocked
  File "<frozen importlib._bootstrap>", line 1360 in _find_and_loadWindows fatal exception: code 0xc0000139

Thread 0x00001dfc (most recent call first):
  File "<frozen importlib._bootstrap>", line 488 in _call_with_frames_removed

  File "<frozen importlib._bootstrap_external>", line 1321 in create_module
  File "<frozen importlib._bootstrap>", line 813 in module_from_spec
  File "<frozen importlib._bootstrap>"  File , line 921 in _load_unlocked
  File "<frozen importlib._bootstrap>", line 1331 in _find_and_load_unlocked
  File "<frozen importlib._bootstrap>"c:\ProgramData\anaconda3\Lib\site-packages\sympy\core\expr.py"", line 1360 in _find_and_load
  File "c:\ProgramData\anaconda3\Lib\site-packages\gmpy2\__init__.py", line 1 in <module>
  File "<frozen importlib._bootstrap>", line 488 in _call_with_frames_removed
  File "<frozen importlib._bootstrap_external>", line 1027 in exec_module
  File "<frozen importlib._bootstrap>", line 935 in _load_unlocked
  File "<frozen importlib._bootstrap>", line 11 in <module>, line 1331
 in _find_and_load_unlocked
  File "<frozen importlib._bootstrap>", line 488 in _call_with_frames_removed
  File "<frozen importlib._bootstrap_external>", line 1027 in exec_module
  File   File "<frozen importlib._bootstrap>""<frozen importlib._bootstrap>", line 935 in _load_unlocked, line 1360 in _find_and_load

  File "<frozen importlib._bootstrap>"  File "c:\ProgramData\anaconda3\Lib\site-packages\sympy\external\importtools.py, line ", line 1451331 in _find_and_load_unlocked
 in import_module
  File "<frozen importlib._bootstrap>"  File "c:\ProgramData\anaconda3\Lib\site-packages\sympy\external\gmpy.py", line 139 in _get_gmpy2
  File "c:\ProgramData\anaconda3\Lib\site-packages\sympy\external\gmpy.py, line 1360 in _find_and_load
"  File "c:\ProgramData\anaconda3\Lib\site-packages\sympy\core\__init__.py, line 167 in <module>", line 9
  File  in <module>
"<frozen importlib._bootstrap>", line 488  File "<frozen importlib._bootstrap>" in _call_with_frames_removed
  File "<frozen importlib._bootstrap_external>", line , line 488 in 1027 in exec_module
  File _call_with_frames_removed
  File "<frozen importlib._bootstrap>""<frozen importlib._bootstrap_external>", line 935 in , line 1027 in _load_unlocked
exec_module
  File "  File "<frozen importlib._bootstrap><frozen importlib._bootstrap>", line 1331 in _find_and_load_unlocked
  File "<frozen importlib._bootstrap>"", line 1360 in _find_and_load
  File "c:\ProgramData\anaconda3\Lib\site-packages\sympy\core\evalf.py", line 26 in <module>
  File "<frozen importlib._bootstrap>, line 935 in _load_unlocked
", line 488 in _call_with_frames_removed  File "
  File "<frozen importlib._bootstrap_external>"<frozen importlib._bootstrap>", line 1331 in , line 1027 in exec_module_find_and_load_unlocked
  File "<frozen importlib._bootstrap>
  File "", line <frozen importlib._bootstrap>", line 935 in _load_unlocked1360 in _find_and_load
  File "<frozen importlib._bootstrap>", line 488
  File " in _call_with_frames_removed
<frozen importlib._bootstrap>", line   File "<frozen importlib._bootstrap>", line 1331 in _find_and_load_unlocked1310 in _find_and_load_unlocked
  File "<frozen importlib._bootstrap>"
  File "<frozen importlib._bootstrap>", line 1360 in , line 1360 in _find_and_load_find_and_load

  File "c:\ProgramData\anaconda3\Lib\site-packages\sympy\__init__.py  File ""c:\ProgramData\anaconda3\Lib\site-packages\sympy\core\expr.py", line 31 in , line 11 in <module>
  File "<frozen importlib._bootstrap>", line 488 in <module>
  File "<frozen importlib._bootstrap>_call_with_frames_removed
  File ", line 488"<frozen importlib._bootstrap_external>" in _call_with_frames_removed
  File "<frozen importlib._bootstrap_external>, line 1027 in exec_module
"  File , line 1027 in exec_module"<frozen importlib._bootstrap>", line 
  File 935 in _load_unlocked
  File "<frozen importlib._bootstrap>", line 1331 in _find_and_load_unlocked
  File "<frozen importlib._bootstrap>", line 1360 in _find_and_load
  File "<frozen importlib._bootstrap>", line 488 in _call_with_frames_removed
  File "<frozen importlib._bootstrap>", line 1310 in _find_and_load_unlocked
  File "<frozen importlib._bootstrap>""<frozen importlib._bootstrap>", line 935 in _load_unlocked
, line 1360 in _find_and_load
  File "  File "<frozen importlib._bootstrap>"<frozen importlib._bootstrap>", line , line 1331 in _find_and_load_unlocked488 in 
  File "<frozen importlib._bootstrap>"_call_with_frames_removed
  File , line 1360 in "<frozen importlib._bootstrap>"_find_and_load
  File "c:\ProgramData\anaconda3\Lib\site-packages\sympy\core\__init__.py", line 9, line 1310 in <module>
  File "<frozen importlib._bootstrap> in _find_and_load_unlocked", line 488 in 
  File "<frozen importlib._bootstrap>"_call_with_frames_removed
, line 1360 in _find_and_load
  File "<frozen importlib._bootstrap_external>", line 1027 in exec_module
  File "  File "c:\ProgramData\anaconda3\Lib\multiprocessing\queues.py"<frozen importlib._bootstrap>", line , line 120 in get935 in _load_unlocked

  File   File "<frozen importlib._bootstrap>"c:\ProgramData\anaconda3\Lib\site-packages\joblib\externals\loky\process_executor.py"", line 1331 in _find_and_load_unlocked
  File ", line 453 in <frozen importlib._bootstrap>", line _process_worker
1360 in   File "c:\ProgramData\anaconda3\Lib\multiprocessing\process.py", line 108_find_and_load
  File "<frozen importlib._bootstrap>" in run, line 488 in 
  File "_call_with_frames_removed
  File "c:\ProgramData\anaconda3\Lib\multiprocessing\process.py", line 313<frozen importlib._bootstrap>", line 1310 in _find_and_load_unlocked
  File " in _bootstrap
<frozen importlib._bootstrap>", line   File 1360 in _find_and_load
"c:\ProgramData\anaconda3\Lib\site-packages\joblib\externals\loky\backend\popen_loky_win32.py"  File "c:\ProgramData\anaconda3\Lib\site-packages\sympy\__init__.py", line 31, line 172 in main
  File "<string>", line 1 in <module> in <module>

  File "<frozen importlib._bootstrap>", line 488 in _call_with_frames_removed
  File "<frozen importlib._bootstrap_external>", line 1027 in exec_module
  File "<frozen importlib._bootstrap>", line 935 in _load_unlocked
  File "<frozen importlib._bootstrap>", line 1331 in _find_and_load_unlocked
  File "<frozen importlib._bootstrap>", line 1360 in _find_and_load
  File "<frozen importlib._bootstrap>", line 488 in _call_with_frames_removed
  File "<frozen importlib._bootstrap>", line 1310 in _find_and_load_unlocked
  File "<frozen importlib._bootstrap>", line 1360 in _find_and_load
  File "<frozen importlib._bootstrap>", line 488 in _call_with_frames_removed
  File "<frozen importlib._bootstrap>", line 1310 in _find_and_load_unlocked
  File "<frozen importlib._bootstrap>", line 1360 in _find_and_load
  File "c:\ProgramData\anaconda3\Lib\multiprocessing\queues.py", line 120 in get
  File "c:\ProgramData\anaconda3\Lib\site-packages\joblib\externals\loky\process_executor.py", line 453 in _process_worker
  File "c:\ProgramData\anaconda3\Lib\multiprocessing\process.py", line 108 in run
  File "c:\ProgramData\anaconda3\Lib\multiprocessing\process.py", line 313 in _bootstrap
  File "c:\ProgramData\anaconda3\Lib\site-packages\joblib\externals\loky\backend\popen_loky_win32.py", line 172 in main
  File "<string>", line 1 in <module>
Windows fatal exception: code 0xc0000139

Thread 0x000070e4 (most recent call first):
  File "<frozen importlib._bootstrap>", line 488 in _call_with_frames_removed
  File "<frozen importlib._bootstrap_external>", line 1321 in create_module
  File "<frozen importlib._bootstrap>", line 813 in module_from_spec
  File "<frozen importlib._bootstrap>", line 921 in _load_unlocked
  File "<frozen importlib._bootstrap>", line 1331 in _find_and_load_unlocked
  File "<frozen importlib._bootstrap>", line 1360 in _find_and_load
  File "c:\ProgramData\anaconda3\Lib\site-packages\gmpy2\__init__.py", line 1 in <module>
  File "<frozen importlib._bootstrap>", line 488 in _call_with_frames_removed
  File "<frozen importlib._bootstrap_external>", line 1027 in exec_module
  File "<frozen importlib._bootstrap>", line 935 in _load_unlocked
  File "<frozen importlib._bootstrap>", line 1331 in _find_and_load_unlocked
  File "<frozen importlib._bootstrap>", line 1360 in _find_and_load
  File "c:\ProgramData\anaconda3\Lib\site-packages\sympy\external\importtools.py", line 145 in import_module
  File "c:\ProgramData\anaconda3\Lib\site-packages\sympy\external\gmpy.py", line 139 in _get_gmpy2
  File "c:\ProgramData\anaconda3\Lib\site-packages\sympy\external\gmpy.py", line 167 in <module>
  File "<frozen importlib._bootstrap>", line 488 in _call_with_frames_removed
  File "<frozen importlib._bootstrap_external>", line 1027 in exec_module
  File "<frozen importlib._bootstrap>", line 935 in _load_unlocked
  File "<frozen importlib._bootstrap>", line 1331 in _find_and_load_unlocked
  File "<frozen importlib._bootstrap>", line 1360 in _find_and_load
  File "c:\ProgramData\anaconda3\Lib\site-packages\sympy\core\evalf.py", line 26 in <module>
  File "<frozen importlib._bootstrap>", line 488 in _call_with_frames_removed
  File "<frozen importlib._bootstrap_external>", line 1027 in exec_module
  File "<frozen importlib._bootstrap>", line 935 in _load_unlocked
  File "<frozen importlib._bootstrap>", line 1331 in _find_and_load_unlocked
  File "<frozen importlib._bootstrap>", line 1360 in _find_and_load
  File "c:\ProgramData\anaconda3\Lib\site-packages\sympy\core\expr.py", line 11 in <module>
  File "<frozen importlib._bootstrap>", line 488 in _call_with_frames_removed
  File "<frozen importlib._bootstrap_external>", line 1027 in exec_module
  File "<frozen importlib._bootstrap>", line 935 in _load_unlocked
  File "<frozen importlib._bootstrap>", line 1331 in _find_and_load_unlocked
  File "<frozen importlib._bootstrap>", line 1360 in _find_and_load
  File "c:\ProgramData\anaconda3\Lib\site-packages\sympy\core\__init__.py", line 9 in <module>
  File "<frozen importlib._bootstrap>", line 488 in _call_with_frames_removed
  File "<frozen importlib._bootstrap_external>", line 1027 in exec_module
  File "<frozen importlib._bootstrap>", line 935 in _load_unlocked
  File "<frozen importlib._bootstrap>", line 1331 in _find_and_load_unlocked
  File "<frozen importlib._bootstrap>", line 1360 in _find_and_load
  File "<frozen importlib._bootstrap>", line 488 in _call_with_frames_removed
  File "<frozen importlib._bootstrap>", line 1310 in _find_and_load_unlocked
  File "<frozen importlib._bootstrap>", line 1360 in _find_and_load
  File "c:\ProgramData\anaconda3\Lib\site-packages\sympy\__init__.py", line 31 in <module>
  File "<frozen importlib._bootstrap>", line 488 in _call_with_frames_removed
  File "<frozen importlib._bootstrap_external>", line 1027 in exec_module
  File "<frozen importlib._bootstrap>", line 935 in _load_unlocked
  File "<frozen importlib._bootstrap>", line 1331 in _find_and_load_unlocked
  File "<frozen importlib._bootstrap>", line 1360 in _find_and_load
  File "<frozen importlib._bootstrap>", line 488 in _call_with_frames_removed
  File "<frozen importlib._bootstrap>", line 1310 in _find_and_load_unlocked
  File "<frozen importlib._bootstrap>", line 1360 in _find_and_load
  File "<frozen importlib._bootstrap>", line 488 in _call_with_frames_removed
  File "<frozen importlib._bootstrap>", line 1310 in _find_and_load_unlocked
  File "<frozen importlib._bootstrap>", line 1360 in _find_and_load
  File "c:\ProgramData\anaconda3\Lib\multiprocessing\queues.py", line 120 in get
  File "c:\ProgramData\anaconda3\Lib\site-packages\joblib\externals\loky\process_executor.py", line 453 in _process_worker
  File "c:\ProgramData\anaconda3\Lib\multiprocessing\process.py", line 108 in run
  File "c:\ProgramData\anaconda3\Lib\multiprocessing\process.py", line 313 in _bootstrap
  File "c:\ProgramData\anaconda3\Lib\site-packages\joblib\externals\loky\backend\popen_loky_win32.py", line 172 in main
  File "<string>", line 1 in <module>
----------
iter: 1
n_candidates: 7
n_resources: 90
Fitting 5 folds for each of 7 candidates, totalling 35 fits
----------
iter: 2
n_candidates: 3
n_resources: 270
Fitting 5 folds for each of 3 candidates, totalling 15 fits
      -> [Tuned_Baseline] Acc: 0.6867, F1: 0.6555, Time: 0.00s
    Evaluating Model: RandomForest
      -> [Baseline] Acc: 0.7983, F1: 0.7908, Time: 0.68s
      HP Tuning RandomForest...
n_iterations: 3
n_required_iterations: 3
n_possible_iterations: 5
min_resources_: 30
max_resources_: 4700
aggressive_elimination: False
factor: 3
----------
iter: 0
n_candidates: 20
n_resources: 30
Fitting 5 folds for each of 20 candidates, totalling 100 fits
----------
iter: 1
n_candidates: 7
n_resources: 90
Fitting 5 folds for each of 7 candidates, totalling 35 fits
----------
iter: 2
n_candidates: 3
n_resources: 270
Fitting 5 folds for each of 3 candidates, totalling 15 fits
      -> [Tuned_Baseline] Acc: 0.8017, F1: 0.7945, Time: 0.01s
    Evaluating Model: LinearSVC
      -> [Baseline] Acc: 0.8817, F1: 0.8813, Time: 0.01s
      HP Tuning LinearSVC...
n_iterations: 3
n_required_iterations: 3
n_possible_iterations: 5
min_resources_: 30
max_resources_: 4700
aggressive_elimination: False
factor: 3
----------
iter: 0
n_candidates: 20
n_resources: 30
Fitting 5 folds for each of 20 candidates, totalling 100 fits
----------
iter: 1
n_candidates: 7
n_resources: 90
Fitting 5 folds for each of 7 candidates, totalling 35 fits
----------
iter: 2
n_candidates: 3
n_resources: 270
Fitting 5 folds for each of 3 candidates, totalling 15 fits
      -> [Tuned_Baseline] Acc: 0.8767, F1: 0.8763, Time: 0.00s
    Evaluating Model: LogisticRegression
      -> [Baseline] Acc: 0.7883, F1: 0.7886, Time: 0.06s
      HP Tuning LogisticRegression...
n_iterations: 3
n_required_iterations: 3
n_possible_iterations: 5
min_resources_: 30
max_resources_: 4700
aggressive_elimination: False
factor: 3
----------
iter: 0
n_candidates: 12
n_resources: 30
Fitting 5 folds for each of 12 candidates, totalling 60 fits
----------
iter: 1
n_candidates: 4
n_resources: 90
Fitting 5 folds for each of 4 candidates, totalling 20 fits
----------
iter: 2
n_candidates: 2
n_resources: 270
Fitting 5 folds for each of 2 candidates, totalling 10 fits
      -> [Tuned_Baseline] Acc: 0.8283, F1: 0.8275, Time: 0.00s
    Evaluating Model: RNN
      -> [Baseline] Acc: 0.8333, F1: 0.7619, Time: 0.24s
      -> [Tuned_Baseline] Acc: 0.8333, F1: 0.7619, Time: 0.00s
    [=== Generating 2x synthetic data with Jittering ===]
      -> [KNN + Jittering @ 2x] Acc: 0.6850, F1: 0.6533, Time: 0.01s
      -> [RandomForest + Jittering @ 2x] Acc: 0.8117, F1: 0.8054, Time: 1.34s
      -> [LinearSVC + Jittering @ 2x] Acc: 0.8817, F1: 0.8813, Time: 0.67s
      -> [LogisticRegression + Jittering @ 2x] Acc: 0.8333, F1: 0.8326, Time: 0.08s
      -> [RNN + Jittering @ 2x] Acc: 0.8333, F1: 0.7619, Time: 0.33s
    [=== Generating 3x synthetic data with Jittering ===]
      -> [KNN + Jittering @ 3x] Acc: 0.6850, F1: 0.6533, Time: 0.02s
      -> [RandomForest + Jittering @ 3x] Acc: 0.7517, F1: 0.7368, Time: 1.95s
      -> [LinearSVC + Jittering @ 3x] Acc: 0.8817, F1: 0.8813, Time: 1.07s
      -> [LogisticRegression + Jittering @ 3x] Acc: 0.8450, F1: 0.8442, Time: 0.20s
      -> [RNN + Jittering @ 3x] Acc: 0.8333, F1: 0.7619, Time: 0.61s
    [=== Generating 5x synthetic data with Jittering ===]
      -> [KNN + Jittering @ 5x] Acc: 0.6850, F1: 0.6535, Time: 0.05s
      -> [RandomForest + Jittering @ 5x] Acc: 0.7433, F1: 0.7284, Time: 3.29s
      -> [LinearSVC + Jittering @ 5x] Acc: 0.8833, F1: 0.8830, Time: 2.56s
      -> [LogisticRegression + Jittering @ 5x] Acc: 0.8383, F1: 0.8375, Time: 0.27s
      -> [RNN + Jittering @ 5x] Acc: 0.3333, F1: 0.1667, Time: 0.96s
    [=== Generating 10x synthetic data with Jittering ===]
      -> [KNN + Jittering @ 10x] Acc: 0.6850, F1: 0.6533, Time: 0.10s
      -> [RandomForest + Jittering @ 10x] Acc: 0.7250, F1: 0.7042, Time: 8.00s
      -> [LinearSVC + Jittering @ 10x] Acc: 0.8850, F1: 0.8847, Time: 9.39s
      -> [LogisticRegression + Jittering @ 10x] Acc: 0.8400, F1: 0.8392, Time: 0.95s
      -> [RNN + Jittering @ 10x] Acc: 1.0000, F1: 1.0000, Time: 2.41s
    [=== Generating 2x synthetic data with Scaling ===]
      -> [KNN + Scaling @ 2x] Acc: 0.6883, F1: 0.6580, Time: 0.02s
      -> [RandomForest + Scaling @ 2x] Acc: 0.8067, F1: 0.7995, Time: 1.31s
      -> [LinearSVC + Scaling @ 2x] Acc: 0.9367, F1: 0.9368, Time: 0.31s
      -> [LogisticRegression + Scaling @ 2x] Acc: 0.9017, F1: 0.9013, Time: 0.06s
      -> [RNN + Scaling @ 2x] Acc: 1.0000, F1: 1.0000, Time: 0.44s
    [=== Generating 3x synthetic data with Scaling ===]
      -> [KNN + Scaling @ 3x] Acc: 0.6850, F1: 0.6533, Time: 0.03s
      -> [RandomForest + Scaling @ 3x] Acc: 0.7617, F1: 0.7481, Time: 2.00s
      -> [LinearSVC + Scaling @ 3x] Acc: 0.8733, F1: 0.8738, Time: 0.43s
      -> [LogisticRegression + Scaling @ 3x] Acc: 0.8550, F1: 0.8540, Time: 0.10s
      -> [RNN + Scaling @ 3x] Acc: 1.0000, F1: 1.0000, Time: 0.65s
    [=== Generating 5x synthetic data with Scaling ===]
      -> [KNN + Scaling @ 5x] Acc: 0.6883, F1: 0.6578, Time: 0.03s
      -> [RandomForest + Scaling @ 5x] Acc: 0.7483, F1: 0.7333, Time: 3.39s
      -> [LinearSVC + Scaling @ 5x] Acc: 0.8667, F1: 0.8658, Time: 0.74s
      -> [LogisticRegression + Scaling @ 5x] Acc: 0.7667, F1: 0.7677, Time: 0.21s
      -> [RNN + Scaling @ 5x] Acc: 0.8333, F1: 0.8444, Time: 1.00s
    [=== Generating 10x synthetic data with Scaling ===]
      -> [KNN + Scaling @ 10x] Acc: 0.6850, F1: 0.6519, Time: 0.08s
      -> [RandomForest + Scaling @ 10x] Acc: 0.7900, F1: 0.7823, Time: 8.04s
      -> [LinearSVC + Scaling @ 10x] Acc: 0.8917, F1: 0.8912, Time: 3.25s
      -> [LogisticRegression + Scaling @ 10x] Acc: 0.7983, F1: 0.8018, Time: 0.59s
      -> [RNN + Scaling @ 10x] Acc: 0.6667, F1: 0.5972, Time: 2.24s
    [=== Generating 2x synthetic data with Magnitude_Warping ===]
      -> [KNN + Magnitude_Warping @ 2x] Acc: 0.6950, F1: 0.6672, Time: 0.02s
      -> [RandomForest + Magnitude_Warping @ 2x] Acc: 0.7833, F1: 0.7750, Time: 1.33s
      -> [LinearSVC + Magnitude_Warping @ 2x] Acc: 0.8483, F1: 0.8479, Time: 0.21s
      -> [LogisticRegression + Magnitude_Warping @ 2x] Acc: 0.7883, F1: 0.7903, Time: 0.08s
      -> [RNN + Magnitude_Warping @ 2x] Acc: 0.8333, F1: 0.8444, Time: 0.41s
    [=== Generating 3x synthetic data with Magnitude_Warping ===]
      -> [KNN + Magnitude_Warping @ 3x] Acc: 0.6817, F1: 0.6486, Time: 0.02s
      -> [RandomForest + Magnitude_Warping @ 3x] Acc: 0.7867, F1: 0.7786, Time: 2.03s
      -> [LinearSVC + Magnitude_Warping @ 3x] Acc: 0.9017, F1: 0.9015, Time: 0.15s
      -> [LogisticRegression + Magnitude_Warping @ 3x] Acc: 0.8417, F1: 0.8442, Time: 0.06s
      -> [RNN + Magnitude_Warping @ 3x] Acc: 1.0000, F1: 1.0000, Time: 0.58s
    [=== Generating 5x synthetic data with Magnitude_Warping ===]
      -> [KNN + Magnitude_Warping @ 5x] Acc: 0.6867, F1: 0.6555, Time: 0.04s
      -> [RandomForest + Magnitude_Warping @ 5x] Acc: 0.7600, F1: 0.7474, Time: 3.74s
      -> [LinearSVC + Magnitude_Warping @ 5x] Acc: 0.9150, F1: 0.9139, Time: 0.44s
      -> [LogisticRegression + Magnitude_Warping @ 5x] Acc: 0.8333, F1: 0.8369, Time: 0.14s
      -> [RNN + Magnitude_Warping @ 5x] Acc: 0.8333, F1: 0.8444, Time: 1.11s
    [=== Generating 10x synthetic data with Magnitude_Warping ===]
      -> [KNN + Magnitude_Warping @ 10x] Acc: 0.6867, F1: 0.6555, Time: 0.06s
      -> [RandomForest + Magnitude_Warping @ 10x] Acc: 0.7383, F1: 0.7205, Time: 8.63s
      -> [LinearSVC + Magnitude_Warping @ 10x] Acc: 0.8550, F1: 0.8551, Time: 1.14s
      -> [LogisticRegression + Magnitude_Warping @ 10x] Acc: 0.7550, F1: 0.7591, Time: 0.26s
      -> [RNN + Magnitude_Warping @ 10x] Acc: 1.0000, F1: 1.0000, Time: 1.97s
    [=== Generating 2x synthetic data with Time_Warping ===]
      -> [KNN + Time_Warping @ 2x] Acc: 0.6867, F1: 0.6558, Time: 0.03s
      -> [RandomForest + Time_Warping @ 2x] Acc: 0.7983, F1: 0.7919, Time: 1.40s
      -> [LinearSVC + Time_Warping @ 2x] Acc: 0.6783, F1: 0.6813, Time: 0.04s
      -> [LogisticRegression + Time_Warping @ 2x] Acc: 0.6783, F1: 0.6745, Time: 0.04s
      -> [RNN + Time_Warping @ 2x] Acc: 0.8333, F1: 0.7619, Time: 0.44s
    [=== Generating 3x synthetic data with Time_Warping ===]
      -> [KNN + Time_Warping @ 3x] Acc: 0.6867, F1: 0.6555, Time: 0.03s
      -> [RandomForest + Time_Warping @ 3x] Acc: 0.7633, F1: 0.7507, Time: 2.18s
      -> [LinearSVC + Time_Warping @ 3x] Acc: 0.6750, F1: 0.6732, Time: 0.08s
      -> [LogisticRegression + Time_Warping @ 3x] Acc: 0.6767, F1: 0.6687, Time: 0.05s
      -> [RNN + Time_Warping @ 3x] Acc: 0.8333, F1: 0.8444, Time: 0.73s
    [=== Generating 5x synthetic data with Time_Warping ===]
      -> [KNN + Time_Warping @ 5x] Acc: 0.6817, F1: 0.6488, Time: 0.04s
      -> [RandomForest + Time_Warping @ 5x] Acc: 0.8167, F1: 0.8125, Time: 3.75s
      -> [LinearSVC + Time_Warping @ 5x] Acc: 0.6683, F1: 0.6642, Time: 0.14s
      -> [LogisticRegression + Time_Warping @ 5x] Acc: 0.6750, F1: 0.6696, Time: 0.09s
      -> [RNN + Time_Warping @ 5x] Acc: 0.8333, F1: 0.8444, Time: 1.10s
    [=== Generating 10x synthetic data with Time_Warping ===]
      -> [KNN + Time_Warping @ 10x] Acc: 0.6833, F1: 0.6510, Time: 0.08s
      -> [RandomForest + Time_Warping @ 10x] Acc: 0.6800, F1: 0.6501, Time: 8.35s
      -> [LinearSVC + Time_Warping @ 10x] Acc: 0.6733, F1: 0.6711, Time: 0.58s
      -> [LogisticRegression + Time_Warping @ 10x] Acc: 0.6733, F1: 0.6662, Time: 0.20s
      -> [RNN + Time_Warping @ 10x] Acc: 0.8333, F1: 0.8444, Time: 2.24s
    [=== Generating 2x synthetic data with SMOTE ===]
      -> [KNN + SMOTE @ 2x] Acc: 0.6867, F1: 0.6555, Time: 0.02s
      -> [RandomForest + SMOTE @ 2x] Acc: 0.7900, F1: 0.7821, Time: 1.27s
      -> [LinearSVC + SMOTE @ 2x] Acc: 0.8850, F1: 0.8844, Time: 0.87s
      -> [LogisticRegression + SMOTE @ 2x] Acc: 0.8533, F1: 0.8525, Time: 0.10s
      -> [RNN + SMOTE @ 2x] Acc: 0.8333, F1: 0.7619, Time: 0.39s
    [=== Generating 3x synthetic data with SMOTE ===]
      -> [KNN + SMOTE @ 3x] Acc: 0.6867, F1: 0.6556, Time: 0.02s
      -> [RandomForest + SMOTE @ 3x] Acc: 0.7583, F1: 0.7446, Time: 2.08s
      -> [LinearSVC + SMOTE @ 3x] Acc: 0.8700, F1: 0.8688, Time: 1.57s
      -> [LogisticRegression + SMOTE @ 3x] Acc: 0.8433, F1: 0.8423, Time: 0.18s
      -> [RNN + SMOTE @ 3x] Acc: 0.8333, F1: 0.7619, Time: 0.73s
    [=== Generating 5x synthetic data with SMOTE ===]
      -> [KNN + SMOTE @ 5x] Acc: 0.6750, F1: 0.6426, Time: 0.05s
      -> [RandomForest + SMOTE @ 5x] Acc: 0.6983, F1: 0.6754, Time: 3.55s
      -> [LinearSVC + SMOTE @ 5x] Acc: 0.8283, F1: 0.8250, Time: 3.55s
      -> [LogisticRegression + SMOTE @ 5x] Acc: 0.7600, F1: 0.7572, Time: 0.41s
      -> [RNN + SMOTE @ 5x] Acc: 0.8333, F1: 0.8444, Time: 1.16s
    [=== Generating 10x synthetic data with SMOTE ===]
      -> [KNN + SMOTE @ 10x] Acc: 0.6750, F1: 0.6526, Time: 0.07s
      -> [RandomForest + SMOTE @ 10x] Acc: 0.7350, F1: 0.7307, Time: 7.95s
      -> [LinearSVC + SMOTE @ 10x] Acc: 0.8567, F1: 0.8550, Time: 10.64s
      -> [LogisticRegression + SMOTE @ 10x] Acc: 0.7583, F1: 0.7557, Time: 1.00s
      -> [RNN + SMOTE @ 10x] Acc: 1.0000, F1: 1.0000, Time: 1.78s
    [=== Generating 2x synthetic data with ADASYN ===]
      -> [KNN + ADASYN @ 2x] Acc: 0.6850, F1: 0.6759, Time: 0.02s
      -> [RandomForest + ADASYN @ 2x] Acc: 0.7817, F1: 0.7830, Time: 1.43s
      -> [LinearSVC + ADASYN @ 2x] Acc: 0.8050, F1: 0.7999, Time: 0.82s
      -> [LogisticRegression + ADASYN @ 2x] Acc: 0.8800, F1: 0.8805, Time: 0.10s
      -> [RNN + ADASYN @ 2x] Acc: 0.8333, F1: 0.7619, Time: 0.42s
    [=== Generating 3x synthetic data with ADASYN ===]
      -> [KNN + ADASYN @ 3x] Acc: 0.6800, F1: 0.6708, Time: 0.02s
      -> [RandomForest + ADASYN @ 3x] Acc: 0.7300, F1: 0.7277, Time: 1.88s
      -> [LinearSVC + ADASYN @ 3x] Acc: 0.8383, F1: 0.8393, Time: 1.36s
      -> [LogisticRegression + ADASYN @ 3x] Acc: 0.8500, F1: 0.8501, Time: 0.14s
      -> [RNN + ADASYN @ 3x] Acc: 1.0000, F1: 1.0000, Time: 0.52s
    [=== Generating 5x synthetic data with ADASYN ===]
      -> [KNN + ADASYN @ 5x] Acc: 0.6767, F1: 0.6609, Time: 0.04s
      -> [RandomForest + ADASYN @ 5x] Acc: 0.6833, F1: 0.6764, Time: 3.81s
      -> [LinearSVC + ADASYN @ 5x] Acc: 0.7883, F1: 0.7824, Time: 4.09s
      -> [LogisticRegression + ADASYN @ 5x] Acc: 0.8517, F1: 0.8514, Time: 0.39s
      -> [RNN + ADASYN @ 5x] Acc: 1.0000, F1: 1.0000, Time: 0.97s
    [=== Generating 10x synthetic data with ADASYN ===]
      -> [KNN + ADASYN @ 10x] Acc: 0.6767, F1: 0.6651, Time: 0.09s
      -> [RandomForest + ADASYN @ 10x] Acc: 0.6767, F1: 0.6682, Time: 8.20s
      -> [LinearSVC + ADASYN @ 10x] Acc: 0.7300, F1: 0.6914, Time: 12.12s
      -> [LogisticRegression + ADASYN @ 10x] Acc: 0.8717, F1: 0.8722, Time: 1.26s
      -> [RNN + ADASYN @ 10x] Acc: 0.8333, F1: 0.7619, Time: 2.12s
    [=== Generating 2x synthetic data with Mixup ===]
      -> [KNN + Mixup @ 2x] Acc: 0.7167, F1: 0.6962, Time: 0.02s
      -> [RandomForest + Mixup @ 2x] Acc: 0.8017, F1: 0.7949, Time: 1.29s
      -> [LinearSVC + Mixup @ 2x] Acc: 0.8750, F1: 0.8747, Time: 1.05s
      -> [LogisticRegression + Mixup @ 2x] Acc: 0.8617, F1: 0.8613, Time: 0.11s
      -> [RNN + Mixup @ 2x] Acc: 0.8333, F1: 0.7619, Time: 0.44s
    [=== Generating 3x synthetic data with Mixup ===]
      -> [KNN + Mixup @ 3x] Acc: 0.7000, F1: 0.6740, Time: 0.02s
      -> [RandomForest + Mixup @ 3x] Acc: 0.8267, F1: 0.8224, Time: 2.05s
      -> [LinearSVC + Mixup @ 3x] Acc: 0.8817, F1: 0.8818, Time: 1.60s
      -> [LogisticRegression + Mixup @ 3x] Acc: 0.8567, F1: 0.8558, Time: 0.19s
      -> [RNN + Mixup @ 3x] Acc: 0.8333, F1: 0.8444, Time: 0.76s
    [=== Generating 5x synthetic data with Mixup ===]
      -> [KNN + Mixup @ 5x] Acc: 0.6983, F1: 0.6746, Time: 0.04s
      -> [RandomForest + Mixup @ 5x] Acc: 0.7900, F1: 0.7856, Time: 3.63s
      -> [LinearSVC + Mixup @ 5x] Acc: 0.9083, F1: 0.9083, Time: 3.86s
      -> [LogisticRegression + Mixup @ 5x] Acc: 0.8500, F1: 0.8492, Time: 0.36s
      -> [RNN + Mixup @ 5x] Acc: 1.0000, F1: 1.0000, Time: 0.96s
    [=== Generating 10x synthetic data with Mixup ===]
      -> [KNN + Mixup @ 10x] Acc: 0.6867, F1: 0.6609, Time: 0.08s
      -> [RandomForest + Mixup @ 10x] Acc: 0.7750, F1: 0.7718, Time: 7.44s
      -> [LinearSVC + Mixup @ 10x] Acc: 0.8717, F1: 0.8715, Time: 12.65s
      -> [LogisticRegression + Mixup @ 10x] Acc: 0.8067, F1: 0.8054, Time: 0.76s
      -> [RNN + Mixup @ 10x] Acc: 1.0000, F1: 1.0000, Time: 1.79s
    [=== Generating 2x synthetic data with GMM ===]
      -> [KNN + GMM @ 2x] Acc: 0.7117, F1: 0.6894, Time: 0.01s
      -> [RandomForest + GMM @ 2x] Acc: 0.8067, F1: 0.7996, Time: 1.39s
      -> [LinearSVC + GMM @ 2x] Acc: 0.8700, F1: 0.8701, Time: 0.19s
      -> [LogisticRegression + GMM @ 2x] Acc: 0.8000, F1: 0.8024, Time: 0.07s
      -> [RNN + GMM @ 2x] Acc: 0.8333, F1: 0.7619, Time: 0.35s
    [=== Generating 3x synthetic data with GMM ===]
      -> [KNN + GMM @ 3x] Acc: 0.6933, F1: 0.6652, Time: 0.02s
      -> [RandomForest + GMM @ 3x] Acc: 0.8033, F1: 0.7969, Time: 2.21s
      -> [LinearSVC + GMM @ 3x] Acc: 0.8783, F1: 0.8787, Time: 0.29s
      -> [LogisticRegression + GMM @ 3x] Acc: 0.8150, F1: 0.8181, Time: 0.09s
      -> [RNN + GMM @ 3x] Acc: 0.8333, F1: 0.7619, Time: 0.57s
    [=== Generating 5x synthetic data with GMM ===]
      -> [KNN + GMM @ 5x] Acc: 0.7183, F1: 0.6982, Time: 0.03s
      -> [RandomForest + GMM @ 5x] Acc: 0.7717, F1: 0.7640, Time: 3.67s
      -> [LinearSVC + GMM @ 5x] Acc: 0.9033, F1: 0.9032, Time: 0.59s
      -> [LogisticRegression + GMM @ 5x] Acc: 0.8283, F1: 0.8312, Time: 0.16s
      -> [RNN + GMM @ 5x] Acc: 0.5000, F1: 0.4000, Time: 1.13s
    [=== Generating 10x synthetic data with GMM ===]
      -> [KNN + GMM @ 10x] Acc: 0.7200, F1: 0.6998, Time: 0.07s
      -> [RandomForest + GMM @ 10x] Acc: 0.7833, F1: 0.7750, Time: 8.85s
      -> [LinearSVC + GMM @ 10x] Acc: 0.8967, F1: 0.8965, Time: 1.56s
      -> [LogisticRegression + GMM @ 10x] Acc: 0.8350, F1: 0.8381, Time: 0.35s
      -> [RNN + GMM @ 10x] Acc: 0.8333, F1: 0.8444, Time: 1.68s
    [=== Generating 2x synthetic data with HMM_GMM ===]
      -> [KNN + HMM_GMM @ 2x] Acc: 0.6867, F1: 0.6553, Time: 0.02s
      -> [RandomForest + HMM_GMM @ 2x] Acc: 0.7783, F1: 0.7683, Time: 1.00s
      -> [LinearSVC + HMM_GMM @ 2x] Acc: 0.8283, F1: 0.8173, Time: 0.05s
      -> [LogisticRegression + HMM_GMM @ 2x] Acc: 0.7833, F1: 0.7822, Time: 0.02s
      -> [RNN + HMM_GMM @ 2x] Acc: 0.8333, F1: 0.7619, Time: 0.35s
    [=== Generating 3x synthetic data with HMM_GMM ===]
      -> [KNN + HMM_GMM @ 3x] Acc: 0.6867, F1: 0.6553, Time: 0.03s
      -> [RandomForest + HMM_GMM @ 3x] Acc: 0.7617, F1: 0.7484, Time: 1.14s
      -> [LinearSVC + HMM_GMM @ 3x] Acc: 0.7783, F1: 0.7442, Time: 0.04s
      -> [LogisticRegression + HMM_GMM @ 3x] Acc: 0.7817, F1: 0.7799, Time: 0.04s
      -> [RNN + HMM_GMM @ 3x] Acc: 0.6667, F1: 0.6278, Time: 0.56s
    [=== Generating 5x synthetic data with HMM_GMM ===]
      -> [KNN + HMM_GMM @ 5x] Acc: 0.6867, F1: 0.6553, Time: 0.04s
      -> [RandomForest + HMM_GMM @ 5x] Acc: 0.7500, F1: 0.7353, Time: 1.41s
      -> [LinearSVC + HMM_GMM @ 5x] Acc: 0.7417, F1: 0.6998, Time: 0.10s
      -> [LogisticRegression + HMM_GMM @ 5x] Acc: 0.7967, F1: 0.7961, Time: 0.04s
      -> [RNN + HMM_GMM @ 5x] Acc: 0.8333, F1: 0.8444, Time: 0.92s
    [=== Generating 10x synthetic data with HMM_GMM ===]
      -> [KNN + HMM_GMM @ 10x] Acc: 0.6867, F1: 0.6553, Time: 0.08s
      -> [RandomForest + HMM_GMM @ 10x] Acc: 0.7367, F1: 0.7176, Time: 2.57s
      -> [LinearSVC + HMM_GMM @ 10x] Acc: 0.7383, F1: 0.7067, Time: 0.28s
      -> [LogisticRegression + HMM_GMM @ 10x] Acc: 0.8283, F1: 0.8279, Time: 0.15s
      -> [RNN + HMM_GMM @ 10x] Acc: 0.8333, F1: 0.8333, Time: 1.85s
    [=== Generating 2x synthetic data with TimeVAE ===]
      -> [KNN + TimeVAE @ 2x] Acc: 0.6867, F1: 0.6590, Time: 0.02s
      -> [RandomForest + TimeVAE @ 2x] Acc: 0.7800, F1: 0.7756, Time: 1.21s
      -> [LinearSVC + TimeVAE @ 2x] Acc: 0.8583, F1: 0.8582, Time: 0.54s
      -> [LogisticRegression + TimeVAE @ 2x] Acc: 0.8617, F1: 0.8620, Time: 0.06s
      -> [RNN + TimeVAE @ 2x] Acc: 0.8333, F1: 0.7619, Time: 0.37s
    [=== Generating 3x synthetic data with TimeVAE ===]
      -> [KNN + TimeVAE @ 3x] Acc: 0.7033, F1: 0.6783, Time: 0.02s
      -> [RandomForest + TimeVAE @ 3x] Acc: 0.7117, F1: 0.6900, Time: 1.77s
      -> [LinearSVC + TimeVAE @ 3x] Acc: 0.7350, F1: 0.6772, Time: 0.44s
      -> [LogisticRegression + TimeVAE @ 3x] Acc: 0.8767, F1: 0.8773, Time: 0.09s
      -> [RNN + TimeVAE @ 3x] Acc: 0.8333, F1: 0.7619, Time: 0.64s
    [=== Generating 5x synthetic data with TimeVAE ===]
      -> [KNN + TimeVAE @ 5x] Acc: 0.6967, F1: 0.6718, Time: 0.03s
      -> [RandomForest + TimeVAE @ 5x] Acc: 0.7433, F1: 0.7345, Time: 2.82s
      -> [LinearSVC + TimeVAE @ 5x] Acc: 0.7300, F1: 0.6712, Time: 0.88s
      -> [LogisticRegression + TimeVAE @ 5x] Acc: 0.8233, F1: 0.8221, Time: 0.13s
      -> [RNN + TimeVAE @ 5x] Acc: 0.8333, F1: 0.7619, Time: 1.09s
    [=== Generating 10x synthetic data with TimeVAE ===]
      -> [KNN + TimeVAE @ 10x] Acc: 0.6950, F1: 0.6702, Time: 0.07s
      -> [RandomForest + TimeVAE @ 10x] Acc: 0.7333, F1: 0.7246, Time: 6.19s
      -> [LinearSVC + TimeVAE @ 10x] Acc: 0.7383, F1: 0.6750, Time: 2.20s
      -> [LogisticRegression + TimeVAE @ 10x] Acc: 0.8317, F1: 0.8296, Time: 0.40s
      -> [RNN + TimeVAE @ 10x] Acc: 0.8333, F1: 0.8444, Time: 1.60s

    >> Seed Fold Selection: 5/10
    Evaluating Model: KNN
      -> [Baseline] Acc: 0.6683, F1: 0.6297, Time: 0.01s
      HP Tuning KNN...
n_iterations: 3
n_required_iterations: 3
n_possible_iterations: 5
min_resources_: 30
max_resources_: 4700
aggressive_elimination: False
factor: 3
----------
iter: 0
n_candidates: 20
n_resources: 30
Fitting 5 folds for each of 20 candidates, totalling 100 fits
----------
iter: 1
n_candidates: 7
n_resources: 90
Fitting 5 folds for each of 7 candidates, totalling 35 fits
----------
iter: 2
n_candidates: 3
n_resources: 270
Fitting 5 folds for each of 3 candidates, totalling 15 fits
      -> [Tuned_Baseline] Acc: 0.6667, F1: 0.6275, Time: 0.00s
    Evaluating Model: RandomForest
      -> [Baseline] Acc: 0.7967, F1: 0.7887, Time: 0.67s
      HP Tuning RandomForest...
n_iterations: 3
n_required_iterations: 3
n_possible_iterations: 5
min_resources_: 30
max_resources_: 4700
aggressive_elimination: False
factor: 3
----------
iter: 0
n_candidates: 20
n_resources: 30
Fitting 5 folds for each of 20 candidates, totalling 100 fits
----------
iter: 1
n_candidates: 7
n_resources: 90
Fitting 5 folds for each of 7 candidates, totalling 35 fits
----------
iter: 2
n_candidates: 3
n_resources: 270
Fitting 5 folds for each of 3 candidates, totalling 15 fits
      -> [Tuned_Baseline] Acc: 0.7817, F1: 0.7714, Time: 0.00s
    Evaluating Model: LinearSVC
      -> [Baseline] Acc: 0.8450, F1: 0.8432, Time: 0.01s
      HP Tuning LinearSVC...
n_iterations: 3
n_required_iterations: 3
n_possible_iterations: 5
min_resources_: 30
max_resources_: 4700
aggressive_elimination: False
factor: 3
----------
iter: 0
n_candidates: 20
n_resources: 30
Fitting 5 folds for each of 20 candidates, totalling 100 fits
----------
iter: 1
n_candidates: 7
n_resources: 90
Fitting 5 folds for each of 7 candidates, totalling 35 fits
----------
iter: 2
n_candidates: 3
n_resources: 270
Fitting 5 folds for each of 3 candidates, totalling 15 fits
      -> [Tuned_Baseline] Acc: 0.6817, F1: 0.6750, Time: 0.00s
    Evaluating Model: LogisticRegression
      -> [Baseline] Acc: 0.7617, F1: 0.7626, Time: 0.03s
      HP Tuning LogisticRegression...
n_iterations: 3
n_required_iterations: 3
n_possible_iterations: 5
min_resources_: 30
max_resources_: 4700
aggressive_elimination: False
factor: 3
----------
iter: 0
n_candidates: 12
n_resources: 30
Fitting 5 folds for each of 12 candidates, totalling 60 fits
----------
iter: 1
n_candidates: 4
n_resources: 90
Fitting 5 folds for each of 4 candidates, totalling 20 fits
----------
iter: 2
n_candidates: 2
n_resources: 270
Fitting 5 folds for each of 2 candidates, totalling 10 fits
      -> [Tuned_Baseline] Acc: 0.8150, F1: 0.8143, Time: 0.00s
    Evaluating Model: RNN
      -> [Baseline] Acc: 0.8333, F1: 0.7619, Time: 0.20s
      -> [Tuned_Baseline] Acc: 0.8333, F1: 0.7619, Time: 0.00s
    [=== Generating 2x synthetic data with Jittering ===]
      -> [KNN + Jittering @ 2x] Acc: 0.6667, F1: 0.6276, Time: 0.01s
      -> [RandomForest + Jittering @ 2x] Acc: 0.7583, F1: 0.7443, Time: 0.67s
      -> [LinearSVC + Jittering @ 2x] Acc: 0.7367, F1: 0.7352, Time: 2.18s
      -> [LogisticRegression + Jittering @ 2x] Acc: 0.7950, F1: 0.7947, Time: 0.08s
      -> [RNN + Jittering @ 2x] Acc: 0.8333, F1: 0.7619, Time: 0.33s
    [=== Generating 3x synthetic data with Jittering ===]
      -> [KNN + Jittering @ 3x] Acc: 0.6683, F1: 0.6294, Time: 0.02s
      -> [RandomForest + Jittering @ 3x] Acc: 0.7683, F1: 0.7568, Time: 1.05s
      -> [LinearSVC + Jittering @ 3x] Acc: 0.7750, F1: 0.7738, Time: 3.91s
      -> [LogisticRegression + Jittering @ 3x] Acc: 0.7967, F1: 0.7962, Time: 0.19s
      -> [RNN + Jittering @ 3x] Acc: 0.8333, F1: 0.7619, Time: 0.63s
    [=== Generating 5x synthetic data with Jittering ===]
      -> [KNN + Jittering @ 5x] Acc: 0.6667, F1: 0.6276, Time: 0.04s
      -> [RandomForest + Jittering @ 5x] Acc: 0.7000, F1: 0.6736, Time: 1.71s
      -> [LinearSVC + Jittering @ 5x] Acc: 0.7783, F1: 0.7788, Time: 11.77s
      -> [LogisticRegression + Jittering @ 5x] Acc: 0.8083, F1: 0.8084, Time: 0.28s
      -> [RNN + Jittering @ 5x] Acc: 1.0000, F1: 1.0000, Time: 1.05s
    [=== Generating 10x synthetic data with Jittering ===]
      -> [KNN + Jittering @ 10x] Acc: 0.6667, F1: 0.6275, Time: 0.07s
      -> [RandomForest + Jittering @ 10x] Acc: 0.6983, F1: 0.6725, Time: 4.32s
      -> [LinearSVC + Jittering @ 10x] Acc: 0.7850, F1: 0.7850, Time: 50.54s
      -> [LogisticRegression + Jittering @ 10x] Acc: 0.8167, F1: 0.8162, Time: 0.70s
      -> [RNN + Jittering @ 10x] Acc: 1.0000, F1: 1.0000, Time: 1.49s
    [=== Generating 2x synthetic data with Scaling ===]
      -> [KNN + Scaling @ 2x] Acc: 0.6683, F1: 0.6300, Time: 0.02s
      -> [RandomForest + Scaling @ 2x] Acc: 0.7550, F1: 0.7401, Time: 0.62s
      -> [LinearSVC + Scaling @ 2x] Acc: 0.8133, F1: 0.8096, Time: 2.14s
      -> [LogisticRegression + Scaling @ 2x] Acc: 0.7883, F1: 0.7912, Time: 0.06s
      -> [RNN + Scaling @ 2x] Acc: 0.8333, F1: 0.7619, Time: 0.30s
    [=== Generating 3x synthetic data with Scaling ===]
      -> [KNN + Scaling @ 3x] Acc: 0.6667, F1: 0.6272, Time: 0.02s
      -> [RandomForest + Scaling @ 3x] Acc: 0.7517, F1: 0.7373, Time: 0.97s
      -> [LinearSVC + Scaling @ 3x] Acc: 0.7383, F1: 0.7336, Time: 3.66s
      -> [LogisticRegression + Scaling @ 3x] Acc: 0.7633, F1: 0.7666, Time: 0.08s
      -> [RNN + Scaling @ 3x] Acc: 0.8333, F1: 0.7619, Time: 0.50s
    [=== Generating 5x synthetic data with Scaling ===]
      -> [KNN + Scaling @ 5x] Acc: 0.6683, F1: 0.6286, Time: 0.03s
      -> [RandomForest + Scaling @ 5x] Acc: 0.7550, F1: 0.7429, Time: 1.71s
      -> [LinearSVC + Scaling @ 5x] Acc: 0.8000, F1: 0.7971, Time: 10.48s
      -> [LogisticRegression + Scaling @ 5x] Acc: 0.8000, F1: 0.8027, Time: 0.18s
      -> [RNN + Scaling @ 5x] Acc: 0.6667, F1: 0.6000, Time: 0.93s
    [=== Generating 10x synthetic data with Scaling ===]
      -> [KNN + Scaling @ 10x] Acc: 0.6667, F1: 0.6276, Time: 0.09s
      -> [RandomForest + Scaling @ 10x] Acc: 0.7017, F1: 0.6769, Time: 4.20s
      -> [LinearSVC + Scaling @ 10x] Acc: 0.8417, F1: 0.8402, Time: 63.46s
      -> [LogisticRegression + Scaling @ 10x] Acc: 0.8017, F1: 0.8038, Time: 0.42s
      -> [RNN + Scaling @ 10x] Acc: 0.8333, F1: 0.7619, Time: 2.03s
    [=== Generating 2x synthetic data with Magnitude_Warping ===]
      -> [KNN + Magnitude_Warping @ 2x] Acc: 0.6667, F1: 0.6273, Time: 0.02s
      -> [RandomForest + Magnitude_Warping @ 2x] Acc: 0.7667, F1: 0.7556, Time: 0.70s
      -> [LinearSVC + Magnitude_Warping @ 2x] Acc: 0.8317, F1: 0.8303, Time: 2.45s
      -> [LogisticRegression + Magnitude_Warping @ 2x] Acc: 0.7583, F1: 0.7610, Time: 0.05s
      -> [RNN + Magnitude_Warping @ 2x] Acc: 0.8333, F1: 0.7619, Time: 0.37s
    [=== Generating 3x synthetic data with Magnitude_Warping ===]
      -> [KNN + Magnitude_Warping @ 3x] Acc: 0.6717, F1: 0.6348, Time: 0.03s
      -> [RandomForest + Magnitude_Warping @ 3x] Acc: 0.7500, F1: 0.7384, Time: 1.07s
      -> [LinearSVC + Magnitude_Warping @ 3x] Acc: 0.7783, F1: 0.7765, Time: 4.59s
      -> [LogisticRegression + Magnitude_Warping @ 3x] Acc: 0.7033, F1: 0.7025, Time: 0.05s
      -> [RNN + Magnitude_Warping @ 3x] Acc: 0.8333, F1: 0.7619, Time: 0.62s
    [=== Generating 5x synthetic data with Magnitude_Warping ===]
      -> [KNN + Magnitude_Warping @ 5x] Acc: 0.6683, F1: 0.6311, Time: 0.03s
      -> [RandomForest + Magnitude_Warping @ 5x] Acc: 0.7467, F1: 0.7337, Time: 1.92s
      -> [LinearSVC + Magnitude_Warping @ 5x] Acc: 0.7533, F1: 0.7575, Time: 12.72s
      -> [LogisticRegression + Magnitude_Warping @ 5x] Acc: 0.7533, F1: 0.7568, Time: 0.12s
      -> [RNN + Magnitude_Warping @ 5x] Acc: 0.6667, F1: 0.6667, Time: 0.95s
    [=== Generating 10x synthetic data with Magnitude_Warping ===]
      -> [KNN + Magnitude_Warping @ 10x] Acc: 0.6683, F1: 0.6299, Time: 0.08s
      -> [RandomForest + Magnitude_Warping @ 10x] Acc: 0.7083, F1: 0.6853, Time: 4.54s
      -> [LinearSVC + Magnitude_Warping @ 10x] Acc: 0.8750, F1: 0.8735, Time: 74.78s
      -> [LogisticRegression + Magnitude_Warping @ 10x] Acc: 0.7450, F1: 0.7455, Time: 0.30s
      -> [RNN + Magnitude_Warping @ 10x] Acc: 0.8333, F1: 0.7619, Time: 1.81s
    [=== Generating 2x synthetic data with Time_Warping ===]
      -> [KNN + Time_Warping @ 2x] Acc: 0.6667, F1: 0.6273, Time: 0.02s
      -> [RandomForest + Time_Warping @ 2x] Acc: 0.7700, F1: 0.7584, Time: 0.68s
      -> [LinearSVC + Time_Warping @ 2x] Acc: 0.7800, F1: 0.7851, Time: 2.71s
      -> [LogisticRegression + Time_Warping @ 2x] Acc: 0.6667, F1: 0.6590, Time: 0.02s
      -> [RNN + Time_Warping @ 2x] Acc: 0.8333, F1: 0.7619, Time: 0.36s
    [=== Generating 3x synthetic data with Time_Warping ===]
      -> [KNN + Time_Warping @ 3x] Acc: 0.6667, F1: 0.6272, Time: 0.03s
      -> [RandomForest + Time_Warping @ 3x] Acc: 0.7367, F1: 0.7232, Time: 1.05s
      -> [LinearSVC + Time_Warping @ 3x] Acc: 0.7800, F1: 0.7827, Time: 4.71s
      -> [LogisticRegression + Time_Warping @ 3x] Acc: 0.6733, F1: 0.6656, Time: 0.03s
      -> [RNN + Time_Warping @ 3x] Acc: 0.8333, F1: 0.7619, Time: 0.59s
    [=== Generating 5x synthetic data with Time_Warping ===]
      -> [KNN + Time_Warping @ 5x] Acc: 0.6650, F1: 0.6249, Time: 0.05s
      -> [RandomForest + Time_Warping @ 5x] Acc: 0.7117, F1: 0.6886, Time: 1.78s
      -> [LinearSVC + Time_Warping @ 5x] Acc: 0.7383, F1: 0.7434, Time: 14.03s
      -> [LogisticRegression + Time_Warping @ 5x] Acc: 0.6683, F1: 0.6594, Time: 0.06s
      -> [RNN + Time_Warping @ 5x] Acc: 0.8333, F1: 0.8444, Time: 0.99s
    [=== Generating 10x synthetic data with Time_Warping ===]
      -> [KNN + Time_Warping @ 10x] Acc: 0.6667, F1: 0.6272, Time: 0.10s
      -> [RandomForest + Time_Warping @ 10x] Acc: 0.7217, F1: 0.7004, Time: 4.17s
      -> [LinearSVC + Time_Warping @ 10x] Acc: 0.7600, F1: 0.7653, Time: 76.00s
      -> [LogisticRegression + Time_Warping @ 10x] Acc: 0.6833, F1: 0.6805, Time: 0.17s
      -> [RNN + Time_Warping @ 10x] Acc: 1.0000, F1: 1.0000, Time: 1.85s
    [=== Generating 2x synthetic data with SMOTE ===]
      -> [KNN + SMOTE @ 2x] Acc: 0.6683, F1: 0.6299, Time: 0.02s
      -> [RandomForest + SMOTE @ 2x] Acc: 0.7983, F1: 0.7919, Time: 0.69s
      -> [LinearSVC + SMOTE @ 2x] Acc: 0.8533, F1: 0.8543, Time: 2.35s
      -> [LogisticRegression + SMOTE @ 2x] Acc: 0.8500, F1: 0.8490, Time: 0.12s
      -> [RNN + SMOTE @ 2x] Acc: 1.0000, F1: 1.0000, Time: 0.34s
    [=== Generating 3x synthetic data with SMOTE ===]
      -> [KNN + SMOTE @ 3x] Acc: 0.6750, F1: 0.6397, Time: 0.02s
      -> [RandomForest + SMOTE @ 3x] Acc: 0.7483, F1: 0.7372, Time: 0.98s
      -> [LinearSVC + SMOTE @ 3x] Acc: 0.7933, F1: 0.7909, Time: 3.65s
      -> [LogisticRegression + SMOTE @ 3x] Acc: 0.8117, F1: 0.8099, Time: 0.18s
      -> [RNN + SMOTE @ 3x] Acc: 1.0000, F1: 1.0000, Time: 0.56s
    [=== Generating 5x synthetic data with SMOTE ===]
      -> [KNN + SMOTE @ 5x] Acc: 0.6683, F1: 0.6339, Time: 0.03s
      -> [RandomForest + SMOTE @ 5x] Acc: 0.7483, F1: 0.7424, Time: 1.81s
      -> [LinearSVC + SMOTE @ 5x] Acc: 0.6300, F1: 0.5911, Time: 8.28s
      -> [LogisticRegression + SMOTE @ 5x] Acc: 0.6733, F1: 0.6669, Time: 0.33s
      -> [RNN + SMOTE @ 5x] Acc: 0.8333, F1: 0.7619, Time: 0.90s
    [=== Generating 10x synthetic data with SMOTE ===]
      -> [KNN + SMOTE @ 10x] Acc: 0.6683, F1: 0.6437, Time: 0.08s
      -> [RandomForest + SMOTE @ 10x] Acc: 0.7083, F1: 0.7040, Time: 4.07s
      -> [LinearSVC + SMOTE @ 10x] Acc: 0.7367, F1: 0.7291, Time: 43.51s
      -> [LogisticRegression + SMOTE @ 10x] Acc: 0.6917, F1: 0.6859, Time: 0.91s
      -> [RNN + SMOTE @ 10x] Acc: 0.8333, F1: 0.8444, Time: 2.40s
    [=== Generating 2x synthetic data with ADASYN ===]
      -> [KNN + ADASYN @ 2x] Acc: 0.6800, F1: 0.6693, Time: 0.02s
      -> [RandomForest + ADASYN @ 2x] Acc: 0.7400, F1: 0.7383, Time: 0.79s
      -> [LinearSVC + ADASYN @ 2x] Acc: 0.7167, F1: 0.7024, Time: 2.52s
      -> [LogisticRegression + ADASYN @ 2x] Acc: 0.8750, F1: 0.8749, Time: 0.13s
      -> [RNN + ADASYN @ 2x] Acc: 0.8333, F1: 0.7619, Time: 0.53s
    [=== Generating 3x synthetic data with ADASYN ===]
      -> [KNN + ADASYN @ 3x] Acc: 0.6733, F1: 0.6635, Time: 0.03s
      -> [RandomForest + ADASYN @ 3x] Acc: 0.7317, F1: 0.7323, Time: 1.14s
      -> [LinearSVC + ADASYN @ 3x] Acc: 0.6767, F1: 0.6766, Time: 3.48s
      -> [LogisticRegression + ADASYN @ 3x] Acc: 0.7800, F1: 0.7792, Time: 0.16s
      -> [RNN + ADASYN @ 3x] Acc: 0.6667, F1: 0.6667, Time: 0.61s
    [=== Generating 5x synthetic data with ADASYN ===]
      -> [KNN + ADASYN @ 5x] Acc: 0.6717, F1: 0.6546, Time: 0.03s
      -> [RandomForest + ADASYN @ 5x] Acc: 0.7100, F1: 0.7074, Time: 2.14s
      -> [LinearSVC + ADASYN @ 5x] Acc: 0.6467, F1: 0.6438, Time: 10.15s
      -> [LogisticRegression + ADASYN @ 5x] Acc: 0.7283, F1: 0.7266, Time: 0.35s
      -> [RNN + ADASYN @ 5x] Acc: 0.5000, F1: 0.4222, Time: 1.24s
    [=== Generating 10x synthetic data with ADASYN ===]
      -> [KNN + ADASYN @ 10x] Acc: 0.6717, F1: 0.6589, Time: 0.07s
      -> [RandomForest + ADASYN @ 10x] Acc: 0.6733, F1: 0.6651, Time: 5.12s
      -> [LinearSVC + ADASYN @ 10x] Acc: 0.6717, F1: 0.6311, Time: 60.63s
      -> [LogisticRegression + ADASYN @ 10x] Acc: 0.8817, F1: 0.8816, Time: 1.21s
      -> [RNN + ADASYN @ 10x] Acc: 0.8333, F1: 0.7619, Time: 2.28s
    [=== Generating 2x synthetic data with Mixup ===]
      -> [KNN + Mixup @ 2x] Acc: 0.6950, F1: 0.6672, Time: 0.02s
      -> [RandomForest + Mixup @ 2x] Acc: 0.8350, F1: 0.8363, Time: 0.76s
      -> [LinearSVC + Mixup @ 2x] Acc: 0.7517, F1: 0.7510, Time: 1.93s
      -> [LogisticRegression + Mixup @ 2x] Acc: 0.8533, F1: 0.8527, Time: 0.15s
      -> [RNN + Mixup @ 2x] Acc: 0.8333, F1: 0.7619, Time: 0.38s
    [=== Generating 3x synthetic data with Mixup ===]
      -> [KNN + Mixup @ 3x] Acc: 0.6883, F1: 0.6587, Time: 0.02s
      -> [RandomForest + Mixup @ 3x] Acc: 0.6900, F1: 0.6668, Time: 0.98s
      -> [LinearSVC + Mixup @ 3x] Acc: 0.6817, F1: 0.6659, Time: 3.17s
      -> [LogisticRegression + Mixup @ 3x] Acc: 0.7417, F1: 0.7389, Time: 0.16s
      -> [RNN + Mixup @ 3x] Acc: 0.8333, F1: 0.7619, Time: 0.75s
    [=== Generating 5x synthetic data with Mixup ===]
      -> [KNN + Mixup @ 5x] Acc: 0.6850, F1: 0.6564, Time: 0.03s
      -> [RandomForest + Mixup @ 5x] Acc: 0.7817, F1: 0.7812, Time: 1.63s
      -> [LinearSVC + Mixup @ 5x] Acc: 0.8383, F1: 0.8419, Time: 8.23s
      -> [LogisticRegression + Mixup @ 5x] Acc: 0.8183, F1: 0.8221, Time: 0.26s
      -> [RNN + Mixup @ 5x] Acc: 0.6667, F1: 0.6667, Time: 0.98s
    [=== Generating 10x synthetic data with Mixup ===]
      -> [KNN + Mixup @ 10x] Acc: 0.6800, F1: 0.6519, Time: 0.08s
      -> [RandomForest + Mixup @ 10x] Acc: 0.7217, F1: 0.7192, Time: 3.97s
      -> [LinearSVC + Mixup @ 10x] Acc: 0.6967, F1: 0.6808, Time: 40.49s
      -> [LogisticRegression + Mixup @ 10x] Acc: 0.8067, F1: 0.8062, Time: 0.96s
      -> [RNN + Mixup @ 10x] Acc: 1.0000, F1: 1.0000, Time: 1.99s
    [=== Generating 2x synthetic data with GMM ===]
      -> [KNN + GMM @ 2x] Acc: 0.6767, F1: 0.6414, Time: 0.02s
      -> [RandomForest + GMM @ 2x] Acc: 0.7817, F1: 0.7724, Time: 0.70s
      -> [LinearSVC + GMM @ 2x] Acc: 0.8350, F1: 0.8349, Time: 2.32s
      -> [LogisticRegression + GMM @ 2x] Acc: 0.8100, F1: 0.8121, Time: 0.04s
      -> [RNN + GMM @ 2x] Acc: 0.8333, F1: 0.7619, Time: 0.31s
    [=== Generating 3x synthetic data with GMM ===]
      -> [KNN + GMM @ 3x] Acc: 0.6833, F1: 0.6513, Time: 0.02s
      -> [RandomForest + GMM @ 3x] Acc: 0.7650, F1: 0.7522, Time: 1.06s
      -> [LinearSVC + GMM @ 3x] Acc: 0.8600, F1: 0.8589, Time: 3.95s
      -> [LogisticRegression + GMM @ 3x] Acc: 0.8200, F1: 0.8228, Time: 0.08s
      -> [RNN + GMM @ 3x] Acc: 0.8333, F1: 0.7619, Time: 0.56s
    [=== Generating 5x synthetic data with GMM ===]
      -> [KNN + GMM @ 5x] Acc: 0.6850, F1: 0.6535, Time: 0.03s
      -> [RandomForest + GMM @ 5x] Acc: 0.7733, F1: 0.7647, Time: 2.00s
      -> [LinearSVC + GMM @ 5x] Acc: 0.8617, F1: 0.8590, Time: 10.26s
      -> [LogisticRegression + GMM @ 5x] Acc: 0.8283, F1: 0.8309, Time: 0.15s
      -> [RNN + GMM @ 5x] Acc: 1.0000, F1: 1.0000, Time: 0.94s
    [=== Generating 10x synthetic data with GMM ===]
      -> [KNN + GMM @ 10x] Acc: 0.6817, F1: 0.6531, Time: 0.06s
      -> [RandomForest + GMM @ 10x] Acc: 0.6867, F1: 0.6659, Time: 4.75s
      -> [LinearSVC + GMM @ 10x] Acc: 0.8417, F1: 0.8428, Time: 68.20s
      -> [LogisticRegression + GMM @ 10x] Acc: 0.8267, F1: 0.8295, Time: 0.42s
      -> [RNN + GMM @ 10x] Acc: 0.8333, F1: 0.8444, Time: 1.73s
    [=== Generating 2x synthetic data with HMM_GMM ===]
      -> [KNN + HMM_GMM @ 2x] Acc: 0.6667, F1: 0.6273, Time: 0.02s
      -> [RandomForest + HMM_GMM @ 2x] Acc: 0.7500, F1: 0.7346, Time: 0.55s
      -> [LinearSVC + HMM_GMM @ 2x] Acc: 0.6833, F1: 0.6726, Time: 2.20s
      -> [LogisticRegression + HMM_GMM @ 2x] Acc: 0.7950, F1: 0.7959, Time: 0.02s
      -> [RNN + HMM_GMM @ 2x] Acc: 0.8333, F1: 0.7619, Time: 0.38s
    [=== Generating 3x synthetic data with HMM_GMM ===]
      -> [KNN + HMM_GMM @ 3x] Acc: 0.6667, F1: 0.6273, Time: 0.03s
      -> [RandomForest + HMM_GMM @ 3x] Acc: 0.7600, F1: 0.7467, Time: 0.66s
      -> [LinearSVC + HMM_GMM @ 3x] Acc: 0.6817, F1: 0.6704, Time: 3.62s
      -> [LogisticRegression + HMM_GMM @ 3x] Acc: 0.7817, F1: 0.7795, Time: 0.04s
      -> [RNN + HMM_GMM @ 3x] Acc: 0.6667, F1: 0.6278, Time: 0.63s
    [=== Generating 5x synthetic data with HMM_GMM ===]
      -> [KNN + HMM_GMM @ 5x] Acc: 0.6667, F1: 0.6273, Time: 0.03s
      -> [RandomForest + HMM_GMM @ 5x] Acc: 0.7633, F1: 0.7514, Time: 0.84s
      -> [LinearSVC + HMM_GMM @ 5x] Acc: 0.7317, F1: 0.7276, Time: 10.09s
      -> [LogisticRegression + HMM_GMM @ 5x] Acc: 0.8250, F1: 0.8233, Time: 0.05s
      -> [RNN + HMM_GMM @ 5x] Acc: 0.6667, F1: 0.6667, Time: 1.13s
    [=== Generating 10x synthetic data with HMM_GMM ===]
      -> [KNN + HMM_GMM @ 10x] Acc: 0.6667, F1: 0.6273, Time: 0.10s
      -> [RandomForest + HMM_GMM @ 10x] Acc: 0.7550, F1: 0.7417, Time: 1.39s
      -> [LinearSVC + HMM_GMM @ 10x] Acc: 0.7783, F1: 0.7771, Time: 47.85s
      -> [LogisticRegression + HMM_GMM @ 10x] Acc: 0.8383, F1: 0.8368, Time: 0.18s
      -> [RNN + HMM_GMM @ 10x] Acc: 0.5000, F1: 0.4000, Time: 1.86s
    [=== Generating 2x synthetic data with TimeVAE ===]
      -> [KNN + TimeVAE @ 2x] Acc: 0.6717, F1: 0.6371, Time: 0.01s
      -> [RandomForest + TimeVAE @ 2x] Acc: 0.7833, F1: 0.7780, Time: 0.61s
      -> [LinearSVC + TimeVAE @ 2x] Acc: 0.7217, F1: 0.6911, Time: 1.76s
      -> [LogisticRegression + TimeVAE @ 2x] Acc: 0.8483, F1: 0.8488, Time: 0.07s
      -> [RNN + TimeVAE @ 2x] Acc: 0.8333, F1: 0.7619, Time: 0.43s
    [=== Generating 3x synthetic data with TimeVAE ===]
      -> [KNN + TimeVAE @ 3x] Acc: 0.6667, F1: 0.6298, Time: 0.02s
      -> [RandomForest + TimeVAE @ 3x] Acc: 0.7250, F1: 0.7095, Time: 0.96s
      -> [LinearSVC + TimeVAE @ 3x] Acc: 0.7533, F1: 0.6942, Time: 2.27s
      -> [LogisticRegression + TimeVAE @ 3x] Acc: 0.8767, F1: 0.8772, Time: 0.11s
      -> [RNN + TimeVAE @ 3x] Acc: 0.8333, F1: 0.7619, Time: 0.62s
    [=== Generating 5x synthetic data with TimeVAE ===]
      -> [KNN + TimeVAE @ 5x] Acc: 0.6717, F1: 0.6376, Time: 0.05s
      -> [RandomForest + TimeVAE @ 5x] Acc: 0.6900, F1: 0.6636, Time: 1.63s
      -> [LinearSVC + TimeVAE @ 5x] Acc: 0.7467, F1: 0.6824, Time: 3.35s
      -> [LogisticRegression + TimeVAE @ 5x] Acc: 0.8600, F1: 0.8609, Time: 0.14s
      -> [RNN + TimeVAE @ 5x] Acc: 0.6667, F1: 0.6667, Time: 1.11s
    [=== Generating 10x synthetic data with TimeVAE ===]
      -> [KNN + TimeVAE @ 10x] Acc: 0.6783, F1: 0.6479, Time: 0.05s
      -> [RandomForest + TimeVAE @ 10x] Acc: 0.6633, F1: 0.6283, Time: 3.66s
      -> [LinearSVC + TimeVAE @ 10x] Acc: 0.7533, F1: 0.6904, Time: 12.10s
      -> [LogisticRegression + TimeVAE @ 10x] Acc: 0.8400, F1: 0.8388, Time: 0.33s
      -> [RNN + TimeVAE @ 10x] Acc: 1.0000, F1: 1.0000, Time: 1.84s
Graph saved to w:\MyGoogleDrive\ELTE\Synthetic Data Gen\New Experiment\Results\Coffee_F4_S20_performance.png

==================================================
Running experiment for Coffee
==================================================

--- Fold 5/10 ---

  >> Seed sets per label: 20

    >> Seed Fold Selection: 1/10
    Evaluating Model: KNN
      -> [Baseline] Acc: 0.9417, F1: 0.9427, Time: 0.01s
      HP Tuning KNN...
n_iterations: 3
n_required_iterations: 3
n_possible_iterations: 5
min_resources_: 30
max_resources_: 4700
aggressive_elimination: False
factor: 3
----------
iter: 0
n_candidates: 20
n_resources: 30
Fitting 5 folds for each of 20 candidates, totalling 100 fits
----------
iter: 1
n_candidates: 7
n_resources: 90
Fitting 5 folds for each of 7 candidates, totalling 35 fits
----------
iter: 2
n_candidates: 3
n_resources: 270
Fitting 5 folds for each of 3 candidates, totalling 15 fits
      -> [Tuned_Baseline] Acc: 0.9350, F1: 0.9357, Time: 0.00s
    Evaluating Model: RandomForest
      -> [Baseline] Acc: 0.9483, F1: 0.9483, Time: 0.72s
      HP Tuning RandomForest...
n_iterations: 3
n_required_iterations: 3
n_possible_iterations: 5
min_resources_: 30
max_resources_: 4700
aggressive_elimination: False
factor: 3
----------
iter: 0
n_candidates: 20
n_resources: 30
Fitting 5 folds for each of 20 candidates, totalling 100 fits
----------
iter: 1
n_candidates: 7
n_resources: 90
Fitting 5 folds for each of 7 candidates, totalling 35 fits
----------
iter: 2
n_candidates: 3
n_resources: 270
Fitting 5 folds for each of 3 candidates, totalling 15 fits
      -> [Tuned_Baseline] Acc: 0.9433, F1: 0.9433, Time: 0.00s
    Evaluating Model: LinearSVC
      -> [Baseline] Acc: 0.6617, F1: 0.6621, Time: 0.01s
      HP Tuning LinearSVC...
n_iterations: 3
n_required_iterations: 3
n_possible_iterations: 5
min_resources_: 30
max_resources_: 4700
aggressive_elimination: False
factor: 3
----------
iter: 0
n_candidates: 20
n_resources: 30
Fitting 5 folds for each of 20 candidates, totalling 100 fits
----------
iter: 1
n_candidates: 7
n_resources: 90
Fitting 5 folds for each of 7 candidates, totalling 35 fits
----------
iter: 2
n_candidates: 3
n_resources: 270
Fitting 5 folds for each of 3 candidates, totalling 15 fits
      -> [Tuned_Baseline] Acc: 0.6617, F1: 0.6621, Time: 0.00s
    Evaluating Model: LogisticRegression
      -> [Baseline] Acc: 0.6750, F1: 0.6759, Time: 0.04s
      HP Tuning LogisticRegression...
n_iterations: 3
n_required_iterations: 3
n_possible_iterations: 5
min_resources_: 30
max_resources_: 4700
aggressive_elimination: False
factor: 3
----------
iter: 0
n_candidates: 12
n_resources: 30
Fitting 5 folds for each of 12 candidates, totalling 60 fits
----------
iter: 1
n_candidates: 4
n_resources: 90
Fitting 5 folds for each of 4 candidates, totalling 20 fits
----------
iter: 2
n_candidates: 2
n_resources: 270
Fitting 5 folds for each of 2 candidates, totalling 10 fits
      -> [Tuned_Baseline] Acc: 0.6933, F1: 0.6962, Time: 0.00s
    Evaluating Model: RNN
      -> [Baseline] Acc: 0.6667, F1: 0.5972, Time: 2.76s
      -> [Tuned_Baseline] Acc: 0.6667, F1: 0.5972, Time: 0.00s
    [=== Generating 2x synthetic data with Jittering ===]
      -> [KNN + Jittering @ 2x] Acc: 0.9400, F1: 0.9409, Time: 0.03s
      -> [RandomForest + Jittering @ 2x] Acc: 0.9483, F1: 0.9484, Time: 1.31s
      -> [LinearSVC + Jittering @ 2x] Acc: 0.6617, F1: 0.6621, Time: 0.02s
      -> [LogisticRegression + Jittering @ 2x] Acc: 0.6867, F1: 0.6891, Time: 0.08s
      -> [RNN + Jittering @ 2x] Acc: 0.6667, F1: 0.5972, Time: 0.30s
    [=== Generating 3x synthetic data with Jittering ===]
      -> [KNN + Jittering @ 3x] Acc: 0.9417, F1: 0.9426, Time: 0.03s
      -> [RandomForest + Jittering @ 3x] Acc: 0.9433, F1: 0.9433, Time: 1.82s
      -> [LinearSVC + Jittering @ 3x] Acc: 0.6617, F1: 0.6621, Time: 0.04s
      -> [LogisticRegression + Jittering @ 3x] Acc: 0.6900, F1: 0.6928, Time: 0.11s
      -> [RNN + Jittering @ 3x] Acc: 0.8333, F1: 0.8444, Time: 0.63s
    [=== Generating 5x synthetic data with Jittering ===]
      -> [KNN + Jittering @ 5x] Acc: 0.9433, F1: 0.9442, Time: 0.04s
      -> [RandomForest + Jittering @ 5x] Acc: 0.9467, F1: 0.9466, Time: 3.55s
      -> [LinearSVC + Jittering @ 5x] Acc: 0.6617, F1: 0.6621, Time: 0.07s
      -> [LogisticRegression + Jittering @ 5x] Acc: 0.6867, F1: 0.6891, Time: 0.33s
      -> [RNN + Jittering @ 5x] Acc: 0.8333, F1: 0.8175, Time: 0.99s
    [=== Generating 10x synthetic data with Jittering ===]
      -> [KNN + Jittering @ 10x] Acc: 0.9417, F1: 0.9425, Time: 0.09s
      -> [RandomForest + Jittering @ 10x] Acc: 0.9467, F1: 0.9465, Time: 7.80s
      -> [LinearSVC + Jittering @ 10x] Acc: 0.6617, F1: 0.6621, Time: 0.32s
      -> [LogisticRegression + Jittering @ 10x] Acc: 0.6883, F1: 0.6909, Time: 0.90s
      -> [RNN + Jittering @ 10x] Acc: 0.3333, F1: 0.2778, Time: 2.10s
    [=== Generating 2x synthetic data with Scaling ===]
      -> [KNN + Scaling @ 2x] Acc: 0.9383, F1: 0.9390, Time: 0.02s
      -> [RandomForest + Scaling @ 2x] Acc: 0.9550, F1: 0.9550, Time: 1.31s
      -> [LinearSVC + Scaling @ 2x] Acc: 0.6583, F1: 0.6584, Time: 0.04s
      -> [LogisticRegression + Scaling @ 2x] Acc: 0.6800, F1: 0.6799, Time: 0.05s
      -> [RNN + Scaling @ 2x] Acc: 0.6667, F1: 0.5972, Time: 0.43s
    [=== Generating 3x synthetic data with Scaling ===]
      -> [KNN + Scaling @ 3x] Acc: 0.9317, F1: 0.9327, Time: 0.03s
      -> [RandomForest + Scaling @ 3x] Acc: 0.9617, F1: 0.9614, Time: 2.02s
      -> [LinearSVC + Scaling @ 3x] Acc: 0.6533, F1: 0.6532, Time: 0.03s
      -> [LogisticRegression + Scaling @ 3x] Acc: 0.6683, F1: 0.6688, Time: 0.09s
      -> [RNN + Scaling @ 3x] Acc: 0.6667, F1: 0.6667, Time: 0.60s
    [=== Generating 5x synthetic data with Scaling ===]
      -> [KNN + Scaling @ 5x] Acc: 0.9317, F1: 0.9328, Time: 0.04s
      -> [RandomForest + Scaling @ 5x] Acc: 0.9500, F1: 0.9497, Time: 3.54s
      -> [LinearSVC + Scaling @ 5x] Acc: 0.6550, F1: 0.6564, Time: 0.06s
      -> [LogisticRegression + Scaling @ 5x] Acc: 0.6750, F1: 0.6751, Time: 0.18s
      -> [RNN + Scaling @ 5x] Acc: 0.5000, F1: 0.5056, Time: 0.91s
    [=== Generating 10x synthetic data with Scaling ===]
      -> [KNN + Scaling @ 10x] Acc: 0.9383, F1: 0.9397, Time: 0.08s
      -> [RandomForest + Scaling @ 10x] Acc: 0.9683, F1: 0.9682, Time: 7.56s
      -> [LinearSVC + Scaling @ 10x] Acc: 0.6600, F1: 0.6596, Time: 0.23s
      -> [LogisticRegression + Scaling @ 10x] Acc: 0.6667, F1: 0.6658, Time: 0.51s
      -> [RNN + Scaling @ 10x] Acc: 0.8333, F1: 0.8175, Time: 1.61s
    [=== Generating 2x synthetic data with Magnitude_Warping ===]
      -> [KNN + Magnitude_Warping @ 2x] Acc: 0.9450, F1: 0.9453, Time: 0.02s
      -> [RandomForest + Magnitude_Warping @ 2x] Acc: 0.9550, F1: 0.9549, Time: 1.29s
      -> [LinearSVC + Magnitude_Warping @ 2x] Acc: 0.6467, F1: 0.6492, Time: 0.02s
      -> [LogisticRegression + Magnitude_Warping @ 2x] Acc: 0.6867, F1: 0.6840, Time: 0.04s
      -> [RNN + Magnitude_Warping @ 2x] Acc: 0.8333, F1: 0.7619, Time: 0.33s
    [=== Generating 3x synthetic data with Magnitude_Warping ===]
      -> [KNN + Magnitude_Warping @ 3x] Acc: 0.9233, F1: 0.9250, Time: 0.02s
      -> [RandomForest + Magnitude_Warping @ 3x] Acc: 0.9650, F1: 0.9648, Time: 1.99s
      -> [LinearSVC + Magnitude_Warping @ 3x] Acc: 0.6750, F1: 0.6743, Time: 0.03s
      -> [LogisticRegression + Magnitude_Warping @ 3x] Acc: 0.6933, F1: 0.6888, Time: 0.04s
      -> [RNN + Magnitude_Warping @ 3x] Acc: 0.5000, F1: 0.5056, Time: 0.52s
    [=== Generating 5x synthetic data with Magnitude_Warping ===]
      -> [KNN + Magnitude_Warping @ 5x] Acc: 0.9467, F1: 0.9471, Time: 0.03s
      -> [RandomForest + Magnitude_Warping @ 5x] Acc: 0.9650, F1: 0.9648, Time: 3.55s
      -> [LinearSVC + Magnitude_Warping @ 5x] Acc: 0.6117, F1: 0.6192, Time: 0.07s
      -> [LogisticRegression + Magnitude_Warping @ 5x] Acc: 0.6733, F1: 0.6726, Time: 0.13s
      -> [RNN + Magnitude_Warping @ 5x] Acc: 0.8333, F1: 0.8175, Time: 0.92s
    [=== Generating 10x synthetic data with Magnitude_Warping ===]
      -> [KNN + Magnitude_Warping @ 10x] Acc: 0.9200, F1: 0.9220, Time: 0.06s
      -> [RandomForest + Magnitude_Warping @ 10x] Acc: 0.9683, F1: 0.9682, Time: 7.89s
      -> [LinearSVC + Magnitude_Warping @ 10x] Acc: 0.6333, F1: 0.6372, Time: 0.22s
      -> [LogisticRegression + Magnitude_Warping @ 10x] Acc: 0.6917, F1: 0.6883, Time: 0.25s
      -> [RNN + Magnitude_Warping @ 10x] Acc: 0.8333, F1: 0.8175, Time: 1.58s
    [=== Generating 2x synthetic data with Time_Warping ===]
      -> [KNN + Time_Warping @ 2x] Acc: 0.9367, F1: 0.9376, Time: 0.02s
      -> [RandomForest + Time_Warping @ 2x] Acc: 0.9400, F1: 0.9402, Time: 1.32s
      -> [LinearSVC + Time_Warping @ 2x] Acc: 0.5017, F1: 0.5007, Time: 0.02s
      -> [LogisticRegression + Time_Warping @ 2x] Acc: 0.6333, F1: 0.6348, Time: 0.02s
      -> [RNN + Time_Warping @ 2x] Acc: 0.8333, F1: 0.7619, Time: 0.34s
    [=== Generating 3x synthetic data with Time_Warping ===]
      -> [KNN + Time_Warping @ 3x] Acc: 0.9267, F1: 0.9277, Time: 0.03s
      -> [RandomForest + Time_Warping @ 3x] Acc: 0.9283, F1: 0.9284, Time: 1.97s
      -> [LinearSVC + Time_Warping @ 3x] Acc: 0.5017, F1: 0.5007, Time: 0.03s
      -> [LogisticRegression + Time_Warping @ 3x] Acc: 0.6017, F1: 0.6057, Time: 0.04s
      -> [RNN + Time_Warping @ 3x] Acc: 0.8333, F1: 0.8175, Time: 0.70s
    [=== Generating 5x synthetic data with Time_Warping ===]
      -> [KNN + Time_Warping @ 5x] Acc: 0.9267, F1: 0.9282, Time: 0.05s
      -> [RandomForest + Time_Warping @ 5x] Acc: 0.9267, F1: 0.9266, Time: 3.20s
      -> [LinearSVC + Time_Warping @ 5x] Acc: 0.4933, F1: 0.4915, Time: 0.05s
      -> [LogisticRegression + Time_Warping @ 5x] Acc: 0.6117, F1: 0.6142, Time: 0.06s
      -> [RNN + Time_Warping @ 5x] Acc: 0.8333, F1: 0.8175, Time: 0.89s
    [=== Generating 10x synthetic data with Time_Warping ===]
      -> [KNN + Time_Warping @ 10x] Acc: 0.9050, F1: 0.9075, Time: 0.08s
      -> [RandomForest + Time_Warping @ 10x] Acc: 0.9250, F1: 0.9249, Time: 7.24s
      -> [LinearSVC + Time_Warping @ 10x] Acc: 0.5000, F1: 0.4971, Time: 0.20s
      -> [LogisticRegression + Time_Warping @ 10x] Acc: 0.6300, F1: 0.6339, Time: 0.16s
      -> [RNN + Time_Warping @ 10x] Acc: 0.8333, F1: 0.8175, Time: 1.62s
    [=== Generating 2x synthetic data with SMOTE ===]
      -> [KNN + SMOTE @ 2x] Acc: 0.9367, F1: 0.9376, Time: 0.01s
      -> [RandomForest + SMOTE @ 2x] Acc: 0.9450, F1: 0.9450, Time: 1.26s
      -> [LinearSVC + SMOTE @ 2x] Acc: 0.6633, F1: 0.6642, Time: 0.03s
      -> [LogisticRegression + SMOTE @ 2x] Acc: 0.7000, F1: 0.7024, Time: 0.08s
      -> [RNN + SMOTE @ 2x] Acc: 0.8333, F1: 0.7619, Time: 0.29s
    [=== Generating 3x synthetic data with SMOTE ===]
      -> [KNN + SMOTE @ 3x] Acc: 0.9533, F1: 0.9535, Time: 0.02s
      -> [RandomForest + SMOTE @ 3x] Acc: 0.9433, F1: 0.9435, Time: 1.88s
      -> [LinearSVC + SMOTE @ 3x] Acc: 0.6533, F1: 0.6525, Time: 0.03s
      -> [LogisticRegression + SMOTE @ 3x] Acc: 0.6900, F1: 0.6913, Time: 0.14s
      -> [RNN + SMOTE @ 3x] Acc: 0.6667, F1: 0.6278, Time: 0.53s
    [=== Generating 5x synthetic data with SMOTE ===]
      -> [KNN + SMOTE @ 5x] Acc: 0.9617, F1: 0.9619, Time: 0.03s
      -> [RandomForest + SMOTE @ 5x] Acc: 0.9350, F1: 0.9346, Time: 3.37s
      -> [LinearSVC + SMOTE @ 5x] Acc: 0.6767, F1: 0.6769, Time: 0.06s
      -> [LogisticRegression + SMOTE @ 5x] Acc: 0.7367, F1: 0.7364, Time: 0.28s
      -> [RNN + SMOTE @ 5x] Acc: 0.5000, F1: 0.5056, Time: 0.94s
    [=== Generating 10x synthetic data with SMOTE ===]
      -> [KNN + SMOTE @ 10x] Acc: 0.9617, F1: 0.9619, Time: 0.07s
      -> [RandomForest + SMOTE @ 10x] Acc: 0.9333, F1: 0.9331, Time: 7.42s
      -> [LinearSVC + SMOTE @ 10x] Acc: 0.6600, F1: 0.6588, Time: 0.20s
      -> [LogisticRegression + SMOTE @ 10x] Acc: 0.7000, F1: 0.7015, Time: 0.73s
      -> [RNN + SMOTE @ 10x] Acc: 0.8333, F1: 0.8175, Time: 1.50s
    [=== Generating 2x synthetic data with ADASYN ===]
      -> [KNN + ADASYN @ 2x] Acc: 0.9483, F1: 0.9490, Time: 0.02s
      -> [RandomForest + ADASYN @ 2x] Acc: 0.9283, F1: 0.9282, Time: 1.29s
      -> [LinearSVC + ADASYN @ 2x] Acc: 0.7217, F1: 0.7261, Time: 0.02s
      -> [LogisticRegression + ADASYN @ 2x] Acc: 0.7300, F1: 0.7365, Time: 0.12s
      -> [RNN + ADASYN @ 2x] Acc: 0.5000, F1: 0.4000, Time: 0.30s
    [=== Generating 3x synthetic data with ADASYN ===]
      -> [KNN + ADASYN @ 3x] Acc: 0.9483, F1: 0.9486, Time: 0.02s
      -> [RandomForest + ADASYN @ 3x] Acc: 0.9267, F1: 0.9262, Time: 2.08s
      -> [LinearSVC + ADASYN @ 3x] Acc: 0.7200, F1: 0.7247, Time: 0.04s
      -> [LogisticRegression + ADASYN @ 3x] Acc: 0.7217, F1: 0.7277, Time: 0.14s
      -> [RNN + ADASYN @ 3x] Acc: 0.6667, F1: 0.6667, Time: 0.57s
    [=== Generating 5x synthetic data with ADASYN ===]
      -> [KNN + ADASYN @ 5x] Acc: 0.9483, F1: 0.9483, Time: 0.03s
      -> [RandomForest + ADASYN @ 5x] Acc: 0.9250, F1: 0.9248, Time: 3.57s
      -> [LinearSVC + ADASYN @ 5x] Acc: 0.7217, F1: 0.7275, Time: 0.06s
      -> [LogisticRegression + ADASYN @ 5x] Acc: 0.7017, F1: 0.7073, Time: 0.36s
      -> [RNN + ADASYN @ 5x] Acc: 0.8333, F1: 0.7619, Time: 0.85s
    [=== Generating 10x synthetic data with ADASYN ===]
      -> [KNN + ADASYN @ 10x] Acc: 0.9583, F1: 0.9586, Time: 0.08s
      -> [RandomForest + ADASYN @ 10x] Acc: 0.8967, F1: 0.8967, Time: 8.01s
      -> [LinearSVC + ADASYN @ 10x] Acc: 0.7017, F1: 0.7082, Time: 0.30s
      -> [LogisticRegression + ADASYN @ 10x] Acc: 0.7067, F1: 0.7114, Time: 0.83s
      -> [RNN + ADASYN @ 10x] Acc: 0.6667, F1: 0.6667, Time: 1.69s
    [=== Generating 2x synthetic data with Mixup ===]
      -> [KNN + Mixup @ 2x] Acc: 0.9117, F1: 0.9136, Time: 0.01s
      -> [RandomForest + Mixup @ 2x] Acc: 0.9283, F1: 0.9284, Time: 1.18s
      -> [LinearSVC + Mixup @ 2x] Acc: 0.6833, F1: 0.6869, Time: 0.02s
      -> [LogisticRegression + Mixup @ 2x] Acc: 0.7100, F1: 0.7162, Time: 0.09s
      -> [RNN + Mixup @ 2x] Acc: 0.6667, F1: 0.6667, Time: 0.29s
    [=== Generating 3x synthetic data with Mixup ===]
      -> [KNN + Mixup @ 3x] Acc: 0.9583, F1: 0.9586, Time: 0.02s
      -> [RandomForest + Mixup @ 3x] Acc: 0.9283, F1: 0.9280, Time: 1.79s
      -> [LinearSVC + Mixup @ 3x] Acc: 0.6650, F1: 0.6653, Time: 0.03s
      -> [LogisticRegression + Mixup @ 3x] Acc: 0.7067, F1: 0.7085, Time: 0.15s
      -> [RNN + Mixup @ 3x] Acc: 0.6667, F1: 0.6667, Time: 0.48s
    [=== Generating 5x synthetic data with Mixup ===]
      -> [KNN + Mixup @ 5x] Acc: 0.9483, F1: 0.9489, Time: 0.03s
      -> [RandomForest + Mixup @ 5x] Acc: 0.9333, F1: 0.9334, Time: 3.05s
      -> [LinearSVC + Mixup @ 5x] Acc: 0.6650, F1: 0.6655, Time: 0.05s
      -> [LogisticRegression + Mixup @ 5x] Acc: 0.7050, F1: 0.7076, Time: 0.25s
      -> [RNN + Mixup @ 5x] Acc: 0.6667, F1: 0.6667, Time: 0.75s
    [=== Generating 10x synthetic data with Mixup ===]
      -> [KNN + Mixup @ 10x] Acc: 0.9517, F1: 0.9521, Time: 0.07s
      -> [RandomForest + Mixup @ 10x] Acc: 0.9217, F1: 0.9216, Time: 6.71s
      -> [LinearSVC + Mixup @ 10x] Acc: 0.6583, F1: 0.6580, Time: 0.25s
      -> [LogisticRegression + Mixup @ 10x] Acc: 0.6767, F1: 0.6788, Time: 0.77s
      -> [RNN + Mixup @ 10x] Acc: 0.8333, F1: 0.8175, Time: 1.50s
    [=== Generating 2x synthetic data with GMM ===]
      -> [KNN + GMM @ 2x] Acc: 0.9567, F1: 0.9569, Time: 0.02s
      -> [RandomForest + GMM @ 2x] Acc: 0.9383, F1: 0.9377, Time: 1.32s
      -> [LinearSVC + GMM @ 2x] Acc: 0.6600, F1: 0.6612, Time: 0.02s
      -> [LogisticRegression + GMM @ 2x] Acc: 0.6867, F1: 0.6863, Time: 0.05s
      -> [RNN + GMM @ 2x] Acc: 0.6667, F1: 0.6667, Time: 0.30s
    [=== Generating 3x synthetic data with GMM ===]
      -> [KNN + GMM @ 3x] Acc: 0.9367, F1: 0.9380, Time: 0.03s
      -> [RandomForest + GMM @ 3x] Acc: 0.9333, F1: 0.9324, Time: 1.87s
      -> [LinearSVC + GMM @ 3x] Acc: 0.6550, F1: 0.6563, Time: 0.03s
      -> [LogisticRegression + GMM @ 3x] Acc: 0.6667, F1: 0.6663, Time: 0.07s
      -> [RNN + GMM @ 3x] Acc: 0.6667, F1: 0.5972, Time: 0.46s
    [=== Generating 5x synthetic data with GMM ===]
      -> [KNN + GMM @ 5x] Acc: 0.9183, F1: 0.9212, Time: 0.03s
      -> [RandomForest + GMM @ 5x] Acc: 0.9267, F1: 0.9256, Time: 3.58s
      -> [LinearSVC + GMM @ 5x] Acc: 0.6467, F1: 0.6508, Time: 0.05s
      -> [LogisticRegression + GMM @ 5x] Acc: 0.6583, F1: 0.6600, Time: 0.13s
      -> [RNN + GMM @ 5x] Acc: 0.6667, F1: 0.6278, Time: 0.79s
    [=== Generating 10x synthetic data with GMM ===]
      -> [KNN + GMM @ 10x] Acc: 0.9100, F1: 0.9132, Time: 0.08s
      -> [RandomForest + GMM @ 10x] Acc: 0.9100, F1: 0.9078, Time: 7.85s
      -> [LinearSVC + GMM @ 10x] Acc: 0.6233, F1: 0.6306, Time: 0.21s
      -> [LogisticRegression + GMM @ 10x] Acc: 0.6450, F1: 0.6461, Time: 0.41s
      -> [RNN + GMM @ 10x] Acc: 1.0000, F1: 1.0000, Time: 1.53s
    [=== Generating 2x synthetic data with HMM_GMM ===]
      -> [KNN + HMM_GMM @ 2x] Acc: 0.9350, F1: 0.9357, Time: 0.02s
      -> [RandomForest + HMM_GMM @ 2x] Acc: 0.9483, F1: 0.9481, Time: 0.93s
      -> [LinearSVC + HMM_GMM @ 2x] Acc: 0.5650, F1: 0.5387, Time: 0.02s
      -> [LogisticRegression + HMM_GMM @ 2x] Acc: 0.7300, F1: 0.7257, Time: 0.02s
      -> [RNN + HMM_GMM @ 2x] Acc: 0.8333, F1: 0.7619, Time: 0.31s
    [=== Generating 3x synthetic data with HMM_GMM ===]
      -> [KNN + HMM_GMM @ 3x] Acc: 0.9350, F1: 0.9357, Time: 0.02s
      -> [RandomForest + HMM_GMM @ 3x] Acc: 0.9500, F1: 0.9498, Time: 1.09s
      -> [LinearSVC + HMM_GMM @ 3x] Acc: 0.5667, F1: 0.5404, Time: 0.03s
      -> [LogisticRegression + HMM_GMM @ 3x] Acc: 0.7650, F1: 0.7594, Time: 0.03s
      -> [RNN + HMM_GMM @ 3x] Acc: 0.6667, F1: 0.6667, Time: 0.48s
    [=== Generating 5x synthetic data with HMM_GMM ===]
      -> [KNN + HMM_GMM @ 5x] Acc: 0.9350, F1: 0.9357, Time: 0.04s
      -> [RandomForest + HMM_GMM @ 5x] Acc: 0.9467, F1: 0.9463, Time: 1.39s
      -> [LinearSVC + HMM_GMM @ 5x] Acc: 0.5550, F1: 0.5343, Time: 0.05s
      -> [LogisticRegression + HMM_GMM @ 5x] Acc: 0.7583, F1: 0.7529, Time: 0.05s
      -> [RNN + HMM_GMM @ 5x] Acc: 0.5000, F1: 0.5056, Time: 0.67s
    [=== Generating 10x synthetic data with HMM_GMM ===]
      -> [KNN + HMM_GMM @ 10x] Acc: 0.9350, F1: 0.9357, Time: 0.06s
      -> [RandomForest + HMM_GMM @ 10x] Acc: 0.9283, F1: 0.9280, Time: 2.14s
      -> [LinearSVC + HMM_GMM @ 10x] Acc: 0.5267, F1: 0.5260, Time: 0.13s
      -> [LogisticRegression + HMM_GMM @ 10x] Acc: 0.7183, F1: 0.7146, Time: 0.12s
      -> [RNN + HMM_GMM @ 10x] Acc: 0.8333, F1: 0.8444, Time: 1.48s
    [=== Generating 2x synthetic data with TimeVAE ===]
      -> [KNN + TimeVAE @ 2x] Acc: 0.9350, F1: 0.9357, Time: 0.01s
      -> [RandomForest + TimeVAE @ 2x] Acc: 0.9417, F1: 0.9417, Time: 1.09s
      -> [LinearSVC + TimeVAE @ 2x] Acc: 0.6967, F1: 0.7010, Time: 0.02s
      -> [LogisticRegression + TimeVAE @ 2x] Acc: 0.7117, F1: 0.7171, Time: 0.06s
      -> [RNN + TimeVAE @ 2x] Acc: 0.6667, F1: 0.5972, Time: 0.30s
    [=== Generating 3x synthetic data with TimeVAE ===]
      -> [KNN + TimeVAE @ 3x] Acc: 0.9350, F1: 0.9357, Time: 0.02s
      -> [RandomForest + TimeVAE @ 3x] Acc: 0.9417, F1: 0.9414, Time: 1.63s
      -> [LinearSVC + TimeVAE @ 3x] Acc: 0.6783, F1: 0.6811, Time: 0.03s
      -> [LogisticRegression + TimeVAE @ 3x] Acc: 0.7050, F1: 0.7106, Time: 0.10s
      -> [RNN + TimeVAE @ 3x] Acc: 0.8333, F1: 0.7619, Time: 0.82s
    [=== Generating 5x synthetic data with TimeVAE ===]
      -> [KNN + TimeVAE @ 5x] Acc: 0.9350, F1: 0.9357, Time: 0.03s
      -> [RandomForest + TimeVAE @ 5x] Acc: 0.9483, F1: 0.9478, Time: 2.60s
      -> [LinearSVC + TimeVAE @ 5x] Acc: 0.6733, F1: 0.6759, Time: 0.07s
      -> [LogisticRegression + TimeVAE @ 5x] Acc: 0.7383, F1: 0.7458, Time: 0.16s
      -> [RNN + TimeVAE @ 5x] Acc: 0.6667, F1: 0.6667, Time: 0.72s
    [=== Generating 10x synthetic data with TimeVAE ===]
      -> [KNN + TimeVAE @ 10x] Acc: 0.9350, F1: 0.9357, Time: 0.06s
      -> [RandomForest + TimeVAE @ 10x] Acc: 0.9317, F1: 0.9309, Time: 5.78s
      -> [LinearSVC + TimeVAE @ 10x] Acc: 0.5933, F1: 0.6073, Time: 0.17s
      -> [LogisticRegression + TimeVAE @ 10x] Acc: 0.7250, F1: 0.7313, Time: 0.42s
      -> [RNN + TimeVAE @ 10x] Acc: 0.6667, F1: 0.6667, Time: 1.55s

    >> Seed Fold Selection: 2/10
    Evaluating Model: KNN
      -> [Baseline] Acc: 0.9483, F1: 0.9494, Time: 0.01s
      HP Tuning KNN...
n_iterations: 3
n_required_iterations: 3
n_possible_iterations: 5
min_resources_: 30
max_resources_: 4700
aggressive_elimination: False
factor: 3
----------
iter: 0
n_candidates: 20
n_resources: 30
Fitting 5 folds for each of 20 candidates, totalling 100 fits
----------
iter: 1
n_candidates: 7
n_resources: 90
Fitting 5 folds for each of 7 candidates, totalling 35 fits
----------
iter: 2
n_candidates: 3
n_resources: 270
Fitting 5 folds for each of 3 candidates, totalling 15 fits
      -> [Tuned_Baseline] Acc: 0.9433, F1: 0.9444, Time: 0.00s
    Evaluating Model: RandomForest
      -> [Baseline] Acc: 0.9417, F1: 0.9414, Time: 0.71s
      HP Tuning RandomForest...
n_iterations: 3
n_required_iterations: 3
n_possible_iterations: 5
min_resources_: 30
max_resources_: 4700
aggressive_elimination: False
factor: 3
----------
iter: 0
n_candidates: 20
n_resources: 30
Fitting 5 folds for each of 20 candidates, totalling 100 fits
----------
iter: 1
n_candidates: 7
n_resources: 90
Fitting 5 folds for each of 7 candidates, totalling 35 fits
----------
iter: 2
n_candidates: 3
n_resources: 270
Fitting 5 folds for each of 3 candidates, totalling 15 fits
      -> [Tuned_Baseline] Acc: 0.9450, F1: 0.9451, Time: 0.00s
    Evaluating Model: LinearSVC
      -> [Baseline] Acc: 0.6600, F1: 0.6605, Time: 0.01s
      HP Tuning LinearSVC...
n_iterations: 3
n_required_iterations: 3
n_possible_iterations: 5
min_resources_: 30
max_resources_: 4700
aggressive_elimination: False
factor: 3
----------
iter: 0
n_candidates: 20
n_resources: 30
Fitting 5 folds for each of 20 candidates, totalling 100 fits
----------
iter: 1
n_candidates: 7
n_resources: 90
Fitting 5 folds for each of 7 candidates, totalling 35 fits
----------
iter: 2
n_candidates: 3
n_resources: 270
Fitting 5 folds for each of 3 candidates, totalling 15 fits
      -> [Tuned_Baseline] Acc: 0.6617, F1: 0.6623, Time: 0.00s
    Evaluating Model: LogisticRegression
      -> [Baseline] Acc: 0.6783, F1: 0.6787, Time: 0.05s
      HP Tuning LogisticRegression...
n_iterations: 3
n_required_iterations: 3
n_possible_iterations: 5
min_resources_: 30
max_resources_: 4700
aggressive_elimination: False
factor: 3
----------
iter: 0
n_candidates: 12
n_resources: 30
Fitting 5 folds for each of 12 candidates, totalling 60 fits
----------
iter: 1
n_candidates: 4
n_resources: 90
Fitting 5 folds for each of 4 candidates, totalling 20 fits
----------
iter: 2
n_candidates: 2
n_resources: 270
Fitting 5 folds for each of 2 candidates, totalling 10 fits
      -> [Tuned_Baseline] Acc: 0.6867, F1: 0.6891, Time: 0.00s
    Evaluating Model: RNN
      -> [Baseline] Acc: 0.6667, F1: 0.5972, Time: 0.24s
      -> [Tuned_Baseline] Acc: 0.6667, F1: 0.5972, Time: 0.00s
    [=== Generating 2x synthetic data with Jittering ===]
      -> [KNN + Jittering @ 2x] Acc: 0.9483, F1: 0.9494, Time: 0.02s
      -> [RandomForest + Jittering @ 2x] Acc: 0.9467, F1: 0.9466, Time: 0.64s
      -> [LinearSVC + Jittering @ 2x] Acc: 0.6600, F1: 0.6605, Time: 0.03s
      -> [LogisticRegression + Jittering @ 2x] Acc: 0.6800, F1: 0.6815, Time: 0.09s
      -> [RNN + Jittering @ 2x] Acc: 0.8333, F1: 0.7619, Time: 0.35s
    [=== Generating 3x synthetic data with Jittering ===]
      -> [KNN + Jittering @ 3x] Acc: 0.9533, F1: 0.9543, Time: 0.02s
      -> [RandomForest + Jittering @ 3x] Acc: 0.9383, F1: 0.9384, Time: 0.96s
      -> [LinearSVC + Jittering @ 3x] Acc: 0.6600, F1: 0.6603, Time: 0.05s
      -> [LogisticRegression + Jittering @ 3x] Acc: 0.6783, F1: 0.6800, Time: 0.14s
      -> [RNN + Jittering @ 3x] Acc: 0.6667, F1: 0.6667, Time: 0.60s
    [=== Generating 5x synthetic data with Jittering ===]
      -> [KNN + Jittering @ 5x] Acc: 0.9500, F1: 0.9509, Time: 0.04s
      -> [RandomForest + Jittering @ 5x] Acc: 0.9483, F1: 0.9481, Time: 1.71s
      -> [LinearSVC + Jittering @ 5x] Acc: 0.6600, F1: 0.6603, Time: 0.08s
      -> [LogisticRegression + Jittering @ 5x] Acc: 0.6783, F1: 0.6796, Time: 0.33s
      -> [RNN + Jittering @ 5x] Acc: 0.8333, F1: 0.8175, Time: 1.04s
    [=== Generating 10x synthetic data with Jittering ===]
      -> [KNN + Jittering @ 10x] Acc: 0.9533, F1: 0.9543, Time: 0.06s
      -> [RandomForest + Jittering @ 10x] Acc: 0.9533, F1: 0.9535, Time: 4.06s
      -> [LinearSVC + Jittering @ 10x] Acc: 0.6617, F1: 0.6622, Time: 0.44s
      -> [LogisticRegression + Jittering @ 10x] Acc: 0.6783, F1: 0.6800, Time: 0.75s
      -> [RNN + Jittering @ 10x] Acc: 0.6667, F1: 0.6000, Time: 2.30s
    [=== Generating 2x synthetic data with Scaling ===]
      -> [KNN + Scaling @ 2x] Acc: 0.9600, F1: 0.9612, Time: 0.02s
      -> [RandomForest + Scaling @ 2x] Acc: 0.9650, F1: 0.9649, Time: 0.66s
      -> [LinearSVC + Scaling @ 2x] Acc: 0.6617, F1: 0.6622, Time: 0.02s
      -> [LogisticRegression + Scaling @ 2x] Acc: 0.6850, F1: 0.6845, Time: 0.07s
      -> [RNN + Scaling @ 2x] Acc: 0.6667, F1: 0.6667, Time: 0.43s
    [=== Generating 3x synthetic data with Scaling ===]
      -> [KNN + Scaling @ 3x] Acc: 0.9583, F1: 0.9592, Time: 0.02s
      -> [RandomForest + Scaling @ 3x] Acc: 0.9450, F1: 0.9452, Time: 0.97s
      -> [LinearSVC + Scaling @ 3x] Acc: 0.6633, F1: 0.6633, Time: 0.03s
      -> [LogisticRegression + Scaling @ 3x] Acc: 0.6917, F1: 0.6903, Time: 0.09s
      -> [RNN + Scaling @ 3x] Acc: 0.6667, F1: 0.5972, Time: 0.60s
    [=== Generating 5x synthetic data with Scaling ===]
      -> [KNN + Scaling @ 5x] Acc: 0.9517, F1: 0.9529, Time: 0.03s
      -> [RandomForest + Scaling @ 5x] Acc: 0.9600, F1: 0.9598, Time: 1.73s
      -> [LinearSVC + Scaling @ 5x] Acc: 0.6583, F1: 0.6611, Time: 0.07s
      -> [LogisticRegression + Scaling @ 5x] Acc: 0.6683, F1: 0.6702, Time: 0.24s
      -> [RNN + Scaling @ 5x] Acc: 0.6667, F1: 0.6667, Time: 1.09s
    [=== Generating 10x synthetic data with Scaling ===]
      -> [KNN + Scaling @ 10x] Acc: 0.9400, F1: 0.9403, Time: 0.07s
      -> [RandomForest + Scaling @ 10x] Acc: 0.9650, F1: 0.9647, Time: 3.85s
      -> [LinearSVC + Scaling @ 10x] Acc: 0.6583, F1: 0.6587, Time: 0.32s
      -> [LogisticRegression + Scaling @ 10x] Acc: 0.6683, F1: 0.6685, Time: 0.49s
      -> [RNN + Scaling @ 10x] Acc: 1.0000, F1: 1.0000, Time: 1.85s
    [=== Generating 2x synthetic data with Magnitude_Warping ===]
      -> [KNN + Magnitude_Warping @ 2x] Acc: 0.9467, F1: 0.9478, Time: 0.02s
      -> [RandomForest + Magnitude_Warping @ 2x] Acc: 0.9650, F1: 0.9647, Time: 0.68s
      -> [LinearSVC + Magnitude_Warping @ 2x] Acc: 0.6617, F1: 0.6618, Time: 0.02s
      -> [LogisticRegression + Magnitude_Warping @ 2x] Acc: 0.6600, F1: 0.6572, Time: 0.04s
      -> [RNN + Magnitude_Warping @ 2x] Acc: 0.8333, F1: 0.8175, Time: 0.40s
    [=== Generating 3x synthetic data with Magnitude_Warping ===]
      -> [KNN + Magnitude_Warping @ 3x] Acc: 0.9450, F1: 0.9462, Time: 0.02s
      -> [RandomForest + Magnitude_Warping @ 3x] Acc: 0.9567, F1: 0.9563, Time: 1.11s
      -> [LinearSVC + Magnitude_Warping @ 3x] Acc: 0.6667, F1: 0.6669, Time: 0.04s
      -> [LogisticRegression + Magnitude_Warping @ 3x] Acc: 0.6800, F1: 0.6760, Time: 0.05s
      -> [RNN + Magnitude_Warping @ 3x] Acc: 0.8333, F1: 0.8175, Time: 0.56s
    [=== Generating 5x synthetic data with Magnitude_Warping ===]
      -> [KNN + Magnitude_Warping @ 5x] Acc: 0.9367, F1: 0.9382, Time: 0.04s
      -> [RandomForest + Magnitude_Warping @ 5x] Acc: 0.9617, F1: 0.9617, Time: 1.75s
      -> [LinearSVC + Magnitude_Warping @ 5x] Acc: 0.6617, F1: 0.6607, Time: 0.06s
      -> [LogisticRegression + Magnitude_Warping @ 5x] Acc: 0.6717, F1: 0.6704, Time: 0.10s
      -> [RNN + Magnitude_Warping @ 5x] Acc: 0.8333, F1: 0.8175, Time: 0.85s
    [=== Generating 10x synthetic data with Magnitude_Warping ===]
      -> [KNN + Magnitude_Warping @ 10x] Acc: 0.9400, F1: 0.9416, Time: 0.07s
      -> [RandomForest + Magnitude_Warping @ 10x] Acc: 0.9750, F1: 0.9748, Time: 3.83s
      -> [LinearSVC + Magnitude_Warping @ 10x] Acc: 0.6383, F1: 0.6414, Time: 0.21s
      -> [LogisticRegression + Magnitude_Warping @ 10x] Acc: 0.6667, F1: 0.6652, Time: 0.28s
      -> [RNN + Magnitude_Warping @ 10x] Acc: 0.8333, F1: 0.8175, Time: 1.74s
    [=== Generating 2x synthetic data with Time_Warping ===]
      -> [KNN + Time_Warping @ 2x] Acc: 0.9433, F1: 0.9445, Time: 0.03s
      -> [RandomForest + Time_Warping @ 2x] Acc: 0.9417, F1: 0.9417, Time: 0.64s
      -> [LinearSVC + Time_Warping @ 2x] Acc: 0.5850, F1: 0.5933, Time: 0.02s
      -> [LogisticRegression + Time_Warping @ 2x] Acc: 0.6583, F1: 0.6587, Time: 0.04s
      -> [RNN + Time_Warping @ 2x] Acc: 0.6667, F1: 0.5972, Time: 0.31s
    [=== Generating 3x synthetic data with Time_Warping ===]
      -> [KNN + Time_Warping @ 3x] Acc: 0.9333, F1: 0.9347, Time: 0.03s
      -> [RandomForest + Time_Warping @ 3x] Acc: 0.9433, F1: 0.9433, Time: 0.99s
      -> [LinearSVC + Time_Warping @ 3x] Acc: 0.5750, F1: 0.5823, Time: 0.03s
      -> [LogisticRegression + Time_Warping @ 3x] Acc: 0.6433, F1: 0.6495, Time: 0.03s
      -> [RNN + Time_Warping @ 3x] Acc: 0.6667, F1: 0.6667, Time: 0.55s
    [=== Generating 5x synthetic data with Time_Warping ===]
      -> [KNN + Time_Warping @ 5x] Acc: 0.9467, F1: 0.9475, Time: 0.05s
      -> [RandomForest + Time_Warping @ 5x] Acc: 0.9417, F1: 0.9417, Time: 1.64s
      -> [LinearSVC + Time_Warping @ 5x] Acc: 0.5700, F1: 0.5753, Time: 0.06s
      -> [LogisticRegression + Time_Warping @ 5x] Acc: 0.6533, F1: 0.6578, Time: 0.05s
      -> [RNN + Time_Warping @ 5x] Acc: 0.6667, F1: 0.5972, Time: 0.79s
    [=== Generating 10x synthetic data with Time_Warping ===]
      -> [KNN + Time_Warping @ 10x] Acc: 0.9483, F1: 0.9494, Time: 0.08s
      -> [RandomForest + Time_Warping @ 10x] Acc: 0.9267, F1: 0.9269, Time: 3.53s
      -> [LinearSVC + Time_Warping @ 10x] Acc: 0.5550, F1: 0.5629, Time: 0.13s
      -> [LogisticRegression + Time_Warping @ 10x] Acc: 0.6500, F1: 0.6547, Time: 0.15s
      -> [RNN + Time_Warping @ 10x] Acc: 0.8333, F1: 0.8175, Time: 1.56s
    [=== Generating 2x synthetic data with SMOTE ===]
      -> [KNN + SMOTE @ 2x] Acc: 0.9550, F1: 0.9564, Time: 0.02s
      -> [RandomForest + SMOTE @ 2x] Acc: 0.9483, F1: 0.9483, Time: 0.61s
      -> [LinearSVC + SMOTE @ 2x] Acc: 0.6867, F1: 0.6841, Time: 0.02s
      -> [LogisticRegression + SMOTE @ 2x] Acc: 0.7083, F1: 0.7058, Time: 0.10s
      -> [RNN + SMOTE @ 2x] Acc: 0.8333, F1: 0.7619, Time: 0.27s
    [=== Generating 3x synthetic data with SMOTE ===]
      -> [KNN + SMOTE @ 3x] Acc: 0.9750, F1: 0.9754, Time: 0.02s
      -> [RandomForest + SMOTE @ 3x] Acc: 0.9533, F1: 0.9535, Time: 0.94s
      -> [LinearSVC + SMOTE @ 3x] Acc: 0.7133, F1: 0.7087, Time: 0.04s
      -> [LogisticRegression + SMOTE @ 3x] Acc: 0.7533, F1: 0.7472, Time: 0.17s
      -> [RNN + SMOTE @ 3x] Acc: 0.8333, F1: 0.8175, Time: 0.54s
    [=== Generating 5x synthetic data with SMOTE ===]
      -> [KNN + SMOTE @ 5x] Acc: 0.9800, F1: 0.9803, Time: 0.03s
      -> [RandomForest + SMOTE @ 5x] Acc: 0.9433, F1: 0.9432, Time: 1.64s
      -> [LinearSVC + SMOTE @ 5x] Acc: 0.7667, F1: 0.7596, Time: 0.08s
      -> [LogisticRegression + SMOTE @ 5x] Acc: 0.8100, F1: 0.8017, Time: 0.29s
      -> [RNN + SMOTE @ 5x] Acc: 0.6667, F1: 0.6667, Time: 0.92s
    [=== Generating 10x synthetic data with SMOTE ===]
      -> [KNN + SMOTE @ 10x] Acc: 0.9767, F1: 0.9771, Time: 0.06s
      -> [RandomForest + SMOTE @ 10x] Acc: 0.9367, F1: 0.9367, Time: 3.59s
      -> [LinearSVC + SMOTE @ 10x] Acc: 0.6700, F1: 0.6682, Time: 0.21s
      -> [LogisticRegression + SMOTE @ 10x] Acc: 0.7167, F1: 0.7144, Time: 0.74s
      -> [RNN + SMOTE @ 10x] Acc: 0.6667, F1: 0.6667, Time: 1.35s
    [=== Generating 2x synthetic data with ADASYN ===]
      -> [KNN + ADASYN @ 2x] Acc: 0.9583, F1: 0.9591, Time: 0.02s
      -> [RandomForest + ADASYN @ 2x] Acc: 0.9333, F1: 0.9337, Time: 0.65s
      -> [LinearSVC + ADASYN @ 2x] Acc: 0.7167, F1: 0.7231, Time: 0.03s
      -> [LogisticRegression + ADASYN @ 2x] Acc: 0.7233, F1: 0.7309, Time: 0.09s
      -> [RNN + ADASYN @ 2x] Acc: 0.6667, F1: 0.5972, Time: 0.27s
    [=== Generating 3x synthetic data with ADASYN ===]
      -> [KNN + ADASYN @ 3x] Acc: 0.9700, F1: 0.9706, Time: 0.02s
      -> [RandomForest + ADASYN @ 3x] Acc: 0.9500, F1: 0.9503, Time: 0.95s
      -> [LinearSVC + ADASYN @ 3x] Acc: 0.7233, F1: 0.7283, Time: 0.04s
      -> [LogisticRegression + ADASYN @ 3x] Acc: 0.7100, F1: 0.7158, Time: 0.16s
      -> [RNN + ADASYN @ 3x] Acc: 0.5000, F1: 0.5079, Time: 0.46s
    [=== Generating 5x synthetic data with ADASYN ===]
      -> [KNN + ADASYN @ 5x] Acc: 0.9733, F1: 0.9740, Time: 0.03s
      -> [RandomForest + ADASYN @ 5x] Acc: 0.9417, F1: 0.9415, Time: 1.70s
      -> [LinearSVC + ADASYN @ 5x] Acc: 0.7283, F1: 0.7342, Time: 0.06s
      -> [LogisticRegression + ADASYN @ 5x] Acc: 0.7300, F1: 0.7321, Time: 0.28s
      -> [RNN + ADASYN @ 5x] Acc: 0.8333, F1: 0.7619, Time: 0.71s
    [=== Generating 10x synthetic data with ADASYN ===]
      -> [KNN + ADASYN @ 10x] Acc: 0.9767, F1: 0.9770, Time: 0.05s
      -> [RandomForest + ADASYN @ 10x] Acc: 0.9033, F1: 0.9056, Time: 3.60s
      -> [LinearSVC + ADASYN @ 10x] Acc: 0.7233, F1: 0.7294, Time: 0.20s
      -> [LogisticRegression + ADASYN @ 10x] Acc: 0.6983, F1: 0.7029, Time: 0.96s
      -> [RNN + ADASYN @ 10x] Acc: 0.8333, F1: 0.8444, Time: 1.45s
    [=== Generating 2x synthetic data with Mixup ===]
      -> [KNN + Mixup @ 2x] Acc: 0.9633, F1: 0.9639, Time: 0.01s
      -> [RandomForest + Mixup @ 2x] Acc: 0.9450, F1: 0.9449, Time: 0.57s
      -> [LinearSVC + Mixup @ 2x] Acc: 0.6567, F1: 0.6564, Time: 0.03s
      -> [LogisticRegression + Mixup @ 2x] Acc: 0.6733, F1: 0.6756, Time: 0.09s
      -> [RNN + Mixup @ 2x] Acc: 0.6667, F1: 0.5972, Time: 0.33s
    [=== Generating 3x synthetic data with Mixup ===]
      -> [KNN + Mixup @ 3x] Acc: 0.9483, F1: 0.9491, Time: 0.02s
      -> [RandomForest + Mixup @ 3x] Acc: 0.9467, F1: 0.9467, Time: 0.88s
      -> [LinearSVC + Mixup @ 3x] Acc: 0.6550, F1: 0.6549, Time: 0.04s
      -> [LogisticRegression + Mixup @ 3x] Acc: 0.6683, F1: 0.6695, Time: 0.12s
      -> [RNN + Mixup @ 3x] Acc: 0.6667, F1: 0.5972, Time: 0.49s
    [=== Generating 5x synthetic data with Mixup ===]
      -> [KNN + Mixup @ 5x] Acc: 0.9500, F1: 0.9509, Time: 0.02s
      -> [RandomForest + Mixup @ 5x] Acc: 0.9300, F1: 0.9301, Time: 1.53s
      -> [LinearSVC + Mixup @ 5x] Acc: 0.6583, F1: 0.6584, Time: 0.08s
      -> [LogisticRegression + Mixup @ 5x] Acc: 0.6800, F1: 0.6807, Time: 0.26s
      -> [RNN + Mixup @ 5x] Acc: 0.3333, F1: 0.2222, Time: 0.75s
    [=== Generating 10x synthetic data with Mixup ===]
      -> [KNN + Mixup @ 10x] Acc: 0.9783, F1: 0.9786, Time: 0.06s
      -> [RandomForest + Mixup @ 10x] Acc: 0.9217, F1: 0.9212, Time: 3.35s
      -> [LinearSVC + Mixup @ 10x] Acc: 0.6617, F1: 0.6617, Time: 0.31s
      -> [LogisticRegression + Mixup @ 10x] Acc: 0.7033, F1: 0.7032, Time: 0.94s
      -> [RNN + Mixup @ 10x] Acc: 0.6667, F1: 0.5972, Time: 1.61s
    [=== Generating 2x synthetic data with GMM ===]
      -> [KNN + GMM @ 2x] Acc: 0.9733, F1: 0.9739, Time: 0.02s
      -> [RandomForest + GMM @ 2x] Acc: 0.9517, F1: 0.9515, Time: 0.67s
      -> [LinearSVC + GMM @ 2x] Acc: 0.6617, F1: 0.6634, Time: 0.02s
      -> [LogisticRegression + GMM @ 2x] Acc: 0.6667, F1: 0.6680, Time: 0.05s
      -> [RNN + GMM @ 2x] Acc: 0.8333, F1: 0.7619, Time: 0.30s
    [=== Generating 3x synthetic data with GMM ===]
      -> [KNN + GMM @ 3x] Acc: 0.9700, F1: 0.9705, Time: 0.02s
      -> [RandomForest + GMM @ 3x] Acc: 0.9450, F1: 0.9447, Time: 1.02s
      -> [LinearSVC + GMM @ 3x] Acc: 0.6517, F1: 0.6532, Time: 0.03s
      -> [LogisticRegression + GMM @ 3x] Acc: 0.6583, F1: 0.6586, Time: 0.08s
      -> [RNN + GMM @ 3x] Acc: 0.6667, F1: 0.6667, Time: 0.46s
    [=== Generating 5x synthetic data with GMM ===]
      -> [KNN + GMM @ 5x] Acc: 0.9567, F1: 0.9581, Time: 0.04s
      -> [RandomForest + GMM @ 5x] Acc: 0.9250, F1: 0.9241, Time: 1.79s
      -> [LinearSVC + GMM @ 5x] Acc: 0.6367, F1: 0.6432, Time: 0.06s
      -> [LogisticRegression + GMM @ 5x] Acc: 0.6583, F1: 0.6595, Time: 0.14s
      -> [RNN + GMM @ 5x] Acc: 0.8333, F1: 0.8175, Time: 0.89s
    [=== Generating 10x synthetic data with GMM ===]
      -> [KNN + GMM @ 10x] Acc: 0.9517, F1: 0.9534, Time: 0.10s
      -> [RandomForest + GMM @ 10x] Acc: 0.9450, F1: 0.9446, Time: 4.42s
      -> [LinearSVC + GMM @ 10x] Acc: 0.6033, F1: 0.6143, Time: 0.32s
      -> [LogisticRegression + GMM @ 10x] Acc: 0.6517, F1: 0.6523, Time: 0.39s
      -> [RNN + GMM @ 10x] Acc: 0.6667, F1: 0.6667, Time: 1.92s
    [=== Generating 2x synthetic data with HMM_GMM ===]
      -> [KNN + HMM_GMM @ 2x] Acc: 0.9433, F1: 0.9444, Time: 0.02s
      -> [RandomForest + HMM_GMM @ 2x] Acc: 0.9500, F1: 0.9501, Time: 0.54s
      -> [LinearSVC + HMM_GMM @ 2x] Acc: 0.4900, F1: 0.4886, Time: 0.02s
      -> [LogisticRegression + HMM_GMM @ 2x] Acc: 0.6550, F1: 0.6565, Time: 0.02s
      -> [RNN + HMM_GMM @ 2x] Acc: 0.8333, F1: 0.7619, Time: 0.34s
    [=== Generating 3x synthetic data with HMM_GMM ===]
      -> [KNN + HMM_GMM @ 3x] Acc: 0.9433, F1: 0.9444, Time: 0.02s
      -> [RandomForest + HMM_GMM @ 3x] Acc: 0.9467, F1: 0.9465, Time: 0.59s
      -> [LinearSVC + HMM_GMM @ 3x] Acc: 0.4833, F1: 0.4811, Time: 0.03s
      -> [LogisticRegression + HMM_GMM @ 3x] Acc: 0.6633, F1: 0.6642, Time: 0.03s
      -> [RNN + HMM_GMM @ 3x] Acc: 0.6667, F1: 0.6667, Time: 0.56s
    [=== Generating 5x synthetic data with HMM_GMM ===]
      -> [KNN + HMM_GMM @ 5x] Acc: 0.9433, F1: 0.9444, Time: 0.05s
      -> [RandomForest + HMM_GMM @ 5x] Acc: 0.9400, F1: 0.9401, Time: 0.73s
      -> [LinearSVC + HMM_GMM @ 5x] Acc: 0.4917, F1: 0.4905, Time: 0.04s
      -> [LogisticRegression + HMM_GMM @ 5x] Acc: 0.6783, F1: 0.6766, Time: 0.06s
      -> [RNN + HMM_GMM @ 5x] Acc: 0.5000, F1: 0.5056, Time: 0.97s
    [=== Generating 10x synthetic data with HMM_GMM ===]
      -> [KNN + HMM_GMM @ 10x] Acc: 0.9433, F1: 0.9444, Time: 0.09s
      -> [RandomForest + HMM_GMM @ 10x] Acc: 0.9317, F1: 0.9314, Time: 1.13s
      -> [LinearSVC + HMM_GMM @ 10x] Acc: 0.5000, F1: 0.5015, Time: 0.17s
      -> [LogisticRegression + HMM_GMM @ 10x] Acc: 0.6917, F1: 0.6889, Time: 0.12s
      -> [RNN + HMM_GMM @ 10x] Acc: 0.5000, F1: 0.5056, Time: 1.51s
    [=== Generating 2x synthetic data with TimeVAE ===]
      -> [KNN + TimeVAE @ 2x] Acc: 0.9433, F1: 0.9444, Time: 0.02s
      -> [RandomForest + TimeVAE @ 2x] Acc: 0.9433, F1: 0.9436, Time: 0.55s
      -> [LinearSVC + TimeVAE @ 2x] Acc: 0.6650, F1: 0.6646, Time: 0.03s
      -> [LogisticRegression + TimeVAE @ 2x] Acc: 0.6800, F1: 0.6830, Time: 0.06s
      -> [RNN + TimeVAE @ 2x] Acc: 0.8333, F1: 0.7619, Time: 0.30s
    [=== Generating 3x synthetic data with TimeVAE ===]
      -> [KNN + TimeVAE @ 3x] Acc: 0.9433, F1: 0.9444, Time: 0.02s
      -> [RandomForest + TimeVAE @ 3x] Acc: 0.9367, F1: 0.9362, Time: 0.79s
      -> [LinearSVC + TimeVAE @ 3x] Acc: 0.6733, F1: 0.6747, Time: 0.03s
      -> [LogisticRegression + TimeVAE @ 3x] Acc: 0.7067, F1: 0.7116, Time: 0.11s
      -> [RNN + TimeVAE @ 3x] Acc: 0.6667, F1: 0.5972, Time: 0.56s
    [=== Generating 5x synthetic data with TimeVAE ===]
      -> [KNN + TimeVAE @ 5x] Acc: 0.9433, F1: 0.9444, Time: 0.03s
      -> [RandomForest + TimeVAE @ 5x] Acc: 0.9433, F1: 0.9429, Time: 1.41s
      -> [LinearSVC + TimeVAE @ 5x] Acc: 0.7167, F1: 0.7226, Time: 0.06s
      -> [LogisticRegression + TimeVAE @ 5x] Acc: 0.7317, F1: 0.7387, Time: 0.16s
      -> [RNN + TimeVAE @ 5x] Acc: 0.6667, F1: 0.6667, Time: 0.86s
    [=== Generating 10x synthetic data with TimeVAE ===]
      -> [KNN + TimeVAE @ 10x] Acc: 0.9433, F1: 0.9444, Time: 0.07s
      -> [RandomForest + TimeVAE @ 10x] Acc: 0.9283, F1: 0.9280, Time: 3.00s
      -> [LinearSVC + TimeVAE @ 10x] Acc: 0.6233, F1: 0.6354, Time: 0.22s
      -> [LogisticRegression + TimeVAE @ 10x] Acc: 0.7167, F1: 0.7213, Time: 0.45s
      -> [RNN + TimeVAE @ 10x] Acc: 0.5000, F1: 0.5079, Time: 1.73s

    >> Seed Fold Selection: 3/10
    Evaluating Model: KNN
      -> [Baseline] Acc: 0.9567, F1: 0.9570, Time: 0.01s
      HP Tuning KNN...
n_iterations: 3
n_required_iterations: 3
n_possible_iterations: 5
min_resources_: 30
max_resources_: 4700
aggressive_elimination: False
factor: 3
----------
iter: 0
n_candidates: 20
n_resources: 30
Fitting 5 folds for each of 20 candidates, totalling 100 fits
----------
iter: 1
n_candidates: 7
n_resources: 90
Fitting 5 folds for each of 7 candidates, totalling 35 fits
----------
iter: 2
n_candidates: 3
n_resources: 270
Fitting 5 folds for each of 3 candidates, totalling 15 fits
      -> [Tuned_Baseline] Acc: 0.9567, F1: 0.9570, Time: 0.00s
    Evaluating Model: RandomForest
      -> [Baseline] Acc: 0.9417, F1: 0.9416, Time: 0.73s
      HP Tuning RandomForest...
n_iterations: 3
n_required_iterations: 3
n_possible_iterations: 5
min_resources_: 30
max_resources_: 4700
aggressive_elimination: False
factor: 3
----------
iter: 0
n_candidates: 20
n_resources: 30
Fitting 5 folds for each of 20 candidates, totalling 100 fits
----------
iter: 1
n_candidates: 7
n_resources: 90
Fitting 5 folds for each of 7 candidates, totalling 35 fits
----------
iter: 2
n_candidates: 3
n_resources: 270
Fitting 5 folds for each of 3 candidates, totalling 15 fits
      -> [Tuned_Baseline] Acc: 0.9433, F1: 0.9433, Time: 0.00s
    Evaluating Model: LinearSVC
      -> [Baseline] Acc: 0.6767, F1: 0.6757, Time: 0.01s
      HP Tuning LinearSVC...
n_iterations: 3
n_required_iterations: 3
n_possible_iterations: 5
min_resources_: 30
max_resources_: 4700
aggressive_elimination: False
factor: 3
----------
iter: 0
n_candidates: 20
n_resources: 30
Fitting 5 folds for each of 20 candidates, totalling 100 fits
----------
iter: 1
n_candidates: 7
n_resources: 90
Fitting 5 folds for each of 7 candidates, totalling 35 fits
----------
iter: 2
n_candidates: 3
n_resources: 270
Fitting 5 folds for each of 3 candidates, totalling 15 fits
      -> [Tuned_Baseline] Acc: 0.6767, F1: 0.6757, Time: 0.00s
    Evaluating Model: LogisticRegression
      -> [Baseline] Acc: 0.7033, F1: 0.7009, Time: 0.04s
      HP Tuning LogisticRegression...
n_iterations: 3
n_required_iterations: 3
n_possible_iterations: 5
min_resources_: 30
max_resources_: 4700
aggressive_elimination: False
factor: 3
----------
iter: 0
n_candidates: 12
n_resources: 30
Fitting 5 folds for each of 12 candidates, totalling 60 fits
----------
iter: 1
n_candidates: 4
n_resources: 90
Fitting 5 folds for each of 4 candidates, totalling 20 fits
----------
iter: 2
n_candidates: 2
n_resources: 270
Fitting 5 folds for each of 2 candidates, totalling 10 fits
      -> [Tuned_Baseline] Acc: 0.7183, F1: 0.7169, Time: 0.00s
    Evaluating Model: RNN
      -> [Baseline] Acc: 0.8333, F1: 0.7619, Time: 0.24s
      -> [Tuned_Baseline] Acc: 0.8333, F1: 0.7619, Time: 0.00s
    [=== Generating 2x synthetic data with Jittering ===]
      -> [KNN + Jittering @ 2x] Acc: 0.9600, F1: 0.9603, Time: 0.02s
      -> [RandomForest + Jittering @ 2x] Acc: 0.9467, F1: 0.9466, Time: 0.69s
      -> [LinearSVC + Jittering @ 2x] Acc: 0.6767, F1: 0.6757, Time: 0.76s
      -> [LogisticRegression + Jittering @ 2x] Acc: 0.7150, F1: 0.7135, Time: 0.12s
      -> [RNN + Jittering @ 2x] Acc: 0.8333, F1: 0.7619, Time: 0.44s
    [=== Generating 3x synthetic data with Jittering ===]
      -> [KNN + Jittering @ 3x] Acc: 0.9567, F1: 0.9569, Time: 0.03s
      -> [RandomForest + Jittering @ 3x] Acc: 0.9433, F1: 0.9433, Time: 1.06s
      -> [LinearSVC + Jittering @ 3x] Acc: 0.6783, F1: 0.6775, Time: 1.25s
      -> [LogisticRegression + Jittering @ 3x] Acc: 0.7117, F1: 0.7098, Time: 0.14s
      -> [RNN + Jittering @ 3x] Acc: 0.8333, F1: 0.7619, Time: 0.61s
    [=== Generating 5x synthetic data with Jittering ===]
      -> [KNN + Jittering @ 5x] Acc: 0.9567, F1: 0.9569, Time: 0.05s
      -> [RandomForest + Jittering @ 5x] Acc: 0.9450, F1: 0.9451, Time: 1.85s
      -> [LinearSVC + Jittering @ 5x] Acc: 0.6783, F1: 0.6775, Time: 3.11s
      -> [LogisticRegression + Jittering @ 5x] Acc: 0.7100, F1: 0.7083, Time: 0.27s
      -> [RNN + Jittering @ 5x] Acc: 0.8333, F1: 0.8175, Time: 0.88s
    [=== Generating 10x synthetic data with Jittering ===]
      -> [KNN + Jittering @ 10x] Acc: 0.9567, F1: 0.9569, Time: 0.06s
      -> [RandomForest + Jittering @ 10x] Acc: 0.9550, F1: 0.9549, Time: 3.93s
      -> [LinearSVC + Jittering @ 10x] Acc: 0.6767, F1: 0.6755, Time: 7.43s
      -> [LogisticRegression + Jittering @ 10x] Acc: 0.7100, F1: 0.7078, Time: 0.68s
      -> [RNN + Jittering @ 10x] Acc: 0.8333, F1: 0.8444, Time: 1.67s
    [=== Generating 2x synthetic data with Scaling ===]
      -> [KNN + Scaling @ 2x] Acc: 0.9600, F1: 0.9603, Time: 0.02s
      -> [RandomForest + Scaling @ 2x] Acc: 0.9467, F1: 0.9463, Time: 0.65s
      -> [LinearSVC + Scaling @ 2x] Acc: 0.6933, F1: 0.6917, Time: 0.36s
      -> [LogisticRegression + Scaling @ 2x] Acc: 0.7283, F1: 0.7248, Time: 0.07s
      -> [RNN + Scaling @ 2x] Acc: 0.8333, F1: 0.7619, Time: 0.28s
    [=== Generating 3x synthetic data with Scaling ===]
      -> [KNN + Scaling @ 3x] Acc: 0.9567, F1: 0.9569, Time: 0.02s
      -> [RandomForest + Scaling @ 3x] Acc: 0.9517, F1: 0.9518, Time: 0.97s
      -> [LinearSVC + Scaling @ 3x] Acc: 0.6650, F1: 0.6659, Time: 0.38s
      -> [LogisticRegression + Scaling @ 3x] Acc: 0.6933, F1: 0.6926, Time: 0.11s
      -> [RNN + Scaling @ 3x] Acc: 0.8333, F1: 0.8175, Time: 0.53s
    [=== Generating 5x synthetic data with Scaling ===]
      -> [KNN + Scaling @ 5x] Acc: 0.9617, F1: 0.9619, Time: 0.03s
      -> [RandomForest + Scaling @ 5x] Acc: 0.9483, F1: 0.9482, Time: 1.73s
      -> [LinearSVC + Scaling @ 5x] Acc: 0.6667, F1: 0.6663, Time: 1.49s
      -> [LogisticRegression + Scaling @ 5x] Acc: 0.6733, F1: 0.6719, Time: 0.22s
      -> [RNN + Scaling @ 5x] Acc: 0.8333, F1: 0.8175, Time: 0.94s
    [=== Generating 10x synthetic data with Scaling ===]
      -> [KNN + Scaling @ 10x] Acc: 0.9617, F1: 0.9619, Time: 0.09s
      -> [RandomForest + Scaling @ 10x] Acc: 0.9567, F1: 0.9564, Time: 3.80s
      -> [LinearSVC + Scaling @ 10x] Acc: 0.6683, F1: 0.6676, Time: 2.97s
      -> [LogisticRegression + Scaling @ 10x] Acc: 0.6767, F1: 0.6749, Time: 0.53s
      -> [RNN + Scaling @ 10x] Acc: 0.8333, F1: 0.8175, Time: 1.84s
    [=== Generating 2x synthetic data with Magnitude_Warping ===]
      -> [KNN + Magnitude_Warping @ 2x] Acc: 0.9583, F1: 0.9586, Time: 0.02s
      -> [RandomForest + Magnitude_Warping @ 2x] Acc: 0.9433, F1: 0.9432, Time: 0.69s
      -> [LinearSVC + Magnitude_Warping @ 2x] Acc: 0.6867, F1: 0.6854, Time: 0.12s
      -> [LogisticRegression + Magnitude_Warping @ 2x] Acc: 0.6983, F1: 0.6946, Time: 0.05s
      -> [RNN + Magnitude_Warping @ 2x] Acc: 0.8333, F1: 0.7619, Time: 0.33s
    [=== Generating 3x synthetic data with Magnitude_Warping ===]
      -> [KNN + Magnitude_Warping @ 3x] Acc: 0.9533, F1: 0.9538, Time: 0.03s
      -> [RandomForest + Magnitude_Warping @ 3x] Acc: 0.9567, F1: 0.9562, Time: 1.09s
      -> [LinearSVC + Magnitude_Warping @ 3x] Acc: 0.6800, F1: 0.6774, Time: 0.18s
      -> [LogisticRegression + Magnitude_Warping @ 3x] Acc: 0.7000, F1: 0.6952, Time: 0.06s
      -> [RNN + Magnitude_Warping @ 3x] Acc: 0.6667, F1: 0.6667, Time: 0.54s
    [=== Generating 5x synthetic data with Magnitude_Warping ===]
      -> [KNN + Magnitude_Warping @ 5x] Acc: 0.9567, F1: 0.9570, Time: 0.03s
      -> [RandomForest + Magnitude_Warping @ 5x] Acc: 0.9433, F1: 0.9436, Time: 1.83s
      -> [LinearSVC + Magnitude_Warping @ 5x] Acc: 0.6933, F1: 0.6903, Time: 0.28s
      -> [LogisticRegression + Magnitude_Warping @ 5x] Acc: 0.6983, F1: 0.6940, Time: 0.11s
      -> [RNN + Magnitude_Warping @ 5x] Acc: 0.6667, F1: 0.6667, Time: 0.75s
    [=== Generating 10x synthetic data with Magnitude_Warping ===]
      -> [KNN + Magnitude_Warping @ 10x] Acc: 0.9483, F1: 0.9490, Time: 0.06s
      -> [RandomForest + Magnitude_Warping @ 10x] Acc: 0.9617, F1: 0.9616, Time: 4.22s
      -> [LinearSVC + Magnitude_Warping @ 10x] Acc: 0.6933, F1: 0.6901, Time: 0.85s
      -> [LogisticRegression + Magnitude_Warping @ 10x] Acc: 0.7000, F1: 0.6954, Time: 0.25s
      -> [RNN + Magnitude_Warping @ 10x] Acc: 0.8333, F1: 0.8444, Time: 1.41s
    [=== Generating 2x synthetic data with Time_Warping ===]
      -> [KNN + Time_Warping @ 2x] Acc: 0.9567, F1: 0.9570, Time: 0.02s
      -> [RandomForest + Time_Warping @ 2x] Acc: 0.9417, F1: 0.9416, Time: 0.64s
      -> [LinearSVC + Time_Warping @ 2x] Acc: 0.5983, F1: 0.6028, Time: 0.05s
      -> [LogisticRegression + Time_Warping @ 2x] Acc: 0.6600, F1: 0.6593, Time: 0.04s
      -> [RNN + Time_Warping @ 2x] Acc: 0.8333, F1: 0.7619, Time: 0.30s
    [=== Generating 3x synthetic data with Time_Warping ===]
      -> [KNN + Time_Warping @ 3x] Acc: 0.9483, F1: 0.9485, Time: 0.02s
      -> [RandomForest + Time_Warping @ 3x] Acc: 0.9267, F1: 0.9266, Time: 1.01s
      -> [LinearSVC + Time_Warping @ 3x] Acc: 0.5450, F1: 0.5527, Time: 0.06s
      -> [LogisticRegression + Time_Warping @ 3x] Acc: 0.6517, F1: 0.6505, Time: 0.04s
      -> [RNN + Time_Warping @ 3x] Acc: 0.8333, F1: 0.7619, Time: 0.45s
    [=== Generating 5x synthetic data with Time_Warping ===]
      -> [KNN + Time_Warping @ 5x] Acc: 0.9567, F1: 0.9570, Time: 0.04s
      -> [RandomForest + Time_Warping @ 5x] Acc: 0.9350, F1: 0.9348, Time: 1.81s
      -> [LinearSVC + Time_Warping @ 5x] Acc: 0.5867, F1: 0.5905, Time: 0.11s
      -> [LogisticRegression + Time_Warping @ 5x] Acc: 0.6600, F1: 0.6610, Time: 0.05s
      -> [RNN + Time_Warping @ 5x] Acc: 0.8333, F1: 0.8175, Time: 0.78s
    [=== Generating 10x synthetic data with Time_Warping ===]
      -> [KNN + Time_Warping @ 10x] Acc: 0.9550, F1: 0.9553, Time: 0.08s
      -> [RandomForest + Time_Warping @ 10x] Acc: 0.9350, F1: 0.9350, Time: 4.17s
      -> [LinearSVC + Time_Warping @ 10x] Acc: 0.6183, F1: 0.6174, Time: 0.36s
      -> [LogisticRegression + Time_Warping @ 10x] Acc: 0.6717, F1: 0.6749, Time: 0.14s
      -> [RNN + Time_Warping @ 10x] Acc: 0.8333, F1: 0.8175, Time: 1.47s
    [=== Generating 2x synthetic data with SMOTE ===]
      -> [KNN + SMOTE @ 2x] Acc: 0.9600, F1: 0.9603, Time: 0.01s
      -> [RandomForest + SMOTE @ 2x] Acc: 0.9467, F1: 0.9468, Time: 0.62s
      -> [LinearSVC + SMOTE @ 2x] Acc: 0.6700, F1: 0.6683, Time: 0.95s
      -> [LogisticRegression + SMOTE @ 2x] Acc: 0.7067, F1: 0.7061, Time: 0.09s
      -> [RNN + SMOTE @ 2x] Acc: 0.8333, F1: 0.7619, Time: 0.27s
    [=== Generating 3x synthetic data with SMOTE ===]
      -> [KNN + SMOTE @ 3x] Acc: 0.9667, F1: 0.9670, Time: 0.02s
      -> [RandomForest + SMOTE @ 3x] Acc: 0.9350, F1: 0.9349, Time: 0.95s
      -> [LinearSVC + SMOTE @ 3x] Acc: 0.6700, F1: 0.6690, Time: 1.45s
      -> [LogisticRegression + SMOTE @ 3x] Acc: 0.7050, F1: 0.7048, Time: 0.14s
      -> [RNN + SMOTE @ 3x] Acc: 0.8333, F1: 0.7619, Time: 0.50s
    [=== Generating 5x synthetic data with SMOTE ===]
      -> [KNN + SMOTE @ 5x] Acc: 0.9650, F1: 0.9652, Time: 0.04s
      -> [RandomForest + SMOTE @ 5x] Acc: 0.9517, F1: 0.9517, Time: 1.73s
      -> [LinearSVC + SMOTE @ 5x] Acc: 0.7000, F1: 0.6979, Time: 2.78s
      -> [LogisticRegression + SMOTE @ 5x] Acc: 0.7717, F1: 0.7651, Time: 0.23s
      -> [RNN + SMOTE @ 5x] Acc: 1.0000, F1: 1.0000, Time: 0.88s
    [=== Generating 10x synthetic data with SMOTE ===]
      -> [KNN + SMOTE @ 10x] Acc: 0.9617, F1: 0.9619, Time: 0.07s
      -> [RandomForest + SMOTE @ 10x] Acc: 0.9483, F1: 0.9484, Time: 3.90s
      -> [LinearSVC + SMOTE @ 10x] Acc: 0.6867, F1: 0.6823, Time: 9.14s
      -> [LogisticRegression + SMOTE @ 10x] Acc: 0.7400, F1: 0.7356, Time: 0.78s
      -> [RNN + SMOTE @ 10x] Acc: 0.8333, F1: 0.8444, Time: 1.32s
    [=== Generating 2x synthetic data with ADASYN ===]
      -> [KNN + ADASYN @ 2x] Acc: 0.9633, F1: 0.9636, Time: 0.01s
      -> [RandomForest + ADASYN @ 2x] Acc: 0.9500, F1: 0.9501, Time: 0.72s
      -> [LinearSVC + ADASYN @ 2x] Acc: 0.6933, F1: 0.6940, Time: 0.92s
      -> [LogisticRegression + ADASYN @ 2x] Acc: 0.7417, F1: 0.7437, Time: 0.09s
      -> [RNN + ADASYN @ 2x] Acc: 0.8333, F1: 0.7619, Time: 0.34s
    [=== Generating 3x synthetic data with ADASYN ===]
      -> [KNN + ADASYN @ 3x] Acc: 0.9617, F1: 0.9619, Time: 0.02s
      -> [RandomForest + ADASYN @ 3x] Acc: 0.9300, F1: 0.9299, Time: 1.00s
      -> [LinearSVC + ADASYN @ 3x] Acc: 0.7067, F1: 0.7111, Time: 1.25s
      -> [LogisticRegression + ADASYN @ 3x] Acc: 0.7217, F1: 0.7235, Time: 0.15s
      -> [RNN + ADASYN @ 3x] Acc: 0.6667, F1: 0.6667, Time: 0.38s
    [=== Generating 5x synthetic data with ADASYN ===]
      -> [KNN + ADASYN @ 5x] Acc: 0.9617, F1: 0.9619, Time: 0.04s
      -> [RandomForest + ADASYN @ 5x] Acc: 0.9517, F1: 0.9509, Time: 1.89s
      -> [LinearSVC + ADASYN @ 5x] Acc: 0.7433, F1: 0.7494, Time: 2.95s
      -> [LogisticRegression + ADASYN @ 5x] Acc: 0.7517, F1: 0.7547, Time: 0.30s
      -> [RNN + ADASYN @ 5x] Acc: 0.6667, F1: 0.5972, Time: 0.67s
    [=== Generating 10x synthetic data with ADASYN ===]
      -> [KNN + ADASYN @ 10x] Acc: 0.9600, F1: 0.9602, Time: 0.05s
      -> [RandomForest + ADASYN @ 10x] Acc: 0.9300, F1: 0.9300, Time: 4.06s
      -> [LinearSVC + ADASYN @ 10x] Acc: 0.7300, F1: 0.7362, Time: 8.40s
      -> [LogisticRegression + ADASYN @ 10x] Acc: 0.7067, F1: 0.7122, Time: 1.03s
      -> [RNN + ADASYN @ 10x] Acc: 0.8333, F1: 0.8444, Time: 1.46s
    [=== Generating 2x synthetic data with Mixup ===]
      -> [KNN + Mixup @ 2x] Acc: 0.9583, F1: 0.9587, Time: 0.01s
      -> [RandomForest + Mixup @ 2x] Acc: 0.9400, F1: 0.9401, Time: 0.65s
      -> [LinearSVC + Mixup @ 2x] Acc: 0.6467, F1: 0.6450, Time: 0.83s
      -> [LogisticRegression + Mixup @ 2x] Acc: 0.6667, F1: 0.6668, Time: 0.10s
      -> [RNN + Mixup @ 2x] Acc: 0.8333, F1: 0.7619, Time: 0.29s
    [=== Generating 3x synthetic data with Mixup ===]
      -> [KNN + Mixup @ 3x] Acc: 0.9567, F1: 0.9569, Time: 0.02s
      -> [RandomForest + Mixup @ 3x] Acc: 0.9233, F1: 0.9227, Time: 0.89s
      -> [LinearSVC + Mixup @ 3x] Acc: 0.6917, F1: 0.6903, Time: 1.30s
      -> [LogisticRegression + Mixup @ 3x] Acc: 0.7300, F1: 0.7283, Time: 0.12s
      -> [RNN + Mixup @ 3x] Acc: 0.8333, F1: 0.8444, Time: 0.46s
    [=== Generating 5x synthetic data with Mixup ===]
      -> [KNN + Mixup @ 5x] Acc: 0.9600, F1: 0.9602, Time: 0.02s
      -> [RandomForest + Mixup @ 5x] Acc: 0.9250, F1: 0.9247, Time: 1.63s
      -> [LinearSVC + Mixup @ 5x] Acc: 0.6617, F1: 0.6605, Time: 2.56s
      -> [LogisticRegression + Mixup @ 5x] Acc: 0.7067, F1: 0.7059, Time: 0.29s
      -> [RNN + Mixup @ 5x] Acc: 0.6667, F1: 0.6667, Time: 0.73s
    [=== Generating 10x synthetic data with Mixup ===]
      -> [KNN + Mixup @ 10x] Acc: 0.9583, F1: 0.9585, Time: 0.06s
      -> [RandomForest + Mixup @ 10x] Acc: 0.9217, F1: 0.9215, Time: 3.81s
      -> [LinearSVC + Mixup @ 10x] Acc: 0.6783, F1: 0.6781, Time: 8.47s
      -> [LogisticRegression + Mixup @ 10x] Acc: 0.7133, F1: 0.7121, Time: 0.67s
      -> [RNN + Mixup @ 10x] Acc: 0.8333, F1: 0.8175, Time: 1.49s
    [=== Generating 2x synthetic data with GMM ===]
      -> [KNN + GMM @ 2x] Acc: 0.9600, F1: 0.9603, Time: 0.01s
      -> [RandomForest + GMM @ 2x] Acc: 0.9367, F1: 0.9362, Time: 0.74s
      -> [LinearSVC + GMM @ 2x] Acc: 0.6750, F1: 0.6753, Time: 0.20s
      -> [LogisticRegression + GMM @ 2x] Acc: 0.7067, F1: 0.7044, Time: 0.06s
      -> [RNN + GMM @ 2x] Acc: 0.8333, F1: 0.7619, Time: 0.31s
    [=== Generating 3x synthetic data with GMM ===]
      -> [KNN + GMM @ 3x] Acc: 0.9583, F1: 0.9587, Time: 0.03s
      -> [RandomForest + GMM @ 3x] Acc: 0.9517, F1: 0.9515, Time: 1.16s
      -> [LinearSVC + GMM @ 3x] Acc: 0.6717, F1: 0.6719, Time: 0.32s
      -> [LogisticRegression + GMM @ 3x] Acc: 0.6967, F1: 0.6950, Time: 0.11s
      -> [RNN + GMM @ 3x] Acc: 0.8333, F1: 0.7619, Time: 0.54s
    [=== Generating 5x synthetic data with GMM ===]
      -> [KNN + GMM @ 5x] Acc: 0.9550, F1: 0.9557, Time: 0.05s
      -> [RandomForest + GMM @ 5x] Acc: 0.9517, F1: 0.9514, Time: 2.05s
      -> [LinearSVC + GMM @ 5x] Acc: 0.6683, F1: 0.6691, Time: 0.61s
      -> [LogisticRegression + GMM @ 5x] Acc: 0.6883, F1: 0.6868, Time: 0.12s
      -> [RNN + GMM @ 5x] Acc: 0.5000, F1: 0.5079, Time: 0.81s
    [=== Generating 10x synthetic data with GMM ===]
      -> [KNN + GMM @ 10x] Acc: 0.9567, F1: 0.9572, Time: 0.06s
      -> [RandomForest + GMM @ 10x] Acc: 0.9533, F1: 0.9531, Time: 5.03s
      -> [LinearSVC + GMM @ 10x] Acc: 0.6750, F1: 0.6758, Time: 1.95s
      -> [LogisticRegression + GMM @ 10x] Acc: 0.6917, F1: 0.6890, Time: 0.37s
      -> [RNN + GMM @ 10x] Acc: 0.8333, F1: 0.8175, Time: 1.93s
    [=== Generating 2x synthetic data with HMM_GMM ===]
      -> [KNN + HMM_GMM @ 2x] Acc: 0.9567, F1: 0.9570, Time: 0.01s
      -> [RandomForest + HMM_GMM @ 2x] Acc: 0.9417, F1: 0.9417, Time: 0.55s
      -> [LinearSVC + HMM_GMM @ 2x] Acc: 0.5067, F1: 0.5001, Time: 0.03s
      -> [LogisticRegression + HMM_GMM @ 2x] Acc: 0.6683, F1: 0.6682, Time: 0.02s
      -> [RNN + HMM_GMM @ 2x] Acc: 0.8333, F1: 0.7619, Time: 0.36s
    [=== Generating 3x synthetic data with HMM_GMM ===]
      -> [KNN + HMM_GMM @ 3x] Acc: 0.9567, F1: 0.9570, Time: 0.02s
      -> [RandomForest + HMM_GMM @ 3x] Acc: 0.9433, F1: 0.9435, Time: 0.63s
      -> [LinearSVC + HMM_GMM @ 3x] Acc: 0.4900, F1: 0.4855, Time: 0.04s
      -> [LogisticRegression + HMM_GMM @ 3x] Acc: 0.6783, F1: 0.6766, Time: 0.03s
      -> [RNN + HMM_GMM @ 3x] Acc: 1.0000, F1: 1.0000, Time: 0.52s
    [=== Generating 5x synthetic data with HMM_GMM ===]
      -> [KNN + HMM_GMM @ 5x] Acc: 0.9567, F1: 0.9570, Time: 0.04s
      -> [RandomForest + HMM_GMM @ 5x] Acc: 0.9483, F1: 0.9483, Time: 0.86s
      -> [LinearSVC + HMM_GMM @ 5x] Acc: 0.4850, F1: 0.4820, Time: 0.11s
      -> [LogisticRegression + HMM_GMM @ 5x] Acc: 0.7167, F1: 0.7130, Time: 0.05s
      -> [RNN + HMM_GMM @ 5x] Acc: 0.8333, F1: 0.8444, Time: 0.92s
    [=== Generating 10x synthetic data with HMM_GMM ===]
      -> [KNN + HMM_GMM @ 10x] Acc: 0.9567, F1: 0.9570, Time: 0.07s
      -> [RandomForest + HMM_GMM @ 10x] Acc: 0.9367, F1: 0.9365, Time: 1.17s
      -> [LinearSVC + HMM_GMM @ 10x] Acc: 0.4833, F1: 0.4795, Time: 0.25s
      -> [LogisticRegression + HMM_GMM @ 10x] Acc: 0.7200, F1: 0.7162, Time: 0.11s
      -> [RNN + HMM_GMM @ 10x] Acc: 0.8333, F1: 0.8175, Time: 1.56s
    [=== Generating 2x synthetic data with TimeVAE ===]
      -> [KNN + TimeVAE @ 2x] Acc: 0.9567, F1: 0.9570, Time: 0.01s
      -> [RandomForest + TimeVAE @ 2x] Acc: 0.9450, F1: 0.9448, Time: 0.59s
      -> [LinearSVC + TimeVAE @ 2x] Acc: 0.6967, F1: 0.6986, Time: 0.53s
      -> [LogisticRegression + TimeVAE @ 2x] Acc: 0.7250, F1: 0.7281, Time: 0.09s
      -> [RNN + TimeVAE @ 2x] Acc: 0.8333, F1: 0.7619, Time: 0.36s
    [=== Generating 3x synthetic data with TimeVAE ===]
      -> [KNN + TimeVAE @ 3x] Acc: 0.9567, F1: 0.9570, Time: 0.02s
      -> [RandomForest + TimeVAE @ 3x] Acc: 0.9417, F1: 0.9414, Time: 0.84s
      -> [LinearSVC + TimeVAE @ 3x] Acc: 0.6900, F1: 0.6921, Time: 0.42s
      -> [LogisticRegression + TimeVAE @ 3x] Acc: 0.7050, F1: 0.7097, Time: 0.12s
      -> [RNN + TimeVAE @ 3x] Acc: 0.6667, F1: 0.5972, Time: 0.54s
    [=== Generating 5x synthetic data with TimeVAE ===]
      -> [KNN + TimeVAE @ 5x] Acc: 0.9567, F1: 0.9570, Time: 0.03s
      -> [RandomForest + TimeVAE @ 5x] Acc: 0.9467, F1: 0.9465, Time: 1.54s
      -> [LinearSVC + TimeVAE @ 5x] Acc: 0.7150, F1: 0.7178, Time: 0.84s
      -> [LogisticRegression + TimeVAE @ 5x] Acc: 0.7200, F1: 0.7227, Time: 0.18s
      -> [RNN + TimeVAE @ 5x] Acc: 0.5000, F1: 0.5079, Time: 0.79s
    [=== Generating 10x synthetic data with TimeVAE ===]
      -> [KNN + TimeVAE @ 10x] Acc: 0.9567, F1: 0.9570, Time: 0.06s
      -> [RandomForest + TimeVAE @ 10x] Acc: 0.9583, F1: 0.9580, Time: 3.55s
      -> [LinearSVC + TimeVAE @ 10x] Acc: 0.6333, F1: 0.6425, Time: 2.76s
      -> [LogisticRegression + TimeVAE @ 10x] Acc: 0.7017, F1: 0.7062, Time: 0.53s
      -> [RNN + TimeVAE @ 10x] Acc: 0.8333, F1: 0.8444, Time: 1.83s

    >> Seed Fold Selection: 4/10
    Evaluating Model: KNN
      -> [Baseline] Acc: 0.9617, F1: 0.9620, Time: 0.01s
      HP Tuning KNN...
n_iterations: 3
n_required_iterations: 3
n_possible_iterations: 5
min_resources_: 30
max_resources_: 4700
aggressive_elimination: False
factor: 3
----------
iter: 0
n_candidates: 20
n_resources: 30
Fitting 5 folds for each of 20 candidates, totalling 100 fits
----------
iter: 1
n_candidates: 7
n_resources: 90
Fitting 5 folds for each of 7 candidates, totalling 35 fits
----------
iter: 2
n_candidates: 3
n_resources: 270
Fitting 5 folds for each of 3 candidates, totalling 15 fits
      -> [Tuned_Baseline] Acc: 0.9567, F1: 0.9569, Time: 0.00s
    Evaluating Model: RandomForest
      -> [Baseline] Acc: 0.9567, F1: 0.9569, Time: 0.64s
      HP Tuning RandomForest...
n_iterations: 3
n_required_iterations: 3
n_possible_iterations: 5
min_resources_: 30
max_resources_: 4700
aggressive_elimination: False
factor: 3
----------
iter: 0
n_candidates: 20
n_resources: 30
Fitting 5 folds for each of 20 candidates, totalling 100 fits
----------
iter: 1
n_candidates: 7
n_resources: 90
Fitting 5 folds for each of 7 candidates, totalling 35 fits
----------
iter: 2
n_candidates: 3
n_resources: 270
Fitting 5 folds for each of 3 candidates, totalling 15 fits
      -> [Tuned_Baseline] Acc: 0.9567, F1: 0.9569, Time: 0.00s
    Evaluating Model: LinearSVC
      -> [Baseline] Acc: 0.6883, F1: 0.6911, Time: 0.01s
      HP Tuning LinearSVC...
n_iterations: 3
n_required_iterations: 3
n_possible_iterations: 5
min_resources_: 30
max_resources_: 4700
aggressive_elimination: False
factor: 3
----------
iter: 0
n_candidates: 20
n_resources: 30
Fitting 5 folds for each of 20 candidates, totalling 100 fits
----------
iter: 1
n_candidates: 7
n_resources: 90
Fitting 5 folds for each of 7 candidates, totalling 35 fits
----------
iter: 2
n_candidates: 3
n_resources: 270
Fitting 5 folds for each of 3 candidates, totalling 15 fits
      -> [Tuned_Baseline] Acc: 0.6900, F1: 0.6929, Time: 0.00s
    Evaluating Model: LogisticRegression
      -> [Baseline] Acc: 0.6917, F1: 0.6953, Time: 0.04s
      HP Tuning LogisticRegression...
n_iterations: 3
n_required_iterations: 3
n_possible_iterations: 5
min_resources_: 30
max_resources_: 4700
aggressive_elimination: False
factor: 3
----------
iter: 0
n_candidates: 12
n_resources: 30
Fitting 5 folds for each of 12 candidates, totalling 60 fits
----------
iter: 1
n_candidates: 4
n_resources: 90
Fitting 5 folds for each of 4 candidates, totalling 20 fits
----------
iter: 2
n_candidates: 2
n_resources: 270
Fitting 5 folds for each of 2 candidates, totalling 10 fits
      -> [Tuned_Baseline] Acc: 0.7083, F1: 0.7128, Time: 0.00s
    Evaluating Model: RNN
      -> [Baseline] Acc: 0.8333, F1: 0.7619, Time: 0.19s
      -> [Tuned_Baseline] Acc: 0.8333, F1: 0.7619, Time: 0.00s
    [=== Generating 2x synthetic data with Jittering ===]
      -> [KNN + Jittering @ 2x] Acc: 0.9600, F1: 0.9602, Time: 0.02s
      -> [RandomForest + Jittering @ 2x] Acc: 0.9600, F1: 0.9600, Time: 0.59s
      -> [LinearSVC + Jittering @ 2x] Acc: 0.6883, F1: 0.6911, Time: 0.71s
      -> [LogisticRegression + Jittering @ 2x] Acc: 0.7050, F1: 0.7095, Time: 0.08s
      -> [RNN + Jittering @ 2x] Acc: 0.6667, F1: 0.5972, Time: 0.27s
    [=== Generating 3x synthetic data with Jittering ===]
      -> [KNN + Jittering @ 3x] Acc: 0.9650, F1: 0.9652, Time: 0.02s
      -> [RandomForest + Jittering @ 3x] Acc: 0.9467, F1: 0.9464, Time: 0.89s
      -> [LinearSVC + Jittering @ 3x] Acc: 0.6900, F1: 0.6930, Time: 1.28s
      -> [LogisticRegression + Jittering @ 3x] Acc: 0.7083, F1: 0.7129, Time: 0.14s
      -> [RNN + Jittering @ 3x] Acc: 0.8333, F1: 0.8444, Time: 0.51s
    [=== Generating 5x synthetic data with Jittering ===]
      -> [KNN + Jittering @ 5x] Acc: 0.9617, F1: 0.9619, Time: 0.03s
      -> [RandomForest + Jittering @ 5x] Acc: 0.9833, F1: 0.9833, Time: 1.63s
      -> [LinearSVC + Jittering @ 5x] Acc: 0.6900, F1: 0.6930, Time: 2.68s
      -> [LogisticRegression + Jittering @ 5x] Acc: 0.7033, F1: 0.7077, Time: 0.19s
      -> [RNN + Jittering @ 5x] Acc: 0.8333, F1: 0.8444, Time: 1.05s
    [=== Generating 10x synthetic data with Jittering ===]
      -> [KNN + Jittering @ 10x] Acc: 0.9617, F1: 0.9619, Time: 0.09s
      -> [RandomForest + Jittering @ 10x] Acc: 0.9633, F1: 0.9634, Time: 3.91s
      -> [LinearSVC + Jittering @ 10x] Acc: 0.6917, F1: 0.6948, Time: 7.57s
      -> [LogisticRegression + Jittering @ 10x] Acc: 0.7050, F1: 0.7095, Time: 0.74s
      -> [RNN + Jittering @ 10x] Acc: 0.6667, F1: 0.6667, Time: 1.55s
    [=== Generating 2x synthetic data with Scaling ===]
      -> [KNN + Scaling @ 2x] Acc: 0.9583, F1: 0.9586, Time: 0.02s
      -> [RandomForest + Scaling @ 2x] Acc: 0.9750, F1: 0.9750, Time: 0.63s
      -> [LinearSVC + Scaling @ 2x] Acc: 0.6750, F1: 0.6766, Time: 0.24s
      -> [LogisticRegression + Scaling @ 2x] Acc: 0.6817, F1: 0.6832, Time: 0.05s
      -> [RNN + Scaling @ 2x] Acc: 0.8333, F1: 0.8444, Time: 0.34s
    [=== Generating 3x synthetic data with Scaling ===]
      -> [KNN + Scaling @ 3x] Acc: 0.9567, F1: 0.9568, Time: 0.02s
      -> [RandomForest + Scaling @ 3x] Acc: 0.9617, F1: 0.9617, Time: 0.94s
      -> [LinearSVC + Scaling @ 3x] Acc: 0.6833, F1: 0.6857, Time: 0.39s
      -> [LogisticRegression + Scaling @ 3x] Acc: 0.6917, F1: 0.6943, Time: 0.07s
      -> [RNN + Scaling @ 3x] Acc: 0.8333, F1: 0.8175, Time: 0.49s
    [=== Generating 5x synthetic data with Scaling ===]
      -> [KNN + Scaling @ 5x] Acc: 0.9650, F1: 0.9652, Time: 0.03s
      -> [RandomForest + Scaling @ 5x] Acc: 0.9683, F1: 0.9682, Time: 1.70s
      -> [LinearSVC + Scaling @ 5x] Acc: 0.6667, F1: 0.6683, Time: 1.10s
      -> [LogisticRegression + Scaling @ 5x] Acc: 0.6717, F1: 0.6734, Time: 0.18s
      -> [RNN + Scaling @ 5x] Acc: 0.8333, F1: 0.8444, Time: 0.90s
    [=== Generating 10x synthetic data with Scaling ===]
      -> [KNN + Scaling @ 10x] Acc: 0.9517, F1: 0.9521, Time: 0.06s
      -> [RandomForest + Scaling @ 10x] Acc: 0.9567, F1: 0.9568, Time: 3.97s
      -> [LinearSVC + Scaling @ 10x] Acc: 0.6650, F1: 0.6660, Time: 2.45s
      -> [LogisticRegression + Scaling @ 10x] Acc: 0.6700, F1: 0.6709, Time: 0.41s
      -> [RNN + Scaling @ 10x] Acc: 0.6667, F1: 0.6667, Time: 1.65s
    [=== Generating 2x synthetic data with Magnitude_Warping ===]
      -> [KNN + Magnitude_Warping @ 2x] Acc: 0.9567, F1: 0.9569, Time: 0.01s
      -> [RandomForest + Magnitude_Warping @ 2x] Acc: 0.9417, F1: 0.9419, Time: 0.66s
      -> [LinearSVC + Magnitude_Warping @ 2x] Acc: 0.6133, F1: 0.6149, Time: 0.14s
      -> [LogisticRegression + Magnitude_Warping @ 2x] Acc: 0.6600, F1: 0.6584, Time: 0.04s
      -> [RNN + Magnitude_Warping @ 2x] Acc: 0.8333, F1: 0.7619, Time: 0.33s
    [=== Generating 3x synthetic data with Magnitude_Warping ===]
      -> [KNN + Magnitude_Warping @ 3x] Acc: 0.9550, F1: 0.9553, Time: 0.02s
      -> [RandomForest + Magnitude_Warping @ 3x] Acc: 0.9833, F1: 0.9833, Time: 1.03s
      -> [LinearSVC + Magnitude_Warping @ 3x] Acc: 0.6133, F1: 0.6199, Time: 0.18s
      -> [LogisticRegression + Magnitude_Warping @ 3x] Acc: 0.6617, F1: 0.6608, Time: 0.04s
      -> [RNN + Magnitude_Warping @ 3x] Acc: 0.8333, F1: 0.7619, Time: 0.51s
    [=== Generating 5x synthetic data with Magnitude_Warping ===]
      -> [KNN + Magnitude_Warping @ 5x] Acc: 0.9617, F1: 0.9619, Time: 0.03s
      -> [RandomForest + Magnitude_Warping @ 5x] Acc: 0.9783, F1: 0.9783, Time: 1.77s
      -> [LinearSVC + Magnitude_Warping @ 5x] Acc: 0.6283, F1: 0.6327, Time: 0.37s
      -> [LogisticRegression + Magnitude_Warping @ 5x] Acc: 0.6567, F1: 0.6565, Time: 0.11s
      -> [RNN + Magnitude_Warping @ 5x] Acc: 0.8333, F1: 0.8444, Time: 0.82s
    [=== Generating 10x synthetic data with Magnitude_Warping ===]
      -> [KNN + Magnitude_Warping @ 10x] Acc: 0.9633, F1: 0.9636, Time: 0.06s
      -> [RandomForest + Magnitude_Warping @ 10x] Acc: 0.9800, F1: 0.9800, Time: 4.18s
      -> [LinearSVC + Magnitude_Warping @ 10x] Acc: 0.5917, F1: 0.5996, Time: 0.97s
      -> [LogisticRegression + Magnitude_Warping @ 10x] Acc: 0.6533, F1: 0.6533, Time: 0.21s
      -> [RNN + Magnitude_Warping @ 10x] Acc: 0.6667, F1: 0.6000, Time: 1.42s
    [=== Generating 2x synthetic data with Time_Warping ===]
      -> [KNN + Time_Warping @ 2x] Acc: 0.9600, F1: 0.9603, Time: 0.01s
      -> [RandomForest + Time_Warping @ 2x] Acc: 0.9667, F1: 0.9667, Time: 0.60s
      -> [LinearSVC + Time_Warping @ 2x] Acc: 0.5250, F1: 0.5307, Time: 0.04s
      -> [LogisticRegression + Time_Warping @ 2x] Acc: 0.6467, F1: 0.6482, Time: 0.02s
      -> [RNN + Time_Warping @ 2x] Acc: 0.6667, F1: 0.6667, Time: 0.26s
    [=== Generating 3x synthetic data with Time_Warping ===]
      -> [KNN + Time_Warping @ 3x] Acc: 0.9583, F1: 0.9586, Time: 0.03s
      -> [RandomForest + Time_Warping @ 3x] Acc: 0.9717, F1: 0.9718, Time: 0.93s
      -> [LinearSVC + Time_Warping @ 3x] Acc: 0.4917, F1: 0.4949, Time: 0.06s
      -> [LogisticRegression + Time_Warping @ 3x] Acc: 0.6350, F1: 0.6450, Time: 0.04s
      -> [RNN + Time_Warping @ 3x] Acc: 0.5000, F1: 0.3500, Time: 0.40s
    [=== Generating 5x synthetic data with Time_Warping ===]
      -> [KNN + Time_Warping @ 5x] Acc: 0.9567, F1: 0.9569, Time: 0.04s
      -> [RandomForest + Time_Warping @ 5x] Acc: 0.9467, F1: 0.9466, Time: 1.77s
      -> [LinearSVC + Time_Warping @ 5x] Acc: 0.4900, F1: 0.4955, Time: 0.11s
      -> [LogisticRegression + Time_Warping @ 5x] Acc: 0.6250, F1: 0.6359, Time: 0.05s
      -> [RNN + Time_Warping @ 5x] Acc: 0.8333, F1: 0.8444, Time: 0.67s
    [=== Generating 10x synthetic data with Time_Warping ===]
      -> [KNN + Time_Warping @ 10x] Acc: 0.9600, F1: 0.9603, Time: 0.08s
      -> [RandomForest + Time_Warping @ 10x] Acc: 0.9683, F1: 0.9686, Time: 3.66s
      -> [LinearSVC + Time_Warping @ 10x] Acc: 0.4933, F1: 0.4958, Time: 0.25s
      -> [LogisticRegression + Time_Warping @ 10x] Acc: 0.6350, F1: 0.6467, Time: 0.11s
      -> [RNN + Time_Warping @ 10x] Acc: 0.6667, F1: 0.6667, Time: 1.20s
    [=== Generating 2x synthetic data with SMOTE ===]
      -> [KNN + SMOTE @ 2x] Acc: 0.9750, F1: 0.9754, Time: 0.01s
      -> [RandomForest + SMOTE @ 2x] Acc: 0.9583, F1: 0.9589, Time: 0.57s
      -> [LinearSVC + SMOTE @ 2x] Acc: 0.6700, F1: 0.6691, Time: 0.88s
      -> [LogisticRegression + SMOTE @ 2x] Acc: 0.7083, F1: 0.7126, Time: 0.09s
      -> [RNN + SMOTE @ 2x] Acc: 0.6667, F1: 0.5972, Time: 0.24s
    [=== Generating 3x synthetic data with SMOTE ===]
      -> [KNN + SMOTE @ 3x] Acc: 0.9800, F1: 0.9803, Time: 0.02s
      -> [RandomForest + SMOTE @ 3x] Acc: 0.9600, F1: 0.9609, Time: 0.90s
      -> [LinearSVC + SMOTE @ 3x] Acc: 0.6500, F1: 0.6488, Time: 1.51s
      -> [LogisticRegression + SMOTE @ 3x] Acc: 0.6983, F1: 0.7020, Time: 0.13s
      -> [RNN + SMOTE @ 3x] Acc: 0.5000, F1: 0.5056, Time: 0.38s
    [=== Generating 5x synthetic data with SMOTE ===]
      -> [KNN + SMOTE @ 5x] Acc: 0.9800, F1: 0.9803, Time: 0.03s
      -> [RandomForest + SMOTE @ 5x] Acc: 0.9617, F1: 0.9619, Time: 1.65s
      -> [LinearSVC + SMOTE @ 5x] Acc: 0.6817, F1: 0.6810, Time: 3.15s
      -> [LogisticRegression + SMOTE @ 5x] Acc: 0.7183, F1: 0.7212, Time: 0.27s
      -> [RNN + SMOTE @ 5x] Acc: 1.0000, F1: 1.0000, Time: 0.80s
    [=== Generating 10x synthetic data with SMOTE ===]
      -> [KNN + SMOTE @ 10x] Acc: 0.9750, F1: 0.9753, Time: 0.07s
      -> [RandomForest + SMOTE @ 10x] Acc: 0.9583, F1: 0.9586, Time: 3.48s
      -> [LinearSVC + SMOTE @ 10x] Acc: 0.6450, F1: 0.6434, Time: 13.61s
      -> [LogisticRegression + SMOTE @ 10x] Acc: 0.7100, F1: 0.7128, Time: 0.77s
      -> [RNN + SMOTE @ 10x] Acc: 0.8333, F1: 0.8444, Time: 1.45s
    [=== Generating 2x synthetic data with ADASYN ===]
      -> [KNN + ADASYN @ 2x] Acc: 0.9683, F1: 0.9687, Time: 0.02s
      -> [RandomForest + ADASYN @ 2x] Acc: 0.9350, F1: 0.9356, Time: 0.70s
      -> [LinearSVC + ADASYN @ 2x] Acc: 0.7350, F1: 0.7405, Time: 0.91s
      -> [LogisticRegression + ADASYN @ 2x] Acc: 0.7233, F1: 0.7303, Time: 0.09s
      -> [RNN + ADASYN @ 2x] Acc: 0.8333, F1: 0.7619, Time: 0.29s
    [=== Generating 3x synthetic data with ADASYN ===]
      -> [KNN + ADASYN @ 3x] Acc: 0.9800, F1: 0.9803, Time: 0.02s
      -> [RandomForest + ADASYN @ 3x] Acc: 0.9517, F1: 0.9518, Time: 1.06s
      -> [LinearSVC + ADASYN @ 3x] Acc: 0.7283, F1: 0.7296, Time: 1.50s
      -> [LogisticRegression + ADASYN @ 3x] Acc: 0.7183, F1: 0.7236, Time: 0.16s
      -> [RNN + ADASYN @ 3x] Acc: 0.8333, F1: 0.8444, Time: 0.47s
    [=== Generating 5x synthetic data with ADASYN ===]
      -> [KNN + ADASYN @ 5x] Acc: 0.9733, F1: 0.9735, Time: 0.02s
      -> [RandomForest + ADASYN @ 5x] Acc: 0.9550, F1: 0.9551, Time: 1.80s
      -> [LinearSVC + ADASYN @ 5x] Acc: 0.7100, F1: 0.7100, Time: 3.59s
      -> [LogisticRegression + ADASYN @ 5x] Acc: 0.7117, F1: 0.7153, Time: 0.32s
      -> [RNN + ADASYN @ 5x] Acc: 0.8333, F1: 0.7619, Time: 0.81s
    [=== Generating 10x synthetic data with ADASYN ===]
      -> [KNN + ADASYN @ 10x] Acc: 0.9700, F1: 0.9703, Time: 0.05s
      -> [RandomForest + ADASYN @ 10x] Acc: 0.9500, F1: 0.9505, Time: 4.12s
      -> [LinearSVC + ADASYN @ 10x] Acc: 0.6550, F1: 0.6604, Time: 11.15s
      -> [LogisticRegression + ADASYN @ 10x] Acc: 0.7100, F1: 0.7138, Time: 0.93s
      -> [RNN + ADASYN @ 10x] Acc: 0.8333, F1: 0.8444, Time: 1.66s
    [=== Generating 2x synthetic data with Mixup ===]
      -> [KNN + Mixup @ 2x] Acc: 0.9433, F1: 0.9444, Time: 0.02s
      -> [RandomForest + Mixup @ 2x] Acc: 0.9800, F1: 0.9802, Time: 0.61s
      -> [LinearSVC + Mixup @ 2x] Acc: 0.6817, F1: 0.6850, Time: 1.02s
      -> [LogisticRegression + Mixup @ 2x] Acc: 0.6983, F1: 0.7028, Time: 0.08s
      -> [RNN + Mixup @ 2x] Acc: 0.8333, F1: 0.8444, Time: 0.36s
    [=== Generating 3x synthetic data with Mixup ===]
      -> [KNN + Mixup @ 3x] Acc: 0.9617, F1: 0.9619, Time: 0.02s
      -> [RandomForest + Mixup @ 3x] Acc: 0.9500, F1: 0.9502, Time: 1.01s
      -> [LinearSVC + Mixup @ 3x] Acc: 0.6633, F1: 0.6647, Time: 1.66s
      -> [LogisticRegression + Mixup @ 3x] Acc: 0.6917, F1: 0.6961, Time: 0.18s
      -> [RNN + Mixup @ 3x] Acc: 0.6667, F1: 0.5972, Time: 0.62s
    [=== Generating 5x synthetic data with Mixup ===]
      -> [KNN + Mixup @ 5x] Acc: 0.9600, F1: 0.9603, Time: 0.03s
      -> [RandomForest + Mixup @ 5x] Acc: 0.9350, F1: 0.9353, Time: 1.75s
      -> [LinearSVC + Mixup @ 5x] Acc: 0.6667, F1: 0.6679, Time: 3.35s
      -> [LogisticRegression + Mixup @ 5x] Acc: 0.6917, F1: 0.6950, Time: 0.37s
      -> [RNN + Mixup @ 5x] Acc: 0.8333, F1: 0.8175, Time: 0.95s
    [=== Generating 10x synthetic data with Mixup ===]
      -> [KNN + Mixup @ 10x] Acc: 0.9550, F1: 0.9551, Time: 0.07s
      -> [RandomForest + Mixup @ 10x] Acc: 0.9500, F1: 0.9502, Time: 3.84s
      -> [LinearSVC + Mixup @ 10x] Acc: 0.7050, F1: 0.7065, Time: 8.39s
      -> [LogisticRegression + Mixup @ 10x] Acc: 0.7450, F1: 0.7491, Time: 0.79s
      -> [RNN + Mixup @ 10x] Acc: 0.8333, F1: 0.8444, Time: 1.62s
    [=== Generating 2x synthetic data with GMM ===]
      -> [KNN + GMM @ 2x] Acc: 0.9683, F1: 0.9687, Time: 0.02s
      -> [RandomForest + GMM @ 2x] Acc: 0.9700, F1: 0.9701, Time: 0.73s
      -> [LinearSVC + GMM @ 2x] Acc: 0.6800, F1: 0.6825, Time: 0.20s
      -> [LogisticRegression + GMM @ 2x] Acc: 0.7000, F1: 0.6986, Time: 0.07s
      -> [RNN + GMM @ 2x] Acc: 0.8333, F1: 0.7619, Time: 0.33s
    [=== Generating 3x synthetic data with GMM ===]
      -> [KNN + GMM @ 3x] Acc: 0.9633, F1: 0.9637, Time: 0.02s
      -> [RandomForest + GMM @ 3x] Acc: 0.9567, F1: 0.9567, Time: 1.05s
      -> [LinearSVC + GMM @ 3x] Acc: 0.6617, F1: 0.6621, Time: 0.23s
      -> [LogisticRegression + GMM @ 3x] Acc: 0.6767, F1: 0.6765, Time: 0.07s
      -> [RNN + GMM @ 3x] Acc: 1.0000, F1: 1.0000, Time: 0.53s
    [=== Generating 5x synthetic data with GMM ===]
      -> [KNN + GMM @ 5x] Acc: 0.9683, F1: 0.9690, Time: 0.03s
      -> [RandomForest + GMM @ 5x] Acc: 0.9650, F1: 0.9650, Time: 1.97s
      -> [LinearSVC + GMM @ 5x] Acc: 0.6500, F1: 0.6537, Time: 0.50s
      -> [LogisticRegression + GMM @ 5x] Acc: 0.6667, F1: 0.6677, Time: 0.16s
      -> [RNN + GMM @ 5x] Acc: 0.8333, F1: 0.8444, Time: 0.81s
    [=== Generating 10x synthetic data with GMM ===]
      -> [KNN + GMM @ 10x] Acc: 0.9667, F1: 0.9675, Time: 0.07s
      -> [RandomForest + GMM @ 10x] Acc: 0.9700, F1: 0.9700, Time: 4.89s
      -> [LinearSVC + GMM @ 10x] Acc: 0.6467, F1: 0.6514, Time: 1.44s
      -> [LogisticRegression + GMM @ 10x] Acc: 0.6617, F1: 0.6636, Time: 0.35s
      -> [RNN + GMM @ 10x] Acc: 0.8333, F1: 0.8175, Time: 1.48s
    [=== Generating 2x synthetic data with HMM_GMM ===]
      -> [KNN + HMM_GMM @ 2x] Acc: 0.9567, F1: 0.9569, Time: 0.02s
      -> [RandomForest + HMM_GMM @ 2x] Acc: 0.9533, F1: 0.9533, Time: 0.52s
      -> [LinearSVC + HMM_GMM @ 2x] Acc: 0.5167, F1: 0.5182, Time: 0.05s
      -> [LogisticRegression + HMM_GMM @ 2x] Acc: 0.6383, F1: 0.6402, Time: 0.04s
      -> [RNN + HMM_GMM @ 2x] Acc: 0.8333, F1: 0.8444, Time: 0.37s
    [=== Generating 3x synthetic data with HMM_GMM ===]
      -> [KNN + HMM_GMM @ 3x] Acc: 0.9567, F1: 0.9569, Time: 0.02s
      -> [RandomForest + HMM_GMM @ 3x] Acc: 0.9400, F1: 0.9399, Time: 0.60s
      -> [LinearSVC + HMM_GMM @ 3x] Acc: 0.5150, F1: 0.5177, Time: 0.06s
      -> [LogisticRegression + HMM_GMM @ 3x] Acc: 0.6400, F1: 0.6416, Time: 0.04s
      -> [RNN + HMM_GMM @ 3x] Acc: 0.6667, F1: 0.6667, Time: 0.61s
    [=== Generating 5x synthetic data with HMM_GMM ===]
      -> [KNN + HMM_GMM @ 5x] Acc: 0.9567, F1: 0.9569, Time: 0.04s
      -> [RandomForest + HMM_GMM @ 5x] Acc: 0.9667, F1: 0.9664, Time: 0.86s
      -> [LinearSVC + HMM_GMM @ 5x] Acc: 0.5200, F1: 0.5266, Time: 0.10s
      -> [LogisticRegression + HMM_GMM @ 5x] Acc: 0.6433, F1: 0.6448, Time: 0.07s
      -> [RNN + HMM_GMM @ 5x] Acc: 0.6667, F1: 0.6667, Time: 1.11s
    [=== Generating 10x synthetic data with HMM_GMM ===]
      -> [KNN + HMM_GMM @ 10x] Acc: 0.9567, F1: 0.9569, Time: 0.09s
      -> [RandomForest + HMM_GMM @ 10x] Acc: 0.9700, F1: 0.9698, Time: 1.51s
      -> [LinearSVC + HMM_GMM @ 10x] Acc: 0.5167, F1: 0.5274, Time: 0.40s
      -> [LogisticRegression + HMM_GMM @ 10x] Acc: 0.6117, F1: 0.6142, Time: 0.15s
      -> [RNN + HMM_GMM @ 10x] Acc: 0.6667, F1: 0.6667, Time: 1.96s
    [=== Generating 2x synthetic data with TimeVAE ===]
      -> [KNN + TimeVAE @ 2x] Acc: 0.9567, F1: 0.9569, Time: 0.03s
      -> [RandomForest + TimeVAE @ 2x] Acc: 0.9717, F1: 0.9718, Time: 0.59s
      -> [LinearSVC + TimeVAE @ 2x] Acc: 0.7267, F1: 0.7319, Time: 0.34s
      -> [LogisticRegression + TimeVAE @ 2x] Acc: 0.7433, F1: 0.7490, Time: 0.07s
      -> [RNN + TimeVAE @ 2x] Acc: 0.8333, F1: 0.7619, Time: 0.39s
    [=== Generating 3x synthetic data with TimeVAE ===]
      -> [KNN + TimeVAE @ 3x] Acc: 0.9567, F1: 0.9569, Time: 0.02s
      -> [RandomForest + TimeVAE @ 3x] Acc: 0.9450, F1: 0.9447, Time: 0.85s
      -> [LinearSVC + TimeVAE @ 3x] Acc: 0.7267, F1: 0.7348, Time: 0.32s
      -> [LogisticRegression + TimeVAE @ 3x] Acc: 0.7267, F1: 0.7325, Time: 0.07s
      -> [RNN + TimeVAE @ 3x] Acc: 0.8333, F1: 0.7619, Time: 0.65s
    [=== Generating 5x synthetic data with TimeVAE ===]
      -> [KNN + TimeVAE @ 5x] Acc: 0.9567, F1: 0.9569, Time: 0.04s
      -> [RandomForest + TimeVAE @ 5x] Acc: 0.9417, F1: 0.9412, Time: 1.52s
      -> [LinearSVC + TimeVAE @ 5x] Acc: 0.6833, F1: 0.6947, Time: 0.59s
      -> [LogisticRegression + TimeVAE @ 5x] Acc: 0.7350, F1: 0.7387, Time: 0.14s
      -> [RNN + TimeVAE @ 5x] Acc: 0.6667, F1: 0.6667, Time: 0.94s
    [=== Generating 10x synthetic data with TimeVAE ===]
      -> [KNN + TimeVAE @ 10x] Acc: 0.9567, F1: 0.9569, Time: 0.06s
      -> [RandomForest + TimeVAE @ 10x] Acc: 0.9517, F1: 0.9515, Time: 3.47s
      -> [LinearSVC + TimeVAE @ 10x] Acc: 0.6433, F1: 0.6569, Time: 2.51s
      -> [LogisticRegression + TimeVAE @ 10x] Acc: 0.7483, F1: 0.7537, Time: 0.43s
      -> [RNN + TimeVAE @ 10x] Acc: 0.5000, F1: 0.5056, Time: 1.66s

    >> Seed Fold Selection: 5/10
    Evaluating Model: KNN
      -> [Baseline] Acc: 0.9600, F1: 0.9603, Time: 0.01s
      HP Tuning KNN...
n_iterations: 3
n_required_iterations: 3
n_possible_iterations: 5
min_resources_: 30
max_resources_: 4700
aggressive_elimination: False
factor: 3
----------
iter: 0
n_candidates: 20
n_resources: 30
Fitting 5 folds for each of 20 candidates, totalling 100 fits
----------
iter: 1
n_candidates: 7
n_resources: 90
Fitting 5 folds for each of 7 candidates, totalling 35 fits
----------
iter: 2
n_candidates: 3
n_resources: 270
Fitting 5 folds for each of 3 candidates, totalling 15 fits
      -> [Tuned_Baseline] Acc: 0.9600, F1: 0.9602, Time: 0.00s
    Evaluating Model: RandomForest
      -> [Baseline] Acc: 0.9450, F1: 0.9450, Time: 0.68s
      HP Tuning RandomForest...
n_iterations: 3
n_required_iterations: 3
n_possible_iterations: 5
min_resources_: 30
max_resources_: 4700
aggressive_elimination: False
factor: 3
----------
iter: 0
n_candidates: 20
n_resources: 30
Fitting 5 folds for each of 20 candidates, totalling 100 fits
----------
iter: 1
n_candidates: 7
n_resources: 90
Fitting 5 folds for each of 7 candidates, totalling 35 fits
----------
iter: 2
n_candidates: 3
n_resources: 270
Fitting 5 folds for each of 3 candidates, totalling 15 fits
      -> [Tuned_Baseline] Acc: 0.9450, F1: 0.9450, Time: 0.01s
    Evaluating Model: LinearSVC
      -> [Baseline] Acc: 0.6833, F1: 0.6867, Time: 0.01s
      HP Tuning LinearSVC...
n_iterations: 3
n_required_iterations: 3
n_possible_iterations: 5
min_resources_: 30
max_resources_: 4700
aggressive_elimination: False
factor: 3
----------
iter: 0
n_candidates: 20
n_resources: 30
Fitting 5 folds for each of 20 candidates, totalling 100 fits
----------
iter: 1
n_candidates: 7
n_resources: 90
Fitting 5 folds for each of 7 candidates, totalling 35 fits
----------
iter: 2
n_candidates: 3
n_resources: 270
Fitting 5 folds for each of 3 candidates, totalling 15 fits
      -> [Tuned_Baseline] Acc: 0.6867, F1: 0.6901, Time: 0.00s
    Evaluating Model: LogisticRegression
      -> [Baseline] Acc: 0.6800, F1: 0.6825, Time: 0.04s
      HP Tuning LogisticRegression...
n_iterations: 3
n_required_iterations: 3
n_possible_iterations: 5
min_resources_: 30
max_resources_: 4700
aggressive_elimination: False
factor: 3
----------
iter: 0
n_candidates: 12
n_resources: 30
Fitting 5 folds for each of 12 candidates, totalling 60 fits
----------
iter: 1
n_candidates: 4
n_resources: 90
Fitting 5 folds for each of 4 candidates, totalling 20 fits
----------
iter: 2
n_candidates: 2
n_resources: 270
Fitting 5 folds for each of 2 candidates, totalling 10 fits
      -> [Tuned_Baseline] Acc: 0.7017, F1: 0.7058, Time: 0.00s
    Evaluating Model: RNN
      -> [Baseline] Acc: 0.8333, F1: 0.7619, Time: 0.20s
      -> [Tuned_Baseline] Acc: 0.8333, F1: 0.7619, Time: 0.00s
    [=== Generating 2x synthetic data with Jittering ===]
      -> [KNN + Jittering @ 2x] Acc: 0.9633, F1: 0.9636, Time: 0.02s
      -> [RandomForest + Jittering @ 2x] Acc: 0.9500, F1: 0.9502, Time: 1.29s
      -> [LinearSVC + Jittering @ 2x] Acc: 0.6817, F1: 0.6846, Time: 0.64s
      -> [LogisticRegression + Jittering @ 2x] Acc: 0.6967, F1: 0.7006, Time: 0.09s
      -> [RNN + Jittering @ 2x] Acc: 0.8333, F1: 0.7619, Time: 0.36s
    [=== Generating 3x synthetic data with Jittering ===]
      -> [KNN + Jittering @ 3x] Acc: 0.9650, F1: 0.9653, Time: 0.02s
      -> [RandomForest + Jittering @ 3x] Acc: 0.9550, F1: 0.9550, Time: 2.01s
      -> [LinearSVC + Jittering @ 3x] Acc: 0.6850, F1: 0.6885, Time: 1.01s
      -> [LogisticRegression + Jittering @ 3x] Acc: 0.6983, F1: 0.7025, Time: 0.13s
      -> [RNN + Jittering @ 3x] Acc: 0.5000, F1: 0.5056, Time: 0.55s
    [=== Generating 5x synthetic data with Jittering ===]
      -> [KNN + Jittering @ 5x] Acc: 0.9617, F1: 0.9619, Time: 0.05s
      -> [RandomForest + Jittering @ 5x] Acc: 0.9550, F1: 0.9551, Time: 3.53s
      -> [LinearSVC + Jittering @ 5x] Acc: 0.6850, F1: 0.6885, Time: 2.26s
      -> [LogisticRegression + Jittering @ 5x] Acc: 0.6933, F1: 0.6969, Time: 0.27s
      -> [RNN + Jittering @ 5x] Acc: 0.6667, F1: 0.7056, Time: 0.94s
    [=== Generating 10x synthetic data with Jittering ===]
      -> [KNN + Jittering @ 10x] Acc: 0.9617, F1: 0.9619, Time: 0.07s
      -> [RandomForest + Jittering @ 10x] Acc: 0.9533, F1: 0.9535, Time: 8.16s
      -> [LinearSVC + Jittering @ 10x] Acc: 0.6850, F1: 0.6885, Time: 8.41s
      -> [LogisticRegression + Jittering @ 10x] Acc: 0.6900, F1: 0.6931, Time: 0.70s
      -> [RNN + Jittering @ 10x] Acc: 0.6667, F1: 0.5972, Time: 1.90s
    [=== Generating 2x synthetic data with Scaling ===]
      -> [KNN + Scaling @ 2x] Acc: 0.9550, F1: 0.9554, Time: 0.02s
      -> [RandomForest + Scaling @ 2x] Acc: 0.9650, F1: 0.9649, Time: 1.32s
      -> [LinearSVC + Scaling @ 2x] Acc: 0.6783, F1: 0.6819, Time: 0.38s
      -> [LogisticRegression + Scaling @ 2x] Acc: 0.6783, F1: 0.6809, Time: 0.05s
      -> [RNN + Scaling @ 2x] Acc: 0.6667, F1: 0.5972, Time: 0.38s
    [=== Generating 3x synthetic data with Scaling ===]
      -> [KNN + Scaling @ 3x] Acc: 0.9567, F1: 0.9571, Time: 0.03s
      -> [RandomForest + Scaling @ 3x] Acc: 0.9583, F1: 0.9582, Time: 2.05s
      -> [LinearSVC + Scaling @ 3x] Acc: 0.6800, F1: 0.6822, Time: 0.40s
      -> [LogisticRegression + Scaling @ 3x] Acc: 0.6717, F1: 0.6722, Time: 0.08s
      -> [RNN + Scaling @ 3x] Acc: 0.8333, F1: 0.8444, Time: 0.59s
    [=== Generating 5x synthetic data with Scaling ===]
      -> [KNN + Scaling @ 5x] Acc: 0.9600, F1: 0.9602, Time: 0.03s
      -> [RandomForest + Scaling @ 5x] Acc: 0.9600, F1: 0.9602, Time: 3.67s
      -> [LinearSVC + Scaling @ 5x] Acc: 0.6650, F1: 0.6663, Time: 0.75s
      -> [LogisticRegression + Scaling @ 5x] Acc: 0.6667, F1: 0.6675, Time: 0.15s
      -> [RNN + Scaling @ 5x] Acc: 0.6667, F1: 0.5972, Time: 1.01s
    [=== Generating 10x synthetic data with Scaling ===]
      -> [KNN + Scaling @ 10x] Acc: 0.9617, F1: 0.9620, Time: 0.06s
      -> [RandomForest + Scaling @ 10x] Acc: 0.9850, F1: 0.9850, Time: 8.69s
      -> [LinearSVC + Scaling @ 10x] Acc: 0.6650, F1: 0.6650, Time: 3.35s
      -> [LogisticRegression + Scaling @ 10x] Acc: 0.6700, F1: 0.6700, Time: 0.46s
      -> [RNN + Scaling @ 10x] Acc: 1.0000, F1: 1.0000, Time: 2.10s
    [=== Generating 2x synthetic data with Magnitude_Warping ===]
      -> [KNN + Magnitude_Warping @ 2x] Acc: 0.9600, F1: 0.9603, Time: 0.02s
      -> [RandomForest + Magnitude_Warping @ 2x] Acc: 0.9717, F1: 0.9716, Time: 1.47s
      -> [LinearSVC + Magnitude_Warping @ 2x] Acc: 0.6617, F1: 0.6619, Time: 0.14s
      -> [LogisticRegression + Magnitude_Warping @ 2x] Acc: 0.6633, F1: 0.6632, Time: 0.04s
      -> [RNN + Magnitude_Warping @ 2x] Acc: 0.6667, F1: 0.6667, Time: 0.39s
    [=== Generating 3x synthetic data with Magnitude_Warping ===]
      -> [KNN + Magnitude_Warping @ 3x] Acc: 0.9617, F1: 0.9619, Time: 0.02s
      -> [RandomForest + Magnitude_Warping @ 3x] Acc: 0.9600, F1: 0.9598, Time: 2.14s
      -> [LinearSVC + Magnitude_Warping @ 3x] Acc: 0.6267, F1: 0.6308, Time: 0.13s
      -> [LogisticRegression + Magnitude_Warping @ 3x] Acc: 0.6600, F1: 0.6586, Time: 0.05s
      -> [RNN + Magnitude_Warping @ 3x] Acc: 0.6667, F1: 0.5972, Time: 0.65s
    [=== Generating 5x synthetic data with Magnitude_Warping ===]
      -> [KNN + Magnitude_Warping @ 5x] Acc: 0.9617, F1: 0.9620, Time: 0.04s
      -> [RandomForest + Magnitude_Warping @ 5x] Acc: 0.9617, F1: 0.9616, Time: 3.82s
      -> [LinearSVC + Magnitude_Warping @ 5x] Acc: 0.6250, F1: 0.6299, Time: 0.31s
      -> [LogisticRegression + Magnitude_Warping @ 5x] Acc: 0.6633, F1: 0.6618, Time: 0.09s
      -> [RNN + Magnitude_Warping @ 5x] Acc: 0.5000, F1: 0.5056, Time: 0.98s
    [=== Generating 10x synthetic data with Magnitude_Warping ===]
      -> [KNN + Magnitude_Warping @ 10x] Acc: 0.9483, F1: 0.9493, Time: 0.06s
      -> [RandomForest + Magnitude_Warping @ 10x] Acc: 0.9733, F1: 0.9733, Time: 8.69s
      -> [LinearSVC + Magnitude_Warping @ 10x] Acc: 0.6333, F1: 0.6365, Time: 1.09s
      -> [LogisticRegression + Magnitude_Warping @ 10x] Acc: 0.6617, F1: 0.6605, Time: 0.30s
      -> [RNN + Magnitude_Warping @ 10x] Acc: 1.0000, F1: 1.0000, Time: 1.80s
    [=== Generating 2x synthetic data with Time_Warping ===]
      -> [KNN + Time_Warping @ 2x] Acc: 0.9617, F1: 0.9619, Time: 0.01s
      -> [RandomForest + Time_Warping @ 2x] Acc: 0.9533, F1: 0.9534, Time: 1.32s
      -> [LinearSVC + Time_Warping @ 2x] Acc: 0.5817, F1: 0.5954, Time: 0.05s
      -> [LogisticRegression + Time_Warping @ 2x] Acc: 0.6600, F1: 0.6640, Time: 0.04s
      -> [RNN + Time_Warping @ 2x] Acc: 0.6667, F1: 0.5972, Time: 0.40s
    [=== Generating 3x synthetic data with Time_Warping ===]
      -> [KNN + Time_Warping @ 3x] Acc: 0.9600, F1: 0.9602, Time: 0.02s
      -> [RandomForest + Time_Warping @ 3x] Acc: 0.9767, F1: 0.9769, Time: 2.02s
      -> [LinearSVC + Time_Warping @ 3x] Acc: 0.6033, F1: 0.6090, Time: 0.08s
      -> [LogisticRegression + Time_Warping @ 3x] Acc: 0.6600, F1: 0.6610, Time: 0.04s
      -> [RNN + Time_Warping @ 3x] Acc: 0.6667, F1: 0.6667, Time: 0.54s
    [=== Generating 5x synthetic data with Time_Warping ===]
      -> [KNN + Time_Warping @ 5x] Acc: 0.9583, F1: 0.9586, Time: 0.05s
      -> [RandomForest + Time_Warping @ 5x] Acc: 0.9667, F1: 0.9668, Time: 3.56s
      -> [LinearSVC + Time_Warping @ 5x] Acc: 0.5417, F1: 0.5554, Time: 0.12s
      -> [LogisticRegression + Time_Warping @ 5x] Acc: 0.6467, F1: 0.6562, Time: 0.07s
      -> [RNN + Time_Warping @ 5x] Acc: 0.6667, F1: 0.5972, Time: 0.88s
    [=== Generating 10x synthetic data with Time_Warping ===]
      -> [KNN + Time_Warping @ 10x] Acc: 0.9583, F1: 0.9586, Time: 0.09s
      -> [RandomForest + Time_Warping @ 10x] Acc: 0.9567, F1: 0.9570, Time: 8.94s
      -> [LinearSVC + Time_Warping @ 10x] Acc: 0.5550, F1: 0.5665, Time: 0.45s
      -> [LogisticRegression + Time_Warping @ 10x] Acc: 0.6500, F1: 0.6573, Time: 0.17s
      -> [RNN + Time_Warping @ 10x] Acc: 0.6667, F1: 0.6667, Time: 1.78s
    [=== Generating 2x synthetic data with SMOTE ===]
      -> [KNN + SMOTE @ 2x] Acc: 0.9767, F1: 0.9770, Time: 0.02s
      -> [RandomForest + SMOTE @ 2x] Acc: 0.9533, F1: 0.9534, Time: 1.26s
      -> [LinearSVC + SMOTE @ 2x] Acc: 0.6667, F1: 0.6675, Time: 0.88s
      -> [LogisticRegression + SMOTE @ 2x] Acc: 0.7250, F1: 0.7303, Time: 0.06s
      -> [RNN + SMOTE @ 2x] Acc: 0.8333, F1: 0.8444, Time: 0.34s
    [=== Generating 3x synthetic data with SMOTE ===]
      -> [KNN + SMOTE @ 3x] Acc: 0.9717, F1: 0.9719, Time: 0.03s
      -> [RandomForest + SMOTE @ 3x] Acc: 0.9467, F1: 0.9470, Time: 1.89s
      -> [LinearSVC + SMOTE @ 3x] Acc: 0.6733, F1: 0.6746, Time: 1.63s
      -> [LogisticRegression + SMOTE @ 3x] Acc: 0.7283, F1: 0.7323, Time: 0.15s
      -> [RNN + SMOTE @ 3x] Acc: 0.6667, F1: 0.6667, Time: 0.50s
    [=== Generating 5x synthetic data with SMOTE ===]
      -> [KNN + SMOTE @ 5x] Acc: 0.9800, F1: 0.9803, Time: 0.03s
      -> [RandomForest + SMOTE @ 5x] Acc: 0.9567, F1: 0.9569, Time: 3.32s
      -> [LinearSVC + SMOTE @ 5x] Acc: 0.7033, F1: 0.7015, Time: 2.74s
      -> [LogisticRegression + SMOTE @ 5x] Acc: 0.8233, F1: 0.8220, Time: 0.23s
      -> [RNN + SMOTE @ 5x] Acc: 0.8333, F1: 0.8175, Time: 0.77s
    [=== Generating 10x synthetic data with SMOTE ===]
      -> [KNN + SMOTE @ 10x] Acc: 0.9767, F1: 0.9769, Time: 0.07s
      -> [RandomForest + SMOTE @ 10x] Acc: 0.9433, F1: 0.9434, Time: 7.54s
      -> [LinearSVC + SMOTE @ 10x] Acc: 0.6550, F1: 0.6539, Time: 11.10s
      -> [LogisticRegression + SMOTE @ 10x] Acc: 0.7183, F1: 0.7229, Time: 0.80s
      -> [RNN + SMOTE @ 10x] Acc: 0.8333, F1: 0.8444, Time: 1.61s
    [=== Generating 2x synthetic data with ADASYN ===]
      -> [KNN + ADASYN @ 2x] Acc: 0.9817, F1: 0.9820, Time: 0.02s
      -> [RandomForest + ADASYN @ 2x] Acc: 0.9350, F1: 0.9347, Time: 1.47s
      -> [LinearSVC + ADASYN @ 2x] Acc: 0.7467, F1: 0.7490, Time: 1.02s
      -> [LogisticRegression + ADASYN @ 2x] Acc: 0.7417, F1: 0.7486, Time: 0.10s
      -> [RNN + ADASYN @ 2x] Acc: 0.6667, F1: 0.6667, Time: 0.38s
    [=== Generating 3x synthetic data with ADASYN ===]
      -> [KNN + ADASYN @ 3x] Acc: 0.9750, F1: 0.9753, Time: 0.02s
      -> [RandomForest + ADASYN @ 3x] Acc: 0.9350, F1: 0.9351, Time: 2.14s
      -> [LinearSVC + ADASYN @ 3x] Acc: 0.7600, F1: 0.7635, Time: 1.42s
      -> [LogisticRegression + ADASYN @ 3x] Acc: 0.7317, F1: 0.7385, Time: 0.13s
      -> [RNN + ADASYN @ 3x] Acc: 0.8333, F1: 0.7619, Time: 0.60s
    [=== Generating 5x synthetic data with ADASYN ===]
      -> [KNN + ADASYN @ 5x] Acc: 0.9767, F1: 0.9769, Time: 0.03s
      -> [RandomForest + ADASYN @ 5x] Acc: 0.9533, F1: 0.9538, Time: 4.08s
      -> [LinearSVC + ADASYN @ 5x] Acc: 0.7600, F1: 0.7649, Time: 3.31s
      -> [LogisticRegression + ADASYN @ 5x] Acc: 0.7400, F1: 0.7462, Time: 0.26s
      -> [RNN + ADASYN @ 5x] Acc: 0.6667, F1: 0.6000, Time: 0.80s
    [=== Generating 10x synthetic data with ADASYN ===]
      -> [KNN + ADASYN @ 10x] Acc: 0.9783, F1: 0.9786, Time: 0.08s
      -> [RandomForest + ADASYN @ 10x] Acc: 0.9450, F1: 0.9450, Time: 8.69s
      -> [LinearSVC + ADASYN @ 10x] Acc: 0.6600, F1: 0.6712, Time: 12.75s
      -> [LogisticRegression + ADASYN @ 10x] Acc: 0.7000, F1: 0.7041, Time: 0.93s
      -> [RNN + ADASYN @ 10x] Acc: 0.6667, F1: 0.6667, Time: 1.63s
    [=== Generating 2x synthetic data with Mixup ===]
      -> [KNN + Mixup @ 2x] Acc: 0.9600, F1: 0.9602, Time: 0.02s
      -> [RandomForest + Mixup @ 2x] Acc: 0.9567, F1: 0.9567, Time: 1.28s
      -> [LinearSVC + Mixup @ 2x] Acc: 0.6867, F1: 0.6904, Time: 0.86s
      -> [LogisticRegression + Mixup @ 2x] Acc: 0.7017, F1: 0.7069, Time: 0.09s
      -> [RNN + Mixup @ 2x] Acc: 0.8333, F1: 0.7619, Time: 0.32s
    [=== Generating 3x synthetic data with Mixup ===]
      -> [KNN + Mixup @ 3x] Acc: 0.9633, F1: 0.9636, Time: 0.02s
      -> [RandomForest + Mixup @ 3x] Acc: 0.9367, F1: 0.9364, Time: 1.86s
      -> [LinearSVC + Mixup @ 3x] Acc: 0.6917, F1: 0.6954, Time: 1.00s
      -> [LogisticRegression + Mixup @ 3x] Acc: 0.7067, F1: 0.7107, Time: 0.12s
      -> [RNN + Mixup @ 3x] Acc: 0.8333, F1: 0.7619, Time: 0.60s
    [=== Generating 5x synthetic data with Mixup ===]
      -> [KNN + Mixup @ 5x] Acc: 0.9800, F1: 0.9804, Time: 0.04s
      -> [RandomForest + Mixup @ 5x] Acc: 0.9517, F1: 0.9519, Time: 3.30s
      -> [LinearSVC + Mixup @ 5x] Acc: 0.6633, F1: 0.6650, Time: 2.22s
      -> [LogisticRegression + Mixup @ 5x] Acc: 0.6817, F1: 0.6852, Time: 0.30s
      -> [RNN + Mixup @ 5x] Acc: 0.6667, F1: 0.5972, Time: 0.97s
    [=== Generating 10x synthetic data with Mixup ===]
      -> [KNN + Mixup @ 10x] Acc: 0.9683, F1: 0.9686, Time: 0.07s
      -> [RandomForest + Mixup @ 10x] Acc: 0.9283, F1: 0.9279, Time: 7.59s
      -> [LinearSVC + Mixup @ 10x] Acc: 0.6900, F1: 0.6941, Time: 9.63s
      -> [LogisticRegression + Mixup @ 10x] Acc: 0.6983, F1: 0.7036, Time: 0.92s
      -> [RNN + Mixup @ 10x] Acc: 0.6667, F1: 0.6667, Time: 1.83s
    [=== Generating 2x synthetic data with GMM ===]
      -> [KNN + GMM @ 2x] Acc: 0.9650, F1: 0.9653, Time: 0.02s
      -> [RandomForest + GMM @ 2x] Acc: 0.9517, F1: 0.9516, Time: 1.53s
      -> [LinearSVC + GMM @ 2x] Acc: 0.6767, F1: 0.6794, Time: 0.22s
      -> [LogisticRegression + GMM @ 2x] Acc: 0.6683, F1: 0.6700, Time: 0.08s
      -> [RNN + GMM @ 2x] Acc: 0.6667, F1: 0.6667, Time: 0.35s
    [=== Generating 3x synthetic data with GMM ===]
      -> [KNN + GMM @ 3x] Acc: 0.9767, F1: 0.9771, Time: 0.02s
      -> [RandomForest + GMM @ 3x] Acc: 0.9533, F1: 0.9533, Time: 2.43s
      -> [LinearSVC + GMM @ 3x] Acc: 0.6683, F1: 0.6702, Time: 0.28s
      -> [LogisticRegression + GMM @ 3x] Acc: 0.6617, F1: 0.6628, Time: 0.09s
      -> [RNN + GMM @ 3x] Acc: 0.8333, F1: 0.7619, Time: 0.67s
    [=== Generating 5x synthetic data with GMM ===]
      -> [KNN + GMM @ 5x] Acc: 0.9750, F1: 0.9756, Time: 0.04s
      -> [RandomForest + GMM @ 5x] Acc: 0.9333, F1: 0.9327, Time: 4.40s
      -> [LinearSVC + GMM @ 5x] Acc: 0.6567, F1: 0.6578, Time: 0.59s
      -> [LogisticRegression + GMM @ 5x] Acc: 0.6617, F1: 0.6628, Time: 0.11s
      -> [RNN + GMM @ 5x] Acc: 0.6667, F1: 0.6667, Time: 0.95s
    [=== Generating 10x synthetic data with GMM ===]
      -> [KNN + GMM @ 10x] Acc: 0.9683, F1: 0.9692, Time: 0.08s
      -> [RandomForest + GMM @ 10x] Acc: 0.9500, F1: 0.9497, Time: 10.53s
      -> [LinearSVC + GMM @ 10x] Acc: 0.6517, F1: 0.6538, Time: 1.92s
      -> [LogisticRegression + GMM @ 10x] Acc: 0.6600, F1: 0.6611, Time: 0.39s
      -> [RNN + GMM @ 10x] Acc: 1.0000, F1: 1.0000, Time: 1.87s
    [=== Generating 2x synthetic data with HMM_GMM ===]
      -> [KNN + HMM_GMM @ 2x] Acc: 0.9600, F1: 0.9602, Time: 0.02s
      -> [RandomForest + HMM_GMM @ 2x] Acc: 0.9567, F1: 0.9568, Time: 1.07s
      -> [LinearSVC + HMM_GMM @ 2x] Acc: 0.5017, F1: 0.5021, Time: 0.04s
      -> [LogisticRegression + HMM_GMM @ 2x] Acc: 0.6383, F1: 0.6402, Time: 0.02s
      -> [RNN + HMM_GMM @ 2x] Acc: 0.6667, F1: 0.6667, Time: 0.39s
    [=== Generating 3x synthetic data with HMM_GMM ===]
      -> [KNN + HMM_GMM @ 3x] Acc: 0.9600, F1: 0.9602, Time: 0.02s
      -> [RandomForest + HMM_GMM @ 3x] Acc: 0.9467, F1: 0.9463, Time: 1.27s
      -> [LinearSVC + HMM_GMM @ 3x] Acc: 0.5100, F1: 0.5109, Time: 0.05s
      -> [LogisticRegression + HMM_GMM @ 3x] Acc: 0.6400, F1: 0.6420, Time: 0.04s
      -> [RNN + HMM_GMM @ 3x] Acc: 1.0000, F1: 1.0000, Time: 0.66s
    [=== Generating 5x synthetic data with HMM_GMM ===]
      -> [KNN + HMM_GMM @ 5x] Acc: 0.9600, F1: 0.9602, Time: 0.04s
      -> [RandomForest + HMM_GMM @ 5x] Acc: 0.9400, F1: 0.9395, Time: 1.72s
      -> [LinearSVC + HMM_GMM @ 5x] Acc: 0.5267, F1: 0.5297, Time: 0.12s
      -> [LogisticRegression + HMM_GMM @ 5x] Acc: 0.6300, F1: 0.6307, Time: 0.06s
      -> [RNN + HMM_GMM @ 5x] Acc: 0.6667, F1: 0.6667, Time: 1.17s
    [=== Generating 10x synthetic data with HMM_GMM ===]
      -> [KNN + HMM_GMM @ 10x] Acc: 0.9600, F1: 0.9602, Time: 0.09s
      -> [RandomForest + HMM_GMM @ 10x] Acc: 0.9583, F1: 0.9585, Time: 2.91s
      -> [LinearSVC + HMM_GMM @ 10x] Acc: 0.5283, F1: 0.5348, Time: 0.48s
      -> [LogisticRegression + HMM_GMM @ 10x] Acc: 0.6267, F1: 0.6266, Time: 0.17s
      -> [RNN + HMM_GMM @ 10x] Acc: 0.6667, F1: 0.6278, Time: 1.93s
    [=== Generating 2x synthetic data with TimeVAE ===]
      -> [KNN + TimeVAE @ 2x] Acc: 0.9600, F1: 0.9602, Time: 0.02s
      -> [RandomForest + TimeVAE @ 2x] Acc: 0.9433, F1: 0.9434, Time: 1.31s
      -> [LinearSVC + TimeVAE @ 2x] Acc: 0.7583, F1: 0.7635, Time: 0.40s
      -> [LogisticRegression + TimeVAE @ 2x] Acc: 0.7667, F1: 0.7709, Time: 0.06s
      -> [RNN + TimeVAE @ 2x] Acc: 0.8333, F1: 0.7619, Time: 0.49s
    [=== Generating 3x synthetic data with TimeVAE ===]
      -> [KNN + TimeVAE @ 3x] Acc: 0.9600, F1: 0.9602, Time: 0.02s
      -> [RandomForest + TimeVAE @ 3x] Acc: 0.9567, F1: 0.9568, Time: 1.92s
      -> [LinearSVC + TimeVAE @ 3x] Acc: 0.7650, F1: 0.7697, Time: 0.46s
      -> [LogisticRegression + TimeVAE @ 3x] Acc: 0.7433, F1: 0.7490, Time: 0.12s
      -> [RNN + TimeVAE @ 3x] Acc: 0.6667, F1: 0.5972, Time: 0.66s
    [=== Generating 5x synthetic data with TimeVAE ===]
      -> [KNN + TimeVAE @ 5x] Acc: 0.9600, F1: 0.9602, Time: 0.03s
      -> [RandomForest + TimeVAE @ 5x] Acc: 0.9433, F1: 0.9431, Time: 3.32s
      -> [LinearSVC + TimeVAE @ 5x] Acc: 0.5850, F1: 0.5992, Time: 0.85s
      -> [LogisticRegression + TimeVAE @ 5x] Acc: 0.7217, F1: 0.7272, Time: 0.21s
      -> [RNN + TimeVAE @ 5x] Acc: 0.6667, F1: 0.7056, Time: 1.27s
    [=== Generating 10x synthetic data with TimeVAE ===]
      -> [KNN + TimeVAE @ 10x] Acc: 0.9600, F1: 0.9602, Time: 0.08s
      -> [RandomForest + TimeVAE @ 10x] Acc: 0.9350, F1: 0.9348, Time: 7.40s
      -> [LinearSVC + TimeVAE @ 10x] Acc: 0.6200, F1: 0.6343, Time: 2.37s
      -> [LogisticRegression + TimeVAE @ 10x] Acc: 0.7183, F1: 0.7232, Time: 0.46s
      -> [RNN + TimeVAE @ 10x] Acc: 0.6667, F1: 0.5972, Time: 1.92s
Graph saved to w:\MyGoogleDrive\ELTE\Synthetic Data Gen\New Experiment\Results\Coffee_F5_S20_performance.png
