Starting Plant_oil - Seed 2 - Fold 3


==================================================
Running experiment for Plant_oil
==================================================

--- Fold 3/10 ---

  >> Seed sets per label: 2

    >> Seed Fold Selection: 1/10
    Evaluating Model: KNN
      -> [Baseline] Acc: 0.7406, F1: 0.7390, Time: 0.99s
      HP Tuning KNN...
n_iterations: 3
n_required_iterations: 3
n_possible_iterations: 4
min_resources_: 76
max_resources_: 3800
aggressive_elimination: False
factor: 3
----------
iter: 0
n_candidates: 20
n_resources: 76
Fitting 2 folds for each of 20 candidates, totalling 40 fits
----------
iter: 1
n_candidates: 7
n_resources: 228
Fitting 2 folds for each of 7 candidates, totalling 14 fits
----------
iter: 2
n_candidates: 3
n_resources: 684
Fitting 2 folds for each of 3 candidates, totalling 6 fits
      -> [Tuned_Baseline] Acc: 0.7368, F1: 0.7349, Time: 0.11s
    Evaluating Model: RandomForest
      -> [Baseline] Acc: 0.6928, F1: 0.6904, Time: 1.04s
      HP Tuning RandomForest...
n_iterations: 3
n_required_iterations: 3
n_possible_iterations: 4
min_resources_: 76
max_resources_: 3800
aggressive_elimination: False
factor: 3
----------
iter: 0
n_candidates: 20
n_resources: 76
Fitting 2 folds for each of 20 candidates, totalling 40 fits
----------
iter: 1
n_candidates: 7
n_resources: 228
Fitting 2 folds for each of 7 candidates, totalling 14 fits
----------
iter: 2
n_candidates: 3
n_resources: 684
Fitting 2 folds for each of 3 candidates, totalling 6 fits
      -> [Tuned_Baseline] Acc: 0.6928, F1: 0.6904, Time: 0.19s
    Evaluating Model: LinearSVC
      -> [Baseline] Acc: 0.6526, F1: 0.6410, Time: 0.09s
      HP Tuning LinearSVC...
n_iterations: 3
n_required_iterations: 3
n_possible_iterations: 4
min_resources_: 76
max_resources_: 3800
aggressive_elimination: False
factor: 3
----------
iter: 0
n_candidates: 20
n_resources: 76
Fitting 2 folds for each of 20 candidates, totalling 40 fits
----------
iter: 1
n_candidates: 7
n_resources: 228
Fitting 2 folds for each of 7 candidates, totalling 14 fits
----------
iter: 2
n_candidates: 3
n_resources: 684
Fitting 2 folds for each of 3 candidates, totalling 6 fits
      -> [Tuned_Baseline] Acc: 0.6317, F1: 0.6205, Time: 0.00s
    Evaluating Model: LogisticRegression
      -> [Baseline] Acc: 0.7076, F1: 0.7058, Time: 0.33s
      HP Tuning LogisticRegression...
n_iterations: 3
n_required_iterations: 3
n_possible_iterations: 4
min_resources_: 76
max_resources_: 3800
aggressive_elimination: False
factor: 3
----------
iter: 0
n_candidates: 12
n_resources: 76
Fitting 2 folds for each of 12 candidates, totalling 24 fits
----------
iter: 1
n_candidates: 4
n_resources: 228
Fitting 2 folds for each of 4 candidates, totalling 8 fits
----------
iter: 2
n_candidates: 2
n_resources: 684
Fitting 2 folds for each of 2 candidates, totalling 4 fits
      -> [Tuned_Baseline] Acc: 0.7162, F1: 0.7098, Time: 0.00s
    Evaluating Model: RNN
      -> [Baseline] Acc: 0.1579, F1: 0.0674, Time: 2.82s
      -> [Tuned_Baseline] Acc: 0.1579, F1: 0.0674, Time: 0.01s
    [=== Generating 2x synthetic data with Jittering ===]
      -> [KNN + Jittering @ 2x] Acc: 0.7395, F1: 0.7377, Time: 0.14s
      -> [RandomForest + Jittering @ 2x] Acc: 0.7179, F1: 0.7162, Time: 2.74s
      -> [LinearSVC + Jittering @ 2x] Acc: 0.6292, F1: 0.6168, Time: 0.35s
      -> [LogisticRegression + Jittering @ 2x] Acc: 0.7083, F1: 0.7005, Time: 0.46s
      -> [RNN + Jittering @ 2x] Acc: 0.1053, F1: 0.0285, Time: 0.59s
    [=== Generating 3x synthetic data with Jittering ===]
      -> [KNN + Jittering @ 3x] Acc: 0.7392, F1: 0.7373, Time: 0.34s
      -> [RandomForest + Jittering @ 3x] Acc: 0.7236, F1: 0.7218, Time: 3.12s
      -> [LinearSVC + Jittering @ 3x] Acc: 0.6322, F1: 0.6200, Time: 1.14s
      -> [LogisticRegression + Jittering @ 3x] Acc: 0.7019, F1: 0.6945, Time: 1.11s
      -> [RNN + Jittering @ 3x] Acc: 0.2256, F1: 0.1448, Time: 1.12s
    [=== Generating 5x synthetic data with Jittering ===]
      -> [KNN + Jittering @ 5x] Acc: 0.7377, F1: 0.7363, Time: 0.22s
      -> [RandomForest + Jittering @ 5x] Acc: 0.7243, F1: 0.7230, Time: 5.90s
      -> [LinearSVC + Jittering @ 5x] Acc: 0.6294, F1: 0.6176, Time: 0.94s
      -> [LogisticRegression + Jittering @ 5x] Acc: 0.6945, F1: 0.6871, Time: 1.61s
      -> [RNN + Jittering @ 5x] Acc: 0.2932, F1: 0.1759, Time: 1.49s
    [=== Generating 10x synthetic data with Jittering ===]
      -> [KNN + Jittering @ 10x] Acc: 0.7398, F1: 0.7383, Time: 0.37s
      -> [RandomForest + Jittering @ 10x] Acc: 0.7241, F1: 0.7218, Time: 13.09s
      -> [LinearSVC + Jittering @ 10x] Acc: 0.6317, F1: 0.6188, Time: 2.32s
      -> [LogisticRegression + Jittering @ 10x] Acc: 0.6870, F1: 0.6798, Time: 2.82s
      -> [RNN + Jittering @ 10x] Acc: 0.3684, F1: 0.3346, Time: 1.85s
    [=== Generating 2x synthetic data with Scaling ===]
      -> [KNN + Scaling @ 2x] Acc: 0.7445, F1: 0.7430, Time: 0.29s
      -> [RandomForest + Scaling @ 2x] Acc: 0.6949, F1: 0.6935, Time: 2.36s
      -> [LinearSVC + Scaling @ 2x] Acc: 0.6429, F1: 0.6354, Time: 0.33s
      -> [LogisticRegression + Scaling @ 2x] Acc: 0.7086, F1: 0.7067, Time: 0.36s
      -> [RNN + Scaling @ 2x] Acc: 0.2105, F1: 0.1266, Time: 0.51s
    [=== Generating 3x synthetic data with Scaling ===]
      -> [KNN + Scaling @ 3x] Acc: 0.7269, F1: 0.7233, Time: 0.29s
      -> [RandomForest + Scaling @ 3x] Acc: 0.6666, F1: 0.6637, Time: 2.76s
      -> [LinearSVC + Scaling @ 3x] Acc: 0.6411, F1: 0.6234, Time: 0.89s
      -> [LogisticRegression + Scaling @ 3x] Acc: 0.6760, F1: 0.6652, Time: 0.62s
      -> [RNN + Scaling @ 3x] Acc: 0.2707, F1: 0.1774, Time: 1.15s
    [=== Generating 5x synthetic data with Scaling ===]
      -> [KNN + Scaling @ 5x] Acc: 0.7274, F1: 0.7236, Time: 0.46s
      -> [RandomForest + Scaling @ 5x] Acc: 0.6687, F1: 0.6683, Time: 6.01s
      -> [LinearSVC + Scaling @ 5x] Acc: 0.6259, F1: 0.6136, Time: 1.47s
      -> [LogisticRegression + Scaling @ 5x] Acc: 0.6941, F1: 0.6897, Time: 1.54s
      -> [RNN + Scaling @ 5x] Acc: 0.3459, F1: 0.2483, Time: 1.09s
    [=== Generating 10x synthetic data with Scaling ===]
      -> [KNN + Scaling @ 10x] Acc: 0.7058, F1: 0.7052, Time: 0.30s
      -> [RandomForest + Scaling @ 10x] Acc: 0.6648, F1: 0.6643, Time: 12.26s
      -> [LinearSVC + Scaling @ 10x] Acc: 0.6237, F1: 0.6112, Time: 2.02s
      -> [LogisticRegression + Scaling @ 10x] Acc: 0.6706, F1: 0.6642, Time: 2.72s
      -> [RNN + Scaling @ 10x] Acc: 0.3459, F1: 0.2952, Time: 2.63s
    [=== Generating 2x synthetic data with Magnitude_Warping ===]
      -> [KNN + Magnitude_Warping @ 2x] Acc: 0.7340, F1: 0.7352, Time: 0.32s
      -> [RandomForest + Magnitude_Warping @ 2x] Acc: 0.6728, F1: 0.6759, Time: 2.55s
      -> [LinearSVC + Magnitude_Warping @ 2x] Acc: 0.6208, F1: 0.6190, Time: 0.61s
      -> [LogisticRegression + Magnitude_Warping @ 2x] Acc: 0.7058, F1: 0.7035, Time: 0.76s
      -> [RNN + Magnitude_Warping @ 2x] Acc: 0.1203, F1: 0.0375, Time: 0.87s
    [=== Generating 3x synthetic data with Magnitude_Warping ===]
      -> [KNN + Magnitude_Warping @ 3x] Acc: 0.7179, F1: 0.7181, Time: 0.40s
      -> [RandomForest + Magnitude_Warping @ 3x] Acc: 0.6610, F1: 0.6660, Time: 3.14s
      -> [LinearSVC + Magnitude_Warping @ 3x] Acc: 0.5965, F1: 0.5882, Time: 0.94s
      -> [LogisticRegression + Magnitude_Warping @ 3x] Acc: 0.6644, F1: 0.6656, Time: 0.78s
      -> [RNN + Magnitude_Warping @ 3x] Acc: 0.1880, F1: 0.0906, Time: 0.56s
    [=== Generating 5x synthetic data with Magnitude_Warping ===]
      -> [KNN + Magnitude_Warping @ 5x] Acc: 0.7408, F1: 0.7411, Time: 0.25s
      -> [RandomForest + Magnitude_Warping @ 5x] Acc: 0.6783, F1: 0.6822, Time: 5.21s
      -> [LinearSVC + Magnitude_Warping @ 5x] Acc: 0.6098, F1: 0.5973, Time: 0.88s
      -> [LogisticRegression + Magnitude_Warping @ 5x] Acc: 0.6794, F1: 0.6802, Time: 0.89s
      -> [RNN + Magnitude_Warping @ 5x] Acc: 0.3008, F1: 0.2074, Time: 0.86s
    [=== Generating 10x synthetic data with Magnitude_Warping ===]
      -> [KNN + Magnitude_Warping @ 10x] Acc: 0.7213, F1: 0.7226, Time: 0.44s
      -> [RandomForest + Magnitude_Warping @ 10x] Acc: 0.6867, F1: 0.6887, Time: 17.32s
      -> [LinearSVC + Magnitude_Warping @ 10x] Acc: 0.6186, F1: 0.6043, Time: 3.48s
      -> [LogisticRegression + Magnitude_Warping @ 10x] Acc: 0.6908, F1: 0.6909, Time: 2.61s
      -> [RNN + Magnitude_Warping @ 10x] Acc: 0.4812, F1: 0.4182, Time: 1.78s
    [=== Generating 2x synthetic data with Time_Warping ===]
      -> [KNN + Time_Warping @ 2x] Acc: 0.7313, F1: 0.7289, Time: 0.15s
      -> [RandomForest + Time_Warping @ 2x] Acc: 0.6771, F1: 0.6729, Time: 2.54s
      -> [LinearSVC + Time_Warping @ 2x] Acc: 0.6258, F1: 0.6194, Time: 0.57s
      -> [LogisticRegression + Time_Warping @ 2x] Acc: 0.6865, F1: 0.6776, Time: 0.80s
      -> [RNN + Time_Warping @ 2x] Acc: 0.1429, F1: 0.0503, Time: 0.88s
    [=== Generating 3x synthetic data with Time_Warping ===]
      -> [KNN + Time_Warping @ 3x] Acc: 0.7099, F1: 0.7063, Time: 0.30s
      -> [RandomForest + Time_Warping @ 3x] Acc: 0.6749, F1: 0.6715, Time: 3.06s
      -> [LinearSVC + Time_Warping @ 3x] Acc: 0.6054, F1: 0.5943, Time: 1.07s
      -> [LogisticRegression + Time_Warping @ 3x] Acc: 0.6662, F1: 0.6565, Time: 0.67s
      -> [RNN + Time_Warping @ 3x] Acc: 0.3083, F1: 0.1979, Time: 0.57s
    [=== Generating 5x synthetic data with Time_Warping ===]
      -> [KNN + Time_Warping @ 5x] Acc: 0.7220, F1: 0.7190, Time: 0.24s
      -> [RandomForest + Time_Warping @ 5x] Acc: 0.6763, F1: 0.6713, Time: 5.66s
      -> [LinearSVC + Time_Warping @ 5x] Acc: 0.5901, F1: 0.5776, Time: 1.20s
      -> [LogisticRegression + Time_Warping @ 5x] Acc: 0.6978, F1: 0.6938, Time: 1.72s
      -> [RNN + Time_Warping @ 5x] Acc: 0.2481, F1: 0.1406, Time: 1.01s
    [=== Generating 10x synthetic data with Time_Warping ===]
      -> [KNN + Time_Warping @ 10x] Acc: 0.7149, F1: 0.7128, Time: 0.59s
      -> [RandomForest + Time_Warping @ 10x] Acc: 0.6411, F1: 0.6370, Time: 12.02s
      -> [LinearSVC + Time_Warping @ 10x] Acc: 0.5925, F1: 0.5807, Time: 3.47s
      -> [LogisticRegression + Time_Warping @ 10x] Acc: 0.6727, F1: 0.6646, Time: 1.75s
      -> [RNN + Time_Warping @ 10x] Acc: 0.4436, F1: 0.3592, Time: 1.78s

    >> Seed Fold Selection: 2/10
    Evaluating Model: KNN
      -> [Baseline] Acc: 0.7198, F1: 0.7133, Time: 0.91s
      HP Tuning KNN...
n_iterations: 3
n_required_iterations: 3
n_possible_iterations: 4
min_resources_: 76
max_resources_: 3800
aggressive_elimination: False
factor: 3
----------
iter: 0
n_candidates: 20
n_resources: 76
Fitting 2 folds for each of 20 candidates, totalling 40 fits
----------
iter: 1
n_candidates: 7
n_resources: 228
Fitting 2 folds for each of 7 candidates, totalling 14 fits
----------
iter: 2
n_candidates: 3
n_resources: 684
Fitting 2 folds for each of 3 candidates, totalling 6 fits
      -> [Tuned_Baseline] Acc: 0.7200, F1: 0.7133, Time: 0.09s
    Evaluating Model: RandomForest
      -> [Baseline] Acc: 0.7146, F1: 0.7146, Time: 1.20s
      HP Tuning RandomForest...
n_iterations: 3
n_required_iterations: 3
n_possible_iterations: 4
min_resources_: 76
max_resources_: 3800
aggressive_elimination: False
factor: 3
----------
iter: 0
n_candidates: 20
n_resources: 76
Fitting 2 folds for each of 20 candidates, totalling 40 fits
----------
iter: 1
n_candidates: 7
n_resources: 228
Fitting 2 folds for each of 7 candidates, totalling 14 fits
----------
iter: 2
n_candidates: 3
n_resources: 684
Fitting 2 folds for each of 3 candidates, totalling 6 fits
      -> [Tuned_Baseline] Acc: 0.7121, F1: 0.7114, Time: 0.04s
    Evaluating Model: LinearSVC
      -> [Baseline] Acc: 0.6690, F1: 0.6638, Time: 0.04s
      HP Tuning LinearSVC...
n_iterations: 3
n_required_iterations: 3
n_possible_iterations: 4
min_resources_: 76
max_resources_: 3800
aggressive_elimination: False
factor: 3
----------
iter: 0
n_candidates: 20
n_resources: 76
Fitting 2 folds for each of 20 candidates, totalling 40 fits
----------
iter: 1
n_candidates: 7
n_resources: 228
Fitting 2 folds for each of 7 candidates, totalling 14 fits
----------
iter: 2
n_candidates: 3
n_resources: 684
Fitting 2 folds for each of 3 candidates, totalling 6 fits
      -> [Tuned_Baseline] Acc: 0.6518, F1: 0.6448, Time: 0.00s
    Evaluating Model: LogisticRegression
      -> [Baseline] Acc: 0.7533, F1: 0.7482, Time: 0.20s
      HP Tuning LogisticRegression...
n_iterations: 3
n_required_iterations: 3
n_possible_iterations: 4
min_resources_: 76
max_resources_: 3800
aggressive_elimination: False
factor: 3
----------
iter: 0
n_candidates: 12
n_resources: 76
Fitting 2 folds for each of 12 candidates, totalling 24 fits
----------
iter: 1
n_candidates: 4
n_resources: 228
Fitting 2 folds for each of 4 candidates, totalling 8 fits
----------
iter: 2
n_candidates: 2
n_resources: 684
Fitting 2 folds for each of 2 candidates, totalling 4 fits
      -> [Tuned_Baseline] Acc: 0.7690, F1: 0.7644, Time: 0.00s
    Evaluating Model: RNN
      -> [Baseline] Acc: 0.1955, F1: 0.0926, Time: 0.49s
      -> [Tuned_Baseline] Acc: 0.1955, F1: 0.0926, Time: 0.03s
    [=== Generating 2x synthetic data with Jittering ===]
      -> [KNN + Jittering @ 2x] Acc: 0.7201, F1: 0.7135, Time: 0.28s
      -> [RandomForest + Jittering @ 2x] Acc: 0.7201, F1: 0.7165, Time: 1.35s
      -> [LinearSVC + Jittering @ 2x] Acc: 0.6539, F1: 0.6468, Time: 0.66s
      -> [LogisticRegression + Jittering @ 2x] Acc: 0.7629, F1: 0.7572, Time: 0.37s
      -> [RNN + Jittering @ 2x] Acc: 0.2105, F1: 0.1159, Time: 0.42s
    [=== Generating 3x synthetic data with Jittering ===]
      -> [KNN + Jittering @ 3x] Acc: 0.7195, F1: 0.7129, Time: 0.17s
      -> [RandomForest + Jittering @ 3x] Acc: 0.7186, F1: 0.7159, Time: 2.05s
      -> [LinearSVC + Jittering @ 3x] Acc: 0.6562, F1: 0.6485, Time: 0.54s
      -> [LogisticRegression + Jittering @ 3x] Acc: 0.7596, F1: 0.7527, Time: 1.18s
      -> [RNN + Jittering @ 3x] Acc: 0.2857, F1: 0.1907, Time: 0.80s
    [=== Generating 5x synthetic data with Jittering ===]
      -> [KNN + Jittering @ 5x] Acc: 0.7189, F1: 0.7127, Time: 0.38s
      -> [RandomForest + Jittering @ 5x] Acc: 0.7148, F1: 0.7129, Time: 2.31s
      -> [LinearSVC + Jittering @ 5x] Acc: 0.6559, F1: 0.6483, Time: 1.15s
      -> [LogisticRegression + Jittering @ 5x] Acc: 0.7590, F1: 0.7525, Time: 1.74s
      -> [RNN + Jittering @ 5x] Acc: 0.3383, F1: 0.2536, Time: 1.24s
    [=== Generating 10x synthetic data with Jittering ===]
      -> [KNN + Jittering @ 10x] Acc: 0.7210, F1: 0.7143, Time: 0.25s
      -> [RandomForest + Jittering @ 10x] Acc: 0.7323, F1: 0.7294, Time: 6.10s
      -> [LinearSVC + Jittering @ 10x] Acc: 0.6557, F1: 0.6482, Time: 2.34s
      -> [LogisticRegression + Jittering @ 10x] Acc: 0.7513, F1: 0.7449, Time: 2.63s
      -> [RNN + Jittering @ 10x] Acc: 0.4135, F1: 0.3268, Time: 2.88s
    [=== Generating 2x synthetic data with Scaling ===]
      -> [KNN + Scaling @ 2x] Acc: 0.7281, F1: 0.7218, Time: 0.12s
      -> [RandomForest + Scaling @ 2x] Acc: 0.7075, F1: 0.7034, Time: 1.28s
      -> [LinearSVC + Scaling @ 2x] Acc: 0.6511, F1: 0.6441, Time: 0.41s
      -> [LogisticRegression + Scaling @ 2x] Acc: 0.7571, F1: 0.7506, Time: 0.36s
      -> [RNN + Scaling @ 2x] Acc: 0.2556, F1: 0.1533, Time: 0.39s
    [=== Generating 3x synthetic data with Scaling ===]
      -> [KNN + Scaling @ 3x] Acc: 0.7172, F1: 0.7123, Time: 0.29s
      -> [RandomForest + Scaling @ 3x] Acc: 0.7197, F1: 0.7161, Time: 1.92s
      -> [LinearSVC + Scaling @ 3x] Acc: 0.6563, F1: 0.6466, Time: 0.58s
      -> [LogisticRegression + Scaling @ 3x] Acc: 0.7516, F1: 0.7479, Time: 0.62s
      -> [RNN + Scaling @ 3x] Acc: 0.2932, F1: 0.1677, Time: 0.85s
    [=== Generating 5x synthetic data with Scaling ===]
      -> [KNN + Scaling @ 5x] Acc: 0.7139, F1: 0.7072, Time: 0.38s
      -> [RandomForest + Scaling @ 5x] Acc: 0.7317, F1: 0.7315, Time: 3.27s
      -> [LinearSVC + Scaling @ 5x] Acc: 0.6512, F1: 0.6393, Time: 1.42s
      -> [LogisticRegression + Scaling @ 5x] Acc: 0.7456, F1: 0.7392, Time: 1.47s
      -> [RNN + Scaling @ 5x] Acc: 0.2632, F1: 0.1676, Time: 0.84s
    [=== Generating 10x synthetic data with Scaling ===]
      -> [KNN + Scaling @ 10x] Acc: 0.7111, F1: 0.7043, Time: 0.27s
      -> [RandomForest + Scaling @ 10x] Acc: 0.7097, F1: 0.7084, Time: 5.22s
      -> [LinearSVC + Scaling @ 10x] Acc: 0.6654, F1: 0.6546, Time: 2.69s
      -> [LogisticRegression + Scaling @ 10x] Acc: 0.7532, F1: 0.7489, Time: 1.87s
      -> [RNN + Scaling @ 10x] Acc: 0.4436, F1: 0.3275, Time: 2.64s
    [=== Generating 2x synthetic data with Magnitude_Warping ===]
      -> [KNN + Magnitude_Warping @ 2x] Acc: 0.7165, F1: 0.7105, Time: 0.26s
      -> [RandomForest + Magnitude_Warping @ 2x] Acc: 0.6980, F1: 0.6949, Time: 0.99s
      -> [LinearSVC + Magnitude_Warping @ 2x] Acc: 0.6178, F1: 0.6049, Time: 0.32s
      -> [LogisticRegression + Magnitude_Warping @ 2x] Acc: 0.7098, F1: 0.7004, Time: 0.77s
      -> [RNN + Magnitude_Warping @ 2x] Acc: 0.1805, F1: 0.0840, Time: 0.87s
    [=== Generating 3x synthetic data with Magnitude_Warping ===]
      -> [KNN + Magnitude_Warping @ 3x] Acc: 0.7150, F1: 0.7086, Time: 0.16s
      -> [RandomForest + Magnitude_Warping @ 3x] Acc: 0.7085, F1: 0.7058, Time: 1.51s
      -> [LinearSVC + Magnitude_Warping @ 3x] Acc: 0.6444, F1: 0.6330, Time: 0.51s
      -> [LogisticRegression + Magnitude_Warping @ 3x] Acc: 0.7087, F1: 0.7028, Time: 0.58s
      -> [RNN + Magnitude_Warping @ 3x] Acc: 0.2180, F1: 0.1225, Time: 0.57s
    [=== Generating 5x synthetic data with Magnitude_Warping ===]
      -> [KNN + Magnitude_Warping @ 5x] Acc: 0.7162, F1: 0.7100, Time: 0.21s
      -> [RandomForest + Magnitude_Warping @ 5x] Acc: 0.7017, F1: 0.7011, Time: 2.98s
      -> [LinearSVC + Magnitude_Warping @ 5x] Acc: 0.6415, F1: 0.6291, Time: 1.24s
      -> [LogisticRegression + Magnitude_Warping @ 5x] Acc: 0.7073, F1: 0.7003, Time: 1.39s
      -> [RNN + Magnitude_Warping @ 5x] Acc: 0.4361, F1: 0.3453, Time: 0.82s
    [=== Generating 10x synthetic data with Magnitude_Warping ===]
      -> [KNN + Magnitude_Warping @ 10x] Acc: 0.7151, F1: 0.7103, Time: 0.28s
      -> [RandomForest + Magnitude_Warping @ 10x] Acc: 0.7035, F1: 0.7008, Time: 5.77s
      -> [LinearSVC + Magnitude_Warping @ 10x] Acc: 0.6277, F1: 0.6127, Time: 2.83s
      -> [LogisticRegression + Magnitude_Warping @ 10x] Acc: 0.7429, F1: 0.7377, Time: 2.58s
      -> [RNN + Magnitude_Warping @ 10x] Acc: 0.4286, F1: 0.3422, Time: 2.14s
    [=== Generating 2x synthetic data with Time_Warping ===]
      -> [KNN + Time_Warping @ 2x] Acc: 0.7180, F1: 0.7124, Time: 0.28s
      -> [RandomForest + Time_Warping @ 2x] Acc: 0.6967, F1: 0.6934, Time: 1.32s
      -> [LinearSVC + Time_Warping @ 2x] Acc: 0.6453, F1: 0.6337, Time: 0.64s
      -> [LogisticRegression + Time_Warping @ 2x] Acc: 0.7482, F1: 0.7431, Time: 0.63s
      -> [RNN + Time_Warping @ 2x] Acc: 0.2556, F1: 0.1690, Time: 0.80s
    [=== Generating 3x synthetic data with Time_Warping ===]
      -> [KNN + Time_Warping @ 3x] Acc: 0.7254, F1: 0.7205, Time: 0.31s
      -> [RandomForest + Time_Warping @ 3x] Acc: 0.6732, F1: 0.6692, Time: 1.35s
      -> [LinearSVC + Time_Warping @ 3x] Acc: 0.6498, F1: 0.6394, Time: 1.00s
      -> [LogisticRegression + Time_Warping @ 3x] Acc: 0.7737, F1: 0.7711, Time: 0.77s
      -> [RNN + Time_Warping @ 3x] Acc: 0.3233, F1: 0.2024, Time: 1.10s
    [=== Generating 5x synthetic data with Time_Warping ===]
      -> [KNN + Time_Warping @ 5x] Acc: 0.7002, F1: 0.6937, Time: 0.20s
      -> [RandomForest + Time_Warping @ 5x] Acc: 0.6620, F1: 0.6602, Time: 2.95s
      -> [LinearSVC + Time_Warping @ 5x] Acc: 0.6425, F1: 0.6277, Time: 1.03s
      -> [LogisticRegression + Time_Warping @ 5x] Acc: 0.7233, F1: 0.7174, Time: 1.39s
      -> [RNN + Time_Warping @ 5x] Acc: 0.3383, F1: 0.2210, Time: 1.52s
    [=== Generating 10x synthetic data with Time_Warping ===]
      -> [KNN + Time_Warping @ 10x] Acc: 0.7030, F1: 0.6980, Time: 0.47s
      -> [RandomForest + Time_Warping @ 10x] Acc: 0.6583, F1: 0.6577, Time: 5.10s
      -> [LinearSVC + Time_Warping @ 10x] Acc: 0.6363, F1: 0.6255, Time: 1.86s
      -> [LogisticRegression + Time_Warping @ 10x] Acc: 0.7265, F1: 0.7247, Time: 1.79s
      -> [RNN + Time_Warping @ 10x] Acc: 0.4812, F1: 0.4200, Time: 1.72s

    >> Seed Fold Selection: 3/10
    Evaluating Model: KNN
      -> [Baseline] Acc: 0.7177, F1: 0.7161, Time: 0.64s
      HP Tuning KNN...
n_iterations: 3
n_required_iterations: 3
n_possible_iterations: 4
min_resources_: 76
max_resources_: 3800
aggressive_elimination: False
factor: 3
----------
iter: 0
n_candidates: 20
n_resources: 76
Fitting 2 folds for each of 20 candidates, totalling 40 fits
----------
iter: 1
n_candidates: 7
n_resources: 228
Fitting 2 folds for each of 7 candidates, totalling 14 fits
----------
iter: 2
n_candidates: 3
n_resources: 684
Fitting 2 folds for each of 3 candidates, totalling 6 fits
      -> [Tuned_Baseline] Acc: 0.7114, F1: 0.7094, Time: 0.16s
    Evaluating Model: RandomForest
      -> [Baseline] Acc: 0.7057, F1: 0.7011, Time: 1.02s
      HP Tuning RandomForest...
n_iterations: 3
n_required_iterations: 3
n_possible_iterations: 4
min_resources_: 76
max_resources_: 3800
aggressive_elimination: False
factor: 3
----------
iter: 0
n_candidates: 20
n_resources: 76
Fitting 2 folds for each of 20 candidates, totalling 40 fits
----------
iter: 1
n_candidates: 7
n_resources: 228
Fitting 2 folds for each of 7 candidates, totalling 14 fits
----------
iter: 2
n_candidates: 3
n_resources: 684
Fitting 2 folds for each of 3 candidates, totalling 6 fits
      -> [Tuned_Baseline] Acc: 0.7057, F1: 0.7011, Time: 0.09s
    Evaluating Model: LinearSVC
      -> [Baseline] Acc: 0.6870, F1: 0.6827, Time: 0.05s
      HP Tuning LinearSVC...
n_iterations: 3
n_required_iterations: 3
n_possible_iterations: 4
min_resources_: 76
max_resources_: 3800
aggressive_elimination: False
factor: 3
----------
iter: 0
n_candidates: 20
n_resources: 76
Fitting 2 folds for each of 20 candidates, totalling 40 fits
----------
iter: 1
n_candidates: 7
n_resources: 228
Fitting 2 folds for each of 7 candidates, totalling 14 fits
----------
iter: 2
n_candidates: 3
n_resources: 684
Fitting 2 folds for each of 3 candidates, totalling 6 fits
      -> [Tuned_Baseline] Acc: 0.6885, F1: 0.6817, Time: 0.00s
    Evaluating Model: LogisticRegression
      -> [Baseline] Acc: 0.7112, F1: 0.7061, Time: 0.20s
      HP Tuning LogisticRegression...
n_iterations: 3
n_required_iterations: 3
n_possible_iterations: 4
min_resources_: 76
max_resources_: 3800
aggressive_elimination: False
factor: 3
----------
iter: 0
n_candidates: 12
n_resources: 76
Fitting 2 folds for each of 12 candidates, totalling 24 fits
----------
iter: 1
n_candidates: 4
n_resources: 228
Fitting 2 folds for each of 4 candidates, totalling 8 fits
----------
iter: 2
n_candidates: 2
n_resources: 684
Fitting 2 folds for each of 2 candidates, totalling 4 fits
      -> [Tuned_Baseline] Acc: 0.7160, F1: 0.7094, Time: 0.01s
    Evaluating Model: RNN
      -> [Baseline] Acc: 0.2105, F1: 0.1123, Time: 0.55s
      -> [Tuned_Baseline] Acc: 0.2105, F1: 0.1123, Time: 0.02s
    [=== Generating 2x synthetic data with Jittering ===]
      -> [KNN + Jittering @ 2x] Acc: 0.7068, F1: 0.7054, Time: 0.40s
      -> [RandomForest + Jittering @ 2x] Acc: 0.7214, F1: 0.7143, Time: 1.94s
      -> [LinearSVC + Jittering @ 2x] Acc: 0.6857, F1: 0.6789, Time: 0.34s
      -> [LogisticRegression + Jittering @ 2x] Acc: 0.7156, F1: 0.7075, Time: 0.78s
      -> [RNN + Jittering @ 2x] Acc: 0.2331, F1: 0.1236, Time: 0.67s
    [=== Generating 3x synthetic data with Jittering ===]
      -> [KNN + Jittering @ 3x] Acc: 0.7054, F1: 0.7040, Time: 0.23s
      -> [RandomForest + Jittering @ 3x] Acc: 0.6878, F1: 0.6865, Time: 3.49s
      -> [LinearSVC + Jittering @ 3x] Acc: 0.6871, F1: 0.6806, Time: 0.63s
      -> [LogisticRegression + Jittering @ 3x] Acc: 0.7165, F1: 0.7085, Time: 0.56s
      -> [RNN + Jittering @ 3x] Acc: 0.2707, F1: 0.1444, Time: 0.67s
    [=== Generating 5x synthetic data with Jittering ===]
      -> [KNN + Jittering @ 5x] Acc: 0.7053, F1: 0.7033, Time: 0.28s
      -> [RandomForest + Jittering @ 5x] Acc: 0.6907, F1: 0.6889, Time: 4.81s
      -> [LinearSVC + Jittering @ 5x] Acc: 0.6906, F1: 0.6839, Time: 1.11s
      -> [LogisticRegression + Jittering @ 5x] Acc: 0.7183, F1: 0.7128, Time: 0.90s
      -> [RNN + Jittering @ 5x] Acc: 0.3534, F1: 0.2952, Time: 0.84s
    [=== Generating 10x synthetic data with Jittering ===]
      -> [KNN + Jittering @ 10x] Acc: 0.7046, F1: 0.7035, Time: 0.45s
      -> [RandomForest + Jittering @ 10x] Acc: 0.6959, F1: 0.6941, Time: 10.26s
      -> [LinearSVC + Jittering @ 10x] Acc: 0.6911, F1: 0.6845, Time: 3.08s
      -> [LogisticRegression + Jittering @ 10x] Acc: 0.7189, F1: 0.7115, Time: 1.89s
      -> [RNN + Jittering @ 10x] Acc: 0.4586, F1: 0.3520, Time: 3.35s
    [=== Generating 2x synthetic data with Scaling ===]
      -> [KNN + Scaling @ 2x] Acc: 0.7220, F1: 0.7222, Time: 0.41s
      -> [RandomForest + Scaling @ 2x] Acc: 0.6878, F1: 0.6893, Time: 2.80s
      -> [LinearSVC + Scaling @ 2x] Acc: 0.6697, F1: 0.6577, Time: 0.37s
      -> [LogisticRegression + Scaling @ 2x] Acc: 0.6968, F1: 0.6896, Time: 0.37s
      -> [RNN + Scaling @ 2x] Acc: 0.1955, F1: 0.1171, Time: 0.91s
    [=== Generating 3x synthetic data with Scaling ===]
      -> [KNN + Scaling @ 3x] Acc: 0.7041, F1: 0.7029, Time: 0.26s
      -> [RandomForest + Scaling @ 3x] Acc: 0.7016, F1: 0.7009, Time: 4.24s
      -> [LinearSVC + Scaling @ 3x] Acc: 0.6911, F1: 0.6864, Time: 1.03s
      -> [LogisticRegression + Scaling @ 3x] Acc: 0.6949, F1: 0.6929, Time: 1.18s
      -> [RNN + Scaling @ 3x] Acc: 0.2932, F1: 0.1809, Time: 0.92s
    [=== Generating 5x synthetic data with Scaling ===]
      -> [KNN + Scaling @ 5x] Acc: 0.7067, F1: 0.7044, Time: 0.59s
      -> [RandomForest + Scaling @ 5x] Acc: 0.6707, F1: 0.6681, Time: 5.23s
      -> [LinearSVC + Scaling @ 5x] Acc: 0.6994, F1: 0.6931, Time: 1.64s
      -> [LogisticRegression + Scaling @ 5x] Acc: 0.6967, F1: 0.6903, Time: 0.91s
      -> [RNN + Scaling @ 5x] Acc: 0.3308, F1: 0.2318, Time: 1.39s
    [=== Generating 10x synthetic data with Scaling ===]
      -> [KNN + Scaling @ 10x] Acc: 0.7194, F1: 0.7172, Time: 0.64s
      -> [RandomForest + Scaling @ 10x] Acc: 0.6789, F1: 0.6780, Time: 11.81s
      -> [LinearSVC + Scaling @ 10x] Acc: 0.7035, F1: 0.6980, Time: 1.82s
      -> [LogisticRegression + Scaling @ 10x] Acc: 0.7061, F1: 0.7004, Time: 1.80s
      -> [RNN + Scaling @ 10x] Acc: 0.4586, F1: 0.3849, Time: 1.66s
    [=== Generating 2x synthetic data with Magnitude_Warping ===]
      -> [KNN + Magnitude_Warping @ 2x] Acc: 0.7135, F1: 0.7116, Time: 0.27s
      -> [RandomForest + Magnitude_Warping @ 2x] Acc: 0.7092, F1: 0.7073, Time: 2.85s
      -> [LinearSVC + Magnitude_Warping @ 2x] Acc: 0.6747, F1: 0.6654, Time: 0.49s
      -> [LogisticRegression + Magnitude_Warping @ 2x] Acc: 0.6837, F1: 0.6745, Time: 0.35s
      -> [RNN + Magnitude_Warping @ 2x] Acc: 0.1654, F1: 0.0991, Time: 0.82s
    [=== Generating 3x synthetic data with Magnitude_Warping ===]
      -> [KNN + Magnitude_Warping @ 3x] Acc: 0.7065, F1: 0.7055, Time: 0.35s
      -> [RandomForest + Magnitude_Warping @ 3x] Acc: 0.7014, F1: 0.6991, Time: 2.87s
      -> [LinearSVC + Magnitude_Warping @ 3x] Acc: 0.6974, F1: 0.6836, Time: 1.07s
      -> [LogisticRegression + Magnitude_Warping @ 3x] Acc: 0.7292, F1: 0.7265, Time: 1.02s
      -> [RNN + Magnitude_Warping @ 3x] Acc: 0.3008, F1: 0.1763, Time: 0.53s
    [=== Generating 5x synthetic data with Magnitude_Warping ===]
      -> [KNN + Magnitude_Warping @ 5x] Acc: 0.6998, F1: 0.6990, Time: 0.34s
      -> [RandomForest + Magnitude_Warping @ 5x] Acc: 0.6972, F1: 0.6943, Time: 4.98s
      -> [LinearSVC + Magnitude_Warping @ 5x] Acc: 0.6906, F1: 0.6801, Time: 0.87s
      -> [LogisticRegression + Magnitude_Warping @ 5x] Acc: 0.7225, F1: 0.7192, Time: 1.16s
      -> [RNN + Magnitude_Warping @ 5x] Acc: 0.3759, F1: 0.2629, Time: 1.40s
    [=== Generating 10x synthetic data with Magnitude_Warping ===]
      -> [KNN + Magnitude_Warping @ 10x] Acc: 0.7149, F1: 0.7127, Time: 0.48s
      -> [RandomForest + Magnitude_Warping @ 10x] Acc: 0.7227, F1: 0.7189, Time: 11.19s
      -> [LinearSVC + Magnitude_Warping @ 10x] Acc: 0.6843, F1: 0.6769, Time: 1.88s
      -> [LogisticRegression + Magnitude_Warping @ 10x] Acc: 0.7117, F1: 0.7117, Time: 1.73s
      -> [RNN + Magnitude_Warping @ 10x] Acc: 0.4586, F1: 0.3764, Time: 2.07s
    [=== Generating 2x synthetic data with Time_Warping ===]
      -> [KNN + Time_Warping @ 2x] Acc: 0.7147, F1: 0.7118, Time: 0.44s
      -> [RandomForest + Time_Warping @ 2x] Acc: 0.7138, F1: 0.7096, Time: 2.62s
      -> [LinearSVC + Time_Warping @ 2x] Acc: 0.6783, F1: 0.6677, Time: 0.62s
      -> [LogisticRegression + Time_Warping @ 2x] Acc: 0.6735, F1: 0.6638, Time: 0.37s
      -> [RNN + Time_Warping @ 2x] Acc: 0.1278, F1: 0.0696, Time: 0.42s
    [=== Generating 3x synthetic data with Time_Warping ===]
      -> [KNN + Time_Warping @ 3x] Acc: 0.7111, F1: 0.7077, Time: 0.25s
      -> [RandomForest + Time_Warping @ 3x] Acc: 0.7002, F1: 0.6939, Time: 4.44s
      -> [LinearSVC + Time_Warping @ 3x] Acc: 0.6809, F1: 0.6717, Time: 0.49s
      -> [LogisticRegression + Time_Warping @ 3x] Acc: 0.6902, F1: 0.6797, Time: 0.53s
      -> [RNN + Time_Warping @ 3x] Acc: 0.2782, F1: 0.1787, Time: 0.54s
    [=== Generating 5x synthetic data with Time_Warping ===]
      -> [KNN + Time_Warping @ 5x] Acc: 0.6880, F1: 0.6830, Time: 0.69s
      -> [RandomForest + Time_Warping @ 5x] Acc: 0.6941, F1: 0.6867, Time: 8.15s
      -> [LinearSVC + Time_Warping @ 5x] Acc: 0.6809, F1: 0.6702, Time: 1.57s
      -> [LogisticRegression + Time_Warping @ 5x] Acc: 0.6995, F1: 0.6886, Time: 1.39s
      -> [RNN + Time_Warping @ 5x] Acc: 0.3835, F1: 0.2894, Time: 2.26s
    [=== Generating 10x synthetic data with Time_Warping ===]
      -> [KNN + Time_Warping @ 10x] Acc: 0.7171, F1: 0.7146, Time: 0.48s
      -> [RandomForest + Time_Warping @ 10x] Acc: 0.6683, F1: 0.6624, Time: 12.58s
      -> [LinearSVC + Time_Warping @ 10x] Acc: 0.6687, F1: 0.6586, Time: 2.54s
      -> [LogisticRegression + Time_Warping @ 10x] Acc: 0.6995, F1: 0.6908, Time: 2.08s
      -> [RNN + Time_Warping @ 10x] Acc: 0.4737, F1: 0.3892, Time: 2.23s

    >> Seed Fold Selection: 4/10
    Evaluating Model: KNN
      -> [Baseline] Acc: 0.7353, F1: 0.7326, Time: 0.65s
      HP Tuning KNN...
n_iterations: 3
n_required_iterations: 3
n_possible_iterations: 4
min_resources_: 76
max_resources_: 3800
aggressive_elimination: False
factor: 3
----------
iter: 0
n_candidates: 20
n_resources: 76
Fitting 2 folds for each of 20 candidates, totalling 40 fits
----------
iter: 1
n_candidates: 7
n_resources: 228
Fitting 2 folds for each of 7 candidates, totalling 14 fits
----------
iter: 2
n_candidates: 3
n_resources: 684
Fitting 2 folds for each of 3 candidates, totalling 6 fits
      -> [Tuned_Baseline] Acc: 0.7275, F1: 0.7247, Time: 0.18s
    Evaluating Model: RandomForest
      -> [Baseline] Acc: 0.7186, F1: 0.7136, Time: 1.69s
      HP Tuning RandomForest...
n_iterations: 3
n_required_iterations: 3
n_possible_iterations: 4
min_resources_: 76
max_resources_: 3800
aggressive_elimination: False
factor: 3
----------
iter: 0
n_candidates: 20
n_resources: 76
Fitting 2 folds for each of 20 candidates, totalling 40 fits
----------
iter: 1
n_candidates: 7
n_resources: 228
Fitting 2 folds for each of 7 candidates, totalling 14 fits
----------
iter: 2
n_candidates: 3
n_resources: 684
Fitting 2 folds for each of 3 candidates, totalling 6 fits
      -> [Tuned_Baseline] Acc: 0.7068, F1: 0.7019, Time: 0.04s
    Evaluating Model: LinearSVC
      -> [Baseline] Acc: 0.6480, F1: 0.6394, Time: 0.09s
      HP Tuning LinearSVC...
n_iterations: 3
n_required_iterations: 3
n_possible_iterations: 4
min_resources_: 76
max_resources_: 3800
aggressive_elimination: False
factor: 3
----------
iter: 0
n_candidates: 20
n_resources: 76
Fitting 2 folds for each of 20 candidates, totalling 40 fits
----------
iter: 1
n_candidates: 7
n_resources: 228
Fitting 2 folds for each of 7 candidates, totalling 14 fits
----------
iter: 2
n_candidates: 3
n_resources: 684
Fitting 2 folds for each of 3 candidates, totalling 6 fits
      -> [Tuned_Baseline] Acc: 0.6326, F1: 0.6264, Time: 0.00s
    Evaluating Model: LogisticRegression
      -> [Baseline] Acc: 0.7300, F1: 0.7230, Time: 0.14s
      HP Tuning LogisticRegression...
n_iterations: 3
n_required_iterations: 3
n_possible_iterations: 4
min_resources_: 76
max_resources_: 3800
aggressive_elimination: False
factor: 3
----------
iter: 0
n_candidates: 12
n_resources: 76
Fitting 2 folds for each of 12 candidates, totalling 24 fits
----------
iter: 1
n_candidates: 4
n_resources: 228
Fitting 2 folds for each of 4 candidates, totalling 8 fits
----------
iter: 2
n_candidates: 2
n_resources: 684
Fitting 2 folds for each of 2 candidates, totalling 4 fits
      -> [Tuned_Baseline] Acc: 0.7251, F1: 0.7191, Time: 0.00s
    Evaluating Model: RNN
      -> [Baseline] Acc: 0.2256, F1: 0.1354, Time: 0.25s
      -> [Tuned_Baseline] Acc: 0.2256, F1: 0.1354, Time: 0.01s
    [=== Generating 2x synthetic data with Jittering ===]
      -> [KNN + Jittering @ 2x] Acc: 0.7321, F1: 0.7292, Time: 0.18s
      -> [RandomForest + Jittering @ 2x] Acc: 0.7299, F1: 0.7266, Time: 1.74s
      -> [LinearSVC + Jittering @ 2x] Acc: 0.6435, F1: 0.6359, Time: 0.18s
      -> [LogisticRegression + Jittering @ 2x] Acc: 0.7237, F1: 0.7176, Time: 0.58s
      -> [RNN + Jittering @ 2x] Acc: 0.2556, F1: 0.1751, Time: 0.78s
    [=== Generating 3x synthetic data with Jittering ===]
      -> [KNN + Jittering @ 3x] Acc: 0.7320, F1: 0.7290, Time: 0.42s
      -> [RandomForest + Jittering @ 3x] Acc: 0.7398, F1: 0.7358, Time: 1.68s
      -> [LinearSVC + Jittering @ 3x] Acc: 0.6434, F1: 0.6343, Time: 0.30s
      -> [LogisticRegression + Jittering @ 3x] Acc: 0.7326, F1: 0.7280, Time: 0.79s
      -> [RNN + Jittering @ 3x] Acc: 0.2180, F1: 0.1055, Time: 1.19s
    [=== Generating 5x synthetic data with Jittering ===]
      -> [KNN + Jittering @ 5x] Acc: 0.7329, F1: 0.7306, Time: 0.38s
      -> [RandomForest + Jittering @ 5x] Acc: 0.7544, F1: 0.7513, Time: 2.10s
      -> [LinearSVC + Jittering @ 5x] Acc: 0.6508, F1: 0.6433, Time: 0.47s
      -> [LogisticRegression + Jittering @ 5x] Acc: 0.7290, F1: 0.7249, Time: 1.18s
      -> [RNN + Jittering @ 5x] Acc: 0.3534, F1: 0.2583, Time: 1.04s
    [=== Generating 10x synthetic data with Jittering ===]
      -> [KNN + Jittering @ 10x] Acc: 0.7339, F1: 0.7313, Time: 0.38s
      -> [RandomForest + Jittering @ 10x] Acc: 0.7559, F1: 0.7512, Time: 5.41s
      -> [LinearSVC + Jittering @ 10x] Acc: 0.6443, F1: 0.6348, Time: 0.48s
      -> [LogisticRegression + Jittering @ 10x] Acc: 0.7354, F1: 0.7301, Time: 1.81s
      -> [RNN + Jittering @ 10x] Acc: 0.3985, F1: 0.3333, Time: 2.62s
    [=== Generating 2x synthetic data with Scaling ===]
      -> [KNN + Scaling @ 2x] Acc: 0.7332, F1: 0.7328, Time: 0.18s
      -> [RandomForest + Scaling @ 2x] Acc: 0.6986, F1: 0.6967, Time: 0.82s
      -> [LinearSVC + Scaling @ 2x] Acc: 0.6365, F1: 0.6295, Time: 0.18s
      -> [LogisticRegression + Scaling @ 2x] Acc: 0.7218, F1: 0.7151, Time: 0.40s
      -> [RNN + Scaling @ 2x] Acc: 0.1579, F1: 0.0924, Time: 0.93s
    [=== Generating 3x synthetic data with Scaling ===]
      -> [KNN + Scaling @ 3x] Acc: 0.7260, F1: 0.7251, Time: 0.43s
      -> [RandomForest + Scaling @ 3x] Acc: 0.6927, F1: 0.6960, Time: 2.50s
      -> [LinearSVC + Scaling @ 3x] Acc: 0.6618, F1: 0.6568, Time: 0.27s
      -> [LogisticRegression + Scaling @ 3x] Acc: 0.7210, F1: 0.7178, Time: 1.04s
      -> [RNN + Scaling @ 3x] Acc: 0.2782, F1: 0.1739, Time: 0.70s
    [=== Generating 5x synthetic data with Scaling ===]
      -> [KNN + Scaling @ 5x] Acc: 0.7195, F1: 0.7143, Time: 0.58s
      -> [RandomForest + Scaling @ 5x] Acc: 0.6829, F1: 0.6831, Time: 3.04s
      -> [LinearSVC + Scaling @ 5x] Acc: 0.6466, F1: 0.6358, Time: 0.41s
      -> [LogisticRegression + Scaling @ 5x] Acc: 0.7193, F1: 0.7199, Time: 1.43s
      -> [RNN + Scaling @ 5x] Acc: 0.3158, F1: 0.2198, Time: 0.91s
    [=== Generating 10x synthetic data with Scaling ===]
      -> [KNN + Scaling @ 10x] Acc: 0.7332, F1: 0.7308, Time: 0.40s
      -> [RandomForest + Scaling @ 10x] Acc: 0.6937, F1: 0.6966, Time: 5.59s
      -> [LinearSVC + Scaling @ 10x] Acc: 0.6441, F1: 0.6353, Time: 0.68s
      -> [LogisticRegression + Scaling @ 10x] Acc: 0.7386, F1: 0.7355, Time: 2.72s
      -> [RNN + Scaling @ 10x] Acc: 0.3459, F1: 0.2340, Time: 2.20s
    [=== Generating 2x synthetic data with Magnitude_Warping ===]
      -> [KNN + Magnitude_Warping @ 2x] Acc: 0.7293, F1: 0.7278, Time: 0.20s
      -> [RandomForest + Magnitude_Warping @ 2x] Acc: 0.6776, F1: 0.6788, Time: 0.84s
      -> [LinearSVC + Magnitude_Warping @ 2x] Acc: 0.6188, F1: 0.6074, Time: 0.16s
      -> [LogisticRegression + Magnitude_Warping @ 2x] Acc: 0.7155, F1: 0.7144, Time: 0.37s
      -> [RNN + Magnitude_Warping @ 2x] Acc: 0.1278, F1: 0.0482, Time: 0.46s
    [=== Generating 3x synthetic data with Magnitude_Warping ===]
      -> [KNN + Magnitude_Warping @ 3x] Acc: 0.7306, F1: 0.7318, Time: 0.52s
      -> [RandomForest + Magnitude_Warping @ 3x] Acc: 0.6935, F1: 0.6963, Time: 1.53s
      -> [LinearSVC + Magnitude_Warping @ 3x] Acc: 0.6609, F1: 0.6438, Time: 0.12s
      -> [LogisticRegression + Magnitude_Warping @ 3x] Acc: 0.7166, F1: 0.7143, Time: 0.74s
      -> [RNN + Magnitude_Warping @ 3x] Acc: 0.3008, F1: 0.2060, Time: 1.28s
    [=== Generating 5x synthetic data with Magnitude_Warping ===]
      -> [KNN + Magnitude_Warping @ 5x] Acc: 0.7155, F1: 0.7151, Time: 0.66s
      -> [RandomForest + Magnitude_Warping @ 5x] Acc: 0.6805, F1: 0.6835, Time: 2.55s
      -> [LinearSVC + Magnitude_Warping @ 5x] Acc: 0.6395, F1: 0.6265, Time: 0.20s
      -> [LogisticRegression + Magnitude_Warping @ 5x] Acc: 0.7351, F1: 0.7335, Time: 1.25s
      -> [RNN + Magnitude_Warping @ 5x] Acc: 0.3008, F1: 0.1842, Time: 1.51s
    [=== Generating 10x synthetic data with Magnitude_Warping ===]
      -> [KNN + Magnitude_Warping @ 10x] Acc: 0.7142, F1: 0.7113, Time: 0.97s
      -> [RandomForest + Magnitude_Warping @ 10x] Acc: 0.6920, F1: 0.6923, Time: 6.03s
      -> [LinearSVC + Magnitude_Warping @ 10x] Acc: 0.6373, F1: 0.6192, Time: 1.04s
      -> [LogisticRegression + Magnitude_Warping @ 10x] Acc: 0.7074, F1: 0.7074, Time: 2.49s
      -> [RNN + Magnitude_Warping @ 10x] Acc: 0.5263, F1: 0.4655, Time: 1.71s
    [=== Generating 2x synthetic data with Time_Warping ===]
      -> [KNN + Time_Warping @ 2x] Acc: 0.7217, F1: 0.7192, Time: 0.19s
      -> [RandomForest + Time_Warping @ 2x] Acc: 0.6884, F1: 0.6832, Time: 1.02s
      -> [LinearSVC + Time_Warping @ 2x] Acc: 0.6523, F1: 0.6351, Time: 0.08s
      -> [LogisticRegression + Time_Warping @ 2x] Acc: 0.7216, F1: 0.7152, Time: 0.81s
      -> [RNN + Time_Warping @ 2x] Acc: 0.1880, F1: 0.1023, Time: 0.96s
    [=== Generating 3x synthetic data with Time_Warping ===]
      -> [KNN + Time_Warping @ 3x] Acc: 0.7420, F1: 0.7426, Time: 0.44s
      -> [RandomForest + Time_Warping @ 3x] Acc: 0.6860, F1: 0.6804, Time: 1.19s
      -> [LinearSVC + Time_Warping @ 3x] Acc: 0.6509, F1: 0.6346, Time: 0.12s
      -> [LogisticRegression + Time_Warping @ 3x] Acc: 0.6955, F1: 0.6887, Time: 1.23s
      -> [RNN + Time_Warping @ 3x] Acc: 0.1654, F1: 0.1072, Time: 1.16s
    [=== Generating 5x synthetic data with Time_Warping ===]
      -> [KNN + Time_Warping @ 5x] Acc: 0.7200, F1: 0.7202, Time: 0.31s
      -> [RandomForest + Time_Warping @ 5x] Acc: 0.6608, F1: 0.6575, Time: 2.24s
      -> [LinearSVC + Time_Warping @ 5x] Acc: 0.6335, F1: 0.6133, Time: 0.36s
      -> [LogisticRegression + Time_Warping @ 5x] Acc: 0.7010, F1: 0.6948, Time: 1.76s
      -> [RNN + Time_Warping @ 5x] Acc: 0.3008, F1: 0.1844, Time: 0.95s
    [=== Generating 10x synthetic data with Time_Warping ===]
      -> [KNN + Time_Warping @ 10x] Acc: 0.7129, F1: 0.7128, Time: 0.45s
      -> [RandomForest + Time_Warping @ 10x] Acc: 0.6408, F1: 0.6383, Time: 4.81s
      -> [LinearSVC + Time_Warping @ 10x] Acc: 0.6397, F1: 0.6235, Time: 0.53s
      -> [LogisticRegression + Time_Warping @ 10x] Acc: 0.7159, F1: 0.7097, Time: 3.19s
      -> [RNN + Time_Warping @ 10x] Acc: 0.5038, F1: 0.4250, Time: 2.62s

    >> Seed Fold Selection: 5/10
    Evaluating Model: KNN
      -> [Baseline] Acc: 0.7664, F1: 0.7529, Time: 1.35s
      HP Tuning KNN...
n_iterations: 3
n_required_iterations: 3
n_possible_iterations: 4
min_resources_: 76
max_resources_: 3800
aggressive_elimination: False
factor: 3
----------
iter: 0
n_candidates: 20
n_resources: 76
Fitting 2 folds for each of 20 candidates, totalling 40 fits
----------
iter: 1
n_candidates: 7
n_resources: 228
Fitting 2 folds for each of 7 candidates, totalling 14 fits
----------
iter: 2
n_candidates: 3
n_resources: 684
Fitting 2 folds for each of 3 candidates, totalling 6 fits
      -> [Tuned_Baseline] Acc: 0.7665, F1: 0.7530, Time: 0.10s
    Evaluating Model: RandomForest
      -> [Baseline] Acc: 0.7116, F1: 0.7013, Time: 0.98s
      HP Tuning RandomForest...
n_iterations: 3
n_required_iterations: 3
n_possible_iterations: 4
min_resources_: 76
max_resources_: 3800
aggressive_elimination: False
factor: 3
----------
iter: 0
n_candidates: 20
n_resources: 76
Fitting 2 folds for each of 20 candidates, totalling 40 fits
----------
iter: 1
n_candidates: 7
n_resources: 228
Fitting 2 folds for each of 7 candidates, totalling 14 fits
----------
iter: 2
n_candidates: 3
n_resources: 684
Fitting 2 folds for each of 3 candidates, totalling 6 fits
      -> [Tuned_Baseline] Acc: 0.7005, F1: 0.6922, Time: 0.07s
    Evaluating Model: LinearSVC
      -> [Baseline] Acc: 0.6951, F1: 0.6850, Time: 0.10s
      HP Tuning LinearSVC...
n_iterations: 3
n_required_iterations: 3
n_possible_iterations: 4
min_resources_: 76
max_resources_: 3800
aggressive_elimination: False
factor: 3
----------
iter: 0
n_candidates: 20
n_resources: 76
Fitting 2 folds for each of 20 candidates, totalling 40 fits
----------
iter: 1
n_candidates: 7
n_resources: 228
Fitting 2 folds for each of 7 candidates, totalling 14 fits
----------
iter: 2
n_candidates: 3
n_resources: 684
Fitting 2 folds for each of 3 candidates, totalling 6 fits
      -> [Tuned_Baseline] Acc: 0.6586, F1: 0.6425, Time: 0.00s
    Evaluating Model: LogisticRegression
      -> [Baseline] Acc: 0.7370, F1: 0.7282, Time: 0.19s
      HP Tuning LogisticRegression...
n_iterations: 3
n_required_iterations: 3
n_possible_iterations: 4
min_resources_: 76
max_resources_: 3800
aggressive_elimination: False
factor: 3
----------
iter: 0
n_candidates: 12
n_resources: 76
Fitting 2 folds for each of 12 candidates, totalling 24 fits
----------
iter: 1
n_candidates: 4
n_resources: 228
Fitting 2 folds for each of 4 candidates, totalling 8 fits
----------
iter: 2
n_candidates: 2
n_resources: 684
Fitting 2 folds for each of 2 candidates, totalling 4 fits
      -> [Tuned_Baseline] Acc: 0.7469, F1: 0.7461, Time: 0.00s
    Evaluating Model: RNN
      -> [Baseline] Acc: 0.1203, F1: 0.0412, Time: 0.30s
      -> [Tuned_Baseline] Acc: 0.1203, F1: 0.0412, Time: 0.01s
    [=== Generating 2x synthetic data with Jittering ===]
      -> [KNN + Jittering @ 2x] Acc: 0.7710, F1: 0.7576, Time: 0.28s
      -> [RandomForest + Jittering @ 2x] Acc: 0.6912, F1: 0.6808, Time: 2.14s
      -> [LinearSVC + Jittering @ 2x] Acc: 0.6551, F1: 0.6395, Time: 0.36s
      -> [LogisticRegression + Jittering @ 2x] Acc: 0.7441, F1: 0.7405, Time: 0.60s
      -> [RNN + Jittering @ 2x] Acc: 0.2180, F1: 0.0996, Time: 0.84s
    [=== Generating 3x synthetic data with Jittering ===]
      -> [KNN + Jittering @ 3x] Acc: 0.7666, F1: 0.7529, Time: 0.33s
      -> [RandomForest + Jittering @ 3x] Acc: 0.6968, F1: 0.6870, Time: 3.12s
      -> [LinearSVC + Jittering @ 3x] Acc: 0.6608, F1: 0.6447, Time: 1.07s
      -> [LogisticRegression + Jittering @ 3x] Acc: 0.7517, F1: 0.7496, Time: 0.54s
      -> [RNN + Jittering @ 3x] Acc: 0.2481, F1: 0.1398, Time: 0.79s
    [=== Generating 5x synthetic data with Jittering ===]
      -> [KNN + Jittering @ 5x] Acc: 0.7658, F1: 0.7525, Time: 0.27s
      -> [RandomForest + Jittering @ 5x] Acc: 0.7031, F1: 0.6945, Time: 4.58s
      -> [LinearSVC + Jittering @ 5x] Acc: 0.6536, F1: 0.6381, Time: 1.01s
      -> [LogisticRegression + Jittering @ 5x] Acc: 0.7573, F1: 0.7542, Time: 1.08s
      -> [RNN + Jittering @ 5x] Acc: 0.2481, F1: 0.1460, Time: 1.23s
    [=== Generating 10x synthetic data with Jittering ===]
      -> [KNN + Jittering @ 10x] Acc: 0.7658, F1: 0.7522, Time: 0.28s
      -> [RandomForest + Jittering @ 10x] Acc: 0.7106, F1: 0.7011, Time: 10.43s
      -> [LinearSVC + Jittering @ 10x] Acc: 0.6553, F1: 0.6401, Time: 2.46s
      -> [LogisticRegression + Jittering @ 10x] Acc: 0.7520, F1: 0.7505, Time: 2.08s
      -> [RNN + Jittering @ 10x] Acc: 0.4135, F1: 0.2949, Time: 2.45s
    [=== Generating 2x synthetic data with Scaling ===]
      -> [KNN + Scaling @ 2x] Acc: 0.7708, F1: 0.7550, Time: 0.13s
      -> [RandomForest + Scaling @ 2x] Acc: 0.6937, F1: 0.6841, Time: 1.95s
      -> [LinearSVC + Scaling @ 2x] Acc: 0.6279, F1: 0.6122, Time: 0.63s
      -> [LogisticRegression + Scaling @ 2x] Acc: 0.6989, F1: 0.6982, Time: 0.36s
      -> [RNN + Scaling @ 2x] Acc: 0.1654, F1: 0.0823, Time: 0.42s
    [=== Generating 3x synthetic data with Scaling ===]
      -> [KNN + Scaling @ 3x] Acc: 0.7551, F1: 0.7424, Time: 0.34s
      -> [RandomForest + Scaling @ 3x] Acc: 0.6630, F1: 0.6566, Time: 3.44s
      -> [LinearSVC + Scaling @ 3x] Acc: 0.6217, F1: 0.6025, Time: 0.91s
      -> [LogisticRegression + Scaling @ 3x] Acc: 0.6944, F1: 0.6941, Time: 1.06s
      -> [RNN + Scaling @ 3x] Acc: 0.3759, F1: 0.2835, Time: 0.56s
    [=== Generating 5x synthetic data with Scaling ===]
      -> [KNN + Scaling @ 5x] Acc: 0.7499, F1: 0.7360, Time: 0.41s
      -> [RandomForest + Scaling @ 5x] Acc: 0.6868, F1: 0.6747, Time: 6.09s
      -> [LinearSVC + Scaling @ 5x] Acc: 0.6627, F1: 0.6503, Time: 1.06s
      -> [LogisticRegression + Scaling @ 5x] Acc: 0.7466, F1: 0.7452, Time: 1.55s
      -> [RNN + Scaling @ 5x] Acc: 0.3383, F1: 0.2304, Time: 1.02s
    [=== Generating 10x synthetic data with Scaling ===]
      -> [KNN + Scaling @ 10x] Acc: 0.7526, F1: 0.7396, Time: 0.28s
      -> [RandomForest + Scaling @ 10x] Acc: 0.6805, F1: 0.6703, Time: 10.04s
      -> [LinearSVC + Scaling @ 10x] Acc: 0.6504, F1: 0.6331, Time: 3.36s
      -> [LogisticRegression + Scaling @ 10x] Acc: 0.7278, F1: 0.7261, Time: 2.35s
      -> [RNN + Scaling @ 10x] Acc: 0.4060, F1: 0.3097, Time: 1.68s
    [=== Generating 2x synthetic data with Magnitude_Warping ===]
      -> [KNN + Magnitude_Warping @ 2x] Acc: 0.7480, F1: 0.7373, Time: 0.29s
      -> [RandomForest + Magnitude_Warping @ 2x] Acc: 0.6499, F1: 0.6388, Time: 2.03s
      -> [LinearSVC + Magnitude_Warping @ 2x] Acc: 0.6389, F1: 0.6168, Time: 0.33s
      -> [LogisticRegression + Magnitude_Warping @ 2x] Acc: 0.6798, F1: 0.6735, Time: 0.58s
      -> [RNN + Magnitude_Warping @ 2x] Acc: 0.1504, F1: 0.0828, Time: 0.68s
    [=== Generating 3x synthetic data with Magnitude_Warping ===]
      -> [KNN + Magnitude_Warping @ 3x] Acc: 0.7547, F1: 0.7416, Time: 0.17s
      -> [RandomForest + Magnitude_Warping @ 3x] Acc: 0.7014, F1: 0.6916, Time: 2.91s
      -> [LinearSVC + Magnitude_Warping @ 3x] Acc: 0.6301, F1: 0.6124, Time: 0.58s
      -> [LogisticRegression + Magnitude_Warping @ 3x] Acc: 0.7086, F1: 0.7020, Time: 1.21s
      -> [RNN + Magnitude_Warping @ 3x] Acc: 0.3008, F1: 0.1846, Time: 0.94s
    [=== Generating 5x synthetic data with Magnitude_Warping ===]
      -> [KNN + Magnitude_Warping @ 5x] Acc: 0.7541, F1: 0.7464, Time: 0.22s
      -> [RandomForest + Magnitude_Warping @ 5x] Acc: 0.6740, F1: 0.6665, Time: 5.48s
      -> [LinearSVC + Magnitude_Warping @ 5x] Acc: 0.6250, F1: 0.6046, Time: 0.88s
      -> [LogisticRegression + Magnitude_Warping @ 5x] Acc: 0.7095, F1: 0.7064, Time: 1.33s
      -> [RNN + Magnitude_Warping @ 5x] Acc: 0.2932, F1: 0.1859, Time: 1.04s
    [=== Generating 10x synthetic data with Magnitude_Warping ===]
      -> [KNN + Magnitude_Warping @ 10x] Acc: 0.7406, F1: 0.7297, Time: 0.30s
      -> [RandomForest + Magnitude_Warping @ 10x] Acc: 0.6791, F1: 0.6718, Time: 9.08s
      -> [LinearSVC + Magnitude_Warping @ 10x] Acc: 0.6286, F1: 0.6014, Time: 1.95s
      -> [LogisticRegression + Magnitude_Warping @ 10x] Acc: 0.6935, F1: 0.6893, Time: 2.41s
      -> [RNN + Magnitude_Warping @ 10x] Acc: 0.4887, F1: 0.3862, Time: 2.45s
    [=== Generating 2x synthetic data with Time_Warping ===]
      -> [KNN + Time_Warping @ 2x] Acc: 0.7658, F1: 0.7538, Time: 0.14s
      -> [RandomForest + Time_Warping @ 2x] Acc: 0.6789, F1: 0.6719, Time: 2.18s
      -> [LinearSVC + Time_Warping @ 2x] Acc: 0.6625, F1: 0.6454, Time: 0.71s
      -> [LogisticRegression + Time_Warping @ 2x] Acc: 0.7463, F1: 0.7397, Time: 0.53s
      -> [RNN + Time_Warping @ 2x] Acc: 0.1880, F1: 0.0866, Time: 0.77s
    [=== Generating 3x synthetic data with Time_Warping ===]
      -> [KNN + Time_Warping @ 3x] Acc: 0.7705, F1: 0.7596, Time: 0.16s
      -> [RandomForest + Time_Warping @ 3x] Acc: 0.6748, F1: 0.6638, Time: 2.34s
      -> [LinearSVC + Time_Warping @ 3x] Acc: 0.6660, F1: 0.6439, Time: 0.93s
      -> [LogisticRegression + Time_Warping @ 3x] Acc: 0.7381, F1: 0.7304, Time: 0.55s
      -> [RNN + Time_Warping @ 3x] Acc: 0.1353, F1: 0.0789, Time: 0.84s
    [=== Generating 5x synthetic data with Time_Warping ===]
      -> [KNN + Time_Warping @ 5x] Acc: 0.7573, F1: 0.7477, Time: 0.22s
      -> [RandomForest + Time_Warping @ 5x] Acc: 0.6574, F1: 0.6519, Time: 4.94s
      -> [LinearSVC + Time_Warping @ 5x] Acc: 0.6377, F1: 0.6217, Time: 0.86s
      -> [LogisticRegression + Time_Warping @ 5x] Acc: 0.7225, F1: 0.7107, Time: 0.90s
      -> [RNN + Time_Warping @ 5x] Acc: 0.3459, F1: 0.2343, Time: 1.37s
    [=== Generating 10x synthetic data with Time_Warping ===]
      -> [KNN + Time_Warping @ 10x] Acc: 0.7483, F1: 0.7403, Time: 0.36s
      -> [RandomForest + Time_Warping @ 10x] Acc: 0.6532, F1: 0.6483, Time: 10.78s
      -> [LinearSVC + Time_Warping @ 10x] Acc: 0.6599, F1: 0.6435, Time: 2.68s
      -> [LogisticRegression + Time_Warping @ 10x] Acc: 0.7211, F1: 0.7130, Time: 1.89s
      -> [RNN + Time_Warping @ 10x] Acc: 0.4286, F1: 0.3548, Time: 2.23s

    >> Seed Fold Selection: 6/10
    Evaluating Model: KNN
      -> [Baseline] Acc: 0.7159, F1: 0.7127, Time: 0.64s
      HP Tuning KNN...
n_iterations: 3
n_required_iterations: 3
n_possible_iterations: 4
min_resources_: 76
max_resources_: 3800
aggressive_elimination: False
factor: 3
----------
iter: 0
n_candidates: 20
n_resources: 76
Fitting 2 folds for each of 20 candidates, totalling 40 fits
----------
iter: 1
n_candidates: 7
n_resources: 228
Fitting 2 folds for each of 7 candidates, totalling 14 fits
----------
iter: 2
n_candidates: 3
n_resources: 684
Fitting 2 folds for each of 3 candidates, totalling 6 fits
      -> [Tuned_Baseline] Acc: 0.7176, F1: 0.7140, Time: 0.29s
    Evaluating Model: RandomForest
      -> [Baseline] Acc: 0.6895, F1: 0.6857, Time: 1.30s
      HP Tuning RandomForest...
n_iterations: 3
n_required_iterations: 3
n_possible_iterations: 4
min_resources_: 76
max_resources_: 3800
aggressive_elimination: False
factor: 3
----------
iter: 0
n_candidates: 20
n_resources: 76
Fitting 2 folds for each of 20 candidates, totalling 40 fits
----------
iter: 1
n_candidates: 7
n_resources: 228
Fitting 2 folds for each of 7 candidates, totalling 14 fits
----------
iter: 2
n_candidates: 3
n_resources: 684
Fitting 2 folds for each of 3 candidates, totalling 6 fits
      -> [Tuned_Baseline] Acc: 0.6928, F1: 0.6891, Time: 0.08s
    Evaluating Model: LinearSVC
      -> [Baseline] Acc: 0.6683, F1: 0.6625, Time: 0.04s
      HP Tuning LinearSVC...
n_iterations: 3
n_required_iterations: 3
n_possible_iterations: 4
min_resources_: 76
max_resources_: 3800
aggressive_elimination: False
factor: 3
----------
iter: 0
n_candidates: 20
n_resources: 76
Fitting 2 folds for each of 20 candidates, totalling 40 fits
----------
iter: 1
n_candidates: 7
n_resources: 228
Fitting 2 folds for each of 7 candidates, totalling 14 fits
----------
iter: 2
n_candidates: 3
n_resources: 684
Fitting 2 folds for each of 3 candidates, totalling 6 fits
      -> [Tuned_Baseline] Acc: 0.6687, F1: 0.6499, Time: 0.00s
    Evaluating Model: LogisticRegression
      -> [Baseline] Acc: 0.7175, F1: 0.7117, Time: 0.45s
      HP Tuning LogisticRegression...
n_iterations: 3
n_required_iterations: 3
n_possible_iterations: 4
min_resources_: 76
max_resources_: 3800
aggressive_elimination: False
factor: 3
----------
iter: 0
n_candidates: 12
n_resources: 76
Fitting 2 folds for each of 12 candidates, totalling 24 fits
----------
iter: 1
n_candidates: 4
n_resources: 228
Fitting 2 folds for each of 4 candidates, totalling 8 fits
----------
iter: 2
n_candidates: 2
n_resources: 684
Fitting 2 folds for each of 2 candidates, totalling 4 fits
      -> [Tuned_Baseline] Acc: 0.6829, F1: 0.6785, Time: 0.00s
    Evaluating Model: RNN
      -> [Baseline] Acc: 0.2331, F1: 0.1197, Time: 0.27s
      -> [Tuned_Baseline] Acc: 0.2331, F1: 0.1197, Time: 0.01s
    [=== Generating 2x synthetic data with Jittering ===]
      -> [KNN + Jittering @ 2x] Acc: 0.7177, F1: 0.7139, Time: 0.17s
      -> [RandomForest + Jittering @ 2x] Acc: 0.7065, F1: 0.7031, Time: 1.68s
      -> [LinearSVC + Jittering @ 2x] Acc: 0.6671, F1: 0.6494, Time: 0.72s
      -> [LogisticRegression + Jittering @ 2x] Acc: 0.6993, F1: 0.6923, Time: 0.48s
      -> [RNN + Jittering @ 2x] Acc: 0.1955, F1: 0.0920, Time: 0.97s
    [=== Generating 3x synthetic data with Jittering ===]
      -> [KNN + Jittering @ 3x] Acc: 0.7174, F1: 0.7141, Time: 0.41s
      -> [RandomForest + Jittering @ 3x] Acc: 0.7117, F1: 0.7088, Time: 3.51s
      -> [LinearSVC + Jittering @ 3x] Acc: 0.6698, F1: 0.6522, Time: 0.53s
      -> [LogisticRegression + Jittering @ 3x] Acc: 0.6933, F1: 0.6901, Time: 0.57s
      -> [RNN + Jittering @ 3x] Acc: 0.3609, F1: 0.2531, Time: 0.53s
    [=== Generating 5x synthetic data with Jittering ===]
      -> [KNN + Jittering @ 5x] Acc: 0.7166, F1: 0.7132, Time: 0.47s
      -> [RandomForest + Jittering @ 5x] Acc: 0.7177, F1: 0.7134, Time: 5.24s
      -> [LinearSVC + Jittering @ 5x] Acc: 0.6683, F1: 0.6514, Time: 1.04s
      -> [LogisticRegression + Jittering @ 5x] Acc: 0.7114, F1: 0.7088, Time: 0.86s
      -> [RNN + Jittering @ 5x] Acc: 0.4436, F1: 0.3290, Time: 1.11s
    [=== Generating 10x synthetic data with Jittering ===]
      -> [KNN + Jittering @ 10x] Acc: 0.7192, F1: 0.7156, Time: 0.44s
      -> [RandomForest + Jittering @ 10x] Acc: 0.7139, F1: 0.7107, Time: 12.87s
      -> [LinearSVC + Jittering @ 10x] Acc: 0.6704, F1: 0.6527, Time: 2.78s
      -> [LogisticRegression + Jittering @ 10x] Acc: 0.7097, F1: 0.7077, Time: 1.90s
      -> [RNN + Jittering @ 10x] Acc: 0.4962, F1: 0.4278, Time: 2.42s
    [=== Generating 2x synthetic data with Scaling ===]
      -> [KNN + Scaling @ 2x] Acc: 0.7142, F1: 0.7108, Time: 0.16s
      -> [RandomForest + Scaling @ 2x] Acc: 0.7144, F1: 0.7112, Time: 1.63s
      -> [LinearSVC + Scaling @ 2x] Acc: 0.6771, F1: 0.6636, Time: 0.66s
      -> [LogisticRegression + Scaling @ 2x] Acc: 0.6876, F1: 0.6845, Time: 0.38s
      -> [RNN + Scaling @ 2x] Acc: 0.2256, F1: 0.1417, Time: 0.59s
    [=== Generating 3x synthetic data with Scaling ===]
      -> [KNN + Scaling @ 3x] Acc: 0.7030, F1: 0.6992, Time: 0.19s
      -> [RandomForest + Scaling @ 3x] Acc: 0.6751, F1: 0.6737, Time: 2.38s
      -> [LinearSVC + Scaling @ 3x] Acc: 0.6705, F1: 0.6500, Time: 0.49s
      -> [LogisticRegression + Scaling @ 3x] Acc: 0.7077, F1: 0.7059, Time: 0.67s
      -> [RNN + Scaling @ 3x] Acc: 0.3459, F1: 0.2476, Time: 1.15s
    [=== Generating 5x synthetic data with Scaling ===]
      -> [KNN + Scaling @ 5x] Acc: 0.7165, F1: 0.7120, Time: 0.36s
      -> [RandomForest + Scaling @ 5x] Acc: 0.6880, F1: 0.6842, Time: 4.04s
      -> [LinearSVC + Scaling @ 5x] Acc: 0.6511, F1: 0.6340, Time: 1.60s
      -> [LogisticRegression + Scaling @ 5x] Acc: 0.7158, F1: 0.7114, Time: 1.32s
      -> [RNN + Scaling @ 5x] Acc: 0.4060, F1: 0.2960, Time: 1.16s
    [=== Generating 10x synthetic data with Scaling ===]
      -> [KNN + Scaling @ 10x] Acc: 0.7052, F1: 0.7021, Time: 0.56s
      -> [RandomForest + Scaling @ 10x] Acc: 0.6810, F1: 0.6771, Time: 10.41s
      -> [LinearSVC + Scaling @ 10x] Acc: 0.6555, F1: 0.6424, Time: 1.82s
      -> [LogisticRegression + Scaling @ 10x] Acc: 0.6899, F1: 0.6862, Time: 2.08s
      -> [RNN + Scaling @ 10x] Acc: 0.4887, F1: 0.4270, Time: 1.78s
    [=== Generating 2x synthetic data with Magnitude_Warping ===]
      -> [KNN + Magnitude_Warping @ 2x] Acc: 0.7196, F1: 0.7164, Time: 0.38s
      -> [RandomForest + Magnitude_Warping @ 2x] Acc: 0.6881, F1: 0.6880, Time: 3.04s
      -> [LinearSVC + Magnitude_Warping @ 2x] Acc: 0.6683, F1: 0.6544, Time: 0.33s
      -> [LogisticRegression + Magnitude_Warping @ 2x] Acc: 0.7138, F1: 0.7107, Time: 0.36s
      -> [RNN + Magnitude_Warping @ 2x] Acc: 0.2406, F1: 0.1429, Time: 0.46s
    [=== Generating 3x synthetic data with Magnitude_Warping ===]
      -> [KNN + Magnitude_Warping @ 3x] Acc: 0.7006, F1: 0.6985, Time: 0.43s
      -> [RandomForest + Magnitude_Warping @ 3x] Acc: 0.6718, F1: 0.6678, Time: 4.37s
      -> [LinearSVC + Magnitude_Warping @ 3x] Acc: 0.6236, F1: 0.6113, Time: 0.52s
      -> [LogisticRegression + Magnitude_Warping @ 3x] Acc: 0.6835, F1: 0.6793, Time: 0.91s
      -> [RNN + Magnitude_Warping @ 3x] Acc: 0.2105, F1: 0.1220, Time: 0.78s
    [=== Generating 5x synthetic data with Magnitude_Warping ===]
      -> [KNN + Magnitude_Warping @ 5x] Acc: 0.6978, F1: 0.6940, Time: 0.33s
      -> [RandomForest + Magnitude_Warping @ 5x] Acc: 0.6874, F1: 0.6830, Time: 5.29s
      -> [LinearSVC + Magnitude_Warping @ 5x] Acc: 0.6265, F1: 0.6060, Time: 1.40s
      -> [LogisticRegression + Magnitude_Warping @ 5x] Acc: 0.6974, F1: 0.6905, Time: 0.98s
      -> [RNN + Magnitude_Warping @ 5x] Acc: 0.3985, F1: 0.2922, Time: 0.83s
    [=== Generating 10x synthetic data with Magnitude_Warping ===]
      -> [KNN + Magnitude_Warping @ 10x] Acc: 0.7010, F1: 0.6995, Time: 0.38s
      -> [RandomForest + Magnitude_Warping @ 10x] Acc: 0.7043, F1: 0.6998, Time: 9.40s
      -> [LinearSVC + Magnitude_Warping @ 10x] Acc: 0.6057, F1: 0.5842, Time: 2.00s
      -> [LogisticRegression + Magnitude_Warping @ 10x] Acc: 0.6987, F1: 0.6944, Time: 2.10s
      -> [RNN + Magnitude_Warping @ 10x] Acc: 0.5113, F1: 0.4524, Time: 1.71s
    [=== Generating 2x synthetic data with Time_Warping ===]
      -> [KNN + Time_Warping @ 2x] Acc: 0.7209, F1: 0.7172, Time: 0.17s
      -> [RandomForest + Time_Warping @ 2x] Acc: 0.6667, F1: 0.6635, Time: 1.59s
      -> [LinearSVC + Time_Warping @ 2x] Acc: 0.6718, F1: 0.6480, Time: 0.66s
      -> [LogisticRegression + Time_Warping @ 2x] Acc: 0.6701, F1: 0.6693, Time: 0.76s
      -> [RNN + Time_Warping @ 2x] Acc: 0.1955, F1: 0.1198, Time: 0.71s
    [=== Generating 3x synthetic data with Time_Warping ===]
      -> [KNN + Time_Warping @ 3x] Acc: 0.7039, F1: 0.7027, Time: 0.21s
      -> [RandomForest + Time_Warping @ 3x] Acc: 0.6913, F1: 0.6874, Time: 2.49s
      -> [LinearSVC + Time_Warping @ 3x] Acc: 0.6502, F1: 0.6369, Time: 0.50s
      -> [LogisticRegression + Time_Warping @ 3x] Acc: 0.6983, F1: 0.6958, Time: 0.56s
      -> [RNN + Time_Warping @ 3x] Acc: 0.2030, F1: 0.1197, Time: 0.95s
    [=== Generating 5x synthetic data with Time_Warping ===]
      -> [KNN + Time_Warping @ 5x] Acc: 0.7059, F1: 0.7031, Time: 0.27s
      -> [RandomForest + Time_Warping @ 5x] Acc: 0.6779, F1: 0.6735, Time: 4.88s
      -> [LinearSVC + Time_Warping @ 5x] Acc: 0.6704, F1: 0.6549, Time: 0.84s
      -> [LogisticRegression + Time_Warping @ 5x] Acc: 0.6569, F1: 0.6570, Time: 0.92s
      -> [RNN + Time_Warping @ 5x] Acc: 0.2857, F1: 0.1844, Time: 0.83s
    [=== Generating 10x synthetic data with Time_Warping ===]
      -> [KNN + Time_Warping @ 10x] Acc: 0.6970, F1: 0.6942, Time: 0.36s
      -> [RandomForest + Time_Warping @ 10x] Acc: 0.6578, F1: 0.6523, Time: 8.22s
      -> [LinearSVC + Time_Warping @ 10x] Acc: 0.6440, F1: 0.6272, Time: 1.87s
      -> [LogisticRegression + Time_Warping @ 10x] Acc: 0.6871, F1: 0.6847, Time: 1.79s
      -> [RNN + Time_Warping @ 10x] Acc: 0.4962, F1: 0.3910, Time: 1.63s

    >> Seed Fold Selection: 7/10
    Evaluating Model: KNN
      -> [Baseline] Acc: 0.7735, F1: 0.7685, Time: 0.63s
      HP Tuning KNN...
n_iterations: 3
n_required_iterations: 3
n_possible_iterations: 4
min_resources_: 76
max_resources_: 3800
aggressive_elimination: False
factor: 3
----------
iter: 0
n_candidates: 20
n_resources: 76
Fitting 2 folds for each of 20 candidates, totalling 40 fits
----------
iter: 1
n_candidates: 7
n_resources: 228
Fitting 2 folds for each of 7 candidates, totalling 14 fits
----------
iter: 2
n_candidates: 3
n_resources: 684
Fitting 2 folds for each of 3 candidates, totalling 6 fits
      -> [Tuned_Baseline] Acc: 0.7756, F1: 0.7681, Time: 0.13s
    Evaluating Model: RandomForest
      -> [Baseline] Acc: 0.7152, F1: 0.7073, Time: 0.99s
      HP Tuning RandomForest...
n_iterations: 3
n_required_iterations: 3
n_possible_iterations: 4
min_resources_: 76
max_resources_: 3800
aggressive_elimination: False
factor: 3
----------
iter: 0
n_candidates: 20
n_resources: 76
Fitting 2 folds for each of 20 candidates, totalling 40 fits
----------
iter: 1
n_candidates: 7
n_resources: 228
Fitting 2 folds for each of 7 candidates, totalling 14 fits
----------
iter: 2
n_candidates: 3
n_resources: 684
Fitting 2 folds for each of 3 candidates, totalling 6 fits
      -> [Tuned_Baseline] Acc: 0.7059, F1: 0.6977, Time: 0.07s
    Evaluating Model: LinearSVC
      -> [Baseline] Acc: 0.6720, F1: 0.6611, Time: 0.05s
      HP Tuning LinearSVC...
n_iterations: 3
n_required_iterations: 3
n_possible_iterations: 4
min_resources_: 76
max_resources_: 3800
aggressive_elimination: False
factor: 3
----------
iter: 0
n_candidates: 20
n_resources: 76
Fitting 2 folds for each of 20 candidates, totalling 40 fits
----------
iter: 1
n_candidates: 7
n_resources: 228
Fitting 2 folds for each of 7 candidates, totalling 14 fits
----------
iter: 2
n_candidates: 3
n_resources: 684
Fitting 2 folds for each of 3 candidates, totalling 6 fits
      -> [Tuned_Baseline] Acc: 0.6720, F1: 0.6611, Time: 0.00s
    Evaluating Model: LogisticRegression
      -> [Baseline] Acc: 0.7290, F1: 0.7169, Time: 0.19s
      HP Tuning LogisticRegression...
n_iterations: 3
n_required_iterations: 3
n_possible_iterations: 4
min_resources_: 76
max_resources_: 3800
aggressive_elimination: False
factor: 3
----------
iter: 0
n_candidates: 12
n_resources: 76
Fitting 2 folds for each of 12 candidates, totalling 24 fits
----------
iter: 1
n_candidates: 4
n_resources: 228
Fitting 2 folds for each of 4 candidates, totalling 8 fits
----------
iter: 2
n_candidates: 2
n_resources: 684
Fitting 2 folds for each of 2 candidates, totalling 4 fits
      -> [Tuned_Baseline] Acc: 0.7369, F1: 0.7236, Time: 0.00s
    Evaluating Model: RNN
      -> [Baseline] Acc: 0.1278, F1: 0.0708, Time: 0.24s
      -> [Tuned_Baseline] Acc: 0.1278, F1: 0.0708, Time: 0.01s
    [=== Generating 2x synthetic data with Jittering ===]
      -> [KNN + Jittering @ 2x] Acc: 0.7705, F1: 0.7644, Time: 0.17s
      -> [RandomForest + Jittering @ 2x] Acc: 0.7111, F1: 0.7039, Time: 1.65s
      -> [LinearSVC + Jittering @ 2x] Acc: 0.6731, F1: 0.6641, Time: 0.09s
      -> [LogisticRegression + Jittering @ 2x] Acc: 0.7410, F1: 0.7290, Time: 0.38s
      -> [RNN + Jittering @ 2x] Acc: 0.1429, F1: 0.0501, Time: 0.42s
    [=== Generating 3x synthetic data with Jittering ===]
      -> [KNN + Jittering @ 3x] Acc: 0.7744, F1: 0.7687, Time: 0.21s
      -> [RandomForest + Jittering @ 3x] Acc: 0.7259, F1: 0.7193, Time: 2.47s
      -> [LinearSVC + Jittering @ 3x] Acc: 0.6735, F1: 0.6652, Time: 0.13s
      -> [LogisticRegression + Jittering @ 3x] Acc: 0.7505, F1: 0.7386, Time: 0.56s
      -> [RNN + Jittering @ 3x] Acc: 0.2556, F1: 0.1853, Time: 0.56s
    [=== Generating 5x synthetic data with Jittering ===]
      -> [KNN + Jittering @ 5x] Acc: 0.7757, F1: 0.7703, Time: 0.25s
      -> [RandomForest + Jittering @ 5x] Acc: 0.7208, F1: 0.7135, Time: 4.13s
      -> [LinearSVC + Jittering @ 5x] Acc: 0.6732, F1: 0.6670, Time: 0.22s
      -> [LogisticRegression + Jittering @ 5x] Acc: 0.7445, F1: 0.7340, Time: 0.84s
      -> [RNN + Jittering @ 5x] Acc: 0.3308, F1: 0.2300, Time: 0.95s
    [=== Generating 10x synthetic data with Jittering ===]
      -> [KNN + Jittering @ 10x] Acc: 0.7744, F1: 0.7689, Time: 0.33s
      -> [RandomForest + Jittering @ 10x] Acc: 0.7284, F1: 0.7206, Time: 8.67s
      -> [LinearSVC + Jittering @ 10x] Acc: 0.6714, F1: 0.6669, Time: 0.47s
      -> [LogisticRegression + Jittering @ 10x] Acc: 0.7520, F1: 0.7430, Time: 1.75s
      -> [RNN + Jittering @ 10x] Acc: 0.4361, F1: 0.3481, Time: 1.58s
    [=== Generating 2x synthetic data with Scaling ===]
      -> [KNN + Scaling @ 2x] Acc: 0.7652, F1: 0.7587, Time: 0.17s
      -> [RandomForest + Scaling @ 2x] Acc: 0.7109, F1: 0.7017, Time: 1.60s
      -> [LinearSVC + Scaling @ 2x] Acc: 0.5879, F1: 0.5786, Time: 0.08s
      -> [LogisticRegression + Scaling @ 2x] Acc: 0.7121, F1: 0.6968, Time: 0.35s
      -> [RNN + Scaling @ 2x] Acc: 0.1805, F1: 0.0933, Time: 0.40s
    [=== Generating 3x synthetic data with Scaling ===]
      -> [KNN + Scaling @ 3x] Acc: 0.7626, F1: 0.7571, Time: 0.20s
      -> [RandomForest + Scaling @ 3x] Acc: 0.6977, F1: 0.6885, Time: 2.40s
      -> [LinearSVC + Scaling @ 3x] Acc: 0.6429, F1: 0.6305, Time: 0.12s
      -> [LogisticRegression + Scaling @ 3x] Acc: 0.7303, F1: 0.7176, Time: 0.53s
      -> [RNN + Scaling @ 3x] Acc: 0.2632, F1: 0.1523, Time: 0.52s
    [=== Generating 5x synthetic data with Scaling ===]
      -> [KNN + Scaling @ 5x] Acc: 0.7636, F1: 0.7566, Time: 0.25s
      -> [RandomForest + Scaling @ 5x] Acc: 0.7171, F1: 0.7081, Time: 4.03s
      -> [LinearSVC + Scaling @ 5x] Acc: 0.6080, F1: 0.5924, Time: 0.21s
      -> [LogisticRegression + Scaling @ 5x] Acc: 0.7165, F1: 0.7086, Time: 0.86s
      -> [RNN + Scaling @ 5x] Acc: 0.3534, F1: 0.2477, Time: 0.95s
    [=== Generating 10x synthetic data with Scaling ===]
      -> [KNN + Scaling @ 10x] Acc: 0.7741, F1: 0.7690, Time: 0.34s
      -> [RandomForest + Scaling @ 10x] Acc: 0.7205, F1: 0.7095, Time: 8.72s
      -> [LinearSVC + Scaling @ 10x] Acc: 0.6504, F1: 0.6375, Time: 0.44s
      -> [LogisticRegression + Scaling @ 10x] Acc: 0.7478, F1: 0.7379, Time: 1.77s
      -> [RNN + Scaling @ 10x] Acc: 0.4737, F1: 0.3745, Time: 1.60s
    [=== Generating 2x synthetic data with Magnitude_Warping ===]
      -> [KNN + Magnitude_Warping @ 2x] Acc: 0.7605, F1: 0.7520, Time: 0.18s
      -> [RandomForest + Magnitude_Warping @ 2x] Acc: 0.7129, F1: 0.6969, Time: 1.67s
      -> [LinearSVC + Magnitude_Warping @ 2x] Acc: 0.6114, F1: 0.5909, Time: 0.08s
      -> [LogisticRegression + Magnitude_Warping @ 2x] Acc: 0.7157, F1: 0.7013, Time: 0.34s
      -> [RNN + Magnitude_Warping @ 2x] Acc: 0.2331, F1: 0.1443, Time: 0.38s
    [=== Generating 3x synthetic data with Magnitude_Warping ===]
      -> [KNN + Magnitude_Warping @ 3x] Acc: 0.7708, F1: 0.7636, Time: 0.23s
      -> [RandomForest + Magnitude_Warping @ 3x] Acc: 0.7166, F1: 0.7015, Time: 2.55s
      -> [LinearSVC + Magnitude_Warping @ 3x] Acc: 0.6402, F1: 0.6084, Time: 0.13s
      -> [LogisticRegression + Magnitude_Warping @ 3x] Acc: 0.7304, F1: 0.7228, Time: 0.55s
      -> [RNN + Magnitude_Warping @ 3x] Acc: 0.2180, F1: 0.1483, Time: 0.54s
    [=== Generating 5x synthetic data with Magnitude_Warping ===]
      -> [KNN + Magnitude_Warping @ 5x] Acc: 0.7608, F1: 0.7541, Time: 0.28s
      -> [RandomForest + Magnitude_Warping @ 5x] Acc: 0.7026, F1: 0.6885, Time: 4.29s
      -> [LinearSVC + Magnitude_Warping @ 5x] Acc: 0.6326, F1: 0.6022, Time: 0.20s
      -> [LogisticRegression + Magnitude_Warping @ 5x] Acc: 0.7264, F1: 0.7150, Time: 0.89s
      -> [RNN + Magnitude_Warping @ 5x] Acc: 0.3083, F1: 0.2002, Time: 0.83s
    [=== Generating 10x synthetic data with Magnitude_Warping ===]
      -> [KNN + Magnitude_Warping @ 10x] Acc: 0.7508, F1: 0.7433, Time: 0.38s
      -> [RandomForest + Magnitude_Warping @ 10x] Acc: 0.7002, F1: 0.6832, Time: 9.06s
      -> [LinearSVC + Magnitude_Warping @ 10x] Acc: 0.6308, F1: 0.5970, Time: 0.40s
      -> [LogisticRegression + Magnitude_Warping @ 10x] Acc: 0.7177, F1: 0.7090, Time: 1.74s
      -> [RNN + Magnitude_Warping @ 10x] Acc: 0.4286, F1: 0.3484, Time: 1.65s
    [=== Generating 2x synthetic data with Time_Warping ===]
      -> [KNN + Time_Warping @ 2x] Acc: 0.7786, F1: 0.7699, Time: 0.19s
      -> [RandomForest + Time_Warping @ 2x] Acc: 0.6957, F1: 0.6887, Time: 1.59s
      -> [LinearSVC + Time_Warping @ 2x] Acc: 0.6570, F1: 0.6371, Time: 0.08s
      -> [LogisticRegression + Time_Warping @ 2x] Acc: 0.7165, F1: 0.7030, Time: 0.35s
      -> [RNN + Time_Warping @ 2x] Acc: 0.2180, F1: 0.0916, Time: 0.41s
    [=== Generating 3x synthetic data with Time_Warping ===]
      -> [KNN + Time_Warping @ 3x] Acc: 0.7692, F1: 0.7623, Time: 0.22s
      -> [RandomForest + Time_Warping @ 3x] Acc: 0.6562, F1: 0.6475, Time: 2.35s
      -> [LinearSVC + Time_Warping @ 3x] Acc: 0.6466, F1: 0.6184, Time: 0.12s
      -> [LogisticRegression + Time_Warping @ 3x] Acc: 0.7184, F1: 0.7056, Time: 0.56s
      -> [RNN + Time_Warping @ 3x] Acc: 0.2406, F1: 0.1314, Time: 0.55s
    [=== Generating 5x synthetic data with Time_Warping ===]
      -> [KNN + Time_Warping @ 5x] Acc: 0.7632, F1: 0.7553, Time: 0.28s
      -> [RandomForest + Time_Warping @ 5x] Acc: 0.6792, F1: 0.6713, Time: 3.85s
      -> [LinearSVC + Time_Warping @ 5x] Acc: 0.6563, F1: 0.6308, Time: 0.20s
      -> [LogisticRegression + Time_Warping @ 5x] Acc: 0.7491, F1: 0.7400, Time: 0.87s
      -> [RNN + Time_Warping @ 5x] Acc: 0.3083, F1: 0.1939, Time: 0.85s
    [=== Generating 10x synthetic data with Time_Warping ===]
      -> [KNN + Time_Warping @ 10x] Acc: 0.7614, F1: 0.7549, Time: 0.37s
      -> [RandomForest + Time_Warping @ 10x] Acc: 0.6691, F1: 0.6624, Time: 8.12s
      -> [LinearSVC + Time_Warping @ 10x] Acc: 0.6491, F1: 0.6209, Time: 0.42s
      -> [LogisticRegression + Time_Warping @ 10x] Acc: 0.7186, F1: 0.7123, Time: 1.68s
      -> [RNN + Time_Warping @ 10x] Acc: 0.4662, F1: 0.3605, Time: 1.56s

    >> Seed Fold Selection: 8/10
    Evaluating Model: KNN
      -> [Baseline] Acc: 0.7347, F1: 0.7338, Time: 0.63s
      HP Tuning KNN...
n_iterations: 3
n_required_iterations: 3
n_possible_iterations: 4
min_resources_: 76
max_resources_: 3800
aggressive_elimination: False
factor: 3
----------
iter: 0
n_candidates: 20
n_resources: 76
Fitting 2 folds for each of 20 candidates, totalling 40 fits
----------
iter: 1
n_candidates: 7
n_resources: 228
Fitting 2 folds for each of 7 candidates, totalling 14 fits
----------
iter: 2
n_candidates: 3
n_resources: 684
Fitting 2 folds for each of 3 candidates, totalling 6 fits
      -> [Tuned_Baseline] Acc: 0.7356, F1: 0.7344, Time: 0.10s
    Evaluating Model: RandomForest
      -> [Baseline] Acc: 0.7151, F1: 0.7107, Time: 0.92s
      HP Tuning RandomForest...
n_iterations: 3
n_required_iterations: 3
n_possible_iterations: 4
min_resources_: 76
max_resources_: 3800
aggressive_elimination: False
factor: 3
----------
iter: 0
n_candidates: 20
n_resources: 76
Fitting 2 folds for each of 20 candidates, totalling 40 fits
----------
iter: 1
n_candidates: 7
n_resources: 228
Fitting 2 folds for each of 7 candidates, totalling 14 fits
----------
iter: 2
n_candidates: 3
n_resources: 684
Fitting 2 folds for each of 3 candidates, totalling 6 fits
      -> [Tuned_Baseline] Acc: 0.7079, F1: 0.7035, Time: 0.04s
    Evaluating Model: LinearSVC
      -> [Baseline] Acc: 0.6214, F1: 0.6080, Time: 0.05s
      HP Tuning LinearSVC...
n_iterations: 3
n_required_iterations: 3
n_possible_iterations: 4
min_resources_: 76
max_resources_: 3800
aggressive_elimination: False
factor: 3
----------
iter: 0
n_candidates: 20
n_resources: 76
Fitting 2 folds for each of 20 candidates, totalling 40 fits
----------
iter: 1
n_candidates: 7
n_resources: 228
Fitting 2 folds for each of 7 candidates, totalling 14 fits
----------
iter: 2
n_candidates: 3
n_resources: 684
Fitting 2 folds for each of 3 candidates, totalling 6 fits
      -> [Tuned_Baseline] Acc: 0.6031, F1: 0.5831, Time: 0.00s
    Evaluating Model: LogisticRegression
      -> [Baseline] Acc: 0.7550, F1: 0.7566, Time: 0.14s
      HP Tuning LogisticRegression...
n_iterations: 3
n_required_iterations: 3
n_possible_iterations: 4
min_resources_: 76
max_resources_: 3800
aggressive_elimination: False
factor: 3
----------
iter: 0
n_candidates: 12
n_resources: 76
Fitting 2 folds for each of 12 candidates, totalling 24 fits
----------
iter: 1
n_candidates: 4
n_resources: 228
Fitting 2 folds for each of 4 candidates, totalling 8 fits
----------
iter: 2
n_candidates: 2
n_resources: 684
Fitting 2 folds for each of 2 candidates, totalling 4 fits
      -> [Tuned_Baseline] Acc: 0.7598, F1: 0.7609, Time: 0.00s
    Evaluating Model: RNN
      -> [Baseline] Acc: 0.1353, F1: 0.0576, Time: 0.26s
      -> [Tuned_Baseline] Acc: 0.1353, F1: 0.0576, Time: 0.01s
    [=== Generating 2x synthetic data with Jittering ===]
      -> [KNN + Jittering @ 2x] Acc: 0.7381, F1: 0.7376, Time: 0.14s
      -> [RandomForest + Jittering @ 2x] Acc: 0.6933, F1: 0.6938, Time: 0.84s
      -> [LinearSVC + Jittering @ 2x] Acc: 0.6079, F1: 0.5884, Time: 0.32s
      -> [LogisticRegression + Jittering @ 2x] Acc: 0.7697, F1: 0.7692, Time: 0.38s
      -> [RNN + Jittering @ 2x] Acc: 0.1880, F1: 0.1117, Time: 0.42s
    [=== Generating 3x synthetic data with Jittering ===]
      -> [KNN + Jittering @ 3x] Acc: 0.7367, F1: 0.7357, Time: 0.16s
      -> [RandomForest + Jittering @ 3x] Acc: 0.7174, F1: 0.7174, Time: 1.24s
      -> [LinearSVC + Jittering @ 3x] Acc: 0.6078, F1: 0.5885, Time: 0.51s
      -> [LogisticRegression + Jittering @ 3x] Acc: 0.7705, F1: 0.7707, Time: 0.57s
      -> [RNN + Jittering @ 3x] Acc: 0.1729, F1: 0.0780, Time: 0.54s
    [=== Generating 5x synthetic data with Jittering ===]
      -> [KNN + Jittering @ 5x] Acc: 0.7388, F1: 0.7374, Time: 0.20s
      -> [RandomForest + Jittering @ 5x] Acc: 0.7096, F1: 0.7094, Time: 2.08s
      -> [LinearSVC + Jittering @ 5x] Acc: 0.6036, F1: 0.5848, Time: 0.86s
      -> [LogisticRegression + Jittering @ 5x] Acc: 0.7745, F1: 0.7739, Time: 0.87s
      -> [RNN + Jittering @ 5x] Acc: 0.3383, F1: 0.2341, Time: 0.80s
    [=== Generating 10x synthetic data with Jittering ===]
      -> [KNN + Jittering @ 10x] Acc: 0.7359, F1: 0.7348, Time: 0.27s
      -> [RandomForest + Jittering @ 10x] Acc: 0.7176, F1: 0.7169, Time: 4.26s
      -> [LinearSVC + Jittering @ 10x] Acc: 0.6052, F1: 0.5866, Time: 1.79s
      -> [LogisticRegression + Jittering @ 10x] Acc: 0.7692, F1: 0.7683, Time: 1.77s
      -> [RNN + Jittering @ 10x] Acc: 0.4586, F1: 0.4022, Time: 1.65s
    [=== Generating 2x synthetic data with Scaling ===]
      -> [KNN + Scaling @ 2x] Acc: 0.7329, F1: 0.7324, Time: 0.13s
      -> [RandomForest + Scaling @ 2x] Acc: 0.6998, F1: 0.6980, Time: 0.80s
      -> [LinearSVC + Scaling @ 2x] Acc: 0.6038, F1: 0.5815, Time: 0.31s
      -> [LogisticRegression + Scaling @ 2x] Acc: 0.7455, F1: 0.7450, Time: 0.34s
      -> [RNN + Scaling @ 2x] Acc: 0.1880, F1: 0.0998, Time: 0.38s
    [=== Generating 3x synthetic data with Scaling ===]
      -> [KNN + Scaling @ 3x] Acc: 0.7411, F1: 0.7393, Time: 0.15s
      -> [RandomForest + Scaling @ 3x] Acc: 0.6959, F1: 0.6973, Time: 1.19s
      -> [LinearSVC + Scaling @ 3x] Acc: 0.6045, F1: 0.5855, Time: 0.48s
      -> [LogisticRegression + Scaling @ 3x] Acc: 0.7653, F1: 0.7645, Time: 0.55s
      -> [RNN + Scaling @ 3x] Acc: 0.2481, F1: 0.1426, Time: 0.53s
    [=== Generating 5x synthetic data with Scaling ===]
      -> [KNN + Scaling @ 5x] Acc: 0.7310, F1: 0.7317, Time: 0.19s
      -> [RandomForest + Scaling @ 5x] Acc: 0.6943, F1: 0.6976, Time: 2.03s
      -> [LinearSVC + Scaling @ 5x] Acc: 0.6120, F1: 0.5937, Time: 0.80s
      -> [LogisticRegression + Scaling @ 5x] Acc: 0.7411, F1: 0.7392, Time: 0.88s
      -> [RNN + Scaling @ 5x] Acc: 0.4361, F1: 0.3425, Time: 0.85s
    [=== Generating 10x synthetic data with Scaling ===]
      -> [KNN + Scaling @ 10x] Acc: 0.7213, F1: 0.7229, Time: 0.28s
      -> [RandomForest + Scaling @ 10x] Acc: 0.6744, F1: 0.6786, Time: 4.42s
      -> [LinearSVC + Scaling @ 10x] Acc: 0.6049, F1: 0.5846, Time: 1.74s
      -> [LogisticRegression + Scaling @ 10x] Acc: 0.7364, F1: 0.7365, Time: 1.84s
      -> [RNN + Scaling @ 10x] Acc: 0.4286, F1: 0.3960, Time: 1.69s
    [=== Generating 2x synthetic data with Magnitude_Warping ===]
      -> [KNN + Magnitude_Warping @ 2x] Acc: 0.7249, F1: 0.7247, Time: 0.14s
      -> [RandomForest + Magnitude_Warping @ 2x] Acc: 0.6910, F1: 0.6902, Time: 0.83s
      -> [LinearSVC + Magnitude_Warping @ 2x] Acc: 0.6228, F1: 0.5954, Time: 0.32s
      -> [LogisticRegression + Magnitude_Warping @ 2x] Acc: 0.7647, F1: 0.7600, Time: 0.36s
      -> [RNN + Magnitude_Warping @ 2x] Acc: 0.1805, F1: 0.0665, Time: 0.46s
    [=== Generating 3x synthetic data with Magnitude_Warping ===]
      -> [KNN + Magnitude_Warping @ 3x] Acc: 0.7302, F1: 0.7302, Time: 0.17s
      -> [RandomForest + Magnitude_Warping @ 3x] Acc: 0.6982, F1: 0.7012, Time: 1.25s
      -> [LinearSVC + Magnitude_Warping @ 3x] Acc: 0.5925, F1: 0.5667, Time: 0.48s
      -> [LogisticRegression + Magnitude_Warping @ 3x] Acc: 0.7448, F1: 0.7475, Time: 0.55s
      -> [RNN + Magnitude_Warping @ 3x] Acc: 0.2256, F1: 0.1311, Time: 0.62s
    [=== Generating 5x synthetic data with Magnitude_Warping ===]
      -> [KNN + Magnitude_Warping @ 5x] Acc: 0.7373, F1: 0.7347, Time: 0.21s
      -> [RandomForest + Magnitude_Warping @ 5x] Acc: 0.7139, F1: 0.7172, Time: 2.13s
      -> [LinearSVC + Magnitude_Warping @ 5x] Acc: 0.5978, F1: 0.5726, Time: 0.81s
      -> [LogisticRegression + Magnitude_Warping @ 5x] Acc: 0.7502, F1: 0.7515, Time: 0.89s
      -> [RNN + Magnitude_Warping @ 5x] Acc: 0.3233, F1: 0.2485, Time: 0.85s
    [=== Generating 10x synthetic data with Magnitude_Warping ===]
      -> [KNN + Magnitude_Warping @ 10x] Acc: 0.7226, F1: 0.7217, Time: 0.30s
      -> [RandomForest + Magnitude_Warping @ 10x] Acc: 0.7034, F1: 0.7072, Time: 4.40s
      -> [LinearSVC + Magnitude_Warping @ 10x] Acc: 0.5825, F1: 0.5531, Time: 1.68s
      -> [LogisticRegression + Magnitude_Warping @ 10x] Acc: 0.7329, F1: 0.7339, Time: 1.74s
      -> [RNN + Magnitude_Warping @ 10x] Acc: 0.5489, F1: 0.4788, Time: 1.57s
    [=== Generating 2x synthetic data with Time_Warping ===]
      -> [KNN + Time_Warping @ 2x] Acc: 0.7235, F1: 0.7222, Time: 0.13s
      -> [RandomForest + Time_Warping @ 2x] Acc: 0.6980, F1: 0.6923, Time: 0.81s
      -> [LinearSVC + Time_Warping @ 2x] Acc: 0.5938, F1: 0.5797, Time: 0.31s
      -> [LogisticRegression + Time_Warping @ 2x] Acc: 0.7602, F1: 0.7588, Time: 0.36s
      -> [RNN + Time_Warping @ 2x] Acc: 0.1955, F1: 0.1115, Time: 0.41s
    [=== Generating 3x synthetic data with Time_Warping ===]
      -> [KNN + Time_Warping @ 3x] Acc: 0.7214, F1: 0.7198, Time: 0.16s
      -> [RandomForest + Time_Warping @ 3x] Acc: 0.6943, F1: 0.6886, Time: 1.17s
      -> [LinearSVC + Time_Warping @ 3x] Acc: 0.5919, F1: 0.5657, Time: 0.48s
      -> [LogisticRegression + Time_Warping @ 3x] Acc: 0.7626, F1: 0.7596, Time: 0.56s
      -> [RNN + Time_Warping @ 3x] Acc: 0.2857, F1: 0.1410, Time: 0.54s
    [=== Generating 5x synthetic data with Time_Warping ===]
      -> [KNN + Time_Warping @ 5x] Acc: 0.7235, F1: 0.7235, Time: 0.21s
      -> [RandomForest + Time_Warping @ 5x] Acc: 0.6720, F1: 0.6645, Time: 1.96s
      -> [LinearSVC + Time_Warping @ 5x] Acc: 0.5926, F1: 0.5647, Time: 0.80s
      -> [LogisticRegression + Time_Warping @ 5x] Acc: 0.7557, F1: 0.7524, Time: 0.92s
      -> [RNN + Time_Warping @ 5x] Acc: 0.3308, F1: 0.2219, Time: 0.86s
    [=== Generating 10x synthetic data with Time_Warping ===]
      -> [KNN + Time_Warping @ 10x] Acc: 0.7180, F1: 0.7148, Time: 0.29s
      -> [RandomForest + Time_Warping @ 10x] Acc: 0.6640, F1: 0.6609, Time: 3.97s
      -> [LinearSVC + Time_Warping @ 10x] Acc: 0.5915, F1: 0.5651, Time: 1.68s
      -> [LogisticRegression + Time_Warping @ 10x] Acc: 0.7412, F1: 0.7380, Time: 1.82s
      -> [RNN + Time_Warping @ 10x] Acc: 0.5188, F1: 0.4704, Time: 1.73s

    >> Seed Fold Selection: 9/10
    Evaluating Model: KNN
      -> [Baseline] Acc: 0.7199, F1: 0.7120, Time: 0.64s
      HP Tuning KNN...
n_iterations: 3
n_required_iterations: 3
n_possible_iterations: 4
min_resources_: 76
max_resources_: 3800
aggressive_elimination: False
factor: 3
----------
iter: 0
n_candidates: 20
n_resources: 76
Fitting 2 folds for each of 20 candidates, totalling 40 fits
----------
iter: 1
n_candidates: 7
n_resources: 228
Fitting 2 folds for each of 7 candidates, totalling 14 fits
----------
iter: 2
n_candidates: 3
n_resources: 684
Fitting 2 folds for each of 3 candidates, totalling 6 fits
      -> [Tuned_Baseline] Acc: 0.7202, F1: 0.7120, Time: 0.10s
    Evaluating Model: RandomForest
      -> [Baseline] Acc: 0.6833, F1: 0.6781, Time: 0.98s
      HP Tuning RandomForest...
n_iterations: 3
n_required_iterations: 3
n_possible_iterations: 4
min_resources_: 76
max_resources_: 3800
aggressive_elimination: False
factor: 3
----------
iter: 0
n_candidates: 20
n_resources: 76
Fitting 2 folds for each of 20 candidates, totalling 40 fits
----------
iter: 1
n_candidates: 7
n_resources: 228
Fitting 2 folds for each of 7 candidates, totalling 14 fits
----------
iter: 2
n_candidates: 3
n_resources: 684
Fitting 2 folds for each of 3 candidates, totalling 6 fits
      -> [Tuned_Baseline] Acc: 0.6829, F1: 0.6775, Time: 0.08s
    Evaluating Model: LinearSVC
      -> [Baseline] Acc: 0.6081, F1: 0.6008, Time: 0.04s
      HP Tuning LinearSVC...
n_iterations: 3
n_required_iterations: 3
n_possible_iterations: 4
min_resources_: 76
max_resources_: 3800
aggressive_elimination: False
factor: 3
----------
iter: 0
n_candidates: 20
n_resources: 76
Fitting 2 folds for each of 20 candidates, totalling 40 fits
----------
iter: 1
n_candidates: 7
n_resources: 228
Fitting 2 folds for each of 7 candidates, totalling 14 fits
----------
iter: 2
n_candidates: 3
n_resources: 684
Fitting 2 folds for each of 3 candidates, totalling 6 fits
      -> [Tuned_Baseline] Acc: 0.5844, F1: 0.5692, Time: 0.00s
    Evaluating Model: LogisticRegression
      -> [Baseline] Acc: 0.7069, F1: 0.6968, Time: 0.15s
      HP Tuning LogisticRegression...
n_iterations: 3
n_required_iterations: 3
n_possible_iterations: 4
min_resources_: 76
max_resources_: 3800
aggressive_elimination: False
factor: 3
----------
iter: 0
n_candidates: 12
n_resources: 76
Fitting 2 folds for each of 12 candidates, totalling 24 fits
----------
iter: 1
n_candidates: 4
n_resources: 228
Fitting 2 folds for each of 4 candidates, totalling 8 fits
----------
iter: 2
n_candidates: 2
n_resources: 684
Fitting 2 folds for each of 2 candidates, totalling 4 fits
      -> [Tuned_Baseline] Acc: 0.7186, F1: 0.7097, Time: 0.00s
    Evaluating Model: RNN
      -> [Baseline] Acc: 0.1278, F1: 0.0906, Time: 0.26s
      -> [Tuned_Baseline] Acc: 0.1278, F1: 0.0906, Time: 0.01s
    [=== Generating 2x synthetic data with Jittering ===]
      -> [KNN + Jittering @ 2x] Acc: 0.7215, F1: 0.7133, Time: 0.13s
      -> [RandomForest + Jittering @ 2x] Acc: 0.6938, F1: 0.6856, Time: 1.90s
      -> [LinearSVC + Jittering @ 2x] Acc: 0.5884, F1: 0.5745, Time: 0.34s
      -> [LogisticRegression + Jittering @ 2x] Acc: 0.7141, F1: 0.7045, Time: 0.37s
      -> [RNN + Jittering @ 2x] Acc: 0.1654, F1: 0.0766, Time: 0.41s
    [=== Generating 3x synthetic data with Jittering ===]
      -> [KNN + Jittering @ 3x] Acc: 0.7229, F1: 0.7150, Time: 0.16s
      -> [RandomForest + Jittering @ 3x] Acc: 0.7156, F1: 0.7097, Time: 2.84s
      -> [LinearSVC + Jittering @ 3x] Acc: 0.5845, F1: 0.5691, Time: 0.54s
      -> [LogisticRegression + Jittering @ 3x] Acc: 0.7074, F1: 0.6981, Time: 0.55s
      -> [RNN + Jittering @ 3x] Acc: 0.2256, F1: 0.1336, Time: 0.54s
    [=== Generating 5x synthetic data with Jittering ===]
      -> [KNN + Jittering @ 5x] Acc: 0.7197, F1: 0.7117, Time: 0.20s
      -> [RandomForest + Jittering @ 5x] Acc: 0.7044, F1: 0.6998, Time: 4.89s
      -> [LinearSVC + Jittering @ 5x] Acc: 0.5914, F1: 0.5773, Time: 0.94s
      -> [LogisticRegression + Jittering @ 5x] Acc: 0.7160, F1: 0.7061, Time: 0.92s
      -> [RNN + Jittering @ 5x] Acc: 0.3233, F1: 0.2097, Time: 0.84s
    [=== Generating 10x synthetic data with Jittering ===]
      -> [KNN + Jittering @ 10x] Acc: 0.7188, F1: 0.7110, Time: 0.28s
      -> [RandomForest + Jittering @ 10x] Acc: 0.6882, F1: 0.6834, Time: 10.31s
      -> [LinearSVC + Jittering @ 10x] Acc: 0.6076, F1: 0.5934, Time: 1.95s
      -> [LogisticRegression + Jittering @ 10x] Acc: 0.7166, F1: 0.7068, Time: 1.79s
      -> [RNN + Jittering @ 10x] Acc: 0.5038, F1: 0.4288, Time: 1.66s
    [=== Generating 2x synthetic data with Scaling ===]
      -> [KNN + Scaling @ 2x] Acc: 0.7057, F1: 0.6963, Time: 0.13s
      -> [RandomForest + Scaling @ 2x] Acc: 0.6483, F1: 0.6417, Time: 1.74s
      -> [LinearSVC + Scaling @ 2x] Acc: 0.5638, F1: 0.5362, Time: 0.33s
      -> [LogisticRegression + Scaling @ 2x] Acc: 0.6712, F1: 0.6592, Time: 0.37s
      -> [RNN + Scaling @ 2x] Acc: 0.1729, F1: 0.1268, Time: 0.43s
    [=== Generating 3x synthetic data with Scaling ===]
      -> [KNN + Scaling @ 3x] Acc: 0.7132, F1: 0.7081, Time: 0.16s
      -> [RandomForest + Scaling @ 3x] Acc: 0.6806, F1: 0.6752, Time: 2.74s
      -> [LinearSVC + Scaling @ 3x] Acc: 0.5869, F1: 0.5719, Time: 0.49s
      -> [LogisticRegression + Scaling @ 3x] Acc: 0.7169, F1: 0.7079, Time: 0.55s
      -> [RNN + Scaling @ 3x] Acc: 0.2932, F1: 0.1797, Time: 0.56s
    [=== Generating 5x synthetic data with Scaling ===]
      -> [KNN + Scaling @ 5x] Acc: 0.7226, F1: 0.7142, Time: 0.19s
      -> [RandomForest + Scaling @ 5x] Acc: 0.6762, F1: 0.6666, Time: 4.63s
      -> [LinearSVC + Scaling @ 5x] Acc: 0.5656, F1: 0.5463, Time: 0.84s
      -> [LogisticRegression + Scaling @ 5x] Acc: 0.7210, F1: 0.7136, Time: 0.88s
      -> [RNN + Scaling @ 5x] Acc: 0.2782, F1: 0.1711, Time: 0.84s
    [=== Generating 10x synthetic data with Scaling ===]
      -> [KNN + Scaling @ 10x] Acc: 0.7129, F1: 0.7072, Time: 0.27s
      -> [RandomForest + Scaling @ 10x] Acc: 0.6572, F1: 0.6561, Time: 10.08s
      -> [LinearSVC + Scaling @ 10x] Acc: 0.5839, F1: 0.5697, Time: 1.72s
      -> [LogisticRegression + Scaling @ 10x] Acc: 0.7227, F1: 0.7116, Time: 1.78s
      -> [RNN + Scaling @ 10x] Acc: 0.4812, F1: 0.4171, Time: 1.61s
    [=== Generating 2x synthetic data with Magnitude_Warping ===]
      -> [KNN + Magnitude_Warping @ 2x] Acc: 0.7046, F1: 0.6937, Time: 0.14s
      -> [RandomForest + Magnitude_Warping @ 2x] Acc: 0.6347, F1: 0.6244, Time: 1.84s
      -> [LinearSVC + Magnitude_Warping @ 2x] Acc: 0.5807, F1: 0.5581, Time: 0.33s
      -> [LogisticRegression + Magnitude_Warping @ 2x] Acc: 0.6835, F1: 0.6758, Time: 0.36s
      -> [RNN + Magnitude_Warping @ 2x] Acc: 0.1805, F1: 0.0891, Time: 0.40s
    [=== Generating 3x synthetic data with Magnitude_Warping ===]
      -> [KNN + Magnitude_Warping @ 3x] Acc: 0.7272, F1: 0.7175, Time: 0.16s
      -> [RandomForest + Magnitude_Warping @ 3x] Acc: 0.6726, F1: 0.6672, Time: 2.84s
      -> [LinearSVC + Magnitude_Warping @ 3x] Acc: 0.5382, F1: 0.5243, Time: 0.50s
      -> [LogisticRegression + Magnitude_Warping @ 3x] Acc: 0.6869, F1: 0.6807, Time: 0.55s
      -> [RNN + Magnitude_Warping @ 3x] Acc: 0.1880, F1: 0.1210, Time: 0.55s
    [=== Generating 5x synthetic data with Magnitude_Warping ===]
      -> [KNN + Magnitude_Warping @ 5x] Acc: 0.7060, F1: 0.6947, Time: 0.21s
      -> [RandomForest + Magnitude_Warping @ 5x] Acc: 0.6485, F1: 0.6396, Time: 5.11s
      -> [LinearSVC + Magnitude_Warping @ 5x] Acc: 0.5598, F1: 0.5386, Time: 0.84s
      -> [LogisticRegression + Magnitude_Warping @ 5x] Acc: 0.6667, F1: 0.6558, Time: 0.86s
      -> [RNN + Magnitude_Warping @ 5x] Acc: 0.3985, F1: 0.3044, Time: 0.87s
    [=== Generating 10x synthetic data with Magnitude_Warping ===]
      -> [KNN + Magnitude_Warping @ 10x] Acc: 0.6840, F1: 0.6726, Time: 0.30s
      -> [RandomForest + Magnitude_Warping @ 10x] Acc: 0.6508, F1: 0.6452, Time: 11.10s
      -> [LinearSVC + Magnitude_Warping @ 10x] Acc: 0.5653, F1: 0.5409, Time: 1.93s
      -> [LogisticRegression + Magnitude_Warping @ 10x] Acc: 0.6606, F1: 0.6517, Time: 1.81s
      -> [RNN + Magnitude_Warping @ 10x] Acc: 0.2256, F1: 0.1359, Time: 1.59s
    [=== Generating 2x synthetic data with Time_Warping ===]
      -> [KNN + Time_Warping @ 2x] Acc: 0.7299, F1: 0.7219, Time: 0.13s
      -> [RandomForest + Time_Warping @ 2x] Acc: 0.6668, F1: 0.6606, Time: 1.81s
      -> [LinearSVC + Time_Warping @ 2x] Acc: 0.6016, F1: 0.5871, Time: 0.32s
      -> [LogisticRegression + Time_Warping @ 2x] Acc: 0.7176, F1: 0.7078, Time: 0.35s
      -> [RNN + Time_Warping @ 2x] Acc: 0.2180, F1: 0.1108, Time: 0.38s
    [=== Generating 3x synthetic data with Time_Warping ===]
      -> [KNN + Time_Warping @ 3x] Acc: 0.7312, F1: 0.7247, Time: 0.16s
      -> [RandomForest + Time_Warping @ 3x] Acc: 0.6694, F1: 0.6621, Time: 2.74s
      -> [LinearSVC + Time_Warping @ 3x] Acc: 0.5974, F1: 0.5689, Time: 0.49s
      -> [LogisticRegression + Time_Warping @ 3x] Acc: 0.6820, F1: 0.6728, Time: 0.55s
      -> [RNN + Time_Warping @ 3x] Acc: 0.2556, F1: 0.1503, Time: 0.60s
    [=== Generating 5x synthetic data with Time_Warping ===]
      -> [KNN + Time_Warping @ 5x] Acc: 0.7205, F1: 0.7126, Time: 0.21s
      -> [RandomForest + Time_Warping @ 5x] Acc: 0.6469, F1: 0.6464, Time: 4.64s
      -> [LinearSVC + Time_Warping @ 5x] Acc: 0.5908, F1: 0.5712, Time: 0.83s
      -> [LogisticRegression + Time_Warping @ 5x] Acc: 0.6559, F1: 0.6545, Time: 0.87s
      -> [RNN + Time_Warping @ 5x] Acc: 0.3308, F1: 0.2499, Time: 0.81s
    [=== Generating 10x synthetic data with Time_Warping ===]
      -> [KNN + Time_Warping @ 10x] Acc: 0.7172, F1: 0.7104, Time: 0.30s
      -> [RandomForest + Time_Warping @ 10x] Acc: 0.6405, F1: 0.6368, Time: 10.07s
      -> [LinearSVC + Time_Warping @ 10x] Acc: 0.5967, F1: 0.5804, Time: 1.80s
      -> [LogisticRegression + Time_Warping @ 10x] Acc: 0.6726, F1: 0.6663, Time: 1.73s
      -> [RNN + Time_Warping @ 10x] Acc: 0.4361, F1: 0.3428, Time: 1.69s

    >> Seed Fold Selection: 10/10
    Evaluating Model: KNN
      -> [Baseline] Acc: 0.6907, F1: 0.6854, Time: 0.64s
      HP Tuning KNN...
n_iterations: 3
n_required_iterations: 3
n_possible_iterations: 4
min_resources_: 76
max_resources_: 3800
aggressive_elimination: False
factor: 3
----------
iter: 0
n_candidates: 20
n_resources: 76
Fitting 2 folds for each of 20 candidates, totalling 40 fits
----------
iter: 1
n_candidates: 7
n_resources: 228
Fitting 2 folds for each of 7 candidates, totalling 14 fits
----------
iter: 2
n_candidates: 3
n_resources: 684
Fitting 2 folds for each of 3 candidates, totalling 6 fits
      -> [Tuned_Baseline] Acc: 0.6889, F1: 0.6833, Time: 0.10s
    Evaluating Model: RandomForest
      -> [Baseline] Acc: 0.6520, F1: 0.6470, Time: 0.96s
      HP Tuning RandomForest...
n_iterations: 3
n_required_iterations: 3
n_possible_iterations: 4
min_resources_: 76
max_resources_: 3800
aggressive_elimination: False
factor: 3
----------
iter: 0
n_candidates: 20
n_resources: 76
Fitting 2 folds for each of 20 candidates, totalling 40 fits
----------
iter: 1
n_candidates: 7
n_resources: 228
Fitting 2 folds for each of 7 candidates, totalling 14 fits
----------
iter: 2
n_candidates: 3
n_resources: 684
Fitting 2 folds for each of 3 candidates, totalling 6 fits
      -> [Tuned_Baseline] Acc: 0.6515, F1: 0.6464, Time: 0.08s
    Evaluating Model: LinearSVC
      -> [Baseline] Acc: 0.6266, F1: 0.6122, Time: 0.04s
      HP Tuning LinearSVC...
n_iterations: 3
n_required_iterations: 3
n_possible_iterations: 4
min_resources_: 76
max_resources_: 3800
aggressive_elimination: False
factor: 3
----------
iter: 0
n_candidates: 20
n_resources: 76
Fitting 2 folds for each of 20 candidates, totalling 40 fits
----------
iter: 1
n_candidates: 7
n_resources: 228
Fitting 2 folds for each of 7 candidates, totalling 14 fits
----------
iter: 2
n_candidates: 3
n_resources: 684
Fitting 2 folds for each of 3 candidates, totalling 6 fits
      -> [Tuned_Baseline] Acc: 0.5870, F1: 0.5660, Time: 0.00s
    Evaluating Model: LogisticRegression
      -> [Baseline] Acc: 0.6786, F1: 0.6597, Time: 0.19s
      HP Tuning LogisticRegression...
n_iterations: 3
n_required_iterations: 3
n_possible_iterations: 4
min_resources_: 76
max_resources_: 3800
aggressive_elimination: False
factor: 3
----------
iter: 0
n_candidates: 12
n_resources: 76
Fitting 2 folds for each of 12 candidates, totalling 24 fits
----------
iter: 1
n_candidates: 4
n_resources: 228
Fitting 2 folds for each of 4 candidates, totalling 8 fits
----------
iter: 2
n_candidates: 2
n_resources: 684
Fitting 2 folds for each of 2 candidates, totalling 4 fits
      -> [Tuned_Baseline] Acc: 0.6961, F1: 0.6762, Time: 0.00s
    Evaluating Model: RNN
      -> [Baseline] Acc: 0.1955, F1: 0.1034, Time: 0.26s
      -> [Tuned_Baseline] Acc: 0.1955, F1: 0.1034, Time: 0.01s
    [=== Generating 2x synthetic data with Jittering ===]
      -> [KNN + Jittering @ 2x] Acc: 0.6908, F1: 0.6856, Time: 0.13s
      -> [RandomForest + Jittering @ 2x] Acc: 0.6586, F1: 0.6539, Time: 1.82s
      -> [LinearSVC + Jittering @ 2x] Acc: 0.6010, F1: 0.5817, Time: 0.34s
      -> [LogisticRegression + Jittering @ 2x] Acc: 0.6889, F1: 0.6684, Time: 0.37s
      -> [RNN + Jittering @ 2x] Acc: 0.1654, F1: 0.0765, Time: 0.40s
    [=== Generating 3x synthetic data with Jittering ===]
      -> [KNN + Jittering @ 3x] Acc: 0.6920, F1: 0.6866, Time: 0.15s
      -> [RandomForest + Jittering @ 3x] Acc: 0.6629, F1: 0.6574, Time: 2.76s
      -> [LinearSVC + Jittering @ 3x] Acc: 0.5960, F1: 0.5757, Time: 0.53s
      -> [LogisticRegression + Jittering @ 3x] Acc: 0.6868, F1: 0.6677, Time: 0.53s
      -> [RNN + Jittering @ 3x] Acc: 0.2556, F1: 0.1684, Time: 0.51s
    [=== Generating 5x synthetic data with Jittering ===]
      -> [KNN + Jittering @ 5x] Acc: 0.6890, F1: 0.6835, Time: 0.19s
      -> [RandomForest + Jittering @ 5x] Acc: 0.6765, F1: 0.6710, Time: 4.69s
      -> [LinearSVC + Jittering @ 5x] Acc: 0.5968, F1: 0.5773, Time: 0.95s
      -> [LogisticRegression + Jittering @ 5x] Acc: 0.6859, F1: 0.6670, Time: 0.91s
      -> [RNN + Jittering @ 5x] Acc: 0.2857, F1: 0.1905, Time: 0.86s
    [=== Generating 10x synthetic data with Jittering ===]
      -> [KNN + Jittering @ 10x] Acc: 0.6906, F1: 0.6853, Time: 0.26s
      -> [RandomForest + Jittering @ 10x] Acc: 0.6775, F1: 0.6715, Time: 9.82s
      -> [LinearSVC + Jittering @ 10x] Acc: 0.5969, F1: 0.5771, Time: 1.94s
      -> [LogisticRegression + Jittering @ 10x] Acc: 0.6806, F1: 0.6628, Time: 1.74s
      -> [RNN + Jittering @ 10x] Acc: 0.4286, F1: 0.3470, Time: 1.51s
    [=== Generating 2x synthetic data with Scaling ===]
      -> [KNN + Scaling @ 2x] Acc: 0.6842, F1: 0.6786, Time: 0.13s
      -> [RandomForest + Scaling @ 2x] Acc: 0.6437, F1: 0.6376, Time: 1.77s
      -> [LinearSVC + Scaling @ 2x] Acc: 0.5774, F1: 0.5576, Time: 0.32s
      -> [LogisticRegression + Scaling @ 2x] Acc: 0.6887, F1: 0.6683, Time: 0.38s
      -> [RNN + Scaling @ 2x] Acc: 0.1880, F1: 0.1062, Time: 0.41s
    [=== Generating 3x synthetic data with Scaling ===]
      -> [KNN + Scaling @ 3x] Acc: 0.7000, F1: 0.6945, Time: 0.15s
      -> [RandomForest + Scaling @ 3x] Acc: 0.6438, F1: 0.6374, Time: 2.61s
      -> [LinearSVC + Scaling @ 3x] Acc: 0.5950, F1: 0.5751, Time: 0.49s
      -> [LogisticRegression + Scaling @ 3x] Acc: 0.6905, F1: 0.6723, Time: 0.53s
      -> [RNN + Scaling @ 3x] Acc: 0.2857, F1: 0.1637, Time: 0.55s
    [=== Generating 5x synthetic data with Scaling ===]
      -> [KNN + Scaling @ 5x] Acc: 0.6963, F1: 0.6911, Time: 0.19s
      -> [RandomForest + Scaling @ 5x] Acc: 0.6503, F1: 0.6450, Time: 4.58s
      -> [LinearSVC + Scaling @ 5x] Acc: 0.6014, F1: 0.5784, Time: 0.82s
      -> [LogisticRegression + Scaling @ 5x] Acc: 0.6855, F1: 0.6652, Time: 0.86s
      -> [RNN + Scaling @ 5x] Acc: 0.3233, F1: 0.2150, Time: 0.83s
    [=== Generating 10x synthetic data with Scaling ===]
      -> [KNN + Scaling @ 10x] Acc: 0.6947, F1: 0.6894, Time: 0.26s
      -> [RandomForest + Scaling @ 10x] Acc: 0.6747, F1: 0.6680, Time: 9.93s
      -> [LinearSVC + Scaling @ 10x] Acc: 0.6203, F1: 0.6012, Time: 1.72s
      -> [LogisticRegression + Scaling @ 10x] Acc: 0.6905, F1: 0.6753, Time: 1.82s
      -> [RNN + Scaling @ 10x] Acc: 0.3609, F1: 0.2965, Time: 1.65s
    [=== Generating 2x synthetic data with Magnitude_Warping ===]
      -> [KNN + Magnitude_Warping @ 2x] Acc: 0.6830, F1: 0.6796, Time: 0.13s
      -> [RandomForest + Magnitude_Warping @ 2x] Acc: 0.6493, F1: 0.6451, Time: 1.84s
      -> [LinearSVC + Magnitude_Warping @ 2x] Acc: 0.6252, F1: 0.5996, Time: 0.33s
      -> [LogisticRegression + Magnitude_Warping @ 2x] Acc: 0.6638, F1: 0.6487, Time: 0.37s
      -> [RNN + Magnitude_Warping @ 2x] Acc: 0.2632, F1: 0.2115, Time: 0.39s
    [=== Generating 3x synthetic data with Magnitude_Warping ===]
      -> [KNN + Magnitude_Warping @ 3x] Acc: 0.6850, F1: 0.6787, Time: 0.16s
      -> [RandomForest + Magnitude_Warping @ 3x] Acc: 0.6580, F1: 0.6534, Time: 2.81s
      -> [LinearSVC + Magnitude_Warping @ 3x] Acc: 0.6344, F1: 0.6049, Time: 0.49s
      -> [LogisticRegression + Magnitude_Warping @ 3x] Acc: 0.6844, F1: 0.6732, Time: 0.53s
      -> [RNN + Magnitude_Warping @ 3x] Acc: 0.3083, F1: 0.1927, Time: 0.50s
    [=== Generating 5x synthetic data with Magnitude_Warping ===]
      -> [KNN + Magnitude_Warping @ 5x] Acc: 0.7044, F1: 0.6971, Time: 0.20s
      -> [RandomForest + Magnitude_Warping @ 5x] Acc: 0.6734, F1: 0.6662, Time: 4.99s
      -> [LinearSVC + Magnitude_Warping @ 5x] Acc: 0.6141, F1: 0.5877, Time: 0.83s
      -> [LogisticRegression + Magnitude_Warping @ 5x] Acc: 0.6671, F1: 0.6600, Time: 0.81s
      -> [RNN + Magnitude_Warping @ 5x] Acc: 0.3459, F1: 0.2149, Time: 0.75s
    [=== Generating 10x synthetic data with Magnitude_Warping ===]
      -> [KNN + Magnitude_Warping @ 10x] Acc: 0.6726, F1: 0.6682, Time: 0.28s
      -> [RandomForest + Magnitude_Warping @ 10x] Acc: 0.6434, F1: 0.6377, Time: 11.03s
      -> [LinearSVC + Magnitude_Warping @ 10x] Acc: 0.6145, F1: 0.5830, Time: 1.87s
      -> [LogisticRegression + Magnitude_Warping @ 10x] Acc: 0.6537, F1: 0.6418, Time: 1.82s
      -> [RNN + Magnitude_Warping @ 10x] Acc: 0.4135, F1: 0.3051, Time: 1.68s
    [=== Generating 2x synthetic data with Time_Warping ===]
      -> [KNN + Time_Warping @ 2x] Acc: 0.6956, F1: 0.6890, Time: 0.13s
      -> [RandomForest + Time_Warping @ 2x] Acc: 0.6359, F1: 0.6283, Time: 1.72s
      -> [LinearSVC + Time_Warping @ 2x] Acc: 0.6295, F1: 0.6036, Time: 0.29s
      -> [LogisticRegression + Time_Warping @ 2x] Acc: 0.6899, F1: 0.6675, Time: 0.32s
      -> [RNN + Time_Warping @ 2x] Acc: 0.2556, F1: 0.1650, Time: 0.35s
    [=== Generating 3x synthetic data with Time_Warping ===]
      -> [KNN + Time_Warping @ 3x] Acc: 0.6820, F1: 0.6753, Time: 0.14s
      -> [RandomForest + Time_Warping @ 3x] Acc: 0.6496, F1: 0.6442, Time: 2.47s
      -> [LinearSVC + Time_Warping @ 3x] Acc: 0.6204, F1: 0.5915, Time: 0.45s
      -> [LogisticRegression + Time_Warping @ 3x] Acc: 0.6808, F1: 0.6552, Time: 0.50s
      -> [RNN + Time_Warping @ 3x] Acc: 0.2180, F1: 0.1260, Time: 0.53s
    [=== Generating 5x synthetic data with Time_Warping ===]
      -> [KNN + Time_Warping @ 5x] Acc: 0.6798, F1: 0.6749, Time: 0.18s
      -> [RandomForest + Time_Warping @ 5x] Acc: 0.6324, F1: 0.6280, Time: 4.11s
      -> [LinearSVC + Time_Warping @ 5x] Acc: 0.6309, F1: 0.6020, Time: 0.76s
      -> [LogisticRegression + Time_Warping @ 5x] Acc: 0.6589, F1: 0.6398, Time: 0.78s
      -> [RNN + Time_Warping @ 5x] Acc: 0.4511, F1: 0.3646, Time: 0.96s
    [=== Generating 10x synthetic data with Time_Warping ===]
      -> [KNN + Time_Warping @ 10x] Acc: 0.6707, F1: 0.6668, Time: 0.26s
      -> [RandomForest + Time_Warping @ 10x] Acc: 0.6359, F1: 0.6300, Time: 8.61s
      -> [LinearSVC + Time_Warping @ 10x] Acc: 0.6202, F1: 0.5913, Time: 1.65s
      -> [LogisticRegression + Time_Warping @ 10x] Acc: 0.6421, F1: 0.6225, Time: 1.62s
      -> [RNN + Time_Warping @ 10x] Acc: 0.4060, F1: 0.3406, Time: 1.55s
