Starting Plant_oil - Seed 10 - Fold 3

Model is not converging.  Current: 1873.6031938605863 is not greater than 1873.6039725357932. Delta is -0.000778675206902335
Model is not converging.  Current: 1873.6488828934982 is not greater than 1873.6496601340355. Delta is -0.0007772405372179492
Model is not converging.  Current: 1873.5577243420555 is not greater than 1873.5584990826862. Delta is -0.0007747406307316851
Model is not converging.  Current: 1873.6308166132494 is not greater than 1873.6316256316993. Delta is -0.0008090184498996678
Model is not converging.  Current: 1390.7974376099294 is not greater than 1390.7974376266643. Delta is -1.6734929886297323e-08
Model is not converging.  Current: 1390.9226357099924 is not greater than 1390.9226357266718. Delta is -1.6679450709489174e-08
Model is not converging.  Current: 1390.8625826195498 is not greater than 1390.8625826362443. Delta is -1.6694457372068428e-08
Model is not converging.  Current: 1390.8180354270376 is not greater than 1390.8180354437284. Delta is -1.6690819393261336e-08

==================================================
Running experiment for Plant_oil
==================================================

--- Fold 3/10 ---

  >> Seed sets per label: 10

    >> Seed Fold Selection: 1/10
    Evaluating Model: KNN
      -> [Baseline] Acc: 0.8956, F1: 0.8935, Time: 0.67s
      HP Tuning KNN...
n_iterations: 3
n_required_iterations: 3
n_possible_iterations: 5
min_resources_: 190
max_resources_: 19000
aggressive_elimination: False
factor: 3
----------
iter: 0
n_candidates: 20
n_resources: 190
Fitting 5 folds for each of 20 candidates, totalling 100 fits
----------
iter: 1
n_candidates: 7
n_resources: 570
Fitting 5 folds for each of 7 candidates, totalling 35 fits
----------
iter: 2
n_candidates: 3
n_resources: 1710
Fitting 5 folds for each of 3 candidates, totalling 15 fits
      -> [Tuned_Baseline] Acc: 0.8956, F1: 0.8934, Time: 0.64s
    Evaluating Model: RandomForest
      -> [Baseline] Acc: 0.8920, F1: 0.8896, Time: 6.40s
      HP Tuning RandomForest...
n_iterations: 3
n_required_iterations: 3
n_possible_iterations: 5
min_resources_: 190
max_resources_: 19000
aggressive_elimination: False
factor: 3
----------
iter: 0
n_candidates: 20
n_resources: 190
Fitting 5 folds for each of 20 candidates, totalling 100 fits
----------
iter: 1
n_candidates: 7
n_resources: 570
Fitting 5 folds for each of 7 candidates, totalling 35 fits
----------
iter: 2
n_candidates: 3
n_resources: 1710
Fitting 5 folds for each of 3 candidates, totalling 15 fits
      -> [Tuned_Baseline] Acc: 0.8900, F1: 0.8878, Time: 0.05s
    Evaluating Model: LinearSVC
      -> [Baseline] Acc: 0.7677, F1: 0.7562, Time: 0.21s
      HP Tuning LinearSVC...
n_iterations: 3
n_required_iterations: 3
n_possible_iterations: 5
min_resources_: 190
max_resources_: 19000
aggressive_elimination: False
factor: 3
----------
iter: 0
n_candidates: 20
n_resources: 190
Fitting 5 folds for each of 20 candidates, totalling 100 fits
----------
iter: 1
n_candidates: 7
n_resources: 570
Fitting 5 folds for each of 7 candidates, totalling 35 fits
----------
iter: 2
n_candidates: 3
n_resources: 1710
Fitting 5 folds for each of 3 candidates, totalling 15 fits
      -> [Tuned_Baseline] Acc: 0.7656, F1: 0.7549, Time: 0.00s
    Evaluating Model: LogisticRegression
      -> [Baseline] Acc: 0.8265, F1: 0.8204, Time: 1.07s
      HP Tuning LogisticRegression...
n_iterations: 3
n_required_iterations: 3
n_possible_iterations: 5
min_resources_: 190
max_resources_: 19000
aggressive_elimination: False
factor: 3
----------
iter: 0
n_candidates: 12
n_resources: 190
Fitting 5 folds for each of 12 candidates, totalling 60 fits
----------
iter: 1
n_candidates: 4
n_resources: 570
Fitting 5 folds for each of 4 candidates, totalling 20 fits
----------
iter: 2
n_candidates: 2
n_resources: 1710
Fitting 5 folds for each of 2 candidates, totalling 10 fits
      -> [Tuned_Baseline] Acc: 0.8426, F1: 0.8362, Time: 0.00s
    Evaluating Model: RNN
      -> [Baseline] Acc: 0.2632, F1: 0.1523, Time: 4.31s
      -> [Tuned_Baseline] Acc: 0.2632, F1: 0.1523, Time: 0.01s
    [=== Generating 2x synthetic data with Jittering ===]
      -> [KNN + Jittering @ 2x] Acc: 0.8944, F1: 0.8923, Time: 0.71s
      -> [RandomForest + Jittering @ 2x] Acc: 0.8981, F1: 0.8958, Time: 6.49s
      -> [LinearSVC + Jittering @ 2x] Acc: 0.7656, F1: 0.7535, Time: 0.51s
      -> [LogisticRegression + Jittering @ 2x] Acc: 0.8420, F1: 0.8375, Time: 1.73s
      -> [RNN + Jittering @ 2x] Acc: 0.4361, F1: 0.3505, Time: 2.22s
    [=== Generating 3x synthetic data with Jittering ===]
      -> [KNN + Jittering @ 3x] Acc: 0.8976, F1: 0.8953, Time: 0.74s
      -> [RandomForest + Jittering @ 3x] Acc: 0.8995, F1: 0.8973, Time: 10.72s
      -> [LinearSVC + Jittering @ 3x] Acc: 0.7668, F1: 0.7543, Time: 1.01s
      -> [LogisticRegression + Jittering @ 3x] Acc: 0.8479, F1: 0.8442, Time: 3.89s
      -> [RNN + Jittering @ 3x] Acc: 0.5789, F1: 0.5178, Time: 2.88s
    [=== Generating 5x synthetic data with Jittering ===]
      -> [KNN + Jittering @ 5x] Acc: 0.8923, F1: 0.8900, Time: 0.88s
      -> [RandomForest + Jittering @ 5x] Acc: 0.9021, F1: 0.8998, Time: 17.36s
      -> [LinearSVC + Jittering @ 5x] Acc: 0.7662, F1: 0.7535, Time: 2.74s
      -> [LogisticRegression + Jittering @ 5x] Acc: 0.8489, F1: 0.8446, Time: 5.23s
      -> [RNN + Jittering @ 5x] Acc: 0.6541, F1: 0.5957, Time: 5.19s
    [=== Generating 10x synthetic data with Jittering ===]
      -> [KNN + Jittering @ 10x] Acc: 0.8942, F1: 0.8920, Time: 0.86s
      -> [RandomForest + Jittering @ 10x] Acc: 0.8966, F1: 0.8944, Time: 19.79s
      -> [LinearSVC + Jittering @ 10x] Acc: 0.7661, F1: 0.7533, Time: 7.06s
      -> [LogisticRegression + Jittering @ 10x] Acc: 0.8471, F1: 0.8429, Time: 7.05s
      -> [RNN + Jittering @ 10x] Acc: 0.8120, F1: 0.8075, Time: 10.43s
    [=== Generating 2x synthetic data with Scaling ===]
      -> [KNN + Scaling @ 2x] Acc: 0.8863, F1: 0.8837, Time: 1.11s
      -> [RandomForest + Scaling @ 2x] Acc: 0.8842, F1: 0.8811, Time: 9.54s
      -> [LinearSVC + Scaling @ 2x] Acc: 0.7521, F1: 0.7350, Time: 0.93s
      -> [LogisticRegression + Scaling @ 2x] Acc: 0.8308, F1: 0.8257, Time: 2.37s
      -> [RNN + Scaling @ 2x] Acc: 0.6165, F1: 0.5739, Time: 2.32s
    [=== Generating 3x synthetic data with Scaling ===]
      -> [KNN + Scaling @ 3x] Acc: 0.8805, F1: 0.8774, Time: 1.41s
      -> [RandomForest + Scaling @ 3x] Acc: 0.8865, F1: 0.8839, Time: 9.77s
      -> [LinearSVC + Scaling @ 3x] Acc: 0.7404, F1: 0.7191, Time: 0.69s
      -> [LogisticRegression + Scaling @ 3x] Acc: 0.8293, F1: 0.8226, Time: 2.82s
      -> [RNN + Scaling @ 3x] Acc: 0.6692, F1: 0.6168, Time: 2.56s
    [=== Generating 5x synthetic data with Scaling ===]
      -> [KNN + Scaling @ 5x] Acc: 0.8838, F1: 0.8814, Time: 0.82s
      -> [RandomForest + Scaling @ 5x] Acc: 0.8917, F1: 0.8893, Time: 16.15s
      -> [LinearSVC + Scaling @ 5x] Acc: 0.7459, F1: 0.7280, Time: 1.28s
      -> [LogisticRegression + Scaling @ 5x] Acc: 0.8332, F1: 0.8263, Time: 4.56s
      -> [RNN + Scaling @ 5x] Acc: 0.7594, F1: 0.7143, Time: 4.20s
    [=== Generating 10x synthetic data with Scaling ===]
      -> [KNN + Scaling @ 10x] Acc: 0.8782, F1: 0.8753, Time: 1.07s
      -> [RandomForest + Scaling @ 10x] Acc: 0.8878, F1: 0.8853, Time: 18.46s
      -> [LinearSVC + Scaling @ 10x] Acc: 0.7386, F1: 0.7181, Time: 7.27s
      -> [LogisticRegression + Scaling @ 10x] Acc: 0.8316, F1: 0.8261, Time: 6.50s
      -> [RNN + Scaling @ 10x] Acc: 0.7669, F1: 0.7362, Time: 8.37s
    [=== Generating 2x synthetic data with Magnitude_Warping ===]
      -> [KNN + Magnitude_Warping @ 2x] Acc: 0.8888, F1: 0.8869, Time: 0.72s
      -> [RandomForest + Magnitude_Warping @ 2x] Acc: 0.8850, F1: 0.8828, Time: 5.88s
      -> [LinearSVC + Magnitude_Warping @ 2x] Acc: 0.7196, F1: 0.6997, Time: 0.81s
      -> [LogisticRegression + Magnitude_Warping @ 2x] Acc: 0.8060, F1: 0.7986, Time: 3.00s
      -> [RNN + Magnitude_Warping @ 2x] Acc: 0.5188, F1: 0.4764, Time: 1.89s
    [=== Generating 3x synthetic data with Magnitude_Warping ===]
      -> [KNN + Magnitude_Warping @ 3x] Acc: 0.8841, F1: 0.8822, Time: 0.96s
      -> [RandomForest + Magnitude_Warping @ 3x] Acc: 0.8801, F1: 0.8769, Time: 12.68s
      -> [LinearSVC + Magnitude_Warping @ 3x] Acc: 0.7159, F1: 0.6948, Time: 0.64s
      -> [LogisticRegression + Magnitude_Warping @ 3x] Acc: 0.7977, F1: 0.7899, Time: 3.37s
      -> [RNN + Magnitude_Warping @ 3x] Acc: 0.6241, F1: 0.5802, Time: 3.37s
    [=== Generating 5x synthetic data with Magnitude_Warping ===]
      -> [KNN + Magnitude_Warping @ 5x] Acc: 0.8786, F1: 0.8766, Time: 0.98s
      -> [RandomForest + Magnitude_Warping @ 5x] Acc: 0.8792, F1: 0.8767, Time: 19.16s
      -> [LinearSVC + Magnitude_Warping @ 5x] Acc: 0.7056, F1: 0.6817, Time: 2.51s
      -> [LogisticRegression + Magnitude_Warping @ 5x] Acc: 0.7675, F1: 0.7586, Time: 6.59s
      -> [RNN + Magnitude_Warping @ 5x] Acc: 0.6090, F1: 0.5517, Time: 4.55s
    [=== Generating 10x synthetic data with Magnitude_Warping ===]
      -> [KNN + Magnitude_Warping @ 10x] Acc: 0.8705, F1: 0.8676, Time: 0.91s
      -> [RandomForest + Magnitude_Warping @ 10x] Acc: 0.8743, F1: 0.8714, Time: 19.78s
      -> [LinearSVC + Magnitude_Warping @ 10x] Acc: 0.7073, F1: 0.6853, Time: 8.11s
      -> [LogisticRegression + Magnitude_Warping @ 10x] Acc: 0.7811, F1: 0.7734, Time: 6.12s
      -> [RNN + Magnitude_Warping @ 10x] Acc: 0.6541, F1: 0.6169, Time: 14.32s
    [=== Generating 2x synthetic data with Time_Warping ===]
      -> [KNN + Time_Warping @ 2x] Acc: 0.8935, F1: 0.8912, Time: 0.92s
      -> [RandomForest + Time_Warping @ 2x] Acc: 0.8795, F1: 0.8767, Time: 6.01s
      -> [LinearSVC + Time_Warping @ 2x] Acc: 0.7352, F1: 0.7160, Time: 0.74s
      -> [LogisticRegression + Time_Warping @ 2x] Acc: 0.8023, F1: 0.7935, Time: 2.66s
      -> [RNN + Time_Warping @ 2x] Acc: 0.4511, F1: 0.3559, Time: 3.66s
    [=== Generating 3x synthetic data with Time_Warping ===]
      -> [KNN + Time_Warping @ 3x] Acc: 0.8789, F1: 0.8766, Time: 0.76s
      -> [RandomForest + Time_Warping @ 3x] Acc: 0.8647, F1: 0.8616, Time: 9.27s
      -> [LinearSVC + Time_Warping @ 3x] Acc: 0.7263, F1: 0.7077, Time: 0.70s
      -> [LogisticRegression + Time_Warping @ 3x] Acc: 0.8030, F1: 0.7950, Time: 3.16s
      -> [RNN + Time_Warping @ 3x] Acc: 0.5188, F1: 0.4370, Time: 2.43s
    [=== Generating 5x synthetic data with Time_Warping ===]
      -> [KNN + Time_Warping @ 5x] Acc: 0.8820, F1: 0.8789, Time: 0.83s
      -> [RandomForest + Time_Warping @ 5x] Acc: 0.8608, F1: 0.8577, Time: 20.16s
      -> [LinearSVC + Time_Warping @ 5x] Acc: 0.7219, F1: 0.7035, Time: 1.36s
      -> [LogisticRegression + Time_Warping @ 5x] Acc: 0.7944, F1: 0.7866, Time: 6.54s
      -> [RNN + Time_Warping @ 5x] Acc: 0.5263, F1: 0.4545, Time: 4.20s
    [=== Generating 10x synthetic data with Time_Warping ===]
      -> [KNN + Time_Warping @ 10x] Acc: 0.8840, F1: 0.8824, Time: 1.07s
      -> [RandomForest + Time_Warping @ 10x] Acc: 0.8546, F1: 0.8518, Time: 19.28s
      -> [LinearSVC + Time_Warping @ 10x] Acc: 0.7162, F1: 0.6970, Time: 8.91s
      -> [LogisticRegression + Time_Warping @ 10x] Acc: 0.7870, F1: 0.7786, Time: 6.50s
      -> [RNN + Time_Warping @ 10x] Acc: 0.6992, F1: 0.6565, Time: 8.48s
    [=== Generating 2x synthetic data with SMOTE ===]
      -> [KNN + SMOTE @ 2x] Acc: 0.8898, F1: 0.8874, Time: 1.07s
      -> [RandomForest + SMOTE @ 2x] Acc: 0.8782, F1: 0.8757, Time: 5.40s
      -> [LinearSVC + SMOTE @ 2x] Acc: 0.7735, F1: 0.7691, Time: 0.62s
      -> [LogisticRegression + SMOTE @ 2x] Acc: 0.8418, F1: 0.8366, Time: 2.00s
      -> [RNN + SMOTE @ 2x] Acc: 0.5789, F1: 0.4961, Time: 2.54s
    [=== Generating 3x synthetic data with SMOTE ===]
      -> [KNN + SMOTE @ 3x] Acc: 0.8903, F1: 0.8872, Time: 0.76s
      -> [RandomForest + SMOTE @ 3x] Acc: 0.8879, F1: 0.8849, Time: 11.23s
      -> [LinearSVC + SMOTE @ 3x] Acc: 0.7632, F1: 0.7579, Time: 1.39s
      -> [LogisticRegression + SMOTE @ 3x] Acc: 0.8459, F1: 0.8407, Time: 4.39s
      -> [RNN + SMOTE @ 3x] Acc: 0.4662, F1: 0.3785, Time: 2.83s
    [=== Generating 5x synthetic data with SMOTE ===]
      -> [KNN + SMOTE @ 5x] Acc: 0.8924, F1: 0.8894, Time: 0.80s
      -> [RandomForest + SMOTE @ 5x] Acc: 0.8882, F1: 0.8855, Time: 15.61s
      -> [LinearSVC + SMOTE @ 5x] Acc: 0.7635, F1: 0.7576, Time: 1.41s
      -> [LogisticRegression + SMOTE @ 5x] Acc: 0.8356, F1: 0.8313, Time: 4.57s
      -> [RNN + SMOTE @ 5x] Acc: 0.5489, F1: 0.4655, Time: 4.72s
    [=== Generating 10x synthetic data with SMOTE ===]
      -> [KNN + SMOTE @ 10x] Acc: 0.8976, F1: 0.8955, Time: 1.00s
      -> [RandomForest + SMOTE @ 10x] Acc: 0.8842, F1: 0.8831, Time: 17.39s
      -> [LinearSVC + SMOTE @ 10x] Acc: 0.7628, F1: 0.7591, Time: 7.18s
      -> [LogisticRegression + SMOTE @ 10x] Acc: 0.8346, F1: 0.8317, Time: 4.99s
      -> [RNN + SMOTE @ 10x] Acc: 0.7594, F1: 0.7305, Time: 10.30s
    [=== Generating 2x synthetic data with ADASYN ===]
      [!] Failed generation with ADASYN at 2x: Not any neigbours belong to the majority class. This case will induce a NaN case with a division by zero. ADASYN is not suited for this specific dataset. Use SMOTE instead.
    [=== Generating 3x synthetic data with ADASYN ===]
      [!] Failed generation with ADASYN at 3x: Not any neigbours belong to the majority class. This case will induce a NaN case with a division by zero. ADASYN is not suited for this specific dataset. Use SMOTE instead.
    [=== Generating 5x synthetic data with ADASYN ===]
      [!] Failed generation with ADASYN at 5x: Not any neigbours belong to the majority class. This case will induce a NaN case with a division by zero. ADASYN is not suited for this specific dataset. Use SMOTE instead.
    [=== Generating 10x synthetic data with ADASYN ===]
      [!] Failed generation with ADASYN at 10x: Not any neigbours belong to the majority class. This case will induce a NaN case with a division by zero. ADASYN is not suited for this specific dataset. Use SMOTE instead.
    [=== Generating 2x synthetic data with Mixup ===]
      -> [KNN + Mixup @ 2x] Acc: 0.8983, F1: 0.8962, Time: 1.67s
      -> [RandomForest + Mixup @ 2x] Acc: 0.8984, F1: 0.8968, Time: 7.31s
      -> [LinearSVC + Mixup @ 2x] Acc: 0.7614, F1: 0.7500, Time: 0.47s
      -> [LogisticRegression + Mixup @ 2x] Acc: 0.8518, F1: 0.8453, Time: 2.06s
      -> [RNN + Mixup @ 2x] Acc: 0.4361, F1: 0.3396, Time: 1.69s
    [=== Generating 3x synthetic data with Mixup ===]
      -> [KNN + Mixup @ 3x] Acc: 0.9014, F1: 0.8992, Time: 0.73s
      -> [RandomForest + Mixup @ 3x] Acc: 0.8833, F1: 0.8812, Time: 9.22s
      -> [LinearSVC + Mixup @ 3x] Acc: 0.7616, F1: 0.7532, Time: 0.74s
      -> [LogisticRegression + Mixup @ 3x] Acc: 0.8482, F1: 0.8424, Time: 3.36s
      -> [RNN + Mixup @ 3x] Acc: 0.5038, F1: 0.4308, Time: 2.55s
    [=== Generating 5x synthetic data with Mixup ===]
      -> [KNN + Mixup @ 5x] Acc: 0.9114, F1: 0.9093, Time: 0.80s
      -> [RandomForest + Mixup @ 5x] Acc: 0.8923, F1: 0.8902, Time: 15.12s
      -> [LinearSVC + Mixup @ 5x] Acc: 0.7697, F1: 0.7618, Time: 2.59s
      -> [LogisticRegression + Mixup @ 5x] Acc: 0.8437, F1: 0.8370, Time: 4.42s
      -> [RNN + Mixup @ 5x] Acc: 0.6466, F1: 0.6143, Time: 4.86s
    [=== Generating 10x synthetic data with Mixup ===]
      -> [KNN + Mixup @ 10x] Acc: 0.8983, F1: 0.8959, Time: 1.11s
      -> [RandomForest + Mixup @ 10x] Acc: 0.8818, F1: 0.8810, Time: 17.50s
      -> [LinearSVC + Mixup @ 10x] Acc: 0.7708, F1: 0.7642, Time: 5.51s
      -> [LogisticRegression + Mixup @ 10x] Acc: 0.8483, F1: 0.8423, Time: 4.93s
      -> [RNN + Mixup @ 10x] Acc: 0.7594, F1: 0.7418, Time: 11.41s
    [=== Generating 2x synthetic data with GMM ===]
      -> [KNN + GMM @ 2x] Acc: 0.8940, F1: 0.8919, Time: 0.72s
      -> [RandomForest + GMM @ 2x] Acc: 0.8893, F1: 0.8870, Time: 7.75s
      -> [LinearSVC + GMM @ 2x] Acc: 0.7448, F1: 0.7290, Time: 1.10s
      -> [LogisticRegression + GMM @ 2x] Acc: 0.8347, F1: 0.8259, Time: 2.87s
      -> [RNN + GMM @ 2x] Acc: 0.5940, F1: 0.5447, Time: 2.12s
    [=== Generating 3x synthetic data with GMM ===]
      -> [KNN + GMM @ 3x] Acc: 0.8938, F1: 0.8916, Time: 0.86s
      -> [RandomForest + GMM @ 3x] Acc: 0.8905, F1: 0.8884, Time: 12.46s
      -> [LinearSVC + GMM @ 3x] Acc: 0.7480, F1: 0.7316, Time: 1.76s
      -> [LogisticRegression + GMM @ 3x] Acc: 0.8375, F1: 0.8308, Time: 4.12s
      -> [RNN + GMM @ 3x] Acc: 0.5789, F1: 0.5565, Time: 3.04s
    [=== Generating 5x synthetic data with GMM ===]
      -> [KNN + GMM @ 5x] Acc: 0.8886, F1: 0.8863, Time: 1.64s
      -> [RandomForest + GMM @ 5x] Acc: 0.8880, F1: 0.8859, Time: 18.74s
      -> [LinearSVC + GMM @ 5x] Acc: 0.7522, F1: 0.7353, Time: 1.74s
      -> [LogisticRegression + GMM @ 5x] Acc: 0.8306, F1: 0.8228, Time: 4.59s
      -> [RNN + GMM @ 5x] Acc: 0.6992, F1: 0.6507, Time: 5.61s
    [=== Generating 10x synthetic data with GMM ===]
      -> [KNN + GMM @ 10x] Acc: 0.8860, F1: 0.8837, Time: 0.99s
      -> [RandomForest + GMM @ 10x] Acc: 0.8817, F1: 0.8797, Time: 20.55s
      -> [LinearSVC + GMM @ 10x] Acc: 0.7580, F1: 0.7413, Time: 7.41s
      -> [LogisticRegression + GMM @ 10x] Acc: 0.8357, F1: 0.8296, Time: 5.34s
      -> [RNN + GMM @ 10x] Acc: 0.8045, F1: 0.7862, Time: 7.99s
    [=== Generating 2x synthetic data with HMM_GMM ===]
      -> [KNN + HMM_GMM @ 2x] Acc: 0.8963, F1: 0.8938, Time: 0.71s
      -> [RandomForest + HMM_GMM @ 2x] Acc: 0.8928, F1: 0.8906, Time: 4.05s
      -> [LinearSVC + HMM_GMM @ 2x] Acc: 0.7276, F1: 0.7105, Time: 0.83s
      -> [LogisticRegression + HMM_GMM @ 2x] Acc: 0.7801, F1: 0.7754, Time: 1.82s
      -> [RNN + HMM_GMM @ 2x] Acc: 0.4887, F1: 0.3923, Time: 2.07s
    [=== Generating 3x synthetic data with HMM_GMM ===]
      -> [KNN + HMM_GMM @ 3x] Acc: 0.8969, F1: 0.8945, Time: 0.88s
      -> [RandomForest + HMM_GMM @ 3x] Acc: 0.8904, F1: 0.8875, Time: 5.79s
      -> [LinearSVC + HMM_GMM @ 3x] Acc: 0.7135, F1: 0.6992, Time: 1.15s
      -> [LogisticRegression + HMM_GMM @ 3x] Acc: 0.7702, F1: 0.7634, Time: 2.68s
      -> [RNN + HMM_GMM @ 3x] Acc: 0.4962, F1: 0.4301, Time: 2.83s
    [=== Generating 5x synthetic data with HMM_GMM ===]
      -> [KNN + HMM_GMM @ 5x] Acc: 0.8969, F1: 0.8945, Time: 1.70s
      -> [RandomForest + HMM_GMM @ 5x] Acc: 0.8890, F1: 0.8865, Time: 7.31s
      -> [LinearSVC + HMM_GMM @ 5x] Acc: 0.6931, F1: 0.6879, Time: 3.42s
      -> [LogisticRegression + HMM_GMM @ 5x] Acc: 0.7544, F1: 0.7509, Time: 5.88s
      -> [RNN + HMM_GMM @ 5x] Acc: 0.6391, F1: 0.5941, Time: 4.52s
    [=== Generating 10x synthetic data with HMM_GMM ===]
      -> [KNN + HMM_GMM @ 10x] Acc: 0.8917, F1: 0.8890, Time: 0.85s
      -> [RandomForest + HMM_GMM @ 10x] Acc: 0.8895, F1: 0.8873, Time: 5.66s
      -> [LinearSVC + HMM_GMM @ 10x] Acc: 0.6841, F1: 0.6773, Time: 3.58s
      -> [LogisticRegression + HMM_GMM @ 10x] Acc: 0.7292, F1: 0.7302, Time: 5.89s
      -> [RNN + HMM_GMM @ 10x] Acc: 0.6241, F1: 0.5848, Time: 8.31s

    >> Seed Fold Selection: 2/10
    Evaluating Model: KNN
      -> [Baseline] Acc: 0.9206, F1: 0.9184, Time: 0.67s
      HP Tuning KNN...
n_iterations: 3
n_required_iterations: 3
n_possible_iterations: 5
min_resources_: 190
max_resources_: 19000
aggressive_elimination: False
factor: 3
----------
iter: 0
n_candidates: 20
n_resources: 190
Fitting 5 folds for each of 20 candidates, totalling 100 fits
----------
iter: 1
n_candidates: 7
n_resources: 570
Fitting 5 folds for each of 7 candidates, totalling 35 fits
----------
iter: 2
n_candidates: 3
n_resources: 1710
Fitting 5 folds for each of 3 candidates, totalling 15 fits
      -> [Tuned_Baseline] Acc: 0.9217, F1: 0.9196, Time: 0.13s
    Evaluating Model: RandomForest
      -> [Baseline] Acc: 0.8990, F1: 0.8973, Time: 5.15s
      HP Tuning RandomForest...
n_iterations: 3
n_required_iterations: 3
n_possible_iterations: 5
min_resources_: 190
max_resources_: 19000
aggressive_elimination: False
factor: 3
----------
iter: 0
n_candidates: 20
n_resources: 190
Fitting 5 folds for each of 20 candidates, totalling 100 fits
----------
iter: 1
n_candidates: 7
n_resources: 570
Fitting 5 folds for each of 7 candidates, totalling 35 fits
----------
iter: 2
n_candidates: 3
n_resources: 1710
Fitting 5 folds for each of 3 candidates, totalling 15 fits
      -> [Tuned_Baseline] Acc: 0.8990, F1: 0.8973, Time: 0.10s
    Evaluating Model: LinearSVC
      -> [Baseline] Acc: 0.7608, F1: 0.7549, Time: 0.23s
      HP Tuning LinearSVC...
n_iterations: 3
n_required_iterations: 3
n_possible_iterations: 5
min_resources_: 190
max_resources_: 19000
aggressive_elimination: False
factor: 3
----------
iter: 0
n_candidates: 20
n_resources: 190
Fitting 5 folds for each of 20 candidates, totalling 100 fits
----------
iter: 1
n_candidates: 7
n_resources: 570
Fitting 5 folds for each of 7 candidates, totalling 35 fits
----------
iter: 2
n_candidates: 3
n_resources: 1710
Fitting 5 folds for each of 3 candidates, totalling 15 fits
      -> [Tuned_Baseline] Acc: 0.7653, F1: 0.7602, Time: 0.00s
    Evaluating Model: LogisticRegression
      -> [Baseline] Acc: 0.8644, F1: 0.8585, Time: 0.90s
      HP Tuning LogisticRegression...
n_iterations: 3
n_required_iterations: 3
n_possible_iterations: 5
min_resources_: 190
max_resources_: 19000
aggressive_elimination: False
factor: 3
----------
iter: 0
n_candidates: 12
n_resources: 190
Fitting 5 folds for each of 12 candidates, totalling 60 fits
----------
iter: 1
n_candidates: 4
n_resources: 570
Fitting 5 folds for each of 4 candidates, totalling 20 fits
----------
iter: 2
n_candidates: 2
n_resources: 1710
Fitting 5 folds for each of 2 candidates, totalling 10 fits
      -> [Tuned_Baseline] Acc: 0.8795, F1: 0.8757, Time: 0.00s
    Evaluating Model: RNN
      -> [Baseline] Acc: 0.3534, F1: 0.2371, Time: 0.81s
      -> [Tuned_Baseline] Acc: 0.3534, F1: 0.2371, Time: 0.01s
    [=== Generating 2x synthetic data with Jittering ===]
      -> [KNN + Jittering @ 2x] Acc: 0.9241, F1: 0.9223, Time: 0.20s
      -> [RandomForest + Jittering @ 2x] Acc: 0.9059, F1: 0.9035, Time: 11.48s
      -> [LinearSVC + Jittering @ 2x] Acc: 0.7680, F1: 0.7623, Time: 0.46s
      -> [LogisticRegression + Jittering @ 2x] Acc: 0.8814, F1: 0.8772, Time: 1.80s
      -> [RNN + Jittering @ 2x] Acc: 0.4361, F1: 0.3369, Time: 2.14s
    [=== Generating 3x synthetic data with Jittering ===]
      -> [KNN + Jittering @ 3x] Acc: 0.9207, F1: 0.9187, Time: 0.23s
      -> [RandomForest + Jittering @ 3x] Acc: 0.9137, F1: 0.9114, Time: 18.03s
      -> [LinearSVC + Jittering @ 3x] Acc: 0.7685, F1: 0.7623, Time: 0.74s
      -> [LogisticRegression + Jittering @ 3x] Acc: 0.8823, F1: 0.8779, Time: 2.54s
      -> [RNN + Jittering @ 3x] Acc: 0.6391, F1: 0.5725, Time: 2.47s
    [=== Generating 5x synthetic data with Jittering ===]
      -> [KNN + Jittering @ 5x] Acc: 0.9220, F1: 0.9199, Time: 0.32s
      -> [RandomForest + Jittering @ 5x] Acc: 0.9116, F1: 0.9093, Time: 32.57s
      -> [LinearSVC + Jittering @ 5x] Acc: 0.7676, F1: 0.7616, Time: 1.50s
      -> [LogisticRegression + Jittering @ 5x] Acc: 0.8821, F1: 0.8773, Time: 4.38s
      -> [RNN + Jittering @ 5x] Acc: 0.7594, F1: 0.7458, Time: 3.97s
    [=== Generating 10x synthetic data with Jittering ===]
      -> [KNN + Jittering @ 10x] Acc: 0.9233, F1: 0.9216, Time: 0.35s
      -> [RandomForest + Jittering @ 10x] Acc: 0.9142, F1: 0.9118, Time: 36.01s
      -> [LinearSVC + Jittering @ 10x] Acc: 0.7679, F1: 0.7616, Time: 6.07s
      -> [LogisticRegression + Jittering @ 10x] Acc: 0.8805, F1: 0.8755, Time: 6.01s
      -> [RNN + Jittering @ 10x] Acc: 0.7820, F1: 0.7554, Time: 8.36s
    [=== Generating 2x synthetic data with Scaling ===]
      -> [KNN + Scaling @ 2x] Acc: 0.9187, F1: 0.9163, Time: 0.20s
      -> [RandomForest + Scaling @ 2x] Acc: 0.8978, F1: 0.8952, Time: 11.35s
      -> [LinearSVC + Scaling @ 2x] Acc: 0.7435, F1: 0.7347, Time: 0.42s
      -> [LogisticRegression + Scaling @ 2x] Acc: 0.8714, F1: 0.8670, Time: 1.70s
      -> [RNN + Scaling @ 2x] Acc: 0.6165, F1: 0.5706, Time: 2.18s
    [=== Generating 3x synthetic data with Scaling ===]
      -> [KNN + Scaling @ 3x] Acc: 0.9083, F1: 0.9051, Time: 0.24s
      -> [RandomForest + Scaling @ 3x] Acc: 0.9008, F1: 0.8977, Time: 18.27s
      -> [LinearSVC + Scaling @ 3x] Acc: 0.7465, F1: 0.7369, Time: 0.64s
      -> [LogisticRegression + Scaling @ 3x] Acc: 0.8638, F1: 0.8579, Time: 2.57s
      -> [RNN + Scaling @ 3x] Acc: 0.4286, F1: 0.3405, Time: 2.36s
    [=== Generating 5x synthetic data with Scaling ===]
      -> [KNN + Scaling @ 5x] Acc: 0.9086, F1: 0.9059, Time: 0.32s
      -> [RandomForest + Scaling @ 5x] Acc: 0.9038, F1: 0.9013, Time: 32.33s
      -> [LinearSVC + Scaling @ 5x] Acc: 0.7487, F1: 0.7404, Time: 1.38s
      -> [LogisticRegression + Scaling @ 5x] Acc: 0.8741, F1: 0.8693, Time: 4.37s
      -> [RNN + Scaling @ 5x] Acc: 0.6391, F1: 0.6034, Time: 4.23s
    [=== Generating 10x synthetic data with Scaling ===]
      -> [KNN + Scaling @ 10x] Acc: 0.9086, F1: 0.9054, Time: 0.40s
      -> [RandomForest + Scaling @ 10x] Acc: 0.9056, F1: 0.9026, Time: 36.83s
      -> [LinearSVC + Scaling @ 10x] Acc: 0.7548, F1: 0.7436, Time: 7.32s
      -> [LogisticRegression + Scaling @ 10x] Acc: 0.8788, F1: 0.8739, Time: 5.79s
      -> [RNN + Scaling @ 10x] Acc: 0.7368, F1: 0.7080, Time: 8.03s
    [=== Generating 2x synthetic data with Magnitude_Warping ===]
      -> [KNN + Magnitude_Warping @ 2x] Acc: 0.9112, F1: 0.9085, Time: 0.21s
      -> [RandomForest + Magnitude_Warping @ 2x] Acc: 0.8991, F1: 0.8965, Time: 11.99s
      -> [LinearSVC + Magnitude_Warping @ 2x] Acc: 0.7289, F1: 0.7117, Time: 0.40s
      -> [LogisticRegression + Magnitude_Warping @ 2x] Acc: 0.8616, F1: 0.8573, Time: 1.82s
      -> [RNN + Magnitude_Warping @ 2x] Acc: 0.3985, F1: 0.3078, Time: 1.71s
    [=== Generating 3x synthetic data with Magnitude_Warping ===]
      -> [KNN + Magnitude_Warping @ 3x] Acc: 0.9044, F1: 0.9014, Time: 0.27s
      -> [RandomForest + Magnitude_Warping @ 3x] Acc: 0.8989, F1: 0.8958, Time: 19.02s
      -> [LinearSVC + Magnitude_Warping @ 3x] Acc: 0.7145, F1: 0.6939, Time: 0.72s
      -> [LogisticRegression + Magnitude_Warping @ 3x] Acc: 0.8661, F1: 0.8623, Time: 2.74s
      -> [RNN + Magnitude_Warping @ 3x] Acc: 0.5489, F1: 0.4454, Time: 2.44s
    [=== Generating 5x synthetic data with Magnitude_Warping ===]
      -> [KNN + Magnitude_Warping @ 5x] Acc: 0.9039, F1: 0.9013, Time: 0.34s
      -> [RandomForest + Magnitude_Warping @ 5x] Acc: 0.9008, F1: 0.8980, Time: 34.72s
      -> [LinearSVC + Magnitude_Warping @ 5x] Acc: 0.7184, F1: 0.6974, Time: 1.32s
      -> [LogisticRegression + Magnitude_Warping @ 5x] Acc: 0.8533, F1: 0.8493, Time: 4.35s
      -> [RNN + Magnitude_Warping @ 5x] Acc: 0.6767, F1: 0.6496, Time: 4.19s
    [=== Generating 10x synthetic data with Magnitude_Warping ===]
      -> [KNN + Magnitude_Warping @ 10x] Acc: 0.9056, F1: 0.9037, Time: 0.42s
      -> [RandomForest + Magnitude_Warping @ 10x] Acc: 0.9004, F1: 0.8980, Time: 39.49s
      -> [LinearSVC + Magnitude_Warping @ 10x] Acc: 0.6950, F1: 0.6747, Time: 6.77s
      -> [LogisticRegression + Magnitude_Warping @ 10x] Acc: 0.8445, F1: 0.8407, Time: 5.59s
      -> [RNN + Magnitude_Warping @ 10x] Acc: 0.8120, F1: 0.7795, Time: 7.61s
    [=== Generating 2x synthetic data with Time_Warping ===]
      -> [KNN + Time_Warping @ 2x] Acc: 0.9091, F1: 0.9068, Time: 0.21s
      -> [RandomForest + Time_Warping @ 2x] Acc: 0.8771, F1: 0.8752, Time: 11.27s
      -> [LinearSVC + Time_Warping @ 2x] Acc: 0.7454, F1: 0.7360, Time: 0.42s
      -> [LogisticRegression + Time_Warping @ 2x] Acc: 0.8674, F1: 0.8621, Time: 1.64s
      -> [RNN + Time_Warping @ 2x] Acc: 0.4436, F1: 0.3661, Time: 1.68s
    [=== Generating 3x synthetic data with Time_Warping ===]
      -> [KNN + Time_Warping @ 3x] Acc: 0.9123, F1: 0.9100, Time: 0.23s
      -> [RandomForest + Time_Warping @ 3x] Acc: 0.8753, F1: 0.8733, Time: 16.13s
      -> [LinearSVC + Time_Warping @ 3x] Acc: 0.7306, F1: 0.7206, Time: 0.61s
      -> [LogisticRegression + Time_Warping @ 3x] Acc: 0.8616, F1: 0.8577, Time: 2.31s
      -> [RNN + Time_Warping @ 3x] Acc: 0.5639, F1: 0.5080, Time: 2.27s
    [=== Generating 5x synthetic data with Time_Warping ===]
      -> [KNN + Time_Warping @ 5x] Acc: 0.8971, F1: 0.8952, Time: 0.32s
      -> [RandomForest + Time_Warping @ 5x] Acc: 0.8670, F1: 0.8650, Time: 29.57s
      -> [LinearSVC + Time_Warping @ 5x] Acc: 0.7174, F1: 0.7075, Time: 1.07s
      -> [LogisticRegression + Time_Warping @ 5x] Acc: 0.8509, F1: 0.8469, Time: 3.83s
      -> [RNN + Time_Warping @ 5x] Acc: 0.5714, F1: 0.5006, Time: 3.43s
    [=== Generating 10x synthetic data with Time_Warping ===]
      -> [KNN + Time_Warping @ 10x] Acc: 0.8903, F1: 0.8879, Time: 0.39s
      -> [RandomForest + Time_Warping @ 10x] Acc: 0.8631, F1: 0.8612, Time: 32.60s
      -> [LinearSVC + Time_Warping @ 10x] Acc: 0.7074, F1: 0.6939, Time: 5.49s
      -> [LogisticRegression + Time_Warping @ 10x] Acc: 0.8373, F1: 0.8332, Time: 4.98s
      -> [RNN + Time_Warping @ 10x] Acc: 0.7293, F1: 0.7016, Time: 7.24s
    [=== Generating 2x synthetic data with SMOTE ===]
      -> [KNN + SMOTE @ 2x] Acc: 0.9232, F1: 0.9210, Time: 0.17s
      -> [RandomForest + SMOTE @ 2x] Acc: 0.8923, F1: 0.8904, Time: 9.91s
      -> [LinearSVC + SMOTE @ 2x] Acc: 0.7571, F1: 0.7524, Time: 0.44s
      -> [LogisticRegression + SMOTE @ 2x] Acc: 0.8752, F1: 0.8711, Time: 1.64s
      -> [RNN + SMOTE @ 2x] Acc: 0.5338, F1: 0.4544, Time: 1.48s
    [=== Generating 3x synthetic data with SMOTE ===]
      -> [KNN + SMOTE @ 3x] Acc: 0.9178, F1: 0.9155, Time: 0.21s
      -> [RandomForest + SMOTE @ 3x] Acc: 0.8829, F1: 0.8797, Time: 15.27s
      -> [LinearSVC + SMOTE @ 3x] Acc: 0.7674, F1: 0.7660, Time: 0.64s
      -> [LogisticRegression + SMOTE @ 3x] Acc: 0.8746, F1: 0.8690, Time: 2.38s
      -> [RNN + SMOTE @ 3x] Acc: 0.5940, F1: 0.5590, Time: 2.14s
    [=== Generating 5x synthetic data with SMOTE ===]
      -> [KNN + SMOTE @ 5x] Acc: 0.9265, F1: 0.9240, Time: 0.26s
      -> [RandomForest + SMOTE @ 5x] Acc: 0.8839, F1: 0.8811, Time: 27.38s
      -> [LinearSVC + SMOTE @ 5x] Acc: 0.7659, F1: 0.7636, Time: 1.04s
      -> [LogisticRegression + SMOTE @ 5x] Acc: 0.8742, F1: 0.8682, Time: 3.97s
      -> [RNN + SMOTE @ 5x] Acc: 0.7594, F1: 0.7401, Time: 3.87s
    [=== Generating 10x synthetic data with SMOTE ===]
      -> [KNN + SMOTE @ 10x] Acc: 0.9211, F1: 0.9187, Time: 0.30s
      -> [RandomForest + SMOTE @ 10x] Acc: 0.8835, F1: 0.8808, Time: 30.18s
      -> [LinearSVC + SMOTE @ 10x] Acc: 0.7647, F1: 0.7615, Time: 4.61s
      -> [LogisticRegression + SMOTE @ 10x] Acc: 0.8705, F1: 0.8647, Time: 4.46s
      -> [RNN + SMOTE @ 10x] Acc: 0.7970, F1: 0.7678, Time: 6.79s
    [=== Generating 2x synthetic data with ADASYN ===]
      [!] Failed generation with ADASYN at 2x: Not any neigbours belong to the majority class. This case will induce a NaN case with a division by zero. ADASYN is not suited for this specific dataset. Use SMOTE instead.
    [=== Generating 3x synthetic data with ADASYN ===]
      [!] Failed generation with ADASYN at 3x: Not any neigbours belong to the majority class. This case will induce a NaN case with a division by zero. ADASYN is not suited for this specific dataset. Use SMOTE instead.
    [=== Generating 5x synthetic data with ADASYN ===]
      [!] Failed generation with ADASYN at 5x: Not any neigbours belong to the majority class. This case will induce a NaN case with a division by zero. ADASYN is not suited for this specific dataset. Use SMOTE instead.
    [=== Generating 10x synthetic data with ADASYN ===]
      [!] Failed generation with ADASYN at 10x: Not any neigbours belong to the majority class. This case will induce a NaN case with a division by zero. ADASYN is not suited for this specific dataset. Use SMOTE instead.
    [=== Generating 2x synthetic data with Mixup ===]
      -> [KNN + Mixup @ 2x] Acc: 0.9209, F1: 0.9189, Time: 0.17s
      -> [RandomForest + Mixup @ 2x] Acc: 0.8895, F1: 0.8872, Time: 9.42s
      -> [LinearSVC + Mixup @ 2x] Acc: 0.7517, F1: 0.7456, Time: 0.43s
      -> [LogisticRegression + Mixup @ 2x] Acc: 0.8743, F1: 0.8692, Time: 1.66s
      -> [RNN + Mixup @ 2x] Acc: 0.4662, F1: 0.3697, Time: 1.56s
    [=== Generating 3x synthetic data with Mixup ===]
      -> [KNN + Mixup @ 3x] Acc: 0.9208, F1: 0.9185, Time: 0.19s
      -> [RandomForest + Mixup @ 3x] Acc: 0.8869, F1: 0.8848, Time: 15.07s
      -> [LinearSVC + Mixup @ 3x] Acc: 0.7626, F1: 0.7574, Time: 0.63s
      -> [LogisticRegression + Mixup @ 3x] Acc: 0.8712, F1: 0.8659, Time: 2.37s
      -> [RNN + Mixup @ 3x] Acc: 0.3684, F1: 0.2596, Time: 2.28s
    [=== Generating 5x synthetic data with Mixup ===]
      -> [KNN + Mixup @ 5x] Acc: 0.9217, F1: 0.9191, Time: 0.25s
      -> [RandomForest + Mixup @ 5x] Acc: 0.8905, F1: 0.8881, Time: 25.22s
      -> [LinearSVC + Mixup @ 5x] Acc: 0.7575, F1: 0.7521, Time: 1.21s
      -> [LogisticRegression + Mixup @ 5x] Acc: 0.8705, F1: 0.8657, Time: 4.02s
      -> [RNN + Mixup @ 5x] Acc: 0.5865, F1: 0.5289, Time: 3.81s
    [=== Generating 10x synthetic data with Mixup ===]
      -> [KNN + Mixup @ 10x] Acc: 0.9174, F1: 0.9154, Time: 0.29s
      -> [RandomForest + Mixup @ 10x] Acc: 0.8884, F1: 0.8867, Time: 28.82s
      -> [LinearSVC + Mixup @ 10x] Acc: 0.7608, F1: 0.7543, Time: 5.50s
      -> [LogisticRegression + Mixup @ 10x] Acc: 0.8791, F1: 0.8745, Time: 4.51s
      -> [RNN + Mixup @ 10x] Acc: 0.7820, F1: 0.7685, Time: 7.16s
    [=== Generating 2x synthetic data with GMM ===]
      -> [KNN + GMM @ 2x] Acc: 0.9242, F1: 0.9226, Time: 0.18s
      -> [RandomForest + GMM @ 2x] Acc: 0.9044, F1: 0.9029, Time: 10.01s
      -> [LinearSVC + GMM @ 2x] Acc: 0.7502, F1: 0.7411, Time: 0.42s
      -> [LogisticRegression + GMM @ 2x] Acc: 0.8780, F1: 0.8738, Time: 1.51s
      -> [RNN + GMM @ 2x] Acc: 0.4286, F1: 0.3123, Time: 1.33s
    [=== Generating 3x synthetic data with GMM ===]
      -> [KNN + GMM @ 3x] Acc: 0.9225, F1: 0.9211, Time: 0.21s
      -> [RandomForest + GMM @ 3x] Acc: 0.9088, F1: 0.9077, Time: 16.17s
      -> [LinearSVC + GMM @ 3x] Acc: 0.7459, F1: 0.7369, Time: 0.63s
      -> [LogisticRegression + GMM @ 3x] Acc: 0.8771, F1: 0.8729, Time: 2.33s
      -> [RNN + GMM @ 3x] Acc: 0.6015, F1: 0.5341, Time: 2.15s
    [=== Generating 5x synthetic data with GMM ===]
      -> [KNN + GMM @ 5x] Acc: 0.9212, F1: 0.9200, Time: 0.29s
      -> [RandomForest + GMM @ 5x] Acc: 0.9028, F1: 0.9018, Time: 28.87s
      -> [LinearSVC + GMM @ 5x] Acc: 0.7505, F1: 0.7414, Time: 1.22s
      -> [LogisticRegression + GMM @ 5x] Acc: 0.8791, F1: 0.8754, Time: 3.98s
      -> [RNN + GMM @ 5x] Acc: 0.4511, F1: 0.3959, Time: 3.90s
    [=== Generating 10x synthetic data with GMM ===]
      -> [KNN + GMM @ 10x] Acc: 0.9180, F1: 0.9169, Time: 0.34s
      -> [RandomForest + GMM @ 10x] Acc: 0.8991, F1: 0.8981, Time: 33.38s
      -> [LinearSVC + GMM @ 10x] Acc: 0.7619, F1: 0.7548, Time: 3.70s
      -> [LogisticRegression + GMM @ 10x] Acc: 0.8826, F1: 0.8792, Time: 5.38s
      -> [RNN + GMM @ 10x] Acc: 0.7368, F1: 0.7124, Time: 6.99s
    [=== Generating 2x synthetic data with HMM_GMM ===]
      -> [KNN + HMM_GMM @ 2x] Acc: 0.9114, F1: 0.9093, Time: 0.18s
      -> [RandomForest + HMM_GMM @ 2x] Acc: 0.8966, F1: 0.8951, Time: 7.03s
      -> [LinearSVC + HMM_GMM @ 2x] Acc: 0.7149, F1: 0.7021, Time: 0.40s
      -> [LogisticRegression + HMM_GMM @ 2x] Acc: 0.8205, F1: 0.8164, Time: 1.54s
      -> [RNN + HMM_GMM @ 2x] Acc: 0.4737, F1: 0.3840, Time: 1.47s
    [=== Generating 3x synthetic data with HMM_GMM ===]
      -> [KNN + HMM_GMM @ 3x] Acc: 0.9114, F1: 0.9093, Time: 0.21s
      -> [RandomForest + HMM_GMM @ 3x] Acc: 0.8890, F1: 0.8875, Time: 8.40s
      -> [LinearSVC + HMM_GMM @ 3x] Acc: 0.6829, F1: 0.6665, Time: 0.59s
      -> [LogisticRegression + HMM_GMM @ 3x] Acc: 0.7815, F1: 0.7778, Time: 2.36s
      -> [RNN + HMM_GMM @ 3x] Acc: 0.4812, F1: 0.3805, Time: 2.26s
    [=== Generating 5x synthetic data with HMM_GMM ===]
      -> [KNN + HMM_GMM @ 5x] Acc: 0.9117, F1: 0.9096, Time: 0.29s
      -> [RandomForest + HMM_GMM @ 5x] Acc: 0.8963, F1: 0.8946, Time: 10.98s
      -> [LinearSVC + HMM_GMM @ 5x] Acc: 0.6419, F1: 0.6277, Time: 1.06s
      -> [LogisticRegression + HMM_GMM @ 5x] Acc: 0.7239, F1: 0.7204, Time: 3.94s
      -> [RNN + HMM_GMM @ 5x] Acc: 0.5414, F1: 0.4777, Time: 3.67s
    [=== Generating 10x synthetic data with HMM_GMM ===]
      -> [KNN + HMM_GMM @ 10x] Acc: 0.9070, F1: 0.9052, Time: 0.33s
      -> [RandomForest + HMM_GMM @ 10x] Acc: 0.8907, F1: 0.8888, Time: 8.94s
      -> [LinearSVC + HMM_GMM @ 10x] Acc: 0.6358, F1: 0.6238, Time: 2.01s
      -> [LogisticRegression + HMM_GMM @ 10x] Acc: 0.7071, F1: 0.7074, Time: 4.42s
      -> [RNN + HMM_GMM @ 10x] Acc: 0.4060, F1: 0.3513, Time: 7.48s

    >> Seed Fold Selection: 3/10
    Evaluating Model: KNN
      -> [Baseline] Acc: 0.9285, F1: 0.9278, Time: 0.62s
      HP Tuning KNN...
n_iterations: 3
n_required_iterations: 3
n_possible_iterations: 5
min_resources_: 190
max_resources_: 19000
aggressive_elimination: False
factor: 3
----------
iter: 0
n_candidates: 20
n_resources: 190
Fitting 5 folds for each of 20 candidates, totalling 100 fits
----------
iter: 1
n_candidates: 7
n_resources: 570
Fitting 5 folds for each of 7 candidates, totalling 35 fits
----------
iter: 2
n_candidates: 3
n_resources: 1710
Fitting 5 folds for each of 3 candidates, totalling 15 fits
      -> [Tuned_Baseline] Acc: 0.9289, F1: 0.9282, Time: 0.11s
    Evaluating Model: RandomForest
      -> [Baseline] Acc: 0.8940, F1: 0.8919, Time: 4.57s
      HP Tuning RandomForest...
n_iterations: 3
n_required_iterations: 3
n_possible_iterations: 5
min_resources_: 190
max_resources_: 19000
aggressive_elimination: False
factor: 3
----------
iter: 0
n_candidates: 20
n_resources: 190
Fitting 5 folds for each of 20 candidates, totalling 100 fits
----------
iter: 1
n_candidates: 7
n_resources: 570
Fitting 5 folds for each of 7 candidates, totalling 35 fits
----------
iter: 2
n_candidates: 3
n_resources: 1710
Fitting 5 folds for each of 3 candidates, totalling 15 fits
      -> [Tuned_Baseline] Acc: 0.8892, F1: 0.8864, Time: 0.09s
    Evaluating Model: LinearSVC
      -> [Baseline] Acc: 0.7889, F1: 0.7814, Time: 0.20s
      HP Tuning LinearSVC...
n_iterations: 3
n_required_iterations: 3
n_possible_iterations: 5
min_resources_: 190
max_resources_: 19000
aggressive_elimination: False
factor: 3
----------
iter: 0
n_candidates: 20
n_resources: 190
Fitting 5 folds for each of 20 candidates, totalling 100 fits
----------
iter: 1
n_candidates: 7
n_resources: 570
Fitting 5 folds for each of 7 candidates, totalling 35 fits
----------
iter: 2
n_candidates: 3
n_resources: 1710
Fitting 5 folds for each of 3 candidates, totalling 15 fits
      -> [Tuned_Baseline] Acc: 0.7926, F1: 0.7860, Time: 0.00s
    Evaluating Model: LogisticRegression
      -> [Baseline] Acc: 0.8579, F1: 0.8547, Time: 0.82s
      HP Tuning LogisticRegression...
n_iterations: 3
n_required_iterations: 3
n_possible_iterations: 5
min_resources_: 190
max_resources_: 19000
aggressive_elimination: False
factor: 3
----------
iter: 0
n_candidates: 12
n_resources: 190
Fitting 5 folds for each of 12 candidates, totalling 60 fits
----------
iter: 1
n_candidates: 4
n_resources: 570
Fitting 5 folds for each of 4 candidates, totalling 20 fits
----------
iter: 2
n_candidates: 2
n_resources: 1710
Fitting 5 folds for each of 2 candidates, totalling 10 fits
      -> [Tuned_Baseline] Acc: 0.8535, F1: 0.8509, Time: 0.00s
    Evaluating Model: RNN
      -> [Baseline] Acc: 0.4060, F1: 0.2941, Time: 0.76s
      -> [Tuned_Baseline] Acc: 0.4060, F1: 0.2941, Time: 0.01s
    [=== Generating 2x synthetic data with Jittering ===]
      -> [KNN + Jittering @ 2x] Acc: 0.9270, F1: 0.9263, Time: 0.17s
      -> [RandomForest + Jittering @ 2x] Acc: 0.9029, F1: 0.8988, Time: 10.11s
      -> [LinearSVC + Jittering @ 2x] Acc: 0.7902, F1: 0.7836, Time: 0.41s
      -> [LogisticRegression + Jittering @ 2x] Acc: 0.8641, F1: 0.8618, Time: 1.53s
      -> [RNN + Jittering @ 2x] Acc: 0.5263, F1: 0.4759, Time: 1.48s
    [=== Generating 3x synthetic data with Jittering ===]
      -> [KNN + Jittering @ 3x] Acc: 0.9279, F1: 0.9273, Time: 0.20s
      -> [RandomForest + Jittering @ 3x] Acc: 0.9082, F1: 0.9059, Time: 16.15s
      -> [LinearSVC + Jittering @ 3x] Acc: 0.7902, F1: 0.7833, Time: 0.61s
      -> [LogisticRegression + Jittering @ 3x] Acc: 0.8574, F1: 0.8551, Time: 2.38s
      -> [RNN + Jittering @ 3x] Acc: 0.6015, F1: 0.5429, Time: 2.17s
    [=== Generating 5x synthetic data with Jittering ===]
      -> [KNN + Jittering @ 5x] Acc: 0.9279, F1: 0.9273, Time: 0.27s
      -> [RandomForest + Jittering @ 5x] Acc: 0.9025, F1: 0.8990, Time: 28.43s
      -> [LinearSVC + Jittering @ 5x] Acc: 0.7886, F1: 0.7816, Time: 1.26s
      -> [LogisticRegression + Jittering @ 5x] Acc: 0.8614, F1: 0.8594, Time: 4.08s
      -> [RNN + Jittering @ 5x] Acc: 0.5338, F1: 0.4304, Time: 3.43s
    [=== Generating 10x synthetic data with Jittering ===]
      -> [KNN + Jittering @ 10x] Acc: 0.9277, F1: 0.9272, Time: 0.31s
      -> [RandomForest + Jittering @ 10x] Acc: 0.9088, F1: 0.9060, Time: 31.08s
      -> [LinearSVC + Jittering @ 10x] Acc: 0.7862, F1: 0.7788, Time: 5.04s
      -> [LogisticRegression + Jittering @ 10x] Acc: 0.8612, F1: 0.8591, Time: 5.34s
      -> [RNN + Jittering @ 10x] Acc: 0.7594, F1: 0.7289, Time: 7.71s
    [=== Generating 2x synthetic data with Scaling ===]
      -> [KNN + Scaling @ 2x] Acc: 0.9249, F1: 0.9241, Time: 0.18s
      -> [RandomForest + Scaling @ 2x] Acc: 0.8971, F1: 0.8954, Time: 9.96s
      -> [LinearSVC + Scaling @ 2x] Acc: 0.7631, F1: 0.7493, Time: 0.39s
      -> [LogisticRegression + Scaling @ 2x] Acc: 0.8479, F1: 0.8449, Time: 1.59s
      -> [RNN + Scaling @ 2x] Acc: 0.5414, F1: 0.4591, Time: 1.41s
    [=== Generating 3x synthetic data with Scaling ===]
      -> [KNN + Scaling @ 3x] Acc: 0.9180, F1: 0.9173, Time: 0.20s
      -> [RandomForest + Scaling @ 3x] Acc: 0.9141, F1: 0.9132, Time: 16.09s
      -> [LinearSVC + Scaling @ 3x] Acc: 0.7745, F1: 0.7589, Time: 0.62s
      -> [LogisticRegression + Scaling @ 3x] Acc: 0.8423, F1: 0.8388, Time: 2.40s
      -> [RNN + Scaling @ 3x] Acc: 0.6466, F1: 0.5810, Time: 2.07s
    [=== Generating 5x synthetic data with Scaling ===]
      -> [KNN + Scaling @ 5x] Acc: 0.9152, F1: 0.9148, Time: 0.28s
      -> [RandomForest + Scaling @ 5x] Acc: 0.9089, F1: 0.9078, Time: 28.43s
      -> [LinearSVC + Scaling @ 5x] Acc: 0.7634, F1: 0.7495, Time: 1.14s
      -> [LogisticRegression + Scaling @ 5x] Acc: 0.8448, F1: 0.8424, Time: 4.05s
      -> [RNN + Scaling @ 5x] Acc: 0.8045, F1: 0.7771, Time: 3.81s
    [=== Generating 10x synthetic data with Scaling ===]
      -> [KNN + Scaling @ 10x] Acc: 0.9190, F1: 0.9183, Time: 0.34s
      -> [RandomForest + Scaling @ 10x] Acc: 0.9250, F1: 0.9243, Time: 32.02s
      -> [LinearSVC + Scaling @ 10x] Acc: 0.7646, F1: 0.7439, Time: 5.39s
      -> [LogisticRegression + Scaling @ 10x] Acc: 0.8503, F1: 0.8485, Time: 5.58s
      -> [RNN + Scaling @ 10x] Acc: 0.6992, F1: 0.6524, Time: 7.59s
    [=== Generating 2x synthetic data with Magnitude_Warping ===]
      -> [KNN + Magnitude_Warping @ 2x] Acc: 0.9341, F1: 0.9335, Time: 0.19s
      -> [RandomForest + Magnitude_Warping @ 2x] Acc: 0.9235, F1: 0.9237, Time: 10.42s
      -> [LinearSVC + Magnitude_Warping @ 2x] Acc: 0.7295, F1: 0.7049, Time: 0.37s
      -> [LogisticRegression + Magnitude_Warping @ 2x] Acc: 0.8481, F1: 0.8463, Time: 1.66s
      -> [RNN + Magnitude_Warping @ 2x] Acc: 0.5789, F1: 0.5114, Time: 1.52s
    [=== Generating 3x synthetic data with Magnitude_Warping ===]
      -> [KNN + Magnitude_Warping @ 3x] Acc: 0.9132, F1: 0.9117, Time: 0.22s
      -> [RandomForest + Magnitude_Warping @ 3x] Acc: 0.9101, F1: 0.9086, Time: 16.81s
      -> [LinearSVC + Magnitude_Warping @ 3x] Acc: 0.7344, F1: 0.7076, Time: 0.57s
      -> [LogisticRegression + Magnitude_Warping @ 3x] Acc: 0.8452, F1: 0.8413, Time: 2.42s
      -> [RNN + Magnitude_Warping @ 3x] Acc: 0.5940, F1: 0.5502, Time: 2.12s
    [=== Generating 5x synthetic data with Magnitude_Warping ===]
      -> [KNN + Magnitude_Warping @ 5x] Acc: 0.9101, F1: 0.9086, Time: 0.31s
      -> [RandomForest + Magnitude_Warping @ 5x] Acc: 0.9045, F1: 0.9029, Time: 31.06s
      -> [LinearSVC + Magnitude_Warping @ 5x] Acc: 0.7045, F1: 0.6705, Time: 1.06s
      -> [LogisticRegression + Magnitude_Warping @ 5x] Acc: 0.8220, F1: 0.8176, Time: 4.12s
      -> [RNN + Magnitude_Warping @ 5x] Acc: 0.5188, F1: 0.4502, Time: 5.48s
    [=== Generating 10x synthetic data with Magnitude_Warping ===]
      -> [KNN + Magnitude_Warping @ 10x] Acc: 0.9071, F1: 0.9064, Time: 0.37s
      -> [RandomForest + Magnitude_Warping @ 10x] Acc: 0.9088, F1: 0.9078, Time: 34.98s
      -> [LinearSVC + Magnitude_Warping @ 10x] Acc: 0.7122, F1: 0.6783, Time: 5.52s
      -> [LogisticRegression + Magnitude_Warping @ 10x] Acc: 0.8309, F1: 0.8264, Time: 5.58s
      -> [RNN + Magnitude_Warping @ 10x] Acc: 0.7068, F1: 0.6453, Time: 7.39s
    [=== Generating 2x synthetic data with Time_Warping ===]
      -> [KNN + Time_Warping @ 2x] Acc: 0.9259, F1: 0.9253, Time: 0.18s
      -> [RandomForest + Time_Warping @ 2x] Acc: 0.8820, F1: 0.8803, Time: 9.88s
      -> [LinearSVC + Time_Warping @ 2x] Acc: 0.7462, F1: 0.7251, Time: 0.40s
      -> [LogisticRegression + Time_Warping @ 2x] Acc: 0.8489, F1: 0.8467, Time: 1.56s
      -> [RNN + Time_Warping @ 2x] Acc: 0.4361, F1: 0.3231, Time: 1.39s
    [=== Generating 3x synthetic data with Time_Warping ===]
      -> [KNN + Time_Warping @ 3x] Acc: 0.9181, F1: 0.9174, Time: 0.22s
      -> [RandomForest + Time_Warping @ 3x] Acc: 0.8768, F1: 0.8751, Time: 15.82s
      -> [LinearSVC + Time_Warping @ 3x] Acc: 0.7408, F1: 0.7134, Time: 0.59s
      -> [LogisticRegression + Time_Warping @ 3x] Acc: 0.8589, F1: 0.8568, Time: 2.38s
      -> [RNN + Time_Warping @ 3x] Acc: 0.5789, F1: 0.5280, Time: 2.37s
    [=== Generating 5x synthetic data with Time_Warping ===]
      -> [KNN + Time_Warping @ 5x] Acc: 0.9148, F1: 0.9139, Time: 0.31s
      -> [RandomForest + Time_Warping @ 5x] Acc: 0.8701, F1: 0.8690, Time: 28.76s
      -> [LinearSVC + Time_Warping @ 5x] Acc: 0.7299, F1: 0.7025, Time: 1.07s
      -> [LogisticRegression + Time_Warping @ 5x] Acc: 0.8448, F1: 0.8416, Time: 3.97s
      -> [RNN + Time_Warping @ 5x] Acc: 0.7218, F1: 0.6837, Time: 3.74s
    [=== Generating 10x synthetic data with Time_Warping ===]
      -> [KNN + Time_Warping @ 10x] Acc: 0.9071, F1: 0.9061, Time: 0.38s
      -> [RandomForest + Time_Warping @ 10x] Acc: 0.8605, F1: 0.8593, Time: 32.56s
      -> [LinearSVC + Time_Warping @ 10x] Acc: 0.7187, F1: 0.6863, Time: 5.15s
      -> [LogisticRegression + Time_Warping @ 10x] Acc: 0.8290, F1: 0.8255, Time: 5.35s
      -> [RNN + Time_Warping @ 10x] Acc: 0.7820, F1: 0.7383, Time: 7.02s
    [=== Generating 2x synthetic data with SMOTE ===]
      -> [KNN + SMOTE @ 2x] Acc: 0.9236, F1: 0.9234, Time: 0.16s
      -> [RandomForest + SMOTE @ 2x] Acc: 0.8862, F1: 0.8834, Time: 9.78s
      -> [LinearSVC + SMOTE @ 2x] Acc: 0.8012, F1: 0.7957, Time: 0.41s
      -> [LogisticRegression + SMOTE @ 2x] Acc: 0.8614, F1: 0.8598, Time: 1.58s
      -> [RNN + SMOTE @ 2x] Acc: 0.6015, F1: 0.5529, Time: 1.42s
    [=== Generating 3x synthetic data with SMOTE ===]
      -> [KNN + SMOTE @ 3x] Acc: 0.9311, F1: 0.9306, Time: 0.19s
      -> [RandomForest + SMOTE @ 3x] Acc: 0.8877, F1: 0.8860, Time: 15.62s
      -> [LinearSVC + SMOTE @ 3x] Acc: 0.7942, F1: 0.7854, Time: 0.63s
      -> [LogisticRegression + SMOTE @ 3x] Acc: 0.8635, F1: 0.8627, Time: 2.41s
      -> [RNN + SMOTE @ 3x] Acc: 0.4962, F1: 0.4358, Time: 2.24s
    [=== Generating 5x synthetic data with SMOTE ===]
      -> [KNN + SMOTE @ 5x] Acc: 0.9288, F1: 0.9288, Time: 0.25s
      -> [RandomForest + SMOTE @ 5x] Acc: 0.8830, F1: 0.8831, Time: 27.83s
      -> [LinearSVC + SMOTE @ 5x] Acc: 0.7974, F1: 0.7871, Time: 1.12s
      -> [LogisticRegression + SMOTE @ 5x] Acc: 0.8550, F1: 0.8532, Time: 3.97s
      -> [RNN + SMOTE @ 5x] Acc: 0.6090, F1: 0.5653, Time: 3.61s
    [=== Generating 10x synthetic data with SMOTE ===]
      -> [KNN + SMOTE @ 10x] Acc: 0.9314, F1: 0.9307, Time: 0.28s
      -> [RandomForest + SMOTE @ 10x] Acc: 0.8924, F1: 0.8927, Time: 31.42s
      -> [LinearSVC + SMOTE @ 10x] Acc: 0.8030, F1: 0.7975, Time: 2.95s
      -> [LogisticRegression + SMOTE @ 10x] Acc: 0.8539, F1: 0.8516, Time: 4.34s
      -> [RNN + SMOTE @ 10x] Acc: 0.6767, F1: 0.6377, Time: 7.17s
    [=== Generating 2x synthetic data with ADASYN ===]
      [!] Failed generation with ADASYN at 2x: Not any neigbours belong to the majority class. This case will induce a NaN case with a division by zero. ADASYN is not suited for this specific dataset. Use SMOTE instead.
    [=== Generating 3x synthetic data with ADASYN ===]
      [!] Failed generation with ADASYN at 3x: Not any neigbours belong to the majority class. This case will induce a NaN case with a division by zero. ADASYN is not suited for this specific dataset. Use SMOTE instead.
    [=== Generating 5x synthetic data with ADASYN ===]
      [!] Failed generation with ADASYN at 5x: Not any neigbours belong to the majority class. This case will induce a NaN case with a division by zero. ADASYN is not suited for this specific dataset. Use SMOTE instead.
    [=== Generating 10x synthetic data with ADASYN ===]
      [!] Failed generation with ADASYN at 10x: Not any neigbours belong to the majority class. This case will induce a NaN case with a division by zero. ADASYN is not suited for this specific dataset. Use SMOTE instead.
    [=== Generating 2x synthetic data with Mixup ===]
      -> [KNN + Mixup @ 2x] Acc: 0.9354, F1: 0.9354, Time: 0.16s
      -> [RandomForest + Mixup @ 2x] Acc: 0.9027, F1: 0.9021, Time: 9.23s
      -> [LinearSVC + Mixup @ 2x] Acc: 0.7940, F1: 0.7882, Time: 0.42s
      -> [LogisticRegression + Mixup @ 2x] Acc: 0.8611, F1: 0.8590, Time: 1.60s
      -> [RNN + Mixup @ 2x] Acc: 0.5564, F1: 0.5049, Time: 1.47s
    [=== Generating 3x synthetic data with Mixup ===]
      -> [KNN + Mixup @ 3x] Acc: 0.9368, F1: 0.9363, Time: 0.19s
      -> [RandomForest + Mixup @ 3x] Acc: 0.8948, F1: 0.8946, Time: 15.04s
      -> [LinearSVC + Mixup @ 3x] Acc: 0.7893, F1: 0.7831, Time: 0.62s
      -> [LogisticRegression + Mixup @ 3x] Acc: 0.8426, F1: 0.8397, Time: 2.25s
      -> [RNN + Mixup @ 3x] Acc: 0.5940, F1: 0.5349, Time: 2.15s
    [=== Generating 5x synthetic data with Mixup ===]
      -> [KNN + Mixup @ 5x] Acc: 0.9310, F1: 0.9303, Time: 0.24s
      -> [RandomForest + Mixup @ 5x] Acc: 0.9123, F1: 0.9125, Time: 24.99s
      -> [LinearSVC + Mixup @ 5x] Acc: 0.7920, F1: 0.7857, Time: 1.18s
      -> [LogisticRegression + Mixup @ 5x] Acc: 0.8410, F1: 0.8382, Time: 3.94s
      -> [RNN + Mixup @ 5x] Acc: 0.7444, F1: 0.7095, Time: 3.78s
    [=== Generating 10x synthetic data with Mixup ===]
      -> [KNN + Mixup @ 10x] Acc: 0.9229, F1: 0.9227, Time: 0.28s
      -> [RandomForest + Mixup @ 10x] Acc: 0.9001, F1: 0.9011, Time: 29.01s
      -> [LinearSVC + Mixup @ 10x] Acc: 0.7977, F1: 0.7918, Time: 2.90s
      -> [LogisticRegression + Mixup @ 10x] Acc: 0.8597, F1: 0.8576, Time: 4.35s
      -> [RNN + Mixup @ 10x] Acc: 0.7669, F1: 0.7364, Time: 7.15s
    [=== Generating 2x synthetic data with GMM ===]
      -> [KNN + GMM @ 2x] Acc: 0.9197, F1: 0.9188, Time: 0.17s
      -> [RandomForest + GMM @ 2x] Acc: 0.8732, F1: 0.8717, Time: 9.99s
      -> [LinearSVC + GMM @ 2x] Acc: 0.7735, F1: 0.7571, Time: 0.41s
      -> [LogisticRegression + GMM @ 2x] Acc: 0.8566, F1: 0.8556, Time: 1.58s
      -> [RNN + GMM @ 2x] Acc: 0.4962, F1: 0.4296, Time: 1.39s
    [=== Generating 3x synthetic data with GMM ===]
      -> [KNN + GMM @ 3x] Acc: 0.9193, F1: 0.9184, Time: 0.20s
      -> [RandomForest + GMM @ 3x] Acc: 0.8753, F1: 0.8734, Time: 16.02s
      -> [LinearSVC + GMM @ 3x] Acc: 0.7742, F1: 0.7593, Time: 0.64s
      -> [LogisticRegression + GMM @ 3x] Acc: 0.8587, F1: 0.8570, Time: 2.31s
      -> [RNN + GMM @ 3x] Acc: 0.6391, F1: 0.5857, Time: 2.12s
    [=== Generating 5x synthetic data with GMM ===]
      -> [KNN + GMM @ 5x] Acc: 0.9156, F1: 0.9147, Time: 0.27s
      -> [RandomForest + GMM @ 5x] Acc: 0.8720, F1: 0.8709, Time: 28.28s
      -> [LinearSVC + GMM @ 5x] Acc: 0.7805, F1: 0.7683, Time: 1.18s
      -> [LogisticRegression + GMM @ 5x] Acc: 0.8587, F1: 0.8576, Time: 3.98s
      -> [RNN + GMM @ 5x] Acc: 0.7444, F1: 0.6988, Time: 3.52s
    [=== Generating 10x synthetic data with GMM ===]
      -> [KNN + GMM @ 10x] Acc: 0.9165, F1: 0.9157, Time: 0.32s
      -> [RandomForest + GMM @ 10x] Acc: 0.8736, F1: 0.8726, Time: 30.57s
      -> [LinearSVC + GMM @ 10x] Acc: 0.7832, F1: 0.7728, Time: 2.98s
      -> [LogisticRegression + GMM @ 10x] Acc: 0.8618, F1: 0.8604, Time: 4.51s
      -> [RNN + GMM @ 10x] Acc: 0.7970, F1: 0.7782, Time: 7.16s
    [=== Generating 2x synthetic data with HMM_GMM ===]
      -> [KNN + HMM_GMM @ 2x] Acc: 0.9225, F1: 0.9217, Time: 0.18s
      -> [RandomForest + HMM_GMM @ 2x] Acc: 0.9035, F1: 0.9028, Time: 7.11s
      -> [LinearSVC + HMM_GMM @ 2x] Acc: 0.7475, F1: 0.7377, Time: 0.42s
      -> [LogisticRegression + HMM_GMM @ 2x] Acc: 0.8052, F1: 0.8035, Time: 1.64s
      -> [RNN + HMM_GMM @ 2x] Acc: 0.4135, F1: 0.3071, Time: 1.51s
    [=== Generating 3x synthetic data with HMM_GMM ===]
      -> [KNN + HMM_GMM @ 3x] Acc: 0.9225, F1: 0.9217, Time: 0.21s
      -> [RandomForest + HMM_GMM @ 3x] Acc: 0.9041, F1: 0.9033, Time: 8.34s
      -> [LinearSVC + HMM_GMM @ 3x] Acc: 0.7147, F1: 0.7059, Time: 0.64s
      -> [LogisticRegression + HMM_GMM @ 3x] Acc: 0.7743, F1: 0.7751, Time: 2.33s
      -> [RNN + HMM_GMM @ 3x] Acc: 0.5113, F1: 0.4686, Time: 2.02s
    [=== Generating 5x synthetic data with HMM_GMM ===]
      -> [KNN + HMM_GMM @ 5x] Acc: 0.9212, F1: 0.9204, Time: 0.28s
      -> [RandomForest + HMM_GMM @ 5x] Acc: 0.9108, F1: 0.9101, Time: 10.67s
      -> [LinearSVC + HMM_GMM @ 5x] Acc: 0.6699, F1: 0.6615, Time: 1.08s
      -> [LogisticRegression + HMM_GMM @ 5x] Acc: 0.7381, F1: 0.7374, Time: 4.13s
      -> [RNN + HMM_GMM @ 5x] Acc: 0.5338, F1: 0.4834, Time: 3.71s
    [=== Generating 10x synthetic data with HMM_GMM ===]
      -> [KNN + HMM_GMM @ 10x] Acc: 0.9172, F1: 0.9164, Time: 0.34s
      -> [RandomForest + HMM_GMM @ 10x] Acc: 0.9005, F1: 0.8997, Time: 9.31s
      -> [LinearSVC + HMM_GMM @ 10x] Acc: 0.6611, F1: 0.6552, Time: 2.45s
      -> [LogisticRegression + HMM_GMM @ 10x] Acc: 0.7098, F1: 0.7109, Time: 4.43s
      -> [RNN + HMM_GMM @ 10x] Acc: 0.4361, F1: 0.4092, Time: 7.73s

    >> Seed Fold Selection: 4/10
    Evaluating Model: KNN
      -> [Baseline] Acc: 0.9196, F1: 0.9176, Time: 0.61s
      HP Tuning KNN...
n_iterations: 3
n_required_iterations: 3
n_possible_iterations: 5
min_resources_: 190
max_resources_: 19000
aggressive_elimination: False
factor: 3
----------
iter: 0
n_candidates: 20
n_resources: 190
Fitting 5 folds for each of 20 candidates, totalling 100 fits
----------
iter: 1
n_candidates: 7
n_resources: 570
Fitting 5 folds for each of 7 candidates, totalling 35 fits
----------
iter: 2
n_candidates: 3
n_resources: 1710
Fitting 5 folds for each of 3 candidates, totalling 15 fits
      -> [Tuned_Baseline] Acc: 0.9111, F1: 0.9091, Time: 0.17s
    Evaluating Model: RandomForest
      -> [Baseline] Acc: 0.8881, F1: 0.8868, Time: 4.59s
      HP Tuning RandomForest...
n_iterations: 3
n_required_iterations: 3
n_possible_iterations: 5
min_resources_: 190
max_resources_: 19000
aggressive_elimination: False
factor: 3
----------
iter: 0
n_candidates: 20
n_resources: 190
Fitting 5 folds for each of 20 candidates, totalling 100 fits
----------
iter: 1
n_candidates: 7
n_resources: 570
Fitting 5 folds for each of 7 candidates, totalling 35 fits
----------
iter: 2
n_candidates: 3
n_resources: 1710
Fitting 5 folds for each of 3 candidates, totalling 15 fits
      -> [Tuned_Baseline] Acc: 0.8881, F1: 0.8868, Time: 0.09s
    Evaluating Model: LinearSVC
      -> [Baseline] Acc: 0.7590, F1: 0.7465, Time: 0.19s
      HP Tuning LinearSVC...
n_iterations: 3
n_required_iterations: 3
n_possible_iterations: 5
min_resources_: 190
max_resources_: 19000
aggressive_elimination: False
factor: 3
----------
iter: 0
n_candidates: 20
n_resources: 190
Fitting 5 folds for each of 20 candidates, totalling 100 fits
----------
iter: 1
n_candidates: 7
n_resources: 570
Fitting 5 folds for each of 7 candidates, totalling 35 fits
----------
iter: 2
n_candidates: 3
n_resources: 1710
Fitting 5 folds for each of 3 candidates, totalling 15 fits
      -> [Tuned_Baseline] Acc: 0.7604, F1: 0.7489, Time: 0.00s
    Evaluating Model: LogisticRegression
      -> [Baseline] Acc: 0.8371, F1: 0.8351, Time: 0.78s
      HP Tuning LogisticRegression...
n_iterations: 3
n_required_iterations: 3
n_possible_iterations: 5
min_resources_: 190
max_resources_: 19000
aggressive_elimination: False
factor: 3
----------
iter: 0
n_candidates: 12
n_resources: 190
Fitting 5 folds for each of 12 candidates, totalling 60 fits
----------
iter: 1
n_candidates: 4
n_resources: 570
Fitting 5 folds for each of 4 candidates, totalling 20 fits
----------
iter: 2
n_candidates: 2
n_resources: 1710
Fitting 5 folds for each of 2 candidates, totalling 10 fits
      -> [Tuned_Baseline] Acc: 0.8439, F1: 0.8427, Time: 0.00s
    Evaluating Model: RNN
      -> [Baseline] Acc: 0.3609, F1: 0.2285, Time: 0.67s
      -> [Tuned_Baseline] Acc: 0.3609, F1: 0.2285, Time: 0.01s
    [=== Generating 2x synthetic data with Jittering ===]
      -> [KNN + Jittering @ 2x] Acc: 0.9153, F1: 0.9133, Time: 0.25s
      -> [RandomForest + Jittering @ 2x] Acc: 0.9031, F1: 0.9011, Time: 10.10s
      -> [LinearSVC + Jittering @ 2x] Acc: 0.7580, F1: 0.7463, Time: 0.41s
      -> [LogisticRegression + Jittering @ 2x] Acc: 0.8477, F1: 0.8466, Time: 1.56s
      -> [RNN + Jittering @ 2x] Acc: 0.5489, F1: 0.4581, Time: 1.45s
    [=== Generating 3x synthetic data with Jittering ===]
      -> [KNN + Jittering @ 3x] Acc: 0.9168, F1: 0.9146, Time: 0.30s
      -> [RandomForest + Jittering @ 3x] Acc: 0.9049, F1: 0.9027, Time: 15.99s
      -> [LinearSVC + Jittering @ 3x] Acc: 0.7586, F1: 0.7469, Time: 0.63s
      -> [LogisticRegression + Jittering @ 3x] Acc: 0.8456, F1: 0.8445, Time: 2.36s
      -> [RNN + Jittering @ 3x] Acc: 0.6015, F1: 0.5288, Time: 2.23s
    [=== Generating 5x synthetic data with Jittering ===]
      -> [KNN + Jittering @ 5x] Acc: 0.9182, F1: 0.9162, Time: 0.39s
      -> [RandomForest + Jittering @ 5x] Acc: 0.9062, F1: 0.9043, Time: 28.45s
      -> [LinearSVC + Jittering @ 5x] Acc: 0.7577, F1: 0.7460, Time: 1.31s
      -> [LogisticRegression + Jittering @ 5x] Acc: 0.8465, F1: 0.8453, Time: 3.94s
      -> [RNN + Jittering @ 5x] Acc: 0.3985, F1: 0.3332, Time: 3.39s
    [=== Generating 10x synthetic data with Jittering ===]
      -> [KNN + Jittering @ 10x] Acc: 0.9175, F1: 0.9152, Time: 0.43s
      -> [RandomForest + Jittering @ 10x] Acc: 0.9068, F1: 0.9047, Time: 31.10s
      -> [LinearSVC + Jittering @ 10x] Acc: 0.7570, F1: 0.7456, Time: 5.31s
      -> [LogisticRegression + Jittering @ 10x] Acc: 0.8512, F1: 0.8505, Time: 5.40s
      -> [RNN + Jittering @ 10x] Acc: 0.8195, F1: 0.8169, Time: 7.53s
    [=== Generating 2x synthetic data with Scaling ===]
      -> [KNN + Scaling @ 2x] Acc: 0.9098, F1: 0.9074, Time: 0.25s
      -> [RandomForest + Scaling @ 2x] Acc: 0.8926, F1: 0.8901, Time: 9.99s
      -> [LinearSVC + Scaling @ 2x] Acc: 0.7593, F1: 0.7502, Time: 0.39s
      -> [LogisticRegression + Scaling @ 2x] Acc: 0.8388, F1: 0.8366, Time: 1.56s
      -> [RNN + Scaling @ 2x] Acc: 0.5263, F1: 0.4397, Time: 1.50s
    [=== Generating 3x synthetic data with Scaling ===]
      -> [KNN + Scaling @ 3x] Acc: 0.9068, F1: 0.9041, Time: 0.31s
      -> [RandomForest + Scaling @ 3x] Acc: 0.9030, F1: 0.9006, Time: 15.52s
      -> [LinearSVC + Scaling @ 3x] Acc: 0.7441, F1: 0.7323, Time: 0.60s
      -> [LogisticRegression + Scaling @ 3x] Acc: 0.8344, F1: 0.8323, Time: 2.33s
      -> [RNN + Scaling @ 3x] Acc: 0.3684, F1: 0.2574, Time: 2.67s
    [=== Generating 5x synthetic data with Scaling ===]
      -> [KNN + Scaling @ 5x] Acc: 0.9022, F1: 0.9000, Time: 0.42s
      -> [RandomForest + Scaling @ 5x] Acc: 0.8991, F1: 0.8972, Time: 28.80s
      -> [LinearSVC + Scaling @ 5x] Acc: 0.7386, F1: 0.7283, Time: 1.08s
      -> [LogisticRegression + Scaling @ 5x] Acc: 0.8288, F1: 0.8266, Time: 3.93s
      -> [RNN + Scaling @ 5x] Acc: 0.5414, F1: 0.4608, Time: 3.62s
    [=== Generating 10x synthetic data with Scaling ===]
      -> [KNN + Scaling @ 10x] Acc: 0.8974, F1: 0.8932, Time: 0.51s
      -> [RandomForest + Scaling @ 10x] Acc: 0.8985, F1: 0.8953, Time: 32.17s
      -> [LinearSVC + Scaling @ 10x] Acc: 0.7456, F1: 0.7332, Time: 5.70s
      -> [LogisticRegression + Scaling @ 10x] Acc: 0.8325, F1: 0.8284, Time: 5.24s
      -> [RNN + Scaling @ 10x] Acc: 0.7895, F1: 0.7774, Time: 7.08s
    [=== Generating 2x synthetic data with Magnitude_Warping ===]
      -> [KNN + Magnitude_Warping @ 2x] Acc: 0.9039, F1: 0.9025, Time: 0.29s
      -> [RandomForest + Magnitude_Warping @ 2x] Acc: 0.8977, F1: 0.8959, Time: 10.52s
      -> [LinearSVC + Magnitude_Warping @ 2x] Acc: 0.7128, F1: 0.6940, Time: 0.37s
      -> [LogisticRegression + Magnitude_Warping @ 2x] Acc: 0.8180, F1: 0.8137, Time: 1.50s
      -> [RNN + Magnitude_Warping @ 2x] Acc: 0.4737, F1: 0.3661, Time: 1.40s
    [=== Generating 3x synthetic data with Magnitude_Warping ===]
      -> [KNN + Magnitude_Warping @ 3x] Acc: 0.8965, F1: 0.8945, Time: 0.36s
      -> [RandomForest + Magnitude_Warping @ 3x] Acc: 0.8917, F1: 0.8894, Time: 17.05s
      -> [LinearSVC + Magnitude_Warping @ 3x] Acc: 0.7130, F1: 0.6949, Time: 0.56s
      -> [LogisticRegression + Magnitude_Warping @ 3x] Acc: 0.8125, F1: 0.8068, Time: 2.42s
      -> [RNN + Magnitude_Warping @ 3x] Acc: 0.5564, F1: 0.4610, Time: 2.17s
    [=== Generating 5x synthetic data with Magnitude_Warping ===]
      -> [KNN + Magnitude_Warping @ 5x] Acc: 0.8959, F1: 0.8941, Time: 0.48s
      -> [RandomForest + Magnitude_Warping @ 5x] Acc: 0.8908, F1: 0.8882, Time: 31.02s
      -> [LinearSVC + Magnitude_Warping @ 5x] Acc: 0.6965, F1: 0.6718, Time: 1.18s
      -> [LogisticRegression + Magnitude_Warping @ 5x] Acc: 0.7927, F1: 0.7853, Time: 4.01s
      -> [RNN + Magnitude_Warping @ 5x] Acc: 0.6090, F1: 0.5505, Time: 3.82s
    [=== Generating 10x synthetic data with Magnitude_Warping ===]
      -> [KNN + Magnitude_Warping @ 10x] Acc: 0.8929, F1: 0.8910, Time: 0.60s
      -> [RandomForest + Magnitude_Warping @ 10x] Acc: 0.8902, F1: 0.8883, Time: 35.46s
      -> [LinearSVC + Magnitude_Warping @ 10x] Acc: 0.6931, F1: 0.6702, Time: 4.84s
      -> [LogisticRegression + Magnitude_Warping @ 10x] Acc: 0.8022, F1: 0.7955, Time: 5.42s
      -> [RNN + Magnitude_Warping @ 10x] Acc: 0.6767, F1: 0.6149, Time: 7.28s
    [=== Generating 2x synthetic data with Time_Warping ===]
      -> [KNN + Time_Warping @ 2x] Acc: 0.9083, F1: 0.9060, Time: 0.27s
      -> [RandomForest + Time_Warping @ 2x] Acc: 0.8723, F1: 0.8717, Time: 10.05s
      -> [LinearSVC + Time_Warping @ 2x] Acc: 0.7420, F1: 0.7317, Time: 0.39s
      -> [LogisticRegression + Time_Warping @ 2x] Acc: 0.8299, F1: 0.8264, Time: 1.49s
      -> [RNN + Time_Warping @ 2x] Acc: 0.3233, F1: 0.2182, Time: 1.44s
    [=== Generating 3x synthetic data with Time_Warping ===]
      -> [KNN + Time_Warping @ 3x] Acc: 0.9032, F1: 0.9014, Time: 0.34s
      -> [RandomForest + Time_Warping @ 3x] Acc: 0.8642, F1: 0.8629, Time: 15.81s
      -> [LinearSVC + Time_Warping @ 3x] Acc: 0.7297, F1: 0.7207, Time: 0.59s
      -> [LogisticRegression + Time_Warping @ 3x] Acc: 0.8270, F1: 0.8225, Time: 2.33s
      -> [RNN + Time_Warping @ 3x] Acc: 0.6541, F1: 0.5869, Time: 2.06s
    [=== Generating 5x synthetic data with Time_Warping ===]
      -> [KNN + Time_Warping @ 5x] Acc: 0.8997, F1: 0.8977, Time: 0.46s
      -> [RandomForest + Time_Warping @ 5x] Acc: 0.8659, F1: 0.8648, Time: 28.71s
      -> [LinearSVC + Time_Warping @ 5x] Acc: 0.7206, F1: 0.7082, Time: 1.10s
      -> [LogisticRegression + Time_Warping @ 5x] Acc: 0.8232, F1: 0.8167, Time: 3.88s
      -> [RNN + Time_Warping @ 5x] Acc: 0.6241, F1: 0.5520, Time: 3.49s
    [=== Generating 10x synthetic data with Time_Warping ===]
      -> [KNN + Time_Warping @ 10x] Acc: 0.8838, F1: 0.8809, Time: 0.56s
      -> [RandomForest + Time_Warping @ 10x] Acc: 0.8570, F1: 0.8563, Time: 32.59s
      -> [LinearSVC + Time_Warping @ 10x] Acc: 0.7084, F1: 0.6901, Time: 4.41s
      -> [LogisticRegression + Time_Warping @ 10x] Acc: 0.8105, F1: 0.8049, Time: 5.35s
      -> [RNN + Time_Warping @ 10x] Acc: 0.7444, F1: 0.7197, Time: 7.31s
    [=== Generating 2x synthetic data with SMOTE ===]
      -> [KNN + SMOTE @ 2x] Acc: 0.9189, F1: 0.9178, Time: 0.23s
      -> [RandomForest + SMOTE @ 2x] Acc: 0.8889, F1: 0.8881, Time: 9.72s
      -> [LinearSVC + SMOTE @ 2x] Acc: 0.7583, F1: 0.7478, Time: 0.41s
      -> [LogisticRegression + SMOTE @ 2x] Acc: 0.8451, F1: 0.8433, Time: 1.63s
      -> [RNN + SMOTE @ 2x] Acc: 0.4586, F1: 0.3576, Time: 1.53s
    [=== Generating 3x synthetic data with SMOTE ===]
      -> [KNN + SMOTE @ 3x] Acc: 0.9156, F1: 0.9141, Time: 0.27s
      -> [RandomForest + SMOTE @ 3x] Acc: 0.8776, F1: 0.8771, Time: 15.24s
      -> [LinearSVC + SMOTE @ 3x] Acc: 0.7579, F1: 0.7468, Time: 0.61s
      -> [LogisticRegression + SMOTE @ 3x] Acc: 0.8409, F1: 0.8396, Time: 2.20s
      -> [RNN + SMOTE @ 3x] Acc: 0.6466, F1: 0.5723, Time: 2.33s
    [=== Generating 5x synthetic data with SMOTE ===]
      -> [KNN + SMOTE @ 5x] Acc: 0.9173, F1: 0.9159, Time: 0.34s
      -> [RandomForest + SMOTE @ 5x] Acc: 0.8716, F1: 0.8719, Time: 28.09s
      -> [LinearSVC + SMOTE @ 5x] Acc: 0.7581, F1: 0.7476, Time: 1.12s
      -> [LogisticRegression + SMOTE @ 5x] Acc: 0.8399, F1: 0.8383, Time: 3.91s
      -> [RNN + SMOTE @ 5x] Acc: 0.5414, F1: 0.4839, Time: 3.63s
    [=== Generating 10x synthetic data with SMOTE ===]
      -> [KNN + SMOTE @ 10x] Acc: 0.9171, F1: 0.9160, Time: 0.39s
      -> [RandomForest + SMOTE @ 10x] Acc: 0.8752, F1: 0.8759, Time: 30.14s
      -> [LinearSVC + SMOTE @ 10x] Acc: 0.7623, F1: 0.7531, Time: 2.87s
      -> [LogisticRegression + SMOTE @ 10x] Acc: 0.8359, F1: 0.8347, Time: 4.38s
      -> [RNN + SMOTE @ 10x] Acc: 0.7444, F1: 0.7413, Time: 7.57s
    [=== Generating 2x synthetic data with ADASYN ===]
      [!] Failed generation with ADASYN at 2x: Not any neigbours belong to the majority class. This case will induce a NaN case with a division by zero. ADASYN is not suited for this specific dataset. Use SMOTE instead.
    [=== Generating 3x synthetic data with ADASYN ===]
      [!] Failed generation with ADASYN at 3x: Not any neigbours belong to the majority class. This case will induce a NaN case with a division by zero. ADASYN is not suited for this specific dataset. Use SMOTE instead.
    [=== Generating 5x synthetic data with ADASYN ===]
      [!] Failed generation with ADASYN at 5x: Not any neigbours belong to the majority class. This case will induce a NaN case with a division by zero. ADASYN is not suited for this specific dataset. Use SMOTE instead.
    [=== Generating 10x synthetic data with ADASYN ===]
      [!] Failed generation with ADASYN at 10x: Not any neigbours belong to the majority class. This case will induce a NaN case with a division by zero. ADASYN is not suited for this specific dataset. Use SMOTE instead.
    [=== Generating 2x synthetic data with Mixup ===]
      -> [KNN + Mixup @ 2x] Acc: 0.9249, F1: 0.9237, Time: 0.23s
      -> [RandomForest + Mixup @ 2x] Acc: 0.8878, F1: 0.8873, Time: 9.20s
      -> [LinearSVC + Mixup @ 2x] Acc: 0.7668, F1: 0.7558, Time: 0.42s
      -> [LogisticRegression + Mixup @ 2x] Acc: 0.8485, F1: 0.8472, Time: 1.58s
      -> [RNN + Mixup @ 2x] Acc: 0.6015, F1: 0.5597, Time: 1.44s
    [=== Generating 3x synthetic data with Mixup ===]
      -> [KNN + Mixup @ 3x] Acc: 0.9142, F1: 0.9126, Time: 0.26s
      -> [RandomForest + Mixup @ 3x] Acc: 0.8758, F1: 0.8758, Time: 14.75s
      -> [LinearSVC + Mixup @ 3x] Acc: 0.7630, F1: 0.7526, Time: 0.62s
      -> [LogisticRegression + Mixup @ 3x] Acc: 0.8446, F1: 0.8436, Time: 2.41s
      -> [RNN + Mixup @ 3x] Acc: 0.5038, F1: 0.3909, Time: 2.17s
    [=== Generating 5x synthetic data with Mixup ===]
      -> [KNN + Mixup @ 5x] Acc: 0.9289, F1: 0.9284, Time: 0.33s
      -> [RandomForest + Mixup @ 5x] Acc: 0.8944, F1: 0.8946, Time: 25.03s
      -> [LinearSVC + Mixup @ 5x] Acc: 0.7558, F1: 0.7433, Time: 1.20s
      -> [LogisticRegression + Mixup @ 5x] Acc: 0.8406, F1: 0.8391, Time: 3.95s
      -> [RNN + Mixup @ 5x] Acc: 0.6241, F1: 0.5732, Time: 3.63s
    [=== Generating 10x synthetic data with Mixup ===]
      -> [KNN + Mixup @ 10x] Acc: 0.9255, F1: 0.9244, Time: 0.38s
      -> [RandomForest + Mixup @ 10x] Acc: 0.8859, F1: 0.8863, Time: 28.90s
      -> [LinearSVC + Mixup @ 10x] Acc: 0.7532, F1: 0.7414, Time: 3.74s
      -> [LogisticRegression + Mixup @ 10x] Acc: 0.8365, F1: 0.8348, Time: 4.30s
      -> [RNN + Mixup @ 10x] Acc: 0.7068, F1: 0.6514, Time: 7.06s
    [=== Generating 2x synthetic data with GMM ===]
      -> [KNN + GMM @ 2x] Acc: 0.9151, F1: 0.9128, Time: 0.24s
      -> [RandomForest + GMM @ 2x] Acc: 0.8905, F1: 0.8895, Time: 9.78s
      -> [LinearSVC + GMM @ 2x] Acc: 0.7562, F1: 0.7429, Time: 0.41s
      -> [LogisticRegression + GMM @ 2x] Acc: 0.8437, F1: 0.8422, Time: 1.54s
      -> [RNN + GMM @ 2x] Acc: 0.4211, F1: 0.2955, Time: 1.48s
    [=== Generating 3x synthetic data with GMM ===]
      -> [KNN + GMM @ 3x] Acc: 0.9144, F1: 0.9119, Time: 0.30s
      -> [RandomForest + GMM @ 3x] Acc: 0.8914, F1: 0.8906, Time: 15.63s
      -> [LinearSVC + GMM @ 3x] Acc: 0.7524, F1: 0.7391, Time: 0.66s
      -> [LogisticRegression + GMM @ 3x] Acc: 0.8454, F1: 0.8439, Time: 2.46s
      -> [RNN + GMM @ 3x] Acc: 0.5564, F1: 0.4669, Time: 2.45s
    [=== Generating 5x synthetic data with GMM ===]
      -> [KNN + GMM @ 5x] Acc: 0.9146, F1: 0.9120, Time: 0.40s
      -> [RandomForest + GMM @ 5x] Acc: 0.8926, F1: 0.8914, Time: 27.69s
      -> [LinearSVC + GMM @ 5x] Acc: 0.7392, F1: 0.7260, Time: 1.19s
      -> [LogisticRegression + GMM @ 5x] Acc: 0.8478, F1: 0.8458, Time: 3.87s
      -> [RNN + GMM @ 5x] Acc: 0.7519, F1: 0.6982, Time: 3.53s
    [=== Generating 10x synthetic data with GMM ===]
      -> [KNN + GMM @ 10x] Acc: 0.9111, F1: 0.9084, Time: 0.44s
      -> [RandomForest + GMM @ 10x] Acc: 0.8907, F1: 0.8895, Time: 30.40s
      -> [LinearSVC + GMM @ 10x] Acc: 0.7440, F1: 0.7321, Time: 3.08s
      -> [LogisticRegression + GMM @ 10x] Acc: 0.8490, F1: 0.8473, Time: 4.38s
      -> [RNN + GMM @ 10x] Acc: 0.6241, F1: 0.5902, Time: 7.64s
    [=== Generating 2x synthetic data with HMM_GMM ===]
      -> [KNN + HMM_GMM @ 2x] Acc: 0.9059, F1: 0.9036, Time: 0.27s
      -> [RandomForest + HMM_GMM @ 2x] Acc: 0.8828, F1: 0.8809, Time: 7.02s
      -> [LinearSVC + HMM_GMM @ 2x] Acc: 0.7055, F1: 0.6931, Time: 0.41s
      -> [LogisticRegression + HMM_GMM @ 2x] Acc: 0.7859, F1: 0.7792, Time: 1.54s
      -> [RNN + HMM_GMM @ 2x] Acc: 0.4286, F1: 0.3617, Time: 1.51s
    [=== Generating 3x synthetic data with HMM_GMM ===]
      -> [KNN + HMM_GMM @ 3x] Acc: 0.9058, F1: 0.9035, Time: 0.32s
      -> [RandomForest + HMM_GMM @ 3x] Acc: 0.8826, F1: 0.8807, Time: 8.50s
      -> [LinearSVC + HMM_GMM @ 3x] Acc: 0.6770, F1: 0.6660, Time: 0.63s
      -> [LogisticRegression + HMM_GMM @ 3x] Acc: 0.7589, F1: 0.7509, Time: 2.35s
      -> [RNN + HMM_GMM @ 3x] Acc: 0.5414, F1: 0.5060, Time: 2.09s
    [=== Generating 5x synthetic data with HMM_GMM ===]
      -> [KNN + HMM_GMM @ 5x] Acc: 0.9059, F1: 0.9036, Time: 0.41s
      -> [RandomForest + HMM_GMM @ 5x] Acc: 0.8877, F1: 0.8861, Time: 10.83s
      -> [LinearSVC + HMM_GMM @ 5x] Acc: 0.6582, F1: 0.6489, Time: 1.14s
      -> [LogisticRegression + HMM_GMM @ 5x] Acc: 0.7363, F1: 0.7281, Time: 3.99s
      -> [RNN + HMM_GMM @ 5x] Acc: 0.5940, F1: 0.5456, Time: 3.47s
    [=== Generating 10x synthetic data with HMM_GMM ===]
      -> [KNN + HMM_GMM @ 10x] Acc: 0.8943, F1: 0.8922, Time: 0.48s
      -> [RandomForest + HMM_GMM @ 10x] Acc: 0.8799, F1: 0.8785, Time: 9.49s
      -> [LinearSVC + HMM_GMM @ 10x] Acc: 0.6723, F1: 0.6663, Time: 3.08s
      -> [LogisticRegression + HMM_GMM @ 10x] Acc: 0.7063, F1: 0.6999, Time: 4.49s
      -> [RNN + HMM_GMM @ 10x] Acc: 0.4586, F1: 0.4213, Time: 8.12s

    >> Seed Fold Selection: 5/10
    Evaluating Model: KNN
      -> [Baseline] Acc: 0.9035, F1: 0.9031, Time: 0.62s
      HP Tuning KNN...
n_iterations: 3
n_required_iterations: 3
n_possible_iterations: 5
min_resources_: 190
max_resources_: 19000
aggressive_elimination: False
factor: 3
----------
iter: 0
n_candidates: 20
n_resources: 190
Fitting 5 folds for each of 20 candidates, totalling 100 fits
----------
iter: 1
n_candidates: 7
n_resources: 570
Fitting 5 folds for each of 7 candidates, totalling 35 fits
----------
iter: 2
n_candidates: 3
n_resources: 1710
Fitting 5 folds for each of 3 candidates, totalling 15 fits
      -> [Tuned_Baseline] Acc: 0.9029, F1: 0.9025, Time: 0.11s
    Evaluating Model: RandomForest
      -> [Baseline] Acc: 0.8828, F1: 0.8821, Time: 4.63s
      HP Tuning RandomForest...
n_iterations: 3
n_required_iterations: 3
n_possible_iterations: 5
min_resources_: 190
max_resources_: 19000
aggressive_elimination: False
factor: 3
----------
iter: 0
n_candidates: 20
n_resources: 190
Fitting 5 folds for each of 20 candidates, totalling 100 fits
----------
iter: 1
n_candidates: 7
n_resources: 570
Fitting 5 folds for each of 7 candidates, totalling 35 fits
----------
iter: 2
n_candidates: 3
n_resources: 1710
Fitting 5 folds for each of 3 candidates, totalling 15 fits
      -> [Tuned_Baseline] Acc: 0.8777, F1: 0.8770, Time: 0.05s
    Evaluating Model: LinearSVC
      -> [Baseline] Acc: 0.7682, F1: 0.7667, Time: 0.20s
      HP Tuning LinearSVC...
n_iterations: 3
n_required_iterations: 3
n_possible_iterations: 5
min_resources_: 190
max_resources_: 19000
aggressive_elimination: False
factor: 3
----------
iter: 0
n_candidates: 20
n_resources: 190
Fitting 5 folds for each of 20 candidates, totalling 100 fits
----------
iter: 1
n_candidates: 7
n_resources: 570
Fitting 5 folds for each of 7 candidates, totalling 35 fits
----------
iter: 2
n_candidates: 3
n_resources: 1710
Fitting 5 folds for each of 3 candidates, totalling 15 fits
      -> [Tuned_Baseline] Acc: 0.7704, F1: 0.7696, Time: 0.00s
    Evaluating Model: LogisticRegression
      -> [Baseline] Acc: 0.8602, F1: 0.8597, Time: 0.76s
      HP Tuning LogisticRegression...
n_iterations: 3
n_required_iterations: 3
n_possible_iterations: 5
min_resources_: 190
max_resources_: 19000
aggressive_elimination: False
factor: 3
----------
iter: 0
n_candidates: 12
n_resources: 190
Fitting 5 folds for each of 12 candidates, totalling 60 fits
----------
iter: 1
n_candidates: 4
n_resources: 570
Fitting 5 folds for each of 4 candidates, totalling 20 fits
----------
iter: 2
n_candidates: 2
n_resources: 1710
Fitting 5 folds for each of 2 candidates, totalling 10 fits
      -> [Tuned_Baseline] Acc: 0.8608, F1: 0.8588, Time: 0.00s
    Evaluating Model: RNN
      -> [Baseline] Acc: 0.4586, F1: 0.3532, Time: 0.72s
      -> [Tuned_Baseline] Acc: 0.4586, F1: 0.3532, Time: 0.01s
    [=== Generating 2x synthetic data with Jittering ===]
      -> [KNN + Jittering @ 2x] Acc: 0.9018, F1: 0.9014, Time: 0.18s
      -> [RandomForest + Jittering @ 2x] Acc: 0.8904, F1: 0.8888, Time: 5.14s
      -> [LinearSVC + Jittering @ 2x] Acc: 0.7695, F1: 0.7684, Time: 0.42s
      -> [LogisticRegression + Jittering @ 2x] Acc: 0.8631, F1: 0.8614, Time: 1.61s
      -> [RNN + Jittering @ 2x] Acc: 0.4511, F1: 0.3334, Time: 1.48s
    [=== Generating 3x synthetic data with Jittering ===]
      -> [KNN + Jittering @ 3x] Acc: 0.9029, F1: 0.9025, Time: 0.21s
      -> [RandomForest + Jittering @ 3x] Acc: 0.8948, F1: 0.8933, Time: 8.21s
      -> [LinearSVC + Jittering @ 3x] Acc: 0.7695, F1: 0.7684, Time: 0.63s
      -> [LogisticRegression + Jittering @ 3x] Acc: 0.8713, F1: 0.8699, Time: 2.32s
      -> [RNN + Jittering @ 3x] Acc: 0.3609, F1: 0.2503, Time: 2.04s
    [=== Generating 5x synthetic data with Jittering ===]
      -> [KNN + Jittering @ 5x] Acc: 0.9022, F1: 0.9017, Time: 0.28s
      -> [RandomForest + Jittering @ 5x] Acc: 0.8952, F1: 0.8937, Time: 14.44s
      -> [LinearSVC + Jittering @ 5x] Acc: 0.7700, F1: 0.7689, Time: 1.12s
      -> [LogisticRegression + Jittering @ 5x] Acc: 0.8709, F1: 0.8694, Time: 3.83s
      -> [RNN + Jittering @ 5x] Acc: 0.7368, F1: 0.6882, Time: 3.68s
    [=== Generating 10x synthetic data with Jittering ===]
      -> [KNN + Jittering @ 10x] Acc: 0.9050, F1: 0.9046, Time: 0.33s
      -> [RandomForest + Jittering @ 10x] Acc: 0.8983, F1: 0.8970, Time: 15.49s
      -> [LinearSVC + Jittering @ 10x] Acc: 0.7704, F1: 0.7691, Time: 3.30s
      -> [LogisticRegression + Jittering @ 10x] Acc: 0.8702, F1: 0.8681, Time: 4.48s
      -> [RNN + Jittering @ 10x] Acc: 0.7218, F1: 0.6883, Time: 7.58s
    [=== Generating 2x synthetic data with Scaling ===]
      -> [KNN + Scaling @ 2x] Acc: 0.9050, F1: 0.9044, Time: 0.18s
      -> [RandomForest + Scaling @ 2x] Acc: 0.8862, F1: 0.8846, Time: 5.03s
      -> [LinearSVC + Scaling @ 2x] Acc: 0.7472, F1: 0.7417, Time: 0.39s
      -> [LogisticRegression + Scaling @ 2x] Acc: 0.8561, F1: 0.8547, Time: 1.58s
      -> [RNN + Scaling @ 2x] Acc: 0.4662, F1: 0.3646, Time: 1.48s
    [=== Generating 3x synthetic data with Scaling ===]
      -> [KNN + Scaling @ 3x] Acc: 0.9047, F1: 0.9037, Time: 0.22s
      -> [RandomForest + Scaling @ 3x] Acc: 0.8935, F1: 0.8924, Time: 7.94s
      -> [LinearSVC + Scaling @ 3x] Acc: 0.7515, F1: 0.7452, Time: 0.60s
      -> [LogisticRegression + Scaling @ 3x] Acc: 0.8472, F1: 0.8451, Time: 2.31s
      -> [RNN + Scaling @ 3x] Acc: 0.5714, F1: 0.5083, Time: 2.08s
    [=== Generating 5x synthetic data with Scaling ===]
      -> [KNN + Scaling @ 5x] Acc: 0.8877, F1: 0.8863, Time: 0.30s
      -> [RandomForest + Scaling @ 5x] Acc: 0.8832, F1: 0.8815, Time: 14.40s
      -> [LinearSVC + Scaling @ 5x] Acc: 0.7495, F1: 0.7460, Time: 1.05s
      -> [LogisticRegression + Scaling @ 5x] Acc: 0.8556, F1: 0.8539, Time: 3.93s
      -> [RNN + Scaling @ 5x] Acc: 0.7444, F1: 0.7292, Time: 3.66s
    [=== Generating 10x synthetic data with Scaling ===]
      -> [KNN + Scaling @ 10x] Acc: 0.8988, F1: 0.8980, Time: 0.36s
      -> [RandomForest + Scaling @ 10x] Acc: 0.8893, F1: 0.8881, Time: 16.55s
      -> [LinearSVC + Scaling @ 10x] Acc: 0.7418, F1: 0.7342, Time: 2.14s
      -> [LogisticRegression + Scaling @ 10x] Acc: 0.8729, F1: 0.8723, Time: 4.30s
      -> [RNN + Scaling @ 10x] Acc: 0.7970, F1: 0.7708, Time: 7.74s
    [=== Generating 2x synthetic data with Magnitude_Warping ===]
      -> [KNN + Magnitude_Warping @ 2x] Acc: 0.8977, F1: 0.8968, Time: 0.20s
      -> [RandomForest + Magnitude_Warping @ 2x] Acc: 0.8778, F1: 0.8767, Time: 5.26s
      -> [LinearSVC + Magnitude_Warping @ 2x] Acc: 0.7229, F1: 0.7093, Time: 0.38s
      -> [LogisticRegression + Magnitude_Warping @ 2x] Acc: 0.8344, F1: 0.8347, Time: 1.55s
      -> [RNN + Magnitude_Warping @ 2x] Acc: 0.4662, F1: 0.3679, Time: 1.34s
    [=== Generating 3x synthetic data with Magnitude_Warping ===]
      -> [KNN + Magnitude_Warping @ 3x] Acc: 0.8965, F1: 0.8956, Time: 0.24s
      -> [RandomForest + Magnitude_Warping @ 3x] Acc: 0.8862, F1: 0.8847, Time: 8.55s
      -> [LinearSVC + Magnitude_Warping @ 3x] Acc: 0.7117, F1: 0.6933, Time: 0.56s
      -> [LogisticRegression + Magnitude_Warping @ 3x] Acc: 0.8395, F1: 0.8401, Time: 2.44s
      -> [RNN + Magnitude_Warping @ 3x] Acc: 0.4887, F1: 0.4197, Time: 2.22s
    [=== Generating 5x synthetic data with Magnitude_Warping ===]
      -> [KNN + Magnitude_Warping @ 5x] Acc: 0.8865, F1: 0.8855, Time: 0.32s
      -> [RandomForest + Magnitude_Warping @ 5x] Acc: 0.8874, F1: 0.8857, Time: 15.34s
      -> [LinearSVC + Magnitude_Warping @ 5x] Acc: 0.7202, F1: 0.6970, Time: 1.03s
      -> [LogisticRegression + Magnitude_Warping @ 5x] Acc: 0.8239, F1: 0.8213, Time: 4.04s
      -> [RNN + Magnitude_Warping @ 5x] Acc: 0.7293, F1: 0.7154, Time: 3.45s
    [=== Generating 10x synthetic data with Magnitude_Warping ===]
      -> [KNN + Magnitude_Warping @ 10x] Acc: 0.8863, F1: 0.8854, Time: 0.39s
      -> [RandomForest + Magnitude_Warping @ 10x] Acc: 0.8792, F1: 0.8771, Time: 17.39s
      -> [LinearSVC + Magnitude_Warping @ 10x] Acc: 0.7057, F1: 0.6844, Time: 6.74s
      -> [LogisticRegression + Magnitude_Warping @ 10x] Acc: 0.8284, F1: 0.8273, Time: 5.36s
      -> [RNN + Magnitude_Warping @ 10x] Acc: 0.7895, F1: 0.7594, Time: 7.39s
    [=== Generating 2x synthetic data with Time_Warping ===]
      -> [KNN + Time_Warping @ 2x] Acc: 0.8970, F1: 0.8958, Time: 0.19s
      -> [RandomForest + Time_Warping @ 2x] Acc: 0.8708, F1: 0.8694, Time: 5.07s
      -> [LinearSVC + Time_Warping @ 2x] Acc: 0.7587, F1: 0.7527, Time: 0.38s
      -> [LogisticRegression + Time_Warping @ 2x] Acc: 0.8483, F1: 0.8481, Time: 1.57s
      -> [RNN + Time_Warping @ 2x] Acc: 0.5639, F1: 0.4924, Time: 1.54s
    [=== Generating 3x synthetic data with Time_Warping ===]
      -> [KNN + Time_Warping @ 3x] Acc: 0.8959, F1: 0.8951, Time: 0.23s
      -> [RandomForest + Time_Warping @ 3x] Acc: 0.8602, F1: 0.8589, Time: 7.96s
      -> [LinearSVC + Time_Warping @ 3x] Acc: 0.7423, F1: 0.7350, Time: 0.65s
      -> [LogisticRegression + Time_Warping @ 3x] Acc: 0.8393, F1: 0.8398, Time: 2.53s
      -> [RNN + Time_Warping @ 3x] Acc: 0.5338, F1: 0.4501, Time: 2.23s
    [=== Generating 5x synthetic data with Time_Warping ===]
      -> [KNN + Time_Warping @ 5x] Acc: 0.8820, F1: 0.8807, Time: 0.31s
      -> [RandomForest + Time_Warping @ 5x] Acc: 0.8509, F1: 0.8500, Time: 14.44s
      -> [LinearSVC + Time_Warping @ 5x] Acc: 0.7359, F1: 0.7277, Time: 1.11s
      -> [LogisticRegression + Time_Warping @ 5x] Acc: 0.8363, F1: 0.8364, Time: 3.94s
      -> [RNN + Time_Warping @ 5x] Acc: 0.5789, F1: 0.5107, Time: 3.65s
    [=== Generating 10x synthetic data with Time_Warping ===]
      -> [KNN + Time_Warping @ 10x] Acc: 0.8908, F1: 0.8896, Time: 0.39s
      -> [RandomForest + Time_Warping @ 10x] Acc: 0.8460, F1: 0.8451, Time: 16.81s
      -> [LinearSVC + Time_Warping @ 10x] Acc: 0.7333, F1: 0.7205, Time: 3.36s
      -> [LogisticRegression + Time_Warping @ 10x] Acc: 0.8198, F1: 0.8194, Time: 4.37s
      -> [RNN + Time_Warping @ 10x] Acc: 0.3985, F1: 0.2745, Time: 7.39s
    [=== Generating 2x synthetic data with SMOTE ===]
      -> [KNN + SMOTE @ 2x] Acc: 0.9084, F1: 0.9080, Time: 0.17s
      -> [RandomForest + SMOTE @ 2x] Acc: 0.8839, F1: 0.8831, Time: 4.99s
      -> [LinearSVC + SMOTE @ 2x] Acc: 0.7850, F1: 0.7841, Time: 0.42s
      -> [LogisticRegression + SMOTE @ 2x] Acc: 0.8723, F1: 0.8706, Time: 1.49s
      -> [RNN + SMOTE @ 2x] Acc: 0.5188, F1: 0.4471, Time: 1.55s
    [=== Generating 3x synthetic data with SMOTE ===]
      -> [KNN + SMOTE @ 3x] Acc: 0.9083, F1: 0.9077, Time: 0.19s
      -> [RandomForest + SMOTE @ 3x] Acc: 0.8836, F1: 0.8830, Time: 7.81s
      -> [LinearSVC + SMOTE @ 3x] Acc: 0.7680, F1: 0.7667, Time: 0.64s
      -> [LogisticRegression + SMOTE @ 3x] Acc: 0.8765, F1: 0.8753, Time: 2.37s
      -> [RNN + SMOTE @ 3x] Acc: 0.6842, F1: 0.6321, Time: 2.10s
    [=== Generating 5x synthetic data with SMOTE ===]
      -> [KNN + SMOTE @ 5x] Acc: 0.9140, F1: 0.9133, Time: 0.26s
      -> [RandomForest + SMOTE @ 5x] Acc: 0.8859, F1: 0.8856, Time: 13.58s
      -> [LinearSVC + SMOTE @ 5x] Acc: 0.7583, F1: 0.7589, Time: 1.14s
      -> [LogisticRegression + SMOTE @ 5x] Acc: 0.8615, F1: 0.8600, Time: 4.13s
      -> [RNN + SMOTE @ 5x] Acc: 0.6767, F1: 0.6472, Time: 3.60s
    [=== Generating 10x synthetic data with SMOTE ===]
      -> [KNN + SMOTE @ 10x] Acc: 0.9135, F1: 0.9131, Time: 0.30s
      -> [RandomForest + SMOTE @ 10x] Acc: 0.8846, F1: 0.8846, Time: 15.25s
      -> [LinearSVC + SMOTE @ 10x] Acc: 0.7744, F1: 0.7755, Time: 2.61s
      -> [LogisticRegression + SMOTE @ 10x] Acc: 0.8525, F1: 0.8511, Time: 4.41s
      -> [RNN + SMOTE @ 10x] Acc: 0.7519, F1: 0.7386, Time: 7.14s
    [=== Generating 2x synthetic data with ADASYN ===]
      [!] Failed generation with ADASYN at 2x: Not any neigbours belong to the majority class. This case will induce a NaN case with a division by zero. ADASYN is not suited for this specific dataset. Use SMOTE instead.
    [=== Generating 3x synthetic data with ADASYN ===]
      [!] Failed generation with ADASYN at 3x: Not any neigbours belong to the majority class. This case will induce a NaN case with a division by zero. ADASYN is not suited for this specific dataset. Use SMOTE instead.
    [=== Generating 5x synthetic data with ADASYN ===]
      [!] Failed generation with ADASYN at 5x: Not any neigbours belong to the majority class. This case will induce a NaN case with a division by zero. ADASYN is not suited for this specific dataset. Use SMOTE instead.
    [=== Generating 10x synthetic data with ADASYN ===]
      [!] Failed generation with ADASYN at 10x: Not any neigbours belong to the majority class. This case will induce a NaN case with a division by zero. ADASYN is not suited for this specific dataset. Use SMOTE instead.
    [=== Generating 2x synthetic data with Mixup ===]
      -> [KNN + Mixup @ 2x] Acc: 0.9051, F1: 0.9045, Time: 0.17s
      -> [RandomForest + Mixup @ 2x] Acc: 0.8784, F1: 0.8776, Time: 4.65s
      -> [LinearSVC + Mixup @ 2x] Acc: 0.7772, F1: 0.7753, Time: 0.40s
      -> [LogisticRegression + Mixup @ 2x] Acc: 0.8699, F1: 0.8682, Time: 1.50s
      -> [RNN + Mixup @ 2x] Acc: 0.5489, F1: 0.4548, Time: 1.39s
    [=== Generating 3x synthetic data with Mixup ===]
      -> [KNN + Mixup @ 3x] Acc: 0.9130, F1: 0.9125, Time: 0.20s
      -> [RandomForest + Mixup @ 3x] Acc: 0.8786, F1: 0.8780, Time: 7.30s
      -> [LinearSVC + Mixup @ 3x] Acc: 0.7753, F1: 0.7748, Time: 0.60s
      -> [LogisticRegression + Mixup @ 3x] Acc: 0.8686, F1: 0.8668, Time: 2.33s
      -> [RNN + Mixup @ 3x] Acc: 0.3835, F1: 0.2886, Time: 2.28s
    [=== Generating 5x synthetic data with Mixup ===]
      -> [KNN + Mixup @ 5x] Acc: 0.9129, F1: 0.9120, Time: 0.26s
      -> [RandomForest + Mixup @ 5x] Acc: 0.8814, F1: 0.8807, Time: 12.64s
      -> [LinearSVC + Mixup @ 5x] Acc: 0.7711, F1: 0.7702, Time: 1.04s
      -> [LogisticRegression + Mixup @ 5x] Acc: 0.8593, F1: 0.8572, Time: 3.94s
      -> [RNN + Mixup @ 5x] Acc: 0.6090, F1: 0.5342, Time: 3.59s
    [=== Generating 10x synthetic data with Mixup ===]
      -> [KNN + Mixup @ 10x] Acc: 0.9102, F1: 0.9095, Time: 0.29s
      -> [RandomForest + Mixup @ 10x] Acc: 0.8823, F1: 0.8821, Time: 14.49s
      -> [LinearSVC + Mixup @ 10x] Acc: 0.7686, F1: 0.7675, Time: 3.60s
      -> [LogisticRegression + Mixup @ 10x] Acc: 0.8592, F1: 0.8576, Time: 4.39s
      -> [RNN + Mixup @ 10x] Acc: 0.6090, F1: 0.5268, Time: 7.17s
    [=== Generating 2x synthetic data with GMM ===]
      -> [KNN + GMM @ 2x] Acc: 0.9038, F1: 0.9034, Time: 0.18s
      -> [RandomForest + GMM @ 2x] Acc: 0.8803, F1: 0.8799, Time: 5.03s
      -> [LinearSVC + GMM @ 2x] Acc: 0.7712, F1: 0.7688, Time: 0.41s
      -> [LogisticRegression + GMM @ 2x] Acc: 0.8878, F1: 0.8876, Time: 1.50s
      -> [RNN + GMM @ 2x] Acc: 0.5714, F1: 0.5205, Time: 1.47s
    [=== Generating 3x synthetic data with GMM ===]
      -> [KNN + GMM @ 3x] Acc: 0.9017, F1: 0.9016, Time: 0.21s
      -> [RandomForest + GMM @ 3x] Acc: 0.8823, F1: 0.8823, Time: 7.88s
      -> [LinearSVC + GMM @ 3x] Acc: 0.7702, F1: 0.7683, Time: 0.63s
      -> [LogisticRegression + GMM @ 3x] Acc: 0.8841, F1: 0.8840, Time: 2.33s
      -> [RNN + GMM @ 3x] Acc: 0.5188, F1: 0.4527, Time: 2.40s
    [=== Generating 5x synthetic data with GMM ===]
      -> [KNN + GMM @ 5x] Acc: 0.8968, F1: 0.8969, Time: 0.29s
      -> [RandomForest + GMM @ 5x] Acc: 0.8766, F1: 0.8766, Time: 14.21s
      -> [LinearSVC + GMM @ 5x] Acc: 0.7686, F1: 0.7666, Time: 1.16s
      -> [LogisticRegression + GMM @ 5x] Acc: 0.8808, F1: 0.8810, Time: 4.06s
      -> [RNN + GMM @ 5x] Acc: 0.6992, F1: 0.6584, Time: 3.49s
    [=== Generating 10x synthetic data with GMM ===]
      -> [KNN + GMM @ 10x] Acc: 0.8988, F1: 0.8986, Time: 0.33s
      -> [RandomForest + GMM @ 10x] Acc: 0.8771, F1: 0.8774, Time: 15.07s
      -> [LinearSVC + GMM @ 10x] Acc: 0.7714, F1: 0.7703, Time: 2.89s
      -> [LogisticRegression + GMM @ 10x] Acc: 0.8858, F1: 0.8863, Time: 4.46s
      -> [RNN + GMM @ 10x] Acc: 0.7744, F1: 0.7386, Time: 7.54s
    [=== Generating 2x synthetic data with HMM_GMM ===]
      -> [KNN + HMM_GMM @ 2x] Acc: 0.8949, F1: 0.8937, Time: 0.19s
      -> [RandomForest + HMM_GMM @ 2x] Acc: 0.8781, F1: 0.8770, Time: 3.58s
      -> [LinearSVC + HMM_GMM @ 2x] Acc: 0.7007, F1: 0.6797, Time: 0.40s
      -> [LogisticRegression + HMM_GMM @ 2x] Acc: 0.7686, F1: 0.7638, Time: 1.53s
      -> [RNN + HMM_GMM @ 2x] Acc: 0.4060, F1: 0.2969, Time: 1.38s
    [=== Generating 3x synthetic data with HMM_GMM ===]
      -> [KNN + HMM_GMM @ 3x] Acc: 0.8949, F1: 0.8937, Time: 0.23s
      -> [RandomForest + HMM_GMM @ 3x] Acc: 0.8792, F1: 0.8780, Time: 4.47s
      -> [LinearSVC + HMM_GMM @ 3x] Acc: 0.6550, F1: 0.6368, Time: 0.61s
      -> [LogisticRegression + HMM_GMM @ 3x] Acc: 0.7371, F1: 0.7295, Time: 2.38s
      -> [RNN + HMM_GMM @ 3x] Acc: 0.3985, F1: 0.3074, Time: 2.57s
    [=== Generating 5x synthetic data with HMM_GMM ===]
      -> [KNN + HMM_GMM @ 5x] Acc: 0.8959, F1: 0.8947, Time: 0.30s
      -> [RandomForest + HMM_GMM @ 5x] Acc: 0.8797, F1: 0.8787, Time: 5.45s
      -> [LinearSVC + HMM_GMM @ 5x] Acc: 0.6513, F1: 0.6286, Time: 1.06s
      -> [LogisticRegression + HMM_GMM @ 5x] Acc: 0.7123, F1: 0.7037, Time: 3.97s
      -> [RNN + HMM_GMM @ 5x] Acc: 0.4586, F1: 0.3922, Time: 3.49s
    [=== Generating 10x synthetic data with HMM_GMM ===]
      -> [KNN + HMM_GMM @ 10x] Acc: 0.8906, F1: 0.8894, Time: 0.34s
      -> [RandomForest + HMM_GMM @ 10x] Acc: 0.8794, F1: 0.8778, Time: 4.89s
      -> [LinearSVC + HMM_GMM @ 10x] Acc: 0.6310, F1: 0.6087, Time: 1.99s
      -> [LogisticRegression + HMM_GMM @ 10x] Acc: 0.6981, F1: 0.6872, Time: 4.32s
      -> [RNN + HMM_GMM @ 10x] Acc: 0.3308, F1: 0.2615, Time: 6.95s

    >> Seed Fold Selection: 6/10
    Evaluating Model: KNN
      -> [Baseline] Acc: 0.8993, F1: 0.8970, Time: 0.63s
      HP Tuning KNN...
n_iterations: 3
n_required_iterations: 3
n_possible_iterations: 5
min_resources_: 190
max_resources_: 19000
aggressive_elimination: False
factor: 3
----------
iter: 0
n_candidates: 20
n_resources: 190
Fitting 5 folds for each of 20 candidates, totalling 100 fits
----------
iter: 1
n_candidates: 7
n_resources: 570
Fitting 5 folds for each of 7 candidates, totalling 35 fits
----------
iter: 2
n_candidates: 3
n_resources: 1710
Fitting 5 folds for each of 3 candidates, totalling 15 fits
      -> [Tuned_Baseline] Acc: 0.9008, F1: 0.8984, Time: 0.12s
    Evaluating Model: RandomForest
      -> [Baseline] Acc: 0.8687, F1: 0.8652, Time: 4.75s
      HP Tuning RandomForest...
n_iterations: 3
n_required_iterations: 3
n_possible_iterations: 5
min_resources_: 190
max_resources_: 19000
aggressive_elimination: False
factor: 3
----------
iter: 0
n_candidates: 20
n_resources: 190
Fitting 5 folds for each of 20 candidates, totalling 100 fits
----------
iter: 1
n_candidates: 7
n_resources: 570
Fitting 5 folds for each of 7 candidates, totalling 35 fits
----------
iter: 2
n_candidates: 3
n_resources: 1710
Fitting 5 folds for each of 3 candidates, totalling 15 fits
      -> [Tuned_Baseline] Acc: 0.8663, F1: 0.8630, Time: 0.09s
    Evaluating Model: LinearSVC
      -> [Baseline] Acc: 0.7138, F1: 0.6941, Time: 0.20s
      HP Tuning LinearSVC...
n_iterations: 3
n_required_iterations: 3
n_possible_iterations: 5
min_resources_: 190
max_resources_: 19000
aggressive_elimination: False
factor: 3
----------
iter: 0
n_candidates: 20
n_resources: 190
Fitting 5 folds for each of 20 candidates, totalling 100 fits
----------
iter: 1
n_candidates: 7
n_resources: 570
Fitting 5 folds for each of 7 candidates, totalling 35 fits
----------
iter: 2
n_candidates: 3
n_resources: 1710
Fitting 5 folds for each of 3 candidates, totalling 15 fits
      -> [Tuned_Baseline] Acc: 0.7091, F1: 0.6905, Time: 0.00s
    Evaluating Model: LogisticRegression
      -> [Baseline] Acc: 0.8268, F1: 0.8156, Time: 0.80s
      HP Tuning LogisticRegression...
n_iterations: 3
n_required_iterations: 3
n_possible_iterations: 5
min_resources_: 190
max_resources_: 19000
aggressive_elimination: False
factor: 3
----------
iter: 0
n_candidates: 12
n_resources: 190
Fitting 5 folds for each of 12 candidates, totalling 60 fits
----------
iter: 1
n_candidates: 4
n_resources: 570
Fitting 5 folds for each of 4 candidates, totalling 20 fits
----------
iter: 2
n_candidates: 2
n_resources: 1710
Fitting 5 folds for each of 2 candidates, totalling 10 fits
      -> [Tuned_Baseline] Acc: 0.8396, F1: 0.8308, Time: 0.00s
    Evaluating Model: RNN
      -> [Baseline] Acc: 0.2857, F1: 0.1814, Time: 0.75s
      -> [Tuned_Baseline] Acc: 0.2857, F1: 0.1814, Time: 0.01s
    [=== Generating 2x synthetic data with Jittering ===]
      -> [KNN + Jittering @ 2x] Acc: 0.9015, F1: 0.8991, Time: 0.18s
      -> [RandomForest + Jittering @ 2x] Acc: 0.8885, F1: 0.8855, Time: 10.37s
      -> [LinearSVC + Jittering @ 2x] Acc: 0.7196, F1: 0.7003, Time: 0.44s
      -> [LogisticRegression + Jittering @ 2x] Acc: 0.8395, F1: 0.8306, Time: 1.58s
      -> [RNN + Jittering @ 2x] Acc: 0.4135, F1: 0.2909, Time: 1.39s
    [=== Generating 3x synthetic data with Jittering ===]
      -> [KNN + Jittering @ 3x] Acc: 0.9009, F1: 0.8983, Time: 0.21s
      -> [RandomForest + Jittering @ 3x] Acc: 0.8938, F1: 0.8908, Time: 16.17s
      -> [LinearSVC + Jittering @ 3x] Acc: 0.7171, F1: 0.6975, Time: 0.69s
      -> [LogisticRegression + Jittering @ 3x] Acc: 0.8388, F1: 0.8274, Time: 2.38s
      -> [RNN + Jittering @ 3x] Acc: 0.6165, F1: 0.5457, Time: 2.40s
    [=== Generating 5x synthetic data with Jittering ===]
      -> [KNN + Jittering @ 5x] Acc: 0.8992, F1: 0.8968, Time: 0.29s
      -> [RandomForest + Jittering @ 5x] Acc: 0.8917, F1: 0.8888, Time: 29.01s
      -> [LinearSVC + Jittering @ 5x] Acc: 0.7211, F1: 0.7014, Time: 1.29s
      -> [LogisticRegression + Jittering @ 5x] Acc: 0.8354, F1: 0.8239, Time: 4.02s
      -> [RNN + Jittering @ 5x] Acc: 0.7293, F1: 0.6873, Time: 3.72s
    [=== Generating 10x synthetic data with Jittering ===]
      -> [KNN + Jittering @ 10x] Acc: 0.9026, F1: 0.9001, Time: 0.32s
      -> [RandomForest + Jittering @ 10x] Acc: 0.8883, F1: 0.8849, Time: 31.60s
      -> [LinearSVC + Jittering @ 10x] Acc: 0.7203, F1: 0.7004, Time: 6.60s
      -> [LogisticRegression + Jittering @ 10x] Acc: 0.8321, F1: 0.8185, Time: 5.17s
      -> [RNN + Jittering @ 10x] Acc: 0.8421, F1: 0.8101, Time: 7.61s
    [=== Generating 2x synthetic data with Scaling ===]
      -> [KNN + Scaling @ 2x] Acc: 0.9025, F1: 0.9003, Time: 0.18s
      -> [RandomForest + Scaling @ 2x] Acc: 0.8700, F1: 0.8662, Time: 10.14s
      -> [LinearSVC + Scaling @ 2x] Acc: 0.6886, F1: 0.6649, Time: 0.41s
      -> [LogisticRegression + Scaling @ 2x] Acc: 0.8222, F1: 0.8126, Time: 1.59s
      -> [RNN + Scaling @ 2x] Acc: 0.4662, F1: 0.3531, Time: 1.52s
    [=== Generating 3x synthetic data with Scaling ===]
      -> [KNN + Scaling @ 3x] Acc: 0.8926, F1: 0.8899, Time: 0.21s
      -> [RandomForest + Scaling @ 3x] Acc: 0.8805, F1: 0.8763, Time: 15.98s
      -> [LinearSVC + Scaling @ 3x] Acc: 0.7133, F1: 0.6840, Time: 0.62s
      -> [LogisticRegression + Scaling @ 3x] Acc: 0.8117, F1: 0.7988, Time: 2.35s
      -> [RNN + Scaling @ 3x] Acc: 0.6617, F1: 0.6042, Time: 2.14s
    [=== Generating 5x synthetic data with Scaling ===]
      -> [KNN + Scaling @ 5x] Acc: 0.8841, F1: 0.8814, Time: 0.29s
      -> [RandomForest + Scaling @ 5x] Acc: 0.8784, F1: 0.8753, Time: 30.07s
      -> [LinearSVC + Scaling @ 5x] Acc: 0.7149, F1: 0.6872, Time: 1.04s
      -> [LogisticRegression + Scaling @ 5x] Acc: 0.8341, F1: 0.8261, Time: 3.99s
      -> [RNN + Scaling @ 5x] Acc: 0.7143, F1: 0.6665, Time: 3.62s
    [=== Generating 10x synthetic data with Scaling ===]
      -> [KNN + Scaling @ 10x] Acc: 0.8904, F1: 0.8870, Time: 0.35s
      -> [RandomForest + Scaling @ 10x] Acc: 0.8866, F1: 0.8828, Time: 32.44s
      -> [LinearSVC + Scaling @ 10x] Acc: 0.7161, F1: 0.6844, Time: 5.39s
      -> [LogisticRegression + Scaling @ 10x] Acc: 0.8284, F1: 0.8164, Time: 5.67s
      -> [RNN + Scaling @ 10x] Acc: 0.7594, F1: 0.7112, Time: 6.92s
    [=== Generating 2x synthetic data with Magnitude_Warping ===]
      -> [KNN + Magnitude_Warping @ 2x] Acc: 0.8873, F1: 0.8846, Time: 0.19s
      -> [RandomForest + Magnitude_Warping @ 2x] Acc: 0.8767, F1: 0.8732, Time: 10.61s
      -> [LinearSVC + Magnitude_Warping @ 2x] Acc: 0.6929, F1: 0.6603, Time: 0.39s
      -> [LogisticRegression + Magnitude_Warping @ 2x] Acc: 0.8032, F1: 0.7920, Time: 1.51s
      -> [RNN + Magnitude_Warping @ 2x] Acc: 0.6090, F1: 0.5319, Time: 1.51s
    [=== Generating 3x synthetic data with Magnitude_Warping ===]
      -> [KNN + Magnitude_Warping @ 3x] Acc: 0.8989, F1: 0.8968, Time: 0.23s
      -> [RandomForest + Magnitude_Warping @ 3x] Acc: 0.8809, F1: 0.8769, Time: 17.01s
      -> [LinearSVC + Magnitude_Warping @ 3x] Acc: 0.6968, F1: 0.6605, Time: 0.59s
      -> [LogisticRegression + Magnitude_Warping @ 3x] Acc: 0.7967, F1: 0.7865, Time: 2.43s
      -> [RNN + Magnitude_Warping @ 3x] Acc: 0.3383, F1: 0.2406, Time: 2.16s
    [=== Generating 5x synthetic data with Magnitude_Warping ===]
      -> [KNN + Magnitude_Warping @ 5x] Acc: 0.8795, F1: 0.8758, Time: 0.31s
      -> [RandomForest + Magnitude_Warping @ 5x] Acc: 0.8702, F1: 0.8661, Time: 30.80s
      -> [LinearSVC + Magnitude_Warping @ 5x] Acc: 0.6824, F1: 0.6406, Time: 1.13s
      -> [LogisticRegression + Magnitude_Warping @ 5x] Acc: 0.7819, F1: 0.7711, Time: 4.09s
      -> [RNN + Magnitude_Warping @ 5x] Acc: 0.5789, F1: 0.5119, Time: 3.59s
    [=== Generating 10x synthetic data with Magnitude_Warping ===]
      -> [KNN + Magnitude_Warping @ 10x] Acc: 0.8830, F1: 0.8800, Time: 0.38s
      -> [RandomForest + Magnitude_Warping @ 10x] Acc: 0.8802, F1: 0.8757, Time: 34.83s
      -> [LinearSVC + Magnitude_Warping @ 10x] Acc: 0.6916, F1: 0.6547, Time: 4.73s
      -> [LogisticRegression + Magnitude_Warping @ 10x] Acc: 0.7799, F1: 0.7693, Time: 5.46s
      -> [RNN + Magnitude_Warping @ 10x] Acc: 0.7970, F1: 0.7700, Time: 7.59s
    [=== Generating 2x synthetic data with Time_Warping ===]
      -> [KNN + Time_Warping @ 2x] Acc: 0.9003, F1: 0.8980, Time: 0.19s
      -> [RandomForest + Time_Warping @ 2x] Acc: 0.8495, F1: 0.8459, Time: 9.94s
      -> [LinearSVC + Time_Warping @ 2x] Acc: 0.6956, F1: 0.6635, Time: 0.40s
      -> [LogisticRegression + Time_Warping @ 2x] Acc: 0.8068, F1: 0.7968, Time: 1.60s
      -> [RNN + Time_Warping @ 2x] Acc: 0.3985, F1: 0.2908, Time: 1.62s
    [=== Generating 3x synthetic data with Time_Warping ===]
      -> [KNN + Time_Warping @ 3x] Acc: 0.8898, F1: 0.8865, Time: 0.23s
      -> [RandomForest + Time_Warping @ 3x] Acc: 0.8383, F1: 0.8334, Time: 15.67s
      -> [LinearSVC + Time_Warping @ 3x] Acc: 0.6917, F1: 0.6608, Time: 0.61s
      -> [LogisticRegression + Time_Warping @ 3x] Acc: 0.7926, F1: 0.7833, Time: 2.32s
      -> [RNN + Time_Warping @ 3x] Acc: 0.6241, F1: 0.5632, Time: 1.99s
    [=== Generating 5x synthetic data with Time_Warping ===]
      -> [KNN + Time_Warping @ 5x] Acc: 0.8802, F1: 0.8771, Time: 0.31s
      -> [RandomForest + Time_Warping @ 5x] Acc: 0.8349, F1: 0.8319, Time: 28.50s
      -> [LinearSVC + Time_Warping @ 5x] Acc: 0.6944, F1: 0.6641, Time: 1.21s
      -> [LogisticRegression + Time_Warping @ 5x] Acc: 0.7865, F1: 0.7768, Time: 4.00s
      -> [RNN + Time_Warping @ 5x] Acc: 0.4436, F1: 0.3530, Time: 3.81s
    [=== Generating 10x synthetic data with Time_Warping ===]
      -> [KNN + Time_Warping @ 10x] Acc: 0.8714, F1: 0.8677, Time: 0.38s
      -> [RandomForest + Time_Warping @ 10x] Acc: 0.8223, F1: 0.8187, Time: 31.83s
      -> [LinearSVC + Time_Warping @ 10x] Acc: 0.6921, F1: 0.6587, Time: 3.94s
      -> [LogisticRegression + Time_Warping @ 10x] Acc: 0.7880, F1: 0.7782, Time: 5.24s
      -> [RNN + Time_Warping @ 10x] Acc: 0.7218, F1: 0.6830, Time: 7.50s
    [=== Generating 2x synthetic data with SMOTE ===]
      -> [KNN + SMOTE @ 2x] Acc: 0.8974, F1: 0.8954, Time: 0.17s
      -> [RandomForest + SMOTE @ 2x] Acc: 0.8567, F1: 0.8545, Time: 9.79s
      -> [LinearSVC + SMOTE @ 2x] Acc: 0.6917, F1: 0.6739, Time: 0.43s
      -> [LogisticRegression + SMOTE @ 2x] Acc: 0.8232, F1: 0.8141, Time: 1.50s
      -> [RNN + SMOTE @ 2x] Acc: 0.2331, F1: 0.1451, Time: 1.47s
    [=== Generating 3x synthetic data with SMOTE ===]
      -> [KNN + SMOTE @ 3x] Acc: 0.9079, F1: 0.9064, Time: 0.19s
      -> [RandomForest + SMOTE @ 3x] Acc: 0.8675, F1: 0.8652, Time: 15.71s
      -> [LinearSVC + SMOTE @ 3x] Acc: 0.6907, F1: 0.6771, Time: 0.67s
      -> [LogisticRegression + SMOTE @ 3x] Acc: 0.8272, F1: 0.8217, Time: 2.37s
      -> [RNN + SMOTE @ 3x] Acc: 0.5414, F1: 0.4500, Time: 2.13s
    [=== Generating 5x synthetic data with SMOTE ===]
      -> [KNN + SMOTE @ 5x] Acc: 0.9026, F1: 0.9008, Time: 0.26s
      -> [RandomForest + SMOTE @ 5x] Acc: 0.8664, F1: 0.8644, Time: 27.40s
      -> [LinearSVC + SMOTE @ 5x] Acc: 0.6822, F1: 0.6654, Time: 1.16s
      -> [LogisticRegression + SMOTE @ 5x] Acc: 0.8265, F1: 0.8200, Time: 3.81s
      -> [RNN + SMOTE @ 5x] Acc: 0.6767, F1: 0.6283, Time: 3.56s
    [=== Generating 10x synthetic data with SMOTE ===]
      -> [KNN + SMOTE @ 10x] Acc: 0.9071, F1: 0.9057, Time: 0.29s
      -> [RandomForest + SMOTE @ 10x] Acc: 0.8724, F1: 0.8707, Time: 30.17s
      -> [LinearSVC + SMOTE @ 10x] Acc: 0.6954, F1: 0.6801, Time: 2.49s
      -> [LogisticRegression + SMOTE @ 10x] Acc: 0.8301, F1: 0.8252, Time: 4.34s
      -> [RNN + SMOTE @ 10x] Acc: 0.8195, F1: 0.7994, Time: 7.27s
    [=== Generating 2x synthetic data with ADASYN ===]
      [!] Failed generation with ADASYN at 2x: Not any neigbours belong to the majority class. This case will induce a NaN case with a division by zero. ADASYN is not suited for this specific dataset. Use SMOTE instead.
    [=== Generating 3x synthetic data with ADASYN ===]
      [!] Failed generation with ADASYN at 3x: Not any neigbours belong to the majority class. This case will induce a NaN case with a division by zero. ADASYN is not suited for this specific dataset. Use SMOTE instead.
    [=== Generating 5x synthetic data with ADASYN ===]
      [!] Failed generation with ADASYN at 5x: Not any neigbours belong to the majority class. This case will induce a NaN case with a division by zero. ADASYN is not suited for this specific dataset. Use SMOTE instead.
    [=== Generating 10x synthetic data with ADASYN ===]
      [!] Failed generation with ADASYN at 10x: Not any neigbours belong to the majority class. This case will induce a NaN case with a division by zero. ADASYN is not suited for this specific dataset. Use SMOTE instead.
    [=== Generating 2x synthetic data with Mixup ===]
      -> [KNN + Mixup @ 2x] Acc: 0.9001, F1: 0.8981, Time: 0.17s
      -> [RandomForest + Mixup @ 2x] Acc: 0.8650, F1: 0.8631, Time: 9.60s
      -> [LinearSVC + Mixup @ 2x] Acc: 0.6968, F1: 0.6748, Time: 0.43s
      -> [LogisticRegression + Mixup @ 2x] Acc: 0.8346, F1: 0.8269, Time: 1.53s
      -> [RNN + Mixup @ 2x] Acc: 0.4586, F1: 0.3674, Time: 1.43s
    [=== Generating 3x synthetic data with Mixup ===]
      -> [KNN + Mixup @ 3x] Acc: 0.9019, F1: 0.9002, Time: 0.19s
      -> [RandomForest + Mixup @ 3x] Acc: 0.8628, F1: 0.8607, Time: 15.18s
      -> [LinearSVC + Mixup @ 3x] Acc: 0.7073, F1: 0.6868, Time: 0.64s
      -> [LogisticRegression + Mixup @ 3x] Acc: 0.8457, F1: 0.8368, Time: 2.33s
      -> [RNN + Mixup @ 3x] Acc: 0.3233, F1: 0.2284, Time: 2.26s
    [=== Generating 5x synthetic data with Mixup ===]
      -> [KNN + Mixup @ 5x] Acc: 0.8992, F1: 0.8970, Time: 0.26s
      -> [RandomForest + Mixup @ 5x] Acc: 0.8735, F1: 0.8715, Time: 25.53s
      -> [LinearSVC + Mixup @ 5x] Acc: 0.7015, F1: 0.6798, Time: 1.15s
      -> [LogisticRegression + Mixup @ 5x] Acc: 0.8377, F1: 0.8318, Time: 4.07s
      -> [RNN + Mixup @ 5x] Acc: 0.6992, F1: 0.6545, Time: 3.53s
    [=== Generating 10x synthetic data with Mixup ===]
      -> [KNN + Mixup @ 10x] Acc: 0.9060, F1: 0.9041, Time: 0.29s
      -> [RandomForest + Mixup @ 10x] Acc: 0.8702, F1: 0.8690, Time: 28.91s
      -> [LinearSVC + Mixup @ 10x] Acc: 0.7053, F1: 0.6867, Time: 2.42s
      -> [LogisticRegression + Mixup @ 10x] Acc: 0.8371, F1: 0.8316, Time: 4.43s
      -> [RNN + Mixup @ 10x] Acc: 0.7519, F1: 0.7099, Time: 7.21s
    [=== Generating 2x synthetic data with GMM ===]
      -> [KNN + GMM @ 2x] Acc: 0.9014, F1: 0.8990, Time: 0.17s
      -> [RandomForest + GMM @ 2x] Acc: 0.8630, F1: 0.8599, Time: 10.19s
      -> [LinearSVC + GMM @ 2x] Acc: 0.7152, F1: 0.6901, Time: 0.43s
      -> [LogisticRegression + GMM @ 2x] Acc: 0.8306, F1: 0.8160, Time: 1.56s
      -> [RNN + GMM @ 2x] Acc: 0.5414, F1: 0.4574, Time: 1.45s
    [=== Generating 3x synthetic data with GMM ===]
      -> [KNN + GMM @ 3x] Acc: 0.8978, F1: 0.8953, Time: 0.21s
      -> [RandomForest + GMM @ 3x] Acc: 0.8669, F1: 0.8641, Time: 15.84s
      -> [LinearSVC + GMM @ 3x] Acc: 0.7167, F1: 0.6905, Time: 0.64s
      -> [LogisticRegression + GMM @ 3x] Acc: 0.8374, F1: 0.8239, Time: 2.28s
      -> [RNN + GMM @ 3x] Acc: 0.5489, F1: 0.4810, Time: 2.28s
    [=== Generating 5x synthetic data with GMM ===]
      -> [KNN + GMM @ 5x] Acc: 0.8936, F1: 0.8909, Time: 0.29s
      -> [RandomForest + GMM @ 5x] Acc: 0.8617, F1: 0.8582, Time: 27.56s
      -> [LinearSVC + GMM @ 5x] Acc: 0.7118, F1: 0.6853, Time: 1.19s
      -> [LogisticRegression + GMM @ 5x] Acc: 0.8269, F1: 0.8128, Time: 3.92s
      -> [RNN + GMM @ 5x] Acc: 0.5789, F1: 0.5126, Time: 3.51s
    [=== Generating 10x synthetic data with GMM ===]
      -> [KNN + GMM @ 10x] Acc: 0.8918, F1: 0.8892, Time: 0.32s
      -> [RandomForest + GMM @ 10x] Acc: 0.8553, F1: 0.8516, Time: 30.84s
      -> [LinearSVC + GMM @ 10x] Acc: 0.7102, F1: 0.6842, Time: 2.86s
      -> [LogisticRegression + GMM @ 10x] Acc: 0.8305, F1: 0.8169, Time: 4.36s
      -> [RNN + GMM @ 10x] Acc: 0.6767, F1: 0.6119, Time: 7.47s
    [=== Generating 2x synthetic data with HMM_GMM ===]
      -> [KNN + HMM_GMM @ 2x] Acc: 0.8851, F1: 0.8826, Time: 0.19s
      -> [RandomForest + HMM_GMM @ 2x] Acc: 0.8638, F1: 0.8614, Time: 7.38s
      -> [LinearSVC + HMM_GMM @ 2x] Acc: 0.6864, F1: 0.6591, Time: 0.42s
      -> [LogisticRegression + HMM_GMM @ 2x] Acc: 0.7786, F1: 0.7726, Time: 1.56s
      -> [RNN + HMM_GMM @ 2x] Acc: 0.4436, F1: 0.3413, Time: 1.39s
    [=== Generating 3x synthetic data with HMM_GMM ===]
      -> [KNN + HMM_GMM @ 3x] Acc: 0.8851, F1: 0.8826, Time: 0.22s
      -> [RandomForest + HMM_GMM @ 3x] Acc: 0.8616, F1: 0.8589, Time: 8.71s
      -> [LinearSVC + HMM_GMM @ 3x] Acc: 0.6538, F1: 0.6278, Time: 0.62s
      -> [LogisticRegression + HMM_GMM @ 3x] Acc: 0.7557, F1: 0.7492, Time: 2.35s
      -> [RNN + HMM_GMM @ 3x] Acc: 0.4511, F1: 0.3492, Time: 2.09s
    [=== Generating 5x synthetic data with HMM_GMM ===]
      -> [KNN + HMM_GMM @ 5x] Acc: 0.8851, F1: 0.8826, Time: 0.29s
      -> [RandomForest + HMM_GMM @ 5x] Acc: 0.8647, F1: 0.8622, Time: 11.55s
      -> [LinearSVC + HMM_GMM @ 5x] Acc: 0.6310, F1: 0.6043, Time: 1.26s
      -> [LogisticRegression + HMM_GMM @ 5x] Acc: 0.7198, F1: 0.7159, Time: 4.09s
      -> [RNN + HMM_GMM @ 5x] Acc: 0.3008, F1: 0.2404, Time: 3.61s
    [=== Generating 10x synthetic data with HMM_GMM ===]
      -> [KNN + HMM_GMM @ 10x] Acc: 0.8741, F1: 0.8709, Time: 0.34s
      -> [RandomForest + HMM_GMM @ 10x] Acc: 0.8584, F1: 0.8552, Time: 9.66s
      -> [LinearSVC + HMM_GMM @ 10x] Acc: 0.6102, F1: 0.5838, Time: 3.08s
      -> [LogisticRegression + HMM_GMM @ 10x] Acc: 0.6829, F1: 0.6799, Time: 4.59s
      -> [RNN + HMM_GMM @ 10x] Acc: 0.3158, F1: 0.2397, Time: 7.66s

    >> Seed Fold Selection: 7/10
    Evaluating Model: KNN
      -> [Baseline] Acc: 0.9411, F1: 0.9406, Time: 0.62s
      HP Tuning KNN...
n_iterations: 3
n_required_iterations: 3
n_possible_iterations: 5
min_resources_: 190
max_resources_: 19000
aggressive_elimination: False
factor: 3
----------
iter: 0
n_candidates: 20
n_resources: 190
Fitting 5 folds for each of 20 candidates, totalling 100 fits
----------
iter: 1
n_candidates: 7
n_resources: 570
Fitting 5 folds for each of 7 candidates, totalling 35 fits
----------
iter: 2
n_candidates: 3
n_resources: 1710
Fitting 5 folds for each of 3 candidates, totalling 15 fits
      -> [Tuned_Baseline] Acc: 0.9408, F1: 0.9403, Time: 0.59s
    Evaluating Model: RandomForest
      -> [Baseline] Acc: 0.9174, F1: 0.9170, Time: 4.66s
      HP Tuning RandomForest...
n_iterations: 3
n_required_iterations: 3
n_possible_iterations: 5
min_resources_: 190
max_resources_: 19000
aggressive_elimination: False
factor: 3
----------
iter: 0
n_candidates: 20
n_resources: 190
Fitting 5 folds for each of 20 candidates, totalling 100 fits
----------
iter: 1
n_candidates: 7
n_resources: 570
Fitting 5 folds for each of 7 candidates, totalling 35 fits
----------
iter: 2
n_candidates: 3
n_resources: 1710
Fitting 5 folds for each of 3 candidates, totalling 15 fits
      -> [Tuned_Baseline] Acc: 0.9194, F1: 0.9190, Time: 0.09s
    Evaluating Model: LinearSVC
      -> [Baseline] Acc: 0.7826, F1: 0.7730, Time: 0.21s
      HP Tuning LinearSVC...
n_iterations: 3
n_required_iterations: 3
n_possible_iterations: 5
min_resources_: 190
max_resources_: 19000
aggressive_elimination: False
factor: 3
----------
iter: 0
n_candidates: 20
n_resources: 190
Fitting 5 folds for each of 20 candidates, totalling 100 fits
----------
iter: 1
n_candidates: 7
n_resources: 570
Fitting 5 folds for each of 7 candidates, totalling 35 fits
----------
iter: 2
n_candidates: 3
n_resources: 1710
Fitting 5 folds for each of 3 candidates, totalling 15 fits
      -> [Tuned_Baseline] Acc: 0.7826, F1: 0.7736, Time: 0.00s
    Evaluating Model: LogisticRegression
      -> [Baseline] Acc: 0.8513, F1: 0.8502, Time: 0.78s
      HP Tuning LogisticRegression...
n_iterations: 3
n_required_iterations: 3
n_possible_iterations: 5
min_resources_: 190
max_resources_: 19000
aggressive_elimination: False
factor: 3
----------
iter: 0
n_candidates: 12
n_resources: 190
Fitting 5 folds for each of 12 candidates, totalling 60 fits
----------
iter: 1
n_candidates: 4
n_resources: 570
Fitting 5 folds for each of 4 candidates, totalling 20 fits
----------
iter: 2
n_candidates: 2
n_resources: 1710
Fitting 5 folds for each of 2 candidates, totalling 10 fits
      -> [Tuned_Baseline] Acc: 0.8632, F1: 0.8630, Time: 0.00s
    Evaluating Model: RNN
      -> [Baseline] Acc: 0.3609, F1: 0.2593, Time: 0.69s
      -> [Tuned_Baseline] Acc: 0.3609, F1: 0.2593, Time: 0.01s
    [=== Generating 2x synthetic data with Jittering ===]
      -> [KNN + Jittering @ 2x] Acc: 0.9376, F1: 0.9370, Time: 0.64s
      -> [RandomForest + Jittering @ 2x] Acc: 0.9310, F1: 0.9304, Time: 10.02s
      -> [LinearSVC + Jittering @ 2x] Acc: 0.7819, F1: 0.7725, Time: 0.42s
      -> [LogisticRegression + Jittering @ 2x] Acc: 0.8662, F1: 0.8664, Time: 1.54s
      -> [RNN + Jittering @ 2x] Acc: 0.4812, F1: 0.3854, Time: 1.52s
    [=== Generating 3x synthetic data with Jittering ===]
      -> [KNN + Jittering @ 3x] Acc: 0.9389, F1: 0.9384, Time: 0.68s
      -> [RandomForest + Jittering @ 3x] Acc: 0.9368, F1: 0.9360, Time: 15.87s
      -> [LinearSVC + Jittering @ 3x] Acc: 0.7802, F1: 0.7706, Time: 0.63s
      -> [LogisticRegression + Jittering @ 3x] Acc: 0.8594, F1: 0.8590, Time: 2.39s
      -> [RNN + Jittering @ 3x] Acc: 0.5489, F1: 0.4468, Time: 2.08s
    [=== Generating 5x synthetic data with Jittering ===]
      -> [KNN + Jittering @ 5x] Acc: 0.9395, F1: 0.9389, Time: 0.74s
      -> [RandomForest + Jittering @ 5x] Acc: 0.9314, F1: 0.9303, Time: 28.33s
      -> [LinearSVC + Jittering @ 5x] Acc: 0.7835, F1: 0.7743, Time: 1.07s
      -> [LogisticRegression + Jittering @ 5x] Acc: 0.8668, F1: 0.8668, Time: 3.88s
      -> [RNN + Jittering @ 5x] Acc: 0.6917, F1: 0.6348, Time: 3.59s
    [=== Generating 10x synthetic data with Jittering ===]
      -> [KNN + Jittering @ 10x] Acc: 0.9381, F1: 0.9375, Time: 0.77s
      -> [RandomForest + Jittering @ 10x] Acc: 0.9311, F1: 0.9302, Time: 30.82s
      -> [LinearSVC + Jittering @ 10x] Acc: 0.7832, F1: 0.7739, Time: 2.45s
      -> [LogisticRegression + Jittering @ 10x] Acc: 0.8644, F1: 0.8647, Time: 5.48s
      -> [RNN + Jittering @ 10x] Acc: 0.7444, F1: 0.7053, Time: 7.46s
    [=== Generating 2x synthetic data with Scaling ===]
      -> [KNN + Scaling @ 2x] Acc: 0.9392, F1: 0.9386, Time: 0.65s
      -> [RandomForest + Scaling @ 2x] Acc: 0.9223, F1: 0.9223, Time: 9.99s
      -> [LinearSVC + Scaling @ 2x] Acc: 0.7741, F1: 0.7629, Time: 0.40s
      -> [LogisticRegression + Scaling @ 2x] Acc: 0.8505, F1: 0.8496, Time: 1.56s
      -> [RNN + Scaling @ 2x] Acc: 0.4361, F1: 0.3824, Time: 1.36s
    [=== Generating 3x synthetic data with Scaling ===]
      -> [KNN + Scaling @ 3x] Acc: 0.9383, F1: 0.9377, Time: 0.67s
      -> [RandomForest + Scaling @ 3x] Acc: 0.9269, F1: 0.9265, Time: 15.63s
      -> [LinearSVC + Scaling @ 3x] Acc: 0.7720, F1: 0.7593, Time: 0.63s
      -> [LogisticRegression + Scaling @ 3x] Acc: 0.8545, F1: 0.8527, Time: 2.30s
      -> [RNN + Scaling @ 3x] Acc: 0.6090, F1: 0.5567, Time: 2.19s
    [=== Generating 5x synthetic data with Scaling ===]
      -> [KNN + Scaling @ 5x] Acc: 0.9285, F1: 0.9275, Time: 0.74s
      -> [RandomForest + Scaling @ 5x] Acc: 0.9370, F1: 0.9363, Time: 26.34s
      -> [LinearSVC + Scaling @ 5x] Acc: 0.7739, F1: 0.7628, Time: 1.13s
      -> [LogisticRegression + Scaling @ 5x] Acc: 0.8590, F1: 0.8595, Time: 3.68s
      -> [RNN + Scaling @ 5x] Acc: 0.6391, F1: 0.5856, Time: 3.54s
    [=== Generating 10x synthetic data with Scaling ===]
      -> [KNN + Scaling @ 10x] Acc: 0.9304, F1: 0.9298, Time: 0.70s
      -> [RandomForest + Scaling @ 10x] Acc: 0.9386, F1: 0.9376, Time: 28.56s
      -> [LinearSVC + Scaling @ 10x] Acc: 0.7760, F1: 0.7622, Time: 5.76s
      -> [LogisticRegression + Scaling @ 10x] Acc: 0.8595, F1: 0.8597, Time: 5.11s
      -> [RNN + Scaling @ 10x] Acc: 0.8271, F1: 0.7897, Time: 6.33s
    [=== Generating 2x synthetic data with Magnitude_Warping ===]
      -> [KNN + Magnitude_Warping @ 2x] Acc: 0.9392, F1: 0.9386, Time: 0.56s
      -> [RandomForest + Magnitude_Warping @ 2x] Acc: 0.9298, F1: 0.9295, Time: 9.45s
      -> [LinearSVC + Magnitude_Warping @ 2x] Acc: 0.7235, F1: 0.7033, Time: 0.36s
      -> [LogisticRegression + Magnitude_Warping @ 2x] Acc: 0.8423, F1: 0.8424, Time: 1.49s
      -> [RNN + Magnitude_Warping @ 2x] Acc: 0.4361, F1: 0.3514, Time: 1.29s
    [=== Generating 3x synthetic data with Magnitude_Warping ===]
      -> [KNN + Magnitude_Warping @ 3x] Acc: 0.9338, F1: 0.9328, Time: 0.58s
      -> [RandomForest + Magnitude_Warping @ 3x] Acc: 0.9380, F1: 0.9377, Time: 15.55s
      -> [LinearSVC + Magnitude_Warping @ 3x] Acc: 0.7175, F1: 0.6934, Time: 0.54s
      -> [LogisticRegression + Magnitude_Warping @ 3x] Acc: 0.8417, F1: 0.8422, Time: 2.17s
      -> [RNN + Magnitude_Warping @ 3x] Acc: 0.6090, F1: 0.5631, Time: 2.02s
    [=== Generating 5x synthetic data with Magnitude_Warping ===]
      -> [KNN + Magnitude_Warping @ 5x] Acc: 0.9277, F1: 0.9270, Time: 0.65s
      -> [RandomForest + Magnitude_Warping @ 5x] Acc: 0.9280, F1: 0.9273, Time: 27.88s
      -> [LinearSVC + Magnitude_Warping @ 5x] Acc: 0.7064, F1: 0.6783, Time: 1.00s
      -> [LogisticRegression + Magnitude_Warping @ 5x] Acc: 0.8332, F1: 0.8304, Time: 3.70s
      -> [RNN + Magnitude_Warping @ 5x] Acc: 0.6015, F1: 0.5362, Time: 3.23s
    [=== Generating 10x synthetic data with Magnitude_Warping ===]
      -> [KNN + Magnitude_Warping @ 10x] Acc: 0.9140, F1: 0.9137, Time: 0.70s
      -> [RandomForest + Magnitude_Warping @ 10x] Acc: 0.9323, F1: 0.9318, Time: 30.94s
      -> [LinearSVC + Magnitude_Warping @ 10x] Acc: 0.7173, F1: 0.6931, Time: 4.64s
      -> [LogisticRegression + Magnitude_Warping @ 10x] Acc: 0.8343, F1: 0.8326, Time: 5.06s
      -> [RNN + Magnitude_Warping @ 10x] Acc: 0.8346, F1: 0.7987, Time: 6.54s
    [=== Generating 2x synthetic data with Time_Warping ===]
      -> [KNN + Time_Warping @ 2x] Acc: 0.9348, F1: 0.9341, Time: 0.55s
      -> [RandomForest + Time_Warping @ 2x] Acc: 0.9045, F1: 0.9036, Time: 8.86s
      -> [LinearSVC + Time_Warping @ 2x] Acc: 0.7541, F1: 0.7439, Time: 0.37s
      -> [LogisticRegression + Time_Warping @ 2x] Acc: 0.8335, F1: 0.8320, Time: 1.35s
      -> [RNN + Time_Warping @ 2x] Acc: 0.4887, F1: 0.3828, Time: 1.34s
    [=== Generating 3x synthetic data with Time_Warping ===]
      -> [KNN + Time_Warping @ 3x] Acc: 0.9323, F1: 0.9318, Time: 0.59s
      -> [RandomForest + Time_Warping @ 3x] Acc: 0.8998, F1: 0.8993, Time: 14.00s
      -> [LinearSVC + Time_Warping @ 3x] Acc: 0.7308, F1: 0.7168, Time: 0.56s
      -> [LogisticRegression + Time_Warping @ 3x] Acc: 0.8299, F1: 0.8291, Time: 2.06s
      -> [RNN + Time_Warping @ 3x] Acc: 0.4662, F1: 0.3908, Time: 1.97s
    [=== Generating 5x synthetic data with Time_Warping ===]
      -> [KNN + Time_Warping @ 5x] Acc: 0.9176, F1: 0.9168, Time: 0.64s
      -> [RandomForest + Time_Warping @ 5x] Acc: 0.8892, F1: 0.8889, Time: 25.14s
      -> [LinearSVC + Time_Warping @ 5x] Acc: 0.7365, F1: 0.7244, Time: 0.93s
      -> [LogisticRegression + Time_Warping @ 5x] Acc: 0.8268, F1: 0.8249, Time: 3.64s
      -> [RNN + Time_Warping @ 5x] Acc: 0.5639, F1: 0.5129, Time: 3.23s
    [=== Generating 10x synthetic data with Time_Warping ===]
      -> [KNN + Time_Warping @ 10x] Acc: 0.9127, F1: 0.9119, Time: 0.70s
      -> [RandomForest + Time_Warping @ 10x] Acc: 0.8800, F1: 0.8796, Time: 27.50s
      -> [LinearSVC + Time_Warping @ 10x] Acc: 0.7195, F1: 0.7033, Time: 2.94s
      -> [LogisticRegression + Time_Warping @ 10x] Acc: 0.8179, F1: 0.8165, Time: 4.07s
      -> [RNN + Time_Warping @ 10x] Acc: 0.7519, F1: 0.7514, Time: 6.26s
    [=== Generating 2x synthetic data with SMOTE ===]
      -> [KNN + SMOTE @ 2x] Acc: 0.9435, F1: 0.9430, Time: 0.54s
      -> [RandomForest + SMOTE @ 2x] Acc: 0.9185, F1: 0.9184, Time: 8.64s
      -> [LinearSVC + SMOTE @ 2x] Acc: 0.7783, F1: 0.7711, Time: 0.37s
      -> [LogisticRegression + SMOTE @ 2x] Acc: 0.8674, F1: 0.8672, Time: 1.37s
      -> [RNN + SMOTE @ 2x] Acc: 0.4962, F1: 0.4089, Time: 1.60s
    [=== Generating 3x synthetic data with SMOTE ===]
      -> [KNN + SMOTE @ 3x] Acc: 0.9533, F1: 0.9525, Time: 0.57s
      -> [RandomForest + SMOTE @ 3x] Acc: 0.9178, F1: 0.9175, Time: 13.48s
      -> [LinearSVC + SMOTE @ 3x] Acc: 0.7845, F1: 0.7778, Time: 0.57s
      -> [LogisticRegression + SMOTE @ 3x] Acc: 0.8584, F1: 0.8577, Time: 2.01s
      -> [RNN + SMOTE @ 3x] Acc: 0.6692, F1: 0.6236, Time: 1.76s
    [=== Generating 5x synthetic data with SMOTE ===]
      -> [KNN + SMOTE @ 5x] Acc: 0.9435, F1: 0.9428, Time: 0.62s
      -> [RandomForest + SMOTE @ 5x] Acc: 0.9117, F1: 0.9119, Time: 23.55s
      -> [LinearSVC + SMOTE @ 5x] Acc: 0.7731, F1: 0.7664, Time: 1.04s
      -> [LogisticRegression + SMOTE @ 5x] Acc: 0.8609, F1: 0.8597, Time: 3.63s
      -> [RNN + SMOTE @ 5x] Acc: 0.4962, F1: 0.4172, Time: 3.36s
    [=== Generating 10x synthetic data with SMOTE ===]
      -> [KNN + SMOTE @ 10x] Acc: 0.9462, F1: 0.9455, Time: 0.65s
      -> [RandomForest + SMOTE @ 10x] Acc: 0.9155, F1: 0.9158, Time: 25.53s
      -> [LinearSVC + SMOTE @ 10x] Acc: 0.7855, F1: 0.7808, Time: 1.87s
      -> [LogisticRegression + SMOTE @ 10x] Acc: 0.8586, F1: 0.8573, Time: 3.94s
      -> [RNN + SMOTE @ 10x] Acc: 0.7744, F1: 0.7624, Time: 6.30s
    [=== Generating 2x synthetic data with ADASYN ===]
      [!] Failed generation with ADASYN at 2x: Not any neigbours belong to the majority class. This case will induce a NaN case with a division by zero. ADASYN is not suited for this specific dataset. Use SMOTE instead.
    [=== Generating 3x synthetic data with ADASYN ===]
      [!] Failed generation with ADASYN at 3x: Not any neigbours belong to the majority class. This case will induce a NaN case with a division by zero. ADASYN is not suited for this specific dataset. Use SMOTE instead.
    [=== Generating 5x synthetic data with ADASYN ===]
      [!] Failed generation with ADASYN at 5x: Not any neigbours belong to the majority class. This case will induce a NaN case with a division by zero. ADASYN is not suited for this specific dataset. Use SMOTE instead.
    [=== Generating 10x synthetic data with ADASYN ===]
      [!] Failed generation with ADASYN at 10x: Not any neigbours belong to the majority class. This case will induce a NaN case with a division by zero. ADASYN is not suited for this specific dataset. Use SMOTE instead.
    [=== Generating 2x synthetic data with Mixup ===]
      -> [KNN + Mixup @ 2x] Acc: 0.9311, F1: 0.9306, Time: 0.54s
      -> [RandomForest + Mixup @ 2x] Acc: 0.9107, F1: 0.9102, Time: 8.43s
      -> [LinearSVC + Mixup @ 2x] Acc: 0.7741, F1: 0.7636, Time: 0.39s
      -> [LogisticRegression + Mixup @ 2x] Acc: 0.8655, F1: 0.8643, Time: 1.36s
      -> [RNN + Mixup @ 2x] Acc: 0.5188, F1: 0.4150, Time: 1.25s
    [=== Generating 3x synthetic data with Mixup ===]
      -> [KNN + Mixup @ 3x] Acc: 0.9562, F1: 0.9558, Time: 0.57s
      -> [RandomForest + Mixup @ 3x] Acc: 0.9258, F1: 0.9267, Time: 12.80s
      -> [LinearSVC + Mixup @ 3x] Acc: 0.7923, F1: 0.7852, Time: 0.59s
      -> [LogisticRegression + Mixup @ 3x] Acc: 0.8605, F1: 0.8600, Time: 2.05s
      -> [RNN + Mixup @ 3x] Acc: 0.4135, F1: 0.3523, Time: 2.00s
    [=== Generating 5x synthetic data with Mixup ===]
      -> [KNN + Mixup @ 5x] Acc: 0.9427, F1: 0.9421, Time: 0.61s
      -> [RandomForest + Mixup @ 5x] Acc: 0.9231, F1: 0.9234, Time: 22.28s
      -> [LinearSVC + Mixup @ 5x] Acc: 0.7904, F1: 0.7813, Time: 0.97s
      -> [LogisticRegression + Mixup @ 5x] Acc: 0.8678, F1: 0.8671, Time: 3.38s
      -> [RNN + Mixup @ 5x] Acc: 0.6316, F1: 0.5676, Time: 3.16s
    [=== Generating 10x synthetic data with Mixup ===]
      -> [KNN + Mixup @ 10x] Acc: 0.9417, F1: 0.9409, Time: 0.66s
      -> [RandomForest + Mixup @ 10x] Acc: 0.9184, F1: 0.9192, Time: 24.71s
      -> [LinearSVC + Mixup @ 10x] Acc: 0.7824, F1: 0.7756, Time: 1.86s
      -> [LogisticRegression + Mixup @ 10x] Acc: 0.8580, F1: 0.8575, Time: 3.92s
      -> [RNN + Mixup @ 10x] Acc: 0.8421, F1: 0.8062, Time: 6.20s
    [=== Generating 2x synthetic data with GMM ===]
      -> [KNN + GMM @ 2x] Acc: 0.9368, F1: 0.9363, Time: 0.55s
      -> [RandomForest + GMM @ 2x] Acc: 0.9153, F1: 0.9147, Time: 9.02s
      -> [LinearSVC + GMM @ 2x] Acc: 0.7727, F1: 0.7625, Time: 0.39s
      -> [LogisticRegression + GMM @ 2x] Acc: 0.8656, F1: 0.8655, Time: 1.31s
      -> [RNN + GMM @ 2x] Acc: 0.4135, F1: 0.2731, Time: 1.15s
    [=== Generating 3x synthetic data with GMM ===]
      -> [KNN + GMM @ 3x] Acc: 0.9363, F1: 0.9358, Time: 0.57s
      -> [RandomForest + GMM @ 3x] Acc: 0.9196, F1: 0.9190, Time: 14.24s
      -> [LinearSVC + GMM @ 3x] Acc: 0.7708, F1: 0.7606, Time: 0.59s
      -> [LogisticRegression + GMM @ 3x] Acc: 0.8659, F1: 0.8657, Time: 2.02s
      -> [RNN + GMM @ 3x] Acc: 0.5639, F1: 0.4834, Time: 1.80s
    [=== Generating 5x synthetic data with GMM ===]
      -> [KNN + GMM @ 5x] Acc: 0.9314, F1: 0.9309, Time: 0.64s
      -> [RandomForest + GMM @ 5x] Acc: 0.9108, F1: 0.9108, Time: 25.13s
      -> [LinearSVC + GMM @ 5x] Acc: 0.7735, F1: 0.7635, Time: 1.05s
      -> [LogisticRegression + GMM @ 5x] Acc: 0.8663, F1: 0.8667, Time: 3.55s
      -> [RNN + GMM @ 5x] Acc: 0.7970, F1: 0.7634, Time: 3.06s
    [=== Generating 10x synthetic data with GMM ===]
      -> [KNN + GMM @ 10x] Acc: 0.9284, F1: 0.9280, Time: 0.68s
      -> [RandomForest + GMM @ 10x] Acc: 0.9133, F1: 0.9135, Time: 28.03s
      -> [LinearSVC + GMM @ 10x] Acc: 0.7745, F1: 0.7656, Time: 1.88s
      -> [LogisticRegression + GMM @ 10x] Acc: 0.8708, F1: 0.8711, Time: 3.89s
      -> [RNN + GMM @ 10x] Acc: 0.7444, F1: 0.7065, Time: 6.18s
    [=== Generating 2x synthetic data with HMM_GMM ===]
      -> [KNN + HMM_GMM @ 2x] Acc: 0.9353, F1: 0.9347, Time: 0.54s
      -> [RandomForest + HMM_GMM @ 2x] Acc: 0.9153, F1: 0.9146, Time: 6.34s
      -> [LinearSVC + HMM_GMM @ 2x] Acc: 0.7232, F1: 0.7164, Time: 0.37s
      -> [LogisticRegression + HMM_GMM @ 2x] Acc: 0.7862, F1: 0.7874, Time: 1.39s
      -> [RNN + HMM_GMM @ 2x] Acc: 0.4586, F1: 0.3695, Time: 1.17s
    [=== Generating 3x synthetic data with HMM_GMM ===]
      -> [KNN + HMM_GMM @ 3x] Acc: 0.9353, F1: 0.9347, Time: 0.57s
      -> [RandomForest + HMM_GMM @ 3x] Acc: 0.9122, F1: 0.9112, Time: 7.30s
      -> [LinearSVC + HMM_GMM @ 3x] Acc: 0.6885, F1: 0.6853, Time: 0.56s
      -> [LogisticRegression + HMM_GMM @ 3x] Acc: 0.7609, F1: 0.7642, Time: 2.01s
      -> [RNN + HMM_GMM @ 3x] Acc: 0.6617, F1: 0.6171, Time: 1.72s
    [=== Generating 5x synthetic data with HMM_GMM ===]
      -> [KNN + HMM_GMM @ 5x] Acc: 0.9338, F1: 0.9331, Time: 0.64s
      -> [RandomForest + HMM_GMM @ 5x] Acc: 0.9014, F1: 0.9005, Time: 9.38s
      -> [LinearSVC + HMM_GMM @ 5x] Acc: 0.6697, F1: 0.6668, Time: 0.97s
      -> [LogisticRegression + HMM_GMM @ 5x] Acc: 0.7159, F1: 0.7198, Time: 3.71s
      -> [RNN + HMM_GMM @ 5x] Acc: 0.4286, F1: 0.3644, Time: 2.99s
    [=== Generating 10x synthetic data with HMM_GMM ===]
      -> [KNN + HMM_GMM @ 10x] Acc: 0.9278, F1: 0.9272, Time: 0.68s
      -> [RandomForest + HMM_GMM @ 10x] Acc: 0.8949, F1: 0.8939, Time: 8.05s
      -> [LinearSVC + HMM_GMM @ 10x] Acc: 0.6412, F1: 0.6446, Time: 2.07s
      -> [LogisticRegression + HMM_GMM @ 10x] Acc: 0.6931, F1: 0.6953, Time: 4.20s
      -> [RNN + HMM_GMM @ 10x] Acc: 0.4436, F1: 0.3938, Time: 6.44s

    >> Seed Fold Selection: 8/10
    Evaluating Model: KNN
      -> [Baseline] Acc: 0.8874, F1: 0.8856, Time: 0.53s
      HP Tuning KNN...
n_iterations: 3
n_required_iterations: 3
n_possible_iterations: 5
min_resources_: 190
max_resources_: 19000
aggressive_elimination: False
factor: 3
----------
iter: 0
n_candidates: 20
n_resources: 190
Fitting 5 folds for each of 20 candidates, totalling 100 fits
----------
iter: 1
n_candidates: 7
n_resources: 570
Fitting 5 folds for each of 7 candidates, totalling 35 fits
----------
iter: 2
n_candidates: 3
n_resources: 1710
Fitting 5 folds for each of 3 candidates, totalling 15 fits
      -> [Tuned_Baseline] Acc: 0.8891, F1: 0.8874, Time: 0.50s
    Evaluating Model: RandomForest
      -> [Baseline] Acc: 0.8744, F1: 0.8727, Time: 4.24s
      HP Tuning RandomForest...
n_iterations: 3
n_required_iterations: 3
n_possible_iterations: 5
min_resources_: 190
max_resources_: 19000
aggressive_elimination: False
factor: 3
----------
iter: 0
n_candidates: 20
n_resources: 190
Fitting 5 folds for each of 20 candidates, totalling 100 fits
----------
iter: 1
n_candidates: 7
n_resources: 570
Fitting 5 folds for each of 7 candidates, totalling 35 fits
----------
iter: 2
n_candidates: 3
n_resources: 1710
Fitting 5 folds for each of 3 candidates, totalling 15 fits
      -> [Tuned_Baseline] Acc: 0.8743, F1: 0.8722, Time: 0.04s
    Evaluating Model: LinearSVC
      -> [Baseline] Acc: 0.7529, F1: 0.7398, Time: 0.19s
      HP Tuning LinearSVC...
n_iterations: 3
n_required_iterations: 3
n_possible_iterations: 5
min_resources_: 190
max_resources_: 19000
aggressive_elimination: False
factor: 3
----------
iter: 0
n_candidates: 20
n_resources: 190
Fitting 5 folds for each of 20 candidates, totalling 100 fits
----------
iter: 1
n_candidates: 7
n_resources: 570
Fitting 5 folds for each of 7 candidates, totalling 35 fits
----------
iter: 2
n_candidates: 3
n_resources: 1710
Fitting 5 folds for each of 3 candidates, totalling 15 fits
      -> [Tuned_Baseline] Acc: 0.7516, F1: 0.7389, Time: 0.00s
    Evaluating Model: LogisticRegression
      -> [Baseline] Acc: 0.8669, F1: 0.8636, Time: 0.70s
      HP Tuning LogisticRegression...
n_iterations: 3
n_required_iterations: 3
n_possible_iterations: 5
min_resources_: 190
max_resources_: 19000
aggressive_elimination: False
factor: 3
----------
iter: 0
n_candidates: 12
n_resources: 190
Fitting 5 folds for each of 12 candidates, totalling 60 fits
----------
iter: 1
n_candidates: 4
n_resources: 570
Fitting 5 folds for each of 4 candidates, totalling 20 fits
----------
iter: 2
n_candidates: 2
n_resources: 1710
Fitting 5 folds for each of 2 candidates, totalling 10 fits
      -> [Tuned_Baseline] Acc: 0.8771, F1: 0.8747, Time: 0.00s
    Evaluating Model: RNN
      -> [Baseline] Acc: 0.3233, F1: 0.1927, Time: 0.58s
      -> [Tuned_Baseline] Acc: 0.3233, F1: 0.1927, Time: 0.01s
    [=== Generating 2x synthetic data with Jittering ===]
      -> [KNN + Jittering @ 2x] Acc: 0.8880, F1: 0.8860, Time: 0.55s
      -> [RandomForest + Jittering @ 2x] Acc: 0.8805, F1: 0.8786, Time: 4.65s
      -> [LinearSVC + Jittering @ 2x] Acc: 0.7540, F1: 0.7412, Time: 0.39s
      -> [LogisticRegression + Jittering @ 2x] Acc: 0.8829, F1: 0.8804, Time: 1.33s
      -> [RNN + Jittering @ 2x] Acc: 0.4436, F1: 0.3755, Time: 1.19s
    [=== Generating 3x synthetic data with Jittering ===]
      -> [KNN + Jittering @ 3x] Acc: 0.8892, F1: 0.8876, Time: 0.58s
      -> [RandomForest + Jittering @ 3x] Acc: 0.8800, F1: 0.8778, Time: 7.31s
      -> [LinearSVC + Jittering @ 3x] Acc: 0.7550, F1: 0.7421, Time: 0.62s
      -> [LogisticRegression + Jittering @ 3x] Acc: 0.8838, F1: 0.8818, Time: 2.14s
      -> [RNN + Jittering @ 3x] Acc: 0.7368, F1: 0.7015, Time: 1.91s
    [=== Generating 5x synthetic data with Jittering ===]
      -> [KNN + Jittering @ 5x] Acc: 0.8858, F1: 0.8841, Time: 0.65s
      -> [RandomForest + Jittering @ 5x] Acc: 0.8832, F1: 0.8813, Time: 12.81s
      -> [LinearSVC + Jittering @ 5x] Acc: 0.7539, F1: 0.7411, Time: 1.00s
      -> [LogisticRegression + Jittering @ 5x] Acc: 0.8826, F1: 0.8804, Time: 3.43s
      -> [RNN + Jittering @ 5x] Acc: 0.6466, F1: 0.6251, Time: 3.16s
    [=== Generating 10x synthetic data with Jittering ===]
      -> [KNN + Jittering @ 10x] Acc: 0.8917, F1: 0.8899, Time: 0.69s
      -> [RandomForest + Jittering @ 10x] Acc: 0.8948, F1: 0.8929, Time: 14.12s
      -> [LinearSVC + Jittering @ 10x] Acc: 0.7568, F1: 0.7448, Time: 2.34s
      -> [LogisticRegression + Jittering @ 10x] Acc: 0.8841, F1: 0.8815, Time: 4.00s
      -> [RNN + Jittering @ 10x] Acc: 0.7970, F1: 0.7879, Time: 6.20s
    [=== Generating 2x synthetic data with Scaling ===]
      -> [KNN + Scaling @ 2x] Acc: 0.8841, F1: 0.8810, Time: 0.56s
      -> [RandomForest + Scaling @ 2x] Acc: 0.8745, F1: 0.8709, Time: 4.56s
      -> [LinearSVC + Scaling @ 2x] Acc: 0.7183, F1: 0.7038, Time: 0.37s
      -> [LogisticRegression + Scaling @ 2x] Acc: 0.8693, F1: 0.8666, Time: 1.35s
      -> [RNN + Scaling @ 2x] Acc: 0.4586, F1: 0.3389, Time: 1.27s
    [=== Generating 3x synthetic data with Scaling ===]
      -> [KNN + Scaling @ 3x] Acc: 0.8797, F1: 0.8766, Time: 0.59s
      -> [RandomForest + Scaling @ 3x] Acc: 0.8898, F1: 0.8879, Time: 7.23s
      -> [LinearSVC + Scaling @ 3x] Acc: 0.7228, F1: 0.7062, Time: 0.56s
      -> [LogisticRegression + Scaling @ 3x] Acc: 0.8759, F1: 0.8726, Time: 2.05s
      -> [RNN + Scaling @ 3x] Acc: 0.6842, F1: 0.6393, Time: 1.77s
    [=== Generating 5x synthetic data with Scaling ===]
      -> [KNN + Scaling @ 5x] Acc: 0.8698, F1: 0.8680, Time: 0.65s
      -> [RandomForest + Scaling @ 5x] Acc: 0.8744, F1: 0.8719, Time: 12.80s
      -> [LinearSVC + Scaling @ 5x] Acc: 0.7174, F1: 0.6988, Time: 0.97s
      -> [LogisticRegression + Scaling @ 5x] Acc: 0.8728, F1: 0.8703, Time: 3.65s
      -> [RNN + Scaling @ 5x] Acc: 0.5940, F1: 0.5637, Time: 3.07s
    [=== Generating 10x synthetic data with Scaling ===]
      -> [KNN + Scaling @ 10x] Acc: 0.8792, F1: 0.8763, Time: 0.69s
      -> [RandomForest + Scaling @ 10x] Acc: 0.8859, F1: 0.8834, Time: 14.05s
      -> [LinearSVC + Scaling @ 10x] Acc: 0.7349, F1: 0.7169, Time: 1.99s
      -> [LogisticRegression + Scaling @ 10x] Acc: 0.8755, F1: 0.8729, Time: 3.91s
      -> [RNN + Scaling @ 10x] Acc: 0.6992, F1: 0.6681, Time: 6.19s
    [=== Generating 2x synthetic data with Magnitude_Warping ===]
      -> [KNN + Magnitude_Warping @ 2x] Acc: 0.8927, F1: 0.8906, Time: 0.56s
      -> [RandomForest + Magnitude_Warping @ 2x] Acc: 0.8849, F1: 0.8825, Time: 4.74s
      -> [LinearSVC + Magnitude_Warping @ 2x] Acc: 0.6925, F1: 0.6661, Time: 0.35s
      -> [LogisticRegression + Magnitude_Warping @ 2x] Acc: 0.8398, F1: 0.8371, Time: 1.46s
      -> [RNN + Magnitude_Warping @ 2x] Acc: 0.3308, F1: 0.2554, Time: 1.30s
    [=== Generating 3x synthetic data with Magnitude_Warping ===]
      -> [KNN + Magnitude_Warping @ 3x] Acc: 0.8744, F1: 0.8725, Time: 0.59s
      -> [RandomForest + Magnitude_Warping @ 3x] Acc: 0.8909, F1: 0.8887, Time: 7.53s
      -> [LinearSVC + Magnitude_Warping @ 3x] Acc: 0.6909, F1: 0.6621, Time: 0.52s
      -> [LogisticRegression + Magnitude_Warping @ 3x] Acc: 0.8425, F1: 0.8395, Time: 2.00s
      -> [RNN + Magnitude_Warping @ 3x] Acc: 0.4737, F1: 0.4022, Time: 1.83s
    [=== Generating 5x synthetic data with Magnitude_Warping ===]
      -> [KNN + Magnitude_Warping @ 5x] Acc: 0.8623, F1: 0.8576, Time: 0.66s
      -> [RandomForest + Magnitude_Warping @ 5x] Acc: 0.8776, F1: 0.8742, Time: 13.71s
      -> [LinearSVC + Magnitude_Warping @ 5x] Acc: 0.6853, F1: 0.6531, Time: 0.97s
      -> [LogisticRegression + Magnitude_Warping @ 5x] Acc: 0.8341, F1: 0.8299, Time: 3.64s
      -> [RNN + Magnitude_Warping @ 5x] Acc: 0.7368, F1: 0.7120, Time: 3.58s
    [=== Generating 10x synthetic data with Magnitude_Warping ===]
      -> [KNN + Magnitude_Warping @ 10x] Acc: 0.8697, F1: 0.8672, Time: 0.70s
      -> [RandomForest + Magnitude_Warping @ 10x] Acc: 0.8765, F1: 0.8730, Time: 15.16s
      -> [LinearSVC + Magnitude_Warping @ 10x] Acc: 0.6794, F1: 0.6488, Time: 3.56s
      -> [LogisticRegression + Magnitude_Warping @ 10x] Acc: 0.8296, F1: 0.8252, Time: 4.74s
      -> [RNN + Magnitude_Warping @ 10x] Acc: 0.7368, F1: 0.7174, Time: 5.93s
    [=== Generating 2x synthetic data with Time_Warping ===]
      -> [KNN + Time_Warping @ 2x] Acc: 0.8810, F1: 0.8779, Time: 0.56s
      -> [RandomForest + Time_Warping @ 2x] Acc: 0.8642, F1: 0.8634, Time: 4.54s
      -> [LinearSVC + Time_Warping @ 2x] Acc: 0.7314, F1: 0.7127, Time: 0.37s
      -> [LogisticRegression + Time_Warping @ 2x] Acc: 0.8743, F1: 0.8721, Time: 1.35s
      -> [RNN + Time_Warping @ 2x] Acc: 0.4361, F1: 0.3303, Time: 1.19s
    [=== Generating 3x synthetic data with Time_Warping ===]
      -> [KNN + Time_Warping @ 3x] Acc: 0.8777, F1: 0.8757, Time: 0.59s
      -> [RandomForest + Time_Warping @ 3x] Acc: 0.8540, F1: 0.8528, Time: 7.10s
      -> [LinearSVC + Time_Warping @ 3x] Acc: 0.7109, F1: 0.6884, Time: 0.56s
      -> [LogisticRegression + Time_Warping @ 3x] Acc: 0.8562, F1: 0.8544, Time: 2.01s
      -> [RNN + Time_Warping @ 3x] Acc: 0.4662, F1: 0.3882, Time: 1.86s
    [=== Generating 5x synthetic data with Time_Warping ===]
      -> [KNN + Time_Warping @ 5x] Acc: 0.8764, F1: 0.8735, Time: 0.65s
      -> [RandomForest + Time_Warping @ 5x] Acc: 0.8478, F1: 0.8462, Time: 12.57s
      -> [LinearSVC + Time_Warping @ 5x] Acc: 0.6928, F1: 0.6699, Time: 0.94s
      -> [LogisticRegression + Time_Warping @ 5x] Acc: 0.8566, F1: 0.8543, Time: 3.57s
      -> [RNN + Time_Warping @ 5x] Acc: 0.6692, F1: 0.6323, Time: 3.11s
    [=== Generating 10x synthetic data with Time_Warping ===]
      -> [KNN + Time_Warping @ 10x] Acc: 0.8687, F1: 0.8666, Time: 0.71s
      -> [RandomForest + Time_Warping @ 10x] Acc: 0.8350, F1: 0.8339, Time: 13.97s
      -> [LinearSVC + Time_Warping @ 10x] Acc: 0.6913, F1: 0.6644, Time: 1.68s
      -> [LogisticRegression + Time_Warping @ 10x] Acc: 0.8562, F1: 0.8542, Time: 3.72s
      -> [RNN + Time_Warping @ 10x] Acc: 0.6767, F1: 0.6403, Time: 6.01s
    [=== Generating 2x synthetic data with SMOTE ===]
      -> [KNN + SMOTE @ 2x] Acc: 0.9094, F1: 0.9078, Time: 0.54s
      -> [RandomForest + SMOTE @ 2x] Acc: 0.8798, F1: 0.8787, Time: 4.44s
      -> [LinearSVC + SMOTE @ 2x] Acc: 0.7685, F1: 0.7624, Time: 0.38s
      -> [LogisticRegression + SMOTE @ 2x] Acc: 0.8728, F1: 0.8710, Time: 1.37s
      -> [RNN + SMOTE @ 2x] Acc: 0.5414, F1: 0.4542, Time: 1.30s
    [=== Generating 3x synthetic data with SMOTE ===]
      -> [KNN + SMOTE @ 3x] Acc: 0.9159, F1: 0.9143, Time: 0.57s
      -> [RandomForest + SMOTE @ 3x] Acc: 0.8854, F1: 0.8840, Time: 6.89s
      -> [LinearSVC + SMOTE @ 3x] Acc: 0.7420, F1: 0.7315, Time: 0.61s
      -> [LogisticRegression + SMOTE @ 3x] Acc: 0.8708, F1: 0.8682, Time: 2.12s
      -> [RNN + SMOTE @ 3x] Acc: 0.4586, F1: 0.3591, Time: 1.79s
    [=== Generating 5x synthetic data with SMOTE ===]
      -> [KNN + SMOTE @ 5x] Acc: 0.9086, F1: 0.9071, Time: 0.62s
      -> [RandomForest + SMOTE @ 5x] Acc: 0.8791, F1: 0.8784, Time: 11.96s
      -> [LinearSVC + SMOTE @ 5x] Acc: 0.7474, F1: 0.7384, Time: 1.02s
      -> [LogisticRegression + SMOTE @ 5x] Acc: 0.8744, F1: 0.8721, Time: 3.33s
      -> [RNN + SMOTE @ 5x] Acc: 0.6090, F1: 0.5404, Time: 3.04s
    [=== Generating 10x synthetic data with SMOTE ===]
      -> [KNN + SMOTE @ 10x] Acc: 0.9259, F1: 0.9245, Time: 0.65s
      -> [RandomForest + SMOTE @ 10x] Acc: 0.8881, F1: 0.8878, Time: 13.71s
      -> [LinearSVC + SMOTE @ 10x] Acc: 0.7480, F1: 0.7400, Time: 2.03s
      -> [LogisticRegression + SMOTE @ 10x] Acc: 0.8664, F1: 0.8634, Time: 3.91s
      -> [RNN + SMOTE @ 10x] Acc: 0.5940, F1: 0.5328, Time: 6.34s
    [=== Generating 2x synthetic data with ADASYN ===]
      [!] Failed generation with ADASYN at 2x: Not any neigbours belong to the majority class. This case will induce a NaN case with a division by zero. ADASYN is not suited for this specific dataset. Use SMOTE instead.
    [=== Generating 3x synthetic data with ADASYN ===]
      [!] Failed generation with ADASYN at 3x: Not any neigbours belong to the majority class. This case will induce a NaN case with a division by zero. ADASYN is not suited for this specific dataset. Use SMOTE instead.
    [=== Generating 5x synthetic data with ADASYN ===]
      [!] Failed generation with ADASYN at 5x: Not any neigbours belong to the majority class. This case will induce a NaN case with a division by zero. ADASYN is not suited for this specific dataset. Use SMOTE instead.
    [=== Generating 10x synthetic data with ADASYN ===]
      [!] Failed generation with ADASYN at 10x: Not any neigbours belong to the majority class. This case will induce a NaN case with a division by zero. ADASYN is not suited for this specific dataset. Use SMOTE instead.
    [=== Generating 2x synthetic data with Mixup ===]
      -> [KNN + Mixup @ 2x] Acc: 0.9021, F1: 0.9007, Time: 0.55s
      -> [RandomForest + Mixup @ 2x] Acc: 0.8781, F1: 0.8767, Time: 4.28s
      -> [LinearSVC + Mixup @ 2x] Acc: 0.7592, F1: 0.7490, Time: 0.39s
      -> [LogisticRegression + Mixup @ 2x] Acc: 0.8812, F1: 0.8785, Time: 1.36s
      -> [RNN + Mixup @ 2x] Acc: 0.5940, F1: 0.5185, Time: 1.16s
    [=== Generating 3x synthetic data with Mixup ===]
      -> [KNN + Mixup @ 3x] Acc: 0.9067, F1: 0.9051, Time: 0.56s
      -> [RandomForest + Mixup @ 3x] Acc: 0.8823, F1: 0.8810, Time: 6.75s
      -> [LinearSVC + Mixup @ 3x] Acc: 0.7498, F1: 0.7354, Time: 0.59s
      -> [LogisticRegression + Mixup @ 3x] Acc: 0.8752, F1: 0.8728, Time: 2.05s
      -> [RNN + Mixup @ 3x] Acc: 0.4662, F1: 0.3491, Time: 1.83s
    [=== Generating 5x synthetic data with Mixup ===]
      -> [KNN + Mixup @ 5x] Acc: 0.9070, F1: 0.9051, Time: 0.62s
      -> [RandomForest + Mixup @ 5x] Acc: 0.8803, F1: 0.8792, Time: 11.64s
      -> [LinearSVC + Mixup @ 5x] Acc: 0.7541, F1: 0.7451, Time: 1.00s
      -> [LogisticRegression + Mixup @ 5x] Acc: 0.8819, F1: 0.8800, Time: 3.42s
      -> [RNN + Mixup @ 5x] Acc: 0.3684, F1: 0.2593, Time: 3.26s
    [=== Generating 10x synthetic data with Mixup ===]
      -> [KNN + Mixup @ 10x] Acc: 0.9195, F1: 0.9183, Time: 0.65s
      -> [RandomForest + Mixup @ 10x] Acc: 0.8948, F1: 0.8944, Time: 12.63s
      -> [LinearSVC + Mixup @ 10x] Acc: 0.7580, F1: 0.7466, Time: 2.89s
      -> [LogisticRegression + Mixup @ 10x] Acc: 0.8705, F1: 0.8679, Time: 3.97s
      -> [RNN + Mixup @ 10x] Acc: 0.7368, F1: 0.7070, Time: 5.91s
    [=== Generating 2x synthetic data with GMM ===]
      -> [KNN + GMM @ 2x] Acc: 0.8886, F1: 0.8868, Time: 0.55s
      -> [RandomForest + GMM @ 2x] Acc: 0.8736, F1: 0.8720, Time: 4.62s
      -> [LinearSVC + GMM @ 2x] Acc: 0.7476, F1: 0.7299, Time: 0.39s
      -> [LogisticRegression + GMM @ 2x] Acc: 0.8774, F1: 0.8739, Time: 1.32s
      -> [RNN + GMM @ 2x] Acc: 0.4586, F1: 0.3684, Time: 1.16s
    [=== Generating 3x synthetic data with GMM ===]
      -> [KNN + GMM @ 3x] Acc: 0.8904, F1: 0.8884, Time: 0.58s
      -> [RandomForest + GMM @ 3x] Acc: 0.8737, F1: 0.8717, Time: 7.11s
      -> [LinearSVC + GMM @ 3x] Acc: 0.7384, F1: 0.7204, Time: 0.59s
      -> [LogisticRegression + GMM @ 3x] Acc: 0.8761, F1: 0.8729, Time: 2.04s
      -> [RNN + GMM @ 3x] Acc: 0.4812, F1: 0.3743, Time: 1.76s
    [=== Generating 5x synthetic data with GMM ===]
      -> [KNN + GMM @ 5x] Acc: 0.8897, F1: 0.8876, Time: 0.64s
      -> [RandomForest + GMM @ 5x] Acc: 0.8786, F1: 0.8765, Time: 12.61s
      -> [LinearSVC + GMM @ 5x] Acc: 0.7488, F1: 0.7319, Time: 1.03s
      -> [LogisticRegression + GMM @ 5x] Acc: 0.8824, F1: 0.8798, Time: 3.49s
      -> [RNN + GMM @ 5x] Acc: 0.5940, F1: 0.5487, Time: 3.04s
    [=== Generating 10x synthetic data with GMM ===]
      -> [KNN + GMM @ 10x] Acc: 0.8893, F1: 0.8874, Time: 0.67s
      -> [RandomForest + GMM @ 10x] Acc: 0.8756, F1: 0.8736, Time: 13.51s
      -> [LinearSVC + GMM @ 10x] Acc: 0.7429, F1: 0.7283, Time: 1.97s
      -> [LogisticRegression + GMM @ 10x] Acc: 0.8820, F1: 0.8799, Time: 3.90s
      -> [RNN + GMM @ 10x] Acc: 0.7594, F1: 0.7487, Time: 5.99s
    [=== Generating 2x synthetic data with HMM_GMM ===]
      -> [KNN + HMM_GMM @ 2x] Acc: 0.8833, F1: 0.8803, Time: 0.55s
      -> [RandomForest + HMM_GMM @ 2x] Acc: 0.8786, F1: 0.8764, Time: 3.30s
      -> [LinearSVC + HMM_GMM @ 2x] Acc: 0.6928, F1: 0.6604, Time: 0.37s
      -> [LogisticRegression + HMM_GMM @ 2x] Acc: 0.7826, F1: 0.7771, Time: 1.36s
      -> [RNN + HMM_GMM @ 2x] Acc: 0.4361, F1: 0.3825, Time: 1.17s
    [=== Generating 3x synthetic data with HMM_GMM ===]
      -> [KNN + HMM_GMM @ 3x] Acc: 0.8833, F1: 0.8803, Time: 0.59s
      -> [RandomForest + HMM_GMM @ 3x] Acc: 0.8774, F1: 0.8742, Time: 3.84s
      -> [LinearSVC + HMM_GMM @ 3x] Acc: 0.6836, F1: 0.6510, Time: 0.57s
      -> [LogisticRegression + HMM_GMM @ 3x] Acc: 0.7468, F1: 0.7399, Time: 2.08s
      -> [RNN + HMM_GMM @ 3x] Acc: 0.4511, F1: 0.3477, Time: 1.71s
    [=== Generating 5x synthetic data with HMM_GMM ===]
      -> [KNN + HMM_GMM @ 5x] Acc: 0.8833, F1: 0.8803, Time: 0.65s
      -> [RandomForest + HMM_GMM @ 5x] Acc: 0.8792, F1: 0.8767, Time: 4.90s
      -> [LinearSVC + HMM_GMM @ 5x] Acc: 0.6680, F1: 0.6376, Time: 0.97s
      -> [LogisticRegression + HMM_GMM @ 5x] Acc: 0.7240, F1: 0.7147, Time: 3.43s
      -> [RNN + HMM_GMM @ 5x] Acc: 0.4737, F1: 0.4045, Time: 2.88s
    [=== Generating 10x synthetic data with HMM_GMM ===]
      -> [KNN + HMM_GMM @ 10x] Acc: 0.8828, F1: 0.8802, Time: 0.68s
      -> [RandomForest + HMM_GMM @ 10x] Acc: 0.8717, F1: 0.8687, Time: 3.99s
      -> [LinearSVC + HMM_GMM @ 10x] Acc: 0.6424, F1: 0.6286, Time: 1.94s
      -> [LogisticRegression + HMM_GMM @ 10x] Acc: 0.7214, F1: 0.7153, Time: 3.92s
      -> [RNN + HMM_GMM @ 10x] Acc: 0.4737, F1: 0.4097, Time: 6.30s

    >> Seed Fold Selection: 9/10
    Evaluating Model: KNN
      -> [Baseline] Acc: 0.9226, F1: 0.9217, Time: 0.52s
      HP Tuning KNN...
n_iterations: 3
n_required_iterations: 3
n_possible_iterations: 5
min_resources_: 190
max_resources_: 19000
aggressive_elimination: False
factor: 3
----------
iter: 0
n_candidates: 20
n_resources: 190
Fitting 5 folds for each of 20 candidates, totalling 100 fits
----------
iter: 1
n_candidates: 7
n_resources: 570
Fitting 5 folds for each of 7 candidates, totalling 35 fits
----------
iter: 2
n_candidates: 3
n_resources: 1710
Fitting 5 folds for each of 3 candidates, totalling 15 fits
      -> [Tuned_Baseline] Acc: 0.9144, F1: 0.9132, Time: 0.15s
    Evaluating Model: RandomForest
      -> [Baseline] Acc: 0.9141, F1: 0.9132, Time: 4.07s
      HP Tuning RandomForest...
n_iterations: 3
n_required_iterations: 3
n_possible_iterations: 5
min_resources_: 190
max_resources_: 19000
aggressive_elimination: False
factor: 3
----------
iter: 0
n_candidates: 20
n_resources: 190
Fitting 5 folds for each of 20 candidates, totalling 100 fits
----------
iter: 1
n_candidates: 7
n_resources: 570
Fitting 5 folds for each of 7 candidates, totalling 35 fits
----------
iter: 2
n_candidates: 3
n_resources: 1710
Fitting 5 folds for each of 3 candidates, totalling 15 fits
      -> [Tuned_Baseline] Acc: 0.9107, F1: 0.9099, Time: 0.04s
    Evaluating Model: LinearSVC
      -> [Baseline] Acc: 0.7862, F1: 0.7740, Time: 0.18s
      HP Tuning LinearSVC...
n_iterations: 3
n_required_iterations: 3
n_possible_iterations: 5
min_resources_: 190
max_resources_: 19000
aggressive_elimination: False
factor: 3
----------
iter: 0
n_candidates: 20
n_resources: 190
Fitting 5 folds for each of 20 candidates, totalling 100 fits
----------
iter: 1
n_candidates: 7
n_resources: 570
Fitting 5 folds for each of 7 candidates, totalling 35 fits
----------
iter: 2
n_candidates: 3
n_resources: 1710
Fitting 5 folds for each of 3 candidates, totalling 15 fits
      -> [Tuned_Baseline] Acc: 0.7834, F1: 0.7724, Time: 0.00s
    Evaluating Model: LogisticRegression
      -> [Baseline] Acc: 0.8568, F1: 0.8543, Time: 0.71s
      HP Tuning LogisticRegression...
n_iterations: 3
n_required_iterations: 3
n_possible_iterations: 5
min_resources_: 190
max_resources_: 19000
aggressive_elimination: False
factor: 3
----------
iter: 0
n_candidates: 12
n_resources: 190
Fitting 5 folds for each of 12 candidates, totalling 60 fits
----------
iter: 1
n_candidates: 4
n_resources: 570
Fitting 5 folds for each of 4 candidates, totalling 20 fits
----------
iter: 2
n_candidates: 2
n_resources: 1710
Fitting 5 folds for each of 2 candidates, totalling 10 fits
      -> [Tuned_Baseline] Acc: 0.8526, F1: 0.8513, Time: 0.00s
    Evaluating Model: RNN
      -> [Baseline] Acc: 0.3534, F1: 0.2372, Time: 0.64s
      -> [Tuned_Baseline] Acc: 0.3534, F1: 0.2372, Time: 0.01s
    [=== Generating 2x synthetic data with Jittering ===]
      -> [KNN + Jittering @ 2x] Acc: 0.9138, F1: 0.9127, Time: 0.22s
      -> [RandomForest + Jittering @ 2x] Acc: 0.9141, F1: 0.9129, Time: 4.56s
      -> [LinearSVC + Jittering @ 2x] Acc: 0.7895, F1: 0.7782, Time: 0.39s
      -> [LogisticRegression + Jittering @ 2x] Acc: 0.8577, F1: 0.8563, Time: 1.43s
      -> [RNN + Jittering @ 2x] Acc: 0.4286, F1: 0.3313, Time: 1.25s
    [=== Generating 3x synthetic data with Jittering ===]
      -> [KNN + Jittering @ 3x] Acc: 0.9179, F1: 0.9169, Time: 0.27s
      -> [RandomForest + Jittering @ 3x] Acc: 0.9167, F1: 0.9154, Time: 7.16s
      -> [LinearSVC + Jittering @ 3x] Acc: 0.7905, F1: 0.7794, Time: 0.59s
      -> [LogisticRegression + Jittering @ 3x] Acc: 0.8580, F1: 0.8562, Time: 2.12s
      -> [RNN + Jittering @ 3x] Acc: 0.5263, F1: 0.4755, Time: 1.91s
    [=== Generating 5x synthetic data with Jittering ===]
      -> [KNN + Jittering @ 5x] Acc: 0.9148, F1: 0.9138, Time: 0.35s
      -> [RandomForest + Jittering @ 5x] Acc: 0.9147, F1: 0.9135, Time: 12.66s
      -> [LinearSVC + Jittering @ 5x] Acc: 0.7893, F1: 0.7783, Time: 1.02s
      -> [LogisticRegression + Jittering @ 5x] Acc: 0.8585, F1: 0.8567, Time: 3.49s
      -> [RNN + Jittering @ 5x] Acc: 0.6466, F1: 0.5696, Time: 3.22s
    [=== Generating 10x synthetic data with Jittering ===]
      -> [KNN + Jittering @ 10x] Acc: 0.9138, F1: 0.9127, Time: 0.40s
      -> [RandomForest + Jittering @ 10x] Acc: 0.9171, F1: 0.9156, Time: 13.52s
      -> [LinearSVC + Jittering @ 10x] Acc: 0.7906, F1: 0.7800, Time: 2.02s
      -> [LogisticRegression + Jittering @ 10x] Acc: 0.8621, F1: 0.8609, Time: 3.96s
      -> [RNN + Jittering @ 10x] Acc: 0.4060, F1: 0.2971, Time: 6.25s
    [=== Generating 2x synthetic data with Scaling ===]
      -> [KNN + Scaling @ 2x] Acc: 0.9139, F1: 0.9125, Time: 0.23s
      -> [RandomForest + Scaling @ 2x] Acc: 0.9100, F1: 0.9092, Time: 4.55s
      -> [LinearSVC + Scaling @ 2x] Acc: 0.7630, F1: 0.7520, Time: 0.37s
      -> [LogisticRegression + Scaling @ 2x] Acc: 0.8558, F1: 0.8540, Time: 1.42s
      -> [RNN + Scaling @ 2x] Acc: 0.4812, F1: 0.3813, Time: 1.21s
    [=== Generating 3x synthetic data with Scaling ===]
      -> [KNN + Scaling @ 3x] Acc: 0.9059, F1: 0.9043, Time: 0.28s
      -> [RandomForest + Scaling @ 3x] Acc: 0.9107, F1: 0.9093, Time: 7.32s
      -> [LinearSVC + Scaling @ 3x] Acc: 0.7635, F1: 0.7529, Time: 0.55s
      -> [LogisticRegression + Scaling @ 3x] Acc: 0.8403, F1: 0.8378, Time: 2.03s
      -> [RNN + Scaling @ 3x] Acc: 0.2481, F1: 0.1640, Time: 1.90s
    [=== Generating 5x synthetic data with Scaling ===]
      -> [KNN + Scaling @ 5x] Acc: 0.9135, F1: 0.9124, Time: 0.38s
      -> [RandomForest + Scaling @ 5x] Acc: 0.9135, F1: 0.9131, Time: 13.08s
      -> [LinearSVC + Scaling @ 5x] Acc: 0.7657, F1: 0.7569, Time: 0.90s
      -> [LogisticRegression + Scaling @ 5x] Acc: 0.8621, F1: 0.8608, Time: 3.59s
      -> [RNN + Scaling @ 5x] Acc: 0.6992, F1: 0.6544, Time: 3.08s
    [=== Generating 10x synthetic data with Scaling ===]
      -> [KNN + Scaling @ 10x] Acc: 0.9168, F1: 0.9155, Time: 0.48s
      -> [RandomForest + Scaling @ 10x] Acc: 0.9117, F1: 0.9105, Time: 14.64s
      -> [LinearSVC + Scaling @ 10x] Acc: 0.7740, F1: 0.7604, Time: 1.99s
      -> [LogisticRegression + Scaling @ 10x] Acc: 0.8534, F1: 0.8512, Time: 3.94s
      -> [RNN + Scaling @ 10x] Acc: 0.7444, F1: 0.7002, Time: 6.11s
    [=== Generating 2x synthetic data with Magnitude_Warping ===]
      -> [KNN + Magnitude_Warping @ 2x] Acc: 0.9183, F1: 0.9173, Time: 0.26s
      -> [RandomForest + Magnitude_Warping @ 2x] Acc: 0.9065, F1: 0.9058, Time: 4.88s
      -> [LinearSVC + Magnitude_Warping @ 2x] Acc: 0.7098, F1: 0.6921, Time: 0.36s
      -> [LogisticRegression + Magnitude_Warping @ 2x] Acc: 0.8441, F1: 0.8412, Time: 1.42s
      -> [RNN + Magnitude_Warping @ 2x] Acc: 0.6165, F1: 0.5470, Time: 1.43s
    [=== Generating 3x synthetic data with Magnitude_Warping ===]
      -> [KNN + Magnitude_Warping @ 3x] Acc: 0.9075, F1: 0.9063, Time: 0.32s
      -> [RandomForest + Magnitude_Warping @ 3x] Acc: 0.9071, F1: 0.9062, Time: 7.85s
      -> [LinearSVC + Magnitude_Warping @ 3x] Acc: 0.7034, F1: 0.6842, Time: 0.51s
      -> [LogisticRegression + Magnitude_Warping @ 3x] Acc: 0.8410, F1: 0.8381, Time: 2.19s
      -> [RNN + Magnitude_Warping @ 3x] Acc: 0.5639, F1: 0.5077, Time: 1.77s
    [=== Generating 5x synthetic data with Magnitude_Warping ===]
      -> [KNN + Magnitude_Warping @ 5x] Acc: 0.9098, F1: 0.9085, Time: 0.43s
      -> [RandomForest + Magnitude_Warping @ 5x] Acc: 0.9032, F1: 0.9026, Time: 14.31s
      -> [LinearSVC + Magnitude_Warping @ 5x] Acc: 0.6907, F1: 0.6685, Time: 0.90s
      -> [LogisticRegression + Magnitude_Warping @ 5x] Acc: 0.8182, F1: 0.8137, Time: 3.71s
      -> [RNN + Magnitude_Warping @ 5x] Acc: 0.6241, F1: 0.5885, Time: 3.16s
    [=== Generating 10x synthetic data with Magnitude_Warping ===]
      -> [KNN + Magnitude_Warping @ 10x] Acc: 0.9098, F1: 0.9084, Time: 0.52s
      -> [RandomForest + Magnitude_Warping @ 10x] Acc: 0.9091, F1: 0.9085, Time: 16.16s
      -> [LinearSVC + Magnitude_Warping @ 10x] Acc: 0.6968, F1: 0.6759, Time: 3.77s
      -> [LogisticRegression + Magnitude_Warping @ 10x] Acc: 0.8253, F1: 0.8213, Time: 4.57s
      -> [RNN + Magnitude_Warping @ 10x] Acc: 0.6992, F1: 0.6474, Time: 6.47s
    [=== Generating 2x synthetic data with Time_Warping ===]
      -> [KNN + Time_Warping @ 2x] Acc: 0.9119, F1: 0.9109, Time: 0.25s
      -> [RandomForest + Time_Warping @ 2x] Acc: 0.9010, F1: 0.9003, Time: 4.60s
      -> [LinearSVC + Time_Warping @ 2x] Acc: 0.7459, F1: 0.7287, Time: 0.37s
      -> [LogisticRegression + Time_Warping @ 2x] Acc: 0.8576, F1: 0.8562, Time: 1.37s
      -> [RNN + Time_Warping @ 2x] Acc: 0.4211, F1: 0.3263, Time: 1.17s
    [=== Generating 3x synthetic data with Time_Warping ===]
      -> [KNN + Time_Warping @ 3x] Acc: 0.9155, F1: 0.9149, Time: 0.31s
      -> [RandomForest + Time_Warping @ 3x] Acc: 0.8894, F1: 0.8888, Time: 6.96s
      -> [LinearSVC + Time_Warping @ 3x] Acc: 0.7325, F1: 0.7156, Time: 0.53s
      -> [LogisticRegression + Time_Warping @ 3x] Acc: 0.8425, F1: 0.8383, Time: 2.02s
      -> [RNN + Time_Warping @ 3x] Acc: 0.4586, F1: 0.3767, Time: 1.87s
    [=== Generating 5x synthetic data with Time_Warping ===]
      -> [KNN + Time_Warping @ 5x] Acc: 0.9064, F1: 0.9047, Time: 0.41s
      -> [RandomForest + Time_Warping @ 5x] Acc: 0.8862, F1: 0.8852, Time: 12.71s
      -> [LinearSVC + Time_Warping @ 5x] Acc: 0.7368, F1: 0.7201, Time: 0.97s
      -> [LogisticRegression + Time_Warping @ 5x] Acc: 0.8374, F1: 0.8339, Time: 3.64s
      -> [RNN + Time_Warping @ 5x] Acc: 0.6767, F1: 0.6508, Time: 3.27s
    [=== Generating 10x synthetic data with Time_Warping ===]
      -> [KNN + Time_Warping @ 10x] Acc: 0.9007, F1: 0.8992, Time: 0.52s
      -> [RandomForest + Time_Warping @ 10x] Acc: 0.8795, F1: 0.8791, Time: 13.90s
      -> [LinearSVC + Time_Warping @ 10x] Acc: 0.7194, F1: 0.7010, Time: 1.72s
      -> [LogisticRegression + Time_Warping @ 10x] Acc: 0.8280, F1: 0.8241, Time: 3.78s
      -> [RNN + Time_Warping @ 10x] Acc: 0.7744, F1: 0.7392, Time: 6.24s
    [=== Generating 2x synthetic data with SMOTE ===]
      -> [KNN + SMOTE @ 2x] Acc: 0.9165, F1: 0.9156, Time: 0.21s
      -> [RandomForest + SMOTE @ 2x] Acc: 0.8955, F1: 0.8950, Time: 4.31s
      -> [LinearSVC + SMOTE @ 2x] Acc: 0.7871, F1: 0.7799, Time: 0.39s
      -> [LogisticRegression + SMOTE @ 2x] Acc: 0.8554, F1: 0.8539, Time: 1.34s
      -> [RNN + SMOTE @ 2x] Acc: 0.4962, F1: 0.4315, Time: 1.30s
    [=== Generating 3x synthetic data with SMOTE ===]
      -> [KNN + SMOTE @ 3x] Acc: 0.9177, F1: 0.9167, Time: 0.24s
      -> [RandomForest + SMOTE @ 3x] Acc: 0.8932, F1: 0.8930, Time: 6.69s
      -> [LinearSVC + SMOTE @ 3x] Acc: 0.7814, F1: 0.7737, Time: 0.60s
      -> [LogisticRegression + SMOTE @ 3x] Acc: 0.8457, F1: 0.8443, Time: 2.00s
      -> [RNN + SMOTE @ 3x] Acc: 0.3008, F1: 0.2127, Time: 1.71s
    [=== Generating 5x synthetic data with SMOTE ===]
      -> [KNN + SMOTE @ 5x] Acc: 0.9302, F1: 0.9299, Time: 0.31s
      -> [RandomForest + SMOTE @ 5x] Acc: 0.8994, F1: 0.8992, Time: 11.68s
      -> [LinearSVC + SMOTE @ 5x] Acc: 0.7786, F1: 0.7709, Time: 0.99s
      -> [LogisticRegression + SMOTE @ 5x] Acc: 0.8529, F1: 0.8513, Time: 3.51s
      -> [RNN + SMOTE @ 5x] Acc: 0.6692, F1: 0.6019, Time: 3.09s
    [=== Generating 10x synthetic data with SMOTE ===]
      -> [KNN + SMOTE @ 10x] Acc: 0.9238, F1: 0.9230, Time: 0.35s
      -> [RandomForest + SMOTE @ 10x] Acc: 0.8884, F1: 0.8894, Time: 13.28s
      -> [LinearSVC + SMOTE @ 10x] Acc: 0.7935, F1: 0.7859, Time: 1.95s
      -> [LogisticRegression + SMOTE @ 10x] Acc: 0.8574, F1: 0.8566, Time: 3.86s
      -> [RNN + SMOTE @ 10x] Acc: 0.7293, F1: 0.7094, Time: 5.94s
    [=== Generating 2x synthetic data with ADASYN ===]
      [!] Failed generation with ADASYN at 2x: Not any neigbours belong to the majority class. This case will induce a NaN case with a division by zero. ADASYN is not suited for this specific dataset. Use SMOTE instead.
    [=== Generating 3x synthetic data with ADASYN ===]
      [!] Failed generation with ADASYN at 3x: Not any neigbours belong to the majority class. This case will induce a NaN case with a division by zero. ADASYN is not suited for this specific dataset. Use SMOTE instead.
    [=== Generating 5x synthetic data with ADASYN ===]
      [!] Failed generation with ADASYN at 5x: Not any neigbours belong to the majority class. This case will induce a NaN case with a division by zero. ADASYN is not suited for this specific dataset. Use SMOTE instead.
    [=== Generating 10x synthetic data with ADASYN ===]
      [!] Failed generation with ADASYN at 10x: Not any neigbours belong to the majority class. This case will induce a NaN case with a division by zero. ADASYN is not suited for this specific dataset. Use SMOTE instead.
    [=== Generating 2x synthetic data with Mixup ===]
      -> [KNN + Mixup @ 2x] Acc: 0.9250, F1: 0.9238, Time: 0.20s
      -> [RandomForest + Mixup @ 2x] Acc: 0.9138, F1: 0.9131, Time: 4.20s
      -> [LinearSVC + Mixup @ 2x] Acc: 0.8032, F1: 0.7924, Time: 0.39s
      -> [LogisticRegression + Mixup @ 2x] Acc: 0.8677, F1: 0.8668, Time: 1.38s
      -> [RNN + Mixup @ 2x] Acc: 0.4286, F1: 0.3363, Time: 1.20s
    [=== Generating 3x synthetic data with Mixup ===]
      -> [KNN + Mixup @ 3x] Acc: 0.9259, F1: 0.9248, Time: 0.23s
      -> [RandomForest + Mixup @ 3x] Acc: 0.9003, F1: 0.9008, Time: 6.70s
      -> [LinearSVC + Mixup @ 3x] Acc: 0.7905, F1: 0.7825, Time: 0.62s
      -> [LogisticRegression + Mixup @ 3x] Acc: 0.8633, F1: 0.8619, Time: 2.13s
      -> [RNN + Mixup @ 3x] Acc: 0.5865, F1: 0.5066, Time: 1.77s
    [=== Generating 5x synthetic data with Mixup ===]
      -> [KNN + Mixup @ 5x] Acc: 0.9269, F1: 0.9265, Time: 0.29s
      -> [RandomForest + Mixup @ 5x] Acc: 0.9080, F1: 0.9076, Time: 11.27s
      -> [LinearSVC + Mixup @ 5x] Acc: 0.7779, F1: 0.7661, Time: 1.01s
      -> [LogisticRegression + Mixup @ 5x] Acc: 0.8570, F1: 0.8562, Time: 3.60s
      -> [RNN + Mixup @ 5x] Acc: 0.7444, F1: 0.6897, Time: 3.25s
    [=== Generating 10x synthetic data with Mixup ===]
      -> [KNN + Mixup @ 10x] Acc: 0.9312, F1: 0.9309, Time: 0.33s
      -> [RandomForest + Mixup @ 10x] Acc: 0.9003, F1: 0.9007, Time: 12.66s
      -> [LinearSVC + Mixup @ 10x] Acc: 0.7873, F1: 0.7781, Time: 2.19s
      -> [LogisticRegression + Mixup @ 10x] Acc: 0.8552, F1: 0.8533, Time: 3.90s
      -> [RNN + Mixup @ 10x] Acc: 0.8195, F1: 0.8051, Time: 5.96s
    [=== Generating 2x synthetic data with GMM ===]
      -> [KNN + GMM @ 2x] Acc: 0.9191, F1: 0.9180, Time: 0.23s
      -> [RandomForest + GMM @ 2x] Acc: 0.9038, F1: 0.9030, Time: 4.42s
      -> [LinearSVC + GMM @ 2x] Acc: 0.7751, F1: 0.7599, Time: 0.39s
      -> [LogisticRegression + GMM @ 2x] Acc: 0.8581, F1: 0.8566, Time: 1.43s
      -> [RNN + GMM @ 2x] Acc: 0.4737, F1: 0.3810, Time: 1.16s
    [=== Generating 3x synthetic data with GMM ===]
      -> [KNN + GMM @ 3x] Acc: 0.9199, F1: 0.9188, Time: 0.28s
      -> [RandomForest + GMM @ 3x] Acc: 0.9018, F1: 0.9012, Time: 6.98s
      -> [LinearSVC + GMM @ 3x] Acc: 0.7771, F1: 0.7628, Time: 0.59s
      -> [LogisticRegression + GMM @ 3x] Acc: 0.8612, F1: 0.8596, Time: 2.10s
      -> [RNN + GMM @ 3x] Acc: 0.6391, F1: 0.5900, Time: 1.88s
    [=== Generating 5x synthetic data with GMM ===]
      -> [KNN + GMM @ 5x] Acc: 0.9205, F1: 0.9194, Time: 0.37s
      -> [RandomForest + GMM @ 5x] Acc: 0.8998, F1: 0.8989, Time: 12.30s
      -> [LinearSVC + GMM @ 5x] Acc: 0.7777, F1: 0.7622, Time: 1.02s
      -> [LogisticRegression + GMM @ 5x] Acc: 0.8635, F1: 0.8623, Time: 3.64s
      -> [RNN + GMM @ 5x] Acc: 0.5789, F1: 0.5211, Time: 3.19s
    [=== Generating 10x synthetic data with GMM ===]
      -> [KNN + GMM @ 10x] Acc: 0.9185, F1: 0.9176, Time: 0.42s
      -> [RandomForest + GMM @ 10x] Acc: 0.8959, F1: 0.8953, Time: 13.30s
      -> [LinearSVC + GMM @ 10x] Acc: 0.7824, F1: 0.7699, Time: 2.36s
      -> [LogisticRegression + GMM @ 10x] Acc: 0.8669, F1: 0.8655, Time: 4.06s
      -> [RNN + GMM @ 10x] Acc: 0.7970, F1: 0.7754, Time: 6.23s
    [=== Generating 2x synthetic data with HMM_GMM ===]
      -> [KNN + HMM_GMM @ 2x] Acc: 0.9147, F1: 0.9140, Time: 0.24s
      -> [RandomForest + HMM_GMM @ 2x] Acc: 0.9086, F1: 0.9079, Time: 3.24s
      -> [LinearSVC + HMM_GMM @ 2x] Acc: 0.7262, F1: 0.7054, Time: 0.38s
      -> [LogisticRegression + HMM_GMM @ 2x] Acc: 0.7677, F1: 0.7591, Time: 1.45s
      -> [RNN + HMM_GMM @ 2x] Acc: 0.4211, F1: 0.3145, Time: 1.48s
    [=== Generating 3x synthetic data with HMM_GMM ===]
      -> [KNN + HMM_GMM @ 3x] Acc: 0.9147, F1: 0.9140, Time: 0.28s
      -> [RandomForest + HMM_GMM @ 3x] Acc: 0.9112, F1: 0.9104, Time: 3.88s
      -> [LinearSVC + HMM_GMM @ 3x] Acc: 0.6824, F1: 0.6615, Time: 0.56s
      -> [LogisticRegression + HMM_GMM @ 3x] Acc: 0.7438, F1: 0.7294, Time: 2.11s
      -> [RNN + HMM_GMM @ 3x] Acc: 0.3835, F1: 0.3190, Time: 1.92s
    [=== Generating 5x synthetic data with HMM_GMM ===]
      -> [KNN + HMM_GMM @ 5x] Acc: 0.9147, F1: 0.9140, Time: 0.35s
      -> [RandomForest + HMM_GMM @ 5x] Acc: 0.9117, F1: 0.9110, Time: 4.93s
      -> [LinearSVC + HMM_GMM @ 5x] Acc: 0.6526, F1: 0.6330, Time: 0.96s
      -> [LogisticRegression + HMM_GMM @ 5x] Acc: 0.7160, F1: 0.6983, Time: 3.38s
      -> [RNN + HMM_GMM @ 5x] Acc: 0.5113, F1: 0.4367, Time: 2.98s
    [=== Generating 10x synthetic data with HMM_GMM ===]
      -> [KNN + HMM_GMM @ 10x] Acc: 0.9062, F1: 0.9051, Time: 0.43s
      -> [RandomForest + HMM_GMM @ 10x] Acc: 0.8992, F1: 0.8989, Time: 4.20s
      -> [LinearSVC + HMM_GMM @ 10x] Acc: 0.6227, F1: 0.6024, Time: 1.77s
      -> [LogisticRegression + HMM_GMM @ 10x] Acc: 0.6851, F1: 0.6666, Time: 3.80s
      -> [RNN + HMM_GMM @ 10x] Acc: 0.6391, F1: 0.5880, Time: 5.75s

    >> Seed Fold Selection: 10/10
    Evaluating Model: KNN
      -> [Baseline] Acc: 0.9355, F1: 0.9348, Time: 0.52s
      HP Tuning KNN...
n_iterations: 3
n_required_iterations: 3
n_possible_iterations: 5
min_resources_: 190
max_resources_: 19000
aggressive_elimination: False
factor: 3
----------
iter: 0
n_candidates: 20
n_resources: 190
Fitting 5 folds for each of 20 candidates, totalling 100 fits
----------
iter: 1
n_candidates: 7
n_resources: 570
Fitting 5 folds for each of 7 candidates, totalling 35 fits
----------
iter: 2
n_candidates: 3
n_resources: 1710
Fitting 5 folds for each of 3 candidates, totalling 15 fits
      -> [Tuned_Baseline] Acc: 0.9363, F1: 0.9356, Time: 0.10s
    Evaluating Model: RandomForest
      -> [Baseline] Acc: 0.9080, F1: 0.9066, Time: 4.26s
      HP Tuning RandomForest...
n_iterations: 3
n_required_iterations: 3
n_possible_iterations: 5
min_resources_: 190
max_resources_: 19000
aggressive_elimination: False
factor: 3
----------
iter: 0
n_candidates: 20
n_resources: 190
Fitting 5 folds for each of 20 candidates, totalling 100 fits
----------
iter: 1
n_candidates: 7
n_resources: 570
Fitting 5 folds for each of 7 candidates, totalling 35 fits
----------
iter: 2
n_candidates: 3
n_resources: 1710
Fitting 5 folds for each of 3 candidates, totalling 15 fits
      -> [Tuned_Baseline] Acc: 0.9052, F1: 0.9037, Time: 0.09s
    Evaluating Model: LinearSVC
      -> [Baseline] Acc: 0.7206, F1: 0.7040, Time: 0.19s
      HP Tuning LinearSVC...
n_iterations: 3
n_required_iterations: 3
n_possible_iterations: 5
min_resources_: 190
max_resources_: 19000
aggressive_elimination: False
factor: 3
----------
iter: 0
n_candidates: 20
n_resources: 190
Fitting 5 folds for each of 20 candidates, totalling 100 fits
----------
iter: 1
n_candidates: 7
n_resources: 570
Fitting 5 folds for each of 7 candidates, totalling 35 fits
----------
iter: 2
n_candidates: 3
n_resources: 1710
Fitting 5 folds for each of 3 candidates, totalling 15 fits
      -> [Tuned_Baseline] Acc: 0.6864, F1: 0.6572, Time: 0.00s
    Evaluating Model: LogisticRegression
      -> [Baseline] Acc: 0.8432, F1: 0.8408, Time: 0.71s
      HP Tuning LogisticRegression...
n_iterations: 3
n_required_iterations: 3
n_possible_iterations: 5
min_resources_: 190
max_resources_: 19000
aggressive_elimination: False
factor: 3
----------
iter: 0
n_candidates: 12
n_resources: 190
Fitting 5 folds for each of 12 candidates, totalling 60 fits
----------
iter: 1
n_candidates: 4
n_resources: 570
Fitting 5 folds for each of 4 candidates, totalling 20 fits
----------
iter: 2
n_candidates: 2
n_resources: 1710
Fitting 5 folds for each of 2 candidates, totalling 10 fits
      -> [Tuned_Baseline] Acc: 0.8710, F1: 0.8694, Time: 0.00s
    Evaluating Model: RNN
      -> [Baseline] Acc: 0.3910, F1: 0.2971, Time: 0.58s
      -> [Tuned_Baseline] Acc: 0.3910, F1: 0.2971, Time: 0.01s
    [=== Generating 2x synthetic data with Jittering ===]
      -> [KNN + Jittering @ 2x] Acc: 0.9386, F1: 0.9379, Time: 0.16s
      -> [RandomForest + Jittering @ 2x] Acc: 0.9206, F1: 0.9191, Time: 9.40s
      -> [LinearSVC + Jittering @ 2x] Acc: 0.6883, F1: 0.6595, Time: 1.55s
      -> [LogisticRegression + Jittering @ 2x] Acc: 0.8738, F1: 0.8727, Time: 1.33s
      -> [RNN + Jittering @ 2x] Acc: 0.4737, F1: 0.3828, Time: 1.33s
    [=== Generating 3x synthetic data with Jittering ===]
      -> [KNN + Jittering @ 3x] Acc: 0.9354, F1: 0.9346, Time: 0.18s
      -> [RandomForest + Jittering @ 3x] Acc: 0.9250, F1: 0.9235, Time: 15.08s
      -> [LinearSVC + Jittering @ 3x] Acc: 0.6870, F1: 0.6580, Time: 2.60s
      -> [LogisticRegression + Jittering @ 3x] Acc: 0.8694, F1: 0.8677, Time: 2.13s
      -> [RNN + Jittering @ 3x] Acc: 0.5639, F1: 0.5249, Time: 1.87s
    [=== Generating 5x synthetic data with Jittering ===]
      -> [KNN + Jittering @ 5x] Acc: 0.9368, F1: 0.9360, Time: 0.26s
      -> [RandomForest + Jittering @ 5x] Acc: 0.9249, F1: 0.9238, Time: 26.37s
      -> [LinearSVC + Jittering @ 5x] Acc: 0.6871, F1: 0.6584, Time: 4.60s
      -> [LogisticRegression + Jittering @ 5x] Acc: 0.8689, F1: 0.8673, Time: 3.78s
      -> [RNN + Jittering @ 5x] Acc: 0.5263, F1: 0.4571, Time: 3.16s
    [=== Generating 10x synthetic data with Jittering ===]
      -> [KNN + Jittering @ 10x] Acc: 0.9360, F1: 0.9353, Time: 0.29s
      -> [RandomForest + Jittering @ 10x] Acc: 0.9265, F1: 0.9254, Time: 28.54s
      -> [LinearSVC + Jittering @ 10x] Acc: 0.6879, F1: 0.6586, Time: 7.48s
      -> [LogisticRegression + Jittering @ 10x] Acc: 0.8709, F1: 0.8692, Time: 4.78s
      -> [RNN + Jittering @ 10x] Acc: 0.8346, F1: 0.8151, Time: 5.87s
    [=== Generating 2x synthetic data with Scaling ===]
      -> [KNN + Scaling @ 2x] Acc: 0.9335, F1: 0.9329, Time: 0.16s
      -> [RandomForest + Scaling @ 2x] Acc: 0.9086, F1: 0.9074, Time: 9.05s
      -> [LinearSVC + Scaling @ 2x] Acc: 0.6833, F1: 0.6528, Time: 1.47s
      -> [LogisticRegression + Scaling @ 2x] Acc: 0.8432, F1: 0.8412, Time: 1.46s
      -> [RNN + Scaling @ 2x] Acc: 0.5113, F1: 0.4149, Time: 1.30s
    [=== Generating 3x synthetic data with Scaling ===]
      -> [KNN + Scaling @ 3x] Acc: 0.9286, F1: 0.9279, Time: 0.19s
      -> [RandomForest + Scaling @ 3x] Acc: 0.9100, F1: 0.9087, Time: 15.08s
      -> [LinearSVC + Scaling @ 3x] Acc: 0.6829, F1: 0.6530, Time: 2.41s
      -> [LogisticRegression + Scaling @ 3x] Acc: 0.8479, F1: 0.8465, Time: 2.04s
      -> [RNN + Scaling @ 3x] Acc: 0.4962, F1: 0.3915, Time: 1.76s
    [=== Generating 5x synthetic data with Scaling ===]
      -> [KNN + Scaling @ 5x] Acc: 0.9224, F1: 0.9213, Time: 0.26s
      -> [RandomForest + Scaling @ 5x] Acc: 0.9161, F1: 0.9148, Time: 26.15s
      -> [LinearSVC + Scaling @ 5x] Acc: 0.6805, F1: 0.6499, Time: 4.20s
      -> [LogisticRegression + Scaling @ 5x] Acc: 0.8488, F1: 0.8474, Time: 3.36s
      -> [RNN + Scaling @ 5x] Acc: 0.6767, F1: 0.6507, Time: 2.30s
    [=== Generating 10x synthetic data with Scaling ===]
      -> [KNN + Scaling @ 10x] Acc: 0.9313, F1: 0.9309, Time: 0.30s
      -> [RandomForest + Scaling @ 10x] Acc: 0.9138, F1: 0.9130, Time: 28.24s
      -> [LinearSVC + Scaling @ 10x] Acc: 0.6959, F1: 0.6665, Time: 7.41s
      -> [LogisticRegression + Scaling @ 10x] Acc: 0.8520, F1: 0.8501, Time: 4.75s
      -> [RNN + Scaling @ 10x] Acc: 0.7820, F1: 0.7403, Time: 5.00s
    [=== Generating 2x synthetic data with Magnitude_Warping ===]
      -> [KNN + Magnitude_Warping @ 2x] Acc: 0.9313, F1: 0.9304, Time: 0.17s
      -> [RandomForest + Magnitude_Warping @ 2x] Acc: 0.9117, F1: 0.9109, Time: 9.32s
      -> [LinearSVC + Magnitude_Warping @ 2x] Acc: 0.6719, F1: 0.6412, Time: 1.45s
      -> [LogisticRegression + Magnitude_Warping @ 2x] Acc: 0.8127, F1: 0.8085, Time: 1.34s
      -> [RNN + Magnitude_Warping @ 2x] Acc: 0.4511, F1: 0.3653, Time: 1.00s
    [=== Generating 3x synthetic data with Magnitude_Warping ===]
      -> [KNN + Magnitude_Warping @ 3x] Acc: 0.9259, F1: 0.9253, Time: 0.20s
      -> [RandomForest + Magnitude_Warping @ 3x] Acc: 0.9146, F1: 0.9140, Time: 14.95s
      -> [LinearSVC + Magnitude_Warping @ 3x] Acc: 0.6791, F1: 0.6465, Time: 2.47s
      -> [LogisticRegression + Magnitude_Warping @ 3x] Acc: 0.8222, F1: 0.8184, Time: 1.98s
      -> [RNN + Magnitude_Warping @ 3x] Acc: 0.4586, F1: 0.3688, Time: 1.53s
    [=== Generating 5x synthetic data with Magnitude_Warping ===]
      -> [KNN + Magnitude_Warping @ 5x] Acc: 0.9214, F1: 0.9211, Time: 0.28s
      -> [RandomForest + Magnitude_Warping @ 5x] Acc: 0.8992, F1: 0.8980, Time: 27.43s
      -> [LinearSVC + Magnitude_Warping @ 5x] Acc: 0.6724, F1: 0.6365, Time: 4.14s
      -> [LogisticRegression + Magnitude_Warping @ 5x] Acc: 0.8074, F1: 0.8009, Time: 3.30s
      -> [RNN + Magnitude_Warping @ 5x] Acc: 0.6165, F1: 0.5634, Time: 2.38s
    [=== Generating 10x synthetic data with Magnitude_Warping ===]
      -> [KNN + Magnitude_Warping @ 10x] Acc: 0.9198, F1: 0.9183, Time: 0.32s
      -> [RandomForest + Magnitude_Warping @ 10x] Acc: 0.9050, F1: 0.9039, Time: 31.45s
      -> [LinearSVC + Magnitude_Warping @ 10x] Acc: 0.6802, F1: 0.6471, Time: 7.44s
      -> [LogisticRegression + Magnitude_Warping @ 10x] Acc: 0.8061, F1: 0.8010, Time: 4.48s
      -> [RNN + Magnitude_Warping @ 10x] Acc: 0.7444, F1: 0.7010, Time: 5.04s
    [=== Generating 2x synthetic data with Time_Warping ===]
      -> [KNN + Time_Warping @ 2x] Acc: 0.9224, F1: 0.9204, Time: 0.16s
      -> [RandomForest + Time_Warping @ 2x] Acc: 0.8895, F1: 0.8881, Time: 9.71s
      -> [LinearSVC + Time_Warping @ 2x] Acc: 0.6720, F1: 0.6448, Time: 1.45s
      -> [LogisticRegression + Time_Warping @ 2x] Acc: 0.8302, F1: 0.8271, Time: 1.26s
      -> [RNN + Time_Warping @ 2x] Acc: 0.5113, F1: 0.4249, Time: 1.06s
    [=== Generating 3x synthetic data with Time_Warping ===]
      -> [KNN + Time_Warping @ 3x] Acc: 0.9180, F1: 0.9166, Time: 0.20s
      -> [RandomForest + Time_Warping @ 3x] Acc: 0.8861, F1: 0.8847, Time: 13.81s
      -> [LinearSVC + Time_Warping @ 3x] Acc: 0.6702, F1: 0.6397, Time: 2.42s
      -> [LogisticRegression + Time_Warping @ 3x] Acc: 0.8182, F1: 0.8144, Time: 1.95s
      -> [RNN + Time_Warping @ 3x] Acc: 0.6090, F1: 0.5134, Time: 1.41s
    [=== Generating 5x synthetic data with Time_Warping ===]
      -> [KNN + Time_Warping @ 5x] Acc: 0.9124, F1: 0.9105, Time: 0.27s
      -> [RandomForest + Time_Warping @ 5x] Acc: 0.8677, F1: 0.8660, Time: 25.67s
      -> [LinearSVC + Time_Warping @ 5x] Acc: 0.6756, F1: 0.6459, Time: 4.31s
      -> [LogisticRegression + Time_Warping @ 5x] Acc: 0.8084, F1: 0.8035, Time: 3.29s
      -> [RNN + Time_Warping @ 5x] Acc: 0.6692, F1: 0.6358, Time: 2.29s
    [=== Generating 10x synthetic data with Time_Warping ===]
      -> [KNN + Time_Warping @ 10x] Acc: 0.9006, F1: 0.8984, Time: 0.32s
      -> [RandomForest + Time_Warping @ 10x] Acc: 0.8568, F1: 0.8551, Time: 28.54s
      -> [LinearSVC + Time_Warping @ 10x] Acc: 0.6674, F1: 0.6351, Time: 7.19s
      -> [LogisticRegression + Time_Warping @ 10x] Acc: 0.8049, F1: 0.7995, Time: 4.28s
      -> [RNN + Time_Warping @ 10x] Acc: 0.7293, F1: 0.6874, Time: 5.20s
    [=== Generating 2x synthetic data with SMOTE ===]
      -> [KNN + SMOTE @ 2x] Acc: 0.9397, F1: 0.9397, Time: 0.14s
      -> [RandomForest + SMOTE @ 2x] Acc: 0.9124, F1: 0.9120, Time: 8.57s
      -> [LinearSVC + SMOTE @ 2x] Acc: 0.6847, F1: 0.6555, Time: 1.45s
      -> [LogisticRegression + SMOTE @ 2x] Acc: 0.8743, F1: 0.8742, Time: 1.24s
      -> [RNN + SMOTE @ 2x] Acc: 0.4135, F1: 0.2918, Time: 1.04s
    [=== Generating 3x synthetic data with SMOTE ===]
      -> [KNN + SMOTE @ 3x] Acc: 0.9395, F1: 0.9388, Time: 0.17s
      -> [RandomForest + SMOTE @ 3x] Acc: 0.9080, F1: 0.9069, Time: 13.19s
      -> [LinearSVC + SMOTE @ 3x] Acc: 0.6877, F1: 0.6622, Time: 2.41s
      -> [LogisticRegression + SMOTE @ 3x] Acc: 0.8789, F1: 0.8783, Time: 1.92s
      -> [RNN + SMOTE @ 3x] Acc: 0.6316, F1: 0.5646, Time: 1.74s
    [=== Generating 5x synthetic data with SMOTE ===]
      -> [KNN + SMOTE @ 5x] Acc: 0.9390, F1: 0.9388, Time: 0.22s
      -> [RandomForest + SMOTE @ 5x] Acc: 0.9128, F1: 0.9121, Time: 24.25s
      -> [LinearSVC + SMOTE @ 5x] Acc: 0.6823, F1: 0.6567, Time: 4.01s
      -> [LogisticRegression + SMOTE @ 5x] Acc: 0.8804, F1: 0.8787, Time: 3.18s
      -> [RNN + SMOTE @ 5x] Acc: 0.6090, F1: 0.5407, Time: 2.29s
    [=== Generating 10x synthetic data with SMOTE ===]
      -> [KNN + SMOTE @ 10x] Acc: 0.9428, F1: 0.9427, Time: 0.25s
      -> [RandomForest + SMOTE @ 10x] Acc: 0.9130, F1: 0.9127, Time: 26.43s
      -> [LinearSVC + SMOTE @ 10x] Acc: 0.6847, F1: 0.6573, Time: 6.59s
      -> [LogisticRegression + SMOTE @ 10x] Acc: 0.8695, F1: 0.8687, Time: 3.44s
      -> [RNN + SMOTE @ 10x] Acc: 0.6767, F1: 0.6511, Time: 5.21s
    [=== Generating 2x synthetic data with ADASYN ===]
      [!] Failed generation with ADASYN at 2x: Not any neigbours belong to the majority class. This case will induce a NaN case with a division by zero. ADASYN is not suited for this specific dataset. Use SMOTE instead.
    [=== Generating 3x synthetic data with ADASYN ===]
      [!] Failed generation with ADASYN at 3x: Not any neigbours belong to the majority class. This case will induce a NaN case with a division by zero. ADASYN is not suited for this specific dataset. Use SMOTE instead.
    [=== Generating 5x synthetic data with ADASYN ===]
      [!] Failed generation with ADASYN at 5x: Not any neigbours belong to the majority class. This case will induce a NaN case with a division by zero. ADASYN is not suited for this specific dataset. Use SMOTE instead.
    [=== Generating 10x synthetic data with ADASYN ===]
      [!] Failed generation with ADASYN at 10x: Not any neigbours belong to the majority class. This case will induce a NaN case with a division by zero. ADASYN is not suited for this specific dataset. Use SMOTE instead.
    [=== Generating 2x synthetic data with Mixup ===]
      -> [KNN + Mixup @ 2x] Acc: 0.9332, F1: 0.9326, Time: 0.14s
      -> [RandomForest + Mixup @ 2x] Acc: 0.9083, F1: 0.9078, Time: 8.42s
      -> [LinearSVC + Mixup @ 2x] Acc: 0.6817, F1: 0.6498, Time: 1.43s
      -> [LogisticRegression + Mixup @ 2x] Acc: 0.8743, F1: 0.8729, Time: 1.22s
      -> [RNN + Mixup @ 2x] Acc: 0.4361, F1: 0.3545, Time: 0.96s
    [=== Generating 3x synthetic data with Mixup ===]
      -> [KNN + Mixup @ 3x] Acc: 0.9398, F1: 0.9395, Time: 0.16s
      -> [RandomForest + Mixup @ 3x] Acc: 0.9053, F1: 0.9046, Time: 13.17s
      -> [LinearSVC + Mixup @ 3x] Acc: 0.6874, F1: 0.6592, Time: 2.40s
      -> [LogisticRegression + Mixup @ 3x] Acc: 0.8705, F1: 0.8702, Time: 1.92s
      -> [RNN + Mixup @ 3x] Acc: 0.5940, F1: 0.5273, Time: 1.42s
    [=== Generating 5x synthetic data with Mixup ===]
      -> [KNN + Mixup @ 5x] Acc: 0.9325, F1: 0.9314, Time: 0.22s
      -> [RandomForest + Mixup @ 5x] Acc: 0.9098, F1: 0.9092, Time: 22.53s
      -> [LinearSVC + Mixup @ 5x] Acc: 0.6902, F1: 0.6610, Time: 4.21s
      -> [LogisticRegression + Mixup @ 5x] Acc: 0.8702, F1: 0.8684, Time: 3.40s
      -> [RNN + Mixup @ 5x] Acc: 0.6316, F1: 0.5647, Time: 2.54s
    [=== Generating 10x synthetic data with Mixup ===]
      -> [KNN + Mixup @ 10x] Acc: 0.9367, F1: 0.9361, Time: 0.25s
      -> [RandomForest + Mixup @ 10x] Acc: 0.9159, F1: 0.9157, Time: 24.85s
      -> [LinearSVC + Mixup @ 10x] Acc: 0.6860, F1: 0.6543, Time: 6.68s
      -> [LogisticRegression + Mixup @ 10x] Acc: 0.8744, F1: 0.8738, Time: 3.64s
      -> [RNN + Mixup @ 10x] Acc: 0.8647, F1: 0.8434, Time: 4.73s
    [=== Generating 2x synthetic data with GMM ===]
      -> [KNN + GMM @ 2x] Acc: 0.9395, F1: 0.9394, Time: 0.15s
      -> [RandomForest + GMM @ 2x] Acc: 0.9210, F1: 0.9205, Time: 9.14s
      -> [LinearSVC + GMM @ 2x] Acc: 0.6843, F1: 0.6574, Time: 1.52s
      -> [LogisticRegression + GMM @ 2x] Acc: 0.8665, F1: 0.8650, Time: 1.30s
      -> [RNN + GMM @ 2x] Acc: 0.5188, F1: 0.4442, Time: 0.94s
    [=== Generating 3x synthetic data with GMM ===]
      -> [KNN + GMM @ 3x] Acc: 0.9386, F1: 0.9386, Time: 0.18s
      -> [RandomForest + GMM @ 3x] Acc: 0.9180, F1: 0.9176, Time: 14.36s
      -> [LinearSVC + GMM @ 3x] Acc: 0.6825, F1: 0.6544, Time: 2.58s
      -> [LogisticRegression + GMM @ 3x] Acc: 0.8695, F1: 0.8688, Time: 1.92s
      -> [RNN + GMM @ 3x] Acc: 0.4135, F1: 0.3526, Time: 1.37s
    [=== Generating 5x synthetic data with GMM ===]
      -> [KNN + GMM @ 5x] Acc: 0.9365, F1: 0.9364, Time: 0.24s
      -> [RandomForest + GMM @ 5x] Acc: 0.9136, F1: 0.9131, Time: 25.86s
      -> [LinearSVC + GMM @ 5x] Acc: 0.6827, F1: 0.6539, Time: 4.42s
      -> [LogisticRegression + GMM @ 5x] Acc: 0.8614, F1: 0.8604, Time: 3.10s
      -> [RNN + GMM @ 5x] Acc: 0.6842, F1: 0.6371, Time: 2.37s
    [=== Generating 10x synthetic data with GMM ===]
      -> [KNN + GMM @ 10x] Acc: 0.9350, F1: 0.9347, Time: 0.28s
      -> [RandomForest + GMM @ 10x] Acc: 0.9120, F1: 0.9115, Time: 27.45s
      -> [LinearSVC + GMM @ 10x] Acc: 0.6830, F1: 0.6548, Time: 7.37s
      -> [LogisticRegression + GMM @ 10x] Acc: 0.8562, F1: 0.8542, Time: 4.57s
      -> [RNN + GMM @ 10x] Acc: 0.7293, F1: 0.6941, Time: 5.08s
    [=== Generating 2x synthetic data with HMM_GMM ===]
      -> [KNN + HMM_GMM @ 2x] Acc: 0.9269, F1: 0.9257, Time: 0.16s
      -> [RandomForest + HMM_GMM @ 2x] Acc: 0.9034, F1: 0.9019, Time: 6.72s
      -> [LinearSVC + HMM_GMM @ 2x] Acc: 0.6866, F1: 0.6516, Time: 1.48s
      -> [LogisticRegression + HMM_GMM @ 2x] Acc: 0.7865, F1: 0.7771, Time: 1.26s
      -> [RNN + HMM_GMM @ 2x] Acc: 0.3759, F1: 0.2944, Time: 0.93s
    [=== Generating 3x synthetic data with HMM_GMM ===]
      -> [KNN + HMM_GMM @ 3x] Acc: 0.9269, F1: 0.9257, Time: 0.19s
      -> [RandomForest + HMM_GMM @ 3x] Acc: 0.8967, F1: 0.8953, Time: 7.72s
      -> [LinearSVC + HMM_GMM @ 3x] Acc: 0.6871, F1: 0.6539, Time: 2.43s
      -> [LogisticRegression + HMM_GMM @ 3x] Acc: 0.7672, F1: 0.7634, Time: 1.96s
      -> [RNN + HMM_GMM @ 3x] Acc: 0.4361, F1: 0.3710, Time: 1.69s
    [=== Generating 5x synthetic data with HMM_GMM ===]
      -> [KNN + HMM_GMM @ 5x] Acc: 0.9269, F1: 0.9257, Time: 0.25s
      -> [RandomForest + HMM_GMM @ 5x] Acc: 0.9004, F1: 0.8989, Time: 10.20s
      -> [LinearSVC + HMM_GMM @ 5x] Acc: 0.6765, F1: 0.6524, Time: 4.12s
      -> [LogisticRegression + HMM_GMM @ 5x] Acc: 0.7284, F1: 0.7175, Time: 3.34s
      -> [RNN + HMM_GMM @ 5x] Acc: 0.5940, F1: 0.5293, Time: 2.33s
    [=== Generating 10x synthetic data with HMM_GMM ===]
      -> [KNN + HMM_GMM @ 10x] Acc: 0.9160, F1: 0.9143, Time: 0.30s
      -> [RandomForest + HMM_GMM @ 10x] Acc: 0.8886, F1: 0.8869, Time: 8.19s
      -> [LinearSVC + HMM_GMM @ 10x] Acc: 0.6500, F1: 0.6263, Time: 6.50s
      -> [LogisticRegression + HMM_GMM @ 10x] Acc: 0.6869, F1: 0.6859, Time: 3.86s
      -> [RNN + HMM_GMM @ 10x] Acc: 0.4586, F1: 0.4002, Time: 4.87s
No results to plot for Plant_oil_F3_S10.
