Starting Wine_spoilage - Seed 1 - Fold 5


==================================================
Running experiment for Wine_spoilage
==================================================

--- Fold 5/10 ---

  >> Seed sets per label: 1

    >> Seed Fold Selection: 1/10
    Evaluating Model: KNN
      -> [Baseline] Acc: 0.8327, F1: 0.8240, Time: 0.14s
      HP Tuning KNN...
n_iterations: 3
n_required_iterations: 3
n_possible_iterations: 3
min_resources_: 16
max_resources_: 400
aggressive_elimination: False
factor: 3
----------
iter: 0
n_candidates: 20
n_resources: 16
Fitting 2 folds for each of 20 candidates, totalling 40 fits
----------
iter: 1
n_candidates: 7
n_resources: 48
Fitting 2 folds for each of 7 candidates, totalling 14 fits
----------
iter: 2
n_candidates: 3
n_resources: 144
Fitting 2 folds for each of 3 candidates, totalling 6 fits
      -> [Tuned_Baseline] Acc: 0.8350, F1: 0.8254, Time: 0.02s
    Evaluating Model: RandomForest
      -> [Baseline] Acc: 0.7900, F1: 0.7594, Time: 0.40s
      HP Tuning RandomForest...
n_iterations: 3
n_required_iterations: 3
n_possible_iterations: 3
min_resources_: 16
max_resources_: 400
aggressive_elimination: False
factor: 3
----------
iter: 0
n_candidates: 20
n_resources: 16
Fitting 2 folds for each of 20 candidates, totalling 40 fits
----------
iter: 1
n_candidates: 7
n_resources: 48
Fitting 2 folds for each of 7 candidates, totalling 14 fits
----------
iter: 2
n_candidates: 3
n_resources: 144
Fitting 2 folds for each of 3 candidates, totalling 6 fits
      -> [Tuned_Baseline] Acc: 0.7900, F1: 0.7594, Time: 0.01s
    Evaluating Model: LinearSVC
      -> [Baseline] Acc: 0.8100, F1: 0.8020, Time: 0.00s
      HP Tuning LinearSVC...
n_iterations: 3
n_required_iterations: 3
n_possible_iterations: 3
min_resources_: 16
max_resources_: 400
aggressive_elimination: False
factor: 3
----------
iter: 0
n_candidates: 20
n_resources: 16
Fitting 2 folds for each of 20 candidates, totalling 40 fits
----------
iter: 1
n_candidates: 7
n_resources: 48
Fitting 2 folds for each of 7 candidates, totalling 14 fits
----------
iter: 2
n_candidates: 3
n_resources: 144
Fitting 2 folds for each of 3 candidates, totalling 6 fits
      -> [Tuned_Baseline] Acc: 0.7830, F1: 0.7800, Time: 0.00s
    Evaluating Model: LogisticRegression
      -> [Baseline] Acc: 0.7977, F1: 0.7922, Time: 0.01s
      HP Tuning LogisticRegression...
n_iterations: 3
n_required_iterations: 3
n_possible_iterations: 3
min_resources_: 16
max_resources_: 400
aggressive_elimination: False
factor: 3
----------
iter: 0
n_candidates: 12
n_resources: 16
Fitting 2 folds for each of 12 candidates, totalling 24 fits
----------
iter: 1
n_candidates: 4
n_resources: 48
Fitting 2 folds for each of 4 candidates, totalling 8 fits
----------
iter: 2
n_candidates: 2
n_resources: 144
Fitting 2 folds for each of 2 candidates, totalling 4 fits
      -> [Tuned_Baseline] Acc: 0.8360, F1: 0.8226, Time: 0.00s
    Evaluating Model: RNN
      -> [Baseline] Acc: 0.9000, F1: 0.8904, Time: 2.91s
      -> [Tuned_Baseline] Acc: 0.9000, F1: 0.8904, Time: 0.01s
    [=== Generating 2x synthetic data with Jittering ===]
      -> [KNN + Jittering @ 2x] Acc: 0.8413, F1: 0.8314, Time: 0.06s
      -> [RandomForest + Jittering @ 2x] Acc: 0.8207, F1: 0.8046, Time: 0.29s
      -> [LinearSVC + Jittering @ 2x] Acc: 0.7817, F1: 0.7785, Time: 0.01s
      -> [LogisticRegression + Jittering @ 2x] Acc: 0.8420, F1: 0.8298, Time: 0.04s
      -> [RNN + Jittering @ 2x] Acc: 0.7333, F1: 0.7440, Time: 0.24s
    [=== Generating 3x synthetic data with Jittering ===]
      -> [KNN + Jittering @ 3x] Acc: 0.8393, F1: 0.8289, Time: 0.07s
      -> [RandomForest + Jittering @ 3x] Acc: 0.8103, F1: 0.7917, Time: 0.32s
      -> [LinearSVC + Jittering @ 3x] Acc: 0.7907, F1: 0.7872, Time: 0.02s
      -> [LogisticRegression + Jittering @ 3x] Acc: 0.8387, F1: 0.8256, Time: 0.04s
      -> [RNN + Jittering @ 3x] Acc: 0.9000, F1: 0.8904, Time: 0.20s
    [=== Generating 5x synthetic data with Jittering ===]
      -> [KNN + Jittering @ 5x] Acc: 0.8453, F1: 0.8356, Time: 0.09s
      -> [RandomForest + Jittering @ 5x] Acc: 0.8247, F1: 0.8107, Time: 0.47s
      -> [LinearSVC + Jittering @ 5x] Acc: 0.7973, F1: 0.7931, Time: 0.02s
      -> [LogisticRegression + Jittering @ 5x] Acc: 0.8380, F1: 0.8251, Time: 0.04s
      -> [RNN + Jittering @ 5x] Acc: 0.9000, F1: 0.9019, Time: 0.20s
    [=== Generating 10x synthetic data with Jittering ===]
      -> [KNN + Jittering @ 10x] Acc: 0.8397, F1: 0.8293, Time: 0.12s
      -> [RandomForest + Jittering @ 10x] Acc: 0.8263, F1: 0.8129, Time: 0.62s
      -> [LinearSVC + Jittering @ 10x] Acc: 0.8070, F1: 0.7998, Time: 0.05s
      -> [LogisticRegression + Jittering @ 10x] Acc: 0.8400, F1: 0.8269, Time: 0.13s
      -> [RNN + Jittering @ 10x] Acc: 0.8667, F1: 0.8579, Time: 0.50s
    [=== Generating 2x synthetic data with Scaling ===]
      -> [KNN + Scaling @ 2x] Acc: 0.8393, F1: 0.8297, Time: 0.03s
      -> [RandomForest + Scaling @ 2x] Acc: 0.8277, F1: 0.8142, Time: 0.44s
      -> [LinearSVC + Scaling @ 2x] Acc: 0.7857, F1: 0.7790, Time: 0.01s
      -> [LogisticRegression + Scaling @ 2x] Acc: 0.8117, F1: 0.7957, Time: 0.04s
      -> [RNN + Scaling @ 2x] Acc: 0.6000, F1: 0.6122, Time: 0.30s
    [=== Generating 3x synthetic data with Scaling ===]
      -> [KNN + Scaling @ 3x] Acc: 0.8337, F1: 0.8252, Time: 0.07s
      -> [RandomForest + Scaling @ 3x] Acc: 0.8180, F1: 0.8036, Time: 0.25s
      -> [LinearSVC + Scaling @ 3x] Acc: 0.7830, F1: 0.7799, Time: 0.02s
      -> [LogisticRegression + Scaling @ 3x] Acc: 0.8117, F1: 0.7979, Time: 0.03s
      -> [RNN + Scaling @ 3x] Acc: 0.8333, F1: 0.8052, Time: 0.25s
    [=== Generating 5x synthetic data with Scaling ===]
      -> [KNN + Scaling @ 5x] Acc: 0.8397, F1: 0.8299, Time: 0.08s
      -> [RandomForest + Scaling @ 5x] Acc: 0.8307, F1: 0.8175, Time: 0.64s
      -> [LinearSVC + Scaling @ 5x] Acc: 0.7943, F1: 0.7899, Time: 0.02s
      -> [LogisticRegression + Scaling @ 5x] Acc: 0.8407, F1: 0.8319, Time: 0.02s
      -> [RNN + Scaling @ 5x] Acc: 0.9667, F1: 0.9672, Time: 0.27s
    [=== Generating 10x synthetic data with Scaling ===]
      -> [KNN + Scaling @ 10x] Acc: 0.8430, F1: 0.8339, Time: 0.13s
      -> [RandomForest + Scaling @ 10x] Acc: 0.8360, F1: 0.8225, Time: 0.92s
      -> [LinearSVC + Scaling @ 10x] Acc: 0.7983, F1: 0.7908, Time: 0.05s
      -> [LogisticRegression + Scaling @ 10x] Acc: 0.8390, F1: 0.8318, Time: 0.06s
      -> [RNN + Scaling @ 10x] Acc: 0.8000, F1: 0.7690, Time: 0.38s
    [=== Generating 2x synthetic data with Magnitude_Warping ===]
      -> [KNN + Magnitude_Warping @ 2x] Acc: 0.8390, F1: 0.8288, Time: 0.03s
      -> [RandomForest + Magnitude_Warping @ 2x] Acc: 0.8047, F1: 0.7902, Time: 0.27s
      -> [LinearSVC + Magnitude_Warping @ 2x] Acc: 0.7813, F1: 0.7765, Time: 0.01s
      -> [LogisticRegression + Magnitude_Warping @ 2x] Acc: 0.8297, F1: 0.8219, Time: 0.03s
      -> [RNN + Magnitude_Warping @ 2x] Acc: 0.9000, F1: 0.8962, Time: 0.17s
    [=== Generating 3x synthetic data with Magnitude_Warping ===]
      -> [KNN + Magnitude_Warping @ 3x] Acc: 0.8380, F1: 0.8298, Time: 0.04s
      -> [RandomForest + Magnitude_Warping @ 3x] Acc: 0.8243, F1: 0.8121, Time: 0.28s
      -> [LinearSVC + Magnitude_Warping @ 3x] Acc: 0.7793, F1: 0.7752, Time: 0.02s
      -> [LogisticRegression + Magnitude_Warping @ 3x] Acc: 0.8167, F1: 0.8062, Time: 0.03s
      -> [RNN + Magnitude_Warping @ 3x] Acc: 0.9000, F1: 0.8928, Time: 0.23s
    [=== Generating 5x synthetic data with Magnitude_Warping ===]
      -> [KNN + Magnitude_Warping @ 5x] Acc: 0.8443, F1: 0.8343, Time: 0.05s
      -> [RandomForest + Magnitude_Warping @ 5x] Acc: 0.8297, F1: 0.8163, Time: 0.39s
      -> [LinearSVC + Magnitude_Warping @ 5x] Acc: 0.7807, F1: 0.7737, Time: 0.02s
      -> [LogisticRegression + Magnitude_Warping @ 5x] Acc: 0.8253, F1: 0.8178, Time: 0.02s
      -> [RNN + Magnitude_Warping @ 5x] Acc: 0.8667, F1: 0.8611, Time: 0.13s
    [=== Generating 10x synthetic data with Magnitude_Warping ===]
      -> [KNN + Magnitude_Warping @ 10x] Acc: 0.8413, F1: 0.8311, Time: 0.15s
      -> [RandomForest + Magnitude_Warping @ 10x] Acc: 0.8290, F1: 0.8185, Time: 0.87s
      -> [LinearSVC + Magnitude_Warping @ 10x] Acc: 0.7943, F1: 0.7872, Time: 0.05s
      -> [LogisticRegression + Magnitude_Warping @ 10x] Acc: 0.8123, F1: 0.8006, Time: 0.12s
      -> [RNN + Magnitude_Warping @ 10x] Acc: 0.8000, F1: 0.7676, Time: 0.25s
    [=== Generating 2x synthetic data with Time_Warping ===]
      -> [KNN + Time_Warping @ 2x] Acc: 0.8340, F1: 0.8255, Time: 0.06s
      -> [RandomForest + Time_Warping @ 2x] Acc: 0.7923, F1: 0.7634, Time: 0.28s
      -> [LinearSVC + Time_Warping @ 2x] Acc: 0.7713, F1: 0.7683, Time: 0.02s
      -> [LogisticRegression + Time_Warping @ 2x] Acc: 0.7813, F1: 0.7718, Time: 0.04s
      -> [RNN + Time_Warping @ 2x] Acc: 0.9333, F1: 0.9346, Time: 0.23s
    [=== Generating 3x synthetic data with Time_Warping ===]
      -> [KNN + Time_Warping @ 3x] Acc: 0.8307, F1: 0.8211, Time: 0.07s
      -> [RandomForest + Time_Warping @ 3x] Acc: 0.7913, F1: 0.7620, Time: 0.50s
      -> [LinearSVC + Time_Warping @ 3x] Acc: 0.7837, F1: 0.7776, Time: 0.01s
      -> [LogisticRegression + Time_Warping @ 3x] Acc: 0.7790, F1: 0.7706, Time: 0.03s
      -> [RNN + Time_Warping @ 3x] Acc: 0.9333, F1: 0.9302, Time: 0.23s
    [=== Generating 5x synthetic data with Time_Warping ===]
      -> [KNN + Time_Warping @ 5x] Acc: 0.8203, F1: 0.8108, Time: 0.06s
      -> [RandomForest + Time_Warping @ 5x] Acc: 0.7910, F1: 0.7611, Time: 0.34s
      -> [LinearSVC + Time_Warping @ 5x] Acc: 0.7807, F1: 0.7756, Time: 0.03s
      -> [LogisticRegression + Time_Warping @ 5x] Acc: 0.7793, F1: 0.7679, Time: 0.05s
      -> [RNN + Time_Warping @ 5x] Acc: 0.6333, F1: 0.6659, Time: 0.16s
    [=== Generating 10x synthetic data with Time_Warping ===]
      -> [KNN + Time_Warping @ 10x] Acc: 0.8340, F1: 0.8262, Time: 0.11s
      -> [RandomForest + Time_Warping @ 10x] Acc: 0.7883, F1: 0.7557, Time: 0.57s
      -> [LinearSVC + Time_Warping @ 10x] Acc: 0.7757, F1: 0.7693, Time: 0.03s
      -> [LogisticRegression + Time_Warping @ 10x] Acc: 0.7593, F1: 0.7503, Time: 0.04s
      -> [RNN + Time_Warping @ 10x] Acc: 0.8333, F1: 0.8171, Time: 0.26s

    >> Seed Fold Selection: 2/10
    Evaluating Model: KNN
      -> [Baseline] Acc: 0.7187, F1: 0.7288, Time: 0.14s
      HP Tuning KNN...
n_iterations: 3
n_required_iterations: 3
n_possible_iterations: 3
min_resources_: 16
max_resources_: 400
aggressive_elimination: False
factor: 3
----------
iter: 0
n_candidates: 20
n_resources: 16
Fitting 2 folds for each of 20 candidates, totalling 40 fits
----------
iter: 1
n_candidates: 7
n_resources: 48
Fitting 2 folds for each of 7 candidates, totalling 14 fits
----------
iter: 2
n_candidates: 3
n_resources: 144
Fitting 2 folds for each of 3 candidates, totalling 6 fits
      -> [Tuned_Baseline] Acc: 0.7073, F1: 0.7184, Time: 0.02s
    Evaluating Model: RandomForest
      -> [Baseline] Acc: 0.6560, F1: 0.6653, Time: 0.19s
      HP Tuning RandomForest...
n_iterations: 3
n_required_iterations: 3
n_possible_iterations: 3
min_resources_: 16
max_resources_: 400
aggressive_elimination: False
factor: 3
----------
iter: 0
n_candidates: 20
n_resources: 16
Fitting 2 folds for each of 20 candidates, totalling 40 fits
----------
iter: 1
n_candidates: 7
n_resources: 48
Fitting 2 folds for each of 7 candidates, totalling 14 fits
----------
iter: 2
n_candidates: 3
n_resources: 144
Fitting 2 folds for each of 3 candidates, totalling 6 fits
      -> [Tuned_Baseline] Acc: 0.6580, F1: 0.6696, Time: 0.01s
    Evaluating Model: LinearSVC
      -> [Baseline] Acc: 0.7160, F1: 0.7242, Time: 0.01s
      HP Tuning LinearSVC...
n_iterations: 3
n_required_iterations: 3
n_possible_iterations: 3
min_resources_: 16
max_resources_: 400
aggressive_elimination: False
factor: 3
----------
iter: 0
n_candidates: 20
n_resources: 16
Fitting 2 folds for each of 20 candidates, totalling 40 fits
----------
iter: 1
n_candidates: 7
n_resources: 48
Fitting 2 folds for each of 7 candidates, totalling 14 fits
----------
iter: 2
n_candidates: 3
n_resources: 144
Fitting 2 folds for each of 3 candidates, totalling 6 fits
      -> [Tuned_Baseline] Acc: 0.7120, F1: 0.7199, Time: 0.00s
    Evaluating Model: LogisticRegression
      -> [Baseline] Acc: 0.7280, F1: 0.7355, Time: 0.02s
      HP Tuning LogisticRegression...
n_iterations: 3
n_required_iterations: 3
n_possible_iterations: 3
min_resources_: 16
max_resources_: 400
aggressive_elimination: False
factor: 3
----------
iter: 0
n_candidates: 12
n_resources: 16
Fitting 2 folds for each of 12 candidates, totalling 24 fits
----------
iter: 1
n_candidates: 4
n_resources: 48
Fitting 2 folds for each of 4 candidates, totalling 8 fits
----------
iter: 2
n_candidates: 2
n_resources: 144
Fitting 2 folds for each of 2 candidates, totalling 4 fits
      -> [Tuned_Baseline] Acc: 0.4550, F1: 0.4775, Time: 0.00s
    Evaluating Model: RNN
      -> [Baseline] Acc: 0.8000, F1: 0.7507, Time: 0.22s
      -> [Tuned_Baseline] Acc: 0.8000, F1: 0.7507, Time: 0.01s
    [=== Generating 2x synthetic data with Jittering ===]
      -> [KNN + Jittering @ 2x] Acc: 0.7283, F1: 0.7402, Time: 0.06s
      -> [RandomForest + Jittering @ 2x] Acc: 0.6943, F1: 0.7038, Time: 0.26s
      -> [LinearSVC + Jittering @ 2x] Acc: 0.7153, F1: 0.7235, Time: 0.01s
      -> [LogisticRegression + Jittering @ 2x] Acc: 0.5660, F1: 0.5733, Time: 0.06s
      -> [RNN + Jittering @ 2x] Acc: 0.7667, F1: 0.6784, Time: 0.25s
    [=== Generating 3x synthetic data with Jittering ===]
      -> [KNN + Jittering @ 3x] Acc: 0.7510, F1: 0.7628, Time: 0.08s
      -> [RandomForest + Jittering @ 3x] Acc: 0.6937, F1: 0.7044, Time: 0.28s
      -> [LinearSVC + Jittering @ 3x] Acc: 0.7123, F1: 0.7204, Time: 0.02s
      -> [LogisticRegression + Jittering @ 3x] Acc: 0.5950, F1: 0.6011, Time: 0.07s
      -> [RNN + Jittering @ 3x] Acc: 0.8000, F1: 0.7528, Time: 0.25s
    [=== Generating 5x synthetic data with Jittering ===]
      -> [KNN + Jittering @ 5x] Acc: 0.7393, F1: 0.7518, Time: 0.10s
      -> [RandomForest + Jittering @ 5x] Acc: 0.6920, F1: 0.7033, Time: 0.37s
      -> [LinearSVC + Jittering @ 5x] Acc: 0.7157, F1: 0.7238, Time: 0.03s
      -> [LogisticRegression + Jittering @ 5x] Acc: 0.6327, F1: 0.6372, Time: 0.09s
      -> [RNN + Jittering @ 5x] Acc: 0.6000, F1: 0.5683, Time: 0.26s
    [=== Generating 10x synthetic data with Jittering ===]
      -> [KNN + Jittering @ 10x] Acc: 0.7320, F1: 0.7445, Time: 0.15s
      -> [RandomForest + Jittering @ 10x] Acc: 0.7110, F1: 0.7220, Time: 0.35s
      -> [LinearSVC + Jittering @ 10x] Acc: 0.7180, F1: 0.7262, Time: 0.03s
      -> [LogisticRegression + Jittering @ 10x] Acc: 0.6453, F1: 0.6505, Time: 0.05s
      -> [RNN + Jittering @ 10x] Acc: 0.7667, F1: 0.7297, Time: 0.29s
    [=== Generating 2x synthetic data with Scaling ===]
      -> [KNN + Scaling @ 2x] Acc: 0.7007, F1: 0.7111, Time: 0.06s
      -> [RandomForest + Scaling @ 2x] Acc: 0.5703, F1: 0.5582, Time: 0.24s
      -> [LinearSVC + Scaling @ 2x] Acc: 0.7123, F1: 0.7203, Time: 0.02s
      -> [LogisticRegression + Scaling @ 2x] Acc: 0.5767, F1: 0.5904, Time: 0.03s
      -> [RNN + Scaling @ 2x] Acc: 0.3333, F1: 0.2578, Time: 0.27s
    [=== Generating 3x synthetic data with Scaling ===]
      -> [KNN + Scaling @ 3x] Acc: 0.7137, F1: 0.7250, Time: 0.08s
      -> [RandomForest + Scaling @ 3x] Acc: 0.6073, F1: 0.6137, Time: 0.26s
      -> [LinearSVC + Scaling @ 3x] Acc: 0.6950, F1: 0.7025, Time: 0.02s
      -> [LogisticRegression + Scaling @ 3x] Acc: 0.5253, F1: 0.5408, Time: 0.06s
      -> [RNN + Scaling @ 3x] Acc: 0.3667, F1: 0.2893, Time: 0.24s
    [=== Generating 5x synthetic data with Scaling ===]
      -> [KNN + Scaling @ 5x] Acc: 0.7400, F1: 0.7519, Time: 0.10s
      -> [RandomForest + Scaling @ 5x] Acc: 0.6907, F1: 0.7018, Time: 0.20s
      -> [LinearSVC + Scaling @ 5x] Acc: 0.6993, F1: 0.7086, Time: 0.02s
      -> [LogisticRegression + Scaling @ 5x] Acc: 0.6967, F1: 0.7106, Time: 0.02s
      -> [RNN + Scaling @ 5x] Acc: 0.3333, F1: 0.2579, Time: 0.12s
    [=== Generating 10x synthetic data with Scaling ===]
      -> [KNN + Scaling @ 10x] Acc: 0.7743, F1: 0.7838, Time: 0.07s
      -> [RandomForest + Scaling @ 10x] Acc: 0.7233, F1: 0.7354, Time: 0.28s
      -> [LinearSVC + Scaling @ 10x] Acc: 0.7173, F1: 0.7248, Time: 0.06s
      -> [LogisticRegression + Scaling @ 10x] Acc: 0.7453, F1: 0.7585, Time: 0.08s
      -> [RNN + Scaling @ 10x] Acc: 0.7667, F1: 0.6934, Time: 0.41s
    [=== Generating 2x synthetic data with Magnitude_Warping ===]
      -> [KNN + Magnitude_Warping @ 2x] Acc: 0.6913, F1: 0.7008, Time: 0.03s
      -> [RandomForest + Magnitude_Warping @ 2x] Acc: 0.6077, F1: 0.6074, Time: 0.26s
      -> [LinearSVC + Magnitude_Warping @ 2x] Acc: 0.7167, F1: 0.7246, Time: 0.01s
      -> [LogisticRegression + Magnitude_Warping @ 2x] Acc: 0.7277, F1: 0.7372, Time: 0.02s
      -> [RNN + Magnitude_Warping @ 2x] Acc: 0.7333, F1: 0.6406, Time: 0.19s
    [=== Generating 3x synthetic data with Magnitude_Warping ===]
      -> [KNN + Magnitude_Warping @ 3x] Acc: 0.7417, F1: 0.7536, Time: 0.09s
      -> [RandomForest + Magnitude_Warping @ 3x] Acc: 0.7027, F1: 0.7116, Time: 0.30s
      -> [LinearSVC + Magnitude_Warping @ 3x] Acc: 0.7063, F1: 0.7157, Time: 0.01s
      -> [LogisticRegression + Magnitude_Warping @ 3x] Acc: 0.7100, F1: 0.7158, Time: 0.04s
      -> [RNN + Magnitude_Warping @ 3x] Acc: 0.7000, F1: 0.6602, Time: 0.15s
    [=== Generating 5x synthetic data with Magnitude_Warping ===]
      -> [KNN + Magnitude_Warping @ 5x] Acc: 0.7150, F1: 0.7279, Time: 0.11s
      -> [RandomForest + Magnitude_Warping @ 5x] Acc: 0.7013, F1: 0.7110, Time: 0.42s
      -> [LinearSVC + Magnitude_Warping @ 5x] Acc: 0.7217, F1: 0.7299, Time: 0.04s
      -> [LogisticRegression + Magnitude_Warping @ 5x] Acc: 0.7273, F1: 0.7377, Time: 0.04s
      -> [RNN + Magnitude_Warping @ 5x] Acc: 0.6667, F1: 0.6440, Time: 0.20s
    [=== Generating 10x synthetic data with Magnitude_Warping ===]
      -> [KNN + Magnitude_Warping @ 10x] Acc: 0.7020, F1: 0.7133, Time: 0.17s
      -> [RandomForest + Magnitude_Warping @ 10x] Acc: 0.6707, F1: 0.6772, Time: 0.45s
      -> [LinearSVC + Magnitude_Warping @ 10x] Acc: 0.7187, F1: 0.7264, Time: 0.07s
      -> [LogisticRegression + Magnitude_Warping @ 10x] Acc: 0.7060, F1: 0.7129, Time: 0.07s
      -> [RNN + Magnitude_Warping @ 10x] Acc: 0.3667, F1: 0.2954, Time: 0.29s
    [=== Generating 2x synthetic data with Time_Warping ===]
      -> [KNN + Time_Warping @ 2x] Acc: 0.7123, F1: 0.7238, Time: 0.03s
      -> [RandomForest + Time_Warping @ 2x] Acc: 0.6627, F1: 0.6716, Time: 0.22s
      -> [LinearSVC + Time_Warping @ 2x] Acc: 0.6727, F1: 0.6778, Time: 0.02s
      -> [LogisticRegression + Time_Warping @ 2x] Acc: 0.5110, F1: 0.5205, Time: 0.05s
      -> [RNN + Time_Warping @ 2x] Acc: 0.7000, F1: 0.6319, Time: 0.24s
    [=== Generating 3x synthetic data with Time_Warping ===]
      -> [KNN + Time_Warping @ 3x] Acc: 0.6903, F1: 0.7009, Time: 0.10s
      -> [RandomForest + Time_Warping @ 3x] Acc: 0.6537, F1: 0.6659, Time: 0.18s
      -> [LinearSVC + Time_Warping @ 3x] Acc: 0.6650, F1: 0.6676, Time: 0.02s
      -> [LogisticRegression + Time_Warping @ 3x] Acc: 0.5193, F1: 0.5290, Time: 0.06s
      -> [RNN + Time_Warping @ 3x] Acc: 0.7667, F1: 0.7515, Time: 0.25s
    [=== Generating 5x synthetic data with Time_Warping ===]
      -> [KNN + Time_Warping @ 5x] Acc: 0.6807, F1: 0.6911, Time: 0.08s
      -> [RandomForest + Time_Warping @ 5x] Acc: 0.6053, F1: 0.6131, Time: 0.19s
      -> [LinearSVC + Time_Warping @ 5x] Acc: 0.6897, F1: 0.6977, Time: 0.02s
      -> [LogisticRegression + Time_Warping @ 5x] Acc: 0.5210, F1: 0.5314, Time: 0.04s
      -> [RNN + Time_Warping @ 5x] Acc: 0.2667, F1: 0.2178, Time: 0.12s
    [=== Generating 10x synthetic data with Time_Warping ===]
      -> [KNN + Time_Warping @ 10x] Acc: 0.6607, F1: 0.6668, Time: 0.27s
      -> [RandomForest + Time_Warping @ 10x] Acc: 0.6133, F1: 0.6215, Time: 0.59s
      -> [LinearSVC + Time_Warping @ 10x] Acc: 0.6983, F1: 0.7059, Time: 0.08s
      -> [LogisticRegression + Time_Warping @ 10x] Acc: 0.5247, F1: 0.5346, Time: 0.07s
      -> [RNN + Time_Warping @ 10x] Acc: 0.5000, F1: 0.5159, Time: 0.25s

    >> Seed Fold Selection: 3/10
    Evaluating Model: KNN
      -> [Baseline] Acc: 0.8180, F1: 0.8123, Time: 0.14s
      HP Tuning KNN...
n_iterations: 3
n_required_iterations: 3
n_possible_iterations: 3
min_resources_: 16
max_resources_: 400
aggressive_elimination: False
factor: 3
----------
iter: 0
n_candidates: 20
n_resources: 16
Fitting 2 folds for each of 20 candidates, totalling 40 fits
----------
iter: 1
n_candidates: 7
n_resources: 48
Fitting 2 folds for each of 7 candidates, totalling 14 fits
----------
iter: 2
n_candidates: 3
n_resources: 144
Fitting 2 folds for each of 3 candidates, totalling 6 fits
      -> [Tuned_Baseline] Acc: 0.8187, F1: 0.8130, Time: 0.03s
    Evaluating Model: RandomForest
      -> [Baseline] Acc: 0.7713, F1: 0.7678, Time: 0.30s
      HP Tuning RandomForest...
n_iterations: 3
n_required_iterations: 3
n_possible_iterations: 3
min_resources_: 16
max_resources_: 400
aggressive_elimination: False
factor: 3
----------
iter: 0
n_candidates: 20
n_resources: 16
Fitting 2 folds for each of 20 candidates, totalling 40 fits
----------
iter: 1
n_candidates: 7
n_resources: 48
Fitting 2 folds for each of 7 candidates, totalling 14 fits
----------
iter: 2
n_candidates: 3
n_resources: 144
Fitting 2 folds for each of 3 candidates, totalling 6 fits
      -> [Tuned_Baseline] Acc: 0.7713, F1: 0.7678, Time: 0.01s
    Evaluating Model: LinearSVC
      -> [Baseline] Acc: 0.8140, F1: 0.8127, Time: 0.00s
      HP Tuning LinearSVC...
n_iterations: 3
n_required_iterations: 3
n_possible_iterations: 3
min_resources_: 16
max_resources_: 400
aggressive_elimination: False
factor: 3
----------
iter: 0
n_candidates: 20
n_resources: 16
Fitting 2 folds for each of 20 candidates, totalling 40 fits
----------
iter: 1
n_candidates: 7
n_resources: 48
Fitting 2 folds for each of 7 candidates, totalling 14 fits
----------
iter: 2
n_candidates: 3
n_resources: 144
Fitting 2 folds for each of 3 candidates, totalling 6 fits
      -> [Tuned_Baseline] Acc: 0.7793, F1: 0.7793, Time: 0.00s
    Evaluating Model: LogisticRegression
      -> [Baseline] Acc: 0.7977, F1: 0.7986, Time: 0.01s
      HP Tuning LogisticRegression...
n_iterations: 3
n_required_iterations: 3
n_possible_iterations: 3
min_resources_: 16
max_resources_: 400
aggressive_elimination: False
factor: 3
----------
iter: 0
n_candidates: 12
n_resources: 16
Fitting 2 folds for each of 12 candidates, totalling 24 fits
----------
iter: 1
n_candidates: 4
n_resources: 48
Fitting 2 folds for each of 4 candidates, totalling 8 fits
----------
iter: 2
n_candidates: 2
n_resources: 144
Fitting 2 folds for each of 2 candidates, totalling 4 fits
      -> [Tuned_Baseline] Acc: 0.6463, F1: 0.6604, Time: 0.00s
    Evaluating Model: RNN
      -> [Baseline] Acc: 0.5333, F1: 0.5070, Time: 0.23s
      -> [Tuned_Baseline] Acc: 0.5333, F1: 0.5070, Time: 0.00s
    [=== Generating 2x synthetic data with Jittering ===]
      -> [KNN + Jittering @ 2x] Acc: 0.8220, F1: 0.8152, Time: 0.05s
      -> [RandomForest + Jittering @ 2x] Acc: 0.7810, F1: 0.7782, Time: 0.37s
      -> [LinearSVC + Jittering @ 2x] Acc: 0.7927, F1: 0.7924, Time: 0.01s
      -> [LogisticRegression + Jittering @ 2x] Acc: 0.7507, F1: 0.7566, Time: 0.05s
      -> [RNN + Jittering @ 2x] Acc: 0.8333, F1: 0.8319, Time: 0.25s
    [=== Generating 3x synthetic data with Jittering ===]
      -> [KNN + Jittering @ 3x] Acc: 0.8237, F1: 0.8168, Time: 0.07s
      -> [RandomForest + Jittering @ 3x] Acc: 0.7983, F1: 0.7952, Time: 0.57s
      -> [LinearSVC + Jittering @ 3x] Acc: 0.8013, F1: 0.8011, Time: 0.01s
      -> [LogisticRegression + Jittering @ 3x] Acc: 0.7410, F1: 0.7485, Time: 0.02s
      -> [RNN + Jittering @ 3x] Acc: 0.8333, F1: 0.8147, Time: 0.12s
    [=== Generating 5x synthetic data with Jittering ===]
      -> [KNN + Jittering @ 5x] Acc: 0.8297, F1: 0.8235, Time: 0.04s
      -> [RandomForest + Jittering @ 5x] Acc: 0.7990, F1: 0.7955, Time: 0.37s
      -> [LinearSVC + Jittering @ 5x] Acc: 0.8023, F1: 0.8021, Time: 0.02s
      -> [LogisticRegression + Jittering @ 5x] Acc: 0.7560, F1: 0.7626, Time: 0.07s
      -> [RNN + Jittering @ 5x] Acc: 0.7333, F1: 0.6399, Time: 0.19s
    [=== Generating 10x synthetic data with Jittering ===]
      -> [KNN + Jittering @ 10x] Acc: 0.8277, F1: 0.8215, Time: 0.06s
      -> [RandomForest + Jittering @ 10x] Acc: 0.8033, F1: 0.7999, Time: 1.27s
      -> [LinearSVC + Jittering @ 10x] Acc: 0.8047, F1: 0.8041, Time: 0.03s
      -> [LogisticRegression + Jittering @ 10x] Acc: 0.7623, F1: 0.7685, Time: 0.06s
      -> [RNN + Jittering @ 10x] Acc: 0.8333, F1: 0.8171, Time: 0.24s
    [=== Generating 2x synthetic data with Scaling ===]
      -> [KNN + Scaling @ 2x] Acc: 0.8263, F1: 0.8194, Time: 0.02s
      -> [RandomForest + Scaling @ 2x] Acc: 0.7557, F1: 0.7359, Time: 0.22s
      -> [LinearSVC + Scaling @ 2x] Acc: 0.7843, F1: 0.7853, Time: 0.01s
      -> [LogisticRegression + Scaling @ 2x] Acc: 0.7313, F1: 0.7392, Time: 0.02s
      -> [RNN + Scaling @ 2x] Acc: 0.5333, F1: 0.4598, Time: 0.11s
    [=== Generating 3x synthetic data with Scaling ===]
      -> [KNN + Scaling @ 3x] Acc: 0.8263, F1: 0.8197, Time: 0.06s
      -> [RandomForest + Scaling @ 3x] Acc: 0.7947, F1: 0.7886, Time: 0.26s
      -> [LinearSVC + Scaling @ 3x] Acc: 0.8013, F1: 0.8010, Time: 0.01s
      -> [LogisticRegression + Scaling @ 3x] Acc: 0.7327, F1: 0.7412, Time: 0.04s
      -> [RNN + Scaling @ 3x] Acc: 0.9333, F1: 0.9345, Time: 0.20s
    [=== Generating 5x synthetic data with Scaling ===]
      -> [KNN + Scaling @ 5x] Acc: 0.8217, F1: 0.8161, Time: 0.04s
      -> [RandomForest + Scaling @ 5x] Acc: 0.7420, F1: 0.7142, Time: 0.51s
      -> [LinearSVC + Scaling @ 5x] Acc: 0.7970, F1: 0.7954, Time: 0.02s
      -> [LogisticRegression + Scaling @ 5x] Acc: 0.7430, F1: 0.7482, Time: 0.06s
      -> [RNN + Scaling @ 5x] Acc: 0.8333, F1: 0.8382, Time: 0.13s
    [=== Generating 10x synthetic data with Scaling ===]
      -> [KNN + Scaling @ 10x] Acc: 0.8350, F1: 0.8296, Time: 0.07s
      -> [RandomForest + Scaling @ 10x] Acc: 0.8137, F1: 0.8083, Time: 0.67s
      -> [LinearSVC + Scaling @ 10x] Acc: 0.8037, F1: 0.8017, Time: 0.06s
      -> [LogisticRegression + Scaling @ 10x] Acc: 0.7547, F1: 0.7622, Time: 0.07s
      -> [RNN + Scaling @ 10x] Acc: 0.7333, F1: 0.6399, Time: 0.51s
    [=== Generating 2x synthetic data with Magnitude_Warping ===]
      -> [KNN + Magnitude_Warping @ 2x] Acc: 0.8143, F1: 0.8087, Time: 0.06s
      -> [RandomForest + Magnitude_Warping @ 2x] Acc: 0.7930, F1: 0.7902, Time: 0.33s
      -> [LinearSVC + Magnitude_Warping @ 2x] Acc: 0.7883, F1: 0.7876, Time: 0.01s
      -> [LogisticRegression + Magnitude_Warping @ 2x] Acc: 0.7447, F1: 0.7522, Time: 0.02s
      -> [RNN + Magnitude_Warping @ 2x] Acc: 0.9000, F1: 0.8969, Time: 0.16s
    [=== Generating 3x synthetic data with Magnitude_Warping ===]
      -> [KNN + Magnitude_Warping @ 3x] Acc: 0.8150, F1: 0.8076, Time: 0.07s
      -> [RandomForest + Magnitude_Warping @ 3x] Acc: 0.7963, F1: 0.7922, Time: 0.58s
      -> [LinearSVC + Magnitude_Warping @ 3x] Acc: 0.7920, F1: 0.7926, Time: 0.02s
      -> [LogisticRegression + Magnitude_Warping @ 3x] Acc: 0.7387, F1: 0.7479, Time: 0.03s
      -> [RNN + Magnitude_Warping @ 3x] Acc: 0.8333, F1: 0.8147, Time: 0.24s
    [=== Generating 5x synthetic data with Magnitude_Warping ===]
      -> [KNN + Magnitude_Warping @ 5x] Acc: 0.8260, F1: 0.8200, Time: 0.10s
      -> [RandomForest + Magnitude_Warping @ 5x] Acc: 0.7957, F1: 0.7934, Time: 0.40s
      -> [LinearSVC + Magnitude_Warping @ 5x] Acc: 0.7933, F1: 0.7922, Time: 0.02s
      -> [LogisticRegression + Magnitude_Warping @ 5x] Acc: 0.7507, F1: 0.7574, Time: 0.04s
      -> [RNN + Magnitude_Warping @ 5x] Acc: 0.7333, F1: 0.6678, Time: 0.26s
    [=== Generating 10x synthetic data with Magnitude_Warping ===]
      -> [KNN + Magnitude_Warping @ 10x] Acc: 0.8283, F1: 0.8234, Time: 0.07s
      -> [RandomForest + Magnitude_Warping @ 10x] Acc: 0.8137, F1: 0.8092, Time: 0.92s
      -> [LinearSVC + Magnitude_Warping @ 10x] Acc: 0.8083, F1: 0.8061, Time: 0.03s
      -> [LogisticRegression + Magnitude_Warping @ 10x] Acc: 0.7607, F1: 0.7677, Time: 0.08s
      -> [RNN + Magnitude_Warping @ 10x] Acc: 0.8667, F1: 0.8565, Time: 0.53s
    [=== Generating 2x synthetic data with Time_Warping ===]
      -> [KNN + Time_Warping @ 2x] Acc: 0.8170, F1: 0.8113, Time: 0.06s
      -> [RandomForest + Time_Warping @ 2x] Acc: 0.7453, F1: 0.7428, Time: 0.44s
      -> [LinearSVC + Time_Warping @ 2x] Acc: 0.8033, F1: 0.7973, Time: 0.01s
      -> [LogisticRegression + Time_Warping @ 2x] Acc: 0.6880, F1: 0.7035, Time: 0.07s
      -> [RNN + Time_Warping @ 2x] Acc: 0.4667, F1: 0.4075, Time: 0.25s
    [=== Generating 3x synthetic data with Time_Warping ===]
      -> [KNN + Time_Warping @ 3x] Acc: 0.8113, F1: 0.8062, Time: 0.10s
      -> [RandomForest + Time_Warping @ 3x] Acc: 0.7480, F1: 0.7448, Time: 0.27s
      -> [LinearSVC + Time_Warping @ 3x] Acc: 0.8017, F1: 0.8024, Time: 0.02s
      -> [LogisticRegression + Time_Warping @ 3x] Acc: 0.6837, F1: 0.6988, Time: 0.06s
      -> [RNN + Time_Warping @ 3x] Acc: 0.8000, F1: 0.7719, Time: 0.16s
    [=== Generating 5x synthetic data with Time_Warping ===]
      -> [KNN + Time_Warping @ 5x] Acc: 0.8033, F1: 0.7998, Time: 0.07s
      -> [RandomForest + Time_Warping @ 5x] Acc: 0.7517, F1: 0.7485, Time: 0.30s
      -> [LinearSVC + Time_Warping @ 5x] Acc: 0.7913, F1: 0.7908, Time: 0.02s
      -> [LogisticRegression + Time_Warping @ 5x] Acc: 0.6460, F1: 0.6634, Time: 0.06s
      -> [RNN + Time_Warping @ 5x] Acc: 0.8667, F1: 0.8731, Time: 0.26s
    [=== Generating 10x synthetic data with Time_Warping ===]
      -> [KNN + Time_Warping @ 10x] Acc: 0.8100, F1: 0.8063, Time: 0.12s
      -> [RandomForest + Time_Warping @ 10x] Acc: 0.7510, F1: 0.7464, Time: 0.47s
      -> [LinearSVC + Time_Warping @ 10x] Acc: 0.7850, F1: 0.7848, Time: 0.07s
      -> [LogisticRegression + Time_Warping @ 10x] Acc: 0.6473, F1: 0.6648, Time: 0.08s
      -> [RNN + Time_Warping @ 10x] Acc: 0.8333, F1: 0.8171, Time: 0.51s

    >> Seed Fold Selection: 4/10
    Evaluating Model: KNN
      -> [Baseline] Acc: 0.8090, F1: 0.8041, Time: 0.13s
      HP Tuning KNN...
n_iterations: 3
n_required_iterations: 3
n_possible_iterations: 3
min_resources_: 16
max_resources_: 400
aggressive_elimination: False
factor: 3
----------
iter: 0
n_candidates: 20
n_resources: 16
Fitting 2 folds for each of 20 candidates, totalling 40 fits
----------
iter: 1
n_candidates: 7
n_resources: 48
Fitting 2 folds for each of 7 candidates, totalling 14 fits
----------
iter: 2
n_candidates: 3
n_resources: 144
Fitting 2 folds for each of 3 candidates, totalling 6 fits
      -> [Tuned_Baseline] Acc: 0.8097, F1: 0.8045, Time: 0.02s
    Evaluating Model: RandomForest
      -> [Baseline] Acc: 0.8047, F1: 0.7954, Time: 0.18s
      HP Tuning RandomForest...
n_iterations: 3
n_required_iterations: 3
n_possible_iterations: 3
min_resources_: 16
max_resources_: 400
aggressive_elimination: False
factor: 3
----------
iter: 0
n_candidates: 20
n_resources: 16
Fitting 2 folds for each of 20 candidates, totalling 40 fits
----------
iter: 1
n_candidates: 7
n_resources: 48
Fitting 2 folds for each of 7 candidates, totalling 14 fits
----------
iter: 2
n_candidates: 3
n_resources: 144
Fitting 2 folds for each of 3 candidates, totalling 6 fits
      -> [Tuned_Baseline] Acc: 0.8000, F1: 0.7920, Time: 0.01s
    Evaluating Model: LinearSVC
      -> [Baseline] Acc: 0.7893, F1: 0.7886, Time: 0.01s
      HP Tuning LinearSVC...
n_iterations: 3
n_required_iterations: 3
n_possible_iterations: 3
min_resources_: 16
max_resources_: 400
aggressive_elimination: False
factor: 3
----------
iter: 0
n_candidates: 20
n_resources: 16
Fitting 2 folds for each of 20 candidates, totalling 40 fits
----------
iter: 1
n_candidates: 7
n_resources: 48
Fitting 2 folds for each of 7 candidates, totalling 14 fits
----------
iter: 2
n_candidates: 3
n_resources: 144
Fitting 2 folds for each of 3 candidates, totalling 6 fits
      -> [Tuned_Baseline] Acc: 0.7950, F1: 0.7927, Time: 0.00s
    Evaluating Model: LogisticRegression
      -> [Baseline] Acc: 0.7773, F1: 0.7762, Time: 0.01s
      HP Tuning LogisticRegression...
n_iterations: 3
n_required_iterations: 3
n_possible_iterations: 3
min_resources_: 16
max_resources_: 400
aggressive_elimination: False
factor: 3
----------
iter: 0
n_candidates: 12
n_resources: 16
Fitting 2 folds for each of 12 candidates, totalling 24 fits
----------
iter: 1
n_candidates: 4
n_resources: 48
Fitting 2 folds for each of 4 candidates, totalling 8 fits
----------
iter: 2
n_candidates: 2
n_resources: 144
Fitting 2 folds for each of 2 candidates, totalling 4 fits
      -> [Tuned_Baseline] Acc: 0.8087, F1: 0.8048, Time: 0.00s
    Evaluating Model: RNN
      -> [Baseline] Acc: 0.8000, F1: 0.7542, Time: 0.11s
      -> [Tuned_Baseline] Acc: 0.8000, F1: 0.7542, Time: 0.00s
    [=== Generating 2x synthetic data with Jittering ===]
      -> [KNN + Jittering @ 2x] Acc: 0.8177, F1: 0.8111, Time: 0.05s
      -> [RandomForest + Jittering @ 2x] Acc: 0.7997, F1: 0.7950, Time: 0.47s
      -> [LinearSVC + Jittering @ 2x] Acc: 0.7953, F1: 0.7930, Time: 0.02s
      -> [LogisticRegression + Jittering @ 2x] Acc: 0.8020, F1: 0.7985, Time: 0.05s
      -> [RNN + Jittering @ 2x] Acc: 0.9000, F1: 0.9019, Time: 0.24s
    [=== Generating 3x synthetic data with Jittering ===]
      -> [KNN + Jittering @ 3x] Acc: 0.8203, F1: 0.8139, Time: 0.06s
      -> [RandomForest + Jittering @ 3x] Acc: 0.7967, F1: 0.7915, Time: 0.38s
      -> [LinearSVC + Jittering @ 3x] Acc: 0.7953, F1: 0.7929, Time: 0.01s
      -> [LogisticRegression + Jittering @ 3x] Acc: 0.8007, F1: 0.7956, Time: 0.05s
      -> [RNN + Jittering @ 3x] Acc: 0.9000, F1: 0.8969, Time: 0.12s
    [=== Generating 5x synthetic data with Jittering ===]
      -> [KNN + Jittering @ 5x] Acc: 0.8227, F1: 0.8161, Time: 0.08s
      -> [RandomForest + Jittering @ 5x] Acc: 0.7980, F1: 0.7934, Time: 0.51s
      -> [LinearSVC + Jittering @ 5x] Acc: 0.7963, F1: 0.7939, Time: 0.02s
      -> [LogisticRegression + Jittering @ 5x] Acc: 0.8030, F1: 0.7980, Time: 0.04s
      -> [RNN + Jittering @ 5x] Acc: 0.9000, F1: 0.9022, Time: 0.30s
    [=== Generating 10x synthetic data with Jittering ===]
      -> [KNN + Jittering @ 10x] Acc: 0.8223, F1: 0.8157, Time: 0.10s
      -> [RandomForest + Jittering @ 10x] Acc: 0.8007, F1: 0.7960, Time: 0.68s
      -> [LinearSVC + Jittering @ 10x] Acc: 0.7943, F1: 0.7923, Time: 0.07s
      -> [LogisticRegression + Jittering @ 10x] Acc: 0.7990, F1: 0.7931, Time: 0.05s
      -> [RNN + Jittering @ 10x] Acc: 0.9333, F1: 0.9315, Time: 0.24s
    [=== Generating 2x synthetic data with Scaling ===]
      -> [KNN + Scaling @ 2x] Acc: 0.8153, F1: 0.8096, Time: 0.05s
      -> [RandomForest + Scaling @ 2x] Acc: 0.7960, F1: 0.7884, Time: 0.26s
      -> [LinearSVC + Scaling @ 2x] Acc: 0.7980, F1: 0.7958, Time: 0.02s
      -> [LogisticRegression + Scaling @ 2x] Acc: 0.8153, F1: 0.8148, Time: 0.05s
      -> [RNN + Scaling @ 2x] Acc: 0.7667, F1: 0.7521, Time: 0.15s
    [=== Generating 3x synthetic data with Scaling ===]
      -> [KNN + Scaling @ 3x] Acc: 0.8183, F1: 0.8114, Time: 0.03s
      -> [RandomForest + Scaling @ 3x] Acc: 0.7953, F1: 0.7843, Time: 0.24s
      -> [LinearSVC + Scaling @ 3x] Acc: 0.7930, F1: 0.7900, Time: 0.03s
      -> [LogisticRegression + Scaling @ 3x] Acc: 0.8067, F1: 0.8038, Time: 0.07s
      -> [RNN + Scaling @ 3x] Acc: 0.8667, F1: 0.8570, Time: 0.17s
    [=== Generating 5x synthetic data with Scaling ===]
      -> [KNN + Scaling @ 5x] Acc: 0.8200, F1: 0.8134, Time: 0.04s
      -> [RandomForest + Scaling @ 5x] Acc: 0.8060, F1: 0.7945, Time: 0.31s
      -> [LinearSVC + Scaling @ 5x] Acc: 0.7957, F1: 0.7941, Time: 0.02s
      -> [LogisticRegression + Scaling @ 5x] Acc: 0.8253, F1: 0.8220, Time: 0.04s
      -> [RNN + Scaling @ 5x] Acc: 0.9667, F1: 0.9672, Time: 0.26s
    [=== Generating 10x synthetic data with Scaling ===]
      -> [KNN + Scaling @ 10x] Acc: 0.8190, F1: 0.8120, Time: 0.11s
      -> [RandomForest + Scaling @ 10x] Acc: 0.7943, F1: 0.7864, Time: 0.81s
      -> [LinearSVC + Scaling @ 10x] Acc: 0.7947, F1: 0.7925, Time: 0.08s
      -> [LogisticRegression + Scaling @ 10x] Acc: 0.8073, F1: 0.8037, Time: 0.08s
      -> [RNN + Scaling @ 10x] Acc: 0.8667, F1: 0.8570, Time: 0.24s
    [=== Generating 2x synthetic data with Magnitude_Warping ===]
      -> [KNN + Magnitude_Warping @ 2x] Acc: 0.8133, F1: 0.8069, Time: 0.05s
      -> [RandomForest + Magnitude_Warping @ 2x] Acc: 0.8073, F1: 0.7959, Time: 0.40s
      -> [LinearSVC + Magnitude_Warping @ 2x] Acc: 0.7890, F1: 0.7855, Time: 0.01s
      -> [LogisticRegression + Magnitude_Warping @ 2x] Acc: 0.8140, F1: 0.8085, Time: 0.03s
      -> [RNN + Magnitude_Warping @ 2x] Acc: 0.9333, F1: 0.9319, Time: 0.12s
    [=== Generating 3x synthetic data with Magnitude_Warping ===]
      -> [KNN + Magnitude_Warping @ 3x] Acc: 0.8197, F1: 0.8132, Time: 0.05s
      -> [RandomForest + Magnitude_Warping @ 3x] Acc: 0.7957, F1: 0.7886, Time: 0.26s
      -> [LinearSVC + Magnitude_Warping @ 3x] Acc: 0.7733, F1: 0.7704, Time: 0.01s
      -> [LogisticRegression + Magnitude_Warping @ 3x] Acc: 0.7923, F1: 0.7868, Time: 0.03s
      -> [RNN + Magnitude_Warping @ 3x] Acc: 0.9000, F1: 0.9017, Time: 0.15s
    [=== Generating 5x synthetic data with Magnitude_Warping ===]
      -> [KNN + Magnitude_Warping @ 5x] Acc: 0.8180, F1: 0.8110, Time: 0.05s
      -> [RandomForest + Magnitude_Warping @ 5x] Acc: 0.7907, F1: 0.7828, Time: 0.38s
      -> [LinearSVC + Magnitude_Warping @ 5x] Acc: 0.7870, F1: 0.7806, Time: 0.02s
      -> [LogisticRegression + Magnitude_Warping @ 5x] Acc: 0.7940, F1: 0.7883, Time: 0.02s
      -> [RNN + Magnitude_Warping @ 5x] Acc: 0.9000, F1: 0.8960, Time: 0.13s
    [=== Generating 10x synthetic data with Magnitude_Warping ===]
      -> [KNN + Magnitude_Warping @ 10x] Acc: 0.8213, F1: 0.8148, Time: 0.06s
      -> [RandomForest + Magnitude_Warping @ 10x] Acc: 0.7897, F1: 0.7832, Time: 0.61s
      -> [LinearSVC + Magnitude_Warping @ 10x] Acc: 0.7797, F1: 0.7754, Time: 0.07s
      -> [LogisticRegression + Magnitude_Warping @ 10x] Acc: 0.8147, F1: 0.8094, Time: 0.07s
      -> [RNN + Magnitude_Warping @ 10x] Acc: 0.9000, F1: 0.8969, Time: 0.25s
    [=== Generating 2x synthetic data with Time_Warping ===]
      -> [KNN + Time_Warping @ 2x] Acc: 0.8120, F1: 0.8066, Time: 0.03s
      -> [RandomForest + Time_Warping @ 2x] Acc: 0.7960, F1: 0.7866, Time: 0.25s
      -> [LinearSVC + Time_Warping @ 2x] Acc: 0.7797, F1: 0.7810, Time: 0.01s
      -> [LogisticRegression + Time_Warping @ 2x] Acc: 0.8000, F1: 0.8008, Time: 0.05s
      -> [RNN + Time_Warping @ 2x] Acc: 0.9333, F1: 0.9319, Time: 0.14s
    [=== Generating 3x synthetic data with Time_Warping ===]
      -> [KNN + Time_Warping @ 3x] Acc: 0.8177, F1: 0.8121, Time: 0.04s
      -> [RandomForest + Time_Warping @ 3x] Acc: 0.7987, F1: 0.7872, Time: 0.32s
      -> [LinearSVC + Time_Warping @ 3x] Acc: 0.7837, F1: 0.7799, Time: 0.03s
      -> [LogisticRegression + Time_Warping @ 3x] Acc: 0.8070, F1: 0.8068, Time: 0.08s
      -> [RNN + Time_Warping @ 3x] Acc: 0.9000, F1: 0.8969, Time: 0.25s
    [=== Generating 5x synthetic data with Time_Warping ===]
      -> [KNN + Time_Warping @ 5x] Acc: 0.8140, F1: 0.8089, Time: 0.12s
      -> [RandomForest + Time_Warping @ 5x] Acc: 0.7947, F1: 0.7838, Time: 0.48s
      -> [LinearSVC + Time_Warping @ 5x] Acc: 0.7933, F1: 0.7889, Time: 0.02s
      -> [LogisticRegression + Time_Warping @ 5x] Acc: 0.7980, F1: 0.7983, Time: 0.09s
      -> [RNN + Time_Warping @ 5x] Acc: 0.8333, F1: 0.7880, Time: 0.27s
    [=== Generating 10x synthetic data with Time_Warping ===]
      -> [KNN + Time_Warping @ 10x] Acc: 0.8210, F1: 0.8147, Time: 0.22s
      -> [RandomForest + Time_Warping @ 10x] Acc: 0.7923, F1: 0.7811, Time: 0.68s
      -> [LinearSVC + Time_Warping @ 10x] Acc: 0.8007, F1: 0.8001, Time: 0.07s
      -> [LogisticRegression + Time_Warping @ 10x] Acc: 0.7553, F1: 0.7587, Time: 0.20s
      -> [RNN + Time_Warping @ 10x] Acc: 0.6667, F1: 0.5656, Time: 0.53s

    >> Seed Fold Selection: 5/10
    Evaluating Model: KNN
      -> [Baseline] Acc: 0.7957, F1: 0.7759, Time: 0.16s
      HP Tuning KNN...
n_iterations: 3
n_required_iterations: 3
n_possible_iterations: 3
min_resources_: 16
max_resources_: 400
aggressive_elimination: False
factor: 3
----------
iter: 0
n_candidates: 20
n_resources: 16
Fitting 2 folds for each of 20 candidates, totalling 40 fits
----------
iter: 1
n_candidates: 7
n_resources: 48
Fitting 2 folds for each of 7 candidates, totalling 14 fits
----------
iter: 2
n_candidates: 3
n_resources: 144
Fitting 2 folds for each of 3 candidates, totalling 6 fits
      -> [Tuned_Baseline] Acc: 0.7957, F1: 0.7739, Time: 0.16s
    Evaluating Model: RandomForest
      -> [Baseline] Acc: 0.7703, F1: 0.7231, Time: 0.19s
      HP Tuning RandomForest...
n_iterations: 3
n_required_iterations: 3
n_possible_iterations: 3
min_resources_: 16
max_resources_: 400
aggressive_elimination: False
factor: 3
----------
iter: 0
n_candidates: 20
n_resources: 16
Fitting 2 folds for each of 20 candidates, totalling 40 fits
----------
iter: 1
n_candidates: 7
n_resources: 48
Fitting 2 folds for each of 7 candidates, totalling 14 fits
----------
iter: 2
n_candidates: 3
n_resources: 144
Fitting 2 folds for each of 3 candidates, totalling 6 fits
      -> [Tuned_Baseline] Acc: 0.7730, F1: 0.7251, Time: 0.01s
    Evaluating Model: LinearSVC
      -> [Baseline] Acc: 0.7897, F1: 0.7691, Time: 0.01s
      HP Tuning LinearSVC...
n_iterations: 3
n_required_iterations: 3
n_possible_iterations: 3
min_resources_: 16
max_resources_: 400
aggressive_elimination: False
factor: 3
----------
iter: 0
n_candidates: 20
n_resources: 16
Fitting 2 folds for each of 20 candidates, totalling 40 fits
----------
iter: 1
n_candidates: 7
n_resources: 48
Fitting 2 folds for each of 7 candidates, totalling 14 fits
----------
iter: 2
n_candidates: 3
n_resources: 144
Fitting 2 folds for each of 3 candidates, totalling 6 fits
      -> [Tuned_Baseline] Acc: 0.7897, F1: 0.7691, Time: 0.00s
    Evaluating Model: LogisticRegression
      -> [Baseline] Acc: 0.7830, F1: 0.7641, Time: 0.01s
      HP Tuning LogisticRegression...
n_iterations: 3
n_required_iterations: 3
n_possible_iterations: 3
min_resources_: 16
max_resources_: 400
aggressive_elimination: False
factor: 3
----------
iter: 0
n_candidates: 12
n_resources: 16
Fitting 2 folds for each of 12 candidates, totalling 24 fits
----------
iter: 1
n_candidates: 4
n_resources: 48
Fitting 2 folds for each of 4 candidates, totalling 8 fits
----------
iter: 2
n_candidates: 2
n_resources: 144
Fitting 2 folds for each of 2 candidates, totalling 4 fits
      -> [Tuned_Baseline] Acc: 0.7847, F1: 0.7480, Time: 0.00s
    Evaluating Model: RNN
      -> [Baseline] Acc: 0.8000, F1: 0.7437, Time: 0.11s
      -> [Tuned_Baseline] Acc: 0.8000, F1: 0.7437, Time: 0.00s
    [=== Generating 2x synthetic data with Jittering ===]
      -> [KNN + Jittering @ 2x] Acc: 0.8097, F1: 0.7869, Time: 0.31s
      -> [RandomForest + Jittering @ 2x] Acc: 0.7927, F1: 0.7568, Time: 0.13s
      -> [LinearSVC + Jittering @ 2x] Acc: 0.7917, F1: 0.7700, Time: 0.01s
      -> [LogisticRegression + Jittering @ 2x] Acc: 0.7810, F1: 0.7418, Time: 0.01s
      -> [RNN + Jittering @ 2x] Acc: 0.9000, F1: 0.9054, Time: 0.24s
    [=== Generating 3x synthetic data with Jittering ===]
      -> [KNN + Jittering @ 3x] Acc: 0.8093, F1: 0.7870, Time: 0.30s
      -> [RandomForest + Jittering @ 3x] Acc: 0.7917, F1: 0.7566, Time: 0.26s
      -> [LinearSVC + Jittering @ 3x] Acc: 0.7933, F1: 0.7705, Time: 0.01s
      -> [LogisticRegression + Jittering @ 3x] Acc: 0.7897, F1: 0.7550, Time: 0.01s
      -> [RNN + Jittering @ 3x] Acc: 0.8000, F1: 0.7437, Time: 0.23s
    [=== Generating 5x synthetic data with Jittering ===]
      -> [KNN + Jittering @ 5x] Acc: 0.8100, F1: 0.7876, Time: 0.15s
      -> [RandomForest + Jittering @ 5x] Acc: 0.7997, F1: 0.7684, Time: 0.16s
      -> [LinearSVC + Jittering @ 5x] Acc: 0.7980, F1: 0.7749, Time: 0.01s
      -> [LogisticRegression + Jittering @ 5x] Acc: 0.7943, F1: 0.7618, Time: 0.03s
      -> [RNN + Jittering @ 5x] Acc: 0.8333, F1: 0.8401, Time: 0.32s
    [=== Generating 10x synthetic data with Jittering ===]
      -> [KNN + Jittering @ 10x] Acc: 0.8083, F1: 0.7852, Time: 0.34s
      -> [RandomForest + Jittering @ 10x] Acc: 0.8010, F1: 0.7712, Time: 0.47s
      -> [LinearSVC + Jittering @ 10x] Acc: 0.7987, F1: 0.7754, Time: 0.01s
      -> [LogisticRegression + Jittering @ 10x] Acc: 0.7920, F1: 0.7576, Time: 0.04s
      -> [RNN + Jittering @ 10x] Acc: 0.8333, F1: 0.8199, Time: 0.52s
    [=== Generating 2x synthetic data with Scaling ===]
      -> [KNN + Scaling @ 2x] Acc: 0.8097, F1: 0.7872, Time: 0.19s
      -> [RandomForest + Scaling @ 2x] Acc: 0.7823, F1: 0.7411, Time: 0.11s
      -> [LinearSVC + Scaling @ 2x] Acc: 0.7987, F1: 0.7760, Time: 0.00s
      -> [LogisticRegression + Scaling @ 2x] Acc: 0.7997, F1: 0.7722, Time: 0.01s
      -> [RNN + Scaling @ 2x] Acc: 0.8000, F1: 0.7608, Time: 0.25s
    [=== Generating 3x synthetic data with Scaling ===]
      -> [KNN + Scaling @ 3x] Acc: 0.8127, F1: 0.7891, Time: 0.14s
      -> [RandomForest + Scaling @ 3x] Acc: 0.7770, F1: 0.7274, Time: 0.14s
      -> [LinearSVC + Scaling @ 3x] Acc: 0.7887, F1: 0.7604, Time: 0.01s
      -> [LogisticRegression + Scaling @ 3x] Acc: 0.8023, F1: 0.7722, Time: 0.01s
      -> [RNN + Scaling @ 3x] Acc: 0.8000, F1: 0.7437, Time: 0.12s
    [=== Generating 5x synthetic data with Scaling ===]
      -> [KNN + Scaling @ 5x] Acc: 0.8073, F1: 0.7848, Time: 0.32s
      -> [RandomForest + Scaling @ 5x] Acc: 0.7790, F1: 0.7339, Time: 0.31s
      -> [LinearSVC + Scaling @ 5x] Acc: 0.7877, F1: 0.7584, Time: 0.01s
      -> [LogisticRegression + Scaling @ 5x] Acc: 0.7800, F1: 0.7389, Time: 0.04s
      -> [RNN + Scaling @ 5x] Acc: 0.8667, F1: 0.8579, Time: 0.27s
    [=== Generating 10x synthetic data with Scaling ===]
      -> [KNN + Scaling @ 10x] Acc: 0.8060, F1: 0.7835, Time: 0.33s
      -> [RandomForest + Scaling @ 10x] Acc: 0.7910, F1: 0.7539, Time: 0.50s
      -> [LinearSVC + Scaling @ 10x] Acc: 0.7883, F1: 0.7588, Time: 0.03s
      -> [LogisticRegression + Scaling @ 10x] Acc: 0.8000, F1: 0.7741, Time: 0.05s
      -> [RNN + Scaling @ 10x] Acc: 0.8333, F1: 0.8029, Time: 0.41s
    [=== Generating 2x synthetic data with Magnitude_Warping ===]
      -> [KNN + Magnitude_Warping @ 2x] Acc: 0.8050, F1: 0.7827, Time: 0.14s
      -> [RandomForest + Magnitude_Warping @ 2x] Acc: 0.7820, F1: 0.7408, Time: 0.23s
      -> [LinearSVC + Magnitude_Warping @ 2x] Acc: 0.7807, F1: 0.7550, Time: 0.01s
      -> [LogisticRegression + Magnitude_Warping @ 2x] Acc: 0.7910, F1: 0.7569, Time: 0.02s
      -> [RNN + Magnitude_Warping @ 2x] Acc: 0.8667, F1: 0.8579, Time: 0.25s
    [=== Generating 3x synthetic data with Magnitude_Warping ===]
      -> [KNN + Magnitude_Warping @ 3x] Acc: 0.8083, F1: 0.7863, Time: 0.33s
      -> [RandomForest + Magnitude_Warping @ 3x] Acc: 0.7837, F1: 0.7422, Time: 0.28s
      -> [LinearSVC + Magnitude_Warping @ 3x] Acc: 0.7933, F1: 0.7709, Time: 0.01s
      -> [LogisticRegression + Magnitude_Warping @ 3x] Acc: 0.8067, F1: 0.7793, Time: 0.02s
      -> [RNN + Magnitude_Warping @ 3x] Acc: 0.9000, F1: 0.8971, Time: 0.25s
    [=== Generating 5x synthetic data with Magnitude_Warping ===]
      -> [KNN + Magnitude_Warping @ 5x] Acc: 0.8057, F1: 0.7846, Time: 0.31s
      -> [RandomForest + Magnitude_Warping @ 5x] Acc: 0.7823, F1: 0.7488, Time: 0.35s
      -> [LinearSVC + Magnitude_Warping @ 5x] Acc: 0.7783, F1: 0.7524, Time: 0.01s
      -> [LogisticRegression + Magnitude_Warping @ 5x] Acc: 0.7993, F1: 0.7707, Time: 0.04s
      -> [RNN + Magnitude_Warping @ 5x] Acc: 0.8000, F1: 0.7437, Time: 0.26s
    [=== Generating 10x synthetic data with Magnitude_Warping ===]
      -> [KNN + Magnitude_Warping @ 10x] Acc: 0.8130, F1: 0.7899, Time: 0.23s
      -> [RandomForest + Magnitude_Warping @ 10x] Acc: 0.8100, F1: 0.7866, Time: 0.27s
      -> [LinearSVC + Magnitude_Warping @ 10x] Acc: 0.7857, F1: 0.7629, Time: 0.01s
      -> [LogisticRegression + Magnitude_Warping @ 10x] Acc: 0.7990, F1: 0.7688, Time: 0.04s
      -> [RNN + Magnitude_Warping @ 10x] Acc: 0.8000, F1: 0.7437, Time: 0.25s
    [=== Generating 2x synthetic data with Time_Warping ===]
      -> [KNN + Time_Warping @ 2x] Acc: 0.7950, F1: 0.7728, Time: 0.22s
      -> [RandomForest + Time_Warping @ 2x] Acc: 0.7790, F1: 0.7332, Time: 0.20s
      -> [LinearSVC + Time_Warping @ 2x] Acc: 0.7810, F1: 0.7614, Time: 0.01s
      -> [LogisticRegression + Time_Warping @ 2x] Acc: 0.8040, F1: 0.7809, Time: 0.02s
      -> [RNN + Time_Warping @ 2x] Acc: 0.8667, F1: 0.8579, Time: 0.25s
    [=== Generating 3x synthetic data with Time_Warping ===]
      -> [KNN + Time_Warping @ 3x] Acc: 0.7957, F1: 0.7739, Time: 0.15s
      -> [RandomForest + Time_Warping @ 3x] Acc: 0.7747, F1: 0.7266, Time: 0.12s
      -> [LinearSVC + Time_Warping @ 3x] Acc: 0.7820, F1: 0.7621, Time: 0.01s
      -> [LogisticRegression + Time_Warping @ 3x] Acc: 0.8007, F1: 0.7734, Time: 0.02s
      -> [RNN + Time_Warping @ 3x] Acc: 0.8667, F1: 0.8678, Time: 0.26s
    [=== Generating 5x synthetic data with Time_Warping ===]
      -> [KNN + Time_Warping @ 5x] Acc: 0.7923, F1: 0.7710, Time: 0.17s
      -> [RandomForest + Time_Warping @ 5x] Acc: 0.7687, F1: 0.7157, Time: 0.28s
      -> [LinearSVC + Time_Warping @ 5x] Acc: 0.7893, F1: 0.7625, Time: 0.01s
      -> [LogisticRegression + Time_Warping @ 5x] Acc: 0.7933, F1: 0.7666, Time: 0.03s
      -> [RNN + Time_Warping @ 5x] Acc: 0.8333, F1: 0.8098, Time: 0.26s
    [=== Generating 10x synthetic data with Time_Warping ===]
      -> [KNN + Time_Warping @ 10x] Acc: 0.7977, F1: 0.7773, Time: 0.40s
      -> [RandomForest + Time_Warping @ 10x] Acc: 0.7717, F1: 0.7187, Time: 0.28s
      -> [LinearSVC + Time_Warping @ 10x] Acc: 0.7933, F1: 0.7637, Time: 0.03s
      -> [LogisticRegression + Time_Warping @ 10x] Acc: 0.7927, F1: 0.7652, Time: 0.05s
      -> [RNN + Time_Warping @ 10x] Acc: 0.8000, F1: 0.7690, Time: 0.28s

    >> Seed Fold Selection: 6/10
    Evaluating Model: KNN
      -> [Baseline] Acc: 0.8330, F1: 0.8289, Time: 0.14s
      HP Tuning KNN...
n_iterations: 3
n_required_iterations: 3
n_possible_iterations: 3
min_resources_: 16
max_resources_: 400
aggressive_elimination: False
factor: 3
----------
iter: 0
n_candidates: 20
n_resources: 16
Fitting 2 folds for each of 20 candidates, totalling 40 fits
----------
iter: 1
n_candidates: 7
n_resources: 48
Fitting 2 folds for each of 7 candidates, totalling 14 fits
----------
iter: 2
n_candidates: 3
n_resources: 144
Fitting 2 folds for each of 3 candidates, totalling 6 fits
      -> [Tuned_Baseline] Acc: 0.8383, F1: 0.8346, Time: 0.04s
    Evaluating Model: RandomForest
      -> [Baseline] Acc: 0.7053, F1: 0.7058, Time: 0.22s
      HP Tuning RandomForest...
n_iterations: 3
n_required_iterations: 3
n_possible_iterations: 3
min_resources_: 16
max_resources_: 400
aggressive_elimination: False
factor: 3
----------
iter: 0
n_candidates: 20
n_resources: 16
Fitting 2 folds for each of 20 candidates, totalling 40 fits
----------
iter: 1
n_candidates: 7
n_resources: 48
Fitting 2 folds for each of 7 candidates, totalling 14 fits
----------
iter: 2
n_candidates: 3
n_resources: 144
Fitting 2 folds for each of 3 candidates, totalling 6 fits
      -> [Tuned_Baseline] Acc: 0.7063, F1: 0.7082, Time: 0.01s
    Evaluating Model: LinearSVC
      -> [Baseline] Acc: 0.7183, F1: 0.7252, Time: 0.00s
      HP Tuning LinearSVC...
n_iterations: 3
n_required_iterations: 3
n_possible_iterations: 3
min_resources_: 16
max_resources_: 400
aggressive_elimination: False
factor: 3
----------
iter: 0
n_candidates: 20
n_resources: 16
Fitting 2 folds for each of 20 candidates, totalling 40 fits
----------
iter: 1
n_candidates: 7
n_resources: 48
Fitting 2 folds for each of 7 candidates, totalling 14 fits
----------
iter: 2
n_candidates: 3
n_resources: 144
Fitting 2 folds for each of 3 candidates, totalling 6 fits
      -> [Tuned_Baseline] Acc: 0.7560, F1: 0.7621, Time: 0.00s
    Evaluating Model: LogisticRegression
      -> [Baseline] Acc: 0.7447, F1: 0.7513, Time: 0.01s
      HP Tuning LogisticRegression...
n_iterations: 3
n_required_iterations: 3
n_possible_iterations: 3
min_resources_: 16
max_resources_: 400
aggressive_elimination: False
factor: 3
----------
iter: 0
n_candidates: 12
n_resources: 16
Fitting 2 folds for each of 12 candidates, totalling 24 fits
----------
iter: 1
n_candidates: 4
n_resources: 48
Fitting 2 folds for each of 4 candidates, totalling 8 fits
----------
iter: 2
n_candidates: 2
n_resources: 144
Fitting 2 folds for each of 2 candidates, totalling 4 fits
      -> [Tuned_Baseline] Acc: 0.5367, F1: 0.5535, Time: 0.00s
    Evaluating Model: RNN
      -> [Baseline] Acc: 0.4000, F1: 0.3185, Time: 0.22s
      -> [Tuned_Baseline] Acc: 0.4000, F1: 0.3185, Time: 0.01s
    [=== Generating 2x synthetic data with Jittering ===]
      -> [KNN + Jittering @ 2x] Acc: 0.8470, F1: 0.8428, Time: 0.06s
      -> [RandomForest + Jittering @ 2x] Acc: 0.7460, F1: 0.7464, Time: 0.22s
      -> [LinearSVC + Jittering @ 2x] Acc: 0.7560, F1: 0.7622, Time: 0.01s
      -> [LogisticRegression + Jittering @ 2x] Acc: 0.5670, F1: 0.5806, Time: 0.03s
      -> [RNN + Jittering @ 2x] Acc: 0.4000, F1: 0.3122, Time: 0.23s
    [=== Generating 3x synthetic data with Jittering ===]
      -> [KNN + Jittering @ 3x] Acc: 0.8460, F1: 0.8424, Time: 0.07s
      -> [RandomForest + Jittering @ 3x] Acc: 0.7270, F1: 0.7249, Time: 0.29s
      -> [LinearSVC + Jittering @ 3x] Acc: 0.7570, F1: 0.7635, Time: 0.03s
      -> [LogisticRegression + Jittering @ 3x] Acc: 0.5720, F1: 0.5858, Time: 0.06s
      -> [RNN + Jittering @ 3x] Acc: 0.7667, F1: 0.7739, Time: 0.24s
    [=== Generating 5x synthetic data with Jittering ===]
      -> [KNN + Jittering @ 5x] Acc: 0.8490, F1: 0.8451, Time: 0.09s
      -> [RandomForest + Jittering @ 5x] Acc: 0.7420, F1: 0.7402, Time: 0.26s
      -> [LinearSVC + Jittering @ 5x] Acc: 0.7540, F1: 0.7608, Time: 0.04s
      -> [LogisticRegression + Jittering @ 5x] Acc: 0.5730, F1: 0.5861, Time: 0.08s
      -> [RNN + Jittering @ 5x] Acc: 0.6333, F1: 0.6224, Time: 0.13s
    [=== Generating 10x synthetic data with Jittering ===]
      -> [KNN + Jittering @ 10x] Acc: 0.8477, F1: 0.8437, Time: 0.06s
      -> [RandomForest + Jittering @ 10x] Acc: 0.7387, F1: 0.7358, Time: 0.32s
      -> [LinearSVC + Jittering @ 10x] Acc: 0.7250, F1: 0.7324, Time: 0.03s
      -> [LogisticRegression + Jittering @ 10x] Acc: 0.5800, F1: 0.5927, Time: 0.11s
      -> [RNN + Jittering @ 10x] Acc: 0.7333, F1: 0.6548, Time: 0.25s
    [=== Generating 2x synthetic data with Scaling ===]
      -> [KNN + Scaling @ 2x] Acc: 0.8460, F1: 0.8432, Time: 0.05s
      -> [RandomForest + Scaling @ 2x] Acc: 0.6917, F1: 0.6887, Time: 0.15s
      -> [LinearSVC + Scaling @ 2x] Acc: 0.7580, F1: 0.7628, Time: 0.01s
      -> [LogisticRegression + Scaling @ 2x] Acc: 0.5817, F1: 0.5950, Time: 0.03s
      -> [RNN + Scaling @ 2x] Acc: 0.7667, F1: 0.7817, Time: 0.24s
    [=== Generating 3x synthetic data with Scaling ===]
      -> [KNN + Scaling @ 3x] Acc: 0.8503, F1: 0.8468, Time: 0.07s
      -> [RandomForest + Scaling @ 3x] Acc: 0.7540, F1: 0.7546, Time: 0.15s
      -> [LinearSVC + Scaling @ 3x] Acc: 0.7580, F1: 0.7632, Time: 0.01s
      -> [LogisticRegression + Scaling @ 3x] Acc: 0.5857, F1: 0.5984, Time: 0.05s
      -> [RNN + Scaling @ 3x] Acc: 0.5333, F1: 0.5462, Time: 0.25s
    [=== Generating 5x synthetic data with Scaling ===]
      -> [KNN + Scaling @ 5x] Acc: 0.8453, F1: 0.8407, Time: 0.09s
      -> [RandomForest + Scaling @ 5x] Acc: 0.6950, F1: 0.6928, Time: 0.35s
      -> [LinearSVC + Scaling @ 5x] Acc: 0.7523, F1: 0.7592, Time: 0.04s
      -> [LogisticRegression + Scaling @ 5x] Acc: 0.5747, F1: 0.5884, Time: 0.06s
      -> [RNN + Scaling @ 5x] Acc: 0.3333, F1: 0.2722, Time: 0.13s
    [=== Generating 10x synthetic data with Scaling ===]
      -> [KNN + Scaling @ 10x] Acc: 0.8497, F1: 0.8462, Time: 0.14s
      -> [RandomForest + Scaling @ 10x] Acc: 0.7183, F1: 0.7136, Time: 0.57s
      -> [LinearSVC + Scaling @ 10x] Acc: 0.7287, F1: 0.7362, Time: 0.06s
      -> [LogisticRegression + Scaling @ 10x] Acc: 0.5833, F1: 0.5959, Time: 0.05s
      -> [RNN + Scaling @ 10x] Acc: 0.7000, F1: 0.6010, Time: 0.26s
    [=== Generating 2x synthetic data with Magnitude_Warping ===]
      -> [KNN + Magnitude_Warping @ 2x] Acc: 0.8430, F1: 0.8393, Time: 0.06s
      -> [RandomForest + Magnitude_Warping @ 2x] Acc: 0.7100, F1: 0.7043, Time: 0.19s
      -> [LinearSVC + Magnitude_Warping @ 2x] Acc: 0.7710, F1: 0.7739, Time: 0.01s
      -> [LogisticRegression + Magnitude_Warping @ 2x] Acc: 0.5843, F1: 0.5960, Time: 0.05s
      -> [RNN + Magnitude_Warping @ 2x] Acc: 0.4000, F1: 0.3599, Time: 0.25s
    [=== Generating 3x synthetic data with Magnitude_Warping ===]
      -> [KNN + Magnitude_Warping @ 3x] Acc: 0.8430, F1: 0.8395, Time: 0.08s
      -> [RandomForest + Magnitude_Warping @ 3x] Acc: 0.7247, F1: 0.7209, Time: 0.19s
      -> [LinearSVC + Magnitude_Warping @ 3x] Acc: 0.7537, F1: 0.7607, Time: 0.02s
      -> [LogisticRegression + Magnitude_Warping @ 3x] Acc: 0.5857, F1: 0.5988, Time: 0.05s
      -> [RNN + Magnitude_Warping @ 3x] Acc: 0.5000, F1: 0.4925, Time: 0.24s
    [=== Generating 5x synthetic data with Magnitude_Warping ===]
      -> [KNN + Magnitude_Warping @ 5x] Acc: 0.8520, F1: 0.8492, Time: 0.05s
      -> [RandomForest + Magnitude_Warping @ 5x] Acc: 0.7090, F1: 0.7070, Time: 0.24s
      -> [LinearSVC + Magnitude_Warping @ 5x] Acc: 0.7447, F1: 0.7512, Time: 0.02s
      -> [LogisticRegression + Magnitude_Warping @ 5x] Acc: 0.5770, F1: 0.5908, Time: 0.05s
      -> [RNN + Magnitude_Warping @ 5x] Acc: 0.7667, F1: 0.7676, Time: 0.26s
    [=== Generating 10x synthetic data with Magnitude_Warping ===]
      -> [KNN + Magnitude_Warping @ 10x] Acc: 0.8420, F1: 0.8393, Time: 0.08s
      -> [RandomForest + Magnitude_Warping @ 10x] Acc: 0.7373, F1: 0.7351, Time: 0.40s
      -> [LinearSVC + Magnitude_Warping @ 10x] Acc: 0.7477, F1: 0.7543, Time: 0.03s
      -> [LogisticRegression + Magnitude_Warping @ 10x] Acc: 0.5893, F1: 0.6027, Time: 0.09s
      -> [RNN + Magnitude_Warping @ 10x] Acc: 0.8333, F1: 0.8212, Time: 0.50s
    [=== Generating 2x synthetic data with Time_Warping ===]
      -> [KNN + Time_Warping @ 2x] Acc: 0.8310, F1: 0.8279, Time: 0.06s
      -> [RandomForest + Time_Warping @ 2x] Acc: 0.6897, F1: 0.6879, Time: 0.13s
      -> [LinearSVC + Time_Warping @ 2x] Acc: 0.7230, F1: 0.7311, Time: 0.02s
      -> [LogisticRegression + Time_Warping @ 2x] Acc: 0.5260, F1: 0.5400, Time: 0.07s
      -> [RNN + Time_Warping @ 2x] Acc: 0.6333, F1: 0.5233, Time: 0.19s
    [=== Generating 3x synthetic data with Time_Warping ===]
      -> [KNN + Time_Warping @ 3x] Acc: 0.8240, F1: 0.8210, Time: 0.05s
      -> [RandomForest + Time_Warping @ 3x] Acc: 0.6827, F1: 0.6821, Time: 0.25s
      -> [LinearSVC + Time_Warping @ 3x] Acc: 0.7473, F1: 0.7531, Time: 0.02s
      -> [LogisticRegression + Time_Warping @ 3x] Acc: 0.5657, F1: 0.5800, Time: 0.10s
      -> [RNN + Time_Warping @ 3x] Acc: 0.8333, F1: 0.8396, Time: 0.13s
    [=== Generating 5x synthetic data with Time_Warping ===]
      -> [KNN + Time_Warping @ 5x] Acc: 0.8110, F1: 0.8093, Time: 0.07s
      -> [RandomForest + Time_Warping @ 5x] Acc: 0.6817, F1: 0.6806, Time: 0.17s
      -> [LinearSVC + Time_Warping @ 5x] Acc: 0.7057, F1: 0.7137, Time: 0.02s
      -> [LogisticRegression + Time_Warping @ 5x] Acc: 0.5280, F1: 0.5453, Time: 0.06s
      -> [RNN + Time_Warping @ 5x] Acc: 0.4333, F1: 0.4425, Time: 0.26s
    [=== Generating 10x synthetic data with Time_Warping ===]
      -> [KNN + Time_Warping @ 10x] Acc: 0.8087, F1: 0.8073, Time: 0.22s
      -> [RandomForest + Time_Warping @ 10x] Acc: 0.6847, F1: 0.6822, Time: 0.25s
      -> [LinearSVC + Time_Warping @ 10x] Acc: 0.6323, F1: 0.6418, Time: 0.03s
      -> [LogisticRegression + Time_Warping @ 10x] Acc: 0.5303, F1: 0.5470, Time: 0.11s
      -> [RNN + Time_Warping @ 10x] Acc: 0.8000, F1: 0.7719, Time: 0.28s

    >> Seed Fold Selection: 7/10
    Evaluating Model: KNN
      -> [Baseline] Acc: 0.8023, F1: 0.7851, Time: 0.14s
      HP Tuning KNN...
n_iterations: 3
n_required_iterations: 3
n_possible_iterations: 3
min_resources_: 16
max_resources_: 400
aggressive_elimination: False
factor: 3
----------
iter: 0
n_candidates: 20
n_resources: 16
Fitting 2 folds for each of 20 candidates, totalling 40 fits
----------
iter: 1
n_candidates: 7
n_resources: 48
Fitting 2 folds for each of 7 candidates, totalling 14 fits
----------
iter: 2
n_candidates: 3
n_resources: 144
Fitting 2 folds for each of 3 candidates, totalling 6 fits
      -> [Tuned_Baseline] Acc: 0.8053, F1: 0.7868, Time: 0.15s
    Evaluating Model: RandomForest
      -> [Baseline] Acc: 0.7710, F1: 0.7357, Time: 0.18s
      HP Tuning RandomForest...
n_iterations: 3
n_required_iterations: 3
n_possible_iterations: 3
min_resources_: 16
max_resources_: 400
aggressive_elimination: False
factor: 3
----------
iter: 0
n_candidates: 20
n_resources: 16
Fitting 2 folds for each of 20 candidates, totalling 40 fits
----------
iter: 1
n_candidates: 7
n_resources: 48
Fitting 2 folds for each of 7 candidates, totalling 14 fits
----------
iter: 2
n_candidates: 3
n_resources: 144
Fitting 2 folds for each of 3 candidates, totalling 6 fits
      -> [Tuned_Baseline] Acc: 0.7710, F1: 0.7357, Time: 0.01s
    Evaluating Model: LinearSVC
      -> [Baseline] Acc: 0.7887, F1: 0.7722, Time: 0.00s
      HP Tuning LinearSVC...
n_iterations: 3
n_required_iterations: 3
n_possible_iterations: 3
min_resources_: 16
max_resources_: 400
aggressive_elimination: False
factor: 3
----------
iter: 0
n_candidates: 20
n_resources: 16
Fitting 2 folds for each of 20 candidates, totalling 40 fits
----------
iter: 1
n_candidates: 7
n_resources: 48
Fitting 2 folds for each of 7 candidates, totalling 14 fits
----------
iter: 2
n_candidates: 3
n_resources: 144
Fitting 2 folds for each of 3 candidates, totalling 6 fits
      -> [Tuned_Baseline] Acc: 0.7873, F1: 0.7682, Time: 0.00s
    Evaluating Model: LogisticRegression
      -> [Baseline] Acc: 0.7757, F1: 0.7612, Time: 0.01s
      HP Tuning LogisticRegression...
n_iterations: 3
n_required_iterations: 3
n_possible_iterations: 3
min_resources_: 16
max_resources_: 400
aggressive_elimination: False
factor: 3
----------
iter: 0
n_candidates: 12
n_resources: 16
Fitting 2 folds for each of 12 candidates, totalling 24 fits
----------
iter: 1
n_candidates: 4
n_resources: 48
Fitting 2 folds for each of 4 candidates, totalling 8 fits
----------
iter: 2
n_candidates: 2
n_resources: 144
Fitting 2 folds for each of 2 candidates, totalling 4 fits
      -> [Tuned_Baseline] Acc: 0.7680, F1: 0.7374, Time: 0.00s
    Evaluating Model: RNN
      -> [Baseline] Acc: 0.9000, F1: 0.8969, Time: 0.12s
      -> [Tuned_Baseline] Acc: 0.9000, F1: 0.8969, Time: 0.00s
    [=== Generating 2x synthetic data with Jittering ===]
      -> [KNN + Jittering @ 2x] Acc: 0.8007, F1: 0.7839, Time: 0.29s
      -> [RandomForest + Jittering @ 2x] Acc: 0.7833, F1: 0.7505, Time: 0.22s
      -> [LinearSVC + Jittering @ 2x] Acc: 0.7897, F1: 0.7695, Time: 0.01s
      -> [LogisticRegression + Jittering @ 2x] Acc: 0.7653, F1: 0.7347, Time: 0.02s
      -> [RNN + Jittering @ 2x] Acc: 0.9000, F1: 0.9039, Time: 0.17s
    [=== Generating 3x synthetic data with Jittering ===]
      -> [KNN + Jittering @ 3x] Acc: 0.8020, F1: 0.7853, Time: 0.14s
      -> [RandomForest + Jittering @ 3x] Acc: 0.7760, F1: 0.7404, Time: 0.34s
      -> [LinearSVC + Jittering @ 3x] Acc: 0.7943, F1: 0.7744, Time: 0.01s
      -> [LogisticRegression + Jittering @ 3x] Acc: 0.7760, F1: 0.7486, Time: 0.03s
      -> [RNN + Jittering @ 3x] Acc: 0.8333, F1: 0.8130, Time: 0.25s
    [=== Generating 5x synthetic data with Jittering ===]
      -> [KNN + Jittering @ 5x] Acc: 0.8000, F1: 0.7831, Time: 0.29s
      -> [RandomForest + Jittering @ 5x] Acc: 0.7783, F1: 0.7440, Time: 0.31s
      -> [LinearSVC + Jittering @ 5x] Acc: 0.7893, F1: 0.7688, Time: 0.02s
      -> [LogisticRegression + Jittering @ 5x] Acc: 0.7630, F1: 0.7316, Time: 0.04s
      -> [RNN + Jittering @ 5x] Acc: 0.9000, F1: 0.8969, Time: 0.22s
    [=== Generating 10x synthetic data with Jittering ===]
      -> [KNN + Jittering @ 10x] Acc: 0.8017, F1: 0.7850, Time: 0.21s
      -> [RandomForest + Jittering @ 10x] Acc: 0.7827, F1: 0.7507, Time: 0.85s
      -> [LinearSVC + Jittering @ 10x] Acc: 0.8020, F1: 0.7801, Time: 0.02s
      -> [LogisticRegression + Jittering @ 10x] Acc: 0.7633, F1: 0.7311, Time: 0.03s
      -> [RNN + Jittering @ 10x] Acc: 0.8000, F1: 0.7690, Time: 0.31s
    [=== Generating 2x synthetic data with Scaling ===]
      -> [KNN + Scaling @ 2x] Acc: 0.8053, F1: 0.7881, Time: 0.29s
      -> [RandomForest + Scaling @ 2x] Acc: 0.7780, F1: 0.7442, Time: 0.24s
      -> [LinearSVC + Scaling @ 2x] Acc: 0.8063, F1: 0.7872, Time: 0.01s
      -> [LogisticRegression + Scaling @ 2x] Acc: 0.7737, F1: 0.7432, Time: 0.02s
      -> [RNN + Scaling @ 2x] Acc: 0.7333, F1: 0.6844, Time: 0.23s
    [=== Generating 3x synthetic data with Scaling ===]
      -> [KNN + Scaling @ 3x] Acc: 0.8057, F1: 0.7891, Time: 0.14s
      -> [RandomForest + Scaling @ 3x] Acc: 0.7847, F1: 0.7510, Time: 0.23s
      -> [LinearSVC + Scaling @ 3x] Acc: 0.7880, F1: 0.7719, Time: 0.01s
      -> [LogisticRegression + Scaling @ 3x] Acc: 0.7720, F1: 0.7413, Time: 0.02s
      -> [RNN + Scaling @ 3x] Acc: 0.8000, F1: 0.7437, Time: 0.24s
    [=== Generating 5x synthetic data with Scaling ===]
      -> [KNN + Scaling @ 5x] Acc: 0.7983, F1: 0.7799, Time: 0.19s
      -> [RandomForest + Scaling @ 5x] Acc: 0.7680, F1: 0.7295, Time: 0.28s
      -> [LinearSVC + Scaling @ 5x] Acc: 0.7833, F1: 0.7637, Time: 0.01s
      -> [LogisticRegression + Scaling @ 5x] Acc: 0.7760, F1: 0.7470, Time: 0.03s
      -> [RNN + Scaling @ 5x] Acc: 0.9333, F1: 0.9300, Time: 0.12s
    [=== Generating 10x synthetic data with Scaling ===]
      -> [KNN + Scaling @ 10x] Acc: 0.8103, F1: 0.7939, Time: 0.32s
      -> [RandomForest + Scaling @ 10x] Acc: 0.7810, F1: 0.7436, Time: 0.43s
      -> [LinearSVC + Scaling @ 10x] Acc: 0.7817, F1: 0.7594, Time: 0.02s
      -> [LogisticRegression + Scaling @ 10x] Acc: 0.7823, F1: 0.7541, Time: 0.05s
      -> [RNN + Scaling @ 10x] Acc: 0.8000, F1: 0.7437, Time: 0.45s
    [=== Generating 2x synthetic data with Magnitude_Warping ===]
      -> [KNN + Magnitude_Warping @ 2x] Acc: 0.8107, F1: 0.7936, Time: 0.14s
      -> [RandomForest + Magnitude_Warping @ 2x] Acc: 0.7707, F1: 0.7321, Time: 0.28s
      -> [LinearSVC + Magnitude_Warping @ 2x] Acc: 0.7903, F1: 0.7718, Time: 0.00s
      -> [LogisticRegression + Magnitude_Warping @ 2x] Acc: 0.7610, F1: 0.7266, Time: 0.01s
      -> [RNN + Magnitude_Warping @ 2x] Acc: 0.8667, F1: 0.8746, Time: 0.11s
    [=== Generating 3x synthetic data with Magnitude_Warping ===]
      -> [KNN + Magnitude_Warping @ 3x] Acc: 0.8047, F1: 0.7861, Time: 0.30s
      -> [RandomForest + Magnitude_Warping @ 3x] Acc: 0.7783, F1: 0.7456, Time: 0.26s
      -> [LinearSVC + Magnitude_Warping @ 3x] Acc: 0.7900, F1: 0.7725, Time: 0.01s
      -> [LogisticRegression + Magnitude_Warping @ 3x] Acc: 0.7807, F1: 0.7550, Time: 0.03s
      -> [RNN + Magnitude_Warping @ 3x] Acc: 0.8000, F1: 0.7727, Time: 0.25s
    [=== Generating 5x synthetic data with Magnitude_Warping ===]
      -> [KNN + Magnitude_Warping @ 5x] Acc: 0.8107, F1: 0.7944, Time: 0.31s
      -> [RandomForest + Magnitude_Warping @ 5x] Acc: 0.7777, F1: 0.7473, Time: 0.46s
      -> [LinearSVC + Magnitude_Warping @ 5x] Acc: 0.7753, F1: 0.7586, Time: 0.01s
      -> [LogisticRegression + Magnitude_Warping @ 5x] Acc: 0.7780, F1: 0.7503, Time: 0.05s
      -> [RNN + Magnitude_Warping @ 5x] Acc: 0.8000, F1: 0.7670, Time: 0.22s
    [=== Generating 10x synthetic data with Magnitude_Warping ===]
      -> [KNN + Magnitude_Warping @ 10x] Acc: 0.8150, F1: 0.7984, Time: 0.16s
      -> [RandomForest + Magnitude_Warping @ 10x] Acc: 0.7940, F1: 0.7641, Time: 0.51s
      -> [LinearSVC + Magnitude_Warping @ 10x] Acc: 0.7880, F1: 0.7635, Time: 0.02s
      -> [LogisticRegression + Magnitude_Warping @ 10x] Acc: 0.7783, F1: 0.7505, Time: 0.03s
      -> [RNN + Magnitude_Warping @ 10x] Acc: 0.9000, F1: 0.8969, Time: 0.24s
    [=== Generating 2x synthetic data with Time_Warping ===]
      -> [KNN + Time_Warping @ 2x] Acc: 0.8043, F1: 0.7858, Time: 0.14s
      -> [RandomForest + Time_Warping @ 2x] Acc: 0.7753, F1: 0.7400, Time: 0.31s
      -> [LinearSVC + Time_Warping @ 2x] Acc: 0.7857, F1: 0.7697, Time: 0.01s
      -> [LogisticRegression + Time_Warping @ 2x] Acc: 0.7787, F1: 0.7510, Time: 0.02s
      -> [RNN + Time_Warping @ 2x] Acc: 0.8000, F1: 0.7677, Time: 0.19s
    [=== Generating 3x synthetic data with Time_Warping ===]
      -> [KNN + Time_Warping @ 3x] Acc: 0.8063, F1: 0.7877, Time: 0.15s
      -> [RandomForest + Time_Warping @ 3x] Acc: 0.7780, F1: 0.7409, Time: 0.23s
      -> [LinearSVC + Time_Warping @ 3x] Acc: 0.7840, F1: 0.7566, Time: 0.01s
      -> [LogisticRegression + Time_Warping @ 3x] Acc: 0.7733, F1: 0.7439, Time: 0.02s
      -> [RNN + Time_Warping @ 3x] Acc: 0.8000, F1: 0.7437, Time: 0.21s
    [=== Generating 5x synthetic data with Time_Warping ===]
      -> [KNN + Time_Warping @ 5x] Acc: 0.8033, F1: 0.7859, Time: 0.29s
      -> [RandomForest + Time_Warping @ 5x] Acc: 0.7673, F1: 0.7279, Time: 0.28s
      -> [LinearSVC + Time_Warping @ 5x] Acc: 0.7810, F1: 0.7613, Time: 0.02s
      -> [LogisticRegression + Time_Warping @ 5x] Acc: 0.7803, F1: 0.7543, Time: 0.03s
      -> [RNN + Time_Warping @ 5x] Acc: 0.8333, F1: 0.7880, Time: 0.26s
    [=== Generating 10x synthetic data with Time_Warping ===]
      -> [KNN + Time_Warping @ 10x] Acc: 0.8000, F1: 0.7832, Time: 0.37s
      -> [RandomForest + Time_Warping @ 10x] Acc: 0.7663, F1: 0.7259, Time: 0.63s
      -> [LinearSVC + Time_Warping @ 10x] Acc: 0.7830, F1: 0.7662, Time: 0.05s
      -> [LogisticRegression + Time_Warping @ 10x] Acc: 0.7793, F1: 0.7541, Time: 0.04s
      -> [RNN + Time_Warping @ 10x] Acc: 0.8333, F1: 0.8199, Time: 0.26s

    >> Seed Fold Selection: 8/10
    Evaluating Model: KNN
      -> [Baseline] Acc: 0.8230, F1: 0.8217, Time: 0.14s
      HP Tuning KNN...
n_iterations: 3
n_required_iterations: 3
n_possible_iterations: 3
min_resources_: 16
max_resources_: 400
aggressive_elimination: False
factor: 3
----------
iter: 0
n_candidates: 20
n_resources: 16
Fitting 2 folds for each of 20 candidates, totalling 40 fits
----------
iter: 1
n_candidates: 7
n_resources: 48
Fitting 2 folds for each of 7 candidates, totalling 14 fits
----------
iter: 2
n_candidates: 3
n_resources: 144
Fitting 2 folds for each of 3 candidates, totalling 6 fits
      -> [Tuned_Baseline] Acc: 0.8280, F1: 0.8269, Time: 0.04s
    Evaluating Model: RandomForest
      -> [Baseline] Acc: 0.7967, F1: 0.7934, Time: 0.22s
      HP Tuning RandomForest...
n_iterations: 3
n_required_iterations: 3
n_possible_iterations: 3
min_resources_: 16
max_resources_: 400
aggressive_elimination: False
factor: 3
----------
iter: 0
n_candidates: 20
n_resources: 16
Fitting 2 folds for each of 20 candidates, totalling 40 fits
----------
iter: 1
n_candidates: 7
n_resources: 48
Fitting 2 folds for each of 7 candidates, totalling 14 fits
----------
iter: 2
n_candidates: 3
n_resources: 144
Fitting 2 folds for each of 3 candidates, totalling 6 fits
      -> [Tuned_Baseline] Acc: 0.7970, F1: 0.7941, Time: 0.01s
    Evaluating Model: LinearSVC
      -> [Baseline] Acc: 0.7980, F1: 0.7975, Time: 0.00s
      HP Tuning LinearSVC...
n_iterations: 3
n_required_iterations: 3
n_possible_iterations: 3
min_resources_: 16
max_resources_: 400
aggressive_elimination: False
factor: 3
----------
iter: 0
n_candidates: 20
n_resources: 16
Fitting 2 folds for each of 20 candidates, totalling 40 fits
----------
iter: 1
n_candidates: 7
n_resources: 48
Fitting 2 folds for each of 7 candidates, totalling 14 fits
----------
iter: 2
n_candidates: 3
n_resources: 144
Fitting 2 folds for each of 3 candidates, totalling 6 fits
      -> [Tuned_Baseline] Acc: 0.7700, F1: 0.7709, Time: 0.00s
    Evaluating Model: LogisticRegression
      -> [Baseline] Acc: 0.7887, F1: 0.7908, Time: 0.01s
      HP Tuning LogisticRegression...
n_iterations: 3
n_required_iterations: 3
n_possible_iterations: 3
min_resources_: 16
max_resources_: 400
aggressive_elimination: False
factor: 3
----------
iter: 0
n_candidates: 12
n_resources: 16
Fitting 2 folds for each of 12 candidates, totalling 24 fits
----------
iter: 1
n_candidates: 4
n_resources: 48
Fitting 2 folds for each of 4 candidates, totalling 8 fits
----------
iter: 2
n_candidates: 2
n_resources: 144
Fitting 2 folds for each of 2 candidates, totalling 4 fits
      -> [Tuned_Baseline] Acc: 0.7020, F1: 0.7172, Time: 0.00s
    Evaluating Model: RNN
      -> [Baseline] Acc: 0.5667, F1: 0.5960, Time: 0.11s
      -> [Tuned_Baseline] Acc: 0.5667, F1: 0.5960, Time: 0.01s
    [=== Generating 2x synthetic data with Jittering ===]
      -> [KNN + Jittering @ 2x] Acc: 0.8380, F1: 0.8352, Time: 0.06s
      -> [RandomForest + Jittering @ 2x] Acc: 0.7983, F1: 0.7964, Time: 0.46s
      -> [LinearSVC + Jittering @ 2x] Acc: 0.7690, F1: 0.7701, Time: 0.01s
      -> [LogisticRegression + Jittering @ 2x] Acc: 0.6853, F1: 0.7011, Time: 0.04s
      -> [RNN + Jittering @ 2x] Acc: 0.9333, F1: 0.9345, Time: 0.23s
    [=== Generating 3x synthetic data with Jittering ===]
      -> [KNN + Jittering @ 3x] Acc: 0.8377, F1: 0.8342, Time: 0.07s
      -> [RandomForest + Jittering @ 3x] Acc: 0.8070, F1: 0.8040, Time: 0.36s
      -> [LinearSVC + Jittering @ 3x] Acc: 0.7677, F1: 0.7686, Time: 0.01s
      -> [LogisticRegression + Jittering @ 3x] Acc: 0.6883, F1: 0.7041, Time: 0.05s
      -> [RNN + Jittering @ 3x] Acc: 0.8000, F1: 0.7827, Time: 0.25s
    [=== Generating 5x synthetic data with Jittering ===]
      -> [KNN + Jittering @ 5x] Acc: 0.8407, F1: 0.8375, Time: 0.09s
      -> [RandomForest + Jittering @ 5x] Acc: 0.7937, F1: 0.7894, Time: 0.46s
      -> [LinearSVC + Jittering @ 5x] Acc: 0.7690, F1: 0.7702, Time: 0.04s
      -> [LogisticRegression + Jittering @ 5x] Acc: 0.7020, F1: 0.7168, Time: 0.06s
      -> [RNN + Jittering @ 5x] Acc: 0.9000, F1: 0.9000, Time: 0.20s
    [=== Generating 10x synthetic data with Jittering ===]
      -> [KNN + Jittering @ 10x] Acc: 0.8397, F1: 0.8364, Time: 0.06s
      -> [RandomForest + Jittering @ 10x] Acc: 0.8020, F1: 0.7998, Time: 0.87s
      -> [LinearSVC + Jittering @ 10x] Acc: 0.7777, F1: 0.7787, Time: 0.08s
      -> [LogisticRegression + Jittering @ 10x] Acc: 0.6843, F1: 0.6987, Time: 0.08s
      -> [RNN + Jittering @ 10x] Acc: 0.7333, F1: 0.6548, Time: 0.52s
    [=== Generating 2x synthetic data with Scaling ===]
      -> [KNN + Scaling @ 2x] Acc: 0.8323, F1: 0.8302, Time: 0.05s
      -> [RandomForest + Scaling @ 2x] Acc: 0.7980, F1: 0.7963, Time: 0.45s
      -> [LinearSVC + Scaling @ 2x] Acc: 0.7523, F1: 0.7548, Time: 0.02s
      -> [LogisticRegression + Scaling @ 2x] Acc: 0.6920, F1: 0.7082, Time: 0.02s
      -> [RNN + Scaling @ 2x] Acc: 0.9000, F1: 0.8993, Time: 0.24s
    [=== Generating 3x synthetic data with Scaling ===]
      -> [KNN + Scaling @ 3x] Acc: 0.8477, F1: 0.8435, Time: 0.07s
      -> [RandomForest + Scaling @ 3x] Acc: 0.7977, F1: 0.7922, Time: 0.26s
      -> [LinearSVC + Scaling @ 3x] Acc: 0.7757, F1: 0.7775, Time: 0.02s
      -> [LogisticRegression + Scaling @ 3x] Acc: 0.7357, F1: 0.7484, Time: 0.04s
      -> [RNN + Scaling @ 3x] Acc: 0.8667, F1: 0.8751, Time: 0.18s
    [=== Generating 5x synthetic data with Scaling ===]
      -> [KNN + Scaling @ 5x] Acc: 0.8453, F1: 0.8418, Time: 0.09s
      -> [RandomForest + Scaling @ 5x] Acc: 0.7870, F1: 0.7812, Time: 0.52s
      -> [LinearSVC + Scaling @ 5x] Acc: 0.7843, F1: 0.7860, Time: 0.02s
      -> [LogisticRegression + Scaling @ 5x] Acc: 0.7507, F1: 0.7625, Time: 0.05s
      -> [RNN + Scaling @ 5x] Acc: 0.8667, F1: 0.8808, Time: 0.12s
    [=== Generating 10x synthetic data with Scaling ===]
      -> [KNN + Scaling @ 10x] Acc: 0.8397, F1: 0.8364, Time: 0.06s
      -> [RandomForest + Scaling @ 10x] Acc: 0.7907, F1: 0.7869, Time: 0.49s
      -> [LinearSVC + Scaling @ 10x] Acc: 0.7910, F1: 0.7915, Time: 0.07s
      -> [LogisticRegression + Scaling @ 10x] Acc: 0.7280, F1: 0.7418, Time: 0.09s
      -> [RNN + Scaling @ 10x] Acc: 0.8000, F1: 0.7719, Time: 0.25s
    [=== Generating 2x synthetic data with Magnitude_Warping ===]
      -> [KNN + Magnitude_Warping @ 2x] Acc: 0.8330, F1: 0.8307, Time: 0.03s
      -> [RandomForest + Magnitude_Warping @ 2x] Acc: 0.7830, F1: 0.7803, Time: 0.38s
      -> [LinearSVC + Magnitude_Warping @ 2x] Acc: 0.8050, F1: 0.8021, Time: 0.01s
      -> [LogisticRegression + Magnitude_Warping @ 2x] Acc: 0.7470, F1: 0.7572, Time: 0.04s
      -> [RNN + Magnitude_Warping @ 2x] Acc: 0.8667, F1: 0.8579, Time: 0.24s
    [=== Generating 3x synthetic data with Magnitude_Warping ===]
      -> [KNN + Magnitude_Warping @ 3x] Acc: 0.8317, F1: 0.8289, Time: 0.07s
      -> [RandomForest + Magnitude_Warping @ 3x] Acc: 0.7870, F1: 0.7842, Time: 0.54s
      -> [LinearSVC + Magnitude_Warping @ 3x] Acc: 0.7963, F1: 0.7955, Time: 0.02s
      -> [LogisticRegression + Magnitude_Warping @ 3x] Acc: 0.7310, F1: 0.7446, Time: 0.05s
      -> [RNN + Magnitude_Warping @ 3x] Acc: 0.7667, F1: 0.6934, Time: 0.25s
    [=== Generating 5x synthetic data with Magnitude_Warping ===]
      -> [KNN + Magnitude_Warping @ 5x] Acc: 0.8407, F1: 0.8371, Time: 0.05s
      -> [RandomForest + Magnitude_Warping @ 5x] Acc: 0.7903, F1: 0.7869, Time: 0.72s
      -> [LinearSVC + Magnitude_Warping @ 5x] Acc: 0.7933, F1: 0.7918, Time: 0.04s
      -> [LogisticRegression + Magnitude_Warping @ 5x] Acc: 0.7653, F1: 0.7753, Time: 0.06s
      -> [RNN + Magnitude_Warping @ 5x] Acc: 0.9667, F1: 0.9660, Time: 0.25s
    [=== Generating 10x synthetic data with Magnitude_Warping ===]
      -> [KNN + Magnitude_Warping @ 10x] Acc: 0.8433, F1: 0.8410, Time: 0.07s
      -> [RandomForest + Magnitude_Warping @ 10x] Acc: 0.7980, F1: 0.7948, Time: 1.15s
      -> [LinearSVC + Magnitude_Warping @ 10x] Acc: 0.7870, F1: 0.7863, Time: 0.06s
      -> [LogisticRegression + Magnitude_Warping @ 10x] Acc: 0.7503, F1: 0.7616, Time: 0.09s
      -> [RNN + Magnitude_Warping @ 10x] Acc: 0.9667, F1: 0.9654, Time: 0.50s
    [=== Generating 2x synthetic data with Time_Warping ===]
      -> [KNN + Time_Warping @ 2x] Acc: 0.8243, F1: 0.8235, Time: 0.06s
      -> [RandomForest + Time_Warping @ 2x] Acc: 0.7973, F1: 0.7948, Time: 0.23s
      -> [LinearSVC + Time_Warping @ 2x] Acc: 0.7553, F1: 0.7583, Time: 0.01s
      -> [LogisticRegression + Time_Warping @ 2x] Acc: 0.7060, F1: 0.7203, Time: 0.02s
      -> [RNN + Time_Warping @ 2x] Acc: 0.7667, F1: 0.7723, Time: 0.23s
    [=== Generating 3x synthetic data with Time_Warping ===]
      -> [KNN + Time_Warping @ 3x] Acc: 0.8357, F1: 0.8333, Time: 0.08s
      -> [RandomForest + Time_Warping @ 3x] Acc: 0.7943, F1: 0.7918, Time: 0.43s
      -> [LinearSVC + Time_Warping @ 3x] Acc: 0.7330, F1: 0.7368, Time: 0.02s
      -> [LogisticRegression + Time_Warping @ 3x] Acc: 0.6253, F1: 0.6391, Time: 0.03s
      -> [RNN + Time_Warping @ 3x] Acc: 0.9333, F1: 0.9345, Time: 0.24s
    [=== Generating 5x synthetic data with Time_Warping ===]
      -> [KNN + Time_Warping @ 5x] Acc: 0.8283, F1: 0.8260, Time: 0.12s
      -> [RandomForest + Time_Warping @ 5x] Acc: 0.7983, F1: 0.7954, Time: 0.44s
      -> [LinearSVC + Time_Warping @ 5x] Acc: 0.7467, F1: 0.7517, Time: 0.04s
      -> [LogisticRegression + Time_Warping @ 5x] Acc: 0.6660, F1: 0.6800, Time: 0.03s
      -> [RNN + Time_Warping @ 5x] Acc: 0.9333, F1: 0.9346, Time: 0.16s
    [=== Generating 10x synthetic data with Time_Warping ===]
      -> [KNN + Time_Warping @ 10x] Acc: 0.8270, F1: 0.8254, Time: 0.20s
      -> [RandomForest + Time_Warping @ 10x] Acc: 0.7957, F1: 0.7907, Time: 0.47s
      -> [LinearSVC + Time_Warping @ 10x] Acc: 0.7500, F1: 0.7521, Time: 0.09s
      -> [LogisticRegression + Time_Warping @ 10x] Acc: 0.6753, F1: 0.6913, Time: 0.05s
      -> [RNN + Time_Warping @ 10x] Acc: 0.8000, F1: 0.7641, Time: 0.51s

    >> Seed Fold Selection: 9/10
    Evaluating Model: KNN
      -> [Baseline] Acc: 0.8003, F1: 0.8032, Time: 0.14s
      HP Tuning KNN...
n_iterations: 3
n_required_iterations: 3
n_possible_iterations: 3
min_resources_: 16
max_resources_: 400
aggressive_elimination: False
factor: 3
----------
iter: 0
n_candidates: 20
n_resources: 16
Fitting 2 folds for each of 20 candidates, totalling 40 fits
----------
iter: 1
n_candidates: 7
n_resources: 48
Fitting 2 folds for each of 7 candidates, totalling 14 fits
----------
iter: 2
n_candidates: 3
n_resources: 144
Fitting 2 folds for each of 3 candidates, totalling 6 fits
      -> [Tuned_Baseline] Acc: 0.8053, F1: 0.8077, Time: 0.02s
    Evaluating Model: RandomForest
      -> [Baseline] Acc: 0.8000, F1: 0.7974, Time: 0.18s
      HP Tuning RandomForest...
n_iterations: 3
n_required_iterations: 3
n_possible_iterations: 3
min_resources_: 16
max_resources_: 400
aggressive_elimination: False
factor: 3
----------
iter: 0
n_candidates: 20
n_resources: 16
Fitting 2 folds for each of 20 candidates, totalling 40 fits
----------
iter: 1
n_candidates: 7
n_resources: 48
Fitting 2 folds for each of 7 candidates, totalling 14 fits
----------
iter: 2
n_candidates: 3
n_resources: 144
Fitting 2 folds for each of 3 candidates, totalling 6 fits
      -> [Tuned_Baseline] Acc: 0.8000, F1: 0.7974, Time: 0.01s
    Evaluating Model: LinearSVC
      -> [Baseline] Acc: 0.7747, F1: 0.7766, Time: 0.01s
      HP Tuning LinearSVC...
n_iterations: 3
n_required_iterations: 3
n_possible_iterations: 3
min_resources_: 16
max_resources_: 400
aggressive_elimination: False
factor: 3
----------
iter: 0
n_candidates: 20
n_resources: 16
Fitting 2 folds for each of 20 candidates, totalling 40 fits
----------
iter: 1
n_candidates: 7
n_resources: 48
Fitting 2 folds for each of 7 candidates, totalling 14 fits
----------
iter: 2
n_candidates: 3
n_resources: 144
Fitting 2 folds for each of 3 candidates, totalling 6 fits
      -> [Tuned_Baseline] Acc: 0.7603, F1: 0.7630, Time: 0.00s
    Evaluating Model: LogisticRegression
      -> [Baseline] Acc: 0.7730, F1: 0.7766, Time: 0.01s
      HP Tuning LogisticRegression...
n_iterations: 3
n_required_iterations: 3
n_possible_iterations: 3
min_resources_: 16
max_resources_: 400
aggressive_elimination: False
factor: 3
----------
iter: 0
n_candidates: 12
n_resources: 16
Fitting 2 folds for each of 12 candidates, totalling 24 fits
----------
iter: 1
n_candidates: 4
n_resources: 48
Fitting 2 folds for each of 4 candidates, totalling 8 fits
----------
iter: 2
n_candidates: 2
n_resources: 144
Fitting 2 folds for each of 2 candidates, totalling 4 fits
      -> [Tuned_Baseline] Acc: 0.7980, F1: 0.7998, Time: 0.00s
    Evaluating Model: RNN
      -> [Baseline] Acc: 0.3333, F1: 0.2722, Time: 0.11s
      -> [Tuned_Baseline] Acc: 0.3333, F1: 0.2722, Time: 0.01s
    [=== Generating 2x synthetic data with Jittering ===]
      -> [KNN + Jittering @ 2x] Acc: 0.8093, F1: 0.8110, Time: 0.05s
      -> [RandomForest + Jittering @ 2x] Acc: 0.7877, F1: 0.7854, Time: 0.32s
      -> [LinearSVC + Jittering @ 2x] Acc: 0.7687, F1: 0.7711, Time: 0.00s
      -> [LogisticRegression + Jittering @ 2x] Acc: 0.8000, F1: 0.8019, Time: 0.01s
      -> [RNN + Jittering @ 2x] Acc: 0.4333, F1: 0.3379, Time: 0.11s
    [=== Generating 3x synthetic data with Jittering ===]
      -> [KNN + Jittering @ 3x] Acc: 0.8137, F1: 0.8148, Time: 0.03s
      -> [RandomForest + Jittering @ 3x] Acc: 0.7947, F1: 0.7923, Time: 0.45s
      -> [LinearSVC + Jittering @ 3x] Acc: 0.7697, F1: 0.7721, Time: 0.01s
      -> [LogisticRegression + Jittering @ 3x] Acc: 0.7993, F1: 0.8015, Time: 0.02s
      -> [RNN + Jittering @ 3x] Acc: 0.8667, F1: 0.8724, Time: 0.14s
    [=== Generating 5x synthetic data with Jittering ===]
      -> [KNN + Jittering @ 5x] Acc: 0.8190, F1: 0.8195, Time: 0.06s
      -> [RandomForest + Jittering @ 5x] Acc: 0.7863, F1: 0.7836, Time: 0.48s
      -> [LinearSVC + Jittering @ 5x] Acc: 0.7717, F1: 0.7740, Time: 0.01s
      -> [LogisticRegression + Jittering @ 5x] Acc: 0.7993, F1: 0.8016, Time: 0.02s
      -> [RNN + Jittering @ 5x] Acc: 0.6000, F1: 0.6186, Time: 0.27s
    [=== Generating 10x synthetic data with Jittering ===]
      -> [KNN + Jittering @ 10x] Acc: 0.8217, F1: 0.8218, Time: 0.08s
      -> [RandomForest + Jittering @ 10x] Acc: 0.7817, F1: 0.7791, Time: 0.88s
      -> [LinearSVC + Jittering @ 10x] Acc: 0.7747, F1: 0.7766, Time: 0.01s
      -> [LogisticRegression + Jittering @ 10x] Acc: 0.7993, F1: 0.8011, Time: 0.02s
      -> [RNN + Jittering @ 10x] Acc: 0.9000, F1: 0.9075, Time: 0.28s
    [=== Generating 2x synthetic data with Scaling ===]
      -> [KNN + Scaling @ 2x] Acc: 0.8153, F1: 0.8164, Time: 0.04s
      -> [RandomForest + Scaling @ 2x] Acc: 0.7867, F1: 0.7843, Time: 0.40s
      -> [LinearSVC + Scaling @ 2x] Acc: 0.7690, F1: 0.7716, Time: 0.00s
      -> [LogisticRegression + Scaling @ 2x] Acc: 0.8003, F1: 0.8028, Time: 0.01s
      -> [RNN + Scaling @ 2x] Acc: 0.4000, F1: 0.3924, Time: 0.24s
    [=== Generating 3x synthetic data with Scaling ===]
      -> [KNN + Scaling @ 3x] Acc: 0.8167, F1: 0.8173, Time: 0.07s
      -> [RandomForest + Scaling @ 3x] Acc: 0.7993, F1: 0.7956, Time: 0.34s
      -> [LinearSVC + Scaling @ 3x] Acc: 0.7707, F1: 0.7735, Time: 0.01s
      -> [LogisticRegression + Scaling @ 3x] Acc: 0.7987, F1: 0.8008, Time: 0.02s
      -> [RNN + Scaling @ 3x] Acc: 0.8333, F1: 0.8273, Time: 0.16s
    [=== Generating 5x synthetic data with Scaling ===]
      -> [KNN + Scaling @ 5x] Acc: 0.8227, F1: 0.8231, Time: 0.04s
      -> [RandomForest + Scaling @ 5x] Acc: 0.7940, F1: 0.7909, Time: 0.59s
      -> [LinearSVC + Scaling @ 5x] Acc: 0.7750, F1: 0.7772, Time: 0.01s
      -> [LogisticRegression + Scaling @ 5x] Acc: 0.7993, F1: 0.8011, Time: 0.03s
      -> [RNN + Scaling @ 5x] Acc: 0.8000, F1: 0.7809, Time: 0.23s
    [=== Generating 10x synthetic data with Scaling ===]
      -> [KNN + Scaling @ 10x] Acc: 0.8223, F1: 0.8218, Time: 0.13s
      -> [RandomForest + Scaling @ 10x] Acc: 0.7950, F1: 0.7920, Time: 0.77s
      -> [LinearSVC + Scaling @ 10x] Acc: 0.7760, F1: 0.7775, Time: 0.01s
      -> [LogisticRegression + Scaling @ 10x] Acc: 0.8003, F1: 0.8022, Time: 0.04s
      -> [RNN + Scaling @ 10x] Acc: 0.8667, F1: 0.8746, Time: 0.51s
    [=== Generating 2x synthetic data with Magnitude_Warping ===]
      -> [KNN + Magnitude_Warping @ 2x] Acc: 0.8063, F1: 0.8086, Time: 0.06s
      -> [RandomForest + Magnitude_Warping @ 2x] Acc: 0.7993, F1: 0.7991, Time: 0.46s
      -> [LinearSVC + Magnitude_Warping @ 2x] Acc: 0.7617, F1: 0.7645, Time: 0.01s
      -> [LogisticRegression + Magnitude_Warping @ 2x] Acc: 0.7993, F1: 0.8006, Time: 0.02s
      -> [RNN + Magnitude_Warping @ 2x] Acc: 0.8667, F1: 0.8709, Time: 0.24s
    [=== Generating 3x synthetic data with Magnitude_Warping ===]
      -> [KNN + Magnitude_Warping @ 3x] Acc: 0.7960, F1: 0.7989, Time: 0.07s
      -> [RandomForest + Magnitude_Warping @ 3x] Acc: 0.7907, F1: 0.7882, Time: 0.53s
      -> [LinearSVC + Magnitude_Warping @ 3x] Acc: 0.7730, F1: 0.7749, Time: 0.01s
      -> [LogisticRegression + Magnitude_Warping @ 3x] Acc: 0.7990, F1: 0.8014, Time: 0.02s
      -> [RNN + Magnitude_Warping @ 3x] Acc: 0.8667, F1: 0.8716, Time: 0.25s
    [=== Generating 5x synthetic data with Magnitude_Warping ===]
      -> [KNN + Magnitude_Warping @ 5x] Acc: 0.8167, F1: 0.8178, Time: 0.10s
      -> [RandomForest + Magnitude_Warping @ 5x] Acc: 0.7887, F1: 0.7848, Time: 0.35s
      -> [LinearSVC + Magnitude_Warping @ 5x] Acc: 0.7750, F1: 0.7770, Time: 0.01s
      -> [LogisticRegression + Magnitude_Warping @ 5x] Acc: 0.8097, F1: 0.8112, Time: 0.03s
      -> [RNN + Magnitude_Warping @ 5x] Acc: 0.7667, F1: 0.7329, Time: 0.22s
    [=== Generating 10x synthetic data with Magnitude_Warping ===]
      -> [KNN + Magnitude_Warping @ 10x] Acc: 0.8083, F1: 0.8085, Time: 0.15s
      -> [RandomForest + Magnitude_Warping @ 10x] Acc: 0.8010, F1: 0.7979, Time: 1.22s
      -> [LinearSVC + Magnitude_Warping @ 10x] Acc: 0.7680, F1: 0.7698, Time: 0.02s
      -> [LogisticRegression + Magnitude_Warping @ 10x] Acc: 0.7637, F1: 0.7730, Time: 0.08s
      -> [RNN + Magnitude_Warping @ 10x] Acc: 0.9000, F1: 0.8904, Time: 0.43s
    [=== Generating 2x synthetic data with Time_Warping ===]
      -> [KNN + Time_Warping @ 2x] Acc: 0.8027, F1: 0.8053, Time: 0.06s
      -> [RandomForest + Time_Warping @ 2x] Acc: 0.7970, F1: 0.7942, Time: 0.44s
      -> [LinearSVC + Time_Warping @ 2x] Acc: 0.7663, F1: 0.7690, Time: 0.00s
      -> [LogisticRegression + Time_Warping @ 2x] Acc: 0.7777, F1: 0.7815, Time: 0.02s
      -> [RNN + Time_Warping @ 2x] Acc: 0.8000, F1: 0.8078, Time: 0.24s
    [=== Generating 3x synthetic data with Time_Warping ===]
      -> [KNN + Time_Warping @ 3x] Acc: 0.7990, F1: 0.8019, Time: 0.06s
      -> [RandomForest + Time_Warping @ 3x] Acc: 0.8000, F1: 0.7974, Time: 0.23s
      -> [LinearSVC + Time_Warping @ 3x] Acc: 0.7567, F1: 0.7621, Time: 0.01s
      -> [LogisticRegression + Time_Warping @ 3x] Acc: 0.7893, F1: 0.7938, Time: 0.02s
      -> [RNN + Time_Warping @ 3x] Acc: 0.8667, F1: 0.8148, Time: 0.24s
    [=== Generating 5x synthetic data with Time_Warping ===]
      -> [KNN + Time_Warping @ 5x] Acc: 0.8057, F1: 0.8077, Time: 0.14s
      -> [RandomForest + Time_Warping @ 5x] Acc: 0.7907, F1: 0.7857, Time: 0.49s
      -> [LinearSVC + Time_Warping @ 5x] Acc: 0.7673, F1: 0.7720, Time: 0.01s
      -> [LogisticRegression + Time_Warping @ 5x] Acc: 0.7070, F1: 0.7219, Time: 0.03s
      -> [RNN + Time_Warping @ 5x] Acc: 0.7000, F1: 0.6724, Time: 0.26s
    [=== Generating 10x synthetic data with Time_Warping ===]
      -> [KNN + Time_Warping @ 10x] Acc: 0.8030, F1: 0.8050, Time: 0.21s
      -> [RandomForest + Time_Warping @ 10x] Acc: 0.7997, F1: 0.7966, Time: 0.43s
      -> [LinearSVC + Time_Warping @ 10x] Acc: 0.7820, F1: 0.7854, Time: 0.01s
      -> [LogisticRegression + Time_Warping @ 10x] Acc: 0.7137, F1: 0.7283, Time: 0.06s
      -> [RNN + Time_Warping @ 10x] Acc: 0.8000, F1: 0.7448, Time: 0.35s

    >> Seed Fold Selection: 10/10
    Evaluating Model: KNN
      -> [Baseline] Acc: 0.6560, F1: 0.6673, Time: 0.13s
      HP Tuning KNN...
n_iterations: 3
n_required_iterations: 3
n_possible_iterations: 3
min_resources_: 16
max_resources_: 400
aggressive_elimination: False
factor: 3
----------
iter: 0
n_candidates: 20
n_resources: 16
Fitting 2 folds for each of 20 candidates, totalling 40 fits
----------
iter: 1
n_candidates: 7
n_resources: 48
Fitting 2 folds for each of 7 candidates, totalling 14 fits
----------
iter: 2
n_candidates: 3
n_resources: 144
Fitting 2 folds for each of 3 candidates, totalling 6 fits
      -> [Tuned_Baseline] Acc: 0.6560, F1: 0.6673, Time: 0.13s
    Evaluating Model: RandomForest
      -> [Baseline] Acc: 0.6150, F1: 0.6254, Time: 0.39s
      HP Tuning RandomForest...
n_iterations: 3
n_required_iterations: 3
n_possible_iterations: 3
min_resources_: 16
max_resources_: 400
aggressive_elimination: False
factor: 3
----------
iter: 0
n_candidates: 20
n_resources: 16
Fitting 2 folds for each of 20 candidates, totalling 40 fits
----------
iter: 1
n_candidates: 7
n_resources: 48
Fitting 2 folds for each of 7 candidates, totalling 14 fits
----------
iter: 2
n_candidates: 3
n_resources: 144
Fitting 2 folds for each of 3 candidates, totalling 6 fits
      -> [Tuned_Baseline] Acc: 0.6103, F1: 0.6224, Time: 0.01s
    Evaluating Model: LinearSVC
      -> [Baseline] Acc: 0.5610, F1: 0.5942, Time: 0.00s
      HP Tuning LinearSVC...
n_iterations: 3
n_required_iterations: 3
n_possible_iterations: 3
min_resources_: 16
max_resources_: 400
aggressive_elimination: False
factor: 3
----------
iter: 0
n_candidates: 20
n_resources: 16
Fitting 2 folds for each of 20 candidates, totalling 40 fits
----------
iter: 1
n_candidates: 7
n_resources: 48
Fitting 2 folds for each of 7 candidates, totalling 14 fits
----------
iter: 2
n_candidates: 3
n_resources: 144
Fitting 2 folds for each of 3 candidates, totalling 6 fits
      -> [Tuned_Baseline] Acc: 0.5363, F1: 0.5757, Time: 0.00s
    Evaluating Model: LogisticRegression
      -> [Baseline] Acc: 0.5687, F1: 0.6002, Time: 0.03s
      HP Tuning LogisticRegression...
n_iterations: 3
n_required_iterations: 3
n_possible_iterations: 3
min_resources_: 16
max_resources_: 400
aggressive_elimination: False
factor: 3
----------
iter: 0
n_candidates: 12
n_resources: 16
Fitting 2 folds for each of 12 candidates, totalling 24 fits
----------
iter: 1
n_candidates: 4
n_resources: 48
Fitting 2 folds for each of 4 candidates, totalling 8 fits
----------
iter: 2
n_candidates: 2
n_resources: 144
Fitting 2 folds for each of 2 candidates, totalling 4 fits
      -> [Tuned_Baseline] Acc: 0.5517, F1: 0.5934, Time: 0.00s
    Evaluating Model: RNN
      -> [Baseline] Acc: 0.3333, F1: 0.2908, Time: 0.11s
      -> [Tuned_Baseline] Acc: 0.3333, F1: 0.2908, Time: 0.00s
    [=== Generating 2x synthetic data with Jittering ===]
      -> [KNN + Jittering @ 2x] Acc: 0.6373, F1: 0.6529, Time: 0.14s
      -> [RandomForest + Jittering @ 2x] Acc: 0.6193, F1: 0.6289, Time: 0.53s
      -> [LinearSVC + Jittering @ 2x] Acc: 0.5520, F1: 0.5904, Time: 0.01s
      -> [LogisticRegression + Jittering @ 2x] Acc: 0.5623, F1: 0.6005, Time: 0.06s
      -> [RNN + Jittering @ 2x] Acc: 0.5333, F1: 0.4907, Time: 0.24s
    [=== Generating 3x synthetic data with Jittering ===]
      -> [KNN + Jittering @ 3x] Acc: 0.6357, F1: 0.6537, Time: 0.14s
      -> [RandomForest + Jittering @ 3x] Acc: 0.6300, F1: 0.6356, Time: 0.53s
      -> [LinearSVC + Jittering @ 3x] Acc: 0.5480, F1: 0.5863, Time: 0.01s
      -> [LogisticRegression + Jittering @ 3x] Acc: 0.5550, F1: 0.5929, Time: 0.07s
      -> [RNN + Jittering @ 3x] Acc: 0.7667, F1: 0.7329, Time: 0.24s
    [=== Generating 5x synthetic data with Jittering ===]
      -> [KNN + Jittering @ 5x] Acc: 0.6287, F1: 0.6488, Time: 0.27s
      -> [RandomForest + Jittering @ 5x] Acc: 0.6333, F1: 0.6391, Time: 0.40s
      -> [LinearSVC + Jittering @ 5x] Acc: 0.5517, F1: 0.5884, Time: 0.01s
      -> [LogisticRegression + Jittering @ 5x] Acc: 0.5553, F1: 0.5921, Time: 0.05s
      -> [RNN + Jittering @ 5x] Acc: 0.7667, F1: 0.7389, Time: 0.25s
    [=== Generating 10x synthetic data with Jittering ===]
      -> [KNN + Jittering @ 10x] Acc: 0.6267, F1: 0.6481, Time: 0.16s
      -> [RandomForest + Jittering @ 10x] Acc: 0.5870, F1: 0.6083, Time: 0.68s
      -> [LinearSVC + Jittering @ 10x] Acc: 0.5527, F1: 0.5899, Time: 0.02s
      -> [LogisticRegression + Jittering @ 10x] Acc: 0.5610, F1: 0.5979, Time: 0.17s
      -> [RNN + Jittering @ 10x] Acc: 0.7000, F1: 0.6248, Time: 0.30s
    [=== Generating 2x synthetic data with Scaling ===]
      -> [KNN + Scaling @ 2x] Acc: 0.6557, F1: 0.6662, Time: 0.25s
      -> [RandomForest + Scaling @ 2x] Acc: 0.5510, F1: 0.5391, Time: 0.23s
      -> [LinearSVC + Scaling @ 2x] Acc: 0.5550, F1: 0.5881, Time: 0.01s
      -> [LogisticRegression + Scaling @ 2x] Acc: 0.5203, F1: 0.5498, Time: 0.07s
      -> [RNN + Scaling @ 2x] Acc: 0.8000, F1: 0.7578, Time: 0.24s
    [=== Generating 3x synthetic data with Scaling ===]
      -> [KNN + Scaling @ 3x] Acc: 0.6257, F1: 0.6402, Time: 0.15s
      -> [RandomForest + Scaling @ 3x] Acc: 0.5313, F1: 0.5647, Time: 0.47s
      -> [LinearSVC + Scaling @ 3x] Acc: 0.5480, F1: 0.5854, Time: 0.01s
      -> [LogisticRegression + Scaling @ 3x] Acc: 0.5427, F1: 0.5824, Time: 0.07s
      -> [RNN + Scaling @ 3x] Acc: 0.8000, F1: 0.7437, Time: 0.12s
    [=== Generating 5x synthetic data with Scaling ===]
      -> [KNN + Scaling @ 5x] Acc: 0.6060, F1: 0.6321, Time: 0.31s
      -> [RandomForest + Scaling @ 5x] Acc: 0.5450, F1: 0.5760, Time: 0.79s
      -> [LinearSVC + Scaling @ 5x] Acc: 0.5697, F1: 0.6025, Time: 0.02s
      -> [LogisticRegression + Scaling @ 5x] Acc: 0.5720, F1: 0.6062, Time: 0.11s
      -> [RNN + Scaling @ 5x] Acc: 0.4000, F1: 0.3576, Time: 0.34s
    [=== Generating 10x synthetic data with Scaling ===]
      -> [KNN + Scaling @ 10x] Acc: 0.6300, F1: 0.6535, Time: 0.39s
      -> [RandomForest + Scaling @ 10x] Acc: 0.5450, F1: 0.5775, Time: 0.66s
      -> [LinearSVC + Scaling @ 10x] Acc: 0.5520, F1: 0.5865, Time: 0.03s
      -> [LogisticRegression + Scaling @ 10x] Acc: 0.5523, F1: 0.5878, Time: 0.09s
      -> [RNN + Scaling @ 10x] Acc: 0.6667, F1: 0.5630, Time: 0.36s
    [=== Generating 2x synthetic data with Magnitude_Warping ===]
      -> [KNN + Magnitude_Warping @ 2x] Acc: 0.6457, F1: 0.6590, Time: 0.29s
      -> [RandomForest + Magnitude_Warping @ 2x] Acc: 0.5370, F1: 0.5681, Time: 0.31s
      -> [LinearSVC + Magnitude_Warping @ 2x] Acc: 0.5590, F1: 0.5937, Time: 0.01s
      -> [LogisticRegression + Magnitude_Warping @ 2x] Acc: 0.5617, F1: 0.5984, Time: 0.03s
      -> [RNN + Magnitude_Warping @ 2x] Acc: 0.8000, F1: 0.7437, Time: 0.24s
    [=== Generating 3x synthetic data with Magnitude_Warping ===]
      -> [KNN + Magnitude_Warping @ 3x] Acc: 0.6210, F1: 0.6495, Time: 0.15s
      -> [RandomForest + Magnitude_Warping @ 3x] Acc: 0.5510, F1: 0.5800, Time: 0.51s
      -> [LinearSVC + Magnitude_Warping @ 3x] Acc: 0.5370, F1: 0.5717, Time: 0.01s
      -> [LogisticRegression + Magnitude_Warping @ 3x] Acc: 0.5463, F1: 0.5803, Time: 0.08s
      -> [RNN + Magnitude_Warping @ 3x] Acc: 0.7333, F1: 0.6681, Time: 0.25s
    [=== Generating 5x synthetic data with Magnitude_Warping ===]
      -> [KNN + Magnitude_Warping @ 5x] Acc: 0.6527, F1: 0.6647, Time: 0.15s
      -> [RandomForest + Magnitude_Warping @ 5x] Acc: 0.6253, F1: 0.6288, Time: 0.79s
      -> [LinearSVC + Magnitude_Warping @ 5x] Acc: 0.5603, F1: 0.5913, Time: 0.01s
      -> [LogisticRegression + Magnitude_Warping @ 5x] Acc: 0.5607, F1: 0.5912, Time: 0.03s
      -> [RNN + Magnitude_Warping @ 5x] Acc: 0.8333, F1: 0.7980, Time: 0.26s
    [=== Generating 10x synthetic data with Magnitude_Warping ===]
      -> [KNN + Magnitude_Warping @ 10x] Acc: 0.6233, F1: 0.6426, Time: 0.35s
      -> [RandomForest + Magnitude_Warping @ 10x] Acc: 0.5850, F1: 0.6037, Time: 1.16s
      -> [LinearSVC + Magnitude_Warping @ 10x] Acc: 0.5667, F1: 0.5973, Time: 0.02s
      -> [LogisticRegression + Magnitude_Warping @ 10x] Acc: 0.5670, F1: 0.5987, Time: 0.05s
      -> [RNN + Magnitude_Warping @ 10x] Acc: 0.7000, F1: 0.6235, Time: 0.48s
    [=== Generating 2x synthetic data with Time_Warping ===]
      -> [KNN + Time_Warping @ 2x] Acc: 0.6467, F1: 0.6599, Time: 0.32s
      -> [RandomForest + Time_Warping @ 2x] Acc: 0.5887, F1: 0.6021, Time: 0.28s
      -> [LinearSVC + Time_Warping @ 2x] Acc: 0.5220, F1: 0.5634, Time: 0.01s
      -> [LogisticRegression + Time_Warping @ 2x] Acc: 0.5233, F1: 0.5641, Time: 0.07s
      -> [RNN + Time_Warping @ 2x] Acc: 0.4333, F1: 0.3787, Time: 0.24s
    [=== Generating 3x synthetic data with Time_Warping ===]
      -> [KNN + Time_Warping @ 3x] Acc: 0.6447, F1: 0.6576, Time: 0.16s
      -> [RandomForest + Time_Warping @ 3x] Acc: 0.6030, F1: 0.6126, Time: 0.25s
      -> [LinearSVC + Time_Warping @ 3x] Acc: 0.5287, F1: 0.5689, Time: 0.01s
      -> [LogisticRegression + Time_Warping @ 3x] Acc: 0.5260, F1: 0.5649, Time: 0.08s
      -> [RNN + Time_Warping @ 3x] Acc: 0.3667, F1: 0.3222, Time: 0.24s
    [=== Generating 5x synthetic data with Time_Warping ===]
      -> [KNN + Time_Warping @ 5x] Acc: 0.6263, F1: 0.6447, Time: 0.20s
      -> [RandomForest + Time_Warping @ 5x] Acc: 0.5927, F1: 0.6042, Time: 0.34s
      -> [LinearSVC + Time_Warping @ 5x] Acc: 0.4997, F1: 0.5392, Time: 0.01s
      -> [LogisticRegression + Time_Warping @ 5x] Acc: 0.4857, F1: 0.5181, Time: 0.11s
      -> [RNN + Time_Warping @ 5x] Acc: 0.4000, F1: 0.3300, Time: 0.14s
    [=== Generating 10x synthetic data with Time_Warping ===]
      -> [KNN + Time_Warping @ 10x] Acc: 0.6187, F1: 0.6407, Time: 0.41s
      -> [RandomForest + Time_Warping @ 10x] Acc: 0.5963, F1: 0.6042, Time: 0.66s
      -> [LinearSVC + Time_Warping @ 10x] Acc: 0.5170, F1: 0.5579, Time: 0.04s
      -> [LogisticRegression + Time_Warping @ 10x] Acc: 0.4890, F1: 0.5211, Time: 0.17s
      -> [RNN + Time_Warping @ 10x] Acc: 0.3000, F1: 0.2728, Time: 0.51s
No results to plot for Wine_spoilage_F5_S1.
