Dataset,Fold,SeedsPerLabel,SeedFoldSelection,ScaleFactor,Model,Method,GenParamSetIndex,GenParams,Accuracy,F1_Score,Hyperparameters,ExecutionTime_Sec
Chinese_wine,7,2,1,1,KNN,Baseline,N/A,N/A,0.6583333333333333,0.6482049310839233,"{'algorithm': 'auto', 'leaf_size': 30, 'metric': 'minkowski', 'metric_params': None, 'n_jobs': None, 'n_neighbors': 5, 'p': 2, 'weights': 'uniform'}",0.30353593826293945
Chinese_wine,7,2,1,1,KNN,Tuned_Baseline,N/A,N/A,0.6628888888888889,0.6521190731422148,"{'algorithm': 'auto', 'leaf_size': 30, 'metric': 'manhattan', 'metric_params': None, 'n_jobs': None, 'n_neighbors': np.int64(5), 'p': 2, 'weights': 'distance'}",0.06118917465209961
Chinese_wine,7,2,1,1,RandomForest,Baseline,N/A,N/A,0.6175555555555555,0.6004794431807865,"{'bootstrap': True, 'ccp_alpha': 0.0, 'class_weight': None, 'criterion': 'gini', 'max_depth': None, 'max_features': 'sqrt', 'max_leaf_nodes': None, 'max_samples': None, 'min_impurity_decrease': 0.0, 'min_samples_leaf': 1, 'min_samples_split': 2, 'min_weight_fraction_leaf': 0.0, 'monotonic_cst': None, 'n_estimators': 100, 'n_jobs': None, 'oob_score': False, 'random_state': 42, 'verbose': 0, 'warm_start': False}",0.507448673248291
Chinese_wine,7,2,1,1,RandomForest,Tuned_Baseline,N/A,N/A,0.6124444444444445,0.5928040367404744,"{'bootstrap': True, 'ccp_alpha': 0.0, 'class_weight': 'balanced', 'criterion': 'gini', 'max_depth': None, 'max_features': 'sqrt', 'max_leaf_nodes': None, 'max_samples': None, 'min_impurity_decrease': 0.0, 'min_samples_leaf': 1, 'min_samples_split': 2, 'min_weight_fraction_leaf': 0.0, 'monotonic_cst': None, 'n_estimators': 50, 'n_jobs': None, 'oob_score': False, 'random_state': 42, 'verbose': 0, 'warm_start': False}",0.027623653411865234
Chinese_wine,7,2,1,1,LinearSVC,Baseline,N/A,N/A,0.629,0.5981404498560214,"{'C': 1.0, 'class_weight': None, 'dual': False, 'fit_intercept': True, 'intercept_scaling': 1, 'loss': 'squared_hinge', 'max_iter': 100, 'multi_class': 'ovr', 'penalty': 'l2', 'random_state': 42, 'tol': 0.0001, 'verbose': 0}",0.022489070892333984
Chinese_wine,7,2,1,1,LinearSVC,Tuned_Baseline,N/A,N/A,0.6434444444444445,0.6223713705110239,"{'C': np.float64(6.1584821106602545), 'class_weight': None, 'dual': False, 'fit_intercept': True, 'intercept_scaling': 1, 'loss': 'squared_hinge', 'max_iter': 100, 'multi_class': 'ovr', 'penalty': 'l2', 'random_state': 42, 'tol': 0.0001, 'verbose': 0}",0.0012307167053222656
Chinese_wine,7,2,1,1,LogisticRegression,Baseline,N/A,N/A,0.5982222222222222,0.5767672952921253,"{'C': 1.0, 'class_weight': None, 'dual': False, 'fit_intercept': True, 'intercept_scaling': 1, 'l1_ratio': None, 'max_iter': 100, 'multi_class': 'deprecated', 'n_jobs': None, 'penalty': 'l2', 'random_state': 42, 'solver': 'lbfgs', 'tol': 0.0001, 'verbose': 0, 'warm_start': False}",0.07540535926818848
Chinese_wine,7,2,1,1,LogisticRegression,Tuned_Baseline,N/A,N/A,0.6343333333333333,0.6226939487306079,"{'C': np.float64(183.29807108324337), 'class_weight': None, 'dual': False, 'fit_intercept': True, 'intercept_scaling': 1, 'l1_ratio': None, 'max_iter': 100, 'multi_class': 'deprecated', 'n_jobs': None, 'penalty': 'l2', 'random_state': 42, 'solver': 'saga', 'tol': 0.0001, 'verbose': 0, 'warm_start': False}",0.001190185546875
Chinese_wine,7,2,1,1,RNN,Tuned_Baseline,N/A,N/A,0.1,0.018181818181818184,"{'hidden_size': 64, 'epochs': 10, 'batch_size': 32, 'lr': 0.001}",3.4809112548828125e-05
Chinese_wine,7,2,1,2,KNN,Time_Warping,1,"{'sigma': 0.2, 'knot': 4}",0.6532222222222223,0.6447296779431846,"{'algorithm': 'auto', 'leaf_size': 30, 'metric': 'minkowski', 'metric_params': None, 'n_jobs': None, 'n_neighbors': np.int64(5), 'p': 3, 'weights': 'distance'}",0.33789682388305664
Chinese_wine,7,2,1,2,RandomForest,Time_Warping,1,"{'sigma': 0.2, 'knot': 4}",0.6022222222222222,0.5895848613075045,"{'bootstrap': True, 'ccp_alpha': 0.0, 'class_weight': None, 'criterion': 'gini', 'max_depth': 20, 'max_features': 'sqrt', 'max_leaf_nodes': None, 'max_samples': None, 'min_impurity_decrease': 0.0, 'min_samples_leaf': 1, 'min_samples_split': 2, 'min_weight_fraction_leaf': 0.0, 'monotonic_cst': None, 'n_estimators': 100, 'n_jobs': None, 'oob_score': False, 'random_state': 42, 'verbose': 0, 'warm_start': False}",0.8843510150909424
Chinese_wine,7,2,1,2,LinearSVC,Time_Warping,1,"{'sigma': 0.2, 'knot': 4}",0.4865555555555556,0.42062661615281094,"{'C': np.float64(183.29807108324337), 'class_weight': None, 'dual': False, 'fit_intercept': True, 'intercept_scaling': 1, 'loss': 'squared_hinge', 'max_iter': 100, 'multi_class': 'ovr', 'penalty': 'l1', 'random_state': 42, 'tol': 0.001, 'verbose': 0}",0.03267788887023926
Chinese_wine,7,2,1,2,LogisticRegression,Time_Warping,1,"{'sigma': 0.2, 'knot': 4}",0.51,0.49301728410645773,"{'C': np.float64(33.59818286283781), 'class_weight': None, 'dual': False, 'fit_intercept': True, 'intercept_scaling': 1, 'l1_ratio': None, 'max_iter': 100, 'multi_class': 'deprecated', 'n_jobs': None, 'penalty': 'l2', 'random_state': 42, 'solver': 'saga', 'tol': 0.0001, 'verbose': 0, 'warm_start': False}",0.02640366554260254
Chinese_wine,7,2,1,2,KNN,Time_Warping,2,"{'sigma': 0.2, 'knot': 3}",0.659,0.6486302745096485,"{'algorithm': 'auto', 'leaf_size': 30, 'metric': 'minkowski', 'metric_params': None, 'n_jobs': None, 'n_neighbors': np.int64(5), 'p': 3, 'weights': 'distance'}",0.2701451778411865
Chinese_wine,7,2,1,2,RandomForest,Time_Warping,2,"{'sigma': 0.2, 'knot': 3}",0.607,0.5877793473616872,"{'bootstrap': True, 'ccp_alpha': 0.0, 'class_weight': 'balanced', 'criterion': 'gini', 'max_depth': 30, 'max_features': 'sqrt', 'max_leaf_nodes': None, 'max_samples': None, 'min_impurity_decrease': 0.0, 'min_samples_leaf': 1, 'min_samples_split': 5, 'min_weight_fraction_leaf': 0.0, 'monotonic_cst': None, 'n_estimators': 100, 'n_jobs': None, 'oob_score': False, 'random_state': 42, 'verbose': 0, 'warm_start': False}",0.9366331100463867
Chinese_wine,7,2,1,2,LinearSVC,Time_Warping,2,"{'sigma': 0.2, 'knot': 3}",0.43666666666666665,0.3795465514952202,"{'C': np.float64(2.6366508987303554), 'class_weight': 'balanced', 'dual': False, 'fit_intercept': True, 'intercept_scaling': 1, 'loss': 'squared_hinge', 'max_iter': 100, 'multi_class': 'ovr', 'penalty': 'l1', 'random_state': 42, 'tol': 0.0001, 'verbose': 0}",0.04515576362609863
Chinese_wine,7,2,1,2,LogisticRegression,Time_Warping,2,"{'sigma': 0.2, 'knot': 3}",0.4737777777777778,0.4584890215780209,"{'C': np.float64(33.59818286283781), 'class_weight': 'balanced', 'dual': False, 'fit_intercept': True, 'intercept_scaling': 1, 'l1_ratio': None, 'max_iter': 100, 'multi_class': 'deprecated', 'n_jobs': None, 'penalty': 'l2', 'random_state': 42, 'solver': 'saga', 'tol': 0.0001, 'verbose': 0, 'warm_start': False}",0.03003406524658203
Chinese_wine,7,2,1,2,KNN,Time_Warping,3,"{'sigma': 0.5, 'knot': 4}",0.6562222222222223,0.6476387728395949,"{'algorithm': 'auto', 'leaf_size': 30, 'metric': 'minkowski', 'metric_params': None, 'n_jobs': None, 'n_neighbors': np.int64(5), 'p': 3, 'weights': 'distance'}",0.23830676078796387
Chinese_wine,7,2,1,2,RandomForest,Time_Warping,3,"{'sigma': 0.5, 'knot': 4}",0.5652222222222222,0.5480468788537988,"{'bootstrap': True, 'ccp_alpha': 0.0, 'class_weight': 'balanced', 'criterion': 'gini', 'max_depth': None, 'max_features': 'sqrt', 'max_leaf_nodes': None, 'max_samples': None, 'min_impurity_decrease': 0.0, 'min_samples_leaf': 1, 'min_samples_split': 5, 'min_weight_fraction_leaf': 0.0, 'monotonic_cst': None, 'n_estimators': 50, 'n_jobs': None, 'oob_score': False, 'random_state': 42, 'verbose': 0, 'warm_start': False}",0.48139166831970215
Chinese_wine,7,2,1,2,LinearSVC,Time_Warping,3,"{'sigma': 0.5, 'knot': 4}",0.3898888888888889,0.33363672002304845,"{'C': np.float64(0.2069138081114788), 'class_weight': 'balanced', 'dual': False, 'fit_intercept': True, 'intercept_scaling': 1, 'loss': 'squared_hinge', 'max_iter': 100, 'multi_class': 'ovr', 'penalty': 'l2', 'random_state': 42, 'tol': 0.001, 'verbose': 0}",0.01749587059020996
Chinese_wine,7,2,1,2,LogisticRegression,Time_Warping,3,"{'sigma': 0.5, 'knot': 4}",0.426,0.41400311383515576,"{'C': np.float64(33.59818286283781), 'class_weight': 'balanced', 'dual': False, 'fit_intercept': True, 'intercept_scaling': 1, 'l1_ratio': None, 'max_iter': 100, 'multi_class': 'deprecated', 'n_jobs': None, 'penalty': 'l2', 'random_state': 42, 'solver': 'saga', 'tol': 0.0001, 'verbose': 0, 'warm_start': False}",0.02777695655822754
Chinese_wine,7,2,1,2,KNN,Time_Warping,4,"{'sigma': 0.05, 'knot': 8}",0.6527777777777778,0.6428460629954851,"{'algorithm': 'auto', 'leaf_size': 30, 'metric': 'minkowski', 'metric_params': None, 'n_jobs': None, 'n_neighbors': np.int64(5), 'p': 3, 'weights': 'distance'}",0.24063777923583984
Chinese_wine,7,2,1,2,RandomForest,Time_Warping,4,"{'sigma': 0.05, 'knot': 8}",0.5764444444444444,0.5606906258112001,"{'bootstrap': True, 'ccp_alpha': 0.0, 'class_weight': 'balanced', 'criterion': 'gini', 'max_depth': 20, 'max_features': 'sqrt', 'max_leaf_nodes': None, 'max_samples': None, 'min_impurity_decrease': 0.0, 'min_samples_leaf': 2, 'min_samples_split': 5, 'min_weight_fraction_leaf': 0.0, 'monotonic_cst': None, 'n_estimators': 50, 'n_jobs': None, 'oob_score': False, 'random_state': 42, 'verbose': 0, 'warm_start': False}",0.5377829074859619
Chinese_wine,7,2,1,2,LinearSVC,Time_Warping,4,"{'sigma': 0.05, 'knot': 8}",0.5715555555555556,0.5214191548643273,"{'C': np.float64(2.6366508987303554), 'class_weight': 'balanced', 'dual': False, 'fit_intercept': True, 'intercept_scaling': 1, 'loss': 'squared_hinge', 'max_iter': 100, 'multi_class': 'ovr', 'penalty': 'l1', 'random_state': 42, 'tol': 0.0001, 'verbose': 0}",0.08020520210266113
Chinese_wine,7,2,1,2,LogisticRegression,Time_Warping,4,"{'sigma': 0.05, 'knot': 8}",0.5947777777777777,0.5811510061028833,"{'C': np.float64(1000.0), 'class_weight': 'balanced', 'dual': False, 'fit_intercept': True, 'intercept_scaling': 1, 'l1_ratio': None, 'max_iter': 100, 'multi_class': 'deprecated', 'n_jobs': None, 'penalty': 'l2', 'random_state': 42, 'solver': 'sag', 'tol': 0.0001, 'verbose': 0, 'warm_start': False}",0.14966130256652832
Chinese_wine,7,2,1,2,KNN,Time_Warping,5,"{'sigma': 0.1, 'knot': 4}",0.6513333333333333,0.6396420853289115,"{'algorithm': 'auto', 'leaf_size': 30, 'metric': 'manhattan', 'metric_params': None, 'n_jobs': None, 'n_neighbors': np.int64(5), 'p': 2, 'weights': 'distance'}",0.11032915115356445
Chinese_wine,7,2,1,2,RandomForest,Time_Warping,5,"{'sigma': 0.1, 'knot': 4}",0.5953333333333334,0.5826272295974323,"{'bootstrap': True, 'ccp_alpha': 0.0, 'class_weight': 'balanced', 'criterion': 'gini', 'max_depth': None, 'max_features': 'sqrt', 'max_leaf_nodes': None, 'max_samples': None, 'min_impurity_decrease': 0.0, 'min_samples_leaf': 1, 'min_samples_split': 2, 'min_weight_fraction_leaf': 0.0, 'monotonic_cst': None, 'n_estimators': 50, 'n_jobs': None, 'oob_score': False, 'random_state': 42, 'verbose': 0, 'warm_start': False}",0.5470912456512451
Chinese_wine,7,2,1,2,LinearSVC,Time_Warping,5,"{'sigma': 0.1, 'knot': 4}",0.48088888888888887,0.4302312784836611,"{'C': np.float64(183.29807108324337), 'class_weight': 'balanced', 'dual': False, 'fit_intercept': True, 'intercept_scaling': 1, 'loss': 'squared_hinge', 'max_iter': 100, 'multi_class': 'ovr', 'penalty': 'l1', 'random_state': 42, 'tol': 0.0001, 'verbose': 0}",0.06721687316894531
Chinese_wine,7,2,1,2,LogisticRegression,Time_Warping,5,"{'sigma': 0.1, 'knot': 4}",0.5451111111111111,0.543472223871685,"{'C': np.float64(33.59818286283781), 'class_weight': 'balanced', 'dual': False, 'fit_intercept': True, 'intercept_scaling': 1, 'l1_ratio': None, 'max_iter': 100, 'multi_class': 'deprecated', 'n_jobs': None, 'penalty': 'l1', 'random_state': 42, 'solver': 'saga', 'tol': 0.0001, 'verbose': 0, 'warm_start': False}",0.19466710090637207
Chinese_wine,7,2,1,2,KNN,Time_Warping,6,"{'sigma': 0.3, 'knot': 6}",0.6564444444444445,0.6519903215550621,"{'algorithm': 'auto', 'leaf_size': 30, 'metric': 'minkowski', 'metric_params': None, 'n_jobs': None, 'n_neighbors': np.int64(13), 'p': 4, 'weights': 'distance'}",0.3694019317626953
Chinese_wine,7,2,1,2,RandomForest,Time_Warping,6,"{'sigma': 0.3, 'knot': 6}",0.5987777777777777,0.5793212616233872,"{'bootstrap': True, 'ccp_alpha': 0.0, 'class_weight': 'balanced', 'criterion': 'gini', 'max_depth': 20, 'max_features': 'sqrt', 'max_leaf_nodes': None, 'max_samples': None, 'min_impurity_decrease': 0.0, 'min_samples_leaf': 2, 'min_samples_split': 5, 'min_weight_fraction_leaf': 0.0, 'monotonic_cst': None, 'n_estimators': 50, 'n_jobs': None, 'oob_score': False, 'random_state': 42, 'verbose': 0, 'warm_start': False}",0.4904518127441406
Chinese_wine,7,2,1,2,LinearSVC,Time_Warping,6,"{'sigma': 0.3, 'knot': 6}",0.4438888888888889,0.3742036480616541,"{'C': np.float64(1000.0), 'class_weight': 'balanced', 'dual': False, 'fit_intercept': True, 'intercept_scaling': 1, 'loss': 'squared_hinge', 'max_iter': 100, 'multi_class': 'ovr', 'penalty': 'l2', 'random_state': 42, 'tol': 0.001, 'verbose': 0}",0.019982337951660156
Chinese_wine,7,2,1,2,LogisticRegression,Time_Warping,6,"{'sigma': 0.3, 'knot': 6}",0.44533333333333336,0.43238634571594814,"{'C': np.float64(33.59818286283781), 'class_weight': 'balanced', 'dual': False, 'fit_intercept': True, 'intercept_scaling': 1, 'l1_ratio': None, 'max_iter': 100, 'multi_class': 'deprecated', 'n_jobs': None, 'penalty': 'l1', 'random_state': 42, 'solver': 'saga', 'tol': 0.0001, 'verbose': 0, 'warm_start': False}",0.4293942451477051
Chinese_wine,7,2,1,2,KNN,Time_Warping,7,"{'sigma': 0.05, 'knot': 6}",0.6676666666666666,0.6586565229601252,"{'algorithm': 'auto', 'leaf_size': 30, 'metric': 'minkowski', 'metric_params': None, 'n_jobs': None, 'n_neighbors': np.int64(5), 'p': 3, 'weights': 'distance'}",0.23914027214050293
Chinese_wine,7,2,1,2,RandomForest,Time_Warping,7,"{'sigma': 0.05, 'knot': 6}",0.5928888888888889,0.5741022936116176,"{'bootstrap': True, 'ccp_alpha': 0.0, 'class_weight': 'balanced', 'criterion': 'gini', 'max_depth': 20, 'max_features': 'sqrt', 'max_leaf_nodes': None, 'max_samples': None, 'min_impurity_decrease': 0.0, 'min_samples_leaf': 2, 'min_samples_split': 5, 'min_weight_fraction_leaf': 0.0, 'monotonic_cst': None, 'n_estimators': 50, 'n_jobs': None, 'oob_score': False, 'random_state': 42, 'verbose': 0, 'warm_start': False}",0.4293966293334961
Chinese_wine,7,2,1,2,LinearSVC,Time_Warping,7,"{'sigma': 0.05, 'knot': 6}",0.5538888888888889,0.5071168514805467,"{'C': np.float64(183.29807108324337), 'class_weight': 'balanced', 'dual': False, 'fit_intercept': True, 'intercept_scaling': 1, 'loss': 'squared_hinge', 'max_iter': 100, 'multi_class': 'ovr', 'penalty': 'l1', 'random_state': 42, 'tol': 0.0001, 'verbose': 0}",0.07331013679504395
Chinese_wine,7,2,1,2,LogisticRegression,Time_Warping,7,"{'sigma': 0.05, 'knot': 6}",0.566,0.5481675731578229,"{'C': np.float64(1000.0), 'class_weight': 'balanced', 'dual': False, 'fit_intercept': True, 'intercept_scaling': 1, 'l1_ratio': None, 'max_iter': 100, 'multi_class': 'deprecated', 'n_jobs': None, 'penalty': 'l2', 'random_state': 42, 'solver': 'sag', 'tol': 0.0001, 'verbose': 0, 'warm_start': False}",0.13878870010375977
Chinese_wine,7,2,1,2,KNN,Time_Warping,8,"{'sigma': 0.3, 'knot': 6}",0.6648888888888889,0.6579017579350052,"{'algorithm': 'auto', 'leaf_size': 30, 'metric': 'minkowski', 'metric_params': None, 'n_jobs': None, 'n_neighbors': np.int64(5), 'p': 3, 'weights': 'distance'}",0.26918482780456543
Chinese_wine,7,2,1,2,RandomForest,Time_Warping,8,"{'sigma': 0.3, 'knot': 6}",0.6038888888888889,0.5815351234830917,"{'bootstrap': True, 'ccp_alpha': 0.0, 'class_weight': None, 'criterion': 'gini', 'max_depth': 20, 'max_features': 'sqrt', 'max_leaf_nodes': None, 'max_samples': None, 'min_impurity_decrease': 0.0, 'min_samples_leaf': 1, 'min_samples_split': 5, 'min_weight_fraction_leaf': 0.0, 'monotonic_cst': None, 'n_estimators': 150, 'n_jobs': None, 'oob_score': False, 'random_state': 42, 'verbose': 0, 'warm_start': False}",1.4629335403442383
Chinese_wine,7,2,1,2,LinearSVC,Time_Warping,8,"{'sigma': 0.3, 'knot': 6}",0.4043333333333333,0.330788249306131,"{'C': np.float64(6.1584821106602545), 'class_weight': None, 'dual': False, 'fit_intercept': True, 'intercept_scaling': 1, 'loss': 'squared_hinge', 'max_iter': 100, 'multi_class': 'ovr', 'penalty': 'l2', 'random_state': 42, 'tol': 0.0001, 'verbose': 0}",0.019652843475341797
Chinese_wine,7,2,1,2,LogisticRegression,Time_Warping,8,"{'sigma': 0.3, 'knot': 6}",0.4093333333333333,0.379702283032123,"{'C': np.float64(183.29807108324337), 'class_weight': 'balanced', 'dual': False, 'fit_intercept': True, 'intercept_scaling': 1, 'l1_ratio': None, 'max_iter': 100, 'multi_class': 'deprecated', 'n_jobs': None, 'penalty': 'l1', 'random_state': 42, 'solver': 'saga', 'tol': 0.0001, 'verbose': 0, 'warm_start': False}",0.04250454902648926
Chinese_wine,7,2,1,2,KNN,Time_Warping,9,"{'sigma': 0.1, 'knot': 6}",0.6365555555555555,0.6352757158116326,"{'algorithm': 'auto', 'leaf_size': 30, 'metric': 'minkowski', 'metric_params': None, 'n_jobs': None, 'n_neighbors': np.int64(5), 'p': 3, 'weights': 'distance'}",0.23539328575134277
Chinese_wine,7,2,1,2,RandomForest,Time_Warping,9,"{'sigma': 0.1, 'knot': 6}",0.5764444444444444,0.5675941015338046,"{'bootstrap': True, 'ccp_alpha': 0.0, 'class_weight': 'balanced', 'criterion': 'gini', 'max_depth': 30, 'max_features': 'sqrt', 'max_leaf_nodes': None, 'max_samples': None, 'min_impurity_decrease': 0.0, 'min_samples_leaf': 1, 'min_samples_split': 5, 'min_weight_fraction_leaf': 0.0, 'monotonic_cst': None, 'n_estimators': 100, 'n_jobs': None, 'oob_score': False, 'random_state': 42, 'verbose': 0, 'warm_start': False}",0.8757789134979248
Chinese_wine,7,2,1,2,LinearSVC,Time_Warping,9,"{'sigma': 0.1, 'knot': 6}",0.477,0.41089691071668244,"{'C': np.float64(183.29807108324337), 'class_weight': 'balanced', 'dual': False, 'fit_intercept': True, 'intercept_scaling': 1, 'loss': 'squared_hinge', 'max_iter': 100, 'multi_class': 'ovr', 'penalty': 'l1', 'random_state': 42, 'tol': 0.0001, 'verbose': 0}",0.0785377025604248
Chinese_wine,7,2,1,2,LogisticRegression,Time_Warping,9,"{'sigma': 0.1, 'knot': 6}",0.5095555555555555,0.4935452854231548,"{'C': np.float64(2.6366508987303554), 'class_weight': 'balanced', 'dual': False, 'fit_intercept': True, 'intercept_scaling': 1, 'l1_ratio': None, 'max_iter': 100, 'multi_class': 'deprecated', 'n_jobs': None, 'penalty': 'l1', 'random_state': 42, 'solver': 'saga', 'tol': 0.0001, 'verbose': 0, 'warm_start': False}",0.2489914894104004
Chinese_wine,7,2,1,2,KNN,Time_Warping,10,"{'sigma': 0.1, 'knot': 8}",0.6303333333333333,0.6270264406879313,"{'algorithm': 'auto', 'leaf_size': 30, 'metric': 'minkowski', 'metric_params': None, 'n_jobs': None, 'n_neighbors': np.int64(5), 'p': 3, 'weights': 'distance'}",0.23843050003051758
Chinese_wine,7,2,1,2,RandomForest,Time_Warping,10,"{'sigma': 0.1, 'knot': 8}",0.6013333333333334,0.58449795864466,"{'bootstrap': True, 'ccp_alpha': 0.0, 'class_weight': 'balanced', 'criterion': 'gini', 'max_depth': 30, 'max_features': 'sqrt', 'max_leaf_nodes': None, 'max_samples': None, 'min_impurity_decrease': 0.0, 'min_samples_leaf': 1, 'min_samples_split': 2, 'min_weight_fraction_leaf': 0.0, 'monotonic_cst': None, 'n_estimators': 150, 'n_jobs': None, 'oob_score': False, 'random_state': 42, 'verbose': 0, 'warm_start': False}",1.3889026641845703
Chinese_wine,7,2,1,2,LinearSVC,Time_Warping,10,"{'sigma': 0.1, 'knot': 8}",0.4686666666666667,0.41724468749609256,"{'C': np.float64(33.59818286283781), 'class_weight': 'balanced', 'dual': False, 'fit_intercept': True, 'intercept_scaling': 1, 'loss': 'squared_hinge', 'max_iter': 100, 'multi_class': 'ovr', 'penalty': 'l1', 'random_state': 42, 'tol': 0.001, 'verbose': 0}",0.06750917434692383
Chinese_wine,7,2,1,2,LogisticRegression,Time_Warping,10,"{'sigma': 0.1, 'knot': 8}",0.5217777777777778,0.5077373288121549,"{'C': np.float64(2.6366508987303554), 'class_weight': 'balanced', 'dual': False, 'fit_intercept': True, 'intercept_scaling': 1, 'l1_ratio': None, 'max_iter': 100, 'multi_class': 'deprecated', 'n_jobs': None, 'penalty': 'l1', 'random_state': 42, 'solver': 'saga', 'tol': 0.0001, 'verbose': 0, 'warm_start': False}",0.19763422012329102
Chinese_wine,7,2,1,3,KNN,Time_Warping,1,"{'sigma': 0.2, 'knot': 4}",0.6463333333333333,0.6392005533378237,"{'algorithm': 'auto', 'leaf_size': 30, 'metric': 'minkowski', 'metric_params': None, 'n_jobs': None, 'n_neighbors': np.int64(5), 'p': 3, 'weights': 'distance'}",0.42203402519226074
Chinese_wine,7,2,1,3,RandomForest,Time_Warping,1,"{'sigma': 0.2, 'knot': 4}",0.4514444444444444,0.4623921025854395,"{'bootstrap': True, 'ccp_alpha': 0.0, 'class_weight': 'balanced', 'criterion': 'gini', 'max_depth': 10, 'max_features': 'sqrt', 'max_leaf_nodes': None, 'max_samples': None, 'min_impurity_decrease': 0.0, 'min_samples_leaf': 1, 'min_samples_split': 5, 'min_weight_fraction_leaf': 0.0, 'monotonic_cst': None, 'n_estimators': 150, 'n_jobs': None, 'oob_score': False, 'random_state': 42, 'verbose': 0, 'warm_start': False}",1.6344997882843018
Chinese_wine,7,2,1,3,LinearSVC,Time_Warping,1,"{'sigma': 0.2, 'knot': 4}",0.43477777777777776,0.3666902564372259,"{'C': np.float64(33.59818286283781), 'class_weight': None, 'dual': False, 'fit_intercept': True, 'intercept_scaling': 1, 'loss': 'squared_hinge', 'max_iter': 100, 'multi_class': 'ovr', 'penalty': 'l1', 'random_state': 42, 'tol': 0.001, 'verbose': 0}",0.04393720626831055
Chinese_wine,7,2,1,3,LogisticRegression,Time_Warping,1,"{'sigma': 0.2, 'knot': 4}",0.4197777777777778,0.415916285952598,"{'C': np.float64(183.29807108324337), 'class_weight': 'balanced', 'dual': False, 'fit_intercept': True, 'intercept_scaling': 1, 'l1_ratio': None, 'max_iter': 100, 'multi_class': 'deprecated', 'n_jobs': None, 'penalty': 'l1', 'random_state': 42, 'solver': 'saga', 'tol': 0.0001, 'verbose': 0, 'warm_start': False}",0.0657663345336914
Chinese_wine,7,2,1,3,KNN,Time_Warping,2,"{'sigma': 0.2, 'knot': 3}",0.6372222222222222,0.6326639737427067,"{'algorithm': 'auto', 'leaf_size': 30, 'metric': 'minkowski', 'metric_params': None, 'n_jobs': None, 'n_neighbors': np.int64(5), 'p': 3, 'weights': 'distance'}",0.4088475704193115
Chinese_wine,7,2,1,3,RandomForest,Time_Warping,2,"{'sigma': 0.2, 'knot': 3}",0.5591111111111111,0.5468943346271748,"{'bootstrap': True, 'ccp_alpha': 0.0, 'class_weight': 'balanced', 'criterion': 'gini', 'max_depth': None, 'max_features': 'sqrt', 'max_leaf_nodes': None, 'max_samples': None, 'min_impurity_decrease': 0.0, 'min_samples_leaf': 1, 'min_samples_split': 5, 'min_weight_fraction_leaf': 0.0, 'monotonic_cst': None, 'n_estimators': 50, 'n_jobs': None, 'oob_score': False, 'random_state': 42, 'verbose': 0, 'warm_start': False}",0.6829805374145508
Chinese_wine,7,2,1,3,LinearSVC,Time_Warping,2,"{'sigma': 0.2, 'knot': 3}",0.4161111111111111,0.3550141904923708,"{'C': np.float64(183.29807108324337), 'class_weight': None, 'dual': False, 'fit_intercept': True, 'intercept_scaling': 1, 'loss': 'squared_hinge', 'max_iter': 100, 'multi_class': 'ovr', 'penalty': 'l1', 'random_state': 42, 'tol': 0.001, 'verbose': 0}",0.03705191612243652
Chinese_wine,7,2,1,3,LogisticRegression,Time_Warping,2,"{'sigma': 0.2, 'knot': 3}",0.36177777777777775,0.3632605617244444,"{'C': np.float64(33.59818286283781), 'class_weight': 'balanced', 'dual': False, 'fit_intercept': True, 'intercept_scaling': 1, 'l1_ratio': None, 'max_iter': 100, 'multi_class': 'deprecated', 'n_jobs': None, 'penalty': 'l1', 'random_state': 42, 'solver': 'saga', 'tol': 0.0001, 'verbose': 0, 'warm_start': False}",0.3193938732147217
Chinese_wine,7,2,1,3,KNN,Time_Warping,3,"{'sigma': 0.5, 'knot': 4}",0.6305555555555555,0.6230480654444217,"{'algorithm': 'auto', 'leaf_size': 30, 'metric': 'minkowski', 'metric_params': None, 'n_jobs': None, 'n_neighbors': np.int64(5), 'p': 3, 'weights': 'distance'}",0.4144725799560547
Chinese_wine,7,2,1,3,RandomForest,Time_Warping,3,"{'sigma': 0.5, 'knot': 4}",0.6135555555555555,0.5931824620328193,"{'bootstrap': True, 'ccp_alpha': 0.0, 'class_weight': 'balanced', 'criterion': 'gini', 'max_depth': 30, 'max_features': 'sqrt', 'max_leaf_nodes': None, 'max_samples': None, 'min_impurity_decrease': 0.0, 'min_samples_leaf': 1, 'min_samples_split': 2, 'min_weight_fraction_leaf': 0.0, 'monotonic_cst': None, 'n_estimators': 150, 'n_jobs': None, 'oob_score': False, 'random_state': 42, 'verbose': 0, 'warm_start': False}",2.0887253284454346
Chinese_wine,7,2,1,3,LinearSVC,Time_Warping,3,"{'sigma': 0.5, 'knot': 4}",0.27855555555555556,0.20527927269448742,"{'C': np.float64(0.4832930238571752), 'class_weight': 'balanced', 'dual': False, 'fit_intercept': True, 'intercept_scaling': 1, 'loss': 'squared_hinge', 'max_iter': 100, 'multi_class': 'ovr', 'penalty': 'l2', 'random_state': 42, 'tol': 0.0001, 'verbose': 0}",0.031949758529663086
Chinese_wine,7,2,1,3,LogisticRegression,Time_Warping,3,"{'sigma': 0.5, 'knot': 4}",0.30622222222222223,0.28969778893152,"{'C': np.float64(33.59818286283781), 'class_weight': None, 'dual': False, 'fit_intercept': True, 'intercept_scaling': 1, 'l1_ratio': None, 'max_iter': 100, 'multi_class': 'deprecated', 'n_jobs': None, 'penalty': 'l2', 'random_state': 42, 'solver': 'saga', 'tol': 0.0001, 'verbose': 0, 'warm_start': False}",0.047318220138549805
Chinese_wine,7,2,1,3,KNN,Time_Warping,4,"{'sigma': 0.05, 'knot': 8}",0.6244444444444445,0.6170077748048128,"{'algorithm': 'auto', 'leaf_size': 30, 'metric': 'minkowski', 'metric_params': None, 'n_jobs': None, 'n_neighbors': np.int64(5), 'p': 3, 'weights': 'distance'}",0.3629114627838135
Chinese_wine,7,2,1,3,RandomForest,Time_Warping,4,"{'sigma': 0.05, 'knot': 8}",0.5866666666666667,0.5696742659691431,"{'bootstrap': True, 'ccp_alpha': 0.0, 'class_weight': None, 'criterion': 'gini', 'max_depth': 20, 'max_features': 'sqrt', 'max_leaf_nodes': None, 'max_samples': None, 'min_impurity_decrease': 0.0, 'min_samples_leaf': 2, 'min_samples_split': 2, 'min_weight_fraction_leaf': 0.0, 'monotonic_cst': None, 'n_estimators': 50, 'n_jobs': None, 'oob_score': False, 'random_state': 42, 'verbose': 0, 'warm_start': False}",0.7022368907928467
Chinese_wine,7,2,1,3,LinearSVC,Time_Warping,4,"{'sigma': 0.05, 'knot': 8}",0.5015555555555555,0.4557493309561331,"{'C': np.float64(33.59818286283781), 'class_weight': 'balanced', 'dual': False, 'fit_intercept': True, 'intercept_scaling': 1, 'loss': 'squared_hinge', 'max_iter': 100, 'multi_class': 'ovr', 'penalty': 'l1', 'random_state': 42, 'tol': 0.0001, 'verbose': 0}",0.09899282455444336
Chinese_wine,7,2,1,3,LogisticRegression,Time_Warping,4,"{'sigma': 0.05, 'knot': 8}",0.5531111111111111,0.5376202885889279,"{'C': np.float64(1000.0), 'class_weight': 'balanced', 'dual': False, 'fit_intercept': True, 'intercept_scaling': 1, 'l1_ratio': None, 'max_iter': 100, 'multi_class': 'deprecated', 'n_jobs': None, 'penalty': 'l2', 'random_state': 42, 'solver': 'sag', 'tol': 0.0001, 'verbose': 0, 'warm_start': False}",0.171189546585083
Chinese_wine,7,2,1,3,KNN,Time_Warping,5,"{'sigma': 0.1, 'knot': 4}",0.632,0.622971393256861,"{'algorithm': 'auto', 'leaf_size': 30, 'metric': 'minkowski', 'metric_params': None, 'n_jobs': None, 'n_neighbors': np.int64(13), 'p': 4, 'weights': 'distance'}",0.525043249130249
Chinese_wine,7,2,1,3,RandomForest,Time_Warping,5,"{'sigma': 0.1, 'knot': 4}",0.5632222222222222,0.546576253149403,"{'bootstrap': True, 'ccp_alpha': 0.0, 'class_weight': None, 'criterion': 'gini', 'max_depth': 20, 'max_features': 'sqrt', 'max_leaf_nodes': None, 'max_samples': None, 'min_impurity_decrease': 0.0, 'min_samples_leaf': 2, 'min_samples_split': 2, 'min_weight_fraction_leaf': 0.0, 'monotonic_cst': None, 'n_estimators': 50, 'n_jobs': None, 'oob_score': False, 'random_state': 42, 'verbose': 0, 'warm_start': False}",0.7425680160522461
Chinese_wine,7,2,1,3,LinearSVC,Time_Warping,5,"{'sigma': 0.1, 'knot': 4}",0.4667777777777778,0.39879169700446593,"{'C': np.float64(1000.0), 'class_weight': 'balanced', 'dual': False, 'fit_intercept': True, 'intercept_scaling': 1, 'loss': 'squared_hinge', 'max_iter': 100, 'multi_class': 'ovr', 'penalty': 'l2', 'random_state': 42, 'tol': 0.001, 'verbose': 0}",0.02880120277404785
Chinese_wine,7,2,1,3,LogisticRegression,Time_Warping,5,"{'sigma': 0.1, 'knot': 4}",0.49744444444444447,0.47834005212863556,"{'C': np.float64(1000.0), 'class_weight': 'balanced', 'dual': False, 'fit_intercept': True, 'intercept_scaling': 1, 'l1_ratio': None, 'max_iter': 100, 'multi_class': 'deprecated', 'n_jobs': None, 'penalty': 'l2', 'random_state': 42, 'solver': 'sag', 'tol': 0.0001, 'verbose': 0, 'warm_start': False}",0.07599568367004395
Chinese_wine,7,2,1,3,KNN,Time_Warping,6,"{'sigma': 0.3, 'knot': 6}",0.6422222222222222,0.6351106275318577,"{'algorithm': 'auto', 'leaf_size': 30, 'metric': 'euclidean', 'metric_params': None, 'n_jobs': None, 'n_neighbors': np.int64(15), 'p': 2, 'weights': 'distance'}",0.13681650161743164
Chinese_wine,7,2,1,3,RandomForest,Time_Warping,6,"{'sigma': 0.3, 'knot': 6}",0.588,0.568611861350712,"{'bootstrap': True, 'ccp_alpha': 0.0, 'class_weight': 'balanced', 'criterion': 'gini', 'max_depth': None, 'max_features': 'sqrt', 'max_leaf_nodes': None, 'max_samples': None, 'min_impurity_decrease': 0.0, 'min_samples_leaf': 2, 'min_samples_split': 2, 'min_weight_fraction_leaf': 0.0, 'monotonic_cst': None, 'n_estimators': 100, 'n_jobs': None, 'oob_score': False, 'random_state': 42, 'verbose': 0, 'warm_start': False}",1.2517457008361816
Chinese_wine,7,2,1,3,LinearSVC,Time_Warping,6,"{'sigma': 0.3, 'knot': 6}",0.4225555555555556,0.35022133990322274,"{'C': np.float64(0.4832930238571752), 'class_weight': 'balanced', 'dual': False, 'fit_intercept': True, 'intercept_scaling': 1, 'loss': 'squared_hinge', 'max_iter': 100, 'multi_class': 'ovr', 'penalty': 'l2', 'random_state': 42, 'tol': 0.0001, 'verbose': 0}",0.024210214614868164
Chinese_wine,7,2,1,3,LogisticRegression,Time_Warping,6,"{'sigma': 0.3, 'knot': 6}",0.43544444444444447,0.4242959714727621,"{'C': np.float64(2.6366508987303554), 'class_weight': 'balanced', 'dual': False, 'fit_intercept': True, 'intercept_scaling': 1, 'l1_ratio': None, 'max_iter': 100, 'multi_class': 'deprecated', 'n_jobs': None, 'penalty': 'l1', 'random_state': 42, 'solver': 'saga', 'tol': 0.0001, 'verbose': 0, 'warm_start': False}",0.08635759353637695
Chinese_wine,7,2,1,3,KNN,Time_Warping,7,"{'sigma': 0.05, 'knot': 6}",0.6591111111111111,0.6486653627604467,"{'algorithm': 'auto', 'leaf_size': 30, 'metric': 'minkowski', 'metric_params': None, 'n_jobs': None, 'n_neighbors': np.int64(13), 'p': 4, 'weights': 'distance'}",0.42775797843933105
Chinese_wine,7,2,1,3,RandomForest,Time_Warping,7,"{'sigma': 0.05, 'knot': 6}",0.6047777777777777,0.5817643486637011,"{'bootstrap': True, 'ccp_alpha': 0.0, 'class_weight': 'balanced', 'criterion': 'gini', 'max_depth': 30, 'max_features': 'sqrt', 'max_leaf_nodes': None, 'max_samples': None, 'min_impurity_decrease': 0.0, 'min_samples_leaf': 1, 'min_samples_split': 2, 'min_weight_fraction_leaf': 0.0, 'monotonic_cst': None, 'n_estimators': 150, 'n_jobs': None, 'oob_score': False, 'random_state': 42, 'verbose': 0, 'warm_start': False}",2.112783193588257
Chinese_wine,7,2,1,3,LinearSVC,Time_Warping,7,"{'sigma': 0.05, 'knot': 6}",0.5258888888888889,0.4738657953391044,"{'C': np.float64(33.59818286283781), 'class_weight': 'balanced', 'dual': False, 'fit_intercept': True, 'intercept_scaling': 1, 'loss': 'squared_hinge', 'max_iter': 100, 'multi_class': 'ovr', 'penalty': 'l1', 'random_state': 42, 'tol': 0.001, 'verbose': 0}",0.11016297340393066
Chinese_wine,7,2,1,3,LogisticRegression,Time_Warping,7,"{'sigma': 0.05, 'knot': 6}",0.5787777777777777,0.5618008827550888,"{'C': np.float64(33.59818286283781), 'class_weight': None, 'dual': False, 'fit_intercept': True, 'intercept_scaling': 1, 'l1_ratio': None, 'max_iter': 100, 'multi_class': 'deprecated', 'n_jobs': None, 'penalty': 'l2', 'random_state': 42, 'solver': 'saga', 'tol': 0.0001, 'verbose': 0, 'warm_start': False}",0.2083127498626709
Chinese_wine,7,2,1,3,KNN,Time_Warping,8,"{'sigma': 0.3, 'knot': 6}",0.6267777777777778,0.6207177637466217,"{'algorithm': 'auto', 'leaf_size': 30, 'metric': 'euclidean', 'metric_params': None, 'n_jobs': None, 'n_neighbors': np.int64(19), 'p': 2, 'weights': 'distance'}",0.12176322937011719
Chinese_wine,7,2,1,3,RandomForest,Time_Warping,8,"{'sigma': 0.3, 'knot': 6}",0.5744444444444444,0.5535358600884767,"{'bootstrap': True, 'ccp_alpha': 0.0, 'class_weight': 'balanced', 'criterion': 'gini', 'max_depth': 20, 'max_features': 'sqrt', 'max_leaf_nodes': None, 'max_samples': None, 'min_impurity_decrease': 0.0, 'min_samples_leaf': 2, 'min_samples_split': 5, 'min_weight_fraction_leaf': 0.0, 'monotonic_cst': None, 'n_estimators': 50, 'n_jobs': None, 'oob_score': False, 'random_state': 42, 'verbose': 0, 'warm_start': False}",0.6863808631896973
Chinese_wine,7,2,1,3,LinearSVC,Time_Warping,8,"{'sigma': 0.3, 'knot': 6}",0.4027777777777778,0.3294577715633483,"{'C': np.float64(183.29807108324337), 'class_weight': None, 'dual': False, 'fit_intercept': True, 'intercept_scaling': 1, 'loss': 'squared_hinge', 'max_iter': 100, 'multi_class': 'ovr', 'penalty': 'l1', 'random_state': 42, 'tol': 0.001, 'verbose': 0}",0.03496742248535156
Chinese_wine,7,2,1,3,LogisticRegression,Time_Warping,8,"{'sigma': 0.3, 'knot': 6}",0.37822222222222224,0.3712424742589708,"{'C': np.float64(183.29807108324337), 'class_weight': None, 'dual': False, 'fit_intercept': True, 'intercept_scaling': 1, 'l1_ratio': None, 'max_iter': 100, 'multi_class': 'deprecated', 'n_jobs': None, 'penalty': 'l2', 'random_state': 42, 'solver': 'saga', 'tol': 0.0001, 'verbose': 0, 'warm_start': False}",0.04320859909057617
Chinese_wine,7,2,1,3,KNN,Time_Warping,9,"{'sigma': 0.1, 'knot': 6}",0.6232222222222222,0.61437229702788,"{'algorithm': 'auto', 'leaf_size': 30, 'metric': 'euclidean', 'metric_params': None, 'n_jobs': None, 'n_neighbors': np.int64(19), 'p': 2, 'weights': 'distance'}",0.12308597564697266
Chinese_wine,7,2,1,3,RandomForest,Time_Warping,9,"{'sigma': 0.1, 'knot': 6}",0.5737777777777778,0.5576272762535359,"{'bootstrap': True, 'ccp_alpha': 0.0, 'class_weight': None, 'criterion': 'gini', 'max_depth': 20, 'max_features': 'sqrt', 'max_leaf_nodes': None, 'max_samples': None, 'min_impurity_decrease': 0.0, 'min_samples_leaf': 1, 'min_samples_split': 2, 'min_weight_fraction_leaf': 0.0, 'monotonic_cst': None, 'n_estimators': 100, 'n_jobs': None, 'oob_score': False, 'random_state': 42, 'verbose': 0, 'warm_start': False}",1.4681410789489746
Chinese_wine,7,2,1,3,LinearSVC,Time_Warping,9,"{'sigma': 0.1, 'knot': 6}",0.48288888888888887,0.41848043496850096,"{'C': np.float64(33.59818286283781), 'class_weight': 'balanced', 'dual': False, 'fit_intercept': True, 'intercept_scaling': 1, 'loss': 'squared_hinge', 'max_iter': 100, 'multi_class': 'ovr', 'penalty': 'l1', 'random_state': 42, 'tol': 0.0001, 'verbose': 0}",0.08765268325805664
Chinese_wine,7,2,1,3,LogisticRegression,Time_Warping,9,"{'sigma': 0.1, 'knot': 6}",0.5262222222222223,0.5103270394307092,"{'C': np.float64(33.59818286283781), 'class_weight': 'balanced', 'dual': False, 'fit_intercept': True, 'intercept_scaling': 1, 'l1_ratio': None, 'max_iter': 100, 'multi_class': 'deprecated', 'n_jobs': None, 'penalty': 'l2', 'random_state': 42, 'solver': 'saga', 'tol': 0.0001, 'verbose': 0, 'warm_start': False}",0.09706783294677734
Chinese_wine,7,2,1,3,KNN,Time_Warping,10,"{'sigma': 0.1, 'knot': 8}",0.6507777777777778,0.641152548711178,"{'algorithm': 'auto', 'leaf_size': 30, 'metric': 'chebyshev', 'metric_params': None, 'n_jobs': None, 'n_neighbors': np.int64(11), 'p': 2, 'weights': 'distance'}",0.06278133392333984
Chinese_wine,7,2,1,3,RandomForest,Time_Warping,10,"{'sigma': 0.1, 'knot': 8}",0.5998888888888889,0.5791049971423715,"{'bootstrap': True, 'ccp_alpha': 0.0, 'class_weight': 'balanced', 'criterion': 'gini', 'max_depth': None, 'max_features': 'sqrt', 'max_leaf_nodes': None, 'max_samples': None, 'min_impurity_decrease': 0.0, 'min_samples_leaf': 2, 'min_samples_split': 2, 'min_weight_fraction_leaf': 0.0, 'monotonic_cst': None, 'n_estimators': 150, 'n_jobs': None, 'oob_score': False, 'random_state': 42, 'verbose': 0, 'warm_start': False}",2.1451492309570312
Chinese_wine,7,2,1,3,LinearSVC,Time_Warping,10,"{'sigma': 0.1, 'knot': 8}",0.4855555555555556,0.41839808730324124,"{'C': np.float64(183.29807108324337), 'class_weight': None, 'dual': False, 'fit_intercept': True, 'intercept_scaling': 1, 'loss': 'squared_hinge', 'max_iter': 100, 'multi_class': 'ovr', 'penalty': 'l1', 'random_state': 42, 'tol': 0.001, 'verbose': 0}",0.10483694076538086
Chinese_wine,7,2,1,3,LogisticRegression,Time_Warping,10,"{'sigma': 0.1, 'knot': 8}",0.5471111111111111,0.5371333953009813,"{'C': np.float64(33.59818286283781), 'class_weight': None, 'dual': False, 'fit_intercept': True, 'intercept_scaling': 1, 'l1_ratio': None, 'max_iter': 100, 'multi_class': 'deprecated', 'n_jobs': None, 'penalty': 'l2', 'random_state': 42, 'solver': 'saga', 'tol': 0.0001, 'verbose': 0, 'warm_start': False}",0.05591177940368652
Chinese_wine,7,2,1,5,KNN,Time_Warping,1,"{'sigma': 0.2, 'knot': 4}",0.6322222222222222,0.624612196988366,"{'algorithm': 'auto', 'leaf_size': 30, 'metric': 'minkowski', 'metric_params': None, 'n_jobs': None, 'n_neighbors': np.int64(5), 'p': 3, 'weights': 'distance'}",0.4693326950073242
Chinese_wine,7,2,1,5,RandomForest,Time_Warping,1,"{'sigma': 0.2, 'knot': 4}",0.557,0.542114433501849,"{'bootstrap': True, 'ccp_alpha': 0.0, 'class_weight': 'balanced', 'criterion': 'gini', 'max_depth': None, 'max_features': 'sqrt', 'max_leaf_nodes': None, 'max_samples': None, 'min_impurity_decrease': 0.0, 'min_samples_leaf': 2, 'min_samples_split': 2, 'min_weight_fraction_leaf': 0.0, 'monotonic_cst': None, 'n_estimators': 150, 'n_jobs': None, 'oob_score': False, 'random_state': 42, 'verbose': 0, 'warm_start': False}",3.9600679874420166
Chinese_wine,7,2,1,5,LinearSVC,Time_Warping,1,"{'sigma': 0.2, 'knot': 4}",0.4081111111111111,0.32422415074690036,"{'C': np.float64(2.6366508987303554), 'class_weight': 'balanced', 'dual': False, 'fit_intercept': True, 'intercept_scaling': 1, 'loss': 'squared_hinge', 'max_iter': 100, 'multi_class': 'ovr', 'penalty': 'l1', 'random_state': 42, 'tol': 0.0001, 'verbose': 0}",0.06421518325805664
Chinese_wine,7,2,1,5,LogisticRegression,Time_Warping,1,"{'sigma': 0.2, 'knot': 4}",0.41355555555555557,0.3862014833134046,"{'C': np.float64(2.6366508987303554), 'class_weight': 'balanced', 'dual': False, 'fit_intercept': True, 'intercept_scaling': 1, 'l1_ratio': None, 'max_iter': 100, 'multi_class': 'deprecated', 'n_jobs': None, 'penalty': 'l1', 'random_state': 42, 'solver': 'saga', 'tol': 0.0001, 'verbose': 0, 'warm_start': False}",0.4368104934692383
Chinese_wine,7,2,1,5,KNN,Time_Warping,2,"{'sigma': 0.2, 'knot': 3}",0.6223333333333333,0.6176504074004392,"{'algorithm': 'auto', 'leaf_size': 30, 'metric': 'minkowski', 'metric_params': None, 'n_jobs': None, 'n_neighbors': np.int64(5), 'p': 3, 'weights': 'distance'}",0.443511962890625
Chinese_wine,7,2,1,5,RandomForest,Time_Warping,2,"{'sigma': 0.2, 'knot': 3}",0.5595555555555556,0.5408937705468512,"{'bootstrap': True, 'ccp_alpha': 0.0, 'class_weight': 'balanced', 'criterion': 'gini', 'max_depth': None, 'max_features': 'sqrt', 'max_leaf_nodes': None, 'max_samples': None, 'min_impurity_decrease': 0.0, 'min_samples_leaf': 1, 'min_samples_split': 5, 'min_weight_fraction_leaf': 0.0, 'monotonic_cst': None, 'n_estimators': 50, 'n_jobs': None, 'oob_score': False, 'random_state': 42, 'verbose': 0, 'warm_start': False}",1.3553073406219482
Chinese_wine,7,2,1,5,LinearSVC,Time_Warping,2,"{'sigma': 0.2, 'knot': 3}",0.3818888888888889,0.30339773475423215,"{'C': np.float64(183.29807108324337), 'class_weight': 'balanced', 'dual': False, 'fit_intercept': True, 'intercept_scaling': 1, 'loss': 'squared_hinge', 'max_iter': 100, 'multi_class': 'ovr', 'penalty': 'l1', 'random_state': 42, 'tol': 0.0001, 'verbose': 0}",0.05876898765563965
Chinese_wine,7,2,1,5,LogisticRegression,Time_Warping,2,"{'sigma': 0.2, 'knot': 3}",0.39844444444444443,0.3735765654055687,"{'C': np.float64(33.59818286283781), 'class_weight': 'balanced', 'dual': False, 'fit_intercept': True, 'intercept_scaling': 1, 'l1_ratio': None, 'max_iter': 100, 'multi_class': 'deprecated', 'n_jobs': None, 'penalty': 'l2', 'random_state': 42, 'solver': 'saga', 'tol': 0.0001, 'verbose': 0, 'warm_start': False}",0.0849158763885498
Chinese_wine,7,2,1,5,KNN,Time_Warping,3,"{'sigma': 0.5, 'knot': 4}",0.6434444444444445,0.6366444714717082,"{'algorithm': 'auto', 'leaf_size': 30, 'metric': 'chebyshev', 'metric_params': None, 'n_jobs': None, 'n_neighbors': np.int64(5), 'p': 2, 'weights': 'uniform'}",0.34473633766174316
Chinese_wine,7,2,1,5,RandomForest,Time_Warping,3,"{'sigma': 0.5, 'knot': 4}",0.5597777777777778,0.5440477364808548,"{'bootstrap': True, 'ccp_alpha': 0.0, 'class_weight': 'balanced', 'criterion': 'gini', 'max_depth': None, 'max_features': 'sqrt', 'max_leaf_nodes': None, 'max_samples': None, 'min_impurity_decrease': 0.0, 'min_samples_leaf': 2, 'min_samples_split': 2, 'min_weight_fraction_leaf': 0.0, 'monotonic_cst': None, 'n_estimators': 150, 'n_jobs': None, 'oob_score': False, 'random_state': 42, 'verbose': 0, 'warm_start': False}",3.939234972000122
Chinese_wine,7,2,1,5,LinearSVC,Time_Warping,3,"{'sigma': 0.5, 'knot': 4}",0.26122222222222224,0.17053162935743543,"{'C': np.float64(33.59818286283781), 'class_weight': 'balanced', 'dual': False, 'fit_intercept': True, 'intercept_scaling': 1, 'loss': 'squared_hinge', 'max_iter': 100, 'multi_class': 'ovr', 'penalty': 'l1', 'random_state': 42, 'tol': 0.0001, 'verbose': 0}",0.043456315994262695
Chinese_wine,7,2,1,5,LogisticRegression,Time_Warping,3,"{'sigma': 0.5, 'knot': 4}",0.30766666666666664,0.2653736709474433,"{'C': np.float64(33.59818286283781), 'class_weight': 'balanced', 'dual': False, 'fit_intercept': True, 'intercept_scaling': 1, 'l1_ratio': None, 'max_iter': 100, 'multi_class': 'deprecated', 'n_jobs': None, 'penalty': 'l2', 'random_state': 42, 'solver': 'saga', 'tol': 0.0001, 'verbose': 0, 'warm_start': False}",0.08759951591491699
Chinese_wine,7,2,1,5,KNN,Time_Warping,4,"{'sigma': 0.05, 'knot': 8}",0.6295555555555555,0.6228958605377773,"{'algorithm': 'auto', 'leaf_size': 30, 'metric': 'minkowski', 'metric_params': None, 'n_jobs': None, 'n_neighbors': np.int64(5), 'p': 3, 'weights': 'distance'}",0.4692685604095459
Chinese_wine,7,2,1,5,RandomForest,Time_Warping,4,"{'sigma': 0.05, 'knot': 8}",0.5745555555555556,0.5591128930366481,"{'bootstrap': True, 'ccp_alpha': 0.0, 'class_weight': 'balanced', 'criterion': 'gini', 'max_depth': None, 'max_features': 'sqrt', 'max_leaf_nodes': None, 'max_samples': None, 'min_impurity_decrease': 0.0, 'min_samples_leaf': 2, 'min_samples_split': 2, 'min_weight_fraction_leaf': 0.0, 'monotonic_cst': None, 'n_estimators': 150, 'n_jobs': None, 'oob_score': False, 'random_state': 42, 'verbose': 0, 'warm_start': False}",3.6991801261901855
Chinese_wine,7,2,1,5,LinearSVC,Time_Warping,4,"{'sigma': 0.05, 'knot': 8}",0.5208888888888888,0.4582790644030631,"{'C': np.float64(33.59818286283781), 'class_weight': 'balanced', 'dual': False, 'fit_intercept': True, 'intercept_scaling': 1, 'loss': 'squared_hinge', 'max_iter': 100, 'multi_class': 'ovr', 'penalty': 'l1', 'random_state': 42, 'tol': 0.0001, 'verbose': 0}",0.17619848251342773
Chinese_wine,7,2,1,5,LogisticRegression,Time_Warping,4,"{'sigma': 0.05, 'knot': 8}",0.5516666666666666,0.5377401479734476,"{'C': np.float64(33.59818286283781), 'class_weight': 'balanced', 'dual': False, 'fit_intercept': True, 'intercept_scaling': 1, 'l1_ratio': None, 'max_iter': 100, 'multi_class': 'deprecated', 'n_jobs': None, 'penalty': 'l1', 'random_state': 42, 'solver': 'saga', 'tol': 0.0001, 'verbose': 0, 'warm_start': False}",0.2304534912109375
Chinese_wine,7,2,1,5,KNN,Time_Warping,5,"{'sigma': 0.1, 'knot': 4}",0.6192222222222222,0.613374733557802,"{'algorithm': 'auto', 'leaf_size': 30, 'metric': 'manhattan', 'metric_params': None, 'n_jobs': None, 'n_neighbors': np.int64(5), 'p': 2, 'weights': 'distance'}",0.1876223087310791
Chinese_wine,7,2,1,5,RandomForest,Time_Warping,5,"{'sigma': 0.1, 'knot': 4}",0.57,0.5594810720535021,"{'bootstrap': True, 'ccp_alpha': 0.0, 'class_weight': 'balanced', 'criterion': 'gini', 'max_depth': None, 'max_features': 'sqrt', 'max_leaf_nodes': None, 'max_samples': None, 'min_impurity_decrease': 0.0, 'min_samples_leaf': 2, 'min_samples_split': 2, 'min_weight_fraction_leaf': 0.0, 'monotonic_cst': None, 'n_estimators': 150, 'n_jobs': None, 'oob_score': False, 'random_state': 42, 'verbose': 0, 'warm_start': False}",3.851525068283081
Chinese_wine,7,2,1,5,LinearSVC,Time_Warping,5,"{'sigma': 0.1, 'knot': 4}",0.4618888888888889,0.37602793501143794,"{'C': np.float64(183.29807108324337), 'class_weight': None, 'dual': False, 'fit_intercept': True, 'intercept_scaling': 1, 'loss': 'squared_hinge', 'max_iter': 100, 'multi_class': 'ovr', 'penalty': 'l1', 'random_state': 42, 'tol': 0.001, 'verbose': 0}",0.08804035186767578
Chinese_wine,7,2,1,5,LogisticRegression,Time_Warping,5,"{'sigma': 0.1, 'knot': 4}",0.5108888888888888,0.4907216271626043,"{'C': np.float64(1000.0), 'class_weight': 'balanced', 'dual': False, 'fit_intercept': True, 'intercept_scaling': 1, 'l1_ratio': None, 'max_iter': 100, 'multi_class': 'deprecated', 'n_jobs': None, 'penalty': 'l2', 'random_state': 42, 'solver': 'sag', 'tol': 0.0001, 'verbose': 0, 'warm_start': False}",0.1040184497833252
Chinese_wine,7,2,1,5,KNN,Time_Warping,6,"{'sigma': 0.3, 'knot': 6}",0.6156666666666667,0.6114032385913292,"{'algorithm': 'auto', 'leaf_size': 30, 'metric': 'euclidean', 'metric_params': None, 'n_jobs': None, 'n_neighbors': np.int64(15), 'p': 2, 'weights': 'distance'}",0.14411234855651855
Chinese_wine,7,2,1,5,RandomForest,Time_Warping,6,"{'sigma': 0.3, 'knot': 6}",0.559,0.5433787910642564,"{'bootstrap': True, 'ccp_alpha': 0.0, 'class_weight': 'balanced', 'criterion': 'gini', 'max_depth': None, 'max_features': 'sqrt', 'max_leaf_nodes': None, 'max_samples': None, 'min_impurity_decrease': 0.0, 'min_samples_leaf': 2, 'min_samples_split': 2, 'min_weight_fraction_leaf': 0.0, 'monotonic_cst': None, 'n_estimators': 150, 'n_jobs': None, 'oob_score': False, 'random_state': 42, 'verbose': 0, 'warm_start': False}",3.997525215148926
Chinese_wine,7,2,1,5,LinearSVC,Time_Warping,6,"{'sigma': 0.3, 'knot': 6}",0.3978888888888889,0.32504284582271603,"{'C': np.float64(2.6366508987303554), 'class_weight': 'balanced', 'dual': False, 'fit_intercept': True, 'intercept_scaling': 1, 'loss': 'squared_hinge', 'max_iter': 100, 'multi_class': 'ovr', 'penalty': 'l1', 'random_state': 42, 'tol': 0.0001, 'verbose': 0}",0.06524467468261719
Chinese_wine,7,2,1,5,LogisticRegression,Time_Warping,6,"{'sigma': 0.3, 'knot': 6}",0.39655555555555555,0.3782390468490712,"{'C': np.float64(1000.0), 'class_weight': 'balanced', 'dual': False, 'fit_intercept': True, 'intercept_scaling': 1, 'l1_ratio': None, 'max_iter': 100, 'multi_class': 'deprecated', 'n_jobs': None, 'penalty': 'l2', 'random_state': 42, 'solver': 'sag', 'tol': 0.0001, 'verbose': 0, 'warm_start': False}",0.12678146362304688
Chinese_wine,7,2,1,5,KNN,Time_Warping,7,"{'sigma': 0.05, 'knot': 6}",0.6442222222222223,0.6283969379231281,"{'algorithm': 'auto', 'leaf_size': 30, 'metric': 'manhattan', 'metric_params': None, 'n_jobs': None, 'n_neighbors': np.int64(5), 'p': 2, 'weights': 'distance'}",0.15170550346374512
Chinese_wine,7,2,1,5,RandomForest,Time_Warping,7,"{'sigma': 0.05, 'knot': 6}",0.5964444444444444,0.5780116155543157,"{'bootstrap': True, 'ccp_alpha': 0.0, 'class_weight': 'balanced', 'criterion': 'gini', 'max_depth': None, 'max_features': 'sqrt', 'max_leaf_nodes': None, 'max_samples': None, 'min_impurity_decrease': 0.0, 'min_samples_leaf': 2, 'min_samples_split': 2, 'min_weight_fraction_leaf': 0.0, 'monotonic_cst': None, 'n_estimators': 150, 'n_jobs': None, 'oob_score': False, 'random_state': 42, 'verbose': 0, 'warm_start': False}",3.579995632171631
Chinese_wine,7,2,1,5,LinearSVC,Time_Warping,7,"{'sigma': 0.05, 'knot': 6}",0.5363333333333333,0.48131625714565196,"{'C': np.float64(183.29807108324337), 'class_weight': None, 'dual': False, 'fit_intercept': True, 'intercept_scaling': 1, 'loss': 'squared_hinge', 'max_iter': 100, 'multi_class': 'ovr', 'penalty': 'l1', 'random_state': 42, 'tol': 0.001, 'verbose': 0}",0.17960023880004883
Chinese_wine,7,2,1,5,LogisticRegression,Time_Warping,7,"{'sigma': 0.05, 'knot': 6}",0.5727777777777778,0.5561814932911338,"{'C': np.float64(183.29807108324337), 'class_weight': 'balanced', 'dual': False, 'fit_intercept': True, 'intercept_scaling': 1, 'l1_ratio': None, 'max_iter': 100, 'multi_class': 'deprecated', 'n_jobs': None, 'penalty': 'l1', 'random_state': 42, 'solver': 'saga', 'tol': 0.0001, 'verbose': 0, 'warm_start': False}",0.1111445426940918
Chinese_wine,7,2,1,5,KNN,Time_Warping,8,"{'sigma': 0.3, 'knot': 6}",0.6452222222222223,0.6350099474564213,"{'algorithm': 'auto', 'leaf_size': 30, 'metric': 'manhattan', 'metric_params': None, 'n_jobs': None, 'n_neighbors': np.int64(5), 'p': 2, 'weights': 'distance'}",0.16516757011413574
Chinese_wine,7,2,1,5,RandomForest,Time_Warping,8,"{'sigma': 0.3, 'knot': 6}",0.5722222222222222,0.5555050299651973,"{'bootstrap': True, 'ccp_alpha': 0.0, 'class_weight': 'balanced', 'criterion': 'gini', 'max_depth': None, 'max_features': 'sqrt', 'max_leaf_nodes': None, 'max_samples': None, 'min_impurity_decrease': 0.0, 'min_samples_leaf': 2, 'min_samples_split': 2, 'min_weight_fraction_leaf': 0.0, 'monotonic_cst': None, 'n_estimators': 150, 'n_jobs': None, 'oob_score': False, 'random_state': 42, 'verbose': 0, 'warm_start': False}",3.817737340927124
Chinese_wine,7,2,1,5,LinearSVC,Time_Warping,8,"{'sigma': 0.3, 'knot': 6}",0.37033333333333335,0.2957283393357155,"{'C': np.float64(33.59818286283781), 'class_weight': 'balanced', 'dual': False, 'fit_intercept': True, 'intercept_scaling': 1, 'loss': 'squared_hinge', 'max_iter': 100, 'multi_class': 'ovr', 'penalty': 'l1', 'random_state': 42, 'tol': 0.001, 'verbose': 0}",0.04304242134094238
Chinese_wine,7,2,1,5,LogisticRegression,Time_Warping,8,"{'sigma': 0.3, 'knot': 6}",0.3506666666666667,0.33649383197272015,"{'C': np.float64(33.59818286283781), 'class_weight': 'balanced', 'dual': False, 'fit_intercept': True, 'intercept_scaling': 1, 'l1_ratio': None, 'max_iter': 100, 'multi_class': 'deprecated', 'n_jobs': None, 'penalty': 'l1', 'random_state': 42, 'solver': 'saga', 'tol': 0.0001, 'verbose': 0, 'warm_start': False}",0.5646188259124756
Chinese_wine,7,2,1,5,KNN,Time_Warping,9,"{'sigma': 0.1, 'knot': 6}",0.6322222222222222,0.6263353051830273,"{'algorithm': 'auto', 'leaf_size': 30, 'metric': 'minkowski', 'metric_params': None, 'n_jobs': None, 'n_neighbors': np.int64(11), 'p': 4, 'weights': 'distance'}",0.5516660213470459
Chinese_wine,7,2,1,5,RandomForest,Time_Warping,9,"{'sigma': 0.1, 'knot': 6}",0.5505555555555556,0.540954443457592,"{'bootstrap': True, 'ccp_alpha': 0.0, 'class_weight': 'balanced', 'criterion': 'gini', 'max_depth': 30, 'max_features': 'sqrt', 'max_leaf_nodes': None, 'max_samples': None, 'min_impurity_decrease': 0.0, 'min_samples_leaf': 1, 'min_samples_split': 2, 'min_weight_fraction_leaf': 0.0, 'monotonic_cst': None, 'n_estimators': 150, 'n_jobs': None, 'oob_score': False, 'random_state': 42, 'verbose': 0, 'warm_start': False}",3.550668478012085
Chinese_wine,7,2,1,5,LinearSVC,Time_Warping,9,"{'sigma': 0.1, 'knot': 6}",0.4928888888888889,0.4193401895738801,"{'C': np.float64(33.59818286283781), 'class_weight': None, 'dual': False, 'fit_intercept': True, 'intercept_scaling': 1, 'loss': 'squared_hinge', 'max_iter': 100, 'multi_class': 'ovr', 'penalty': 'l1', 'random_state': 42, 'tol': 0.001, 'verbose': 0}",0.10781073570251465
Chinese_wine,7,2,1,5,LogisticRegression,Time_Warping,9,"{'sigma': 0.1, 'knot': 6}",0.5368888888888889,0.516703623819893,"{'C': np.float64(1000.0), 'class_weight': 'balanced', 'dual': False, 'fit_intercept': True, 'intercept_scaling': 1, 'l1_ratio': None, 'max_iter': 100, 'multi_class': 'deprecated', 'n_jobs': None, 'penalty': 'l2', 'random_state': 42, 'solver': 'sag', 'tol': 0.0001, 'verbose': 0, 'warm_start': False}",0.10001540184020996
Chinese_wine,7,2,1,5,KNN,Time_Warping,10,"{'sigma': 0.1, 'knot': 8}",0.6327777777777778,0.6300775495641886,"{'algorithm': 'auto', 'leaf_size': 30, 'metric': 'minkowski', 'metric_params': None, 'n_jobs': None, 'n_neighbors': np.int64(5), 'p': 3, 'weights': 'distance'}",0.46617627143859863
Chinese_wine,7,2,1,5,RandomForest,Time_Warping,10,"{'sigma': 0.1, 'knot': 8}",0.5618888888888889,0.55141582098665,"{'bootstrap': True, 'ccp_alpha': 0.0, 'class_weight': 'balanced', 'criterion': 'gini', 'max_depth': 30, 'max_features': 'sqrt', 'max_leaf_nodes': None, 'max_samples': None, 'min_impurity_decrease': 0.0, 'min_samples_leaf': 1, 'min_samples_split': 2, 'min_weight_fraction_leaf': 0.0, 'monotonic_cst': None, 'n_estimators': 150, 'n_jobs': None, 'oob_score': False, 'random_state': 42, 'verbose': 0, 'warm_start': False}",3.4512667655944824
Chinese_wine,7,2,1,5,LinearSVC,Time_Warping,10,"{'sigma': 0.1, 'knot': 8}",0.4898888888888889,0.4284502117787603,"{'C': np.float64(33.59818286283781), 'class_weight': None, 'dual': False, 'fit_intercept': True, 'intercept_scaling': 1, 'loss': 'squared_hinge', 'max_iter': 100, 'multi_class': 'ovr', 'penalty': 'l1', 'random_state': 42, 'tol': 0.001, 'verbose': 0}",0.10761189460754395
Chinese_wine,7,2,1,5,LogisticRegression,Time_Warping,10,"{'sigma': 0.1, 'knot': 8}",0.5018888888888889,0.48565457878612367,"{'C': np.float64(1000.0), 'class_weight': 'balanced', 'dual': False, 'fit_intercept': True, 'intercept_scaling': 1, 'l1_ratio': None, 'max_iter': 100, 'multi_class': 'deprecated', 'n_jobs': None, 'penalty': 'l2', 'random_state': 42, 'solver': 'sag', 'tol': 0.0001, 'verbose': 0, 'warm_start': False}",0.12140607833862305
Chinese_wine,7,2,1,10,KNN,Time_Warping,1,"{'sigma': 0.2, 'knot': 4}",0.6176666666666667,0.6100639515041357,"{'algorithm': 'auto', 'leaf_size': 30, 'metric': 'minkowski', 'metric_params': None, 'n_jobs': None, 'n_neighbors': np.int64(5), 'p': 3, 'weights': 'distance'}",0.5811963081359863
Chinese_wine,7,2,1,10,RandomForest,Time_Warping,1,"{'sigma': 0.2, 'knot': 4}",0.5068888888888889,0.49654562613745484,"{'bootstrap': True, 'ccp_alpha': 0.0, 'class_weight': 'balanced', 'criterion': 'gini', 'max_depth': 20, 'max_features': 'sqrt', 'max_leaf_nodes': None, 'max_samples': None, 'min_impurity_decrease': 0.0, 'min_samples_leaf': 2, 'min_samples_split': 5, 'min_weight_fraction_leaf': 0.0, 'monotonic_cst': None, 'n_estimators': 50, 'n_jobs': None, 'oob_score': False, 'random_state': 42, 'verbose': 0, 'warm_start': False}",2.4558629989624023
Chinese_wine,7,2,1,10,LinearSVC,Time_Warping,1,"{'sigma': 0.2, 'knot': 4}",0.39222222222222225,0.30466603767499356,"{'C': np.float64(1000.0), 'class_weight': 'balanced', 'dual': False, 'fit_intercept': True, 'intercept_scaling': 1, 'loss': 'squared_hinge', 'max_iter': 100, 'multi_class': 'ovr', 'penalty': 'l2', 'random_state': 42, 'tol': 0.001, 'verbose': 0}",0.08313441276550293
Chinese_wine,7,2,1,10,LogisticRegression,Time_Warping,1,"{'sigma': 0.2, 'knot': 4}",0.38266666666666665,0.3524508954939235,"{'C': np.float64(33.59818286283781), 'class_weight': 'balanced', 'dual': False, 'fit_intercept': True, 'intercept_scaling': 1, 'l1_ratio': None, 'max_iter': 100, 'multi_class': 'deprecated', 'n_jobs': None, 'penalty': 'l2', 'random_state': 42, 'solver': 'saga', 'tol': 0.0001, 'verbose': 0, 'warm_start': False}",0.18029379844665527
Chinese_wine,7,2,1,10,KNN,Time_Warping,2,"{'sigma': 0.2, 'knot': 3}",0.6216666666666667,0.6213471560737254,"{'algorithm': 'auto', 'leaf_size': 30, 'metric': 'minkowski', 'metric_params': None, 'n_jobs': None, 'n_neighbors': np.int64(5), 'p': 3, 'weights': 'distance'}",0.6086106300354004
Chinese_wine,7,2,1,10,RandomForest,Time_Warping,2,"{'sigma': 0.2, 'knot': 3}",0.541,0.5326949122737942,"{'bootstrap': True, 'ccp_alpha': 0.0, 'class_weight': 'balanced', 'criterion': 'gini', 'max_depth': None, 'max_features': 'sqrt', 'max_leaf_nodes': None, 'max_samples': None, 'min_impurity_decrease': 0.0, 'min_samples_leaf': 1, 'min_samples_split': 2, 'min_weight_fraction_leaf': 0.0, 'monotonic_cst': None, 'n_estimators': 50, 'n_jobs': None, 'oob_score': False, 'random_state': 42, 'verbose': 0, 'warm_start': False}",2.4090347290039062
Chinese_wine,7,2,1,10,LinearSVC,Time_Warping,2,"{'sigma': 0.2, 'knot': 3}",0.3874444444444444,0.3083767083238343,"{'C': np.float64(183.29807108324337), 'class_weight': 'balanced', 'dual': False, 'fit_intercept': True, 'intercept_scaling': 1, 'loss': 'squared_hinge', 'max_iter': 100, 'multi_class': 'ovr', 'penalty': 'l1', 'random_state': 42, 'tol': 0.0001, 'verbose': 0}",0.10963559150695801
Chinese_wine,7,2,1,10,LogisticRegression,Time_Warping,2,"{'sigma': 0.2, 'knot': 3}",0.3873333333333333,0.35962976467825625,"{'C': np.float64(33.59818286283781), 'class_weight': 'balanced', 'dual': False, 'fit_intercept': True, 'intercept_scaling': 1, 'l1_ratio': None, 'max_iter': 100, 'multi_class': 'deprecated', 'n_jobs': None, 'penalty': 'l1', 'random_state': 42, 'solver': 'saga', 'tol': 0.0001, 'verbose': 0, 'warm_start': False}",1.1927881240844727
Chinese_wine,7,2,1,10,KNN,Time_Warping,3,"{'sigma': 0.5, 'knot': 4}",0.6007777777777777,0.5941480953737212,"{'algorithm': 'auto', 'leaf_size': 30, 'metric': 'minkowski', 'metric_params': None, 'n_jobs': None, 'n_neighbors': np.int64(15), 'p': 4, 'weights': 'distance'}",0.6466560363769531
Chinese_wine,7,2,1,10,RandomForest,Time_Warping,3,"{'sigma': 0.5, 'knot': 4}",0.5295555555555556,0.5175955866148177,"{'bootstrap': True, 'ccp_alpha': 0.0, 'class_weight': 'balanced', 'criterion': 'gini', 'max_depth': None, 'max_features': 'sqrt', 'max_leaf_nodes': None, 'max_samples': None, 'min_impurity_decrease': 0.0, 'min_samples_leaf': 2, 'min_samples_split': 2, 'min_weight_fraction_leaf': 0.0, 'monotonic_cst': None, 'n_estimators': 150, 'n_jobs': None, 'oob_score': False, 'random_state': 42, 'verbose': 0, 'warm_start': False}",7.51525616645813
Chinese_wine,7,2,1,10,LinearSVC,Time_Warping,3,"{'sigma': 0.5, 'knot': 4}",0.2598888888888889,0.19529941537063364,"{'C': np.float64(1000.0), 'class_weight': 'balanced', 'dual': False, 'fit_intercept': True, 'intercept_scaling': 1, 'loss': 'squared_hinge', 'max_iter': 100, 'multi_class': 'ovr', 'penalty': 'l2', 'random_state': 42, 'tol': 0.001, 'verbose': 0}",0.07478952407836914
Chinese_wine,7,2,1,10,LogisticRegression,Time_Warping,3,"{'sigma': 0.5, 'knot': 4}",0.2581111111111111,0.2358904431281434,"{'C': np.float64(33.59818286283781), 'class_weight': 'balanced', 'dual': False, 'fit_intercept': True, 'intercept_scaling': 1, 'l1_ratio': None, 'max_iter': 100, 'multi_class': 'deprecated', 'n_jobs': None, 'penalty': 'l2', 'random_state': 42, 'solver': 'saga', 'tol': 0.0001, 'verbose': 0, 'warm_start': False}",0.1755225658416748
Chinese_wine,7,2,1,10,KNN,Time_Warping,4,"{'sigma': 0.05, 'knot': 8}",0.6162222222222222,0.607433629461273,"{'algorithm': 'auto', 'leaf_size': 30, 'metric': 'manhattan', 'metric_params': None, 'n_jobs': None, 'n_neighbors': np.int64(5), 'p': 2, 'weights': 'distance'}",0.22517800331115723
Chinese_wine,7,2,1,10,RandomForest,Time_Warping,4,"{'sigma': 0.05, 'knot': 8}",0.5691111111111111,0.5514710521577527,"{'bootstrap': True, 'ccp_alpha': 0.0, 'class_weight': 'balanced', 'criterion': 'gini', 'max_depth': None, 'max_features': 'sqrt', 'max_leaf_nodes': None, 'max_samples': None, 'min_impurity_decrease': 0.0, 'min_samples_leaf': 1, 'min_samples_split': 2, 'min_weight_fraction_leaf': 0.0, 'monotonic_cst': None, 'n_estimators': 50, 'n_jobs': None, 'oob_score': False, 'random_state': 42, 'verbose': 0, 'warm_start': False}",2.388385534286499
Chinese_wine,7,2,1,10,LinearSVC,Time_Warping,4,"{'sigma': 0.05, 'knot': 8}",0.527,0.47442425477072225,"{'C': np.float64(2.6366508987303554), 'class_weight': 'balanced', 'dual': False, 'fit_intercept': True, 'intercept_scaling': 1, 'loss': 'squared_hinge', 'max_iter': 100, 'multi_class': 'ovr', 'penalty': 'l1', 'random_state': 42, 'tol': 0.0001, 'verbose': 0}",0.3714137077331543
Chinese_wine,7,2,1,10,LogisticRegression,Time_Warping,4,"{'sigma': 0.05, 'knot': 8}",0.568,0.5519906377284411,"{'C': np.float64(33.59818286283781), 'class_weight': None, 'dual': False, 'fit_intercept': True, 'intercept_scaling': 1, 'l1_ratio': None, 'max_iter': 100, 'multi_class': 'deprecated', 'n_jobs': None, 'penalty': 'l2', 'random_state': 42, 'solver': 'saga', 'tol': 0.0001, 'verbose': 0, 'warm_start': False}",0.15128540992736816
Chinese_wine,7,2,1,10,KNN,Time_Warping,5,"{'sigma': 0.1, 'knot': 4}",0.6071111111111112,0.6014759263599542,"{'algorithm': 'auto', 'leaf_size': 30, 'metric': 'manhattan', 'metric_params': None, 'n_jobs': None, 'n_neighbors': np.int64(5), 'p': 2, 'weights': 'distance'}",0.2497577667236328
Chinese_wine,7,2,1,10,RandomForest,Time_Warping,5,"{'sigma': 0.1, 'knot': 4}",0.5526666666666666,0.5438575104277754,"{'bootstrap': True, 'ccp_alpha': 0.0, 'class_weight': 'balanced', 'criterion': 'gini', 'max_depth': None, 'max_features': 'sqrt', 'max_leaf_nodes': None, 'max_samples': None, 'min_impurity_decrease': 0.0, 'min_samples_leaf': 2, 'min_samples_split': 2, 'min_weight_fraction_leaf': 0.0, 'monotonic_cst': None, 'n_estimators': 150, 'n_jobs': None, 'oob_score': False, 'random_state': 42, 'verbose': 0, 'warm_start': False}",7.418719053268433
Chinese_wine,7,2,1,10,LinearSVC,Time_Warping,5,"{'sigma': 0.1, 'knot': 4}",0.47755555555555557,0.4077821496502361,"{'C': np.float64(33.59818286283781), 'class_weight': 'balanced', 'dual': False, 'fit_intercept': True, 'intercept_scaling': 1, 'loss': 'squared_hinge', 'max_iter': 100, 'multi_class': 'ovr', 'penalty': 'l1', 'random_state': 42, 'tol': 0.001, 'verbose': 0}",0.16473078727722168
Chinese_wine,7,2,1,10,LogisticRegression,Time_Warping,5,"{'sigma': 0.1, 'knot': 4}",0.48277777777777775,0.4678650344117461,"{'C': np.float64(33.59818286283781), 'class_weight': 'balanced', 'dual': False, 'fit_intercept': True, 'intercept_scaling': 1, 'l1_ratio': None, 'max_iter': 100, 'multi_class': 'deprecated', 'n_jobs': None, 'penalty': 'l1', 'random_state': 42, 'solver': 'saga', 'tol': 0.0001, 'verbose': 0, 'warm_start': False}",1.1371560096740723
Chinese_wine,7,2,1,10,KNN,Time_Warping,6,"{'sigma': 0.3, 'knot': 6}",0.6054444444444445,0.5988665870326585,"{'algorithm': 'auto', 'leaf_size': 30, 'metric': 'manhattan', 'metric_params': None, 'n_jobs': None, 'n_neighbors': np.int64(5), 'p': 2, 'weights': 'distance'}",0.2668287754058838
Chinese_wine,7,2,1,10,RandomForest,Time_Warping,6,"{'sigma': 0.3, 'knot': 6}",0.531,0.5189235422267117,"{'bootstrap': True, 'ccp_alpha': 0.0, 'class_weight': 'balanced', 'criterion': 'gini', 'max_depth': None, 'max_features': 'sqrt', 'max_leaf_nodes': None, 'max_samples': None, 'min_impurity_decrease': 0.0, 'min_samples_leaf': 2, 'min_samples_split': 2, 'min_weight_fraction_leaf': 0.0, 'monotonic_cst': None, 'n_estimators': 150, 'n_jobs': None, 'oob_score': False, 'random_state': 42, 'verbose': 0, 'warm_start': False}",7.555415391921997
Chinese_wine,7,2,1,10,LinearSVC,Time_Warping,6,"{'sigma': 0.3, 'knot': 6}",0.37766666666666665,0.2971996935264929,"{'C': np.float64(183.29807108324337), 'class_weight': 'balanced', 'dual': False, 'fit_intercept': True, 'intercept_scaling': 1, 'loss': 'squared_hinge', 'max_iter': 100, 'multi_class': 'ovr', 'penalty': 'l1', 'random_state': 42, 'tol': 0.0001, 'verbose': 0}",0.09725761413574219
Chinese_wine,7,2,1,10,LogisticRegression,Time_Warping,6,"{'sigma': 0.3, 'knot': 6}",0.39066666666666666,0.369501617206578,"{'C': np.float64(33.59818286283781), 'class_weight': None, 'dual': False, 'fit_intercept': True, 'intercept_scaling': 1, 'l1_ratio': None, 'max_iter': 100, 'multi_class': 'deprecated', 'n_jobs': None, 'penalty': 'l2', 'random_state': 42, 'solver': 'saga', 'tol': 0.0001, 'verbose': 0, 'warm_start': False}",0.16977453231811523
Chinese_wine,7,2,1,10,KNN,Time_Warping,7,"{'sigma': 0.05, 'knot': 6}",0.6185555555555555,0.6067505595267089,"{'algorithm': 'auto', 'leaf_size': 30, 'metric': 'manhattan', 'metric_params': None, 'n_jobs': None, 'n_neighbors': np.int64(17), 'p': 2, 'weights': 'distance'}",0.33132076263427734
Chinese_wine,7,2,1,10,RandomForest,Time_Warping,7,"{'sigma': 0.05, 'knot': 6}",0.5503333333333333,0.5370526671334908,"{'bootstrap': True, 'ccp_alpha': 0.0, 'class_weight': 'balanced', 'criterion': 'gini', 'max_depth': None, 'max_features': 'sqrt', 'max_leaf_nodes': None, 'max_samples': None, 'min_impurity_decrease': 0.0, 'min_samples_leaf': 1, 'min_samples_split': 2, 'min_weight_fraction_leaf': 0.0, 'monotonic_cst': None, 'n_estimators': 50, 'n_jobs': None, 'oob_score': False, 'random_state': 42, 'verbose': 0, 'warm_start': False}",2.559764862060547
Chinese_wine,7,2,1,10,LinearSVC,Time_Warping,7,"{'sigma': 0.05, 'knot': 6}",0.5116666666666667,0.4527938655017532,"{'C': np.float64(33.59818286283781), 'class_weight': 'balanced', 'dual': False, 'fit_intercept': True, 'intercept_scaling': 1, 'loss': 'squared_hinge', 'max_iter': 100, 'multi_class': 'ovr', 'penalty': 'l1', 'random_state': 42, 'tol': 0.0001, 'verbose': 0}",0.36693406105041504
Chinese_wine,7,2,1,10,LogisticRegression,Time_Warping,7,"{'sigma': 0.05, 'knot': 6}",0.5604444444444444,0.5438944352333399,"{'C': np.float64(33.59818286283781), 'class_weight': 'balanced', 'dual': False, 'fit_intercept': True, 'intercept_scaling': 1, 'l1_ratio': None, 'max_iter': 100, 'multi_class': 'deprecated', 'n_jobs': None, 'penalty': 'l2', 'random_state': 42, 'solver': 'saga', 'tol': 0.0001, 'verbose': 0, 'warm_start': False}",0.14744162559509277
Chinese_wine,7,2,1,10,KNN,Time_Warping,8,"{'sigma': 0.3, 'knot': 6}",0.6274444444444445,0.6225302899850873,"{'algorithm': 'auto', 'leaf_size': 30, 'metric': 'minkowski', 'metric_params': None, 'n_jobs': None, 'n_neighbors': np.int64(5), 'p': 3, 'weights': 'distance'}",0.6224677562713623
Chinese_wine,7,2,1,10,RandomForest,Time_Warping,8,"{'sigma': 0.3, 'knot': 6}",0.5158888888888888,0.5069907688207967,"{'bootstrap': True, 'ccp_alpha': 0.0, 'class_weight': 'balanced', 'criterion': 'gini', 'max_depth': None, 'max_features': 'sqrt', 'max_leaf_nodes': None, 'max_samples': None, 'min_impurity_decrease': 0.0, 'min_samples_leaf': 2, 'min_samples_split': 20, 'min_weight_fraction_leaf': 0.0, 'monotonic_cst': None, 'n_estimators': 50, 'n_jobs': None, 'oob_score': False, 'random_state': 42, 'verbose': 0, 'warm_start': False}",2.641434669494629
Chinese_wine,7,2,1,10,LinearSVC,Time_Warping,8,"{'sigma': 0.3, 'knot': 6}",0.36933333333333335,0.2920700894884705,"{'C': np.float64(183.29807108324337), 'class_weight': 'balanced', 'dual': False, 'fit_intercept': True, 'intercept_scaling': 1, 'loss': 'squared_hinge', 'max_iter': 100, 'multi_class': 'ovr', 'penalty': 'l1', 'random_state': 42, 'tol': 0.0001, 'verbose': 0}",0.1058356761932373
Chinese_wine,7,2,1,10,LogisticRegression,Time_Warping,8,"{'sigma': 0.3, 'knot': 6}",0.364,0.3402817907797323,"{'C': np.float64(183.29807108324337), 'class_weight': 'balanced', 'dual': False, 'fit_intercept': True, 'intercept_scaling': 1, 'l1_ratio': None, 'max_iter': 100, 'multi_class': 'deprecated', 'n_jobs': None, 'penalty': 'l1', 'random_state': 42, 'solver': 'saga', 'tol': 0.0001, 'verbose': 0, 'warm_start': False}",1.1127612590789795
Chinese_wine,7,2,1,10,KNN,Time_Warping,9,"{'sigma': 0.1, 'knot': 6}",0.6232222222222222,0.6131963887270436,"{'algorithm': 'auto', 'leaf_size': 30, 'metric': 'manhattan', 'metric_params': None, 'n_jobs': None, 'n_neighbors': np.int64(5), 'p': 2, 'weights': 'distance'}",0.24176454544067383
Chinese_wine,7,2,1,10,RandomForest,Time_Warping,9,"{'sigma': 0.1, 'knot': 6}",0.5268888888888889,0.5164485607127267,"{'bootstrap': True, 'ccp_alpha': 0.0, 'class_weight': None, 'criterion': 'gini', 'max_depth': 20, 'max_features': 'sqrt', 'max_leaf_nodes': None, 'max_samples': None, 'min_impurity_decrease': 0.0, 'min_samples_leaf': 1, 'min_samples_split': 2, 'min_weight_fraction_leaf': 0.0, 'monotonic_cst': None, 'n_estimators': 100, 'n_jobs': None, 'oob_score': False, 'random_state': 42, 'verbose': 0, 'warm_start': False}",5.0904860496521
Chinese_wine,7,2,1,10,LinearSVC,Time_Warping,9,"{'sigma': 0.1, 'knot': 6}",0.463,0.3916641604783146,"{'C': np.float64(0.4832930238571752), 'class_weight': 'balanced', 'dual': False, 'fit_intercept': True, 'intercept_scaling': 1, 'loss': 'squared_hinge', 'max_iter': 100, 'multi_class': 'ovr', 'penalty': 'l2', 'random_state': 42, 'tol': 0.0001, 'verbose': 0}",0.11397719383239746
Chinese_wine,7,2,1,10,LogisticRegression,Time_Warping,9,"{'sigma': 0.1, 'knot': 6}",0.5055555555555555,0.4947004725364954,"{'C': np.float64(1000.0), 'class_weight': 'balanced', 'dual': False, 'fit_intercept': True, 'intercept_scaling': 1, 'l1_ratio': None, 'max_iter': 100, 'multi_class': 'deprecated', 'n_jobs': None, 'penalty': 'l2', 'random_state': 42, 'solver': 'sag', 'tol': 0.0001, 'verbose': 0, 'warm_start': False}",0.23766422271728516
Chinese_wine,7,2,1,10,KNN,Time_Warping,10,"{'sigma': 0.1, 'knot': 8}",0.6211111111111111,0.6108913515464249,"{'algorithm': 'auto', 'leaf_size': 30, 'metric': 'manhattan', 'metric_params': None, 'n_jobs': None, 'n_neighbors': np.int64(5), 'p': 2, 'weights': 'distance'}",0.3952975273132324
Chinese_wine,7,2,1,10,RandomForest,Time_Warping,10,"{'sigma': 0.1, 'knot': 8}",0.5558888888888889,0.5443211509539304,"{'bootstrap': True, 'ccp_alpha': 0.0, 'class_weight': 'balanced', 'criterion': 'gini', 'max_depth': None, 'max_features': 'sqrt', 'max_leaf_nodes': None, 'max_samples': None, 'min_impurity_decrease': 0.0, 'min_samples_leaf': 1, 'min_samples_split': 2, 'min_weight_fraction_leaf': 0.0, 'monotonic_cst': None, 'n_estimators': 50, 'n_jobs': None, 'oob_score': False, 'random_state': 42, 'verbose': 0, 'warm_start': False}",2.6025373935699463
Chinese_wine,7,2,1,10,LinearSVC,Time_Warping,10,"{'sigma': 0.1, 'knot': 8}",0.47688888888888886,0.4073532990384411,"{'C': np.float64(0.4832930238571752), 'class_weight': 'balanced', 'dual': False, 'fit_intercept': True, 'intercept_scaling': 1, 'loss': 'squared_hinge', 'max_iter': 100, 'multi_class': 'ovr', 'penalty': 'l2', 'random_state': 42, 'tol': 0.0001, 'verbose': 0}",0.11347365379333496
Chinese_wine,7,2,1,10,LogisticRegression,Time_Warping,10,"{'sigma': 0.1, 'knot': 8}",0.45122222222222225,0.3436210690949045,"{'C': np.float64(0.0069519279617756054), 'class_weight': 'balanced', 'dual': False, 'fit_intercept': False, 'intercept_scaling': 1, 'l1_ratio': None, 'max_iter': 100, 'multi_class': 'deprecated', 'n_jobs': None, 'penalty': 'l2', 'random_state': 42, 'solver': 'lbfgs', 'tol': 0.0001, 'verbose': 0, 'warm_start': False}",0.40175580978393555
Chinese_wine,7,2,2,1,KNN,Baseline,N/A,N/A,0.6364444444444445,0.6253524405700066,"{'algorithm': 'auto', 'leaf_size': 30, 'metric': 'minkowski', 'metric_params': None, 'n_jobs': None, 'n_neighbors': 5, 'p': 2, 'weights': 'uniform'}",0.31931090354919434
Chinese_wine,7,2,2,1,KNN,Tuned_Baseline,N/A,N/A,0.6442222222222223,0.6327695492771016,"{'algorithm': 'auto', 'leaf_size': 30, 'metric': 'minkowski', 'metric_params': None, 'n_jobs': None, 'n_neighbors': np.int64(5), 'p': 3, 'weights': 'distance'}",0.36156177520751953
Chinese_wine,7,2,2,1,RandomForest,Baseline,N/A,N/A,0.5806666666666667,0.5580839511534649,"{'bootstrap': True, 'ccp_alpha': 0.0, 'class_weight': None, 'criterion': 'gini', 'max_depth': None, 'max_features': 'sqrt', 'max_leaf_nodes': None, 'max_samples': None, 'min_impurity_decrease': 0.0, 'min_samples_leaf': 1, 'min_samples_split': 2, 'min_weight_fraction_leaf': 0.0, 'monotonic_cst': None, 'n_estimators': 100, 'n_jobs': None, 'oob_score': False, 'random_state': 42, 'verbose': 0, 'warm_start': False}",0.5945885181427002
Chinese_wine,7,2,2,1,RandomForest,Tuned_Baseline,N/A,N/A,0.5784444444444444,0.5588472799649344,"{'bootstrap': True, 'ccp_alpha': 0.0, 'class_weight': 'balanced', 'criterion': 'gini', 'max_depth': 20, 'max_features': 'sqrt', 'max_leaf_nodes': None, 'max_samples': None, 'min_impurity_decrease': 0.0, 'min_samples_leaf': 1, 'min_samples_split': 2, 'min_weight_fraction_leaf': 0.0, 'monotonic_cst': None, 'n_estimators': 50, 'n_jobs': None, 'oob_score': False, 'random_state': 42, 'verbose': 0, 'warm_start': False}",0.02897477149963379
Chinese_wine,7,2,2,1,LinearSVC,Baseline,N/A,N/A,0.5533333333333333,0.536559724205855,"{'C': 1.0, 'class_weight': None, 'dual': False, 'fit_intercept': True, 'intercept_scaling': 1, 'loss': 'squared_hinge', 'max_iter': 100, 'multi_class': 'ovr', 'penalty': 'l2', 'random_state': 42, 'tol': 0.0001, 'verbose': 0}",0.01712489128112793
Chinese_wine,7,2,2,1,LinearSVC,Tuned_Baseline,N/A,N/A,0.5632222222222222,0.5354067083154401,"{'C': np.float64(33.59818286283781), 'class_weight': 'balanced', 'dual': False, 'fit_intercept': True, 'intercept_scaling': 1, 'loss': 'squared_hinge', 'max_iter': 100, 'multi_class': 'ovr', 'penalty': 'l1', 'random_state': 42, 'tol': 0.0001, 'verbose': 0}",0.0010406970977783203
Chinese_wine,7,2,2,1,LogisticRegression,Baseline,N/A,N/A,0.5787777777777777,0.56095029223213,"{'C': 1.0, 'class_weight': None, 'dual': False, 'fit_intercept': True, 'intercept_scaling': 1, 'l1_ratio': None, 'max_iter': 100, 'multi_class': 'deprecated', 'n_jobs': None, 'penalty': 'l2', 'random_state': 42, 'solver': 'lbfgs', 'tol': 0.0001, 'verbose': 0, 'warm_start': False}",0.4326894283294678
Chinese_wine,7,2,2,1,LogisticRegression,Tuned_Baseline,N/A,N/A,0.5994444444444444,0.5854671172678718,"{'C': np.float64(183.29807108324337), 'class_weight': None, 'dual': False, 'fit_intercept': True, 'intercept_scaling': 1, 'l1_ratio': None, 'max_iter': 100, 'multi_class': 'deprecated', 'n_jobs': None, 'penalty': 'l2', 'random_state': 42, 'solver': 'saga', 'tol': 0.0001, 'verbose': 0, 'warm_start': False}",0.0011391639709472656
Chinese_wine,7,2,2,1,RNN,Tuned_Baseline,N/A,N/A,0.1,0.018181818181818184,"{'hidden_size': 64, 'epochs': 10, 'batch_size': 32, 'lr': 0.001}",4.220008850097656e-05
Chinese_wine,7,2,2,2,KNN,Time_Warping,1,"{'sigma': 0.2, 'knot': 4}",0.6418888888888888,0.6293641602410451,"{'algorithm': 'auto', 'leaf_size': 30, 'metric': 'minkowski', 'metric_params': None, 'n_jobs': None, 'n_neighbors': np.int64(5), 'p': 3, 'weights': 'distance'}",0.2699310779571533
Chinese_wine,7,2,2,2,RandomForest,Time_Warping,1,"{'sigma': 0.2, 'knot': 4}",0.5716666666666667,0.550480722278807,"{'bootstrap': True, 'ccp_alpha': 0.0, 'class_weight': 'balanced', 'criterion': 'gini', 'max_depth': 30, 'max_features': 'sqrt', 'max_leaf_nodes': None, 'max_samples': None, 'min_impurity_decrease': 0.0, 'min_samples_leaf': 1, 'min_samples_split': 2, 'min_weight_fraction_leaf': 0.0, 'monotonic_cst': None, 'n_estimators': 150, 'n_jobs': None, 'oob_score': False, 'random_state': 42, 'verbose': 0, 'warm_start': False}",1.4302213191986084
Chinese_wine,7,2,2,2,LinearSVC,Time_Warping,1,"{'sigma': 0.2, 'knot': 4}",0.45466666666666666,0.39022872326739394,"{'C': np.float64(183.29807108324337), 'class_weight': 'balanced', 'dual': False, 'fit_intercept': True, 'intercept_scaling': 1, 'loss': 'squared_hinge', 'max_iter': 100, 'multi_class': 'ovr', 'penalty': 'l1', 'random_state': 42, 'tol': 0.0001, 'verbose': 0}",0.06400179862976074
Chinese_wine,7,2,2,2,LogisticRegression,Time_Warping,1,"{'sigma': 0.2, 'knot': 4}",0.4991111111111111,0.47759508198049017,"{'C': np.float64(183.29807108324337), 'class_weight': 'balanced', 'dual': False, 'fit_intercept': True, 'intercept_scaling': 1, 'l1_ratio': None, 'max_iter': 100, 'multi_class': 'deprecated', 'n_jobs': None, 'penalty': 'l1', 'random_state': 42, 'solver': 'saga', 'tol': 0.0001, 'verbose': 0, 'warm_start': False}",0.047315359115600586
Chinese_wine,7,2,2,2,KNN,Time_Warping,2,"{'sigma': 0.2, 'knot': 3}",0.6357777777777778,0.6213969856980223,"{'algorithm': 'auto', 'leaf_size': 30, 'metric': 'minkowski', 'metric_params': None, 'n_jobs': None, 'n_neighbors': np.int64(5), 'p': 3, 'weights': 'distance'}",0.28882288932800293
Chinese_wine,7,2,2,2,RandomForest,Time_Warping,2,"{'sigma': 0.2, 'knot': 3}",0.5478888888888889,0.5267840849612204,"{'bootstrap': True, 'ccp_alpha': 0.0, 'class_weight': 'balanced', 'criterion': 'gini', 'max_depth': None, 'max_features': 'sqrt', 'max_leaf_nodes': None, 'max_samples': None, 'min_impurity_decrease': 0.0, 'min_samples_leaf': 1, 'min_samples_split': 2, 'min_weight_fraction_leaf': 0.0, 'monotonic_cst': None, 'n_estimators': 50, 'n_jobs': None, 'oob_score': False, 'random_state': 42, 'verbose': 0, 'warm_start': False}",0.4446585178375244
Chinese_wine,7,2,2,2,LinearSVC,Time_Warping,2,"{'sigma': 0.2, 'knot': 3}",0.429,0.3567337605828119,"{'C': np.float64(1000.0), 'class_weight': 'balanced', 'dual': False, 'fit_intercept': True, 'intercept_scaling': 1, 'loss': 'squared_hinge', 'max_iter': 100, 'multi_class': 'ovr', 'penalty': 'l2', 'random_state': 42, 'tol': 0.001, 'verbose': 0}",0.015234708786010742
Chinese_wine,7,2,2,2,LogisticRegression,Time_Warping,2,"{'sigma': 0.2, 'knot': 3}",0.476,0.4488940911037628,"{'C': np.float64(33.59818286283781), 'class_weight': 'balanced', 'dual': False, 'fit_intercept': True, 'intercept_scaling': 1, 'l1_ratio': None, 'max_iter': 100, 'multi_class': 'deprecated', 'n_jobs': None, 'penalty': 'l1', 'random_state': 42, 'solver': 'saga', 'tol': 0.0001, 'verbose': 0, 'warm_start': False}",0.21442151069641113
Chinese_wine,7,2,2,2,KNN,Time_Warping,3,"{'sigma': 0.5, 'knot': 4}",0.6334444444444445,0.624048862755353,"{'algorithm': 'auto', 'leaf_size': 30, 'metric': 'chebyshev', 'metric_params': None, 'n_jobs': None, 'n_neighbors': np.int64(11), 'p': 2, 'weights': 'distance'}",0.04665994644165039
Chinese_wine,7,2,2,2,RandomForest,Time_Warping,3,"{'sigma': 0.5, 'knot': 4}",0.5697777777777778,0.5513252140054582,"{'bootstrap': True, 'ccp_alpha': 0.0, 'class_weight': 'balanced', 'criterion': 'gini', 'max_depth': None, 'max_features': 'sqrt', 'max_leaf_nodes': None, 'max_samples': None, 'min_impurity_decrease': 0.0, 'min_samples_leaf': 2, 'min_samples_split': 2, 'min_weight_fraction_leaf': 0.0, 'monotonic_cst': None, 'n_estimators': 150, 'n_jobs': None, 'oob_score': False, 'random_state': 42, 'verbose': 0, 'warm_start': False}",1.2458784580230713
Chinese_wine,7,2,2,2,LinearSVC,Time_Warping,3,"{'sigma': 0.5, 'knot': 4}",0.29233333333333333,0.23831252198748265,"{'C': np.float64(1000.0), 'class_weight': 'balanced', 'dual': False, 'fit_intercept': True, 'intercept_scaling': 1, 'loss': 'squared_hinge', 'max_iter': 100, 'multi_class': 'ovr', 'penalty': 'l2', 'random_state': 42, 'tol': 0.001, 'verbose': 0}",0.015302658081054688
Chinese_wine,7,2,2,2,LogisticRegression,Time_Warping,3,"{'sigma': 0.5, 'knot': 4}",0.3546666666666667,0.33805868427866836,"{'C': np.float64(1000.0), 'class_weight': 'balanced', 'dual': False, 'fit_intercept': True, 'intercept_scaling': 1, 'l1_ratio': None, 'max_iter': 100, 'multi_class': 'deprecated', 'n_jobs': None, 'penalty': 'l2', 'random_state': 42, 'solver': 'sag', 'tol': 0.0001, 'verbose': 0, 'warm_start': False}",0.04586315155029297
Chinese_wine,7,2,2,2,KNN,Time_Warping,4,"{'sigma': 0.05, 'knot': 8}",0.6257777777777778,0.6174062978724961,"{'algorithm': 'auto', 'leaf_size': 30, 'metric': 'minkowski', 'metric_params': None, 'n_jobs': None, 'n_neighbors': np.int64(13), 'p': 4, 'weights': 'distance'}",0.2957606315612793
Chinese_wine,7,2,2,2,RandomForest,Time_Warping,4,"{'sigma': 0.05, 'knot': 8}",0.5621111111111111,0.5420611921639726,"{'bootstrap': True, 'ccp_alpha': 0.0, 'class_weight': 'balanced', 'criterion': 'gini', 'max_depth': None, 'max_features': 'sqrt', 'max_leaf_nodes': None, 'max_samples': None, 'min_impurity_decrease': 0.0, 'min_samples_leaf': 2, 'min_samples_split': 2, 'min_weight_fraction_leaf': 0.0, 'monotonic_cst': None, 'n_estimators': 150, 'n_jobs': None, 'oob_score': False, 'random_state': 42, 'verbose': 0, 'warm_start': False}",1.2534289360046387
Chinese_wine,7,2,2,2,LinearSVC,Time_Warping,4,"{'sigma': 0.05, 'knot': 8}",0.5638888888888889,0.5256418966967026,"{'C': np.float64(33.59818286283781), 'class_weight': None, 'dual': False, 'fit_intercept': True, 'intercept_scaling': 1, 'loss': 'squared_hinge', 'max_iter': 100, 'multi_class': 'ovr', 'penalty': 'l1', 'random_state': 42, 'tol': 0.001, 'verbose': 0}",0.0785365104675293
Chinese_wine,7,2,2,2,LogisticRegression,Time_Warping,4,"{'sigma': 0.05, 'knot': 8}",0.6314444444444445,0.6197524259942035,"{'C': np.float64(33.59818286283781), 'class_weight': None, 'dual': False, 'fit_intercept': True, 'intercept_scaling': 1, 'l1_ratio': None, 'max_iter': 100, 'multi_class': 'deprecated', 'n_jobs': None, 'penalty': 'l2', 'random_state': 42, 'solver': 'saga', 'tol': 0.0001, 'verbose': 0, 'warm_start': False}",0.173081636428833
Chinese_wine,7,2,2,2,KNN,Time_Warping,5,"{'sigma': 0.1, 'knot': 4}",0.638,0.6254634677208212,"{'algorithm': 'auto', 'leaf_size': 30, 'metric': 'minkowski', 'metric_params': None, 'n_jobs': None, 'n_neighbors': np.int64(5), 'p': 3, 'weights': 'distance'}",0.30718350410461426
Chinese_wine,7,2,2,2,RandomForest,Time_Warping,5,"{'sigma': 0.1, 'knot': 4}",0.5721111111111111,0.5490346847687618,"{'bootstrap': True, 'ccp_alpha': 0.0, 'class_weight': 'balanced', 'criterion': 'gini', 'max_depth': None, 'max_features': 'sqrt', 'max_leaf_nodes': None, 'max_samples': None, 'min_impurity_decrease': 0.0, 'min_samples_leaf': 1, 'min_samples_split': 2, 'min_weight_fraction_leaf': 0.0, 'monotonic_cst': None, 'n_estimators': 50, 'n_jobs': None, 'oob_score': False, 'random_state': 42, 'verbose': 0, 'warm_start': False}",0.4403352737426758
Chinese_wine,7,2,2,2,LinearSVC,Time_Warping,5,"{'sigma': 0.1, 'knot': 4}",0.5213333333333333,0.4726567661917162,"{'C': np.float64(33.59818286283781), 'class_weight': None, 'dual': False, 'fit_intercept': True, 'intercept_scaling': 1, 'loss': 'squared_hinge', 'max_iter': 100, 'multi_class': 'ovr', 'penalty': 'l1', 'random_state': 42, 'tol': 0.001, 'verbose': 0}",0.06258797645568848
Chinese_wine,7,2,2,2,LogisticRegression,Time_Warping,5,"{'sigma': 0.1, 'knot': 4}",0.5306666666666666,0.5183264304258139,"{'C': np.float64(33.59818286283781), 'class_weight': None, 'dual': False, 'fit_intercept': True, 'intercept_scaling': 1, 'l1_ratio': None, 'max_iter': 100, 'multi_class': 'deprecated', 'n_jobs': None, 'penalty': 'l2', 'random_state': 42, 'solver': 'saga', 'tol': 0.0001, 'verbose': 0, 'warm_start': False}",0.04308176040649414
Chinese_wine,7,2,2,2,KNN,Time_Warping,6,"{'sigma': 0.3, 'knot': 6}",0.6361111111111111,0.6227906407551297,"{'algorithm': 'auto', 'leaf_size': 30, 'metric': 'minkowski', 'metric_params': None, 'n_jobs': None, 'n_neighbors': np.int64(5), 'p': 3, 'weights': 'distance'}",0.3157622814178467
Chinese_wine,7,2,2,2,RandomForest,Time_Warping,6,"{'sigma': 0.3, 'knot': 6}",0.5644444444444444,0.5446463672988218,"{'bootstrap': True, 'ccp_alpha': 0.0, 'class_weight': 'balanced', 'criterion': 'gini', 'max_depth': 30, 'max_features': 'sqrt', 'max_leaf_nodes': None, 'max_samples': None, 'min_impurity_decrease': 0.0, 'min_samples_leaf': 1, 'min_samples_split': 2, 'min_weight_fraction_leaf': 0.0, 'monotonic_cst': None, 'n_estimators': 150, 'n_jobs': None, 'oob_score': False, 'random_state': 42, 'verbose': 0, 'warm_start': False}",1.3299574851989746
Chinese_wine,7,2,2,2,LinearSVC,Time_Warping,6,"{'sigma': 0.3, 'knot': 6}",0.4091111111111111,0.325693800567502,"{'C': np.float64(1000.0), 'class_weight': 'balanced', 'dual': False, 'fit_intercept': True, 'intercept_scaling': 1, 'loss': 'squared_hinge', 'max_iter': 100, 'multi_class': 'ovr', 'penalty': 'l2', 'random_state': 42, 'tol': 0.001, 'verbose': 0}",0.02042245864868164
Chinese_wine,7,2,2,2,LogisticRegression,Time_Warping,6,"{'sigma': 0.3, 'knot': 6}",0.4063333333333333,0.38854864442339415,"{'C': np.float64(33.59818286283781), 'class_weight': 'balanced', 'dual': False, 'fit_intercept': True, 'intercept_scaling': 1, 'l1_ratio': None, 'max_iter': 100, 'multi_class': 'deprecated', 'n_jobs': None, 'penalty': 'l1', 'random_state': 42, 'solver': 'saga', 'tol': 0.0001, 'verbose': 0, 'warm_start': False}",0.23845601081848145
Chinese_wine,7,2,2,2,KNN,Time_Warping,7,"{'sigma': 0.05, 'knot': 6}",0.6421111111111111,0.6305091392007875,"{'algorithm': 'auto', 'leaf_size': 30, 'metric': 'minkowski', 'metric_params': None, 'n_jobs': None, 'n_neighbors': np.int64(5), 'p': 3, 'weights': 'distance'}",0.288848876953125
Chinese_wine,7,2,2,2,RandomForest,Time_Warping,7,"{'sigma': 0.05, 'knot': 6}",0.5666666666666667,0.5462387445994832,"{'bootstrap': True, 'ccp_alpha': 0.0, 'class_weight': 'balanced', 'criterion': 'gini', 'max_depth': None, 'max_features': 'sqrt', 'max_leaf_nodes': None, 'max_samples': None, 'min_impurity_decrease': 0.0, 'min_samples_leaf': 1, 'min_samples_split': 2, 'min_weight_fraction_leaf': 0.0, 'monotonic_cst': None, 'n_estimators': 50, 'n_jobs': None, 'oob_score': False, 'random_state': 42, 'verbose': 0, 'warm_start': False}",0.466111421585083
Chinese_wine,7,2,2,2,LinearSVC,Time_Warping,7,"{'sigma': 0.05, 'knot': 6}",0.5338888888888889,0.49159753640403636,"{'C': np.float64(33.59818286283781), 'class_weight': 'balanced', 'dual': False, 'fit_intercept': True, 'intercept_scaling': 1, 'loss': 'squared_hinge', 'max_iter': 100, 'multi_class': 'ovr', 'penalty': 'l1', 'random_state': 42, 'tol': 0.001, 'verbose': 0}",0.079376220703125
Chinese_wine,7,2,2,2,LogisticRegression,Time_Warping,7,"{'sigma': 0.05, 'knot': 6}",0.5426666666666666,0.5237198538486175,"{'C': np.float64(1000.0), 'class_weight': 'balanced', 'dual': False, 'fit_intercept': True, 'intercept_scaling': 1, 'l1_ratio': None, 'max_iter': 100, 'multi_class': 'deprecated', 'n_jobs': None, 'penalty': 'l2', 'random_state': 42, 'solver': 'sag', 'tol': 0.0001, 'verbose': 0, 'warm_start': False}",0.14700961112976074
Chinese_wine,7,2,2,2,KNN,Time_Warping,8,"{'sigma': 0.3, 'knot': 6}",0.6428888888888888,0.6318817055228916,"{'algorithm': 'auto', 'leaf_size': 30, 'metric': 'minkowski', 'metric_params': None, 'n_jobs': None, 'n_neighbors': np.int64(5), 'p': 3, 'weights': 'distance'}",0.35412096977233887
Chinese_wine,7,2,2,2,RandomForest,Time_Warping,8,"{'sigma': 0.3, 'knot': 6}",0.5762222222222222,0.5577565893443637,"{'bootstrap': True, 'ccp_alpha': 0.0, 'class_weight': 'balanced', 'criterion': 'gini', 'max_depth': 20, 'max_features': 'sqrt', 'max_leaf_nodes': None, 'max_samples': None, 'min_impurity_decrease': 0.0, 'min_samples_leaf': 2, 'min_samples_split': 5, 'min_weight_fraction_leaf': 0.0, 'monotonic_cst': None, 'n_estimators': 50, 'n_jobs': None, 'oob_score': False, 'random_state': 42, 'verbose': 0, 'warm_start': False}",0.4451282024383545
Chinese_wine,7,2,2,2,LinearSVC,Time_Warping,8,"{'sigma': 0.3, 'knot': 6}",0.43822222222222224,0.36183814850722146,"{'C': np.float64(183.29807108324337), 'class_weight': 'balanced', 'dual': False, 'fit_intercept': True, 'intercept_scaling': 1, 'loss': 'squared_hinge', 'max_iter': 100, 'multi_class': 'ovr', 'penalty': 'l1', 'random_state': 42, 'tol': 0.0001, 'verbose': 0}",0.04502701759338379
Chinese_wine,7,2,2,2,LogisticRegression,Time_Warping,8,"{'sigma': 0.3, 'knot': 6}",0.424,0.4083697832385692,"{'C': np.float64(1000.0), 'class_weight': 'balanced', 'dual': False, 'fit_intercept': True, 'intercept_scaling': 1, 'l1_ratio': None, 'max_iter': 100, 'multi_class': 'deprecated', 'n_jobs': None, 'penalty': 'l2', 'random_state': 42, 'solver': 'sag', 'tol': 0.0001, 'verbose': 0, 'warm_start': False}",0.05000758171081543
Chinese_wine,7,2,2,2,KNN,Time_Warping,9,"{'sigma': 0.1, 'knot': 6}",0.6391111111111111,0.6264536338599831,"{'algorithm': 'auto', 'leaf_size': 30, 'metric': 'minkowski', 'metric_params': None, 'n_jobs': None, 'n_neighbors': np.int64(5), 'p': 3, 'weights': 'distance'}",0.25263452529907227
Chinese_wine,7,2,2,2,RandomForest,Time_Warping,9,"{'sigma': 0.1, 'knot': 6}",0.5597777777777778,0.5340248168560463,"{'bootstrap': True, 'ccp_alpha': 0.0, 'class_weight': None, 'criterion': 'gini', 'max_depth': 20, 'max_features': 'sqrt', 'max_leaf_nodes': None, 'max_samples': None, 'min_impurity_decrease': 0.0, 'min_samples_leaf': 1, 'min_samples_split': 2, 'min_weight_fraction_leaf': 0.0, 'monotonic_cst': None, 'n_estimators': 100, 'n_jobs': None, 'oob_score': False, 'random_state': 42, 'verbose': 0, 'warm_start': False}",0.9729397296905518
Chinese_wine,7,2,2,2,LinearSVC,Time_Warping,9,"{'sigma': 0.1, 'knot': 6}",0.48055555555555557,0.43000467932904746,"{'C': np.float64(33.59818286283781), 'class_weight': 'balanced', 'dual': False, 'fit_intercept': True, 'intercept_scaling': 1, 'loss': 'squared_hinge', 'max_iter': 100, 'multi_class': 'ovr', 'penalty': 'l1', 'random_state': 42, 'tol': 0.0001, 'verbose': 0}",0.07794976234436035
Chinese_wine,7,2,2,2,LogisticRegression,Time_Warping,9,"{'sigma': 0.1, 'knot': 6}",0.5166666666666667,0.490249732077232,"{'C': np.float64(183.29807108324337), 'class_weight': None, 'dual': False, 'fit_intercept': True, 'intercept_scaling': 1, 'l1_ratio': None, 'max_iter': 100, 'multi_class': 'deprecated', 'n_jobs': None, 'penalty': 'l2', 'random_state': 42, 'solver': 'saga', 'tol': 0.0001, 'verbose': 0, 'warm_start': False}",0.14881277084350586
Chinese_wine,7,2,2,2,KNN,Time_Warping,10,"{'sigma': 0.1, 'knot': 8}",0.6314444444444445,0.6214533073854412,"{'algorithm': 'auto', 'leaf_size': 30, 'metric': 'minkowski', 'metric_params': None, 'n_jobs': None, 'n_neighbors': np.int64(11), 'p': 4, 'weights': 'distance'}",0.3362233638763428
Chinese_wine,7,2,2,2,RandomForest,Time_Warping,10,"{'sigma': 0.1, 'knot': 8}",0.5527777777777778,0.5314121598219528,"{'bootstrap': True, 'ccp_alpha': 0.0, 'class_weight': 'balanced', 'criterion': 'gini', 'max_depth': None, 'max_features': 'sqrt', 'max_leaf_nodes': None, 'max_samples': None, 'min_impurity_decrease': 0.0, 'min_samples_leaf': 1, 'min_samples_split': 2, 'min_weight_fraction_leaf': 0.0, 'monotonic_cst': None, 'n_estimators': 50, 'n_jobs': None, 'oob_score': False, 'random_state': 42, 'verbose': 0, 'warm_start': False}",0.5060169696807861
Chinese_wine,7,2,2,2,LinearSVC,Time_Warping,10,"{'sigma': 0.1, 'knot': 8}",0.48644444444444446,0.4270341311304032,"{'C': np.float64(0.4832930238571752), 'class_weight': 'balanced', 'dual': False, 'fit_intercept': True, 'intercept_scaling': 1, 'loss': 'squared_hinge', 'max_iter': 100, 'multi_class': 'ovr', 'penalty': 'l2', 'random_state': 42, 'tol': 0.0001, 'verbose': 0}",0.02084183692932129
Chinese_wine,7,2,2,2,LogisticRegression,Time_Warping,10,"{'sigma': 0.1, 'knot': 8}",0.5024444444444445,0.49764478767467596,"{'C': np.float64(183.29807108324337), 'class_weight': None, 'dual': False, 'fit_intercept': True, 'intercept_scaling': 1, 'l1_ratio': None, 'max_iter': 100, 'multi_class': 'deprecated', 'n_jobs': None, 'penalty': 'l2', 'random_state': 42, 'solver': 'saga', 'tol': 0.0001, 'verbose': 0, 'warm_start': False}",0.04379463195800781
Chinese_wine,7,2,2,3,KNN,Time_Warping,1,"{'sigma': 0.2, 'knot': 4}",0.6248888888888889,0.6132522635256175,"{'algorithm': 'auto', 'leaf_size': 30, 'metric': 'chebyshev', 'metric_params': None, 'n_jobs': None, 'n_neighbors': np.int64(11), 'p': 2, 'weights': 'distance'}",0.08032393455505371
Chinese_wine,7,2,2,3,RandomForest,Time_Warping,1,"{'sigma': 0.2, 'knot': 4}",0.5543333333333333,0.5334808053101164,"{'bootstrap': True, 'ccp_alpha': 0.0, 'class_weight': None, 'criterion': 'gini', 'max_depth': 20, 'max_features': 'sqrt', 'max_leaf_nodes': None, 'max_samples': None, 'min_impurity_decrease': 0.0, 'min_samples_leaf': 1, 'min_samples_split': 2, 'min_weight_fraction_leaf': 0.0, 'monotonic_cst': None, 'n_estimators': 100, 'n_jobs': None, 'oob_score': False, 'random_state': 42, 'verbose': 0, 'warm_start': False}",1.2343730926513672
Chinese_wine,7,2,2,3,LinearSVC,Time_Warping,1,"{'sigma': 0.2, 'knot': 4}",0.3641111111111111,0.28182198216973237,"{'C': np.float64(183.29807108324337), 'class_weight': None, 'dual': False, 'fit_intercept': True, 'intercept_scaling': 1, 'loss': 'squared_hinge', 'max_iter': 100, 'multi_class': 'ovr', 'penalty': 'l1', 'random_state': 42, 'tol': 0.001, 'verbose': 0}",0.03453397750854492
Chinese_wine,7,2,2,3,LogisticRegression,Time_Warping,1,"{'sigma': 0.2, 'knot': 4}",0.393,0.37504613560179434,"{'C': np.float64(183.29807108324337), 'class_weight': None, 'dual': False, 'fit_intercept': True, 'intercept_scaling': 1, 'l1_ratio': None, 'max_iter': 100, 'multi_class': 'deprecated', 'n_jobs': None, 'penalty': 'l2', 'random_state': 42, 'solver': 'saga', 'tol': 0.0001, 'verbose': 0, 'warm_start': False}",0.03730630874633789
Chinese_wine,7,2,2,3,KNN,Time_Warping,2,"{'sigma': 0.2, 'knot': 3}",0.6451111111111111,0.6360977123357138,"{'algorithm': 'auto', 'leaf_size': 30, 'metric': 'minkowski', 'metric_params': None, 'n_jobs': None, 'n_neighbors': np.int64(5), 'p': 3, 'weights': 'distance'}",0.4254629611968994
Chinese_wine,7,2,2,3,RandomForest,Time_Warping,2,"{'sigma': 0.2, 'knot': 3}",0.5685555555555556,0.5528831390670838,"{'bootstrap': True, 'ccp_alpha': 0.0, 'class_weight': 'balanced', 'criterion': 'gini', 'max_depth': None, 'max_features': 'sqrt', 'max_leaf_nodes': None, 'max_samples': None, 'min_impurity_decrease': 0.0, 'min_samples_leaf': 1, 'min_samples_split': 2, 'min_weight_fraction_leaf': 0.0, 'monotonic_cst': None, 'n_estimators': 50, 'n_jobs': None, 'oob_score': False, 'random_state': 42, 'verbose': 0, 'warm_start': False}",0.715517520904541
Chinese_wine,7,2,2,3,LinearSVC,Time_Warping,2,"{'sigma': 0.2, 'knot': 3}",0.4131111111111111,0.34762059130423345,"{'C': np.float64(2.6366508987303554), 'class_weight': 'balanced', 'dual': False, 'fit_intercept': True, 'intercept_scaling': 1, 'loss': 'squared_hinge', 'max_iter': 100, 'multi_class': 'ovr', 'penalty': 'l1', 'random_state': 42, 'tol': 0.0001, 'verbose': 0}",0.04020380973815918
Chinese_wine,7,2,2,3,LogisticRegression,Time_Warping,2,"{'sigma': 0.2, 'knot': 3}",0.4033333333333333,0.4010622859838158,"{'C': np.float64(33.59818286283781), 'class_weight': None, 'dual': False, 'fit_intercept': True, 'intercept_scaling': 1, 'l1_ratio': None, 'max_iter': 100, 'multi_class': 'deprecated', 'n_jobs': None, 'penalty': 'l2', 'random_state': 42, 'solver': 'saga', 'tol': 0.0001, 'verbose': 0, 'warm_start': False}",0.03850507736206055
Chinese_wine,7,2,2,3,KNN,Time_Warping,3,"{'sigma': 0.5, 'knot': 4}",0.6311111111111111,0.6223160547032897,"{'algorithm': 'auto', 'leaf_size': 30, 'metric': 'chebyshev', 'metric_params': None, 'n_jobs': None, 'n_neighbors': np.int64(11), 'p': 2, 'weights': 'distance'}",0.06894683837890625
Chinese_wine,7,2,2,3,RandomForest,Time_Warping,3,"{'sigma': 0.5, 'knot': 4}",0.5766666666666667,0.561749041459745,"{'bootstrap': True, 'ccp_alpha': 0.0, 'class_weight': 'balanced', 'criterion': 'gini', 'max_depth': None, 'max_features': 'sqrt', 'max_leaf_nodes': None, 'max_samples': None, 'min_impurity_decrease': 0.0, 'min_samples_leaf': 1, 'min_samples_split': 5, 'min_weight_fraction_leaf': 0.0, 'monotonic_cst': None, 'n_estimators': 50, 'n_jobs': None, 'oob_score': False, 'random_state': 42, 'verbose': 0, 'warm_start': False}",0.7705237865447998
Chinese_wine,7,2,2,3,LinearSVC,Time_Warping,3,"{'sigma': 0.5, 'knot': 4}",0.2991111111111111,0.2142914596073846,"{'C': np.float64(183.29807108324337), 'class_weight': None, 'dual': False, 'fit_intercept': True, 'intercept_scaling': 1, 'loss': 'squared_hinge', 'max_iter': 100, 'multi_class': 'ovr', 'penalty': 'l1', 'random_state': 42, 'tol': 0.001, 'verbose': 0}",0.02278590202331543
Chinese_wine,7,2,2,3,LogisticRegression,Time_Warping,3,"{'sigma': 0.5, 'knot': 4}",0.3028888888888889,0.2714146829186485,"{'C': np.float64(6.1584821106602545), 'class_weight': None, 'dual': False, 'fit_intercept': True, 'intercept_scaling': 1, 'l1_ratio': None, 'max_iter': 100, 'multi_class': 'deprecated', 'n_jobs': None, 'penalty': 'l2', 'random_state': 42, 'solver': 'lbfgs', 'tol': 0.0001, 'verbose': 0, 'warm_start': False}",0.04456043243408203
Chinese_wine,7,2,2,3,KNN,Time_Warping,4,"{'sigma': 0.05, 'knot': 8}",0.6327777777777778,0.6230886189414009,"{'algorithm': 'auto', 'leaf_size': 30, 'metric': 'minkowski', 'metric_params': None, 'n_jobs': None, 'n_neighbors': np.int64(5), 'p': 3, 'weights': 'distance'}",0.37998294830322266
Chinese_wine,7,2,2,3,RandomForest,Time_Warping,4,"{'sigma': 0.05, 'knot': 8}",0.5705555555555556,0.5484543667456186,"{'bootstrap': True, 'ccp_alpha': 0.0, 'class_weight': None, 'criterion': 'gini', 'max_depth': None, 'max_features': 'sqrt', 'max_leaf_nodes': None, 'max_samples': None, 'min_impurity_decrease': 0.0, 'min_samples_leaf': 1, 'min_samples_split': 5, 'min_weight_fraction_leaf': 0.0, 'monotonic_cst': None, 'n_estimators': 150, 'n_jobs': None, 'oob_score': False, 'random_state': 42, 'verbose': 0, 'warm_start': False}",2.335268020629883
Chinese_wine,7,2,2,3,LinearSVC,Time_Warping,4,"{'sigma': 0.05, 'knot': 8}",0.5425555555555556,0.4952172334984718,"{'C': np.float64(1000.0), 'class_weight': 'balanced', 'dual': False, 'fit_intercept': True, 'intercept_scaling': 1, 'loss': 'squared_hinge', 'max_iter': 100, 'multi_class': 'ovr', 'penalty': 'l2', 'random_state': 42, 'tol': 0.001, 'verbose': 0}",0.033591508865356445
Chinese_wine,7,2,2,3,LogisticRegression,Time_Warping,4,"{'sigma': 0.05, 'knot': 8}",0.5852222222222222,0.5687216004971029,"{'C': np.float64(33.59818286283781), 'class_weight': 'balanced', 'dual': False, 'fit_intercept': True, 'intercept_scaling': 1, 'l1_ratio': None, 'max_iter': 100, 'multi_class': 'deprecated', 'n_jobs': None, 'penalty': 'l1', 'random_state': 42, 'solver': 'saga', 'tol': 0.0001, 'verbose': 0, 'warm_start': False}",0.3103792667388916
Chinese_wine,7,2,2,3,KNN,Time_Warping,5,"{'sigma': 0.1, 'knot': 4}",0.6337777777777778,0.622410142939564,"{'algorithm': 'auto', 'leaf_size': 30, 'metric': 'minkowski', 'metric_params': None, 'n_jobs': None, 'n_neighbors': np.int64(5), 'p': 3, 'weights': 'distance'}",0.39075565338134766
Chinese_wine,7,2,2,3,RandomForest,Time_Warping,5,"{'sigma': 0.1, 'knot': 4}",0.5532222222222222,0.5370571978591102,"{'bootstrap': True, 'ccp_alpha': 0.0, 'class_weight': None, 'criterion': 'gini', 'max_depth': 20, 'max_features': 'sqrt', 'max_leaf_nodes': None, 'max_samples': None, 'min_impurity_decrease': 0.0, 'min_samples_leaf': 1, 'min_samples_split': 2, 'min_weight_fraction_leaf': 0.0, 'monotonic_cst': None, 'n_estimators': 100, 'n_jobs': None, 'oob_score': False, 'random_state': 42, 'verbose': 0, 'warm_start': False}",1.4787142276763916
Chinese_wine,7,2,2,3,LinearSVC,Time_Warping,5,"{'sigma': 0.1, 'knot': 4}",0.4971111111111111,0.43438972187172753,"{'C': np.float64(183.29807108324337), 'class_weight': 'balanced', 'dual': False, 'fit_intercept': True, 'intercept_scaling': 1, 'loss': 'squared_hinge', 'max_iter': 100, 'multi_class': 'ovr', 'penalty': 'l1', 'random_state': 42, 'tol': 0.0001, 'verbose': 0}",0.08155393600463867
Chinese_wine,7,2,2,3,LogisticRegression,Time_Warping,5,"{'sigma': 0.1, 'knot': 4}",0.47944444444444445,0.46296542604030877,"{'C': np.float64(183.29807108324337), 'class_weight': None, 'dual': False, 'fit_intercept': True, 'intercept_scaling': 1, 'l1_ratio': None, 'max_iter': 100, 'multi_class': 'deprecated', 'n_jobs': None, 'penalty': 'l2', 'random_state': 42, 'solver': 'saga', 'tol': 0.0001, 'verbose': 0, 'warm_start': False}",0.035135507583618164
Chinese_wine,7,2,2,3,KNN,Time_Warping,6,"{'sigma': 0.3, 'knot': 6}",0.6457777777777778,0.6352541236223758,"{'algorithm': 'auto', 'leaf_size': 30, 'metric': 'minkowski', 'metric_params': None, 'n_jobs': None, 'n_neighbors': np.int64(5), 'p': 3, 'weights': 'distance'}",0.40941500663757324
Chinese_wine,7,2,2,3,RandomForest,Time_Warping,6,"{'sigma': 0.3, 'knot': 6}",0.5694444444444444,0.5533848729830351,"{'bootstrap': True, 'ccp_alpha': 0.0, 'class_weight': 'balanced', 'criterion': 'gini', 'max_depth': 30, 'max_features': 'sqrt', 'max_leaf_nodes': None, 'max_samples': None, 'min_impurity_decrease': 0.0, 'min_samples_leaf': 1, 'min_samples_split': 2, 'min_weight_fraction_leaf': 0.0, 'monotonic_cst': None, 'n_estimators': 150, 'n_jobs': None, 'oob_score': False, 'random_state': 42, 'verbose': 0, 'warm_start': False}",2.0891995429992676
Chinese_wine,7,2,2,3,LinearSVC,Time_Warping,6,"{'sigma': 0.3, 'knot': 6}",0.396,0.3338575526897156,"{'C': np.float64(33.59818286283781), 'class_weight': None, 'dual': False, 'fit_intercept': True, 'intercept_scaling': 1, 'loss': 'squared_hinge', 'max_iter': 100, 'multi_class': 'ovr', 'penalty': 'l1', 'random_state': 42, 'tol': 0.001, 'verbose': 0}",0.03169131278991699
Chinese_wine,7,2,2,3,LogisticRegression,Time_Warping,6,"{'sigma': 0.3, 'knot': 6}",0.4241111111111111,0.394357105151057,"{'C': np.float64(33.59818286283781), 'class_weight': None, 'dual': False, 'fit_intercept': True, 'intercept_scaling': 1, 'l1_ratio': None, 'max_iter': 100, 'multi_class': 'deprecated', 'n_jobs': None, 'penalty': 'l2', 'random_state': 42, 'solver': 'saga', 'tol': 0.0001, 'verbose': 0, 'warm_start': False}",0.03723311424255371
Chinese_wine,7,2,2,3,KNN,Time_Warping,7,"{'sigma': 0.05, 'knot': 6}",0.6314444444444445,0.6177490356407715,"{'algorithm': 'auto', 'leaf_size': 30, 'metric': 'manhattan', 'metric_params': None, 'n_jobs': None, 'n_neighbors': np.int64(5), 'p': 2, 'weights': 'distance'}",0.13221454620361328
Chinese_wine,7,2,2,3,RandomForest,Time_Warping,7,"{'sigma': 0.05, 'knot': 6}",0.5702222222222222,0.5493955341703767,"{'bootstrap': True, 'ccp_alpha': 0.0, 'class_weight': 'balanced', 'criterion': 'gini', 'max_depth': 20, 'max_features': 'sqrt', 'max_leaf_nodes': None, 'max_samples': None, 'min_impurity_decrease': 0.0, 'min_samples_leaf': 1, 'min_samples_split': 2, 'min_weight_fraction_leaf': 0.0, 'monotonic_cst': None, 'n_estimators': 50, 'n_jobs': None, 'oob_score': False, 'random_state': 42, 'verbose': 0, 'warm_start': False}",0.700772762298584
Chinese_wine,7,2,2,3,LinearSVC,Time_Warping,7,"{'sigma': 0.05, 'knot': 6}",0.5445555555555556,0.5042635453564653,"{'C': np.float64(33.59818286283781), 'class_weight': 'balanced', 'dual': False, 'fit_intercept': True, 'intercept_scaling': 1, 'loss': 'squared_hinge', 'max_iter': 100, 'multi_class': 'ovr', 'penalty': 'l1', 'random_state': 42, 'tol': 0.0001, 'verbose': 0}",0.10212397575378418
Chinese_wine,7,2,2,3,LogisticRegression,Time_Warping,7,"{'sigma': 0.05, 'knot': 6}",0.5484444444444444,0.5302421875526238,"{'C': np.float64(33.59818286283781), 'class_weight': 'balanced', 'dual': False, 'fit_intercept': True, 'intercept_scaling': 1, 'l1_ratio': None, 'max_iter': 100, 'multi_class': 'deprecated', 'n_jobs': None, 'penalty': 'l2', 'random_state': 42, 'solver': 'saga', 'tol': 0.0001, 'verbose': 0, 'warm_start': False}",0.14023733139038086
Chinese_wine,7,2,2,3,KNN,Time_Warping,8,"{'sigma': 0.3, 'knot': 6}",0.6254444444444445,0.6157873071259778,"{'algorithm': 'auto', 'leaf_size': 30, 'metric': 'minkowski', 'metric_params': None, 'n_jobs': None, 'n_neighbors': np.int64(11), 'p': 4, 'weights': 'distance'}",0.5677406787872314
Chinese_wine,7,2,2,3,RandomForest,Time_Warping,8,"{'sigma': 0.3, 'knot': 6}",0.5608888888888889,0.5440920088350738,"{'bootstrap': True, 'ccp_alpha': 0.0, 'class_weight': 'balanced', 'criterion': 'gini', 'max_depth': None, 'max_features': 'sqrt', 'max_leaf_nodes': None, 'max_samples': None, 'min_impurity_decrease': 0.0, 'min_samples_leaf': 1, 'min_samples_split': 5, 'min_weight_fraction_leaf': 0.0, 'monotonic_cst': None, 'n_estimators': 50, 'n_jobs': None, 'oob_score': False, 'random_state': 42, 'verbose': 0, 'warm_start': False}",0.6462006568908691
Chinese_wine,7,2,2,3,LinearSVC,Time_Warping,8,"{'sigma': 0.3, 'knot': 6}",0.3748888888888889,0.29153081021572624,"{'C': np.float64(1000.0), 'class_weight': 'balanced', 'dual': False, 'fit_intercept': True, 'intercept_scaling': 1, 'loss': 'squared_hinge', 'max_iter': 100, 'multi_class': 'ovr', 'penalty': 'l2', 'random_state': 42, 'tol': 0.001, 'verbose': 0}",0.020977258682250977
Chinese_wine,7,2,2,3,LogisticRegression,Time_Warping,8,"{'sigma': 0.3, 'knot': 6}",0.3903333333333333,0.3670121270971694,"{'C': np.float64(33.59818286283781), 'class_weight': None, 'dual': False, 'fit_intercept': True, 'intercept_scaling': 1, 'l1_ratio': None, 'max_iter': 100, 'multi_class': 'deprecated', 'n_jobs': None, 'penalty': 'l2', 'random_state': 42, 'solver': 'saga', 'tol': 0.0001, 'verbose': 0, 'warm_start': False}",0.03746199607849121
Chinese_wine,7,2,2,3,KNN,Time_Warping,9,"{'sigma': 0.1, 'knot': 6}",0.6134444444444445,0.5980843769812917,"{'algorithm': 'auto', 'leaf_size': 30, 'metric': 'manhattan', 'metric_params': None, 'n_jobs': None, 'n_neighbors': np.int64(5), 'p': 2, 'weights': 'distance'}",0.12171292304992676
Chinese_wine,7,2,2,3,RandomForest,Time_Warping,9,"{'sigma': 0.1, 'knot': 6}",0.5564444444444444,0.5403783195412463,"{'bootstrap': True, 'ccp_alpha': 0.0, 'class_weight': 'balanced', 'criterion': 'gini', 'max_depth': 20, 'max_features': 'sqrt', 'max_leaf_nodes': None, 'max_samples': None, 'min_impurity_decrease': 0.0, 'min_samples_leaf': 2, 'min_samples_split': 5, 'min_weight_fraction_leaf': 0.0, 'monotonic_cst': None, 'n_estimators': 50, 'n_jobs': None, 'oob_score': False, 'random_state': 42, 'verbose': 0, 'warm_start': False}",0.7296819686889648
Chinese_wine,7,2,2,3,LinearSVC,Time_Warping,9,"{'sigma': 0.1, 'knot': 6}",0.48,0.4080184686306683,"{'C': np.float64(2.6366508987303554), 'class_weight': 'balanced', 'dual': False, 'fit_intercept': True, 'intercept_scaling': 1, 'loss': 'squared_hinge', 'max_iter': 100, 'multi_class': 'ovr', 'penalty': 'l1', 'random_state': 42, 'tol': 0.0001, 'verbose': 0}",0.11174321174621582
Chinese_wine,7,2,2,3,LogisticRegression,Time_Warping,9,"{'sigma': 0.1, 'knot': 6}",0.5031111111111111,0.48713910023990453,"{'C': np.float64(33.59818286283781), 'class_weight': None, 'dual': False, 'fit_intercept': True, 'intercept_scaling': 1, 'l1_ratio': None, 'max_iter': 100, 'multi_class': 'deprecated', 'n_jobs': None, 'penalty': 'l2', 'random_state': 42, 'solver': 'saga', 'tol': 0.0001, 'verbose': 0, 'warm_start': False}",0.04643678665161133
Chinese_wine,7,2,2,3,KNN,Time_Warping,10,"{'sigma': 0.1, 'knot': 8}",0.6146666666666667,0.5993124411305235,"{'algorithm': 'auto', 'leaf_size': 30, 'metric': 'manhattan', 'metric_params': None, 'n_jobs': None, 'n_neighbors': np.int64(5), 'p': 2, 'weights': 'distance'}",0.13724255561828613
Chinese_wine,7,2,2,3,RandomForest,Time_Warping,10,"{'sigma': 0.1, 'knot': 8}",0.5615555555555556,0.5385530667317752,"{'bootstrap': True, 'ccp_alpha': 0.0, 'class_weight': 'balanced', 'criterion': 'gini', 'max_depth': 20, 'max_features': 'sqrt', 'max_leaf_nodes': None, 'max_samples': None, 'min_impurity_decrease': 0.0, 'min_samples_leaf': 1, 'min_samples_split': 2, 'min_weight_fraction_leaf': 0.0, 'monotonic_cst': None, 'n_estimators': 50, 'n_jobs': None, 'oob_score': False, 'random_state': 42, 'verbose': 0, 'warm_start': False}",0.5815694332122803
Chinese_wine,7,2,2,3,LinearSVC,Time_Warping,10,"{'sigma': 0.1, 'knot': 8}",0.4866666666666667,0.41435888018315087,"{'C': np.float64(1000.0), 'class_weight': 'balanced', 'dual': False, 'fit_intercept': True, 'intercept_scaling': 1, 'loss': 'squared_hinge', 'max_iter': 100, 'multi_class': 'ovr', 'penalty': 'l2', 'random_state': 42, 'tol': 0.001, 'verbose': 0}",0.023992300033569336
Chinese_wine,7,2,2,3,LogisticRegression,Time_Warping,10,"{'sigma': 0.1, 'knot': 8}",0.5484444444444444,0.5417117095596604,"{'C': np.float64(33.59818286283781), 'class_weight': None, 'dual': False, 'fit_intercept': True, 'intercept_scaling': 1, 'l1_ratio': None, 'max_iter': 100, 'multi_class': 'deprecated', 'n_jobs': None, 'penalty': 'l2', 'random_state': 42, 'solver': 'saga', 'tol': 0.0001, 'verbose': 0, 'warm_start': False}",0.03464317321777344
Chinese_wine,7,2,2,5,KNN,Time_Warping,1,"{'sigma': 0.2, 'knot': 4}",0.6144444444444445,0.6041184619506785,"{'algorithm': 'auto', 'leaf_size': 30, 'metric': 'euclidean', 'metric_params': None, 'n_jobs': None, 'n_neighbors': np.int64(15), 'p': 2, 'weights': 'distance'}",0.14023995399475098
Chinese_wine,7,2,2,5,RandomForest,Time_Warping,1,"{'sigma': 0.2, 'knot': 4}",0.5517777777777778,0.5341076420140991,"{'bootstrap': True, 'ccp_alpha': 0.0, 'class_weight': 'balanced', 'criterion': 'gini', 'max_depth': None, 'max_features': 'sqrt', 'max_leaf_nodes': None, 'max_samples': None, 'min_impurity_decrease': 0.0, 'min_samples_leaf': 2, 'min_samples_split': 2, 'min_weight_fraction_leaf': 0.0, 'monotonic_cst': None, 'n_estimators': 150, 'n_jobs': None, 'oob_score': False, 'random_state': 42, 'verbose': 0, 'warm_start': False}",3.2931604385375977
Chinese_wine,7,2,2,5,LinearSVC,Time_Warping,1,"{'sigma': 0.2, 'knot': 4}",0.3874444444444444,0.3037742885482214,"{'C': np.float64(33.59818286283781), 'class_weight': 'balanced', 'dual': False, 'fit_intercept': True, 'intercept_scaling': 1, 'loss': 'squared_hinge', 'max_iter': 100, 'multi_class': 'ovr', 'penalty': 'l1', 'random_state': 42, 'tol': 0.001, 'verbose': 0}",0.06043553352355957
Chinese_wine,7,2,2,5,LogisticRegression,Time_Warping,1,"{'sigma': 0.2, 'knot': 4}",0.39455555555555555,0.3785694431493328,"{'C': np.float64(2.6366508987303554), 'class_weight': 'balanced', 'dual': False, 'fit_intercept': True, 'intercept_scaling': 1, 'l1_ratio': None, 'max_iter': 100, 'multi_class': 'deprecated', 'n_jobs': None, 'penalty': 'l1', 'random_state': 42, 'solver': 'saga', 'tol': 0.0001, 'verbose': 0, 'warm_start': False}",0.13133549690246582
Chinese_wine,7,2,2,5,KNN,Time_Warping,2,"{'sigma': 0.2, 'knot': 3}",0.6043333333333333,0.593593337037631,"{'algorithm': 'auto', 'leaf_size': 30, 'metric': 'manhattan', 'metric_params': None, 'n_jobs': None, 'n_neighbors': np.int64(5), 'p': 2, 'weights': 'distance'}",0.17983245849609375
Chinese_wine,7,2,2,5,RandomForest,Time_Warping,2,"{'sigma': 0.2, 'knot': 3}",0.5315555555555556,0.5163455551254514,"{'bootstrap': True, 'ccp_alpha': 0.0, 'class_weight': 'balanced', 'criterion': 'gini', 'max_depth': 20, 'max_features': 'sqrt', 'max_leaf_nodes': None, 'max_samples': None, 'min_impurity_decrease': 0.0, 'min_samples_leaf': 2, 'min_samples_split': 5, 'min_weight_fraction_leaf': 0.0, 'monotonic_cst': None, 'n_estimators': 50, 'n_jobs': None, 'oob_score': False, 'random_state': 42, 'verbose': 0, 'warm_start': False}",1.2559256553649902
Chinese_wine,7,2,2,5,LinearSVC,Time_Warping,2,"{'sigma': 0.2, 'knot': 3}",0.40066666666666667,0.31434017821152277,"{'C': np.float64(1000.0), 'class_weight': 'balanced', 'dual': False, 'fit_intercept': True, 'intercept_scaling': 1, 'loss': 'squared_hinge', 'max_iter': 100, 'multi_class': 'ovr', 'penalty': 'l2', 'random_state': 42, 'tol': 0.001, 'verbose': 0}",0.04051995277404785
Chinese_wine,7,2,2,5,LogisticRegression,Time_Warping,2,"{'sigma': 0.2, 'knot': 3}",0.4226666666666667,0.3902068533887644,"{'C': np.float64(2.6366508987303554), 'class_weight': 'balanced', 'dual': False, 'fit_intercept': True, 'intercept_scaling': 1, 'l1_ratio': None, 'max_iter': 100, 'multi_class': 'deprecated', 'n_jobs': None, 'penalty': 'l1', 'random_state': 42, 'solver': 'saga', 'tol': 0.0001, 'verbose': 0, 'warm_start': False}",0.21718835830688477
Chinese_wine,7,2,2,5,KNN,Time_Warping,3,"{'sigma': 0.5, 'knot': 4}",0.6183333333333333,0.6091544905111147,"{'algorithm': 'auto', 'leaf_size': 30, 'metric': 'minkowski', 'metric_params': None, 'n_jobs': None, 'n_neighbors': np.int64(15), 'p': 4, 'weights': 'distance'}",0.5452325344085693
Chinese_wine,7,2,2,5,RandomForest,Time_Warping,3,"{'sigma': 0.5, 'knot': 4}",0.5471111111111111,0.5326402703349665,"{'bootstrap': True, 'ccp_alpha': 0.0, 'class_weight': 'balanced', 'criterion': 'gini', 'max_depth': None, 'max_features': 'sqrt', 'max_leaf_nodes': None, 'max_samples': None, 'min_impurity_decrease': 0.0, 'min_samples_leaf': 1, 'min_samples_split': 2, 'min_weight_fraction_leaf': 0.0, 'monotonic_cst': None, 'n_estimators': 50, 'n_jobs': None, 'oob_score': False, 'random_state': 42, 'verbose': 0, 'warm_start': False}",1.1799087524414062
Chinese_wine,7,2,2,5,LinearSVC,Time_Warping,3,"{'sigma': 0.5, 'knot': 4}",0.28733333333333333,0.1884326523935645,"{'C': np.float64(0.0379269019073225), 'class_weight': 'balanced', 'dual': False, 'fit_intercept': False, 'intercept_scaling': 1, 'loss': 'squared_hinge', 'max_iter': 100, 'multi_class': 'ovr', 'penalty': 'l2', 'random_state': 42, 'tol': 0.001, 'verbose': 0}",0.02951979637145996
Chinese_wine,7,2,2,5,LogisticRegression,Time_Warping,3,"{'sigma': 0.5, 'knot': 4}",0.32455555555555554,0.2728671115541724,"{'C': np.float64(0.2069138081114788), 'class_weight': 'balanced', 'dual': False, 'fit_intercept': True, 'intercept_scaling': 1, 'l1_ratio': None, 'max_iter': 100, 'multi_class': 'deprecated', 'n_jobs': None, 'penalty': 'l2', 'random_state': 42, 'solver': 'sag', 'tol': 0.0001, 'verbose': 0, 'warm_start': False}",0.09359884262084961
Chinese_wine,7,2,2,5,KNN,Time_Warping,4,"{'sigma': 0.05, 'knot': 8}",0.6206666666666667,0.6074202769450755,"{'algorithm': 'auto', 'leaf_size': 30, 'metric': 'minkowski', 'metric_params': None, 'n_jobs': None, 'n_neighbors': np.int64(11), 'p': 4, 'weights': 'distance'}",0.554896354675293
Chinese_wine,7,2,2,5,RandomForest,Time_Warping,4,"{'sigma': 0.05, 'knot': 8}",0.5497777777777778,0.5316273612731683,"{'bootstrap': True, 'ccp_alpha': 0.0, 'class_weight': 'balanced', 'criterion': 'gini', 'max_depth': None, 'max_features': 'sqrt', 'max_leaf_nodes': None, 'max_samples': None, 'min_impurity_decrease': 0.0, 'min_samples_leaf': 2, 'min_samples_split': 2, 'min_weight_fraction_leaf': 0.0, 'monotonic_cst': None, 'n_estimators': 150, 'n_jobs': None, 'oob_score': False, 'random_state': 42, 'verbose': 0, 'warm_start': False}",3.795292615890503
Chinese_wine,7,2,2,5,LinearSVC,Time_Warping,4,"{'sigma': 0.05, 'knot': 8}",0.4998888888888889,0.44908587340208045,"{'C': np.float64(183.29807108324337), 'class_weight': 'balanced', 'dual': False, 'fit_intercept': True, 'intercept_scaling': 1, 'loss': 'squared_hinge', 'max_iter': 100, 'multi_class': 'ovr', 'penalty': 'l1', 'random_state': 42, 'tol': 0.0001, 'verbose': 0}",0.18221712112426758
Chinese_wine,7,2,2,5,LogisticRegression,Time_Warping,4,"{'sigma': 0.05, 'knot': 8}",0.5343333333333333,0.5146664221769336,"{'C': np.float64(1000.0), 'class_weight': 'balanced', 'dual': False, 'fit_intercept': True, 'intercept_scaling': 1, 'l1_ratio': None, 'max_iter': 100, 'multi_class': 'deprecated', 'n_jobs': None, 'penalty': 'l2', 'random_state': 42, 'solver': 'sag', 'tol': 0.0001, 'verbose': 0, 'warm_start': False}",0.11415457725524902
Chinese_wine,7,2,2,5,KNN,Time_Warping,5,"{'sigma': 0.1, 'knot': 4}",0.6222222222222222,0.6082825278811929,"{'algorithm': 'auto', 'leaf_size': 30, 'metric': 'manhattan', 'metric_params': None, 'n_jobs': None, 'n_neighbors': np.int64(5), 'p': 2, 'weights': 'distance'}",0.17480850219726562
Chinese_wine,7,2,2,5,RandomForest,Time_Warping,5,"{'sigma': 0.1, 'knot': 4}",0.5457777777777778,0.5265577378503854,"{'bootstrap': True, 'ccp_alpha': 0.0, 'class_weight': 'balanced', 'criterion': 'gini', 'max_depth': None, 'max_features': 'sqrt', 'max_leaf_nodes': None, 'max_samples': None, 'min_impurity_decrease': 0.0, 'min_samples_leaf': 2, 'min_samples_split': 2, 'min_weight_fraction_leaf': 0.0, 'monotonic_cst': None, 'n_estimators': 150, 'n_jobs': None, 'oob_score': False, 'random_state': 42, 'verbose': 0, 'warm_start': False}",3.1932621002197266
Chinese_wine,7,2,2,5,LinearSVC,Time_Warping,5,"{'sigma': 0.1, 'knot': 4}",0.425,0.3434231914309105,"{'C': np.float64(1000.0), 'class_weight': 'balanced', 'dual': False, 'fit_intercept': True, 'intercept_scaling': 1, 'loss': 'squared_hinge', 'max_iter': 100, 'multi_class': 'ovr', 'penalty': 'l2', 'random_state': 42, 'tol': 0.001, 'verbose': 0}",0.06572508811950684
Chinese_wine,7,2,2,5,LogisticRegression,Time_Warping,5,"{'sigma': 0.1, 'knot': 4}",0.4801111111111111,0.4606818068654975,"{'C': np.float64(183.29807108324337), 'class_weight': 'balanced', 'dual': False, 'fit_intercept': True, 'intercept_scaling': 1, 'l1_ratio': None, 'max_iter': 100, 'multi_class': 'deprecated', 'n_jobs': None, 'penalty': 'l1', 'random_state': 42, 'solver': 'saga', 'tol': 0.0001, 'verbose': 0, 'warm_start': False}",0.12917041778564453
Chinese_wine,7,2,2,5,KNN,Time_Warping,6,"{'sigma': 0.3, 'knot': 6}",0.6417777777777778,0.6308630565205784,"{'algorithm': 'auto', 'leaf_size': 30, 'metric': 'manhattan', 'metric_params': None, 'n_jobs': None, 'n_neighbors': np.int64(5), 'p': 2, 'weights': 'distance'}",0.21854925155639648
Chinese_wine,7,2,2,5,RandomForest,Time_Warping,6,"{'sigma': 0.3, 'knot': 6}",0.5467777777777778,0.531025278540325,"{'bootstrap': True, 'ccp_alpha': 0.0, 'class_weight': 'balanced', 'criterion': 'gini', 'max_depth': 30, 'max_features': 'sqrt', 'max_leaf_nodes': None, 'max_samples': None, 'min_impurity_decrease': 0.0, 'min_samples_leaf': 1, 'min_samples_split': 2, 'min_weight_fraction_leaf': 0.0, 'monotonic_cst': None, 'n_estimators': 150, 'n_jobs': None, 'oob_score': False, 'random_state': 42, 'verbose': 0, 'warm_start': False}",3.3391101360321045
Chinese_wine,7,2,2,5,LinearSVC,Time_Warping,6,"{'sigma': 0.3, 'knot': 6}",0.34955555555555556,0.24884455466531016,"{'C': np.float64(1000.0), 'class_weight': 'balanced', 'dual': False, 'fit_intercept': True, 'intercept_scaling': 1, 'loss': 'squared_hinge', 'max_iter': 100, 'multi_class': 'ovr', 'penalty': 'l2', 'random_state': 42, 'tol': 0.001, 'verbose': 0}",0.03577852249145508
Chinese_wine,7,2,2,5,LogisticRegression,Time_Warping,6,"{'sigma': 0.3, 'knot': 6}",0.36877777777777776,0.33865199540037905,"{'C': np.float64(1000.0), 'class_weight': 'balanced', 'dual': False, 'fit_intercept': True, 'intercept_scaling': 1, 'l1_ratio': None, 'max_iter': 100, 'multi_class': 'deprecated', 'n_jobs': None, 'penalty': 'l2', 'random_state': 42, 'solver': 'sag', 'tol': 0.0001, 'verbose': 0, 'warm_start': False}",0.1328444480895996
Chinese_wine,7,2,2,5,KNN,Time_Warping,7,"{'sigma': 0.05, 'knot': 6}",0.6301111111111111,0.6199633942113386,"{'algorithm': 'auto', 'leaf_size': 30, 'metric': 'minkowski', 'metric_params': None, 'n_jobs': None, 'n_neighbors': np.int64(11), 'p': 4, 'weights': 'distance'}",0.5276267528533936
Chinese_wine,7,2,2,5,RandomForest,Time_Warping,7,"{'sigma': 0.05, 'knot': 6}",0.5324444444444445,0.5089991371222139,"{'bootstrap': True, 'ccp_alpha': 0.0, 'class_weight': 'balanced', 'criterion': 'gini', 'max_depth': 20, 'max_features': 'sqrt', 'max_leaf_nodes': None, 'max_samples': None, 'min_impurity_decrease': 0.0, 'min_samples_leaf': 2, 'min_samples_split': 5, 'min_weight_fraction_leaf': 0.0, 'monotonic_cst': None, 'n_estimators': 50, 'n_jobs': None, 'oob_score': False, 'random_state': 42, 'verbose': 0, 'warm_start': False}",1.0455105304718018
Chinese_wine,7,2,2,5,LinearSVC,Time_Warping,7,"{'sigma': 0.05, 'knot': 6}",0.5313333333333333,0.49171333558402197,"{'C': np.float64(33.59818286283781), 'class_weight': 'balanced', 'dual': False, 'fit_intercept': True, 'intercept_scaling': 1, 'loss': 'squared_hinge', 'max_iter': 100, 'multi_class': 'ovr', 'penalty': 'l1', 'random_state': 42, 'tol': 0.0001, 'verbose': 0}",0.22927594184875488
Chinese_wine,7,2,2,5,LogisticRegression,Time_Warping,7,"{'sigma': 0.05, 'knot': 6}",0.551,0.5303570080404361,"{'C': np.float64(1000.0), 'class_weight': 'balanced', 'dual': False, 'fit_intercept': True, 'intercept_scaling': 1, 'l1_ratio': None, 'max_iter': 100, 'multi_class': 'deprecated', 'n_jobs': None, 'penalty': 'l2', 'random_state': 42, 'solver': 'sag', 'tol': 0.0001, 'verbose': 0, 'warm_start': False}",0.11002039909362793
Chinese_wine,7,2,2,5,KNN,Time_Warping,8,"{'sigma': 0.3, 'knot': 6}",0.6208888888888889,0.6103627814860381,"{'algorithm': 'auto', 'leaf_size': 30, 'metric': 'minkowski', 'metric_params': None, 'n_jobs': None, 'n_neighbors': np.int64(13), 'p': 4, 'weights': 'distance'}",0.6256349086761475
Chinese_wine,7,2,2,5,RandomForest,Time_Warping,8,"{'sigma': 0.3, 'knot': 6}",0.5492222222222222,0.5315129720490455,"{'bootstrap': True, 'ccp_alpha': 0.0, 'class_weight': 'balanced', 'criterion': 'gini', 'max_depth': None, 'max_features': 'sqrt', 'max_leaf_nodes': None, 'max_samples': None, 'min_impurity_decrease': 0.0, 'min_samples_leaf': 2, 'min_samples_split': 2, 'min_weight_fraction_leaf': 0.0, 'monotonic_cst': None, 'n_estimators': 150, 'n_jobs': None, 'oob_score': False, 'random_state': 42, 'verbose': 0, 'warm_start': False}",3.47865629196167
Chinese_wine,7,2,2,5,LinearSVC,Time_Warping,8,"{'sigma': 0.3, 'knot': 6}",0.3963333333333333,0.3160243311658865,"{'C': np.float64(2.6366508987303554), 'class_weight': 'balanced', 'dual': False, 'fit_intercept': True, 'intercept_scaling': 1, 'loss': 'squared_hinge', 'max_iter': 100, 'multi_class': 'ovr', 'penalty': 'l1', 'random_state': 42, 'tol': 0.0001, 'verbose': 0}",0.058184146881103516
Chinese_wine,7,2,2,5,LogisticRegression,Time_Warping,8,"{'sigma': 0.3, 'knot': 6}",0.38711111111111113,0.3652106075575105,"{'C': np.float64(2.6366508987303554), 'class_weight': 'balanced', 'dual': False, 'fit_intercept': True, 'intercept_scaling': 1, 'l1_ratio': None, 'max_iter': 100, 'multi_class': 'deprecated', 'n_jobs': None, 'penalty': 'l1', 'random_state': 42, 'solver': 'saga', 'tol': 0.0001, 'verbose': 0, 'warm_start': False}",0.11417818069458008
Chinese_wine,7,2,2,5,KNN,Time_Warping,9,"{'sigma': 0.1, 'knot': 6}",0.6233333333333333,0.613362798344665,"{'algorithm': 'auto', 'leaf_size': 30, 'metric': 'euclidean', 'metric_params': None, 'n_jobs': None, 'n_neighbors': np.int64(9), 'p': 2, 'weights': 'distance'}",0.1417238712310791
Chinese_wine,7,2,2,5,RandomForest,Time_Warping,9,"{'sigma': 0.1, 'knot': 6}",0.5398888888888889,0.5192382028913642,"{'bootstrap': True, 'ccp_alpha': 0.0, 'class_weight': 'balanced', 'criterion': 'gini', 'max_depth': None, 'max_features': 'sqrt', 'max_leaf_nodes': None, 'max_samples': None, 'min_impurity_decrease': 0.0, 'min_samples_leaf': 1, 'min_samples_split': 2, 'min_weight_fraction_leaf': 0.0, 'monotonic_cst': None, 'n_estimators': 50, 'n_jobs': None, 'oob_score': False, 'random_state': 42, 'verbose': 0, 'warm_start': False}",1.0992515087127686
Chinese_wine,7,2,2,5,LinearSVC,Time_Warping,9,"{'sigma': 0.1, 'knot': 6}",0.47788888888888886,0.41758474445527743,"{'C': np.float64(183.29807108324337), 'class_weight': 'balanced', 'dual': False, 'fit_intercept': True, 'intercept_scaling': 1, 'loss': 'squared_hinge', 'max_iter': 100, 'multi_class': 'ovr', 'penalty': 'l1', 'random_state': 42, 'tol': 0.0001, 'verbose': 0}",0.14725470542907715
Chinese_wine,7,2,2,5,LogisticRegression,Time_Warping,9,"{'sigma': 0.1, 'knot': 6}",0.5083333333333333,0.4887158706644843,"{'C': np.float64(33.59818286283781), 'class_weight': 'balanced', 'dual': False, 'fit_intercept': True, 'intercept_scaling': 1, 'l1_ratio': None, 'max_iter': 100, 'multi_class': 'deprecated', 'n_jobs': None, 'penalty': 'l1', 'random_state': 42, 'solver': 'saga', 'tol': 0.0001, 'verbose': 0, 'warm_start': False}",0.533388614654541
Chinese_wine,7,2,2,5,KNN,Time_Warping,10,"{'sigma': 0.1, 'knot': 8}",0.6302222222222222,0.6212797209427714,"{'algorithm': 'auto', 'leaf_size': 30, 'metric': 'minkowski', 'metric_params': None, 'n_jobs': None, 'n_neighbors': np.int64(11), 'p': 4, 'weights': 'distance'}",0.5279455184936523
Chinese_wine,7,2,2,5,RandomForest,Time_Warping,10,"{'sigma': 0.1, 'knot': 8}",0.5376666666666666,0.5194874861682334,"{'bootstrap': True, 'ccp_alpha': 0.0, 'class_weight': 'balanced', 'criterion': 'gini', 'max_depth': None, 'max_features': 'sqrt', 'max_leaf_nodes': None, 'max_samples': None, 'min_impurity_decrease': 0.0, 'min_samples_leaf': 1, 'min_samples_split': 5, 'min_weight_fraction_leaf': 0.0, 'monotonic_cst': None, 'n_estimators': 50, 'n_jobs': None, 'oob_score': False, 'random_state': 42, 'verbose': 0, 'warm_start': False}",1.1589007377624512
Chinese_wine,7,2,2,5,LinearSVC,Time_Warping,10,"{'sigma': 0.1, 'knot': 8}",0.47433333333333333,0.4036505439008044,"{'C': np.float64(183.29807108324337), 'class_weight': 'balanced', 'dual': False, 'fit_intercept': True, 'intercept_scaling': 1, 'loss': 'squared_hinge', 'max_iter': 100, 'multi_class': 'ovr', 'penalty': 'l1', 'random_state': 42, 'tol': 0.0001, 'verbose': 0}",0.14770889282226562
Chinese_wine,7,2,2,5,LogisticRegression,Time_Warping,10,"{'sigma': 0.1, 'knot': 8}",0.512,0.48312892223965354,"{'C': np.float64(1000.0), 'class_weight': 'balanced', 'dual': False, 'fit_intercept': True, 'intercept_scaling': 1, 'l1_ratio': None, 'max_iter': 100, 'multi_class': 'deprecated', 'n_jobs': None, 'penalty': 'l2', 'random_state': 42, 'solver': 'sag', 'tol': 0.0001, 'verbose': 0, 'warm_start': False}",0.12209033966064453
Chinese_wine,7,2,2,10,KNN,Time_Warping,1,"{'sigma': 0.2, 'knot': 4}",0.6272222222222222,0.6208305778900493,"{'algorithm': 'auto', 'leaf_size': 30, 'metric': 'euclidean', 'metric_params': None, 'n_jobs': None, 'n_neighbors': np.int64(9), 'p': 2, 'weights': 'distance'}",0.19068026542663574
Chinese_wine,7,2,2,10,RandomForest,Time_Warping,1,"{'sigma': 0.2, 'knot': 4}",0.49733333333333335,0.48368625650244446,"{'bootstrap': True, 'ccp_alpha': 0.0, 'class_weight': None, 'criterion': 'gini', 'max_depth': 20, 'max_features': 'sqrt', 'max_leaf_nodes': None, 'max_samples': None, 'min_impurity_decrease': 0.0, 'min_samples_leaf': 1, 'min_samples_split': 5, 'min_weight_fraction_leaf': 0.0, 'monotonic_cst': None, 'n_estimators': 150, 'n_jobs': None, 'oob_score': False, 'random_state': 42, 'verbose': 0, 'warm_start': False}",7.466094017028809
Chinese_wine,7,2,2,10,LinearSVC,Time_Warping,1,"{'sigma': 0.2, 'knot': 4}",0.37577777777777777,0.28015796301471163,"{'C': np.float64(2.6366508987303554), 'class_weight': 'balanced', 'dual': False, 'fit_intercept': True, 'intercept_scaling': 1, 'loss': 'squared_hinge', 'max_iter': 100, 'multi_class': 'ovr', 'penalty': 'l1', 'random_state': 42, 'tol': 0.0001, 'verbose': 0}",0.1232302188873291
Chinese_wine,7,2,2,10,LogisticRegression,Time_Warping,1,"{'sigma': 0.2, 'knot': 4}",0.2762222222222222,0.1937082404519277,"{'C': np.float64(0.000545559478116852), 'class_weight': None, 'dual': False, 'fit_intercept': True, 'intercept_scaling': 1, 'l1_ratio': None, 'max_iter': 100, 'multi_class': 'deprecated', 'n_jobs': None, 'penalty': 'l2', 'random_state': 42, 'solver': 'saga', 'tol': 0.0001, 'verbose': 0, 'warm_start': False}",0.14379191398620605
Chinese_wine,7,2,2,10,KNN,Time_Warping,2,"{'sigma': 0.2, 'knot': 3}",0.6115555555555555,0.6002571119902552,"{'algorithm': 'auto', 'leaf_size': 30, 'metric': 'minkowski', 'metric_params': None, 'n_jobs': None, 'n_neighbors': np.int64(11), 'p': 4, 'weights': 'distance'}",0.732973575592041
Chinese_wine,7,2,2,10,RandomForest,Time_Warping,2,"{'sigma': 0.2, 'knot': 3}",0.5405555555555556,0.5276265778147649,"{'bootstrap': True, 'ccp_alpha': 0.0, 'class_weight': 'balanced', 'criterion': 'gini', 'max_depth': None, 'max_features': 'sqrt', 'max_leaf_nodes': None, 'max_samples': None, 'min_impurity_decrease': 0.0, 'min_samples_leaf': 2, 'min_samples_split': 2, 'min_weight_fraction_leaf': 0.0, 'monotonic_cst': None, 'n_estimators': 150, 'n_jobs': None, 'oob_score': False, 'random_state': 42, 'verbose': 0, 'warm_start': False}",7.949294567108154
Chinese_wine,7,2,2,10,LinearSVC,Time_Warping,2,"{'sigma': 0.2, 'knot': 3}",0.35655555555555557,0.26415403519887826,"{'C': np.float64(33.59818286283781), 'class_weight': 'balanced', 'dual': False, 'fit_intercept': True, 'intercept_scaling': 1, 'loss': 'squared_hinge', 'max_iter': 100, 'multi_class': 'ovr', 'penalty': 'l1', 'random_state': 42, 'tol': 0.001, 'verbose': 0}",0.09218406677246094
Chinese_wine,7,2,2,10,LogisticRegression,Time_Warping,2,"{'sigma': 0.2, 'knot': 3}",0.3884444444444444,0.3674809063112538,"{'C': np.float64(33.59818286283781), 'class_weight': 'balanced', 'dual': False, 'fit_intercept': True, 'intercept_scaling': 1, 'l1_ratio': None, 'max_iter': 100, 'multi_class': 'deprecated', 'n_jobs': None, 'penalty': 'l2', 'random_state': 42, 'solver': 'saga', 'tol': 0.0001, 'verbose': 0, 'warm_start': False}",0.16139435768127441
Chinese_wine,7,2,2,10,KNN,Time_Warping,3,"{'sigma': 0.5, 'knot': 4}",0.6,0.5899748001186801,"{'algorithm': 'auto', 'leaf_size': 30, 'metric': 'minkowski', 'metric_params': None, 'n_jobs': None, 'n_neighbors': np.int64(17), 'p': 4, 'weights': 'distance'}",0.6335310935974121
Chinese_wine,7,2,2,10,RandomForest,Time_Warping,3,"{'sigma': 0.5, 'knot': 4}",0.5158888888888888,0.5078458733608131,"{'bootstrap': True, 'ccp_alpha': 0.0, 'class_weight': None, 'criterion': 'gini', 'max_depth': None, 'max_features': 'sqrt', 'max_leaf_nodes': None, 'max_samples': None, 'min_impurity_decrease': 0.0, 'min_samples_leaf': 4, 'min_samples_split': 2, 'min_weight_fraction_leaf': 0.0, 'monotonic_cst': None, 'n_estimators': 50, 'n_jobs': None, 'oob_score': False, 'random_state': 42, 'verbose': 0, 'warm_start': False}",2.588474988937378
Chinese_wine,7,2,2,10,LinearSVC,Time_Warping,3,"{'sigma': 0.5, 'knot': 4}",0.254,0.18304960854154945,"{'C': np.float64(183.29807108324337), 'class_weight': 'balanced', 'dual': False, 'fit_intercept': True, 'intercept_scaling': 1, 'loss': 'squared_hinge', 'max_iter': 100, 'multi_class': 'ovr', 'penalty': 'l1', 'random_state': 42, 'tol': 0.0001, 'verbose': 0}",0.07243871688842773
Chinese_wine,7,2,2,10,LogisticRegression,Time_Warping,3,"{'sigma': 0.5, 'knot': 4}",0.26033333333333336,0.2112485303282464,"{'C': np.float64(33.59818286283781), 'class_weight': 'balanced', 'dual': False, 'fit_intercept': True, 'intercept_scaling': 1, 'l1_ratio': None, 'max_iter': 100, 'multi_class': 'deprecated', 'n_jobs': None, 'penalty': 'l1', 'random_state': 42, 'solver': 'saga', 'tol': 0.0001, 'verbose': 0, 'warm_start': False}",1.448556900024414
Chinese_wine,7,2,2,10,KNN,Time_Warping,4,"{'sigma': 0.05, 'knot': 8}",0.6148888888888889,0.6030579338470443,"{'algorithm': 'auto', 'leaf_size': 30, 'metric': 'minkowski', 'metric_params': None, 'n_jobs': None, 'n_neighbors': np.int64(17), 'p': 4, 'weights': 'distance'}",0.8421096801757812
Chinese_wine,7,2,2,10,RandomForest,Time_Warping,4,"{'sigma': 0.05, 'knot': 8}",0.521,0.5006757240763515,"{'bootstrap': True, 'ccp_alpha': 0.0, 'class_weight': 'balanced', 'criterion': 'gini', 'max_depth': 20, 'max_features': 'sqrt', 'max_leaf_nodes': None, 'max_samples': None, 'min_impurity_decrease': 0.0, 'min_samples_leaf': 2, 'min_samples_split': 5, 'min_weight_fraction_leaf': 0.0, 'monotonic_cst': None, 'n_estimators': 50, 'n_jobs': None, 'oob_score': False, 'random_state': 42, 'verbose': 0, 'warm_start': False}",2.2534852027893066
Chinese_wine,7,2,2,10,LinearSVC,Time_Warping,4,"{'sigma': 0.05, 'knot': 8}",0.5266666666666666,0.4728896155778297,"{'C': np.float64(183.29807108324337), 'class_weight': 'balanced', 'dual': False, 'fit_intercept': True, 'intercept_scaling': 1, 'loss': 'squared_hinge', 'max_iter': 100, 'multi_class': 'ovr', 'penalty': 'l1', 'random_state': 42, 'tol': 0.0001, 'verbose': 0}",0.3606455326080322
Chinese_wine,7,2,2,10,LogisticRegression,Time_Warping,4,"{'sigma': 0.05, 'knot': 8}",0.5532222222222222,0.5304832709991353,"{'C': np.float64(1000.0), 'class_weight': 'balanced', 'dual': False, 'fit_intercept': True, 'intercept_scaling': 1, 'l1_ratio': None, 'max_iter': 100, 'multi_class': 'deprecated', 'n_jobs': None, 'penalty': 'l2', 'random_state': 42, 'solver': 'sag', 'tol': 0.0001, 'verbose': 0, 'warm_start': False}",0.24426960945129395
Chinese_wine,7,2,2,10,KNN,Time_Warping,5,"{'sigma': 0.1, 'knot': 4}",0.6144444444444445,0.6015019097129187,"{'algorithm': 'auto', 'leaf_size': 30, 'metric': 'minkowski', 'metric_params': None, 'n_jobs': None, 'n_neighbors': np.int64(15), 'p': 4, 'weights': 'distance'}",0.9630651473999023
Chinese_wine,7,2,2,10,RandomForest,Time_Warping,5,"{'sigma': 0.1, 'knot': 4}",0.5247777777777778,0.5062684288602286,"{'bootstrap': True, 'ccp_alpha': 0.0, 'class_weight': 'balanced', 'criterion': 'gini', 'max_depth': 30, 'max_features': 'sqrt', 'max_leaf_nodes': None, 'max_samples': None, 'min_impurity_decrease': 0.0, 'min_samples_leaf': 1, 'min_samples_split': 2, 'min_weight_fraction_leaf': 0.0, 'monotonic_cst': None, 'n_estimators': 150, 'n_jobs': None, 'oob_score': False, 'random_state': 42, 'verbose': 0, 'warm_start': False}",7.4197797775268555
Chinese_wine,7,2,2,10,LinearSVC,Time_Warping,5,"{'sigma': 0.1, 'knot': 4}",0.4543333333333333,0.38292007286388385,"{'C': np.float64(2.6366508987303554), 'class_weight': 'balanced', 'dual': False, 'fit_intercept': True, 'intercept_scaling': 1, 'loss': 'squared_hinge', 'max_iter': 100, 'multi_class': 'ovr', 'penalty': 'l1', 'random_state': 42, 'tol': 0.0001, 'verbose': 0}",0.22730517387390137
Chinese_wine,7,2,2,10,LogisticRegression,Time_Warping,5,"{'sigma': 0.1, 'knot': 4}",0.4882222222222222,0.4656043859938922,"{'C': np.float64(33.59818286283781), 'class_weight': 'balanced', 'dual': False, 'fit_intercept': True, 'intercept_scaling': 1, 'l1_ratio': None, 'max_iter': 100, 'multi_class': 'deprecated', 'n_jobs': None, 'penalty': 'l1', 'random_state': 42, 'solver': 'saga', 'tol': 0.0001, 'verbose': 0, 'warm_start': False}",1.220515489578247
Chinese_wine,7,2,2,10,KNN,Time_Warping,6,"{'sigma': 0.3, 'knot': 6}",0.6151111111111112,0.601305315099397,"{'algorithm': 'auto', 'leaf_size': 30, 'metric': 'minkowski', 'metric_params': None, 'n_jobs': None, 'n_neighbors': np.int64(11), 'p': 4, 'weights': 'distance'}",0.7119145393371582
Chinese_wine,7,2,2,10,RandomForest,Time_Warping,6,"{'sigma': 0.3, 'knot': 6}",0.4991111111111111,0.48567601148726447,"{'bootstrap': True, 'ccp_alpha': 0.0, 'class_weight': None, 'criterion': 'gini', 'max_depth': 30, 'max_features': 'sqrt', 'max_leaf_nodes': None, 'max_samples': None, 'min_impurity_decrease': 0.0, 'min_samples_leaf': 4, 'min_samples_split': 2, 'min_weight_fraction_leaf': 0.0, 'monotonic_cst': None, 'n_estimators': 50, 'n_jobs': None, 'oob_score': False, 'random_state': 42, 'verbose': 0, 'warm_start': False}",2.3152828216552734
Chinese_wine,7,2,2,10,LinearSVC,Time_Warping,6,"{'sigma': 0.3, 'knot': 6}",0.33355555555555555,0.23912931777969365,"{'C': np.float64(183.29807108324337), 'class_weight': 'balanced', 'dual': False, 'fit_intercept': True, 'intercept_scaling': 1, 'loss': 'squared_hinge', 'max_iter': 100, 'multi_class': 'ovr', 'penalty': 'l1', 'random_state': 42, 'tol': 0.0001, 'verbose': 0}",0.10457277297973633
Chinese_wine,7,2,2,10,LogisticRegression,Time_Warping,6,"{'sigma': 0.3, 'knot': 6}",0.3527777777777778,0.32409169200624655,"{'C': np.float64(33.59818286283781), 'class_weight': 'balanced', 'dual': False, 'fit_intercept': True, 'intercept_scaling': 1, 'l1_ratio': None, 'max_iter': 100, 'multi_class': 'deprecated', 'n_jobs': None, 'penalty': 'l2', 'random_state': 42, 'solver': 'saga', 'tol': 0.0001, 'verbose': 0, 'warm_start': False}",0.17976951599121094
Chinese_wine,7,2,2,10,KNN,Time_Warping,7,"{'sigma': 0.05, 'knot': 6}",0.6193333333333333,0.6067063287179031,"{'algorithm': 'auto', 'leaf_size': 30, 'metric': 'euclidean', 'metric_params': None, 'n_jobs': None, 'n_neighbors': np.int64(9), 'p': 2, 'weights': 'distance'}",0.1982581615447998
Chinese_wine,7,2,2,10,RandomForest,Time_Warping,7,"{'sigma': 0.05, 'knot': 6}",0.528,0.5066667755499608,"{'bootstrap': True, 'ccp_alpha': 0.0, 'class_weight': None, 'criterion': 'gini', 'max_depth': 20, 'max_features': 'sqrt', 'max_leaf_nodes': None, 'max_samples': None, 'min_impurity_decrease': 0.0, 'min_samples_leaf': 1, 'min_samples_split': 2, 'min_weight_fraction_leaf': 0.0, 'monotonic_cst': None, 'n_estimators': 100, 'n_jobs': None, 'oob_score': False, 'random_state': 42, 'verbose': 0, 'warm_start': False}",4.507095813751221
Chinese_wine,7,2,2,10,LinearSVC,Time_Warping,7,"{'sigma': 0.05, 'knot': 6}",0.5192222222222223,0.4659095693708892,"{'C': np.float64(1000.0), 'class_weight': 'balanced', 'dual': False, 'fit_intercept': True, 'intercept_scaling': 1, 'loss': 'squared_hinge', 'max_iter': 100, 'multi_class': 'ovr', 'penalty': 'l2', 'random_state': 42, 'tol': 0.001, 'verbose': 0}",0.10016369819641113
Chinese_wine,7,2,2,10,LogisticRegression,Time_Warping,7,"{'sigma': 0.05, 'knot': 6}",0.5437777777777778,0.5205954619595327,"{'C': np.float64(33.59818286283781), 'class_weight': 'balanced', 'dual': False, 'fit_intercept': True, 'intercept_scaling': 1, 'l1_ratio': None, 'max_iter': 100, 'multi_class': 'deprecated', 'n_jobs': None, 'penalty': 'l1', 'random_state': 42, 'solver': 'saga', 'tol': 0.0001, 'verbose': 0, 'warm_start': False}",0.22303223609924316
Chinese_wine,7,2,2,10,KNN,Time_Warping,8,"{'sigma': 0.3, 'knot': 6}",0.6053333333333333,0.5932955032026673,"{'algorithm': 'auto', 'leaf_size': 30, 'metric': 'minkowski', 'metric_params': None, 'n_jobs': None, 'n_neighbors': np.int64(15), 'p': 4, 'weights': 'distance'}",0.822199821472168
Chinese_wine,7,2,2,10,RandomForest,Time_Warping,8,"{'sigma': 0.3, 'knot': 6}",0.5254444444444445,0.5083623272622666,"{'bootstrap': True, 'ccp_alpha': 0.0, 'class_weight': 'balanced', 'criterion': 'gini', 'max_depth': None, 'max_features': 'sqrt', 'max_leaf_nodes': None, 'max_samples': None, 'min_impurity_decrease': 0.0, 'min_samples_leaf': 4, 'min_samples_split': 2, 'min_weight_fraction_leaf': 0.0, 'monotonic_cst': None, 'n_estimators': 50, 'n_jobs': None, 'oob_score': False, 'random_state': 42, 'verbose': 0, 'warm_start': False}",2.4222874641418457
Chinese_wine,7,2,2,10,LinearSVC,Time_Warping,8,"{'sigma': 0.3, 'knot': 6}",0.3348888888888889,0.23351526894730093,"{'C': np.float64(2.6366508987303554), 'class_weight': 'balanced', 'dual': False, 'fit_intercept': True, 'intercept_scaling': 1, 'loss': 'squared_hinge', 'max_iter': 100, 'multi_class': 'ovr', 'penalty': 'l1', 'random_state': 42, 'tol': 0.0001, 'verbose': 0}",0.10384631156921387
Chinese_wine,7,2,2,10,LogisticRegression,Time_Warping,8,"{'sigma': 0.3, 'knot': 6}",0.37122222222222223,0.3337576298828449,"{'C': np.float64(33.59818286283781), 'class_weight': 'balanced', 'dual': False, 'fit_intercept': True, 'intercept_scaling': 1, 'l1_ratio': None, 'max_iter': 100, 'multi_class': 'deprecated', 'n_jobs': None, 'penalty': 'l2', 'random_state': 42, 'solver': 'saga', 'tol': 0.0001, 'verbose': 0, 'warm_start': False}",0.1836862564086914
Chinese_wine,7,2,2,10,KNN,Time_Warping,9,"{'sigma': 0.1, 'knot': 6}",0.6214444444444445,0.6058179269256888,"{'algorithm': 'auto', 'leaf_size': 30, 'metric': 'manhattan', 'metric_params': None, 'n_jobs': None, 'n_neighbors': np.int64(5), 'p': 2, 'weights': 'distance'}",0.30872559547424316
Chinese_wine,7,2,2,10,RandomForest,Time_Warping,9,"{'sigma': 0.1, 'knot': 6}",0.5271111111111111,0.5074633557529767,"{'bootstrap': True, 'ccp_alpha': 0.0, 'class_weight': 'balanced', 'criterion': 'gini', 'max_depth': None, 'max_features': 'sqrt', 'max_leaf_nodes': None, 'max_samples': None, 'min_impurity_decrease': 0.0, 'min_samples_leaf': 1, 'min_samples_split': 2, 'min_weight_fraction_leaf': 0.0, 'monotonic_cst': None, 'n_estimators': 50, 'n_jobs': None, 'oob_score': False, 'random_state': 42, 'verbose': 0, 'warm_start': False}",2.615630626678467
Chinese_wine,7,2,2,10,LinearSVC,Time_Warping,9,"{'sigma': 0.1, 'knot': 6}",0.45944444444444443,0.38343207552066133,"{'C': np.float64(2.6366508987303554), 'class_weight': 'balanced', 'dual': False, 'fit_intercept': True, 'intercept_scaling': 1, 'loss': 'squared_hinge', 'max_iter': 100, 'multi_class': 'ovr', 'penalty': 'l1', 'random_state': 42, 'tol': 0.0001, 'verbose': 0}",0.23560428619384766
Chinese_wine,7,2,2,10,LogisticRegression,Time_Warping,9,"{'sigma': 0.1, 'knot': 6}",0.40166666666666667,0.33968819178515613,"{'C': np.float64(0.002976351441631319), 'class_weight': None, 'dual': False, 'fit_intercept': True, 'intercept_scaling': 1, 'l1_ratio': None, 'max_iter': 100, 'multi_class': 'deprecated', 'n_jobs': None, 'penalty': 'l2', 'random_state': 42, 'solver': 'saga', 'tol': 0.0001, 'verbose': 0, 'warm_start': False}",0.1508333683013916
Chinese_wine,7,2,2,10,KNN,Time_Warping,10,"{'sigma': 0.1, 'knot': 8}",0.6268888888888889,0.6176287551013245,"{'algorithm': 'auto', 'leaf_size': 30, 'metric': 'euclidean', 'metric_params': None, 'n_jobs': None, 'n_neighbors': np.int64(9), 'p': 2, 'weights': 'distance'}",0.17651128768920898
Chinese_wine,7,2,2,10,RandomForest,Time_Warping,10,"{'sigma': 0.1, 'knot': 8}",0.5253333333333333,0.5045575547178086,"{'bootstrap': True, 'ccp_alpha': 0.0, 'class_weight': 'balanced', 'criterion': 'gini', 'max_depth': 20, 'max_features': 'sqrt', 'max_leaf_nodes': None, 'max_samples': None, 'min_impurity_decrease': 0.0, 'min_samples_leaf': 2, 'min_samples_split': 5, 'min_weight_fraction_leaf': 0.0, 'monotonic_cst': None, 'n_estimators': 50, 'n_jobs': None, 'oob_score': False, 'random_state': 42, 'verbose': 0, 'warm_start': False}",2.341747760772705
Chinese_wine,7,2,2,10,LinearSVC,Time_Warping,10,"{'sigma': 0.1, 'knot': 8}",0.4647777777777778,0.39058769478697,"{'C': np.float64(33.59818286283781), 'class_weight': 'balanced', 'dual': False, 'fit_intercept': True, 'intercept_scaling': 1, 'loss': 'squared_hinge', 'max_iter': 100, 'multi_class': 'ovr', 'penalty': 'l1', 'random_state': 42, 'tol': 0.0001, 'verbose': 0}",0.2706623077392578
Chinese_wine,7,2,2,10,LogisticRegression,Time_Warping,10,"{'sigma': 0.1, 'knot': 8}",0.526,0.5044212491481828,"{'C': np.float64(33.59818286283781), 'class_weight': 'balanced', 'dual': False, 'fit_intercept': True, 'intercept_scaling': 1, 'l1_ratio': None, 'max_iter': 100, 'multi_class': 'deprecated', 'n_jobs': None, 'penalty': 'l1', 'random_state': 42, 'solver': 'saga', 'tol': 0.0001, 'verbose': 0, 'warm_start': False}",1.2284889221191406
Chinese_wine,7,2,3,1,KNN,Baseline,N/A,N/A,0.6378888888888888,0.6311675637249827,"{'algorithm': 'auto', 'leaf_size': 30, 'metric': 'minkowski', 'metric_params': None, 'n_jobs': None, 'n_neighbors': 5, 'p': 2, 'weights': 'uniform'}",0.31168150901794434
Chinese_wine,7,2,3,1,KNN,Tuned_Baseline,N/A,N/A,0.6244444444444445,0.6188655048407751,"{'algorithm': 'auto', 'leaf_size': 30, 'metric': 'chebyshev', 'metric_params': None, 'n_jobs': None, 'n_neighbors': np.int64(11), 'p': 2, 'weights': 'distance'}",0.03626728057861328
Chinese_wine,7,2,3,1,RandomForest,Baseline,N/A,N/A,0.5882222222222222,0.5780585191301562,"{'bootstrap': True, 'ccp_alpha': 0.0, 'class_weight': None, 'criterion': 'gini', 'max_depth': None, 'max_features': 'sqrt', 'max_leaf_nodes': None, 'max_samples': None, 'min_impurity_decrease': 0.0, 'min_samples_leaf': 1, 'min_samples_split': 2, 'min_weight_fraction_leaf': 0.0, 'monotonic_cst': None, 'n_estimators': 100, 'n_jobs': None, 'oob_score': False, 'random_state': 42, 'verbose': 0, 'warm_start': False}",0.47821593284606934
Chinese_wine,7,2,3,1,RandomForest,Tuned_Baseline,N/A,N/A,0.5867777777777777,0.5770161312958751,"{'bootstrap': True, 'ccp_alpha': 0.0, 'class_weight': 'balanced', 'criterion': 'gini', 'max_depth': 30, 'max_features': 'sqrt', 'max_leaf_nodes': None, 'max_samples': None, 'min_impurity_decrease': 0.0, 'min_samples_leaf': 1, 'min_samples_split': 2, 'min_weight_fraction_leaf': 0.0, 'monotonic_cst': None, 'n_estimators': 150, 'n_jobs': None, 'oob_score': False, 'random_state': 42, 'verbose': 0, 'warm_start': False}",0.07057690620422363
Chinese_wine,7,2,3,1,LinearSVC,Baseline,N/A,N/A,0.6245555555555555,0.6101897384693566,"{'C': 1.0, 'class_weight': None, 'dual': False, 'fit_intercept': True, 'intercept_scaling': 1, 'loss': 'squared_hinge', 'max_iter': 100, 'multi_class': 'ovr', 'penalty': 'l2', 'random_state': 42, 'tol': 0.0001, 'verbose': 0}",0.013315200805664062
Chinese_wine,7,2,3,1,LinearSVC,Tuned_Baseline,N/A,N/A,0.6272222222222222,0.6166544262607869,"{'C': np.float64(6.1584821106602545), 'class_weight': None, 'dual': False, 'fit_intercept': True, 'intercept_scaling': 1, 'loss': 'squared_hinge', 'max_iter': 100, 'multi_class': 'ovr', 'penalty': 'l2', 'random_state': 42, 'tol': 0.0001, 'verbose': 0}",0.0009331703186035156
Chinese_wine,7,2,3,1,LogisticRegression,Baseline,N/A,N/A,0.6362222222222222,0.6269998093093735,"{'C': 1.0, 'class_weight': None, 'dual': False, 'fit_intercept': True, 'intercept_scaling': 1, 'l1_ratio': None, 'max_iter': 100, 'multi_class': 'deprecated', 'n_jobs': None, 'penalty': 'l2', 'random_state': 42, 'solver': 'lbfgs', 'tol': 0.0001, 'verbose': 0, 'warm_start': False}",0.06824278831481934
Chinese_wine,7,2,3,1,LogisticRegression,Tuned_Baseline,N/A,N/A,0.6552222222222223,0.648147697783451,"{'C': np.float64(33.59818286283781), 'class_weight': 'balanced', 'dual': False, 'fit_intercept': True, 'intercept_scaling': 1, 'l1_ratio': None, 'max_iter': 100, 'multi_class': 'deprecated', 'n_jobs': None, 'penalty': 'l2', 'random_state': 42, 'solver': 'saga', 'tol': 0.0001, 'verbose': 0, 'warm_start': False}",0.0009050369262695312
Chinese_wine,7,2,3,1,RNN,Tuned_Baseline,N/A,N/A,0.1,0.018181818181818184,"{'hidden_size': 64, 'epochs': 10, 'batch_size': 32, 'lr': 0.001}",3.24249267578125e-05
Chinese_wine,7,2,3,2,KNN,Time_Warping,1,"{'sigma': 0.2, 'knot': 4}",0.6354444444444445,0.6302929542635166,"{'algorithm': 'auto', 'leaf_size': 30, 'metric': 'minkowski', 'metric_params': None, 'n_jobs': None, 'n_neighbors': np.int64(5), 'p': 3, 'weights': 'distance'}",0.2800137996673584
Chinese_wine,7,2,3,2,RandomForest,Time_Warping,1,"{'sigma': 0.2, 'knot': 4}",0.5708888888888889,0.5623246744512339,"{'bootstrap': True, 'ccp_alpha': 0.0, 'class_weight': 'balanced', 'criterion': 'gini', 'max_depth': None, 'max_features': 'sqrt', 'max_leaf_nodes': None, 'max_samples': None, 'min_impurity_decrease': 0.0, 'min_samples_leaf': 2, 'min_samples_split': 2, 'min_weight_fraction_leaf': 0.0, 'monotonic_cst': None, 'n_estimators': 150, 'n_jobs': None, 'oob_score': False, 'random_state': 42, 'verbose': 0, 'warm_start': False}",1.3791027069091797
Chinese_wine,7,2,3,2,LinearSVC,Time_Warping,1,"{'sigma': 0.2, 'knot': 4}",0.4701111111111111,0.418670488768761,"{'C': np.float64(0.2069138081114788), 'class_weight': 'balanced', 'dual': False, 'fit_intercept': True, 'intercept_scaling': 1, 'loss': 'squared_hinge', 'max_iter': 100, 'multi_class': 'ovr', 'penalty': 'l2', 'random_state': 42, 'tol': 0.0001, 'verbose': 0}",0.018101930618286133
Chinese_wine,7,2,3,2,LogisticRegression,Time_Warping,1,"{'sigma': 0.2, 'knot': 4}",0.5272222222222223,0.5146583003191012,"{'C': np.float64(33.59818286283781), 'class_weight': 'balanced', 'dual': False, 'fit_intercept': True, 'intercept_scaling': 1, 'l1_ratio': None, 'max_iter': 100, 'multi_class': 'deprecated', 'n_jobs': None, 'penalty': 'l1', 'random_state': 42, 'solver': 'saga', 'tol': 0.0001, 'verbose': 0, 'warm_start': False}",0.05451536178588867
Chinese_wine,7,2,3,2,KNN,Time_Warping,2,"{'sigma': 0.2, 'knot': 3}",0.6195555555555555,0.6140451976849067,"{'algorithm': 'auto', 'leaf_size': 30, 'metric': 'minkowski', 'metric_params': None, 'n_jobs': None, 'n_neighbors': np.int64(11), 'p': 4, 'weights': 'distance'}",0.3411080837249756
Chinese_wine,7,2,3,2,RandomForest,Time_Warping,2,"{'sigma': 0.2, 'knot': 3}",0.5736666666666667,0.5609779013193317,"{'bootstrap': True, 'ccp_alpha': 0.0, 'class_weight': 'balanced', 'criterion': 'gini', 'max_depth': 30, 'max_features': 'sqrt', 'max_leaf_nodes': None, 'max_samples': None, 'min_impurity_decrease': 0.0, 'min_samples_leaf': 1, 'min_samples_split': 2, 'min_weight_fraction_leaf': 0.0, 'monotonic_cst': None, 'n_estimators': 150, 'n_jobs': None, 'oob_score': False, 'random_state': 42, 'verbose': 0, 'warm_start': False}",1.2881581783294678
Chinese_wine,7,2,3,2,LinearSVC,Time_Warping,2,"{'sigma': 0.2, 'knot': 3}",0.4598888888888889,0.38781549504005725,"{'C': np.float64(2.6366508987303554), 'class_weight': 'balanced', 'dual': False, 'fit_intercept': True, 'intercept_scaling': 1, 'loss': 'squared_hinge', 'max_iter': 100, 'multi_class': 'ovr', 'penalty': 'l1', 'random_state': 42, 'tol': 0.0001, 'verbose': 0}",0.04203438758850098
Chinese_wine,7,2,3,2,LogisticRegression,Time_Warping,2,"{'sigma': 0.2, 'knot': 3}",0.515,0.4957272807405824,"{'C': np.float64(1000.0), 'class_weight': 'balanced', 'dual': False, 'fit_intercept': True, 'intercept_scaling': 1, 'l1_ratio': None, 'max_iter': 100, 'multi_class': 'deprecated', 'n_jobs': None, 'penalty': 'l2', 'random_state': 42, 'solver': 'sag', 'tol': 0.0001, 'verbose': 0, 'warm_start': False}",0.05264472961425781
Chinese_wine,7,2,3,2,KNN,Time_Warping,3,"{'sigma': 0.5, 'knot': 4}",0.6187777777777778,0.6143674104933157,"{'algorithm': 'auto', 'leaf_size': 30, 'metric': 'chebyshev', 'metric_params': None, 'n_jobs': None, 'n_neighbors': np.int64(11), 'p': 2, 'weights': 'distance'}",0.05679440498352051
Chinese_wine,7,2,3,2,RandomForest,Time_Warping,3,"{'sigma': 0.5, 'knot': 4}",0.5736666666666667,0.5653834483946424,"{'bootstrap': True, 'ccp_alpha': 0.0, 'class_weight': 'balanced', 'criterion': 'gini', 'max_depth': 30, 'max_features': 'sqrt', 'max_leaf_nodes': None, 'max_samples': None, 'min_impurity_decrease': 0.0, 'min_samples_leaf': 1, 'min_samples_split': 2, 'min_weight_fraction_leaf': 0.0, 'monotonic_cst': None, 'n_estimators': 150, 'n_jobs': None, 'oob_score': False, 'random_state': 42, 'verbose': 0, 'warm_start': False}",1.2972123622894287
Chinese_wine,7,2,3,2,LinearSVC,Time_Warping,3,"{'sigma': 0.5, 'knot': 4}",0.3501111111111111,0.29175649485157,"{'C': np.float64(33.59818286283781), 'class_weight': 'balanced', 'dual': False, 'fit_intercept': True, 'intercept_scaling': 1, 'loss': 'squared_hinge', 'max_iter': 100, 'multi_class': 'ovr', 'penalty': 'l1', 'random_state': 42, 'tol': 0.0001, 'verbose': 0}",0.03306174278259277
Chinese_wine,7,2,3,2,LogisticRegression,Time_Warping,3,"{'sigma': 0.5, 'knot': 4}",0.381,0.37955025795969716,"{'C': np.float64(33.59818286283781), 'class_weight': None, 'dual': False, 'fit_intercept': True, 'intercept_scaling': 1, 'l1_ratio': None, 'max_iter': 100, 'multi_class': 'deprecated', 'n_jobs': None, 'penalty': 'l2', 'random_state': 42, 'solver': 'saga', 'tol': 0.0001, 'verbose': 0, 'warm_start': False}",0.0352020263671875
Chinese_wine,7,2,3,2,KNN,Time_Warping,4,"{'sigma': 0.05, 'knot': 8}",0.637,0.6299499351758584,"{'algorithm': 'auto', 'leaf_size': 30, 'metric': 'minkowski', 'metric_params': None, 'n_jobs': None, 'n_neighbors': np.int64(5), 'p': 3, 'weights': 'distance'}",0.2807316780090332
Chinese_wine,7,2,3,2,RandomForest,Time_Warping,4,"{'sigma': 0.05, 'knot': 8}",0.5827777777777777,0.5739970916093822,"{'bootstrap': True, 'ccp_alpha': 0.0, 'class_weight': 'balanced', 'criterion': 'gini', 'max_depth': None, 'max_features': 'sqrt', 'max_leaf_nodes': None, 'max_samples': None, 'min_impurity_decrease': 0.0, 'min_samples_leaf': 1, 'min_samples_split': 2, 'min_weight_fraction_leaf': 0.0, 'monotonic_cst': None, 'n_estimators': 50, 'n_jobs': None, 'oob_score': False, 'random_state': 42, 'verbose': 0, 'warm_start': False}",0.5369968414306641
Chinese_wine,7,2,3,2,LinearSVC,Time_Warping,4,"{'sigma': 0.05, 'knot': 8}",0.5623333333333334,0.5353275040374419,"{'C': np.float64(33.59818286283781), 'class_weight': None, 'dual': False, 'fit_intercept': True, 'intercept_scaling': 1, 'loss': 'squared_hinge', 'max_iter': 100, 'multi_class': 'ovr', 'penalty': 'l1', 'random_state': 42, 'tol': 0.001, 'verbose': 0}",0.07120037078857422
Chinese_wine,7,2,3,2,LogisticRegression,Time_Warping,4,"{'sigma': 0.05, 'knot': 8}",0.5977777777777777,0.5916847161842003,"{'C': np.float64(183.29807108324337), 'class_weight': 'balanced', 'dual': False, 'fit_intercept': True, 'intercept_scaling': 1, 'l1_ratio': None, 'max_iter': 100, 'multi_class': 'deprecated', 'n_jobs': None, 'penalty': 'l1', 'random_state': 42, 'solver': 'saga', 'tol': 0.0001, 'verbose': 0, 'warm_start': False}",0.24100327491760254
Chinese_wine,7,2,3,2,KNN,Time_Warping,5,"{'sigma': 0.1, 'knot': 4}",0.6426666666666667,0.6386334298483552,"{'algorithm': 'auto', 'leaf_size': 30, 'metric': 'minkowski', 'metric_params': None, 'n_jobs': None, 'n_neighbors': np.int64(5), 'p': 3, 'weights': 'distance'}",0.24863982200622559
Chinese_wine,7,2,3,2,RandomForest,Time_Warping,5,"{'sigma': 0.1, 'knot': 4}",0.566,0.5571950175168905,"{'bootstrap': True, 'ccp_alpha': 0.0, 'class_weight': 'balanced', 'criterion': 'gini', 'max_depth': None, 'max_features': 'sqrt', 'max_leaf_nodes': None, 'max_samples': None, 'min_impurity_decrease': 0.0, 'min_samples_leaf': 2, 'min_samples_split': 2, 'min_weight_fraction_leaf': 0.0, 'monotonic_cst': None, 'n_estimators': 150, 'n_jobs': None, 'oob_score': False, 'random_state': 42, 'verbose': 0, 'warm_start': False}",1.2626328468322754
Chinese_wine,7,2,3,2,LinearSVC,Time_Warping,5,"{'sigma': 0.1, 'knot': 4}",0.49477777777777776,0.44204236520334517,"{'C': np.float64(183.29807108324337), 'class_weight': 'balanced', 'dual': False, 'fit_intercept': True, 'intercept_scaling': 1, 'loss': 'squared_hinge', 'max_iter': 100, 'multi_class': 'ovr', 'penalty': 'l1', 'random_state': 42, 'tol': 0.0001, 'verbose': 0}",0.07536792755126953
Chinese_wine,7,2,3,2,LogisticRegression,Time_Warping,5,"{'sigma': 0.1, 'knot': 4}",0.5171111111111111,0.5042399645185146,"{'C': np.float64(1000.0), 'class_weight': 'balanced', 'dual': False, 'fit_intercept': True, 'intercept_scaling': 1, 'l1_ratio': None, 'max_iter': 100, 'multi_class': 'deprecated', 'n_jobs': None, 'penalty': 'l2', 'random_state': 42, 'solver': 'sag', 'tol': 0.0001, 'verbose': 0, 'warm_start': False}",0.04944491386413574
Chinese_wine,7,2,3,2,KNN,Time_Warping,6,"{'sigma': 0.3, 'knot': 6}",0.6193333333333333,0.6150882284584119,"{'algorithm': 'auto', 'leaf_size': 30, 'metric': 'chebyshev', 'metric_params': None, 'n_jobs': None, 'n_neighbors': np.int64(11), 'p': 2, 'weights': 'distance'}",0.046135902404785156
Chinese_wine,7,2,3,2,RandomForest,Time_Warping,6,"{'sigma': 0.3, 'knot': 6}",0.47433333333333333,0.4696153691938898,"{'bootstrap': True, 'ccp_alpha': 0.0, 'class_weight': 'balanced', 'criterion': 'gini', 'max_depth': 10, 'max_features': 'sqrt', 'max_leaf_nodes': None, 'max_samples': None, 'min_impurity_decrease': 0.0, 'min_samples_leaf': 1, 'min_samples_split': 5, 'min_weight_fraction_leaf': 0.0, 'monotonic_cst': None, 'n_estimators': 50, 'n_jobs': None, 'oob_score': False, 'random_state': 42, 'verbose': 0, 'warm_start': False}",0.3767096996307373
Chinese_wine,7,2,3,2,LinearSVC,Time_Warping,6,"{'sigma': 0.3, 'knot': 6}",0.4588888888888889,0.374948080157352,"{'C': np.float64(0.4832930238571752), 'class_weight': 'balanced', 'dual': False, 'fit_intercept': True, 'intercept_scaling': 1, 'loss': 'squared_hinge', 'max_iter': 100, 'multi_class': 'ovr', 'penalty': 'l2', 'random_state': 42, 'tol': 0.0001, 'verbose': 0}",0.016930818557739258
Chinese_wine,7,2,3,2,LogisticRegression,Time_Warping,6,"{'sigma': 0.3, 'knot': 6}",0.4632222222222222,0.4508725919511133,"{'C': np.float64(33.59818286283781), 'class_weight': 'balanced', 'dual': False, 'fit_intercept': True, 'intercept_scaling': 1, 'l1_ratio': None, 'max_iter': 100, 'multi_class': 'deprecated', 'n_jobs': None, 'penalty': 'l2', 'random_state': 42, 'solver': 'saga', 'tol': 0.0001, 'verbose': 0, 'warm_start': False}",0.03433060646057129
Chinese_wine,7,2,3,2,KNN,Time_Warping,7,"{'sigma': 0.05, 'knot': 6}",0.6428888888888888,0.6368645200880292,"{'algorithm': 'auto', 'leaf_size': 30, 'metric': 'minkowski', 'metric_params': None, 'n_jobs': None, 'n_neighbors': np.int64(5), 'p': 3, 'weights': 'distance'}",0.28487324714660645
Chinese_wine,7,2,3,2,RandomForest,Time_Warping,7,"{'sigma': 0.05, 'knot': 6}",0.5783333333333334,0.5689446399937056,"{'bootstrap': True, 'ccp_alpha': 0.0, 'class_weight': 'balanced', 'criterion': 'gini', 'max_depth': 30, 'max_features': 'sqrt', 'max_leaf_nodes': None, 'max_samples': None, 'min_impurity_decrease': 0.0, 'min_samples_leaf': 1, 'min_samples_split': 2, 'min_weight_fraction_leaf': 0.0, 'monotonic_cst': None, 'n_estimators': 150, 'n_jobs': None, 'oob_score': False, 'random_state': 42, 'verbose': 0, 'warm_start': False}",1.2292191982269287
Chinese_wine,7,2,3,2,LinearSVC,Time_Warping,7,"{'sigma': 0.05, 'knot': 6}",0.5833333333333334,0.5579919913550341,"{'C': np.float64(6.1584821106602545), 'class_weight': None, 'dual': False, 'fit_intercept': True, 'intercept_scaling': 1, 'loss': 'squared_hinge', 'max_iter': 100, 'multi_class': 'ovr', 'penalty': 'l2', 'random_state': 42, 'tol': 0.0001, 'verbose': 0}",0.019831180572509766
Chinese_wine,7,2,3,2,LogisticRegression,Time_Warping,7,"{'sigma': 0.05, 'knot': 6}",0.607,0.6012581184018473,"{'C': np.float64(1000.0), 'class_weight': 'balanced', 'dual': False, 'fit_intercept': True, 'intercept_scaling': 1, 'l1_ratio': None, 'max_iter': 100, 'multi_class': 'deprecated', 'n_jobs': None, 'penalty': 'l2', 'random_state': 42, 'solver': 'sag', 'tol': 0.0001, 'verbose': 0, 'warm_start': False}",0.14129161834716797
Chinese_wine,7,2,3,2,KNN,Time_Warping,8,"{'sigma': 0.3, 'knot': 6}",0.6374444444444445,0.6325613423642873,"{'algorithm': 'auto', 'leaf_size': 30, 'metric': 'minkowski', 'metric_params': None, 'n_jobs': None, 'n_neighbors': np.int64(5), 'p': 3, 'weights': 'distance'}",0.2831711769104004
Chinese_wine,7,2,3,2,RandomForest,Time_Warping,8,"{'sigma': 0.3, 'knot': 6}",0.5653333333333334,0.5538972237118801,"{'bootstrap': True, 'ccp_alpha': 0.0, 'class_weight': 'balanced', 'criterion': 'gini', 'max_depth': 30, 'max_features': 'sqrt', 'max_leaf_nodes': None, 'max_samples': None, 'min_impurity_decrease': 0.0, 'min_samples_leaf': 1, 'min_samples_split': 2, 'min_weight_fraction_leaf': 0.0, 'monotonic_cst': None, 'n_estimators': 150, 'n_jobs': None, 'oob_score': False, 'random_state': 42, 'verbose': 0, 'warm_start': False}",1.3348069190979004
Chinese_wine,7,2,3,2,LinearSVC,Time_Warping,8,"{'sigma': 0.3, 'knot': 6}",0.43622222222222223,0.36856828809111003,"{'C': np.float64(0.4832930238571752), 'class_weight': 'balanced', 'dual': False, 'fit_intercept': True, 'intercept_scaling': 1, 'loss': 'squared_hinge', 'max_iter': 100, 'multi_class': 'ovr', 'penalty': 'l2', 'random_state': 42, 'tol': 0.0001, 'verbose': 0}",0.01876544952392578
Chinese_wine,7,2,3,2,LogisticRegression,Time_Warping,8,"{'sigma': 0.3, 'knot': 6}",0.5215555555555556,0.5096277671173126,"{'C': np.float64(2.6366508987303554), 'class_weight': 'balanced', 'dual': False, 'fit_intercept': True, 'intercept_scaling': 1, 'l1_ratio': None, 'max_iter': 100, 'multi_class': 'deprecated', 'n_jobs': None, 'penalty': 'l1', 'random_state': 42, 'solver': 'saga', 'tol': 0.0001, 'verbose': 0, 'warm_start': False}",0.15936636924743652
Chinese_wine,7,2,3,2,KNN,Time_Warping,9,"{'sigma': 0.1, 'knot': 6}",0.6373333333333333,0.6326925583138172,"{'algorithm': 'auto', 'leaf_size': 30, 'metric': 'minkowski', 'metric_params': None, 'n_jobs': None, 'n_neighbors': np.int64(5), 'p': 3, 'weights': 'distance'}",0.25538039207458496
Chinese_wine,7,2,3,2,RandomForest,Time_Warping,9,"{'sigma': 0.1, 'knot': 6}",0.5685555555555556,0.5636007436756948,"{'bootstrap': True, 'ccp_alpha': 0.0, 'class_weight': 'balanced', 'criterion': 'gini', 'max_depth': 30, 'max_features': 'sqrt', 'max_leaf_nodes': None, 'max_samples': None, 'min_impurity_decrease': 0.0, 'min_samples_leaf': 1, 'min_samples_split': 2, 'min_weight_fraction_leaf': 0.0, 'monotonic_cst': None, 'n_estimators': 150, 'n_jobs': None, 'oob_score': False, 'random_state': 42, 'verbose': 0, 'warm_start': False}",1.5098392963409424
Chinese_wine,7,2,3,2,LinearSVC,Time_Warping,9,"{'sigma': 0.1, 'knot': 6}",0.5252222222222223,0.47580774818416316,"{'C': np.float64(183.29807108324337), 'class_weight': 'balanced', 'dual': False, 'fit_intercept': True, 'intercept_scaling': 1, 'loss': 'squared_hinge', 'max_iter': 100, 'multi_class': 'ovr', 'penalty': 'l1', 'random_state': 42, 'tol': 0.0001, 'verbose': 0}",0.07817316055297852
Chinese_wine,7,2,3,2,LogisticRegression,Time_Warping,9,"{'sigma': 0.1, 'knot': 6}",0.5932222222222222,0.5812863476684366,"{'C': np.float64(183.29807108324337), 'class_weight': None, 'dual': False, 'fit_intercept': True, 'intercept_scaling': 1, 'l1_ratio': None, 'max_iter': 100, 'multi_class': 'deprecated', 'n_jobs': None, 'penalty': 'l2', 'random_state': 42, 'solver': 'saga', 'tol': 0.0001, 'verbose': 0, 'warm_start': False}",0.08951020240783691
Chinese_wine,7,2,3,2,KNN,Time_Warping,10,"{'sigma': 0.1, 'knot': 8}",0.6256666666666667,0.6211823932907025,"{'algorithm': 'auto', 'leaf_size': 30, 'metric': 'minkowski', 'metric_params': None, 'n_jobs': None, 'n_neighbors': np.int64(5), 'p': 3, 'weights': 'distance'}",0.264789342880249
Chinese_wine,7,2,3,2,RandomForest,Time_Warping,10,"{'sigma': 0.1, 'knot': 8}",0.5607777777777778,0.5473064623099188,"{'bootstrap': True, 'ccp_alpha': 0.0, 'class_weight': 'balanced', 'criterion': 'gini', 'max_depth': 30, 'max_features': 'sqrt', 'max_leaf_nodes': None, 'max_samples': None, 'min_impurity_decrease': 0.0, 'min_samples_leaf': 1, 'min_samples_split': 2, 'min_weight_fraction_leaf': 0.0, 'monotonic_cst': None, 'n_estimators': 150, 'n_jobs': None, 'oob_score': False, 'random_state': 42, 'verbose': 0, 'warm_start': False}",1.6971933841705322
Chinese_wine,7,2,3,2,LinearSVC,Time_Warping,10,"{'sigma': 0.1, 'knot': 8}",0.5006666666666667,0.43822928633491587,"{'C': np.float64(33.59818286283781), 'class_weight': 'balanced', 'dual': False, 'fit_intercept': True, 'intercept_scaling': 1, 'loss': 'squared_hinge', 'max_iter': 100, 'multi_class': 'ovr', 'penalty': 'l1', 'random_state': 42, 'tol': 0.0001, 'verbose': 0}",0.07877135276794434
Chinese_wine,7,2,3,2,LogisticRegression,Time_Warping,10,"{'sigma': 0.1, 'knot': 8}",0.5143333333333333,0.46252129889755894,"{'C': np.float64(183.29807108324337), 'class_weight': None, 'dual': False, 'fit_intercept': False, 'intercept_scaling': 1, 'l1_ratio': None, 'max_iter': 100, 'multi_class': 'deprecated', 'n_jobs': None, 'penalty': 'l2', 'random_state': 42, 'solver': 'sag', 'tol': 0.0001, 'verbose': 0, 'warm_start': False}",0.046213626861572266
Chinese_wine,7,2,3,3,KNN,Time_Warping,1,"{'sigma': 0.2, 'knot': 4}",0.6143333333333333,0.6091882057076925,"{'algorithm': 'auto', 'leaf_size': 30, 'metric': 'minkowski', 'metric_params': None, 'n_jobs': None, 'n_neighbors': np.int64(15), 'p': 4, 'weights': 'distance'}",0.5463340282440186
Chinese_wine,7,2,3,3,RandomForest,Time_Warping,1,"{'sigma': 0.2, 'knot': 4}",0.5635555555555556,0.554046613273937,"{'bootstrap': True, 'ccp_alpha': 0.0, 'class_weight': 'balanced', 'criterion': 'gini', 'max_depth': None, 'max_features': 'sqrt', 'max_leaf_nodes': None, 'max_samples': None, 'min_impurity_decrease': 0.0, 'min_samples_leaf': 1, 'min_samples_split': 2, 'min_weight_fraction_leaf': 0.0, 'monotonic_cst': None, 'n_estimators': 50, 'n_jobs': None, 'oob_score': False, 'random_state': 42, 'verbose': 0, 'warm_start': False}",0.7719993591308594
Chinese_wine,7,2,3,3,LinearSVC,Time_Warping,1,"{'sigma': 0.2, 'knot': 4}",0.4083333333333333,0.32043598294958503,"{'C': np.float64(183.29807108324337), 'class_weight': 'balanced', 'dual': False, 'fit_intercept': True, 'intercept_scaling': 1, 'loss': 'squared_hinge', 'max_iter': 100, 'multi_class': 'ovr', 'penalty': 'l1', 'random_state': 42, 'tol': 0.0001, 'verbose': 0}",0.0515439510345459
Chinese_wine,7,2,3,3,LogisticRegression,Time_Warping,1,"{'sigma': 0.2, 'knot': 4}",0.4682222222222222,0.447185673472851,"{'C': np.float64(1000.0), 'class_weight': 'balanced', 'dual': False, 'fit_intercept': True, 'intercept_scaling': 1, 'l1_ratio': None, 'max_iter': 100, 'multi_class': 'deprecated', 'n_jobs': None, 'penalty': 'l2', 'random_state': 42, 'solver': 'sag', 'tol': 0.0001, 'verbose': 0, 'warm_start': False}",0.08016490936279297
Chinese_wine,7,2,3,3,KNN,Time_Warping,2,"{'sigma': 0.2, 'knot': 3}",0.6304444444444445,0.6234081947634879,"{'algorithm': 'auto', 'leaf_size': 30, 'metric': 'minkowski', 'metric_params': None, 'n_jobs': None, 'n_neighbors': np.int64(5), 'p': 3, 'weights': 'distance'}",0.4332244396209717
Chinese_wine,7,2,3,3,RandomForest,Time_Warping,2,"{'sigma': 0.2, 'knot': 3}",0.4721111111111111,0.4694171160455293,"{'bootstrap': True, 'ccp_alpha': 0.0, 'class_weight': 'balanced', 'criterion': 'gini', 'max_depth': 10, 'max_features': 'sqrt', 'max_leaf_nodes': None, 'max_samples': None, 'min_impurity_decrease': 0.0, 'min_samples_leaf': 1, 'min_samples_split': 2, 'min_weight_fraction_leaf': 0.0, 'monotonic_cst': None, 'n_estimators': 100, 'n_jobs': None, 'oob_score': False, 'random_state': 42, 'verbose': 0, 'warm_start': False}",1.1840336322784424
Chinese_wine,7,2,3,3,LinearSVC,Time_Warping,2,"{'sigma': 0.2, 'knot': 3}",0.4487777777777778,0.3779227845474111,"{'C': np.float64(1000.0), 'class_weight': 'balanced', 'dual': False, 'fit_intercept': True, 'intercept_scaling': 1, 'loss': 'squared_hinge', 'max_iter': 100, 'multi_class': 'ovr', 'penalty': 'l2', 'random_state': 42, 'tol': 0.001, 'verbose': 0}",0.026042461395263672
Chinese_wine,7,2,3,3,LogisticRegression,Time_Warping,2,"{'sigma': 0.2, 'knot': 3}",0.4988888888888889,0.4886778330649785,"{'C': np.float64(33.59818286283781), 'class_weight': 'balanced', 'dual': False, 'fit_intercept': True, 'intercept_scaling': 1, 'l1_ratio': None, 'max_iter': 100, 'multi_class': 'deprecated', 'n_jobs': None, 'penalty': 'l2', 'random_state': 42, 'solver': 'saga', 'tol': 0.0001, 'verbose': 0, 'warm_start': False}",0.050659894943237305
Chinese_wine,7,2,3,3,KNN,Time_Warping,3,"{'sigma': 0.5, 'knot': 4}",0.609,0.6050054319224571,"{'algorithm': 'auto', 'leaf_size': 30, 'metric': 'chebyshev', 'metric_params': None, 'n_jobs': None, 'n_neighbors': np.int64(11), 'p': 2, 'weights': 'distance'}",0.06648802757263184
Chinese_wine,7,2,3,3,RandomForest,Time_Warping,3,"{'sigma': 0.5, 'knot': 4}",0.4414444444444444,0.4420769816808234,"{'bootstrap': True, 'ccp_alpha': 0.0, 'class_weight': 'balanced', 'criterion': 'gini', 'max_depth': 10, 'max_features': 'sqrt', 'max_leaf_nodes': None, 'max_samples': None, 'min_impurity_decrease': 0.0, 'min_samples_leaf': 1, 'min_samples_split': 2, 'min_weight_fraction_leaf': 0.0, 'monotonic_cst': None, 'n_estimators': 100, 'n_jobs': None, 'oob_score': False, 'random_state': 42, 'verbose': 0, 'warm_start': False}",1.0042848587036133
Chinese_wine,7,2,3,3,LinearSVC,Time_Warping,3,"{'sigma': 0.5, 'knot': 4}",0.36544444444444446,0.2919369419419948,"{'C': np.float64(0.4832930238571752), 'class_weight': None, 'dual': False, 'fit_intercept': True, 'intercept_scaling': 1, 'loss': 'squared_hinge', 'max_iter': 100, 'multi_class': 'ovr', 'penalty': 'l1', 'random_state': 42, 'tol': 0.0001, 'verbose': 0}",0.033940792083740234
Chinese_wine,7,2,3,3,LogisticRegression,Time_Warping,3,"{'sigma': 0.5, 'knot': 4}",0.39744444444444443,0.3685892444055068,"{'C': np.float64(33.59818286283781), 'class_weight': 'balanced', 'dual': False, 'fit_intercept': True, 'intercept_scaling': 1, 'l1_ratio': None, 'max_iter': 100, 'multi_class': 'deprecated', 'n_jobs': None, 'penalty': 'l2', 'random_state': 42, 'solver': 'saga', 'tol': 0.0001, 'verbose': 0, 'warm_start': False}",0.05110287666320801
Chinese_wine,7,2,3,3,KNN,Time_Warping,4,"{'sigma': 0.05, 'knot': 8}",0.6155555555555555,0.6115540897263085,"{'algorithm': 'auto', 'leaf_size': 30, 'metric': 'chebyshev', 'metric_params': None, 'n_jobs': None, 'n_neighbors': np.int64(11), 'p': 2, 'weights': 'distance'}",0.058403730392456055
Chinese_wine,7,2,3,3,RandomForest,Time_Warping,4,"{'sigma': 0.05, 'knot': 8}",0.5606666666666666,0.5515777936033216,"{'bootstrap': True, 'ccp_alpha': 0.0, 'class_weight': None, 'criterion': 'gini', 'max_depth': 20, 'max_features': 'sqrt', 'max_leaf_nodes': None, 'max_samples': None, 'min_impurity_decrease': 0.0, 'min_samples_leaf': 1, 'min_samples_split': 2, 'min_weight_fraction_leaf': 0.0, 'monotonic_cst': None, 'n_estimators': 100, 'n_jobs': None, 'oob_score': False, 'random_state': 42, 'verbose': 0, 'warm_start': False}",1.2911384105682373
Chinese_wine,7,2,3,3,LinearSVC,Time_Warping,4,"{'sigma': 0.05, 'knot': 8}",0.5578888888888889,0.515300661130619,"{'C': np.float64(183.29807108324337), 'class_weight': None, 'dual': False, 'fit_intercept': True, 'intercept_scaling': 1, 'loss': 'squared_hinge', 'max_iter': 100, 'multi_class': 'ovr', 'penalty': 'l1', 'random_state': 42, 'tol': 0.001, 'verbose': 0}",0.11705493927001953
Chinese_wine,7,2,3,3,LogisticRegression,Time_Warping,4,"{'sigma': 0.05, 'knot': 8}",0.6287777777777778,0.6188535603394288,"{'C': np.float64(183.29807108324337), 'class_weight': None, 'dual': False, 'fit_intercept': True, 'intercept_scaling': 1, 'l1_ratio': None, 'max_iter': 100, 'multi_class': 'deprecated', 'n_jobs': None, 'penalty': 'l2', 'random_state': 42, 'solver': 'saga', 'tol': 0.0001, 'verbose': 0, 'warm_start': False}",0.15351581573486328
Chinese_wine,7,2,3,3,KNN,Time_Warping,5,"{'sigma': 0.1, 'knot': 4}",0.6211111111111111,0.6155128436250457,"{'algorithm': 'auto', 'leaf_size': 30, 'metric': 'minkowski', 'metric_params': None, 'n_jobs': None, 'n_neighbors': np.int64(13), 'p': 4, 'weights': 'distance'}",0.49870967864990234
Chinese_wine,7,2,3,3,RandomForest,Time_Warping,5,"{'sigma': 0.1, 'knot': 4}",0.5368888888888889,0.525329822779532,"{'bootstrap': True, 'ccp_alpha': 0.0, 'class_weight': 'balanced', 'criterion': 'gini', 'max_depth': 20, 'max_features': 'sqrt', 'max_leaf_nodes': None, 'max_samples': None, 'min_impurity_decrease': 0.0, 'min_samples_leaf': 1, 'min_samples_split': 2, 'min_weight_fraction_leaf': 0.0, 'monotonic_cst': None, 'n_estimators': 50, 'n_jobs': None, 'oob_score': False, 'random_state': 42, 'verbose': 0, 'warm_start': False}",0.7071268558502197
Chinese_wine,7,2,3,3,LinearSVC,Time_Warping,5,"{'sigma': 0.1, 'knot': 4}",0.4707777777777778,0.403083045028133,"{'C': np.float64(33.59818286283781), 'class_weight': 'balanced', 'dual': False, 'fit_intercept': True, 'intercept_scaling': 1, 'loss': 'squared_hinge', 'max_iter': 100, 'multi_class': 'ovr', 'penalty': 'l1', 'random_state': 42, 'tol': 0.0001, 'verbose': 0}",0.09822916984558105
Chinese_wine,7,2,3,3,LogisticRegression,Time_Warping,5,"{'sigma': 0.1, 'knot': 4}",0.5398888888888889,0.5243209214300899,"{'C': np.float64(183.29807108324337), 'class_weight': None, 'dual': False, 'fit_intercept': True, 'intercept_scaling': 1, 'l1_ratio': None, 'max_iter': 100, 'multi_class': 'deprecated', 'n_jobs': None, 'penalty': 'l2', 'random_state': 42, 'solver': 'saga', 'tol': 0.0001, 'verbose': 0, 'warm_start': False}",0.03705310821533203
Chinese_wine,7,2,3,3,KNN,Time_Warping,6,"{'sigma': 0.3, 'knot': 6}",0.6192222222222222,0.6159857067628298,"{'algorithm': 'auto', 'leaf_size': 30, 'metric': 'chebyshev', 'metric_params': None, 'n_jobs': None, 'n_neighbors': np.int64(11), 'p': 2, 'weights': 'distance'}",0.06512689590454102
Chinese_wine,7,2,3,3,RandomForest,Time_Warping,6,"{'sigma': 0.3, 'knot': 6}",0.5567777777777778,0.5472078694057482,"{'bootstrap': True, 'ccp_alpha': 0.0, 'class_weight': 'balanced', 'criterion': 'gini', 'max_depth': 30, 'max_features': 'sqrt', 'max_leaf_nodes': None, 'max_samples': None, 'min_impurity_decrease': 0.0, 'min_samples_leaf': 1, 'min_samples_split': 2, 'min_weight_fraction_leaf': 0.0, 'monotonic_cst': None, 'n_estimators': 150, 'n_jobs': None, 'oob_score': False, 'random_state': 42, 'verbose': 0, 'warm_start': False}",2.1334800720214844
Chinese_wine,7,2,3,3,LinearSVC,Time_Warping,6,"{'sigma': 0.3, 'knot': 6}",0.43922222222222224,0.3641550103819165,"{'C': np.float64(183.29807108324337), 'class_weight': None, 'dual': False, 'fit_intercept': True, 'intercept_scaling': 1, 'loss': 'squared_hinge', 'max_iter': 100, 'multi_class': 'ovr', 'penalty': 'l1', 'random_state': 42, 'tol': 0.001, 'verbose': 0}",0.03563261032104492
Chinese_wine,7,2,3,3,LogisticRegression,Time_Warping,6,"{'sigma': 0.3, 'knot': 6}",0.49777777777777776,0.47393796538990096,"{'C': np.float64(1000.0), 'class_weight': 'balanced', 'dual': False, 'fit_intercept': True, 'intercept_scaling': 1, 'l1_ratio': None, 'max_iter': 100, 'multi_class': 'deprecated', 'n_jobs': None, 'penalty': 'l2', 'random_state': 42, 'solver': 'sag', 'tol': 0.0001, 'verbose': 0, 'warm_start': False}",0.07039189338684082
Chinese_wine,7,2,3,3,KNN,Time_Warping,7,"{'sigma': 0.05, 'knot': 6}",0.6343333333333333,0.6300219150226787,"{'algorithm': 'auto', 'leaf_size': 30, 'metric': 'minkowski', 'metric_params': None, 'n_jobs': None, 'n_neighbors': np.int64(5), 'p': 3, 'weights': 'distance'}",0.4084970951080322
Chinese_wine,7,2,3,3,RandomForest,Time_Warping,7,"{'sigma': 0.05, 'knot': 6}",0.5576666666666666,0.5477693906658788,"{'bootstrap': True, 'ccp_alpha': 0.0, 'class_weight': None, 'criterion': 'gini', 'max_depth': 20, 'max_features': 'sqrt', 'max_leaf_nodes': None, 'max_samples': None, 'min_impurity_decrease': 0.0, 'min_samples_leaf': 1, 'min_samples_split': 2, 'min_weight_fraction_leaf': 0.0, 'monotonic_cst': None, 'n_estimators': 100, 'n_jobs': None, 'oob_score': False, 'random_state': 42, 'verbose': 0, 'warm_start': False}",1.365450382232666
Chinese_wine,7,2,3,3,LinearSVC,Time_Warping,7,"{'sigma': 0.05, 'knot': 6}",0.5458888888888889,0.5081372988978303,"{'C': np.float64(33.59818286283781), 'class_weight': 'balanced', 'dual': False, 'fit_intercept': True, 'intercept_scaling': 1, 'loss': 'squared_hinge', 'max_iter': 100, 'multi_class': 'ovr', 'penalty': 'l1', 'random_state': 42, 'tol': 0.0001, 'verbose': 0}",0.09949970245361328
Chinese_wine,7,2,3,3,LogisticRegression,Time_Warping,7,"{'sigma': 0.05, 'knot': 6}",0.5633333333333334,0.5583655095959961,"{'C': np.float64(33.59818286283781), 'class_weight': None, 'dual': False, 'fit_intercept': True, 'intercept_scaling': 1, 'l1_ratio': None, 'max_iter': 100, 'multi_class': 'deprecated', 'n_jobs': None, 'penalty': 'l2', 'random_state': 42, 'solver': 'saga', 'tol': 0.0001, 'verbose': 0, 'warm_start': False}",0.06621575355529785
Chinese_wine,7,2,3,3,KNN,Time_Warping,8,"{'sigma': 0.3, 'knot': 6}",0.624,0.6223470834533511,"{'algorithm': 'auto', 'leaf_size': 30, 'metric': 'minkowski', 'metric_params': None, 'n_jobs': None, 'n_neighbors': np.int64(5), 'p': 3, 'weights': 'distance'}",0.4170982837677002
Chinese_wine,7,2,3,3,RandomForest,Time_Warping,8,"{'sigma': 0.3, 'knot': 6}",0.5623333333333334,0.550450798297414,"{'bootstrap': True, 'ccp_alpha': 0.0, 'class_weight': None, 'criterion': 'gini', 'max_depth': 20, 'max_features': 'sqrt', 'max_leaf_nodes': None, 'max_samples': None, 'min_impurity_decrease': 0.0, 'min_samples_leaf': 1, 'min_samples_split': 5, 'min_weight_fraction_leaf': 0.0, 'monotonic_cst': None, 'n_estimators': 150, 'n_jobs': None, 'oob_score': False, 'random_state': 42, 'verbose': 0, 'warm_start': False}",2.0126352310180664
Chinese_wine,7,2,3,3,LinearSVC,Time_Warping,8,"{'sigma': 0.3, 'knot': 6}",0.4225555555555556,0.35059888280899926,"{'C': np.float64(1000.0), 'class_weight': 'balanced', 'dual': False, 'fit_intercept': True, 'intercept_scaling': 1, 'loss': 'squared_hinge', 'max_iter': 100, 'multi_class': 'ovr', 'penalty': 'l2', 'random_state': 42, 'tol': 0.001, 'verbose': 0}",0.02423381805419922
Chinese_wine,7,2,3,3,LogisticRegression,Time_Warping,8,"{'sigma': 0.3, 'knot': 6}",0.44566666666666666,0.43012570543980166,"{'C': np.float64(6.1584821106602545), 'class_weight': None, 'dual': False, 'fit_intercept': True, 'intercept_scaling': 1, 'l1_ratio': None, 'max_iter': 100, 'multi_class': 'deprecated', 'n_jobs': None, 'penalty': 'l2', 'random_state': 42, 'solver': 'lbfgs', 'tol': 0.0001, 'verbose': 0, 'warm_start': False}",0.04645538330078125
Chinese_wine,7,2,3,3,KNN,Time_Warping,9,"{'sigma': 0.1, 'knot': 6}",0.6278888888888889,0.6214072470026218,"{'algorithm': 'auto', 'leaf_size': 30, 'metric': 'minkowski', 'metric_params': None, 'n_jobs': None, 'n_neighbors': np.int64(13), 'p': 4, 'weights': 'distance'}",0.5155587196350098
Chinese_wine,7,2,3,3,RandomForest,Time_Warping,9,"{'sigma': 0.1, 'knot': 6}",0.569,0.5593846443743212,"{'bootstrap': True, 'ccp_alpha': 0.0, 'class_weight': None, 'criterion': 'gini', 'max_depth': 20, 'max_features': 'sqrt', 'max_leaf_nodes': None, 'max_samples': None, 'min_impurity_decrease': 0.0, 'min_samples_leaf': 1, 'min_samples_split': 2, 'min_weight_fraction_leaf': 0.0, 'monotonic_cst': None, 'n_estimators': 100, 'n_jobs': None, 'oob_score': False, 'random_state': 42, 'verbose': 0, 'warm_start': False}",1.276794672012329
Chinese_wine,7,2,3,3,LinearSVC,Time_Warping,9,"{'sigma': 0.1, 'knot': 6}",0.5074444444444445,0.4570040910515358,"{'C': np.float64(2.6366508987303554), 'class_weight': 'balanced', 'dual': False, 'fit_intercept': True, 'intercept_scaling': 1, 'loss': 'squared_hinge', 'max_iter': 100, 'multi_class': 'ovr', 'penalty': 'l1', 'random_state': 42, 'tol': 0.0001, 'verbose': 0}",0.09776949882507324
Chinese_wine,7,2,3,3,LogisticRegression,Time_Warping,9,"{'sigma': 0.1, 'knot': 6}",0.5791111111111111,0.5601604436265489,"{'C': np.float64(1000.0), 'class_weight': 'balanced', 'dual': False, 'fit_intercept': True, 'intercept_scaling': 1, 'l1_ratio': None, 'max_iter': 100, 'multi_class': 'deprecated', 'n_jobs': None, 'penalty': 'l2', 'random_state': 42, 'solver': 'sag', 'tol': 0.0001, 'verbose': 0, 'warm_start': False}",0.07877159118652344
Chinese_wine,7,2,3,3,KNN,Time_Warping,10,"{'sigma': 0.1, 'knot': 8}",0.6316666666666667,0.6268509937816715,"{'algorithm': 'auto', 'leaf_size': 30, 'metric': 'chebyshev', 'metric_params': None, 'n_jobs': None, 'n_neighbors': np.int64(11), 'p': 2, 'weights': 'distance'}",0.0657949447631836
Chinese_wine,7,2,3,3,RandomForest,Time_Warping,10,"{'sigma': 0.1, 'knot': 8}",0.5631111111111111,0.5553772784781311,"{'bootstrap': True, 'ccp_alpha': 0.0, 'class_weight': 'balanced', 'criterion': 'gini', 'max_depth': 30, 'max_features': 'sqrt', 'max_leaf_nodes': None, 'max_samples': None, 'min_impurity_decrease': 0.0, 'min_samples_leaf': 1, 'min_samples_split': 2, 'min_weight_fraction_leaf': 0.0, 'monotonic_cst': None, 'n_estimators': 150, 'n_jobs': None, 'oob_score': False, 'random_state': 42, 'verbose': 0, 'warm_start': False}",2.089077949523926
Chinese_wine,7,2,3,3,LinearSVC,Time_Warping,10,"{'sigma': 0.1, 'knot': 8}",0.47,0.41628772478557896,"{'C': np.float64(6.1584821106602545), 'class_weight': None, 'dual': False, 'fit_intercept': True, 'intercept_scaling': 1, 'loss': 'squared_hinge', 'max_iter': 100, 'multi_class': 'ovr', 'penalty': 'l2', 'random_state': 42, 'tol': 0.0001, 'verbose': 0}",0.02647876739501953
Chinese_wine,7,2,3,3,LogisticRegression,Time_Warping,10,"{'sigma': 0.1, 'knot': 8}",0.5715555555555556,0.5508302001056214,"{'C': np.float64(2.6366508987303554), 'class_weight': 'balanced', 'dual': False, 'fit_intercept': True, 'intercept_scaling': 1, 'l1_ratio': None, 'max_iter': 100, 'multi_class': 'deprecated', 'n_jobs': None, 'penalty': 'l1', 'random_state': 42, 'solver': 'saga', 'tol': 0.0001, 'verbose': 0, 'warm_start': False}",0.3906385898590088
Chinese_wine,7,2,3,5,KNN,Time_Warping,1,"{'sigma': 0.2, 'knot': 4}",0.6058888888888889,0.6034661258533307,"{'algorithm': 'auto', 'leaf_size': 30, 'metric': 'euclidean', 'metric_params': None, 'n_jobs': None, 'n_neighbors': np.int64(9), 'p': 2, 'weights': 'distance'}",0.12456798553466797
Chinese_wine,7,2,3,5,RandomForest,Time_Warping,1,"{'sigma': 0.2, 'knot': 4}",0.5262222222222223,0.5168398801085244,"{'bootstrap': True, 'ccp_alpha': 0.0, 'class_weight': 'balanced', 'criterion': 'gini', 'max_depth': None, 'max_features': 'sqrt', 'max_leaf_nodes': None, 'max_samples': None, 'min_impurity_decrease': 0.0, 'min_samples_leaf': 2, 'min_samples_split': 2, 'min_weight_fraction_leaf': 0.0, 'monotonic_cst': None, 'n_estimators': 150, 'n_jobs': None, 'oob_score': False, 'random_state': 42, 'verbose': 0, 'warm_start': False}",3.397132396697998
Chinese_wine,7,2,3,5,LinearSVC,Time_Warping,1,"{'sigma': 0.2, 'knot': 4}",0.4301111111111111,0.34353825110937564,"{'C': np.float64(33.59818286283781), 'class_weight': None, 'dual': False, 'fit_intercept': True, 'intercept_scaling': 1, 'loss': 'squared_hinge', 'max_iter': 100, 'multi_class': 'ovr', 'penalty': 'l1', 'random_state': 42, 'tol': 0.001, 'verbose': 0}",0.05807900428771973
Chinese_wine,7,2,3,5,LogisticRegression,Time_Warping,1,"{'sigma': 0.2, 'knot': 4}",0.4708888888888889,0.45108055560169297,"{'C': np.float64(183.29807108324337), 'class_weight': None, 'dual': False, 'fit_intercept': True, 'intercept_scaling': 1, 'l1_ratio': None, 'max_iter': 100, 'multi_class': 'deprecated', 'n_jobs': None, 'penalty': 'l2', 'random_state': 42, 'solver': 'saga', 'tol': 0.0001, 'verbose': 0, 'warm_start': False}",0.07762861251831055
Chinese_wine,7,2,3,5,KNN,Time_Warping,2,"{'sigma': 0.2, 'knot': 3}",0.6115555555555555,0.6064936678978022,"{'algorithm': 'auto', 'leaf_size': 30, 'metric': 'euclidean', 'metric_params': None, 'n_jobs': None, 'n_neighbors': np.int64(19), 'p': 2, 'weights': 'distance'}",0.16016936302185059
Chinese_wine,7,2,3,5,RandomForest,Time_Warping,2,"{'sigma': 0.2, 'knot': 3}",0.5636666666666666,0.5546457077602329,"{'bootstrap': True, 'ccp_alpha': 0.0, 'class_weight': 'balanced', 'criterion': 'gini', 'max_depth': None, 'max_features': 'sqrt', 'max_leaf_nodes': None, 'max_samples': None, 'min_impurity_decrease': 0.0, 'min_samples_leaf': 1, 'min_samples_split': 2, 'min_weight_fraction_leaf': 0.0, 'monotonic_cst': None, 'n_estimators': 50, 'n_jobs': None, 'oob_score': False, 'random_state': 42, 'verbose': 0, 'warm_start': False}",1.2221100330352783
Chinese_wine,7,2,3,5,LinearSVC,Time_Warping,2,"{'sigma': 0.2, 'knot': 3}",0.41344444444444445,0.33797703729800743,"{'C': np.float64(2.6366508987303554), 'class_weight': 'balanced', 'dual': False, 'fit_intercept': True, 'intercept_scaling': 1, 'loss': 'squared_hinge', 'max_iter': 100, 'multi_class': 'ovr', 'penalty': 'l1', 'random_state': 42, 'tol': 0.0001, 'verbose': 0}",0.0631723403930664
Chinese_wine,7,2,3,5,LogisticRegression,Time_Warping,2,"{'sigma': 0.2, 'knot': 3}",0.4578888888888889,0.4300706596918163,"{'C': np.float64(2.6366508987303554), 'class_weight': 'balanced', 'dual': False, 'fit_intercept': True, 'intercept_scaling': 1, 'l1_ratio': None, 'max_iter': 100, 'multi_class': 'deprecated', 'n_jobs': None, 'penalty': 'l1', 'random_state': 42, 'solver': 'saga', 'tol': 0.0001, 'verbose': 0, 'warm_start': False}",0.19013404846191406
Chinese_wine,7,2,3,5,KNN,Time_Warping,3,"{'sigma': 0.5, 'knot': 4}",0.6205555555555555,0.6171037037968273,"{'algorithm': 'auto', 'leaf_size': 30, 'metric': 'minkowski', 'metric_params': None, 'n_jobs': None, 'n_neighbors': np.int64(11), 'p': 4, 'weights': 'distance'}",0.4521021842956543
Chinese_wine,7,2,3,5,RandomForest,Time_Warping,3,"{'sigma': 0.5, 'knot': 4}",0.5731111111111111,0.564252508550725,"{'bootstrap': True, 'ccp_alpha': 0.0, 'class_weight': 'balanced', 'criterion': 'gini', 'max_depth': 30, 'max_features': 'sqrt', 'max_leaf_nodes': None, 'max_samples': None, 'min_impurity_decrease': 0.0, 'min_samples_leaf': 1, 'min_samples_split': 2, 'min_weight_fraction_leaf': 0.0, 'monotonic_cst': None, 'n_estimators': 150, 'n_jobs': None, 'oob_score': False, 'random_state': 42, 'verbose': 0, 'warm_start': False}",3.4531590938568115
Chinese_wine,7,2,3,5,LinearSVC,Time_Warping,3,"{'sigma': 0.5, 'knot': 4}",0.313,0.2398860913315966,"{'C': np.float64(1000.0), 'class_weight': 'balanced', 'dual': False, 'fit_intercept': True, 'intercept_scaling': 1, 'loss': 'squared_hinge', 'max_iter': 100, 'multi_class': 'ovr', 'penalty': 'l2', 'random_state': 42, 'tol': 0.001, 'verbose': 0}",0.03208303451538086
Chinese_wine,7,2,3,5,LogisticRegression,Time_Warping,3,"{'sigma': 0.5, 'knot': 4}",0.3075555555555556,0.29722844942161963,"{'C': np.float64(1000.0), 'class_weight': 'balanced', 'dual': False, 'fit_intercept': True, 'intercept_scaling': 1, 'l1_ratio': None, 'max_iter': 100, 'multi_class': 'deprecated', 'n_jobs': None, 'penalty': 'l2', 'random_state': 42, 'solver': 'sag', 'tol': 0.0001, 'verbose': 0, 'warm_start': False}",0.135758638381958
Chinese_wine,7,2,3,5,KNN,Time_Warping,4,"{'sigma': 0.05, 'knot': 8}",0.6087777777777778,0.6060225729473456,"{'algorithm': 'auto', 'leaf_size': 30, 'metric': 'minkowski', 'metric_params': None, 'n_jobs': None, 'n_neighbors': np.int64(15), 'p': 4, 'weights': 'distance'}",0.6539392471313477
Chinese_wine,7,2,3,5,RandomForest,Time_Warping,4,"{'sigma': 0.05, 'knot': 8}",0.5324444444444445,0.523435282623748,"{'bootstrap': True, 'ccp_alpha': 0.0, 'class_weight': 'balanced', 'criterion': 'gini', 'max_depth': None, 'max_features': 'sqrt', 'max_leaf_nodes': None, 'max_samples': None, 'min_impurity_decrease': 0.0, 'min_samples_leaf': 1, 'min_samples_split': 2, 'min_weight_fraction_leaf': 0.0, 'monotonic_cst': None, 'n_estimators': 50, 'n_jobs': None, 'oob_score': False, 'random_state': 42, 'verbose': 0, 'warm_start': False}",1.0272634029388428
Chinese_wine,7,2,3,5,LinearSVC,Time_Warping,4,"{'sigma': 0.05, 'knot': 8}",0.5541111111111111,0.5181075192843267,"{'C': np.float64(33.59818286283781), 'class_weight': 'balanced', 'dual': False, 'fit_intercept': True, 'intercept_scaling': 1, 'loss': 'squared_hinge', 'max_iter': 100, 'multi_class': 'ovr', 'penalty': 'l1', 'random_state': 42, 'tol': 0.001, 'verbose': 0}",0.17077326774597168
Chinese_wine,7,2,3,5,LogisticRegression,Time_Warping,4,"{'sigma': 0.05, 'knot': 8}",0.6133333333333333,0.6026615310729961,"{'C': np.float64(33.59818286283781), 'class_weight': None, 'dual': False, 'fit_intercept': True, 'intercept_scaling': 1, 'l1_ratio': None, 'max_iter': 100, 'multi_class': 'deprecated', 'n_jobs': None, 'penalty': 'l2', 'random_state': 42, 'solver': 'saga', 'tol': 0.0001, 'verbose': 0, 'warm_start': False}",0.10392951965332031
Chinese_wine,7,2,3,5,KNN,Time_Warping,5,"{'sigma': 0.1, 'knot': 4}",0.6223333333333333,0.6165885628243344,"{'algorithm': 'auto', 'leaf_size': 30, 'metric': 'minkowski', 'metric_params': None, 'n_jobs': None, 'n_neighbors': np.int64(11), 'p': 4, 'weights': 'distance'}",0.6144115924835205
Chinese_wine,7,2,3,5,RandomForest,Time_Warping,5,"{'sigma': 0.1, 'knot': 4}",0.5294444444444445,0.5197549189993598,"{'bootstrap': True, 'ccp_alpha': 0.0, 'class_weight': 'balanced', 'criterion': 'gini', 'max_depth': None, 'max_features': 'sqrt', 'max_leaf_nodes': None, 'max_samples': None, 'min_impurity_decrease': 0.0, 'min_samples_leaf': 2, 'min_samples_split': 2, 'min_weight_fraction_leaf': 0.0, 'monotonic_cst': None, 'n_estimators': 150, 'n_jobs': None, 'oob_score': False, 'random_state': 42, 'verbose': 0, 'warm_start': False}",3.418278217315674
Chinese_wine,7,2,3,5,LinearSVC,Time_Warping,5,"{'sigma': 0.1, 'knot': 4}",0.4757777777777778,0.4052074114400482,"{'C': np.float64(33.59818286283781), 'class_weight': None, 'dual': False, 'fit_intercept': True, 'intercept_scaling': 1, 'loss': 'squared_hinge', 'max_iter': 100, 'multi_class': 'ovr', 'penalty': 'l1', 'random_state': 42, 'tol': 0.001, 'verbose': 0}",0.10831785202026367
Chinese_wine,7,2,3,5,LogisticRegression,Time_Warping,5,"{'sigma': 0.1, 'knot': 4}",0.5427777777777778,0.523957782767906,"{'C': np.float64(33.59818286283781), 'class_weight': 'balanced', 'dual': False, 'fit_intercept': True, 'intercept_scaling': 1, 'l1_ratio': None, 'max_iter': 100, 'multi_class': 'deprecated', 'n_jobs': None, 'penalty': 'l1', 'random_state': 42, 'solver': 'saga', 'tol': 0.0001, 'verbose': 0, 'warm_start': False}",0.6377322673797607
Chinese_wine,7,2,3,5,KNN,Time_Warping,6,"{'sigma': 0.3, 'knot': 6}",0.5992222222222222,0.5980039123132325,"{'algorithm': 'auto', 'leaf_size': 30, 'metric': 'chebyshev', 'metric_params': None, 'n_jobs': None, 'n_neighbors': np.int64(11), 'p': 2, 'weights': 'distance'}",0.0738382339477539
Chinese_wine,7,2,3,5,RandomForest,Time_Warping,6,"{'sigma': 0.3, 'knot': 6}",0.5334444444444445,0.525297581668657,"{'bootstrap': True, 'ccp_alpha': 0.0, 'class_weight': 'balanced', 'criterion': 'gini', 'max_depth': None, 'max_features': 'sqrt', 'max_leaf_nodes': None, 'max_samples': None, 'min_impurity_decrease': 0.0, 'min_samples_leaf': 1, 'min_samples_split': 2, 'min_weight_fraction_leaf': 0.0, 'monotonic_cst': None, 'n_estimators': 50, 'n_jobs': None, 'oob_score': False, 'random_state': 42, 'verbose': 0, 'warm_start': False}",1.1061954498291016
Chinese_wine,7,2,3,5,LinearSVC,Time_Warping,6,"{'sigma': 0.3, 'knot': 6}",0.4003333333333333,0.31852923530516675,"{'C': np.float64(1000.0), 'class_weight': 'balanced', 'dual': False, 'fit_intercept': True, 'intercept_scaling': 1, 'loss': 'squared_hinge', 'max_iter': 100, 'multi_class': 'ovr', 'penalty': 'l2', 'random_state': 42, 'tol': 0.001, 'verbose': 0}",0.04256176948547363
Chinese_wine,7,2,3,5,LogisticRegression,Time_Warping,6,"{'sigma': 0.3, 'knot': 6}",0.42155555555555557,0.400751961786483,"{'C': np.float64(33.59818286283781), 'class_weight': 'balanced', 'dual': False, 'fit_intercept': True, 'intercept_scaling': 1, 'l1_ratio': None, 'max_iter': 100, 'multi_class': 'deprecated', 'n_jobs': None, 'penalty': 'l1', 'random_state': 42, 'solver': 'saga', 'tol': 0.0001, 'verbose': 0, 'warm_start': False}",0.6241614818572998
Chinese_wine,7,2,3,5,KNN,Time_Warping,7,"{'sigma': 0.05, 'knot': 6}",0.6266666666666667,0.6205883116324146,"{'algorithm': 'auto', 'leaf_size': 30, 'metric': 'minkowski', 'metric_params': None, 'n_jobs': None, 'n_neighbors': np.int64(5), 'p': 3, 'weights': 'distance'}",0.43558263778686523
Chinese_wine,7,2,3,5,RandomForest,Time_Warping,7,"{'sigma': 0.05, 'knot': 6}",0.5423333333333333,0.5298387804209006,"{'bootstrap': True, 'ccp_alpha': 0.0, 'class_weight': 'balanced', 'criterion': 'gini', 'max_depth': None, 'max_features': 'sqrt', 'max_leaf_nodes': None, 'max_samples': None, 'min_impurity_decrease': 0.0, 'min_samples_leaf': 1, 'min_samples_split': 2, 'min_weight_fraction_leaf': 0.0, 'monotonic_cst': None, 'n_estimators': 50, 'n_jobs': None, 'oob_score': False, 'random_state': 42, 'verbose': 0, 'warm_start': False}",1.197782278060913
Chinese_wine,7,2,3,5,LinearSVC,Time_Warping,7,"{'sigma': 0.05, 'knot': 6}",0.5495555555555556,0.5153603259332585,"{'C': np.float64(33.59818286283781), 'class_weight': None, 'dual': False, 'fit_intercept': True, 'intercept_scaling': 1, 'loss': 'squared_hinge', 'max_iter': 100, 'multi_class': 'ovr', 'penalty': 'l1', 'random_state': 42, 'tol': 0.001, 'verbose': 0}",0.19872379302978516
Chinese_wine,7,2,3,5,LogisticRegression,Time_Warping,7,"{'sigma': 0.05, 'knot': 6}",0.6134444444444445,0.6044043153468731,"{'C': np.float64(1000.0), 'class_weight': 'balanced', 'dual': False, 'fit_intercept': True, 'intercept_scaling': 1, 'l1_ratio': None, 'max_iter': 100, 'multi_class': 'deprecated', 'n_jobs': None, 'penalty': 'l2', 'random_state': 42, 'solver': 'sag', 'tol': 0.0001, 'verbose': 0, 'warm_start': False}",0.1457071304321289
Chinese_wine,7,2,3,5,KNN,Time_Warping,8,"{'sigma': 0.3, 'knot': 6}",0.624,0.6189432440199472,"{'algorithm': 'auto', 'leaf_size': 30, 'metric': 'minkowski', 'metric_params': None, 'n_jobs': None, 'n_neighbors': np.int64(5), 'p': 3, 'weights': 'distance'}",0.5171566009521484
Chinese_wine,7,2,3,5,RandomForest,Time_Warping,8,"{'sigma': 0.3, 'knot': 6}",0.5601111111111111,0.5475168986163943,"{'bootstrap': True, 'ccp_alpha': 0.0, 'class_weight': 'balanced', 'criterion': 'gini', 'max_depth': None, 'max_features': 'sqrt', 'max_leaf_nodes': None, 'max_samples': None, 'min_impurity_decrease': 0.0, 'min_samples_leaf': 1, 'min_samples_split': 2, 'min_weight_fraction_leaf': 0.0, 'monotonic_cst': None, 'n_estimators': 50, 'n_jobs': None, 'oob_score': False, 'random_state': 42, 'verbose': 0, 'warm_start': False}",1.0550289154052734
Chinese_wine,7,2,3,5,LinearSVC,Time_Warping,8,"{'sigma': 0.3, 'knot': 6}",0.41155555555555556,0.32929112261477467,"{'C': np.float64(0.2069138081114788), 'class_weight': None, 'dual': False, 'fit_intercept': True, 'intercept_scaling': 1, 'loss': 'squared_hinge', 'max_iter': 100, 'multi_class': 'ovr', 'penalty': 'l2', 'random_state': 42, 'tol': 0.001, 'verbose': 0}",0.03524446487426758
Chinese_wine,7,2,3,5,LogisticRegression,Time_Warping,8,"{'sigma': 0.3, 'knot': 6}",0.45066666666666666,0.4168033008837003,"{'C': np.float64(183.29807108324337), 'class_weight': None, 'dual': False, 'fit_intercept': True, 'intercept_scaling': 1, 'l1_ratio': None, 'max_iter': 100, 'multi_class': 'deprecated', 'n_jobs': None, 'penalty': 'l2', 'random_state': 42, 'solver': 'saga', 'tol': 0.0001, 'verbose': 0, 'warm_start': False}",0.07259893417358398
Chinese_wine,7,2,3,5,KNN,Time_Warping,9,"{'sigma': 0.1, 'knot': 6}",0.6283333333333333,0.6225306568001526,"{'algorithm': 'auto', 'leaf_size': 30, 'metric': 'minkowski', 'metric_params': None, 'n_jobs': None, 'n_neighbors': np.int64(11), 'p': 4, 'weights': 'distance'}",0.5321381092071533
Chinese_wine,7,2,3,5,RandomForest,Time_Warping,9,"{'sigma': 0.1, 'knot': 6}",0.5588888888888889,0.5458679538909533,"{'bootstrap': True, 'ccp_alpha': 0.0, 'class_weight': 'balanced', 'criterion': 'gini', 'max_depth': None, 'max_features': 'sqrt', 'max_leaf_nodes': None, 'max_samples': None, 'min_impurity_decrease': 0.0, 'min_samples_leaf': 2, 'min_samples_split': 2, 'min_weight_fraction_leaf': 0.0, 'monotonic_cst': None, 'n_estimators': 150, 'n_jobs': None, 'oob_score': False, 'random_state': 42, 'verbose': 0, 'warm_start': False}",3.3880321979522705
Chinese_wine,7,2,3,5,LinearSVC,Time_Warping,9,"{'sigma': 0.1, 'knot': 6}",0.4686666666666667,0.398052429478156,"{'C': np.float64(33.59818286283781), 'class_weight': 'balanced', 'dual': False, 'fit_intercept': True, 'intercept_scaling': 1, 'loss': 'squared_hinge', 'max_iter': 100, 'multi_class': 'ovr', 'penalty': 'l1', 'random_state': 42, 'tol': 0.0001, 'verbose': 0}",0.13000822067260742
Chinese_wine,7,2,3,5,LogisticRegression,Time_Warping,9,"{'sigma': 0.1, 'knot': 6}",0.5224444444444445,0.5010223516773568,"{'C': np.float64(33.59818286283781), 'class_weight': None, 'dual': False, 'fit_intercept': True, 'intercept_scaling': 1, 'l1_ratio': None, 'max_iter': 100, 'multi_class': 'deprecated', 'n_jobs': None, 'penalty': 'l2', 'random_state': 42, 'solver': 'saga', 'tol': 0.0001, 'verbose': 0, 'warm_start': False}",0.07808732986450195
Chinese_wine,7,2,3,5,KNN,Time_Warping,10,"{'sigma': 0.1, 'knot': 8}",0.6101111111111112,0.6057072167489709,"{'algorithm': 'auto', 'leaf_size': 30, 'metric': 'minkowski', 'metric_params': None, 'n_jobs': None, 'n_neighbors': np.int64(5), 'p': 3, 'weights': 'distance'}",0.4676394462585449
Chinese_wine,7,2,3,5,RandomForest,Time_Warping,10,"{'sigma': 0.1, 'knot': 8}",0.5356666666666666,0.5195979183730909,"{'bootstrap': True, 'ccp_alpha': 0.0, 'class_weight': 'balanced', 'criterion': 'gini', 'max_depth': 30, 'max_features': 'sqrt', 'max_leaf_nodes': None, 'max_samples': None, 'min_impurity_decrease': 0.0, 'min_samples_leaf': 1, 'min_samples_split': 2, 'min_weight_fraction_leaf': 0.0, 'monotonic_cst': None, 'n_estimators': 150, 'n_jobs': None, 'oob_score': False, 'random_state': 42, 'verbose': 0, 'warm_start': False}",3.420492649078369
Chinese_wine,7,2,3,5,LinearSVC,Time_Warping,10,"{'sigma': 0.1, 'knot': 8}",0.47788888888888886,0.4152295712374531,"{'C': np.float64(33.59818286283781), 'class_weight': 'balanced', 'dual': False, 'fit_intercept': True, 'intercept_scaling': 1, 'loss': 'squared_hinge', 'max_iter': 100, 'multi_class': 'ovr', 'penalty': 'l1', 'random_state': 42, 'tol': 0.001, 'verbose': 0}",0.12036585807800293
Chinese_wine,7,2,3,5,LogisticRegression,Time_Warping,10,"{'sigma': 0.1, 'knot': 8}",0.5643333333333334,0.5462037753158082,"{'C': np.float64(33.59818286283781), 'class_weight': 'balanced', 'dual': False, 'fit_intercept': True, 'intercept_scaling': 1, 'l1_ratio': None, 'max_iter': 100, 'multi_class': 'deprecated', 'n_jobs': None, 'penalty': 'l1', 'random_state': 42, 'solver': 'saga', 'tol': 0.0001, 'verbose': 0, 'warm_start': False}",0.5912044048309326
Chinese_wine,7,2,3,10,KNN,Time_Warping,1,"{'sigma': 0.2, 'knot': 4}",0.579,0.5776640447051534,"{'algorithm': 'auto', 'leaf_size': 30, 'metric': 'minkowski', 'metric_params': None, 'n_jobs': None, 'n_neighbors': np.int64(11), 'p': 4, 'weights': 'distance'}",0.6938104629516602
Chinese_wine,7,2,3,10,RandomForest,Time_Warping,1,"{'sigma': 0.2, 'knot': 4}",0.5226666666666666,0.5129347868375387,"{'bootstrap': True, 'ccp_alpha': 0.0, 'class_weight': 'balanced', 'criterion': 'gini', 'max_depth': None, 'max_features': 'sqrt', 'max_leaf_nodes': None, 'max_samples': None, 'min_impurity_decrease': 0.0, 'min_samples_leaf': 1, 'min_samples_split': 2, 'min_weight_fraction_leaf': 0.0, 'monotonic_cst': None, 'n_estimators': 50, 'n_jobs': None, 'oob_score': False, 'random_state': 42, 'verbose': 0, 'warm_start': False}",2.4063305854797363
Chinese_wine,7,2,3,10,LinearSVC,Time_Warping,1,"{'sigma': 0.2, 'knot': 4}",0.3883333333333333,0.3096563965986474,"{'C': np.float64(183.29807108324337), 'class_weight': 'balanced', 'dual': False, 'fit_intercept': True, 'intercept_scaling': 1, 'loss': 'squared_hinge', 'max_iter': 100, 'multi_class': 'ovr', 'penalty': 'l1', 'random_state': 42, 'tol': 0.0001, 'verbose': 0}",0.12341642379760742
Chinese_wine,7,2,3,10,LogisticRegression,Time_Warping,1,"{'sigma': 0.2, 'knot': 4}",0.43777777777777777,0.4197570853610198,"{'C': np.float64(33.59818286283781), 'class_weight': None, 'dual': False, 'fit_intercept': True, 'intercept_scaling': 1, 'l1_ratio': None, 'max_iter': 100, 'multi_class': 'deprecated', 'n_jobs': None, 'penalty': 'l2', 'random_state': 42, 'solver': 'saga', 'tol': 0.0001, 'verbose': 0, 'warm_start': False}",0.15412640571594238
Chinese_wine,7,2,3,10,KNN,Time_Warping,2,"{'sigma': 0.2, 'knot': 3}",0.6097777777777778,0.6053174837932208,"{'algorithm': 'auto', 'leaf_size': 30, 'metric': 'minkowski', 'metric_params': None, 'n_jobs': None, 'n_neighbors': np.int64(5), 'p': 3, 'weights': 'distance'}",0.6298527717590332
Chinese_wine,7,2,3,10,RandomForest,Time_Warping,2,"{'sigma': 0.2, 'knot': 3}",0.514,0.5038577366766018,"{'bootstrap': True, 'ccp_alpha': 0.0, 'class_weight': 'balanced', 'criterion': 'gini', 'max_depth': None, 'max_features': 'sqrt', 'max_leaf_nodes': None, 'max_samples': None, 'min_impurity_decrease': 0.0, 'min_samples_leaf': 2, 'min_samples_split': 2, 'min_weight_fraction_leaf': 0.0, 'monotonic_cst': None, 'n_estimators': 150, 'n_jobs': None, 'oob_score': False, 'random_state': 42, 'verbose': 0, 'warm_start': False}",7.079303741455078
Chinese_wine,7,2,3,10,LinearSVC,Time_Warping,2,"{'sigma': 0.2, 'knot': 3}",0.388,0.29737120209155876,"{'C': np.float64(2.6366508987303554), 'class_weight': 'balanced', 'dual': False, 'fit_intercept': True, 'intercept_scaling': 1, 'loss': 'squared_hinge', 'max_iter': 100, 'multi_class': 'ovr', 'penalty': 'l1', 'random_state': 42, 'tol': 0.0001, 'verbose': 0}",0.10954952239990234
Chinese_wine,7,2,3,10,LogisticRegression,Time_Warping,2,"{'sigma': 0.2, 'knot': 3}",0.4401111111111111,0.42579112748380676,"{'C': np.float64(33.59818286283781), 'class_weight': 'balanced', 'dual': False, 'fit_intercept': True, 'intercept_scaling': 1, 'l1_ratio': None, 'max_iter': 100, 'multi_class': 'deprecated', 'n_jobs': None, 'penalty': 'l1', 'random_state': 42, 'solver': 'saga', 'tol': 0.0001, 'verbose': 0, 'warm_start': False}",0.2969350814819336
Chinese_wine,7,2,3,10,KNN,Time_Warping,3,"{'sigma': 0.5, 'knot': 4}",0.5867777777777777,0.5837991632973611,"{'algorithm': 'auto', 'leaf_size': 30, 'metric': 'minkowski', 'metric_params': None, 'n_jobs': None, 'n_neighbors': np.int64(17), 'p': 4, 'weights': 'distance'}",0.6402299404144287
Chinese_wine,7,2,3,10,RandomForest,Time_Warping,3,"{'sigma': 0.5, 'knot': 4}",0.49244444444444446,0.48846526211769165,"{'bootstrap': True, 'ccp_alpha': 0.0, 'class_weight': 'balanced', 'criterion': 'gini', 'max_depth': None, 'max_features': 'sqrt', 'max_leaf_nodes': None, 'max_samples': None, 'min_impurity_decrease': 0.0, 'min_samples_leaf': 1, 'min_samples_split': 2, 'min_weight_fraction_leaf': 0.0, 'monotonic_cst': None, 'n_estimators': 50, 'n_jobs': None, 'oob_score': False, 'random_state': 42, 'verbose': 0, 'warm_start': False}",2.7858238220214844
Chinese_wine,7,2,3,10,LinearSVC,Time_Warping,3,"{'sigma': 0.5, 'knot': 4}",0.25155555555555553,0.16124968933906933,"{'C': np.float64(183.29807108324337), 'class_weight': None, 'dual': False, 'fit_intercept': False, 'intercept_scaling': 1, 'loss': 'squared_hinge', 'max_iter': 100, 'multi_class': 'ovr', 'penalty': 'l2', 'random_state': 42, 'tol': 0.001, 'verbose': 0}",0.05717158317565918
Chinese_wine,7,2,3,10,LogisticRegression,Time_Warping,3,"{'sigma': 0.5, 'knot': 4}",0.3055555555555556,0.2688734971398843,"{'C': np.float64(33.59818286283781), 'class_weight': 'balanced', 'dual': False, 'fit_intercept': True, 'intercept_scaling': 1, 'l1_ratio': None, 'max_iter': 100, 'multi_class': 'deprecated', 'n_jobs': None, 'penalty': 'l2', 'random_state': 42, 'solver': 'saga', 'tol': 0.0001, 'verbose': 0, 'warm_start': False}",0.17867493629455566
Chinese_wine,7,2,3,10,KNN,Time_Warping,4,"{'sigma': 0.05, 'knot': 8}",0.6161111111111112,0.611170866679952,"{'algorithm': 'auto', 'leaf_size': 30, 'metric': 'minkowski', 'metric_params': None, 'n_jobs': None, 'n_neighbors': np.int64(5), 'p': 3, 'weights': 'distance'}",0.5657742023468018
Chinese_wine,7,2,3,10,RandomForest,Time_Warping,4,"{'sigma': 0.05, 'knot': 8}",0.5374444444444444,0.5256659788127924,"{'bootstrap': True, 'ccp_alpha': 0.0, 'class_weight': 'balanced', 'criterion': 'gini', 'max_depth': 30, 'max_features': 'sqrt', 'max_leaf_nodes': None, 'max_samples': None, 'min_impurity_decrease': 0.0, 'min_samples_leaf': 1, 'min_samples_split': 2, 'min_weight_fraction_leaf': 0.0, 'monotonic_cst': None, 'n_estimators': 150, 'n_jobs': None, 'oob_score': False, 'random_state': 42, 'verbose': 0, 'warm_start': False}",7.1135969161987305
Chinese_wine,7,2,3,10,LinearSVC,Time_Warping,4,"{'sigma': 0.05, 'knot': 8}",0.5531111111111111,0.514224502474332,"{'C': np.float64(1000.0), 'class_weight': 'balanced', 'dual': False, 'fit_intercept': True, 'intercept_scaling': 1, 'loss': 'squared_hinge', 'max_iter': 100, 'multi_class': 'ovr', 'penalty': 'l2', 'random_state': 42, 'tol': 0.001, 'verbose': 0}",0.11107707023620605
Chinese_wine,7,2,3,10,LogisticRegression,Time_Warping,4,"{'sigma': 0.05, 'knot': 8}",0.6212222222222222,0.6112392320817136,"{'C': np.float64(2.6366508987303554), 'class_weight': 'balanced', 'dual': False, 'fit_intercept': True, 'intercept_scaling': 1, 'l1_ratio': None, 'max_iter': 100, 'multi_class': 'deprecated', 'n_jobs': None, 'penalty': 'l1', 'random_state': 42, 'solver': 'saga', 'tol': 0.0001, 'verbose': 0, 'warm_start': False}",1.1427936553955078
Chinese_wine,7,2,3,10,KNN,Time_Warping,5,"{'sigma': 0.1, 'knot': 4}",0.6036666666666667,0.6005643967013042,"{'algorithm': 'auto', 'leaf_size': 30, 'metric': 'minkowski', 'metric_params': None, 'n_jobs': None, 'n_neighbors': np.int64(15), 'p': 4, 'weights': 'distance'}",0.9289193153381348
Chinese_wine,7,2,3,10,RandomForest,Time_Warping,5,"{'sigma': 0.1, 'knot': 4}",0.5142222222222222,0.5022560522473221,"{'bootstrap': True, 'ccp_alpha': 0.0, 'class_weight': 'balanced', 'criterion': 'gini', 'max_depth': 30, 'max_features': 'sqrt', 'max_leaf_nodes': None, 'max_samples': None, 'min_impurity_decrease': 0.0, 'min_samples_leaf': 1, 'min_samples_split': 2, 'min_weight_fraction_leaf': 0.0, 'monotonic_cst': None, 'n_estimators': 150, 'n_jobs': None, 'oob_score': False, 'random_state': 42, 'verbose': 0, 'warm_start': False}",7.202613115310669
Chinese_wine,7,2,3,10,LinearSVC,Time_Warping,5,"{'sigma': 0.1, 'knot': 4}",0.4641111111111111,0.389682707189137,"{'C': np.float64(1000.0), 'class_weight': 'balanced', 'dual': False, 'fit_intercept': True, 'intercept_scaling': 1, 'loss': 'squared_hinge', 'max_iter': 100, 'multi_class': 'ovr', 'penalty': 'l2', 'random_state': 42, 'tol': 0.001, 'verbose': 0}",0.09934401512145996
Chinese_wine,7,2,3,10,LogisticRegression,Time_Warping,5,"{'sigma': 0.1, 'knot': 4}",0.5313333333333333,0.5092958175993763,"{'C': np.float64(33.59818286283781), 'class_weight': 'balanced', 'dual': False, 'fit_intercept': True, 'intercept_scaling': 1, 'l1_ratio': None, 'max_iter': 100, 'multi_class': 'deprecated', 'n_jobs': None, 'penalty': 'l1', 'random_state': 42, 'solver': 'saga', 'tol': 0.0001, 'verbose': 0, 'warm_start': False}",1.1812613010406494
Chinese_wine,7,2,3,10,KNN,Time_Warping,6,"{'sigma': 0.3, 'knot': 6}",0.6208888888888889,0.617633118517719,"{'algorithm': 'auto', 'leaf_size': 30, 'metric': 'minkowski', 'metric_params': None, 'n_jobs': None, 'n_neighbors': np.int64(11), 'p': 4, 'weights': 'distance'}",0.6387574672698975
Chinese_wine,7,2,3,10,RandomForest,Time_Warping,6,"{'sigma': 0.3, 'knot': 6}",0.5474444444444444,0.5397606842843006,"{'bootstrap': True, 'ccp_alpha': 0.0, 'class_weight': 'balanced', 'criterion': 'gini', 'max_depth': 30, 'max_features': 'sqrt', 'max_leaf_nodes': None, 'max_samples': None, 'min_impurity_decrease': 0.0, 'min_samples_leaf': 1, 'min_samples_split': 2, 'min_weight_fraction_leaf': 0.0, 'monotonic_cst': None, 'n_estimators': 150, 'n_jobs': None, 'oob_score': False, 'random_state': 42, 'verbose': 0, 'warm_start': False}",7.343896389007568
Chinese_wine,7,2,3,10,LinearSVC,Time_Warping,6,"{'sigma': 0.3, 'knot': 6}",0.3721111111111111,0.2635571785972548,"{'C': np.float64(2.6366508987303554), 'class_weight': 'balanced', 'dual': False, 'fit_intercept': True, 'intercept_scaling': 1, 'loss': 'squared_hinge', 'max_iter': 100, 'multi_class': 'ovr', 'penalty': 'l1', 'random_state': 42, 'tol': 0.0001, 'verbose': 0}",0.10582423210144043
Chinese_wine,7,2,3,10,LogisticRegression,Time_Warping,6,"{'sigma': 0.3, 'knot': 6}",0.1,0.018181818181818184,"{'C': np.float64(0.00023357214690901212), 'class_weight': None, 'dual': False, 'fit_intercept': True, 'intercept_scaling': 1, 'l1_ratio': None, 'max_iter': 100, 'multi_class': 'deprecated', 'n_jobs': None, 'penalty': 'l1', 'random_state': 42, 'solver': 'saga', 'tol': 0.0001, 'verbose': 0, 'warm_start': False}",0.05650448799133301
Chinese_wine,7,2,3,10,KNN,Time_Warping,7,"{'sigma': 0.05, 'knot': 6}",0.6055555555555555,0.6031281846096062,"{'algorithm': 'auto', 'leaf_size': 30, 'metric': 'minkowski', 'metric_params': None, 'n_jobs': None, 'n_neighbors': np.int64(15), 'p': 4, 'weights': 'distance'}",0.7715764045715332
Chinese_wine,7,2,3,10,RandomForest,Time_Warping,7,"{'sigma': 0.05, 'knot': 6}",0.5254444444444445,0.5161792611222487,"{'bootstrap': True, 'ccp_alpha': 0.0, 'class_weight': 'balanced', 'criterion': 'gini', 'max_depth': 30, 'max_features': 'sqrt', 'max_leaf_nodes': None, 'max_samples': None, 'min_impurity_decrease': 0.0, 'min_samples_leaf': 1, 'min_samples_split': 2, 'min_weight_fraction_leaf': 0.0, 'monotonic_cst': None, 'n_estimators': 150, 'n_jobs': None, 'oob_score': False, 'random_state': 42, 'verbose': 0, 'warm_start': False}",7.158991575241089
Chinese_wine,7,2,3,10,LinearSVC,Time_Warping,7,"{'sigma': 0.05, 'knot': 6}",0.5565555555555556,0.5249483116374406,"{'C': np.float64(33.59818286283781), 'class_weight': 'balanced', 'dual': False, 'fit_intercept': True, 'intercept_scaling': 1, 'loss': 'squared_hinge', 'max_iter': 100, 'multi_class': 'ovr', 'penalty': 'l1', 'random_state': 42, 'tol': 0.0001, 'verbose': 0}",0.3743143081665039
Chinese_wine,7,2,3,10,LogisticRegression,Time_Warping,7,"{'sigma': 0.05, 'knot': 6}",0.6145555555555555,0.606903939837755,"{'C': np.float64(33.59818286283781), 'class_weight': 'balanced', 'dual': False, 'fit_intercept': True, 'intercept_scaling': 1, 'l1_ratio': None, 'max_iter': 100, 'multi_class': 'deprecated', 'n_jobs': None, 'penalty': 'l2', 'random_state': 42, 'solver': 'saga', 'tol': 0.0001, 'verbose': 0, 'warm_start': False}",0.1837472915649414
Chinese_wine,7,2,3,10,KNN,Time_Warping,8,"{'sigma': 0.3, 'knot': 6}",0.5981111111111111,0.5957596012176205,"{'algorithm': 'auto', 'leaf_size': 30, 'metric': 'minkowski', 'metric_params': None, 'n_jobs': None, 'n_neighbors': np.int64(11), 'p': 4, 'weights': 'distance'}",0.7088444232940674
Chinese_wine,7,2,3,10,RandomForest,Time_Warping,8,"{'sigma': 0.3, 'knot': 6}",0.5132222222222222,0.5044472316606519,"{'bootstrap': True, 'ccp_alpha': 0.0, 'class_weight': None, 'criterion': 'gini', 'max_depth': 20, 'max_features': 'sqrt', 'max_leaf_nodes': None, 'max_samples': None, 'min_impurity_decrease': 0.0, 'min_samples_leaf': 2, 'min_samples_split': 2, 'min_weight_fraction_leaf': 0.0, 'monotonic_cst': None, 'n_estimators': 50, 'n_jobs': None, 'oob_score': False, 'random_state': 42, 'verbose': 0, 'warm_start': False}",2.296013355255127
Chinese_wine,7,2,3,10,LinearSVC,Time_Warping,8,"{'sigma': 0.3, 'knot': 6}",0.3472222222222222,0.2323489916092941,"{'C': np.float64(6.1584821106602545), 'class_weight': 'balanced', 'dual': False, 'fit_intercept': False, 'intercept_scaling': 1, 'loss': 'squared_hinge', 'max_iter': 100, 'multi_class': 'ovr', 'penalty': 'l2', 'random_state': 42, 'tol': 0.0001, 'verbose': 0}",0.0669546127319336
Chinese_wine,7,2,3,10,LogisticRegression,Time_Warping,8,"{'sigma': 0.3, 'knot': 6}",0.41155555555555556,0.38328048203625703,"{'C': np.float64(33.59818286283781), 'class_weight': 'balanced', 'dual': False, 'fit_intercept': True, 'intercept_scaling': 1, 'l1_ratio': None, 'max_iter': 100, 'multi_class': 'deprecated', 'n_jobs': None, 'penalty': 'l1', 'random_state': 42, 'solver': 'saga', 'tol': 0.0001, 'verbose': 0, 'warm_start': False}",1.159942865371704
Chinese_wine,7,2,3,10,KNN,Time_Warping,9,"{'sigma': 0.1, 'knot': 6}",0.6188888888888889,0.6154074370645821,"{'algorithm': 'auto', 'leaf_size': 30, 'metric': 'manhattan', 'metric_params': None, 'n_jobs': None, 'n_neighbors': np.int64(5), 'p': 2, 'weights': 'distance'}",0.2842721939086914
Chinese_wine,7,2,3,10,RandomForest,Time_Warping,9,"{'sigma': 0.1, 'knot': 6}",0.5333333333333333,0.5230915073248095,"{'bootstrap': True, 'ccp_alpha': 0.0, 'class_weight': 'balanced', 'criterion': 'gini', 'max_depth': 30, 'max_features': 'sqrt', 'max_leaf_nodes': None, 'max_samples': None, 'min_impurity_decrease': 0.0, 'min_samples_leaf': 1, 'min_samples_split': 2, 'min_weight_fraction_leaf': 0.0, 'monotonic_cst': None, 'n_estimators': 150, 'n_jobs': None, 'oob_score': False, 'random_state': 42, 'verbose': 0, 'warm_start': False}",7.211769342422485
Chinese_wine,7,2,3,10,LinearSVC,Time_Warping,9,"{'sigma': 0.1, 'knot': 6}",0.38766666666666666,0.25846089902528024,"{'C': np.float64(0.4832930238571752), 'class_weight': None, 'dual': False, 'fit_intercept': False, 'intercept_scaling': 1, 'loss': 'squared_hinge', 'max_iter': 100, 'multi_class': 'ovr', 'penalty': 'l2', 'random_state': 42, 'tol': 0.0001, 'verbose': 0}",0.08428812026977539
Chinese_wine,7,2,3,10,LogisticRegression,Time_Warping,9,"{'sigma': 0.1, 'knot': 6}",0.5333333333333333,0.5087910873279355,"{'C': np.float64(33.59818286283781), 'class_weight': 'balanced', 'dual': False, 'fit_intercept': True, 'intercept_scaling': 1, 'l1_ratio': None, 'max_iter': 100, 'multi_class': 'deprecated', 'n_jobs': None, 'penalty': 'l2', 'random_state': 42, 'solver': 'saga', 'tol': 0.0001, 'verbose': 0, 'warm_start': False}",0.17592477798461914
Chinese_wine,7,2,3,10,KNN,Time_Warping,10,"{'sigma': 0.1, 'knot': 8}",0.5988888888888889,0.6009829845461218,"{'algorithm': 'auto', 'leaf_size': 30, 'metric': 'minkowski', 'metric_params': None, 'n_jobs': None, 'n_neighbors': np.int64(5), 'p': 3, 'weights': 'distance'}",0.7727501392364502
Chinese_wine,7,2,3,10,RandomForest,Time_Warping,10,"{'sigma': 0.1, 'knot': 8}",0.5188888888888888,0.5099736897002916,"{'bootstrap': True, 'ccp_alpha': 0.0, 'class_weight': 'balanced', 'criterion': 'gini', 'max_depth': 30, 'max_features': 'sqrt', 'max_leaf_nodes': None, 'max_samples': None, 'min_impurity_decrease': 0.0, 'min_samples_leaf': 1, 'min_samples_split': 2, 'min_weight_fraction_leaf': 0.0, 'monotonic_cst': None, 'n_estimators': 150, 'n_jobs': None, 'oob_score': False, 'random_state': 42, 'verbose': 0, 'warm_start': False}",7.6753504276275635
Chinese_wine,7,2,3,10,LinearSVC,Time_Warping,10,"{'sigma': 0.1, 'knot': 8}",0.475,0.40694737033360756,"{'C': np.float64(1000.0), 'class_weight': 'balanced', 'dual': False, 'fit_intercept': True, 'intercept_scaling': 1, 'loss': 'squared_hinge', 'max_iter': 100, 'multi_class': 'ovr', 'penalty': 'l2', 'random_state': 42, 'tol': 0.001, 'verbose': 0}",0.09206891059875488
Chinese_wine,7,2,3,10,LogisticRegression,Time_Warping,10,"{'sigma': 0.1, 'knot': 8}",0.5537777777777778,0.5347880760285644,"{'C': np.float64(33.59818286283781), 'class_weight': 'balanced', 'dual': False, 'fit_intercept': True, 'intercept_scaling': 1, 'l1_ratio': None, 'max_iter': 100, 'multi_class': 'deprecated', 'n_jobs': None, 'penalty': 'l1', 'random_state': 42, 'solver': 'saga', 'tol': 0.0001, 'verbose': 0, 'warm_start': False}",1.1913363933563232
Chinese_wine,7,2,4,1,KNN,Baseline,N/A,N/A,0.6006666666666667,0.5979501500369364,"{'algorithm': 'auto', 'leaf_size': 30, 'metric': 'minkowski', 'metric_params': None, 'n_jobs': None, 'n_neighbors': 5, 'p': 2, 'weights': 'uniform'}",0.3749551773071289
Chinese_wine,7,2,4,1,KNN,Tuned_Baseline,N/A,N/A,0.6064444444444445,0.6034486140999678,"{'algorithm': 'auto', 'leaf_size': 30, 'metric': 'minkowski', 'metric_params': None, 'n_jobs': None, 'n_neighbors': np.int64(13), 'p': 4, 'weights': 'distance'}",0.2070004940032959
Chinese_wine,7,2,4,1,RandomForest,Baseline,N/A,N/A,0.5433333333333333,0.5395635719909355,"{'bootstrap': True, 'ccp_alpha': 0.0, 'class_weight': None, 'criterion': 'gini', 'max_depth': None, 'max_features': 'sqrt', 'max_leaf_nodes': None, 'max_samples': None, 'min_impurity_decrease': 0.0, 'min_samples_leaf': 1, 'min_samples_split': 2, 'min_weight_fraction_leaf': 0.0, 'monotonic_cst': None, 'n_estimators': 100, 'n_jobs': None, 'oob_score': False, 'random_state': 42, 'verbose': 0, 'warm_start': False}",0.46355605125427246
Chinese_wine,7,2,4,1,RandomForest,Tuned_Baseline,N/A,N/A,0.5436666666666666,0.5392164447522544,"{'bootstrap': True, 'ccp_alpha': 0.0, 'class_weight': 'balanced', 'criterion': 'gini', 'max_depth': 30, 'max_features': 'sqrt', 'max_leaf_nodes': None, 'max_samples': None, 'min_impurity_decrease': 0.0, 'min_samples_leaf': 1, 'min_samples_split': 2, 'min_weight_fraction_leaf': 0.0, 'monotonic_cst': None, 'n_estimators': 150, 'n_jobs': None, 'oob_score': False, 'random_state': 42, 'verbose': 0, 'warm_start': False}",0.07238888740539551
Chinese_wine,7,2,4,1,LinearSVC,Baseline,N/A,N/A,0.6383333333333333,0.6206103655960464,"{'C': 1.0, 'class_weight': None, 'dual': False, 'fit_intercept': True, 'intercept_scaling': 1, 'loss': 'squared_hinge', 'max_iter': 100, 'multi_class': 'ovr', 'penalty': 'l2', 'random_state': 42, 'tol': 0.0001, 'verbose': 0}",0.012014389038085938
Chinese_wine,7,2,4,1,LinearSVC,Tuned_Baseline,N/A,N/A,0.6582222222222223,0.6552096860936962,"{'C': np.float64(1000.0), 'class_weight': 'balanced', 'dual': False, 'fit_intercept': True, 'intercept_scaling': 1, 'loss': 'squared_hinge', 'max_iter': 100, 'multi_class': 'ovr', 'penalty': 'l2', 'random_state': 42, 'tol': 0.001, 'verbose': 0}",0.0008890628814697266
Chinese_wine,7,2,4,1,LogisticRegression,Baseline,N/A,N/A,0.6151111111111112,0.6078221748756603,"{'C': 1.0, 'class_weight': None, 'dual': False, 'fit_intercept': True, 'intercept_scaling': 1, 'l1_ratio': None, 'max_iter': 100, 'multi_class': 'deprecated', 'n_jobs': None, 'penalty': 'l2', 'random_state': 42, 'solver': 'lbfgs', 'tol': 0.0001, 'verbose': 0, 'warm_start': False}",0.07040858268737793
Chinese_wine,7,2,4,1,LogisticRegression,Tuned_Baseline,N/A,N/A,0.6535555555555556,0.6480827190081749,"{'C': np.float64(183.29807108324337), 'class_weight': None, 'dual': False, 'fit_intercept': True, 'intercept_scaling': 1, 'l1_ratio': None, 'max_iter': 100, 'multi_class': 'deprecated', 'n_jobs': None, 'penalty': 'l2', 'random_state': 42, 'solver': 'saga', 'tol': 0.0001, 'verbose': 0, 'warm_start': False}",0.0010478496551513672
Chinese_wine,7,2,4,1,RNN,Tuned_Baseline,N/A,N/A,0.1,0.018181818181818184,"{'hidden_size': 64, 'epochs': 10, 'batch_size': 32, 'lr': 0.001}",5.1021575927734375e-05
Chinese_wine,7,2,4,2,KNN,Time_Warping,1,"{'sigma': 0.2, 'knot': 4}",0.6154444444444445,0.6115561350798493,"{'algorithm': 'auto', 'leaf_size': 30, 'metric': 'minkowski', 'metric_params': None, 'n_jobs': None, 'n_neighbors': np.int64(5), 'p': 3, 'weights': 'distance'}",0.2673521041870117
Chinese_wine,7,2,4,2,RandomForest,Time_Warping,1,"{'sigma': 0.2, 'knot': 4}",0.5501111111111111,0.543364799772659,"{'bootstrap': True, 'ccp_alpha': 0.0, 'class_weight': 'balanced', 'criterion': 'gini', 'max_depth': 30, 'max_features': 'sqrt', 'max_leaf_nodes': None, 'max_samples': None, 'min_impurity_decrease': 0.0, 'min_samples_leaf': 1, 'min_samples_split': 2, 'min_weight_fraction_leaf': 0.0, 'monotonic_cst': None, 'n_estimators': 150, 'n_jobs': None, 'oob_score': False, 'random_state': 42, 'verbose': 0, 'warm_start': False}",1.5541582107543945
Chinese_wine,7,2,4,2,LinearSVC,Time_Warping,1,"{'sigma': 0.2, 'knot': 4}",0.4116666666666667,0.3811154057397205,"{'C': np.float64(1000.0), 'class_weight': 'balanced', 'dual': False, 'fit_intercept': True, 'intercept_scaling': 1, 'loss': 'squared_hinge', 'max_iter': 100, 'multi_class': 'ovr', 'penalty': 'l2', 'random_state': 42, 'tol': 0.001, 'verbose': 0}",0.016334056854248047
Chinese_wine,7,2,4,2,LogisticRegression,Time_Warping,1,"{'sigma': 0.2, 'knot': 4}",0.4458888888888889,0.4362485850263111,"{'C': np.float64(33.59818286283781), 'class_weight': 'balanced', 'dual': False, 'fit_intercept': True, 'intercept_scaling': 1, 'l1_ratio': None, 'max_iter': 100, 'multi_class': 'deprecated', 'n_jobs': None, 'penalty': 'l2', 'random_state': 42, 'solver': 'saga', 'tol': 0.0001, 'verbose': 0, 'warm_start': False}",0.38105273246765137
Chinese_wine,7,2,4,2,KNN,Time_Warping,2,"{'sigma': 0.2, 'knot': 3}",0.6112222222222222,0.6072301289548462,"{'algorithm': 'auto', 'leaf_size': 30, 'metric': 'minkowski', 'metric_params': None, 'n_jobs': None, 'n_neighbors': np.int64(5), 'p': 3, 'weights': 'distance'}",0.254457950592041
Chinese_wine,7,2,4,2,RandomForest,Time_Warping,2,"{'sigma': 0.2, 'knot': 3}",0.5396666666666666,0.531976025330201,"{'bootstrap': True, 'ccp_alpha': 0.0, 'class_weight': 'balanced', 'criterion': 'gini', 'max_depth': 30, 'max_features': 'sqrt', 'max_leaf_nodes': None, 'max_samples': None, 'min_impurity_decrease': 0.0, 'min_samples_leaf': 1, 'min_samples_split': 2, 'min_weight_fraction_leaf': 0.0, 'monotonic_cst': None, 'n_estimators': 150, 'n_jobs': None, 'oob_score': False, 'random_state': 42, 'verbose': 0, 'warm_start': False}",1.8019592761993408
Chinese_wine,7,2,4,2,LinearSVC,Time_Warping,2,"{'sigma': 0.2, 'knot': 3}",0.4728888888888889,0.4539873079226736,"{'C': np.float64(1000.0), 'class_weight': 'balanced', 'dual': False, 'fit_intercept': True, 'intercept_scaling': 1, 'loss': 'squared_hinge', 'max_iter': 100, 'multi_class': 'ovr', 'penalty': 'l2', 'random_state': 42, 'tol': 0.001, 'verbose': 0}",0.024730920791625977
Chinese_wine,7,2,4,2,LogisticRegression,Time_Warping,2,"{'sigma': 0.2, 'knot': 3}",0.5012222222222222,0.4965707182121438,"{'C': np.float64(183.29807108324337), 'class_weight': 'balanced', 'dual': False, 'fit_intercept': True, 'intercept_scaling': 1, 'l1_ratio': None, 'max_iter': 100, 'multi_class': 'deprecated', 'n_jobs': None, 'penalty': 'l1', 'random_state': 42, 'solver': 'saga', 'tol': 0.0001, 'verbose': 0, 'warm_start': False}",0.20480728149414062
Chinese_wine,7,2,4,2,KNN,Time_Warping,3,"{'sigma': 0.5, 'knot': 4}",0.6107777777777778,0.6070361851372369,"{'algorithm': 'auto', 'leaf_size': 30, 'metric': 'minkowski', 'metric_params': None, 'n_jobs': None, 'n_neighbors': np.int64(5), 'p': 3, 'weights': 'distance'}",0.22742700576782227
Chinese_wine,7,2,4,2,RandomForest,Time_Warping,3,"{'sigma': 0.5, 'knot': 4}",0.5492222222222222,0.5451025977660702,"{'bootstrap': True, 'ccp_alpha': 0.0, 'class_weight': 'balanced', 'criterion': 'gini', 'max_depth': 30, 'max_features': 'sqrt', 'max_leaf_nodes': None, 'max_samples': None, 'min_impurity_decrease': 0.0, 'min_samples_leaf': 1, 'min_samples_split': 2, 'min_weight_fraction_leaf': 0.0, 'monotonic_cst': None, 'n_estimators': 150, 'n_jobs': None, 'oob_score': False, 'random_state': 42, 'verbose': 0, 'warm_start': False}",1.4903249740600586
Chinese_wine,7,2,4,2,LinearSVC,Time_Warping,3,"{'sigma': 0.5, 'knot': 4}",0.3641111111111111,0.293958519088605,"{'C': np.float64(33.59818286283781), 'class_weight': None, 'dual': False, 'fit_intercept': True, 'intercept_scaling': 1, 'loss': 'squared_hinge', 'max_iter': 100, 'multi_class': 'ovr', 'penalty': 'l1', 'random_state': 42, 'tol': 0.001, 'verbose': 0}",0.028095483779907227
Chinese_wine,7,2,4,2,LogisticRegression,Time_Warping,3,"{'sigma': 0.5, 'knot': 4}",0.38666666666666666,0.3705427078588567,"{'C': np.float64(183.29807108324337), 'class_weight': None, 'dual': False, 'fit_intercept': True, 'intercept_scaling': 1, 'l1_ratio': None, 'max_iter': 100, 'multi_class': 'deprecated', 'n_jobs': None, 'penalty': 'l2', 'random_state': 42, 'solver': 'saga', 'tol': 0.0001, 'verbose': 0, 'warm_start': False}",0.07145571708679199
Chinese_wine,7,2,4,2,KNN,Time_Warping,4,"{'sigma': 0.05, 'knot': 8}",0.6052222222222222,0.601336169375168,"{'algorithm': 'auto', 'leaf_size': 30, 'metric': 'minkowski', 'metric_params': None, 'n_jobs': None, 'n_neighbors': np.int64(5), 'p': 3, 'weights': 'distance'}",0.25829100608825684
Chinese_wine,7,2,4,2,RandomForest,Time_Warping,4,"{'sigma': 0.05, 'knot': 8}",0.5455555555555556,0.5402155602701233,"{'bootstrap': True, 'ccp_alpha': 0.0, 'class_weight': None, 'criterion': 'gini', 'max_depth': 20, 'max_features': 'sqrt', 'max_leaf_nodes': None, 'max_samples': None, 'min_impurity_decrease': 0.0, 'min_samples_leaf': 1, 'min_samples_split': 2, 'min_weight_fraction_leaf': 0.0, 'monotonic_cst': None, 'n_estimators': 100, 'n_jobs': None, 'oob_score': False, 'random_state': 42, 'verbose': 0, 'warm_start': False}",0.9013640880584717
Chinese_wine,7,2,4,2,LinearSVC,Time_Warping,4,"{'sigma': 0.05, 'knot': 8}",0.5761111111111111,0.5565349731544998,"{'C': np.float64(1000.0), 'class_weight': 'balanced', 'dual': False, 'fit_intercept': True, 'intercept_scaling': 1, 'loss': 'squared_hinge', 'max_iter': 100, 'multi_class': 'ovr', 'penalty': 'l2', 'random_state': 42, 'tol': 0.001, 'verbose': 0}",0.022211790084838867
Chinese_wine,7,2,4,2,LogisticRegression,Time_Warping,4,"{'sigma': 0.05, 'knot': 8}",0.5638888888888889,0.5652894975530682,"{'C': np.float64(1000.0), 'class_weight': 'balanced', 'dual': False, 'fit_intercept': True, 'intercept_scaling': 1, 'l1_ratio': None, 'max_iter': 100, 'multi_class': 'deprecated', 'n_jobs': None, 'penalty': 'l2', 'random_state': 42, 'solver': 'sag', 'tol': 0.0001, 'verbose': 0, 'warm_start': False}",0.13426756858825684
Chinese_wine,7,2,4,2,KNN,Time_Warping,5,"{'sigma': 0.1, 'knot': 4}",0.6103333333333333,0.6057714328932355,"{'algorithm': 'auto', 'leaf_size': 30, 'metric': 'minkowski', 'metric_params': None, 'n_jobs': None, 'n_neighbors': np.int64(5), 'p': 3, 'weights': 'distance'}",0.23880934715270996
Chinese_wine,7,2,4,2,RandomForest,Time_Warping,5,"{'sigma': 0.1, 'knot': 4}",0.5401111111111111,0.5338839832673188,"{'bootstrap': True, 'ccp_alpha': 0.0, 'class_weight': None, 'criterion': 'gini', 'max_depth': 20, 'max_features': 'sqrt', 'max_leaf_nodes': None, 'max_samples': None, 'min_impurity_decrease': 0.0, 'min_samples_leaf': 1, 'min_samples_split': 2, 'min_weight_fraction_leaf': 0.0, 'monotonic_cst': None, 'n_estimators': 100, 'n_jobs': None, 'oob_score': False, 'random_state': 42, 'verbose': 0, 'warm_start': False}",0.9155678749084473
Chinese_wine,7,2,4,2,LinearSVC,Time_Warping,5,"{'sigma': 0.1, 'knot': 4}",0.5896666666666667,0.5666156419277267,"{'C': np.float64(183.29807108324337), 'class_weight': 'balanced', 'dual': False, 'fit_intercept': True, 'intercept_scaling': 1, 'loss': 'squared_hinge', 'max_iter': 100, 'multi_class': 'ovr', 'penalty': 'l1', 'random_state': 42, 'tol': 0.0001, 'verbose': 0}",0.07756376266479492
Chinese_wine,7,2,4,2,LogisticRegression,Time_Warping,5,"{'sigma': 0.1, 'knot': 4}",0.5573333333333333,0.5570174056311858,"{'C': np.float64(33.59818286283781), 'class_weight': 'balanced', 'dual': False, 'fit_intercept': True, 'intercept_scaling': 1, 'l1_ratio': None, 'max_iter': 100, 'multi_class': 'deprecated', 'n_jobs': None, 'penalty': 'l2', 'random_state': 42, 'solver': 'saga', 'tol': 0.0001, 'verbose': 0, 'warm_start': False}",0.15677571296691895
Chinese_wine,7,2,4,2,KNN,Time_Warping,6,"{'sigma': 0.3, 'knot': 6}",0.5971111111111111,0.5953649657152571,"{'algorithm': 'auto', 'leaf_size': 30, 'metric': 'euclidean', 'metric_params': None, 'n_jobs': None, 'n_neighbors': np.int64(9), 'p': 2, 'weights': 'distance'}",0.07811260223388672
Chinese_wine,7,2,4,2,RandomForest,Time_Warping,6,"{'sigma': 0.3, 'knot': 6}",0.5377777777777778,0.5324308188238948,"{'bootstrap': True, 'ccp_alpha': 0.0, 'class_weight': 'balanced', 'criterion': 'gini', 'max_depth': None, 'max_features': 'sqrt', 'max_leaf_nodes': None, 'max_samples': None, 'min_impurity_decrease': 0.0, 'min_samples_leaf': 1, 'min_samples_split': 2, 'min_weight_fraction_leaf': 0.0, 'monotonic_cst': None, 'n_estimators': 50, 'n_jobs': None, 'oob_score': False, 'random_state': 42, 'verbose': 0, 'warm_start': False}",0.4420204162597656
Chinese_wine,7,2,4,2,LinearSVC,Time_Warping,6,"{'sigma': 0.3, 'knot': 6}",0.4597777777777778,0.4315940988609552,"{'C': np.float64(33.59818286283781), 'class_weight': 'balanced', 'dual': False, 'fit_intercept': True, 'intercept_scaling': 1, 'loss': 'squared_hinge', 'max_iter': 100, 'multi_class': 'ovr', 'penalty': 'l1', 'random_state': 42, 'tol': 0.0001, 'verbose': 0}",0.0500640869140625
Chinese_wine,7,2,4,2,LogisticRegression,Time_Warping,6,"{'sigma': 0.3, 'knot': 6}",0.44633333333333336,0.4425149305659458,"{'C': np.float64(33.59818286283781), 'class_weight': 'balanced', 'dual': False, 'fit_intercept': True, 'intercept_scaling': 1, 'l1_ratio': None, 'max_iter': 100, 'multi_class': 'deprecated', 'n_jobs': None, 'penalty': 'l1', 'random_state': 42, 'solver': 'saga', 'tol': 0.0001, 'verbose': 0, 'warm_start': False}",0.23898077011108398
Chinese_wine,7,2,4,2,KNN,Time_Warping,7,"{'sigma': 0.05, 'knot': 6}",0.6065555555555555,0.6022167264644005,"{'algorithm': 'auto', 'leaf_size': 30, 'metric': 'minkowski', 'metric_params': None, 'n_jobs': None, 'n_neighbors': np.int64(5), 'p': 3, 'weights': 'distance'}",0.28942084312438965
Chinese_wine,7,2,4,2,RandomForest,Time_Warping,7,"{'sigma': 0.05, 'knot': 6}",0.5492222222222222,0.543461874222635,"{'bootstrap': True, 'ccp_alpha': 0.0, 'class_weight': 'balanced', 'criterion': 'gini', 'max_depth': 30, 'max_features': 'sqrt', 'max_leaf_nodes': None, 'max_samples': None, 'min_impurity_decrease': 0.0, 'min_samples_leaf': 1, 'min_samples_split': 2, 'min_weight_fraction_leaf': 0.0, 'monotonic_cst': None, 'n_estimators': 150, 'n_jobs': None, 'oob_score': False, 'random_state': 42, 'verbose': 0, 'warm_start': False}",1.3527727127075195
Chinese_wine,7,2,4,2,LinearSVC,Time_Warping,7,"{'sigma': 0.05, 'knot': 6}",0.5845555555555556,0.5573164090110871,"{'C': np.float64(1000.0), 'class_weight': 'balanced', 'dual': False, 'fit_intercept': True, 'intercept_scaling': 1, 'loss': 'squared_hinge', 'max_iter': 100, 'multi_class': 'ovr', 'penalty': 'l2', 'random_state': 42, 'tol': 0.001, 'verbose': 0}",0.02074265480041504
Chinese_wine,7,2,4,2,LogisticRegression,Time_Warping,7,"{'sigma': 0.05, 'knot': 6}",0.5508888888888889,0.5457860743693229,"{'C': np.float64(183.29807108324337), 'class_weight': 'balanced', 'dual': False, 'fit_intercept': True, 'intercept_scaling': 1, 'l1_ratio': None, 'max_iter': 100, 'multi_class': 'deprecated', 'n_jobs': None, 'penalty': 'l1', 'random_state': 42, 'solver': 'saga', 'tol': 0.0001, 'verbose': 0, 'warm_start': False}",0.27303457260131836
Chinese_wine,7,2,4,2,KNN,Time_Warping,8,"{'sigma': 0.3, 'knot': 6}",0.6068888888888889,0.6032706685526937,"{'algorithm': 'auto', 'leaf_size': 30, 'metric': 'minkowski', 'metric_params': None, 'n_jobs': None, 'n_neighbors': np.int64(5), 'p': 3, 'weights': 'distance'}",0.29529762268066406
Chinese_wine,7,2,4,2,RandomForest,Time_Warping,8,"{'sigma': 0.3, 'knot': 6}",0.5481111111111111,0.5393413043873971,"{'bootstrap': True, 'ccp_alpha': 0.0, 'class_weight': None, 'criterion': 'gini', 'max_depth': 20, 'max_features': 'sqrt', 'max_leaf_nodes': None, 'max_samples': None, 'min_impurity_decrease': 0.0, 'min_samples_leaf': 1, 'min_samples_split': 2, 'min_weight_fraction_leaf': 0.0, 'monotonic_cst': None, 'n_estimators': 100, 'n_jobs': None, 'oob_score': False, 'random_state': 42, 'verbose': 0, 'warm_start': False}",0.9214489459991455
Chinese_wine,7,2,4,2,LinearSVC,Time_Warping,8,"{'sigma': 0.3, 'knot': 6}",0.494,0.4491623429914914,"{'C': np.float64(33.59818286283781), 'class_weight': None, 'dual': False, 'fit_intercept': True, 'intercept_scaling': 1, 'loss': 'squared_hinge', 'max_iter': 100, 'multi_class': 'ovr', 'penalty': 'l1', 'random_state': 42, 'tol': 0.001, 'verbose': 0}",0.0339205265045166
Chinese_wine,7,2,4,2,LogisticRegression,Time_Warping,8,"{'sigma': 0.3, 'knot': 6}",0.48544444444444446,0.47088329267620116,"{'C': np.float64(33.59818286283781), 'class_weight': 'balanced', 'dual': False, 'fit_intercept': True, 'intercept_scaling': 1, 'l1_ratio': None, 'max_iter': 100, 'multi_class': 'deprecated', 'n_jobs': None, 'penalty': 'l2', 'random_state': 42, 'solver': 'saga', 'tol': 0.0001, 'verbose': 0, 'warm_start': False}",0.0474393367767334
Chinese_wine,7,2,4,2,KNN,Time_Warping,9,"{'sigma': 0.1, 'knot': 6}",0.6046666666666667,0.6001102844392945,"{'algorithm': 'auto', 'leaf_size': 30, 'metric': 'minkowski', 'metric_params': None, 'n_jobs': None, 'n_neighbors': np.int64(5), 'p': 3, 'weights': 'distance'}",0.29626941680908203
Chinese_wine,7,2,4,2,RandomForest,Time_Warping,9,"{'sigma': 0.1, 'knot': 6}",0.542,0.5363488311148635,"{'bootstrap': True, 'ccp_alpha': 0.0, 'class_weight': None, 'criterion': 'gini', 'max_depth': 20, 'max_features': 'sqrt', 'max_leaf_nodes': None, 'max_samples': None, 'min_impurity_decrease': 0.0, 'min_samples_leaf': 1, 'min_samples_split': 2, 'min_weight_fraction_leaf': 0.0, 'monotonic_cst': None, 'n_estimators': 100, 'n_jobs': None, 'oob_score': False, 'random_state': 42, 'verbose': 0, 'warm_start': False}",0.8140256404876709
Chinese_wine,7,2,4,2,LinearSVC,Time_Warping,9,"{'sigma': 0.1, 'knot': 6}",0.5096666666666667,0.4867151347337412,"{'C': np.float64(33.59818286283781), 'class_weight': 'balanced', 'dual': False, 'fit_intercept': True, 'intercept_scaling': 1, 'loss': 'squared_hinge', 'max_iter': 100, 'multi_class': 'ovr', 'penalty': 'l1', 'random_state': 42, 'tol': 0.0001, 'verbose': 0}",0.0769803524017334
Chinese_wine,7,2,4,2,LogisticRegression,Time_Warping,9,"{'sigma': 0.1, 'knot': 6}",0.5093333333333333,0.5003468011951434,"{'C': np.float64(1000.0), 'class_weight': 'balanced', 'dual': False, 'fit_intercept': True, 'intercept_scaling': 1, 'l1_ratio': None, 'max_iter': 100, 'multi_class': 'deprecated', 'n_jobs': None, 'penalty': 'l2', 'random_state': 42, 'solver': 'sag', 'tol': 0.0001, 'verbose': 0, 'warm_start': False}",0.08590579032897949
Chinese_wine,7,2,4,2,KNN,Time_Warping,10,"{'sigma': 0.1, 'knot': 8}",0.6016666666666667,0.597035826405329,"{'algorithm': 'auto', 'leaf_size': 30, 'metric': 'minkowski', 'metric_params': None, 'n_jobs': None, 'n_neighbors': np.int64(5), 'p': 3, 'weights': 'distance'}",0.28200221061706543
Chinese_wine,7,2,4,2,RandomForest,Time_Warping,10,"{'sigma': 0.1, 'knot': 8}",0.4742222222222222,0.48588660091641617,"{'bootstrap': True, 'ccp_alpha': 0.0, 'class_weight': 'balanced', 'criterion': 'gini', 'max_depth': 10, 'max_features': 'sqrt', 'max_leaf_nodes': None, 'max_samples': None, 'min_impurity_decrease': 0.0, 'min_samples_leaf': 1, 'min_samples_split': 5, 'min_weight_fraction_leaf': 0.0, 'monotonic_cst': None, 'n_estimators': 50, 'n_jobs': None, 'oob_score': False, 'random_state': 42, 'verbose': 0, 'warm_start': False}",0.34984850883483887
Chinese_wine,7,2,4,2,LinearSVC,Time_Warping,10,"{'sigma': 0.1, 'knot': 8}",0.5226666666666666,0.5014907628432994,"{'C': np.float64(183.29807108324337), 'class_weight': 'balanced', 'dual': False, 'fit_intercept': True, 'intercept_scaling': 1, 'loss': 'squared_hinge', 'max_iter': 100, 'multi_class': 'ovr', 'penalty': 'l1', 'random_state': 42, 'tol': 0.0001, 'verbose': 0}",0.06554269790649414
Chinese_wine,7,2,4,2,LogisticRegression,Time_Warping,10,"{'sigma': 0.1, 'knot': 8}",0.5051111111111111,0.5133692500901839,"{'C': np.float64(33.59818286283781), 'class_weight': 'balanced', 'dual': False, 'fit_intercept': True, 'intercept_scaling': 1, 'l1_ratio': None, 'max_iter': 100, 'multi_class': 'deprecated', 'n_jobs': None, 'penalty': 'l2', 'random_state': 42, 'solver': 'saga', 'tol': 0.0001, 'verbose': 0, 'warm_start': False}",0.14903640747070312
Chinese_wine,7,2,4,3,KNN,Time_Warping,1,"{'sigma': 0.2, 'knot': 4}",0.5937777777777777,0.5927642534406279,"{'algorithm': 'auto', 'leaf_size': 30, 'metric': 'chebyshev', 'metric_params': None, 'n_jobs': None, 'n_neighbors': np.int64(11), 'p': 2, 'weights': 'distance'}",0.06560897827148438
Chinese_wine,7,2,4,3,RandomForest,Time_Warping,1,"{'sigma': 0.2, 'knot': 4}",0.5174444444444445,0.514834316002423,"{'bootstrap': True, 'ccp_alpha': 0.0, 'class_weight': None, 'criterion': 'gini', 'max_depth': 20, 'max_features': 'sqrt', 'max_leaf_nodes': None, 'max_samples': None, 'min_impurity_decrease': 0.0, 'min_samples_leaf': 1, 'min_samples_split': 2, 'min_weight_fraction_leaf': 0.0, 'monotonic_cst': None, 'n_estimators': 100, 'n_jobs': None, 'oob_score': False, 'random_state': 42, 'verbose': 0, 'warm_start': False}",1.503370761871338
Chinese_wine,7,2,4,3,LinearSVC,Time_Warping,1,"{'sigma': 0.2, 'knot': 4}",0.42177777777777775,0.3806553163057322,"{'C': np.float64(183.29807108324337), 'class_weight': 'balanced', 'dual': False, 'fit_intercept': True, 'intercept_scaling': 1, 'loss': 'squared_hinge', 'max_iter': 100, 'multi_class': 'ovr', 'penalty': 'l1', 'random_state': 42, 'tol': 0.0001, 'verbose': 0}",0.0606532096862793
Chinese_wine,7,2,4,3,LogisticRegression,Time_Warping,1,"{'sigma': 0.2, 'knot': 4}",0.45666666666666667,0.4590904345332574,"{'C': np.float64(183.29807108324337), 'class_weight': None, 'dual': False, 'fit_intercept': True, 'intercept_scaling': 1, 'l1_ratio': None, 'max_iter': 100, 'multi_class': 'deprecated', 'n_jobs': None, 'penalty': 'l2', 'random_state': 42, 'solver': 'saga', 'tol': 0.0001, 'verbose': 0, 'warm_start': False}",0.039145708084106445
Chinese_wine,7,2,4,3,KNN,Time_Warping,2,"{'sigma': 0.2, 'knot': 3}",0.5903333333333334,0.5871293747042483,"{'algorithm': 'auto', 'leaf_size': 30, 'metric': 'minkowski', 'metric_params': None, 'n_jobs': None, 'n_neighbors': np.int64(5), 'p': 3, 'weights': 'distance'}",0.40023255348205566
Chinese_wine,7,2,4,3,RandomForest,Time_Warping,2,"{'sigma': 0.2, 'knot': 3}",0.5341111111111111,0.5350189617987665,"{'bootstrap': True, 'ccp_alpha': 0.0, 'class_weight': 'balanced', 'criterion': 'gini', 'max_depth': None, 'max_features': 'sqrt', 'max_leaf_nodes': None, 'max_samples': None, 'min_impurity_decrease': 0.0, 'min_samples_leaf': 1, 'min_samples_split': 2, 'min_weight_fraction_leaf': 0.0, 'monotonic_cst': None, 'n_estimators': 50, 'n_jobs': None, 'oob_score': False, 'random_state': 42, 'verbose': 0, 'warm_start': False}",1.0064401626586914
Chinese_wine,7,2,4,3,LinearSVC,Time_Warping,2,"{'sigma': 0.2, 'knot': 3}",0.4245555555555556,0.3730675828573064,"{'C': np.float64(1000.0), 'class_weight': 'balanced', 'dual': False, 'fit_intercept': True, 'intercept_scaling': 1, 'loss': 'squared_hinge', 'max_iter': 100, 'multi_class': 'ovr', 'penalty': 'l2', 'random_state': 42, 'tol': 0.001, 'verbose': 0}",0.023756027221679688
Chinese_wine,7,2,4,3,LogisticRegression,Time_Warping,2,"{'sigma': 0.2, 'knot': 3}",0.4256666666666667,0.4350761276626315,"{'C': np.float64(6.1584821106602545), 'class_weight': None, 'dual': False, 'fit_intercept': True, 'intercept_scaling': 1, 'l1_ratio': None, 'max_iter': 100, 'multi_class': 'deprecated', 'n_jobs': None, 'penalty': 'l2', 'random_state': 42, 'solver': 'lbfgs', 'tol': 0.0001, 'verbose': 0, 'warm_start': False}",0.13637518882751465
Chinese_wine,7,2,4,3,KNN,Time_Warping,3,"{'sigma': 0.5, 'knot': 4}",0.5941111111111111,0.5912451871868674,"{'algorithm': 'auto', 'leaf_size': 30, 'metric': 'manhattan', 'metric_params': None, 'n_jobs': None, 'n_neighbors': np.int64(5), 'p': 2, 'weights': 'distance'}",0.12356710433959961
Chinese_wine,7,2,4,3,RandomForest,Time_Warping,3,"{'sigma': 0.5, 'knot': 4}",0.5424444444444444,0.5355725816111665,"{'bootstrap': True, 'ccp_alpha': 0.0, 'class_weight': 'balanced', 'criterion': 'gini', 'max_depth': 30, 'max_features': 'sqrt', 'max_leaf_nodes': None, 'max_samples': None, 'min_impurity_decrease': 0.0, 'min_samples_leaf': 1, 'min_samples_split': 5, 'min_weight_fraction_leaf': 0.0, 'monotonic_cst': None, 'n_estimators': 100, 'n_jobs': None, 'oob_score': False, 'random_state': 42, 'verbose': 0, 'warm_start': False}",1.538928508758545
Chinese_wine,7,2,4,3,LinearSVC,Time_Warping,3,"{'sigma': 0.5, 'knot': 4}",0.3626666666666667,0.3061430169777762,"{'C': np.float64(183.29807108324337), 'class_weight': 'balanced', 'dual': False, 'fit_intercept': True, 'intercept_scaling': 1, 'loss': 'squared_hinge', 'max_iter': 100, 'multi_class': 'ovr', 'penalty': 'l1', 'random_state': 42, 'tol': 0.0001, 'verbose': 0}",0.04098868370056152
Chinese_wine,7,2,4,3,LogisticRegression,Time_Warping,3,"{'sigma': 0.5, 'knot': 4}",0.35644444444444445,0.3561873239288172,"{'C': np.float64(33.59818286283781), 'class_weight': None, 'dual': False, 'fit_intercept': True, 'intercept_scaling': 1, 'l1_ratio': None, 'max_iter': 100, 'multi_class': 'deprecated', 'n_jobs': None, 'penalty': 'l2', 'random_state': 42, 'solver': 'saga', 'tol': 0.0001, 'verbose': 0, 'warm_start': False}",0.039546966552734375
Chinese_wine,7,2,4,3,KNN,Time_Warping,4,"{'sigma': 0.05, 'knot': 8}",0.6093333333333333,0.6060900485230686,"{'algorithm': 'auto', 'leaf_size': 30, 'metric': 'minkowski', 'metric_params': None, 'n_jobs': None, 'n_neighbors': np.int64(5), 'p': 3, 'weights': 'distance'}",0.37885499000549316
Chinese_wine,7,2,4,3,RandomForest,Time_Warping,4,"{'sigma': 0.05, 'knot': 8}",0.5408888888888889,0.5387318625517051,"{'bootstrap': True, 'ccp_alpha': 0.0, 'class_weight': None, 'criterion': 'gini', 'max_depth': 20, 'max_features': 'sqrt', 'max_leaf_nodes': None, 'max_samples': None, 'min_impurity_decrease': 0.0, 'min_samples_leaf': 1, 'min_samples_split': 2, 'min_weight_fraction_leaf': 0.0, 'monotonic_cst': None, 'n_estimators': 100, 'n_jobs': None, 'oob_score': False, 'random_state': 42, 'verbose': 0, 'warm_start': False}",1.3393597602844238
Chinese_wine,7,2,4,3,LinearSVC,Time_Warping,4,"{'sigma': 0.05, 'knot': 8}",0.5702222222222222,0.5461409393054962,"{'C': np.float64(33.59818286283781), 'class_weight': None, 'dual': False, 'fit_intercept': True, 'intercept_scaling': 1, 'loss': 'squared_hinge', 'max_iter': 100, 'multi_class': 'ovr', 'penalty': 'l1', 'random_state': 42, 'tol': 0.001, 'verbose': 0}",0.11869573593139648
Chinese_wine,7,2,4,3,LogisticRegression,Time_Warping,4,"{'sigma': 0.05, 'knot': 8}",0.5598888888888889,0.5629509306005845,"{'C': np.float64(33.59818286283781), 'class_weight': None, 'dual': False, 'fit_intercept': True, 'intercept_scaling': 1, 'l1_ratio': None, 'max_iter': 100, 'multi_class': 'deprecated', 'n_jobs': None, 'penalty': 'l2', 'random_state': 42, 'solver': 'saga', 'tol': 0.0001, 'verbose': 0, 'warm_start': False}",0.22689080238342285
Chinese_wine,7,2,4,3,KNN,Time_Warping,5,"{'sigma': 0.1, 'knot': 4}",0.5964444444444444,0.5954713452229873,"{'algorithm': 'auto', 'leaf_size': 30, 'metric': 'chebyshev', 'metric_params': None, 'n_jobs': None, 'n_neighbors': np.int64(5), 'p': 2, 'weights': 'uniform'}",0.3386354446411133
Chinese_wine,7,2,4,3,RandomForest,Time_Warping,5,"{'sigma': 0.1, 'knot': 4}",0.5383333333333333,0.5320722136114289,"{'bootstrap': True, 'ccp_alpha': 0.0, 'class_weight': None, 'criterion': 'gini', 'max_depth': 20, 'max_features': 'sqrt', 'max_leaf_nodes': None, 'max_samples': None, 'min_impurity_decrease': 0.0, 'min_samples_leaf': 1, 'min_samples_split': 2, 'min_weight_fraction_leaf': 0.0, 'monotonic_cst': None, 'n_estimators': 100, 'n_jobs': None, 'oob_score': False, 'random_state': 42, 'verbose': 0, 'warm_start': False}",1.3869969844818115
Chinese_wine,7,2,4,3,LinearSVC,Time_Warping,5,"{'sigma': 0.1, 'knot': 4}",0.512,0.47418968973557074,"{'C': np.float64(33.59818286283781), 'class_weight': 'balanced', 'dual': False, 'fit_intercept': True, 'intercept_scaling': 1, 'loss': 'squared_hinge', 'max_iter': 100, 'multi_class': 'ovr', 'penalty': 'l1', 'random_state': 42, 'tol': 0.001, 'verbose': 0}",0.10480570793151855
Chinese_wine,7,2,4,3,LogisticRegression,Time_Warping,5,"{'sigma': 0.1, 'knot': 4}",0.5197777777777778,0.5162696755742137,"{'C': np.float64(33.59818286283781), 'class_weight': 'balanced', 'dual': False, 'fit_intercept': True, 'intercept_scaling': 1, 'l1_ratio': None, 'max_iter': 100, 'multi_class': 'deprecated', 'n_jobs': None, 'penalty': 'l2', 'random_state': 42, 'solver': 'saga', 'tol': 0.0001, 'verbose': 0, 'warm_start': False}",0.09963274002075195
Chinese_wine,7,2,4,3,KNN,Time_Warping,6,"{'sigma': 0.3, 'knot': 6}",0.608,0.6051574650000698,"{'algorithm': 'auto', 'leaf_size': 30, 'metric': 'minkowski', 'metric_params': None, 'n_jobs': None, 'n_neighbors': np.int64(5), 'p': 3, 'weights': 'distance'}",0.3748617172241211
Chinese_wine,7,2,4,3,RandomForest,Time_Warping,6,"{'sigma': 0.3, 'knot': 6}",0.5344444444444445,0.5317641344966428,"{'bootstrap': True, 'ccp_alpha': 0.0, 'class_weight': None, 'criterion': 'gini', 'max_depth': 20, 'max_features': 'sqrt', 'max_leaf_nodes': None, 'max_samples': None, 'min_impurity_decrease': 0.0, 'min_samples_leaf': 2, 'min_samples_split': 2, 'min_weight_fraction_leaf': 0.0, 'monotonic_cst': None, 'n_estimators': 50, 'n_jobs': None, 'oob_score': False, 'random_state': 42, 'verbose': 0, 'warm_start': False}",0.6036832332611084
Chinese_wine,7,2,4,3,LinearSVC,Time_Warping,6,"{'sigma': 0.3, 'knot': 6}",0.4141111111111111,0.3395597721801785,"{'C': np.float64(183.29807108324337), 'class_weight': 'balanced', 'dual': False, 'fit_intercept': True, 'intercept_scaling': 1, 'loss': 'squared_hinge', 'max_iter': 100, 'multi_class': 'ovr', 'penalty': 'l1', 'random_state': 42, 'tol': 0.0001, 'verbose': 0}",0.05916476249694824
Chinese_wine,7,2,4,3,LogisticRegression,Time_Warping,6,"{'sigma': 0.3, 'knot': 6}",0.42544444444444446,0.4057441011739164,"{'C': np.float64(1000.0), 'class_weight': 'balanced', 'dual': False, 'fit_intercept': True, 'intercept_scaling': 1, 'l1_ratio': None, 'max_iter': 100, 'multi_class': 'deprecated', 'n_jobs': None, 'penalty': 'l2', 'random_state': 42, 'solver': 'sag', 'tol': 0.0001, 'verbose': 0, 'warm_start': False}",0.0779271125793457
Chinese_wine,7,2,4,3,KNN,Time_Warping,7,"{'sigma': 0.05, 'knot': 6}",0.6057777777777777,0.6020503054208138,"{'algorithm': 'auto', 'leaf_size': 30, 'metric': 'minkowski', 'metric_params': None, 'n_jobs': None, 'n_neighbors': np.int64(5), 'p': 3, 'weights': 'distance'}",0.4186382293701172
Chinese_wine,7,2,4,3,RandomForest,Time_Warping,7,"{'sigma': 0.05, 'knot': 6}",0.5384444444444444,0.5332729089320914,"{'bootstrap': True, 'ccp_alpha': 0.0, 'class_weight': None, 'criterion': 'gini', 'max_depth': 20, 'max_features': 'sqrt', 'max_leaf_nodes': None, 'max_samples': None, 'min_impurity_decrease': 0.0, 'min_samples_leaf': 1, 'min_samples_split': 5, 'min_weight_fraction_leaf': 0.0, 'monotonic_cst': None, 'n_estimators': 150, 'n_jobs': None, 'oob_score': False, 'random_state': 42, 'verbose': 0, 'warm_start': False}",1.9031133651733398
Chinese_wine,7,2,4,3,LinearSVC,Time_Warping,7,"{'sigma': 0.05, 'knot': 6}",0.5745555555555556,0.5395945794848708,"{'C': np.float64(33.59818286283781), 'class_weight': None, 'dual': False, 'fit_intercept': True, 'intercept_scaling': 1, 'loss': 'squared_hinge', 'max_iter': 100, 'multi_class': 'ovr', 'penalty': 'l1', 'random_state': 42, 'tol': 0.001, 'verbose': 0}",0.09540820121765137
Chinese_wine,7,2,4,3,LogisticRegression,Time_Warping,7,"{'sigma': 0.05, 'knot': 6}",0.5365555555555556,0.5319902333739139,"{'C': np.float64(33.59818286283781), 'class_weight': 'balanced', 'dual': False, 'fit_intercept': True, 'intercept_scaling': 1, 'l1_ratio': None, 'max_iter': 100, 'multi_class': 'deprecated', 'n_jobs': None, 'penalty': 'l2', 'random_state': 42, 'solver': 'saga', 'tol': 0.0001, 'verbose': 0, 'warm_start': False}",0.21251559257507324
Chinese_wine,7,2,4,3,KNN,Time_Warping,8,"{'sigma': 0.3, 'knot': 6}",0.6031111111111112,0.5996918560107872,"{'algorithm': 'auto', 'leaf_size': 30, 'metric': 'minkowski', 'metric_params': None, 'n_jobs': None, 'n_neighbors': np.int64(11), 'p': 4, 'weights': 'distance'}",0.42299509048461914
Chinese_wine,7,2,4,3,RandomForest,Time_Warping,8,"{'sigma': 0.3, 'knot': 6}",0.5284444444444445,0.5263915058326102,"{'bootstrap': True, 'ccp_alpha': 0.0, 'class_weight': 'balanced', 'criterion': 'gini', 'max_depth': 20, 'max_features': 'sqrt', 'max_leaf_nodes': None, 'max_samples': None, 'min_impurity_decrease': 0.0, 'min_samples_leaf': 1, 'min_samples_split': 10, 'min_weight_fraction_leaf': 0.0, 'monotonic_cst': None, 'n_estimators': 150, 'n_jobs': None, 'oob_score': False, 'random_state': 42, 'verbose': 0, 'warm_start': False}",1.7945082187652588
Chinese_wine,7,2,4,3,LinearSVC,Time_Warping,8,"{'sigma': 0.3, 'knot': 6}",0.3718888888888889,0.30956353922168195,"{'C': np.float64(0.4832930238571752), 'class_weight': 'balanced', 'dual': False, 'fit_intercept': True, 'intercept_scaling': 1, 'loss': 'squared_hinge', 'max_iter': 100, 'multi_class': 'ovr', 'penalty': 'l2', 'random_state': 42, 'tol': 0.0001, 'verbose': 0}",0.03252434730529785
Chinese_wine,7,2,4,3,LogisticRegression,Time_Warping,8,"{'sigma': 0.3, 'knot': 6}",0.43422222222222223,0.42016996415015806,"{'C': np.float64(1000.0), 'class_weight': 'balanced', 'dual': False, 'fit_intercept': True, 'intercept_scaling': 1, 'l1_ratio': None, 'max_iter': 100, 'multi_class': 'deprecated', 'n_jobs': None, 'penalty': 'l2', 'random_state': 42, 'solver': 'sag', 'tol': 0.0001, 'verbose': 0, 'warm_start': False}",0.07150483131408691
Chinese_wine,7,2,4,3,KNN,Time_Warping,9,"{'sigma': 0.1, 'knot': 6}",0.6086666666666667,0.6046067698051232,"{'algorithm': 'auto', 'leaf_size': 30, 'metric': 'minkowski', 'metric_params': None, 'n_jobs': None, 'n_neighbors': np.int64(11), 'p': 4, 'weights': 'distance'}",0.43433117866516113
Chinese_wine,7,2,4,3,RandomForest,Time_Warping,9,"{'sigma': 0.1, 'knot': 6}",0.5326666666666666,0.5290890064629602,"{'bootstrap': True, 'ccp_alpha': 0.0, 'class_weight': None, 'criterion': 'gini', 'max_depth': 20, 'max_features': 'sqrt', 'max_leaf_nodes': None, 'max_samples': None, 'min_impurity_decrease': 0.0, 'min_samples_leaf': 1, 'min_samples_split': 2, 'min_weight_fraction_leaf': 0.0, 'monotonic_cst': None, 'n_estimators': 100, 'n_jobs': None, 'oob_score': False, 'random_state': 42, 'verbose': 0, 'warm_start': False}",1.3208818435668945
Chinese_wine,7,2,4,3,LinearSVC,Time_Warping,9,"{'sigma': 0.1, 'knot': 6}",0.5077777777777778,0.46751656456163465,"{'C': np.float64(33.59818286283781), 'class_weight': None, 'dual': False, 'fit_intercept': True, 'intercept_scaling': 1, 'loss': 'squared_hinge', 'max_iter': 100, 'multi_class': 'ovr', 'penalty': 'l1', 'random_state': 42, 'tol': 0.001, 'verbose': 0}",0.07457184791564941
Chinese_wine,7,2,4,3,LogisticRegression,Time_Warping,9,"{'sigma': 0.1, 'knot': 6}",0.5086666666666667,0.4986016821309393,"{'C': np.float64(33.59818286283781), 'class_weight': 'balanced', 'dual': False, 'fit_intercept': True, 'intercept_scaling': 1, 'l1_ratio': None, 'max_iter': 100, 'multi_class': 'deprecated', 'n_jobs': None, 'penalty': 'l2', 'random_state': 42, 'solver': 'saga', 'tol': 0.0001, 'verbose': 0, 'warm_start': False}",0.12498879432678223
Chinese_wine,7,2,4,3,KNN,Time_Warping,10,"{'sigma': 0.1, 'knot': 8}",0.6084444444444445,0.6066564057615629,"{'algorithm': 'auto', 'leaf_size': 30, 'metric': 'minkowski', 'metric_params': None, 'n_jobs': None, 'n_neighbors': np.int64(11), 'p': 4, 'weights': 'distance'}",0.4189717769622803
Chinese_wine,7,2,4,3,RandomForest,Time_Warping,10,"{'sigma': 0.1, 'knot': 8}",0.5398888888888889,0.535662356203854,"{'bootstrap': True, 'ccp_alpha': 0.0, 'class_weight': None, 'criterion': 'gini', 'max_depth': 20, 'max_features': 'sqrt', 'max_leaf_nodes': None, 'max_samples': None, 'min_impurity_decrease': 0.0, 'min_samples_leaf': 1, 'min_samples_split': 2, 'min_weight_fraction_leaf': 0.0, 'monotonic_cst': None, 'n_estimators': 100, 'n_jobs': None, 'oob_score': False, 'random_state': 42, 'verbose': 0, 'warm_start': False}",1.3878560066223145
Chinese_wine,7,2,4,3,LinearSVC,Time_Warping,10,"{'sigma': 0.1, 'knot': 8}",0.5335555555555556,0.5046738036033187,"{'C': np.float64(183.29807108324337), 'class_weight': 'balanced', 'dual': False, 'fit_intercept': True, 'intercept_scaling': 1, 'loss': 'squared_hinge', 'max_iter': 100, 'multi_class': 'ovr', 'penalty': 'l1', 'random_state': 42, 'tol': 0.0001, 'verbose': 0}",0.09413385391235352
Chinese_wine,7,2,4,3,LogisticRegression,Time_Warping,10,"{'sigma': 0.1, 'knot': 8}",0.5153333333333333,0.5140312424005196,"{'C': np.float64(33.59818286283781), 'class_weight': None, 'dual': False, 'fit_intercept': True, 'intercept_scaling': 1, 'l1_ratio': None, 'max_iter': 100, 'multi_class': 'deprecated', 'n_jobs': None, 'penalty': 'l2', 'random_state': 42, 'solver': 'saga', 'tol': 0.0001, 'verbose': 0, 'warm_start': False}",0.1027677059173584
Chinese_wine,7,2,4,5,KNN,Time_Warping,1,"{'sigma': 0.2, 'knot': 4}",0.5868888888888889,0.5853320368743569,"{'algorithm': 'auto', 'leaf_size': 30, 'metric': 'manhattan', 'metric_params': None, 'n_jobs': None, 'n_neighbors': np.int64(5), 'p': 2, 'weights': 'distance'}",0.18227076530456543
Chinese_wine,7,2,4,5,RandomForest,Time_Warping,1,"{'sigma': 0.2, 'knot': 4}",0.5347777777777778,0.5334466690036975,"{'bootstrap': True, 'ccp_alpha': 0.0, 'class_weight': 'balanced', 'criterion': 'gini', 'max_depth': 30, 'max_features': 'sqrt', 'max_leaf_nodes': None, 'max_samples': None, 'min_impurity_decrease': 0.0, 'min_samples_leaf': 1, 'min_samples_split': 2, 'min_weight_fraction_leaf': 0.0, 'monotonic_cst': None, 'n_estimators': 150, 'n_jobs': None, 'oob_score': False, 'random_state': 42, 'verbose': 0, 'warm_start': False}",3.538980007171631
Chinese_wine,7,2,4,5,LinearSVC,Time_Warping,1,"{'sigma': 0.2, 'knot': 4}",0.38911111111111113,0.31753294884335975,"{'C': np.float64(33.59818286283781), 'class_weight': None, 'dual': False, 'fit_intercept': True, 'intercept_scaling': 1, 'loss': 'squared_hinge', 'max_iter': 100, 'multi_class': 'ovr', 'penalty': 'l1', 'random_state': 42, 'tol': 0.001, 'verbose': 0}",0.06162691116333008
Chinese_wine,7,2,4,5,LogisticRegression,Time_Warping,1,"{'sigma': 0.2, 'knot': 4}",0.43444444444444447,0.4196970754098772,"{'C': np.float64(2.6366508987303554), 'class_weight': 'balanced', 'dual': False, 'fit_intercept': True, 'intercept_scaling': 1, 'l1_ratio': None, 'max_iter': 100, 'multi_class': 'deprecated', 'n_jobs': None, 'penalty': 'l1', 'random_state': 42, 'solver': 'saga', 'tol': 0.0001, 'verbose': 0, 'warm_start': False}",0.117401123046875
Chinese_wine,7,2,4,5,KNN,Time_Warping,2,"{'sigma': 0.2, 'knot': 3}",0.597,0.5980491818385443,"{'algorithm': 'auto', 'leaf_size': 30, 'metric': 'minkowski', 'metric_params': None, 'n_jobs': None, 'n_neighbors': np.int64(15), 'p': 4, 'weights': 'distance'}",0.6165833473205566
Chinese_wine,7,2,4,5,RandomForest,Time_Warping,2,"{'sigma': 0.2, 'knot': 3}",0.5625555555555556,0.5512429292060559,"{'bootstrap': True, 'ccp_alpha': 0.0, 'class_weight': 'balanced', 'criterion': 'gini', 'max_depth': 30, 'max_features': 'sqrt', 'max_leaf_nodes': None, 'max_samples': None, 'min_impurity_decrease': 0.0, 'min_samples_leaf': 1, 'min_samples_split': 2, 'min_weight_fraction_leaf': 0.0, 'monotonic_cst': None, 'n_estimators': 150, 'n_jobs': None, 'oob_score': False, 'random_state': 42, 'verbose': 0, 'warm_start': False}",3.3914682865142822
Chinese_wine,7,2,4,5,LinearSVC,Time_Warping,2,"{'sigma': 0.2, 'knot': 3}",0.376,0.3097274470602567,"{'C': np.float64(33.59818286283781), 'class_weight': 'balanced', 'dual': False, 'fit_intercept': True, 'intercept_scaling': 1, 'loss': 'squared_hinge', 'max_iter': 100, 'multi_class': 'ovr', 'penalty': 'l1', 'random_state': 42, 'tol': 0.0001, 'verbose': 0}",0.07516694068908691
Chinese_wine,7,2,4,5,LogisticRegression,Time_Warping,2,"{'sigma': 0.2, 'knot': 3}",0.41488888888888886,0.40344981034387206,"{'C': np.float64(33.59818286283781), 'class_weight': 'balanced', 'dual': False, 'fit_intercept': True, 'intercept_scaling': 1, 'l1_ratio': None, 'max_iter': 100, 'multi_class': 'deprecated', 'n_jobs': None, 'penalty': 'l1', 'random_state': 42, 'solver': 'saga', 'tol': 0.0001, 'verbose': 0, 'warm_start': False}",0.9558947086334229
Chinese_wine,7,2,4,5,KNN,Time_Warping,3,"{'sigma': 0.5, 'knot': 4}",0.6036666666666667,0.6027626591521995,"{'algorithm': 'auto', 'leaf_size': 30, 'metric': 'minkowski', 'metric_params': None, 'n_jobs': None, 'n_neighbors': np.int64(15), 'p': 4, 'weights': 'distance'}",0.5324664115905762
Chinese_wine,7,2,4,5,RandomForest,Time_Warping,3,"{'sigma': 0.5, 'knot': 4}",0.501,0.49971334396672196,"{'bootstrap': True, 'ccp_alpha': 0.0, 'class_weight': 'balanced', 'criterion': 'gini', 'max_depth': 20, 'max_features': 'sqrt', 'max_leaf_nodes': None, 'max_samples': None, 'min_impurity_decrease': 0.0, 'min_samples_leaf': 2, 'min_samples_split': 10, 'min_weight_fraction_leaf': 0.0, 'monotonic_cst': None, 'n_estimators': 150, 'n_jobs': None, 'oob_score': False, 'random_state': 42, 'verbose': 0, 'warm_start': False}",3.5291759967803955
Chinese_wine,7,2,4,5,LinearSVC,Time_Warping,3,"{'sigma': 0.5, 'knot': 4}",0.269,0.1999836131843475,"{'C': np.float64(0.4832930238571752), 'class_weight': 'balanced', 'dual': False, 'fit_intercept': True, 'intercept_scaling': 1, 'loss': 'squared_hinge', 'max_iter': 100, 'multi_class': 'ovr', 'penalty': 'l1', 'random_state': 42, 'tol': 0.0001, 'verbose': 0}",0.06565999984741211
Chinese_wine,7,2,4,5,LogisticRegression,Time_Warping,3,"{'sigma': 0.5, 'knot': 4}",0.2972222222222222,0.2626632622370178,"{'C': np.float64(2.6366508987303554), 'class_weight': 'balanced', 'dual': False, 'fit_intercept': True, 'intercept_scaling': 1, 'l1_ratio': None, 'max_iter': 100, 'multi_class': 'deprecated', 'n_jobs': None, 'penalty': 'l1', 'random_state': 42, 'solver': 'saga', 'tol': 0.0001, 'verbose': 0, 'warm_start': False}",0.2095327377319336
Chinese_wine,7,2,4,5,KNN,Time_Warping,4,"{'sigma': 0.05, 'knot': 8}",0.6002222222222222,0.5978161663334666,"{'algorithm': 'auto', 'leaf_size': 30, 'metric': 'minkowski', 'metric_params': None, 'n_jobs': None, 'n_neighbors': np.int64(11), 'p': 4, 'weights': 'distance'}",0.5155189037322998
Chinese_wine,7,2,4,5,RandomForest,Time_Warping,4,"{'sigma': 0.05, 'knot': 8}",0.5302222222222223,0.5257478589256986,"{'bootstrap': True, 'ccp_alpha': 0.0, 'class_weight': 'balanced', 'criterion': 'gini', 'max_depth': None, 'max_features': 'sqrt', 'max_leaf_nodes': None, 'max_samples': None, 'min_impurity_decrease': 0.0, 'min_samples_leaf': 2, 'min_samples_split': 2, 'min_weight_fraction_leaf': 0.0, 'monotonic_cst': None, 'n_estimators': 150, 'n_jobs': None, 'oob_score': False, 'random_state': 42, 'verbose': 0, 'warm_start': False}",3.3100709915161133
Chinese_wine,7,2,4,5,LinearSVC,Time_Warping,4,"{'sigma': 0.05, 'knot': 8}",0.5813333333333334,0.5577776500991624,"{'C': np.float64(1000.0), 'class_weight': 'balanced', 'dual': False, 'fit_intercept': True, 'intercept_scaling': 1, 'loss': 'squared_hinge', 'max_iter': 100, 'multi_class': 'ovr', 'penalty': 'l2', 'random_state': 42, 'tol': 0.001, 'verbose': 0}",0.051422834396362305
Chinese_wine,7,2,4,5,LogisticRegression,Time_Warping,4,"{'sigma': 0.05, 'knot': 8}",0.546,0.5456202052956348,"{'C': np.float64(183.29807108324337), 'class_weight': 'balanced', 'dual': False, 'fit_intercept': True, 'intercept_scaling': 1, 'l1_ratio': None, 'max_iter': 100, 'multi_class': 'deprecated', 'n_jobs': None, 'penalty': 'l1', 'random_state': 42, 'solver': 'saga', 'tol': 0.0001, 'verbose': 0, 'warm_start': False}",0.6332335472106934
Chinese_wine,7,2,4,5,KNN,Time_Warping,5,"{'sigma': 0.1, 'knot': 4}",0.5958888888888889,0.5932967242019103,"{'algorithm': 'auto', 'leaf_size': 30, 'metric': 'chebyshev', 'metric_params': None, 'n_jobs': None, 'n_neighbors': np.int64(11), 'p': 2, 'weights': 'distance'}",0.08431816101074219
Chinese_wine,7,2,4,5,RandomForest,Time_Warping,5,"{'sigma': 0.1, 'knot': 4}",0.5387777777777778,0.5335179099464754,"{'bootstrap': True, 'ccp_alpha': 0.0, 'class_weight': 'balanced', 'criterion': 'gini', 'max_depth': 30, 'max_features': 'sqrt', 'max_leaf_nodes': None, 'max_samples': None, 'min_impurity_decrease': 0.0, 'min_samples_leaf': 1, 'min_samples_split': 2, 'min_weight_fraction_leaf': 0.0, 'monotonic_cst': None, 'n_estimators': 150, 'n_jobs': None, 'oob_score': False, 'random_state': 42, 'verbose': 0, 'warm_start': False}",3.5880260467529297
Chinese_wine,7,2,4,5,LinearSVC,Time_Warping,5,"{'sigma': 0.1, 'knot': 4}",0.5062222222222222,0.46271323147645277,"{'C': np.float64(1000.0), 'class_weight': 'balanced', 'dual': False, 'fit_intercept': True, 'intercept_scaling': 1, 'loss': 'squared_hinge', 'max_iter': 100, 'multi_class': 'ovr', 'penalty': 'l2', 'random_state': 42, 'tol': 0.001, 'verbose': 0}",0.042877197265625
Chinese_wine,7,2,4,5,LogisticRegression,Time_Warping,5,"{'sigma': 0.1, 'knot': 4}",0.48844444444444446,0.4832307764373173,"{'C': np.float64(2.6366508987303554), 'class_weight': 'balanced', 'dual': False, 'fit_intercept': True, 'intercept_scaling': 1, 'l1_ratio': None, 'max_iter': 100, 'multi_class': 'deprecated', 'n_jobs': None, 'penalty': 'l1', 'random_state': 42, 'solver': 'saga', 'tol': 0.0001, 'verbose': 0, 'warm_start': False}",0.20938992500305176
Chinese_wine,7,2,4,5,KNN,Time_Warping,6,"{'sigma': 0.3, 'knot': 6}",0.5877777777777777,0.5850850484196658,"{'algorithm': 'auto', 'leaf_size': 30, 'metric': 'minkowski', 'metric_params': None, 'n_jobs': None, 'n_neighbors': np.int64(13), 'p': 4, 'weights': 'distance'}",0.5607423782348633
Chinese_wine,7,2,4,5,RandomForest,Time_Warping,6,"{'sigma': 0.3, 'knot': 6}",0.5277777777777778,0.5274774113922415,"{'bootstrap': True, 'ccp_alpha': 0.0, 'class_weight': None, 'criterion': 'gini', 'max_depth': 30, 'max_features': 'sqrt', 'max_leaf_nodes': None, 'max_samples': None, 'min_impurity_decrease': 0.0, 'min_samples_leaf': 1, 'min_samples_split': 5, 'min_weight_fraction_leaf': 0.0, 'monotonic_cst': None, 'n_estimators': 50, 'n_jobs': None, 'oob_score': False, 'random_state': 42, 'verbose': 0, 'warm_start': False}",1.1665427684783936
Chinese_wine,7,2,4,5,LinearSVC,Time_Warping,6,"{'sigma': 0.3, 'knot': 6}",0.35977777777777775,0.3103669527066656,"{'C': np.float64(2.6366508987303554), 'class_weight': 'balanced', 'dual': False, 'fit_intercept': True, 'intercept_scaling': 1, 'loss': 'squared_hinge', 'max_iter': 100, 'multi_class': 'ovr', 'penalty': 'l1', 'random_state': 42, 'tol': 0.0001, 'verbose': 0}",0.0668938159942627
Chinese_wine,7,2,4,5,LogisticRegression,Time_Warping,6,"{'sigma': 0.3, 'knot': 6}",0.36088888888888887,0.3543711562918747,"{'C': np.float64(2.6366508987303554), 'class_weight': 'balanced', 'dual': False, 'fit_intercept': True, 'intercept_scaling': 1, 'l1_ratio': None, 'max_iter': 100, 'multi_class': 'deprecated', 'n_jobs': None, 'penalty': 'l1', 'random_state': 42, 'solver': 'saga', 'tol': 0.0001, 'verbose': 0, 'warm_start': False}",0.20437240600585938
Chinese_wine,7,2,4,5,KNN,Time_Warping,7,"{'sigma': 0.05, 'knot': 6}",0.5948888888888889,0.592194986548755,"{'algorithm': 'auto', 'leaf_size': 30, 'metric': 'euclidean', 'metric_params': None, 'n_jobs': None, 'n_neighbors': np.int64(19), 'p': 2, 'weights': 'distance'}",0.12813282012939453
Chinese_wine,7,2,4,5,RandomForest,Time_Warping,7,"{'sigma': 0.05, 'knot': 6}",0.5472222222222223,0.5437435763016596,"{'bootstrap': True, 'ccp_alpha': 0.0, 'class_weight': 'balanced', 'criterion': 'gini', 'max_depth': None, 'max_features': 'sqrt', 'max_leaf_nodes': None, 'max_samples': None, 'min_impurity_decrease': 0.0, 'min_samples_leaf': 2, 'min_samples_split': 2, 'min_weight_fraction_leaf': 0.0, 'monotonic_cst': None, 'n_estimators': 150, 'n_jobs': None, 'oob_score': False, 'random_state': 42, 'verbose': 0, 'warm_start': False}",3.321676731109619
Chinese_wine,7,2,4,5,LinearSVC,Time_Warping,7,"{'sigma': 0.05, 'knot': 6}",0.5695555555555556,0.5406057853537071,"{'C': np.float64(33.59818286283781), 'class_weight': 'balanced', 'dual': False, 'fit_intercept': True, 'intercept_scaling': 1, 'loss': 'squared_hinge', 'max_iter': 100, 'multi_class': 'ovr', 'penalty': 'l1', 'random_state': 42, 'tol': 0.001, 'verbose': 0}",0.18562698364257812
Chinese_wine,7,2,4,5,LogisticRegression,Time_Warping,7,"{'sigma': 0.05, 'knot': 6}",0.5578888888888889,0.5500673724273449,"{'C': np.float64(2.6366508987303554), 'class_weight': 'balanced', 'dual': False, 'fit_intercept': True, 'intercept_scaling': 1, 'l1_ratio': None, 'max_iter': 100, 'multi_class': 'deprecated', 'n_jobs': None, 'penalty': 'l1', 'random_state': 42, 'solver': 'saga', 'tol': 0.0001, 'verbose': 0, 'warm_start': False}",0.5549652576446533
Chinese_wine,7,2,4,5,KNN,Time_Warping,8,"{'sigma': 0.3, 'knot': 6}",0.5987777777777777,0.5966435026331587,"{'algorithm': 'auto', 'leaf_size': 30, 'metric': 'euclidean', 'metric_params': None, 'n_jobs': None, 'n_neighbors': np.int64(19), 'p': 2, 'weights': 'distance'}",0.17759084701538086
Chinese_wine,7,2,4,5,RandomForest,Time_Warping,8,"{'sigma': 0.3, 'knot': 6}",0.531,0.5279497434372911,"{'bootstrap': True, 'ccp_alpha': 0.0, 'class_weight': 'balanced', 'criterion': 'gini', 'max_depth': 20, 'max_features': 'sqrt', 'max_leaf_nodes': None, 'max_samples': None, 'min_impurity_decrease': 0.0, 'min_samples_leaf': 2, 'min_samples_split': 5, 'min_weight_fraction_leaf': 0.0, 'monotonic_cst': None, 'n_estimators': 50, 'n_jobs': None, 'oob_score': False, 'random_state': 42, 'verbose': 0, 'warm_start': False}",1.057298183441162
Chinese_wine,7,2,4,5,LinearSVC,Time_Warping,8,"{'sigma': 0.3, 'knot': 6}",0.35888888888888887,0.3026324172612337,"{'C': np.float64(33.59818286283781), 'class_weight': 'balanced', 'dual': False, 'fit_intercept': True, 'intercept_scaling': 1, 'loss': 'squared_hinge', 'max_iter': 100, 'multi_class': 'ovr', 'penalty': 'l1', 'random_state': 42, 'tol': 0.001, 'verbose': 0}",0.05143451690673828
Chinese_wine,7,2,4,5,LogisticRegression,Time_Warping,8,"{'sigma': 0.3, 'knot': 6}",0.37244444444444447,0.37185545328809166,"{'C': np.float64(33.59818286283781), 'class_weight': 'balanced', 'dual': False, 'fit_intercept': True, 'intercept_scaling': 1, 'l1_ratio': None, 'max_iter': 100, 'multi_class': 'deprecated', 'n_jobs': None, 'penalty': 'l2', 'random_state': 42, 'solver': 'saga', 'tol': 0.0001, 'verbose': 0, 'warm_start': False}",0.08966970443725586
Chinese_wine,7,2,4,5,KNN,Time_Warping,9,"{'sigma': 0.1, 'knot': 6}",0.5942222222222222,0.5940758191672509,"{'algorithm': 'auto', 'leaf_size': 30, 'metric': 'minkowski', 'metric_params': None, 'n_jobs': None, 'n_neighbors': np.int64(13), 'p': 4, 'weights': 'distance'}",0.6646499633789062
Chinese_wine,7,2,4,5,RandomForest,Time_Warping,9,"{'sigma': 0.1, 'knot': 6}",0.5195555555555555,0.5153194528142173,"{'bootstrap': True, 'ccp_alpha': 0.0, 'class_weight': 'balanced', 'criterion': 'gini', 'max_depth': None, 'max_features': 'sqrt', 'max_leaf_nodes': None, 'max_samples': None, 'min_impurity_decrease': 0.0, 'min_samples_leaf': 1, 'min_samples_split': 5, 'min_weight_fraction_leaf': 0.0, 'monotonic_cst': None, 'n_estimators': 50, 'n_jobs': None, 'oob_score': False, 'random_state': 42, 'verbose': 0, 'warm_start': False}",1.10451340675354
Chinese_wine,7,2,4,5,LinearSVC,Time_Warping,9,"{'sigma': 0.1, 'knot': 6}",0.5316666666666666,0.48587218650900005,"{'C': np.float64(1000.0), 'class_weight': 'balanced', 'dual': False, 'fit_intercept': True, 'intercept_scaling': 1, 'loss': 'squared_hinge', 'max_iter': 100, 'multi_class': 'ovr', 'penalty': 'l2', 'random_state': 42, 'tol': 0.001, 'verbose': 0}",0.04298663139343262
Chinese_wine,7,2,4,5,LogisticRegression,Time_Warping,9,"{'sigma': 0.1, 'knot': 6}",0.49833333333333335,0.4934127863090251,"{'C': np.float64(183.29807108324337), 'class_weight': 'balanced', 'dual': False, 'fit_intercept': True, 'intercept_scaling': 1, 'l1_ratio': None, 'max_iter': 100, 'multi_class': 'deprecated', 'n_jobs': None, 'penalty': 'l1', 'random_state': 42, 'solver': 'saga', 'tol': 0.0001, 'verbose': 0, 'warm_start': False}",0.09745073318481445
Chinese_wine,7,2,4,5,KNN,Time_Warping,10,"{'sigma': 0.1, 'knot': 8}",0.6036666666666667,0.6021714750490588,"{'algorithm': 'auto', 'leaf_size': 30, 'metric': 'minkowski', 'metric_params': None, 'n_jobs': None, 'n_neighbors': np.int64(15), 'p': 4, 'weights': 'distance'}",0.6301431655883789
Chinese_wine,7,2,4,5,RandomForest,Time_Warping,10,"{'sigma': 0.1, 'knot': 8}",0.5372222222222223,0.5351137049042536,"{'bootstrap': True, 'ccp_alpha': 0.0, 'class_weight': 'balanced', 'criterion': 'gini', 'max_depth': None, 'max_features': 'sqrt', 'max_leaf_nodes': None, 'max_samples': None, 'min_impurity_decrease': 0.0, 'min_samples_leaf': 1, 'min_samples_split': 2, 'min_weight_fraction_leaf': 0.0, 'monotonic_cst': None, 'n_estimators': 50, 'n_jobs': None, 'oob_score': False, 'random_state': 42, 'verbose': 0, 'warm_start': False}",1.2422759532928467
Chinese_wine,7,2,4,5,LinearSVC,Time_Warping,10,"{'sigma': 0.1, 'knot': 8}",0.5362222222222223,0.49195868492348555,"{'C': np.float64(1000.0), 'class_weight': 'balanced', 'dual': False, 'fit_intercept': True, 'intercept_scaling': 1, 'loss': 'squared_hinge', 'max_iter': 100, 'multi_class': 'ovr', 'penalty': 'l2', 'random_state': 42, 'tol': 0.001, 'verbose': 0}",0.05013680458068848
Chinese_wine,7,2,4,5,LogisticRegression,Time_Warping,10,"{'sigma': 0.1, 'knot': 8}",0.5481111111111111,0.5464225661738511,"{'C': np.float64(183.29807108324337), 'class_weight': 'balanced', 'dual': False, 'fit_intercept': True, 'intercept_scaling': 1, 'l1_ratio': None, 'max_iter': 100, 'multi_class': 'deprecated', 'n_jobs': None, 'penalty': 'l1', 'random_state': 42, 'solver': 'saga', 'tol': 0.0001, 'verbose': 0, 'warm_start': False}",0.09700608253479004
Chinese_wine,7,2,4,10,KNN,Time_Warping,1,"{'sigma': 0.2, 'knot': 4}",0.5996666666666667,0.5983045703993844,"{'algorithm': 'auto', 'leaf_size': 30, 'metric': 'minkowski', 'metric_params': None, 'n_jobs': None, 'n_neighbors': np.int64(11), 'p': 4, 'weights': 'distance'}",0.7550501823425293
Chinese_wine,7,2,4,10,RandomForest,Time_Warping,1,"{'sigma': 0.2, 'knot': 4}",0.5233333333333333,0.5220464343604564,"{'bootstrap': True, 'ccp_alpha': 0.0, 'class_weight': 'balanced', 'criterion': 'gini', 'max_depth': 30, 'max_features': 'sqrt', 'max_leaf_nodes': None, 'max_samples': None, 'min_impurity_decrease': 0.0, 'min_samples_leaf': 1, 'min_samples_split': 2, 'min_weight_fraction_leaf': 0.0, 'monotonic_cst': None, 'n_estimators': 150, 'n_jobs': None, 'oob_score': False, 'random_state': 42, 'verbose': 0, 'warm_start': False}",7.130249977111816
Chinese_wine,7,2,4,10,LinearSVC,Time_Warping,1,"{'sigma': 0.2, 'knot': 4}",0.4,0.3390840840561881,"{'C': np.float64(2.6366508987303554), 'class_weight': 'balanced', 'dual': False, 'fit_intercept': True, 'intercept_scaling': 1, 'loss': 'squared_hinge', 'max_iter': 100, 'multi_class': 'ovr', 'penalty': 'l1', 'random_state': 42, 'tol': 0.0001, 'verbose': 0}",0.1493380069732666
Chinese_wine,7,2,4,10,LogisticRegression,Time_Warping,1,"{'sigma': 0.2, 'knot': 4}",0.4127777777777778,0.4110582540801772,"{'C': np.float64(33.59818286283781), 'class_weight': 'balanced', 'dual': False, 'fit_intercept': True, 'intercept_scaling': 1, 'l1_ratio': None, 'max_iter': 100, 'multi_class': 'deprecated', 'n_jobs': None, 'penalty': 'l1', 'random_state': 42, 'solver': 'saga', 'tol': 0.0001, 'verbose': 0, 'warm_start': False}",1.2400438785552979
Chinese_wine,7,2,4,10,KNN,Time_Warping,2,"{'sigma': 0.2, 'knot': 3}",0.5868888888888889,0.5872604656793818,"{'algorithm': 'auto', 'leaf_size': 30, 'metric': 'minkowski', 'metric_params': None, 'n_jobs': None, 'n_neighbors': np.int64(11), 'p': 4, 'weights': 'distance'}",0.7433276176452637
Chinese_wine,7,2,4,10,RandomForest,Time_Warping,2,"{'sigma': 0.2, 'knot': 3}",0.48933333333333334,0.4920061318482643,"{'bootstrap': True, 'ccp_alpha': 0.0, 'class_weight': None, 'criterion': 'gini', 'max_depth': 20, 'max_features': 'sqrt', 'max_leaf_nodes': None, 'max_samples': None, 'min_impurity_decrease': 0.0, 'min_samples_leaf': 1, 'min_samples_split': 2, 'min_weight_fraction_leaf': 0.0, 'monotonic_cst': None, 'n_estimators': 100, 'n_jobs': None, 'oob_score': False, 'random_state': 42, 'verbose': 0, 'warm_start': False}",4.867352485656738
Chinese_wine,7,2,4,10,LinearSVC,Time_Warping,2,"{'sigma': 0.2, 'knot': 3}",0.37166666666666665,0.2990434525429144,"{'C': np.float64(2.6366508987303554), 'class_weight': 'balanced', 'dual': False, 'fit_intercept': True, 'intercept_scaling': 1, 'loss': 'squared_hinge', 'max_iter': 100, 'multi_class': 'ovr', 'penalty': 'l1', 'random_state': 42, 'tol': 0.0001, 'verbose': 0}",0.13304853439331055
Chinese_wine,7,2,4,10,LogisticRegression,Time_Warping,2,"{'sigma': 0.2, 'knot': 3}",0.39355555555555555,0.3834904804916307,"{'C': np.float64(6.1584821106602545), 'class_weight': None, 'dual': False, 'fit_intercept': True, 'intercept_scaling': 1, 'l1_ratio': None, 'max_iter': 100, 'multi_class': 'deprecated', 'n_jobs': None, 'penalty': 'l2', 'random_state': 42, 'solver': 'lbfgs', 'tol': 0.0001, 'verbose': 0, 'warm_start': False}",0.22260451316833496
Chinese_wine,7,2,4,10,KNN,Time_Warping,3,"{'sigma': 0.5, 'knot': 4}",0.5771111111111111,0.5758319800278523,"{'algorithm': 'auto', 'leaf_size': 30, 'metric': 'manhattan', 'metric_params': None, 'n_jobs': None, 'n_neighbors': np.int64(5), 'p': 2, 'weights': 'distance'}",0.21275663375854492
Chinese_wine,7,2,4,10,RandomForest,Time_Warping,3,"{'sigma': 0.5, 'knot': 4}",0.5161111111111111,0.5159207509252506,"{'bootstrap': True, 'ccp_alpha': 0.0, 'class_weight': 'balanced', 'criterion': 'gini', 'max_depth': 30, 'max_features': 'sqrt', 'max_leaf_nodes': None, 'max_samples': None, 'min_impurity_decrease': 0.0, 'min_samples_leaf': 1, 'min_samples_split': 2, 'min_weight_fraction_leaf': 0.0, 'monotonic_cst': None, 'n_estimators': 150, 'n_jobs': None, 'oob_score': False, 'random_state': 42, 'verbose': 0, 'warm_start': False}",7.994313955307007
Chinese_wine,7,2,4,10,LinearSVC,Time_Warping,3,"{'sigma': 0.5, 'knot': 4}",0.2798888888888889,0.21698181317260912,"{'C': np.float64(183.29807108324337), 'class_weight': 'balanced', 'dual': False, 'fit_intercept': True, 'intercept_scaling': 1, 'loss': 'squared_hinge', 'max_iter': 100, 'multi_class': 'ovr', 'penalty': 'l1', 'random_state': 42, 'tol': 0.0001, 'verbose': 0}",0.09715151786804199
Chinese_wine,7,2,4,10,LogisticRegression,Time_Warping,3,"{'sigma': 0.5, 'knot': 4}",0.273,0.24757257516146017,"{'C': np.float64(2.6366508987303554), 'class_weight': 'balanced', 'dual': False, 'fit_intercept': True, 'intercept_scaling': 1, 'l1_ratio': None, 'max_iter': 100, 'multi_class': 'deprecated', 'n_jobs': None, 'penalty': 'l1', 'random_state': 42, 'solver': 'saga', 'tol': 0.0001, 'verbose': 0, 'warm_start': False}",0.2933027744293213
Chinese_wine,7,2,4,10,KNN,Time_Warping,4,"{'sigma': 0.05, 'knot': 8}",0.5966666666666667,0.5938150433180965,"{'algorithm': 'auto', 'leaf_size': 30, 'metric': 'chebyshev', 'metric_params': None, 'n_jobs': None, 'n_neighbors': np.int64(11), 'p': 2, 'weights': 'distance'}",0.09302568435668945
Chinese_wine,7,2,4,10,RandomForest,Time_Warping,4,"{'sigma': 0.05, 'knot': 8}",0.5366666666666666,0.5311798972260839,"{'bootstrap': True, 'ccp_alpha': 0.0, 'class_weight': 'balanced', 'criterion': 'gini', 'max_depth': 20, 'max_features': 'sqrt', 'max_leaf_nodes': None, 'max_samples': None, 'min_impurity_decrease': 0.0, 'min_samples_leaf': 1, 'min_samples_split': 2, 'min_weight_fraction_leaf': 0.0, 'monotonic_cst': None, 'n_estimators': 50, 'n_jobs': None, 'oob_score': False, 'random_state': 42, 'verbose': 0, 'warm_start': False}",2.1833789348602295
Chinese_wine,7,2,4,10,LinearSVC,Time_Warping,4,"{'sigma': 0.05, 'knot': 8}",0.5772222222222222,0.5492363410212457,"{'C': np.float64(33.59818286283781), 'class_weight': 'balanced', 'dual': False, 'fit_intercept': True, 'intercept_scaling': 1, 'loss': 'squared_hinge', 'max_iter': 100, 'multi_class': 'ovr', 'penalty': 'l1', 'random_state': 42, 'tol': 0.001, 'verbose': 0}",0.36312317848205566
Chinese_wine,7,2,4,10,LogisticRegression,Time_Warping,4,"{'sigma': 0.05, 'knot': 8}",0.5462222222222223,0.5502607822806445,"{'C': np.float64(33.59818286283781), 'class_weight': 'balanced', 'dual': False, 'fit_intercept': True, 'intercept_scaling': 1, 'l1_ratio': None, 'max_iter': 100, 'multi_class': 'deprecated', 'n_jobs': None, 'penalty': 'l2', 'random_state': 42, 'solver': 'saga', 'tol': 0.0001, 'verbose': 0, 'warm_start': False}",0.3576059341430664
Chinese_wine,7,2,4,10,KNN,Time_Warping,5,"{'sigma': 0.1, 'knot': 4}",0.5923333333333334,0.5902171856385854,"{'algorithm': 'auto', 'leaf_size': 30, 'metric': 'euclidean', 'metric_params': None, 'n_jobs': None, 'n_neighbors': np.int64(9), 'p': 2, 'weights': 'distance'}",0.16751623153686523
Chinese_wine,7,2,4,10,RandomForest,Time_Warping,5,"{'sigma': 0.1, 'knot': 4}",0.513,0.5089406379350243,"{'bootstrap': True, 'ccp_alpha': 0.0, 'class_weight': 'balanced', 'criterion': 'gini', 'max_depth': 30, 'max_features': 'sqrt', 'max_leaf_nodes': None, 'max_samples': None, 'min_impurity_decrease': 0.0, 'min_samples_leaf': 1, 'min_samples_split': 2, 'min_weight_fraction_leaf': 0.0, 'monotonic_cst': None, 'n_estimators': 150, 'n_jobs': None, 'oob_score': False, 'random_state': 42, 'verbose': 0, 'warm_start': False}",7.084428548812866
Chinese_wine,7,2,4,10,LinearSVC,Time_Warping,5,"{'sigma': 0.1, 'knot': 4}",0.49544444444444447,0.44415883314876586,"{'C': np.float64(2.6366508987303554), 'class_weight': 'balanced', 'dual': False, 'fit_intercept': True, 'intercept_scaling': 1, 'loss': 'squared_hinge', 'max_iter': 100, 'multi_class': 'ovr', 'penalty': 'l1', 'random_state': 42, 'tol': 0.0001, 'verbose': 0}",0.2309284210205078
Chinese_wine,7,2,4,10,LogisticRegression,Time_Warping,5,"{'sigma': 0.1, 'knot': 4}",0.49322222222222223,0.4885431591463536,"{'C': np.float64(33.59818286283781), 'class_weight': 'balanced', 'dual': False, 'fit_intercept': True, 'intercept_scaling': 1, 'l1_ratio': None, 'max_iter': 100, 'multi_class': 'deprecated', 'n_jobs': None, 'penalty': 'l1', 'random_state': 42, 'solver': 'saga', 'tol': 0.0001, 'verbose': 0, 'warm_start': False}",0.2440943717956543
Chinese_wine,7,2,4,10,KNN,Time_Warping,6,"{'sigma': 0.3, 'knot': 6}",0.587,0.5867718809370827,"{'algorithm': 'auto', 'leaf_size': 30, 'metric': 'minkowski', 'metric_params': None, 'n_jobs': None, 'n_neighbors': np.int64(11), 'p': 4, 'weights': 'distance'}",0.7448322772979736
Chinese_wine,7,2,4,10,RandomForest,Time_Warping,6,"{'sigma': 0.3, 'knot': 6}",0.5355555555555556,0.5295928899173535,"{'bootstrap': True, 'ccp_alpha': 0.0, 'class_weight': 'balanced', 'criterion': 'gini', 'max_depth': 30, 'max_features': 'sqrt', 'max_leaf_nodes': None, 'max_samples': None, 'min_impurity_decrease': 0.0, 'min_samples_leaf': 1, 'min_samples_split': 2, 'min_weight_fraction_leaf': 0.0, 'monotonic_cst': None, 'n_estimators': 150, 'n_jobs': None, 'oob_score': False, 'random_state': 42, 'verbose': 0, 'warm_start': False}",6.906116962432861
Chinese_wine,7,2,4,10,LinearSVC,Time_Warping,6,"{'sigma': 0.3, 'knot': 6}",0.36433333333333334,0.2951595653234208,"{'C': np.float64(2.6366508987303554), 'class_weight': 'balanced', 'dual': False, 'fit_intercept': True, 'intercept_scaling': 1, 'loss': 'squared_hinge', 'max_iter': 100, 'multi_class': 'ovr', 'penalty': 'l1', 'random_state': 42, 'tol': 0.0001, 'verbose': 0}",0.11403965950012207
Chinese_wine,7,2,4,10,LogisticRegression,Time_Warping,6,"{'sigma': 0.3, 'knot': 6}",0.1,0.018181818181818184,"{'C': np.float64(0.00023357214690901212), 'class_weight': None, 'dual': False, 'fit_intercept': True, 'intercept_scaling': 1, 'l1_ratio': None, 'max_iter': 100, 'multi_class': 'deprecated', 'n_jobs': None, 'penalty': 'l1', 'random_state': 42, 'solver': 'saga', 'tol': 0.0001, 'verbose': 0, 'warm_start': False}",0.05158877372741699
Chinese_wine,7,2,4,10,KNN,Time_Warping,7,"{'sigma': 0.05, 'knot': 6}",0.6034444444444444,0.6008444504693834,"{'algorithm': 'auto', 'leaf_size': 30, 'metric': 'minkowski', 'metric_params': None, 'n_jobs': None, 'n_neighbors': np.int64(13), 'p': 4, 'weights': 'distance'}",0.7335736751556396
Chinese_wine,7,2,4,10,RandomForest,Time_Warping,7,"{'sigma': 0.05, 'knot': 6}",0.544,0.5390990793754783,"{'bootstrap': True, 'ccp_alpha': 0.0, 'class_weight': 'balanced', 'criterion': 'gini', 'max_depth': 30, 'max_features': 'sqrt', 'max_leaf_nodes': None, 'max_samples': None, 'min_impurity_decrease': 0.0, 'min_samples_leaf': 1, 'min_samples_split': 2, 'min_weight_fraction_leaf': 0.0, 'monotonic_cst': None, 'n_estimators': 150, 'n_jobs': None, 'oob_score': False, 'random_state': 42, 'verbose': 0, 'warm_start': False}",8.324155330657959
Chinese_wine,7,2,4,10,LinearSVC,Time_Warping,7,"{'sigma': 0.05, 'knot': 6}",0.5737777777777778,0.5407708423171573,"{'C': np.float64(183.29807108324337), 'class_weight': 'balanced', 'dual': False, 'fit_intercept': True, 'intercept_scaling': 1, 'loss': 'squared_hinge', 'max_iter': 100, 'multi_class': 'ovr', 'penalty': 'l1', 'random_state': 42, 'tol': 0.0001, 'verbose': 0}",0.4275960922241211
Chinese_wine,7,2,4,10,LogisticRegression,Time_Warping,7,"{'sigma': 0.05, 'knot': 6}",0.5426666666666666,0.5444199548386195,"{'C': np.float64(183.29807108324337), 'class_weight': 'balanced', 'dual': False, 'fit_intercept': True, 'intercept_scaling': 1, 'l1_ratio': None, 'max_iter': 100, 'multi_class': 'deprecated', 'n_jobs': None, 'penalty': 'l1', 'random_state': 42, 'solver': 'saga', 'tol': 0.0001, 'verbose': 0, 'warm_start': False}",0.9380409717559814
Chinese_wine,7,2,4,10,KNN,Time_Warping,8,"{'sigma': 0.3, 'knot': 6}",0.5663333333333334,0.5664055403485482,"{'algorithm': 'auto', 'leaf_size': 30, 'metric': 'euclidean', 'metric_params': None, 'n_jobs': None, 'n_neighbors': np.int64(11), 'p': 2, 'weights': 'uniform'}",0.4004678726196289
Chinese_wine,7,2,4,10,RandomForest,Time_Warping,8,"{'sigma': 0.3, 'knot': 6}",0.5402222222222223,0.5365462361348351,"{'bootstrap': True, 'ccp_alpha': 0.0, 'class_weight': 'balanced', 'criterion': 'gini', 'max_depth': 30, 'max_features': 'sqrt', 'max_leaf_nodes': None, 'max_samples': None, 'min_impurity_decrease': 0.0, 'min_samples_leaf': 1, 'min_samples_split': 2, 'min_weight_fraction_leaf': 0.0, 'monotonic_cst': None, 'n_estimators': 150, 'n_jobs': None, 'oob_score': False, 'random_state': 42, 'verbose': 0, 'warm_start': False}",7.616509199142456
Chinese_wine,7,2,4,10,LinearSVC,Time_Warping,8,"{'sigma': 0.3, 'knot': 6}",0.32911111111111113,0.20848676873150404,"{'C': np.float64(0.0069519279617756054), 'class_weight': 'balanced', 'dual': False, 'fit_intercept': False, 'intercept_scaling': 1, 'loss': 'squared_hinge', 'max_iter': 100, 'multi_class': 'ovr', 'penalty': 'l2', 'random_state': 42, 'tol': 0.0001, 'verbose': 0}",0.07564592361450195
Chinese_wine,7,2,4,10,LogisticRegression,Time_Warping,8,"{'sigma': 0.3, 'knot': 6}",0.37522222222222223,0.3613298755600704,"{'C': np.float64(33.59818286283781), 'class_weight': 'balanced', 'dual': False, 'fit_intercept': True, 'intercept_scaling': 1, 'l1_ratio': None, 'max_iter': 100, 'multi_class': 'deprecated', 'n_jobs': None, 'penalty': 'l2', 'random_state': 42, 'solver': 'saga', 'tol': 0.0001, 'verbose': 0, 'warm_start': False}",0.17041325569152832
Chinese_wine,7,2,4,10,KNN,Time_Warping,9,"{'sigma': 0.1, 'knot': 6}",0.6022222222222222,0.5976326219351316,"{'algorithm': 'auto', 'leaf_size': 30, 'metric': 'chebyshev', 'metric_params': None, 'n_jobs': None, 'n_neighbors': np.int64(11), 'p': 2, 'weights': 'distance'}",0.09549570083618164
Chinese_wine,7,2,4,10,RandomForest,Time_Warping,9,"{'sigma': 0.1, 'knot': 6}",0.5304444444444445,0.5232032336392785,"{'bootstrap': True, 'ccp_alpha': 0.0, 'class_weight': 'balanced', 'criterion': 'gini', 'max_depth': 30, 'max_features': 'sqrt', 'max_leaf_nodes': None, 'max_samples': None, 'min_impurity_decrease': 0.0, 'min_samples_leaf': 1, 'min_samples_split': 2, 'min_weight_fraction_leaf': 0.0, 'monotonic_cst': None, 'n_estimators': 150, 'n_jobs': None, 'oob_score': False, 'random_state': 42, 'verbose': 0, 'warm_start': False}",7.655625820159912
Chinese_wine,7,2,4,10,LinearSVC,Time_Warping,9,"{'sigma': 0.1, 'knot': 6}",0.39766666666666667,0.28057869784687745,"{'C': np.float64(0.2069138081114788), 'class_weight': None, 'dual': False, 'fit_intercept': False, 'intercept_scaling': 1, 'loss': 'squared_hinge', 'max_iter': 100, 'multi_class': 'ovr', 'penalty': 'l2', 'random_state': 42, 'tol': 0.001, 'verbose': 0}",0.08546233177185059
Chinese_wine,7,2,4,10,LogisticRegression,Time_Warping,9,"{'sigma': 0.1, 'knot': 6}",0.5144444444444445,0.5100173867985959,"{'C': np.float64(33.59818286283781), 'class_weight': 'balanced', 'dual': False, 'fit_intercept': True, 'intercept_scaling': 1, 'l1_ratio': None, 'max_iter': 100, 'multi_class': 'deprecated', 'n_jobs': None, 'penalty': 'l1', 'random_state': 42, 'solver': 'saga', 'tol': 0.0001, 'verbose': 0, 'warm_start': False}",1.120955228805542
Chinese_wine,7,2,4,10,KNN,Time_Warping,10,"{'sigma': 0.1, 'knot': 8}",0.5912222222222222,0.5900150167988029,"{'algorithm': 'auto', 'leaf_size': 30, 'metric': 'minkowski', 'metric_params': None, 'n_jobs': None, 'n_neighbors': np.int64(15), 'p': 4, 'weights': 'distance'}",0.764554500579834
Chinese_wine,7,2,4,10,RandomForest,Time_Warping,10,"{'sigma': 0.1, 'knot': 8}",0.5306666666666666,0.5238167167741885,"{'bootstrap': True, 'ccp_alpha': 0.0, 'class_weight': 'balanced', 'criterion': 'gini', 'max_depth': 30, 'max_features': 'sqrt', 'max_leaf_nodes': None, 'max_samples': None, 'min_impurity_decrease': 0.0, 'min_samples_leaf': 1, 'min_samples_split': 2, 'min_weight_fraction_leaf': 0.0, 'monotonic_cst': None, 'n_estimators': 150, 'n_jobs': None, 'oob_score': False, 'random_state': 42, 'verbose': 0, 'warm_start': False}",7.366500377655029
Chinese_wine,7,2,4,10,LinearSVC,Time_Warping,10,"{'sigma': 0.1, 'knot': 8}",0.511,0.4645788909341753,"{'C': np.float64(183.29807108324337), 'class_weight': 'balanced', 'dual': False, 'fit_intercept': True, 'intercept_scaling': 1, 'loss': 'squared_hinge', 'max_iter': 100, 'multi_class': 'ovr', 'penalty': 'l1', 'random_state': 42, 'tol': 0.0001, 'verbose': 0}",0.2582120895385742
Chinese_wine,7,2,4,10,LogisticRegression,Time_Warping,10,"{'sigma': 0.1, 'knot': 8}",0.502,0.5010465444653294,"{'C': np.float64(33.59818286283781), 'class_weight': 'balanced', 'dual': False, 'fit_intercept': True, 'intercept_scaling': 1, 'l1_ratio': None, 'max_iter': 100, 'multi_class': 'deprecated', 'n_jobs': None, 'penalty': 'l1', 'random_state': 42, 'solver': 'saga', 'tol': 0.0001, 'verbose': 0, 'warm_start': False}",1.105247974395752
Chinese_wine,7,2,5,1,KNN,Baseline,N/A,N/A,0.6203333333333333,0.6066058546446509,"{'algorithm': 'auto', 'leaf_size': 30, 'metric': 'minkowski', 'metric_params': None, 'n_jobs': None, 'n_neighbors': 5, 'p': 2, 'weights': 'uniform'}",0.4267537593841553
Chinese_wine,7,2,5,1,KNN,Tuned_Baseline,N/A,N/A,0.6182222222222222,0.6021257342625311,"{'algorithm': 'auto', 'leaf_size': 30, 'metric': 'manhattan', 'metric_params': None, 'n_jobs': None, 'n_neighbors': np.int64(5), 'p': 2, 'weights': 'distance'}",0.062219858169555664
Chinese_wine,7,2,5,1,RandomForest,Baseline,N/A,N/A,0.6033333333333334,0.585203228373818,"{'bootstrap': True, 'ccp_alpha': 0.0, 'class_weight': None, 'criterion': 'gini', 'max_depth': None, 'max_features': 'sqrt', 'max_leaf_nodes': None, 'max_samples': None, 'min_impurity_decrease': 0.0, 'min_samples_leaf': 1, 'min_samples_split': 2, 'min_weight_fraction_leaf': 0.0, 'monotonic_cst': None, 'n_estimators': 100, 'n_jobs': None, 'oob_score': False, 'random_state': 42, 'verbose': 0, 'warm_start': False}",0.5947167873382568
Chinese_wine,7,2,5,1,RandomForest,Tuned_Baseline,N/A,N/A,0.5966666666666667,0.5784439625287698,"{'bootstrap': True, 'ccp_alpha': 0.0, 'class_weight': 'balanced', 'criterion': 'gini', 'max_depth': None, 'max_features': 'sqrt', 'max_leaf_nodes': None, 'max_samples': None, 'min_impurity_decrease': 0.0, 'min_samples_leaf': 2, 'min_samples_split': 2, 'min_weight_fraction_leaf': 0.0, 'monotonic_cst': None, 'n_estimators': 100, 'n_jobs': None, 'oob_score': False, 'random_state': 42, 'verbose': 0, 'warm_start': False}",0.04694557189941406
Chinese_wine,7,2,5,1,LinearSVC,Baseline,N/A,N/A,0.6073333333333333,0.5910058170834248,"{'C': 1.0, 'class_weight': None, 'dual': False, 'fit_intercept': True, 'intercept_scaling': 1, 'loss': 'squared_hinge', 'max_iter': 100, 'multi_class': 'ovr', 'penalty': 'l2', 'random_state': 42, 'tol': 0.0001, 'verbose': 0}",0.011678457260131836
Chinese_wine,7,2,5,1,LinearSVC,Tuned_Baseline,N/A,N/A,0.5916666666666667,0.5783492496481911,"{'C': np.float64(33.59818286283781), 'class_weight': None, 'dual': False, 'fit_intercept': True, 'intercept_scaling': 1, 'loss': 'squared_hinge', 'max_iter': 100, 'multi_class': 'ovr', 'penalty': 'l1', 'random_state': 42, 'tol': 0.001, 'verbose': 0}",0.0007157325744628906
Chinese_wine,7,2,5,1,LogisticRegression,Baseline,N/A,N/A,0.6204444444444445,0.5989023286841803,"{'C': 1.0, 'class_weight': None, 'dual': False, 'fit_intercept': True, 'intercept_scaling': 1, 'l1_ratio': None, 'max_iter': 100, 'multi_class': 'deprecated', 'n_jobs': None, 'penalty': 'l2', 'random_state': 42, 'solver': 'lbfgs', 'tol': 0.0001, 'verbose': 0, 'warm_start': False}",0.05917978286743164
Chinese_wine,7,2,5,1,LogisticRegression,Tuned_Baseline,N/A,N/A,0.6444444444444445,0.621329391399302,"{'C': np.float64(1000.0), 'class_weight': 'balanced', 'dual': False, 'fit_intercept': True, 'intercept_scaling': 1, 'l1_ratio': None, 'max_iter': 100, 'multi_class': 'deprecated', 'n_jobs': None, 'penalty': 'l2', 'random_state': 42, 'solver': 'sag', 'tol': 0.0001, 'verbose': 0, 'warm_start': False}",0.0009827613830566406
Chinese_wine,7,2,5,1,RNN,Tuned_Baseline,N/A,N/A,0.1,0.018181818181818184,"{'hidden_size': 64, 'epochs': 10, 'batch_size': 32, 'lr': 0.001}",2.4318695068359375e-05
Chinese_wine,7,2,5,2,KNN,Time_Warping,1,"{'sigma': 0.2, 'knot': 4}",0.6395555555555555,0.6282869303357511,"{'algorithm': 'auto', 'leaf_size': 30, 'metric': 'minkowski', 'metric_params': None, 'n_jobs': None, 'n_neighbors': np.int64(5), 'p': 3, 'weights': 'distance'}",0.2477095127105713
Chinese_wine,7,2,5,2,RandomForest,Time_Warping,1,"{'sigma': 0.2, 'knot': 4}",0.5761111111111111,0.5591879629351825,"{'bootstrap': True, 'ccp_alpha': 0.0, 'class_weight': None, 'criterion': 'gini', 'max_depth': 20, 'max_features': 'sqrt', 'max_leaf_nodes': None, 'max_samples': None, 'min_impurity_decrease': 0.0, 'min_samples_leaf': 1, 'min_samples_split': 2, 'min_weight_fraction_leaf': 0.0, 'monotonic_cst': None, 'n_estimators': 100, 'n_jobs': None, 'oob_score': False, 'random_state': 42, 'verbose': 0, 'warm_start': False}",0.9991931915283203
Chinese_wine,7,2,5,2,LinearSVC,Time_Warping,1,"{'sigma': 0.2, 'knot': 4}",0.4737777777777778,0.4322125667003521,"{'C': np.float64(2.6366508987303554), 'class_weight': 'balanced', 'dual': False, 'fit_intercept': True, 'intercept_scaling': 1, 'loss': 'squared_hinge', 'max_iter': 100, 'multi_class': 'ovr', 'penalty': 'l1', 'random_state': 42, 'tol': 0.0001, 'verbose': 0}",0.05891227722167969
Chinese_wine,7,2,5,2,LogisticRegression,Time_Warping,1,"{'sigma': 0.2, 'knot': 4}",0.5296666666666666,0.50729203014161,"{'C': np.float64(183.29807108324337), 'class_weight': 'balanced', 'dual': False, 'fit_intercept': True, 'intercept_scaling': 1, 'l1_ratio': None, 'max_iter': 100, 'multi_class': 'deprecated', 'n_jobs': None, 'penalty': 'l1', 'random_state': 42, 'solver': 'saga', 'tol': 0.0001, 'verbose': 0, 'warm_start': False}",0.05007290840148926
Chinese_wine,7,2,5,2,KNN,Time_Warping,2,"{'sigma': 0.2, 'knot': 3}",0.6374444444444445,0.626313226187273,"{'algorithm': 'auto', 'leaf_size': 30, 'metric': 'minkowski', 'metric_params': None, 'n_jobs': None, 'n_neighbors': np.int64(5), 'p': 3, 'weights': 'distance'}",0.29425764083862305
Chinese_wine,7,2,5,2,RandomForest,Time_Warping,2,"{'sigma': 0.2, 'knot': 3}",0.5743333333333334,0.5561412457109357,"{'bootstrap': True, 'ccp_alpha': 0.0, 'class_weight': 'balanced', 'criterion': 'gini', 'max_depth': 30, 'max_features': 'sqrt', 'max_leaf_nodes': None, 'max_samples': None, 'min_impurity_decrease': 0.0, 'min_samples_leaf': 2, 'min_samples_split': 5, 'min_weight_fraction_leaf': 0.0, 'monotonic_cst': None, 'n_estimators': 50, 'n_jobs': None, 'oob_score': False, 'random_state': 42, 'verbose': 0, 'warm_start': False}",0.5287935733795166
Chinese_wine,7,2,5,2,LinearSVC,Time_Warping,2,"{'sigma': 0.2, 'knot': 3}",0.4807777777777778,0.4526003875089438,"{'C': np.float64(2.6366508987303554), 'class_weight': 'balanced', 'dual': False, 'fit_intercept': True, 'intercept_scaling': 1, 'loss': 'squared_hinge', 'max_iter': 100, 'multi_class': 'ovr', 'penalty': 'l1', 'random_state': 42, 'tol': 0.0001, 'verbose': 0}",0.08171343803405762
Chinese_wine,7,2,5,2,LogisticRegression,Time_Warping,2,"{'sigma': 0.2, 'knot': 3}",0.48233333333333334,0.466067487085592,"{'C': np.float64(2.6366508987303554), 'class_weight': 'balanced', 'dual': False, 'fit_intercept': True, 'intercept_scaling': 1, 'l1_ratio': None, 'max_iter': 100, 'multi_class': 'deprecated', 'n_jobs': None, 'penalty': 'l1', 'random_state': 42, 'solver': 'saga', 'tol': 0.0001, 'verbose': 0, 'warm_start': False}",0.19702649116516113
Chinese_wine,7,2,5,2,KNN,Time_Warping,3,"{'sigma': 0.5, 'knot': 4}",0.6295555555555555,0.6178671301422252,"{'algorithm': 'auto', 'leaf_size': 30, 'metric': 'minkowski', 'metric_params': None, 'n_jobs': None, 'n_neighbors': np.int64(5), 'p': 3, 'weights': 'distance'}",0.23364949226379395
Chinese_wine,7,2,5,2,RandomForest,Time_Warping,3,"{'sigma': 0.5, 'knot': 4}",0.558,0.537335810649663,"{'bootstrap': True, 'ccp_alpha': 0.0, 'class_weight': 'balanced', 'criterion': 'gini', 'max_depth': 30, 'max_features': 'sqrt', 'max_leaf_nodes': None, 'max_samples': None, 'min_impurity_decrease': 0.0, 'min_samples_leaf': 1, 'min_samples_split': 5, 'min_weight_fraction_leaf': 0.0, 'monotonic_cst': None, 'n_estimators': 100, 'n_jobs': None, 'oob_score': False, 'random_state': 42, 'verbose': 0, 'warm_start': False}",0.856072187423706
Chinese_wine,7,2,5,2,LinearSVC,Time_Warping,3,"{'sigma': 0.5, 'knot': 4}",0.31466666666666665,0.2325226985144676,"{'C': np.float64(0.4832930238571752), 'class_weight': 'balanced', 'dual': False, 'fit_intercept': True, 'intercept_scaling': 1, 'loss': 'squared_hinge', 'max_iter': 100, 'multi_class': 'ovr', 'penalty': 'l2', 'random_state': 42, 'tol': 0.0001, 'verbose': 0}",0.02440500259399414
Chinese_wine,7,2,5,2,LogisticRegression,Time_Warping,3,"{'sigma': 0.5, 'knot': 4}",0.337,0.3037664246966421,"{'C': np.float64(2.6366508987303554), 'class_weight': 'balanced', 'dual': False, 'fit_intercept': True, 'intercept_scaling': 1, 'l1_ratio': None, 'max_iter': 100, 'multi_class': 'deprecated', 'n_jobs': None, 'penalty': 'l1', 'random_state': 42, 'solver': 'saga', 'tol': 0.0001, 'verbose': 0, 'warm_start': False}",0.10549569129943848
Chinese_wine,7,2,5,2,KNN,Time_Warping,4,"{'sigma': 0.05, 'knot': 8}",0.6236666666666667,0.60967061496872,"{'algorithm': 'auto', 'leaf_size': 30, 'metric': 'minkowski', 'metric_params': None, 'n_jobs': None, 'n_neighbors': np.int64(5), 'p': 3, 'weights': 'distance'}",0.2646610736846924
Chinese_wine,7,2,5,2,RandomForest,Time_Warping,4,"{'sigma': 0.05, 'knot': 8}",0.5805555555555556,0.5641827614642326,"{'bootstrap': True, 'ccp_alpha': 0.0, 'class_weight': 'balanced', 'criterion': 'gini', 'max_depth': 30, 'max_features': 'sqrt', 'max_leaf_nodes': None, 'max_samples': None, 'min_impurity_decrease': 0.0, 'min_samples_leaf': 1, 'min_samples_split': 2, 'min_weight_fraction_leaf': 0.0, 'monotonic_cst': None, 'n_estimators': 150, 'n_jobs': None, 'oob_score': False, 'random_state': 42, 'verbose': 0, 'warm_start': False}",1.390078067779541
Chinese_wine,7,2,5,2,LinearSVC,Time_Warping,4,"{'sigma': 0.05, 'knot': 8}",0.585,0.5647798980256512,"{'C': np.float64(0.4832930238571752), 'class_weight': 'balanced', 'dual': False, 'fit_intercept': True, 'intercept_scaling': 1, 'loss': 'squared_hinge', 'max_iter': 100, 'multi_class': 'ovr', 'penalty': 'l2', 'random_state': 42, 'tol': 0.0001, 'verbose': 0}",0.02712559700012207
Chinese_wine,7,2,5,2,LogisticRegression,Time_Warping,4,"{'sigma': 0.05, 'knot': 8}",0.6058888888888889,0.5856401101291817,"{'C': np.float64(1000.0), 'class_weight': 'balanced', 'dual': False, 'fit_intercept': True, 'intercept_scaling': 1, 'l1_ratio': None, 'max_iter': 100, 'multi_class': 'deprecated', 'n_jobs': None, 'penalty': 'l2', 'random_state': 42, 'solver': 'sag', 'tol': 0.0001, 'verbose': 0, 'warm_start': False}",0.12712597846984863
Chinese_wine,7,2,5,2,KNN,Time_Warping,5,"{'sigma': 0.1, 'knot': 4}",0.641,0.630923275257831,"{'algorithm': 'auto', 'leaf_size': 30, 'metric': 'minkowski', 'metric_params': None, 'n_jobs': None, 'n_neighbors': np.int64(5), 'p': 3, 'weights': 'distance'}",0.29950451850891113
Chinese_wine,7,2,5,2,RandomForest,Time_Warping,5,"{'sigma': 0.1, 'knot': 4}",0.5813333333333334,0.5658887989931815,"{'bootstrap': True, 'ccp_alpha': 0.0, 'class_weight': 'balanced', 'criterion': 'gini', 'max_depth': None, 'max_features': 'sqrt', 'max_leaf_nodes': None, 'max_samples': None, 'min_impurity_decrease': 0.0, 'min_samples_leaf': 1, 'min_samples_split': 2, 'min_weight_fraction_leaf': 0.0, 'monotonic_cst': None, 'n_estimators': 50, 'n_jobs': None, 'oob_score': False, 'random_state': 42, 'verbose': 0, 'warm_start': False}",0.5186407566070557
Chinese_wine,7,2,5,2,LinearSVC,Time_Warping,5,"{'sigma': 0.1, 'knot': 4}",0.44277777777777777,0.39666359851487376,"{'C': np.float64(33.59818286283781), 'class_weight': 'balanced', 'dual': False, 'fit_intercept': True, 'intercept_scaling': 1, 'loss': 'squared_hinge', 'max_iter': 100, 'multi_class': 'ovr', 'penalty': 'l1', 'random_state': 42, 'tol': 0.001, 'verbose': 0}",0.05992317199707031
Chinese_wine,7,2,5,2,LogisticRegression,Time_Warping,5,"{'sigma': 0.1, 'knot': 4}",0.5476666666666666,0.5383360968629817,"{'C': np.float64(183.29807108324337), 'class_weight': 'balanced', 'dual': False, 'fit_intercept': True, 'intercept_scaling': 1, 'l1_ratio': None, 'max_iter': 100, 'multi_class': 'deprecated', 'n_jobs': None, 'penalty': 'l1', 'random_state': 42, 'solver': 'saga', 'tol': 0.0001, 'verbose': 0, 'warm_start': False}",0.05658888816833496
Chinese_wine,7,2,5,2,KNN,Time_Warping,6,"{'sigma': 0.3, 'knot': 6}",0.6305555555555555,0.6180015557960683,"{'algorithm': 'auto', 'leaf_size': 30, 'metric': 'minkowski', 'metric_params': None, 'n_jobs': None, 'n_neighbors': np.int64(5), 'p': 3, 'weights': 'distance'}",0.2615649700164795
Chinese_wine,7,2,5,2,RandomForest,Time_Warping,6,"{'sigma': 0.3, 'knot': 6}",0.5514444444444444,0.5298372262735848,"{'bootstrap': True, 'ccp_alpha': 0.0, 'class_weight': 'balanced', 'criterion': 'gini', 'max_depth': 20, 'max_features': 'sqrt', 'max_leaf_nodes': None, 'max_samples': None, 'min_impurity_decrease': 0.0, 'min_samples_leaf': 2, 'min_samples_split': 5, 'min_weight_fraction_leaf': 0.0, 'monotonic_cst': None, 'n_estimators': 50, 'n_jobs': None, 'oob_score': False, 'random_state': 42, 'verbose': 0, 'warm_start': False}",0.4673483371734619
Chinese_wine,7,2,5,2,LinearSVC,Time_Warping,6,"{'sigma': 0.3, 'knot': 6}",0.44077777777777777,0.3764504382157014,"{'C': np.float64(183.29807108324337), 'class_weight': None, 'dual': False, 'fit_intercept': True, 'intercept_scaling': 1, 'loss': 'squared_hinge', 'max_iter': 100, 'multi_class': 'ovr', 'penalty': 'l1', 'random_state': 42, 'tol': 0.001, 'verbose': 0}",0.030860185623168945
Chinese_wine,7,2,5,2,LogisticRegression,Time_Warping,6,"{'sigma': 0.3, 'knot': 6}",0.4553333333333333,0.43715954182501277,"{'C': np.float64(2.6366508987303554), 'class_weight': 'balanced', 'dual': False, 'fit_intercept': True, 'intercept_scaling': 1, 'l1_ratio': None, 'max_iter': 100, 'multi_class': 'deprecated', 'n_jobs': None, 'penalty': 'l1', 'random_state': 42, 'solver': 'saga', 'tol': 0.0001, 'verbose': 0, 'warm_start': False}",0.06473851203918457
Chinese_wine,7,2,5,2,KNN,Time_Warping,7,"{'sigma': 0.05, 'knot': 6}",0.6326666666666667,0.6205946969878083,"{'algorithm': 'auto', 'leaf_size': 30, 'metric': 'minkowski', 'metric_params': None, 'n_jobs': None, 'n_neighbors': np.int64(5), 'p': 3, 'weights': 'distance'}",0.21599698066711426
Chinese_wine,7,2,5,2,RandomForest,Time_Warping,7,"{'sigma': 0.05, 'knot': 6}",0.5954444444444444,0.578249159501772,"{'bootstrap': True, 'ccp_alpha': 0.0, 'class_weight': 'balanced', 'criterion': 'gini', 'max_depth': 30, 'max_features': 'sqrt', 'max_leaf_nodes': None, 'max_samples': None, 'min_impurity_decrease': 0.0, 'min_samples_leaf': 1, 'min_samples_split': 2, 'min_weight_fraction_leaf': 0.0, 'monotonic_cst': None, 'n_estimators': 150, 'n_jobs': None, 'oob_score': False, 'random_state': 42, 'verbose': 0, 'warm_start': False}",1.579099178314209
Chinese_wine,7,2,5,2,LinearSVC,Time_Warping,7,"{'sigma': 0.05, 'knot': 6}",0.577,0.5486124955535201,"{'C': np.float64(183.29807108324337), 'class_weight': 'balanced', 'dual': False, 'fit_intercept': True, 'intercept_scaling': 1, 'loss': 'squared_hinge', 'max_iter': 100, 'multi_class': 'ovr', 'penalty': 'l1', 'random_state': 42, 'tol': 0.0001, 'verbose': 0}",0.06534528732299805
Chinese_wine,7,2,5,2,LogisticRegression,Time_Warping,7,"{'sigma': 0.05, 'knot': 6}",0.6283333333333333,0.6087365924768833,"{'C': np.float64(33.59818286283781), 'class_weight': 'balanced', 'dual': False, 'fit_intercept': True, 'intercept_scaling': 1, 'l1_ratio': None, 'max_iter': 100, 'multi_class': 'deprecated', 'n_jobs': None, 'penalty': 'l2', 'random_state': 42, 'solver': 'saga', 'tol': 0.0001, 'verbose': 0, 'warm_start': False}",0.15520668029785156
Chinese_wine,7,2,5,2,KNN,Time_Warping,8,"{'sigma': 0.3, 'knot': 6}",0.6283333333333333,0.616214042560089,"{'algorithm': 'auto', 'leaf_size': 30, 'metric': 'minkowski', 'metric_params': None, 'n_jobs': None, 'n_neighbors': np.int64(5), 'p': 3, 'weights': 'distance'}",0.2527458667755127
Chinese_wine,7,2,5,2,RandomForest,Time_Warping,8,"{'sigma': 0.3, 'knot': 6}",0.552,0.5340146593687872,"{'bootstrap': True, 'ccp_alpha': 0.0, 'class_weight': 'balanced', 'criterion': 'gini', 'max_depth': 20, 'max_features': 'sqrt', 'max_leaf_nodes': None, 'max_samples': None, 'min_impurity_decrease': 0.0, 'min_samples_leaf': 2, 'min_samples_split': 5, 'min_weight_fraction_leaf': 0.0, 'monotonic_cst': None, 'n_estimators': 50, 'n_jobs': None, 'oob_score': False, 'random_state': 42, 'verbose': 0, 'warm_start': False}",0.5111644268035889
Chinese_wine,7,2,5,2,LinearSVC,Time_Warping,8,"{'sigma': 0.3, 'knot': 6}",0.4587777777777778,0.39383048469709514,"{'C': np.float64(2.6366508987303554), 'class_weight': 'balanced', 'dual': False, 'fit_intercept': True, 'intercept_scaling': 1, 'loss': 'squared_hinge', 'max_iter': 100, 'multi_class': 'ovr', 'penalty': 'l1', 'random_state': 42, 'tol': 0.0001, 'verbose': 0}",0.06533384323120117
Chinese_wine,7,2,5,2,LogisticRegression,Time_Warping,8,"{'sigma': 0.3, 'knot': 6}",0.4801111111111111,0.4415537294143795,"{'C': np.float64(1000.0), 'class_weight': 'balanced', 'dual': False, 'fit_intercept': True, 'intercept_scaling': 1, 'l1_ratio': None, 'max_iter': 100, 'multi_class': 'deprecated', 'n_jobs': None, 'penalty': 'l2', 'random_state': 42, 'solver': 'sag', 'tol': 0.0001, 'verbose': 0, 'warm_start': False}",0.0528264045715332
Chinese_wine,7,2,5,2,KNN,Time_Warping,9,"{'sigma': 0.1, 'knot': 6}",0.6277777777777778,0.6148953685318824,"{'algorithm': 'auto', 'leaf_size': 30, 'metric': 'minkowski', 'metric_params': None, 'n_jobs': None, 'n_neighbors': np.int64(5), 'p': 3, 'weights': 'distance'}",0.286912202835083
Chinese_wine,7,2,5,2,RandomForest,Time_Warping,9,"{'sigma': 0.1, 'knot': 6}",0.5746666666666667,0.5566321151193978,"{'bootstrap': True, 'ccp_alpha': 0.0, 'class_weight': 'balanced', 'criterion': 'gini', 'max_depth': 30, 'max_features': 'sqrt', 'max_leaf_nodes': None, 'max_samples': None, 'min_impurity_decrease': 0.0, 'min_samples_leaf': 1, 'min_samples_split': 2, 'min_weight_fraction_leaf': 0.0, 'monotonic_cst': None, 'n_estimators': 150, 'n_jobs': None, 'oob_score': False, 'random_state': 42, 'verbose': 0, 'warm_start': False}",1.3339753150939941
Chinese_wine,7,2,5,2,LinearSVC,Time_Warping,9,"{'sigma': 0.1, 'knot': 6}",0.4796666666666667,0.4398449941792878,"{'C': np.float64(183.29807108324337), 'class_weight': 'balanced', 'dual': False, 'fit_intercept': True, 'intercept_scaling': 1, 'loss': 'squared_hinge', 'max_iter': 100, 'multi_class': 'ovr', 'penalty': 'l1', 'random_state': 42, 'tol': 0.0001, 'verbose': 0}",0.062183380126953125
Chinese_wine,7,2,5,2,LogisticRegression,Time_Warping,9,"{'sigma': 0.1, 'knot': 6}",0.5008888888888889,0.4749399314585159,"{'C': np.float64(183.29807108324337), 'class_weight': 'balanced', 'dual': False, 'fit_intercept': True, 'intercept_scaling': 1, 'l1_ratio': None, 'max_iter': 100, 'multi_class': 'deprecated', 'n_jobs': None, 'penalty': 'l1', 'random_state': 42, 'solver': 'saga', 'tol': 0.0001, 'verbose': 0, 'warm_start': False}",0.08156800270080566
Chinese_wine,7,2,5,2,KNN,Time_Warping,10,"{'sigma': 0.1, 'knot': 8}",0.6283333333333333,0.61680377382789,"{'algorithm': 'auto', 'leaf_size': 30, 'metric': 'minkowski', 'metric_params': None, 'n_jobs': None, 'n_neighbors': np.int64(5), 'p': 3, 'weights': 'distance'}",0.414689302444458
Chinese_wine,7,2,5,2,RandomForest,Time_Warping,10,"{'sigma': 0.1, 'knot': 8}",0.569,0.5499689072305117,"{'bootstrap': True, 'ccp_alpha': 0.0, 'class_weight': 'balanced', 'criterion': 'gini', 'max_depth': None, 'max_features': 'sqrt', 'max_leaf_nodes': None, 'max_samples': None, 'min_impurity_decrease': 0.0, 'min_samples_leaf': 2, 'min_samples_split': 2, 'min_weight_fraction_leaf': 0.0, 'monotonic_cst': None, 'n_estimators': 150, 'n_jobs': None, 'oob_score': False, 'random_state': 42, 'verbose': 0, 'warm_start': False}",1.3630256652832031
Chinese_wine,7,2,5,2,LinearSVC,Time_Warping,10,"{'sigma': 0.1, 'knot': 8}",0.4851111111111111,0.44058053969226163,"{'C': np.float64(183.29807108324337), 'class_weight': 'balanced', 'dual': False, 'fit_intercept': True, 'intercept_scaling': 1, 'loss': 'squared_hinge', 'max_iter': 100, 'multi_class': 'ovr', 'penalty': 'l1', 'random_state': 42, 'tol': 0.0001, 'verbose': 0}",0.06750893592834473
Chinese_wine,7,2,5,2,LogisticRegression,Time_Warping,10,"{'sigma': 0.1, 'knot': 8}",0.5428888888888889,0.5226906930046207,"{'C': np.float64(1000.0), 'class_weight': 'balanced', 'dual': False, 'fit_intercept': True, 'intercept_scaling': 1, 'l1_ratio': None, 'max_iter': 100, 'multi_class': 'deprecated', 'n_jobs': None, 'penalty': 'l2', 'random_state': 42, 'solver': 'sag', 'tol': 0.0001, 'verbose': 0, 'warm_start': False}",0.05465960502624512
Chinese_wine,7,2,5,3,KNN,Time_Warping,1,"{'sigma': 0.2, 'knot': 4}",0.6328888888888888,0.6201594546747381,"{'algorithm': 'auto', 'leaf_size': 30, 'metric': 'minkowski', 'metric_params': None, 'n_jobs': None, 'n_neighbors': np.int64(5), 'p': 3, 'weights': 'distance'}",0.541295051574707
Chinese_wine,7,2,5,3,RandomForest,Time_Warping,1,"{'sigma': 0.2, 'knot': 4}",0.5662222222222222,0.5506281238343524,"{'bootstrap': True, 'ccp_alpha': 0.0, 'class_weight': None, 'criterion': 'gini', 'max_depth': 20, 'max_features': 'sqrt', 'max_leaf_nodes': None, 'max_samples': None, 'min_impurity_decrease': 0.0, 'min_samples_leaf': 1, 'min_samples_split': 2, 'min_weight_fraction_leaf': 0.0, 'monotonic_cst': None, 'n_estimators': 100, 'n_jobs': None, 'oob_score': False, 'random_state': 42, 'verbose': 0, 'warm_start': False}",1.2724361419677734
Chinese_wine,7,2,5,3,LinearSVC,Time_Warping,1,"{'sigma': 0.2, 'knot': 4}",0.4368888888888889,0.3805993165086362,"{'C': np.float64(2.6366508987303554), 'class_weight': 'balanced', 'dual': False, 'fit_intercept': True, 'intercept_scaling': 1, 'loss': 'squared_hinge', 'max_iter': 100, 'multi_class': 'ovr', 'penalty': 'l1', 'random_state': 42, 'tol': 0.0001, 'verbose': 0}",0.06070375442504883
Chinese_wine,7,2,5,3,LogisticRegression,Time_Warping,1,"{'sigma': 0.2, 'knot': 4}",0.455,0.4345749793296133,"{'C': np.float64(33.59818286283781), 'class_weight': 'balanced', 'dual': False, 'fit_intercept': True, 'intercept_scaling': 1, 'l1_ratio': None, 'max_iter': 100, 'multi_class': 'deprecated', 'n_jobs': None, 'penalty': 'l1', 'random_state': 42, 'solver': 'saga', 'tol': 0.0001, 'verbose': 0, 'warm_start': False}",0.5518500804901123
Chinese_wine,7,2,5,3,KNN,Time_Warping,2,"{'sigma': 0.2, 'knot': 3}",0.6298888888888889,0.6149087723540059,"{'algorithm': 'auto', 'leaf_size': 30, 'metric': 'minkowski', 'metric_params': None, 'n_jobs': None, 'n_neighbors': np.int64(5), 'p': 3, 'weights': 'distance'}",0.42225193977355957
Chinese_wine,7,2,5,3,RandomForest,Time_Warping,2,"{'sigma': 0.2, 'knot': 3}",0.5672222222222222,0.5499169823012687,"{'bootstrap': True, 'ccp_alpha': 0.0, 'class_weight': 'balanced', 'criterion': 'gini', 'max_depth': None, 'max_features': 'sqrt', 'max_leaf_nodes': None, 'max_samples': None, 'min_impurity_decrease': 0.0, 'min_samples_leaf': 2, 'min_samples_split': 2, 'min_weight_fraction_leaf': 0.0, 'monotonic_cst': None, 'n_estimators': 100, 'n_jobs': None, 'oob_score': False, 'random_state': 42, 'verbose': 0, 'warm_start': False}",1.3069658279418945
Chinese_wine,7,2,5,3,LinearSVC,Time_Warping,2,"{'sigma': 0.2, 'knot': 3}",0.407,0.3539173296276539,"{'C': np.float64(33.59818286283781), 'class_weight': None, 'dual': False, 'fit_intercept': True, 'intercept_scaling': 1, 'loss': 'squared_hinge', 'max_iter': 100, 'multi_class': 'ovr', 'penalty': 'l1', 'random_state': 42, 'tol': 0.001, 'verbose': 0}",0.044977664947509766
Chinese_wine,7,2,5,3,LogisticRegression,Time_Warping,2,"{'sigma': 0.2, 'knot': 3}",0.5135555555555555,0.4960348320696782,"{'C': np.float64(1000.0), 'class_weight': 'balanced', 'dual': False, 'fit_intercept': True, 'intercept_scaling': 1, 'l1_ratio': None, 'max_iter': 100, 'multi_class': 'deprecated', 'n_jobs': None, 'penalty': 'l2', 'random_state': 42, 'solver': 'sag', 'tol': 0.0001, 'verbose': 0, 'warm_start': False}",0.07735371589660645
Chinese_wine,7,2,5,3,KNN,Time_Warping,3,"{'sigma': 0.5, 'knot': 4}",0.6237777777777778,0.6127258136256561,"{'algorithm': 'auto', 'leaf_size': 30, 'metric': 'minkowski', 'metric_params': None, 'n_jobs': None, 'n_neighbors': np.int64(11), 'p': 4, 'weights': 'distance'}",0.46876049041748047
Chinese_wine,7,2,5,3,RandomForest,Time_Warping,3,"{'sigma': 0.5, 'knot': 4}",0.5627777777777778,0.5470953382979556,"{'bootstrap': True, 'ccp_alpha': 0.0, 'class_weight': None, 'criterion': 'gini', 'max_depth': 20, 'max_features': 'sqrt', 'max_leaf_nodes': None, 'max_samples': None, 'min_impurity_decrease': 0.0, 'min_samples_leaf': 1, 'min_samples_split': 2, 'min_weight_fraction_leaf': 0.0, 'monotonic_cst': None, 'n_estimators': 100, 'n_jobs': None, 'oob_score': False, 'random_state': 42, 'verbose': 0, 'warm_start': False}",1.371140956878662
Chinese_wine,7,2,5,3,LinearSVC,Time_Warping,3,"{'sigma': 0.5, 'knot': 4}",0.3398888888888889,0.2689703340726067,"{'C': np.float64(183.29807108324337), 'class_weight': 'balanced', 'dual': False, 'fit_intercept': True, 'intercept_scaling': 1, 'loss': 'squared_hinge', 'max_iter': 100, 'multi_class': 'ovr', 'penalty': 'l1', 'random_state': 42, 'tol': 0.0001, 'verbose': 0}",0.038011789321899414
Chinese_wine,7,2,5,3,LogisticRegression,Time_Warping,3,"{'sigma': 0.5, 'knot': 4}",0.3327777777777778,0.29447417792517666,"{'C': np.float64(0.4832930238571752), 'class_weight': 'balanced', 'dual': False, 'fit_intercept': True, 'intercept_scaling': 1, 'l1_ratio': None, 'max_iter': 100, 'multi_class': 'deprecated', 'n_jobs': None, 'penalty': 'l2', 'random_state': 42, 'solver': 'lbfgs', 'tol': 0.0001, 'verbose': 0, 'warm_start': False}",0.043973445892333984
Chinese_wine,7,2,5,3,KNN,Time_Warping,4,"{'sigma': 0.05, 'knot': 8}",0.6283333333333333,0.6141011677927459,"{'algorithm': 'auto', 'leaf_size': 30, 'metric': 'minkowski', 'metric_params': None, 'n_jobs': None, 'n_neighbors': np.int64(5), 'p': 3, 'weights': 'distance'}",0.38736486434936523
Chinese_wine,7,2,5,3,RandomForest,Time_Warping,4,"{'sigma': 0.05, 'knot': 8}",0.5825555555555556,0.5644451919777912,"{'bootstrap': True, 'ccp_alpha': 0.0, 'class_weight': 'balanced', 'criterion': 'gini', 'max_depth': 30, 'max_features': 'sqrt', 'max_leaf_nodes': None, 'max_samples': None, 'min_impurity_decrease': 0.0, 'min_samples_leaf': 1, 'min_samples_split': 2, 'min_weight_fraction_leaf': 0.0, 'monotonic_cst': None, 'n_estimators': 150, 'n_jobs': None, 'oob_score': False, 'random_state': 42, 'verbose': 0, 'warm_start': False}",2.1125919818878174
Chinese_wine,7,2,5,3,LinearSVC,Time_Warping,4,"{'sigma': 0.05, 'knot': 8}",0.5375555555555556,0.5093711684280482,"{'C': np.float64(6.1584821106602545), 'class_weight': None, 'dual': False, 'fit_intercept': True, 'intercept_scaling': 1, 'loss': 'squared_hinge', 'max_iter': 100, 'multi_class': 'ovr', 'penalty': 'l2', 'random_state': 42, 'tol': 0.0001, 'verbose': 0}",0.03284502029418945
Chinese_wine,7,2,5,3,LogisticRegression,Time_Warping,4,"{'sigma': 0.05, 'knot': 8}",0.6121111111111112,0.5979803234098431,"{'C': np.float64(183.29807108324337), 'class_weight': None, 'dual': False, 'fit_intercept': True, 'intercept_scaling': 1, 'l1_ratio': None, 'max_iter': 100, 'multi_class': 'deprecated', 'n_jobs': None, 'penalty': 'l2', 'random_state': 42, 'solver': 'saga', 'tol': 0.0001, 'verbose': 0, 'warm_start': False}",0.07322931289672852
Chinese_wine,7,2,5,3,KNN,Time_Warping,5,"{'sigma': 0.1, 'knot': 4}",0.6383333333333333,0.6291541931181291,"{'algorithm': 'auto', 'leaf_size': 30, 'metric': 'minkowski', 'metric_params': None, 'n_jobs': None, 'n_neighbors': np.int64(5), 'p': 3, 'weights': 'distance'}",0.37868237495422363
Chinese_wine,7,2,5,3,RandomForest,Time_Warping,5,"{'sigma': 0.1, 'knot': 4}",0.5633333333333334,0.5471374089363406,"{'bootstrap': True, 'ccp_alpha': 0.0, 'class_weight': 'balanced', 'criterion': 'gini', 'max_depth': 30, 'max_features': 'sqrt', 'max_leaf_nodes': None, 'max_samples': None, 'min_impurity_decrease': 0.0, 'min_samples_leaf': 2, 'min_samples_split': 5, 'min_weight_fraction_leaf': 0.0, 'monotonic_cst': None, 'n_estimators': 50, 'n_jobs': None, 'oob_score': False, 'random_state': 42, 'verbose': 0, 'warm_start': False}",0.7369318008422852
Chinese_wine,7,2,5,3,LinearSVC,Time_Warping,5,"{'sigma': 0.1, 'knot': 4}",0.5054444444444445,0.44525332576021087,"{'C': np.float64(2.6366508987303554), 'class_weight': 'balanced', 'dual': False, 'fit_intercept': True, 'intercept_scaling': 1, 'loss': 'squared_hinge', 'max_iter': 100, 'multi_class': 'ovr', 'penalty': 'l1', 'random_state': 42, 'tol': 0.0001, 'verbose': 0}",0.08333158493041992
Chinese_wine,7,2,5,3,LogisticRegression,Time_Warping,5,"{'sigma': 0.1, 'knot': 4}",0.5365555555555556,0.5177061408597283,"{'C': np.float64(33.59818286283781), 'class_weight': 'balanced', 'dual': False, 'fit_intercept': True, 'intercept_scaling': 1, 'l1_ratio': None, 'max_iter': 100, 'multi_class': 'deprecated', 'n_jobs': None, 'penalty': 'l2', 'random_state': 42, 'solver': 'saga', 'tol': 0.0001, 'verbose': 0, 'warm_start': False}",0.04609060287475586
Chinese_wine,7,2,5,3,KNN,Time_Warping,6,"{'sigma': 0.3, 'knot': 6}",0.6378888888888888,0.627323846893748,"{'algorithm': 'auto', 'leaf_size': 30, 'metric': 'minkowski', 'metric_params': None, 'n_jobs': None, 'n_neighbors': np.int64(5), 'p': 3, 'weights': 'distance'}",0.39991140365600586
Chinese_wine,7,2,5,3,RandomForest,Time_Warping,6,"{'sigma': 0.3, 'knot': 6}",0.5555555555555556,0.5384727731604475,"{'bootstrap': True, 'ccp_alpha': 0.0, 'class_weight': 'balanced', 'criterion': 'gini', 'max_depth': None, 'max_features': 'sqrt', 'max_leaf_nodes': None, 'max_samples': None, 'min_impurity_decrease': 0.0, 'min_samples_leaf': 2, 'min_samples_split': 2, 'min_weight_fraction_leaf': 0.0, 'monotonic_cst': None, 'n_estimators': 150, 'n_jobs': None, 'oob_score': False, 'random_state': 42, 'verbose': 0, 'warm_start': False}",2.217357873916626
Chinese_wine,7,2,5,3,LinearSVC,Time_Warping,6,"{'sigma': 0.3, 'knot': 6}",0.40444444444444444,0.32888936854817763,"{'C': np.float64(6.1584821106602545), 'class_weight': None, 'dual': False, 'fit_intercept': True, 'intercept_scaling': 1, 'loss': 'squared_hinge', 'max_iter': 100, 'multi_class': 'ovr', 'penalty': 'l2', 'random_state': 42, 'tol': 0.0001, 'verbose': 0}",0.02471446990966797
Chinese_wine,7,2,5,3,LogisticRegression,Time_Warping,6,"{'sigma': 0.3, 'knot': 6}",0.4424444444444444,0.4242171812866973,"{'C': np.float64(183.29807108324337), 'class_weight': None, 'dual': False, 'fit_intercept': True, 'intercept_scaling': 1, 'l1_ratio': None, 'max_iter': 100, 'multi_class': 'deprecated', 'n_jobs': None, 'penalty': 'l2', 'random_state': 42, 'solver': 'saga', 'tol': 0.0001, 'verbose': 0, 'warm_start': False}",0.039835214614868164
Chinese_wine,7,2,5,3,KNN,Time_Warping,7,"{'sigma': 0.05, 'knot': 6}",0.6234444444444445,0.6105680087698637,"{'algorithm': 'auto', 'leaf_size': 30, 'metric': 'minkowski', 'metric_params': None, 'n_jobs': None, 'n_neighbors': np.int64(5), 'p': 3, 'weights': 'distance'}",0.36447978019714355
Chinese_wine,7,2,5,3,RandomForest,Time_Warping,7,"{'sigma': 0.05, 'knot': 6}",0.5703333333333334,0.5523790194397885,"{'bootstrap': True, 'ccp_alpha': 0.0, 'class_weight': None, 'criterion': 'gini', 'max_depth': None, 'max_features': 'sqrt', 'max_leaf_nodes': None, 'max_samples': None, 'min_impurity_decrease': 0.0, 'min_samples_leaf': 1, 'min_samples_split': 5, 'min_weight_fraction_leaf': 0.0, 'monotonic_cst': None, 'n_estimators': 150, 'n_jobs': None, 'oob_score': False, 'random_state': 42, 'verbose': 0, 'warm_start': False}",2.0232412815093994
Chinese_wine,7,2,5,3,LinearSVC,Time_Warping,7,"{'sigma': 0.05, 'knot': 6}",0.5357777777777778,0.4994751565083427,"{'C': np.float64(2.6366508987303554), 'class_weight': 'balanced', 'dual': False, 'fit_intercept': True, 'intercept_scaling': 1, 'loss': 'squared_hinge', 'max_iter': 100, 'multi_class': 'ovr', 'penalty': 'l1', 'random_state': 42, 'tol': 0.0001, 'verbose': 0}",0.1009972095489502
Chinese_wine,7,2,5,3,LogisticRegression,Time_Warping,7,"{'sigma': 0.05, 'knot': 6}",0.5798888888888889,0.5522779883275375,"{'C': np.float64(1000.0), 'class_weight': 'balanced', 'dual': False, 'fit_intercept': True, 'intercept_scaling': 1, 'l1_ratio': None, 'max_iter': 100, 'multi_class': 'deprecated', 'n_jobs': None, 'penalty': 'l2', 'random_state': 42, 'solver': 'sag', 'tol': 0.0001, 'verbose': 0, 'warm_start': False}",0.06702470779418945
Chinese_wine,7,2,5,3,KNN,Time_Warping,8,"{'sigma': 0.3, 'knot': 6}",0.6032222222222222,0.5881261535024249,"{'algorithm': 'auto', 'leaf_size': 30, 'metric': 'manhattan', 'metric_params': None, 'n_jobs': None, 'n_neighbors': np.int64(5), 'p': 2, 'weights': 'distance'}",0.12443757057189941
Chinese_wine,7,2,5,3,RandomForest,Time_Warping,8,"{'sigma': 0.3, 'knot': 6}",0.5631111111111111,0.5458646929803088,"{'bootstrap': True, 'ccp_alpha': 0.0, 'class_weight': None, 'criterion': 'gini', 'max_depth': 20, 'max_features': 'sqrt', 'max_leaf_nodes': None, 'max_samples': None, 'min_impurity_decrease': 0.0, 'min_samples_leaf': 1, 'min_samples_split': 2, 'min_weight_fraction_leaf': 0.0, 'monotonic_cst': None, 'n_estimators': 100, 'n_jobs': None, 'oob_score': False, 'random_state': 42, 'verbose': 0, 'warm_start': False}",1.2840321063995361
Chinese_wine,7,2,5,3,LinearSVC,Time_Warping,8,"{'sigma': 0.3, 'knot': 6}",0.42444444444444446,0.3664887727493614,"{'C': np.float64(183.29807108324337), 'class_weight': None, 'dual': False, 'fit_intercept': True, 'intercept_scaling': 1, 'loss': 'squared_hinge', 'max_iter': 100, 'multi_class': 'ovr', 'penalty': 'l1', 'random_state': 42, 'tol': 0.001, 'verbose': 0}",0.035272836685180664
Chinese_wine,7,2,5,3,LogisticRegression,Time_Warping,8,"{'sigma': 0.3, 'knot': 6}",0.436,0.4228348368612708,"{'C': np.float64(6.1584821106602545), 'class_weight': None, 'dual': False, 'fit_intercept': True, 'intercept_scaling': 1, 'l1_ratio': None, 'max_iter': 100, 'multi_class': 'deprecated', 'n_jobs': None, 'penalty': 'l2', 'random_state': 42, 'solver': 'lbfgs', 'tol': 0.0001, 'verbose': 0, 'warm_start': False}",0.049599409103393555
Chinese_wine,7,2,5,3,KNN,Time_Warping,9,"{'sigma': 0.1, 'knot': 6}",0.6105555555555555,0.5976016328883551,"{'algorithm': 'auto', 'leaf_size': 30, 'metric': 'manhattan', 'metric_params': None, 'n_jobs': None, 'n_neighbors': np.int64(5), 'p': 2, 'weights': 'distance'}",0.1160578727722168
Chinese_wine,7,2,5,3,RandomForest,Time_Warping,9,"{'sigma': 0.1, 'knot': 6}",0.5631111111111111,0.5458136803522904,"{'bootstrap': True, 'ccp_alpha': 0.0, 'class_weight': None, 'criterion': 'gini', 'max_depth': 20, 'max_features': 'sqrt', 'max_leaf_nodes': None, 'max_samples': None, 'min_impurity_decrease': 0.0, 'min_samples_leaf': 1, 'min_samples_split': 5, 'min_weight_fraction_leaf': 0.0, 'monotonic_cst': None, 'n_estimators': 150, 'n_jobs': None, 'oob_score': False, 'random_state': 42, 'verbose': 0, 'warm_start': False}",1.9284067153930664
Chinese_wine,7,2,5,3,LinearSVC,Time_Warping,9,"{'sigma': 0.1, 'knot': 6}",0.5102222222222222,0.463323241313418,"{'C': np.float64(0.2069138081114788), 'class_weight': 'balanced', 'dual': False, 'fit_intercept': True, 'intercept_scaling': 1, 'loss': 'squared_hinge', 'max_iter': 100, 'multi_class': 'ovr', 'penalty': 'l2', 'random_state': 42, 'tol': 0.001, 'verbose': 0}",0.02583169937133789
Chinese_wine,7,2,5,3,LogisticRegression,Time_Warping,9,"{'sigma': 0.1, 'knot': 6}",0.5035555555555555,0.4667893088906386,"{'C': np.float64(33.59818286283781), 'class_weight': None, 'dual': False, 'fit_intercept': True, 'intercept_scaling': 1, 'l1_ratio': None, 'max_iter': 100, 'multi_class': 'deprecated', 'n_jobs': None, 'penalty': 'l2', 'random_state': 42, 'solver': 'saga', 'tol': 0.0001, 'verbose': 0, 'warm_start': False}",0.044339656829833984
Chinese_wine,7,2,5,3,KNN,Time_Warping,10,"{'sigma': 0.1, 'knot': 8}",0.6186666666666667,0.6078415361866658,"{'algorithm': 'auto', 'leaf_size': 30, 'metric': 'euclidean', 'metric_params': None, 'n_jobs': None, 'n_neighbors': np.int64(9), 'p': 2, 'weights': 'distance'}",0.0821690559387207
Chinese_wine,7,2,5,3,RandomForest,Time_Warping,10,"{'sigma': 0.1, 'knot': 8}",0.5695555555555556,0.5520813433856817,"{'bootstrap': True, 'ccp_alpha': 0.0, 'class_weight': 'balanced', 'criterion': 'gini', 'max_depth': None, 'max_features': 'sqrt', 'max_leaf_nodes': None, 'max_samples': None, 'min_impurity_decrease': 0.0, 'min_samples_leaf': 1, 'min_samples_split': 2, 'min_weight_fraction_leaf': 0.0, 'monotonic_cst': None, 'n_estimators': 50, 'n_jobs': None, 'oob_score': False, 'random_state': 42, 'verbose': 0, 'warm_start': False}",0.9531435966491699
Chinese_wine,7,2,5,3,LinearSVC,Time_Warping,10,"{'sigma': 0.1, 'knot': 8}",0.48244444444444445,0.440181690065525,"{'C': np.float64(2.6366508987303554), 'class_weight': 'balanced', 'dual': False, 'fit_intercept': True, 'intercept_scaling': 1, 'loss': 'squared_hinge', 'max_iter': 100, 'multi_class': 'ovr', 'penalty': 'l1', 'random_state': 42, 'tol': 0.0001, 'verbose': 0}",0.11002898216247559
Chinese_wine,7,2,5,3,LogisticRegression,Time_Warping,10,"{'sigma': 0.1, 'knot': 8}",0.5336666666666666,0.514231982674219,"{'C': np.float64(33.59818286283781), 'class_weight': 'balanced', 'dual': False, 'fit_intercept': True, 'intercept_scaling': 1, 'l1_ratio': None, 'max_iter': 100, 'multi_class': 'deprecated', 'n_jobs': None, 'penalty': 'l2', 'random_state': 42, 'solver': 'saga', 'tol': 0.0001, 'verbose': 0, 'warm_start': False}",0.05374741554260254
Chinese_wine,7,2,5,5,KNN,Time_Warping,1,"{'sigma': 0.2, 'knot': 4}",0.6341111111111111,0.6215597541594291,"{'algorithm': 'auto', 'leaf_size': 30, 'metric': 'minkowski', 'metric_params': None, 'n_jobs': None, 'n_neighbors': np.int64(5), 'p': 3, 'weights': 'distance'}",0.4955761432647705
Chinese_wine,7,2,5,5,RandomForest,Time_Warping,1,"{'sigma': 0.2, 'knot': 4}",0.5504444444444444,0.5327662226209525,"{'bootstrap': True, 'ccp_alpha': 0.0, 'class_weight': 'balanced', 'criterion': 'gini', 'max_depth': None, 'max_features': 'sqrt', 'max_leaf_nodes': None, 'max_samples': None, 'min_impurity_decrease': 0.0, 'min_samples_leaf': 1, 'min_samples_split': 2, 'min_weight_fraction_leaf': 0.0, 'monotonic_cst': None, 'n_estimators': 50, 'n_jobs': None, 'oob_score': False, 'random_state': 42, 'verbose': 0, 'warm_start': False}",1.0819957256317139
Chinese_wine,7,2,5,5,LinearSVC,Time_Warping,1,"{'sigma': 0.2, 'knot': 4}",0.38533333333333336,0.304623793880043,"{'C': np.float64(0.4832930238571752), 'class_weight': 'balanced', 'dual': False, 'fit_intercept': True, 'intercept_scaling': 1, 'loss': 'squared_hinge', 'max_iter': 100, 'multi_class': 'ovr', 'penalty': 'l2', 'random_state': 42, 'tol': 0.0001, 'verbose': 0}",0.04319620132446289
Chinese_wine,7,2,5,5,LogisticRegression,Time_Warping,1,"{'sigma': 0.2, 'knot': 4}",0.39966666666666667,0.3842387565644713,"{'C': np.float64(2.6366508987303554), 'class_weight': 'balanced', 'dual': False, 'fit_intercept': True, 'intercept_scaling': 1, 'l1_ratio': None, 'max_iter': 100, 'multi_class': 'deprecated', 'n_jobs': None, 'penalty': 'l1', 'random_state': 42, 'solver': 'saga', 'tol': 0.0001, 'verbose': 0, 'warm_start': False}",0.18767595291137695
Chinese_wine,7,2,5,5,KNN,Time_Warping,2,"{'sigma': 0.2, 'knot': 3}",0.6063333333333333,0.5916287305340484,"{'algorithm': 'auto', 'leaf_size': 30, 'metric': 'euclidean', 'metric_params': None, 'n_jobs': None, 'n_neighbors': np.int64(15), 'p': 2, 'weights': 'distance'}",0.1354966163635254
Chinese_wine,7,2,5,5,RandomForest,Time_Warping,2,"{'sigma': 0.2, 'knot': 3}",0.5524444444444444,0.5359983050768989,"{'bootstrap': True, 'ccp_alpha': 0.0, 'class_weight': 'balanced', 'criterion': 'gini', 'max_depth': None, 'max_features': 'sqrt', 'max_leaf_nodes': None, 'max_samples': None, 'min_impurity_decrease': 0.0, 'min_samples_leaf': 2, 'min_samples_split': 2, 'min_weight_fraction_leaf': 0.0, 'monotonic_cst': None, 'n_estimators': 150, 'n_jobs': None, 'oob_score': False, 'random_state': 42, 'verbose': 0, 'warm_start': False}",3.4830567836761475
Chinese_wine,7,2,5,5,LinearSVC,Time_Warping,2,"{'sigma': 0.2, 'knot': 3}",0.40355555555555556,0.34754069153373274,"{'C': np.float64(183.29807108324337), 'class_weight': 'balanced', 'dual': False, 'fit_intercept': True, 'intercept_scaling': 1, 'loss': 'squared_hinge', 'max_iter': 100, 'multi_class': 'ovr', 'penalty': 'l1', 'random_state': 42, 'tol': 0.0001, 'verbose': 0}",0.0637214183807373
Chinese_wine,7,2,5,5,LogisticRegression,Time_Warping,2,"{'sigma': 0.2, 'knot': 3}",0.42477777777777775,0.3982389514880582,"{'C': np.float64(1000.0), 'class_weight': 'balanced', 'dual': False, 'fit_intercept': True, 'intercept_scaling': 1, 'l1_ratio': None, 'max_iter': 100, 'multi_class': 'deprecated', 'n_jobs': None, 'penalty': 'l2', 'random_state': 42, 'solver': 'sag', 'tol': 0.0001, 'verbose': 0, 'warm_start': False}",0.10315752029418945
Chinese_wine,7,2,5,5,KNN,Time_Warping,3,"{'sigma': 0.5, 'knot': 4}",0.6224444444444445,0.6091577481907601,"{'algorithm': 'auto', 'leaf_size': 30, 'metric': 'manhattan', 'metric_params': None, 'n_jobs': None, 'n_neighbors': np.int64(5), 'p': 2, 'weights': 'distance'}",0.16892433166503906
Chinese_wine,7,2,5,5,RandomForest,Time_Warping,3,"{'sigma': 0.5, 'knot': 4}",0.5454444444444444,0.5307896115855801,"{'bootstrap': True, 'ccp_alpha': 0.0, 'class_weight': 'balanced', 'criterion': 'gini', 'max_depth': None, 'max_features': 'sqrt', 'max_leaf_nodes': None, 'max_samples': None, 'min_impurity_decrease': 0.0, 'min_samples_leaf': 2, 'min_samples_split': 2, 'min_weight_fraction_leaf': 0.0, 'monotonic_cst': None, 'n_estimators': 150, 'n_jobs': None, 'oob_score': False, 'random_state': 42, 'verbose': 0, 'warm_start': False}",3.7042243480682373
Chinese_wine,7,2,5,5,LinearSVC,Time_Warping,3,"{'sigma': 0.5, 'knot': 4}",0.3277777777777778,0.2518134964472047,"{'C': np.float64(33.59818286283781), 'class_weight': 'balanced', 'dual': False, 'fit_intercept': True, 'intercept_scaling': 1, 'loss': 'squared_hinge', 'max_iter': 100, 'multi_class': 'ovr', 'penalty': 'l1', 'random_state': 42, 'tol': 0.0001, 'verbose': 0}",0.04491376876831055
Chinese_wine,7,2,5,5,LogisticRegression,Time_Warping,3,"{'sigma': 0.5, 'knot': 4}",0.351,0.3183332122766907,"{'C': np.float64(33.59818286283781), 'class_weight': 'balanced', 'dual': False, 'fit_intercept': True, 'intercept_scaling': 1, 'l1_ratio': None, 'max_iter': 100, 'multi_class': 'deprecated', 'n_jobs': None, 'penalty': 'l2', 'random_state': 42, 'solver': 'saga', 'tol': 0.0001, 'verbose': 0, 'warm_start': False}",0.07408475875854492
Chinese_wine,7,2,5,5,KNN,Time_Warping,4,"{'sigma': 0.05, 'knot': 8}",0.6232222222222222,0.6121103329521678,"{'algorithm': 'auto', 'leaf_size': 30, 'metric': 'minkowski', 'metric_params': None, 'n_jobs': None, 'n_neighbors': np.int64(5), 'p': 3, 'weights': 'distance'}",0.43964362144470215
Chinese_wine,7,2,5,5,RandomForest,Time_Warping,4,"{'sigma': 0.05, 'knot': 8}",0.5617777777777778,0.5477784222764471,"{'bootstrap': True, 'ccp_alpha': 0.0, 'class_weight': 'balanced', 'criterion': 'gini', 'max_depth': None, 'max_features': 'sqrt', 'max_leaf_nodes': None, 'max_samples': None, 'min_impurity_decrease': 0.0, 'min_samples_leaf': 1, 'min_samples_split': 2, 'min_weight_fraction_leaf': 0.0, 'monotonic_cst': None, 'n_estimators': 50, 'n_jobs': None, 'oob_score': False, 'random_state': 42, 'verbose': 0, 'warm_start': False}",1.2936112880706787
Chinese_wine,7,2,5,5,LinearSVC,Time_Warping,4,"{'sigma': 0.05, 'knot': 8}",0.5308888888888889,0.4886389493899624,"{'C': np.float64(33.59818286283781), 'class_weight': 'balanced', 'dual': False, 'fit_intercept': True, 'intercept_scaling': 1, 'loss': 'squared_hinge', 'max_iter': 100, 'multi_class': 'ovr', 'penalty': 'l1', 'random_state': 42, 'tol': 0.001, 'verbose': 0}",0.1693718433380127
Chinese_wine,7,2,5,5,LogisticRegression,Time_Warping,4,"{'sigma': 0.05, 'knot': 8}",0.566,0.5402424416027473,"{'C': np.float64(1000.0), 'class_weight': 'balanced', 'dual': False, 'fit_intercept': True, 'intercept_scaling': 1, 'l1_ratio': None, 'max_iter': 100, 'multi_class': 'deprecated', 'n_jobs': None, 'penalty': 'l2', 'random_state': 42, 'solver': 'sag', 'tol': 0.0001, 'verbose': 0, 'warm_start': False}",0.09223651885986328
Chinese_wine,7,2,5,5,KNN,Time_Warping,5,"{'sigma': 0.1, 'knot': 4}",0.6253333333333333,0.6146639590510646,"{'algorithm': 'auto', 'leaf_size': 30, 'metric': 'minkowski', 'metric_params': None, 'n_jobs': None, 'n_neighbors': np.int64(5), 'p': 3, 'weights': 'distance'}",0.4394047260284424
Chinese_wine,7,2,5,5,RandomForest,Time_Warping,5,"{'sigma': 0.1, 'knot': 4}",0.5582222222222222,0.5413844850418391,"{'bootstrap': True, 'ccp_alpha': 0.0, 'class_weight': 'balanced', 'criterion': 'gini', 'max_depth': None, 'max_features': 'sqrt', 'max_leaf_nodes': None, 'max_samples': None, 'min_impurity_decrease': 0.0, 'min_samples_leaf': 2, 'min_samples_split': 2, 'min_weight_fraction_leaf': 0.0, 'monotonic_cst': None, 'n_estimators': 150, 'n_jobs': None, 'oob_score': False, 'random_state': 42, 'verbose': 0, 'warm_start': False}",3.67285418510437
Chinese_wine,7,2,5,5,LinearSVC,Time_Warping,5,"{'sigma': 0.1, 'knot': 4}",0.5052222222222222,0.4515780302538243,"{'C': np.float64(33.59818286283781), 'class_weight': 'balanced', 'dual': False, 'fit_intercept': True, 'intercept_scaling': 1, 'loss': 'squared_hinge', 'max_iter': 100, 'multi_class': 'ovr', 'penalty': 'l1', 'random_state': 42, 'tol': 0.0001, 'verbose': 0}",0.1277611255645752
Chinese_wine,7,2,5,5,LogisticRegression,Time_Warping,5,"{'sigma': 0.1, 'knot': 4}",0.5181111111111111,0.4982131571113903,"{'C': np.float64(33.59818286283781), 'class_weight': None, 'dual': False, 'fit_intercept': True, 'intercept_scaling': 1, 'l1_ratio': None, 'max_iter': 100, 'multi_class': 'deprecated', 'n_jobs': None, 'penalty': 'l2', 'random_state': 42, 'solver': 'saga', 'tol': 0.0001, 'verbose': 0, 'warm_start': False}",0.07095813751220703
Chinese_wine,7,2,5,5,KNN,Time_Warping,6,"{'sigma': 0.3, 'knot': 6}",0.6163333333333333,0.6040668195614733,"{'algorithm': 'auto', 'leaf_size': 30, 'metric': 'manhattan', 'metric_params': None, 'n_jobs': None, 'n_neighbors': np.int64(5), 'p': 2, 'weights': 'distance'}",0.16331982612609863
Chinese_wine,7,2,5,5,RandomForest,Time_Warping,6,"{'sigma': 0.3, 'knot': 6}",0.5505555555555556,0.5323094883560132,"{'bootstrap': True, 'ccp_alpha': 0.0, 'class_weight': 'balanced', 'criterion': 'gini', 'max_depth': None, 'max_features': 'sqrt', 'max_leaf_nodes': None, 'max_samples': None, 'min_impurity_decrease': 0.0, 'min_samples_leaf': 1, 'min_samples_split': 2, 'min_weight_fraction_leaf': 0.0, 'monotonic_cst': None, 'n_estimators': 50, 'n_jobs': None, 'oob_score': False, 'random_state': 42, 'verbose': 0, 'warm_start': False}",1.1005120277404785
Chinese_wine,7,2,5,5,LinearSVC,Time_Warping,6,"{'sigma': 0.3, 'knot': 6}",0.41044444444444445,0.3442448047994797,"{'C': np.float64(1000.0), 'class_weight': 'balanced', 'dual': False, 'fit_intercept': True, 'intercept_scaling': 1, 'loss': 'squared_hinge', 'max_iter': 100, 'multi_class': 'ovr', 'penalty': 'l2', 'random_state': 42, 'tol': 0.001, 'verbose': 0}",0.04349207878112793
Chinese_wine,7,2,5,5,LogisticRegression,Time_Warping,6,"{'sigma': 0.3, 'knot': 6}",0.43844444444444447,0.42138448683942414,"{'C': np.float64(2.6366508987303554), 'class_weight': 'balanced', 'dual': False, 'fit_intercept': True, 'intercept_scaling': 1, 'l1_ratio': None, 'max_iter': 100, 'multi_class': 'deprecated', 'n_jobs': None, 'penalty': 'l1', 'random_state': 42, 'solver': 'saga', 'tol': 0.0001, 'verbose': 0, 'warm_start': False}",0.19422602653503418
Chinese_wine,7,2,5,5,KNN,Time_Warping,7,"{'sigma': 0.05, 'knot': 6}",0.6124444444444445,0.5997233745914258,"{'algorithm': 'auto', 'leaf_size': 30, 'metric': 'minkowski', 'metric_params': None, 'n_jobs': None, 'n_neighbors': np.int64(15), 'p': 4, 'weights': 'distance'}",0.5072829723358154
Chinese_wine,7,2,5,5,RandomForest,Time_Warping,7,"{'sigma': 0.05, 'knot': 6}",0.5738888888888889,0.5565531848762383,"{'bootstrap': True, 'ccp_alpha': 0.0, 'class_weight': 'balanced', 'criterion': 'gini', 'max_depth': None, 'max_features': 'sqrt', 'max_leaf_nodes': None, 'max_samples': None, 'min_impurity_decrease': 0.0, 'min_samples_leaf': 2, 'min_samples_split': 2, 'min_weight_fraction_leaf': 0.0, 'monotonic_cst': None, 'n_estimators': 150, 'n_jobs': None, 'oob_score': False, 'random_state': 42, 'verbose': 0, 'warm_start': False}",3.4029312133789062
Chinese_wine,7,2,5,5,LinearSVC,Time_Warping,7,"{'sigma': 0.05, 'knot': 6}",0.5476666666666666,0.509353963254648,"{'C': np.float64(183.29807108324337), 'class_weight': None, 'dual': False, 'fit_intercept': True, 'intercept_scaling': 1, 'loss': 'squared_hinge', 'max_iter': 100, 'multi_class': 'ovr', 'penalty': 'l1', 'random_state': 42, 'tol': 0.001, 'verbose': 0}",0.17749738693237305
Chinese_wine,7,2,5,5,LogisticRegression,Time_Warping,7,"{'sigma': 0.05, 'knot': 6}",0.6241111111111111,0.6023496116185902,"{'C': np.float64(1000.0), 'class_weight': 'balanced', 'dual': False, 'fit_intercept': True, 'intercept_scaling': 1, 'l1_ratio': None, 'max_iter': 100, 'multi_class': 'deprecated', 'n_jobs': None, 'penalty': 'l2', 'random_state': 42, 'solver': 'sag', 'tol': 0.0001, 'verbose': 0, 'warm_start': False}",0.1423933506011963
Chinese_wine,7,2,5,5,KNN,Time_Warping,8,"{'sigma': 0.3, 'knot': 6}",0.5974444444444444,0.5879599168495777,"{'algorithm': 'auto', 'leaf_size': 30, 'metric': 'euclidean', 'metric_params': None, 'n_jobs': None, 'n_neighbors': np.int64(19), 'p': 2, 'weights': 'distance'}",0.1442728042602539
Chinese_wine,7,2,5,5,RandomForest,Time_Warping,8,"{'sigma': 0.3, 'knot': 6}",0.555,0.5370696474749236,"{'bootstrap': True, 'ccp_alpha': 0.0, 'class_weight': 'balanced', 'criterion': 'gini', 'max_depth': None, 'max_features': 'sqrt', 'max_leaf_nodes': None, 'max_samples': None, 'min_impurity_decrease': 0.0, 'min_samples_leaf': 1, 'min_samples_split': 2, 'min_weight_fraction_leaf': 0.0, 'monotonic_cst': None, 'n_estimators': 50, 'n_jobs': None, 'oob_score': False, 'random_state': 42, 'verbose': 0, 'warm_start': False}",1.106008768081665
Chinese_wine,7,2,5,5,LinearSVC,Time_Warping,8,"{'sigma': 0.3, 'knot': 6}",0.356,0.29286017107599754,"{'C': np.float64(0.4832930238571752), 'class_weight': 'balanced', 'dual': False, 'fit_intercept': True, 'intercept_scaling': 1, 'loss': 'squared_hinge', 'max_iter': 100, 'multi_class': 'ovr', 'penalty': 'l2', 'random_state': 42, 'tol': 0.0001, 'verbose': 0}",0.04175901412963867
Chinese_wine,7,2,5,5,LogisticRegression,Time_Warping,8,"{'sigma': 0.3, 'knot': 6}",0.3625555555555556,0.35097338517672066,"{'C': np.float64(33.59818286283781), 'class_weight': 'balanced', 'dual': False, 'fit_intercept': True, 'intercept_scaling': 1, 'l1_ratio': None, 'max_iter': 100, 'multi_class': 'deprecated', 'n_jobs': None, 'penalty': 'l1', 'random_state': 42, 'solver': 'saga', 'tol': 0.0001, 'verbose': 0, 'warm_start': False}",0.5448489189147949
Chinese_wine,7,2,5,5,KNN,Time_Warping,9,"{'sigma': 0.1, 'knot': 6}",0.6167777777777778,0.6055123540701418,"{'algorithm': 'auto', 'leaf_size': 30, 'metric': 'minkowski', 'metric_params': None, 'n_jobs': None, 'n_neighbors': np.int64(5), 'p': 3, 'weights': 'distance'}",0.4378182888031006
Chinese_wine,7,2,5,5,RandomForest,Time_Warping,9,"{'sigma': 0.1, 'knot': 6}",0.5665555555555556,0.5508468594539951,"{'bootstrap': True, 'ccp_alpha': 0.0, 'class_weight': 'balanced', 'criterion': 'gini', 'max_depth': 30, 'max_features': 'sqrt', 'max_leaf_nodes': None, 'max_samples': None, 'min_impurity_decrease': 0.0, 'min_samples_leaf': 1, 'min_samples_split': 2, 'min_weight_fraction_leaf': 0.0, 'monotonic_cst': None, 'n_estimators': 150, 'n_jobs': None, 'oob_score': False, 'random_state': 42, 'verbose': 0, 'warm_start': False}",3.7028238773345947
Chinese_wine,7,2,5,5,LinearSVC,Time_Warping,9,"{'sigma': 0.1, 'knot': 6}",0.4861111111111111,0.40585793512989093,"{'C': np.float64(183.29807108324337), 'class_weight': 'balanced', 'dual': False, 'fit_intercept': True, 'intercept_scaling': 1, 'loss': 'squared_hinge', 'max_iter': 100, 'multi_class': 'ovr', 'penalty': 'l1', 'random_state': 42, 'tol': 0.0001, 'verbose': 0}",0.12453913688659668
Chinese_wine,7,2,5,5,LogisticRegression,Time_Warping,9,"{'sigma': 0.1, 'knot': 6}",0.5358888888888889,0.5021594959376747,"{'C': np.float64(33.59818286283781), 'class_weight': 'balanced', 'dual': False, 'fit_intercept': True, 'intercept_scaling': 1, 'l1_ratio': None, 'max_iter': 100, 'multi_class': 'deprecated', 'n_jobs': None, 'penalty': 'l1', 'random_state': 42, 'solver': 'saga', 'tol': 0.0001, 'verbose': 0, 'warm_start': False}",0.513258695602417
Chinese_wine,7,2,5,5,KNN,Time_Warping,10,"{'sigma': 0.1, 'knot': 8}",0.618,0.6074048907173593,"{'algorithm': 'auto', 'leaf_size': 30, 'metric': 'minkowski', 'metric_params': None, 'n_jobs': None, 'n_neighbors': np.int64(13), 'p': 4, 'weights': 'distance'}",0.5347275733947754
Chinese_wine,7,2,5,5,RandomForest,Time_Warping,10,"{'sigma': 0.1, 'knot': 8}",0.556,0.5391558755017689,"{'bootstrap': True, 'ccp_alpha': 0.0, 'class_weight': 'balanced', 'criterion': 'gini', 'max_depth': 20, 'max_features': 'sqrt', 'max_leaf_nodes': None, 'max_samples': None, 'min_impurity_decrease': 0.0, 'min_samples_leaf': 2, 'min_samples_split': 5, 'min_weight_fraction_leaf': 0.0, 'monotonic_cst': None, 'n_estimators': 50, 'n_jobs': None, 'oob_score': False, 'random_state': 42, 'verbose': 0, 'warm_start': False}",1.0053985118865967
Chinese_wine,7,2,5,5,LinearSVC,Time_Warping,10,"{'sigma': 0.1, 'knot': 8}",0.49533333333333335,0.42385776235172284,"{'C': np.float64(183.29807108324337), 'class_weight': None, 'dual': False, 'fit_intercept': True, 'intercept_scaling': 1, 'loss': 'squared_hinge', 'max_iter': 100, 'multi_class': 'ovr', 'penalty': 'l1', 'random_state': 42, 'tol': 0.001, 'verbose': 0}",0.10096240043640137
Chinese_wine,7,2,5,5,LogisticRegression,Time_Warping,10,"{'sigma': 0.1, 'knot': 8}",0.566,0.5383786354771987,"{'C': np.float64(1000.0), 'class_weight': 'balanced', 'dual': False, 'fit_intercept': True, 'intercept_scaling': 1, 'l1_ratio': None, 'max_iter': 100, 'multi_class': 'deprecated', 'n_jobs': None, 'penalty': 'l2', 'random_state': 42, 'solver': 'sag', 'tol': 0.0001, 'verbose': 0, 'warm_start': False}",0.102935791015625
Chinese_wine,7,2,5,10,KNN,Time_Warping,1,"{'sigma': 0.2, 'knot': 4}",0.6087777777777778,0.5994365869756415,"{'algorithm': 'auto', 'leaf_size': 30, 'metric': 'manhattan', 'metric_params': None, 'n_jobs': None, 'n_neighbors': np.int64(5), 'p': 2, 'weights': 'distance'}",0.22891855239868164
Chinese_wine,7,2,5,10,RandomForest,Time_Warping,1,"{'sigma': 0.2, 'knot': 4}",0.5471111111111111,0.5321954634438925,"{'bootstrap': True, 'ccp_alpha': 0.0, 'class_weight': 'balanced', 'criterion': 'gini', 'max_depth': 30, 'max_features': 'sqrt', 'max_leaf_nodes': None, 'max_samples': None, 'min_impurity_decrease': 0.0, 'min_samples_leaf': 1, 'min_samples_split': 2, 'min_weight_fraction_leaf': 0.0, 'monotonic_cst': None, 'n_estimators': 150, 'n_jobs': None, 'oob_score': False, 'random_state': 42, 'verbose': 0, 'warm_start': False}",7.649182319641113
Chinese_wine,7,2,5,10,LinearSVC,Time_Warping,1,"{'sigma': 0.2, 'knot': 4}",0.3864444444444444,0.32715808941374075,"{'C': np.float64(0.4832930238571752), 'class_weight': 'balanced', 'dual': False, 'fit_intercept': True, 'intercept_scaling': 1, 'loss': 'squared_hinge', 'max_iter': 100, 'multi_class': 'ovr', 'penalty': 'l2', 'random_state': 42, 'tol': 0.0001, 'verbose': 0}",0.09363245964050293
Chinese_wine,7,2,5,10,LogisticRegression,Time_Warping,1,"{'sigma': 0.2, 'knot': 4}",0.42677777777777776,0.3938412896495254,"{'C': np.float64(33.59818286283781), 'class_weight': 'balanced', 'dual': False, 'fit_intercept': True, 'intercept_scaling': 1, 'l1_ratio': None, 'max_iter': 100, 'multi_class': 'deprecated', 'n_jobs': None, 'penalty': 'l2', 'random_state': 42, 'solver': 'saga', 'tol': 0.0001, 'verbose': 0, 'warm_start': False}",0.16176462173461914
Chinese_wine,7,2,5,10,KNN,Time_Warping,2,"{'sigma': 0.2, 'knot': 3}",0.6115555555555555,0.5993821110108748,"{'algorithm': 'auto', 'leaf_size': 30, 'metric': 'euclidean', 'metric_params': None, 'n_jobs': None, 'n_neighbors': np.int64(9), 'p': 2, 'weights': 'distance'}",0.18648719787597656
Chinese_wine,7,2,5,10,RandomForest,Time_Warping,2,"{'sigma': 0.2, 'knot': 3}",0.5302222222222223,0.5154702261356274,"{'bootstrap': True, 'ccp_alpha': 0.0, 'class_weight': None, 'criterion': 'gini', 'max_depth': 30, 'max_features': 'sqrt', 'max_leaf_nodes': None, 'max_samples': None, 'min_impurity_decrease': 0.0, 'min_samples_leaf': 1, 'min_samples_split': 5, 'min_weight_fraction_leaf': 0.0, 'monotonic_cst': None, 'n_estimators': 50, 'n_jobs': None, 'oob_score': False, 'random_state': 42, 'verbose': 0, 'warm_start': False}",2.5393142700195312
Chinese_wine,7,2,5,10,LinearSVC,Time_Warping,2,"{'sigma': 0.2, 'knot': 3}",0.31933333333333336,0.22051464877276694,"{'C': np.float64(183.29807108324337), 'class_weight': 'balanced', 'dual': False, 'fit_intercept': False, 'intercept_scaling': 1, 'loss': 'squared_hinge', 'max_iter': 100, 'multi_class': 'ovr', 'penalty': 'l2', 'random_state': 42, 'tol': 0.001, 'verbose': 0}",0.06567239761352539
Chinese_wine,7,2,5,10,LogisticRegression,Time_Warping,2,"{'sigma': 0.2, 'knot': 3}",0.37177777777777776,0.3243099175909792,"{'C': np.float64(0.002976351441631319), 'class_weight': None, 'dual': False, 'fit_intercept': True, 'intercept_scaling': 1, 'l1_ratio': None, 'max_iter': 100, 'multi_class': 'deprecated', 'n_jobs': None, 'penalty': 'l2', 'random_state': 42, 'solver': 'saga', 'tol': 0.0001, 'verbose': 0, 'warm_start': False}",0.15276503562927246
Chinese_wine,7,2,5,10,KNN,Time_Warping,3,"{'sigma': 0.5, 'knot': 4}",0.6074444444444445,0.594586647298845,"{'algorithm': 'auto', 'leaf_size': 30, 'metric': 'chebyshev', 'metric_params': None, 'n_jobs': None, 'n_neighbors': np.int64(11), 'p': 2, 'weights': 'distance'}",0.08498597145080566
Chinese_wine,7,2,5,10,RandomForest,Time_Warping,3,"{'sigma': 0.5, 'knot': 4}",0.5493333333333333,0.5355914565681601,"{'bootstrap': True, 'ccp_alpha': 0.0, 'class_weight': 'balanced', 'criterion': 'gini', 'max_depth': 30, 'max_features': 'sqrt', 'max_leaf_nodes': None, 'max_samples': None, 'min_impurity_decrease': 0.0, 'min_samples_leaf': 1, 'min_samples_split': 2, 'min_weight_fraction_leaf': 0.0, 'monotonic_cst': None, 'n_estimators': 150, 'n_jobs': None, 'oob_score': False, 'random_state': 42, 'verbose': 0, 'warm_start': False}",8.118345975875854
Chinese_wine,7,2,5,10,LinearSVC,Time_Warping,3,"{'sigma': 0.5, 'knot': 4}",0.2927777777777778,0.21574175561796802,"{'C': np.float64(1000.0), 'class_weight': 'balanced', 'dual': False, 'fit_intercept': True, 'intercept_scaling': 1, 'loss': 'squared_hinge', 'max_iter': 100, 'multi_class': 'ovr', 'penalty': 'l2', 'random_state': 42, 'tol': 0.001, 'verbose': 0}",0.06671595573425293
Chinese_wine,7,2,5,10,LogisticRegression,Time_Warping,3,"{'sigma': 0.5, 'knot': 4}",0.29444444444444445,0.2445929326779542,"{'C': np.float64(33.59818286283781), 'class_weight': 'balanced', 'dual': False, 'fit_intercept': True, 'intercept_scaling': 1, 'l1_ratio': None, 'max_iter': 100, 'multi_class': 'deprecated', 'n_jobs': None, 'penalty': 'l1', 'random_state': 42, 'solver': 'saga', 'tol': 0.0001, 'verbose': 0, 'warm_start': False}",1.1601576805114746
Chinese_wine,7,2,5,10,KNN,Time_Warping,4,"{'sigma': 0.05, 'knot': 8}",0.6308888888888889,0.6189745968503183,"{'algorithm': 'auto', 'leaf_size': 30, 'metric': 'minkowski', 'metric_params': None, 'n_jobs': None, 'n_neighbors': np.int64(11), 'p': 4, 'weights': 'distance'}",0.6690483093261719
Chinese_wine,7,2,5,10,RandomForest,Time_Warping,4,"{'sigma': 0.05, 'knot': 8}",0.565,0.5450372361915959,"{'bootstrap': True, 'ccp_alpha': 0.0, 'class_weight': 'balanced', 'criterion': 'gini', 'max_depth': None, 'max_features': 'sqrt', 'max_leaf_nodes': None, 'max_samples': None, 'min_impurity_decrease': 0.0, 'min_samples_leaf': 1, 'min_samples_split': 2, 'min_weight_fraction_leaf': 0.0, 'monotonic_cst': None, 'n_estimators': 50, 'n_jobs': None, 'oob_score': False, 'random_state': 42, 'verbose': 0, 'warm_start': False}",2.41690731048584
Chinese_wine,7,2,5,10,LinearSVC,Time_Warping,4,"{'sigma': 0.05, 'knot': 8}",0.5393333333333333,0.4965884820708673,"{'C': np.float64(33.59818286283781), 'class_weight': 'balanced', 'dual': False, 'fit_intercept': True, 'intercept_scaling': 1, 'loss': 'squared_hinge', 'max_iter': 100, 'multi_class': 'ovr', 'penalty': 'l1', 'random_state': 42, 'tol': 0.001, 'verbose': 0}",0.38013410568237305
Chinese_wine,7,2,5,10,LogisticRegression,Time_Warping,4,"{'sigma': 0.05, 'knot': 8}",0.567,0.5428841356932178,"{'C': np.float64(33.59818286283781), 'class_weight': 'balanced', 'dual': False, 'fit_intercept': True, 'intercept_scaling': 1, 'l1_ratio': None, 'max_iter': 100, 'multi_class': 'deprecated', 'n_jobs': None, 'penalty': 'l1', 'random_state': 42, 'solver': 'saga', 'tol': 0.0001, 'verbose': 0, 'warm_start': False}",0.22270870208740234
Chinese_wine,7,2,5,10,KNN,Time_Warping,5,"{'sigma': 0.1, 'knot': 4}",0.6096666666666667,0.6001260592938815,"{'algorithm': 'auto', 'leaf_size': 30, 'metric': 'euclidean', 'metric_params': None, 'n_jobs': None, 'n_neighbors': np.int64(9), 'p': 2, 'weights': 'distance'}",0.16651177406311035
Chinese_wine,7,2,5,10,RandomForest,Time_Warping,5,"{'sigma': 0.1, 'knot': 4}",0.5186666666666667,0.5027218538397554,"{'bootstrap': True, 'ccp_alpha': 0.0, 'class_weight': 'balanced', 'criterion': 'gini', 'max_depth': 20, 'max_features': 'sqrt', 'max_leaf_nodes': None, 'max_samples': None, 'min_impurity_decrease': 0.0, 'min_samples_leaf': 1, 'min_samples_split': 2, 'min_weight_fraction_leaf': 0.0, 'monotonic_cst': None, 'n_estimators': 50, 'n_jobs': None, 'oob_score': False, 'random_state': 42, 'verbose': 0, 'warm_start': False}",2.2930943965911865
Chinese_wine,7,2,5,10,LinearSVC,Time_Warping,5,"{'sigma': 0.1, 'knot': 4}",0.4547777777777778,0.4101078269639577,"{'C': np.float64(33.59818286283781), 'class_weight': 'balanced', 'dual': False, 'fit_intercept': True, 'intercept_scaling': 1, 'loss': 'squared_hinge', 'max_iter': 100, 'multi_class': 'ovr', 'penalty': 'l1', 'random_state': 42, 'tol': 0.001, 'verbose': 0}",0.1739029884338379
Chinese_wine,7,2,5,10,LogisticRegression,Time_Warping,5,"{'sigma': 0.1, 'knot': 4}",0.5274444444444445,0.5175809175807891,"{'C': np.float64(33.59818286283781), 'class_weight': 'balanced', 'dual': False, 'fit_intercept': True, 'intercept_scaling': 1, 'l1_ratio': None, 'max_iter': 100, 'multi_class': 'deprecated', 'n_jobs': None, 'penalty': 'l1', 'random_state': 42, 'solver': 'saga', 'tol': 0.0001, 'verbose': 0, 'warm_start': False}",1.1748216152191162
Chinese_wine,7,2,5,10,KNN,Time_Warping,6,"{'sigma': 0.3, 'knot': 6}",0.5952222222222222,0.5818031173545273,"{'algorithm': 'auto', 'leaf_size': 30, 'metric': 'minkowski', 'metric_params': None, 'n_jobs': None, 'n_neighbors': np.int64(11), 'p': 4, 'weights': 'distance'}",0.6599915027618408
Chinese_wine,7,2,5,10,RandomForest,Time_Warping,6,"{'sigma': 0.3, 'knot': 6}",0.5384444444444444,0.5208189997228726,"{'bootstrap': True, 'ccp_alpha': 0.0, 'class_weight': 'balanced', 'criterion': 'gini', 'max_depth': None, 'max_features': 'sqrt', 'max_leaf_nodes': None, 'max_samples': None, 'min_impurity_decrease': 0.0, 'min_samples_leaf': 2, 'min_samples_split': 2, 'min_weight_fraction_leaf': 0.0, 'monotonic_cst': None, 'n_estimators': 150, 'n_jobs': None, 'oob_score': False, 'random_state': 42, 'verbose': 0, 'warm_start': False}",7.801837682723999
Chinese_wine,7,2,5,10,LinearSVC,Time_Warping,6,"{'sigma': 0.3, 'knot': 6}",0.3781111111111111,0.2955771490086162,"{'C': np.float64(1000.0), 'class_weight': 'balanced', 'dual': False, 'fit_intercept': True, 'intercept_scaling': 1, 'loss': 'squared_hinge', 'max_iter': 100, 'multi_class': 'ovr', 'penalty': 'l2', 'random_state': 42, 'tol': 0.001, 'verbose': 0}",0.06921005249023438
Chinese_wine,7,2,5,10,LogisticRegression,Time_Warping,6,"{'sigma': 0.3, 'knot': 6}",0.40055555555555555,0.37073526698426124,"{'C': np.float64(33.59818286283781), 'class_weight': None, 'dual': False, 'fit_intercept': True, 'intercept_scaling': 1, 'l1_ratio': None, 'max_iter': 100, 'multi_class': 'deprecated', 'n_jobs': None, 'penalty': 'l2', 'random_state': 42, 'solver': 'saga', 'tol': 0.0001, 'verbose': 0, 'warm_start': False}",0.15023303031921387
Chinese_wine,7,2,5,10,KNN,Time_Warping,7,"{'sigma': 0.05, 'knot': 6}",0.6234444444444445,0.6122145515967454,"{'algorithm': 'auto', 'leaf_size': 30, 'metric': 'minkowski', 'metric_params': None, 'n_jobs': None, 'n_neighbors': np.int64(15), 'p': 4, 'weights': 'distance'}",0.868319034576416
Chinese_wine,7,2,5,10,RandomForest,Time_Warping,7,"{'sigma': 0.05, 'knot': 6}",0.565,0.5461420334021406,"{'bootstrap': True, 'ccp_alpha': 0.0, 'class_weight': 'balanced', 'criterion': 'gini', 'max_depth': None, 'max_features': 'sqrt', 'max_leaf_nodes': None, 'max_samples': None, 'min_impurity_decrease': 0.0, 'min_samples_leaf': 1, 'min_samples_split': 2, 'min_weight_fraction_leaf': 0.0, 'monotonic_cst': None, 'n_estimators': 50, 'n_jobs': None, 'oob_score': False, 'random_state': 42, 'verbose': 0, 'warm_start': False}",2.5781736373901367
Chinese_wine,7,2,5,10,LinearSVC,Time_Warping,7,"{'sigma': 0.05, 'knot': 6}",0.5473333333333333,0.503204297296448,"{'C': np.float64(1000.0), 'class_weight': 'balanced', 'dual': False, 'fit_intercept': True, 'intercept_scaling': 1, 'loss': 'squared_hinge', 'max_iter': 100, 'multi_class': 'ovr', 'penalty': 'l2', 'random_state': 42, 'tol': 0.001, 'verbose': 0}",0.10146188735961914
Chinese_wine,7,2,5,10,LogisticRegression,Time_Warping,7,"{'sigma': 0.05, 'knot': 6}",0.6012222222222222,0.5800282593779336,"{'C': np.float64(1000.0), 'class_weight': 'balanced', 'dual': False, 'fit_intercept': True, 'intercept_scaling': 1, 'l1_ratio': None, 'max_iter': 100, 'multi_class': 'deprecated', 'n_jobs': None, 'penalty': 'l2', 'random_state': 42, 'solver': 'sag', 'tol': 0.0001, 'verbose': 0, 'warm_start': False}",0.25447630882263184
Chinese_wine,7,2,5,10,KNN,Time_Warping,8,"{'sigma': 0.3, 'knot': 6}",0.6063333333333333,0.5939683187646077,"{'algorithm': 'auto', 'leaf_size': 30, 'metric': 'minkowski', 'metric_params': None, 'n_jobs': None, 'n_neighbors': np.int64(5), 'p': 3, 'weights': 'distance'}",0.8712706565856934
Chinese_wine,7,2,5,10,RandomForest,Time_Warping,8,"{'sigma': 0.3, 'knot': 6}",0.5442222222222223,0.5262017005201204,"{'bootstrap': True, 'ccp_alpha': 0.0, 'class_weight': 'balanced', 'criterion': 'gini', 'max_depth': None, 'max_features': 'sqrt', 'max_leaf_nodes': None, 'max_samples': None, 'min_impurity_decrease': 0.0, 'min_samples_leaf': 1, 'min_samples_split': 2, 'min_weight_fraction_leaf': 0.0, 'monotonic_cst': None, 'n_estimators': 50, 'n_jobs': None, 'oob_score': False, 'random_state': 42, 'verbose': 0, 'warm_start': False}",2.4678750038146973
Chinese_wine,7,2,5,10,LinearSVC,Time_Warping,8,"{'sigma': 0.3, 'knot': 6}",0.361,0.30670283152586025,"{'C': np.float64(1000.0), 'class_weight': 'balanced', 'dual': False, 'fit_intercept': True, 'intercept_scaling': 1, 'loss': 'squared_hinge', 'max_iter': 100, 'multi_class': 'ovr', 'penalty': 'l2', 'random_state': 42, 'tol': 0.001, 'verbose': 0}",0.08499979972839355
Chinese_wine,7,2,5,10,LogisticRegression,Time_Warping,8,"{'sigma': 0.3, 'knot': 6}",0.40555555555555556,0.39151117551305614,"{'C': np.float64(33.59818286283781), 'class_weight': None, 'dual': False, 'fit_intercept': True, 'intercept_scaling': 1, 'l1_ratio': None, 'max_iter': 100, 'multi_class': 'deprecated', 'n_jobs': None, 'penalty': 'l2', 'random_state': 42, 'solver': 'saga', 'tol': 0.0001, 'verbose': 0, 'warm_start': False}",0.1674513816833496
Chinese_wine,7,2,5,10,KNN,Time_Warping,9,"{'sigma': 0.1, 'knot': 6}",0.6173333333333333,0.6074831637895461,"{'algorithm': 'auto', 'leaf_size': 30, 'metric': 'minkowski', 'metric_params': None, 'n_jobs': None, 'n_neighbors': np.int64(15), 'p': 4, 'weights': 'distance'}",0.7923333644866943
Chinese_wine,7,2,5,10,RandomForest,Time_Warping,9,"{'sigma': 0.1, 'knot': 6}",0.551,0.5353354527129791,"{'bootstrap': True, 'ccp_alpha': 0.0, 'class_weight': 'balanced', 'criterion': 'gini', 'max_depth': None, 'max_features': 'sqrt', 'max_leaf_nodes': None, 'max_samples': None, 'min_impurity_decrease': 0.0, 'min_samples_leaf': 1, 'min_samples_split': 2, 'min_weight_fraction_leaf': 0.0, 'monotonic_cst': None, 'n_estimators': 50, 'n_jobs': None, 'oob_score': False, 'random_state': 42, 'verbose': 0, 'warm_start': False}",2.5926318168640137
Chinese_wine,7,2,5,10,LinearSVC,Time_Warping,9,"{'sigma': 0.1, 'knot': 6}",0.48388888888888887,0.4203153905992483,"{'C': np.float64(2.6366508987303554), 'class_weight': 'balanced', 'dual': False, 'fit_intercept': True, 'intercept_scaling': 1, 'loss': 'squared_hinge', 'max_iter': 100, 'multi_class': 'ovr', 'penalty': 'l1', 'random_state': 42, 'tol': 0.0001, 'verbose': 0}",0.2514779567718506
Chinese_wine,7,2,5,10,LogisticRegression,Time_Warping,9,"{'sigma': 0.1, 'knot': 6}",0.47933333333333333,0.4639304590874886,"{'C': np.float64(0.2069138081114788), 'class_weight': None, 'dual': False, 'fit_intercept': True, 'intercept_scaling': 1, 'l1_ratio': None, 'max_iter': 100, 'multi_class': 'deprecated', 'n_jobs': None, 'penalty': 'l2', 'random_state': 42, 'solver': 'sag', 'tol': 0.0001, 'verbose': 0, 'warm_start': False}",0.20791983604431152
Chinese_wine,7,2,5,10,KNN,Time_Warping,10,"{'sigma': 0.1, 'knot': 8}",0.581,0.570536512120106,"{'algorithm': 'auto', 'leaf_size': 30, 'metric': 'manhattan', 'metric_params': None, 'n_jobs': None, 'n_neighbors': np.int64(17), 'p': 2, 'weights': 'distance'}",0.36941003799438477
Chinese_wine,7,2,5,10,RandomForest,Time_Warping,10,"{'sigma': 0.1, 'knot': 8}",0.5455555555555556,0.5294257038688204,"{'bootstrap': True, 'ccp_alpha': 0.0, 'class_weight': None, 'criterion': 'gini', 'max_depth': 30, 'max_features': 'sqrt', 'max_leaf_nodes': None, 'max_samples': None, 'min_impurity_decrease': 0.0, 'min_samples_leaf': 1, 'min_samples_split': 5, 'min_weight_fraction_leaf': 0.0, 'monotonic_cst': None, 'n_estimators': 50, 'n_jobs': None, 'oob_score': False, 'random_state': 42, 'verbose': 0, 'warm_start': False}",2.7337403297424316
Chinese_wine,7,2,5,10,LinearSVC,Time_Warping,10,"{'sigma': 0.1, 'knot': 8}",0.4762222222222222,0.4054598722720615,"{'C': np.float64(2.6366508987303554), 'class_weight': 'balanced', 'dual': False, 'fit_intercept': True, 'intercept_scaling': 1, 'loss': 'squared_hinge', 'max_iter': 100, 'multi_class': 'ovr', 'penalty': 'l1', 'random_state': 42, 'tol': 0.0001, 'verbose': 0}",0.27471232414245605
Chinese_wine,7,2,5,10,LogisticRegression,Time_Warping,10,"{'sigma': 0.1, 'knot': 8}",0.5203333333333333,0.49287530831029,"{'C': np.float64(33.59818286283781), 'class_weight': 'balanced', 'dual': False, 'fit_intercept': True, 'intercept_scaling': 1, 'l1_ratio': None, 'max_iter': 100, 'multi_class': 'deprecated', 'n_jobs': None, 'penalty': 'l1', 'random_state': 42, 'solver': 'saga', 'tol': 0.0001, 'verbose': 0, 'warm_start': False}",1.5712292194366455
Chinese_wine,7,2,6,1,KNN,Baseline,N/A,N/A,0.6525555555555556,0.6397564283639313,"{'algorithm': 'auto', 'leaf_size': 30, 'metric': 'minkowski', 'metric_params': None, 'n_jobs': None, 'n_neighbors': 5, 'p': 2, 'weights': 'uniform'}",0.38938117027282715
Chinese_wine,7,2,6,1,KNN,Tuned_Baseline,N/A,N/A,0.6578888888888889,0.6450142231591964,"{'algorithm': 'auto', 'leaf_size': 30, 'metric': 'minkowski', 'metric_params': None, 'n_jobs': None, 'n_neighbors': np.int64(5), 'p': 3, 'weights': 'distance'}",0.1837301254272461
Chinese_wine,7,2,6,1,RandomForest,Baseline,N/A,N/A,0.6431111111111111,0.6306258650505543,"{'bootstrap': True, 'ccp_alpha': 0.0, 'class_weight': None, 'criterion': 'gini', 'max_depth': None, 'max_features': 'sqrt', 'max_leaf_nodes': None, 'max_samples': None, 'min_impurity_decrease': 0.0, 'min_samples_leaf': 1, 'min_samples_split': 2, 'min_weight_fraction_leaf': 0.0, 'monotonic_cst': None, 'n_estimators': 100, 'n_jobs': None, 'oob_score': False, 'random_state': 42, 'verbose': 0, 'warm_start': False}",0.5229940414428711
Chinese_wine,7,2,6,1,RandomForest,Tuned_Baseline,N/A,N/A,0.6396666666666667,0.6275001431198285,"{'bootstrap': True, 'ccp_alpha': 0.0, 'class_weight': 'balanced', 'criterion': 'gini', 'max_depth': 30, 'max_features': 'sqrt', 'max_leaf_nodes': None, 'max_samples': None, 'min_impurity_decrease': 0.0, 'min_samples_leaf': 1, 'min_samples_split': 2, 'min_weight_fraction_leaf': 0.0, 'monotonic_cst': None, 'n_estimators': 150, 'n_jobs': None, 'oob_score': False, 'random_state': 42, 'verbose': 0, 'warm_start': False}",0.06696248054504395
Chinese_wine,7,2,6,1,LinearSVC,Baseline,N/A,N/A,0.5482222222222223,0.5318983707531778,"{'C': 1.0, 'class_weight': None, 'dual': False, 'fit_intercept': True, 'intercept_scaling': 1, 'loss': 'squared_hinge', 'max_iter': 100, 'multi_class': 'ovr', 'penalty': 'l2', 'random_state': 42, 'tol': 0.0001, 'verbose': 0}",0.011670351028442383
Chinese_wine,7,2,6,1,LinearSVC,Tuned_Baseline,N/A,N/A,0.5314444444444445,0.5088697612881999,"{'C': np.float64(183.29807108324337), 'class_weight': None, 'dual': False, 'fit_intercept': True, 'intercept_scaling': 1, 'loss': 'squared_hinge', 'max_iter': 100, 'multi_class': 'ovr', 'penalty': 'l1', 'random_state': 42, 'tol': 0.001, 'verbose': 0}",0.0011515617370605469
Chinese_wine,7,2,6,1,LogisticRegression,Baseline,N/A,N/A,0.5967777777777777,0.5859177381701665,"{'C': 1.0, 'class_weight': None, 'dual': False, 'fit_intercept': True, 'intercept_scaling': 1, 'l1_ratio': None, 'max_iter': 100, 'multi_class': 'deprecated', 'n_jobs': None, 'penalty': 'l2', 'random_state': 42, 'solver': 'lbfgs', 'tol': 0.0001, 'verbose': 0, 'warm_start': False}",0.14102983474731445
Chinese_wine,7,2,6,1,LogisticRegression,Tuned_Baseline,N/A,N/A,0.5945555555555555,0.5837806528115056,"{'C': np.float64(6.1584821106602545), 'class_weight': None, 'dual': False, 'fit_intercept': True, 'intercept_scaling': 1, 'l1_ratio': None, 'max_iter': 100, 'multi_class': 'deprecated', 'n_jobs': None, 'penalty': 'l2', 'random_state': 42, 'solver': 'lbfgs', 'tol': 0.0001, 'verbose': 0, 'warm_start': False}",0.0012199878692626953
Chinese_wine,7,2,6,1,RNN,Tuned_Baseline,N/A,N/A,0.1,0.018181818181818184,"{'hidden_size': 64, 'epochs': 10, 'batch_size': 32, 'lr': 0.001}",2.9325485229492188e-05
Chinese_wine,7,2,6,2,KNN,Time_Warping,1,"{'sigma': 0.2, 'knot': 4}",0.657,0.6444136442143735,"{'algorithm': 'auto', 'leaf_size': 30, 'metric': 'minkowski', 'metric_params': None, 'n_jobs': None, 'n_neighbors': np.int64(5), 'p': 3, 'weights': 'distance'}",0.3195197582244873
Chinese_wine,7,2,6,2,RandomForest,Time_Warping,1,"{'sigma': 0.2, 'knot': 4}",0.6163333333333333,0.6063571228482063,"{'bootstrap': True, 'ccp_alpha': 0.0, 'class_weight': None, 'criterion': 'gini', 'max_depth': 20, 'max_features': 'sqrt', 'max_leaf_nodes': None, 'max_samples': None, 'min_impurity_decrease': 0.0, 'min_samples_leaf': 1, 'min_samples_split': 2, 'min_weight_fraction_leaf': 0.0, 'monotonic_cst': None, 'n_estimators': 100, 'n_jobs': None, 'oob_score': False, 'random_state': 42, 'verbose': 0, 'warm_start': False}",0.7997477054595947
Chinese_wine,7,2,6,2,LinearSVC,Time_Warping,1,"{'sigma': 0.2, 'knot': 4}",0.43622222222222223,0.3934179098392042,"{'C': np.float64(33.59818286283781), 'class_weight': 'balanced', 'dual': False, 'fit_intercept': True, 'intercept_scaling': 1, 'loss': 'squared_hinge', 'max_iter': 100, 'multi_class': 'ovr', 'penalty': 'l1', 'random_state': 42, 'tol': 0.001, 'verbose': 0}",0.031434059143066406
Chinese_wine,7,2,6,2,LogisticRegression,Time_Warping,1,"{'sigma': 0.2, 'knot': 4}",0.4235555555555556,0.42341471493910254,"{'C': np.float64(183.29807108324337), 'class_weight': 'balanced', 'dual': False, 'fit_intercept': True, 'intercept_scaling': 1, 'l1_ratio': None, 'max_iter': 100, 'multi_class': 'deprecated', 'n_jobs': None, 'penalty': 'l1', 'random_state': 42, 'solver': 'saga', 'tol': 0.0001, 'verbose': 0, 'warm_start': False}",0.04320073127746582
Chinese_wine,7,2,6,2,KNN,Time_Warping,2,"{'sigma': 0.2, 'knot': 3}",0.6565555555555556,0.6432817910196661,"{'algorithm': 'auto', 'leaf_size': 30, 'metric': 'minkowski', 'metric_params': None, 'n_jobs': None, 'n_neighbors': np.int64(5), 'p': 3, 'weights': 'distance'}",0.31379246711730957
Chinese_wine,7,2,6,2,RandomForest,Time_Warping,2,"{'sigma': 0.2, 'knot': 3}",0.6252222222222222,0.6154785970825704,"{'bootstrap': True, 'ccp_alpha': 0.0, 'class_weight': 'balanced', 'criterion': 'gini', 'max_depth': None, 'max_features': 'sqrt', 'max_leaf_nodes': None, 'max_samples': None, 'min_impurity_decrease': 0.0, 'min_samples_leaf': 2, 'min_samples_split': 2, 'min_weight_fraction_leaf': 0.0, 'monotonic_cst': None, 'n_estimators': 150, 'n_jobs': None, 'oob_score': False, 'random_state': 42, 'verbose': 0, 'warm_start': False}",1.205897331237793
Chinese_wine,7,2,6,2,LinearSVC,Time_Warping,2,"{'sigma': 0.2, 'knot': 3}",0.49644444444444447,0.4752230866630955,"{'C': np.float64(2.6366508987303554), 'class_weight': 'balanced', 'dual': False, 'fit_intercept': True, 'intercept_scaling': 1, 'loss': 'squared_hinge', 'max_iter': 100, 'multi_class': 'ovr', 'penalty': 'l1', 'random_state': 42, 'tol': 0.0001, 'verbose': 0}",0.043470144271850586
Chinese_wine,7,2,6,2,LogisticRegression,Time_Warping,2,"{'sigma': 0.2, 'knot': 3}",0.5178888888888888,0.5137041029667899,"{'C': np.float64(33.59818286283781), 'class_weight': 'balanced', 'dual': False, 'fit_intercept': True, 'intercept_scaling': 1, 'l1_ratio': None, 'max_iter': 100, 'multi_class': 'deprecated', 'n_jobs': None, 'penalty': 'l1', 'random_state': 42, 'solver': 'saga', 'tol': 0.0001, 'verbose': 0, 'warm_start': False}",0.19455933570861816
Chinese_wine,7,2,6,2,KNN,Time_Warping,3,"{'sigma': 0.5, 'knot': 4}",0.6588888888888889,0.645912944850197,"{'algorithm': 'auto', 'leaf_size': 30, 'metric': 'minkowski', 'metric_params': None, 'n_jobs': None, 'n_neighbors': np.int64(5), 'p': 3, 'weights': 'distance'}",0.22485780715942383
Chinese_wine,7,2,6,2,RandomForest,Time_Warping,3,"{'sigma': 0.5, 'knot': 4}",0.636,0.6244183802687564,"{'bootstrap': True, 'ccp_alpha': 0.0, 'class_weight': None, 'criterion': 'gini', 'max_depth': 20, 'max_features': 'sqrt', 'max_leaf_nodes': None, 'max_samples': None, 'min_impurity_decrease': 0.0, 'min_samples_leaf': 1, 'min_samples_split': 2, 'min_weight_fraction_leaf': 0.0, 'monotonic_cst': None, 'n_estimators': 100, 'n_jobs': None, 'oob_score': False, 'random_state': 42, 'verbose': 0, 'warm_start': False}",0.8528327941894531
Chinese_wine,7,2,6,2,LinearSVC,Time_Warping,3,"{'sigma': 0.5, 'knot': 4}",0.37544444444444447,0.3511663518606942,"{'C': np.float64(183.29807108324337), 'class_weight': 'balanced', 'dual': False, 'fit_intercept': True, 'intercept_scaling': 1, 'loss': 'squared_hinge', 'max_iter': 100, 'multi_class': 'ovr', 'penalty': 'l1', 'random_state': 42, 'tol': 0.0001, 'verbose': 0}",0.02684926986694336
Chinese_wine,7,2,6,2,LogisticRegression,Time_Warping,3,"{'sigma': 0.5, 'knot': 4}",0.31433333333333335,0.25914829456580996,"{'C': np.float64(183.29807108324337), 'class_weight': 'balanced', 'dual': False, 'fit_intercept': False, 'intercept_scaling': 1, 'l1_ratio': None, 'max_iter': 100, 'multi_class': 'deprecated', 'n_jobs': None, 'penalty': 'l2', 'random_state': 42, 'solver': 'sag', 'tol': 0.0001, 'verbose': 0, 'warm_start': False}",0.04709911346435547
Chinese_wine,7,2,6,2,KNN,Time_Warping,4,"{'sigma': 0.05, 'knot': 8}",0.6513333333333333,0.6405254837174885,"{'algorithm': 'auto', 'leaf_size': 30, 'metric': 'manhattan', 'metric_params': None, 'n_jobs': None, 'n_neighbors': np.int64(5), 'p': 2, 'weights': 'distance'}",0.09784150123596191
Chinese_wine,7,2,6,2,RandomForest,Time_Warping,4,"{'sigma': 0.05, 'knot': 8}",0.6225555555555555,0.613653989096709,"{'bootstrap': True, 'ccp_alpha': 0.0, 'class_weight': None, 'criterion': 'gini', 'max_depth': 20, 'max_features': 'sqrt', 'max_leaf_nodes': None, 'max_samples': None, 'min_impurity_decrease': 0.0, 'min_samples_leaf': 1, 'min_samples_split': 2, 'min_weight_fraction_leaf': 0.0, 'monotonic_cst': None, 'n_estimators': 100, 'n_jobs': None, 'oob_score': False, 'random_state': 42, 'verbose': 0, 'warm_start': False}",0.8363790512084961
Chinese_wine,7,2,6,2,LinearSVC,Time_Warping,4,"{'sigma': 0.05, 'knot': 8}",0.5313333333333333,0.5077552296253063,"{'C': np.float64(183.29807108324337), 'class_weight': None, 'dual': False, 'fit_intercept': True, 'intercept_scaling': 1, 'loss': 'squared_hinge', 'max_iter': 100, 'multi_class': 'ovr', 'penalty': 'l1', 'random_state': 42, 'tol': 0.001, 'verbose': 0}",0.07886719703674316
Chinese_wine,7,2,6,2,LogisticRegression,Time_Warping,4,"{'sigma': 0.05, 'knot': 8}",0.5906666666666667,0.5844061086549643,"{'C': np.float64(1000.0), 'class_weight': 'balanced', 'dual': False, 'fit_intercept': True, 'intercept_scaling': 1, 'l1_ratio': None, 'max_iter': 100, 'multi_class': 'deprecated', 'n_jobs': None, 'penalty': 'l2', 'random_state': 42, 'solver': 'sag', 'tol': 0.0001, 'verbose': 0, 'warm_start': False}",0.11298155784606934
Chinese_wine,7,2,6,2,KNN,Time_Warping,5,"{'sigma': 0.1, 'knot': 4}",0.6595555555555556,0.6467154712309854,"{'algorithm': 'auto', 'leaf_size': 30, 'metric': 'minkowski', 'metric_params': None, 'n_jobs': None, 'n_neighbors': np.int64(5), 'p': 3, 'weights': 'distance'}",0.24578189849853516
Chinese_wine,7,2,6,2,RandomForest,Time_Warping,5,"{'sigma': 0.1, 'knot': 4}",0.6301111111111111,0.6162579733928283,"{'bootstrap': True, 'ccp_alpha': 0.0, 'class_weight': None, 'criterion': 'gini', 'max_depth': 20, 'max_features': 'sqrt', 'max_leaf_nodes': None, 'max_samples': None, 'min_impurity_decrease': 0.0, 'min_samples_leaf': 1, 'min_samples_split': 2, 'min_weight_fraction_leaf': 0.0, 'monotonic_cst': None, 'n_estimators': 100, 'n_jobs': None, 'oob_score': False, 'random_state': 42, 'verbose': 0, 'warm_start': False}",1.0042352676391602
Chinese_wine,7,2,6,2,LinearSVC,Time_Warping,5,"{'sigma': 0.1, 'knot': 4}",0.39911111111111114,0.306594085623827,"{'C': np.float64(0.2069138081114788), 'class_weight': 'balanced', 'dual': False, 'fit_intercept': False, 'intercept_scaling': 1, 'loss': 'squared_hinge', 'max_iter': 100, 'multi_class': 'ovr', 'penalty': 'l2', 'random_state': 42, 'tol': 0.0001, 'verbose': 0}",0.015092849731445312
Chinese_wine,7,2,6,2,LogisticRegression,Time_Warping,5,"{'sigma': 0.1, 'knot': 4}",0.5342222222222223,0.5342337237623446,"{'C': np.float64(183.29807108324337), 'class_weight': 'balanced', 'dual': False, 'fit_intercept': True, 'intercept_scaling': 1, 'l1_ratio': None, 'max_iter': 100, 'multi_class': 'deprecated', 'n_jobs': None, 'penalty': 'l1', 'random_state': 42, 'solver': 'saga', 'tol': 0.0001, 'verbose': 0, 'warm_start': False}",0.1145026683807373
Chinese_wine,7,2,6,2,KNN,Time_Warping,6,"{'sigma': 0.3, 'knot': 6}",0.6498888888888888,0.638462614529968,"{'algorithm': 'auto', 'leaf_size': 30, 'metric': 'minkowski', 'metric_params': None, 'n_jobs': None, 'n_neighbors': np.int64(5), 'p': 3, 'weights': 'distance'}",0.2766296863555908
Chinese_wine,7,2,6,2,RandomForest,Time_Warping,6,"{'sigma': 0.3, 'knot': 6}",0.6153333333333333,0.6058652055275232,"{'bootstrap': True, 'ccp_alpha': 0.0, 'class_weight': None, 'criterion': 'gini', 'max_depth': 20, 'max_features': 'sqrt', 'max_leaf_nodes': None, 'max_samples': None, 'min_impurity_decrease': 0.0, 'min_samples_leaf': 1, 'min_samples_split': 2, 'min_weight_fraction_leaf': 0.0, 'monotonic_cst': None, 'n_estimators': 100, 'n_jobs': None, 'oob_score': False, 'random_state': 42, 'verbose': 0, 'warm_start': False}",0.8353135585784912
Chinese_wine,7,2,6,2,LinearSVC,Time_Warping,6,"{'sigma': 0.3, 'knot': 6}",0.4271111111111111,0.3949154786116113,"{'C': np.float64(33.59818286283781), 'class_weight': 'balanced', 'dual': False, 'fit_intercept': True, 'intercept_scaling': 1, 'loss': 'squared_hinge', 'max_iter': 100, 'multi_class': 'ovr', 'penalty': 'l1', 'random_state': 42, 'tol': 0.0001, 'verbose': 0}",0.05967211723327637
Chinese_wine,7,2,6,2,LogisticRegression,Time_Warping,6,"{'sigma': 0.3, 'knot': 6}",0.4111111111111111,0.4143469435496205,"{'C': np.float64(1000.0), 'class_weight': 'balanced', 'dual': False, 'fit_intercept': True, 'intercept_scaling': 1, 'l1_ratio': None, 'max_iter': 100, 'multi_class': 'deprecated', 'n_jobs': None, 'penalty': 'l2', 'random_state': 42, 'solver': 'sag', 'tol': 0.0001, 'verbose': 0, 'warm_start': False}",0.04908490180969238
Chinese_wine,7,2,6,2,KNN,Time_Warping,7,"{'sigma': 0.05, 'knot': 6}",0.6508888888888889,0.6374155831802851,"{'algorithm': 'auto', 'leaf_size': 30, 'metric': 'minkowski', 'metric_params': None, 'n_jobs': None, 'n_neighbors': np.int64(5), 'p': 3, 'weights': 'distance'}",0.26240062713623047
Chinese_wine,7,2,6,2,RandomForest,Time_Warping,7,"{'sigma': 0.05, 'knot': 6}",0.6131111111111112,0.6028115876342395,"{'bootstrap': True, 'ccp_alpha': 0.0, 'class_weight': None, 'criterion': 'gini', 'max_depth': 20, 'max_features': 'sqrt', 'max_leaf_nodes': None, 'max_samples': None, 'min_impurity_decrease': 0.0, 'min_samples_leaf': 1, 'min_samples_split': 2, 'min_weight_fraction_leaf': 0.0, 'monotonic_cst': None, 'n_estimators': 100, 'n_jobs': None, 'oob_score': False, 'random_state': 42, 'verbose': 0, 'warm_start': False}",0.8854880332946777
Chinese_wine,7,2,6,2,LinearSVC,Time_Warping,7,"{'sigma': 0.05, 'knot': 6}",0.5208888888888888,0.49428731976581336,"{'C': np.float64(2.6366508987303554), 'class_weight': 'balanced', 'dual': False, 'fit_intercept': True, 'intercept_scaling': 1, 'loss': 'squared_hinge', 'max_iter': 100, 'multi_class': 'ovr', 'penalty': 'l1', 'random_state': 42, 'tol': 0.0001, 'verbose': 0}",0.06930065155029297
Chinese_wine,7,2,6,2,LogisticRegression,Time_Warping,7,"{'sigma': 0.05, 'knot': 6}",0.5863333333333334,0.5751153249127944,"{'C': np.float64(1000.0), 'class_weight': 'balanced', 'dual': False, 'fit_intercept': True, 'intercept_scaling': 1, 'l1_ratio': None, 'max_iter': 100, 'multi_class': 'deprecated', 'n_jobs': None, 'penalty': 'l2', 'random_state': 42, 'solver': 'sag', 'tol': 0.0001, 'verbose': 0, 'warm_start': False}",0.10657382011413574
Chinese_wine,7,2,6,2,KNN,Time_Warping,8,"{'sigma': 0.3, 'knot': 6}",0.6538888888888889,0.6405497301529798,"{'algorithm': 'auto', 'leaf_size': 30, 'metric': 'minkowski', 'metric_params': None, 'n_jobs': None, 'n_neighbors': np.int64(5), 'p': 3, 'weights': 'distance'}",0.2687642574310303
Chinese_wine,7,2,6,2,RandomForest,Time_Warping,8,"{'sigma': 0.3, 'knot': 6}",0.6192222222222222,0.6093754816348345,"{'bootstrap': True, 'ccp_alpha': 0.0, 'class_weight': None, 'criterion': 'gini', 'max_depth': 20, 'max_features': 'sqrt', 'max_leaf_nodes': None, 'max_samples': None, 'min_impurity_decrease': 0.0, 'min_samples_leaf': 1, 'min_samples_split': 2, 'min_weight_fraction_leaf': 0.0, 'monotonic_cst': None, 'n_estimators': 100, 'n_jobs': None, 'oob_score': False, 'random_state': 42, 'verbose': 0, 'warm_start': False}",0.9231758117675781
Chinese_wine,7,2,6,2,LinearSVC,Time_Warping,8,"{'sigma': 0.3, 'knot': 6}",0.4792222222222222,0.4373225987368991,"{'C': np.float64(1000.0), 'class_weight': 'balanced', 'dual': False, 'fit_intercept': True, 'intercept_scaling': 1, 'loss': 'squared_hinge', 'max_iter': 100, 'multi_class': 'ovr', 'penalty': 'l2', 'random_state': 42, 'tol': 0.001, 'verbose': 0}",0.022952556610107422
Chinese_wine,7,2,6,2,LogisticRegression,Time_Warping,8,"{'sigma': 0.3, 'knot': 6}",0.4697777777777778,0.4643292596301626,"{'C': np.float64(33.59818286283781), 'class_weight': 'balanced', 'dual': False, 'fit_intercept': True, 'intercept_scaling': 1, 'l1_ratio': None, 'max_iter': 100, 'multi_class': 'deprecated', 'n_jobs': None, 'penalty': 'l1', 'random_state': 42, 'solver': 'saga', 'tol': 0.0001, 'verbose': 0, 'warm_start': False}",0.05624032020568848
Chinese_wine,7,2,6,2,KNN,Time_Warping,9,"{'sigma': 0.1, 'knot': 6}",0.6642222222222223,0.6520281961562043,"{'algorithm': 'auto', 'leaf_size': 30, 'metric': 'minkowski', 'metric_params': None, 'n_jobs': None, 'n_neighbors': np.int64(5), 'p': 3, 'weights': 'distance'}",0.29311347007751465
Chinese_wine,7,2,6,2,RandomForest,Time_Warping,9,"{'sigma': 0.1, 'knot': 6}",0.627,0.615294407265551,"{'bootstrap': True, 'ccp_alpha': 0.0, 'class_weight': None, 'criterion': 'gini', 'max_depth': 20, 'max_features': 'sqrt', 'max_leaf_nodes': None, 'max_samples': None, 'min_impurity_decrease': 0.0, 'min_samples_leaf': 1, 'min_samples_split': 2, 'min_weight_fraction_leaf': 0.0, 'monotonic_cst': None, 'n_estimators': 100, 'n_jobs': None, 'oob_score': False, 'random_state': 42, 'verbose': 0, 'warm_start': False}",0.7782082557678223
Chinese_wine,7,2,6,2,LinearSVC,Time_Warping,9,"{'sigma': 0.1, 'knot': 6}",0.4892222222222222,0.4544599769698614,"{'C': np.float64(183.29807108324337), 'class_weight': 'balanced', 'dual': False, 'fit_intercept': True, 'intercept_scaling': 1, 'loss': 'squared_hinge', 'max_iter': 100, 'multi_class': 'ovr', 'penalty': 'l1', 'random_state': 42, 'tol': 0.0001, 'verbose': 0}",0.07774615287780762
Chinese_wine,7,2,6,2,LogisticRegression,Time_Warping,9,"{'sigma': 0.1, 'knot': 6}",0.5442222222222223,0.5407055987131066,"{'C': np.float64(33.59818286283781), 'class_weight': 'balanced', 'dual': False, 'fit_intercept': True, 'intercept_scaling': 1, 'l1_ratio': None, 'max_iter': 100, 'multi_class': 'deprecated', 'n_jobs': None, 'penalty': 'l1', 'random_state': 42, 'solver': 'saga', 'tol': 0.0001, 'verbose': 0, 'warm_start': False}",0.09951114654541016
Chinese_wine,7,2,6,2,KNN,Time_Warping,10,"{'sigma': 0.1, 'knot': 8}",0.6522222222222223,0.6402643764436078,"{'algorithm': 'auto', 'leaf_size': 30, 'metric': 'minkowski', 'metric_params': None, 'n_jobs': None, 'n_neighbors': np.int64(5), 'p': 3, 'weights': 'distance'}",0.25570106506347656
Chinese_wine,7,2,6,2,RandomForest,Time_Warping,10,"{'sigma': 0.1, 'knot': 8}",0.6248888888888889,0.6142101175003164,"{'bootstrap': True, 'ccp_alpha': 0.0, 'class_weight': 'balanced', 'criterion': 'gini', 'max_depth': None, 'max_features': 'sqrt', 'max_leaf_nodes': None, 'max_samples': None, 'min_impurity_decrease': 0.0, 'min_samples_leaf': 2, 'min_samples_split': 2, 'min_weight_fraction_leaf': 0.0, 'monotonic_cst': None, 'n_estimators': 150, 'n_jobs': None, 'oob_score': False, 'random_state': 42, 'verbose': 0, 'warm_start': False}",1.225813388824463
Chinese_wine,7,2,6,2,LinearSVC,Time_Warping,10,"{'sigma': 0.1, 'knot': 8}",0.48044444444444445,0.44949039641923666,"{'C': np.float64(33.59818286283781), 'class_weight': None, 'dual': False, 'fit_intercept': True, 'intercept_scaling': 1, 'loss': 'squared_hinge', 'max_iter': 100, 'multi_class': 'ovr', 'penalty': 'l1', 'random_state': 42, 'tol': 0.001, 'verbose': 0}",0.06595182418823242
Chinese_wine,7,2,6,2,LogisticRegression,Time_Warping,10,"{'sigma': 0.1, 'knot': 8}",0.5041111111111111,0.5007145485446883,"{'C': np.float64(33.59818286283781), 'class_weight': 'balanced', 'dual': False, 'fit_intercept': True, 'intercept_scaling': 1, 'l1_ratio': None, 'max_iter': 100, 'multi_class': 'deprecated', 'n_jobs': None, 'penalty': 'l1', 'random_state': 42, 'solver': 'saga', 'tol': 0.0001, 'verbose': 0, 'warm_start': False}",0.26721835136413574
Chinese_wine,7,2,6,3,KNN,Time_Warping,1,"{'sigma': 0.2, 'knot': 4}",0.6504444444444445,0.6381575243978227,"{'algorithm': 'auto', 'leaf_size': 30, 'metric': 'minkowski', 'metric_params': None, 'n_jobs': None, 'n_neighbors': np.int64(5), 'p': 3, 'weights': 'distance'}",0.5026540756225586
Chinese_wine,7,2,6,3,RandomForest,Time_Warping,1,"{'sigma': 0.2, 'knot': 4}",0.6122222222222222,0.6037400720332862,"{'bootstrap': True, 'ccp_alpha': 0.0, 'class_weight': 'balanced', 'criterion': 'gini', 'max_depth': None, 'max_features': 'sqrt', 'max_leaf_nodes': None, 'max_samples': None, 'min_impurity_decrease': 0.0, 'min_samples_leaf': 2, 'min_samples_split': 2, 'min_weight_fraction_leaf': 0.0, 'monotonic_cst': None, 'n_estimators': 150, 'n_jobs': None, 'oob_score': False, 'random_state': 42, 'verbose': 0, 'warm_start': False}",2.0578653812408447
Chinese_wine,7,2,6,3,LinearSVC,Time_Warping,1,"{'sigma': 0.2, 'knot': 4}",0.43966666666666665,0.40013841370991177,"{'C': np.float64(33.59818286283781), 'class_weight': 'balanced', 'dual': False, 'fit_intercept': True, 'intercept_scaling': 1, 'loss': 'squared_hinge', 'max_iter': 100, 'multi_class': 'ovr', 'penalty': 'l1', 'random_state': 42, 'tol': 0.0001, 'verbose': 0}",0.061097145080566406
Chinese_wine,7,2,6,3,LogisticRegression,Time_Warping,1,"{'sigma': 0.2, 'knot': 4}",0.43522222222222223,0.4294297287966304,"{'C': np.float64(33.59818286283781), 'class_weight': 'balanced', 'dual': False, 'fit_intercept': True, 'intercept_scaling': 1, 'l1_ratio': None, 'max_iter': 100, 'multi_class': 'deprecated', 'n_jobs': None, 'penalty': 'l1', 'random_state': 42, 'solver': 'saga', 'tol': 0.0001, 'verbose': 0, 'warm_start': False}",0.3215153217315674
Chinese_wine,7,2,6,3,KNN,Time_Warping,2,"{'sigma': 0.2, 'knot': 3}",0.6543333333333333,0.641257317848595,"{'algorithm': 'auto', 'leaf_size': 30, 'metric': 'minkowski', 'metric_params': None, 'n_jobs': None, 'n_neighbors': np.int64(5), 'p': 3, 'weights': 'distance'}",0.3867197036743164
Chinese_wine,7,2,6,3,RandomForest,Time_Warping,2,"{'sigma': 0.2, 'knot': 3}",0.5835555555555556,0.5810495165225688,"{'bootstrap': True, 'ccp_alpha': 0.0, 'class_weight': None, 'criterion': 'gini', 'max_depth': 20, 'max_features': 'sqrt', 'max_leaf_nodes': None, 'max_samples': None, 'min_impurity_decrease': 0.0, 'min_samples_leaf': 1, 'min_samples_split': 5, 'min_weight_fraction_leaf': 0.0, 'monotonic_cst': None, 'n_estimators': 150, 'n_jobs': None, 'oob_score': False, 'random_state': 42, 'verbose': 0, 'warm_start': False}",2.0710740089416504
Chinese_wine,7,2,6,3,LinearSVC,Time_Warping,2,"{'sigma': 0.2, 'knot': 3}",0.43133333333333335,0.3842992554064306,"{'C': np.float64(0.2069138081114788), 'class_weight': 'balanced', 'dual': False, 'fit_intercept': True, 'intercept_scaling': 1, 'loss': 'squared_hinge', 'max_iter': 100, 'multi_class': 'ovr', 'penalty': 'l2', 'random_state': 42, 'tol': 0.001, 'verbose': 0}",0.02763843536376953
Chinese_wine,7,2,6,3,LogisticRegression,Time_Warping,2,"{'sigma': 0.2, 'knot': 3}",0.4112222222222222,0.41010852260474223,"{'C': np.float64(2.6366508987303554), 'class_weight': 'balanced', 'dual': False, 'fit_intercept': True, 'intercept_scaling': 1, 'l1_ratio': None, 'max_iter': 100, 'multi_class': 'deprecated', 'n_jobs': None, 'penalty': 'l1', 'random_state': 42, 'solver': 'saga', 'tol': 0.0001, 'verbose': 0, 'warm_start': False}",0.10489368438720703
Chinese_wine,7,2,6,3,KNN,Time_Warping,3,"{'sigma': 0.5, 'knot': 4}",0.6547777777777778,0.6435352540367197,"{'algorithm': 'auto', 'leaf_size': 30, 'metric': 'minkowski', 'metric_params': None, 'n_jobs': None, 'n_neighbors': np.int64(5), 'p': 3, 'weights': 'distance'}",0.3440258502960205
Chinese_wine,7,2,6,3,RandomForest,Time_Warping,3,"{'sigma': 0.5, 'knot': 4}",0.6158888888888889,0.6064495699511983,"{'bootstrap': True, 'ccp_alpha': 0.0, 'class_weight': 'balanced', 'criterion': 'gini', 'max_depth': None, 'max_features': 'sqrt', 'max_leaf_nodes': None, 'max_samples': None, 'min_impurity_decrease': 0.0, 'min_samples_leaf': 1, 'min_samples_split': 2, 'min_weight_fraction_leaf': 0.0, 'monotonic_cst': None, 'n_estimators': 50, 'n_jobs': None, 'oob_score': False, 'random_state': 42, 'verbose': 0, 'warm_start': False}",0.6202962398529053
Chinese_wine,7,2,6,3,LinearSVC,Time_Warping,3,"{'sigma': 0.5, 'knot': 4}",0.35355555555555557,0.3174952391597291,"{'C': np.float64(0.4832930238571752), 'class_weight': 'balanced', 'dual': False, 'fit_intercept': True, 'intercept_scaling': 1, 'loss': 'squared_hinge', 'max_iter': 100, 'multi_class': 'ovr', 'penalty': 'l2', 'random_state': 42, 'tol': 0.0001, 'verbose': 0}",0.023364543914794922
Chinese_wine,7,2,6,3,LogisticRegression,Time_Warping,3,"{'sigma': 0.5, 'knot': 4}",0.361,0.3544180960360491,"{'C': np.float64(183.29807108324337), 'class_weight': 'balanced', 'dual': False, 'fit_intercept': True, 'intercept_scaling': 1, 'l1_ratio': None, 'max_iter': 100, 'multi_class': 'deprecated', 'n_jobs': None, 'penalty': 'l1', 'random_state': 42, 'solver': 'saga', 'tol': 0.0001, 'verbose': 0, 'warm_start': False}",0.08378767967224121
Chinese_wine,7,2,6,3,KNN,Time_Warping,4,"{'sigma': 0.05, 'knot': 8}",0.6404444444444445,0.62979048595417,"{'algorithm': 'auto', 'leaf_size': 30, 'metric': 'chebyshev', 'metric_params': None, 'n_jobs': None, 'n_neighbors': np.int64(11), 'p': 2, 'weights': 'distance'}",0.06989002227783203
Chinese_wine,7,2,6,3,RandomForest,Time_Warping,4,"{'sigma': 0.05, 'knot': 8}",0.6091111111111112,0.5976463640630381,"{'bootstrap': True, 'ccp_alpha': 0.0, 'class_weight': None, 'criterion': 'gini', 'max_depth': 20, 'max_features': 'sqrt', 'max_leaf_nodes': None, 'max_samples': None, 'min_impurity_decrease': 0.0, 'min_samples_leaf': 1, 'min_samples_split': 5, 'min_weight_fraction_leaf': 0.0, 'monotonic_cst': None, 'n_estimators': 50, 'n_jobs': None, 'oob_score': False, 'random_state': 42, 'verbose': 0, 'warm_start': False}",0.6993277072906494
Chinese_wine,7,2,6,3,LinearSVC,Time_Warping,4,"{'sigma': 0.05, 'knot': 8}",0.5382222222222223,0.5132180299168037,"{'C': np.float64(1000.0), 'class_weight': 'balanced', 'dual': False, 'fit_intercept': True, 'intercept_scaling': 1, 'loss': 'squared_hinge', 'max_iter': 100, 'multi_class': 'ovr', 'penalty': 'l2', 'random_state': 42, 'tol': 0.001, 'verbose': 0}",0.0310516357421875
Chinese_wine,7,2,6,3,LogisticRegression,Time_Warping,4,"{'sigma': 0.05, 'knot': 8}",0.5705555555555556,0.5671768977698453,"{'C': np.float64(183.29807108324337), 'class_weight': 'balanced', 'dual': False, 'fit_intercept': True, 'intercept_scaling': 1, 'l1_ratio': None, 'max_iter': 100, 'multi_class': 'deprecated', 'n_jobs': None, 'penalty': 'l1', 'random_state': 42, 'solver': 'saga', 'tol': 0.0001, 'verbose': 0, 'warm_start': False}",0.23263120651245117
Chinese_wine,7,2,6,3,KNN,Time_Warping,5,"{'sigma': 0.1, 'knot': 4}",0.6528888888888889,0.641111561800572,"{'algorithm': 'auto', 'leaf_size': 30, 'metric': 'manhattan', 'metric_params': None, 'n_jobs': None, 'n_neighbors': np.int64(5), 'p': 2, 'weights': 'distance'}",0.11810898780822754
Chinese_wine,7,2,6,3,RandomForest,Time_Warping,5,"{'sigma': 0.1, 'knot': 4}",0.6075555555555555,0.6007060906392678,"{'bootstrap': True, 'ccp_alpha': 0.0, 'class_weight': None, 'criterion': 'gini', 'max_depth': 20, 'max_features': 'sqrt', 'max_leaf_nodes': None, 'max_samples': None, 'min_impurity_decrease': 0.0, 'min_samples_leaf': 1, 'min_samples_split': 5, 'min_weight_fraction_leaf': 0.0, 'monotonic_cst': None, 'n_estimators': 150, 'n_jobs': None, 'oob_score': False, 'random_state': 42, 'verbose': 0, 'warm_start': False}",1.8170289993286133
Chinese_wine,7,2,6,3,LinearSVC,Time_Warping,5,"{'sigma': 0.1, 'knot': 4}",0.5094444444444445,0.4769604432574068,"{'C': np.float64(183.29807108324337), 'class_weight': 'balanced', 'dual': False, 'fit_intercept': True, 'intercept_scaling': 1, 'loss': 'squared_hinge', 'max_iter': 100, 'multi_class': 'ovr', 'penalty': 'l1', 'random_state': 42, 'tol': 0.0001, 'verbose': 0}",0.08482956886291504
Chinese_wine,7,2,6,3,LogisticRegression,Time_Warping,5,"{'sigma': 0.1, 'knot': 4}",0.4861111111111111,0.4845753900781179,"{'C': np.float64(183.29807108324337), 'class_weight': 'balanced', 'dual': False, 'fit_intercept': True, 'intercept_scaling': 1, 'l1_ratio': None, 'max_iter': 100, 'multi_class': 'deprecated', 'n_jobs': None, 'penalty': 'l1', 'random_state': 42, 'solver': 'saga', 'tol': 0.0001, 'verbose': 0, 'warm_start': False}",0.06649351119995117
Chinese_wine,7,2,6,3,KNN,Time_Warping,6,"{'sigma': 0.3, 'knot': 6}",0.6532222222222223,0.6411958680304405,"{'algorithm': 'auto', 'leaf_size': 30, 'metric': 'minkowski', 'metric_params': None, 'n_jobs': None, 'n_neighbors': np.int64(5), 'p': 3, 'weights': 'distance'}",0.3666951656341553
Chinese_wine,7,2,6,3,RandomForest,Time_Warping,6,"{'sigma': 0.3, 'knot': 6}",0.6062222222222222,0.6003884007466217,"{'bootstrap': True, 'ccp_alpha': 0.0, 'class_weight': None, 'criterion': 'gini', 'max_depth': 20, 'max_features': 'sqrt', 'max_leaf_nodes': None, 'max_samples': None, 'min_impurity_decrease': 0.0, 'min_samples_leaf': 1, 'min_samples_split': 2, 'min_weight_fraction_leaf': 0.0, 'monotonic_cst': None, 'n_estimators': 100, 'n_jobs': None, 'oob_score': False, 'random_state': 42, 'verbose': 0, 'warm_start': False}",1.2651944160461426
Chinese_wine,7,2,6,3,LinearSVC,Time_Warping,6,"{'sigma': 0.3, 'knot': 6}",0.42,0.37405247768795685,"{'C': np.float64(0.2069138081114788), 'class_weight': None, 'dual': False, 'fit_intercept': True, 'intercept_scaling': 1, 'loss': 'squared_hinge', 'max_iter': 100, 'multi_class': 'ovr', 'penalty': 'l2', 'random_state': 42, 'tol': 0.001, 'verbose': 0}",0.024573326110839844
Chinese_wine,7,2,6,3,LogisticRegression,Time_Warping,6,"{'sigma': 0.3, 'knot': 6}",0.3888888888888889,0.38199646080065264,"{'C': np.float64(33.59818286283781), 'class_weight': 'balanced', 'dual': False, 'fit_intercept': True, 'intercept_scaling': 1, 'l1_ratio': None, 'max_iter': 100, 'multi_class': 'deprecated', 'n_jobs': None, 'penalty': 'l1', 'random_state': 42, 'solver': 'saga', 'tol': 0.0001, 'verbose': 0, 'warm_start': False}",0.36623191833496094
Chinese_wine,7,2,6,3,KNN,Time_Warping,7,"{'sigma': 0.05, 'knot': 6}",0.6511111111111111,0.6403941225275499,"{'algorithm': 'auto', 'leaf_size': 30, 'metric': 'euclidean', 'metric_params': None, 'n_jobs': None, 'n_neighbors': np.int64(9), 'p': 2, 'weights': 'distance'}",0.08901429176330566
Chinese_wine,7,2,6,3,RandomForest,Time_Warping,7,"{'sigma': 0.05, 'knot': 6}",0.5615555555555556,0.553839467532316,"{'bootstrap': True, 'ccp_alpha': 0.0, 'class_weight': 'balanced', 'criterion': 'gini', 'max_depth': 10, 'max_features': 'sqrt', 'max_leaf_nodes': None, 'max_samples': None, 'min_impurity_decrease': 0.0, 'min_samples_leaf': 1, 'min_samples_split': 2, 'min_weight_fraction_leaf': 0.0, 'monotonic_cst': None, 'n_estimators': 100, 'n_jobs': None, 'oob_score': False, 'random_state': 42, 'verbose': 0, 'warm_start': False}",1.016465187072754
Chinese_wine,7,2,6,3,LinearSVC,Time_Warping,7,"{'sigma': 0.05, 'knot': 6}",0.5316666666666666,0.5090041597299666,"{'C': np.float64(1000.0), 'class_weight': 'balanced', 'dual': False, 'fit_intercept': True, 'intercept_scaling': 1, 'loss': 'squared_hinge', 'max_iter': 100, 'multi_class': 'ovr', 'penalty': 'l2', 'random_state': 42, 'tol': 0.001, 'verbose': 0}",0.02909111976623535
Chinese_wine,7,2,6,3,LogisticRegression,Time_Warping,7,"{'sigma': 0.05, 'knot': 6}",0.5741111111111111,0.5709571103315526,"{'C': np.float64(1000.0), 'class_weight': 'balanced', 'dual': False, 'fit_intercept': True, 'intercept_scaling': 1, 'l1_ratio': None, 'max_iter': 100, 'multi_class': 'deprecated', 'n_jobs': None, 'penalty': 'l2', 'random_state': 42, 'solver': 'sag', 'tol': 0.0001, 'verbose': 0, 'warm_start': False}",0.0872657299041748
Chinese_wine,7,2,6,3,KNN,Time_Warping,8,"{'sigma': 0.3, 'knot': 6}",0.6226666666666667,0.6108270875936794,"{'algorithm': 'auto', 'leaf_size': 30, 'metric': 'minkowski', 'metric_params': None, 'n_jobs': None, 'n_neighbors': np.int64(15), 'p': 4, 'weights': 'distance'}",0.5500180721282959
Chinese_wine,7,2,6,3,RandomForest,Time_Warping,8,"{'sigma': 0.3, 'knot': 6}",0.5846666666666667,0.5793385771656802,"{'bootstrap': True, 'ccp_alpha': 0.0, 'class_weight': 'balanced', 'criterion': 'gini', 'max_depth': 30, 'max_features': 'sqrt', 'max_leaf_nodes': None, 'max_samples': None, 'min_impurity_decrease': 0.0, 'min_samples_leaf': 1, 'min_samples_split': 2, 'min_weight_fraction_leaf': 0.0, 'monotonic_cst': None, 'n_estimators': 150, 'n_jobs': None, 'oob_score': False, 'random_state': 42, 'verbose': 0, 'warm_start': False}",2.0995538234710693
Chinese_wine,7,2,6,3,LinearSVC,Time_Warping,8,"{'sigma': 0.3, 'knot': 6}",0.36766666666666664,0.32755210986934163,"{'C': np.float64(33.59818286283781), 'class_weight': 'balanced', 'dual': False, 'fit_intercept': True, 'intercept_scaling': 1, 'loss': 'squared_hinge', 'max_iter': 100, 'multi_class': 'ovr', 'penalty': 'l1', 'random_state': 42, 'tol': 0.001, 'verbose': 0}",0.03912639617919922
Chinese_wine,7,2,6,3,LogisticRegression,Time_Warping,8,"{'sigma': 0.3, 'knot': 6}",0.4028888888888889,0.39401963351053165,"{'C': np.float64(33.59818286283781), 'class_weight': 'balanced', 'dual': False, 'fit_intercept': True, 'intercept_scaling': 1, 'l1_ratio': None, 'max_iter': 100, 'multi_class': 'deprecated', 'n_jobs': None, 'penalty': 'l2', 'random_state': 42, 'solver': 'saga', 'tol': 0.0001, 'verbose': 0, 'warm_start': False}",0.0498051643371582
Chinese_wine,7,2,6,3,KNN,Time_Warping,9,"{'sigma': 0.1, 'knot': 6}",0.6254444444444445,0.613462578531724,"{'algorithm': 'auto', 'leaf_size': 30, 'metric': 'minkowski', 'metric_params': None, 'n_jobs': None, 'n_neighbors': np.int64(15), 'p': 4, 'weights': 'distance'}",0.520658016204834
Chinese_wine,7,2,6,3,RandomForest,Time_Warping,9,"{'sigma': 0.1, 'knot': 6}",0.5945555555555555,0.5877403071187242,"{'bootstrap': True, 'ccp_alpha': 0.0, 'class_weight': None, 'criterion': 'gini', 'max_depth': 20, 'max_features': 'sqrt', 'max_leaf_nodes': None, 'max_samples': None, 'min_impurity_decrease': 0.0, 'min_samples_leaf': 1, 'min_samples_split': 2, 'min_weight_fraction_leaf': 0.0, 'monotonic_cst': None, 'n_estimators': 100, 'n_jobs': None, 'oob_score': False, 'random_state': 42, 'verbose': 0, 'warm_start': False}",1.216369390487671
Chinese_wine,7,2,6,3,LinearSVC,Time_Warping,9,"{'sigma': 0.1, 'knot': 6}",0.4683333333333333,0.42194168788000413,"{'C': np.float64(6.1584821106602545), 'class_weight': None, 'dual': False, 'fit_intercept': True, 'intercept_scaling': 1, 'loss': 'squared_hinge', 'max_iter': 100, 'multi_class': 'ovr', 'penalty': 'l2', 'random_state': 42, 'tol': 0.0001, 'verbose': 0}",0.028571128845214844
Chinese_wine,7,2,6,3,LogisticRegression,Time_Warping,9,"{'sigma': 0.1, 'knot': 6}",0.49922222222222223,0.4877511631058972,"{'C': np.float64(33.59818286283781), 'class_weight': 'balanced', 'dual': False, 'fit_intercept': True, 'intercept_scaling': 1, 'l1_ratio': None, 'max_iter': 100, 'multi_class': 'deprecated', 'n_jobs': None, 'penalty': 'l2', 'random_state': 42, 'solver': 'saga', 'tol': 0.0001, 'verbose': 0, 'warm_start': False}",0.04149270057678223
Chinese_wine,7,2,6,3,KNN,Time_Warping,10,"{'sigma': 0.1, 'knot': 8}",0.6287777777777778,0.6182300302934697,"{'algorithm': 'auto', 'leaf_size': 30, 'metric': 'minkowski', 'metric_params': None, 'n_jobs': None, 'n_neighbors': np.int64(11), 'p': 4, 'weights': 'distance'}",0.5503838062286377
Chinese_wine,7,2,6,3,RandomForest,Time_Warping,10,"{'sigma': 0.1, 'knot': 8}",0.6023333333333334,0.5942822922048794,"{'bootstrap': True, 'ccp_alpha': 0.0, 'class_weight': None, 'criterion': 'gini', 'max_depth': 20, 'max_features': 'sqrt', 'max_leaf_nodes': None, 'max_samples': None, 'min_impurity_decrease': 0.0, 'min_samples_leaf': 1, 'min_samples_split': 5, 'min_weight_fraction_leaf': 0.0, 'monotonic_cst': None, 'n_estimators': 50, 'n_jobs': None, 'oob_score': False, 'random_state': 42, 'verbose': 0, 'warm_start': False}",0.6353805065155029
Chinese_wine,7,2,6,3,LinearSVC,Time_Warping,10,"{'sigma': 0.1, 'knot': 8}",0.49366666666666664,0.4615257761160234,"{'C': np.float64(33.59818286283781), 'class_weight': None, 'dual': False, 'fit_intercept': True, 'intercept_scaling': 1, 'loss': 'squared_hinge', 'max_iter': 100, 'multi_class': 'ovr', 'penalty': 'l1', 'random_state': 42, 'tol': 0.001, 'verbose': 0}",0.08587384223937988
Chinese_wine,7,2,6,3,LogisticRegression,Time_Warping,10,"{'sigma': 0.1, 'knot': 8}",0.5438888888888889,0.5356547551069779,"{'C': np.float64(1000.0), 'class_weight': 'balanced', 'dual': False, 'fit_intercept': True, 'intercept_scaling': 1, 'l1_ratio': None, 'max_iter': 100, 'multi_class': 'deprecated', 'n_jobs': None, 'penalty': 'l2', 'random_state': 42, 'solver': 'sag', 'tol': 0.0001, 'verbose': 0, 'warm_start': False}",0.0584864616394043
Chinese_wine,7,2,6,5,KNN,Time_Warping,1,"{'sigma': 0.2, 'knot': 4}",0.6525555555555556,0.6416131866711962,"{'algorithm': 'auto', 'leaf_size': 30, 'metric': 'manhattan', 'metric_params': None, 'n_jobs': None, 'n_neighbors': np.int64(5), 'p': 2, 'weights': 'distance'}",0.1541154384613037
Chinese_wine,7,2,6,5,RandomForest,Time_Warping,1,"{'sigma': 0.2, 'knot': 4}",0.5844444444444444,0.5786035015552136,"{'bootstrap': True, 'ccp_alpha': 0.0, 'class_weight': 'balanced', 'criterion': 'gini', 'max_depth': 30, 'max_features': 'sqrt', 'max_leaf_nodes': None, 'max_samples': None, 'min_impurity_decrease': 0.0, 'min_samples_leaf': 1, 'min_samples_split': 2, 'min_weight_fraction_leaf': 0.0, 'monotonic_cst': None, 'n_estimators': 150, 'n_jobs': None, 'oob_score': False, 'random_state': 42, 'verbose': 0, 'warm_start': False}",3.631546974182129
Chinese_wine,7,2,6,5,LinearSVC,Time_Warping,1,"{'sigma': 0.2, 'knot': 4}",0.43655555555555553,0.38613850347090517,"{'C': np.float64(183.29807108324337), 'class_weight': 'balanced', 'dual': False, 'fit_intercept': True, 'intercept_scaling': 1, 'loss': 'squared_hinge', 'max_iter': 100, 'multi_class': 'ovr', 'penalty': 'l1', 'random_state': 42, 'tol': 0.0001, 'verbose': 0}",0.07597994804382324
Chinese_wine,7,2,6,5,LogisticRegression,Time_Warping,1,"{'sigma': 0.2, 'knot': 4}",0.45455555555555555,0.45352372309506334,"{'C': np.float64(2.6366508987303554), 'class_weight': 'balanced', 'dual': False, 'fit_intercept': True, 'intercept_scaling': 1, 'l1_ratio': None, 'max_iter': 100, 'multi_class': 'deprecated', 'n_jobs': None, 'penalty': 'l1', 'random_state': 42, 'solver': 'saga', 'tol': 0.0001, 'verbose': 0, 'warm_start': False}",0.3458518981933594
Chinese_wine,7,2,6,5,KNN,Time_Warping,2,"{'sigma': 0.2, 'knot': 3}",0.6428888888888888,0.6303780036274993,"{'algorithm': 'auto', 'leaf_size': 30, 'metric': 'minkowski', 'metric_params': None, 'n_jobs': None, 'n_neighbors': np.int64(5), 'p': 3, 'weights': 'distance'}",0.4328348636627197
Chinese_wine,7,2,6,5,RandomForest,Time_Warping,2,"{'sigma': 0.2, 'knot': 3}",0.5742222222222222,0.5657117690314772,"{'bootstrap': True, 'ccp_alpha': 0.0, 'class_weight': 'balanced', 'criterion': 'gini', 'max_depth': None, 'max_features': 'sqrt', 'max_leaf_nodes': None, 'max_samples': None, 'min_impurity_decrease': 0.0, 'min_samples_leaf': 1, 'min_samples_split': 2, 'min_weight_fraction_leaf': 0.0, 'monotonic_cst': None, 'n_estimators': 50, 'n_jobs': None, 'oob_score': False, 'random_state': 42, 'verbose': 0, 'warm_start': False}",1.1067521572113037
Chinese_wine,7,2,6,5,LinearSVC,Time_Warping,2,"{'sigma': 0.2, 'knot': 3}",0.34255555555555556,0.2712280596732052,"{'C': np.float64(0.2069138081114788), 'class_weight': 'balanced', 'dual': False, 'fit_intercept': True, 'intercept_scaling': 1, 'loss': 'squared_hinge', 'max_iter': 100, 'multi_class': 'ovr', 'penalty': 'l2', 'random_state': 42, 'tol': 0.0001, 'verbose': 0}",0.044129371643066406
Chinese_wine,7,2,6,5,LogisticRegression,Time_Warping,2,"{'sigma': 0.2, 'knot': 3}",0.335,0.3270073298583478,"{'C': np.float64(2.6366508987303554), 'class_weight': 'balanced', 'dual': False, 'fit_intercept': True, 'intercept_scaling': 1, 'l1_ratio': None, 'max_iter': 100, 'multi_class': 'deprecated', 'n_jobs': None, 'penalty': 'l1', 'random_state': 42, 'solver': 'saga', 'tol': 0.0001, 'verbose': 0, 'warm_start': False}",0.19727039337158203
Chinese_wine,7,2,6,5,KNN,Time_Warping,3,"{'sigma': 0.5, 'knot': 4}",0.6536666666666666,0.6414986003212056,"{'algorithm': 'auto', 'leaf_size': 30, 'metric': 'manhattan', 'metric_params': None, 'n_jobs': None, 'n_neighbors': np.int64(5), 'p': 2, 'weights': 'distance'}",0.14875102043151855
Chinese_wine,7,2,6,5,RandomForest,Time_Warping,3,"{'sigma': 0.5, 'knot': 4}",0.5813333333333334,0.5770253931086367,"{'bootstrap': True, 'ccp_alpha': 0.0, 'class_weight': 'balanced', 'criterion': 'gini', 'max_depth': None, 'max_features': 'sqrt', 'max_leaf_nodes': None, 'max_samples': None, 'min_impurity_decrease': 0.0, 'min_samples_leaf': 1, 'min_samples_split': 2, 'min_weight_fraction_leaf': 0.0, 'monotonic_cst': None, 'n_estimators': 50, 'n_jobs': None, 'oob_score': False, 'random_state': 42, 'verbose': 0, 'warm_start': False}",1.459646224975586
Chinese_wine,7,2,6,5,LinearSVC,Time_Warping,3,"{'sigma': 0.5, 'knot': 4}",0.278,0.23073064722602224,"{'C': np.float64(2.6366508987303554), 'class_weight': 'balanced', 'dual': False, 'fit_intercept': True, 'intercept_scaling': 1, 'loss': 'squared_hinge', 'max_iter': 100, 'multi_class': 'ovr', 'penalty': 'l1', 'random_state': 42, 'tol': 0.0001, 'verbose': 0}",0.05785942077636719
Chinese_wine,7,2,6,5,LogisticRegression,Time_Warping,3,"{'sigma': 0.5, 'knot': 4}",0.3008888888888889,0.29835449367722217,"{'C': np.float64(1000.0), 'class_weight': 'balanced', 'dual': False, 'fit_intercept': True, 'intercept_scaling': 1, 'l1_ratio': None, 'max_iter': 100, 'multi_class': 'deprecated', 'n_jobs': None, 'penalty': 'l2', 'random_state': 42, 'solver': 'sag', 'tol': 0.0001, 'verbose': 0, 'warm_start': False}",0.11096453666687012
Chinese_wine,7,2,6,5,KNN,Time_Warping,4,"{'sigma': 0.05, 'knot': 8}",0.6373333333333333,0.6252576237168668,"{'algorithm': 'auto', 'leaf_size': 30, 'metric': 'minkowski', 'metric_params': None, 'n_jobs': None, 'n_neighbors': np.int64(11), 'p': 4, 'weights': 'distance'}",0.4442782402038574
Chinese_wine,7,2,6,5,RandomForest,Time_Warping,4,"{'sigma': 0.05, 'knot': 8}",0.5838888888888889,0.5789017758880209,"{'bootstrap': True, 'ccp_alpha': 0.0, 'class_weight': 'balanced', 'criterion': 'gini', 'max_depth': None, 'max_features': 'sqrt', 'max_leaf_nodes': None, 'max_samples': None, 'min_impurity_decrease': 0.0, 'min_samples_leaf': 2, 'min_samples_split': 2, 'min_weight_fraction_leaf': 0.0, 'monotonic_cst': None, 'n_estimators': 150, 'n_jobs': None, 'oob_score': False, 'random_state': 42, 'verbose': 0, 'warm_start': False}",3.413017749786377
Chinese_wine,7,2,6,5,LinearSVC,Time_Warping,4,"{'sigma': 0.05, 'knot': 8}",0.5027777777777778,0.4685303111824446,"{'C': np.float64(183.29807108324337), 'class_weight': 'balanced', 'dual': False, 'fit_intercept': True, 'intercept_scaling': 1, 'loss': 'squared_hinge', 'max_iter': 100, 'multi_class': 'ovr', 'penalty': 'l1', 'random_state': 42, 'tol': 0.0001, 'verbose': 0}",0.19961810111999512
Chinese_wine,7,2,6,5,LogisticRegression,Time_Warping,4,"{'sigma': 0.05, 'knot': 8}",0.5625555555555556,0.56052588024101,"{'C': np.float64(1000.0), 'class_weight': 'balanced', 'dual': False, 'fit_intercept': True, 'intercept_scaling': 1, 'l1_ratio': None, 'max_iter': 100, 'multi_class': 'deprecated', 'n_jobs': None, 'penalty': 'l2', 'random_state': 42, 'solver': 'sag', 'tol': 0.0001, 'verbose': 0, 'warm_start': False}",0.1481943130493164
Chinese_wine,7,2,6,5,KNN,Time_Warping,5,"{'sigma': 0.1, 'knot': 4}",0.6418888888888888,0.6288312716080398,"{'algorithm': 'auto', 'leaf_size': 30, 'metric': 'minkowski', 'metric_params': None, 'n_jobs': None, 'n_neighbors': np.int64(11), 'p': 4, 'weights': 'distance'}",0.530022144317627
Chinese_wine,7,2,6,5,RandomForest,Time_Warping,5,"{'sigma': 0.1, 'knot': 4}",0.5936666666666667,0.584907614864397,"{'bootstrap': True, 'ccp_alpha': 0.0, 'class_weight': 'balanced', 'criterion': 'gini', 'max_depth': None, 'max_features': 'sqrt', 'max_leaf_nodes': None, 'max_samples': None, 'min_impurity_decrease': 0.0, 'min_samples_leaf': 2, 'min_samples_split': 2, 'min_weight_fraction_leaf': 0.0, 'monotonic_cst': None, 'n_estimators': 150, 'n_jobs': None, 'oob_score': False, 'random_state': 42, 'verbose': 0, 'warm_start': False}",3.2797915935516357
Chinese_wine,7,2,6,5,LinearSVC,Time_Warping,5,"{'sigma': 0.1, 'knot': 4}",0.5093333333333333,0.47445033131113024,"{'C': np.float64(2.6366508987303554), 'class_weight': 'balanced', 'dual': False, 'fit_intercept': True, 'intercept_scaling': 1, 'loss': 'squared_hinge', 'max_iter': 100, 'multi_class': 'ovr', 'penalty': 'l1', 'random_state': 42, 'tol': 0.0001, 'verbose': 0}",0.1404428482055664
Chinese_wine,7,2,6,5,LogisticRegression,Time_Warping,5,"{'sigma': 0.1, 'knot': 4}",0.5136666666666667,0.5103987034835284,"{'C': np.float64(183.29807108324337), 'class_weight': None, 'dual': False, 'fit_intercept': True, 'intercept_scaling': 1, 'l1_ratio': None, 'max_iter': 100, 'multi_class': 'deprecated', 'n_jobs': None, 'penalty': 'l2', 'random_state': 42, 'solver': 'saga', 'tol': 0.0001, 'verbose': 0, 'warm_start': False}",0.06662917137145996
Chinese_wine,7,2,6,5,KNN,Time_Warping,6,"{'sigma': 0.3, 'knot': 6}",0.6325555555555555,0.6217927698507452,"{'algorithm': 'auto', 'leaf_size': 30, 'metric': 'minkowski', 'metric_params': None, 'n_jobs': None, 'n_neighbors': np.int64(11), 'p': 4, 'weights': 'distance'}",0.5460660457611084
Chinese_wine,7,2,6,5,RandomForest,Time_Warping,6,"{'sigma': 0.3, 'knot': 6}",0.5865555555555556,0.5816134744182049,"{'bootstrap': True, 'ccp_alpha': 0.0, 'class_weight': 'balanced', 'criterion': 'gini', 'max_depth': 30, 'max_features': 'sqrt', 'max_leaf_nodes': None, 'max_samples': None, 'min_impurity_decrease': 0.0, 'min_samples_leaf': 1, 'min_samples_split': 2, 'min_weight_fraction_leaf': 0.0, 'monotonic_cst': None, 'n_estimators': 150, 'n_jobs': None, 'oob_score': False, 'random_state': 42, 'verbose': 0, 'warm_start': False}",3.3030283451080322
Chinese_wine,7,2,6,5,LinearSVC,Time_Warping,6,"{'sigma': 0.3, 'knot': 6}",0.37077777777777776,0.33925485004919304,"{'C': np.float64(33.59818286283781), 'class_weight': 'balanced', 'dual': False, 'fit_intercept': True, 'intercept_scaling': 1, 'loss': 'squared_hinge', 'max_iter': 100, 'multi_class': 'ovr', 'penalty': 'l1', 'random_state': 42, 'tol': 0.001, 'verbose': 0}",0.05577802658081055
Chinese_wine,7,2,6,5,LogisticRegression,Time_Warping,6,"{'sigma': 0.3, 'knot': 6}",0.3685555555555556,0.36865563234406684,"{'C': np.float64(33.59818286283781), 'class_weight': None, 'dual': False, 'fit_intercept': True, 'intercept_scaling': 1, 'l1_ratio': None, 'max_iter': 100, 'multi_class': 'deprecated', 'n_jobs': None, 'penalty': 'l2', 'random_state': 42, 'solver': 'saga', 'tol': 0.0001, 'verbose': 0, 'warm_start': False}",0.07625222206115723
Chinese_wine,7,2,6,5,KNN,Time_Warping,7,"{'sigma': 0.05, 'knot': 6}",0.6358888888888888,0.6245820518520163,"{'algorithm': 'auto', 'leaf_size': 30, 'metric': 'minkowski', 'metric_params': None, 'n_jobs': None, 'n_neighbors': np.int64(11), 'p': 4, 'weights': 'distance'}",0.5186662673950195
Chinese_wine,7,2,6,5,RandomForest,Time_Warping,7,"{'sigma': 0.05, 'knot': 6}",0.6013333333333334,0.5954691329098974,"{'bootstrap': True, 'ccp_alpha': 0.0, 'class_weight': 'balanced', 'criterion': 'gini', 'max_depth': None, 'max_features': 'sqrt', 'max_leaf_nodes': None, 'max_samples': None, 'min_impurity_decrease': 0.0, 'min_samples_leaf': 2, 'min_samples_split': 2, 'min_weight_fraction_leaf': 0.0, 'monotonic_cst': None, 'n_estimators': 150, 'n_jobs': None, 'oob_score': False, 'random_state': 42, 'verbose': 0, 'warm_start': False}",3.2367403507232666
Chinese_wine,7,2,6,5,LinearSVC,Time_Warping,7,"{'sigma': 0.05, 'knot': 6}",0.5396666666666666,0.5141756408500114,"{'C': np.float64(1000.0), 'class_weight': 'balanced', 'dual': False, 'fit_intercept': True, 'intercept_scaling': 1, 'loss': 'squared_hinge', 'max_iter': 100, 'multi_class': 'ovr', 'penalty': 'l2', 'random_state': 42, 'tol': 0.001, 'verbose': 0}",0.05624246597290039
Chinese_wine,7,2,6,5,LogisticRegression,Time_Warping,7,"{'sigma': 0.05, 'knot': 6}",0.5962222222222222,0.5866417138585417,"{'C': np.float64(33.59818286283781), 'class_weight': None, 'dual': False, 'fit_intercept': True, 'intercept_scaling': 1, 'l1_ratio': None, 'max_iter': 100, 'multi_class': 'deprecated', 'n_jobs': None, 'penalty': 'l2', 'random_state': 42, 'solver': 'saga', 'tol': 0.0001, 'verbose': 0, 'warm_start': False}",0.11577653884887695
Chinese_wine,7,2,6,5,KNN,Time_Warping,8,"{'sigma': 0.3, 'knot': 6}",0.627,0.6156437306998732,"{'algorithm': 'auto', 'leaf_size': 30, 'metric': 'chebyshev', 'metric_params': None, 'n_jobs': None, 'n_neighbors': np.int64(11), 'p': 2, 'weights': 'distance'}",0.08028101921081543
Chinese_wine,7,2,6,5,RandomForest,Time_Warping,8,"{'sigma': 0.3, 'knot': 6}",0.5833333333333334,0.5759653250597946,"{'bootstrap': True, 'ccp_alpha': 0.0, 'class_weight': 'balanced', 'criterion': 'gini', 'max_depth': 30, 'max_features': 'sqrt', 'max_leaf_nodes': None, 'max_samples': None, 'min_impurity_decrease': 0.0, 'min_samples_leaf': 1, 'min_samples_split': 2, 'min_weight_fraction_leaf': 0.0, 'monotonic_cst': None, 'n_estimators': 150, 'n_jobs': None, 'oob_score': False, 'random_state': 42, 'verbose': 0, 'warm_start': False}",3.670715570449829
Chinese_wine,7,2,6,5,LinearSVC,Time_Warping,8,"{'sigma': 0.3, 'knot': 6}",0.32355555555555554,0.2429071925773973,"{'C': np.float64(33.59818286283781), 'class_weight': 'balanced', 'dual': False, 'fit_intercept': True, 'intercept_scaling': 1, 'loss': 'squared_hinge', 'max_iter': 100, 'multi_class': 'ovr', 'penalty': 'l1', 'random_state': 42, 'tol': 0.001, 'verbose': 0}",0.05984210968017578
Chinese_wine,7,2,6,5,LogisticRegression,Time_Warping,8,"{'sigma': 0.3, 'knot': 6}",0.3814444444444444,0.372313032107529,"{'C': np.float64(33.59818286283781), 'class_weight': 'balanced', 'dual': False, 'fit_intercept': True, 'intercept_scaling': 1, 'l1_ratio': None, 'max_iter': 100, 'multi_class': 'deprecated', 'n_jobs': None, 'penalty': 'l1', 'random_state': 42, 'solver': 'saga', 'tol': 0.0001, 'verbose': 0, 'warm_start': False}",0.5281074047088623
Chinese_wine,7,2,6,5,KNN,Time_Warping,9,"{'sigma': 0.1, 'knot': 6}",0.6418888888888888,0.6302698156937666,"{'algorithm': 'auto', 'leaf_size': 30, 'metric': 'euclidean', 'metric_params': None, 'n_jobs': None, 'n_neighbors': np.int64(9), 'p': 2, 'weights': 'distance'}",0.11020421981811523
Chinese_wine,7,2,6,5,RandomForest,Time_Warping,9,"{'sigma': 0.1, 'knot': 6}",0.5851111111111111,0.5761534235416387,"{'bootstrap': True, 'ccp_alpha': 0.0, 'class_weight': 'balanced', 'criterion': 'gini', 'max_depth': None, 'max_features': 'sqrt', 'max_leaf_nodes': None, 'max_samples': None, 'min_impurity_decrease': 0.0, 'min_samples_leaf': 2, 'min_samples_split': 2, 'min_weight_fraction_leaf': 0.0, 'monotonic_cst': None, 'n_estimators': 150, 'n_jobs': None, 'oob_score': False, 'random_state': 42, 'verbose': 0, 'warm_start': False}",3.5449697971343994
Chinese_wine,7,2,6,5,LinearSVC,Time_Warping,9,"{'sigma': 0.1, 'knot': 6}",0.4797777777777778,0.439330596111196,"{'C': np.float64(2.6366508987303554), 'class_weight': 'balanced', 'dual': False, 'fit_intercept': True, 'intercept_scaling': 1, 'loss': 'squared_hinge', 'max_iter': 100, 'multi_class': 'ovr', 'penalty': 'l1', 'random_state': 42, 'tol': 0.0001, 'verbose': 0}",0.1363673210144043
Chinese_wine,7,2,6,5,LogisticRegression,Time_Warping,9,"{'sigma': 0.1, 'knot': 6}",0.5322222222222223,0.5294607688002569,"{'C': np.float64(183.29807108324337), 'class_weight': 'balanced', 'dual': False, 'fit_intercept': True, 'intercept_scaling': 1, 'l1_ratio': None, 'max_iter': 100, 'multi_class': 'deprecated', 'n_jobs': None, 'penalty': 'l1', 'random_state': 42, 'solver': 'saga', 'tol': 0.0001, 'verbose': 0, 'warm_start': False}",0.1013951301574707
Chinese_wine,7,2,6,5,KNN,Time_Warping,10,"{'sigma': 0.1, 'knot': 8}",0.6415555555555555,0.6314117620063058,"{'algorithm': 'auto', 'leaf_size': 30, 'metric': 'minkowski', 'metric_params': None, 'n_jobs': None, 'n_neighbors': np.int64(11), 'p': 4, 'weights': 'distance'}",0.5248911380767822
Chinese_wine,7,2,6,5,RandomForest,Time_Warping,10,"{'sigma': 0.1, 'knot': 8}",0.6015555555555555,0.5916268028446184,"{'bootstrap': True, 'ccp_alpha': 0.0, 'class_weight': 'balanced', 'criterion': 'gini', 'max_depth': None, 'max_features': 'sqrt', 'max_leaf_nodes': None, 'max_samples': None, 'min_impurity_decrease': 0.0, 'min_samples_leaf': 1, 'min_samples_split': 2, 'min_weight_fraction_leaf': 0.0, 'monotonic_cst': None, 'n_estimators': 50, 'n_jobs': None, 'oob_score': False, 'random_state': 42, 'verbose': 0, 'warm_start': False}",1.242309808731079
Chinese_wine,7,2,6,5,LinearSVC,Time_Warping,10,"{'sigma': 0.1, 'knot': 8}",0.5012222222222222,0.4737828987790325,"{'C': np.float64(33.59818286283781), 'class_weight': 'balanced', 'dual': False, 'fit_intercept': True, 'intercept_scaling': 1, 'loss': 'squared_hinge', 'max_iter': 100, 'multi_class': 'ovr', 'penalty': 'l1', 'random_state': 42, 'tol': 0.0001, 'verbose': 0}",0.1514143943786621
Chinese_wine,7,2,6,5,LogisticRegression,Time_Warping,10,"{'sigma': 0.1, 'knot': 8}",0.528,0.531463404722377,"{'C': np.float64(33.59818286283781), 'class_weight': 'balanced', 'dual': False, 'fit_intercept': True, 'intercept_scaling': 1, 'l1_ratio': None, 'max_iter': 100, 'multi_class': 'deprecated', 'n_jobs': None, 'penalty': 'l1', 'random_state': 42, 'solver': 'saga', 'tol': 0.0001, 'verbose': 0, 'warm_start': False}",0.5451264381408691
Chinese_wine,7,2,6,10,KNN,Time_Warping,1,"{'sigma': 0.2, 'knot': 4}",0.6315555555555555,0.6205189575616478,"{'algorithm': 'auto', 'leaf_size': 30, 'metric': 'manhattan', 'metric_params': None, 'n_jobs': None, 'n_neighbors': np.int64(5), 'p': 2, 'weights': 'distance'}",0.24364233016967773
Chinese_wine,7,2,6,10,RandomForest,Time_Warping,1,"{'sigma': 0.2, 'knot': 4}",0.5555555555555556,0.5487264246781757,"{'bootstrap': True, 'ccp_alpha': 0.0, 'class_weight': 'balanced', 'criterion': 'gini', 'max_depth': 20, 'max_features': 'sqrt', 'max_leaf_nodes': None, 'max_samples': None, 'min_impurity_decrease': 0.0, 'min_samples_leaf': 1, 'min_samples_split': 2, 'min_weight_fraction_leaf': 0.0, 'monotonic_cst': None, 'n_estimators': 50, 'n_jobs': None, 'oob_score': False, 'random_state': 42, 'verbose': 0, 'warm_start': False}",2.490194082260132
Chinese_wine,7,2,6,10,LinearSVC,Time_Warping,1,"{'sigma': 0.2, 'knot': 4}",0.42744444444444446,0.38184068867461884,"{'C': np.float64(2.6366508987303554), 'class_weight': 'balanced', 'dual': False, 'fit_intercept': True, 'intercept_scaling': 1, 'loss': 'squared_hinge', 'max_iter': 100, 'multi_class': 'ovr', 'penalty': 'l1', 'random_state': 42, 'tol': 0.0001, 'verbose': 0}",0.13905072212219238
Chinese_wine,7,2,6,10,LogisticRegression,Time_Warping,1,"{'sigma': 0.2, 'knot': 4}",0.41733333333333333,0.420643448322702,"{'C': np.float64(33.59818286283781), 'class_weight': 'balanced', 'dual': False, 'fit_intercept': True, 'intercept_scaling': 1, 'l1_ratio': None, 'max_iter': 100, 'multi_class': 'deprecated', 'n_jobs': None, 'penalty': 'l2', 'random_state': 42, 'solver': 'saga', 'tol': 0.0001, 'verbose': 0, 'warm_start': False}",0.18853378295898438
Chinese_wine,7,2,6,10,KNN,Time_Warping,2,"{'sigma': 0.2, 'knot': 3}",0.6481111111111111,0.6344966636444845,"{'algorithm': 'auto', 'leaf_size': 30, 'metric': 'manhattan', 'metric_params': None, 'n_jobs': None, 'n_neighbors': np.int64(5), 'p': 2, 'weights': 'distance'}",0.2423114776611328
Chinese_wine,7,2,6,10,RandomForest,Time_Warping,2,"{'sigma': 0.2, 'knot': 3}",0.551,0.5466228691026831,"{'bootstrap': True, 'ccp_alpha': 0.0, 'class_weight': None, 'criterion': 'gini', 'max_depth': None, 'max_features': 'sqrt', 'max_leaf_nodes': None, 'max_samples': None, 'min_impurity_decrease': 0.0, 'min_samples_leaf': 4, 'min_samples_split': 2, 'min_weight_fraction_leaf': 0.0, 'monotonic_cst': None, 'n_estimators': 50, 'n_jobs': None, 'oob_score': False, 'random_state': 42, 'verbose': 0, 'warm_start': False}",2.297790288925171
Chinese_wine,7,2,6,10,LinearSVC,Time_Warping,2,"{'sigma': 0.2, 'knot': 3}",0.34044444444444444,0.2732561695444275,"{'C': np.float64(1000.0), 'class_weight': 'balanced', 'dual': False, 'fit_intercept': True, 'intercept_scaling': 1, 'loss': 'squared_hinge', 'max_iter': 100, 'multi_class': 'ovr', 'penalty': 'l2', 'random_state': 42, 'tol': 0.001, 'verbose': 0}",0.07316112518310547
Chinese_wine,7,2,6,10,LogisticRegression,Time_Warping,2,"{'sigma': 0.2, 'knot': 3}",0.3408888888888889,0.3388042935808218,"{'C': np.float64(33.59818286283781), 'class_weight': 'balanced', 'dual': False, 'fit_intercept': True, 'intercept_scaling': 1, 'l1_ratio': None, 'max_iter': 100, 'multi_class': 'deprecated', 'n_jobs': None, 'penalty': 'l2', 'random_state': 42, 'solver': 'saga', 'tol': 0.0001, 'verbose': 0, 'warm_start': False}",0.17364788055419922
Chinese_wine,7,2,6,10,KNN,Time_Warping,3,"{'sigma': 0.5, 'knot': 4}",0.6433333333333333,0.632765813530575,"{'algorithm': 'auto', 'leaf_size': 30, 'metric': 'manhattan', 'metric_params': None, 'n_jobs': None, 'n_neighbors': np.int64(5), 'p': 2, 'weights': 'distance'}",0.2005014419555664
Chinese_wine,7,2,6,10,RandomForest,Time_Warping,3,"{'sigma': 0.5, 'knot': 4}",0.5702222222222222,0.5665584105690236,"{'bootstrap': True, 'ccp_alpha': 0.0, 'class_weight': 'balanced', 'criterion': 'gini', 'max_depth': None, 'max_features': 'sqrt', 'max_leaf_nodes': None, 'max_samples': None, 'min_impurity_decrease': 0.0, 'min_samples_leaf': 1, 'min_samples_split': 2, 'min_weight_fraction_leaf': 0.0, 'monotonic_cst': None, 'n_estimators': 50, 'n_jobs': None, 'oob_score': False, 'random_state': 42, 'verbose': 0, 'warm_start': False}",2.5248475074768066
Chinese_wine,7,2,6,10,LinearSVC,Time_Warping,3,"{'sigma': 0.5, 'knot': 4}",0.2697777777777778,0.20676048929046414,"{'C': np.float64(1000.0), 'class_weight': 'balanced', 'dual': False, 'fit_intercept': True, 'intercept_scaling': 1, 'loss': 'squared_hinge', 'max_iter': 100, 'multi_class': 'ovr', 'penalty': 'l2', 'random_state': 42, 'tol': 0.001, 'verbose': 0}",0.07802963256835938
Chinese_wine,7,2,6,10,LogisticRegression,Time_Warping,3,"{'sigma': 0.5, 'knot': 4}",0.25722222222222224,0.226936344517472,"{'C': np.float64(0.08858667904100823), 'class_weight': None, 'dual': False, 'fit_intercept': True, 'intercept_scaling': 1, 'l1_ratio': None, 'max_iter': 100, 'multi_class': 'deprecated', 'n_jobs': None, 'penalty': 'l1', 'random_state': 42, 'solver': 'saga', 'tol': 0.0001, 'verbose': 0, 'warm_start': False}",0.24918293952941895
Chinese_wine,7,2,6,10,KNN,Time_Warping,4,"{'sigma': 0.05, 'knot': 8}",0.648,0.6343188382700521,"{'algorithm': 'auto', 'leaf_size': 30, 'metric': 'manhattan', 'metric_params': None, 'n_jobs': None, 'n_neighbors': np.int64(5), 'p': 2, 'weights': 'distance'}",0.2186133861541748
Chinese_wine,7,2,6,10,RandomForest,Time_Warping,4,"{'sigma': 0.05, 'knot': 8}",0.5805555555555556,0.5717502515416664,"{'bootstrap': True, 'ccp_alpha': 0.0, 'class_weight': 'balanced', 'criterion': 'gini', 'max_depth': 30, 'max_features': 'sqrt', 'max_leaf_nodes': None, 'max_samples': None, 'min_impurity_decrease': 0.0, 'min_samples_leaf': 2, 'min_samples_split': 5, 'min_weight_fraction_leaf': 0.0, 'monotonic_cst': None, 'n_estimators': 50, 'n_jobs': None, 'oob_score': False, 'random_state': 42, 'verbose': 0, 'warm_start': False}",2.3595666885375977
Chinese_wine,7,2,6,10,LinearSVC,Time_Warping,4,"{'sigma': 0.05, 'knot': 8}",0.5235555555555556,0.4956263397238283,"{'C': np.float64(2.6366508987303554), 'class_weight': 'balanced', 'dual': False, 'fit_intercept': True, 'intercept_scaling': 1, 'loss': 'squared_hinge', 'max_iter': 100, 'multi_class': 'ovr', 'penalty': 'l1', 'random_state': 42, 'tol': 0.0001, 'verbose': 0}",0.4377007484436035
Chinese_wine,7,2,6,10,LogisticRegression,Time_Warping,4,"{'sigma': 0.05, 'knot': 8}",0.5697777777777778,0.5673596735367424,"{'C': np.float64(33.59818286283781), 'class_weight': 'balanced', 'dual': False, 'fit_intercept': True, 'intercept_scaling': 1, 'l1_ratio': None, 'max_iter': 100, 'multi_class': 'deprecated', 'n_jobs': None, 'penalty': 'l2', 'random_state': 42, 'solver': 'saga', 'tol': 0.0001, 'verbose': 0, 'warm_start': False}",0.30748510360717773
Chinese_wine,7,2,6,10,KNN,Time_Warping,5,"{'sigma': 0.1, 'knot': 4}",0.6434444444444445,0.6329064681684766,"{'algorithm': 'auto', 'leaf_size': 30, 'metric': 'minkowski', 'metric_params': None, 'n_jobs': None, 'n_neighbors': np.int64(5), 'p': 3, 'weights': 'distance'}",0.6574153900146484
Chinese_wine,7,2,6,10,RandomForest,Time_Warping,5,"{'sigma': 0.1, 'knot': 4}",0.5568888888888889,0.5495459906861946,"{'bootstrap': True, 'ccp_alpha': 0.0, 'class_weight': 'balanced', 'criterion': 'gini', 'max_depth': None, 'max_features': 'sqrt', 'max_leaf_nodes': None, 'max_samples': None, 'min_impurity_decrease': 0.0, 'min_samples_leaf': 1, 'min_samples_split': 2, 'min_weight_fraction_leaf': 0.0, 'monotonic_cst': None, 'n_estimators': 50, 'n_jobs': None, 'oob_score': False, 'random_state': 42, 'verbose': 0, 'warm_start': False}",2.2179524898529053
Chinese_wine,7,2,6,10,LinearSVC,Time_Warping,5,"{'sigma': 0.1, 'knot': 4}",0.4802222222222222,0.4375370356665089,"{'C': np.float64(2.6366508987303554), 'class_weight': 'balanced', 'dual': False, 'fit_intercept': True, 'intercept_scaling': 1, 'loss': 'squared_hinge', 'max_iter': 100, 'multi_class': 'ovr', 'penalty': 'l1', 'random_state': 42, 'tol': 0.0001, 'verbose': 0}",0.2287435531616211
Chinese_wine,7,2,6,10,LogisticRegression,Time_Warping,5,"{'sigma': 0.1, 'knot': 4}",0.5013333333333333,0.4965749256174113,"{'C': np.float64(33.59818286283781), 'class_weight': 'balanced', 'dual': False, 'fit_intercept': True, 'intercept_scaling': 1, 'l1_ratio': None, 'max_iter': 100, 'multi_class': 'deprecated', 'n_jobs': None, 'penalty': 'l2', 'random_state': 42, 'solver': 'saga', 'tol': 0.0001, 'verbose': 0, 'warm_start': False}",0.17181777954101562
Chinese_wine,7,2,6,10,KNN,Time_Warping,6,"{'sigma': 0.3, 'knot': 6}",0.6432222222222223,0.6323307409645937,"{'algorithm': 'auto', 'leaf_size': 30, 'metric': 'manhattan', 'metric_params': None, 'n_jobs': None, 'n_neighbors': np.int64(5), 'p': 2, 'weights': 'distance'}",0.23242759704589844
Chinese_wine,7,2,6,10,RandomForest,Time_Warping,6,"{'sigma': 0.3, 'knot': 6}",0.5615555555555556,0.5607897131393682,"{'bootstrap': True, 'ccp_alpha': 0.0, 'class_weight': 'balanced', 'criterion': 'gini', 'max_depth': None, 'max_features': 'sqrt', 'max_leaf_nodes': None, 'max_samples': None, 'min_impurity_decrease': 0.0, 'min_samples_leaf': 1, 'min_samples_split': 2, 'min_weight_fraction_leaf': 0.0, 'monotonic_cst': None, 'n_estimators': 50, 'n_jobs': None, 'oob_score': False, 'random_state': 42, 'verbose': 0, 'warm_start': False}",2.3824100494384766
Chinese_wine,7,2,6,10,LinearSVC,Time_Warping,6,"{'sigma': 0.3, 'knot': 6}",0.38266666666666665,0.3318983710112501,"{'C': np.float64(33.59818286283781), 'class_weight': 'balanced', 'dual': False, 'fit_intercept': True, 'intercept_scaling': 1, 'loss': 'squared_hinge', 'max_iter': 100, 'multi_class': 'ovr', 'penalty': 'l1', 'random_state': 42, 'tol': 0.001, 'verbose': 0}",0.10660600662231445
Chinese_wine,7,2,6,10,LogisticRegression,Time_Warping,6,"{'sigma': 0.3, 'knot': 6}",0.3701111111111111,0.37057703938570635,"{'C': np.float64(33.59818286283781), 'class_weight': 'balanced', 'dual': False, 'fit_intercept': True, 'intercept_scaling': 1, 'l1_ratio': None, 'max_iter': 100, 'multi_class': 'deprecated', 'n_jobs': None, 'penalty': 'l1', 'random_state': 42, 'solver': 'saga', 'tol': 0.0001, 'verbose': 0, 'warm_start': False}",1.3833954334259033
Chinese_wine,7,2,6,10,KNN,Time_Warping,7,"{'sigma': 0.05, 'knot': 6}",0.6368888888888888,0.6254632938042993,"{'algorithm': 'auto', 'leaf_size': 30, 'metric': 'minkowski', 'metric_params': None, 'n_jobs': None, 'n_neighbors': np.int64(11), 'p': 4, 'weights': 'distance'}",0.6496572494506836
Chinese_wine,7,2,6,10,RandomForest,Time_Warping,7,"{'sigma': 0.05, 'knot': 6}",0.5794444444444444,0.5709043611338586,"{'bootstrap': True, 'ccp_alpha': 0.0, 'class_weight': None, 'criterion': 'gini', 'max_depth': 20, 'max_features': 'sqrt', 'max_leaf_nodes': None, 'max_samples': None, 'min_impurity_decrease': 0.0, 'min_samples_leaf': 1, 'min_samples_split': 2, 'min_weight_fraction_leaf': 0.0, 'monotonic_cst': None, 'n_estimators': 100, 'n_jobs': None, 'oob_score': False, 'random_state': 42, 'verbose': 0, 'warm_start': False}",4.288954973220825
Chinese_wine,7,2,6,10,LinearSVC,Time_Warping,7,"{'sigma': 0.05, 'knot': 6}",0.5297777777777778,0.5038843019410988,"{'C': np.float64(183.29807108324337), 'class_weight': 'balanced', 'dual': False, 'fit_intercept': True, 'intercept_scaling': 1, 'loss': 'squared_hinge', 'max_iter': 100, 'multi_class': 'ovr', 'penalty': 'l1', 'random_state': 42, 'tol': 0.0001, 'verbose': 0}",0.360659122467041
Chinese_wine,7,2,6,10,LogisticRegression,Time_Warping,7,"{'sigma': 0.05, 'knot': 6}",0.5685555555555556,0.5628676186811069,"{'C': np.float64(183.29807108324337), 'class_weight': 'balanced', 'dual': False, 'fit_intercept': True, 'intercept_scaling': 1, 'l1_ratio': None, 'max_iter': 100, 'multi_class': 'deprecated', 'n_jobs': None, 'penalty': 'l1', 'random_state': 42, 'solver': 'saga', 'tol': 0.0001, 'verbose': 0, 'warm_start': False}",0.24977445602416992
Chinese_wine,7,2,6,10,KNN,Time_Warping,8,"{'sigma': 0.3, 'knot': 6}",0.6435555555555555,0.6318806763775577,"{'algorithm': 'auto', 'leaf_size': 30, 'metric': 'manhattan', 'metric_params': None, 'n_jobs': None, 'n_neighbors': np.int64(5), 'p': 2, 'weights': 'distance'}",0.2835850715637207
Chinese_wine,7,2,6,10,RandomForest,Time_Warping,8,"{'sigma': 0.3, 'knot': 6}",0.5552222222222222,0.548915959978141,"{'bootstrap': True, 'ccp_alpha': 0.0, 'class_weight': None, 'criterion': 'gini', 'max_depth': None, 'max_features': 'sqrt', 'max_leaf_nodes': None, 'max_samples': None, 'min_impurity_decrease': 0.0, 'min_samples_leaf': 4, 'min_samples_split': 2, 'min_weight_fraction_leaf': 0.0, 'monotonic_cst': None, 'n_estimators': 50, 'n_jobs': None, 'oob_score': False, 'random_state': 42, 'verbose': 0, 'warm_start': False}",2.3870413303375244
Chinese_wine,7,2,6,10,LinearSVC,Time_Warping,8,"{'sigma': 0.3, 'knot': 6}",0.39211111111111113,0.34165435284996354,"{'C': np.float64(1000.0), 'class_weight': 'balanced', 'dual': False, 'fit_intercept': True, 'intercept_scaling': 1, 'loss': 'squared_hinge', 'max_iter': 100, 'multi_class': 'ovr', 'penalty': 'l2', 'random_state': 42, 'tol': 0.001, 'verbose': 0}",0.07867836952209473
Chinese_wine,7,2,6,10,LogisticRegression,Time_Warping,8,"{'sigma': 0.3, 'knot': 6}",0.38855555555555554,0.38832904307274757,"{'C': np.float64(33.59818286283781), 'class_weight': 'balanced', 'dual': False, 'fit_intercept': True, 'intercept_scaling': 1, 'l1_ratio': None, 'max_iter': 100, 'multi_class': 'deprecated', 'n_jobs': None, 'penalty': 'l2', 'random_state': 42, 'solver': 'saga', 'tol': 0.0001, 'verbose': 0, 'warm_start': False}",0.18544411659240723
Chinese_wine,7,2,6,10,KNN,Time_Warping,9,"{'sigma': 0.1, 'knot': 6}",0.6417777777777778,0.6295741454301595,"{'algorithm': 'auto', 'leaf_size': 30, 'metric': 'manhattan', 'metric_params': None, 'n_jobs': None, 'n_neighbors': np.int64(5), 'p': 2, 'weights': 'distance'}",0.27344417572021484
Chinese_wine,7,2,6,10,RandomForest,Time_Warping,9,"{'sigma': 0.1, 'knot': 6}",0.5677777777777778,0.5637053087242206,"{'bootstrap': True, 'ccp_alpha': 0.0, 'class_weight': 'balanced', 'criterion': 'gini', 'max_depth': None, 'max_features': 'sqrt', 'max_leaf_nodes': None, 'max_samples': None, 'min_impurity_decrease': 0.0, 'min_samples_leaf': 2, 'min_samples_split': 2, 'min_weight_fraction_leaf': 0.0, 'monotonic_cst': None, 'n_estimators': 150, 'n_jobs': None, 'oob_score': False, 'random_state': 42, 'verbose': 0, 'warm_start': False}",7.054807662963867
Chinese_wine,7,2,6,10,LinearSVC,Time_Warping,9,"{'sigma': 0.1, 'knot': 6}",0.48944444444444446,0.4554347761764548,"{'C': np.float64(33.59818286283781), 'class_weight': 'balanced', 'dual': False, 'fit_intercept': True, 'intercept_scaling': 1, 'loss': 'squared_hinge', 'max_iter': 100, 'multi_class': 'ovr', 'penalty': 'l1', 'random_state': 42, 'tol': 0.001, 'verbose': 0}",0.22631049156188965
Chinese_wine,7,2,6,10,LogisticRegression,Time_Warping,9,"{'sigma': 0.1, 'knot': 6}",0.5068888888888889,0.5065335196258414,"{'C': np.float64(33.59818286283781), 'class_weight': 'balanced', 'dual': False, 'fit_intercept': True, 'intercept_scaling': 1, 'l1_ratio': None, 'max_iter': 100, 'multi_class': 'deprecated', 'n_jobs': None, 'penalty': 'l2', 'random_state': 42, 'solver': 'saga', 'tol': 0.0001, 'verbose': 0, 'warm_start': False}",0.15648913383483887
Chinese_wine,7,2,6,10,KNN,Time_Warping,10,"{'sigma': 0.1, 'knot': 8}",0.636,0.6251995486560675,"{'algorithm': 'auto', 'leaf_size': 30, 'metric': 'minkowski', 'metric_params': None, 'n_jobs': None, 'n_neighbors': np.int64(5), 'p': 3, 'weights': 'distance'}",0.7736630439758301
Chinese_wine,7,2,6,10,RandomForest,Time_Warping,10,"{'sigma': 0.1, 'knot': 8}",0.5137777777777778,0.506134708852332,"{'bootstrap': True, 'ccp_alpha': 0.0, 'class_weight': 'balanced', 'criterion': 'gini', 'max_depth': 10, 'max_features': 'sqrt', 'max_leaf_nodes': None, 'max_samples': None, 'min_impurity_decrease': 0.0, 'min_samples_leaf': 1, 'min_samples_split': 5, 'min_weight_fraction_leaf': 0.0, 'monotonic_cst': None, 'n_estimators': 50, 'n_jobs': None, 'oob_score': False, 'random_state': 42, 'verbose': 0, 'warm_start': False}",1.5895817279815674
Chinese_wine,7,2,6,10,LinearSVC,Time_Warping,10,"{'sigma': 0.1, 'knot': 8}",0.5053333333333333,0.47265946926686814,"{'C': np.float64(183.29807108324337), 'class_weight': 'balanced', 'dual': False, 'fit_intercept': True, 'intercept_scaling': 1, 'loss': 'squared_hinge', 'max_iter': 100, 'multi_class': 'ovr', 'penalty': 'l1', 'random_state': 42, 'tol': 0.0001, 'verbose': 0}",0.2848808765411377
Chinese_wine,7,2,6,10,LogisticRegression,Time_Warping,10,"{'sigma': 0.1, 'knot': 8}",0.5286666666666666,0.5258774331683865,"{'C': np.float64(33.59818286283781), 'class_weight': 'balanced', 'dual': False, 'fit_intercept': True, 'intercept_scaling': 1, 'l1_ratio': None, 'max_iter': 100, 'multi_class': 'deprecated', 'n_jobs': None, 'penalty': 'l1', 'random_state': 42, 'solver': 'saga', 'tol': 0.0001, 'verbose': 0, 'warm_start': False}",1.1536414623260498
Chinese_wine,7,2,7,1,KNN,Baseline,N/A,N/A,0.6547777777777778,0.6441521283751312,"{'algorithm': 'auto', 'leaf_size': 30, 'metric': 'minkowski', 'metric_params': None, 'n_jobs': None, 'n_neighbors': 5, 'p': 2, 'weights': 'uniform'}",0.3008613586425781
Chinese_wine,7,2,7,1,KNN,Tuned_Baseline,N/A,N/A,0.6676666666666666,0.6537591608670382,"{'algorithm': 'auto', 'leaf_size': 30, 'metric': 'manhattan', 'metric_params': None, 'n_jobs': None, 'n_neighbors': np.int64(5), 'p': 2, 'weights': 'distance'}",0.05905485153198242
Chinese_wine,7,2,7,1,RandomForest,Baseline,N/A,N/A,0.6247777777777778,0.6236752361077541,"{'bootstrap': True, 'ccp_alpha': 0.0, 'class_weight': None, 'criterion': 'gini', 'max_depth': None, 'max_features': 'sqrt', 'max_leaf_nodes': None, 'max_samples': None, 'min_impurity_decrease': 0.0, 'min_samples_leaf': 1, 'min_samples_split': 2, 'min_weight_fraction_leaf': 0.0, 'monotonic_cst': None, 'n_estimators': 100, 'n_jobs': None, 'oob_score': False, 'random_state': 42, 'verbose': 0, 'warm_start': False}",0.49517083168029785
Chinese_wine,7,2,7,1,RandomForest,Tuned_Baseline,N/A,N/A,0.5975555555555555,0.595238043893937,"{'bootstrap': True, 'ccp_alpha': 0.0, 'class_weight': 'balanced', 'criterion': 'gini', 'max_depth': 20, 'max_features': 'sqrt', 'max_leaf_nodes': None, 'max_samples': None, 'min_impurity_decrease': 0.0, 'min_samples_leaf': 1, 'min_samples_split': 2, 'min_weight_fraction_leaf': 0.0, 'monotonic_cst': None, 'n_estimators': 50, 'n_jobs': None, 'oob_score': False, 'random_state': 42, 'verbose': 0, 'warm_start': False}",0.02691793441772461
Chinese_wine,7,2,7,1,LinearSVC,Baseline,N/A,N/A,0.5962222222222222,0.5955548500684739,"{'C': 1.0, 'class_weight': None, 'dual': False, 'fit_intercept': True, 'intercept_scaling': 1, 'loss': 'squared_hinge', 'max_iter': 100, 'multi_class': 'ovr', 'penalty': 'l2', 'random_state': 42, 'tol': 0.0001, 'verbose': 0}",0.014786958694458008
Chinese_wine,7,2,7,1,LinearSVC,Tuned_Baseline,N/A,N/A,0.5767777777777777,0.5546282493305315,"{'C': np.float64(33.59818286283781), 'class_weight': 'balanced', 'dual': False, 'fit_intercept': True, 'intercept_scaling': 1, 'loss': 'squared_hinge', 'max_iter': 100, 'multi_class': 'ovr', 'penalty': 'l1', 'random_state': 42, 'tol': 0.001, 'verbose': 0}",0.0007507801055908203
Chinese_wine,7,2,7,1,LogisticRegression,Baseline,N/A,N/A,0.6284444444444445,0.6234562675952938,"{'C': 1.0, 'class_weight': None, 'dual': False, 'fit_intercept': True, 'intercept_scaling': 1, 'l1_ratio': None, 'max_iter': 100, 'multi_class': 'deprecated', 'n_jobs': None, 'penalty': 'l2', 'random_state': 42, 'solver': 'lbfgs', 'tol': 0.0001, 'verbose': 0, 'warm_start': False}",0.05345463752746582
Chinese_wine,7,2,7,1,LogisticRegression,Tuned_Baseline,N/A,N/A,0.6291111111111111,0.6277466999492559,"{'C': np.float64(6.1584821106602545), 'class_weight': None, 'dual': False, 'fit_intercept': True, 'intercept_scaling': 1, 'l1_ratio': None, 'max_iter': 100, 'multi_class': 'deprecated', 'n_jobs': None, 'penalty': 'l2', 'random_state': 42, 'solver': 'lbfgs', 'tol': 0.0001, 'verbose': 0, 'warm_start': False}",0.001207590103149414
Chinese_wine,7,2,7,1,RNN,Tuned_Baseline,N/A,N/A,0.1,0.018181818181818184,"{'hidden_size': 64, 'epochs': 10, 'batch_size': 32, 'lr': 0.001}",2.2172927856445312e-05
Chinese_wine,7,2,7,2,KNN,Time_Warping,1,"{'sigma': 0.2, 'knot': 4}",0.6564444444444445,0.644064343667949,"{'algorithm': 'auto', 'leaf_size': 30, 'metric': 'manhattan', 'metric_params': None, 'n_jobs': None, 'n_neighbors': np.int64(5), 'p': 2, 'weights': 'distance'}",0.10859274864196777
Chinese_wine,7,2,7,2,RandomForest,Time_Warping,1,"{'sigma': 0.2, 'knot': 4}",0.6068888888888889,0.6051029863028614,"{'bootstrap': True, 'ccp_alpha': 0.0, 'class_weight': None, 'criterion': 'gini', 'max_depth': None, 'max_features': 'sqrt', 'max_leaf_nodes': None, 'max_samples': None, 'min_impurity_decrease': 0.0, 'min_samples_leaf': 1, 'min_samples_split': 5, 'min_weight_fraction_leaf': 0.0, 'monotonic_cst': None, 'n_estimators': 150, 'n_jobs': None, 'oob_score': False, 'random_state': 42, 'verbose': 0, 'warm_start': False}",1.4489357471466064
Chinese_wine,7,2,7,2,LinearSVC,Time_Warping,1,"{'sigma': 0.2, 'knot': 4}",0.5133333333333333,0.48372331812127556,"{'C': np.float64(6.1584821106602545), 'class_weight': None, 'dual': False, 'fit_intercept': True, 'intercept_scaling': 1, 'loss': 'squared_hinge', 'max_iter': 100, 'multi_class': 'ovr', 'penalty': 'l2', 'random_state': 42, 'tol': 0.0001, 'verbose': 0}",0.022817373275756836
Chinese_wine,7,2,7,2,LogisticRegression,Time_Warping,1,"{'sigma': 0.2, 'knot': 4}",0.5316666666666666,0.5271934113678951,"{'C': np.float64(33.59818286283781), 'class_weight': 'balanced', 'dual': False, 'fit_intercept': True, 'intercept_scaling': 1, 'l1_ratio': None, 'max_iter': 100, 'multi_class': 'deprecated', 'n_jobs': None, 'penalty': 'l2', 'random_state': 42, 'solver': 'saga', 'tol': 0.0001, 'verbose': 0, 'warm_start': False}",0.11293601989746094
Chinese_wine,7,2,7,2,KNN,Time_Warping,2,"{'sigma': 0.2, 'knot': 3}",0.6556666666666666,0.6439799509505064,"{'algorithm': 'auto', 'leaf_size': 30, 'metric': 'minkowski', 'metric_params': None, 'n_jobs': None, 'n_neighbors': np.int64(5), 'p': 3, 'weights': 'distance'}",0.26253604888916016
Chinese_wine,7,2,7,2,RandomForest,Time_Warping,2,"{'sigma': 0.2, 'knot': 3}",0.5993333333333334,0.5933920699896825,"{'bootstrap': True, 'ccp_alpha': 0.0, 'class_weight': 'balanced', 'criterion': 'gini', 'max_depth': None, 'max_features': 'sqrt', 'max_leaf_nodes': None, 'max_samples': None, 'min_impurity_decrease': 0.0, 'min_samples_leaf': 1, 'min_samples_split': 2, 'min_weight_fraction_leaf': 0.0, 'monotonic_cst': None, 'n_estimators': 50, 'n_jobs': None, 'oob_score': False, 'random_state': 42, 'verbose': 0, 'warm_start': False}",0.4762418270111084
Chinese_wine,7,2,7,2,LinearSVC,Time_Warping,2,"{'sigma': 0.2, 'knot': 3}",0.49,0.43881439400471256,"{'C': np.float64(33.59818286283781), 'class_weight': 'balanced', 'dual': False, 'fit_intercept': True, 'intercept_scaling': 1, 'loss': 'squared_hinge', 'max_iter': 100, 'multi_class': 'ovr', 'penalty': 'l1', 'random_state': 42, 'tol': 0.0001, 'verbose': 0}",0.0467066764831543
Chinese_wine,7,2,7,2,LogisticRegression,Time_Warping,2,"{'sigma': 0.2, 'knot': 3}",0.4603333333333333,0.4417591906508603,"{'C': np.float64(183.29807108324337), 'class_weight': 'balanced', 'dual': False, 'fit_intercept': True, 'intercept_scaling': 1, 'l1_ratio': None, 'max_iter': 100, 'multi_class': 'deprecated', 'n_jobs': None, 'penalty': 'l1', 'random_state': 42, 'solver': 'saga', 'tol': 0.0001, 'verbose': 0, 'warm_start': False}",0.04618430137634277
Chinese_wine,7,2,7,2,KNN,Time_Warping,3,"{'sigma': 0.5, 'knot': 4}",0.6562222222222223,0.6452138917947565,"{'algorithm': 'auto', 'leaf_size': 30, 'metric': 'minkowski', 'metric_params': None, 'n_jobs': None, 'n_neighbors': np.int64(5), 'p': 3, 'weights': 'distance'}",0.25270795822143555
Chinese_wine,7,2,7,2,RandomForest,Time_Warping,3,"{'sigma': 0.5, 'knot': 4}",0.6233333333333333,0.6209465311615451,"{'bootstrap': True, 'ccp_alpha': 0.0, 'class_weight': 'balanced', 'criterion': 'gini', 'max_depth': 30, 'max_features': 'sqrt', 'max_leaf_nodes': None, 'max_samples': None, 'min_impurity_decrease': 0.0, 'min_samples_leaf': 1, 'min_samples_split': 5, 'min_weight_fraction_leaf': 0.0, 'monotonic_cst': None, 'n_estimators': 100, 'n_jobs': None, 'oob_score': False, 'random_state': 42, 'verbose': 0, 'warm_start': False}",0.8836057186126709
Chinese_wine,7,2,7,2,LinearSVC,Time_Warping,3,"{'sigma': 0.5, 'knot': 4}",0.331,0.2976427371980706,"{'C': np.float64(33.59818286283781), 'class_weight': 'balanced', 'dual': False, 'fit_intercept': True, 'intercept_scaling': 1, 'loss': 'squared_hinge', 'max_iter': 100, 'multi_class': 'ovr', 'penalty': 'l1', 'random_state': 42, 'tol': 0.001, 'verbose': 0}",0.029160499572753906
Chinese_wine,7,2,7,2,LogisticRegression,Time_Warping,3,"{'sigma': 0.5, 'knot': 4}",0.35588888888888887,0.3570967102303546,"{'C': np.float64(33.59818286283781), 'class_weight': 'balanced', 'dual': False, 'fit_intercept': True, 'intercept_scaling': 1, 'l1_ratio': None, 'max_iter': 100, 'multi_class': 'deprecated', 'n_jobs': None, 'penalty': 'l2', 'random_state': 42, 'solver': 'saga', 'tol': 0.0001, 'verbose': 0, 'warm_start': False}",0.03707718849182129
Chinese_wine,7,2,7,2,KNN,Time_Warping,4,"{'sigma': 0.05, 'knot': 8}",0.6551111111111111,0.64286514236194,"{'algorithm': 'auto', 'leaf_size': 30, 'metric': 'minkowski', 'metric_params': None, 'n_jobs': None, 'n_neighbors': np.int64(5), 'p': 3, 'weights': 'distance'}",0.2821335792541504
Chinese_wine,7,2,7,2,RandomForest,Time_Warping,4,"{'sigma': 0.05, 'knot': 8}",0.5964444444444444,0.5933638022818735,"{'bootstrap': True, 'ccp_alpha': 0.0, 'class_weight': 'balanced', 'criterion': 'gini', 'max_depth': 30, 'max_features': 'sqrt', 'max_leaf_nodes': None, 'max_samples': None, 'min_impurity_decrease': 0.0, 'min_samples_leaf': 1, 'min_samples_split': 2, 'min_weight_fraction_leaf': 0.0, 'monotonic_cst': None, 'n_estimators': 150, 'n_jobs': None, 'oob_score': False, 'random_state': 42, 'verbose': 0, 'warm_start': False}",1.5017180442810059
Chinese_wine,7,2,7,2,LinearSVC,Time_Warping,4,"{'sigma': 0.05, 'knot': 8}",0.5802222222222222,0.55470784562278,"{'C': np.float64(183.29807108324337), 'class_weight': 'balanced', 'dual': False, 'fit_intercept': True, 'intercept_scaling': 1, 'loss': 'squared_hinge', 'max_iter': 100, 'multi_class': 'ovr', 'penalty': 'l1', 'random_state': 42, 'tol': 0.0001, 'verbose': 0}",0.08208417892456055
Chinese_wine,7,2,7,2,LogisticRegression,Time_Warping,4,"{'sigma': 0.05, 'knot': 8}",0.6196666666666667,0.6158981325965922,"{'C': np.float64(183.29807108324337), 'class_weight': 'balanced', 'dual': False, 'fit_intercept': True, 'intercept_scaling': 1, 'l1_ratio': None, 'max_iter': 100, 'multi_class': 'deprecated', 'n_jobs': None, 'penalty': 'l1', 'random_state': 42, 'solver': 'saga', 'tol': 0.0001, 'verbose': 0, 'warm_start': False}",0.28046226501464844
Chinese_wine,7,2,7,2,KNN,Time_Warping,5,"{'sigma': 0.1, 'knot': 4}",0.6478888888888888,0.6357554475361373,"{'algorithm': 'auto', 'leaf_size': 30, 'metric': 'minkowski', 'metric_params': None, 'n_jobs': None, 'n_neighbors': np.int64(5), 'p': 3, 'weights': 'distance'}",0.3024730682373047
Chinese_wine,7,2,7,2,RandomForest,Time_Warping,5,"{'sigma': 0.1, 'knot': 4}",0.5883333333333334,0.584745126628221,"{'bootstrap': True, 'ccp_alpha': 0.0, 'class_weight': 'balanced', 'criterion': 'gini', 'max_depth': None, 'max_features': 'sqrt', 'max_leaf_nodes': None, 'max_samples': None, 'min_impurity_decrease': 0.0, 'min_samples_leaf': 1, 'min_samples_split': 2, 'min_weight_fraction_leaf': 0.0, 'monotonic_cst': None, 'n_estimators': 50, 'n_jobs': None, 'oob_score': False, 'random_state': 42, 'verbose': 0, 'warm_start': False}",0.4429454803466797
Chinese_wine,7,2,7,2,LinearSVC,Time_Warping,5,"{'sigma': 0.1, 'knot': 4}",0.5724444444444444,0.53614926875322,"{'C': np.float64(1000.0), 'class_weight': 'balanced', 'dual': False, 'fit_intercept': True, 'intercept_scaling': 1, 'loss': 'squared_hinge', 'max_iter': 100, 'multi_class': 'ovr', 'penalty': 'l2', 'random_state': 42, 'tol': 0.001, 'verbose': 0}",0.022647380828857422
Chinese_wine,7,2,7,2,LogisticRegression,Time_Warping,5,"{'sigma': 0.1, 'knot': 4}",0.584,0.578573714452909,"{'C': np.float64(1000.0), 'class_weight': 'balanced', 'dual': False, 'fit_intercept': True, 'intercept_scaling': 1, 'l1_ratio': None, 'max_iter': 100, 'multi_class': 'deprecated', 'n_jobs': None, 'penalty': 'l2', 'random_state': 42, 'solver': 'sag', 'tol': 0.0001, 'verbose': 0, 'warm_start': False}",0.0674440860748291
Chinese_wine,7,2,7,2,KNN,Time_Warping,6,"{'sigma': 0.3, 'knot': 6}",0.6588888888888889,0.6489322898844886,"{'algorithm': 'auto', 'leaf_size': 30, 'metric': 'minkowski', 'metric_params': None, 'n_jobs': None, 'n_neighbors': np.int64(5), 'p': 3, 'weights': 'distance'}",0.31501340866088867
Chinese_wine,7,2,7,2,RandomForest,Time_Warping,6,"{'sigma': 0.3, 'knot': 6}",0.6288888888888889,0.6279322687603324,"{'bootstrap': True, 'ccp_alpha': 0.0, 'class_weight': 'balanced', 'criterion': 'gini', 'max_depth': 20, 'max_features': 'sqrt', 'max_leaf_nodes': None, 'max_samples': None, 'min_impurity_decrease': 0.0, 'min_samples_leaf': 2, 'min_samples_split': 5, 'min_weight_fraction_leaf': 0.0, 'monotonic_cst': None, 'n_estimators': 50, 'n_jobs': None, 'oob_score': False, 'random_state': 42, 'verbose': 0, 'warm_start': False}",0.49466633796691895
Chinese_wine,7,2,7,2,LinearSVC,Time_Warping,6,"{'sigma': 0.3, 'knot': 6}",0.5427777777777778,0.5156106070236649,"{'C': np.float64(33.59818286283781), 'class_weight': 'balanced', 'dual': False, 'fit_intercept': True, 'intercept_scaling': 1, 'loss': 'squared_hinge', 'max_iter': 100, 'multi_class': 'ovr', 'penalty': 'l1', 'random_state': 42, 'tol': 0.0001, 'verbose': 0}",0.045023202896118164
Chinese_wine,7,2,7,2,LogisticRegression,Time_Warping,6,"{'sigma': 0.3, 'knot': 6}",0.48966666666666664,0.4716770953468445,"{'C': np.float64(33.59818286283781), 'class_weight': 'balanced', 'dual': False, 'fit_intercept': True, 'intercept_scaling': 1, 'l1_ratio': None, 'max_iter': 100, 'multi_class': 'deprecated', 'n_jobs': None, 'penalty': 'l1', 'random_state': 42, 'solver': 'saga', 'tol': 0.0001, 'verbose': 0, 'warm_start': False}",0.23181509971618652
Chinese_wine,7,2,7,2,KNN,Time_Warping,7,"{'sigma': 0.05, 'knot': 6}",0.6596666666666666,0.6483122818458692,"{'algorithm': 'auto', 'leaf_size': 30, 'metric': 'minkowski', 'metric_params': None, 'n_jobs': None, 'n_neighbors': np.int64(5), 'p': 3, 'weights': 'distance'}",0.29819750785827637
Chinese_wine,7,2,7,2,RandomForest,Time_Warping,7,"{'sigma': 0.05, 'knot': 6}",0.5988888888888889,0.5981421419971469,"{'bootstrap': True, 'ccp_alpha': 0.0, 'class_weight': 'balanced', 'criterion': 'gini', 'max_depth': None, 'max_features': 'sqrt', 'max_leaf_nodes': None, 'max_samples': None, 'min_impurity_decrease': 0.0, 'min_samples_leaf': 1, 'min_samples_split': 2, 'min_weight_fraction_leaf': 0.0, 'monotonic_cst': None, 'n_estimators': 50, 'n_jobs': None, 'oob_score': False, 'random_state': 42, 'verbose': 0, 'warm_start': False}",0.526038646697998
Chinese_wine,7,2,7,2,LinearSVC,Time_Warping,7,"{'sigma': 0.05, 'knot': 6}",0.5826666666666667,0.5547144575747008,"{'C': np.float64(33.59818286283781), 'class_weight': 'balanced', 'dual': False, 'fit_intercept': True, 'intercept_scaling': 1, 'loss': 'squared_hinge', 'max_iter': 100, 'multi_class': 'ovr', 'penalty': 'l1', 'random_state': 42, 'tol': 0.001, 'verbose': 0}",0.07062029838562012
Chinese_wine,7,2,7,2,LogisticRegression,Time_Warping,7,"{'sigma': 0.05, 'knot': 6}",0.61,0.6089766050932705,"{'C': np.float64(183.29807108324337), 'class_weight': 'balanced', 'dual': False, 'fit_intercept': True, 'intercept_scaling': 1, 'l1_ratio': None, 'max_iter': 100, 'multi_class': 'deprecated', 'n_jobs': None, 'penalty': 'l1', 'random_state': 42, 'solver': 'saga', 'tol': 0.0001, 'verbose': 0, 'warm_start': False}",0.23434758186340332
Chinese_wine,7,2,7,2,KNN,Time_Warping,8,"{'sigma': 0.3, 'knot': 6}",0.6557777777777778,0.6467547078764662,"{'algorithm': 'auto', 'leaf_size': 30, 'metric': 'minkowski', 'metric_params': None, 'n_jobs': None, 'n_neighbors': np.int64(5), 'p': 3, 'weights': 'distance'}",0.27078795433044434
Chinese_wine,7,2,7,2,RandomForest,Time_Warping,8,"{'sigma': 0.3, 'knot': 6}",0.597,0.598082771507966,"{'bootstrap': True, 'ccp_alpha': 0.0, 'class_weight': None, 'criterion': 'gini', 'max_depth': 20, 'max_features': 'sqrt', 'max_leaf_nodes': None, 'max_samples': None, 'min_impurity_decrease': 0.0, 'min_samples_leaf': 1, 'min_samples_split': 2, 'min_weight_fraction_leaf': 0.0, 'monotonic_cst': None, 'n_estimators': 100, 'n_jobs': None, 'oob_score': False, 'random_state': 42, 'verbose': 0, 'warm_start': False}",1.0098423957824707
Chinese_wine,7,2,7,2,LinearSVC,Time_Warping,8,"{'sigma': 0.3, 'knot': 6}",0.4702222222222222,0.4317788044273741,"{'C': np.float64(33.59818286283781), 'class_weight': 'balanced', 'dual': False, 'fit_intercept': True, 'intercept_scaling': 1, 'loss': 'squared_hinge', 'max_iter': 100, 'multi_class': 'ovr', 'penalty': 'l1', 'random_state': 42, 'tol': 0.0001, 'verbose': 0}",0.05231475830078125
Chinese_wine,7,2,7,2,LogisticRegression,Time_Warping,8,"{'sigma': 0.3, 'knot': 6}",0.4862222222222222,0.4698524384085119,"{'C': np.float64(33.59818286283781), 'class_weight': 'balanced', 'dual': False, 'fit_intercept': True, 'intercept_scaling': 1, 'l1_ratio': None, 'max_iter': 100, 'multi_class': 'deprecated', 'n_jobs': None, 'penalty': 'l2', 'random_state': 42, 'solver': 'saga', 'tol': 0.0001, 'verbose': 0, 'warm_start': False}",0.04073214530944824
Chinese_wine,7,2,7,2,KNN,Time_Warping,9,"{'sigma': 0.1, 'knot': 6}",0.6601111111111111,0.6490086221145013,"{'algorithm': 'auto', 'leaf_size': 30, 'metric': 'minkowski', 'metric_params': None, 'n_jobs': None, 'n_neighbors': np.int64(5), 'p': 3, 'weights': 'distance'}",0.2722325325012207
Chinese_wine,7,2,7,2,RandomForest,Time_Warping,9,"{'sigma': 0.1, 'knot': 6}",0.599,0.5966149065222248,"{'bootstrap': True, 'ccp_alpha': 0.0, 'class_weight': None, 'criterion': 'gini', 'max_depth': 30, 'max_features': 'sqrt', 'max_leaf_nodes': None, 'max_samples': None, 'min_impurity_decrease': 0.0, 'min_samples_leaf': 1, 'min_samples_split': 5, 'min_weight_fraction_leaf': 0.0, 'monotonic_cst': None, 'n_estimators': 50, 'n_jobs': None, 'oob_score': False, 'random_state': 42, 'verbose': 0, 'warm_start': False}",0.47606992721557617
Chinese_wine,7,2,7,2,LinearSVC,Time_Warping,9,"{'sigma': 0.1, 'knot': 6}",0.5463333333333333,0.5165762708092889,"{'C': np.float64(33.59818286283781), 'class_weight': 'balanced', 'dual': False, 'fit_intercept': True, 'intercept_scaling': 1, 'loss': 'squared_hinge', 'max_iter': 100, 'multi_class': 'ovr', 'penalty': 'l1', 'random_state': 42, 'tol': 0.0001, 'verbose': 0}",0.06440043449401855
Chinese_wine,7,2,7,2,LogisticRegression,Time_Warping,9,"{'sigma': 0.1, 'knot': 6}",0.5644444444444444,0.5555735324303988,"{'C': np.float64(33.59818286283781), 'class_weight': 'balanced', 'dual': False, 'fit_intercept': True, 'intercept_scaling': 1, 'l1_ratio': None, 'max_iter': 100, 'multi_class': 'deprecated', 'n_jobs': None, 'penalty': 'l2', 'random_state': 42, 'solver': 'saga', 'tol': 0.0001, 'verbose': 0, 'warm_start': False}",0.1243901252746582
Chinese_wine,7,2,7,2,KNN,Time_Warping,10,"{'sigma': 0.1, 'knot': 8}",0.6448888888888888,0.6339104572477221,"{'algorithm': 'auto', 'leaf_size': 30, 'metric': 'minkowski', 'metric_params': None, 'n_jobs': None, 'n_neighbors': np.int64(5), 'p': 3, 'weights': 'distance'}",0.24640965461730957
Chinese_wine,7,2,7,2,RandomForest,Time_Warping,10,"{'sigma': 0.1, 'knot': 8}",0.5965555555555555,0.5972510685876853,"{'bootstrap': True, 'ccp_alpha': 0.0, 'class_weight': 'balanced', 'criterion': 'gini', 'max_depth': 30, 'max_features': 'sqrt', 'max_leaf_nodes': None, 'max_samples': None, 'min_impurity_decrease': 0.0, 'min_samples_leaf': 1, 'min_samples_split': 2, 'min_weight_fraction_leaf': 0.0, 'monotonic_cst': None, 'n_estimators': 150, 'n_jobs': None, 'oob_score': False, 'random_state': 42, 'verbose': 0, 'warm_start': False}",1.5795423984527588
Chinese_wine,7,2,7,2,LinearSVC,Time_Warping,10,"{'sigma': 0.1, 'knot': 8}",0.5506666666666666,0.5226065496998924,"{'C': np.float64(2.6366508987303554), 'class_weight': 'balanced', 'dual': False, 'fit_intercept': True, 'intercept_scaling': 1, 'loss': 'squared_hinge', 'max_iter': 100, 'multi_class': 'ovr', 'penalty': 'l1', 'random_state': 42, 'tol': 0.0001, 'verbose': 0}",0.06661176681518555
Chinese_wine,7,2,7,2,LogisticRegression,Time_Warping,10,"{'sigma': 0.1, 'knot': 8}",0.6104444444444445,0.6124883313720927,"{'C': np.float64(183.29807108324337), 'class_weight': 'balanced', 'dual': False, 'fit_intercept': True, 'intercept_scaling': 1, 'l1_ratio': None, 'max_iter': 100, 'multi_class': 'deprecated', 'n_jobs': None, 'penalty': 'l1', 'random_state': 42, 'solver': 'saga', 'tol': 0.0001, 'verbose': 0, 'warm_start': False}",0.24288368225097656
Chinese_wine,7,2,7,3,KNN,Time_Warping,1,"{'sigma': 0.2, 'knot': 4}",0.6376666666666667,0.627967593539153,"{'algorithm': 'auto', 'leaf_size': 30, 'metric': 'euclidean', 'metric_params': None, 'n_jobs': None, 'n_neighbors': np.int64(9), 'p': 2, 'weights': 'distance'}",0.10495996475219727
Chinese_wine,7,2,7,3,RandomForest,Time_Warping,1,"{'sigma': 0.2, 'knot': 4}",0.4088888888888889,0.41816404178482136,"{'bootstrap': True, 'ccp_alpha': 0.0, 'class_weight': 'balanced', 'criterion': 'gini', 'max_depth': 10, 'max_features': 'sqrt', 'max_leaf_nodes': None, 'max_samples': None, 'min_impurity_decrease': 0.0, 'min_samples_leaf': 1, 'min_samples_split': 5, 'min_weight_fraction_leaf': 0.0, 'monotonic_cst': None, 'n_estimators': 50, 'n_jobs': None, 'oob_score': False, 'random_state': 42, 'verbose': 0, 'warm_start': False}",0.6266100406646729
Chinese_wine,7,2,7,3,LinearSVC,Time_Warping,1,"{'sigma': 0.2, 'knot': 4}",0.493,0.4634084672643104,"{'C': np.float64(33.59818286283781), 'class_weight': 'balanced', 'dual': False, 'fit_intercept': True, 'intercept_scaling': 1, 'loss': 'squared_hinge', 'max_iter': 100, 'multi_class': 'ovr', 'penalty': 'l1', 'random_state': 42, 'tol': 0.0001, 'verbose': 0}",0.06497955322265625
Chinese_wine,7,2,7,3,LogisticRegression,Time_Warping,1,"{'sigma': 0.2, 'knot': 4}",0.4812222222222222,0.4806170517582229,"{'C': np.float64(183.29807108324337), 'class_weight': None, 'dual': False, 'fit_intercept': True, 'intercept_scaling': 1, 'l1_ratio': None, 'max_iter': 100, 'multi_class': 'deprecated', 'n_jobs': None, 'penalty': 'l2', 'random_state': 42, 'solver': 'saga', 'tol': 0.0001, 'verbose': 0, 'warm_start': False}",0.03732419013977051
Chinese_wine,7,2,7,3,KNN,Time_Warping,2,"{'sigma': 0.2, 'knot': 3}",0.649,0.6378926544717184,"{'algorithm': 'auto', 'leaf_size': 30, 'metric': 'euclidean', 'metric_params': None, 'n_jobs': None, 'n_neighbors': np.int64(9), 'p': 2, 'weights': 'distance'}",0.08732271194458008
Chinese_wine,7,2,7,3,RandomForest,Time_Warping,2,"{'sigma': 0.2, 'knot': 3}",0.579,0.576692677481254,"{'bootstrap': True, 'ccp_alpha': 0.0, 'class_weight': None, 'criterion': 'gini', 'max_depth': 20, 'max_features': 'sqrt', 'max_leaf_nodes': None, 'max_samples': None, 'min_impurity_decrease': 0.0, 'min_samples_leaf': 1, 'min_samples_split': 5, 'min_weight_fraction_leaf': 0.0, 'monotonic_cst': None, 'n_estimators': 150, 'n_jobs': None, 'oob_score': False, 'random_state': 42, 'verbose': 0, 'warm_start': False}",2.132181406021118
Chinese_wine,7,2,7,3,LinearSVC,Time_Warping,2,"{'sigma': 0.2, 'knot': 3}",0.37722222222222224,0.3286082466048764,"{'C': np.float64(33.59818286283781), 'class_weight': None, 'dual': False, 'fit_intercept': True, 'intercept_scaling': 1, 'loss': 'squared_hinge', 'max_iter': 100, 'multi_class': 'ovr', 'penalty': 'l1', 'random_state': 42, 'tol': 0.001, 'verbose': 0}",0.04984426498413086
Chinese_wine,7,2,7,3,LogisticRegression,Time_Warping,2,"{'sigma': 0.2, 'knot': 3}",0.4057777777777778,0.39870934471947206,"{'C': np.float64(1000.0), 'class_weight': 'balanced', 'dual': False, 'fit_intercept': True, 'intercept_scaling': 1, 'l1_ratio': None, 'max_iter': 100, 'multi_class': 'deprecated', 'n_jobs': None, 'penalty': 'l2', 'random_state': 42, 'solver': 'sag', 'tol': 0.0001, 'verbose': 0, 'warm_start': False}",0.0839700698852539
Chinese_wine,7,2,7,3,KNN,Time_Warping,3,"{'sigma': 0.5, 'knot': 4}",0.6562222222222223,0.6455702939664604,"{'algorithm': 'auto', 'leaf_size': 30, 'metric': 'minkowski', 'metric_params': None, 'n_jobs': None, 'n_neighbors': np.int64(5), 'p': 3, 'weights': 'distance'}",0.44225239753723145
Chinese_wine,7,2,7,3,RandomForest,Time_Warping,3,"{'sigma': 0.5, 'knot': 4}",0.5977777777777777,0.5969153417342243,"{'bootstrap': True, 'ccp_alpha': 0.0, 'class_weight': None, 'criterion': 'gini', 'max_depth': 20, 'max_features': 'sqrt', 'max_leaf_nodes': None, 'max_samples': None, 'min_impurity_decrease': 0.0, 'min_samples_leaf': 1, 'min_samples_split': 2, 'min_weight_fraction_leaf': 0.0, 'monotonic_cst': None, 'n_estimators': 100, 'n_jobs': None, 'oob_score': False, 'random_state': 42, 'verbose': 0, 'warm_start': False}",1.4641263484954834
Chinese_wine,7,2,7,3,LinearSVC,Time_Warping,3,"{'sigma': 0.5, 'knot': 4}",0.34855555555555556,0.3197847080996617,"{'C': np.float64(183.29807108324337), 'class_weight': None, 'dual': False, 'fit_intercept': True, 'intercept_scaling': 1, 'loss': 'squared_hinge', 'max_iter': 100, 'multi_class': 'ovr', 'penalty': 'l1', 'random_state': 42, 'tol': 0.001, 'verbose': 0}",0.03867363929748535
Chinese_wine,7,2,7,3,LogisticRegression,Time_Warping,3,"{'sigma': 0.5, 'knot': 4}",0.35844444444444445,0.34973656185284696,"{'C': np.float64(183.29807108324337), 'class_weight': None, 'dual': False, 'fit_intercept': True, 'intercept_scaling': 1, 'l1_ratio': None, 'max_iter': 100, 'multi_class': 'deprecated', 'n_jobs': None, 'penalty': 'l2', 'random_state': 42, 'solver': 'saga', 'tol': 0.0001, 'verbose': 0, 'warm_start': False}",0.043630123138427734
Chinese_wine,7,2,7,3,KNN,Time_Warping,4,"{'sigma': 0.05, 'knot': 8}",0.6368888888888888,0.6244230201899389,"{'algorithm': 'auto', 'leaf_size': 30, 'metric': 'minkowski', 'metric_params': None, 'n_jobs': None, 'n_neighbors': np.int64(11), 'p': 4, 'weights': 'distance'}",0.5127213001251221
Chinese_wine,7,2,7,3,RandomForest,Time_Warping,4,"{'sigma': 0.05, 'knot': 8}",0.6041111111111112,0.6056645465438347,"{'bootstrap': True, 'ccp_alpha': 0.0, 'class_weight': 'balanced', 'criterion': 'gini', 'max_depth': None, 'max_features': 'sqrt', 'max_leaf_nodes': None, 'max_samples': None, 'min_impurity_decrease': 0.0, 'min_samples_leaf': 2, 'min_samples_split': 2, 'min_weight_fraction_leaf': 0.0, 'monotonic_cst': None, 'n_estimators': 100, 'n_jobs': None, 'oob_score': False, 'random_state': 42, 'verbose': 0, 'warm_start': False}",1.3791427612304688
Chinese_wine,7,2,7,3,LinearSVC,Time_Warping,4,"{'sigma': 0.05, 'knot': 8}",0.5935555555555555,0.567778724497876,"{'C': np.float64(33.59818286283781), 'class_weight': 'balanced', 'dual': False, 'fit_intercept': True, 'intercept_scaling': 1, 'loss': 'squared_hinge', 'max_iter': 100, 'multi_class': 'ovr', 'penalty': 'l1', 'random_state': 42, 'tol': 0.001, 'verbose': 0}",0.11896181106567383
Chinese_wine,7,2,7,3,LogisticRegression,Time_Warping,4,"{'sigma': 0.05, 'knot': 8}",0.613,0.6109579318723949,"{'C': np.float64(183.29807108324337), 'class_weight': 'balanced', 'dual': False, 'fit_intercept': True, 'intercept_scaling': 1, 'l1_ratio': None, 'max_iter': 100, 'multi_class': 'deprecated', 'n_jobs': None, 'penalty': 'l1', 'random_state': 42, 'solver': 'saga', 'tol': 0.0001, 'verbose': 0, 'warm_start': False}",0.3598213195800781
Chinese_wine,7,2,7,3,KNN,Time_Warping,5,"{'sigma': 0.1, 'knot': 4}",0.641,0.6306179808898611,"{'algorithm': 'auto', 'leaf_size': 30, 'metric': 'manhattan', 'metric_params': None, 'n_jobs': None, 'n_neighbors': np.int64(5), 'p': 2, 'weights': 'distance'}",0.12293171882629395
Chinese_wine,7,2,7,3,RandomForest,Time_Warping,5,"{'sigma': 0.1, 'knot': 4}",0.5986666666666667,0.599341875629722,"{'bootstrap': True, 'ccp_alpha': 0.0, 'class_weight': None, 'criterion': 'gini', 'max_depth': 20, 'max_features': 'sqrt', 'max_leaf_nodes': None, 'max_samples': None, 'min_impurity_decrease': 0.0, 'min_samples_leaf': 1, 'min_samples_split': 2, 'min_weight_fraction_leaf': 0.0, 'monotonic_cst': None, 'n_estimators': 100, 'n_jobs': None, 'oob_score': False, 'random_state': 42, 'verbose': 0, 'warm_start': False}",1.3111553192138672
Chinese_wine,7,2,7,3,LinearSVC,Time_Warping,5,"{'sigma': 0.1, 'knot': 4}",0.5344444444444445,0.49818521579296826,"{'C': np.float64(33.59818286283781), 'class_weight': 'balanced', 'dual': False, 'fit_intercept': True, 'intercept_scaling': 1, 'loss': 'squared_hinge', 'max_iter': 100, 'multi_class': 'ovr', 'penalty': 'l1', 'random_state': 42, 'tol': 0.0001, 'verbose': 0}",0.08662962913513184
Chinese_wine,7,2,7,3,LogisticRegression,Time_Warping,5,"{'sigma': 0.1, 'knot': 4}",0.5468888888888889,0.5332445522057706,"{'C': np.float64(183.29807108324337), 'class_weight': 'balanced', 'dual': False, 'fit_intercept': True, 'intercept_scaling': 1, 'l1_ratio': None, 'max_iter': 100, 'multi_class': 'deprecated', 'n_jobs': None, 'penalty': 'l1', 'random_state': 42, 'solver': 'saga', 'tol': 0.0001, 'verbose': 0, 'warm_start': False}",0.058081865310668945
Chinese_wine,7,2,7,3,KNN,Time_Warping,6,"{'sigma': 0.3, 'knot': 6}",0.6465555555555556,0.6363207987184702,"{'algorithm': 'auto', 'leaf_size': 30, 'metric': 'euclidean', 'metric_params': None, 'n_jobs': None, 'n_neighbors': np.int64(9), 'p': 2, 'weights': 'distance'}",0.09093618392944336
Chinese_wine,7,2,7,3,RandomForest,Time_Warping,6,"{'sigma': 0.3, 'knot': 6}",0.6002222222222222,0.5964502889265898,"{'bootstrap': True, 'ccp_alpha': 0.0, 'class_weight': None, 'criterion': 'gini', 'max_depth': 30, 'max_features': 'sqrt', 'max_leaf_nodes': None, 'max_samples': None, 'min_impurity_decrease': 0.0, 'min_samples_leaf': 1, 'min_samples_split': 5, 'min_weight_fraction_leaf': 0.0, 'monotonic_cst': None, 'n_estimators': 50, 'n_jobs': None, 'oob_score': False, 'random_state': 42, 'verbose': 0, 'warm_start': False}",0.7500200271606445
Chinese_wine,7,2,7,3,LinearSVC,Time_Warping,6,"{'sigma': 0.3, 'knot': 6}",0.42055555555555557,0.3942896921417545,"{'C': np.float64(2.6366508987303554), 'class_weight': 'balanced', 'dual': False, 'fit_intercept': True, 'intercept_scaling': 1, 'loss': 'squared_hinge', 'max_iter': 100, 'multi_class': 'ovr', 'penalty': 'l1', 'random_state': 42, 'tol': 0.0001, 'verbose': 0}",0.12171673774719238
Chinese_wine,7,2,7,3,LogisticRegression,Time_Warping,6,"{'sigma': 0.3, 'knot': 6}",0.4258888888888889,0.41880138651824617,"{'C': np.float64(183.29807108324337), 'class_weight': 'balanced', 'dual': False, 'fit_intercept': True, 'intercept_scaling': 1, 'l1_ratio': None, 'max_iter': 100, 'multi_class': 'deprecated', 'n_jobs': None, 'penalty': 'l1', 'random_state': 42, 'solver': 'saga', 'tol': 0.0001, 'verbose': 0, 'warm_start': False}",0.07521581649780273
Chinese_wine,7,2,7,3,KNN,Time_Warping,7,"{'sigma': 0.05, 'knot': 6}",0.6537777777777778,0.6394135247366292,"{'algorithm': 'auto', 'leaf_size': 30, 'metric': 'minkowski', 'metric_params': None, 'n_jobs': None, 'n_neighbors': np.int64(5), 'p': 3, 'weights': 'distance'}",0.38407325744628906
Chinese_wine,7,2,7,3,RandomForest,Time_Warping,7,"{'sigma': 0.05, 'knot': 6}",0.6136666666666667,0.6077914254178035,"{'bootstrap': True, 'ccp_alpha': 0.0, 'class_weight': 'balanced', 'criterion': 'gini', 'max_depth': None, 'max_features': 'sqrt', 'max_leaf_nodes': None, 'max_samples': None, 'min_impurity_decrease': 0.0, 'min_samples_leaf': 2, 'min_samples_split': 2, 'min_weight_fraction_leaf': 0.0, 'monotonic_cst': None, 'n_estimators': 100, 'n_jobs': None, 'oob_score': False, 'random_state': 42, 'verbose': 0, 'warm_start': False}",1.306323766708374
Chinese_wine,7,2,7,3,LinearSVC,Time_Warping,7,"{'sigma': 0.05, 'knot': 6}",0.5938888888888889,0.5648333242858107,"{'C': np.float64(33.59818286283781), 'class_weight': 'balanced', 'dual': False, 'fit_intercept': True, 'intercept_scaling': 1, 'loss': 'squared_hinge', 'max_iter': 100, 'multi_class': 'ovr', 'penalty': 'l1', 'random_state': 42, 'tol': 0.0001, 'verbose': 0}",0.11759829521179199
Chinese_wine,7,2,7,3,LogisticRegression,Time_Warping,7,"{'sigma': 0.05, 'knot': 6}",0.617,0.6157134030791293,"{'C': np.float64(1000.0), 'class_weight': 'balanced', 'dual': False, 'fit_intercept': True, 'intercept_scaling': 1, 'l1_ratio': None, 'max_iter': 100, 'multi_class': 'deprecated', 'n_jobs': None, 'penalty': 'l2', 'random_state': 42, 'solver': 'sag', 'tol': 0.0001, 'verbose': 0, 'warm_start': False}",0.17804384231567383
Chinese_wine,7,2,7,3,KNN,Time_Warping,8,"{'sigma': 0.3, 'knot': 6}",0.6583333333333333,0.6452375207790912,"{'algorithm': 'auto', 'leaf_size': 30, 'metric': 'manhattan', 'metric_params': None, 'n_jobs': None, 'n_neighbors': np.int64(5), 'p': 2, 'weights': 'distance'}",0.1178443431854248
Chinese_wine,7,2,7,3,RandomForest,Time_Warping,8,"{'sigma': 0.3, 'knot': 6}",0.44322222222222224,0.4500426265931601,"{'bootstrap': True, 'ccp_alpha': 0.0, 'class_weight': 'balanced', 'criterion': 'gini', 'max_depth': 10, 'max_features': 'sqrt', 'max_leaf_nodes': None, 'max_samples': None, 'min_impurity_decrease': 0.0, 'min_samples_leaf': 2, 'min_samples_split': 5, 'min_weight_fraction_leaf': 0.0, 'monotonic_cst': None, 'n_estimators': 50, 'n_jobs': None, 'oob_score': False, 'random_state': 42, 'verbose': 0, 'warm_start': False}",0.5694739818572998
Chinese_wine,7,2,7,3,LinearSVC,Time_Warping,8,"{'sigma': 0.3, 'knot': 6}",0.43777777777777777,0.40109478387832237,"{'C': np.float64(0.2069138081114788), 'class_weight': None, 'dual': False, 'fit_intercept': True, 'intercept_scaling': 1, 'loss': 'squared_hinge', 'max_iter': 100, 'multi_class': 'ovr', 'penalty': 'l2', 'random_state': 42, 'tol': 0.001, 'verbose': 0}",0.020844221115112305
Chinese_wine,7,2,7,3,LogisticRegression,Time_Warping,8,"{'sigma': 0.3, 'knot': 6}",0.4418888888888889,0.4233986565923912,"{'C': np.float64(33.59818286283781), 'class_weight': None, 'dual': False, 'fit_intercept': True, 'intercept_scaling': 1, 'l1_ratio': None, 'max_iter': 100, 'multi_class': 'deprecated', 'n_jobs': None, 'penalty': 'l2', 'random_state': 42, 'solver': 'saga', 'tol': 0.0001, 'verbose': 0, 'warm_start': False}",0.03730344772338867
Chinese_wine,7,2,7,3,KNN,Time_Warping,9,"{'sigma': 0.1, 'knot': 6}",0.6561111111111111,0.6477434491781445,"{'algorithm': 'auto', 'leaf_size': 30, 'metric': 'minkowski', 'metric_params': None, 'n_jobs': None, 'n_neighbors': np.int64(5), 'p': 3, 'weights': 'distance'}",0.3673222064971924
Chinese_wine,7,2,7,3,RandomForest,Time_Warping,9,"{'sigma': 0.1, 'knot': 6}",0.6097777777777778,0.6100861999407564,"{'bootstrap': True, 'ccp_alpha': 0.0, 'class_weight': 'balanced', 'criterion': 'gini', 'max_depth': 30, 'max_features': 'sqrt', 'max_leaf_nodes': None, 'max_samples': None, 'min_impurity_decrease': 0.0, 'min_samples_leaf': 1, 'min_samples_split': 5, 'min_weight_fraction_leaf': 0.0, 'monotonic_cst': None, 'n_estimators': 100, 'n_jobs': None, 'oob_score': False, 'random_state': 42, 'verbose': 0, 'warm_start': False}",1.505232572555542
Chinese_wine,7,2,7,3,LinearSVC,Time_Warping,9,"{'sigma': 0.1, 'knot': 6}",0.5525555555555556,0.5228263498130996,"{'C': np.float64(183.29807108324337), 'class_weight': None, 'dual': False, 'fit_intercept': True, 'intercept_scaling': 1, 'loss': 'squared_hinge', 'max_iter': 100, 'multi_class': 'ovr', 'penalty': 'l1', 'random_state': 42, 'tol': 0.001, 'verbose': 0}",0.07407498359680176
Chinese_wine,7,2,7,3,LogisticRegression,Time_Warping,9,"{'sigma': 0.1, 'knot': 6}",0.5525555555555556,0.5459624372185903,"{'C': np.float64(33.59818286283781), 'class_weight': None, 'dual': False, 'fit_intercept': True, 'intercept_scaling': 1, 'l1_ratio': None, 'max_iter': 100, 'multi_class': 'deprecated', 'n_jobs': None, 'penalty': 'l2', 'random_state': 42, 'solver': 'saga', 'tol': 0.0001, 'verbose': 0, 'warm_start': False}",0.1735057830810547
Chinese_wine,7,2,7,3,KNN,Time_Warping,10,"{'sigma': 0.1, 'knot': 8}",0.6558888888888889,0.6454572018641881,"{'algorithm': 'auto', 'leaf_size': 30, 'metric': 'manhattan', 'metric_params': None, 'n_jobs': None, 'n_neighbors': np.int64(5), 'p': 2, 'weights': 'distance'}",0.11698222160339355
Chinese_wine,7,2,7,3,RandomForest,Time_Warping,10,"{'sigma': 0.1, 'knot': 8}",0.5902222222222222,0.5888568883041002,"{'bootstrap': True, 'ccp_alpha': 0.0, 'class_weight': None, 'criterion': 'gini', 'max_depth': 20, 'max_features': 'sqrt', 'max_leaf_nodes': None, 'max_samples': None, 'min_impurity_decrease': 0.0, 'min_samples_leaf': 1, 'min_samples_split': 2, 'min_weight_fraction_leaf': 0.0, 'monotonic_cst': None, 'n_estimators': 100, 'n_jobs': None, 'oob_score': False, 'random_state': 42, 'verbose': 0, 'warm_start': False}",1.4864602088928223
Chinese_wine,7,2,7,3,LinearSVC,Time_Warping,10,"{'sigma': 0.1, 'knot': 8}",0.5888888888888889,0.5595028707399795,"{'C': np.float64(1000.0), 'class_weight': 'balanced', 'dual': False, 'fit_intercept': True, 'intercept_scaling': 1, 'loss': 'squared_hinge', 'max_iter': 100, 'multi_class': 'ovr', 'penalty': 'l2', 'random_state': 42, 'tol': 0.001, 'verbose': 0}",0.03270769119262695
Chinese_wine,7,2,7,3,LogisticRegression,Time_Warping,10,"{'sigma': 0.1, 'knot': 8}",0.5585555555555556,0.5534252612751096,"{'C': np.float64(183.29807108324337), 'class_weight': 'balanced', 'dual': False, 'fit_intercept': True, 'intercept_scaling': 1, 'l1_ratio': None, 'max_iter': 100, 'multi_class': 'deprecated', 'n_jobs': None, 'penalty': 'l1', 'random_state': 42, 'solver': 'saga', 'tol': 0.0001, 'verbose': 0, 'warm_start': False}",0.2291250228881836
Chinese_wine,7,2,7,5,KNN,Time_Warping,1,"{'sigma': 0.2, 'knot': 4}",0.6443333333333333,0.6332338225062657,"{'algorithm': 'auto', 'leaf_size': 30, 'metric': 'manhattan', 'metric_params': None, 'n_jobs': None, 'n_neighbors': np.int64(5), 'p': 2, 'weights': 'distance'}",0.16685700416564941
Chinese_wine,7,2,7,5,RandomForest,Time_Warping,1,"{'sigma': 0.2, 'knot': 4}",0.5672222222222222,0.5672442736970084,"{'bootstrap': True, 'ccp_alpha': 0.0, 'class_weight': 'balanced', 'criterion': 'gini', 'max_depth': 20, 'max_features': 'sqrt', 'max_leaf_nodes': None, 'max_samples': None, 'min_impurity_decrease': 0.0, 'min_samples_leaf': 2, 'min_samples_split': 5, 'min_weight_fraction_leaf': 0.0, 'monotonic_cst': None, 'n_estimators': 50, 'n_jobs': None, 'oob_score': False, 'random_state': 42, 'verbose': 0, 'warm_start': False}",1.047595739364624
Chinese_wine,7,2,7,5,LinearSVC,Time_Warping,1,"{'sigma': 0.2, 'knot': 4}",0.4491111111111111,0.40381452276408086,"{'C': np.float64(1000.0), 'class_weight': 'balanced', 'dual': False, 'fit_intercept': True, 'intercept_scaling': 1, 'loss': 'squared_hinge', 'max_iter': 100, 'multi_class': 'ovr', 'penalty': 'l2', 'random_state': 42, 'tol': 0.001, 'verbose': 0}",0.03977704048156738
Chinese_wine,7,2,7,5,LogisticRegression,Time_Warping,1,"{'sigma': 0.2, 'knot': 4}",0.4792222222222222,0.47802168657289723,"{'C': np.float64(2.6366508987303554), 'class_weight': 'balanced', 'dual': False, 'fit_intercept': True, 'intercept_scaling': 1, 'l1_ratio': None, 'max_iter': 100, 'multi_class': 'deprecated', 'n_jobs': None, 'penalty': 'l1', 'random_state': 42, 'solver': 'saga', 'tol': 0.0001, 'verbose': 0, 'warm_start': False}",0.2439725399017334
Chinese_wine,7,2,7,5,KNN,Time_Warping,2,"{'sigma': 0.2, 'knot': 3}",0.6461111111111111,0.6360187123468911,"{'algorithm': 'auto', 'leaf_size': 30, 'metric': 'manhattan', 'metric_params': None, 'n_jobs': None, 'n_neighbors': np.int64(5), 'p': 2, 'weights': 'distance'}",0.24315118789672852
Chinese_wine,7,2,7,5,RandomForest,Time_Warping,2,"{'sigma': 0.2, 'knot': 3}",0.5931111111111111,0.5908344303488623,"{'bootstrap': True, 'ccp_alpha': 0.0, 'class_weight': 'balanced', 'criterion': 'gini', 'max_depth': None, 'max_features': 'sqrt', 'max_leaf_nodes': None, 'max_samples': None, 'min_impurity_decrease': 0.0, 'min_samples_leaf': 1, 'min_samples_split': 2, 'min_weight_fraction_leaf': 0.0, 'monotonic_cst': None, 'n_estimators': 50, 'n_jobs': None, 'oob_score': False, 'random_state': 42, 'verbose': 0, 'warm_start': False}",1.1620559692382812
Chinese_wine,7,2,7,5,LinearSVC,Time_Warping,2,"{'sigma': 0.2, 'knot': 3}",0.43977777777777777,0.3968520033020546,"{'C': np.float64(33.59818286283781), 'class_weight': 'balanced', 'dual': False, 'fit_intercept': True, 'intercept_scaling': 1, 'loss': 'squared_hinge', 'max_iter': 100, 'multi_class': 'ovr', 'penalty': 'l1', 'random_state': 42, 'tol': 0.001, 'verbose': 0}",0.06867289543151855
Chinese_wine,7,2,7,5,LogisticRegression,Time_Warping,2,"{'sigma': 0.2, 'knot': 3}",0.4821111111111111,0.4750152902591803,"{'C': np.float64(183.29807108324337), 'class_weight': 'balanced', 'dual': False, 'fit_intercept': True, 'intercept_scaling': 1, 'l1_ratio': None, 'max_iter': 100, 'multi_class': 'deprecated', 'n_jobs': None, 'penalty': 'l1', 'random_state': 42, 'solver': 'saga', 'tol': 0.0001, 'verbose': 0, 'warm_start': False}",0.10056257247924805
Chinese_wine,7,2,7,5,KNN,Time_Warping,3,"{'sigma': 0.5, 'knot': 4}",0.6548888888888889,0.6452824844660209,"{'algorithm': 'auto', 'leaf_size': 30, 'metric': 'minkowski', 'metric_params': None, 'n_jobs': None, 'n_neighbors': np.int64(5), 'p': 3, 'weights': 'distance'}",0.40054869651794434
Chinese_wine,7,2,7,5,RandomForest,Time_Warping,3,"{'sigma': 0.5, 'knot': 4}",0.5926666666666667,0.5925751677519339,"{'bootstrap': True, 'ccp_alpha': 0.0, 'class_weight': 'balanced', 'criterion': 'gini', 'max_depth': None, 'max_features': 'sqrt', 'max_leaf_nodes': None, 'max_samples': None, 'min_impurity_decrease': 0.0, 'min_samples_leaf': 1, 'min_samples_split': 2, 'min_weight_fraction_leaf': 0.0, 'monotonic_cst': None, 'n_estimators': 50, 'n_jobs': None, 'oob_score': False, 'random_state': 42, 'verbose': 0, 'warm_start': False}",1.4624302387237549
Chinese_wine,7,2,7,5,LinearSVC,Time_Warping,3,"{'sigma': 0.5, 'knot': 4}",0.2544444444444444,0.1945849448181014,"{'C': np.float64(0.4832930238571752), 'class_weight': 'balanced', 'dual': False, 'fit_intercept': True, 'intercept_scaling': 1, 'loss': 'squared_hinge', 'max_iter': 100, 'multi_class': 'ovr', 'penalty': 'l1', 'random_state': 42, 'tol': 0.0001, 'verbose': 0}",0.0563502311706543
Chinese_wine,7,2,7,5,LogisticRegression,Time_Warping,3,"{'sigma': 0.5, 'knot': 4}",0.28955555555555557,0.2744526238938663,"{'C': np.float64(2.6366508987303554), 'class_weight': 'balanced', 'dual': False, 'fit_intercept': True, 'intercept_scaling': 1, 'l1_ratio': None, 'max_iter': 100, 'multi_class': 'deprecated', 'n_jobs': None, 'penalty': 'l1', 'random_state': 42, 'solver': 'saga', 'tol': 0.0001, 'verbose': 0, 'warm_start': False}",0.17680025100708008
Chinese_wine,7,2,7,5,KNN,Time_Warping,4,"{'sigma': 0.05, 'knot': 8}",0.6537777777777778,0.639034417162669,"{'algorithm': 'auto', 'leaf_size': 30, 'metric': 'minkowski', 'metric_params': None, 'n_jobs': None, 'n_neighbors': np.int64(5), 'p': 3, 'weights': 'distance'}",0.46924805641174316
Chinese_wine,7,2,7,5,RandomForest,Time_Warping,4,"{'sigma': 0.05, 'knot': 8}",0.5837777777777777,0.5793224201486512,"{'bootstrap': True, 'ccp_alpha': 0.0, 'class_weight': 'balanced', 'criterion': 'gini', 'max_depth': 30, 'max_features': 'sqrt', 'max_leaf_nodes': None, 'max_samples': None, 'min_impurity_decrease': 0.0, 'min_samples_leaf': 1, 'min_samples_split': 2, 'min_weight_fraction_leaf': 0.0, 'monotonic_cst': None, 'n_estimators': 150, 'n_jobs': None, 'oob_score': False, 'random_state': 42, 'verbose': 0, 'warm_start': False}",3.7965505123138428
Chinese_wine,7,2,7,5,LinearSVC,Time_Warping,4,"{'sigma': 0.05, 'knot': 8}",0.6062222222222222,0.5803074336798022,"{'C': np.float64(1000.0), 'class_weight': 'balanced', 'dual': False, 'fit_intercept': True, 'intercept_scaling': 1, 'loss': 'squared_hinge', 'max_iter': 100, 'multi_class': 'ovr', 'penalty': 'l2', 'random_state': 42, 'tol': 0.001, 'verbose': 0}",0.048203468322753906
Chinese_wine,7,2,7,5,LogisticRegression,Time_Warping,4,"{'sigma': 0.05, 'knot': 8}",0.598,0.5989758851275014,"{'C': np.float64(33.59818286283781), 'class_weight': 'balanced', 'dual': False, 'fit_intercept': True, 'intercept_scaling': 1, 'l1_ratio': None, 'max_iter': 100, 'multi_class': 'deprecated', 'n_jobs': None, 'penalty': 'l2', 'random_state': 42, 'solver': 'saga', 'tol': 0.0001, 'verbose': 0, 'warm_start': False}",0.41928911209106445
Chinese_wine,7,2,7,5,KNN,Time_Warping,5,"{'sigma': 0.1, 'knot': 4}",0.6487777777777778,0.6342856092259572,"{'algorithm': 'auto', 'leaf_size': 30, 'metric': 'minkowski', 'metric_params': None, 'n_jobs': None, 'n_neighbors': np.int64(5), 'p': 3, 'weights': 'distance'}",0.4530637264251709
Chinese_wine,7,2,7,5,RandomForest,Time_Warping,5,"{'sigma': 0.1, 'knot': 4}",0.5928888888888889,0.5882426310224759,"{'bootstrap': True, 'ccp_alpha': 0.0, 'class_weight': 'balanced', 'criterion': 'gini', 'max_depth': None, 'max_features': 'sqrt', 'max_leaf_nodes': None, 'max_samples': None, 'min_impurity_decrease': 0.0, 'min_samples_leaf': 1, 'min_samples_split': 2, 'min_weight_fraction_leaf': 0.0, 'monotonic_cst': None, 'n_estimators': 50, 'n_jobs': None, 'oob_score': False, 'random_state': 42, 'verbose': 0, 'warm_start': False}",1.1446733474731445
Chinese_wine,7,2,7,5,LinearSVC,Time_Warping,5,"{'sigma': 0.1, 'knot': 4}",0.5893333333333334,0.5609260589252884,"{'C': np.float64(183.29807108324337), 'class_weight': 'balanced', 'dual': False, 'fit_intercept': True, 'intercept_scaling': 1, 'loss': 'squared_hinge', 'max_iter': 100, 'multi_class': 'ovr', 'penalty': 'l1', 'random_state': 42, 'tol': 0.0001, 'verbose': 0}",0.1318354606628418
Chinese_wine,7,2,7,5,LogisticRegression,Time_Warping,5,"{'sigma': 0.1, 'knot': 4}",0.589,0.5925489472910291,"{'C': np.float64(33.59818286283781), 'class_weight': 'balanced', 'dual': False, 'fit_intercept': True, 'intercept_scaling': 1, 'l1_ratio': None, 'max_iter': 100, 'multi_class': 'deprecated', 'n_jobs': None, 'penalty': 'l2', 'random_state': 42, 'solver': 'saga', 'tol': 0.0001, 'verbose': 0, 'warm_start': False}",0.09011411666870117
Chinese_wine,7,2,7,5,KNN,Time_Warping,6,"{'sigma': 0.3, 'knot': 6}",0.6395555555555555,0.6290849332547529,"{'algorithm': 'auto', 'leaf_size': 30, 'metric': 'minkowski', 'metric_params': None, 'n_jobs': None, 'n_neighbors': np.int64(11), 'p': 4, 'weights': 'distance'}",0.8503050804138184
Chinese_wine,7,2,7,5,RandomForest,Time_Warping,6,"{'sigma': 0.3, 'knot': 6}",0.5637777777777778,0.5636122806675546,"{'bootstrap': True, 'ccp_alpha': 0.0, 'class_weight': None, 'criterion': 'gini', 'max_depth': 30, 'max_features': 'sqrt', 'max_leaf_nodes': None, 'max_samples': None, 'min_impurity_decrease': 0.0, 'min_samples_leaf': 4, 'min_samples_split': 2, 'min_weight_fraction_leaf': 0.0, 'monotonic_cst': None, 'n_estimators': 50, 'n_jobs': None, 'oob_score': False, 'random_state': 42, 'verbose': 0, 'warm_start': False}",1.0617432594299316
Chinese_wine,7,2,7,5,LinearSVC,Time_Warping,6,"{'sigma': 0.3, 'knot': 6}",0.40255555555555556,0.37736577395707377,"{'C': np.float64(2.6366508987303554), 'class_weight': 'balanced', 'dual': False, 'fit_intercept': True, 'intercept_scaling': 1, 'loss': 'squared_hinge', 'max_iter': 100, 'multi_class': 'ovr', 'penalty': 'l1', 'random_state': 42, 'tol': 0.0001, 'verbose': 0}",0.06674814224243164
Chinese_wine,7,2,7,5,LogisticRegression,Time_Warping,6,"{'sigma': 0.3, 'knot': 6}",0.4108888888888889,0.4221418679330533,"{'C': np.float64(2.6366508987303554), 'class_weight': 'balanced', 'dual': False, 'fit_intercept': True, 'intercept_scaling': 1, 'l1_ratio': None, 'max_iter': 100, 'multi_class': 'deprecated', 'n_jobs': None, 'penalty': 'l1', 'random_state': 42, 'solver': 'saga', 'tol': 0.0001, 'verbose': 0, 'warm_start': False}",0.208770751953125
Chinese_wine,7,2,7,5,KNN,Time_Warping,7,"{'sigma': 0.05, 'knot': 6}",0.6503333333333333,0.6393575384563885,"{'algorithm': 'auto', 'leaf_size': 30, 'metric': 'minkowski', 'metric_params': None, 'n_jobs': None, 'n_neighbors': np.int64(5), 'p': 3, 'weights': 'distance'}",0.5170793533325195
Chinese_wine,7,2,7,5,RandomForest,Time_Warping,7,"{'sigma': 0.05, 'knot': 6}",0.6066666666666667,0.6019144871462421,"{'bootstrap': True, 'ccp_alpha': 0.0, 'class_weight': 'balanced', 'criterion': 'gini', 'max_depth': 30, 'max_features': 'sqrt', 'max_leaf_nodes': None, 'max_samples': None, 'min_impurity_decrease': 0.0, 'min_samples_leaf': 1, 'min_samples_split': 2, 'min_weight_fraction_leaf': 0.0, 'monotonic_cst': None, 'n_estimators': 150, 'n_jobs': None, 'oob_score': False, 'random_state': 42, 'verbose': 0, 'warm_start': False}",3.820932626724243
Chinese_wine,7,2,7,5,LinearSVC,Time_Warping,7,"{'sigma': 0.05, 'knot': 6}",0.6035555555555555,0.57349755673653,"{'C': np.float64(183.29807108324337), 'class_weight': None, 'dual': False, 'fit_intercept': True, 'intercept_scaling': 1, 'loss': 'squared_hinge', 'max_iter': 100, 'multi_class': 'ovr', 'penalty': 'l1', 'random_state': 42, 'tol': 0.001, 'verbose': 0}",0.1687304973602295
Chinese_wine,7,2,7,5,LogisticRegression,Time_Warping,7,"{'sigma': 0.05, 'knot': 6}",0.6055555555555555,0.6056382171303373,"{'C': np.float64(1000.0), 'class_weight': 'balanced', 'dual': False, 'fit_intercept': True, 'intercept_scaling': 1, 'l1_ratio': None, 'max_iter': 100, 'multi_class': 'deprecated', 'n_jobs': None, 'penalty': 'l2', 'random_state': 42, 'solver': 'sag', 'tol': 0.0001, 'verbose': 0, 'warm_start': False}",0.35558438301086426
Chinese_wine,7,2,7,5,KNN,Time_Warping,8,"{'sigma': 0.3, 'knot': 6}",0.663,0.6497054555955968,"{'algorithm': 'auto', 'leaf_size': 30, 'metric': 'minkowski', 'metric_params': None, 'n_jobs': None, 'n_neighbors': np.int64(5), 'p': 3, 'weights': 'distance'}",0.48966360092163086
Chinese_wine,7,2,7,5,RandomForest,Time_Warping,8,"{'sigma': 0.3, 'knot': 6}",0.6013333333333334,0.6002397242496602,"{'bootstrap': True, 'ccp_alpha': 0.0, 'class_weight': 'balanced', 'criterion': 'gini', 'max_depth': None, 'max_features': 'sqrt', 'max_leaf_nodes': None, 'max_samples': None, 'min_impurity_decrease': 0.0, 'min_samples_leaf': 2, 'min_samples_split': 2, 'min_weight_fraction_leaf': 0.0, 'monotonic_cst': None, 'n_estimators': 150, 'n_jobs': None, 'oob_score': False, 'random_state': 42, 'verbose': 0, 'warm_start': False}",3.612208366394043
Chinese_wine,7,2,7,5,LinearSVC,Time_Warping,8,"{'sigma': 0.3, 'knot': 6}",0.4182222222222222,0.3905851454031005,"{'C': np.float64(2.6366508987303554), 'class_weight': 'balanced', 'dual': False, 'fit_intercept': True, 'intercept_scaling': 1, 'loss': 'squared_hinge', 'max_iter': 100, 'multi_class': 'ovr', 'penalty': 'l1', 'random_state': 42, 'tol': 0.0001, 'verbose': 0}",0.07053136825561523
Chinese_wine,7,2,7,5,LogisticRegression,Time_Warping,8,"{'sigma': 0.3, 'knot': 6}",0.44855555555555554,0.45596490535465667,"{'C': np.float64(33.59818286283781), 'class_weight': 'balanced', 'dual': False, 'fit_intercept': True, 'intercept_scaling': 1, 'l1_ratio': None, 'max_iter': 100, 'multi_class': 'deprecated', 'n_jobs': None, 'penalty': 'l2', 'random_state': 42, 'solver': 'saga', 'tol': 0.0001, 'verbose': 0, 'warm_start': False}",0.07868123054504395
Chinese_wine,7,2,7,5,KNN,Time_Warping,9,"{'sigma': 0.1, 'knot': 6}",0.6607777777777778,0.6481742040775461,"{'algorithm': 'auto', 'leaf_size': 30, 'metric': 'minkowski', 'metric_params': None, 'n_jobs': None, 'n_neighbors': np.int64(5), 'p': 3, 'weights': 'distance'}",0.4444422721862793
Chinese_wine,7,2,7,5,RandomForest,Time_Warping,9,"{'sigma': 0.1, 'knot': 6}",0.6044444444444445,0.6032132225255628,"{'bootstrap': True, 'ccp_alpha': 0.0, 'class_weight': 'balanced', 'criterion': 'gini', 'max_depth': None, 'max_features': 'sqrt', 'max_leaf_nodes': None, 'max_samples': None, 'min_impurity_decrease': 0.0, 'min_samples_leaf': 1, 'min_samples_split': 2, 'min_weight_fraction_leaf': 0.0, 'monotonic_cst': None, 'n_estimators': 50, 'n_jobs': None, 'oob_score': False, 'random_state': 42, 'verbose': 0, 'warm_start': False}",1.232722520828247
Chinese_wine,7,2,7,5,LinearSVC,Time_Warping,9,"{'sigma': 0.1, 'knot': 6}",0.49822222222222223,0.46282791603276563,"{'C': np.float64(33.59818286283781), 'class_weight': 'balanced', 'dual': False, 'fit_intercept': True, 'intercept_scaling': 1, 'loss': 'squared_hinge', 'max_iter': 100, 'multi_class': 'ovr', 'penalty': 'l1', 'random_state': 42, 'tol': 0.001, 'verbose': 0}",0.11711430549621582
Chinese_wine,7,2,7,5,LogisticRegression,Time_Warping,9,"{'sigma': 0.1, 'knot': 6}",0.5373333333333333,0.5228634444059318,"{'C': np.float64(33.59818286283781), 'class_weight': 'balanced', 'dual': False, 'fit_intercept': True, 'intercept_scaling': 1, 'l1_ratio': None, 'max_iter': 100, 'multi_class': 'deprecated', 'n_jobs': None, 'penalty': 'l1', 'random_state': 42, 'solver': 'saga', 'tol': 0.0001, 'verbose': 0, 'warm_start': False}",0.5827436447143555
Chinese_wine,7,2,7,5,KNN,Time_Warping,10,"{'sigma': 0.1, 'knot': 8}",0.6582222222222223,0.6434309004260953,"{'algorithm': 'auto', 'leaf_size': 30, 'metric': 'manhattan', 'metric_params': None, 'n_jobs': None, 'n_neighbors': np.int64(5), 'p': 2, 'weights': 'distance'}",0.16853666305541992
Chinese_wine,7,2,7,5,RandomForest,Time_Warping,10,"{'sigma': 0.1, 'knot': 8}",0.5656666666666667,0.5629519141749465,"{'bootstrap': True, 'ccp_alpha': 0.0, 'class_weight': 'balanced', 'criterion': 'gini', 'max_depth': 20, 'max_features': 'sqrt', 'max_leaf_nodes': None, 'max_samples': None, 'min_impurity_decrease': 0.0, 'min_samples_leaf': 2, 'min_samples_split': 5, 'min_weight_fraction_leaf': 0.0, 'monotonic_cst': None, 'n_estimators': 50, 'n_jobs': None, 'oob_score': False, 'random_state': 42, 'verbose': 0, 'warm_start': False}",1.1128251552581787
Chinese_wine,7,2,7,5,LinearSVC,Time_Warping,10,"{'sigma': 0.1, 'knot': 8}",0.5572222222222222,0.5204002791063098,"{'C': np.float64(183.29807108324337), 'class_weight': 'balanced', 'dual': False, 'fit_intercept': True, 'intercept_scaling': 1, 'loss': 'squared_hinge', 'max_iter': 100, 'multi_class': 'ovr', 'penalty': 'l1', 'random_state': 42, 'tol': 0.0001, 'verbose': 0}",0.14789700508117676
Chinese_wine,7,2,7,5,LogisticRegression,Time_Warping,10,"{'sigma': 0.1, 'knot': 8}",0.5776666666666667,0.5740057743303129,"{'C': np.float64(183.29807108324337), 'class_weight': 'balanced', 'dual': False, 'fit_intercept': True, 'intercept_scaling': 1, 'l1_ratio': None, 'max_iter': 100, 'multi_class': 'deprecated', 'n_jobs': None, 'penalty': 'l1', 'random_state': 42, 'solver': 'saga', 'tol': 0.0001, 'verbose': 0, 'warm_start': False}",0.2220017910003662
Chinese_wine,7,2,7,10,KNN,Time_Warping,1,"{'sigma': 0.2, 'knot': 4}",0.6407777777777778,0.6310253832545797,"{'algorithm': 'auto', 'leaf_size': 30, 'metric': 'manhattan', 'metric_params': None, 'n_jobs': None, 'n_neighbors': np.int64(5), 'p': 2, 'weights': 'distance'}",0.2901284694671631
Chinese_wine,7,2,7,10,RandomForest,Time_Warping,1,"{'sigma': 0.2, 'knot': 4}",0.526,0.5276249945762478,"{'bootstrap': True, 'ccp_alpha': 0.0, 'class_weight': 'balanced', 'criterion': 'gini', 'max_depth': 20, 'max_features': 'sqrt', 'max_leaf_nodes': None, 'max_samples': None, 'min_impurity_decrease': 0.0, 'min_samples_leaf': 2, 'min_samples_split': 5, 'min_weight_fraction_leaf': 0.0, 'monotonic_cst': None, 'n_estimators': 50, 'n_jobs': None, 'oob_score': False, 'random_state': 42, 'verbose': 0, 'warm_start': False}",2.414104461669922
Chinese_wine,7,2,7,10,LinearSVC,Time_Warping,1,"{'sigma': 0.2, 'knot': 4}",0.43033333333333335,0.39860916701429433,"{'C': np.float64(0.4832930238571752), 'class_weight': 'balanced', 'dual': False, 'fit_intercept': True, 'intercept_scaling': 1, 'loss': 'squared_hinge', 'max_iter': 100, 'multi_class': 'ovr', 'penalty': 'l2', 'random_state': 42, 'tol': 0.0001, 'verbose': 0}",0.09356069564819336
Chinese_wine,7,2,7,10,LogisticRegression,Time_Warping,1,"{'sigma': 0.2, 'knot': 4}",0.433,0.43559047639189613,"{'C': np.float64(33.59818286283781), 'class_weight': 'balanced', 'dual': False, 'fit_intercept': True, 'intercept_scaling': 1, 'l1_ratio': None, 'max_iter': 100, 'multi_class': 'deprecated', 'n_jobs': None, 'penalty': 'l2', 'random_state': 42, 'solver': 'saga', 'tol': 0.0001, 'verbose': 0, 'warm_start': False}",0.16423940658569336
Chinese_wine,7,2,7,10,KNN,Time_Warping,2,"{'sigma': 0.2, 'knot': 3}",0.6568888888888889,0.6485399701067269,"{'algorithm': 'auto', 'leaf_size': 30, 'metric': 'manhattan', 'metric_params': None, 'n_jobs': None, 'n_neighbors': np.int64(5), 'p': 2, 'weights': 'distance'}",0.24816536903381348
Chinese_wine,7,2,7,10,RandomForest,Time_Warping,2,"{'sigma': 0.2, 'knot': 3}",0.5736666666666667,0.5756233430741586,"{'bootstrap': True, 'ccp_alpha': 0.0, 'class_weight': 'balanced', 'criterion': 'gini', 'max_depth': None, 'max_features': 'sqrt', 'max_leaf_nodes': None, 'max_samples': None, 'min_impurity_decrease': 0.0, 'min_samples_leaf': 1, 'min_samples_split': 2, 'min_weight_fraction_leaf': 0.0, 'monotonic_cst': None, 'n_estimators': 50, 'n_jobs': None, 'oob_score': False, 'random_state': 42, 'verbose': 0, 'warm_start': False}",2.5102360248565674
Chinese_wine,7,2,7,10,LinearSVC,Time_Warping,2,"{'sigma': 0.2, 'knot': 3}",0.42333333333333334,0.3828597213393315,"{'C': np.float64(1000.0), 'class_weight': 'balanced', 'dual': False, 'fit_intercept': True, 'intercept_scaling': 1, 'loss': 'squared_hinge', 'max_iter': 100, 'multi_class': 'ovr', 'penalty': 'l2', 'random_state': 42, 'tol': 0.001, 'verbose': 0}",0.07427096366882324
Chinese_wine,7,2,7,10,LogisticRegression,Time_Warping,2,"{'sigma': 0.2, 'knot': 3}",0.44722222222222224,0.43918550189195277,"{'C': np.float64(33.59818286283781), 'class_weight': None, 'dual': False, 'fit_intercept': True, 'intercept_scaling': 1, 'l1_ratio': None, 'max_iter': 100, 'multi_class': 'deprecated', 'n_jobs': None, 'penalty': 'l2', 'random_state': 42, 'solver': 'saga', 'tol': 0.0001, 'verbose': 0, 'warm_start': False}",0.1528329849243164
Chinese_wine,7,2,7,10,KNN,Time_Warping,3,"{'sigma': 0.5, 'knot': 4}",0.641,0.6338943553137857,"{'algorithm': 'auto', 'leaf_size': 30, 'metric': 'minkowski', 'metric_params': None, 'n_jobs': None, 'n_neighbors': np.int64(11), 'p': 4, 'weights': 'distance'}",0.579491376876831
Chinese_wine,7,2,7,10,RandomForest,Time_Warping,3,"{'sigma': 0.5, 'knot': 4}",0.5394444444444444,0.5401441450813267,"{'bootstrap': True, 'ccp_alpha': 0.0, 'class_weight': None, 'criterion': 'gini', 'max_depth': None, 'max_features': 'sqrt', 'max_leaf_nodes': None, 'max_samples': None, 'min_impurity_decrease': 0.0, 'min_samples_leaf': 2, 'min_samples_split': 20, 'min_weight_fraction_leaf': 0.0, 'monotonic_cst': None, 'n_estimators': 100, 'n_jobs': None, 'oob_score': False, 'random_state': 42, 'verbose': 0, 'warm_start': False}",5.210392475128174
Chinese_wine,7,2,7,10,LinearSVC,Time_Warping,3,"{'sigma': 0.5, 'knot': 4}",0.304,0.2554439328098593,"{'C': np.float64(33.59818286283781), 'class_weight': 'balanced', 'dual': False, 'fit_intercept': True, 'intercept_scaling': 1, 'loss': 'squared_hinge', 'max_iter': 100, 'multi_class': 'ovr', 'penalty': 'l1', 'random_state': 42, 'tol': 0.001, 'verbose': 0}",0.0960695743560791
Chinese_wine,7,2,7,10,LogisticRegression,Time_Warping,3,"{'sigma': 0.5, 'knot': 4}",0.31,0.3001078991834786,"{'C': np.float64(33.59818286283781), 'class_weight': None, 'dual': False, 'fit_intercept': True, 'intercept_scaling': 1, 'l1_ratio': None, 'max_iter': 100, 'multi_class': 'deprecated', 'n_jobs': None, 'penalty': 'l2', 'random_state': 42, 'solver': 'saga', 'tol': 0.0001, 'verbose': 0, 'warm_start': False}",0.18814802169799805
Chinese_wine,7,2,7,10,KNN,Time_Warping,4,"{'sigma': 0.05, 'knot': 8}",0.6432222222222223,0.6318180290277308,"{'algorithm': 'auto', 'leaf_size': 30, 'metric': 'minkowski', 'metric_params': None, 'n_jobs': None, 'n_neighbors': np.int64(11), 'p': 4, 'weights': 'distance'}",0.7435870170593262
Chinese_wine,7,2,7,10,RandomForest,Time_Warping,4,"{'sigma': 0.05, 'knot': 8}",0.5806666666666667,0.5769261135360504,"{'bootstrap': True, 'ccp_alpha': 0.0, 'class_weight': 'balanced', 'criterion': 'gini', 'max_depth': None, 'max_features': 'sqrt', 'max_leaf_nodes': None, 'max_samples': None, 'min_impurity_decrease': 0.0, 'min_samples_leaf': 1, 'min_samples_split': 2, 'min_weight_fraction_leaf': 0.0, 'monotonic_cst': None, 'n_estimators': 50, 'n_jobs': None, 'oob_score': False, 'random_state': 42, 'verbose': 0, 'warm_start': False}",2.572737693786621
Chinese_wine,7,2,7,10,LinearSVC,Time_Warping,4,"{'sigma': 0.05, 'knot': 8}",0.5927777777777777,0.5641919839557133,"{'C': np.float64(33.59818286283781), 'class_weight': 'balanced', 'dual': False, 'fit_intercept': True, 'intercept_scaling': 1, 'loss': 'squared_hinge', 'max_iter': 100, 'multi_class': 'ovr', 'penalty': 'l1', 'random_state': 42, 'tol': 0.0001, 'verbose': 0}",0.43767428398132324
Chinese_wine,7,2,7,10,LogisticRegression,Time_Warping,4,"{'sigma': 0.05, 'knot': 8}",0.6061111111111112,0.6035831340465125,"{'C': np.float64(33.59818286283781), 'class_weight': 'balanced', 'dual': False, 'fit_intercept': True, 'intercept_scaling': 1, 'l1_ratio': None, 'max_iter': 100, 'multi_class': 'deprecated', 'n_jobs': None, 'penalty': 'l1', 'random_state': 42, 'solver': 'saga', 'tol': 0.0001, 'verbose': 0, 'warm_start': False}",1.1369714736938477
Chinese_wine,7,2,7,10,KNN,Time_Warping,5,"{'sigma': 0.1, 'knot': 4}",0.65,0.6404850524268344,"{'algorithm': 'auto', 'leaf_size': 30, 'metric': 'manhattan', 'metric_params': None, 'n_jobs': None, 'n_neighbors': np.int64(5), 'p': 2, 'weights': 'distance'}",0.2522108554840088
Chinese_wine,7,2,7,10,RandomForest,Time_Warping,5,"{'sigma': 0.1, 'knot': 4}",0.5663333333333334,0.5605970539406988,"{'bootstrap': True, 'ccp_alpha': 0.0, 'class_weight': 'balanced', 'criterion': 'gini', 'max_depth': 30, 'max_features': 'sqrt', 'max_leaf_nodes': None, 'max_samples': None, 'min_impurity_decrease': 0.0, 'min_samples_leaf': 1, 'min_samples_split': 2, 'min_weight_fraction_leaf': 0.0, 'monotonic_cst': None, 'n_estimators': 150, 'n_jobs': None, 'oob_score': False, 'random_state': 42, 'verbose': 0, 'warm_start': False}",7.2984771728515625
Chinese_wine,7,2,7,10,LinearSVC,Time_Warping,5,"{'sigma': 0.1, 'knot': 4}",0.5334444444444445,0.5036034031589025,"{'C': np.float64(33.59818286283781), 'class_weight': 'balanced', 'dual': False, 'fit_intercept': True, 'intercept_scaling': 1, 'loss': 'squared_hinge', 'max_iter': 100, 'multi_class': 'ovr', 'penalty': 'l1', 'random_state': 42, 'tol': 0.001, 'verbose': 0}",0.22987985610961914
Chinese_wine,7,2,7,10,LogisticRegression,Time_Warping,5,"{'sigma': 0.1, 'knot': 4}",0.5663333333333334,0.5599126537081646,"{'C': np.float64(33.59818286283781), 'class_weight': 'balanced', 'dual': False, 'fit_intercept': True, 'intercept_scaling': 1, 'l1_ratio': None, 'max_iter': 100, 'multi_class': 'deprecated', 'n_jobs': None, 'penalty': 'l1', 'random_state': 42, 'solver': 'saga', 'tol': 0.0001, 'verbose': 0, 'warm_start': False}",1.227860927581787
Chinese_wine,7,2,7,10,KNN,Time_Warping,6,"{'sigma': 0.3, 'knot': 6}",0.6448888888888888,0.6373130841487634,"{'algorithm': 'auto', 'leaf_size': 30, 'metric': 'minkowski', 'metric_params': None, 'n_jobs': None, 'n_neighbors': np.int64(11), 'p': 4, 'weights': 'distance'}",0.7091343402862549
Chinese_wine,7,2,7,10,RandomForest,Time_Warping,6,"{'sigma': 0.3, 'knot': 6}",0.5751111111111111,0.5731345493368005,"{'bootstrap': True, 'ccp_alpha': 0.0, 'class_weight': 'balanced', 'criterion': 'gini', 'max_depth': None, 'max_features': 'sqrt', 'max_leaf_nodes': None, 'max_samples': None, 'min_impurity_decrease': 0.0, 'min_samples_leaf': 1, 'min_samples_split': 2, 'min_weight_fraction_leaf': 0.0, 'monotonic_cst': None, 'n_estimators': 50, 'n_jobs': None, 'oob_score': False, 'random_state': 42, 'verbose': 0, 'warm_start': False}",2.7875630855560303
Chinese_wine,7,2,7,10,LinearSVC,Time_Warping,6,"{'sigma': 0.3, 'knot': 6}",0.35644444444444445,0.31038024036558975,"{'C': np.float64(0.4832930238571752), 'class_weight': 'balanced', 'dual': False, 'fit_intercept': True, 'intercept_scaling': 1, 'loss': 'squared_hinge', 'max_iter': 100, 'multi_class': 'ovr', 'penalty': 'l2', 'random_state': 42, 'tol': 0.0001, 'verbose': 0}",0.08249139785766602
Chinese_wine,7,2,7,10,LogisticRegression,Time_Warping,6,"{'sigma': 0.3, 'knot': 6}",0.4128888888888889,0.41447394749363564,"{'C': np.float64(33.59818286283781), 'class_weight': None, 'dual': False, 'fit_intercept': True, 'intercept_scaling': 1, 'l1_ratio': None, 'max_iter': 100, 'multi_class': 'deprecated', 'n_jobs': None, 'penalty': 'l2', 'random_state': 42, 'solver': 'saga', 'tol': 0.0001, 'verbose': 0, 'warm_start': False}",0.15579962730407715
Chinese_wine,7,2,7,10,KNN,Time_Warping,7,"{'sigma': 0.05, 'knot': 6}",0.6517777777777778,0.6427809751849461,"{'algorithm': 'auto', 'leaf_size': 30, 'metric': 'euclidean', 'metric_params': None, 'n_jobs': None, 'n_neighbors': np.int64(9), 'p': 2, 'weights': 'distance'}",0.15921640396118164
Chinese_wine,7,2,7,10,RandomForest,Time_Warping,7,"{'sigma': 0.05, 'knot': 6}",0.5907777777777777,0.588305955858139,"{'bootstrap': True, 'ccp_alpha': 0.0, 'class_weight': 'balanced', 'criterion': 'gini', 'max_depth': None, 'max_features': 'sqrt', 'max_leaf_nodes': None, 'max_samples': None, 'min_impurity_decrease': 0.0, 'min_samples_leaf': 1, 'min_samples_split': 2, 'min_weight_fraction_leaf': 0.0, 'monotonic_cst': None, 'n_estimators': 50, 'n_jobs': None, 'oob_score': False, 'random_state': 42, 'verbose': 0, 'warm_start': False}",2.5754432678222656
Chinese_wine,7,2,7,10,LinearSVC,Time_Warping,7,"{'sigma': 0.05, 'knot': 6}",0.594,0.5611994322358962,"{'C': np.float64(1000.0), 'class_weight': 'balanced', 'dual': False, 'fit_intercept': True, 'intercept_scaling': 1, 'loss': 'squared_hinge', 'max_iter': 100, 'multi_class': 'ovr', 'penalty': 'l2', 'random_state': 42, 'tol': 0.001, 'verbose': 0}",0.10953521728515625
Chinese_wine,7,2,7,10,LogisticRegression,Time_Warping,7,"{'sigma': 0.05, 'knot': 6}",0.6125555555555555,0.610669216164187,"{'C': np.float64(33.59818286283781), 'class_weight': 'balanced', 'dual': False, 'fit_intercept': True, 'intercept_scaling': 1, 'l1_ratio': None, 'max_iter': 100, 'multi_class': 'deprecated', 'n_jobs': None, 'penalty': 'l1', 'random_state': 42, 'solver': 'saga', 'tol': 0.0001, 'verbose': 0, 'warm_start': False}",1.1736176013946533
Chinese_wine,7,2,7,10,KNN,Time_Warping,8,"{'sigma': 0.3, 'knot': 6}",0.6576666666666666,0.6502688244592807,"{'algorithm': 'auto', 'leaf_size': 30, 'metric': 'minkowski', 'metric_params': None, 'n_jobs': None, 'n_neighbors': np.int64(11), 'p': 4, 'weights': 'distance'}",0.6901867389678955
Chinese_wine,7,2,7,10,RandomForest,Time_Warping,8,"{'sigma': 0.3, 'knot': 6}",0.566,0.5614912870997021,"{'bootstrap': True, 'ccp_alpha': 0.0, 'class_weight': 'balanced', 'criterion': 'gini', 'max_depth': None, 'max_features': 'sqrt', 'max_leaf_nodes': None, 'max_samples': None, 'min_impurity_decrease': 0.0, 'min_samples_leaf': 1, 'min_samples_split': 2, 'min_weight_fraction_leaf': 0.0, 'monotonic_cst': None, 'n_estimators': 50, 'n_jobs': None, 'oob_score': False, 'random_state': 42, 'verbose': 0, 'warm_start': False}",2.3577277660369873
Chinese_wine,7,2,7,10,LinearSVC,Time_Warping,8,"{'sigma': 0.3, 'knot': 6}",0.3625555555555556,0.3295989382361629,"{'C': np.float64(1000.0), 'class_weight': 'balanced', 'dual': False, 'fit_intercept': True, 'intercept_scaling': 1, 'loss': 'squared_hinge', 'max_iter': 100, 'multi_class': 'ovr', 'penalty': 'l2', 'random_state': 42, 'tol': 0.001, 'verbose': 0}",0.07104110717773438
Chinese_wine,7,2,7,10,LogisticRegression,Time_Warping,8,"{'sigma': 0.3, 'knot': 6}",0.4098888888888889,0.40974600967888986,"{'C': np.float64(33.59818286283781), 'class_weight': 'balanced', 'dual': False, 'fit_intercept': True, 'intercept_scaling': 1, 'l1_ratio': None, 'max_iter': 100, 'multi_class': 'deprecated', 'n_jobs': None, 'penalty': 'l2', 'random_state': 42, 'solver': 'saga', 'tol': 0.0001, 'verbose': 0, 'warm_start': False}",0.1779618263244629
Chinese_wine,7,2,7,10,KNN,Time_Warping,9,"{'sigma': 0.1, 'knot': 6}",0.644,0.6322702672164027,"{'algorithm': 'auto', 'leaf_size': 30, 'metric': 'minkowski', 'metric_params': None, 'n_jobs': None, 'n_neighbors': np.int64(5), 'p': 3, 'weights': 'distance'}",0.6109132766723633
Chinese_wine,7,2,7,10,RandomForest,Time_Warping,9,"{'sigma': 0.1, 'knot': 6}",0.5833333333333334,0.577320694607901,"{'bootstrap': True, 'ccp_alpha': 0.0, 'class_weight': 'balanced', 'criterion': 'gini', 'max_depth': 30, 'max_features': 'sqrt', 'max_leaf_nodes': None, 'max_samples': None, 'min_impurity_decrease': 0.0, 'min_samples_leaf': 1, 'min_samples_split': 2, 'min_weight_fraction_leaf': 0.0, 'monotonic_cst': None, 'n_estimators': 150, 'n_jobs': None, 'oob_score': False, 'random_state': 42, 'verbose': 0, 'warm_start': False}",8.170904636383057
Chinese_wine,7,2,7,10,LinearSVC,Time_Warping,9,"{'sigma': 0.1, 'knot': 6}",0.5745555555555556,0.5417039265679382,"{'C': np.float64(1000.0), 'class_weight': 'balanced', 'dual': False, 'fit_intercept': True, 'intercept_scaling': 1, 'loss': 'squared_hinge', 'max_iter': 100, 'multi_class': 'ovr', 'penalty': 'l2', 'random_state': 42, 'tol': 0.001, 'verbose': 0}",0.09305214881896973
Chinese_wine,7,2,7,10,LogisticRegression,Time_Warping,9,"{'sigma': 0.1, 'knot': 6}",0.5283333333333333,0.5178064145515414,"{'C': np.float64(2.6366508987303554), 'class_weight': 'balanced', 'dual': False, 'fit_intercept': True, 'intercept_scaling': 1, 'l1_ratio': None, 'max_iter': 100, 'multi_class': 'deprecated', 'n_jobs': None, 'penalty': 'l1', 'random_state': 42, 'solver': 'saga', 'tol': 0.0001, 'verbose': 0, 'warm_start': False}",0.6900675296783447
Chinese_wine,7,2,7,10,KNN,Time_Warping,10,"{'sigma': 0.1, 'knot': 8}",0.6462222222222223,0.6376192760928403,"{'algorithm': 'auto', 'leaf_size': 30, 'metric': 'manhattan', 'metric_params': None, 'n_jobs': None, 'n_neighbors': np.int64(5), 'p': 2, 'weights': 'distance'}",0.2544372081756592
Chinese_wine,7,2,7,10,RandomForest,Time_Warping,10,"{'sigma': 0.1, 'knot': 8}",0.5838888888888889,0.5807191219147617,"{'bootstrap': True, 'ccp_alpha': 0.0, 'class_weight': 'balanced', 'criterion': 'gini', 'max_depth': None, 'max_features': 'sqrt', 'max_leaf_nodes': None, 'max_samples': None, 'min_impurity_decrease': 0.0, 'min_samples_leaf': 1, 'min_samples_split': 2, 'min_weight_fraction_leaf': 0.0, 'monotonic_cst': None, 'n_estimators': 50, 'n_jobs': None, 'oob_score': False, 'random_state': 42, 'verbose': 0, 'warm_start': False}",2.649245023727417
Chinese_wine,7,2,7,10,LinearSVC,Time_Warping,10,"{'sigma': 0.1, 'knot': 8}",0.5632222222222222,0.5268507863793593,"{'C': np.float64(0.4832930238571752), 'class_weight': 'balanced', 'dual': False, 'fit_intercept': True, 'intercept_scaling': 1, 'loss': 'squared_hinge', 'max_iter': 100, 'multi_class': 'ovr', 'penalty': 'l2', 'random_state': 42, 'tol': 0.0001, 'verbose': 0}",0.11936020851135254
Chinese_wine,7,2,7,10,LogisticRegression,Time_Warping,10,"{'sigma': 0.1, 'knot': 8}",0.5437777777777778,0.533044482806519,"{'C': np.float64(33.59818286283781), 'class_weight': 'balanced', 'dual': False, 'fit_intercept': True, 'intercept_scaling': 1, 'l1_ratio': None, 'max_iter': 100, 'multi_class': 'deprecated', 'n_jobs': None, 'penalty': 'l1', 'random_state': 42, 'solver': 'saga', 'tol': 0.0001, 'verbose': 0, 'warm_start': False}",0.38683414459228516
Chinese_wine,7,2,8,1,KNN,Baseline,N/A,N/A,0.6704444444444444,0.6571693643489633,"{'algorithm': 'auto', 'leaf_size': 30, 'metric': 'minkowski', 'metric_params': None, 'n_jobs': None, 'n_neighbors': 5, 'p': 2, 'weights': 'uniform'}",0.3376450538635254
Chinese_wine,7,2,8,1,KNN,Tuned_Baseline,N/A,N/A,0.6703333333333333,0.6559000630924123,"{'algorithm': 'auto', 'leaf_size': 30, 'metric': 'manhattan', 'metric_params': None, 'n_jobs': None, 'n_neighbors': np.int64(5), 'p': 2, 'weights': 'distance'}",0.06008338928222656
Chinese_wine,7,2,8,1,RandomForest,Baseline,N/A,N/A,0.6285555555555555,0.6104033233927401,"{'bootstrap': True, 'ccp_alpha': 0.0, 'class_weight': None, 'criterion': 'gini', 'max_depth': None, 'max_features': 'sqrt', 'max_leaf_nodes': None, 'max_samples': None, 'min_impurity_decrease': 0.0, 'min_samples_leaf': 1, 'min_samples_split': 2, 'min_weight_fraction_leaf': 0.0, 'monotonic_cst': None, 'n_estimators': 100, 'n_jobs': None, 'oob_score': False, 'random_state': 42, 'verbose': 0, 'warm_start': False}",0.5227935314178467
Chinese_wine,7,2,8,1,RandomForest,Tuned_Baseline,N/A,N/A,0.6311111111111111,0.613343431944041,"{'bootstrap': True, 'ccp_alpha': 0.0, 'class_weight': 'balanced', 'criterion': 'gini', 'max_depth': 30, 'max_features': 'sqrt', 'max_leaf_nodes': None, 'max_samples': None, 'min_impurity_decrease': 0.0, 'min_samples_leaf': 1, 'min_samples_split': 2, 'min_weight_fraction_leaf': 0.0, 'monotonic_cst': None, 'n_estimators': 150, 'n_jobs': None, 'oob_score': False, 'random_state': 42, 'verbose': 0, 'warm_start': False}",0.07519245147705078
Chinese_wine,7,2,8,1,LinearSVC,Baseline,N/A,N/A,0.6382222222222222,0.6150564809007971,"{'C': 1.0, 'class_weight': None, 'dual': False, 'fit_intercept': True, 'intercept_scaling': 1, 'loss': 'squared_hinge', 'max_iter': 100, 'multi_class': 'ovr', 'penalty': 'l2', 'random_state': 42, 'tol': 0.0001, 'verbose': 0}",0.01429438591003418
Chinese_wine,7,2,8,1,LinearSVC,Tuned_Baseline,N/A,N/A,0.6417777777777778,0.6233787267723125,"{'C': np.float64(6.1584821106602545), 'class_weight': None, 'dual': False, 'fit_intercept': True, 'intercept_scaling': 1, 'loss': 'squared_hinge', 'max_iter': 100, 'multi_class': 'ovr', 'penalty': 'l2', 'random_state': 42, 'tol': 0.0001, 'verbose': 0}",0.0010113716125488281
Chinese_wine,7,2,8,1,LogisticRegression,Baseline,N/A,N/A,0.6288888888888889,0.6171445714500299,"{'C': 1.0, 'class_weight': None, 'dual': False, 'fit_intercept': True, 'intercept_scaling': 1, 'l1_ratio': None, 'max_iter': 100, 'multi_class': 'deprecated', 'n_jobs': None, 'penalty': 'l2', 'random_state': 42, 'solver': 'lbfgs', 'tol': 0.0001, 'verbose': 0, 'warm_start': False}",0.1762692928314209
Chinese_wine,7,2,8,1,LogisticRegression,Tuned_Baseline,N/A,N/A,0.6667777777777778,0.6566013622596761,"{'C': np.float64(1000.0), 'class_weight': 'balanced', 'dual': False, 'fit_intercept': True, 'intercept_scaling': 1, 'l1_ratio': None, 'max_iter': 100, 'multi_class': 'deprecated', 'n_jobs': None, 'penalty': 'l2', 'random_state': 42, 'solver': 'sag', 'tol': 0.0001, 'verbose': 0, 'warm_start': False}",0.0009453296661376953
Chinese_wine,7,2,8,1,RNN,Tuned_Baseline,N/A,N/A,0.1,0.018181818181818184,"{'hidden_size': 64, 'epochs': 10, 'batch_size': 32, 'lr': 0.001}",1.9311904907226562e-05
Chinese_wine,7,2,8,2,KNN,Time_Warping,1,"{'sigma': 0.2, 'knot': 4}",0.6484444444444445,0.6352696460047065,"{'algorithm': 'auto', 'leaf_size': 30, 'metric': 'minkowski', 'metric_params': None, 'n_jobs': None, 'n_neighbors': np.int64(5), 'p': 3, 'weights': 'distance'}",0.2337050437927246
Chinese_wine,7,2,8,2,RandomForest,Time_Warping,1,"{'sigma': 0.2, 'knot': 4}",0.6035555555555555,0.5850992170955578,"{'bootstrap': True, 'ccp_alpha': 0.0, 'class_weight': 'balanced', 'criterion': 'gini', 'max_depth': None, 'max_features': 'sqrt', 'max_leaf_nodes': None, 'max_samples': None, 'min_impurity_decrease': 0.0, 'min_samples_leaf': 1, 'min_samples_split': 5, 'min_weight_fraction_leaf': 0.0, 'monotonic_cst': None, 'n_estimators': 50, 'n_jobs': None, 'oob_score': False, 'random_state': 42, 'verbose': 0, 'warm_start': False}",0.45973944664001465
Chinese_wine,7,2,8,2,LinearSVC,Time_Warping,1,"{'sigma': 0.2, 'knot': 4}",0.44477777777777777,0.4062786995080526,"{'C': np.float64(33.59818286283781), 'class_weight': 'balanced', 'dual': False, 'fit_intercept': True, 'intercept_scaling': 1, 'loss': 'squared_hinge', 'max_iter': 100, 'multi_class': 'ovr', 'penalty': 'l1', 'random_state': 42, 'tol': 0.001, 'verbose': 0}",0.036420583724975586
Chinese_wine,7,2,8,2,LogisticRegression,Time_Warping,1,"{'sigma': 0.2, 'knot': 4}",0.43944444444444447,0.4361186187270457,"{'C': np.float64(33.59818286283781), 'class_weight': 'balanced', 'dual': False, 'fit_intercept': True, 'intercept_scaling': 1, 'l1_ratio': None, 'max_iter': 100, 'multi_class': 'deprecated', 'n_jobs': None, 'penalty': 'l2', 'random_state': 42, 'solver': 'saga', 'tol': 0.0001, 'verbose': 0, 'warm_start': False}",0.03487801551818848
Chinese_wine,7,2,8,2,KNN,Time_Warping,2,"{'sigma': 0.2, 'knot': 3}",0.6511111111111111,0.6395904805869308,"{'algorithm': 'auto', 'leaf_size': 30, 'metric': 'minkowski', 'metric_params': None, 'n_jobs': None, 'n_neighbors': np.int64(5), 'p': 3, 'weights': 'distance'}",0.25156641006469727
Chinese_wine,7,2,8,2,RandomForest,Time_Warping,2,"{'sigma': 0.2, 'knot': 3}",0.6046666666666667,0.582751772646384,"{'bootstrap': True, 'ccp_alpha': 0.0, 'class_weight': 'balanced', 'criterion': 'gini', 'max_depth': None, 'max_features': 'sqrt', 'max_leaf_nodes': None, 'max_samples': None, 'min_impurity_decrease': 0.0, 'min_samples_leaf': 1, 'min_samples_split': 2, 'min_weight_fraction_leaf': 0.0, 'monotonic_cst': None, 'n_estimators': 50, 'n_jobs': None, 'oob_score': False, 'random_state': 42, 'verbose': 0, 'warm_start': False}",0.5851705074310303
Chinese_wine,7,2,8,2,LinearSVC,Time_Warping,2,"{'sigma': 0.2, 'knot': 3}",0.43822222222222224,0.37716122619415715,"{'C': np.float64(0.4832930238571752), 'class_weight': 'balanced', 'dual': False, 'fit_intercept': True, 'intercept_scaling': 1, 'loss': 'squared_hinge', 'max_iter': 100, 'multi_class': 'ovr', 'penalty': 'l2', 'random_state': 42, 'tol': 0.0001, 'verbose': 0}",0.023886442184448242
Chinese_wine,7,2,8,2,LogisticRegression,Time_Warping,2,"{'sigma': 0.2, 'knot': 3}",0.4696666666666667,0.4264426645524849,"{'C': np.float64(1000.0), 'class_weight': 'balanced', 'dual': False, 'fit_intercept': True, 'intercept_scaling': 1, 'l1_ratio': None, 'max_iter': 100, 'multi_class': 'deprecated', 'n_jobs': None, 'penalty': 'l2', 'random_state': 42, 'solver': 'sag', 'tol': 0.0001, 'verbose': 0, 'warm_start': False}",0.03885507583618164
Chinese_wine,7,2,8,2,KNN,Time_Warping,3,"{'sigma': 0.5, 'knot': 4}",0.649,0.6361921640705219,"{'algorithm': 'auto', 'leaf_size': 30, 'metric': 'minkowski', 'metric_params': None, 'n_jobs': None, 'n_neighbors': np.int64(11), 'p': 4, 'weights': 'distance'}",0.3093149662017822
Chinese_wine,7,2,8,2,RandomForest,Time_Warping,3,"{'sigma': 0.5, 'knot': 4}",0.6054444444444445,0.5858069800679806,"{'bootstrap': True, 'ccp_alpha': 0.0, 'class_weight': 'balanced', 'criterion': 'gini', 'max_depth': 30, 'max_features': 'sqrt', 'max_leaf_nodes': None, 'max_samples': None, 'min_impurity_decrease': 0.0, 'min_samples_leaf': 1, 'min_samples_split': 2, 'min_weight_fraction_leaf': 0.0, 'monotonic_cst': None, 'n_estimators': 150, 'n_jobs': None, 'oob_score': False, 'random_state': 42, 'verbose': 0, 'warm_start': False}",1.432952880859375
Chinese_wine,7,2,8,2,LinearSVC,Time_Warping,3,"{'sigma': 0.5, 'knot': 4}",0.374,0.3320097365453965,"{'C': np.float64(1000.0), 'class_weight': 'balanced', 'dual': False, 'fit_intercept': True, 'intercept_scaling': 1, 'loss': 'squared_hinge', 'max_iter': 100, 'multi_class': 'ovr', 'penalty': 'l2', 'random_state': 42, 'tol': 0.001, 'verbose': 0}",0.019824743270874023
Chinese_wine,7,2,8,2,LogisticRegression,Time_Warping,3,"{'sigma': 0.5, 'knot': 4}",0.36677777777777776,0.36286037561796236,"{'C': np.float64(183.29807108324337), 'class_weight': 'balanced', 'dual': False, 'fit_intercept': True, 'intercept_scaling': 1, 'l1_ratio': None, 'max_iter': 100, 'multi_class': 'deprecated', 'n_jobs': None, 'penalty': 'l1', 'random_state': 42, 'solver': 'saga', 'tol': 0.0001, 'verbose': 0, 'warm_start': False}",0.051835060119628906
Chinese_wine,7,2,8,2,KNN,Time_Warping,4,"{'sigma': 0.05, 'knot': 8}",0.6524444444444445,0.6388514135650359,"{'algorithm': 'auto', 'leaf_size': 30, 'metric': 'minkowski', 'metric_params': None, 'n_jobs': None, 'n_neighbors': np.int64(5), 'p': 3, 'weights': 'distance'}",0.24432778358459473
Chinese_wine,7,2,8,2,RandomForest,Time_Warping,4,"{'sigma': 0.05, 'knot': 8}",0.6174444444444445,0.597284276498453,"{'bootstrap': True, 'ccp_alpha': 0.0, 'class_weight': 'balanced', 'criterion': 'gini', 'max_depth': 30, 'max_features': 'sqrt', 'max_leaf_nodes': None, 'max_samples': None, 'min_impurity_decrease': 0.0, 'min_samples_leaf': 1, 'min_samples_split': 2, 'min_weight_fraction_leaf': 0.0, 'monotonic_cst': None, 'n_estimators': 150, 'n_jobs': None, 'oob_score': False, 'random_state': 42, 'verbose': 0, 'warm_start': False}",1.3755557537078857
Chinese_wine,7,2,8,2,LinearSVC,Time_Warping,4,"{'sigma': 0.05, 'knot': 8}",0.5858888888888889,0.5586781439858212,"{'C': np.float64(33.59818286283781), 'class_weight': None, 'dual': False, 'fit_intercept': True, 'intercept_scaling': 1, 'loss': 'squared_hinge', 'max_iter': 100, 'multi_class': 'ovr', 'penalty': 'l1', 'random_state': 42, 'tol': 0.001, 'verbose': 0}",0.07072830200195312
Chinese_wine,7,2,8,2,LogisticRegression,Time_Warping,4,"{'sigma': 0.05, 'knot': 8}",0.6327777777777778,0.624652527398353,"{'C': np.float64(33.59818286283781), 'class_weight': None, 'dual': False, 'fit_intercept': True, 'intercept_scaling': 1, 'l1_ratio': None, 'max_iter': 100, 'multi_class': 'deprecated', 'n_jobs': None, 'penalty': 'l2', 'random_state': 42, 'solver': 'saga', 'tol': 0.0001, 'verbose': 0, 'warm_start': False}",0.1661052703857422
Chinese_wine,7,2,8,2,KNN,Time_Warping,5,"{'sigma': 0.1, 'knot': 4}",0.6672222222222223,0.6552579580058105,"{'algorithm': 'auto', 'leaf_size': 30, 'metric': 'minkowski', 'metric_params': None, 'n_jobs': None, 'n_neighbors': np.int64(5), 'p': 3, 'weights': 'distance'}",0.26395368576049805
Chinese_wine,7,2,8,2,RandomForest,Time_Warping,5,"{'sigma': 0.1, 'knot': 4}",0.6156666666666667,0.5942201885193158,"{'bootstrap': True, 'ccp_alpha': 0.0, 'class_weight': 'balanced', 'criterion': 'gini', 'max_depth': None, 'max_features': 'sqrt', 'max_leaf_nodes': None, 'max_samples': None, 'min_impurity_decrease': 0.0, 'min_samples_leaf': 1, 'min_samples_split': 2, 'min_weight_fraction_leaf': 0.0, 'monotonic_cst': None, 'n_estimators': 50, 'n_jobs': None, 'oob_score': False, 'random_state': 42, 'verbose': 0, 'warm_start': False}",0.48003172874450684
Chinese_wine,7,2,8,2,LinearSVC,Time_Warping,5,"{'sigma': 0.1, 'knot': 4}",0.4504444444444444,0.410581571655232,"{'C': np.float64(0.4832930238571752), 'class_weight': 'balanced', 'dual': False, 'fit_intercept': True, 'intercept_scaling': 1, 'loss': 'squared_hinge', 'max_iter': 100, 'multi_class': 'ovr', 'penalty': 'l2', 'random_state': 42, 'tol': 0.0001, 'verbose': 0}",0.02479386329650879
Chinese_wine,7,2,8,2,LogisticRegression,Time_Warping,5,"{'sigma': 0.1, 'knot': 4}",0.509,0.4961770462979564,"{'C': np.float64(33.59818286283781), 'class_weight': 'balanced', 'dual': False, 'fit_intercept': True, 'intercept_scaling': 1, 'l1_ratio': None, 'max_iter': 100, 'multi_class': 'deprecated', 'n_jobs': None, 'penalty': 'l2', 'random_state': 42, 'solver': 'saga', 'tol': 0.0001, 'verbose': 0, 'warm_start': False}",0.08893704414367676
Chinese_wine,7,2,8,2,KNN,Time_Warping,6,"{'sigma': 0.3, 'knot': 6}",0.6676666666666666,0.6551117007107854,"{'algorithm': 'auto', 'leaf_size': 30, 'metric': 'minkowski', 'metric_params': None, 'n_jobs': None, 'n_neighbors': np.int64(5), 'p': 3, 'weights': 'distance'}",0.2762491703033447
Chinese_wine,7,2,8,2,RandomForest,Time_Warping,6,"{'sigma': 0.3, 'knot': 6}",0.6038888888888889,0.5839987353676721,"{'bootstrap': True, 'ccp_alpha': 0.0, 'class_weight': None, 'criterion': 'gini', 'max_depth': 20, 'max_features': 'sqrt', 'max_leaf_nodes': None, 'max_samples': None, 'min_impurity_decrease': 0.0, 'min_samples_leaf': 1, 'min_samples_split': 2, 'min_weight_fraction_leaf': 0.0, 'monotonic_cst': None, 'n_estimators': 100, 'n_jobs': None, 'oob_score': False, 'random_state': 42, 'verbose': 0, 'warm_start': False}",0.9308967590332031
Chinese_wine,7,2,8,2,LinearSVC,Time_Warping,6,"{'sigma': 0.3, 'knot': 6}",0.47144444444444444,0.42957341319897485,"{'C': np.float64(33.59818286283781), 'class_weight': 'balanced', 'dual': False, 'fit_intercept': True, 'intercept_scaling': 1, 'loss': 'squared_hinge', 'max_iter': 100, 'multi_class': 'ovr', 'penalty': 'l1', 'random_state': 42, 'tol': 0.001, 'verbose': 0}",0.03420901298522949
Chinese_wine,7,2,8,2,LogisticRegression,Time_Warping,6,"{'sigma': 0.3, 'knot': 6}",0.46244444444444444,0.4104218693988449,"{'C': np.float64(14.38449888287663), 'class_weight': 'balanced', 'dual': False, 'fit_intercept': False, 'intercept_scaling': 1, 'l1_ratio': None, 'max_iter': 100, 'multi_class': 'deprecated', 'n_jobs': None, 'penalty': 'l2', 'random_state': 42, 'solver': 'sag', 'tol': 0.0001, 'verbose': 0, 'warm_start': False}",0.039464712142944336
Chinese_wine,7,2,8,2,KNN,Time_Warping,7,"{'sigma': 0.05, 'knot': 6}",0.6621111111111111,0.6497474916070285,"{'algorithm': 'auto', 'leaf_size': 30, 'metric': 'minkowski', 'metric_params': None, 'n_jobs': None, 'n_neighbors': np.int64(5), 'p': 3, 'weights': 'distance'}",0.26310038566589355
Chinese_wine,7,2,8,2,RandomForest,Time_Warping,7,"{'sigma': 0.05, 'knot': 6}",0.6107777777777778,0.5885218830460681,"{'bootstrap': True, 'ccp_alpha': 0.0, 'class_weight': 'balanced', 'criterion': 'gini', 'max_depth': None, 'max_features': 'sqrt', 'max_leaf_nodes': None, 'max_samples': None, 'min_impurity_decrease': 0.0, 'min_samples_leaf': 1, 'min_samples_split': 2, 'min_weight_fraction_leaf': 0.0, 'monotonic_cst': None, 'n_estimators': 50, 'n_jobs': None, 'oob_score': False, 'random_state': 42, 'verbose': 0, 'warm_start': False}",0.41065549850463867
Chinese_wine,7,2,8,2,LinearSVC,Time_Warping,7,"{'sigma': 0.05, 'knot': 6}",0.511,0.4800496554370791,"{'C': np.float64(33.59818286283781), 'class_weight': 'balanced', 'dual': False, 'fit_intercept': True, 'intercept_scaling': 1, 'loss': 'squared_hinge', 'max_iter': 100, 'multi_class': 'ovr', 'penalty': 'l1', 'random_state': 42, 'tol': 0.001, 'verbose': 0}",0.06688714027404785
Chinese_wine,7,2,8,2,LogisticRegression,Time_Warping,7,"{'sigma': 0.05, 'knot': 6}",0.5283333333333333,0.5078818197536694,"{'C': np.float64(14.38449888287663), 'class_weight': 'balanced', 'dual': False, 'fit_intercept': False, 'intercept_scaling': 1, 'l1_ratio': None, 'max_iter': 100, 'multi_class': 'deprecated', 'n_jobs': None, 'penalty': 'l2', 'random_state': 42, 'solver': 'sag', 'tol': 0.0001, 'verbose': 0, 'warm_start': False}",0.04453110694885254
Chinese_wine,7,2,8,2,KNN,Time_Warping,8,"{'sigma': 0.3, 'knot': 6}",0.6667777777777778,0.6537545362417366,"{'algorithm': 'auto', 'leaf_size': 30, 'metric': 'minkowski', 'metric_params': None, 'n_jobs': None, 'n_neighbors': np.int64(5), 'p': 3, 'weights': 'distance'}",0.28339719772338867
Chinese_wine,7,2,8,2,RandomForest,Time_Warping,8,"{'sigma': 0.3, 'knot': 6}",0.6145555555555555,0.5938156335395223,"{'bootstrap': True, 'ccp_alpha': 0.0, 'class_weight': 'balanced', 'criterion': 'gini', 'max_depth': 30, 'max_features': 'sqrt', 'max_leaf_nodes': None, 'max_samples': None, 'min_impurity_decrease': 0.0, 'min_samples_leaf': 1, 'min_samples_split': 2, 'min_weight_fraction_leaf': 0.0, 'monotonic_cst': None, 'n_estimators': 150, 'n_jobs': None, 'oob_score': False, 'random_state': 42, 'verbose': 0, 'warm_start': False}",1.3011364936828613
Chinese_wine,7,2,8,2,LinearSVC,Time_Warping,8,"{'sigma': 0.3, 'knot': 6}",0.42877777777777776,0.39213086014881343,"{'C': np.float64(183.29807108324337), 'class_weight': 'balanced', 'dual': False, 'fit_intercept': True, 'intercept_scaling': 1, 'loss': 'squared_hinge', 'max_iter': 100, 'multi_class': 'ovr', 'penalty': 'l1', 'random_state': 42, 'tol': 0.0001, 'verbose': 0}",0.042250633239746094
Chinese_wine,7,2,8,2,LogisticRegression,Time_Warping,8,"{'sigma': 0.3, 'knot': 6}",0.44477777777777777,0.44616948919864563,"{'C': np.float64(1000.0), 'class_weight': 'balanced', 'dual': False, 'fit_intercept': True, 'intercept_scaling': 1, 'l1_ratio': None, 'max_iter': 100, 'multi_class': 'deprecated', 'n_jobs': None, 'penalty': 'l2', 'random_state': 42, 'solver': 'sag', 'tol': 0.0001, 'verbose': 0, 'warm_start': False}",0.049103498458862305
Chinese_wine,7,2,8,2,KNN,Time_Warping,9,"{'sigma': 0.1, 'knot': 6}",0.6587777777777778,0.6461893149451495,"{'algorithm': 'auto', 'leaf_size': 30, 'metric': 'chebyshev', 'metric_params': None, 'n_jobs': None, 'n_neighbors': np.int64(11), 'p': 2, 'weights': 'distance'}",0.05756688117980957
Chinese_wine,7,2,8,2,RandomForest,Time_Warping,9,"{'sigma': 0.1, 'knot': 6}",0.6037777777777777,0.5848421730746111,"{'bootstrap': True, 'ccp_alpha': 0.0, 'class_weight': 'balanced', 'criterion': 'gini', 'max_depth': None, 'max_features': 'sqrt', 'max_leaf_nodes': None, 'max_samples': None, 'min_impurity_decrease': 0.0, 'min_samples_leaf': 2, 'min_samples_split': 2, 'min_weight_fraction_leaf': 0.0, 'monotonic_cst': None, 'n_estimators': 150, 'n_jobs': None, 'oob_score': False, 'random_state': 42, 'verbose': 0, 'warm_start': False}",1.2243711948394775
Chinese_wine,7,2,8,2,LinearSVC,Time_Warping,9,"{'sigma': 0.1, 'knot': 6}",0.5087777777777778,0.46092293482064806,"{'C': np.float64(33.59818286283781), 'class_weight': 'balanced', 'dual': False, 'fit_intercept': True, 'intercept_scaling': 1, 'loss': 'squared_hinge', 'max_iter': 100, 'multi_class': 'ovr', 'penalty': 'l1', 'random_state': 42, 'tol': 0.001, 'verbose': 0}",0.06004047393798828
Chinese_wine,7,2,8,2,LogisticRegression,Time_Warping,9,"{'sigma': 0.1, 'knot': 6}",0.5672222222222222,0.5538141335490304,"{'C': np.float64(183.29807108324337), 'class_weight': 'balanced', 'dual': False, 'fit_intercept': True, 'intercept_scaling': 1, 'l1_ratio': None, 'max_iter': 100, 'multi_class': 'deprecated', 'n_jobs': None, 'penalty': 'l1', 'random_state': 42, 'solver': 'saga', 'tol': 0.0001, 'verbose': 0, 'warm_start': False}",0.07030844688415527
Chinese_wine,7,2,8,2,KNN,Time_Warping,10,"{'sigma': 0.1, 'knot': 8}",0.6584444444444445,0.6457561608542816,"{'algorithm': 'auto', 'leaf_size': 30, 'metric': 'minkowski', 'metric_params': None, 'n_jobs': None, 'n_neighbors': np.int64(5), 'p': 3, 'weights': 'distance'}",0.2786266803741455
Chinese_wine,7,2,8,2,RandomForest,Time_Warping,10,"{'sigma': 0.1, 'knot': 8}",0.6222222222222222,0.6037097768350531,"{'bootstrap': True, 'ccp_alpha': 0.0, 'class_weight': 'balanced', 'criterion': 'gini', 'max_depth': 30, 'max_features': 'sqrt', 'max_leaf_nodes': None, 'max_samples': None, 'min_impurity_decrease': 0.0, 'min_samples_leaf': 1, 'min_samples_split': 2, 'min_weight_fraction_leaf': 0.0, 'monotonic_cst': None, 'n_estimators': 150, 'n_jobs': None, 'oob_score': False, 'random_state': 42, 'verbose': 0, 'warm_start': False}",1.2094306945800781
Chinese_wine,7,2,8,2,LinearSVC,Time_Warping,10,"{'sigma': 0.1, 'knot': 8}",0.5352222222222223,0.49953364188002364,"{'C': np.float64(33.59818286283781), 'class_weight': 'balanced', 'dual': False, 'fit_intercept': True, 'intercept_scaling': 1, 'loss': 'squared_hinge', 'max_iter': 100, 'multi_class': 'ovr', 'penalty': 'l1', 'random_state': 42, 'tol': 0.001, 'verbose': 0}",0.07758569717407227
Chinese_wine,7,2,8,2,LogisticRegression,Time_Warping,10,"{'sigma': 0.1, 'knot': 8}",0.5702222222222222,0.5556942865635179,"{'C': np.float64(1000.0), 'class_weight': 'balanced', 'dual': False, 'fit_intercept': True, 'intercept_scaling': 1, 'l1_ratio': None, 'max_iter': 100, 'multi_class': 'deprecated', 'n_jobs': None, 'penalty': 'l2', 'random_state': 42, 'solver': 'sag', 'tol': 0.0001, 'verbose': 0, 'warm_start': False}",0.057959556579589844
Chinese_wine,7,2,8,3,KNN,Time_Warping,1,"{'sigma': 0.2, 'knot': 4}",0.6515555555555556,0.6368057383761663,"{'algorithm': 'auto', 'leaf_size': 30, 'metric': 'minkowski', 'metric_params': None, 'n_jobs': None, 'n_neighbors': np.int64(5), 'p': 3, 'weights': 'distance'}",0.45050621032714844
Chinese_wine,7,2,8,3,RandomForest,Time_Warping,1,"{'sigma': 0.2, 'knot': 4}",0.6062222222222222,0.5853300675117911,"{'bootstrap': True, 'ccp_alpha': 0.0, 'class_weight': 'balanced', 'criterion': 'gini', 'max_depth': 30, 'max_features': 'sqrt', 'max_leaf_nodes': None, 'max_samples': None, 'min_impurity_decrease': 0.0, 'min_samples_leaf': 1, 'min_samples_split': 2, 'min_weight_fraction_leaf': 0.0, 'monotonic_cst': None, 'n_estimators': 150, 'n_jobs': None, 'oob_score': False, 'random_state': 42, 'verbose': 0, 'warm_start': False}",1.8695003986358643
Chinese_wine,7,2,8,3,LinearSVC,Time_Warping,1,"{'sigma': 0.2, 'knot': 4}",0.48,0.4354767458354946,"{'C': np.float64(1000.0), 'class_weight': 'balanced', 'dual': False, 'fit_intercept': True, 'intercept_scaling': 1, 'loss': 'squared_hinge', 'max_iter': 100, 'multi_class': 'ovr', 'penalty': 'l2', 'random_state': 42, 'tol': 0.001, 'verbose': 0}",0.023929834365844727
Chinese_wine,7,2,8,3,LogisticRegression,Time_Warping,1,"{'sigma': 0.2, 'knot': 4}",0.5497777777777778,0.5344030793312826,"{'C': np.float64(1000.0), 'class_weight': 'balanced', 'dual': False, 'fit_intercept': True, 'intercept_scaling': 1, 'l1_ratio': None, 'max_iter': 100, 'multi_class': 'deprecated', 'n_jobs': None, 'penalty': 'l2', 'random_state': 42, 'solver': 'sag', 'tol': 0.0001, 'verbose': 0, 'warm_start': False}",0.07077765464782715
Chinese_wine,7,2,8,3,KNN,Time_Warping,2,"{'sigma': 0.2, 'knot': 3}",0.6575555555555556,0.6442794916998638,"{'algorithm': 'auto', 'leaf_size': 30, 'metric': 'manhattan', 'metric_params': None, 'n_jobs': None, 'n_neighbors': np.int64(5), 'p': 2, 'weights': 'distance'}",0.1245722770690918
Chinese_wine,7,2,8,3,RandomForest,Time_Warping,2,"{'sigma': 0.2, 'knot': 3}",0.6008888888888889,0.5830703805210284,"{'bootstrap': True, 'ccp_alpha': 0.0, 'class_weight': None, 'criterion': 'gini', 'max_depth': 30, 'max_features': 'sqrt', 'max_leaf_nodes': None, 'max_samples': None, 'min_impurity_decrease': 0.0, 'min_samples_leaf': 1, 'min_samples_split': 5, 'min_weight_fraction_leaf': 0.0, 'monotonic_cst': None, 'n_estimators': 50, 'n_jobs': None, 'oob_score': False, 'random_state': 42, 'verbose': 0, 'warm_start': False}",0.6657788753509521
Chinese_wine,7,2,8,3,LinearSVC,Time_Warping,2,"{'sigma': 0.2, 'knot': 3}",0.42044444444444445,0.3040599111035261,"{'C': np.float64(0.4832930238571752), 'class_weight': None, 'dual': False, 'fit_intercept': False, 'intercept_scaling': 1, 'loss': 'squared_hinge', 'max_iter': 100, 'multi_class': 'ovr', 'penalty': 'l2', 'random_state': 42, 'tol': 0.0001, 'verbose': 0}",0.02444911003112793
Chinese_wine,7,2,8,3,LogisticRegression,Time_Warping,2,"{'sigma': 0.2, 'knot': 3}",0.48377777777777775,0.4652616138111728,"{'C': np.float64(2.6366508987303554), 'class_weight': 'balanced', 'dual': False, 'fit_intercept': True, 'intercept_scaling': 1, 'l1_ratio': None, 'max_iter': 100, 'multi_class': 'deprecated', 'n_jobs': None, 'penalty': 'l1', 'random_state': 42, 'solver': 'saga', 'tol': 0.0001, 'verbose': 0, 'warm_start': False}",0.06263470649719238
Chinese_wine,7,2,8,3,KNN,Time_Warping,3,"{'sigma': 0.5, 'knot': 4}",0.66,0.6457453129698925,"{'algorithm': 'auto', 'leaf_size': 30, 'metric': 'manhattan', 'metric_params': None, 'n_jobs': None, 'n_neighbors': np.int64(5), 'p': 2, 'weights': 'distance'}",0.12241649627685547
Chinese_wine,7,2,8,3,RandomForest,Time_Warping,3,"{'sigma': 0.5, 'knot': 4}",0.6023333333333334,0.5830969701400792,"{'bootstrap': True, 'ccp_alpha': 0.0, 'class_weight': None, 'criterion': 'gini', 'max_depth': 20, 'max_features': 'sqrt', 'max_leaf_nodes': None, 'max_samples': None, 'min_impurity_decrease': 0.0, 'min_samples_leaf': 1, 'min_samples_split': 2, 'min_weight_fraction_leaf': 0.0, 'monotonic_cst': None, 'n_estimators': 100, 'n_jobs': None, 'oob_score': False, 'random_state': 42, 'verbose': 0, 'warm_start': False}",1.4842488765716553
Chinese_wine,7,2,8,3,LinearSVC,Time_Warping,3,"{'sigma': 0.5, 'knot': 4}",0.32055555555555554,0.31325454904978006,"{'C': np.float64(1000.0), 'class_weight': 'balanced', 'dual': False, 'fit_intercept': True, 'intercept_scaling': 1, 'loss': 'squared_hinge', 'max_iter': 100, 'multi_class': 'ovr', 'penalty': 'l2', 'random_state': 42, 'tol': 0.001, 'verbose': 0}",0.02794957160949707
Chinese_wine,7,2,8,3,LogisticRegression,Time_Warping,3,"{'sigma': 0.5, 'knot': 4}",0.35044444444444445,0.34569913675119285,"{'C': np.float64(33.59818286283781), 'class_weight': None, 'dual': False, 'fit_intercept': True, 'intercept_scaling': 1, 'l1_ratio': None, 'max_iter': 100, 'multi_class': 'deprecated', 'n_jobs': None, 'penalty': 'l2', 'random_state': 42, 'solver': 'saga', 'tol': 0.0001, 'verbose': 0, 'warm_start': False}",0.05284905433654785
Chinese_wine,7,2,8,3,KNN,Time_Warping,4,"{'sigma': 0.05, 'knot': 8}",0.637,0.6248930868604698,"{'algorithm': 'auto', 'leaf_size': 30, 'metric': 'minkowski', 'metric_params': None, 'n_jobs': None, 'n_neighbors': np.int64(5), 'p': 3, 'weights': 'distance'}",0.38457727432250977
Chinese_wine,7,2,8,3,RandomForest,Time_Warping,4,"{'sigma': 0.05, 'knot': 8}",0.5975555555555555,0.5758998095942779,"{'bootstrap': True, 'ccp_alpha': 0.0, 'class_weight': None, 'criterion': 'gini', 'max_depth': None, 'max_features': 'sqrt', 'max_leaf_nodes': None, 'max_samples': None, 'min_impurity_decrease': 0.0, 'min_samples_leaf': 1, 'min_samples_split': 5, 'min_weight_fraction_leaf': 0.0, 'monotonic_cst': None, 'n_estimators': 150, 'n_jobs': None, 'oob_score': False, 'random_state': 42, 'verbose': 0, 'warm_start': False}",2.0798697471618652
Chinese_wine,7,2,8,3,LinearSVC,Time_Warping,4,"{'sigma': 0.05, 'knot': 8}",0.524,0.49480267658749016,"{'C': np.float64(33.59818286283781), 'class_weight': 'balanced', 'dual': False, 'fit_intercept': True, 'intercept_scaling': 1, 'loss': 'squared_hinge', 'max_iter': 100, 'multi_class': 'ovr', 'penalty': 'l1', 'random_state': 42, 'tol': 0.001, 'verbose': 0}",0.11128616333007812
Chinese_wine,7,2,8,3,LogisticRegression,Time_Warping,4,"{'sigma': 0.05, 'knot': 8}",0.5836666666666667,0.5673718760237074,"{'C': np.float64(183.29807108324337), 'class_weight': None, 'dual': False, 'fit_intercept': True, 'intercept_scaling': 1, 'l1_ratio': None, 'max_iter': 100, 'multi_class': 'deprecated', 'n_jobs': None, 'penalty': 'l2', 'random_state': 42, 'solver': 'saga', 'tol': 0.0001, 'verbose': 0, 'warm_start': False}",0.2490088939666748
Chinese_wine,7,2,8,3,KNN,Time_Warping,5,"{'sigma': 0.1, 'knot': 4}",0.6501111111111111,0.6360502104646149,"{'algorithm': 'auto', 'leaf_size': 30, 'metric': 'minkowski', 'metric_params': None, 'n_jobs': None, 'n_neighbors': np.int64(5), 'p': 3, 'weights': 'distance'}",0.39585328102111816
Chinese_wine,7,2,8,3,RandomForest,Time_Warping,5,"{'sigma': 0.1, 'knot': 4}",0.5963333333333334,0.5731614240945782,"{'bootstrap': True, 'ccp_alpha': 0.0, 'class_weight': 'balanced', 'criterion': 'gini', 'max_depth': None, 'max_features': 'sqrt', 'max_leaf_nodes': None, 'max_samples': None, 'min_impurity_decrease': 0.0, 'min_samples_leaf': 1, 'min_samples_split': 2, 'min_weight_fraction_leaf': 0.0, 'monotonic_cst': None, 'n_estimators': 50, 'n_jobs': None, 'oob_score': False, 'random_state': 42, 'verbose': 0, 'warm_start': False}",0.7201821804046631
Chinese_wine,7,2,8,3,LinearSVC,Time_Warping,5,"{'sigma': 0.1, 'knot': 4}",0.45766666666666667,0.41906578624284374,"{'C': np.float64(33.59818286283781), 'class_weight': 'balanced', 'dual': False, 'fit_intercept': True, 'intercept_scaling': 1, 'loss': 'squared_hinge', 'max_iter': 100, 'multi_class': 'ovr', 'penalty': 'l1', 'random_state': 42, 'tol': 0.001, 'verbose': 0}",0.0830998420715332
Chinese_wine,7,2,8,3,LogisticRegression,Time_Warping,5,"{'sigma': 0.1, 'knot': 4}",0.5157777777777778,0.5064995563909147,"{'C': np.float64(183.29807108324337), 'class_weight': None, 'dual': False, 'fit_intercept': True, 'intercept_scaling': 1, 'l1_ratio': None, 'max_iter': 100, 'multi_class': 'deprecated', 'n_jobs': None, 'penalty': 'l2', 'random_state': 42, 'solver': 'saga', 'tol': 0.0001, 'verbose': 0, 'warm_start': False}",0.03874373435974121
Chinese_wine,7,2,8,3,KNN,Time_Warping,6,"{'sigma': 0.3, 'knot': 6}",0.6658888888888889,0.6536107147726465,"{'algorithm': 'auto', 'leaf_size': 30, 'metric': 'minkowski', 'metric_params': None, 'n_jobs': None, 'n_neighbors': np.int64(5), 'p': 3, 'weights': 'distance'}",0.4632084369659424
Chinese_wine,7,2,8,3,RandomForest,Time_Warping,6,"{'sigma': 0.3, 'knot': 6}",0.5907777777777777,0.5707258761947552,"{'bootstrap': True, 'ccp_alpha': 0.0, 'class_weight': None, 'criterion': 'gini', 'max_depth': None, 'max_features': 'sqrt', 'max_leaf_nodes': None, 'max_samples': None, 'min_impurity_decrease': 0.0, 'min_samples_leaf': 1, 'min_samples_split': 5, 'min_weight_fraction_leaf': 0.0, 'monotonic_cst': None, 'n_estimators': 150, 'n_jobs': None, 'oob_score': False, 'random_state': 42, 'verbose': 0, 'warm_start': False}",1.9956836700439453
Chinese_wine,7,2,8,3,LinearSVC,Time_Warping,6,"{'sigma': 0.3, 'knot': 6}",0.37933333333333336,0.33682553093444234,"{'C': np.float64(33.59818286283781), 'class_weight': 'balanced', 'dual': False, 'fit_intercept': True, 'intercept_scaling': 1, 'loss': 'squared_hinge', 'max_iter': 100, 'multi_class': 'ovr', 'penalty': 'l1', 'random_state': 42, 'tol': 0.0001, 'verbose': 0}",0.0408024787902832
Chinese_wine,7,2,8,3,LogisticRegression,Time_Warping,6,"{'sigma': 0.3, 'knot': 6}",0.3857777777777778,0.3736759332466783,"{'C': np.float64(1000.0), 'class_weight': 'balanced', 'dual': False, 'fit_intercept': True, 'intercept_scaling': 1, 'l1_ratio': None, 'max_iter': 100, 'multi_class': 'deprecated', 'n_jobs': None, 'penalty': 'l2', 'random_state': 42, 'solver': 'sag', 'tol': 0.0001, 'verbose': 0, 'warm_start': False}",0.06525301933288574
Chinese_wine,7,2,8,3,KNN,Time_Warping,7,"{'sigma': 0.05, 'knot': 6}",0.6583333333333333,0.646111462036429,"{'algorithm': 'auto', 'leaf_size': 30, 'metric': 'minkowski', 'metric_params': None, 'n_jobs': None, 'n_neighbors': np.int64(5), 'p': 3, 'weights': 'distance'}",0.4017660617828369
Chinese_wine,7,2,8,3,RandomForest,Time_Warping,7,"{'sigma': 0.05, 'knot': 6}",0.5962222222222222,0.5731041910001913,"{'bootstrap': True, 'ccp_alpha': 0.0, 'class_weight': 'balanced', 'criterion': 'gini', 'max_depth': 20, 'max_features': 'sqrt', 'max_leaf_nodes': None, 'max_samples': None, 'min_impurity_decrease': 0.0, 'min_samples_leaf': 1, 'min_samples_split': 2, 'min_weight_fraction_leaf': 0.0, 'monotonic_cst': None, 'n_estimators': 50, 'n_jobs': None, 'oob_score': False, 'random_state': 42, 'verbose': 0, 'warm_start': False}",0.6280419826507568
Chinese_wine,7,2,8,3,LinearSVC,Time_Warping,7,"{'sigma': 0.05, 'knot': 6}",0.5536666666666666,0.5089257272442569,"{'C': np.float64(1000.0), 'class_weight': 'balanced', 'dual': False, 'fit_intercept': True, 'intercept_scaling': 1, 'loss': 'squared_hinge', 'max_iter': 100, 'multi_class': 'ovr', 'penalty': 'l2', 'random_state': 42, 'tol': 0.001, 'verbose': 0}",0.03328990936279297
Chinese_wine,7,2,8,3,LogisticRegression,Time_Warping,7,"{'sigma': 0.05, 'knot': 6}",0.6241111111111111,0.6135971474770908,"{'C': np.float64(33.59818286283781), 'class_weight': None, 'dual': False, 'fit_intercept': True, 'intercept_scaling': 1, 'l1_ratio': None, 'max_iter': 100, 'multi_class': 'deprecated', 'n_jobs': None, 'penalty': 'l2', 'random_state': 42, 'solver': 'saga', 'tol': 0.0001, 'verbose': 0, 'warm_start': False}",0.22263050079345703
Chinese_wine,7,2,8,3,KNN,Time_Warping,8,"{'sigma': 0.3, 'knot': 6}",0.6545555555555556,0.6437537447420526,"{'algorithm': 'auto', 'leaf_size': 30, 'metric': 'manhattan', 'metric_params': None, 'n_jobs': None, 'n_neighbors': np.int64(5), 'p': 2, 'weights': 'distance'}",0.218505859375
Chinese_wine,7,2,8,3,RandomForest,Time_Warping,8,"{'sigma': 0.3, 'knot': 6}",0.5921111111111111,0.5701209145034435,"{'bootstrap': True, 'ccp_alpha': 0.0, 'class_weight': 'balanced', 'criterion': 'gini', 'max_depth': None, 'max_features': 'sqrt', 'max_leaf_nodes': None, 'max_samples': None, 'min_impurity_decrease': 0.0, 'min_samples_leaf': 2, 'min_samples_split': 2, 'min_weight_fraction_leaf': 0.0, 'monotonic_cst': None, 'n_estimators': 150, 'n_jobs': None, 'oob_score': False, 'random_state': 42, 'verbose': 0, 'warm_start': False}",2.2555034160614014
Chinese_wine,7,2,8,3,LinearSVC,Time_Warping,8,"{'sigma': 0.3, 'knot': 6}",0.4061111111111111,0.3204953860564723,"{'C': np.float64(0.4832930238571752), 'class_weight': None, 'dual': False, 'fit_intercept': False, 'intercept_scaling': 1, 'loss': 'squared_hinge', 'max_iter': 100, 'multi_class': 'ovr', 'penalty': 'l2', 'random_state': 42, 'tol': 0.0001, 'verbose': 0}",0.02353191375732422
Chinese_wine,7,2,8,3,LogisticRegression,Time_Warping,8,"{'sigma': 0.3, 'knot': 6}",0.49922222222222223,0.48911263609132233,"{'C': np.float64(6.1584821106602545), 'class_weight': None, 'dual': False, 'fit_intercept': True, 'intercept_scaling': 1, 'l1_ratio': None, 'max_iter': 100, 'multi_class': 'deprecated', 'n_jobs': None, 'penalty': 'l2', 'random_state': 42, 'solver': 'lbfgs', 'tol': 0.0001, 'verbose': 0, 'warm_start': False}",0.06134223937988281
Chinese_wine,7,2,8,3,KNN,Time_Warping,9,"{'sigma': 0.1, 'knot': 6}",0.6546666666666666,0.6410122194650876,"{'algorithm': 'auto', 'leaf_size': 30, 'metric': 'minkowski', 'metric_params': None, 'n_jobs': None, 'n_neighbors': np.int64(11), 'p': 4, 'weights': 'distance'}",0.444638729095459
Chinese_wine,7,2,8,3,RandomForest,Time_Warping,9,"{'sigma': 0.1, 'knot': 6}",0.601,0.5813634772361677,"{'bootstrap': True, 'ccp_alpha': 0.0, 'class_weight': 'balanced', 'criterion': 'gini', 'max_depth': 20, 'max_features': 'sqrt', 'max_leaf_nodes': None, 'max_samples': None, 'min_impurity_decrease': 0.0, 'min_samples_leaf': 1, 'min_samples_split': 2, 'min_weight_fraction_leaf': 0.0, 'monotonic_cst': None, 'n_estimators': 50, 'n_jobs': None, 'oob_score': False, 'random_state': 42, 'verbose': 0, 'warm_start': False}",0.6901383399963379
Chinese_wine,7,2,8,3,LinearSVC,Time_Warping,9,"{'sigma': 0.1, 'knot': 6}",0.4766666666666667,0.44036036533782774,"{'C': np.float64(1000.0), 'class_weight': 'balanced', 'dual': False, 'fit_intercept': True, 'intercept_scaling': 1, 'loss': 'squared_hinge', 'max_iter': 100, 'multi_class': 'ovr', 'penalty': 'l2', 'random_state': 42, 'tol': 0.001, 'verbose': 0}",0.0682222843170166
Chinese_wine,7,2,8,3,LogisticRegression,Time_Warping,9,"{'sigma': 0.1, 'knot': 6}",0.5251111111111111,0.513717437573707,"{'C': np.float64(183.29807108324337), 'class_weight': 'balanced', 'dual': False, 'fit_intercept': True, 'intercept_scaling': 1, 'l1_ratio': None, 'max_iter': 100, 'multi_class': 'deprecated', 'n_jobs': None, 'penalty': 'l1', 'random_state': 42, 'solver': 'saga', 'tol': 0.0001, 'verbose': 0, 'warm_start': False}",0.07472896575927734
Chinese_wine,7,2,8,3,KNN,Time_Warping,10,"{'sigma': 0.1, 'knot': 8}",0.6554444444444445,0.642562431313844,"{'algorithm': 'auto', 'leaf_size': 30, 'metric': 'minkowski', 'metric_params': None, 'n_jobs': None, 'n_neighbors': np.int64(11), 'p': 4, 'weights': 'distance'}",0.46535396575927734
Chinese_wine,7,2,8,3,RandomForest,Time_Warping,10,"{'sigma': 0.1, 'knot': 8}",0.5966666666666667,0.5774025520924752,"{'bootstrap': True, 'ccp_alpha': 0.0, 'class_weight': 'balanced', 'criterion': 'gini', 'max_depth': 30, 'max_features': 'sqrt', 'max_leaf_nodes': None, 'max_samples': None, 'min_impurity_decrease': 0.0, 'min_samples_leaf': 1, 'min_samples_split': 5, 'min_weight_fraction_leaf': 0.0, 'monotonic_cst': None, 'n_estimators': 100, 'n_jobs': None, 'oob_score': False, 'random_state': 42, 'verbose': 0, 'warm_start': False}",1.2146368026733398
Chinese_wine,7,2,8,3,LinearSVC,Time_Warping,10,"{'sigma': 0.1, 'knot': 8}",0.4855555555555556,0.4553541244741386,"{'C': np.float64(1000.0), 'class_weight': 'balanced', 'dual': False, 'fit_intercept': True, 'intercept_scaling': 1, 'loss': 'squared_hinge', 'max_iter': 100, 'multi_class': 'ovr', 'penalty': 'l2', 'random_state': 42, 'tol': 0.001, 'verbose': 0}",0.03188371658325195
Chinese_wine,7,2,8,3,LogisticRegression,Time_Warping,10,"{'sigma': 0.1, 'knot': 8}",0.5256666666666666,0.5118085854673202,"{'C': np.float64(33.59818286283781), 'class_weight': 'balanced', 'dual': False, 'fit_intercept': True, 'intercept_scaling': 1, 'l1_ratio': None, 'max_iter': 100, 'multi_class': 'deprecated', 'n_jobs': None, 'penalty': 'l1', 'random_state': 42, 'solver': 'saga', 'tol': 0.0001, 'verbose': 0, 'warm_start': False}",0.09253883361816406
Chinese_wine,7,2,8,5,KNN,Time_Warping,1,"{'sigma': 0.2, 'knot': 4}",0.6507777777777778,0.6374951245346198,"{'algorithm': 'auto', 'leaf_size': 30, 'metric': 'minkowski', 'metric_params': None, 'n_jobs': None, 'n_neighbors': np.int64(5), 'p': 3, 'weights': 'distance'}",0.5602943897247314
Chinese_wine,7,2,8,5,RandomForest,Time_Warping,1,"{'sigma': 0.2, 'knot': 4}",0.5797777777777777,0.5590625968486977,"{'bootstrap': True, 'ccp_alpha': 0.0, 'class_weight': 'balanced', 'criterion': 'gini', 'max_depth': None, 'max_features': 'sqrt', 'max_leaf_nodes': None, 'max_samples': None, 'min_impurity_decrease': 0.0, 'min_samples_leaf': 2, 'min_samples_split': 2, 'min_weight_fraction_leaf': 0.0, 'monotonic_cst': None, 'n_estimators': 150, 'n_jobs': None, 'oob_score': False, 'random_state': 42, 'verbose': 0, 'warm_start': False}",3.472940444946289
Chinese_wine,7,2,8,5,LinearSVC,Time_Warping,1,"{'sigma': 0.2, 'knot': 4}",0.36877777777777776,0.3214896684320166,"{'C': np.float64(183.29807108324337), 'class_weight': None, 'dual': False, 'fit_intercept': True, 'intercept_scaling': 1, 'loss': 'squared_hinge', 'max_iter': 100, 'multi_class': 'ovr', 'penalty': 'l1', 'random_state': 42, 'tol': 0.001, 'verbose': 0}",0.06742691993713379
Chinese_wine,7,2,8,5,LogisticRegression,Time_Warping,1,"{'sigma': 0.2, 'knot': 4}",0.48133333333333334,0.47035213904446804,"{'C': np.float64(183.29807108324337), 'class_weight': 'balanced', 'dual': False, 'fit_intercept': True, 'intercept_scaling': 1, 'l1_ratio': None, 'max_iter': 100, 'multi_class': 'deprecated', 'n_jobs': None, 'penalty': 'l1', 'random_state': 42, 'solver': 'saga', 'tol': 0.0001, 'verbose': 0, 'warm_start': False}",0.11675333976745605
Chinese_wine,7,2,8,5,KNN,Time_Warping,2,"{'sigma': 0.2, 'knot': 3}",0.6381111111111111,0.6252671584509601,"{'algorithm': 'auto', 'leaf_size': 30, 'metric': 'minkowski', 'metric_params': None, 'n_jobs': None, 'n_neighbors': np.int64(5), 'p': 3, 'weights': 'distance'}",0.4721696376800537
Chinese_wine,7,2,8,5,RandomForest,Time_Warping,2,"{'sigma': 0.2, 'knot': 3}",0.5806666666666667,0.5589001159786721,"{'bootstrap': True, 'ccp_alpha': 0.0, 'class_weight': 'balanced', 'criterion': 'gini', 'max_depth': 30, 'max_features': 'sqrt', 'max_leaf_nodes': None, 'max_samples': None, 'min_impurity_decrease': 0.0, 'min_samples_leaf': 1, 'min_samples_split': 2, 'min_weight_fraction_leaf': 0.0, 'monotonic_cst': None, 'n_estimators': 150, 'n_jobs': None, 'oob_score': False, 'random_state': 42, 'verbose': 0, 'warm_start': False}",3.5607738494873047
Chinese_wine,7,2,8,5,LinearSVC,Time_Warping,2,"{'sigma': 0.2, 'knot': 3}",0.43933333333333335,0.3788941346199071,"{'C': np.float64(2.6366508987303554), 'class_weight': 'balanced', 'dual': False, 'fit_intercept': True, 'intercept_scaling': 1, 'loss': 'squared_hinge', 'max_iter': 100, 'multi_class': 'ovr', 'penalty': 'l1', 'random_state': 42, 'tol': 0.0001, 'verbose': 0}",0.05952715873718262
Chinese_wine,7,2,8,5,LogisticRegression,Time_Warping,2,"{'sigma': 0.2, 'knot': 3}",0.475,0.4624986053406514,"{'C': np.float64(1000.0), 'class_weight': 'balanced', 'dual': False, 'fit_intercept': True, 'intercept_scaling': 1, 'l1_ratio': None, 'max_iter': 100, 'multi_class': 'deprecated', 'n_jobs': None, 'penalty': 'l2', 'random_state': 42, 'solver': 'sag', 'tol': 0.0001, 'verbose': 0, 'warm_start': False}",0.11750912666320801
Chinese_wine,7,2,8,5,KNN,Time_Warping,3,"{'sigma': 0.5, 'knot': 4}",0.6242222222222222,0.6087133982623584,"{'algorithm': 'auto', 'leaf_size': 30, 'metric': 'minkowski', 'metric_params': None, 'n_jobs': None, 'n_neighbors': np.int64(11), 'p': 4, 'weights': 'distance'}",0.5088858604431152
Chinese_wine,7,2,8,5,RandomForest,Time_Warping,3,"{'sigma': 0.5, 'knot': 4}",0.5428888888888889,0.5203767591872122,"{'bootstrap': True, 'ccp_alpha': 0.0, 'class_weight': 'balanced', 'criterion': 'gini', 'max_depth': 20, 'max_features': 'sqrt', 'max_leaf_nodes': None, 'max_samples': None, 'min_impurity_decrease': 0.0, 'min_samples_leaf': 2, 'min_samples_split': 5, 'min_weight_fraction_leaf': 0.0, 'monotonic_cst': None, 'n_estimators': 50, 'n_jobs': None, 'oob_score': False, 'random_state': 42, 'verbose': 0, 'warm_start': False}",1.1447410583496094
Chinese_wine,7,2,8,5,LinearSVC,Time_Warping,3,"{'sigma': 0.5, 'knot': 4}",0.243,0.19600268599037252,"{'C': np.float64(33.59818286283781), 'class_weight': 'balanced', 'dual': False, 'fit_intercept': True, 'intercept_scaling': 1, 'loss': 'squared_hinge', 'max_iter': 100, 'multi_class': 'ovr', 'penalty': 'l1', 'random_state': 42, 'tol': 0.001, 'verbose': 0}",0.037770986557006836
Chinese_wine,7,2,8,5,LogisticRegression,Time_Warping,3,"{'sigma': 0.5, 'knot': 4}",0.27544444444444444,0.24679607328667755,"{'C': np.float64(183.29807108324337), 'class_weight': 'balanced', 'dual': False, 'fit_intercept': True, 'intercept_scaling': 1, 'l1_ratio': None, 'max_iter': 100, 'multi_class': 'deprecated', 'n_jobs': None, 'penalty': 'l1', 'random_state': 42, 'solver': 'saga', 'tol': 0.0001, 'verbose': 0, 'warm_start': False}",0.12280440330505371
Chinese_wine,7,2,8,5,KNN,Time_Warping,4,"{'sigma': 0.05, 'knot': 8}",0.6416666666666667,0.6281407966348046,"{'algorithm': 'auto', 'leaf_size': 30, 'metric': 'minkowski', 'metric_params': None, 'n_jobs': None, 'n_neighbors': np.int64(5), 'p': 3, 'weights': 'distance'}",0.414278507232666
Chinese_wine,7,2,8,5,RandomForest,Time_Warping,4,"{'sigma': 0.05, 'knot': 8}",0.5896666666666667,0.5655573600968252,"{'bootstrap': True, 'ccp_alpha': 0.0, 'class_weight': 'balanced', 'criterion': 'gini', 'max_depth': None, 'max_features': 'sqrt', 'max_leaf_nodes': None, 'max_samples': None, 'min_impurity_decrease': 0.0, 'min_samples_leaf': 1, 'min_samples_split': 5, 'min_weight_fraction_leaf': 0.0, 'monotonic_cst': None, 'n_estimators': 50, 'n_jobs': None, 'oob_score': False, 'random_state': 42, 'verbose': 0, 'warm_start': False}",1.1957216262817383
Chinese_wine,7,2,8,5,LinearSVC,Time_Warping,4,"{'sigma': 0.05, 'knot': 8}",0.5602222222222222,0.521756449372056,"{'C': np.float64(33.59818286283781), 'class_weight': 'balanced', 'dual': False, 'fit_intercept': True, 'intercept_scaling': 1, 'loss': 'squared_hinge', 'max_iter': 100, 'multi_class': 'ovr', 'penalty': 'l1', 'random_state': 42, 'tol': 0.001, 'verbose': 0}",0.20047974586486816
Chinese_wine,7,2,8,5,LogisticRegression,Time_Warping,4,"{'sigma': 0.05, 'knot': 8}",0.6198888888888889,0.6085737624374631,"{'C': np.float64(33.59818286283781), 'class_weight': 'balanced', 'dual': False, 'fit_intercept': True, 'intercept_scaling': 1, 'l1_ratio': None, 'max_iter': 100, 'multi_class': 'deprecated', 'n_jobs': None, 'penalty': 'l2', 'random_state': 42, 'solver': 'saga', 'tol': 0.0001, 'verbose': 0, 'warm_start': False}",0.5182652473449707
Chinese_wine,7,2,8,5,KNN,Time_Warping,5,"{'sigma': 0.1, 'knot': 4}",0.6295555555555555,0.61612973974688,"{'algorithm': 'auto', 'leaf_size': 30, 'metric': 'minkowski', 'metric_params': None, 'n_jobs': None, 'n_neighbors': np.int64(5), 'p': 3, 'weights': 'distance'}",0.4787123203277588
Chinese_wine,7,2,8,5,RandomForest,Time_Warping,5,"{'sigma': 0.1, 'knot': 4}",0.5844444444444444,0.563308988539553,"{'bootstrap': True, 'ccp_alpha': 0.0, 'class_weight': 'balanced', 'criterion': 'gini', 'max_depth': None, 'max_features': 'sqrt', 'max_leaf_nodes': None, 'max_samples': None, 'min_impurity_decrease': 0.0, 'min_samples_leaf': 1, 'min_samples_split': 2, 'min_weight_fraction_leaf': 0.0, 'monotonic_cst': None, 'n_estimators': 50, 'n_jobs': None, 'oob_score': False, 'random_state': 42, 'verbose': 0, 'warm_start': False}",1.0479991436004639
Chinese_wine,7,2,8,5,LinearSVC,Time_Warping,5,"{'sigma': 0.1, 'knot': 4}",0.44622222222222224,0.3995208352176701,"{'C': np.float64(33.59818286283781), 'class_weight': 'balanced', 'dual': False, 'fit_intercept': True, 'intercept_scaling': 1, 'loss': 'squared_hinge', 'max_iter': 100, 'multi_class': 'ovr', 'penalty': 'l1', 'random_state': 42, 'tol': 0.001, 'verbose': 0}",0.09614706039428711
Chinese_wine,7,2,8,5,LogisticRegression,Time_Warping,5,"{'sigma': 0.1, 'knot': 4}",0.5412222222222223,0.5263899782039668,"{'C': np.float64(33.59818286283781), 'class_weight': 'balanced', 'dual': False, 'fit_intercept': True, 'intercept_scaling': 1, 'l1_ratio': None, 'max_iter': 100, 'multi_class': 'deprecated', 'n_jobs': None, 'penalty': 'l2', 'random_state': 42, 'solver': 'saga', 'tol': 0.0001, 'verbose': 0, 'warm_start': False}",0.07414698600769043
Chinese_wine,7,2,8,5,KNN,Time_Warping,6,"{'sigma': 0.3, 'knot': 6}",0.6416666666666667,0.6227553294095564,"{'algorithm': 'auto', 'leaf_size': 30, 'metric': 'manhattan', 'metric_params': None, 'n_jobs': None, 'n_neighbors': np.int64(5), 'p': 2, 'weights': 'distance'}",0.1922740936279297
Chinese_wine,7,2,8,5,RandomForest,Time_Warping,6,"{'sigma': 0.3, 'knot': 6}",0.581,0.5637128350206095,"{'bootstrap': True, 'ccp_alpha': 0.0, 'class_weight': 'balanced', 'criterion': 'gini', 'max_depth': None, 'max_features': 'sqrt', 'max_leaf_nodes': None, 'max_samples': None, 'min_impurity_decrease': 0.0, 'min_samples_leaf': 2, 'min_samples_split': 2, 'min_weight_fraction_leaf': 0.0, 'monotonic_cst': None, 'n_estimators': 150, 'n_jobs': None, 'oob_score': False, 'random_state': 42, 'verbose': 0, 'warm_start': False}",3.8969202041625977
Chinese_wine,7,2,8,5,LinearSVC,Time_Warping,6,"{'sigma': 0.3, 'knot': 6}",0.2985555555555556,0.24468761572072556,"{'C': np.float64(33.59818286283781), 'class_weight': None, 'dual': False, 'fit_intercept': True, 'intercept_scaling': 1, 'loss': 'squared_hinge', 'max_iter': 100, 'multi_class': 'ovr', 'penalty': 'l1', 'random_state': 42, 'tol': 0.001, 'verbose': 0}",0.04233360290527344
Chinese_wine,7,2,8,5,LogisticRegression,Time_Warping,6,"{'sigma': 0.3, 'knot': 6}",0.33555555555555555,0.3300928759500412,"{'C': np.float64(33.59818286283781), 'class_weight': 'balanced', 'dual': False, 'fit_intercept': True, 'intercept_scaling': 1, 'l1_ratio': None, 'max_iter': 100, 'multi_class': 'deprecated', 'n_jobs': None, 'penalty': 'l2', 'random_state': 42, 'solver': 'saga', 'tol': 0.0001, 'verbose': 0, 'warm_start': False}",0.0759727954864502
Chinese_wine,7,2,8,5,KNN,Time_Warping,7,"{'sigma': 0.05, 'knot': 6}",0.6428888888888888,0.628234064392516,"{'algorithm': 'auto', 'leaf_size': 30, 'metric': 'minkowski', 'metric_params': None, 'n_jobs': None, 'n_neighbors': np.int64(5), 'p': 3, 'weights': 'distance'}",0.38699841499328613
Chinese_wine,7,2,8,5,RandomForest,Time_Warping,7,"{'sigma': 0.05, 'knot': 6}",0.6057777777777777,0.5847787829336616,"{'bootstrap': True, 'ccp_alpha': 0.0, 'class_weight': 'balanced', 'criterion': 'gini', 'max_depth': 30, 'max_features': 'sqrt', 'max_leaf_nodes': None, 'max_samples': None, 'min_impurity_decrease': 0.0, 'min_samples_leaf': 1, 'min_samples_split': 2, 'min_weight_fraction_leaf': 0.0, 'monotonic_cst': None, 'n_estimators': 150, 'n_jobs': None, 'oob_score': False, 'random_state': 42, 'verbose': 0, 'warm_start': False}",3.4096455574035645
Chinese_wine,7,2,8,5,LinearSVC,Time_Warping,7,"{'sigma': 0.05, 'knot': 6}",0.5572222222222222,0.5193642155380819,"{'C': np.float64(2.6366508987303554), 'class_weight': 'balanced', 'dual': False, 'fit_intercept': True, 'intercept_scaling': 1, 'loss': 'squared_hinge', 'max_iter': 100, 'multi_class': 'ovr', 'penalty': 'l1', 'random_state': 42, 'tol': 0.0001, 'verbose': 0}",0.20325374603271484
Chinese_wine,7,2,8,5,LogisticRegression,Time_Warping,7,"{'sigma': 0.05, 'knot': 6}",0.6127777777777778,0.5946357165288332,"{'C': np.float64(33.59818286283781), 'class_weight': None, 'dual': False, 'fit_intercept': True, 'intercept_scaling': 1, 'l1_ratio': None, 'max_iter': 100, 'multi_class': 'deprecated', 'n_jobs': None, 'penalty': 'l2', 'random_state': 42, 'solver': 'saga', 'tol': 0.0001, 'verbose': 0, 'warm_start': False}",0.16993498802185059
Chinese_wine,7,2,8,5,KNN,Time_Warping,8,"{'sigma': 0.3, 'knot': 6}",0.6522222222222223,0.6404854049353763,"{'algorithm': 'auto', 'leaf_size': 30, 'metric': 'minkowski', 'metric_params': None, 'n_jobs': None, 'n_neighbors': np.int64(5), 'p': 3, 'weights': 'distance'}",0.4367501735687256
Chinese_wine,7,2,8,5,RandomForest,Time_Warping,8,"{'sigma': 0.3, 'knot': 6}",0.5673333333333334,0.5480626731993551,"{'bootstrap': True, 'ccp_alpha': 0.0, 'class_weight': 'balanced', 'criterion': 'gini', 'max_depth': 30, 'max_features': 'sqrt', 'max_leaf_nodes': None, 'max_samples': None, 'min_impurity_decrease': 0.0, 'min_samples_leaf': 1, 'min_samples_split': 2, 'min_weight_fraction_leaf': 0.0, 'monotonic_cst': None, 'n_estimators': 150, 'n_jobs': None, 'oob_score': False, 'random_state': 42, 'verbose': 0, 'warm_start': False}",3.4490084648132324
Chinese_wine,7,2,8,5,LinearSVC,Time_Warping,8,"{'sigma': 0.3, 'knot': 6}",0.397,0.3453283217746417,"{'C': np.float64(0.4832930238571752), 'class_weight': 'balanced', 'dual': False, 'fit_intercept': True, 'intercept_scaling': 1, 'loss': 'squared_hinge', 'max_iter': 100, 'multi_class': 'ovr', 'penalty': 'l2', 'random_state': 42, 'tol': 0.0001, 'verbose': 0}",0.04206585884094238
Chinese_wine,7,2,8,5,LogisticRegression,Time_Warping,8,"{'sigma': 0.3, 'knot': 6}",0.4471111111111111,0.4453897347597286,"{'C': np.float64(2.6366508987303554), 'class_weight': 'balanced', 'dual': False, 'fit_intercept': True, 'intercept_scaling': 1, 'l1_ratio': None, 'max_iter': 100, 'multi_class': 'deprecated', 'n_jobs': None, 'penalty': 'l1', 'random_state': 42, 'solver': 'saga', 'tol': 0.0001, 'verbose': 0, 'warm_start': False}",0.4414174556732178
Chinese_wine,7,2,8,5,KNN,Time_Warping,9,"{'sigma': 0.1, 'knot': 6}",0.6393333333333333,0.6264360494243653,"{'algorithm': 'auto', 'leaf_size': 30, 'metric': 'minkowski', 'metric_params': None, 'n_jobs': None, 'n_neighbors': np.int64(11), 'p': 4, 'weights': 'distance'}",0.6062672138214111
Chinese_wine,7,2,8,5,RandomForest,Time_Warping,9,"{'sigma': 0.1, 'knot': 6}",0.5955555555555555,0.5748491363725942,"{'bootstrap': True, 'ccp_alpha': 0.0, 'class_weight': None, 'criterion': 'gini', 'max_depth': 30, 'max_features': 'sqrt', 'max_leaf_nodes': None, 'max_samples': None, 'min_impurity_decrease': 0.0, 'min_samples_leaf': 1, 'min_samples_split': 5, 'min_weight_fraction_leaf': 0.0, 'monotonic_cst': None, 'n_estimators': 50, 'n_jobs': None, 'oob_score': False, 'random_state': 42, 'verbose': 0, 'warm_start': False}",1.1037893295288086
Chinese_wine,7,2,8,5,LinearSVC,Time_Warping,9,"{'sigma': 0.1, 'knot': 6}",0.5201111111111111,0.47126637522961906,"{'C': np.float64(0.4832930238571752), 'class_weight': 'balanced', 'dual': False, 'fit_intercept': True, 'intercept_scaling': 1, 'loss': 'squared_hinge', 'max_iter': 100, 'multi_class': 'ovr', 'penalty': 'l2', 'random_state': 42, 'tol': 0.0001, 'verbose': 0}",0.04726672172546387
Chinese_wine,7,2,8,5,LogisticRegression,Time_Warping,9,"{'sigma': 0.1, 'knot': 6}",0.5838888888888889,0.5672010352404884,"{'C': np.float64(33.59818286283781), 'class_weight': 'balanced', 'dual': False, 'fit_intercept': True, 'intercept_scaling': 1, 'l1_ratio': None, 'max_iter': 100, 'multi_class': 'deprecated', 'n_jobs': None, 'penalty': 'l2', 'random_state': 42, 'solver': 'saga', 'tol': 0.0001, 'verbose': 0, 'warm_start': False}",0.07068943977355957
Chinese_wine,7,2,8,5,KNN,Time_Warping,10,"{'sigma': 0.1, 'knot': 8}",0.6471111111111111,0.6341840315738015,"{'algorithm': 'auto', 'leaf_size': 30, 'metric': 'minkowski', 'metric_params': None, 'n_jobs': None, 'n_neighbors': np.int64(5), 'p': 3, 'weights': 'distance'}",0.45891571044921875
Chinese_wine,7,2,8,5,RandomForest,Time_Warping,10,"{'sigma': 0.1, 'knot': 8}",0.5967777777777777,0.5750986964577873,"{'bootstrap': True, 'ccp_alpha': 0.0, 'class_weight': 'balanced', 'criterion': 'gini', 'max_depth': 30, 'max_features': 'sqrt', 'max_leaf_nodes': None, 'max_samples': None, 'min_impurity_decrease': 0.0, 'min_samples_leaf': 1, 'min_samples_split': 2, 'min_weight_fraction_leaf': 0.0, 'monotonic_cst': None, 'n_estimators': 150, 'n_jobs': None, 'oob_score': False, 'random_state': 42, 'verbose': 0, 'warm_start': False}",3.1840481758117676
Chinese_wine,7,2,8,5,LinearSVC,Time_Warping,10,"{'sigma': 0.1, 'knot': 8}",0.5131111111111111,0.46039138159222776,"{'C': np.float64(33.59818286283781), 'class_weight': 'balanced', 'dual': False, 'fit_intercept': True, 'intercept_scaling': 1, 'loss': 'squared_hinge', 'max_iter': 100, 'multi_class': 'ovr', 'penalty': 'l1', 'random_state': 42, 'tol': 0.001, 'verbose': 0}",0.1132347583770752
Chinese_wine,7,2,8,5,LogisticRegression,Time_Warping,10,"{'sigma': 0.1, 'knot': 8}",0.5857777777777777,0.5681367898655285,"{'C': np.float64(183.29807108324337), 'class_weight': None, 'dual': False, 'fit_intercept': True, 'intercept_scaling': 1, 'l1_ratio': None, 'max_iter': 100, 'multi_class': 'deprecated', 'n_jobs': None, 'penalty': 'l2', 'random_state': 42, 'solver': 'saga', 'tol': 0.0001, 'verbose': 0, 'warm_start': False}",0.07860684394836426
Chinese_wine,7,2,8,10,KNN,Time_Warping,1,"{'sigma': 0.2, 'knot': 4}",0.6155555555555555,0.6026086388357418,"{'algorithm': 'auto', 'leaf_size': 30, 'metric': 'chebyshev', 'metric_params': None, 'n_jobs': None, 'n_neighbors': np.int64(11), 'p': 2, 'weights': 'distance'}",0.14744853973388672
Chinese_wine,7,2,8,10,RandomForest,Time_Warping,1,"{'sigma': 0.2, 'knot': 4}",0.545,0.521923044524774,"{'bootstrap': True, 'ccp_alpha': 0.0, 'class_weight': 'balanced', 'criterion': 'gini', 'max_depth': None, 'max_features': 'sqrt', 'max_leaf_nodes': None, 'max_samples': None, 'min_impurity_decrease': 0.0, 'min_samples_leaf': 2, 'min_samples_split': 2, 'min_weight_fraction_leaf': 0.0, 'monotonic_cst': None, 'n_estimators': 150, 'n_jobs': None, 'oob_score': False, 'random_state': 42, 'verbose': 0, 'warm_start': False}",7.251437425613403
Chinese_wine,7,2,8,10,LinearSVC,Time_Warping,1,"{'sigma': 0.2, 'knot': 4}",0.4633333333333333,0.4168870184985712,"{'C': np.float64(2.6366508987303554), 'class_weight': 'balanced', 'dual': False, 'fit_intercept': True, 'intercept_scaling': 1, 'loss': 'squared_hinge', 'max_iter': 100, 'multi_class': 'ovr', 'penalty': 'l1', 'random_state': 42, 'tol': 0.0001, 'verbose': 0}",0.111083984375
Chinese_wine,7,2,8,10,LogisticRegression,Time_Warping,1,"{'sigma': 0.2, 'knot': 4}",0.5091111111111111,0.5078017634567955,"{'C': np.float64(33.59818286283781), 'class_weight': None, 'dual': False, 'fit_intercept': True, 'intercept_scaling': 1, 'l1_ratio': None, 'max_iter': 100, 'multi_class': 'deprecated', 'n_jobs': None, 'penalty': 'l2', 'random_state': 42, 'solver': 'saga', 'tol': 0.0001, 'verbose': 0, 'warm_start': False}",0.14448857307434082
Chinese_wine,7,2,8,10,KNN,Time_Warping,2,"{'sigma': 0.2, 'knot': 3}",0.6004444444444444,0.5831668695145228,"{'algorithm': 'auto', 'leaf_size': 30, 'metric': 'minkowski', 'metric_params': None, 'n_jobs': None, 'n_neighbors': np.int64(17), 'p': 4, 'weights': 'distance'}",0.7447638511657715
Chinese_wine,7,2,8,10,RandomForest,Time_Warping,2,"{'sigma': 0.2, 'knot': 3}",0.5225555555555556,0.497709315635386,"{'bootstrap': True, 'ccp_alpha': 0.0, 'class_weight': 'balanced', 'criterion': 'gini', 'max_depth': 20, 'max_features': 'sqrt', 'max_leaf_nodes': None, 'max_samples': None, 'min_impurity_decrease': 0.0, 'min_samples_leaf': 1, 'min_samples_split': 2, 'min_weight_fraction_leaf': 0.0, 'monotonic_cst': None, 'n_estimators': 50, 'n_jobs': None, 'oob_score': False, 'random_state': 42, 'verbose': 0, 'warm_start': False}",2.41792893409729
Chinese_wine,7,2,8,10,LinearSVC,Time_Warping,2,"{'sigma': 0.2, 'knot': 3}",0.3498888888888889,0.294871730407007,"{'C': np.float64(1000.0), 'class_weight': 'balanced', 'dual': False, 'fit_intercept': True, 'intercept_scaling': 1, 'loss': 'squared_hinge', 'max_iter': 100, 'multi_class': 'ovr', 'penalty': 'l2', 'random_state': 42, 'tol': 0.001, 'verbose': 0}",0.0740664005279541
Chinese_wine,7,2,8,10,LogisticRegression,Time_Warping,2,"{'sigma': 0.2, 'knot': 3}",0.4072222222222222,0.4053862436632998,"{'C': np.float64(33.59818286283781), 'class_weight': 'balanced', 'dual': False, 'fit_intercept': True, 'intercept_scaling': 1, 'l1_ratio': None, 'max_iter': 100, 'multi_class': 'deprecated', 'n_jobs': None, 'penalty': 'l2', 'random_state': 42, 'solver': 'saga', 'tol': 0.0001, 'verbose': 0, 'warm_start': False}",0.18924474716186523
Chinese_wine,7,2,8,10,KNN,Time_Warping,3,"{'sigma': 0.5, 'knot': 4}",0.6287777777777778,0.616338854583779,"{'algorithm': 'auto', 'leaf_size': 30, 'metric': 'minkowski', 'metric_params': None, 'n_jobs': None, 'n_neighbors': np.int64(15), 'p': 4, 'weights': 'distance'}",0.7089829444885254
Chinese_wine,7,2,8,10,RandomForest,Time_Warping,3,"{'sigma': 0.5, 'knot': 4}",0.5716666666666667,0.5532006597975766,"{'bootstrap': True, 'ccp_alpha': 0.0, 'class_weight': 'balanced', 'criterion': 'gini', 'max_depth': 30, 'max_features': 'sqrt', 'max_leaf_nodes': None, 'max_samples': None, 'min_impurity_decrease': 0.0, 'min_samples_leaf': 1, 'min_samples_split': 2, 'min_weight_fraction_leaf': 0.0, 'monotonic_cst': None, 'n_estimators': 150, 'n_jobs': None, 'oob_score': False, 'random_state': 42, 'verbose': 0, 'warm_start': False}",7.262118101119995
Chinese_wine,7,2,8,10,LinearSVC,Time_Warping,3,"{'sigma': 0.5, 'knot': 4}",0.24944444444444444,0.18250779921638874,"{'C': np.float64(1000.0), 'class_weight': 'balanced', 'dual': False, 'fit_intercept': True, 'intercept_scaling': 1, 'loss': 'squared_hinge', 'max_iter': 100, 'multi_class': 'ovr', 'penalty': 'l2', 'random_state': 42, 'tol': 0.001, 'verbose': 0}",0.0757443904876709
Chinese_wine,7,2,8,10,LogisticRegression,Time_Warping,3,"{'sigma': 0.5, 'knot': 4}",0.2658888888888889,0.21918222441480747,"{'C': np.float64(33.59818286283781), 'class_weight': 'balanced', 'dual': False, 'fit_intercept': True, 'intercept_scaling': 1, 'l1_ratio': None, 'max_iter': 100, 'multi_class': 'deprecated', 'n_jobs': None, 'penalty': 'l2', 'random_state': 42, 'solver': 'saga', 'tol': 0.0001, 'verbose': 0, 'warm_start': False}",0.22525262832641602
Chinese_wine,7,2,8,10,KNN,Time_Warping,4,"{'sigma': 0.05, 'knot': 8}",0.645,0.6329809750880049,"{'algorithm': 'auto', 'leaf_size': 30, 'metric': 'chebyshev', 'metric_params': None, 'n_jobs': None, 'n_neighbors': np.int64(11), 'p': 2, 'weights': 'distance'}",0.13197731971740723
Chinese_wine,7,2,8,10,RandomForest,Time_Warping,4,"{'sigma': 0.05, 'knot': 8}",0.5872222222222222,0.566551363440629,"{'bootstrap': True, 'ccp_alpha': 0.0, 'class_weight': 'balanced', 'criterion': 'gini', 'max_depth': None, 'max_features': 'sqrt', 'max_leaf_nodes': None, 'max_samples': None, 'min_impurity_decrease': 0.0, 'min_samples_leaf': 1, 'min_samples_split': 2, 'min_weight_fraction_leaf': 0.0, 'monotonic_cst': None, 'n_estimators': 50, 'n_jobs': None, 'oob_score': False, 'random_state': 42, 'verbose': 0, 'warm_start': False}",2.0534825325012207
Chinese_wine,7,2,8,10,LinearSVC,Time_Warping,4,"{'sigma': 0.05, 'knot': 8}",0.5342222222222223,0.49310441003063815,"{'C': np.float64(33.59818286283781), 'class_weight': 'balanced', 'dual': False, 'fit_intercept': True, 'intercept_scaling': 1, 'loss': 'squared_hinge', 'max_iter': 100, 'multi_class': 'ovr', 'penalty': 'l1', 'random_state': 42, 'tol': 0.001, 'verbose': 0}",0.37670063972473145
Chinese_wine,7,2,8,10,LogisticRegression,Time_Warping,4,"{'sigma': 0.05, 'knot': 8}",0.5988888888888889,0.5829670312220325,"{'C': np.float64(183.29807108324337), 'class_weight': None, 'dual': False, 'fit_intercept': True, 'intercept_scaling': 1, 'l1_ratio': None, 'max_iter': 100, 'multi_class': 'deprecated', 'n_jobs': None, 'penalty': 'l2', 'random_state': 42, 'solver': 'saga', 'tol': 0.0001, 'verbose': 0, 'warm_start': False}",0.13483476638793945
Chinese_wine,7,2,8,10,KNN,Time_Warping,5,"{'sigma': 0.1, 'knot': 4}",0.6328888888888888,0.620238347070983,"{'algorithm': 'auto', 'leaf_size': 30, 'metric': 'minkowski', 'metric_params': None, 'n_jobs': None, 'n_neighbors': np.int64(5), 'p': 3, 'weights': 'distance'}",0.6508693695068359
Chinese_wine,7,2,8,10,RandomForest,Time_Warping,5,"{'sigma': 0.1, 'knot': 4}",0.5745555555555556,0.552169802474062,"{'bootstrap': True, 'ccp_alpha': 0.0, 'class_weight': 'balanced', 'criterion': 'gini', 'max_depth': None, 'max_features': 'sqrt', 'max_leaf_nodes': None, 'max_samples': None, 'min_impurity_decrease': 0.0, 'min_samples_leaf': 1, 'min_samples_split': 2, 'min_weight_fraction_leaf': 0.0, 'monotonic_cst': None, 'n_estimators': 50, 'n_jobs': None, 'oob_score': False, 'random_state': 42, 'verbose': 0, 'warm_start': False}",2.396918773651123
Chinese_wine,7,2,8,10,LinearSVC,Time_Warping,5,"{'sigma': 0.1, 'knot': 4}",0.4902222222222222,0.42903548003479736,"{'C': np.float64(0.2069138081114788), 'class_weight': 'balanced', 'dual': False, 'fit_intercept': True, 'intercept_scaling': 1, 'loss': 'squared_hinge', 'max_iter': 100, 'multi_class': 'ovr', 'penalty': 'l2', 'random_state': 42, 'tol': 0.001, 'verbose': 0}",0.08943295478820801
Chinese_wine,7,2,8,10,LogisticRegression,Time_Warping,5,"{'sigma': 0.1, 'knot': 4}",0.49077777777777776,0.4257018049270825,"{'C': np.float64(183.29807108324337), 'class_weight': None, 'dual': False, 'fit_intercept': False, 'intercept_scaling': 1, 'l1_ratio': None, 'max_iter': 100, 'multi_class': 'deprecated', 'n_jobs': None, 'penalty': 'l2', 'random_state': 42, 'solver': 'sag', 'tol': 0.0001, 'verbose': 0, 'warm_start': False}",0.1948549747467041
Chinese_wine,7,2,8,10,KNN,Time_Warping,6,"{'sigma': 0.3, 'knot': 6}",0.6465555555555556,0.6343124546375236,"{'algorithm': 'auto', 'leaf_size': 30, 'metric': 'manhattan', 'metric_params': None, 'n_jobs': None, 'n_neighbors': np.int64(5), 'p': 2, 'weights': 'distance'}",0.21672725677490234
Chinese_wine,7,2,8,10,RandomForest,Time_Warping,6,"{'sigma': 0.3, 'knot': 6}",0.554,0.5331242331847121,"{'bootstrap': True, 'ccp_alpha': 0.0, 'class_weight': 'balanced', 'criterion': 'gini', 'max_depth': None, 'max_features': 'sqrt', 'max_leaf_nodes': None, 'max_samples': None, 'min_impurity_decrease': 0.0, 'min_samples_leaf': 2, 'min_samples_split': 2, 'min_weight_fraction_leaf': 0.0, 'monotonic_cst': None, 'n_estimators': 150, 'n_jobs': None, 'oob_score': False, 'random_state': 42, 'verbose': 0, 'warm_start': False}",7.071312189102173
Chinese_wine,7,2,8,10,LinearSVC,Time_Warping,6,"{'sigma': 0.3, 'knot': 6}",0.3636666666666667,0.3156180398827952,"{'C': np.float64(1000.0), 'class_weight': 'balanced', 'dual': False, 'fit_intercept': True, 'intercept_scaling': 1, 'loss': 'squared_hinge', 'max_iter': 100, 'multi_class': 'ovr', 'penalty': 'l2', 'random_state': 42, 'tol': 0.001, 'verbose': 0}",0.06878352165222168
Chinese_wine,7,2,8,10,LogisticRegression,Time_Warping,6,"{'sigma': 0.3, 'knot': 6}",0.406,0.41492224604996725,"{'C': np.float64(33.59818286283781), 'class_weight': 'balanced', 'dual': False, 'fit_intercept': True, 'intercept_scaling': 1, 'l1_ratio': None, 'max_iter': 100, 'multi_class': 'deprecated', 'n_jobs': None, 'penalty': 'l2', 'random_state': 42, 'solver': 'saga', 'tol': 0.0001, 'verbose': 0, 'warm_start': False}",0.16753172874450684
Chinese_wine,7,2,8,10,KNN,Time_Warping,7,"{'sigma': 0.05, 'knot': 6}",0.6321111111111111,0.6160809296241664,"{'algorithm': 'auto', 'leaf_size': 30, 'metric': 'manhattan', 'metric_params': None, 'n_jobs': None, 'n_neighbors': np.int64(5), 'p': 2, 'weights': 'distance'}",0.22063446044921875
Chinese_wine,7,2,8,10,RandomForest,Time_Warping,7,"{'sigma': 0.05, 'knot': 6}",0.582,0.5570476656273238,"{'bootstrap': True, 'ccp_alpha': 0.0, 'class_weight': 'balanced', 'criterion': 'gini', 'max_depth': None, 'max_features': 'sqrt', 'max_leaf_nodes': None, 'max_samples': None, 'min_impurity_decrease': 0.0, 'min_samples_leaf': 2, 'min_samples_split': 2, 'min_weight_fraction_leaf': 0.0, 'monotonic_cst': None, 'n_estimators': 150, 'n_jobs': None, 'oob_score': False, 'random_state': 42, 'verbose': 0, 'warm_start': False}",6.845408201217651
Chinese_wine,7,2,8,10,LinearSVC,Time_Warping,7,"{'sigma': 0.05, 'knot': 6}",0.5535555555555556,0.5048311296047114,"{'C': np.float64(183.29807108324337), 'class_weight': 'balanced', 'dual': False, 'fit_intercept': True, 'intercept_scaling': 1, 'loss': 'squared_hinge', 'max_iter': 100, 'multi_class': 'ovr', 'penalty': 'l1', 'random_state': 42, 'tol': 0.0001, 'verbose': 0}",0.3951551914215088
Chinese_wine,7,2,8,10,LogisticRegression,Time_Warping,7,"{'sigma': 0.05, 'knot': 6}",0.6286666666666667,0.6074522650259189,"{'C': np.float64(33.59818286283781), 'class_weight': 'balanced', 'dual': False, 'fit_intercept': True, 'intercept_scaling': 1, 'l1_ratio': None, 'max_iter': 100, 'multi_class': 'deprecated', 'n_jobs': None, 'penalty': 'l1', 'random_state': 42, 'solver': 'saga', 'tol': 0.0001, 'verbose': 0, 'warm_start': False}",0.2317218780517578
Chinese_wine,7,2,8,10,KNN,Time_Warping,8,"{'sigma': 0.3, 'knot': 6}",0.6146666666666667,0.6028771425176694,"{'algorithm': 'auto', 'leaf_size': 30, 'metric': 'minkowski', 'metric_params': None, 'n_jobs': None, 'n_neighbors': np.int64(11), 'p': 4, 'weights': 'distance'}",0.6756062507629395
Chinese_wine,7,2,8,10,RandomForest,Time_Warping,8,"{'sigma': 0.3, 'knot': 6}",0.5388888888888889,0.520556718310102,"{'bootstrap': True, 'ccp_alpha': 0.0, 'class_weight': 'balanced', 'criterion': 'gini', 'max_depth': None, 'max_features': 'sqrt', 'max_leaf_nodes': None, 'max_samples': None, 'min_impurity_decrease': 0.0, 'min_samples_leaf': 1, 'min_samples_split': 2, 'min_weight_fraction_leaf': 0.0, 'monotonic_cst': None, 'n_estimators': 50, 'n_jobs': None, 'oob_score': False, 'random_state': 42, 'verbose': 0, 'warm_start': False}",2.50935697555542
Chinese_wine,7,2,8,10,LinearSVC,Time_Warping,8,"{'sigma': 0.3, 'knot': 6}",0.3462222222222222,0.2723921816339826,"{'C': np.float64(2.6366508987303554), 'class_weight': 'balanced', 'dual': False, 'fit_intercept': True, 'intercept_scaling': 1, 'loss': 'squared_hinge', 'max_iter': 100, 'multi_class': 'ovr', 'penalty': 'l1', 'random_state': 42, 'tol': 0.0001, 'verbose': 0}",0.09333372116088867
Chinese_wine,7,2,8,10,LogisticRegression,Time_Warping,8,"{'sigma': 0.3, 'knot': 6}",0.37644444444444447,0.35568661052840755,"{'C': np.float64(33.59818286283781), 'class_weight': 'balanced', 'dual': False, 'fit_intercept': True, 'intercept_scaling': 1, 'l1_ratio': None, 'max_iter': 100, 'multi_class': 'deprecated', 'n_jobs': None, 'penalty': 'l1', 'random_state': 42, 'solver': 'saga', 'tol': 0.0001, 'verbose': 0, 'warm_start': False}",1.1872260570526123
Chinese_wine,7,2,8,10,KNN,Time_Warping,9,"{'sigma': 0.1, 'knot': 6}",0.6231111111111111,0.6141717623680693,"{'algorithm': 'auto', 'leaf_size': 30, 'metric': 'minkowski', 'metric_params': None, 'n_jobs': None, 'n_neighbors': np.int64(17), 'p': 4, 'weights': 'distance'}",0.7813272476196289
Chinese_wine,7,2,8,10,RandomForest,Time_Warping,9,"{'sigma': 0.1, 'knot': 6}",0.579,0.5568595792211435,"{'bootstrap': True, 'ccp_alpha': 0.0, 'class_weight': 'balanced', 'criterion': 'gini', 'max_depth': 30, 'max_features': 'sqrt', 'max_leaf_nodes': None, 'max_samples': None, 'min_impurity_decrease': 0.0, 'min_samples_leaf': 1, 'min_samples_split': 2, 'min_weight_fraction_leaf': 0.0, 'monotonic_cst': None, 'n_estimators': 150, 'n_jobs': None, 'oob_score': False, 'random_state': 42, 'verbose': 0, 'warm_start': False}",7.716331958770752
Chinese_wine,7,2,8,10,LinearSVC,Time_Warping,9,"{'sigma': 0.1, 'knot': 6}",0.43933333333333335,0.39061995170728236,"{'C': np.float64(33.59818286283781), 'class_weight': 'balanced', 'dual': False, 'fit_intercept': True, 'intercept_scaling': 1, 'loss': 'squared_hinge', 'max_iter': 100, 'multi_class': 'ovr', 'penalty': 'l1', 'random_state': 42, 'tol': 0.0001, 'verbose': 0}",0.23981118202209473
Chinese_wine,7,2,8,10,LogisticRegression,Time_Warping,9,"{'sigma': 0.1, 'knot': 6}",0.5128888888888888,0.5021318571912353,"{'C': np.float64(1000.0), 'class_weight': 'balanced', 'dual': False, 'fit_intercept': True, 'intercept_scaling': 1, 'l1_ratio': None, 'max_iter': 100, 'multi_class': 'deprecated', 'n_jobs': None, 'penalty': 'l2', 'random_state': 42, 'solver': 'sag', 'tol': 0.0001, 'verbose': 0, 'warm_start': False}",0.2584221363067627
Chinese_wine,7,2,8,10,KNN,Time_Warping,10,"{'sigma': 0.1, 'knot': 8}",0.6232222222222222,0.6135541445625308,"{'algorithm': 'auto', 'leaf_size': 30, 'metric': 'minkowski', 'metric_params': None, 'n_jobs': None, 'n_neighbors': np.int64(5), 'p': 3, 'weights': 'distance'}",0.5896787643432617
Chinese_wine,7,2,8,10,RandomForest,Time_Warping,10,"{'sigma': 0.1, 'knot': 8}",0.5716666666666667,0.5479848367385902,"{'bootstrap': True, 'ccp_alpha': 0.0, 'class_weight': 'balanced', 'criterion': 'gini', 'max_depth': 30, 'max_features': 'sqrt', 'max_leaf_nodes': None, 'max_samples': None, 'min_impurity_decrease': 0.0, 'min_samples_leaf': 1, 'min_samples_split': 2, 'min_weight_fraction_leaf': 0.0, 'monotonic_cst': None, 'n_estimators': 150, 'n_jobs': None, 'oob_score': False, 'random_state': 42, 'verbose': 0, 'warm_start': False}",7.646063566207886
Chinese_wine,7,2,8,10,LinearSVC,Time_Warping,10,"{'sigma': 0.1, 'knot': 8}",0.5015555555555555,0.4545056393751496,"{'C': np.float64(33.59818286283781), 'class_weight': 'balanced', 'dual': False, 'fit_intercept': True, 'intercept_scaling': 1, 'loss': 'squared_hinge', 'max_iter': 100, 'multi_class': 'ovr', 'penalty': 'l1', 'random_state': 42, 'tol': 0.0001, 'verbose': 0}",0.2848525047302246
Chinese_wine,7,2,8,10,LogisticRegression,Time_Warping,10,"{'sigma': 0.1, 'knot': 8}",0.5514444444444444,0.5333169412921593,"{'C': np.float64(2.6366508987303554), 'class_weight': 'balanced', 'dual': False, 'fit_intercept': True, 'intercept_scaling': 1, 'l1_ratio': None, 'max_iter': 100, 'multi_class': 'deprecated', 'n_jobs': None, 'penalty': 'l1', 'random_state': 42, 'solver': 'saga', 'tol': 0.0001, 'verbose': 0, 'warm_start': False}",1.0518088340759277
Chinese_wine,7,2,9,1,KNN,Baseline,N/A,N/A,0.6932222222222222,0.6861815837371297,"{'algorithm': 'auto', 'leaf_size': 30, 'metric': 'minkowski', 'metric_params': None, 'n_jobs': None, 'n_neighbors': 5, 'p': 2, 'weights': 'uniform'}",0.3289458751678467
Chinese_wine,7,2,9,1,KNN,Tuned_Baseline,N/A,N/A,0.6952222222222222,0.688424825218891,"{'algorithm': 'auto', 'leaf_size': 30, 'metric': 'euclidean', 'metric_params': None, 'n_jobs': None, 'n_neighbors': np.int64(9), 'p': 2, 'weights': 'distance'}",0.05292320251464844
Chinese_wine,7,2,9,1,RandomForest,Baseline,N/A,N/A,0.6492222222222223,0.6412830946241326,"{'bootstrap': True, 'ccp_alpha': 0.0, 'class_weight': None, 'criterion': 'gini', 'max_depth': None, 'max_features': 'sqrt', 'max_leaf_nodes': None, 'max_samples': None, 'min_impurity_decrease': 0.0, 'min_samples_leaf': 1, 'min_samples_split': 2, 'min_weight_fraction_leaf': 0.0, 'monotonic_cst': None, 'n_estimators': 100, 'n_jobs': None, 'oob_score': False, 'random_state': 42, 'verbose': 0, 'warm_start': False}",0.5439848899841309
Chinese_wine,7,2,9,1,RandomForest,Tuned_Baseline,N/A,N/A,0.6493333333333333,0.6425926396685542,"{'bootstrap': True, 'ccp_alpha': 0.0, 'class_weight': 'balanced', 'criterion': 'gini', 'max_depth': 30, 'max_features': 'sqrt', 'max_leaf_nodes': None, 'max_samples': None, 'min_impurity_decrease': 0.0, 'min_samples_leaf': 1, 'min_samples_split': 2, 'min_weight_fraction_leaf': 0.0, 'monotonic_cst': None, 'n_estimators': 150, 'n_jobs': None, 'oob_score': False, 'random_state': 42, 'verbose': 0, 'warm_start': False}",0.07768940925598145
Chinese_wine,7,2,9,1,LinearSVC,Baseline,N/A,N/A,0.669,0.6561358745050734,"{'C': 1.0, 'class_weight': None, 'dual': False, 'fit_intercept': True, 'intercept_scaling': 1, 'loss': 'squared_hinge', 'max_iter': 100, 'multi_class': 'ovr', 'penalty': 'l2', 'random_state': 42, 'tol': 0.0001, 'verbose': 0}",0.014477968215942383
Chinese_wine,7,2,9,1,LinearSVC,Tuned_Baseline,N/A,N/A,0.6777777777777778,0.6678618236902129,"{'C': np.float64(6.1584821106602545), 'class_weight': None, 'dual': False, 'fit_intercept': True, 'intercept_scaling': 1, 'loss': 'squared_hinge', 'max_iter': 100, 'multi_class': 'ovr', 'penalty': 'l2', 'random_state': 42, 'tol': 0.0001, 'verbose': 0}",0.0009946823120117188
Chinese_wine,7,2,9,1,LogisticRegression,Baseline,N/A,N/A,0.6885555555555556,0.6806877491221738,"{'C': 1.0, 'class_weight': None, 'dual': False, 'fit_intercept': True, 'intercept_scaling': 1, 'l1_ratio': None, 'max_iter': 100, 'multi_class': 'deprecated', 'n_jobs': None, 'penalty': 'l2', 'random_state': 42, 'solver': 'lbfgs', 'tol': 0.0001, 'verbose': 0, 'warm_start': False}",0.09382414817810059
Chinese_wine,7,2,9,1,LogisticRegression,Tuned_Baseline,N/A,N/A,0.7,0.6902694349377766,"{'C': np.float64(183.29807108324337), 'class_weight': None, 'dual': False, 'fit_intercept': True, 'intercept_scaling': 1, 'l1_ratio': None, 'max_iter': 100, 'multi_class': 'deprecated', 'n_jobs': None, 'penalty': 'l2', 'random_state': 42, 'solver': 'saga', 'tol': 0.0001, 'verbose': 0, 'warm_start': False}",0.0009424686431884766
Chinese_wine,7,2,9,1,RNN,Tuned_Baseline,N/A,N/A,0.1,0.018181818181818184,"{'hidden_size': 64, 'epochs': 10, 'batch_size': 32, 'lr': 0.001}",2.7179718017578125e-05
Chinese_wine,7,2,9,2,KNN,Time_Warping,1,"{'sigma': 0.2, 'knot': 4}",0.6942222222222222,0.6881261215623798,"{'algorithm': 'auto', 'leaf_size': 30, 'metric': 'manhattan', 'metric_params': None, 'n_jobs': None, 'n_neighbors': np.int64(5), 'p': 2, 'weights': 'distance'}",0.0895681381225586
Chinese_wine,7,2,9,2,RandomForest,Time_Warping,1,"{'sigma': 0.2, 'knot': 4}",0.6464444444444445,0.6386992964350342,"{'bootstrap': True, 'ccp_alpha': 0.0, 'class_weight': None, 'criterion': 'gini', 'max_depth': 20, 'max_features': 'sqrt', 'max_leaf_nodes': None, 'max_samples': None, 'min_impurity_decrease': 0.0, 'min_samples_leaf': 1, 'min_samples_split': 2, 'min_weight_fraction_leaf': 0.0, 'monotonic_cst': None, 'n_estimators': 100, 'n_jobs': None, 'oob_score': False, 'random_state': 42, 'verbose': 0, 'warm_start': False}",0.9422407150268555
Chinese_wine,7,2,9,2,LinearSVC,Time_Warping,1,"{'sigma': 0.2, 'knot': 4}",0.48977777777777776,0.45800389361984767,"{'C': np.float64(33.59818286283781), 'class_weight': 'balanced', 'dual': False, 'fit_intercept': True, 'intercept_scaling': 1, 'loss': 'squared_hinge', 'max_iter': 100, 'multi_class': 'ovr', 'penalty': 'l1', 'random_state': 42, 'tol': 0.0001, 'verbose': 0}",0.06294965744018555
Chinese_wine,7,2,9,2,LogisticRegression,Time_Warping,1,"{'sigma': 0.2, 'knot': 4}",0.5344444444444445,0.5234829186312274,"{'C': np.float64(1000.0), 'class_weight': 'balanced', 'dual': False, 'fit_intercept': True, 'intercept_scaling': 1, 'l1_ratio': None, 'max_iter': 100, 'multi_class': 'deprecated', 'n_jobs': None, 'penalty': 'l2', 'random_state': 42, 'solver': 'sag', 'tol': 0.0001, 'verbose': 0, 'warm_start': False}",0.05748915672302246
Chinese_wine,7,2,9,2,KNN,Time_Warping,2,"{'sigma': 0.2, 'knot': 3}",0.6964444444444444,0.6886113051164308,"{'algorithm': 'auto', 'leaf_size': 30, 'metric': 'minkowski', 'metric_params': None, 'n_jobs': None, 'n_neighbors': np.int64(5), 'p': 3, 'weights': 'distance'}",0.28291916847229004
Chinese_wine,7,2,9,2,RandomForest,Time_Warping,2,"{'sigma': 0.2, 'knot': 3}",0.6316666666666667,0.6253530783440573,"{'bootstrap': True, 'ccp_alpha': 0.0, 'class_weight': 'balanced', 'criterion': 'gini', 'max_depth': 30, 'max_features': 'sqrt', 'max_leaf_nodes': None, 'max_samples': None, 'min_impurity_decrease': 0.0, 'min_samples_leaf': 1, 'min_samples_split': 2, 'min_weight_fraction_leaf': 0.0, 'monotonic_cst': None, 'n_estimators': 150, 'n_jobs': None, 'oob_score': False, 'random_state': 42, 'verbose': 0, 'warm_start': False}",1.2935569286346436
Chinese_wine,7,2,9,2,LinearSVC,Time_Warping,2,"{'sigma': 0.2, 'knot': 3}",0.5288888888888889,0.4976704811940235,"{'C': np.float64(33.59818286283781), 'class_weight': 'balanced', 'dual': False, 'fit_intercept': True, 'intercept_scaling': 1, 'loss': 'squared_hinge', 'max_iter': 100, 'multi_class': 'ovr', 'penalty': 'l1', 'random_state': 42, 'tol': 0.001, 'verbose': 0}",0.04529857635498047
Chinese_wine,7,2,9,2,LogisticRegression,Time_Warping,2,"{'sigma': 0.2, 'knot': 3}",0.5786666666666667,0.5650832819226528,"{'C': np.float64(33.59818286283781), 'class_weight': 'balanced', 'dual': False, 'fit_intercept': True, 'intercept_scaling': 1, 'l1_ratio': None, 'max_iter': 100, 'multi_class': 'deprecated', 'n_jobs': None, 'penalty': 'l1', 'random_state': 42, 'solver': 'saga', 'tol': 0.0001, 'verbose': 0, 'warm_start': False}",0.20333099365234375
Chinese_wine,7,2,9,2,KNN,Time_Warping,3,"{'sigma': 0.5, 'knot': 4}",0.7001111111111111,0.6921090877454916,"{'algorithm': 'auto', 'leaf_size': 30, 'metric': 'minkowski', 'metric_params': None, 'n_jobs': None, 'n_neighbors': np.int64(5), 'p': 3, 'weights': 'distance'}",0.24425292015075684
Chinese_wine,7,2,9,2,RandomForest,Time_Warping,3,"{'sigma': 0.5, 'knot': 4}",0.6422222222222222,0.6340810155612713,"{'bootstrap': True, 'ccp_alpha': 0.0, 'class_weight': None, 'criterion': 'gini', 'max_depth': 20, 'max_features': 'sqrt', 'max_leaf_nodes': None, 'max_samples': None, 'min_impurity_decrease': 0.0, 'min_samples_leaf': 1, 'min_samples_split': 2, 'min_weight_fraction_leaf': 0.0, 'monotonic_cst': None, 'n_estimators': 100, 'n_jobs': None, 'oob_score': False, 'random_state': 42, 'verbose': 0, 'warm_start': False}",0.8204894065856934
Chinese_wine,7,2,9,2,LinearSVC,Time_Warping,3,"{'sigma': 0.5, 'knot': 4}",0.4434444444444444,0.43181739407798914,"{'C': np.float64(33.59818286283781), 'class_weight': 'balanced', 'dual': False, 'fit_intercept': True, 'intercept_scaling': 1, 'loss': 'squared_hinge', 'max_iter': 100, 'multi_class': 'ovr', 'penalty': 'l1', 'random_state': 42, 'tol': 0.001, 'verbose': 0}",0.030119895935058594
Chinese_wine,7,2,9,2,LogisticRegression,Time_Warping,3,"{'sigma': 0.5, 'knot': 4}",0.4408888888888889,0.4483535030069226,"{'C': np.float64(183.29807108324337), 'class_weight': None, 'dual': False, 'fit_intercept': True, 'intercept_scaling': 1, 'l1_ratio': None, 'max_iter': 100, 'multi_class': 'deprecated', 'n_jobs': None, 'penalty': 'l2', 'random_state': 42, 'solver': 'saga', 'tol': 0.0001, 'verbose': 0, 'warm_start': False}",0.03247642517089844
Chinese_wine,7,2,9,2,KNN,Time_Warping,4,"{'sigma': 0.05, 'knot': 8}",0.6905555555555556,0.6817808996947718,"{'algorithm': 'auto', 'leaf_size': 30, 'metric': 'manhattan', 'metric_params': None, 'n_jobs': None, 'n_neighbors': np.int64(5), 'p': 2, 'weights': 'distance'}",0.0908358097076416
Chinese_wine,7,2,9,2,RandomForest,Time_Warping,4,"{'sigma': 0.05, 'knot': 8}",0.6365555555555555,0.6290646432870479,"{'bootstrap': True, 'ccp_alpha': 0.0, 'class_weight': 'balanced', 'criterion': 'gini', 'max_depth': None, 'max_features': 'sqrt', 'max_leaf_nodes': None, 'max_samples': None, 'min_impurity_decrease': 0.0, 'min_samples_leaf': 2, 'min_samples_split': 2, 'min_weight_fraction_leaf': 0.0, 'monotonic_cst': None, 'n_estimators': 100, 'n_jobs': None, 'oob_score': False, 'random_state': 42, 'verbose': 0, 'warm_start': False}",0.771763801574707
Chinese_wine,7,2,9,2,LinearSVC,Time_Warping,4,"{'sigma': 0.05, 'knot': 8}",0.6095555555555555,0.5927128766554627,"{'C': np.float64(33.59818286283781), 'class_weight': 'balanced', 'dual': False, 'fit_intercept': True, 'intercept_scaling': 1, 'loss': 'squared_hinge', 'max_iter': 100, 'multi_class': 'ovr', 'penalty': 'l1', 'random_state': 42, 'tol': 0.0001, 'verbose': 0}",0.06469869613647461
Chinese_wine,7,2,9,2,LogisticRegression,Time_Warping,4,"{'sigma': 0.05, 'knot': 8}",0.6708888888888889,0.6671729456677449,"{'C': np.float64(1000.0), 'class_weight': 'balanced', 'dual': False, 'fit_intercept': True, 'intercept_scaling': 1, 'l1_ratio': None, 'max_iter': 100, 'multi_class': 'deprecated', 'n_jobs': None, 'penalty': 'l2', 'random_state': 42, 'solver': 'sag', 'tol': 0.0001, 'verbose': 0, 'warm_start': False}",0.12520933151245117
Chinese_wine,7,2,9,2,KNN,Time_Warping,5,"{'sigma': 0.1, 'knot': 4}",0.6866666666666666,0.6799074815037814,"{'algorithm': 'auto', 'leaf_size': 30, 'metric': 'manhattan', 'metric_params': None, 'n_jobs': None, 'n_neighbors': np.int64(5), 'p': 2, 'weights': 'distance'}",0.08836889266967773
Chinese_wine,7,2,9,2,RandomForest,Time_Warping,5,"{'sigma': 0.1, 'knot': 4}",0.6495555555555556,0.6435988732642397,"{'bootstrap': True, 'ccp_alpha': 0.0, 'class_weight': 'balanced', 'criterion': 'gini', 'max_depth': 30, 'max_features': 'sqrt', 'max_leaf_nodes': None, 'max_samples': None, 'min_impurity_decrease': 0.0, 'min_samples_leaf': 1, 'min_samples_split': 2, 'min_weight_fraction_leaf': 0.0, 'monotonic_cst': None, 'n_estimators': 150, 'n_jobs': None, 'oob_score': False, 'random_state': 42, 'verbose': 0, 'warm_start': False}",1.3757750988006592
Chinese_wine,7,2,9,2,LinearSVC,Time_Warping,5,"{'sigma': 0.1, 'knot': 4}",0.5744444444444444,0.558591132783788,"{'C': np.float64(183.29807108324337), 'class_weight': 'balanced', 'dual': False, 'fit_intercept': True, 'intercept_scaling': 1, 'loss': 'squared_hinge', 'max_iter': 100, 'multi_class': 'ovr', 'penalty': 'l1', 'random_state': 42, 'tol': 0.0001, 'verbose': 0}",0.07713174819946289
Chinese_wine,7,2,9,2,LogisticRegression,Time_Warping,5,"{'sigma': 0.1, 'knot': 4}",0.6045555555555555,0.5972781449612995,"{'C': np.float64(33.59818286283781), 'class_weight': 'balanced', 'dual': False, 'fit_intercept': True, 'intercept_scaling': 1, 'l1_ratio': None, 'max_iter': 100, 'multi_class': 'deprecated', 'n_jobs': None, 'penalty': 'l2', 'random_state': 42, 'solver': 'saga', 'tol': 0.0001, 'verbose': 0, 'warm_start': False}",0.16030049324035645
Chinese_wine,7,2,9,2,KNN,Time_Warping,6,"{'sigma': 0.3, 'knot': 6}",0.6901111111111111,0.6818316198787318,"{'algorithm': 'auto', 'leaf_size': 30, 'metric': 'minkowski', 'metric_params': None, 'n_jobs': None, 'n_neighbors': np.int64(5), 'p': 3, 'weights': 'distance'}",0.28601837158203125
Chinese_wine,7,2,9,2,RandomForest,Time_Warping,6,"{'sigma': 0.3, 'knot': 6}",0.5744444444444444,0.5726668080365924,"{'bootstrap': True, 'ccp_alpha': 0.0, 'class_weight': 'balanced', 'criterion': 'gini', 'max_depth': 10, 'max_features': 'sqrt', 'max_leaf_nodes': None, 'max_samples': None, 'min_impurity_decrease': 0.0, 'min_samples_leaf': 1, 'min_samples_split': 5, 'min_weight_fraction_leaf': 0.0, 'monotonic_cst': None, 'n_estimators': 50, 'n_jobs': None, 'oob_score': False, 'random_state': 42, 'verbose': 0, 'warm_start': False}",0.3939809799194336
Chinese_wine,7,2,9,2,LinearSVC,Time_Warping,6,"{'sigma': 0.3, 'knot': 6}",0.4641111111111111,0.4363278395192933,"{'C': np.float64(183.29807108324337), 'class_weight': 'balanced', 'dual': False, 'fit_intercept': True, 'intercept_scaling': 1, 'loss': 'squared_hinge', 'max_iter': 100, 'multi_class': 'ovr', 'penalty': 'l1', 'random_state': 42, 'tol': 0.0001, 'verbose': 0}",0.054630279541015625
Chinese_wine,7,2,9,2,LogisticRegression,Time_Warping,6,"{'sigma': 0.3, 'knot': 6}",0.5355555555555556,0.5362911798341784,"{'C': np.float64(183.29807108324337), 'class_weight': None, 'dual': False, 'fit_intercept': True, 'intercept_scaling': 1, 'l1_ratio': None, 'max_iter': 100, 'multi_class': 'deprecated', 'n_jobs': None, 'penalty': 'l2', 'random_state': 42, 'solver': 'saga', 'tol': 0.0001, 'verbose': 0, 'warm_start': False}",0.0932309627532959
Chinese_wine,7,2,9,2,KNN,Time_Warping,7,"{'sigma': 0.05, 'knot': 6}",0.6973333333333334,0.6908271555967421,"{'algorithm': 'auto', 'leaf_size': 30, 'metric': 'minkowski', 'metric_params': None, 'n_jobs': None, 'n_neighbors': np.int64(5), 'p': 3, 'weights': 'distance'}",0.21582794189453125
Chinese_wine,7,2,9,2,RandomForest,Time_Warping,7,"{'sigma': 0.05, 'knot': 6}",0.6404444444444445,0.6350763544135652,"{'bootstrap': True, 'ccp_alpha': 0.0, 'class_weight': None, 'criterion': 'gini', 'max_depth': 20, 'max_features': 'sqrt', 'max_leaf_nodes': None, 'max_samples': None, 'min_impurity_decrease': 0.0, 'min_samples_leaf': 1, 'min_samples_split': 2, 'min_weight_fraction_leaf': 0.0, 'monotonic_cst': None, 'n_estimators': 100, 'n_jobs': None, 'oob_score': False, 'random_state': 42, 'verbose': 0, 'warm_start': False}",0.9228780269622803
Chinese_wine,7,2,9,2,LinearSVC,Time_Warping,7,"{'sigma': 0.05, 'knot': 6}",0.6118888888888889,0.5995480696180261,"{'C': np.float64(183.29807108324337), 'class_weight': 'balanced', 'dual': False, 'fit_intercept': True, 'intercept_scaling': 1, 'loss': 'squared_hinge', 'max_iter': 100, 'multi_class': 'ovr', 'penalty': 'l1', 'random_state': 42, 'tol': 0.0001, 'verbose': 0}",0.07376313209533691
Chinese_wine,7,2,9,2,LogisticRegression,Time_Warping,7,"{'sigma': 0.05, 'knot': 6}",0.6362222222222222,0.6303631282722378,"{'C': np.float64(183.29807108324337), 'class_weight': 'balanced', 'dual': False, 'fit_intercept': True, 'intercept_scaling': 1, 'l1_ratio': None, 'max_iter': 100, 'multi_class': 'deprecated', 'n_jobs': None, 'penalty': 'l1', 'random_state': 42, 'solver': 'saga', 'tol': 0.0001, 'verbose': 0, 'warm_start': False}",0.24265003204345703
Chinese_wine,7,2,9,2,KNN,Time_Warping,8,"{'sigma': 0.3, 'knot': 6}",0.6931111111111111,0.6870951999299039,"{'algorithm': 'auto', 'leaf_size': 30, 'metric': 'manhattan', 'metric_params': None, 'n_jobs': None, 'n_neighbors': np.int64(5), 'p': 2, 'weights': 'distance'}",0.09543180465698242
Chinese_wine,7,2,9,2,RandomForest,Time_Warping,8,"{'sigma': 0.3, 'knot': 6}",0.642,0.6337508392596555,"{'bootstrap': True, 'ccp_alpha': 0.0, 'class_weight': 'balanced', 'criterion': 'gini', 'max_depth': None, 'max_features': 'sqrt', 'max_leaf_nodes': None, 'max_samples': None, 'min_impurity_decrease': 0.0, 'min_samples_leaf': 1, 'min_samples_split': 2, 'min_weight_fraction_leaf': 0.0, 'monotonic_cst': None, 'n_estimators': 50, 'n_jobs': None, 'oob_score': False, 'random_state': 42, 'verbose': 0, 'warm_start': False}",0.4075353145599365
Chinese_wine,7,2,9,2,LinearSVC,Time_Warping,8,"{'sigma': 0.3, 'knot': 6}",0.4651111111111111,0.4253151822829588,"{'C': np.float64(1000.0), 'class_weight': 'balanced', 'dual': False, 'fit_intercept': True, 'intercept_scaling': 1, 'loss': 'squared_hinge', 'max_iter': 100, 'multi_class': 'ovr', 'penalty': 'l2', 'random_state': 42, 'tol': 0.001, 'verbose': 0}",0.0159454345703125
Chinese_wine,7,2,9,2,LogisticRegression,Time_Warping,8,"{'sigma': 0.3, 'knot': 6}",0.495,0.4831896753647541,"{'C': np.float64(33.59818286283781), 'class_weight': 'balanced', 'dual': False, 'fit_intercept': True, 'intercept_scaling': 1, 'l1_ratio': None, 'max_iter': 100, 'multi_class': 'deprecated', 'n_jobs': None, 'penalty': 'l1', 'random_state': 42, 'solver': 'saga', 'tol': 0.0001, 'verbose': 0, 'warm_start': False}",0.1563870906829834
Chinese_wine,7,2,9,2,KNN,Time_Warping,9,"{'sigma': 0.1, 'knot': 6}",0.6958888888888889,0.6884811166284797,"{'algorithm': 'auto', 'leaf_size': 30, 'metric': 'manhattan', 'metric_params': None, 'n_jobs': None, 'n_neighbors': np.int64(5), 'p': 2, 'weights': 'distance'}",0.10507416725158691
Chinese_wine,7,2,9,2,RandomForest,Time_Warping,9,"{'sigma': 0.1, 'knot': 6}",0.6478888888888888,0.6402898079945046,"{'bootstrap': True, 'ccp_alpha': 0.0, 'class_weight': None, 'criterion': 'gini', 'max_depth': 20, 'max_features': 'sqrt', 'max_leaf_nodes': None, 'max_samples': None, 'min_impurity_decrease': 0.0, 'min_samples_leaf': 1, 'min_samples_split': 2, 'min_weight_fraction_leaf': 0.0, 'monotonic_cst': None, 'n_estimators': 100, 'n_jobs': None, 'oob_score': False, 'random_state': 42, 'verbose': 0, 'warm_start': False}",0.8258681297302246
Chinese_wine,7,2,9,2,LinearSVC,Time_Warping,9,"{'sigma': 0.1, 'knot': 6}",0.592,0.579674501203313,"{'C': np.float64(2.6366508987303554), 'class_weight': 'balanced', 'dual': False, 'fit_intercept': True, 'intercept_scaling': 1, 'loss': 'squared_hinge', 'max_iter': 100, 'multi_class': 'ovr', 'penalty': 'l1', 'random_state': 42, 'tol': 0.0001, 'verbose': 0}",0.06110191345214844
Chinese_wine,7,2,9,2,LogisticRegression,Time_Warping,9,"{'sigma': 0.1, 'knot': 6}",0.6096666666666667,0.6071006119518282,"{'C': np.float64(183.29807108324337), 'class_weight': 'balanced', 'dual': False, 'fit_intercept': True, 'intercept_scaling': 1, 'l1_ratio': None, 'max_iter': 100, 'multi_class': 'deprecated', 'n_jobs': None, 'penalty': 'l1', 'random_state': 42, 'solver': 'saga', 'tol': 0.0001, 'verbose': 0, 'warm_start': False}",0.2483844757080078
Chinese_wine,7,2,9,2,KNN,Time_Warping,10,"{'sigma': 0.1, 'knot': 8}",0.6895555555555556,0.682528076267361,"{'algorithm': 'auto', 'leaf_size': 30, 'metric': 'manhattan', 'metric_params': None, 'n_jobs': None, 'n_neighbors': np.int64(5), 'p': 2, 'weights': 'distance'}",0.09514713287353516
Chinese_wine,7,2,9,2,RandomForest,Time_Warping,10,"{'sigma': 0.1, 'knot': 8}",0.6343333333333333,0.627573580860231,"{'bootstrap': True, 'ccp_alpha': 0.0, 'class_weight': None, 'criterion': 'gini', 'max_depth': 20, 'max_features': 'sqrt', 'max_leaf_nodes': None, 'max_samples': None, 'min_impurity_decrease': 0.0, 'min_samples_leaf': 1, 'min_samples_split': 2, 'min_weight_fraction_leaf': 0.0, 'monotonic_cst': None, 'n_estimators': 100, 'n_jobs': None, 'oob_score': False, 'random_state': 42, 'verbose': 0, 'warm_start': False}",0.8753876686096191
Chinese_wine,7,2,9,2,LinearSVC,Time_Warping,10,"{'sigma': 0.1, 'knot': 8}",0.6101111111111112,0.599702976394832,"{'C': np.float64(2.6366508987303554), 'class_weight': 'balanced', 'dual': False, 'fit_intercept': True, 'intercept_scaling': 1, 'loss': 'squared_hinge', 'max_iter': 100, 'multi_class': 'ovr', 'penalty': 'l1', 'random_state': 42, 'tol': 0.0001, 'verbose': 0}",0.06766724586486816
Chinese_wine,7,2,9,2,LogisticRegression,Time_Warping,10,"{'sigma': 0.1, 'knot': 8}",0.6321111111111111,0.6303415998223502,"{'C': np.float64(33.59818286283781), 'class_weight': 'balanced', 'dual': False, 'fit_intercept': True, 'intercept_scaling': 1, 'l1_ratio': None, 'max_iter': 100, 'multi_class': 'deprecated', 'n_jobs': None, 'penalty': 'l1', 'random_state': 42, 'solver': 'saga', 'tol': 0.0001, 'verbose': 0, 'warm_start': False}",0.20687007904052734
Chinese_wine,7,2,9,3,KNN,Time_Warping,1,"{'sigma': 0.2, 'knot': 4}",0.6838888888888889,0.6785110507198401,"{'algorithm': 'auto', 'leaf_size': 30, 'metric': 'manhattan', 'metric_params': None, 'n_jobs': None, 'n_neighbors': np.int64(5), 'p': 2, 'weights': 'distance'}",0.11830401420593262
Chinese_wine,7,2,9,3,RandomForest,Time_Warping,1,"{'sigma': 0.2, 'knot': 4}",0.6122222222222222,0.6084081259640742,"{'bootstrap': True, 'ccp_alpha': 0.0, 'class_weight': 'balanced', 'criterion': 'gini', 'max_depth': 20, 'max_features': 'sqrt', 'max_leaf_nodes': None, 'max_samples': None, 'min_impurity_decrease': 0.0, 'min_samples_leaf': 2, 'min_samples_split': 5, 'min_weight_fraction_leaf': 0.0, 'monotonic_cst': None, 'n_estimators': 50, 'n_jobs': None, 'oob_score': False, 'random_state': 42, 'verbose': 0, 'warm_start': False}",0.7186696529388428
Chinese_wine,7,2,9,3,LinearSVC,Time_Warping,1,"{'sigma': 0.2, 'knot': 4}",0.45,0.39806161957519093,"{'C': np.float64(183.29807108324337), 'class_weight': 'balanced', 'dual': False, 'fit_intercept': True, 'intercept_scaling': 1, 'loss': 'squared_hinge', 'max_iter': 100, 'multi_class': 'ovr', 'penalty': 'l1', 'random_state': 42, 'tol': 0.0001, 'verbose': 0}",0.05379819869995117
Chinese_wine,7,2,9,3,LogisticRegression,Time_Warping,1,"{'sigma': 0.2, 'knot': 4}",0.5065555555555555,0.5003027382457056,"{'C': np.float64(1000.0), 'class_weight': 'balanced', 'dual': False, 'fit_intercept': True, 'intercept_scaling': 1, 'l1_ratio': None, 'max_iter': 100, 'multi_class': 'deprecated', 'n_jobs': None, 'penalty': 'l2', 'random_state': 42, 'solver': 'sag', 'tol': 0.0001, 'verbose': 0, 'warm_start': False}",0.06759190559387207
Chinese_wine,7,2,9,3,KNN,Time_Warping,2,"{'sigma': 0.2, 'knot': 3}",0.6904444444444444,0.6831061163766425,"{'algorithm': 'auto', 'leaf_size': 30, 'metric': 'minkowski', 'metric_params': None, 'n_jobs': None, 'n_neighbors': np.int64(5), 'p': 3, 'weights': 'distance'}",0.40242528915405273
Chinese_wine,7,2,9,3,RandomForest,Time_Warping,2,"{'sigma': 0.2, 'knot': 3}",0.616,0.607241097849004,"{'bootstrap': True, 'ccp_alpha': 0.0, 'class_weight': 'balanced', 'criterion': 'gini', 'max_depth': None, 'max_features': 'sqrt', 'max_leaf_nodes': None, 'max_samples': None, 'min_impurity_decrease': 0.0, 'min_samples_leaf': 2, 'min_samples_split': 2, 'min_weight_fraction_leaf': 0.0, 'monotonic_cst': None, 'n_estimators': 100, 'n_jobs': None, 'oob_score': False, 'random_state': 42, 'verbose': 0, 'warm_start': False}",1.394115686416626
Chinese_wine,7,2,9,3,LinearSVC,Time_Warping,2,"{'sigma': 0.2, 'knot': 3}",0.4691111111111111,0.44138361396386194,"{'C': np.float64(33.59818286283781), 'class_weight': 'balanced', 'dual': False, 'fit_intercept': True, 'intercept_scaling': 1, 'loss': 'squared_hinge', 'max_iter': 100, 'multi_class': 'ovr', 'penalty': 'l1', 'random_state': 42, 'tol': 0.001, 'verbose': 0}",0.05124497413635254
Chinese_wine,7,2,9,3,LogisticRegression,Time_Warping,2,"{'sigma': 0.2, 'knot': 3}",0.5133333333333333,0.5056357450096786,"{'C': np.float64(33.59818286283781), 'class_weight': None, 'dual': False, 'fit_intercept': True, 'intercept_scaling': 1, 'l1_ratio': None, 'max_iter': 100, 'multi_class': 'deprecated', 'n_jobs': None, 'penalty': 'l2', 'random_state': 42, 'solver': 'saga', 'tol': 0.0001, 'verbose': 0, 'warm_start': False}",0.13843369483947754
Chinese_wine,7,2,9,3,KNN,Time_Warping,3,"{'sigma': 0.5, 'knot': 4}",0.6912222222222222,0.6839316559284947,"{'algorithm': 'auto', 'leaf_size': 30, 'metric': 'minkowski', 'metric_params': None, 'n_jobs': None, 'n_neighbors': np.int64(11), 'p': 4, 'weights': 'distance'}",0.44442057609558105
Chinese_wine,7,2,9,3,RandomForest,Time_Warping,3,"{'sigma': 0.5, 'knot': 4}",0.6342222222222222,0.6287792308065258,"{'bootstrap': True, 'ccp_alpha': 0.0, 'class_weight': 'balanced', 'criterion': 'gini', 'max_depth': None, 'max_features': 'sqrt', 'max_leaf_nodes': None, 'max_samples': None, 'min_impurity_decrease': 0.0, 'min_samples_leaf': 2, 'min_samples_split': 2, 'min_weight_fraction_leaf': 0.0, 'monotonic_cst': None, 'n_estimators': 150, 'n_jobs': None, 'oob_score': False, 'random_state': 42, 'verbose': 0, 'warm_start': False}",1.970041275024414
Chinese_wine,7,2,9,3,LinearSVC,Time_Warping,3,"{'sigma': 0.5, 'knot': 4}",0.41055555555555556,0.36777365959487207,"{'C': np.float64(0.4832930238571752), 'class_weight': 'balanced', 'dual': False, 'fit_intercept': True, 'intercept_scaling': 1, 'loss': 'squared_hinge', 'max_iter': 100, 'multi_class': 'ovr', 'penalty': 'l2', 'random_state': 42, 'tol': 0.0001, 'verbose': 0}",0.022585630416870117
Chinese_wine,7,2,9,3,LogisticRegression,Time_Warping,3,"{'sigma': 0.5, 'knot': 4}",0.43133333333333335,0.42223379140098444,"{'C': np.float64(6.1584821106602545), 'class_weight': None, 'dual': False, 'fit_intercept': True, 'intercept_scaling': 1, 'l1_ratio': None, 'max_iter': 100, 'multi_class': 'deprecated', 'n_jobs': None, 'penalty': 'l2', 'random_state': 42, 'solver': 'lbfgs', 'tol': 0.0001, 'verbose': 0, 'warm_start': False}",0.17304635047912598
Chinese_wine,7,2,9,3,KNN,Time_Warping,4,"{'sigma': 0.05, 'knot': 8}",0.6915555555555556,0.6849909619390377,"{'algorithm': 'auto', 'leaf_size': 30, 'metric': 'minkowski', 'metric_params': None, 'n_jobs': None, 'n_neighbors': np.int64(5), 'p': 3, 'weights': 'distance'}",0.36509037017822266
Chinese_wine,7,2,9,3,RandomForest,Time_Warping,4,"{'sigma': 0.05, 'knot': 8}",0.627,0.6196534607774156,"{'bootstrap': True, 'ccp_alpha': 0.0, 'class_weight': None, 'criterion': 'gini', 'max_depth': 20, 'max_features': 'sqrt', 'max_leaf_nodes': None, 'max_samples': None, 'min_impurity_decrease': 0.0, 'min_samples_leaf': 1, 'min_samples_split': 2, 'min_weight_fraction_leaf': 0.0, 'monotonic_cst': None, 'n_estimators': 100, 'n_jobs': None, 'oob_score': False, 'random_state': 42, 'verbose': 0, 'warm_start': False}",1.419088363647461
Chinese_wine,7,2,9,3,LinearSVC,Time_Warping,4,"{'sigma': 0.05, 'knot': 8}",0.6207777777777778,0.6128896985151424,"{'C': np.float64(183.29807108324337), 'class_weight': 'balanced', 'dual': False, 'fit_intercept': True, 'intercept_scaling': 1, 'loss': 'squared_hinge', 'max_iter': 100, 'multi_class': 'ovr', 'penalty': 'l1', 'random_state': 42, 'tol': 0.0001, 'verbose': 0}",0.11687779426574707
Chinese_wine,7,2,9,3,LogisticRegression,Time_Warping,4,"{'sigma': 0.05, 'knot': 8}",0.6585555555555556,0.6540897039043191,"{'C': np.float64(183.29807108324337), 'class_weight': None, 'dual': False, 'fit_intercept': True, 'intercept_scaling': 1, 'l1_ratio': None, 'max_iter': 100, 'multi_class': 'deprecated', 'n_jobs': None, 'penalty': 'l2', 'random_state': 42, 'solver': 'saga', 'tol': 0.0001, 'verbose': 0, 'warm_start': False}",0.21181893348693848
Chinese_wine,7,2,9,3,KNN,Time_Warping,5,"{'sigma': 0.1, 'knot': 4}",0.6873333333333334,0.6826856681701128,"{'algorithm': 'auto', 'leaf_size': 30, 'metric': 'euclidean', 'metric_params': None, 'n_jobs': None, 'n_neighbors': np.int64(9), 'p': 2, 'weights': 'distance'}",0.09932923316955566
Chinese_wine,7,2,9,3,RandomForest,Time_Warping,5,"{'sigma': 0.1, 'knot': 4}",0.6335555555555555,0.6256245199152178,"{'bootstrap': True, 'ccp_alpha': 0.0, 'class_weight': 'balanced', 'criterion': 'gini', 'max_depth': None, 'max_features': 'sqrt', 'max_leaf_nodes': None, 'max_samples': None, 'min_impurity_decrease': 0.0, 'min_samples_leaf': 1, 'min_samples_split': 2, 'min_weight_fraction_leaf': 0.0, 'monotonic_cst': None, 'n_estimators': 50, 'n_jobs': None, 'oob_score': False, 'random_state': 42, 'verbose': 0, 'warm_start': False}",0.6348488330841064
Chinese_wine,7,2,9,3,LinearSVC,Time_Warping,5,"{'sigma': 0.1, 'knot': 4}",0.5728888888888889,0.5494315513817138,"{'C': np.float64(1000.0), 'class_weight': 'balanced', 'dual': False, 'fit_intercept': True, 'intercept_scaling': 1, 'loss': 'squared_hinge', 'max_iter': 100, 'multi_class': 'ovr', 'penalty': 'l2', 'random_state': 42, 'tol': 0.001, 'verbose': 0}",0.024965524673461914
Chinese_wine,7,2,9,3,LogisticRegression,Time_Warping,5,"{'sigma': 0.1, 'knot': 4}",0.6096666666666667,0.5942519122669513,"{'C': np.float64(33.59818286283781), 'class_weight': None, 'dual': False, 'fit_intercept': True, 'intercept_scaling': 1, 'l1_ratio': None, 'max_iter': 100, 'multi_class': 'deprecated', 'n_jobs': None, 'penalty': 'l2', 'random_state': 42, 'solver': 'saga', 'tol': 0.0001, 'verbose': 0, 'warm_start': False}",0.19226837158203125
Chinese_wine,7,2,9,3,KNN,Time_Warping,6,"{'sigma': 0.3, 'knot': 6}",0.6935555555555556,0.6891158977079469,"{'algorithm': 'auto', 'leaf_size': 30, 'metric': 'manhattan', 'metric_params': None, 'n_jobs': None, 'n_neighbors': np.int64(5), 'p': 2, 'weights': 'distance'}",0.1282191276550293
Chinese_wine,7,2,9,3,RandomForest,Time_Warping,6,"{'sigma': 0.3, 'knot': 6}",0.6346666666666667,0.6277576355944227,"{'bootstrap': True, 'ccp_alpha': 0.0, 'class_weight': None, 'criterion': 'gini', 'max_depth': 20, 'max_features': 'sqrt', 'max_leaf_nodes': None, 'max_samples': None, 'min_impurity_decrease': 0.0, 'min_samples_leaf': 1, 'min_samples_split': 2, 'min_weight_fraction_leaf': 0.0, 'monotonic_cst': None, 'n_estimators': 100, 'n_jobs': None, 'oob_score': False, 'random_state': 42, 'verbose': 0, 'warm_start': False}",1.2665741443634033
Chinese_wine,7,2,9,3,LinearSVC,Time_Warping,6,"{'sigma': 0.3, 'knot': 6}",0.422,0.3825912646584614,"{'C': np.float64(183.29807108324337), 'class_weight': None, 'dual': False, 'fit_intercept': True, 'intercept_scaling': 1, 'loss': 'squared_hinge', 'max_iter': 100, 'multi_class': 'ovr', 'penalty': 'l1', 'random_state': 42, 'tol': 0.001, 'verbose': 0}",0.045473337173461914
Chinese_wine,7,2,9,3,LogisticRegression,Time_Warping,6,"{'sigma': 0.3, 'knot': 6}",0.4748888888888889,0.4701009671345559,"{'C': np.float64(33.59818286283781), 'class_weight': None, 'dual': False, 'fit_intercept': True, 'intercept_scaling': 1, 'l1_ratio': None, 'max_iter': 100, 'multi_class': 'deprecated', 'n_jobs': None, 'penalty': 'l2', 'random_state': 42, 'solver': 'saga', 'tol': 0.0001, 'verbose': 0, 'warm_start': False}",0.03473234176635742
Chinese_wine,7,2,9,3,KNN,Time_Warping,7,"{'sigma': 0.05, 'knot': 6}",0.6925555555555556,0.6857596931615295,"{'algorithm': 'auto', 'leaf_size': 30, 'metric': 'minkowski', 'metric_params': None, 'n_jobs': None, 'n_neighbors': np.int64(5), 'p': 3, 'weights': 'distance'}",0.35637545585632324
Chinese_wine,7,2,9,3,RandomForest,Time_Warping,7,"{'sigma': 0.05, 'knot': 6}",0.6321111111111111,0.6250185278793244,"{'bootstrap': True, 'ccp_alpha': 0.0, 'class_weight': 'balanced', 'criterion': 'gini', 'max_depth': None, 'max_features': 'sqrt', 'max_leaf_nodes': None, 'max_samples': None, 'min_impurity_decrease': 0.0, 'min_samples_leaf': 2, 'min_samples_split': 2, 'min_weight_fraction_leaf': 0.0, 'monotonic_cst': None, 'n_estimators': 100, 'n_jobs': None, 'oob_score': False, 'random_state': 42, 'verbose': 0, 'warm_start': False}",1.2318336963653564
Chinese_wine,7,2,9,3,LinearSVC,Time_Warping,7,"{'sigma': 0.05, 'knot': 6}",0.6218888888888889,0.6111454556064907,"{'C': np.float64(183.29807108324337), 'class_weight': None, 'dual': False, 'fit_intercept': True, 'intercept_scaling': 1, 'loss': 'squared_hinge', 'max_iter': 100, 'multi_class': 'ovr', 'penalty': 'l1', 'random_state': 42, 'tol': 0.001, 'verbose': 0}",0.1029348373413086
Chinese_wine,7,2,9,3,LogisticRegression,Time_Warping,7,"{'sigma': 0.05, 'knot': 6}",0.6463333333333333,0.6405506610589484,"{'C': np.float64(33.59818286283781), 'class_weight': None, 'dual': False, 'fit_intercept': True, 'intercept_scaling': 1, 'l1_ratio': None, 'max_iter': 100, 'multi_class': 'deprecated', 'n_jobs': None, 'penalty': 'l2', 'random_state': 42, 'solver': 'saga', 'tol': 0.0001, 'verbose': 0, 'warm_start': False}",0.22344446182250977
Chinese_wine,7,2,9,3,KNN,Time_Warping,8,"{'sigma': 0.3, 'knot': 6}",0.691,0.6848682621862996,"{'algorithm': 'auto', 'leaf_size': 30, 'metric': 'minkowski', 'metric_params': None, 'n_jobs': None, 'n_neighbors': np.int64(13), 'p': 4, 'weights': 'distance'}",0.4445340633392334
Chinese_wine,7,2,9,3,RandomForest,Time_Warping,8,"{'sigma': 0.3, 'knot': 6}",0.6086666666666667,0.6039840049651255,"{'bootstrap': True, 'ccp_alpha': 0.0, 'class_weight': 'balanced', 'criterion': 'gini', 'max_depth': 30, 'max_features': 'sqrt', 'max_leaf_nodes': None, 'max_samples': None, 'min_impurity_decrease': 0.0, 'min_samples_leaf': 1, 'min_samples_split': 5, 'min_weight_fraction_leaf': 0.0, 'monotonic_cst': None, 'n_estimators': 100, 'n_jobs': None, 'oob_score': False, 'random_state': 42, 'verbose': 0, 'warm_start': False}",1.2482326030731201
Chinese_wine,7,2,9,3,LinearSVC,Time_Warping,8,"{'sigma': 0.3, 'knot': 6}",0.4258888888888889,0.3757645848013329,"{'C': np.float64(6.1584821106602545), 'class_weight': None, 'dual': False, 'fit_intercept': True, 'intercept_scaling': 1, 'loss': 'squared_hinge', 'max_iter': 100, 'multi_class': 'ovr', 'penalty': 'l2', 'random_state': 42, 'tol': 0.0001, 'verbose': 0}",0.02398204803466797
Chinese_wine,7,2,9,3,LogisticRegression,Time_Warping,8,"{'sigma': 0.3, 'knot': 6}",0.48533333333333334,0.4699100324778292,"{'C': np.float64(33.59818286283781), 'class_weight': None, 'dual': False, 'fit_intercept': True, 'intercept_scaling': 1, 'l1_ratio': None, 'max_iter': 100, 'multi_class': 'deprecated', 'n_jobs': None, 'penalty': 'l2', 'random_state': 42, 'solver': 'saga', 'tol': 0.0001, 'verbose': 0, 'warm_start': False}",0.04081368446350098
Chinese_wine,7,2,9,3,KNN,Time_Warping,9,"{'sigma': 0.1, 'knot': 6}",0.6992222222222222,0.6938587796360668,"{'algorithm': 'auto', 'leaf_size': 30, 'metric': 'manhattan', 'metric_params': None, 'n_jobs': None, 'n_neighbors': np.int64(5), 'p': 2, 'weights': 'distance'}",0.12792515754699707
Chinese_wine,7,2,9,3,RandomForest,Time_Warping,9,"{'sigma': 0.1, 'knot': 6}",0.6305555555555555,0.6224598169453087,"{'bootstrap': True, 'ccp_alpha': 0.0, 'class_weight': 'balanced', 'criterion': 'gini', 'max_depth': 20, 'max_features': 'sqrt', 'max_leaf_nodes': None, 'max_samples': None, 'min_impurity_decrease': 0.0, 'min_samples_leaf': 1, 'min_samples_split': 2, 'min_weight_fraction_leaf': 0.0, 'monotonic_cst': None, 'n_estimators': 50, 'n_jobs': None, 'oob_score': False, 'random_state': 42, 'verbose': 0, 'warm_start': False}",0.6321074962615967
Chinese_wine,7,2,9,3,LinearSVC,Time_Warping,9,"{'sigma': 0.1, 'knot': 6}",0.5187777777777778,0.48771003042106065,"{'C': np.float64(183.29807108324337), 'class_weight': 'balanced', 'dual': False, 'fit_intercept': True, 'intercept_scaling': 1, 'loss': 'squared_hinge', 'max_iter': 100, 'multi_class': 'ovr', 'penalty': 'l1', 'random_state': 42, 'tol': 0.0001, 'verbose': 0}",0.09272623062133789
Chinese_wine,7,2,9,3,LogisticRegression,Time_Warping,9,"{'sigma': 0.1, 'knot': 6}",0.5924444444444444,0.5869511057760562,"{'C': np.float64(183.29807108324337), 'class_weight': None, 'dual': False, 'fit_intercept': True, 'intercept_scaling': 1, 'l1_ratio': None, 'max_iter': 100, 'multi_class': 'deprecated', 'n_jobs': None, 'penalty': 'l2', 'random_state': 42, 'solver': 'saga', 'tol': 0.0001, 'verbose': 0, 'warm_start': False}",0.06068587303161621
Chinese_wine,7,2,9,3,KNN,Time_Warping,10,"{'sigma': 0.1, 'knot': 8}",0.6837777777777778,0.6779372214244714,"{'algorithm': 'auto', 'leaf_size': 30, 'metric': 'manhattan', 'metric_params': None, 'n_jobs': None, 'n_neighbors': np.int64(5), 'p': 2, 'weights': 'distance'}",0.10548257827758789
Chinese_wine,7,2,9,3,RandomForest,Time_Warping,10,"{'sigma': 0.1, 'knot': 8}",0.5346666666666666,0.5311984195984,"{'bootstrap': True, 'ccp_alpha': 0.0, 'class_weight': 'balanced', 'criterion': 'gini', 'max_depth': 10, 'max_features': 'sqrt', 'max_leaf_nodes': None, 'max_samples': None, 'min_impurity_decrease': 0.0, 'min_samples_leaf': 1, 'min_samples_split': 5, 'min_weight_fraction_leaf': 0.0, 'monotonic_cst': None, 'n_estimators': 150, 'n_jobs': None, 'oob_score': False, 'random_state': 42, 'verbose': 0, 'warm_start': False}",1.6111676692962646
Chinese_wine,7,2,9,3,LinearSVC,Time_Warping,10,"{'sigma': 0.1, 'knot': 8}",0.5596666666666666,0.5418502760173692,"{'C': np.float64(33.59818286283781), 'class_weight': 'balanced', 'dual': False, 'fit_intercept': True, 'intercept_scaling': 1, 'loss': 'squared_hinge', 'max_iter': 100, 'multi_class': 'ovr', 'penalty': 'l1', 'random_state': 42, 'tol': 0.001, 'verbose': 0}",0.0814218521118164
Chinese_wine,7,2,9,3,LogisticRegression,Time_Warping,10,"{'sigma': 0.1, 'knot': 8}",0.6071111111111112,0.5995982607667751,"{'C': np.float64(183.29807108324337), 'class_weight': None, 'dual': False, 'fit_intercept': True, 'intercept_scaling': 1, 'l1_ratio': None, 'max_iter': 100, 'multi_class': 'deprecated', 'n_jobs': None, 'penalty': 'l2', 'random_state': 42, 'solver': 'saga', 'tol': 0.0001, 'verbose': 0, 'warm_start': False}",0.07191348075866699
Chinese_wine,7,2,9,5,KNN,Time_Warping,1,"{'sigma': 0.2, 'knot': 4}",0.6837777777777778,0.6785236199710514,"{'algorithm': 'auto', 'leaf_size': 30, 'metric': 'euclidean', 'metric_params': None, 'n_jobs': None, 'n_neighbors': np.int64(15), 'p': 2, 'weights': 'distance'}",0.16032028198242188
Chinese_wine,7,2,9,5,RandomForest,Time_Warping,1,"{'sigma': 0.2, 'knot': 4}",0.6292222222222222,0.6197108022671712,"{'bootstrap': True, 'ccp_alpha': 0.0, 'class_weight': 'balanced', 'criterion': 'gini', 'max_depth': None, 'max_features': 'sqrt', 'max_leaf_nodes': None, 'max_samples': None, 'min_impurity_decrease': 0.0, 'min_samples_leaf': 1, 'min_samples_split': 2, 'min_weight_fraction_leaf': 0.0, 'monotonic_cst': None, 'n_estimators': 50, 'n_jobs': None, 'oob_score': False, 'random_state': 42, 'verbose': 0, 'warm_start': False}",1.0317156314849854
Chinese_wine,7,2,9,5,LinearSVC,Time_Warping,1,"{'sigma': 0.2, 'knot': 4}",0.4598888888888889,0.41058726930463707,"{'C': np.float64(33.59818286283781), 'class_weight': 'balanced', 'dual': False, 'fit_intercept': True, 'intercept_scaling': 1, 'loss': 'squared_hinge', 'max_iter': 100, 'multi_class': 'ovr', 'penalty': 'l1', 'random_state': 42, 'tol': 0.001, 'verbose': 0}",0.07995343208312988
Chinese_wine,7,2,9,5,LogisticRegression,Time_Warping,1,"{'sigma': 0.2, 'knot': 4}",0.5394444444444444,0.5247083225818633,"{'C': np.float64(33.59818286283781), 'class_weight': None, 'dual': False, 'fit_intercept': True, 'intercept_scaling': 1, 'l1_ratio': None, 'max_iter': 100, 'multi_class': 'deprecated', 'n_jobs': None, 'penalty': 'l2', 'random_state': 42, 'solver': 'saga', 'tol': 0.0001, 'verbose': 0, 'warm_start': False}",0.07584095001220703
Chinese_wine,7,2,9,5,KNN,Time_Warping,2,"{'sigma': 0.2, 'knot': 3}",0.6773333333333333,0.6725537985423896,"{'algorithm': 'auto', 'leaf_size': 30, 'metric': 'minkowski', 'metric_params': None, 'n_jobs': None, 'n_neighbors': np.int64(5), 'p': 3, 'weights': 'distance'}",0.47980165481567383
Chinese_wine,7,2,9,5,RandomForest,Time_Warping,2,"{'sigma': 0.2, 'knot': 3}",0.6088888888888889,0.5998598815841948,"{'bootstrap': True, 'ccp_alpha': 0.0, 'class_weight': 'balanced', 'criterion': 'gini', 'max_depth': None, 'max_features': 'sqrt', 'max_leaf_nodes': None, 'max_samples': None, 'min_impurity_decrease': 0.0, 'min_samples_leaf': 2, 'min_samples_split': 2, 'min_weight_fraction_leaf': 0.0, 'monotonic_cst': None, 'n_estimators': 150, 'n_jobs': None, 'oob_score': False, 'random_state': 42, 'verbose': 0, 'warm_start': False}",3.215470314025879
Chinese_wine,7,2,9,5,LinearSVC,Time_Warping,2,"{'sigma': 0.2, 'knot': 3}",0.4388888888888889,0.3848744419009053,"{'C': np.float64(2.6366508987303554), 'class_weight': 'balanced', 'dual': False, 'fit_intercept': True, 'intercept_scaling': 1, 'loss': 'squared_hinge', 'max_iter': 100, 'multi_class': 'ovr', 'penalty': 'l1', 'random_state': 42, 'tol': 0.0001, 'verbose': 0}",0.07842803001403809
Chinese_wine,7,2,9,5,LogisticRegression,Time_Warping,2,"{'sigma': 0.2, 'knot': 3}",0.4941111111111111,0.48249863812627375,"{'C': np.float64(33.59818286283781), 'class_weight': 'balanced', 'dual': False, 'fit_intercept': True, 'intercept_scaling': 1, 'l1_ratio': None, 'max_iter': 100, 'multi_class': 'deprecated', 'n_jobs': None, 'penalty': 'l2', 'random_state': 42, 'solver': 'saga', 'tol': 0.0001, 'verbose': 0, 'warm_start': False}",0.1929922103881836
Chinese_wine,7,2,9,5,KNN,Time_Warping,3,"{'sigma': 0.5, 'knot': 4}",0.6916666666666667,0.6851503409877613,"{'algorithm': 'auto', 'leaf_size': 30, 'metric': 'manhattan', 'metric_params': None, 'n_jobs': None, 'n_neighbors': np.int64(5), 'p': 2, 'weights': 'distance'}",0.13955283164978027
Chinese_wine,7,2,9,5,RandomForest,Time_Warping,3,"{'sigma': 0.5, 'knot': 4}",0.619,0.6101869425170927,"{'bootstrap': True, 'ccp_alpha': 0.0, 'class_weight': 'balanced', 'criterion': 'gini', 'max_depth': None, 'max_features': 'sqrt', 'max_leaf_nodes': None, 'max_samples': None, 'min_impurity_decrease': 0.0, 'min_samples_leaf': 2, 'min_samples_split': 2, 'min_weight_fraction_leaf': 0.0, 'monotonic_cst': None, 'n_estimators': 150, 'n_jobs': None, 'oob_score': False, 'random_state': 42, 'verbose': 0, 'warm_start': False}",3.522803783416748
Chinese_wine,7,2,9,5,LinearSVC,Time_Warping,3,"{'sigma': 0.5, 'knot': 4}",0.31533333333333335,0.2382664402162471,"{'C': np.float64(2.6366508987303554), 'class_weight': 'balanced', 'dual': False, 'fit_intercept': True, 'intercept_scaling': 1, 'loss': 'squared_hinge', 'max_iter': 100, 'multi_class': 'ovr', 'penalty': 'l1', 'random_state': 42, 'tol': 0.0001, 'verbose': 0}",0.06563758850097656
Chinese_wine,7,2,9,5,LogisticRegression,Time_Warping,3,"{'sigma': 0.5, 'knot': 4}",0.366,0.34762760745475274,"{'C': np.float64(33.59818286283781), 'class_weight': 'balanced', 'dual': False, 'fit_intercept': True, 'intercept_scaling': 1, 'l1_ratio': None, 'max_iter': 100, 'multi_class': 'deprecated', 'n_jobs': None, 'penalty': 'l1', 'random_state': 42, 'solver': 'saga', 'tol': 0.0001, 'verbose': 0, 'warm_start': False}",0.5599343776702881
Chinese_wine,7,2,9,5,KNN,Time_Warping,4,"{'sigma': 0.05, 'knot': 8}",0.6846666666666666,0.678673118446624,"{'algorithm': 'auto', 'leaf_size': 30, 'metric': 'minkowski', 'metric_params': None, 'n_jobs': None, 'n_neighbors': np.int64(11), 'p': 4, 'weights': 'distance'}",0.4777839183807373
Chinese_wine,7,2,9,5,RandomForest,Time_Warping,4,"{'sigma': 0.05, 'knot': 8}",0.6304444444444445,0.6219601847525451,"{'bootstrap': True, 'ccp_alpha': 0.0, 'class_weight': 'balanced', 'criterion': 'gini', 'max_depth': 30, 'max_features': 'sqrt', 'max_leaf_nodes': None, 'max_samples': None, 'min_impurity_decrease': 0.0, 'min_samples_leaf': 1, 'min_samples_split': 2, 'min_weight_fraction_leaf': 0.0, 'monotonic_cst': None, 'n_estimators': 150, 'n_jobs': None, 'oob_score': False, 'random_state': 42, 'verbose': 0, 'warm_start': False}",3.484717607498169
Chinese_wine,7,2,9,5,LinearSVC,Time_Warping,4,"{'sigma': 0.05, 'knot': 8}",0.5986666666666667,0.5804038201549749,"{'C': np.float64(2.6366508987303554), 'class_weight': 'balanced', 'dual': False, 'fit_intercept': True, 'intercept_scaling': 1, 'loss': 'squared_hinge', 'max_iter': 100, 'multi_class': 'ovr', 'penalty': 'l1', 'random_state': 42, 'tol': 0.0001, 'verbose': 0}",0.19713544845581055
Chinese_wine,7,2,9,5,LogisticRegression,Time_Warping,4,"{'sigma': 0.05, 'knot': 8}",0.6454444444444445,0.6395377418386723,"{'C': np.float64(33.59818286283781), 'class_weight': None, 'dual': False, 'fit_intercept': True, 'intercept_scaling': 1, 'l1_ratio': None, 'max_iter': 100, 'multi_class': 'deprecated', 'n_jobs': None, 'penalty': 'l2', 'random_state': 42, 'solver': 'saga', 'tol': 0.0001, 'verbose': 0, 'warm_start': False}",0.4340169429779053
Chinese_wine,7,2,9,5,KNN,Time_Warping,5,"{'sigma': 0.1, 'knot': 4}",0.6791111111111111,0.6729766550633606,"{'algorithm': 'auto', 'leaf_size': 30, 'metric': 'minkowski', 'metric_params': None, 'n_jobs': None, 'n_neighbors': np.int64(15), 'p': 4, 'weights': 'distance'}",0.565662145614624
Chinese_wine,7,2,9,5,RandomForest,Time_Warping,5,"{'sigma': 0.1, 'knot': 4}",0.6221111111111111,0.6151591194093304,"{'bootstrap': True, 'ccp_alpha': 0.0, 'class_weight': None, 'criterion': 'gini', 'max_depth': 30, 'max_features': 'sqrt', 'max_leaf_nodes': None, 'max_samples': None, 'min_impurity_decrease': 0.0, 'min_samples_leaf': 1, 'min_samples_split': 5, 'min_weight_fraction_leaf': 0.0, 'monotonic_cst': None, 'n_estimators': 50, 'n_jobs': None, 'oob_score': False, 'random_state': 42, 'verbose': 0, 'warm_start': False}",1.1636910438537598
Chinese_wine,7,2,9,5,LinearSVC,Time_Warping,5,"{'sigma': 0.1, 'knot': 4}",0.5442222222222223,0.511551547525015,"{'C': np.float64(33.59818286283781), 'class_weight': 'balanced', 'dual': False, 'fit_intercept': True, 'intercept_scaling': 1, 'loss': 'squared_hinge', 'max_iter': 100, 'multi_class': 'ovr', 'penalty': 'l1', 'random_state': 42, 'tol': 0.0001, 'verbose': 0}",0.12717580795288086
Chinese_wine,7,2,9,5,LogisticRegression,Time_Warping,5,"{'sigma': 0.1, 'knot': 4}",0.5844444444444444,0.5772372614049224,"{'C': np.float64(33.59818286283781), 'class_weight': 'balanced', 'dual': False, 'fit_intercept': True, 'intercept_scaling': 1, 'l1_ratio': None, 'max_iter': 100, 'multi_class': 'deprecated', 'n_jobs': None, 'penalty': 'l1', 'random_state': 42, 'solver': 'saga', 'tol': 0.0001, 'verbose': 0, 'warm_start': False}",0.5037331581115723
Chinese_wine,7,2,9,5,KNN,Time_Warping,6,"{'sigma': 0.3, 'knot': 6}",0.6881111111111111,0.6827175326975026,"{'algorithm': 'auto', 'leaf_size': 30, 'metric': 'minkowski', 'metric_params': None, 'n_jobs': None, 'n_neighbors': np.int64(5), 'p': 3, 'weights': 'distance'}",0.38614535331726074
Chinese_wine,7,2,9,5,RandomForest,Time_Warping,6,"{'sigma': 0.3, 'knot': 6}",0.6165555555555555,0.6098848059602257,"{'bootstrap': True, 'ccp_alpha': 0.0, 'class_weight': 'balanced', 'criterion': 'gini', 'max_depth': None, 'max_features': 'sqrt', 'max_leaf_nodes': None, 'max_samples': None, 'min_impurity_decrease': 0.0, 'min_samples_leaf': 2, 'min_samples_split': 2, 'min_weight_fraction_leaf': 0.0, 'monotonic_cst': None, 'n_estimators': 150, 'n_jobs': None, 'oob_score': False, 'random_state': 42, 'verbose': 0, 'warm_start': False}",3.391354560852051
Chinese_wine,7,2,9,5,LinearSVC,Time_Warping,6,"{'sigma': 0.3, 'knot': 6}",0.4216666666666667,0.3604810832280077,"{'C': np.float64(33.59818286283781), 'class_weight': 'balanced', 'dual': False, 'fit_intercept': True, 'intercept_scaling': 1, 'loss': 'squared_hinge', 'max_iter': 100, 'multi_class': 'ovr', 'penalty': 'l1', 'random_state': 42, 'tol': 0.0001, 'verbose': 0}",0.07601499557495117
Chinese_wine,7,2,9,5,LogisticRegression,Time_Warping,6,"{'sigma': 0.3, 'knot': 6}",0.49955555555555553,0.48579815957991934,"{'C': np.float64(2.6366508987303554), 'class_weight': 'balanced', 'dual': False, 'fit_intercept': True, 'intercept_scaling': 1, 'l1_ratio': None, 'max_iter': 100, 'multi_class': 'deprecated', 'n_jobs': None, 'penalty': 'l1', 'random_state': 42, 'solver': 'saga', 'tol': 0.0001, 'verbose': 0, 'warm_start': False}",0.17886829376220703
Chinese_wine,7,2,9,5,KNN,Time_Warping,7,"{'sigma': 0.05, 'knot': 6}",0.6848888888888889,0.6804350185917581,"{'algorithm': 'auto', 'leaf_size': 30, 'metric': 'minkowski', 'metric_params': None, 'n_jobs': None, 'n_neighbors': np.int64(11), 'p': 4, 'weights': 'distance'}",0.5019617080688477
Chinese_wine,7,2,9,5,RandomForest,Time_Warping,7,"{'sigma': 0.05, 'knot': 6}",0.6272222222222222,0.6184250330647342,"{'bootstrap': True, 'ccp_alpha': 0.0, 'class_weight': 'balanced', 'criterion': 'gini', 'max_depth': 30, 'max_features': 'sqrt', 'max_leaf_nodes': None, 'max_samples': None, 'min_impurity_decrease': 0.0, 'min_samples_leaf': 1, 'min_samples_split': 2, 'min_weight_fraction_leaf': 0.0, 'monotonic_cst': None, 'n_estimators': 150, 'n_jobs': None, 'oob_score': False, 'random_state': 42, 'verbose': 0, 'warm_start': False}",3.0178189277648926
Chinese_wine,7,2,9,5,LinearSVC,Time_Warping,7,"{'sigma': 0.05, 'knot': 6}",0.629,0.616691090292493,"{'C': np.float64(33.59818286283781), 'class_weight': 'balanced', 'dual': False, 'fit_intercept': True, 'intercept_scaling': 1, 'loss': 'squared_hinge', 'max_iter': 100, 'multi_class': 'ovr', 'penalty': 'l1', 'random_state': 42, 'tol': 0.0001, 'verbose': 0}",0.16685128211975098
Chinese_wine,7,2,9,5,LogisticRegression,Time_Warping,7,"{'sigma': 0.05, 'knot': 6}",0.6208888888888889,0.6109143684859178,"{'C': np.float64(183.29807108324337), 'class_weight': 'balanced', 'dual': False, 'fit_intercept': True, 'intercept_scaling': 1, 'l1_ratio': None, 'max_iter': 100, 'multi_class': 'deprecated', 'n_jobs': None, 'penalty': 'l1', 'random_state': 42, 'solver': 'saga', 'tol': 0.0001, 'verbose': 0, 'warm_start': False}",0.4264669418334961
Chinese_wine,7,2,9,5,KNN,Time_Warping,8,"{'sigma': 0.3, 'knot': 6}",0.6721111111111111,0.6665627706436794,"{'algorithm': 'auto', 'leaf_size': 30, 'metric': 'euclidean', 'metric_params': None, 'n_jobs': None, 'n_neighbors': np.int64(19), 'p': 2, 'weights': 'distance'}",0.1549830436706543
Chinese_wine,7,2,9,5,RandomForest,Time_Warping,8,"{'sigma': 0.3, 'knot': 6}",0.5927777777777777,0.5840355783272078,"{'bootstrap': True, 'ccp_alpha': 0.0, 'class_weight': 'balanced', 'criterion': 'gini', 'max_depth': 20, 'max_features': 'sqrt', 'max_leaf_nodes': None, 'max_samples': None, 'min_impurity_decrease': 0.0, 'min_samples_leaf': 2, 'min_samples_split': 5, 'min_weight_fraction_leaf': 0.0, 'monotonic_cst': None, 'n_estimators': 50, 'n_jobs': None, 'oob_score': False, 'random_state': 42, 'verbose': 0, 'warm_start': False}",1.0127265453338623
Chinese_wine,7,2,9,5,LinearSVC,Time_Warping,8,"{'sigma': 0.3, 'knot': 6}",0.43944444444444447,0.3924249004019674,"{'C': np.float64(183.29807108324337), 'class_weight': None, 'dual': False, 'fit_intercept': True, 'intercept_scaling': 1, 'loss': 'squared_hinge', 'max_iter': 100, 'multi_class': 'ovr', 'penalty': 'l1', 'random_state': 42, 'tol': 0.001, 'verbose': 0}",0.05948638916015625
Chinese_wine,7,2,9,5,LogisticRegression,Time_Warping,8,"{'sigma': 0.3, 'knot': 6}",0.4981111111111111,0.4802279186922915,"{'C': np.float64(33.59818286283781), 'class_weight': None, 'dual': False, 'fit_intercept': True, 'intercept_scaling': 1, 'l1_ratio': None, 'max_iter': 100, 'multi_class': 'deprecated', 'n_jobs': None, 'penalty': 'l2', 'random_state': 42, 'solver': 'saga', 'tol': 0.0001, 'verbose': 0, 'warm_start': False}",0.07729935646057129
Chinese_wine,7,2,9,5,KNN,Time_Warping,9,"{'sigma': 0.1, 'knot': 6}",0.6895555555555556,0.6813693511448508,"{'algorithm': 'auto', 'leaf_size': 30, 'metric': 'minkowski', 'metric_params': None, 'n_jobs': None, 'n_neighbors': np.int64(5), 'p': 3, 'weights': 'distance'}",0.4296722412109375
Chinese_wine,7,2,9,5,RandomForest,Time_Warping,9,"{'sigma': 0.1, 'knot': 6}",0.6276666666666667,0.619933628318111,"{'bootstrap': True, 'ccp_alpha': 0.0, 'class_weight': 'balanced', 'criterion': 'gini', 'max_depth': 30, 'max_features': 'sqrt', 'max_leaf_nodes': None, 'max_samples': None, 'min_impurity_decrease': 0.0, 'min_samples_leaf': 1, 'min_samples_split': 2, 'min_weight_fraction_leaf': 0.0, 'monotonic_cst': None, 'n_estimators': 150, 'n_jobs': None, 'oob_score': False, 'random_state': 42, 'verbose': 0, 'warm_start': False}",3.4842705726623535
Chinese_wine,7,2,9,5,LinearSVC,Time_Warping,9,"{'sigma': 0.1, 'knot': 6}",0.5432222222222223,0.5212275575513633,"{'C': np.float64(33.59818286283781), 'class_weight': 'balanced', 'dual': False, 'fit_intercept': True, 'intercept_scaling': 1, 'loss': 'squared_hinge', 'max_iter': 100, 'multi_class': 'ovr', 'penalty': 'l1', 'random_state': 42, 'tol': 0.001, 'verbose': 0}",0.10927700996398926
Chinese_wine,7,2,9,5,LogisticRegression,Time_Warping,9,"{'sigma': 0.1, 'knot': 6}",0.579,0.5662726805338404,"{'C': np.float64(183.29807108324337), 'class_weight': None, 'dual': False, 'fit_intercept': True, 'intercept_scaling': 1, 'l1_ratio': None, 'max_iter': 100, 'multi_class': 'deprecated', 'n_jobs': None, 'penalty': 'l2', 'random_state': 42, 'solver': 'saga', 'tol': 0.0001, 'verbose': 0, 'warm_start': False}",0.09143447875976562
Chinese_wine,7,2,9,5,KNN,Time_Warping,10,"{'sigma': 0.1, 'knot': 8}",0.6786666666666666,0.6721939519060539,"{'algorithm': 'auto', 'leaf_size': 30, 'metric': 'euclidean', 'metric_params': None, 'n_jobs': None, 'n_neighbors': np.int64(19), 'p': 2, 'weights': 'distance'}",0.14522290229797363
Chinese_wine,7,2,9,5,RandomForest,Time_Warping,10,"{'sigma': 0.1, 'knot': 8}",0.6095555555555555,0.6046266618868946,"{'bootstrap': True, 'ccp_alpha': 0.0, 'class_weight': 'balanced', 'criterion': 'gini', 'max_depth': None, 'max_features': 'sqrt', 'max_leaf_nodes': None, 'max_samples': None, 'min_impurity_decrease': 0.0, 'min_samples_leaf': 1, 'min_samples_split': 2, 'min_weight_fraction_leaf': 0.0, 'monotonic_cst': None, 'n_estimators': 50, 'n_jobs': None, 'oob_score': False, 'random_state': 42, 'verbose': 0, 'warm_start': False}",1.114325761795044
Chinese_wine,7,2,9,5,LinearSVC,Time_Warping,10,"{'sigma': 0.1, 'knot': 8}",0.5365555555555556,0.5177395074769913,"{'C': np.float64(1000.0), 'class_weight': 'balanced', 'dual': False, 'fit_intercept': True, 'intercept_scaling': 1, 'loss': 'squared_hinge', 'max_iter': 100, 'multi_class': 'ovr', 'penalty': 'l2', 'random_state': 42, 'tol': 0.001, 'verbose': 0}",0.05100250244140625
Chinese_wine,7,2,9,5,LogisticRegression,Time_Warping,10,"{'sigma': 0.1, 'knot': 8}",0.5958888888888889,0.5878575240485662,"{'C': np.float64(1000.0), 'class_weight': 'balanced', 'dual': False, 'fit_intercept': True, 'intercept_scaling': 1, 'l1_ratio': None, 'max_iter': 100, 'multi_class': 'deprecated', 'n_jobs': None, 'penalty': 'l2', 'random_state': 42, 'solver': 'sag', 'tol': 0.0001, 'verbose': 0, 'warm_start': False}",0.12331461906433105
Chinese_wine,7,2,9,10,KNN,Time_Warping,1,"{'sigma': 0.2, 'knot': 4}",0.6734444444444444,0.6666514298129292,"{'algorithm': 'auto', 'leaf_size': 30, 'metric': 'manhattan', 'metric_params': None, 'n_jobs': None, 'n_neighbors': np.int64(5), 'p': 2, 'weights': 'distance'}",0.2566993236541748
Chinese_wine,7,2,9,10,RandomForest,Time_Warping,1,"{'sigma': 0.2, 'knot': 4}",0.5588888888888889,0.5511413940430481,"{'bootstrap': True, 'ccp_alpha': 0.0, 'class_weight': None, 'criterion': 'gini', 'max_depth': 30, 'max_features': 'sqrt', 'max_leaf_nodes': None, 'max_samples': None, 'min_impurity_decrease': 0.0, 'min_samples_leaf': 1, 'min_samples_split': 20, 'min_weight_fraction_leaf': 0.0, 'monotonic_cst': None, 'n_estimators': 50, 'n_jobs': None, 'oob_score': False, 'random_state': 42, 'verbose': 0, 'warm_start': False}",2.2567074298858643
Chinese_wine,7,2,9,10,LinearSVC,Time_Warping,1,"{'sigma': 0.2, 'knot': 4}",0.3665555555555556,0.30085864450070743,"{'C': np.float64(1000.0), 'class_weight': 'balanced', 'dual': False, 'fit_intercept': True, 'intercept_scaling': 1, 'loss': 'squared_hinge', 'max_iter': 100, 'multi_class': 'ovr', 'penalty': 'l2', 'random_state': 42, 'tol': 0.001, 'verbose': 0}",0.07606005668640137
Chinese_wine,7,2,9,10,LogisticRegression,Time_Warping,1,"{'sigma': 0.2, 'knot': 4}",0.4318888888888889,0.41859468046670645,"{'C': np.float64(33.59818286283781), 'class_weight': 'balanced', 'dual': False, 'fit_intercept': True, 'intercept_scaling': 1, 'l1_ratio': None, 'max_iter': 100, 'multi_class': 'deprecated', 'n_jobs': None, 'penalty': 'l2', 'random_state': 42, 'solver': 'saga', 'tol': 0.0001, 'verbose': 0, 'warm_start': False}",0.15314078330993652
Chinese_wine,7,2,9,10,KNN,Time_Warping,2,"{'sigma': 0.2, 'knot': 3}",0.6732222222222223,0.66754949800936,"{'algorithm': 'auto', 'leaf_size': 30, 'metric': 'euclidean', 'metric_params': None, 'n_jobs': None, 'n_neighbors': np.int64(9), 'p': 2, 'weights': 'distance'}",0.1625051498413086
Chinese_wine,7,2,9,10,RandomForest,Time_Warping,2,"{'sigma': 0.2, 'knot': 3}",0.5914444444444444,0.58300616303867,"{'bootstrap': True, 'ccp_alpha': 0.0, 'class_weight': 'balanced', 'criterion': 'gini', 'max_depth': None, 'max_features': 'sqrt', 'max_leaf_nodes': None, 'max_samples': None, 'min_impurity_decrease': 0.0, 'min_samples_leaf': 1, 'min_samples_split': 2, 'min_weight_fraction_leaf': 0.0, 'monotonic_cst': None, 'n_estimators': 50, 'n_jobs': None, 'oob_score': False, 'random_state': 42, 'verbose': 0, 'warm_start': False}",2.52899432182312
Chinese_wine,7,2,9,10,LinearSVC,Time_Warping,2,"{'sigma': 0.2, 'knot': 3}",0.3998888888888889,0.34698038078713866,"{'C': np.float64(2.6366508987303554), 'class_weight': 'balanced', 'dual': False, 'fit_intercept': True, 'intercept_scaling': 1, 'loss': 'squared_hinge', 'max_iter': 100, 'multi_class': 'ovr', 'penalty': 'l1', 'random_state': 42, 'tol': 0.0001, 'verbose': 0}",0.1391909122467041
Chinese_wine,7,2,9,10,LogisticRegression,Time_Warping,2,"{'sigma': 0.2, 'knot': 3}",0.4692222222222222,0.45632703986366335,"{'C': np.float64(33.59818286283781), 'class_weight': 'balanced', 'dual': False, 'fit_intercept': True, 'intercept_scaling': 1, 'l1_ratio': None, 'max_iter': 100, 'multi_class': 'deprecated', 'n_jobs': None, 'penalty': 'l1', 'random_state': 42, 'solver': 'saga', 'tol': 0.0001, 'verbose': 0, 'warm_start': False}",1.2757964134216309
Chinese_wine,7,2,9,10,KNN,Time_Warping,3,"{'sigma': 0.5, 'knot': 4}",0.6808888888888889,0.6758780155980836,"{'algorithm': 'auto', 'leaf_size': 30, 'metric': 'euclidean', 'metric_params': None, 'n_jobs': None, 'n_neighbors': np.int64(9), 'p': 2, 'weights': 'distance'}",0.14708876609802246
Chinese_wine,7,2,9,10,RandomForest,Time_Warping,3,"{'sigma': 0.5, 'knot': 4}",0.5403333333333333,0.5355764449525896,"{'bootstrap': True, 'ccp_alpha': 0.0, 'class_weight': 'balanced', 'criterion': 'gini', 'max_depth': 20, 'max_features': 'sqrt', 'max_leaf_nodes': None, 'max_samples': None, 'min_impurity_decrease': 0.0, 'min_samples_leaf': 2, 'min_samples_split': 5, 'min_weight_fraction_leaf': 0.0, 'monotonic_cst': None, 'n_estimators': 50, 'n_jobs': None, 'oob_score': False, 'random_state': 42, 'verbose': 0, 'warm_start': False}",2.6381208896636963
Chinese_wine,7,2,9,10,LinearSVC,Time_Warping,3,"{'sigma': 0.5, 'knot': 4}",0.3071111111111111,0.23439833096633972,"{'C': np.float64(2.6366508987303554), 'class_weight': 'balanced', 'dual': False, 'fit_intercept': True, 'intercept_scaling': 1, 'loss': 'squared_hinge', 'max_iter': 100, 'multi_class': 'ovr', 'penalty': 'l1', 'random_state': 42, 'tol': 0.0001, 'verbose': 0}",0.11411833763122559
Chinese_wine,7,2,9,10,LogisticRegression,Time_Warping,3,"{'sigma': 0.5, 'knot': 4}",0.30722222222222223,0.28683841144381644,"{'C': np.float64(33.59818286283781), 'class_weight': None, 'dual': False, 'fit_intercept': True, 'intercept_scaling': 1, 'l1_ratio': None, 'max_iter': 100, 'multi_class': 'deprecated', 'n_jobs': None, 'penalty': 'l2', 'random_state': 42, 'solver': 'saga', 'tol': 0.0001, 'verbose': 0, 'warm_start': False}",0.15824604034423828
Chinese_wine,7,2,9,10,KNN,Time_Warping,4,"{'sigma': 0.05, 'knot': 8}",0.687,0.6793819046494503,"{'algorithm': 'auto', 'leaf_size': 30, 'metric': 'manhattan', 'metric_params': None, 'n_jobs': None, 'n_neighbors': np.int64(5), 'p': 2, 'weights': 'distance'}",0.2089841365814209
Chinese_wine,7,2,9,10,RandomForest,Time_Warping,4,"{'sigma': 0.05, 'knot': 8}",0.5991111111111111,0.5886621415897795,"{'bootstrap': True, 'ccp_alpha': 0.0, 'class_weight': 'balanced', 'criterion': 'gini', 'max_depth': 20, 'max_features': 'sqrt', 'max_leaf_nodes': None, 'max_samples': None, 'min_impurity_decrease': 0.0, 'min_samples_leaf': 2, 'min_samples_split': 5, 'min_weight_fraction_leaf': 0.0, 'monotonic_cst': None, 'n_estimators': 50, 'n_jobs': None, 'oob_score': False, 'random_state': 42, 'verbose': 0, 'warm_start': False}",2.2922348976135254
Chinese_wine,7,2,9,10,LinearSVC,Time_Warping,4,"{'sigma': 0.05, 'knot': 8}",0.6166666666666667,0.5981308880819455,"{'C': np.float64(33.59818286283781), 'class_weight': 'balanced', 'dual': False, 'fit_intercept': True, 'intercept_scaling': 1, 'loss': 'squared_hinge', 'max_iter': 100, 'multi_class': 'ovr', 'penalty': 'l1', 'random_state': 42, 'tol': 0.001, 'verbose': 0}",0.34557557106018066
Chinese_wine,7,2,9,10,LogisticRegression,Time_Warping,4,"{'sigma': 0.05, 'knot': 8}",0.6507777777777778,0.6455725423900944,"{'C': np.float64(33.59818286283781), 'class_weight': 'balanced', 'dual': False, 'fit_intercept': True, 'intercept_scaling': 1, 'l1_ratio': None, 'max_iter': 100, 'multi_class': 'deprecated', 'n_jobs': None, 'penalty': 'l2', 'random_state': 42, 'solver': 'saga', 'tol': 0.0001, 'verbose': 0, 'warm_start': False}",0.32881975173950195
Chinese_wine,7,2,9,10,KNN,Time_Warping,5,"{'sigma': 0.1, 'knot': 4}",0.6861111111111111,0.6785234792228366,"{'algorithm': 'auto', 'leaf_size': 30, 'metric': 'manhattan', 'metric_params': None, 'n_jobs': None, 'n_neighbors': np.int64(5), 'p': 2, 'weights': 'distance'}",0.22523951530456543
Chinese_wine,7,2,9,10,RandomForest,Time_Warping,5,"{'sigma': 0.1, 'knot': 4}",0.59,0.582815363528752,"{'bootstrap': True, 'ccp_alpha': 0.0, 'class_weight': 'balanced', 'criterion': 'gini', 'max_depth': None, 'max_features': 'sqrt', 'max_leaf_nodes': None, 'max_samples': None, 'min_impurity_decrease': 0.0, 'min_samples_leaf': 1, 'min_samples_split': 2, 'min_weight_fraction_leaf': 0.0, 'monotonic_cst': None, 'n_estimators': 50, 'n_jobs': None, 'oob_score': False, 'random_state': 42, 'verbose': 0, 'warm_start': False}",2.3390188217163086
Chinese_wine,7,2,9,10,LinearSVC,Time_Warping,5,"{'sigma': 0.1, 'knot': 4}",0.5575555555555556,0.5339484683204964,"{'C': np.float64(33.59818286283781), 'class_weight': 'balanced', 'dual': False, 'fit_intercept': True, 'intercept_scaling': 1, 'loss': 'squared_hinge', 'max_iter': 100, 'multi_class': 'ovr', 'penalty': 'l1', 'random_state': 42, 'tol': 0.001, 'verbose': 0}",0.19654607772827148
Chinese_wine,7,2,9,10,LogisticRegression,Time_Warping,5,"{'sigma': 0.1, 'knot': 4}",0.5893333333333334,0.568910464278054,"{'C': np.float64(33.59818286283781), 'class_weight': 'balanced', 'dual': False, 'fit_intercept': True, 'intercept_scaling': 1, 'l1_ratio': None, 'max_iter': 100, 'multi_class': 'deprecated', 'n_jobs': None, 'penalty': 'l2', 'random_state': 42, 'solver': 'saga', 'tol': 0.0001, 'verbose': 0, 'warm_start': False}",0.15146565437316895
Chinese_wine,7,2,9,10,KNN,Time_Warping,6,"{'sigma': 0.3, 'knot': 6}",0.6793333333333333,0.6733615888357297,"{'algorithm': 'auto', 'leaf_size': 30, 'metric': 'minkowski', 'metric_params': None, 'n_jobs': None, 'n_neighbors': np.int64(11), 'p': 4, 'weights': 'distance'}",0.6510748863220215
Chinese_wine,7,2,9,10,RandomForest,Time_Warping,6,"{'sigma': 0.3, 'knot': 6}",0.5775555555555556,0.5711899701436612,"{'bootstrap': True, 'ccp_alpha': 0.0, 'class_weight': 'balanced', 'criterion': 'gini', 'max_depth': None, 'max_features': 'sqrt', 'max_leaf_nodes': None, 'max_samples': None, 'min_impurity_decrease': 0.0, 'min_samples_leaf': 1, 'min_samples_split': 2, 'min_weight_fraction_leaf': 0.0, 'monotonic_cst': None, 'n_estimators': 50, 'n_jobs': None, 'oob_score': False, 'random_state': 42, 'verbose': 0, 'warm_start': False}",2.3629398345947266
Chinese_wine,7,2,9,10,LinearSVC,Time_Warping,6,"{'sigma': 0.3, 'knot': 6}",0.3887777777777778,0.32681749745685984,"{'C': np.float64(2.6366508987303554), 'class_weight': 'balanced', 'dual': False, 'fit_intercept': True, 'intercept_scaling': 1, 'loss': 'squared_hinge', 'max_iter': 100, 'multi_class': 'ovr', 'penalty': 'l1', 'random_state': 42, 'tol': 0.0001, 'verbose': 0}",0.1317446231842041
Chinese_wine,7,2,9,10,LogisticRegression,Time_Warping,6,"{'sigma': 0.3, 'knot': 6}",0.4451111111111111,0.4274103572886622,"{'C': np.float64(0.08858667904100823), 'class_weight': None, 'dual': False, 'fit_intercept': True, 'intercept_scaling': 1, 'l1_ratio': None, 'max_iter': 100, 'multi_class': 'deprecated', 'n_jobs': None, 'penalty': 'l1', 'random_state': 42, 'solver': 'saga', 'tol': 0.0001, 'verbose': 0, 'warm_start': False}",0.20466947555541992
Chinese_wine,7,2,9,10,KNN,Time_Warping,7,"{'sigma': 0.05, 'knot': 6}",0.6752222222222222,0.6704064822533543,"{'algorithm': 'auto', 'leaf_size': 30, 'metric': 'minkowski', 'metric_params': None, 'n_jobs': None, 'n_neighbors': np.int64(13), 'p': 4, 'weights': 'distance'}",0.7184896469116211
Chinese_wine,7,2,9,10,RandomForest,Time_Warping,7,"{'sigma': 0.05, 'knot': 6}",0.6026666666666667,0.5912171245127114,"{'bootstrap': True, 'ccp_alpha': 0.0, 'class_weight': 'balanced', 'criterion': 'gini', 'max_depth': 20, 'max_features': 'sqrt', 'max_leaf_nodes': None, 'max_samples': None, 'min_impurity_decrease': 0.0, 'min_samples_leaf': 2, 'min_samples_split': 5, 'min_weight_fraction_leaf': 0.0, 'monotonic_cst': None, 'n_estimators': 50, 'n_jobs': None, 'oob_score': False, 'random_state': 42, 'verbose': 0, 'warm_start': False}",2.1088595390319824
Chinese_wine,7,2,9,10,LinearSVC,Time_Warping,7,"{'sigma': 0.05, 'knot': 6}",0.6147777777777778,0.6068390240163423,"{'C': np.float64(183.29807108324337), 'class_weight': 'balanced', 'dual': False, 'fit_intercept': True, 'intercept_scaling': 1, 'loss': 'squared_hinge', 'max_iter': 100, 'multi_class': 'ovr', 'penalty': 'l1', 'random_state': 42, 'tol': 0.0001, 'verbose': 0}",0.394364595413208
Chinese_wine,7,2,9,10,LogisticRegression,Time_Warping,7,"{'sigma': 0.05, 'knot': 6}",0.625,0.6167238701241561,"{'C': np.float64(33.59818286283781), 'class_weight': 'balanced', 'dual': False, 'fit_intercept': True, 'intercept_scaling': 1, 'l1_ratio': None, 'max_iter': 100, 'multi_class': 'deprecated', 'n_jobs': None, 'penalty': 'l2', 'random_state': 42, 'solver': 'saga', 'tol': 0.0001, 'verbose': 0, 'warm_start': False}",0.26854443550109863
Chinese_wine,7,2,9,10,KNN,Time_Warping,8,"{'sigma': 0.3, 'knot': 6}",0.6805555555555556,0.6740280571635258,"{'algorithm': 'auto', 'leaf_size': 30, 'metric': 'manhattan', 'metric_params': None, 'n_jobs': None, 'n_neighbors': np.int64(5), 'p': 2, 'weights': 'distance'}",0.23572111129760742
Chinese_wine,7,2,9,10,RandomForest,Time_Warping,8,"{'sigma': 0.3, 'knot': 6}",0.5851111111111111,0.5771138267782145,"{'bootstrap': True, 'ccp_alpha': 0.0, 'class_weight': 'balanced', 'criterion': 'gini', 'max_depth': None, 'max_features': 'sqrt', 'max_leaf_nodes': None, 'max_samples': None, 'min_impurity_decrease': 0.0, 'min_samples_leaf': 1, 'min_samples_split': 2, 'min_weight_fraction_leaf': 0.0, 'monotonic_cst': None, 'n_estimators': 50, 'n_jobs': None, 'oob_score': False, 'random_state': 42, 'verbose': 0, 'warm_start': False}",2.409003973007202
Chinese_wine,7,2,9,10,LinearSVC,Time_Warping,8,"{'sigma': 0.3, 'knot': 6}",0.3406666666666667,0.27648267990023906,"{'C': np.float64(183.29807108324337), 'class_weight': 'balanced', 'dual': False, 'fit_intercept': True, 'intercept_scaling': 1, 'loss': 'squared_hinge', 'max_iter': 100, 'multi_class': 'ovr', 'penalty': 'l1', 'random_state': 42, 'tol': 0.0001, 'verbose': 0}",0.128953218460083
Chinese_wine,7,2,9,10,LogisticRegression,Time_Warping,8,"{'sigma': 0.3, 'knot': 6}",0.4023333333333333,0.3817854917524778,"{'C': np.float64(33.59818286283781), 'class_weight': 'balanced', 'dual': False, 'fit_intercept': True, 'intercept_scaling': 1, 'l1_ratio': None, 'max_iter': 100, 'multi_class': 'deprecated', 'n_jobs': None, 'penalty': 'l2', 'random_state': 42, 'solver': 'saga', 'tol': 0.0001, 'verbose': 0, 'warm_start': False}",0.15619111061096191
Chinese_wine,7,2,9,10,KNN,Time_Warping,9,"{'sigma': 0.1, 'knot': 6}",0.6732222222222223,0.6662491723960623,"{'algorithm': 'auto', 'leaf_size': 30, 'metric': 'euclidean', 'metric_params': None, 'n_jobs': None, 'n_neighbors': np.int64(9), 'p': 2, 'weights': 'distance'}",0.14843416213989258
Chinese_wine,7,2,9,10,RandomForest,Time_Warping,9,"{'sigma': 0.1, 'knot': 6}",0.5858888888888889,0.5793939980931461,"{'bootstrap': True, 'ccp_alpha': 0.0, 'class_weight': 'balanced', 'criterion': 'gini', 'max_depth': None, 'max_features': 'sqrt', 'max_leaf_nodes': None, 'max_samples': None, 'min_impurity_decrease': 0.0, 'min_samples_leaf': 1, 'min_samples_split': 2, 'min_weight_fraction_leaf': 0.0, 'monotonic_cst': None, 'n_estimators': 50, 'n_jobs': None, 'oob_score': False, 'random_state': 42, 'verbose': 0, 'warm_start': False}",2.6933765411376953
Chinese_wine,7,2,9,10,LinearSVC,Time_Warping,9,"{'sigma': 0.1, 'knot': 6}",0.5224444444444445,0.4855471348441956,"{'C': np.float64(1000.0), 'class_weight': 'balanced', 'dual': False, 'fit_intercept': True, 'intercept_scaling': 1, 'loss': 'squared_hinge', 'max_iter': 100, 'multi_class': 'ovr', 'penalty': 'l2', 'random_state': 42, 'tol': 0.001, 'verbose': 0}",0.0879201889038086
Chinese_wine,7,2,9,10,LogisticRegression,Time_Warping,9,"{'sigma': 0.1, 'knot': 6}",0.5917777777777777,0.573042958422637,"{'C': np.float64(33.59818286283781), 'class_weight': 'balanced', 'dual': False, 'fit_intercept': True, 'intercept_scaling': 1, 'l1_ratio': None, 'max_iter': 100, 'multi_class': 'deprecated', 'n_jobs': None, 'penalty': 'l1', 'random_state': 42, 'solver': 'saga', 'tol': 0.0001, 'verbose': 0, 'warm_start': False}",0.3420891761779785
Chinese_wine,7,2,9,10,KNN,Time_Warping,10,"{'sigma': 0.1, 'knot': 8}",0.6827777777777778,0.6755778417521734,"{'algorithm': 'auto', 'leaf_size': 30, 'metric': 'manhattan', 'metric_params': None, 'n_jobs': None, 'n_neighbors': np.int64(5), 'p': 2, 'weights': 'distance'}",0.25817346572875977
Chinese_wine,7,2,9,10,RandomForest,Time_Warping,10,"{'sigma': 0.1, 'knot': 8}",0.576,0.5682082204787715,"{'bootstrap': True, 'ccp_alpha': 0.0, 'class_weight': 'balanced', 'criterion': 'gini', 'max_depth': 20, 'max_features': 'sqrt', 'max_leaf_nodes': None, 'max_samples': None, 'min_impurity_decrease': 0.0, 'min_samples_leaf': 2, 'min_samples_split': 5, 'min_weight_fraction_leaf': 0.0, 'monotonic_cst': None, 'n_estimators': 50, 'n_jobs': None, 'oob_score': False, 'random_state': 42, 'verbose': 0, 'warm_start': False}",2.2675116062164307
Chinese_wine,7,2,9,10,LinearSVC,Time_Warping,10,"{'sigma': 0.1, 'knot': 8}",0.5595555555555556,0.5371540757148732,"{'C': np.float64(33.59818286283781), 'class_weight': None, 'dual': False, 'fit_intercept': True, 'intercept_scaling': 1, 'loss': 'squared_hinge', 'max_iter': 100, 'multi_class': 'ovr', 'penalty': 'l1', 'random_state': 42, 'tol': 0.001, 'verbose': 0}",0.23380064964294434
Chinese_wine,7,2,9,10,LogisticRegression,Time_Warping,10,"{'sigma': 0.1, 'knot': 8}",0.6041111111111112,0.5883938732634691,"{'C': np.float64(183.29807108324337), 'class_weight': None, 'dual': False, 'fit_intercept': True, 'intercept_scaling': 1, 'l1_ratio': None, 'max_iter': 100, 'multi_class': 'deprecated', 'n_jobs': None, 'penalty': 'l2', 'random_state': 42, 'solver': 'saga', 'tol': 0.0001, 'verbose': 0, 'warm_start': False}",0.14012813568115234
Chinese_wine,7,2,10,1,KNN,Baseline,N/A,N/A,0.6048888888888889,0.6034405493110064,"{'algorithm': 'auto', 'leaf_size': 30, 'metric': 'minkowski', 'metric_params': None, 'n_jobs': None, 'n_neighbors': 5, 'p': 2, 'weights': 'uniform'}",0.3267955780029297
Chinese_wine,7,2,10,1,KNN,Tuned_Baseline,N/A,N/A,0.6113333333333333,0.610641664062132,"{'algorithm': 'auto', 'leaf_size': 30, 'metric': 'minkowski', 'metric_params': None, 'n_jobs': None, 'n_neighbors': np.int64(5), 'p': 3, 'weights': 'distance'}",0.1553196907043457
Chinese_wine,7,2,10,1,RandomForest,Baseline,N/A,N/A,0.5647777777777778,0.5584883847575783,"{'bootstrap': True, 'ccp_alpha': 0.0, 'class_weight': None, 'criterion': 'gini', 'max_depth': None, 'max_features': 'sqrt', 'max_leaf_nodes': None, 'max_samples': None, 'min_impurity_decrease': 0.0, 'min_samples_leaf': 1, 'min_samples_split': 2, 'min_weight_fraction_leaf': 0.0, 'monotonic_cst': None, 'n_estimators': 100, 'n_jobs': None, 'oob_score': False, 'random_state': 42, 'verbose': 0, 'warm_start': False}",0.5527870655059814
Chinese_wine,7,2,10,1,RandomForest,Tuned_Baseline,N/A,N/A,0.5662222222222222,0.5593579195344304,"{'bootstrap': True, 'ccp_alpha': 0.0, 'class_weight': 'balanced', 'criterion': 'gini', 'max_depth': 30, 'max_features': 'sqrt', 'max_leaf_nodes': None, 'max_samples': None, 'min_impurity_decrease': 0.0, 'min_samples_leaf': 1, 'min_samples_split': 2, 'min_weight_fraction_leaf': 0.0, 'monotonic_cst': None, 'n_estimators': 150, 'n_jobs': None, 'oob_score': False, 'random_state': 42, 'verbose': 0, 'warm_start': False}",0.0665736198425293
Chinese_wine,7,2,10,1,LinearSVC,Baseline,N/A,N/A,0.5964444444444444,0.5864823779952566,"{'C': 1.0, 'class_weight': None, 'dual': False, 'fit_intercept': True, 'intercept_scaling': 1, 'loss': 'squared_hinge', 'max_iter': 100, 'multi_class': 'ovr', 'penalty': 'l2', 'random_state': 42, 'tol': 0.0001, 'verbose': 0}",0.02092719078063965
Chinese_wine,7,2,10,1,LinearSVC,Tuned_Baseline,N/A,N/A,0.5908888888888889,0.5729599024111223,"{'C': np.float64(183.29807108324337), 'class_weight': None, 'dual': False, 'fit_intercept': True, 'intercept_scaling': 1, 'loss': 'squared_hinge', 'max_iter': 100, 'multi_class': 'ovr', 'penalty': 'l1', 'random_state': 42, 'tol': 0.001, 'verbose': 0}",0.0010530948638916016
Chinese_wine,7,2,10,1,LogisticRegression,Baseline,N/A,N/A,0.5847777777777777,0.5711538283700022,"{'C': 1.0, 'class_weight': None, 'dual': False, 'fit_intercept': True, 'intercept_scaling': 1, 'l1_ratio': None, 'max_iter': 100, 'multi_class': 'deprecated', 'n_jobs': None, 'penalty': 'l2', 'random_state': 42, 'solver': 'lbfgs', 'tol': 0.0001, 'verbose': 0, 'warm_start': False}",0.2271270751953125
Chinese_wine,7,2,10,1,LogisticRegression,Tuned_Baseline,N/A,N/A,0.5927777777777777,0.5788460081599677,"{'C': np.float64(33.59818286283781), 'class_weight': None, 'dual': False, 'fit_intercept': True, 'intercept_scaling': 1, 'l1_ratio': None, 'max_iter': 100, 'multi_class': 'deprecated', 'n_jobs': None, 'penalty': 'l2', 'random_state': 42, 'solver': 'saga', 'tol': 0.0001, 'verbose': 0, 'warm_start': False}",0.0011830329895019531
Chinese_wine,7,2,10,1,RNN,Tuned_Baseline,N/A,N/A,0.1,0.018181818181818184,"{'hidden_size': 64, 'epochs': 10, 'batch_size': 32, 'lr': 0.001}",2.3365020751953125e-05
Chinese_wine,7,2,10,2,KNN,Time_Warping,1,"{'sigma': 0.2, 'knot': 4}",0.6043333333333333,0.6044958960137523,"{'algorithm': 'auto', 'leaf_size': 30, 'metric': 'minkowski', 'metric_params': None, 'n_jobs': None, 'n_neighbors': np.int64(5), 'p': 3, 'weights': 'distance'}",0.2684488296508789
Chinese_wine,7,2,10,2,RandomForest,Time_Warping,1,"{'sigma': 0.2, 'knot': 4}",0.5556666666666666,0.5456762423838204,"{'bootstrap': True, 'ccp_alpha': 0.0, 'class_weight': 'balanced', 'criterion': 'gini', 'max_depth': None, 'max_features': 'sqrt', 'max_leaf_nodes': None, 'max_samples': None, 'min_impurity_decrease': 0.0, 'min_samples_leaf': 1, 'min_samples_split': 2, 'min_weight_fraction_leaf': 0.0, 'monotonic_cst': None, 'n_estimators': 50, 'n_jobs': None, 'oob_score': False, 'random_state': 42, 'verbose': 0, 'warm_start': False}",0.42619848251342773
Chinese_wine,7,2,10,2,LinearSVC,Time_Warping,1,"{'sigma': 0.2, 'knot': 4}",0.47344444444444445,0.44739435088585655,"{'C': np.float64(183.29807108324337), 'class_weight': 'balanced', 'dual': False, 'fit_intercept': True, 'intercept_scaling': 1, 'loss': 'squared_hinge', 'max_iter': 100, 'multi_class': 'ovr', 'penalty': 'l1', 'random_state': 42, 'tol': 0.0001, 'verbose': 0}",0.05357551574707031
Chinese_wine,7,2,10,2,LogisticRegression,Time_Warping,1,"{'sigma': 0.2, 'knot': 4}",0.47855555555555557,0.47097446104433394,"{'C': np.float64(183.29807108324337), 'class_weight': None, 'dual': False, 'fit_intercept': True, 'intercept_scaling': 1, 'l1_ratio': None, 'max_iter': 100, 'multi_class': 'deprecated', 'n_jobs': None, 'penalty': 'l2', 'random_state': 42, 'solver': 'saga', 'tol': 0.0001, 'verbose': 0, 'warm_start': False}",0.1468040943145752
Chinese_wine,7,2,10,2,KNN,Time_Warping,2,"{'sigma': 0.2, 'knot': 3}",0.6113333333333333,0.609528702088324,"{'algorithm': 'auto', 'leaf_size': 30, 'metric': 'minkowski', 'metric_params': None, 'n_jobs': None, 'n_neighbors': np.int64(5), 'p': 3, 'weights': 'distance'}",0.3069138526916504
Chinese_wine,7,2,10,2,RandomForest,Time_Warping,2,"{'sigma': 0.2, 'knot': 3}",0.5522222222222222,0.5453724615721032,"{'bootstrap': True, 'ccp_alpha': 0.0, 'class_weight': 'balanced', 'criterion': 'gini', 'max_depth': 30, 'max_features': 'sqrt', 'max_leaf_nodes': None, 'max_samples': None, 'min_impurity_decrease': 0.0, 'min_samples_leaf': 1, 'min_samples_split': 2, 'min_weight_fraction_leaf': 0.0, 'monotonic_cst': None, 'n_estimators': 150, 'n_jobs': None, 'oob_score': False, 'random_state': 42, 'verbose': 0, 'warm_start': False}",1.314490556716919
Chinese_wine,7,2,10,2,LinearSVC,Time_Warping,2,"{'sigma': 0.2, 'knot': 3}",0.4126666666666667,0.3984253825731514,"{'C': np.float64(183.29807108324337), 'class_weight': None, 'dual': False, 'fit_intercept': True, 'intercept_scaling': 1, 'loss': 'squared_hinge', 'max_iter': 100, 'multi_class': 'ovr', 'penalty': 'l1', 'random_state': 42, 'tol': 0.001, 'verbose': 0}",0.03599953651428223
Chinese_wine,7,2,10,2,LogisticRegression,Time_Warping,2,"{'sigma': 0.2, 'knot': 3}",0.3868888888888889,0.3959293472988593,"{'C': np.float64(183.29807108324337), 'class_weight': 'balanced', 'dual': False, 'fit_intercept': True, 'intercept_scaling': 1, 'l1_ratio': None, 'max_iter': 100, 'multi_class': 'deprecated', 'n_jobs': None, 'penalty': 'l1', 'random_state': 42, 'solver': 'saga', 'tol': 0.0001, 'verbose': 0, 'warm_start': False}",0.046509742736816406
Chinese_wine,7,2,10,2,KNN,Time_Warping,3,"{'sigma': 0.5, 'knot': 4}",0.6087777777777778,0.6084830511197249,"{'algorithm': 'auto', 'leaf_size': 30, 'metric': 'minkowski', 'metric_params': None, 'n_jobs': None, 'n_neighbors': np.int64(5), 'p': 3, 'weights': 'distance'}",0.23822307586669922
Chinese_wine,7,2,10,2,RandomForest,Time_Warping,3,"{'sigma': 0.5, 'knot': 4}",0.5545555555555556,0.548565770023318,"{'bootstrap': True, 'ccp_alpha': 0.0, 'class_weight': 'balanced', 'criterion': 'gini', 'max_depth': None, 'max_features': 'sqrt', 'max_leaf_nodes': None, 'max_samples': None, 'min_impurity_decrease': 0.0, 'min_samples_leaf': 1, 'min_samples_split': 2, 'min_weight_fraction_leaf': 0.0, 'monotonic_cst': None, 'n_estimators': 50, 'n_jobs': None, 'oob_score': False, 'random_state': 42, 'verbose': 0, 'warm_start': False}",0.45169901847839355
Chinese_wine,7,2,10,2,LinearSVC,Time_Warping,3,"{'sigma': 0.5, 'knot': 4}",0.3531111111111111,0.3217943222396642,"{'C': np.float64(183.29807108324337), 'class_weight': None, 'dual': False, 'fit_intercept': True, 'intercept_scaling': 1, 'loss': 'squared_hinge', 'max_iter': 100, 'multi_class': 'ovr', 'penalty': 'l1', 'random_state': 42, 'tol': 0.001, 'verbose': 0}",0.025912761688232422
Chinese_wine,7,2,10,2,LogisticRegression,Time_Warping,3,"{'sigma': 0.5, 'knot': 4}",0.3606666666666667,0.2835858749078709,"{'C': np.float64(183.29807108324337), 'class_weight': None, 'dual': False, 'fit_intercept': False, 'intercept_scaling': 1, 'l1_ratio': None, 'max_iter': 100, 'multi_class': 'deprecated', 'n_jobs': None, 'penalty': 'l2', 'random_state': 42, 'solver': 'sag', 'tol': 0.0001, 'verbose': 0, 'warm_start': False}",0.03721499443054199
Chinese_wine,7,2,10,2,KNN,Time_Warping,4,"{'sigma': 0.05, 'knot': 8}",0.6093333333333333,0.6061457269214504,"{'algorithm': 'auto', 'leaf_size': 30, 'metric': 'manhattan', 'metric_params': None, 'n_jobs': None, 'n_neighbors': np.int64(5), 'p': 2, 'weights': 'distance'}",0.09350299835205078
Chinese_wine,7,2,10,2,RandomForest,Time_Warping,4,"{'sigma': 0.05, 'knot': 8}",0.5537777777777778,0.5413145686577475,"{'bootstrap': True, 'ccp_alpha': 0.0, 'class_weight': 'balanced', 'criterion': 'gini', 'max_depth': None, 'max_features': 'sqrt', 'max_leaf_nodes': None, 'max_samples': None, 'min_impurity_decrease': 0.0, 'min_samples_leaf': 1, 'min_samples_split': 2, 'min_weight_fraction_leaf': 0.0, 'monotonic_cst': None, 'n_estimators': 50, 'n_jobs': None, 'oob_score': False, 'random_state': 42, 'verbose': 0, 'warm_start': False}",0.5709428787231445
Chinese_wine,7,2,10,2,LinearSVC,Time_Warping,4,"{'sigma': 0.05, 'knot': 8}",0.5833333333333334,0.5524858474207938,"{'C': np.float64(33.59818286283781), 'class_weight': 'balanced', 'dual': False, 'fit_intercept': True, 'intercept_scaling': 1, 'loss': 'squared_hinge', 'max_iter': 100, 'multi_class': 'ovr', 'penalty': 'l1', 'random_state': 42, 'tol': 0.001, 'verbose': 0}",0.07569313049316406
Chinese_wine,7,2,10,2,LogisticRegression,Time_Warping,4,"{'sigma': 0.05, 'knot': 8}",0.5273333333333333,0.5196249364568539,"{'C': np.float64(1000.0), 'class_weight': 'balanced', 'dual': False, 'fit_intercept': True, 'intercept_scaling': 1, 'l1_ratio': None, 'max_iter': 100, 'multi_class': 'deprecated', 'n_jobs': None, 'penalty': 'l2', 'random_state': 42, 'solver': 'sag', 'tol': 0.0001, 'verbose': 0, 'warm_start': False}",0.13134336471557617
Chinese_wine,7,2,10,2,KNN,Time_Warping,5,"{'sigma': 0.1, 'knot': 4}",0.6057777777777777,0.6053117950976193,"{'algorithm': 'auto', 'leaf_size': 30, 'metric': 'minkowski', 'metric_params': None, 'n_jobs': None, 'n_neighbors': np.int64(5), 'p': 3, 'weights': 'distance'}",0.277937650680542
Chinese_wine,7,2,10,2,RandomForest,Time_Warping,5,"{'sigma': 0.1, 'knot': 4}",0.5564444444444444,0.5458755941479094,"{'bootstrap': True, 'ccp_alpha': 0.0, 'class_weight': 'balanced', 'criterion': 'gini', 'max_depth': 30, 'max_features': 'sqrt', 'max_leaf_nodes': None, 'max_samples': None, 'min_impurity_decrease': 0.0, 'min_samples_leaf': 1, 'min_samples_split': 2, 'min_weight_fraction_leaf': 0.0, 'monotonic_cst': None, 'n_estimators': 150, 'n_jobs': None, 'oob_score': False, 'random_state': 42, 'verbose': 0, 'warm_start': False}",1.3862721920013428
Chinese_wine,7,2,10,2,LinearSVC,Time_Warping,5,"{'sigma': 0.1, 'knot': 4}",0.5346666666666666,0.48842720187233074,"{'C': np.float64(33.59818286283781), 'class_weight': 'balanced', 'dual': False, 'fit_intercept': True, 'intercept_scaling': 1, 'loss': 'squared_hinge', 'max_iter': 100, 'multi_class': 'ovr', 'penalty': 'l1', 'random_state': 42, 'tol': 0.0001, 'verbose': 0}",0.06989836692810059
Chinese_wine,7,2,10,2,LogisticRegression,Time_Warping,5,"{'sigma': 0.1, 'knot': 4}",0.5027777777777778,0.475008812267661,"{'C': np.float64(1000.0), 'class_weight': 'balanced', 'dual': False, 'fit_intercept': True, 'intercept_scaling': 1, 'l1_ratio': None, 'max_iter': 100, 'multi_class': 'deprecated', 'n_jobs': None, 'penalty': 'l2', 'random_state': 42, 'solver': 'sag', 'tol': 0.0001, 'verbose': 0, 'warm_start': False}",0.04059171676635742
Chinese_wine,7,2,10,2,KNN,Time_Warping,6,"{'sigma': 0.3, 'knot': 6}",0.6087777777777778,0.6090524605338198,"{'algorithm': 'auto', 'leaf_size': 30, 'metric': 'minkowski', 'metric_params': None, 'n_jobs': None, 'n_neighbors': np.int64(5), 'p': 3, 'weights': 'distance'}",0.30106186866760254
Chinese_wine,7,2,10,2,RandomForest,Time_Warping,6,"{'sigma': 0.3, 'knot': 6}",0.5585555555555556,0.5492942551165213,"{'bootstrap': True, 'ccp_alpha': 0.0, 'class_weight': 'balanced', 'criterion': 'gini', 'max_depth': None, 'max_features': 'sqrt', 'max_leaf_nodes': None, 'max_samples': None, 'min_impurity_decrease': 0.0, 'min_samples_leaf': 2, 'min_samples_split': 2, 'min_weight_fraction_leaf': 0.0, 'monotonic_cst': None, 'n_estimators': 150, 'n_jobs': None, 'oob_score': False, 'random_state': 42, 'verbose': 0, 'warm_start': False}",1.2687792778015137
Chinese_wine,7,2,10,2,LinearSVC,Time_Warping,6,"{'sigma': 0.3, 'knot': 6}",0.5267777777777778,0.4799417251379499,"{'C': np.float64(33.59818286283781), 'class_weight': 'balanced', 'dual': False, 'fit_intercept': True, 'intercept_scaling': 1, 'loss': 'squared_hinge', 'max_iter': 100, 'multi_class': 'ovr', 'penalty': 'l1', 'random_state': 42, 'tol': 0.001, 'verbose': 0}",0.03753924369812012
Chinese_wine,7,2,10,2,LogisticRegression,Time_Warping,6,"{'sigma': 0.3, 'knot': 6}",0.5225555555555556,0.5025917940062529,"{'C': np.float64(33.59818286283781), 'class_weight': 'balanced', 'dual': False, 'fit_intercept': True, 'intercept_scaling': 1, 'l1_ratio': None, 'max_iter': 100, 'multi_class': 'deprecated', 'n_jobs': None, 'penalty': 'l2', 'random_state': 42, 'solver': 'saga', 'tol': 0.0001, 'verbose': 0, 'warm_start': False}",0.03316903114318848
Chinese_wine,7,2,10,2,KNN,Time_Warping,7,"{'sigma': 0.05, 'knot': 6}",0.6143333333333333,0.6113481033369772,"{'algorithm': 'auto', 'leaf_size': 30, 'metric': 'manhattan', 'metric_params': None, 'n_jobs': None, 'n_neighbors': np.int64(5), 'p': 2, 'weights': 'distance'}",0.08637690544128418
Chinese_wine,7,2,10,2,RandomForest,Time_Warping,7,"{'sigma': 0.05, 'knot': 6}",0.558,0.5519915945909565,"{'bootstrap': True, 'ccp_alpha': 0.0, 'class_weight': 'balanced', 'criterion': 'gini', 'max_depth': 30, 'max_features': 'sqrt', 'max_leaf_nodes': None, 'max_samples': None, 'min_impurity_decrease': 0.0, 'min_samples_leaf': 1, 'min_samples_split': 2, 'min_weight_fraction_leaf': 0.0, 'monotonic_cst': None, 'n_estimators': 150, 'n_jobs': None, 'oob_score': False, 'random_state': 42, 'verbose': 0, 'warm_start': False}",1.291015386581421
Chinese_wine,7,2,10,2,LinearSVC,Time_Warping,7,"{'sigma': 0.05, 'knot': 6}",0.5336666666666666,0.5076090974537965,"{'C': np.float64(33.59818286283781), 'class_weight': 'balanced', 'dual': False, 'fit_intercept': True, 'intercept_scaling': 1, 'loss': 'squared_hinge', 'max_iter': 100, 'multi_class': 'ovr', 'penalty': 'l1', 'random_state': 42, 'tol': 0.001, 'verbose': 0}",0.07845687866210938
Chinese_wine,7,2,10,2,LogisticRegression,Time_Warping,7,"{'sigma': 0.05, 'knot': 6}",0.4866666666666667,0.4867367763431893,"{'C': np.float64(183.29807108324337), 'class_weight': 'balanced', 'dual': False, 'fit_intercept': True, 'intercept_scaling': 1, 'l1_ratio': None, 'max_iter': 100, 'multi_class': 'deprecated', 'n_jobs': None, 'penalty': 'l1', 'random_state': 42, 'solver': 'saga', 'tol': 0.0001, 'verbose': 0, 'warm_start': False}",0.23729586601257324
Chinese_wine,7,2,10,2,KNN,Time_Warping,8,"{'sigma': 0.3, 'knot': 6}",0.6116666666666667,0.6111516066601969,"{'algorithm': 'auto', 'leaf_size': 30, 'metric': 'minkowski', 'metric_params': None, 'n_jobs': None, 'n_neighbors': np.int64(5), 'p': 3, 'weights': 'distance'}",0.2787902355194092
Chinese_wine,7,2,10,2,RandomForest,Time_Warping,8,"{'sigma': 0.3, 'knot': 6}",0.5554444444444444,0.5480740999561672,"{'bootstrap': True, 'ccp_alpha': 0.0, 'class_weight': 'balanced', 'criterion': 'gini', 'max_depth': 30, 'max_features': 'sqrt', 'max_leaf_nodes': None, 'max_samples': None, 'min_impurity_decrease': 0.0, 'min_samples_leaf': 1, 'min_samples_split': 2, 'min_weight_fraction_leaf': 0.0, 'monotonic_cst': None, 'n_estimators': 150, 'n_jobs': None, 'oob_score': False, 'random_state': 42, 'verbose': 0, 'warm_start': False}",1.4474525451660156
Chinese_wine,7,2,10,2,LinearSVC,Time_Warping,8,"{'sigma': 0.3, 'knot': 6}",0.4922222222222222,0.4330788804456678,"{'C': np.float64(33.59818286283781), 'class_weight': None, 'dual': False, 'fit_intercept': True, 'intercept_scaling': 1, 'loss': 'squared_hinge', 'max_iter': 100, 'multi_class': 'ovr', 'penalty': 'l1', 'random_state': 42, 'tol': 0.001, 'verbose': 0}",0.034067630767822266
Chinese_wine,7,2,10,2,LogisticRegression,Time_Warping,8,"{'sigma': 0.3, 'knot': 6}",0.49655555555555553,0.48142487566830205,"{'C': np.float64(33.59818286283781), 'class_weight': None, 'dual': False, 'fit_intercept': True, 'intercept_scaling': 1, 'l1_ratio': None, 'max_iter': 100, 'multi_class': 'deprecated', 'n_jobs': None, 'penalty': 'l2', 'random_state': 42, 'solver': 'saga', 'tol': 0.0001, 'verbose': 0, 'warm_start': False}",0.03450298309326172
Chinese_wine,7,2,10,2,KNN,Time_Warping,9,"{'sigma': 0.1, 'knot': 6}",0.6057777777777777,0.6064271009305028,"{'algorithm': 'auto', 'leaf_size': 30, 'metric': 'minkowski', 'metric_params': None, 'n_jobs': None, 'n_neighbors': np.int64(5), 'p': 3, 'weights': 'distance'}",0.31928396224975586
Chinese_wine,7,2,10,2,RandomForest,Time_Warping,9,"{'sigma': 0.1, 'knot': 6}",0.5631111111111111,0.5567753900636133,"{'bootstrap': True, 'ccp_alpha': 0.0, 'class_weight': 'balanced', 'criterion': 'gini', 'max_depth': 30, 'max_features': 'sqrt', 'max_leaf_nodes': None, 'max_samples': None, 'min_impurity_decrease': 0.0, 'min_samples_leaf': 1, 'min_samples_split': 2, 'min_weight_fraction_leaf': 0.0, 'monotonic_cst': None, 'n_estimators': 150, 'n_jobs': None, 'oob_score': False, 'random_state': 42, 'verbose': 0, 'warm_start': False}",1.5999958515167236
Chinese_wine,7,2,10,2,LinearSVC,Time_Warping,9,"{'sigma': 0.1, 'knot': 6}",0.5647777777777778,0.5404235036105308,"{'C': np.float64(183.29807108324337), 'class_weight': 'balanced', 'dual': False, 'fit_intercept': True, 'intercept_scaling': 1, 'loss': 'squared_hinge', 'max_iter': 100, 'multi_class': 'ovr', 'penalty': 'l1', 'random_state': 42, 'tol': 0.0001, 'verbose': 0}",0.0648808479309082
Chinese_wine,7,2,10,2,LogisticRegression,Time_Warping,9,"{'sigma': 0.1, 'knot': 6}",0.5258888888888889,0.5226458235489525,"{'C': np.float64(33.59818286283781), 'class_weight': 'balanced', 'dual': False, 'fit_intercept': True, 'intercept_scaling': 1, 'l1_ratio': None, 'max_iter': 100, 'multi_class': 'deprecated', 'n_jobs': None, 'penalty': 'l2', 'random_state': 42, 'solver': 'saga', 'tol': 0.0001, 'verbose': 0, 'warm_start': False}",0.15620183944702148
Chinese_wine,7,2,10,2,KNN,Time_Warping,10,"{'sigma': 0.1, 'knot': 8}",0.6088888888888889,0.6083930244831292,"{'algorithm': 'auto', 'leaf_size': 30, 'metric': 'minkowski', 'metric_params': None, 'n_jobs': None, 'n_neighbors': np.int64(5), 'p': 3, 'weights': 'distance'}",0.27045679092407227
Chinese_wine,7,2,10,2,RandomForest,Time_Warping,10,"{'sigma': 0.1, 'knot': 8}",0.5446666666666666,0.5374919985443276,"{'bootstrap': True, 'ccp_alpha': 0.0, 'class_weight': None, 'criterion': 'gini', 'max_depth': 20, 'max_features': 'sqrt', 'max_leaf_nodes': None, 'max_samples': None, 'min_impurity_decrease': 0.0, 'min_samples_leaf': 1, 'min_samples_split': 2, 'min_weight_fraction_leaf': 0.0, 'monotonic_cst': None, 'n_estimators': 100, 'n_jobs': None, 'oob_score': False, 'random_state': 42, 'verbose': 0, 'warm_start': False}",0.828423261642456
Chinese_wine,7,2,10,2,LinearSVC,Time_Warping,10,"{'sigma': 0.1, 'knot': 8}",0.5245555555555556,0.47482636929603117,"{'C': np.float64(33.59818286283781), 'class_weight': None, 'dual': False, 'fit_intercept': True, 'intercept_scaling': 1, 'loss': 'squared_hinge', 'max_iter': 100, 'multi_class': 'ovr', 'penalty': 'l1', 'random_state': 42, 'tol': 0.001, 'verbose': 0}",0.06236386299133301
Chinese_wine,7,2,10,2,LogisticRegression,Time_Warping,10,"{'sigma': 0.1, 'knot': 8}",0.5251111111111111,0.5164987654767612,"{'C': np.float64(1000.0), 'class_weight': 'balanced', 'dual': False, 'fit_intercept': True, 'intercept_scaling': 1, 'l1_ratio': None, 'max_iter': 100, 'multi_class': 'deprecated', 'n_jobs': None, 'penalty': 'l2', 'random_state': 42, 'solver': 'sag', 'tol': 0.0001, 'verbose': 0, 'warm_start': False}",0.05418515205383301
Chinese_wine,7,2,10,3,KNN,Time_Warping,1,"{'sigma': 0.2, 'knot': 4}",0.6006666666666667,0.5993398489588031,"{'algorithm': 'auto', 'leaf_size': 30, 'metric': 'minkowski', 'metric_params': None, 'n_jobs': None, 'n_neighbors': np.int64(5), 'p': 3, 'weights': 'distance'}",0.447115421295166
Chinese_wine,7,2,10,3,RandomForest,Time_Warping,1,"{'sigma': 0.2, 'knot': 4}",0.5374444444444444,0.5299402857774278,"{'bootstrap': True, 'ccp_alpha': 0.0, 'class_weight': None, 'criterion': 'gini', 'max_depth': 30, 'max_features': 'sqrt', 'max_leaf_nodes': None, 'max_samples': None, 'min_impurity_decrease': 0.0, 'min_samples_leaf': 1, 'min_samples_split': 5, 'min_weight_fraction_leaf': 0.0, 'monotonic_cst': None, 'n_estimators': 50, 'n_jobs': None, 'oob_score': False, 'random_state': 42, 'verbose': 0, 'warm_start': False}",0.7191405296325684
Chinese_wine,7,2,10,3,LinearSVC,Time_Warping,1,"{'sigma': 0.2, 'knot': 4}",0.4891111111111111,0.43810641314204957,"{'C': np.float64(6.1584821106602545), 'class_weight': None, 'dual': False, 'fit_intercept': True, 'intercept_scaling': 1, 'loss': 'squared_hinge', 'max_iter': 100, 'multi_class': 'ovr', 'penalty': 'l2', 'random_state': 42, 'tol': 0.0001, 'verbose': 0}",0.025631189346313477
Chinese_wine,7,2,10,3,LogisticRegression,Time_Warping,1,"{'sigma': 0.2, 'knot': 4}",0.47544444444444445,0.47357795793834356,"{'C': np.float64(33.59818286283781), 'class_weight': 'balanced', 'dual': False, 'fit_intercept': True, 'intercept_scaling': 1, 'l1_ratio': None, 'max_iter': 100, 'multi_class': 'deprecated', 'n_jobs': None, 'penalty': 'l1', 'random_state': 42, 'solver': 'saga', 'tol': 0.0001, 'verbose': 0, 'warm_start': False}",0.3195161819458008
Chinese_wine,7,2,10,3,KNN,Time_Warping,2,"{'sigma': 0.2, 'knot': 3}",0.6036666666666667,0.6053334624399261,"{'algorithm': 'auto', 'leaf_size': 30, 'metric': 'minkowski', 'metric_params': None, 'n_jobs': None, 'n_neighbors': np.int64(5), 'p': 3, 'weights': 'distance'}",0.4706687927246094
Chinese_wine,7,2,10,3,RandomForest,Time_Warping,2,"{'sigma': 0.2, 'knot': 3}",0.5456666666666666,0.5350649803036668,"{'bootstrap': True, 'ccp_alpha': 0.0, 'class_weight': 'balanced', 'criterion': 'gini', 'max_depth': 30, 'max_features': 'sqrt', 'max_leaf_nodes': None, 'max_samples': None, 'min_impurity_decrease': 0.0, 'min_samples_leaf': 1, 'min_samples_split': 2, 'min_weight_fraction_leaf': 0.0, 'monotonic_cst': None, 'n_estimators': 150, 'n_jobs': None, 'oob_score': False, 'random_state': 42, 'verbose': 0, 'warm_start': False}",2.0508666038513184
Chinese_wine,7,2,10,3,LinearSVC,Time_Warping,2,"{'sigma': 0.2, 'knot': 3}",0.456,0.40051448901453435,"{'C': np.float64(183.29807108324337), 'class_weight': None, 'dual': False, 'fit_intercept': True, 'intercept_scaling': 1, 'loss': 'squared_hinge', 'max_iter': 100, 'multi_class': 'ovr', 'penalty': 'l1', 'random_state': 42, 'tol': 0.001, 'verbose': 0}",0.043323516845703125
Chinese_wine,7,2,10,3,LogisticRegression,Time_Warping,2,"{'sigma': 0.2, 'knot': 3}",0.49144444444444446,0.47545986690940256,"{'C': np.float64(33.59818286283781), 'class_weight': 'balanced', 'dual': False, 'fit_intercept': True, 'intercept_scaling': 1, 'l1_ratio': None, 'max_iter': 100, 'multi_class': 'deprecated', 'n_jobs': None, 'penalty': 'l1', 'random_state': 42, 'solver': 'saga', 'tol': 0.0001, 'verbose': 0, 'warm_start': False}",0.33942317962646484
Chinese_wine,7,2,10,3,KNN,Time_Warping,3,"{'sigma': 0.5, 'knot': 4}",0.5973333333333334,0.5961220384870771,"{'algorithm': 'auto', 'leaf_size': 30, 'metric': 'minkowski', 'metric_params': None, 'n_jobs': None, 'n_neighbors': np.int64(11), 'p': 4, 'weights': 'distance'}",0.47063326835632324
Chinese_wine,7,2,10,3,RandomForest,Time_Warping,3,"{'sigma': 0.5, 'knot': 4}",0.5411111111111111,0.5287989117338269,"{'bootstrap': True, 'ccp_alpha': 0.0, 'class_weight': None, 'criterion': 'gini', 'max_depth': 30, 'max_features': 'sqrt', 'max_leaf_nodes': None, 'max_samples': None, 'min_impurity_decrease': 0.0, 'min_samples_leaf': 1, 'min_samples_split': 5, 'min_weight_fraction_leaf': 0.0, 'monotonic_cst': None, 'n_estimators': 150, 'n_jobs': None, 'oob_score': False, 'random_state': 42, 'verbose': 0, 'warm_start': False}",2.2041234970092773
Chinese_wine,7,2,10,3,LinearSVC,Time_Warping,3,"{'sigma': 0.5, 'knot': 4}",0.3357777777777778,0.29767030650705356,"{'C': np.float64(33.59818286283781), 'class_weight': 'balanced', 'dual': False, 'fit_intercept': True, 'intercept_scaling': 1, 'loss': 'squared_hinge', 'max_iter': 100, 'multi_class': 'ovr', 'penalty': 'l1', 'random_state': 42, 'tol': 0.001, 'verbose': 0}",0.03213787078857422
Chinese_wine,7,2,10,3,LogisticRegression,Time_Warping,3,"{'sigma': 0.5, 'knot': 4}",0.32466666666666666,0.331966686970292,"{'C': np.float64(33.59818286283781), 'class_weight': None, 'dual': False, 'fit_intercept': True, 'intercept_scaling': 1, 'l1_ratio': None, 'max_iter': 100, 'multi_class': 'deprecated', 'n_jobs': None, 'penalty': 'l2', 'random_state': 42, 'solver': 'saga', 'tol': 0.0001, 'verbose': 0, 'warm_start': False}",0.037638187408447266
Chinese_wine,7,2,10,3,KNN,Time_Warping,4,"{'sigma': 0.05, 'knot': 8}",0.6007777777777777,0.5996755188691641,"{'algorithm': 'auto', 'leaf_size': 30, 'metric': 'minkowski', 'metric_params': None, 'n_jobs': None, 'n_neighbors': np.int64(13), 'p': 4, 'weights': 'distance'}",0.436032772064209
Chinese_wine,7,2,10,3,RandomForest,Time_Warping,4,"{'sigma': 0.05, 'knot': 8}",0.5616666666666666,0.5554414626455026,"{'bootstrap': True, 'ccp_alpha': 0.0, 'class_weight': 'balanced', 'criterion': 'gini', 'max_depth': 30, 'max_features': 'sqrt', 'max_leaf_nodes': None, 'max_samples': None, 'min_impurity_decrease': 0.0, 'min_samples_leaf': 1, 'min_samples_split': 2, 'min_weight_fraction_leaf': 0.0, 'monotonic_cst': None, 'n_estimators': 150, 'n_jobs': None, 'oob_score': False, 'random_state': 42, 'verbose': 0, 'warm_start': False}",2.028075695037842
Chinese_wine,7,2,10,3,LinearSVC,Time_Warping,4,"{'sigma': 0.05, 'knot': 8}",0.536,0.5012713552894701,"{'C': np.float64(33.59818286283781), 'class_weight': 'balanced', 'dual': False, 'fit_intercept': True, 'intercept_scaling': 1, 'loss': 'squared_hinge', 'max_iter': 100, 'multi_class': 'ovr', 'penalty': 'l1', 'random_state': 42, 'tol': 0.0001, 'verbose': 0}",0.11466145515441895
Chinese_wine,7,2,10,3,LogisticRegression,Time_Warping,4,"{'sigma': 0.05, 'knot': 8}",0.5226666666666666,0.5087603141367848,"{'C': np.float64(1000.0), 'class_weight': 'balanced', 'dual': False, 'fit_intercept': True, 'intercept_scaling': 1, 'l1_ratio': None, 'max_iter': 100, 'multi_class': 'deprecated', 'n_jobs': None, 'penalty': 'l2', 'random_state': 42, 'solver': 'sag', 'tol': 0.0001, 'verbose': 0, 'warm_start': False}",0.18648505210876465
Chinese_wine,7,2,10,3,KNN,Time_Warping,5,"{'sigma': 0.1, 'knot': 4}",0.6033333333333334,0.6019775547590726,"{'algorithm': 'auto', 'leaf_size': 30, 'metric': 'minkowski', 'metric_params': None, 'n_jobs': None, 'n_neighbors': np.int64(5), 'p': 3, 'weights': 'distance'}",0.3938748836517334
Chinese_wine,7,2,10,3,RandomForest,Time_Warping,5,"{'sigma': 0.1, 'knot': 4}",0.5421111111111111,0.5344702887553483,"{'bootstrap': True, 'ccp_alpha': 0.0, 'class_weight': 'balanced', 'criterion': 'gini', 'max_depth': None, 'max_features': 'sqrt', 'max_leaf_nodes': None, 'max_samples': None, 'min_impurity_decrease': 0.0, 'min_samples_leaf': 1, 'min_samples_split': 2, 'min_weight_fraction_leaf': 0.0, 'monotonic_cst': None, 'n_estimators': 50, 'n_jobs': None, 'oob_score': False, 'random_state': 42, 'verbose': 0, 'warm_start': False}",0.6967673301696777
Chinese_wine,7,2,10,3,LinearSVC,Time_Warping,5,"{'sigma': 0.1, 'knot': 4}",0.49744444444444447,0.44458533540147327,"{'C': np.float64(33.59818286283781), 'class_weight': None, 'dual': False, 'fit_intercept': True, 'intercept_scaling': 1, 'loss': 'squared_hinge', 'max_iter': 100, 'multi_class': 'ovr', 'penalty': 'l1', 'random_state': 42, 'tol': 0.001, 'verbose': 0}",0.0836949348449707
Chinese_wine,7,2,10,3,LogisticRegression,Time_Warping,5,"{'sigma': 0.1, 'knot': 4}",0.4856666666666667,0.48092160739289913,"{'C': np.float64(183.29807108324337), 'class_weight': None, 'dual': False, 'fit_intercept': True, 'intercept_scaling': 1, 'l1_ratio': None, 'max_iter': 100, 'multi_class': 'deprecated', 'n_jobs': None, 'penalty': 'l2', 'random_state': 42, 'solver': 'saga', 'tol': 0.0001, 'verbose': 0, 'warm_start': False}",0.13986563682556152
Chinese_wine,7,2,10,3,KNN,Time_Warping,6,"{'sigma': 0.3, 'knot': 6}",0.605,0.6056931999469354,"{'algorithm': 'auto', 'leaf_size': 30, 'metric': 'minkowski', 'metric_params': None, 'n_jobs': None, 'n_neighbors': np.int64(5), 'p': 3, 'weights': 'distance'}",0.4243307113647461
Chinese_wine,7,2,10,3,RandomForest,Time_Warping,6,"{'sigma': 0.3, 'knot': 6}",0.5461111111111111,0.5369342498879756,"{'bootstrap': True, 'ccp_alpha': 0.0, 'class_weight': 'balanced', 'criterion': 'gini', 'max_depth': 30, 'max_features': 'sqrt', 'max_leaf_nodes': None, 'max_samples': None, 'min_impurity_decrease': 0.0, 'min_samples_leaf': 1, 'min_samples_split': 5, 'min_weight_fraction_leaf': 0.0, 'monotonic_cst': None, 'n_estimators': 100, 'n_jobs': None, 'oob_score': False, 'random_state': 42, 'verbose': 0, 'warm_start': False}",1.3789331912994385
Chinese_wine,7,2,10,3,LinearSVC,Time_Warping,6,"{'sigma': 0.3, 'knot': 6}",0.44866666666666666,0.40493303399472785,"{'C': np.float64(0.2069138081114788), 'class_weight': 'balanced', 'dual': False, 'fit_intercept': True, 'intercept_scaling': 1, 'loss': 'squared_hinge', 'max_iter': 100, 'multi_class': 'ovr', 'penalty': 'l2', 'random_state': 42, 'tol': 0.001, 'verbose': 0}",0.02477717399597168
Chinese_wine,7,2,10,3,LogisticRegression,Time_Warping,6,"{'sigma': 0.3, 'knot': 6}",0.41388888888888886,0.42234262704863185,"{'C': np.float64(33.59818286283781), 'class_weight': 'balanced', 'dual': False, 'fit_intercept': True, 'intercept_scaling': 1, 'l1_ratio': None, 'max_iter': 100, 'multi_class': 'deprecated', 'n_jobs': None, 'penalty': 'l2', 'random_state': 42, 'solver': 'saga', 'tol': 0.0001, 'verbose': 0, 'warm_start': False}",0.04649853706359863
Chinese_wine,7,2,10,3,KNN,Time_Warping,7,"{'sigma': 0.05, 'knot': 6}",0.6088888888888889,0.6089236657945616,"{'algorithm': 'auto', 'leaf_size': 30, 'metric': 'minkowski', 'metric_params': None, 'n_jobs': None, 'n_neighbors': np.int64(5), 'p': 3, 'weights': 'distance'}",0.3924753665924072
Chinese_wine,7,2,10,3,RandomForest,Time_Warping,7,"{'sigma': 0.05, 'knot': 6}",0.5605555555555556,0.5527118789943819,"{'bootstrap': True, 'ccp_alpha': 0.0, 'class_weight': 'balanced', 'criterion': 'gini', 'max_depth': 30, 'max_features': 'sqrt', 'max_leaf_nodes': None, 'max_samples': None, 'min_impurity_decrease': 0.0, 'min_samples_leaf': 1, 'min_samples_split': 5, 'min_weight_fraction_leaf': 0.0, 'monotonic_cst': None, 'n_estimators': 100, 'n_jobs': None, 'oob_score': False, 'random_state': 42, 'verbose': 0, 'warm_start': False}",1.3702714443206787
Chinese_wine,7,2,10,3,LinearSVC,Time_Warping,7,"{'sigma': 0.05, 'knot': 6}",0.5432222222222223,0.5254492865825087,"{'C': np.float64(183.29807108324337), 'class_weight': 'balanced', 'dual': False, 'fit_intercept': True, 'intercept_scaling': 1, 'loss': 'squared_hinge', 'max_iter': 100, 'multi_class': 'ovr', 'penalty': 'l1', 'random_state': 42, 'tol': 0.0001, 'verbose': 0}",0.13072609901428223
Chinese_wine,7,2,10,3,LogisticRegression,Time_Warping,7,"{'sigma': 0.05, 'knot': 6}",0.5043333333333333,0.49457183164011187,"{'C': np.float64(183.29807108324337), 'class_weight': 'balanced', 'dual': False, 'fit_intercept': True, 'intercept_scaling': 1, 'l1_ratio': None, 'max_iter': 100, 'multi_class': 'deprecated', 'n_jobs': None, 'penalty': 'l1', 'random_state': 42, 'solver': 'saga', 'tol': 0.0001, 'verbose': 0, 'warm_start': False}",0.3424265384674072
Chinese_wine,7,2,10,3,KNN,Time_Warping,8,"{'sigma': 0.3, 'knot': 6}",0.6088888888888889,0.6081590365301177,"{'algorithm': 'auto', 'leaf_size': 30, 'metric': 'minkowski', 'metric_params': None, 'n_jobs': None, 'n_neighbors': np.int64(5), 'p': 3, 'weights': 'distance'}",0.3854196071624756
Chinese_wine,7,2,10,3,RandomForest,Time_Warping,8,"{'sigma': 0.3, 'knot': 6}",0.5537777777777778,0.5459254773508807,"{'bootstrap': True, 'ccp_alpha': 0.0, 'class_weight': 'balanced', 'criterion': 'gini', 'max_depth': None, 'max_features': 'sqrt', 'max_leaf_nodes': None, 'max_samples': None, 'min_impurity_decrease': 0.0, 'min_samples_leaf': 2, 'min_samples_split': 2, 'min_weight_fraction_leaf': 0.0, 'monotonic_cst': None, 'n_estimators': 100, 'n_jobs': None, 'oob_score': False, 'random_state': 42, 'verbose': 0, 'warm_start': False}",1.449650526046753
Chinese_wine,7,2,10,3,LinearSVC,Time_Warping,8,"{'sigma': 0.3, 'knot': 6}",0.4242222222222222,0.3637293897150358,"{'C': np.float64(33.59818286283781), 'class_weight': 'balanced', 'dual': False, 'fit_intercept': True, 'intercept_scaling': 1, 'loss': 'squared_hinge', 'max_iter': 100, 'multi_class': 'ovr', 'penalty': 'l1', 'random_state': 42, 'tol': 0.001, 'verbose': 0}",0.036751747131347656
Chinese_wine,7,2,10,3,LogisticRegression,Time_Warping,8,"{'sigma': 0.3, 'knot': 6}",0.4424444444444444,0.4242398823937494,"{'C': np.float64(33.59818286283781), 'class_weight': 'balanced', 'dual': False, 'fit_intercept': True, 'intercept_scaling': 1, 'l1_ratio': None, 'max_iter': 100, 'multi_class': 'deprecated', 'n_jobs': None, 'penalty': 'l2', 'random_state': 42, 'solver': 'saga', 'tol': 0.0001, 'verbose': 0, 'warm_start': False}",0.03955888748168945
Chinese_wine,7,2,10,3,KNN,Time_Warping,9,"{'sigma': 0.1, 'knot': 6}",0.5833333333333334,0.5825775021678257,"{'algorithm': 'auto', 'leaf_size': 30, 'metric': 'chebyshev', 'metric_params': None, 'n_jobs': None, 'n_neighbors': np.int64(11), 'p': 2, 'weights': 'distance'}",0.060631752014160156
Chinese_wine,7,2,10,3,RandomForest,Time_Warping,9,"{'sigma': 0.1, 'knot': 6}",0.5373333333333333,0.5319334740822965,"{'bootstrap': True, 'ccp_alpha': 0.0, 'class_weight': None, 'criterion': 'gini', 'max_depth': 20, 'max_features': 'sqrt', 'max_leaf_nodes': None, 'max_samples': None, 'min_impurity_decrease': 0.0, 'min_samples_leaf': 1, 'min_samples_split': 2, 'min_weight_fraction_leaf': 0.0, 'monotonic_cst': None, 'n_estimators': 100, 'n_jobs': None, 'oob_score': False, 'random_state': 42, 'verbose': 0, 'warm_start': False}",1.3529629707336426
Chinese_wine,7,2,10,3,LinearSVC,Time_Warping,9,"{'sigma': 0.1, 'knot': 6}",0.5472222222222223,0.5149045053480656,"{'C': np.float64(183.29807108324337), 'class_weight': 'balanced', 'dual': False, 'fit_intercept': True, 'intercept_scaling': 1, 'loss': 'squared_hinge', 'max_iter': 100, 'multi_class': 'ovr', 'penalty': 'l1', 'random_state': 42, 'tol': 0.0001, 'verbose': 0}",0.09156203269958496
Chinese_wine,7,2,10,3,LogisticRegression,Time_Warping,9,"{'sigma': 0.1, 'knot': 6}",0.5123333333333333,0.5071320817813244,"{'C': np.float64(33.59818286283781), 'class_weight': None, 'dual': False, 'fit_intercept': True, 'intercept_scaling': 1, 'l1_ratio': None, 'max_iter': 100, 'multi_class': 'deprecated', 'n_jobs': None, 'penalty': 'l2', 'random_state': 42, 'solver': 'saga', 'tol': 0.0001, 'verbose': 0, 'warm_start': False}",0.05996584892272949
Chinese_wine,7,2,10,3,KNN,Time_Warping,10,"{'sigma': 0.1, 'knot': 8}",0.5886666666666667,0.588001614375462,"{'algorithm': 'auto', 'leaf_size': 30, 'metric': 'euclidean', 'metric_params': None, 'n_jobs': None, 'n_neighbors': np.int64(19), 'p': 2, 'weights': 'distance'}",0.11676454544067383
Chinese_wine,7,2,10,3,RandomForest,Time_Warping,10,"{'sigma': 0.1, 'knot': 8}",0.5483333333333333,0.5413887106144321,"{'bootstrap': True, 'ccp_alpha': 0.0, 'class_weight': None, 'criterion': 'gini', 'max_depth': 20, 'max_features': 'sqrt', 'max_leaf_nodes': None, 'max_samples': None, 'min_impurity_decrease': 0.0, 'min_samples_leaf': 1, 'min_samples_split': 2, 'min_weight_fraction_leaf': 0.0, 'monotonic_cst': None, 'n_estimators': 100, 'n_jobs': None, 'oob_score': False, 'random_state': 42, 'verbose': 0, 'warm_start': False}",1.2802369594573975
Chinese_wine,7,2,10,3,LinearSVC,Time_Warping,10,"{'sigma': 0.1, 'knot': 8}",0.5745555555555556,0.5373049498134417,"{'C': np.float64(183.29807108324337), 'class_weight': None, 'dual': False, 'fit_intercept': True, 'intercept_scaling': 1, 'loss': 'squared_hinge', 'max_iter': 100, 'multi_class': 'ovr', 'penalty': 'l1', 'random_state': 42, 'tol': 0.001, 'verbose': 0}",0.08866620063781738
Chinese_wine,7,2,10,3,LogisticRegression,Time_Warping,10,"{'sigma': 0.1, 'knot': 8}",0.5401111111111111,0.5276732050317791,"{'C': np.float64(33.59818286283781), 'class_weight': None, 'dual': False, 'fit_intercept': True, 'intercept_scaling': 1, 'l1_ratio': None, 'max_iter': 100, 'multi_class': 'deprecated', 'n_jobs': None, 'penalty': 'l2', 'random_state': 42, 'solver': 'saga', 'tol': 0.0001, 'verbose': 0, 'warm_start': False}",0.18704509735107422
Chinese_wine,7,2,10,5,KNN,Time_Warping,1,"{'sigma': 0.2, 'knot': 4}",0.6176666666666667,0.6171104800441871,"{'algorithm': 'auto', 'leaf_size': 30, 'metric': 'manhattan', 'metric_params': None, 'n_jobs': None, 'n_neighbors': np.int64(5), 'p': 2, 'weights': 'distance'}",0.18699979782104492
Chinese_wine,7,2,10,5,RandomForest,Time_Warping,1,"{'sigma': 0.2, 'knot': 4}",0.5231111111111111,0.5109564608123457,"{'bootstrap': True, 'ccp_alpha': 0.0, 'class_weight': 'balanced', 'criterion': 'gini', 'max_depth': None, 'max_features': 'sqrt', 'max_leaf_nodes': None, 'max_samples': None, 'min_impurity_decrease': 0.0, 'min_samples_leaf': 1, 'min_samples_split': 5, 'min_weight_fraction_leaf': 0.0, 'monotonic_cst': None, 'n_estimators': 50, 'n_jobs': None, 'oob_score': False, 'random_state': 42, 'verbose': 0, 'warm_start': False}",1.1954355239868164
Chinese_wine,7,2,10,5,LinearSVC,Time_Warping,1,"{'sigma': 0.2, 'knot': 4}",0.5028888888888889,0.4650202545416328,"{'C': np.float64(183.29807108324337), 'class_weight': 'balanced', 'dual': False, 'fit_intercept': True, 'intercept_scaling': 1, 'loss': 'squared_hinge', 'max_iter': 100, 'multi_class': 'ovr', 'penalty': 'l1', 'random_state': 42, 'tol': 0.0001, 'verbose': 0}",0.09155654907226562
Chinese_wine,7,2,10,5,LogisticRegression,Time_Warping,1,"{'sigma': 0.2, 'knot': 4}",0.4461111111111111,0.4439952355269389,"{'C': np.float64(33.59818286283781), 'class_weight': 'balanced', 'dual': False, 'fit_intercept': True, 'intercept_scaling': 1, 'l1_ratio': None, 'max_iter': 100, 'multi_class': 'deprecated', 'n_jobs': None, 'penalty': 'l1', 'random_state': 42, 'solver': 'saga', 'tol': 0.0001, 'verbose': 0, 'warm_start': False}",0.6774837970733643
Chinese_wine,7,2,10,5,KNN,Time_Warping,2,"{'sigma': 0.2, 'knot': 3}",0.5981111111111111,0.5971903237165941,"{'algorithm': 'auto', 'leaf_size': 30, 'metric': 'minkowski', 'metric_params': None, 'n_jobs': None, 'n_neighbors': np.int64(5), 'p': 3, 'weights': 'distance'}",0.4847273826599121
Chinese_wine,7,2,10,5,RandomForest,Time_Warping,2,"{'sigma': 0.2, 'knot': 3}",0.5221111111111111,0.5160057090973722,"{'bootstrap': True, 'ccp_alpha': 0.0, 'class_weight': 'balanced', 'criterion': 'gini', 'max_depth': 20, 'max_features': 'sqrt', 'max_leaf_nodes': None, 'max_samples': None, 'min_impurity_decrease': 0.0, 'min_samples_leaf': 2, 'min_samples_split': 5, 'min_weight_fraction_leaf': 0.0, 'monotonic_cst': None, 'n_estimators': 50, 'n_jobs': None, 'oob_score': False, 'random_state': 42, 'verbose': 0, 'warm_start': False}",1.1512250900268555
Chinese_wine,7,2,10,5,LinearSVC,Time_Warping,2,"{'sigma': 0.2, 'knot': 3}",0.4231111111111111,0.36157219891012277,"{'C': np.float64(33.59818286283781), 'class_weight': 'balanced', 'dual': False, 'fit_intercept': True, 'intercept_scaling': 1, 'loss': 'squared_hinge', 'max_iter': 100, 'multi_class': 'ovr', 'penalty': 'l1', 'random_state': 42, 'tol': 0.0001, 'verbose': 0}",0.08226752281188965
Chinese_wine,7,2,10,5,LogisticRegression,Time_Warping,2,"{'sigma': 0.2, 'knot': 3}",0.4292222222222222,0.42637188266400744,"{'C': np.float64(33.59818286283781), 'class_weight': 'balanced', 'dual': False, 'fit_intercept': True, 'intercept_scaling': 1, 'l1_ratio': None, 'max_iter': 100, 'multi_class': 'deprecated', 'n_jobs': None, 'penalty': 'l1', 'random_state': 42, 'solver': 'saga', 'tol': 0.0001, 'verbose': 0, 'warm_start': False}",0.6684131622314453
Chinese_wine,7,2,10,5,KNN,Time_Warping,3,"{'sigma': 0.5, 'knot': 4}",0.6054444444444445,0.6051467467842134,"{'algorithm': 'auto', 'leaf_size': 30, 'metric': 'minkowski', 'metric_params': None, 'n_jobs': None, 'n_neighbors': np.int64(5), 'p': 3, 'weights': 'distance'}",0.4365382194519043
Chinese_wine,7,2,10,5,RandomForest,Time_Warping,3,"{'sigma': 0.5, 'knot': 4}",0.5313333333333333,0.5210614607490051,"{'bootstrap': True, 'ccp_alpha': 0.0, 'class_weight': 'balanced', 'criterion': 'gini', 'max_depth': None, 'max_features': 'sqrt', 'max_leaf_nodes': None, 'max_samples': None, 'min_impurity_decrease': 0.0, 'min_samples_leaf': 1, 'min_samples_split': 2, 'min_weight_fraction_leaf': 0.0, 'monotonic_cst': None, 'n_estimators': 50, 'n_jobs': None, 'oob_score': False, 'random_state': 42, 'verbose': 0, 'warm_start': False}",1.2544574737548828
Chinese_wine,7,2,10,5,LinearSVC,Time_Warping,3,"{'sigma': 0.5, 'knot': 4}",0.262,0.21654633878766325,"{'C': np.float64(2.6366508987303554), 'class_weight': 'balanced', 'dual': False, 'fit_intercept': True, 'intercept_scaling': 1, 'loss': 'squared_hinge', 'max_iter': 100, 'multi_class': 'ovr', 'penalty': 'l1', 'random_state': 42, 'tol': 0.0001, 'verbose': 0}",0.06474471092224121
Chinese_wine,7,2,10,5,LogisticRegression,Time_Warping,3,"{'sigma': 0.5, 'knot': 4}",0.24944444444444444,0.24385084272075497,"{'C': np.float64(183.29807108324337), 'class_weight': 'balanced', 'dual': False, 'fit_intercept': True, 'intercept_scaling': 1, 'l1_ratio': None, 'max_iter': 100, 'multi_class': 'deprecated', 'n_jobs': None, 'penalty': 'l1', 'random_state': 42, 'solver': 'saga', 'tol': 0.0001, 'verbose': 0, 'warm_start': False}",0.13518047332763672
Chinese_wine,7,2,10,5,KNN,Time_Warping,4,"{'sigma': 0.05, 'knot': 8}",0.6006666666666667,0.5998083260529823,"{'algorithm': 'auto', 'leaf_size': 30, 'metric': 'minkowski', 'metric_params': None, 'n_jobs': None, 'n_neighbors': np.int64(5), 'p': 3, 'weights': 'distance'}",0.49057650566101074
Chinese_wine,7,2,10,5,RandomForest,Time_Warping,4,"{'sigma': 0.05, 'knot': 8}",0.5345555555555556,0.5299528428471699,"{'bootstrap': True, 'ccp_alpha': 0.0, 'class_weight': 'balanced', 'criterion': 'gini', 'max_depth': None, 'max_features': 'sqrt', 'max_leaf_nodes': None, 'max_samples': None, 'min_impurity_decrease': 0.0, 'min_samples_leaf': 4, 'min_samples_split': 2, 'min_weight_fraction_leaf': 0.0, 'monotonic_cst': None, 'n_estimators': 50, 'n_jobs': None, 'oob_score': False, 'random_state': 42, 'verbose': 0, 'warm_start': False}",1.1768760681152344
Chinese_wine,7,2,10,5,LinearSVC,Time_Warping,4,"{'sigma': 0.05, 'knot': 8}",0.5637777777777778,0.5381239104883677,"{'C': np.float64(1000.0), 'class_weight': 'balanced', 'dual': False, 'fit_intercept': True, 'intercept_scaling': 1, 'loss': 'squared_hinge', 'max_iter': 100, 'multi_class': 'ovr', 'penalty': 'l2', 'random_state': 42, 'tol': 0.001, 'verbose': 0}",0.053351640701293945
Chinese_wine,7,2,10,5,LogisticRegression,Time_Warping,4,"{'sigma': 0.05, 'knot': 8}",0.5337777777777778,0.5210322231796861,"{'C': np.float64(183.29807108324337), 'class_weight': 'balanced', 'dual': False, 'fit_intercept': True, 'intercept_scaling': 1, 'l1_ratio': None, 'max_iter': 100, 'multi_class': 'deprecated', 'n_jobs': None, 'penalty': 'l1', 'random_state': 42, 'solver': 'saga', 'tol': 0.0001, 'verbose': 0, 'warm_start': False}",0.5907847881317139
Chinese_wine,7,2,10,5,KNN,Time_Warping,5,"{'sigma': 0.1, 'knot': 4}",0.6072222222222222,0.6039876727212303,"{'algorithm': 'auto', 'leaf_size': 30, 'metric': 'manhattan', 'metric_params': None, 'n_jobs': None, 'n_neighbors': np.int64(5), 'p': 2, 'weights': 'distance'}",0.16056013107299805
Chinese_wine,7,2,10,5,RandomForest,Time_Warping,5,"{'sigma': 0.1, 'knot': 4}",0.5476666666666666,0.5357631422149146,"{'bootstrap': True, 'ccp_alpha': 0.0, 'class_weight': 'balanced', 'criterion': 'gini', 'max_depth': None, 'max_features': 'sqrt', 'max_leaf_nodes': None, 'max_samples': None, 'min_impurity_decrease': 0.0, 'min_samples_leaf': 1, 'min_samples_split': 2, 'min_weight_fraction_leaf': 0.0, 'monotonic_cst': None, 'n_estimators': 50, 'n_jobs': None, 'oob_score': False, 'random_state': 42, 'verbose': 0, 'warm_start': False}",1.249795913696289
Chinese_wine,7,2,10,5,LinearSVC,Time_Warping,5,"{'sigma': 0.1, 'knot': 4}",0.482,0.4295852967119974,"{'C': np.float64(2.6366508987303554), 'class_weight': 'balanced', 'dual': False, 'fit_intercept': True, 'intercept_scaling': 1, 'loss': 'squared_hinge', 'max_iter': 100, 'multi_class': 'ovr', 'penalty': 'l1', 'random_state': 42, 'tol': 0.0001, 'verbose': 0}",0.14347243309020996
Chinese_wine,7,2,10,5,LogisticRegression,Time_Warping,5,"{'sigma': 0.1, 'knot': 4}",0.5188888888888888,0.5112979996735271,"{'C': np.float64(183.29807108324337), 'class_weight': None, 'dual': False, 'fit_intercept': True, 'intercept_scaling': 1, 'l1_ratio': None, 'max_iter': 100, 'multi_class': 'deprecated', 'n_jobs': None, 'penalty': 'l2', 'random_state': 42, 'solver': 'saga', 'tol': 0.0001, 'verbose': 0, 'warm_start': False}",0.07457232475280762
Chinese_wine,7,2,10,5,KNN,Time_Warping,6,"{'sigma': 0.3, 'knot': 6}",0.5964444444444444,0.5974046503883508,"{'algorithm': 'auto', 'leaf_size': 30, 'metric': 'minkowski', 'metric_params': None, 'n_jobs': None, 'n_neighbors': np.int64(5), 'p': 3, 'weights': 'distance'}",0.5116281509399414
Chinese_wine,7,2,10,5,RandomForest,Time_Warping,6,"{'sigma': 0.3, 'knot': 6}",0.5341111111111111,0.5265253485251606,"{'bootstrap': True, 'ccp_alpha': 0.0, 'class_weight': 'balanced', 'criterion': 'gini', 'max_depth': None, 'max_features': 'sqrt', 'max_leaf_nodes': None, 'max_samples': None, 'min_impurity_decrease': 0.0, 'min_samples_leaf': 2, 'min_samples_split': 2, 'min_weight_fraction_leaf': 0.0, 'monotonic_cst': None, 'n_estimators': 150, 'n_jobs': None, 'oob_score': False, 'random_state': 42, 'verbose': 0, 'warm_start': False}",3.313087224960327
Chinese_wine,7,2,10,5,LinearSVC,Time_Warping,6,"{'sigma': 0.3, 'knot': 6}",0.42766666666666664,0.37145288653540903,"{'C': np.float64(33.59818286283781), 'class_weight': 'balanced', 'dual': False, 'fit_intercept': True, 'intercept_scaling': 1, 'loss': 'squared_hinge', 'max_iter': 100, 'multi_class': 'ovr', 'penalty': 'l1', 'random_state': 42, 'tol': 0.001, 'verbose': 0}",0.07066750526428223
Chinese_wine,7,2,10,5,LogisticRegression,Time_Warping,6,"{'sigma': 0.3, 'knot': 6}",0.4017777777777778,0.40192110696181393,"{'C': np.float64(1000.0), 'class_weight': 'balanced', 'dual': False, 'fit_intercept': True, 'intercept_scaling': 1, 'l1_ratio': None, 'max_iter': 100, 'multi_class': 'deprecated', 'n_jobs': None, 'penalty': 'l2', 'random_state': 42, 'solver': 'sag', 'tol': 0.0001, 'verbose': 0, 'warm_start': False}",0.09857344627380371
Chinese_wine,7,2,10,5,KNN,Time_Warping,7,"{'sigma': 0.05, 'knot': 6}",0.6027777777777777,0.6005762506380021,"{'algorithm': 'auto', 'leaf_size': 30, 'metric': 'minkowski', 'metric_params': None, 'n_jobs': None, 'n_neighbors': np.int64(5), 'p': 3, 'weights': 'distance'}",0.611656904220581
Chinese_wine,7,2,10,5,RandomForest,Time_Warping,7,"{'sigma': 0.05, 'knot': 6}",0.5301111111111111,0.5180797827651693,"{'bootstrap': True, 'ccp_alpha': 0.0, 'class_weight': 'balanced', 'criterion': 'gini', 'max_depth': None, 'max_features': 'sqrt', 'max_leaf_nodes': None, 'max_samples': None, 'min_impurity_decrease': 0.0, 'min_samples_leaf': 4, 'min_samples_split': 2, 'min_weight_fraction_leaf': 0.0, 'monotonic_cst': None, 'n_estimators': 50, 'n_jobs': None, 'oob_score': False, 'random_state': 42, 'verbose': 0, 'warm_start': False}",1.084899663925171
Chinese_wine,7,2,10,5,LinearSVC,Time_Warping,7,"{'sigma': 0.05, 'knot': 6}",0.5585555555555556,0.5321133627037985,"{'C': np.float64(33.59818286283781), 'class_weight': 'balanced', 'dual': False, 'fit_intercept': True, 'intercept_scaling': 1, 'loss': 'squared_hinge', 'max_iter': 100, 'multi_class': 'ovr', 'penalty': 'l1', 'random_state': 42, 'tol': 0.001, 'verbose': 0}",0.16897869110107422
Chinese_wine,7,2,10,5,LogisticRegression,Time_Warping,7,"{'sigma': 0.05, 'knot': 6}",0.5487777777777778,0.5335265324982581,"{'C': np.float64(183.29807108324337), 'class_weight': 'balanced', 'dual': False, 'fit_intercept': True, 'intercept_scaling': 1, 'l1_ratio': None, 'max_iter': 100, 'multi_class': 'deprecated', 'n_jobs': None, 'penalty': 'l1', 'random_state': 42, 'solver': 'saga', 'tol': 0.0001, 'verbose': 0, 'warm_start': False}",0.6465768814086914
Chinese_wine,7,2,10,5,KNN,Time_Warping,8,"{'sigma': 0.3, 'knot': 6}",0.5956666666666667,0.5966054499082558,"{'algorithm': 'auto', 'leaf_size': 30, 'metric': 'euclidean', 'metric_params': None, 'n_jobs': None, 'n_neighbors': np.int64(9), 'p': 2, 'weights': 'distance'}",0.11474251747131348
Chinese_wine,7,2,10,5,RandomForest,Time_Warping,8,"{'sigma': 0.3, 'knot': 6}",0.5377777777777778,0.5317581450660023,"{'bootstrap': True, 'ccp_alpha': 0.0, 'class_weight': 'balanced', 'criterion': 'gini', 'max_depth': None, 'max_features': 'sqrt', 'max_leaf_nodes': None, 'max_samples': None, 'min_impurity_decrease': 0.0, 'min_samples_leaf': 2, 'min_samples_split': 2, 'min_weight_fraction_leaf': 0.0, 'monotonic_cst': None, 'n_estimators': 150, 'n_jobs': None, 'oob_score': False, 'random_state': 42, 'verbose': 0, 'warm_start': False}",3.5133016109466553
Chinese_wine,7,2,10,5,LinearSVC,Time_Warping,8,"{'sigma': 0.3, 'knot': 6}",0.43466666666666665,0.37261566081823333,"{'C': np.float64(6.1584821106602545), 'class_weight': None, 'dual': False, 'fit_intercept': True, 'intercept_scaling': 1, 'loss': 'squared_hinge', 'max_iter': 100, 'multi_class': 'ovr', 'penalty': 'l2', 'random_state': 42, 'tol': 0.0001, 'verbose': 0}",0.046269893646240234
Chinese_wine,7,2,10,5,LogisticRegression,Time_Warping,8,"{'sigma': 0.3, 'knot': 6}",0.45955555555555555,0.45313306754325555,"{'C': np.float64(183.29807108324337), 'class_weight': None, 'dual': False, 'fit_intercept': True, 'intercept_scaling': 1, 'l1_ratio': None, 'max_iter': 100, 'multi_class': 'deprecated', 'n_jobs': None, 'penalty': 'l2', 'random_state': 42, 'solver': 'saga', 'tol': 0.0001, 'verbose': 0, 'warm_start': False}",0.07099461555480957
Chinese_wine,7,2,10,5,KNN,Time_Warping,9,"{'sigma': 0.1, 'knot': 6}",0.6146666666666667,0.612773888030745,"{'algorithm': 'auto', 'leaf_size': 30, 'metric': 'manhattan', 'metric_params': None, 'n_jobs': None, 'n_neighbors': np.int64(5), 'p': 2, 'weights': 'distance'}",0.1577925682067871
Chinese_wine,7,2,10,5,RandomForest,Time_Warping,9,"{'sigma': 0.1, 'knot': 6}",0.5528888888888889,0.543139631680175,"{'bootstrap': True, 'ccp_alpha': 0.0, 'class_weight': 'balanced', 'criterion': 'gini', 'max_depth': None, 'max_features': 'sqrt', 'max_leaf_nodes': None, 'max_samples': None, 'min_impurity_decrease': 0.0, 'min_samples_leaf': 1, 'min_samples_split': 2, 'min_weight_fraction_leaf': 0.0, 'monotonic_cst': None, 'n_estimators': 50, 'n_jobs': None, 'oob_score': False, 'random_state': 42, 'verbose': 0, 'warm_start': False}",1.300825834274292
Chinese_wine,7,2,10,5,LinearSVC,Time_Warping,9,"{'sigma': 0.1, 'knot': 6}",0.5365555555555556,0.4979216969679702,"{'C': np.float64(0.4832930238571752), 'class_weight': 'balanced', 'dual': False, 'fit_intercept': True, 'intercept_scaling': 1, 'loss': 'squared_hinge', 'max_iter': 100, 'multi_class': 'ovr', 'penalty': 'l2', 'random_state': 42, 'tol': 0.0001, 'verbose': 0}",0.05301618576049805
Chinese_wine,7,2,10,5,LogisticRegression,Time_Warping,9,"{'sigma': 0.1, 'knot': 6}",0.5347777777777778,0.5296065182886517,"{'C': np.float64(183.29807108324337), 'class_weight': 'balanced', 'dual': False, 'fit_intercept': True, 'intercept_scaling': 1, 'l1_ratio': None, 'max_iter': 100, 'multi_class': 'deprecated', 'n_jobs': None, 'penalty': 'l1', 'random_state': 42, 'solver': 'saga', 'tol': 0.0001, 'verbose': 0, 'warm_start': False}",0.4673035144805908
Chinese_wine,7,2,10,5,KNN,Time_Warping,10,"{'sigma': 0.1, 'knot': 8}",0.6041111111111112,0.6043758412411965,"{'algorithm': 'auto', 'leaf_size': 30, 'metric': 'minkowski', 'metric_params': None, 'n_jobs': None, 'n_neighbors': np.int64(5), 'p': 3, 'weights': 'distance'}",0.45524168014526367
Chinese_wine,7,2,10,5,RandomForest,Time_Warping,10,"{'sigma': 0.1, 'knot': 8}",0.5383333333333333,0.5286312568972191,"{'bootstrap': True, 'ccp_alpha': 0.0, 'class_weight': 'balanced', 'criterion': 'gini', 'max_depth': None, 'max_features': 'sqrt', 'max_leaf_nodes': None, 'max_samples': None, 'min_impurity_decrease': 0.0, 'min_samples_leaf': 2, 'min_samples_split': 2, 'min_weight_fraction_leaf': 0.0, 'monotonic_cst': None, 'n_estimators': 150, 'n_jobs': None, 'oob_score': False, 'random_state': 42, 'verbose': 0, 'warm_start': False}",3.5836455821990967
Chinese_wine,7,2,10,5,LinearSVC,Time_Warping,10,"{'sigma': 0.1, 'knot': 8}",0.5098888888888888,0.4685655155714486,"{'C': np.float64(183.29807108324337), 'class_weight': 'balanced', 'dual': False, 'fit_intercept': True, 'intercept_scaling': 1, 'loss': 'squared_hinge', 'max_iter': 100, 'multi_class': 'ovr', 'penalty': 'l1', 'random_state': 42, 'tol': 0.0001, 'verbose': 0}",0.1532299518585205
Chinese_wine,7,2,10,5,LogisticRegression,Time_Warping,10,"{'sigma': 0.1, 'knot': 8}",0.48588888888888887,0.47783814806034103,"{'C': np.float64(2.6366508987303554), 'class_weight': 'balanced', 'dual': False, 'fit_intercept': True, 'intercept_scaling': 1, 'l1_ratio': None, 'max_iter': 100, 'multi_class': 'deprecated', 'n_jobs': None, 'penalty': 'l1', 'random_state': 42, 'solver': 'saga', 'tol': 0.0001, 'verbose': 0, 'warm_start': False}",0.5305075645446777
Chinese_wine,7,2,10,10,KNN,Time_Warping,1,"{'sigma': 0.2, 'knot': 4}",0.5875555555555556,0.5869023936232505,"{'algorithm': 'auto', 'leaf_size': 30, 'metric': 'euclidean', 'metric_params': None, 'n_jobs': None, 'n_neighbors': np.int64(9), 'p': 2, 'weights': 'distance'}",0.1874833106994629
Chinese_wine,7,2,10,10,RandomForest,Time_Warping,1,"{'sigma': 0.2, 'knot': 4}",0.5215555555555556,0.5127161017107511,"{'bootstrap': True, 'ccp_alpha': 0.0, 'class_weight': 'balanced', 'criterion': 'gini', 'max_depth': None, 'max_features': 'sqrt', 'max_leaf_nodes': None, 'max_samples': None, 'min_impurity_decrease': 0.0, 'min_samples_leaf': 1, 'min_samples_split': 2, 'min_weight_fraction_leaf': 0.0, 'monotonic_cst': None, 'n_estimators': 50, 'n_jobs': None, 'oob_score': False, 'random_state': 42, 'verbose': 0, 'warm_start': False}",2.362755060195923
Chinese_wine,7,2,10,10,LinearSVC,Time_Warping,1,"{'sigma': 0.2, 'knot': 4}",0.4493333333333333,0.39012511931342425,"{'C': np.float64(1000.0), 'class_weight': 'balanced', 'dual': False, 'fit_intercept': True, 'intercept_scaling': 1, 'loss': 'squared_hinge', 'max_iter': 100, 'multi_class': 'ovr', 'penalty': 'l2', 'random_state': 42, 'tol': 0.001, 'verbose': 0}",0.08541464805603027
Chinese_wine,7,2,10,10,LogisticRegression,Time_Warping,1,"{'sigma': 0.2, 'knot': 4}",0.4096666666666667,0.407381624479777,"{'C': np.float64(2.6366508987303554), 'class_weight': 'balanced', 'dual': False, 'fit_intercept': True, 'intercept_scaling': 1, 'l1_ratio': None, 'max_iter': 100, 'multi_class': 'deprecated', 'n_jobs': None, 'penalty': 'l1', 'random_state': 42, 'solver': 'saga', 'tol': 0.0001, 'verbose': 0, 'warm_start': False}",0.36175084114074707
Chinese_wine,7,2,10,10,KNN,Time_Warping,2,"{'sigma': 0.2, 'knot': 3}",0.5832222222222222,0.5839081250731178,"{'algorithm': 'auto', 'leaf_size': 30, 'metric': 'chebyshev', 'metric_params': None, 'n_jobs': None, 'n_neighbors': np.int64(5), 'p': 2, 'weights': 'uniform'}",0.3175220489501953
Chinese_wine,7,2,10,10,RandomForest,Time_Warping,2,"{'sigma': 0.2, 'knot': 3}",0.5166666666666667,0.5090500855834732,"{'bootstrap': True, 'ccp_alpha': 0.0, 'class_weight': None, 'criterion': 'gini', 'max_depth': 30, 'max_features': 'sqrt', 'max_leaf_nodes': None, 'max_samples': None, 'min_impurity_decrease': 0.0, 'min_samples_leaf': 4, 'min_samples_split': 2, 'min_weight_fraction_leaf': 0.0, 'monotonic_cst': None, 'n_estimators': 50, 'n_jobs': None, 'oob_score': False, 'random_state': 42, 'verbose': 0, 'warm_start': False}",2.2663228511810303
Chinese_wine,7,2,10,10,LinearSVC,Time_Warping,2,"{'sigma': 0.2, 'knot': 3}",0.4678888888888889,0.4075682770729796,"{'C': np.float64(1000.0), 'class_weight': 'balanced', 'dual': False, 'fit_intercept': True, 'intercept_scaling': 1, 'loss': 'squared_hinge', 'max_iter': 100, 'multi_class': 'ovr', 'penalty': 'l2', 'random_state': 42, 'tol': 0.001, 'verbose': 0}",0.07089829444885254
Chinese_wine,7,2,10,10,LogisticRegression,Time_Warping,2,"{'sigma': 0.2, 'knot': 3}",0.44022222222222224,0.4295353640358155,"{'C': np.float64(33.59818286283781), 'class_weight': None, 'dual': False, 'fit_intercept': True, 'intercept_scaling': 1, 'l1_ratio': None, 'max_iter': 100, 'multi_class': 'deprecated', 'n_jobs': None, 'penalty': 'l2', 'random_state': 42, 'solver': 'saga', 'tol': 0.0001, 'verbose': 0, 'warm_start': False}",0.17132973670959473
Chinese_wine,7,2,10,10,KNN,Time_Warping,3,"{'sigma': 0.5, 'knot': 4}",0.572,0.5693969305578811,"{'algorithm': 'auto', 'leaf_size': 30, 'metric': 'manhattan', 'metric_params': None, 'n_jobs': None, 'n_neighbors': np.int64(17), 'p': 2, 'weights': 'distance'}",0.3405313491821289
Chinese_wine,7,2,10,10,RandomForest,Time_Warping,3,"{'sigma': 0.5, 'knot': 4}",0.5164444444444445,0.5036015781822002,"{'bootstrap': True, 'ccp_alpha': 0.0, 'class_weight': 'balanced', 'criterion': 'gini', 'max_depth': 30, 'max_features': 'sqrt', 'max_leaf_nodes': None, 'max_samples': None, 'min_impurity_decrease': 0.0, 'min_samples_leaf': 1, 'min_samples_split': 2, 'min_weight_fraction_leaf': 0.0, 'monotonic_cst': None, 'n_estimators': 150, 'n_jobs': None, 'oob_score': False, 'random_state': 42, 'verbose': 0, 'warm_start': False}",7.6862711906433105
Chinese_wine,7,2,10,10,LinearSVC,Time_Warping,3,"{'sigma': 0.5, 'knot': 4}",0.26055555555555554,0.17918276520562065,"{'C': np.float64(0.08858667904100823), 'class_weight': None, 'dual': False, 'fit_intercept': False, 'intercept_scaling': 1, 'loss': 'squared_hinge', 'max_iter': 100, 'multi_class': 'ovr', 'penalty': 'l1', 'random_state': 42, 'tol': 0.0001, 'verbose': 0}",0.051560401916503906
Chinese_wine,7,2,10,10,LogisticRegression,Time_Warping,3,"{'sigma': 0.5, 'knot': 4}",0.29544444444444445,0.2842771774342975,"{'C': np.float64(0.08858667904100823), 'class_weight': None, 'dual': False, 'fit_intercept': True, 'intercept_scaling': 1, 'l1_ratio': None, 'max_iter': 100, 'multi_class': 'deprecated', 'n_jobs': None, 'penalty': 'l1', 'random_state': 42, 'solver': 'saga', 'tol': 0.0001, 'verbose': 0, 'warm_start': False}",0.19129586219787598
Chinese_wine,7,2,10,10,KNN,Time_Warping,4,"{'sigma': 0.05, 'knot': 8}",0.5935555555555555,0.5919386689584862,"{'algorithm': 'auto', 'leaf_size': 30, 'metric': 'euclidean', 'metric_params': None, 'n_jobs': None, 'n_neighbors': np.int64(9), 'p': 2, 'weights': 'distance'}",0.16630911827087402
Chinese_wine,7,2,10,10,RandomForest,Time_Warping,4,"{'sigma': 0.05, 'knot': 8}",0.5328888888888889,0.5240341921106823,"{'bootstrap': True, 'ccp_alpha': 0.0, 'class_weight': None, 'criterion': 'gini', 'max_depth': None, 'max_features': 'sqrt', 'max_leaf_nodes': None, 'max_samples': None, 'min_impurity_decrease': 0.0, 'min_samples_leaf': 4, 'min_samples_split': 2, 'min_weight_fraction_leaf': 0.0, 'monotonic_cst': None, 'n_estimators': 50, 'n_jobs': None, 'oob_score': False, 'random_state': 42, 'verbose': 0, 'warm_start': False}",2.420839786529541
Chinese_wine,7,2,10,10,LinearSVC,Time_Warping,4,"{'sigma': 0.05, 'knot': 8}",0.5634444444444444,0.5364839663534697,"{'C': np.float64(1000.0), 'class_weight': 'balanced', 'dual': False, 'fit_intercept': True, 'intercept_scaling': 1, 'loss': 'squared_hinge', 'max_iter': 100, 'multi_class': 'ovr', 'penalty': 'l2', 'random_state': 42, 'tol': 0.001, 'verbose': 0}",0.09978199005126953
Chinese_wine,7,2,10,10,LogisticRegression,Time_Warping,4,"{'sigma': 0.05, 'knot': 8}",0.5111111111111111,0.5036349422909916,"{'C': np.float64(183.29807108324337), 'class_weight': None, 'dual': False, 'fit_intercept': True, 'intercept_scaling': 1, 'l1_ratio': None, 'max_iter': 100, 'multi_class': 'deprecated', 'n_jobs': None, 'penalty': 'l2', 'random_state': 42, 'solver': 'saga', 'tol': 0.0001, 'verbose': 0, 'warm_start': False}",0.4769623279571533
Chinese_wine,7,2,10,10,KNN,Time_Warping,5,"{'sigma': 0.1, 'knot': 4}",0.5922222222222222,0.5917519141209883,"{'algorithm': 'auto', 'leaf_size': 30, 'metric': 'euclidean', 'metric_params': None, 'n_jobs': None, 'n_neighbors': np.int64(9), 'p': 2, 'weights': 'distance'}",0.1765286922454834
Chinese_wine,7,2,10,10,RandomForest,Time_Warping,5,"{'sigma': 0.1, 'knot': 4}",0.5245555555555556,0.5146352457593586,"{'bootstrap': True, 'ccp_alpha': 0.0, 'class_weight': 'balanced', 'criterion': 'gini', 'max_depth': None, 'max_features': 'sqrt', 'max_leaf_nodes': None, 'max_samples': None, 'min_impurity_decrease': 0.0, 'min_samples_leaf': 1, 'min_samples_split': 2, 'min_weight_fraction_leaf': 0.0, 'monotonic_cst': None, 'n_estimators': 50, 'n_jobs': None, 'oob_score': False, 'random_state': 42, 'verbose': 0, 'warm_start': False}",2.4046201705932617
Chinese_wine,7,2,10,10,LinearSVC,Time_Warping,5,"{'sigma': 0.1, 'knot': 4}",0.5392222222222223,0.49722857958106254,"{'C': np.float64(0.4832930238571752), 'class_weight': 'balanced', 'dual': False, 'fit_intercept': True, 'intercept_scaling': 1, 'loss': 'squared_hinge', 'max_iter': 100, 'multi_class': 'ovr', 'penalty': 'l2', 'random_state': 42, 'tol': 0.0001, 'verbose': 0}",0.09984421730041504
Chinese_wine,7,2,10,10,LogisticRegression,Time_Warping,5,"{'sigma': 0.1, 'knot': 4}",0.5097777777777778,0.5042752052705913,"{'C': np.float64(2.6366508987303554), 'class_weight': 'balanced', 'dual': False, 'fit_intercept': True, 'intercept_scaling': 1, 'l1_ratio': None, 'max_iter': 100, 'multi_class': 'deprecated', 'n_jobs': None, 'penalty': 'l1', 'random_state': 42, 'solver': 'saga', 'tol': 0.0001, 'verbose': 0, 'warm_start': False}",0.239837646484375
Chinese_wine,7,2,10,10,KNN,Time_Warping,6,"{'sigma': 0.3, 'knot': 6}",0.6103333333333333,0.6091723195377012,"{'algorithm': 'auto', 'leaf_size': 30, 'metric': 'manhattan', 'metric_params': None, 'n_jobs': None, 'n_neighbors': np.int64(5), 'p': 2, 'weights': 'distance'}",0.270413875579834
Chinese_wine,7,2,10,10,RandomForest,Time_Warping,6,"{'sigma': 0.3, 'knot': 6}",0.5153333333333333,0.5072884439299218,"{'bootstrap': True, 'ccp_alpha': 0.0, 'class_weight': 'balanced', 'criterion': 'gini', 'max_depth': None, 'max_features': 'sqrt', 'max_leaf_nodes': None, 'max_samples': None, 'min_impurity_decrease': 0.0, 'min_samples_leaf': 1, 'min_samples_split': 2, 'min_weight_fraction_leaf': 0.0, 'monotonic_cst': None, 'n_estimators': 50, 'n_jobs': None, 'oob_score': False, 'random_state': 42, 'verbose': 0, 'warm_start': False}",2.644566535949707
Chinese_wine,7,2,10,10,LinearSVC,Time_Warping,6,"{'sigma': 0.3, 'knot': 6}",0.43955555555555553,0.3815216614458465,"{'C': np.float64(2.6366508987303554), 'class_weight': 'balanced', 'dual': False, 'fit_intercept': True, 'intercept_scaling': 1, 'loss': 'squared_hinge', 'max_iter': 100, 'multi_class': 'ovr', 'penalty': 'l1', 'random_state': 42, 'tol': 0.0001, 'verbose': 0}",0.13071918487548828
Chinese_wine,7,2,10,10,LogisticRegression,Time_Warping,6,"{'sigma': 0.3, 'knot': 6}",0.419,0.41347096638408615,"{'C': np.float64(33.59818286283781), 'class_weight': 'balanced', 'dual': False, 'fit_intercept': True, 'intercept_scaling': 1, 'l1_ratio': None, 'max_iter': 100, 'multi_class': 'deprecated', 'n_jobs': None, 'penalty': 'l2', 'random_state': 42, 'solver': 'saga', 'tol': 0.0001, 'verbose': 0, 'warm_start': False}",0.16246438026428223
Chinese_wine,7,2,10,10,KNN,Time_Warping,7,"{'sigma': 0.05, 'knot': 6}",0.5977777777777777,0.5972663115342435,"{'algorithm': 'auto', 'leaf_size': 30, 'metric': 'minkowski', 'metric_params': None, 'n_jobs': None, 'n_neighbors': np.int64(11), 'p': 4, 'weights': 'distance'}",0.794658899307251
Chinese_wine,7,2,10,10,RandomForest,Time_Warping,7,"{'sigma': 0.05, 'knot': 6}",0.5373333333333333,0.526840609621526,"{'bootstrap': True, 'ccp_alpha': 0.0, 'class_weight': 'balanced', 'criterion': 'gini', 'max_depth': None, 'max_features': 'sqrt', 'max_leaf_nodes': None, 'max_samples': None, 'min_impurity_decrease': 0.0, 'min_samples_leaf': 1, 'min_samples_split': 2, 'min_weight_fraction_leaf': 0.0, 'monotonic_cst': None, 'n_estimators': 50, 'n_jobs': None, 'oob_score': False, 'random_state': 42, 'verbose': 0, 'warm_start': False}",2.3169376850128174
Chinese_wine,7,2,10,10,LinearSVC,Time_Warping,7,"{'sigma': 0.05, 'knot': 6}",0.5846666666666667,0.5543238503169993,"{'C': np.float64(33.59818286283781), 'class_weight': 'balanced', 'dual': False, 'fit_intercept': True, 'intercept_scaling': 1, 'loss': 'squared_hinge', 'max_iter': 100, 'multi_class': 'ovr', 'penalty': 'l1', 'random_state': 42, 'tol': 0.001, 'verbose': 0}",0.3602473735809326
Chinese_wine,7,2,10,10,LogisticRegression,Time_Warping,7,"{'sigma': 0.05, 'knot': 6}",0.551,0.5339462404138424,"{'C': np.float64(183.29807108324337), 'class_weight': 'balanced', 'dual': False, 'fit_intercept': True, 'intercept_scaling': 1, 'l1_ratio': None, 'max_iter': 100, 'multi_class': 'deprecated', 'n_jobs': None, 'penalty': 'l1', 'random_state': 42, 'solver': 'saga', 'tol': 0.0001, 'verbose': 0, 'warm_start': False}",0.7254130840301514
Chinese_wine,7,2,10,10,KNN,Time_Warping,8,"{'sigma': 0.3, 'knot': 6}",0.5727777777777778,0.5704138962539446,"{'algorithm': 'auto', 'leaf_size': 30, 'metric': 'minkowski', 'metric_params': None, 'n_jobs': None, 'n_neighbors': np.int64(17), 'p': 4, 'weights': 'distance'}",0.8807768821716309
Chinese_wine,7,2,10,10,RandomForest,Time_Warping,8,"{'sigma': 0.3, 'knot': 6}",0.5122222222222222,0.5024772979456664,"{'bootstrap': True, 'ccp_alpha': 0.0, 'class_weight': None, 'criterion': 'gini', 'max_depth': 20, 'max_features': 'sqrt', 'max_leaf_nodes': None, 'max_samples': None, 'min_impurity_decrease': 0.0, 'min_samples_leaf': 1, 'min_samples_split': 5, 'min_weight_fraction_leaf': 0.0, 'monotonic_cst': None, 'n_estimators': 150, 'n_jobs': None, 'oob_score': False, 'random_state': 42, 'verbose': 0, 'warm_start': False}",7.210128545761108
Chinese_wine,7,2,10,10,LinearSVC,Time_Warping,8,"{'sigma': 0.3, 'knot': 6}",0.43322222222222223,0.3792668437577979,"{'C': np.float64(2.6366508987303554), 'class_weight': 'balanced', 'dual': False, 'fit_intercept': True, 'intercept_scaling': 1, 'loss': 'squared_hinge', 'max_iter': 100, 'multi_class': 'ovr', 'penalty': 'l1', 'random_state': 42, 'tol': 0.0001, 'verbose': 0}",0.13381195068359375
Chinese_wine,7,2,10,10,LogisticRegression,Time_Warping,8,"{'sigma': 0.3, 'knot': 6}",0.43533333333333335,0.4312678292141223,"{'C': np.float64(33.59818286283781), 'class_weight': None, 'dual': False, 'fit_intercept': True, 'intercept_scaling': 1, 'l1_ratio': None, 'max_iter': 100, 'multi_class': 'deprecated', 'n_jobs': None, 'penalty': 'l2', 'random_state': 42, 'solver': 'saga', 'tol': 0.0001, 'verbose': 0, 'warm_start': False}",0.16918349266052246
Chinese_wine,7,2,10,10,KNN,Time_Warping,9,"{'sigma': 0.1, 'knot': 6}",0.5932222222222222,0.5893344912016775,"{'algorithm': 'auto', 'leaf_size': 30, 'metric': 'manhattan', 'metric_params': None, 'n_jobs': None, 'n_neighbors': np.int64(5), 'p': 2, 'weights': 'distance'}",0.26985812187194824
Chinese_wine,7,2,10,10,RandomForest,Time_Warping,9,"{'sigma': 0.1, 'knot': 6}",0.5202222222222223,0.5124163339892965,"{'bootstrap': True, 'ccp_alpha': 0.0, 'class_weight': 'balanced', 'criterion': 'gini', 'max_depth': 20, 'max_features': 'sqrt', 'max_leaf_nodes': None, 'max_samples': None, 'min_impurity_decrease': 0.0, 'min_samples_leaf': 2, 'min_samples_split': 5, 'min_weight_fraction_leaf': 0.0, 'monotonic_cst': None, 'n_estimators': 50, 'n_jobs': None, 'oob_score': False, 'random_state': 42, 'verbose': 0, 'warm_start': False}",2.26369047164917
Chinese_wine,7,2,10,10,LinearSVC,Time_Warping,9,"{'sigma': 0.1, 'knot': 6}",0.5207777777777778,0.48961176591751243,"{'C': np.float64(183.29807108324337), 'class_weight': 'balanced', 'dual': False, 'fit_intercept': True, 'intercept_scaling': 1, 'loss': 'squared_hinge', 'max_iter': 100, 'multi_class': 'ovr', 'penalty': 'l1', 'random_state': 42, 'tol': 0.0001, 'verbose': 0}",0.2924342155456543
Chinese_wine,7,2,10,10,LogisticRegression,Time_Warping,9,"{'sigma': 0.1, 'knot': 6}",0.4895555555555556,0.4777644827432514,"{'C': np.float64(33.59818286283781), 'class_weight': 'balanced', 'dual': False, 'fit_intercept': True, 'intercept_scaling': 1, 'l1_ratio': None, 'max_iter': 100, 'multi_class': 'deprecated', 'n_jobs': None, 'penalty': 'l2', 'random_state': 42, 'solver': 'saga', 'tol': 0.0001, 'verbose': 0, 'warm_start': False}",0.18842673301696777
Chinese_wine,7,2,10,10,KNN,Time_Warping,10,"{'sigma': 0.1, 'knot': 8}",0.6095555555555555,0.6050047759475533,"{'algorithm': 'auto', 'leaf_size': 30, 'metric': 'manhattan', 'metric_params': None, 'n_jobs': None, 'n_neighbors': np.int64(5), 'p': 2, 'weights': 'distance'}",0.24359822273254395
Chinese_wine,7,2,10,10,RandomForest,Time_Warping,10,"{'sigma': 0.1, 'knot': 8}",0.5387777777777778,0.527662030674354,"{'bootstrap': True, 'ccp_alpha': 0.0, 'class_weight': 'balanced', 'criterion': 'gini', 'max_depth': None, 'max_features': 'sqrt', 'max_leaf_nodes': None, 'max_samples': None, 'min_impurity_decrease': 0.0, 'min_samples_leaf': 2, 'min_samples_split': 2, 'min_weight_fraction_leaf': 0.0, 'monotonic_cst': None, 'n_estimators': 150, 'n_jobs': None, 'oob_score': False, 'random_state': 42, 'verbose': 0, 'warm_start': False}",6.71250057220459
Chinese_wine,7,2,10,10,LinearSVC,Time_Warping,10,"{'sigma': 0.1, 'knot': 8}",0.5044444444444445,0.4554259368259207,"{'C': np.float64(0.4832930238571752), 'class_weight': 'balanced', 'dual': False, 'fit_intercept': True, 'intercept_scaling': 1, 'loss': 'squared_hinge', 'max_iter': 100, 'multi_class': 'ovr', 'penalty': 'l2', 'random_state': 42, 'tol': 0.0001, 'verbose': 0}",0.10530567169189453
Chinese_wine,7,2,10,10,LogisticRegression,Time_Warping,10,"{'sigma': 0.1, 'knot': 8}",0.4766666666666667,0.4762273904680346,"{'C': np.float64(33.59818286283781), 'class_weight': 'balanced', 'dual': False, 'fit_intercept': True, 'intercept_scaling': 1, 'l1_ratio': None, 'max_iter': 100, 'multi_class': 'deprecated', 'n_jobs': None, 'penalty': 'l1', 'random_state': 42, 'solver': 'saga', 'tol': 0.0001, 'verbose': 0, 'warm_start': False}",0.2288222312927246
