Dataset,Fold,SeedsPerLabel,SeedFoldSelection,ScaleFactor,Model,Method,GenParamSetIndex,GenParams,Accuracy,F1_Score,Hyperparameters,ExecutionTime_Sec
Coffee,8,10,1,1,KNN,Baseline,N/A,N/A,0.758,0.7068321548323622,"{'algorithm': 'auto', 'leaf_size': 30, 'metric': 'minkowski', 'metric_params': None, 'n_jobs': None, 'n_neighbors': 5, 'p': 2, 'weights': 'uniform'}",0.030098676681518555
Coffee,8,10,1,1,KNN,Tuned_Baseline,N/A,N/A,0.764,0.7319794566485672,"{'algorithm': 'auto', 'leaf_size': 30, 'metric': 'minkowski', 'metric_params': None, 'n_jobs': None, 'n_neighbors': np.int64(13), 'p': 4, 'weights': 'distance'}",0.027515888214111328
Coffee,8,10,1,1,RandomForest,Baseline,N/A,N/A,0.898,0.8935670655948961,"{'bootstrap': True, 'ccp_alpha': 0.0, 'class_weight': None, 'criterion': 'gini', 'max_depth': None, 'max_features': 'sqrt', 'max_leaf_nodes': None, 'max_samples': None, 'min_impurity_decrease': 0.0, 'min_samples_leaf': 1, 'min_samples_split': 2, 'min_weight_fraction_leaf': 0.0, 'monotonic_cst': None, 'n_estimators': 100, 'n_jobs': None, 'oob_score': False, 'random_state': 42, 'verbose': 0, 'warm_start': False}",0.4138772487640381
Coffee,8,10,1,1,RandomForest,Tuned_Baseline,N/A,N/A,0.908,0.9039860112429053,"{'bootstrap': True, 'ccp_alpha': 0.0, 'class_weight': 'balanced', 'criterion': 'gini', 'max_depth': 20, 'max_features': 'sqrt', 'max_leaf_nodes': None, 'max_samples': None, 'min_impurity_decrease': 0.0, 'min_samples_leaf': 1, 'min_samples_split': 2, 'min_weight_fraction_leaf': 0.0, 'monotonic_cst': None, 'n_estimators': 50, 'n_jobs': None, 'oob_score': False, 'random_state': 42, 'verbose': 0, 'warm_start': False}",0.0032224655151367188
Coffee,8,10,1,1,LinearSVC,Baseline,N/A,N/A,0.602,0.5820750289425812,"{'C': 1.0, 'class_weight': None, 'dual': False, 'fit_intercept': True, 'intercept_scaling': 1, 'loss': 'squared_hinge', 'max_iter': 100, 'multi_class': 'ovr', 'penalty': 'l2', 'random_state': 42, 'tol': 0.0001, 'verbose': 0}",0.014176368713378906
Coffee,8,10,1,1,LinearSVC,Tuned_Baseline,N/A,N/A,0.6,0.5800744878957168,"{'C': np.float64(183.29807108324337), 'class_weight': None, 'dual': False, 'fit_intercept': True, 'intercept_scaling': 1, 'loss': 'squared_hinge', 'max_iter': 100, 'multi_class': 'ovr', 'penalty': 'l1', 'random_state': 42, 'tol': 0.001, 'verbose': 0}",0.00020074844360351562
Coffee,8,10,1,1,LogisticRegression,Baseline,N/A,N/A,0.628,0.6042769080069582,"{'C': 1.0, 'class_weight': None, 'dual': False, 'fit_intercept': True, 'intercept_scaling': 1, 'l1_ratio': None, 'max_iter': 100, 'multi_class': 'deprecated', 'n_jobs': None, 'penalty': 'l2', 'random_state': 42, 'solver': 'lbfgs', 'tol': 0.0001, 'verbose': 0, 'warm_start': False}",0.05810403823852539
Coffee,8,10,1,1,LogisticRegression,Tuned_Baseline,N/A,N/A,0.63,0.6019236003992378,"{'C': np.float64(6.1584821106602545), 'class_weight': None, 'dual': False, 'fit_intercept': True, 'intercept_scaling': 1, 'l1_ratio': None, 'max_iter': 100, 'multi_class': 'deprecated', 'n_jobs': None, 'penalty': 'l2', 'random_state': 42, 'solver': 'lbfgs', 'tol': 0.0001, 'verbose': 0, 'warm_start': False}",0.00029921531677246094
Coffee,8,10,1,1,RNN,Tuned_Baseline,N/A,N/A,0.2,0.06666666666666667,"{'hidden_size': 64, 'epochs': 10, 'batch_size': 32, 'lr': 0.001}",3.0279159545898438e-05
Coffee,8,10,1,2,KNN,HMM_GMM,1,"{'n_components': 2, 'n_mix': 1, 'covariance_type': 'diag'}",0.734,0.6824306790770206,"{'algorithm': 'auto', 'leaf_size': 30, 'metric': 'euclidean', 'metric_params': None, 'n_jobs': None, 'n_neighbors': np.int64(9), 'p': 2, 'weights': 'distance'}",0.012444019317626953
Coffee,8,10,1,2,RandomForest,HMM_GMM,1,"{'n_components': 2, 'n_mix': 1, 'covariance_type': 'diag'}",0.782,0.7684128611606151,"{'bootstrap': True, 'ccp_alpha': 0.0, 'class_weight': 'balanced', 'criterion': 'gini', 'max_depth': 30, 'max_features': 'sqrt', 'max_leaf_nodes': None, 'max_samples': None, 'min_impurity_decrease': 0.0, 'min_samples_leaf': 1, 'min_samples_split': 2, 'min_weight_fraction_leaf': 0.0, 'monotonic_cst': None, 'n_estimators': 150, 'n_jobs': None, 'oob_score': False, 'random_state': 42, 'verbose': 0, 'warm_start': False}",1.0430505275726318
Coffee,8,10,1,2,LinearSVC,HMM_GMM,1,"{'n_components': 2, 'n_mix': 1, 'covariance_type': 'diag'}",0.468,0.4760236009297336,"{'C': np.float64(2.6366508987303554), 'class_weight': 'balanced', 'dual': False, 'fit_intercept': True, 'intercept_scaling': 1, 'loss': 'squared_hinge', 'max_iter': 100, 'multi_class': 'ovr', 'penalty': 'l1', 'random_state': 42, 'tol': 0.0001, 'verbose': 0}",0.026262998580932617
Coffee,8,10,1,2,LogisticRegression,HMM_GMM,1,"{'n_components': 2, 'n_mix': 1, 'covariance_type': 'diag'}",0.444,0.425503170664461,"{'C': np.float64(33.59818286283781), 'class_weight': None, 'dual': False, 'fit_intercept': True, 'intercept_scaling': 1, 'l1_ratio': None, 'max_iter': 100, 'multi_class': 'deprecated', 'n_jobs': None, 'penalty': 'l2', 'random_state': 42, 'solver': 'saga', 'tol': 0.0001, 'verbose': 0, 'warm_start': False}",0.024230003356933594
Coffee,8,10,1,2,KNN,HMM_GMM,2,"{'n_components': 2, 'n_mix': 4, 'covariance_type': 'tied'}",0.704,0.6512525643467779,"{'algorithm': 'auto', 'leaf_size': 30, 'metric': 'euclidean', 'metric_params': None, 'n_jobs': None, 'n_neighbors': np.int64(9), 'p': 2, 'weights': 'distance'}",0.010436534881591797
Coffee,8,10,1,2,RandomForest,HMM_GMM,2,"{'n_components': 2, 'n_mix': 4, 'covariance_type': 'tied'}",0.828,0.8128855937342901,"{'bootstrap': True, 'ccp_alpha': 0.0, 'class_weight': 'balanced', 'criterion': 'gini', 'max_depth': 30, 'max_features': 'sqrt', 'max_leaf_nodes': None, 'max_samples': None, 'min_impurity_decrease': 0.0, 'min_samples_leaf': 1, 'min_samples_split': 2, 'min_weight_fraction_leaf': 0.0, 'monotonic_cst': None, 'n_estimators': 150, 'n_jobs': None, 'oob_score': False, 'random_state': 42, 'verbose': 0, 'warm_start': False}",0.9812986850738525
Coffee,8,10,1,2,LinearSVC,HMM_GMM,2,"{'n_components': 2, 'n_mix': 4, 'covariance_type': 'tied'}",0.434,0.3994010441257807,"{'C': np.float64(183.29807108324337), 'class_weight': 'balanced', 'dual': False, 'fit_intercept': False, 'intercept_scaling': 1, 'loss': 'squared_hinge', 'max_iter': 100, 'multi_class': 'ovr', 'penalty': 'l2', 'random_state': 42, 'tol': 0.001, 'verbose': 0}",0.017935752868652344
Coffee,8,10,1,2,LogisticRegression,HMM_GMM,2,"{'n_components': 2, 'n_mix': 4, 'covariance_type': 'tied'}",0.61,0.5818232720909887,"{'C': np.float64(33.59818286283781), 'class_weight': None, 'dual': False, 'fit_intercept': True, 'intercept_scaling': 1, 'l1_ratio': None, 'max_iter': 100, 'multi_class': 'deprecated', 'n_jobs': None, 'penalty': 'l2', 'random_state': 42, 'solver': 'saga', 'tol': 0.0001, 'verbose': 0, 'warm_start': False}",0.1429612636566162
Coffee,8,10,1,2,KNN,HMM_GMM,3,"{'n_components': 1, 'n_mix': 3, 'covariance_type': 'diag'}",0.766,0.7098251207912966,"{'algorithm': 'auto', 'leaf_size': 30, 'metric': 'euclidean', 'metric_params': None, 'n_jobs': None, 'n_neighbors': np.int64(9), 'p': 2, 'weights': 'distance'}",0.013947725296020508
Coffee,8,10,1,2,RandomForest,HMM_GMM,3,"{'n_components': 1, 'n_mix': 3, 'covariance_type': 'diag'}",0.852,0.8455877881165238,"{'bootstrap': True, 'ccp_alpha': 0.0, 'class_weight': 'balanced', 'criterion': 'gini', 'max_depth': None, 'max_features': 'sqrt', 'max_leaf_nodes': None, 'max_samples': None, 'min_impurity_decrease': 0.0, 'min_samples_leaf': 1, 'min_samples_split': 2, 'min_weight_fraction_leaf': 0.0, 'monotonic_cst': None, 'n_estimators': 50, 'n_jobs': None, 'oob_score': False, 'random_state': 42, 'verbose': 0, 'warm_start': False}",0.3803563117980957
Coffee,8,10,1,2,LinearSVC,HMM_GMM,3,"{'n_components': 1, 'n_mix': 3, 'covariance_type': 'diag'}",0.434,0.43927961695955225,"{'C': np.float64(2.6366508987303554), 'class_weight': 'balanced', 'dual': False, 'fit_intercept': True, 'intercept_scaling': 1, 'loss': 'squared_hinge', 'max_iter': 100, 'multi_class': 'ovr', 'penalty': 'l1', 'random_state': 42, 'tol': 0.0001, 'verbose': 0}",0.03745913505554199
Coffee,8,10,1,2,LogisticRegression,HMM_GMM,3,"{'n_components': 1, 'n_mix': 3, 'covariance_type': 'diag'}",0.442,0.4349171114986875,"{'C': np.float64(33.59818286283781), 'class_weight': None, 'dual': False, 'fit_intercept': True, 'intercept_scaling': 1, 'l1_ratio': None, 'max_iter': 100, 'multi_class': 'deprecated', 'n_jobs': None, 'penalty': 'l2', 'random_state': 42, 'solver': 'saga', 'tol': 0.0001, 'verbose': 0, 'warm_start': False}",0.02724599838256836
Coffee,8,10,1,2,KNN,HMM_GMM,4,"{'n_components': 4, 'n_mix': 3, 'covariance_type': 'diag'}",0.734,0.6915468868749961,"{'algorithm': 'auto', 'leaf_size': 30, 'metric': 'euclidean', 'metric_params': None, 'n_jobs': None, 'n_neighbors': np.int64(9), 'p': 2, 'weights': 'distance'}",0.01151418685913086
Coffee,8,10,1,2,RandomForest,HMM_GMM,4,"{'n_components': 4, 'n_mix': 3, 'covariance_type': 'diag'}",0.82,0.8068535393362345,"{'bootstrap': True, 'ccp_alpha': 0.0, 'class_weight': 'balanced', 'criterion': 'gini', 'max_depth': 10, 'max_features': 'sqrt', 'max_leaf_nodes': None, 'max_samples': None, 'min_impurity_decrease': 0.0, 'min_samples_leaf': 1, 'min_samples_split': 2, 'min_weight_fraction_leaf': 0.0, 'monotonic_cst': None, 'n_estimators': 100, 'n_jobs': None, 'oob_score': False, 'random_state': 42, 'verbose': 0, 'warm_start': False}",0.6023259162902832
Coffee,8,10,1,2,LinearSVC,HMM_GMM,4,"{'n_components': 4, 'n_mix': 3, 'covariance_type': 'diag'}",0.49,0.4616798233693123,"{'C': np.float64(33.59818286283781), 'class_weight': None, 'dual': False, 'fit_intercept': True, 'intercept_scaling': 1, 'loss': 'squared_hinge', 'max_iter': 100, 'multi_class': 'ovr', 'penalty': 'l1', 'random_state': 42, 'tol': 0.001, 'verbose': 0}",0.042195796966552734
Coffee,8,10,1,2,LogisticRegression,HMM_GMM,4,"{'n_components': 4, 'n_mix': 3, 'covariance_type': 'diag'}",0.512,0.49733348788475923,"{'C': np.float64(33.59818286283781), 'class_weight': 'balanced', 'dual': False, 'fit_intercept': True, 'intercept_scaling': 1, 'l1_ratio': None, 'max_iter': 100, 'multi_class': 'deprecated', 'n_jobs': None, 'penalty': 'l1', 'random_state': 42, 'solver': 'saga', 'tol': 0.0001, 'verbose': 0, 'warm_start': False}",0.11017632484436035
Coffee,8,10,1,2,KNN,HMM_GMM,5,"{'n_components': 1, 'n_mix': 1, 'covariance_type': 'tied'}",0.73,0.7152688581260009,"{'algorithm': 'auto', 'leaf_size': 30, 'metric': 'euclidean', 'metric_params': None, 'n_jobs': None, 'n_neighbors': np.int64(9), 'p': 2, 'weights': 'distance'}",0.010692834854125977
Coffee,8,10,1,2,RandomForest,HMM_GMM,5,"{'n_components': 1, 'n_mix': 1, 'covariance_type': 'tied'}",0.856,0.8517906841901817,"{'bootstrap': True, 'ccp_alpha': 0.0, 'class_weight': None, 'criterion': 'gini', 'max_depth': None, 'max_features': 'sqrt', 'max_leaf_nodes': None, 'max_samples': None, 'min_impurity_decrease': 0.0, 'min_samples_leaf': 4, 'min_samples_split': 2, 'min_weight_fraction_leaf': 0.0, 'monotonic_cst': None, 'n_estimators': 50, 'n_jobs': None, 'oob_score': False, 'random_state': 42, 'verbose': 0, 'warm_start': False}",0.4112575054168701
Coffee,8,10,1,2,LinearSVC,HMM_GMM,5,"{'n_components': 1, 'n_mix': 1, 'covariance_type': 'tied'}",0.428,0.4315019058021087,"{'C': np.float64(0.002976351441631319), 'class_weight': None, 'dual': False, 'fit_intercept': True, 'intercept_scaling': 1, 'loss': 'squared_hinge', 'max_iter': 100, 'multi_class': 'ovr', 'penalty': 'l2', 'random_state': 42, 'tol': 0.001, 'verbose': 0}",0.011877298355102539
Coffee,8,10,1,2,LogisticRegression,HMM_GMM,5,"{'n_components': 1, 'n_mix': 1, 'covariance_type': 'tied'}",0.666,0.6228034380968918,"{'C': np.float64(1000.0), 'class_weight': 'balanced', 'dual': False, 'fit_intercept': True, 'intercept_scaling': 1, 'l1_ratio': None, 'max_iter': 100, 'multi_class': 'deprecated', 'n_jobs': None, 'penalty': 'l2', 'random_state': 42, 'solver': 'sag', 'tol': 0.0001, 'verbose': 0, 'warm_start': False}",0.16918659210205078
Coffee,8,10,1,2,KNN,HMM_GMM,6,"{'n_components': 4, 'n_mix': 3, 'covariance_type': 'diag'}",0.734,0.6915468868749961,"{'algorithm': 'auto', 'leaf_size': 30, 'metric': 'euclidean', 'metric_params': None, 'n_jobs': None, 'n_neighbors': np.int64(9), 'p': 2, 'weights': 'distance'}",0.011461496353149414
Coffee,8,10,1,2,RandomForest,HMM_GMM,6,"{'n_components': 4, 'n_mix': 3, 'covariance_type': 'diag'}",0.858,0.8466229054147625,"{'bootstrap': True, 'ccp_alpha': 0.0, 'class_weight': 'balanced', 'criterion': 'gini', 'max_depth': 30, 'max_features': 'sqrt', 'max_leaf_nodes': None, 'max_samples': None, 'min_impurity_decrease': 0.0, 'min_samples_leaf': 1, 'min_samples_split': 2, 'min_weight_fraction_leaf': 0.0, 'monotonic_cst': None, 'n_estimators': 150, 'n_jobs': None, 'oob_score': False, 'random_state': 42, 'verbose': 0, 'warm_start': False}",0.9057724475860596
Coffee,8,10,1,2,LinearSVC,HMM_GMM,6,"{'n_components': 4, 'n_mix': 3, 'covariance_type': 'diag'}",0.49,0.46121286658279104,"{'C': np.float64(33.59818286283781), 'class_weight': None, 'dual': False, 'fit_intercept': True, 'intercept_scaling': 1, 'loss': 'squared_hinge', 'max_iter': 100, 'multi_class': 'ovr', 'penalty': 'l1', 'random_state': 42, 'tol': 0.001, 'verbose': 0}",0.048735857009887695
Coffee,8,10,1,2,LogisticRegression,HMM_GMM,6,"{'n_components': 4, 'n_mix': 3, 'covariance_type': 'diag'}",0.512,0.49733348788475923,"{'C': np.float64(33.59818286283781), 'class_weight': 'balanced', 'dual': False, 'fit_intercept': True, 'intercept_scaling': 1, 'l1_ratio': None, 'max_iter': 100, 'multi_class': 'deprecated', 'n_jobs': None, 'penalty': 'l1', 'random_state': 42, 'solver': 'saga', 'tol': 0.0001, 'verbose': 0, 'warm_start': False}",0.09264326095581055
Coffee,8,10,1,2,KNN,HMM_GMM,7,"{'n_components': 2, 'n_mix': 5, 'covariance_type': 'diag'}",0.77,0.73557424471709,"{'algorithm': 'auto', 'leaf_size': 30, 'metric': 'euclidean', 'metric_params': None, 'n_jobs': None, 'n_neighbors': np.int64(9), 'p': 2, 'weights': 'distance'}",0.011808156967163086
Coffee,8,10,1,2,RandomForest,HMM_GMM,7,"{'n_components': 2, 'n_mix': 5, 'covariance_type': 'diag'}",0.872,0.8710470272281777,"{'bootstrap': True, 'ccp_alpha': 0.0, 'class_weight': 'balanced', 'criterion': 'gini', 'max_depth': 30, 'max_features': 'sqrt', 'max_leaf_nodes': None, 'max_samples': None, 'min_impurity_decrease': 0.0, 'min_samples_leaf': 1, 'min_samples_split': 2, 'min_weight_fraction_leaf': 0.0, 'monotonic_cst': None, 'n_estimators': 150, 'n_jobs': None, 'oob_score': False, 'random_state': 42, 'verbose': 0, 'warm_start': False}",0.9833981990814209
Coffee,8,10,1,2,LinearSVC,HMM_GMM,7,"{'n_components': 2, 'n_mix': 5, 'covariance_type': 'diag'}",0.562,0.5460846046317872,"{'C': np.float64(33.59818286283781), 'class_weight': None, 'dual': False, 'fit_intercept': True, 'intercept_scaling': 1, 'loss': 'squared_hinge', 'max_iter': 100, 'multi_class': 'ovr', 'penalty': 'l1', 'random_state': 42, 'tol': 0.001, 'verbose': 0}",0.04047560691833496
Coffee,8,10,1,2,LogisticRegression,HMM_GMM,7,"{'n_components': 2, 'n_mix': 5, 'covariance_type': 'diag'}",0.442,0.4454728907269714,"{'C': np.float64(33.59818286283781), 'class_weight': 'balanced', 'dual': False, 'fit_intercept': True, 'intercept_scaling': 1, 'l1_ratio': None, 'max_iter': 100, 'multi_class': 'deprecated', 'n_jobs': None, 'penalty': 'l2', 'random_state': 42, 'solver': 'saga', 'tol': 0.0001, 'verbose': 0, 'warm_start': False}",0.06289958953857422
Coffee,8,10,1,2,KNN,HMM_GMM,8,"{'n_components': 1, 'n_mix': 3, 'covariance_type': 'full'}",0.73,0.6846172452363617,"{'algorithm': 'auto', 'leaf_size': 30, 'metric': 'euclidean', 'metric_params': None, 'n_jobs': None, 'n_neighbors': np.int64(9), 'p': 2, 'weights': 'distance'}",0.011437654495239258
Coffee,8,10,1,2,RandomForest,HMM_GMM,8,"{'n_components': 1, 'n_mix': 3, 'covariance_type': 'full'}",0.812,0.777584835593226,"{'bootstrap': True, 'ccp_alpha': 0.0, 'class_weight': 'balanced', 'criterion': 'gini', 'max_depth': 30, 'max_features': 'sqrt', 'max_leaf_nodes': None, 'max_samples': None, 'min_impurity_decrease': 0.0, 'min_samples_leaf': 1, 'min_samples_split': 2, 'min_weight_fraction_leaf': 0.0, 'monotonic_cst': None, 'n_estimators': 150, 'n_jobs': None, 'oob_score': False, 'random_state': 42, 'verbose': 0, 'warm_start': False}",0.9660348892211914
Coffee,8,10,1,2,LinearSVC,HMM_GMM,8,"{'n_components': 1, 'n_mix': 3, 'covariance_type': 'full'}",0.608,0.5755142241686249,"{'C': np.float64(0.08858667904100823), 'class_weight': None, 'dual': False, 'fit_intercept': True, 'intercept_scaling': 1, 'loss': 'squared_hinge', 'max_iter': 100, 'multi_class': 'ovr', 'penalty': 'l1', 'random_state': 42, 'tol': 0.0001, 'verbose': 0}",0.04024386405944824
Coffee,8,10,1,2,LogisticRegression,HMM_GMM,8,"{'n_components': 1, 'n_mix': 3, 'covariance_type': 'full'}",0.662,0.6224561403508772,"{'C': np.float64(33.59818286283781), 'class_weight': 'balanced', 'dual': False, 'fit_intercept': True, 'intercept_scaling': 1, 'l1_ratio': None, 'max_iter': 100, 'multi_class': 'deprecated', 'n_jobs': None, 'penalty': 'l2', 'random_state': 42, 'solver': 'saga', 'tol': 0.0001, 'verbose': 0, 'warm_start': False}",0.14735984802246094
Coffee,8,10,1,2,KNN,HMM_GMM,9,"{'n_components': 5, 'n_mix': 1, 'covariance_type': 'diag'}",0.766,0.709389784282545,"{'algorithm': 'auto', 'leaf_size': 30, 'metric': 'euclidean', 'metric_params': None, 'n_jobs': None, 'n_neighbors': np.int64(9), 'p': 2, 'weights': 'distance'}",0.011525630950927734
Coffee,8,10,1,2,RandomForest,HMM_GMM,9,"{'n_components': 5, 'n_mix': 1, 'covariance_type': 'diag'}",0.84,0.8381902366108863,"{'bootstrap': True, 'ccp_alpha': 0.0, 'class_weight': 'balanced', 'criterion': 'gini', 'max_depth': None, 'max_features': 'sqrt', 'max_leaf_nodes': None, 'max_samples': None, 'min_impurity_decrease': 0.0, 'min_samples_leaf': 1, 'min_samples_split': 2, 'min_weight_fraction_leaf': 0.0, 'monotonic_cst': None, 'n_estimators': 50, 'n_jobs': None, 'oob_score': False, 'random_state': 42, 'verbose': 0, 'warm_start': False}",0.3195934295654297
Coffee,8,10,1,2,LinearSVC,HMM_GMM,9,"{'n_components': 5, 'n_mix': 1, 'covariance_type': 'diag'}",0.562,0.5220439621699757,"{'C': np.float64(183.29807108324337), 'class_weight': 'balanced', 'dual': False, 'fit_intercept': True, 'intercept_scaling': 1, 'loss': 'squared_hinge', 'max_iter': 100, 'multi_class': 'ovr', 'penalty': 'l1', 'random_state': 42, 'tol': 0.0001, 'verbose': 0}",0.04371905326843262
Coffee,8,10,1,2,LogisticRegression,HMM_GMM,9,"{'n_components': 5, 'n_mix': 1, 'covariance_type': 'diag'}",0.456,0.4427350427350427,"{'C': np.float64(33.59818286283781), 'class_weight': 'balanced', 'dual': False, 'fit_intercept': True, 'intercept_scaling': 1, 'l1_ratio': None, 'max_iter': 100, 'multi_class': 'deprecated', 'n_jobs': None, 'penalty': 'l2', 'random_state': 42, 'solver': 'saga', 'tol': 0.0001, 'verbose': 0, 'warm_start': False}",0.06971597671508789
Coffee,8,10,1,2,KNN,HMM_GMM,10,"{'n_components': 3, 'n_mix': 5, 'covariance_type': 'diag'}",0.776,0.759104117337148,"{'algorithm': 'auto', 'leaf_size': 30, 'metric': 'chebyshev', 'metric_params': None, 'n_jobs': None, 'n_neighbors': np.int64(5), 'p': 2, 'weights': 'uniform'}",0.03086066246032715
Coffee,8,10,1,2,RandomForest,HMM_GMM,10,"{'n_components': 3, 'n_mix': 5, 'covariance_type': 'diag'}",0.884,0.8818850333700876,"{'bootstrap': True, 'ccp_alpha': 0.0, 'class_weight': 'balanced', 'criterion': 'gini', 'max_depth': 30, 'max_features': 'sqrt', 'max_leaf_nodes': None, 'max_samples': None, 'min_impurity_decrease': 0.0, 'min_samples_leaf': 1, 'min_samples_split': 2, 'min_weight_fraction_leaf': 0.0, 'monotonic_cst': None, 'n_estimators': 150, 'n_jobs': None, 'oob_score': False, 'random_state': 42, 'verbose': 0, 'warm_start': False}",0.9227955341339111
Coffee,8,10,1,2,LinearSVC,HMM_GMM,10,"{'n_components': 3, 'n_mix': 5, 'covariance_type': 'diag'}",0.492,0.4849248013331048,"{'C': np.float64(183.29807108324337), 'class_weight': None, 'dual': False, 'fit_intercept': True, 'intercept_scaling': 1, 'loss': 'squared_hinge', 'max_iter': 100, 'multi_class': 'ovr', 'penalty': 'l1', 'random_state': 42, 'tol': 0.001, 'verbose': 0}",0.04093790054321289
Coffee,8,10,1,2,LogisticRegression,HMM_GMM,10,"{'n_components': 3, 'n_mix': 5, 'covariance_type': 'diag'}",0.476,0.47768918976094765,"{'C': np.float64(33.59818286283781), 'class_weight': 'balanced', 'dual': False, 'fit_intercept': True, 'intercept_scaling': 1, 'l1_ratio': None, 'max_iter': 100, 'multi_class': 'deprecated', 'n_jobs': None, 'penalty': 'l2', 'random_state': 42, 'solver': 'saga', 'tol': 0.0001, 'verbose': 0, 'warm_start': False}",0.08717060089111328
Coffee,8,10,1,3,KNN,HMM_GMM,1,"{'n_components': 2, 'n_mix': 1, 'covariance_type': 'diag'}",0.734,0.6824306790770206,"{'algorithm': 'auto', 'leaf_size': 30, 'metric': 'euclidean', 'metric_params': None, 'n_jobs': None, 'n_neighbors': np.int64(9), 'p': 2, 'weights': 'distance'}",0.05881333351135254
Coffee,8,10,1,3,RandomForest,HMM_GMM,1,"{'n_components': 2, 'n_mix': 1, 'covariance_type': 'diag'}",0.678,0.6264581036924847,"{'bootstrap': True, 'ccp_alpha': 0.0, 'class_weight': None, 'criterion': 'gini', 'max_depth': 20, 'max_features': 'sqrt', 'max_leaf_nodes': None, 'max_samples': None, 'min_impurity_decrease': 0.0, 'min_samples_leaf': 4, 'min_samples_split': 5, 'min_weight_fraction_leaf': 0.0, 'monotonic_cst': None, 'n_estimators': 150, 'n_jobs': None, 'oob_score': False, 'random_state': 42, 'verbose': 0, 'warm_start': False}",1.5897469520568848
Coffee,8,10,1,3,LinearSVC,HMM_GMM,1,"{'n_components': 2, 'n_mix': 1, 'covariance_type': 'diag'}",0.416,0.42466666666666664,"{'C': np.float64(183.29807108324337), 'class_weight': 'balanced', 'dual': False, 'fit_intercept': True, 'intercept_scaling': 1, 'loss': 'squared_hinge', 'max_iter': 100, 'multi_class': 'ovr', 'penalty': 'l1', 'random_state': 42, 'tol': 0.0001, 'verbose': 0}",0.03694868087768555
Coffee,8,10,1,3,LogisticRegression,HMM_GMM,1,"{'n_components': 2, 'n_mix': 1, 'covariance_type': 'diag'}",0.44,0.4230811546367874,"{'C': np.float64(33.59818286283781), 'class_weight': 'balanced', 'dual': False, 'fit_intercept': True, 'intercept_scaling': 1, 'l1_ratio': None, 'max_iter': 100, 'multi_class': 'deprecated', 'n_jobs': None, 'penalty': 'l2', 'random_state': 42, 'solver': 'saga', 'tol': 0.0001, 'verbose': 0, 'warm_start': False}",0.04650378227233887
Coffee,8,10,1,3,KNN,HMM_GMM,2,"{'n_components': 2, 'n_mix': 4, 'covariance_type': 'tied'}",0.704,0.6512525643467779,"{'algorithm': 'auto', 'leaf_size': 30, 'metric': 'euclidean', 'metric_params': None, 'n_jobs': None, 'n_neighbors': np.int64(9), 'p': 2, 'weights': 'distance'}",0.01713395118713379
Coffee,8,10,1,3,RandomForest,HMM_GMM,2,"{'n_components': 2, 'n_mix': 4, 'covariance_type': 'tied'}",0.804,0.7965710827982654,"{'bootstrap': True, 'ccp_alpha': 0.0, 'class_weight': None, 'criterion': 'gini', 'max_depth': None, 'max_features': 'sqrt', 'max_leaf_nodes': None, 'max_samples': None, 'min_impurity_decrease': 0.0, 'min_samples_leaf': 4, 'min_samples_split': 2, 'min_weight_fraction_leaf': 0.0, 'monotonic_cst': None, 'n_estimators': 50, 'n_jobs': None, 'oob_score': False, 'random_state': 42, 'verbose': 0, 'warm_start': False}",0.37891626358032227
Coffee,8,10,1,3,LinearSVC,HMM_GMM,2,"{'n_components': 2, 'n_mix': 4, 'covariance_type': 'tied'}",0.578,0.562310781804617,"{'C': np.float64(33.59818286283781), 'class_weight': 'balanced', 'dual': False, 'fit_intercept': True, 'intercept_scaling': 1, 'loss': 'squared_hinge', 'max_iter': 100, 'multi_class': 'ovr', 'penalty': 'l1', 'random_state': 42, 'tol': 0.001, 'verbose': 0}",0.0626671314239502
Coffee,8,10,1,3,LogisticRegression,HMM_GMM,2,"{'n_components': 2, 'n_mix': 4, 'covariance_type': 'tied'}",0.588,0.5654784967067028,"{'C': np.float64(33.59818286283781), 'class_weight': None, 'dual': False, 'fit_intercept': True, 'intercept_scaling': 1, 'l1_ratio': None, 'max_iter': 100, 'multi_class': 'deprecated', 'n_jobs': None, 'penalty': 'l2', 'random_state': 42, 'solver': 'saga', 'tol': 0.0001, 'verbose': 0, 'warm_start': False}",0.2137737274169922
Coffee,8,10,1,3,KNN,HMM_GMM,3,"{'n_components': 1, 'n_mix': 3, 'covariance_type': 'diag'}",0.766,0.7098251207912966,"{'algorithm': 'auto', 'leaf_size': 30, 'metric': 'euclidean', 'metric_params': None, 'n_jobs': None, 'n_neighbors': np.int64(9), 'p': 2, 'weights': 'distance'}",0.01707172393798828
Coffee,8,10,1,3,RandomForest,HMM_GMM,3,"{'n_components': 1, 'n_mix': 3, 'covariance_type': 'diag'}",0.792,0.7805865960481673,"{'bootstrap': True, 'ccp_alpha': 0.0, 'class_weight': None, 'criterion': 'gini', 'max_depth': None, 'max_features': 'sqrt', 'max_leaf_nodes': None, 'max_samples': None, 'min_impurity_decrease': 0.0, 'min_samples_leaf': 4, 'min_samples_split': 2, 'min_weight_fraction_leaf': 0.0, 'monotonic_cst': None, 'n_estimators': 50, 'n_jobs': None, 'oob_score': False, 'random_state': 42, 'verbose': 0, 'warm_start': False}",0.3632967472076416
Coffee,8,10,1,3,LinearSVC,HMM_GMM,3,"{'n_components': 1, 'n_mix': 3, 'covariance_type': 'diag'}",0.448,0.46582266984544024,"{'C': np.float64(0.4832930238571752), 'class_weight': 'balanced', 'dual': False, 'fit_intercept': True, 'intercept_scaling': 1, 'loss': 'squared_hinge', 'max_iter': 100, 'multi_class': 'ovr', 'penalty': 'l2', 'random_state': 42, 'tol': 0.0001, 'verbose': 0}",0.01969456672668457
Coffee,8,10,1,3,LogisticRegression,HMM_GMM,3,"{'n_components': 1, 'n_mix': 3, 'covariance_type': 'diag'}",0.44,0.44049848225775556,"{'C': np.float64(2.6366508987303554), 'class_weight': 'balanced', 'dual': False, 'fit_intercept': True, 'intercept_scaling': 1, 'l1_ratio': None, 'max_iter': 100, 'multi_class': 'deprecated', 'n_jobs': None, 'penalty': 'l1', 'random_state': 42, 'solver': 'saga', 'tol': 0.0001, 'verbose': 0, 'warm_start': False}",0.26497673988342285
Coffee,8,10,1,3,KNN,HMM_GMM,4,"{'n_components': 4, 'n_mix': 3, 'covariance_type': 'diag'}",0.734,0.6915468868749961,"{'algorithm': 'auto', 'leaf_size': 30, 'metric': 'euclidean', 'metric_params': None, 'n_jobs': None, 'n_neighbors': np.int64(9), 'p': 2, 'weights': 'distance'}",0.016927480697631836
Coffee,8,10,1,3,RandomForest,HMM_GMM,4,"{'n_components': 4, 'n_mix': 3, 'covariance_type': 'diag'}",0.824,0.8179767102343753,"{'bootstrap': True, 'ccp_alpha': 0.0, 'class_weight': None, 'criterion': 'gini', 'max_depth': 20, 'max_features': 'sqrt', 'max_leaf_nodes': None, 'max_samples': None, 'min_impurity_decrease': 0.0, 'min_samples_leaf': 4, 'min_samples_split': 5, 'min_weight_fraction_leaf': 0.0, 'monotonic_cst': None, 'n_estimators': 150, 'n_jobs': None, 'oob_score': False, 'random_state': 42, 'verbose': 0, 'warm_start': False}",0.9733626842498779
Coffee,8,10,1,3,LinearSVC,HMM_GMM,4,"{'n_components': 4, 'n_mix': 3, 'covariance_type': 'diag'}",0.51,0.4762209852510156,"{'C': np.float64(0.4832930238571752), 'class_weight': 'balanced', 'dual': False, 'fit_intercept': True, 'intercept_scaling': 1, 'loss': 'squared_hinge', 'max_iter': 100, 'multi_class': 'ovr', 'penalty': 'l2', 'random_state': 42, 'tol': 0.0001, 'verbose': 0}",0.02249002456665039
Coffee,8,10,1,3,LogisticRegression,HMM_GMM,4,"{'n_components': 4, 'n_mix': 3, 'covariance_type': 'diag'}",0.55,0.5130740462044722,"{'C': np.float64(6.1584821106602545), 'class_weight': None, 'dual': False, 'fit_intercept': True, 'intercept_scaling': 1, 'l1_ratio': None, 'max_iter': 100, 'multi_class': 'deprecated', 'n_jobs': None, 'penalty': 'l2', 'random_state': 42, 'solver': 'lbfgs', 'tol': 0.0001, 'verbose': 0, 'warm_start': False}",0.08104062080383301
Coffee,8,10,1,3,KNN,HMM_GMM,5,"{'n_components': 1, 'n_mix': 1, 'covariance_type': 'tied'}",0.696,0.6847642511256478,"{'algorithm': 'auto', 'leaf_size': 30, 'metric': 'minkowski', 'metric_params': None, 'n_jobs': None, 'n_neighbors': np.int64(13), 'p': 4, 'weights': 'distance'}",0.03132152557373047
Coffee,8,10,1,3,RandomForest,HMM_GMM,5,"{'n_components': 1, 'n_mix': 1, 'covariance_type': 'tied'}",0.806,0.7858989474487107,"{'bootstrap': True, 'ccp_alpha': 0.0, 'class_weight': None, 'criterion': 'gini', 'max_depth': 30, 'max_features': 'sqrt', 'max_leaf_nodes': None, 'max_samples': None, 'min_impurity_decrease': 0.0, 'min_samples_leaf': 1, 'min_samples_split': 5, 'min_weight_fraction_leaf': 0.0, 'monotonic_cst': None, 'n_estimators': 50, 'n_jobs': None, 'oob_score': False, 'random_state': 42, 'verbose': 0, 'warm_start': False}",0.3666555881500244
Coffee,8,10,1,3,LinearSVC,HMM_GMM,5,"{'n_components': 1, 'n_mix': 1, 'covariance_type': 'tied'}",0.598,0.5694921534628188,"{'C': np.float64(0.4832930238571752), 'class_weight': 'balanced', 'dual': False, 'fit_intercept': True, 'intercept_scaling': 1, 'loss': 'squared_hinge', 'max_iter': 100, 'multi_class': 'ovr', 'penalty': 'l2', 'random_state': 42, 'tol': 0.0001, 'verbose': 0}",0.031225204467773438
Coffee,8,10,1,3,LogisticRegression,HMM_GMM,5,"{'n_components': 1, 'n_mix': 1, 'covariance_type': 'tied'}",0.678,0.6243552375440626,"{'C': np.float64(2.6366508987303554), 'class_weight': 'balanced', 'dual': False, 'fit_intercept': True, 'intercept_scaling': 1, 'l1_ratio': None, 'max_iter': 100, 'multi_class': 'deprecated', 'n_jobs': None, 'penalty': 'l1', 'random_state': 42, 'solver': 'saga', 'tol': 0.0001, 'verbose': 0, 'warm_start': False}",0.27774858474731445
Coffee,8,10,1,3,KNN,HMM_GMM,6,"{'n_components': 4, 'n_mix': 3, 'covariance_type': 'diag'}",0.734,0.6915468868749961,"{'algorithm': 'auto', 'leaf_size': 30, 'metric': 'euclidean', 'metric_params': None, 'n_jobs': None, 'n_neighbors': np.int64(9), 'p': 2, 'weights': 'distance'}",0.016419172286987305
Coffee,8,10,1,3,RandomForest,HMM_GMM,6,"{'n_components': 4, 'n_mix': 3, 'covariance_type': 'diag'}",0.826,0.8209212816648028,"{'bootstrap': True, 'ccp_alpha': 0.0, 'class_weight': None, 'criterion': 'gini', 'max_depth': 20, 'max_features': 'sqrt', 'max_leaf_nodes': None, 'max_samples': None, 'min_impurity_decrease': 0.0, 'min_samples_leaf': 4, 'min_samples_split': 5, 'min_weight_fraction_leaf': 0.0, 'monotonic_cst': None, 'n_estimators': 150, 'n_jobs': None, 'oob_score': False, 'random_state': 42, 'verbose': 0, 'warm_start': False}",0.9770181179046631
Coffee,8,10,1,3,LinearSVC,HMM_GMM,6,"{'n_components': 4, 'n_mix': 3, 'covariance_type': 'diag'}",0.51,0.4762209852510156,"{'C': np.float64(0.4832930238571752), 'class_weight': 'balanced', 'dual': False, 'fit_intercept': True, 'intercept_scaling': 1, 'loss': 'squared_hinge', 'max_iter': 100, 'multi_class': 'ovr', 'penalty': 'l2', 'random_state': 42, 'tol': 0.0001, 'verbose': 0}",0.021546125411987305
Coffee,8,10,1,3,LogisticRegression,HMM_GMM,6,"{'n_components': 4, 'n_mix': 3, 'covariance_type': 'diag'}",0.55,0.5130740462044722,"{'C': np.float64(6.1584821106602545), 'class_weight': None, 'dual': False, 'fit_intercept': True, 'intercept_scaling': 1, 'l1_ratio': None, 'max_iter': 100, 'multi_class': 'deprecated', 'n_jobs': None, 'penalty': 'l2', 'random_state': 42, 'solver': 'lbfgs', 'tol': 0.0001, 'verbose': 0, 'warm_start': False}",0.08486628532409668
Coffee,8,10,1,3,KNN,HMM_GMM,7,"{'n_components': 2, 'n_mix': 5, 'covariance_type': 'diag'}",0.748,0.7193546084100806,"{'algorithm': 'auto', 'leaf_size': 30, 'metric': 'minkowski', 'metric_params': None, 'n_jobs': None, 'n_neighbors': np.int64(13), 'p': 4, 'weights': 'distance'}",0.034624576568603516
Coffee,8,10,1,3,RandomForest,HMM_GMM,7,"{'n_components': 2, 'n_mix': 5, 'covariance_type': 'diag'}",0.85,0.8492231086459205,"{'bootstrap': True, 'ccp_alpha': 0.0, 'class_weight': None, 'criterion': 'gini', 'max_depth': None, 'max_features': 'sqrt', 'max_leaf_nodes': None, 'max_samples': None, 'min_impurity_decrease': 0.0, 'min_samples_leaf': 4, 'min_samples_split': 10, 'min_weight_fraction_leaf': 0.0, 'monotonic_cst': None, 'n_estimators': 50, 'n_jobs': None, 'oob_score': False, 'random_state': 42, 'verbose': 0, 'warm_start': False}",0.38349199295043945
Coffee,8,10,1,3,LinearSVC,HMM_GMM,7,"{'n_components': 2, 'n_mix': 5, 'covariance_type': 'diag'}",0.546,0.5331758264379229,"{'C': np.float64(33.59818286283781), 'class_weight': 'balanced', 'dual': False, 'fit_intercept': True, 'intercept_scaling': 1, 'loss': 'squared_hinge', 'max_iter': 100, 'multi_class': 'ovr', 'penalty': 'l1', 'random_state': 42, 'tol': 0.001, 'verbose': 0}",0.0635528564453125
Coffee,8,10,1,3,LogisticRegression,HMM_GMM,7,"{'n_components': 2, 'n_mix': 5, 'covariance_type': 'diag'}",0.424,0.42608900387538157,"{'C': np.float64(6.1584821106602545), 'class_weight': None, 'dual': False, 'fit_intercept': True, 'intercept_scaling': 1, 'l1_ratio': None, 'max_iter': 100, 'multi_class': 'deprecated', 'n_jobs': None, 'penalty': 'l2', 'random_state': 42, 'solver': 'lbfgs', 'tol': 0.0001, 'verbose': 0, 'warm_start': False}",0.07774925231933594
Coffee,8,10,1,3,KNN,HMM_GMM,8,"{'n_components': 1, 'n_mix': 3, 'covariance_type': 'full'}",0.73,0.6846172452363617,"{'algorithm': 'auto', 'leaf_size': 30, 'metric': 'euclidean', 'metric_params': None, 'n_jobs': None, 'n_neighbors': np.int64(9), 'p': 2, 'weights': 'distance'}",0.014284372329711914
Coffee,8,10,1,3,RandomForest,HMM_GMM,8,"{'n_components': 1, 'n_mix': 3, 'covariance_type': 'full'}",0.83,0.8050882359715829,"{'bootstrap': True, 'ccp_alpha': 0.0, 'class_weight': 'balanced', 'criterion': 'gini', 'max_depth': None, 'max_features': 'sqrt', 'max_leaf_nodes': None, 'max_samples': None, 'min_impurity_decrease': 0.0, 'min_samples_leaf': 2, 'min_samples_split': 2, 'min_weight_fraction_leaf': 0.0, 'monotonic_cst': None, 'n_estimators': 150, 'n_jobs': None, 'oob_score': False, 'random_state': 42, 'verbose': 0, 'warm_start': False}",1.0598716735839844
Coffee,8,10,1,3,LinearSVC,HMM_GMM,8,"{'n_components': 1, 'n_mix': 3, 'covariance_type': 'full'}",0.588,0.5556767511421301,"{'C': np.float64(33.59818286283781), 'class_weight': 'balanced', 'dual': False, 'fit_intercept': True, 'intercept_scaling': 1, 'loss': 'squared_hinge', 'max_iter': 100, 'multi_class': 'ovr', 'penalty': 'l1', 'random_state': 42, 'tol': 0.0001, 'verbose': 0}",0.06226944923400879
Coffee,8,10,1,3,LogisticRegression,HMM_GMM,8,"{'n_components': 1, 'n_mix': 3, 'covariance_type': 'full'}",0.65,0.6097853074339128,"{'C': np.float64(33.59818286283781), 'class_weight': None, 'dual': False, 'fit_intercept': True, 'intercept_scaling': 1, 'l1_ratio': None, 'max_iter': 100, 'multi_class': 'deprecated', 'n_jobs': None, 'penalty': 'l2', 'random_state': 42, 'solver': 'saga', 'tol': 0.0001, 'verbose': 0, 'warm_start': False}",0.22344684600830078
Coffee,8,10,1,3,KNN,HMM_GMM,9,"{'n_components': 5, 'n_mix': 1, 'covariance_type': 'diag'}",0.74,0.7111454020904605,"{'algorithm': 'auto', 'leaf_size': 30, 'metric': 'minkowski', 'metric_params': None, 'n_jobs': None, 'n_neighbors': np.int64(13), 'p': 4, 'weights': 'distance'}",0.035672903060913086
Coffee,8,10,1,3,RandomForest,HMM_GMM,9,"{'n_components': 5, 'n_mix': 1, 'covariance_type': 'diag'}",0.78,0.7776755275331095,"{'bootstrap': True, 'ccp_alpha': 0.0, 'class_weight': None, 'criterion': 'gini', 'max_depth': None, 'max_features': 'sqrt', 'max_leaf_nodes': None, 'max_samples': None, 'min_impurity_decrease': 0.0, 'min_samples_leaf': 4, 'min_samples_split': 10, 'min_weight_fraction_leaf': 0.0, 'monotonic_cst': None, 'n_estimators': 50, 'n_jobs': None, 'oob_score': False, 'random_state': 42, 'verbose': 0, 'warm_start': False}",0.3513498306274414
Coffee,8,10,1,3,LinearSVC,HMM_GMM,9,"{'n_components': 5, 'n_mix': 1, 'covariance_type': 'diag'}",0.528,0.4761558063341828,"{'C': np.float64(33.59818286283781), 'class_weight': 'balanced', 'dual': False, 'fit_intercept': True, 'intercept_scaling': 1, 'loss': 'squared_hinge', 'max_iter': 100, 'multi_class': 'ovr', 'penalty': 'l1', 'random_state': 42, 'tol': 0.001, 'verbose': 0}",0.05638766288757324
Coffee,8,10,1,3,LogisticRegression,HMM_GMM,9,"{'n_components': 5, 'n_mix': 1, 'covariance_type': 'diag'}",0.506,0.47383429672447014,"{'C': np.float64(183.29807108324337), 'class_weight': None, 'dual': False, 'fit_intercept': True, 'intercept_scaling': 1, 'l1_ratio': None, 'max_iter': 100, 'multi_class': 'deprecated', 'n_jobs': None, 'penalty': 'l2', 'random_state': 42, 'solver': 'saga', 'tol': 0.0001, 'verbose': 0, 'warm_start': False}",0.053704023361206055
Coffee,8,10,1,3,KNN,HMM_GMM,10,"{'n_components': 3, 'n_mix': 5, 'covariance_type': 'diag'}",0.764,0.7306817087820142,"{'algorithm': 'auto', 'leaf_size': 30, 'metric': 'minkowski', 'metric_params': None, 'n_jobs': None, 'n_neighbors': np.int64(13), 'p': 4, 'weights': 'distance'}",0.04683828353881836
Coffee,8,10,1,3,RandomForest,HMM_GMM,10,"{'n_components': 3, 'n_mix': 5, 'covariance_type': 'diag'}",0.846,0.8419761421374324,"{'bootstrap': True, 'ccp_alpha': 0.0, 'class_weight': 'balanced', 'criterion': 'gini', 'max_depth': None, 'max_features': 'sqrt', 'max_leaf_nodes': None, 'max_samples': None, 'min_impurity_decrease': 0.0, 'min_samples_leaf': 2, 'min_samples_split': 2, 'min_weight_fraction_leaf': 0.0, 'monotonic_cst': None, 'n_estimators': 150, 'n_jobs': None, 'oob_score': False, 'random_state': 42, 'verbose': 0, 'warm_start': False}",1.0345122814178467
Coffee,8,10,1,3,LinearSVC,HMM_GMM,10,"{'n_components': 3, 'n_mix': 5, 'covariance_type': 'diag'}",0.53,0.5358229065642943,"{'C': np.float64(33.59818286283781), 'class_weight': 'balanced', 'dual': False, 'fit_intercept': True, 'intercept_scaling': 1, 'loss': 'squared_hinge', 'max_iter': 100, 'multi_class': 'ovr', 'penalty': 'l1', 'random_state': 42, 'tol': 0.001, 'verbose': 0}",0.05854034423828125
Coffee,8,10,1,3,LogisticRegression,HMM_GMM,10,"{'n_components': 3, 'n_mix': 5, 'covariance_type': 'diag'}",0.468,0.4693829023874635,"{'C': np.float64(1000.0), 'class_weight': 'balanced', 'dual': False, 'fit_intercept': True, 'intercept_scaling': 1, 'l1_ratio': None, 'max_iter': 100, 'multi_class': 'deprecated', 'n_jobs': None, 'penalty': 'l2', 'random_state': 42, 'solver': 'sag', 'tol': 0.0001, 'verbose': 0, 'warm_start': False}",0.06833720207214355
Coffee,8,10,1,5,KNN,HMM_GMM,1,"{'n_components': 2, 'n_mix': 1, 'covariance_type': 'diag'}",0.736,0.6838525088041317,"{'algorithm': 'auto', 'leaf_size': 30, 'metric': 'minkowski', 'metric_params': None, 'n_jobs': None, 'n_neighbors': 5, 'p': 2, 'weights': 'uniform'}",0.039461612701416016
Coffee,8,10,1,5,RandomForest,HMM_GMM,1,"{'n_components': 2, 'n_mix': 1, 'covariance_type': 'diag'}",0.77,0.7668626563713039,"{'bootstrap': True, 'ccp_alpha': 0.0, 'class_weight': None, 'criterion': 'gini', 'max_depth': None, 'max_features': 'sqrt', 'max_leaf_nodes': None, 'max_samples': None, 'min_impurity_decrease': 0.0, 'min_samples_leaf': 1, 'min_samples_split': 2, 'min_weight_fraction_leaf': 0.0, 'monotonic_cst': None, 'n_estimators': 100, 'n_jobs': None, 'oob_score': False, 'random_state': 42, 'verbose': 0, 'warm_start': False}",0.9630436897277832
Coffee,8,10,1,5,LinearSVC,HMM_GMM,1,"{'n_components': 2, 'n_mix': 1, 'covariance_type': 'diag'}",0.412,0.4167136545339786,"{'C': 1.0, 'class_weight': None, 'dual': False, 'fit_intercept': True, 'intercept_scaling': 1, 'loss': 'squared_hinge', 'max_iter': 100, 'multi_class': 'ovr', 'penalty': 'l2', 'random_state': 42, 'tol': 0.0001, 'verbose': 0}",0.03319907188415527
Coffee,8,10,1,5,LogisticRegression,HMM_GMM,1,"{'n_components': 2, 'n_mix': 1, 'covariance_type': 'diag'}",0.446,0.4289382373351839,"{'C': 1.0, 'class_weight': None, 'dual': False, 'fit_intercept': True, 'intercept_scaling': 1, 'l1_ratio': None, 'max_iter': 100, 'multi_class': 'deprecated', 'n_jobs': None, 'penalty': 'l2', 'random_state': 42, 'solver': 'lbfgs', 'tol': 0.0001, 'verbose': 0, 'warm_start': False}",0.03926420211791992
Coffee,8,10,1,5,KNN,HMM_GMM,2,"{'n_components': 2, 'n_mix': 4, 'covariance_type': 'tied'}",0.708,0.6560693447084905,"{'algorithm': 'auto', 'leaf_size': 30, 'metric': 'minkowski', 'metric_params': None, 'n_jobs': None, 'n_neighbors': 5, 'p': 2, 'weights': 'uniform'}",0.038080692291259766
Coffee,8,10,1,5,RandomForest,HMM_GMM,2,"{'n_components': 2, 'n_mix': 4, 'covariance_type': 'tied'}",0.866,0.8626022441476836,"{'bootstrap': True, 'ccp_alpha': 0.0, 'class_weight': None, 'criterion': 'gini', 'max_depth': None, 'max_features': 'sqrt', 'max_leaf_nodes': None, 'max_samples': None, 'min_impurity_decrease': 0.0, 'min_samples_leaf': 1, 'min_samples_split': 2, 'min_weight_fraction_leaf': 0.0, 'monotonic_cst': None, 'n_estimators': 100, 'n_jobs': None, 'oob_score': False, 'random_state': 42, 'verbose': 0, 'warm_start': False}",0.8323485851287842
Coffee,8,10,1,5,LinearSVC,HMM_GMM,2,"{'n_components': 2, 'n_mix': 4, 'covariance_type': 'tied'}",0.562,0.5415673811948614,"{'C': 1.0, 'class_weight': None, 'dual': False, 'fit_intercept': True, 'intercept_scaling': 1, 'loss': 'squared_hinge', 'max_iter': 100, 'multi_class': 'ovr', 'penalty': 'l2', 'random_state': 42, 'tol': 0.0001, 'verbose': 0}",0.05472707748413086
Coffee,8,10,1,5,LogisticRegression,HMM_GMM,2,"{'n_components': 2, 'n_mix': 4, 'covariance_type': 'tied'}",0.566,0.5467562517787099,"{'C': 1.0, 'class_weight': None, 'dual': False, 'fit_intercept': True, 'intercept_scaling': 1, 'l1_ratio': None, 'max_iter': 100, 'multi_class': 'deprecated', 'n_jobs': None, 'penalty': 'l2', 'random_state': 42, 'solver': 'lbfgs', 'tol': 0.0001, 'verbose': 0, 'warm_start': False}",0.19422030448913574
Coffee,8,10,1,5,KNN,HMM_GMM,3,"{'n_components': 1, 'n_mix': 3, 'covariance_type': 'diag'}",0.768,0.7117344286671914,"{'algorithm': 'auto', 'leaf_size': 30, 'metric': 'minkowski', 'metric_params': None, 'n_jobs': None, 'n_neighbors': 5, 'p': 2, 'weights': 'uniform'}",0.045499324798583984
Coffee,8,10,1,5,RandomForest,HMM_GMM,3,"{'n_components': 1, 'n_mix': 3, 'covariance_type': 'diag'}",0.81,0.8003647637513386,"{'bootstrap': True, 'ccp_alpha': 0.0, 'class_weight': None, 'criterion': 'gini', 'max_depth': None, 'max_features': 'sqrt', 'max_leaf_nodes': None, 'max_samples': None, 'min_impurity_decrease': 0.0, 'min_samples_leaf': 1, 'min_samples_split': 2, 'min_weight_fraction_leaf': 0.0, 'monotonic_cst': None, 'n_estimators': 100, 'n_jobs': None, 'oob_score': False, 'random_state': 42, 'verbose': 0, 'warm_start': False}",0.9587042331695557
Coffee,8,10,1,5,LinearSVC,HMM_GMM,3,"{'n_components': 1, 'n_mix': 3, 'covariance_type': 'diag'}",0.45,0.46770703658856105,"{'C': 1.0, 'class_weight': None, 'dual': False, 'fit_intercept': True, 'intercept_scaling': 1, 'loss': 'squared_hinge', 'max_iter': 100, 'multi_class': 'ovr', 'penalty': 'l2', 'random_state': 42, 'tol': 0.0001, 'verbose': 0}",0.03344392776489258
Coffee,8,10,1,5,LogisticRegression,HMM_GMM,3,"{'n_components': 1, 'n_mix': 3, 'covariance_type': 'diag'}",0.44,0.4339575530586766,"{'C': 1.0, 'class_weight': None, 'dual': False, 'fit_intercept': True, 'intercept_scaling': 1, 'l1_ratio': None, 'max_iter': 100, 'multi_class': 'deprecated', 'n_jobs': None, 'penalty': 'l2', 'random_state': 42, 'solver': 'lbfgs', 'tol': 0.0001, 'verbose': 0, 'warm_start': False}",0.055710554122924805
Coffee,8,10,1,5,KNN,HMM_GMM,4,"{'n_components': 4, 'n_mix': 3, 'covariance_type': 'diag'}",0.734,0.6893526596242541,"{'algorithm': 'auto', 'leaf_size': 30, 'metric': 'minkowski', 'metric_params': None, 'n_jobs': None, 'n_neighbors': 5, 'p': 2, 'weights': 'uniform'}",0.03904318809509277
Coffee,8,10,1,5,RandomForest,HMM_GMM,4,"{'n_components': 4, 'n_mix': 3, 'covariance_type': 'diag'}",0.852,0.8458258843309574,"{'bootstrap': True, 'ccp_alpha': 0.0, 'class_weight': None, 'criterion': 'gini', 'max_depth': None, 'max_features': 'sqrt', 'max_leaf_nodes': None, 'max_samples': None, 'min_impurity_decrease': 0.0, 'min_samples_leaf': 1, 'min_samples_split': 2, 'min_weight_fraction_leaf': 0.0, 'monotonic_cst': None, 'n_estimators': 100, 'n_jobs': None, 'oob_score': False, 'random_state': 42, 'verbose': 0, 'warm_start': False}",0.8369710445404053
Coffee,8,10,1,5,LinearSVC,HMM_GMM,4,"{'n_components': 4, 'n_mix': 3, 'covariance_type': 'diag'}",0.534,0.4852887115871788,"{'C': 1.0, 'class_weight': None, 'dual': False, 'fit_intercept': True, 'intercept_scaling': 1, 'loss': 'squared_hinge', 'max_iter': 100, 'multi_class': 'ovr', 'penalty': 'l2', 'random_state': 42, 'tol': 0.0001, 'verbose': 0}",0.03652834892272949
Coffee,8,10,1,5,LogisticRegression,HMM_GMM,4,"{'n_components': 4, 'n_mix': 3, 'covariance_type': 'diag'}",0.56,0.5081938795919728,"{'C': 1.0, 'class_weight': None, 'dual': False, 'fit_intercept': True, 'intercept_scaling': 1, 'l1_ratio': None, 'max_iter': 100, 'multi_class': 'deprecated', 'n_jobs': None, 'penalty': 'l2', 'random_state': 42, 'solver': 'lbfgs', 'tol': 0.0001, 'verbose': 0, 'warm_start': False}",0.08941912651062012
Coffee,8,10,1,5,KNN,HMM_GMM,5,"{'n_components': 1, 'n_mix': 1, 'covariance_type': 'tied'}",0.746,0.7306656974182747,"{'algorithm': 'auto', 'leaf_size': 30, 'metric': 'minkowski', 'metric_params': None, 'n_jobs': None, 'n_neighbors': 5, 'p': 2, 'weights': 'uniform'}",0.0384221076965332
Coffee,8,10,1,5,RandomForest,HMM_GMM,5,"{'n_components': 1, 'n_mix': 1, 'covariance_type': 'tied'}",0.788,0.7636694915254237,"{'bootstrap': True, 'ccp_alpha': 0.0, 'class_weight': None, 'criterion': 'gini', 'max_depth': None, 'max_features': 'sqrt', 'max_leaf_nodes': None, 'max_samples': None, 'min_impurity_decrease': 0.0, 'min_samples_leaf': 1, 'min_samples_split': 2, 'min_weight_fraction_leaf': 0.0, 'monotonic_cst': None, 'n_estimators': 100, 'n_jobs': None, 'oob_score': False, 'random_state': 42, 'verbose': 0, 'warm_start': False}",0.930945634841919
Coffee,8,10,1,5,LinearSVC,HMM_GMM,5,"{'n_components': 1, 'n_mix': 1, 'covariance_type': 'tied'}",0.594,0.562832023943135,"{'C': 1.0, 'class_weight': None, 'dual': False, 'fit_intercept': True, 'intercept_scaling': 1, 'loss': 'squared_hinge', 'max_iter': 100, 'multi_class': 'ovr', 'penalty': 'l2', 'random_state': 42, 'tol': 0.0001, 'verbose': 0}",0.05663418769836426
Coffee,8,10,1,5,LogisticRegression,HMM_GMM,5,"{'n_components': 1, 'n_mix': 1, 'covariance_type': 'tied'}",0.7,0.6293339783905821,"{'C': 1.0, 'class_weight': None, 'dual': False, 'fit_intercept': True, 'intercept_scaling': 1, 'l1_ratio': None, 'max_iter': 100, 'multi_class': 'deprecated', 'n_jobs': None, 'penalty': 'l2', 'random_state': 42, 'solver': 'lbfgs', 'tol': 0.0001, 'verbose': 0, 'warm_start': False}",0.1799297332763672
Coffee,8,10,1,5,KNN,HMM_GMM,6,"{'n_components': 4, 'n_mix': 3, 'covariance_type': 'diag'}",0.734,0.6893526596242541,"{'algorithm': 'auto', 'leaf_size': 30, 'metric': 'minkowski', 'metric_params': None, 'n_jobs': None, 'n_neighbors': 5, 'p': 2, 'weights': 'uniform'}",0.04482221603393555
Coffee,8,10,1,5,RandomForest,HMM_GMM,6,"{'n_components': 4, 'n_mix': 3, 'covariance_type': 'diag'}",0.85,0.8434018786494034,"{'bootstrap': True, 'ccp_alpha': 0.0, 'class_weight': None, 'criterion': 'gini', 'max_depth': None, 'max_features': 'sqrt', 'max_leaf_nodes': None, 'max_samples': None, 'min_impurity_decrease': 0.0, 'min_samples_leaf': 1, 'min_samples_split': 2, 'min_weight_fraction_leaf': 0.0, 'monotonic_cst': None, 'n_estimators': 100, 'n_jobs': None, 'oob_score': False, 'random_state': 42, 'verbose': 0, 'warm_start': False}",0.8439154624938965
Coffee,8,10,1,5,LinearSVC,HMM_GMM,6,"{'n_components': 4, 'n_mix': 3, 'covariance_type': 'diag'}",0.534,0.4852887115871788,"{'C': 1.0, 'class_weight': None, 'dual': False, 'fit_intercept': True, 'intercept_scaling': 1, 'loss': 'squared_hinge', 'max_iter': 100, 'multi_class': 'ovr', 'penalty': 'l2', 'random_state': 42, 'tol': 0.0001, 'verbose': 0}",0.03595447540283203
Coffee,8,10,1,5,LogisticRegression,HMM_GMM,6,"{'n_components': 4, 'n_mix': 3, 'covariance_type': 'diag'}",0.56,0.5081938795919728,"{'C': 1.0, 'class_weight': None, 'dual': False, 'fit_intercept': True, 'intercept_scaling': 1, 'l1_ratio': None, 'max_iter': 100, 'multi_class': 'deprecated', 'n_jobs': None, 'penalty': 'l2', 'random_state': 42, 'solver': 'lbfgs', 'tol': 0.0001, 'verbose': 0, 'warm_start': False}",0.08938264846801758
Coffee,8,10,1,5,KNN,HMM_GMM,7,"{'n_components': 2, 'n_mix': 5, 'covariance_type': 'diag'}",0.772,0.7372078491258992,"{'algorithm': 'auto', 'leaf_size': 30, 'metric': 'minkowski', 'metric_params': None, 'n_jobs': None, 'n_neighbors': 5, 'p': 2, 'weights': 'uniform'}",0.03819608688354492
Coffee,8,10,1,5,RandomForest,HMM_GMM,7,"{'n_components': 2, 'n_mix': 5, 'covariance_type': 'diag'}",0.868,0.8666213525122798,"{'bootstrap': True, 'ccp_alpha': 0.0, 'class_weight': None, 'criterion': 'gini', 'max_depth': None, 'max_features': 'sqrt', 'max_leaf_nodes': None, 'max_samples': None, 'min_impurity_decrease': 0.0, 'min_samples_leaf': 1, 'min_samples_split': 2, 'min_weight_fraction_leaf': 0.0, 'monotonic_cst': None, 'n_estimators': 100, 'n_jobs': None, 'oob_score': False, 'random_state': 42, 'verbose': 0, 'warm_start': False}",0.8556275367736816
Coffee,8,10,1,5,LinearSVC,HMM_GMM,7,"{'n_components': 2, 'n_mix': 5, 'covariance_type': 'diag'}",0.542,0.5292799045483357,"{'C': 1.0, 'class_weight': None, 'dual': False, 'fit_intercept': True, 'intercept_scaling': 1, 'loss': 'squared_hinge', 'max_iter': 100, 'multi_class': 'ovr', 'penalty': 'l2', 'random_state': 42, 'tol': 0.0001, 'verbose': 0}",0.03936362266540527
Coffee,8,10,1,5,LogisticRegression,HMM_GMM,7,"{'n_components': 2, 'n_mix': 5, 'covariance_type': 'diag'}",0.424,0.4271497567779157,"{'C': 1.0, 'class_weight': None, 'dual': False, 'fit_intercept': True, 'intercept_scaling': 1, 'l1_ratio': None, 'max_iter': 100, 'multi_class': 'deprecated', 'n_jobs': None, 'penalty': 'l2', 'random_state': 42, 'solver': 'lbfgs', 'tol': 0.0001, 'verbose': 0, 'warm_start': False}",0.1145176887512207
Coffee,8,10,1,5,KNN,HMM_GMM,8,"{'n_components': 1, 'n_mix': 3, 'covariance_type': 'full'}",0.738,0.6917194489625873,"{'algorithm': 'auto', 'leaf_size': 30, 'metric': 'minkowski', 'metric_params': None, 'n_jobs': None, 'n_neighbors': 5, 'p': 2, 'weights': 'uniform'}",0.037670135498046875
Coffee,8,10,1,5,RandomForest,HMM_GMM,8,"{'n_components': 1, 'n_mix': 3, 'covariance_type': 'full'}",0.816,0.7825961170339354,"{'bootstrap': True, 'ccp_alpha': 0.0, 'class_weight': None, 'criterion': 'gini', 'max_depth': None, 'max_features': 'sqrt', 'max_leaf_nodes': None, 'max_samples': None, 'min_impurity_decrease': 0.0, 'min_samples_leaf': 1, 'min_samples_split': 2, 'min_weight_fraction_leaf': 0.0, 'monotonic_cst': None, 'n_estimators': 100, 'n_jobs': None, 'oob_score': False, 'random_state': 42, 'verbose': 0, 'warm_start': False}",0.8756310939788818
Coffee,8,10,1,5,LinearSVC,HMM_GMM,8,"{'n_components': 1, 'n_mix': 3, 'covariance_type': 'full'}",0.558,0.5438128021177105,"{'C': 1.0, 'class_weight': None, 'dual': False, 'fit_intercept': True, 'intercept_scaling': 1, 'loss': 'squared_hinge', 'max_iter': 100, 'multi_class': 'ovr', 'penalty': 'l2', 'random_state': 42, 'tol': 0.0001, 'verbose': 0}",0.05462503433227539
Coffee,8,10,1,5,LogisticRegression,HMM_GMM,8,"{'n_components': 1, 'n_mix': 3, 'covariance_type': 'full'}",0.632,0.5758498560835464,"{'C': 1.0, 'class_weight': None, 'dual': False, 'fit_intercept': True, 'intercept_scaling': 1, 'l1_ratio': None, 'max_iter': 100, 'multi_class': 'deprecated', 'n_jobs': None, 'penalty': 'l2', 'random_state': 42, 'solver': 'lbfgs', 'tol': 0.0001, 'verbose': 0, 'warm_start': False}",0.19861268997192383
Coffee,8,10,1,5,KNN,HMM_GMM,9,"{'n_components': 5, 'n_mix': 1, 'covariance_type': 'diag'}",0.766,0.7100401428415011,"{'algorithm': 'auto', 'leaf_size': 30, 'metric': 'minkowski', 'metric_params': None, 'n_jobs': None, 'n_neighbors': 5, 'p': 2, 'weights': 'uniform'}",0.03770160675048828
Coffee,8,10,1,5,RandomForest,HMM_GMM,9,"{'n_components': 5, 'n_mix': 1, 'covariance_type': 'diag'}",0.822,0.8228394536356276,"{'bootstrap': True, 'ccp_alpha': 0.0, 'class_weight': None, 'criterion': 'gini', 'max_depth': None, 'max_features': 'sqrt', 'max_leaf_nodes': None, 'max_samples': None, 'min_impurity_decrease': 0.0, 'min_samples_leaf': 1, 'min_samples_split': 2, 'min_weight_fraction_leaf': 0.0, 'monotonic_cst': None, 'n_estimators': 100, 'n_jobs': None, 'oob_score': False, 'random_state': 42, 'verbose': 0, 'warm_start': False}",0.9085822105407715
Coffee,8,10,1,5,LinearSVC,HMM_GMM,9,"{'n_components': 5, 'n_mix': 1, 'covariance_type': 'diag'}",0.446,0.37084492799107294,"{'C': 1.0, 'class_weight': None, 'dual': False, 'fit_intercept': True, 'intercept_scaling': 1, 'loss': 'squared_hinge', 'max_iter': 100, 'multi_class': 'ovr', 'penalty': 'l2', 'random_state': 42, 'tol': 0.0001, 'verbose': 0}",0.040764808654785156
Coffee,8,10,1,5,LogisticRegression,HMM_GMM,9,"{'n_components': 5, 'n_mix': 1, 'covariance_type': 'diag'}",0.496,0.4825839035516455,"{'C': 1.0, 'class_weight': None, 'dual': False, 'fit_intercept': True, 'intercept_scaling': 1, 'l1_ratio': None, 'max_iter': 100, 'multi_class': 'deprecated', 'n_jobs': None, 'penalty': 'l2', 'random_state': 42, 'solver': 'lbfgs', 'tol': 0.0001, 'verbose': 0, 'warm_start': False}",0.23252081871032715
Coffee,8,10,1,5,KNN,HMM_GMM,10,"{'n_components': 3, 'n_mix': 5, 'covariance_type': 'diag'}",0.748,0.6996474047096456,"{'algorithm': 'auto', 'leaf_size': 30, 'metric': 'minkowski', 'metric_params': None, 'n_jobs': None, 'n_neighbors': 5, 'p': 2, 'weights': 'uniform'}",0.049524784088134766
Coffee,8,10,1,5,RandomForest,HMM_GMM,10,"{'n_components': 3, 'n_mix': 5, 'covariance_type': 'diag'}",0.93,0.9292056042399556,"{'bootstrap': True, 'ccp_alpha': 0.0, 'class_weight': None, 'criterion': 'gini', 'max_depth': None, 'max_features': 'sqrt', 'max_leaf_nodes': None, 'max_samples': None, 'min_impurity_decrease': 0.0, 'min_samples_leaf': 1, 'min_samples_split': 2, 'min_weight_fraction_leaf': 0.0, 'monotonic_cst': None, 'n_estimators': 100, 'n_jobs': None, 'oob_score': False, 'random_state': 42, 'verbose': 0, 'warm_start': False}",0.8536219596862793
Coffee,8,10,1,5,LinearSVC,HMM_GMM,10,"{'n_components': 3, 'n_mix': 5, 'covariance_type': 'diag'}",0.49,0.48642970331647184,"{'C': 1.0, 'class_weight': None, 'dual': False, 'fit_intercept': True, 'intercept_scaling': 1, 'loss': 'squared_hinge', 'max_iter': 100, 'multi_class': 'ovr', 'penalty': 'l2', 'random_state': 42, 'tol': 0.0001, 'verbose': 0}",0.04084157943725586
Coffee,8,10,1,5,LogisticRegression,HMM_GMM,10,"{'n_components': 3, 'n_mix': 5, 'covariance_type': 'diag'}",0.468,0.46406334001270705,"{'C': 1.0, 'class_weight': None, 'dual': False, 'fit_intercept': True, 'intercept_scaling': 1, 'l1_ratio': None, 'max_iter': 100, 'multi_class': 'deprecated', 'n_jobs': None, 'penalty': 'l2', 'random_state': 42, 'solver': 'lbfgs', 'tol': 0.0001, 'verbose': 0, 'warm_start': False}",0.11940479278564453
Coffee,8,10,1,10,KNN,HMM_GMM,1,"{'n_components': 2, 'n_mix': 1, 'covariance_type': 'diag'}",0.736,0.6838525088041317,"{'algorithm': 'auto', 'leaf_size': 30, 'metric': 'minkowski', 'metric_params': None, 'n_jobs': None, 'n_neighbors': 5, 'p': 2, 'weights': 'uniform'}",0.05909419059753418
Coffee,8,10,1,10,RandomForest,HMM_GMM,1,"{'n_components': 2, 'n_mix': 1, 'covariance_type': 'diag'}",0.682,0.6714097458825107,"{'bootstrap': True, 'ccp_alpha': 0.0, 'class_weight': None, 'criterion': 'gini', 'max_depth': None, 'max_features': 'sqrt', 'max_leaf_nodes': None, 'max_samples': None, 'min_impurity_decrease': 0.0, 'min_samples_leaf': 1, 'min_samples_split': 2, 'min_weight_fraction_leaf': 0.0, 'monotonic_cst': None, 'n_estimators': 100, 'n_jobs': None, 'oob_score': False, 'random_state': 42, 'verbose': 0, 'warm_start': False}",1.4306073188781738
Coffee,8,10,1,10,LinearSVC,HMM_GMM,1,"{'n_components': 2, 'n_mix': 1, 'covariance_type': 'diag'}",0.4,0.4000574390786772,"{'C': 1.0, 'class_weight': None, 'dual': False, 'fit_intercept': True, 'intercept_scaling': 1, 'loss': 'squared_hinge', 'max_iter': 100, 'multi_class': 'ovr', 'penalty': 'l2', 'random_state': 42, 'tol': 0.0001, 'verbose': 0}",0.07258844375610352
Coffee,8,10,1,10,LogisticRegression,HMM_GMM,1,"{'n_components': 2, 'n_mix': 1, 'covariance_type': 'diag'}",0.436,0.4342044523862706,"{'C': 1.0, 'class_weight': None, 'dual': False, 'fit_intercept': True, 'intercept_scaling': 1, 'l1_ratio': None, 'max_iter': 100, 'multi_class': 'deprecated', 'n_jobs': None, 'penalty': 'l2', 'random_state': 42, 'solver': 'lbfgs', 'tol': 0.0001, 'verbose': 0, 'warm_start': False}",0.07045602798461914
Coffee,8,10,1,10,KNN,HMM_GMM,2,"{'n_components': 2, 'n_mix': 4, 'covariance_type': 'tied'}",0.708,0.6560693447084905,"{'algorithm': 'auto', 'leaf_size': 30, 'metric': 'minkowski', 'metric_params': None, 'n_jobs': None, 'n_neighbors': 5, 'p': 2, 'weights': 'uniform'}",0.05410122871398926
Coffee,8,10,1,10,RandomForest,HMM_GMM,2,"{'n_components': 2, 'n_mix': 4, 'covariance_type': 'tied'}",0.838,0.832878507380833,"{'bootstrap': True, 'ccp_alpha': 0.0, 'class_weight': None, 'criterion': 'gini', 'max_depth': None, 'max_features': 'sqrt', 'max_leaf_nodes': None, 'max_samples': None, 'min_impurity_decrease': 0.0, 'min_samples_leaf': 1, 'min_samples_split': 2, 'min_weight_fraction_leaf': 0.0, 'monotonic_cst': None, 'n_estimators': 100, 'n_jobs': None, 'oob_score': False, 'random_state': 42, 'verbose': 0, 'warm_start': False}",1.1652603149414062
Coffee,8,10,1,10,LinearSVC,HMM_GMM,2,"{'n_components': 2, 'n_mix': 4, 'covariance_type': 'tied'}",0.564,0.5431794269495217,"{'C': 1.0, 'class_weight': None, 'dual': False, 'fit_intercept': True, 'intercept_scaling': 1, 'loss': 'squared_hinge', 'max_iter': 100, 'multi_class': 'ovr', 'penalty': 'l2', 'random_state': 42, 'tol': 0.0001, 'verbose': 0}",0.10840463638305664
Coffee,8,10,1,10,LogisticRegression,HMM_GMM,2,"{'n_components': 2, 'n_mix': 4, 'covariance_type': 'tied'}",0.56,0.5415901602233568,"{'C': 1.0, 'class_weight': None, 'dual': False, 'fit_intercept': True, 'intercept_scaling': 1, 'l1_ratio': None, 'max_iter': 100, 'multi_class': 'deprecated', 'n_jobs': None, 'penalty': 'l2', 'random_state': 42, 'solver': 'lbfgs', 'tol': 0.0001, 'verbose': 0, 'warm_start': False}",0.3454861640930176
Coffee,8,10,1,10,KNN,HMM_GMM,3,"{'n_components': 1, 'n_mix': 3, 'covariance_type': 'diag'}",0.768,0.7117344286671914,"{'algorithm': 'auto', 'leaf_size': 30, 'metric': 'minkowski', 'metric_params': None, 'n_jobs': None, 'n_neighbors': 5, 'p': 2, 'weights': 'uniform'}",0.06073355674743652
Coffee,8,10,1,10,RandomForest,HMM_GMM,3,"{'n_components': 1, 'n_mix': 3, 'covariance_type': 'diag'}",0.848,0.8444230338399413,"{'bootstrap': True, 'ccp_alpha': 0.0, 'class_weight': None, 'criterion': 'gini', 'max_depth': None, 'max_features': 'sqrt', 'max_leaf_nodes': None, 'max_samples': None, 'min_impurity_decrease': 0.0, 'min_samples_leaf': 1, 'min_samples_split': 2, 'min_weight_fraction_leaf': 0.0, 'monotonic_cst': None, 'n_estimators': 100, 'n_jobs': None, 'oob_score': False, 'random_state': 42, 'verbose': 0, 'warm_start': False}",1.2613525390625
Coffee,8,10,1,10,LinearSVC,HMM_GMM,3,"{'n_components': 1, 'n_mix': 3, 'covariance_type': 'diag'}",0.466,0.48691141646143843,"{'C': 1.0, 'class_weight': None, 'dual': False, 'fit_intercept': True, 'intercept_scaling': 1, 'loss': 'squared_hinge', 'max_iter': 100, 'multi_class': 'ovr', 'penalty': 'l2', 'random_state': 42, 'tol': 0.0001, 'verbose': 0}",0.06458663940429688
Coffee,8,10,1,10,LogisticRegression,HMM_GMM,3,"{'n_components': 1, 'n_mix': 3, 'covariance_type': 'diag'}",0.434,0.43001943772815626,"{'C': 1.0, 'class_weight': None, 'dual': False, 'fit_intercept': True, 'intercept_scaling': 1, 'l1_ratio': None, 'max_iter': 100, 'multi_class': 'deprecated', 'n_jobs': None, 'penalty': 'l2', 'random_state': 42, 'solver': 'lbfgs', 'tol': 0.0001, 'verbose': 0, 'warm_start': False}",0.08767056465148926
Coffee,8,10,1,10,KNN,HMM_GMM,4,"{'n_components': 4, 'n_mix': 3, 'covariance_type': 'diag'}",0.734,0.6893526596242541,"{'algorithm': 'auto', 'leaf_size': 30, 'metric': 'minkowski', 'metric_params': None, 'n_jobs': None, 'n_neighbors': 5, 'p': 2, 'weights': 'uniform'}",0.05608344078063965
Coffee,8,10,1,10,RandomForest,HMM_GMM,4,"{'n_components': 4, 'n_mix': 3, 'covariance_type': 'diag'}",0.836,0.823843194713331,"{'bootstrap': True, 'ccp_alpha': 0.0, 'class_weight': None, 'criterion': 'gini', 'max_depth': None, 'max_features': 'sqrt', 'max_leaf_nodes': None, 'max_samples': None, 'min_impurity_decrease': 0.0, 'min_samples_leaf': 1, 'min_samples_split': 2, 'min_weight_fraction_leaf': 0.0, 'monotonic_cst': None, 'n_estimators': 100, 'n_jobs': None, 'oob_score': False, 'random_state': 42, 'verbose': 0, 'warm_start': False}",1.2258446216583252
Coffee,8,10,1,10,LinearSVC,HMM_GMM,4,"{'n_components': 4, 'n_mix': 3, 'covariance_type': 'diag'}",0.446,0.40432637336602145,"{'C': 1.0, 'class_weight': None, 'dual': False, 'fit_intercept': True, 'intercept_scaling': 1, 'loss': 'squared_hinge', 'max_iter': 100, 'multi_class': 'ovr', 'penalty': 'l2', 'random_state': 42, 'tol': 0.0001, 'verbose': 0}",0.0729215145111084
Coffee,8,10,1,10,LogisticRegression,HMM_GMM,4,"{'n_components': 4, 'n_mix': 3, 'covariance_type': 'diag'}",0.568,0.5147514554411107,"{'C': 1.0, 'class_weight': None, 'dual': False, 'fit_intercept': True, 'intercept_scaling': 1, 'l1_ratio': None, 'max_iter': 100, 'multi_class': 'deprecated', 'n_jobs': None, 'penalty': 'l2', 'random_state': 42, 'solver': 'lbfgs', 'tol': 0.0001, 'verbose': 0, 'warm_start': False}",0.254199743270874
Coffee,8,10,1,10,KNN,HMM_GMM,5,"{'n_components': 1, 'n_mix': 1, 'covariance_type': 'tied'}",0.746,0.7306656974182747,"{'algorithm': 'auto', 'leaf_size': 30, 'metric': 'minkowski', 'metric_params': None, 'n_jobs': None, 'n_neighbors': 5, 'p': 2, 'weights': 'uniform'}",0.05475592613220215
Coffee,8,10,1,10,RandomForest,HMM_GMM,5,"{'n_components': 1, 'n_mix': 1, 'covariance_type': 'tied'}",0.782,0.7504695913389761,"{'bootstrap': True, 'ccp_alpha': 0.0, 'class_weight': None, 'criterion': 'gini', 'max_depth': None, 'max_features': 'sqrt', 'max_leaf_nodes': None, 'max_samples': None, 'min_impurity_decrease': 0.0, 'min_samples_leaf': 1, 'min_samples_split': 2, 'min_weight_fraction_leaf': 0.0, 'monotonic_cst': None, 'n_estimators': 100, 'n_jobs': None, 'oob_score': False, 'random_state': 42, 'verbose': 0, 'warm_start': False}",1.3302230834960938
Coffee,8,10,1,10,LinearSVC,HMM_GMM,5,"{'n_components': 1, 'n_mix': 1, 'covariance_type': 'tied'}",0.596,0.5637104428548279,"{'C': 1.0, 'class_weight': None, 'dual': False, 'fit_intercept': True, 'intercept_scaling': 1, 'loss': 'squared_hinge', 'max_iter': 100, 'multi_class': 'ovr', 'penalty': 'l2', 'random_state': 42, 'tol': 0.0001, 'verbose': 0}",0.11806964874267578
Coffee,8,10,1,10,LogisticRegression,HMM_GMM,5,"{'n_components': 1, 'n_mix': 1, 'covariance_type': 'tied'}",0.7,0.6273312252170858,"{'C': 1.0, 'class_weight': None, 'dual': False, 'fit_intercept': True, 'intercept_scaling': 1, 'l1_ratio': None, 'max_iter': 100, 'multi_class': 'deprecated', 'n_jobs': None, 'penalty': 'l2', 'random_state': 42, 'solver': 'lbfgs', 'tol': 0.0001, 'verbose': 0, 'warm_start': False}",0.5718405246734619
Coffee,8,10,1,10,KNN,HMM_GMM,6,"{'n_components': 4, 'n_mix': 3, 'covariance_type': 'diag'}",0.734,0.6893526596242541,"{'algorithm': 'auto', 'leaf_size': 30, 'metric': 'minkowski', 'metric_params': None, 'n_jobs': None, 'n_neighbors': 5, 'p': 2, 'weights': 'uniform'}",0.05734395980834961
Coffee,8,10,1,10,RandomForest,HMM_GMM,6,"{'n_components': 4, 'n_mix': 3, 'covariance_type': 'diag'}",0.84,0.8287650827140935,"{'bootstrap': True, 'ccp_alpha': 0.0, 'class_weight': None, 'criterion': 'gini', 'max_depth': None, 'max_features': 'sqrt', 'max_leaf_nodes': None, 'max_samples': None, 'min_impurity_decrease': 0.0, 'min_samples_leaf': 1, 'min_samples_split': 2, 'min_weight_fraction_leaf': 0.0, 'monotonic_cst': None, 'n_estimators': 100, 'n_jobs': None, 'oob_score': False, 'random_state': 42, 'verbose': 0, 'warm_start': False}",1.2311463356018066
Coffee,8,10,1,10,LinearSVC,HMM_GMM,6,"{'n_components': 4, 'n_mix': 3, 'covariance_type': 'diag'}",0.446,0.40432637336602145,"{'C': 1.0, 'class_weight': None, 'dual': False, 'fit_intercept': True, 'intercept_scaling': 1, 'loss': 'squared_hinge', 'max_iter': 100, 'multi_class': 'ovr', 'penalty': 'l2', 'random_state': 42, 'tol': 0.0001, 'verbose': 0}",0.0743710994720459
Coffee,8,10,1,10,LogisticRegression,HMM_GMM,6,"{'n_components': 4, 'n_mix': 3, 'covariance_type': 'diag'}",0.568,0.5147514554411107,"{'C': 1.0, 'class_weight': None, 'dual': False, 'fit_intercept': True, 'intercept_scaling': 1, 'l1_ratio': None, 'max_iter': 100, 'multi_class': 'deprecated', 'n_jobs': None, 'penalty': 'l2', 'random_state': 42, 'solver': 'lbfgs', 'tol': 0.0001, 'verbose': 0, 'warm_start': False}",0.2873845100402832
Coffee,8,10,1,10,KNN,HMM_GMM,7,"{'n_components': 2, 'n_mix': 5, 'covariance_type': 'diag'}",0.772,0.7372078491258992,"{'algorithm': 'auto', 'leaf_size': 30, 'metric': 'minkowski', 'metric_params': None, 'n_jobs': None, 'n_neighbors': 5, 'p': 2, 'weights': 'uniform'}",0.055507659912109375
Coffee,8,10,1,10,RandomForest,HMM_GMM,7,"{'n_components': 2, 'n_mix': 5, 'covariance_type': 'diag'}",0.872,0.8716931703552672,"{'bootstrap': True, 'ccp_alpha': 0.0, 'class_weight': None, 'criterion': 'gini', 'max_depth': None, 'max_features': 'sqrt', 'max_leaf_nodes': None, 'max_samples': None, 'min_impurity_decrease': 0.0, 'min_samples_leaf': 1, 'min_samples_split': 2, 'min_weight_fraction_leaf': 0.0, 'monotonic_cst': None, 'n_estimators': 100, 'n_jobs': None, 'oob_score': False, 'random_state': 42, 'verbose': 0, 'warm_start': False}",1.18867826461792
Coffee,8,10,1,10,LinearSVC,HMM_GMM,7,"{'n_components': 2, 'n_mix': 5, 'covariance_type': 'diag'}",0.54,0.529208479358054,"{'C': 1.0, 'class_weight': None, 'dual': False, 'fit_intercept': True, 'intercept_scaling': 1, 'loss': 'squared_hinge', 'max_iter': 100, 'multi_class': 'ovr', 'penalty': 'l2', 'random_state': 42, 'tol': 0.0001, 'verbose': 0}",0.07724308967590332
Coffee,8,10,1,10,LogisticRegression,HMM_GMM,7,"{'n_components': 2, 'n_mix': 5, 'covariance_type': 'diag'}",0.426,0.43119627419481465,"{'C': 1.0, 'class_weight': None, 'dual': False, 'fit_intercept': True, 'intercept_scaling': 1, 'l1_ratio': None, 'max_iter': 100, 'multi_class': 'deprecated', 'n_jobs': None, 'penalty': 'l2', 'random_state': 42, 'solver': 'lbfgs', 'tol': 0.0001, 'verbose': 0, 'warm_start': False}",0.18135499954223633
Coffee,8,10,1,10,KNN,HMM_GMM,8,"{'n_components': 1, 'n_mix': 3, 'covariance_type': 'full'}",0.738,0.6917194489625873,"{'algorithm': 'auto', 'leaf_size': 30, 'metric': 'minkowski', 'metric_params': None, 'n_jobs': None, 'n_neighbors': 5, 'p': 2, 'weights': 'uniform'}",0.05538654327392578
Coffee,8,10,1,10,RandomForest,HMM_GMM,8,"{'n_components': 1, 'n_mix': 3, 'covariance_type': 'full'}",0.786,0.726982759360819,"{'bootstrap': True, 'ccp_alpha': 0.0, 'class_weight': None, 'criterion': 'gini', 'max_depth': None, 'max_features': 'sqrt', 'max_leaf_nodes': None, 'max_samples': None, 'min_impurity_decrease': 0.0, 'min_samples_leaf': 1, 'min_samples_split': 2, 'min_weight_fraction_leaf': 0.0, 'monotonic_cst': None, 'n_estimators': 100, 'n_jobs': None, 'oob_score': False, 'random_state': 42, 'verbose': 0, 'warm_start': False}",1.2047688961029053
Coffee,8,10,1,10,LinearSVC,HMM_GMM,8,"{'n_components': 1, 'n_mix': 3, 'covariance_type': 'full'}",0.532,0.525600372427094,"{'C': 1.0, 'class_weight': None, 'dual': False, 'fit_intercept': True, 'intercept_scaling': 1, 'loss': 'squared_hinge', 'max_iter': 100, 'multi_class': 'ovr', 'penalty': 'l2', 'random_state': 42, 'tol': 0.0001, 'verbose': 0}",0.11068081855773926
Coffee,8,10,1,10,LogisticRegression,HMM_GMM,8,"{'n_components': 1, 'n_mix': 3, 'covariance_type': 'full'}",0.616,0.5669495266591454,"{'C': 1.0, 'class_weight': None, 'dual': False, 'fit_intercept': True, 'intercept_scaling': 1, 'l1_ratio': None, 'max_iter': 100, 'multi_class': 'deprecated', 'n_jobs': None, 'penalty': 'l2', 'random_state': 42, 'solver': 'lbfgs', 'tol': 0.0001, 'verbose': 0, 'warm_start': False}",0.36187314987182617
Coffee,8,10,1,10,KNN,HMM_GMM,9,"{'n_components': 5, 'n_mix': 1, 'covariance_type': 'diag'}",0.766,0.7100401428415011,"{'algorithm': 'auto', 'leaf_size': 30, 'metric': 'minkowski', 'metric_params': None, 'n_jobs': None, 'n_neighbors': 5, 'p': 2, 'weights': 'uniform'}",0.05701851844787598
Coffee,8,10,1,10,RandomForest,HMM_GMM,9,"{'n_components': 5, 'n_mix': 1, 'covariance_type': 'diag'}",0.78,0.7784372463074554,"{'bootstrap': True, 'ccp_alpha': 0.0, 'class_weight': None, 'criterion': 'gini', 'max_depth': None, 'max_features': 'sqrt', 'max_leaf_nodes': None, 'max_samples': None, 'min_impurity_decrease': 0.0, 'min_samples_leaf': 1, 'min_samples_split': 2, 'min_weight_fraction_leaf': 0.0, 'monotonic_cst': None, 'n_estimators': 100, 'n_jobs': None, 'oob_score': False, 'random_state': 42, 'verbose': 0, 'warm_start': False}",1.2739684581756592
Coffee,8,10,1,10,LinearSVC,HMM_GMM,9,"{'n_components': 5, 'n_mix': 1, 'covariance_type': 'diag'}",0.368,0.2724386724386724,"{'C': 1.0, 'class_weight': None, 'dual': False, 'fit_intercept': True, 'intercept_scaling': 1, 'loss': 'squared_hinge', 'max_iter': 100, 'multi_class': 'ovr', 'penalty': 'l2', 'random_state': 42, 'tol': 0.0001, 'verbose': 0}",0.08315420150756836
Coffee,8,10,1,10,LogisticRegression,HMM_GMM,9,"{'n_components': 5, 'n_mix': 1, 'covariance_type': 'diag'}",0.458,0.4498982784504651,"{'C': 1.0, 'class_weight': None, 'dual': False, 'fit_intercept': True, 'intercept_scaling': 1, 'l1_ratio': None, 'max_iter': 100, 'multi_class': 'deprecated', 'n_jobs': None, 'penalty': 'l2', 'random_state': 42, 'solver': 'lbfgs', 'tol': 0.0001, 'verbose': 0, 'warm_start': False}",0.3723907470703125
Coffee,8,10,1,10,KNN,HMM_GMM,10,"{'n_components': 3, 'n_mix': 5, 'covariance_type': 'diag'}",0.748,0.6996474047096456,"{'algorithm': 'auto', 'leaf_size': 30, 'metric': 'minkowski', 'metric_params': None, 'n_jobs': None, 'n_neighbors': 5, 'p': 2, 'weights': 'uniform'}",0.06446194648742676
Coffee,8,10,1,10,RandomForest,HMM_GMM,10,"{'n_components': 3, 'n_mix': 5, 'covariance_type': 'diag'}",0.902,0.9003024988833777,"{'bootstrap': True, 'ccp_alpha': 0.0, 'class_weight': None, 'criterion': 'gini', 'max_depth': None, 'max_features': 'sqrt', 'max_leaf_nodes': None, 'max_samples': None, 'min_impurity_decrease': 0.0, 'min_samples_leaf': 1, 'min_samples_split': 2, 'min_weight_fraction_leaf': 0.0, 'monotonic_cst': None, 'n_estimators': 100, 'n_jobs': None, 'oob_score': False, 'random_state': 42, 'verbose': 0, 'warm_start': False}",1.200420618057251
Coffee,8,10,1,10,LinearSVC,HMM_GMM,10,"{'n_components': 3, 'n_mix': 5, 'covariance_type': 'diag'}",0.49,0.48970723104056435,"{'C': 1.0, 'class_weight': None, 'dual': False, 'fit_intercept': True, 'intercept_scaling': 1, 'loss': 'squared_hinge', 'max_iter': 100, 'multi_class': 'ovr', 'penalty': 'l2', 'random_state': 42, 'tol': 0.0001, 'verbose': 0}",0.07729101181030273
Coffee,8,10,1,10,LogisticRegression,HMM_GMM,10,"{'n_components': 3, 'n_mix': 5, 'covariance_type': 'diag'}",0.456,0.4569740158164595,"{'C': 1.0, 'class_weight': None, 'dual': False, 'fit_intercept': True, 'intercept_scaling': 1, 'l1_ratio': None, 'max_iter': 100, 'multi_class': 'deprecated', 'n_jobs': None, 'penalty': 'l2', 'random_state': 42, 'solver': 'lbfgs', 'tol': 0.0001, 'verbose': 0, 'warm_start': False}",0.25476694107055664
Coffee,8,10,2,1,KNN,Baseline,N/A,N/A,0.64,0.6175645846336524,"{'algorithm': 'auto', 'leaf_size': 30, 'metric': 'minkowski', 'metric_params': None, 'n_jobs': None, 'n_neighbors': 5, 'p': 2, 'weights': 'uniform'}",0.028092145919799805
Coffee,8,10,2,1,KNN,Tuned_Baseline,N/A,N/A,0.658,0.6478639970179456,"{'algorithm': 'auto', 'leaf_size': 30, 'metric': 'minkowski', 'metric_params': None, 'n_jobs': None, 'n_neighbors': np.int64(15), 'p': 4, 'weights': 'distance'}",0.026752948760986328
Coffee,8,10,2,1,RandomForest,Baseline,N/A,N/A,0.64,0.6448033804424004,"{'bootstrap': True, 'ccp_alpha': 0.0, 'class_weight': None, 'criterion': 'gini', 'max_depth': None, 'max_features': 'sqrt', 'max_leaf_nodes': None, 'max_samples': None, 'min_impurity_decrease': 0.0, 'min_samples_leaf': 1, 'min_samples_split': 2, 'min_weight_fraction_leaf': 0.0, 'monotonic_cst': None, 'n_estimators': 100, 'n_jobs': None, 'oob_score': False, 'random_state': 42, 'verbose': 0, 'warm_start': False}",0.4267916679382324
Coffee,8,10,2,1,RandomForest,Tuned_Baseline,N/A,N/A,0.644,0.6475207115116982,"{'bootstrap': True, 'ccp_alpha': 0.0, 'class_weight': 'balanced', 'criterion': 'gini', 'max_depth': 20, 'max_features': 'sqrt', 'max_leaf_nodes': None, 'max_samples': None, 'min_impurity_decrease': 0.0, 'min_samples_leaf': 1, 'min_samples_split': 2, 'min_weight_fraction_leaf': 0.0, 'monotonic_cst': None, 'n_estimators': 50, 'n_jobs': None, 'oob_score': False, 'random_state': 42, 'verbose': 0, 'warm_start': False}",0.003260374069213867
Coffee,8,10,2,1,LinearSVC,Baseline,N/A,N/A,0.602,0.6022731246721454,"{'C': 1.0, 'class_weight': None, 'dual': False, 'fit_intercept': True, 'intercept_scaling': 1, 'loss': 'squared_hinge', 'max_iter': 100, 'multi_class': 'ovr', 'penalty': 'l2', 'random_state': 42, 'tol': 0.0001, 'verbose': 0}",0.009568214416503906
Coffee,8,10,2,1,LinearSVC,Tuned_Baseline,N/A,N/A,0.596,0.5958995396477891,"{'C': np.float64(2.6366508987303554), 'class_weight': 'balanced', 'dual': False, 'fit_intercept': True, 'intercept_scaling': 1, 'loss': 'squared_hinge', 'max_iter': 100, 'multi_class': 'ovr', 'penalty': 'l1', 'random_state': 42, 'tol': 0.0001, 'verbose': 0}",0.00035452842712402344
Coffee,8,10,2,1,LogisticRegression,Baseline,N/A,N/A,0.598,0.5987527728733758,"{'C': 1.0, 'class_weight': None, 'dual': False, 'fit_intercept': True, 'intercept_scaling': 1, 'l1_ratio': None, 'max_iter': 100, 'multi_class': 'deprecated', 'n_jobs': None, 'penalty': 'l2', 'random_state': 42, 'solver': 'lbfgs', 'tol': 0.0001, 'verbose': 0, 'warm_start': False}",0.6823627948760986
Coffee,8,10,2,1,LogisticRegression,Tuned_Baseline,N/A,N/A,0.606,0.6066284071939371,"{'C': np.float64(6.1584821106602545), 'class_weight': None, 'dual': False, 'fit_intercept': True, 'intercept_scaling': 1, 'l1_ratio': None, 'max_iter': 100, 'multi_class': 'deprecated', 'n_jobs': None, 'penalty': 'l2', 'random_state': 42, 'solver': 'lbfgs', 'tol': 0.0001, 'verbose': 0, 'warm_start': False}",0.00029349327087402344
Coffee,8,10,2,1,RNN,Tuned_Baseline,N/A,N/A,0.2,0.06666666666666667,"{'hidden_size': 64, 'epochs': 10, 'batch_size': 32, 'lr': 0.001}",3.0279159545898438e-05
Coffee,8,10,2,2,KNN,HMM_GMM,1,"{'n_components': 2, 'n_mix': 1, 'covariance_type': 'diag'}",0.638,0.622932270048877,"{'algorithm': 'auto', 'leaf_size': 30, 'metric': 'euclidean', 'metric_params': None, 'n_jobs': None, 'n_neighbors': np.int64(9), 'p': 2, 'weights': 'distance'}",0.01638484001159668
Coffee,8,10,2,2,RandomForest,HMM_GMM,1,"{'n_components': 2, 'n_mix': 1, 'covariance_type': 'diag'}",0.594,0.5932950186280169,"{'bootstrap': True, 'ccp_alpha': 0.0, 'class_weight': 'balanced', 'criterion': 'gini', 'max_depth': 30, 'max_features': 'sqrt', 'max_leaf_nodes': None, 'max_samples': None, 'min_impurity_decrease': 0.0, 'min_samples_leaf': 1, 'min_samples_split': 2, 'min_weight_fraction_leaf': 0.0, 'monotonic_cst': None, 'n_estimators': 150, 'n_jobs': None, 'oob_score': False, 'random_state': 42, 'verbose': 0, 'warm_start': False}",0.987144947052002
Coffee,8,10,2,2,LinearSVC,HMM_GMM,1,"{'n_components': 2, 'n_mix': 1, 'covariance_type': 'diag'}",0.568,0.5663321972139037,"{'C': np.float64(33.59818286283781), 'class_weight': None, 'dual': False, 'fit_intercept': True, 'intercept_scaling': 1, 'loss': 'squared_hinge', 'max_iter': 100, 'multi_class': 'ovr', 'penalty': 'l1', 'random_state': 42, 'tol': 0.001, 'verbose': 0}",0.026803970336914062
Coffee,8,10,2,2,LogisticRegression,HMM_GMM,1,"{'n_components': 2, 'n_mix': 1, 'covariance_type': 'diag'}",0.476,0.49489973101584495,"{'C': np.float64(33.59818286283781), 'class_weight': None, 'dual': False, 'fit_intercept': True, 'intercept_scaling': 1, 'l1_ratio': None, 'max_iter': 100, 'multi_class': 'deprecated', 'n_jobs': None, 'penalty': 'l2', 'random_state': 42, 'solver': 'saga', 'tol': 0.0001, 'verbose': 0, 'warm_start': False}",0.03625154495239258
Coffee,8,10,2,2,KNN,HMM_GMM,2,"{'n_components': 2, 'n_mix': 4, 'covariance_type': 'tied'}",0.64,0.6277524972264166,"{'algorithm': 'auto', 'leaf_size': 30, 'metric': 'euclidean', 'metric_params': None, 'n_jobs': None, 'n_neighbors': np.int64(9), 'p': 2, 'weights': 'distance'}",0.011716604232788086
Coffee,8,10,2,2,RandomForest,HMM_GMM,2,"{'n_components': 2, 'n_mix': 4, 'covariance_type': 'tied'}",0.644,0.6485405890933789,"{'bootstrap': True, 'ccp_alpha': 0.0, 'class_weight': 'balanced', 'criterion': 'gini', 'max_depth': None, 'max_features': 'sqrt', 'max_leaf_nodes': None, 'max_samples': None, 'min_impurity_decrease': 0.0, 'min_samples_leaf': 1, 'min_samples_split': 2, 'min_weight_fraction_leaf': 0.0, 'monotonic_cst': None, 'n_estimators': 50, 'n_jobs': None, 'oob_score': False, 'random_state': 42, 'verbose': 0, 'warm_start': False}",0.3118114471435547
Coffee,8,10,2,2,LinearSVC,HMM_GMM,2,"{'n_components': 2, 'n_mix': 4, 'covariance_type': 'tied'}",0.584,0.584575682382134,"{'C': np.float64(0.08858667904100823), 'class_weight': 'balanced', 'dual': False, 'fit_intercept': False, 'intercept_scaling': 1, 'loss': 'squared_hinge', 'max_iter': 100, 'multi_class': 'ovr', 'penalty': 'l1', 'random_state': 42, 'tol': 0.0001, 'verbose': 0}",0.03575587272644043
Coffee,8,10,2,2,LogisticRegression,HMM_GMM,2,"{'n_components': 2, 'n_mix': 4, 'covariance_type': 'tied'}",0.598,0.5990629174135413,"{'C': np.float64(33.59818286283781), 'class_weight': 'balanced', 'dual': False, 'fit_intercept': True, 'intercept_scaling': 1, 'l1_ratio': None, 'max_iter': 100, 'multi_class': 'deprecated', 'n_jobs': None, 'penalty': 'l1', 'random_state': 42, 'solver': 'saga', 'tol': 0.0001, 'verbose': 0, 'warm_start': False}",0.19014239311218262
Coffee,8,10,2,2,KNN,HMM_GMM,3,"{'n_components': 1, 'n_mix': 3, 'covariance_type': 'diag'}",0.586,0.5702463845870036,"{'algorithm': 'auto', 'leaf_size': 30, 'metric': 'euclidean', 'metric_params': None, 'n_jobs': None, 'n_neighbors': np.int64(9), 'p': 2, 'weights': 'distance'}",0.012790203094482422
Coffee,8,10,2,2,RandomForest,HMM_GMM,3,"{'n_components': 1, 'n_mix': 3, 'covariance_type': 'diag'}",0.634,0.6290946172643815,"{'bootstrap': True, 'ccp_alpha': 0.0, 'class_weight': None, 'criterion': 'gini', 'max_depth': 20, 'max_features': 'sqrt', 'max_leaf_nodes': None, 'max_samples': None, 'min_impurity_decrease': 0.0, 'min_samples_leaf': 1, 'min_samples_split': 2, 'min_weight_fraction_leaf': 0.0, 'monotonic_cst': None, 'n_estimators': 100, 'n_jobs': None, 'oob_score': False, 'random_state': 42, 'verbose': 0, 'warm_start': False}",0.6095507144927979
Coffee,8,10,2,2,LinearSVC,HMM_GMM,3,"{'n_components': 1, 'n_mix': 3, 'covariance_type': 'diag'}",0.594,0.5890254564939434,"{'C': np.float64(33.59818286283781), 'class_weight': 'balanced', 'dual': False, 'fit_intercept': True, 'intercept_scaling': 1, 'loss': 'squared_hinge', 'max_iter': 100, 'multi_class': 'ovr', 'penalty': 'l1', 'random_state': 42, 'tol': 0.001, 'verbose': 0}",0.036638498306274414
Coffee,8,10,2,2,LogisticRegression,HMM_GMM,3,"{'n_components': 1, 'n_mix': 3, 'covariance_type': 'diag'}",0.592,0.5924442864127295,"{'C': np.float64(33.59818286283781), 'class_weight': None, 'dual': False, 'fit_intercept': True, 'intercept_scaling': 1, 'l1_ratio': None, 'max_iter': 100, 'multi_class': 'deprecated', 'n_jobs': None, 'penalty': 'l2', 'random_state': 42, 'solver': 'saga', 'tol': 0.0001, 'verbose': 0, 'warm_start': False}",0.040550947189331055
Coffee,8,10,2,2,KNN,HMM_GMM,4,"{'n_components': 4, 'n_mix': 3, 'covariance_type': 'diag'}",0.636,0.6228502661510208,"{'algorithm': 'auto', 'leaf_size': 30, 'metric': 'euclidean', 'metric_params': None, 'n_jobs': None, 'n_neighbors': np.int64(9), 'p': 2, 'weights': 'distance'}",0.011220693588256836
Coffee,8,10,2,2,RandomForest,HMM_GMM,4,"{'n_components': 4, 'n_mix': 3, 'covariance_type': 'diag'}",0.666,0.6727155271355959,"{'bootstrap': True, 'ccp_alpha': 0.0, 'class_weight': 'balanced', 'criterion': 'gini', 'max_depth': None, 'max_features': 'sqrt', 'max_leaf_nodes': None, 'max_samples': None, 'min_impurity_decrease': 0.0, 'min_samples_leaf': 1, 'min_samples_split': 2, 'min_weight_fraction_leaf': 0.0, 'monotonic_cst': None, 'n_estimators': 50, 'n_jobs': None, 'oob_score': False, 'random_state': 42, 'verbose': 0, 'warm_start': False}",0.30100035667419434
Coffee,8,10,2,2,LinearSVC,HMM_GMM,4,"{'n_components': 4, 'n_mix': 3, 'covariance_type': 'diag'}",0.588,0.5879303339510084,"{'C': np.float64(2.6366508987303554), 'class_weight': 'balanced', 'dual': False, 'fit_intercept': True, 'intercept_scaling': 1, 'loss': 'squared_hinge', 'max_iter': 100, 'multi_class': 'ovr', 'penalty': 'l1', 'random_state': 42, 'tol': 0.0001, 'verbose': 0}",0.04436373710632324
Coffee,8,10,2,2,LogisticRegression,HMM_GMM,4,"{'n_components': 4, 'n_mix': 3, 'covariance_type': 'diag'}",0.592,0.5925856647728313,"{'C': np.float64(33.59818286283781), 'class_weight': 'balanced', 'dual': False, 'fit_intercept': True, 'intercept_scaling': 1, 'l1_ratio': None, 'max_iter': 100, 'multi_class': 'deprecated', 'n_jobs': None, 'penalty': 'l2', 'random_state': 42, 'solver': 'saga', 'tol': 0.0001, 'verbose': 0, 'warm_start': False}",0.13521838188171387
Coffee,8,10,2,2,KNN,HMM_GMM,5,"{'n_components': 1, 'n_mix': 1, 'covariance_type': 'tied'}",0.742,0.7494177692713101,"{'algorithm': 'auto', 'leaf_size': 30, 'metric': 'euclidean', 'metric_params': None, 'n_jobs': None, 'n_neighbors': np.int64(9), 'p': 2, 'weights': 'distance'}",0.01073598861694336
Coffee,8,10,2,2,RandomForest,HMM_GMM,5,"{'n_components': 1, 'n_mix': 1, 'covariance_type': 'tied'}",0.644,0.6429420331048648,"{'bootstrap': True, 'ccp_alpha': 0.0, 'class_weight': None, 'criterion': 'gini', 'max_depth': None, 'max_features': 'sqrt', 'max_leaf_nodes': None, 'max_samples': None, 'min_impurity_decrease': 0.0, 'min_samples_leaf': 4, 'min_samples_split': 2, 'min_weight_fraction_leaf': 0.0, 'monotonic_cst': None, 'n_estimators': 50, 'n_jobs': None, 'oob_score': False, 'random_state': 42, 'verbose': 0, 'warm_start': False}",0.3042633533477783
Coffee,8,10,2,2,LinearSVC,HMM_GMM,5,"{'n_components': 1, 'n_mix': 1, 'covariance_type': 'tied'}",0.586,0.5875388586807271,"{'C': np.float64(33.59818286283781), 'class_weight': 'balanced', 'dual': False, 'fit_intercept': True, 'intercept_scaling': 1, 'loss': 'squared_hinge', 'max_iter': 100, 'multi_class': 'ovr', 'penalty': 'l1', 'random_state': 42, 'tol': 0.001, 'verbose': 0}",0.04539179801940918
Coffee,8,10,2,2,LogisticRegression,HMM_GMM,5,"{'n_components': 1, 'n_mix': 1, 'covariance_type': 'tied'}",0.596,0.5991921320688445,"{'C': np.float64(33.59818286283781), 'class_weight': 'balanced', 'dual': False, 'fit_intercept': True, 'intercept_scaling': 1, 'l1_ratio': None, 'max_iter': 100, 'multi_class': 'deprecated', 'n_jobs': None, 'penalty': 'l2', 'random_state': 42, 'solver': 'saga', 'tol': 0.0001, 'verbose': 0, 'warm_start': False}",0.14269113540649414
Coffee,8,10,2,2,KNN,HMM_GMM,6,"{'n_components': 4, 'n_mix': 3, 'covariance_type': 'diag'}",0.636,0.6228502661510208,"{'algorithm': 'auto', 'leaf_size': 30, 'metric': 'euclidean', 'metric_params': None, 'n_jobs': None, 'n_neighbors': np.int64(9), 'p': 2, 'weights': 'distance'}",0.011873006820678711
Coffee,8,10,2,2,RandomForest,HMM_GMM,6,"{'n_components': 4, 'n_mix': 3, 'covariance_type': 'diag'}",0.624,0.6276967638894093,"{'bootstrap': True, 'ccp_alpha': 0.0, 'class_weight': 'balanced', 'criterion': 'gini', 'max_depth': None, 'max_features': 'sqrt', 'max_leaf_nodes': None, 'max_samples': None, 'min_impurity_decrease': 0.0, 'min_samples_leaf': 1, 'min_samples_split': 2, 'min_weight_fraction_leaf': 0.0, 'monotonic_cst': None, 'n_estimators': 50, 'n_jobs': None, 'oob_score': False, 'random_state': 42, 'verbose': 0, 'warm_start': False}",0.3420701026916504
Coffee,8,10,2,2,LinearSVC,HMM_GMM,6,"{'n_components': 4, 'n_mix': 3, 'covariance_type': 'diag'}",0.586,0.585714020086754,"{'C': np.float64(2.6366508987303554), 'class_weight': 'balanced', 'dual': False, 'fit_intercept': True, 'intercept_scaling': 1, 'loss': 'squared_hinge', 'max_iter': 100, 'multi_class': 'ovr', 'penalty': 'l1', 'random_state': 42, 'tol': 0.0001, 'verbose': 0}",0.05075573921203613
Coffee,8,10,2,2,LogisticRegression,HMM_GMM,6,"{'n_components': 4, 'n_mix': 3, 'covariance_type': 'diag'}",0.592,0.5925856647728313,"{'C': np.float64(33.59818286283781), 'class_weight': 'balanced', 'dual': False, 'fit_intercept': True, 'intercept_scaling': 1, 'l1_ratio': None, 'max_iter': 100, 'multi_class': 'deprecated', 'n_jobs': None, 'penalty': 'l2', 'random_state': 42, 'solver': 'saga', 'tol': 0.0001, 'verbose': 0, 'warm_start': False}",0.15410900115966797
Coffee,8,10,2,2,KNN,HMM_GMM,7,"{'n_components': 2, 'n_mix': 5, 'covariance_type': 'diag'}",0.708,0.7081504040968027,"{'algorithm': 'auto', 'leaf_size': 30, 'metric': 'chebyshev', 'metric_params': None, 'n_jobs': None, 'n_neighbors': np.int64(5), 'p': 2, 'weights': 'uniform'}",0.025720834732055664
Coffee,8,10,2,2,RandomForest,HMM_GMM,7,"{'n_components': 2, 'n_mix': 5, 'covariance_type': 'diag'}",0.644,0.6481345878952577,"{'bootstrap': True, 'ccp_alpha': 0.0, 'class_weight': 'balanced', 'criterion': 'gini', 'max_depth': None, 'max_features': 'sqrt', 'max_leaf_nodes': None, 'max_samples': None, 'min_impurity_decrease': 0.0, 'min_samples_leaf': 1, 'min_samples_split': 2, 'min_weight_fraction_leaf': 0.0, 'monotonic_cst': None, 'n_estimators': 50, 'n_jobs': None, 'oob_score': False, 'random_state': 42, 'verbose': 0, 'warm_start': False}",0.3571782112121582
Coffee,8,10,2,2,LinearSVC,HMM_GMM,7,"{'n_components': 2, 'n_mix': 5, 'covariance_type': 'diag'}",0.582,0.5781694915254236,"{'C': np.float64(0.08858667904100823), 'class_weight': None, 'dual': False, 'fit_intercept': True, 'intercept_scaling': 1, 'loss': 'squared_hinge', 'max_iter': 100, 'multi_class': 'ovr', 'penalty': 'l1', 'random_state': 42, 'tol': 0.0001, 'verbose': 0}",0.04617619514465332
Coffee,8,10,2,2,LogisticRegression,HMM_GMM,7,"{'n_components': 2, 'n_mix': 5, 'covariance_type': 'diag'}",0.598,0.5975323706867329,"{'C': np.float64(33.59818286283781), 'class_weight': None, 'dual': False, 'fit_intercept': True, 'intercept_scaling': 1, 'l1_ratio': None, 'max_iter': 100, 'multi_class': 'deprecated', 'n_jobs': None, 'penalty': 'l2', 'random_state': 42, 'solver': 'saga', 'tol': 0.0001, 'verbose': 0, 'warm_start': False}",0.12846899032592773
Coffee,8,10,2,2,KNN,HMM_GMM,8,"{'n_components': 1, 'n_mix': 3, 'covariance_type': 'full'}",0.666,0.6746432109674138,"{'algorithm': 'auto', 'leaf_size': 30, 'metric': 'euclidean', 'metric_params': None, 'n_jobs': None, 'n_neighbors': np.int64(9), 'p': 2, 'weights': 'distance'}",0.011711359024047852
Coffee,8,10,2,2,RandomForest,HMM_GMM,8,"{'n_components': 1, 'n_mix': 3, 'covariance_type': 'full'}",0.544,0.5334542368546483,"{'bootstrap': True, 'ccp_alpha': 0.0, 'class_weight': 'balanced', 'criterion': 'gini', 'max_depth': 30, 'max_features': 'sqrt', 'max_leaf_nodes': None, 'max_samples': None, 'min_impurity_decrease': 0.0, 'min_samples_leaf': 1, 'min_samples_split': 2, 'min_weight_fraction_leaf': 0.0, 'monotonic_cst': None, 'n_estimators': 150, 'n_jobs': None, 'oob_score': False, 'random_state': 42, 'verbose': 0, 'warm_start': False}",0.9602067470550537
Coffee,8,10,2,2,LinearSVC,HMM_GMM,8,"{'n_components': 1, 'n_mix': 3, 'covariance_type': 'full'}",0.594,0.5950581522931754,"{'C': np.float64(0.08858667904100823), 'class_weight': None, 'dual': False, 'fit_intercept': True, 'intercept_scaling': 1, 'loss': 'squared_hinge', 'max_iter': 100, 'multi_class': 'ovr', 'penalty': 'l1', 'random_state': 42, 'tol': 0.0001, 'verbose': 0}",0.04546785354614258
Coffee,8,10,2,2,LogisticRegression,HMM_GMM,8,"{'n_components': 1, 'n_mix': 3, 'covariance_type': 'full'}",0.606,0.6089982247749708,"{'C': np.float64(33.59818286283781), 'class_weight': 'balanced', 'dual': False, 'fit_intercept': True, 'intercept_scaling': 1, 'l1_ratio': None, 'max_iter': 100, 'multi_class': 'deprecated', 'n_jobs': None, 'penalty': 'l2', 'random_state': 42, 'solver': 'saga', 'tol': 0.0001, 'verbose': 0, 'warm_start': False}",0.14632892608642578
Coffee,8,10,2,2,KNN,HMM_GMM,9,"{'n_components': 5, 'n_mix': 1, 'covariance_type': 'diag'}",0.652,0.6279430066643694,"{'algorithm': 'auto', 'leaf_size': 30, 'metric': 'chebyshev', 'metric_params': None, 'n_jobs': None, 'n_neighbors': np.int64(5), 'p': 2, 'weights': 'uniform'}",0.03190875053405762
Coffee,8,10,2,2,RandomForest,HMM_GMM,9,"{'n_components': 5, 'n_mix': 1, 'covariance_type': 'diag'}",0.638,0.6276451191085337,"{'bootstrap': True, 'ccp_alpha': 0.0, 'class_weight': 'balanced', 'criterion': 'gini', 'max_depth': 30, 'max_features': 'sqrt', 'max_leaf_nodes': None, 'max_samples': None, 'min_impurity_decrease': 0.0, 'min_samples_leaf': 1, 'min_samples_split': 2, 'min_weight_fraction_leaf': 0.0, 'monotonic_cst': None, 'n_estimators': 150, 'n_jobs': None, 'oob_score': False, 'random_state': 42, 'verbose': 0, 'warm_start': False}",1.0932939052581787
Coffee,8,10,2,2,LinearSVC,HMM_GMM,9,"{'n_components': 5, 'n_mix': 1, 'covariance_type': 'diag'}",0.55,0.5474507933341718,"{'C': np.float64(183.29807108324337), 'class_weight': 'balanced', 'dual': False, 'fit_intercept': False, 'intercept_scaling': 1, 'loss': 'squared_hinge', 'max_iter': 100, 'multi_class': 'ovr', 'penalty': 'l2', 'random_state': 42, 'tol': 0.001, 'verbose': 0}",0.014475822448730469
Coffee,8,10,2,2,LogisticRegression,HMM_GMM,9,"{'n_components': 5, 'n_mix': 1, 'covariance_type': 'diag'}",0.464,0.48108867061521293,"{'C': np.float64(33.59818286283781), 'class_weight': None, 'dual': False, 'fit_intercept': True, 'intercept_scaling': 1, 'l1_ratio': None, 'max_iter': 100, 'multi_class': 'deprecated', 'n_jobs': None, 'penalty': 'l2', 'random_state': 42, 'solver': 'saga', 'tol': 0.0001, 'verbose': 0, 'warm_start': False}",0.07074379920959473
Coffee,8,10,2,2,KNN,HMM_GMM,10,"{'n_components': 3, 'n_mix': 5, 'covariance_type': 'diag'}",0.638,0.6255482800945752,"{'algorithm': 'auto', 'leaf_size': 30, 'metric': 'euclidean', 'metric_params': None, 'n_jobs': None, 'n_neighbors': np.int64(9), 'p': 2, 'weights': 'distance'}",0.013095378875732422
Coffee,8,10,2,2,RandomForest,HMM_GMM,10,"{'n_components': 3, 'n_mix': 5, 'covariance_type': 'diag'}",0.74,0.7439572855502977,"{'bootstrap': True, 'ccp_alpha': 0.0, 'class_weight': 'balanced', 'criterion': 'gini', 'max_depth': 30, 'max_features': 'sqrt', 'max_leaf_nodes': None, 'max_samples': None, 'min_impurity_decrease': 0.0, 'min_samples_leaf': 1, 'min_samples_split': 2, 'min_weight_fraction_leaf': 0.0, 'monotonic_cst': None, 'n_estimators': 150, 'n_jobs': None, 'oob_score': False, 'random_state': 42, 'verbose': 0, 'warm_start': False}",1.080869197845459
Coffee,8,10,2,2,LinearSVC,HMM_GMM,10,"{'n_components': 3, 'n_mix': 5, 'covariance_type': 'diag'}",0.61,0.6123660102434494,"{'C': np.float64(0.08858667904100823), 'class_weight': None, 'dual': False, 'fit_intercept': True, 'intercept_scaling': 1, 'loss': 'squared_hinge', 'max_iter': 100, 'multi_class': 'ovr', 'penalty': 'l1', 'random_state': 42, 'tol': 0.0001, 'verbose': 0}",0.04633307456970215
Coffee,8,10,2,2,LogisticRegression,HMM_GMM,10,"{'n_components': 3, 'n_mix': 5, 'covariance_type': 'diag'}",0.608,0.6098386526623911,"{'C': np.float64(33.59818286283781), 'class_weight': None, 'dual': False, 'fit_intercept': True, 'intercept_scaling': 1, 'l1_ratio': None, 'max_iter': 100, 'multi_class': 'deprecated', 'n_jobs': None, 'penalty': 'l2', 'random_state': 42, 'solver': 'saga', 'tol': 0.0001, 'verbose': 0, 'warm_start': False}",0.10224246978759766
Coffee,8,10,2,3,KNN,HMM_GMM,1,"{'n_components': 2, 'n_mix': 1, 'covariance_type': 'diag'}",0.638,0.622932270048877,"{'algorithm': 'auto', 'leaf_size': 30, 'metric': 'euclidean', 'metric_params': None, 'n_jobs': None, 'n_neighbors': np.int64(9), 'p': 2, 'weights': 'distance'}",0.044234275817871094
Coffee,8,10,2,3,RandomForest,HMM_GMM,1,"{'n_components': 2, 'n_mix': 1, 'covariance_type': 'diag'}",0.566,0.5655042016806723,"{'bootstrap': True, 'ccp_alpha': 0.0, 'class_weight': None, 'criterion': 'gini', 'max_depth': 30, 'max_features': 'sqrt', 'max_leaf_nodes': None, 'max_samples': None, 'min_impurity_decrease': 0.0, 'min_samples_leaf': 4, 'min_samples_split': 10, 'min_weight_fraction_leaf': 0.0, 'monotonic_cst': None, 'n_estimators': 150, 'n_jobs': None, 'oob_score': False, 'random_state': 42, 'verbose': 0, 'warm_start': False}",1.2970850467681885
Coffee,8,10,2,3,LinearSVC,HMM_GMM,1,"{'n_components': 2, 'n_mix': 1, 'covariance_type': 'diag'}",0.566,0.5693789632768801,"{'C': np.float64(2.6366508987303554), 'class_weight': 'balanced', 'dual': False, 'fit_intercept': True, 'intercept_scaling': 1, 'loss': 'squared_hinge', 'max_iter': 100, 'multi_class': 'ovr', 'penalty': 'l1', 'random_state': 42, 'tol': 0.0001, 'verbose': 0}",0.04364347457885742
Coffee,8,10,2,3,LogisticRegression,HMM_GMM,1,"{'n_components': 2, 'n_mix': 1, 'covariance_type': 'diag'}",0.436,0.456169472006856,"{'C': np.float64(6.1584821106602545), 'class_weight': None, 'dual': False, 'fit_intercept': True, 'intercept_scaling': 1, 'l1_ratio': None, 'max_iter': 100, 'multi_class': 'deprecated', 'n_jobs': None, 'penalty': 'l2', 'random_state': 42, 'solver': 'lbfgs', 'tol': 0.0001, 'verbose': 0, 'warm_start': False}",0.03759169578552246
Coffee,8,10,2,3,KNN,HMM_GMM,2,"{'n_components': 2, 'n_mix': 4, 'covariance_type': 'tied'}",0.658,0.65020911923897,"{'algorithm': 'auto', 'leaf_size': 30, 'metric': 'minkowski', 'metric_params': None, 'n_jobs': None, 'n_neighbors': np.int64(13), 'p': 4, 'weights': 'distance'}",0.036917686462402344
Coffee,8,10,2,3,RandomForest,HMM_GMM,2,"{'n_components': 2, 'n_mix': 4, 'covariance_type': 'tied'}",0.622,0.6240421324637025,"{'bootstrap': True, 'ccp_alpha': 0.0, 'class_weight': None, 'criterion': 'gini', 'max_depth': 30, 'max_features': 'sqrt', 'max_leaf_nodes': None, 'max_samples': None, 'min_impurity_decrease': 0.0, 'min_samples_leaf': 4, 'min_samples_split': 2, 'min_weight_fraction_leaf': 0.0, 'monotonic_cst': None, 'n_estimators': 50, 'n_jobs': None, 'oob_score': False, 'random_state': 42, 'verbose': 0, 'warm_start': False}",0.35910654067993164
Coffee,8,10,2,3,LinearSVC,HMM_GMM,2,"{'n_components': 2, 'n_mix': 4, 'covariance_type': 'tied'}",0.566,0.5673104181431609,"{'C': np.float64(2.6366508987303554), 'class_weight': 'balanced', 'dual': False, 'fit_intercept': True, 'intercept_scaling': 1, 'loss': 'squared_hinge', 'max_iter': 100, 'multi_class': 'ovr', 'penalty': 'l1', 'random_state': 42, 'tol': 0.0001, 'verbose': 0}",0.0673060417175293
Coffee,8,10,2,3,LogisticRegression,HMM_GMM,2,"{'n_components': 2, 'n_mix': 4, 'covariance_type': 'tied'}",0.588,0.5938042414978555,"{'C': np.float64(33.59818286283781), 'class_weight': 'balanced', 'dual': False, 'fit_intercept': True, 'intercept_scaling': 1, 'l1_ratio': None, 'max_iter': 100, 'multi_class': 'deprecated', 'n_jobs': None, 'penalty': 'l2', 'random_state': 42, 'solver': 'saga', 'tol': 0.0001, 'verbose': 0, 'warm_start': False}",0.21458911895751953
Coffee,8,10,2,3,KNN,HMM_GMM,3,"{'n_components': 1, 'n_mix': 3, 'covariance_type': 'diag'}",0.586,0.5702463845870036,"{'algorithm': 'auto', 'leaf_size': 30, 'metric': 'euclidean', 'metric_params': None, 'n_jobs': None, 'n_neighbors': np.int64(9), 'p': 2, 'weights': 'distance'}",0.016987323760986328
Coffee,8,10,2,3,RandomForest,HMM_GMM,3,"{'n_components': 1, 'n_mix': 3, 'covariance_type': 'diag'}",0.612,0.6066518744337673,"{'bootstrap': True, 'ccp_alpha': 0.0, 'class_weight': 'balanced', 'criterion': 'gini', 'max_depth': None, 'max_features': 'sqrt', 'max_leaf_nodes': None, 'max_samples': None, 'min_impurity_decrease': 0.0, 'min_samples_leaf': 1, 'min_samples_split': 2, 'min_weight_fraction_leaf': 0.0, 'monotonic_cst': None, 'n_estimators': 50, 'n_jobs': None, 'oob_score': False, 'random_state': 42, 'verbose': 0, 'warm_start': False}",0.3851180076599121
Coffee,8,10,2,3,LinearSVC,HMM_GMM,3,"{'n_components': 1, 'n_mix': 3, 'covariance_type': 'diag'}",0.588,0.5933153301240657,"{'C': np.float64(2.6366508987303554), 'class_weight': 'balanced', 'dual': False, 'fit_intercept': True, 'intercept_scaling': 1, 'loss': 'squared_hinge', 'max_iter': 100, 'multi_class': 'ovr', 'penalty': 'l1', 'random_state': 42, 'tol': 0.0001, 'verbose': 0}",0.06056499481201172
Coffee,8,10,2,3,LogisticRegression,HMM_GMM,3,"{'n_components': 1, 'n_mix': 3, 'covariance_type': 'diag'}",0.586,0.583232629650811,"{'C': np.float64(1000.0), 'class_weight': 'balanced', 'dual': False, 'fit_intercept': True, 'intercept_scaling': 1, 'l1_ratio': None, 'max_iter': 100, 'multi_class': 'deprecated', 'n_jobs': None, 'penalty': 'l2', 'random_state': 42, 'solver': 'sag', 'tol': 0.0001, 'verbose': 0, 'warm_start': False}",0.05808830261230469
Coffee,8,10,2,3,KNN,HMM_GMM,4,"{'n_components': 4, 'n_mix': 3, 'covariance_type': 'diag'}",0.636,0.6228502661510208,"{'algorithm': 'auto', 'leaf_size': 30, 'metric': 'euclidean', 'metric_params': None, 'n_jobs': None, 'n_neighbors': np.int64(9), 'p': 2, 'weights': 'distance'}",0.01641845703125
Coffee,8,10,2,3,RandomForest,HMM_GMM,4,"{'n_components': 4, 'n_mix': 3, 'covariance_type': 'diag'}",0.67,0.6760019291469123,"{'bootstrap': True, 'ccp_alpha': 0.0, 'class_weight': None, 'criterion': 'gini', 'max_depth': 30, 'max_features': 'sqrt', 'max_leaf_nodes': None, 'max_samples': None, 'min_impurity_decrease': 0.0, 'min_samples_leaf': 4, 'min_samples_split': 10, 'min_weight_fraction_leaf': 0.0, 'monotonic_cst': None, 'n_estimators': 150, 'n_jobs': None, 'oob_score': False, 'random_state': 42, 'verbose': 0, 'warm_start': False}",1.0198326110839844
Coffee,8,10,2,3,LinearSVC,HMM_GMM,4,"{'n_components': 4, 'n_mix': 3, 'covariance_type': 'diag'}",0.56,0.5573733852354542,"{'C': np.float64(1000.0), 'class_weight': 'balanced', 'dual': False, 'fit_intercept': True, 'intercept_scaling': 1, 'loss': 'squared_hinge', 'max_iter': 100, 'multi_class': 'ovr', 'penalty': 'l2', 'random_state': 42, 'tol': 0.001, 'verbose': 0}",0.02146172523498535
Coffee,8,10,2,3,LogisticRegression,HMM_GMM,4,"{'n_components': 4, 'n_mix': 3, 'covariance_type': 'diag'}",0.58,0.583670019573246,"{'C': np.float64(1000.0), 'class_weight': 'balanced', 'dual': False, 'fit_intercept': True, 'intercept_scaling': 1, 'l1_ratio': None, 'max_iter': 100, 'multi_class': 'deprecated', 'n_jobs': None, 'penalty': 'l2', 'random_state': 42, 'solver': 'sag', 'tol': 0.0001, 'verbose': 0, 'warm_start': False}",0.06291961669921875
Coffee,8,10,2,3,KNN,HMM_GMM,5,"{'n_components': 1, 'n_mix': 1, 'covariance_type': 'tied'}",0.778,0.786238762005693,"{'algorithm': 'auto', 'leaf_size': 30, 'metric': 'chebyshev', 'metric_params': None, 'n_jobs': None, 'n_neighbors': np.int64(5), 'p': 2, 'weights': 'uniform'}",0.03253483772277832
Coffee,8,10,2,3,RandomForest,HMM_GMM,5,"{'n_components': 1, 'n_mix': 1, 'covariance_type': 'tied'}",0.724,0.7277886372056775,"{'bootstrap': True, 'ccp_alpha': 0.0, 'class_weight': 'balanced', 'criterion': 'gini', 'max_depth': 20, 'max_features': 'sqrt', 'max_leaf_nodes': None, 'max_samples': None, 'min_impurity_decrease': 0.0, 'min_samples_leaf': 2, 'min_samples_split': 10, 'min_weight_fraction_leaf': 0.0, 'monotonic_cst': None, 'n_estimators': 150, 'n_jobs': None, 'oob_score': False, 'random_state': 42, 'verbose': 0, 'warm_start': False}",1.1771807670593262
Coffee,8,10,2,3,LinearSVC,HMM_GMM,5,"{'n_components': 1, 'n_mix': 1, 'covariance_type': 'tied'}",0.564,0.566859654503394,"{'C': np.float64(183.29807108324337), 'class_weight': 'balanced', 'dual': False, 'fit_intercept': True, 'intercept_scaling': 1, 'loss': 'squared_hinge', 'max_iter': 100, 'multi_class': 'ovr', 'penalty': 'l1', 'random_state': 42, 'tol': 0.0001, 'verbose': 0}",0.0764157772064209
Coffee,8,10,2,3,LogisticRegression,HMM_GMM,5,"{'n_components': 1, 'n_mix': 1, 'covariance_type': 'tied'}",0.568,0.5799241702746576,"{'C': np.float64(33.59818286283781), 'class_weight': 'balanced', 'dual': False, 'fit_intercept': True, 'intercept_scaling': 1, 'l1_ratio': None, 'max_iter': 100, 'multi_class': 'deprecated', 'n_jobs': None, 'penalty': 'l1', 'random_state': 42, 'solver': 'saga', 'tol': 0.0001, 'verbose': 0, 'warm_start': False}",0.29053473472595215
Coffee,8,10,2,3,KNN,HMM_GMM,6,"{'n_components': 4, 'n_mix': 3, 'covariance_type': 'diag'}",0.636,0.622374545990645,"{'algorithm': 'auto', 'leaf_size': 30, 'metric': 'euclidean', 'metric_params': None, 'n_jobs': None, 'n_neighbors': np.int64(9), 'p': 2, 'weights': 'distance'}",0.016597747802734375
Coffee,8,10,2,3,RandomForest,HMM_GMM,6,"{'n_components': 4, 'n_mix': 3, 'covariance_type': 'diag'}",0.714,0.7111791186883548,"{'bootstrap': True, 'ccp_alpha': 0.0, 'class_weight': None, 'criterion': 'gini', 'max_depth': None, 'max_features': 'sqrt', 'max_leaf_nodes': None, 'max_samples': None, 'min_impurity_decrease': 0.0, 'min_samples_leaf': 4, 'min_samples_split': 2, 'min_weight_fraction_leaf': 0.0, 'monotonic_cst': None, 'n_estimators': 50, 'n_jobs': None, 'oob_score': False, 'random_state': 42, 'verbose': 0, 'warm_start': False}",0.34890198707580566
Coffee,8,10,2,3,LinearSVC,HMM_GMM,6,"{'n_components': 4, 'n_mix': 3, 'covariance_type': 'diag'}",0.564,0.5616790313774609,"{'C': np.float64(2.6366508987303554), 'class_weight': 'balanced', 'dual': False, 'fit_intercept': True, 'intercept_scaling': 1, 'loss': 'squared_hinge', 'max_iter': 100, 'multi_class': 'ovr', 'penalty': 'l1', 'random_state': 42, 'tol': 0.0001, 'verbose': 0}",0.067718505859375
Coffee,8,10,2,3,LogisticRegression,HMM_GMM,6,"{'n_components': 4, 'n_mix': 3, 'covariance_type': 'diag'}",0.572,0.5793382296204325,"{'C': np.float64(2.6366508987303554), 'class_weight': 'balanced', 'dual': False, 'fit_intercept': True, 'intercept_scaling': 1, 'l1_ratio': None, 'max_iter': 100, 'multi_class': 'deprecated', 'n_jobs': None, 'penalty': 'l1', 'random_state': 42, 'solver': 'saga', 'tol': 0.0001, 'verbose': 0, 'warm_start': False}",0.26633143424987793
Coffee,8,10,2,3,KNN,HMM_GMM,7,"{'n_components': 2, 'n_mix': 5, 'covariance_type': 'diag'}",0.686,0.6868552104324462,"{'algorithm': 'auto', 'leaf_size': 30, 'metric': 'minkowski', 'metric_params': None, 'n_jobs': None, 'n_neighbors': np.int64(13), 'p': 4, 'weights': 'distance'}",0.04430675506591797
Coffee,8,10,2,3,RandomForest,HMM_GMM,7,"{'n_components': 2, 'n_mix': 5, 'covariance_type': 'diag'}",0.604,0.6066808700551394,"{'bootstrap': True, 'ccp_alpha': 0.0, 'class_weight': None, 'criterion': 'gini', 'max_depth': None, 'max_features': 'sqrt', 'max_leaf_nodes': None, 'max_samples': None, 'min_impurity_decrease': 0.0, 'min_samples_leaf': 4, 'min_samples_split': 10, 'min_weight_fraction_leaf': 0.0, 'monotonic_cst': None, 'n_estimators': 50, 'n_jobs': None, 'oob_score': False, 'random_state': 42, 'verbose': 0, 'warm_start': False}",0.35890626907348633
Coffee,8,10,2,3,LinearSVC,HMM_GMM,7,"{'n_components': 2, 'n_mix': 5, 'covariance_type': 'diag'}",0.59,0.5853632974929422,"{'C': np.float64(33.59818286283781), 'class_weight': 'balanced', 'dual': False, 'fit_intercept': True, 'intercept_scaling': 1, 'loss': 'squared_hinge', 'max_iter': 100, 'multi_class': 'ovr', 'penalty': 'l1', 'random_state': 42, 'tol': 0.0001, 'verbose': 0}",0.06839489936828613
Coffee,8,10,2,3,LogisticRegression,HMM_GMM,7,"{'n_components': 2, 'n_mix': 5, 'covariance_type': 'diag'}",0.598,0.597182422133482,"{'C': np.float64(33.59818286283781), 'class_weight': None, 'dual': False, 'fit_intercept': True, 'intercept_scaling': 1, 'l1_ratio': None, 'max_iter': 100, 'multi_class': 'deprecated', 'n_jobs': None, 'penalty': 'l2', 'random_state': 42, 'solver': 'saga', 'tol': 0.0001, 'verbose': 0, 'warm_start': False}",0.09219193458557129
Coffee,8,10,2,3,KNN,HMM_GMM,8,"{'n_components': 1, 'n_mix': 3, 'covariance_type': 'full'}",0.64,0.6438682090856004,"{'algorithm': 'auto', 'leaf_size': 30, 'metric': 'minkowski', 'metric_params': None, 'n_jobs': None, 'n_neighbors': np.int64(13), 'p': 4, 'weights': 'distance'}",0.03299856185913086
Coffee,8,10,2,3,RandomForest,HMM_GMM,8,"{'n_components': 1, 'n_mix': 3, 'covariance_type': 'full'}",0.566,0.5485289038648994,"{'bootstrap': True, 'ccp_alpha': 0.0, 'class_weight': 'balanced', 'criterion': 'gini', 'max_depth': None, 'max_features': 'sqrt', 'max_leaf_nodes': None, 'max_samples': None, 'min_impurity_decrease': 0.0, 'min_samples_leaf': 1, 'min_samples_split': 2, 'min_weight_fraction_leaf': 0.0, 'monotonic_cst': None, 'n_estimators': 50, 'n_jobs': None, 'oob_score': False, 'random_state': 42, 'verbose': 0, 'warm_start': False}",0.38184547424316406
Coffee,8,10,2,3,LinearSVC,HMM_GMM,8,"{'n_components': 1, 'n_mix': 3, 'covariance_type': 'full'}",0.594,0.5946007781229572,"{'C': np.float64(0.4832930238571752), 'class_weight': 'balanced', 'dual': False, 'fit_intercept': True, 'intercept_scaling': 1, 'loss': 'squared_hinge', 'max_iter': 100, 'multi_class': 'ovr', 'penalty': 'l2', 'random_state': 42, 'tol': 0.0001, 'verbose': 0}",0.03134632110595703
Coffee,8,10,2,3,LogisticRegression,HMM_GMM,8,"{'n_components': 1, 'n_mix': 3, 'covariance_type': 'full'}",0.604,0.608321153652298,"{'C': np.float64(1000.0), 'class_weight': 'balanced', 'dual': False, 'fit_intercept': True, 'intercept_scaling': 1, 'l1_ratio': None, 'max_iter': 100, 'multi_class': 'deprecated', 'n_jobs': None, 'penalty': 'l2', 'random_state': 42, 'solver': 'sag', 'tol': 0.0001, 'verbose': 0, 'warm_start': False}",0.2725527286529541
Coffee,8,10,2,3,KNN,HMM_GMM,9,"{'n_components': 5, 'n_mix': 1, 'covariance_type': 'diag'}",0.624,0.6034448110581558,"{'algorithm': 'auto', 'leaf_size': 30, 'metric': 'minkowski', 'metric_params': None, 'n_jobs': None, 'n_neighbors': np.int64(13), 'p': 4, 'weights': 'distance'}",0.034525156021118164
Coffee,8,10,2,3,RandomForest,HMM_GMM,9,"{'n_components': 5, 'n_mix': 1, 'covariance_type': 'diag'}",0.616,0.5971661985683464,"{'bootstrap': True, 'ccp_alpha': 0.0, 'class_weight': 'balanced', 'criterion': 'gini', 'max_depth': None, 'max_features': 'sqrt', 'max_leaf_nodes': None, 'max_samples': None, 'min_impurity_decrease': 0.0, 'min_samples_leaf': 2, 'min_samples_split': 20, 'min_weight_fraction_leaf': 0.0, 'monotonic_cst': None, 'n_estimators': 150, 'n_jobs': None, 'oob_score': False, 'random_state': 42, 'verbose': 0, 'warm_start': False}",1.129213571548462
Coffee,8,10,2,3,LinearSVC,HMM_GMM,9,"{'n_components': 5, 'n_mix': 1, 'covariance_type': 'diag'}",0.46,0.46860340806584205,"{'C': np.float64(0.4832930238571752), 'class_weight': 'balanced', 'dual': False, 'fit_intercept': True, 'intercept_scaling': 1, 'loss': 'squared_hinge', 'max_iter': 100, 'multi_class': 'ovr', 'penalty': 'l2', 'random_state': 42, 'tol': 0.0001, 'verbose': 0}",0.023005247116088867
Coffee,8,10,2,3,LogisticRegression,HMM_GMM,9,"{'n_components': 5, 'n_mix': 1, 'covariance_type': 'diag'}",0.442,0.45707384074736696,"{'C': np.float64(0.4832930238571752), 'class_weight': 'balanced', 'dual': False, 'fit_intercept': True, 'intercept_scaling': 1, 'l1_ratio': None, 'max_iter': 100, 'multi_class': 'deprecated', 'n_jobs': None, 'penalty': 'l2', 'random_state': 42, 'solver': 'lbfgs', 'tol': 0.0001, 'verbose': 0, 'warm_start': False}",0.05540060997009277
Coffee,8,10,2,3,KNN,HMM_GMM,10,"{'n_components': 3, 'n_mix': 5, 'covariance_type': 'diag'}",0.638,0.6252293852925854,"{'algorithm': 'auto', 'leaf_size': 30, 'metric': 'euclidean', 'metric_params': None, 'n_jobs': None, 'n_neighbors': np.int64(9), 'p': 2, 'weights': 'distance'}",0.016523122787475586
Coffee,8,10,2,3,RandomForest,HMM_GMM,10,"{'n_components': 3, 'n_mix': 5, 'covariance_type': 'diag'}",0.708,0.7063003220611915,"{'bootstrap': True, 'ccp_alpha': 0.0, 'class_weight': None, 'criterion': 'gini', 'max_depth': None, 'max_features': 'sqrt', 'max_leaf_nodes': None, 'max_samples': None, 'min_impurity_decrease': 0.0, 'min_samples_leaf': 4, 'min_samples_split': 2, 'min_weight_fraction_leaf': 0.0, 'monotonic_cst': None, 'n_estimators': 50, 'n_jobs': None, 'oob_score': False, 'random_state': 42, 'verbose': 0, 'warm_start': False}",0.3446958065032959
Coffee,8,10,2,3,LinearSVC,HMM_GMM,10,"{'n_components': 3, 'n_mix': 5, 'covariance_type': 'diag'}",0.58,0.5785956104078424,"{'C': np.float64(2.6366508987303554), 'class_weight': 'balanced', 'dual': False, 'fit_intercept': True, 'intercept_scaling': 1, 'loss': 'squared_hinge', 'max_iter': 100, 'multi_class': 'ovr', 'penalty': 'l1', 'random_state': 42, 'tol': 0.0001, 'verbose': 0}",0.061081647872924805
Coffee,8,10,2,3,LogisticRegression,HMM_GMM,10,"{'n_components': 3, 'n_mix': 5, 'covariance_type': 'diag'}",0.61,0.6123660102434494,"{'C': np.float64(6.1584821106602545), 'class_weight': None, 'dual': False, 'fit_intercept': True, 'intercept_scaling': 1, 'l1_ratio': None, 'max_iter': 100, 'multi_class': 'deprecated', 'n_jobs': None, 'penalty': 'l2', 'random_state': 42, 'solver': 'lbfgs', 'tol': 0.0001, 'verbose': 0, 'warm_start': False}",0.06131625175476074
Coffee,8,10,2,5,KNN,HMM_GMM,1,"{'n_components': 2, 'n_mix': 1, 'covariance_type': 'diag'}",0.642,0.6204758001888624,"{'algorithm': 'auto', 'leaf_size': 30, 'metric': 'minkowski', 'metric_params': None, 'n_jobs': None, 'n_neighbors': 5, 'p': 2, 'weights': 'uniform'}",0.03927421569824219
Coffee,8,10,2,5,RandomForest,HMM_GMM,1,"{'n_components': 2, 'n_mix': 1, 'covariance_type': 'diag'}",0.662,0.662319413075162,"{'bootstrap': True, 'ccp_alpha': 0.0, 'class_weight': None, 'criterion': 'gini', 'max_depth': None, 'max_features': 'sqrt', 'max_leaf_nodes': None, 'max_samples': None, 'min_impurity_decrease': 0.0, 'min_samples_leaf': 1, 'min_samples_split': 2, 'min_weight_fraction_leaf': 0.0, 'monotonic_cst': None, 'n_estimators': 100, 'n_jobs': None, 'oob_score': False, 'random_state': 42, 'verbose': 0, 'warm_start': False}",0.954681396484375
Coffee,8,10,2,5,LinearSVC,HMM_GMM,1,"{'n_components': 2, 'n_mix': 1, 'covariance_type': 'diag'}",0.56,0.5630311755466344,"{'C': 1.0, 'class_weight': None, 'dual': False, 'fit_intercept': True, 'intercept_scaling': 1, 'loss': 'squared_hinge', 'max_iter': 100, 'multi_class': 'ovr', 'penalty': 'l2', 'random_state': 42, 'tol': 0.0001, 'verbose': 0}",0.03199362754821777
Coffee,8,10,2,5,LogisticRegression,HMM_GMM,1,"{'n_components': 2, 'n_mix': 1, 'covariance_type': 'diag'}",0.42,0.4388512949039265,"{'C': 1.0, 'class_weight': None, 'dual': False, 'fit_intercept': True, 'intercept_scaling': 1, 'l1_ratio': None, 'max_iter': 100, 'multi_class': 'deprecated', 'n_jobs': None, 'penalty': 'l2', 'random_state': 42, 'solver': 'lbfgs', 'tol': 0.0001, 'verbose': 0, 'warm_start': False}",0.09261631965637207
Coffee,8,10,2,5,KNN,HMM_GMM,2,"{'n_components': 2, 'n_mix': 4, 'covariance_type': 'tied'}",0.646,0.6292740668599618,"{'algorithm': 'auto', 'leaf_size': 30, 'metric': 'minkowski', 'metric_params': None, 'n_jobs': None, 'n_neighbors': 5, 'p': 2, 'weights': 'uniform'}",0.037458181381225586
Coffee,8,10,2,5,RandomForest,HMM_GMM,2,"{'n_components': 2, 'n_mix': 4, 'covariance_type': 'tied'}",0.65,0.6564217450980327,"{'bootstrap': True, 'ccp_alpha': 0.0, 'class_weight': None, 'criterion': 'gini', 'max_depth': None, 'max_features': 'sqrt', 'max_leaf_nodes': None, 'max_samples': None, 'min_impurity_decrease': 0.0, 'min_samples_leaf': 1, 'min_samples_split': 2, 'min_weight_fraction_leaf': 0.0, 'monotonic_cst': None, 'n_estimators': 100, 'n_jobs': None, 'oob_score': False, 'random_state': 42, 'verbose': 0, 'warm_start': False}",0.8472232818603516
Coffee,8,10,2,5,LinearSVC,HMM_GMM,2,"{'n_components': 2, 'n_mix': 4, 'covariance_type': 'tied'}",0.578,0.5783677868686955,"{'C': 1.0, 'class_weight': None, 'dual': False, 'fit_intercept': True, 'intercept_scaling': 1, 'loss': 'squared_hinge', 'max_iter': 100, 'multi_class': 'ovr', 'penalty': 'l2', 'random_state': 42, 'tol': 0.0001, 'verbose': 0}",0.046994686126708984
Coffee,8,10,2,5,LogisticRegression,HMM_GMM,2,"{'n_components': 2, 'n_mix': 4, 'covariance_type': 'tied'}",0.526,0.536643199353018,"{'C': 1.0, 'class_weight': None, 'dual': False, 'fit_intercept': True, 'intercept_scaling': 1, 'l1_ratio': None, 'max_iter': 100, 'multi_class': 'deprecated', 'n_jobs': None, 'penalty': 'l2', 'random_state': 42, 'solver': 'lbfgs', 'tol': 0.0001, 'verbose': 0, 'warm_start': False}",0.18861985206604004
Coffee,8,10,2,5,KNN,HMM_GMM,3,"{'n_components': 1, 'n_mix': 3, 'covariance_type': 'diag'}",0.598,0.5781626605885661,"{'algorithm': 'auto', 'leaf_size': 30, 'metric': 'minkowski', 'metric_params': None, 'n_jobs': None, 'n_neighbors': 5, 'p': 2, 'weights': 'uniform'}",0.038397789001464844
Coffee,8,10,2,5,RandomForest,HMM_GMM,3,"{'n_components': 1, 'n_mix': 3, 'covariance_type': 'diag'}",0.634,0.6274045712959739,"{'bootstrap': True, 'ccp_alpha': 0.0, 'class_weight': None, 'criterion': 'gini', 'max_depth': None, 'max_features': 'sqrt', 'max_leaf_nodes': None, 'max_samples': None, 'min_impurity_decrease': 0.0, 'min_samples_leaf': 1, 'min_samples_split': 2, 'min_weight_fraction_leaf': 0.0, 'monotonic_cst': None, 'n_estimators': 100, 'n_jobs': None, 'oob_score': False, 'random_state': 42, 'verbose': 0, 'warm_start': False}",1.0569524765014648
Coffee,8,10,2,5,LinearSVC,HMM_GMM,3,"{'n_components': 1, 'n_mix': 3, 'covariance_type': 'diag'}",0.582,0.5907879823037663,"{'C': 1.0, 'class_weight': None, 'dual': False, 'fit_intercept': True, 'intercept_scaling': 1, 'loss': 'squared_hinge', 'max_iter': 100, 'multi_class': 'ovr', 'penalty': 'l2', 'random_state': 42, 'tol': 0.0001, 'verbose': 0}",0.03488969802856445
Coffee,8,10,2,5,LogisticRegression,HMM_GMM,3,"{'n_components': 1, 'n_mix': 3, 'covariance_type': 'diag'}",0.576,0.5711868887126619,"{'C': 1.0, 'class_weight': None, 'dual': False, 'fit_intercept': True, 'intercept_scaling': 1, 'l1_ratio': None, 'max_iter': 100, 'multi_class': 'deprecated', 'n_jobs': None, 'penalty': 'l2', 'random_state': 42, 'solver': 'lbfgs', 'tol': 0.0001, 'verbose': 0, 'warm_start': False}",0.057926177978515625
Coffee,8,10,2,5,KNN,HMM_GMM,4,"{'n_components': 4, 'n_mix': 3, 'covariance_type': 'diag'}",0.614,0.5938602468045937,"{'algorithm': 'auto', 'leaf_size': 30, 'metric': 'minkowski', 'metric_params': None, 'n_jobs': None, 'n_neighbors': 5, 'p': 2, 'weights': 'uniform'}",0.03798198699951172
Coffee,8,10,2,5,RandomForest,HMM_GMM,4,"{'n_components': 4, 'n_mix': 3, 'covariance_type': 'diag'}",0.69,0.6958657010830693,"{'bootstrap': True, 'ccp_alpha': 0.0, 'class_weight': None, 'criterion': 'gini', 'max_depth': None, 'max_features': 'sqrt', 'max_leaf_nodes': None, 'max_samples': None, 'min_impurity_decrease': 0.0, 'min_samples_leaf': 1, 'min_samples_split': 2, 'min_weight_fraction_leaf': 0.0, 'monotonic_cst': None, 'n_estimators': 100, 'n_jobs': None, 'oob_score': False, 'random_state': 42, 'verbose': 0, 'warm_start': False}",0.8463356494903564
Coffee,8,10,2,5,LinearSVC,HMM_GMM,4,"{'n_components': 4, 'n_mix': 3, 'covariance_type': 'diag'}",0.464,0.48429100963455984,"{'C': 1.0, 'class_weight': None, 'dual': False, 'fit_intercept': True, 'intercept_scaling': 1, 'loss': 'squared_hinge', 'max_iter': 100, 'multi_class': 'ovr', 'penalty': 'l2', 'random_state': 42, 'tol': 0.0001, 'verbose': 0}",0.032517194747924805
Coffee,8,10,2,5,LogisticRegression,HMM_GMM,4,"{'n_components': 4, 'n_mix': 3, 'covariance_type': 'diag'}",0.448,0.4683080927811091,"{'C': 1.0, 'class_weight': None, 'dual': False, 'fit_intercept': True, 'intercept_scaling': 1, 'l1_ratio': None, 'max_iter': 100, 'multi_class': 'deprecated', 'n_jobs': None, 'penalty': 'l2', 'random_state': 42, 'solver': 'lbfgs', 'tol': 0.0001, 'verbose': 0, 'warm_start': False}",0.10055136680603027
Coffee,8,10,2,5,KNN,HMM_GMM,5,"{'n_components': 1, 'n_mix': 1, 'covariance_type': 'tied'}",0.756,0.7623459702487491,"{'algorithm': 'auto', 'leaf_size': 30, 'metric': 'minkowski', 'metric_params': None, 'n_jobs': None, 'n_neighbors': 5, 'p': 2, 'weights': 'uniform'}",0.04560112953186035
Coffee,8,10,2,5,RandomForest,HMM_GMM,5,"{'n_components': 1, 'n_mix': 1, 'covariance_type': 'tied'}",0.7,0.7081748722044585,"{'bootstrap': True, 'ccp_alpha': 0.0, 'class_weight': None, 'criterion': 'gini', 'max_depth': None, 'max_features': 'sqrt', 'max_leaf_nodes': None, 'max_samples': None, 'min_impurity_decrease': 0.0, 'min_samples_leaf': 1, 'min_samples_split': 2, 'min_weight_fraction_leaf': 0.0, 'monotonic_cst': None, 'n_estimators': 100, 'n_jobs': None, 'oob_score': False, 'random_state': 42, 'verbose': 0, 'warm_start': False}",1.014753818511963
Coffee,8,10,2,5,LinearSVC,HMM_GMM,5,"{'n_components': 1, 'n_mix': 1, 'covariance_type': 'tied'}",0.596,0.5990050583090751,"{'C': 1.0, 'class_weight': None, 'dual': False, 'fit_intercept': True, 'intercept_scaling': 1, 'loss': 'squared_hinge', 'max_iter': 100, 'multi_class': 'ovr', 'penalty': 'l2', 'random_state': 42, 'tol': 0.0001, 'verbose': 0}",0.056401968002319336
Coffee,8,10,2,5,LogisticRegression,HMM_GMM,5,"{'n_components': 1, 'n_mix': 1, 'covariance_type': 'tied'}",0.532,0.5476396884418826,"{'C': 1.0, 'class_weight': None, 'dual': False, 'fit_intercept': True, 'intercept_scaling': 1, 'l1_ratio': None, 'max_iter': 100, 'multi_class': 'deprecated', 'n_jobs': None, 'penalty': 'l2', 'random_state': 42, 'solver': 'lbfgs', 'tol': 0.0001, 'verbose': 0, 'warm_start': False}",0.5269205570220947
Coffee,8,10,2,5,KNN,HMM_GMM,6,"{'n_components': 4, 'n_mix': 3, 'covariance_type': 'diag'}",0.642,0.6210778565706007,"{'algorithm': 'auto', 'leaf_size': 30, 'metric': 'minkowski', 'metric_params': None, 'n_jobs': None, 'n_neighbors': 5, 'p': 2, 'weights': 'uniform'}",0.03704571723937988
Coffee,8,10,2,5,RandomForest,HMM_GMM,6,"{'n_components': 4, 'n_mix': 3, 'covariance_type': 'diag'}",0.7,0.7063667551440231,"{'bootstrap': True, 'ccp_alpha': 0.0, 'class_weight': None, 'criterion': 'gini', 'max_depth': None, 'max_features': 'sqrt', 'max_leaf_nodes': None, 'max_samples': None, 'min_impurity_decrease': 0.0, 'min_samples_leaf': 1, 'min_samples_split': 2, 'min_weight_fraction_leaf': 0.0, 'monotonic_cst': None, 'n_estimators': 100, 'n_jobs': None, 'oob_score': False, 'random_state': 42, 'verbose': 0, 'warm_start': False}",0.8178308010101318
Coffee,8,10,2,5,LinearSVC,HMM_GMM,6,"{'n_components': 4, 'n_mix': 3, 'covariance_type': 'diag'}",0.552,0.5515879341452975,"{'C': 1.0, 'class_weight': None, 'dual': False, 'fit_intercept': True, 'intercept_scaling': 1, 'loss': 'squared_hinge', 'max_iter': 100, 'multi_class': 'ovr', 'penalty': 'l2', 'random_state': 42, 'tol': 0.0001, 'verbose': 0}",0.036752939224243164
Coffee,8,10,2,5,LogisticRegression,HMM_GMM,6,"{'n_components': 4, 'n_mix': 3, 'covariance_type': 'diag'}",0.49,0.5130810156282261,"{'C': 1.0, 'class_weight': None, 'dual': False, 'fit_intercept': True, 'intercept_scaling': 1, 'l1_ratio': None, 'max_iter': 100, 'multi_class': 'deprecated', 'n_jobs': None, 'penalty': 'l2', 'random_state': 42, 'solver': 'lbfgs', 'tol': 0.0001, 'verbose': 0, 'warm_start': False}",0.09154129028320312
Coffee,8,10,2,5,KNN,HMM_GMM,7,"{'n_components': 2, 'n_mix': 5, 'covariance_type': 'diag'}",0.668,0.6573829035293616,"{'algorithm': 'auto', 'leaf_size': 30, 'metric': 'minkowski', 'metric_params': None, 'n_jobs': None, 'n_neighbors': 5, 'p': 2, 'weights': 'uniform'}",0.03721928596496582
Coffee,8,10,2,5,RandomForest,HMM_GMM,7,"{'n_components': 2, 'n_mix': 5, 'covariance_type': 'diag'}",0.696,0.7029465213334258,"{'bootstrap': True, 'ccp_alpha': 0.0, 'class_weight': None, 'criterion': 'gini', 'max_depth': None, 'max_features': 'sqrt', 'max_leaf_nodes': None, 'max_samples': None, 'min_impurity_decrease': 0.0, 'min_samples_leaf': 1, 'min_samples_split': 2, 'min_weight_fraction_leaf': 0.0, 'monotonic_cst': None, 'n_estimators': 100, 'n_jobs': None, 'oob_score': False, 'random_state': 42, 'verbose': 0, 'warm_start': False}",0.8868908882141113
Coffee,8,10,2,5,LinearSVC,HMM_GMM,7,"{'n_components': 2, 'n_mix': 5, 'covariance_type': 'diag'}",0.59,0.5853632974929422,"{'C': 1.0, 'class_weight': None, 'dual': False, 'fit_intercept': True, 'intercept_scaling': 1, 'loss': 'squared_hinge', 'max_iter': 100, 'multi_class': 'ovr', 'penalty': 'l2', 'random_state': 42, 'tol': 0.0001, 'verbose': 0}",0.03644585609436035
Coffee,8,10,2,5,LogisticRegression,HMM_GMM,7,"{'n_components': 2, 'n_mix': 5, 'covariance_type': 'diag'}",0.582,0.5776685579795141,"{'C': 1.0, 'class_weight': None, 'dual': False, 'fit_intercept': True, 'intercept_scaling': 1, 'l1_ratio': None, 'max_iter': 100, 'multi_class': 'deprecated', 'n_jobs': None, 'penalty': 'l2', 'random_state': 42, 'solver': 'lbfgs', 'tol': 0.0001, 'verbose': 0, 'warm_start': False}",0.08126664161682129
Coffee,8,10,2,5,KNN,HMM_GMM,8,"{'n_components': 1, 'n_mix': 3, 'covariance_type': 'full'}",0.692,0.6978514469327376,"{'algorithm': 'auto', 'leaf_size': 30, 'metric': 'minkowski', 'metric_params': None, 'n_jobs': None, 'n_neighbors': 5, 'p': 2, 'weights': 'uniform'}",0.035653114318847656
Coffee,8,10,2,5,RandomForest,HMM_GMM,8,"{'n_components': 1, 'n_mix': 3, 'covariance_type': 'full'}",0.57,0.5563737492461077,"{'bootstrap': True, 'ccp_alpha': 0.0, 'class_weight': None, 'criterion': 'gini', 'max_depth': None, 'max_features': 'sqrt', 'max_leaf_nodes': None, 'max_samples': None, 'min_impurity_decrease': 0.0, 'min_samples_leaf': 1, 'min_samples_split': 2, 'min_weight_fraction_leaf': 0.0, 'monotonic_cst': None, 'n_estimators': 100, 'n_jobs': None, 'oob_score': False, 'random_state': 42, 'verbose': 0, 'warm_start': False}",0.8442263603210449
Coffee,8,10,2,5,LinearSVC,HMM_GMM,8,"{'n_components': 1, 'n_mix': 3, 'covariance_type': 'full'}",0.602,0.6050135982772362,"{'C': 1.0, 'class_weight': None, 'dual': False, 'fit_intercept': True, 'intercept_scaling': 1, 'loss': 'squared_hinge', 'max_iter': 100, 'multi_class': 'ovr', 'penalty': 'l2', 'random_state': 42, 'tol': 0.0001, 'verbose': 0}",0.04826068878173828
Coffee,8,10,2,5,LogisticRegression,HMM_GMM,8,"{'n_components': 1, 'n_mix': 3, 'covariance_type': 'full'}",0.602,0.6064682113151362,"{'C': 1.0, 'class_weight': None, 'dual': False, 'fit_intercept': True, 'intercept_scaling': 1, 'l1_ratio': None, 'max_iter': 100, 'multi_class': 'deprecated', 'n_jobs': None, 'penalty': 'l2', 'random_state': 42, 'solver': 'lbfgs', 'tol': 0.0001, 'verbose': 0, 'warm_start': False}",0.1763916015625
Coffee,8,10,2,5,KNN,HMM_GMM,9,"{'n_components': 5, 'n_mix': 1, 'covariance_type': 'diag'}",0.638,0.6156231324864991,"{'algorithm': 'auto', 'leaf_size': 30, 'metric': 'minkowski', 'metric_params': None, 'n_jobs': None, 'n_neighbors': 5, 'p': 2, 'weights': 'uniform'}",0.036365509033203125
Coffee,8,10,2,5,RandomForest,HMM_GMM,9,"{'n_components': 5, 'n_mix': 1, 'covariance_type': 'diag'}",0.632,0.6199012694285488,"{'bootstrap': True, 'ccp_alpha': 0.0, 'class_weight': None, 'criterion': 'gini', 'max_depth': None, 'max_features': 'sqrt', 'max_leaf_nodes': None, 'max_samples': None, 'min_impurity_decrease': 0.0, 'min_samples_leaf': 1, 'min_samples_split': 2, 'min_weight_fraction_leaf': 0.0, 'monotonic_cst': None, 'n_estimators': 100, 'n_jobs': None, 'oob_score': False, 'random_state': 42, 'verbose': 0, 'warm_start': False}",0.9567992687225342
Coffee,8,10,2,5,LinearSVC,HMM_GMM,9,"{'n_components': 5, 'n_mix': 1, 'covariance_type': 'diag'}",0.422,0.4250971250971251,"{'C': 1.0, 'class_weight': None, 'dual': False, 'fit_intercept': True, 'intercept_scaling': 1, 'loss': 'squared_hinge', 'max_iter': 100, 'multi_class': 'ovr', 'penalty': 'l2', 'random_state': 42, 'tol': 0.0001, 'verbose': 0}",0.04275774955749512
Coffee,8,10,2,5,LogisticRegression,HMM_GMM,9,"{'n_components': 5, 'n_mix': 1, 'covariance_type': 'diag'}",0.416,0.4282651611593882,"{'C': 1.0, 'class_weight': None, 'dual': False, 'fit_intercept': True, 'intercept_scaling': 1, 'l1_ratio': None, 'max_iter': 100, 'multi_class': 'deprecated', 'n_jobs': None, 'penalty': 'l2', 'random_state': 42, 'solver': 'lbfgs', 'tol': 0.0001, 'verbose': 0, 'warm_start': False}",0.13213586807250977
Coffee,8,10,2,5,KNN,HMM_GMM,10,"{'n_components': 3, 'n_mix': 5, 'covariance_type': 'diag'}",0.638,0.619049709187018,"{'algorithm': 'auto', 'leaf_size': 30, 'metric': 'minkowski', 'metric_params': None, 'n_jobs': None, 'n_neighbors': 5, 'p': 2, 'weights': 'uniform'}",0.037235260009765625
Coffee,8,10,2,5,RandomForest,HMM_GMM,10,"{'n_components': 3, 'n_mix': 5, 'covariance_type': 'diag'}",0.768,0.7667056108289367,"{'bootstrap': True, 'ccp_alpha': 0.0, 'class_weight': None, 'criterion': 'gini', 'max_depth': None, 'max_features': 'sqrt', 'max_leaf_nodes': None, 'max_samples': None, 'min_impurity_decrease': 0.0, 'min_samples_leaf': 1, 'min_samples_split': 2, 'min_weight_fraction_leaf': 0.0, 'monotonic_cst': None, 'n_estimators': 100, 'n_jobs': None, 'oob_score': False, 'random_state': 42, 'verbose': 0, 'warm_start': False}",0.8880937099456787
Coffee,8,10,2,5,LinearSVC,HMM_GMM,10,"{'n_components': 3, 'n_mix': 5, 'covariance_type': 'diag'}",0.544,0.5455690550311889,"{'C': 1.0, 'class_weight': None, 'dual': False, 'fit_intercept': True, 'intercept_scaling': 1, 'loss': 'squared_hinge', 'max_iter': 100, 'multi_class': 'ovr', 'penalty': 'l2', 'random_state': 42, 'tol': 0.0001, 'verbose': 0}",0.0393373966217041
Coffee,8,10,2,5,LogisticRegression,HMM_GMM,10,"{'n_components': 3, 'n_mix': 5, 'covariance_type': 'diag'}",0.59,0.5879973438087124,"{'C': 1.0, 'class_weight': None, 'dual': False, 'fit_intercept': True, 'intercept_scaling': 1, 'l1_ratio': None, 'max_iter': 100, 'multi_class': 'deprecated', 'n_jobs': None, 'penalty': 'l2', 'random_state': 42, 'solver': 'lbfgs', 'tol': 0.0001, 'verbose': 0, 'warm_start': False}",0.09842252731323242
Coffee,8,10,2,10,KNN,HMM_GMM,1,"{'n_components': 2, 'n_mix': 1, 'covariance_type': 'diag'}",0.642,0.6204758001888624,"{'algorithm': 'auto', 'leaf_size': 30, 'metric': 'minkowski', 'metric_params': None, 'n_jobs': None, 'n_neighbors': 5, 'p': 2, 'weights': 'uniform'}",0.07205677032470703
Coffee,8,10,2,10,RandomForest,HMM_GMM,1,"{'n_components': 2, 'n_mix': 1, 'covariance_type': 'diag'}",0.586,0.5746021675234039,"{'bootstrap': True, 'ccp_alpha': 0.0, 'class_weight': None, 'criterion': 'gini', 'max_depth': None, 'max_features': 'sqrt', 'max_leaf_nodes': None, 'max_samples': None, 'min_impurity_decrease': 0.0, 'min_samples_leaf': 1, 'min_samples_split': 2, 'min_weight_fraction_leaf': 0.0, 'monotonic_cst': None, 'n_estimators': 100, 'n_jobs': None, 'oob_score': False, 'random_state': 42, 'verbose': 0, 'warm_start': False}",1.3461577892303467
Coffee,8,10,2,10,LinearSVC,HMM_GMM,1,"{'n_components': 2, 'n_mix': 1, 'covariance_type': 'diag'}",0.552,0.5573115207020858,"{'C': 1.0, 'class_weight': None, 'dual': False, 'fit_intercept': True, 'intercept_scaling': 1, 'loss': 'squared_hinge', 'max_iter': 100, 'multi_class': 'ovr', 'penalty': 'l2', 'random_state': 42, 'tol': 0.0001, 'verbose': 0}",0.06127500534057617
Coffee,8,10,2,10,LogisticRegression,HMM_GMM,1,"{'n_components': 2, 'n_mix': 1, 'covariance_type': 'diag'}",0.406,0.42341804998792293,"{'C': 1.0, 'class_weight': None, 'dual': False, 'fit_intercept': True, 'intercept_scaling': 1, 'l1_ratio': None, 'max_iter': 100, 'multi_class': 'deprecated', 'n_jobs': None, 'penalty': 'l2', 'random_state': 42, 'solver': 'lbfgs', 'tol': 0.0001, 'verbose': 0, 'warm_start': False}",0.08641314506530762
Coffee,8,10,2,10,KNN,HMM_GMM,2,"{'n_components': 2, 'n_mix': 4, 'covariance_type': 'tied'}",0.646,0.6292740668599618,"{'algorithm': 'auto', 'leaf_size': 30, 'metric': 'minkowski', 'metric_params': None, 'n_jobs': None, 'n_neighbors': 5, 'p': 2, 'weights': 'uniform'}",0.06680512428283691
Coffee,8,10,2,10,RandomForest,HMM_GMM,2,"{'n_components': 2, 'n_mix': 4, 'covariance_type': 'tied'}",0.678,0.6838536305795178,"{'bootstrap': True, 'ccp_alpha': 0.0, 'class_weight': None, 'criterion': 'gini', 'max_depth': None, 'max_features': 'sqrt', 'max_leaf_nodes': None, 'max_samples': None, 'min_impurity_decrease': 0.0, 'min_samples_leaf': 1, 'min_samples_split': 2, 'min_weight_fraction_leaf': 0.0, 'monotonic_cst': None, 'n_estimators': 100, 'n_jobs': None, 'oob_score': False, 'random_state': 42, 'verbose': 0, 'warm_start': False}",1.4082279205322266
Coffee,8,10,2,10,LinearSVC,HMM_GMM,2,"{'n_components': 2, 'n_mix': 4, 'covariance_type': 'tied'}",0.562,0.5635221891297809,"{'C': 1.0, 'class_weight': None, 'dual': False, 'fit_intercept': True, 'intercept_scaling': 1, 'loss': 'squared_hinge', 'max_iter': 100, 'multi_class': 'ovr', 'penalty': 'l2', 'random_state': 42, 'tol': 0.0001, 'verbose': 0}",0.10803914070129395
Coffee,8,10,2,10,LogisticRegression,HMM_GMM,2,"{'n_components': 2, 'n_mix': 4, 'covariance_type': 'tied'}",0.476,0.48991766677996923,"{'C': 1.0, 'class_weight': None, 'dual': False, 'fit_intercept': True, 'intercept_scaling': 1, 'l1_ratio': None, 'max_iter': 100, 'multi_class': 'deprecated', 'n_jobs': None, 'penalty': 'l2', 'random_state': 42, 'solver': 'lbfgs', 'tol': 0.0001, 'verbose': 0, 'warm_start': False}",0.5999908447265625
Coffee,8,10,2,10,KNN,HMM_GMM,3,"{'n_components': 1, 'n_mix': 3, 'covariance_type': 'diag'}",0.598,0.5781626605885661,"{'algorithm': 'auto', 'leaf_size': 30, 'metric': 'minkowski', 'metric_params': None, 'n_jobs': None, 'n_neighbors': 5, 'p': 2, 'weights': 'uniform'}",0.06608915328979492
Coffee,8,10,2,10,RandomForest,HMM_GMM,3,"{'n_components': 1, 'n_mix': 3, 'covariance_type': 'diag'}",0.644,0.6438824262615638,"{'bootstrap': True, 'ccp_alpha': 0.0, 'class_weight': None, 'criterion': 'gini', 'max_depth': None, 'max_features': 'sqrt', 'max_leaf_nodes': None, 'max_samples': None, 'min_impurity_decrease': 0.0, 'min_samples_leaf': 1, 'min_samples_split': 2, 'min_weight_fraction_leaf': 0.0, 'monotonic_cst': None, 'n_estimators': 100, 'n_jobs': None, 'oob_score': False, 'random_state': 42, 'verbose': 0, 'warm_start': False}",1.6624443531036377
Coffee,8,10,2,10,LinearSVC,HMM_GMM,3,"{'n_components': 1, 'n_mix': 3, 'covariance_type': 'diag'}",0.574,0.5875657514131537,"{'C': 1.0, 'class_weight': None, 'dual': False, 'fit_intercept': True, 'intercept_scaling': 1, 'loss': 'squared_hinge', 'max_iter': 100, 'multi_class': 'ovr', 'penalty': 'l2', 'random_state': 42, 'tol': 0.0001, 'verbose': 0}",0.07770037651062012
Coffee,8,10,2,10,LogisticRegression,HMM_GMM,3,"{'n_components': 1, 'n_mix': 3, 'covariance_type': 'diag'}",0.57,0.5639249639249639,"{'C': 1.0, 'class_weight': None, 'dual': False, 'fit_intercept': True, 'intercept_scaling': 1, 'l1_ratio': None, 'max_iter': 100, 'multi_class': 'deprecated', 'n_jobs': None, 'penalty': 'l2', 'random_state': 42, 'solver': 'lbfgs', 'tol': 0.0001, 'verbose': 0, 'warm_start': False}",0.3812906742095947
Coffee,8,10,2,10,KNN,HMM_GMM,4,"{'n_components': 4, 'n_mix': 3, 'covariance_type': 'diag'}",0.602,0.5823007811780158,"{'algorithm': 'auto', 'leaf_size': 30, 'metric': 'minkowski', 'metric_params': None, 'n_jobs': None, 'n_neighbors': 5, 'p': 2, 'weights': 'uniform'}",0.13280606269836426
Coffee,8,10,2,10,RandomForest,HMM_GMM,4,"{'n_components': 4, 'n_mix': 3, 'covariance_type': 'diag'}",0.704,0.7098784355179704,"{'bootstrap': True, 'ccp_alpha': 0.0, 'class_weight': None, 'criterion': 'gini', 'max_depth': None, 'max_features': 'sqrt', 'max_leaf_nodes': None, 'max_samples': None, 'min_impurity_decrease': 0.0, 'min_samples_leaf': 1, 'min_samples_split': 2, 'min_weight_fraction_leaf': 0.0, 'monotonic_cst': None, 'n_estimators': 100, 'n_jobs': None, 'oob_score': False, 'random_state': 42, 'verbose': 0, 'warm_start': False}",1.561098575592041
Coffee,8,10,2,10,LinearSVC,HMM_GMM,4,"{'n_components': 4, 'n_mix': 3, 'covariance_type': 'diag'}",0.492,0.5120693175409533,"{'C': 1.0, 'class_weight': None, 'dual': False, 'fit_intercept': True, 'intercept_scaling': 1, 'loss': 'squared_hinge', 'max_iter': 100, 'multi_class': 'ovr', 'penalty': 'l2', 'random_state': 42, 'tol': 0.0001, 'verbose': 0}",0.08580708503723145
Coffee,8,10,2,10,LogisticRegression,HMM_GMM,4,"{'n_components': 4, 'n_mix': 3, 'covariance_type': 'diag'}",0.45,0.4705422106967557,"{'C': 1.0, 'class_weight': None, 'dual': False, 'fit_intercept': True, 'intercept_scaling': 1, 'l1_ratio': None, 'max_iter': 100, 'multi_class': 'deprecated', 'n_jobs': None, 'penalty': 'l2', 'random_state': 42, 'solver': 'lbfgs', 'tol': 0.0001, 'verbose': 0, 'warm_start': False}",0.30711841583251953
Coffee,8,10,2,10,KNN,HMM_GMM,5,"{'n_components': 1, 'n_mix': 1, 'covariance_type': 'tied'}",0.756,0.7623459702487491,"{'algorithm': 'auto', 'leaf_size': 30, 'metric': 'minkowski', 'metric_params': None, 'n_jobs': None, 'n_neighbors': 5, 'p': 2, 'weights': 'uniform'}",0.0608518123626709
Coffee,8,10,2,10,RandomForest,HMM_GMM,5,"{'n_components': 1, 'n_mix': 1, 'covariance_type': 'tied'}",0.618,0.6259078235197638,"{'bootstrap': True, 'ccp_alpha': 0.0, 'class_weight': None, 'criterion': 'gini', 'max_depth': None, 'max_features': 'sqrt', 'max_leaf_nodes': None, 'max_samples': None, 'min_impurity_decrease': 0.0, 'min_samples_leaf': 1, 'min_samples_split': 2, 'min_weight_fraction_leaf': 0.0, 'monotonic_cst': None, 'n_estimators': 100, 'n_jobs': None, 'oob_score': False, 'random_state': 42, 'verbose': 0, 'warm_start': False}",1.6602635383605957
Coffee,8,10,2,10,LinearSVC,HMM_GMM,5,"{'n_components': 1, 'n_mix': 1, 'covariance_type': 'tied'}",0.588,0.5923851042739304,"{'C': 1.0, 'class_weight': None, 'dual': False, 'fit_intercept': True, 'intercept_scaling': 1, 'loss': 'squared_hinge', 'max_iter': 100, 'multi_class': 'ovr', 'penalty': 'l2', 'random_state': 42, 'tol': 0.0001, 'verbose': 0}",0.10253000259399414
Coffee,8,10,2,10,LogisticRegression,HMM_GMM,5,"{'n_components': 1, 'n_mix': 1, 'covariance_type': 'tied'}",0.488,0.507927141114914,"{'C': 1.0, 'class_weight': None, 'dual': False, 'fit_intercept': True, 'intercept_scaling': 1, 'l1_ratio': None, 'max_iter': 100, 'multi_class': 'deprecated', 'n_jobs': None, 'penalty': 'l2', 'random_state': 42, 'solver': 'lbfgs', 'tol': 0.0001, 'verbose': 0, 'warm_start': False}",0.2920680046081543
Coffee,8,10,2,10,KNN,HMM_GMM,6,"{'n_components': 4, 'n_mix': 3, 'covariance_type': 'diag'}",0.642,0.6210778565706007,"{'algorithm': 'auto', 'leaf_size': 30, 'metric': 'minkowski', 'metric_params': None, 'n_jobs': None, 'n_neighbors': 5, 'p': 2, 'weights': 'uniform'}",0.05971336364746094
Coffee,8,10,2,10,RandomForest,HMM_GMM,6,"{'n_components': 4, 'n_mix': 3, 'covariance_type': 'diag'}",0.69,0.6902030314494529,"{'bootstrap': True, 'ccp_alpha': 0.0, 'class_weight': None, 'criterion': 'gini', 'max_depth': None, 'max_features': 'sqrt', 'max_leaf_nodes': None, 'max_samples': None, 'min_impurity_decrease': 0.0, 'min_samples_leaf': 1, 'min_samples_split': 2, 'min_weight_fraction_leaf': 0.0, 'monotonic_cst': None, 'n_estimators': 100, 'n_jobs': None, 'oob_score': False, 'random_state': 42, 'verbose': 0, 'warm_start': False}",1.2123157978057861
Coffee,8,10,2,10,LinearSVC,HMM_GMM,6,"{'n_components': 4, 'n_mix': 3, 'covariance_type': 'diag'}",0.55,0.5514789176316449,"{'C': 1.0, 'class_weight': None, 'dual': False, 'fit_intercept': True, 'intercept_scaling': 1, 'loss': 'squared_hinge', 'max_iter': 100, 'multi_class': 'ovr', 'penalty': 'l2', 'random_state': 42, 'tol': 0.0001, 'verbose': 0}",0.07822799682617188
Coffee,8,10,2,10,LogisticRegression,HMM_GMM,6,"{'n_components': 4, 'n_mix': 3, 'covariance_type': 'diag'}",0.462,0.4887447455027628,"{'C': 1.0, 'class_weight': None, 'dual': False, 'fit_intercept': True, 'intercept_scaling': 1, 'l1_ratio': None, 'max_iter': 100, 'multi_class': 'deprecated', 'n_jobs': None, 'penalty': 'l2', 'random_state': 42, 'solver': 'lbfgs', 'tol': 0.0001, 'verbose': 0, 'warm_start': False}",0.15577268600463867
Coffee,8,10,2,10,KNN,HMM_GMM,7,"{'n_components': 2, 'n_mix': 5, 'covariance_type': 'diag'}",0.668,0.6573829035293616,"{'algorithm': 'auto', 'leaf_size': 30, 'metric': 'minkowski', 'metric_params': None, 'n_jobs': None, 'n_neighbors': 5, 'p': 2, 'weights': 'uniform'}",0.05933547019958496
Coffee,8,10,2,10,RandomForest,HMM_GMM,7,"{'n_components': 2, 'n_mix': 5, 'covariance_type': 'diag'}",0.65,0.6532588799067189,"{'bootstrap': True, 'ccp_alpha': 0.0, 'class_weight': None, 'criterion': 'gini', 'max_depth': None, 'max_features': 'sqrt', 'max_leaf_nodes': None, 'max_samples': None, 'min_impurity_decrease': 0.0, 'min_samples_leaf': 1, 'min_samples_split': 2, 'min_weight_fraction_leaf': 0.0, 'monotonic_cst': None, 'n_estimators': 100, 'n_jobs': None, 'oob_score': False, 'random_state': 42, 'verbose': 0, 'warm_start': False}",1.4392693042755127
Coffee,8,10,2,10,LinearSVC,HMM_GMM,7,"{'n_components': 2, 'n_mix': 5, 'covariance_type': 'diag'}",0.592,0.5874275085661766,"{'C': 1.0, 'class_weight': None, 'dual': False, 'fit_intercept': True, 'intercept_scaling': 1, 'loss': 'squared_hinge', 'max_iter': 100, 'multi_class': 'ovr', 'penalty': 'l2', 'random_state': 42, 'tol': 0.0001, 'verbose': 0}",0.0936727523803711
Coffee,8,10,2,10,LogisticRegression,HMM_GMM,7,"{'n_components': 2, 'n_mix': 5, 'covariance_type': 'diag'}",0.584,0.5790660225442834,"{'C': 1.0, 'class_weight': None, 'dual': False, 'fit_intercept': True, 'intercept_scaling': 1, 'l1_ratio': None, 'max_iter': 100, 'multi_class': 'deprecated', 'n_jobs': None, 'penalty': 'l2', 'random_state': 42, 'solver': 'lbfgs', 'tol': 0.0001, 'verbose': 0, 'warm_start': False}",0.463763952255249
Coffee,8,10,2,10,KNN,HMM_GMM,8,"{'n_components': 1, 'n_mix': 3, 'covariance_type': 'full'}",0.692,0.6978514469327376,"{'algorithm': 'auto', 'leaf_size': 30, 'metric': 'minkowski', 'metric_params': None, 'n_jobs': None, 'n_neighbors': 5, 'p': 2, 'weights': 'uniform'}",0.11020755767822266
Coffee,8,10,2,10,RandomForest,HMM_GMM,8,"{'n_components': 1, 'n_mix': 3, 'covariance_type': 'full'}",0.564,0.5528142896680931,"{'bootstrap': True, 'ccp_alpha': 0.0, 'class_weight': None, 'criterion': 'gini', 'max_depth': None, 'max_features': 'sqrt', 'max_leaf_nodes': None, 'max_samples': None, 'min_impurity_decrease': 0.0, 'min_samples_leaf': 1, 'min_samples_split': 2, 'min_weight_fraction_leaf': 0.0, 'monotonic_cst': None, 'n_estimators': 100, 'n_jobs': None, 'oob_score': False, 'random_state': 42, 'verbose': 0, 'warm_start': False}",1.499603509902954
Coffee,8,10,2,10,LinearSVC,HMM_GMM,8,"{'n_components': 1, 'n_mix': 3, 'covariance_type': 'full'}",0.61,0.6134947714860346,"{'C': 1.0, 'class_weight': None, 'dual': False, 'fit_intercept': True, 'intercept_scaling': 1, 'loss': 'squared_hinge', 'max_iter': 100, 'multi_class': 'ovr', 'penalty': 'l2', 'random_state': 42, 'tol': 0.0001, 'verbose': 0}",0.12859654426574707
Coffee,8,10,2,10,LogisticRegression,HMM_GMM,8,"{'n_components': 1, 'n_mix': 3, 'covariance_type': 'full'}",0.608,0.6108343139170569,"{'C': 1.0, 'class_weight': None, 'dual': False, 'fit_intercept': True, 'intercept_scaling': 1, 'l1_ratio': None, 'max_iter': 100, 'multi_class': 'deprecated', 'n_jobs': None, 'penalty': 'l2', 'random_state': 42, 'solver': 'lbfgs', 'tol': 0.0001, 'verbose': 0, 'warm_start': False}",0.5237805843353271
Coffee,8,10,2,10,KNN,HMM_GMM,9,"{'n_components': 5, 'n_mix': 1, 'covariance_type': 'diag'}",0.638,0.6156231324864991,"{'algorithm': 'auto', 'leaf_size': 30, 'metric': 'minkowski', 'metric_params': None, 'n_jobs': None, 'n_neighbors': 5, 'p': 2, 'weights': 'uniform'}",0.057976484298706055
Coffee,8,10,2,10,RandomForest,HMM_GMM,9,"{'n_components': 5, 'n_mix': 1, 'covariance_type': 'diag'}",0.64,0.629898684444139,"{'bootstrap': True, 'ccp_alpha': 0.0, 'class_weight': None, 'criterion': 'gini', 'max_depth': None, 'max_features': 'sqrt', 'max_leaf_nodes': None, 'max_samples': None, 'min_impurity_decrease': 0.0, 'min_samples_leaf': 1, 'min_samples_split': 2, 'min_weight_fraction_leaf': 0.0, 'monotonic_cst': None, 'n_estimators': 100, 'n_jobs': None, 'oob_score': False, 'random_state': 42, 'verbose': 0, 'warm_start': False}",1.4015681743621826
Coffee,8,10,2,10,LinearSVC,HMM_GMM,9,"{'n_components': 5, 'n_mix': 1, 'covariance_type': 'diag'}",0.422,0.4214069132807763,"{'C': 1.0, 'class_weight': None, 'dual': False, 'fit_intercept': True, 'intercept_scaling': 1, 'loss': 'squared_hinge', 'max_iter': 100, 'multi_class': 'ovr', 'penalty': 'l2', 'random_state': 42, 'tol': 0.0001, 'verbose': 0}",0.08713555335998535
Coffee,8,10,2,10,LogisticRegression,HMM_GMM,9,"{'n_components': 5, 'n_mix': 1, 'covariance_type': 'diag'}",0.418,0.4278410191547306,"{'C': 1.0, 'class_weight': None, 'dual': False, 'fit_intercept': True, 'intercept_scaling': 1, 'l1_ratio': None, 'max_iter': 100, 'multi_class': 'deprecated', 'n_jobs': None, 'penalty': 'l2', 'random_state': 42, 'solver': 'lbfgs', 'tol': 0.0001, 'verbose': 0, 'warm_start': False}",0.3091886043548584
Coffee,8,10,2,10,KNN,HMM_GMM,10,"{'n_components': 3, 'n_mix': 5, 'covariance_type': 'diag'}",0.638,0.619049709187018,"{'algorithm': 'auto', 'leaf_size': 30, 'metric': 'minkowski', 'metric_params': None, 'n_jobs': None, 'n_neighbors': 5, 'p': 2, 'weights': 'uniform'}",0.05878162384033203
Coffee,8,10,2,10,RandomForest,HMM_GMM,10,"{'n_components': 3, 'n_mix': 5, 'covariance_type': 'diag'}",0.756,0.7559381044487427,"{'bootstrap': True, 'ccp_alpha': 0.0, 'class_weight': None, 'criterion': 'gini', 'max_depth': None, 'max_features': 'sqrt', 'max_leaf_nodes': None, 'max_samples': None, 'min_impurity_decrease': 0.0, 'min_samples_leaf': 1, 'min_samples_split': 2, 'min_weight_fraction_leaf': 0.0, 'monotonic_cst': None, 'n_estimators': 100, 'n_jobs': None, 'oob_score': False, 'random_state': 42, 'verbose': 0, 'warm_start': False}",1.2710142135620117
Coffee,8,10,2,10,LinearSVC,HMM_GMM,10,"{'n_components': 3, 'n_mix': 5, 'covariance_type': 'diag'}",0.526,0.5289818042241841,"{'C': 1.0, 'class_weight': None, 'dual': False, 'fit_intercept': True, 'intercept_scaling': 1, 'loss': 'squared_hinge', 'max_iter': 100, 'multi_class': 'ovr', 'penalty': 'l2', 'random_state': 42, 'tol': 0.0001, 'verbose': 0}",0.0821230411529541
Coffee,8,10,2,10,LogisticRegression,HMM_GMM,10,"{'n_components': 3, 'n_mix': 5, 'covariance_type': 'diag'}",0.586,0.5838771310504305,"{'C': 1.0, 'class_weight': None, 'dual': False, 'fit_intercept': True, 'intercept_scaling': 1, 'l1_ratio': None, 'max_iter': 100, 'multi_class': 'deprecated', 'n_jobs': None, 'penalty': 'l2', 'random_state': 42, 'solver': 'lbfgs', 'tol': 0.0001, 'verbose': 0, 'warm_start': False}",0.15536856651306152
Coffee,8,10,3,1,KNN,Baseline,N/A,N/A,0.736,0.720351420466672,"{'algorithm': 'auto', 'leaf_size': 30, 'metric': 'minkowski', 'metric_params': None, 'n_jobs': None, 'n_neighbors': 5, 'p': 2, 'weights': 'uniform'}",0.02756786346435547
Coffee,8,10,3,1,KNN,Tuned_Baseline,N/A,N/A,0.782,0.7790698978330577,"{'algorithm': 'auto', 'leaf_size': 30, 'metric': 'chebyshev', 'metric_params': None, 'n_jobs': None, 'n_neighbors': np.int64(5), 'p': 2, 'weights': 'uniform'}",0.02148270606994629
Coffee,8,10,3,1,RandomForest,Baseline,N/A,N/A,0.722,0.6976608380120336,"{'bootstrap': True, 'ccp_alpha': 0.0, 'class_weight': None, 'criterion': 'gini', 'max_depth': None, 'max_features': 'sqrt', 'max_leaf_nodes': None, 'max_samples': None, 'min_impurity_decrease': 0.0, 'min_samples_leaf': 1, 'min_samples_split': 2, 'min_weight_fraction_leaf': 0.0, 'monotonic_cst': None, 'n_estimators': 100, 'n_jobs': None, 'oob_score': False, 'random_state': 42, 'verbose': 0, 'warm_start': False}",0.4027228355407715
Coffee,8,10,3,1,RandomForest,Tuned_Baseline,N/A,N/A,0.722,0.6976608380120336,"{'bootstrap': True, 'ccp_alpha': 0.0, 'class_weight': None, 'criterion': 'gini', 'max_depth': 20, 'max_features': 'sqrt', 'max_leaf_nodes': None, 'max_samples': None, 'min_impurity_decrease': 0.0, 'min_samples_leaf': 1, 'min_samples_split': 2, 'min_weight_fraction_leaf': 0.0, 'monotonic_cst': None, 'n_estimators': 100, 'n_jobs': None, 'oob_score': False, 'random_state': 42, 'verbose': 0, 'warm_start': False}",0.0075604915618896484
Coffee,8,10,3,1,LinearSVC,Baseline,N/A,N/A,0.6,0.5999231113092944,"{'C': 1.0, 'class_weight': None, 'dual': False, 'fit_intercept': True, 'intercept_scaling': 1, 'loss': 'squared_hinge', 'max_iter': 100, 'multi_class': 'ovr', 'penalty': 'l2', 'random_state': 42, 'tol': 0.0001, 'verbose': 0}",0.010401248931884766
Coffee,8,10,3,1,LinearSVC,Tuned_Baseline,N/A,N/A,0.602,0.6021972961415742,"{'C': np.float64(1000.0), 'class_weight': 'balanced', 'dual': False, 'fit_intercept': True, 'intercept_scaling': 1, 'loss': 'squared_hinge', 'max_iter': 100, 'multi_class': 'ovr', 'penalty': 'l2', 'random_state': 42, 'tol': 0.001, 'verbose': 0}",0.00031638145446777344
Coffee,8,10,3,1,LogisticRegression,Baseline,N/A,N/A,0.614,0.6159508956605447,"{'C': 1.0, 'class_weight': None, 'dual': False, 'fit_intercept': True, 'intercept_scaling': 1, 'l1_ratio': None, 'max_iter': 100, 'multi_class': 'deprecated', 'n_jobs': None, 'penalty': 'l2', 'random_state': 42, 'solver': 'lbfgs', 'tol': 0.0001, 'verbose': 0, 'warm_start': False}",0.20066285133361816
Coffee,8,10,3,1,LogisticRegression,Tuned_Baseline,N/A,N/A,0.69,0.6932495424039048,"{'C': np.float64(33.59818286283781), 'class_weight': 'balanced', 'dual': False, 'fit_intercept': True, 'intercept_scaling': 1, 'l1_ratio': None, 'max_iter': 100, 'multi_class': 'deprecated', 'n_jobs': None, 'penalty': 'l2', 'random_state': 42, 'solver': 'saga', 'tol': 0.0001, 'verbose': 0, 'warm_start': False}",0.00027632713317871094
Coffee,8,10,3,1,RNN,Tuned_Baseline,N/A,N/A,0.2,0.06666666666666667,"{'hidden_size': 64, 'epochs': 10, 'batch_size': 32, 'lr': 0.001}",5.316734313964844e-05
Coffee,8,10,3,2,KNN,HMM_GMM,1,"{'n_components': 2, 'n_mix': 1, 'covariance_type': 'diag'}",0.704,0.6881594376684325,"{'algorithm': 'auto', 'leaf_size': 30, 'metric': 'euclidean', 'metric_params': None, 'n_jobs': None, 'n_neighbors': np.int64(9), 'p': 2, 'weights': 'distance'}",0.011826753616333008
Coffee,8,10,3,2,RandomForest,HMM_GMM,1,"{'n_components': 2, 'n_mix': 1, 'covariance_type': 'diag'}",0.728,0.6987012169217849,"{'bootstrap': True, 'ccp_alpha': 0.0, 'class_weight': 'balanced', 'criterion': 'gini', 'max_depth': None, 'max_features': 'sqrt', 'max_leaf_nodes': None, 'max_samples': None, 'min_impurity_decrease': 0.0, 'min_samples_leaf': 1, 'min_samples_split': 2, 'min_weight_fraction_leaf': 0.0, 'monotonic_cst': None, 'n_estimators': 50, 'n_jobs': None, 'oob_score': False, 'random_state': 42, 'verbose': 0, 'warm_start': False}",0.3544342517852783
Coffee,8,10,3,2,LinearSVC,HMM_GMM,1,"{'n_components': 2, 'n_mix': 1, 'covariance_type': 'diag'}",0.586,0.6127995884304314,"{'C': np.float64(0.0069519279617756054), 'class_weight': 'balanced', 'dual': False, 'fit_intercept': False, 'intercept_scaling': 1, 'loss': 'squared_hinge', 'max_iter': 100, 'multi_class': 'ovr', 'penalty': 'l2', 'random_state': 42, 'tol': 0.0001, 'verbose': 0}",0.011350631713867188
Coffee,8,10,3,2,LogisticRegression,HMM_GMM,1,"{'n_components': 2, 'n_mix': 1, 'covariance_type': 'diag'}",0.478,0.48872971784977426,"{'C': np.float64(1000.0), 'class_weight': 'balanced', 'dual': False, 'fit_intercept': True, 'intercept_scaling': 1, 'l1_ratio': None, 'max_iter': 100, 'multi_class': 'deprecated', 'n_jobs': None, 'penalty': 'l2', 'random_state': 42, 'solver': 'sag', 'tol': 0.0001, 'verbose': 0, 'warm_start': False}",0.03863120079040527
Coffee,8,10,3,2,KNN,HMM_GMM,2,"{'n_components': 2, 'n_mix': 4, 'covariance_type': 'tied'}",0.71,0.6942109375156909,"{'algorithm': 'auto', 'leaf_size': 30, 'metric': 'euclidean', 'metric_params': None, 'n_jobs': None, 'n_neighbors': np.int64(9), 'p': 2, 'weights': 'distance'}",0.010601282119750977
Coffee,8,10,3,2,RandomForest,HMM_GMM,2,"{'n_components': 2, 'n_mix': 4, 'covariance_type': 'tied'}",0.776,0.7703776920537136,"{'bootstrap': True, 'ccp_alpha': 0.0, 'class_weight': 'balanced', 'criterion': 'gini', 'max_depth': None, 'max_features': 'sqrt', 'max_leaf_nodes': None, 'max_samples': None, 'min_impurity_decrease': 0.0, 'min_samples_leaf': 1, 'min_samples_split': 2, 'min_weight_fraction_leaf': 0.0, 'monotonic_cst': None, 'n_estimators': 50, 'n_jobs': None, 'oob_score': False, 'random_state': 42, 'verbose': 0, 'warm_start': False}",0.37499070167541504
Coffee,8,10,3,2,LinearSVC,HMM_GMM,2,"{'n_components': 2, 'n_mix': 4, 'covariance_type': 'tied'}",0.606,0.6078862719512468,"{'C': np.float64(33.59818286283781), 'class_weight': None, 'dual': False, 'fit_intercept': True, 'intercept_scaling': 1, 'loss': 'squared_hinge', 'max_iter': 100, 'multi_class': 'ovr', 'penalty': 'l1', 'random_state': 42, 'tol': 0.001, 'verbose': 0}",0.046166181564331055
Coffee,8,10,3,2,LogisticRegression,HMM_GMM,2,"{'n_components': 2, 'n_mix': 4, 'covariance_type': 'tied'}",0.758,0.7581985071793989,"{'C': np.float64(33.59818286283781), 'class_weight': None, 'dual': False, 'fit_intercept': True, 'intercept_scaling': 1, 'l1_ratio': None, 'max_iter': 100, 'multi_class': 'deprecated', 'n_jobs': None, 'penalty': 'l2', 'random_state': 42, 'solver': 'saga', 'tol': 0.0001, 'verbose': 0, 'warm_start': False}",0.14384818077087402
Coffee,8,10,3,2,KNN,HMM_GMM,3,"{'n_components': 1, 'n_mix': 3, 'covariance_type': 'diag'}",0.746,0.728915621375533,"{'algorithm': 'auto', 'leaf_size': 30, 'metric': 'chebyshev', 'metric_params': None, 'n_jobs': None, 'n_neighbors': np.int64(5), 'p': 2, 'weights': 'uniform'}",0.026067495346069336
Coffee,8,10,3,2,RandomForest,HMM_GMM,3,"{'n_components': 1, 'n_mix': 3, 'covariance_type': 'diag'}",0.762,0.7614961382703318,"{'bootstrap': True, 'ccp_alpha': 0.0, 'class_weight': 'balanced', 'criterion': 'gini', 'max_depth': 30, 'max_features': 'sqrt', 'max_leaf_nodes': None, 'max_samples': None, 'min_impurity_decrease': 0.0, 'min_samples_leaf': 1, 'min_samples_split': 2, 'min_weight_fraction_leaf': 0.0, 'monotonic_cst': None, 'n_estimators': 150, 'n_jobs': None, 'oob_score': False, 'random_state': 42, 'verbose': 0, 'warm_start': False}",0.9009428024291992
Coffee,8,10,3,2,LinearSVC,HMM_GMM,3,"{'n_components': 1, 'n_mix': 3, 'covariance_type': 'diag'}",0.526,0.5299604069023721,"{'C': np.float64(33.59818286283781), 'class_weight': None, 'dual': False, 'fit_intercept': True, 'intercept_scaling': 1, 'loss': 'squared_hinge', 'max_iter': 100, 'multi_class': 'ovr', 'penalty': 'l1', 'random_state': 42, 'tol': 0.001, 'verbose': 0}",0.03247690200805664
Coffee,8,10,3,2,LogisticRegression,HMM_GMM,3,"{'n_components': 1, 'n_mix': 3, 'covariance_type': 'diag'}",0.574,0.6008499221204836,"{'C': np.float64(6.1584821106602545), 'class_weight': 'balanced', 'dual': False, 'fit_intercept': False, 'intercept_scaling': 1, 'l1_ratio': None, 'max_iter': 100, 'multi_class': 'deprecated', 'n_jobs': None, 'penalty': 'l2', 'random_state': 42, 'solver': 'lbfgs', 'tol': 0.0001, 'verbose': 0, 'warm_start': False}",0.028045654296875
Coffee,8,10,3,2,KNN,HMM_GMM,4,"{'n_components': 4, 'n_mix': 3, 'covariance_type': 'diag'}",0.712,0.6972627166983459,"{'algorithm': 'auto', 'leaf_size': 30, 'metric': 'euclidean', 'metric_params': None, 'n_jobs': None, 'n_neighbors': np.int64(9), 'p': 2, 'weights': 'distance'}",0.011630773544311523
Coffee,8,10,3,2,RandomForest,HMM_GMM,4,"{'n_components': 4, 'n_mix': 3, 'covariance_type': 'diag'}",0.798,0.7954334994190897,"{'bootstrap': True, 'ccp_alpha': 0.0, 'class_weight': None, 'criterion': 'gini', 'max_depth': 20, 'max_features': 'sqrt', 'max_leaf_nodes': None, 'max_samples': None, 'min_impurity_decrease': 0.0, 'min_samples_leaf': 1, 'min_samples_split': 2, 'min_weight_fraction_leaf': 0.0, 'monotonic_cst': None, 'n_estimators': 100, 'n_jobs': None, 'oob_score': False, 'random_state': 42, 'verbose': 0, 'warm_start': False}",0.6146736145019531
Coffee,8,10,3,2,LinearSVC,HMM_GMM,4,"{'n_components': 4, 'n_mix': 3, 'covariance_type': 'diag'}",0.598,0.597843386956394,"{'C': np.float64(0.2069138081114788), 'class_weight': 'balanced', 'dual': False, 'fit_intercept': False, 'intercept_scaling': 1, 'loss': 'squared_hinge', 'max_iter': 100, 'multi_class': 'ovr', 'penalty': 'l2', 'random_state': 42, 'tol': 0.0001, 'verbose': 0}",0.018936634063720703
Coffee,8,10,3,2,LogisticRegression,HMM_GMM,4,"{'n_components': 4, 'n_mix': 3, 'covariance_type': 'diag'}",0.59,0.5904556955456071,"{'C': np.float64(6.1584821106602545), 'class_weight': 'balanced', 'dual': False, 'fit_intercept': False, 'intercept_scaling': 1, 'l1_ratio': None, 'max_iter': 100, 'multi_class': 'deprecated', 'n_jobs': None, 'penalty': 'l2', 'random_state': 42, 'solver': 'lbfgs', 'tol': 0.0001, 'verbose': 0, 'warm_start': False}",0.20152688026428223
Coffee,8,10,3,2,KNN,HMM_GMM,5,"{'n_components': 1, 'n_mix': 1, 'covariance_type': 'tied'}",0.824,0.824985632183908,"{'algorithm': 'auto', 'leaf_size': 30, 'metric': 'chebyshev', 'metric_params': None, 'n_jobs': None, 'n_neighbors': np.int64(5), 'p': 2, 'weights': 'uniform'}",0.025500059127807617
Coffee,8,10,3,2,RandomForest,HMM_GMM,5,"{'n_components': 1, 'n_mix': 1, 'covariance_type': 'tied'}",0.89,0.8921762718564161,"{'bootstrap': True, 'ccp_alpha': 0.0, 'class_weight': 'balanced', 'criterion': 'gini', 'max_depth': 30, 'max_features': 'sqrt', 'max_leaf_nodes': None, 'max_samples': None, 'min_impurity_decrease': 0.0, 'min_samples_leaf': 1, 'min_samples_split': 2, 'min_weight_fraction_leaf': 0.0, 'monotonic_cst': None, 'n_estimators': 150, 'n_jobs': None, 'oob_score': False, 'random_state': 42, 'verbose': 0, 'warm_start': False}",0.9461102485656738
Coffee,8,10,3,2,LinearSVC,HMM_GMM,5,"{'n_components': 1, 'n_mix': 1, 'covariance_type': 'tied'}",0.602,0.6027789127507605,"{'C': np.float64(33.59818286283781), 'class_weight': 'balanced', 'dual': False, 'fit_intercept': True, 'intercept_scaling': 1, 'loss': 'squared_hinge', 'max_iter': 100, 'multi_class': 'ovr', 'penalty': 'l1', 'random_state': 42, 'tol': 0.001, 'verbose': 0}",0.048589229583740234
Coffee,8,10,3,2,LogisticRegression,HMM_GMM,5,"{'n_components': 1, 'n_mix': 1, 'covariance_type': 'tied'}",0.642,0.6452045025771568,"{'C': np.float64(1000.0), 'class_weight': 'balanced', 'dual': False, 'fit_intercept': True, 'intercept_scaling': 1, 'l1_ratio': None, 'max_iter': 100, 'multi_class': 'deprecated', 'n_jobs': None, 'penalty': 'l2', 'random_state': 42, 'solver': 'sag', 'tol': 0.0001, 'verbose': 0, 'warm_start': False}",0.1298060417175293
Coffee,8,10,3,2,KNN,HMM_GMM,6,"{'n_components': 4, 'n_mix': 3, 'covariance_type': 'diag'}",0.712,0.6972627166983459,"{'algorithm': 'auto', 'leaf_size': 30, 'metric': 'euclidean', 'metric_params': None, 'n_jobs': None, 'n_neighbors': np.int64(9), 'p': 2, 'weights': 'distance'}",0.011367082595825195
Coffee,8,10,3,2,RandomForest,HMM_GMM,6,"{'n_components': 4, 'n_mix': 3, 'covariance_type': 'diag'}",0.748,0.7433684807256236,"{'bootstrap': True, 'ccp_alpha': 0.0, 'class_weight': None, 'criterion': 'gini', 'max_depth': 20, 'max_features': 'sqrt', 'max_leaf_nodes': None, 'max_samples': None, 'min_impurity_decrease': 0.0, 'min_samples_leaf': 1, 'min_samples_split': 2, 'min_weight_fraction_leaf': 0.0, 'monotonic_cst': None, 'n_estimators': 100, 'n_jobs': None, 'oob_score': False, 'random_state': 42, 'verbose': 0, 'warm_start': False}",0.581104040145874
Coffee,8,10,3,2,LinearSVC,HMM_GMM,6,"{'n_components': 4, 'n_mix': 3, 'covariance_type': 'diag'}",0.592,0.5913802363050483,"{'C': np.float64(0.2069138081114788), 'class_weight': 'balanced', 'dual': False, 'fit_intercept': False, 'intercept_scaling': 1, 'loss': 'squared_hinge', 'max_iter': 100, 'multi_class': 'ovr', 'penalty': 'l2', 'random_state': 42, 'tol': 0.0001, 'verbose': 0}",0.014622211456298828
Coffee,8,10,3,2,LogisticRegression,HMM_GMM,6,"{'n_components': 4, 'n_mix': 3, 'covariance_type': 'diag'}",0.594,0.5928080207572362,"{'C': np.float64(6.1584821106602545), 'class_weight': 'balanced', 'dual': False, 'fit_intercept': False, 'intercept_scaling': 1, 'l1_ratio': None, 'max_iter': 100, 'multi_class': 'deprecated', 'n_jobs': None, 'penalty': 'l2', 'random_state': 42, 'solver': 'lbfgs', 'tol': 0.0001, 'verbose': 0, 'warm_start': False}",0.12781906127929688
Coffee,8,10,3,2,KNN,HMM_GMM,7,"{'n_components': 2, 'n_mix': 5, 'covariance_type': 'diag'}",0.724,0.7171431237895833,"{'algorithm': 'auto', 'leaf_size': 30, 'metric': 'euclidean', 'metric_params': None, 'n_jobs': None, 'n_neighbors': np.int64(9), 'p': 2, 'weights': 'distance'}",0.011164188385009766
Coffee,8,10,3,2,RandomForest,HMM_GMM,7,"{'n_components': 2, 'n_mix': 5, 'covariance_type': 'diag'}",0.774,0.7685708914741173,"{'bootstrap': True, 'ccp_alpha': 0.0, 'class_weight': 'balanced', 'criterion': 'gini', 'max_depth': 30, 'max_features': 'sqrt', 'max_leaf_nodes': None, 'max_samples': None, 'min_impurity_decrease': 0.0, 'min_samples_leaf': 1, 'min_samples_split': 2, 'min_weight_fraction_leaf': 0.0, 'monotonic_cst': None, 'n_estimators': 150, 'n_jobs': None, 'oob_score': False, 'random_state': 42, 'verbose': 0, 'warm_start': False}",0.9260604381561279
Coffee,8,10,3,2,LinearSVC,HMM_GMM,7,"{'n_components': 2, 'n_mix': 5, 'covariance_type': 'diag'}",0.586,0.582935154185255,"{'C': np.float64(0.2069138081114788), 'class_weight': 'balanced', 'dual': False, 'fit_intercept': False, 'intercept_scaling': 1, 'loss': 'squared_hinge', 'max_iter': 100, 'multi_class': 'ovr', 'penalty': 'l2', 'random_state': 42, 'tol': 0.0001, 'verbose': 0}",0.01477360725402832
Coffee,8,10,3,2,LogisticRegression,HMM_GMM,7,"{'n_components': 2, 'n_mix': 5, 'covariance_type': 'diag'}",0.57,0.5730829159461548,"{'C': np.float64(183.29807108324337), 'class_weight': 'balanced', 'dual': False, 'fit_intercept': True, 'intercept_scaling': 1, 'l1_ratio': None, 'max_iter': 100, 'multi_class': 'deprecated', 'n_jobs': None, 'penalty': 'l1', 'random_state': 42, 'solver': 'saga', 'tol': 0.0001, 'verbose': 0, 'warm_start': False}",0.11410236358642578
Coffee,8,10,3,2,KNN,HMM_GMM,8,"{'n_components': 1, 'n_mix': 3, 'covariance_type': 'full'}",0.742,0.7368479441029654,"{'algorithm': 'auto', 'leaf_size': 30, 'metric': 'euclidean', 'metric_params': None, 'n_jobs': None, 'n_neighbors': np.int64(9), 'p': 2, 'weights': 'distance'}",0.010760068893432617
Coffee,8,10,3,2,RandomForest,HMM_GMM,8,"{'n_components': 1, 'n_mix': 3, 'covariance_type': 'full'}",0.768,0.7594113872787,"{'bootstrap': True, 'ccp_alpha': 0.0, 'class_weight': 'balanced', 'criterion': 'gini', 'max_depth': None, 'max_features': 'sqrt', 'max_leaf_nodes': None, 'max_samples': None, 'min_impurity_decrease': 0.0, 'min_samples_leaf': 2, 'min_samples_split': 2, 'min_weight_fraction_leaf': 0.0, 'monotonic_cst': None, 'n_estimators': 150, 'n_jobs': None, 'oob_score': False, 'random_state': 42, 'verbose': 0, 'warm_start': False}",0.9160563945770264
Coffee,8,10,3,2,LinearSVC,HMM_GMM,8,"{'n_components': 1, 'n_mix': 3, 'covariance_type': 'full'}",0.6,0.6000538258397671,"{'C': np.float64(0.08858667904100823), 'class_weight': None, 'dual': False, 'fit_intercept': True, 'intercept_scaling': 1, 'loss': 'squared_hinge', 'max_iter': 100, 'multi_class': 'ovr', 'penalty': 'l1', 'random_state': 42, 'tol': 0.0001, 'verbose': 0}",0.045350074768066406
Coffee,8,10,3,2,LogisticRegression,HMM_GMM,8,"{'n_components': 1, 'n_mix': 3, 'covariance_type': 'full'}",0.746,0.7468904826993075,"{'C': np.float64(33.59818286283781), 'class_weight': 'balanced', 'dual': False, 'fit_intercept': True, 'intercept_scaling': 1, 'l1_ratio': None, 'max_iter': 100, 'multi_class': 'deprecated', 'n_jobs': None, 'penalty': 'l1', 'random_state': 42, 'solver': 'saga', 'tol': 0.0001, 'verbose': 0, 'warm_start': False}",0.2334902286529541
Coffee,8,10,3,2,KNN,HMM_GMM,9,"{'n_components': 5, 'n_mix': 1, 'covariance_type': 'diag'}",0.74,0.721483650367707,"{'algorithm': 'auto', 'leaf_size': 30, 'metric': 'chebyshev', 'metric_params': None, 'n_jobs': None, 'n_neighbors': np.int64(5), 'p': 2, 'weights': 'uniform'}",0.023708581924438477
Coffee,8,10,3,2,RandomForest,HMM_GMM,9,"{'n_components': 5, 'n_mix': 1, 'covariance_type': 'diag'}",0.642,0.6214347916234708,"{'bootstrap': True, 'ccp_alpha': 0.0, 'class_weight': 'balanced', 'criterion': 'gini', 'max_depth': None, 'max_features': 'sqrt', 'max_leaf_nodes': None, 'max_samples': None, 'min_impurity_decrease': 0.0, 'min_samples_leaf': 2, 'min_samples_split': 2, 'min_weight_fraction_leaf': 0.0, 'monotonic_cst': None, 'n_estimators': 150, 'n_jobs': None, 'oob_score': False, 'random_state': 42, 'verbose': 0, 'warm_start': False}",0.8734481334686279
Coffee,8,10,3,2,LinearSVC,HMM_GMM,9,"{'n_components': 5, 'n_mix': 1, 'covariance_type': 'diag'}",0.47,0.47349493683765603,"{'C': np.float64(1000.0), 'class_weight': 'balanced', 'dual': False, 'fit_intercept': True, 'intercept_scaling': 1, 'loss': 'squared_hinge', 'max_iter': 100, 'multi_class': 'ovr', 'penalty': 'l2', 'random_state': 42, 'tol': 0.001, 'verbose': 0}",0.012382268905639648
Coffee,8,10,3,2,LogisticRegression,HMM_GMM,9,"{'n_components': 5, 'n_mix': 1, 'covariance_type': 'diag'}",0.476,0.48310414527048656,"{'C': np.float64(2.6366508987303554), 'class_weight': 'balanced', 'dual': False, 'fit_intercept': True, 'intercept_scaling': 1, 'l1_ratio': None, 'max_iter': 100, 'multi_class': 'deprecated', 'n_jobs': None, 'penalty': 'l1', 'random_state': 42, 'solver': 'saga', 'tol': 0.0001, 'verbose': 0, 'warm_start': False}",0.17110633850097656
Coffee,8,10,3,2,KNN,HMM_GMM,10,"{'n_components': 3, 'n_mix': 5, 'covariance_type': 'diag'}",0.688,0.6761914490004377,"{'algorithm': 'auto', 'leaf_size': 30, 'metric': 'euclidean', 'metric_params': None, 'n_jobs': None, 'n_neighbors': np.int64(9), 'p': 2, 'weights': 'distance'}",0.011278152465820312
Coffee,8,10,3,2,RandomForest,HMM_GMM,10,"{'n_components': 3, 'n_mix': 5, 'covariance_type': 'diag'}",0.726,0.708465957246445,"{'bootstrap': True, 'ccp_alpha': 0.0, 'class_weight': 'balanced', 'criterion': 'gini', 'max_depth': 20, 'max_features': 'sqrt', 'max_leaf_nodes': None, 'max_samples': None, 'min_impurity_decrease': 0.0, 'min_samples_leaf': 1, 'min_samples_split': 2, 'min_weight_fraction_leaf': 0.0, 'monotonic_cst': None, 'n_estimators': 50, 'n_jobs': None, 'oob_score': False, 'random_state': 42, 'verbose': 0, 'warm_start': False}",0.2871286869049072
Coffee,8,10,3,2,LinearSVC,HMM_GMM,10,"{'n_components': 3, 'n_mix': 5, 'covariance_type': 'diag'}",0.602,0.6027658431793771,"{'C': np.float64(0.2069138081114788), 'class_weight': 'balanced', 'dual': False, 'fit_intercept': False, 'intercept_scaling': 1, 'loss': 'squared_hinge', 'max_iter': 100, 'multi_class': 'ovr', 'penalty': 'l2', 'random_state': 42, 'tol': 0.0001, 'verbose': 0}",0.01715993881225586
Coffee,8,10,3,2,LogisticRegression,HMM_GMM,10,"{'n_components': 3, 'n_mix': 5, 'covariance_type': 'diag'}",0.598,0.5987527728733758,"{'C': np.float64(33.59818286283781), 'class_weight': 'balanced', 'dual': False, 'fit_intercept': True, 'intercept_scaling': 1, 'l1_ratio': None, 'max_iter': 100, 'multi_class': 'deprecated', 'n_jobs': None, 'penalty': 'l2', 'random_state': 42, 'solver': 'saga', 'tol': 0.0001, 'verbose': 0, 'warm_start': False}",0.14469552040100098
Coffee,8,10,3,3,KNN,HMM_GMM,1,"{'n_components': 2, 'n_mix': 1, 'covariance_type': 'diag'}",0.714,0.7023755267170316,"{'algorithm': 'auto', 'leaf_size': 30, 'metric': 'minkowski', 'metric_params': None, 'n_jobs': None, 'n_neighbors': np.int64(13), 'p': 4, 'weights': 'distance'}",0.03817439079284668
Coffee,8,10,3,3,RandomForest,HMM_GMM,1,"{'n_components': 2, 'n_mix': 1, 'covariance_type': 'diag'}",0.71,0.6932049636285836,"{'bootstrap': True, 'ccp_alpha': 0.0, 'class_weight': None, 'criterion': 'gini', 'max_depth': 30, 'max_features': 'sqrt', 'max_leaf_nodes': None, 'max_samples': None, 'min_impurity_decrease': 0.0, 'min_samples_leaf': 4, 'min_samples_split': 10, 'min_weight_fraction_leaf': 0.0, 'monotonic_cst': None, 'n_estimators': 150, 'n_jobs': None, 'oob_score': False, 'random_state': 42, 'verbose': 0, 'warm_start': False}",1.0220506191253662
Coffee,8,10,3,3,LinearSVC,HMM_GMM,1,"{'n_components': 2, 'n_mix': 1, 'covariance_type': 'diag'}",0.508,0.5127837351673321,"{'C': np.float64(33.59818286283781), 'class_weight': 'balanced', 'dual': False, 'fit_intercept': True, 'intercept_scaling': 1, 'loss': 'squared_hinge', 'max_iter': 100, 'multi_class': 'ovr', 'penalty': 'l1', 'random_state': 42, 'tol': 0.001, 'verbose': 0}",0.03854632377624512
Coffee,8,10,3,3,LogisticRegression,HMM_GMM,1,"{'n_components': 2, 'n_mix': 1, 'covariance_type': 'diag'}",0.45,0.4577927017810916,"{'C': np.float64(6.1584821106602545), 'class_weight': None, 'dual': False, 'fit_intercept': True, 'intercept_scaling': 1, 'l1_ratio': None, 'max_iter': 100, 'multi_class': 'deprecated', 'n_jobs': None, 'penalty': 'l2', 'random_state': 42, 'solver': 'lbfgs', 'tol': 0.0001, 'verbose': 0, 'warm_start': False}",0.0431210994720459
Coffee,8,10,3,3,KNN,HMM_GMM,2,"{'n_components': 2, 'n_mix': 4, 'covariance_type': 'tied'}",0.704,0.6908358399883823,"{'algorithm': 'auto', 'leaf_size': 30, 'metric': 'minkowski', 'metric_params': None, 'n_jobs': None, 'n_neighbors': np.int64(13), 'p': 4, 'weights': 'distance'}",0.03077244758605957
Coffee,8,10,3,3,RandomForest,HMM_GMM,2,"{'n_components': 2, 'n_mix': 4, 'covariance_type': 'tied'}",0.772,0.7678777299046985,"{'bootstrap': True, 'ccp_alpha': 0.0, 'class_weight': 'balanced', 'criterion': 'gini', 'max_depth': None, 'max_features': 'sqrt', 'max_leaf_nodes': None, 'max_samples': None, 'min_impurity_decrease': 0.0, 'min_samples_leaf': 2, 'min_samples_split': 2, 'min_weight_fraction_leaf': 0.0, 'monotonic_cst': None, 'n_estimators': 150, 'n_jobs': None, 'oob_score': False, 'random_state': 42, 'verbose': 0, 'warm_start': False}",0.9909641742706299
Coffee,8,10,3,3,LinearSVC,HMM_GMM,2,"{'n_components': 2, 'n_mix': 4, 'covariance_type': 'tied'}",0.624,0.6268473259427133,"{'C': np.float64(2.6366508987303554), 'class_weight': 'balanced', 'dual': False, 'fit_intercept': True, 'intercept_scaling': 1, 'loss': 'squared_hinge', 'max_iter': 100, 'multi_class': 'ovr', 'penalty': 'l1', 'random_state': 42, 'tol': 0.0001, 'verbose': 0}",0.0730893611907959
Coffee,8,10,3,3,LogisticRegression,HMM_GMM,2,"{'n_components': 2, 'n_mix': 4, 'covariance_type': 'tied'}",0.766,0.7657093561915019,"{'C': np.float64(1000.0), 'class_weight': 'balanced', 'dual': False, 'fit_intercept': True, 'intercept_scaling': 1, 'l1_ratio': None, 'max_iter': 100, 'multi_class': 'deprecated', 'n_jobs': None, 'penalty': 'l2', 'random_state': 42, 'solver': 'sag', 'tol': 0.0001, 'verbose': 0, 'warm_start': False}",0.19035792350769043
Coffee,8,10,3,3,KNN,HMM_GMM,3,"{'n_components': 1, 'n_mix': 3, 'covariance_type': 'diag'}",0.726,0.715547263681592,"{'algorithm': 'auto', 'leaf_size': 30, 'metric': 'minkowski', 'metric_params': None, 'n_jobs': None, 'n_neighbors': np.int64(13), 'p': 4, 'weights': 'distance'}",0.037072181701660156
Coffee,8,10,3,3,RandomForest,HMM_GMM,3,"{'n_components': 1, 'n_mix': 3, 'covariance_type': 'diag'}",0.74,0.7261447129058197,"{'bootstrap': True, 'ccp_alpha': 0.0, 'class_weight': None, 'criterion': 'gini', 'max_depth': 20, 'max_features': 'sqrt', 'max_leaf_nodes': None, 'max_samples': None, 'min_impurity_decrease': 0.0, 'min_samples_leaf': 4, 'min_samples_split': 5, 'min_weight_fraction_leaf': 0.0, 'monotonic_cst': None, 'n_estimators': 150, 'n_jobs': None, 'oob_score': False, 'random_state': 42, 'verbose': 0, 'warm_start': False}",1.0336954593658447
Coffee,8,10,3,3,LinearSVC,HMM_GMM,3,"{'n_components': 1, 'n_mix': 3, 'covariance_type': 'diag'}",0.516,0.5337142857142858,"{'C': np.float64(2.6366508987303554), 'class_weight': 'balanced', 'dual': False, 'fit_intercept': True, 'intercept_scaling': 1, 'loss': 'squared_hinge', 'max_iter': 100, 'multi_class': 'ovr', 'penalty': 'l1', 'random_state': 42, 'tol': 0.0001, 'verbose': 0}",0.05060005187988281
Coffee,8,10,3,3,LogisticRegression,HMM_GMM,3,"{'n_components': 1, 'n_mix': 3, 'covariance_type': 'diag'}",0.432,0.432103107998342,"{'C': np.float64(33.59818286283781), 'class_weight': None, 'dual': False, 'fit_intercept': True, 'intercept_scaling': 1, 'l1_ratio': None, 'max_iter': 100, 'multi_class': 'deprecated', 'n_jobs': None, 'penalty': 'l2', 'random_state': 42, 'solver': 'saga', 'tol': 0.0001, 'verbose': 0, 'warm_start': False}",0.041168928146362305
Coffee,8,10,3,3,KNN,HMM_GMM,4,"{'n_components': 4, 'n_mix': 3, 'covariance_type': 'diag'}",0.712,0.6972627166983459,"{'algorithm': 'auto', 'leaf_size': 30, 'metric': 'euclidean', 'metric_params': None, 'n_jobs': None, 'n_neighbors': np.int64(9), 'p': 2, 'weights': 'distance'}",0.01640939712524414
Coffee,8,10,3,3,RandomForest,HMM_GMM,4,"{'n_components': 4, 'n_mix': 3, 'covariance_type': 'diag'}",0.726,0.7159398709539134,"{'bootstrap': True, 'ccp_alpha': 0.0, 'class_weight': None, 'criterion': 'gini', 'max_depth': None, 'max_features': 'sqrt', 'max_leaf_nodes': None, 'max_samples': None, 'min_impurity_decrease': 0.0, 'min_samples_leaf': 4, 'min_samples_split': 2, 'min_weight_fraction_leaf': 0.0, 'monotonic_cst': None, 'n_estimators': 50, 'n_jobs': None, 'oob_score': False, 'random_state': 42, 'verbose': 0, 'warm_start': False}",0.3411588668823242
Coffee,8,10,3,3,LinearSVC,HMM_GMM,4,"{'n_components': 4, 'n_mix': 3, 'covariance_type': 'diag'}",0.592,0.5928267275368333,"{'C': np.float64(2.6366508987303554), 'class_weight': 'balanced', 'dual': False, 'fit_intercept': True, 'intercept_scaling': 1, 'loss': 'squared_hinge', 'max_iter': 100, 'multi_class': 'ovr', 'penalty': 'l1', 'random_state': 42, 'tol': 0.0001, 'verbose': 0}",0.06719827651977539
Coffee,8,10,3,3,LogisticRegression,HMM_GMM,4,"{'n_components': 4, 'n_mix': 3, 'covariance_type': 'diag'}",0.586,0.5885828998265972,"{'C': np.float64(33.59818286283781), 'class_weight': 'balanced', 'dual': False, 'fit_intercept': True, 'intercept_scaling': 1, 'l1_ratio': None, 'max_iter': 100, 'multi_class': 'deprecated', 'n_jobs': None, 'penalty': 'l2', 'random_state': 42, 'solver': 'saga', 'tol': 0.0001, 'verbose': 0, 'warm_start': False}",0.2292768955230713
Coffee,8,10,3,3,KNN,HMM_GMM,5,"{'n_components': 1, 'n_mix': 1, 'covariance_type': 'tied'}",0.844,0.8476666666666668,"{'algorithm': 'auto', 'leaf_size': 30, 'metric': 'euclidean', 'metric_params': None, 'n_jobs': None, 'n_neighbors': np.int64(9), 'p': 2, 'weights': 'distance'}",0.015551090240478516
Coffee,8,10,3,3,RandomForest,HMM_GMM,5,"{'n_components': 1, 'n_mix': 1, 'covariance_type': 'tied'}",0.868,0.8700566589430409,"{'bootstrap': True, 'ccp_alpha': 0.0, 'class_weight': 'balanced', 'criterion': 'gini', 'max_depth': 30, 'max_features': 'sqrt', 'max_leaf_nodes': None, 'max_samples': None, 'min_impurity_decrease': 0.0, 'min_samples_leaf': 1, 'min_samples_split': 2, 'min_weight_fraction_leaf': 0.0, 'monotonic_cst': None, 'n_estimators': 150, 'n_jobs': None, 'oob_score': False, 'random_state': 42, 'verbose': 0, 'warm_start': False}",1.0643129348754883
Coffee,8,10,3,3,LinearSVC,HMM_GMM,5,"{'n_components': 1, 'n_mix': 1, 'covariance_type': 'tied'}",0.594,0.5936406673248779,"{'C': np.float64(0.2069138081114788), 'class_weight': 'balanced', 'dual': False, 'fit_intercept': False, 'intercept_scaling': 1, 'loss': 'squared_hinge', 'max_iter': 100, 'multi_class': 'ovr', 'penalty': 'l2', 'random_state': 42, 'tol': 0.0001, 'verbose': 0}",0.02698683738708496
Coffee,8,10,3,3,LogisticRegression,HMM_GMM,5,"{'n_components': 1, 'n_mix': 1, 'covariance_type': 'tied'}",0.614,0.6163058551617874,"{'C': np.float64(33.59818286283781), 'class_weight': None, 'dual': False, 'fit_intercept': True, 'intercept_scaling': 1, 'l1_ratio': None, 'max_iter': 100, 'multi_class': 'deprecated', 'n_jobs': None, 'penalty': 'l2', 'random_state': 42, 'solver': 'saga', 'tol': 0.0001, 'verbose': 0, 'warm_start': False}",0.22025442123413086
Coffee,8,10,3,3,KNN,HMM_GMM,6,"{'n_components': 4, 'n_mix': 3, 'covariance_type': 'diag'}",0.712,0.6972627166983459,"{'algorithm': 'auto', 'leaf_size': 30, 'metric': 'euclidean', 'metric_params': None, 'n_jobs': None, 'n_neighbors': np.int64(9), 'p': 2, 'weights': 'distance'}",0.0162811279296875
Coffee,8,10,3,3,RandomForest,HMM_GMM,6,"{'n_components': 4, 'n_mix': 3, 'covariance_type': 'diag'}",0.726,0.7145350268089343,"{'bootstrap': True, 'ccp_alpha': 0.0, 'class_weight': None, 'criterion': 'gini', 'max_depth': None, 'max_features': 'sqrt', 'max_leaf_nodes': None, 'max_samples': None, 'min_impurity_decrease': 0.0, 'min_samples_leaf': 4, 'min_samples_split': 2, 'min_weight_fraction_leaf': 0.0, 'monotonic_cst': None, 'n_estimators': 50, 'n_jobs': None, 'oob_score': False, 'random_state': 42, 'verbose': 0, 'warm_start': False}",0.33132100105285645
Coffee,8,10,3,3,LinearSVC,HMM_GMM,6,"{'n_components': 4, 'n_mix': 3, 'covariance_type': 'diag'}",0.592,0.5928267275368333,"{'C': np.float64(2.6366508987303554), 'class_weight': 'balanced', 'dual': False, 'fit_intercept': True, 'intercept_scaling': 1, 'loss': 'squared_hinge', 'max_iter': 100, 'multi_class': 'ovr', 'penalty': 'l1', 'random_state': 42, 'tol': 0.0001, 'verbose': 0}",0.06871700286865234
Coffee,8,10,3,3,LogisticRegression,HMM_GMM,6,"{'n_components': 4, 'n_mix': 3, 'covariance_type': 'diag'}",0.586,0.5885828998265972,"{'C': np.float64(33.59818286283781), 'class_weight': 'balanced', 'dual': False, 'fit_intercept': True, 'intercept_scaling': 1, 'l1_ratio': None, 'max_iter': 100, 'multi_class': 'deprecated', 'n_jobs': None, 'penalty': 'l2', 'random_state': 42, 'solver': 'saga', 'tol': 0.0001, 'verbose': 0, 'warm_start': False}",0.21773290634155273
Coffee,8,10,3,3,KNN,HMM_GMM,7,"{'n_components': 2, 'n_mix': 5, 'covariance_type': 'diag'}",0.724,0.7171431237895833,"{'algorithm': 'auto', 'leaf_size': 30, 'metric': 'euclidean', 'metric_params': None, 'n_jobs': None, 'n_neighbors': np.int64(9), 'p': 2, 'weights': 'distance'}",0.0158233642578125
Coffee,8,10,3,3,RandomForest,HMM_GMM,7,"{'n_components': 2, 'n_mix': 5, 'covariance_type': 'diag'}",0.732,0.7155604183219078,"{'bootstrap': True, 'ccp_alpha': 0.0, 'class_weight': None, 'criterion': 'gini', 'max_depth': 30, 'max_features': 'sqrt', 'max_leaf_nodes': None, 'max_samples': None, 'min_impurity_decrease': 0.0, 'min_samples_leaf': 4, 'min_samples_split': 10, 'min_weight_fraction_leaf': 0.0, 'monotonic_cst': None, 'n_estimators': 150, 'n_jobs': None, 'oob_score': False, 'random_state': 42, 'verbose': 0, 'warm_start': False}",1.040804386138916
Coffee,8,10,3,3,LinearSVC,HMM_GMM,7,"{'n_components': 2, 'n_mix': 5, 'covariance_type': 'diag'}",0.608,0.6045876994885493,"{'C': np.float64(33.59818286283781), 'class_weight': 'balanced', 'dual': False, 'fit_intercept': True, 'intercept_scaling': 1, 'loss': 'squared_hinge', 'max_iter': 100, 'multi_class': 'ovr', 'penalty': 'l1', 'random_state': 42, 'tol': 0.0001, 'verbose': 0}",0.1632697582244873
Coffee,8,10,3,3,LogisticRegression,HMM_GMM,7,"{'n_components': 2, 'n_mix': 5, 'covariance_type': 'diag'}",0.578,0.5824201348441526,"{'C': np.float64(33.59818286283781), 'class_weight': None, 'dual': False, 'fit_intercept': True, 'intercept_scaling': 1, 'l1_ratio': None, 'max_iter': 100, 'multi_class': 'deprecated', 'n_jobs': None, 'penalty': 'l2', 'random_state': 42, 'solver': 'saga', 'tol': 0.0001, 'verbose': 0, 'warm_start': False}",0.08624935150146484
Coffee,8,10,3,3,KNN,HMM_GMM,8,"{'n_components': 1, 'n_mix': 3, 'covariance_type': 'full'}",0.748,0.7452098384691221,"{'algorithm': 'auto', 'leaf_size': 30, 'metric': 'minkowski', 'metric_params': None, 'n_jobs': None, 'n_neighbors': np.int64(13), 'p': 4, 'weights': 'distance'}",0.03146791458129883
Coffee,8,10,3,3,RandomForest,HMM_GMM,8,"{'n_components': 1, 'n_mix': 3, 'covariance_type': 'full'}",0.724,0.717071179982096,"{'bootstrap': True, 'ccp_alpha': 0.0, 'class_weight': None, 'criterion': 'gini', 'max_depth': 30, 'max_features': 'sqrt', 'max_leaf_nodes': None, 'max_samples': None, 'min_impurity_decrease': 0.0, 'min_samples_leaf': 4, 'min_samples_split': 2, 'min_weight_fraction_leaf': 0.0, 'monotonic_cst': None, 'n_estimators': 50, 'n_jobs': None, 'oob_score': False, 'random_state': 42, 'verbose': 0, 'warm_start': False}",0.33626294136047363
Coffee,8,10,3,3,LinearSVC,HMM_GMM,8,"{'n_components': 1, 'n_mix': 3, 'covariance_type': 'full'}",0.602,0.6023119837974755,"{'C': np.float64(2.6366508987303554), 'class_weight': 'balanced', 'dual': False, 'fit_intercept': True, 'intercept_scaling': 1, 'loss': 'squared_hinge', 'max_iter': 100, 'multi_class': 'ovr', 'penalty': 'l1', 'random_state': 42, 'tol': 0.0001, 'verbose': 0}",0.06806516647338867
Coffee,8,10,3,3,LogisticRegression,HMM_GMM,8,"{'n_components': 1, 'n_mix': 3, 'covariance_type': 'full'}",0.764,0.7638278642028382,"{'C': np.float64(33.59818286283781), 'class_weight': None, 'dual': False, 'fit_intercept': True, 'intercept_scaling': 1, 'l1_ratio': None, 'max_iter': 100, 'multi_class': 'deprecated', 'n_jobs': None, 'penalty': 'l2', 'random_state': 42, 'solver': 'saga', 'tol': 0.0001, 'verbose': 0, 'warm_start': False}",0.21917176246643066
Coffee,8,10,3,3,KNN,HMM_GMM,9,"{'n_components': 5, 'n_mix': 1, 'covariance_type': 'diag'}",0.696,0.6793662639077225,"{'algorithm': 'auto', 'leaf_size': 30, 'metric': 'euclidean', 'metric_params': None, 'n_jobs': None, 'n_neighbors': np.int64(9), 'p': 2, 'weights': 'distance'}",0.016113758087158203
Coffee,8,10,3,3,RandomForest,HMM_GMM,9,"{'n_components': 5, 'n_mix': 1, 'covariance_type': 'diag'}",0.646,0.6315806065865333,"{'bootstrap': True, 'ccp_alpha': 0.0, 'class_weight': None, 'criterion': 'gini', 'max_depth': 30, 'max_features': 'sqrt', 'max_leaf_nodes': None, 'max_samples': None, 'min_impurity_decrease': 0.0, 'min_samples_leaf': 1, 'min_samples_split': 5, 'min_weight_fraction_leaf': 0.0, 'monotonic_cst': None, 'n_estimators': 50, 'n_jobs': None, 'oob_score': False, 'random_state': 42, 'verbose': 0, 'warm_start': False}",0.35131096839904785
Coffee,8,10,3,3,LinearSVC,HMM_GMM,9,"{'n_components': 5, 'n_mix': 1, 'covariance_type': 'diag'}",0.446,0.44078062317368133,"{'C': np.float64(2.6366508987303554), 'class_weight': 'balanced', 'dual': False, 'fit_intercept': True, 'intercept_scaling': 1, 'loss': 'squared_hinge', 'max_iter': 100, 'multi_class': 'ovr', 'penalty': 'l1', 'random_state': 42, 'tol': 0.0001, 'verbose': 0}",0.06089282035827637
Coffee,8,10,3,3,LogisticRegression,HMM_GMM,9,"{'n_components': 5, 'n_mix': 1, 'covariance_type': 'diag'}",0.408,0.40394213503536003,"{'C': np.float64(6.1584821106602545), 'class_weight': None, 'dual': False, 'fit_intercept': True, 'intercept_scaling': 1, 'l1_ratio': None, 'max_iter': 100, 'multi_class': 'deprecated', 'n_jobs': None, 'penalty': 'l2', 'random_state': 42, 'solver': 'lbfgs', 'tol': 0.0001, 'verbose': 0, 'warm_start': False}",0.05647778511047363
Coffee,8,10,3,3,KNN,HMM_GMM,10,"{'n_components': 3, 'n_mix': 5, 'covariance_type': 'diag'}",0.684,0.6719936204146729,"{'algorithm': 'auto', 'leaf_size': 30, 'metric': 'minkowski', 'metric_params': None, 'n_jobs': None, 'n_neighbors': np.int64(13), 'p': 4, 'weights': 'distance'}",0.033646583557128906
Coffee,8,10,3,3,RandomForest,HMM_GMM,10,"{'n_components': 3, 'n_mix': 5, 'covariance_type': 'diag'}",0.71,0.6896832283568294,"{'bootstrap': True, 'ccp_alpha': 0.0, 'class_weight': 'balanced', 'criterion': 'gini', 'max_depth': None, 'max_features': 'sqrt', 'max_leaf_nodes': None, 'max_samples': None, 'min_impurity_decrease': 0.0, 'min_samples_leaf': 2, 'min_samples_split': 20, 'min_weight_fraction_leaf': 0.0, 'monotonic_cst': None, 'n_estimators': 150, 'n_jobs': None, 'oob_score': False, 'random_state': 42, 'verbose': 0, 'warm_start': False}",1.028259515762329
Coffee,8,10,3,3,LinearSVC,HMM_GMM,10,"{'n_components': 3, 'n_mix': 5, 'covariance_type': 'diag'}",0.598,0.5995229021448736,"{'C': np.float64(2.6366508987303554), 'class_weight': 'balanced', 'dual': False, 'fit_intercept': True, 'intercept_scaling': 1, 'loss': 'squared_hinge', 'max_iter': 100, 'multi_class': 'ovr', 'penalty': 'l1', 'random_state': 42, 'tol': 0.0001, 'verbose': 0}",0.05916309356689453
Coffee,8,10,3,3,LogisticRegression,HMM_GMM,10,"{'n_components': 3, 'n_mix': 5, 'covariance_type': 'diag'}",0.598,0.5987527728733758,"{'C': np.float64(33.59818286283781), 'class_weight': 'balanced', 'dual': False, 'fit_intercept': True, 'intercept_scaling': 1, 'l1_ratio': None, 'max_iter': 100, 'multi_class': 'deprecated', 'n_jobs': None, 'penalty': 'l2', 'random_state': 42, 'solver': 'saga', 'tol': 0.0001, 'verbose': 0, 'warm_start': False}",0.09963798522949219
Coffee,8,10,3,5,KNN,HMM_GMM,1,"{'n_components': 2, 'n_mix': 1, 'covariance_type': 'diag'}",0.718,0.6969795080106219,"{'algorithm': 'auto', 'leaf_size': 30, 'metric': 'minkowski', 'metric_params': None, 'n_jobs': None, 'n_neighbors': 5, 'p': 2, 'weights': 'uniform'}",0.03684210777282715
Coffee,8,10,3,5,RandomForest,HMM_GMM,1,"{'n_components': 2, 'n_mix': 1, 'covariance_type': 'diag'}",0.748,0.73637084334943,"{'bootstrap': True, 'ccp_alpha': 0.0, 'class_weight': None, 'criterion': 'gini', 'max_depth': None, 'max_features': 'sqrt', 'max_leaf_nodes': None, 'max_samples': None, 'min_impurity_decrease': 0.0, 'min_samples_leaf': 1, 'min_samples_split': 2, 'min_weight_fraction_leaf': 0.0, 'monotonic_cst': None, 'n_estimators': 100, 'n_jobs': None, 'oob_score': False, 'random_state': 42, 'verbose': 0, 'warm_start': False}",0.8449220657348633
Coffee,8,10,3,5,LinearSVC,HMM_GMM,1,"{'n_components': 2, 'n_mix': 1, 'covariance_type': 'diag'}",0.468,0.47570963686197204,"{'C': 1.0, 'class_weight': None, 'dual': False, 'fit_intercept': True, 'intercept_scaling': 1, 'loss': 'squared_hinge', 'max_iter': 100, 'multi_class': 'ovr', 'penalty': 'l2', 'random_state': 42, 'tol': 0.0001, 'verbose': 0}",0.03278326988220215
Coffee,8,10,3,5,LogisticRegression,HMM_GMM,1,"{'n_components': 2, 'n_mix': 1, 'covariance_type': 'diag'}",0.452,0.4595764168482265,"{'C': 1.0, 'class_weight': None, 'dual': False, 'fit_intercept': True, 'intercept_scaling': 1, 'l1_ratio': None, 'max_iter': 100, 'multi_class': 'deprecated', 'n_jobs': None, 'penalty': 'l2', 'random_state': 42, 'solver': 'lbfgs', 'tol': 0.0001, 'verbose': 0, 'warm_start': False}",0.05357766151428223
Coffee,8,10,3,5,KNN,HMM_GMM,2,"{'n_components': 2, 'n_mix': 4, 'covariance_type': 'tied'}",0.728,0.7077809432103134,"{'algorithm': 'auto', 'leaf_size': 30, 'metric': 'minkowski', 'metric_params': None, 'n_jobs': None, 'n_neighbors': 5, 'p': 2, 'weights': 'uniform'}",0.03552651405334473
Coffee,8,10,3,5,RandomForest,HMM_GMM,2,"{'n_components': 2, 'n_mix': 4, 'covariance_type': 'tied'}",0.782,0.7789459684071504,"{'bootstrap': True, 'ccp_alpha': 0.0, 'class_weight': None, 'criterion': 'gini', 'max_depth': None, 'max_features': 'sqrt', 'max_leaf_nodes': None, 'max_samples': None, 'min_impurity_decrease': 0.0, 'min_samples_leaf': 1, 'min_samples_split': 2, 'min_weight_fraction_leaf': 0.0, 'monotonic_cst': None, 'n_estimators': 100, 'n_jobs': None, 'oob_score': False, 'random_state': 42, 'verbose': 0, 'warm_start': False}",0.7864339351654053
Coffee,8,10,3,5,LinearSVC,HMM_GMM,2,"{'n_components': 2, 'n_mix': 4, 'covariance_type': 'tied'}",0.732,0.7332083056018662,"{'C': 1.0, 'class_weight': None, 'dual': False, 'fit_intercept': True, 'intercept_scaling': 1, 'loss': 'squared_hinge', 'max_iter': 100, 'multi_class': 'ovr', 'penalty': 'l2', 'random_state': 42, 'tol': 0.0001, 'verbose': 0}",0.04504704475402832
Coffee,8,10,3,5,LogisticRegression,HMM_GMM,2,"{'n_components': 2, 'n_mix': 4, 'covariance_type': 'tied'}",0.728,0.7278002294596231,"{'C': 1.0, 'class_weight': None, 'dual': False, 'fit_intercept': True, 'intercept_scaling': 1, 'l1_ratio': None, 'max_iter': 100, 'multi_class': 'deprecated', 'n_jobs': None, 'penalty': 'l2', 'random_state': 42, 'solver': 'lbfgs', 'tol': 0.0001, 'verbose': 0, 'warm_start': False}",0.1673717498779297
Coffee,8,10,3,5,KNN,HMM_GMM,3,"{'n_components': 1, 'n_mix': 3, 'covariance_type': 'diag'}",0.728,0.7080446021224329,"{'algorithm': 'auto', 'leaf_size': 30, 'metric': 'minkowski', 'metric_params': None, 'n_jobs': None, 'n_neighbors': 5, 'p': 2, 'weights': 'uniform'}",0.0386807918548584
Coffee,8,10,3,5,RandomForest,HMM_GMM,3,"{'n_components': 1, 'n_mix': 3, 'covariance_type': 'diag'}",0.768,0.762604669449267,"{'bootstrap': True, 'ccp_alpha': 0.0, 'class_weight': None, 'criterion': 'gini', 'max_depth': None, 'max_features': 'sqrt', 'max_leaf_nodes': None, 'max_samples': None, 'min_impurity_decrease': 0.0, 'min_samples_leaf': 1, 'min_samples_split': 2, 'min_weight_fraction_leaf': 0.0, 'monotonic_cst': None, 'n_estimators': 100, 'n_jobs': None, 'oob_score': False, 'random_state': 42, 'verbose': 0, 'warm_start': False}",0.8903782367706299
Coffee,8,10,3,5,LinearSVC,HMM_GMM,3,"{'n_components': 1, 'n_mix': 3, 'covariance_type': 'diag'}",0.466,0.4921983044766365,"{'C': 1.0, 'class_weight': None, 'dual': False, 'fit_intercept': True, 'intercept_scaling': 1, 'loss': 'squared_hinge', 'max_iter': 100, 'multi_class': 'ovr', 'penalty': 'l2', 'random_state': 42, 'tol': 0.0001, 'verbose': 0}",0.03025221824645996
Coffee,8,10,3,5,LogisticRegression,HMM_GMM,3,"{'n_components': 1, 'n_mix': 3, 'covariance_type': 'diag'}",0.424,0.4223058823529412,"{'C': 1.0, 'class_weight': None, 'dual': False, 'fit_intercept': True, 'intercept_scaling': 1, 'l1_ratio': None, 'max_iter': 100, 'multi_class': 'deprecated', 'n_jobs': None, 'penalty': 'l2', 'random_state': 42, 'solver': 'lbfgs', 'tol': 0.0001, 'verbose': 0, 'warm_start': False}",0.04987072944641113
Coffee,8,10,3,5,KNN,HMM_GMM,4,"{'n_components': 4, 'n_mix': 3, 'covariance_type': 'diag'}",0.73,0.712803642784128,"{'algorithm': 'auto', 'leaf_size': 30, 'metric': 'minkowski', 'metric_params': None, 'n_jobs': None, 'n_neighbors': 5, 'p': 2, 'weights': 'uniform'}",0.03711414337158203
Coffee,8,10,3,5,RandomForest,HMM_GMM,4,"{'n_components': 4, 'n_mix': 3, 'covariance_type': 'diag'}",0.758,0.749977151340493,"{'bootstrap': True, 'ccp_alpha': 0.0, 'class_weight': None, 'criterion': 'gini', 'max_depth': None, 'max_features': 'sqrt', 'max_leaf_nodes': None, 'max_samples': None, 'min_impurity_decrease': 0.0, 'min_samples_leaf': 1, 'min_samples_split': 2, 'min_weight_fraction_leaf': 0.0, 'monotonic_cst': None, 'n_estimators': 100, 'n_jobs': None, 'oob_score': False, 'random_state': 42, 'verbose': 0, 'warm_start': False}",0.7952463626861572
Coffee,8,10,3,5,LinearSVC,HMM_GMM,4,"{'n_components': 4, 'n_mix': 3, 'covariance_type': 'diag'}",0.59,0.5914055849907595,"{'C': 1.0, 'class_weight': None, 'dual': False, 'fit_intercept': True, 'intercept_scaling': 1, 'loss': 'squared_hinge', 'max_iter': 100, 'multi_class': 'ovr', 'penalty': 'l2', 'random_state': 42, 'tol': 0.0001, 'verbose': 0}",0.03392624855041504
Coffee,8,10,3,5,LogisticRegression,HMM_GMM,4,"{'n_components': 4, 'n_mix': 3, 'covariance_type': 'diag'}",0.56,0.5706261885921491,"{'C': 1.0, 'class_weight': None, 'dual': False, 'fit_intercept': True, 'intercept_scaling': 1, 'l1_ratio': None, 'max_iter': 100, 'multi_class': 'deprecated', 'n_jobs': None, 'penalty': 'l2', 'random_state': 42, 'solver': 'lbfgs', 'tol': 0.0001, 'verbose': 0, 'warm_start': False}",0.09985613822937012
Coffee,8,10,3,5,KNN,HMM_GMM,5,"{'n_components': 1, 'n_mix': 1, 'covariance_type': 'tied'}",0.862,0.864570810513483,"{'algorithm': 'auto', 'leaf_size': 30, 'metric': 'minkowski', 'metric_params': None, 'n_jobs': None, 'n_neighbors': 5, 'p': 2, 'weights': 'uniform'}",0.038693904876708984
Coffee,8,10,3,5,RandomForest,HMM_GMM,5,"{'n_components': 1, 'n_mix': 1, 'covariance_type': 'tied'}",0.876,0.8779426429377297,"{'bootstrap': True, 'ccp_alpha': 0.0, 'class_weight': None, 'criterion': 'gini', 'max_depth': None, 'max_features': 'sqrt', 'max_leaf_nodes': None, 'max_samples': None, 'min_impurity_decrease': 0.0, 'min_samples_leaf': 1, 'min_samples_split': 2, 'min_weight_fraction_leaf': 0.0, 'monotonic_cst': None, 'n_estimators': 100, 'n_jobs': None, 'oob_score': False, 'random_state': 42, 'verbose': 0, 'warm_start': False}",0.8402273654937744
Coffee,8,10,3,5,LinearSVC,HMM_GMM,5,"{'n_components': 1, 'n_mix': 1, 'covariance_type': 'tied'}",0.59,0.5901036406236594,"{'C': 1.0, 'class_weight': None, 'dual': False, 'fit_intercept': True, 'intercept_scaling': 1, 'loss': 'squared_hinge', 'max_iter': 100, 'multi_class': 'ovr', 'penalty': 'l2', 'random_state': 42, 'tol': 0.0001, 'verbose': 0}",0.04159259796142578
Coffee,8,10,3,5,LogisticRegression,HMM_GMM,5,"{'n_components': 1, 'n_mix': 1, 'covariance_type': 'tied'}",0.582,0.5851061332273602,"{'C': 1.0, 'class_weight': None, 'dual': False, 'fit_intercept': True, 'intercept_scaling': 1, 'l1_ratio': None, 'max_iter': 100, 'multi_class': 'deprecated', 'n_jobs': None, 'penalty': 'l2', 'random_state': 42, 'solver': 'lbfgs', 'tol': 0.0001, 'verbose': 0, 'warm_start': False}",0.15871882438659668
Coffee,8,10,3,5,KNN,HMM_GMM,6,"{'n_components': 4, 'n_mix': 3, 'covariance_type': 'diag'}",0.73,0.712803642784128,"{'algorithm': 'auto', 'leaf_size': 30, 'metric': 'minkowski', 'metric_params': None, 'n_jobs': None, 'n_neighbors': 5, 'p': 2, 'weights': 'uniform'}",0.0370481014251709
Coffee,8,10,3,5,RandomForest,HMM_GMM,6,"{'n_components': 4, 'n_mix': 3, 'covariance_type': 'diag'}",0.766,0.7579321685175735,"{'bootstrap': True, 'ccp_alpha': 0.0, 'class_weight': None, 'criterion': 'gini', 'max_depth': None, 'max_features': 'sqrt', 'max_leaf_nodes': None, 'max_samples': None, 'min_impurity_decrease': 0.0, 'min_samples_leaf': 1, 'min_samples_split': 2, 'min_weight_fraction_leaf': 0.0, 'monotonic_cst': None, 'n_estimators': 100, 'n_jobs': None, 'oob_score': False, 'random_state': 42, 'verbose': 0, 'warm_start': False}",0.8183753490447998
Coffee,8,10,3,5,LinearSVC,HMM_GMM,6,"{'n_components': 4, 'n_mix': 3, 'covariance_type': 'diag'}",0.588,0.5890345386140006,"{'C': 1.0, 'class_weight': None, 'dual': False, 'fit_intercept': True, 'intercept_scaling': 1, 'loss': 'squared_hinge', 'max_iter': 100, 'multi_class': 'ovr', 'penalty': 'l2', 'random_state': 42, 'tol': 0.0001, 'verbose': 0}",0.03400540351867676
Coffee,8,10,3,5,LogisticRegression,HMM_GMM,6,"{'n_components': 4, 'n_mix': 3, 'covariance_type': 'diag'}",0.564,0.5735728066596765,"{'C': 1.0, 'class_weight': None, 'dual': False, 'fit_intercept': True, 'intercept_scaling': 1, 'l1_ratio': None, 'max_iter': 100, 'multi_class': 'deprecated', 'n_jobs': None, 'penalty': 'l2', 'random_state': 42, 'solver': 'lbfgs', 'tol': 0.0001, 'verbose': 0, 'warm_start': False}",0.09776830673217773
Coffee,8,10,3,5,KNN,HMM_GMM,7,"{'n_components': 2, 'n_mix': 5, 'covariance_type': 'diag'}",0.748,0.737050988422745,"{'algorithm': 'auto', 'leaf_size': 30, 'metric': 'minkowski', 'metric_params': None, 'n_jobs': None, 'n_neighbors': 5, 'p': 2, 'weights': 'uniform'}",0.03683018684387207
Coffee,8,10,3,5,RandomForest,HMM_GMM,7,"{'n_components': 2, 'n_mix': 5, 'covariance_type': 'diag'}",0.77,0.7571556704273007,"{'bootstrap': True, 'ccp_alpha': 0.0, 'class_weight': None, 'criterion': 'gini', 'max_depth': None, 'max_features': 'sqrt', 'max_leaf_nodes': None, 'max_samples': None, 'min_impurity_decrease': 0.0, 'min_samples_leaf': 1, 'min_samples_split': 2, 'min_weight_fraction_leaf': 0.0, 'monotonic_cst': None, 'n_estimators': 100, 'n_jobs': None, 'oob_score': False, 'random_state': 42, 'verbose': 0, 'warm_start': False}",0.8438878059387207
Coffee,8,10,3,5,LinearSVC,HMM_GMM,7,"{'n_components': 2, 'n_mix': 5, 'covariance_type': 'diag'}",0.572,0.5695742640353546,"{'C': 1.0, 'class_weight': None, 'dual': False, 'fit_intercept': True, 'intercept_scaling': 1, 'loss': 'squared_hinge', 'max_iter': 100, 'multi_class': 'ovr', 'penalty': 'l2', 'random_state': 42, 'tol': 0.0001, 'verbose': 0}",0.03378438949584961
Coffee,8,10,3,5,LogisticRegression,HMM_GMM,7,"{'n_components': 2, 'n_mix': 5, 'covariance_type': 'diag'}",0.506,0.5231418059836294,"{'C': 1.0, 'class_weight': None, 'dual': False, 'fit_intercept': True, 'intercept_scaling': 1, 'l1_ratio': None, 'max_iter': 100, 'multi_class': 'deprecated', 'n_jobs': None, 'penalty': 'l2', 'random_state': 42, 'solver': 'lbfgs', 'tol': 0.0001, 'verbose': 0, 'warm_start': False}",0.08432292938232422
Coffee,8,10,3,5,KNN,HMM_GMM,8,"{'n_components': 1, 'n_mix': 3, 'covariance_type': 'full'}",0.762,0.7539088389888492,"{'algorithm': 'auto', 'leaf_size': 30, 'metric': 'minkowski', 'metric_params': None, 'n_jobs': None, 'n_neighbors': 5, 'p': 2, 'weights': 'uniform'}",0.0373384952545166
Coffee,8,10,3,5,RandomForest,HMM_GMM,8,"{'n_components': 1, 'n_mix': 3, 'covariance_type': 'full'}",0.758,0.7493873636254645,"{'bootstrap': True, 'ccp_alpha': 0.0, 'class_weight': None, 'criterion': 'gini', 'max_depth': None, 'max_features': 'sqrt', 'max_leaf_nodes': None, 'max_samples': None, 'min_impurity_decrease': 0.0, 'min_samples_leaf': 1, 'min_samples_split': 2, 'min_weight_fraction_leaf': 0.0, 'monotonic_cst': None, 'n_estimators': 100, 'n_jobs': None, 'oob_score': False, 'random_state': 42, 'verbose': 0, 'warm_start': False}",0.9245893955230713
Coffee,8,10,3,5,LinearSVC,HMM_GMM,8,"{'n_components': 1, 'n_mix': 3, 'covariance_type': 'full'}",0.64,0.6432731739447778,"{'C': 1.0, 'class_weight': None, 'dual': False, 'fit_intercept': True, 'intercept_scaling': 1, 'loss': 'squared_hinge', 'max_iter': 100, 'multi_class': 'ovr', 'penalty': 'l2', 'random_state': 42, 'tol': 0.0001, 'verbose': 0}",0.043047428131103516
Coffee,8,10,3,5,LogisticRegression,HMM_GMM,8,"{'n_components': 1, 'n_mix': 3, 'covariance_type': 'full'}",0.712,0.7146241262152748,"{'C': 1.0, 'class_weight': None, 'dual': False, 'fit_intercept': True, 'intercept_scaling': 1, 'l1_ratio': None, 'max_iter': 100, 'multi_class': 'deprecated', 'n_jobs': None, 'penalty': 'l2', 'random_state': 42, 'solver': 'lbfgs', 'tol': 0.0001, 'verbose': 0, 'warm_start': False}",0.1730024814605713
Coffee,8,10,3,5,KNN,HMM_GMM,9,"{'n_components': 5, 'n_mix': 1, 'covariance_type': 'diag'}",0.72,0.6994171812100141,"{'algorithm': 'auto', 'leaf_size': 30, 'metric': 'minkowski', 'metric_params': None, 'n_jobs': None, 'n_neighbors': 5, 'p': 2, 'weights': 'uniform'}",0.04860424995422363
Coffee,8,10,3,5,RandomForest,HMM_GMM,9,"{'n_components': 5, 'n_mix': 1, 'covariance_type': 'diag'}",0.694,0.6741078689725685,"{'bootstrap': True, 'ccp_alpha': 0.0, 'class_weight': None, 'criterion': 'gini', 'max_depth': None, 'max_features': 'sqrt', 'max_leaf_nodes': None, 'max_samples': None, 'min_impurity_decrease': 0.0, 'min_samples_leaf': 1, 'min_samples_split': 2, 'min_weight_fraction_leaf': 0.0, 'monotonic_cst': None, 'n_estimators': 100, 'n_jobs': None, 'oob_score': False, 'random_state': 42, 'verbose': 0, 'warm_start': False}",0.9999809265136719
Coffee,8,10,3,5,LinearSVC,HMM_GMM,9,"{'n_components': 5, 'n_mix': 1, 'covariance_type': 'diag'}",0.434,0.4225874319239231,"{'C': 1.0, 'class_weight': None, 'dual': False, 'fit_intercept': True, 'intercept_scaling': 1, 'loss': 'squared_hinge', 'max_iter': 100, 'multi_class': 'ovr', 'penalty': 'l2', 'random_state': 42, 'tol': 0.0001, 'verbose': 0}",0.03558182716369629
Coffee,8,10,3,5,LogisticRegression,HMM_GMM,9,"{'n_components': 5, 'n_mix': 1, 'covariance_type': 'diag'}",0.416,0.4082713384858387,"{'C': 1.0, 'class_weight': None, 'dual': False, 'fit_intercept': True, 'intercept_scaling': 1, 'l1_ratio': None, 'max_iter': 100, 'multi_class': 'deprecated', 'n_jobs': None, 'penalty': 'l2', 'random_state': 42, 'solver': 'lbfgs', 'tol': 0.0001, 'verbose': 0, 'warm_start': False}",0.06485438346862793
Coffee,8,10,3,5,KNN,HMM_GMM,10,"{'n_components': 3, 'n_mix': 5, 'covariance_type': 'diag'}",0.706,0.6898213314723635,"{'algorithm': 'auto', 'leaf_size': 30, 'metric': 'minkowski', 'metric_params': None, 'n_jobs': None, 'n_neighbors': 5, 'p': 2, 'weights': 'uniform'}",0.04356861114501953
Coffee,8,10,3,5,RandomForest,HMM_GMM,10,"{'n_components': 3, 'n_mix': 5, 'covariance_type': 'diag'}",0.718,0.6853325218723646,"{'bootstrap': True, 'ccp_alpha': 0.0, 'class_weight': None, 'criterion': 'gini', 'max_depth': None, 'max_features': 'sqrt', 'max_leaf_nodes': None, 'max_samples': None, 'min_impurity_decrease': 0.0, 'min_samples_leaf': 1, 'min_samples_split': 2, 'min_weight_fraction_leaf': 0.0, 'monotonic_cst': None, 'n_estimators': 100, 'n_jobs': None, 'oob_score': False, 'random_state': 42, 'verbose': 0, 'warm_start': False}",0.8876926898956299
Coffee,8,10,3,5,LinearSVC,HMM_GMM,10,"{'n_components': 3, 'n_mix': 5, 'covariance_type': 'diag'}",0.606,0.6080511366840841,"{'C': 1.0, 'class_weight': None, 'dual': False, 'fit_intercept': True, 'intercept_scaling': 1, 'loss': 'squared_hinge', 'max_iter': 100, 'multi_class': 'ovr', 'penalty': 'l2', 'random_state': 42, 'tol': 0.0001, 'verbose': 0}",0.03838968276977539
Coffee,8,10,3,5,LogisticRegression,HMM_GMM,10,"{'n_components': 3, 'n_mix': 5, 'covariance_type': 'diag'}",0.596,0.5965003670007984,"{'C': 1.0, 'class_weight': None, 'dual': False, 'fit_intercept': True, 'intercept_scaling': 1, 'l1_ratio': None, 'max_iter': 100, 'multi_class': 'deprecated', 'n_jobs': None, 'penalty': 'l2', 'random_state': 42, 'solver': 'lbfgs', 'tol': 0.0001, 'verbose': 0, 'warm_start': False}",0.08411121368408203
Coffee,8,10,3,10,KNN,HMM_GMM,1,"{'n_components': 2, 'n_mix': 1, 'covariance_type': 'diag'}",0.718,0.6969795080106219,"{'algorithm': 'auto', 'leaf_size': 30, 'metric': 'minkowski', 'metric_params': None, 'n_jobs': None, 'n_neighbors': 5, 'p': 2, 'weights': 'uniform'}",0.058077096939086914
Coffee,8,10,3,10,RandomForest,HMM_GMM,1,"{'n_components': 2, 'n_mix': 1, 'covariance_type': 'diag'}",0.758,0.7272572122514537,"{'bootstrap': True, 'ccp_alpha': 0.0, 'class_weight': None, 'criterion': 'gini', 'max_depth': None, 'max_features': 'sqrt', 'max_leaf_nodes': None, 'max_samples': None, 'min_impurity_decrease': 0.0, 'min_samples_leaf': 1, 'min_samples_split': 2, 'min_weight_fraction_leaf': 0.0, 'monotonic_cst': None, 'n_estimators': 100, 'n_jobs': None, 'oob_score': False, 'random_state': 42, 'verbose': 0, 'warm_start': False}",1.264350175857544
Coffee,8,10,3,10,LinearSVC,HMM_GMM,1,"{'n_components': 2, 'n_mix': 1, 'covariance_type': 'diag'}",0.454,0.4673057842579208,"{'C': 1.0, 'class_weight': None, 'dual': False, 'fit_intercept': True, 'intercept_scaling': 1, 'loss': 'squared_hinge', 'max_iter': 100, 'multi_class': 'ovr', 'penalty': 'l2', 'random_state': 42, 'tol': 0.0001, 'verbose': 0}",0.06292462348937988
Coffee,8,10,3,10,LogisticRegression,HMM_GMM,1,"{'n_components': 2, 'n_mix': 1, 'covariance_type': 'diag'}",0.45,0.45769678287018156,"{'C': 1.0, 'class_weight': None, 'dual': False, 'fit_intercept': True, 'intercept_scaling': 1, 'l1_ratio': None, 'max_iter': 100, 'multi_class': 'deprecated', 'n_jobs': None, 'penalty': 'l2', 'random_state': 42, 'solver': 'lbfgs', 'tol': 0.0001, 'verbose': 0, 'warm_start': False}",0.09485435485839844
Coffee,8,10,3,10,KNN,HMM_GMM,2,"{'n_components': 2, 'n_mix': 4, 'covariance_type': 'tied'}",0.728,0.7077809432103134,"{'algorithm': 'auto', 'leaf_size': 30, 'metric': 'minkowski', 'metric_params': None, 'n_jobs': None, 'n_neighbors': 5, 'p': 2, 'weights': 'uniform'}",0.05675458908081055
Coffee,8,10,3,10,RandomForest,HMM_GMM,2,"{'n_components': 2, 'n_mix': 4, 'covariance_type': 'tied'}",0.758,0.7542734568914932,"{'bootstrap': True, 'ccp_alpha': 0.0, 'class_weight': None, 'criterion': 'gini', 'max_depth': None, 'max_features': 'sqrt', 'max_leaf_nodes': None, 'max_samples': None, 'min_impurity_decrease': 0.0, 'min_samples_leaf': 1, 'min_samples_split': 2, 'min_weight_fraction_leaf': 0.0, 'monotonic_cst': None, 'n_estimators': 100, 'n_jobs': None, 'oob_score': False, 'random_state': 42, 'verbose': 0, 'warm_start': False}",1.1374099254608154
Coffee,8,10,3,10,LinearSVC,HMM_GMM,2,"{'n_components': 2, 'n_mix': 4, 'covariance_type': 'tied'}",0.734,0.7332350047735368,"{'C': 1.0, 'class_weight': None, 'dual': False, 'fit_intercept': True, 'intercept_scaling': 1, 'loss': 'squared_hinge', 'max_iter': 100, 'multi_class': 'ovr', 'penalty': 'l2', 'random_state': 42, 'tol': 0.0001, 'verbose': 0}",0.09237432479858398
Coffee,8,10,3,10,LogisticRegression,HMM_GMM,2,"{'n_components': 2, 'n_mix': 4, 'covariance_type': 'tied'}",0.708,0.7078510902516527,"{'C': 1.0, 'class_weight': None, 'dual': False, 'fit_intercept': True, 'intercept_scaling': 1, 'l1_ratio': None, 'max_iter': 100, 'multi_class': 'deprecated', 'n_jobs': None, 'penalty': 'l2', 'random_state': 42, 'solver': 'lbfgs', 'tol': 0.0001, 'verbose': 0, 'warm_start': False}",0.2922399044036865
Coffee,8,10,3,10,KNN,HMM_GMM,3,"{'n_components': 1, 'n_mix': 3, 'covariance_type': 'diag'}",0.728,0.7080446021224329,"{'algorithm': 'auto', 'leaf_size': 30, 'metric': 'minkowski', 'metric_params': None, 'n_jobs': None, 'n_neighbors': 5, 'p': 2, 'weights': 'uniform'}",0.05495190620422363
Coffee,8,10,3,10,RandomForest,HMM_GMM,3,"{'n_components': 1, 'n_mix': 3, 'covariance_type': 'diag'}",0.766,0.7569092731235153,"{'bootstrap': True, 'ccp_alpha': 0.0, 'class_weight': None, 'criterion': 'gini', 'max_depth': None, 'max_features': 'sqrt', 'max_leaf_nodes': None, 'max_samples': None, 'min_impurity_decrease': 0.0, 'min_samples_leaf': 1, 'min_samples_split': 2, 'min_weight_fraction_leaf': 0.0, 'monotonic_cst': None, 'n_estimators': 100, 'n_jobs': None, 'oob_score': False, 'random_state': 42, 'verbose': 0, 'warm_start': False}",1.2232487201690674
Coffee,8,10,3,10,LinearSVC,HMM_GMM,3,"{'n_components': 1, 'n_mix': 3, 'covariance_type': 'diag'}",0.454,0.48886839012946426,"{'C': 1.0, 'class_weight': None, 'dual': False, 'fit_intercept': True, 'intercept_scaling': 1, 'loss': 'squared_hinge', 'max_iter': 100, 'multi_class': 'ovr', 'penalty': 'l2', 'random_state': 42, 'tol': 0.0001, 'verbose': 0}",0.061350107192993164
Coffee,8,10,3,10,LogisticRegression,HMM_GMM,3,"{'n_components': 1, 'n_mix': 3, 'covariance_type': 'diag'}",0.416,0.41265534543627175,"{'C': 1.0, 'class_weight': None, 'dual': False, 'fit_intercept': True, 'intercept_scaling': 1, 'l1_ratio': None, 'max_iter': 100, 'multi_class': 'deprecated', 'n_jobs': None, 'penalty': 'l2', 'random_state': 42, 'solver': 'lbfgs', 'tol': 0.0001, 'verbose': 0, 'warm_start': False}",0.08763861656188965
Coffee,8,10,3,10,KNN,HMM_GMM,4,"{'n_components': 4, 'n_mix': 3, 'covariance_type': 'diag'}",0.73,0.712803642784128,"{'algorithm': 'auto', 'leaf_size': 30, 'metric': 'minkowski', 'metric_params': None, 'n_jobs': None, 'n_neighbors': 5, 'p': 2, 'weights': 'uniform'}",0.056853532791137695
Coffee,8,10,3,10,RandomForest,HMM_GMM,4,"{'n_components': 4, 'n_mix': 3, 'covariance_type': 'diag'}",0.692,0.6865001602334635,"{'bootstrap': True, 'ccp_alpha': 0.0, 'class_weight': None, 'criterion': 'gini', 'max_depth': None, 'max_features': 'sqrt', 'max_leaf_nodes': None, 'max_samples': None, 'min_impurity_decrease': 0.0, 'min_samples_leaf': 1, 'min_samples_split': 2, 'min_weight_fraction_leaf': 0.0, 'monotonic_cst': None, 'n_estimators': 100, 'n_jobs': None, 'oob_score': False, 'random_state': 42, 'verbose': 0, 'warm_start': False}",1.1798920631408691
Coffee,8,10,3,10,LinearSVC,HMM_GMM,4,"{'n_components': 4, 'n_mix': 3, 'covariance_type': 'diag'}",0.58,0.5849865484852026,"{'C': 1.0, 'class_weight': None, 'dual': False, 'fit_intercept': True, 'intercept_scaling': 1, 'loss': 'squared_hinge', 'max_iter': 100, 'multi_class': 'ovr', 'penalty': 'l2', 'random_state': 42, 'tol': 0.0001, 'verbose': 0}",0.0696709156036377
Coffee,8,10,3,10,LogisticRegression,HMM_GMM,4,"{'n_components': 4, 'n_mix': 3, 'covariance_type': 'diag'}",0.55,0.562882715441962,"{'C': 1.0, 'class_weight': None, 'dual': False, 'fit_intercept': True, 'intercept_scaling': 1, 'l1_ratio': None, 'max_iter': 100, 'multi_class': 'deprecated', 'n_jobs': None, 'penalty': 'l2', 'random_state': 42, 'solver': 'lbfgs', 'tol': 0.0001, 'verbose': 0, 'warm_start': False}",0.16348814964294434
Coffee,8,10,3,10,KNN,HMM_GMM,5,"{'n_components': 1, 'n_mix': 1, 'covariance_type': 'tied'}",0.862,0.864570810513483,"{'algorithm': 'auto', 'leaf_size': 30, 'metric': 'minkowski', 'metric_params': None, 'n_jobs': None, 'n_neighbors': 5, 'p': 2, 'weights': 'uniform'}",0.054924964904785156
Coffee,8,10,3,10,RandomForest,HMM_GMM,5,"{'n_components': 1, 'n_mix': 1, 'covariance_type': 'tied'}",0.864,0.8644624469398738,"{'bootstrap': True, 'ccp_alpha': 0.0, 'class_weight': None, 'criterion': 'gini', 'max_depth': None, 'max_features': 'sqrt', 'max_leaf_nodes': None, 'max_samples': None, 'min_impurity_decrease': 0.0, 'min_samples_leaf': 1, 'min_samples_split': 2, 'min_weight_fraction_leaf': 0.0, 'monotonic_cst': None, 'n_estimators': 100, 'n_jobs': None, 'oob_score': False, 'random_state': 42, 'verbose': 0, 'warm_start': False}",1.1853909492492676
Coffee,8,10,3,10,LinearSVC,HMM_GMM,5,"{'n_components': 1, 'n_mix': 1, 'covariance_type': 'tied'}",0.59,0.5901036406236594,"{'C': 1.0, 'class_weight': None, 'dual': False, 'fit_intercept': True, 'intercept_scaling': 1, 'loss': 'squared_hinge', 'max_iter': 100, 'multi_class': 'ovr', 'penalty': 'l2', 'random_state': 42, 'tol': 0.0001, 'verbose': 0}",0.08904623985290527
Coffee,8,10,3,10,LogisticRegression,HMM_GMM,5,"{'n_components': 1, 'n_mix': 1, 'covariance_type': 'tied'}",0.574,0.5793362384948145,"{'C': 1.0, 'class_weight': None, 'dual': False, 'fit_intercept': True, 'intercept_scaling': 1, 'l1_ratio': None, 'max_iter': 100, 'multi_class': 'deprecated', 'n_jobs': None, 'penalty': 'l2', 'random_state': 42, 'solver': 'lbfgs', 'tol': 0.0001, 'verbose': 0, 'warm_start': False}",0.25896573066711426
Coffee,8,10,3,10,KNN,HMM_GMM,6,"{'n_components': 4, 'n_mix': 3, 'covariance_type': 'diag'}",0.73,0.712803642784128,"{'algorithm': 'auto', 'leaf_size': 30, 'metric': 'minkowski', 'metric_params': None, 'n_jobs': None, 'n_neighbors': 5, 'p': 2, 'weights': 'uniform'}",0.05928468704223633
Coffee,8,10,3,10,RandomForest,HMM_GMM,6,"{'n_components': 4, 'n_mix': 3, 'covariance_type': 'diag'}",0.708,0.6879604978528494,"{'bootstrap': True, 'ccp_alpha': 0.0, 'class_weight': None, 'criterion': 'gini', 'max_depth': None, 'max_features': 'sqrt', 'max_leaf_nodes': None, 'max_samples': None, 'min_impurity_decrease': 0.0, 'min_samples_leaf': 1, 'min_samples_split': 2, 'min_weight_fraction_leaf': 0.0, 'monotonic_cst': None, 'n_estimators': 100, 'n_jobs': None, 'oob_score': False, 'random_state': 42, 'verbose': 0, 'warm_start': False}",1.2013354301452637
Coffee,8,10,3,10,LinearSVC,HMM_GMM,6,"{'n_components': 4, 'n_mix': 3, 'covariance_type': 'diag'}",0.58,0.5849865484852026,"{'C': 1.0, 'class_weight': None, 'dual': False, 'fit_intercept': True, 'intercept_scaling': 1, 'loss': 'squared_hinge', 'max_iter': 100, 'multi_class': 'ovr', 'penalty': 'l2', 'random_state': 42, 'tol': 0.0001, 'verbose': 0}",0.06756925582885742
Coffee,8,10,3,10,LogisticRegression,HMM_GMM,6,"{'n_components': 4, 'n_mix': 3, 'covariance_type': 'diag'}",0.546,0.5598833834672589,"{'C': 1.0, 'class_weight': None, 'dual': False, 'fit_intercept': True, 'intercept_scaling': 1, 'l1_ratio': None, 'max_iter': 100, 'multi_class': 'deprecated', 'n_jobs': None, 'penalty': 'l2', 'random_state': 42, 'solver': 'lbfgs', 'tol': 0.0001, 'verbose': 0, 'warm_start': False}",0.3222346305847168
Coffee,8,10,3,10,KNN,HMM_GMM,7,"{'n_components': 2, 'n_mix': 5, 'covariance_type': 'diag'}",0.748,0.737050988422745,"{'algorithm': 'auto', 'leaf_size': 30, 'metric': 'minkowski', 'metric_params': None, 'n_jobs': None, 'n_neighbors': 5, 'p': 2, 'weights': 'uniform'}",0.057109832763671875
Coffee,8,10,3,10,RandomForest,HMM_GMM,7,"{'n_components': 2, 'n_mix': 5, 'covariance_type': 'diag'}",0.788,0.7803182619357452,"{'bootstrap': True, 'ccp_alpha': 0.0, 'class_weight': None, 'criterion': 'gini', 'max_depth': None, 'max_features': 'sqrt', 'max_leaf_nodes': None, 'max_samples': None, 'min_impurity_decrease': 0.0, 'min_samples_leaf': 1, 'min_samples_split': 2, 'min_weight_fraction_leaf': 0.0, 'monotonic_cst': None, 'n_estimators': 100, 'n_jobs': None, 'oob_score': False, 'random_state': 42, 'verbose': 0, 'warm_start': False}",1.1173937320709229
Coffee,8,10,3,10,LinearSVC,HMM_GMM,7,"{'n_components': 2, 'n_mix': 5, 'covariance_type': 'diag'}",0.6,0.5944969959714597,"{'C': 1.0, 'class_weight': None, 'dual': False, 'fit_intercept': True, 'intercept_scaling': 1, 'loss': 'squared_hinge', 'max_iter': 100, 'multi_class': 'ovr', 'penalty': 'l2', 'random_state': 42, 'tol': 0.0001, 'verbose': 0}",0.06629371643066406
Coffee,8,10,3,10,LogisticRegression,HMM_GMM,7,"{'n_components': 2, 'n_mix': 5, 'covariance_type': 'diag'}",0.566,0.5737602155017298,"{'C': 1.0, 'class_weight': None, 'dual': False, 'fit_intercept': True, 'intercept_scaling': 1, 'l1_ratio': None, 'max_iter': 100, 'multi_class': 'deprecated', 'n_jobs': None, 'penalty': 'l2', 'random_state': 42, 'solver': 'lbfgs', 'tol': 0.0001, 'verbose': 0, 'warm_start': False}",0.14275860786437988
Coffee,8,10,3,10,KNN,HMM_GMM,8,"{'n_components': 1, 'n_mix': 3, 'covariance_type': 'full'}",0.762,0.7539088389888492,"{'algorithm': 'auto', 'leaf_size': 30, 'metric': 'minkowski', 'metric_params': None, 'n_jobs': None, 'n_neighbors': 5, 'p': 2, 'weights': 'uniform'}",0.05402541160583496
Coffee,8,10,3,10,RandomForest,HMM_GMM,8,"{'n_components': 1, 'n_mix': 3, 'covariance_type': 'full'}",0.8,0.8025905538901924,"{'bootstrap': True, 'ccp_alpha': 0.0, 'class_weight': None, 'criterion': 'gini', 'max_depth': None, 'max_features': 'sqrt', 'max_leaf_nodes': None, 'max_samples': None, 'min_impurity_decrease': 0.0, 'min_samples_leaf': 1, 'min_samples_split': 2, 'min_weight_fraction_leaf': 0.0, 'monotonic_cst': None, 'n_estimators': 100, 'n_jobs': None, 'oob_score': False, 'random_state': 42, 'verbose': 0, 'warm_start': False}",1.1273202896118164
Coffee,8,10,3,10,LinearSVC,HMM_GMM,8,"{'n_components': 1, 'n_mix': 3, 'covariance_type': 'full'}",0.672,0.6760301534468695,"{'C': 1.0, 'class_weight': None, 'dual': False, 'fit_intercept': True, 'intercept_scaling': 1, 'loss': 'squared_hinge', 'max_iter': 100, 'multi_class': 'ovr', 'penalty': 'l2', 'random_state': 42, 'tol': 0.0001, 'verbose': 0}",0.0887460708618164
Coffee,8,10,3,10,LogisticRegression,HMM_GMM,8,"{'n_components': 1, 'n_mix': 3, 'covariance_type': 'full'}",0.744,0.7450185986303755,"{'C': 1.0, 'class_weight': None, 'dual': False, 'fit_intercept': True, 'intercept_scaling': 1, 'l1_ratio': None, 'max_iter': 100, 'multi_class': 'deprecated', 'n_jobs': None, 'penalty': 'l2', 'random_state': 42, 'solver': 'lbfgs', 'tol': 0.0001, 'verbose': 0, 'warm_start': False}",0.2926197052001953
Coffee,8,10,3,10,KNN,HMM_GMM,9,"{'n_components': 5, 'n_mix': 1, 'covariance_type': 'diag'}",0.72,0.6994171812100141,"{'algorithm': 'auto', 'leaf_size': 30, 'metric': 'minkowski', 'metric_params': None, 'n_jobs': None, 'n_neighbors': 5, 'p': 2, 'weights': 'uniform'}",0.05458569526672363
Coffee,8,10,3,10,RandomForest,HMM_GMM,9,"{'n_components': 5, 'n_mix': 1, 'covariance_type': 'diag'}",0.698,0.6726831917992613,"{'bootstrap': True, 'ccp_alpha': 0.0, 'class_weight': None, 'criterion': 'gini', 'max_depth': None, 'max_features': 'sqrt', 'max_leaf_nodes': None, 'max_samples': None, 'min_impurity_decrease': 0.0, 'min_samples_leaf': 1, 'min_samples_split': 2, 'min_weight_fraction_leaf': 0.0, 'monotonic_cst': None, 'n_estimators': 100, 'n_jobs': None, 'oob_score': False, 'random_state': 42, 'verbose': 0, 'warm_start': False}",1.1746001243591309
Coffee,8,10,3,10,LinearSVC,HMM_GMM,9,"{'n_components': 5, 'n_mix': 1, 'covariance_type': 'diag'}",0.436,0.41492878289857094,"{'C': 1.0, 'class_weight': None, 'dual': False, 'fit_intercept': True, 'intercept_scaling': 1, 'loss': 'squared_hinge', 'max_iter': 100, 'multi_class': 'ovr', 'penalty': 'l2', 'random_state': 42, 'tol': 0.0001, 'verbose': 0}",0.05807828903198242
Coffee,8,10,3,10,LogisticRegression,HMM_GMM,9,"{'n_components': 5, 'n_mix': 1, 'covariance_type': 'diag'}",0.424,0.4083028083028083,"{'C': 1.0, 'class_weight': None, 'dual': False, 'fit_intercept': True, 'intercept_scaling': 1, 'l1_ratio': None, 'max_iter': 100, 'multi_class': 'deprecated', 'n_jobs': None, 'penalty': 'l2', 'random_state': 42, 'solver': 'lbfgs', 'tol': 0.0001, 'verbose': 0, 'warm_start': False}",0.19421029090881348
Coffee,8,10,3,10,KNN,HMM_GMM,10,"{'n_components': 3, 'n_mix': 5, 'covariance_type': 'diag'}",0.706,0.6898213314723635,"{'algorithm': 'auto', 'leaf_size': 30, 'metric': 'minkowski', 'metric_params': None, 'n_jobs': None, 'n_neighbors': 5, 'p': 2, 'weights': 'uniform'}",0.054679155349731445
Coffee,8,10,3,10,RandomForest,HMM_GMM,10,"{'n_components': 3, 'n_mix': 5, 'covariance_type': 'diag'}",0.806,0.7987433204874681,"{'bootstrap': True, 'ccp_alpha': 0.0, 'class_weight': None, 'criterion': 'gini', 'max_depth': None, 'max_features': 'sqrt', 'max_leaf_nodes': None, 'max_samples': None, 'min_impurity_decrease': 0.0, 'min_samples_leaf': 1, 'min_samples_split': 2, 'min_weight_fraction_leaf': 0.0, 'monotonic_cst': None, 'n_estimators': 100, 'n_jobs': None, 'oob_score': False, 'random_state': 42, 'verbose': 0, 'warm_start': False}",1.1285123825073242
Coffee,8,10,3,10,LinearSVC,HMM_GMM,10,"{'n_components': 3, 'n_mix': 5, 'covariance_type': 'diag'}",0.618,0.6210814410422766,"{'C': 1.0, 'class_weight': None, 'dual': False, 'fit_intercept': True, 'intercept_scaling': 1, 'loss': 'squared_hinge', 'max_iter': 100, 'multi_class': 'ovr', 'penalty': 'l2', 'random_state': 42, 'tol': 0.0001, 'verbose': 0}",0.08097600936889648
Coffee,8,10,3,10,LogisticRegression,HMM_GMM,10,"{'n_components': 3, 'n_mix': 5, 'covariance_type': 'diag'}",0.596,0.5965003670007984,"{'C': 1.0, 'class_weight': None, 'dual': False, 'fit_intercept': True, 'intercept_scaling': 1, 'l1_ratio': None, 'max_iter': 100, 'multi_class': 'deprecated', 'n_jobs': None, 'penalty': 'l2', 'random_state': 42, 'solver': 'lbfgs', 'tol': 0.0001, 'verbose': 0, 'warm_start': False}",0.14192533493041992
Coffee,8,10,4,1,KNN,Baseline,N/A,N/A,0.8,0.7340721813179714,"{'algorithm': 'auto', 'leaf_size': 30, 'metric': 'minkowski', 'metric_params': None, 'n_jobs': None, 'n_neighbors': 5, 'p': 2, 'weights': 'uniform'}",0.027840137481689453
Coffee,8,10,4,1,KNN,Tuned_Baseline,N/A,N/A,0.81,0.7504497256709647,"{'algorithm': 'auto', 'leaf_size': 30, 'metric': 'minkowski', 'metric_params': None, 'n_jobs': None, 'n_neighbors': np.int64(5), 'p': 3, 'weights': 'distance'}",0.02154088020324707
Coffee,8,10,4,1,RandomForest,Baseline,N/A,N/A,0.88,0.8600851722802942,"{'bootstrap': True, 'ccp_alpha': 0.0, 'class_weight': None, 'criterion': 'gini', 'max_depth': None, 'max_features': 'sqrt', 'max_leaf_nodes': None, 'max_samples': None, 'min_impurity_decrease': 0.0, 'min_samples_leaf': 1, 'min_samples_split': 2, 'min_weight_fraction_leaf': 0.0, 'monotonic_cst': None, 'n_estimators': 100, 'n_jobs': None, 'oob_score': False, 'random_state': 42, 'verbose': 0, 'warm_start': False}",0.41777610778808594
Coffee,8,10,4,1,RandomForest,Tuned_Baseline,N/A,N/A,0.878,0.8572413023018393,"{'bootstrap': True, 'ccp_alpha': 0.0, 'class_weight': 'balanced', 'criterion': 'gini', 'max_depth': None, 'max_features': 'sqrt', 'max_leaf_nodes': None, 'max_samples': None, 'min_impurity_decrease': 0.0, 'min_samples_leaf': 1, 'min_samples_split': 5, 'min_weight_fraction_leaf': 0.0, 'monotonic_cst': None, 'n_estimators': 50, 'n_jobs': None, 'oob_score': False, 'random_state': 42, 'verbose': 0, 'warm_start': False}",0.004451274871826172
Coffee,8,10,4,1,LinearSVC,Baseline,N/A,N/A,0.71,0.7130487466523611,"{'C': 1.0, 'class_weight': None, 'dual': False, 'fit_intercept': True, 'intercept_scaling': 1, 'loss': 'squared_hinge', 'max_iter': 100, 'multi_class': 'ovr', 'penalty': 'l2', 'random_state': 42, 'tol': 0.0001, 'verbose': 0}",0.012671470642089844
Coffee,8,10,4,1,LinearSVC,Tuned_Baseline,N/A,N/A,0.688,0.6870561309644209,"{'C': np.float64(2.6366508987303554), 'class_weight': 'balanced', 'dual': False, 'fit_intercept': True, 'intercept_scaling': 1, 'loss': 'squared_hinge', 'max_iter': 100, 'multi_class': 'ovr', 'penalty': 'l1', 'random_state': 42, 'tol': 0.0001, 'verbose': 0}",0.0002617835998535156
Coffee,8,10,4,1,LogisticRegression,Baseline,N/A,N/A,0.672,0.6537988641619472,"{'C': 1.0, 'class_weight': None, 'dual': False, 'fit_intercept': True, 'intercept_scaling': 1, 'l1_ratio': None, 'max_iter': 100, 'multi_class': 'deprecated', 'n_jobs': None, 'penalty': 'l2', 'random_state': 42, 'solver': 'lbfgs', 'tol': 0.0001, 'verbose': 0, 'warm_start': False}",0.05223441123962402
Coffee,8,10,4,1,LogisticRegression,Tuned_Baseline,N/A,N/A,0.664,0.6535357975357975,"{'C': np.float64(2.6366508987303554), 'class_weight': 'balanced', 'dual': False, 'fit_intercept': True, 'intercept_scaling': 1, 'l1_ratio': None, 'max_iter': 100, 'multi_class': 'deprecated', 'n_jobs': None, 'penalty': 'l1', 'random_state': 42, 'solver': 'saga', 'tol': 0.0001, 'verbose': 0, 'warm_start': False}",0.00027871131896972656
Coffee,8,10,4,1,RNN,Tuned_Baseline,N/A,N/A,0.2,0.06666666666666667,"{'hidden_size': 64, 'epochs': 10, 'batch_size': 32, 'lr': 0.001}",4.00543212890625e-05
Coffee,8,10,4,2,KNN,HMM_GMM,1,"{'n_components': 2, 'n_mix': 1, 'covariance_type': 'diag'}",0.804,0.7409889228071047,"{'algorithm': 'auto', 'leaf_size': 30, 'metric': 'euclidean', 'metric_params': None, 'n_jobs': None, 'n_neighbors': np.int64(9), 'p': 2, 'weights': 'distance'}",0.011948347091674805
Coffee,8,10,4,2,RandomForest,HMM_GMM,1,"{'n_components': 2, 'n_mix': 1, 'covariance_type': 'diag'}",0.79,0.7196643201630731,"{'bootstrap': True, 'ccp_alpha': 0.0, 'class_weight': 'balanced', 'criterion': 'gini', 'max_depth': 30, 'max_features': 'sqrt', 'max_leaf_nodes': None, 'max_samples': None, 'min_impurity_decrease': 0.0, 'min_samples_leaf': 1, 'min_samples_split': 2, 'min_weight_fraction_leaf': 0.0, 'monotonic_cst': None, 'n_estimators': 150, 'n_jobs': None, 'oob_score': False, 'random_state': 42, 'verbose': 0, 'warm_start': False}",1.1508862972259521
Coffee,8,10,4,2,LinearSVC,HMM_GMM,1,"{'n_components': 2, 'n_mix': 1, 'covariance_type': 'diag'}",0.45,0.4474900586941992,"{'C': np.float64(183.29807108324337), 'class_weight': 'balanced', 'dual': False, 'fit_intercept': True, 'intercept_scaling': 1, 'loss': 'squared_hinge', 'max_iter': 100, 'multi_class': 'ovr', 'penalty': 'l1', 'random_state': 42, 'tol': 0.0001, 'verbose': 0}",0.030719280242919922
Coffee,8,10,4,2,LogisticRegression,HMM_GMM,1,"{'n_components': 2, 'n_mix': 1, 'covariance_type': 'diag'}",0.4,0.40464204150531224,"{'C': np.float64(33.59818286283781), 'class_weight': None, 'dual': False, 'fit_intercept': True, 'intercept_scaling': 1, 'l1_ratio': None, 'max_iter': 100, 'multi_class': 'deprecated', 'n_jobs': None, 'penalty': 'l2', 'random_state': 42, 'solver': 'saga', 'tol': 0.0001, 'verbose': 0, 'warm_start': False}",0.026668787002563477
Coffee,8,10,4,2,KNN,HMM_GMM,2,"{'n_components': 2, 'n_mix': 4, 'covariance_type': 'tied'}",0.812,0.7799983463291418,"{'algorithm': 'auto', 'leaf_size': 30, 'metric': 'chebyshev', 'metric_params': None, 'n_jobs': None, 'n_neighbors': np.int64(5), 'p': 2, 'weights': 'uniform'}",0.023627758026123047
Coffee,8,10,4,2,RandomForest,HMM_GMM,2,"{'n_components': 2, 'n_mix': 4, 'covariance_type': 'tied'}",0.848,0.8232184824656579,"{'bootstrap': True, 'ccp_alpha': 0.0, 'class_weight': 'balanced', 'criterion': 'gini', 'max_depth': 10, 'max_features': 'sqrt', 'max_leaf_nodes': None, 'max_samples': None, 'min_impurity_decrease': 0.0, 'min_samples_leaf': 1, 'min_samples_split': 5, 'min_weight_fraction_leaf': 0.0, 'monotonic_cst': None, 'n_estimators': 50, 'n_jobs': None, 'oob_score': False, 'random_state': 42, 'verbose': 0, 'warm_start': False}",0.3236105442047119
Coffee,8,10,4,2,LinearSVC,HMM_GMM,2,"{'n_components': 2, 'n_mix': 4, 'covariance_type': 'tied'}",0.64,0.6362634436743565,"{'C': np.float64(0.08858667904100823), 'class_weight': None, 'dual': False, 'fit_intercept': True, 'intercept_scaling': 1, 'loss': 'squared_hinge', 'max_iter': 100, 'multi_class': 'ovr', 'penalty': 'l1', 'random_state': 42, 'tol': 0.0001, 'verbose': 0}",0.043576717376708984
Coffee,8,10,4,2,LogisticRegression,HMM_GMM,2,"{'n_components': 2, 'n_mix': 4, 'covariance_type': 'tied'}",0.624,0.6201214270363207,"{'C': np.float64(0.4832930238571752), 'class_weight': 'balanced', 'dual': False, 'fit_intercept': True, 'intercept_scaling': 1, 'l1_ratio': None, 'max_iter': 100, 'multi_class': 'deprecated', 'n_jobs': None, 'penalty': 'l2', 'random_state': 42, 'solver': 'lbfgs', 'tol': 0.0001, 'verbose': 0, 'warm_start': False}",0.0699014663696289
Coffee,8,10,4,2,KNN,HMM_GMM,3,"{'n_components': 1, 'n_mix': 3, 'covariance_type': 'diag'}",0.766,0.7046925818704324,"{'algorithm': 'auto', 'leaf_size': 30, 'metric': 'chebyshev', 'metric_params': None, 'n_jobs': None, 'n_neighbors': np.int64(5), 'p': 2, 'weights': 'uniform'}",0.025404691696166992
Coffee,8,10,4,2,RandomForest,HMM_GMM,3,"{'n_components': 1, 'n_mix': 3, 'covariance_type': 'diag'}",0.744,0.6712900996727765,"{'bootstrap': True, 'ccp_alpha': 0.0, 'class_weight': 'balanced', 'criterion': 'gini', 'max_depth': None, 'max_features': 'sqrt', 'max_leaf_nodes': None, 'max_samples': None, 'min_impurity_decrease': 0.0, 'min_samples_leaf': 1, 'min_samples_split': 2, 'min_weight_fraction_leaf': 0.0, 'monotonic_cst': None, 'n_estimators': 50, 'n_jobs': None, 'oob_score': False, 'random_state': 42, 'verbose': 0, 'warm_start': False}",0.3302180767059326
Coffee,8,10,4,2,LinearSVC,HMM_GMM,3,"{'n_components': 1, 'n_mix': 3, 'covariance_type': 'diag'}",0.554,0.5499193131682499,"{'C': np.float64(0.08858667904100823), 'class_weight': None, 'dual': False, 'fit_intercept': False, 'intercept_scaling': 1, 'loss': 'squared_hinge', 'max_iter': 100, 'multi_class': 'ovr', 'penalty': 'l1', 'random_state': 42, 'tol': 0.0001, 'verbose': 0}",0.02957773208618164
Coffee,8,10,4,2,LogisticRegression,HMM_GMM,3,"{'n_components': 1, 'n_mix': 3, 'covariance_type': 'diag'}",0.41,0.4094100456621004,"{'C': np.float64(33.59818286283781), 'class_weight': None, 'dual': False, 'fit_intercept': True, 'intercept_scaling': 1, 'l1_ratio': None, 'max_iter': 100, 'multi_class': 'deprecated', 'n_jobs': None, 'penalty': 'l2', 'random_state': 42, 'solver': 'saga', 'tol': 0.0001, 'verbose': 0, 'warm_start': False}",0.03008270263671875
Coffee,8,10,4,2,KNN,HMM_GMM,4,"{'n_components': 4, 'n_mix': 3, 'covariance_type': 'diag'}",0.794,0.7727174642910449,"{'algorithm': 'auto', 'leaf_size': 30, 'metric': 'chebyshev', 'metric_params': None, 'n_jobs': None, 'n_neighbors': np.int64(5), 'p': 2, 'weights': 'uniform'}",0.032262325286865234
Coffee,8,10,4,2,RandomForest,HMM_GMM,4,"{'n_components': 4, 'n_mix': 3, 'covariance_type': 'diag'}",0.782,0.7375820349868468,"{'bootstrap': True, 'ccp_alpha': 0.0, 'class_weight': 'balanced', 'criterion': 'gini', 'max_depth': None, 'max_features': 'sqrt', 'max_leaf_nodes': None, 'max_samples': None, 'min_impurity_decrease': 0.0, 'min_samples_leaf': 1, 'min_samples_split': 2, 'min_weight_fraction_leaf': 0.0, 'monotonic_cst': None, 'n_estimators': 50, 'n_jobs': None, 'oob_score': False, 'random_state': 42, 'verbose': 0, 'warm_start': False}",0.3272414207458496
Coffee,8,10,4,2,LinearSVC,HMM_GMM,4,"{'n_components': 4, 'n_mix': 3, 'covariance_type': 'diag'}",0.454,0.4628432362657169,"{'C': np.float64(0.08858667904100823), 'class_weight': None, 'dual': False, 'fit_intercept': True, 'intercept_scaling': 1, 'loss': 'squared_hinge', 'max_iter': 100, 'multi_class': 'ovr', 'penalty': 'l1', 'random_state': 42, 'tol': 0.0001, 'verbose': 0}",0.04039931297302246
Coffee,8,10,4,2,LogisticRegression,HMM_GMM,4,"{'n_components': 4, 'n_mix': 3, 'covariance_type': 'diag'}",0.58,0.5623810099344119,"{'C': np.float64(33.59818286283781), 'class_weight': None, 'dual': False, 'fit_intercept': True, 'intercept_scaling': 1, 'l1_ratio': None, 'max_iter': 100, 'multi_class': 'deprecated', 'n_jobs': None, 'penalty': 'l2', 'random_state': 42, 'solver': 'saga', 'tol': 0.0001, 'verbose': 0, 'warm_start': False}",0.08799982070922852
Coffee,8,10,4,2,KNN,HMM_GMM,5,"{'n_components': 1, 'n_mix': 1, 'covariance_type': 'tied'}",0.868,0.8573308032890575,"{'algorithm': 'auto', 'leaf_size': 30, 'metric': 'euclidean', 'metric_params': None, 'n_jobs': None, 'n_neighbors': np.int64(9), 'p': 2, 'weights': 'distance'}",0.010825872421264648
Coffee,8,10,4,2,RandomForest,HMM_GMM,5,"{'n_components': 1, 'n_mix': 1, 'covariance_type': 'tied'}",0.902,0.8924097097504718,"{'bootstrap': True, 'ccp_alpha': 0.0, 'class_weight': None, 'criterion': 'gini', 'max_depth': None, 'max_features': 'sqrt', 'max_leaf_nodes': None, 'max_samples': None, 'min_impurity_decrease': 0.0, 'min_samples_leaf': 4, 'min_samples_split': 2, 'min_weight_fraction_leaf': 0.0, 'monotonic_cst': None, 'n_estimators': 50, 'n_jobs': None, 'oob_score': False, 'random_state': 42, 'verbose': 0, 'warm_start': False}",0.32340168952941895
Coffee,8,10,4,2,LinearSVC,HMM_GMM,5,"{'n_components': 1, 'n_mix': 1, 'covariance_type': 'tied'}",0.67,0.6682619829828785,"{'C': np.float64(33.59818286283781), 'class_weight': 'balanced', 'dual': False, 'fit_intercept': True, 'intercept_scaling': 1, 'loss': 'squared_hinge', 'max_iter': 100, 'multi_class': 'ovr', 'penalty': 'l1', 'random_state': 42, 'tol': 0.001, 'verbose': 0}",0.047194480895996094
Coffee,8,10,4,2,LogisticRegression,HMM_GMM,5,"{'n_components': 1, 'n_mix': 1, 'covariance_type': 'tied'}",0.618,0.6070213659679308,"{'C': np.float64(1000.0), 'class_weight': 'balanced', 'dual': False, 'fit_intercept': True, 'intercept_scaling': 1, 'l1_ratio': None, 'max_iter': 100, 'multi_class': 'deprecated', 'n_jobs': None, 'penalty': 'l2', 'random_state': 42, 'solver': 'sag', 'tol': 0.0001, 'verbose': 0, 'warm_start': False}",0.1561295986175537
Coffee,8,10,4,2,KNN,HMM_GMM,6,"{'n_components': 4, 'n_mix': 3, 'covariance_type': 'diag'}",0.794,0.7727174642910449,"{'algorithm': 'auto', 'leaf_size': 30, 'metric': 'chebyshev', 'metric_params': None, 'n_jobs': None, 'n_neighbors': np.int64(5), 'p': 2, 'weights': 'uniform'}",0.025026559829711914
Coffee,8,10,4,2,RandomForest,HMM_GMM,6,"{'n_components': 4, 'n_mix': 3, 'covariance_type': 'diag'}",0.814,0.7929195517960176,"{'bootstrap': True, 'ccp_alpha': 0.0, 'class_weight': 'balanced', 'criterion': 'gini', 'max_depth': None, 'max_features': 'sqrt', 'max_leaf_nodes': None, 'max_samples': None, 'min_impurity_decrease': 0.0, 'min_samples_leaf': 1, 'min_samples_split': 2, 'min_weight_fraction_leaf': 0.0, 'monotonic_cst': None, 'n_estimators': 50, 'n_jobs': None, 'oob_score': False, 'random_state': 42, 'verbose': 0, 'warm_start': False}",0.3215343952178955
Coffee,8,10,4,2,LinearSVC,HMM_GMM,6,"{'n_components': 4, 'n_mix': 3, 'covariance_type': 'diag'}",0.458,0.46729081878325723,"{'C': np.float64(0.08858667904100823), 'class_weight': None, 'dual': False, 'fit_intercept': True, 'intercept_scaling': 1, 'loss': 'squared_hinge', 'max_iter': 100, 'multi_class': 'ovr', 'penalty': 'l1', 'random_state': 42, 'tol': 0.0001, 'verbose': 0}",0.0398867130279541
Coffee,8,10,4,2,LogisticRegression,HMM_GMM,6,"{'n_components': 4, 'n_mix': 3, 'covariance_type': 'diag'}",0.58,0.5623810099344119,"{'C': np.float64(33.59818286283781), 'class_weight': None, 'dual': False, 'fit_intercept': True, 'intercept_scaling': 1, 'l1_ratio': None, 'max_iter': 100, 'multi_class': 'deprecated', 'n_jobs': None, 'penalty': 'l2', 'random_state': 42, 'solver': 'saga', 'tol': 0.0001, 'verbose': 0, 'warm_start': False}",0.08823990821838379
Coffee,8,10,4,2,KNN,HMM_GMM,7,"{'n_components': 2, 'n_mix': 5, 'covariance_type': 'diag'}",0.788,0.7575867861142217,"{'algorithm': 'auto', 'leaf_size': 30, 'metric': 'chebyshev', 'metric_params': None, 'n_jobs': None, 'n_neighbors': np.int64(5), 'p': 2, 'weights': 'uniform'}",0.029343128204345703
Coffee,8,10,4,2,RandomForest,HMM_GMM,7,"{'n_components': 2, 'n_mix': 5, 'covariance_type': 'diag'}",0.868,0.8482621082621083,"{'bootstrap': True, 'ccp_alpha': 0.0, 'class_weight': None, 'criterion': 'gini', 'max_depth': None, 'max_features': 'sqrt', 'max_leaf_nodes': None, 'max_samples': None, 'min_impurity_decrease': 0.0, 'min_samples_leaf': 4, 'min_samples_split': 2, 'min_weight_fraction_leaf': 0.0, 'monotonic_cst': None, 'n_estimators': 50, 'n_jobs': None, 'oob_score': False, 'random_state': 42, 'verbose': 0, 'warm_start': False}",0.3432037830352783
Coffee,8,10,4,2,LinearSVC,HMM_GMM,7,"{'n_components': 2, 'n_mix': 5, 'covariance_type': 'diag'}",0.572,0.5641422583248719,"{'C': np.float64(183.29807108324337), 'class_weight': 'balanced', 'dual': False, 'fit_intercept': False, 'intercept_scaling': 1, 'loss': 'squared_hinge', 'max_iter': 100, 'multi_class': 'ovr', 'penalty': 'l2', 'random_state': 42, 'tol': 0.001, 'verbose': 0}",0.014419794082641602
Coffee,8,10,4,2,LogisticRegression,HMM_GMM,7,"{'n_components': 2, 'n_mix': 5, 'covariance_type': 'diag'}",0.46,0.47876264190114615,"{'C': np.float64(33.59818286283781), 'class_weight': None, 'dual': False, 'fit_intercept': True, 'intercept_scaling': 1, 'l1_ratio': None, 'max_iter': 100, 'multi_class': 'deprecated', 'n_jobs': None, 'penalty': 'l2', 'random_state': 42, 'solver': 'saga', 'tol': 0.0001, 'verbose': 0, 'warm_start': False}",0.06947875022888184
Coffee,8,10,4,2,KNN,HMM_GMM,8,"{'n_components': 1, 'n_mix': 3, 'covariance_type': 'full'}",0.816,0.7988374627118082,"{'algorithm': 'auto', 'leaf_size': 30, 'metric': 'chebyshev', 'metric_params': None, 'n_jobs': None, 'n_neighbors': np.int64(5), 'p': 2, 'weights': 'uniform'}",0.029531002044677734
Coffee,8,10,4,2,RandomForest,HMM_GMM,8,"{'n_components': 1, 'n_mix': 3, 'covariance_type': 'full'}",0.948,0.9471551057774168,"{'bootstrap': True, 'ccp_alpha': 0.0, 'class_weight': 'balanced', 'criterion': 'gini', 'max_depth': 10, 'max_features': 'sqrt', 'max_leaf_nodes': None, 'max_samples': None, 'min_impurity_decrease': 0.0, 'min_samples_leaf': 1, 'min_samples_split': 2, 'min_weight_fraction_leaf': 0.0, 'monotonic_cst': None, 'n_estimators': 100, 'n_jobs': None, 'oob_score': False, 'random_state': 42, 'verbose': 0, 'warm_start': False}",0.68756103515625
Coffee,8,10,4,2,LinearSVC,HMM_GMM,8,"{'n_components': 1, 'n_mix': 3, 'covariance_type': 'full'}",0.698,0.6955268655623598,"{'C': np.float64(33.59818286283781), 'class_weight': 'balanced', 'dual': False, 'fit_intercept': True, 'intercept_scaling': 1, 'loss': 'squared_hinge', 'max_iter': 100, 'multi_class': 'ovr', 'penalty': 'l1', 'random_state': 42, 'tol': 0.001, 'verbose': 0}",0.04847145080566406
Coffee,8,10,4,2,LogisticRegression,HMM_GMM,8,"{'n_components': 1, 'n_mix': 3, 'covariance_type': 'full'}",0.652,0.6410262523199525,"{'C': np.float64(33.59818286283781), 'class_weight': None, 'dual': False, 'fit_intercept': True, 'intercept_scaling': 1, 'l1_ratio': None, 'max_iter': 100, 'multi_class': 'deprecated', 'n_jobs': None, 'penalty': 'l2', 'random_state': 42, 'solver': 'saga', 'tol': 0.0001, 'verbose': 0, 'warm_start': False}",0.17593860626220703
Coffee,8,10,4,2,KNN,HMM_GMM,9,"{'n_components': 5, 'n_mix': 1, 'covariance_type': 'diag'}",0.77,0.7138351886268273,"{'algorithm': 'auto', 'leaf_size': 30, 'metric': 'chebyshev', 'metric_params': None, 'n_jobs': None, 'n_neighbors': np.int64(5), 'p': 2, 'weights': 'uniform'}",0.02970600128173828
Coffee,8,10,4,2,RandomForest,HMM_GMM,9,"{'n_components': 5, 'n_mix': 1, 'covariance_type': 'diag'}",0.78,0.7130275660563644,"{'bootstrap': True, 'ccp_alpha': 0.0, 'class_weight': 'balanced', 'criterion': 'gini', 'max_depth': 30, 'max_features': 'sqrt', 'max_leaf_nodes': None, 'max_samples': None, 'min_impurity_decrease': 0.0, 'min_samples_leaf': 1, 'min_samples_split': 2, 'min_weight_fraction_leaf': 0.0, 'monotonic_cst': None, 'n_estimators': 150, 'n_jobs': None, 'oob_score': False, 'random_state': 42, 'verbose': 0, 'warm_start': False}",1.1000401973724365
Coffee,8,10,4,2,LinearSVC,HMM_GMM,9,"{'n_components': 5, 'n_mix': 1, 'covariance_type': 'diag'}",0.468,0.4522669022683608,"{'C': np.float64(183.29807108324337), 'class_weight': None, 'dual': False, 'fit_intercept': True, 'intercept_scaling': 1, 'loss': 'squared_hinge', 'max_iter': 100, 'multi_class': 'ovr', 'penalty': 'l1', 'random_state': 42, 'tol': 0.001, 'verbose': 0}",0.04138040542602539
Coffee,8,10,4,2,LogisticRegression,HMM_GMM,9,"{'n_components': 5, 'n_mix': 1, 'covariance_type': 'diag'}",0.458,0.4704702343843539,"{'C': np.float64(33.59818286283781), 'class_weight': 'balanced', 'dual': False, 'fit_intercept': True, 'intercept_scaling': 1, 'l1_ratio': None, 'max_iter': 100, 'multi_class': 'deprecated', 'n_jobs': None, 'penalty': 'l2', 'random_state': 42, 'solver': 'saga', 'tol': 0.0001, 'verbose': 0, 'warm_start': False}",0.03403067588806152
Coffee,8,10,4,2,KNN,HMM_GMM,10,"{'n_components': 3, 'n_mix': 5, 'covariance_type': 'diag'}",0.78,0.7579078699234486,"{'algorithm': 'auto', 'leaf_size': 30, 'metric': 'chebyshev', 'metric_params': None, 'n_jobs': None, 'n_neighbors': np.int64(5), 'p': 2, 'weights': 'uniform'}",0.02942180633544922
Coffee,8,10,4,2,RandomForest,HMM_GMM,10,"{'n_components': 3, 'n_mix': 5, 'covariance_type': 'diag'}",0.806,0.7906870219920841,"{'bootstrap': True, 'ccp_alpha': 0.0, 'class_weight': 'balanced', 'criterion': 'gini', 'max_depth': 30, 'max_features': 'sqrt', 'max_leaf_nodes': None, 'max_samples': None, 'min_impurity_decrease': 0.0, 'min_samples_leaf': 1, 'min_samples_split': 2, 'min_weight_fraction_leaf': 0.0, 'monotonic_cst': None, 'n_estimators': 150, 'n_jobs': None, 'oob_score': False, 'random_state': 42, 'verbose': 0, 'warm_start': False}",1.0533325672149658
Coffee,8,10,4,2,LinearSVC,HMM_GMM,10,"{'n_components': 3, 'n_mix': 5, 'covariance_type': 'diag'}",0.564,0.5705131619095171,"{'C': np.float64(33.59818286283781), 'class_weight': 'balanced', 'dual': False, 'fit_intercept': True, 'intercept_scaling': 1, 'loss': 'squared_hinge', 'max_iter': 100, 'multi_class': 'ovr', 'penalty': 'l1', 'random_state': 42, 'tol': 0.0001, 'verbose': 0}",0.046611785888671875
Coffee,8,10,4,2,LogisticRegression,HMM_GMM,10,"{'n_components': 3, 'n_mix': 5, 'covariance_type': 'diag'}",0.644,0.6357383357383357,"{'C': np.float64(33.59818286283781), 'class_weight': 'balanced', 'dual': False, 'fit_intercept': True, 'intercept_scaling': 1, 'l1_ratio': None, 'max_iter': 100, 'multi_class': 'deprecated', 'n_jobs': None, 'penalty': 'l2', 'random_state': 42, 'solver': 'saga', 'tol': 0.0001, 'verbose': 0, 'warm_start': False}",0.10900092124938965
Coffee,8,10,4,3,KNN,HMM_GMM,1,"{'n_components': 2, 'n_mix': 1, 'covariance_type': 'diag'}",0.804,0.7409889228071047,"{'algorithm': 'auto', 'leaf_size': 30, 'metric': 'euclidean', 'metric_params': None, 'n_jobs': None, 'n_neighbors': np.int64(9), 'p': 2, 'weights': 'distance'}",0.019057273864746094
Coffee,8,10,4,3,RandomForest,HMM_GMM,1,"{'n_components': 2, 'n_mix': 1, 'covariance_type': 'diag'}",0.79,0.7166785643189619,"{'bootstrap': True, 'ccp_alpha': 0.0, 'class_weight': 'balanced', 'criterion': 'gini', 'max_depth': None, 'max_features': 'sqrt', 'max_leaf_nodes': None, 'max_samples': None, 'min_impurity_decrease': 0.0, 'min_samples_leaf': 1, 'min_samples_split': 2, 'min_weight_fraction_leaf': 0.0, 'monotonic_cst': None, 'n_estimators': 50, 'n_jobs': None, 'oob_score': False, 'random_state': 42, 'verbose': 0, 'warm_start': False}",0.45607566833496094
Coffee,8,10,4,3,LinearSVC,HMM_GMM,1,"{'n_components': 2, 'n_mix': 1, 'covariance_type': 'diag'}",0.436,0.43074015605082444,"{'C': np.float64(0.4832930238571752), 'class_weight': 'balanced', 'dual': False, 'fit_intercept': True, 'intercept_scaling': 1, 'loss': 'squared_hinge', 'max_iter': 100, 'multi_class': 'ovr', 'penalty': 'l2', 'random_state': 42, 'tol': 0.0001, 'verbose': 0}",0.02337479591369629
Coffee,8,10,4,3,LogisticRegression,HMM_GMM,1,"{'n_components': 2, 'n_mix': 1, 'covariance_type': 'diag'}",0.402,0.4045800300309578,"{'C': np.float64(6.1584821106602545), 'class_weight': None, 'dual': False, 'fit_intercept': True, 'intercept_scaling': 1, 'l1_ratio': None, 'max_iter': 100, 'multi_class': 'deprecated', 'n_jobs': None, 'penalty': 'l2', 'random_state': 42, 'solver': 'lbfgs', 'tol': 0.0001, 'verbose': 0, 'warm_start': False}",0.06183290481567383
Coffee,8,10,4,3,KNN,HMM_GMM,2,"{'n_components': 2, 'n_mix': 4, 'covariance_type': 'tied'}",0.786,0.7367122521949481,"{'algorithm': 'auto', 'leaf_size': 30, 'metric': 'euclidean', 'metric_params': None, 'n_jobs': None, 'n_neighbors': np.int64(9), 'p': 2, 'weights': 'distance'}",0.016695499420166016
Coffee,8,10,4,3,RandomForest,HMM_GMM,2,"{'n_components': 2, 'n_mix': 4, 'covariance_type': 'tied'}",0.868,0.8479218377231623,"{'bootstrap': True, 'ccp_alpha': 0.0, 'class_weight': None, 'criterion': 'gini', 'max_depth': 30, 'max_features': 'sqrt', 'max_leaf_nodes': None, 'max_samples': None, 'min_impurity_decrease': 0.0, 'min_samples_leaf': 4, 'min_samples_split': 2, 'min_weight_fraction_leaf': 0.0, 'monotonic_cst': None, 'n_estimators': 50, 'n_jobs': None, 'oob_score': False, 'random_state': 42, 'verbose': 0, 'warm_start': False}",0.3471078872680664
Coffee,8,10,4,3,LinearSVC,HMM_GMM,2,"{'n_components': 2, 'n_mix': 4, 'covariance_type': 'tied'}",0.662,0.6588652852445326,"{'C': np.float64(183.29807108324337), 'class_weight': 'balanced', 'dual': False, 'fit_intercept': True, 'intercept_scaling': 1, 'loss': 'squared_hinge', 'max_iter': 100, 'multi_class': 'ovr', 'penalty': 'l1', 'random_state': 42, 'tol': 0.0001, 'verbose': 0}",0.06942367553710938
Coffee,8,10,4,3,LogisticRegression,HMM_GMM,2,"{'n_components': 2, 'n_mix': 4, 'covariance_type': 'tied'}",0.632,0.6283060114316693,"{'C': np.float64(33.59818286283781), 'class_weight': 'balanced', 'dual': False, 'fit_intercept': True, 'intercept_scaling': 1, 'l1_ratio': None, 'max_iter': 100, 'multi_class': 'deprecated', 'n_jobs': None, 'penalty': 'l2', 'random_state': 42, 'solver': 'saga', 'tol': 0.0001, 'verbose': 0, 'warm_start': False}",0.22379469871520996
Coffee,8,10,4,3,KNN,HMM_GMM,3,"{'n_components': 1, 'n_mix': 3, 'covariance_type': 'diag'}",0.764,0.6980631457595534,"{'algorithm': 'auto', 'leaf_size': 30, 'metric': 'minkowski', 'metric_params': None, 'n_jobs': None, 'n_neighbors': np.int64(13), 'p': 4, 'weights': 'distance'}",0.037027597427368164
Coffee,8,10,4,3,RandomForest,HMM_GMM,3,"{'n_components': 1, 'n_mix': 3, 'covariance_type': 'diag'}",0.832,0.7987216976422694,"{'bootstrap': True, 'ccp_alpha': 0.0, 'class_weight': 'balanced', 'criterion': 'gini', 'max_depth': None, 'max_features': 'sqrt', 'max_leaf_nodes': None, 'max_samples': None, 'min_impurity_decrease': 0.0, 'min_samples_leaf': 1, 'min_samples_split': 2, 'min_weight_fraction_leaf': 0.0, 'monotonic_cst': None, 'n_estimators': 50, 'n_jobs': None, 'oob_score': False, 'random_state': 42, 'verbose': 0, 'warm_start': False}",0.37034010887145996
Coffee,8,10,4,3,LinearSVC,HMM_GMM,3,"{'n_components': 1, 'n_mix': 3, 'covariance_type': 'diag'}",0.3,0.32084352369079683,"{'C': np.float64(0.0001), 'class_weight': None, 'dual': False, 'fit_intercept': False, 'intercept_scaling': 1, 'loss': 'squared_hinge', 'max_iter': 100, 'multi_class': 'ovr', 'penalty': 'l2', 'random_state': 42, 'tol': 0.001, 'verbose': 0}",0.011907815933227539
Coffee,8,10,4,3,LogisticRegression,HMM_GMM,3,"{'n_components': 1, 'n_mix': 3, 'covariance_type': 'diag'}",0.402,0.4010019089770558,"{'C': np.float64(33.59818286283781), 'class_weight': 'balanced', 'dual': False, 'fit_intercept': True, 'intercept_scaling': 1, 'l1_ratio': None, 'max_iter': 100, 'multi_class': 'deprecated', 'n_jobs': None, 'penalty': 'l2', 'random_state': 42, 'solver': 'saga', 'tol': 0.0001, 'verbose': 0, 'warm_start': False}",0.03829050064086914
Coffee,8,10,4,3,KNN,HMM_GMM,4,"{'n_components': 4, 'n_mix': 3, 'covariance_type': 'diag'}",0.768,0.7320350896187039,"{'algorithm': 'auto', 'leaf_size': 30, 'metric': 'minkowski', 'metric_params': None, 'n_jobs': None, 'n_neighbors': np.int64(13), 'p': 4, 'weights': 'distance'}",0.03446221351623535
Coffee,8,10,4,3,RandomForest,HMM_GMM,4,"{'n_components': 4, 'n_mix': 3, 'covariance_type': 'diag'}",0.85,0.8433731622042615,"{'bootstrap': True, 'ccp_alpha': 0.0, 'class_weight': None, 'criterion': 'gini', 'max_depth': None, 'max_features': 'sqrt', 'max_leaf_nodes': None, 'max_samples': None, 'min_impurity_decrease': 0.0, 'min_samples_leaf': 4, 'min_samples_split': 2, 'min_weight_fraction_leaf': 0.0, 'monotonic_cst': None, 'n_estimators': 50, 'n_jobs': None, 'oob_score': False, 'random_state': 42, 'verbose': 0, 'warm_start': False}",0.33994174003601074
Coffee,8,10,4,3,LinearSVC,HMM_GMM,4,"{'n_components': 4, 'n_mix': 3, 'covariance_type': 'diag'}",0.418,0.42896247613345384,"{'C': np.float64(2.6366508987303554), 'class_weight': 'balanced', 'dual': False, 'fit_intercept': True, 'intercept_scaling': 1, 'loss': 'squared_hinge', 'max_iter': 100, 'multi_class': 'ovr', 'penalty': 'l1', 'random_state': 42, 'tol': 0.0001, 'verbose': 0}",0.05960988998413086
Coffee,8,10,4,3,LogisticRegression,HMM_GMM,4,"{'n_components': 4, 'n_mix': 3, 'covariance_type': 'diag'}",0.55,0.5312565218278034,"{'C': np.float64(183.29807108324337), 'class_weight': None, 'dual': False, 'fit_intercept': True, 'intercept_scaling': 1, 'l1_ratio': None, 'max_iter': 100, 'multi_class': 'deprecated', 'n_jobs': None, 'penalty': 'l2', 'random_state': 42, 'solver': 'saga', 'tol': 0.0001, 'verbose': 0, 'warm_start': False}",0.07947516441345215
Coffee,8,10,4,3,KNN,HMM_GMM,5,"{'n_components': 1, 'n_mix': 1, 'covariance_type': 'tied'}",0.832,0.8206537754061658,"{'algorithm': 'auto', 'leaf_size': 30, 'metric': 'minkowski', 'metric_params': None, 'n_jobs': None, 'n_neighbors': np.int64(13), 'p': 4, 'weights': 'distance'}",0.031946659088134766
Coffee,8,10,4,3,RandomForest,HMM_GMM,5,"{'n_components': 1, 'n_mix': 1, 'covariance_type': 'tied'}",0.928,0.9229400709410343,"{'bootstrap': True, 'ccp_alpha': 0.0, 'class_weight': 'balanced', 'criterion': 'gini', 'max_depth': None, 'max_features': 'sqrt', 'max_leaf_nodes': None, 'max_samples': None, 'min_impurity_decrease': 0.0, 'min_samples_leaf': 2, 'min_samples_split': 2, 'min_weight_fraction_leaf': 0.0, 'monotonic_cst': None, 'n_estimators': 150, 'n_jobs': None, 'oob_score': False, 'random_state': 42, 'verbose': 0, 'warm_start': False}",1.1195650100708008
Coffee,8,10,4,3,LinearSVC,HMM_GMM,5,"{'n_components': 1, 'n_mix': 1, 'covariance_type': 'tied'}",0.668,0.6661051241571142,"{'C': np.float64(2.6366508987303554), 'class_weight': 'balanced', 'dual': False, 'fit_intercept': True, 'intercept_scaling': 1, 'loss': 'squared_hinge', 'max_iter': 100, 'multi_class': 'ovr', 'penalty': 'l1', 'random_state': 42, 'tol': 0.0001, 'verbose': 0}",0.06790924072265625
Coffee,8,10,4,3,LogisticRegression,HMM_GMM,5,"{'n_components': 1, 'n_mix': 1, 'covariance_type': 'tied'}",0.622,0.6087107360525083,"{'C': np.float64(1000.0), 'class_weight': 'balanced', 'dual': False, 'fit_intercept': True, 'intercept_scaling': 1, 'l1_ratio': None, 'max_iter': 100, 'multi_class': 'deprecated', 'n_jobs': None, 'penalty': 'l2', 'random_state': 42, 'solver': 'sag', 'tol': 0.0001, 'verbose': 0, 'warm_start': False}",0.20531010627746582
Coffee,8,10,4,3,KNN,HMM_GMM,6,"{'n_components': 4, 'n_mix': 3, 'covariance_type': 'diag'}",0.768,0.7320350896187039,"{'algorithm': 'auto', 'leaf_size': 30, 'metric': 'minkowski', 'metric_params': None, 'n_jobs': None, 'n_neighbors': np.int64(13), 'p': 4, 'weights': 'distance'}",0.03431344032287598
Coffee,8,10,4,3,RandomForest,HMM_GMM,6,"{'n_components': 4, 'n_mix': 3, 'covariance_type': 'diag'}",0.828,0.8188113788899208,"{'bootstrap': True, 'ccp_alpha': 0.0, 'class_weight': None, 'criterion': 'gini', 'max_depth': None, 'max_features': 'sqrt', 'max_leaf_nodes': None, 'max_samples': None, 'min_impurity_decrease': 0.0, 'min_samples_leaf': 4, 'min_samples_split': 2, 'min_weight_fraction_leaf': 0.0, 'monotonic_cst': None, 'n_estimators': 50, 'n_jobs': None, 'oob_score': False, 'random_state': 42, 'verbose': 0, 'warm_start': False}",0.3577921390533447
Coffee,8,10,4,3,LinearSVC,HMM_GMM,6,"{'n_components': 4, 'n_mix': 3, 'covariance_type': 'diag'}",0.416,0.4264218744968179,"{'C': np.float64(2.6366508987303554), 'class_weight': 'balanced', 'dual': False, 'fit_intercept': True, 'intercept_scaling': 1, 'loss': 'squared_hinge', 'max_iter': 100, 'multi_class': 'ovr', 'penalty': 'l1', 'random_state': 42, 'tol': 0.0001, 'verbose': 0}",0.06235837936401367
Coffee,8,10,4,3,LogisticRegression,HMM_GMM,6,"{'n_components': 4, 'n_mix': 3, 'covariance_type': 'diag'}",0.552,0.5331902935227834,"{'C': np.float64(183.29807108324337), 'class_weight': None, 'dual': False, 'fit_intercept': True, 'intercept_scaling': 1, 'l1_ratio': None, 'max_iter': 100, 'multi_class': 'deprecated', 'n_jobs': None, 'penalty': 'l2', 'random_state': 42, 'solver': 'saga', 'tol': 0.0001, 'verbose': 0, 'warm_start': False}",0.1152048110961914
Coffee,8,10,4,3,KNN,HMM_GMM,7,"{'n_components': 2, 'n_mix': 5, 'covariance_type': 'diag'}",0.788,0.7575867861142217,"{'algorithm': 'auto', 'leaf_size': 30, 'metric': 'chebyshev', 'metric_params': None, 'n_jobs': None, 'n_neighbors': np.int64(5), 'p': 2, 'weights': 'uniform'}",0.027192354202270508
Coffee,8,10,4,3,RandomForest,HMM_GMM,7,"{'n_components': 2, 'n_mix': 5, 'covariance_type': 'diag'}",0.734,0.691991601160128,"{'bootstrap': True, 'ccp_alpha': 0.0, 'class_weight': None, 'criterion': 'gini', 'max_depth': None, 'max_features': 'sqrt', 'max_leaf_nodes': None, 'max_samples': None, 'min_impurity_decrease': 0.0, 'min_samples_leaf': 4, 'min_samples_split': 10, 'min_weight_fraction_leaf': 0.0, 'monotonic_cst': None, 'n_estimators': 50, 'n_jobs': None, 'oob_score': False, 'random_state': 42, 'verbose': 0, 'warm_start': False}",0.4488983154296875
Coffee,8,10,4,3,LinearSVC,HMM_GMM,7,"{'n_components': 2, 'n_mix': 5, 'covariance_type': 'diag'}",0.586,0.58093316266593,"{'C': np.float64(33.59818286283781), 'class_weight': 'balanced', 'dual': False, 'fit_intercept': True, 'intercept_scaling': 1, 'loss': 'squared_hinge', 'max_iter': 100, 'multi_class': 'ovr', 'penalty': 'l1', 'random_state': 42, 'tol': 0.001, 'verbose': 0}",0.0654151439666748
Coffee,8,10,4,3,LogisticRegression,HMM_GMM,7,"{'n_components': 2, 'n_mix': 5, 'covariance_type': 'diag'}",0.45,0.47148182134607475,"{'C': np.float64(6.1584821106602545), 'class_weight': None, 'dual': False, 'fit_intercept': True, 'intercept_scaling': 1, 'l1_ratio': None, 'max_iter': 100, 'multi_class': 'deprecated', 'n_jobs': None, 'penalty': 'l2', 'random_state': 42, 'solver': 'lbfgs', 'tol': 0.0001, 'verbose': 0, 'warm_start': False}",0.11954641342163086
Coffee,8,10,4,3,KNN,HMM_GMM,8,"{'n_components': 1, 'n_mix': 3, 'covariance_type': 'full'}",0.866,0.854298563049251,"{'algorithm': 'auto', 'leaf_size': 30, 'metric': 'euclidean', 'metric_params': None, 'n_jobs': None, 'n_neighbors': np.int64(9), 'p': 2, 'weights': 'distance'}",0.015099048614501953
Coffee,8,10,4,3,RandomForest,HMM_GMM,8,"{'n_components': 1, 'n_mix': 3, 'covariance_type': 'full'}",0.928,0.9279288595916648,"{'bootstrap': True, 'ccp_alpha': 0.0, 'class_weight': None, 'criterion': 'gini', 'max_depth': None, 'max_features': 'sqrt', 'max_leaf_nodes': None, 'max_samples': None, 'min_impurity_decrease': 0.0, 'min_samples_leaf': 4, 'min_samples_split': 2, 'min_weight_fraction_leaf': 0.0, 'monotonic_cst': None, 'n_estimators': 50, 'n_jobs': None, 'oob_score': False, 'random_state': 42, 'verbose': 0, 'warm_start': False}",0.3619823455810547
Coffee,8,10,4,3,LinearSVC,HMM_GMM,8,"{'n_components': 1, 'n_mix': 3, 'covariance_type': 'full'}",0.276,0.2826406161038027,"{'C': np.float64(0.0001), 'class_weight': 'balanced', 'dual': False, 'fit_intercept': False, 'intercept_scaling': 1, 'loss': 'squared_hinge', 'max_iter': 100, 'multi_class': 'ovr', 'penalty': 'l2', 'random_state': 42, 'tol': 0.001, 'verbose': 0}",0.014016389846801758
Coffee,8,10,4,3,LogisticRegression,HMM_GMM,8,"{'n_components': 1, 'n_mix': 3, 'covariance_type': 'full'}",0.614,0.6096084850830059,"{'C': np.float64(183.29807108324337), 'class_weight': 'balanced', 'dual': False, 'fit_intercept': True, 'intercept_scaling': 1, 'l1_ratio': None, 'max_iter': 100, 'multi_class': 'deprecated', 'n_jobs': None, 'penalty': 'l1', 'random_state': 42, 'solver': 'saga', 'tol': 0.0001, 'verbose': 0, 'warm_start': False}",0.2933504581451416
Coffee,8,10,4,3,KNN,HMM_GMM,9,"{'n_components': 5, 'n_mix': 1, 'covariance_type': 'diag'}",0.792,0.7307032058911758,"{'algorithm': 'auto', 'leaf_size': 30, 'metric': 'euclidean', 'metric_params': None, 'n_jobs': None, 'n_neighbors': np.int64(9), 'p': 2, 'weights': 'distance'}",0.016655921936035156
Coffee,8,10,4,3,RandomForest,HMM_GMM,9,"{'n_components': 5, 'n_mix': 1, 'covariance_type': 'diag'}",0.792,0.7363909492857766,"{'bootstrap': True, 'ccp_alpha': 0.0, 'class_weight': None, 'criterion': 'gini', 'max_depth': None, 'max_features': 'sqrt', 'max_leaf_nodes': None, 'max_samples': None, 'min_impurity_decrease': 0.0, 'min_samples_leaf': 4, 'min_samples_split': 2, 'min_weight_fraction_leaf': 0.0, 'monotonic_cst': None, 'n_estimators': 50, 'n_jobs': None, 'oob_score': False, 'random_state': 42, 'verbose': 0, 'warm_start': False}",0.37470459938049316
Coffee,8,10,4,3,LinearSVC,HMM_GMM,9,"{'n_components': 5, 'n_mix': 1, 'covariance_type': 'diag'}",0.448,0.42674460136926573,"{'C': np.float64(2.6366508987303554), 'class_weight': 'balanced', 'dual': False, 'fit_intercept': True, 'intercept_scaling': 1, 'loss': 'squared_hinge', 'max_iter': 100, 'multi_class': 'ovr', 'penalty': 'l1', 'random_state': 42, 'tol': 0.0001, 'verbose': 0}",0.06346559524536133
Coffee,8,10,4,3,LogisticRegression,HMM_GMM,9,"{'n_components': 5, 'n_mix': 1, 'covariance_type': 'diag'}",0.45,0.450722154413838,"{'C': np.float64(0.4832930238571752), 'class_weight': None, 'dual': False, 'fit_intercept': True, 'intercept_scaling': 1, 'l1_ratio': None, 'max_iter': 100, 'multi_class': 'deprecated', 'n_jobs': None, 'penalty': 'l1', 'random_state': 42, 'solver': 'saga', 'tol': 0.0001, 'verbose': 0, 'warm_start': False}",0.22962737083435059
Coffee,8,10,4,3,KNN,HMM_GMM,10,"{'n_components': 3, 'n_mix': 5, 'covariance_type': 'diag'}",0.798,0.7750310816411107,"{'algorithm': 'auto', 'leaf_size': 30, 'metric': 'chebyshev', 'metric_params': None, 'n_jobs': None, 'n_neighbors': np.int64(5), 'p': 2, 'weights': 'uniform'}",0.028863906860351562
Coffee,8,10,4,3,RandomForest,HMM_GMM,10,"{'n_components': 3, 'n_mix': 5, 'covariance_type': 'diag'}",0.772,0.7266896812794232,"{'bootstrap': True, 'ccp_alpha': 0.0, 'class_weight': None, 'criterion': 'gini', 'max_depth': None, 'max_features': 'sqrt', 'max_leaf_nodes': None, 'max_samples': None, 'min_impurity_decrease': 0.0, 'min_samples_leaf': 4, 'min_samples_split': 10, 'min_weight_fraction_leaf': 0.0, 'monotonic_cst': None, 'n_estimators': 50, 'n_jobs': None, 'oob_score': False, 'random_state': 42, 'verbose': 0, 'warm_start': False}",0.35701632499694824
Coffee,8,10,4,3,LinearSVC,HMM_GMM,10,"{'n_components': 3, 'n_mix': 5, 'covariance_type': 'diag'}",0.528,0.5176023511965911,"{'C': np.float64(0.2069138081114788), 'class_weight': None, 'dual': False, 'fit_intercept': True, 'intercept_scaling': 1, 'loss': 'squared_hinge', 'max_iter': 100, 'multi_class': 'ovr', 'penalty': 'l2', 'random_state': 42, 'tol': 0.001, 'verbose': 0}",0.022360801696777344
Coffee,8,10,4,3,LogisticRegression,HMM_GMM,10,"{'n_components': 3, 'n_mix': 5, 'covariance_type': 'diag'}",0.624,0.5977814146428977,"{'C': np.float64(2.6366508987303554), 'class_weight': 'balanced', 'dual': False, 'fit_intercept': True, 'intercept_scaling': 1, 'l1_ratio': None, 'max_iter': 100, 'multi_class': 'deprecated', 'n_jobs': None, 'penalty': 'l1', 'random_state': 42, 'solver': 'saga', 'tol': 0.0001, 'verbose': 0, 'warm_start': False}",0.26676201820373535
Coffee,8,10,4,5,KNN,HMM_GMM,1,"{'n_components': 2, 'n_mix': 1, 'covariance_type': 'diag'}",0.8,0.7340721813179714,"{'algorithm': 'auto', 'leaf_size': 30, 'metric': 'minkowski', 'metric_params': None, 'n_jobs': None, 'n_neighbors': 5, 'p': 2, 'weights': 'uniform'}",0.037163734436035156
Coffee,8,10,4,5,RandomForest,HMM_GMM,1,"{'n_components': 2, 'n_mix': 1, 'covariance_type': 'diag'}",0.776,0.7017124839885703,"{'bootstrap': True, 'ccp_alpha': 0.0, 'class_weight': None, 'criterion': 'gini', 'max_depth': None, 'max_features': 'sqrt', 'max_leaf_nodes': None, 'max_samples': None, 'min_impurity_decrease': 0.0, 'min_samples_leaf': 1, 'min_samples_split': 2, 'min_weight_fraction_leaf': 0.0, 'monotonic_cst': None, 'n_estimators': 100, 'n_jobs': None, 'oob_score': False, 'random_state': 42, 'verbose': 0, 'warm_start': False}",0.9299712181091309
Coffee,8,10,4,5,LinearSVC,HMM_GMM,1,"{'n_components': 2, 'n_mix': 1, 'covariance_type': 'diag'}",0.412,0.40141048647881467,"{'C': 1.0, 'class_weight': None, 'dual': False, 'fit_intercept': True, 'intercept_scaling': 1, 'loss': 'squared_hinge', 'max_iter': 100, 'multi_class': 'ovr', 'penalty': 'l2', 'random_state': 42, 'tol': 0.0001, 'verbose': 0}",0.03290867805480957
Coffee,8,10,4,5,LogisticRegression,HMM_GMM,1,"{'n_components': 2, 'n_mix': 1, 'covariance_type': 'diag'}",0.402,0.40127362014279244,"{'C': 1.0, 'class_weight': None, 'dual': False, 'fit_intercept': True, 'intercept_scaling': 1, 'l1_ratio': None, 'max_iter': 100, 'multi_class': 'deprecated', 'n_jobs': None, 'penalty': 'l2', 'random_state': 42, 'solver': 'lbfgs', 'tol': 0.0001, 'verbose': 0, 'warm_start': False}",0.04360795021057129
Coffee,8,10,4,5,KNN,HMM_GMM,2,"{'n_components': 2, 'n_mix': 4, 'covariance_type': 'tied'}",0.788,0.7356513764720605,"{'algorithm': 'auto', 'leaf_size': 30, 'metric': 'minkowski', 'metric_params': None, 'n_jobs': None, 'n_neighbors': 5, 'p': 2, 'weights': 'uniform'}",0.0370023250579834
Coffee,8,10,4,5,RandomForest,HMM_GMM,2,"{'n_components': 2, 'n_mix': 4, 'covariance_type': 'tied'}",0.844,0.825282977573381,"{'bootstrap': True, 'ccp_alpha': 0.0, 'class_weight': None, 'criterion': 'gini', 'max_depth': None, 'max_features': 'sqrt', 'max_leaf_nodes': None, 'max_samples': None, 'min_impurity_decrease': 0.0, 'min_samples_leaf': 1, 'min_samples_split': 2, 'min_weight_fraction_leaf': 0.0, 'monotonic_cst': None, 'n_estimators': 100, 'n_jobs': None, 'oob_score': False, 'random_state': 42, 'verbose': 0, 'warm_start': False}",0.8691220283508301
Coffee,8,10,4,5,LinearSVC,HMM_GMM,2,"{'n_components': 2, 'n_mix': 4, 'covariance_type': 'tied'}",0.63,0.638574500219253,"{'C': 1.0, 'class_weight': None, 'dual': False, 'fit_intercept': True, 'intercept_scaling': 1, 'loss': 'squared_hinge', 'max_iter': 100, 'multi_class': 'ovr', 'penalty': 'l2', 'random_state': 42, 'tol': 0.0001, 'verbose': 0}",0.053374528884887695
Coffee,8,10,4,5,LogisticRegression,HMM_GMM,2,"{'n_components': 2, 'n_mix': 4, 'covariance_type': 'tied'}",0.66,0.6498288415512286,"{'C': 1.0, 'class_weight': None, 'dual': False, 'fit_intercept': True, 'intercept_scaling': 1, 'l1_ratio': None, 'max_iter': 100, 'multi_class': 'deprecated', 'n_jobs': None, 'penalty': 'l2', 'random_state': 42, 'solver': 'lbfgs', 'tol': 0.0001, 'verbose': 0, 'warm_start': False}",0.1597750186920166
Coffee,8,10,4,5,KNN,HMM_GMM,3,"{'n_components': 1, 'n_mix': 3, 'covariance_type': 'diag'}",0.79,0.7160232910199732,"{'algorithm': 'auto', 'leaf_size': 30, 'metric': 'minkowski', 'metric_params': None, 'n_jobs': None, 'n_neighbors': 5, 'p': 2, 'weights': 'uniform'}",0.038965702056884766
Coffee,8,10,4,5,RandomForest,HMM_GMM,3,"{'n_components': 1, 'n_mix': 3, 'covariance_type': 'diag'}",0.798,0.7265181934745867,"{'bootstrap': True, 'ccp_alpha': 0.0, 'class_weight': None, 'criterion': 'gini', 'max_depth': None, 'max_features': 'sqrt', 'max_leaf_nodes': None, 'max_samples': None, 'min_impurity_decrease': 0.0, 'min_samples_leaf': 1, 'min_samples_split': 2, 'min_weight_fraction_leaf': 0.0, 'monotonic_cst': None, 'n_estimators': 100, 'n_jobs': None, 'oob_score': False, 'random_state': 42, 'verbose': 0, 'warm_start': False}",0.8735396862030029
Coffee,8,10,4,5,LinearSVC,HMM_GMM,3,"{'n_components': 1, 'n_mix': 3, 'covariance_type': 'diag'}",0.412,0.40166298749080204,"{'C': 1.0, 'class_weight': None, 'dual': False, 'fit_intercept': True, 'intercept_scaling': 1, 'loss': 'squared_hinge', 'max_iter': 100, 'multi_class': 'ovr', 'penalty': 'l2', 'random_state': 42, 'tol': 0.0001, 'verbose': 0}",0.03119969367980957
Coffee,8,10,4,5,LogisticRegression,HMM_GMM,3,"{'n_components': 1, 'n_mix': 3, 'covariance_type': 'diag'}",0.4,0.39863376686519997,"{'C': 1.0, 'class_weight': None, 'dual': False, 'fit_intercept': True, 'intercept_scaling': 1, 'l1_ratio': None, 'max_iter': 100, 'multi_class': 'deprecated', 'n_jobs': None, 'penalty': 'l2', 'random_state': 42, 'solver': 'lbfgs', 'tol': 0.0001, 'verbose': 0, 'warm_start': False}",0.05587291717529297
Coffee,8,10,4,5,KNN,HMM_GMM,4,"{'n_components': 4, 'n_mix': 3, 'covariance_type': 'diag'}",0.748,0.6927701829558593,"{'algorithm': 'auto', 'leaf_size': 30, 'metric': 'minkowski', 'metric_params': None, 'n_jobs': None, 'n_neighbors': 5, 'p': 2, 'weights': 'uniform'}",0.038224220275878906
Coffee,8,10,4,5,RandomForest,HMM_GMM,4,"{'n_components': 4, 'n_mix': 3, 'covariance_type': 'diag'}",0.876,0.8620992503840357,"{'bootstrap': True, 'ccp_alpha': 0.0, 'class_weight': None, 'criterion': 'gini', 'max_depth': None, 'max_features': 'sqrt', 'max_leaf_nodes': None, 'max_samples': None, 'min_impurity_decrease': 0.0, 'min_samples_leaf': 1, 'min_samples_split': 2, 'min_weight_fraction_leaf': 0.0, 'monotonic_cst': None, 'n_estimators': 100, 'n_jobs': None, 'oob_score': False, 'random_state': 42, 'verbose': 0, 'warm_start': False}",0.8504543304443359
Coffee,8,10,4,5,LinearSVC,HMM_GMM,4,"{'n_components': 4, 'n_mix': 3, 'covariance_type': 'diag'}",0.418,0.42227571934383606,"{'C': 1.0, 'class_weight': None, 'dual': False, 'fit_intercept': True, 'intercept_scaling': 1, 'loss': 'squared_hinge', 'max_iter': 100, 'multi_class': 'ovr', 'penalty': 'l2', 'random_state': 42, 'tol': 0.0001, 'verbose': 0}",0.0392153263092041
Coffee,8,10,4,5,LogisticRegression,HMM_GMM,4,"{'n_components': 4, 'n_mix': 3, 'covariance_type': 'diag'}",0.544,0.5168277819193835,"{'C': 1.0, 'class_weight': None, 'dual': False, 'fit_intercept': True, 'intercept_scaling': 1, 'l1_ratio': None, 'max_iter': 100, 'multi_class': 'deprecated', 'n_jobs': None, 'penalty': 'l2', 'random_state': 42, 'solver': 'lbfgs', 'tol': 0.0001, 'verbose': 0, 'warm_start': False}",0.10898232460021973
Coffee,8,10,4,5,KNN,HMM_GMM,5,"{'n_components': 1, 'n_mix': 1, 'covariance_type': 'tied'}",0.87,0.8598636310283871,"{'algorithm': 'auto', 'leaf_size': 30, 'metric': 'minkowski', 'metric_params': None, 'n_jobs': None, 'n_neighbors': 5, 'p': 2, 'weights': 'uniform'}",0.03805422782897949
Coffee,8,10,4,5,RandomForest,HMM_GMM,5,"{'n_components': 1, 'n_mix': 1, 'covariance_type': 'tied'}",0.916,0.9115212850447417,"{'bootstrap': True, 'ccp_alpha': 0.0, 'class_weight': None, 'criterion': 'gini', 'max_depth': None, 'max_features': 'sqrt', 'max_leaf_nodes': None, 'max_samples': None, 'min_impurity_decrease': 0.0, 'min_samples_leaf': 1, 'min_samples_split': 2, 'min_weight_fraction_leaf': 0.0, 'monotonic_cst': None, 'n_estimators': 100, 'n_jobs': None, 'oob_score': False, 'random_state': 42, 'verbose': 0, 'warm_start': False}",0.9019167423248291
Coffee,8,10,4,5,LinearSVC,HMM_GMM,5,"{'n_components': 1, 'n_mix': 1, 'covariance_type': 'tied'}",0.648,0.6529544019199192,"{'C': 1.0, 'class_weight': None, 'dual': False, 'fit_intercept': True, 'intercept_scaling': 1, 'loss': 'squared_hinge', 'max_iter': 100, 'multi_class': 'ovr', 'penalty': 'l2', 'random_state': 42, 'tol': 0.0001, 'verbose': 0}",0.050261735916137695
Coffee,8,10,4,5,LogisticRegression,HMM_GMM,5,"{'n_components': 1, 'n_mix': 1, 'covariance_type': 'tied'}",0.68,0.6452762923351159,"{'C': 1.0, 'class_weight': None, 'dual': False, 'fit_intercept': True, 'intercept_scaling': 1, 'l1_ratio': None, 'max_iter': 100, 'multi_class': 'deprecated', 'n_jobs': None, 'penalty': 'l2', 'random_state': 42, 'solver': 'lbfgs', 'tol': 0.0001, 'verbose': 0, 'warm_start': False}",0.18088793754577637
Coffee,8,10,4,5,KNN,HMM_GMM,6,"{'n_components': 4, 'n_mix': 3, 'covariance_type': 'diag'}",0.748,0.6927701829558593,"{'algorithm': 'auto', 'leaf_size': 30, 'metric': 'minkowski', 'metric_params': None, 'n_jobs': None, 'n_neighbors': 5, 'p': 2, 'weights': 'uniform'}",0.035857439041137695
Coffee,8,10,4,5,RandomForest,HMM_GMM,6,"{'n_components': 4, 'n_mix': 3, 'covariance_type': 'diag'}",0.874,0.8602756618086161,"{'bootstrap': True, 'ccp_alpha': 0.0, 'class_weight': None, 'criterion': 'gini', 'max_depth': None, 'max_features': 'sqrt', 'max_leaf_nodes': None, 'max_samples': None, 'min_impurity_decrease': 0.0, 'min_samples_leaf': 1, 'min_samples_split': 2, 'min_weight_fraction_leaf': 0.0, 'monotonic_cst': None, 'n_estimators': 100, 'n_jobs': None, 'oob_score': False, 'random_state': 42, 'verbose': 0, 'warm_start': False}",0.8877456188201904
Coffee,8,10,4,5,LinearSVC,HMM_GMM,6,"{'n_components': 4, 'n_mix': 3, 'covariance_type': 'diag'}",0.418,0.42227571934383606,"{'C': 1.0, 'class_weight': None, 'dual': False, 'fit_intercept': True, 'intercept_scaling': 1, 'loss': 'squared_hinge', 'max_iter': 100, 'multi_class': 'ovr', 'penalty': 'l2', 'random_state': 42, 'tol': 0.0001, 'verbose': 0}",0.03977060317993164
Coffee,8,10,4,5,LogisticRegression,HMM_GMM,6,"{'n_components': 4, 'n_mix': 3, 'covariance_type': 'diag'}",0.544,0.5168277819193835,"{'C': 1.0, 'class_weight': None, 'dual': False, 'fit_intercept': True, 'intercept_scaling': 1, 'l1_ratio': None, 'max_iter': 100, 'multi_class': 'deprecated', 'n_jobs': None, 'penalty': 'l2', 'random_state': 42, 'solver': 'lbfgs', 'tol': 0.0001, 'verbose': 0, 'warm_start': False}",0.1046442985534668
Coffee,8,10,4,5,KNN,HMM_GMM,7,"{'n_components': 2, 'n_mix': 5, 'covariance_type': 'diag'}",0.8,0.7345322487614196,"{'algorithm': 'auto', 'leaf_size': 30, 'metric': 'minkowski', 'metric_params': None, 'n_jobs': None, 'n_neighbors': 5, 'p': 2, 'weights': 'uniform'}",0.037050724029541016
Coffee,8,10,4,5,RandomForest,HMM_GMM,7,"{'n_components': 2, 'n_mix': 5, 'covariance_type': 'diag'}",0.888,0.8813374134143847,"{'bootstrap': True, 'ccp_alpha': 0.0, 'class_weight': None, 'criterion': 'gini', 'max_depth': None, 'max_features': 'sqrt', 'max_leaf_nodes': None, 'max_samples': None, 'min_impurity_decrease': 0.0, 'min_samples_leaf': 1, 'min_samples_split': 2, 'min_weight_fraction_leaf': 0.0, 'monotonic_cst': None, 'n_estimators': 100, 'n_jobs': None, 'oob_score': False, 'random_state': 42, 'verbose': 0, 'warm_start': False}",0.8649978637695312
Coffee,8,10,4,5,LinearSVC,HMM_GMM,7,"{'n_components': 2, 'n_mix': 5, 'covariance_type': 'diag'}",0.582,0.5765344818266714,"{'C': 1.0, 'class_weight': None, 'dual': False, 'fit_intercept': True, 'intercept_scaling': 1, 'loss': 'squared_hinge', 'max_iter': 100, 'multi_class': 'ovr', 'penalty': 'l2', 'random_state': 42, 'tol': 0.0001, 'verbose': 0}",0.0383915901184082
Coffee,8,10,4,5,LogisticRegression,HMM_GMM,7,"{'n_components': 2, 'n_mix': 5, 'covariance_type': 'diag'}",0.464,0.4838294527978958,"{'C': 1.0, 'class_weight': None, 'dual': False, 'fit_intercept': True, 'intercept_scaling': 1, 'l1_ratio': None, 'max_iter': 100, 'multi_class': 'deprecated', 'n_jobs': None, 'penalty': 'l2', 'random_state': 42, 'solver': 'lbfgs', 'tol': 0.0001, 'verbose': 0, 'warm_start': False}",0.0708155632019043
Coffee,8,10,4,5,KNN,HMM_GMM,8,"{'n_components': 1, 'n_mix': 3, 'covariance_type': 'full'}",0.874,0.8624241699166048,"{'algorithm': 'auto', 'leaf_size': 30, 'metric': 'minkowski', 'metric_params': None, 'n_jobs': None, 'n_neighbors': 5, 'p': 2, 'weights': 'uniform'}",0.035869598388671875
Coffee,8,10,4,5,RandomForest,HMM_GMM,8,"{'n_components': 1, 'n_mix': 3, 'covariance_type': 'full'}",0.932,0.9299728193723745,"{'bootstrap': True, 'ccp_alpha': 0.0, 'class_weight': None, 'criterion': 'gini', 'max_depth': None, 'max_features': 'sqrt', 'max_leaf_nodes': None, 'max_samples': None, 'min_impurity_decrease': 0.0, 'min_samples_leaf': 1, 'min_samples_split': 2, 'min_weight_fraction_leaf': 0.0, 'monotonic_cst': None, 'n_estimators': 100, 'n_jobs': None, 'oob_score': False, 'random_state': 42, 'verbose': 0, 'warm_start': False}",0.9115235805511475
Coffee,8,10,4,5,LinearSVC,HMM_GMM,8,"{'n_components': 1, 'n_mix': 3, 'covariance_type': 'full'}",0.704,0.7026530368373015,"{'C': 1.0, 'class_weight': None, 'dual': False, 'fit_intercept': True, 'intercept_scaling': 1, 'loss': 'squared_hinge', 'max_iter': 100, 'multi_class': 'ovr', 'penalty': 'l2', 'random_state': 42, 'tol': 0.0001, 'verbose': 0}",0.046540260314941406
Coffee,8,10,4,5,LogisticRegression,HMM_GMM,8,"{'n_components': 1, 'n_mix': 3, 'covariance_type': 'full'}",0.628,0.6192973300478372,"{'C': 1.0, 'class_weight': None, 'dual': False, 'fit_intercept': True, 'intercept_scaling': 1, 'l1_ratio': None, 'max_iter': 100, 'multi_class': 'deprecated', 'n_jobs': None, 'penalty': 'l2', 'random_state': 42, 'solver': 'lbfgs', 'tol': 0.0001, 'verbose': 0, 'warm_start': False}",0.18192815780639648
Coffee,8,10,4,5,KNN,HMM_GMM,9,"{'n_components': 5, 'n_mix': 1, 'covariance_type': 'diag'}",0.792,0.7272689271705504,"{'algorithm': 'auto', 'leaf_size': 30, 'metric': 'minkowski', 'metric_params': None, 'n_jobs': None, 'n_neighbors': 5, 'p': 2, 'weights': 'uniform'}",0.03654336929321289
Coffee,8,10,4,5,RandomForest,HMM_GMM,9,"{'n_components': 5, 'n_mix': 1, 'covariance_type': 'diag'}",0.78,0.7153539553943594,"{'bootstrap': True, 'ccp_alpha': 0.0, 'class_weight': None, 'criterion': 'gini', 'max_depth': None, 'max_features': 'sqrt', 'max_leaf_nodes': None, 'max_samples': None, 'min_impurity_decrease': 0.0, 'min_samples_leaf': 1, 'min_samples_split': 2, 'min_weight_fraction_leaf': 0.0, 'monotonic_cst': None, 'n_estimators': 100, 'n_jobs': None, 'oob_score': False, 'random_state': 42, 'verbose': 0, 'warm_start': False}",0.8737380504608154
Coffee,8,10,4,5,LinearSVC,HMM_GMM,9,"{'n_components': 5, 'n_mix': 1, 'covariance_type': 'diag'}",0.438,0.4072865870747155,"{'C': 1.0, 'class_weight': None, 'dual': False, 'fit_intercept': True, 'intercept_scaling': 1, 'loss': 'squared_hinge', 'max_iter': 100, 'multi_class': 'ovr', 'penalty': 'l2', 'random_state': 42, 'tol': 0.0001, 'verbose': 0}",0.0313572883605957
Coffee,8,10,4,5,LogisticRegression,HMM_GMM,9,"{'n_components': 5, 'n_mix': 1, 'covariance_type': 'diag'}",0.45,0.4417470167064439,"{'C': 1.0, 'class_weight': None, 'dual': False, 'fit_intercept': True, 'intercept_scaling': 1, 'l1_ratio': None, 'max_iter': 100, 'multi_class': 'deprecated', 'n_jobs': None, 'penalty': 'l2', 'random_state': 42, 'solver': 'lbfgs', 'tol': 0.0001, 'verbose': 0, 'warm_start': False}",0.05390501022338867
Coffee,8,10,4,5,KNN,HMM_GMM,10,"{'n_components': 3, 'n_mix': 5, 'covariance_type': 'diag'}",0.752,0.6925530033665892,"{'algorithm': 'auto', 'leaf_size': 30, 'metric': 'minkowski', 'metric_params': None, 'n_jobs': None, 'n_neighbors': 5, 'p': 2, 'weights': 'uniform'}",0.03762650489807129
Coffee,8,10,4,5,RandomForest,HMM_GMM,10,"{'n_components': 3, 'n_mix': 5, 'covariance_type': 'diag'}",0.786,0.7588479299018396,"{'bootstrap': True, 'ccp_alpha': 0.0, 'class_weight': None, 'criterion': 'gini', 'max_depth': None, 'max_features': 'sqrt', 'max_leaf_nodes': None, 'max_samples': None, 'min_impurity_decrease': 0.0, 'min_samples_leaf': 1, 'min_samples_split': 2, 'min_weight_fraction_leaf': 0.0, 'monotonic_cst': None, 'n_estimators': 100, 'n_jobs': None, 'oob_score': False, 'random_state': 42, 'verbose': 0, 'warm_start': False}",0.8473246097564697
Coffee,8,10,4,5,LinearSVC,HMM_GMM,10,"{'n_components': 3, 'n_mix': 5, 'covariance_type': 'diag'}",0.544,0.522677697866424,"{'C': 1.0, 'class_weight': None, 'dual': False, 'fit_intercept': True, 'intercept_scaling': 1, 'loss': 'squared_hinge', 'max_iter': 100, 'multi_class': 'ovr', 'penalty': 'l2', 'random_state': 42, 'tol': 0.0001, 'verbose': 0}",0.03660893440246582
Coffee,8,10,4,5,LogisticRegression,HMM_GMM,10,"{'n_components': 3, 'n_mix': 5, 'covariance_type': 'diag'}",0.624,0.5875646573328798,"{'C': 1.0, 'class_weight': None, 'dual': False, 'fit_intercept': True, 'intercept_scaling': 1, 'l1_ratio': None, 'max_iter': 100, 'multi_class': 'deprecated', 'n_jobs': None, 'penalty': 'l2', 'random_state': 42, 'solver': 'lbfgs', 'tol': 0.0001, 'verbose': 0, 'warm_start': False}",0.10468697547912598
Coffee,8,10,4,10,KNN,HMM_GMM,1,"{'n_components': 2, 'n_mix': 1, 'covariance_type': 'diag'}",0.8,0.7340721813179714,"{'algorithm': 'auto', 'leaf_size': 30, 'metric': 'minkowski', 'metric_params': None, 'n_jobs': None, 'n_neighbors': 5, 'p': 2, 'weights': 'uniform'}",0.05640220642089844
Coffee,8,10,4,10,RandomForest,HMM_GMM,1,"{'n_components': 2, 'n_mix': 1, 'covariance_type': 'diag'}",0.792,0.715312399139639,"{'bootstrap': True, 'ccp_alpha': 0.0, 'class_weight': None, 'criterion': 'gini', 'max_depth': None, 'max_features': 'sqrt', 'max_leaf_nodes': None, 'max_samples': None, 'min_impurity_decrease': 0.0, 'min_samples_leaf': 1, 'min_samples_split': 2, 'min_weight_fraction_leaf': 0.0, 'monotonic_cst': None, 'n_estimators': 100, 'n_jobs': None, 'oob_score': False, 'random_state': 42, 'verbose': 0, 'warm_start': False}",1.3674640655517578
Coffee,8,10,4,10,LinearSVC,HMM_GMM,1,"{'n_components': 2, 'n_mix': 1, 'covariance_type': 'diag'}",0.402,0.3881593661000635,"{'C': 1.0, 'class_weight': None, 'dual': False, 'fit_intercept': True, 'intercept_scaling': 1, 'loss': 'squared_hinge', 'max_iter': 100, 'multi_class': 'ovr', 'penalty': 'l2', 'random_state': 42, 'tol': 0.0001, 'verbose': 0}",0.06541061401367188
Coffee,8,10,4,10,LogisticRegression,HMM_GMM,1,"{'n_components': 2, 'n_mix': 1, 'covariance_type': 'diag'}",0.406,0.40186932670844405,"{'C': 1.0, 'class_weight': None, 'dual': False, 'fit_intercept': True, 'intercept_scaling': 1, 'l1_ratio': None, 'max_iter': 100, 'multi_class': 'deprecated', 'n_jobs': None, 'penalty': 'l2', 'random_state': 42, 'solver': 'lbfgs', 'tol': 0.0001, 'verbose': 0, 'warm_start': False}",0.08624792098999023
Coffee,8,10,4,10,KNN,HMM_GMM,2,"{'n_components': 2, 'n_mix': 4, 'covariance_type': 'tied'}",0.788,0.7356513764720605,"{'algorithm': 'auto', 'leaf_size': 30, 'metric': 'minkowski', 'metric_params': None, 'n_jobs': None, 'n_neighbors': 5, 'p': 2, 'weights': 'uniform'}",0.06139349937438965
Coffee,8,10,4,10,RandomForest,HMM_GMM,2,"{'n_components': 2, 'n_mix': 4, 'covariance_type': 'tied'}",0.84,0.819040981555127,"{'bootstrap': True, 'ccp_alpha': 0.0, 'class_weight': None, 'criterion': 'gini', 'max_depth': None, 'max_features': 'sqrt', 'max_leaf_nodes': None, 'max_samples': None, 'min_impurity_decrease': 0.0, 'min_samples_leaf': 1, 'min_samples_split': 2, 'min_weight_fraction_leaf': 0.0, 'monotonic_cst': None, 'n_estimators': 100, 'n_jobs': None, 'oob_score': False, 'random_state': 42, 'verbose': 0, 'warm_start': False}",1.3224222660064697
Coffee,8,10,4,10,LinearSVC,HMM_GMM,2,"{'n_components': 2, 'n_mix': 4, 'covariance_type': 'tied'}",0.604,0.6125330896550779,"{'C': 1.0, 'class_weight': None, 'dual': False, 'fit_intercept': True, 'intercept_scaling': 1, 'loss': 'squared_hinge', 'max_iter': 100, 'multi_class': 'ovr', 'penalty': 'l2', 'random_state': 42, 'tol': 0.0001, 'verbose': 0}",0.09985184669494629
Coffee,8,10,4,10,LogisticRegression,HMM_GMM,2,"{'n_components': 2, 'n_mix': 4, 'covariance_type': 'tied'}",0.654,0.6461621576494349,"{'C': 1.0, 'class_weight': None, 'dual': False, 'fit_intercept': True, 'intercept_scaling': 1, 'l1_ratio': None, 'max_iter': 100, 'multi_class': 'deprecated', 'n_jobs': None, 'penalty': 'l2', 'random_state': 42, 'solver': 'lbfgs', 'tol': 0.0001, 'verbose': 0, 'warm_start': False}",0.3373534679412842
Coffee,8,10,4,10,KNN,HMM_GMM,3,"{'n_components': 1, 'n_mix': 3, 'covariance_type': 'diag'}",0.79,0.7160232910199732,"{'algorithm': 'auto', 'leaf_size': 30, 'metric': 'minkowski', 'metric_params': None, 'n_jobs': None, 'n_neighbors': 5, 'p': 2, 'weights': 'uniform'}",0.058692216873168945
Coffee,8,10,4,10,RandomForest,HMM_GMM,3,"{'n_components': 1, 'n_mix': 3, 'covariance_type': 'diag'}",0.836,0.7978689882490818,"{'bootstrap': True, 'ccp_alpha': 0.0, 'class_weight': None, 'criterion': 'gini', 'max_depth': None, 'max_features': 'sqrt', 'max_leaf_nodes': None, 'max_samples': None, 'min_impurity_decrease': 0.0, 'min_samples_leaf': 1, 'min_samples_split': 2, 'min_weight_fraction_leaf': 0.0, 'monotonic_cst': None, 'n_estimators': 100, 'n_jobs': None, 'oob_score': False, 'random_state': 42, 'verbose': 0, 'warm_start': False}",1.2844743728637695
Coffee,8,10,4,10,LinearSVC,HMM_GMM,3,"{'n_components': 1, 'n_mix': 3, 'covariance_type': 'diag'}",0.416,0.40525508011541533,"{'C': 1.0, 'class_weight': None, 'dual': False, 'fit_intercept': True, 'intercept_scaling': 1, 'loss': 'squared_hinge', 'max_iter': 100, 'multi_class': 'ovr', 'penalty': 'l2', 'random_state': 42, 'tol': 0.0001, 'verbose': 0}",0.06404280662536621
Coffee,8,10,4,10,LogisticRegression,HMM_GMM,3,"{'n_components': 1, 'n_mix': 3, 'covariance_type': 'diag'}",0.406,0.40429105383233827,"{'C': 1.0, 'class_weight': None, 'dual': False, 'fit_intercept': True, 'intercept_scaling': 1, 'l1_ratio': None, 'max_iter': 100, 'multi_class': 'deprecated', 'n_jobs': None, 'penalty': 'l2', 'random_state': 42, 'solver': 'lbfgs', 'tol': 0.0001, 'verbose': 0, 'warm_start': False}",0.09230494499206543
Coffee,8,10,4,10,KNN,HMM_GMM,4,"{'n_components': 4, 'n_mix': 3, 'covariance_type': 'diag'}",0.748,0.6927701829558593,"{'algorithm': 'auto', 'leaf_size': 30, 'metric': 'minkowski', 'metric_params': None, 'n_jobs': None, 'n_neighbors': 5, 'p': 2, 'weights': 'uniform'}",0.06406974792480469
Coffee,8,10,4,10,RandomForest,HMM_GMM,4,"{'n_components': 4, 'n_mix': 3, 'covariance_type': 'diag'}",0.874,0.8610920394647926,"{'bootstrap': True, 'ccp_alpha': 0.0, 'class_weight': None, 'criterion': 'gini', 'max_depth': None, 'max_features': 'sqrt', 'max_leaf_nodes': None, 'max_samples': None, 'min_impurity_decrease': 0.0, 'min_samples_leaf': 1, 'min_samples_split': 2, 'min_weight_fraction_leaf': 0.0, 'monotonic_cst': None, 'n_estimators': 100, 'n_jobs': None, 'oob_score': False, 'random_state': 42, 'verbose': 0, 'warm_start': False}",1.2597606182098389
Coffee,8,10,4,10,LinearSVC,HMM_GMM,4,"{'n_components': 4, 'n_mix': 3, 'covariance_type': 'diag'}",0.412,0.4142650188685994,"{'C': 1.0, 'class_weight': None, 'dual': False, 'fit_intercept': True, 'intercept_scaling': 1, 'loss': 'squared_hinge', 'max_iter': 100, 'multi_class': 'ovr', 'penalty': 'l2', 'random_state': 42, 'tol': 0.0001, 'verbose': 0}",0.0830237865447998
Coffee,8,10,4,10,LogisticRegression,HMM_GMM,4,"{'n_components': 4, 'n_mix': 3, 'covariance_type': 'diag'}",0.55,0.5186535203790879,"{'C': 1.0, 'class_weight': None, 'dual': False, 'fit_intercept': True, 'intercept_scaling': 1, 'l1_ratio': None, 'max_iter': 100, 'multi_class': 'deprecated', 'n_jobs': None, 'penalty': 'l2', 'random_state': 42, 'solver': 'lbfgs', 'tol': 0.0001, 'verbose': 0, 'warm_start': False}",0.18332314491271973
Coffee,8,10,4,10,KNN,HMM_GMM,5,"{'n_components': 1, 'n_mix': 1, 'covariance_type': 'tied'}",0.87,0.8598636310283871,"{'algorithm': 'auto', 'leaf_size': 30, 'metric': 'minkowski', 'metric_params': None, 'n_jobs': None, 'n_neighbors': 5, 'p': 2, 'weights': 'uniform'}",0.05847668647766113
Coffee,8,10,4,10,RandomForest,HMM_GMM,5,"{'n_components': 1, 'n_mix': 1, 'covariance_type': 'tied'}",0.916,0.9121492020986687,"{'bootstrap': True, 'ccp_alpha': 0.0, 'class_weight': None, 'criterion': 'gini', 'max_depth': None, 'max_features': 'sqrt', 'max_leaf_nodes': None, 'max_samples': None, 'min_impurity_decrease': 0.0, 'min_samples_leaf': 1, 'min_samples_split': 2, 'min_weight_fraction_leaf': 0.0, 'monotonic_cst': None, 'n_estimators': 100, 'n_jobs': None, 'oob_score': False, 'random_state': 42, 'verbose': 0, 'warm_start': False}",1.3352019786834717
Coffee,8,10,4,10,LinearSVC,HMM_GMM,5,"{'n_components': 1, 'n_mix': 1, 'covariance_type': 'tied'}",0.646,0.6512680240295885,"{'C': 1.0, 'class_weight': None, 'dual': False, 'fit_intercept': True, 'intercept_scaling': 1, 'loss': 'squared_hinge', 'max_iter': 100, 'multi_class': 'ovr', 'penalty': 'l2', 'random_state': 42, 'tol': 0.0001, 'verbose': 0}",0.10450267791748047
Coffee,8,10,4,10,LogisticRegression,HMM_GMM,5,"{'n_components': 1, 'n_mix': 1, 'covariance_type': 'tied'}",0.678,0.644535772681073,"{'C': 1.0, 'class_weight': None, 'dual': False, 'fit_intercept': True, 'intercept_scaling': 1, 'l1_ratio': None, 'max_iter': 100, 'multi_class': 'deprecated', 'n_jobs': None, 'penalty': 'l2', 'random_state': 42, 'solver': 'lbfgs', 'tol': 0.0001, 'verbose': 0, 'warm_start': False}",0.3588101863861084
Coffee,8,10,4,10,KNN,HMM_GMM,6,"{'n_components': 4, 'n_mix': 3, 'covariance_type': 'diag'}",0.748,0.6927701829558593,"{'algorithm': 'auto', 'leaf_size': 30, 'metric': 'minkowski', 'metric_params': None, 'n_jobs': None, 'n_neighbors': 5, 'p': 2, 'weights': 'uniform'}",0.0641627311706543
Coffee,8,10,4,10,RandomForest,HMM_GMM,6,"{'n_components': 4, 'n_mix': 3, 'covariance_type': 'diag'}",0.864,0.8519196789323215,"{'bootstrap': True, 'ccp_alpha': 0.0, 'class_weight': None, 'criterion': 'gini', 'max_depth': None, 'max_features': 'sqrt', 'max_leaf_nodes': None, 'max_samples': None, 'min_impurity_decrease': 0.0, 'min_samples_leaf': 1, 'min_samples_split': 2, 'min_weight_fraction_leaf': 0.0, 'monotonic_cst': None, 'n_estimators': 100, 'n_jobs': None, 'oob_score': False, 'random_state': 42, 'verbose': 0, 'warm_start': False}",1.3702807426452637
Coffee,8,10,4,10,LinearSVC,HMM_GMM,6,"{'n_components': 4, 'n_mix': 3, 'covariance_type': 'diag'}",0.412,0.4142650188685994,"{'C': 1.0, 'class_weight': None, 'dual': False, 'fit_intercept': True, 'intercept_scaling': 1, 'loss': 'squared_hinge', 'max_iter': 100, 'multi_class': 'ovr', 'penalty': 'l2', 'random_state': 42, 'tol': 0.0001, 'verbose': 0}",0.09087634086608887
Coffee,8,10,4,10,LogisticRegression,HMM_GMM,6,"{'n_components': 4, 'n_mix': 3, 'covariance_type': 'diag'}",0.552,0.5197937549910371,"{'C': 1.0, 'class_weight': None, 'dual': False, 'fit_intercept': True, 'intercept_scaling': 1, 'l1_ratio': None, 'max_iter': 100, 'multi_class': 'deprecated', 'n_jobs': None, 'penalty': 'l2', 'random_state': 42, 'solver': 'lbfgs', 'tol': 0.0001, 'verbose': 0, 'warm_start': False}",0.3202080726623535
Coffee,8,10,4,10,KNN,HMM_GMM,7,"{'n_components': 2, 'n_mix': 5, 'covariance_type': 'diag'}",0.8,0.7345322487614196,"{'algorithm': 'auto', 'leaf_size': 30, 'metric': 'minkowski', 'metric_params': None, 'n_jobs': None, 'n_neighbors': 5, 'p': 2, 'weights': 'uniform'}",0.06618595123291016
Coffee,8,10,4,10,RandomForest,HMM_GMM,7,"{'n_components': 2, 'n_mix': 5, 'covariance_type': 'diag'}",0.824,0.8032308800645866,"{'bootstrap': True, 'ccp_alpha': 0.0, 'class_weight': None, 'criterion': 'gini', 'max_depth': None, 'max_features': 'sqrt', 'max_leaf_nodes': None, 'max_samples': None, 'min_impurity_decrease': 0.0, 'min_samples_leaf': 1, 'min_samples_split': 2, 'min_weight_fraction_leaf': 0.0, 'monotonic_cst': None, 'n_estimators': 100, 'n_jobs': None, 'oob_score': False, 'random_state': 42, 'verbose': 0, 'warm_start': False}",1.2871067523956299
Coffee,8,10,4,10,LinearSVC,HMM_GMM,7,"{'n_components': 2, 'n_mix': 5, 'covariance_type': 'diag'}",0.57,0.5640918523091698,"{'C': 1.0, 'class_weight': None, 'dual': False, 'fit_intercept': True, 'intercept_scaling': 1, 'loss': 'squared_hinge', 'max_iter': 100, 'multi_class': 'ovr', 'penalty': 'l2', 'random_state': 42, 'tol': 0.0001, 'verbose': 0}",0.08008551597595215
Coffee,8,10,4,10,LogisticRegression,HMM_GMM,7,"{'n_components': 2, 'n_mix': 5, 'covariance_type': 'diag'}",0.478,0.4959851988899167,"{'C': 1.0, 'class_weight': None, 'dual': False, 'fit_intercept': True, 'intercept_scaling': 1, 'l1_ratio': None, 'max_iter': 100, 'multi_class': 'deprecated', 'n_jobs': None, 'penalty': 'l2', 'random_state': 42, 'solver': 'lbfgs', 'tol': 0.0001, 'verbose': 0, 'warm_start': False}",0.2415759563446045
Coffee,8,10,4,10,KNN,HMM_GMM,8,"{'n_components': 1, 'n_mix': 3, 'covariance_type': 'full'}",0.874,0.8624241699166048,"{'algorithm': 'auto', 'leaf_size': 30, 'metric': 'minkowski', 'metric_params': None, 'n_jobs': None, 'n_neighbors': 5, 'p': 2, 'weights': 'uniform'}",0.05714869499206543
Coffee,8,10,4,10,RandomForest,HMM_GMM,8,"{'n_components': 1, 'n_mix': 3, 'covariance_type': 'full'}",0.948,0.9472457494196624,"{'bootstrap': True, 'ccp_alpha': 0.0, 'class_weight': None, 'criterion': 'gini', 'max_depth': None, 'max_features': 'sqrt', 'max_leaf_nodes': None, 'max_samples': None, 'min_impurity_decrease': 0.0, 'min_samples_leaf': 1, 'min_samples_split': 2, 'min_weight_fraction_leaf': 0.0, 'monotonic_cst': None, 'n_estimators': 100, 'n_jobs': None, 'oob_score': False, 'random_state': 42, 'verbose': 0, 'warm_start': False}",1.3005058765411377
Coffee,8,10,4,10,LinearSVC,HMM_GMM,8,"{'n_components': 1, 'n_mix': 3, 'covariance_type': 'full'}",0.702,0.6995105360578457,"{'C': 1.0, 'class_weight': None, 'dual': False, 'fit_intercept': True, 'intercept_scaling': 1, 'loss': 'squared_hinge', 'max_iter': 100, 'multi_class': 'ovr', 'penalty': 'l2', 'random_state': 42, 'tol': 0.0001, 'verbose': 0}",0.1115572452545166
Coffee,8,10,4,10,LogisticRegression,HMM_GMM,8,"{'n_components': 1, 'n_mix': 3, 'covariance_type': 'full'}",0.618,0.6111202224978891,"{'C': 1.0, 'class_weight': None, 'dual': False, 'fit_intercept': True, 'intercept_scaling': 1, 'l1_ratio': None, 'max_iter': 100, 'multi_class': 'deprecated', 'n_jobs': None, 'penalty': 'l2', 'random_state': 42, 'solver': 'lbfgs', 'tol': 0.0001, 'verbose': 0, 'warm_start': False}",0.35486674308776855
Coffee,8,10,4,10,KNN,HMM_GMM,9,"{'n_components': 5, 'n_mix': 1, 'covariance_type': 'diag'}",0.786,0.7221392738570572,"{'algorithm': 'auto', 'leaf_size': 30, 'metric': 'minkowski', 'metric_params': None, 'n_jobs': None, 'n_neighbors': 5, 'p': 2, 'weights': 'uniform'}",0.05662727355957031
Coffee,8,10,4,10,RandomForest,HMM_GMM,9,"{'n_components': 5, 'n_mix': 1, 'covariance_type': 'diag'}",0.764,0.7196389924943591,"{'bootstrap': True, 'ccp_alpha': 0.0, 'class_weight': None, 'criterion': 'gini', 'max_depth': None, 'max_features': 'sqrt', 'max_leaf_nodes': None, 'max_samples': None, 'min_impurity_decrease': 0.0, 'min_samples_leaf': 1, 'min_samples_split': 2, 'min_weight_fraction_leaf': 0.0, 'monotonic_cst': None, 'n_estimators': 100, 'n_jobs': None, 'oob_score': False, 'random_state': 42, 'verbose': 0, 'warm_start': False}",1.2674944400787354
Coffee,8,10,4,10,LinearSVC,HMM_GMM,9,"{'n_components': 5, 'n_mix': 1, 'covariance_type': 'diag'}",0.568,0.49960261332255673,"{'C': 1.0, 'class_weight': None, 'dual': False, 'fit_intercept': True, 'intercept_scaling': 1, 'loss': 'squared_hinge', 'max_iter': 100, 'multi_class': 'ovr', 'penalty': 'l2', 'random_state': 42, 'tol': 0.0001, 'verbose': 0}",0.0702211856842041
Coffee,8,10,4,10,LogisticRegression,HMM_GMM,9,"{'n_components': 5, 'n_mix': 1, 'covariance_type': 'diag'}",0.332,0.2988095238095238,"{'C': 1.0, 'class_weight': None, 'dual': False, 'fit_intercept': True, 'intercept_scaling': 1, 'l1_ratio': None, 'max_iter': 100, 'multi_class': 'deprecated', 'n_jobs': None, 'penalty': 'l2', 'random_state': 42, 'solver': 'lbfgs', 'tol': 0.0001, 'verbose': 0, 'warm_start': False}",0.11485981941223145
Coffee,8,10,4,10,KNN,HMM_GMM,10,"{'n_components': 3, 'n_mix': 5, 'covariance_type': 'diag'}",0.75,0.6904421854246369,"{'algorithm': 'auto', 'leaf_size': 30, 'metric': 'minkowski', 'metric_params': None, 'n_jobs': None, 'n_neighbors': 5, 'p': 2, 'weights': 'uniform'}",0.0581517219543457
Coffee,8,10,4,10,RandomForest,HMM_GMM,10,"{'n_components': 3, 'n_mix': 5, 'covariance_type': 'diag'}",0.832,0.8122787925299515,"{'bootstrap': True, 'ccp_alpha': 0.0, 'class_weight': None, 'criterion': 'gini', 'max_depth': None, 'max_features': 'sqrt', 'max_leaf_nodes': None, 'max_samples': None, 'min_impurity_decrease': 0.0, 'min_samples_leaf': 1, 'min_samples_split': 2, 'min_weight_fraction_leaf': 0.0, 'monotonic_cst': None, 'n_estimators': 100, 'n_jobs': None, 'oob_score': False, 'random_state': 42, 'verbose': 0, 'warm_start': False}",1.3604025840759277
Coffee,8,10,4,10,LinearSVC,HMM_GMM,10,"{'n_components': 3, 'n_mix': 5, 'covariance_type': 'diag'}",0.512,0.5173643415514494,"{'C': 1.0, 'class_weight': None, 'dual': False, 'fit_intercept': True, 'intercept_scaling': 1, 'loss': 'squared_hinge', 'max_iter': 100, 'multi_class': 'ovr', 'penalty': 'l2', 'random_state': 42, 'tol': 0.0001, 'verbose': 0}",0.08862638473510742
Coffee,8,10,4,10,LogisticRegression,HMM_GMM,10,"{'n_components': 3, 'n_mix': 5, 'covariance_type': 'diag'}",0.6,0.5910859728506788,"{'C': 1.0, 'class_weight': None, 'dual': False, 'fit_intercept': True, 'intercept_scaling': 1, 'l1_ratio': None, 'max_iter': 100, 'multi_class': 'deprecated', 'n_jobs': None, 'penalty': 'l2', 'random_state': 42, 'solver': 'lbfgs', 'tol': 0.0001, 'verbose': 0, 'warm_start': False}",0.30194878578186035
Coffee,8,10,5,1,KNN,Baseline,N/A,N/A,0.666,0.6673312018193087,"{'algorithm': 'auto', 'leaf_size': 30, 'metric': 'minkowski', 'metric_params': None, 'n_jobs': None, 'n_neighbors': 5, 'p': 2, 'weights': 'uniform'}",0.027414560317993164
Coffee,8,10,5,1,KNN,Tuned_Baseline,N/A,N/A,0.646,0.6404516907113275,"{'algorithm': 'auto', 'leaf_size': 30, 'metric': 'manhattan', 'metric_params': None, 'n_jobs': None, 'n_neighbors': np.int64(5), 'p': 2, 'weights': 'distance'}",0.00579524040222168
Coffee,8,10,5,1,RandomForest,Baseline,N/A,N/A,0.694,0.6825723352365424,"{'bootstrap': True, 'ccp_alpha': 0.0, 'class_weight': None, 'criterion': 'gini', 'max_depth': None, 'max_features': 'sqrt', 'max_leaf_nodes': None, 'max_samples': None, 'min_impurity_decrease': 0.0, 'min_samples_leaf': 1, 'min_samples_split': 2, 'min_weight_fraction_leaf': 0.0, 'monotonic_cst': None, 'n_estimators': 100, 'n_jobs': None, 'oob_score': False, 'random_state': 42, 'verbose': 0, 'warm_start': False}",0.3879685401916504
Coffee,8,10,5,1,RandomForest,Tuned_Baseline,N/A,N/A,0.71,0.6992905654284359,"{'bootstrap': True, 'ccp_alpha': 0.0, 'class_weight': 'balanced', 'criterion': 'gini', 'max_depth': None, 'max_features': 'sqrt', 'max_leaf_nodes': None, 'max_samples': None, 'min_impurity_decrease': 0.0, 'min_samples_leaf': 2, 'min_samples_split': 2, 'min_weight_fraction_leaf': 0.0, 'monotonic_cst': None, 'n_estimators': 100, 'n_jobs': None, 'oob_score': False, 'random_state': 42, 'verbose': 0, 'warm_start': False}",0.0063703060150146484
Coffee,8,10,5,1,LinearSVC,Baseline,N/A,N/A,0.776,0.7750931665966515,"{'C': 1.0, 'class_weight': None, 'dual': False, 'fit_intercept': True, 'intercept_scaling': 1, 'loss': 'squared_hinge', 'max_iter': 100, 'multi_class': 'ovr', 'penalty': 'l2', 'random_state': 42, 'tol': 0.0001, 'verbose': 0}",0.008845806121826172
Coffee,8,10,5,1,LinearSVC,Tuned_Baseline,N/A,N/A,0.758,0.7581892444019134,"{'C': np.float64(33.59818286283781), 'class_weight': None, 'dual': False, 'fit_intercept': True, 'intercept_scaling': 1, 'loss': 'squared_hinge', 'max_iter': 100, 'multi_class': 'ovr', 'penalty': 'l1', 'random_state': 42, 'tol': 0.001, 'verbose': 0}",0.0002124309539794922
Coffee,8,10,5,1,LogisticRegression,Baseline,N/A,N/A,0.772,0.7713404133156458,"{'C': 1.0, 'class_weight': None, 'dual': False, 'fit_intercept': True, 'intercept_scaling': 1, 'l1_ratio': None, 'max_iter': 100, 'multi_class': 'deprecated', 'n_jobs': None, 'penalty': 'l2', 'random_state': 42, 'solver': 'lbfgs', 'tol': 0.0001, 'verbose': 0, 'warm_start': False}",0.042176246643066406
Coffee,8,10,5,1,LogisticRegression,Tuned_Baseline,N/A,N/A,0.782,0.7789287658751763,"{'C': np.float64(1000.0), 'class_weight': 'balanced', 'dual': False, 'fit_intercept': True, 'intercept_scaling': 1, 'l1_ratio': None, 'max_iter': 100, 'multi_class': 'deprecated', 'n_jobs': None, 'penalty': 'l2', 'random_state': 42, 'solver': 'sag', 'tol': 0.0001, 'verbose': 0, 'warm_start': False}",0.0003101825714111328
Coffee,8,10,5,1,RNN,Tuned_Baseline,N/A,N/A,0.2,0.06666666666666667,"{'hidden_size': 64, 'epochs': 10, 'batch_size': 32, 'lr': 0.001}",5.269050598144531e-05
Coffee,8,10,5,2,KNN,HMM_GMM,1,"{'n_components': 2, 'n_mix': 1, 'covariance_type': 'diag'}",0.698,0.7000031543071588,"{'algorithm': 'auto', 'leaf_size': 30, 'metric': 'chebyshev', 'metric_params': None, 'n_jobs': None, 'n_neighbors': np.int64(5), 'p': 2, 'weights': 'uniform'}",0.030452728271484375
Coffee,8,10,5,2,RandomForest,HMM_GMM,1,"{'n_components': 2, 'n_mix': 1, 'covariance_type': 'diag'}",0.594,0.5833506259674485,"{'bootstrap': True, 'ccp_alpha': 0.0, 'class_weight': 'balanced', 'criterion': 'gini', 'max_depth': None, 'max_features': 'sqrt', 'max_leaf_nodes': None, 'max_samples': None, 'min_impurity_decrease': 0.0, 'min_samples_leaf': 1, 'min_samples_split': 2, 'min_weight_fraction_leaf': 0.0, 'monotonic_cst': None, 'n_estimators': 50, 'n_jobs': None, 'oob_score': False, 'random_state': 42, 'verbose': 0, 'warm_start': False}",0.32334232330322266
Coffee,8,10,5,2,LinearSVC,HMM_GMM,1,"{'n_components': 2, 'n_mix': 1, 'covariance_type': 'diag'}",0.474,0.5139136725343622,"{'C': np.float64(0.08858667904100823), 'class_weight': 'balanced', 'dual': False, 'fit_intercept': False, 'intercept_scaling': 1, 'loss': 'squared_hinge', 'max_iter': 100, 'multi_class': 'ovr', 'penalty': 'l1', 'random_state': 42, 'tol': 0.0001, 'verbose': 0}",0.02238321304321289
Coffee,8,10,5,2,LogisticRegression,HMM_GMM,1,"{'n_components': 2, 'n_mix': 1, 'covariance_type': 'diag'}",0.514,0.5165723135099081,"{'C': np.float64(33.59818286283781), 'class_weight': None, 'dual': False, 'fit_intercept': True, 'intercept_scaling': 1, 'l1_ratio': None, 'max_iter': 100, 'multi_class': 'deprecated', 'n_jobs': None, 'penalty': 'l2', 'random_state': 42, 'solver': 'saga', 'tol': 0.0001, 'verbose': 0, 'warm_start': False}",0.030545711517333984
Coffee,8,10,5,2,KNN,HMM_GMM,2,"{'n_components': 2, 'n_mix': 4, 'covariance_type': 'tied'}",0.704,0.7073646850044365,"{'algorithm': 'auto', 'leaf_size': 30, 'metric': 'chebyshev', 'metric_params': None, 'n_jobs': None, 'n_neighbors': np.int64(5), 'p': 2, 'weights': 'uniform'}",0.023778200149536133
Coffee,8,10,5,2,RandomForest,HMM_GMM,2,"{'n_components': 2, 'n_mix': 4, 'covariance_type': 'tied'}",0.708,0.6925245583894982,"{'bootstrap': True, 'ccp_alpha': 0.0, 'class_weight': 'balanced', 'criterion': 'gini', 'max_depth': 20, 'max_features': 'sqrt', 'max_leaf_nodes': None, 'max_samples': None, 'min_impurity_decrease': 0.0, 'min_samples_leaf': 2, 'min_samples_split': 5, 'min_weight_fraction_leaf': 0.0, 'monotonic_cst': None, 'n_estimators': 50, 'n_jobs': None, 'oob_score': False, 'random_state': 42, 'verbose': 0, 'warm_start': False}",0.28488755226135254
Coffee,8,10,5,2,LinearSVC,HMM_GMM,2,"{'n_components': 2, 'n_mix': 4, 'covariance_type': 'tied'}",0.728,0.7283930382035095,"{'C': np.float64(0.08858667904100823), 'class_weight': None, 'dual': False, 'fit_intercept': False, 'intercept_scaling': 1, 'loss': 'squared_hinge', 'max_iter': 100, 'multi_class': 'ovr', 'penalty': 'l1', 'random_state': 42, 'tol': 0.0001, 'verbose': 0}",0.032994985580444336
Coffee,8,10,5,2,LogisticRegression,HMM_GMM,2,"{'n_components': 2, 'n_mix': 4, 'covariance_type': 'tied'}",0.774,0.7732181626161798,"{'C': np.float64(33.59818286283781), 'class_weight': 'balanced', 'dual': False, 'fit_intercept': True, 'intercept_scaling': 1, 'l1_ratio': None, 'max_iter': 100, 'multi_class': 'deprecated', 'n_jobs': None, 'penalty': 'l1', 'random_state': 42, 'solver': 'saga', 'tol': 0.0001, 'verbose': 0, 'warm_start': False}",0.18562793731689453
Coffee,8,10,5,2,KNN,HMM_GMM,3,"{'n_components': 1, 'n_mix': 3, 'covariance_type': 'diag'}",0.644,0.6411625014135475,"{'algorithm': 'auto', 'leaf_size': 30, 'metric': 'euclidean', 'metric_params': None, 'n_jobs': None, 'n_neighbors': np.int64(9), 'p': 2, 'weights': 'distance'}",0.010724782943725586
Coffee,8,10,5,2,RandomForest,HMM_GMM,3,"{'n_components': 1, 'n_mix': 3, 'covariance_type': 'diag'}",0.68,0.6723503043334174,"{'bootstrap': True, 'ccp_alpha': 0.0, 'class_weight': 'balanced', 'criterion': 'gini', 'max_depth': None, 'max_features': 'sqrt', 'max_leaf_nodes': None, 'max_samples': None, 'min_impurity_decrease': 0.0, 'min_samples_leaf': 1, 'min_samples_split': 2, 'min_weight_fraction_leaf': 0.0, 'monotonic_cst': None, 'n_estimators': 50, 'n_jobs': None, 'oob_score': False, 'random_state': 42, 'verbose': 0, 'warm_start': False}",0.31670069694519043
Coffee,8,10,5,2,LinearSVC,HMM_GMM,3,"{'n_components': 1, 'n_mix': 3, 'covariance_type': 'diag'}",0.52,0.5269642278180049,"{'C': np.float64(1000.0), 'class_weight': 'balanced', 'dual': False, 'fit_intercept': True, 'intercept_scaling': 1, 'loss': 'squared_hinge', 'max_iter': 100, 'multi_class': 'ovr', 'penalty': 'l2', 'random_state': 42, 'tol': 0.001, 'verbose': 0}",0.012175321578979492
Coffee,8,10,5,2,LogisticRegression,HMM_GMM,3,"{'n_components': 1, 'n_mix': 3, 'covariance_type': 'diag'}",0.478,0.5146529453613778,"{'C': np.float64(183.29807108324337), 'class_weight': None, 'dual': False, 'fit_intercept': False, 'intercept_scaling': 1, 'l1_ratio': None, 'max_iter': 100, 'multi_class': 'deprecated', 'n_jobs': None, 'penalty': 'l2', 'random_state': 42, 'solver': 'sag', 'tol': 0.0001, 'verbose': 0, 'warm_start': False}",0.03236079216003418
Coffee,8,10,5,2,KNN,HMM_GMM,4,"{'n_components': 4, 'n_mix': 3, 'covariance_type': 'diag'}",0.656,0.6550658808476585,"{'algorithm': 'auto', 'leaf_size': 30, 'metric': 'euclidean', 'metric_params': None, 'n_jobs': None, 'n_neighbors': np.int64(9), 'p': 2, 'weights': 'distance'}",0.013969182968139648
Coffee,8,10,5,2,RandomForest,HMM_GMM,4,"{'n_components': 4, 'n_mix': 3, 'covariance_type': 'diag'}",0.704,0.690716294203929,"{'bootstrap': True, 'ccp_alpha': 0.0, 'class_weight': 'balanced', 'criterion': 'gini', 'max_depth': 30, 'max_features': 'sqrt', 'max_leaf_nodes': None, 'max_samples': None, 'min_impurity_decrease': 0.0, 'min_samples_leaf': 1, 'min_samples_split': 2, 'min_weight_fraction_leaf': 0.0, 'monotonic_cst': None, 'n_estimators': 150, 'n_jobs': None, 'oob_score': False, 'random_state': 42, 'verbose': 0, 'warm_start': False}",0.8895225524902344
Coffee,8,10,5,2,LinearSVC,HMM_GMM,4,"{'n_components': 4, 'n_mix': 3, 'covariance_type': 'diag'}",0.692,0.6944989150888187,"{'C': np.float64(2.6366508987303554), 'class_weight': 'balanced', 'dual': False, 'fit_intercept': True, 'intercept_scaling': 1, 'loss': 'squared_hinge', 'max_iter': 100, 'multi_class': 'ovr', 'penalty': 'l1', 'random_state': 42, 'tol': 0.0001, 'verbose': 0}",0.04551100730895996
Coffee,8,10,5,2,LogisticRegression,HMM_GMM,4,"{'n_components': 4, 'n_mix': 3, 'covariance_type': 'diag'}",0.742,0.739326068726855,"{'C': np.float64(183.29807108324337), 'class_weight': None, 'dual': False, 'fit_intercept': False, 'intercept_scaling': 1, 'l1_ratio': None, 'max_iter': 100, 'multi_class': 'deprecated', 'n_jobs': None, 'penalty': 'l2', 'random_state': 42, 'solver': 'sag', 'tol': 0.0001, 'verbose': 0, 'warm_start': False}",0.03213000297546387
Coffee,8,10,5,2,KNN,HMM_GMM,5,"{'n_components': 1, 'n_mix': 1, 'covariance_type': 'tied'}",0.816,0.8196036671089066,"{'algorithm': 'auto', 'leaf_size': 30, 'metric': 'chebyshev', 'metric_params': None, 'n_jobs': None, 'n_neighbors': np.int64(5), 'p': 2, 'weights': 'uniform'}",0.024934768676757812
Coffee,8,10,5,2,RandomForest,HMM_GMM,5,"{'n_components': 1, 'n_mix': 1, 'covariance_type': 'tied'}",0.806,0.8045423566092975,"{'bootstrap': True, 'ccp_alpha': 0.0, 'class_weight': 'balanced', 'criterion': 'gini', 'max_depth': 30, 'max_features': 'sqrt', 'max_leaf_nodes': None, 'max_samples': None, 'min_impurity_decrease': 0.0, 'min_samples_leaf': 1, 'min_samples_split': 2, 'min_weight_fraction_leaf': 0.0, 'monotonic_cst': None, 'n_estimators': 150, 'n_jobs': None, 'oob_score': False, 'random_state': 42, 'verbose': 0, 'warm_start': False}",1.1007812023162842
Coffee,8,10,5,2,LinearSVC,HMM_GMM,5,"{'n_components': 1, 'n_mix': 1, 'covariance_type': 'tied'}",0.726,0.727616788216021,"{'C': np.float64(2.6366508987303554), 'class_weight': 'balanced', 'dual': False, 'fit_intercept': True, 'intercept_scaling': 1, 'loss': 'squared_hinge', 'max_iter': 100, 'multi_class': 'ovr', 'penalty': 'l1', 'random_state': 42, 'tol': 0.0001, 'verbose': 0}",0.05317330360412598
Coffee,8,10,5,2,LogisticRegression,HMM_GMM,5,"{'n_components': 1, 'n_mix': 1, 'covariance_type': 'tied'}",0.764,0.7626820398747158,"{'C': np.float64(2.6366508987303554), 'class_weight': 'balanced', 'dual': False, 'fit_intercept': True, 'intercept_scaling': 1, 'l1_ratio': None, 'max_iter': 100, 'multi_class': 'deprecated', 'n_jobs': None, 'penalty': 'l1', 'random_state': 42, 'solver': 'saga', 'tol': 0.0001, 'verbose': 0, 'warm_start': False}",0.22258305549621582
Coffee,8,10,5,2,KNN,HMM_GMM,6,"{'n_components': 4, 'n_mix': 3, 'covariance_type': 'diag'}",0.656,0.6550658808476585,"{'algorithm': 'auto', 'leaf_size': 30, 'metric': 'euclidean', 'metric_params': None, 'n_jobs': None, 'n_neighbors': np.int64(9), 'p': 2, 'weights': 'distance'}",0.014240026473999023
Coffee,8,10,5,2,RandomForest,HMM_GMM,6,"{'n_components': 4, 'n_mix': 3, 'covariance_type': 'diag'}",0.696,0.6826491011479097,"{'bootstrap': True, 'ccp_alpha': 0.0, 'class_weight': 'balanced', 'criterion': 'gini', 'max_depth': 30, 'max_features': 'sqrt', 'max_leaf_nodes': None, 'max_samples': None, 'min_impurity_decrease': 0.0, 'min_samples_leaf': 1, 'min_samples_split': 2, 'min_weight_fraction_leaf': 0.0, 'monotonic_cst': None, 'n_estimators': 150, 'n_jobs': None, 'oob_score': False, 'random_state': 42, 'verbose': 0, 'warm_start': False}",1.1091821193695068
Coffee,8,10,5,2,LinearSVC,HMM_GMM,6,"{'n_components': 4, 'n_mix': 3, 'covariance_type': 'diag'}",0.692,0.6944989150888187,"{'C': np.float64(2.6366508987303554), 'class_weight': 'balanced', 'dual': False, 'fit_intercept': True, 'intercept_scaling': 1, 'loss': 'squared_hinge', 'max_iter': 100, 'multi_class': 'ovr', 'penalty': 'l1', 'random_state': 42, 'tol': 0.0001, 'verbose': 0}",0.05763077735900879
Coffee,8,10,5,2,LogisticRegression,HMM_GMM,6,"{'n_components': 4, 'n_mix': 3, 'covariance_type': 'diag'}",0.742,0.739326068726855,"{'C': np.float64(183.29807108324337), 'class_weight': None, 'dual': False, 'fit_intercept': False, 'intercept_scaling': 1, 'l1_ratio': None, 'max_iter': 100, 'multi_class': 'deprecated', 'n_jobs': None, 'penalty': 'l2', 'random_state': 42, 'solver': 'sag', 'tol': 0.0001, 'verbose': 0, 'warm_start': False}",0.03454422950744629
Coffee,8,10,5,2,KNN,HMM_GMM,7,"{'n_components': 2, 'n_mix': 5, 'covariance_type': 'diag'}",0.784,0.784256159199436,"{'algorithm': 'auto', 'leaf_size': 30, 'metric': 'chebyshev', 'metric_params': None, 'n_jobs': None, 'n_neighbors': np.int64(5), 'p': 2, 'weights': 'uniform'}",0.027947187423706055
Coffee,8,10,5,2,RandomForest,HMM_GMM,7,"{'n_components': 2, 'n_mix': 5, 'covariance_type': 'diag'}",0.628,0.6129914529914529,"{'bootstrap': True, 'ccp_alpha': 0.0, 'class_weight': 'balanced', 'criterion': 'gini', 'max_depth': 10, 'max_features': 'sqrt', 'max_leaf_nodes': None, 'max_samples': None, 'min_impurity_decrease': 0.0, 'min_samples_leaf': 1, 'min_samples_split': 2, 'min_weight_fraction_leaf': 0.0, 'monotonic_cst': None, 'n_estimators': 100, 'n_jobs': None, 'oob_score': False, 'random_state': 42, 'verbose': 0, 'warm_start': False}",0.5990505218505859
Coffee,8,10,5,2,LinearSVC,HMM_GMM,7,"{'n_components': 2, 'n_mix': 5, 'covariance_type': 'diag'}",0.64,0.6441161892903754,"{'C': np.float64(183.29807108324337), 'class_weight': 'balanced', 'dual': False, 'fit_intercept': True, 'intercept_scaling': 1, 'loss': 'squared_hinge', 'max_iter': 100, 'multi_class': 'ovr', 'penalty': 'l1', 'random_state': 42, 'tol': 0.0001, 'verbose': 0}",0.041471004486083984
Coffee,8,10,5,2,LogisticRegression,HMM_GMM,7,"{'n_components': 2, 'n_mix': 5, 'covariance_type': 'diag'}",0.712,0.7088264025026626,"{'C': np.float64(183.29807108324337), 'class_weight': None, 'dual': False, 'fit_intercept': False, 'intercept_scaling': 1, 'l1_ratio': None, 'max_iter': 100, 'multi_class': 'deprecated', 'n_jobs': None, 'penalty': 'l2', 'random_state': 42, 'solver': 'sag', 'tol': 0.0001, 'verbose': 0, 'warm_start': False}",0.03555798530578613
Coffee,8,10,5,2,KNN,HMM_GMM,8,"{'n_components': 1, 'n_mix': 3, 'covariance_type': 'full'}",0.736,0.7388297159005285,"{'algorithm': 'auto', 'leaf_size': 30, 'metric': 'chebyshev', 'metric_params': None, 'n_jobs': None, 'n_neighbors': np.int64(5), 'p': 2, 'weights': 'uniform'}",0.025014162063598633
Coffee,8,10,5,2,RandomForest,HMM_GMM,8,"{'n_components': 1, 'n_mix': 3, 'covariance_type': 'full'}",0.784,0.7792533257142988,"{'bootstrap': True, 'ccp_alpha': 0.0, 'class_weight': None, 'criterion': 'gini', 'max_depth': 20, 'max_features': 'sqrt', 'max_leaf_nodes': None, 'max_samples': None, 'min_impurity_decrease': 0.0, 'min_samples_leaf': 1, 'min_samples_split': 2, 'min_weight_fraction_leaf': 0.0, 'monotonic_cst': None, 'n_estimators': 100, 'n_jobs': None, 'oob_score': False, 'random_state': 42, 'verbose': 0, 'warm_start': False}",0.5861358642578125
Coffee,8,10,5,2,LinearSVC,HMM_GMM,8,"{'n_components': 1, 'n_mix': 3, 'covariance_type': 'full'}",0.728,0.729936587339618,"{'C': np.float64(33.59818286283781), 'class_weight': None, 'dual': False, 'fit_intercept': True, 'intercept_scaling': 1, 'loss': 'squared_hinge', 'max_iter': 100, 'multi_class': 'ovr', 'penalty': 'l1', 'random_state': 42, 'tol': 0.001, 'verbose': 0}",0.045563697814941406
Coffee,8,10,5,2,LogisticRegression,HMM_GMM,8,"{'n_components': 1, 'n_mix': 3, 'covariance_type': 'full'}",0.77,0.7685903031659854,"{'C': np.float64(33.59818286283781), 'class_weight': None, 'dual': False, 'fit_intercept': True, 'intercept_scaling': 1, 'l1_ratio': None, 'max_iter': 100, 'multi_class': 'deprecated', 'n_jobs': None, 'penalty': 'l2', 'random_state': 42, 'solver': 'saga', 'tol': 0.0001, 'verbose': 0, 'warm_start': False}",0.14444470405578613
Coffee,8,10,5,2,KNN,HMM_GMM,9,"{'n_components': 5, 'n_mix': 1, 'covariance_type': 'diag'}",0.684,0.6851479221492813,"{'algorithm': 'auto', 'leaf_size': 30, 'metric': 'chebyshev', 'metric_params': None, 'n_jobs': None, 'n_neighbors': np.int64(5), 'p': 2, 'weights': 'uniform'}",0.02481818199157715
Coffee,8,10,5,2,RandomForest,HMM_GMM,9,"{'n_components': 5, 'n_mix': 1, 'covariance_type': 'diag'}",0.684,0.6693802941639679,"{'bootstrap': True, 'ccp_alpha': 0.0, 'class_weight': 'balanced', 'criterion': 'gini', 'max_depth': 30, 'max_features': 'sqrt', 'max_leaf_nodes': None, 'max_samples': None, 'min_impurity_decrease': 0.0, 'min_samples_leaf': 1, 'min_samples_split': 2, 'min_weight_fraction_leaf': 0.0, 'monotonic_cst': None, 'n_estimators': 150, 'n_jobs': None, 'oob_score': False, 'random_state': 42, 'verbose': 0, 'warm_start': False}",0.9290134906768799
Coffee,8,10,5,2,LinearSVC,HMM_GMM,9,"{'n_components': 5, 'n_mix': 1, 'covariance_type': 'diag'}",0.66,0.6505753204781939,"{'C': np.float64(33.59818286283781), 'class_weight': 'balanced', 'dual': False, 'fit_intercept': True, 'intercept_scaling': 1, 'loss': 'squared_hinge', 'max_iter': 100, 'multi_class': 'ovr', 'penalty': 'l1', 'random_state': 42, 'tol': 0.001, 'verbose': 0}",0.04686403274536133
Coffee,8,10,5,2,LogisticRegression,HMM_GMM,9,"{'n_components': 5, 'n_mix': 1, 'covariance_type': 'diag'}",0.774,0.7713303859645323,"{'C': np.float64(33.59818286283781), 'class_weight': None, 'dual': False, 'fit_intercept': True, 'intercept_scaling': 1, 'l1_ratio': None, 'max_iter': 100, 'multi_class': 'deprecated', 'n_jobs': None, 'penalty': 'l2', 'random_state': 42, 'solver': 'saga', 'tol': 0.0001, 'verbose': 0, 'warm_start': False}",0.14399099349975586
Coffee,8,10,5,2,KNN,HMM_GMM,10,"{'n_components': 3, 'n_mix': 5, 'covariance_type': 'diag'}",0.756,0.7579701419680266,"{'algorithm': 'auto', 'leaf_size': 30, 'metric': 'chebyshev', 'metric_params': None, 'n_jobs': None, 'n_neighbors': np.int64(5), 'p': 2, 'weights': 'uniform'}",0.024977445602416992
Coffee,8,10,5,2,RandomForest,HMM_GMM,10,"{'n_components': 3, 'n_mix': 5, 'covariance_type': 'diag'}",0.624,0.5918300653594771,"{'bootstrap': True, 'ccp_alpha': 0.0, 'class_weight': None, 'criterion': 'gini', 'max_depth': 20, 'max_features': 'sqrt', 'max_leaf_nodes': None, 'max_samples': None, 'min_impurity_decrease': 0.0, 'min_samples_leaf': 1, 'min_samples_split': 2, 'min_weight_fraction_leaf': 0.0, 'monotonic_cst': None, 'n_estimators': 100, 'n_jobs': None, 'oob_score': False, 'random_state': 42, 'verbose': 0, 'warm_start': False}",0.6804547309875488
Coffee,8,10,5,2,LinearSVC,HMM_GMM,10,"{'n_components': 3, 'n_mix': 5, 'covariance_type': 'diag'}",0.574,0.5614992088059207,"{'C': np.float64(183.29807108324337), 'class_weight': None, 'dual': False, 'fit_intercept': True, 'intercept_scaling': 1, 'loss': 'squared_hinge', 'max_iter': 100, 'multi_class': 'ovr', 'penalty': 'l1', 'random_state': 42, 'tol': 0.001, 'verbose': 0}",0.04897928237915039
Coffee,8,10,5,2,LogisticRegression,HMM_GMM,10,"{'n_components': 3, 'n_mix': 5, 'covariance_type': 'diag'}",0.69,0.6920202222876463,"{'C': np.float64(1.1288378916846884), 'class_weight': None, 'dual': False, 'fit_intercept': False, 'intercept_scaling': 1, 'l1_ratio': None, 'max_iter': 100, 'multi_class': 'deprecated', 'n_jobs': None, 'penalty': 'l2', 'random_state': 42, 'solver': 'lbfgs', 'tol': 0.0001, 'verbose': 0, 'warm_start': False}",0.034447669982910156
Coffee,8,10,5,3,KNN,HMM_GMM,1,"{'n_components': 2, 'n_mix': 1, 'covariance_type': 'diag'}",0.658,0.6560636543996422,"{'algorithm': 'auto', 'leaf_size': 30, 'metric': 'euclidean', 'metric_params': None, 'n_jobs': None, 'n_neighbors': np.int64(9), 'p': 2, 'weights': 'distance'}",0.01649188995361328
Coffee,8,10,5,3,RandomForest,HMM_GMM,1,"{'n_components': 2, 'n_mix': 1, 'covariance_type': 'diag'}",0.596,0.5811034586369647,"{'bootstrap': True, 'ccp_alpha': 0.0, 'class_weight': 'balanced', 'criterion': 'gini', 'max_depth': None, 'max_features': 'sqrt', 'max_leaf_nodes': None, 'max_samples': None, 'min_impurity_decrease': 0.0, 'min_samples_leaf': 1, 'min_samples_split': 2, 'min_weight_fraction_leaf': 0.0, 'monotonic_cst': None, 'n_estimators': 50, 'n_jobs': None, 'oob_score': False, 'random_state': 42, 'verbose': 0, 'warm_start': False}",0.4382307529449463
Coffee,8,10,5,3,LinearSVC,HMM_GMM,1,"{'n_components': 2, 'n_mix': 1, 'covariance_type': 'diag'}",0.476,0.4881468304148717,"{'C': np.float64(33.59818286283781), 'class_weight': 'balanced', 'dual': False, 'fit_intercept': True, 'intercept_scaling': 1, 'loss': 'squared_hinge', 'max_iter': 100, 'multi_class': 'ovr', 'penalty': 'l1', 'random_state': 42, 'tol': 0.001, 'verbose': 0}",0.03259396553039551
Coffee,8,10,5,3,LogisticRegression,HMM_GMM,1,"{'n_components': 2, 'n_mix': 1, 'covariance_type': 'diag'}",0.458,0.4520751922703735,"{'C': np.float64(33.59818286283781), 'class_weight': 'balanced', 'dual': False, 'fit_intercept': True, 'intercept_scaling': 1, 'l1_ratio': None, 'max_iter': 100, 'multi_class': 'deprecated', 'n_jobs': None, 'penalty': 'l1', 'random_state': 42, 'solver': 'saga', 'tol': 0.0001, 'verbose': 0, 'warm_start': False}",0.12236237525939941
Coffee,8,10,5,3,KNN,HMM_GMM,2,"{'n_components': 2, 'n_mix': 4, 'covariance_type': 'tied'}",0.668,0.6698593475569375,"{'algorithm': 'auto', 'leaf_size': 30, 'metric': 'minkowski', 'metric_params': None, 'n_jobs': None, 'n_neighbors': np.int64(13), 'p': 4, 'weights': 'distance'}",0.032817840576171875
Coffee,8,10,5,3,RandomForest,HMM_GMM,2,"{'n_components': 2, 'n_mix': 4, 'covariance_type': 'tied'}",0.692,0.683735810113519,"{'bootstrap': True, 'ccp_alpha': 0.0, 'class_weight': None, 'criterion': 'gini', 'max_depth': None, 'max_features': 'sqrt', 'max_leaf_nodes': None, 'max_samples': None, 'min_impurity_decrease': 0.0, 'min_samples_leaf': 4, 'min_samples_split': 2, 'min_weight_fraction_leaf': 0.0, 'monotonic_cst': None, 'n_estimators': 50, 'n_jobs': None, 'oob_score': False, 'random_state': 42, 'verbose': 0, 'warm_start': False}",0.3652982711791992
Coffee,8,10,5,3,LinearSVC,HMM_GMM,2,"{'n_components': 2, 'n_mix': 4, 'covariance_type': 'tied'}",0.736,0.7370122235354748,"{'C': np.float64(33.59818286283781), 'class_weight': None, 'dual': False, 'fit_intercept': True, 'intercept_scaling': 1, 'loss': 'squared_hinge', 'max_iter': 100, 'multi_class': 'ovr', 'penalty': 'l1', 'random_state': 42, 'tol': 0.001, 'verbose': 0}",0.08071660995483398
Coffee,8,10,5,3,LogisticRegression,HMM_GMM,2,"{'n_components': 2, 'n_mix': 4, 'covariance_type': 'tied'}",0.774,0.7732181626161798,"{'C': np.float64(33.59818286283781), 'class_weight': 'balanced', 'dual': False, 'fit_intercept': True, 'intercept_scaling': 1, 'l1_ratio': None, 'max_iter': 100, 'multi_class': 'deprecated', 'n_jobs': None, 'penalty': 'l1', 'random_state': 42, 'solver': 'saga', 'tol': 0.0001, 'verbose': 0, 'warm_start': False}",0.3147733211517334
Coffee,8,10,5,3,KNN,HMM_GMM,3,"{'n_components': 1, 'n_mix': 3, 'covariance_type': 'diag'}",0.66,0.6590743634378495,"{'algorithm': 'auto', 'leaf_size': 30, 'metric': 'chebyshev', 'metric_params': None, 'n_jobs': None, 'n_neighbors': np.int64(5), 'p': 2, 'weights': 'uniform'}",0.07796716690063477
Coffee,8,10,5,3,RandomForest,HMM_GMM,3,"{'n_components': 1, 'n_mix': 3, 'covariance_type': 'diag'}",0.704,0.6925020888162292,"{'bootstrap': True, 'ccp_alpha': 0.0, 'class_weight': None, 'criterion': 'gini', 'max_depth': None, 'max_features': 'sqrt', 'max_leaf_nodes': None, 'max_samples': None, 'min_impurity_decrease': 0.0, 'min_samples_leaf': 4, 'min_samples_split': 2, 'min_weight_fraction_leaf': 0.0, 'monotonic_cst': None, 'n_estimators': 50, 'n_jobs': None, 'oob_score': False, 'random_state': 42, 'verbose': 0, 'warm_start': False}",0.3904149532318115
Coffee,8,10,5,3,LinearSVC,HMM_GMM,3,"{'n_components': 1, 'n_mix': 3, 'covariance_type': 'diag'}",0.476,0.49227102873295375,"{'C': np.float64(33.59818286283781), 'class_weight': 'balanced', 'dual': False, 'fit_intercept': True, 'intercept_scaling': 1, 'loss': 'squared_hinge', 'max_iter': 100, 'multi_class': 'ovr', 'penalty': 'l1', 'random_state': 42, 'tol': 0.0001, 'verbose': 0}",0.04945206642150879
Coffee,8,10,5,3,LogisticRegression,HMM_GMM,3,"{'n_components': 1, 'n_mix': 3, 'covariance_type': 'diag'}",0.456,0.4423728813559322,"{'C': np.float64(33.59818286283781), 'class_weight': 'balanced', 'dual': False, 'fit_intercept': True, 'intercept_scaling': 1, 'l1_ratio': None, 'max_iter': 100, 'multi_class': 'deprecated', 'n_jobs': None, 'penalty': 'l2', 'random_state': 42, 'solver': 'saga', 'tol': 0.0001, 'verbose': 0, 'warm_start': False}",0.04106569290161133
Coffee,8,10,5,3,KNN,HMM_GMM,4,"{'n_components': 4, 'n_mix': 3, 'covariance_type': 'diag'}",0.656,0.6550658808476585,"{'algorithm': 'auto', 'leaf_size': 30, 'metric': 'euclidean', 'metric_params': None, 'n_jobs': None, 'n_neighbors': np.int64(9), 'p': 2, 'weights': 'distance'}",0.016927242279052734
Coffee,8,10,5,3,RandomForest,HMM_GMM,4,"{'n_components': 4, 'n_mix': 3, 'covariance_type': 'diag'}",0.696,0.6832560170766867,"{'bootstrap': True, 'ccp_alpha': 0.0, 'class_weight': 'balanced', 'criterion': 'gini', 'max_depth': 30, 'max_features': 'sqrt', 'max_leaf_nodes': None, 'max_samples': None, 'min_impurity_decrease': 0.0, 'min_samples_leaf': 1, 'min_samples_split': 2, 'min_weight_fraction_leaf': 0.0, 'monotonic_cst': None, 'n_estimators': 150, 'n_jobs': None, 'oob_score': False, 'random_state': 42, 'verbose': 0, 'warm_start': False}",1.1525673866271973
Coffee,8,10,5,3,LinearSVC,HMM_GMM,4,"{'n_components': 4, 'n_mix': 3, 'covariance_type': 'diag'}",0.684,0.6868499520644413,"{'C': np.float64(1000.0), 'class_weight': 'balanced', 'dual': False, 'fit_intercept': True, 'intercept_scaling': 1, 'loss': 'squared_hinge', 'max_iter': 100, 'multi_class': 'ovr', 'penalty': 'l2', 'random_state': 42, 'tol': 0.001, 'verbose': 0}",0.02495718002319336
Coffee,8,10,5,3,LogisticRegression,HMM_GMM,4,"{'n_components': 4, 'n_mix': 3, 'covariance_type': 'diag'}",0.672,0.6749465899066764,"{'C': np.float64(1000.0), 'class_weight': 'balanced', 'dual': False, 'fit_intercept': True, 'intercept_scaling': 1, 'l1_ratio': None, 'max_iter': 100, 'multi_class': 'deprecated', 'n_jobs': None, 'penalty': 'l2', 'random_state': 42, 'solver': 'sag', 'tol': 0.0001, 'verbose': 0, 'warm_start': False}",0.20581436157226562
Coffee,8,10,5,3,KNN,HMM_GMM,5,"{'n_components': 1, 'n_mix': 1, 'covariance_type': 'tied'}",0.814,0.8191731285039152,"{'algorithm': 'auto', 'leaf_size': 30, 'metric': 'minkowski', 'metric_params': None, 'n_jobs': None, 'n_neighbors': np.int64(13), 'p': 4, 'weights': 'distance'}",0.035856008529663086
Coffee,8,10,5,3,RandomForest,HMM_GMM,5,"{'n_components': 1, 'n_mix': 1, 'covariance_type': 'tied'}",0.798,0.7967590998916301,"{'bootstrap': True, 'ccp_alpha': 0.0, 'class_weight': 'balanced', 'criterion': 'gini', 'max_depth': 30, 'max_features': 'sqrt', 'max_leaf_nodes': None, 'max_samples': None, 'min_impurity_decrease': 0.0, 'min_samples_leaf': 1, 'min_samples_split': 2, 'min_weight_fraction_leaf': 0.0, 'monotonic_cst': None, 'n_estimators': 150, 'n_jobs': None, 'oob_score': False, 'random_state': 42, 'verbose': 0, 'warm_start': False}",1.236609935760498
Coffee,8,10,5,3,LinearSVC,HMM_GMM,5,"{'n_components': 1, 'n_mix': 1, 'covariance_type': 'tied'}",0.704,0.7059631657541066,"{'C': np.float64(2.6366508987303554), 'class_weight': 'balanced', 'dual': False, 'fit_intercept': True, 'intercept_scaling': 1, 'loss': 'squared_hinge', 'max_iter': 100, 'multi_class': 'ovr', 'penalty': 'l1', 'random_state': 42, 'tol': 0.0001, 'verbose': 0}",0.07815909385681152
Coffee,8,10,5,3,LogisticRegression,HMM_GMM,5,"{'n_components': 1, 'n_mix': 1, 'covariance_type': 'tied'}",0.684,0.6921113684337865,"{'C': np.float64(1000.0), 'class_weight': 'balanced', 'dual': False, 'fit_intercept': True, 'intercept_scaling': 1, 'l1_ratio': None, 'max_iter': 100, 'multi_class': 'deprecated', 'n_jobs': None, 'penalty': 'l2', 'random_state': 42, 'solver': 'sag', 'tol': 0.0001, 'verbose': 0, 'warm_start': False}",0.21748995780944824
Coffee,8,10,5,3,KNN,HMM_GMM,6,"{'n_components': 4, 'n_mix': 3, 'covariance_type': 'diag'}",0.656,0.6550658808476585,"{'algorithm': 'auto', 'leaf_size': 30, 'metric': 'euclidean', 'metric_params': None, 'n_jobs': None, 'n_neighbors': np.int64(9), 'p': 2, 'weights': 'distance'}",0.018472671508789062
Coffee,8,10,5,3,RandomForest,HMM_GMM,6,"{'n_components': 4, 'n_mix': 3, 'covariance_type': 'diag'}",0.692,0.6785465370453455,"{'bootstrap': True, 'ccp_alpha': 0.0, 'class_weight': 'balanced', 'criterion': 'gini', 'max_depth': 30, 'max_features': 'sqrt', 'max_leaf_nodes': None, 'max_samples': None, 'min_impurity_decrease': 0.0, 'min_samples_leaf': 1, 'min_samples_split': 2, 'min_weight_fraction_leaf': 0.0, 'monotonic_cst': None, 'n_estimators': 150, 'n_jobs': None, 'oob_score': False, 'random_state': 42, 'verbose': 0, 'warm_start': False}",1.1572189331054688
Coffee,8,10,5,3,LinearSVC,HMM_GMM,6,"{'n_components': 4, 'n_mix': 3, 'covariance_type': 'diag'}",0.684,0.6868499520644413,"{'C': np.float64(1000.0), 'class_weight': 'balanced', 'dual': False, 'fit_intercept': True, 'intercept_scaling': 1, 'loss': 'squared_hinge', 'max_iter': 100, 'multi_class': 'ovr', 'penalty': 'l2', 'random_state': 42, 'tol': 0.001, 'verbose': 0}",0.02550029754638672
Coffee,8,10,5,3,LogisticRegression,HMM_GMM,6,"{'n_components': 4, 'n_mix': 3, 'covariance_type': 'diag'}",0.672,0.6749465899066764,"{'C': np.float64(1000.0), 'class_weight': 'balanced', 'dual': False, 'fit_intercept': True, 'intercept_scaling': 1, 'l1_ratio': None, 'max_iter': 100, 'multi_class': 'deprecated', 'n_jobs': None, 'penalty': 'l2', 'random_state': 42, 'solver': 'sag', 'tol': 0.0001, 'verbose': 0, 'warm_start': False}",0.13848376274108887
Coffee,8,10,5,3,KNN,HMM_GMM,7,"{'n_components': 2, 'n_mix': 5, 'covariance_type': 'diag'}",0.716,0.7191901783242097,"{'algorithm': 'auto', 'leaf_size': 30, 'metric': 'minkowski', 'metric_params': None, 'n_jobs': None, 'n_neighbors': np.int64(13), 'p': 4, 'weights': 'distance'}",0.0366361141204834
Coffee,8,10,5,3,RandomForest,HMM_GMM,7,"{'n_components': 2, 'n_mix': 5, 'covariance_type': 'diag'}",0.74,0.726605273862843,"{'bootstrap': True, 'ccp_alpha': 0.0, 'class_weight': None, 'criterion': 'gini', 'max_depth': 20, 'max_features': 'sqrt', 'max_leaf_nodes': None, 'max_samples': None, 'min_impurity_decrease': 0.0, 'min_samples_leaf': 4, 'min_samples_split': 5, 'min_weight_fraction_leaf': 0.0, 'monotonic_cst': None, 'n_estimators': 150, 'n_jobs': None, 'oob_score': False, 'random_state': 42, 'verbose': 0, 'warm_start': False}",1.1693437099456787
Coffee,8,10,5,3,LinearSVC,HMM_GMM,7,"{'n_components': 2, 'n_mix': 5, 'covariance_type': 'diag'}",0.57,0.5689997921210748,"{'C': np.float64(2.6366508987303554), 'class_weight': 'balanced', 'dual': False, 'fit_intercept': True, 'intercept_scaling': 1, 'loss': 'squared_hinge', 'max_iter': 100, 'multi_class': 'ovr', 'penalty': 'l1', 'random_state': 42, 'tol': 0.0001, 'verbose': 0}",0.15579533576965332
Coffee,8,10,5,3,LogisticRegression,HMM_GMM,7,"{'n_components': 2, 'n_mix': 5, 'covariance_type': 'diag'}",0.61,0.6156399617826461,"{'C': np.float64(33.59818286283781), 'class_weight': 'balanced', 'dual': False, 'fit_intercept': True, 'intercept_scaling': 1, 'l1_ratio': None, 'max_iter': 100, 'multi_class': 'deprecated', 'n_jobs': None, 'penalty': 'l1', 'random_state': 42, 'solver': 'saga', 'tol': 0.0001, 'verbose': 0, 'warm_start': False}",0.10103607177734375
Coffee,8,10,5,3,KNN,HMM_GMM,8,"{'n_components': 1, 'n_mix': 3, 'covariance_type': 'full'}",0.692,0.6942013719738483,"{'algorithm': 'auto', 'leaf_size': 30, 'metric': 'minkowski', 'metric_params': None, 'n_jobs': None, 'n_neighbors': np.int64(13), 'p': 4, 'weights': 'distance'}",0.027801036834716797
Coffee,8,10,5,3,RandomForest,HMM_GMM,8,"{'n_components': 1, 'n_mix': 3, 'covariance_type': 'full'}",0.776,0.768974538006796,"{'bootstrap': True, 'ccp_alpha': 0.0, 'class_weight': None, 'criterion': 'gini', 'max_depth': 20, 'max_features': 'sqrt', 'max_leaf_nodes': None, 'max_samples': None, 'min_impurity_decrease': 0.0, 'min_samples_leaf': 4, 'min_samples_split': 5, 'min_weight_fraction_leaf': 0.0, 'monotonic_cst': None, 'n_estimators': 150, 'n_jobs': None, 'oob_score': False, 'random_state': 42, 'verbose': 0, 'warm_start': False}",1.136690378189087
Coffee,8,10,5,3,LinearSVC,HMM_GMM,8,"{'n_components': 1, 'n_mix': 3, 'covariance_type': 'full'}",0.724,0.7261452491011813,"{'C': np.float64(2.6366508987303554), 'class_weight': 'balanced', 'dual': False, 'fit_intercept': True, 'intercept_scaling': 1, 'loss': 'squared_hinge', 'max_iter': 100, 'multi_class': 'ovr', 'penalty': 'l1', 'random_state': 42, 'tol': 0.0001, 'verbose': 0}",0.08228158950805664
Coffee,8,10,5,3,LogisticRegression,HMM_GMM,8,"{'n_components': 1, 'n_mix': 3, 'covariance_type': 'full'}",0.768,0.7658335826163621,"{'C': np.float64(2.6366508987303554), 'class_weight': 'balanced', 'dual': False, 'fit_intercept': True, 'intercept_scaling': 1, 'l1_ratio': None, 'max_iter': 100, 'multi_class': 'deprecated', 'n_jobs': None, 'penalty': 'l1', 'random_state': 42, 'solver': 'saga', 'tol': 0.0001, 'verbose': 0, 'warm_start': False}",0.306398868560791
Coffee,8,10,5,3,KNN,HMM_GMM,9,"{'n_components': 5, 'n_mix': 1, 'covariance_type': 'diag'}",0.676,0.6773109243697479,"{'algorithm': 'auto', 'leaf_size': 30, 'metric': 'minkowski', 'metric_params': None, 'n_jobs': None, 'n_neighbors': np.int64(13), 'p': 4, 'weights': 'distance'}",0.03257298469543457
Coffee,8,10,5,3,RandomForest,HMM_GMM,9,"{'n_components': 5, 'n_mix': 1, 'covariance_type': 'diag'}",0.692,0.6732128538053369,"{'bootstrap': True, 'ccp_alpha': 0.0, 'class_weight': 'balanced', 'criterion': 'gini', 'max_depth': None, 'max_features': 'sqrt', 'max_leaf_nodes': None, 'max_samples': None, 'min_impurity_decrease': 0.0, 'min_samples_leaf': 1, 'min_samples_split': 2, 'min_weight_fraction_leaf': 0.0, 'monotonic_cst': None, 'n_estimators': 50, 'n_jobs': None, 'oob_score': False, 'random_state': 42, 'verbose': 0, 'warm_start': False}",0.34978222846984863
Coffee,8,10,5,3,LinearSVC,HMM_GMM,9,"{'n_components': 5, 'n_mix': 1, 'covariance_type': 'diag'}",0.534,0.5157790858693343,"{'C': np.float64(33.59818286283781), 'class_weight': 'balanced', 'dual': False, 'fit_intercept': True, 'intercept_scaling': 1, 'loss': 'squared_hinge', 'max_iter': 100, 'multi_class': 'ovr', 'penalty': 'l1', 'random_state': 42, 'tol': 0.001, 'verbose': 0}",0.057381629943847656
Coffee,8,10,5,3,LogisticRegression,HMM_GMM,9,"{'n_components': 5, 'n_mix': 1, 'covariance_type': 'diag'}",0.7,0.6956383635238358,"{'C': np.float64(183.29807108324337), 'class_weight': None, 'dual': False, 'fit_intercept': True, 'intercept_scaling': 1, 'l1_ratio': None, 'max_iter': 100, 'multi_class': 'deprecated', 'n_jobs': None, 'penalty': 'l2', 'random_state': 42, 'solver': 'saga', 'tol': 0.0001, 'verbose': 0, 'warm_start': False}",0.21356558799743652
Coffee,8,10,5,3,KNN,HMM_GMM,10,"{'n_components': 3, 'n_mix': 5, 'covariance_type': 'diag'}",0.65,0.6479579460868833,"{'algorithm': 'auto', 'leaf_size': 30, 'metric': 'euclidean', 'metric_params': None, 'n_jobs': None, 'n_neighbors': np.int64(9), 'p': 2, 'weights': 'distance'}",0.01564311981201172
Coffee,8,10,5,3,RandomForest,HMM_GMM,10,"{'n_components': 3, 'n_mix': 5, 'covariance_type': 'diag'}",0.61,0.5753313124843721,"{'bootstrap': True, 'ccp_alpha': 0.0, 'class_weight': None, 'criterion': 'gini', 'max_depth': None, 'max_features': 'sqrt', 'max_leaf_nodes': None, 'max_samples': None, 'min_impurity_decrease': 0.0, 'min_samples_leaf': 4, 'min_samples_split': 2, 'min_weight_fraction_leaf': 0.0, 'monotonic_cst': None, 'n_estimators': 50, 'n_jobs': None, 'oob_score': False, 'random_state': 42, 'verbose': 0, 'warm_start': False}",0.36137986183166504
Coffee,8,10,5,3,LinearSVC,HMM_GMM,10,"{'n_components': 3, 'n_mix': 5, 'covariance_type': 'diag'}",0.572,0.5478795298423945,"{'C': np.float64(0.4832930238571752), 'class_weight': None, 'dual': False, 'fit_intercept': True, 'intercept_scaling': 1, 'loss': 'squared_hinge', 'max_iter': 100, 'multi_class': 'ovr', 'penalty': 'l1', 'random_state': 42, 'tol': 0.0001, 'verbose': 0}",0.06616425514221191
Coffee,8,10,5,3,LogisticRegression,HMM_GMM,10,"{'n_components': 3, 'n_mix': 5, 'covariance_type': 'diag'}",0.566,0.5631891307620916,"{'C': np.float64(2.6366508987303554), 'class_weight': 'balanced', 'dual': False, 'fit_intercept': True, 'intercept_scaling': 1, 'l1_ratio': None, 'max_iter': 100, 'multi_class': 'deprecated', 'n_jobs': None, 'penalty': 'l1', 'random_state': 42, 'solver': 'saga', 'tol': 0.0001, 'verbose': 0, 'warm_start': False}",0.3080918788909912
Coffee,8,10,5,5,KNN,HMM_GMM,1,"{'n_components': 2, 'n_mix': 1, 'covariance_type': 'diag'}",0.656,0.6557274012151426,"{'algorithm': 'auto', 'leaf_size': 30, 'metric': 'minkowski', 'metric_params': None, 'n_jobs': None, 'n_neighbors': 5, 'p': 2, 'weights': 'uniform'}",0.039101362228393555
Coffee,8,10,5,5,RandomForest,HMM_GMM,1,"{'n_components': 2, 'n_mix': 1, 'covariance_type': 'diag'}",0.626,0.6037191532350645,"{'bootstrap': True, 'ccp_alpha': 0.0, 'class_weight': None, 'criterion': 'gini', 'max_depth': None, 'max_features': 'sqrt', 'max_leaf_nodes': None, 'max_samples': None, 'min_impurity_decrease': 0.0, 'min_samples_leaf': 1, 'min_samples_split': 2, 'min_weight_fraction_leaf': 0.0, 'monotonic_cst': None, 'n_estimators': 100, 'n_jobs': None, 'oob_score': False, 'random_state': 42, 'verbose': 0, 'warm_start': False}",0.8448286056518555
Coffee,8,10,5,5,LinearSVC,HMM_GMM,1,"{'n_components': 2, 'n_mix': 1, 'covariance_type': 'diag'}",0.476,0.4881468304148717,"{'C': 1.0, 'class_weight': None, 'dual': False, 'fit_intercept': True, 'intercept_scaling': 1, 'loss': 'squared_hinge', 'max_iter': 100, 'multi_class': 'ovr', 'penalty': 'l2', 'random_state': 42, 'tol': 0.0001, 'verbose': 0}",0.03081226348876953
Coffee,8,10,5,5,LogisticRegression,HMM_GMM,1,"{'n_components': 2, 'n_mix': 1, 'covariance_type': 'diag'}",0.438,0.4266240236176887,"{'C': 1.0, 'class_weight': None, 'dual': False, 'fit_intercept': True, 'intercept_scaling': 1, 'l1_ratio': None, 'max_iter': 100, 'multi_class': 'deprecated', 'n_jobs': None, 'penalty': 'l2', 'random_state': 42, 'solver': 'lbfgs', 'tol': 0.0001, 'verbose': 0, 'warm_start': False}",0.047658443450927734
Coffee,8,10,5,5,KNN,HMM_GMM,2,"{'n_components': 2, 'n_mix': 4, 'covariance_type': 'tied'}",0.652,0.6535350405198561,"{'algorithm': 'auto', 'leaf_size': 30, 'metric': 'minkowski', 'metric_params': None, 'n_jobs': None, 'n_neighbors': 5, 'p': 2, 'weights': 'uniform'}",0.03548908233642578
Coffee,8,10,5,5,RandomForest,HMM_GMM,2,"{'n_components': 2, 'n_mix': 4, 'covariance_type': 'tied'}",0.654,0.6365535114680122,"{'bootstrap': True, 'ccp_alpha': 0.0, 'class_weight': None, 'criterion': 'gini', 'max_depth': None, 'max_features': 'sqrt', 'max_leaf_nodes': None, 'max_samples': None, 'min_impurity_decrease': 0.0, 'min_samples_leaf': 1, 'min_samples_split': 2, 'min_weight_fraction_leaf': 0.0, 'monotonic_cst': None, 'n_estimators': 100, 'n_jobs': None, 'oob_score': False, 'random_state': 42, 'verbose': 0, 'warm_start': False}",0.7628297805786133
Coffee,8,10,5,5,LinearSVC,HMM_GMM,2,"{'n_components': 2, 'n_mix': 4, 'covariance_type': 'tied'}",0.732,0.7344772310304224,"{'C': 1.0, 'class_weight': None, 'dual': False, 'fit_intercept': True, 'intercept_scaling': 1, 'loss': 'squared_hinge', 'max_iter': 100, 'multi_class': 'ovr', 'penalty': 'l2', 'random_state': 42, 'tol': 0.0001, 'verbose': 0}",0.0436100959777832
Coffee,8,10,5,5,LogisticRegression,HMM_GMM,2,"{'n_components': 2, 'n_mix': 4, 'covariance_type': 'tied'}",0.746,0.7469270975253289,"{'C': 1.0, 'class_weight': None, 'dual': False, 'fit_intercept': True, 'intercept_scaling': 1, 'l1_ratio': None, 'max_iter': 100, 'multi_class': 'deprecated', 'n_jobs': None, 'penalty': 'l2', 'random_state': 42, 'solver': 'lbfgs', 'tol': 0.0001, 'verbose': 0, 'warm_start': False}",0.13565778732299805
Coffee,8,10,5,5,KNN,HMM_GMM,3,"{'n_components': 1, 'n_mix': 3, 'covariance_type': 'diag'}",0.642,0.6405947479395486,"{'algorithm': 'auto', 'leaf_size': 30, 'metric': 'minkowski', 'metric_params': None, 'n_jobs': None, 'n_neighbors': 5, 'p': 2, 'weights': 'uniform'}",0.03632688522338867
Coffee,8,10,5,5,RandomForest,HMM_GMM,3,"{'n_components': 1, 'n_mix': 3, 'covariance_type': 'diag'}",0.68,0.6623650397327587,"{'bootstrap': True, 'ccp_alpha': 0.0, 'class_weight': None, 'criterion': 'gini', 'max_depth': None, 'max_features': 'sqrt', 'max_leaf_nodes': None, 'max_samples': None, 'min_impurity_decrease': 0.0, 'min_samples_leaf': 1, 'min_samples_split': 2, 'min_weight_fraction_leaf': 0.0, 'monotonic_cst': None, 'n_estimators': 100, 'n_jobs': None, 'oob_score': False, 'random_state': 42, 'verbose': 0, 'warm_start': False}",0.9119076728820801
Coffee,8,10,5,5,LinearSVC,HMM_GMM,3,"{'n_components': 1, 'n_mix': 3, 'covariance_type': 'diag'}",0.468,0.4852513819040218,"{'C': 1.0, 'class_weight': None, 'dual': False, 'fit_intercept': True, 'intercept_scaling': 1, 'loss': 'squared_hinge', 'max_iter': 100, 'multi_class': 'ovr', 'penalty': 'l2', 'random_state': 42, 'tol': 0.0001, 'verbose': 0}",0.04046201705932617
Coffee,8,10,5,5,LogisticRegression,HMM_GMM,3,"{'n_components': 1, 'n_mix': 3, 'covariance_type': 'diag'}",0.462,0.45267584982829806,"{'C': 1.0, 'class_weight': None, 'dual': False, 'fit_intercept': True, 'intercept_scaling': 1, 'l1_ratio': None, 'max_iter': 100, 'multi_class': 'deprecated', 'n_jobs': None, 'penalty': 'l2', 'random_state': 42, 'solver': 'lbfgs', 'tol': 0.0001, 'verbose': 0, 'warm_start': False}",0.23313045501708984
Coffee,8,10,5,5,KNN,HMM_GMM,4,"{'n_components': 4, 'n_mix': 3, 'covariance_type': 'diag'}",0.654,0.6544638528492058,"{'algorithm': 'auto', 'leaf_size': 30, 'metric': 'minkowski', 'metric_params': None, 'n_jobs': None, 'n_neighbors': 5, 'p': 2, 'weights': 'uniform'}",0.036827802658081055
Coffee,8,10,5,5,RandomForest,HMM_GMM,4,"{'n_components': 4, 'n_mix': 3, 'covariance_type': 'diag'}",0.68,0.6655496318862655,"{'bootstrap': True, 'ccp_alpha': 0.0, 'class_weight': None, 'criterion': 'gini', 'max_depth': None, 'max_features': 'sqrt', 'max_leaf_nodes': None, 'max_samples': None, 'min_impurity_decrease': 0.0, 'min_samples_leaf': 1, 'min_samples_split': 2, 'min_weight_fraction_leaf': 0.0, 'monotonic_cst': None, 'n_estimators': 100, 'n_jobs': None, 'oob_score': False, 'random_state': 42, 'verbose': 0, 'warm_start': False}",0.819293737411499
Coffee,8,10,5,5,LinearSVC,HMM_GMM,4,"{'n_components': 4, 'n_mix': 3, 'covariance_type': 'diag'}",0.666,0.6680176939529457,"{'C': 1.0, 'class_weight': None, 'dual': False, 'fit_intercept': True, 'intercept_scaling': 1, 'loss': 'squared_hinge', 'max_iter': 100, 'multi_class': 'ovr', 'penalty': 'l2', 'random_state': 42, 'tol': 0.0001, 'verbose': 0}",0.03857922554016113
Coffee,8,10,5,5,LogisticRegression,HMM_GMM,4,"{'n_components': 4, 'n_mix': 3, 'covariance_type': 'diag'}",0.644,0.6460705040909643,"{'C': 1.0, 'class_weight': None, 'dual': False, 'fit_intercept': True, 'intercept_scaling': 1, 'l1_ratio': None, 'max_iter': 100, 'multi_class': 'deprecated', 'n_jobs': None, 'penalty': 'l2', 'random_state': 42, 'solver': 'lbfgs', 'tol': 0.0001, 'verbose': 0, 'warm_start': False}",0.18213152885437012
Coffee,8,10,5,5,KNN,HMM_GMM,5,"{'n_components': 1, 'n_mix': 1, 'covariance_type': 'tied'}",0.806,0.8114399923860283,"{'algorithm': 'auto', 'leaf_size': 30, 'metric': 'minkowski', 'metric_params': None, 'n_jobs': None, 'n_neighbors': 5, 'p': 2, 'weights': 'uniform'}",0.0357663631439209
Coffee,8,10,5,5,RandomForest,HMM_GMM,5,"{'n_components': 1, 'n_mix': 1, 'covariance_type': 'tied'}",0.816,0.8161454211238479,"{'bootstrap': True, 'ccp_alpha': 0.0, 'class_weight': None, 'criterion': 'gini', 'max_depth': None, 'max_features': 'sqrt', 'max_leaf_nodes': None, 'max_samples': None, 'min_impurity_decrease': 0.0, 'min_samples_leaf': 1, 'min_samples_split': 2, 'min_weight_fraction_leaf': 0.0, 'monotonic_cst': None, 'n_estimators': 100, 'n_jobs': None, 'oob_score': False, 'random_state': 42, 'verbose': 0, 'warm_start': False}",0.8674235343933105
Coffee,8,10,5,5,LinearSVC,HMM_GMM,5,"{'n_components': 1, 'n_mix': 1, 'covariance_type': 'tied'}",0.716,0.7186055566977809,"{'C': 1.0, 'class_weight': None, 'dual': False, 'fit_intercept': True, 'intercept_scaling': 1, 'loss': 'squared_hinge', 'max_iter': 100, 'multi_class': 'ovr', 'penalty': 'l2', 'random_state': 42, 'tol': 0.0001, 'verbose': 0}",0.05048227310180664
Coffee,8,10,5,5,LogisticRegression,HMM_GMM,5,"{'n_components': 1, 'n_mix': 1, 'covariance_type': 'tied'}",0.606,0.6171253158803228,"{'C': 1.0, 'class_weight': None, 'dual': False, 'fit_intercept': True, 'intercept_scaling': 1, 'l1_ratio': None, 'max_iter': 100, 'multi_class': 'deprecated', 'n_jobs': None, 'penalty': 'l2', 'random_state': 42, 'solver': 'lbfgs', 'tol': 0.0001, 'verbose': 0, 'warm_start': False}",0.17739200592041016
Coffee,8,10,5,5,KNN,HMM_GMM,6,"{'n_components': 4, 'n_mix': 3, 'covariance_type': 'diag'}",0.654,0.6544638528492058,"{'algorithm': 'auto', 'leaf_size': 30, 'metric': 'minkowski', 'metric_params': None, 'n_jobs': None, 'n_neighbors': 5, 'p': 2, 'weights': 'uniform'}",0.044350624084472656
Coffee,8,10,5,5,RandomForest,HMM_GMM,6,"{'n_components': 4, 'n_mix': 3, 'covariance_type': 'diag'}",0.696,0.6834394346738965,"{'bootstrap': True, 'ccp_alpha': 0.0, 'class_weight': None, 'criterion': 'gini', 'max_depth': None, 'max_features': 'sqrt', 'max_leaf_nodes': None, 'max_samples': None, 'min_impurity_decrease': 0.0, 'min_samples_leaf': 1, 'min_samples_split': 2, 'min_weight_fraction_leaf': 0.0, 'monotonic_cst': None, 'n_estimators': 100, 'n_jobs': None, 'oob_score': False, 'random_state': 42, 'verbose': 0, 'warm_start': False}",1.1169781684875488
Coffee,8,10,5,5,LinearSVC,HMM_GMM,6,"{'n_components': 4, 'n_mix': 3, 'covariance_type': 'diag'}",0.666,0.6680176939529457,"{'C': 1.0, 'class_weight': None, 'dual': False, 'fit_intercept': True, 'intercept_scaling': 1, 'loss': 'squared_hinge', 'max_iter': 100, 'multi_class': 'ovr', 'penalty': 'l2', 'random_state': 42, 'tol': 0.0001, 'verbose': 0}",0.04557490348815918
Coffee,8,10,5,5,LogisticRegression,HMM_GMM,6,"{'n_components': 4, 'n_mix': 3, 'covariance_type': 'diag'}",0.64,0.6430590239309586,"{'C': 1.0, 'class_weight': None, 'dual': False, 'fit_intercept': True, 'intercept_scaling': 1, 'l1_ratio': None, 'max_iter': 100, 'multi_class': 'deprecated', 'n_jobs': None, 'penalty': 'l2', 'random_state': 42, 'solver': 'lbfgs', 'tol': 0.0001, 'verbose': 0, 'warm_start': False}",0.13791680335998535
Coffee,8,10,5,5,KNN,HMM_GMM,7,"{'n_components': 2, 'n_mix': 5, 'covariance_type': 'diag'}",0.69,0.6910526411809723,"{'algorithm': 'auto', 'leaf_size': 30, 'metric': 'minkowski', 'metric_params': None, 'n_jobs': None, 'n_neighbors': 5, 'p': 2, 'weights': 'uniform'}",0.04521322250366211
Coffee,8,10,5,5,RandomForest,HMM_GMM,7,"{'n_components': 2, 'n_mix': 5, 'covariance_type': 'diag'}",0.702,0.6966119845067213,"{'bootstrap': True, 'ccp_alpha': 0.0, 'class_weight': None, 'criterion': 'gini', 'max_depth': None, 'max_features': 'sqrt', 'max_leaf_nodes': None, 'max_samples': None, 'min_impurity_decrease': 0.0, 'min_samples_leaf': 1, 'min_samples_split': 2, 'min_weight_fraction_leaf': 0.0, 'monotonic_cst': None, 'n_estimators': 100, 'n_jobs': None, 'oob_score': False, 'random_state': 42, 'verbose': 0, 'warm_start': False}",0.877335786819458
Coffee,8,10,5,5,LinearSVC,HMM_GMM,7,"{'n_components': 2, 'n_mix': 5, 'covariance_type': 'diag'}",0.54,0.530502024291498,"{'C': 1.0, 'class_weight': None, 'dual': False, 'fit_intercept': True, 'intercept_scaling': 1, 'loss': 'squared_hinge', 'max_iter': 100, 'multi_class': 'ovr', 'penalty': 'l2', 'random_state': 42, 'tol': 0.0001, 'verbose': 0}",0.04059290885925293
Coffee,8,10,5,5,LogisticRegression,HMM_GMM,7,"{'n_components': 2, 'n_mix': 5, 'covariance_type': 'diag'}",0.522,0.52828391415882,"{'C': 1.0, 'class_weight': None, 'dual': False, 'fit_intercept': True, 'intercept_scaling': 1, 'l1_ratio': None, 'max_iter': 100, 'multi_class': 'deprecated', 'n_jobs': None, 'penalty': 'l2', 'random_state': 42, 'solver': 'lbfgs', 'tol': 0.0001, 'verbose': 0, 'warm_start': False}",0.07909584045410156
Coffee,8,10,5,5,KNN,HMM_GMM,8,"{'n_components': 1, 'n_mix': 3, 'covariance_type': 'full'}",0.706,0.7099481980796261,"{'algorithm': 'auto', 'leaf_size': 30, 'metric': 'minkowski', 'metric_params': None, 'n_jobs': None, 'n_neighbors': 5, 'p': 2, 'weights': 'uniform'}",0.04621720314025879
Coffee,8,10,5,5,RandomForest,HMM_GMM,8,"{'n_components': 1, 'n_mix': 3, 'covariance_type': 'full'}",0.744,0.7361973533881292,"{'bootstrap': True, 'ccp_alpha': 0.0, 'class_weight': None, 'criterion': 'gini', 'max_depth': None, 'max_features': 'sqrt', 'max_leaf_nodes': None, 'max_samples': None, 'min_impurity_decrease': 0.0, 'min_samples_leaf': 1, 'min_samples_split': 2, 'min_weight_fraction_leaf': 0.0, 'monotonic_cst': None, 'n_estimators': 100, 'n_jobs': None, 'oob_score': False, 'random_state': 42, 'verbose': 0, 'warm_start': False}",0.9268603324890137
Coffee,8,10,5,5,LinearSVC,HMM_GMM,8,"{'n_components': 1, 'n_mix': 3, 'covariance_type': 'full'}",0.736,0.7350546750854646,"{'C': 1.0, 'class_weight': None, 'dual': False, 'fit_intercept': True, 'intercept_scaling': 1, 'loss': 'squared_hinge', 'max_iter': 100, 'multi_class': 'ovr', 'penalty': 'l2', 'random_state': 42, 'tol': 0.0001, 'verbose': 0}",0.050286293029785156
Coffee,8,10,5,5,LogisticRegression,HMM_GMM,8,"{'n_components': 1, 'n_mix': 3, 'covariance_type': 'full'}",0.75,0.7490062914211009,"{'C': 1.0, 'class_weight': None, 'dual': False, 'fit_intercept': True, 'intercept_scaling': 1, 'l1_ratio': None, 'max_iter': 100, 'multi_class': 'deprecated', 'n_jobs': None, 'penalty': 'l2', 'random_state': 42, 'solver': 'lbfgs', 'tol': 0.0001, 'verbose': 0, 'warm_start': False}",0.182081937789917
Coffee,8,10,5,5,KNN,HMM_GMM,9,"{'n_components': 5, 'n_mix': 1, 'covariance_type': 'diag'}",0.678,0.6803573408810798,"{'algorithm': 'auto', 'leaf_size': 30, 'metric': 'minkowski', 'metric_params': None, 'n_jobs': None, 'n_neighbors': 5, 'p': 2, 'weights': 'uniform'}",0.040120601654052734
Coffee,8,10,5,5,RandomForest,HMM_GMM,9,"{'n_components': 5, 'n_mix': 1, 'covariance_type': 'diag'}",0.68,0.663308528315908,"{'bootstrap': True, 'ccp_alpha': 0.0, 'class_weight': None, 'criterion': 'gini', 'max_depth': None, 'max_features': 'sqrt', 'max_leaf_nodes': None, 'max_samples': None, 'min_impurity_decrease': 0.0, 'min_samples_leaf': 1, 'min_samples_split': 2, 'min_weight_fraction_leaf': 0.0, 'monotonic_cst': None, 'n_estimators': 100, 'n_jobs': None, 'oob_score': False, 'random_state': 42, 'verbose': 0, 'warm_start': False}",1.0758132934570312
Coffee,8,10,5,5,LinearSVC,HMM_GMM,9,"{'n_components': 5, 'n_mix': 1, 'covariance_type': 'diag'}",0.474,0.4479922376474101,"{'C': 1.0, 'class_weight': None, 'dual': False, 'fit_intercept': True, 'intercept_scaling': 1, 'loss': 'squared_hinge', 'max_iter': 100, 'multi_class': 'ovr', 'penalty': 'l2', 'random_state': 42, 'tol': 0.0001, 'verbose': 0}",0.03995656967163086
Coffee,8,10,5,5,LogisticRegression,HMM_GMM,9,"{'n_components': 5, 'n_mix': 1, 'covariance_type': 'diag'}",0.558,0.5342611668803618,"{'C': 1.0, 'class_weight': None, 'dual': False, 'fit_intercept': True, 'intercept_scaling': 1, 'l1_ratio': None, 'max_iter': 100, 'multi_class': 'deprecated', 'n_jobs': None, 'penalty': 'l2', 'random_state': 42, 'solver': 'lbfgs', 'tol': 0.0001, 'verbose': 0, 'warm_start': False}",0.10354137420654297
Coffee,8,10,5,5,KNN,HMM_GMM,10,"{'n_components': 3, 'n_mix': 5, 'covariance_type': 'diag'}",0.654,0.6541111484342925,"{'algorithm': 'auto', 'leaf_size': 30, 'metric': 'minkowski', 'metric_params': None, 'n_jobs': None, 'n_neighbors': 5, 'p': 2, 'weights': 'uniform'}",0.043283700942993164
Coffee,8,10,5,5,RandomForest,HMM_GMM,10,"{'n_components': 3, 'n_mix': 5, 'covariance_type': 'diag'}",0.616,0.5832002807439715,"{'bootstrap': True, 'ccp_alpha': 0.0, 'class_weight': None, 'criterion': 'gini', 'max_depth': None, 'max_features': 'sqrt', 'max_leaf_nodes': None, 'max_samples': None, 'min_impurity_decrease': 0.0, 'min_samples_leaf': 1, 'min_samples_split': 2, 'min_weight_fraction_leaf': 0.0, 'monotonic_cst': None, 'n_estimators': 100, 'n_jobs': None, 'oob_score': False, 'random_state': 42, 'verbose': 0, 'warm_start': False}",0.8802850246429443
Coffee,8,10,5,5,LinearSVC,HMM_GMM,10,"{'n_components': 3, 'n_mix': 5, 'covariance_type': 'diag'}",0.57,0.5327967500265101,"{'C': 1.0, 'class_weight': None, 'dual': False, 'fit_intercept': True, 'intercept_scaling': 1, 'loss': 'squared_hinge', 'max_iter': 100, 'multi_class': 'ovr', 'penalty': 'l2', 'random_state': 42, 'tol': 0.0001, 'verbose': 0}",0.042089223861694336
Coffee,8,10,5,5,LogisticRegression,HMM_GMM,10,"{'n_components': 3, 'n_mix': 5, 'covariance_type': 'diag'}",0.55,0.5300479129016801,"{'C': 1.0, 'class_weight': None, 'dual': False, 'fit_intercept': True, 'intercept_scaling': 1, 'l1_ratio': None, 'max_iter': 100, 'multi_class': 'deprecated', 'n_jobs': None, 'penalty': 'l2', 'random_state': 42, 'solver': 'lbfgs', 'tol': 0.0001, 'verbose': 0, 'warm_start': False}",0.09329605102539062
Coffee,8,10,5,10,KNN,HMM_GMM,1,"{'n_components': 2, 'n_mix': 1, 'covariance_type': 'diag'}",0.656,0.6557274012151426,"{'algorithm': 'auto', 'leaf_size': 30, 'metric': 'minkowski', 'metric_params': None, 'n_jobs': None, 'n_neighbors': 5, 'p': 2, 'weights': 'uniform'}",0.06627893447875977
Coffee,8,10,5,10,RandomForest,HMM_GMM,1,"{'n_components': 2, 'n_mix': 1, 'covariance_type': 'diag'}",0.626,0.6017582174373033,"{'bootstrap': True, 'ccp_alpha': 0.0, 'class_weight': None, 'criterion': 'gini', 'max_depth': None, 'max_features': 'sqrt', 'max_leaf_nodes': None, 'max_samples': None, 'min_impurity_decrease': 0.0, 'min_samples_leaf': 1, 'min_samples_split': 2, 'min_weight_fraction_leaf': 0.0, 'monotonic_cst': None, 'n_estimators': 100, 'n_jobs': None, 'oob_score': False, 'random_state': 42, 'verbose': 0, 'warm_start': False}",1.412966251373291
Coffee,8,10,5,10,LinearSVC,HMM_GMM,1,"{'n_components': 2, 'n_mix': 1, 'covariance_type': 'diag'}",0.47,0.48474229050888096,"{'C': 1.0, 'class_weight': None, 'dual': False, 'fit_intercept': True, 'intercept_scaling': 1, 'loss': 'squared_hinge', 'max_iter': 100, 'multi_class': 'ovr', 'penalty': 'l2', 'random_state': 42, 'tol': 0.0001, 'verbose': 0}",0.07391786575317383
Coffee,8,10,5,10,LogisticRegression,HMM_GMM,1,"{'n_components': 2, 'n_mix': 1, 'covariance_type': 'diag'}",0.438,0.42620519768444387,"{'C': 1.0, 'class_weight': None, 'dual': False, 'fit_intercept': True, 'intercept_scaling': 1, 'l1_ratio': None, 'max_iter': 100, 'multi_class': 'deprecated', 'n_jobs': None, 'penalty': 'l2', 'random_state': 42, 'solver': 'lbfgs', 'tol': 0.0001, 'verbose': 0, 'warm_start': False}",0.1051483154296875
Coffee,8,10,5,10,KNN,HMM_GMM,2,"{'n_components': 2, 'n_mix': 4, 'covariance_type': 'tied'}",0.652,0.6535350405198561,"{'algorithm': 'auto', 'leaf_size': 30, 'metric': 'minkowski', 'metric_params': None, 'n_jobs': None, 'n_neighbors': 5, 'p': 2, 'weights': 'uniform'}",0.06884980201721191
Coffee,8,10,5,10,RandomForest,HMM_GMM,2,"{'n_components': 2, 'n_mix': 4, 'covariance_type': 'tied'}",0.694,0.6799747243956831,"{'bootstrap': True, 'ccp_alpha': 0.0, 'class_weight': None, 'criterion': 'gini', 'max_depth': None, 'max_features': 'sqrt', 'max_leaf_nodes': None, 'max_samples': None, 'min_impurity_decrease': 0.0, 'min_samples_leaf': 1, 'min_samples_split': 2, 'min_weight_fraction_leaf': 0.0, 'monotonic_cst': None, 'n_estimators': 100, 'n_jobs': None, 'oob_score': False, 'random_state': 42, 'verbose': 0, 'warm_start': False}",1.3261914253234863
Coffee,8,10,5,10,LinearSVC,HMM_GMM,2,"{'n_components': 2, 'n_mix': 4, 'covariance_type': 'tied'}",0.71,0.713728063209032,"{'C': 1.0, 'class_weight': None, 'dual': False, 'fit_intercept': True, 'intercept_scaling': 1, 'loss': 'squared_hinge', 'max_iter': 100, 'multi_class': 'ovr', 'penalty': 'l2', 'random_state': 42, 'tol': 0.0001, 'verbose': 0}",0.09494566917419434
Coffee,8,10,5,10,LogisticRegression,HMM_GMM,2,"{'n_components': 2, 'n_mix': 4, 'covariance_type': 'tied'}",0.712,0.7147720774196235,"{'C': 1.0, 'class_weight': None, 'dual': False, 'fit_intercept': True, 'intercept_scaling': 1, 'l1_ratio': None, 'max_iter': 100, 'multi_class': 'deprecated', 'n_jobs': None, 'penalty': 'l2', 'random_state': 42, 'solver': 'lbfgs', 'tol': 0.0001, 'verbose': 0, 'warm_start': False}",0.32584047317504883
Coffee,8,10,5,10,KNN,HMM_GMM,3,"{'n_components': 1, 'n_mix': 3, 'covariance_type': 'diag'}",0.642,0.6405947479395486,"{'algorithm': 'auto', 'leaf_size': 30, 'metric': 'minkowski', 'metric_params': None, 'n_jobs': None, 'n_neighbors': 5, 'p': 2, 'weights': 'uniform'}",0.05700230598449707
Coffee,8,10,5,10,RandomForest,HMM_GMM,3,"{'n_components': 1, 'n_mix': 3, 'covariance_type': 'diag'}",0.676,0.6600105384865187,"{'bootstrap': True, 'ccp_alpha': 0.0, 'class_weight': None, 'criterion': 'gini', 'max_depth': None, 'max_features': 'sqrt', 'max_leaf_nodes': None, 'max_samples': None, 'min_impurity_decrease': 0.0, 'min_samples_leaf': 1, 'min_samples_split': 2, 'min_weight_fraction_leaf': 0.0, 'monotonic_cst': None, 'n_estimators': 100, 'n_jobs': None, 'oob_score': False, 'random_state': 42, 'verbose': 0, 'warm_start': False}",1.2359652519226074
Coffee,8,10,5,10,LinearSVC,HMM_GMM,3,"{'n_components': 1, 'n_mix': 3, 'covariance_type': 'diag'}",0.466,0.4841092247452672,"{'C': 1.0, 'class_weight': None, 'dual': False, 'fit_intercept': True, 'intercept_scaling': 1, 'loss': 'squared_hinge', 'max_iter': 100, 'multi_class': 'ovr', 'penalty': 'l2', 'random_state': 42, 'tol': 0.0001, 'verbose': 0}",0.07021260261535645
Coffee,8,10,5,10,LogisticRegression,HMM_GMM,3,"{'n_components': 1, 'n_mix': 3, 'covariance_type': 'diag'}",0.468,0.474,"{'C': 1.0, 'class_weight': None, 'dual': False, 'fit_intercept': True, 'intercept_scaling': 1, 'l1_ratio': None, 'max_iter': 100, 'multi_class': 'deprecated', 'n_jobs': None, 'penalty': 'l2', 'random_state': 42, 'solver': 'lbfgs', 'tol': 0.0001, 'verbose': 0, 'warm_start': False}",0.10107803344726562
Coffee,8,10,5,10,KNN,HMM_GMM,4,"{'n_components': 4, 'n_mix': 3, 'covariance_type': 'diag'}",0.654,0.6544638528492058,"{'algorithm': 'auto', 'leaf_size': 30, 'metric': 'minkowski', 'metric_params': None, 'n_jobs': None, 'n_neighbors': 5, 'p': 2, 'weights': 'uniform'}",0.05711674690246582
Coffee,8,10,5,10,RandomForest,HMM_GMM,4,"{'n_components': 4, 'n_mix': 3, 'covariance_type': 'diag'}",0.738,0.7263908301205361,"{'bootstrap': True, 'ccp_alpha': 0.0, 'class_weight': None, 'criterion': 'gini', 'max_depth': None, 'max_features': 'sqrt', 'max_leaf_nodes': None, 'max_samples': None, 'min_impurity_decrease': 0.0, 'min_samples_leaf': 1, 'min_samples_split': 2, 'min_weight_fraction_leaf': 0.0, 'monotonic_cst': None, 'n_estimators': 100, 'n_jobs': None, 'oob_score': False, 'random_state': 42, 'verbose': 0, 'warm_start': False}",1.2506027221679688
Coffee,8,10,5,10,LinearSVC,HMM_GMM,4,"{'n_components': 4, 'n_mix': 3, 'covariance_type': 'diag'}",0.636,0.6349908588373571,"{'C': 1.0, 'class_weight': None, 'dual': False, 'fit_intercept': True, 'intercept_scaling': 1, 'loss': 'squared_hinge', 'max_iter': 100, 'multi_class': 'ovr', 'penalty': 'l2', 'random_state': 42, 'tol': 0.0001, 'verbose': 0}",0.0884404182434082
Coffee,8,10,5,10,LogisticRegression,HMM_GMM,4,"{'n_components': 4, 'n_mix': 3, 'covariance_type': 'diag'}",0.598,0.6019231291740706,"{'C': 1.0, 'class_weight': None, 'dual': False, 'fit_intercept': True, 'intercept_scaling': 1, 'l1_ratio': None, 'max_iter': 100, 'multi_class': 'deprecated', 'n_jobs': None, 'penalty': 'l2', 'random_state': 42, 'solver': 'lbfgs', 'tol': 0.0001, 'verbose': 0, 'warm_start': False}",0.17982792854309082
Coffee,8,10,5,10,KNN,HMM_GMM,5,"{'n_components': 1, 'n_mix': 1, 'covariance_type': 'tied'}",0.806,0.8114399923860283,"{'algorithm': 'auto', 'leaf_size': 30, 'metric': 'minkowski', 'metric_params': None, 'n_jobs': None, 'n_neighbors': 5, 'p': 2, 'weights': 'uniform'}",0.05821418762207031
Coffee,8,10,5,10,RandomForest,HMM_GMM,5,"{'n_components': 1, 'n_mix': 1, 'covariance_type': 'tied'}",0.828,0.8310295754900942,"{'bootstrap': True, 'ccp_alpha': 0.0, 'class_weight': None, 'criterion': 'gini', 'max_depth': None, 'max_features': 'sqrt', 'max_leaf_nodes': None, 'max_samples': None, 'min_impurity_decrease': 0.0, 'min_samples_leaf': 1, 'min_samples_split': 2, 'min_weight_fraction_leaf': 0.0, 'monotonic_cst': None, 'n_estimators': 100, 'n_jobs': None, 'oob_score': False, 'random_state': 42, 'verbose': 0, 'warm_start': False}",1.5295627117156982
Coffee,8,10,5,10,LinearSVC,HMM_GMM,5,"{'n_components': 1, 'n_mix': 1, 'covariance_type': 'tied'}",0.69,0.6950915276973804,"{'C': 1.0, 'class_weight': None, 'dual': False, 'fit_intercept': True, 'intercept_scaling': 1, 'loss': 'squared_hinge', 'max_iter': 100, 'multi_class': 'ovr', 'penalty': 'l2', 'random_state': 42, 'tol': 0.0001, 'verbose': 0}",0.10378599166870117
Coffee,8,10,5,10,LogisticRegression,HMM_GMM,5,"{'n_components': 1, 'n_mix': 1, 'covariance_type': 'tied'}",0.58,0.5865824175824175,"{'C': 1.0, 'class_weight': None, 'dual': False, 'fit_intercept': True, 'intercept_scaling': 1, 'l1_ratio': None, 'max_iter': 100, 'multi_class': 'deprecated', 'n_jobs': None, 'penalty': 'l2', 'random_state': 42, 'solver': 'lbfgs', 'tol': 0.0001, 'verbose': 0, 'warm_start': False}",0.6229195594787598
Coffee,8,10,5,10,KNN,HMM_GMM,6,"{'n_components': 4, 'n_mix': 3, 'covariance_type': 'diag'}",0.654,0.6544638528492058,"{'algorithm': 'auto', 'leaf_size': 30, 'metric': 'minkowski', 'metric_params': None, 'n_jobs': None, 'n_neighbors': 5, 'p': 2, 'weights': 'uniform'}",0.057770490646362305
Coffee,8,10,5,10,RandomForest,HMM_GMM,6,"{'n_components': 4, 'n_mix': 3, 'covariance_type': 'diag'}",0.738,0.7263908301205361,"{'bootstrap': True, 'ccp_alpha': 0.0, 'class_weight': None, 'criterion': 'gini', 'max_depth': None, 'max_features': 'sqrt', 'max_leaf_nodes': None, 'max_samples': None, 'min_impurity_decrease': 0.0, 'min_samples_leaf': 1, 'min_samples_split': 2, 'min_weight_fraction_leaf': 0.0, 'monotonic_cst': None, 'n_estimators': 100, 'n_jobs': None, 'oob_score': False, 'random_state': 42, 'verbose': 0, 'warm_start': False}",1.177119255065918
Coffee,8,10,5,10,LinearSVC,HMM_GMM,6,"{'n_components': 4, 'n_mix': 3, 'covariance_type': 'diag'}",0.636,0.6349908588373571,"{'C': 1.0, 'class_weight': None, 'dual': False, 'fit_intercept': True, 'intercept_scaling': 1, 'loss': 'squared_hinge', 'max_iter': 100, 'multi_class': 'ovr', 'penalty': 'l2', 'random_state': 42, 'tol': 0.0001, 'verbose': 0}",0.07669520378112793
Coffee,8,10,5,10,LogisticRegression,HMM_GMM,6,"{'n_components': 4, 'n_mix': 3, 'covariance_type': 'diag'}",0.598,0.6019231291740706,"{'C': 1.0, 'class_weight': None, 'dual': False, 'fit_intercept': True, 'intercept_scaling': 1, 'l1_ratio': None, 'max_iter': 100, 'multi_class': 'deprecated', 'n_jobs': None, 'penalty': 'l2', 'random_state': 42, 'solver': 'lbfgs', 'tol': 0.0001, 'verbose': 0, 'warm_start': False}",0.18534040451049805
Coffee,8,10,5,10,KNN,HMM_GMM,7,"{'n_components': 2, 'n_mix': 5, 'covariance_type': 'diag'}",0.69,0.6910526411809723,"{'algorithm': 'auto', 'leaf_size': 30, 'metric': 'minkowski', 'metric_params': None, 'n_jobs': None, 'n_neighbors': 5, 'p': 2, 'weights': 'uniform'}",0.056641340255737305
Coffee,8,10,5,10,RandomForest,HMM_GMM,7,"{'n_components': 2, 'n_mix': 5, 'covariance_type': 'diag'}",0.74,0.7266003107662689,"{'bootstrap': True, 'ccp_alpha': 0.0, 'class_weight': None, 'criterion': 'gini', 'max_depth': None, 'max_features': 'sqrt', 'max_leaf_nodes': None, 'max_samples': None, 'min_impurity_decrease': 0.0, 'min_samples_leaf': 1, 'min_samples_split': 2, 'min_weight_fraction_leaf': 0.0, 'monotonic_cst': None, 'n_estimators': 100, 'n_jobs': None, 'oob_score': False, 'random_state': 42, 'verbose': 0, 'warm_start': False}",1.3120074272155762
Coffee,8,10,5,10,LinearSVC,HMM_GMM,7,"{'n_components': 2, 'n_mix': 5, 'covariance_type': 'diag'}",0.53,0.5171270973985677,"{'C': 1.0, 'class_weight': None, 'dual': False, 'fit_intercept': True, 'intercept_scaling': 1, 'loss': 'squared_hinge', 'max_iter': 100, 'multi_class': 'ovr', 'penalty': 'l2', 'random_state': 42, 'tol': 0.0001, 'verbose': 0}",0.15353965759277344
Coffee,8,10,5,10,LogisticRegression,HMM_GMM,7,"{'n_components': 2, 'n_mix': 5, 'covariance_type': 'diag'}",0.486,0.4868003942468031,"{'C': 1.0, 'class_weight': None, 'dual': False, 'fit_intercept': True, 'intercept_scaling': 1, 'l1_ratio': None, 'max_iter': 100, 'multi_class': 'deprecated', 'n_jobs': None, 'penalty': 'l2', 'random_state': 42, 'solver': 'lbfgs', 'tol': 0.0001, 'verbose': 0, 'warm_start': False}",0.4312753677368164
Coffee,8,10,5,10,KNN,HMM_GMM,8,"{'n_components': 1, 'n_mix': 3, 'covariance_type': 'full'}",0.706,0.7099481980796261,"{'algorithm': 'auto', 'leaf_size': 30, 'metric': 'minkowski', 'metric_params': None, 'n_jobs': None, 'n_neighbors': 5, 'p': 2, 'weights': 'uniform'}",0.05451512336730957
Coffee,8,10,5,10,RandomForest,HMM_GMM,8,"{'n_components': 1, 'n_mix': 3, 'covariance_type': 'full'}",0.734,0.7247115534362184,"{'bootstrap': True, 'ccp_alpha': 0.0, 'class_weight': None, 'criterion': 'gini', 'max_depth': None, 'max_features': 'sqrt', 'max_leaf_nodes': None, 'max_samples': None, 'min_impurity_decrease': 0.0, 'min_samples_leaf': 1, 'min_samples_split': 2, 'min_weight_fraction_leaf': 0.0, 'monotonic_cst': None, 'n_estimators': 100, 'n_jobs': None, 'oob_score': False, 'random_state': 42, 'verbose': 0, 'warm_start': False}",1.158029317855835
Coffee,8,10,5,10,LinearSVC,HMM_GMM,8,"{'n_components': 1, 'n_mix': 3, 'covariance_type': 'full'}",0.732,0.7304717683524921,"{'C': 1.0, 'class_weight': None, 'dual': False, 'fit_intercept': True, 'intercept_scaling': 1, 'loss': 'squared_hinge', 'max_iter': 100, 'multi_class': 'ovr', 'penalty': 'l2', 'random_state': 42, 'tol': 0.0001, 'verbose': 0}",0.09672927856445312
Coffee,8,10,5,10,LogisticRegression,HMM_GMM,8,"{'n_components': 1, 'n_mix': 3, 'covariance_type': 'full'}",0.754,0.7518817598396338,"{'C': 1.0, 'class_weight': None, 'dual': False, 'fit_intercept': True, 'intercept_scaling': 1, 'l1_ratio': None, 'max_iter': 100, 'multi_class': 'deprecated', 'n_jobs': None, 'penalty': 'l2', 'random_state': 42, 'solver': 'lbfgs', 'tol': 0.0001, 'verbose': 0, 'warm_start': False}",0.35579872131347656
Coffee,8,10,5,10,KNN,HMM_GMM,9,"{'n_components': 5, 'n_mix': 1, 'covariance_type': 'diag'}",0.678,0.6803573408810798,"{'algorithm': 'auto', 'leaf_size': 30, 'metric': 'minkowski', 'metric_params': None, 'n_jobs': None, 'n_neighbors': 5, 'p': 2, 'weights': 'uniform'}",0.05992865562438965
Coffee,8,10,5,10,RandomForest,HMM_GMM,9,"{'n_components': 5, 'n_mix': 1, 'covariance_type': 'diag'}",0.696,0.6801221388089896,"{'bootstrap': True, 'ccp_alpha': 0.0, 'class_weight': None, 'criterion': 'gini', 'max_depth': None, 'max_features': 'sqrt', 'max_leaf_nodes': None, 'max_samples': None, 'min_impurity_decrease': 0.0, 'min_samples_leaf': 1, 'min_samples_split': 2, 'min_weight_fraction_leaf': 0.0, 'monotonic_cst': None, 'n_estimators': 100, 'n_jobs': None, 'oob_score': False, 'random_state': 42, 'verbose': 0, 'warm_start': False}",1.5316004753112793
Coffee,8,10,5,10,LinearSVC,HMM_GMM,9,"{'n_components': 5, 'n_mix': 1, 'covariance_type': 'diag'}",0.466,0.4384219345011424,"{'C': 1.0, 'class_weight': None, 'dual': False, 'fit_intercept': True, 'intercept_scaling': 1, 'loss': 'squared_hinge', 'max_iter': 100, 'multi_class': 'ovr', 'penalty': 'l2', 'random_state': 42, 'tol': 0.0001, 'verbose': 0}",0.07058930397033691
Coffee,8,10,5,10,LogisticRegression,HMM_GMM,9,"{'n_components': 5, 'n_mix': 1, 'covariance_type': 'diag'}",0.534,0.5059751823522434,"{'C': 1.0, 'class_weight': None, 'dual': False, 'fit_intercept': True, 'intercept_scaling': 1, 'l1_ratio': None, 'max_iter': 100, 'multi_class': 'deprecated', 'n_jobs': None, 'penalty': 'l2', 'random_state': 42, 'solver': 'lbfgs', 'tol': 0.0001, 'verbose': 0, 'warm_start': False}",0.20752716064453125
Coffee,8,10,5,10,KNN,HMM_GMM,10,"{'n_components': 3, 'n_mix': 5, 'covariance_type': 'diag'}",0.654,0.6541111484342925,"{'algorithm': 'auto', 'leaf_size': 30, 'metric': 'minkowski', 'metric_params': None, 'n_jobs': None, 'n_neighbors': 5, 'p': 2, 'weights': 'uniform'}",0.057309865951538086
Coffee,8,10,5,10,RandomForest,HMM_GMM,10,"{'n_components': 3, 'n_mix': 5, 'covariance_type': 'diag'}",0.626,0.5959604495433173,"{'bootstrap': True, 'ccp_alpha': 0.0, 'class_weight': None, 'criterion': 'gini', 'max_depth': None, 'max_features': 'sqrt', 'max_leaf_nodes': None, 'max_samples': None, 'min_impurity_decrease': 0.0, 'min_samples_leaf': 1, 'min_samples_split': 2, 'min_weight_fraction_leaf': 0.0, 'monotonic_cst': None, 'n_estimators': 100, 'n_jobs': None, 'oob_score': False, 'random_state': 42, 'verbose': 0, 'warm_start': False}",1.1732573509216309
Coffee,8,10,5,10,LinearSVC,HMM_GMM,10,"{'n_components': 3, 'n_mix': 5, 'covariance_type': 'diag'}",0.58,0.5258449631406609,"{'C': 1.0, 'class_weight': None, 'dual': False, 'fit_intercept': True, 'intercept_scaling': 1, 'loss': 'squared_hinge', 'max_iter': 100, 'multi_class': 'ovr', 'penalty': 'l2', 'random_state': 42, 'tol': 0.0001, 'verbose': 0}",0.08406734466552734
Coffee,8,10,5,10,LogisticRegression,HMM_GMM,10,"{'n_components': 3, 'n_mix': 5, 'covariance_type': 'diag'}",0.548,0.5137330711922945,"{'C': 1.0, 'class_weight': None, 'dual': False, 'fit_intercept': True, 'intercept_scaling': 1, 'l1_ratio': None, 'max_iter': 100, 'multi_class': 'deprecated', 'n_jobs': None, 'penalty': 'l2', 'random_state': 42, 'solver': 'lbfgs', 'tol': 0.0001, 'verbose': 0, 'warm_start': False}",0.17655062675476074
Coffee,8,10,6,1,KNN,Baseline,N/A,N/A,0.628,0.6298897911219508,"{'algorithm': 'auto', 'leaf_size': 30, 'metric': 'minkowski', 'metric_params': None, 'n_jobs': None, 'n_neighbors': 5, 'p': 2, 'weights': 'uniform'}",0.028508663177490234
Coffee,8,10,6,1,KNN,Tuned_Baseline,N/A,N/A,0.768,0.7711408027331594,"{'algorithm': 'auto', 'leaf_size': 30, 'metric': 'chebyshev', 'metric_params': None, 'n_jobs': None, 'n_neighbors': np.int64(11), 'p': 2, 'weights': 'distance'}",0.0036172866821289062
Coffee,8,10,6,1,RandomForest,Baseline,N/A,N/A,0.654,0.6337975780851487,"{'bootstrap': True, 'ccp_alpha': 0.0, 'class_weight': None, 'criterion': 'gini', 'max_depth': None, 'max_features': 'sqrt', 'max_leaf_nodes': None, 'max_samples': None, 'min_impurity_decrease': 0.0, 'min_samples_leaf': 1, 'min_samples_split': 2, 'min_weight_fraction_leaf': 0.0, 'monotonic_cst': None, 'n_estimators': 100, 'n_jobs': None, 'oob_score': False, 'random_state': 42, 'verbose': 0, 'warm_start': False}",0.47167515754699707
Coffee,8,10,6,1,RandomForest,Tuned_Baseline,N/A,N/A,0.644,0.6218091104126129,"{'bootstrap': True, 'ccp_alpha': 0.0, 'class_weight': 'balanced', 'criterion': 'gini', 'max_depth': 10, 'max_features': 'sqrt', 'max_leaf_nodes': None, 'max_samples': None, 'min_impurity_decrease': 0.0, 'min_samples_leaf': 1, 'min_samples_split': 2, 'min_weight_fraction_leaf': 0.0, 'monotonic_cst': None, 'n_estimators': 100, 'n_jobs': None, 'oob_score': False, 'random_state': 42, 'verbose': 0, 'warm_start': False}",0.0068590641021728516
Coffee,8,10,6,1,LinearSVC,Baseline,N/A,N/A,0.628,0.6305835086987067,"{'C': 1.0, 'class_weight': None, 'dual': False, 'fit_intercept': True, 'intercept_scaling': 1, 'loss': 'squared_hinge', 'max_iter': 100, 'multi_class': 'ovr', 'penalty': 'l2', 'random_state': 42, 'tol': 0.0001, 'verbose': 0}",0.009510040283203125
Coffee,8,10,6,1,LinearSVC,Tuned_Baseline,N/A,N/A,0.596,0.5958995396477891,"{'C': np.float64(1.1288378916846884), 'class_weight': None, 'dual': False, 'fit_intercept': False, 'intercept_scaling': 1, 'loss': 'squared_hinge', 'max_iter': 100, 'multi_class': 'ovr', 'penalty': 'l2', 'random_state': 42, 'tol': 0.0001, 'verbose': 0}",0.0002257823944091797
Coffee,8,10,6,1,LogisticRegression,Baseline,N/A,N/A,0.686,0.6893274644818269,"{'C': 1.0, 'class_weight': None, 'dual': False, 'fit_intercept': True, 'intercept_scaling': 1, 'l1_ratio': None, 'max_iter': 100, 'multi_class': 'deprecated', 'n_jobs': None, 'penalty': 'l2', 'random_state': 42, 'solver': 'lbfgs', 'tol': 0.0001, 'verbose': 0, 'warm_start': False}",0.3601410388946533
Coffee,8,10,6,1,LogisticRegression,Tuned_Baseline,N/A,N/A,0.74,0.7412254285866875,"{'C': np.float64(0.4832930238571752), 'class_weight': 'balanced', 'dual': False, 'fit_intercept': True, 'intercept_scaling': 1, 'l1_ratio': None, 'max_iter': 100, 'multi_class': 'deprecated', 'n_jobs': None, 'penalty': 'l1', 'random_state': 42, 'solver': 'saga', 'tol': 0.0001, 'verbose': 0, 'warm_start': False}",0.0003066062927246094
Coffee,8,10,6,1,RNN,Tuned_Baseline,N/A,N/A,0.2,0.06666666666666667,"{'hidden_size': 64, 'epochs': 10, 'batch_size': 32, 'lr': 0.001}",5.054473876953125e-05
Coffee,8,10,6,2,KNN,HMM_GMM,1,"{'n_components': 2, 'n_mix': 1, 'covariance_type': 'diag'}",0.616,0.6169955883423094,"{'algorithm': 'auto', 'leaf_size': 30, 'metric': 'euclidean', 'metric_params': None, 'n_jobs': None, 'n_neighbors': np.int64(9), 'p': 2, 'weights': 'distance'}",0.012840509414672852
Coffee,8,10,6,2,RandomForest,HMM_GMM,1,"{'n_components': 2, 'n_mix': 1, 'covariance_type': 'diag'}",0.644,0.6223677878219517,"{'bootstrap': True, 'ccp_alpha': 0.0, 'class_weight': 'balanced', 'criterion': 'gini', 'max_depth': 30, 'max_features': 'sqrt', 'max_leaf_nodes': None, 'max_samples': None, 'min_impurity_decrease': 0.0, 'min_samples_leaf': 1, 'min_samples_split': 2, 'min_weight_fraction_leaf': 0.0, 'monotonic_cst': None, 'n_estimators': 150, 'n_jobs': None, 'oob_score': False, 'random_state': 42, 'verbose': 0, 'warm_start': False}",1.3955013751983643
Coffee,8,10,6,2,LinearSVC,HMM_GMM,1,"{'n_components': 2, 'n_mix': 1, 'covariance_type': 'diag'}",0.552,0.5545911757613381,"{'C': np.float64(33.59818286283781), 'class_weight': None, 'dual': False, 'fit_intercept': True, 'intercept_scaling': 1, 'loss': 'squared_hinge', 'max_iter': 100, 'multi_class': 'ovr', 'penalty': 'l1', 'random_state': 42, 'tol': 0.001, 'verbose': 0}",0.029075145721435547
Coffee,8,10,6,2,LogisticRegression,HMM_GMM,1,"{'n_components': 2, 'n_mix': 1, 'covariance_type': 'diag'}",0.576,0.5825135628930441,"{'C': np.float64(33.59818286283781), 'class_weight': 'balanced', 'dual': False, 'fit_intercept': True, 'intercept_scaling': 1, 'l1_ratio': None, 'max_iter': 100, 'multi_class': 'deprecated', 'n_jobs': None, 'penalty': 'l2', 'random_state': 42, 'solver': 'saga', 'tol': 0.0001, 'verbose': 0, 'warm_start': False}",0.05753731727600098
Coffee,8,10,6,2,KNN,HMM_GMM,2,"{'n_components': 2, 'n_mix': 4, 'covariance_type': 'tied'}",0.63,0.6323314775098748,"{'algorithm': 'auto', 'leaf_size': 30, 'metric': 'euclidean', 'metric_params': None, 'n_jobs': None, 'n_neighbors': np.int64(9), 'p': 2, 'weights': 'distance'}",0.010803699493408203
Coffee,8,10,6,2,RandomForest,HMM_GMM,2,"{'n_components': 2, 'n_mix': 4, 'covariance_type': 'tied'}",0.726,0.7131007022949639,"{'bootstrap': True, 'ccp_alpha': 0.0, 'class_weight': 'balanced', 'criterion': 'gini', 'max_depth': 20, 'max_features': 'sqrt', 'max_leaf_nodes': None, 'max_samples': None, 'min_impurity_decrease': 0.0, 'min_samples_leaf': 2, 'min_samples_split': 5, 'min_weight_fraction_leaf': 0.0, 'monotonic_cst': None, 'n_estimators': 50, 'n_jobs': None, 'oob_score': False, 'random_state': 42, 'verbose': 0, 'warm_start': False}",0.2921874523162842
Coffee,8,10,6,2,LinearSVC,HMM_GMM,2,"{'n_components': 2, 'n_mix': 4, 'covariance_type': 'tied'}",0.662,0.6661585225715353,"{'C': np.float64(183.29807108324337), 'class_weight': 'balanced', 'dual': False, 'fit_intercept': True, 'intercept_scaling': 1, 'loss': 'squared_hinge', 'max_iter': 100, 'multi_class': 'ovr', 'penalty': 'l1', 'random_state': 42, 'tol': 0.0001, 'verbose': 0}",0.04537630081176758
Coffee,8,10,6,2,LogisticRegression,HMM_GMM,2,"{'n_components': 2, 'n_mix': 4, 'covariance_type': 'tied'}",0.772,0.7713423237890127,"{'C': np.float64(33.59818286283781), 'class_weight': None, 'dual': False, 'fit_intercept': True, 'intercept_scaling': 1, 'l1_ratio': None, 'max_iter': 100, 'multi_class': 'deprecated', 'n_jobs': None, 'penalty': 'l2', 'random_state': 42, 'solver': 'saga', 'tol': 0.0001, 'verbose': 0, 'warm_start': False}",0.1535484790802002
Coffee,8,10,6,2,KNN,HMM_GMM,3,"{'n_components': 1, 'n_mix': 3, 'covariance_type': 'diag'}",0.616,0.616574365505681,"{'algorithm': 'auto', 'leaf_size': 30, 'metric': 'euclidean', 'metric_params': None, 'n_jobs': None, 'n_neighbors': np.int64(9), 'p': 2, 'weights': 'distance'}",0.012138605117797852
Coffee,8,10,6,2,RandomForest,HMM_GMM,3,"{'n_components': 1, 'n_mix': 3, 'covariance_type': 'diag'}",0.686,0.6783596785118575,"{'bootstrap': True, 'ccp_alpha': 0.0, 'class_weight': 'balanced', 'criterion': 'gini', 'max_depth': None, 'max_features': 'sqrt', 'max_leaf_nodes': None, 'max_samples': None, 'min_impurity_decrease': 0.0, 'min_samples_leaf': 1, 'min_samples_split': 2, 'min_weight_fraction_leaf': 0.0, 'monotonic_cst': None, 'n_estimators': 50, 'n_jobs': None, 'oob_score': False, 'random_state': 42, 'verbose': 0, 'warm_start': False}",0.30804443359375
Coffee,8,10,6,2,LinearSVC,HMM_GMM,3,"{'n_components': 1, 'n_mix': 3, 'covariance_type': 'diag'}",0.6,0.6068241289306829,"{'C': np.float64(183.29807108324337), 'class_weight': 'balanced', 'dual': False, 'fit_intercept': False, 'intercept_scaling': 1, 'loss': 'squared_hinge', 'max_iter': 100, 'multi_class': 'ovr', 'penalty': 'l2', 'random_state': 42, 'tol': 0.001, 'verbose': 0}",0.011780500411987305
Coffee,8,10,6,2,LogisticRegression,HMM_GMM,3,"{'n_components': 1, 'n_mix': 3, 'covariance_type': 'diag'}",0.57,0.5734670245638128,"{'C': np.float64(33.59818286283781), 'class_weight': 'balanced', 'dual': False, 'fit_intercept': True, 'intercept_scaling': 1, 'l1_ratio': None, 'max_iter': 100, 'multi_class': 'deprecated', 'n_jobs': None, 'penalty': 'l1', 'random_state': 42, 'solver': 'saga', 'tol': 0.0001, 'verbose': 0, 'warm_start': False}",0.06706976890563965
Coffee,8,10,6,2,KNN,HMM_GMM,4,"{'n_components': 4, 'n_mix': 3, 'covariance_type': 'diag'}",0.596,0.5934927088415461,"{'algorithm': 'auto', 'leaf_size': 30, 'metric': 'euclidean', 'metric_params': None, 'n_jobs': None, 'n_neighbors': np.int64(9), 'p': 2, 'weights': 'distance'}",0.011131525039672852
Coffee,8,10,6,2,RandomForest,HMM_GMM,4,"{'n_components': 4, 'n_mix': 3, 'covariance_type': 'diag'}",0.628,0.6030655391120507,"{'bootstrap': True, 'ccp_alpha': 0.0, 'class_weight': 'balanced', 'criterion': 'gini', 'max_depth': None, 'max_features': 'sqrt', 'max_leaf_nodes': None, 'max_samples': None, 'min_impurity_decrease': 0.0, 'min_samples_leaf': 1, 'min_samples_split': 2, 'min_weight_fraction_leaf': 0.0, 'monotonic_cst': None, 'n_estimators': 50, 'n_jobs': None, 'oob_score': False, 'random_state': 42, 'verbose': 0, 'warm_start': False}",0.4825129508972168
Coffee,8,10,6,2,LinearSVC,HMM_GMM,4,"{'n_components': 4, 'n_mix': 3, 'covariance_type': 'diag'}",0.586,0.5900728484560873,"{'C': np.float64(183.29807108324337), 'class_weight': None, 'dual': False, 'fit_intercept': True, 'intercept_scaling': 1, 'loss': 'squared_hinge', 'max_iter': 100, 'multi_class': 'ovr', 'penalty': 'l1', 'random_state': 42, 'tol': 0.001, 'verbose': 0}",0.054821014404296875
Coffee,8,10,6,2,LogisticRegression,HMM_GMM,4,"{'n_components': 4, 'n_mix': 3, 'covariance_type': 'diag'}",0.608,0.6106314282245427,"{'C': np.float64(33.59818286283781), 'class_weight': 'balanced', 'dual': False, 'fit_intercept': True, 'intercept_scaling': 1, 'l1_ratio': None, 'max_iter': 100, 'multi_class': 'deprecated', 'n_jobs': None, 'penalty': 'l2', 'random_state': 42, 'solver': 'saga', 'tol': 0.0001, 'verbose': 0, 'warm_start': False}",0.16776156425476074
Coffee,8,10,6,2,KNN,HMM_GMM,5,"{'n_components': 1, 'n_mix': 1, 'covariance_type': 'tied'}",0.718,0.7250942863418154,"{'algorithm': 'auto', 'leaf_size': 30, 'metric': 'euclidean', 'metric_params': None, 'n_jobs': None, 'n_neighbors': np.int64(9), 'p': 2, 'weights': 'distance'}",0.012148618698120117
Coffee,8,10,6,2,RandomForest,HMM_GMM,5,"{'n_components': 1, 'n_mix': 1, 'covariance_type': 'tied'}",0.78,0.7712567344694887,"{'bootstrap': True, 'ccp_alpha': 0.0, 'class_weight': 'balanced', 'criterion': 'gini', 'max_depth': None, 'max_features': 'sqrt', 'max_leaf_nodes': None, 'max_samples': None, 'min_impurity_decrease': 0.0, 'min_samples_leaf': 1, 'min_samples_split': 2, 'min_weight_fraction_leaf': 0.0, 'monotonic_cst': None, 'n_estimators': 50, 'n_jobs': None, 'oob_score': False, 'random_state': 42, 'verbose': 0, 'warm_start': False}",0.3612241744995117
Coffee,8,10,6,2,LinearSVC,HMM_GMM,5,"{'n_components': 1, 'n_mix': 1, 'covariance_type': 'tied'}",0.618,0.6205391577910886,"{'C': np.float64(2.6366508987303554), 'class_weight': 'balanced', 'dual': False, 'fit_intercept': True, 'intercept_scaling': 1, 'loss': 'squared_hinge', 'max_iter': 100, 'multi_class': 'ovr', 'penalty': 'l1', 'random_state': 42, 'tol': 0.0001, 'verbose': 0}",0.05250072479248047
Coffee,8,10,6,2,LogisticRegression,HMM_GMM,5,"{'n_components': 1, 'n_mix': 1, 'covariance_type': 'tied'}",0.72,0.7222291082851748,"{'C': np.float64(183.29807108324337), 'class_weight': 'balanced', 'dual': False, 'fit_intercept': True, 'intercept_scaling': 1, 'l1_ratio': None, 'max_iter': 100, 'multi_class': 'deprecated', 'n_jobs': None, 'penalty': 'l1', 'random_state': 42, 'solver': 'saga', 'tol': 0.0001, 'verbose': 0, 'warm_start': False}",0.2107534408569336
Coffee,8,10,6,2,KNN,HMM_GMM,6,"{'n_components': 4, 'n_mix': 3, 'covariance_type': 'diag'}",0.596,0.5934927088415461,"{'algorithm': 'auto', 'leaf_size': 30, 'metric': 'euclidean', 'metric_params': None, 'n_jobs': None, 'n_neighbors': np.int64(9), 'p': 2, 'weights': 'distance'}",0.012206077575683594
Coffee,8,10,6,2,RandomForest,HMM_GMM,6,"{'n_components': 4, 'n_mix': 3, 'covariance_type': 'diag'}",0.624,0.5939896482121177,"{'bootstrap': True, 'ccp_alpha': 0.0, 'class_weight': 'balanced', 'criterion': 'gini', 'max_depth': None, 'max_features': 'sqrt', 'max_leaf_nodes': None, 'max_samples': None, 'min_impurity_decrease': 0.0, 'min_samples_leaf': 1, 'min_samples_split': 2, 'min_weight_fraction_leaf': 0.0, 'monotonic_cst': None, 'n_estimators': 50, 'n_jobs': None, 'oob_score': False, 'random_state': 42, 'verbose': 0, 'warm_start': False}",0.30718445777893066
Coffee,8,10,6,2,LinearSVC,HMM_GMM,6,"{'n_components': 4, 'n_mix': 3, 'covariance_type': 'diag'}",0.592,0.5928212410147071,"{'C': np.float64(0.08858667904100823), 'class_weight': None, 'dual': False, 'fit_intercept': False, 'intercept_scaling': 1, 'loss': 'squared_hinge', 'max_iter': 100, 'multi_class': 'ovr', 'penalty': 'l1', 'random_state': 42, 'tol': 0.0001, 'verbose': 0}",0.03311514854431152
Coffee,8,10,6,2,LogisticRegression,HMM_GMM,6,"{'n_components': 4, 'n_mix': 3, 'covariance_type': 'diag'}",0.608,0.6106314282245427,"{'C': np.float64(33.59818286283781), 'class_weight': 'balanced', 'dual': False, 'fit_intercept': True, 'intercept_scaling': 1, 'l1_ratio': None, 'max_iter': 100, 'multi_class': 'deprecated', 'n_jobs': None, 'penalty': 'l2', 'random_state': 42, 'solver': 'saga', 'tol': 0.0001, 'verbose': 0, 'warm_start': False}",0.15812110900878906
Coffee,8,10,6,2,KNN,HMM_GMM,7,"{'n_components': 2, 'n_mix': 5, 'covariance_type': 'diag'}",0.626,0.627955473054831,"{'algorithm': 'auto', 'leaf_size': 30, 'metric': 'euclidean', 'metric_params': None, 'n_jobs': None, 'n_neighbors': np.int64(9), 'p': 2, 'weights': 'distance'}",0.011638402938842773
Coffee,8,10,6,2,RandomForest,HMM_GMM,7,"{'n_components': 2, 'n_mix': 5, 'covariance_type': 'diag'}",0.706,0.6984691574564069,"{'bootstrap': True, 'ccp_alpha': 0.0, 'class_weight': 'balanced', 'criterion': 'gini', 'max_depth': None, 'max_features': 'sqrt', 'max_leaf_nodes': None, 'max_samples': None, 'min_impurity_decrease': 0.0, 'min_samples_leaf': 1, 'min_samples_split': 2, 'min_weight_fraction_leaf': 0.0, 'monotonic_cst': None, 'n_estimators': 50, 'n_jobs': None, 'oob_score': False, 'random_state': 42, 'verbose': 0, 'warm_start': False}",0.3020906448364258
Coffee,8,10,6,2,LinearSVC,HMM_GMM,7,"{'n_components': 2, 'n_mix': 5, 'covariance_type': 'diag'}",0.614,0.6147188771029107,"{'C': np.float64(0.08858667904100823), 'class_weight': None, 'dual': False, 'fit_intercept': False, 'intercept_scaling': 1, 'loss': 'squared_hinge', 'max_iter': 100, 'multi_class': 'ovr', 'penalty': 'l1', 'random_state': 42, 'tol': 0.0001, 'verbose': 0}",0.03361916542053223
Coffee,8,10,6,2,LogisticRegression,HMM_GMM,7,"{'n_components': 2, 'n_mix': 5, 'covariance_type': 'diag'}",0.612,0.614215607914184,"{'C': np.float64(33.59818286283781), 'class_weight': 'balanced', 'dual': False, 'fit_intercept': True, 'intercept_scaling': 1, 'l1_ratio': None, 'max_iter': 100, 'multi_class': 'deprecated', 'n_jobs': None, 'penalty': 'l2', 'random_state': 42, 'solver': 'saga', 'tol': 0.0001, 'verbose': 0, 'warm_start': False}",0.07204985618591309
Coffee,8,10,6,2,KNN,HMM_GMM,8,"{'n_components': 1, 'n_mix': 3, 'covariance_type': 'full'}",0.648,0.6570140582475459,"{'algorithm': 'auto', 'leaf_size': 30, 'metric': 'chebyshev', 'metric_params': None, 'n_jobs': None, 'n_neighbors': np.int64(5), 'p': 2, 'weights': 'uniform'}",0.03203845024108887
Coffee,8,10,6,2,RandomForest,HMM_GMM,8,"{'n_components': 1, 'n_mix': 3, 'covariance_type': 'full'}",0.766,0.7675630021496197,"{'bootstrap': True, 'ccp_alpha': 0.0, 'class_weight': 'balanced', 'criterion': 'gini', 'max_depth': None, 'max_features': 'sqrt', 'max_leaf_nodes': None, 'max_samples': None, 'min_impurity_decrease': 0.0, 'min_samples_leaf': 2, 'min_samples_split': 2, 'min_weight_fraction_leaf': 0.0, 'monotonic_cst': None, 'n_estimators': 150, 'n_jobs': None, 'oob_score': False, 'random_state': 42, 'verbose': 0, 'warm_start': False}",0.9124374389648438
Coffee,8,10,6,2,LinearSVC,HMM_GMM,8,"{'n_components': 1, 'n_mix': 3, 'covariance_type': 'full'}",0.596,0.5964186965108624,"{'C': np.float64(183.29807108324337), 'class_weight': None, 'dual': False, 'fit_intercept': True, 'intercept_scaling': 1, 'loss': 'squared_hinge', 'max_iter': 100, 'multi_class': 'ovr', 'penalty': 'l1', 'random_state': 42, 'tol': 0.001, 'verbose': 0}",0.04506993293762207
Coffee,8,10,6,2,LogisticRegression,HMM_GMM,8,"{'n_components': 1, 'n_mix': 3, 'covariance_type': 'full'}",0.76,0.7605968419527742,"{'C': np.float64(33.59818286283781), 'class_weight': 'balanced', 'dual': False, 'fit_intercept': True, 'intercept_scaling': 1, 'l1_ratio': None, 'max_iter': 100, 'multi_class': 'deprecated', 'n_jobs': None, 'penalty': 'l1', 'random_state': 42, 'solver': 'saga', 'tol': 0.0001, 'verbose': 0, 'warm_start': False}",0.1903233528137207
Coffee,8,10,6,2,KNN,HMM_GMM,9,"{'n_components': 5, 'n_mix': 1, 'covariance_type': 'diag'}",0.626,0.627008971704624,"{'algorithm': 'auto', 'leaf_size': 30, 'metric': 'euclidean', 'metric_params': None, 'n_jobs': None, 'n_neighbors': np.int64(9), 'p': 2, 'weights': 'distance'}",0.012013912200927734
Coffee,8,10,6,2,RandomForest,HMM_GMM,9,"{'n_components': 5, 'n_mix': 1, 'covariance_type': 'diag'}",0.656,0.633875695261834,"{'bootstrap': True, 'ccp_alpha': 0.0, 'class_weight': 'balanced', 'criterion': 'gini', 'max_depth': 30, 'max_features': 'sqrt', 'max_leaf_nodes': None, 'max_samples': None, 'min_impurity_decrease': 0.0, 'min_samples_leaf': 1, 'min_samples_split': 2, 'min_weight_fraction_leaf': 0.0, 'monotonic_cst': None, 'n_estimators': 150, 'n_jobs': None, 'oob_score': False, 'random_state': 42, 'verbose': 0, 'warm_start': False}",1.014333963394165
Coffee,8,10,6,2,LinearSVC,HMM_GMM,9,"{'n_components': 5, 'n_mix': 1, 'covariance_type': 'diag'}",0.528,0.532732955482014,"{'C': np.float64(1000.0), 'class_weight': 'balanced', 'dual': False, 'fit_intercept': True, 'intercept_scaling': 1, 'loss': 'squared_hinge', 'max_iter': 100, 'multi_class': 'ovr', 'penalty': 'l2', 'random_state': 42, 'tol': 0.001, 'verbose': 0}",0.015120744705200195
Coffee,8,10,6,2,LogisticRegression,HMM_GMM,9,"{'n_components': 5, 'n_mix': 1, 'covariance_type': 'diag'}",0.454,0.475407692673418,"{'C': np.float64(2.6366508987303554), 'class_weight': 'balanced', 'dual': False, 'fit_intercept': True, 'intercept_scaling': 1, 'l1_ratio': None, 'max_iter': 100, 'multi_class': 'deprecated', 'n_jobs': None, 'penalty': 'l1', 'random_state': 42, 'solver': 'saga', 'tol': 0.0001, 'verbose': 0, 'warm_start': False}",0.19682598114013672
Coffee,8,10,6,2,KNN,HMM_GMM,10,"{'n_components': 3, 'n_mix': 5, 'covariance_type': 'diag'}",0.66,0.665233192575122,"{'algorithm': 'auto', 'leaf_size': 30, 'metric': 'euclidean', 'metric_params': None, 'n_jobs': None, 'n_neighbors': np.int64(9), 'p': 2, 'weights': 'distance'}",0.012100934982299805
Coffee,8,10,6,2,RandomForest,HMM_GMM,10,"{'n_components': 3, 'n_mix': 5, 'covariance_type': 'diag'}",0.682,0.6704953112265749,"{'bootstrap': True, 'ccp_alpha': 0.0, 'class_weight': 'balanced', 'criterion': 'gini', 'max_depth': 30, 'max_features': 'sqrt', 'max_leaf_nodes': None, 'max_samples': None, 'min_impurity_decrease': 0.0, 'min_samples_leaf': 1, 'min_samples_split': 2, 'min_weight_fraction_leaf': 0.0, 'monotonic_cst': None, 'n_estimators': 150, 'n_jobs': None, 'oob_score': False, 'random_state': 42, 'verbose': 0, 'warm_start': False}",0.9447124004364014
Coffee,8,10,6,2,LinearSVC,HMM_GMM,10,"{'n_components': 3, 'n_mix': 5, 'covariance_type': 'diag'}",0.6,0.600358745865954,"{'C': np.float64(1000.0), 'class_weight': 'balanced', 'dual': False, 'fit_intercept': True, 'intercept_scaling': 1, 'loss': 'squared_hinge', 'max_iter': 100, 'multi_class': 'ovr', 'penalty': 'l2', 'random_state': 42, 'tol': 0.001, 'verbose': 0}",0.016331195831298828
Coffee,8,10,6,2,LogisticRegression,HMM_GMM,10,"{'n_components': 3, 'n_mix': 5, 'covariance_type': 'diag'}",0.618,0.6198905044126115,"{'C': np.float64(1000.0), 'class_weight': 'balanced', 'dual': False, 'fit_intercept': True, 'intercept_scaling': 1, 'l1_ratio': None, 'max_iter': 100, 'multi_class': 'deprecated', 'n_jobs': None, 'penalty': 'l2', 'random_state': 42, 'solver': 'sag', 'tol': 0.0001, 'verbose': 0, 'warm_start': False}",0.1309652328491211
Coffee,8,10,6,3,KNN,HMM_GMM,1,"{'n_components': 2, 'n_mix': 1, 'covariance_type': 'diag'}",0.62,0.6132457504558081,"{'algorithm': 'auto', 'leaf_size': 30, 'metric': 'chebyshev', 'metric_params': None, 'n_jobs': None, 'n_neighbors': np.int64(5), 'p': 2, 'weights': 'uniform'}",0.07701730728149414
Coffee,8,10,6,3,RandomForest,HMM_GMM,1,"{'n_components': 2, 'n_mix': 1, 'covariance_type': 'diag'}",0.634,0.6155338666051189,"{'bootstrap': True, 'ccp_alpha': 0.0, 'class_weight': None, 'criterion': 'gini', 'max_depth': None, 'max_features': 'sqrt', 'max_leaf_nodes': None, 'max_samples': None, 'min_impurity_decrease': 0.0, 'min_samples_leaf': 4, 'min_samples_split': 2, 'min_weight_fraction_leaf': 0.0, 'monotonic_cst': None, 'n_estimators': 50, 'n_jobs': None, 'oob_score': False, 'random_state': 42, 'verbose': 0, 'warm_start': False}",0.395108699798584
Coffee,8,10,6,3,LinearSVC,HMM_GMM,1,"{'n_components': 2, 'n_mix': 1, 'covariance_type': 'diag'}",0.544,0.5476425256048431,"{'C': np.float64(2.6366508987303554), 'class_weight': 'balanced', 'dual': False, 'fit_intercept': True, 'intercept_scaling': 1, 'loss': 'squared_hinge', 'max_iter': 100, 'multi_class': 'ovr', 'penalty': 'l1', 'random_state': 42, 'tol': 0.0001, 'verbose': 0}",0.04555535316467285
Coffee,8,10,6,3,LogisticRegression,HMM_GMM,1,"{'n_components': 2, 'n_mix': 1, 'covariance_type': 'diag'}",0.498,0.506395104125935,"{'C': np.float64(6.1584821106602545), 'class_weight': None, 'dual': False, 'fit_intercept': True, 'intercept_scaling': 1, 'l1_ratio': None, 'max_iter': 100, 'multi_class': 'deprecated', 'n_jobs': None, 'penalty': 'l2', 'random_state': 42, 'solver': 'lbfgs', 'tol': 0.0001, 'verbose': 0, 'warm_start': False}",0.0355830192565918
Coffee,8,10,6,3,KNN,HMM_GMM,2,"{'n_components': 2, 'n_mix': 4, 'covariance_type': 'tied'}",0.63,0.6325543497696763,"{'algorithm': 'auto', 'leaf_size': 30, 'metric': 'minkowski', 'metric_params': None, 'n_jobs': None, 'n_neighbors': np.int64(13), 'p': 4, 'weights': 'distance'}",0.04198169708251953
Coffee,8,10,6,3,RandomForest,HMM_GMM,2,"{'n_components': 2, 'n_mix': 4, 'covariance_type': 'tied'}",0.748,0.7384239151601651,"{'bootstrap': True, 'ccp_alpha': 0.0, 'class_weight': 'balanced', 'criterion': 'gini', 'max_depth': None, 'max_features': 'sqrt', 'max_leaf_nodes': None, 'max_samples': None, 'min_impurity_decrease': 0.0, 'min_samples_leaf': 1, 'min_samples_split': 2, 'min_weight_fraction_leaf': 0.0, 'monotonic_cst': None, 'n_estimators': 50, 'n_jobs': None, 'oob_score': False, 'random_state': 42, 'verbose': 0, 'warm_start': False}",0.3476262092590332
Coffee,8,10,6,3,LinearSVC,HMM_GMM,2,"{'n_components': 2, 'n_mix': 4, 'covariance_type': 'tied'}",0.694,0.6956317565389327,"{'C': np.float64(33.59818286283781), 'class_weight': 'balanced', 'dual': False, 'fit_intercept': True, 'intercept_scaling': 1, 'loss': 'squared_hinge', 'max_iter': 100, 'multi_class': 'ovr', 'penalty': 'l1', 'random_state': 42, 'tol': 0.0001, 'verbose': 0}",0.06841897964477539
Coffee,8,10,6,3,LogisticRegression,HMM_GMM,2,"{'n_components': 2, 'n_mix': 4, 'covariance_type': 'tied'}",0.776,0.7750966473201475,"{'C': np.float64(2.6366508987303554), 'class_weight': 'balanced', 'dual': False, 'fit_intercept': True, 'intercept_scaling': 1, 'l1_ratio': None, 'max_iter': 100, 'multi_class': 'deprecated', 'n_jobs': None, 'penalty': 'l1', 'random_state': 42, 'solver': 'saga', 'tol': 0.0001, 'verbose': 0, 'warm_start': False}",0.286099910736084
Coffee,8,10,6,3,KNN,HMM_GMM,3,"{'n_components': 1, 'n_mix': 3, 'covariance_type': 'diag'}",0.648,0.6523095862548841,"{'algorithm': 'auto', 'leaf_size': 30, 'metric': 'minkowski', 'metric_params': None, 'n_jobs': None, 'n_neighbors': np.int64(13), 'p': 4, 'weights': 'distance'}",0.04003095626831055
Coffee,8,10,6,3,RandomForest,HMM_GMM,3,"{'n_components': 1, 'n_mix': 3, 'covariance_type': 'diag'}",0.67,0.65763630017452,"{'bootstrap': True, 'ccp_alpha': 0.0, 'class_weight': None, 'criterion': 'gini', 'max_depth': 20, 'max_features': 'sqrt', 'max_leaf_nodes': None, 'max_samples': None, 'min_impurity_decrease': 0.0, 'min_samples_leaf': 4, 'min_samples_split': 5, 'min_weight_fraction_leaf': 0.0, 'monotonic_cst': None, 'n_estimators': 150, 'n_jobs': None, 'oob_score': False, 'random_state': 42, 'verbose': 0, 'warm_start': False}",0.9779279232025146
Coffee,8,10,6,3,LinearSVC,HMM_GMM,3,"{'n_components': 1, 'n_mix': 3, 'covariance_type': 'diag'}",0.564,0.568943640413381,"{'C': np.float64(2.6366508987303554), 'class_weight': 'balanced', 'dual': False, 'fit_intercept': True, 'intercept_scaling': 1, 'loss': 'squared_hinge', 'max_iter': 100, 'multi_class': 'ovr', 'penalty': 'l1', 'random_state': 42, 'tol': 0.0001, 'verbose': 0}",0.05649852752685547
Coffee,8,10,6,3,LogisticRegression,HMM_GMM,3,"{'n_components': 1, 'n_mix': 3, 'covariance_type': 'diag'}",0.504,0.5170209071630872,"{'C': np.float64(33.59818286283781), 'class_weight': None, 'dual': False, 'fit_intercept': True, 'intercept_scaling': 1, 'l1_ratio': None, 'max_iter': 100, 'multi_class': 'deprecated', 'n_jobs': None, 'penalty': 'l2', 'random_state': 42, 'solver': 'saga', 'tol': 0.0001, 'verbose': 0, 'warm_start': False}",0.03373861312866211
Coffee,8,10,6,3,KNN,HMM_GMM,4,"{'n_components': 4, 'n_mix': 3, 'covariance_type': 'diag'}",0.596,0.5929456087506484,"{'algorithm': 'auto', 'leaf_size': 30, 'metric': 'minkowski', 'metric_params': None, 'n_jobs': None, 'n_neighbors': np.int64(13), 'p': 4, 'weights': 'distance'}",0.033820390701293945
Coffee,8,10,6,3,RandomForest,HMM_GMM,4,"{'n_components': 4, 'n_mix': 3, 'covariance_type': 'diag'}",0.622,0.5961879925950693,"{'bootstrap': True, 'ccp_alpha': 0.0, 'class_weight': None, 'criterion': 'gini', 'max_depth': None, 'max_features': 'sqrt', 'max_leaf_nodes': None, 'max_samples': None, 'min_impurity_decrease': 0.0, 'min_samples_leaf': 4, 'min_samples_split': 2, 'min_weight_fraction_leaf': 0.0, 'monotonic_cst': None, 'n_estimators': 50, 'n_jobs': None, 'oob_score': False, 'random_state': 42, 'verbose': 0, 'warm_start': False}",0.3231468200683594
Coffee,8,10,6,3,LinearSVC,HMM_GMM,4,"{'n_components': 4, 'n_mix': 3, 'covariance_type': 'diag'}",0.55,0.5559368225623065,"{'C': np.float64(2.6366508987303554), 'class_weight': 'balanced', 'dual': False, 'fit_intercept': True, 'intercept_scaling': 1, 'loss': 'squared_hinge', 'max_iter': 100, 'multi_class': 'ovr', 'penalty': 'l1', 'random_state': 42, 'tol': 0.0001, 'verbose': 0}",0.06653642654418945
Coffee,8,10,6,3,LogisticRegression,HMM_GMM,4,"{'n_components': 4, 'n_mix': 3, 'covariance_type': 'diag'}",0.604,0.6090348871980266,"{'C': np.float64(1000.0), 'class_weight': 'balanced', 'dual': False, 'fit_intercept': True, 'intercept_scaling': 1, 'l1_ratio': None, 'max_iter': 100, 'multi_class': 'deprecated', 'n_jobs': None, 'penalty': 'l2', 'random_state': 42, 'solver': 'sag', 'tol': 0.0001, 'verbose': 0, 'warm_start': False}",0.06308603286743164
Coffee,8,10,6,3,KNN,HMM_GMM,5,"{'n_components': 1, 'n_mix': 1, 'covariance_type': 'tied'}",0.718,0.7250942863418154,"{'algorithm': 'auto', 'leaf_size': 30, 'metric': 'euclidean', 'metric_params': None, 'n_jobs': None, 'n_neighbors': np.int64(9), 'p': 2, 'weights': 'distance'}",0.015236377716064453
Coffee,8,10,6,3,RandomForest,HMM_GMM,5,"{'n_components': 1, 'n_mix': 1, 'covariance_type': 'tied'}",0.756,0.7526881564964686,"{'bootstrap': True, 'ccp_alpha': 0.0, 'class_weight': 'balanced', 'criterion': 'gini', 'max_depth': None, 'max_features': 'sqrt', 'max_leaf_nodes': None, 'max_samples': None, 'min_impurity_decrease': 0.0, 'min_samples_leaf': 1, 'min_samples_split': 2, 'min_weight_fraction_leaf': 0.0, 'monotonic_cst': None, 'n_estimators': 50, 'n_jobs': None, 'oob_score': False, 'random_state': 42, 'verbose': 0, 'warm_start': False}",0.38103675842285156
Coffee,8,10,6,3,LinearSVC,HMM_GMM,5,"{'n_components': 1, 'n_mix': 1, 'covariance_type': 'tied'}",0.616,0.6187364186129869,"{'C': np.float64(2.6366508987303554), 'class_weight': 'balanced', 'dual': False, 'fit_intercept': True, 'intercept_scaling': 1, 'loss': 'squared_hinge', 'max_iter': 100, 'multi_class': 'ovr', 'penalty': 'l1', 'random_state': 42, 'tol': 0.0001, 'verbose': 0}",0.0709083080291748
Coffee,8,10,6,3,LogisticRegression,HMM_GMM,5,"{'n_components': 1, 'n_mix': 1, 'covariance_type': 'tied'}",0.686,0.6896427860104694,"{'C': np.float64(33.59818286283781), 'class_weight': 'balanced', 'dual': False, 'fit_intercept': True, 'intercept_scaling': 1, 'l1_ratio': None, 'max_iter': 100, 'multi_class': 'deprecated', 'n_jobs': None, 'penalty': 'l2', 'random_state': 42, 'solver': 'saga', 'tol': 0.0001, 'verbose': 0, 'warm_start': False}",0.22166943550109863
Coffee,8,10,6,3,KNN,HMM_GMM,6,"{'n_components': 4, 'n_mix': 3, 'covariance_type': 'diag'}",0.596,0.5929456087506484,"{'algorithm': 'auto', 'leaf_size': 30, 'metric': 'minkowski', 'metric_params': None, 'n_jobs': None, 'n_neighbors': np.int64(13), 'p': 4, 'weights': 'distance'}",0.03490090370178223
Coffee,8,10,6,3,RandomForest,HMM_GMM,6,"{'n_components': 4, 'n_mix': 3, 'covariance_type': 'diag'}",0.62,0.5964095444027162,"{'bootstrap': True, 'ccp_alpha': 0.0, 'class_weight': None, 'criterion': 'gini', 'max_depth': None, 'max_features': 'sqrt', 'max_leaf_nodes': None, 'max_samples': None, 'min_impurity_decrease': 0.0, 'min_samples_leaf': 4, 'min_samples_split': 2, 'min_weight_fraction_leaf': 0.0, 'monotonic_cst': None, 'n_estimators': 50, 'n_jobs': None, 'oob_score': False, 'random_state': 42, 'verbose': 0, 'warm_start': False}",0.3742344379425049
Coffee,8,10,6,3,LinearSVC,HMM_GMM,6,"{'n_components': 4, 'n_mix': 3, 'covariance_type': 'diag'}",0.55,0.5559368225623065,"{'C': np.float64(2.6366508987303554), 'class_weight': 'balanced', 'dual': False, 'fit_intercept': True, 'intercept_scaling': 1, 'loss': 'squared_hinge', 'max_iter': 100, 'multi_class': 'ovr', 'penalty': 'l1', 'random_state': 42, 'tol': 0.0001, 'verbose': 0}",0.0753011703491211
Coffee,8,10,6,3,LogisticRegression,HMM_GMM,6,"{'n_components': 4, 'n_mix': 3, 'covariance_type': 'diag'}",0.604,0.6090348871980266,"{'C': np.float64(1000.0), 'class_weight': 'balanced', 'dual': False, 'fit_intercept': True, 'intercept_scaling': 1, 'l1_ratio': None, 'max_iter': 100, 'multi_class': 'deprecated', 'n_jobs': None, 'penalty': 'l2', 'random_state': 42, 'solver': 'sag', 'tol': 0.0001, 'verbose': 0, 'warm_start': False}",0.07189822196960449
Coffee,8,10,6,3,KNN,HMM_GMM,7,"{'n_components': 2, 'n_mix': 5, 'covariance_type': 'diag'}",0.718,0.7245323190173618,"{'algorithm': 'auto', 'leaf_size': 30, 'metric': 'minkowski', 'metric_params': None, 'n_jobs': None, 'n_neighbors': np.int64(13), 'p': 4, 'weights': 'distance'}",0.04346728324890137
Coffee,8,10,6,3,RandomForest,HMM_GMM,7,"{'n_components': 2, 'n_mix': 5, 'covariance_type': 'diag'}",0.72,0.7101408915568208,"{'bootstrap': True, 'ccp_alpha': 0.0, 'class_weight': None, 'criterion': 'gini', 'max_depth': 30, 'max_features': 'sqrt', 'max_leaf_nodes': None, 'max_samples': None, 'min_impurity_decrease': 0.0, 'min_samples_leaf': 4, 'min_samples_split': 10, 'min_weight_fraction_leaf': 0.0, 'monotonic_cst': None, 'n_estimators': 150, 'n_jobs': None, 'oob_score': False, 'random_state': 42, 'verbose': 0, 'warm_start': False}",0.9522132873535156
Coffee,8,10,6,3,LinearSVC,HMM_GMM,7,"{'n_components': 2, 'n_mix': 5, 'covariance_type': 'diag'}",0.534,0.5372063260894301,"{'C': np.float64(2.6366508987303554), 'class_weight': 'balanced', 'dual': False, 'fit_intercept': True, 'intercept_scaling': 1, 'loss': 'squared_hinge', 'max_iter': 100, 'multi_class': 'ovr', 'penalty': 'l1', 'random_state': 42, 'tol': 0.0001, 'verbose': 0}",0.0610198974609375
Coffee,8,10,6,3,LogisticRegression,HMM_GMM,7,"{'n_components': 2, 'n_mix': 5, 'covariance_type': 'diag'}",0.58,0.5832999696104729,"{'C': np.float64(33.59818286283781), 'class_weight': 'balanced', 'dual': False, 'fit_intercept': True, 'intercept_scaling': 1, 'l1_ratio': None, 'max_iter': 100, 'multi_class': 'deprecated', 'n_jobs': None, 'penalty': 'l2', 'random_state': 42, 'solver': 'saga', 'tol': 0.0001, 'verbose': 0, 'warm_start': False}",0.05516409873962402
Coffee,8,10,6,3,KNN,HMM_GMM,8,"{'n_components': 1, 'n_mix': 3, 'covariance_type': 'full'}",0.648,0.6570140582475459,"{'algorithm': 'auto', 'leaf_size': 30, 'metric': 'chebyshev', 'metric_params': None, 'n_jobs': None, 'n_neighbors': np.int64(5), 'p': 2, 'weights': 'uniform'}",0.0362396240234375
Coffee,8,10,6,3,RandomForest,HMM_GMM,8,"{'n_components': 1, 'n_mix': 3, 'covariance_type': 'full'}",0.748,0.7519867170502691,"{'bootstrap': True, 'ccp_alpha': 0.0, 'class_weight': None, 'criterion': 'gini', 'max_depth': 20, 'max_features': 'sqrt', 'max_leaf_nodes': None, 'max_samples': None, 'min_impurity_decrease': 0.0, 'min_samples_leaf': 4, 'min_samples_split': 5, 'min_weight_fraction_leaf': 0.0, 'monotonic_cst': None, 'n_estimators': 150, 'n_jobs': None, 'oob_score': False, 'random_state': 42, 'verbose': 0, 'warm_start': False}",0.9734077453613281
Coffee,8,10,6,3,LinearSVC,HMM_GMM,8,"{'n_components': 1, 'n_mix': 3, 'covariance_type': 'full'}",0.594,0.592993446087528,"{'C': np.float64(33.59818286283781), 'class_weight': 'balanced', 'dual': False, 'fit_intercept': True, 'intercept_scaling': 1, 'loss': 'squared_hinge', 'max_iter': 100, 'multi_class': 'ovr', 'penalty': 'l1', 'random_state': 42, 'tol': 0.001, 'verbose': 0}",0.06852579116821289
Coffee,8,10,6,3,LogisticRegression,HMM_GMM,8,"{'n_components': 1, 'n_mix': 3, 'covariance_type': 'full'}",0.772,0.7734685686924594,"{'C': np.float64(1000.0), 'class_weight': 'balanced', 'dual': False, 'fit_intercept': True, 'intercept_scaling': 1, 'l1_ratio': None, 'max_iter': 100, 'multi_class': 'deprecated', 'n_jobs': None, 'penalty': 'l2', 'random_state': 42, 'solver': 'sag', 'tol': 0.0001, 'verbose': 0, 'warm_start': False}",0.19723916053771973
Coffee,8,10,6,3,KNN,HMM_GMM,9,"{'n_components': 5, 'n_mix': 1, 'covariance_type': 'diag'}",0.622,0.6218876117610296,"{'algorithm': 'auto', 'leaf_size': 30, 'metric': 'minkowski', 'metric_params': None, 'n_jobs': None, 'n_neighbors': np.int64(13), 'p': 4, 'weights': 'distance'}",0.03223705291748047
Coffee,8,10,6,3,RandomForest,HMM_GMM,9,"{'n_components': 5, 'n_mix': 1, 'covariance_type': 'diag'}",0.66,0.6405188029905339,"{'bootstrap': True, 'ccp_alpha': 0.0, 'class_weight': None, 'criterion': 'gini', 'max_depth': 30, 'max_features': 'sqrt', 'max_leaf_nodes': None, 'max_samples': None, 'min_impurity_decrease': 0.0, 'min_samples_leaf': 4, 'min_samples_split': 10, 'min_weight_fraction_leaf': 0.0, 'monotonic_cst': None, 'n_estimators': 150, 'n_jobs': None, 'oob_score': False, 'random_state': 42, 'verbose': 0, 'warm_start': False}",0.9794902801513672
Coffee,8,10,6,3,LinearSVC,HMM_GMM,9,"{'n_components': 5, 'n_mix': 1, 'covariance_type': 'diag'}",0.482,0.48603729536115325,"{'C': np.float64(2.6366508987303554), 'class_weight': 'balanced', 'dual': False, 'fit_intercept': True, 'intercept_scaling': 1, 'loss': 'squared_hinge', 'max_iter': 100, 'multi_class': 'ovr', 'penalty': 'l1', 'random_state': 42, 'tol': 0.0001, 'verbose': 0}",0.06437802314758301
Coffee,8,10,6,3,LogisticRegression,HMM_GMM,9,"{'n_components': 5, 'n_mix': 1, 'covariance_type': 'diag'}",0.422,0.4383443672434606,"{'C': np.float64(183.29807108324337), 'class_weight': None, 'dual': False, 'fit_intercept': True, 'intercept_scaling': 1, 'l1_ratio': None, 'max_iter': 100, 'multi_class': 'deprecated', 'n_jobs': None, 'penalty': 'l2', 'random_state': 42, 'solver': 'saga', 'tol': 0.0001, 'verbose': 0, 'warm_start': False}",0.06890869140625
Coffee,8,10,6,3,KNN,HMM_GMM,10,"{'n_components': 3, 'n_mix': 5, 'covariance_type': 'diag'}",0.734,0.7397044057853087,"{'algorithm': 'auto', 'leaf_size': 30, 'metric': 'minkowski', 'metric_params': None, 'n_jobs': None, 'n_neighbors': np.int64(13), 'p': 4, 'weights': 'distance'}",0.03216886520385742
Coffee,8,10,6,3,RandomForest,HMM_GMM,10,"{'n_components': 3, 'n_mix': 5, 'covariance_type': 'diag'}",0.646,0.6354620554757892,"{'bootstrap': True, 'ccp_alpha': 0.0, 'class_weight': None, 'criterion': 'gini', 'max_depth': 10, 'max_features': 'sqrt', 'max_leaf_nodes': None, 'max_samples': None, 'min_impurity_decrease': 0.0, 'min_samples_leaf': 4, 'min_samples_split': 2, 'min_weight_fraction_leaf': 0.0, 'monotonic_cst': None, 'n_estimators': 50, 'n_jobs': None, 'oob_score': False, 'random_state': 42, 'verbose': 0, 'warm_start': False}",0.3135693073272705
Coffee,8,10,6,3,LinearSVC,HMM_GMM,10,"{'n_components': 3, 'n_mix': 5, 'covariance_type': 'diag'}",0.614,0.6155025285758035,"{'C': np.float64(1000.0), 'class_weight': 'balanced', 'dual': False, 'fit_intercept': True, 'intercept_scaling': 1, 'loss': 'squared_hinge', 'max_iter': 100, 'multi_class': 'ovr', 'penalty': 'l2', 'random_state': 42, 'tol': 0.001, 'verbose': 0}",0.020876169204711914
Coffee,8,10,6,3,LogisticRegression,HMM_GMM,10,"{'n_components': 3, 'n_mix': 5, 'covariance_type': 'diag'}",0.614,0.6147186147186148,"{'C': np.float64(2.6366508987303554), 'class_weight': 'balanced', 'dual': False, 'fit_intercept': True, 'intercept_scaling': 1, 'l1_ratio': None, 'max_iter': 100, 'multi_class': 'deprecated', 'n_jobs': None, 'penalty': 'l1', 'random_state': 42, 'solver': 'saga', 'tol': 0.0001, 'verbose': 0, 'warm_start': False}",0.27741241455078125
Coffee,8,10,6,5,KNN,HMM_GMM,1,"{'n_components': 2, 'n_mix': 1, 'covariance_type': 'diag'}",0.618,0.6184777683459871,"{'algorithm': 'auto', 'leaf_size': 30, 'metric': 'minkowski', 'metric_params': None, 'n_jobs': None, 'n_neighbors': 5, 'p': 2, 'weights': 'uniform'}",0.03922629356384277
Coffee,8,10,6,5,RandomForest,HMM_GMM,1,"{'n_components': 2, 'n_mix': 1, 'covariance_type': 'diag'}",0.622,0.5998630110922962,"{'bootstrap': True, 'ccp_alpha': 0.0, 'class_weight': None, 'criterion': 'gini', 'max_depth': None, 'max_features': 'sqrt', 'max_leaf_nodes': None, 'max_samples': None, 'min_impurity_decrease': 0.0, 'min_samples_leaf': 1, 'min_samples_split': 2, 'min_weight_fraction_leaf': 0.0, 'monotonic_cst': None, 'n_estimators': 100, 'n_jobs': None, 'oob_score': False, 'random_state': 42, 'verbose': 0, 'warm_start': False}",0.9198791980743408
Coffee,8,10,6,5,LinearSVC,HMM_GMM,1,"{'n_components': 2, 'n_mix': 1, 'covariance_type': 'diag'}",0.502,0.5067481514385925,"{'C': 1.0, 'class_weight': None, 'dual': False, 'fit_intercept': True, 'intercept_scaling': 1, 'loss': 'squared_hinge', 'max_iter': 100, 'multi_class': 'ovr', 'penalty': 'l2', 'random_state': 42, 'tol': 0.0001, 'verbose': 0}",0.03154182434082031
Coffee,8,10,6,5,LogisticRegression,HMM_GMM,1,"{'n_components': 2, 'n_mix': 1, 'covariance_type': 'diag'}",0.476,0.4828081454853108,"{'C': 1.0, 'class_weight': None, 'dual': False, 'fit_intercept': True, 'intercept_scaling': 1, 'l1_ratio': None, 'max_iter': 100, 'multi_class': 'deprecated', 'n_jobs': None, 'penalty': 'l2', 'random_state': 42, 'solver': 'lbfgs', 'tol': 0.0001, 'verbose': 0, 'warm_start': False}",0.0481104850769043
Coffee,8,10,6,5,KNN,HMM_GMM,2,"{'n_components': 2, 'n_mix': 4, 'covariance_type': 'tied'}",0.624,0.6254397298736506,"{'algorithm': 'auto', 'leaf_size': 30, 'metric': 'minkowski', 'metric_params': None, 'n_jobs': None, 'n_neighbors': 5, 'p': 2, 'weights': 'uniform'}",0.04293656349182129
Coffee,8,10,6,5,RandomForest,HMM_GMM,2,"{'n_components': 2, 'n_mix': 4, 'covariance_type': 'tied'}",0.69,0.6769205187894911,"{'bootstrap': True, 'ccp_alpha': 0.0, 'class_weight': None, 'criterion': 'gini', 'max_depth': None, 'max_features': 'sqrt', 'max_leaf_nodes': None, 'max_samples': None, 'min_impurity_decrease': 0.0, 'min_samples_leaf': 1, 'min_samples_split': 2, 'min_weight_fraction_leaf': 0.0, 'monotonic_cst': None, 'n_estimators': 100, 'n_jobs': None, 'oob_score': False, 'random_state': 42, 'verbose': 0, 'warm_start': False}",0.904278039932251
Coffee,8,10,6,5,LinearSVC,HMM_GMM,2,"{'n_components': 2, 'n_mix': 4, 'covariance_type': 'tied'}",0.726,0.7252628880082841,"{'C': 1.0, 'class_weight': None, 'dual': False, 'fit_intercept': True, 'intercept_scaling': 1, 'loss': 'squared_hinge', 'max_iter': 100, 'multi_class': 'ovr', 'penalty': 'l2', 'random_state': 42, 'tol': 0.0001, 'verbose': 0}",0.05367922782897949
Coffee,8,10,6,5,LogisticRegression,HMM_GMM,2,"{'n_components': 2, 'n_mix': 4, 'covariance_type': 'tied'}",0.752,0.7487477516695857,"{'C': 1.0, 'class_weight': None, 'dual': False, 'fit_intercept': True, 'intercept_scaling': 1, 'l1_ratio': None, 'max_iter': 100, 'multi_class': 'deprecated', 'n_jobs': None, 'penalty': 'l2', 'random_state': 42, 'solver': 'lbfgs', 'tol': 0.0001, 'verbose': 0, 'warm_start': False}",0.30631446838378906
Coffee,8,10,6,5,KNN,HMM_GMM,3,"{'n_components': 1, 'n_mix': 3, 'covariance_type': 'diag'}",0.62,0.6207826444919223,"{'algorithm': 'auto', 'leaf_size': 30, 'metric': 'minkowski', 'metric_params': None, 'n_jobs': None, 'n_neighbors': 5, 'p': 2, 'weights': 'uniform'}",0.04499340057373047
Coffee,8,10,6,5,RandomForest,HMM_GMM,3,"{'n_components': 1, 'n_mix': 3, 'covariance_type': 'diag'}",0.694,0.6840227196051921,"{'bootstrap': True, 'ccp_alpha': 0.0, 'class_weight': None, 'criterion': 'gini', 'max_depth': None, 'max_features': 'sqrt', 'max_leaf_nodes': None, 'max_samples': None, 'min_impurity_decrease': 0.0, 'min_samples_leaf': 1, 'min_samples_split': 2, 'min_weight_fraction_leaf': 0.0, 'monotonic_cst': None, 'n_estimators': 100, 'n_jobs': None, 'oob_score': False, 'random_state': 42, 'verbose': 0, 'warm_start': False}",1.0583250522613525
Coffee,8,10,6,5,LinearSVC,HMM_GMM,3,"{'n_components': 1, 'n_mix': 3, 'covariance_type': 'diag'}",0.538,0.5431669608944525,"{'C': 1.0, 'class_weight': None, 'dual': False, 'fit_intercept': True, 'intercept_scaling': 1, 'loss': 'squared_hinge', 'max_iter': 100, 'multi_class': 'ovr', 'penalty': 'l2', 'random_state': 42, 'tol': 0.0001, 'verbose': 0}",0.03716015815734863
Coffee,8,10,6,5,LogisticRegression,HMM_GMM,3,"{'n_components': 1, 'n_mix': 3, 'covariance_type': 'diag'}",0.466,0.4786566101281461,"{'C': 1.0, 'class_weight': None, 'dual': False, 'fit_intercept': True, 'intercept_scaling': 1, 'l1_ratio': None, 'max_iter': 100, 'multi_class': 'deprecated', 'n_jobs': None, 'penalty': 'l2', 'random_state': 42, 'solver': 'lbfgs', 'tol': 0.0001, 'verbose': 0, 'warm_start': False}",0.1352705955505371
Coffee,8,10,6,5,KNN,HMM_GMM,4,"{'n_components': 4, 'n_mix': 3, 'covariance_type': 'diag'}",0.6,0.597182162924536,"{'algorithm': 'auto', 'leaf_size': 30, 'metric': 'minkowski', 'metric_params': None, 'n_jobs': None, 'n_neighbors': 5, 'p': 2, 'weights': 'uniform'}",0.04340004920959473
Coffee,8,10,6,5,RandomForest,HMM_GMM,4,"{'n_components': 4, 'n_mix': 3, 'covariance_type': 'diag'}",0.624,0.602003309816218,"{'bootstrap': True, 'ccp_alpha': 0.0, 'class_weight': None, 'criterion': 'gini', 'max_depth': None, 'max_features': 'sqrt', 'max_leaf_nodes': None, 'max_samples': None, 'min_impurity_decrease': 0.0, 'min_samples_leaf': 1, 'min_samples_split': 2, 'min_weight_fraction_leaf': 0.0, 'monotonic_cst': None, 'n_estimators': 100, 'n_jobs': None, 'oob_score': False, 'random_state': 42, 'verbose': 0, 'warm_start': False}",0.9343881607055664
Coffee,8,10,6,5,LinearSVC,HMM_GMM,4,"{'n_components': 4, 'n_mix': 3, 'covariance_type': 'diag'}",0.496,0.504027066587655,"{'C': 1.0, 'class_weight': None, 'dual': False, 'fit_intercept': True, 'intercept_scaling': 1, 'loss': 'squared_hinge', 'max_iter': 100, 'multi_class': 'ovr', 'penalty': 'l2', 'random_state': 42, 'tol': 0.0001, 'verbose': 0}",0.04297947883605957
Coffee,8,10,6,5,LogisticRegression,HMM_GMM,4,"{'n_components': 4, 'n_mix': 3, 'covariance_type': 'diag'}",0.564,0.5736189492233448,"{'C': 1.0, 'class_weight': None, 'dual': False, 'fit_intercept': True, 'intercept_scaling': 1, 'l1_ratio': None, 'max_iter': 100, 'multi_class': 'deprecated', 'n_jobs': None, 'penalty': 'l2', 'random_state': 42, 'solver': 'lbfgs', 'tol': 0.0001, 'verbose': 0, 'warm_start': False}",0.2867600917816162
Coffee,8,10,6,5,KNN,HMM_GMM,5,"{'n_components': 1, 'n_mix': 1, 'covariance_type': 'tied'}",0.718,0.7250942863418154,"{'algorithm': 'auto', 'leaf_size': 30, 'metric': 'minkowski', 'metric_params': None, 'n_jobs': None, 'n_neighbors': 5, 'p': 2, 'weights': 'uniform'}",0.04780220985412598
Coffee,8,10,6,5,RandomForest,HMM_GMM,5,"{'n_components': 1, 'n_mix': 1, 'covariance_type': 'tied'}",0.744,0.7399322464739594,"{'bootstrap': True, 'ccp_alpha': 0.0, 'class_weight': None, 'criterion': 'gini', 'max_depth': None, 'max_features': 'sqrt', 'max_leaf_nodes': None, 'max_samples': None, 'min_impurity_decrease': 0.0, 'min_samples_leaf': 1, 'min_samples_split': 2, 'min_weight_fraction_leaf': 0.0, 'monotonic_cst': None, 'n_estimators': 100, 'n_jobs': None, 'oob_score': False, 'random_state': 42, 'verbose': 0, 'warm_start': False}",1.063143014907837
Coffee,8,10,6,5,LinearSVC,HMM_GMM,5,"{'n_components': 1, 'n_mix': 1, 'covariance_type': 'tied'}",0.616,0.6187364186129869,"{'C': 1.0, 'class_weight': None, 'dual': False, 'fit_intercept': True, 'intercept_scaling': 1, 'loss': 'squared_hinge', 'max_iter': 100, 'multi_class': 'ovr', 'penalty': 'l2', 'random_state': 42, 'tol': 0.0001, 'verbose': 0}",0.057440996170043945
Coffee,8,10,6,5,LogisticRegression,HMM_GMM,5,"{'n_components': 1, 'n_mix': 1, 'covariance_type': 'tied'}",0.628,0.6307025791346349,"{'C': 1.0, 'class_weight': None, 'dual': False, 'fit_intercept': True, 'intercept_scaling': 1, 'l1_ratio': None, 'max_iter': 100, 'multi_class': 'deprecated', 'n_jobs': None, 'penalty': 'l2', 'random_state': 42, 'solver': 'lbfgs', 'tol': 0.0001, 'verbose': 0, 'warm_start': False}",0.32183408737182617
Coffee,8,10,6,5,KNN,HMM_GMM,6,"{'n_components': 4, 'n_mix': 3, 'covariance_type': 'diag'}",0.6,0.597182162924536,"{'algorithm': 'auto', 'leaf_size': 30, 'metric': 'minkowski', 'metric_params': None, 'n_jobs': None, 'n_neighbors': 5, 'p': 2, 'weights': 'uniform'}",0.04372072219848633
Coffee,8,10,6,5,RandomForest,HMM_GMM,6,"{'n_components': 4, 'n_mix': 3, 'covariance_type': 'diag'}",0.63,0.6117487207554712,"{'bootstrap': True, 'ccp_alpha': 0.0, 'class_weight': None, 'criterion': 'gini', 'max_depth': None, 'max_features': 'sqrt', 'max_leaf_nodes': None, 'max_samples': None, 'min_impurity_decrease': 0.0, 'min_samples_leaf': 1, 'min_samples_split': 2, 'min_weight_fraction_leaf': 0.0, 'monotonic_cst': None, 'n_estimators': 100, 'n_jobs': None, 'oob_score': False, 'random_state': 42, 'verbose': 0, 'warm_start': False}",0.897362470626831
Coffee,8,10,6,5,LinearSVC,HMM_GMM,6,"{'n_components': 4, 'n_mix': 3, 'covariance_type': 'diag'}",0.496,0.504027066587655,"{'C': 1.0, 'class_weight': None, 'dual': False, 'fit_intercept': True, 'intercept_scaling': 1, 'loss': 'squared_hinge', 'max_iter': 100, 'multi_class': 'ovr', 'penalty': 'l2', 'random_state': 42, 'tol': 0.0001, 'verbose': 0}",0.03935360908508301
Coffee,8,10,6,5,LogisticRegression,HMM_GMM,6,"{'n_components': 4, 'n_mix': 3, 'covariance_type': 'diag'}",0.564,0.5736189492233448,"{'C': 1.0, 'class_weight': None, 'dual': False, 'fit_intercept': True, 'intercept_scaling': 1, 'l1_ratio': None, 'max_iter': 100, 'multi_class': 'deprecated', 'n_jobs': None, 'penalty': 'l2', 'random_state': 42, 'solver': 'lbfgs', 'tol': 0.0001, 'verbose': 0, 'warm_start': False}",0.0952763557434082
Coffee,8,10,6,5,KNN,HMM_GMM,7,"{'n_components': 2, 'n_mix': 5, 'covariance_type': 'diag'}",0.63,0.6321395232860054,"{'algorithm': 'auto', 'leaf_size': 30, 'metric': 'minkowski', 'metric_params': None, 'n_jobs': None, 'n_neighbors': 5, 'p': 2, 'weights': 'uniform'}",0.038221120834350586
Coffee,8,10,6,5,RandomForest,HMM_GMM,7,"{'n_components': 2, 'n_mix': 5, 'covariance_type': 'diag'}",0.752,0.7448545974948276,"{'bootstrap': True, 'ccp_alpha': 0.0, 'class_weight': None, 'criterion': 'gini', 'max_depth': None, 'max_features': 'sqrt', 'max_leaf_nodes': None, 'max_samples': None, 'min_impurity_decrease': 0.0, 'min_samples_leaf': 1, 'min_samples_split': 2, 'min_weight_fraction_leaf': 0.0, 'monotonic_cst': None, 'n_estimators': 100, 'n_jobs': None, 'oob_score': False, 'random_state': 42, 'verbose': 0, 'warm_start': False}",0.8345170021057129
Coffee,8,10,6,5,LinearSVC,HMM_GMM,7,"{'n_components': 2, 'n_mix': 5, 'covariance_type': 'diag'}",0.548,0.5468259819728846,"{'C': 1.0, 'class_weight': None, 'dual': False, 'fit_intercept': True, 'intercept_scaling': 1, 'loss': 'squared_hinge', 'max_iter': 100, 'multi_class': 'ovr', 'penalty': 'l2', 'random_state': 42, 'tol': 0.0001, 'verbose': 0}",0.040129661560058594
Coffee,8,10,6,5,LogisticRegression,HMM_GMM,7,"{'n_components': 2, 'n_mix': 5, 'covariance_type': 'diag'}",0.548,0.5481372951141624,"{'C': 1.0, 'class_weight': None, 'dual': False, 'fit_intercept': True, 'intercept_scaling': 1, 'l1_ratio': None, 'max_iter': 100, 'multi_class': 'deprecated', 'n_jobs': None, 'penalty': 'l2', 'random_state': 42, 'solver': 'lbfgs', 'tol': 0.0001, 'verbose': 0, 'warm_start': False}",0.07820677757263184
Coffee,8,10,6,5,KNN,HMM_GMM,8,"{'n_components': 1, 'n_mix': 3, 'covariance_type': 'full'}",0.626,0.626447604677453,"{'algorithm': 'auto', 'leaf_size': 30, 'metric': 'minkowski', 'metric_params': None, 'n_jobs': None, 'n_neighbors': 5, 'p': 2, 'weights': 'uniform'}",0.03783988952636719
Coffee,8,10,6,5,RandomForest,HMM_GMM,8,"{'n_components': 1, 'n_mix': 3, 'covariance_type': 'full'}",0.696,0.6932295685810645,"{'bootstrap': True, 'ccp_alpha': 0.0, 'class_weight': None, 'criterion': 'gini', 'max_depth': None, 'max_features': 'sqrt', 'max_leaf_nodes': None, 'max_samples': None, 'min_impurity_decrease': 0.0, 'min_samples_leaf': 1, 'min_samples_split': 2, 'min_weight_fraction_leaf': 0.0, 'monotonic_cst': None, 'n_estimators': 100, 'n_jobs': None, 'oob_score': False, 'random_state': 42, 'verbose': 0, 'warm_start': False}",0.8991119861602783
Coffee,8,10,6,5,LinearSVC,HMM_GMM,8,"{'n_components': 1, 'n_mix': 3, 'covariance_type': 'full'}",0.646,0.6479557788073975,"{'C': 1.0, 'class_weight': None, 'dual': False, 'fit_intercept': True, 'intercept_scaling': 1, 'loss': 'squared_hinge', 'max_iter': 100, 'multi_class': 'ovr', 'penalty': 'l2', 'random_state': 42, 'tol': 0.0001, 'verbose': 0}",0.04464530944824219
Coffee,8,10,6,5,LogisticRegression,HMM_GMM,8,"{'n_components': 1, 'n_mix': 3, 'covariance_type': 'full'}",0.744,0.7488177277638878,"{'C': 1.0, 'class_weight': None, 'dual': False, 'fit_intercept': True, 'intercept_scaling': 1, 'l1_ratio': None, 'max_iter': 100, 'multi_class': 'deprecated', 'n_jobs': None, 'penalty': 'l2', 'random_state': 42, 'solver': 'lbfgs', 'tol': 0.0001, 'verbose': 0, 'warm_start': False}",0.18692278861999512
Coffee,8,10,6,5,KNN,HMM_GMM,9,"{'n_components': 5, 'n_mix': 1, 'covariance_type': 'diag'}",0.628,0.6298897911219508,"{'algorithm': 'auto', 'leaf_size': 30, 'metric': 'minkowski', 'metric_params': None, 'n_jobs': None, 'n_neighbors': 5, 'p': 2, 'weights': 'uniform'}",0.0380094051361084
Coffee,8,10,6,5,RandomForest,HMM_GMM,9,"{'n_components': 5, 'n_mix': 1, 'covariance_type': 'diag'}",0.666,0.6420729110215067,"{'bootstrap': True, 'ccp_alpha': 0.0, 'class_weight': None, 'criterion': 'gini', 'max_depth': None, 'max_features': 'sqrt', 'max_leaf_nodes': None, 'max_samples': None, 'min_impurity_decrease': 0.0, 'min_samples_leaf': 1, 'min_samples_split': 2, 'min_weight_fraction_leaf': 0.0, 'monotonic_cst': None, 'n_estimators': 100, 'n_jobs': None, 'oob_score': False, 'random_state': 42, 'verbose': 0, 'warm_start': False}",0.8646292686462402
Coffee,8,10,6,5,LinearSVC,HMM_GMM,9,"{'n_components': 5, 'n_mix': 1, 'covariance_type': 'diag'}",0.448,0.4513841996929782,"{'C': 1.0, 'class_weight': None, 'dual': False, 'fit_intercept': True, 'intercept_scaling': 1, 'loss': 'squared_hinge', 'max_iter': 100, 'multi_class': 'ovr', 'penalty': 'l2', 'random_state': 42, 'tol': 0.0001, 'verbose': 0}",0.035929203033447266
Coffee,8,10,6,5,LogisticRegression,HMM_GMM,9,"{'n_components': 5, 'n_mix': 1, 'covariance_type': 'diag'}",0.392,0.40658128307296604,"{'C': 1.0, 'class_weight': None, 'dual': False, 'fit_intercept': True, 'intercept_scaling': 1, 'l1_ratio': None, 'max_iter': 100, 'multi_class': 'deprecated', 'n_jobs': None, 'penalty': 'l2', 'random_state': 42, 'solver': 'lbfgs', 'tol': 0.0001, 'verbose': 0, 'warm_start': False}",0.08339786529541016
Coffee,8,10,6,5,KNN,HMM_GMM,10,"{'n_components': 3, 'n_mix': 5, 'covariance_type': 'diag'}",0.66,0.6647402832501217,"{'algorithm': 'auto', 'leaf_size': 30, 'metric': 'minkowski', 'metric_params': None, 'n_jobs': None, 'n_neighbors': 5, 'p': 2, 'weights': 'uniform'}",0.03813028335571289
Coffee,8,10,6,5,RandomForest,HMM_GMM,10,"{'n_components': 3, 'n_mix': 5, 'covariance_type': 'diag'}",0.682,0.6724764881347357,"{'bootstrap': True, 'ccp_alpha': 0.0, 'class_weight': None, 'criterion': 'gini', 'max_depth': None, 'max_features': 'sqrt', 'max_leaf_nodes': None, 'max_samples': None, 'min_impurity_decrease': 0.0, 'min_samples_leaf': 1, 'min_samples_split': 2, 'min_weight_fraction_leaf': 0.0, 'monotonic_cst': None, 'n_estimators': 100, 'n_jobs': None, 'oob_score': False, 'random_state': 42, 'verbose': 0, 'warm_start': False}",0.7806477546691895
Coffee,8,10,6,5,LinearSVC,HMM_GMM,10,"{'n_components': 3, 'n_mix': 5, 'covariance_type': 'diag'}",0.6,0.6004923935789106,"{'C': 1.0, 'class_weight': None, 'dual': False, 'fit_intercept': True, 'intercept_scaling': 1, 'loss': 'squared_hinge', 'max_iter': 100, 'multi_class': 'ovr', 'penalty': 'l2', 'random_state': 42, 'tol': 0.0001, 'verbose': 0}",0.03685116767883301
Coffee,8,10,6,5,LogisticRegression,HMM_GMM,10,"{'n_components': 3, 'n_mix': 5, 'covariance_type': 'diag'}",0.584,0.589251538096117,"{'C': 1.0, 'class_weight': None, 'dual': False, 'fit_intercept': True, 'intercept_scaling': 1, 'l1_ratio': None, 'max_iter': 100, 'multi_class': 'deprecated', 'n_jobs': None, 'penalty': 'l2', 'random_state': 42, 'solver': 'lbfgs', 'tol': 0.0001, 'verbose': 0, 'warm_start': False}",0.11583113670349121
Coffee,8,10,6,10,KNN,HMM_GMM,1,"{'n_components': 2, 'n_mix': 1, 'covariance_type': 'diag'}",0.618,0.6184777683459871,"{'algorithm': 'auto', 'leaf_size': 30, 'metric': 'minkowski', 'metric_params': None, 'n_jobs': None, 'n_neighbors': 5, 'p': 2, 'weights': 'uniform'}",0.05892443656921387
Coffee,8,10,6,10,RandomForest,HMM_GMM,1,"{'n_components': 2, 'n_mix': 1, 'covariance_type': 'diag'}",0.642,0.6216508737164474,"{'bootstrap': True, 'ccp_alpha': 0.0, 'class_weight': None, 'criterion': 'gini', 'max_depth': None, 'max_features': 'sqrt', 'max_leaf_nodes': None, 'max_samples': None, 'min_impurity_decrease': 0.0, 'min_samples_leaf': 1, 'min_samples_split': 2, 'min_weight_fraction_leaf': 0.0, 'monotonic_cst': None, 'n_estimators': 100, 'n_jobs': None, 'oob_score': False, 'random_state': 42, 'verbose': 0, 'warm_start': False}",1.345369815826416
Coffee,8,10,6,10,LinearSVC,HMM_GMM,1,"{'n_components': 2, 'n_mix': 1, 'covariance_type': 'diag'}",0.484,0.4873281089534621,"{'C': 1.0, 'class_weight': None, 'dual': False, 'fit_intercept': True, 'intercept_scaling': 1, 'loss': 'squared_hinge', 'max_iter': 100, 'multi_class': 'ovr', 'penalty': 'l2', 'random_state': 42, 'tol': 0.0001, 'verbose': 0}",0.06734061241149902
Coffee,8,10,6,10,LogisticRegression,HMM_GMM,1,"{'n_components': 2, 'n_mix': 1, 'covariance_type': 'diag'}",0.47,0.47610193986727406,"{'C': 1.0, 'class_weight': None, 'dual': False, 'fit_intercept': True, 'intercept_scaling': 1, 'l1_ratio': None, 'max_iter': 100, 'multi_class': 'deprecated', 'n_jobs': None, 'penalty': 'l2', 'random_state': 42, 'solver': 'lbfgs', 'tol': 0.0001, 'verbose': 0, 'warm_start': False}",0.0943760871887207
Coffee,8,10,6,10,KNN,HMM_GMM,2,"{'n_components': 2, 'n_mix': 4, 'covariance_type': 'tied'}",0.624,0.6254397298736506,"{'algorithm': 'auto', 'leaf_size': 30, 'metric': 'minkowski', 'metric_params': None, 'n_jobs': None, 'n_neighbors': 5, 'p': 2, 'weights': 'uniform'}",0.07006955146789551
Coffee,8,10,6,10,RandomForest,HMM_GMM,2,"{'n_components': 2, 'n_mix': 4, 'covariance_type': 'tied'}",0.716,0.7061047826538022,"{'bootstrap': True, 'ccp_alpha': 0.0, 'class_weight': None, 'criterion': 'gini', 'max_depth': None, 'max_features': 'sqrt', 'max_leaf_nodes': None, 'max_samples': None, 'min_impurity_decrease': 0.0, 'min_samples_leaf': 1, 'min_samples_split': 2, 'min_weight_fraction_leaf': 0.0, 'monotonic_cst': None, 'n_estimators': 100, 'n_jobs': None, 'oob_score': False, 'random_state': 42, 'verbose': 0, 'warm_start': False}",1.540062665939331
Coffee,8,10,6,10,LinearSVC,HMM_GMM,2,"{'n_components': 2, 'n_mix': 4, 'covariance_type': 'tied'}",0.726,0.7245220248319646,"{'C': 1.0, 'class_weight': None, 'dual': False, 'fit_intercept': True, 'intercept_scaling': 1, 'loss': 'squared_hinge', 'max_iter': 100, 'multi_class': 'ovr', 'penalty': 'l2', 'random_state': 42, 'tol': 0.0001, 'verbose': 0}",0.09664225578308105
Coffee,8,10,6,10,LogisticRegression,HMM_GMM,2,"{'n_components': 2, 'n_mix': 4, 'covariance_type': 'tied'}",0.746,0.7422490165102377,"{'C': 1.0, 'class_weight': None, 'dual': False, 'fit_intercept': True, 'intercept_scaling': 1, 'l1_ratio': None, 'max_iter': 100, 'multi_class': 'deprecated', 'n_jobs': None, 'penalty': 'l2', 'random_state': 42, 'solver': 'lbfgs', 'tol': 0.0001, 'verbose': 0, 'warm_start': False}",0.33765101432800293
Coffee,8,10,6,10,KNN,HMM_GMM,3,"{'n_components': 1, 'n_mix': 3, 'covariance_type': 'diag'}",0.62,0.6207826444919223,"{'algorithm': 'auto', 'leaf_size': 30, 'metric': 'minkowski', 'metric_params': None, 'n_jobs': None, 'n_neighbors': 5, 'p': 2, 'weights': 'uniform'}",0.05608534812927246
Coffee,8,10,6,10,RandomForest,HMM_GMM,3,"{'n_components': 1, 'n_mix': 3, 'covariance_type': 'diag'}",0.688,0.6755997127483374,"{'bootstrap': True, 'ccp_alpha': 0.0, 'class_weight': None, 'criterion': 'gini', 'max_depth': None, 'max_features': 'sqrt', 'max_leaf_nodes': None, 'max_samples': None, 'min_impurity_decrease': 0.0, 'min_samples_leaf': 1, 'min_samples_split': 2, 'min_weight_fraction_leaf': 0.0, 'monotonic_cst': None, 'n_estimators': 100, 'n_jobs': None, 'oob_score': False, 'random_state': 42, 'verbose': 0, 'warm_start': False}",1.3609037399291992
Coffee,8,10,6,10,LinearSVC,HMM_GMM,3,"{'n_components': 1, 'n_mix': 3, 'covariance_type': 'diag'}",0.534,0.5442931450782426,"{'C': 1.0, 'class_weight': None, 'dual': False, 'fit_intercept': True, 'intercept_scaling': 1, 'loss': 'squared_hinge', 'max_iter': 100, 'multi_class': 'ovr', 'penalty': 'l2', 'random_state': 42, 'tol': 0.0001, 'verbose': 0}",0.06882762908935547
Coffee,8,10,6,10,LogisticRegression,HMM_GMM,3,"{'n_components': 1, 'n_mix': 3, 'covariance_type': 'diag'}",0.45,0.4623211513326546,"{'C': 1.0, 'class_weight': None, 'dual': False, 'fit_intercept': True, 'intercept_scaling': 1, 'l1_ratio': None, 'max_iter': 100, 'multi_class': 'deprecated', 'n_jobs': None, 'penalty': 'l2', 'random_state': 42, 'solver': 'lbfgs', 'tol': 0.0001, 'verbose': 0, 'warm_start': False}",0.16353154182434082
Coffee,8,10,6,10,KNN,HMM_GMM,4,"{'n_components': 4, 'n_mix': 3, 'covariance_type': 'diag'}",0.6,0.597182162924536,"{'algorithm': 'auto', 'leaf_size': 30, 'metric': 'minkowski', 'metric_params': None, 'n_jobs': None, 'n_neighbors': 5, 'p': 2, 'weights': 'uniform'}",0.05762457847595215
Coffee,8,10,6,10,RandomForest,HMM_GMM,4,"{'n_components': 4, 'n_mix': 3, 'covariance_type': 'diag'}",0.626,0.6042866857065143,"{'bootstrap': True, 'ccp_alpha': 0.0, 'class_weight': None, 'criterion': 'gini', 'max_depth': None, 'max_features': 'sqrt', 'max_leaf_nodes': None, 'max_samples': None, 'min_impurity_decrease': 0.0, 'min_samples_leaf': 1, 'min_samples_split': 2, 'min_weight_fraction_leaf': 0.0, 'monotonic_cst': None, 'n_estimators': 100, 'n_jobs': None, 'oob_score': False, 'random_state': 42, 'verbose': 0, 'warm_start': False}",1.2382848262786865
Coffee,8,10,6,10,LinearSVC,HMM_GMM,4,"{'n_components': 4, 'n_mix': 3, 'covariance_type': 'diag'}",0.45,0.4561698387418056,"{'C': 1.0, 'class_weight': None, 'dual': False, 'fit_intercept': True, 'intercept_scaling': 1, 'loss': 'squared_hinge', 'max_iter': 100, 'multi_class': 'ovr', 'penalty': 'l2', 'random_state': 42, 'tol': 0.0001, 'verbose': 0}",0.07434916496276855
Coffee,8,10,6,10,LogisticRegression,HMM_GMM,4,"{'n_components': 4, 'n_mix': 3, 'covariance_type': 'diag'}",0.526,0.5392283992488254,"{'C': 1.0, 'class_weight': None, 'dual': False, 'fit_intercept': True, 'intercept_scaling': 1, 'l1_ratio': None, 'max_iter': 100, 'multi_class': 'deprecated', 'n_jobs': None, 'penalty': 'l2', 'random_state': 42, 'solver': 'lbfgs', 'tol': 0.0001, 'verbose': 0, 'warm_start': False}",0.21529316902160645
Coffee,8,10,6,10,KNN,HMM_GMM,5,"{'n_components': 1, 'n_mix': 1, 'covariance_type': 'tied'}",0.718,0.7250942863418154,"{'algorithm': 'auto', 'leaf_size': 30, 'metric': 'minkowski', 'metric_params': None, 'n_jobs': None, 'n_neighbors': 5, 'p': 2, 'weights': 'uniform'}",0.06540703773498535
Coffee,8,10,6,10,RandomForest,HMM_GMM,5,"{'n_components': 1, 'n_mix': 1, 'covariance_type': 'tied'}",0.784,0.7816632191791104,"{'bootstrap': True, 'ccp_alpha': 0.0, 'class_weight': None, 'criterion': 'gini', 'max_depth': None, 'max_features': 'sqrt', 'max_leaf_nodes': None, 'max_samples': None, 'min_impurity_decrease': 0.0, 'min_samples_leaf': 1, 'min_samples_split': 2, 'min_weight_fraction_leaf': 0.0, 'monotonic_cst': None, 'n_estimators': 100, 'n_jobs': None, 'oob_score': False, 'random_state': 42, 'verbose': 0, 'warm_start': False}",1.292421579360962
Coffee,8,10,6,10,LinearSVC,HMM_GMM,5,"{'n_components': 1, 'n_mix': 1, 'covariance_type': 'tied'}",0.612,0.6145080020113398,"{'C': 1.0, 'class_weight': None, 'dual': False, 'fit_intercept': True, 'intercept_scaling': 1, 'loss': 'squared_hinge', 'max_iter': 100, 'multi_class': 'ovr', 'penalty': 'l2', 'random_state': 42, 'tol': 0.0001, 'verbose': 0}",0.09375190734863281
Coffee,8,10,6,10,LogisticRegression,HMM_GMM,5,"{'n_components': 1, 'n_mix': 1, 'covariance_type': 'tied'}",0.608,0.6107846626181893,"{'C': 1.0, 'class_weight': None, 'dual': False, 'fit_intercept': True, 'intercept_scaling': 1, 'l1_ratio': None, 'max_iter': 100, 'multi_class': 'deprecated', 'n_jobs': None, 'penalty': 'l2', 'random_state': 42, 'solver': 'lbfgs', 'tol': 0.0001, 'verbose': 0, 'warm_start': False}",0.6226456165313721
Coffee,8,10,6,10,KNN,HMM_GMM,6,"{'n_components': 4, 'n_mix': 3, 'covariance_type': 'diag'}",0.6,0.597182162924536,"{'algorithm': 'auto', 'leaf_size': 30, 'metric': 'minkowski', 'metric_params': None, 'n_jobs': None, 'n_neighbors': 5, 'p': 2, 'weights': 'uniform'}",0.05842423439025879
Coffee,8,10,6,10,RandomForest,HMM_GMM,6,"{'n_components': 4, 'n_mix': 3, 'covariance_type': 'diag'}",0.626,0.6078916507217114,"{'bootstrap': True, 'ccp_alpha': 0.0, 'class_weight': None, 'criterion': 'gini', 'max_depth': None, 'max_features': 'sqrt', 'max_leaf_nodes': None, 'max_samples': None, 'min_impurity_decrease': 0.0, 'min_samples_leaf': 1, 'min_samples_split': 2, 'min_weight_fraction_leaf': 0.0, 'monotonic_cst': None, 'n_estimators': 100, 'n_jobs': None, 'oob_score': False, 'random_state': 42, 'verbose': 0, 'warm_start': False}",1.279219388961792
Coffee,8,10,6,10,LinearSVC,HMM_GMM,6,"{'n_components': 4, 'n_mix': 3, 'covariance_type': 'diag'}",0.45,0.4561698387418056,"{'C': 1.0, 'class_weight': None, 'dual': False, 'fit_intercept': True, 'intercept_scaling': 1, 'loss': 'squared_hinge', 'max_iter': 100, 'multi_class': 'ovr', 'penalty': 'l2', 'random_state': 42, 'tol': 0.0001, 'verbose': 0}",0.08189678192138672
Coffee,8,10,6,10,LogisticRegression,HMM_GMM,6,"{'n_components': 4, 'n_mix': 3, 'covariance_type': 'diag'}",0.526,0.5392283992488254,"{'C': 1.0, 'class_weight': None, 'dual': False, 'fit_intercept': True, 'intercept_scaling': 1, 'l1_ratio': None, 'max_iter': 100, 'multi_class': 'deprecated', 'n_jobs': None, 'penalty': 'l2', 'random_state': 42, 'solver': 'lbfgs', 'tol': 0.0001, 'verbose': 0, 'warm_start': False}",0.3155484199523926
Coffee,8,10,6,10,KNN,HMM_GMM,7,"{'n_components': 2, 'n_mix': 5, 'covariance_type': 'diag'}",0.64,0.6441307612031386,"{'algorithm': 'auto', 'leaf_size': 30, 'metric': 'minkowski', 'metric_params': None, 'n_jobs': None, 'n_neighbors': 5, 'p': 2, 'weights': 'uniform'}",0.058441162109375
Coffee,8,10,6,10,RandomForest,HMM_GMM,7,"{'n_components': 2, 'n_mix': 5, 'covariance_type': 'diag'}",0.67,0.6660955564048137,"{'bootstrap': True, 'ccp_alpha': 0.0, 'class_weight': None, 'criterion': 'gini', 'max_depth': None, 'max_features': 'sqrt', 'max_leaf_nodes': None, 'max_samples': None, 'min_impurity_decrease': 0.0, 'min_samples_leaf': 1, 'min_samples_split': 2, 'min_weight_fraction_leaf': 0.0, 'monotonic_cst': None, 'n_estimators': 100, 'n_jobs': None, 'oob_score': False, 'random_state': 42, 'verbose': 0, 'warm_start': False}",1.2223351001739502
Coffee,8,10,6,10,LinearSVC,HMM_GMM,7,"{'n_components': 2, 'n_mix': 5, 'covariance_type': 'diag'}",0.446,0.44632343273183994,"{'C': 1.0, 'class_weight': None, 'dual': False, 'fit_intercept': True, 'intercept_scaling': 1, 'loss': 'squared_hinge', 'max_iter': 100, 'multi_class': 'ovr', 'penalty': 'l2', 'random_state': 42, 'tol': 0.0001, 'verbose': 0}",0.07293963432312012
Coffee,8,10,6,10,LogisticRegression,HMM_GMM,7,"{'n_components': 2, 'n_mix': 5, 'covariance_type': 'diag'}",0.452,0.45353156378353027,"{'C': 1.0, 'class_weight': None, 'dual': False, 'fit_intercept': True, 'intercept_scaling': 1, 'l1_ratio': None, 'max_iter': 100, 'multi_class': 'deprecated', 'n_jobs': None, 'penalty': 'l2', 'random_state': 42, 'solver': 'lbfgs', 'tol': 0.0001, 'verbose': 0, 'warm_start': False}",0.15253138542175293
Coffee,8,10,6,10,KNN,HMM_GMM,8,"{'n_components': 1, 'n_mix': 3, 'covariance_type': 'full'}",0.626,0.626447604677453,"{'algorithm': 'auto', 'leaf_size': 30, 'metric': 'minkowski', 'metric_params': None, 'n_jobs': None, 'n_neighbors': 5, 'p': 2, 'weights': 'uniform'}",0.056551456451416016
Coffee,8,10,6,10,RandomForest,HMM_GMM,8,"{'n_components': 1, 'n_mix': 3, 'covariance_type': 'full'}",0.768,0.76807367348988,"{'bootstrap': True, 'ccp_alpha': 0.0, 'class_weight': None, 'criterion': 'gini', 'max_depth': None, 'max_features': 'sqrt', 'max_leaf_nodes': None, 'max_samples': None, 'min_impurity_decrease': 0.0, 'min_samples_leaf': 1, 'min_samples_split': 2, 'min_weight_fraction_leaf': 0.0, 'monotonic_cst': None, 'n_estimators': 100, 'n_jobs': None, 'oob_score': False, 'random_state': 42, 'verbose': 0, 'warm_start': False}",1.2158300876617432
Coffee,8,10,6,10,LinearSVC,HMM_GMM,8,"{'n_components': 1, 'n_mix': 3, 'covariance_type': 'full'}",0.658,0.6598716896130689,"{'C': 1.0, 'class_weight': None, 'dual': False, 'fit_intercept': True, 'intercept_scaling': 1, 'loss': 'squared_hinge', 'max_iter': 100, 'multi_class': 'ovr', 'penalty': 'l2', 'random_state': 42, 'tol': 0.0001, 'verbose': 0}",0.09657549858093262
Coffee,8,10,6,10,LogisticRegression,HMM_GMM,8,"{'n_components': 1, 'n_mix': 3, 'covariance_type': 'full'}",0.744,0.749872974398242,"{'C': 1.0, 'class_weight': None, 'dual': False, 'fit_intercept': True, 'intercept_scaling': 1, 'l1_ratio': None, 'max_iter': 100, 'multi_class': 'deprecated', 'n_jobs': None, 'penalty': 'l2', 'random_state': 42, 'solver': 'lbfgs', 'tol': 0.0001, 'verbose': 0, 'warm_start': False}",0.32204341888427734
Coffee,8,10,6,10,KNN,HMM_GMM,9,"{'n_components': 5, 'n_mix': 1, 'covariance_type': 'diag'}",0.628,0.6298897911219508,"{'algorithm': 'auto', 'leaf_size': 30, 'metric': 'minkowski', 'metric_params': None, 'n_jobs': None, 'n_neighbors': 5, 'p': 2, 'weights': 'uniform'}",0.06978273391723633
Coffee,8,10,6,10,RandomForest,HMM_GMM,9,"{'n_components': 5, 'n_mix': 1, 'covariance_type': 'diag'}",0.658,0.6372609964165078,"{'bootstrap': True, 'ccp_alpha': 0.0, 'class_weight': None, 'criterion': 'gini', 'max_depth': None, 'max_features': 'sqrt', 'max_leaf_nodes': None, 'max_samples': None, 'min_impurity_decrease': 0.0, 'min_samples_leaf': 1, 'min_samples_split': 2, 'min_weight_fraction_leaf': 0.0, 'monotonic_cst': None, 'n_estimators': 100, 'n_jobs': None, 'oob_score': False, 'random_state': 42, 'verbose': 0, 'warm_start': False}",1.4082937240600586
Coffee,8,10,6,10,LinearSVC,HMM_GMM,9,"{'n_components': 5, 'n_mix': 1, 'covariance_type': 'diag'}",0.494,0.5006455282516769,"{'C': 1.0, 'class_weight': None, 'dual': False, 'fit_intercept': True, 'intercept_scaling': 1, 'loss': 'squared_hinge', 'max_iter': 100, 'multi_class': 'ovr', 'penalty': 'l2', 'random_state': 42, 'tol': 0.0001, 'verbose': 0}",0.0716557502746582
Coffee,8,10,6,10,LogisticRegression,HMM_GMM,9,"{'n_components': 5, 'n_mix': 1, 'covariance_type': 'diag'}",0.386,0.4007482458996508,"{'C': 1.0, 'class_weight': None, 'dual': False, 'fit_intercept': True, 'intercept_scaling': 1, 'l1_ratio': None, 'max_iter': 100, 'multi_class': 'deprecated', 'n_jobs': None, 'penalty': 'l2', 'random_state': 42, 'solver': 'lbfgs', 'tol': 0.0001, 'verbose': 0, 'warm_start': False}",0.1485135555267334
Coffee,8,10,6,10,KNN,HMM_GMM,10,"{'n_components': 3, 'n_mix': 5, 'covariance_type': 'diag'}",0.66,0.6647402832501217,"{'algorithm': 'auto', 'leaf_size': 30, 'metric': 'minkowski', 'metric_params': None, 'n_jobs': None, 'n_neighbors': 5, 'p': 2, 'weights': 'uniform'}",0.05393481254577637
Coffee,8,10,6,10,RandomForest,HMM_GMM,10,"{'n_components': 3, 'n_mix': 5, 'covariance_type': 'diag'}",0.684,0.6739918520002671,"{'bootstrap': True, 'ccp_alpha': 0.0, 'class_weight': None, 'criterion': 'gini', 'max_depth': None, 'max_features': 'sqrt', 'max_leaf_nodes': None, 'max_samples': None, 'min_impurity_decrease': 0.0, 'min_samples_leaf': 1, 'min_samples_split': 2, 'min_weight_fraction_leaf': 0.0, 'monotonic_cst': None, 'n_estimators': 100, 'n_jobs': None, 'oob_score': False, 'random_state': 42, 'verbose': 0, 'warm_start': False}",1.1067166328430176
Coffee,8,10,6,10,LinearSVC,HMM_GMM,10,"{'n_components': 3, 'n_mix': 5, 'covariance_type': 'diag'}",0.608,0.6080937972642241,"{'C': 1.0, 'class_weight': None, 'dual': False, 'fit_intercept': True, 'intercept_scaling': 1, 'loss': 'squared_hinge', 'max_iter': 100, 'multi_class': 'ovr', 'penalty': 'l2', 'random_state': 42, 'tol': 0.0001, 'verbose': 0}",0.06799006462097168
Coffee,8,10,6,10,LogisticRegression,HMM_GMM,10,"{'n_components': 3, 'n_mix': 5, 'covariance_type': 'diag'}",0.566,0.576736096563729,"{'C': 1.0, 'class_weight': None, 'dual': False, 'fit_intercept': True, 'intercept_scaling': 1, 'l1_ratio': None, 'max_iter': 100, 'multi_class': 'deprecated', 'n_jobs': None, 'penalty': 'l2', 'random_state': 42, 'solver': 'lbfgs', 'tol': 0.0001, 'verbose': 0, 'warm_start': False}",0.18883490562438965
Coffee,8,10,7,1,KNN,Baseline,N/A,N/A,0.634,0.6141897379106681,"{'algorithm': 'auto', 'leaf_size': 30, 'metric': 'minkowski', 'metric_params': None, 'n_jobs': None, 'n_neighbors': 5, 'p': 2, 'weights': 'uniform'}",0.028375864028930664
Coffee,8,10,7,1,KNN,Tuned_Baseline,N/A,N/A,0.632,0.6136904761904761,"{'algorithm': 'auto', 'leaf_size': 30, 'metric': 'euclidean', 'metric_params': None, 'n_jobs': None, 'n_neighbors': np.int64(15), 'p': 2, 'weights': 'distance'}",0.00813746452331543
Coffee,8,10,7,1,RandomForest,Baseline,N/A,N/A,0.608,0.606833823644492,"{'bootstrap': True, 'ccp_alpha': 0.0, 'class_weight': None, 'criterion': 'gini', 'max_depth': None, 'max_features': 'sqrt', 'max_leaf_nodes': None, 'max_samples': None, 'min_impurity_decrease': 0.0, 'min_samples_leaf': 1, 'min_samples_split': 2, 'min_weight_fraction_leaf': 0.0, 'monotonic_cst': None, 'n_estimators': 100, 'n_jobs': None, 'oob_score': False, 'random_state': 42, 'verbose': 0, 'warm_start': False}",0.3861114978790283
Coffee,8,10,7,1,RandomForest,Tuned_Baseline,N/A,N/A,0.624,0.6263762366165662,"{'bootstrap': True, 'ccp_alpha': 0.0, 'class_weight': None, 'criterion': 'gini', 'max_depth': 30, 'max_features': 'sqrt', 'max_leaf_nodes': None, 'max_samples': None, 'min_impurity_decrease': 0.0, 'min_samples_leaf': 1, 'min_samples_split': 5, 'min_weight_fraction_leaf': 0.0, 'monotonic_cst': None, 'n_estimators': 150, 'n_jobs': None, 'oob_score': False, 'random_state': 42, 'verbose': 0, 'warm_start': False}",0.009174585342407227
Coffee,8,10,7,1,LinearSVC,Baseline,N/A,N/A,0.602,0.6019421902323345,"{'C': 1.0, 'class_weight': None, 'dual': False, 'fit_intercept': True, 'intercept_scaling': 1, 'loss': 'squared_hinge', 'max_iter': 100, 'multi_class': 'ovr', 'penalty': 'l2', 'random_state': 42, 'tol': 0.0001, 'verbose': 0}",0.009223222732543945
Coffee,8,10,7,1,LinearSVC,Tuned_Baseline,N/A,N/A,0.596,0.5967722380079201,"{'C': np.float64(183.29807108324337), 'class_weight': 'balanced', 'dual': False, 'fit_intercept': True, 'intercept_scaling': 1, 'loss': 'squared_hinge', 'max_iter': 100, 'multi_class': 'ovr', 'penalty': 'l1', 'random_state': 42, 'tol': 0.0001, 'verbose': 0}",0.0002338886260986328
Coffee,8,10,7,1,LogisticRegression,Baseline,N/A,N/A,0.596,0.5971183052891422,"{'C': 1.0, 'class_weight': None, 'dual': False, 'fit_intercept': True, 'intercept_scaling': 1, 'l1_ratio': None, 'max_iter': 100, 'multi_class': 'deprecated', 'n_jobs': None, 'penalty': 'l2', 'random_state': 42, 'solver': 'lbfgs', 'tol': 0.0001, 'verbose': 0, 'warm_start': False}",0.04128384590148926
Coffee,8,10,7,1,LogisticRegression,Tuned_Baseline,N/A,N/A,0.606,0.6061810181645721,"{'C': np.float64(1000.0), 'class_weight': 'balanced', 'dual': False, 'fit_intercept': True, 'intercept_scaling': 1, 'l1_ratio': None, 'max_iter': 100, 'multi_class': 'deprecated', 'n_jobs': None, 'penalty': 'l2', 'random_state': 42, 'solver': 'sag', 'tol': 0.0001, 'verbose': 0, 'warm_start': False}",0.00029850006103515625
Coffee,8,10,7,1,RNN,Tuned_Baseline,N/A,N/A,0.2,0.06666666666666667,"{'hidden_size': 64, 'epochs': 10, 'batch_size': 32, 'lr': 0.001}",3.2901763916015625e-05
Coffee,8,10,7,2,KNN,HMM_GMM,1,"{'n_components': 2, 'n_mix': 1, 'covariance_type': 'diag'}",0.624,0.6078182374541004,"{'algorithm': 'auto', 'leaf_size': 30, 'metric': 'euclidean', 'metric_params': None, 'n_jobs': None, 'n_neighbors': np.int64(9), 'p': 2, 'weights': 'distance'}",0.015021085739135742
Coffee,8,10,7,2,RandomForest,HMM_GMM,1,"{'n_components': 2, 'n_mix': 1, 'covariance_type': 'diag'}",0.688,0.686396395013124,"{'bootstrap': True, 'ccp_alpha': 0.0, 'class_weight': 'balanced', 'criterion': 'gini', 'max_depth': 20, 'max_features': 'sqrt', 'max_leaf_nodes': None, 'max_samples': None, 'min_impurity_decrease': 0.0, 'min_samples_leaf': 1, 'min_samples_split': 2, 'min_weight_fraction_leaf': 0.0, 'monotonic_cst': None, 'n_estimators': 50, 'n_jobs': None, 'oob_score': False, 'random_state': 42, 'verbose': 0, 'warm_start': False}",0.3184387683868408
Coffee,8,10,7,2,LinearSVC,HMM_GMM,1,"{'n_components': 2, 'n_mix': 1, 'covariance_type': 'diag'}",0.302,0.306617405681407,"{'C': np.float64(1000.0), 'class_weight': 'balanced', 'dual': False, 'fit_intercept': True, 'intercept_scaling': 1, 'loss': 'squared_hinge', 'max_iter': 100, 'multi_class': 'ovr', 'penalty': 'l2', 'random_state': 42, 'tol': 0.001, 'verbose': 0}",0.01331472396850586
Coffee,8,10,7,2,LogisticRegression,HMM_GMM,1,"{'n_components': 2, 'n_mix': 1, 'covariance_type': 'diag'}",0.418,0.436294517901324,"{'C': np.float64(33.59818286283781), 'class_weight': None, 'dual': False, 'fit_intercept': True, 'intercept_scaling': 1, 'l1_ratio': None, 'max_iter': 100, 'multi_class': 'deprecated', 'n_jobs': None, 'penalty': 'l2', 'random_state': 42, 'solver': 'saga', 'tol': 0.0001, 'verbose': 0, 'warm_start': False}",0.05401754379272461
Coffee,8,10,7,2,KNN,HMM_GMM,2,"{'n_components': 2, 'n_mix': 4, 'covariance_type': 'tied'}",0.622,0.6071231142505485,"{'algorithm': 'auto', 'leaf_size': 30, 'metric': 'euclidean', 'metric_params': None, 'n_jobs': None, 'n_neighbors': np.int64(9), 'p': 2, 'weights': 'distance'}",0.010626792907714844
Coffee,8,10,7,2,RandomForest,HMM_GMM,2,"{'n_components': 2, 'n_mix': 4, 'covariance_type': 'tied'}",0.622,0.6258453830126852,"{'bootstrap': True, 'ccp_alpha': 0.0, 'class_weight': 'balanced', 'criterion': 'gini', 'max_depth': None, 'max_features': 'sqrt', 'max_leaf_nodes': None, 'max_samples': None, 'min_impurity_decrease': 0.0, 'min_samples_leaf': 1, 'min_samples_split': 2, 'min_weight_fraction_leaf': 0.0, 'monotonic_cst': None, 'n_estimators': 50, 'n_jobs': None, 'oob_score': False, 'random_state': 42, 'verbose': 0, 'warm_start': False}",0.2846367359161377
Coffee,8,10,7,2,LinearSVC,HMM_GMM,2,"{'n_components': 2, 'n_mix': 4, 'covariance_type': 'tied'}",0.586,0.5864236356271898,"{'C': np.float64(0.08858667904100823), 'class_weight': 'balanced', 'dual': False, 'fit_intercept': False, 'intercept_scaling': 1, 'loss': 'squared_hinge', 'max_iter': 100, 'multi_class': 'ovr', 'penalty': 'l1', 'random_state': 42, 'tol': 0.0001, 'verbose': 0}",0.035680532455444336
Coffee,8,10,7,2,LogisticRegression,HMM_GMM,2,"{'n_components': 2, 'n_mix': 4, 'covariance_type': 'tied'}",0.552,0.5648898463306046,"{'C': np.float64(0.4832930238571752), 'class_weight': 'balanced', 'dual': False, 'fit_intercept': True, 'intercept_scaling': 1, 'l1_ratio': None, 'max_iter': 100, 'multi_class': 'deprecated', 'n_jobs': None, 'penalty': 'l2', 'random_state': 42, 'solver': 'lbfgs', 'tol': 0.0001, 'verbose': 0, 'warm_start': False}",0.35480761528015137
Coffee,8,10,7,2,KNN,HMM_GMM,3,"{'n_components': 1, 'n_mix': 3, 'covariance_type': 'diag'}",0.622,0.6058447774762267,"{'algorithm': 'auto', 'leaf_size': 30, 'metric': 'euclidean', 'metric_params': None, 'n_jobs': None, 'n_neighbors': np.int64(9), 'p': 2, 'weights': 'distance'}",0.011939525604248047
Coffee,8,10,7,2,RandomForest,HMM_GMM,3,"{'n_components': 1, 'n_mix': 3, 'covariance_type': 'diag'}",0.622,0.622029218456648,"{'bootstrap': True, 'ccp_alpha': 0.0, 'class_weight': 'balanced', 'criterion': 'gini', 'max_depth': None, 'max_features': 'sqrt', 'max_leaf_nodes': None, 'max_samples': None, 'min_impurity_decrease': 0.0, 'min_samples_leaf': 2, 'min_samples_split': 2, 'min_weight_fraction_leaf': 0.0, 'monotonic_cst': None, 'n_estimators': 150, 'n_jobs': None, 'oob_score': False, 'random_state': 42, 'verbose': 0, 'warm_start': False}",0.9524860382080078
Coffee,8,10,7,2,LinearSVC,HMM_GMM,3,"{'n_components': 1, 'n_mix': 3, 'covariance_type': 'diag'}",0.448,0.4567720546431369,"{'C': np.float64(0.08858667904100823), 'class_weight': None, 'dual': False, 'fit_intercept': False, 'intercept_scaling': 1, 'loss': 'squared_hinge', 'max_iter': 100, 'multi_class': 'ovr', 'penalty': 'l1', 'random_state': 42, 'tol': 0.0001, 'verbose': 0}",0.03276181221008301
Coffee,8,10,7,2,LogisticRegression,HMM_GMM,3,"{'n_components': 1, 'n_mix': 3, 'covariance_type': 'diag'}",0.422,0.4352148165202153,"{'C': np.float64(1.1288378916846884), 'class_weight': None, 'dual': False, 'fit_intercept': False, 'intercept_scaling': 1, 'l1_ratio': None, 'max_iter': 100, 'multi_class': 'deprecated', 'n_jobs': None, 'penalty': 'l2', 'random_state': 42, 'solver': 'lbfgs', 'tol': 0.0001, 'verbose': 0, 'warm_start': False}",0.03162384033203125
Coffee,8,10,7,2,KNN,HMM_GMM,4,"{'n_components': 4, 'n_mix': 3, 'covariance_type': 'diag'}",0.588,0.5739545647176285,"{'algorithm': 'auto', 'leaf_size': 30, 'metric': 'euclidean', 'metric_params': None, 'n_jobs': None, 'n_neighbors': np.int64(9), 'p': 2, 'weights': 'distance'}",0.011797189712524414
Coffee,8,10,7,2,RandomForest,HMM_GMM,4,"{'n_components': 4, 'n_mix': 3, 'covariance_type': 'diag'}",0.612,0.6021509541380865,"{'bootstrap': True, 'ccp_alpha': 0.0, 'class_weight': 'balanced', 'criterion': 'gini', 'max_depth': 30, 'max_features': 'sqrt', 'max_leaf_nodes': None, 'max_samples': None, 'min_impurity_decrease': 0.0, 'min_samples_leaf': 1, 'min_samples_split': 2, 'min_weight_fraction_leaf': 0.0, 'monotonic_cst': None, 'n_estimators': 150, 'n_jobs': None, 'oob_score': False, 'random_state': 42, 'verbose': 0, 'warm_start': False}",0.8797485828399658
Coffee,8,10,7,2,LinearSVC,HMM_GMM,4,"{'n_components': 4, 'n_mix': 3, 'covariance_type': 'diag'}",0.614,0.6204120162127956,"{'C': np.float64(0.08858667904100823), 'class_weight': None, 'dual': False, 'fit_intercept': True, 'intercept_scaling': 1, 'loss': 'squared_hinge', 'max_iter': 100, 'multi_class': 'ovr', 'penalty': 'l1', 'random_state': 42, 'tol': 0.0001, 'verbose': 0}",0.0410311222076416
Coffee,8,10,7,2,LogisticRegression,HMM_GMM,4,"{'n_components': 4, 'n_mix': 3, 'covariance_type': 'diag'}",0.584,0.5900791829861303,"{'C': np.float64(33.59818286283781), 'class_weight': 'balanced', 'dual': False, 'fit_intercept': True, 'intercept_scaling': 1, 'l1_ratio': None, 'max_iter': 100, 'multi_class': 'deprecated', 'n_jobs': None, 'penalty': 'l1', 'random_state': 42, 'solver': 'saga', 'tol': 0.0001, 'verbose': 0, 'warm_start': False}",0.21147966384887695
Coffee,8,10,7,2,KNN,HMM_GMM,5,"{'n_components': 1, 'n_mix': 1, 'covariance_type': 'tied'}",0.664,0.6669533538909049,"{'algorithm': 'auto', 'leaf_size': 30, 'metric': 'euclidean', 'metric_params': None, 'n_jobs': None, 'n_neighbors': np.int64(9), 'p': 2, 'weights': 'distance'}",0.01114511489868164
Coffee,8,10,7,2,RandomForest,HMM_GMM,5,"{'n_components': 1, 'n_mix': 1, 'covariance_type': 'tied'}",0.694,0.691046831955923,"{'bootstrap': True, 'ccp_alpha': 0.0, 'class_weight': 'balanced', 'criterion': 'gini', 'max_depth': None, 'max_features': 'sqrt', 'max_leaf_nodes': None, 'max_samples': None, 'min_impurity_decrease': 0.0, 'min_samples_leaf': 1, 'min_samples_split': 2, 'min_weight_fraction_leaf': 0.0, 'monotonic_cst': None, 'n_estimators': 50, 'n_jobs': None, 'oob_score': False, 'random_state': 42, 'verbose': 0, 'warm_start': False}",0.3126850128173828
Coffee,8,10,7,2,LinearSVC,HMM_GMM,5,"{'n_components': 1, 'n_mix': 1, 'covariance_type': 'tied'}",0.594,0.5928257309358139,"{'C': np.float64(6.1584821106602545), 'class_weight': 'balanced', 'dual': False, 'fit_intercept': False, 'intercept_scaling': 1, 'loss': 'squared_hinge', 'max_iter': 100, 'multi_class': 'ovr', 'penalty': 'l2', 'random_state': 42, 'tol': 0.0001, 'verbose': 0}",0.01619577407836914
Coffee,8,10,7,2,LogisticRegression,HMM_GMM,5,"{'n_components': 1, 'n_mix': 1, 'covariance_type': 'tied'}",0.6,0.5999231113092944,"{'C': np.float64(33.59818286283781), 'class_weight': 'balanced', 'dual': False, 'fit_intercept': True, 'intercept_scaling': 1, 'l1_ratio': None, 'max_iter': 100, 'multi_class': 'deprecated', 'n_jobs': None, 'penalty': 'l2', 'random_state': 42, 'solver': 'saga', 'tol': 0.0001, 'verbose': 0, 'warm_start': False}",0.15264344215393066
Coffee,8,10,7,2,KNN,HMM_GMM,6,"{'n_components': 4, 'n_mix': 3, 'covariance_type': 'diag'}",0.588,0.5739545647176285,"{'algorithm': 'auto', 'leaf_size': 30, 'metric': 'euclidean', 'metric_params': None, 'n_jobs': None, 'n_neighbors': np.int64(9), 'p': 2, 'weights': 'distance'}",0.012611627578735352
Coffee,8,10,7,2,RandomForest,HMM_GMM,6,"{'n_components': 4, 'n_mix': 3, 'covariance_type': 'diag'}",0.596,0.5823265300810211,"{'bootstrap': True, 'ccp_alpha': 0.0, 'class_weight': 'balanced', 'criterion': 'gini', 'max_depth': 30, 'max_features': 'sqrt', 'max_leaf_nodes': None, 'max_samples': None, 'min_impurity_decrease': 0.0, 'min_samples_leaf': 1, 'min_samples_split': 2, 'min_weight_fraction_leaf': 0.0, 'monotonic_cst': None, 'n_estimators': 150, 'n_jobs': None, 'oob_score': False, 'random_state': 42, 'verbose': 0, 'warm_start': False}",0.896533727645874
Coffee,8,10,7,2,LinearSVC,HMM_GMM,6,"{'n_components': 4, 'n_mix': 3, 'covariance_type': 'diag'}",0.614,0.6204120162127956,"{'C': np.float64(0.08858667904100823), 'class_weight': None, 'dual': False, 'fit_intercept': True, 'intercept_scaling': 1, 'loss': 'squared_hinge', 'max_iter': 100, 'multi_class': 'ovr', 'penalty': 'l1', 'random_state': 42, 'tol': 0.0001, 'verbose': 0}",0.04117608070373535
Coffee,8,10,7,2,LogisticRegression,HMM_GMM,6,"{'n_components': 4, 'n_mix': 3, 'covariance_type': 'diag'}",0.584,0.5900791829861303,"{'C': np.float64(33.59818286283781), 'class_weight': 'balanced', 'dual': False, 'fit_intercept': True, 'intercept_scaling': 1, 'l1_ratio': None, 'max_iter': 100, 'multi_class': 'deprecated', 'n_jobs': None, 'penalty': 'l1', 'random_state': 42, 'solver': 'saga', 'tol': 0.0001, 'verbose': 0, 'warm_start': False}",0.19019818305969238
Coffee,8,10,7,2,KNN,HMM_GMM,7,"{'n_components': 2, 'n_mix': 5, 'covariance_type': 'diag'}",0.562,0.547867067066089,"{'algorithm': 'auto', 'leaf_size': 30, 'metric': 'euclidean', 'metric_params': None, 'n_jobs': None, 'n_neighbors': np.int64(9), 'p': 2, 'weights': 'distance'}",0.012031793594360352
Coffee,8,10,7,2,RandomForest,HMM_GMM,7,"{'n_components': 2, 'n_mix': 5, 'covariance_type': 'diag'}",0.628,0.6312244973475558,"{'bootstrap': True, 'ccp_alpha': 0.0, 'class_weight': 'balanced', 'criterion': 'gini', 'max_depth': None, 'max_features': 'sqrt', 'max_leaf_nodes': None, 'max_samples': None, 'min_impurity_decrease': 0.0, 'min_samples_leaf': 1, 'min_samples_split': 2, 'min_weight_fraction_leaf': 0.0, 'monotonic_cst': None, 'n_estimators': 50, 'n_jobs': None, 'oob_score': False, 'random_state': 42, 'verbose': 0, 'warm_start': False}",0.3124508857727051
Coffee,8,10,7,2,LinearSVC,HMM_GMM,7,"{'n_components': 2, 'n_mix': 5, 'covariance_type': 'diag'}",0.63,0.6279301654233531,"{'C': np.float64(183.29807108324337), 'class_weight': None, 'dual': False, 'fit_intercept': False, 'intercept_scaling': 1, 'loss': 'squared_hinge', 'max_iter': 100, 'multi_class': 'ovr', 'penalty': 'l2', 'random_state': 42, 'tol': 0.001, 'verbose': 0}",0.012608528137207031
Coffee,8,10,7,2,LogisticRegression,HMM_GMM,7,"{'n_components': 2, 'n_mix': 5, 'covariance_type': 'diag'}",0.542,0.5487998255090907,"{'C': np.float64(33.59818286283781), 'class_weight': None, 'dual': False, 'fit_intercept': True, 'intercept_scaling': 1, 'l1_ratio': None, 'max_iter': 100, 'multi_class': 'deprecated', 'n_jobs': None, 'penalty': 'l2', 'random_state': 42, 'solver': 'saga', 'tol': 0.0001, 'verbose': 0, 'warm_start': False}",0.11323070526123047
Coffee,8,10,7,2,KNN,HMM_GMM,8,"{'n_components': 1, 'n_mix': 3, 'covariance_type': 'full'}",0.606,0.607130002921414,"{'algorithm': 'auto', 'leaf_size': 30, 'metric': 'chebyshev', 'metric_params': None, 'n_jobs': None, 'n_neighbors': np.int64(5), 'p': 2, 'weights': 'uniform'}",0.025020122528076172
Coffee,8,10,7,2,RandomForest,HMM_GMM,8,"{'n_components': 1, 'n_mix': 3, 'covariance_type': 'full'}",0.586,0.5749147435073537,"{'bootstrap': True, 'ccp_alpha': 0.0, 'class_weight': 'balanced', 'criterion': 'gini', 'max_depth': 20, 'max_features': 'sqrt', 'max_leaf_nodes': None, 'max_samples': None, 'min_impurity_decrease': 0.0, 'min_samples_leaf': 2, 'min_samples_split': 5, 'min_weight_fraction_leaf': 0.0, 'monotonic_cst': None, 'n_estimators': 50, 'n_jobs': None, 'oob_score': False, 'random_state': 42, 'verbose': 0, 'warm_start': False}",0.3158295154571533
Coffee,8,10,7,2,LinearSVC,HMM_GMM,8,"{'n_components': 1, 'n_mix': 3, 'covariance_type': 'full'}",0.602,0.6024813895781638,"{'C': np.float64(0.08858667904100823), 'class_weight': 'balanced', 'dual': False, 'fit_intercept': False, 'intercept_scaling': 1, 'loss': 'squared_hinge', 'max_iter': 100, 'multi_class': 'ovr', 'penalty': 'l1', 'random_state': 42, 'tol': 0.0001, 'verbose': 0}",0.03570842742919922
Coffee,8,10,7,2,LogisticRegression,HMM_GMM,8,"{'n_components': 1, 'n_mix': 3, 'covariance_type': 'full'}",0.592,0.5933273862622658,"{'C': np.float64(33.59818286283781), 'class_weight': 'balanced', 'dual': False, 'fit_intercept': True, 'intercept_scaling': 1, 'l1_ratio': None, 'max_iter': 100, 'multi_class': 'deprecated', 'n_jobs': None, 'penalty': 'l1', 'random_state': 42, 'solver': 'saga', 'tol': 0.0001, 'verbose': 0, 'warm_start': False}",0.18902063369750977
Coffee,8,10,7,2,KNN,HMM_GMM,9,"{'n_components': 5, 'n_mix': 1, 'covariance_type': 'diag'}",0.636,0.6160023912993493,"{'algorithm': 'auto', 'leaf_size': 30, 'metric': 'chebyshev', 'metric_params': None, 'n_jobs': None, 'n_neighbors': np.int64(5), 'p': 2, 'weights': 'uniform'}",0.0310516357421875
Coffee,8,10,7,2,RandomForest,HMM_GMM,9,"{'n_components': 5, 'n_mix': 1, 'covariance_type': 'diag'}",0.6,0.5942048869162309,"{'bootstrap': True, 'ccp_alpha': 0.0, 'class_weight': 'balanced', 'criterion': 'gini', 'max_depth': 10, 'max_features': 'sqrt', 'max_leaf_nodes': None, 'max_samples': None, 'min_impurity_decrease': 0.0, 'min_samples_leaf': 1, 'min_samples_split': 5, 'min_weight_fraction_leaf': 0.0, 'monotonic_cst': None, 'n_estimators': 50, 'n_jobs': None, 'oob_score': False, 'random_state': 42, 'verbose': 0, 'warm_start': False}",0.27986645698547363
Coffee,8,10,7,2,LinearSVC,HMM_GMM,9,"{'n_components': 5, 'n_mix': 1, 'covariance_type': 'diag'}",0.45,0.45203126966352053,"{'C': np.float64(0.08858667904100823), 'class_weight': None, 'dual': False, 'fit_intercept': True, 'intercept_scaling': 1, 'loss': 'squared_hinge', 'max_iter': 100, 'multi_class': 'ovr', 'penalty': 'l1', 'random_state': 42, 'tol': 0.0001, 'verbose': 0}",0.04439687728881836
Coffee,8,10,7,2,LogisticRegression,HMM_GMM,9,"{'n_components': 5, 'n_mix': 1, 'covariance_type': 'diag'}",0.424,0.44421131917564594,"{'C': np.float64(33.59818286283781), 'class_weight': 'balanced', 'dual': False, 'fit_intercept': True, 'intercept_scaling': 1, 'l1_ratio': None, 'max_iter': 100, 'multi_class': 'deprecated', 'n_jobs': None, 'penalty': 'l1', 'random_state': 42, 'solver': 'saga', 'tol': 0.0001, 'verbose': 0, 'warm_start': False}",0.09382081031799316
Coffee,8,10,7,2,KNN,HMM_GMM,10,"{'n_components': 3, 'n_mix': 5, 'covariance_type': 'diag'}",0.614,0.6084969291842127,"{'algorithm': 'auto', 'leaf_size': 30, 'metric': 'chebyshev', 'metric_params': None, 'n_jobs': None, 'n_neighbors': np.int64(5), 'p': 2, 'weights': 'uniform'}",0.024407148361206055
Coffee,8,10,7,2,RandomForest,HMM_GMM,10,"{'n_components': 3, 'n_mix': 5, 'covariance_type': 'diag'}",0.592,0.5903514613392526,"{'bootstrap': True, 'ccp_alpha': 0.0, 'class_weight': 'balanced', 'criterion': 'gini', 'max_depth': 30, 'max_features': 'sqrt', 'max_leaf_nodes': None, 'max_samples': None, 'min_impurity_decrease': 0.0, 'min_samples_leaf': 1, 'min_samples_split': 2, 'min_weight_fraction_leaf': 0.0, 'monotonic_cst': None, 'n_estimators': 150, 'n_jobs': None, 'oob_score': False, 'random_state': 42, 'verbose': 0, 'warm_start': False}",0.8791775703430176
Coffee,8,10,7,2,LinearSVC,HMM_GMM,10,"{'n_components': 3, 'n_mix': 5, 'covariance_type': 'diag'}",0.522,0.5391514681376484,"{'C': np.float64(2.6366508987303554), 'class_weight': 'balanced', 'dual': False, 'fit_intercept': True, 'intercept_scaling': 1, 'loss': 'squared_hinge', 'max_iter': 100, 'multi_class': 'ovr', 'penalty': 'l1', 'random_state': 42, 'tol': 0.0001, 'verbose': 0}",0.04518556594848633
Coffee,8,10,7,2,LogisticRegression,HMM_GMM,10,"{'n_components': 3, 'n_mix': 5, 'covariance_type': 'diag'}",0.542,0.5574461025623816,"{'C': np.float64(183.29807108324337), 'class_weight': None, 'dual': False, 'fit_intercept': True, 'intercept_scaling': 1, 'l1_ratio': None, 'max_iter': 100, 'multi_class': 'deprecated', 'n_jobs': None, 'penalty': 'l2', 'random_state': 42, 'solver': 'saga', 'tol': 0.0001, 'verbose': 0, 'warm_start': False}",0.1435244083404541
Coffee,8,10,7,3,KNN,HMM_GMM,1,"{'n_components': 2, 'n_mix': 1, 'covariance_type': 'diag'}",0.624,0.6078182374541004,"{'algorithm': 'auto', 'leaf_size': 30, 'metric': 'euclidean', 'metric_params': None, 'n_jobs': None, 'n_neighbors': np.int64(9), 'p': 2, 'weights': 'distance'}",0.018651723861694336
Coffee,8,10,7,3,RandomForest,HMM_GMM,1,"{'n_components': 2, 'n_mix': 1, 'covariance_type': 'diag'}",0.656,0.658675211110429,"{'bootstrap': True, 'ccp_alpha': 0.0, 'class_weight': None, 'criterion': 'gini', 'max_depth': None, 'max_features': 'sqrt', 'max_leaf_nodes': None, 'max_samples': None, 'min_impurity_decrease': 0.0, 'min_samples_leaf': 4, 'min_samples_split': 2, 'min_weight_fraction_leaf': 0.0, 'monotonic_cst': None, 'n_estimators': 50, 'n_jobs': None, 'oob_score': False, 'random_state': 42, 'verbose': 0, 'warm_start': False}",0.34502506256103516
Coffee,8,10,7,3,LinearSVC,HMM_GMM,1,"{'n_components': 2, 'n_mix': 1, 'covariance_type': 'diag'}",0.344,0.3298261060972925,"{'C': np.float64(2.6366508987303554), 'class_weight': 'balanced', 'dual': False, 'fit_intercept': True, 'intercept_scaling': 1, 'loss': 'squared_hinge', 'max_iter': 100, 'multi_class': 'ovr', 'penalty': 'l1', 'random_state': 42, 'tol': 0.0001, 'verbose': 0}",0.054337263107299805
Coffee,8,10,7,3,LogisticRegression,HMM_GMM,1,"{'n_components': 2, 'n_mix': 1, 'covariance_type': 'diag'}",0.398,0.41349450493343376,"{'C': np.float64(6.1584821106602545), 'class_weight': None, 'dual': False, 'fit_intercept': True, 'intercept_scaling': 1, 'l1_ratio': None, 'max_iter': 100, 'multi_class': 'deprecated', 'n_jobs': None, 'penalty': 'l2', 'random_state': 42, 'solver': 'lbfgs', 'tol': 0.0001, 'verbose': 0, 'warm_start': False}",0.1449451446533203
Coffee,8,10,7,3,KNN,HMM_GMM,2,"{'n_components': 2, 'n_mix': 4, 'covariance_type': 'tied'}",0.646,0.6339282091378154,"{'algorithm': 'auto', 'leaf_size': 30, 'metric': 'minkowski', 'metric_params': None, 'n_jobs': None, 'n_neighbors': np.int64(13), 'p': 4, 'weights': 'distance'}",0.03133535385131836
Coffee,8,10,7,3,RandomForest,HMM_GMM,2,"{'n_components': 2, 'n_mix': 4, 'covariance_type': 'tied'}",0.694,0.6984068958467456,"{'bootstrap': True, 'ccp_alpha': 0.0, 'class_weight': 'balanced', 'criterion': 'gini', 'max_depth': None, 'max_features': 'sqrt', 'max_leaf_nodes': None, 'max_samples': None, 'min_impurity_decrease': 0.0, 'min_samples_leaf': 1, 'min_samples_split': 2, 'min_weight_fraction_leaf': 0.0, 'monotonic_cst': None, 'n_estimators': 50, 'n_jobs': None, 'oob_score': False, 'random_state': 42, 'verbose': 0, 'warm_start': False}",0.35625791549682617
Coffee,8,10,7,3,LinearSVC,HMM_GMM,2,"{'n_components': 2, 'n_mix': 4, 'covariance_type': 'tied'}",0.544,0.5581690963858726,"{'C': np.float64(33.59818286283781), 'class_weight': 'balanced', 'dual': False, 'fit_intercept': True, 'intercept_scaling': 1, 'loss': 'squared_hinge', 'max_iter': 100, 'multi_class': 'ovr', 'penalty': 'l1', 'random_state': 42, 'tol': 0.001, 'verbose': 0}",0.06831836700439453
Coffee,8,10,7,3,LogisticRegression,HMM_GMM,2,"{'n_components': 2, 'n_mix': 4, 'covariance_type': 'tied'}",0.576,0.5832701060172177,"{'C': np.float64(33.59818286283781), 'class_weight': 'balanced', 'dual': False, 'fit_intercept': True, 'intercept_scaling': 1, 'l1_ratio': None, 'max_iter': 100, 'multi_class': 'deprecated', 'n_jobs': None, 'penalty': 'l2', 'random_state': 42, 'solver': 'saga', 'tol': 0.0001, 'verbose': 0, 'warm_start': False}",0.2238779067993164
Coffee,8,10,7,3,KNN,HMM_GMM,3,"{'n_components': 1, 'n_mix': 3, 'covariance_type': 'diag'}",0.644,0.6295829574470038,"{'algorithm': 'auto', 'leaf_size': 30, 'metric': 'minkowski', 'metric_params': None, 'n_jobs': None, 'n_neighbors': np.int64(13), 'p': 4, 'weights': 'distance'}",0.04332923889160156
Coffee,8,10,7,3,RandomForest,HMM_GMM,3,"{'n_components': 1, 'n_mix': 3, 'covariance_type': 'diag'}",0.618,0.6209456569646349,"{'bootstrap': True, 'ccp_alpha': 0.0, 'class_weight': 'balanced', 'criterion': 'gini', 'max_depth': 30, 'max_features': 'sqrt', 'max_leaf_nodes': None, 'max_samples': None, 'min_impurity_decrease': 0.0, 'min_samples_leaf': 1, 'min_samples_split': 2, 'min_weight_fraction_leaf': 0.0, 'monotonic_cst': None, 'n_estimators': 150, 'n_jobs': None, 'oob_score': False, 'random_state': 42, 'verbose': 0, 'warm_start': False}",1.2369890213012695
Coffee,8,10,7,3,LinearSVC,HMM_GMM,3,"{'n_components': 1, 'n_mix': 3, 'covariance_type': 'diag'}",0.264,0.26885538680025206,"{'C': np.float64(2.6366508987303554), 'class_weight': 'balanced', 'dual': False, 'fit_intercept': True, 'intercept_scaling': 1, 'loss': 'squared_hinge', 'max_iter': 100, 'multi_class': 'ovr', 'penalty': 'l1', 'random_state': 42, 'tol': 0.0001, 'verbose': 0}",0.0693504810333252
Coffee,8,10,7,3,LogisticRegression,HMM_GMM,3,"{'n_components': 1, 'n_mix': 3, 'covariance_type': 'diag'}",0.432,0.45169280563631076,"{'C': np.float64(2.6366508987303554), 'class_weight': 'balanced', 'dual': False, 'fit_intercept': True, 'intercept_scaling': 1, 'l1_ratio': None, 'max_iter': 100, 'multi_class': 'deprecated', 'n_jobs': None, 'penalty': 'l1', 'random_state': 42, 'solver': 'saga', 'tol': 0.0001, 'verbose': 0, 'warm_start': False}",0.2925539016723633
Coffee,8,10,7,3,KNN,HMM_GMM,4,"{'n_components': 4, 'n_mix': 3, 'covariance_type': 'diag'}",0.55,0.5362252379534179,"{'algorithm': 'auto', 'leaf_size': 30, 'metric': 'euclidean', 'metric_params': None, 'n_jobs': None, 'n_neighbors': np.int64(9), 'p': 2, 'weights': 'distance'}",0.01793670654296875
Coffee,8,10,7,3,RandomForest,HMM_GMM,4,"{'n_components': 4, 'n_mix': 3, 'covariance_type': 'diag'}",0.604,0.5974513772405284,"{'bootstrap': True, 'ccp_alpha': 0.0, 'class_weight': None, 'criterion': 'gini', 'max_depth': 10, 'max_features': 'sqrt', 'max_leaf_nodes': None, 'max_samples': None, 'min_impurity_decrease': 0.0, 'min_samples_leaf': 4, 'min_samples_split': 2, 'min_weight_fraction_leaf': 0.0, 'monotonic_cst': None, 'n_estimators': 50, 'n_jobs': None, 'oob_score': False, 'random_state': 42, 'verbose': 0, 'warm_start': False}",0.3552401065826416
Coffee,8,10,7,3,LinearSVC,HMM_GMM,4,"{'n_components': 4, 'n_mix': 3, 'covariance_type': 'diag'}",0.638,0.6377778340456115,"{'C': np.float64(33.59818286283781), 'class_weight': 'balanced', 'dual': False, 'fit_intercept': True, 'intercept_scaling': 1, 'loss': 'squared_hinge', 'max_iter': 100, 'multi_class': 'ovr', 'penalty': 'l1', 'random_state': 42, 'tol': 0.0001, 'verbose': 0}",0.07341241836547852
Coffee,8,10,7,3,LogisticRegression,HMM_GMM,4,"{'n_components': 4, 'n_mix': 3, 'covariance_type': 'diag'}",0.598,0.59832811955971,"{'C': np.float64(183.29807108324337), 'class_weight': None, 'dual': False, 'fit_intercept': True, 'intercept_scaling': 1, 'l1_ratio': None, 'max_iter': 100, 'multi_class': 'deprecated', 'n_jobs': None, 'penalty': 'l2', 'random_state': 42, 'solver': 'saga', 'tol': 0.0001, 'verbose': 0, 'warm_start': False}",0.24135804176330566
Coffee,8,10,7,3,KNN,HMM_GMM,5,"{'n_components': 1, 'n_mix': 1, 'covariance_type': 'tied'}",0.664,0.66470384960951,"{'algorithm': 'auto', 'leaf_size': 30, 'metric': 'chebyshev', 'metric_params': None, 'n_jobs': None, 'n_neighbors': np.int64(5), 'p': 2, 'weights': 'uniform'}",0.032399654388427734
Coffee,8,10,7,3,RandomForest,HMM_GMM,5,"{'n_components': 1, 'n_mix': 1, 'covariance_type': 'tied'}",0.654,0.6551754922093089,"{'bootstrap': True, 'ccp_alpha': 0.0, 'class_weight': 'balanced', 'criterion': 'gini', 'max_depth': None, 'max_features': 'sqrt', 'max_leaf_nodes': None, 'max_samples': None, 'min_impurity_decrease': 0.0, 'min_samples_leaf': 2, 'min_samples_split': 2, 'min_weight_fraction_leaf': 0.0, 'monotonic_cst': None, 'n_estimators': 150, 'n_jobs': None, 'oob_score': False, 'random_state': 42, 'verbose': 0, 'warm_start': False}",1.1940643787384033
Coffee,8,10,7,3,LinearSVC,HMM_GMM,5,"{'n_components': 1, 'n_mix': 1, 'covariance_type': 'tied'}",0.596,0.5954085492820361,"{'C': np.float64(0.2069138081114788), 'class_weight': None, 'dual': False, 'fit_intercept': True, 'intercept_scaling': 1, 'loss': 'squared_hinge', 'max_iter': 100, 'multi_class': 'ovr', 'penalty': 'l2', 'random_state': 42, 'tol': 0.001, 'verbose': 0}",0.02521967887878418
Coffee,8,10,7,3,LogisticRegression,HMM_GMM,5,"{'n_components': 1, 'n_mix': 1, 'covariance_type': 'tied'}",0.414,0.43046825549086626,"{'C': np.float64(183.29807108324337), 'class_weight': None, 'dual': False, 'fit_intercept': False, 'intercept_scaling': 1, 'l1_ratio': None, 'max_iter': 100, 'multi_class': 'deprecated', 'n_jobs': None, 'penalty': 'l2', 'random_state': 42, 'solver': 'sag', 'tol': 0.0001, 'verbose': 0, 'warm_start': False}",0.20154547691345215
Coffee,8,10,7,3,KNN,HMM_GMM,6,"{'n_components': 4, 'n_mix': 3, 'covariance_type': 'diag'}",0.55,0.5362252379534179,"{'algorithm': 'auto', 'leaf_size': 30, 'metric': 'euclidean', 'metric_params': None, 'n_jobs': None, 'n_neighbors': np.int64(9), 'p': 2, 'weights': 'distance'}",0.016317367553710938
Coffee,8,10,7,3,RandomForest,HMM_GMM,6,"{'n_components': 4, 'n_mix': 3, 'covariance_type': 'diag'}",0.6,0.5909358038075491,"{'bootstrap': True, 'ccp_alpha': 0.0, 'class_weight': None, 'criterion': 'gini', 'max_depth': 10, 'max_features': 'sqrt', 'max_leaf_nodes': None, 'max_samples': None, 'min_impurity_decrease': 0.0, 'min_samples_leaf': 4, 'min_samples_split': 2, 'min_weight_fraction_leaf': 0.0, 'monotonic_cst': None, 'n_estimators': 50, 'n_jobs': None, 'oob_score': False, 'random_state': 42, 'verbose': 0, 'warm_start': False}",0.353909969329834
Coffee,8,10,7,3,LinearSVC,HMM_GMM,6,"{'n_components': 4, 'n_mix': 3, 'covariance_type': 'diag'}",0.642,0.641109709962169,"{'C': np.float64(33.59818286283781), 'class_weight': 'balanced', 'dual': False, 'fit_intercept': True, 'intercept_scaling': 1, 'loss': 'squared_hinge', 'max_iter': 100, 'multi_class': 'ovr', 'penalty': 'l1', 'random_state': 42, 'tol': 0.0001, 'verbose': 0}",0.07375192642211914
Coffee,8,10,7,3,LogisticRegression,HMM_GMM,6,"{'n_components': 4, 'n_mix': 3, 'covariance_type': 'diag'}",0.598,0.59832811955971,"{'C': np.float64(183.29807108324337), 'class_weight': None, 'dual': False, 'fit_intercept': True, 'intercept_scaling': 1, 'l1_ratio': None, 'max_iter': 100, 'multi_class': 'deprecated', 'n_jobs': None, 'penalty': 'l2', 'random_state': 42, 'solver': 'saga', 'tol': 0.0001, 'verbose': 0, 'warm_start': False}",0.23923802375793457
Coffee,8,10,7,3,KNN,HMM_GMM,7,"{'n_components': 2, 'n_mix': 5, 'covariance_type': 'diag'}",0.65,0.6546227584666515,"{'algorithm': 'auto', 'leaf_size': 30, 'metric': 'chebyshev', 'metric_params': None, 'n_jobs': None, 'n_neighbors': np.int64(5), 'p': 2, 'weights': 'uniform'}",0.03338193893432617
Coffee,8,10,7,3,RandomForest,HMM_GMM,7,"{'n_components': 2, 'n_mix': 5, 'covariance_type': 'diag'}",0.624,0.6256705340296671,"{'bootstrap': True, 'ccp_alpha': 0.0, 'class_weight': None, 'criterion': 'gini', 'max_depth': 20, 'max_features': 'sqrt', 'max_leaf_nodes': None, 'max_samples': None, 'min_impurity_decrease': 0.0, 'min_samples_leaf': 4, 'min_samples_split': 5, 'min_weight_fraction_leaf': 0.0, 'monotonic_cst': None, 'n_estimators': 150, 'n_jobs': None, 'oob_score': False, 'random_state': 42, 'verbose': 0, 'warm_start': False}",0.990729808807373
Coffee,8,10,7,3,LinearSVC,HMM_GMM,7,"{'n_components': 2, 'n_mix': 5, 'covariance_type': 'diag'}",0.56,0.5625493012929346,"{'C': np.float64(33.59818286283781), 'class_weight': None, 'dual': False, 'fit_intercept': True, 'intercept_scaling': 1, 'loss': 'squared_hinge', 'max_iter': 100, 'multi_class': 'ovr', 'penalty': 'l1', 'random_state': 42, 'tol': 0.001, 'verbose': 0}",0.06537270545959473
Coffee,8,10,7,3,LogisticRegression,HMM_GMM,7,"{'n_components': 2, 'n_mix': 5, 'covariance_type': 'diag'}",0.512,0.5242693217240528,"{'C': np.float64(6.1584821106602545), 'class_weight': None, 'dual': False, 'fit_intercept': True, 'intercept_scaling': 1, 'l1_ratio': None, 'max_iter': 100, 'multi_class': 'deprecated', 'n_jobs': None, 'penalty': 'l2', 'random_state': 42, 'solver': 'lbfgs', 'tol': 0.0001, 'verbose': 0, 'warm_start': False}",0.07370972633361816
Coffee,8,10,7,3,KNN,HMM_GMM,8,"{'n_components': 1, 'n_mix': 3, 'covariance_type': 'full'}",0.602,0.6081075800910819,"{'algorithm': 'auto', 'leaf_size': 30, 'metric': 'euclidean', 'metric_params': None, 'n_jobs': None, 'n_neighbors': np.int64(9), 'p': 2, 'weights': 'distance'}",0.014322996139526367
Coffee,8,10,7,3,RandomForest,HMM_GMM,8,"{'n_components': 1, 'n_mix': 3, 'covariance_type': 'full'}",0.564,0.5438746874840552,"{'bootstrap': True, 'ccp_alpha': 0.0, 'class_weight': None, 'criterion': 'gini', 'max_depth': 10, 'max_features': 'sqrt', 'max_leaf_nodes': None, 'max_samples': None, 'min_impurity_decrease': 0.0, 'min_samples_leaf': 4, 'min_samples_split': 2, 'min_weight_fraction_leaf': 0.0, 'monotonic_cst': None, 'n_estimators': 50, 'n_jobs': None, 'oob_score': False, 'random_state': 42, 'verbose': 0, 'warm_start': False}",0.31737780570983887
Coffee,8,10,7,3,LinearSVC,HMM_GMM,8,"{'n_components': 1, 'n_mix': 3, 'covariance_type': 'full'}",0.596,0.5963884411209807,"{'C': np.float64(1000.0), 'class_weight': 'balanced', 'dual': False, 'fit_intercept': True, 'intercept_scaling': 1, 'loss': 'squared_hinge', 'max_iter': 100, 'multi_class': 'ovr', 'penalty': 'l2', 'random_state': 42, 'tol': 0.001, 'verbose': 0}",0.02312016487121582
Coffee,8,10,7,3,LogisticRegression,HMM_GMM,8,"{'n_components': 1, 'n_mix': 3, 'covariance_type': 'full'}",0.586,0.5900410686666098,"{'C': np.float64(33.59818286283781), 'class_weight': 'balanced', 'dual': False, 'fit_intercept': True, 'intercept_scaling': 1, 'l1_ratio': None, 'max_iter': 100, 'multi_class': 'deprecated', 'n_jobs': None, 'penalty': 'l2', 'random_state': 42, 'solver': 'saga', 'tol': 0.0001, 'verbose': 0, 'warm_start': False}",0.2169175148010254
Coffee,8,10,7,3,KNN,HMM_GMM,9,"{'n_components': 5, 'n_mix': 1, 'covariance_type': 'diag'}",0.606,0.59047091704899,"{'algorithm': 'auto', 'leaf_size': 30, 'metric': 'euclidean', 'metric_params': None, 'n_jobs': None, 'n_neighbors': np.int64(9), 'p': 2, 'weights': 'distance'}",0.015290021896362305
Coffee,8,10,7,3,RandomForest,HMM_GMM,9,"{'n_components': 5, 'n_mix': 1, 'covariance_type': 'diag'}",0.638,0.6326242722794446,"{'bootstrap': True, 'ccp_alpha': 0.0, 'class_weight': None, 'criterion': 'gini', 'max_depth': None, 'max_features': 'sqrt', 'max_leaf_nodes': None, 'max_samples': None, 'min_impurity_decrease': 0.0, 'min_samples_leaf': 4, 'min_samples_split': 2, 'min_weight_fraction_leaf': 0.0, 'monotonic_cst': None, 'n_estimators': 50, 'n_jobs': None, 'oob_score': False, 'random_state': 42, 'verbose': 0, 'warm_start': False}",0.34389209747314453
Coffee,8,10,7,3,LinearSVC,HMM_GMM,9,"{'n_components': 5, 'n_mix': 1, 'covariance_type': 'diag'}",0.5,0.4824165810208975,"{'C': np.float64(0.4832930238571752), 'class_weight': 'balanced', 'dual': False, 'fit_intercept': True, 'intercept_scaling': 1, 'loss': 'squared_hinge', 'max_iter': 100, 'multi_class': 'ovr', 'penalty': 'l2', 'random_state': 42, 'tol': 0.0001, 'verbose': 0}",0.02126932144165039
Coffee,8,10,7,3,LogisticRegression,HMM_GMM,9,"{'n_components': 5, 'n_mix': 1, 'covariance_type': 'diag'}",0.472,0.4682827463932665,"{'C': np.float64(2.6366508987303554), 'class_weight': 'balanced', 'dual': False, 'fit_intercept': True, 'intercept_scaling': 1, 'l1_ratio': None, 'max_iter': 100, 'multi_class': 'deprecated', 'n_jobs': None, 'penalty': 'l1', 'random_state': 42, 'solver': 'saga', 'tol': 0.0001, 'verbose': 0, 'warm_start': False}",0.269573450088501
Coffee,8,10,7,3,KNN,HMM_GMM,10,"{'n_components': 3, 'n_mix': 5, 'covariance_type': 'diag'}",0.614,0.6084969291842127,"{'algorithm': 'auto', 'leaf_size': 30, 'metric': 'chebyshev', 'metric_params': None, 'n_jobs': None, 'n_neighbors': np.int64(5), 'p': 2, 'weights': 'uniform'}",0.026836395263671875
Coffee,8,10,7,3,RandomForest,HMM_GMM,10,"{'n_components': 3, 'n_mix': 5, 'covariance_type': 'diag'}",0.586,0.5717141383808051,"{'bootstrap': True, 'ccp_alpha': 0.0, 'class_weight': 'balanced', 'criterion': 'gini', 'max_depth': 30, 'max_features': 'sqrt', 'max_leaf_nodes': None, 'max_samples': None, 'min_impurity_decrease': 0.0, 'min_samples_leaf': 1, 'min_samples_split': 2, 'min_weight_fraction_leaf': 0.0, 'monotonic_cst': None, 'n_estimators': 150, 'n_jobs': None, 'oob_score': False, 'random_state': 42, 'verbose': 0, 'warm_start': False}",1.018463134765625
Coffee,8,10,7,3,LinearSVC,HMM_GMM,10,"{'n_components': 3, 'n_mix': 5, 'covariance_type': 'diag'}",0.55,0.5436371535478295,"{'C': np.float64(33.59818286283781), 'class_weight': None, 'dual': False, 'fit_intercept': True, 'intercept_scaling': 1, 'loss': 'squared_hinge', 'max_iter': 100, 'multi_class': 'ovr', 'penalty': 'l1', 'random_state': 42, 'tol': 0.001, 'verbose': 0}",0.06557965278625488
Coffee,8,10,7,3,LogisticRegression,HMM_GMM,10,"{'n_components': 3, 'n_mix': 5, 'covariance_type': 'diag'}",0.502,0.5256270598668449,"{'C': np.float64(183.29807108324337), 'class_weight': None, 'dual': False, 'fit_intercept': True, 'intercept_scaling': 1, 'l1_ratio': None, 'max_iter': 100, 'multi_class': 'deprecated', 'n_jobs': None, 'penalty': 'l2', 'random_state': 42, 'solver': 'saga', 'tol': 0.0001, 'verbose': 0, 'warm_start': False}",0.16273260116577148
Coffee,8,10,7,5,KNN,HMM_GMM,1,"{'n_components': 2, 'n_mix': 1, 'covariance_type': 'diag'}",0.634,0.6141897379106681,"{'algorithm': 'auto', 'leaf_size': 30, 'metric': 'minkowski', 'metric_params': None, 'n_jobs': None, 'n_neighbors': 5, 'p': 2, 'weights': 'uniform'}",0.04010963439941406
Coffee,8,10,7,5,RandomForest,HMM_GMM,1,"{'n_components': 2, 'n_mix': 1, 'covariance_type': 'diag'}",0.652,0.657139061761147,"{'bootstrap': True, 'ccp_alpha': 0.0, 'class_weight': None, 'criterion': 'gini', 'max_depth': None, 'max_features': 'sqrt', 'max_leaf_nodes': None, 'max_samples': None, 'min_impurity_decrease': 0.0, 'min_samples_leaf': 1, 'min_samples_split': 2, 'min_weight_fraction_leaf': 0.0, 'monotonic_cst': None, 'n_estimators': 100, 'n_jobs': None, 'oob_score': False, 'random_state': 42, 'verbose': 0, 'warm_start': False}",0.8302597999572754
Coffee,8,10,7,5,LinearSVC,HMM_GMM,1,"{'n_components': 2, 'n_mix': 1, 'covariance_type': 'diag'}",0.412,0.37063461808551196,"{'C': 1.0, 'class_weight': None, 'dual': False, 'fit_intercept': True, 'intercept_scaling': 1, 'loss': 'squared_hinge', 'max_iter': 100, 'multi_class': 'ovr', 'penalty': 'l2', 'random_state': 42, 'tol': 0.0001, 'verbose': 0}",0.03539323806762695
Coffee,8,10,7,5,LogisticRegression,HMM_GMM,1,"{'n_components': 2, 'n_mix': 1, 'covariance_type': 'diag'}",0.394,0.4085027515249224,"{'C': 1.0, 'class_weight': None, 'dual': False, 'fit_intercept': True, 'intercept_scaling': 1, 'l1_ratio': None, 'max_iter': 100, 'multi_class': 'deprecated', 'n_jobs': None, 'penalty': 'l2', 'random_state': 42, 'solver': 'lbfgs', 'tol': 0.0001, 'verbose': 0, 'warm_start': False}",0.04838967323303223
Coffee,8,10,7,5,KNN,HMM_GMM,2,"{'n_components': 2, 'n_mix': 4, 'covariance_type': 'tied'}",0.636,0.6180113490151632,"{'algorithm': 'auto', 'leaf_size': 30, 'metric': 'minkowski', 'metric_params': None, 'n_jobs': None, 'n_neighbors': 5, 'p': 2, 'weights': 'uniform'}",0.038448333740234375
Coffee,8,10,7,5,RandomForest,HMM_GMM,2,"{'n_components': 2, 'n_mix': 4, 'covariance_type': 'tied'}",0.682,0.6874984647216423,"{'bootstrap': True, 'ccp_alpha': 0.0, 'class_weight': None, 'criterion': 'gini', 'max_depth': None, 'max_features': 'sqrt', 'max_leaf_nodes': None, 'max_samples': None, 'min_impurity_decrease': 0.0, 'min_samples_leaf': 1, 'min_samples_split': 2, 'min_weight_fraction_leaf': 0.0, 'monotonic_cst': None, 'n_estimators': 100, 'n_jobs': None, 'oob_score': False, 'random_state': 42, 'verbose': 0, 'warm_start': False}",0.785254955291748
Coffee,8,10,7,5,LinearSVC,HMM_GMM,2,"{'n_components': 2, 'n_mix': 4, 'covariance_type': 'tied'}",0.52,0.5406526712008083,"{'C': 1.0, 'class_weight': None, 'dual': False, 'fit_intercept': True, 'intercept_scaling': 1, 'loss': 'squared_hinge', 'max_iter': 100, 'multi_class': 'ovr', 'penalty': 'l2', 'random_state': 42, 'tol': 0.0001, 'verbose': 0}",0.03986406326293945
Coffee,8,10,7,5,LogisticRegression,HMM_GMM,2,"{'n_components': 2, 'n_mix': 4, 'covariance_type': 'tied'}",0.528,0.5468944482643112,"{'C': 1.0, 'class_weight': None, 'dual': False, 'fit_intercept': True, 'intercept_scaling': 1, 'l1_ratio': None, 'max_iter': 100, 'multi_class': 'deprecated', 'n_jobs': None, 'penalty': 'l2', 'random_state': 42, 'solver': 'lbfgs', 'tol': 0.0001, 'verbose': 0, 'warm_start': False}",0.1609046459197998
Coffee,8,10,7,5,KNN,HMM_GMM,3,"{'n_components': 1, 'n_mix': 3, 'covariance_type': 'diag'}",0.634,0.6140510620632395,"{'algorithm': 'auto', 'leaf_size': 30, 'metric': 'minkowski', 'metric_params': None, 'n_jobs': None, 'n_neighbors': 5, 'p': 2, 'weights': 'uniform'}",0.03803849220275879
Coffee,8,10,7,5,RandomForest,HMM_GMM,3,"{'n_components': 1, 'n_mix': 3, 'covariance_type': 'diag'}",0.628,0.6292655816064944,"{'bootstrap': True, 'ccp_alpha': 0.0, 'class_weight': None, 'criterion': 'gini', 'max_depth': None, 'max_features': 'sqrt', 'max_leaf_nodes': None, 'max_samples': None, 'min_impurity_decrease': 0.0, 'min_samples_leaf': 1, 'min_samples_split': 2, 'min_weight_fraction_leaf': 0.0, 'monotonic_cst': None, 'n_estimators': 100, 'n_jobs': None, 'oob_score': False, 'random_state': 42, 'verbose': 0, 'warm_start': False}",0.8464736938476562
Coffee,8,10,7,5,LinearSVC,HMM_GMM,3,"{'n_components': 1, 'n_mix': 3, 'covariance_type': 'diag'}",0.254,0.25730382634690674,"{'C': 1.0, 'class_weight': None, 'dual': False, 'fit_intercept': True, 'intercept_scaling': 1, 'loss': 'squared_hinge', 'max_iter': 100, 'multi_class': 'ovr', 'penalty': 'l2', 'random_state': 42, 'tol': 0.0001, 'verbose': 0}",0.033898115158081055
Coffee,8,10,7,5,LogisticRegression,HMM_GMM,3,"{'n_components': 1, 'n_mix': 3, 'covariance_type': 'diag'}",0.422,0.44051216624757483,"{'C': 1.0, 'class_weight': None, 'dual': False, 'fit_intercept': True, 'intercept_scaling': 1, 'l1_ratio': None, 'max_iter': 100, 'multi_class': 'deprecated', 'n_jobs': None, 'penalty': 'l2', 'random_state': 42, 'solver': 'lbfgs', 'tol': 0.0001, 'verbose': 0, 'warm_start': False}",0.06484770774841309
Coffee,8,10,7,5,KNN,HMM_GMM,4,"{'n_components': 4, 'n_mix': 3, 'covariance_type': 'diag'}",0.578,0.5609476590025789,"{'algorithm': 'auto', 'leaf_size': 30, 'metric': 'minkowski', 'metric_params': None, 'n_jobs': None, 'n_neighbors': 5, 'p': 2, 'weights': 'uniform'}",0.03729867935180664
Coffee,8,10,7,5,RandomForest,HMM_GMM,4,"{'n_components': 4, 'n_mix': 3, 'covariance_type': 'diag'}",0.614,0.6072330837624043,"{'bootstrap': True, 'ccp_alpha': 0.0, 'class_weight': None, 'criterion': 'gini', 'max_depth': None, 'max_features': 'sqrt', 'max_leaf_nodes': None, 'max_samples': None, 'min_impurity_decrease': 0.0, 'min_samples_leaf': 1, 'min_samples_split': 2, 'min_weight_fraction_leaf': 0.0, 'monotonic_cst': None, 'n_estimators': 100, 'n_jobs': None, 'oob_score': False, 'random_state': 42, 'verbose': 0, 'warm_start': False}",0.7812247276306152
Coffee,8,10,7,5,LinearSVC,HMM_GMM,4,"{'n_components': 4, 'n_mix': 3, 'covariance_type': 'diag'}",0.536,0.5457585139318885,"{'C': 1.0, 'class_weight': None, 'dual': False, 'fit_intercept': True, 'intercept_scaling': 1, 'loss': 'squared_hinge', 'max_iter': 100, 'multi_class': 'ovr', 'penalty': 'l2', 'random_state': 42, 'tol': 0.0001, 'verbose': 0}",0.03480839729309082
Coffee,8,10,7,5,LogisticRegression,HMM_GMM,4,"{'n_components': 4, 'n_mix': 3, 'covariance_type': 'diag'}",0.456,0.48261401897765527,"{'C': 1.0, 'class_weight': None, 'dual': False, 'fit_intercept': True, 'intercept_scaling': 1, 'l1_ratio': None, 'max_iter': 100, 'multi_class': 'deprecated', 'n_jobs': None, 'penalty': 'l2', 'random_state': 42, 'solver': 'lbfgs', 'tol': 0.0001, 'verbose': 0, 'warm_start': False}",0.09433913230895996
Coffee,8,10,7,5,KNN,HMM_GMM,5,"{'n_components': 1, 'n_mix': 1, 'covariance_type': 'tied'}",0.684,0.6861623553437712,"{'algorithm': 'auto', 'leaf_size': 30, 'metric': 'minkowski', 'metric_params': None, 'n_jobs': None, 'n_neighbors': 5, 'p': 2, 'weights': 'uniform'}",0.0358731746673584
Coffee,8,10,7,5,RandomForest,HMM_GMM,5,"{'n_components': 1, 'n_mix': 1, 'covariance_type': 'tied'}",0.67,0.6703554970375246,"{'bootstrap': True, 'ccp_alpha': 0.0, 'class_weight': None, 'criterion': 'gini', 'max_depth': None, 'max_features': 'sqrt', 'max_leaf_nodes': None, 'max_samples': None, 'min_impurity_decrease': 0.0, 'min_samples_leaf': 1, 'min_samples_split': 2, 'min_weight_fraction_leaf': 0.0, 'monotonic_cst': None, 'n_estimators': 100, 'n_jobs': None, 'oob_score': False, 'random_state': 42, 'verbose': 0, 'warm_start': False}",0.8129744529724121
Coffee,8,10,7,5,LinearSVC,HMM_GMM,5,"{'n_components': 1, 'n_mix': 1, 'covariance_type': 'tied'}",0.598,0.5976703545988508,"{'C': 1.0, 'class_weight': None, 'dual': False, 'fit_intercept': True, 'intercept_scaling': 1, 'loss': 'squared_hinge', 'max_iter': 100, 'multi_class': 'ovr', 'penalty': 'l2', 'random_state': 42, 'tol': 0.0001, 'verbose': 0}",0.04211997985839844
Coffee,8,10,7,5,LogisticRegression,HMM_GMM,5,"{'n_components': 1, 'n_mix': 1, 'covariance_type': 'tied'}",0.59,0.5919183673469388,"{'C': 1.0, 'class_weight': None, 'dual': False, 'fit_intercept': True, 'intercept_scaling': 1, 'l1_ratio': None, 'max_iter': 100, 'multi_class': 'deprecated', 'n_jobs': None, 'penalty': 'l2', 'random_state': 42, 'solver': 'lbfgs', 'tol': 0.0001, 'verbose': 0, 'warm_start': False}",0.17317461967468262
Coffee,8,10,7,5,KNN,HMM_GMM,6,"{'n_components': 4, 'n_mix': 3, 'covariance_type': 'diag'}",0.578,0.5609476590025789,"{'algorithm': 'auto', 'leaf_size': 30, 'metric': 'minkowski', 'metric_params': None, 'n_jobs': None, 'n_neighbors': 5, 'p': 2, 'weights': 'uniform'}",0.0396575927734375
Coffee,8,10,7,5,RandomForest,HMM_GMM,6,"{'n_components': 4, 'n_mix': 3, 'covariance_type': 'diag'}",0.616,0.6099452061469918,"{'bootstrap': True, 'ccp_alpha': 0.0, 'class_weight': None, 'criterion': 'gini', 'max_depth': None, 'max_features': 'sqrt', 'max_leaf_nodes': None, 'max_samples': None, 'min_impurity_decrease': 0.0, 'min_samples_leaf': 1, 'min_samples_split': 2, 'min_weight_fraction_leaf': 0.0, 'monotonic_cst': None, 'n_estimators': 100, 'n_jobs': None, 'oob_score': False, 'random_state': 42, 'verbose': 0, 'warm_start': False}",0.8032920360565186
Coffee,8,10,7,5,LinearSVC,HMM_GMM,6,"{'n_components': 4, 'n_mix': 3, 'covariance_type': 'diag'}",0.536,0.5457585139318885,"{'C': 1.0, 'class_weight': None, 'dual': False, 'fit_intercept': True, 'intercept_scaling': 1, 'loss': 'squared_hinge', 'max_iter': 100, 'multi_class': 'ovr', 'penalty': 'l2', 'random_state': 42, 'tol': 0.0001, 'verbose': 0}",0.03676009178161621
Coffee,8,10,7,5,LogisticRegression,HMM_GMM,6,"{'n_components': 4, 'n_mix': 3, 'covariance_type': 'diag'}",0.456,0.48261401897765527,"{'C': 1.0, 'class_weight': None, 'dual': False, 'fit_intercept': True, 'intercept_scaling': 1, 'l1_ratio': None, 'max_iter': 100, 'multi_class': 'deprecated', 'n_jobs': None, 'penalty': 'l2', 'random_state': 42, 'solver': 'lbfgs', 'tol': 0.0001, 'verbose': 0, 'warm_start': False}",0.09172248840332031
Coffee,8,10,7,5,KNN,HMM_GMM,7,"{'n_components': 2, 'n_mix': 5, 'covariance_type': 'diag'}",0.586,0.5684462655038007,"{'algorithm': 'auto', 'leaf_size': 30, 'metric': 'minkowski', 'metric_params': None, 'n_jobs': None, 'n_neighbors': 5, 'p': 2, 'weights': 'uniform'}",0.0396573543548584
Coffee,8,10,7,5,RandomForest,HMM_GMM,7,"{'n_components': 2, 'n_mix': 5, 'covariance_type': 'diag'}",0.616,0.6179619846413593,"{'bootstrap': True, 'ccp_alpha': 0.0, 'class_weight': None, 'criterion': 'gini', 'max_depth': None, 'max_features': 'sqrt', 'max_leaf_nodes': None, 'max_samples': None, 'min_impurity_decrease': 0.0, 'min_samples_leaf': 1, 'min_samples_split': 2, 'min_weight_fraction_leaf': 0.0, 'monotonic_cst': None, 'n_estimators': 100, 'n_jobs': None, 'oob_score': False, 'random_state': 42, 'verbose': 0, 'warm_start': False}",0.8154463768005371
Coffee,8,10,7,5,LinearSVC,HMM_GMM,7,"{'n_components': 2, 'n_mix': 5, 'covariance_type': 'diag'}",0.558,0.5605291005291005,"{'C': 1.0, 'class_weight': None, 'dual': False, 'fit_intercept': True, 'intercept_scaling': 1, 'loss': 'squared_hinge', 'max_iter': 100, 'multi_class': 'ovr', 'penalty': 'l2', 'random_state': 42, 'tol': 0.0001, 'verbose': 0}",0.04222679138183594
Coffee,8,10,7,5,LogisticRegression,HMM_GMM,7,"{'n_components': 2, 'n_mix': 5, 'covariance_type': 'diag'}",0.476,0.4955289923345632,"{'C': 1.0, 'class_weight': None, 'dual': False, 'fit_intercept': True, 'intercept_scaling': 1, 'l1_ratio': None, 'max_iter': 100, 'multi_class': 'deprecated', 'n_jobs': None, 'penalty': 'l2', 'random_state': 42, 'solver': 'lbfgs', 'tol': 0.0001, 'verbose': 0, 'warm_start': False}",0.24219846725463867
Coffee,8,10,7,5,KNN,HMM_GMM,8,"{'n_components': 1, 'n_mix': 3, 'covariance_type': 'full'}",0.622,0.6239675456389452,"{'algorithm': 'auto', 'leaf_size': 30, 'metric': 'minkowski', 'metric_params': None, 'n_jobs': None, 'n_neighbors': 5, 'p': 2, 'weights': 'uniform'}",0.035335540771484375
Coffee,8,10,7,5,RandomForest,HMM_GMM,8,"{'n_components': 1, 'n_mix': 3, 'covariance_type': 'full'}",0.568,0.5531314893988308,"{'bootstrap': True, 'ccp_alpha': 0.0, 'class_weight': None, 'criterion': 'gini', 'max_depth': None, 'max_features': 'sqrt', 'max_leaf_nodes': None, 'max_samples': None, 'min_impurity_decrease': 0.0, 'min_samples_leaf': 1, 'min_samples_split': 2, 'min_weight_fraction_leaf': 0.0, 'monotonic_cst': None, 'n_estimators': 100, 'n_jobs': None, 'oob_score': False, 'random_state': 42, 'verbose': 0, 'warm_start': False}",0.8753442764282227
Coffee,8,10,7,5,LinearSVC,HMM_GMM,8,"{'n_components': 1, 'n_mix': 3, 'covariance_type': 'full'}",0.594,0.5955129071496149,"{'C': 1.0, 'class_weight': None, 'dual': False, 'fit_intercept': True, 'intercept_scaling': 1, 'loss': 'squared_hinge', 'max_iter': 100, 'multi_class': 'ovr', 'penalty': 'l2', 'random_state': 42, 'tol': 0.0001, 'verbose': 0}",0.04373574256896973
Coffee,8,10,7,5,LogisticRegression,HMM_GMM,8,"{'n_components': 1, 'n_mix': 3, 'covariance_type': 'full'}",0.584,0.5904609774244957,"{'C': 1.0, 'class_weight': None, 'dual': False, 'fit_intercept': True, 'intercept_scaling': 1, 'l1_ratio': None, 'max_iter': 100, 'multi_class': 'deprecated', 'n_jobs': None, 'penalty': 'l2', 'random_state': 42, 'solver': 'lbfgs', 'tol': 0.0001, 'verbose': 0, 'warm_start': False}",0.1773524284362793
Coffee,8,10,7,5,KNN,HMM_GMM,9,"{'n_components': 5, 'n_mix': 1, 'covariance_type': 'diag'}",0.62,0.6006643875824441,"{'algorithm': 'auto', 'leaf_size': 30, 'metric': 'minkowski', 'metric_params': None, 'n_jobs': None, 'n_neighbors': 5, 'p': 2, 'weights': 'uniform'}",0.03764939308166504
Coffee,8,10,7,5,RandomForest,HMM_GMM,9,"{'n_components': 5, 'n_mix': 1, 'covariance_type': 'diag'}",0.622,0.6252472727933436,"{'bootstrap': True, 'ccp_alpha': 0.0, 'class_weight': None, 'criterion': 'gini', 'max_depth': None, 'max_features': 'sqrt', 'max_leaf_nodes': None, 'max_samples': None, 'min_impurity_decrease': 0.0, 'min_samples_leaf': 1, 'min_samples_split': 2, 'min_weight_fraction_leaf': 0.0, 'monotonic_cst': None, 'n_estimators': 100, 'n_jobs': None, 'oob_score': False, 'random_state': 42, 'verbose': 0, 'warm_start': False}",0.9660589694976807
Coffee,8,10,7,5,LinearSVC,HMM_GMM,9,"{'n_components': 5, 'n_mix': 1, 'covariance_type': 'diag'}",0.522,0.4890743954645377,"{'C': 1.0, 'class_weight': None, 'dual': False, 'fit_intercept': True, 'intercept_scaling': 1, 'loss': 'squared_hinge', 'max_iter': 100, 'multi_class': 'ovr', 'penalty': 'l2', 'random_state': 42, 'tol': 0.0001, 'verbose': 0}",0.04338335990905762
Coffee,8,10,7,5,LogisticRegression,HMM_GMM,9,"{'n_components': 5, 'n_mix': 1, 'covariance_type': 'diag'}",0.54,0.5050046185239879,"{'C': 1.0, 'class_weight': None, 'dual': False, 'fit_intercept': True, 'intercept_scaling': 1, 'l1_ratio': None, 'max_iter': 100, 'multi_class': 'deprecated', 'n_jobs': None, 'penalty': 'l2', 'random_state': 42, 'solver': 'lbfgs', 'tol': 0.0001, 'verbose': 0, 'warm_start': False}",0.23986577987670898
Coffee,8,10,7,5,KNN,HMM_GMM,10,"{'n_components': 3, 'n_mix': 5, 'covariance_type': 'diag'}",0.59,0.5730301348319804,"{'algorithm': 'auto', 'leaf_size': 30, 'metric': 'minkowski', 'metric_params': None, 'n_jobs': None, 'n_neighbors': 5, 'p': 2, 'weights': 'uniform'}",0.04357147216796875
Coffee,8,10,7,5,RandomForest,HMM_GMM,10,"{'n_components': 3, 'n_mix': 5, 'covariance_type': 'diag'}",0.594,0.576571491041916,"{'bootstrap': True, 'ccp_alpha': 0.0, 'class_weight': None, 'criterion': 'gini', 'max_depth': None, 'max_features': 'sqrt', 'max_leaf_nodes': None, 'max_samples': None, 'min_impurity_decrease': 0.0, 'min_samples_leaf': 1, 'min_samples_split': 2, 'min_weight_fraction_leaf': 0.0, 'monotonic_cst': None, 'n_estimators': 100, 'n_jobs': None, 'oob_score': False, 'random_state': 42, 'verbose': 0, 'warm_start': False}",0.8908991813659668
Coffee,8,10,7,5,LinearSVC,HMM_GMM,10,"{'n_components': 3, 'n_mix': 5, 'covariance_type': 'diag'}",0.456,0.46716201779618705,"{'C': 1.0, 'class_weight': None, 'dual': False, 'fit_intercept': True, 'intercept_scaling': 1, 'loss': 'squared_hinge', 'max_iter': 100, 'multi_class': 'ovr', 'penalty': 'l2', 'random_state': 42, 'tol': 0.0001, 'verbose': 0}",0.03788185119628906
Coffee,8,10,7,5,LogisticRegression,HMM_GMM,10,"{'n_components': 3, 'n_mix': 5, 'covariance_type': 'diag'}",0.444,0.46895857731511603,"{'C': 1.0, 'class_weight': None, 'dual': False, 'fit_intercept': True, 'intercept_scaling': 1, 'l1_ratio': None, 'max_iter': 100, 'multi_class': 'deprecated', 'n_jobs': None, 'penalty': 'l2', 'random_state': 42, 'solver': 'lbfgs', 'tol': 0.0001, 'verbose': 0, 'warm_start': False}",0.1190180778503418
Coffee,8,10,7,10,KNN,HMM_GMM,1,"{'n_components': 2, 'n_mix': 1, 'covariance_type': 'diag'}",0.634,0.6141897379106681,"{'algorithm': 'auto', 'leaf_size': 30, 'metric': 'minkowski', 'metric_params': None, 'n_jobs': None, 'n_neighbors': 5, 'p': 2, 'weights': 'uniform'}",0.0763096809387207
Coffee,8,10,7,10,RandomForest,HMM_GMM,1,"{'n_components': 2, 'n_mix': 1, 'covariance_type': 'diag'}",0.644,0.6421136628114091,"{'bootstrap': True, 'ccp_alpha': 0.0, 'class_weight': None, 'criterion': 'gini', 'max_depth': None, 'max_features': 'sqrt', 'max_leaf_nodes': None, 'max_samples': None, 'min_impurity_decrease': 0.0, 'min_samples_leaf': 1, 'min_samples_split': 2, 'min_weight_fraction_leaf': 0.0, 'monotonic_cst': None, 'n_estimators': 100, 'n_jobs': None, 'oob_score': False, 'random_state': 42, 'verbose': 0, 'warm_start': False}",1.8527405261993408
Coffee,8,10,7,10,LinearSVC,HMM_GMM,1,"{'n_components': 2, 'n_mix': 1, 'covariance_type': 'diag'}",0.412,0.37063461808551196,"{'C': 1.0, 'class_weight': None, 'dual': False, 'fit_intercept': True, 'intercept_scaling': 1, 'loss': 'squared_hinge', 'max_iter': 100, 'multi_class': 'ovr', 'penalty': 'l2', 'random_state': 42, 'tol': 0.0001, 'verbose': 0}",0.07114815711975098
Coffee,8,10,7,10,LogisticRegression,HMM_GMM,1,"{'n_components': 2, 'n_mix': 1, 'covariance_type': 'diag'}",0.4,0.4123659305993691,"{'C': 1.0, 'class_weight': None, 'dual': False, 'fit_intercept': True, 'intercept_scaling': 1, 'l1_ratio': None, 'max_iter': 100, 'multi_class': 'deprecated', 'n_jobs': None, 'penalty': 'l2', 'random_state': 42, 'solver': 'lbfgs', 'tol': 0.0001, 'verbose': 0, 'warm_start': False}",0.07803463935852051
Coffee,8,10,7,10,KNN,HMM_GMM,2,"{'n_components': 2, 'n_mix': 4, 'covariance_type': 'tied'}",0.636,0.6180113490151632,"{'algorithm': 'auto', 'leaf_size': 30, 'metric': 'minkowski', 'metric_params': None, 'n_jobs': None, 'n_neighbors': 5, 'p': 2, 'weights': 'uniform'}",0.05582761764526367
Coffee,8,10,7,10,RandomForest,HMM_GMM,2,"{'n_components': 2, 'n_mix': 4, 'covariance_type': 'tied'}",0.636,0.6415384615384615,"{'bootstrap': True, 'ccp_alpha': 0.0, 'class_weight': None, 'criterion': 'gini', 'max_depth': None, 'max_features': 'sqrt', 'max_leaf_nodes': None, 'max_samples': None, 'min_impurity_decrease': 0.0, 'min_samples_leaf': 1, 'min_samples_split': 2, 'min_weight_fraction_leaf': 0.0, 'monotonic_cst': None, 'n_estimators': 100, 'n_jobs': None, 'oob_score': False, 'random_state': 42, 'verbose': 0, 'warm_start': False}",1.2493162155151367
Coffee,8,10,7,10,LinearSVC,HMM_GMM,2,"{'n_components': 2, 'n_mix': 4, 'covariance_type': 'tied'}",0.484,0.5094261076419863,"{'C': 1.0, 'class_weight': None, 'dual': False, 'fit_intercept': True, 'intercept_scaling': 1, 'loss': 'squared_hinge', 'max_iter': 100, 'multi_class': 'ovr', 'penalty': 'l2', 'random_state': 42, 'tol': 0.0001, 'verbose': 0}",0.11222505569458008
Coffee,8,10,7,10,LogisticRegression,HMM_GMM,2,"{'n_components': 2, 'n_mix': 4, 'covariance_type': 'tied'}",0.498,0.5210866058711008,"{'C': 1.0, 'class_weight': None, 'dual': False, 'fit_intercept': True, 'intercept_scaling': 1, 'l1_ratio': None, 'max_iter': 100, 'multi_class': 'deprecated', 'n_jobs': None, 'penalty': 'l2', 'random_state': 42, 'solver': 'lbfgs', 'tol': 0.0001, 'verbose': 0, 'warm_start': False}",0.49721312522888184
Coffee,8,10,7,10,KNN,HMM_GMM,3,"{'n_components': 1, 'n_mix': 3, 'covariance_type': 'diag'}",0.634,0.6140510620632395,"{'algorithm': 'auto', 'leaf_size': 30, 'metric': 'minkowski', 'metric_params': None, 'n_jobs': None, 'n_neighbors': 5, 'p': 2, 'weights': 'uniform'}",0.12147235870361328
Coffee,8,10,7,10,RandomForest,HMM_GMM,3,"{'n_components': 1, 'n_mix': 3, 'covariance_type': 'diag'}",0.644,0.6426277497955141,"{'bootstrap': True, 'ccp_alpha': 0.0, 'class_weight': None, 'criterion': 'gini', 'max_depth': None, 'max_features': 'sqrt', 'max_leaf_nodes': None, 'max_samples': None, 'min_impurity_decrease': 0.0, 'min_samples_leaf': 1, 'min_samples_split': 2, 'min_weight_fraction_leaf': 0.0, 'monotonic_cst': None, 'n_estimators': 100, 'n_jobs': None, 'oob_score': False, 'random_state': 42, 'verbose': 0, 'warm_start': False}",1.3516724109649658
Coffee,8,10,7,10,LinearSVC,HMM_GMM,3,"{'n_components': 1, 'n_mix': 3, 'covariance_type': 'diag'}",0.254,0.25730382634690674,"{'C': 1.0, 'class_weight': None, 'dual': False, 'fit_intercept': True, 'intercept_scaling': 1, 'loss': 'squared_hinge', 'max_iter': 100, 'multi_class': 'ovr', 'penalty': 'l2', 'random_state': 42, 'tol': 0.0001, 'verbose': 0}",0.07092523574829102
Coffee,8,10,7,10,LogisticRegression,HMM_GMM,3,"{'n_components': 1, 'n_mix': 3, 'covariance_type': 'diag'}",0.41,0.42762388259592726,"{'C': 1.0, 'class_weight': None, 'dual': False, 'fit_intercept': True, 'intercept_scaling': 1, 'l1_ratio': None, 'max_iter': 100, 'multi_class': 'deprecated', 'n_jobs': None, 'penalty': 'l2', 'random_state': 42, 'solver': 'lbfgs', 'tol': 0.0001, 'verbose': 0, 'warm_start': False}",0.12226486206054688
Coffee,8,10,7,10,KNN,HMM_GMM,4,"{'n_components': 4, 'n_mix': 3, 'covariance_type': 'diag'}",0.606,0.5870629110786781,"{'algorithm': 'auto', 'leaf_size': 30, 'metric': 'minkowski', 'metric_params': None, 'n_jobs': None, 'n_neighbors': 5, 'p': 2, 'weights': 'uniform'}",0.06972622871398926
Coffee,8,10,7,10,RandomForest,HMM_GMM,4,"{'n_components': 4, 'n_mix': 3, 'covariance_type': 'diag'}",0.636,0.627910903050438,"{'bootstrap': True, 'ccp_alpha': 0.0, 'class_weight': None, 'criterion': 'gini', 'max_depth': None, 'max_features': 'sqrt', 'max_leaf_nodes': None, 'max_samples': None, 'min_impurity_decrease': 0.0, 'min_samples_leaf': 1, 'min_samples_split': 2, 'min_weight_fraction_leaf': 0.0, 'monotonic_cst': None, 'n_estimators': 100, 'n_jobs': None, 'oob_score': False, 'random_state': 42, 'verbose': 0, 'warm_start': False}",1.5363662242889404
Coffee,8,10,7,10,LinearSVC,HMM_GMM,4,"{'n_components': 4, 'n_mix': 3, 'covariance_type': 'diag'}",0.686,0.6828496250613538,"{'C': 1.0, 'class_weight': None, 'dual': False, 'fit_intercept': True, 'intercept_scaling': 1, 'loss': 'squared_hinge', 'max_iter': 100, 'multi_class': 'ovr', 'penalty': 'l2', 'random_state': 42, 'tol': 0.0001, 'verbose': 0}",0.0680696964263916
Coffee,8,10,7,10,LogisticRegression,HMM_GMM,4,"{'n_components': 4, 'n_mix': 3, 'covariance_type': 'diag'}",0.552,0.5634666666666667,"{'C': 1.0, 'class_weight': None, 'dual': False, 'fit_intercept': True, 'intercept_scaling': 1, 'l1_ratio': None, 'max_iter': 100, 'multi_class': 'deprecated', 'n_jobs': None, 'penalty': 'l2', 'random_state': 42, 'solver': 'lbfgs', 'tol': 0.0001, 'verbose': 0, 'warm_start': False}",0.23878741264343262
Coffee,8,10,7,10,KNN,HMM_GMM,5,"{'n_components': 1, 'n_mix': 1, 'covariance_type': 'tied'}",0.684,0.6861623553437712,"{'algorithm': 'auto', 'leaf_size': 30, 'metric': 'minkowski', 'metric_params': None, 'n_jobs': None, 'n_neighbors': 5, 'p': 2, 'weights': 'uniform'}",0.05722188949584961
Coffee,8,10,7,10,RandomForest,HMM_GMM,5,"{'n_components': 1, 'n_mix': 1, 'covariance_type': 'tied'}",0.63,0.6285743093365599,"{'bootstrap': True, 'ccp_alpha': 0.0, 'class_weight': None, 'criterion': 'gini', 'max_depth': None, 'max_features': 'sqrt', 'max_leaf_nodes': None, 'max_samples': None, 'min_impurity_decrease': 0.0, 'min_samples_leaf': 1, 'min_samples_split': 2, 'min_weight_fraction_leaf': 0.0, 'monotonic_cst': None, 'n_estimators': 100, 'n_jobs': None, 'oob_score': False, 'random_state': 42, 'verbose': 0, 'warm_start': False}",1.212768793106079
Coffee,8,10,7,10,LinearSVC,HMM_GMM,5,"{'n_components': 1, 'n_mix': 1, 'covariance_type': 'tied'}",0.598,0.5985224904674612,"{'C': 1.0, 'class_weight': None, 'dual': False, 'fit_intercept': True, 'intercept_scaling': 1, 'loss': 'squared_hinge', 'max_iter': 100, 'multi_class': 'ovr', 'penalty': 'l2', 'random_state': 42, 'tol': 0.0001, 'verbose': 0}",0.09248757362365723
Coffee,8,10,7,10,LogisticRegression,HMM_GMM,5,"{'n_components': 1, 'n_mix': 1, 'covariance_type': 'tied'}",0.588,0.5905055336629982,"{'C': 1.0, 'class_weight': None, 'dual': False, 'fit_intercept': True, 'intercept_scaling': 1, 'l1_ratio': None, 'max_iter': 100, 'multi_class': 'deprecated', 'n_jobs': None, 'penalty': 'l2', 'random_state': 42, 'solver': 'lbfgs', 'tol': 0.0001, 'verbose': 0, 'warm_start': False}",0.33745718002319336
Coffee,8,10,7,10,KNN,HMM_GMM,6,"{'n_components': 4, 'n_mix': 3, 'covariance_type': 'diag'}",0.578,0.5609476590025789,"{'algorithm': 'auto', 'leaf_size': 30, 'metric': 'minkowski', 'metric_params': None, 'n_jobs': None, 'n_neighbors': 5, 'p': 2, 'weights': 'uniform'}",0.05845832824707031
Coffee,8,10,7,10,RandomForest,HMM_GMM,6,"{'n_components': 4, 'n_mix': 3, 'covariance_type': 'diag'}",0.616,0.6093445322148756,"{'bootstrap': True, 'ccp_alpha': 0.0, 'class_weight': None, 'criterion': 'gini', 'max_depth': None, 'max_features': 'sqrt', 'max_leaf_nodes': None, 'max_samples': None, 'min_impurity_decrease': 0.0, 'min_samples_leaf': 1, 'min_samples_split': 2, 'min_weight_fraction_leaf': 0.0, 'monotonic_cst': None, 'n_estimators': 100, 'n_jobs': None, 'oob_score': False, 'random_state': 42, 'verbose': 0, 'warm_start': False}",1.164696216583252
Coffee,8,10,7,10,LinearSVC,HMM_GMM,6,"{'n_components': 4, 'n_mix': 3, 'covariance_type': 'diag'}",0.542,0.5350864343924017,"{'C': 1.0, 'class_weight': None, 'dual': False, 'fit_intercept': True, 'intercept_scaling': 1, 'loss': 'squared_hinge', 'max_iter': 100, 'multi_class': 'ovr', 'penalty': 'l2', 'random_state': 42, 'tol': 0.0001, 'verbose': 0}",0.07588696479797363
Coffee,8,10,7,10,LogisticRegression,HMM_GMM,6,"{'n_components': 4, 'n_mix': 3, 'covariance_type': 'diag'}",0.466,0.48798226164079817,"{'C': 1.0, 'class_weight': None, 'dual': False, 'fit_intercept': True, 'intercept_scaling': 1, 'l1_ratio': None, 'max_iter': 100, 'multi_class': 'deprecated', 'n_jobs': None, 'penalty': 'l2', 'random_state': 42, 'solver': 'lbfgs', 'tol': 0.0001, 'verbose': 0, 'warm_start': False}",0.194075345993042
Coffee,8,10,7,10,KNN,HMM_GMM,7,"{'n_components': 2, 'n_mix': 5, 'covariance_type': 'diag'}",0.584,0.5664732544091571,"{'algorithm': 'auto', 'leaf_size': 30, 'metric': 'minkowski', 'metric_params': None, 'n_jobs': None, 'n_neighbors': 5, 'p': 2, 'weights': 'uniform'}",0.06601715087890625
Coffee,8,10,7,10,RandomForest,HMM_GMM,7,"{'n_components': 2, 'n_mix': 5, 'covariance_type': 'diag'}",0.636,0.6398067876891655,"{'bootstrap': True, 'ccp_alpha': 0.0, 'class_weight': None, 'criterion': 'gini', 'max_depth': None, 'max_features': 'sqrt', 'max_leaf_nodes': None, 'max_samples': None, 'min_impurity_decrease': 0.0, 'min_samples_leaf': 1, 'min_samples_split': 2, 'min_weight_fraction_leaf': 0.0, 'monotonic_cst': None, 'n_estimators': 100, 'n_jobs': None, 'oob_score': False, 'random_state': 42, 'verbose': 0, 'warm_start': False}",1.186279058456421
Coffee,8,10,7,10,LinearSVC,HMM_GMM,7,"{'n_components': 2, 'n_mix': 5, 'covariance_type': 'diag'}",0.568,0.5707433882191164,"{'C': 1.0, 'class_weight': None, 'dual': False, 'fit_intercept': True, 'intercept_scaling': 1, 'loss': 'squared_hinge', 'max_iter': 100, 'multi_class': 'ovr', 'penalty': 'l2', 'random_state': 42, 'tol': 0.0001, 'verbose': 0}",0.0724947452545166
Coffee,8,10,7,10,LogisticRegression,HMM_GMM,7,"{'n_components': 2, 'n_mix': 5, 'covariance_type': 'diag'}",0.44,0.46441507586882036,"{'C': 1.0, 'class_weight': None, 'dual': False, 'fit_intercept': True, 'intercept_scaling': 1, 'l1_ratio': None, 'max_iter': 100, 'multi_class': 'deprecated', 'n_jobs': None, 'penalty': 'l2', 'random_state': 42, 'solver': 'lbfgs', 'tol': 0.0001, 'verbose': 0, 'warm_start': False}",0.17049121856689453
Coffee,8,10,7,10,KNN,HMM_GMM,8,"{'n_components': 1, 'n_mix': 3, 'covariance_type': 'full'}",0.622,0.6239675456389452,"{'algorithm': 'auto', 'leaf_size': 30, 'metric': 'minkowski', 'metric_params': None, 'n_jobs': None, 'n_neighbors': 5, 'p': 2, 'weights': 'uniform'}",0.05709195137023926
Coffee,8,10,7,10,RandomForest,HMM_GMM,8,"{'n_components': 1, 'n_mix': 3, 'covariance_type': 'full'}",0.568,0.5536647090688822,"{'bootstrap': True, 'ccp_alpha': 0.0, 'class_weight': None, 'criterion': 'gini', 'max_depth': None, 'max_features': 'sqrt', 'max_leaf_nodes': None, 'max_samples': None, 'min_impurity_decrease': 0.0, 'min_samples_leaf': 1, 'min_samples_split': 2, 'min_weight_fraction_leaf': 0.0, 'monotonic_cst': None, 'n_estimators': 100, 'n_jobs': None, 'oob_score': False, 'random_state': 42, 'verbose': 0, 'warm_start': False}",1.2260770797729492
Coffee,8,10,7,10,LinearSVC,HMM_GMM,8,"{'n_components': 1, 'n_mix': 3, 'covariance_type': 'full'}",0.594,0.5947651645104233,"{'C': 1.0, 'class_weight': None, 'dual': False, 'fit_intercept': True, 'intercept_scaling': 1, 'loss': 'squared_hinge', 'max_iter': 100, 'multi_class': 'ovr', 'penalty': 'l2', 'random_state': 42, 'tol': 0.0001, 'verbose': 0}",0.0931253433227539
Coffee,8,10,7,10,LogisticRegression,HMM_GMM,8,"{'n_components': 1, 'n_mix': 3, 'covariance_type': 'full'}",0.586,0.5919226090482536,"{'C': 1.0, 'class_weight': None, 'dual': False, 'fit_intercept': True, 'intercept_scaling': 1, 'l1_ratio': None, 'max_iter': 100, 'multi_class': 'deprecated', 'n_jobs': None, 'penalty': 'l2', 'random_state': 42, 'solver': 'lbfgs', 'tol': 0.0001, 'verbose': 0, 'warm_start': False}",0.38234806060791016
Coffee,8,10,7,10,KNN,HMM_GMM,9,"{'n_components': 5, 'n_mix': 1, 'covariance_type': 'diag'}",0.62,0.6006643875824441,"{'algorithm': 'auto', 'leaf_size': 30, 'metric': 'minkowski', 'metric_params': None, 'n_jobs': None, 'n_neighbors': 5, 'p': 2, 'weights': 'uniform'}",0.06397485733032227
Coffee,8,10,7,10,RandomForest,HMM_GMM,9,"{'n_components': 5, 'n_mix': 1, 'covariance_type': 'diag'}",0.636,0.6406565015097838,"{'bootstrap': True, 'ccp_alpha': 0.0, 'class_weight': None, 'criterion': 'gini', 'max_depth': None, 'max_features': 'sqrt', 'max_leaf_nodes': None, 'max_samples': None, 'min_impurity_decrease': 0.0, 'min_samples_leaf': 1, 'min_samples_split': 2, 'min_weight_fraction_leaf': 0.0, 'monotonic_cst': None, 'n_estimators': 100, 'n_jobs': None, 'oob_score': False, 'random_state': 42, 'verbose': 0, 'warm_start': False}",1.409611701965332
Coffee,8,10,7,10,LinearSVC,HMM_GMM,9,"{'n_components': 5, 'n_mix': 1, 'covariance_type': 'diag'}",0.514,0.47747230863156664,"{'C': 1.0, 'class_weight': None, 'dual': False, 'fit_intercept': True, 'intercept_scaling': 1, 'loss': 'squared_hinge', 'max_iter': 100, 'multi_class': 'ovr', 'penalty': 'l2', 'random_state': 42, 'tol': 0.0001, 'verbose': 0}",0.07673931121826172
Coffee,8,10,7,10,LogisticRegression,HMM_GMM,9,"{'n_components': 5, 'n_mix': 1, 'covariance_type': 'diag'}",0.538,0.4897785922607585,"{'C': 1.0, 'class_weight': None, 'dual': False, 'fit_intercept': True, 'intercept_scaling': 1, 'l1_ratio': None, 'max_iter': 100, 'multi_class': 'deprecated', 'n_jobs': None, 'penalty': 'l2', 'random_state': 42, 'solver': 'lbfgs', 'tol': 0.0001, 'verbose': 0, 'warm_start': False}",0.34847307205200195
Coffee,8,10,7,10,KNN,HMM_GMM,10,"{'n_components': 3, 'n_mix': 5, 'covariance_type': 'diag'}",0.54,0.5251433072533989,"{'algorithm': 'auto', 'leaf_size': 30, 'metric': 'minkowski', 'metric_params': None, 'n_jobs': None, 'n_neighbors': 5, 'p': 2, 'weights': 'uniform'}",0.06566810607910156
Coffee,8,10,7,10,RandomForest,HMM_GMM,10,"{'n_components': 3, 'n_mix': 5, 'covariance_type': 'diag'}",0.462,0.4609065976541917,"{'bootstrap': True, 'ccp_alpha': 0.0, 'class_weight': None, 'criterion': 'gini', 'max_depth': None, 'max_features': 'sqrt', 'max_leaf_nodes': None, 'max_samples': None, 'min_impurity_decrease': 0.0, 'min_samples_leaf': 1, 'min_samples_split': 2, 'min_weight_fraction_leaf': 0.0, 'monotonic_cst': None, 'n_estimators': 100, 'n_jobs': None, 'oob_score': False, 'random_state': 42, 'verbose': 0, 'warm_start': False}",1.3685572147369385
Coffee,8,10,7,10,LinearSVC,HMM_GMM,10,"{'n_components': 3, 'n_mix': 5, 'covariance_type': 'diag'}",0.546,0.49633071620660874,"{'C': 1.0, 'class_weight': None, 'dual': False, 'fit_intercept': True, 'intercept_scaling': 1, 'loss': 'squared_hinge', 'max_iter': 100, 'multi_class': 'ovr', 'penalty': 'l2', 'random_state': 42, 'tol': 0.0001, 'verbose': 0}",0.08407878875732422
Coffee,8,10,7,10,LogisticRegression,HMM_GMM,10,"{'n_components': 3, 'n_mix': 5, 'covariance_type': 'diag'}",0.518,0.5091210500659518,"{'C': 1.0, 'class_weight': None, 'dual': False, 'fit_intercept': True, 'intercept_scaling': 1, 'l1_ratio': None, 'max_iter': 100, 'multi_class': 'deprecated', 'n_jobs': None, 'penalty': 'l2', 'random_state': 42, 'solver': 'lbfgs', 'tol': 0.0001, 'verbose': 0, 'warm_start': False}",0.30426859855651855
Coffee,8,10,8,1,KNN,Baseline,N/A,N/A,0.734,0.6966338350312551,"{'algorithm': 'auto', 'leaf_size': 30, 'metric': 'minkowski', 'metric_params': None, 'n_jobs': None, 'n_neighbors': 5, 'p': 2, 'weights': 'uniform'}",0.02781963348388672
Coffee,8,10,8,1,KNN,Tuned_Baseline,N/A,N/A,0.756,0.7307661191119837,"{'algorithm': 'auto', 'leaf_size': 30, 'metric': 'minkowski', 'metric_params': None, 'n_jobs': None, 'n_neighbors': np.int64(5), 'p': 3, 'weights': 'distance'}",0.022770166397094727
Coffee,8,10,8,1,RandomForest,Baseline,N/A,N/A,0.89,0.8831766284397863,"{'bootstrap': True, 'ccp_alpha': 0.0, 'class_weight': None, 'criterion': 'gini', 'max_depth': None, 'max_features': 'sqrt', 'max_leaf_nodes': None, 'max_samples': None, 'min_impurity_decrease': 0.0, 'min_samples_leaf': 1, 'min_samples_split': 2, 'min_weight_fraction_leaf': 0.0, 'monotonic_cst': None, 'n_estimators': 100, 'n_jobs': None, 'oob_score': False, 'random_state': 42, 'verbose': 0, 'warm_start': False}",0.45856547355651855
Coffee,8,10,8,1,RandomForest,Tuned_Baseline,N/A,N/A,0.878,0.8683380242465707,"{'bootstrap': True, 'ccp_alpha': 0.0, 'class_weight': 'balanced', 'criterion': 'gini', 'max_depth': None, 'max_features': 'sqrt', 'max_leaf_nodes': None, 'max_samples': None, 'min_impurity_decrease': 0.0, 'min_samples_leaf': 1, 'min_samples_split': 5, 'min_weight_fraction_leaf': 0.0, 'monotonic_cst': None, 'n_estimators': 50, 'n_jobs': None, 'oob_score': False, 'random_state': 42, 'verbose': 0, 'warm_start': False}",0.004162788391113281
Coffee,8,10,8,1,LinearSVC,Baseline,N/A,N/A,0.596,0.59816418813551,"{'C': 1.0, 'class_weight': None, 'dual': False, 'fit_intercept': True, 'intercept_scaling': 1, 'loss': 'squared_hinge', 'max_iter': 100, 'multi_class': 'ovr', 'penalty': 'l2', 'random_state': 42, 'tol': 0.0001, 'verbose': 0}",0.011842012405395508
Coffee,8,10,8,1,LinearSVC,Tuned_Baseline,N/A,N/A,0.596,0.6024442944257664,"{'C': np.float64(6.1584821106602545), 'class_weight': None, 'dual': False, 'fit_intercept': True, 'intercept_scaling': 1, 'loss': 'squared_hinge', 'max_iter': 100, 'multi_class': 'ovr', 'penalty': 'l2', 'random_state': 42, 'tol': 0.0001, 'verbose': 0}",0.00030541419982910156
Coffee,8,10,8,1,LogisticRegression,Baseline,N/A,N/A,0.448,0.4749318636060808,"{'C': 1.0, 'class_weight': None, 'dual': False, 'fit_intercept': True, 'intercept_scaling': 1, 'l1_ratio': None, 'max_iter': 100, 'multi_class': 'deprecated', 'n_jobs': None, 'penalty': 'l2', 'random_state': 42, 'solver': 'lbfgs', 'tol': 0.0001, 'verbose': 0, 'warm_start': False}",0.48687243461608887
Coffee,8,10,8,1,LogisticRegression,Tuned_Baseline,N/A,N/A,0.472,0.4984655130603969,"{'C': np.float64(0.4832930238571752), 'class_weight': None, 'dual': False, 'fit_intercept': True, 'intercept_scaling': 1, 'l1_ratio': None, 'max_iter': 100, 'multi_class': 'deprecated', 'n_jobs': None, 'penalty': 'l1', 'random_state': 42, 'solver': 'saga', 'tol': 0.0001, 'verbose': 0, 'warm_start': False}",0.00021266937255859375
Coffee,8,10,8,1,RNN,Tuned_Baseline,N/A,N/A,0.2,0.06666666666666667,"{'hidden_size': 64, 'epochs': 10, 'batch_size': 32, 'lr': 0.001}",2.7179718017578125e-05
Coffee,8,10,8,2,KNN,HMM_GMM,1,"{'n_components': 2, 'n_mix': 1, 'covariance_type': 'diag'}",0.71,0.681422079093825,"{'algorithm': 'auto', 'leaf_size': 30, 'metric': 'euclidean', 'metric_params': None, 'n_jobs': None, 'n_neighbors': np.int64(9), 'p': 2, 'weights': 'distance'}",0.012746572494506836
Coffee,8,10,8,2,RandomForest,HMM_GMM,1,"{'n_components': 2, 'n_mix': 1, 'covariance_type': 'diag'}",0.802,0.789168300054376,"{'bootstrap': True, 'ccp_alpha': 0.0, 'class_weight': None, 'criterion': 'gini', 'max_depth': 20, 'max_features': 'sqrt', 'max_leaf_nodes': None, 'max_samples': None, 'min_impurity_decrease': 0.0, 'min_samples_leaf': 1, 'min_samples_split': 2, 'min_weight_fraction_leaf': 0.0, 'monotonic_cst': None, 'n_estimators': 100, 'n_jobs': None, 'oob_score': False, 'random_state': 42, 'verbose': 0, 'warm_start': False}",0.7005455493927002
Coffee,8,10,8,2,LinearSVC,HMM_GMM,1,"{'n_components': 2, 'n_mix': 1, 'covariance_type': 'diag'}",0.546,0.5525767736052831,"{'C': np.float64(0.2069138081114788), 'class_weight': 'balanced', 'dual': False, 'fit_intercept': False, 'intercept_scaling': 1, 'loss': 'squared_hinge', 'max_iter': 100, 'multi_class': 'ovr', 'penalty': 'l2', 'random_state': 42, 'tol': 0.0001, 'verbose': 0}",0.014548540115356445
Coffee,8,10,8,2,LogisticRegression,HMM_GMM,1,"{'n_components': 2, 'n_mix': 1, 'covariance_type': 'diag'}",0.468,0.4887773334467795,"{'C': np.float64(2.6366508987303554), 'class_weight': 'balanced', 'dual': False, 'fit_intercept': True, 'intercept_scaling': 1, 'l1_ratio': None, 'max_iter': 100, 'multi_class': 'deprecated', 'n_jobs': None, 'penalty': 'l1', 'random_state': 42, 'solver': 'saga', 'tol': 0.0001, 'verbose': 0, 'warm_start': False}",0.1793498992919922
Coffee,8,10,8,2,KNN,HMM_GMM,2,"{'n_components': 2, 'n_mix': 4, 'covariance_type': 'tied'}",0.742,0.7325179455347053,"{'algorithm': 'auto', 'leaf_size': 30, 'metric': 'chebyshev', 'metric_params': None, 'n_jobs': None, 'n_neighbors': np.int64(5), 'p': 2, 'weights': 'uniform'}",0.025171279907226562
Coffee,8,10,8,2,RandomForest,HMM_GMM,2,"{'n_components': 2, 'n_mix': 4, 'covariance_type': 'tied'}",0.856,0.8441784605890137,"{'bootstrap': True, 'ccp_alpha': 0.0, 'class_weight': 'balanced', 'criterion': 'gini', 'max_depth': None, 'max_features': 'sqrt', 'max_leaf_nodes': None, 'max_samples': None, 'min_impurity_decrease': 0.0, 'min_samples_leaf': 2, 'min_samples_split': 2, 'min_weight_fraction_leaf': 0.0, 'monotonic_cst': None, 'n_estimators': 150, 'n_jobs': None, 'oob_score': False, 'random_state': 42, 'verbose': 0, 'warm_start': False}",0.9566888809204102
Coffee,8,10,8,2,LinearSVC,HMM_GMM,2,"{'n_components': 2, 'n_mix': 4, 'covariance_type': 'tied'}",0.588,0.5892729031583062,"{'C': np.float64(2.6366508987303554), 'class_weight': 'balanced', 'dual': False, 'fit_intercept': True, 'intercept_scaling': 1, 'loss': 'squared_hinge', 'max_iter': 100, 'multi_class': 'ovr', 'penalty': 'l1', 'random_state': 42, 'tol': 0.0001, 'verbose': 0}",0.0462336540222168
Coffee,8,10,8,2,LogisticRegression,HMM_GMM,2,"{'n_components': 2, 'n_mix': 4, 'covariance_type': 'tied'}",0.466,0.49383420335533007,"{'C': np.float64(33.59818286283781), 'class_weight': 'balanced', 'dual': False, 'fit_intercept': True, 'intercept_scaling': 1, 'l1_ratio': None, 'max_iter': 100, 'multi_class': 'deprecated', 'n_jobs': None, 'penalty': 'l2', 'random_state': 42, 'solver': 'saga', 'tol': 0.0001, 'verbose': 0, 'warm_start': False}",0.1463148593902588
Coffee,8,10,8,2,KNN,HMM_GMM,3,"{'n_components': 1, 'n_mix': 3, 'covariance_type': 'diag'}",0.72,0.6855173995883297,"{'algorithm': 'auto', 'leaf_size': 30, 'metric': 'euclidean', 'metric_params': None, 'n_jobs': None, 'n_neighbors': np.int64(9), 'p': 2, 'weights': 'distance'}",0.012270450592041016
Coffee,8,10,8,2,RandomForest,HMM_GMM,3,"{'n_components': 1, 'n_mix': 3, 'covariance_type': 'diag'}",0.904,0.8998152286237505,"{'bootstrap': True, 'ccp_alpha': 0.0, 'class_weight': 'balanced', 'criterion': 'gini', 'max_depth': None, 'max_features': 'sqrt', 'max_leaf_nodes': None, 'max_samples': None, 'min_impurity_decrease': 0.0, 'min_samples_leaf': 2, 'min_samples_split': 2, 'min_weight_fraction_leaf': 0.0, 'monotonic_cst': None, 'n_estimators': 150, 'n_jobs': None, 'oob_score': False, 'random_state': 42, 'verbose': 0, 'warm_start': False}",0.9438464641571045
Coffee,8,10,8,2,LinearSVC,HMM_GMM,3,"{'n_components': 1, 'n_mix': 3, 'covariance_type': 'diag'}",0.55,0.553596923789009,"{'C': np.float64(0.08858667904100823), 'class_weight': None, 'dual': False, 'fit_intercept': False, 'intercept_scaling': 1, 'loss': 'squared_hinge', 'max_iter': 100, 'multi_class': 'ovr', 'penalty': 'l1', 'random_state': 42, 'tol': 0.0001, 'verbose': 0}",0.03177022933959961
Coffee,8,10,8,2,LogisticRegression,HMM_GMM,3,"{'n_components': 1, 'n_mix': 3, 'covariance_type': 'diag'}",0.406,0.4290039210670271,"{'C': np.float64(33.59818286283781), 'class_weight': None, 'dual': False, 'fit_intercept': True, 'intercept_scaling': 1, 'l1_ratio': None, 'max_iter': 100, 'multi_class': 'deprecated', 'n_jobs': None, 'penalty': 'l2', 'random_state': 42, 'solver': 'saga', 'tol': 0.0001, 'verbose': 0, 'warm_start': False}",0.028590679168701172
Coffee,8,10,8,2,KNN,HMM_GMM,4,"{'n_components': 4, 'n_mix': 3, 'covariance_type': 'diag'}",0.688,0.6666707137204114,"{'algorithm': 'auto', 'leaf_size': 30, 'metric': 'euclidean', 'metric_params': None, 'n_jobs': None, 'n_neighbors': np.int64(9), 'p': 2, 'weights': 'distance'}",0.011634588241577148
Coffee,8,10,8,2,RandomForest,HMM_GMM,4,"{'n_components': 4, 'n_mix': 3, 'covariance_type': 'diag'}",0.888,0.8806354966854506,"{'bootstrap': True, 'ccp_alpha': 0.0, 'class_weight': 'balanced', 'criterion': 'gini', 'max_depth': 10, 'max_features': 'sqrt', 'max_leaf_nodes': None, 'max_samples': None, 'min_impurity_decrease': 0.0, 'min_samples_leaf': 1, 'min_samples_split': 2, 'min_weight_fraction_leaf': 0.0, 'monotonic_cst': None, 'n_estimators': 100, 'n_jobs': None, 'oob_score': False, 'random_state': 42, 'verbose': 0, 'warm_start': False}",0.6328339576721191
Coffee,8,10,8,2,LinearSVC,HMM_GMM,4,"{'n_components': 4, 'n_mix': 3, 'covariance_type': 'diag'}",0.556,0.5604646464646464,"{'C': np.float64(183.29807108324337), 'class_weight': None, 'dual': False, 'fit_intercept': True, 'intercept_scaling': 1, 'loss': 'squared_hinge', 'max_iter': 100, 'multi_class': 'ovr', 'penalty': 'l1', 'random_state': 42, 'tol': 0.001, 'verbose': 0}",0.044069766998291016
Coffee,8,10,8,2,LogisticRegression,HMM_GMM,4,"{'n_components': 4, 'n_mix': 3, 'covariance_type': 'diag'}",0.568,0.5631950606329488,"{'C': np.float64(14.38449888287663), 'class_weight': 'balanced', 'dual': False, 'fit_intercept': False, 'intercept_scaling': 1, 'l1_ratio': None, 'max_iter': 100, 'multi_class': 'deprecated', 'n_jobs': None, 'penalty': 'l2', 'random_state': 42, 'solver': 'sag', 'tol': 0.0001, 'verbose': 0, 'warm_start': False}",0.03624987602233887
Coffee,8,10,8,2,KNN,HMM_GMM,5,"{'n_components': 1, 'n_mix': 1, 'covariance_type': 'tied'}",0.744,0.7442334464121491,"{'algorithm': 'auto', 'leaf_size': 30, 'metric': 'euclidean', 'metric_params': None, 'n_jobs': None, 'n_neighbors': np.int64(9), 'p': 2, 'weights': 'distance'}",0.011268854141235352
Coffee,8,10,8,2,RandomForest,HMM_GMM,5,"{'n_components': 1, 'n_mix': 1, 'covariance_type': 'tied'}",0.862,0.8584844228684545,"{'bootstrap': True, 'ccp_alpha': 0.0, 'class_weight': 'balanced', 'criterion': 'gini', 'max_depth': None, 'max_features': 'sqrt', 'max_leaf_nodes': None, 'max_samples': None, 'min_impurity_decrease': 0.0, 'min_samples_leaf': 1, 'min_samples_split': 2, 'min_weight_fraction_leaf': 0.0, 'monotonic_cst': None, 'n_estimators': 50, 'n_jobs': None, 'oob_score': False, 'random_state': 42, 'verbose': 0, 'warm_start': False}",0.3249506950378418
Coffee,8,10,8,2,LinearSVC,HMM_GMM,5,"{'n_components': 1, 'n_mix': 1, 'covariance_type': 'tied'}",0.608,0.6108212623475135,"{'C': np.float64(2.6366508987303554), 'class_weight': 'balanced', 'dual': False, 'fit_intercept': True, 'intercept_scaling': 1, 'loss': 'squared_hinge', 'max_iter': 100, 'multi_class': 'ovr', 'penalty': 'l1', 'random_state': 42, 'tol': 0.0001, 'verbose': 0}",0.04579520225524902
Coffee,8,10,8,2,LogisticRegression,HMM_GMM,5,"{'n_components': 1, 'n_mix': 1, 'covariance_type': 'tied'}",0.452,0.4785584760900949,"{'C': np.float64(2.6366508987303554), 'class_weight': 'balanced', 'dual': False, 'fit_intercept': True, 'intercept_scaling': 1, 'l1_ratio': None, 'max_iter': 100, 'multi_class': 'deprecated', 'n_jobs': None, 'penalty': 'l1', 'random_state': 42, 'solver': 'saga', 'tol': 0.0001, 'verbose': 0, 'warm_start': False}",0.22115802764892578
Coffee,8,10,8,2,KNN,HMM_GMM,6,"{'n_components': 4, 'n_mix': 3, 'covariance_type': 'diag'}",0.688,0.6666707137204114,"{'algorithm': 'auto', 'leaf_size': 30, 'metric': 'euclidean', 'metric_params': None, 'n_jobs': None, 'n_neighbors': np.int64(9), 'p': 2, 'weights': 'distance'}",0.011245250701904297
Coffee,8,10,8,2,RandomForest,HMM_GMM,6,"{'n_components': 4, 'n_mix': 3, 'covariance_type': 'diag'}",0.848,0.8261067264770378,"{'bootstrap': True, 'ccp_alpha': 0.0, 'class_weight': 'balanced', 'criterion': 'gini', 'max_depth': 10, 'max_features': 'sqrt', 'max_leaf_nodes': None, 'max_samples': None, 'min_impurity_decrease': 0.0, 'min_samples_leaf': 1, 'min_samples_split': 2, 'min_weight_fraction_leaf': 0.0, 'monotonic_cst': None, 'n_estimators': 100, 'n_jobs': None, 'oob_score': False, 'random_state': 42, 'verbose': 0, 'warm_start': False}",0.5717728137969971
Coffee,8,10,8,2,LinearSVC,HMM_GMM,6,"{'n_components': 4, 'n_mix': 3, 'covariance_type': 'diag'}",0.556,0.5604646464646464,"{'C': np.float64(183.29807108324337), 'class_weight': None, 'dual': False, 'fit_intercept': True, 'intercept_scaling': 1, 'loss': 'squared_hinge', 'max_iter': 100, 'multi_class': 'ovr', 'penalty': 'l1', 'random_state': 42, 'tol': 0.001, 'verbose': 0}",0.041944265365600586
Coffee,8,10,8,2,LogisticRegression,HMM_GMM,6,"{'n_components': 4, 'n_mix': 3, 'covariance_type': 'diag'}",0.568,0.5631950606329488,"{'C': np.float64(14.38449888287663), 'class_weight': 'balanced', 'dual': False, 'fit_intercept': False, 'intercept_scaling': 1, 'l1_ratio': None, 'max_iter': 100, 'multi_class': 'deprecated', 'n_jobs': None, 'penalty': 'l2', 'random_state': 42, 'solver': 'sag', 'tol': 0.0001, 'verbose': 0, 'warm_start': False}",0.03614521026611328
Coffee,8,10,8,2,KNN,HMM_GMM,7,"{'n_components': 2, 'n_mix': 5, 'covariance_type': 'diag'}",0.72,0.7204731372279418,"{'algorithm': 'auto', 'leaf_size': 30, 'metric': 'chebyshev', 'metric_params': None, 'n_jobs': None, 'n_neighbors': np.int64(5), 'p': 2, 'weights': 'uniform'}",0.023790597915649414
Coffee,8,10,8,2,RandomForest,HMM_GMM,7,"{'n_components': 2, 'n_mix': 5, 'covariance_type': 'diag'}",0.91,0.9074107280986737,"{'bootstrap': True, 'ccp_alpha': 0.0, 'class_weight': 'balanced', 'criterion': 'gini', 'max_depth': 30, 'max_features': 'sqrt', 'max_leaf_nodes': None, 'max_samples': None, 'min_impurity_decrease': 0.0, 'min_samples_leaf': 1, 'min_samples_split': 2, 'min_weight_fraction_leaf': 0.0, 'monotonic_cst': None, 'n_estimators': 150, 'n_jobs': None, 'oob_score': False, 'random_state': 42, 'verbose': 0, 'warm_start': False}",0.9476046562194824
Coffee,8,10,8,2,LinearSVC,HMM_GMM,7,"{'n_components': 2, 'n_mix': 5, 'covariance_type': 'diag'}",0.596,0.5952850471394964,"{'C': np.float64(0.08858667904100823), 'class_weight': None, 'dual': False, 'fit_intercept': False, 'intercept_scaling': 1, 'loss': 'squared_hinge', 'max_iter': 100, 'multi_class': 'ovr', 'penalty': 'l1', 'random_state': 42, 'tol': 0.0001, 'verbose': 0}",0.03383064270019531
Coffee,8,10,8,2,LogisticRegression,HMM_GMM,7,"{'n_components': 2, 'n_mix': 5, 'covariance_type': 'diag'}",0.424,0.451538605713363,"{'C': np.float64(33.59818286283781), 'class_weight': 'balanced', 'dual': False, 'fit_intercept': True, 'intercept_scaling': 1, 'l1_ratio': None, 'max_iter': 100, 'multi_class': 'deprecated', 'n_jobs': None, 'penalty': 'l2', 'random_state': 42, 'solver': 'saga', 'tol': 0.0001, 'verbose': 0, 'warm_start': False}",0.09546279907226562
Coffee,8,10,8,2,KNN,HMM_GMM,8,"{'n_components': 1, 'n_mix': 3, 'covariance_type': 'full'}",0.786,0.7885962113812046,"{'algorithm': 'auto', 'leaf_size': 30, 'metric': 'euclidean', 'metric_params': None, 'n_jobs': None, 'n_neighbors': np.int64(9), 'p': 2, 'weights': 'distance'}",0.010437488555908203
Coffee,8,10,8,2,RandomForest,HMM_GMM,8,"{'n_components': 1, 'n_mix': 3, 'covariance_type': 'full'}",0.934,0.9346553078453673,"{'bootstrap': True, 'ccp_alpha': 0.0, 'class_weight': 'balanced', 'criterion': 'gini', 'max_depth': 30, 'max_features': 'sqrt', 'max_leaf_nodes': None, 'max_samples': None, 'min_impurity_decrease': 0.0, 'min_samples_leaf': 1, 'min_samples_split': 2, 'min_weight_fraction_leaf': 0.0, 'monotonic_cst': None, 'n_estimators': 150, 'n_jobs': None, 'oob_score': False, 'random_state': 42, 'verbose': 0, 'warm_start': False}",0.9301249980926514
Coffee,8,10,8,2,LinearSVC,HMM_GMM,8,"{'n_components': 1, 'n_mix': 3, 'covariance_type': 'full'}",0.598,0.5976703545988508,"{'C': np.float64(0.08858667904100823), 'class_weight': 'balanced', 'dual': False, 'fit_intercept': False, 'intercept_scaling': 1, 'loss': 'squared_hinge', 'max_iter': 100, 'multi_class': 'ovr', 'penalty': 'l1', 'random_state': 42, 'tol': 0.0001, 'verbose': 0}",0.044513702392578125
Coffee,8,10,8,2,LogisticRegression,HMM_GMM,8,"{'n_components': 1, 'n_mix': 3, 'covariance_type': 'full'}",0.604,0.6206059532246634,"{'C': np.float64(33.59818286283781), 'class_weight': 'balanced', 'dual': False, 'fit_intercept': True, 'intercept_scaling': 1, 'l1_ratio': None, 'max_iter': 100, 'multi_class': 'deprecated', 'n_jobs': None, 'penalty': 'l1', 'random_state': 42, 'solver': 'saga', 'tol': 0.0001, 'verbose': 0, 'warm_start': False}",0.19028067588806152
Coffee,8,10,8,2,KNN,HMM_GMM,9,"{'n_components': 5, 'n_mix': 1, 'covariance_type': 'diag'}",0.688,0.6541541081311196,"{'algorithm': 'auto', 'leaf_size': 30, 'metric': 'euclidean', 'metric_params': None, 'n_jobs': None, 'n_neighbors': np.int64(9), 'p': 2, 'weights': 'distance'}",0.01377558708190918
Coffee,8,10,8,2,RandomForest,HMM_GMM,9,"{'n_components': 5, 'n_mix': 1, 'covariance_type': 'diag'}",0.894,0.8884625398467881,"{'bootstrap': True, 'ccp_alpha': 0.0, 'class_weight': 'balanced', 'criterion': 'gini', 'max_depth': 10, 'max_features': 'sqrt', 'max_leaf_nodes': None, 'max_samples': None, 'min_impurity_decrease': 0.0, 'min_samples_leaf': 1, 'min_samples_split': 2, 'min_weight_fraction_leaf': 0.0, 'monotonic_cst': None, 'n_estimators': 100, 'n_jobs': None, 'oob_score': False, 'random_state': 42, 'verbose': 0, 'warm_start': False}",0.5924041271209717
Coffee,8,10,8,2,LinearSVC,HMM_GMM,9,"{'n_components': 5, 'n_mix': 1, 'covariance_type': 'diag'}",0.534,0.5412677626442701,"{'C': np.float64(14.38449888287663), 'class_weight': 'balanced', 'dual': False, 'fit_intercept': False, 'intercept_scaling': 1, 'loss': 'squared_hinge', 'max_iter': 100, 'multi_class': 'ovr', 'penalty': 'l2', 'random_state': 42, 'tol': 0.001, 'verbose': 0}",0.011886119842529297
Coffee,8,10,8,2,LogisticRegression,HMM_GMM,9,"{'n_components': 5, 'n_mix': 1, 'covariance_type': 'diag'}",0.444,0.4629872878893007,"{'C': np.float64(33.59818286283781), 'class_weight': 'balanced', 'dual': False, 'fit_intercept': True, 'intercept_scaling': 1, 'l1_ratio': None, 'max_iter': 100, 'multi_class': 'deprecated', 'n_jobs': None, 'penalty': 'l2', 'random_state': 42, 'solver': 'saga', 'tol': 0.0001, 'verbose': 0, 'warm_start': False}",0.04450726509094238
Coffee,8,10,8,2,KNN,HMM_GMM,10,"{'n_components': 3, 'n_mix': 5, 'covariance_type': 'diag'}",0.776,0.7808088919480454,"{'algorithm': 'auto', 'leaf_size': 30, 'metric': 'chebyshev', 'metric_params': None, 'n_jobs': None, 'n_neighbors': np.int64(5), 'p': 2, 'weights': 'uniform'}",0.02415776252746582
Coffee,8,10,8,2,RandomForest,HMM_GMM,10,"{'n_components': 3, 'n_mix': 5, 'covariance_type': 'diag'}",0.922,0.9195686793797178,"{'bootstrap': True, 'ccp_alpha': 0.0, 'class_weight': 'balanced', 'criterion': 'gini', 'max_depth': 30, 'max_features': 'sqrt', 'max_leaf_nodes': None, 'max_samples': None, 'min_impurity_decrease': 0.0, 'min_samples_leaf': 1, 'min_samples_split': 2, 'min_weight_fraction_leaf': 0.0, 'monotonic_cst': None, 'n_estimators': 150, 'n_jobs': None, 'oob_score': False, 'random_state': 42, 'verbose': 0, 'warm_start': False}",0.8996307849884033
Coffee,8,10,8,2,LinearSVC,HMM_GMM,10,"{'n_components': 3, 'n_mix': 5, 'covariance_type': 'diag'}",0.6,0.59973025493661,"{'C': np.float64(0.08858667904100823), 'class_weight': 'balanced', 'dual': False, 'fit_intercept': False, 'intercept_scaling': 1, 'loss': 'squared_hinge', 'max_iter': 100, 'multi_class': 'ovr', 'penalty': 'l1', 'random_state': 42, 'tol': 0.0001, 'verbose': 0}",0.032999277114868164
Coffee,8,10,8,2,LogisticRegression,HMM_GMM,10,"{'n_components': 3, 'n_mix': 5, 'covariance_type': 'diag'}",0.434,0.46112242876948756,"{'C': np.float64(33.59818286283781), 'class_weight': 'balanced', 'dual': False, 'fit_intercept': True, 'intercept_scaling': 1, 'l1_ratio': None, 'max_iter': 100, 'multi_class': 'deprecated', 'n_jobs': None, 'penalty': 'l2', 'random_state': 42, 'solver': 'saga', 'tol': 0.0001, 'verbose': 0, 'warm_start': False}",0.14014077186584473
Coffee,8,10,8,3,KNN,HMM_GMM,1,"{'n_components': 2, 'n_mix': 1, 'covariance_type': 'diag'}",0.746,0.7424233048375233,"{'algorithm': 'auto', 'leaf_size': 30, 'metric': 'chebyshev', 'metric_params': None, 'n_jobs': None, 'n_neighbors': np.int64(5), 'p': 2, 'weights': 'uniform'}",0.027920961380004883
Coffee,8,10,8,3,RandomForest,HMM_GMM,1,"{'n_components': 2, 'n_mix': 1, 'covariance_type': 'diag'}",0.84,0.8364448592948179,"{'bootstrap': True, 'ccp_alpha': 0.0, 'class_weight': 'balanced', 'criterion': 'gini', 'max_depth': 20, 'max_features': 'sqrt', 'max_leaf_nodes': None, 'max_samples': None, 'min_impurity_decrease': 0.0, 'min_samples_leaf': 2, 'min_samples_split': 10, 'min_weight_fraction_leaf': 0.0, 'monotonic_cst': None, 'n_estimators': 150, 'n_jobs': None, 'oob_score': False, 'random_state': 42, 'verbose': 0, 'warm_start': False}",1.1497538089752197
Coffee,8,10,8,3,LinearSVC,HMM_GMM,1,"{'n_components': 2, 'n_mix': 1, 'covariance_type': 'diag'}",0.554,0.5482732980764511,"{'C': np.float64(183.29807108324337), 'class_weight': None, 'dual': False, 'fit_intercept': True, 'intercept_scaling': 1, 'loss': 'squared_hinge', 'max_iter': 100, 'multi_class': 'ovr', 'penalty': 'l1', 'random_state': 42, 'tol': 0.001, 'verbose': 0}",0.036008596420288086
Coffee,8,10,8,3,LogisticRegression,HMM_GMM,1,"{'n_components': 2, 'n_mix': 1, 'covariance_type': 'diag'}",0.462,0.47817797598064726,"{'C': np.float64(183.29807108324337), 'class_weight': None, 'dual': False, 'fit_intercept': True, 'intercept_scaling': 1, 'l1_ratio': None, 'max_iter': 100, 'multi_class': 'deprecated', 'n_jobs': None, 'penalty': 'l2', 'random_state': 42, 'solver': 'saga', 'tol': 0.0001, 'verbose': 0, 'warm_start': False}",0.05758333206176758
Coffee,8,10,8,3,KNN,HMM_GMM,2,"{'n_components': 2, 'n_mix': 4, 'covariance_type': 'tied'}",0.706,0.6857237310277425,"{'algorithm': 'auto', 'leaf_size': 30, 'metric': 'minkowski', 'metric_params': None, 'n_jobs': None, 'n_neighbors': np.int64(13), 'p': 4, 'weights': 'distance'}",0.031560420989990234
Coffee,8,10,8,3,RandomForest,HMM_GMM,2,"{'n_components': 2, 'n_mix': 4, 'covariance_type': 'tied'}",0.826,0.8129344254851039,"{'bootstrap': True, 'ccp_alpha': 0.0, 'class_weight': 'balanced', 'criterion': 'gini', 'max_depth': 20, 'max_features': 'sqrt', 'max_leaf_nodes': None, 'max_samples': None, 'min_impurity_decrease': 0.0, 'min_samples_leaf': 2, 'min_samples_split': 10, 'min_weight_fraction_leaf': 0.0, 'monotonic_cst': None, 'n_estimators': 150, 'n_jobs': None, 'oob_score': False, 'random_state': 42, 'verbose': 0, 'warm_start': False}",0.9782562255859375
Coffee,8,10,8,3,LinearSVC,HMM_GMM,2,"{'n_components': 2, 'n_mix': 4, 'covariance_type': 'tied'}",0.584,0.5857163384411399,"{'C': np.float64(33.59818286283781), 'class_weight': 'balanced', 'dual': False, 'fit_intercept': True, 'intercept_scaling': 1, 'loss': 'squared_hinge', 'max_iter': 100, 'multi_class': 'ovr', 'penalty': 'l1', 'random_state': 42, 'tol': 0.001, 'verbose': 0}",0.06874656677246094
Coffee,8,10,8,3,LogisticRegression,HMM_GMM,2,"{'n_components': 2, 'n_mix': 4, 'covariance_type': 'tied'}",0.462,0.4885643388869195,"{'C': np.float64(2.6366508987303554), 'class_weight': 'balanced', 'dual': False, 'fit_intercept': True, 'intercept_scaling': 1, 'l1_ratio': None, 'max_iter': 100, 'multi_class': 'deprecated', 'n_jobs': None, 'penalty': 'l1', 'random_state': 42, 'solver': 'saga', 'tol': 0.0001, 'verbose': 0, 'warm_start': False}",0.3381631374359131
Coffee,8,10,8,3,KNN,HMM_GMM,3,"{'n_components': 1, 'n_mix': 3, 'covariance_type': 'diag'}",0.734,0.7234829420910333,"{'algorithm': 'auto', 'leaf_size': 30, 'metric': 'chebyshev', 'metric_params': None, 'n_jobs': None, 'n_neighbors': np.int64(5), 'p': 2, 'weights': 'uniform'}",0.029363632202148438
Coffee,8,10,8,3,RandomForest,HMM_GMM,3,"{'n_components': 1, 'n_mix': 3, 'covariance_type': 'diag'}",0.836,0.8304796284717716,"{'bootstrap': True, 'ccp_alpha': 0.0, 'class_weight': None, 'criterion': 'gini', 'max_depth': 10, 'max_features': 'sqrt', 'max_leaf_nodes': None, 'max_samples': None, 'min_impurity_decrease': 0.0, 'min_samples_leaf': 4, 'min_samples_split': 2, 'min_weight_fraction_leaf': 0.0, 'monotonic_cst': None, 'n_estimators': 50, 'n_jobs': None, 'oob_score': False, 'random_state': 42, 'verbose': 0, 'warm_start': False}",0.3430922031402588
Coffee,8,10,8,3,LinearSVC,HMM_GMM,3,"{'n_components': 1, 'n_mix': 3, 'covariance_type': 'diag'}",0.518,0.5179079243714115,"{'C': np.float64(0.4832930238571752), 'class_weight': 'balanced', 'dual': False, 'fit_intercept': True, 'intercept_scaling': 1, 'loss': 'squared_hinge', 'max_iter': 100, 'multi_class': 'ovr', 'penalty': 'l2', 'random_state': 42, 'tol': 0.0001, 'verbose': 0}",0.021901845932006836
Coffee,8,10,8,3,LogisticRegression,HMM_GMM,3,"{'n_components': 1, 'n_mix': 3, 'covariance_type': 'diag'}",0.432,0.45604901700087724,"{'C': np.float64(2.6366508987303554), 'class_weight': 'balanced', 'dual': False, 'fit_intercept': True, 'intercept_scaling': 1, 'l1_ratio': None, 'max_iter': 100, 'multi_class': 'deprecated', 'n_jobs': None, 'penalty': 'l1', 'random_state': 42, 'solver': 'saga', 'tol': 0.0001, 'verbose': 0, 'warm_start': False}",0.2727177143096924
Coffee,8,10,8,3,KNN,HMM_GMM,4,"{'n_components': 4, 'n_mix': 3, 'covariance_type': 'diag'}",0.688,0.6666707137204114,"{'algorithm': 'auto', 'leaf_size': 30, 'metric': 'euclidean', 'metric_params': None, 'n_jobs': None, 'n_neighbors': np.int64(9), 'p': 2, 'weights': 'distance'}",0.015972614288330078
Coffee,8,10,8,3,RandomForest,HMM_GMM,4,"{'n_components': 4, 'n_mix': 3, 'covariance_type': 'diag'}",0.844,0.8229374051778986,"{'bootstrap': True, 'ccp_alpha': 0.0, 'class_weight': 'balanced', 'criterion': 'gini', 'max_depth': 20, 'max_features': 'sqrt', 'max_leaf_nodes': None, 'max_samples': None, 'min_impurity_decrease': 0.0, 'min_samples_leaf': 2, 'min_samples_split': 10, 'min_weight_fraction_leaf': 0.0, 'monotonic_cst': None, 'n_estimators': 150, 'n_jobs': None, 'oob_score': False, 'random_state': 42, 'verbose': 0, 'warm_start': False}",0.9867143630981445
Coffee,8,10,8,3,LinearSVC,HMM_GMM,4,"{'n_components': 4, 'n_mix': 3, 'covariance_type': 'diag'}",0.544,0.5501183692430657,"{'C': np.float64(33.59818286283781), 'class_weight': 'balanced', 'dual': False, 'fit_intercept': True, 'intercept_scaling': 1, 'loss': 'squared_hinge', 'max_iter': 100, 'multi_class': 'ovr', 'penalty': 'l1', 'random_state': 42, 'tol': 0.001, 'verbose': 0}",0.05832099914550781
Coffee,8,10,8,3,LogisticRegression,HMM_GMM,4,"{'n_components': 4, 'n_mix': 3, 'covariance_type': 'diag'}",0.424,0.4428890505545558,"{'C': np.float64(33.59818286283781), 'class_weight': None, 'dual': False, 'fit_intercept': True, 'intercept_scaling': 1, 'l1_ratio': None, 'max_iter': 100, 'multi_class': 'deprecated', 'n_jobs': None, 'penalty': 'l2', 'random_state': 42, 'solver': 'saga', 'tol': 0.0001, 'verbose': 0, 'warm_start': False}",0.059664249420166016
Coffee,8,10,8,3,KNN,HMM_GMM,5,"{'n_components': 1, 'n_mix': 1, 'covariance_type': 'tied'}",0.7,0.704069790787154,"{'algorithm': 'auto', 'leaf_size': 30, 'metric': 'chebyshev', 'metric_params': None, 'n_jobs': None, 'n_neighbors': np.int64(5), 'p': 2, 'weights': 'uniform'}",0.0310823917388916
Coffee,8,10,8,3,RandomForest,HMM_GMM,5,"{'n_components': 1, 'n_mix': 1, 'covariance_type': 'tied'}",0.93,0.9295564790356814,"{'bootstrap': True, 'ccp_alpha': 0.0, 'class_weight': 'balanced', 'criterion': 'gini', 'max_depth': None, 'max_features': 'sqrt', 'max_leaf_nodes': None, 'max_samples': None, 'min_impurity_decrease': 0.0, 'min_samples_leaf': 2, 'min_samples_split': 2, 'min_weight_fraction_leaf': 0.0, 'monotonic_cst': None, 'n_estimators': 150, 'n_jobs': None, 'oob_score': False, 'random_state': 42, 'verbose': 0, 'warm_start': False}",1.0945861339569092
Coffee,8,10,8,3,LinearSVC,HMM_GMM,5,"{'n_components': 1, 'n_mix': 1, 'covariance_type': 'tied'}",0.604,0.6073074511695201,"{'C': np.float64(183.29807108324337), 'class_weight': 'balanced', 'dual': False, 'fit_intercept': True, 'intercept_scaling': 1, 'loss': 'squared_hinge', 'max_iter': 100, 'multi_class': 'ovr', 'penalty': 'l1', 'random_state': 42, 'tol': 0.0001, 'verbose': 0}",0.0702676773071289
Coffee,8,10,8,3,LogisticRegression,HMM_GMM,5,"{'n_components': 1, 'n_mix': 1, 'covariance_type': 'tied'}",0.438,0.46351671472887135,"{'C': np.float64(2.6366508987303554), 'class_weight': 'balanced', 'dual': False, 'fit_intercept': True, 'intercept_scaling': 1, 'l1_ratio': None, 'max_iter': 100, 'multi_class': 'deprecated', 'n_jobs': None, 'penalty': 'l1', 'random_state': 42, 'solver': 'saga', 'tol': 0.0001, 'verbose': 0, 'warm_start': False}",0.27889060974121094
Coffee,8,10,8,3,KNN,HMM_GMM,6,"{'n_components': 4, 'n_mix': 3, 'covariance_type': 'diag'}",0.688,0.6666707137204114,"{'algorithm': 'auto', 'leaf_size': 30, 'metric': 'euclidean', 'metric_params': None, 'n_jobs': None, 'n_neighbors': np.int64(9), 'p': 2, 'weights': 'distance'}",0.016638517379760742
Coffee,8,10,8,3,RandomForest,HMM_GMM,6,"{'n_components': 4, 'n_mix': 3, 'covariance_type': 'diag'}",0.856,0.8394244721610826,"{'bootstrap': True, 'ccp_alpha': 0.0, 'class_weight': 'balanced', 'criterion': 'gini', 'max_depth': 20, 'max_features': 'sqrt', 'max_leaf_nodes': None, 'max_samples': None, 'min_impurity_decrease': 0.0, 'min_samples_leaf': 2, 'min_samples_split': 10, 'min_weight_fraction_leaf': 0.0, 'monotonic_cst': None, 'n_estimators': 150, 'n_jobs': None, 'oob_score': False, 'random_state': 42, 'verbose': 0, 'warm_start': False}",1.0727438926696777
Coffee,8,10,8,3,LinearSVC,HMM_GMM,6,"{'n_components': 4, 'n_mix': 3, 'covariance_type': 'diag'}",0.544,0.5501183692430657,"{'C': np.float64(33.59818286283781), 'class_weight': 'balanced', 'dual': False, 'fit_intercept': True, 'intercept_scaling': 1, 'loss': 'squared_hinge', 'max_iter': 100, 'multi_class': 'ovr', 'penalty': 'l1', 'random_state': 42, 'tol': 0.001, 'verbose': 0}",0.06947755813598633
Coffee,8,10,8,3,LogisticRegression,HMM_GMM,6,"{'n_components': 4, 'n_mix': 3, 'covariance_type': 'diag'}",0.424,0.4428890505545558,"{'C': np.float64(33.59818286283781), 'class_weight': None, 'dual': False, 'fit_intercept': True, 'intercept_scaling': 1, 'l1_ratio': None, 'max_iter': 100, 'multi_class': 'deprecated', 'n_jobs': None, 'penalty': 'l2', 'random_state': 42, 'solver': 'saga', 'tol': 0.0001, 'verbose': 0, 'warm_start': False}",0.06149721145629883
Coffee,8,10,8,3,KNN,HMM_GMM,7,"{'n_components': 2, 'n_mix': 5, 'covariance_type': 'diag'}",0.72,0.7204731372279418,"{'algorithm': 'auto', 'leaf_size': 30, 'metric': 'chebyshev', 'metric_params': None, 'n_jobs': None, 'n_neighbors': np.int64(5), 'p': 2, 'weights': 'uniform'}",0.027281522750854492
Coffee,8,10,8,3,RandomForest,HMM_GMM,7,"{'n_components': 2, 'n_mix': 5, 'covariance_type': 'diag'}",0.924,0.9222316426789028,"{'bootstrap': True, 'ccp_alpha': 0.0, 'class_weight': 'balanced', 'criterion': 'gini', 'max_depth': 20, 'max_features': 'sqrt', 'max_leaf_nodes': None, 'max_samples': None, 'min_impurity_decrease': 0.0, 'min_samples_leaf': 2, 'min_samples_split': 10, 'min_weight_fraction_leaf': 0.0, 'monotonic_cst': None, 'n_estimators': 150, 'n_jobs': None, 'oob_score': False, 'random_state': 42, 'verbose': 0, 'warm_start': False}",0.9951608180999756
Coffee,8,10,8,3,LinearSVC,HMM_GMM,7,"{'n_components': 2, 'n_mix': 5, 'covariance_type': 'diag'}",0.604,0.6060732996393069,"{'C': np.float64(33.59818286283781), 'class_weight': 'balanced', 'dual': False, 'fit_intercept': True, 'intercept_scaling': 1, 'loss': 'squared_hinge', 'max_iter': 100, 'multi_class': 'ovr', 'penalty': 'l1', 'random_state': 42, 'tol': 0.001, 'verbose': 0}",0.0658724308013916
Coffee,8,10,8,3,LogisticRegression,HMM_GMM,7,"{'n_components': 2, 'n_mix': 5, 'covariance_type': 'diag'}",0.418,0.44522354547250814,"{'C': np.float64(33.59818286283781), 'class_weight': 'balanced', 'dual': False, 'fit_intercept': True, 'intercept_scaling': 1, 'l1_ratio': None, 'max_iter': 100, 'multi_class': 'deprecated', 'n_jobs': None, 'penalty': 'l2', 'random_state': 42, 'solver': 'saga', 'tol': 0.0001, 'verbose': 0, 'warm_start': False}",0.0760340690612793
Coffee,8,10,8,3,KNN,HMM_GMM,8,"{'n_components': 1, 'n_mix': 3, 'covariance_type': 'full'}",0.75,0.7540873197154604,"{'algorithm': 'auto', 'leaf_size': 30, 'metric': 'minkowski', 'metric_params': None, 'n_jobs': None, 'n_neighbors': np.int64(13), 'p': 4, 'weights': 'distance'}",0.03196120262145996
Coffee,8,10,8,3,RandomForest,HMM_GMM,8,"{'n_components': 1, 'n_mix': 3, 'covariance_type': 'full'}",0.928,0.9287170813786146,"{'bootstrap': True, 'ccp_alpha': 0.0, 'class_weight': None, 'criterion': 'gini', 'max_depth': 30, 'max_features': 'sqrt', 'max_leaf_nodes': None, 'max_samples': None, 'min_impurity_decrease': 0.0, 'min_samples_leaf': 1, 'min_samples_split': 5, 'min_weight_fraction_leaf': 0.0, 'monotonic_cst': None, 'n_estimators': 50, 'n_jobs': None, 'oob_score': False, 'random_state': 42, 'verbose': 0, 'warm_start': False}",0.3283355236053467
Coffee,8,10,8,3,LinearSVC,HMM_GMM,8,"{'n_components': 1, 'n_mix': 3, 'covariance_type': 'full'}",0.616,0.6188295953813195,"{'C': np.float64(2.6366508987303554), 'class_weight': 'balanced', 'dual': False, 'fit_intercept': True, 'intercept_scaling': 1, 'loss': 'squared_hinge', 'max_iter': 100, 'multi_class': 'ovr', 'penalty': 'l1', 'random_state': 42, 'tol': 0.0001, 'verbose': 0}",0.0675053596496582
Coffee,8,10,8,3,LogisticRegression,HMM_GMM,8,"{'n_components': 1, 'n_mix': 3, 'covariance_type': 'full'}",0.628,0.6405879189461944,"{'C': np.float64(33.59818286283781), 'class_weight': None, 'dual': False, 'fit_intercept': True, 'intercept_scaling': 1, 'l1_ratio': None, 'max_iter': 100, 'multi_class': 'deprecated', 'n_jobs': None, 'penalty': 'l2', 'random_state': 42, 'solver': 'saga', 'tol': 0.0001, 'verbose': 0, 'warm_start': False}",0.21473002433776855
Coffee,8,10,8,3,KNN,HMM_GMM,9,"{'n_components': 5, 'n_mix': 1, 'covariance_type': 'diag'}",0.72,0.7142434156309958,"{'algorithm': 'auto', 'leaf_size': 30, 'metric': 'chebyshev', 'metric_params': None, 'n_jobs': None, 'n_neighbors': np.int64(5), 'p': 2, 'weights': 'uniform'}",0.029001474380493164
Coffee,8,10,8,3,RandomForest,HMM_GMM,9,"{'n_components': 5, 'n_mix': 1, 'covariance_type': 'diag'}",0.91,0.9066803261194348,"{'bootstrap': True, 'ccp_alpha': 0.0, 'class_weight': 'balanced', 'criterion': 'gini', 'max_depth': None, 'max_features': 'sqrt', 'max_leaf_nodes': None, 'max_samples': None, 'min_impurity_decrease': 0.0, 'min_samples_leaf': 2, 'min_samples_split': 2, 'min_weight_fraction_leaf': 0.0, 'monotonic_cst': None, 'n_estimators': 150, 'n_jobs': None, 'oob_score': False, 'random_state': 42, 'verbose': 0, 'warm_start': False}",1.0985610485076904
Coffee,8,10,8,3,LinearSVC,HMM_GMM,9,"{'n_components': 5, 'n_mix': 1, 'covariance_type': 'diag'}",0.432,0.44191856757956327,"{'C': np.float64(33.59818286283781), 'class_weight': None, 'dual': False, 'fit_intercept': True, 'intercept_scaling': 1, 'loss': 'squared_hinge', 'max_iter': 100, 'multi_class': 'ovr', 'penalty': 'l1', 'random_state': 42, 'tol': 0.001, 'verbose': 0}",0.05227828025817871
Coffee,8,10,8,3,LogisticRegression,HMM_GMM,9,"{'n_components': 5, 'n_mix': 1, 'covariance_type': 'diag'}",0.438,0.45250278948673445,"{'C': np.float64(1000.0), 'class_weight': 'balanced', 'dual': False, 'fit_intercept': True, 'intercept_scaling': 1, 'l1_ratio': None, 'max_iter': 100, 'multi_class': 'deprecated', 'n_jobs': None, 'penalty': 'l2', 'random_state': 42, 'solver': 'sag', 'tol': 0.0001, 'verbose': 0, 'warm_start': False}",0.056545257568359375
Coffee,8,10,8,3,KNN,HMM_GMM,10,"{'n_components': 3, 'n_mix': 5, 'covariance_type': 'diag'}",0.724,0.7187988482106129,"{'algorithm': 'auto', 'leaf_size': 30, 'metric': 'minkowski', 'metric_params': None, 'n_jobs': None, 'n_neighbors': np.int64(13), 'p': 4, 'weights': 'distance'}",0.04225444793701172
Coffee,8,10,8,3,RandomForest,HMM_GMM,10,"{'n_components': 3, 'n_mix': 5, 'covariance_type': 'diag'}",0.914,0.9105454254118738,"{'bootstrap': True, 'ccp_alpha': 0.0, 'class_weight': 'balanced', 'criterion': 'gini', 'max_depth': 20, 'max_features': 'sqrt', 'max_leaf_nodes': None, 'max_samples': None, 'min_impurity_decrease': 0.0, 'min_samples_leaf': 2, 'min_samples_split': 10, 'min_weight_fraction_leaf': 0.0, 'monotonic_cst': None, 'n_estimators': 150, 'n_jobs': None, 'oob_score': False, 'random_state': 42, 'verbose': 0, 'warm_start': False}",1.040287733078003
Coffee,8,10,8,3,LinearSVC,HMM_GMM,10,"{'n_components': 3, 'n_mix': 5, 'covariance_type': 'diag'}",0.584,0.5853601574750609,"{'C': np.float64(183.29807108324337), 'class_weight': 'balanced', 'dual': False, 'fit_intercept': True, 'intercept_scaling': 1, 'loss': 'squared_hinge', 'max_iter': 100, 'multi_class': 'ovr', 'penalty': 'l1', 'random_state': 42, 'tol': 0.0001, 'verbose': 0}",0.07482242584228516
Coffee,8,10,8,3,LogisticRegression,HMM_GMM,10,"{'n_components': 3, 'n_mix': 5, 'covariance_type': 'diag'}",0.426,0.4514284671456728,"{'C': np.float64(0.4832930238571752), 'class_weight': None, 'dual': False, 'fit_intercept': True, 'intercept_scaling': 1, 'l1_ratio': None, 'max_iter': 100, 'multi_class': 'deprecated', 'n_jobs': None, 'penalty': 'l1', 'random_state': 42, 'solver': 'saga', 'tol': 0.0001, 'verbose': 0, 'warm_start': False}",0.2839179039001465
Coffee,8,10,8,5,KNN,HMM_GMM,1,"{'n_components': 2, 'n_mix': 1, 'covariance_type': 'diag'}",0.732,0.6933014695659689,"{'algorithm': 'auto', 'leaf_size': 30, 'metric': 'minkowski', 'metric_params': None, 'n_jobs': None, 'n_neighbors': 5, 'p': 2, 'weights': 'uniform'}",0.07385945320129395
Coffee,8,10,8,5,RandomForest,HMM_GMM,1,"{'n_components': 2, 'n_mix': 1, 'covariance_type': 'diag'}",0.878,0.8759028877204207,"{'bootstrap': True, 'ccp_alpha': 0.0, 'class_weight': None, 'criterion': 'gini', 'max_depth': None, 'max_features': 'sqrt', 'max_leaf_nodes': None, 'max_samples': None, 'min_impurity_decrease': 0.0, 'min_samples_leaf': 1, 'min_samples_split': 2, 'min_weight_fraction_leaf': 0.0, 'monotonic_cst': None, 'n_estimators': 100, 'n_jobs': None, 'oob_score': False, 'random_state': 42, 'verbose': 0, 'warm_start': False}",0.8905413150787354
Coffee,8,10,8,5,LinearSVC,HMM_GMM,1,"{'n_components': 2, 'n_mix': 1, 'covariance_type': 'diag'}",0.552,0.5465381275336026,"{'C': 1.0, 'class_weight': None, 'dual': False, 'fit_intercept': True, 'intercept_scaling': 1, 'loss': 'squared_hinge', 'max_iter': 100, 'multi_class': 'ovr', 'penalty': 'l2', 'random_state': 42, 'tol': 0.0001, 'verbose': 0}",0.03256678581237793
Coffee,8,10,8,5,LogisticRegression,HMM_GMM,1,"{'n_components': 2, 'n_mix': 1, 'covariance_type': 'diag'}",0.498,0.5077194570135747,"{'C': 1.0, 'class_weight': None, 'dual': False, 'fit_intercept': True, 'intercept_scaling': 1, 'l1_ratio': None, 'max_iter': 100, 'multi_class': 'deprecated', 'n_jobs': None, 'penalty': 'l2', 'random_state': 42, 'solver': 'lbfgs', 'tol': 0.0001, 'verbose': 0, 'warm_start': False}",0.07187438011169434
Coffee,8,10,8,5,KNN,HMM_GMM,2,"{'n_components': 2, 'n_mix': 4, 'covariance_type': 'tied'}",0.728,0.6906136076863526,"{'algorithm': 'auto', 'leaf_size': 30, 'metric': 'minkowski', 'metric_params': None, 'n_jobs': None, 'n_neighbors': 5, 'p': 2, 'weights': 'uniform'}",0.035715341567993164
Coffee,8,10,8,5,RandomForest,HMM_GMM,2,"{'n_components': 2, 'n_mix': 4, 'covariance_type': 'tied'}",0.868,0.8614529829714604,"{'bootstrap': True, 'ccp_alpha': 0.0, 'class_weight': None, 'criterion': 'gini', 'max_depth': None, 'max_features': 'sqrt', 'max_leaf_nodes': None, 'max_samples': None, 'min_impurity_decrease': 0.0, 'min_samples_leaf': 1, 'min_samples_split': 2, 'min_weight_fraction_leaf': 0.0, 'monotonic_cst': None, 'n_estimators': 100, 'n_jobs': None, 'oob_score': False, 'random_state': 42, 'verbose': 0, 'warm_start': False}",0.7852799892425537
Coffee,8,10,8,5,LinearSVC,HMM_GMM,2,"{'n_components': 2, 'n_mix': 4, 'covariance_type': 'tied'}",0.462,0.4756636547363553,"{'C': 1.0, 'class_weight': None, 'dual': False, 'fit_intercept': True, 'intercept_scaling': 1, 'loss': 'squared_hinge', 'max_iter': 100, 'multi_class': 'ovr', 'penalty': 'l2', 'random_state': 42, 'tol': 0.0001, 'verbose': 0}",0.05067038536071777
Coffee,8,10,8,5,LogisticRegression,HMM_GMM,2,"{'n_components': 2, 'n_mix': 4, 'covariance_type': 'tied'}",0.442,0.4669900071480314,"{'C': 1.0, 'class_weight': None, 'dual': False, 'fit_intercept': True, 'intercept_scaling': 1, 'l1_ratio': None, 'max_iter': 100, 'multi_class': 'deprecated', 'n_jobs': None, 'penalty': 'l2', 'random_state': 42, 'solver': 'lbfgs', 'tol': 0.0001, 'verbose': 0, 'warm_start': False}",0.19935870170593262
Coffee,8,10,8,5,KNN,HMM_GMM,3,"{'n_components': 1, 'n_mix': 3, 'covariance_type': 'diag'}",0.752,0.7086784613502171,"{'algorithm': 'auto', 'leaf_size': 30, 'metric': 'minkowski', 'metric_params': None, 'n_jobs': None, 'n_neighbors': 5, 'p': 2, 'weights': 'uniform'}",0.03750967979431152
Coffee,8,10,8,5,RandomForest,HMM_GMM,3,"{'n_components': 1, 'n_mix': 3, 'covariance_type': 'diag'}",0.896,0.8904026804423772,"{'bootstrap': True, 'ccp_alpha': 0.0, 'class_weight': None, 'criterion': 'gini', 'max_depth': None, 'max_features': 'sqrt', 'max_leaf_nodes': None, 'max_samples': None, 'min_impurity_decrease': 0.0, 'min_samples_leaf': 1, 'min_samples_split': 2, 'min_weight_fraction_leaf': 0.0, 'monotonic_cst': None, 'n_estimators': 100, 'n_jobs': None, 'oob_score': False, 'random_state': 42, 'verbose': 0, 'warm_start': False}",0.8218376636505127
Coffee,8,10,8,5,LinearSVC,HMM_GMM,3,"{'n_components': 1, 'n_mix': 3, 'covariance_type': 'diag'}",0.516,0.5169702257607155,"{'C': 1.0, 'class_weight': None, 'dual': False, 'fit_intercept': True, 'intercept_scaling': 1, 'loss': 'squared_hinge', 'max_iter': 100, 'multi_class': 'ovr', 'penalty': 'l2', 'random_state': 42, 'tol': 0.0001, 'verbose': 0}",0.035653114318847656
Coffee,8,10,8,5,LogisticRegression,HMM_GMM,3,"{'n_components': 1, 'n_mix': 3, 'covariance_type': 'diag'}",0.406,0.42543439258601573,"{'C': 1.0, 'class_weight': None, 'dual': False, 'fit_intercept': True, 'intercept_scaling': 1, 'l1_ratio': None, 'max_iter': 100, 'multi_class': 'deprecated', 'n_jobs': None, 'penalty': 'l2', 'random_state': 42, 'solver': 'lbfgs', 'tol': 0.0001, 'verbose': 0, 'warm_start': False}",0.057550668716430664
Coffee,8,10,8,5,KNN,HMM_GMM,4,"{'n_components': 4, 'n_mix': 3, 'covariance_type': 'diag'}",0.718,0.6883975956539387,"{'algorithm': 'auto', 'leaf_size': 30, 'metric': 'minkowski', 'metric_params': None, 'n_jobs': None, 'n_neighbors': 5, 'p': 2, 'weights': 'uniform'}",0.04794025421142578
Coffee,8,10,8,5,RandomForest,HMM_GMM,4,"{'n_components': 4, 'n_mix': 3, 'covariance_type': 'diag'}",0.894,0.8897329710530814,"{'bootstrap': True, 'ccp_alpha': 0.0, 'class_weight': None, 'criterion': 'gini', 'max_depth': None, 'max_features': 'sqrt', 'max_leaf_nodes': None, 'max_samples': None, 'min_impurity_decrease': 0.0, 'min_samples_leaf': 1, 'min_samples_split': 2, 'min_weight_fraction_leaf': 0.0, 'monotonic_cst': None, 'n_estimators': 100, 'n_jobs': None, 'oob_score': False, 'random_state': 42, 'verbose': 0, 'warm_start': False}",0.8790614604949951
Coffee,8,10,8,5,LinearSVC,HMM_GMM,4,"{'n_components': 4, 'n_mix': 3, 'covariance_type': 'diag'}",0.5,0.512977375565611,"{'C': 1.0, 'class_weight': None, 'dual': False, 'fit_intercept': True, 'intercept_scaling': 1, 'loss': 'squared_hinge', 'max_iter': 100, 'multi_class': 'ovr', 'penalty': 'l2', 'random_state': 42, 'tol': 0.0001, 'verbose': 0}",0.043349266052246094
Coffee,8,10,8,5,LogisticRegression,HMM_GMM,4,"{'n_components': 4, 'n_mix': 3, 'covariance_type': 'diag'}",0.42,0.4376615646122316,"{'C': 1.0, 'class_weight': None, 'dual': False, 'fit_intercept': True, 'intercept_scaling': 1, 'l1_ratio': None, 'max_iter': 100, 'multi_class': 'deprecated', 'n_jobs': None, 'penalty': 'l2', 'random_state': 42, 'solver': 'lbfgs', 'tol': 0.0001, 'verbose': 0, 'warm_start': False}",0.2043304443359375
Coffee,8,10,8,5,KNN,HMM_GMM,5,"{'n_components': 1, 'n_mix': 1, 'covariance_type': 'tied'}",0.79,0.7855731358705932,"{'algorithm': 'auto', 'leaf_size': 30, 'metric': 'minkowski', 'metric_params': None, 'n_jobs': None, 'n_neighbors': 5, 'p': 2, 'weights': 'uniform'}",0.03681635856628418
Coffee,8,10,8,5,RandomForest,HMM_GMM,5,"{'n_components': 1, 'n_mix': 1, 'covariance_type': 'tied'}",0.926,0.9246327899665389,"{'bootstrap': True, 'ccp_alpha': 0.0, 'class_weight': None, 'criterion': 'gini', 'max_depth': None, 'max_features': 'sqrt', 'max_leaf_nodes': None, 'max_samples': None, 'min_impurity_decrease': 0.0, 'min_samples_leaf': 1, 'min_samples_split': 2, 'min_weight_fraction_leaf': 0.0, 'monotonic_cst': None, 'n_estimators': 100, 'n_jobs': None, 'oob_score': False, 'random_state': 42, 'verbose': 0, 'warm_start': False}",0.8410134315490723
Coffee,8,10,8,5,LinearSVC,HMM_GMM,5,"{'n_components': 1, 'n_mix': 1, 'covariance_type': 'tied'}",0.474,0.4994439846727015,"{'C': 1.0, 'class_weight': None, 'dual': False, 'fit_intercept': True, 'intercept_scaling': 1, 'loss': 'squared_hinge', 'max_iter': 100, 'multi_class': 'ovr', 'penalty': 'l2', 'random_state': 42, 'tol': 0.0001, 'verbose': 0}",0.05112862586975098
Coffee,8,10,8,5,LogisticRegression,HMM_GMM,5,"{'n_components': 1, 'n_mix': 1, 'covariance_type': 'tied'}",0.422,0.445816755050118,"{'C': 1.0, 'class_weight': None, 'dual': False, 'fit_intercept': True, 'intercept_scaling': 1, 'l1_ratio': None, 'max_iter': 100, 'multi_class': 'deprecated', 'n_jobs': None, 'penalty': 'l2', 'random_state': 42, 'solver': 'lbfgs', 'tol': 0.0001, 'verbose': 0, 'warm_start': False}",0.1796414852142334
Coffee,8,10,8,5,KNN,HMM_GMM,6,"{'n_components': 4, 'n_mix': 3, 'covariance_type': 'diag'}",0.718,0.6883975956539387,"{'algorithm': 'auto', 'leaf_size': 30, 'metric': 'minkowski', 'metric_params': None, 'n_jobs': None, 'n_neighbors': 5, 'p': 2, 'weights': 'uniform'}",0.037100791931152344
Coffee,8,10,8,5,RandomForest,HMM_GMM,6,"{'n_components': 4, 'n_mix': 3, 'covariance_type': 'diag'}",0.904,0.9009386993251765,"{'bootstrap': True, 'ccp_alpha': 0.0, 'class_weight': None, 'criterion': 'gini', 'max_depth': None, 'max_features': 'sqrt', 'max_leaf_nodes': None, 'max_samples': None, 'min_impurity_decrease': 0.0, 'min_samples_leaf': 1, 'min_samples_split': 2, 'min_weight_fraction_leaf': 0.0, 'monotonic_cst': None, 'n_estimators': 100, 'n_jobs': None, 'oob_score': False, 'random_state': 42, 'verbose': 0, 'warm_start': False}",0.7843501567840576
Coffee,8,10,8,5,LinearSVC,HMM_GMM,6,"{'n_components': 4, 'n_mix': 3, 'covariance_type': 'diag'}",0.5,0.512977375565611,"{'C': 1.0, 'class_weight': None, 'dual': False, 'fit_intercept': True, 'intercept_scaling': 1, 'loss': 'squared_hinge', 'max_iter': 100, 'multi_class': 'ovr', 'penalty': 'l2', 'random_state': 42, 'tol': 0.0001, 'verbose': 0}",0.036125898361206055
Coffee,8,10,8,5,LogisticRegression,HMM_GMM,6,"{'n_components': 4, 'n_mix': 3, 'covariance_type': 'diag'}",0.42,0.4376615646122316,"{'C': 1.0, 'class_weight': None, 'dual': False, 'fit_intercept': True, 'intercept_scaling': 1, 'l1_ratio': None, 'max_iter': 100, 'multi_class': 'deprecated', 'n_jobs': None, 'penalty': 'l2', 'random_state': 42, 'solver': 'lbfgs', 'tol': 0.0001, 'verbose': 0, 'warm_start': False}",0.1112678050994873
Coffee,8,10,8,5,KNN,HMM_GMM,7,"{'n_components': 2, 'n_mix': 5, 'covariance_type': 'diag'}",0.752,0.7319638880447585,"{'algorithm': 'auto', 'leaf_size': 30, 'metric': 'minkowski', 'metric_params': None, 'n_jobs': None, 'n_neighbors': 5, 'p': 2, 'weights': 'uniform'}",0.036634206771850586
Coffee,8,10,8,5,RandomForest,HMM_GMM,7,"{'n_components': 2, 'n_mix': 5, 'covariance_type': 'diag'}",0.914,0.9125977256574271,"{'bootstrap': True, 'ccp_alpha': 0.0, 'class_weight': None, 'criterion': 'gini', 'max_depth': None, 'max_features': 'sqrt', 'max_leaf_nodes': None, 'max_samples': None, 'min_impurity_decrease': 0.0, 'min_samples_leaf': 1, 'min_samples_split': 2, 'min_weight_fraction_leaf': 0.0, 'monotonic_cst': None, 'n_estimators': 100, 'n_jobs': None, 'oob_score': False, 'random_state': 42, 'verbose': 0, 'warm_start': False}",0.7949354648590088
Coffee,8,10,8,5,LinearSVC,HMM_GMM,7,"{'n_components': 2, 'n_mix': 5, 'covariance_type': 'diag'}",0.578,0.5797665237535227,"{'C': 1.0, 'class_weight': None, 'dual': False, 'fit_intercept': True, 'intercept_scaling': 1, 'loss': 'squared_hinge', 'max_iter': 100, 'multi_class': 'ovr', 'penalty': 'l2', 'random_state': 42, 'tol': 0.0001, 'verbose': 0}",0.037290334701538086
Coffee,8,10,8,5,LogisticRegression,HMM_GMM,7,"{'n_components': 2, 'n_mix': 5, 'covariance_type': 'diag'}",0.426,0.4505141916906623,"{'C': 1.0, 'class_weight': None, 'dual': False, 'fit_intercept': True, 'intercept_scaling': 1, 'l1_ratio': None, 'max_iter': 100, 'multi_class': 'deprecated', 'n_jobs': None, 'penalty': 'l2', 'random_state': 42, 'solver': 'lbfgs', 'tol': 0.0001, 'verbose': 0, 'warm_start': False}",0.10419440269470215
Coffee,8,10,8,5,KNN,HMM_GMM,8,"{'n_components': 1, 'n_mix': 3, 'covariance_type': 'full'}",0.802,0.8009163034467701,"{'algorithm': 'auto', 'leaf_size': 30, 'metric': 'minkowski', 'metric_params': None, 'n_jobs': None, 'n_neighbors': 5, 'p': 2, 'weights': 'uniform'}",0.0366213321685791
Coffee,8,10,8,5,RandomForest,HMM_GMM,8,"{'n_components': 1, 'n_mix': 3, 'covariance_type': 'full'}",0.942,0.9424131864281647,"{'bootstrap': True, 'ccp_alpha': 0.0, 'class_weight': None, 'criterion': 'gini', 'max_depth': None, 'max_features': 'sqrt', 'max_leaf_nodes': None, 'max_samples': None, 'min_impurity_decrease': 0.0, 'min_samples_leaf': 1, 'min_samples_split': 2, 'min_weight_fraction_leaf': 0.0, 'monotonic_cst': None, 'n_estimators': 100, 'n_jobs': None, 'oob_score': False, 'random_state': 42, 'verbose': 0, 'warm_start': False}",0.7968175411224365
Coffee,8,10,8,5,LinearSVC,HMM_GMM,8,"{'n_components': 1, 'n_mix': 3, 'covariance_type': 'full'}",0.618,0.6211645673384021,"{'C': 1.0, 'class_weight': None, 'dual': False, 'fit_intercept': True, 'intercept_scaling': 1, 'loss': 'squared_hinge', 'max_iter': 100, 'multi_class': 'ovr', 'penalty': 'l2', 'random_state': 42, 'tol': 0.0001, 'verbose': 0}",0.04915189743041992
Coffee,8,10,8,5,LogisticRegression,HMM_GMM,8,"{'n_components': 1, 'n_mix': 3, 'covariance_type': 'full'}",0.61,0.6184105667545975,"{'C': 1.0, 'class_weight': None, 'dual': False, 'fit_intercept': True, 'intercept_scaling': 1, 'l1_ratio': None, 'max_iter': 100, 'multi_class': 'deprecated', 'n_jobs': None, 'penalty': 'l2', 'random_state': 42, 'solver': 'lbfgs', 'tol': 0.0001, 'verbose': 0, 'warm_start': False}",0.26319169998168945
Coffee,8,10,8,5,KNN,HMM_GMM,9,"{'n_components': 5, 'n_mix': 1, 'covariance_type': 'diag'}",0.722,0.6747696426417856,"{'algorithm': 'auto', 'leaf_size': 30, 'metric': 'minkowski', 'metric_params': None, 'n_jobs': None, 'n_neighbors': 5, 'p': 2, 'weights': 'uniform'}",0.03659510612487793
Coffee,8,10,8,5,RandomForest,HMM_GMM,9,"{'n_components': 5, 'n_mix': 1, 'covariance_type': 'diag'}",0.884,0.8770601805908578,"{'bootstrap': True, 'ccp_alpha': 0.0, 'class_weight': None, 'criterion': 'gini', 'max_depth': None, 'max_features': 'sqrt', 'max_leaf_nodes': None, 'max_samples': None, 'min_impurity_decrease': 0.0, 'min_samples_leaf': 1, 'min_samples_split': 2, 'min_weight_fraction_leaf': 0.0, 'monotonic_cst': None, 'n_estimators': 100, 'n_jobs': None, 'oob_score': False, 'random_state': 42, 'verbose': 0, 'warm_start': False}",1.0977413654327393
Coffee,8,10,8,5,LinearSVC,HMM_GMM,9,"{'n_components': 5, 'n_mix': 1, 'covariance_type': 'diag'}",0.46,0.4515179306290418,"{'C': 1.0, 'class_weight': None, 'dual': False, 'fit_intercept': True, 'intercept_scaling': 1, 'loss': 'squared_hinge', 'max_iter': 100, 'multi_class': 'ovr', 'penalty': 'l2', 'random_state': 42, 'tol': 0.0001, 'verbose': 0}",0.0353543758392334
Coffee,8,10,8,5,LogisticRegression,HMM_GMM,9,"{'n_components': 5, 'n_mix': 1, 'covariance_type': 'diag'}",0.468,0.46147850183248407,"{'C': 1.0, 'class_weight': None, 'dual': False, 'fit_intercept': True, 'intercept_scaling': 1, 'l1_ratio': None, 'max_iter': 100, 'multi_class': 'deprecated', 'n_jobs': None, 'penalty': 'l2', 'random_state': 42, 'solver': 'lbfgs', 'tol': 0.0001, 'verbose': 0, 'warm_start': False}",0.11823749542236328
Coffee,8,10,8,5,KNN,HMM_GMM,10,"{'n_components': 3, 'n_mix': 5, 'covariance_type': 'diag'}",0.732,0.6953117336863349,"{'algorithm': 'auto', 'leaf_size': 30, 'metric': 'minkowski', 'metric_params': None, 'n_jobs': None, 'n_neighbors': 5, 'p': 2, 'weights': 'uniform'}",0.03893017768859863
Coffee,8,10,8,5,RandomForest,HMM_GMM,10,"{'n_components': 3, 'n_mix': 5, 'covariance_type': 'diag'}",0.886,0.8805758755190027,"{'bootstrap': True, 'ccp_alpha': 0.0, 'class_weight': None, 'criterion': 'gini', 'max_depth': None, 'max_features': 'sqrt', 'max_leaf_nodes': None, 'max_samples': None, 'min_impurity_decrease': 0.0, 'min_samples_leaf': 1, 'min_samples_split': 2, 'min_weight_fraction_leaf': 0.0, 'monotonic_cst': None, 'n_estimators': 100, 'n_jobs': None, 'oob_score': False, 'random_state': 42, 'verbose': 0, 'warm_start': False}",0.7816283702850342
Coffee,8,10,8,5,LinearSVC,HMM_GMM,10,"{'n_components': 3, 'n_mix': 5, 'covariance_type': 'diag'}",0.536,0.549517787197314,"{'C': 1.0, 'class_weight': None, 'dual': False, 'fit_intercept': True, 'intercept_scaling': 1, 'loss': 'squared_hinge', 'max_iter': 100, 'multi_class': 'ovr', 'penalty': 'l2', 'random_state': 42, 'tol': 0.0001, 'verbose': 0}",0.04268836975097656
Coffee,8,10,8,5,LogisticRegression,HMM_GMM,10,"{'n_components': 3, 'n_mix': 5, 'covariance_type': 'diag'}",0.452,0.4651331311088642,"{'C': 1.0, 'class_weight': None, 'dual': False, 'fit_intercept': True, 'intercept_scaling': 1, 'l1_ratio': None, 'max_iter': 100, 'multi_class': 'deprecated', 'n_jobs': None, 'penalty': 'l2', 'random_state': 42, 'solver': 'lbfgs', 'tol': 0.0001, 'verbose': 0, 'warm_start': False}",0.18255996704101562
Coffee,8,10,8,10,KNN,HMM_GMM,1,"{'n_components': 2, 'n_mix': 1, 'covariance_type': 'diag'}",0.732,0.6933014695659689,"{'algorithm': 'auto', 'leaf_size': 30, 'metric': 'minkowski', 'metric_params': None, 'n_jobs': None, 'n_neighbors': 5, 'p': 2, 'weights': 'uniform'}",0.05726981163024902
Coffee,8,10,8,10,RandomForest,HMM_GMM,1,"{'n_components': 2, 'n_mix': 1, 'covariance_type': 'diag'}",0.904,0.9005997287343177,"{'bootstrap': True, 'ccp_alpha': 0.0, 'class_weight': None, 'criterion': 'gini', 'max_depth': None, 'max_features': 'sqrt', 'max_leaf_nodes': None, 'max_samples': None, 'min_impurity_decrease': 0.0, 'min_samples_leaf': 1, 'min_samples_split': 2, 'min_weight_fraction_leaf': 0.0, 'monotonic_cst': None, 'n_estimators': 100, 'n_jobs': None, 'oob_score': False, 'random_state': 42, 'verbose': 0, 'warm_start': False}",1.2311763763427734
Coffee,8,10,8,10,LinearSVC,HMM_GMM,1,"{'n_components': 2, 'n_mix': 1, 'covariance_type': 'diag'}",0.552,0.5483482642777155,"{'C': 1.0, 'class_weight': None, 'dual': False, 'fit_intercept': True, 'intercept_scaling': 1, 'loss': 'squared_hinge', 'max_iter': 100, 'multi_class': 'ovr', 'penalty': 'l2', 'random_state': 42, 'tol': 0.0001, 'verbose': 0}",0.06441617012023926
Coffee,8,10,8,10,LogisticRegression,HMM_GMM,1,"{'n_components': 2, 'n_mix': 1, 'covariance_type': 'diag'}",0.516,0.5229929026501854,"{'C': 1.0, 'class_weight': None, 'dual': False, 'fit_intercept': True, 'intercept_scaling': 1, 'l1_ratio': None, 'max_iter': 100, 'multi_class': 'deprecated', 'n_jobs': None, 'penalty': 'l2', 'random_state': 42, 'solver': 'lbfgs', 'tol': 0.0001, 'verbose': 0, 'warm_start': False}",0.12714242935180664
Coffee,8,10,8,10,KNN,HMM_GMM,2,"{'n_components': 2, 'n_mix': 4, 'covariance_type': 'tied'}",0.728,0.6906136076863526,"{'algorithm': 'auto', 'leaf_size': 30, 'metric': 'minkowski', 'metric_params': None, 'n_jobs': None, 'n_neighbors': 5, 'p': 2, 'weights': 'uniform'}",0.06972980499267578
Coffee,8,10,8,10,RandomForest,HMM_GMM,2,"{'n_components': 2, 'n_mix': 4, 'covariance_type': 'tied'}",0.82,0.7896086506217439,"{'bootstrap': True, 'ccp_alpha': 0.0, 'class_weight': None, 'criterion': 'gini', 'max_depth': None, 'max_features': 'sqrt', 'max_leaf_nodes': None, 'max_samples': None, 'min_impurity_decrease': 0.0, 'min_samples_leaf': 1, 'min_samples_split': 2, 'min_weight_fraction_leaf': 0.0, 'monotonic_cst': None, 'n_estimators': 100, 'n_jobs': None, 'oob_score': False, 'random_state': 42, 'verbose': 0, 'warm_start': False}",1.1977109909057617
Coffee,8,10,8,10,LinearSVC,HMM_GMM,2,"{'n_components': 2, 'n_mix': 4, 'covariance_type': 'tied'}",0.42,0.423727483779456,"{'C': 1.0, 'class_weight': None, 'dual': False, 'fit_intercept': True, 'intercept_scaling': 1, 'loss': 'squared_hinge', 'max_iter': 100, 'multi_class': 'ovr', 'penalty': 'l2', 'random_state': 42, 'tol': 0.0001, 'verbose': 0}",0.09853935241699219
Coffee,8,10,8,10,LogisticRegression,HMM_GMM,2,"{'n_components': 2, 'n_mix': 4, 'covariance_type': 'tied'}",0.448,0.4680125455641021,"{'C': 1.0, 'class_weight': None, 'dual': False, 'fit_intercept': True, 'intercept_scaling': 1, 'l1_ratio': None, 'max_iter': 100, 'multi_class': 'deprecated', 'n_jobs': None, 'penalty': 'l2', 'random_state': 42, 'solver': 'lbfgs', 'tol': 0.0001, 'verbose': 0, 'warm_start': False}",0.3222465515136719
Coffee,8,10,8,10,KNN,HMM_GMM,3,"{'n_components': 1, 'n_mix': 3, 'covariance_type': 'diag'}",0.752,0.7086784613502171,"{'algorithm': 'auto', 'leaf_size': 30, 'metric': 'minkowski', 'metric_params': None, 'n_jobs': None, 'n_neighbors': 5, 'p': 2, 'weights': 'uniform'}",0.059586524963378906
Coffee,8,10,8,10,RandomForest,HMM_GMM,3,"{'n_components': 1, 'n_mix': 3, 'covariance_type': 'diag'}",0.894,0.8879784077213665,"{'bootstrap': True, 'ccp_alpha': 0.0, 'class_weight': None, 'criterion': 'gini', 'max_depth': None, 'max_features': 'sqrt', 'max_leaf_nodes': None, 'max_samples': None, 'min_impurity_decrease': 0.0, 'min_samples_leaf': 1, 'min_samples_split': 2, 'min_weight_fraction_leaf': 0.0, 'monotonic_cst': None, 'n_estimators': 100, 'n_jobs': None, 'oob_score': False, 'random_state': 42, 'verbose': 0, 'warm_start': False}",1.2349982261657715
Coffee,8,10,8,10,LinearSVC,HMM_GMM,3,"{'n_components': 1, 'n_mix': 3, 'covariance_type': 'diag'}",0.522,0.5266668623384078,"{'C': 1.0, 'class_weight': None, 'dual': False, 'fit_intercept': True, 'intercept_scaling': 1, 'loss': 'squared_hinge', 'max_iter': 100, 'multi_class': 'ovr', 'penalty': 'l2', 'random_state': 42, 'tol': 0.0001, 'verbose': 0}",0.06891584396362305
Coffee,8,10,8,10,LogisticRegression,HMM_GMM,3,"{'n_components': 1, 'n_mix': 3, 'covariance_type': 'diag'}",0.426,0.4433051973534737,"{'C': 1.0, 'class_weight': None, 'dual': False, 'fit_intercept': True, 'intercept_scaling': 1, 'l1_ratio': None, 'max_iter': 100, 'multi_class': 'deprecated', 'n_jobs': None, 'penalty': 'l2', 'random_state': 42, 'solver': 'lbfgs', 'tol': 0.0001, 'verbose': 0, 'warm_start': False}",0.15890765190124512
Coffee,8,10,8,10,KNN,HMM_GMM,4,"{'n_components': 4, 'n_mix': 3, 'covariance_type': 'diag'}",0.718,0.6883975956539387,"{'algorithm': 'auto', 'leaf_size': 30, 'metric': 'minkowski', 'metric_params': None, 'n_jobs': None, 'n_neighbors': 5, 'p': 2, 'weights': 'uniform'}",0.0587460994720459
Coffee,8,10,8,10,RandomForest,HMM_GMM,4,"{'n_components': 4, 'n_mix': 3, 'covariance_type': 'diag'}",0.836,0.807674254371293,"{'bootstrap': True, 'ccp_alpha': 0.0, 'class_weight': None, 'criterion': 'gini', 'max_depth': None, 'max_features': 'sqrt', 'max_leaf_nodes': None, 'max_samples': None, 'min_impurity_decrease': 0.0, 'min_samples_leaf': 1, 'min_samples_split': 2, 'min_weight_fraction_leaf': 0.0, 'monotonic_cst': None, 'n_estimators': 100, 'n_jobs': None, 'oob_score': False, 'random_state': 42, 'verbose': 0, 'warm_start': False}",1.1708061695098877
Coffee,8,10,8,10,LinearSVC,HMM_GMM,4,"{'n_components': 4, 'n_mix': 3, 'covariance_type': 'diag'}",0.476,0.4921049472462686,"{'C': 1.0, 'class_weight': None, 'dual': False, 'fit_intercept': True, 'intercept_scaling': 1, 'loss': 'squared_hinge', 'max_iter': 100, 'multi_class': 'ovr', 'penalty': 'l2', 'random_state': 42, 'tol': 0.0001, 'verbose': 0}",0.06721878051757812
Coffee,8,10,8,10,LogisticRegression,HMM_GMM,4,"{'n_components': 4, 'n_mix': 3, 'covariance_type': 'diag'}",0.41,0.42638461044838005,"{'C': 1.0, 'class_weight': None, 'dual': False, 'fit_intercept': True, 'intercept_scaling': 1, 'l1_ratio': None, 'max_iter': 100, 'multi_class': 'deprecated', 'n_jobs': None, 'penalty': 'l2', 'random_state': 42, 'solver': 'lbfgs', 'tol': 0.0001, 'verbose': 0, 'warm_start': False}",0.3790256977081299
Coffee,8,10,8,10,KNN,HMM_GMM,5,"{'n_components': 1, 'n_mix': 1, 'covariance_type': 'tied'}",0.79,0.7855731358705932,"{'algorithm': 'auto', 'leaf_size': 30, 'metric': 'minkowski', 'metric_params': None, 'n_jobs': None, 'n_neighbors': 5, 'p': 2, 'weights': 'uniform'}",0.06043744087219238
Coffee,8,10,8,10,RandomForest,HMM_GMM,5,"{'n_components': 1, 'n_mix': 1, 'covariance_type': 'tied'}",0.92,0.9192158076902559,"{'bootstrap': True, 'ccp_alpha': 0.0, 'class_weight': None, 'criterion': 'gini', 'max_depth': None, 'max_features': 'sqrt', 'max_leaf_nodes': None, 'max_samples': None, 'min_impurity_decrease': 0.0, 'min_samples_leaf': 1, 'min_samples_split': 2, 'min_weight_fraction_leaf': 0.0, 'monotonic_cst': None, 'n_estimators': 100, 'n_jobs': None, 'oob_score': False, 'random_state': 42, 'verbose': 0, 'warm_start': False}",1.243370771408081
Coffee,8,10,8,10,LinearSVC,HMM_GMM,5,"{'n_components': 1, 'n_mix': 1, 'covariance_type': 'tied'}",0.43,0.45230255680118686,"{'C': 1.0, 'class_weight': None, 'dual': False, 'fit_intercept': True, 'intercept_scaling': 1, 'loss': 'squared_hinge', 'max_iter': 100, 'multi_class': 'ovr', 'penalty': 'l2', 'random_state': 42, 'tol': 0.0001, 'verbose': 0}",0.10240006446838379
Coffee,8,10,8,10,LogisticRegression,HMM_GMM,5,"{'n_components': 1, 'n_mix': 1, 'covariance_type': 'tied'}",0.416,0.438574581921196,"{'C': 1.0, 'class_weight': None, 'dual': False, 'fit_intercept': True, 'intercept_scaling': 1, 'l1_ratio': None, 'max_iter': 100, 'multi_class': 'deprecated', 'n_jobs': None, 'penalty': 'l2', 'random_state': 42, 'solver': 'lbfgs', 'tol': 0.0001, 'verbose': 0, 'warm_start': False}",0.5460736751556396
Coffee,8,10,8,10,KNN,HMM_GMM,6,"{'n_components': 4, 'n_mix': 3, 'covariance_type': 'diag'}",0.718,0.6883975956539387,"{'algorithm': 'auto', 'leaf_size': 30, 'metric': 'minkowski', 'metric_params': None, 'n_jobs': None, 'n_neighbors': 5, 'p': 2, 'weights': 'uniform'}",0.058817386627197266
Coffee,8,10,8,10,RandomForest,HMM_GMM,6,"{'n_components': 4, 'n_mix': 3, 'covariance_type': 'diag'}",0.862,0.8455133922253883,"{'bootstrap': True, 'ccp_alpha': 0.0, 'class_weight': None, 'criterion': 'gini', 'max_depth': None, 'max_features': 'sqrt', 'max_leaf_nodes': None, 'max_samples': None, 'min_impurity_decrease': 0.0, 'min_samples_leaf': 1, 'min_samples_split': 2, 'min_weight_fraction_leaf': 0.0, 'monotonic_cst': None, 'n_estimators': 100, 'n_jobs': None, 'oob_score': False, 'random_state': 42, 'verbose': 0, 'warm_start': False}",1.1713695526123047
Coffee,8,10,8,10,LinearSVC,HMM_GMM,6,"{'n_components': 4, 'n_mix': 3, 'covariance_type': 'diag'}",0.476,0.4921049472462686,"{'C': 1.0, 'class_weight': None, 'dual': False, 'fit_intercept': True, 'intercept_scaling': 1, 'loss': 'squared_hinge', 'max_iter': 100, 'multi_class': 'ovr', 'penalty': 'l2', 'random_state': 42, 'tol': 0.0001, 'verbose': 0}",0.06892848014831543
Coffee,8,10,8,10,LogisticRegression,HMM_GMM,6,"{'n_components': 4, 'n_mix': 3, 'covariance_type': 'diag'}",0.41,0.42638461044838005,"{'C': 1.0, 'class_weight': None, 'dual': False, 'fit_intercept': True, 'intercept_scaling': 1, 'l1_ratio': None, 'max_iter': 100, 'multi_class': 'deprecated', 'n_jobs': None, 'penalty': 'l2', 'random_state': 42, 'solver': 'lbfgs', 'tol': 0.0001, 'verbose': 0, 'warm_start': False}",0.21999144554138184
Coffee,8,10,8,10,KNN,HMM_GMM,7,"{'n_components': 2, 'n_mix': 5, 'covariance_type': 'diag'}",0.752,0.7319638880447585,"{'algorithm': 'auto', 'leaf_size': 30, 'metric': 'minkowski', 'metric_params': None, 'n_jobs': None, 'n_neighbors': 5, 'p': 2, 'weights': 'uniform'}",0.06461811065673828
Coffee,8,10,8,10,RandomForest,HMM_GMM,7,"{'n_components': 2, 'n_mix': 5, 'covariance_type': 'diag'}",0.922,0.9207864512485437,"{'bootstrap': True, 'ccp_alpha': 0.0, 'class_weight': None, 'criterion': 'gini', 'max_depth': None, 'max_features': 'sqrt', 'max_leaf_nodes': None, 'max_samples': None, 'min_impurity_decrease': 0.0, 'min_samples_leaf': 1, 'min_samples_split': 2, 'min_weight_fraction_leaf': 0.0, 'monotonic_cst': None, 'n_estimators': 100, 'n_jobs': None, 'oob_score': False, 'random_state': 42, 'verbose': 0, 'warm_start': False}",1.295351505279541
Coffee,8,10,8,10,LinearSVC,HMM_GMM,7,"{'n_components': 2, 'n_mix': 5, 'covariance_type': 'diag'}",0.546,0.5488164294993807,"{'C': 1.0, 'class_weight': None, 'dual': False, 'fit_intercept': True, 'intercept_scaling': 1, 'loss': 'squared_hinge', 'max_iter': 100, 'multi_class': 'ovr', 'penalty': 'l2', 'random_state': 42, 'tol': 0.0001, 'verbose': 0}",0.08447265625
Coffee,8,10,8,10,LogisticRegression,HMM_GMM,7,"{'n_components': 2, 'n_mix': 5, 'covariance_type': 'diag'}",0.446,0.4645670190682327,"{'C': 1.0, 'class_weight': None, 'dual': False, 'fit_intercept': True, 'intercept_scaling': 1, 'l1_ratio': None, 'max_iter': 100, 'multi_class': 'deprecated', 'n_jobs': None, 'penalty': 'l2', 'random_state': 42, 'solver': 'lbfgs', 'tol': 0.0001, 'verbose': 0, 'warm_start': False}",0.2618727684020996
Coffee,8,10,8,10,KNN,HMM_GMM,8,"{'n_components': 1, 'n_mix': 3, 'covariance_type': 'full'}",0.802,0.8009163034467701,"{'algorithm': 'auto', 'leaf_size': 30, 'metric': 'minkowski', 'metric_params': None, 'n_jobs': None, 'n_neighbors': 5, 'p': 2, 'weights': 'uniform'}",0.06428313255310059
Coffee,8,10,8,10,RandomForest,HMM_GMM,8,"{'n_components': 1, 'n_mix': 3, 'covariance_type': 'full'}",0.944,0.9441803427010675,"{'bootstrap': True, 'ccp_alpha': 0.0, 'class_weight': None, 'criterion': 'gini', 'max_depth': None, 'max_features': 'sqrt', 'max_leaf_nodes': None, 'max_samples': None, 'min_impurity_decrease': 0.0, 'min_samples_leaf': 1, 'min_samples_split': 2, 'min_weight_fraction_leaf': 0.0, 'monotonic_cst': None, 'n_estimators': 100, 'n_jobs': None, 'oob_score': False, 'random_state': 42, 'verbose': 0, 'warm_start': False}",1.3407039642333984
Coffee,8,10,8,10,LinearSVC,HMM_GMM,8,"{'n_components': 1, 'n_mix': 3, 'covariance_type': 'full'}",0.616,0.6187364186129869,"{'C': 1.0, 'class_weight': None, 'dual': False, 'fit_intercept': True, 'intercept_scaling': 1, 'loss': 'squared_hinge', 'max_iter': 100, 'multi_class': 'ovr', 'penalty': 'l2', 'random_state': 42, 'tol': 0.0001, 'verbose': 0}",0.1068415641784668
Coffee,8,10,8,10,LogisticRegression,HMM_GMM,8,"{'n_components': 1, 'n_mix': 3, 'covariance_type': 'full'}",0.622,0.6291820644990749,"{'C': 1.0, 'class_weight': None, 'dual': False, 'fit_intercept': True, 'intercept_scaling': 1, 'l1_ratio': None, 'max_iter': 100, 'multi_class': 'deprecated', 'n_jobs': None, 'penalty': 'l2', 'random_state': 42, 'solver': 'lbfgs', 'tol': 0.0001, 'verbose': 0, 'warm_start': False}",0.577390193939209
Coffee,8,10,8,10,KNN,HMM_GMM,9,"{'n_components': 5, 'n_mix': 1, 'covariance_type': 'diag'}",0.722,0.6747696426417856,"{'algorithm': 'auto', 'leaf_size': 30, 'metric': 'minkowski', 'metric_params': None, 'n_jobs': None, 'n_neighbors': 5, 'p': 2, 'weights': 'uniform'}",0.059207916259765625
Coffee,8,10,8,10,RandomForest,HMM_GMM,9,"{'n_components': 5, 'n_mix': 1, 'covariance_type': 'diag'}",0.844,0.8296348096348097,"{'bootstrap': True, 'ccp_alpha': 0.0, 'class_weight': None, 'criterion': 'gini', 'max_depth': None, 'max_features': 'sqrt', 'max_leaf_nodes': None, 'max_samples': None, 'min_impurity_decrease': 0.0, 'min_samples_leaf': 1, 'min_samples_split': 2, 'min_weight_fraction_leaf': 0.0, 'monotonic_cst': None, 'n_estimators': 100, 'n_jobs': None, 'oob_score': False, 'random_state': 42, 'verbose': 0, 'warm_start': False}",1.3327031135559082
Coffee,8,10,8,10,LinearSVC,HMM_GMM,9,"{'n_components': 5, 'n_mix': 1, 'covariance_type': 'diag'}",0.504,0.4777886398112254,"{'C': 1.0, 'class_weight': None, 'dual': False, 'fit_intercept': True, 'intercept_scaling': 1, 'loss': 'squared_hinge', 'max_iter': 100, 'multi_class': 'ovr', 'penalty': 'l2', 'random_state': 42, 'tol': 0.0001, 'verbose': 0}",0.07206058502197266
Coffee,8,10,8,10,LogisticRegression,HMM_GMM,9,"{'n_components': 5, 'n_mix': 1, 'covariance_type': 'diag'}",0.518,0.4889104443943154,"{'C': 1.0, 'class_weight': None, 'dual': False, 'fit_intercept': True, 'intercept_scaling': 1, 'l1_ratio': None, 'max_iter': 100, 'multi_class': 'deprecated', 'n_jobs': None, 'penalty': 'l2', 'random_state': 42, 'solver': 'lbfgs', 'tol': 0.0001, 'verbose': 0, 'warm_start': False}",0.16994237899780273
Coffee,8,10,8,10,KNN,HMM_GMM,10,"{'n_components': 3, 'n_mix': 5, 'covariance_type': 'diag'}",0.732,0.6953117336863349,"{'algorithm': 'auto', 'leaf_size': 30, 'metric': 'minkowski', 'metric_params': None, 'n_jobs': None, 'n_neighbors': 5, 'p': 2, 'weights': 'uniform'}",0.058133840560913086
Coffee,8,10,8,10,RandomForest,HMM_GMM,10,"{'n_components': 3, 'n_mix': 5, 'covariance_type': 'diag'}",0.898,0.8945400971111057,"{'bootstrap': True, 'ccp_alpha': 0.0, 'class_weight': None, 'criterion': 'gini', 'max_depth': None, 'max_features': 'sqrt', 'max_leaf_nodes': None, 'max_samples': None, 'min_impurity_decrease': 0.0, 'min_samples_leaf': 1, 'min_samples_split': 2, 'min_weight_fraction_leaf': 0.0, 'monotonic_cst': None, 'n_estimators': 100, 'n_jobs': None, 'oob_score': False, 'random_state': 42, 'verbose': 0, 'warm_start': False}",1.1375653743743896
Coffee,8,10,8,10,LinearSVC,HMM_GMM,10,"{'n_components': 3, 'n_mix': 5, 'covariance_type': 'diag'}",0.56,0.5689043333358735,"{'C': 1.0, 'class_weight': None, 'dual': False, 'fit_intercept': True, 'intercept_scaling': 1, 'loss': 'squared_hinge', 'max_iter': 100, 'multi_class': 'ovr', 'penalty': 'l2', 'random_state': 42, 'tol': 0.0001, 'verbose': 0}",0.0837259292602539
Coffee,8,10,8,10,LogisticRegression,HMM_GMM,10,"{'n_components': 3, 'n_mix': 5, 'covariance_type': 'diag'}",0.452,0.46749778368794326,"{'C': 1.0, 'class_weight': None, 'dual': False, 'fit_intercept': True, 'intercept_scaling': 1, 'l1_ratio': None, 'max_iter': 100, 'multi_class': 'deprecated', 'n_jobs': None, 'penalty': 'l2', 'random_state': 42, 'solver': 'lbfgs', 'tol': 0.0001, 'verbose': 0, 'warm_start': False}",0.32863688468933105
Coffee,8,10,9,1,KNN,Baseline,N/A,N/A,0.69,0.6940038599393438,"{'algorithm': 'auto', 'leaf_size': 30, 'metric': 'minkowski', 'metric_params': None, 'n_jobs': None, 'n_neighbors': 5, 'p': 2, 'weights': 'uniform'}",0.027774572372436523
Coffee,8,10,9,1,KNN,Tuned_Baseline,N/A,N/A,0.672,0.6774346743655724,"{'algorithm': 'auto', 'leaf_size': 30, 'metric': 'minkowski', 'metric_params': None, 'n_jobs': None, 'n_neighbors': np.int64(17), 'p': 4, 'weights': 'distance'}",0.05588841438293457
Coffee,8,10,9,1,RandomForest,Baseline,N/A,N/A,0.746,0.748251942888317,"{'bootstrap': True, 'ccp_alpha': 0.0, 'class_weight': None, 'criterion': 'gini', 'max_depth': None, 'max_features': 'sqrt', 'max_leaf_nodes': None, 'max_samples': None, 'min_impurity_decrease': 0.0, 'min_samples_leaf': 1, 'min_samples_split': 2, 'min_weight_fraction_leaf': 0.0, 'monotonic_cst': None, 'n_estimators': 100, 'n_jobs': None, 'oob_score': False, 'random_state': 42, 'verbose': 0, 'warm_start': False}",0.43746423721313477
Coffee,8,10,9,1,RandomForest,Tuned_Baseline,N/A,N/A,0.75,0.752674122937439,"{'bootstrap': True, 'ccp_alpha': 0.0, 'class_weight': 'balanced', 'criterion': 'gini', 'max_depth': 30, 'max_features': 'sqrt', 'max_leaf_nodes': None, 'max_samples': None, 'min_impurity_decrease': 0.0, 'min_samples_leaf': 2, 'min_samples_split': 5, 'min_weight_fraction_leaf': 0.0, 'monotonic_cst': None, 'n_estimators': 50, 'n_jobs': None, 'oob_score': False, 'random_state': 42, 'verbose': 0, 'warm_start': False}",0.003241300582885742
Coffee,8,10,9,1,LinearSVC,Baseline,N/A,N/A,0.598,0.5977865682919241,"{'C': 1.0, 'class_weight': None, 'dual': False, 'fit_intercept': True, 'intercept_scaling': 1, 'loss': 'squared_hinge', 'max_iter': 100, 'multi_class': 'ovr', 'penalty': 'l2', 'random_state': 42, 'tol': 0.0001, 'verbose': 0}",0.01033329963684082
Coffee,8,10,9,1,LinearSVC,Tuned_Baseline,N/A,N/A,0.596,0.5960129346267959,"{'C': np.float64(183.29807108324337), 'class_weight': None, 'dual': False, 'fit_intercept': True, 'intercept_scaling': 1, 'loss': 'squared_hinge', 'max_iter': 100, 'multi_class': 'ovr', 'penalty': 'l1', 'random_state': 42, 'tol': 0.001, 'verbose': 0}",0.00028324127197265625
Coffee,8,10,9,1,LogisticRegression,Baseline,N/A,N/A,0.596,0.5965003670007984,"{'C': 1.0, 'class_weight': None, 'dual': False, 'fit_intercept': True, 'intercept_scaling': 1, 'l1_ratio': None, 'max_iter': 100, 'multi_class': 'deprecated', 'n_jobs': None, 'penalty': 'l2', 'random_state': 42, 'solver': 'lbfgs', 'tol': 0.0001, 'verbose': 0, 'warm_start': False}",0.20935821533203125
Coffee,8,10,9,1,LogisticRegression,Tuned_Baseline,N/A,N/A,0.602,0.6021669517919024,"{'C': np.float64(183.29807108324337), 'class_weight': None, 'dual': False, 'fit_intercept': True, 'intercept_scaling': 1, 'l1_ratio': None, 'max_iter': 100, 'multi_class': 'deprecated', 'n_jobs': None, 'penalty': 'l2', 'random_state': 42, 'solver': 'saga', 'tol': 0.0001, 'verbose': 0, 'warm_start': False}",0.0003275871276855469
Coffee,8,10,9,1,RNN,Tuned_Baseline,N/A,N/A,0.2,0.06666666666666667,"{'hidden_size': 64, 'epochs': 10, 'batch_size': 32, 'lr': 0.001}",2.9802322387695312e-05
Coffee,8,10,9,2,KNN,HMM_GMM,1,"{'n_components': 2, 'n_mix': 1, 'covariance_type': 'diag'}",0.654,0.6448373499714231,"{'algorithm': 'auto', 'leaf_size': 30, 'metric': 'euclidean', 'metric_params': None, 'n_jobs': None, 'n_neighbors': np.int64(9), 'p': 2, 'weights': 'distance'}",0.012305498123168945
Coffee,8,10,9,2,RandomForest,HMM_GMM,1,"{'n_components': 2, 'n_mix': 1, 'covariance_type': 'diag'}",0.69,0.6692138082649508,"{'bootstrap': True, 'ccp_alpha': 0.0, 'class_weight': 'balanced', 'criterion': 'gini', 'max_depth': 30, 'max_features': 'sqrt', 'max_leaf_nodes': None, 'max_samples': None, 'min_impurity_decrease': 0.0, 'min_samples_leaf': 1, 'min_samples_split': 2, 'min_weight_fraction_leaf': 0.0, 'monotonic_cst': None, 'n_estimators': 150, 'n_jobs': None, 'oob_score': False, 'random_state': 42, 'verbose': 0, 'warm_start': False}",0.984581470489502
Coffee,8,10,9,2,LinearSVC,HMM_GMM,1,"{'n_components': 2, 'n_mix': 1, 'covariance_type': 'diag'}",0.586,0.5854933748701697,"{'C': np.float64(183.29807108324337), 'class_weight': 'balanced', 'dual': False, 'fit_intercept': True, 'intercept_scaling': 1, 'loss': 'squared_hinge', 'max_iter': 100, 'multi_class': 'ovr', 'penalty': 'l1', 'random_state': 42, 'tol': 0.0001, 'verbose': 0}",0.03578972816467285
Coffee,8,10,9,2,LogisticRegression,HMM_GMM,1,"{'n_components': 2, 'n_mix': 1, 'covariance_type': 'diag'}",0.582,0.5841199508924801,"{'C': np.float64(33.59818286283781), 'class_weight': 'balanced', 'dual': False, 'fit_intercept': True, 'intercept_scaling': 1, 'l1_ratio': None, 'max_iter': 100, 'multi_class': 'deprecated', 'n_jobs': None, 'penalty': 'l2', 'random_state': 42, 'solver': 'saga', 'tol': 0.0001, 'verbose': 0, 'warm_start': False}",0.07191848754882812
Coffee,8,10,9,2,KNN,HMM_GMM,2,"{'n_components': 2, 'n_mix': 4, 'covariance_type': 'tied'}",0.716,0.7185229517952658,"{'algorithm': 'auto', 'leaf_size': 30, 'metric': 'chebyshev', 'metric_params': None, 'n_jobs': None, 'n_neighbors': np.int64(5), 'p': 2, 'weights': 'uniform'}",0.02358412742614746
Coffee,8,10,9,2,RandomForest,HMM_GMM,2,"{'n_components': 2, 'n_mix': 4, 'covariance_type': 'tied'}",0.694,0.6940583061190436,"{'bootstrap': True, 'ccp_alpha': 0.0, 'class_weight': None, 'criterion': 'gini', 'max_depth': 30, 'max_features': 'sqrt', 'max_leaf_nodes': None, 'max_samples': None, 'min_impurity_decrease': 0.0, 'min_samples_leaf': 4, 'min_samples_split': 2, 'min_weight_fraction_leaf': 0.0, 'monotonic_cst': None, 'n_estimators': 50, 'n_jobs': None, 'oob_score': False, 'random_state': 42, 'verbose': 0, 'warm_start': False}",0.3035702705383301
Coffee,8,10,9,2,LinearSVC,HMM_GMM,2,"{'n_components': 2, 'n_mix': 4, 'covariance_type': 'tied'}",0.596,0.5969725622536577,"{'C': np.float64(183.29807108324337), 'class_weight': 'balanced', 'dual': False, 'fit_intercept': True, 'intercept_scaling': 1, 'loss': 'squared_hinge', 'max_iter': 100, 'multi_class': 'ovr', 'penalty': 'l1', 'random_state': 42, 'tol': 0.0001, 'verbose': 0}",0.04561638832092285
Coffee,8,10,9,2,LogisticRegression,HMM_GMM,2,"{'n_components': 2, 'n_mix': 4, 'covariance_type': 'tied'}",0.594,0.594723032239955,"{'C': np.float64(0.4832930238571752), 'class_weight': 'balanced', 'dual': False, 'fit_intercept': True, 'intercept_scaling': 1, 'l1_ratio': None, 'max_iter': 100, 'multi_class': 'deprecated', 'n_jobs': None, 'penalty': 'l2', 'random_state': 42, 'solver': 'lbfgs', 'tol': 0.0001, 'verbose': 0, 'warm_start': False}",0.06170392036437988
Coffee,8,10,9,2,KNN,HMM_GMM,3,"{'n_components': 1, 'n_mix': 3, 'covariance_type': 'diag'}",0.664,0.6671556830803407,"{'algorithm': 'auto', 'leaf_size': 30, 'metric': 'euclidean', 'metric_params': None, 'n_jobs': None, 'n_neighbors': np.int64(9), 'p': 2, 'weights': 'distance'}",0.011913537979125977
Coffee,8,10,9,2,RandomForest,HMM_GMM,3,"{'n_components': 1, 'n_mix': 3, 'covariance_type': 'diag'}",0.724,0.7279039753496185,"{'bootstrap': True, 'ccp_alpha': 0.0, 'class_weight': 'balanced', 'criterion': 'gini', 'max_depth': 10, 'max_features': 'sqrt', 'max_leaf_nodes': None, 'max_samples': None, 'min_impurity_decrease': 0.0, 'min_samples_leaf': 1, 'min_samples_split': 5, 'min_weight_fraction_leaf': 0.0, 'monotonic_cst': None, 'n_estimators': 50, 'n_jobs': None, 'oob_score': False, 'random_state': 42, 'verbose': 0, 'warm_start': False}",0.3174288272857666
Coffee,8,10,9,2,LinearSVC,HMM_GMM,3,"{'n_components': 1, 'n_mix': 3, 'covariance_type': 'diag'}",0.56,0.557412783515141,"{'C': np.float64(0.08858667904100823), 'class_weight': 'balanced', 'dual': False, 'fit_intercept': False, 'intercept_scaling': 1, 'loss': 'squared_hinge', 'max_iter': 100, 'multi_class': 'ovr', 'penalty': 'l1', 'random_state': 42, 'tol': 0.0001, 'verbose': 0}",0.031091690063476562
Coffee,8,10,9,2,LogisticRegression,HMM_GMM,3,"{'n_components': 1, 'n_mix': 3, 'covariance_type': 'diag'}",0.58,0.5826026058913548,"{'C': np.float64(33.59818286283781), 'class_weight': 'balanced', 'dual': False, 'fit_intercept': True, 'intercept_scaling': 1, 'l1_ratio': None, 'max_iter': 100, 'multi_class': 'deprecated', 'n_jobs': None, 'penalty': 'l1', 'random_state': 42, 'solver': 'saga', 'tol': 0.0001, 'verbose': 0, 'warm_start': False}",0.05305075645446777
Coffee,8,10,9,2,KNN,HMM_GMM,4,"{'n_components': 4, 'n_mix': 3, 'covariance_type': 'diag'}",0.682,0.6870658323610571,"{'algorithm': 'auto', 'leaf_size': 30, 'metric': 'euclidean', 'metric_params': None, 'n_jobs': None, 'n_neighbors': np.int64(9), 'p': 2, 'weights': 'distance'}",0.012721538543701172
Coffee,8,10,9,2,RandomForest,HMM_GMM,4,"{'n_components': 4, 'n_mix': 3, 'covariance_type': 'diag'}",0.68,0.6773055113047532,"{'bootstrap': True, 'ccp_alpha': 0.0, 'class_weight': None, 'criterion': 'gini', 'max_depth': 30, 'max_features': 'sqrt', 'max_leaf_nodes': None, 'max_samples': None, 'min_impurity_decrease': 0.0, 'min_samples_leaf': 4, 'min_samples_split': 2, 'min_weight_fraction_leaf': 0.0, 'monotonic_cst': None, 'n_estimators': 50, 'n_jobs': None, 'oob_score': False, 'random_state': 42, 'verbose': 0, 'warm_start': False}",0.2927868366241455
Coffee,8,10,9,2,LinearSVC,HMM_GMM,4,"{'n_components': 4, 'n_mix': 3, 'covariance_type': 'diag'}",0.598,0.5977865682919241,"{'C': np.float64(0.08858667904100823), 'class_weight': None, 'dual': False, 'fit_intercept': False, 'intercept_scaling': 1, 'loss': 'squared_hinge', 'max_iter': 100, 'multi_class': 'ovr', 'penalty': 'l1', 'random_state': 42, 'tol': 0.0001, 'verbose': 0}",0.03685116767883301
Coffee,8,10,9,2,LogisticRegression,HMM_GMM,4,"{'n_components': 4, 'n_mix': 3, 'covariance_type': 'diag'}",0.598,0.5981494203156672,"{'C': np.float64(2.6366508987303554), 'class_weight': 'balanced', 'dual': False, 'fit_intercept': True, 'intercept_scaling': 1, 'l1_ratio': None, 'max_iter': 100, 'multi_class': 'deprecated', 'n_jobs': None, 'penalty': 'l1', 'random_state': 42, 'solver': 'saga', 'tol': 0.0001, 'verbose': 0, 'warm_start': False}",0.1954643726348877
Coffee,8,10,9,2,KNN,HMM_GMM,5,"{'n_components': 1, 'n_mix': 1, 'covariance_type': 'tied'}",0.748,0.7573605558553523,"{'algorithm': 'auto', 'leaf_size': 30, 'metric': 'euclidean', 'metric_params': None, 'n_jobs': None, 'n_neighbors': np.int64(9), 'p': 2, 'weights': 'distance'}",0.011833667755126953
Coffee,8,10,9,2,RandomForest,HMM_GMM,5,"{'n_components': 1, 'n_mix': 1, 'covariance_type': 'tied'}",0.772,0.7781763987646341,"{'bootstrap': True, 'ccp_alpha': 0.0, 'class_weight': 'balanced', 'criterion': 'gini', 'max_depth': None, 'max_features': 'sqrt', 'max_leaf_nodes': None, 'max_samples': None, 'min_impurity_decrease': 0.0, 'min_samples_leaf': 1, 'min_samples_split': 2, 'min_weight_fraction_leaf': 0.0, 'monotonic_cst': None, 'n_estimators': 50, 'n_jobs': None, 'oob_score': False, 'random_state': 42, 'verbose': 0, 'warm_start': False}",0.34890127182006836
Coffee,8,10,9,2,LinearSVC,HMM_GMM,5,"{'n_components': 1, 'n_mix': 1, 'covariance_type': 'tied'}",0.592,0.5924645734926369,"{'C': np.float64(33.59818286283781), 'class_weight': 'balanced', 'dual': False, 'fit_intercept': True, 'intercept_scaling': 1, 'loss': 'squared_hinge', 'max_iter': 100, 'multi_class': 'ovr', 'penalty': 'l1', 'random_state': 42, 'tol': 0.001, 'verbose': 0}",0.04753303527832031
Coffee,8,10,9,2,LogisticRegression,HMM_GMM,5,"{'n_components': 1, 'n_mix': 1, 'covariance_type': 'tied'}",0.602,0.6034910808775474,"{'C': np.float64(1000.0), 'class_weight': 'balanced', 'dual': False, 'fit_intercept': True, 'intercept_scaling': 1, 'l1_ratio': None, 'max_iter': 100, 'multi_class': 'deprecated', 'n_jobs': None, 'penalty': 'l2', 'random_state': 42, 'solver': 'sag', 'tol': 0.0001, 'verbose': 0, 'warm_start': False}",0.12885117530822754
Coffee,8,10,9,2,KNN,HMM_GMM,6,"{'n_components': 4, 'n_mix': 3, 'covariance_type': 'diag'}",0.682,0.6870658323610571,"{'algorithm': 'auto', 'leaf_size': 30, 'metric': 'euclidean', 'metric_params': None, 'n_jobs': None, 'n_neighbors': np.int64(9), 'p': 2, 'weights': 'distance'}",0.011581897735595703
Coffee,8,10,9,2,RandomForest,HMM_GMM,6,"{'n_components': 4, 'n_mix': 3, 'covariance_type': 'diag'}",0.696,0.7013672683989687,"{'bootstrap': True, 'ccp_alpha': 0.0, 'class_weight': None, 'criterion': 'gini', 'max_depth': None, 'max_features': 'sqrt', 'max_leaf_nodes': None, 'max_samples': None, 'min_impurity_decrease': 0.0, 'min_samples_leaf': 4, 'min_samples_split': 2, 'min_weight_fraction_leaf': 0.0, 'monotonic_cst': None, 'n_estimators': 50, 'n_jobs': None, 'oob_score': False, 'random_state': 42, 'verbose': 0, 'warm_start': False}",0.3158998489379883
Coffee,8,10,9,2,LinearSVC,HMM_GMM,6,"{'n_components': 4, 'n_mix': 3, 'covariance_type': 'diag'}",0.598,0.5977865682919241,"{'C': np.float64(0.08858667904100823), 'class_weight': None, 'dual': False, 'fit_intercept': False, 'intercept_scaling': 1, 'loss': 'squared_hinge', 'max_iter': 100, 'multi_class': 'ovr', 'penalty': 'l1', 'random_state': 42, 'tol': 0.0001, 'verbose': 0}",0.04082226753234863
Coffee,8,10,9,2,LogisticRegression,HMM_GMM,6,"{'n_components': 4, 'n_mix': 3, 'covariance_type': 'diag'}",0.598,0.5981494203156672,"{'C': np.float64(2.6366508987303554), 'class_weight': 'balanced', 'dual': False, 'fit_intercept': True, 'intercept_scaling': 1, 'l1_ratio': None, 'max_iter': 100, 'multi_class': 'deprecated', 'n_jobs': None, 'penalty': 'l1', 'random_state': 42, 'solver': 'saga', 'tol': 0.0001, 'verbose': 0, 'warm_start': False}",0.19721770286560059
Coffee,8,10,9,2,KNN,HMM_GMM,7,"{'n_components': 2, 'n_mix': 5, 'covariance_type': 'diag'}",0.628,0.6322372004564165,"{'algorithm': 'auto', 'leaf_size': 30, 'metric': 'chebyshev', 'metric_params': None, 'n_jobs': None, 'n_neighbors': np.int64(5), 'p': 2, 'weights': 'uniform'}",0.057158470153808594
Coffee,8,10,9,2,RandomForest,HMM_GMM,7,"{'n_components': 2, 'n_mix': 5, 'covariance_type': 'diag'}",0.692,0.69700074218438,"{'bootstrap': True, 'ccp_alpha': 0.0, 'class_weight': 'balanced', 'criterion': 'gini', 'max_depth': None, 'max_features': 'sqrt', 'max_leaf_nodes': None, 'max_samples': None, 'min_impurity_decrease': 0.0, 'min_samples_leaf': 4, 'min_samples_split': 2, 'min_weight_fraction_leaf': 0.0, 'monotonic_cst': None, 'n_estimators': 50, 'n_jobs': None, 'oob_score': False, 'random_state': 42, 'verbose': 0, 'warm_start': False}",0.3108234405517578
Coffee,8,10,9,2,LinearSVC,HMM_GMM,7,"{'n_components': 2, 'n_mix': 5, 'covariance_type': 'diag'}",0.59,0.5906896091770041,"{'C': np.float64(183.29807108324337), 'class_weight': None, 'dual': False, 'fit_intercept': False, 'intercept_scaling': 1, 'loss': 'squared_hinge', 'max_iter': 100, 'multi_class': 'ovr', 'penalty': 'l2', 'random_state': 42, 'tol': 0.001, 'verbose': 0}",0.013104915618896484
Coffee,8,10,9,2,LogisticRegression,HMM_GMM,7,"{'n_components': 2, 'n_mix': 5, 'covariance_type': 'diag'}",0.592,0.5933039882619714,"{'C': np.float64(33.59818286283781), 'class_weight': 'balanced', 'dual': False, 'fit_intercept': True, 'intercept_scaling': 1, 'l1_ratio': None, 'max_iter': 100, 'multi_class': 'deprecated', 'n_jobs': None, 'penalty': 'l2', 'random_state': 42, 'solver': 'saga', 'tol': 0.0001, 'verbose': 0, 'warm_start': False}",0.06749963760375977
Coffee,8,10,9,2,KNN,HMM_GMM,8,"{'n_components': 1, 'n_mix': 3, 'covariance_type': 'full'}",0.636,0.6376858548871953,"{'algorithm': 'auto', 'leaf_size': 30, 'metric': 'euclidean', 'metric_params': None, 'n_jobs': None, 'n_neighbors': np.int64(9), 'p': 2, 'weights': 'distance'}",0.011583566665649414
Coffee,8,10,9,2,RandomForest,HMM_GMM,8,"{'n_components': 1, 'n_mix': 3, 'covariance_type': 'full'}",0.612,0.615402460110759,"{'bootstrap': True, 'ccp_alpha': 0.0, 'class_weight': 'balanced', 'criterion': 'gini', 'max_depth': None, 'max_features': 'sqrt', 'max_leaf_nodes': None, 'max_samples': None, 'min_impurity_decrease': 0.0, 'min_samples_leaf': 2, 'min_samples_split': 2, 'min_weight_fraction_leaf': 0.0, 'monotonic_cst': None, 'n_estimators': 150, 'n_jobs': None, 'oob_score': False, 'random_state': 42, 'verbose': 0, 'warm_start': False}",1.002655029296875
Coffee,8,10,9,2,LinearSVC,HMM_GMM,8,"{'n_components': 1, 'n_mix': 3, 'covariance_type': 'full'}",0.592,0.5924645734926369,"{'C': np.float64(33.59818286283781), 'class_weight': None, 'dual': False, 'fit_intercept': True, 'intercept_scaling': 1, 'loss': 'squared_hinge', 'max_iter': 100, 'multi_class': 'ovr', 'penalty': 'l1', 'random_state': 42, 'tol': 0.001, 'verbose': 0}",0.051197052001953125
Coffee,8,10,9,2,LogisticRegression,HMM_GMM,8,"{'n_components': 1, 'n_mix': 3, 'covariance_type': 'full'}",0.55,0.5557188628436167,"{'C': np.float64(6.1584821106602545), 'class_weight': 'balanced', 'dual': False, 'fit_intercept': False, 'intercept_scaling': 1, 'l1_ratio': None, 'max_iter': 100, 'multi_class': 'deprecated', 'n_jobs': None, 'penalty': 'l2', 'random_state': 42, 'solver': 'lbfgs', 'tol': 0.0001, 'verbose': 0, 'warm_start': False}",0.17391538619995117
Coffee,8,10,9,2,KNN,HMM_GMM,9,"{'n_components': 5, 'n_mix': 1, 'covariance_type': 'diag'}",0.688,0.6764180151379496,"{'algorithm': 'auto', 'leaf_size': 30, 'metric': 'chebyshev', 'metric_params': None, 'n_jobs': None, 'n_neighbors': np.int64(5), 'p': 2, 'weights': 'uniform'}",0.029338359832763672
Coffee,8,10,9,2,RandomForest,HMM_GMM,9,"{'n_components': 5, 'n_mix': 1, 'covariance_type': 'diag'}",0.76,0.760900900900901,"{'bootstrap': True, 'ccp_alpha': 0.0, 'class_weight': 'balanced', 'criterion': 'gini', 'max_depth': 30, 'max_features': 'sqrt', 'max_leaf_nodes': None, 'max_samples': None, 'min_impurity_decrease': 0.0, 'min_samples_leaf': 1, 'min_samples_split': 2, 'min_weight_fraction_leaf': 0.0, 'monotonic_cst': None, 'n_estimators': 150, 'n_jobs': None, 'oob_score': False, 'random_state': 42, 'verbose': 0, 'warm_start': False}",1.020200490951538
Coffee,8,10,9,2,LinearSVC,HMM_GMM,9,"{'n_components': 5, 'n_mix': 1, 'covariance_type': 'diag'}",0.586,0.5871375200142324,"{'C': np.float64(0.08858667904100823), 'class_weight': 'balanced', 'dual': False, 'fit_intercept': False, 'intercept_scaling': 1, 'loss': 'squared_hinge', 'max_iter': 100, 'multi_class': 'ovr', 'penalty': 'l1', 'random_state': 42, 'tol': 0.0001, 'verbose': 0}",0.03264594078063965
Coffee,8,10,9,2,LogisticRegression,HMM_GMM,9,"{'n_components': 5, 'n_mix': 1, 'covariance_type': 'diag'}",0.436,0.455792646172393,"{'C': np.float64(33.59818286283781), 'class_weight': None, 'dual': False, 'fit_intercept': True, 'intercept_scaling': 1, 'l1_ratio': None, 'max_iter': 100, 'multi_class': 'deprecated', 'n_jobs': None, 'penalty': 'l2', 'random_state': 42, 'solver': 'saga', 'tol': 0.0001, 'verbose': 0, 'warm_start': False}",0.0570371150970459
Coffee,8,10,9,2,KNN,HMM_GMM,10,"{'n_components': 3, 'n_mix': 5, 'covariance_type': 'diag'}",0.62,0.626100907326359,"{'algorithm': 'auto', 'leaf_size': 30, 'metric': 'euclidean', 'metric_params': None, 'n_jobs': None, 'n_neighbors': np.int64(9), 'p': 2, 'weights': 'distance'}",0.011032819747924805
Coffee,8,10,9,2,RandomForest,HMM_GMM,10,"{'n_components': 3, 'n_mix': 5, 'covariance_type': 'diag'}",0.718,0.7237618842836697,"{'bootstrap': True, 'ccp_alpha': 0.0, 'class_weight': 'balanced', 'criterion': 'gini', 'max_depth': None, 'max_features': 'sqrt', 'max_leaf_nodes': None, 'max_samples': None, 'min_impurity_decrease': 0.0, 'min_samples_leaf': 1, 'min_samples_split': 2, 'min_weight_fraction_leaf': 0.0, 'monotonic_cst': None, 'n_estimators': 50, 'n_jobs': None, 'oob_score': False, 'random_state': 42, 'verbose': 0, 'warm_start': False}",0.30370664596557617
Coffee,8,10,9,2,LinearSVC,HMM_GMM,10,"{'n_components': 3, 'n_mix': 5, 'covariance_type': 'diag'}",0.592,0.5924645734926369,"{'C': np.float64(0.08858667904100823), 'class_weight': None, 'dual': False, 'fit_intercept': False, 'intercept_scaling': 1, 'loss': 'squared_hinge', 'max_iter': 100, 'multi_class': 'ovr', 'penalty': 'l1', 'random_state': 42, 'tol': 0.0001, 'verbose': 0}",0.03616905212402344
Coffee,8,10,9,2,LogisticRegression,HMM_GMM,10,"{'n_components': 3, 'n_mix': 5, 'covariance_type': 'diag'}",0.59,0.5918811795156869,"{'C': np.float64(2.6366508987303554), 'class_weight': 'balanced', 'dual': False, 'fit_intercept': True, 'intercept_scaling': 1, 'l1_ratio': None, 'max_iter': 100, 'multi_class': 'deprecated', 'n_jobs': None, 'penalty': 'l1', 'random_state': 42, 'solver': 'saga', 'tol': 0.0001, 'verbose': 0, 'warm_start': False}",0.18646669387817383
Coffee,8,10,9,3,KNN,HMM_GMM,1,"{'n_components': 2, 'n_mix': 1, 'covariance_type': 'diag'}",0.678,0.6726663447741552,"{'algorithm': 'auto', 'leaf_size': 30, 'metric': 'minkowski', 'metric_params': None, 'n_jobs': None, 'n_neighbors': np.int64(13), 'p': 4, 'weights': 'distance'}",0.04097795486450195
Coffee,8,10,9,3,RandomForest,HMM_GMM,1,"{'n_components': 2, 'n_mix': 1, 'covariance_type': 'diag'}",0.698,0.6819373918086364,"{'bootstrap': True, 'ccp_alpha': 0.0, 'class_weight': None, 'criterion': 'gini', 'max_depth': 30, 'max_features': 'sqrt', 'max_leaf_nodes': None, 'max_samples': None, 'min_impurity_decrease': 0.0, 'min_samples_leaf': 4, 'min_samples_split': 2, 'min_weight_fraction_leaf': 0.0, 'monotonic_cst': None, 'n_estimators': 50, 'n_jobs': None, 'oob_score': False, 'random_state': 42, 'verbose': 0, 'warm_start': False}",0.4180443286895752
Coffee,8,10,9,3,LinearSVC,HMM_GMM,1,"{'n_components': 2, 'n_mix': 1, 'covariance_type': 'diag'}",0.582,0.5799228710629246,"{'C': np.float64(33.59818286283781), 'class_weight': 'balanced', 'dual': False, 'fit_intercept': True, 'intercept_scaling': 1, 'loss': 'squared_hinge', 'max_iter': 100, 'multi_class': 'ovr', 'penalty': 'l1', 'random_state': 42, 'tol': 0.001, 'verbose': 0}",0.04359555244445801
Coffee,8,10,9,3,LogisticRegression,HMM_GMM,1,"{'n_components': 2, 'n_mix': 1, 'covariance_type': 'diag'}",0.55,0.5531319301051758,"{'C': np.float64(183.29807108324337), 'class_weight': None, 'dual': False, 'fit_intercept': True, 'intercept_scaling': 1, 'l1_ratio': None, 'max_iter': 100, 'multi_class': 'deprecated', 'n_jobs': None, 'penalty': 'l2', 'random_state': 42, 'solver': 'saga', 'tol': 0.0001, 'verbose': 0, 'warm_start': False}",0.0773000717163086
Coffee,8,10,9,3,KNN,HMM_GMM,2,"{'n_components': 2, 'n_mix': 4, 'covariance_type': 'tied'}",0.714,0.7166364830794361,"{'algorithm': 'auto', 'leaf_size': 30, 'metric': 'chebyshev', 'metric_params': None, 'n_jobs': None, 'n_neighbors': np.int64(5), 'p': 2, 'weights': 'uniform'}",0.02893376350402832
Coffee,8,10,9,3,RandomForest,HMM_GMM,2,"{'n_components': 2, 'n_mix': 4, 'covariance_type': 'tied'}",0.706,0.7133116659548668,"{'bootstrap': True, 'ccp_alpha': 0.0, 'class_weight': 'balanced', 'criterion': 'gini', 'max_depth': None, 'max_features': 'sqrt', 'max_leaf_nodes': None, 'max_samples': None, 'min_impurity_decrease': 0.0, 'min_samples_leaf': 2, 'min_samples_split': 2, 'min_weight_fraction_leaf': 0.0, 'monotonic_cst': None, 'n_estimators': 150, 'n_jobs': None, 'oob_score': False, 'random_state': 42, 'verbose': 0, 'warm_start': False}",1.0758957862854004
Coffee,8,10,9,3,LinearSVC,HMM_GMM,2,"{'n_components': 2, 'n_mix': 4, 'covariance_type': 'tied'}",0.608,0.6102894628366319,"{'C': np.float64(1000.0), 'class_weight': 'balanced', 'dual': False, 'fit_intercept': True, 'intercept_scaling': 1, 'loss': 'squared_hinge', 'max_iter': 100, 'multi_class': 'ovr', 'penalty': 'l2', 'random_state': 42, 'tol': 0.001, 'verbose': 0}",0.025239229202270508
Coffee,8,10,9,3,LogisticRegression,HMM_GMM,2,"{'n_components': 2, 'n_mix': 4, 'covariance_type': 'tied'}",0.608,0.6096769644962612,"{'C': np.float64(1000.0), 'class_weight': 'balanced', 'dual': False, 'fit_intercept': True, 'intercept_scaling': 1, 'l1_ratio': None, 'max_iter': 100, 'multi_class': 'deprecated', 'n_jobs': None, 'penalty': 'l2', 'random_state': 42, 'solver': 'sag', 'tol': 0.0001, 'verbose': 0, 'warm_start': False}",0.19530582427978516
Coffee,8,10,9,3,KNN,HMM_GMM,3,"{'n_components': 1, 'n_mix': 3, 'covariance_type': 'diag'}",0.676,0.6599792601242928,"{'algorithm': 'auto', 'leaf_size': 30, 'metric': 'chebyshev', 'metric_params': None, 'n_jobs': None, 'n_neighbors': np.int64(5), 'p': 2, 'weights': 'uniform'}",0.029218673706054688
Coffee,8,10,9,3,RandomForest,HMM_GMM,3,"{'n_components': 1, 'n_mix': 3, 'covariance_type': 'diag'}",0.72,0.7235901674094865,"{'bootstrap': True, 'ccp_alpha': 0.0, 'class_weight': 'balanced', 'criterion': 'gini', 'max_depth': None, 'max_features': 'sqrt', 'max_leaf_nodes': None, 'max_samples': None, 'min_impurity_decrease': 0.0, 'min_samples_leaf': 2, 'min_samples_split': 20, 'min_weight_fraction_leaf': 0.0, 'monotonic_cst': None, 'n_estimators': 150, 'n_jobs': None, 'oob_score': False, 'random_state': 42, 'verbose': 0, 'warm_start': False}",1.066943883895874
Coffee,8,10,9,3,LinearSVC,HMM_GMM,3,"{'n_components': 1, 'n_mix': 3, 'covariance_type': 'diag'}",0.574,0.5739435985283504,"{'C': np.float64(1000.0), 'class_weight': 'balanced', 'dual': False, 'fit_intercept': True, 'intercept_scaling': 1, 'loss': 'squared_hinge', 'max_iter': 100, 'multi_class': 'ovr', 'penalty': 'l2', 'random_state': 42, 'tol': 0.001, 'verbose': 0}",0.017760038375854492
Coffee,8,10,9,3,LogisticRegression,HMM_GMM,3,"{'n_components': 1, 'n_mix': 3, 'covariance_type': 'diag'}",0.564,0.568176828919373,"{'C': np.float64(33.59818286283781), 'class_weight': None, 'dual': False, 'fit_intercept': True, 'intercept_scaling': 1, 'l1_ratio': None, 'max_iter': 100, 'multi_class': 'deprecated', 'n_jobs': None, 'penalty': 'l2', 'random_state': 42, 'solver': 'saga', 'tol': 0.0001, 'verbose': 0, 'warm_start': False}",0.03632402420043945
Coffee,8,10,9,3,KNN,HMM_GMM,4,"{'n_components': 4, 'n_mix': 3, 'covariance_type': 'diag'}",0.676,0.6800098608943173,"{'algorithm': 'auto', 'leaf_size': 30, 'metric': 'minkowski', 'metric_params': None, 'n_jobs': None, 'n_neighbors': np.int64(13), 'p': 4, 'weights': 'distance'}",0.04092288017272949
Coffee,8,10,9,3,RandomForest,HMM_GMM,4,"{'n_components': 4, 'n_mix': 3, 'covariance_type': 'diag'}",0.716,0.719833700171191,"{'bootstrap': True, 'ccp_alpha': 0.0, 'class_weight': None, 'criterion': 'gini', 'max_depth': 10, 'max_features': 'sqrt', 'max_leaf_nodes': None, 'max_samples': None, 'min_impurity_decrease': 0.0, 'min_samples_leaf': 4, 'min_samples_split': 2, 'min_weight_fraction_leaf': 0.0, 'monotonic_cst': None, 'n_estimators': 50, 'n_jobs': None, 'oob_score': False, 'random_state': 42, 'verbose': 0, 'warm_start': False}",0.3268613815307617
Coffee,8,10,9,3,LinearSVC,HMM_GMM,4,"{'n_components': 4, 'n_mix': 3, 'covariance_type': 'diag'}",0.596,0.5965003670007984,"{'C': np.float64(1000.0), 'class_weight': 'balanced', 'dual': False, 'fit_intercept': True, 'intercept_scaling': 1, 'loss': 'squared_hinge', 'max_iter': 100, 'multi_class': 'ovr', 'penalty': 'l2', 'random_state': 42, 'tol': 0.001, 'verbose': 0}",0.020093202590942383
Coffee,8,10,9,3,LogisticRegression,HMM_GMM,4,"{'n_components': 4, 'n_mix': 3, 'covariance_type': 'diag'}",0.592,0.5935459868843818,"{'C': np.float64(2.6366508987303554), 'class_weight': 'balanced', 'dual': False, 'fit_intercept': True, 'intercept_scaling': 1, 'l1_ratio': None, 'max_iter': 100, 'multi_class': 'deprecated', 'n_jobs': None, 'penalty': 'l1', 'random_state': 42, 'solver': 'saga', 'tol': 0.0001, 'verbose': 0, 'warm_start': False}",0.2629694938659668
Coffee,8,10,9,3,KNN,HMM_GMM,5,"{'n_components': 1, 'n_mix': 1, 'covariance_type': 'tied'}",0.72,0.7308927030304476,"{'algorithm': 'auto', 'leaf_size': 30, 'metric': 'minkowski', 'metric_params': None, 'n_jobs': None, 'n_neighbors': np.int64(13), 'p': 4, 'weights': 'distance'}",0.032181501388549805
Coffee,8,10,9,3,RandomForest,HMM_GMM,5,"{'n_components': 1, 'n_mix': 1, 'covariance_type': 'tied'}",0.726,0.7344976639227029,"{'bootstrap': True, 'ccp_alpha': 0.0, 'class_weight': 'balanced', 'criterion': 'gini', 'max_depth': None, 'max_features': 'sqrt', 'max_leaf_nodes': None, 'max_samples': None, 'min_impurity_decrease': 0.0, 'min_samples_leaf': 2, 'min_samples_split': 2, 'min_weight_fraction_leaf': 0.0, 'monotonic_cst': None, 'n_estimators': 150, 'n_jobs': None, 'oob_score': False, 'random_state': 42, 'verbose': 0, 'warm_start': False}",1.4779024124145508
Coffee,8,10,9,3,LinearSVC,HMM_GMM,5,"{'n_components': 1, 'n_mix': 1, 'covariance_type': 'tied'}",0.592,0.5929451362235276,"{'C': np.float64(33.59818286283781), 'class_weight': 'balanced', 'dual': False, 'fit_intercept': True, 'intercept_scaling': 1, 'loss': 'squared_hinge', 'max_iter': 100, 'multi_class': 'ovr', 'penalty': 'l1', 'random_state': 42, 'tol': 0.001, 'verbose': 0}",0.07064986228942871
Coffee,8,10,9,3,LogisticRegression,HMM_GMM,5,"{'n_components': 1, 'n_mix': 1, 'covariance_type': 'tied'}",0.588,0.5893871865459632,"{'C': np.float64(0.4832930238571752), 'class_weight': 'balanced', 'dual': False, 'fit_intercept': True, 'intercept_scaling': 1, 'l1_ratio': None, 'max_iter': 100, 'multi_class': 'deprecated', 'n_jobs': None, 'penalty': 'l2', 'random_state': 42, 'solver': 'lbfgs', 'tol': 0.0001, 'verbose': 0, 'warm_start': False}",0.10610175132751465
Coffee,8,10,9,3,KNN,HMM_GMM,6,"{'n_components': 4, 'n_mix': 3, 'covariance_type': 'diag'}",0.676,0.6802617591134204,"{'algorithm': 'auto', 'leaf_size': 30, 'metric': 'minkowski', 'metric_params': None, 'n_jobs': None, 'n_neighbors': np.int64(13), 'p': 4, 'weights': 'distance'}",0.037703514099121094
Coffee,8,10,9,3,RandomForest,HMM_GMM,6,"{'n_components': 4, 'n_mix': 3, 'covariance_type': 'diag'}",0.724,0.727990151135849,"{'bootstrap': True, 'ccp_alpha': 0.0, 'class_weight': 'balanced', 'criterion': 'gini', 'max_depth': None, 'max_features': 'sqrt', 'max_leaf_nodes': None, 'max_samples': None, 'min_impurity_decrease': 0.0, 'min_samples_leaf': 1, 'min_samples_split': 2, 'min_weight_fraction_leaf': 0.0, 'monotonic_cst': None, 'n_estimators': 50, 'n_jobs': None, 'oob_score': False, 'random_state': 42, 'verbose': 0, 'warm_start': False}",0.3578214645385742
Coffee,8,10,9,3,LinearSVC,HMM_GMM,6,"{'n_components': 4, 'n_mix': 3, 'covariance_type': 'diag'}",0.594,0.5941283435371522,"{'C': np.float64(1000.0), 'class_weight': 'balanced', 'dual': False, 'fit_intercept': True, 'intercept_scaling': 1, 'loss': 'squared_hinge', 'max_iter': 100, 'multi_class': 'ovr', 'penalty': 'l2', 'random_state': 42, 'tol': 0.001, 'verbose': 0}",0.021528005599975586
Coffee,8,10,9,3,LogisticRegression,HMM_GMM,6,"{'n_components': 4, 'n_mix': 3, 'covariance_type': 'diag'}",0.592,0.5935459868843818,"{'C': np.float64(2.6366508987303554), 'class_weight': 'balanced', 'dual': False, 'fit_intercept': True, 'intercept_scaling': 1, 'l1_ratio': None, 'max_iter': 100, 'multi_class': 'deprecated', 'n_jobs': None, 'penalty': 'l1', 'random_state': 42, 'solver': 'saga', 'tol': 0.0001, 'verbose': 0, 'warm_start': False}",0.27089571952819824
Coffee,8,10,9,3,KNN,HMM_GMM,7,"{'n_components': 2, 'n_mix': 5, 'covariance_type': 'diag'}",0.606,0.6093860305092151,"{'algorithm': 'auto', 'leaf_size': 30, 'metric': 'minkowski', 'metric_params': None, 'n_jobs': None, 'n_neighbors': np.int64(13), 'p': 4, 'weights': 'distance'}",0.06360626220703125
Coffee,8,10,9,3,RandomForest,HMM_GMM,7,"{'n_components': 2, 'n_mix': 5, 'covariance_type': 'diag'}",0.674,0.6793874241296921,"{'bootstrap': True, 'ccp_alpha': 0.0, 'class_weight': 'balanced', 'criterion': 'gini', 'max_depth': None, 'max_features': 'sqrt', 'max_leaf_nodes': None, 'max_samples': None, 'min_impurity_decrease': 0.0, 'min_samples_leaf': 2, 'min_samples_split': 2, 'min_weight_fraction_leaf': 0.0, 'monotonic_cst': None, 'n_estimators': 150, 'n_jobs': None, 'oob_score': False, 'random_state': 42, 'verbose': 0, 'warm_start': False}",1.0882282257080078
Coffee,8,10,9,3,LinearSVC,HMM_GMM,7,"{'n_components': 2, 'n_mix': 5, 'covariance_type': 'diag'}",0.576,0.5779260543058005,"{'C': np.float64(2.6366508987303554), 'class_weight': 'balanced', 'dual': False, 'fit_intercept': True, 'intercept_scaling': 1, 'loss': 'squared_hinge', 'max_iter': 100, 'multi_class': 'ovr', 'penalty': 'l1', 'random_state': 42, 'tol': 0.0001, 'verbose': 0}",0.06756901741027832
Coffee,8,10,9,3,LogisticRegression,HMM_GMM,7,"{'n_components': 2, 'n_mix': 5, 'covariance_type': 'diag'}",0.586,0.5872717879618916,"{'C': np.float64(33.59818286283781), 'class_weight': 'balanced', 'dual': False, 'fit_intercept': True, 'intercept_scaling': 1, 'l1_ratio': None, 'max_iter': 100, 'multi_class': 'deprecated', 'n_jobs': None, 'penalty': 'l2', 'random_state': 42, 'solver': 'saga', 'tol': 0.0001, 'verbose': 0, 'warm_start': False}",0.05291008949279785
Coffee,8,10,9,3,KNN,HMM_GMM,8,"{'n_components': 1, 'n_mix': 3, 'covariance_type': 'full'}",0.682,0.678635025655859,"{'algorithm': 'auto', 'leaf_size': 30, 'metric': 'chebyshev', 'metric_params': None, 'n_jobs': None, 'n_neighbors': np.int64(5), 'p': 2, 'weights': 'uniform'}",0.02839946746826172
Coffee,8,10,9,3,RandomForest,HMM_GMM,8,"{'n_components': 1, 'n_mix': 3, 'covariance_type': 'full'}",0.626,0.6256805439708903,"{'bootstrap': True, 'ccp_alpha': 0.0, 'class_weight': None, 'criterion': 'gini', 'max_depth': 20, 'max_features': 'sqrt', 'max_leaf_nodes': None, 'max_samples': None, 'min_impurity_decrease': 0.0, 'min_samples_leaf': 4, 'min_samples_split': 5, 'min_weight_fraction_leaf': 0.0, 'monotonic_cst': None, 'n_estimators': 150, 'n_jobs': None, 'oob_score': False, 'random_state': 42, 'verbose': 0, 'warm_start': False}",1.0628485679626465
Coffee,8,10,9,3,LinearSVC,HMM_GMM,8,"{'n_components': 1, 'n_mix': 3, 'covariance_type': 'full'}",0.592,0.5924645734926369,"{'C': np.float64(2.6366508987303554), 'class_weight': 'balanced', 'dual': False, 'fit_intercept': True, 'intercept_scaling': 1, 'loss': 'squared_hinge', 'max_iter': 100, 'multi_class': 'ovr', 'penalty': 'l1', 'random_state': 42, 'tol': 0.0001, 'verbose': 0}",0.06999921798706055
Coffee,8,10,9,3,LogisticRegression,HMM_GMM,8,"{'n_components': 1, 'n_mix': 3, 'covariance_type': 'full'}",0.6,0.6020618009015398,"{'C': np.float64(33.59818286283781), 'class_weight': 'balanced', 'dual': False, 'fit_intercept': True, 'intercept_scaling': 1, 'l1_ratio': None, 'max_iter': 100, 'multi_class': 'deprecated', 'n_jobs': None, 'penalty': 'l2', 'random_state': 42, 'solver': 'saga', 'tol': 0.0001, 'verbose': 0, 'warm_start': False}",0.221726655960083
Coffee,8,10,9,3,KNN,HMM_GMM,9,"{'n_components': 5, 'n_mix': 1, 'covariance_type': 'diag'}",0.68,0.6824170292597767,"{'algorithm': 'auto', 'leaf_size': 30, 'metric': 'euclidean', 'metric_params': None, 'n_jobs': None, 'n_neighbors': np.int64(9), 'p': 2, 'weights': 'distance'}",0.016358613967895508
Coffee,8,10,9,3,RandomForest,HMM_GMM,9,"{'n_components': 5, 'n_mix': 1, 'covariance_type': 'diag'}",0.76,0.7616562833405955,"{'bootstrap': True, 'ccp_alpha': 0.0, 'class_weight': 'balanced', 'criterion': 'gini', 'max_depth': None, 'max_features': 'sqrt', 'max_leaf_nodes': None, 'max_samples': None, 'min_impurity_decrease': 0.0, 'min_samples_leaf': 1, 'min_samples_split': 2, 'min_weight_fraction_leaf': 0.0, 'monotonic_cst': None, 'n_estimators': 50, 'n_jobs': None, 'oob_score': False, 'random_state': 42, 'verbose': 0, 'warm_start': False}",0.3779270648956299
Coffee,8,10,9,3,LinearSVC,HMM_GMM,9,"{'n_components': 5, 'n_mix': 1, 'covariance_type': 'diag'}",0.454,0.4627120326879749,"{'C': np.float64(1000.0), 'class_weight': 'balanced', 'dual': False, 'fit_intercept': True, 'intercept_scaling': 1, 'loss': 'squared_hinge', 'max_iter': 100, 'multi_class': 'ovr', 'penalty': 'l2', 'random_state': 42, 'tol': 0.001, 'verbose': 0}",0.01848125457763672
Coffee,8,10,9,3,LogisticRegression,HMM_GMM,9,"{'n_components': 5, 'n_mix': 1, 'covariance_type': 'diag'}",0.416,0.4285702038279358,"{'C': np.float64(2.6366508987303554), 'class_weight': 'balanced', 'dual': False, 'fit_intercept': True, 'intercept_scaling': 1, 'l1_ratio': None, 'max_iter': 100, 'multi_class': 'deprecated', 'n_jobs': None, 'penalty': 'l1', 'random_state': 42, 'solver': 'saga', 'tol': 0.0001, 'verbose': 0, 'warm_start': False}",0.2672393321990967
Coffee,8,10,9,3,KNN,HMM_GMM,10,"{'n_components': 3, 'n_mix': 5, 'covariance_type': 'diag'}",0.578,0.5791741144813144,"{'algorithm': 'auto', 'leaf_size': 30, 'metric': 'minkowski', 'metric_params': None, 'n_jobs': None, 'n_neighbors': np.int64(13), 'p': 4, 'weights': 'distance'}",0.04046058654785156
Coffee,8,10,9,3,RandomForest,HMM_GMM,10,"{'n_components': 3, 'n_mix': 5, 'covariance_type': 'diag'}",0.7,0.7068758053513227,"{'bootstrap': True, 'ccp_alpha': 0.0, 'class_weight': 'balanced', 'criterion': 'gini', 'max_depth': None, 'max_features': 'sqrt', 'max_leaf_nodes': None, 'max_samples': None, 'min_impurity_decrease': 0.0, 'min_samples_leaf': 2, 'min_samples_split': 2, 'min_weight_fraction_leaf': 0.0, 'monotonic_cst': None, 'n_estimators': 150, 'n_jobs': None, 'oob_score': False, 'random_state': 42, 'verbose': 0, 'warm_start': False}",1.025071382522583
Coffee,8,10,9,3,LinearSVC,HMM_GMM,10,"{'n_components': 3, 'n_mix': 5, 'covariance_type': 'diag'}",0.58,0.5822593291001732,"{'C': np.float64(33.59818286283781), 'class_weight': 'balanced', 'dual': False, 'fit_intercept': True, 'intercept_scaling': 1, 'loss': 'squared_hinge', 'max_iter': 100, 'multi_class': 'ovr', 'penalty': 'l1', 'random_state': 42, 'tol': 0.001, 'verbose': 0}",0.07004070281982422
Coffee,8,10,9,3,LogisticRegression,HMM_GMM,10,"{'n_components': 3, 'n_mix': 5, 'covariance_type': 'diag'}",0.58,0.5843401607466944,"{'C': np.float64(1000.0), 'class_weight': 'balanced', 'dual': False, 'fit_intercept': True, 'intercept_scaling': 1, 'l1_ratio': None, 'max_iter': 100, 'multi_class': 'deprecated', 'n_jobs': None, 'penalty': 'l2', 'random_state': 42, 'solver': 'sag', 'tol': 0.0001, 'verbose': 0, 'warm_start': False}",0.05967307090759277
Coffee,8,10,9,5,KNN,HMM_GMM,1,"{'n_components': 2, 'n_mix': 1, 'covariance_type': 'diag'}",0.674,0.6642906736773623,"{'algorithm': 'auto', 'leaf_size': 30, 'metric': 'minkowski', 'metric_params': None, 'n_jobs': None, 'n_neighbors': 5, 'p': 2, 'weights': 'uniform'}",0.040265798568725586
Coffee,8,10,9,5,RandomForest,HMM_GMM,1,"{'n_components': 2, 'n_mix': 1, 'covariance_type': 'diag'}",0.694,0.6739929824561405,"{'bootstrap': True, 'ccp_alpha': 0.0, 'class_weight': None, 'criterion': 'gini', 'max_depth': None, 'max_features': 'sqrt', 'max_leaf_nodes': None, 'max_samples': None, 'min_impurity_decrease': 0.0, 'min_samples_leaf': 1, 'min_samples_split': 2, 'min_weight_fraction_leaf': 0.0, 'monotonic_cst': None, 'n_estimators': 100, 'n_jobs': None, 'oob_score': False, 'random_state': 42, 'verbose': 0, 'warm_start': False}",0.9575016498565674
Coffee,8,10,9,5,LinearSVC,HMM_GMM,1,"{'n_components': 2, 'n_mix': 1, 'covariance_type': 'diag'}",0.584,0.582790766959297,"{'C': 1.0, 'class_weight': None, 'dual': False, 'fit_intercept': True, 'intercept_scaling': 1, 'loss': 'squared_hinge', 'max_iter': 100, 'multi_class': 'ovr', 'penalty': 'l2', 'random_state': 42, 'tol': 0.0001, 'verbose': 0}",0.03351569175720215
Coffee,8,10,9,5,LogisticRegression,HMM_GMM,1,"{'n_components': 2, 'n_mix': 1, 'covariance_type': 'diag'}",0.53,0.5365481494775907,"{'C': 1.0, 'class_weight': None, 'dual': False, 'fit_intercept': True, 'intercept_scaling': 1, 'l1_ratio': None, 'max_iter': 100, 'multi_class': 'deprecated', 'n_jobs': None, 'penalty': 'l2', 'random_state': 42, 'solver': 'lbfgs', 'tol': 0.0001, 'verbose': 0, 'warm_start': False}",0.05358123779296875
Coffee,8,10,9,5,KNN,HMM_GMM,2,"{'n_components': 2, 'n_mix': 4, 'covariance_type': 'tied'}",0.676,0.6742730268978575,"{'algorithm': 'auto', 'leaf_size': 30, 'metric': 'minkowski', 'metric_params': None, 'n_jobs': None, 'n_neighbors': 5, 'p': 2, 'weights': 'uniform'}",0.037606239318847656
Coffee,8,10,9,5,RandomForest,HMM_GMM,2,"{'n_components': 2, 'n_mix': 4, 'covariance_type': 'tied'}",0.708,0.715822559793148,"{'bootstrap': True, 'ccp_alpha': 0.0, 'class_weight': None, 'criterion': 'gini', 'max_depth': None, 'max_features': 'sqrt', 'max_leaf_nodes': None, 'max_samples': None, 'min_impurity_decrease': 0.0, 'min_samples_leaf': 1, 'min_samples_split': 2, 'min_weight_fraction_leaf': 0.0, 'monotonic_cst': None, 'n_estimators': 100, 'n_jobs': None, 'oob_score': False, 'random_state': 42, 'verbose': 0, 'warm_start': False}",0.9437255859375
Coffee,8,10,9,5,LinearSVC,HMM_GMM,2,"{'n_components': 2, 'n_mix': 4, 'covariance_type': 'tied'}",0.616,0.6190049008070264,"{'C': 1.0, 'class_weight': None, 'dual': False, 'fit_intercept': True, 'intercept_scaling': 1, 'loss': 'squared_hinge', 'max_iter': 100, 'multi_class': 'ovr', 'penalty': 'l2', 'random_state': 42, 'tol': 0.0001, 'verbose': 0}",0.0486299991607666
Coffee,8,10,9,5,LogisticRegression,HMM_GMM,2,"{'n_components': 2, 'n_mix': 4, 'covariance_type': 'tied'}",0.588,0.5915496982820212,"{'C': 1.0, 'class_weight': None, 'dual': False, 'fit_intercept': True, 'intercept_scaling': 1, 'l1_ratio': None, 'max_iter': 100, 'multi_class': 'deprecated', 'n_jobs': None, 'penalty': 'l2', 'random_state': 42, 'solver': 'lbfgs', 'tol': 0.0001, 'verbose': 0, 'warm_start': False}",0.22345924377441406
Coffee,8,10,9,5,KNN,HMM_GMM,3,"{'n_components': 1, 'n_mix': 3, 'covariance_type': 'diag'}",0.676,0.6754449323327333,"{'algorithm': 'auto', 'leaf_size': 30, 'metric': 'minkowski', 'metric_params': None, 'n_jobs': None, 'n_neighbors': 5, 'p': 2, 'weights': 'uniform'}",0.0497126579284668
Coffee,8,10,9,5,RandomForest,HMM_GMM,3,"{'n_components': 1, 'n_mix': 3, 'covariance_type': 'diag'}",0.75,0.7503141943365408,"{'bootstrap': True, 'ccp_alpha': 0.0, 'class_weight': None, 'criterion': 'gini', 'max_depth': None, 'max_features': 'sqrt', 'max_leaf_nodes': None, 'max_samples': None, 'min_impurity_decrease': 0.0, 'min_samples_leaf': 1, 'min_samples_split': 2, 'min_weight_fraction_leaf': 0.0, 'monotonic_cst': None, 'n_estimators': 100, 'n_jobs': None, 'oob_score': False, 'random_state': 42, 'verbose': 0, 'warm_start': False}",1.0001447200775146
Coffee,8,10,9,5,LinearSVC,HMM_GMM,3,"{'n_components': 1, 'n_mix': 3, 'covariance_type': 'diag'}",0.576,0.5758833588038494,"{'C': 1.0, 'class_weight': None, 'dual': False, 'fit_intercept': True, 'intercept_scaling': 1, 'loss': 'squared_hinge', 'max_iter': 100, 'multi_class': 'ovr', 'penalty': 'l2', 'random_state': 42, 'tol': 0.0001, 'verbose': 0}",0.04037284851074219
Coffee,8,10,9,5,LogisticRegression,HMM_GMM,3,"{'n_components': 1, 'n_mix': 3, 'covariance_type': 'diag'}",0.56,0.5634600760901788,"{'C': 1.0, 'class_weight': None, 'dual': False, 'fit_intercept': True, 'intercept_scaling': 1, 'l1_ratio': None, 'max_iter': 100, 'multi_class': 'deprecated', 'n_jobs': None, 'penalty': 'l2', 'random_state': 42, 'solver': 'lbfgs', 'tol': 0.0001, 'verbose': 0, 'warm_start': False}",0.20100188255310059
Coffee,8,10,9,5,KNN,HMM_GMM,4,"{'n_components': 4, 'n_mix': 3, 'covariance_type': 'diag'}",0.692,0.6937225903289477,"{'algorithm': 'auto', 'leaf_size': 30, 'metric': 'minkowski', 'metric_params': None, 'n_jobs': None, 'n_neighbors': 5, 'p': 2, 'weights': 'uniform'}",0.04405832290649414
Coffee,8,10,9,5,RandomForest,HMM_GMM,4,"{'n_components': 4, 'n_mix': 3, 'covariance_type': 'diag'}",0.744,0.7493061231103786,"{'bootstrap': True, 'ccp_alpha': 0.0, 'class_weight': None, 'criterion': 'gini', 'max_depth': None, 'max_features': 'sqrt', 'max_leaf_nodes': None, 'max_samples': None, 'min_impurity_decrease': 0.0, 'min_samples_leaf': 1, 'min_samples_split': 2, 'min_weight_fraction_leaf': 0.0, 'monotonic_cst': None, 'n_estimators': 100, 'n_jobs': None, 'oob_score': False, 'random_state': 42, 'verbose': 0, 'warm_start': False}",0.9492199420928955
Coffee,8,10,9,5,LinearSVC,HMM_GMM,4,"{'n_components': 4, 'n_mix': 3, 'covariance_type': 'diag'}",0.586,0.5862063687816472,"{'C': 1.0, 'class_weight': None, 'dual': False, 'fit_intercept': True, 'intercept_scaling': 1, 'loss': 'squared_hinge', 'max_iter': 100, 'multi_class': 'ovr', 'penalty': 'l2', 'random_state': 42, 'tol': 0.0001, 'verbose': 0}",0.04073190689086914
Coffee,8,10,9,5,LogisticRegression,HMM_GMM,4,"{'n_components': 4, 'n_mix': 3, 'covariance_type': 'diag'}",0.58,0.5845857800065721,"{'C': 1.0, 'class_weight': None, 'dual': False, 'fit_intercept': True, 'intercept_scaling': 1, 'l1_ratio': None, 'max_iter': 100, 'multi_class': 'deprecated', 'n_jobs': None, 'penalty': 'l2', 'random_state': 42, 'solver': 'lbfgs', 'tol': 0.0001, 'verbose': 0, 'warm_start': False}",0.273425817489624
Coffee,8,10,9,5,KNN,HMM_GMM,5,"{'n_components': 1, 'n_mix': 1, 'covariance_type': 'tied'}",0.758,0.7662707924747584,"{'algorithm': 'auto', 'leaf_size': 30, 'metric': 'minkowski', 'metric_params': None, 'n_jobs': None, 'n_neighbors': 5, 'p': 2, 'weights': 'uniform'}",0.04319953918457031
Coffee,8,10,9,5,RandomForest,HMM_GMM,5,"{'n_components': 1, 'n_mix': 1, 'covariance_type': 'tied'}",0.794,0.8002910783766454,"{'bootstrap': True, 'ccp_alpha': 0.0, 'class_weight': None, 'criterion': 'gini', 'max_depth': None, 'max_features': 'sqrt', 'max_leaf_nodes': None, 'max_samples': None, 'min_impurity_decrease': 0.0, 'min_samples_leaf': 1, 'min_samples_split': 2, 'min_weight_fraction_leaf': 0.0, 'monotonic_cst': None, 'n_estimators': 100, 'n_jobs': None, 'oob_score': False, 'random_state': 42, 'verbose': 0, 'warm_start': False}",0.986260175704956
Coffee,8,10,9,5,LinearSVC,HMM_GMM,5,"{'n_components': 1, 'n_mix': 1, 'covariance_type': 'tied'}",0.57,0.5759623666421798,"{'C': 1.0, 'class_weight': None, 'dual': False, 'fit_intercept': True, 'intercept_scaling': 1, 'loss': 'squared_hinge', 'max_iter': 100, 'multi_class': 'ovr', 'penalty': 'l2', 'random_state': 42, 'tol': 0.0001, 'verbose': 0}",0.05275464057922363
Coffee,8,10,9,5,LogisticRegression,HMM_GMM,5,"{'n_components': 1, 'n_mix': 1, 'covariance_type': 'tied'}",0.54,0.5518713679680962,"{'C': 1.0, 'class_weight': None, 'dual': False, 'fit_intercept': True, 'intercept_scaling': 1, 'l1_ratio': None, 'max_iter': 100, 'multi_class': 'deprecated', 'n_jobs': None, 'penalty': 'l2', 'random_state': 42, 'solver': 'lbfgs', 'tol': 0.0001, 'verbose': 0, 'warm_start': False}",0.2876312732696533
Coffee,8,10,9,5,KNN,HMM_GMM,6,"{'n_components': 4, 'n_mix': 3, 'covariance_type': 'diag'}",0.692,0.6937225903289477,"{'algorithm': 'auto', 'leaf_size': 30, 'metric': 'minkowski', 'metric_params': None, 'n_jobs': None, 'n_neighbors': 5, 'p': 2, 'weights': 'uniform'}",0.044371843338012695
Coffee,8,10,9,5,RandomForest,HMM_GMM,6,"{'n_components': 4, 'n_mix': 3, 'covariance_type': 'diag'}",0.718,0.7223832073984233,"{'bootstrap': True, 'ccp_alpha': 0.0, 'class_weight': None, 'criterion': 'gini', 'max_depth': None, 'max_features': 'sqrt', 'max_leaf_nodes': None, 'max_samples': None, 'min_impurity_decrease': 0.0, 'min_samples_leaf': 1, 'min_samples_split': 2, 'min_weight_fraction_leaf': 0.0, 'monotonic_cst': None, 'n_estimators': 100, 'n_jobs': None, 'oob_score': False, 'random_state': 42, 'verbose': 0, 'warm_start': False}",0.9450809955596924
Coffee,8,10,9,5,LinearSVC,HMM_GMM,6,"{'n_components': 4, 'n_mix': 3, 'covariance_type': 'diag'}",0.588,0.5885742876410501,"{'C': 1.0, 'class_weight': None, 'dual': False, 'fit_intercept': True, 'intercept_scaling': 1, 'loss': 'squared_hinge', 'max_iter': 100, 'multi_class': 'ovr', 'penalty': 'l2', 'random_state': 42, 'tol': 0.0001, 'verbose': 0}",0.042026519775390625
Coffee,8,10,9,5,LogisticRegression,HMM_GMM,6,"{'n_components': 4, 'n_mix': 3, 'covariance_type': 'diag'}",0.582,0.5868442016615454,"{'C': 1.0, 'class_weight': None, 'dual': False, 'fit_intercept': True, 'intercept_scaling': 1, 'l1_ratio': None, 'max_iter': 100, 'multi_class': 'deprecated', 'n_jobs': None, 'penalty': 'l2', 'random_state': 42, 'solver': 'lbfgs', 'tol': 0.0001, 'verbose': 0, 'warm_start': False}",0.1589059829711914
Coffee,8,10,9,5,KNN,HMM_GMM,7,"{'n_components': 2, 'n_mix': 5, 'covariance_type': 'diag'}",0.646,0.6522664196930293,"{'algorithm': 'auto', 'leaf_size': 30, 'metric': 'minkowski', 'metric_params': None, 'n_jobs': None, 'n_neighbors': 5, 'p': 2, 'weights': 'uniform'}",0.04363703727722168
Coffee,8,10,9,5,RandomForest,HMM_GMM,7,"{'n_components': 2, 'n_mix': 5, 'covariance_type': 'diag'}",0.718,0.7261191454913289,"{'bootstrap': True, 'ccp_alpha': 0.0, 'class_weight': None, 'criterion': 'gini', 'max_depth': None, 'max_features': 'sqrt', 'max_leaf_nodes': None, 'max_samples': None, 'min_impurity_decrease': 0.0, 'min_samples_leaf': 1, 'min_samples_split': 2, 'min_weight_fraction_leaf': 0.0, 'monotonic_cst': None, 'n_estimators': 100, 'n_jobs': None, 'oob_score': False, 'random_state': 42, 'verbose': 0, 'warm_start': False}",0.9600074291229248
Coffee,8,10,9,5,LinearSVC,HMM_GMM,7,"{'n_components': 2, 'n_mix': 5, 'covariance_type': 'diag'}",0.578,0.5801440099781394,"{'C': 1.0, 'class_weight': None, 'dual': False, 'fit_intercept': True, 'intercept_scaling': 1, 'loss': 'squared_hinge', 'max_iter': 100, 'multi_class': 'ovr', 'penalty': 'l2', 'random_state': 42, 'tol': 0.0001, 'verbose': 0}",0.03892636299133301
Coffee,8,10,9,5,LogisticRegression,HMM_GMM,7,"{'n_components': 2, 'n_mix': 5, 'covariance_type': 'diag'}",0.562,0.5680783523946132,"{'C': 1.0, 'class_weight': None, 'dual': False, 'fit_intercept': True, 'intercept_scaling': 1, 'l1_ratio': None, 'max_iter': 100, 'multi_class': 'deprecated', 'n_jobs': None, 'penalty': 'l2', 'random_state': 42, 'solver': 'lbfgs', 'tol': 0.0001, 'verbose': 0, 'warm_start': False}",0.11557149887084961
Coffee,8,10,9,5,KNN,HMM_GMM,8,"{'n_components': 1, 'n_mix': 3, 'covariance_type': 'full'}",0.652,0.6492561983471075,"{'algorithm': 'auto', 'leaf_size': 30, 'metric': 'minkowski', 'metric_params': None, 'n_jobs': None, 'n_neighbors': 5, 'p': 2, 'weights': 'uniform'}",0.042560577392578125
Coffee,8,10,9,5,RandomForest,HMM_GMM,8,"{'n_components': 1, 'n_mix': 3, 'covariance_type': 'full'}",0.66,0.6621536824619098,"{'bootstrap': True, 'ccp_alpha': 0.0, 'class_weight': None, 'criterion': 'gini', 'max_depth': None, 'max_features': 'sqrt', 'max_leaf_nodes': None, 'max_samples': None, 'min_impurity_decrease': 0.0, 'min_samples_leaf': 1, 'min_samples_split': 2, 'min_weight_fraction_leaf': 0.0, 'monotonic_cst': None, 'n_estimators': 100, 'n_jobs': None, 'oob_score': False, 'random_state': 42, 'verbose': 0, 'warm_start': False}",0.9177267551422119
Coffee,8,10,9,5,LinearSVC,HMM_GMM,8,"{'n_components': 1, 'n_mix': 3, 'covariance_type': 'full'}",0.594,0.594723032239955,"{'C': 1.0, 'class_weight': None, 'dual': False, 'fit_intercept': True, 'intercept_scaling': 1, 'loss': 'squared_hinge', 'max_iter': 100, 'multi_class': 'ovr', 'penalty': 'l2', 'random_state': 42, 'tol': 0.0001, 'verbose': 0}",0.05274057388305664
Coffee,8,10,9,5,LogisticRegression,HMM_GMM,8,"{'n_components': 1, 'n_mix': 3, 'covariance_type': 'full'}",0.568,0.5737841057047219,"{'C': 1.0, 'class_weight': None, 'dual': False, 'fit_intercept': True, 'intercept_scaling': 1, 'l1_ratio': None, 'max_iter': 100, 'multi_class': 'deprecated', 'n_jobs': None, 'penalty': 'l2', 'random_state': 42, 'solver': 'lbfgs', 'tol': 0.0001, 'verbose': 0, 'warm_start': False}",0.39157772064208984
Coffee,8,10,9,5,KNN,HMM_GMM,9,"{'n_components': 5, 'n_mix': 1, 'covariance_type': 'diag'}",0.688,0.6855915206821196,"{'algorithm': 'auto', 'leaf_size': 30, 'metric': 'minkowski', 'metric_params': None, 'n_jobs': None, 'n_neighbors': 5, 'p': 2, 'weights': 'uniform'}",0.04399895668029785
Coffee,8,10,9,5,RandomForest,HMM_GMM,9,"{'n_components': 5, 'n_mix': 1, 'covariance_type': 'diag'}",0.744,0.746036673190119,"{'bootstrap': True, 'ccp_alpha': 0.0, 'class_weight': None, 'criterion': 'gini', 'max_depth': None, 'max_features': 'sqrt', 'max_leaf_nodes': None, 'max_samples': None, 'min_impurity_decrease': 0.0, 'min_samples_leaf': 1, 'min_samples_split': 2, 'min_weight_fraction_leaf': 0.0, 'monotonic_cst': None, 'n_estimators': 100, 'n_jobs': None, 'oob_score': False, 'random_state': 42, 'verbose': 0, 'warm_start': False}",0.9872875213623047
Coffee,8,10,9,5,LinearSVC,HMM_GMM,9,"{'n_components': 5, 'n_mix': 1, 'covariance_type': 'diag'}",0.42,0.4210764198632173,"{'C': 1.0, 'class_weight': None, 'dual': False, 'fit_intercept': True, 'intercept_scaling': 1, 'loss': 'squared_hinge', 'max_iter': 100, 'multi_class': 'ovr', 'penalty': 'l2', 'random_state': 42, 'tol': 0.0001, 'verbose': 0}",0.039782047271728516
Coffee,8,10,9,5,LogisticRegression,HMM_GMM,9,"{'n_components': 5, 'n_mix': 1, 'covariance_type': 'diag'}",0.414,0.42376128868823826,"{'C': 1.0, 'class_weight': None, 'dual': False, 'fit_intercept': True, 'intercept_scaling': 1, 'l1_ratio': None, 'max_iter': 100, 'multi_class': 'deprecated', 'n_jobs': None, 'penalty': 'l2', 'random_state': 42, 'solver': 'lbfgs', 'tol': 0.0001, 'verbose': 0, 'warm_start': False}",0.11127543449401855
Coffee,8,10,9,5,KNN,HMM_GMM,10,"{'n_components': 3, 'n_mix': 5, 'covariance_type': 'diag'}",0.632,0.6348121027205695,"{'algorithm': 'auto', 'leaf_size': 30, 'metric': 'minkowski', 'metric_params': None, 'n_jobs': None, 'n_neighbors': 5, 'p': 2, 'weights': 'uniform'}",0.04311251640319824
Coffee,8,10,9,5,RandomForest,HMM_GMM,10,"{'n_components': 3, 'n_mix': 5, 'covariance_type': 'diag'}",0.714,0.7204091157556429,"{'bootstrap': True, 'ccp_alpha': 0.0, 'class_weight': None, 'criterion': 'gini', 'max_depth': None, 'max_features': 'sqrt', 'max_leaf_nodes': None, 'max_samples': None, 'min_impurity_decrease': 0.0, 'min_samples_leaf': 1, 'min_samples_split': 2, 'min_weight_fraction_leaf': 0.0, 'monotonic_cst': None, 'n_estimators': 100, 'n_jobs': None, 'oob_score': False, 'random_state': 42, 'verbose': 0, 'warm_start': False}",0.9273014068603516
Coffee,8,10,9,5,LinearSVC,HMM_GMM,10,"{'n_components': 3, 'n_mix': 5, 'covariance_type': 'diag'}",0.56,0.5650030245774926,"{'C': 1.0, 'class_weight': None, 'dual': False, 'fit_intercept': True, 'intercept_scaling': 1, 'loss': 'squared_hinge', 'max_iter': 100, 'multi_class': 'ovr', 'penalty': 'l2', 'random_state': 42, 'tol': 0.0001, 'verbose': 0}",0.03874945640563965
Coffee,8,10,9,5,LogisticRegression,HMM_GMM,10,"{'n_components': 3, 'n_mix': 5, 'covariance_type': 'diag'}",0.536,0.55182604833788,"{'C': 1.0, 'class_weight': None, 'dual': False, 'fit_intercept': True, 'intercept_scaling': 1, 'l1_ratio': None, 'max_iter': 100, 'multi_class': 'deprecated', 'n_jobs': None, 'penalty': 'l2', 'random_state': 42, 'solver': 'lbfgs', 'tol': 0.0001, 'verbose': 0, 'warm_start': False}",0.14856243133544922
Coffee,8,10,9,10,KNN,HMM_GMM,1,"{'n_components': 2, 'n_mix': 1, 'covariance_type': 'diag'}",0.674,0.6642906736773623,"{'algorithm': 'auto', 'leaf_size': 30, 'metric': 'minkowski', 'metric_params': None, 'n_jobs': None, 'n_neighbors': 5, 'p': 2, 'weights': 'uniform'}",0.0656881332397461
Coffee,8,10,9,10,RandomForest,HMM_GMM,1,"{'n_components': 2, 'n_mix': 1, 'covariance_type': 'diag'}",0.69,0.6721735475915002,"{'bootstrap': True, 'ccp_alpha': 0.0, 'class_weight': None, 'criterion': 'gini', 'max_depth': None, 'max_features': 'sqrt', 'max_leaf_nodes': None, 'max_samples': None, 'min_impurity_decrease': 0.0, 'min_samples_leaf': 1, 'min_samples_split': 2, 'min_weight_fraction_leaf': 0.0, 'monotonic_cst': None, 'n_estimators': 100, 'n_jobs': None, 'oob_score': False, 'random_state': 42, 'verbose': 0, 'warm_start': False}",1.4775779247283936
Coffee,8,10,9,10,LinearSVC,HMM_GMM,1,"{'n_components': 2, 'n_mix': 1, 'covariance_type': 'diag'}",0.592,0.5901345039902383,"{'C': 1.0, 'class_weight': None, 'dual': False, 'fit_intercept': True, 'intercept_scaling': 1, 'loss': 'squared_hinge', 'max_iter': 100, 'multi_class': 'ovr', 'penalty': 'l2', 'random_state': 42, 'tol': 0.0001, 'verbose': 0}",0.07596135139465332
Coffee,8,10,9,10,LogisticRegression,HMM_GMM,1,"{'n_components': 2, 'n_mix': 1, 'covariance_type': 'diag'}",0.522,0.5305687215527787,"{'C': 1.0, 'class_weight': None, 'dual': False, 'fit_intercept': True, 'intercept_scaling': 1, 'l1_ratio': None, 'max_iter': 100, 'multi_class': 'deprecated', 'n_jobs': None, 'penalty': 'l2', 'random_state': 42, 'solver': 'lbfgs', 'tol': 0.0001, 'verbose': 0, 'warm_start': False}",0.1294398307800293
Coffee,8,10,9,10,KNN,HMM_GMM,2,"{'n_components': 2, 'n_mix': 4, 'covariance_type': 'tied'}",0.676,0.6742730268978575,"{'algorithm': 'auto', 'leaf_size': 30, 'metric': 'minkowski', 'metric_params': None, 'n_jobs': None, 'n_neighbors': 5, 'p': 2, 'weights': 'uniform'}",0.05475163459777832
Coffee,8,10,9,10,RandomForest,HMM_GMM,2,"{'n_components': 2, 'n_mix': 4, 'covariance_type': 'tied'}",0.734,0.7417833029965902,"{'bootstrap': True, 'ccp_alpha': 0.0, 'class_weight': None, 'criterion': 'gini', 'max_depth': None, 'max_features': 'sqrt', 'max_leaf_nodes': None, 'max_samples': None, 'min_impurity_decrease': 0.0, 'min_samples_leaf': 1, 'min_samples_split': 2, 'min_weight_fraction_leaf': 0.0, 'monotonic_cst': None, 'n_estimators': 100, 'n_jobs': None, 'oob_score': False, 'random_state': 42, 'verbose': 0, 'warm_start': False}",1.2590463161468506
Coffee,8,10,9,10,LinearSVC,HMM_GMM,2,"{'n_components': 2, 'n_mix': 4, 'covariance_type': 'tied'}",0.616,0.6190049008070264,"{'C': 1.0, 'class_weight': None, 'dual': False, 'fit_intercept': True, 'intercept_scaling': 1, 'loss': 'squared_hinge', 'max_iter': 100, 'multi_class': 'ovr', 'penalty': 'l2', 'random_state': 42, 'tol': 0.0001, 'verbose': 0}",0.08465051651000977
Coffee,8,10,9,10,LogisticRegression,HMM_GMM,2,"{'n_components': 2, 'n_mix': 4, 'covariance_type': 'tied'}",0.576,0.581695823457541,"{'C': 1.0, 'class_weight': None, 'dual': False, 'fit_intercept': True, 'intercept_scaling': 1, 'l1_ratio': None, 'max_iter': 100, 'multi_class': 'deprecated', 'n_jobs': None, 'penalty': 'l2', 'random_state': 42, 'solver': 'lbfgs', 'tol': 0.0001, 'verbose': 0, 'warm_start': False}",0.32480692863464355
Coffee,8,10,9,10,KNN,HMM_GMM,3,"{'n_components': 1, 'n_mix': 3, 'covariance_type': 'diag'}",0.676,0.6754449323327333,"{'algorithm': 'auto', 'leaf_size': 30, 'metric': 'minkowski', 'metric_params': None, 'n_jobs': None, 'n_neighbors': 5, 'p': 2, 'weights': 'uniform'}",0.0590362548828125
Coffee,8,10,9,10,RandomForest,HMM_GMM,3,"{'n_components': 1, 'n_mix': 3, 'covariance_type': 'diag'}",0.776,0.7746019437551696,"{'bootstrap': True, 'ccp_alpha': 0.0, 'class_weight': None, 'criterion': 'gini', 'max_depth': None, 'max_features': 'sqrt', 'max_leaf_nodes': None, 'max_samples': None, 'min_impurity_decrease': 0.0, 'min_samples_leaf': 1, 'min_samples_split': 2, 'min_weight_fraction_leaf': 0.0, 'monotonic_cst': None, 'n_estimators': 100, 'n_jobs': None, 'oob_score': False, 'random_state': 42, 'verbose': 0, 'warm_start': False}",1.3747897148132324
Coffee,8,10,9,10,LinearSVC,HMM_GMM,3,"{'n_components': 1, 'n_mix': 3, 'covariance_type': 'diag'}",0.574,0.5738651809704441,"{'C': 1.0, 'class_weight': None, 'dual': False, 'fit_intercept': True, 'intercept_scaling': 1, 'loss': 'squared_hinge', 'max_iter': 100, 'multi_class': 'ovr', 'penalty': 'l2', 'random_state': 42, 'tol': 0.0001, 'verbose': 0}",0.08064675331115723
Coffee,8,10,9,10,LogisticRegression,HMM_GMM,3,"{'n_components': 1, 'n_mix': 3, 'covariance_type': 'diag'}",0.566,0.5682569432300777,"{'C': 1.0, 'class_weight': None, 'dual': False, 'fit_intercept': True, 'intercept_scaling': 1, 'l1_ratio': None, 'max_iter': 100, 'multi_class': 'deprecated', 'n_jobs': None, 'penalty': 'l2', 'random_state': 42, 'solver': 'lbfgs', 'tol': 0.0001, 'verbose': 0, 'warm_start': False}",0.1709306240081787
Coffee,8,10,9,10,KNN,HMM_GMM,4,"{'n_components': 4, 'n_mix': 3, 'covariance_type': 'diag'}",0.692,0.6937225903289477,"{'algorithm': 'auto', 'leaf_size': 30, 'metric': 'minkowski', 'metric_params': None, 'n_jobs': None, 'n_neighbors': 5, 'p': 2, 'weights': 'uniform'}",0.05894160270690918
Coffee,8,10,9,10,RandomForest,HMM_GMM,4,"{'n_components': 4, 'n_mix': 3, 'covariance_type': 'diag'}",0.732,0.7343958428193035,"{'bootstrap': True, 'ccp_alpha': 0.0, 'class_weight': None, 'criterion': 'gini', 'max_depth': None, 'max_features': 'sqrt', 'max_leaf_nodes': None, 'max_samples': None, 'min_impurity_decrease': 0.0, 'min_samples_leaf': 1, 'min_samples_split': 2, 'min_weight_fraction_leaf': 0.0, 'monotonic_cst': None, 'n_estimators': 100, 'n_jobs': None, 'oob_score': False, 'random_state': 42, 'verbose': 0, 'warm_start': False}",1.2241957187652588
Coffee,8,10,9,10,LinearSVC,HMM_GMM,4,"{'n_components': 4, 'n_mix': 3, 'covariance_type': 'diag'}",0.556,0.5547877031133341,"{'C': 1.0, 'class_weight': None, 'dual': False, 'fit_intercept': True, 'intercept_scaling': 1, 'loss': 'squared_hinge', 'max_iter': 100, 'multi_class': 'ovr', 'penalty': 'l2', 'random_state': 42, 'tol': 0.0001, 'verbose': 0}",0.07760977745056152
Coffee,8,10,9,10,LogisticRegression,HMM_GMM,4,"{'n_components': 4, 'n_mix': 3, 'covariance_type': 'diag'}",0.576,0.5814447201543976,"{'C': 1.0, 'class_weight': None, 'dual': False, 'fit_intercept': True, 'intercept_scaling': 1, 'l1_ratio': None, 'max_iter': 100, 'multi_class': 'deprecated', 'n_jobs': None, 'penalty': 'l2', 'random_state': 42, 'solver': 'lbfgs', 'tol': 0.0001, 'verbose': 0, 'warm_start': False}",0.1761786937713623
Coffee,8,10,9,10,KNN,HMM_GMM,5,"{'n_components': 1, 'n_mix': 1, 'covariance_type': 'tied'}",0.758,0.7662707924747584,"{'algorithm': 'auto', 'leaf_size': 30, 'metric': 'minkowski', 'metric_params': None, 'n_jobs': None, 'n_neighbors': 5, 'p': 2, 'weights': 'uniform'}",0.06429600715637207
Coffee,8,10,9,10,RandomForest,HMM_GMM,5,"{'n_components': 1, 'n_mix': 1, 'covariance_type': 'tied'}",0.786,0.7923562856896191,"{'bootstrap': True, 'ccp_alpha': 0.0, 'class_weight': None, 'criterion': 'gini', 'max_depth': None, 'max_features': 'sqrt', 'max_leaf_nodes': None, 'max_samples': None, 'min_impurity_decrease': 0.0, 'min_samples_leaf': 1, 'min_samples_split': 2, 'min_weight_fraction_leaf': 0.0, 'monotonic_cst': None, 'n_estimators': 100, 'n_jobs': None, 'oob_score': False, 'random_state': 42, 'verbose': 0, 'warm_start': False}",1.3888978958129883
Coffee,8,10,9,10,LinearSVC,HMM_GMM,5,"{'n_components': 1, 'n_mix': 1, 'covariance_type': 'tied'}",0.56,0.5663122206811526,"{'C': 1.0, 'class_weight': None, 'dual': False, 'fit_intercept': True, 'intercept_scaling': 1, 'loss': 'squared_hinge', 'max_iter': 100, 'multi_class': 'ovr', 'penalty': 'l2', 'random_state': 42, 'tol': 0.0001, 'verbose': 0}",0.11529183387756348
Coffee,8,10,9,10,LogisticRegression,HMM_GMM,5,"{'n_components': 1, 'n_mix': 1, 'covariance_type': 'tied'}",0.49,0.5086144506361719,"{'C': 1.0, 'class_weight': None, 'dual': False, 'fit_intercept': True, 'intercept_scaling': 1, 'l1_ratio': None, 'max_iter': 100, 'multi_class': 'deprecated', 'n_jobs': None, 'penalty': 'l2', 'random_state': 42, 'solver': 'lbfgs', 'tol': 0.0001, 'verbose': 0, 'warm_start': False}",0.4784977436065674
Coffee,8,10,9,10,KNN,HMM_GMM,6,"{'n_components': 4, 'n_mix': 3, 'covariance_type': 'diag'}",0.692,0.6937225903289477,"{'algorithm': 'auto', 'leaf_size': 30, 'metric': 'minkowski', 'metric_params': None, 'n_jobs': None, 'n_neighbors': 5, 'p': 2, 'weights': 'uniform'}",0.06527304649353027
Coffee,8,10,9,10,RandomForest,HMM_GMM,6,"{'n_components': 4, 'n_mix': 3, 'covariance_type': 'diag'}",0.732,0.7363942598285873,"{'bootstrap': True, 'ccp_alpha': 0.0, 'class_weight': None, 'criterion': 'gini', 'max_depth': None, 'max_features': 'sqrt', 'max_leaf_nodes': None, 'max_samples': None, 'min_impurity_decrease': 0.0, 'min_samples_leaf': 1, 'min_samples_split': 2, 'min_weight_fraction_leaf': 0.0, 'monotonic_cst': None, 'n_estimators': 100, 'n_jobs': None, 'oob_score': False, 'random_state': 42, 'verbose': 0, 'warm_start': False}",1.3710272312164307
Coffee,8,10,9,10,LinearSVC,HMM_GMM,6,"{'n_components': 4, 'n_mix': 3, 'covariance_type': 'diag'}",0.558,0.5571790760569004,"{'C': 1.0, 'class_weight': None, 'dual': False, 'fit_intercept': True, 'intercept_scaling': 1, 'loss': 'squared_hinge', 'max_iter': 100, 'multi_class': 'ovr', 'penalty': 'l2', 'random_state': 42, 'tol': 0.0001, 'verbose': 0}",0.07774853706359863
Coffee,8,10,9,10,LogisticRegression,HMM_GMM,6,"{'n_components': 4, 'n_mix': 3, 'covariance_type': 'diag'}",0.576,0.5814447201543976,"{'C': 1.0, 'class_weight': None, 'dual': False, 'fit_intercept': True, 'intercept_scaling': 1, 'l1_ratio': None, 'max_iter': 100, 'multi_class': 'deprecated', 'n_jobs': None, 'penalty': 'l2', 'random_state': 42, 'solver': 'lbfgs', 'tol': 0.0001, 'verbose': 0, 'warm_start': False}",0.16297173500061035
Coffee,8,10,9,10,KNN,HMM_GMM,7,"{'n_components': 2, 'n_mix': 5, 'covariance_type': 'diag'}",0.646,0.6522664196930293,"{'algorithm': 'auto', 'leaf_size': 30, 'metric': 'minkowski', 'metric_params': None, 'n_jobs': None, 'n_neighbors': 5, 'p': 2, 'weights': 'uniform'}",0.0574033260345459
Coffee,8,10,9,10,RandomForest,HMM_GMM,7,"{'n_components': 2, 'n_mix': 5, 'covariance_type': 'diag'}",0.696,0.701274347544205,"{'bootstrap': True, 'ccp_alpha': 0.0, 'class_weight': None, 'criterion': 'gini', 'max_depth': None, 'max_features': 'sqrt', 'max_leaf_nodes': None, 'max_samples': None, 'min_impurity_decrease': 0.0, 'min_samples_leaf': 1, 'min_samples_split': 2, 'min_weight_fraction_leaf': 0.0, 'monotonic_cst': None, 'n_estimators': 100, 'n_jobs': None, 'oob_score': False, 'random_state': 42, 'verbose': 0, 'warm_start': False}",1.2516093254089355
Coffee,8,10,9,10,LinearSVC,HMM_GMM,7,"{'n_components': 2, 'n_mix': 5, 'covariance_type': 'diag'}",0.578,0.5801440099781394,"{'C': 1.0, 'class_weight': None, 'dual': False, 'fit_intercept': True, 'intercept_scaling': 1, 'loss': 'squared_hinge', 'max_iter': 100, 'multi_class': 'ovr', 'penalty': 'l2', 'random_state': 42, 'tol': 0.0001, 'verbose': 0}",0.07107186317443848
Coffee,8,10,9,10,LogisticRegression,HMM_GMM,7,"{'n_components': 2, 'n_mix': 5, 'covariance_type': 'diag'}",0.558,0.5647486286968896,"{'C': 1.0, 'class_weight': None, 'dual': False, 'fit_intercept': True, 'intercept_scaling': 1, 'l1_ratio': None, 'max_iter': 100, 'multi_class': 'deprecated', 'n_jobs': None, 'penalty': 'l2', 'random_state': 42, 'solver': 'lbfgs', 'tol': 0.0001, 'verbose': 0, 'warm_start': False}",0.11423802375793457
Coffee,8,10,9,10,KNN,HMM_GMM,8,"{'n_components': 1, 'n_mix': 3, 'covariance_type': 'full'}",0.652,0.6492561983471075,"{'algorithm': 'auto', 'leaf_size': 30, 'metric': 'minkowski', 'metric_params': None, 'n_jobs': None, 'n_neighbors': 5, 'p': 2, 'weights': 'uniform'}",0.05694103240966797
Coffee,8,10,9,10,RandomForest,HMM_GMM,8,"{'n_components': 1, 'n_mix': 3, 'covariance_type': 'full'}",0.648,0.6431322963830705,"{'bootstrap': True, 'ccp_alpha': 0.0, 'class_weight': None, 'criterion': 'gini', 'max_depth': None, 'max_features': 'sqrt', 'max_leaf_nodes': None, 'max_samples': None, 'min_impurity_decrease': 0.0, 'min_samples_leaf': 1, 'min_samples_split': 2, 'min_weight_fraction_leaf': 0.0, 'monotonic_cst': None, 'n_estimators': 100, 'n_jobs': None, 'oob_score': False, 'random_state': 42, 'verbose': 0, 'warm_start': False}",1.2287876605987549
Coffee,8,10,9,10,LinearSVC,HMM_GMM,8,"{'n_components': 1, 'n_mix': 3, 'covariance_type': 'full'}",0.596,0.5957376808923095,"{'C': 1.0, 'class_weight': None, 'dual': False, 'fit_intercept': True, 'intercept_scaling': 1, 'loss': 'squared_hinge', 'max_iter': 100, 'multi_class': 'ovr', 'penalty': 'l2', 'random_state': 42, 'tol': 0.0001, 'verbose': 0}",0.09650826454162598
Coffee,8,10,9,10,LogisticRegression,HMM_GMM,8,"{'n_components': 1, 'n_mix': 3, 'covariance_type': 'full'}",0.536,0.5496466082833084,"{'C': 1.0, 'class_weight': None, 'dual': False, 'fit_intercept': True, 'intercept_scaling': 1, 'l1_ratio': None, 'max_iter': 100, 'multi_class': 'deprecated', 'n_jobs': None, 'penalty': 'l2', 'random_state': 42, 'solver': 'lbfgs', 'tol': 0.0001, 'verbose': 0, 'warm_start': False}",0.5987570285797119
Coffee,8,10,9,10,KNN,HMM_GMM,9,"{'n_components': 5, 'n_mix': 1, 'covariance_type': 'diag'}",0.688,0.6855915206821196,"{'algorithm': 'auto', 'leaf_size': 30, 'metric': 'minkowski', 'metric_params': None, 'n_jobs': None, 'n_neighbors': 5, 'p': 2, 'weights': 'uniform'}",0.07220673561096191
Coffee,8,10,9,10,RandomForest,HMM_GMM,9,"{'n_components': 5, 'n_mix': 1, 'covariance_type': 'diag'}",0.74,0.7401637692181593,"{'bootstrap': True, 'ccp_alpha': 0.0, 'class_weight': None, 'criterion': 'gini', 'max_depth': None, 'max_features': 'sqrt', 'max_leaf_nodes': None, 'max_samples': None, 'min_impurity_decrease': 0.0, 'min_samples_leaf': 1, 'min_samples_split': 2, 'min_weight_fraction_leaf': 0.0, 'monotonic_cst': None, 'n_estimators': 100, 'n_jobs': None, 'oob_score': False, 'random_state': 42, 'verbose': 0, 'warm_start': False}",1.3483824729919434
Coffee,8,10,9,10,LinearSVC,HMM_GMM,9,"{'n_components': 5, 'n_mix': 1, 'covariance_type': 'diag'}",0.444,0.4338709839206364,"{'C': 1.0, 'class_weight': None, 'dual': False, 'fit_intercept': True, 'intercept_scaling': 1, 'loss': 'squared_hinge', 'max_iter': 100, 'multi_class': 'ovr', 'penalty': 'l2', 'random_state': 42, 'tol': 0.0001, 'verbose': 0}",0.06844878196716309
Coffee,8,10,9,10,LogisticRegression,HMM_GMM,9,"{'n_components': 5, 'n_mix': 1, 'covariance_type': 'diag'}",0.444,0.4386841033310838,"{'C': 1.0, 'class_weight': None, 'dual': False, 'fit_intercept': True, 'intercept_scaling': 1, 'l1_ratio': None, 'max_iter': 100, 'multi_class': 'deprecated', 'n_jobs': None, 'penalty': 'l2', 'random_state': 42, 'solver': 'lbfgs', 'tol': 0.0001, 'verbose': 0, 'warm_start': False}",0.3313441276550293
Coffee,8,10,9,10,KNN,HMM_GMM,10,"{'n_components': 3, 'n_mix': 5, 'covariance_type': 'diag'}",0.632,0.6348121027205695,"{'algorithm': 'auto', 'leaf_size': 30, 'metric': 'minkowski', 'metric_params': None, 'n_jobs': None, 'n_neighbors': 5, 'p': 2, 'weights': 'uniform'}",0.07099390029907227
Coffee,8,10,9,10,RandomForest,HMM_GMM,10,"{'n_components': 3, 'n_mix': 5, 'covariance_type': 'diag'}",0.712,0.7191037370873086,"{'bootstrap': True, 'ccp_alpha': 0.0, 'class_weight': None, 'criterion': 'gini', 'max_depth': None, 'max_features': 'sqrt', 'max_leaf_nodes': None, 'max_samples': None, 'min_impurity_decrease': 0.0, 'min_samples_leaf': 1, 'min_samples_split': 2, 'min_weight_fraction_leaf': 0.0, 'monotonic_cst': None, 'n_estimators': 100, 'n_jobs': None, 'oob_score': False, 'random_state': 42, 'verbose': 0, 'warm_start': False}",1.3840513229370117
Coffee,8,10,9,10,LinearSVC,HMM_GMM,10,"{'n_components': 3, 'n_mix': 5, 'covariance_type': 'diag'}",0.57,0.5698641653570428,"{'C': 1.0, 'class_weight': None, 'dual': False, 'fit_intercept': True, 'intercept_scaling': 1, 'loss': 'squared_hinge', 'max_iter': 100, 'multi_class': 'ovr', 'penalty': 'l2', 'random_state': 42, 'tol': 0.0001, 'verbose': 0}",0.08379864692687988
Coffee,8,10,9,10,LogisticRegression,HMM_GMM,10,"{'n_components': 3, 'n_mix': 5, 'covariance_type': 'diag'}",0.526,0.5392850967794774,"{'C': 1.0, 'class_weight': None, 'dual': False, 'fit_intercept': True, 'intercept_scaling': 1, 'l1_ratio': None, 'max_iter': 100, 'multi_class': 'deprecated', 'n_jobs': None, 'penalty': 'l2', 'random_state': 42, 'solver': 'lbfgs', 'tol': 0.0001, 'verbose': 0, 'warm_start': False}",0.27768540382385254
Coffee,8,10,10,1,KNN,Baseline,N/A,N/A,0.808,0.7693852189265032,"{'algorithm': 'auto', 'leaf_size': 30, 'metric': 'minkowski', 'metric_params': None, 'n_jobs': None, 'n_neighbors': 5, 'p': 2, 'weights': 'uniform'}",0.030735254287719727
Coffee,8,10,10,1,KNN,Tuned_Baseline,N/A,N/A,0.818,0.8083446239360779,"{'algorithm': 'auto', 'leaf_size': 30, 'metric': 'chebyshev', 'metric_params': None, 'n_jobs': None, 'n_neighbors': np.int64(5), 'p': 2, 'weights': 'uniform'}",0.05092263221740723
Coffee,8,10,10,1,RandomForest,Baseline,N/A,N/A,0.84,0.8107393079702215,"{'bootstrap': True, 'ccp_alpha': 0.0, 'class_weight': None, 'criterion': 'gini', 'max_depth': None, 'max_features': 'sqrt', 'max_leaf_nodes': None, 'max_samples': None, 'min_impurity_decrease': 0.0, 'min_samples_leaf': 1, 'min_samples_split': 2, 'min_weight_fraction_leaf': 0.0, 'monotonic_cst': None, 'n_estimators': 100, 'n_jobs': None, 'oob_score': False, 'random_state': 42, 'verbose': 0, 'warm_start': False}",0.4634411334991455
Coffee,8,10,10,1,RandomForest,Tuned_Baseline,N/A,N/A,0.864,0.854523137395033,"{'bootstrap': True, 'ccp_alpha': 0.0, 'class_weight': 'balanced', 'criterion': 'gini', 'max_depth': 10, 'max_features': 'sqrt', 'max_leaf_nodes': None, 'max_samples': None, 'min_impurity_decrease': 0.0, 'min_samples_leaf': 2, 'min_samples_split': 5, 'min_weight_fraction_leaf': 0.0, 'monotonic_cst': None, 'n_estimators': 50, 'n_jobs': None, 'oob_score': False, 'random_state': 42, 'verbose': 0, 'warm_start': False}",0.0034677982330322266
Coffee,8,10,10,1,LinearSVC,Baseline,N/A,N/A,0.634,0.6438361647607314,"{'C': 1.0, 'class_weight': None, 'dual': False, 'fit_intercept': True, 'intercept_scaling': 1, 'loss': 'squared_hinge', 'max_iter': 100, 'multi_class': 'ovr', 'penalty': 'l2', 'random_state': 42, 'tol': 0.0001, 'verbose': 0}",0.011887311935424805
Coffee,8,10,10,1,LinearSVC,Tuned_Baseline,N/A,N/A,0.584,0.5872374029703414,"{'C': np.float64(183.29807108324337), 'class_weight': None, 'dual': False, 'fit_intercept': True, 'intercept_scaling': 1, 'loss': 'squared_hinge', 'max_iter': 100, 'multi_class': 'ovr', 'penalty': 'l1', 'random_state': 42, 'tol': 0.001, 'verbose': 0}",0.00034689903259277344
Coffee,8,10,10,1,LogisticRegression,Baseline,N/A,N/A,0.576,0.5842029447474295,"{'C': 1.0, 'class_weight': None, 'dual': False, 'fit_intercept': True, 'intercept_scaling': 1, 'l1_ratio': None, 'max_iter': 100, 'multi_class': 'deprecated', 'n_jobs': None, 'penalty': 'l2', 'random_state': 42, 'solver': 'lbfgs', 'tol': 0.0001, 'verbose': 0, 'warm_start': False}",0.24665546417236328
Coffee,8,10,10,1,LogisticRegression,Tuned_Baseline,N/A,N/A,0.602,0.6053471239693613,"{'C': np.float64(0.4832930238571752), 'class_weight': 'balanced', 'dual': False, 'fit_intercept': True, 'intercept_scaling': 1, 'l1_ratio': None, 'max_iter': 100, 'multi_class': 'deprecated', 'n_jobs': None, 'penalty': 'l1', 'random_state': 42, 'solver': 'saga', 'tol': 0.0001, 'verbose': 0, 'warm_start': False}",0.00031256675720214844
Coffee,8,10,10,1,RNN,Tuned_Baseline,N/A,N/A,0.2,0.06666666666666667,"{'hidden_size': 64, 'epochs': 10, 'batch_size': 32, 'lr': 0.001}",2.8848648071289062e-05
Coffee,8,10,10,2,KNN,HMM_GMM,1,"{'n_components': 2, 'n_mix': 1, 'covariance_type': 'diag'}",0.788,0.75693500566502,"{'algorithm': 'auto', 'leaf_size': 30, 'metric': 'euclidean', 'metric_params': None, 'n_jobs': None, 'n_neighbors': np.int64(9), 'p': 2, 'weights': 'distance'}",0.013492584228515625
Coffee,8,10,10,2,RandomForest,HMM_GMM,1,"{'n_components': 2, 'n_mix': 1, 'covariance_type': 'diag'}",0.796,0.7451520597980255,"{'bootstrap': True, 'ccp_alpha': 0.0, 'class_weight': 'balanced', 'criterion': 'gini', 'max_depth': 30, 'max_features': 'sqrt', 'max_leaf_nodes': None, 'max_samples': None, 'min_impurity_decrease': 0.0, 'min_samples_leaf': 1, 'min_samples_split': 2, 'min_weight_fraction_leaf': 0.0, 'monotonic_cst': None, 'n_estimators': 150, 'n_jobs': None, 'oob_score': False, 'random_state': 42, 'verbose': 0, 'warm_start': False}",1.0458996295928955
Coffee,8,10,10,2,LinearSVC,HMM_GMM,1,"{'n_components': 2, 'n_mix': 1, 'covariance_type': 'diag'}",0.412,0.40674894184852395,"{'C': np.float64(33.59818286283781), 'class_weight': None, 'dual': False, 'fit_intercept': True, 'intercept_scaling': 1, 'loss': 'squared_hinge', 'max_iter': 100, 'multi_class': 'ovr', 'penalty': 'l1', 'random_state': 42, 'tol': 0.001, 'verbose': 0}",0.028157949447631836
Coffee,8,10,10,2,LogisticRegression,HMM_GMM,1,"{'n_components': 2, 'n_mix': 1, 'covariance_type': 'diag'}",0.398,0.40203876595848953,"{'C': np.float64(33.59818286283781), 'class_weight': 'balanced', 'dual': False, 'fit_intercept': True, 'intercept_scaling': 1, 'l1_ratio': None, 'max_iter': 100, 'multi_class': 'deprecated', 'n_jobs': None, 'penalty': 'l1', 'random_state': 42, 'solver': 'saga', 'tol': 0.0001, 'verbose': 0, 'warm_start': False}",0.04769444465637207
Coffee,8,10,10,2,KNN,HMM_GMM,2,"{'n_components': 2, 'n_mix': 4, 'covariance_type': 'tied'}",0.784,0.7339524581018849,"{'algorithm': 'auto', 'leaf_size': 30, 'metric': 'euclidean', 'metric_params': None, 'n_jobs': None, 'n_neighbors': np.int64(9), 'p': 2, 'weights': 'distance'}",0.013014554977416992
Coffee,8,10,10,2,RandomForest,HMM_GMM,2,"{'n_components': 2, 'n_mix': 4, 'covariance_type': 'tied'}",0.782,0.7296473370835191,"{'bootstrap': True, 'ccp_alpha': 0.0, 'class_weight': 'balanced', 'criterion': 'gini', 'max_depth': None, 'max_features': 'sqrt', 'max_leaf_nodes': None, 'max_samples': None, 'min_impurity_decrease': 0.0, 'min_samples_leaf': 2, 'min_samples_split': 2, 'min_weight_fraction_leaf': 0.0, 'monotonic_cst': None, 'n_estimators': 150, 'n_jobs': None, 'oob_score': False, 'random_state': 42, 'verbose': 0, 'warm_start': False}",0.9846301078796387
Coffee,8,10,10,2,LinearSVC,HMM_GMM,2,"{'n_components': 2, 'n_mix': 4, 'covariance_type': 'tied'}",0.592,0.5968102799611469,"{'C': np.float64(2.6366508987303554), 'class_weight': 'balanced', 'dual': False, 'fit_intercept': True, 'intercept_scaling': 1, 'loss': 'squared_hinge', 'max_iter': 100, 'multi_class': 'ovr', 'penalty': 'l1', 'random_state': 42, 'tol': 0.0001, 'verbose': 0}",0.05859947204589844
Coffee,8,10,10,2,LogisticRegression,HMM_GMM,2,"{'n_components': 2, 'n_mix': 4, 'covariance_type': 'tied'}",0.606,0.6101544300890547,"{'C': np.float64(33.59818286283781), 'class_weight': 'balanced', 'dual': False, 'fit_intercept': True, 'intercept_scaling': 1, 'l1_ratio': None, 'max_iter': 100, 'multi_class': 'deprecated', 'n_jobs': None, 'penalty': 'l1', 'random_state': 42, 'solver': 'saga', 'tol': 0.0001, 'verbose': 0, 'warm_start': False}",0.23517656326293945
Coffee,8,10,10,2,KNN,HMM_GMM,3,"{'n_components': 1, 'n_mix': 3, 'covariance_type': 'diag'}",0.784,0.7491516807041505,"{'algorithm': 'auto', 'leaf_size': 30, 'metric': 'euclidean', 'metric_params': None, 'n_jobs': None, 'n_neighbors': np.int64(9), 'p': 2, 'weights': 'distance'}",0.011919260025024414
Coffee,8,10,10,2,RandomForest,HMM_GMM,3,"{'n_components': 1, 'n_mix': 3, 'covariance_type': 'diag'}",0.85,0.8318832983927325,"{'bootstrap': True, 'ccp_alpha': 0.0, 'class_weight': 'balanced', 'criterion': 'gini', 'max_depth': 30, 'max_features': 'sqrt', 'max_leaf_nodes': None, 'max_samples': None, 'min_impurity_decrease': 0.0, 'min_samples_leaf': 1, 'min_samples_split': 2, 'min_weight_fraction_leaf': 0.0, 'monotonic_cst': None, 'n_estimators': 150, 'n_jobs': None, 'oob_score': False, 'random_state': 42, 'verbose': 0, 'warm_start': False}",0.9358232021331787
Coffee,8,10,10,2,LinearSVC,HMM_GMM,3,"{'n_components': 1, 'n_mix': 3, 'covariance_type': 'diag'}",0.418,0.41853177051982665,"{'C': np.float64(33.59818286283781), 'class_weight': None, 'dual': False, 'fit_intercept': True, 'intercept_scaling': 1, 'loss': 'squared_hinge', 'max_iter': 100, 'multi_class': 'ovr', 'penalty': 'l1', 'random_state': 42, 'tol': 0.001, 'verbose': 0}",0.03503704071044922
Coffee,8,10,10,2,LogisticRegression,HMM_GMM,3,"{'n_components': 1, 'n_mix': 3, 'covariance_type': 'diag'}",0.564,0.5893988241554126,"{'C': np.float64(0.2069138081114788), 'class_weight': 'balanced', 'dual': False, 'fit_intercept': False, 'intercept_scaling': 1, 'l1_ratio': None, 'max_iter': 100, 'multi_class': 'deprecated', 'n_jobs': None, 'penalty': 'l2', 'random_state': 42, 'solver': 'lbfgs', 'tol': 0.0001, 'verbose': 0, 'warm_start': False}",0.041249990463256836
Coffee,8,10,10,2,KNN,HMM_GMM,4,"{'n_components': 4, 'n_mix': 3, 'covariance_type': 'diag'}",0.794,0.7649238896696523,"{'algorithm': 'auto', 'leaf_size': 30, 'metric': 'euclidean', 'metric_params': None, 'n_jobs': None, 'n_neighbors': np.int64(9), 'p': 2, 'weights': 'distance'}",0.011492013931274414
Coffee,8,10,10,2,RandomForest,HMM_GMM,4,"{'n_components': 4, 'n_mix': 3, 'covariance_type': 'diag'}",0.814,0.7979329127603025,"{'bootstrap': True, 'ccp_alpha': 0.0, 'class_weight': 'balanced', 'criterion': 'gini', 'max_depth': None, 'max_features': 'sqrt', 'max_leaf_nodes': None, 'max_samples': None, 'min_impurity_decrease': 0.0, 'min_samples_leaf': 1, 'min_samples_split': 2, 'min_weight_fraction_leaf': 0.0, 'monotonic_cst': None, 'n_estimators': 50, 'n_jobs': None, 'oob_score': False, 'random_state': 42, 'verbose': 0, 'warm_start': False}",0.290677547454834
Coffee,8,10,10,2,LinearSVC,HMM_GMM,4,"{'n_components': 4, 'n_mix': 3, 'covariance_type': 'diag'}",0.584,0.5906714379701085,"{'C': np.float64(33.59818286283781), 'class_weight': 'balanced', 'dual': False, 'fit_intercept': True, 'intercept_scaling': 1, 'loss': 'squared_hinge', 'max_iter': 100, 'multi_class': 'ovr', 'penalty': 'l1', 'random_state': 42, 'tol': 0.0001, 'verbose': 0}",0.04064011573791504
Coffee,8,10,10,2,LogisticRegression,HMM_GMM,4,"{'n_components': 4, 'n_mix': 3, 'covariance_type': 'diag'}",0.506,0.5278235397307149,"{'C': np.float64(33.59818286283781), 'class_weight': 'balanced', 'dual': False, 'fit_intercept': True, 'intercept_scaling': 1, 'l1_ratio': None, 'max_iter': 100, 'multi_class': 'deprecated', 'n_jobs': None, 'penalty': 'l1', 'random_state': 42, 'solver': 'saga', 'tol': 0.0001, 'verbose': 0, 'warm_start': False}",0.11384296417236328
Coffee,8,10,10,2,KNN,HMM_GMM,5,"{'n_components': 1, 'n_mix': 1, 'covariance_type': 'tied'}",0.864,0.8616077979247458,"{'algorithm': 'auto', 'leaf_size': 30, 'metric': 'euclidean', 'metric_params': None, 'n_jobs': None, 'n_neighbors': np.int64(9), 'p': 2, 'weights': 'distance'}",0.01030588150024414
Coffee,8,10,10,2,RandomForest,HMM_GMM,5,"{'n_components': 1, 'n_mix': 1, 'covariance_type': 'tied'}",0.784,0.7451728348280071,"{'bootstrap': True, 'ccp_alpha': 0.0, 'class_weight': 'balanced', 'criterion': 'gini', 'max_depth': 30, 'max_features': 'sqrt', 'max_leaf_nodes': None, 'max_samples': None, 'min_impurity_decrease': 0.0, 'min_samples_leaf': 1, 'min_samples_split': 2, 'min_weight_fraction_leaf': 0.0, 'monotonic_cst': None, 'n_estimators': 150, 'n_jobs': None, 'oob_score': False, 'random_state': 42, 'verbose': 0, 'warm_start': False}",0.9436850547790527
Coffee,8,10,10,2,LinearSVC,HMM_GMM,5,"{'n_components': 1, 'n_mix': 1, 'covariance_type': 'tied'}",0.606,0.6078621839416951,"{'C': np.float64(2.6366508987303554), 'class_weight': 'balanced', 'dual': False, 'fit_intercept': True, 'intercept_scaling': 1, 'loss': 'squared_hinge', 'max_iter': 100, 'multi_class': 'ovr', 'penalty': 'l1', 'random_state': 42, 'tol': 0.0001, 'verbose': 0}",0.0467679500579834
Coffee,8,10,10,2,LogisticRegression,HMM_GMM,5,"{'n_components': 1, 'n_mix': 1, 'covariance_type': 'tied'}",0.562,0.569859390292518,"{'C': np.float64(183.29807108324337), 'class_weight': 'balanced', 'dual': False, 'fit_intercept': True, 'intercept_scaling': 1, 'l1_ratio': None, 'max_iter': 100, 'multi_class': 'deprecated', 'n_jobs': None, 'penalty': 'l1', 'random_state': 42, 'solver': 'saga', 'tol': 0.0001, 'verbose': 0, 'warm_start': False}",0.2280106544494629
Coffee,8,10,10,2,KNN,HMM_GMM,6,"{'n_components': 4, 'n_mix': 3, 'covariance_type': 'diag'}",0.796,0.7667561111209836,"{'algorithm': 'auto', 'leaf_size': 30, 'metric': 'euclidean', 'metric_params': None, 'n_jobs': None, 'n_neighbors': np.int64(9), 'p': 2, 'weights': 'distance'}",0.013006925582885742
Coffee,8,10,10,2,RandomForest,HMM_GMM,6,"{'n_components': 4, 'n_mix': 3, 'covariance_type': 'diag'}",0.854,0.8380140085538957,"{'bootstrap': True, 'ccp_alpha': 0.0, 'class_weight': 'balanced', 'criterion': 'gini', 'max_depth': None, 'max_features': 'sqrt', 'max_leaf_nodes': None, 'max_samples': None, 'min_impurity_decrease': 0.0, 'min_samples_leaf': 1, 'min_samples_split': 2, 'min_weight_fraction_leaf': 0.0, 'monotonic_cst': None, 'n_estimators': 50, 'n_jobs': None, 'oob_score': False, 'random_state': 42, 'verbose': 0, 'warm_start': False}",0.3164844512939453
Coffee,8,10,10,2,LinearSVC,HMM_GMM,6,"{'n_components': 4, 'n_mix': 3, 'covariance_type': 'diag'}",0.61,0.6158060812926276,"{'C': np.float64(33.59818286283781), 'class_weight': 'balanced', 'dual': False, 'fit_intercept': True, 'intercept_scaling': 1, 'loss': 'squared_hinge', 'max_iter': 100, 'multi_class': 'ovr', 'penalty': 'l1', 'random_state': 42, 'tol': 0.001, 'verbose': 0}",0.043376922607421875
Coffee,8,10,10,2,LogisticRegression,HMM_GMM,6,"{'n_components': 4, 'n_mix': 3, 'covariance_type': 'diag'}",0.528,0.5476800272897834,"{'C': np.float64(33.59818286283781), 'class_weight': 'balanced', 'dual': False, 'fit_intercept': True, 'intercept_scaling': 1, 'l1_ratio': None, 'max_iter': 100, 'multi_class': 'deprecated', 'n_jobs': None, 'penalty': 'l1', 'random_state': 42, 'solver': 'saga', 'tol': 0.0001, 'verbose': 0, 'warm_start': False}",0.14148926734924316
Coffee,8,10,10,2,KNN,HMM_GMM,7,"{'n_components': 2, 'n_mix': 5, 'covariance_type': 'diag'}",0.788,0.7542913000495535,"{'algorithm': 'auto', 'leaf_size': 30, 'metric': 'euclidean', 'metric_params': None, 'n_jobs': None, 'n_neighbors': np.int64(9), 'p': 2, 'weights': 'distance'}",0.01133418083190918
Coffee,8,10,10,2,RandomForest,HMM_GMM,7,"{'n_components': 2, 'n_mix': 5, 'covariance_type': 'diag'}",0.856,0.8342113177566675,"{'bootstrap': True, 'ccp_alpha': 0.0, 'class_weight': None, 'criterion': 'gini', 'max_depth': 20, 'max_features': 'sqrt', 'max_leaf_nodes': None, 'max_samples': None, 'min_impurity_decrease': 0.0, 'min_samples_leaf': 1, 'min_samples_split': 2, 'min_weight_fraction_leaf': 0.0, 'monotonic_cst': None, 'n_estimators': 100, 'n_jobs': None, 'oob_score': False, 'random_state': 42, 'verbose': 0, 'warm_start': False}",0.5724084377288818
Coffee,8,10,10,2,LinearSVC,HMM_GMM,7,"{'n_components': 2, 'n_mix': 5, 'covariance_type': 'diag'}",0.586,0.5860726874203963,"{'C': np.float64(33.59818286283781), 'class_weight': 'balanced', 'dual': False, 'fit_intercept': True, 'intercept_scaling': 1, 'loss': 'squared_hinge', 'max_iter': 100, 'multi_class': 'ovr', 'penalty': 'l1', 'random_state': 42, 'tol': 0.001, 'verbose': 0}",0.04698061943054199
Coffee,8,10,10,2,LogisticRegression,HMM_GMM,7,"{'n_components': 2, 'n_mix': 5, 'covariance_type': 'diag'}",0.472,0.49430958125631785,"{'C': np.float64(2.6366508987303554), 'class_weight': 'balanced', 'dual': False, 'fit_intercept': True, 'intercept_scaling': 1, 'l1_ratio': None, 'max_iter': 100, 'multi_class': 'deprecated', 'n_jobs': None, 'penalty': 'l1', 'random_state': 42, 'solver': 'saga', 'tol': 0.0001, 'verbose': 0, 'warm_start': False}",0.17881488800048828
Coffee,8,10,10,2,KNN,HMM_GMM,8,"{'n_components': 1, 'n_mix': 3, 'covariance_type': 'full'}",0.808,0.7862366284397257,"{'algorithm': 'auto', 'leaf_size': 30, 'metric': 'euclidean', 'metric_params': None, 'n_jobs': None, 'n_neighbors': np.int64(9), 'p': 2, 'weights': 'distance'}",0.010783672332763672
Coffee,8,10,10,2,RandomForest,HMM_GMM,8,"{'n_components': 1, 'n_mix': 3, 'covariance_type': 'full'}",0.798,0.7414224903440519,"{'bootstrap': True, 'ccp_alpha': 0.0, 'class_weight': 'balanced', 'criterion': 'gini', 'max_depth': None, 'max_features': 'sqrt', 'max_leaf_nodes': None, 'max_samples': None, 'min_impurity_decrease': 0.0, 'min_samples_leaf': 2, 'min_samples_split': 2, 'min_weight_fraction_leaf': 0.0, 'monotonic_cst': None, 'n_estimators': 150, 'n_jobs': None, 'oob_score': False, 'random_state': 42, 'verbose': 0, 'warm_start': False}",0.891913890838623
Coffee,8,10,10,2,LinearSVC,HMM_GMM,8,"{'n_components': 1, 'n_mix': 3, 'covariance_type': 'full'}",0.61,0.6119934739604971,"{'C': np.float64(183.29807108324337), 'class_weight': None, 'dual': False, 'fit_intercept': True, 'intercept_scaling': 1, 'loss': 'squared_hinge', 'max_iter': 100, 'multi_class': 'ovr', 'penalty': 'l1', 'random_state': 42, 'tol': 0.001, 'verbose': 0}",0.04540848731994629
Coffee,8,10,10,2,LogisticRegression,HMM_GMM,8,"{'n_components': 1, 'n_mix': 3, 'covariance_type': 'full'}",0.664,0.675540722830093,"{'C': np.float64(33.59818286283781), 'class_weight': 'balanced', 'dual': False, 'fit_intercept': True, 'intercept_scaling': 1, 'l1_ratio': None, 'max_iter': 100, 'multi_class': 'deprecated', 'n_jobs': None, 'penalty': 'l1', 'random_state': 42, 'solver': 'saga', 'tol': 0.0001, 'verbose': 0, 'warm_start': False}",0.18951201438903809
Coffee,8,10,10,2,KNN,HMM_GMM,9,"{'n_components': 5, 'n_mix': 1, 'covariance_type': 'diag'}",0.792,0.7559136651782947,"{'algorithm': 'auto', 'leaf_size': 30, 'metric': 'euclidean', 'metric_params': None, 'n_jobs': None, 'n_neighbors': np.int64(9), 'p': 2, 'weights': 'distance'}",0.012433528900146484
Coffee,8,10,10,2,RandomForest,HMM_GMM,9,"{'n_components': 5, 'n_mix': 1, 'covariance_type': 'diag'}",0.822,0.7772590620406579,"{'bootstrap': True, 'ccp_alpha': 0.0, 'class_weight': 'balanced', 'criterion': 'gini', 'max_depth': None, 'max_features': 'sqrt', 'max_leaf_nodes': None, 'max_samples': None, 'min_impurity_decrease': 0.0, 'min_samples_leaf': 1, 'min_samples_split': 2, 'min_weight_fraction_leaf': 0.0, 'monotonic_cst': None, 'n_estimators': 50, 'n_jobs': None, 'oob_score': False, 'random_state': 42, 'verbose': 0, 'warm_start': False}",0.3458714485168457
Coffee,8,10,10,2,LinearSVC,HMM_GMM,9,"{'n_components': 5, 'n_mix': 1, 'covariance_type': 'diag'}",0.452,0.4658349148646121,"{'C': np.float64(33.59818286283781), 'class_weight': 'balanced', 'dual': False, 'fit_intercept': True, 'intercept_scaling': 1, 'loss': 'squared_hinge', 'max_iter': 100, 'multi_class': 'ovr', 'penalty': 'l1', 'random_state': 42, 'tol': 0.001, 'verbose': 0}",0.043860435485839844
Coffee,8,10,10,2,LogisticRegression,HMM_GMM,9,"{'n_components': 5, 'n_mix': 1, 'covariance_type': 'diag'}",0.412,0.4294306678244856,"{'C': np.float64(33.59818286283781), 'class_weight': 'balanced', 'dual': False, 'fit_intercept': True, 'intercept_scaling': 1, 'l1_ratio': None, 'max_iter': 100, 'multi_class': 'deprecated', 'n_jobs': None, 'penalty': 'l2', 'random_state': 42, 'solver': 'saga', 'tol': 0.0001, 'verbose': 0, 'warm_start': False}",0.0415949821472168
Coffee,8,10,10,2,KNN,HMM_GMM,10,"{'n_components': 3, 'n_mix': 5, 'covariance_type': 'diag'}",0.784,0.7496763023185788,"{'algorithm': 'auto', 'leaf_size': 30, 'metric': 'euclidean', 'metric_params': None, 'n_jobs': None, 'n_neighbors': np.int64(9), 'p': 2, 'weights': 'distance'}",0.012743234634399414
Coffee,8,10,10,2,RandomForest,HMM_GMM,10,"{'n_components': 3, 'n_mix': 5, 'covariance_type': 'diag'}",0.804,0.7466075977973606,"{'bootstrap': True, 'ccp_alpha': 0.0, 'class_weight': 'balanced', 'criterion': 'gini', 'max_depth': None, 'max_features': 'sqrt', 'max_leaf_nodes': None, 'max_samples': None, 'min_impurity_decrease': 0.0, 'min_samples_leaf': 1, 'min_samples_split': 2, 'min_weight_fraction_leaf': 0.0, 'monotonic_cst': None, 'n_estimators': 50, 'n_jobs': None, 'oob_score': False, 'random_state': 42, 'verbose': 0, 'warm_start': False}",0.3309478759765625
Coffee,8,10,10,2,LinearSVC,HMM_GMM,10,"{'n_components': 3, 'n_mix': 5, 'covariance_type': 'diag'}",0.586,0.5936001809927312,"{'C': np.float64(33.59818286283781), 'class_weight': None, 'dual': False, 'fit_intercept': True, 'intercept_scaling': 1, 'loss': 'squared_hinge', 'max_iter': 100, 'multi_class': 'ovr', 'penalty': 'l1', 'random_state': 42, 'tol': 0.001, 'verbose': 0}",0.08844470977783203
Coffee,8,10,10,2,LogisticRegression,HMM_GMM,10,"{'n_components': 3, 'n_mix': 5, 'covariance_type': 'diag'}",0.458,0.4795781153789755,"{'C': np.float64(183.29807108324337), 'class_weight': None, 'dual': False, 'fit_intercept': True, 'intercept_scaling': 1, 'l1_ratio': None, 'max_iter': 100, 'multi_class': 'deprecated', 'n_jobs': None, 'penalty': 'l2', 'random_state': 42, 'solver': 'saga', 'tol': 0.0001, 'verbose': 0, 'warm_start': False}",0.0815896987915039
Coffee,8,10,10,3,KNN,HMM_GMM,1,"{'n_components': 2, 'n_mix': 1, 'covariance_type': 'diag'}",0.788,0.75693500566502,"{'algorithm': 'auto', 'leaf_size': 30, 'metric': 'euclidean', 'metric_params': None, 'n_jobs': None, 'n_neighbors': np.int64(9), 'p': 2, 'weights': 'distance'}",0.01855015754699707
Coffee,8,10,10,3,RandomForest,HMM_GMM,1,"{'n_components': 2, 'n_mix': 1, 'covariance_type': 'diag'}",0.782,0.7253611769490508,"{'bootstrap': True, 'ccp_alpha': 0.0, 'class_weight': None, 'criterion': 'gini', 'max_depth': None, 'max_features': 'sqrt', 'max_leaf_nodes': None, 'max_samples': None, 'min_impurity_decrease': 0.0, 'min_samples_leaf': 4, 'min_samples_split': 2, 'min_weight_fraction_leaf': 0.0, 'monotonic_cst': None, 'n_estimators': 50, 'n_jobs': None, 'oob_score': False, 'random_state': 42, 'verbose': 0, 'warm_start': False}",0.3519892692565918
Coffee,8,10,10,3,LinearSVC,HMM_GMM,1,"{'n_components': 2, 'n_mix': 1, 'covariance_type': 'diag'}",0.422,0.4183218863321134,"{'C': np.float64(2.6366508987303554), 'class_weight': 'balanced', 'dual': False, 'fit_intercept': True, 'intercept_scaling': 1, 'loss': 'squared_hinge', 'max_iter': 100, 'multi_class': 'ovr', 'penalty': 'l1', 'random_state': 42, 'tol': 0.0001, 'verbose': 0}",0.04255032539367676
Coffee,8,10,10,3,LogisticRegression,HMM_GMM,1,"{'n_components': 2, 'n_mix': 1, 'covariance_type': 'diag'}",0.398,0.3987579908675799,"{'C': np.float64(183.29807108324337), 'class_weight': None, 'dual': False, 'fit_intercept': True, 'intercept_scaling': 1, 'l1_ratio': None, 'max_iter': 100, 'multi_class': 'deprecated', 'n_jobs': None, 'penalty': 'l2', 'random_state': 42, 'solver': 'saga', 'tol': 0.0001, 'verbose': 0, 'warm_start': False}",0.03783845901489258
Coffee,8,10,10,3,KNN,HMM_GMM,2,"{'n_components': 2, 'n_mix': 4, 'covariance_type': 'tied'}",0.776,0.7274094106829178,"{'algorithm': 'auto', 'leaf_size': 30, 'metric': 'minkowski', 'metric_params': None, 'n_jobs': None, 'n_neighbors': np.int64(13), 'p': 4, 'weights': 'distance'}",0.03148055076599121
Coffee,8,10,10,3,RandomForest,HMM_GMM,2,"{'n_components': 2, 'n_mix': 4, 'covariance_type': 'tied'}",0.758,0.708358156286002,"{'bootstrap': True, 'ccp_alpha': 0.0, 'class_weight': None, 'criterion': 'gini', 'max_depth': None, 'max_features': 'sqrt', 'max_leaf_nodes': None, 'max_samples': None, 'min_impurity_decrease': 0.0, 'min_samples_leaf': 4, 'min_samples_split': 2, 'min_weight_fraction_leaf': 0.0, 'monotonic_cst': None, 'n_estimators': 50, 'n_jobs': None, 'oob_score': False, 'random_state': 42, 'verbose': 0, 'warm_start': False}",0.3364121913909912
Coffee,8,10,10,3,LinearSVC,HMM_GMM,2,"{'n_components': 2, 'n_mix': 4, 'covariance_type': 'tied'}",0.592,0.5976243577454227,"{'C': np.float64(2.6366508987303554), 'class_weight': 'balanced', 'dual': False, 'fit_intercept': True, 'intercept_scaling': 1, 'loss': 'squared_hinge', 'max_iter': 100, 'multi_class': 'ovr', 'penalty': 'l1', 'random_state': 42, 'tol': 0.0001, 'verbose': 0}",0.06965017318725586
Coffee,8,10,10,3,LogisticRegression,HMM_GMM,2,"{'n_components': 2, 'n_mix': 4, 'covariance_type': 'tied'}",0.602,0.6061241778175963,"{'C': np.float64(2.6366508987303554), 'class_weight': 'balanced', 'dual': False, 'fit_intercept': True, 'intercept_scaling': 1, 'l1_ratio': None, 'max_iter': 100, 'multi_class': 'deprecated', 'n_jobs': None, 'penalty': 'l1', 'random_state': 42, 'solver': 'saga', 'tol': 0.0001, 'verbose': 0, 'warm_start': False}",0.2834203243255615
Coffee,8,10,10,3,KNN,HMM_GMM,3,"{'n_components': 1, 'n_mix': 3, 'covariance_type': 'diag'}",0.784,0.7491516807041505,"{'algorithm': 'auto', 'leaf_size': 30, 'metric': 'euclidean', 'metric_params': None, 'n_jobs': None, 'n_neighbors': np.int64(9), 'p': 2, 'weights': 'distance'}",0.01733565330505371
Coffee,8,10,10,3,RandomForest,HMM_GMM,3,"{'n_components': 1, 'n_mix': 3, 'covariance_type': 'diag'}",0.87,0.8613350750408688,"{'bootstrap': True, 'ccp_alpha': 0.0, 'class_weight': None, 'criterion': 'gini', 'max_depth': None, 'max_features': 'sqrt', 'max_leaf_nodes': None, 'max_samples': None, 'min_impurity_decrease': 0.0, 'min_samples_leaf': 4, 'min_samples_split': 2, 'min_weight_fraction_leaf': 0.0, 'monotonic_cst': None, 'n_estimators': 50, 'n_jobs': None, 'oob_score': False, 'random_state': 42, 'verbose': 0, 'warm_start': False}",0.4208061695098877
Coffee,8,10,10,3,LinearSVC,HMM_GMM,3,"{'n_components': 1, 'n_mix': 3, 'covariance_type': 'diag'}",0.428,0.43130834659450934,"{'C': np.float64(2.6366508987303554), 'class_weight': 'balanced', 'dual': False, 'fit_intercept': True, 'intercept_scaling': 1, 'loss': 'squared_hinge', 'max_iter': 100, 'multi_class': 'ovr', 'penalty': 'l1', 'random_state': 42, 'tol': 0.0001, 'verbose': 0}",0.057088613510131836
Coffee,8,10,10,3,LogisticRegression,HMM_GMM,3,"{'n_components': 1, 'n_mix': 3, 'covariance_type': 'diag'}",0.418,0.4260439463131396,"{'C': np.float64(1000.0), 'class_weight': 'balanced', 'dual': False, 'fit_intercept': True, 'intercept_scaling': 1, 'l1_ratio': None, 'max_iter': 100, 'multi_class': 'deprecated', 'n_jobs': None, 'penalty': 'l2', 'random_state': 42, 'solver': 'sag', 'tol': 0.0001, 'verbose': 0, 'warm_start': False}",0.0572507381439209
Coffee,8,10,10,3,KNN,HMM_GMM,4,"{'n_components': 4, 'n_mix': 3, 'covariance_type': 'diag'}",0.768,0.7498175098175098,"{'algorithm': 'auto', 'leaf_size': 30, 'metric': 'minkowski', 'metric_params': None, 'n_jobs': None, 'n_neighbors': np.int64(13), 'p': 4, 'weights': 'distance'}",0.041909217834472656
Coffee,8,10,10,3,RandomForest,HMM_GMM,4,"{'n_components': 4, 'n_mix': 3, 'covariance_type': 'diag'}",0.774,0.7239873175386874,"{'bootstrap': True, 'ccp_alpha': 0.0, 'class_weight': None, 'criterion': 'gini', 'max_depth': 10, 'max_features': 'sqrt', 'max_leaf_nodes': None, 'max_samples': None, 'min_impurity_decrease': 0.0, 'min_samples_leaf': 4, 'min_samples_split': 2, 'min_weight_fraction_leaf': 0.0, 'monotonic_cst': None, 'n_estimators': 50, 'n_jobs': None, 'oob_score': False, 'random_state': 42, 'verbose': 0, 'warm_start': False}",0.340024471282959
Coffee,8,10,10,3,LinearSVC,HMM_GMM,4,"{'n_components': 4, 'n_mix': 3, 'covariance_type': 'diag'}",0.568,0.5690857686624408,"{'C': np.float64(2.6366508987303554), 'class_weight': 'balanced', 'dual': False, 'fit_intercept': True, 'intercept_scaling': 1, 'loss': 'squared_hinge', 'max_iter': 100, 'multi_class': 'ovr', 'penalty': 'l1', 'random_state': 42, 'tol': 0.0001, 'verbose': 0}",0.059706926345825195
Coffee,8,10,10,3,LogisticRegression,HMM_GMM,4,"{'n_components': 4, 'n_mix': 3, 'covariance_type': 'diag'}",0.564,0.5768007292291959,"{'C': np.float64(33.59818286283781), 'class_weight': 'balanced', 'dual': False, 'fit_intercept': True, 'intercept_scaling': 1, 'l1_ratio': None, 'max_iter': 100, 'multi_class': 'deprecated', 'n_jobs': None, 'penalty': 'l2', 'random_state': 42, 'solver': 'saga', 'tol': 0.0001, 'verbose': 0, 'warm_start': False}",0.08338713645935059
Coffee,8,10,10,3,KNN,HMM_GMM,5,"{'n_components': 1, 'n_mix': 1, 'covariance_type': 'tied'}",0.864,0.8616077979247458,"{'algorithm': 'auto', 'leaf_size': 30, 'metric': 'euclidean', 'metric_params': None, 'n_jobs': None, 'n_neighbors': np.int64(9), 'p': 2, 'weights': 'distance'}",0.018550634384155273
Coffee,8,10,10,3,RandomForest,HMM_GMM,5,"{'n_components': 1, 'n_mix': 1, 'covariance_type': 'tied'}",0.812,0.7912054557992301,"{'bootstrap': True, 'ccp_alpha': 0.0, 'class_weight': None, 'criterion': 'gini', 'max_depth': 30, 'max_features': 'sqrt', 'max_leaf_nodes': None, 'max_samples': None, 'min_impurity_decrease': 0.0, 'min_samples_leaf': 1, 'min_samples_split': 5, 'min_weight_fraction_leaf': 0.0, 'monotonic_cst': None, 'n_estimators': 50, 'n_jobs': None, 'oob_score': False, 'random_state': 42, 'verbose': 0, 'warm_start': False}",0.3431403636932373
Coffee,8,10,10,3,LinearSVC,HMM_GMM,5,"{'n_components': 1, 'n_mix': 1, 'covariance_type': 'tied'}",0.576,0.5852737925141382,"{'C': np.float64(1000.0), 'class_weight': 'balanced', 'dual': False, 'fit_intercept': True, 'intercept_scaling': 1, 'loss': 'squared_hinge', 'max_iter': 100, 'multi_class': 'ovr', 'penalty': 'l2', 'random_state': 42, 'tol': 0.001, 'verbose': 0}",0.0383458137512207
Coffee,8,10,10,3,LogisticRegression,HMM_GMM,5,"{'n_components': 1, 'n_mix': 1, 'covariance_type': 'tied'}",0.552,0.5619431992541267,"{'C': np.float64(1000.0), 'class_weight': 'balanced', 'dual': False, 'fit_intercept': True, 'intercept_scaling': 1, 'l1_ratio': None, 'max_iter': 100, 'multi_class': 'deprecated', 'n_jobs': None, 'penalty': 'l2', 'random_state': 42, 'solver': 'sag', 'tol': 0.0001, 'verbose': 0, 'warm_start': False}",0.24066781997680664
Coffee,8,10,10,3,KNN,HMM_GMM,6,"{'n_components': 4, 'n_mix': 3, 'covariance_type': 'diag'}",0.768,0.7498175098175098,"{'algorithm': 'auto', 'leaf_size': 30, 'metric': 'minkowski', 'metric_params': None, 'n_jobs': None, 'n_neighbors': np.int64(13), 'p': 4, 'weights': 'distance'}",0.04190993309020996
Coffee,8,10,10,3,RandomForest,HMM_GMM,6,"{'n_components': 4, 'n_mix': 3, 'covariance_type': 'diag'}",0.766,0.7178324949896457,"{'bootstrap': True, 'ccp_alpha': 0.0, 'class_weight': None, 'criterion': 'gini', 'max_depth': 10, 'max_features': 'sqrt', 'max_leaf_nodes': None, 'max_samples': None, 'min_impurity_decrease': 0.0, 'min_samples_leaf': 4, 'min_samples_split': 2, 'min_weight_fraction_leaf': 0.0, 'monotonic_cst': None, 'n_estimators': 50, 'n_jobs': None, 'oob_score': False, 'random_state': 42, 'verbose': 0, 'warm_start': False}",0.36097073554992676
Coffee,8,10,10,3,LinearSVC,HMM_GMM,6,"{'n_components': 4, 'n_mix': 3, 'covariance_type': 'diag'}",0.568,0.5690857686624408,"{'C': np.float64(2.6366508987303554), 'class_weight': 'balanced', 'dual': False, 'fit_intercept': True, 'intercept_scaling': 1, 'loss': 'squared_hinge', 'max_iter': 100, 'multi_class': 'ovr', 'penalty': 'l1', 'random_state': 42, 'tol': 0.0001, 'verbose': 0}",0.0677337646484375
Coffee,8,10,10,3,LogisticRegression,HMM_GMM,6,"{'n_components': 4, 'n_mix': 3, 'covariance_type': 'diag'}",0.564,0.5768007292291959,"{'C': np.float64(33.59818286283781), 'class_weight': 'balanced', 'dual': False, 'fit_intercept': True, 'intercept_scaling': 1, 'l1_ratio': None, 'max_iter': 100, 'multi_class': 'deprecated', 'n_jobs': None, 'penalty': 'l2', 'random_state': 42, 'solver': 'saga', 'tol': 0.0001, 'verbose': 0, 'warm_start': False}",0.09032130241394043
Coffee,8,10,10,3,KNN,HMM_GMM,7,"{'n_components': 2, 'n_mix': 5, 'covariance_type': 'diag'}",0.788,0.7542913000495535,"{'algorithm': 'auto', 'leaf_size': 30, 'metric': 'euclidean', 'metric_params': None, 'n_jobs': None, 'n_neighbors': np.int64(9), 'p': 2, 'weights': 'distance'}",0.01763176918029785
Coffee,8,10,10,3,RandomForest,HMM_GMM,7,"{'n_components': 2, 'n_mix': 5, 'covariance_type': 'diag'}",0.852,0.8439821567518716,"{'bootstrap': True, 'ccp_alpha': 0.0, 'class_weight': None, 'criterion': 'gini', 'max_depth': None, 'max_features': 'sqrt', 'max_leaf_nodes': None, 'max_samples': None, 'min_impurity_decrease': 0.0, 'min_samples_leaf': 4, 'min_samples_split': 10, 'min_weight_fraction_leaf': 0.0, 'monotonic_cst': None, 'n_estimators': 50, 'n_jobs': None, 'oob_score': False, 'random_state': 42, 'verbose': 0, 'warm_start': False}",0.374971866607666
Coffee,8,10,10,3,LinearSVC,HMM_GMM,7,"{'n_components': 2, 'n_mix': 5, 'covariance_type': 'diag'}",0.59,0.5877763041556145,"{'C': np.float64(2.6366508987303554), 'class_weight': 'balanced', 'dual': False, 'fit_intercept': True, 'intercept_scaling': 1, 'loss': 'squared_hinge', 'max_iter': 100, 'multi_class': 'ovr', 'penalty': 'l1', 'random_state': 42, 'tol': 0.0001, 'verbose': 0}",0.0746908187866211
Coffee,8,10,10,3,LogisticRegression,HMM_GMM,7,"{'n_components': 2, 'n_mix': 5, 'covariance_type': 'diag'}",0.466,0.48791649990574226,"{'C': np.float64(183.29807108324337), 'class_weight': None, 'dual': False, 'fit_intercept': True, 'intercept_scaling': 1, 'l1_ratio': None, 'max_iter': 100, 'multi_class': 'deprecated', 'n_jobs': None, 'penalty': 'l2', 'random_state': 42, 'solver': 'saga', 'tol': 0.0001, 'verbose': 0, 'warm_start': False}",0.08024191856384277
Coffee,8,10,10,3,KNN,HMM_GMM,8,"{'n_components': 1, 'n_mix': 3, 'covariance_type': 'full'}",0.76,0.7321082657309782,"{'algorithm': 'auto', 'leaf_size': 30, 'metric': 'minkowski', 'metric_params': None, 'n_jobs': None, 'n_neighbors': np.int64(13), 'p': 4, 'weights': 'distance'}",0.037837982177734375
Coffee,8,10,10,3,RandomForest,HMM_GMM,8,"{'n_components': 1, 'n_mix': 3, 'covariance_type': 'full'}",0.76,0.7094379037358046,"{'bootstrap': True, 'ccp_alpha': 0.0, 'class_weight': None, 'criterion': 'gini', 'max_depth': None, 'max_features': 'sqrt', 'max_leaf_nodes': None, 'max_samples': None, 'min_impurity_decrease': 0.0, 'min_samples_leaf': 4, 'min_samples_split': 2, 'min_weight_fraction_leaf': 0.0, 'monotonic_cst': None, 'n_estimators': 50, 'n_jobs': None, 'oob_score': False, 'random_state': 42, 'verbose': 0, 'warm_start': False}",0.38080406188964844
Coffee,8,10,10,3,LinearSVC,HMM_GMM,8,"{'n_components': 1, 'n_mix': 3, 'covariance_type': 'full'}",0.616,0.6177042234384544,"{'C': np.float64(183.29807108324337), 'class_weight': 'balanced', 'dual': False, 'fit_intercept': True, 'intercept_scaling': 1, 'loss': 'squared_hinge', 'max_iter': 100, 'multi_class': 'ovr', 'penalty': 'l1', 'random_state': 42, 'tol': 0.0001, 'verbose': 0}",0.07978081703186035
Coffee,8,10,10,3,LogisticRegression,HMM_GMM,8,"{'n_components': 1, 'n_mix': 3, 'covariance_type': 'full'}",0.67,0.6798292902066487,"{'C': np.float64(2.6366508987303554), 'class_weight': 'balanced', 'dual': False, 'fit_intercept': True, 'intercept_scaling': 1, 'l1_ratio': None, 'max_iter': 100, 'multi_class': 'deprecated', 'n_jobs': None, 'penalty': 'l1', 'random_state': 42, 'solver': 'saga', 'tol': 0.0001, 'verbose': 0, 'warm_start': False}",0.29358386993408203
Coffee,8,10,10,3,KNN,HMM_GMM,9,"{'n_components': 5, 'n_mix': 1, 'covariance_type': 'diag'}",0.782,0.7563840810352439,"{'algorithm': 'auto', 'leaf_size': 30, 'metric': 'chebyshev', 'metric_params': None, 'n_jobs': None, 'n_neighbors': np.int64(5), 'p': 2, 'weights': 'uniform'}",0.030437707901000977
Coffee,8,10,10,3,RandomForest,HMM_GMM,9,"{'n_components': 5, 'n_mix': 1, 'covariance_type': 'diag'}",0.848,0.8301494652600618,"{'bootstrap': True, 'ccp_alpha': 0.0, 'class_weight': 'balanced', 'criterion': 'gini', 'max_depth': 20, 'max_features': 'sqrt', 'max_leaf_nodes': None, 'max_samples': None, 'min_impurity_decrease': 0.0, 'min_samples_leaf': 2, 'min_samples_split': 10, 'min_weight_fraction_leaf': 0.0, 'monotonic_cst': None, 'n_estimators': 150, 'n_jobs': None, 'oob_score': False, 'random_state': 42, 'verbose': 0, 'warm_start': False}",1.2362244129180908
Coffee,8,10,10,3,LinearSVC,HMM_GMM,9,"{'n_components': 5, 'n_mix': 1, 'covariance_type': 'diag'}",0.432,0.446754660892791,"{'C': np.float64(33.59818286283781), 'class_weight': 'balanced', 'dual': False, 'fit_intercept': True, 'intercept_scaling': 1, 'loss': 'squared_hinge', 'max_iter': 100, 'multi_class': 'ovr', 'penalty': 'l1', 'random_state': 42, 'tol': 0.001, 'verbose': 0}",0.058676958084106445
Coffee,8,10,10,3,LogisticRegression,HMM_GMM,9,"{'n_components': 5, 'n_mix': 1, 'covariance_type': 'diag'}",0.406,0.4218111587224687,"{'C': np.float64(33.59818286283781), 'class_weight': 'balanced', 'dual': False, 'fit_intercept': True, 'intercept_scaling': 1, 'l1_ratio': None, 'max_iter': 100, 'multi_class': 'deprecated', 'n_jobs': None, 'penalty': 'l2', 'random_state': 42, 'solver': 'saga', 'tol': 0.0001, 'verbose': 0, 'warm_start': False}",0.043618202209472656
Coffee,8,10,10,3,KNN,HMM_GMM,10,"{'n_components': 3, 'n_mix': 5, 'covariance_type': 'diag'}",0.784,0.7496763023185788,"{'algorithm': 'auto', 'leaf_size': 30, 'metric': 'euclidean', 'metric_params': None, 'n_jobs': None, 'n_neighbors': np.int64(9), 'p': 2, 'weights': 'distance'}",0.016018390655517578
Coffee,8,10,10,3,RandomForest,HMM_GMM,10,"{'n_components': 3, 'n_mix': 5, 'covariance_type': 'diag'}",0.86,0.843085512115163,"{'bootstrap': True, 'ccp_alpha': 0.0, 'class_weight': 'balanced', 'criterion': 'gini', 'max_depth': 20, 'max_features': 'sqrt', 'max_leaf_nodes': None, 'max_samples': None, 'min_impurity_decrease': 0.0, 'min_samples_leaf': 2, 'min_samples_split': 10, 'min_weight_fraction_leaf': 0.0, 'monotonic_cst': None, 'n_estimators': 150, 'n_jobs': None, 'oob_score': False, 'random_state': 42, 'verbose': 0, 'warm_start': False}",1.0098819732666016
Coffee,8,10,10,3,LinearSVC,HMM_GMM,10,"{'n_components': 3, 'n_mix': 5, 'covariance_type': 'diag'}",0.608,0.6100213123532124,"{'C': np.float64(0.4832930238571752), 'class_weight': 'balanced', 'dual': False, 'fit_intercept': True, 'intercept_scaling': 1, 'loss': 'squared_hinge', 'max_iter': 100, 'multi_class': 'ovr', 'penalty': 'l1', 'random_state': 42, 'tol': 0.0001, 'verbose': 0}",0.06724166870117188
Coffee,8,10,10,3,LogisticRegression,HMM_GMM,10,"{'n_components': 3, 'n_mix': 5, 'covariance_type': 'diag'}",0.444,0.4659333182810266,"{'C': np.float64(2.6366508987303554), 'class_weight': 'balanced', 'dual': False, 'fit_intercept': True, 'intercept_scaling': 1, 'l1_ratio': None, 'max_iter': 100, 'multi_class': 'deprecated', 'n_jobs': None, 'penalty': 'l1', 'random_state': 42, 'solver': 'saga', 'tol': 0.0001, 'verbose': 0, 'warm_start': False}",0.2703099250793457
Coffee,8,10,10,5,KNN,HMM_GMM,1,"{'n_components': 2, 'n_mix': 1, 'covariance_type': 'diag'}",0.802,0.7649212230607579,"{'algorithm': 'auto', 'leaf_size': 30, 'metric': 'minkowski', 'metric_params': None, 'n_jobs': None, 'n_neighbors': 5, 'p': 2, 'weights': 'uniform'}",0.044898271560668945
Coffee,8,10,10,5,RandomForest,HMM_GMM,1,"{'n_components': 2, 'n_mix': 1, 'covariance_type': 'diag'}",0.804,0.7516794694094331,"{'bootstrap': True, 'ccp_alpha': 0.0, 'class_weight': None, 'criterion': 'gini', 'max_depth': None, 'max_features': 'sqrt', 'max_leaf_nodes': None, 'max_samples': None, 'min_impurity_decrease': 0.0, 'min_samples_leaf': 1, 'min_samples_split': 2, 'min_weight_fraction_leaf': 0.0, 'monotonic_cst': None, 'n_estimators': 100, 'n_jobs': None, 'oob_score': False, 'random_state': 42, 'verbose': 0, 'warm_start': False}",0.94716477394104
Coffee,8,10,10,5,LinearSVC,HMM_GMM,1,"{'n_components': 2, 'n_mix': 1, 'covariance_type': 'diag'}",0.4,0.39081673818168483,"{'C': 1.0, 'class_weight': None, 'dual': False, 'fit_intercept': True, 'intercept_scaling': 1, 'loss': 'squared_hinge', 'max_iter': 100, 'multi_class': 'ovr', 'penalty': 'l2', 'random_state': 42, 'tol': 0.0001, 'verbose': 0}",0.03235960006713867
Coffee,8,10,10,5,LogisticRegression,HMM_GMM,1,"{'n_components': 2, 'n_mix': 1, 'covariance_type': 'diag'}",0.4,0.3980483068333535,"{'C': 1.0, 'class_weight': None, 'dual': False, 'fit_intercept': True, 'intercept_scaling': 1, 'l1_ratio': None, 'max_iter': 100, 'multi_class': 'deprecated', 'n_jobs': None, 'penalty': 'l2', 'random_state': 42, 'solver': 'lbfgs', 'tol': 0.0001, 'verbose': 0, 'warm_start': False}",0.06504487991333008
Coffee,8,10,10,5,KNN,HMM_GMM,2,"{'n_components': 2, 'n_mix': 4, 'covariance_type': 'tied'}",0.796,0.742647044858568,"{'algorithm': 'auto', 'leaf_size': 30, 'metric': 'minkowski', 'metric_params': None, 'n_jobs': None, 'n_neighbors': 5, 'p': 2, 'weights': 'uniform'}",0.03762006759643555
Coffee,8,10,10,5,RandomForest,HMM_GMM,2,"{'n_components': 2, 'n_mix': 4, 'covariance_type': 'tied'}",0.818,0.7613708325572731,"{'bootstrap': True, 'ccp_alpha': 0.0, 'class_weight': None, 'criterion': 'gini', 'max_depth': None, 'max_features': 'sqrt', 'max_leaf_nodes': None, 'max_samples': None, 'min_impurity_decrease': 0.0, 'min_samples_leaf': 1, 'min_samples_split': 2, 'min_weight_fraction_leaf': 0.0, 'monotonic_cst': None, 'n_estimators': 100, 'n_jobs': None, 'oob_score': False, 'random_state': 42, 'verbose': 0, 'warm_start': False}",0.8271849155426025
Coffee,8,10,10,5,LinearSVC,HMM_GMM,2,"{'n_components': 2, 'n_mix': 4, 'covariance_type': 'tied'}",0.566,0.5817924426511584,"{'C': 1.0, 'class_weight': None, 'dual': False, 'fit_intercept': True, 'intercept_scaling': 1, 'loss': 'squared_hinge', 'max_iter': 100, 'multi_class': 'ovr', 'penalty': 'l2', 'random_state': 42, 'tol': 0.0001, 'verbose': 0}",0.04707646369934082
Coffee,8,10,10,5,LogisticRegression,HMM_GMM,2,"{'n_components': 2, 'n_mix': 4, 'covariance_type': 'tied'}",0.596,0.5987902527937345,"{'C': 1.0, 'class_weight': None, 'dual': False, 'fit_intercept': True, 'intercept_scaling': 1, 'l1_ratio': None, 'max_iter': 100, 'multi_class': 'deprecated', 'n_jobs': None, 'penalty': 'l2', 'random_state': 42, 'solver': 'lbfgs', 'tol': 0.0001, 'verbose': 0, 'warm_start': False}",0.17018914222717285
Coffee,8,10,10,5,KNN,HMM_GMM,3,"{'n_components': 1, 'n_mix': 3, 'covariance_type': 'diag'}",0.8,0.7631562433214819,"{'algorithm': 'auto', 'leaf_size': 30, 'metric': 'minkowski', 'metric_params': None, 'n_jobs': None, 'n_neighbors': 5, 'p': 2, 'weights': 'uniform'}",0.03871893882751465
Coffee,8,10,10,5,RandomForest,HMM_GMM,3,"{'n_components': 1, 'n_mix': 3, 'covariance_type': 'diag'}",0.856,0.842519984773506,"{'bootstrap': True, 'ccp_alpha': 0.0, 'class_weight': None, 'criterion': 'gini', 'max_depth': None, 'max_features': 'sqrt', 'max_leaf_nodes': None, 'max_samples': None, 'min_impurity_decrease': 0.0, 'min_samples_leaf': 1, 'min_samples_split': 2, 'min_weight_fraction_leaf': 0.0, 'monotonic_cst': None, 'n_estimators': 100, 'n_jobs': None, 'oob_score': False, 'random_state': 42, 'verbose': 0, 'warm_start': False}",0.8470301628112793
Coffee,8,10,10,5,LinearSVC,HMM_GMM,3,"{'n_components': 1, 'n_mix': 3, 'covariance_type': 'diag'}",0.414,0.4158953010804243,"{'C': 1.0, 'class_weight': None, 'dual': False, 'fit_intercept': True, 'intercept_scaling': 1, 'loss': 'squared_hinge', 'max_iter': 100, 'multi_class': 'ovr', 'penalty': 'l2', 'random_state': 42, 'tol': 0.0001, 'verbose': 0}",0.03972482681274414
Coffee,8,10,10,5,LogisticRegression,HMM_GMM,3,"{'n_components': 1, 'n_mix': 3, 'covariance_type': 'diag'}",0.418,0.4219069069069069,"{'C': 1.0, 'class_weight': None, 'dual': False, 'fit_intercept': True, 'intercept_scaling': 1, 'l1_ratio': None, 'max_iter': 100, 'multi_class': 'deprecated', 'n_jobs': None, 'penalty': 'l2', 'random_state': 42, 'solver': 'lbfgs', 'tol': 0.0001, 'verbose': 0, 'warm_start': False}",0.10961699485778809
Coffee,8,10,10,5,KNN,HMM_GMM,4,"{'n_components': 4, 'n_mix': 3, 'covariance_type': 'diag'}",0.808,0.7753287702850048,"{'algorithm': 'auto', 'leaf_size': 30, 'metric': 'minkowski', 'metric_params': None, 'n_jobs': None, 'n_neighbors': 5, 'p': 2, 'weights': 'uniform'}",0.04877471923828125
Coffee,8,10,10,5,RandomForest,HMM_GMM,4,"{'n_components': 4, 'n_mix': 3, 'covariance_type': 'diag'}",0.822,0.7905720988226583,"{'bootstrap': True, 'ccp_alpha': 0.0, 'class_weight': None, 'criterion': 'gini', 'max_depth': None, 'max_features': 'sqrt', 'max_leaf_nodes': None, 'max_samples': None, 'min_impurity_decrease': 0.0, 'min_samples_leaf': 1, 'min_samples_split': 2, 'min_weight_fraction_leaf': 0.0, 'monotonic_cst': None, 'n_estimators': 100, 'n_jobs': None, 'oob_score': False, 'random_state': 42, 'verbose': 0, 'warm_start': False}",0.916656494140625
Coffee,8,10,10,5,LinearSVC,HMM_GMM,4,"{'n_components': 4, 'n_mix': 3, 'covariance_type': 'diag'}",0.506,0.5024229302149863,"{'C': 1.0, 'class_weight': None, 'dual': False, 'fit_intercept': True, 'intercept_scaling': 1, 'loss': 'squared_hinge', 'max_iter': 100, 'multi_class': 'ovr', 'penalty': 'l2', 'random_state': 42, 'tol': 0.0001, 'verbose': 0}",0.040943145751953125
Coffee,8,10,10,5,LogisticRegression,HMM_GMM,4,"{'n_components': 4, 'n_mix': 3, 'covariance_type': 'diag'}",0.562,0.573029053005101,"{'C': 1.0, 'class_weight': None, 'dual': False, 'fit_intercept': True, 'intercept_scaling': 1, 'l1_ratio': None, 'max_iter': 100, 'multi_class': 'deprecated', 'n_jobs': None, 'penalty': 'l2', 'random_state': 42, 'solver': 'lbfgs', 'tol': 0.0001, 'verbose': 0, 'warm_start': False}",0.1434016227722168
Coffee,8,10,10,5,KNN,HMM_GMM,5,"{'n_components': 1, 'n_mix': 1, 'covariance_type': 'tied'}",0.888,0.884793551658793,"{'algorithm': 'auto', 'leaf_size': 30, 'metric': 'minkowski', 'metric_params': None, 'n_jobs': None, 'n_neighbors': 5, 'p': 2, 'weights': 'uniform'}",0.03864026069641113
Coffee,8,10,10,5,RandomForest,HMM_GMM,5,"{'n_components': 1, 'n_mix': 1, 'covariance_type': 'tied'}",0.794,0.7463205285788452,"{'bootstrap': True, 'ccp_alpha': 0.0, 'class_weight': None, 'criterion': 'gini', 'max_depth': None, 'max_features': 'sqrt', 'max_leaf_nodes': None, 'max_samples': None, 'min_impurity_decrease': 0.0, 'min_samples_leaf': 1, 'min_samples_split': 2, 'min_weight_fraction_leaf': 0.0, 'monotonic_cst': None, 'n_estimators': 100, 'n_jobs': None, 'oob_score': False, 'random_state': 42, 'verbose': 0, 'warm_start': False}",0.8549606800079346
Coffee,8,10,10,5,LinearSVC,HMM_GMM,5,"{'n_components': 1, 'n_mix': 1, 'covariance_type': 'tied'}",0.562,0.5702980453512757,"{'C': 1.0, 'class_weight': None, 'dual': False, 'fit_intercept': True, 'intercept_scaling': 1, 'loss': 'squared_hinge', 'max_iter': 100, 'multi_class': 'ovr', 'penalty': 'l2', 'random_state': 42, 'tol': 0.0001, 'verbose': 0}",0.045656442642211914
Coffee,8,10,10,5,LogisticRegression,HMM_GMM,5,"{'n_components': 1, 'n_mix': 1, 'covariance_type': 'tied'}",0.45,0.4709963772909321,"{'C': 1.0, 'class_weight': None, 'dual': False, 'fit_intercept': True, 'intercept_scaling': 1, 'l1_ratio': None, 'max_iter': 100, 'multi_class': 'deprecated', 'n_jobs': None, 'penalty': 'l2', 'random_state': 42, 'solver': 'lbfgs', 'tol': 0.0001, 'verbose': 0, 'warm_start': False}",0.15894603729248047
Coffee,8,10,10,5,KNN,HMM_GMM,6,"{'n_components': 4, 'n_mix': 3, 'covariance_type': 'diag'}",0.808,0.7753287702850048,"{'algorithm': 'auto', 'leaf_size': 30, 'metric': 'minkowski', 'metric_params': None, 'n_jobs': None, 'n_neighbors': 5, 'p': 2, 'weights': 'uniform'}",0.03638648986816406
Coffee,8,10,10,5,RandomForest,HMM_GMM,6,"{'n_components': 4, 'n_mix': 3, 'covariance_type': 'diag'}",0.812,0.7717420016470624,"{'bootstrap': True, 'ccp_alpha': 0.0, 'class_weight': None, 'criterion': 'gini', 'max_depth': None, 'max_features': 'sqrt', 'max_leaf_nodes': None, 'max_samples': None, 'min_impurity_decrease': 0.0, 'min_samples_leaf': 1, 'min_samples_split': 2, 'min_weight_fraction_leaf': 0.0, 'monotonic_cst': None, 'n_estimators': 100, 'n_jobs': None, 'oob_score': False, 'random_state': 42, 'verbose': 0, 'warm_start': False}",0.7915458679199219
Coffee,8,10,10,5,LinearSVC,HMM_GMM,6,"{'n_components': 4, 'n_mix': 3, 'covariance_type': 'diag'}",0.506,0.5024229302149863,"{'C': 1.0, 'class_weight': None, 'dual': False, 'fit_intercept': True, 'intercept_scaling': 1, 'loss': 'squared_hinge', 'max_iter': 100, 'multi_class': 'ovr', 'penalty': 'l2', 'random_state': 42, 'tol': 0.0001, 'verbose': 0}",0.03723883628845215
Coffee,8,10,10,5,LogisticRegression,HMM_GMM,6,"{'n_components': 4, 'n_mix': 3, 'covariance_type': 'diag'}",0.562,0.573029053005101,"{'C': 1.0, 'class_weight': None, 'dual': False, 'fit_intercept': True, 'intercept_scaling': 1, 'l1_ratio': None, 'max_iter': 100, 'multi_class': 'deprecated', 'n_jobs': None, 'penalty': 'l2', 'random_state': 42, 'solver': 'lbfgs', 'tol': 0.0001, 'verbose': 0, 'warm_start': False}",0.1051337718963623
Coffee,8,10,10,5,KNN,HMM_GMM,7,"{'n_components': 2, 'n_mix': 5, 'covariance_type': 'diag'}",0.798,0.7546767818848811,"{'algorithm': 'auto', 'leaf_size': 30, 'metric': 'minkowski', 'metric_params': None, 'n_jobs': None, 'n_neighbors': 5, 'p': 2, 'weights': 'uniform'}",0.03619074821472168
Coffee,8,10,10,5,RandomForest,HMM_GMM,7,"{'n_components': 2, 'n_mix': 5, 'covariance_type': 'diag'}",0.818,0.7785780558852088,"{'bootstrap': True, 'ccp_alpha': 0.0, 'class_weight': None, 'criterion': 'gini', 'max_depth': None, 'max_features': 'sqrt', 'max_leaf_nodes': None, 'max_samples': None, 'min_impurity_decrease': 0.0, 'min_samples_leaf': 1, 'min_samples_split': 2, 'min_weight_fraction_leaf': 0.0, 'monotonic_cst': None, 'n_estimators': 100, 'n_jobs': None, 'oob_score': False, 'random_state': 42, 'verbose': 0, 'warm_start': False}",0.7959082126617432
Coffee,8,10,10,5,LinearSVC,HMM_GMM,7,"{'n_components': 2, 'n_mix': 5, 'covariance_type': 'diag'}",0.61,0.6065448950910128,"{'C': 1.0, 'class_weight': None, 'dual': False, 'fit_intercept': True, 'intercept_scaling': 1, 'loss': 'squared_hinge', 'max_iter': 100, 'multi_class': 'ovr', 'penalty': 'l2', 'random_state': 42, 'tol': 0.0001, 'verbose': 0}",0.03729534149169922
Coffee,8,10,10,5,LogisticRegression,HMM_GMM,7,"{'n_components': 2, 'n_mix': 5, 'covariance_type': 'diag'}",0.49,0.507035770504261,"{'C': 1.0, 'class_weight': None, 'dual': False, 'fit_intercept': True, 'intercept_scaling': 1, 'l1_ratio': None, 'max_iter': 100, 'multi_class': 'deprecated', 'n_jobs': None, 'penalty': 'l2', 'random_state': 42, 'solver': 'lbfgs', 'tol': 0.0001, 'verbose': 0, 'warm_start': False}",0.11582231521606445
Coffee,8,10,10,5,KNN,HMM_GMM,8,"{'n_components': 1, 'n_mix': 3, 'covariance_type': 'full'}",0.824,0.7996656508199874,"{'algorithm': 'auto', 'leaf_size': 30, 'metric': 'minkowski', 'metric_params': None, 'n_jobs': None, 'n_neighbors': 5, 'p': 2, 'weights': 'uniform'}",0.047437429428100586
Coffee,8,10,10,5,RandomForest,HMM_GMM,8,"{'n_components': 1, 'n_mix': 3, 'covariance_type': 'full'}",0.814,0.7774622118513712,"{'bootstrap': True, 'ccp_alpha': 0.0, 'class_weight': None, 'criterion': 'gini', 'max_depth': None, 'max_features': 'sqrt', 'max_leaf_nodes': None, 'max_samples': None, 'min_impurity_decrease': 0.0, 'min_samples_leaf': 1, 'min_samples_split': 2, 'min_weight_fraction_leaf': 0.0, 'monotonic_cst': None, 'n_estimators': 100, 'n_jobs': None, 'oob_score': False, 'random_state': 42, 'verbose': 0, 'warm_start': False}",1.0502350330352783
Coffee,8,10,10,5,LinearSVC,HMM_GMM,8,"{'n_components': 1, 'n_mix': 3, 'covariance_type': 'full'}",0.588,0.5945863565229763,"{'C': 1.0, 'class_weight': None, 'dual': False, 'fit_intercept': True, 'intercept_scaling': 1, 'loss': 'squared_hinge', 'max_iter': 100, 'multi_class': 'ovr', 'penalty': 'l2', 'random_state': 42, 'tol': 0.0001, 'verbose': 0}",0.0443727970123291
Coffee,8,10,10,5,LogisticRegression,HMM_GMM,8,"{'n_components': 1, 'n_mix': 3, 'covariance_type': 'full'}",0.628,0.6390035701228607,"{'C': 1.0, 'class_weight': None, 'dual': False, 'fit_intercept': True, 'intercept_scaling': 1, 'l1_ratio': None, 'max_iter': 100, 'multi_class': 'deprecated', 'n_jobs': None, 'penalty': 'l2', 'random_state': 42, 'solver': 'lbfgs', 'tol': 0.0001, 'verbose': 0, 'warm_start': False}",0.5942072868347168
Coffee,8,10,10,5,KNN,HMM_GMM,9,"{'n_components': 5, 'n_mix': 1, 'covariance_type': 'diag'}",0.804,0.7628291832699254,"{'algorithm': 'auto', 'leaf_size': 30, 'metric': 'minkowski', 'metric_params': None, 'n_jobs': None, 'n_neighbors': 5, 'p': 2, 'weights': 'uniform'}",0.03902244567871094
Coffee,8,10,10,5,RandomForest,HMM_GMM,9,"{'n_components': 5, 'n_mix': 1, 'covariance_type': 'diag'}",0.85,0.8315170728485568,"{'bootstrap': True, 'ccp_alpha': 0.0, 'class_weight': None, 'criterion': 'gini', 'max_depth': None, 'max_features': 'sqrt', 'max_leaf_nodes': None, 'max_samples': None, 'min_impurity_decrease': 0.0, 'min_samples_leaf': 1, 'min_samples_split': 2, 'min_weight_fraction_leaf': 0.0, 'monotonic_cst': None, 'n_estimators': 100, 'n_jobs': None, 'oob_score': False, 'random_state': 42, 'verbose': 0, 'warm_start': False}",0.8573710918426514
Coffee,8,10,10,5,LinearSVC,HMM_GMM,9,"{'n_components': 5, 'n_mix': 1, 'covariance_type': 'diag'}",0.406,0.419112958509498,"{'C': 1.0, 'class_weight': None, 'dual': False, 'fit_intercept': True, 'intercept_scaling': 1, 'loss': 'squared_hinge', 'max_iter': 100, 'multi_class': 'ovr', 'penalty': 'l2', 'random_state': 42, 'tol': 0.0001, 'verbose': 0}",0.03611469268798828
Coffee,8,10,10,5,LogisticRegression,HMM_GMM,9,"{'n_components': 5, 'n_mix': 1, 'covariance_type': 'diag'}",0.406,0.4207916310415933,"{'C': 1.0, 'class_weight': None, 'dual': False, 'fit_intercept': True, 'intercept_scaling': 1, 'l1_ratio': None, 'max_iter': 100, 'multi_class': 'deprecated', 'n_jobs': None, 'penalty': 'l2', 'random_state': 42, 'solver': 'lbfgs', 'tol': 0.0001, 'verbose': 0, 'warm_start': False}",0.12329339981079102
Coffee,8,10,10,5,KNN,HMM_GMM,10,"{'n_components': 3, 'n_mix': 5, 'covariance_type': 'diag'}",0.802,0.7593599149388622,"{'algorithm': 'auto', 'leaf_size': 30, 'metric': 'minkowski', 'metric_params': None, 'n_jobs': None, 'n_neighbors': 5, 'p': 2, 'weights': 'uniform'}",0.03846311569213867
Coffee,8,10,10,5,RandomForest,HMM_GMM,10,"{'n_components': 3, 'n_mix': 5, 'covariance_type': 'diag'}",0.804,0.7531910509311376,"{'bootstrap': True, 'ccp_alpha': 0.0, 'class_weight': None, 'criterion': 'gini', 'max_depth': None, 'max_features': 'sqrt', 'max_leaf_nodes': None, 'max_samples': None, 'min_impurity_decrease': 0.0, 'min_samples_leaf': 1, 'min_samples_split': 2, 'min_weight_fraction_leaf': 0.0, 'monotonic_cst': None, 'n_estimators': 100, 'n_jobs': None, 'oob_score': False, 'random_state': 42, 'verbose': 0, 'warm_start': False}",0.8480591773986816
Coffee,8,10,10,5,LinearSVC,HMM_GMM,10,"{'n_components': 3, 'n_mix': 5, 'covariance_type': 'diag'}",0.614,0.6103354328767487,"{'C': 1.0, 'class_weight': None, 'dual': False, 'fit_intercept': True, 'intercept_scaling': 1, 'loss': 'squared_hinge', 'max_iter': 100, 'multi_class': 'ovr', 'penalty': 'l2', 'random_state': 42, 'tol': 0.0001, 'verbose': 0}",0.04237508773803711
Coffee,8,10,10,5,LogisticRegression,HMM_GMM,10,"{'n_components': 3, 'n_mix': 5, 'covariance_type': 'diag'}",0.43,0.4514882254265194,"{'C': 1.0, 'class_weight': None, 'dual': False, 'fit_intercept': True, 'intercept_scaling': 1, 'l1_ratio': None, 'max_iter': 100, 'multi_class': 'deprecated', 'n_jobs': None, 'penalty': 'l2', 'random_state': 42, 'solver': 'lbfgs', 'tol': 0.0001, 'verbose': 0, 'warm_start': False}",0.1441664695739746
Coffee,8,10,10,10,KNN,HMM_GMM,1,"{'n_components': 2, 'n_mix': 1, 'covariance_type': 'diag'}",0.802,0.7649212230607579,"{'algorithm': 'auto', 'leaf_size': 30, 'metric': 'minkowski', 'metric_params': None, 'n_jobs': None, 'n_neighbors': 5, 'p': 2, 'weights': 'uniform'}",0.05563187599182129
Coffee,8,10,10,10,RandomForest,HMM_GMM,1,"{'n_components': 2, 'n_mix': 1, 'covariance_type': 'diag'}",0.816,0.7747750818379427,"{'bootstrap': True, 'ccp_alpha': 0.0, 'class_weight': None, 'criterion': 'gini', 'max_depth': None, 'max_features': 'sqrt', 'max_leaf_nodes': None, 'max_samples': None, 'min_impurity_decrease': 0.0, 'min_samples_leaf': 1, 'min_samples_split': 2, 'min_weight_fraction_leaf': 0.0, 'monotonic_cst': None, 'n_estimators': 100, 'n_jobs': None, 'oob_score': False, 'random_state': 42, 'verbose': 0, 'warm_start': False}",1.254424810409546
Coffee,8,10,10,10,LinearSVC,HMM_GMM,1,"{'n_components': 2, 'n_mix': 1, 'covariance_type': 'diag'}",0.402,0.3926320939334638,"{'C': 1.0, 'class_weight': None, 'dual': False, 'fit_intercept': True, 'intercept_scaling': 1, 'loss': 'squared_hinge', 'max_iter': 100, 'multi_class': 'ovr', 'penalty': 'l2', 'random_state': 42, 'tol': 0.0001, 'verbose': 0}",0.07794785499572754
Coffee,8,10,10,10,LogisticRegression,HMM_GMM,1,"{'n_components': 2, 'n_mix': 1, 'covariance_type': 'diag'}",0.4,0.39257564200355966,"{'C': 1.0, 'class_weight': None, 'dual': False, 'fit_intercept': True, 'intercept_scaling': 1, 'l1_ratio': None, 'max_iter': 100, 'multi_class': 'deprecated', 'n_jobs': None, 'penalty': 'l2', 'random_state': 42, 'solver': 'lbfgs', 'tol': 0.0001, 'verbose': 0, 'warm_start': False}",0.08686208724975586
Coffee,8,10,10,10,KNN,HMM_GMM,2,"{'n_components': 2, 'n_mix': 4, 'covariance_type': 'tied'}",0.796,0.742647044858568,"{'algorithm': 'auto', 'leaf_size': 30, 'metric': 'minkowski', 'metric_params': None, 'n_jobs': None, 'n_neighbors': 5, 'p': 2, 'weights': 'uniform'}",0.05581068992614746
Coffee,8,10,10,10,RandomForest,HMM_GMM,2,"{'n_components': 2, 'n_mix': 4, 'covariance_type': 'tied'}",0.814,0.7586569255623105,"{'bootstrap': True, 'ccp_alpha': 0.0, 'class_weight': None, 'criterion': 'gini', 'max_depth': None, 'max_features': 'sqrt', 'max_leaf_nodes': None, 'max_samples': None, 'min_impurity_decrease': 0.0, 'min_samples_leaf': 1, 'min_samples_split': 2, 'min_weight_fraction_leaf': 0.0, 'monotonic_cst': None, 'n_estimators': 100, 'n_jobs': None, 'oob_score': False, 'random_state': 42, 'verbose': 0, 'warm_start': False}",1.2398302555084229
Coffee,8,10,10,10,LinearSVC,HMM_GMM,2,"{'n_components': 2, 'n_mix': 4, 'covariance_type': 'tied'}",0.568,0.5743941815486532,"{'C': 1.0, 'class_weight': None, 'dual': False, 'fit_intercept': True, 'intercept_scaling': 1, 'loss': 'squared_hinge', 'max_iter': 100, 'multi_class': 'ovr', 'penalty': 'l2', 'random_state': 42, 'tol': 0.0001, 'verbose': 0}",0.09418797492980957
Coffee,8,10,10,10,LogisticRegression,HMM_GMM,2,"{'n_components': 2, 'n_mix': 4, 'covariance_type': 'tied'}",0.59,0.5923217504218787,"{'C': 1.0, 'class_weight': None, 'dual': False, 'fit_intercept': True, 'intercept_scaling': 1, 'l1_ratio': None, 'max_iter': 100, 'multi_class': 'deprecated', 'n_jobs': None, 'penalty': 'l2', 'random_state': 42, 'solver': 'lbfgs', 'tol': 0.0001, 'verbose': 0, 'warm_start': False}",0.37241554260253906
Coffee,8,10,10,10,KNN,HMM_GMM,3,"{'n_components': 1, 'n_mix': 3, 'covariance_type': 'diag'}",0.8,0.7631562433214819,"{'algorithm': 'auto', 'leaf_size': 30, 'metric': 'minkowski', 'metric_params': None, 'n_jobs': None, 'n_neighbors': 5, 'p': 2, 'weights': 'uniform'}",0.058229684829711914
Coffee,8,10,10,10,RandomForest,HMM_GMM,3,"{'n_components': 1, 'n_mix': 3, 'covariance_type': 'diag'}",0.818,0.7765143334048495,"{'bootstrap': True, 'ccp_alpha': 0.0, 'class_weight': None, 'criterion': 'gini', 'max_depth': None, 'max_features': 'sqrt', 'max_leaf_nodes': None, 'max_samples': None, 'min_impurity_decrease': 0.0, 'min_samples_leaf': 1, 'min_samples_split': 2, 'min_weight_fraction_leaf': 0.0, 'monotonic_cst': None, 'n_estimators': 100, 'n_jobs': None, 'oob_score': False, 'random_state': 42, 'verbose': 0, 'warm_start': False}",1.1451046466827393
Coffee,8,10,10,10,LinearSVC,HMM_GMM,3,"{'n_components': 1, 'n_mix': 3, 'covariance_type': 'diag'}",0.406,0.40815622645530025,"{'C': 1.0, 'class_weight': None, 'dual': False, 'fit_intercept': True, 'intercept_scaling': 1, 'loss': 'squared_hinge', 'max_iter': 100, 'multi_class': 'ovr', 'penalty': 'l2', 'random_state': 42, 'tol': 0.0001, 'verbose': 0}",0.06353235244750977
Coffee,8,10,10,10,LogisticRegression,HMM_GMM,3,"{'n_components': 1, 'n_mix': 3, 'covariance_type': 'diag'}",0.418,0.42123274839193153,"{'C': 1.0, 'class_weight': None, 'dual': False, 'fit_intercept': True, 'intercept_scaling': 1, 'l1_ratio': None, 'max_iter': 100, 'multi_class': 'deprecated', 'n_jobs': None, 'penalty': 'l2', 'random_state': 42, 'solver': 'lbfgs', 'tol': 0.0001, 'verbose': 0, 'warm_start': False}",0.09846138954162598
Coffee,8,10,10,10,KNN,HMM_GMM,4,"{'n_components': 4, 'n_mix': 3, 'covariance_type': 'diag'}",0.808,0.7753287702850048,"{'algorithm': 'auto', 'leaf_size': 30, 'metric': 'minkowski', 'metric_params': None, 'n_jobs': None, 'n_neighbors': 5, 'p': 2, 'weights': 'uniform'}",0.054773569107055664
Coffee,8,10,10,10,RandomForest,HMM_GMM,4,"{'n_components': 4, 'n_mix': 3, 'covariance_type': 'diag'}",0.79,0.7430392772133363,"{'bootstrap': True, 'ccp_alpha': 0.0, 'class_weight': None, 'criterion': 'gini', 'max_depth': None, 'max_features': 'sqrt', 'max_leaf_nodes': None, 'max_samples': None, 'min_impurity_decrease': 0.0, 'min_samples_leaf': 1, 'min_samples_split': 2, 'min_weight_fraction_leaf': 0.0, 'monotonic_cst': None, 'n_estimators': 100, 'n_jobs': None, 'oob_score': False, 'random_state': 42, 'verbose': 0, 'warm_start': False}",1.154451847076416
Coffee,8,10,10,10,LinearSVC,HMM_GMM,4,"{'n_components': 4, 'n_mix': 3, 'covariance_type': 'diag'}",0.466,0.4609958450505198,"{'C': 1.0, 'class_weight': None, 'dual': False, 'fit_intercept': True, 'intercept_scaling': 1, 'loss': 'squared_hinge', 'max_iter': 100, 'multi_class': 'ovr', 'penalty': 'l2', 'random_state': 42, 'tol': 0.0001, 'verbose': 0}",0.07707834243774414
Coffee,8,10,10,10,LogisticRegression,HMM_GMM,4,"{'n_components': 4, 'n_mix': 3, 'covariance_type': 'diag'}",0.59,0.5981917600935415,"{'C': 1.0, 'class_weight': None, 'dual': False, 'fit_intercept': True, 'intercept_scaling': 1, 'l1_ratio': None, 'max_iter': 100, 'multi_class': 'deprecated', 'n_jobs': None, 'penalty': 'l2', 'random_state': 42, 'solver': 'lbfgs', 'tol': 0.0001, 'verbose': 0, 'warm_start': False}",0.1801929473876953
Coffee,8,10,10,10,KNN,HMM_GMM,5,"{'n_components': 1, 'n_mix': 1, 'covariance_type': 'tied'}",0.888,0.884793551658793,"{'algorithm': 'auto', 'leaf_size': 30, 'metric': 'minkowski', 'metric_params': None, 'n_jobs': None, 'n_neighbors': 5, 'p': 2, 'weights': 'uniform'}",0.058179378509521484
Coffee,8,10,10,10,RandomForest,HMM_GMM,5,"{'n_components': 1, 'n_mix': 1, 'covariance_type': 'tied'}",0.798,0.7661610267408887,"{'bootstrap': True, 'ccp_alpha': 0.0, 'class_weight': None, 'criterion': 'gini', 'max_depth': None, 'max_features': 'sqrt', 'max_leaf_nodes': None, 'max_samples': None, 'min_impurity_decrease': 0.0, 'min_samples_leaf': 1, 'min_samples_split': 2, 'min_weight_fraction_leaf': 0.0, 'monotonic_cst': None, 'n_estimators': 100, 'n_jobs': None, 'oob_score': False, 'random_state': 42, 'verbose': 0, 'warm_start': False}",1.296252727508545
Coffee,8,10,10,10,LinearSVC,HMM_GMM,5,"{'n_components': 1, 'n_mix': 1, 'covariance_type': 'tied'}",0.534,0.5422859197308573,"{'C': 1.0, 'class_weight': None, 'dual': False, 'fit_intercept': True, 'intercept_scaling': 1, 'loss': 'squared_hinge', 'max_iter': 100, 'multi_class': 'ovr', 'penalty': 'l2', 'random_state': 42, 'tol': 0.0001, 'verbose': 0}",0.09211897850036621
Coffee,8,10,10,10,LogisticRegression,HMM_GMM,5,"{'n_components': 1, 'n_mix': 1, 'covariance_type': 'tied'}",0.456,0.4762476972955333,"{'C': 1.0, 'class_weight': None, 'dual': False, 'fit_intercept': True, 'intercept_scaling': 1, 'l1_ratio': None, 'max_iter': 100, 'multi_class': 'deprecated', 'n_jobs': None, 'penalty': 'l2', 'random_state': 42, 'solver': 'lbfgs', 'tol': 0.0001, 'verbose': 0, 'warm_start': False}",0.354550838470459
Coffee,8,10,10,10,KNN,HMM_GMM,6,"{'n_components': 4, 'n_mix': 3, 'covariance_type': 'diag'}",0.808,0.7753287702850048,"{'algorithm': 'auto', 'leaf_size': 30, 'metric': 'minkowski', 'metric_params': None, 'n_jobs': None, 'n_neighbors': 5, 'p': 2, 'weights': 'uniform'}",0.06475424766540527
Coffee,8,10,10,10,RandomForest,HMM_GMM,6,"{'n_components': 4, 'n_mix': 3, 'covariance_type': 'diag'}",0.792,0.7432291770896288,"{'bootstrap': True, 'ccp_alpha': 0.0, 'class_weight': None, 'criterion': 'gini', 'max_depth': None, 'max_features': 'sqrt', 'max_leaf_nodes': None, 'max_samples': None, 'min_impurity_decrease': 0.0, 'min_samples_leaf': 1, 'min_samples_split': 2, 'min_weight_fraction_leaf': 0.0, 'monotonic_cst': None, 'n_estimators': 100, 'n_jobs': None, 'oob_score': False, 'random_state': 42, 'verbose': 0, 'warm_start': False}",1.244776964187622
Coffee,8,10,10,10,LinearSVC,HMM_GMM,6,"{'n_components': 4, 'n_mix': 3, 'covariance_type': 'diag'}",0.466,0.4609958450505198,"{'C': 1.0, 'class_weight': None, 'dual': False, 'fit_intercept': True, 'intercept_scaling': 1, 'loss': 'squared_hinge', 'max_iter': 100, 'multi_class': 'ovr', 'penalty': 'l2', 'random_state': 42, 'tol': 0.0001, 'verbose': 0}",0.07776188850402832
Coffee,8,10,10,10,LogisticRegression,HMM_GMM,6,"{'n_components': 4, 'n_mix': 3, 'covariance_type': 'diag'}",0.59,0.5981917600935415,"{'C': 1.0, 'class_weight': None, 'dual': False, 'fit_intercept': True, 'intercept_scaling': 1, 'l1_ratio': None, 'max_iter': 100, 'multi_class': 'deprecated', 'n_jobs': None, 'penalty': 'l2', 'random_state': 42, 'solver': 'lbfgs', 'tol': 0.0001, 'verbose': 0, 'warm_start': False}",0.1820521354675293
Coffee,8,10,10,10,KNN,HMM_GMM,7,"{'n_components': 2, 'n_mix': 5, 'covariance_type': 'diag'}",0.808,0.771093661416242,"{'algorithm': 'auto', 'leaf_size': 30, 'metric': 'minkowski', 'metric_params': None, 'n_jobs': None, 'n_neighbors': 5, 'p': 2, 'weights': 'uniform'}",0.05835890769958496
Coffee,8,10,10,10,RandomForest,HMM_GMM,7,"{'n_components': 2, 'n_mix': 5, 'covariance_type': 'diag'}",0.874,0.8629428070320583,"{'bootstrap': True, 'ccp_alpha': 0.0, 'class_weight': None, 'criterion': 'gini', 'max_depth': None, 'max_features': 'sqrt', 'max_leaf_nodes': None, 'max_samples': None, 'min_impurity_decrease': 0.0, 'min_samples_leaf': 1, 'min_samples_split': 2, 'min_weight_fraction_leaf': 0.0, 'monotonic_cst': None, 'n_estimators': 100, 'n_jobs': None, 'oob_score': False, 'random_state': 42, 'verbose': 0, 'warm_start': False}",1.1689121723175049
Coffee,8,10,10,10,LinearSVC,HMM_GMM,7,"{'n_components': 2, 'n_mix': 5, 'covariance_type': 'diag'}",0.612,0.6090096962812872,"{'C': 1.0, 'class_weight': None, 'dual': False, 'fit_intercept': True, 'intercept_scaling': 1, 'loss': 'squared_hinge', 'max_iter': 100, 'multi_class': 'ovr', 'penalty': 'l2', 'random_state': 42, 'tol': 0.0001, 'verbose': 0}",0.07474207878112793
Coffee,8,10,10,10,LogisticRegression,HMM_GMM,7,"{'n_components': 2, 'n_mix': 5, 'covariance_type': 'diag'}",0.488,0.5041461246554719,"{'C': 1.0, 'class_weight': None, 'dual': False, 'fit_intercept': True, 'intercept_scaling': 1, 'l1_ratio': None, 'max_iter': 100, 'multi_class': 'deprecated', 'n_jobs': None, 'penalty': 'l2', 'random_state': 42, 'solver': 'lbfgs', 'tol': 0.0001, 'verbose': 0, 'warm_start': False}",0.17444515228271484
Coffee,8,10,10,10,KNN,HMM_GMM,8,"{'n_components': 1, 'n_mix': 3, 'covariance_type': 'full'}",0.824,0.7996656508199874,"{'algorithm': 'auto', 'leaf_size': 30, 'metric': 'minkowski', 'metric_params': None, 'n_jobs': None, 'n_neighbors': 5, 'p': 2, 'weights': 'uniform'}",0.26546764373779297
Coffee,8,10,10,10,RandomForest,HMM_GMM,8,"{'n_components': 1, 'n_mix': 3, 'covariance_type': 'full'}",0.832,0.8029448202737979,"{'bootstrap': True, 'ccp_alpha': 0.0, 'class_weight': None, 'criterion': 'gini', 'max_depth': None, 'max_features': 'sqrt', 'max_leaf_nodes': None, 'max_samples': None, 'min_impurity_decrease': 0.0, 'min_samples_leaf': 1, 'min_samples_split': 2, 'min_weight_fraction_leaf': 0.0, 'monotonic_cst': None, 'n_estimators': 100, 'n_jobs': None, 'oob_score': False, 'random_state': 42, 'verbose': 0, 'warm_start': False}",1.3850393295288086
Coffee,8,10,10,10,LinearSVC,HMM_GMM,8,"{'n_components': 1, 'n_mix': 3, 'covariance_type': 'full'}",0.588,0.5945863565229763,"{'C': 1.0, 'class_weight': None, 'dual': False, 'fit_intercept': True, 'intercept_scaling': 1, 'loss': 'squared_hinge', 'max_iter': 100, 'multi_class': 'ovr', 'penalty': 'l2', 'random_state': 42, 'tol': 0.0001, 'verbose': 0}",0.10112738609313965
Coffee,8,10,10,10,LogisticRegression,HMM_GMM,8,"{'n_components': 1, 'n_mix': 3, 'covariance_type': 'full'}",0.63,0.6392285359596126,"{'C': 1.0, 'class_weight': None, 'dual': False, 'fit_intercept': True, 'intercept_scaling': 1, 'l1_ratio': None, 'max_iter': 100, 'multi_class': 'deprecated', 'n_jobs': None, 'penalty': 'l2', 'random_state': 42, 'solver': 'lbfgs', 'tol': 0.0001, 'verbose': 0, 'warm_start': False}",0.6166369915008545
Coffee,8,10,10,10,KNN,HMM_GMM,9,"{'n_components': 5, 'n_mix': 1, 'covariance_type': 'diag'}",0.804,0.7628291832699254,"{'algorithm': 'auto', 'leaf_size': 30, 'metric': 'minkowski', 'metric_params': None, 'n_jobs': None, 'n_neighbors': 5, 'p': 2, 'weights': 'uniform'}",0.06366157531738281
Coffee,8,10,10,10,RandomForest,HMM_GMM,9,"{'n_components': 5, 'n_mix': 1, 'covariance_type': 'diag'}",0.846,0.829348081112787,"{'bootstrap': True, 'ccp_alpha': 0.0, 'class_weight': None, 'criterion': 'gini', 'max_depth': None, 'max_features': 'sqrt', 'max_leaf_nodes': None, 'max_samples': None, 'min_impurity_decrease': 0.0, 'min_samples_leaf': 1, 'min_samples_split': 2, 'min_weight_fraction_leaf': 0.0, 'monotonic_cst': None, 'n_estimators': 100, 'n_jobs': None, 'oob_score': False, 'random_state': 42, 'verbose': 0, 'warm_start': False}",1.3312551975250244
Coffee,8,10,10,10,LinearSVC,HMM_GMM,9,"{'n_components': 5, 'n_mix': 1, 'covariance_type': 'diag'}",0.392,0.4035170026836507,"{'C': 1.0, 'class_weight': None, 'dual': False, 'fit_intercept': True, 'intercept_scaling': 1, 'loss': 'squared_hinge', 'max_iter': 100, 'multi_class': 'ovr', 'penalty': 'l2', 'random_state': 42, 'tol': 0.0001, 'verbose': 0}",0.08083820343017578
Coffee,8,10,10,10,LogisticRegression,HMM_GMM,9,"{'n_components': 5, 'n_mix': 1, 'covariance_type': 'diag'}",0.408,0.422885321793388,"{'C': 1.0, 'class_weight': None, 'dual': False, 'fit_intercept': True, 'intercept_scaling': 1, 'l1_ratio': None, 'max_iter': 100, 'multi_class': 'deprecated', 'n_jobs': None, 'penalty': 'l2', 'random_state': 42, 'solver': 'lbfgs', 'tol': 0.0001, 'verbose': 0, 'warm_start': False}",0.22619318962097168
Coffee,8,10,10,10,KNN,HMM_GMM,10,"{'n_components': 3, 'n_mix': 5, 'covariance_type': 'diag'}",0.802,0.7593599149388622,"{'algorithm': 'auto', 'leaf_size': 30, 'metric': 'minkowski', 'metric_params': None, 'n_jobs': None, 'n_neighbors': 5, 'p': 2, 'weights': 'uniform'}",0.06469154357910156
Coffee,8,10,10,10,RandomForest,HMM_GMM,10,"{'n_components': 3, 'n_mix': 5, 'covariance_type': 'diag'}",0.814,0.771736316827972,"{'bootstrap': True, 'ccp_alpha': 0.0, 'class_weight': None, 'criterion': 'gini', 'max_depth': None, 'max_features': 'sqrt', 'max_leaf_nodes': None, 'max_samples': None, 'min_impurity_decrease': 0.0, 'min_samples_leaf': 1, 'min_samples_split': 2, 'min_weight_fraction_leaf': 0.0, 'monotonic_cst': None, 'n_estimators': 100, 'n_jobs': None, 'oob_score': False, 'random_state': 42, 'verbose': 0, 'warm_start': False}",1.2639448642730713
Coffee,8,10,10,10,LinearSVC,HMM_GMM,10,"{'n_components': 3, 'n_mix': 5, 'covariance_type': 'diag'}",0.626,0.6126542492486824,"{'C': 1.0, 'class_weight': None, 'dual': False, 'fit_intercept': True, 'intercept_scaling': 1, 'loss': 'squared_hinge', 'max_iter': 100, 'multi_class': 'ovr', 'penalty': 'l2', 'random_state': 42, 'tol': 0.0001, 'verbose': 0}",0.08253669738769531
Coffee,8,10,10,10,LogisticRegression,HMM_GMM,10,"{'n_components': 3, 'n_mix': 5, 'covariance_type': 'diag'}",0.436,0.45736514815846074,"{'C': 1.0, 'class_weight': None, 'dual': False, 'fit_intercept': True, 'intercept_scaling': 1, 'l1_ratio': None, 'max_iter': 100, 'multi_class': 'deprecated', 'n_jobs': None, 'penalty': 'l2', 'random_state': 42, 'solver': 'lbfgs', 'tol': 0.0001, 'verbose': 0, 'warm_start': False}",0.2982921600341797
