Dataset,Fold,SeedsPerLabel,SeedFoldSelection,ScaleFactor,Model,Method,GenParamSetIndex,GenParams,Accuracy,F1_Score,Hyperparameters,ExecutionTime_Sec
Coffee,5,2,1,1,KNN,Baseline,N/A,N/A,0.7133333333333334,0.7069331469253358,"{'algorithm': 'auto', 'leaf_size': 30, 'metric': 'minkowski', 'metric_params': None, 'n_jobs': None, 'n_neighbors': 5, 'p': 2, 'weights': 'uniform'}",0.033774614334106445
Coffee,5,2,1,1,KNN,Tuned_Baseline,N/A,N/A,0.7733333333333333,0.763117576779816,"{'algorithm': 'auto', 'leaf_size': 30, 'metric': 'minkowski', 'metric_params': None, 'n_jobs': None, 'n_neighbors': np.int64(5), 'p': 3, 'weights': 'distance'}",0.01818394660949707
Coffee,5,2,1,1,RandomForest,Baseline,N/A,N/A,0.6616666666666666,0.662700980200793,"{'bootstrap': True, 'ccp_alpha': 0.0, 'class_weight': None, 'criterion': 'gini', 'max_depth': None, 'max_features': 'sqrt', 'max_leaf_nodes': None, 'max_samples': None, 'min_impurity_decrease': 0.0, 'min_samples_leaf': 1, 'min_samples_split': 2, 'min_weight_fraction_leaf': 0.0, 'monotonic_cst': None, 'n_estimators': 100, 'n_jobs': None, 'oob_score': False, 'random_state': 42, 'verbose': 0, 'warm_start': False}",0.1907663345336914
Coffee,5,2,1,1,RandomForest,Tuned_Baseline,N/A,N/A,0.6683333333333333,0.662836906620728,"{'bootstrap': True, 'ccp_alpha': 0.0, 'class_weight': 'balanced', 'criterion': 'gini', 'max_depth': 20, 'max_features': 'sqrt', 'max_leaf_nodes': None, 'max_samples': None, 'min_impurity_decrease': 0.0, 'min_samples_leaf': 2, 'min_samples_split': 5, 'min_weight_fraction_leaf': 0.0, 'monotonic_cst': None, 'n_estimators': 50, 'n_jobs': None, 'oob_score': False, 'random_state': 42, 'verbose': 0, 'warm_start': False}",0.0037674903869628906
Coffee,5,2,1,1,LinearSVC,Baseline,N/A,N/A,0.6066666666666667,0.6103520072873967,"{'C': 1.0, 'class_weight': None, 'dual': False, 'fit_intercept': True, 'intercept_scaling': 1, 'loss': 'squared_hinge', 'max_iter': 100, 'multi_class': 'ovr', 'penalty': 'l2', 'random_state': 42, 'tol': 0.0001, 'verbose': 0}",0.007979631423950195
Coffee,5,2,1,1,LinearSVC,Tuned_Baseline,N/A,N/A,0.57,0.5739260709151731,"{'C': np.float64(183.29807108324337), 'class_weight': 'balanced', 'dual': False, 'fit_intercept': False, 'intercept_scaling': 1, 'loss': 'squared_hinge', 'max_iter': 100, 'multi_class': 'ovr', 'penalty': 'l2', 'random_state': 42, 'tol': 0.001, 'verbose': 0}",0.00031638145446777344
Coffee,5,2,1,1,LogisticRegression,Baseline,N/A,N/A,0.595,0.5990229016295779,"{'C': 1.0, 'class_weight': None, 'dual': False, 'fit_intercept': True, 'intercept_scaling': 1, 'l1_ratio': None, 'max_iter': 100, 'multi_class': 'deprecated', 'n_jobs': None, 'penalty': 'l2', 'random_state': 42, 'solver': 'lbfgs', 'tol': 0.0001, 'verbose': 0, 'warm_start': False}",0.16873884201049805
Coffee,5,2,1,1,LogisticRegression,Tuned_Baseline,N/A,N/A,0.5983333333333334,0.6022747401484942,"{'C': np.float64(33.59818286283781), 'class_weight': 'balanced', 'dual': False, 'fit_intercept': True, 'intercept_scaling': 1, 'l1_ratio': None, 'max_iter': 100, 'multi_class': 'deprecated', 'n_jobs': None, 'penalty': 'l1', 'random_state': 42, 'solver': 'saga', 'tol': 0.0001, 'verbose': 0, 'warm_start': False}",0.0003902912139892578
Coffee,5,2,1,1,RNN,Tuned_Baseline,N/A,N/A,0.16666666666666666,0.047619047619047616,"{'hidden_size': 64, 'epochs': 10, 'batch_size': 32, 'lr': 0.001}",4.00543212890625e-05
Coffee,5,2,1,2,KNN,Scaling,1,{'sigma': 0.1},0.78,0.7729489301908894,"{'algorithm': 'auto', 'leaf_size': 30, 'metric': 'chebyshev', 'metric_params': None, 'n_jobs': None, 'n_neighbors': np.int64(5), 'p': 2, 'weights': 'uniform'}",0.0250091552734375
Coffee,5,2,1,2,RandomForest,Scaling,1,{'sigma': 0.1},0.665,0.6588709563183406,"{'bootstrap': True, 'ccp_alpha': 0.0, 'class_weight': 'balanced', 'criterion': 'gini', 'max_depth': None, 'max_features': 'sqrt', 'max_leaf_nodes': None, 'max_samples': None, 'min_impurity_decrease': 0.0, 'min_samples_leaf': 4, 'min_samples_split': 2, 'min_weight_fraction_leaf': 0.0, 'monotonic_cst': None, 'n_estimators': 50, 'n_jobs': None, 'oob_score': False, 'random_state': 42, 'verbose': 0, 'warm_start': False}",0.0986180305480957
Coffee,5,2,1,2,LinearSVC,Scaling,1,{'sigma': 0.1},0.625,0.6278772378516625,"{'C': np.float64(1000.0), 'class_weight': 'balanced', 'dual': False, 'fit_intercept': True, 'intercept_scaling': 1, 'loss': 'squared_hinge', 'max_iter': 100, 'multi_class': 'ovr', 'penalty': 'l2', 'random_state': 42, 'tol': 0.001, 'verbose': 0}",0.008120298385620117
Coffee,5,2,1,2,LogisticRegression,Scaling,1,{'sigma': 0.1},0.5966666666666667,0.6006503511247344,"{'C': np.float64(1000.0), 'class_weight': 'balanced', 'dual': False, 'fit_intercept': True, 'intercept_scaling': 1, 'l1_ratio': None, 'max_iter': 100, 'multi_class': 'deprecated', 'n_jobs': None, 'penalty': 'l2', 'random_state': 42, 'solver': 'sag', 'tol': 0.0001, 'verbose': 0, 'warm_start': False}",0.026414155960083008
Coffee,5,2,1,2,KNN,Scaling,2,{'sigma': 0.5},0.7666666666666667,0.7648935209206322,"{'algorithm': 'auto', 'leaf_size': 30, 'metric': 'chebyshev', 'metric_params': None, 'n_jobs': None, 'n_neighbors': np.int64(5), 'p': 2, 'weights': 'uniform'}",0.027224063873291016
Coffee,5,2,1,2,RandomForest,Scaling,2,{'sigma': 0.5},0.6766666666666666,0.6777465695139846,"{'bootstrap': True, 'ccp_alpha': 0.0, 'class_weight': 'balanced', 'criterion': 'gini', 'max_depth': 30, 'max_features': 'sqrt', 'max_leaf_nodes': None, 'max_samples': None, 'min_impurity_decrease': 0.0, 'min_samples_leaf': 1, 'min_samples_split': 2, 'min_weight_fraction_leaf': 0.0, 'monotonic_cst': None, 'n_estimators': 150, 'n_jobs': None, 'oob_score': False, 'random_state': 42, 'verbose': 0, 'warm_start': False}",0.3670473098754883
Coffee,5,2,1,2,LinearSVC,Scaling,2,{'sigma': 0.5},0.5583333333333333,0.5455466795394852,"{'C': np.float64(1000.0), 'class_weight': 'balanced', 'dual': False, 'fit_intercept': True, 'intercept_scaling': 1, 'loss': 'squared_hinge', 'max_iter': 100, 'multi_class': 'ovr', 'penalty': 'l2', 'random_state': 42, 'tol': 0.001, 'verbose': 0}",0.005319833755493164
Coffee,5,2,1,2,LogisticRegression,Scaling,2,{'sigma': 0.5},0.5666666666666667,0.5541280126695777,"{'C': np.float64(0.2069138081114788), 'class_weight': None, 'dual': False, 'fit_intercept': True, 'intercept_scaling': 1, 'l1_ratio': None, 'max_iter': 100, 'multi_class': 'deprecated', 'n_jobs': None, 'penalty': 'l2', 'random_state': 42, 'solver': 'sag', 'tol': 0.0001, 'verbose': 0, 'warm_start': False}",0.012700319290161133
Coffee,5,2,1,2,KNN,Scaling,3,{'sigma': 0.3},0.79,0.7853142807911482,"{'algorithm': 'auto', 'leaf_size': 30, 'metric': 'chebyshev', 'metric_params': None, 'n_jobs': None, 'n_neighbors': np.int64(5), 'p': 2, 'weights': 'uniform'}",0.021686077117919922
Coffee,5,2,1,2,RandomForest,Scaling,3,{'sigma': 0.3},0.67,0.670317594606992,"{'bootstrap': True, 'ccp_alpha': 0.0, 'class_weight': 'balanced', 'criterion': 'gini', 'max_depth': None, 'max_features': 'sqrt', 'max_leaf_nodes': None, 'max_samples': None, 'min_impurity_decrease': 0.0, 'min_samples_leaf': 1, 'min_samples_split': 2, 'min_weight_fraction_leaf': 0.0, 'monotonic_cst': None, 'n_estimators': 50, 'n_jobs': None, 'oob_score': False, 'random_state': 42, 'verbose': 0, 'warm_start': False}",0.10142660140991211
Coffee,5,2,1,2,LinearSVC,Scaling,3,{'sigma': 0.3},0.555,0.5579532868392547,"{'C': np.float64(0.4832930238571752), 'class_weight': 'balanced', 'dual': False, 'fit_intercept': True, 'intercept_scaling': 1, 'loss': 'squared_hinge', 'max_iter': 100, 'multi_class': 'ovr', 'penalty': 'l2', 'random_state': 42, 'tol': 0.0001, 'verbose': 0}",0.0038461685180664062
Coffee,5,2,1,2,LogisticRegression,Scaling,3,{'sigma': 0.3},0.59,0.5783900321871909,"{'C': np.float64(1000.0), 'class_weight': 'balanced', 'dual': False, 'fit_intercept': True, 'intercept_scaling': 1, 'l1_ratio': None, 'max_iter': 100, 'multi_class': 'deprecated', 'n_jobs': None, 'penalty': 'l2', 'random_state': 42, 'solver': 'sag', 'tol': 0.0001, 'verbose': 0, 'warm_start': False}",0.026294708251953125
Coffee,5,2,1,2,KNN,Scaling,4,{'sigma': 0.2},0.7783333333333333,0.7694255784505583,"{'algorithm': 'auto', 'leaf_size': 30, 'metric': 'chebyshev', 'metric_params': None, 'n_jobs': None, 'n_neighbors': np.int64(5), 'p': 2, 'weights': 'uniform'}",0.02953362464904785
Coffee,5,2,1,2,RandomForest,Scaling,4,{'sigma': 0.2},0.6433333333333333,0.6363522278415895,"{'bootstrap': True, 'ccp_alpha': 0.0, 'class_weight': 'balanced', 'criterion': 'gini', 'max_depth': None, 'max_features': 'sqrt', 'max_leaf_nodes': None, 'max_samples': None, 'min_impurity_decrease': 0.0, 'min_samples_leaf': 1, 'min_samples_split': 2, 'min_weight_fraction_leaf': 0.0, 'monotonic_cst': None, 'n_estimators': 50, 'n_jobs': None, 'oob_score': False, 'random_state': 42, 'verbose': 0, 'warm_start': False}",0.10398292541503906
Coffee,5,2,1,2,LinearSVC,Scaling,4,{'sigma': 0.2},0.57,0.55937305917548,"{'C': np.float64(0.2069138081114788), 'class_weight': 'balanced', 'dual': False, 'fit_intercept': False, 'intercept_scaling': 1, 'loss': 'squared_hinge', 'max_iter': 100, 'multi_class': 'ovr', 'penalty': 'l2', 'random_state': 42, 'tol': 0.0001, 'verbose': 0}",0.0037751197814941406
Coffee,5,2,1,2,LogisticRegression,Scaling,4,{'sigma': 0.2},0.5766666666666667,0.5809088121863452,"{'C': np.float64(0.2069138081114788), 'class_weight': 'balanced', 'dual': False, 'fit_intercept': False, 'intercept_scaling': 1, 'l1_ratio': None, 'max_iter': 100, 'multi_class': 'deprecated', 'n_jobs': None, 'penalty': 'l2', 'random_state': 42, 'solver': 'lbfgs', 'tol': 0.0001, 'verbose': 0, 'warm_start': False}",0.13193058967590332
Coffee,5,2,1,2,KNN,Scaling,5,{'sigma': 0.5},0.7833333333333333,0.77472124420599,"{'algorithm': 'auto', 'leaf_size': 30, 'metric': 'chebyshev', 'metric_params': None, 'n_jobs': None, 'n_neighbors': np.int64(5), 'p': 2, 'weights': 'uniform'}",0.024014711380004883
Coffee,5,2,1,2,RandomForest,Scaling,5,{'sigma': 0.5},0.6516666666666666,0.6430811830542382,"{'bootstrap': True, 'ccp_alpha': 0.0, 'class_weight': 'balanced', 'criterion': 'gini', 'max_depth': 30, 'max_features': 'sqrt', 'max_leaf_nodes': None, 'max_samples': None, 'min_impurity_decrease': 0.0, 'min_samples_leaf': 1, 'min_samples_split': 2, 'min_weight_fraction_leaf': 0.0, 'monotonic_cst': None, 'n_estimators': 150, 'n_jobs': None, 'oob_score': False, 'random_state': 42, 'verbose': 0, 'warm_start': False}",0.37746524810791016
Coffee,5,2,1,2,LinearSVC,Scaling,5,{'sigma': 0.5},0.515,0.5108139358061062,"{'C': np.float64(0.2069138081114788), 'class_weight': 'balanced', 'dual': False, 'fit_intercept': False, 'intercept_scaling': 1, 'loss': 'squared_hinge', 'max_iter': 100, 'multi_class': 'ovr', 'penalty': 'l2', 'random_state': 42, 'tol': 0.0001, 'verbose': 0}",0.005475759506225586
Coffee,5,2,1,2,LogisticRegression,Scaling,5,{'sigma': 0.5},0.5666666666666667,0.57085346215781,"{'C': np.float64(0.2069138081114788), 'class_weight': 'balanced', 'dual': False, 'fit_intercept': False, 'intercept_scaling': 1, 'l1_ratio': None, 'max_iter': 100, 'multi_class': 'deprecated', 'n_jobs': None, 'penalty': 'l2', 'random_state': 42, 'solver': 'lbfgs', 'tol': 0.0001, 'verbose': 0, 'warm_start': False}",0.15603089332580566
Coffee,5,2,1,2,KNN,Scaling,6,{'sigma': 0.1},0.7516666666666667,0.7403665716386317,"{'algorithm': 'auto', 'leaf_size': 30, 'metric': 'euclidean', 'metric_params': None, 'n_jobs': None, 'n_neighbors': np.int64(9), 'p': 2, 'weights': 'distance'}",0.009323835372924805
Coffee,5,2,1,2,RandomForest,Scaling,6,{'sigma': 0.1},0.6433333333333333,0.6342379582174842,"{'bootstrap': True, 'ccp_alpha': 0.0, 'class_weight': 'balanced', 'criterion': 'gini', 'max_depth': 10, 'max_features': 'sqrt', 'max_leaf_nodes': None, 'max_samples': None, 'min_impurity_decrease': 0.0, 'min_samples_leaf': 1, 'min_samples_split': 2, 'min_weight_fraction_leaf': 0.0, 'monotonic_cst': None, 'n_estimators': 100, 'n_jobs': None, 'oob_score': False, 'random_state': 42, 'verbose': 0, 'warm_start': False}",0.47194862365722656
Coffee,5,2,1,2,LinearSVC,Scaling,6,{'sigma': 0.1},0.5533333333333333,0.5624158053735518,"{'C': np.float64(1000.0), 'class_weight': 'balanced', 'dual': False, 'fit_intercept': True, 'intercept_scaling': 1, 'loss': 'squared_hinge', 'max_iter': 100, 'multi_class': 'ovr', 'penalty': 'l2', 'random_state': 42, 'tol': 0.001, 'verbose': 0}",0.0050678253173828125
Coffee,5,2,1,2,LogisticRegression,Scaling,6,{'sigma': 0.1},0.5866666666666667,0.5901419881474926,"{'C': np.float64(1000.0), 'class_weight': 'balanced', 'dual': False, 'fit_intercept': True, 'intercept_scaling': 1, 'l1_ratio': None, 'max_iter': 100, 'multi_class': 'deprecated', 'n_jobs': None, 'penalty': 'l2', 'random_state': 42, 'solver': 'sag', 'tol': 0.0001, 'verbose': 0, 'warm_start': False}",0.04108452796936035
Coffee,5,2,1,2,KNN,Scaling,7,{'sigma': 0.3},0.78,0.7714779597830098,"{'algorithm': 'auto', 'leaf_size': 30, 'metric': 'chebyshev', 'metric_params': None, 'n_jobs': None, 'n_neighbors': np.int64(5), 'p': 2, 'weights': 'uniform'}",0.030518293380737305
Coffee,5,2,1,2,RandomForest,Scaling,7,{'sigma': 0.3},0.6683333333333333,0.6624122974869243,"{'bootstrap': True, 'ccp_alpha': 0.0, 'class_weight': 'balanced', 'criterion': 'gini', 'max_depth': None, 'max_features': 'sqrt', 'max_leaf_nodes': None, 'max_samples': None, 'min_impurity_decrease': 0.0, 'min_samples_leaf': 1, 'min_samples_split': 2, 'min_weight_fraction_leaf': 0.0, 'monotonic_cst': None, 'n_estimators': 50, 'n_jobs': None, 'oob_score': False, 'random_state': 42, 'verbose': 0, 'warm_start': False}",0.10252618789672852
Coffee,5,2,1,2,LinearSVC,Scaling,7,{'sigma': 0.3},0.56,0.560532574036749,"{'C': np.float64(0.2069138081114788), 'class_weight': None, 'dual': False, 'fit_intercept': False, 'intercept_scaling': 1, 'loss': 'squared_hinge', 'max_iter': 100, 'multi_class': 'ovr', 'penalty': 'l2', 'random_state': 42, 'tol': 0.001, 'verbose': 0}",0.004652976989746094
Coffee,5,2,1,2,LogisticRegression,Scaling,7,{'sigma': 0.3},0.58,0.5839066960280564,"{'C': np.float64(2.6366508987303554), 'class_weight': 'balanced', 'dual': False, 'fit_intercept': True, 'intercept_scaling': 1, 'l1_ratio': None, 'max_iter': 100, 'multi_class': 'deprecated', 'n_jobs': None, 'penalty': 'l1', 'random_state': 42, 'solver': 'saga', 'tol': 0.0001, 'verbose': 0, 'warm_start': False}",0.04511237144470215
Coffee,5,2,1,2,KNN,Scaling,8,{'sigma': 0.1},0.7083333333333334,0.7007530260742911,"{'algorithm': 'auto', 'leaf_size': 30, 'metric': 'euclidean', 'metric_params': None, 'n_jobs': None, 'n_neighbors': np.int64(9), 'p': 2, 'weights': 'distance'}",0.009575843811035156
Coffee,5,2,1,2,RandomForest,Scaling,8,{'sigma': 0.1},0.64,0.6342519197838978,"{'bootstrap': True, 'ccp_alpha': 0.0, 'class_weight': 'balanced', 'criterion': 'gini', 'max_depth': 20, 'max_features': 'sqrt', 'max_leaf_nodes': None, 'max_samples': None, 'min_impurity_decrease': 0.0, 'min_samples_leaf': 2, 'min_samples_split': 5, 'min_weight_fraction_leaf': 0.0, 'monotonic_cst': None, 'n_estimators': 50, 'n_jobs': None, 'oob_score': False, 'random_state': 42, 'verbose': 0, 'warm_start': False}",0.12491655349731445
Coffee,5,2,1,2,LinearSVC,Scaling,8,{'sigma': 0.1},0.615,0.6183580099413226,"{'C': np.float64(1000.0), 'class_weight': 'balanced', 'dual': False, 'fit_intercept': True, 'intercept_scaling': 1, 'loss': 'squared_hinge', 'max_iter': 100, 'multi_class': 'ovr', 'penalty': 'l2', 'random_state': 42, 'tol': 0.001, 'verbose': 0}",0.0053653717041015625
Coffee,5,2,1,2,LogisticRegression,Scaling,8,{'sigma': 0.1},0.6066666666666667,0.6103520072873967,"{'C': np.float64(1000.0), 'class_weight': 'balanced', 'dual': False, 'fit_intercept': True, 'intercept_scaling': 1, 'l1_ratio': None, 'max_iter': 100, 'multi_class': 'deprecated', 'n_jobs': None, 'penalty': 'l2', 'random_state': 42, 'solver': 'sag', 'tol': 0.0001, 'verbose': 0, 'warm_start': False}",0.03165435791015625
Coffee,5,2,1,2,KNN,Scaling,9,{'sigma': 0.3},0.785,0.777255562453552,"{'algorithm': 'auto', 'leaf_size': 30, 'metric': 'chebyshev', 'metric_params': None, 'n_jobs': None, 'n_neighbors': np.int64(5), 'p': 2, 'weights': 'uniform'}",0.02502894401550293
Coffee,5,2,1,2,RandomForest,Scaling,9,{'sigma': 0.3},0.655,0.6538708847736626,"{'bootstrap': True, 'ccp_alpha': 0.0, 'class_weight': 'balanced', 'criterion': 'gini', 'max_depth': 30, 'max_features': 'sqrt', 'max_leaf_nodes': None, 'max_samples': None, 'min_impurity_decrease': 0.0, 'min_samples_leaf': 1, 'min_samples_split': 2, 'min_weight_fraction_leaf': 0.0, 'monotonic_cst': None, 'n_estimators': 150, 'n_jobs': None, 'oob_score': False, 'random_state': 42, 'verbose': 0, 'warm_start': False}",0.34014892578125
Coffee,5,2,1,2,LinearSVC,Scaling,9,{'sigma': 0.3},0.5733333333333334,0.5766458902233976,"{'C': np.float64(1000.0), 'class_weight': 'balanced', 'dual': False, 'fit_intercept': True, 'intercept_scaling': 1, 'loss': 'squared_hinge', 'max_iter': 100, 'multi_class': 'ovr', 'penalty': 'l2', 'random_state': 42, 'tol': 0.001, 'verbose': 0}",0.004747867584228516
Coffee,5,2,1,2,LogisticRegression,Scaling,9,{'sigma': 0.3},0.6066666666666667,0.6103520072873967,"{'C': np.float64(1000.0), 'class_weight': 'balanced', 'dual': False, 'fit_intercept': True, 'intercept_scaling': 1, 'l1_ratio': None, 'max_iter': 100, 'multi_class': 'deprecated', 'n_jobs': None, 'penalty': 'l2', 'random_state': 42, 'solver': 'sag', 'tol': 0.0001, 'verbose': 0, 'warm_start': False}",0.033769845962524414
Coffee,5,2,1,2,KNN,Scaling,10,{'sigma': 0.5},0.7616666666666667,0.753161139974662,"{'algorithm': 'auto', 'leaf_size': 30, 'metric': 'euclidean', 'metric_params': None, 'n_jobs': None, 'n_neighbors': np.int64(9), 'p': 2, 'weights': 'distance'}",0.009649515151977539
Coffee,5,2,1,2,RandomForest,Scaling,10,{'sigma': 0.5},0.6516666666666666,0.6502667872643262,"{'bootstrap': True, 'ccp_alpha': 0.0, 'class_weight': 'balanced', 'criterion': 'gini', 'max_depth': 10, 'max_features': 'sqrt', 'max_leaf_nodes': None, 'max_samples': None, 'min_impurity_decrease': 0.0, 'min_samples_leaf': 1, 'min_samples_split': 2, 'min_weight_fraction_leaf': 0.0, 'monotonic_cst': None, 'n_estimators': 100, 'n_jobs': None, 'oob_score': False, 'random_state': 42, 'verbose': 0, 'warm_start': False}",0.1876058578491211
Coffee,5,2,1,2,LinearSVC,Scaling,10,{'sigma': 0.5},0.5033333333333333,0.48546957346142144,"{'C': np.float64(0.2069138081114788), 'class_weight': None, 'dual': False, 'fit_intercept': False, 'intercept_scaling': 1, 'loss': 'squared_hinge', 'max_iter': 100, 'multi_class': 'ovr', 'penalty': 'l2', 'random_state': 42, 'tol': 0.001, 'verbose': 0}",0.004748106002807617
Coffee,5,2,1,2,LogisticRegression,Scaling,10,{'sigma': 0.5},0.56,0.5527238548002454,"{'C': np.float64(2.6366508987303554), 'class_weight': 'balanced', 'dual': False, 'fit_intercept': True, 'intercept_scaling': 1, 'l1_ratio': None, 'max_iter': 100, 'multi_class': 'deprecated', 'n_jobs': None, 'penalty': 'l1', 'random_state': 42, 'solver': 'saga', 'tol': 0.0001, 'verbose': 0, 'warm_start': False}",0.04025101661682129
Coffee,5,2,1,3,KNN,Scaling,1,{'sigma': 0.1},0.7666666666666667,0.7578301312206892,"{'algorithm': 'auto', 'leaf_size': 30, 'metric': 'euclidean', 'metric_params': None, 'n_jobs': None, 'n_neighbors': np.int64(9), 'p': 2, 'weights': 'distance'}",0.009869098663330078
Coffee,5,2,1,3,RandomForest,Scaling,1,{'sigma': 0.1},0.665,0.661796780217833,"{'bootstrap': True, 'ccp_alpha': 0.0, 'class_weight': 'balanced', 'criterion': 'gini', 'max_depth': None, 'max_features': 'sqrt', 'max_leaf_nodes': None, 'max_samples': None, 'min_impurity_decrease': 0.0, 'min_samples_leaf': 4, 'min_samples_split': 2, 'min_weight_fraction_leaf': 0.0, 'monotonic_cst': None, 'n_estimators': 50, 'n_jobs': None, 'oob_score': False, 'random_state': 42, 'verbose': 0, 'warm_start': False}",0.15422654151916504
Coffee,5,2,1,3,LinearSVC,Scaling,1,{'sigma': 0.1},0.57,0.5650460005111168,"{'C': np.float64(0.08858667904100823), 'class_weight': 'balanced', 'dual': False, 'fit_intercept': False, 'intercept_scaling': 1, 'loss': 'squared_hinge', 'max_iter': 100, 'multi_class': 'ovr', 'penalty': 'l1', 'random_state': 42, 'tol': 0.0001, 'verbose': 0}",0.017215251922607422
Coffee,5,2,1,3,LogisticRegression,Scaling,1,{'sigma': 0.1},0.5966666666666667,0.6006503511247344,"{'C': np.float64(0.4832930238571752), 'class_weight': 'balanced', 'dual': False, 'fit_intercept': True, 'intercept_scaling': 1, 'l1_ratio': None, 'max_iter': 100, 'multi_class': 'deprecated', 'n_jobs': None, 'penalty': 'l2', 'random_state': 42, 'solver': 'lbfgs', 'tol': 0.0001, 'verbose': 0, 'warm_start': False}",0.04755592346191406
Coffee,5,2,1,3,KNN,Scaling,2,{'sigma': 0.5},0.7416666666666667,0.743492861716827,"{'algorithm': 'auto', 'leaf_size': 30, 'metric': 'euclidean', 'metric_params': None, 'n_jobs': None, 'n_neighbors': np.int64(9), 'p': 2, 'weights': 'distance'}",0.00743412971496582
Coffee,5,2,1,3,RandomForest,Scaling,2,{'sigma': 0.5},0.6416666666666667,0.6422552264534186,"{'bootstrap': True, 'ccp_alpha': 0.0, 'class_weight': 'balanced', 'criterion': 'gini', 'max_depth': None, 'max_features': 'sqrt', 'max_leaf_nodes': None, 'max_samples': None, 'min_impurity_decrease': 0.0, 'min_samples_leaf': 4, 'min_samples_split': 2, 'min_weight_fraction_leaf': 0.0, 'monotonic_cst': None, 'n_estimators': 50, 'n_jobs': None, 'oob_score': False, 'random_state': 42, 'verbose': 0, 'warm_start': False}",0.14914894104003906
Coffee,5,2,1,3,LinearSVC,Scaling,2,{'sigma': 0.5},0.535,0.5375608310346339,"{'C': np.float64(0.08858667904100823), 'class_weight': None, 'dual': False, 'fit_intercept': False, 'intercept_scaling': 1, 'loss': 'squared_hinge', 'max_iter': 100, 'multi_class': 'ovr', 'penalty': 'l1', 'random_state': 42, 'tol': 0.0001, 'verbose': 0}",0.015247583389282227
Coffee,5,2,1,3,LogisticRegression,Scaling,2,{'sigma': 0.5},0.5916666666666667,0.595758680028343,"{'C': np.float64(33.59818286283781), 'class_weight': 'balanced', 'dual': False, 'fit_intercept': True, 'intercept_scaling': 1, 'l1_ratio': None, 'max_iter': 100, 'multi_class': 'deprecated', 'n_jobs': None, 'penalty': 'l2', 'random_state': 42, 'solver': 'saga', 'tol': 0.0001, 'verbose': 0, 'warm_start': False}",0.04242229461669922
Coffee,5,2,1,3,KNN,Scaling,3,{'sigma': 0.3},0.7766666666666666,0.769597487210424,"{'algorithm': 'auto', 'leaf_size': 30, 'metric': 'euclidean', 'metric_params': None, 'n_jobs': None, 'n_neighbors': np.int64(9), 'p': 2, 'weights': 'distance'}",0.00757598876953125
Coffee,5,2,1,3,RandomForest,Scaling,3,{'sigma': 0.3},0.6433333333333333,0.6349878879290644,"{'bootstrap': True, 'ccp_alpha': 0.0, 'class_weight': 'balanced', 'criterion': 'gini', 'max_depth': None, 'max_features': 'sqrt', 'max_leaf_nodes': None, 'max_samples': None, 'min_impurity_decrease': 0.0, 'min_samples_leaf': 1, 'min_samples_split': 2, 'min_weight_fraction_leaf': 0.0, 'monotonic_cst': None, 'n_estimators': 50, 'n_jobs': None, 'oob_score': False, 'random_state': 42, 'verbose': 0, 'warm_start': False}",0.13040471076965332
Coffee,5,2,1,3,LinearSVC,Scaling,3,{'sigma': 0.3},0.595,0.584312983113655,"{'C': np.float64(0.08858667904100823), 'class_weight': 'balanced', 'dual': False, 'fit_intercept': False, 'intercept_scaling': 1, 'loss': 'squared_hinge', 'max_iter': 100, 'multi_class': 'ovr', 'penalty': 'l1', 'random_state': 42, 'tol': 0.0001, 'verbose': 0}",0.012641191482543945
Coffee,5,2,1,3,LogisticRegression,Scaling,3,{'sigma': 0.3},0.58,0.583730131985827,"{'C': np.float64(0.08858667904100823), 'class_weight': None, 'dual': False, 'fit_intercept': False, 'intercept_scaling': 1, 'l1_ratio': None, 'max_iter': 100, 'multi_class': 'deprecated', 'n_jobs': None, 'penalty': 'l1', 'random_state': 42, 'solver': 'saga', 'tol': 0.0001, 'verbose': 0, 'warm_start': False}",0.037070512771606445
Coffee,5,2,1,3,KNN,Scaling,4,{'sigma': 0.2},0.7083333333333334,0.7009654926682468,"{'algorithm': 'auto', 'leaf_size': 30, 'metric': 'euclidean', 'metric_params': None, 'n_jobs': None, 'n_neighbors': np.int64(9), 'p': 2, 'weights': 'distance'}",0.009607553482055664
Coffee,5,2,1,3,RandomForest,Scaling,4,{'sigma': 0.2},0.665,0.6630454921792835,"{'bootstrap': True, 'ccp_alpha': 0.0, 'class_weight': 'balanced', 'criterion': 'gini', 'max_depth': None, 'max_features': 'sqrt', 'max_leaf_nodes': None, 'max_samples': None, 'min_impurity_decrease': 0.0, 'min_samples_leaf': 4, 'min_samples_split': 2, 'min_weight_fraction_leaf': 0.0, 'monotonic_cst': None, 'n_estimators': 50, 'n_jobs': None, 'oob_score': False, 'random_state': 42, 'verbose': 0, 'warm_start': False}",0.1467742919921875
Coffee,5,2,1,3,LinearSVC,Scaling,4,{'sigma': 0.2},0.5683333333333334,0.5636643511478142,"{'C': np.float64(0.08858667904100823), 'class_weight': 'balanced', 'dual': False, 'fit_intercept': False, 'intercept_scaling': 1, 'loss': 'squared_hinge', 'max_iter': 100, 'multi_class': 'ovr', 'penalty': 'l1', 'random_state': 42, 'tol': 0.0001, 'verbose': 0}",0.01672196388244629
Coffee,5,2,1,3,LogisticRegression,Scaling,4,{'sigma': 0.2},0.6166666666666667,0.6199510403916768,"{'C': np.float64(2.6366508987303554), 'class_weight': 'balanced', 'dual': False, 'fit_intercept': True, 'intercept_scaling': 1, 'l1_ratio': None, 'max_iter': 100, 'multi_class': 'deprecated', 'n_jobs': None, 'penalty': 'l1', 'random_state': 42, 'solver': 'saga', 'tol': 0.0001, 'verbose': 0, 'warm_start': False}",0.07106590270996094
Coffee,5,2,1,3,KNN,Scaling,5,{'sigma': 0.5},0.6483333333333333,0.6420639559155048,"{'algorithm': 'auto', 'leaf_size': 30, 'metric': 'euclidean', 'metric_params': None, 'n_jobs': None, 'n_neighbors': np.int64(9), 'p': 2, 'weights': 'distance'}",0.010079383850097656
Coffee,5,2,1,3,RandomForest,Scaling,5,{'sigma': 0.5},0.6466666666666666,0.6381974474105889,"{'bootstrap': True, 'ccp_alpha': 0.0, 'class_weight': 'balanced', 'criterion': 'gini', 'max_depth': None, 'max_features': 'sqrt', 'max_leaf_nodes': None, 'max_samples': None, 'min_impurity_decrease': 0.0, 'min_samples_leaf': 1, 'min_samples_split': 2, 'min_weight_fraction_leaf': 0.0, 'monotonic_cst': None, 'n_estimators': 50, 'n_jobs': None, 'oob_score': False, 'random_state': 42, 'verbose': 0, 'warm_start': False}",0.15613651275634766
Coffee,5,2,1,3,LinearSVC,Scaling,5,{'sigma': 0.5},0.5066666666666667,0.49170007644583913,"{'C': np.float64(0.08858667904100823), 'class_weight': 'balanced', 'dual': False, 'fit_intercept': False, 'intercept_scaling': 1, 'loss': 'squared_hinge', 'max_iter': 100, 'multi_class': 'ovr', 'penalty': 'l1', 'random_state': 42, 'tol': 0.0001, 'verbose': 0}",0.013933897018432617
Coffee,5,2,1,3,LogisticRegression,Scaling,5,{'sigma': 0.5},0.5566666666666666,0.560664512706756,"{'C': np.float64(0.08858667904100823), 'class_weight': None, 'dual': False, 'fit_intercept': False, 'intercept_scaling': 1, 'l1_ratio': None, 'max_iter': 100, 'multi_class': 'deprecated', 'n_jobs': None, 'penalty': 'l1', 'random_state': 42, 'solver': 'saga', 'tol': 0.0001, 'verbose': 0, 'warm_start': False}",0.04225039482116699
Coffee,5,2,1,3,KNN,Scaling,6,{'sigma': 0.1},0.745,0.738878105811893,"{'algorithm': 'auto', 'leaf_size': 30, 'metric': 'euclidean', 'metric_params': None, 'n_jobs': None, 'n_neighbors': np.int64(9), 'p': 2, 'weights': 'distance'}",0.008950471878051758
Coffee,5,2,1,3,RandomForest,Scaling,6,{'sigma': 0.1},0.6666666666666666,0.6624990929123584,"{'bootstrap': True, 'ccp_alpha': 0.0, 'class_weight': 'balanced', 'criterion': 'gini', 'max_depth': None, 'max_features': 'sqrt', 'max_leaf_nodes': None, 'max_samples': None, 'min_impurity_decrease': 0.0, 'min_samples_leaf': 4, 'min_samples_split': 2, 'min_weight_fraction_leaf': 0.0, 'monotonic_cst': None, 'n_estimators': 50, 'n_jobs': None, 'oob_score': False, 'random_state': 42, 'verbose': 0, 'warm_start': False}",0.1145172119140625
Coffee,5,2,1,3,LinearSVC,Scaling,6,{'sigma': 0.1},0.5666666666666667,0.5629940206302861,"{'C': np.float64(0.08858667904100823), 'class_weight': 'balanced', 'dual': False, 'fit_intercept': False, 'intercept_scaling': 1, 'loss': 'squared_hinge', 'max_iter': 100, 'multi_class': 'ovr', 'penalty': 'l1', 'random_state': 42, 'tol': 0.0001, 'verbose': 0}",0.017117977142333984
Coffee,5,2,1,3,LogisticRegression,Scaling,6,{'sigma': 0.1},0.5866666666666667,0.5908385093167702,"{'C': np.float64(0.4832930238571752), 'class_weight': 'balanced', 'dual': False, 'fit_intercept': True, 'intercept_scaling': 1, 'l1_ratio': None, 'max_iter': 100, 'multi_class': 'deprecated', 'n_jobs': None, 'penalty': 'l2', 'random_state': 42, 'solver': 'lbfgs', 'tol': 0.0001, 'verbose': 0, 'warm_start': False}",0.0630185604095459
Coffee,5,2,1,3,KNN,Scaling,7,{'sigma': 0.3},0.7666666666666667,0.7581223449516381,"{'algorithm': 'auto', 'leaf_size': 30, 'metric': 'euclidean', 'metric_params': None, 'n_jobs': None, 'n_neighbors': np.int64(9), 'p': 2, 'weights': 'distance'}",0.01036214828491211
Coffee,5,2,1,3,RandomForest,Scaling,7,{'sigma': 0.3},0.6533333333333333,0.6510554295379963,"{'bootstrap': True, 'ccp_alpha': 0.0, 'class_weight': 'balanced', 'criterion': 'gini', 'max_depth': None, 'max_features': 'sqrt', 'max_leaf_nodes': None, 'max_samples': None, 'min_impurity_decrease': 0.0, 'min_samples_leaf': 4, 'min_samples_split': 2, 'min_weight_fraction_leaf': 0.0, 'monotonic_cst': None, 'n_estimators': 50, 'n_jobs': None, 'oob_score': False, 'random_state': 42, 'verbose': 0, 'warm_start': False}",0.1145930290222168
Coffee,5,2,1,3,LinearSVC,Scaling,7,{'sigma': 0.3},0.555,0.5422846514854471,"{'C': np.float64(183.29807108324337), 'class_weight': 'balanced', 'dual': False, 'fit_intercept': False, 'intercept_scaling': 1, 'loss': 'squared_hinge', 'max_iter': 100, 'multi_class': 'ovr', 'penalty': 'l2', 'random_state': 42, 'tol': 0.001, 'verbose': 0}",0.004472255706787109
Coffee,5,2,1,3,LogisticRegression,Scaling,7,{'sigma': 0.3},0.565,0.5686063095403002,"{'C': np.float64(0.08858667904100823), 'class_weight': None, 'dual': False, 'fit_intercept': False, 'intercept_scaling': 1, 'l1_ratio': None, 'max_iter': 100, 'multi_class': 'deprecated', 'n_jobs': None, 'penalty': 'l1', 'random_state': 42, 'solver': 'saga', 'tol': 0.0001, 'verbose': 0, 'warm_start': False}",0.04121589660644531
Coffee,5,2,1,3,KNN,Scaling,8,{'sigma': 0.1},0.7183333333333334,0.7113547029210855,"{'algorithm': 'auto', 'leaf_size': 30, 'metric': 'euclidean', 'metric_params': None, 'n_jobs': None, 'n_neighbors': np.int64(9), 'p': 2, 'weights': 'distance'}",0.009384870529174805
Coffee,5,2,1,3,RandomForest,Scaling,8,{'sigma': 0.1},0.6816666666666666,0.6828540359386909,"{'bootstrap': True, 'ccp_alpha': 0.0, 'class_weight': 'balanced', 'criterion': 'gini', 'max_depth': None, 'max_features': 'sqrt', 'max_leaf_nodes': None, 'max_samples': None, 'min_impurity_decrease': 0.0, 'min_samples_leaf': 4, 'min_samples_split': 2, 'min_weight_fraction_leaf': 0.0, 'monotonic_cst': None, 'n_estimators': 50, 'n_jobs': None, 'oob_score': False, 'random_state': 42, 'verbose': 0, 'warm_start': False}",0.13955354690551758
Coffee,5,2,1,3,LinearSVC,Scaling,8,{'sigma': 0.1},0.575,0.5632593457183515,"{'C': np.float64(0.08858667904100823), 'class_weight': 'balanced', 'dual': False, 'fit_intercept': False, 'intercept_scaling': 1, 'loss': 'squared_hinge', 'max_iter': 100, 'multi_class': 'ovr', 'penalty': 'l1', 'random_state': 42, 'tol': 0.0001, 'verbose': 0}",0.01809072494506836
Coffee,5,2,1,3,LogisticRegression,Scaling,8,{'sigma': 0.1},0.595,0.5990229016295779,"{'C': np.float64(0.4832930238571752), 'class_weight': 'balanced', 'dual': False, 'fit_intercept': True, 'intercept_scaling': 1, 'l1_ratio': None, 'max_iter': 100, 'multi_class': 'deprecated', 'n_jobs': None, 'penalty': 'l2', 'random_state': 42, 'solver': 'lbfgs', 'tol': 0.0001, 'verbose': 0, 'warm_start': False}",0.11577820777893066
Coffee,5,2,1,3,KNN,Scaling,9,{'sigma': 0.3},0.7433333333333333,0.7318816121363892,"{'algorithm': 'auto', 'leaf_size': 30, 'metric': 'euclidean', 'metric_params': None, 'n_jobs': None, 'n_neighbors': np.int64(9), 'p': 2, 'weights': 'distance'}",0.009437084197998047
Coffee,5,2,1,3,RandomForest,Scaling,9,{'sigma': 0.3},0.6416666666666667,0.6389164413722451,"{'bootstrap': True, 'ccp_alpha': 0.0, 'class_weight': 'balanced', 'criterion': 'gini', 'max_depth': 20, 'max_features': 'sqrt', 'max_leaf_nodes': None, 'max_samples': None, 'min_impurity_decrease': 0.0, 'min_samples_leaf': 2, 'min_samples_split': 10, 'min_weight_fraction_leaf': 0.0, 'monotonic_cst': None, 'n_estimators': 150, 'n_jobs': None, 'oob_score': False, 'random_state': 42, 'verbose': 0, 'warm_start': False}",0.381669282913208
Coffee,5,2,1,3,LinearSVC,Scaling,9,{'sigma': 0.3},0.57,0.5580486918120062,"{'C': np.float64(0.08858667904100823), 'class_weight': 'balanced', 'dual': False, 'fit_intercept': False, 'intercept_scaling': 1, 'loss': 'squared_hinge', 'max_iter': 100, 'multi_class': 'ovr', 'penalty': 'l1', 'random_state': 42, 'tol': 0.0001, 'verbose': 0}",0.013736486434936523
Coffee,5,2,1,3,LogisticRegression,Scaling,9,{'sigma': 0.3},0.595,0.5955209502943314,"{'C': np.float64(33.59818286283781), 'class_weight': 'balanced', 'dual': False, 'fit_intercept': True, 'intercept_scaling': 1, 'l1_ratio': None, 'max_iter': 100, 'multi_class': 'deprecated', 'n_jobs': None, 'penalty': 'l2', 'random_state': 42, 'solver': 'saga', 'tol': 0.0001, 'verbose': 0, 'warm_start': False}",0.04881787300109863
Coffee,5,2,1,3,KNN,Scaling,10,{'sigma': 0.5},0.785,0.7749360455939139,"{'algorithm': 'auto', 'leaf_size': 30, 'metric': 'euclidean', 'metric_params': None, 'n_jobs': None, 'n_neighbors': np.int64(9), 'p': 2, 'weights': 'distance'}",0.009752273559570312
Coffee,5,2,1,3,RandomForest,Scaling,10,{'sigma': 0.5},0.68,0.6734208909512475,"{'bootstrap': True, 'ccp_alpha': 0.0, 'class_weight': 'balanced', 'criterion': 'gini', 'max_depth': None, 'max_features': 'sqrt', 'max_leaf_nodes': None, 'max_samples': None, 'min_impurity_decrease': 0.0, 'min_samples_leaf': 4, 'min_samples_split': 2, 'min_weight_fraction_leaf': 0.0, 'monotonic_cst': None, 'n_estimators': 50, 'n_jobs': None, 'oob_score': False, 'random_state': 42, 'verbose': 0, 'warm_start': False}",0.15766215324401855
Coffee,5,2,1,3,LinearSVC,Scaling,10,{'sigma': 0.5},0.5483333333333333,0.5354878900480116,"{'C': np.float64(0.08858667904100823), 'class_weight': None, 'dual': False, 'fit_intercept': False, 'intercept_scaling': 1, 'loss': 'squared_hinge', 'max_iter': 100, 'multi_class': 'ovr', 'penalty': 'l1', 'random_state': 42, 'tol': 0.0001, 'verbose': 0}",0.016383886337280273
Coffee,5,2,1,3,LogisticRegression,Scaling,10,{'sigma': 0.5},0.56,0.5625481155605982,"{'C': np.float64(0.08858667904100823), 'class_weight': None, 'dual': False, 'fit_intercept': False, 'intercept_scaling': 1, 'l1_ratio': None, 'max_iter': 100, 'multi_class': 'deprecated', 'n_jobs': None, 'penalty': 'l1', 'random_state': 42, 'solver': 'saga', 'tol': 0.0001, 'verbose': 0, 'warm_start': False}",0.04116940498352051
Coffee,5,2,1,5,KNN,Scaling,1,{'sigma': 0.1},0.7866666666666666,0.7785653201483783,"{'algorithm': 'auto', 'leaf_size': 30, 'metric': 'minkowski', 'metric_params': None, 'n_jobs': None, 'n_neighbors': np.int64(5), 'p': 3, 'weights': 'distance'}",0.029045581817626953
Coffee,5,2,1,5,RandomForest,Scaling,1,{'sigma': 0.1},0.6666666666666666,0.6657313879536103,"{'bootstrap': True, 'ccp_alpha': 0.0, 'class_weight': 'balanced', 'criterion': 'gini', 'max_depth': None, 'max_features': 'sqrt', 'max_leaf_nodes': None, 'max_samples': None, 'min_impurity_decrease': 0.0, 'min_samples_leaf': 1, 'min_samples_split': 2, 'min_weight_fraction_leaf': 0.0, 'monotonic_cst': None, 'n_estimators': 50, 'n_jobs': None, 'oob_score': False, 'random_state': 42, 'verbose': 0, 'warm_start': False}",0.22411775588989258
Coffee,5,2,1,5,LinearSVC,Scaling,1,{'sigma': 0.1},0.5966666666666667,0.6006503511247344,"{'C': np.float64(2.6366508987303554), 'class_weight': 'balanced', 'dual': False, 'fit_intercept': True, 'intercept_scaling': 1, 'loss': 'squared_hinge', 'max_iter': 100, 'multi_class': 'ovr', 'penalty': 'l1', 'random_state': 42, 'tol': 0.0001, 'verbose': 0}",0.03406882286071777
Coffee,5,2,1,5,LogisticRegression,Scaling,1,{'sigma': 0.1},0.5916666666666667,0.5950317952202162,"{'C': np.float64(2.6366508987303554), 'class_weight': 'balanced', 'dual': False, 'fit_intercept': True, 'intercept_scaling': 1, 'l1_ratio': None, 'max_iter': 100, 'multi_class': 'deprecated', 'n_jobs': None, 'penalty': 'l1', 'random_state': 42, 'solver': 'saga', 'tol': 0.0001, 'verbose': 0, 'warm_start': False}",0.09634995460510254
Coffee,5,2,1,5,KNN,Scaling,2,{'sigma': 0.5},0.7316666666666667,0.7133279419467067,"{'algorithm': 'auto', 'leaf_size': 30, 'metric': 'minkowski', 'metric_params': None, 'n_jobs': None, 'n_neighbors': np.int64(13), 'p': 4, 'weights': 'distance'}",0.0520930290222168
Coffee,5,2,1,5,RandomForest,Scaling,2,{'sigma': 0.5},0.625,0.6289259492749215,"{'bootstrap': True, 'ccp_alpha': 0.0, 'class_weight': 'balanced', 'criterion': 'gini', 'max_depth': None, 'max_features': 'sqrt', 'max_leaf_nodes': None, 'max_samples': None, 'min_impurity_decrease': 0.0, 'min_samples_leaf': 1, 'min_samples_split': 2, 'min_weight_fraction_leaf': 0.0, 'monotonic_cst': None, 'n_estimators': 50, 'n_jobs': None, 'oob_score': False, 'random_state': 42, 'verbose': 0, 'warm_start': False}",0.2010178565979004
Coffee,5,2,1,5,LinearSVC,Scaling,2,{'sigma': 0.5},0.625,0.6278772378516625,"{'C': np.float64(0.4832930238571752), 'class_weight': 'balanced', 'dual': False, 'fit_intercept': True, 'intercept_scaling': 1, 'loss': 'squared_hinge', 'max_iter': 100, 'multi_class': 'ovr', 'penalty': 'l2', 'random_state': 42, 'tol': 0.0001, 'verbose': 0}",0.007700443267822266
Coffee,5,2,1,5,LogisticRegression,Scaling,2,{'sigma': 0.5},0.62,0.6231292072413568,"{'C': np.float64(0.4832930238571752), 'class_weight': 'balanced', 'dual': False, 'fit_intercept': True, 'intercept_scaling': 1, 'l1_ratio': None, 'max_iter': 100, 'multi_class': 'deprecated', 'n_jobs': None, 'penalty': 'l2', 'random_state': 42, 'solver': 'lbfgs', 'tol': 0.0001, 'verbose': 0, 'warm_start': False}",0.0191953182220459
Coffee,5,2,1,5,KNN,Scaling,3,{'sigma': 0.3},0.7733333333333333,0.7622426929477716,"{'algorithm': 'auto', 'leaf_size': 30, 'metric': 'minkowski', 'metric_params': None, 'n_jobs': None, 'n_neighbors': np.int64(5), 'p': 3, 'weights': 'distance'}",0.04262495040893555
Coffee,5,2,1,5,RandomForest,Scaling,3,{'sigma': 0.3},0.6666666666666666,0.6694310407022315,"{'bootstrap': True, 'ccp_alpha': 0.0, 'class_weight': 'balanced', 'criterion': 'gini', 'max_depth': None, 'max_features': 'sqrt', 'max_leaf_nodes': None, 'max_samples': None, 'min_impurity_decrease': 0.0, 'min_samples_leaf': 1, 'min_samples_split': 2, 'min_weight_fraction_leaf': 0.0, 'monotonic_cst': None, 'n_estimators': 50, 'n_jobs': None, 'oob_score': False, 'random_state': 42, 'verbose': 0, 'warm_start': False}",0.21995806694030762
Coffee,5,2,1,5,LinearSVC,Scaling,3,{'sigma': 0.3},0.55,0.5358583153027172,"{'C': np.float64(2.6366508987303554), 'class_weight': 'balanced', 'dual': False, 'fit_intercept': True, 'intercept_scaling': 1, 'loss': 'squared_hinge', 'max_iter': 100, 'multi_class': 'ovr', 'penalty': 'l1', 'random_state': 42, 'tol': 0.0001, 'verbose': 0}",0.03333020210266113
Coffee,5,2,1,5,LogisticRegression,Scaling,3,{'sigma': 0.3},0.5183333333333333,0.5009317415754198,"{'C': np.float64(33.59818286283781), 'class_weight': None, 'dual': False, 'fit_intercept': True, 'intercept_scaling': 1, 'l1_ratio': None, 'max_iter': 100, 'multi_class': 'deprecated', 'n_jobs': None, 'penalty': 'l2', 'random_state': 42, 'solver': 'saga', 'tol': 0.0001, 'verbose': 0, 'warm_start': False}",0.07214903831481934
Coffee,5,2,1,5,KNN,Scaling,4,{'sigma': 0.2},0.7866666666666666,0.7799170017529559,"{'algorithm': 'auto', 'leaf_size': 30, 'metric': 'minkowski', 'metric_params': None, 'n_jobs': None, 'n_neighbors': np.int64(5), 'p': 3, 'weights': 'distance'}",0.041020870208740234
Coffee,5,2,1,5,RandomForest,Scaling,4,{'sigma': 0.2},0.6483333333333333,0.643831417624521,"{'bootstrap': True, 'ccp_alpha': 0.0, 'class_weight': 'balanced', 'criterion': 'gini', 'max_depth': 30, 'max_features': 'sqrt', 'max_leaf_nodes': None, 'max_samples': None, 'min_impurity_decrease': 0.0, 'min_samples_leaf': 1, 'min_samples_split': 2, 'min_weight_fraction_leaf': 0.0, 'monotonic_cst': None, 'n_estimators': 150, 'n_jobs': None, 'oob_score': False, 'random_state': 42, 'verbose': 0, 'warm_start': False}",0.5867040157318115
Coffee,5,2,1,5,LinearSVC,Scaling,4,{'sigma': 0.2},0.6083333333333333,0.6098668478944851,"{'C': np.float64(1000.0), 'class_weight': 'balanced', 'dual': False, 'fit_intercept': True, 'intercept_scaling': 1, 'loss': 'squared_hinge', 'max_iter': 100, 'multi_class': 'ovr', 'penalty': 'l2', 'random_state': 42, 'tol': 0.001, 'verbose': 0}",0.007259368896484375
Coffee,5,2,1,5,LogisticRegression,Scaling,4,{'sigma': 0.2},0.6233333333333333,0.6249309652345569,"{'C': np.float64(2.6366508987303554), 'class_weight': 'balanced', 'dual': False, 'fit_intercept': True, 'intercept_scaling': 1, 'l1_ratio': None, 'max_iter': 100, 'multi_class': 'deprecated', 'n_jobs': None, 'penalty': 'l1', 'random_state': 42, 'solver': 'saga', 'tol': 0.0001, 'verbose': 0, 'warm_start': False}",0.09270620346069336
Coffee,5,2,1,5,KNN,Scaling,5,{'sigma': 0.5},0.62,0.6163371198383981,"{'algorithm': 'auto', 'leaf_size': 30, 'metric': 'minkowski', 'metric_params': None, 'n_jobs': None, 'n_neighbors': np.int64(5), 'p': 3, 'weights': 'distance'}",0.05087780952453613
Coffee,5,2,1,5,RandomForest,Scaling,5,{'sigma': 0.5},0.6483333333333333,0.6492937401491204,"{'bootstrap': True, 'ccp_alpha': 0.0, 'class_weight': None, 'criterion': 'gini', 'max_depth': None, 'max_features': 'sqrt', 'max_leaf_nodes': None, 'max_samples': None, 'min_impurity_decrease': 0.0, 'min_samples_leaf': 4, 'min_samples_split': 10, 'min_weight_fraction_leaf': 0.0, 'monotonic_cst': None, 'n_estimators': 50, 'n_jobs': None, 'oob_score': False, 'random_state': 42, 'verbose': 0, 'warm_start': False}",0.24109435081481934
Coffee,5,2,1,5,LinearSVC,Scaling,5,{'sigma': 0.5},0.5233333333333333,0.5000892122649462,"{'C': np.float64(2.6366508987303554), 'class_weight': 'balanced', 'dual': False, 'fit_intercept': True, 'intercept_scaling': 1, 'loss': 'squared_hinge', 'max_iter': 100, 'multi_class': 'ovr', 'penalty': 'l1', 'random_state': 42, 'tol': 0.0001, 'verbose': 0}",0.029426097869873047
Coffee,5,2,1,5,LogisticRegression,Scaling,5,{'sigma': 0.5},0.47333333333333333,0.4432694935404271,"{'C': np.float64(2.6366508987303554), 'class_weight': 'balanced', 'dual': False, 'fit_intercept': True, 'intercept_scaling': 1, 'l1_ratio': None, 'max_iter': 100, 'multi_class': 'deprecated', 'n_jobs': None, 'penalty': 'l1', 'random_state': 42, 'solver': 'saga', 'tol': 0.0001, 'verbose': 0, 'warm_start': False}",0.09808874130249023
Coffee,5,2,1,5,KNN,Scaling,6,{'sigma': 0.1},0.785,0.7767022348595664,"{'algorithm': 'auto', 'leaf_size': 30, 'metric': 'minkowski', 'metric_params': None, 'n_jobs': None, 'n_neighbors': np.int64(13), 'p': 4, 'weights': 'distance'}",0.04036426544189453
Coffee,5,2,1,5,RandomForest,Scaling,6,{'sigma': 0.1},0.6766666666666666,0.6739986479046006,"{'bootstrap': True, 'ccp_alpha': 0.0, 'class_weight': 'balanced', 'criterion': 'gini', 'max_depth': 30, 'max_features': 'sqrt', 'max_leaf_nodes': None, 'max_samples': None, 'min_impurity_decrease': 0.0, 'min_samples_leaf': 1, 'min_samples_split': 2, 'min_weight_fraction_leaf': 0.0, 'monotonic_cst': None, 'n_estimators': 150, 'n_jobs': None, 'oob_score': False, 'random_state': 42, 'verbose': 0, 'warm_start': False}",0.5585284233093262
Coffee,5,2,1,5,LinearSVC,Scaling,6,{'sigma': 0.1},0.5966666666666667,0.6006503511247344,"{'C': np.float64(2.6366508987303554), 'class_weight': 'balanced', 'dual': False, 'fit_intercept': True, 'intercept_scaling': 1, 'loss': 'squared_hinge', 'max_iter': 100, 'multi_class': 'ovr', 'penalty': 'l1', 'random_state': 42, 'tol': 0.0001, 'verbose': 0}",0.026232481002807617
Coffee,5,2,1,5,LogisticRegression,Scaling,6,{'sigma': 0.1},0.5983333333333334,0.6022747401484942,"{'C': np.float64(2.6366508987303554), 'class_weight': 'balanced', 'dual': False, 'fit_intercept': True, 'intercept_scaling': 1, 'l1_ratio': None, 'max_iter': 100, 'multi_class': 'deprecated', 'n_jobs': None, 'penalty': 'l1', 'random_state': 42, 'solver': 'saga', 'tol': 0.0001, 'verbose': 0, 'warm_start': False}",0.11314249038696289
Coffee,5,2,1,5,KNN,Scaling,7,{'sigma': 0.3},0.6033333333333334,0.5947313740838255,"{'algorithm': 'auto', 'leaf_size': 30, 'metric': 'manhattan', 'metric_params': None, 'n_jobs': None, 'n_neighbors': np.int64(5), 'p': 2, 'weights': 'distance'}",0.013916254043579102
Coffee,5,2,1,5,RandomForest,Scaling,7,{'sigma': 0.3},0.6333333333333333,0.6267565261864936,"{'bootstrap': True, 'ccp_alpha': 0.0, 'class_weight': 'balanced', 'criterion': 'gini', 'max_depth': 30, 'max_features': 'sqrt', 'max_leaf_nodes': None, 'max_samples': None, 'min_impurity_decrease': 0.0, 'min_samples_leaf': 1, 'min_samples_split': 2, 'min_weight_fraction_leaf': 0.0, 'monotonic_cst': None, 'n_estimators': 150, 'n_jobs': None, 'oob_score': False, 'random_state': 42, 'verbose': 0, 'warm_start': False}",0.6903152465820312
Coffee,5,2,1,5,LinearSVC,Scaling,7,{'sigma': 0.3},0.5316666666666666,0.5157095907444884,"{'C': np.float64(2.6366508987303554), 'class_weight': 'balanced', 'dual': False, 'fit_intercept': True, 'intercept_scaling': 1, 'loss': 'squared_hinge', 'max_iter': 100, 'multi_class': 'ovr', 'penalty': 'l1', 'random_state': 42, 'tol': 0.0001, 'verbose': 0}",0.033629417419433594
Coffee,5,2,1,5,LogisticRegression,Scaling,7,{'sigma': 0.3},0.5333333333333333,0.5124631590332311,"{'C': np.float64(33.59818286283781), 'class_weight': None, 'dual': False, 'fit_intercept': True, 'intercept_scaling': 1, 'l1_ratio': None, 'max_iter': 100, 'multi_class': 'deprecated', 'n_jobs': None, 'penalty': 'l2', 'random_state': 42, 'solver': 'saga', 'tol': 0.0001, 'verbose': 0, 'warm_start': False}",0.08426523208618164
Coffee,5,2,1,5,KNN,Scaling,8,{'sigma': 0.1},0.775,0.7645745218104918,"{'algorithm': 'auto', 'leaf_size': 30, 'metric': 'minkowski', 'metric_params': None, 'n_jobs': None, 'n_neighbors': np.int64(5), 'p': 3, 'weights': 'distance'}",0.033484697341918945
Coffee,5,2,1,5,RandomForest,Scaling,8,{'sigma': 0.1},0.6616666666666666,0.6588116133068744,"{'bootstrap': True, 'ccp_alpha': 0.0, 'class_weight': 'balanced', 'criterion': 'gini', 'max_depth': None, 'max_features': 'sqrt', 'max_leaf_nodes': None, 'max_samples': None, 'min_impurity_decrease': 0.0, 'min_samples_leaf': 1, 'min_samples_split': 2, 'min_weight_fraction_leaf': 0.0, 'monotonic_cst': None, 'n_estimators': 50, 'n_jobs': None, 'oob_score': False, 'random_state': 42, 'verbose': 0, 'warm_start': False}",0.22440695762634277
Coffee,5,2,1,5,LinearSVC,Scaling,8,{'sigma': 0.1},0.605,0.608742394251131,"{'C': np.float64(2.6366508987303554), 'class_weight': 'balanced', 'dual': False, 'fit_intercept': True, 'intercept_scaling': 1, 'loss': 'squared_hinge', 'max_iter': 100, 'multi_class': 'ovr', 'penalty': 'l1', 'random_state': 42, 'tol': 0.0001, 'verbose': 0}",0.02596282958984375
Coffee,5,2,1,5,LogisticRegression,Scaling,8,{'sigma': 0.1},0.605,0.608742394251131,"{'C': np.float64(2.6366508987303554), 'class_weight': 'balanced', 'dual': False, 'fit_intercept': True, 'intercept_scaling': 1, 'l1_ratio': None, 'max_iter': 100, 'multi_class': 'deprecated', 'n_jobs': None, 'penalty': 'l1', 'random_state': 42, 'solver': 'saga', 'tol': 0.0001, 'verbose': 0, 'warm_start': False}",0.1204531192779541
Coffee,5,2,1,5,KNN,Scaling,9,{'sigma': 0.3},0.7983333333333333,0.7913447477159302,"{'algorithm': 'auto', 'leaf_size': 30, 'metric': 'minkowski', 'metric_params': None, 'n_jobs': None, 'n_neighbors': np.int64(13), 'p': 4, 'weights': 'distance'}",0.041632890701293945
Coffee,5,2,1,5,RandomForest,Scaling,9,{'sigma': 0.3},0.6783333333333333,0.6747522897403945,"{'bootstrap': True, 'ccp_alpha': 0.0, 'class_weight': 'balanced', 'criterion': 'gini', 'max_depth': None, 'max_features': 'sqrt', 'max_leaf_nodes': None, 'max_samples': None, 'min_impurity_decrease': 0.0, 'min_samples_leaf': 1, 'min_samples_split': 2, 'min_weight_fraction_leaf': 0.0, 'monotonic_cst': None, 'n_estimators': 50, 'n_jobs': None, 'oob_score': False, 'random_state': 42, 'verbose': 0, 'warm_start': False}",0.22328710556030273
Coffee,5,2,1,5,LinearSVC,Scaling,9,{'sigma': 0.3},0.5816666666666667,0.5858888767725233,"{'C': np.float64(2.6366508987303554), 'class_weight': 'balanced', 'dual': False, 'fit_intercept': True, 'intercept_scaling': 1, 'loss': 'squared_hinge', 'max_iter': 100, 'multi_class': 'ovr', 'penalty': 'l1', 'random_state': 42, 'tol': 0.0001, 'verbose': 0}",0.03352546691894531
Coffee,5,2,1,5,LogisticRegression,Scaling,9,{'sigma': 0.3},0.6116666666666667,0.6151638826773546,"{'C': np.float64(33.59818286283781), 'class_weight': None, 'dual': False, 'fit_intercept': True, 'intercept_scaling': 1, 'l1_ratio': None, 'max_iter': 100, 'multi_class': 'deprecated', 'n_jobs': None, 'penalty': 'l2', 'random_state': 42, 'solver': 'saga', 'tol': 0.0001, 'verbose': 0, 'warm_start': False}",0.0783991813659668
Coffee,5,2,1,5,KNN,Scaling,10,{'sigma': 0.5},0.795,0.7895212412006645,"{'algorithm': 'auto', 'leaf_size': 30, 'metric': 'minkowski', 'metric_params': None, 'n_jobs': None, 'n_neighbors': np.int64(5), 'p': 3, 'weights': 'distance'}",0.03957986831665039
Coffee,5,2,1,5,RandomForest,Scaling,10,{'sigma': 0.5},0.64,0.6309014149532433,"{'bootstrap': True, 'ccp_alpha': 0.0, 'class_weight': 'balanced', 'criterion': 'gini', 'max_depth': None, 'max_features': 'sqrt', 'max_leaf_nodes': None, 'max_samples': None, 'min_impurity_decrease': 0.0, 'min_samples_leaf': 1, 'min_samples_split': 2, 'min_weight_fraction_leaf': 0.0, 'monotonic_cst': None, 'n_estimators': 50, 'n_jobs': None, 'oob_score': False, 'random_state': 42, 'verbose': 0, 'warm_start': False}",0.24630069732666016
Coffee,5,2,1,5,LinearSVC,Scaling,10,{'sigma': 0.5},0.51,0.5083354539031186,"{'C': np.float64(2.6366508987303554), 'class_weight': 'balanced', 'dual': False, 'fit_intercept': True, 'intercept_scaling': 1, 'loss': 'squared_hinge', 'max_iter': 100, 'multi_class': 'ovr', 'penalty': 'l1', 'random_state': 42, 'tol': 0.0001, 'verbose': 0}",0.027614831924438477
Coffee,5,2,1,5,LogisticRegression,Scaling,10,{'sigma': 0.5},0.5433333333333333,0.5404726337824929,"{'C': np.float64(33.59818286283781), 'class_weight': None, 'dual': False, 'fit_intercept': True, 'intercept_scaling': 1, 'l1_ratio': None, 'max_iter': 100, 'multi_class': 'deprecated', 'n_jobs': None, 'penalty': 'l2', 'random_state': 42, 'solver': 'saga', 'tol': 0.0001, 'verbose': 0, 'warm_start': False}",0.05604147911071777
Coffee,5,2,1,10,KNN,Scaling,1,{'sigma': 0.1},0.7566666666666667,0.7471903662170124,"{'algorithm': 'auto', 'leaf_size': 30, 'metric': 'minkowski', 'metric_params': None, 'n_jobs': None, 'n_neighbors': 5, 'p': 2, 'weights': 'uniform'}",0.045348167419433594
Coffee,5,2,1,10,RandomForest,Scaling,1,{'sigma': 0.1},0.665,0.6618664789581864,"{'bootstrap': True, 'ccp_alpha': 0.0, 'class_weight': None, 'criterion': 'gini', 'max_depth': None, 'max_features': 'sqrt', 'max_leaf_nodes': None, 'max_samples': None, 'min_impurity_decrease': 0.0, 'min_samples_leaf': 1, 'min_samples_split': 2, 'min_weight_fraction_leaf': 0.0, 'monotonic_cst': None, 'n_estimators': 100, 'n_jobs': None, 'oob_score': False, 'random_state': 42, 'verbose': 0, 'warm_start': False}",0.779179573059082
Coffee,5,2,1,10,LinearSVC,Scaling,1,{'sigma': 0.1},0.6166666666666667,0.6199510403916768,"{'C': 1.0, 'class_weight': None, 'dual': False, 'fit_intercept': True, 'intercept_scaling': 1, 'loss': 'squared_hinge', 'max_iter': 100, 'multi_class': 'ovr', 'penalty': 'l2', 'random_state': 42, 'tol': 0.0001, 'verbose': 0}",0.015438556671142578
Coffee,5,2,1,10,LogisticRegression,Scaling,1,{'sigma': 0.1},0.6066666666666667,0.6103520072873967,"{'C': 1.0, 'class_weight': None, 'dual': False, 'fit_intercept': True, 'intercept_scaling': 1, 'l1_ratio': None, 'max_iter': 100, 'multi_class': 'deprecated', 'n_jobs': None, 'penalty': 'l2', 'random_state': 42, 'solver': 'lbfgs', 'tol': 0.0001, 'verbose': 0, 'warm_start': False}",0.09058594703674316
Coffee,5,2,1,10,KNN,Scaling,2,{'sigma': 0.5},0.7666666666666667,0.7639114593297942,"{'algorithm': 'auto', 'leaf_size': 30, 'metric': 'minkowski', 'metric_params': None, 'n_jobs': None, 'n_neighbors': 5, 'p': 2, 'weights': 'uniform'}",0.09075140953063965
Coffee,5,2,1,10,RandomForest,Scaling,2,{'sigma': 0.5},0.6683333333333333,0.6609960360341341,"{'bootstrap': True, 'ccp_alpha': 0.0, 'class_weight': None, 'criterion': 'gini', 'max_depth': None, 'max_features': 'sqrt', 'max_leaf_nodes': None, 'max_samples': None, 'min_impurity_decrease': 0.0, 'min_samples_leaf': 1, 'min_samples_split': 2, 'min_weight_fraction_leaf': 0.0, 'monotonic_cst': None, 'n_estimators': 100, 'n_jobs': None, 'oob_score': False, 'random_state': 42, 'verbose': 0, 'warm_start': False}",0.915107011795044
Coffee,5,2,1,10,LinearSVC,Scaling,2,{'sigma': 0.5},0.4816666666666667,0.4745727648546954,"{'C': 1.0, 'class_weight': None, 'dual': False, 'fit_intercept': True, 'intercept_scaling': 1, 'loss': 'squared_hinge', 'max_iter': 100, 'multi_class': 'ovr', 'penalty': 'l2', 'random_state': 42, 'tol': 0.0001, 'verbose': 0}",0.015300750732421875
Coffee,5,2,1,10,LogisticRegression,Scaling,2,{'sigma': 0.5},0.49166666666666664,0.48007512604759833,"{'C': 1.0, 'class_weight': None, 'dual': False, 'fit_intercept': True, 'intercept_scaling': 1, 'l1_ratio': None, 'max_iter': 100, 'multi_class': 'deprecated', 'n_jobs': None, 'penalty': 'l2', 'random_state': 42, 'solver': 'lbfgs', 'tol': 0.0001, 'verbose': 0, 'warm_start': False}",0.027504920959472656
Coffee,5,2,1,10,KNN,Scaling,3,{'sigma': 0.3},0.7516666666666667,0.7355913079798976,"{'algorithm': 'auto', 'leaf_size': 30, 'metric': 'minkowski', 'metric_params': None, 'n_jobs': None, 'n_neighbors': 5, 'p': 2, 'weights': 'uniform'}",0.041960954666137695
Coffee,5,2,1,10,RandomForest,Scaling,3,{'sigma': 0.3},0.6366666666666667,0.6290695101278347,"{'bootstrap': True, 'ccp_alpha': 0.0, 'class_weight': None, 'criterion': 'gini', 'max_depth': None, 'max_features': 'sqrt', 'max_leaf_nodes': None, 'max_samples': None, 'min_impurity_decrease': 0.0, 'min_samples_leaf': 1, 'min_samples_split': 2, 'min_weight_fraction_leaf': 0.0, 'monotonic_cst': None, 'n_estimators': 100, 'n_jobs': None, 'oob_score': False, 'random_state': 42, 'verbose': 0, 'warm_start': False}",0.8028135299682617
Coffee,5,2,1,10,LinearSVC,Scaling,3,{'sigma': 0.3},0.5516666666666666,0.5389600691974472,"{'C': 1.0, 'class_weight': None, 'dual': False, 'fit_intercept': True, 'intercept_scaling': 1, 'loss': 'squared_hinge', 'max_iter': 100, 'multi_class': 'ovr', 'penalty': 'l2', 'random_state': 42, 'tol': 0.0001, 'verbose': 0}",0.0172884464263916
Coffee,5,2,1,10,LogisticRegression,Scaling,3,{'sigma': 0.3},0.5583333333333333,0.5451251164066399,"{'C': 1.0, 'class_weight': None, 'dual': False, 'fit_intercept': True, 'intercept_scaling': 1, 'l1_ratio': None, 'max_iter': 100, 'multi_class': 'deprecated', 'n_jobs': None, 'penalty': 'l2', 'random_state': 42, 'solver': 'lbfgs', 'tol': 0.0001, 'verbose': 0, 'warm_start': False}",0.43634796142578125
Coffee,5,2,1,10,KNN,Scaling,4,{'sigma': 0.2},0.7716666666666666,0.7599642504545097,"{'algorithm': 'auto', 'leaf_size': 30, 'metric': 'minkowski', 'metric_params': None, 'n_jobs': None, 'n_neighbors': 5, 'p': 2, 'weights': 'uniform'}",0.05116391181945801
Coffee,5,2,1,10,RandomForest,Scaling,4,{'sigma': 0.2},0.69,0.6836686044443389,"{'bootstrap': True, 'ccp_alpha': 0.0, 'class_weight': None, 'criterion': 'gini', 'max_depth': None, 'max_features': 'sqrt', 'max_leaf_nodes': None, 'max_samples': None, 'min_impurity_decrease': 0.0, 'min_samples_leaf': 1, 'min_samples_split': 2, 'min_weight_fraction_leaf': 0.0, 'monotonic_cst': None, 'n_estimators': 100, 'n_jobs': None, 'oob_score': False, 'random_state': 42, 'verbose': 0, 'warm_start': False}",0.9058830738067627
Coffee,5,2,1,10,LinearSVC,Scaling,4,{'sigma': 0.2},0.565,0.5548043197229312,"{'C': 1.0, 'class_weight': None, 'dual': False, 'fit_intercept': True, 'intercept_scaling': 1, 'loss': 'squared_hinge', 'max_iter': 100, 'multi_class': 'ovr', 'penalty': 'l2', 'random_state': 42, 'tol': 0.0001, 'verbose': 0}",0.012352943420410156
Coffee,5,2,1,10,LogisticRegression,Scaling,4,{'sigma': 0.2},0.5533333333333333,0.5442925411131665,"{'C': 1.0, 'class_weight': None, 'dual': False, 'fit_intercept': True, 'intercept_scaling': 1, 'l1_ratio': None, 'max_iter': 100, 'multi_class': 'deprecated', 'n_jobs': None, 'penalty': 'l2', 'random_state': 42, 'solver': 'lbfgs', 'tol': 0.0001, 'verbose': 0, 'warm_start': False}",0.19899559020996094
Coffee,5,2,1,10,KNN,Scaling,5,{'sigma': 0.5},0.7783333333333333,0.7692552280787575,"{'algorithm': 'auto', 'leaf_size': 30, 'metric': 'minkowski', 'metric_params': None, 'n_jobs': None, 'n_neighbors': 5, 'p': 2, 'weights': 'uniform'}",0.08986353874206543
Coffee,5,2,1,10,RandomForest,Scaling,5,{'sigma': 0.5},0.64,0.6280488445343045,"{'bootstrap': True, 'ccp_alpha': 0.0, 'class_weight': None, 'criterion': 'gini', 'max_depth': None, 'max_features': 'sqrt', 'max_leaf_nodes': None, 'max_samples': None, 'min_impurity_decrease': 0.0, 'min_samples_leaf': 1, 'min_samples_split': 2, 'min_weight_fraction_leaf': 0.0, 'monotonic_cst': None, 'n_estimators': 100, 'n_jobs': None, 'oob_score': False, 'random_state': 42, 'verbose': 0, 'warm_start': False}",0.8280293941497803
Coffee,5,2,1,10,LinearSVC,Scaling,5,{'sigma': 0.5},0.5833333333333334,0.5875420875420876,"{'C': 1.0, 'class_weight': None, 'dual': False, 'fit_intercept': True, 'intercept_scaling': 1, 'loss': 'squared_hinge', 'max_iter': 100, 'multi_class': 'ovr', 'penalty': 'l2', 'random_state': 42, 'tol': 0.0001, 'verbose': 0}",0.014879941940307617
Coffee,5,2,1,10,LogisticRegression,Scaling,5,{'sigma': 0.5},0.605,0.608742394251131,"{'C': 1.0, 'class_weight': None, 'dual': False, 'fit_intercept': True, 'intercept_scaling': 1, 'l1_ratio': None, 'max_iter': 100, 'multi_class': 'deprecated', 'n_jobs': None, 'penalty': 'l2', 'random_state': 42, 'solver': 'lbfgs', 'tol': 0.0001, 'verbose': 0, 'warm_start': False}",0.058563947677612305
Coffee,5,2,1,10,KNN,Scaling,6,{'sigma': 0.1},0.735,0.7284766515535747,"{'algorithm': 'auto', 'leaf_size': 30, 'metric': 'minkowski', 'metric_params': None, 'n_jobs': None, 'n_neighbors': 5, 'p': 2, 'weights': 'uniform'}",0.0836637020111084
Coffee,5,2,1,10,RandomForest,Scaling,6,{'sigma': 0.1},0.6616666666666666,0.6584881081541689,"{'bootstrap': True, 'ccp_alpha': 0.0, 'class_weight': None, 'criterion': 'gini', 'max_depth': None, 'max_features': 'sqrt', 'max_leaf_nodes': None, 'max_samples': None, 'min_impurity_decrease': 0.0, 'min_samples_leaf': 1, 'min_samples_split': 2, 'min_weight_fraction_leaf': 0.0, 'monotonic_cst': None, 'n_estimators': 100, 'n_jobs': None, 'oob_score': False, 'random_state': 42, 'verbose': 0, 'warm_start': False}",0.6984319686889648
Coffee,5,2,1,10,LinearSVC,Scaling,6,{'sigma': 0.1},0.5983333333333334,0.6022747401484942,"{'C': 1.0, 'class_weight': None, 'dual': False, 'fit_intercept': True, 'intercept_scaling': 1, 'loss': 'squared_hinge', 'max_iter': 100, 'multi_class': 'ovr', 'penalty': 'l2', 'random_state': 42, 'tol': 0.0001, 'verbose': 0}",0.014185667037963867
Coffee,5,2,1,10,LogisticRegression,Scaling,6,{'sigma': 0.1},0.6066666666666667,0.6103520072873967,"{'C': 1.0, 'class_weight': None, 'dual': False, 'fit_intercept': True, 'intercept_scaling': 1, 'l1_ratio': None, 'max_iter': 100, 'multi_class': 'deprecated', 'n_jobs': None, 'penalty': 'l2', 'random_state': 42, 'solver': 'lbfgs', 'tol': 0.0001, 'verbose': 0, 'warm_start': False}",0.06752729415893555
Coffee,5,2,1,10,KNN,Scaling,7,{'sigma': 0.3},0.7233333333333334,0.7211838060886644,"{'algorithm': 'auto', 'leaf_size': 30, 'metric': 'minkowski', 'metric_params': None, 'n_jobs': None, 'n_neighbors': 5, 'p': 2, 'weights': 'uniform'}",0.0751347541809082
Coffee,5,2,1,10,RandomForest,Scaling,7,{'sigma': 0.3},0.6666666666666666,0.6576496030199521,"{'bootstrap': True, 'ccp_alpha': 0.0, 'class_weight': None, 'criterion': 'gini', 'max_depth': None, 'max_features': 'sqrt', 'max_leaf_nodes': None, 'max_samples': None, 'min_impurity_decrease': 0.0, 'min_samples_leaf': 1, 'min_samples_split': 2, 'min_weight_fraction_leaf': 0.0, 'monotonic_cst': None, 'n_estimators': 100, 'n_jobs': None, 'oob_score': False, 'random_state': 42, 'verbose': 0, 'warm_start': False}",0.6893336772918701
Coffee,5,2,1,10,LinearSVC,Scaling,7,{'sigma': 0.3},0.5816666666666667,0.5858888767725233,"{'C': 1.0, 'class_weight': None, 'dual': False, 'fit_intercept': True, 'intercept_scaling': 1, 'loss': 'squared_hinge', 'max_iter': 100, 'multi_class': 'ovr', 'penalty': 'l2', 'random_state': 42, 'tol': 0.0001, 'verbose': 0}",0.012617111206054688
Coffee,5,2,1,10,LogisticRegression,Scaling,7,{'sigma': 0.3},0.5833333333333334,0.5875420875420876,"{'C': 1.0, 'class_weight': None, 'dual': False, 'fit_intercept': True, 'intercept_scaling': 1, 'l1_ratio': None, 'max_iter': 100, 'multi_class': 'deprecated', 'n_jobs': None, 'penalty': 'l2', 'random_state': 42, 'solver': 'lbfgs', 'tol': 0.0001, 'verbose': 0, 'warm_start': False}",0.2542603015899658
Coffee,5,2,1,10,KNN,Scaling,8,{'sigma': 0.1},0.7733333333333333,0.7657054482416231,"{'algorithm': 'auto', 'leaf_size': 30, 'metric': 'minkowski', 'metric_params': None, 'n_jobs': None, 'n_neighbors': 5, 'p': 2, 'weights': 'uniform'}",0.10205435752868652
Coffee,5,2,1,10,RandomForest,Scaling,8,{'sigma': 0.1},0.6416666666666667,0.637776662703958,"{'bootstrap': True, 'ccp_alpha': 0.0, 'class_weight': None, 'criterion': 'gini', 'max_depth': None, 'max_features': 'sqrt', 'max_leaf_nodes': None, 'max_samples': None, 'min_impurity_decrease': 0.0, 'min_samples_leaf': 1, 'min_samples_split': 2, 'min_weight_fraction_leaf': 0.0, 'monotonic_cst': None, 'n_estimators': 100, 'n_jobs': None, 'oob_score': False, 'random_state': 42, 'verbose': 0, 'warm_start': False}",0.6750648021697998
Coffee,5,2,1,10,LinearSVC,Scaling,8,{'sigma': 0.1},0.5966666666666667,0.6006503511247344,"{'C': 1.0, 'class_weight': None, 'dual': False, 'fit_intercept': True, 'intercept_scaling': 1, 'loss': 'squared_hinge', 'max_iter': 100, 'multi_class': 'ovr', 'penalty': 'l2', 'random_state': 42, 'tol': 0.0001, 'verbose': 0}",0.011046171188354492
Coffee,5,2,1,10,LogisticRegression,Scaling,8,{'sigma': 0.1},0.605,0.608742394251131,"{'C': 1.0, 'class_weight': None, 'dual': False, 'fit_intercept': True, 'intercept_scaling': 1, 'l1_ratio': None, 'max_iter': 100, 'multi_class': 'deprecated', 'n_jobs': None, 'penalty': 'l2', 'random_state': 42, 'solver': 'lbfgs', 'tol': 0.0001, 'verbose': 0, 'warm_start': False}",0.13940644264221191
Coffee,5,2,1,10,KNN,Scaling,9,{'sigma': 0.3},0.765,0.7567853317853318,"{'algorithm': 'auto', 'leaf_size': 30, 'metric': 'minkowski', 'metric_params': None, 'n_jobs': None, 'n_neighbors': 5, 'p': 2, 'weights': 'uniform'}",0.08309459686279297
Coffee,5,2,1,10,RandomForest,Scaling,9,{'sigma': 0.3},0.67,0.6649349512982463,"{'bootstrap': True, 'ccp_alpha': 0.0, 'class_weight': None, 'criterion': 'gini', 'max_depth': None, 'max_features': 'sqrt', 'max_leaf_nodes': None, 'max_samples': None, 'min_impurity_decrease': 0.0, 'min_samples_leaf': 1, 'min_samples_split': 2, 'min_weight_fraction_leaf': 0.0, 'monotonic_cst': None, 'n_estimators': 100, 'n_jobs': None, 'oob_score': False, 'random_state': 42, 'verbose': 0, 'warm_start': False}",0.7829461097717285
Coffee,5,2,1,10,LinearSVC,Scaling,9,{'sigma': 0.3},0.58,0.5842322847361281,"{'C': 1.0, 'class_weight': None, 'dual': False, 'fit_intercept': True, 'intercept_scaling': 1, 'loss': 'squared_hinge', 'max_iter': 100, 'multi_class': 'ovr', 'penalty': 'l2', 'random_state': 42, 'tol': 0.0001, 'verbose': 0}",0.01154184341430664
Coffee,5,2,1,10,LogisticRegression,Scaling,9,{'sigma': 0.3},0.5933333333333334,0.5973923563851621,"{'C': 1.0, 'class_weight': None, 'dual': False, 'fit_intercept': True, 'intercept_scaling': 1, 'l1_ratio': None, 'max_iter': 100, 'multi_class': 'deprecated', 'n_jobs': None, 'penalty': 'l2', 'random_state': 42, 'solver': 'lbfgs', 'tol': 0.0001, 'verbose': 0, 'warm_start': False}",0.12528133392333984
Coffee,5,2,1,10,KNN,Scaling,10,{'sigma': 0.5},0.7833333333333333,0.7768766994396932,"{'algorithm': 'auto', 'leaf_size': 30, 'metric': 'minkowski', 'metric_params': None, 'n_jobs': None, 'n_neighbors': 5, 'p': 2, 'weights': 'uniform'}",0.07130074501037598
Coffee,5,2,1,10,RandomForest,Scaling,10,{'sigma': 0.5},0.6516666666666666,0.6489379707201489,"{'bootstrap': True, 'ccp_alpha': 0.0, 'class_weight': None, 'criterion': 'gini', 'max_depth': None, 'max_features': 'sqrt', 'max_leaf_nodes': None, 'max_samples': None, 'min_impurity_decrease': 0.0, 'min_samples_leaf': 1, 'min_samples_split': 2, 'min_weight_fraction_leaf': 0.0, 'monotonic_cst': None, 'n_estimators': 100, 'n_jobs': None, 'oob_score': False, 'random_state': 42, 'verbose': 0, 'warm_start': False}",0.8288655281066895
Coffee,5,2,1,10,LinearSVC,Scaling,10,{'sigma': 0.5},0.49833333333333335,0.48663179308340604,"{'C': 1.0, 'class_weight': None, 'dual': False, 'fit_intercept': True, 'intercept_scaling': 1, 'loss': 'squared_hinge', 'max_iter': 100, 'multi_class': 'ovr', 'penalty': 'l2', 'random_state': 42, 'tol': 0.0001, 'verbose': 0}",0.016347646713256836
Coffee,5,2,1,10,LogisticRegression,Scaling,10,{'sigma': 0.5},0.49666666666666665,0.4810334997654786,"{'C': 1.0, 'class_weight': None, 'dual': False, 'fit_intercept': True, 'intercept_scaling': 1, 'l1_ratio': None, 'max_iter': 100, 'multi_class': 'deprecated', 'n_jobs': None, 'penalty': 'l2', 'random_state': 42, 'solver': 'lbfgs', 'tol': 0.0001, 'verbose': 0, 'warm_start': False}",0.12928152084350586
Coffee,5,2,2,1,KNN,Baseline,N/A,N/A,0.59,0.595034686118983,"{'algorithm': 'auto', 'leaf_size': 30, 'metric': 'minkowski', 'metric_params': None, 'n_jobs': None, 'n_neighbors': 5, 'p': 2, 'weights': 'uniform'}",0.054831504821777344
Coffee,5,2,2,1,KNN,Tuned_Baseline,N/A,N/A,0.575,0.5816375837421246,"{'algorithm': 'auto', 'leaf_size': 30, 'metric': 'minkowski', 'metric_params': None, 'n_jobs': None, 'n_neighbors': np.int64(5), 'p': 3, 'weights': 'distance'}",0.019144773483276367
Coffee,5,2,2,1,RandomForest,Baseline,N/A,N/A,0.51,0.47229811289820145,"{'bootstrap': True, 'ccp_alpha': 0.0, 'class_weight': None, 'criterion': 'gini', 'max_depth': None, 'max_features': 'sqrt', 'max_leaf_nodes': None, 'max_samples': None, 'min_impurity_decrease': 0.0, 'min_samples_leaf': 1, 'min_samples_split': 2, 'min_weight_fraction_leaf': 0.0, 'monotonic_cst': None, 'n_estimators': 100, 'n_jobs': None, 'oob_score': False, 'random_state': 42, 'verbose': 0, 'warm_start': False}",0.19160056114196777
Coffee,5,2,2,1,RandomForest,Tuned_Baseline,N/A,N/A,0.51,0.4721508628144816,"{'bootstrap': True, 'ccp_alpha': 0.0, 'class_weight': 'balanced', 'criterion': 'gini', 'max_depth': 10, 'max_features': 'sqrt', 'max_leaf_nodes': None, 'max_samples': None, 'min_impurity_decrease': 0.0, 'min_samples_leaf': 1, 'min_samples_split': 2, 'min_weight_fraction_leaf': 0.0, 'monotonic_cst': None, 'n_estimators': 100, 'n_jobs': None, 'oob_score': False, 'random_state': 42, 'verbose': 0, 'warm_start': False}",0.012651205062866211
Coffee,5,2,2,1,LinearSVC,Baseline,N/A,N/A,0.48833333333333334,0.49175104739056813,"{'C': 1.0, 'class_weight': None, 'dual': False, 'fit_intercept': True, 'intercept_scaling': 1, 'loss': 'squared_hinge', 'max_iter': 100, 'multi_class': 'ovr', 'penalty': 'l2', 'random_state': 42, 'tol': 0.0001, 'verbose': 0}",0.006500959396362305
Coffee,5,2,2,1,LinearSVC,Tuned_Baseline,N/A,N/A,0.71,0.703505254118751,"{'C': np.float64(0.2069138081114788), 'class_weight': None, 'dual': False, 'fit_intercept': False, 'intercept_scaling': 1, 'loss': 'squared_hinge', 'max_iter': 100, 'multi_class': 'ovr', 'penalty': 'l2', 'random_state': 42, 'tol': 0.001, 'verbose': 0}",0.00022649765014648438
Coffee,5,2,2,1,LogisticRegression,Baseline,N/A,N/A,0.4766666666666667,0.4562738356007741,"{'C': 1.0, 'class_weight': None, 'dual': False, 'fit_intercept': True, 'intercept_scaling': 1, 'l1_ratio': None, 'max_iter': 100, 'multi_class': 'deprecated', 'n_jobs': None, 'penalty': 'l2', 'random_state': 42, 'solver': 'lbfgs', 'tol': 0.0001, 'verbose': 0, 'warm_start': False}",0.12845969200134277
Coffee,5,2,2,1,LogisticRegression,Tuned_Baseline,N/A,N/A,0.48833333333333334,0.47016887454571843,"{'C': np.float64(2.6366508987303554), 'class_weight': 'balanced', 'dual': False, 'fit_intercept': True, 'intercept_scaling': 1, 'l1_ratio': None, 'max_iter': 100, 'multi_class': 'deprecated', 'n_jobs': None, 'penalty': 'l1', 'random_state': 42, 'solver': 'saga', 'tol': 0.0001, 'verbose': 0, 'warm_start': False}",0.0002148151397705078
Coffee,5,2,2,1,RNN,Tuned_Baseline,N/A,N/A,0.16666666666666666,0.047619047619047616,"{'hidden_size': 64, 'epochs': 10, 'batch_size': 32, 'lr': 0.001}",3.600120544433594e-05
Coffee,5,2,2,2,KNN,Scaling,1,{'sigma': 0.1},0.485,0.5027806192765639,"{'algorithm': 'auto', 'leaf_size': 30, 'metric': 'chebyshev', 'metric_params': None, 'n_jobs': None, 'n_neighbors': np.int64(5), 'p': 2, 'weights': 'uniform'}",0.021753311157226562
Coffee,5,2,2,2,RandomForest,Scaling,1,{'sigma': 0.1},0.6066666666666667,0.5678572161535075,"{'bootstrap': True, 'ccp_alpha': 0.0, 'class_weight': 'balanced', 'criterion': 'gini', 'max_depth': 20, 'max_features': 'sqrt', 'max_leaf_nodes': None, 'max_samples': None, 'min_impurity_decrease': 0.0, 'min_samples_leaf': 1, 'min_samples_split': 2, 'min_weight_fraction_leaf': 0.0, 'monotonic_cst': None, 'n_estimators': 50, 'n_jobs': None, 'oob_score': False, 'random_state': 42, 'verbose': 0, 'warm_start': False}",0.11532711982727051
Coffee,5,2,2,2,LinearSVC,Scaling,1,{'sigma': 0.1},0.48833333333333334,0.49281262624479827,"{'C': np.float64(1000.0), 'class_weight': 'balanced', 'dual': False, 'fit_intercept': True, 'intercept_scaling': 1, 'loss': 'squared_hinge', 'max_iter': 100, 'multi_class': 'ovr', 'penalty': 'l2', 'random_state': 42, 'tol': 0.001, 'verbose': 0}",0.004318714141845703
Coffee,5,2,2,2,LogisticRegression,Scaling,1,{'sigma': 0.1},0.5183333333333333,0.5081978434239577,"{'C': np.float64(0.4832930238571752), 'class_weight': 'balanced', 'dual': False, 'fit_intercept': True, 'intercept_scaling': 1, 'l1_ratio': None, 'max_iter': 100, 'multi_class': 'deprecated', 'n_jobs': None, 'penalty': 'l2', 'random_state': 42, 'solver': 'lbfgs', 'tol': 0.0001, 'verbose': 0, 'warm_start': False}",0.016738414764404297
Coffee,5,2,2,2,KNN,Scaling,2,{'sigma': 0.5},0.64,0.6502616197093403,"{'algorithm': 'auto', 'leaf_size': 30, 'metric': 'euclidean', 'metric_params': None, 'n_jobs': None, 'n_neighbors': np.int64(9), 'p': 2, 'weights': 'distance'}",0.009144067764282227
Coffee,5,2,2,2,RandomForest,Scaling,2,{'sigma': 0.5},0.5133333333333333,0.529769348794949,"{'bootstrap': True, 'ccp_alpha': 0.0, 'class_weight': 'balanced', 'criterion': 'gini', 'max_depth': 30, 'max_features': 'sqrt', 'max_leaf_nodes': None, 'max_samples': None, 'min_impurity_decrease': 0.0, 'min_samples_leaf': 1, 'min_samples_split': 2, 'min_weight_fraction_leaf': 0.0, 'monotonic_cst': None, 'n_estimators': 150, 'n_jobs': None, 'oob_score': False, 'random_state': 42, 'verbose': 0, 'warm_start': False}",0.36079907417297363
Coffee,5,2,2,2,LinearSVC,Scaling,2,{'sigma': 0.5},0.53,0.5086368806539402,"{'C': np.float64(0.2069138081114788), 'class_weight': None, 'dual': False, 'fit_intercept': False, 'intercept_scaling': 1, 'loss': 'squared_hinge', 'max_iter': 100, 'multi_class': 'ovr', 'penalty': 'l2', 'random_state': 42, 'tol': 0.001, 'verbose': 0}",0.00435328483581543
Coffee,5,2,2,2,LogisticRegression,Scaling,2,{'sigma': 0.5},0.3233333333333333,0.3011225106463202,"{'C': np.float64(183.29807108324337), 'class_weight': 'balanced', 'dual': False, 'fit_intercept': True, 'intercept_scaling': 1, 'l1_ratio': None, 'max_iter': 100, 'multi_class': 'deprecated', 'n_jobs': None, 'penalty': 'l1', 'random_state': 42, 'solver': 'saga', 'tol': 0.0001, 'verbose': 0, 'warm_start': False}",0.04904770851135254
Coffee,5,2,2,2,KNN,Scaling,3,{'sigma': 0.3},0.5933333333333334,0.5981726314464005,"{'algorithm': 'auto', 'leaf_size': 30, 'metric': 'euclidean', 'metric_params': None, 'n_jobs': None, 'n_neighbors': np.int64(9), 'p': 2, 'weights': 'distance'}",0.008968830108642578
Coffee,5,2,2,2,RandomForest,Scaling,3,{'sigma': 0.3},0.5983333333333334,0.5845209930158319,"{'bootstrap': True, 'ccp_alpha': 0.0, 'class_weight': 'balanced', 'criterion': 'gini', 'max_depth': 20, 'max_features': 'sqrt', 'max_leaf_nodes': None, 'max_samples': None, 'min_impurity_decrease': 0.0, 'min_samples_leaf': 1, 'min_samples_split': 2, 'min_weight_fraction_leaf': 0.0, 'monotonic_cst': None, 'n_estimators': 50, 'n_jobs': None, 'oob_score': False, 'random_state': 42, 'verbose': 0, 'warm_start': False}",0.12344980239868164
Coffee,5,2,2,2,LinearSVC,Scaling,3,{'sigma': 0.3},0.48,0.47450178845171187,"{'C': np.float64(2.6366508987303554), 'class_weight': 'balanced', 'dual': False, 'fit_intercept': True, 'intercept_scaling': 1, 'loss': 'squared_hinge', 'max_iter': 100, 'multi_class': 'ovr', 'penalty': 'l1', 'random_state': 42, 'tol': 0.0001, 'verbose': 0}",0.009611368179321289
Coffee,5,2,2,2,LogisticRegression,Scaling,3,{'sigma': 0.3},0.49833333333333335,0.4764246904850417,"{'C': np.float64(2.6366508987303554), 'class_weight': 'balanced', 'dual': False, 'fit_intercept': True, 'intercept_scaling': 1, 'l1_ratio': None, 'max_iter': 100, 'multi_class': 'deprecated', 'n_jobs': None, 'penalty': 'l1', 'random_state': 42, 'solver': 'saga', 'tol': 0.0001, 'verbose': 0, 'warm_start': False}",0.09546422958374023
Coffee,5,2,2,2,KNN,Scaling,4,{'sigma': 0.2},0.59,0.5953078534025957,"{'algorithm': 'auto', 'leaf_size': 30, 'metric': 'euclidean', 'metric_params': None, 'n_jobs': None, 'n_neighbors': np.int64(9), 'p': 2, 'weights': 'distance'}",0.024558067321777344
Coffee,5,2,2,2,RandomForest,Scaling,4,{'sigma': 0.2},0.5116666666666667,0.5053390795672207,"{'bootstrap': True, 'ccp_alpha': 0.0, 'class_weight': 'balanced', 'criterion': 'gini', 'max_depth': 30, 'max_features': 'sqrt', 'max_leaf_nodes': None, 'max_samples': None, 'min_impurity_decrease': 0.0, 'min_samples_leaf': 1, 'min_samples_split': 2, 'min_weight_fraction_leaf': 0.0, 'monotonic_cst': None, 'n_estimators': 150, 'n_jobs': None, 'oob_score': False, 'random_state': 42, 'verbose': 0, 'warm_start': False}",0.3059675693511963
Coffee,5,2,2,2,LinearSVC,Scaling,4,{'sigma': 0.2},0.4716666666666667,0.46597684158659775,"{'C': np.float64(2.6366508987303554), 'class_weight': 'balanced', 'dual': False, 'fit_intercept': True, 'intercept_scaling': 1, 'loss': 'squared_hinge', 'max_iter': 100, 'multi_class': 'ovr', 'penalty': 'l1', 'random_state': 42, 'tol': 0.0001, 'verbose': 0}",0.007632255554199219
Coffee,5,2,2,2,LogisticRegression,Scaling,4,{'sigma': 0.2},0.49666666666666665,0.47525993753455037,"{'C': np.float64(2.6366508987303554), 'class_weight': 'balanced', 'dual': False, 'fit_intercept': True, 'intercept_scaling': 1, 'l1_ratio': None, 'max_iter': 100, 'multi_class': 'deprecated', 'n_jobs': None, 'penalty': 'l1', 'random_state': 42, 'solver': 'saga', 'tol': 0.0001, 'verbose': 0, 'warm_start': False}",0.04593014717102051
Coffee,5,2,2,2,KNN,Scaling,5,{'sigma': 0.5},0.5316666666666666,0.5496295225387285,"{'algorithm': 'auto', 'leaf_size': 30, 'metric': 'chebyshev', 'metric_params': None, 'n_jobs': None, 'n_neighbors': np.int64(5), 'p': 2, 'weights': 'uniform'}",0.06283378601074219
Coffee,5,2,2,2,RandomForest,Scaling,5,{'sigma': 0.5},0.5983333333333334,0.57457144733341,"{'bootstrap': True, 'ccp_alpha': 0.0, 'class_weight': 'balanced', 'criterion': 'gini', 'max_depth': 20, 'max_features': 'sqrt', 'max_leaf_nodes': None, 'max_samples': None, 'min_impurity_decrease': 0.0, 'min_samples_leaf': 2, 'min_samples_split': 5, 'min_weight_fraction_leaf': 0.0, 'monotonic_cst': None, 'n_estimators': 50, 'n_jobs': None, 'oob_score': False, 'random_state': 42, 'verbose': 0, 'warm_start': False}",0.1132669448852539
Coffee,5,2,2,2,LinearSVC,Scaling,5,{'sigma': 0.5},0.45,0.45019967479567397,"{'C': np.float64(2.6366508987303554), 'class_weight': 'balanced', 'dual': False, 'fit_intercept': True, 'intercept_scaling': 1, 'loss': 'squared_hinge', 'max_iter': 100, 'multi_class': 'ovr', 'penalty': 'l1', 'random_state': 42, 'tol': 0.0001, 'verbose': 0}",0.010761737823486328
Coffee,5,2,2,2,LogisticRegression,Scaling,5,{'sigma': 0.5},0.47833333333333333,0.46376813264556205,"{'C': np.float64(33.59818286283781), 'class_weight': 'balanced', 'dual': False, 'fit_intercept': True, 'intercept_scaling': 1, 'l1_ratio': None, 'max_iter': 100, 'multi_class': 'deprecated', 'n_jobs': None, 'penalty': 'l1', 'random_state': 42, 'solver': 'saga', 'tol': 0.0001, 'verbose': 0, 'warm_start': False}",0.050872802734375
Coffee,5,2,2,2,KNN,Scaling,6,{'sigma': 0.1},0.57,0.5748386550578124,"{'algorithm': 'auto', 'leaf_size': 30, 'metric': 'euclidean', 'metric_params': None, 'n_jobs': None, 'n_neighbors': np.int64(9), 'p': 2, 'weights': 'distance'}",0.00963592529296875
Coffee,5,2,2,2,RandomForest,Scaling,6,{'sigma': 0.1},0.5533333333333333,0.5156826987535649,"{'bootstrap': True, 'ccp_alpha': 0.0, 'class_weight': 'balanced', 'criterion': 'gini', 'max_depth': 30, 'max_features': 'sqrt', 'max_leaf_nodes': None, 'max_samples': None, 'min_impurity_decrease': 0.0, 'min_samples_leaf': 1, 'min_samples_split': 2, 'min_weight_fraction_leaf': 0.0, 'monotonic_cst': None, 'n_estimators': 150, 'n_jobs': None, 'oob_score': False, 'random_state': 42, 'verbose': 0, 'warm_start': False}",0.34316015243530273
Coffee,5,2,2,2,LinearSVC,Scaling,6,{'sigma': 0.1},0.49833333333333335,0.5006316929461216,"{'C': np.float64(1000.0), 'class_weight': 'balanced', 'dual': False, 'fit_intercept': True, 'intercept_scaling': 1, 'loss': 'squared_hinge', 'max_iter': 100, 'multi_class': 'ovr', 'penalty': 'l2', 'random_state': 42, 'tol': 0.001, 'verbose': 0}",0.0055272579193115234
Coffee,5,2,2,2,LogisticRegression,Scaling,6,{'sigma': 0.1},0.49,0.4706011095635525,"{'C': np.float64(2.6366508987303554), 'class_weight': 'balanced', 'dual': False, 'fit_intercept': True, 'intercept_scaling': 1, 'l1_ratio': None, 'max_iter': 100, 'multi_class': 'deprecated', 'n_jobs': None, 'penalty': 'l1', 'random_state': 42, 'solver': 'saga', 'tol': 0.0001, 'verbose': 0, 'warm_start': False}",0.038526058197021484
Coffee,5,2,2,2,KNN,Scaling,7,{'sigma': 0.3},0.6166666666666667,0.6204423549796786,"{'algorithm': 'auto', 'leaf_size': 30, 'metric': 'euclidean', 'metric_params': None, 'n_jobs': None, 'n_neighbors': np.int64(9), 'p': 2, 'weights': 'distance'}",0.007926225662231445
Coffee,5,2,2,2,RandomForest,Scaling,7,{'sigma': 0.3},0.5016666666666667,0.4937512435156328,"{'bootstrap': True, 'ccp_alpha': 0.0, 'class_weight': 'balanced', 'criterion': 'gini', 'max_depth': 20, 'max_features': 'sqrt', 'max_leaf_nodes': None, 'max_samples': None, 'min_impurity_decrease': 0.0, 'min_samples_leaf': 1, 'min_samples_split': 2, 'min_weight_fraction_leaf': 0.0, 'monotonic_cst': None, 'n_estimators': 50, 'n_jobs': None, 'oob_score': False, 'random_state': 42, 'verbose': 0, 'warm_start': False}",0.10102558135986328
Coffee,5,2,2,2,LinearSVC,Scaling,7,{'sigma': 0.3},0.49333333333333335,0.4846768082998193,"{'C': np.float64(1000.0), 'class_weight': 'balanced', 'dual': False, 'fit_intercept': True, 'intercept_scaling': 1, 'loss': 'squared_hinge', 'max_iter': 100, 'multi_class': 'ovr', 'penalty': 'l2', 'random_state': 42, 'tol': 0.001, 'verbose': 0}",0.006114006042480469
Coffee,5,2,2,2,LogisticRegression,Scaling,7,{'sigma': 0.3},0.485,0.4791390367295198,"{'C': np.float64(183.29807108324337), 'class_weight': None, 'dual': False, 'fit_intercept': True, 'intercept_scaling': 1, 'l1_ratio': None, 'max_iter': 100, 'multi_class': 'deprecated', 'n_jobs': None, 'penalty': 'l2', 'random_state': 42, 'solver': 'saga', 'tol': 0.0001, 'verbose': 0, 'warm_start': False}",0.0354313850402832
Coffee,5,2,2,2,KNN,Scaling,8,{'sigma': 0.1},0.5583333333333333,0.5630518830232163,"{'algorithm': 'auto', 'leaf_size': 30, 'metric': 'euclidean', 'metric_params': None, 'n_jobs': None, 'n_neighbors': np.int64(9), 'p': 2, 'weights': 'distance'}",0.008721351623535156
Coffee,5,2,2,2,RandomForest,Scaling,8,{'sigma': 0.1},0.5166666666666667,0.49594428060694934,"{'bootstrap': True, 'ccp_alpha': 0.0, 'class_weight': 'balanced', 'criterion': 'gini', 'max_depth': 30, 'max_features': 'sqrt', 'max_leaf_nodes': None, 'max_samples': None, 'min_impurity_decrease': 0.0, 'min_samples_leaf': 1, 'min_samples_split': 2, 'min_weight_fraction_leaf': 0.0, 'monotonic_cst': None, 'n_estimators': 150, 'n_jobs': None, 'oob_score': False, 'random_state': 42, 'verbose': 0, 'warm_start': False}",0.29869961738586426
Coffee,5,2,2,2,LinearSVC,Scaling,8,{'sigma': 0.1},0.56,0.5510950080515299,"{'C': np.float64(1000.0), 'class_weight': 'balanced', 'dual': False, 'fit_intercept': True, 'intercept_scaling': 1, 'loss': 'squared_hinge', 'max_iter': 100, 'multi_class': 'ovr', 'penalty': 'l2', 'random_state': 42, 'tol': 0.001, 'verbose': 0}",0.003704071044921875
Coffee,5,2,2,2,LogisticRegression,Scaling,8,{'sigma': 0.1},0.49166666666666664,0.4717970283151107,"{'C': np.float64(183.29807108324337), 'class_weight': None, 'dual': False, 'fit_intercept': True, 'intercept_scaling': 1, 'l1_ratio': None, 'max_iter': 100, 'multi_class': 'deprecated', 'n_jobs': None, 'penalty': 'l2', 'random_state': 42, 'solver': 'saga', 'tol': 0.0001, 'verbose': 0, 'warm_start': False}",0.03495335578918457
Coffee,5,2,2,2,KNN,Scaling,9,{'sigma': 0.3},0.5983333333333334,0.6025237880174162,"{'algorithm': 'auto', 'leaf_size': 30, 'metric': 'euclidean', 'metric_params': None, 'n_jobs': None, 'n_neighbors': np.int64(9), 'p': 2, 'weights': 'distance'}",0.007874727249145508
Coffee,5,2,2,2,RandomForest,Scaling,9,{'sigma': 0.3},0.5183333333333333,0.4910157942392873,"{'bootstrap': True, 'ccp_alpha': 0.0, 'class_weight': 'balanced', 'criterion': 'gini', 'max_depth': 30, 'max_features': 'sqrt', 'max_leaf_nodes': None, 'max_samples': None, 'min_impurity_decrease': 0.0, 'min_samples_leaf': 1, 'min_samples_split': 2, 'min_weight_fraction_leaf': 0.0, 'monotonic_cst': None, 'n_estimators': 150, 'n_jobs': None, 'oob_score': False, 'random_state': 42, 'verbose': 0, 'warm_start': False}",0.3505055904388428
Coffee,5,2,2,2,LinearSVC,Scaling,9,{'sigma': 0.3},0.635,0.6341970437208532,"{'C': np.float64(0.2069138081114788), 'class_weight': 'balanced', 'dual': False, 'fit_intercept': False, 'intercept_scaling': 1, 'loss': 'squared_hinge', 'max_iter': 100, 'multi_class': 'ovr', 'penalty': 'l2', 'random_state': 42, 'tol': 0.0001, 'verbose': 0}",0.0057392120361328125
Coffee,5,2,2,2,LogisticRegression,Scaling,9,{'sigma': 0.3},0.465,0.4557915799416194,"{'C': np.float64(183.29807108324337), 'class_weight': None, 'dual': False, 'fit_intercept': True, 'intercept_scaling': 1, 'l1_ratio': None, 'max_iter': 100, 'multi_class': 'deprecated', 'n_jobs': None, 'penalty': 'l2', 'random_state': 42, 'solver': 'saga', 'tol': 0.0001, 'verbose': 0, 'warm_start': False}",0.03320717811584473
Coffee,5,2,2,2,KNN,Scaling,10,{'sigma': 0.5},0.6383333333333333,0.6500382040636278,"{'algorithm': 'auto', 'leaf_size': 30, 'metric': 'euclidean', 'metric_params': None, 'n_jobs': None, 'n_neighbors': np.int64(9), 'p': 2, 'weights': 'distance'}",0.008614063262939453
Coffee,5,2,2,2,RandomForest,Scaling,10,{'sigma': 0.5},0.6783333333333333,0.6404682444330022,"{'bootstrap': True, 'ccp_alpha': 0.0, 'class_weight': 'balanced', 'criterion': 'gini', 'max_depth': 30, 'max_features': 'sqrt', 'max_leaf_nodes': None, 'max_samples': None, 'min_impurity_decrease': 0.0, 'min_samples_leaf': 1, 'min_samples_split': 2, 'min_weight_fraction_leaf': 0.0, 'monotonic_cst': None, 'n_estimators': 150, 'n_jobs': None, 'oob_score': False, 'random_state': 42, 'verbose': 0, 'warm_start': False}",0.2777853012084961
Coffee,5,2,2,2,LinearSVC,Scaling,10,{'sigma': 0.5},0.585,0.5836592189498013,"{'C': np.float64(0.2069138081114788), 'class_weight': None, 'dual': False, 'fit_intercept': False, 'intercept_scaling': 1, 'loss': 'squared_hinge', 'max_iter': 100, 'multi_class': 'ovr', 'penalty': 'l2', 'random_state': 42, 'tol': 0.001, 'verbose': 0}",0.0043811798095703125
Coffee,5,2,2,2,LogisticRegression,Scaling,10,{'sigma': 0.5},0.485,0.478487141162942,"{'C': np.float64(183.29807108324337), 'class_weight': 'balanced', 'dual': False, 'fit_intercept': True, 'intercept_scaling': 1, 'l1_ratio': None, 'max_iter': 100, 'multi_class': 'deprecated', 'n_jobs': None, 'penalty': 'l1', 'random_state': 42, 'solver': 'saga', 'tol': 0.0001, 'verbose': 0, 'warm_start': False}",0.04906773567199707
Coffee,5,2,2,3,KNN,Scaling,1,{'sigma': 0.1},0.5016666666666667,0.5069966583124478,"{'algorithm': 'auto', 'leaf_size': 30, 'metric': 'minkowski', 'metric_params': None, 'n_jobs': None, 'n_neighbors': np.int64(13), 'p': 4, 'weights': 'distance'}",0.03547239303588867
Coffee,5,2,2,3,RandomForest,Scaling,1,{'sigma': 0.1},0.5133333333333333,0.49885534113420266,"{'bootstrap': True, 'ccp_alpha': 0.0, 'class_weight': 'balanced', 'criterion': 'gini', 'max_depth': 30, 'max_features': 'sqrt', 'max_leaf_nodes': None, 'max_samples': None, 'min_impurity_decrease': 0.0, 'min_samples_leaf': 1, 'min_samples_split': 2, 'min_weight_fraction_leaf': 0.0, 'monotonic_cst': None, 'n_estimators': 150, 'n_jobs': None, 'oob_score': False, 'random_state': 42, 'verbose': 0, 'warm_start': False}",0.33591628074645996
Coffee,5,2,2,3,LinearSVC,Scaling,1,{'sigma': 0.1},0.495,0.4968658405245866,"{'C': np.float64(33.59818286283781), 'class_weight': 'balanced', 'dual': False, 'fit_intercept': True, 'intercept_scaling': 1, 'loss': 'squared_hinge', 'max_iter': 100, 'multi_class': 'ovr', 'penalty': 'l1', 'random_state': 42, 'tol': 0.0001, 'verbose': 0}",0.01009368896484375
Coffee,5,2,2,3,LogisticRegression,Scaling,1,{'sigma': 0.1},0.49666666666666665,0.4789768633661356,"{'C': np.float64(1000.0), 'class_weight': 'balanced', 'dual': False, 'fit_intercept': True, 'intercept_scaling': 1, 'l1_ratio': None, 'max_iter': 100, 'multi_class': 'deprecated', 'n_jobs': None, 'penalty': 'l2', 'random_state': 42, 'solver': 'sag', 'tol': 0.0001, 'verbose': 0, 'warm_start': False}",0.046476125717163086
Coffee,5,2,2,3,KNN,Scaling,2,{'sigma': 0.5},0.6033333333333334,0.607738747528286,"{'algorithm': 'auto', 'leaf_size': 30, 'metric': 'euclidean', 'metric_params': None, 'n_jobs': None, 'n_neighbors': np.int64(9), 'p': 2, 'weights': 'distance'}",0.009999513626098633
Coffee,5,2,2,3,RandomForest,Scaling,2,{'sigma': 0.5},0.7233333333333334,0.6930331514969409,"{'bootstrap': True, 'ccp_alpha': 0.0, 'class_weight': 'balanced', 'criterion': 'gini', 'max_depth': 10, 'max_features': 'sqrt', 'max_leaf_nodes': None, 'max_samples': None, 'min_impurity_decrease': 0.0, 'min_samples_leaf': 1, 'min_samples_split': 2, 'min_weight_fraction_leaf': 0.0, 'monotonic_cst': None, 'n_estimators': 100, 'n_jobs': None, 'oob_score': False, 'random_state': 42, 'verbose': 0, 'warm_start': False}",0.2649993896484375
Coffee,5,2,2,3,LinearSVC,Scaling,2,{'sigma': 0.5},0.5083333333333333,0.5147706891920641,"{'C': np.float64(2.6366508987303554), 'class_weight': 'balanced', 'dual': False, 'fit_intercept': True, 'intercept_scaling': 1, 'loss': 'squared_hinge', 'max_iter': 100, 'multi_class': 'ovr', 'penalty': 'l1', 'random_state': 42, 'tol': 0.0001, 'verbose': 0}",0.010521173477172852
Coffee,5,2,2,3,LogisticRegression,Scaling,2,{'sigma': 0.5},0.53,0.5215532520871787,"{'C': np.float64(1000.0), 'class_weight': 'balanced', 'dual': False, 'fit_intercept': True, 'intercept_scaling': 1, 'l1_ratio': None, 'max_iter': 100, 'multi_class': 'deprecated', 'n_jobs': None, 'penalty': 'l2', 'random_state': 42, 'solver': 'sag', 'tol': 0.0001, 'verbose': 0, 'warm_start': False}",0.048749446868896484
Coffee,5,2,2,3,KNN,Scaling,3,{'sigma': 0.3},0.5783333333333334,0.5852938908719235,"{'algorithm': 'auto', 'leaf_size': 30, 'metric': 'minkowski', 'metric_params': None, 'n_jobs': None, 'n_neighbors': np.int64(13), 'p': 4, 'weights': 'distance'}",0.04725480079650879
Coffee,5,2,2,3,RandomForest,Scaling,3,{'sigma': 0.3},0.5933333333333334,0.5567124079659042,"{'bootstrap': True, 'ccp_alpha': 0.0, 'class_weight': 'balanced', 'criterion': 'gini', 'max_depth': 10, 'max_features': 'sqrt', 'max_leaf_nodes': None, 'max_samples': None, 'min_impurity_decrease': 0.0, 'min_samples_leaf': 1, 'min_samples_split': 2, 'min_weight_fraction_leaf': 0.0, 'monotonic_cst': None, 'n_estimators': 100, 'n_jobs': None, 'oob_score': False, 'random_state': 42, 'verbose': 0, 'warm_start': False}",0.255234956741333
Coffee,5,2,2,3,LinearSVC,Scaling,3,{'sigma': 0.3},0.4766666666666667,0.4617446751199058,"{'C': np.float64(0.002976351441631319), 'class_weight': None, 'dual': False, 'fit_intercept': False, 'intercept_scaling': 1, 'loss': 'squared_hinge', 'max_iter': 100, 'multi_class': 'ovr', 'penalty': 'l1', 'random_state': 42, 'tol': 0.0001, 'verbose': 0}",0.0035364627838134766
Coffee,5,2,2,3,LogisticRegression,Scaling,3,{'sigma': 0.3},0.48333333333333334,0.46251318678656467,"{'C': np.float64(2.6366508987303554), 'class_weight': 'balanced', 'dual': False, 'fit_intercept': True, 'intercept_scaling': 1, 'l1_ratio': None, 'max_iter': 100, 'multi_class': 'deprecated', 'n_jobs': None, 'penalty': 'l1', 'random_state': 42, 'solver': 'saga', 'tol': 0.0001, 'verbose': 0, 'warm_start': False}",0.06281328201293945
Coffee,5,2,2,3,KNN,Scaling,4,{'sigma': 0.2},0.5466666666666666,0.5513638474101348,"{'algorithm': 'auto', 'leaf_size': 30, 'metric': 'euclidean', 'metric_params': None, 'n_jobs': None, 'n_neighbors': np.int64(9), 'p': 2, 'weights': 'distance'}",0.007052183151245117
Coffee,5,2,2,3,RandomForest,Scaling,4,{'sigma': 0.2},0.5016666666666667,0.5054254977977104,"{'bootstrap': True, 'ccp_alpha': 0.0, 'class_weight': 'balanced', 'criterion': 'gini', 'max_depth': None, 'max_features': 'sqrt', 'max_leaf_nodes': None, 'max_samples': None, 'min_impurity_decrease': 0.0, 'min_samples_leaf': 1, 'min_samples_split': 2, 'min_weight_fraction_leaf': 0.0, 'monotonic_cst': None, 'n_estimators': 50, 'n_jobs': None, 'oob_score': False, 'random_state': 42, 'verbose': 0, 'warm_start': False}",0.14800620079040527
Coffee,5,2,2,3,LinearSVC,Scaling,4,{'sigma': 0.2},0.445,0.4434177327998277,"{'C': np.float64(33.59818286283781), 'class_weight': None, 'dual': False, 'fit_intercept': True, 'intercept_scaling': 1, 'loss': 'squared_hinge', 'max_iter': 100, 'multi_class': 'ovr', 'penalty': 'l1', 'random_state': 42, 'tol': 0.001, 'verbose': 0}",0.029138565063476562
Coffee,5,2,2,3,LogisticRegression,Scaling,4,{'sigma': 0.2},0.475,0.4520612322968898,"{'C': np.float64(33.59818286283781), 'class_weight': 'balanced', 'dual': False, 'fit_intercept': True, 'intercept_scaling': 1, 'l1_ratio': None, 'max_iter': 100, 'multi_class': 'deprecated', 'n_jobs': None, 'penalty': 'l1', 'random_state': 42, 'solver': 'saga', 'tol': 0.0001, 'verbose': 0, 'warm_start': False}",0.06203413009643555
Coffee,5,2,2,3,KNN,Scaling,5,{'sigma': 0.5},0.55,0.5513606144388267,"{'algorithm': 'auto', 'leaf_size': 30, 'metric': 'minkowski', 'metric_params': None, 'n_jobs': None, 'n_neighbors': np.int64(13), 'p': 4, 'weights': 'distance'}",0.1077568531036377
Coffee,5,2,2,3,RandomForest,Scaling,5,{'sigma': 0.5},0.5433333333333333,0.5089842455696114,"{'bootstrap': True, 'ccp_alpha': 0.0, 'class_weight': 'balanced', 'criterion': 'gini', 'max_depth': 30, 'max_features': 'sqrt', 'max_leaf_nodes': None, 'max_samples': None, 'min_impurity_decrease': 0.0, 'min_samples_leaf': 1, 'min_samples_split': 2, 'min_weight_fraction_leaf': 0.0, 'monotonic_cst': None, 'n_estimators': 150, 'n_jobs': None, 'oob_score': False, 'random_state': 42, 'verbose': 0, 'warm_start': False}",0.35129261016845703
Coffee,5,2,2,3,LinearSVC,Scaling,5,{'sigma': 0.5},0.625,0.6238282208472619,"{'C': np.float64(2.6366508987303554), 'class_weight': 'balanced', 'dual': False, 'fit_intercept': True, 'intercept_scaling': 1, 'loss': 'squared_hinge', 'max_iter': 100, 'multi_class': 'ovr', 'penalty': 'l1', 'random_state': 42, 'tol': 0.0001, 'verbose': 0}",0.013620376586914062
Coffee,5,2,2,3,LogisticRegression,Scaling,5,{'sigma': 0.5},0.6516666666666666,0.6474062443239936,"{'C': np.float64(1000.0), 'class_weight': 'balanced', 'dual': False, 'fit_intercept': True, 'intercept_scaling': 1, 'l1_ratio': None, 'max_iter': 100, 'multi_class': 'deprecated', 'n_jobs': None, 'penalty': 'l2', 'random_state': 42, 'solver': 'sag', 'tol': 0.0001, 'verbose': 0, 'warm_start': False}",0.04686999320983887
Coffee,5,2,2,3,KNN,Scaling,6,{'sigma': 0.1},0.4866666666666667,0.49629583740990596,"{'algorithm': 'auto', 'leaf_size': 30, 'metric': 'minkowski', 'metric_params': None, 'n_jobs': None, 'n_neighbors': np.int64(13), 'p': 4, 'weights': 'distance'}",0.03626871109008789
Coffee,5,2,2,3,RandomForest,Scaling,6,{'sigma': 0.1},0.5183333333333333,0.5087302117365066,"{'bootstrap': True, 'ccp_alpha': 0.0, 'class_weight': 'balanced', 'criterion': 'gini', 'max_depth': 30, 'max_features': 'sqrt', 'max_leaf_nodes': None, 'max_samples': None, 'min_impurity_decrease': 0.0, 'min_samples_leaf': 1, 'min_samples_split': 2, 'min_weight_fraction_leaf': 0.0, 'monotonic_cst': None, 'n_estimators': 150, 'n_jobs': None, 'oob_score': False, 'random_state': 42, 'verbose': 0, 'warm_start': False}",0.4207777976989746
Coffee,5,2,2,3,LinearSVC,Scaling,6,{'sigma': 0.1},0.47833333333333333,0.473269278147327,"{'C': np.float64(33.59818286283781), 'class_weight': None, 'dual': False, 'fit_intercept': True, 'intercept_scaling': 1, 'loss': 'squared_hinge', 'max_iter': 100, 'multi_class': 'ovr', 'penalty': 'l1', 'random_state': 42, 'tol': 0.001, 'verbose': 0}",0.013057470321655273
Coffee,5,2,2,3,LogisticRegression,Scaling,6,{'sigma': 0.1},0.49666666666666665,0.47527567508217944,"{'C': np.float64(33.59818286283781), 'class_weight': 'balanced', 'dual': False, 'fit_intercept': True, 'intercept_scaling': 1, 'l1_ratio': None, 'max_iter': 100, 'multi_class': 'deprecated', 'n_jobs': None, 'penalty': 'l2', 'random_state': 42, 'solver': 'saga', 'tol': 0.0001, 'verbose': 0, 'warm_start': False}",0.04674553871154785
Coffee,5,2,2,3,KNN,Scaling,7,{'sigma': 0.3},0.5816666666666667,0.5887657011697569,"{'algorithm': 'auto', 'leaf_size': 30, 'metric': 'minkowski', 'metric_params': None, 'n_jobs': None, 'n_neighbors': np.int64(13), 'p': 4, 'weights': 'distance'}",0.042168378829956055
Coffee,5,2,2,3,RandomForest,Scaling,7,{'sigma': 0.3},0.5866666666666667,0.5719675809993451,"{'bootstrap': True, 'ccp_alpha': 0.0, 'class_weight': 'balanced', 'criterion': 'gini', 'max_depth': 20, 'max_features': 'sqrt', 'max_leaf_nodes': None, 'max_samples': None, 'min_impurity_decrease': 0.0, 'min_samples_leaf': 1, 'min_samples_split': 2, 'min_weight_fraction_leaf': 0.0, 'monotonic_cst': None, 'n_estimators': 50, 'n_jobs': None, 'oob_score': False, 'random_state': 42, 'verbose': 0, 'warm_start': False}",0.1219642162322998
Coffee,5,2,2,3,LinearSVC,Scaling,7,{'sigma': 0.3},0.4483333333333333,0.4455236087506593,"{'C': np.float64(2.6366508987303554), 'class_weight': 'balanced', 'dual': False, 'fit_intercept': True, 'intercept_scaling': 1, 'loss': 'squared_hinge', 'max_iter': 100, 'multi_class': 'ovr', 'penalty': 'l1', 'random_state': 42, 'tol': 0.0001, 'verbose': 0}",0.012793302536010742
Coffee,5,2,2,3,LogisticRegression,Scaling,7,{'sigma': 0.3},0.4683333333333333,0.45869500775363,"{'C': np.float64(1000.0), 'class_weight': 'balanced', 'dual': False, 'fit_intercept': True, 'intercept_scaling': 1, 'l1_ratio': None, 'max_iter': 100, 'multi_class': 'deprecated', 'n_jobs': None, 'penalty': 'l2', 'random_state': 42, 'solver': 'sag', 'tol': 0.0001, 'verbose': 0, 'warm_start': False}",0.038410186767578125
Coffee,5,2,2,3,KNN,Scaling,8,{'sigma': 0.1},0.565,0.5717000648908933,"{'algorithm': 'auto', 'leaf_size': 30, 'metric': 'minkowski', 'metric_params': None, 'n_jobs': None, 'n_neighbors': np.int64(13), 'p': 4, 'weights': 'distance'}",0.03510141372680664
Coffee,5,2,2,3,RandomForest,Scaling,8,{'sigma': 0.1},0.5783333333333334,0.5762813070091265,"{'bootstrap': True, 'ccp_alpha': 0.0, 'class_weight': 'balanced', 'criterion': 'gini', 'max_depth': 20, 'max_features': 'sqrt', 'max_leaf_nodes': None, 'max_samples': None, 'min_impurity_decrease': 0.0, 'min_samples_leaf': 1, 'min_samples_split': 2, 'min_weight_fraction_leaf': 0.0, 'monotonic_cst': None, 'n_estimators': 50, 'n_jobs': None, 'oob_score': False, 'random_state': 42, 'verbose': 0, 'warm_start': False}",0.11394262313842773
Coffee,5,2,2,3,LinearSVC,Scaling,8,{'sigma': 0.1},0.6366666666666667,0.6124649284348245,"{'C': np.float64(1000.0), 'class_weight': 'balanced', 'dual': False, 'fit_intercept': True, 'intercept_scaling': 1, 'loss': 'squared_hinge', 'max_iter': 100, 'multi_class': 'ovr', 'penalty': 'l2', 'random_state': 42, 'tol': 0.001, 'verbose': 0}",0.005984783172607422
Coffee,5,2,2,3,LogisticRegression,Scaling,8,{'sigma': 0.1},0.505,0.5112899055872068,"{'C': np.float64(1000.0), 'class_weight': 'balanced', 'dual': False, 'fit_intercept': True, 'intercept_scaling': 1, 'l1_ratio': None, 'max_iter': 100, 'multi_class': 'deprecated', 'n_jobs': None, 'penalty': 'l2', 'random_state': 42, 'solver': 'sag', 'tol': 0.0001, 'verbose': 0, 'warm_start': False}",0.04566502571105957
Coffee,5,2,2,3,KNN,Scaling,9,{'sigma': 0.3},0.6166666666666667,0.6193889515718679,"{'algorithm': 'auto', 'leaf_size': 30, 'metric': 'euclidean', 'metric_params': None, 'n_jobs': None, 'n_neighbors': np.int64(9), 'p': 2, 'weights': 'distance'}",0.00635838508605957
Coffee,5,2,2,3,RandomForest,Scaling,9,{'sigma': 0.3},0.605,0.5985003305380219,"{'bootstrap': True, 'ccp_alpha': 0.0, 'class_weight': 'balanced', 'criterion': 'gini', 'max_depth': None, 'max_features': 'sqrt', 'max_leaf_nodes': None, 'max_samples': None, 'min_impurity_decrease': 0.0, 'min_samples_leaf': 1, 'min_samples_split': 2, 'min_weight_fraction_leaf': 0.0, 'monotonic_cst': None, 'n_estimators': 50, 'n_jobs': None, 'oob_score': False, 'random_state': 42, 'verbose': 0, 'warm_start': False}",0.1479792594909668
Coffee,5,2,2,3,LinearSVC,Scaling,9,{'sigma': 0.3},0.4766666666666667,0.46150036795535226,"{'C': np.float64(0.002976351441631319), 'class_weight': None, 'dual': False, 'fit_intercept': False, 'intercept_scaling': 1, 'loss': 'squared_hinge', 'max_iter': 100, 'multi_class': 'ovr', 'penalty': 'l1', 'random_state': 42, 'tol': 0.0001, 'verbose': 0}",0.002949953079223633
Coffee,5,2,2,3,LogisticRegression,Scaling,9,{'sigma': 0.3},0.4633333333333333,0.45497340578401635,"{'C': np.float64(2.6366508987303554), 'class_weight': 'balanced', 'dual': False, 'fit_intercept': True, 'intercept_scaling': 1, 'l1_ratio': None, 'max_iter': 100, 'multi_class': 'deprecated', 'n_jobs': None, 'penalty': 'l1', 'random_state': 42, 'solver': 'saga', 'tol': 0.0001, 'verbose': 0, 'warm_start': False}",0.06792449951171875
Coffee,5,2,2,3,KNN,Scaling,10,{'sigma': 0.5},0.625,0.6313154155272804,"{'algorithm': 'auto', 'leaf_size': 30, 'metric': 'euclidean', 'metric_params': None, 'n_jobs': None, 'n_neighbors': np.int64(9), 'p': 2, 'weights': 'distance'}",0.010358810424804688
Coffee,5,2,2,3,RandomForest,Scaling,10,{'sigma': 0.5},0.5083333333333333,0.48583338655467856,"{'bootstrap': True, 'ccp_alpha': 0.0, 'class_weight': 'balanced', 'criterion': 'gini', 'max_depth': None, 'max_features': 'sqrt', 'max_leaf_nodes': None, 'max_samples': None, 'min_impurity_decrease': 0.0, 'min_samples_leaf': 1, 'min_samples_split': 2, 'min_weight_fraction_leaf': 0.0, 'monotonic_cst': None, 'n_estimators': 50, 'n_jobs': None, 'oob_score': False, 'random_state': 42, 'verbose': 0, 'warm_start': False}",0.12359905242919922
Coffee,5,2,2,3,LinearSVC,Scaling,10,{'sigma': 0.5},0.5066666666666667,0.4891019978143794,"{'C': np.float64(0.002976351441631319), 'class_weight': None, 'dual': False, 'fit_intercept': False, 'intercept_scaling': 1, 'loss': 'squared_hinge', 'max_iter': 100, 'multi_class': 'ovr', 'penalty': 'l1', 'random_state': 42, 'tol': 0.0001, 'verbose': 0}",0.004362821578979492
Coffee,5,2,2,3,LogisticRegression,Scaling,10,{'sigma': 0.5},0.4766666666666667,0.477437641723356,"{'C': np.float64(2.6366508987303554), 'class_weight': 'balanced', 'dual': False, 'fit_intercept': True, 'intercept_scaling': 1, 'l1_ratio': None, 'max_iter': 100, 'multi_class': 'deprecated', 'n_jobs': None, 'penalty': 'l1', 'random_state': 42, 'solver': 'saga', 'tol': 0.0001, 'verbose': 0, 'warm_start': False}",0.053436279296875
Coffee,5,2,2,5,KNN,Scaling,1,{'sigma': 0.1},0.555,0.5620884723154705,"{'algorithm': 'auto', 'leaf_size': 30, 'metric': 'minkowski', 'metric_params': None, 'n_jobs': None, 'n_neighbors': np.int64(13), 'p': 4, 'weights': 'distance'}",0.0467381477355957
Coffee,5,2,2,5,RandomForest,Scaling,1,{'sigma': 0.1},0.4766666666666667,0.4795414462081129,"{'bootstrap': True, 'ccp_alpha': 0.0, 'class_weight': 'balanced', 'criterion': 'gini', 'max_depth': None, 'max_features': 'sqrt', 'max_leaf_nodes': None, 'max_samples': None, 'min_impurity_decrease': 0.0, 'min_samples_leaf': 1, 'min_samples_split': 2, 'min_weight_fraction_leaf': 0.0, 'monotonic_cst': None, 'n_estimators': 50, 'n_jobs': None, 'oob_score': False, 'random_state': 42, 'verbose': 0, 'warm_start': False}",0.2162630558013916
Coffee,5,2,2,5,LinearSVC,Scaling,1,{'sigma': 0.1},0.4583333333333333,0.45578777756473005,"{'C': np.float64(2.6366508987303554), 'class_weight': 'balanced', 'dual': False, 'fit_intercept': True, 'intercept_scaling': 1, 'loss': 'squared_hinge', 'max_iter': 100, 'multi_class': 'ovr', 'penalty': 'l1', 'random_state': 42, 'tol': 0.0001, 'verbose': 0}",0.01712775230407715
Coffee,5,2,2,5,LogisticRegression,Scaling,1,{'sigma': 0.1},0.495,0.47556221219587563,"{'C': np.float64(33.59818286283781), 'class_weight': None, 'dual': False, 'fit_intercept': True, 'intercept_scaling': 1, 'l1_ratio': None, 'max_iter': 100, 'multi_class': 'deprecated', 'n_jobs': None, 'penalty': 'l2', 'random_state': 42, 'solver': 'saga', 'tol': 0.0001, 'verbose': 0, 'warm_start': False}",0.09118461608886719
Coffee,5,2,2,5,KNN,Scaling,2,{'sigma': 0.5},0.7316666666666667,0.7239116067808742,"{'algorithm': 'auto', 'leaf_size': 30, 'metric': 'manhattan', 'metric_params': None, 'n_jobs': None, 'n_neighbors': np.int64(5), 'p': 2, 'weights': 'distance'}",0.015281438827514648
Coffee,5,2,2,5,RandomForest,Scaling,2,{'sigma': 0.5},0.5683333333333334,0.5641668449089818,"{'bootstrap': True, 'ccp_alpha': 0.0, 'class_weight': 'balanced', 'criterion': 'gini', 'max_depth': None, 'max_features': 'sqrt', 'max_leaf_nodes': None, 'max_samples': None, 'min_impurity_decrease': 0.0, 'min_samples_leaf': 1, 'min_samples_split': 2, 'min_weight_fraction_leaf': 0.0, 'monotonic_cst': None, 'n_estimators': 50, 'n_jobs': None, 'oob_score': False, 'random_state': 42, 'verbose': 0, 'warm_start': False}",0.22728800773620605
Coffee,5,2,2,5,LinearSVC,Scaling,2,{'sigma': 0.5},0.42,0.39114971288334144,"{'C': np.float64(1000.0), 'class_weight': 'balanced', 'dual': False, 'fit_intercept': True, 'intercept_scaling': 1, 'loss': 'squared_hinge', 'max_iter': 100, 'multi_class': 'ovr', 'penalty': 'l2', 'random_state': 42, 'tol': 0.001, 'verbose': 0}",0.013013839721679688
Coffee,5,2,2,5,LogisticRegression,Scaling,2,{'sigma': 0.5},0.47833333333333333,0.4441113659634964,"{'C': np.float64(0.2069138081114788), 'class_weight': 'balanced', 'dual': False, 'fit_intercept': False, 'intercept_scaling': 1, 'l1_ratio': None, 'max_iter': 100, 'multi_class': 'deprecated', 'n_jobs': None, 'penalty': 'l2', 'random_state': 42, 'solver': 'lbfgs', 'tol': 0.0001, 'verbose': 0, 'warm_start': False}",0.028995275497436523
Coffee,5,2,2,5,KNN,Scaling,3,{'sigma': 0.3},0.735,0.726631250260815,"{'algorithm': 'auto', 'leaf_size': 30, 'metric': 'manhattan', 'metric_params': None, 'n_jobs': None, 'n_neighbors': np.int64(5), 'p': 2, 'weights': 'distance'}",0.015666484832763672
Coffee,5,2,2,5,RandomForest,Scaling,3,{'sigma': 0.3},0.43666666666666665,0.45381582206165205,"{'bootstrap': True, 'ccp_alpha': 0.0, 'class_weight': 'balanced', 'criterion': 'gini', 'max_depth': None, 'max_features': 'sqrt', 'max_leaf_nodes': None, 'max_samples': None, 'min_impurity_decrease': 0.0, 'min_samples_leaf': 1, 'min_samples_split': 2, 'min_weight_fraction_leaf': 0.0, 'monotonic_cst': None, 'n_estimators': 50, 'n_jobs': None, 'oob_score': False, 'random_state': 42, 'verbose': 0, 'warm_start': False}",0.17688822746276855
Coffee,5,2,2,5,LinearSVC,Scaling,3,{'sigma': 0.3},0.6266666666666667,0.6251723220045085,"{'C': np.float64(0.2069138081114788), 'class_weight': None, 'dual': False, 'fit_intercept': False, 'intercept_scaling': 1, 'loss': 'squared_hinge', 'max_iter': 100, 'multi_class': 'ovr', 'penalty': 'l2', 'random_state': 42, 'tol': 0.001, 'verbose': 0}",0.005877017974853516
Coffee,5,2,2,5,LogisticRegression,Scaling,3,{'sigma': 0.3},0.49,0.47551250632123543,"{'C': np.float64(2.6366508987303554), 'class_weight': 'balanced', 'dual': False, 'fit_intercept': True, 'intercept_scaling': 1, 'l1_ratio': None, 'max_iter': 100, 'multi_class': 'deprecated', 'n_jobs': None, 'penalty': 'l1', 'random_state': 42, 'solver': 'saga', 'tol': 0.0001, 'verbose': 0, 'warm_start': False}",0.10775446891784668
Coffee,5,2,2,5,KNN,Scaling,4,{'sigma': 0.2},0.6266666666666667,0.6305975365734147,"{'algorithm': 'auto', 'leaf_size': 30, 'metric': 'minkowski', 'metric_params': None, 'n_jobs': None, 'n_neighbors': np.int64(13), 'p': 4, 'weights': 'distance'}",0.04866909980773926
Coffee,5,2,2,5,RandomForest,Scaling,4,{'sigma': 0.2},0.45666666666666667,0.4549801013227907,"{'bootstrap': True, 'ccp_alpha': 0.0, 'class_weight': 'balanced', 'criterion': 'gini', 'max_depth': None, 'max_features': 'sqrt', 'max_leaf_nodes': None, 'max_samples': None, 'min_impurity_decrease': 0.0, 'min_samples_leaf': 2, 'min_samples_split': 2, 'min_weight_fraction_leaf': 0.0, 'monotonic_cst': None, 'n_estimators': 150, 'n_jobs': None, 'oob_score': False, 'random_state': 42, 'verbose': 0, 'warm_start': False}",0.6305680274963379
Coffee,5,2,2,5,LinearSVC,Scaling,4,{'sigma': 0.2},0.4666666666666667,0.46646551755666005,"{'C': np.float64(1000.0), 'class_weight': 'balanced', 'dual': False, 'fit_intercept': True, 'intercept_scaling': 1, 'loss': 'squared_hinge', 'max_iter': 100, 'multi_class': 'ovr', 'penalty': 'l2', 'random_state': 42, 'tol': 0.001, 'verbose': 0}",0.0073435306549072266
Coffee,5,2,2,5,LogisticRegression,Scaling,4,{'sigma': 0.2},0.4633333333333333,0.44378113858709145,"{'C': np.float64(33.59818286283781), 'class_weight': 'balanced', 'dual': False, 'fit_intercept': True, 'intercept_scaling': 1, 'l1_ratio': None, 'max_iter': 100, 'multi_class': 'deprecated', 'n_jobs': None, 'penalty': 'l2', 'random_state': 42, 'solver': 'saga', 'tol': 0.0001, 'verbose': 0, 'warm_start': False}",0.09457588195800781
Coffee,5,2,2,5,KNN,Scaling,5,{'sigma': 0.5},0.7566666666666667,0.7534066214788361,"{'algorithm': 'auto', 'leaf_size': 30, 'metric': 'manhattan', 'metric_params': None, 'n_jobs': None, 'n_neighbors': np.int64(5), 'p': 2, 'weights': 'distance'}",0.013683557510375977
Coffee,5,2,2,5,RandomForest,Scaling,5,{'sigma': 0.5},0.47833333333333333,0.4718487394957983,"{'bootstrap': True, 'ccp_alpha': 0.0, 'class_weight': 'balanced', 'criterion': 'gini', 'max_depth': None, 'max_features': 'sqrt', 'max_leaf_nodes': None, 'max_samples': None, 'min_impurity_decrease': 0.0, 'min_samples_leaf': 1, 'min_samples_split': 2, 'min_weight_fraction_leaf': 0.0, 'monotonic_cst': None, 'n_estimators': 50, 'n_jobs': None, 'oob_score': False, 'random_state': 42, 'verbose': 0, 'warm_start': False}",0.2230980396270752
Coffee,5,2,2,5,LinearSVC,Scaling,5,{'sigma': 0.5},0.31333333333333335,0.29422463752107864,"{'C': np.float64(2.6366508987303554), 'class_weight': 'balanced', 'dual': False, 'fit_intercept': True, 'intercept_scaling': 1, 'loss': 'squared_hinge', 'max_iter': 100, 'multi_class': 'ovr', 'penalty': 'l1', 'random_state': 42, 'tol': 0.0001, 'verbose': 0}",0.01949596405029297
Coffee,5,2,2,5,LogisticRegression,Scaling,5,{'sigma': 0.5},0.44,0.42831373255757454,"{'C': np.float64(1000.0), 'class_weight': 'balanced', 'dual': False, 'fit_intercept': True, 'intercept_scaling': 1, 'l1_ratio': None, 'max_iter': 100, 'multi_class': 'deprecated', 'n_jobs': None, 'penalty': 'l2', 'random_state': 42, 'solver': 'sag', 'tol': 0.0001, 'verbose': 0, 'warm_start': False}",0.08232307434082031
Coffee,5,2,2,5,KNN,Scaling,6,{'sigma': 0.1},0.5883333333333334,0.5953518736127431,"{'algorithm': 'auto', 'leaf_size': 30, 'metric': 'minkowski', 'metric_params': None, 'n_jobs': None, 'n_neighbors': np.int64(13), 'p': 4, 'weights': 'distance'}",0.051950693130493164
Coffee,5,2,2,5,RandomForest,Scaling,6,{'sigma': 0.1},0.5516666666666666,0.5292426513351046,"{'bootstrap': True, 'ccp_alpha': 0.0, 'class_weight': 'balanced', 'criterion': 'gini', 'max_depth': None, 'max_features': 'sqrt', 'max_leaf_nodes': None, 'max_samples': None, 'min_impurity_decrease': 0.0, 'min_samples_leaf': 1, 'min_samples_split': 2, 'min_weight_fraction_leaf': 0.0, 'monotonic_cst': None, 'n_estimators': 50, 'n_jobs': None, 'oob_score': False, 'random_state': 42, 'verbose': 0, 'warm_start': False}",0.20103025436401367
Coffee,5,2,2,5,LinearSVC,Scaling,6,{'sigma': 0.1},0.7016666666666667,0.6959344370115771,"{'C': np.float64(0.2069138081114788), 'class_weight': None, 'dual': False, 'fit_intercept': False, 'intercept_scaling': 1, 'loss': 'squared_hinge', 'max_iter': 100, 'multi_class': 'ovr', 'penalty': 'l2', 'random_state': 42, 'tol': 0.001, 'verbose': 0}",0.007658958435058594
Coffee,5,2,2,5,LogisticRegression,Scaling,6,{'sigma': 0.1},0.49666666666666665,0.4759091519367678,"{'C': np.float64(33.59818286283781), 'class_weight': None, 'dual': False, 'fit_intercept': True, 'intercept_scaling': 1, 'l1_ratio': None, 'max_iter': 100, 'multi_class': 'deprecated', 'n_jobs': None, 'penalty': 'l2', 'random_state': 42, 'solver': 'saga', 'tol': 0.0001, 'verbose': 0, 'warm_start': False}",0.08012533187866211
Coffee,5,2,2,5,KNN,Scaling,7,{'sigma': 0.3},0.6666666666666666,0.6598716841873615,"{'algorithm': 'auto', 'leaf_size': 30, 'metric': 'manhattan', 'metric_params': None, 'n_jobs': None, 'n_neighbors': np.int64(5), 'p': 2, 'weights': 'distance'}",0.013786792755126953
Coffee,5,2,2,5,RandomForest,Scaling,7,{'sigma': 0.3},0.4533333333333333,0.4507466715872279,"{'bootstrap': True, 'ccp_alpha': 0.0, 'class_weight': 'balanced', 'criterion': 'gini', 'max_depth': None, 'max_features': 'sqrt', 'max_leaf_nodes': None, 'max_samples': None, 'min_impurity_decrease': 0.0, 'min_samples_leaf': 2, 'min_samples_split': 2, 'min_weight_fraction_leaf': 0.0, 'monotonic_cst': None, 'n_estimators': 150, 'n_jobs': None, 'oob_score': False, 'random_state': 42, 'verbose': 0, 'warm_start': False}",0.6217606067657471
Coffee,5,2,2,5,LinearSVC,Scaling,7,{'sigma': 0.3},0.465,0.45721981647592536,"{'C': np.float64(0.4832930238571752), 'class_weight': 'balanced', 'dual': False, 'fit_intercept': True, 'intercept_scaling': 1, 'loss': 'squared_hinge', 'max_iter': 100, 'multi_class': 'ovr', 'penalty': 'l2', 'random_state': 42, 'tol': 0.0001, 'verbose': 0}",0.009777545928955078
Coffee,5,2,2,5,LogisticRegression,Scaling,7,{'sigma': 0.3},0.48,0.45841352965865356,"{'C': np.float64(2.6366508987303554), 'class_weight': 'balanced', 'dual': False, 'fit_intercept': True, 'intercept_scaling': 1, 'l1_ratio': None, 'max_iter': 100, 'multi_class': 'deprecated', 'n_jobs': None, 'penalty': 'l1', 'random_state': 42, 'solver': 'saga', 'tol': 0.0001, 'verbose': 0, 'warm_start': False}",0.0955510139465332
Coffee,5,2,2,5,KNN,Scaling,8,{'sigma': 0.1},0.565,0.5721883830189577,"{'algorithm': 'auto', 'leaf_size': 30, 'metric': 'minkowski', 'metric_params': None, 'n_jobs': None, 'n_neighbors': np.int64(13), 'p': 4, 'weights': 'distance'}",0.03722238540649414
Coffee,5,2,2,5,RandomForest,Scaling,8,{'sigma': 0.1},0.5566666666666666,0.5296582624592139,"{'bootstrap': True, 'ccp_alpha': 0.0, 'class_weight': 'balanced', 'criterion': 'gini', 'max_depth': None, 'max_features': 'sqrt', 'max_leaf_nodes': None, 'max_samples': None, 'min_impurity_decrease': 0.0, 'min_samples_leaf': 1, 'min_samples_split': 2, 'min_weight_fraction_leaf': 0.0, 'monotonic_cst': None, 'n_estimators': 50, 'n_jobs': None, 'oob_score': False, 'random_state': 42, 'verbose': 0, 'warm_start': False}",0.21887803077697754
Coffee,5,2,2,5,LinearSVC,Scaling,8,{'sigma': 0.1},0.4683333333333333,0.46633476872682916,"{'C': np.float64(0.2069138081114788), 'class_weight': None, 'dual': False, 'fit_intercept': True, 'intercept_scaling': 1, 'loss': 'squared_hinge', 'max_iter': 100, 'multi_class': 'ovr', 'penalty': 'l2', 'random_state': 42, 'tol': 0.001, 'verbose': 0}",0.0072863101959228516
Coffee,5,2,2,5,LogisticRegression,Scaling,8,{'sigma': 0.1},0.4866666666666667,0.4681927401135123,"{'C': np.float64(33.59818286283781), 'class_weight': None, 'dual': False, 'fit_intercept': True, 'intercept_scaling': 1, 'l1_ratio': None, 'max_iter': 100, 'multi_class': 'deprecated', 'n_jobs': None, 'penalty': 'l2', 'random_state': 42, 'solver': 'saga', 'tol': 0.0001, 'verbose': 0, 'warm_start': False}",0.09148812294006348
Coffee,5,2,2,5,KNN,Scaling,9,{'sigma': 0.3},0.5166666666666667,0.5202314762193428,"{'algorithm': 'auto', 'leaf_size': 30, 'metric': 'minkowski', 'metric_params': None, 'n_jobs': None, 'n_neighbors': np.int64(13), 'p': 4, 'weights': 'distance'}",0.061432600021362305
Coffee,5,2,2,5,RandomForest,Scaling,9,{'sigma': 0.3},0.48,0.48168807593190954,"{'bootstrap': True, 'ccp_alpha': 0.0, 'class_weight': 'balanced', 'criterion': 'gini', 'max_depth': None, 'max_features': 'sqrt', 'max_leaf_nodes': None, 'max_samples': None, 'min_impurity_decrease': 0.0, 'min_samples_leaf': 1, 'min_samples_split': 2, 'min_weight_fraction_leaf': 0.0, 'monotonic_cst': None, 'n_estimators': 50, 'n_jobs': None, 'oob_score': False, 'random_state': 42, 'verbose': 0, 'warm_start': False}",0.2175917625427246
Coffee,5,2,2,5,LinearSVC,Scaling,9,{'sigma': 0.3},0.39166666666666666,0.3932345761688917,"{'C': np.float64(33.59818286283781), 'class_weight': None, 'dual': False, 'fit_intercept': True, 'intercept_scaling': 1, 'loss': 'squared_hinge', 'max_iter': 100, 'multi_class': 'ovr', 'penalty': 'l1', 'random_state': 42, 'tol': 0.001, 'verbose': 0}",0.01834416389465332
Coffee,5,2,2,5,LogisticRegression,Scaling,9,{'sigma': 0.3},0.455,0.4406108395230676,"{'C': np.float64(33.59818286283781), 'class_weight': None, 'dual': False, 'fit_intercept': True, 'intercept_scaling': 1, 'l1_ratio': None, 'max_iter': 100, 'multi_class': 'deprecated', 'n_jobs': None, 'penalty': 'l2', 'random_state': 42, 'solver': 'saga', 'tol': 0.0001, 'verbose': 0, 'warm_start': False}",0.0915822982788086
Coffee,5,2,2,5,KNN,Scaling,10,{'sigma': 0.5},0.5766666666666667,0.5843364296859307,"{'algorithm': 'auto', 'leaf_size': 30, 'metric': 'minkowski', 'metric_params': None, 'n_jobs': None, 'n_neighbors': np.int64(13), 'p': 4, 'weights': 'distance'}",0.04863548278808594
Coffee,5,2,2,5,RandomForest,Scaling,10,{'sigma': 0.5},0.5516666666666666,0.5519955232958467,"{'bootstrap': True, 'ccp_alpha': 0.0, 'class_weight': 'balanced', 'criterion': 'gini', 'max_depth': None, 'max_features': 'sqrt', 'max_leaf_nodes': None, 'max_samples': None, 'min_impurity_decrease': 0.0, 'min_samples_leaf': 1, 'min_samples_split': 2, 'min_weight_fraction_leaf': 0.0, 'monotonic_cst': None, 'n_estimators': 50, 'n_jobs': None, 'oob_score': False, 'random_state': 42, 'verbose': 0, 'warm_start': False}",0.18460607528686523
Coffee,5,2,2,5,LinearSVC,Scaling,10,{'sigma': 0.5},0.45,0.42296771611192413,"{'C': np.float64(0.08858667904100823), 'class_weight': None, 'dual': False, 'fit_intercept': False, 'intercept_scaling': 1, 'loss': 'squared_hinge', 'max_iter': 100, 'multi_class': 'ovr', 'penalty': 'l1', 'random_state': 42, 'tol': 0.0001, 'verbose': 0}",0.00998377799987793
Coffee,5,2,2,5,LogisticRegression,Scaling,10,{'sigma': 0.5},0.475,0.4471360284324101,"{'C': np.float64(2.6366508987303554), 'class_weight': 'balanced', 'dual': False, 'fit_intercept': True, 'intercept_scaling': 1, 'l1_ratio': None, 'max_iter': 100, 'multi_class': 'deprecated', 'n_jobs': None, 'penalty': 'l1', 'random_state': 42, 'solver': 'saga', 'tol': 0.0001, 'verbose': 0, 'warm_start': False}",0.11287975311279297
Coffee,5,2,2,10,KNN,Scaling,1,{'sigma': 0.1},0.5883333333333334,0.59426529972882,"{'algorithm': 'auto', 'leaf_size': 30, 'metric': 'minkowski', 'metric_params': None, 'n_jobs': None, 'n_neighbors': 5, 'p': 2, 'weights': 'uniform'}",0.04065513610839844
Coffee,5,2,2,10,RandomForest,Scaling,1,{'sigma': 0.1},0.5566666666666666,0.5308779788198131,"{'bootstrap': True, 'ccp_alpha': 0.0, 'class_weight': None, 'criterion': 'gini', 'max_depth': None, 'max_features': 'sqrt', 'max_leaf_nodes': None, 'max_samples': None, 'min_impurity_decrease': 0.0, 'min_samples_leaf': 1, 'min_samples_split': 2, 'min_weight_fraction_leaf': 0.0, 'monotonic_cst': None, 'n_estimators': 100, 'n_jobs': None, 'oob_score': False, 'random_state': 42, 'verbose': 0, 'warm_start': False}",0.7548158168792725
Coffee,5,2,2,10,LinearSVC,Scaling,1,{'sigma': 0.1},0.49,0.49247381932276596,"{'C': 1.0, 'class_weight': None, 'dual': False, 'fit_intercept': True, 'intercept_scaling': 1, 'loss': 'squared_hinge', 'max_iter': 100, 'multi_class': 'ovr', 'penalty': 'l2', 'random_state': 42, 'tol': 0.0001, 'verbose': 0}",0.01848626136779785
Coffee,5,2,2,10,LogisticRegression,Scaling,1,{'sigma': 0.1},0.49666666666666665,0.47527567508217944,"{'C': 1.0, 'class_weight': None, 'dual': False, 'fit_intercept': True, 'intercept_scaling': 1, 'l1_ratio': None, 'max_iter': 100, 'multi_class': 'deprecated', 'n_jobs': None, 'penalty': 'l2', 'random_state': 42, 'solver': 'lbfgs', 'tol': 0.0001, 'verbose': 0, 'warm_start': False}",0.13158416748046875
Coffee,5,2,2,10,KNN,Scaling,2,{'sigma': 0.5},0.51,0.5155853136453996,"{'algorithm': 'auto', 'leaf_size': 30, 'metric': 'minkowski', 'metric_params': None, 'n_jobs': None, 'n_neighbors': 5, 'p': 2, 'weights': 'uniform'}",0.04316258430480957
Coffee,5,2,2,10,RandomForest,Scaling,2,{'sigma': 0.5},0.44,0.4404534741744044,"{'bootstrap': True, 'ccp_alpha': 0.0, 'class_weight': None, 'criterion': 'gini', 'max_depth': None, 'max_features': 'sqrt', 'max_leaf_nodes': None, 'max_samples': None, 'min_impurity_decrease': 0.0, 'min_samples_leaf': 1, 'min_samples_split': 2, 'min_weight_fraction_leaf': 0.0, 'monotonic_cst': None, 'n_estimators': 100, 'n_jobs': None, 'oob_score': False, 'random_state': 42, 'verbose': 0, 'warm_start': False}",0.8404808044433594
Coffee,5,2,2,10,LinearSVC,Scaling,2,{'sigma': 0.5},0.185,0.16439798780150522,"{'C': 1.0, 'class_weight': None, 'dual': False, 'fit_intercept': True, 'intercept_scaling': 1, 'loss': 'squared_hinge', 'max_iter': 100, 'multi_class': 'ovr', 'penalty': 'l2', 'random_state': 42, 'tol': 0.0001, 'verbose': 0}",0.015185117721557617
Coffee,5,2,2,10,LogisticRegression,Scaling,2,{'sigma': 0.5},0.41333333333333333,0.39015461367208815,"{'C': 1.0, 'class_weight': None, 'dual': False, 'fit_intercept': True, 'intercept_scaling': 1, 'l1_ratio': None, 'max_iter': 100, 'multi_class': 'deprecated', 'n_jobs': None, 'penalty': 'l2', 'random_state': 42, 'solver': 'lbfgs', 'tol': 0.0001, 'verbose': 0, 'warm_start': False}",0.05835676193237305
Coffee,5,2,2,10,KNN,Scaling,3,{'sigma': 0.3},0.5933333333333334,0.5984611302868317,"{'algorithm': 'auto', 'leaf_size': 30, 'metric': 'minkowski', 'metric_params': None, 'n_jobs': None, 'n_neighbors': 5, 'p': 2, 'weights': 'uniform'}",0.03304481506347656
Coffee,5,2,2,10,RandomForest,Scaling,3,{'sigma': 0.3},0.5616666666666666,0.5611793620833655,"{'bootstrap': True, 'ccp_alpha': 0.0, 'class_weight': None, 'criterion': 'gini', 'max_depth': None, 'max_features': 'sqrt', 'max_leaf_nodes': None, 'max_samples': None, 'min_impurity_decrease': 0.0, 'min_samples_leaf': 1, 'min_samples_split': 2, 'min_weight_fraction_leaf': 0.0, 'monotonic_cst': None, 'n_estimators': 100, 'n_jobs': None, 'oob_score': False, 'random_state': 42, 'verbose': 0, 'warm_start': False}",0.7461972236633301
Coffee,5,2,2,10,LinearSVC,Scaling,3,{'sigma': 0.3},0.34833333333333333,0.33797411139778755,"{'C': 1.0, 'class_weight': None, 'dual': False, 'fit_intercept': True, 'intercept_scaling': 1, 'loss': 'squared_hinge', 'max_iter': 100, 'multi_class': 'ovr', 'penalty': 'l2', 'random_state': 42, 'tol': 0.0001, 'verbose': 0}",0.013013839721679688
Coffee,5,2,2,10,LogisticRegression,Scaling,3,{'sigma': 0.3},0.41,0.40658182787306546,"{'C': 1.0, 'class_weight': None, 'dual': False, 'fit_intercept': True, 'intercept_scaling': 1, 'l1_ratio': None, 'max_iter': 100, 'multi_class': 'deprecated', 'n_jobs': None, 'penalty': 'l2', 'random_state': 42, 'solver': 'lbfgs', 'tol': 0.0001, 'verbose': 0, 'warm_start': False}",0.044393062591552734
Coffee,5,2,2,10,KNN,Scaling,4,{'sigma': 0.2},0.6233333333333333,0.6261884398186989,"{'algorithm': 'auto', 'leaf_size': 30, 'metric': 'minkowski', 'metric_params': None, 'n_jobs': None, 'n_neighbors': 5, 'p': 2, 'weights': 'uniform'}",0.03405427932739258
Coffee,5,2,2,10,RandomForest,Scaling,4,{'sigma': 0.2},0.545,0.5455474990686895,"{'bootstrap': True, 'ccp_alpha': 0.0, 'class_weight': None, 'criterion': 'gini', 'max_depth': None, 'max_features': 'sqrt', 'max_leaf_nodes': None, 'max_samples': None, 'min_impurity_decrease': 0.0, 'min_samples_leaf': 1, 'min_samples_split': 2, 'min_weight_fraction_leaf': 0.0, 'monotonic_cst': None, 'n_estimators': 100, 'n_jobs': None, 'oob_score': False, 'random_state': 42, 'verbose': 0, 'warm_start': False}",0.7570900917053223
Coffee,5,2,2,10,LinearSVC,Scaling,4,{'sigma': 0.2},0.45666666666666667,0.4604738932587203,"{'C': 1.0, 'class_weight': None, 'dual': False, 'fit_intercept': True, 'intercept_scaling': 1, 'loss': 'squared_hinge', 'max_iter': 100, 'multi_class': 'ovr', 'penalty': 'l2', 'random_state': 42, 'tol': 0.0001, 'verbose': 0}",0.013299942016601562
Coffee,5,2,2,10,LogisticRegression,Scaling,4,{'sigma': 0.2},0.44666666666666666,0.4332882387355475,"{'C': 1.0, 'class_weight': None, 'dual': False, 'fit_intercept': True, 'intercept_scaling': 1, 'l1_ratio': None, 'max_iter': 100, 'multi_class': 'deprecated', 'n_jobs': None, 'penalty': 'l2', 'random_state': 42, 'solver': 'lbfgs', 'tol': 0.0001, 'verbose': 0, 'warm_start': False}",0.14426779747009277
Coffee,5,2,2,10,KNN,Scaling,5,{'sigma': 0.5},0.6116666666666667,0.6166841782103641,"{'algorithm': 'auto', 'leaf_size': 30, 'metric': 'minkowski', 'metric_params': None, 'n_jobs': None, 'n_neighbors': 5, 'p': 2, 'weights': 'uniform'}",0.04459977149963379
Coffee,5,2,2,10,RandomForest,Scaling,5,{'sigma': 0.5},0.5416666666666666,0.5493664896826528,"{'bootstrap': True, 'ccp_alpha': 0.0, 'class_weight': None, 'criterion': 'gini', 'max_depth': None, 'max_features': 'sqrt', 'max_leaf_nodes': None, 'max_samples': None, 'min_impurity_decrease': 0.0, 'min_samples_leaf': 1, 'min_samples_split': 2, 'min_weight_fraction_leaf': 0.0, 'monotonic_cst': None, 'n_estimators': 100, 'n_jobs': None, 'oob_score': False, 'random_state': 42, 'verbose': 0, 'warm_start': False}",0.8595213890075684
Coffee,5,2,2,10,LinearSVC,Scaling,5,{'sigma': 0.5},0.39166666666666666,0.3794600802529563,"{'C': 1.0, 'class_weight': None, 'dual': False, 'fit_intercept': True, 'intercept_scaling': 1, 'loss': 'squared_hinge', 'max_iter': 100, 'multi_class': 'ovr', 'penalty': 'l2', 'random_state': 42, 'tol': 0.0001, 'verbose': 0}",0.01587843894958496
Coffee,5,2,2,10,LogisticRegression,Scaling,5,{'sigma': 0.5},0.47,0.44741303219257966,"{'C': 1.0, 'class_weight': None, 'dual': False, 'fit_intercept': True, 'intercept_scaling': 1, 'l1_ratio': None, 'max_iter': 100, 'multi_class': 'deprecated', 'n_jobs': None, 'penalty': 'l2', 'random_state': 42, 'solver': 'lbfgs', 'tol': 0.0001, 'verbose': 0, 'warm_start': False}",0.1245574951171875
Coffee,5,2,2,10,KNN,Scaling,6,{'sigma': 0.1},0.5633333333333334,0.56732661434798,"{'algorithm': 'auto', 'leaf_size': 30, 'metric': 'minkowski', 'metric_params': None, 'n_jobs': None, 'n_neighbors': 5, 'p': 2, 'weights': 'uniform'}",0.04149055480957031
Coffee,5,2,2,10,RandomForest,Scaling,6,{'sigma': 0.1},0.5416666666666666,0.5258456032938172,"{'bootstrap': True, 'ccp_alpha': 0.0, 'class_weight': None, 'criterion': 'gini', 'max_depth': None, 'max_features': 'sqrt', 'max_leaf_nodes': None, 'max_samples': None, 'min_impurity_decrease': 0.0, 'min_samples_leaf': 1, 'min_samples_split': 2, 'min_weight_fraction_leaf': 0.0, 'monotonic_cst': None, 'n_estimators': 100, 'n_jobs': None, 'oob_score': False, 'random_state': 42, 'verbose': 0, 'warm_start': False}",0.8313612937927246
Coffee,5,2,2,10,LinearSVC,Scaling,6,{'sigma': 0.1},0.4866666666666667,0.4864930848994594,"{'C': 1.0, 'class_weight': None, 'dual': False, 'fit_intercept': True, 'intercept_scaling': 1, 'loss': 'squared_hinge', 'max_iter': 100, 'multi_class': 'ovr', 'penalty': 'l2', 'random_state': 42, 'tol': 0.0001, 'verbose': 0}",0.018687009811401367
Coffee,5,2,2,10,LogisticRegression,Scaling,6,{'sigma': 0.1},0.49666666666666665,0.47526692134391224,"{'C': 1.0, 'class_weight': None, 'dual': False, 'fit_intercept': True, 'intercept_scaling': 1, 'l1_ratio': None, 'max_iter': 100, 'multi_class': 'deprecated', 'n_jobs': None, 'penalty': 'l2', 'random_state': 42, 'solver': 'lbfgs', 'tol': 0.0001, 'verbose': 0, 'warm_start': False}",0.06273937225341797
Coffee,5,2,2,10,KNN,Scaling,7,{'sigma': 0.3},0.56,0.5672569895498354,"{'algorithm': 'auto', 'leaf_size': 30, 'metric': 'minkowski', 'metric_params': None, 'n_jobs': None, 'n_neighbors': 5, 'p': 2, 'weights': 'uniform'}",0.04327678680419922
Coffee,5,2,2,10,RandomForest,Scaling,7,{'sigma': 0.3},0.49166666666666664,0.4962846787141071,"{'bootstrap': True, 'ccp_alpha': 0.0, 'class_weight': None, 'criterion': 'gini', 'max_depth': None, 'max_features': 'sqrt', 'max_leaf_nodes': None, 'max_samples': None, 'min_impurity_decrease': 0.0, 'min_samples_leaf': 1, 'min_samples_split': 2, 'min_weight_fraction_leaf': 0.0, 'monotonic_cst': None, 'n_estimators': 100, 'n_jobs': None, 'oob_score': False, 'random_state': 42, 'verbose': 0, 'warm_start': False}",0.8166687488555908
Coffee,5,2,2,10,LinearSVC,Scaling,7,{'sigma': 0.3},0.395,0.3929508499630451,"{'C': 1.0, 'class_weight': None, 'dual': False, 'fit_intercept': True, 'intercept_scaling': 1, 'loss': 'squared_hinge', 'max_iter': 100, 'multi_class': 'ovr', 'penalty': 'l2', 'random_state': 42, 'tol': 0.0001, 'verbose': 0}",0.012621641159057617
Coffee,5,2,2,10,LogisticRegression,Scaling,7,{'sigma': 0.3},0.46,0.44636344145478574,"{'C': 1.0, 'class_weight': None, 'dual': False, 'fit_intercept': True, 'intercept_scaling': 1, 'l1_ratio': None, 'max_iter': 100, 'multi_class': 'deprecated', 'n_jobs': None, 'penalty': 'l2', 'random_state': 42, 'solver': 'lbfgs', 'tol': 0.0001, 'verbose': 0, 'warm_start': False}",0.043828725814819336
Coffee,5,2,2,10,KNN,Scaling,8,{'sigma': 0.1},0.5533333333333333,0.560129122553087,"{'algorithm': 'auto', 'leaf_size': 30, 'metric': 'minkowski', 'metric_params': None, 'n_jobs': None, 'n_neighbors': 5, 'p': 2, 'weights': 'uniform'}",0.03442525863647461
Coffee,5,2,2,10,RandomForest,Scaling,8,{'sigma': 0.1},0.5316666666666666,0.520880539898076,"{'bootstrap': True, 'ccp_alpha': 0.0, 'class_weight': None, 'criterion': 'gini', 'max_depth': None, 'max_features': 'sqrt', 'max_leaf_nodes': None, 'max_samples': None, 'min_impurity_decrease': 0.0, 'min_samples_leaf': 1, 'min_samples_split': 2, 'min_weight_fraction_leaf': 0.0, 'monotonic_cst': None, 'n_estimators': 100, 'n_jobs': None, 'oob_score': False, 'random_state': 42, 'verbose': 0, 'warm_start': False}",0.7205555438995361
Coffee,5,2,2,10,LinearSVC,Scaling,8,{'sigma': 0.1},0.47,0.46699999999999997,"{'C': 1.0, 'class_weight': None, 'dual': False, 'fit_intercept': True, 'intercept_scaling': 1, 'loss': 'squared_hinge', 'max_iter': 100, 'multi_class': 'ovr', 'penalty': 'l2', 'random_state': 42, 'tol': 0.0001, 'verbose': 0}",0.016152381896972656
Coffee,5,2,2,10,LogisticRegression,Scaling,8,{'sigma': 0.1},0.49,0.4697432165810396,"{'C': 1.0, 'class_weight': None, 'dual': False, 'fit_intercept': True, 'intercept_scaling': 1, 'l1_ratio': None, 'max_iter': 100, 'multi_class': 'deprecated', 'n_jobs': None, 'penalty': 'l2', 'random_state': 42, 'solver': 'lbfgs', 'tol': 0.0001, 'verbose': 0, 'warm_start': False}",0.13535475730895996
Coffee,5,2,2,10,KNN,Scaling,9,{'sigma': 0.3},0.6333333333333333,0.6357498591014462,"{'algorithm': 'auto', 'leaf_size': 30, 'metric': 'minkowski', 'metric_params': None, 'n_jobs': None, 'n_neighbors': 5, 'p': 2, 'weights': 'uniform'}",0.03463387489318848
Coffee,5,2,2,10,RandomForest,Scaling,9,{'sigma': 0.3},0.6716666666666666,0.6661028821586169,"{'bootstrap': True, 'ccp_alpha': 0.0, 'class_weight': None, 'criterion': 'gini', 'max_depth': None, 'max_features': 'sqrt', 'max_leaf_nodes': None, 'max_samples': None, 'min_impurity_decrease': 0.0, 'min_samples_leaf': 1, 'min_samples_split': 2, 'min_weight_fraction_leaf': 0.0, 'monotonic_cst': None, 'n_estimators': 100, 'n_jobs': None, 'oob_score': False, 'random_state': 42, 'verbose': 0, 'warm_start': False}",0.8130011558532715
Coffee,5,2,2,10,LinearSVC,Scaling,9,{'sigma': 0.3},0.5966666666666667,0.5995686448293488,"{'C': 1.0, 'class_weight': None, 'dual': False, 'fit_intercept': True, 'intercept_scaling': 1, 'loss': 'squared_hinge', 'max_iter': 100, 'multi_class': 'ovr', 'penalty': 'l2', 'random_state': 42, 'tol': 0.0001, 'verbose': 0}",0.017685890197753906
Coffee,5,2,2,10,LogisticRegression,Scaling,9,{'sigma': 0.3},0.485,0.47340592281613253,"{'C': 1.0, 'class_weight': None, 'dual': False, 'fit_intercept': True, 'intercept_scaling': 1, 'l1_ratio': None, 'max_iter': 100, 'multi_class': 'deprecated', 'n_jobs': None, 'penalty': 'l2', 'random_state': 42, 'solver': 'lbfgs', 'tol': 0.0001, 'verbose': 0, 'warm_start': False}",0.05888938903808594
Coffee,5,2,2,10,KNN,Scaling,10,{'sigma': 0.5},0.775,0.781770888115764,"{'algorithm': 'auto', 'leaf_size': 30, 'metric': 'minkowski', 'metric_params': None, 'n_jobs': None, 'n_neighbors': 5, 'p': 2, 'weights': 'uniform'}",0.04266476631164551
Coffee,5,2,2,10,RandomForest,Scaling,10,{'sigma': 0.5},0.7016666666666667,0.7043430834205133,"{'bootstrap': True, 'ccp_alpha': 0.0, 'class_weight': None, 'criterion': 'gini', 'max_depth': None, 'max_features': 'sqrt', 'max_leaf_nodes': None, 'max_samples': None, 'min_impurity_decrease': 0.0, 'min_samples_leaf': 1, 'min_samples_split': 2, 'min_weight_fraction_leaf': 0.0, 'monotonic_cst': None, 'n_estimators': 100, 'n_jobs': None, 'oob_score': False, 'random_state': 42, 'verbose': 0, 'warm_start': False}",0.9415864944458008
Coffee,5,2,2,10,LinearSVC,Scaling,10,{'sigma': 0.5},0.42333333333333334,0.4065498839291775,"{'C': 1.0, 'class_weight': None, 'dual': False, 'fit_intercept': True, 'intercept_scaling': 1, 'loss': 'squared_hinge', 'max_iter': 100, 'multi_class': 'ovr', 'penalty': 'l2', 'random_state': 42, 'tol': 0.0001, 'verbose': 0}",0.017119646072387695
Coffee,5,2,2,10,LogisticRegression,Scaling,10,{'sigma': 0.5},0.3516666666666667,0.3531077662410011,"{'C': 1.0, 'class_weight': None, 'dual': False, 'fit_intercept': True, 'intercept_scaling': 1, 'l1_ratio': None, 'max_iter': 100, 'multi_class': 'deprecated', 'n_jobs': None, 'penalty': 'l2', 'random_state': 42, 'solver': 'lbfgs', 'tol': 0.0001, 'verbose': 0, 'warm_start': False}",0.04659104347229004
Coffee,5,2,3,1,KNN,Baseline,N/A,N/A,0.77,0.7581586511744678,"{'algorithm': 'auto', 'leaf_size': 30, 'metric': 'minkowski', 'metric_params': None, 'n_jobs': None, 'n_neighbors': 5, 'p': 2, 'weights': 'uniform'}",0.029900789260864258
Coffee,5,2,3,1,KNN,Tuned_Baseline,N/A,N/A,0.775,0.7625803594348112,"{'algorithm': 'auto', 'leaf_size': 30, 'metric': 'minkowski', 'metric_params': None, 'n_jobs': None, 'n_neighbors': np.int64(5), 'p': 3, 'weights': 'distance'}",0.014942169189453125
Coffee,5,2,3,1,RandomForest,Baseline,N/A,N/A,0.6183333333333333,0.6224760656525291,"{'bootstrap': True, 'ccp_alpha': 0.0, 'class_weight': None, 'criterion': 'gini', 'max_depth': None, 'max_features': 'sqrt', 'max_leaf_nodes': None, 'max_samples': None, 'min_impurity_decrease': 0.0, 'min_samples_leaf': 1, 'min_samples_split': 2, 'min_weight_fraction_leaf': 0.0, 'monotonic_cst': None, 'n_estimators': 100, 'n_jobs': None, 'oob_score': False, 'random_state': 42, 'verbose': 0, 'warm_start': False}",0.19092655181884766
Coffee,5,2,3,1,RandomForest,Tuned_Baseline,N/A,N/A,0.6183333333333333,0.6224760656525291,"{'bootstrap': True, 'ccp_alpha': 0.0, 'class_weight': 'balanced', 'criterion': 'gini', 'max_depth': 10, 'max_features': 'sqrt', 'max_leaf_nodes': None, 'max_samples': None, 'min_impurity_decrease': 0.0, 'min_samples_leaf': 1, 'min_samples_split': 2, 'min_weight_fraction_leaf': 0.0, 'monotonic_cst': None, 'n_estimators': 100, 'n_jobs': None, 'oob_score': False, 'random_state': 42, 'verbose': 0, 'warm_start': False}",0.006451606750488281
Coffee,5,2,3,1,LinearSVC,Baseline,N/A,N/A,0.6166666666666667,0.6357906237548334,"{'C': 1.0, 'class_weight': None, 'dual': False, 'fit_intercept': True, 'intercept_scaling': 1, 'loss': 'squared_hinge', 'max_iter': 100, 'multi_class': 'ovr', 'penalty': 'l2', 'random_state': 42, 'tol': 0.0001, 'verbose': 0}",0.0025954246520996094
Coffee,5,2,3,1,LinearSVC,Tuned_Baseline,N/A,N/A,0.5783333333333334,0.6175140573517818,"{'C': np.float64(0.4832930238571752), 'class_weight': 'balanced', 'dual': False, 'fit_intercept': True, 'intercept_scaling': 1, 'loss': 'squared_hinge', 'max_iter': 100, 'multi_class': 'ovr', 'penalty': 'l1', 'random_state': 42, 'tol': 0.0001, 'verbose': 0}",0.0002815723419189453
Coffee,5,2,3,1,LogisticRegression,Baseline,N/A,N/A,0.6666666666666666,0.703799592592778,"{'C': 1.0, 'class_weight': None, 'dual': False, 'fit_intercept': True, 'intercept_scaling': 1, 'l1_ratio': None, 'max_iter': 100, 'multi_class': 'deprecated', 'n_jobs': None, 'penalty': 'l2', 'random_state': 42, 'solver': 'lbfgs', 'tol': 0.0001, 'verbose': 0, 'warm_start': False}",0.008714437484741211
Coffee,5,2,3,1,LogisticRegression,Tuned_Baseline,N/A,N/A,0.6666666666666666,0.7055555555555555,"{'C': np.float64(2.6366508987303554), 'class_weight': 'balanced', 'dual': False, 'fit_intercept': True, 'intercept_scaling': 1, 'l1_ratio': None, 'max_iter': 100, 'multi_class': 'deprecated', 'n_jobs': None, 'penalty': 'l1', 'random_state': 42, 'solver': 'saga', 'tol': 0.0001, 'verbose': 0, 'warm_start': False}",0.00029587745666503906
Coffee,5,2,3,1,RNN,Tuned_Baseline,N/A,N/A,0.16666666666666666,0.047619047619047616,"{'hidden_size': 64, 'epochs': 10, 'batch_size': 32, 'lr': 0.001}",4.172325134277344e-05
Coffee,5,2,3,2,KNN,Scaling,1,{'sigma': 0.1},0.77,0.7580613738394202,"{'algorithm': 'auto', 'leaf_size': 30, 'metric': 'euclidean', 'metric_params': None, 'n_jobs': None, 'n_neighbors': np.int64(9), 'p': 2, 'weights': 'distance'}",0.006460666656494141
Coffee,5,2,3,2,RandomForest,Scaling,1,{'sigma': 0.1},0.595,0.6021318302768196,"{'bootstrap': True, 'ccp_alpha': 0.0, 'class_weight': 'balanced', 'criterion': 'gini', 'max_depth': 20, 'max_features': 'sqrt', 'max_leaf_nodes': None, 'max_samples': None, 'min_impurity_decrease': 0.0, 'min_samples_leaf': 2, 'min_samples_split': 5, 'min_weight_fraction_leaf': 0.0, 'monotonic_cst': None, 'n_estimators': 50, 'n_jobs': None, 'oob_score': False, 'random_state': 42, 'verbose': 0, 'warm_start': False}",0.09067249298095703
Coffee,5,2,3,2,LinearSVC,Scaling,1,{'sigma': 0.1},0.58,0.6192798323853328,"{'C': np.float64(2.6366508987303554), 'class_weight': 'balanced', 'dual': False, 'fit_intercept': True, 'intercept_scaling': 1, 'loss': 'squared_hinge', 'max_iter': 100, 'multi_class': 'ovr', 'penalty': 'l1', 'random_state': 42, 'tol': 0.0001, 'verbose': 0}",0.011298656463623047
Coffee,5,2,3,2,LogisticRegression,Scaling,1,{'sigma': 0.1},0.6666666666666666,0.7055555555555555,"{'C': np.float64(183.29807108324337), 'class_weight': None, 'dual': False, 'fit_intercept': True, 'intercept_scaling': 1, 'l1_ratio': None, 'max_iter': 100, 'multi_class': 'deprecated', 'n_jobs': None, 'penalty': 'l2', 'random_state': 42, 'solver': 'saga', 'tol': 0.0001, 'verbose': 0, 'warm_start': False}",0.03746175765991211
Coffee,5,2,3,2,KNN,Scaling,2,{'sigma': 0.5},0.7733333333333333,0.7610870924475897,"{'algorithm': 'auto', 'leaf_size': 30, 'metric': 'chebyshev', 'metric_params': None, 'n_jobs': None, 'n_neighbors': np.int64(5), 'p': 2, 'weights': 'uniform'}",0.024041175842285156
Coffee,5,2,3,2,RandomForest,Scaling,2,{'sigma': 0.5},0.5716666666666667,0.5814358802608224,"{'bootstrap': True, 'ccp_alpha': 0.0, 'class_weight': 'balanced', 'criterion': 'gini', 'max_depth': 20, 'max_features': 'sqrt', 'max_leaf_nodes': None, 'max_samples': None, 'min_impurity_decrease': 0.0, 'min_samples_leaf': 1, 'min_samples_split': 2, 'min_weight_fraction_leaf': 0.0, 'monotonic_cst': None, 'n_estimators': 50, 'n_jobs': None, 'oob_score': False, 'random_state': 42, 'verbose': 0, 'warm_start': False}",0.10144710540771484
Coffee,5,2,3,2,LinearSVC,Scaling,2,{'sigma': 0.5},0.5933333333333334,0.6285165800927431,"{'C': np.float64(2.6366508987303554), 'class_weight': 'balanced', 'dual': False, 'fit_intercept': True, 'intercept_scaling': 1, 'loss': 'squared_hinge', 'max_iter': 100, 'multi_class': 'ovr', 'penalty': 'l1', 'random_state': 42, 'tol': 0.0001, 'verbose': 0}",0.01214456558227539
Coffee,5,2,3,2,LogisticRegression,Scaling,2,{'sigma': 0.5},0.6666666666666666,0.7049660078339561,"{'C': np.float64(183.29807108324337), 'class_weight': None, 'dual': False, 'fit_intercept': True, 'intercept_scaling': 1, 'l1_ratio': None, 'max_iter': 100, 'multi_class': 'deprecated', 'n_jobs': None, 'penalty': 'l2', 'random_state': 42, 'solver': 'saga', 'tol': 0.0001, 'verbose': 0, 'warm_start': False}",0.034809112548828125
Coffee,5,2,3,2,KNN,Scaling,3,{'sigma': 0.3},0.7733333333333333,0.7609348211015047,"{'algorithm': 'auto', 'leaf_size': 30, 'metric': 'chebyshev', 'metric_params': None, 'n_jobs': None, 'n_neighbors': np.int64(5), 'p': 2, 'weights': 'uniform'}",0.021602153778076172
Coffee,5,2,3,2,RandomForest,Scaling,3,{'sigma': 0.3},0.6216666666666667,0.6375846860079984,"{'bootstrap': True, 'ccp_alpha': 0.0, 'class_weight': 'balanced', 'criterion': 'gini', 'max_depth': 30, 'max_features': 'sqrt', 'max_leaf_nodes': None, 'max_samples': None, 'min_impurity_decrease': 0.0, 'min_samples_leaf': 1, 'min_samples_split': 2, 'min_weight_fraction_leaf': 0.0, 'monotonic_cst': None, 'n_estimators': 150, 'n_jobs': None, 'oob_score': False, 'random_state': 42, 'verbose': 0, 'warm_start': False}",0.2729785442352295
Coffee,5,2,3,2,LinearSVC,Scaling,3,{'sigma': 0.3},0.5683333333333334,0.5877676505180905,"{'C': np.float64(0.2069138081114788), 'class_weight': None, 'dual': False, 'fit_intercept': True, 'intercept_scaling': 1, 'loss': 'squared_hinge', 'max_iter': 100, 'multi_class': 'ovr', 'penalty': 'l2', 'random_state': 42, 'tol': 0.001, 'verbose': 0}",0.00390934944152832
Coffee,5,2,3,2,LogisticRegression,Scaling,3,{'sigma': 0.3},0.6683333333333333,0.6743515421776292,"{'C': np.float64(183.29807108324337), 'class_weight': None, 'dual': False, 'fit_intercept': True, 'intercept_scaling': 1, 'l1_ratio': None, 'max_iter': 100, 'multi_class': 'deprecated', 'n_jobs': None, 'penalty': 'l2', 'random_state': 42, 'solver': 'saga', 'tol': 0.0001, 'verbose': 0, 'warm_start': False}",0.027777433395385742
Coffee,5,2,3,2,KNN,Scaling,4,{'sigma': 0.2},0.77,0.7580613738394202,"{'algorithm': 'auto', 'leaf_size': 30, 'metric': 'euclidean', 'metric_params': None, 'n_jobs': None, 'n_neighbors': np.int64(9), 'p': 2, 'weights': 'distance'}",0.0084228515625
Coffee,5,2,3,2,RandomForest,Scaling,4,{'sigma': 0.2},0.6066666666666667,0.5982502123984015,"{'bootstrap': True, 'ccp_alpha': 0.0, 'class_weight': 'balanced', 'criterion': 'gini', 'max_depth': 20, 'max_features': 'sqrt', 'max_leaf_nodes': None, 'max_samples': None, 'min_impurity_decrease': 0.0, 'min_samples_leaf': 1, 'min_samples_split': 2, 'min_weight_fraction_leaf': 0.0, 'monotonic_cst': None, 'n_estimators': 50, 'n_jobs': None, 'oob_score': False, 'random_state': 42, 'verbose': 0, 'warm_start': False}",0.10334277153015137
Coffee,5,2,3,2,LinearSVC,Scaling,4,{'sigma': 0.2},0.5816666666666667,0.6219684003361916,"{'C': np.float64(2.6366508987303554), 'class_weight': 'balanced', 'dual': False, 'fit_intercept': True, 'intercept_scaling': 1, 'loss': 'squared_hinge', 'max_iter': 100, 'multi_class': 'ovr', 'penalty': 'l1', 'random_state': 42, 'tol': 0.0001, 'verbose': 0}",0.010873556137084961
Coffee,5,2,3,2,LogisticRegression,Scaling,4,{'sigma': 0.2},0.6666666666666666,0.7055555555555555,"{'C': np.float64(183.29807108324337), 'class_weight': None, 'dual': False, 'fit_intercept': True, 'intercept_scaling': 1, 'l1_ratio': None, 'max_iter': 100, 'multi_class': 'deprecated', 'n_jobs': None, 'penalty': 'l2', 'random_state': 42, 'solver': 'saga', 'tol': 0.0001, 'verbose': 0, 'warm_start': False}",0.035715341567993164
Coffee,5,2,3,2,KNN,Scaling,5,{'sigma': 0.5},0.7766666666666666,0.764090933452938,"{'algorithm': 'auto', 'leaf_size': 30, 'metric': 'chebyshev', 'metric_params': None, 'n_jobs': None, 'n_neighbors': np.int64(5), 'p': 2, 'weights': 'uniform'}",0.02987051010131836
Coffee,5,2,3,2,RandomForest,Scaling,5,{'sigma': 0.5},0.665,0.6955377218503568,"{'bootstrap': True, 'ccp_alpha': 0.0, 'class_weight': 'balanced', 'criterion': 'gini', 'max_depth': 20, 'max_features': 'sqrt', 'max_leaf_nodes': None, 'max_samples': None, 'min_impurity_decrease': 0.0, 'min_samples_leaf': 1, 'min_samples_split': 2, 'min_weight_fraction_leaf': 0.0, 'monotonic_cst': None, 'n_estimators': 50, 'n_jobs': None, 'oob_score': False, 'random_state': 42, 'verbose': 0, 'warm_start': False}",0.11161470413208008
Coffee,5,2,3,2,LinearSVC,Scaling,5,{'sigma': 0.5},0.6,0.6272378516624041,"{'C': np.float64(2.6366508987303554), 'class_weight': 'balanced', 'dual': False, 'fit_intercept': True, 'intercept_scaling': 1, 'loss': 'squared_hinge', 'max_iter': 100, 'multi_class': 'ovr', 'penalty': 'l1', 'random_state': 42, 'tol': 0.0001, 'verbose': 0}",0.012033462524414062
Coffee,5,2,3,2,LogisticRegression,Scaling,5,{'sigma': 0.5},0.6666666666666666,0.7055555555555555,"{'C': np.float64(33.59818286283781), 'class_weight': 'balanced', 'dual': False, 'fit_intercept': True, 'intercept_scaling': 1, 'l1_ratio': None, 'max_iter': 100, 'multi_class': 'deprecated', 'n_jobs': None, 'penalty': 'l1', 'random_state': 42, 'solver': 'saga', 'tol': 0.0001, 'verbose': 0, 'warm_start': False}",0.04831671714782715
Coffee,5,2,3,2,KNN,Scaling,6,{'sigma': 0.1},0.76,0.7491163386474181,"{'algorithm': 'auto', 'leaf_size': 30, 'metric': 'euclidean', 'metric_params': None, 'n_jobs': None, 'n_neighbors': np.int64(9), 'p': 2, 'weights': 'distance'}",0.008409500122070312
Coffee,5,2,3,2,RandomForest,Scaling,6,{'sigma': 0.1},0.62,0.619651479337187,"{'bootstrap': True, 'ccp_alpha': 0.0, 'class_weight': 'balanced', 'criterion': 'gini', 'max_depth': 30, 'max_features': 'sqrt', 'max_leaf_nodes': None, 'max_samples': None, 'min_impurity_decrease': 0.0, 'min_samples_leaf': 1, 'min_samples_split': 2, 'min_weight_fraction_leaf': 0.0, 'monotonic_cst': None, 'n_estimators': 150, 'n_jobs': None, 'oob_score': False, 'random_state': 42, 'verbose': 0, 'warm_start': False}",0.3175623416900635
Coffee,5,2,3,2,LinearSVC,Scaling,6,{'sigma': 0.1},0.5783333333333334,0.6146503918002452,"{'C': np.float64(2.6366508987303554), 'class_weight': 'balanced', 'dual': False, 'fit_intercept': True, 'intercept_scaling': 1, 'loss': 'squared_hinge', 'max_iter': 100, 'multi_class': 'ovr', 'penalty': 'l1', 'random_state': 42, 'tol': 0.0001, 'verbose': 0}",0.03651309013366699
Coffee,5,2,3,2,LogisticRegression,Scaling,6,{'sigma': 0.1},0.6666666666666666,0.7055555555555555,"{'C': np.float64(183.29807108324337), 'class_weight': None, 'dual': False, 'fit_intercept': True, 'intercept_scaling': 1, 'l1_ratio': None, 'max_iter': 100, 'multi_class': 'deprecated', 'n_jobs': None, 'penalty': 'l2', 'random_state': 42, 'solver': 'saga', 'tol': 0.0001, 'verbose': 0, 'warm_start': False}",0.036035776138305664
Coffee,5,2,3,2,KNN,Scaling,7,{'sigma': 0.3},0.7666666666666667,0.7547762188807701,"{'algorithm': 'auto', 'leaf_size': 30, 'metric': 'euclidean', 'metric_params': None, 'n_jobs': None, 'n_neighbors': np.int64(9), 'p': 2, 'weights': 'distance'}",0.008504629135131836
Coffee,5,2,3,2,RandomForest,Scaling,7,{'sigma': 0.3},0.57,0.5788709474250424,"{'bootstrap': True, 'ccp_alpha': 0.0, 'class_weight': 'balanced', 'criterion': 'gini', 'max_depth': 30, 'max_features': 'sqrt', 'max_leaf_nodes': None, 'max_samples': None, 'min_impurity_decrease': 0.0, 'min_samples_leaf': 1, 'min_samples_split': 2, 'min_weight_fraction_leaf': 0.0, 'monotonic_cst': None, 'n_estimators': 150, 'n_jobs': None, 'oob_score': False, 'random_state': 42, 'verbose': 0, 'warm_start': False}",0.2721681594848633
Coffee,5,2,3,2,LinearSVC,Scaling,7,{'sigma': 0.3},0.51,0.5434175434175434,"{'C': np.float64(2.6366508987303554), 'class_weight': 'balanced', 'dual': False, 'fit_intercept': True, 'intercept_scaling': 1, 'loss': 'squared_hinge', 'max_iter': 100, 'multi_class': 'ovr', 'penalty': 'l1', 'random_state': 42, 'tol': 0.0001, 'verbose': 0}",0.008298873901367188
Coffee,5,2,3,2,LogisticRegression,Scaling,7,{'sigma': 0.3},0.6666666666666666,0.697683066425632,"{'C': np.float64(183.29807108324337), 'class_weight': None, 'dual': False, 'fit_intercept': True, 'intercept_scaling': 1, 'l1_ratio': None, 'max_iter': 100, 'multi_class': 'deprecated', 'n_jobs': None, 'penalty': 'l2', 'random_state': 42, 'solver': 'saga', 'tol': 0.0001, 'verbose': 0, 'warm_start': False}",0.03750920295715332
Coffee,5,2,3,2,KNN,Scaling,8,{'sigma': 0.1},0.7783333333333333,0.7655699532519241,"{'algorithm': 'auto', 'leaf_size': 30, 'metric': 'euclidean', 'metric_params': None, 'n_jobs': None, 'n_neighbors': np.int64(9), 'p': 2, 'weights': 'distance'}",0.008656501770019531
Coffee,5,2,3,2,RandomForest,Scaling,8,{'sigma': 0.1},0.6183333333333333,0.6291378963013722,"{'bootstrap': True, 'ccp_alpha': 0.0, 'class_weight': 'balanced', 'criterion': 'gini', 'max_depth': 30, 'max_features': 'sqrt', 'max_leaf_nodes': None, 'max_samples': None, 'min_impurity_decrease': 0.0, 'min_samples_leaf': 1, 'min_samples_split': 2, 'min_weight_fraction_leaf': 0.0, 'monotonic_cst': None, 'n_estimators': 150, 'n_jobs': None, 'oob_score': False, 'random_state': 42, 'verbose': 0, 'warm_start': False}",0.33317995071411133
Coffee,5,2,3,2,LinearSVC,Scaling,8,{'sigma': 0.1},0.5866666666666667,0.622498139111736,"{'C': np.float64(2.6366508987303554), 'class_weight': 'balanced', 'dual': False, 'fit_intercept': True, 'intercept_scaling': 1, 'loss': 'squared_hinge', 'max_iter': 100, 'multi_class': 'ovr', 'penalty': 'l1', 'random_state': 42, 'tol': 0.0001, 'verbose': 0}",0.011862993240356445
Coffee,5,2,3,2,LogisticRegression,Scaling,8,{'sigma': 0.1},0.6666666666666666,0.7055555555555555,"{'C': np.float64(183.29807108324337), 'class_weight': None, 'dual': False, 'fit_intercept': True, 'intercept_scaling': 1, 'l1_ratio': None, 'max_iter': 100, 'multi_class': 'deprecated', 'n_jobs': None, 'penalty': 'l2', 'random_state': 42, 'solver': 'saga', 'tol': 0.0001, 'verbose': 0, 'warm_start': False}",0.03594398498535156
Coffee,5,2,3,2,KNN,Scaling,9,{'sigma': 0.3},0.7766666666666666,0.7640675697138838,"{'algorithm': 'auto', 'leaf_size': 30, 'metric': 'euclidean', 'metric_params': None, 'n_jobs': None, 'n_neighbors': np.int64(9), 'p': 2, 'weights': 'distance'}",0.006659746170043945
Coffee,5,2,3,2,RandomForest,Scaling,9,{'sigma': 0.3},0.6483333333333333,0.6610690956576224,"{'bootstrap': True, 'ccp_alpha': 0.0, 'class_weight': 'balanced', 'criterion': 'gini', 'max_depth': 20, 'max_features': 'sqrt', 'max_leaf_nodes': None, 'max_samples': None, 'min_impurity_decrease': 0.0, 'min_samples_leaf': 1, 'min_samples_split': 2, 'min_weight_fraction_leaf': 0.0, 'monotonic_cst': None, 'n_estimators': 50, 'n_jobs': None, 'oob_score': False, 'random_state': 42, 'verbose': 0, 'warm_start': False}",0.09474897384643555
Coffee,5,2,3,2,LinearSVC,Scaling,9,{'sigma': 0.3},0.615,0.6502337161362091,"{'C': np.float64(2.6366508987303554), 'class_weight': 'balanced', 'dual': False, 'fit_intercept': True, 'intercept_scaling': 1, 'loss': 'squared_hinge', 'max_iter': 100, 'multi_class': 'ovr', 'penalty': 'l1', 'random_state': 42, 'tol': 0.0001, 'verbose': 0}",0.011729717254638672
Coffee,5,2,3,2,LogisticRegression,Scaling,9,{'sigma': 0.3},0.6666666666666666,0.7049660078339561,"{'C': np.float64(183.29807108324337), 'class_weight': None, 'dual': False, 'fit_intercept': True, 'intercept_scaling': 1, 'l1_ratio': None, 'max_iter': 100, 'multi_class': 'deprecated', 'n_jobs': None, 'penalty': 'l2', 'random_state': 42, 'solver': 'saga', 'tol': 0.0001, 'verbose': 0, 'warm_start': False}",0.03495335578918457
Coffee,5,2,3,2,KNN,Scaling,10,{'sigma': 0.5},0.7533333333333333,0.7416836991617051,"{'algorithm': 'auto', 'leaf_size': 30, 'metric': 'chebyshev', 'metric_params': None, 'n_jobs': None, 'n_neighbors': np.int64(5), 'p': 2, 'weights': 'uniform'}",0.03203630447387695
Coffee,5,2,3,2,RandomForest,Scaling,10,{'sigma': 0.5},0.535,0.46703844414959955,"{'bootstrap': True, 'ccp_alpha': 0.0, 'class_weight': 'balanced', 'criterion': 'gini', 'max_depth': 30, 'max_features': 'sqrt', 'max_leaf_nodes': None, 'max_samples': None, 'min_impurity_decrease': 0.0, 'min_samples_leaf': 1, 'min_samples_split': 2, 'min_weight_fraction_leaf': 0.0, 'monotonic_cst': None, 'n_estimators': 150, 'n_jobs': None, 'oob_score': False, 'random_state': 42, 'verbose': 0, 'warm_start': False}",0.3496541976928711
Coffee,5,2,3,2,LinearSVC,Scaling,10,{'sigma': 0.5},0.5183333333333333,0.5151100241724618,"{'C': np.float64(0.2069138081114788), 'class_weight': None, 'dual': False, 'fit_intercept': True, 'intercept_scaling': 1, 'loss': 'squared_hinge', 'max_iter': 100, 'multi_class': 'ovr', 'penalty': 'l2', 'random_state': 42, 'tol': 0.001, 'verbose': 0}",0.003894329071044922
Coffee,5,2,3,2,LogisticRegression,Scaling,10,{'sigma': 0.5},0.6866666666666666,0.6961423464012009,"{'C': np.float64(183.29807108324337), 'class_weight': None, 'dual': False, 'fit_intercept': True, 'intercept_scaling': 1, 'l1_ratio': None, 'max_iter': 100, 'multi_class': 'deprecated', 'n_jobs': None, 'penalty': 'l2', 'random_state': 42, 'solver': 'saga', 'tol': 0.0001, 'verbose': 0, 'warm_start': False}",0.029148101806640625
Coffee,5,2,3,3,KNN,Scaling,1,{'sigma': 0.1},0.7783333333333333,0.7655735938102693,"{'algorithm': 'auto', 'leaf_size': 30, 'metric': 'minkowski', 'metric_params': None, 'n_jobs': None, 'n_neighbors': np.int64(13), 'p': 4, 'weights': 'distance'}",0.030564069747924805
Coffee,5,2,3,3,RandomForest,Scaling,1,{'sigma': 0.1},0.635,0.6416381817236045,"{'bootstrap': True, 'ccp_alpha': 0.0, 'class_weight': 'balanced', 'criterion': 'gini', 'max_depth': 20, 'max_features': 'sqrt', 'max_leaf_nodes': None, 'max_samples': None, 'min_impurity_decrease': 0.0, 'min_samples_leaf': 2, 'min_samples_split': 10, 'min_weight_fraction_leaf': 0.0, 'monotonic_cst': None, 'n_estimators': 150, 'n_jobs': None, 'oob_score': False, 'random_state': 42, 'verbose': 0, 'warm_start': False}",0.37424373626708984
Coffee,5,2,3,3,LinearSVC,Scaling,1,{'sigma': 0.1},0.49833333333333335,0.508651964133466,"{'C': np.float64(183.29807108324337), 'class_weight': None, 'dual': False, 'fit_intercept': False, 'intercept_scaling': 1, 'loss': 'squared_hinge', 'max_iter': 100, 'multi_class': 'ovr', 'penalty': 'l2', 'random_state': 42, 'tol': 0.001, 'verbose': 0}",0.006201267242431641
Coffee,5,2,3,3,LogisticRegression,Scaling,1,{'sigma': 0.1},0.6666666666666666,0.7055555555555555,"{'C': np.float64(2.6366508987303554), 'class_weight': 'balanced', 'dual': False, 'fit_intercept': True, 'intercept_scaling': 1, 'l1_ratio': None, 'max_iter': 100, 'multi_class': 'deprecated', 'n_jobs': None, 'penalty': 'l1', 'random_state': 42, 'solver': 'saga', 'tol': 0.0001, 'verbose': 0, 'warm_start': False}",0.05998539924621582
Coffee,5,2,3,3,KNN,Scaling,2,{'sigma': 0.5},0.7716666666666666,0.7594388048460248,"{'algorithm': 'auto', 'leaf_size': 30, 'metric': 'euclidean', 'metric_params': None, 'n_jobs': None, 'n_neighbors': np.int64(9), 'p': 2, 'weights': 'distance'}",0.009734153747558594
Coffee,5,2,3,3,RandomForest,Scaling,2,{'sigma': 0.5},0.43833333333333335,0.4398801255419744,"{'bootstrap': True, 'ccp_alpha': 0.0, 'class_weight': 'balanced', 'criterion': 'gini', 'max_depth': 10, 'max_features': 'sqrt', 'max_leaf_nodes': None, 'max_samples': None, 'min_impurity_decrease': 0.0, 'min_samples_leaf': 1, 'min_samples_split': 5, 'min_weight_fraction_leaf': 0.0, 'monotonic_cst': None, 'n_estimators': 50, 'n_jobs': None, 'oob_score': False, 'random_state': 42, 'verbose': 0, 'warm_start': False}",0.11760950088500977
Coffee,5,2,3,3,LinearSVC,Scaling,2,{'sigma': 0.5},0.565,0.6061247445917359,"{'C': np.float64(2.6366508987303554), 'class_weight': 'balanced', 'dual': False, 'fit_intercept': True, 'intercept_scaling': 1, 'loss': 'squared_hinge', 'max_iter': 100, 'multi_class': 'ovr', 'penalty': 'l1', 'random_state': 42, 'tol': 0.0001, 'verbose': 0}",0.012765884399414062
Coffee,5,2,3,3,LogisticRegression,Scaling,2,{'sigma': 0.5},0.6666666666666666,0.7055555555555555,"{'C': np.float64(2.6366508987303554), 'class_weight': 'balanced', 'dual': False, 'fit_intercept': True, 'intercept_scaling': 1, 'l1_ratio': None, 'max_iter': 100, 'multi_class': 'deprecated', 'n_jobs': None, 'penalty': 'l1', 'random_state': 42, 'solver': 'saga', 'tol': 0.0001, 'verbose': 0, 'warm_start': False}",0.0666196346282959
Coffee,5,2,3,3,KNN,Scaling,3,{'sigma': 0.3},0.775,0.7626903732288484,"{'algorithm': 'auto', 'leaf_size': 30, 'metric': 'minkowski', 'metric_params': None, 'n_jobs': None, 'n_neighbors': np.int64(13), 'p': 4, 'weights': 'distance'}",0.03488945960998535
Coffee,5,2,3,3,RandomForest,Scaling,3,{'sigma': 0.3},0.6416666666666667,0.6521380535173639,"{'bootstrap': True, 'ccp_alpha': 0.0, 'class_weight': 'balanced', 'criterion': 'gini', 'max_depth': None, 'max_features': 'sqrt', 'max_leaf_nodes': None, 'max_samples': None, 'min_impurity_decrease': 0.0, 'min_samples_leaf': 2, 'min_samples_split': 20, 'min_weight_fraction_leaf': 0.0, 'monotonic_cst': None, 'n_estimators': 50, 'n_jobs': None, 'oob_score': False, 'random_state': 42, 'verbose': 0, 'warm_start': False}",0.13549542427062988
Coffee,5,2,3,3,LinearSVC,Scaling,3,{'sigma': 0.3},0.5933333333333334,0.633963942113348,"{'C': np.float64(33.59818286283781), 'class_weight': None, 'dual': False, 'fit_intercept': True, 'intercept_scaling': 1, 'loss': 'squared_hinge', 'max_iter': 100, 'multi_class': 'ovr', 'penalty': 'l1', 'random_state': 42, 'tol': 0.001, 'verbose': 0}",0.014090299606323242
Coffee,5,2,3,3,LogisticRegression,Scaling,3,{'sigma': 0.3},0.6666666666666666,0.7055555555555555,"{'C': np.float64(2.6366508987303554), 'class_weight': 'balanced', 'dual': False, 'fit_intercept': True, 'intercept_scaling': 1, 'l1_ratio': None, 'max_iter': 100, 'multi_class': 'deprecated', 'n_jobs': None, 'penalty': 'l1', 'random_state': 42, 'solver': 'saga', 'tol': 0.0001, 'verbose': 0, 'warm_start': False}",0.05751776695251465
Coffee,5,2,3,3,KNN,Scaling,4,{'sigma': 0.2},0.7716666666666666,0.7589080550887318,"{'algorithm': 'auto', 'leaf_size': 30, 'metric': 'minkowski', 'metric_params': None, 'n_jobs': None, 'n_neighbors': np.int64(13), 'p': 4, 'weights': 'distance'}",0.02974224090576172
Coffee,5,2,3,3,RandomForest,Scaling,4,{'sigma': 0.2},0.6283333333333333,0.627057133122991,"{'bootstrap': True, 'ccp_alpha': 0.0, 'class_weight': 'balanced', 'criterion': 'gini', 'max_depth': None, 'max_features': 'sqrt', 'max_leaf_nodes': None, 'max_samples': None, 'min_impurity_decrease': 0.0, 'min_samples_leaf': 1, 'min_samples_split': 2, 'min_weight_fraction_leaf': 0.0, 'monotonic_cst': None, 'n_estimators': 50, 'n_jobs': None, 'oob_score': False, 'random_state': 42, 'verbose': 0, 'warm_start': False}",0.12985944747924805
Coffee,5,2,3,3,LinearSVC,Scaling,4,{'sigma': 0.2},0.54,0.5774396159103583,"{'C': np.float64(2.6366508987303554), 'class_weight': 'balanced', 'dual': False, 'fit_intercept': True, 'intercept_scaling': 1, 'loss': 'squared_hinge', 'max_iter': 100, 'multi_class': 'ovr', 'penalty': 'l1', 'random_state': 42, 'tol': 0.0001, 'verbose': 0}",0.012161970138549805
Coffee,5,2,3,3,LogisticRegression,Scaling,4,{'sigma': 0.2},0.6666666666666666,0.7055555555555555,"{'C': np.float64(2.6366508987303554), 'class_weight': 'balanced', 'dual': False, 'fit_intercept': True, 'intercept_scaling': 1, 'l1_ratio': None, 'max_iter': 100, 'multi_class': 'deprecated', 'n_jobs': None, 'penalty': 'l1', 'random_state': 42, 'solver': 'saga', 'tol': 0.0001, 'verbose': 0, 'warm_start': False}",0.06371521949768066
Coffee,5,2,3,3,KNN,Scaling,5,{'sigma': 0.5},0.7783333333333333,0.7655735938102693,"{'algorithm': 'auto', 'leaf_size': 30, 'metric': 'chebyshev', 'metric_params': None, 'n_jobs': None, 'n_neighbors': np.int64(5), 'p': 2, 'weights': 'uniform'}",0.03034496307373047
Coffee,5,2,3,3,RandomForest,Scaling,5,{'sigma': 0.5},0.5233333333333333,0.47246918250890635,"{'bootstrap': True, 'ccp_alpha': 0.0, 'class_weight': 'balanced', 'criterion': 'gini', 'max_depth': None, 'max_features': 'sqrt', 'max_leaf_nodes': None, 'max_samples': None, 'min_impurity_decrease': 0.0, 'min_samples_leaf': 2, 'min_samples_split': 20, 'min_weight_fraction_leaf': 0.0, 'monotonic_cst': None, 'n_estimators': 50, 'n_jobs': None, 'oob_score': False, 'random_state': 42, 'verbose': 0, 'warm_start': False}",0.12219715118408203
Coffee,5,2,3,3,LinearSVC,Scaling,5,{'sigma': 0.5},0.465,0.4926019216046662,"{'C': np.float64(0.08858667904100823), 'class_weight': None, 'dual': False, 'fit_intercept': False, 'intercept_scaling': 1, 'loss': 'squared_hinge', 'max_iter': 100, 'multi_class': 'ovr', 'penalty': 'l1', 'random_state': 42, 'tol': 0.0001, 'verbose': 0}",0.012653350830078125
Coffee,5,2,3,3,LogisticRegression,Scaling,5,{'sigma': 0.5},0.6683333333333333,0.7052068302068303,"{'C': np.float64(2.6366508987303554), 'class_weight': 'balanced', 'dual': False, 'fit_intercept': True, 'intercept_scaling': 1, 'l1_ratio': None, 'max_iter': 100, 'multi_class': 'deprecated', 'n_jobs': None, 'penalty': 'l1', 'random_state': 42, 'solver': 'saga', 'tol': 0.0001, 'verbose': 0, 'warm_start': False}",0.058180809020996094
Coffee,5,2,3,3,KNN,Scaling,6,{'sigma': 0.1},0.7766666666666666,0.764090933452938,"{'algorithm': 'auto', 'leaf_size': 30, 'metric': 'minkowski', 'metric_params': None, 'n_jobs': None, 'n_neighbors': np.int64(13), 'p': 4, 'weights': 'distance'}",0.03233027458190918
Coffee,5,2,3,3,RandomForest,Scaling,6,{'sigma': 0.1},0.6266666666666667,0.6344035964799833,"{'bootstrap': True, 'ccp_alpha': 0.0, 'class_weight': 'balanced', 'criterion': 'gini', 'max_depth': 20, 'max_features': 'sqrt', 'max_leaf_nodes': None, 'max_samples': None, 'min_impurity_decrease': 0.0, 'min_samples_leaf': 2, 'min_samples_split': 10, 'min_weight_fraction_leaf': 0.0, 'monotonic_cst': None, 'n_estimators': 150, 'n_jobs': None, 'oob_score': False, 'random_state': 42, 'verbose': 0, 'warm_start': False}",0.3451986312866211
Coffee,5,2,3,3,LinearSVC,Scaling,6,{'sigma': 0.1},0.5933333333333334,0.6349645393641928,"{'C': np.float64(2.6366508987303554), 'class_weight': 'balanced', 'dual': False, 'fit_intercept': True, 'intercept_scaling': 1, 'loss': 'squared_hinge', 'max_iter': 100, 'multi_class': 'ovr', 'penalty': 'l1', 'random_state': 42, 'tol': 0.0001, 'verbose': 0}",0.01516103744506836
Coffee,5,2,3,3,LogisticRegression,Scaling,6,{'sigma': 0.1},0.6666666666666666,0.7055555555555555,"{'C': np.float64(2.6366508987303554), 'class_weight': 'balanced', 'dual': False, 'fit_intercept': True, 'intercept_scaling': 1, 'l1_ratio': None, 'max_iter': 100, 'multi_class': 'deprecated', 'n_jobs': None, 'penalty': 'l1', 'random_state': 42, 'solver': 'saga', 'tol': 0.0001, 'verbose': 0, 'warm_start': False}",0.061743736267089844
Coffee,5,2,3,3,KNN,Scaling,7,{'sigma': 0.3},0.775,0.7625803594348112,"{'algorithm': 'auto', 'leaf_size': 30, 'metric': 'minkowski', 'metric_params': None, 'n_jobs': None, 'n_neighbors': np.int64(13), 'p': 4, 'weights': 'distance'}",0.029806137084960938
Coffee,5,2,3,3,RandomForest,Scaling,7,{'sigma': 0.3},0.6716666666666666,0.694877592894916,"{'bootstrap': True, 'ccp_alpha': 0.0, 'class_weight': 'balanced', 'criterion': 'gini', 'max_depth': 10, 'max_features': 'sqrt', 'max_leaf_nodes': None, 'max_samples': None, 'min_impurity_decrease': 0.0, 'min_samples_leaf': 1, 'min_samples_split': 5, 'min_weight_fraction_leaf': 0.0, 'monotonic_cst': None, 'n_estimators': 50, 'n_jobs': None, 'oob_score': False, 'random_state': 42, 'verbose': 0, 'warm_start': False}",0.14331555366516113
Coffee,5,2,3,3,LinearSVC,Scaling,7,{'sigma': 0.3},0.5066666666666667,0.5345812231057392,"{'C': np.float64(183.29807108324337), 'class_weight': None, 'dual': False, 'fit_intercept': False, 'intercept_scaling': 1, 'loss': 'squared_hinge', 'max_iter': 100, 'multi_class': 'ovr', 'penalty': 'l2', 'random_state': 42, 'tol': 0.001, 'verbose': 0}",0.01282358169555664
Coffee,5,2,3,3,LogisticRegression,Scaling,7,{'sigma': 0.3},0.6666666666666666,0.7055555555555555,"{'C': np.float64(0.4832930238571752), 'class_weight': 'balanced', 'dual': False, 'fit_intercept': True, 'intercept_scaling': 1, 'l1_ratio': None, 'max_iter': 100, 'multi_class': 'deprecated', 'n_jobs': None, 'penalty': 'l1', 'random_state': 42, 'solver': 'saga', 'tol': 0.0001, 'verbose': 0, 'warm_start': False}",0.06202960014343262
Coffee,5,2,3,3,KNN,Scaling,8,{'sigma': 0.1},0.7783333333333333,0.7656015074710649,"{'algorithm': 'auto', 'leaf_size': 30, 'metric': 'minkowski', 'metric_params': None, 'n_jobs': None, 'n_neighbors': np.int64(13), 'p': 4, 'weights': 'distance'}",0.032988786697387695
Coffee,5,2,3,3,RandomForest,Scaling,8,{'sigma': 0.1},0.6366666666666667,0.6492681839289655,"{'bootstrap': True, 'ccp_alpha': 0.0, 'class_weight': 'balanced', 'criterion': 'gini', 'max_depth': None, 'max_features': 'sqrt', 'max_leaf_nodes': None, 'max_samples': None, 'min_impurity_decrease': 0.0, 'min_samples_leaf': 1, 'min_samples_split': 2, 'min_weight_fraction_leaf': 0.0, 'monotonic_cst': None, 'n_estimators': 50, 'n_jobs': None, 'oob_score': False, 'random_state': 42, 'verbose': 0, 'warm_start': False}",0.1076974868774414
Coffee,5,2,3,3,LinearSVC,Scaling,8,{'sigma': 0.1},0.5916666666666667,0.6250386769392616,"{'C': np.float64(33.59818286283781), 'class_weight': None, 'dual': False, 'fit_intercept': True, 'intercept_scaling': 1, 'loss': 'squared_hinge', 'max_iter': 100, 'multi_class': 'ovr', 'penalty': 'l1', 'random_state': 42, 'tol': 0.001, 'verbose': 0}",0.012760639190673828
Coffee,5,2,3,3,LogisticRegression,Scaling,8,{'sigma': 0.1},0.6666666666666666,0.7055555555555555,"{'C': np.float64(2.6366508987303554), 'class_weight': 'balanced', 'dual': False, 'fit_intercept': True, 'intercept_scaling': 1, 'l1_ratio': None, 'max_iter': 100, 'multi_class': 'deprecated', 'n_jobs': None, 'penalty': 'l1', 'random_state': 42, 'solver': 'saga', 'tol': 0.0001, 'verbose': 0, 'warm_start': False}",0.06818222999572754
Coffee,5,2,3,3,KNN,Scaling,9,{'sigma': 0.3},0.7816666666666666,0.7685762685762685,"{'algorithm': 'auto', 'leaf_size': 30, 'metric': 'chebyshev', 'metric_params': None, 'n_jobs': None, 'n_neighbors': np.int64(5), 'p': 2, 'weights': 'uniform'}",0.024774789810180664
Coffee,5,2,3,3,RandomForest,Scaling,9,{'sigma': 0.3},0.6083333333333333,0.6143151357050071,"{'bootstrap': True, 'ccp_alpha': 0.0, 'class_weight': 'balanced', 'criterion': 'gini', 'max_depth': None, 'max_features': 'sqrt', 'max_leaf_nodes': None, 'max_samples': None, 'min_impurity_decrease': 0.0, 'min_samples_leaf': 1, 'min_samples_split': 2, 'min_weight_fraction_leaf': 0.0, 'monotonic_cst': None, 'n_estimators': 50, 'n_jobs': None, 'oob_score': False, 'random_state': 42, 'verbose': 0, 'warm_start': False}",0.12014508247375488
Coffee,5,2,3,3,LinearSVC,Scaling,9,{'sigma': 0.3},0.5866666666666667,0.6323383437656958,"{'C': np.float64(33.59818286283781), 'class_weight': None, 'dual': False, 'fit_intercept': True, 'intercept_scaling': 1, 'loss': 'squared_hinge', 'max_iter': 100, 'multi_class': 'ovr', 'penalty': 'l1', 'random_state': 42, 'tol': 0.001, 'verbose': 0}",0.01096796989440918
Coffee,5,2,3,3,LogisticRegression,Scaling,9,{'sigma': 0.3},0.6666666666666666,0.7055555555555555,"{'C': np.float64(2.6366508987303554), 'class_weight': 'balanced', 'dual': False, 'fit_intercept': True, 'intercept_scaling': 1, 'l1_ratio': None, 'max_iter': 100, 'multi_class': 'deprecated', 'n_jobs': None, 'penalty': 'l1', 'random_state': 42, 'solver': 'saga', 'tol': 0.0001, 'verbose': 0, 'warm_start': False}",0.05331921577453613
Coffee,5,2,3,3,KNN,Scaling,10,{'sigma': 0.5},0.7766666666666666,0.7640758348129905,"{'algorithm': 'auto', 'leaf_size': 30, 'metric': 'chebyshev', 'metric_params': None, 'n_jobs': None, 'n_neighbors': np.int64(5), 'p': 2, 'weights': 'uniform'}",0.030217647552490234
Coffee,5,2,3,3,RandomForest,Scaling,10,{'sigma': 0.5},0.365,0.33670807315947154,"{'bootstrap': True, 'ccp_alpha': 0.0, 'class_weight': 'balanced', 'criterion': 'gini', 'max_depth': 20, 'max_features': 'sqrt', 'max_leaf_nodes': None, 'max_samples': None, 'min_impurity_decrease': 0.0, 'min_samples_leaf': 2, 'min_samples_split': 10, 'min_weight_fraction_leaf': 0.0, 'monotonic_cst': None, 'n_estimators': 150, 'n_jobs': None, 'oob_score': False, 'random_state': 42, 'verbose': 0, 'warm_start': False}",0.43836188316345215
Coffee,5,2,3,3,LinearSVC,Scaling,10,{'sigma': 0.5},0.6166666666666667,0.6491348595367509,"{'C': np.float64(183.29807108324337), 'class_weight': None, 'dual': False, 'fit_intercept': True, 'intercept_scaling': 1, 'loss': 'squared_hinge', 'max_iter': 100, 'multi_class': 'ovr', 'penalty': 'l1', 'random_state': 42, 'tol': 0.001, 'verbose': 0}",0.010761499404907227
Coffee,5,2,3,3,LogisticRegression,Scaling,10,{'sigma': 0.5},0.6666666666666666,0.7055555555555555,"{'C': np.float64(0.4832930238571752), 'class_weight': 'balanced', 'dual': False, 'fit_intercept': True, 'intercept_scaling': 1, 'l1_ratio': None, 'max_iter': 100, 'multi_class': 'deprecated', 'n_jobs': None, 'penalty': 'l1', 'random_state': 42, 'solver': 'saga', 'tol': 0.0001, 'verbose': 0, 'warm_start': False}",0.06171894073486328
Coffee,5,2,3,5,KNN,Scaling,1,{'sigma': 0.1},0.7316666666666667,0.7234020116936675,"{'algorithm': 'auto', 'leaf_size': 30, 'metric': 'manhattan', 'metric_params': None, 'n_jobs': None, 'n_neighbors': np.int64(5), 'p': 2, 'weights': 'distance'}",0.012735605239868164
Coffee,5,2,3,5,RandomForest,Scaling,1,{'sigma': 0.1},0.63,0.644923054860943,"{'bootstrap': True, 'ccp_alpha': 0.0, 'class_weight': 'balanced', 'criterion': 'gini', 'max_depth': None, 'max_features': 'sqrt', 'max_leaf_nodes': None, 'max_samples': None, 'min_impurity_decrease': 0.0, 'min_samples_leaf': 2, 'min_samples_split': 2, 'min_weight_fraction_leaf': 0.0, 'monotonic_cst': None, 'n_estimators': 150, 'n_jobs': None, 'oob_score': False, 'random_state': 42, 'verbose': 0, 'warm_start': False}",0.47208142280578613
Coffee,5,2,3,5,LinearSVC,Scaling,1,{'sigma': 0.1},0.5866666666666667,0.6254023264083794,"{'C': np.float64(2.6366508987303554), 'class_weight': 'balanced', 'dual': False, 'fit_intercept': True, 'intercept_scaling': 1, 'loss': 'squared_hinge', 'max_iter': 100, 'multi_class': 'ovr', 'penalty': 'l1', 'random_state': 42, 'tol': 0.0001, 'verbose': 0}",0.02359175682067871
Coffee,5,2,3,5,LogisticRegression,Scaling,1,{'sigma': 0.1},0.6666666666666666,0.7049660078339561,"{'C': np.float64(33.59818286283781), 'class_weight': 'balanced', 'dual': False, 'fit_intercept': True, 'intercept_scaling': 1, 'l1_ratio': None, 'max_iter': 100, 'multi_class': 'deprecated', 'n_jobs': None, 'penalty': 'l1', 'random_state': 42, 'solver': 'saga', 'tol': 0.0001, 'verbose': 0, 'warm_start': False}",0.16748976707458496
Coffee,5,2,3,5,KNN,Scaling,2,{'sigma': 0.5},0.7783333333333333,0.7654418123939791,"{'algorithm': 'auto', 'leaf_size': 30, 'metric': 'minkowski', 'metric_params': None, 'n_jobs': None, 'n_neighbors': np.int64(5), 'p': 3, 'weights': 'distance'}",0.04909658432006836
Coffee,5,2,3,5,RandomForest,Scaling,2,{'sigma': 0.5},0.47,0.43337382877410524,"{'bootstrap': True, 'ccp_alpha': 0.0, 'class_weight': 'balanced', 'criterion': 'gini', 'max_depth': None, 'max_features': 'sqrt', 'max_leaf_nodes': None, 'max_samples': None, 'min_impurity_decrease': 0.0, 'min_samples_leaf': 1, 'min_samples_split': 2, 'min_weight_fraction_leaf': 0.0, 'monotonic_cst': None, 'n_estimators': 50, 'n_jobs': None, 'oob_score': False, 'random_state': 42, 'verbose': 0, 'warm_start': False}",0.21958184242248535
Coffee,5,2,3,5,LinearSVC,Scaling,2,{'sigma': 0.5},0.5266666666666666,0.5626101074580958,"{'C': np.float64(0.4832930238571752), 'class_weight': 'balanced', 'dual': False, 'fit_intercept': True, 'intercept_scaling': 1, 'loss': 'squared_hinge', 'max_iter': 100, 'multi_class': 'ovr', 'penalty': 'l2', 'random_state': 42, 'tol': 0.0001, 'verbose': 0}",0.010159015655517578
Coffee,5,2,3,5,LogisticRegression,Scaling,2,{'sigma': 0.5},0.655,0.6935237153917658,"{'C': np.float64(33.59818286283781), 'class_weight': 'balanced', 'dual': False, 'fit_intercept': True, 'intercept_scaling': 1, 'l1_ratio': None, 'max_iter': 100, 'multi_class': 'deprecated', 'n_jobs': None, 'penalty': 'l2', 'random_state': 42, 'solver': 'saga', 'tol': 0.0001, 'verbose': 0, 'warm_start': False}",0.0786886215209961
Coffee,5,2,3,5,KNN,Scaling,3,{'sigma': 0.3},0.8033333333333333,0.7883616330060793,"{'algorithm': 'auto', 'leaf_size': 30, 'metric': 'minkowski', 'metric_params': None, 'n_jobs': None, 'n_neighbors': np.int64(5), 'p': 3, 'weights': 'distance'}",0.039244651794433594
Coffee,5,2,3,5,RandomForest,Scaling,3,{'sigma': 0.3},0.6433333333333333,0.6536925416149654,"{'bootstrap': True, 'ccp_alpha': 0.0, 'class_weight': 'balanced', 'criterion': 'gini', 'max_depth': None, 'max_features': 'sqrt', 'max_leaf_nodes': None, 'max_samples': None, 'min_impurity_decrease': 0.0, 'min_samples_leaf': 1, 'min_samples_split': 2, 'min_weight_fraction_leaf': 0.0, 'monotonic_cst': None, 'n_estimators': 50, 'n_jobs': None, 'oob_score': False, 'random_state': 42, 'verbose': 0, 'warm_start': False}",0.19301128387451172
Coffee,5,2,3,5,LinearSVC,Scaling,3,{'sigma': 0.3},0.6266666666666667,0.6618432923663399,"{'C': np.float64(33.59818286283781), 'class_weight': None, 'dual': False, 'fit_intercept': True, 'intercept_scaling': 1, 'loss': 'squared_hinge', 'max_iter': 100, 'multi_class': 'ovr', 'penalty': 'l1', 'random_state': 42, 'tol': 0.001, 'verbose': 0}",0.019307613372802734
Coffee,5,2,3,5,LogisticRegression,Scaling,3,{'sigma': 0.3},0.6666666666666666,0.7055555555555555,"{'C': np.float64(33.59818286283781), 'class_weight': 'balanced', 'dual': False, 'fit_intercept': True, 'intercept_scaling': 1, 'l1_ratio': None, 'max_iter': 100, 'multi_class': 'deprecated', 'n_jobs': None, 'penalty': 'l1', 'random_state': 42, 'solver': 'saga', 'tol': 0.0001, 'verbose': 0, 'warm_start': False}",0.12123703956604004
Coffee,5,2,3,5,KNN,Scaling,4,{'sigma': 0.2},0.7566666666666667,0.7463247863247863,"{'algorithm': 'auto', 'leaf_size': 30, 'metric': 'minkowski', 'metric_params': None, 'n_jobs': None, 'n_neighbors': np.int64(5), 'p': 3, 'weights': 'distance'}",0.03772282600402832
Coffee,5,2,3,5,RandomForest,Scaling,4,{'sigma': 0.2},0.58,0.5939114536129462,"{'bootstrap': True, 'ccp_alpha': 0.0, 'class_weight': 'balanced', 'criterion': 'gini', 'max_depth': None, 'max_features': 'sqrt', 'max_leaf_nodes': None, 'max_samples': None, 'min_impurity_decrease': 0.0, 'min_samples_leaf': 2, 'min_samples_split': 2, 'min_weight_fraction_leaf': 0.0, 'monotonic_cst': None, 'n_estimators': 150, 'n_jobs': None, 'oob_score': False, 'random_state': 42, 'verbose': 0, 'warm_start': False}",0.597893238067627
Coffee,5,2,3,5,LinearSVC,Scaling,4,{'sigma': 0.2},0.6,0.633275577225289,"{'C': np.float64(2.6366508987303554), 'class_weight': 'balanced', 'dual': False, 'fit_intercept': True, 'intercept_scaling': 1, 'loss': 'squared_hinge', 'max_iter': 100, 'multi_class': 'ovr', 'penalty': 'l1', 'random_state': 42, 'tol': 0.0001, 'verbose': 0}",0.021347999572753906
Coffee,5,2,3,5,LogisticRegression,Scaling,4,{'sigma': 0.2},0.6666666666666666,0.7055555555555555,"{'C': np.float64(33.59818286283781), 'class_weight': 'balanced', 'dual': False, 'fit_intercept': True, 'intercept_scaling': 1, 'l1_ratio': None, 'max_iter': 100, 'multi_class': 'deprecated', 'n_jobs': None, 'penalty': 'l1', 'random_state': 42, 'solver': 'saga', 'tol': 0.0001, 'verbose': 0, 'warm_start': False}",0.11214661598205566
Coffee,5,2,3,5,KNN,Scaling,5,{'sigma': 0.5},0.7433333333333333,0.7324452757761865,"{'algorithm': 'auto', 'leaf_size': 30, 'metric': 'manhattan', 'metric_params': None, 'n_jobs': None, 'n_neighbors': np.int64(5), 'p': 2, 'weights': 'distance'}",0.01487588882446289
Coffee,5,2,3,5,RandomForest,Scaling,5,{'sigma': 0.5},0.6116666666666667,0.6275538588948856,"{'bootstrap': True, 'ccp_alpha': 0.0, 'class_weight': 'balanced', 'criterion': 'gini', 'max_depth': None, 'max_features': 'sqrt', 'max_leaf_nodes': None, 'max_samples': None, 'min_impurity_decrease': 0.0, 'min_samples_leaf': 1, 'min_samples_split': 2, 'min_weight_fraction_leaf': 0.0, 'monotonic_cst': None, 'n_estimators': 50, 'n_jobs': None, 'oob_score': False, 'random_state': 42, 'verbose': 0, 'warm_start': False}",0.17753005027770996
Coffee,5,2,3,5,LinearSVC,Scaling,5,{'sigma': 0.5},0.6566666666666666,0.6970365790692469,"{'C': np.float64(2.6366508987303554), 'class_weight': 'balanced', 'dual': False, 'fit_intercept': True, 'intercept_scaling': 1, 'loss': 'squared_hinge', 'max_iter': 100, 'multi_class': 'ovr', 'penalty': 'l1', 'random_state': 42, 'tol': 0.0001, 'verbose': 0}",0.024987459182739258
Coffee,5,2,3,5,LogisticRegression,Scaling,5,{'sigma': 0.5},0.6666666666666666,0.7055555555555555,"{'C': np.float64(1000.0), 'class_weight': 'balanced', 'dual': False, 'fit_intercept': True, 'intercept_scaling': 1, 'l1_ratio': None, 'max_iter': 100, 'multi_class': 'deprecated', 'n_jobs': None, 'penalty': 'l2', 'random_state': 42, 'solver': 'sag', 'tol': 0.0001, 'verbose': 0, 'warm_start': False}",0.07968759536743164
Coffee,5,2,3,5,KNN,Scaling,6,{'sigma': 0.1},0.6916666666666667,0.6840071950064486,"{'algorithm': 'auto', 'leaf_size': 30, 'metric': 'manhattan', 'metric_params': None, 'n_jobs': None, 'n_neighbors': np.int64(5), 'p': 2, 'weights': 'distance'}",0.011672496795654297
Coffee,5,2,3,5,RandomForest,Scaling,6,{'sigma': 0.1},0.6216666666666667,0.6302986931094552,"{'bootstrap': True, 'ccp_alpha': 0.0, 'class_weight': 'balanced', 'criterion': 'gini', 'max_depth': None, 'max_features': 'sqrt', 'max_leaf_nodes': None, 'max_samples': None, 'min_impurity_decrease': 0.0, 'min_samples_leaf': 2, 'min_samples_split': 2, 'min_weight_fraction_leaf': 0.0, 'monotonic_cst': None, 'n_estimators': 150, 'n_jobs': None, 'oob_score': False, 'random_state': 42, 'verbose': 0, 'warm_start': False}",0.5139706134796143
Coffee,5,2,3,5,LinearSVC,Scaling,6,{'sigma': 0.1},0.5783333333333334,0.6202156438940994,"{'C': np.float64(2.6366508987303554), 'class_weight': 'balanced', 'dual': False, 'fit_intercept': True, 'intercept_scaling': 1, 'loss': 'squared_hinge', 'max_iter': 100, 'multi_class': 'ovr', 'penalty': 'l1', 'random_state': 42, 'tol': 0.0001, 'verbose': 0}",0.02017998695373535
Coffee,5,2,3,5,LogisticRegression,Scaling,6,{'sigma': 0.1},0.6666666666666666,0.7055555555555555,"{'C': np.float64(33.59818286283781), 'class_weight': 'balanced', 'dual': False, 'fit_intercept': True, 'intercept_scaling': 1, 'l1_ratio': None, 'max_iter': 100, 'multi_class': 'deprecated', 'n_jobs': None, 'penalty': 'l1', 'random_state': 42, 'solver': 'saga', 'tol': 0.0001, 'verbose': 0, 'warm_start': False}",0.09994053840637207
Coffee,5,2,3,5,KNN,Scaling,7,{'sigma': 0.3},0.78,0.7670828391240717,"{'algorithm': 'auto', 'leaf_size': 30, 'metric': 'minkowski', 'metric_params': None, 'n_jobs': None, 'n_neighbors': np.int64(5), 'p': 3, 'weights': 'distance'}",0.041303157806396484
Coffee,5,2,3,5,RandomForest,Scaling,7,{'sigma': 0.3},0.5466666666666666,0.5680267769318201,"{'bootstrap': True, 'ccp_alpha': 0.0, 'class_weight': 'balanced', 'criterion': 'gini', 'max_depth': None, 'max_features': 'sqrt', 'max_leaf_nodes': None, 'max_samples': None, 'min_impurity_decrease': 0.0, 'min_samples_leaf': 1, 'min_samples_split': 2, 'min_weight_fraction_leaf': 0.0, 'monotonic_cst': None, 'n_estimators': 50, 'n_jobs': None, 'oob_score': False, 'random_state': 42, 'verbose': 0, 'warm_start': False}",0.16471266746520996
Coffee,5,2,3,5,LinearSVC,Scaling,7,{'sigma': 0.3},0.5816666666666667,0.6240312501807904,"{'C': np.float64(2.6366508987303554), 'class_weight': 'balanced', 'dual': False, 'fit_intercept': True, 'intercept_scaling': 1, 'loss': 'squared_hinge', 'max_iter': 100, 'multi_class': 'ovr', 'penalty': 'l1', 'random_state': 42, 'tol': 0.0001, 'verbose': 0}",0.020659923553466797
Coffee,5,2,3,5,LogisticRegression,Scaling,7,{'sigma': 0.3},0.685,0.7140812346192449,"{'C': np.float64(183.29807108324337), 'class_weight': 'balanced', 'dual': False, 'fit_intercept': True, 'intercept_scaling': 1, 'l1_ratio': None, 'max_iter': 100, 'multi_class': 'deprecated', 'n_jobs': None, 'penalty': 'l1', 'random_state': 42, 'solver': 'saga', 'tol': 0.0001, 'verbose': 0, 'warm_start': False}",0.11532473564147949
Coffee,5,2,3,5,KNN,Scaling,8,{'sigma': 0.1},0.705,0.6976173874073239,"{'algorithm': 'auto', 'leaf_size': 30, 'metric': 'manhattan', 'metric_params': None, 'n_jobs': None, 'n_neighbors': np.int64(5), 'p': 2, 'weights': 'distance'}",0.014148235321044922
Coffee,5,2,3,5,RandomForest,Scaling,8,{'sigma': 0.1},0.5933333333333334,0.5909914439535623,"{'bootstrap': True, 'ccp_alpha': 0.0, 'class_weight': 'balanced', 'criterion': 'gini', 'max_depth': None, 'max_features': 'sqrt', 'max_leaf_nodes': None, 'max_samples': None, 'min_impurity_decrease': 0.0, 'min_samples_leaf': 2, 'min_samples_split': 2, 'min_weight_fraction_leaf': 0.0, 'monotonic_cst': None, 'n_estimators': 150, 'n_jobs': None, 'oob_score': False, 'random_state': 42, 'verbose': 0, 'warm_start': False}",0.6293854713439941
Coffee,5,2,3,5,LinearSVC,Scaling,8,{'sigma': 0.1},0.595,0.6300232877143752,"{'C': np.float64(33.59818286283781), 'class_weight': None, 'dual': False, 'fit_intercept': True, 'intercept_scaling': 1, 'loss': 'squared_hinge', 'max_iter': 100, 'multi_class': 'ovr', 'penalty': 'l1', 'random_state': 42, 'tol': 0.001, 'verbose': 0}",0.014719247817993164
Coffee,5,2,3,5,LogisticRegression,Scaling,8,{'sigma': 0.1},0.6666666666666666,0.7049660078339561,"{'C': np.float64(33.59818286283781), 'class_weight': 'balanced', 'dual': False, 'fit_intercept': True, 'intercept_scaling': 1, 'l1_ratio': None, 'max_iter': 100, 'multi_class': 'deprecated', 'n_jobs': None, 'penalty': 'l1', 'random_state': 42, 'solver': 'saga', 'tol': 0.0001, 'verbose': 0, 'warm_start': False}",0.09290480613708496
Coffee,5,2,3,5,KNN,Scaling,9,{'sigma': 0.3},0.7783333333333333,0.7655735938102693,"{'algorithm': 'auto', 'leaf_size': 30, 'metric': 'minkowski', 'metric_params': None, 'n_jobs': None, 'n_neighbors': np.int64(5), 'p': 3, 'weights': 'distance'}",0.04269003868103027
Coffee,5,2,3,5,RandomForest,Scaling,9,{'sigma': 0.3},0.5683333333333334,0.584482045741645,"{'bootstrap': True, 'ccp_alpha': 0.0, 'class_weight': 'balanced', 'criterion': 'gini', 'max_depth': None, 'max_features': 'sqrt', 'max_leaf_nodes': None, 'max_samples': None, 'min_impurity_decrease': 0.0, 'min_samples_leaf': 2, 'min_samples_split': 2, 'min_weight_fraction_leaf': 0.0, 'monotonic_cst': None, 'n_estimators': 150, 'n_jobs': None, 'oob_score': False, 'random_state': 42, 'verbose': 0, 'warm_start': False}",0.6171517372131348
Coffee,5,2,3,5,LinearSVC,Scaling,9,{'sigma': 0.3},0.6116666666666667,0.6535306492996171,"{'C': np.float64(183.29807108324337), 'class_weight': 'balanced', 'dual': False, 'fit_intercept': True, 'intercept_scaling': 1, 'loss': 'squared_hinge', 'max_iter': 100, 'multi_class': 'ovr', 'penalty': 'l1', 'random_state': 42, 'tol': 0.0001, 'verbose': 0}",0.02461552619934082
Coffee,5,2,3,5,LogisticRegression,Scaling,9,{'sigma': 0.3},0.6533333333333333,0.6900274522225741,"{'C': np.float64(0.2069138081114788), 'class_weight': None, 'dual': False, 'fit_intercept': True, 'intercept_scaling': 1, 'l1_ratio': None, 'max_iter': 100, 'multi_class': 'deprecated', 'n_jobs': None, 'penalty': 'l2', 'random_state': 42, 'solver': 'sag', 'tol': 0.0001, 'verbose': 0, 'warm_start': False}",0.016141653060913086
Coffee,5,2,3,5,KNN,Scaling,10,{'sigma': 0.5},0.7516666666666667,0.7410679039073829,"{'algorithm': 'auto', 'leaf_size': 30, 'metric': 'minkowski', 'metric_params': None, 'n_jobs': None, 'n_neighbors': np.int64(5), 'p': 3, 'weights': 'distance'}",0.04262828826904297
Coffee,5,2,3,5,RandomForest,Scaling,10,{'sigma': 0.5},0.43833333333333335,0.41134268270741925,"{'bootstrap': True, 'ccp_alpha': 0.0, 'class_weight': 'balanced', 'criterion': 'gini', 'max_depth': None, 'max_features': 'sqrt', 'max_leaf_nodes': None, 'max_samples': None, 'min_impurity_decrease': 0.0, 'min_samples_leaf': 1, 'min_samples_split': 2, 'min_weight_fraction_leaf': 0.0, 'monotonic_cst': None, 'n_estimators': 50, 'n_jobs': None, 'oob_score': False, 'random_state': 42, 'verbose': 0, 'warm_start': False}",0.22332501411437988
Coffee,5,2,3,5,LinearSVC,Scaling,10,{'sigma': 0.5},0.505,0.5348719201829397,"{'C': np.float64(1000.0), 'class_weight': 'balanced', 'dual': False, 'fit_intercept': True, 'intercept_scaling': 1, 'loss': 'squared_hinge', 'max_iter': 100, 'multi_class': 'ovr', 'penalty': 'l2', 'random_state': 42, 'tol': 0.001, 'verbose': 0}",0.008736848831176758
Coffee,5,2,3,5,LogisticRegression,Scaling,10,{'sigma': 0.5},0.6816666666666666,0.7071545480433735,"{'C': np.float64(33.59818286283781), 'class_weight': 'balanced', 'dual': False, 'fit_intercept': True, 'intercept_scaling': 1, 'l1_ratio': None, 'max_iter': 100, 'multi_class': 'deprecated', 'n_jobs': None, 'penalty': 'l1', 'random_state': 42, 'solver': 'saga', 'tol': 0.0001, 'verbose': 0, 'warm_start': False}",0.1177825927734375
Coffee,5,2,3,10,KNN,Scaling,1,{'sigma': 0.1},0.7766666666666666,0.7640675697138838,"{'algorithm': 'auto', 'leaf_size': 30, 'metric': 'minkowski', 'metric_params': None, 'n_jobs': None, 'n_neighbors': 5, 'p': 2, 'weights': 'uniform'}",0.04147601127624512
Coffee,5,2,3,10,RandomForest,Scaling,1,{'sigma': 0.1},0.6433333333333333,0.6532331925297744,"{'bootstrap': True, 'ccp_alpha': 0.0, 'class_weight': None, 'criterion': 'gini', 'max_depth': None, 'max_features': 'sqrt', 'max_leaf_nodes': None, 'max_samples': None, 'min_impurity_decrease': 0.0, 'min_samples_leaf': 1, 'min_samples_split': 2, 'min_weight_fraction_leaf': 0.0, 'monotonic_cst': None, 'n_estimators': 100, 'n_jobs': None, 'oob_score': False, 'random_state': 42, 'verbose': 0, 'warm_start': False}",0.9883682727813721
Coffee,5,2,3,10,LinearSVC,Scaling,1,{'sigma': 0.1},0.5966666666666667,0.6247877627429145,"{'C': 1.0, 'class_weight': None, 'dual': False, 'fit_intercept': True, 'intercept_scaling': 1, 'loss': 'squared_hinge', 'max_iter': 100, 'multi_class': 'ovr', 'penalty': 'l2', 'random_state': 42, 'tol': 0.0001, 'verbose': 0}",0.015449285507202148
Coffee,5,2,3,10,LogisticRegression,Scaling,1,{'sigma': 0.1},0.6666666666666666,0.7043806905265592,"{'C': 1.0, 'class_weight': None, 'dual': False, 'fit_intercept': True, 'intercept_scaling': 1, 'l1_ratio': None, 'max_iter': 100, 'multi_class': 'deprecated', 'n_jobs': None, 'penalty': 'l2', 'random_state': 42, 'solver': 'lbfgs', 'tol': 0.0001, 'verbose': 0, 'warm_start': False}",0.11589694023132324
Coffee,5,2,3,10,KNN,Scaling,2,{'sigma': 0.5},0.8033333333333333,0.7883157360500923,"{'algorithm': 'auto', 'leaf_size': 30, 'metric': 'minkowski', 'metric_params': None, 'n_jobs': None, 'n_neighbors': 5, 'p': 2, 'weights': 'uniform'}",0.08852624893188477
Coffee,5,2,3,10,RandomForest,Scaling,2,{'sigma': 0.5},0.42833333333333334,0.38869892795068506,"{'bootstrap': True, 'ccp_alpha': 0.0, 'class_weight': None, 'criterion': 'gini', 'max_depth': None, 'max_features': 'sqrt', 'max_leaf_nodes': None, 'max_samples': None, 'min_impurity_decrease': 0.0, 'min_samples_leaf': 1, 'min_samples_split': 2, 'min_weight_fraction_leaf': 0.0, 'monotonic_cst': None, 'n_estimators': 100, 'n_jobs': None, 'oob_score': False, 'random_state': 42, 'verbose': 0, 'warm_start': False}",0.8693463802337646
Coffee,5,2,3,10,LinearSVC,Scaling,2,{'sigma': 0.5},0.505,0.5424238801211542,"{'C': 1.0, 'class_weight': None, 'dual': False, 'fit_intercept': True, 'intercept_scaling': 1, 'loss': 'squared_hinge', 'max_iter': 100, 'multi_class': 'ovr', 'penalty': 'l2', 'random_state': 42, 'tol': 0.0001, 'verbose': 0}",0.016974449157714844
Coffee,5,2,3,10,LogisticRegression,Scaling,2,{'sigma': 0.5},0.6483333333333333,0.6819308053164361,"{'C': 1.0, 'class_weight': None, 'dual': False, 'fit_intercept': True, 'intercept_scaling': 1, 'l1_ratio': None, 'max_iter': 100, 'multi_class': 'deprecated', 'n_jobs': None, 'penalty': 'l2', 'random_state': 42, 'solver': 'lbfgs', 'tol': 0.0001, 'verbose': 0, 'warm_start': False}",0.10224103927612305
Coffee,5,2,3,10,KNN,Scaling,3,{'sigma': 0.3},0.7666666666666667,0.7549100088447938,"{'algorithm': 'auto', 'leaf_size': 30, 'metric': 'minkowski', 'metric_params': None, 'n_jobs': None, 'n_neighbors': 5, 'p': 2, 'weights': 'uniform'}",0.04092836380004883
Coffee,5,2,3,10,RandomForest,Scaling,3,{'sigma': 0.3},0.6366666666666667,0.6599820874630035,"{'bootstrap': True, 'ccp_alpha': 0.0, 'class_weight': None, 'criterion': 'gini', 'max_depth': None, 'max_features': 'sqrt', 'max_leaf_nodes': None, 'max_samples': None, 'min_impurity_decrease': 0.0, 'min_samples_leaf': 1, 'min_samples_split': 2, 'min_weight_fraction_leaf': 0.0, 'monotonic_cst': None, 'n_estimators': 100, 'n_jobs': None, 'oob_score': False, 'random_state': 42, 'verbose': 0, 'warm_start': False}",0.7051534652709961
Coffee,5,2,3,10,LinearSVC,Scaling,3,{'sigma': 0.3},0.6216666666666667,0.6572501800967376,"{'C': 1.0, 'class_weight': None, 'dual': False, 'fit_intercept': True, 'intercept_scaling': 1, 'loss': 'squared_hinge', 'max_iter': 100, 'multi_class': 'ovr', 'penalty': 'l2', 'random_state': 42, 'tol': 0.0001, 'verbose': 0}",0.0156402587890625
Coffee,5,2,3,10,LogisticRegression,Scaling,3,{'sigma': 0.3},0.6666666666666666,0.7026500118366266,"{'C': 1.0, 'class_weight': None, 'dual': False, 'fit_intercept': True, 'intercept_scaling': 1, 'l1_ratio': None, 'max_iter': 100, 'multi_class': 'deprecated', 'n_jobs': None, 'penalty': 'l2', 'random_state': 42, 'solver': 'lbfgs', 'tol': 0.0001, 'verbose': 0, 'warm_start': False}",0.05283761024475098
Coffee,5,2,3,10,KNN,Scaling,4,{'sigma': 0.2},0.785,0.7715890058962533,"{'algorithm': 'auto', 'leaf_size': 30, 'metric': 'minkowski', 'metric_params': None, 'n_jobs': None, 'n_neighbors': 5, 'p': 2, 'weights': 'uniform'}",0.034719228744506836
Coffee,5,2,3,10,RandomForest,Scaling,4,{'sigma': 0.2},0.6166666666666667,0.6126573971535212,"{'bootstrap': True, 'ccp_alpha': 0.0, 'class_weight': None, 'criterion': 'gini', 'max_depth': None, 'max_features': 'sqrt', 'max_leaf_nodes': None, 'max_samples': None, 'min_impurity_decrease': 0.0, 'min_samples_leaf': 1, 'min_samples_split': 2, 'min_weight_fraction_leaf': 0.0, 'monotonic_cst': None, 'n_estimators': 100, 'n_jobs': None, 'oob_score': False, 'random_state': 42, 'verbose': 0, 'warm_start': False}",0.6911807060241699
Coffee,5,2,3,10,LinearSVC,Scaling,4,{'sigma': 0.2},0.5833333333333334,0.6257331441190384,"{'C': 1.0, 'class_weight': None, 'dual': False, 'fit_intercept': True, 'intercept_scaling': 1, 'loss': 'squared_hinge', 'max_iter': 100, 'multi_class': 'ovr', 'penalty': 'l2', 'random_state': 42, 'tol': 0.0001, 'verbose': 0}",0.01564931869506836
Coffee,5,2,3,10,LogisticRegression,Scaling,4,{'sigma': 0.2},0.6666666666666666,0.7055555555555555,"{'C': 1.0, 'class_weight': None, 'dual': False, 'fit_intercept': True, 'intercept_scaling': 1, 'l1_ratio': None, 'max_iter': 100, 'multi_class': 'deprecated', 'n_jobs': None, 'penalty': 'l2', 'random_state': 42, 'solver': 'lbfgs', 'tol': 0.0001, 'verbose': 0, 'warm_start': False}",0.08582711219787598
Coffee,5,2,3,10,KNN,Scaling,5,{'sigma': 0.5},0.7916666666666666,0.7776832281286661,"{'algorithm': 'auto', 'leaf_size': 30, 'metric': 'minkowski', 'metric_params': None, 'n_jobs': None, 'n_neighbors': 5, 'p': 2, 'weights': 'uniform'}",0.08609318733215332
Coffee,5,2,3,10,RandomForest,Scaling,5,{'sigma': 0.5},0.6283333333333333,0.6425022808786647,"{'bootstrap': True, 'ccp_alpha': 0.0, 'class_weight': None, 'criterion': 'gini', 'max_depth': None, 'max_features': 'sqrt', 'max_leaf_nodes': None, 'max_samples': None, 'min_impurity_decrease': 0.0, 'min_samples_leaf': 1, 'min_samples_split': 2, 'min_weight_fraction_leaf': 0.0, 'monotonic_cst': None, 'n_estimators': 100, 'n_jobs': None, 'oob_score': False, 'random_state': 42, 'verbose': 0, 'warm_start': False}",1.0934159755706787
Coffee,5,2,3,10,LinearSVC,Scaling,5,{'sigma': 0.5},0.5183333333333333,0.5594336250724375,"{'C': 1.0, 'class_weight': None, 'dual': False, 'fit_intercept': True, 'intercept_scaling': 1, 'loss': 'squared_hinge', 'max_iter': 100, 'multi_class': 'ovr', 'penalty': 'l2', 'random_state': 42, 'tol': 0.0001, 'verbose': 0}",0.023235797882080078
Coffee,5,2,3,10,LogisticRegression,Scaling,5,{'sigma': 0.5},0.6666666666666666,0.703799592592778,"{'C': 1.0, 'class_weight': None, 'dual': False, 'fit_intercept': True, 'intercept_scaling': 1, 'l1_ratio': None, 'max_iter': 100, 'multi_class': 'deprecated', 'n_jobs': None, 'penalty': 'l2', 'random_state': 42, 'solver': 'lbfgs', 'tol': 0.0001, 'verbose': 0, 'warm_start': False}",0.2095792293548584
Coffee,5,2,3,10,KNN,Scaling,6,{'sigma': 0.1},0.7766666666666666,0.7640661938534279,"{'algorithm': 'auto', 'leaf_size': 30, 'metric': 'minkowski', 'metric_params': None, 'n_jobs': None, 'n_neighbors': 5, 'p': 2, 'weights': 'uniform'}",0.04159736633300781
Coffee,5,2,3,10,RandomForest,Scaling,6,{'sigma': 0.1},0.6433333333333333,0.6536925416149654,"{'bootstrap': True, 'ccp_alpha': 0.0, 'class_weight': None, 'criterion': 'gini', 'max_depth': None, 'max_features': 'sqrt', 'max_leaf_nodes': None, 'max_samples': None, 'min_impurity_decrease': 0.0, 'min_samples_leaf': 1, 'min_samples_split': 2, 'min_weight_fraction_leaf': 0.0, 'monotonic_cst': None, 'n_estimators': 100, 'n_jobs': None, 'oob_score': False, 'random_state': 42, 'verbose': 0, 'warm_start': False}",0.7195227146148682
Coffee,5,2,3,10,LinearSVC,Scaling,6,{'sigma': 0.1},0.5783333333333334,0.6071403591060202,"{'C': 1.0, 'class_weight': None, 'dual': False, 'fit_intercept': True, 'intercept_scaling': 1, 'loss': 'squared_hinge', 'max_iter': 100, 'multi_class': 'ovr', 'penalty': 'l2', 'random_state': 42, 'tol': 0.0001, 'verbose': 0}",0.016048192977905273
Coffee,5,2,3,10,LogisticRegression,Scaling,6,{'sigma': 0.1},0.6666666666666666,0.7032227032227032,"{'C': 1.0, 'class_weight': None, 'dual': False, 'fit_intercept': True, 'intercept_scaling': 1, 'l1_ratio': None, 'max_iter': 100, 'multi_class': 'deprecated', 'n_jobs': None, 'penalty': 'l2', 'random_state': 42, 'solver': 'lbfgs', 'tol': 0.0001, 'verbose': 0, 'warm_start': False}",0.1172032356262207
Coffee,5,2,3,10,KNN,Scaling,7,{'sigma': 0.3},0.78,0.7670828391240717,"{'algorithm': 'auto', 'leaf_size': 30, 'metric': 'minkowski', 'metric_params': None, 'n_jobs': None, 'n_neighbors': 5, 'p': 2, 'weights': 'uniform'}",0.0836784839630127
Coffee,5,2,3,10,RandomForest,Scaling,7,{'sigma': 0.3},0.5233333333333333,0.5329136478019287,"{'bootstrap': True, 'ccp_alpha': 0.0, 'class_weight': None, 'criterion': 'gini', 'max_depth': None, 'max_features': 'sqrt', 'max_leaf_nodes': None, 'max_samples': None, 'min_impurity_decrease': 0.0, 'min_samples_leaf': 1, 'min_samples_split': 2, 'min_weight_fraction_leaf': 0.0, 'monotonic_cst': None, 'n_estimators': 100, 'n_jobs': None, 'oob_score': False, 'random_state': 42, 'verbose': 0, 'warm_start': False}",0.8013579845428467
Coffee,5,2,3,10,LinearSVC,Scaling,7,{'sigma': 0.3},0.595,0.6371527231716325,"{'C': 1.0, 'class_weight': None, 'dual': False, 'fit_intercept': True, 'intercept_scaling': 1, 'loss': 'squared_hinge', 'max_iter': 100, 'multi_class': 'ovr', 'penalty': 'l2', 'random_state': 42, 'tol': 0.0001, 'verbose': 0}",0.014917850494384766
Coffee,5,2,3,10,LogisticRegression,Scaling,7,{'sigma': 0.3},0.6666666666666666,0.7049660078339561,"{'C': 1.0, 'class_weight': None, 'dual': False, 'fit_intercept': True, 'intercept_scaling': 1, 'l1_ratio': None, 'max_iter': 100, 'multi_class': 'deprecated', 'n_jobs': None, 'penalty': 'l2', 'random_state': 42, 'solver': 'lbfgs', 'tol': 0.0001, 'verbose': 0, 'warm_start': False}",0.07686781883239746
Coffee,5,2,3,10,KNN,Scaling,8,{'sigma': 0.1},0.775,0.7625675391870478,"{'algorithm': 'auto', 'leaf_size': 30, 'metric': 'minkowski', 'metric_params': None, 'n_jobs': None, 'n_neighbors': 5, 'p': 2, 'weights': 'uniform'}",0.040328264236450195
Coffee,5,2,3,10,RandomForest,Scaling,8,{'sigma': 0.1},0.6433333333333333,0.6541556895245355,"{'bootstrap': True, 'ccp_alpha': 0.0, 'class_weight': None, 'criterion': 'gini', 'max_depth': None, 'max_features': 'sqrt', 'max_leaf_nodes': None, 'max_samples': None, 'min_impurity_decrease': 0.0, 'min_samples_leaf': 1, 'min_samples_split': 2, 'min_weight_fraction_leaf': 0.0, 'monotonic_cst': None, 'n_estimators': 100, 'n_jobs': None, 'oob_score': False, 'random_state': 42, 'verbose': 0, 'warm_start': False}",0.625044584274292
Coffee,5,2,3,10,LinearSVC,Scaling,8,{'sigma': 0.1},0.575,0.6031345791833358,"{'C': 1.0, 'class_weight': None, 'dual': False, 'fit_intercept': True, 'intercept_scaling': 1, 'loss': 'squared_hinge', 'max_iter': 100, 'multi_class': 'ovr', 'penalty': 'l2', 'random_state': 42, 'tol': 0.0001, 'verbose': 0}",0.014723539352416992
Coffee,5,2,3,10,LogisticRegression,Scaling,8,{'sigma': 0.1},0.6666666666666666,0.7049660078339561,"{'C': 1.0, 'class_weight': None, 'dual': False, 'fit_intercept': True, 'intercept_scaling': 1, 'l1_ratio': None, 'max_iter': 100, 'multi_class': 'deprecated', 'n_jobs': None, 'penalty': 'l2', 'random_state': 42, 'solver': 'lbfgs', 'tol': 0.0001, 'verbose': 0, 'warm_start': False}",0.0276181697845459
Coffee,5,2,3,10,KNN,Scaling,9,{'sigma': 0.3},0.7616666666666667,0.7506025367630725,"{'algorithm': 'auto', 'leaf_size': 30, 'metric': 'minkowski', 'metric_params': None, 'n_jobs': None, 'n_neighbors': 5, 'p': 2, 'weights': 'uniform'}",0.03963184356689453
Coffee,5,2,3,10,RandomForest,Scaling,9,{'sigma': 0.3},0.5983333333333334,0.5844061096002867,"{'bootstrap': True, 'ccp_alpha': 0.0, 'class_weight': None, 'criterion': 'gini', 'max_depth': None, 'max_features': 'sqrt', 'max_leaf_nodes': None, 'max_samples': None, 'min_impurity_decrease': 0.0, 'min_samples_leaf': 1, 'min_samples_split': 2, 'min_weight_fraction_leaf': 0.0, 'monotonic_cst': None, 'n_estimators': 100, 'n_jobs': None, 'oob_score': False, 'random_state': 42, 'verbose': 0, 'warm_start': False}",0.740394115447998
Coffee,5,2,3,10,LinearSVC,Scaling,9,{'sigma': 0.3},0.6066666666666667,0.6418647666327545,"{'C': 1.0, 'class_weight': None, 'dual': False, 'fit_intercept': True, 'intercept_scaling': 1, 'loss': 'squared_hinge', 'max_iter': 100, 'multi_class': 'ovr', 'penalty': 'l2', 'random_state': 42, 'tol': 0.0001, 'verbose': 0}",0.01670217514038086
Coffee,5,2,3,10,LogisticRegression,Scaling,9,{'sigma': 0.3},0.6666666666666666,0.69878402782046,"{'C': 1.0, 'class_weight': None, 'dual': False, 'fit_intercept': True, 'intercept_scaling': 1, 'l1_ratio': None, 'max_iter': 100, 'multi_class': 'deprecated', 'n_jobs': None, 'penalty': 'l2', 'random_state': 42, 'solver': 'lbfgs', 'tol': 0.0001, 'verbose': 0, 'warm_start': False}",0.04416489601135254
Coffee,5,2,3,10,KNN,Scaling,10,{'sigma': 0.5},0.6933333333333334,0.6865267718403675,"{'algorithm': 'auto', 'leaf_size': 30, 'metric': 'minkowski', 'metric_params': None, 'n_jobs': None, 'n_neighbors': 5, 'p': 2, 'weights': 'uniform'}",0.04689478874206543
Coffee,5,2,3,10,RandomForest,Scaling,10,{'sigma': 0.5},0.475,0.49476731801926027,"{'bootstrap': True, 'ccp_alpha': 0.0, 'class_weight': None, 'criterion': 'gini', 'max_depth': None, 'max_features': 'sqrt', 'max_leaf_nodes': None, 'max_samples': None, 'min_impurity_decrease': 0.0, 'min_samples_leaf': 1, 'min_samples_split': 2, 'min_weight_fraction_leaf': 0.0, 'monotonic_cst': None, 'n_estimators': 100, 'n_jobs': None, 'oob_score': False, 'random_state': 42, 'verbose': 0, 'warm_start': False}",1.228320598602295
Coffee,5,2,3,10,LinearSVC,Scaling,10,{'sigma': 0.5},0.5566666666666666,0.5928041281434465,"{'C': 1.0, 'class_weight': None, 'dual': False, 'fit_intercept': True, 'intercept_scaling': 1, 'loss': 'squared_hinge', 'max_iter': 100, 'multi_class': 'ovr', 'penalty': 'l2', 'random_state': 42, 'tol': 0.0001, 'verbose': 0}",0.015755176544189453
Coffee,5,2,3,10,LogisticRegression,Scaling,10,{'sigma': 0.5},0.645,0.6798399867537025,"{'C': 1.0, 'class_weight': None, 'dual': False, 'fit_intercept': True, 'intercept_scaling': 1, 'l1_ratio': None, 'max_iter': 100, 'multi_class': 'deprecated', 'n_jobs': None, 'penalty': 'l2', 'random_state': 42, 'solver': 'lbfgs', 'tol': 0.0001, 'verbose': 0, 'warm_start': False}",0.09560346603393555
Coffee,5,2,4,1,KNN,Baseline,N/A,N/A,0.5533333333333333,0.5554279787289496,"{'algorithm': 'auto', 'leaf_size': 30, 'metric': 'minkowski', 'metric_params': None, 'n_jobs': None, 'n_neighbors': 5, 'p': 2, 'weights': 'uniform'}",0.030277252197265625
Coffee,5,2,4,1,KNN,Tuned_Baseline,N/A,N/A,0.5566666666666666,0.5594812395099169,"{'algorithm': 'auto', 'leaf_size': 30, 'metric': 'euclidean', 'metric_params': None, 'n_jobs': None, 'n_neighbors': np.int64(15), 'p': 2, 'weights': 'distance'}",0.006501197814941406
Coffee,5,2,4,1,RandomForest,Baseline,N/A,N/A,0.61,0.5922819783147786,"{'bootstrap': True, 'ccp_alpha': 0.0, 'class_weight': None, 'criterion': 'gini', 'max_depth': None, 'max_features': 'sqrt', 'max_leaf_nodes': None, 'max_samples': None, 'min_impurity_decrease': 0.0, 'min_samples_leaf': 1, 'min_samples_split': 2, 'min_weight_fraction_leaf': 0.0, 'monotonic_cst': None, 'n_estimators': 100, 'n_jobs': None, 'oob_score': False, 'random_state': 42, 'verbose': 0, 'warm_start': False}",0.19796180725097656
Coffee,5,2,4,1,RandomForest,Tuned_Baseline,N/A,N/A,0.61,0.5939818307123286,"{'bootstrap': True, 'ccp_alpha': 0.0, 'class_weight': None, 'criterion': 'gini', 'max_depth': None, 'max_features': 'sqrt', 'max_leaf_nodes': None, 'max_samples': None, 'min_impurity_decrease': 0.0, 'min_samples_leaf': 4, 'min_samples_split': 10, 'min_weight_fraction_leaf': 0.0, 'monotonic_cst': None, 'n_estimators': 50, 'n_jobs': None, 'oob_score': False, 'random_state': 42, 'verbose': 0, 'warm_start': False}",0.002923250198364258
Coffee,5,2,4,1,LinearSVC,Baseline,N/A,N/A,0.4766666666666667,0.49353640136712823,"{'C': 1.0, 'class_weight': None, 'dual': False, 'fit_intercept': True, 'intercept_scaling': 1, 'loss': 'squared_hinge', 'max_iter': 100, 'multi_class': 'ovr', 'penalty': 'l2', 'random_state': 42, 'tol': 0.0001, 'verbose': 0}",0.002604246139526367
Coffee,5,2,4,1,LinearSVC,Tuned_Baseline,N/A,N/A,0.35333333333333333,0.2803083900226757,"{'C': np.float64(0.0001), 'class_weight': 'balanced', 'dual': False, 'fit_intercept': True, 'intercept_scaling': 1, 'loss': 'squared_hinge', 'max_iter': 100, 'multi_class': 'ovr', 'penalty': 'l2', 'random_state': 42, 'tol': 0.001, 'verbose': 0}",0.0001678466796875
Coffee,5,2,4,1,LogisticRegression,Baseline,N/A,N/A,0.5516666666666666,0.5715979781049274,"{'C': 1.0, 'class_weight': None, 'dual': False, 'fit_intercept': True, 'intercept_scaling': 1, 'l1_ratio': None, 'max_iter': 100, 'multi_class': 'deprecated', 'n_jobs': None, 'penalty': 'l2', 'random_state': 42, 'solver': 'lbfgs', 'tol': 0.0001, 'verbose': 0, 'warm_start': False}",0.0711524486541748
Coffee,5,2,4,1,LogisticRegression,Tuned_Baseline,N/A,N/A,0.5233333333333333,0.5683990637891897,"{'C': np.float64(0.08858667904100823), 'class_weight': None, 'dual': False, 'fit_intercept': True, 'intercept_scaling': 1, 'l1_ratio': None, 'max_iter': 100, 'multi_class': 'deprecated', 'n_jobs': None, 'penalty': 'l1', 'random_state': 42, 'solver': 'saga', 'tol': 0.0001, 'verbose': 0, 'warm_start': False}",0.0003294944763183594
Coffee,5,2,4,1,RNN,Tuned_Baseline,N/A,N/A,0.16666666666666666,0.047619047619047616,"{'hidden_size': 64, 'epochs': 10, 'batch_size': 32, 'lr': 0.001}",2.3603439331054688e-05
Coffee,5,2,4,2,KNN,Scaling,1,{'sigma': 0.1},0.5616666666666666,0.5649491625328146,"{'algorithm': 'auto', 'leaf_size': 30, 'metric': 'euclidean', 'metric_params': None, 'n_jobs': None, 'n_neighbors': np.int64(9), 'p': 2, 'weights': 'distance'}",0.010286092758178711
Coffee,5,2,4,2,RandomForest,Scaling,1,{'sigma': 0.1},0.6466666666666666,0.6229983375263708,"{'bootstrap': True, 'ccp_alpha': 0.0, 'class_weight': 'balanced', 'criterion': 'gini', 'max_depth': 30, 'max_features': 'sqrt', 'max_leaf_nodes': None, 'max_samples': None, 'min_impurity_decrease': 0.0, 'min_samples_leaf': 1, 'min_samples_split': 2, 'min_weight_fraction_leaf': 0.0, 'monotonic_cst': None, 'n_estimators': 150, 'n_jobs': None, 'oob_score': False, 'random_state': 42, 'verbose': 0, 'warm_start': False}",0.3747551441192627
Coffee,5,2,4,2,LinearSVC,Scaling,1,{'sigma': 0.1},0.625,0.5914590810842968,"{'C': np.float64(1000.0), 'class_weight': 'balanced', 'dual': False, 'fit_intercept': True, 'intercept_scaling': 1, 'loss': 'squared_hinge', 'max_iter': 100, 'multi_class': 'ovr', 'penalty': 'l2', 'random_state': 42, 'tol': 0.001, 'verbose': 0}",0.005217552185058594
Coffee,5,2,4,2,LogisticRegression,Scaling,1,{'sigma': 0.1},0.6066666666666667,0.6121793924866845,"{'C': np.float64(1000.0), 'class_weight': 'balanced', 'dual': False, 'fit_intercept': True, 'intercept_scaling': 1, 'l1_ratio': None, 'max_iter': 100, 'multi_class': 'deprecated', 'n_jobs': None, 'penalty': 'l2', 'random_state': 42, 'solver': 'sag', 'tol': 0.0001, 'verbose': 0, 'warm_start': False}",0.03181958198547363
Coffee,5,2,4,2,KNN,Scaling,2,{'sigma': 0.5},0.5866666666666667,0.5664352358433966,"{'algorithm': 'auto', 'leaf_size': 30, 'metric': 'euclidean', 'metric_params': None, 'n_jobs': None, 'n_neighbors': np.int64(9), 'p': 2, 'weights': 'distance'}",0.009310722351074219
Coffee,5,2,4,2,RandomForest,Scaling,2,{'sigma': 0.5},0.57,0.5609033733562034,"{'bootstrap': True, 'ccp_alpha': 0.0, 'class_weight': 'balanced', 'criterion': 'gini', 'max_depth': 30, 'max_features': 'sqrt', 'max_leaf_nodes': None, 'max_samples': None, 'min_impurity_decrease': 0.0, 'min_samples_leaf': 1, 'min_samples_split': 2, 'min_weight_fraction_leaf': 0.0, 'monotonic_cst': None, 'n_estimators': 150, 'n_jobs': None, 'oob_score': False, 'random_state': 42, 'verbose': 0, 'warm_start': False}",0.35986924171447754
Coffee,5,2,4,2,LinearSVC,Scaling,2,{'sigma': 0.5},0.4583333333333333,0.4912504934571617,"{'C': np.float64(2.6366508987303554), 'class_weight': 'balanced', 'dual': False, 'fit_intercept': True, 'intercept_scaling': 1, 'loss': 'squared_hinge', 'max_iter': 100, 'multi_class': 'ovr', 'penalty': 'l1', 'random_state': 42, 'tol': 0.0001, 'verbose': 0}",0.012834787368774414
Coffee,5,2,4,2,LogisticRegression,Scaling,2,{'sigma': 0.5},0.495,0.5258576261062611,"{'C': np.float64(1000.0), 'class_weight': 'balanced', 'dual': False, 'fit_intercept': True, 'intercept_scaling': 1, 'l1_ratio': None, 'max_iter': 100, 'multi_class': 'deprecated', 'n_jobs': None, 'penalty': 'l2', 'random_state': 42, 'solver': 'sag', 'tol': 0.0001, 'verbose': 0, 'warm_start': False}",0.025815963745117188
Coffee,5,2,4,2,KNN,Scaling,3,{'sigma': 0.3},0.635,0.6221699474360268,"{'algorithm': 'auto', 'leaf_size': 30, 'metric': 'euclidean', 'metric_params': None, 'n_jobs': None, 'n_neighbors': np.int64(9), 'p': 2, 'weights': 'distance'}",0.009477853775024414
Coffee,5,2,4,2,RandomForest,Scaling,3,{'sigma': 0.3},0.67,0.6443937042909614,"{'bootstrap': True, 'ccp_alpha': 0.0, 'class_weight': 'balanced', 'criterion': 'gini', 'max_depth': 20, 'max_features': 'sqrt', 'max_leaf_nodes': None, 'max_samples': None, 'min_impurity_decrease': 0.0, 'min_samples_leaf': 1, 'min_samples_split': 2, 'min_weight_fraction_leaf': 0.0, 'monotonic_cst': None, 'n_estimators': 50, 'n_jobs': None, 'oob_score': False, 'random_state': 42, 'verbose': 0, 'warm_start': False}",0.12202191352844238
Coffee,5,2,4,2,LinearSVC,Scaling,3,{'sigma': 0.3},0.47,0.5017245090662472,"{'C': np.float64(33.59818286283781), 'class_weight': None, 'dual': False, 'fit_intercept': True, 'intercept_scaling': 1, 'loss': 'squared_hinge', 'max_iter': 100, 'multi_class': 'ovr', 'penalty': 'l1', 'random_state': 42, 'tol': 0.001, 'verbose': 0}",0.008197307586669922
Coffee,5,2,4,2,LogisticRegression,Scaling,3,{'sigma': 0.3},0.49333333333333335,0.5178206784711612,"{'C': np.float64(1000.0), 'class_weight': 'balanced', 'dual': False, 'fit_intercept': True, 'intercept_scaling': 1, 'l1_ratio': None, 'max_iter': 100, 'multi_class': 'deprecated', 'n_jobs': None, 'penalty': 'l2', 'random_state': 42, 'solver': 'sag', 'tol': 0.0001, 'verbose': 0, 'warm_start': False}",0.031859397888183594
Coffee,5,2,4,2,KNN,Scaling,4,{'sigma': 0.2},0.5466666666666666,0.5526810062624856,"{'algorithm': 'auto', 'leaf_size': 30, 'metric': 'chebyshev', 'metric_params': None, 'n_jobs': None, 'n_neighbors': np.int64(5), 'p': 2, 'weights': 'uniform'}",0.11757922172546387
Coffee,5,2,4,2,RandomForest,Scaling,4,{'sigma': 0.2},0.57,0.5582658647544144,"{'bootstrap': True, 'ccp_alpha': 0.0, 'class_weight': 'balanced', 'criterion': 'gini', 'max_depth': 10, 'max_features': 'sqrt', 'max_leaf_nodes': None, 'max_samples': None, 'min_impurity_decrease': 0.0, 'min_samples_leaf': 1, 'min_samples_split': 2, 'min_weight_fraction_leaf': 0.0, 'monotonic_cst': None, 'n_estimators': 100, 'n_jobs': None, 'oob_score': False, 'random_state': 42, 'verbose': 0, 'warm_start': False}",0.2006518840789795
Coffee,5,2,4,2,LinearSVC,Scaling,4,{'sigma': 0.2},0.445,0.5078091961587107,"{'C': np.float64(33.59818286283781), 'class_weight': 'balanced', 'dual': False, 'fit_intercept': True, 'intercept_scaling': 1, 'loss': 'squared_hinge', 'max_iter': 100, 'multi_class': 'ovr', 'penalty': 'l1', 'random_state': 42, 'tol': 0.001, 'verbose': 0}",0.010065555572509766
Coffee,5,2,4,2,LogisticRegression,Scaling,4,{'sigma': 0.2},0.47,0.5302011226394056,"{'C': np.float64(1000.0), 'class_weight': 'balanced', 'dual': False, 'fit_intercept': True, 'intercept_scaling': 1, 'l1_ratio': None, 'max_iter': 100, 'multi_class': 'deprecated', 'n_jobs': None, 'penalty': 'l2', 'random_state': 42, 'solver': 'sag', 'tol': 0.0001, 'verbose': 0, 'warm_start': False}",0.03349471092224121
Coffee,5,2,4,2,KNN,Scaling,5,{'sigma': 0.5},0.5166666666666667,0.5009791723158203,"{'algorithm': 'auto', 'leaf_size': 30, 'metric': 'euclidean', 'metric_params': None, 'n_jobs': None, 'n_neighbors': np.int64(9), 'p': 2, 'weights': 'distance'}",0.010656595230102539
Coffee,5,2,4,2,RandomForest,Scaling,5,{'sigma': 0.5},0.6333333333333333,0.6268402316067299,"{'bootstrap': True, 'ccp_alpha': 0.0, 'class_weight': 'balanced', 'criterion': 'gini', 'max_depth': 20, 'max_features': 'sqrt', 'max_leaf_nodes': None, 'max_samples': None, 'min_impurity_decrease': 0.0, 'min_samples_leaf': 1, 'min_samples_split': 2, 'min_weight_fraction_leaf': 0.0, 'monotonic_cst': None, 'n_estimators': 50, 'n_jobs': None, 'oob_score': False, 'random_state': 42, 'verbose': 0, 'warm_start': False}",0.12636566162109375
Coffee,5,2,4,2,LinearSVC,Scaling,5,{'sigma': 0.5},0.46,0.457367231517001,"{'C': np.float64(0.2069138081114788), 'class_weight': None, 'dual': False, 'fit_intercept': False, 'intercept_scaling': 1, 'loss': 'squared_hinge', 'max_iter': 100, 'multi_class': 'ovr', 'penalty': 'l2', 'random_state': 42, 'tol': 0.001, 'verbose': 0}",0.004907131195068359
Coffee,5,2,4,2,LogisticRegression,Scaling,5,{'sigma': 0.5},0.58,0.5795542200091356,"{'C': np.float64(1000.0), 'class_weight': 'balanced', 'dual': False, 'fit_intercept': True, 'intercept_scaling': 1, 'l1_ratio': None, 'max_iter': 100, 'multi_class': 'deprecated', 'n_jobs': None, 'penalty': 'l2', 'random_state': 42, 'solver': 'sag', 'tol': 0.0001, 'verbose': 0, 'warm_start': False}",0.03198385238647461
Coffee,5,2,4,2,KNN,Scaling,6,{'sigma': 0.1},0.5483333333333333,0.5454509262879641,"{'algorithm': 'auto', 'leaf_size': 30, 'metric': 'euclidean', 'metric_params': None, 'n_jobs': None, 'n_neighbors': np.int64(9), 'p': 2, 'weights': 'distance'}",0.008996725082397461
Coffee,5,2,4,2,RandomForest,Scaling,6,{'sigma': 0.1},0.625,0.6031630074414687,"{'bootstrap': True, 'ccp_alpha': 0.0, 'class_weight': None, 'criterion': 'gini', 'max_depth': 20, 'max_features': 'sqrt', 'max_leaf_nodes': None, 'max_samples': None, 'min_impurity_decrease': 0.0, 'min_samples_leaf': 1, 'min_samples_split': 2, 'min_weight_fraction_leaf': 0.0, 'monotonic_cst': None, 'n_estimators': 100, 'n_jobs': None, 'oob_score': False, 'random_state': 42, 'verbose': 0, 'warm_start': False}",0.2299506664276123
Coffee,5,2,4,2,LinearSVC,Scaling,6,{'sigma': 0.1},0.49333333333333335,0.5179455367226975,"{'C': np.float64(2.6366508987303554), 'class_weight': 'balanced', 'dual': False, 'fit_intercept': True, 'intercept_scaling': 1, 'loss': 'squared_hinge', 'max_iter': 100, 'multi_class': 'ovr', 'penalty': 'l1', 'random_state': 42, 'tol': 0.0001, 'verbose': 0}",0.010200977325439453
Coffee,5,2,4,2,LogisticRegression,Scaling,6,{'sigma': 0.1},0.5666666666666667,0.577779855585218,"{'C': np.float64(1000.0), 'class_weight': 'balanced', 'dual': False, 'fit_intercept': True, 'intercept_scaling': 1, 'l1_ratio': None, 'max_iter': 100, 'multi_class': 'deprecated', 'n_jobs': None, 'penalty': 'l2', 'random_state': 42, 'solver': 'sag', 'tol': 0.0001, 'verbose': 0, 'warm_start': False}",0.027516841888427734
Coffee,5,2,4,2,KNN,Scaling,7,{'sigma': 0.3},0.555,0.557739851159655,"{'algorithm': 'auto', 'leaf_size': 30, 'metric': 'euclidean', 'metric_params': None, 'n_jobs': None, 'n_neighbors': np.int64(9), 'p': 2, 'weights': 'distance'}",0.008957862854003906
Coffee,5,2,4,2,RandomForest,Scaling,7,{'sigma': 0.3},0.6166666666666667,0.5980307274424922,"{'bootstrap': True, 'ccp_alpha': 0.0, 'class_weight': 'balanced', 'criterion': 'gini', 'max_depth': 10, 'max_features': 'sqrt', 'max_leaf_nodes': None, 'max_samples': None, 'min_impurity_decrease': 0.0, 'min_samples_leaf': 1, 'min_samples_split': 2, 'min_weight_fraction_leaf': 0.0, 'monotonic_cst': None, 'n_estimators': 100, 'n_jobs': None, 'oob_score': False, 'random_state': 42, 'verbose': 0, 'warm_start': False}",0.2178211212158203
Coffee,5,2,4,2,LinearSVC,Scaling,7,{'sigma': 0.3},0.595,0.5736923788138951,"{'C': np.float64(1000.0), 'class_weight': 'balanced', 'dual': False, 'fit_intercept': True, 'intercept_scaling': 1, 'loss': 'squared_hinge', 'max_iter': 100, 'multi_class': 'ovr', 'penalty': 'l2', 'random_state': 42, 'tol': 0.001, 'verbose': 0}",0.005573272705078125
Coffee,5,2,4,2,LogisticRegression,Scaling,7,{'sigma': 0.3},0.595,0.6010091760478661,"{'C': np.float64(2.6366508987303554), 'class_weight': 'balanced', 'dual': False, 'fit_intercept': True, 'intercept_scaling': 1, 'l1_ratio': None, 'max_iter': 100, 'multi_class': 'deprecated', 'n_jobs': None, 'penalty': 'l1', 'random_state': 42, 'solver': 'saga', 'tol': 0.0001, 'verbose': 0, 'warm_start': False}",0.03751325607299805
Coffee,5,2,4,2,KNN,Scaling,8,{'sigma': 0.1},0.5366666666666666,0.5458984813226404,"{'algorithm': 'auto', 'leaf_size': 30, 'metric': 'chebyshev', 'metric_params': None, 'n_jobs': None, 'n_neighbors': np.int64(5), 'p': 2, 'weights': 'uniform'}",0.029516935348510742
Coffee,5,2,4,2,RandomForest,Scaling,8,{'sigma': 0.1},0.57,0.559397546897547,"{'bootstrap': True, 'ccp_alpha': 0.0, 'class_weight': 'balanced', 'criterion': 'gini', 'max_depth': 30, 'max_features': 'sqrt', 'max_leaf_nodes': None, 'max_samples': None, 'min_impurity_decrease': 0.0, 'min_samples_leaf': 1, 'min_samples_split': 2, 'min_weight_fraction_leaf': 0.0, 'monotonic_cst': None, 'n_estimators': 150, 'n_jobs': None, 'oob_score': False, 'random_state': 42, 'verbose': 0, 'warm_start': False}",0.3405590057373047
Coffee,5,2,4,2,LinearSVC,Scaling,8,{'sigma': 0.1},0.5533333333333333,0.5348603277298891,"{'C': np.float64(1000.0), 'class_weight': 'balanced', 'dual': False, 'fit_intercept': True, 'intercept_scaling': 1, 'loss': 'squared_hinge', 'max_iter': 100, 'multi_class': 'ovr', 'penalty': 'l2', 'random_state': 42, 'tol': 0.001, 'verbose': 0}",0.007917404174804688
Coffee,5,2,4,2,LogisticRegression,Scaling,8,{'sigma': 0.1},0.5516666666666666,0.578498822901808,"{'C': np.float64(0.4832930238571752), 'class_weight': 'balanced', 'dual': False, 'fit_intercept': True, 'intercept_scaling': 1, 'l1_ratio': None, 'max_iter': 100, 'multi_class': 'deprecated', 'n_jobs': None, 'penalty': 'l2', 'random_state': 42, 'solver': 'lbfgs', 'tol': 0.0001, 'verbose': 0, 'warm_start': False}",0.013180255889892578
Coffee,5,2,4,2,KNN,Scaling,9,{'sigma': 0.3},0.5816666666666667,0.5865125047155301,"{'algorithm': 'auto', 'leaf_size': 30, 'metric': 'euclidean', 'metric_params': None, 'n_jobs': None, 'n_neighbors': np.int64(9), 'p': 2, 'weights': 'distance'}",0.009154081344604492
Coffee,5,2,4,2,RandomForest,Scaling,9,{'sigma': 0.3},0.5816666666666667,0.5666164513658706,"{'bootstrap': True, 'ccp_alpha': 0.0, 'class_weight': 'balanced', 'criterion': 'gini', 'max_depth': 10, 'max_features': 'sqrt', 'max_leaf_nodes': None, 'max_samples': None, 'min_impurity_decrease': 0.0, 'min_samples_leaf': 1, 'min_samples_split': 2, 'min_weight_fraction_leaf': 0.0, 'monotonic_cst': None, 'n_estimators': 100, 'n_jobs': None, 'oob_score': False, 'random_state': 42, 'verbose': 0, 'warm_start': False}",0.19140219688415527
Coffee,5,2,4,2,LinearSVC,Scaling,9,{'sigma': 0.3},0.5966666666666667,0.5952277423867526,"{'C': np.float64(0.4832930238571752), 'class_weight': 'balanced', 'dual': False, 'fit_intercept': True, 'intercept_scaling': 1, 'loss': 'squared_hinge', 'max_iter': 100, 'multi_class': 'ovr', 'penalty': 'l2', 'random_state': 42, 'tol': 0.0001, 'verbose': 0}",0.004529476165771484
Coffee,5,2,4,2,LogisticRegression,Scaling,9,{'sigma': 0.3},0.6316666666666667,0.6316793088916983,"{'C': np.float64(33.59818286283781), 'class_weight': 'balanced', 'dual': False, 'fit_intercept': True, 'intercept_scaling': 1, 'l1_ratio': None, 'max_iter': 100, 'multi_class': 'deprecated', 'n_jobs': None, 'penalty': 'l1', 'random_state': 42, 'solver': 'saga', 'tol': 0.0001, 'verbose': 0, 'warm_start': False}",0.03817391395568848
Coffee,5,2,4,2,KNN,Scaling,10,{'sigma': 0.5},0.545,0.5465988513229768,"{'algorithm': 'auto', 'leaf_size': 30, 'metric': 'euclidean', 'metric_params': None, 'n_jobs': None, 'n_neighbors': np.int64(9), 'p': 2, 'weights': 'distance'}",0.011311054229736328
Coffee,5,2,4,2,RandomForest,Scaling,10,{'sigma': 0.5},0.57,0.5720602054829309,"{'bootstrap': True, 'ccp_alpha': 0.0, 'class_weight': 'balanced', 'criterion': 'gini', 'max_depth': 30, 'max_features': 'sqrt', 'max_leaf_nodes': None, 'max_samples': None, 'min_impurity_decrease': 0.0, 'min_samples_leaf': 1, 'min_samples_split': 2, 'min_weight_fraction_leaf': 0.0, 'monotonic_cst': None, 'n_estimators': 150, 'n_jobs': None, 'oob_score': False, 'random_state': 42, 'verbose': 0, 'warm_start': False}",0.3392927646636963
Coffee,5,2,4,2,LinearSVC,Scaling,10,{'sigma': 0.5},0.6316666666666667,0.6287375564499765,"{'C': np.float64(2.6366508987303554), 'class_weight': 'balanced', 'dual': False, 'fit_intercept': True, 'intercept_scaling': 1, 'loss': 'squared_hinge', 'max_iter': 100, 'multi_class': 'ovr', 'penalty': 'l1', 'random_state': 42, 'tol': 0.0001, 'verbose': 0}",0.011580467224121094
Coffee,5,2,4,2,LogisticRegression,Scaling,10,{'sigma': 0.5},0.655,0.6506766044353007,"{'C': np.float64(2.6366508987303554), 'class_weight': 'balanced', 'dual': False, 'fit_intercept': True, 'intercept_scaling': 1, 'l1_ratio': None, 'max_iter': 100, 'multi_class': 'deprecated', 'n_jobs': None, 'penalty': 'l1', 'random_state': 42, 'solver': 'saga', 'tol': 0.0001, 'verbose': 0, 'warm_start': False}",0.047872066497802734
Coffee,5,2,4,3,KNN,Scaling,1,{'sigma': 0.1},0.555,0.5579875828441794,"{'algorithm': 'auto', 'leaf_size': 30, 'metric': 'euclidean', 'metric_params': None, 'n_jobs': None, 'n_neighbors': np.int64(9), 'p': 2, 'weights': 'distance'}",0.009376287460327148
Coffee,5,2,4,3,RandomForest,Scaling,1,{'sigma': 0.1},0.575,0.5626586383579102,"{'bootstrap': True, 'ccp_alpha': 0.0, 'class_weight': 'balanced', 'criterion': 'gini', 'max_depth': None, 'max_features': 'sqrt', 'max_leaf_nodes': None, 'max_samples': None, 'min_impurity_decrease': 0.0, 'min_samples_leaf': 4, 'min_samples_split': 2, 'min_weight_fraction_leaf': 0.0, 'monotonic_cst': None, 'n_estimators': 50, 'n_jobs': None, 'oob_score': False, 'random_state': 42, 'verbose': 0, 'warm_start': False}",0.15526294708251953
Coffee,5,2,4,3,LinearSVC,Scaling,1,{'sigma': 0.1},0.5583333333333333,0.5516239995124954,"{'C': np.float64(0.0379269019073225), 'class_weight': 'balanced', 'dual': False, 'fit_intercept': False, 'intercept_scaling': 1, 'loss': 'squared_hinge', 'max_iter': 100, 'multi_class': 'ovr', 'penalty': 'l1', 'random_state': 42, 'tol': 0.0001, 'verbose': 0}",0.028950214385986328
Coffee,5,2,4,3,LogisticRegression,Scaling,1,{'sigma': 0.1},0.425,0.4712024797658872,"{'C': np.float64(0.0379269019073225), 'class_weight': 'balanced', 'dual': False, 'fit_intercept': False, 'intercept_scaling': 1, 'l1_ratio': None, 'max_iter': 100, 'multi_class': 'deprecated', 'n_jobs': None, 'penalty': 'l1', 'random_state': 42, 'solver': 'saga', 'tol': 0.0001, 'verbose': 0, 'warm_start': False}",0.07730913162231445
Coffee,5,2,4,3,KNN,Scaling,2,{'sigma': 0.5},0.465,0.4565754771556264,"{'algorithm': 'auto', 'leaf_size': 30, 'metric': 'euclidean', 'metric_params': None, 'n_jobs': None, 'n_neighbors': np.int64(9), 'p': 2, 'weights': 'distance'}",0.010997772216796875
Coffee,5,2,4,3,RandomForest,Scaling,2,{'sigma': 0.5},0.515,0.5134409219925139,"{'bootstrap': True, 'ccp_alpha': 0.0, 'class_weight': 'balanced', 'criterion': 'gini', 'max_depth': None, 'max_features': 'sqrt', 'max_leaf_nodes': None, 'max_samples': None, 'min_impurity_decrease': 0.0, 'min_samples_leaf': 2, 'min_samples_split': 2, 'min_weight_fraction_leaf': 0.0, 'monotonic_cst': None, 'n_estimators': 150, 'n_jobs': None, 'oob_score': False, 'random_state': 42, 'verbose': 0, 'warm_start': False}",0.4203636646270752
Coffee,5,2,4,3,LinearSVC,Scaling,2,{'sigma': 0.5},0.4483333333333333,0.4984964189138401,"{'C': np.float64(33.59818286283781), 'class_weight': None, 'dual': False, 'fit_intercept': True, 'intercept_scaling': 1, 'loss': 'squared_hinge', 'max_iter': 100, 'multi_class': 'ovr', 'penalty': 'l1', 'random_state': 42, 'tol': 0.001, 'verbose': 0}",0.009576797485351562
Coffee,5,2,4,3,LogisticRegression,Scaling,2,{'sigma': 0.5},0.38333333333333336,0.41397178407968643,"{'C': np.float64(0.0379269019073225), 'class_weight': 'balanced', 'dual': False, 'fit_intercept': False, 'intercept_scaling': 1, 'l1_ratio': None, 'max_iter': 100, 'multi_class': 'deprecated', 'n_jobs': None, 'penalty': 'l1', 'random_state': 42, 'solver': 'saga', 'tol': 0.0001, 'verbose': 0, 'warm_start': False}",0.021780729293823242
Coffee,5,2,4,3,KNN,Scaling,3,{'sigma': 0.3},0.5533333333333333,0.5378331370364806,"{'algorithm': 'auto', 'leaf_size': 30, 'metric': 'euclidean', 'metric_params': None, 'n_jobs': None, 'n_neighbors': np.int64(9), 'p': 2, 'weights': 'distance'}",0.01019906997680664
Coffee,5,2,4,3,RandomForest,Scaling,3,{'sigma': 0.3},0.5733333333333334,0.5589936544466183,"{'bootstrap': True, 'ccp_alpha': 0.0, 'class_weight': 'balanced', 'criterion': 'gini', 'max_depth': 20, 'max_features': 'sqrt', 'max_leaf_nodes': None, 'max_samples': None, 'min_impurity_decrease': 0.0, 'min_samples_leaf': 2, 'min_samples_split': 10, 'min_weight_fraction_leaf': 0.0, 'monotonic_cst': None, 'n_estimators': 150, 'n_jobs': None, 'oob_score': False, 'random_state': 42, 'verbose': 0, 'warm_start': False}",0.42102503776550293
Coffee,5,2,4,3,LinearSVC,Scaling,3,{'sigma': 0.3},0.4716666666666667,0.4713799588632451,"{'C': np.float64(0.002976351441631319), 'class_weight': None, 'dual': False, 'fit_intercept': False, 'intercept_scaling': 1, 'loss': 'squared_hinge', 'max_iter': 100, 'multi_class': 'ovr', 'penalty': 'l1', 'random_state': 42, 'tol': 0.0001, 'verbose': 0}",0.00458216667175293
Coffee,5,2,4,3,LogisticRegression,Scaling,3,{'sigma': 0.3},0.5383333333333333,0.5583329432175895,"{'C': np.float64(2.6366508987303554), 'class_weight': 'balanced', 'dual': False, 'fit_intercept': True, 'intercept_scaling': 1, 'l1_ratio': None, 'max_iter': 100, 'multi_class': 'deprecated', 'n_jobs': None, 'penalty': 'l1', 'random_state': 42, 'solver': 'saga', 'tol': 0.0001, 'verbose': 0, 'warm_start': False}",0.053536176681518555
Coffee,5,2,4,3,KNN,Scaling,4,{'sigma': 0.2},0.445,0.4389553354259236,"{'algorithm': 'auto', 'leaf_size': 30, 'metric': 'minkowski', 'metric_params': None, 'n_jobs': None, 'n_neighbors': np.int64(13), 'p': 4, 'weights': 'distance'}",0.04819202423095703
Coffee,5,2,4,3,RandomForest,Scaling,4,{'sigma': 0.2},0.5116666666666667,0.5150839268317069,"{'bootstrap': True, 'ccp_alpha': 0.0, 'class_weight': 'balanced', 'criterion': 'gini', 'max_depth': None, 'max_features': 'sqrt', 'max_leaf_nodes': None, 'max_samples': None, 'min_impurity_decrease': 0.0, 'min_samples_leaf': 4, 'min_samples_split': 2, 'min_weight_fraction_leaf': 0.0, 'monotonic_cst': None, 'n_estimators': 50, 'n_jobs': None, 'oob_score': False, 'random_state': 42, 'verbose': 0, 'warm_start': False}",0.14486479759216309
Coffee,5,2,4,3,LinearSVC,Scaling,4,{'sigma': 0.2},0.405,0.40682006210848054,"{'C': np.float64(0.002976351441631319), 'class_weight': None, 'dual': False, 'fit_intercept': False, 'intercept_scaling': 1, 'loss': 'squared_hinge', 'max_iter': 100, 'multi_class': 'ovr', 'penalty': 'l1', 'random_state': 42, 'tol': 0.0001, 'verbose': 0}",0.00415492057800293
Coffee,5,2,4,3,LogisticRegression,Scaling,4,{'sigma': 0.2},0.45,0.4809375180885979,"{'C': np.float64(0.0379269019073225), 'class_weight': 'balanced', 'dual': False, 'fit_intercept': False, 'intercept_scaling': 1, 'l1_ratio': None, 'max_iter': 100, 'multi_class': 'deprecated', 'n_jobs': None, 'penalty': 'l1', 'random_state': 42, 'solver': 'saga', 'tol': 0.0001, 'verbose': 0, 'warm_start': False}",0.0634007453918457
Coffee,5,2,4,3,KNN,Scaling,5,{'sigma': 0.5},0.5783333333333334,0.5826338590885356,"{'algorithm': 'auto', 'leaf_size': 30, 'metric': 'euclidean', 'metric_params': None, 'n_jobs': None, 'n_neighbors': np.int64(9), 'p': 2, 'weights': 'distance'}",0.011885643005371094
Coffee,5,2,4,3,RandomForest,Scaling,5,{'sigma': 0.5},0.55,0.5390626240721118,"{'bootstrap': True, 'ccp_alpha': 0.0, 'class_weight': 'balanced', 'criterion': 'gini', 'max_depth': None, 'max_features': 'sqrt', 'max_leaf_nodes': None, 'max_samples': None, 'min_impurity_decrease': 0.0, 'min_samples_leaf': 2, 'min_samples_split': 20, 'min_weight_fraction_leaf': 0.0, 'monotonic_cst': None, 'n_estimators': 50, 'n_jobs': None, 'oob_score': False, 'random_state': 42, 'verbose': 0, 'warm_start': False}",0.1285552978515625
Coffee,5,2,4,3,LinearSVC,Scaling,5,{'sigma': 0.5},0.4683333333333333,0.44582089801620045,"{'C': np.float64(0.0379269019073225), 'class_weight': 'balanced', 'dual': False, 'fit_intercept': False, 'intercept_scaling': 1, 'loss': 'squared_hinge', 'max_iter': 100, 'multi_class': 'ovr', 'penalty': 'l1', 'random_state': 42, 'tol': 0.0001, 'verbose': 0}",0.013465404510498047
Coffee,5,2,4,3,LogisticRegression,Scaling,5,{'sigma': 0.5},0.435,0.4456216977418514,"{'C': np.float64(0.08858667904100823), 'class_weight': None, 'dual': False, 'fit_intercept': False, 'intercept_scaling': 1, 'l1_ratio': None, 'max_iter': 100, 'multi_class': 'deprecated', 'n_jobs': None, 'penalty': 'l1', 'random_state': 42, 'solver': 'saga', 'tol': 0.0001, 'verbose': 0, 'warm_start': False}",0.030671358108520508
Coffee,5,2,4,3,KNN,Scaling,6,{'sigma': 0.1},0.5616666666666666,0.5671672321836803,"{'algorithm': 'auto', 'leaf_size': 30, 'metric': 'euclidean', 'metric_params': None, 'n_jobs': None, 'n_neighbors': np.int64(9), 'p': 2, 'weights': 'distance'}",0.007256507873535156
Coffee,5,2,4,3,RandomForest,Scaling,6,{'sigma': 0.1},0.635,0.6137350632535807,"{'bootstrap': True, 'ccp_alpha': 0.0, 'class_weight': 'balanced', 'criterion': 'gini', 'max_depth': 20, 'max_features': 'sqrt', 'max_leaf_nodes': None, 'max_samples': None, 'min_impurity_decrease': 0.0, 'min_samples_leaf': 2, 'min_samples_split': 10, 'min_weight_fraction_leaf': 0.0, 'monotonic_cst': None, 'n_estimators': 150, 'n_jobs': None, 'oob_score': False, 'random_state': 42, 'verbose': 0, 'warm_start': False}",0.46004486083984375
Coffee,5,2,4,3,LinearSVC,Scaling,6,{'sigma': 0.1},0.505,0.532978935603379,"{'C': np.float64(2.6366508987303554), 'class_weight': 'balanced', 'dual': False, 'fit_intercept': True, 'intercept_scaling': 1, 'loss': 'squared_hinge', 'max_iter': 100, 'multi_class': 'ovr', 'penalty': 'l1', 'random_state': 42, 'tol': 0.0001, 'verbose': 0}",0.01960468292236328
Coffee,5,2,4,3,LogisticRegression,Scaling,6,{'sigma': 0.1},0.44333333333333336,0.4863654863654864,"{'C': np.float64(0.0379269019073225), 'class_weight': 'balanced', 'dual': False, 'fit_intercept': False, 'intercept_scaling': 1, 'l1_ratio': None, 'max_iter': 100, 'multi_class': 'deprecated', 'n_jobs': None, 'penalty': 'l1', 'random_state': 42, 'solver': 'saga', 'tol': 0.0001, 'verbose': 0, 'warm_start': False}",0.0595395565032959
Coffee,5,2,4,3,KNN,Scaling,7,{'sigma': 0.3},0.61,0.607286810861928,"{'algorithm': 'auto', 'leaf_size': 30, 'metric': 'euclidean', 'metric_params': None, 'n_jobs': None, 'n_neighbors': np.int64(9), 'p': 2, 'weights': 'distance'}",0.01015162467956543
Coffee,5,2,4,3,RandomForest,Scaling,7,{'sigma': 0.3},0.635,0.6166214200112504,"{'bootstrap': True, 'ccp_alpha': 0.0, 'class_weight': 'balanced', 'criterion': 'gini', 'max_depth': None, 'max_features': 'sqrt', 'max_leaf_nodes': None, 'max_samples': None, 'min_impurity_decrease': 0.0, 'min_samples_leaf': 1, 'min_samples_split': 2, 'min_weight_fraction_leaf': 0.0, 'monotonic_cst': None, 'n_estimators': 50, 'n_jobs': None, 'oob_score': False, 'random_state': 42, 'verbose': 0, 'warm_start': False}",0.14078235626220703
Coffee,5,2,4,3,LinearSVC,Scaling,7,{'sigma': 0.3},0.5116666666666667,0.5513631517404832,"{'C': np.float64(2.6366508987303554), 'class_weight': 'balanced', 'dual': False, 'fit_intercept': True, 'intercept_scaling': 1, 'loss': 'squared_hinge', 'max_iter': 100, 'multi_class': 'ovr', 'penalty': 'l1', 'random_state': 42, 'tol': 0.0001, 'verbose': 0}",0.01578044891357422
Coffee,5,2,4,3,LogisticRegression,Scaling,7,{'sigma': 0.3},0.48333333333333334,0.5179163589684032,"{'C': np.float64(0.0379269019073225), 'class_weight': 'balanced', 'dual': False, 'fit_intercept': False, 'intercept_scaling': 1, 'l1_ratio': None, 'max_iter': 100, 'multi_class': 'deprecated', 'n_jobs': None, 'penalty': 'l1', 'random_state': 42, 'solver': 'saga', 'tol': 0.0001, 'verbose': 0, 'warm_start': False}",0.03426194190979004
Coffee,5,2,4,3,KNN,Scaling,8,{'sigma': 0.1},0.5033333333333333,0.4912048211796067,"{'algorithm': 'auto', 'leaf_size': 30, 'metric': 'euclidean', 'metric_params': None, 'n_jobs': None, 'n_neighbors': np.int64(9), 'p': 2, 'weights': 'distance'}",0.010742902755737305
Coffee,5,2,4,3,RandomForest,Scaling,8,{'sigma': 0.1},0.5833333333333334,0.5690034929450669,"{'bootstrap': True, 'ccp_alpha': 0.0, 'class_weight': 'balanced', 'criterion': 'gini', 'max_depth': 20, 'max_features': 'sqrt', 'max_leaf_nodes': None, 'max_samples': None, 'min_impurity_decrease': 0.0, 'min_samples_leaf': 2, 'min_samples_split': 10, 'min_weight_fraction_leaf': 0.0, 'monotonic_cst': None, 'n_estimators': 150, 'n_jobs': None, 'oob_score': False, 'random_state': 42, 'verbose': 0, 'warm_start': False}",0.42218971252441406
Coffee,5,2,4,3,LinearSVC,Scaling,8,{'sigma': 0.1},0.55,0.5606050655050878,"{'C': np.float64(2.6366508987303554), 'class_weight': 'balanced', 'dual': False, 'fit_intercept': True, 'intercept_scaling': 1, 'loss': 'squared_hinge', 'max_iter': 100, 'multi_class': 'ovr', 'penalty': 'l1', 'random_state': 42, 'tol': 0.0001, 'verbose': 0}",0.017587661743164062
Coffee,5,2,4,3,LogisticRegression,Scaling,8,{'sigma': 0.1},0.4633333333333333,0.5005879064857798,"{'C': np.float64(0.0379269019073225), 'class_weight': 'balanced', 'dual': False, 'fit_intercept': False, 'intercept_scaling': 1, 'l1_ratio': None, 'max_iter': 100, 'multi_class': 'deprecated', 'n_jobs': None, 'penalty': 'l1', 'random_state': 42, 'solver': 'saga', 'tol': 0.0001, 'verbose': 0, 'warm_start': False}",0.051529645919799805
Coffee,5,2,4,3,KNN,Scaling,9,{'sigma': 0.3},0.48,0.4923592883458218,"{'algorithm': 'auto', 'leaf_size': 30, 'metric': 'euclidean', 'metric_params': None, 'n_jobs': None, 'n_neighbors': np.int64(9), 'p': 2, 'weights': 'distance'}",0.010681629180908203
Coffee,5,2,4,3,RandomForest,Scaling,9,{'sigma': 0.3},0.45,0.45641323181102855,"{'bootstrap': True, 'ccp_alpha': 0.0, 'class_weight': 'balanced', 'criterion': 'gini', 'max_depth': None, 'max_features': 'sqrt', 'max_leaf_nodes': None, 'max_samples': None, 'min_impurity_decrease': 0.0, 'min_samples_leaf': 4, 'min_samples_split': 2, 'min_weight_fraction_leaf': 0.0, 'monotonic_cst': None, 'n_estimators': 50, 'n_jobs': None, 'oob_score': False, 'random_state': 42, 'verbose': 0, 'warm_start': False}",0.15669918060302734
Coffee,5,2,4,3,LinearSVC,Scaling,9,{'sigma': 0.3},0.4716666666666667,0.4683941128713685,"{'C': np.float64(0.0379269019073225), 'class_weight': 'balanced', 'dual': False, 'fit_intercept': False, 'intercept_scaling': 1, 'loss': 'squared_hinge', 'max_iter': 100, 'multi_class': 'ovr', 'penalty': 'l1', 'random_state': 42, 'tol': 0.0001, 'verbose': 0}",0.011990547180175781
Coffee,5,2,4,3,LogisticRegression,Scaling,9,{'sigma': 0.3},0.38666666666666666,0.43602797221906003,"{'C': np.float64(0.0379269019073225), 'class_weight': 'balanced', 'dual': False, 'fit_intercept': False, 'intercept_scaling': 1, 'l1_ratio': None, 'max_iter': 100, 'multi_class': 'deprecated', 'n_jobs': None, 'penalty': 'l1', 'random_state': 42, 'solver': 'saga', 'tol': 0.0001, 'verbose': 0, 'warm_start': False}",0.05949568748474121
Coffee,5,2,4,3,KNN,Scaling,10,{'sigma': 0.5},0.5033333333333333,0.5072473626048722,"{'algorithm': 'auto', 'leaf_size': 30, 'metric': 'euclidean', 'metric_params': None, 'n_jobs': None, 'n_neighbors': np.int64(9), 'p': 2, 'weights': 'distance'}",0.007686614990234375
Coffee,5,2,4,3,RandomForest,Scaling,10,{'sigma': 0.5},0.545,0.5371544443648463,"{'bootstrap': True, 'ccp_alpha': 0.0, 'class_weight': 'balanced', 'criterion': 'gini', 'max_depth': 20, 'max_features': 'sqrt', 'max_leaf_nodes': None, 'max_samples': None, 'min_impurity_decrease': 0.0, 'min_samples_leaf': 2, 'min_samples_split': 10, 'min_weight_fraction_leaf': 0.0, 'monotonic_cst': None, 'n_estimators': 150, 'n_jobs': None, 'oob_score': False, 'random_state': 42, 'verbose': 0, 'warm_start': False}",0.37941646575927734
Coffee,5,2,4,3,LinearSVC,Scaling,10,{'sigma': 0.5},0.44166666666666665,0.44115453160253876,"{'C': np.float64(0.08858667904100823), 'class_weight': None, 'dual': False, 'fit_intercept': False, 'intercept_scaling': 1, 'loss': 'squared_hinge', 'max_iter': 100, 'multi_class': 'ovr', 'penalty': 'l1', 'random_state': 42, 'tol': 0.0001, 'verbose': 0}",0.012018203735351562
Coffee,5,2,4,3,LogisticRegression,Scaling,10,{'sigma': 0.5},0.395,0.41781735681992915,"{'C': np.float64(0.0379269019073225), 'class_weight': 'balanced', 'dual': False, 'fit_intercept': False, 'intercept_scaling': 1, 'l1_ratio': None, 'max_iter': 100, 'multi_class': 'deprecated', 'n_jobs': None, 'penalty': 'l1', 'random_state': 42, 'solver': 'saga', 'tol': 0.0001, 'verbose': 0, 'warm_start': False}",0.010148286819458008
Coffee,5,2,4,5,KNN,Scaling,1,{'sigma': 0.1},0.52,0.5131261897997712,"{'algorithm': 'auto', 'leaf_size': 30, 'metric': 'minkowski', 'metric_params': None, 'n_jobs': None, 'n_neighbors': np.int64(5), 'p': 3, 'weights': 'distance'}",0.04561948776245117
Coffee,5,2,4,5,RandomForest,Scaling,1,{'sigma': 0.1},0.6083333333333333,0.593428203545472,"{'bootstrap': True, 'ccp_alpha': 0.0, 'class_weight': 'balanced', 'criterion': 'gini', 'max_depth': None, 'max_features': 'sqrt', 'max_leaf_nodes': None, 'max_samples': None, 'min_impurity_decrease': 0.0, 'min_samples_leaf': 2, 'min_samples_split': 2, 'min_weight_fraction_leaf': 0.0, 'monotonic_cst': None, 'n_estimators': 150, 'n_jobs': None, 'oob_score': False, 'random_state': 42, 'verbose': 0, 'warm_start': False}",0.6285219192504883
Coffee,5,2,4,5,LinearSVC,Scaling,1,{'sigma': 0.1},0.5183333333333333,0.5229880313251513,"{'C': np.float64(1000.0), 'class_weight': 'balanced', 'dual': False, 'fit_intercept': True, 'intercept_scaling': 1, 'loss': 'squared_hinge', 'max_iter': 100, 'multi_class': 'ovr', 'penalty': 'l2', 'random_state': 42, 'tol': 0.001, 'verbose': 0}",0.009033918380737305
Coffee,5,2,4,5,LogisticRegression,Scaling,1,{'sigma': 0.1},0.5866666666666667,0.5893507330768954,"{'C': np.float64(1000.0), 'class_weight': 'balanced', 'dual': False, 'fit_intercept': True, 'intercept_scaling': 1, 'l1_ratio': None, 'max_iter': 100, 'multi_class': 'deprecated', 'n_jobs': None, 'penalty': 'l2', 'random_state': 42, 'solver': 'sag', 'tol': 0.0001, 'verbose': 0, 'warm_start': False}",0.08216285705566406
Coffee,5,2,4,5,KNN,Scaling,2,{'sigma': 0.5},0.5333333333333333,0.5406858373286552,"{'algorithm': 'auto', 'leaf_size': 30, 'metric': 'manhattan', 'metric_params': None, 'n_jobs': None, 'n_neighbors': np.int64(5), 'p': 2, 'weights': 'distance'}",0.017734050750732422
Coffee,5,2,4,5,RandomForest,Scaling,2,{'sigma': 0.5},0.5433333333333333,0.5346708631304194,"{'bootstrap': True, 'ccp_alpha': 0.0, 'class_weight': None, 'criterion': 'gini', 'max_depth': None, 'max_features': 'sqrt', 'max_leaf_nodes': None, 'max_samples': None, 'min_impurity_decrease': 0.0, 'min_samples_leaf': 4, 'min_samples_split': 2, 'min_weight_fraction_leaf': 0.0, 'monotonic_cst': None, 'n_estimators': 50, 'n_jobs': None, 'oob_score': False, 'random_state': 42, 'verbose': 0, 'warm_start': False}",0.2566409111022949
Coffee,5,2,4,5,LinearSVC,Scaling,2,{'sigma': 0.5},0.37166666666666665,0.37927192982456137,"{'C': np.float64(0.08858667904100823), 'class_weight': None, 'dual': False, 'fit_intercept': False, 'intercept_scaling': 1, 'loss': 'squared_hinge', 'max_iter': 100, 'multi_class': 'ovr', 'penalty': 'l1', 'random_state': 42, 'tol': 0.0001, 'verbose': 0}",0.01692032814025879
Coffee,5,2,4,5,LogisticRegression,Scaling,2,{'sigma': 0.5},0.38333333333333336,0.4021138881493105,"{'C': np.float64(0.08858667904100823), 'class_weight': None, 'dual': False, 'fit_intercept': False, 'intercept_scaling': 1, 'l1_ratio': None, 'max_iter': 100, 'multi_class': 'deprecated', 'n_jobs': None, 'penalty': 'l1', 'random_state': 42, 'solver': 'saga', 'tol': 0.0001, 'verbose': 0, 'warm_start': False}",0.05153203010559082
Coffee,5,2,4,5,KNN,Scaling,3,{'sigma': 0.3},0.5783333333333334,0.5829921399793169,"{'algorithm': 'auto', 'leaf_size': 30, 'metric': 'manhattan', 'metric_params': None, 'n_jobs': None, 'n_neighbors': np.int64(5), 'p': 2, 'weights': 'distance'}",0.013832569122314453
Coffee,5,2,4,5,RandomForest,Scaling,3,{'sigma': 0.3},0.6683333333333333,0.6415749168134665,"{'bootstrap': True, 'ccp_alpha': 0.0, 'class_weight': 'balanced', 'criterion': 'gini', 'max_depth': None, 'max_features': 'sqrt', 'max_leaf_nodes': None, 'max_samples': None, 'min_impurity_decrease': 0.0, 'min_samples_leaf': 2, 'min_samples_split': 2, 'min_weight_fraction_leaf': 0.0, 'monotonic_cst': None, 'n_estimators': 150, 'n_jobs': None, 'oob_score': False, 'random_state': 42, 'verbose': 0, 'warm_start': False}",0.6551721096038818
Coffee,5,2,4,5,LinearSVC,Scaling,3,{'sigma': 0.3},0.5266666666666666,0.5343669772082646,"{'C': np.float64(33.59818286283781), 'class_weight': None, 'dual': False, 'fit_intercept': True, 'intercept_scaling': 1, 'loss': 'squared_hinge', 'max_iter': 100, 'multi_class': 'ovr', 'penalty': 'l1', 'random_state': 42, 'tol': 0.001, 'verbose': 0}",0.014746427536010742
Coffee,5,2,4,5,LogisticRegression,Scaling,3,{'sigma': 0.3},0.5816666666666667,0.5821127469435888,"{'C': np.float64(2.6366508987303554), 'class_weight': 'balanced', 'dual': False, 'fit_intercept': True, 'intercept_scaling': 1, 'l1_ratio': None, 'max_iter': 100, 'multi_class': 'deprecated', 'n_jobs': None, 'penalty': 'l1', 'random_state': 42, 'solver': 'saga', 'tol': 0.0001, 'verbose': 0, 'warm_start': False}",0.1109001636505127
Coffee,5,2,4,5,KNN,Scaling,4,{'sigma': 0.2},0.5516666666666666,0.5662958585193608,"{'algorithm': 'auto', 'leaf_size': 30, 'metric': 'manhattan', 'metric_params': None, 'n_jobs': None, 'n_neighbors': np.int64(5), 'p': 2, 'weights': 'distance'}",0.01465749740600586
Coffee,5,2,4,5,RandomForest,Scaling,4,{'sigma': 0.2},0.5616666666666666,0.5550439030831188,"{'bootstrap': True, 'ccp_alpha': 0.0, 'class_weight': 'balanced', 'criterion': 'gini', 'max_depth': None, 'max_features': 'sqrt', 'max_leaf_nodes': None, 'max_samples': None, 'min_impurity_decrease': 0.0, 'min_samples_leaf': 2, 'min_samples_split': 2, 'min_weight_fraction_leaf': 0.0, 'monotonic_cst': None, 'n_estimators': 150, 'n_jobs': None, 'oob_score': False, 'random_state': 42, 'verbose': 0, 'warm_start': False}",0.5801270008087158
Coffee,5,2,4,5,LinearSVC,Scaling,4,{'sigma': 0.2},0.49333333333333335,0.5305023352505956,"{'C': np.float64(1000.0), 'class_weight': 'balanced', 'dual': False, 'fit_intercept': True, 'intercept_scaling': 1, 'loss': 'squared_hinge', 'max_iter': 100, 'multi_class': 'ovr', 'penalty': 'l2', 'random_state': 42, 'tol': 0.001, 'verbose': 0}",0.006285429000854492
Coffee,5,2,4,5,LogisticRegression,Scaling,4,{'sigma': 0.2},0.6116666666666667,0.6245942863387082,"{'C': np.float64(2.6366508987303554), 'class_weight': 'balanced', 'dual': False, 'fit_intercept': True, 'intercept_scaling': 1, 'l1_ratio': None, 'max_iter': 100, 'multi_class': 'deprecated', 'n_jobs': None, 'penalty': 'l1', 'random_state': 42, 'solver': 'saga', 'tol': 0.0001, 'verbose': 0, 'warm_start': False}",0.11188793182373047
Coffee,5,2,4,5,KNN,Scaling,5,{'sigma': 0.5},0.565,0.5655183715909989,"{'algorithm': 'auto', 'leaf_size': 30, 'metric': 'manhattan', 'metric_params': None, 'n_jobs': None, 'n_neighbors': np.int64(5), 'p': 2, 'weights': 'distance'}",0.01746678352355957
Coffee,5,2,4,5,RandomForest,Scaling,5,{'sigma': 0.5},0.6716666666666666,0.6478220599132001,"{'bootstrap': True, 'ccp_alpha': 0.0, 'class_weight': 'balanced', 'criterion': 'gini', 'max_depth': None, 'max_features': 'sqrt', 'max_leaf_nodes': None, 'max_samples': None, 'min_impurity_decrease': 0.0, 'min_samples_leaf': 2, 'min_samples_split': 2, 'min_weight_fraction_leaf': 0.0, 'monotonic_cst': None, 'n_estimators': 150, 'n_jobs': None, 'oob_score': False, 'random_state': 42, 'verbose': 0, 'warm_start': False}",0.6841917037963867
Coffee,5,2,4,5,LinearSVC,Scaling,5,{'sigma': 0.5},0.5483333333333333,0.5673972075613606,"{'C': np.float64(2.6366508987303554), 'class_weight': 'balanced', 'dual': False, 'fit_intercept': True, 'intercept_scaling': 1, 'loss': 'squared_hinge', 'max_iter': 100, 'multi_class': 'ovr', 'penalty': 'l1', 'random_state': 42, 'tol': 0.0001, 'verbose': 0}",0.01998758316040039
Coffee,5,2,4,5,LogisticRegression,Scaling,5,{'sigma': 0.5},0.475,0.47831495617755154,"{'C': np.float64(0.08858667904100823), 'class_weight': None, 'dual': False, 'fit_intercept': False, 'intercept_scaling': 1, 'l1_ratio': None, 'max_iter': 100, 'multi_class': 'deprecated', 'n_jobs': None, 'penalty': 'l1', 'random_state': 42, 'solver': 'saga', 'tol': 0.0001, 'verbose': 0, 'warm_start': False}",0.050939083099365234
Coffee,5,2,4,5,KNN,Scaling,6,{'sigma': 0.1},0.5166666666666667,0.5188502532221191,"{'algorithm': 'auto', 'leaf_size': 30, 'metric': 'minkowski', 'metric_params': None, 'n_jobs': None, 'n_neighbors': np.int64(13), 'p': 4, 'weights': 'distance'}",0.04481673240661621
Coffee,5,2,4,5,RandomForest,Scaling,6,{'sigma': 0.1},0.5633333333333334,0.5552436243002281,"{'bootstrap': True, 'ccp_alpha': 0.0, 'class_weight': 'balanced', 'criterion': 'gini', 'max_depth': None, 'max_features': 'sqrt', 'max_leaf_nodes': None, 'max_samples': None, 'min_impurity_decrease': 0.0, 'min_samples_leaf': 2, 'min_samples_split': 2, 'min_weight_fraction_leaf': 0.0, 'monotonic_cst': None, 'n_estimators': 150, 'n_jobs': None, 'oob_score': False, 'random_state': 42, 'verbose': 0, 'warm_start': False}",0.6115400791168213
Coffee,5,2,4,5,LinearSVC,Scaling,6,{'sigma': 0.1},0.495,0.516667982040759,"{'C': np.float64(33.59818286283781), 'class_weight': 'balanced', 'dual': False, 'fit_intercept': True, 'intercept_scaling': 1, 'loss': 'squared_hinge', 'max_iter': 100, 'multi_class': 'ovr', 'penalty': 'l1', 'random_state': 42, 'tol': 0.001, 'verbose': 0}",0.019160985946655273
Coffee,5,2,4,5,LogisticRegression,Scaling,6,{'sigma': 0.1},0.55,0.5710923091475674,"{'C': np.float64(1000.0), 'class_weight': 'balanced', 'dual': False, 'fit_intercept': True, 'intercept_scaling': 1, 'l1_ratio': None, 'max_iter': 100, 'multi_class': 'deprecated', 'n_jobs': None, 'penalty': 'l2', 'random_state': 42, 'solver': 'sag', 'tol': 0.0001, 'verbose': 0, 'warm_start': False}",0.06469106674194336
Coffee,5,2,4,5,KNN,Scaling,7,{'sigma': 0.3},0.5083333333333333,0.5157011712567269,"{'algorithm': 'auto', 'leaf_size': 30, 'metric': 'minkowski', 'metric_params': None, 'n_jobs': None, 'n_neighbors': np.int64(5), 'p': 3, 'weights': 'distance'}",0.05918383598327637
Coffee,5,2,4,5,RandomForest,Scaling,7,{'sigma': 0.3},0.6516666666666666,0.6268522895814103,"{'bootstrap': True, 'ccp_alpha': 0.0, 'class_weight': 'balanced', 'criterion': 'gini', 'max_depth': None, 'max_features': 'sqrt', 'max_leaf_nodes': None, 'max_samples': None, 'min_impurity_decrease': 0.0, 'min_samples_leaf': 2, 'min_samples_split': 2, 'min_weight_fraction_leaf': 0.0, 'monotonic_cst': None, 'n_estimators': 150, 'n_jobs': None, 'oob_score': False, 'random_state': 42, 'verbose': 0, 'warm_start': False}",0.5401859283447266
Coffee,5,2,4,5,LinearSVC,Scaling,7,{'sigma': 0.3},0.445,0.4760854843423651,"{'C': np.float64(2.6366508987303554), 'class_weight': 'balanced', 'dual': False, 'fit_intercept': True, 'intercept_scaling': 1, 'loss': 'squared_hinge', 'max_iter': 100, 'multi_class': 'ovr', 'penalty': 'l1', 'random_state': 42, 'tol': 0.0001, 'verbose': 0}",0.021288394927978516
Coffee,5,2,4,5,LogisticRegression,Scaling,7,{'sigma': 0.3},0.5116666666666667,0.5361742181149189,"{'C': np.float64(33.59818286283781), 'class_weight': None, 'dual': False, 'fit_intercept': True, 'intercept_scaling': 1, 'l1_ratio': None, 'max_iter': 100, 'multi_class': 'deprecated', 'n_jobs': None, 'penalty': 'l2', 'random_state': 42, 'solver': 'saga', 'tol': 0.0001, 'verbose': 0, 'warm_start': False}",0.0791015625
Coffee,5,2,4,5,KNN,Scaling,8,{'sigma': 0.1},0.5683333333333334,0.5741992756698638,"{'algorithm': 'auto', 'leaf_size': 30, 'metric': 'manhattan', 'metric_params': None, 'n_jobs': None, 'n_neighbors': np.int64(5), 'p': 2, 'weights': 'distance'}",0.014204025268554688
Coffee,5,2,4,5,RandomForest,Scaling,8,{'sigma': 0.1},0.6116666666666667,0.5922596274095646,"{'bootstrap': True, 'ccp_alpha': 0.0, 'class_weight': 'balanced', 'criterion': 'gini', 'max_depth': None, 'max_features': 'sqrt', 'max_leaf_nodes': None, 'max_samples': None, 'min_impurity_decrease': 0.0, 'min_samples_leaf': 1, 'min_samples_split': 2, 'min_weight_fraction_leaf': 0.0, 'monotonic_cst': None, 'n_estimators': 50, 'n_jobs': None, 'oob_score': False, 'random_state': 42, 'verbose': 0, 'warm_start': False}",0.20650911331176758
Coffee,5,2,4,5,LinearSVC,Scaling,8,{'sigma': 0.1},0.5366666666666666,0.5241347219608089,"{'C': np.float64(1000.0), 'class_weight': 'balanced', 'dual': False, 'fit_intercept': True, 'intercept_scaling': 1, 'loss': 'squared_hinge', 'max_iter': 100, 'multi_class': 'ovr', 'penalty': 'l2', 'random_state': 42, 'tol': 0.001, 'verbose': 0}",0.009096384048461914
Coffee,5,2,4,5,LogisticRegression,Scaling,8,{'sigma': 0.1},0.6183333333333333,0.6250977119660096,"{'C': np.float64(1000.0), 'class_weight': 'balanced', 'dual': False, 'fit_intercept': True, 'intercept_scaling': 1, 'l1_ratio': None, 'max_iter': 100, 'multi_class': 'deprecated', 'n_jobs': None, 'penalty': 'l2', 'random_state': 42, 'solver': 'sag', 'tol': 0.0001, 'verbose': 0, 'warm_start': False}",0.07670021057128906
Coffee,5,2,4,5,KNN,Scaling,9,{'sigma': 0.3},0.48833333333333334,0.4926220484235828,"{'algorithm': 'auto', 'leaf_size': 30, 'metric': 'euclidean', 'metric_params': None, 'n_jobs': None, 'n_neighbors': np.int64(15), 'p': 2, 'weights': 'distance'}",0.014347553253173828
Coffee,5,2,4,5,RandomForest,Scaling,9,{'sigma': 0.3},0.6283333333333333,0.6183798139257639,"{'bootstrap': True, 'ccp_alpha': 0.0, 'class_weight': 'balanced', 'criterion': 'gini', 'max_depth': None, 'max_features': 'sqrt', 'max_leaf_nodes': None, 'max_samples': None, 'min_impurity_decrease': 0.0, 'min_samples_leaf': 2, 'min_samples_split': 2, 'min_weight_fraction_leaf': 0.0, 'monotonic_cst': None, 'n_estimators': 150, 'n_jobs': None, 'oob_score': False, 'random_state': 42, 'verbose': 0, 'warm_start': False}",0.6229050159454346
Coffee,5,2,4,5,LinearSVC,Scaling,9,{'sigma': 0.3},0.5133333333333333,0.5392840086416795,"{'C': np.float64(2.6366508987303554), 'class_weight': 'balanced', 'dual': False, 'fit_intercept': True, 'intercept_scaling': 1, 'loss': 'squared_hinge', 'max_iter': 100, 'multi_class': 'ovr', 'penalty': 'l1', 'random_state': 42, 'tol': 0.0001, 'verbose': 0}",0.027231931686401367
Coffee,5,2,4,5,LogisticRegression,Scaling,9,{'sigma': 0.3},0.5866666666666667,0.6025751507857272,"{'C': np.float64(33.59818286283781), 'class_weight': None, 'dual': False, 'fit_intercept': True, 'intercept_scaling': 1, 'l1_ratio': None, 'max_iter': 100, 'multi_class': 'deprecated', 'n_jobs': None, 'penalty': 'l2', 'random_state': 42, 'solver': 'saga', 'tol': 0.0001, 'verbose': 0, 'warm_start': False}",0.08707952499389648
Coffee,5,2,4,5,KNN,Scaling,10,{'sigma': 0.5},0.57,0.553727899103224,"{'algorithm': 'auto', 'leaf_size': 30, 'metric': 'minkowski', 'metric_params': None, 'n_jobs': None, 'n_neighbors': np.int64(5), 'p': 3, 'weights': 'distance'}",0.04300999641418457
Coffee,5,2,4,5,RandomForest,Scaling,10,{'sigma': 0.5},0.605,0.5836363151636061,"{'bootstrap': True, 'ccp_alpha': 0.0, 'class_weight': None, 'criterion': 'gini', 'max_depth': None, 'max_features': 'sqrt', 'max_leaf_nodes': None, 'max_samples': None, 'min_impurity_decrease': 0.0, 'min_samples_leaf': 4, 'min_samples_split': 2, 'min_weight_fraction_leaf': 0.0, 'monotonic_cst': None, 'n_estimators': 50, 'n_jobs': None, 'oob_score': False, 'random_state': 42, 'verbose': 0, 'warm_start': False}",0.2515077590942383
Coffee,5,2,4,5,LinearSVC,Scaling,10,{'sigma': 0.5},0.465,0.4867049182657962,"{'C': np.float64(33.59818286283781), 'class_weight': None, 'dual': False, 'fit_intercept': True, 'intercept_scaling': 1, 'loss': 'squared_hinge', 'max_iter': 100, 'multi_class': 'ovr', 'penalty': 'l1', 'random_state': 42, 'tol': 0.001, 'verbose': 0}",0.01806330680847168
Coffee,5,2,4,5,LogisticRegression,Scaling,10,{'sigma': 0.5},0.52,0.5311093285289569,"{'C': np.float64(33.59818286283781), 'class_weight': None, 'dual': False, 'fit_intercept': True, 'intercept_scaling': 1, 'l1_ratio': None, 'max_iter': 100, 'multi_class': 'deprecated', 'n_jobs': None, 'penalty': 'l2', 'random_state': 42, 'solver': 'saga', 'tol': 0.0001, 'verbose': 0, 'warm_start': False}",0.08498001098632812
Coffee,5,2,4,10,KNN,Scaling,1,{'sigma': 0.1},0.5566666666666666,0.5522931195092088,"{'algorithm': 'auto', 'leaf_size': 30, 'metric': 'minkowski', 'metric_params': None, 'n_jobs': None, 'n_neighbors': 5, 'p': 2, 'weights': 'uniform'}",0.041027069091796875
Coffee,5,2,4,10,RandomForest,Scaling,1,{'sigma': 0.1},0.65,0.6258428473559356,"{'bootstrap': True, 'ccp_alpha': 0.0, 'class_weight': None, 'criterion': 'gini', 'max_depth': None, 'max_features': 'sqrt', 'max_leaf_nodes': None, 'max_samples': None, 'min_impurity_decrease': 0.0, 'min_samples_leaf': 1, 'min_samples_split': 2, 'min_weight_fraction_leaf': 0.0, 'monotonic_cst': None, 'n_estimators': 100, 'n_jobs': None, 'oob_score': False, 'random_state': 42, 'verbose': 0, 'warm_start': False}",0.7210099697113037
Coffee,5,2,4,10,LinearSVC,Scaling,1,{'sigma': 0.1},0.5033333333333333,0.5173394229262057,"{'C': 1.0, 'class_weight': None, 'dual': False, 'fit_intercept': True, 'intercept_scaling': 1, 'loss': 'squared_hinge', 'max_iter': 100, 'multi_class': 'ovr', 'penalty': 'l2', 'random_state': 42, 'tol': 0.0001, 'verbose': 0}",0.016428470611572266
Coffee,5,2,4,10,LogisticRegression,Scaling,1,{'sigma': 0.1},0.5616666666666666,0.5769699220640382,"{'C': 1.0, 'class_weight': None, 'dual': False, 'fit_intercept': True, 'intercept_scaling': 1, 'l1_ratio': None, 'max_iter': 100, 'multi_class': 'deprecated', 'n_jobs': None, 'penalty': 'l2', 'random_state': 42, 'solver': 'lbfgs', 'tol': 0.0001, 'verbose': 0, 'warm_start': False}",0.1795499324798584
Coffee,5,2,4,10,KNN,Scaling,2,{'sigma': 0.5},0.555,0.5683858894854735,"{'algorithm': 'auto', 'leaf_size': 30, 'metric': 'minkowski', 'metric_params': None, 'n_jobs': None, 'n_neighbors': 5, 'p': 2, 'weights': 'uniform'}",0.041445255279541016
Coffee,5,2,4,10,RandomForest,Scaling,2,{'sigma': 0.5},0.5866666666666667,0.5782360123734512,"{'bootstrap': True, 'ccp_alpha': 0.0, 'class_weight': None, 'criterion': 'gini', 'max_depth': None, 'max_features': 'sqrt', 'max_leaf_nodes': None, 'max_samples': None, 'min_impurity_decrease': 0.0, 'min_samples_leaf': 1, 'min_samples_split': 2, 'min_weight_fraction_leaf': 0.0, 'monotonic_cst': None, 'n_estimators': 100, 'n_jobs': None, 'oob_score': False, 'random_state': 42, 'verbose': 0, 'warm_start': False}",0.8621699810028076
Coffee,5,2,4,10,LinearSVC,Scaling,2,{'sigma': 0.5},0.4666666666666667,0.5053282245578924,"{'C': 1.0, 'class_weight': None, 'dual': False, 'fit_intercept': True, 'intercept_scaling': 1, 'loss': 'squared_hinge', 'max_iter': 100, 'multi_class': 'ovr', 'penalty': 'l2', 'random_state': 42, 'tol': 0.0001, 'verbose': 0}",0.012011528015136719
Coffee,5,2,4,10,LogisticRegression,Scaling,2,{'sigma': 0.5},0.5583333333333333,0.5778037553308104,"{'C': 1.0, 'class_weight': None, 'dual': False, 'fit_intercept': True, 'intercept_scaling': 1, 'l1_ratio': None, 'max_iter': 100, 'multi_class': 'deprecated', 'n_jobs': None, 'penalty': 'l2', 'random_state': 42, 'solver': 'lbfgs', 'tol': 0.0001, 'verbose': 0, 'warm_start': False}",0.044801950454711914
Coffee,5,2,4,10,KNN,Scaling,3,{'sigma': 0.3},0.4866666666666667,0.4484090662689195,"{'algorithm': 'auto', 'leaf_size': 30, 'metric': 'minkowski', 'metric_params': None, 'n_jobs': None, 'n_neighbors': 5, 'p': 2, 'weights': 'uniform'}",0.032465457916259766
Coffee,5,2,4,10,RandomForest,Scaling,3,{'sigma': 0.3},0.46,0.461553328382259,"{'bootstrap': True, 'ccp_alpha': 0.0, 'class_weight': None, 'criterion': 'gini', 'max_depth': None, 'max_features': 'sqrt', 'max_leaf_nodes': None, 'max_samples': None, 'min_impurity_decrease': 0.0, 'min_samples_leaf': 1, 'min_samples_split': 2, 'min_weight_fraction_leaf': 0.0, 'monotonic_cst': None, 'n_estimators': 100, 'n_jobs': None, 'oob_score': False, 'random_state': 42, 'verbose': 0, 'warm_start': False}",0.8374814987182617
Coffee,5,2,4,10,LinearSVC,Scaling,3,{'sigma': 0.3},0.47833333333333333,0.507892464744995,"{'C': 1.0, 'class_weight': None, 'dual': False, 'fit_intercept': True, 'intercept_scaling': 1, 'loss': 'squared_hinge', 'max_iter': 100, 'multi_class': 'ovr', 'penalty': 'l2', 'random_state': 42, 'tol': 0.0001, 'verbose': 0}",0.01559758186340332
Coffee,5,2,4,10,LogisticRegression,Scaling,3,{'sigma': 0.3},0.5166666666666667,0.5529092119275826,"{'C': 1.0, 'class_weight': None, 'dual': False, 'fit_intercept': True, 'intercept_scaling': 1, 'l1_ratio': None, 'max_iter': 100, 'multi_class': 'deprecated', 'n_jobs': None, 'penalty': 'l2', 'random_state': 42, 'solver': 'lbfgs', 'tol': 0.0001, 'verbose': 0, 'warm_start': False}",0.11052894592285156
Coffee,5,2,4,10,KNN,Scaling,4,{'sigma': 0.2},0.51,0.49149003166231864,"{'algorithm': 'auto', 'leaf_size': 30, 'metric': 'minkowski', 'metric_params': None, 'n_jobs': None, 'n_neighbors': 5, 'p': 2, 'weights': 'uniform'}",0.0396723747253418
Coffee,5,2,4,10,RandomForest,Scaling,4,{'sigma': 0.2},0.6283333333333333,0.611008944561738,"{'bootstrap': True, 'ccp_alpha': 0.0, 'class_weight': None, 'criterion': 'gini', 'max_depth': None, 'max_features': 'sqrt', 'max_leaf_nodes': None, 'max_samples': None, 'min_impurity_decrease': 0.0, 'min_samples_leaf': 1, 'min_samples_split': 2, 'min_weight_fraction_leaf': 0.0, 'monotonic_cst': None, 'n_estimators': 100, 'n_jobs': None, 'oob_score': False, 'random_state': 42, 'verbose': 0, 'warm_start': False}",0.8132755756378174
Coffee,5,2,4,10,LinearSVC,Scaling,4,{'sigma': 0.2},0.47,0.510139947271991,"{'C': 1.0, 'class_weight': None, 'dual': False, 'fit_intercept': True, 'intercept_scaling': 1, 'loss': 'squared_hinge', 'max_iter': 100, 'multi_class': 'ovr', 'penalty': 'l2', 'random_state': 42, 'tol': 0.0001, 'verbose': 0}",0.015711307525634766
Coffee,5,2,4,10,LogisticRegression,Scaling,4,{'sigma': 0.2},0.5033333333333333,0.5341710548866617,"{'C': 1.0, 'class_weight': None, 'dual': False, 'fit_intercept': True, 'intercept_scaling': 1, 'l1_ratio': None, 'max_iter': 100, 'multi_class': 'deprecated', 'n_jobs': None, 'penalty': 'l2', 'random_state': 42, 'solver': 'lbfgs', 'tol': 0.0001, 'verbose': 0, 'warm_start': False}",0.13195109367370605
Coffee,5,2,4,10,KNN,Scaling,5,{'sigma': 0.5},0.5416666666666666,0.515126050420168,"{'algorithm': 'auto', 'leaf_size': 30, 'metric': 'minkowski', 'metric_params': None, 'n_jobs': None, 'n_neighbors': 5, 'p': 2, 'weights': 'uniform'}",0.04230928421020508
Coffee,5,2,4,10,RandomForest,Scaling,5,{'sigma': 0.5},0.49666666666666665,0.5020572632802849,"{'bootstrap': True, 'ccp_alpha': 0.0, 'class_weight': None, 'criterion': 'gini', 'max_depth': None, 'max_features': 'sqrt', 'max_leaf_nodes': None, 'max_samples': None, 'min_impurity_decrease': 0.0, 'min_samples_leaf': 1, 'min_samples_split': 2, 'min_weight_fraction_leaf': 0.0, 'monotonic_cst': None, 'n_estimators': 100, 'n_jobs': None, 'oob_score': False, 'random_state': 42, 'verbose': 0, 'warm_start': False}",0.873488187789917
Coffee,5,2,4,10,LinearSVC,Scaling,5,{'sigma': 0.5},0.43833333333333335,0.4701415625664574,"{'C': 1.0, 'class_weight': None, 'dual': False, 'fit_intercept': True, 'intercept_scaling': 1, 'loss': 'squared_hinge', 'max_iter': 100, 'multi_class': 'ovr', 'penalty': 'l2', 'random_state': 42, 'tol': 0.0001, 'verbose': 0}",0.012180089950561523
Coffee,5,2,4,10,LogisticRegression,Scaling,5,{'sigma': 0.5},0.4483333333333333,0.4874211930043597,"{'C': 1.0, 'class_weight': None, 'dual': False, 'fit_intercept': True, 'intercept_scaling': 1, 'l1_ratio': None, 'max_iter': 100, 'multi_class': 'deprecated', 'n_jobs': None, 'penalty': 'l2', 'random_state': 42, 'solver': 'lbfgs', 'tol': 0.0001, 'verbose': 0, 'warm_start': False}",0.21823859214782715
Coffee,5,2,4,10,KNN,Scaling,6,{'sigma': 0.1},0.49333333333333335,0.47343451714905865,"{'algorithm': 'auto', 'leaf_size': 30, 'metric': 'minkowski', 'metric_params': None, 'n_jobs': None, 'n_neighbors': 5, 'p': 2, 'weights': 'uniform'}",0.07218813896179199
Coffee,5,2,4,10,RandomForest,Scaling,6,{'sigma': 0.1},0.5683333333333334,0.5602633068728186,"{'bootstrap': True, 'ccp_alpha': 0.0, 'class_weight': None, 'criterion': 'gini', 'max_depth': None, 'max_features': 'sqrt', 'max_leaf_nodes': None, 'max_samples': None, 'min_impurity_decrease': 0.0, 'min_samples_leaf': 1, 'min_samples_split': 2, 'min_weight_fraction_leaf': 0.0, 'monotonic_cst': None, 'n_estimators': 100, 'n_jobs': None, 'oob_score': False, 'random_state': 42, 'verbose': 0, 'warm_start': False}",0.7154192924499512
Coffee,5,2,4,10,LinearSVC,Scaling,6,{'sigma': 0.1},0.5266666666666666,0.5297589451041406,"{'C': 1.0, 'class_weight': None, 'dual': False, 'fit_intercept': True, 'intercept_scaling': 1, 'loss': 'squared_hinge', 'max_iter': 100, 'multi_class': 'ovr', 'penalty': 'l2', 'random_state': 42, 'tol': 0.0001, 'verbose': 0}",0.01578664779663086
Coffee,5,2,4,10,LogisticRegression,Scaling,6,{'sigma': 0.1},0.5533333333333333,0.5719407746555447,"{'C': 1.0, 'class_weight': None, 'dual': False, 'fit_intercept': True, 'intercept_scaling': 1, 'l1_ratio': None, 'max_iter': 100, 'multi_class': 'deprecated', 'n_jobs': None, 'penalty': 'l2', 'random_state': 42, 'solver': 'lbfgs', 'tol': 0.0001, 'verbose': 0, 'warm_start': False}",0.13671326637268066
Coffee,5,2,4,10,KNN,Scaling,7,{'sigma': 0.3},0.5566666666666666,0.49101676256497656,"{'algorithm': 'auto', 'leaf_size': 30, 'metric': 'minkowski', 'metric_params': None, 'n_jobs': None, 'n_neighbors': 5, 'p': 2, 'weights': 'uniform'}",0.0409393310546875
Coffee,5,2,4,10,RandomForest,Scaling,7,{'sigma': 0.3},0.64,0.6306291103697911,"{'bootstrap': True, 'ccp_alpha': 0.0, 'class_weight': None, 'criterion': 'gini', 'max_depth': None, 'max_features': 'sqrt', 'max_leaf_nodes': None, 'max_samples': None, 'min_impurity_decrease': 0.0, 'min_samples_leaf': 1, 'min_samples_split': 2, 'min_weight_fraction_leaf': 0.0, 'monotonic_cst': None, 'n_estimators': 100, 'n_jobs': None, 'oob_score': False, 'random_state': 42, 'verbose': 0, 'warm_start': False}",0.8893661499023438
Coffee,5,2,4,10,LinearSVC,Scaling,7,{'sigma': 0.3},0.45,0.4780415859865269,"{'C': 1.0, 'class_weight': None, 'dual': False, 'fit_intercept': True, 'intercept_scaling': 1, 'loss': 'squared_hinge', 'max_iter': 100, 'multi_class': 'ovr', 'penalty': 'l2', 'random_state': 42, 'tol': 0.0001, 'verbose': 0}",0.01618027687072754
Coffee,5,2,4,10,LogisticRegression,Scaling,7,{'sigma': 0.3},0.49166666666666664,0.5092535533060062,"{'C': 1.0, 'class_weight': None, 'dual': False, 'fit_intercept': True, 'intercept_scaling': 1, 'l1_ratio': None, 'max_iter': 100, 'multi_class': 'deprecated', 'n_jobs': None, 'penalty': 'l2', 'random_state': 42, 'solver': 'lbfgs', 'tol': 0.0001, 'verbose': 0, 'warm_start': False}",0.1705775260925293
Coffee,5,2,4,10,KNN,Scaling,8,{'sigma': 0.1},0.5516666666666666,0.5472533777088212,"{'algorithm': 'auto', 'leaf_size': 30, 'metric': 'minkowski', 'metric_params': None, 'n_jobs': None, 'n_neighbors': 5, 'p': 2, 'weights': 'uniform'}",0.08683395385742188
Coffee,5,2,4,10,RandomForest,Scaling,8,{'sigma': 0.1},0.6416666666666667,0.6199873477702963,"{'bootstrap': True, 'ccp_alpha': 0.0, 'class_weight': None, 'criterion': 'gini', 'max_depth': None, 'max_features': 'sqrt', 'max_leaf_nodes': None, 'max_samples': None, 'min_impurity_decrease': 0.0, 'min_samples_leaf': 1, 'min_samples_split': 2, 'min_weight_fraction_leaf': 0.0, 'monotonic_cst': None, 'n_estimators': 100, 'n_jobs': None, 'oob_score': False, 'random_state': 42, 'verbose': 0, 'warm_start': False}",0.7059712409973145
Coffee,5,2,4,10,LinearSVC,Scaling,8,{'sigma': 0.1},0.5433333333333333,0.5521333036485966,"{'C': 1.0, 'class_weight': None, 'dual': False, 'fit_intercept': True, 'intercept_scaling': 1, 'loss': 'squared_hinge', 'max_iter': 100, 'multi_class': 'ovr', 'penalty': 'l2', 'random_state': 42, 'tol': 0.0001, 'verbose': 0}",0.013359785079956055
Coffee,5,2,4,10,LogisticRegression,Scaling,8,{'sigma': 0.1},0.6,0.6097454018029024,"{'C': 1.0, 'class_weight': None, 'dual': False, 'fit_intercept': True, 'intercept_scaling': 1, 'l1_ratio': None, 'max_iter': 100, 'multi_class': 'deprecated', 'n_jobs': None, 'penalty': 'l2', 'random_state': 42, 'solver': 'lbfgs', 'tol': 0.0001, 'verbose': 0, 'warm_start': False}",0.16559052467346191
Coffee,5,2,4,10,KNN,Scaling,9,{'sigma': 0.3},0.48,0.43671462088941476,"{'algorithm': 'auto', 'leaf_size': 30, 'metric': 'minkowski', 'metric_params': None, 'n_jobs': None, 'n_neighbors': 5, 'p': 2, 'weights': 'uniform'}",0.03740739822387695
Coffee,5,2,4,10,RandomForest,Scaling,9,{'sigma': 0.3},0.53,0.5248008638936995,"{'bootstrap': True, 'ccp_alpha': 0.0, 'class_weight': None, 'criterion': 'gini', 'max_depth': None, 'max_features': 'sqrt', 'max_leaf_nodes': None, 'max_samples': None, 'min_impurity_decrease': 0.0, 'min_samples_leaf': 1, 'min_samples_split': 2, 'min_weight_fraction_leaf': 0.0, 'monotonic_cst': None, 'n_estimators': 100, 'n_jobs': None, 'oob_score': False, 'random_state': 42, 'verbose': 0, 'warm_start': False}",0.8434054851531982
Coffee,5,2,4,10,LinearSVC,Scaling,9,{'sigma': 0.3},0.4766666666666667,0.5198813513170241,"{'C': 1.0, 'class_weight': None, 'dual': False, 'fit_intercept': True, 'intercept_scaling': 1, 'loss': 'squared_hinge', 'max_iter': 100, 'multi_class': 'ovr', 'penalty': 'l2', 'random_state': 42, 'tol': 0.0001, 'verbose': 0}",0.015009164810180664
Coffee,5,2,4,10,LogisticRegression,Scaling,9,{'sigma': 0.3},0.5316666666666666,0.568100358422939,"{'C': 1.0, 'class_weight': None, 'dual': False, 'fit_intercept': True, 'intercept_scaling': 1, 'l1_ratio': None, 'max_iter': 100, 'multi_class': 'deprecated', 'n_jobs': None, 'penalty': 'l2', 'random_state': 42, 'solver': 'lbfgs', 'tol': 0.0001, 'verbose': 0, 'warm_start': False}",0.1159660816192627
Coffee,5,2,4,10,KNN,Scaling,10,{'sigma': 0.5},0.5816666666666667,0.5891575091575092,"{'algorithm': 'auto', 'leaf_size': 30, 'metric': 'minkowski', 'metric_params': None, 'n_jobs': None, 'n_neighbors': 5, 'p': 2, 'weights': 'uniform'}",0.046288251876831055
Coffee,5,2,4,10,RandomForest,Scaling,10,{'sigma': 0.5},0.6583333333333333,0.6385203491718697,"{'bootstrap': True, 'ccp_alpha': 0.0, 'class_weight': None, 'criterion': 'gini', 'max_depth': None, 'max_features': 'sqrt', 'max_leaf_nodes': None, 'max_samples': None, 'min_impurity_decrease': 0.0, 'min_samples_leaf': 1, 'min_samples_split': 2, 'min_weight_fraction_leaf': 0.0, 'monotonic_cst': None, 'n_estimators': 100, 'n_jobs': None, 'oob_score': False, 'random_state': 42, 'verbose': 0, 'warm_start': False}",0.9882481098175049
Coffee,5,2,4,10,LinearSVC,Scaling,10,{'sigma': 0.5},0.45666666666666667,0.5083625492096314,"{'C': 1.0, 'class_weight': None, 'dual': False, 'fit_intercept': True, 'intercept_scaling': 1, 'loss': 'squared_hinge', 'max_iter': 100, 'multi_class': 'ovr', 'penalty': 'l2', 'random_state': 42, 'tol': 0.0001, 'verbose': 0}",0.014962196350097656
Coffee,5,2,4,10,LogisticRegression,Scaling,10,{'sigma': 0.5},0.585,0.6091283993014279,"{'C': 1.0, 'class_weight': None, 'dual': False, 'fit_intercept': True, 'intercept_scaling': 1, 'l1_ratio': None, 'max_iter': 100, 'multi_class': 'deprecated', 'n_jobs': None, 'penalty': 'l2', 'random_state': 42, 'solver': 'lbfgs', 'tol': 0.0001, 'verbose': 0, 'warm_start': False}",0.25869226455688477
Coffee,5,2,5,1,KNN,Baseline,N/A,N/A,0.495,0.4775934578028629,"{'algorithm': 'auto', 'leaf_size': 30, 'metric': 'minkowski', 'metric_params': None, 'n_jobs': None, 'n_neighbors': 5, 'p': 2, 'weights': 'uniform'}",0.0509030818939209
Coffee,5,2,5,1,KNN,Tuned_Baseline,N/A,N/A,0.48833333333333334,0.4708434068429224,"{'algorithm': 'auto', 'leaf_size': 30, 'metric': 'minkowski', 'metric_params': None, 'n_jobs': None, 'n_neighbors': np.int64(5), 'p': 3, 'weights': 'distance'}",0.013445854187011719
Coffee,5,2,5,1,RandomForest,Baseline,N/A,N/A,0.4583333333333333,0.4357268037420088,"{'bootstrap': True, 'ccp_alpha': 0.0, 'class_weight': None, 'criterion': 'gini', 'max_depth': None, 'max_features': 'sqrt', 'max_leaf_nodes': None, 'max_samples': None, 'min_impurity_decrease': 0.0, 'min_samples_leaf': 1, 'min_samples_split': 2, 'min_weight_fraction_leaf': 0.0, 'monotonic_cst': None, 'n_estimators': 100, 'n_jobs': None, 'oob_score': False, 'random_state': 42, 'verbose': 0, 'warm_start': False}",0.16574454307556152
Coffee,5,2,5,1,RandomForest,Tuned_Baseline,N/A,N/A,0.4716666666666667,0.45019387020692214,"{'bootstrap': True, 'ccp_alpha': 0.0, 'class_weight': 'balanced', 'criterion': 'gini', 'max_depth': 30, 'max_features': 'sqrt', 'max_leaf_nodes': None, 'max_samples': None, 'min_impurity_decrease': 0.0, 'min_samples_leaf': 1, 'min_samples_split': 2, 'min_weight_fraction_leaf': 0.0, 'monotonic_cst': None, 'n_estimators': 150, 'n_jobs': None, 'oob_score': False, 'random_state': 42, 'verbose': 0, 'warm_start': False}",0.008566856384277344
Coffee,5,2,5,1,LinearSVC,Baseline,N/A,N/A,0.51,0.49009540730033974,"{'C': 1.0, 'class_weight': None, 'dual': False, 'fit_intercept': True, 'intercept_scaling': 1, 'loss': 'squared_hinge', 'max_iter': 100, 'multi_class': 'ovr', 'penalty': 'l2', 'random_state': 42, 'tol': 0.0001, 'verbose': 0}",0.0026564598083496094
Coffee,5,2,5,1,LinearSVC,Tuned_Baseline,N/A,N/A,0.43166666666666664,0.39263587475749623,"{'C': np.float64(14.38449888287663), 'class_weight': 'balanced', 'dual': False, 'fit_intercept': False, 'intercept_scaling': 1, 'loss': 'squared_hinge', 'max_iter': 100, 'multi_class': 'ovr', 'penalty': 'l2', 'random_state': 42, 'tol': 0.001, 'verbose': 0}",0.00025916099548339844
Coffee,5,2,5,1,LogisticRegression,Baseline,N/A,N/A,0.47,0.4453479517094643,"{'C': 1.0, 'class_weight': None, 'dual': False, 'fit_intercept': True, 'intercept_scaling': 1, 'l1_ratio': None, 'max_iter': 100, 'multi_class': 'deprecated', 'n_jobs': None, 'penalty': 'l2', 'random_state': 42, 'solver': 'lbfgs', 'tol': 0.0001, 'verbose': 0, 'warm_start': False}",0.12499880790710449
Coffee,5,2,5,1,LogisticRegression,Tuned_Baseline,N/A,N/A,0.49166666666666664,0.46806207046267057,"{'C': np.float64(183.29807108324337), 'class_weight': 'balanced', 'dual': False, 'fit_intercept': False, 'intercept_scaling': 1, 'l1_ratio': None, 'max_iter': 100, 'multi_class': 'deprecated', 'n_jobs': None, 'penalty': 'l2', 'random_state': 42, 'solver': 'sag', 'tol': 0.0001, 'verbose': 0, 'warm_start': False}",0.0002028942108154297
Coffee,5,2,5,1,RNN,Tuned_Baseline,N/A,N/A,0.16666666666666666,0.047619047619047616,"{'hidden_size': 64, 'epochs': 10, 'batch_size': 32, 'lr': 0.001}",1.7642974853515625e-05
Coffee,5,2,5,2,KNN,Scaling,1,{'sigma': 0.1},0.49666666666666665,0.47826006164623797,"{'algorithm': 'auto', 'leaf_size': 30, 'metric': 'euclidean', 'metric_params': None, 'n_jobs': None, 'n_neighbors': np.int64(9), 'p': 2, 'weights': 'distance'}",0.007437229156494141
Coffee,5,2,5,2,RandomForest,Scaling,1,{'sigma': 0.1},0.49666666666666665,0.4749126829387748,"{'bootstrap': True, 'ccp_alpha': 0.0, 'class_weight': 'balanced', 'criterion': 'gini', 'max_depth': 30, 'max_features': 'sqrt', 'max_leaf_nodes': None, 'max_samples': None, 'min_impurity_decrease': 0.0, 'min_samples_leaf': 1, 'min_samples_split': 2, 'min_weight_fraction_leaf': 0.0, 'monotonic_cst': None, 'n_estimators': 150, 'n_jobs': None, 'oob_score': False, 'random_state': 42, 'verbose': 0, 'warm_start': False}",0.2751586437225342
Coffee,5,2,5,2,LinearSVC,Scaling,1,{'sigma': 0.1},0.5266666666666666,0.5104908805669391,"{'C': np.float64(33.59818286283781), 'class_weight': 'balanced', 'dual': False, 'fit_intercept': True, 'intercept_scaling': 1, 'loss': 'squared_hinge', 'max_iter': 100, 'multi_class': 'ovr', 'penalty': 'l1', 'random_state': 42, 'tol': 0.0001, 'verbose': 0}",0.011492013931274414
Coffee,5,2,5,2,LogisticRegression,Scaling,1,{'sigma': 0.1},0.4666666666666667,0.4417029604738817,"{'C': np.float64(33.59818286283781), 'class_weight': 'balanced', 'dual': False, 'fit_intercept': True, 'intercept_scaling': 1, 'l1_ratio': None, 'max_iter': 100, 'multi_class': 'deprecated', 'n_jobs': None, 'penalty': 'l1', 'random_state': 42, 'solver': 'saga', 'tol': 0.0001, 'verbose': 0, 'warm_start': False}",0.049169301986694336
Coffee,5,2,5,2,KNN,Scaling,2,{'sigma': 0.5},0.49333333333333335,0.47466325478906773,"{'algorithm': 'auto', 'leaf_size': 30, 'metric': 'euclidean', 'metric_params': None, 'n_jobs': None, 'n_neighbors': np.int64(9), 'p': 2, 'weights': 'distance'}",0.009103059768676758
Coffee,5,2,5,2,RandomForest,Scaling,2,{'sigma': 0.5},0.475,0.44962642255371627,"{'bootstrap': True, 'ccp_alpha': 0.0, 'class_weight': 'balanced', 'criterion': 'gini', 'max_depth': 20, 'max_features': 'sqrt', 'max_leaf_nodes': None, 'max_samples': None, 'min_impurity_decrease': 0.0, 'min_samples_leaf': 2, 'min_samples_split': 5, 'min_weight_fraction_leaf': 0.0, 'monotonic_cst': None, 'n_estimators': 50, 'n_jobs': None, 'oob_score': False, 'random_state': 42, 'verbose': 0, 'warm_start': False}",0.12125730514526367
Coffee,5,2,5,2,LinearSVC,Scaling,2,{'sigma': 0.5},0.4633333333333333,0.4410858063031976,"{'C': np.float64(183.29807108324337), 'class_weight': None, 'dual': False, 'fit_intercept': True, 'intercept_scaling': 1, 'loss': 'squared_hinge', 'max_iter': 100, 'multi_class': 'ovr', 'penalty': 'l1', 'random_state': 42, 'tol': 0.001, 'verbose': 0}",0.00953054428100586
Coffee,5,2,5,2,LogisticRegression,Scaling,2,{'sigma': 0.5},0.39666666666666667,0.36642532256567345,"{'C': np.float64(1000.0), 'class_weight': 'balanced', 'dual': False, 'fit_intercept': True, 'intercept_scaling': 1, 'l1_ratio': None, 'max_iter': 100, 'multi_class': 'deprecated', 'n_jobs': None, 'penalty': 'l2', 'random_state': 42, 'solver': 'sag', 'tol': 0.0001, 'verbose': 0, 'warm_start': False}",0.034433603286743164
Coffee,5,2,5,2,KNN,Scaling,3,{'sigma': 0.3},0.49833333333333335,0.48065004576523856,"{'algorithm': 'auto', 'leaf_size': 30, 'metric': 'euclidean', 'metric_params': None, 'n_jobs': None, 'n_neighbors': np.int64(9), 'p': 2, 'weights': 'distance'}",0.007586479187011719
Coffee,5,2,5,2,RandomForest,Scaling,3,{'sigma': 0.3},0.5066666666666667,0.4838639883879853,"{'bootstrap': True, 'ccp_alpha': 0.0, 'class_weight': None, 'criterion': 'gini', 'max_depth': 20, 'max_features': 'sqrt', 'max_leaf_nodes': None, 'max_samples': None, 'min_impurity_decrease': 0.0, 'min_samples_leaf': 1, 'min_samples_split': 2, 'min_weight_fraction_leaf': 0.0, 'monotonic_cst': None, 'n_estimators': 100, 'n_jobs': None, 'oob_score': False, 'random_state': 42, 'verbose': 0, 'warm_start': False}",0.24297261238098145
Coffee,5,2,5,2,LinearSVC,Scaling,3,{'sigma': 0.3},0.51,0.4914982403217698,"{'C': np.float64(33.59818286283781), 'class_weight': 'balanced', 'dual': False, 'fit_intercept': True, 'intercept_scaling': 1, 'loss': 'squared_hinge', 'max_iter': 100, 'multi_class': 'ovr', 'penalty': 'l1', 'random_state': 42, 'tol': 0.0001, 'verbose': 0}",0.011642694473266602
Coffee,5,2,5,2,LogisticRegression,Scaling,3,{'sigma': 0.3},0.49166666666666664,0.46802583484154864,"{'C': np.float64(183.29807108324337), 'class_weight': None, 'dual': False, 'fit_intercept': True, 'intercept_scaling': 1, 'l1_ratio': None, 'max_iter': 100, 'multi_class': 'deprecated', 'n_jobs': None, 'penalty': 'l2', 'random_state': 42, 'solver': 'saga', 'tol': 0.0001, 'verbose': 0, 'warm_start': False}",0.037062644958496094
Coffee,5,2,5,2,KNN,Scaling,4,{'sigma': 0.2},0.5016666666666667,0.49229080271796505,"{'algorithm': 'auto', 'leaf_size': 30, 'metric': 'chebyshev', 'metric_params': None, 'n_jobs': None, 'n_neighbors': np.int64(5), 'p': 2, 'weights': 'uniform'}",0.030499696731567383
Coffee,5,2,5,2,RandomForest,Scaling,4,{'sigma': 0.2},0.46166666666666667,0.4396819024679322,"{'bootstrap': True, 'ccp_alpha': 0.0, 'class_weight': 'balanced', 'criterion': 'gini', 'max_depth': 30, 'max_features': 'sqrt', 'max_leaf_nodes': None, 'max_samples': None, 'min_impurity_decrease': 0.0, 'min_samples_leaf': 1, 'min_samples_split': 2, 'min_weight_fraction_leaf': 0.0, 'monotonic_cst': None, 'n_estimators': 150, 'n_jobs': None, 'oob_score': False, 'random_state': 42, 'verbose': 0, 'warm_start': False}",0.3447561264038086
Coffee,5,2,5,2,LinearSVC,Scaling,4,{'sigma': 0.2},0.5433333333333333,0.5339312666898874,"{'C': np.float64(0.2069138081114788), 'class_weight': 'balanced', 'dual': False, 'fit_intercept': False, 'intercept_scaling': 1, 'loss': 'squared_hinge', 'max_iter': 100, 'multi_class': 'ovr', 'penalty': 'l2', 'random_state': 42, 'tol': 0.0001, 'verbose': 0}",0.005059480667114258
Coffee,5,2,5,2,LogisticRegression,Scaling,4,{'sigma': 0.2},0.39666666666666667,0.3680502598101316,"{'C': np.float64(183.29807108324337), 'class_weight': 'balanced', 'dual': False, 'fit_intercept': True, 'intercept_scaling': 1, 'l1_ratio': None, 'max_iter': 100, 'multi_class': 'deprecated', 'n_jobs': None, 'penalty': 'l1', 'random_state': 42, 'solver': 'saga', 'tol': 0.0001, 'verbose': 0, 'warm_start': False}",0.04935169219970703
Coffee,5,2,5,2,KNN,Scaling,5,{'sigma': 0.5},0.47333333333333333,0.45173667906988935,"{'algorithm': 'auto', 'leaf_size': 30, 'metric': 'euclidean', 'metric_params': None, 'n_jobs': None, 'n_neighbors': np.int64(9), 'p': 2, 'weights': 'distance'}",0.009176492691040039
Coffee,5,2,5,2,RandomForest,Scaling,5,{'sigma': 0.5},0.49166666666666664,0.4699739873652917,"{'bootstrap': True, 'ccp_alpha': 0.0, 'class_weight': 'balanced', 'criterion': 'gini', 'max_depth': 30, 'max_features': 'sqrt', 'max_leaf_nodes': None, 'max_samples': None, 'min_impurity_decrease': 0.0, 'min_samples_leaf': 1, 'min_samples_split': 2, 'min_weight_fraction_leaf': 0.0, 'monotonic_cst': None, 'n_estimators': 150, 'n_jobs': None, 'oob_score': False, 'random_state': 42, 'verbose': 0, 'warm_start': False}",0.34340357780456543
Coffee,5,2,5,2,LinearSVC,Scaling,5,{'sigma': 0.5},0.5966666666666667,0.5885304044218772,"{'C': np.float64(33.59818286283781), 'class_weight': 'balanced', 'dual': False, 'fit_intercept': True, 'intercept_scaling': 1, 'loss': 'squared_hinge', 'max_iter': 100, 'multi_class': 'ovr', 'penalty': 'l1', 'random_state': 42, 'tol': 0.0001, 'verbose': 0}",0.01018977165222168
Coffee,5,2,5,2,LogisticRegression,Scaling,5,{'sigma': 0.5},0.5283333333333333,0.5125032927000142,"{'C': np.float64(183.29807108324337), 'class_weight': None, 'dual': False, 'fit_intercept': True, 'intercept_scaling': 1, 'l1_ratio': None, 'max_iter': 100, 'multi_class': 'deprecated', 'n_jobs': None, 'penalty': 'l2', 'random_state': 42, 'solver': 'saga', 'tol': 0.0001, 'verbose': 0, 'warm_start': False}",0.03575539588928223
Coffee,5,2,5,2,KNN,Scaling,6,{'sigma': 0.1},0.49833333333333335,0.4808877359410862,"{'algorithm': 'auto', 'leaf_size': 30, 'metric': 'euclidean', 'metric_params': None, 'n_jobs': None, 'n_neighbors': np.int64(9), 'p': 2, 'weights': 'distance'}",0.007665872573852539
Coffee,5,2,5,2,RandomForest,Scaling,6,{'sigma': 0.1},0.4716666666666667,0.44984104859305435,"{'bootstrap': True, 'ccp_alpha': 0.0, 'class_weight': 'balanced', 'criterion': 'gini', 'max_depth': 30, 'max_features': 'sqrt', 'max_leaf_nodes': None, 'max_samples': None, 'min_impurity_decrease': 0.0, 'min_samples_leaf': 1, 'min_samples_split': 2, 'min_weight_fraction_leaf': 0.0, 'monotonic_cst': None, 'n_estimators': 150, 'n_jobs': None, 'oob_score': False, 'random_state': 42, 'verbose': 0, 'warm_start': False}",0.34978556632995605
Coffee,5,2,5,2,LinearSVC,Scaling,6,{'sigma': 0.1},0.5433333333333333,0.529502750078887,"{'C': np.float64(183.29807108324337), 'class_weight': None, 'dual': False, 'fit_intercept': True, 'intercept_scaling': 1, 'loss': 'squared_hinge', 'max_iter': 100, 'multi_class': 'ovr', 'penalty': 'l1', 'random_state': 42, 'tol': 0.001, 'verbose': 0}",0.00819253921508789
Coffee,5,2,5,2,LogisticRegression,Scaling,6,{'sigma': 0.1},0.475,0.44748613347647165,"{'C': np.float64(183.29807108324337), 'class_weight': None, 'dual': False, 'fit_intercept': True, 'intercept_scaling': 1, 'l1_ratio': None, 'max_iter': 100, 'multi_class': 'deprecated', 'n_jobs': None, 'penalty': 'l2', 'random_state': 42, 'solver': 'saga', 'tol': 0.0001, 'verbose': 0, 'warm_start': False}",0.037055015563964844
Coffee,5,2,5,2,KNN,Scaling,7,{'sigma': 0.3},0.5,0.4904040404040404,"{'algorithm': 'auto', 'leaf_size': 30, 'metric': 'chebyshev', 'metric_params': None, 'n_jobs': None, 'n_neighbors': np.int64(5), 'p': 2, 'weights': 'uniform'}",0.030116558074951172
Coffee,5,2,5,2,RandomForest,Scaling,7,{'sigma': 0.3},0.43833333333333335,0.413807789544311,"{'bootstrap': True, 'ccp_alpha': 0.0, 'class_weight': 'balanced', 'criterion': 'gini', 'max_depth': None, 'max_features': 'sqrt', 'max_leaf_nodes': None, 'max_samples': None, 'min_impurity_decrease': 0.0, 'min_samples_leaf': 1, 'min_samples_split': 2, 'min_weight_fraction_leaf': 0.0, 'monotonic_cst': None, 'n_estimators': 50, 'n_jobs': None, 'oob_score': False, 'random_state': 42, 'verbose': 0, 'warm_start': False}",0.10226964950561523
Coffee,5,2,5,2,LinearSVC,Scaling,7,{'sigma': 0.3},0.45666666666666667,0.432712614815158,"{'C': np.float64(0.2069138081114788), 'class_weight': None, 'dual': False, 'fit_intercept': False, 'intercept_scaling': 1, 'loss': 'squared_hinge', 'max_iter': 100, 'multi_class': 'ovr', 'penalty': 'l2', 'random_state': 42, 'tol': 0.001, 'verbose': 0}",0.004749774932861328
Coffee,5,2,5,2,LogisticRegression,Scaling,7,{'sigma': 0.3},0.37,0.33822917820344744,"{'C': np.float64(33.59818286283781), 'class_weight': 'balanced', 'dual': False, 'fit_intercept': True, 'intercept_scaling': 1, 'l1_ratio': None, 'max_iter': 100, 'multi_class': 'deprecated', 'n_jobs': None, 'penalty': 'l1', 'random_state': 42, 'solver': 'saga', 'tol': 0.0001, 'verbose': 0, 'warm_start': False}",0.04048037528991699
Coffee,5,2,5,2,KNN,Scaling,8,{'sigma': 0.1},0.5,0.4833014544010971,"{'algorithm': 'auto', 'leaf_size': 30, 'metric': 'euclidean', 'metric_params': None, 'n_jobs': None, 'n_neighbors': np.int64(9), 'p': 2, 'weights': 'distance'}",0.007896184921264648
Coffee,5,2,5,2,RandomForest,Scaling,8,{'sigma': 0.1},0.475,0.4529539900417772,"{'bootstrap': True, 'ccp_alpha': 0.0, 'class_weight': 'balanced', 'criterion': 'gini', 'max_depth': 30, 'max_features': 'sqrt', 'max_leaf_nodes': None, 'max_samples': None, 'min_impurity_decrease': 0.0, 'min_samples_leaf': 1, 'min_samples_split': 2, 'min_weight_fraction_leaf': 0.0, 'monotonic_cst': None, 'n_estimators': 150, 'n_jobs': None, 'oob_score': False, 'random_state': 42, 'verbose': 0, 'warm_start': False}",0.3145287036895752
Coffee,5,2,5,2,LinearSVC,Scaling,8,{'sigma': 0.1},0.49,0.46563442551474643,"{'C': np.float64(0.2069138081114788), 'class_weight': None, 'dual': False, 'fit_intercept': False, 'intercept_scaling': 1, 'loss': 'squared_hinge', 'max_iter': 100, 'multi_class': 'ovr', 'penalty': 'l2', 'random_state': 42, 'tol': 0.001, 'verbose': 0}",0.003929853439331055
Coffee,5,2,5,2,LogisticRegression,Scaling,8,{'sigma': 0.1},0.4683333333333333,0.4415493797061619,"{'C': np.float64(183.29807108324337), 'class_weight': None, 'dual': False, 'fit_intercept': True, 'intercept_scaling': 1, 'l1_ratio': None, 'max_iter': 100, 'multi_class': 'deprecated', 'n_jobs': None, 'penalty': 'l2', 'random_state': 42, 'solver': 'saga', 'tol': 0.0001, 'verbose': 0, 'warm_start': False}",0.03539776802062988
Coffee,5,2,5,2,KNN,Scaling,9,{'sigma': 0.3},0.605,0.5994808721705202,"{'algorithm': 'auto', 'leaf_size': 30, 'metric': 'euclidean', 'metric_params': None, 'n_jobs': None, 'n_neighbors': np.int64(9), 'p': 2, 'weights': 'distance'}",0.007657289505004883
Coffee,5,2,5,2,RandomForest,Scaling,9,{'sigma': 0.3},0.5116666666666667,0.4926765293936682,"{'bootstrap': True, 'ccp_alpha': 0.0, 'class_weight': 'balanced', 'criterion': 'gini', 'max_depth': 30, 'max_features': 'sqrt', 'max_leaf_nodes': None, 'max_samples': None, 'min_impurity_decrease': 0.0, 'min_samples_leaf': 1, 'min_samples_split': 2, 'min_weight_fraction_leaf': 0.0, 'monotonic_cst': None, 'n_estimators': 150, 'n_jobs': None, 'oob_score': False, 'random_state': 42, 'verbose': 0, 'warm_start': False}",0.3016476631164551
Coffee,5,2,5,2,LinearSVC,Scaling,9,{'sigma': 0.3},0.6116666666666667,0.6047656369255674,"{'C': np.float64(0.4832930238571752), 'class_weight': 'balanced', 'dual': False, 'fit_intercept': True, 'intercept_scaling': 1, 'loss': 'squared_hinge', 'max_iter': 100, 'multi_class': 'ovr', 'penalty': 'l2', 'random_state': 42, 'tol': 0.0001, 'verbose': 0}",0.004594564437866211
Coffee,5,2,5,2,LogisticRegression,Scaling,9,{'sigma': 0.3},0.6083333333333333,0.6018399351732685,"{'C': np.float64(183.29807108324337), 'class_weight': None, 'dual': False, 'fit_intercept': True, 'intercept_scaling': 1, 'l1_ratio': None, 'max_iter': 100, 'multi_class': 'deprecated', 'n_jobs': None, 'penalty': 'l2', 'random_state': 42, 'solver': 'saga', 'tol': 0.0001, 'verbose': 0, 'warm_start': False}",0.030608654022216797
Coffee,5,2,5,2,KNN,Scaling,10,{'sigma': 0.5},0.49666666666666665,0.48080330031163176,"{'algorithm': 'auto', 'leaf_size': 30, 'metric': 'euclidean', 'metric_params': None, 'n_jobs': None, 'n_neighbors': np.int64(9), 'p': 2, 'weights': 'distance'}",0.00928187370300293
Coffee,5,2,5,2,RandomForest,Scaling,10,{'sigma': 0.5},0.425,0.40067962479731467,"{'bootstrap': True, 'ccp_alpha': 0.0, 'class_weight': 'balanced', 'criterion': 'gini', 'max_depth': None, 'max_features': 'sqrt', 'max_leaf_nodes': None, 'max_samples': None, 'min_impurity_decrease': 0.0, 'min_samples_leaf': 1, 'min_samples_split': 2, 'min_weight_fraction_leaf': 0.0, 'monotonic_cst': None, 'n_estimators': 50, 'n_jobs': None, 'oob_score': False, 'random_state': 42, 'verbose': 0, 'warm_start': False}",0.10200643539428711
Coffee,5,2,5,2,LinearSVC,Scaling,10,{'sigma': 0.5},0.46,0.45523142245698117,"{'C': np.float64(0.2069138081114788), 'class_weight': 'balanced', 'dual': False, 'fit_intercept': False, 'intercept_scaling': 1, 'loss': 'squared_hinge', 'max_iter': 100, 'multi_class': 'ovr', 'penalty': 'l2', 'random_state': 42, 'tol': 0.0001, 'verbose': 0}",0.004678010940551758
Coffee,5,2,5,2,LogisticRegression,Scaling,10,{'sigma': 0.5},0.3983333333333333,0.3715211955003606,"{'C': np.float64(183.29807108324337), 'class_weight': 'balanced', 'dual': False, 'fit_intercept': True, 'intercept_scaling': 1, 'l1_ratio': None, 'max_iter': 100, 'multi_class': 'deprecated', 'n_jobs': None, 'penalty': 'l1', 'random_state': 42, 'solver': 'saga', 'tol': 0.0001, 'verbose': 0, 'warm_start': False}",0.04324483871459961
Coffee,5,2,5,3,KNN,Scaling,1,{'sigma': 0.1},0.48833333333333334,0.4720354430718127,"{'algorithm': 'auto', 'leaf_size': 30, 'metric': 'minkowski', 'metric_params': None, 'n_jobs': None, 'n_neighbors': np.int64(13), 'p': 4, 'weights': 'distance'}",0.029698610305786133
Coffee,5,2,5,3,RandomForest,Scaling,1,{'sigma': 0.1},0.45,0.42758059793981557,"{'bootstrap': True, 'ccp_alpha': 0.0, 'class_weight': 'balanced', 'criterion': 'gini', 'max_depth': 30, 'max_features': 'sqrt', 'max_leaf_nodes': None, 'max_samples': None, 'min_impurity_decrease': 0.0, 'min_samples_leaf': 1, 'min_samples_split': 2, 'min_weight_fraction_leaf': 0.0, 'monotonic_cst': None, 'n_estimators': 150, 'n_jobs': None, 'oob_score': False, 'random_state': 42, 'verbose': 0, 'warm_start': False}",0.3698549270629883
Coffee,5,2,5,3,LinearSVC,Scaling,1,{'sigma': 0.1},0.6116666666666667,0.6042305561499313,"{'C': np.float64(1000.0), 'class_weight': 'balanced', 'dual': False, 'fit_intercept': True, 'intercept_scaling': 1, 'loss': 'squared_hinge', 'max_iter': 100, 'multi_class': 'ovr', 'penalty': 'l2', 'random_state': 42, 'tol': 0.001, 'verbose': 0}",0.0054738521575927734
Coffee,5,2,5,3,LogisticRegression,Scaling,1,{'sigma': 0.1},0.4683333333333333,0.4401286728852627,"{'C': np.float64(33.59818286283781), 'class_weight': 'balanced', 'dual': False, 'fit_intercept': True, 'intercept_scaling': 1, 'l1_ratio': None, 'max_iter': 100, 'multi_class': 'deprecated', 'n_jobs': None, 'penalty': 'l2', 'random_state': 42, 'solver': 'saga', 'tol': 0.0001, 'verbose': 0, 'warm_start': False}",0.044249534606933594
Coffee,5,2,5,3,KNN,Scaling,2,{'sigma': 0.5},0.49,0.476548463707515,"{'algorithm': 'auto', 'leaf_size': 30, 'metric': 'minkowski', 'metric_params': None, 'n_jobs': None, 'n_neighbors': np.int64(13), 'p': 4, 'weights': 'distance'}",0.03728008270263672
Coffee,5,2,5,3,RandomForest,Scaling,2,{'sigma': 0.5},0.49,0.4648514264938734,"{'bootstrap': True, 'ccp_alpha': 0.0, 'class_weight': 'balanced', 'criterion': 'gini', 'max_depth': None, 'max_features': 'sqrt', 'max_leaf_nodes': None, 'max_samples': None, 'min_impurity_decrease': 0.0, 'min_samples_leaf': 1, 'min_samples_split': 2, 'min_weight_fraction_leaf': 0.0, 'monotonic_cst': None, 'n_estimators': 50, 'n_jobs': None, 'oob_score': False, 'random_state': 42, 'verbose': 0, 'warm_start': False}",0.13234400749206543
Coffee,5,2,5,3,LinearSVC,Scaling,2,{'sigma': 0.5},0.6116666666666667,0.6069474146009896,"{'C': np.float64(0.4832930238571752), 'class_weight': 'balanced', 'dual': False, 'fit_intercept': True, 'intercept_scaling': 1, 'loss': 'squared_hinge', 'max_iter': 100, 'multi_class': 'ovr', 'penalty': 'l2', 'random_state': 42, 'tol': 0.0001, 'verbose': 0}",0.007016658782958984
Coffee,5,2,5,3,LogisticRegression,Scaling,2,{'sigma': 0.5},0.45666666666666667,0.4355499653233515,"{'C': np.float64(1000.0), 'class_weight': 'balanced', 'dual': False, 'fit_intercept': True, 'intercept_scaling': 1, 'l1_ratio': None, 'max_iter': 100, 'multi_class': 'deprecated', 'n_jobs': None, 'penalty': 'l2', 'random_state': 42, 'solver': 'sag', 'tol': 0.0001, 'verbose': 0, 'warm_start': False}",0.04322552680969238
Coffee,5,2,5,3,KNN,Scaling,3,{'sigma': 0.3},0.49666666666666665,0.47803862886532633,"{'algorithm': 'auto', 'leaf_size': 30, 'metric': 'euclidean', 'metric_params': None, 'n_jobs': None, 'n_neighbors': np.int64(9), 'p': 2, 'weights': 'distance'}",0.009385824203491211
Coffee,5,2,5,3,RandomForest,Scaling,3,{'sigma': 0.3},0.475,0.4527777777777777,"{'bootstrap': True, 'ccp_alpha': 0.0, 'class_weight': None, 'criterion': 'gini', 'max_depth': 30, 'max_features': 'sqrt', 'max_leaf_nodes': None, 'max_samples': None, 'min_impurity_decrease': 0.0, 'min_samples_leaf': 4, 'min_samples_split': 2, 'min_weight_fraction_leaf': 0.0, 'monotonic_cst': None, 'n_estimators': 50, 'n_jobs': None, 'oob_score': False, 'random_state': 42, 'verbose': 0, 'warm_start': False}",0.1288127899169922
Coffee,5,2,5,3,LinearSVC,Scaling,3,{'sigma': 0.3},0.48833333333333334,0.47193854054470646,"{'C': np.float64(1000.0), 'class_weight': 'balanced', 'dual': False, 'fit_intercept': True, 'intercept_scaling': 1, 'loss': 'squared_hinge', 'max_iter': 100, 'multi_class': 'ovr', 'penalty': 'l2', 'random_state': 42, 'tol': 0.001, 'verbose': 0}",0.004611968994140625
Coffee,5,2,5,3,LogisticRegression,Scaling,3,{'sigma': 0.3},0.3516666666666667,0.3166524185431749,"{'C': np.float64(2.6366508987303554), 'class_weight': 'balanced', 'dual': False, 'fit_intercept': True, 'intercept_scaling': 1, 'l1_ratio': None, 'max_iter': 100, 'multi_class': 'deprecated', 'n_jobs': None, 'penalty': 'l1', 'random_state': 42, 'solver': 'saga', 'tol': 0.0001, 'verbose': 0, 'warm_start': False}",0.06845641136169434
Coffee,5,2,5,3,KNN,Scaling,4,{'sigma': 0.2},0.505,0.4898017932855263,"{'algorithm': 'auto', 'leaf_size': 30, 'metric': 'euclidean', 'metric_params': None, 'n_jobs': None, 'n_neighbors': np.int64(9), 'p': 2, 'weights': 'distance'}",0.009244441986083984
Coffee,5,2,5,3,RandomForest,Scaling,4,{'sigma': 0.2},0.485,0.45859205237734396,"{'bootstrap': True, 'ccp_alpha': 0.0, 'class_weight': 'balanced', 'criterion': 'gini', 'max_depth': None, 'max_features': 'sqrt', 'max_leaf_nodes': None, 'max_samples': None, 'min_impurity_decrease': 0.0, 'min_samples_leaf': 1, 'min_samples_split': 2, 'min_weight_fraction_leaf': 0.0, 'monotonic_cst': None, 'n_estimators': 50, 'n_jobs': None, 'oob_score': False, 'random_state': 42, 'verbose': 0, 'warm_start': False}",0.14034652709960938
Coffee,5,2,5,3,LinearSVC,Scaling,4,{'sigma': 0.2},0.5333333333333333,0.5180340157308575,"{'C': np.float64(1000.0), 'class_weight': 'balanced', 'dual': False, 'fit_intercept': True, 'intercept_scaling': 1, 'loss': 'squared_hinge', 'max_iter': 100, 'multi_class': 'ovr', 'penalty': 'l2', 'random_state': 42, 'tol': 0.001, 'verbose': 0}",0.005862236022949219
Coffee,5,2,5,3,LogisticRegression,Scaling,4,{'sigma': 0.2},0.41833333333333333,0.39177634857695165,"{'C': np.float64(2.6366508987303554), 'class_weight': 'balanced', 'dual': False, 'fit_intercept': True, 'intercept_scaling': 1, 'l1_ratio': None, 'max_iter': 100, 'multi_class': 'deprecated', 'n_jobs': None, 'penalty': 'l1', 'random_state': 42, 'solver': 'saga', 'tol': 0.0001, 'verbose': 0, 'warm_start': False}",0.06444478034973145
Coffee,5,2,5,3,KNN,Scaling,5,{'sigma': 0.5},0.4866666666666667,0.46546583260318813,"{'algorithm': 'auto', 'leaf_size': 30, 'metric': 'euclidean', 'metric_params': None, 'n_jobs': None, 'n_neighbors': np.int64(9), 'p': 2, 'weights': 'distance'}",0.01034235954284668
Coffee,5,2,5,3,RandomForest,Scaling,5,{'sigma': 0.5},0.485,0.4633193267051117,"{'bootstrap': True, 'ccp_alpha': 0.0, 'class_weight': 'balanced', 'criterion': 'gini', 'max_depth': 20, 'max_features': 'sqrt', 'max_leaf_nodes': None, 'max_samples': None, 'min_impurity_decrease': 0.0, 'min_samples_leaf': 2, 'min_samples_split': 5, 'min_weight_fraction_leaf': 0.0, 'monotonic_cst': None, 'n_estimators': 50, 'n_jobs': None, 'oob_score': False, 'random_state': 42, 'verbose': 0, 'warm_start': False}",0.13457250595092773
Coffee,5,2,5,3,LinearSVC,Scaling,5,{'sigma': 0.5},0.48833333333333334,0.4767878152623613,"{'C': np.float64(2.6366508987303554), 'class_weight': 'balanced', 'dual': False, 'fit_intercept': True, 'intercept_scaling': 1, 'loss': 'squared_hinge', 'max_iter': 100, 'multi_class': 'ovr', 'penalty': 'l1', 'random_state': 42, 'tol': 0.0001, 'verbose': 0}",0.013950824737548828
Coffee,5,2,5,3,LogisticRegression,Scaling,5,{'sigma': 0.5},0.47833333333333333,0.46027142542643823,"{'C': np.float64(33.59818286283781), 'class_weight': 'balanced', 'dual': False, 'fit_intercept': True, 'intercept_scaling': 1, 'l1_ratio': None, 'max_iter': 100, 'multi_class': 'deprecated', 'n_jobs': None, 'penalty': 'l1', 'random_state': 42, 'solver': 'saga', 'tol': 0.0001, 'verbose': 0, 'warm_start': False}",0.06737685203552246
Coffee,5,2,5,3,KNN,Scaling,6,{'sigma': 0.1},0.5016666666666667,0.4844941062763442,"{'algorithm': 'auto', 'leaf_size': 30, 'metric': 'euclidean', 'metric_params': None, 'n_jobs': None, 'n_neighbors': np.int64(9), 'p': 2, 'weights': 'distance'}",0.01001596450805664
Coffee,5,2,5,3,RandomForest,Scaling,6,{'sigma': 0.1},0.485,0.4649994800262156,"{'bootstrap': True, 'ccp_alpha': 0.0, 'class_weight': None, 'criterion': 'gini', 'max_depth': 30, 'max_features': 'sqrt', 'max_leaf_nodes': None, 'max_samples': None, 'min_impurity_decrease': 0.0, 'min_samples_leaf': 4, 'min_samples_split': 2, 'min_weight_fraction_leaf': 0.0, 'monotonic_cst': None, 'n_estimators': 50, 'n_jobs': None, 'oob_score': False, 'random_state': 42, 'verbose': 0, 'warm_start': False}",0.1276857852935791
Coffee,5,2,5,3,LinearSVC,Scaling,6,{'sigma': 0.1},0.5133333333333333,0.4939956295039527,"{'C': np.float64(1000.0), 'class_weight': 'balanced', 'dual': False, 'fit_intercept': True, 'intercept_scaling': 1, 'loss': 'squared_hinge', 'max_iter': 100, 'multi_class': 'ovr', 'penalty': 'l2', 'random_state': 42, 'tol': 0.001, 'verbose': 0}",0.0059680938720703125
Coffee,5,2,5,3,LogisticRegression,Scaling,6,{'sigma': 0.1},0.4633333333333333,0.4371084819161727,"{'C': np.float64(183.29807108324337), 'class_weight': 'balanced', 'dual': False, 'fit_intercept': True, 'intercept_scaling': 1, 'l1_ratio': None, 'max_iter': 100, 'multi_class': 'deprecated', 'n_jobs': None, 'penalty': 'l1', 'random_state': 42, 'solver': 'saga', 'tol': 0.0001, 'verbose': 0, 'warm_start': False}",0.0635080337524414
Coffee,5,2,5,3,KNN,Scaling,7,{'sigma': 0.3},0.5983333333333334,0.5963277585946927,"{'algorithm': 'auto', 'leaf_size': 30, 'metric': 'minkowski', 'metric_params': None, 'n_jobs': None, 'n_neighbors': np.int64(13), 'p': 4, 'weights': 'distance'}",0.029462814331054688
Coffee,5,2,5,3,RandomForest,Scaling,7,{'sigma': 0.3},0.5283333333333333,0.5105817999152963,"{'bootstrap': True, 'ccp_alpha': 0.0, 'class_weight': None, 'criterion': 'gini', 'max_depth': None, 'max_features': 'sqrt', 'max_leaf_nodes': None, 'max_samples': None, 'min_impurity_decrease': 0.0, 'min_samples_leaf': 4, 'min_samples_split': 2, 'min_weight_fraction_leaf': 0.0, 'monotonic_cst': None, 'n_estimators': 50, 'n_jobs': None, 'oob_score': False, 'random_state': 42, 'verbose': 0, 'warm_start': False}",0.13052868843078613
Coffee,5,2,5,3,LinearSVC,Scaling,7,{'sigma': 0.3},0.6133333333333333,0.6076333787224876,"{'C': np.float64(33.59818286283781), 'class_weight': None, 'dual': False, 'fit_intercept': True, 'intercept_scaling': 1, 'loss': 'squared_hinge', 'max_iter': 100, 'multi_class': 'ovr', 'penalty': 'l1', 'random_state': 42, 'tol': 0.001, 'verbose': 0}",0.013243913650512695
Coffee,5,2,5,3,LogisticRegression,Scaling,7,{'sigma': 0.3},0.55,0.5383900665114909,"{'C': np.float64(2.6366508987303554), 'class_weight': 'balanced', 'dual': False, 'fit_intercept': True, 'intercept_scaling': 1, 'l1_ratio': None, 'max_iter': 100, 'multi_class': 'deprecated', 'n_jobs': None, 'penalty': 'l1', 'random_state': 42, 'solver': 'saga', 'tol': 0.0001, 'verbose': 0, 'warm_start': False}",0.059027910232543945
Coffee,5,2,5,3,KNN,Scaling,8,{'sigma': 0.1},0.48,0.4613257221354555,"{'algorithm': 'auto', 'leaf_size': 30, 'metric': 'minkowski', 'metric_params': None, 'n_jobs': None, 'n_neighbors': np.int64(13), 'p': 4, 'weights': 'distance'}",0.02806711196899414
Coffee,5,2,5,3,RandomForest,Scaling,8,{'sigma': 0.1},0.4683333333333333,0.4476627472087595,"{'bootstrap': True, 'ccp_alpha': 0.0, 'class_weight': 'balanced', 'criterion': 'gini', 'max_depth': None, 'max_features': 'sqrt', 'max_leaf_nodes': None, 'max_samples': None, 'min_impurity_decrease': 0.0, 'min_samples_leaf': 1, 'min_samples_split': 2, 'min_weight_fraction_leaf': 0.0, 'monotonic_cst': None, 'n_estimators': 50, 'n_jobs': None, 'oob_score': False, 'random_state': 42, 'verbose': 0, 'warm_start': False}",0.13668489456176758
Coffee,5,2,5,3,LinearSVC,Scaling,8,{'sigma': 0.1},0.5933333333333334,0.585717985461157,"{'C': np.float64(1000.0), 'class_weight': 'balanced', 'dual': False, 'fit_intercept': True, 'intercept_scaling': 1, 'loss': 'squared_hinge', 'max_iter': 100, 'multi_class': 'ovr', 'penalty': 'l2', 'random_state': 42, 'tol': 0.001, 'verbose': 0}",0.005093097686767578
Coffee,5,2,5,3,LogisticRegression,Scaling,8,{'sigma': 0.1},0.42833333333333334,0.39991504699622915,"{'C': np.float64(33.59818286283781), 'class_weight': 'balanced', 'dual': False, 'fit_intercept': True, 'intercept_scaling': 1, 'l1_ratio': None, 'max_iter': 100, 'multi_class': 'deprecated', 'n_jobs': None, 'penalty': 'l1', 'random_state': 42, 'solver': 'saga', 'tol': 0.0001, 'verbose': 0, 'warm_start': False}",0.06760525703430176
Coffee,5,2,5,3,KNN,Scaling,9,{'sigma': 0.3},0.49333333333333335,0.4703378732320586,"{'algorithm': 'auto', 'leaf_size': 30, 'metric': 'minkowski', 'metric_params': None, 'n_jobs': None, 'n_neighbors': np.int64(13), 'p': 4, 'weights': 'distance'}",0.03169393539428711
Coffee,5,2,5,3,RandomForest,Scaling,9,{'sigma': 0.3},0.495,0.4726561889123465,"{'bootstrap': True, 'ccp_alpha': 0.0, 'class_weight': None, 'criterion': 'gini', 'max_depth': None, 'max_features': 'sqrt', 'max_leaf_nodes': None, 'max_samples': None, 'min_impurity_decrease': 0.0, 'min_samples_leaf': 4, 'min_samples_split': 2, 'min_weight_fraction_leaf': 0.0, 'monotonic_cst': None, 'n_estimators': 50, 'n_jobs': None, 'oob_score': False, 'random_state': 42, 'verbose': 0, 'warm_start': False}",0.13731884956359863
Coffee,5,2,5,3,LinearSVC,Scaling,9,{'sigma': 0.3},0.4816666666666667,0.4562094605283974,"{'C': np.float64(1000.0), 'class_weight': 'balanced', 'dual': False, 'fit_intercept': True, 'intercept_scaling': 1, 'loss': 'squared_hinge', 'max_iter': 100, 'multi_class': 'ovr', 'penalty': 'l2', 'random_state': 42, 'tol': 0.001, 'verbose': 0}",0.0068492889404296875
Coffee,5,2,5,3,LogisticRegression,Scaling,9,{'sigma': 0.3},0.485,0.4605697735195815,"{'C': np.float64(2.6366508987303554), 'class_weight': 'balanced', 'dual': False, 'fit_intercept': True, 'intercept_scaling': 1, 'l1_ratio': None, 'max_iter': 100, 'multi_class': 'deprecated', 'n_jobs': None, 'penalty': 'l1', 'random_state': 42, 'solver': 'saga', 'tol': 0.0001, 'verbose': 0, 'warm_start': False}",0.07191777229309082
Coffee,5,2,5,3,KNN,Scaling,10,{'sigma': 0.5},0.49833333333333335,0.48564762019550217,"{'algorithm': 'auto', 'leaf_size': 30, 'metric': 'minkowski', 'metric_params': None, 'n_jobs': None, 'n_neighbors': np.int64(13), 'p': 4, 'weights': 'distance'}",0.04342079162597656
Coffee,5,2,5,3,RandomForest,Scaling,10,{'sigma': 0.5},0.4716666666666667,0.4508811157658468,"{'bootstrap': True, 'ccp_alpha': 0.0, 'class_weight': None, 'criterion': 'gini', 'max_depth': 30, 'max_features': 'sqrt', 'max_leaf_nodes': None, 'max_samples': None, 'min_impurity_decrease': 0.0, 'min_samples_leaf': 4, 'min_samples_split': 2, 'min_weight_fraction_leaf': 0.0, 'monotonic_cst': None, 'n_estimators': 50, 'n_jobs': None, 'oob_score': False, 'random_state': 42, 'verbose': 0, 'warm_start': False}",0.12863588333129883
Coffee,5,2,5,3,LinearSVC,Scaling,10,{'sigma': 0.5},0.3883333333333333,0.36054787428664214,"{'C': np.float64(2.6366508987303554), 'class_weight': 'balanced', 'dual': False, 'fit_intercept': True, 'intercept_scaling': 1, 'loss': 'squared_hinge', 'max_iter': 100, 'multi_class': 'ovr', 'penalty': 'l1', 'random_state': 42, 'tol': 0.0001, 'verbose': 0}",0.012084007263183594
Coffee,5,2,5,3,LogisticRegression,Scaling,10,{'sigma': 0.5},0.32,0.30676170728031743,"{'C': np.float64(33.59818286283781), 'class_weight': 'balanced', 'dual': False, 'fit_intercept': True, 'intercept_scaling': 1, 'l1_ratio': None, 'max_iter': 100, 'multi_class': 'deprecated', 'n_jobs': None, 'penalty': 'l2', 'random_state': 42, 'solver': 'saga', 'tol': 0.0001, 'verbose': 0, 'warm_start': False}",0.057144880294799805
Coffee,5,2,5,5,KNN,Scaling,1,{'sigma': 0.1},0.495,0.4758827128449566,"{'algorithm': 'auto', 'leaf_size': 30, 'metric': 'euclidean', 'metric_params': None, 'n_jobs': None, 'n_neighbors': np.int64(15), 'p': 2, 'weights': 'distance'}",0.009623527526855469
Coffee,5,2,5,5,RandomForest,Scaling,1,{'sigma': 0.1},0.48,0.458649580450845,"{'bootstrap': True, 'ccp_alpha': 0.0, 'class_weight': 'balanced', 'criterion': 'gini', 'max_depth': 30, 'max_features': 'sqrt', 'max_leaf_nodes': None, 'max_samples': None, 'min_impurity_decrease': 0.0, 'min_samples_leaf': 1, 'min_samples_split': 2, 'min_weight_fraction_leaf': 0.0, 'monotonic_cst': None, 'n_estimators': 150, 'n_jobs': None, 'oob_score': False, 'random_state': 42, 'verbose': 0, 'warm_start': False}",0.5124325752258301
Coffee,5,2,5,5,LinearSVC,Scaling,1,{'sigma': 0.1},0.5,0.47885972787634995,"{'C': np.float64(2.6366508987303554), 'class_weight': 'balanced', 'dual': False, 'fit_intercept': True, 'intercept_scaling': 1, 'loss': 'squared_hinge', 'max_iter': 100, 'multi_class': 'ovr', 'penalty': 'l1', 'random_state': 42, 'tol': 0.0001, 'verbose': 0}",0.03011631965637207
Coffee,5,2,5,5,LogisticRegression,Scaling,1,{'sigma': 0.1},0.42333333333333334,0.39602998640544984,"{'C': np.float64(2.6366508987303554), 'class_weight': 'balanced', 'dual': False, 'fit_intercept': True, 'intercept_scaling': 1, 'l1_ratio': None, 'max_iter': 100, 'multi_class': 'deprecated', 'n_jobs': None, 'penalty': 'l1', 'random_state': 42, 'solver': 'saga', 'tol': 0.0001, 'verbose': 0, 'warm_start': False}",0.1120297908782959
Coffee,5,2,5,5,KNN,Scaling,2,{'sigma': 0.5},0.49666666666666665,0.4839809039077712,"{'algorithm': 'auto', 'leaf_size': 30, 'metric': 'minkowski', 'metric_params': None, 'n_jobs': None, 'n_neighbors': np.int64(13), 'p': 4, 'weights': 'distance'}",0.039422035217285156
Coffee,5,2,5,5,RandomForest,Scaling,2,{'sigma': 0.5},0.515,0.5022261613168959,"{'bootstrap': True, 'ccp_alpha': 0.0, 'class_weight': 'balanced', 'criterion': 'gini', 'max_depth': None, 'max_features': 'sqrt', 'max_leaf_nodes': None, 'max_samples': None, 'min_impurity_decrease': 0.0, 'min_samples_leaf': 2, 'min_samples_split': 2, 'min_weight_fraction_leaf': 0.0, 'monotonic_cst': None, 'n_estimators': 150, 'n_jobs': None, 'oob_score': False, 'random_state': 42, 'verbose': 0, 'warm_start': False}",0.588672399520874
Coffee,5,2,5,5,LinearSVC,Scaling,2,{'sigma': 0.5},0.5966666666666667,0.5863018319272337,"{'C': np.float64(2.6366508987303554), 'class_weight': 'balanced', 'dual': False, 'fit_intercept': True, 'intercept_scaling': 1, 'loss': 'squared_hinge', 'max_iter': 100, 'multi_class': 'ovr', 'penalty': 'l1', 'random_state': 42, 'tol': 0.0001, 'verbose': 0}",0.03145408630371094
Coffee,5,2,5,5,LogisticRegression,Scaling,2,{'sigma': 0.5},0.5616666666666666,0.54881744027293,"{'C': np.float64(33.59818286283781), 'class_weight': None, 'dual': False, 'fit_intercept': True, 'intercept_scaling': 1, 'l1_ratio': None, 'max_iter': 100, 'multi_class': 'deprecated', 'n_jobs': None, 'penalty': 'l2', 'random_state': 42, 'solver': 'saga', 'tol': 0.0001, 'verbose': 0, 'warm_start': False}",0.18506693840026855
Coffee,5,2,5,5,KNN,Scaling,3,{'sigma': 0.3},0.49666666666666665,0.47582183939377426,"{'algorithm': 'auto', 'leaf_size': 30, 'metric': 'minkowski', 'metric_params': None, 'n_jobs': None, 'n_neighbors': np.int64(13), 'p': 4, 'weights': 'distance'}",0.03288125991821289
Coffee,5,2,5,5,RandomForest,Scaling,3,{'sigma': 0.3},0.49833333333333335,0.47602473817262553,"{'bootstrap': True, 'ccp_alpha': 0.0, 'class_weight': 'balanced', 'criterion': 'gini', 'max_depth': 30, 'max_features': 'sqrt', 'max_leaf_nodes': None, 'max_samples': None, 'min_impurity_decrease': 0.0, 'min_samples_leaf': 1, 'min_samples_split': 2, 'min_weight_fraction_leaf': 0.0, 'monotonic_cst': None, 'n_estimators': 150, 'n_jobs': None, 'oob_score': False, 'random_state': 42, 'verbose': 0, 'warm_start': False}",0.6028287410736084
Coffee,5,2,5,5,LinearSVC,Scaling,3,{'sigma': 0.3},0.58,0.5715734620361627,"{'C': np.float64(0.4832930238571752), 'class_weight': 'balanced', 'dual': False, 'fit_intercept': True, 'intercept_scaling': 1, 'loss': 'squared_hinge', 'max_iter': 100, 'multi_class': 'ovr', 'penalty': 'l2', 'random_state': 42, 'tol': 0.0001, 'verbose': 0}",0.009559392929077148
Coffee,5,2,5,5,LogisticRegression,Scaling,3,{'sigma': 0.3},0.4666666666666667,0.4394693055284652,"{'C': np.float64(2.6366508987303554), 'class_weight': 'balanced', 'dual': False, 'fit_intercept': True, 'intercept_scaling': 1, 'l1_ratio': None, 'max_iter': 100, 'multi_class': 'deprecated', 'n_jobs': None, 'penalty': 'l1', 'random_state': 42, 'solver': 'saga', 'tol': 0.0001, 'verbose': 0, 'warm_start': False}",0.1156623363494873
Coffee,5,2,5,5,KNN,Scaling,4,{'sigma': 0.2},0.5133333333333333,0.5042216670911585,"{'algorithm': 'auto', 'leaf_size': 30, 'metric': 'minkowski', 'metric_params': None, 'n_jobs': None, 'n_neighbors': np.int64(13), 'p': 4, 'weights': 'distance'}",0.047625064849853516
Coffee,5,2,5,5,RandomForest,Scaling,4,{'sigma': 0.2},0.4633333333333333,0.4378105447539472,"{'bootstrap': True, 'ccp_alpha': 0.0, 'class_weight': 'balanced', 'criterion': 'gini', 'max_depth': None, 'max_features': 'sqrt', 'max_leaf_nodes': None, 'max_samples': None, 'min_impurity_decrease': 0.0, 'min_samples_leaf': 1, 'min_samples_split': 2, 'min_weight_fraction_leaf': 0.0, 'monotonic_cst': None, 'n_estimators': 50, 'n_jobs': None, 'oob_score': False, 'random_state': 42, 'verbose': 0, 'warm_start': False}",0.20005202293395996
Coffee,5,2,5,5,LinearSVC,Scaling,4,{'sigma': 0.2},0.5883333333333334,0.5796627886351812,"{'C': np.float64(0.2069138081114788), 'class_weight': None, 'dual': False, 'fit_intercept': True, 'intercept_scaling': 1, 'loss': 'squared_hinge', 'max_iter': 100, 'multi_class': 'ovr', 'penalty': 'l2', 'random_state': 42, 'tol': 0.001, 'verbose': 0}",0.013310432434082031
Coffee,5,2,5,5,LogisticRegression,Scaling,4,{'sigma': 0.2},0.4216666666666667,0.3947667160258371,"{'C': np.float64(183.29807108324337), 'class_weight': 'balanced', 'dual': False, 'fit_intercept': True, 'intercept_scaling': 1, 'l1_ratio': None, 'max_iter': 100, 'multi_class': 'deprecated', 'n_jobs': None, 'penalty': 'l1', 'random_state': 42, 'solver': 'saga', 'tol': 0.0001, 'verbose': 0, 'warm_start': False}",0.11824297904968262
Coffee,5,2,5,5,KNN,Scaling,5,{'sigma': 0.5},0.49,0.4768431642486498,"{'algorithm': 'auto', 'leaf_size': 30, 'metric': 'minkowski', 'metric_params': None, 'n_jobs': None, 'n_neighbors': np.int64(13), 'p': 4, 'weights': 'distance'}",0.043236494064331055
Coffee,5,2,5,5,RandomForest,Scaling,5,{'sigma': 0.5},0.505,0.476894888950114,"{'bootstrap': True, 'ccp_alpha': 0.0, 'class_weight': None, 'criterion': 'gini', 'max_depth': None, 'max_features': 'sqrt', 'max_leaf_nodes': None, 'max_samples': None, 'min_impurity_decrease': 0.0, 'min_samples_leaf': 4, 'min_samples_split': 2, 'min_weight_fraction_leaf': 0.0, 'monotonic_cst': None, 'n_estimators': 50, 'n_jobs': None, 'oob_score': False, 'random_state': 42, 'verbose': 0, 'warm_start': False}",0.1792593002319336
Coffee,5,2,5,5,LinearSVC,Scaling,5,{'sigma': 0.5},0.32666666666666666,0.2794338704329666,"{'C': np.float64(2.6366508987303554), 'class_weight': 'balanced', 'dual': False, 'fit_intercept': True, 'intercept_scaling': 1, 'loss': 'squared_hinge', 'max_iter': 100, 'multi_class': 'ovr', 'penalty': 'l1', 'random_state': 42, 'tol': 0.0001, 'verbose': 0}",0.021039485931396484
Coffee,5,2,5,5,LogisticRegression,Scaling,5,{'sigma': 0.5},0.31166666666666665,0.2681672003651802,"{'C': np.float64(33.59818286283781), 'class_weight': None, 'dual': False, 'fit_intercept': True, 'intercept_scaling': 1, 'l1_ratio': None, 'max_iter': 100, 'multi_class': 'deprecated', 'n_jobs': None, 'penalty': 'l2', 'random_state': 42, 'solver': 'saga', 'tol': 0.0001, 'verbose': 0, 'warm_start': False}",0.08957290649414062
Coffee,5,2,5,5,KNN,Scaling,6,{'sigma': 0.1},0.495,0.4780483959673569,"{'algorithm': 'auto', 'leaf_size': 30, 'metric': 'minkowski', 'metric_params': None, 'n_jobs': None, 'n_neighbors': np.int64(5), 'p': 3, 'weights': 'distance'}",0.03955364227294922
Coffee,5,2,5,5,RandomForest,Scaling,6,{'sigma': 0.1},0.49166666666666664,0.4671367220975283,"{'bootstrap': True, 'ccp_alpha': 0.0, 'class_weight': 'balanced', 'criterion': 'gini', 'max_depth': None, 'max_features': 'sqrt', 'max_leaf_nodes': None, 'max_samples': None, 'min_impurity_decrease': 0.0, 'min_samples_leaf': 1, 'min_samples_split': 2, 'min_weight_fraction_leaf': 0.0, 'monotonic_cst': None, 'n_estimators': 50, 'n_jobs': None, 'oob_score': False, 'random_state': 42, 'verbose': 0, 'warm_start': False}",0.19965028762817383
Coffee,5,2,5,5,LinearSVC,Scaling,6,{'sigma': 0.1},0.5233333333333333,0.5086233934205313,"{'C': np.float64(2.6366508987303554), 'class_weight': 'balanced', 'dual': False, 'fit_intercept': True, 'intercept_scaling': 1, 'loss': 'squared_hinge', 'max_iter': 100, 'multi_class': 'ovr', 'penalty': 'l1', 'random_state': 42, 'tol': 0.0001, 'verbose': 0}",0.0275418758392334
Coffee,5,2,5,5,LogisticRegression,Scaling,6,{'sigma': 0.1},0.39666666666666667,0.3676469953981049,"{'C': np.float64(2.6366508987303554), 'class_weight': 'balanced', 'dual': False, 'fit_intercept': True, 'intercept_scaling': 1, 'l1_ratio': None, 'max_iter': 100, 'multi_class': 'deprecated', 'n_jobs': None, 'penalty': 'l1', 'random_state': 42, 'solver': 'saga', 'tol': 0.0001, 'verbose': 0, 'warm_start': False}",0.09450531005859375
Coffee,5,2,5,5,KNN,Scaling,7,{'sigma': 0.3},0.49166666666666664,0.4733935474676215,"{'algorithm': 'auto', 'leaf_size': 30, 'metric': 'euclidean', 'metric_params': None, 'n_jobs': None, 'n_neighbors': np.int64(15), 'p': 2, 'weights': 'distance'}",0.009762048721313477
Coffee,5,2,5,5,RandomForest,Scaling,7,{'sigma': 0.3},0.5,0.4824469413021037,"{'bootstrap': True, 'ccp_alpha': 0.0, 'class_weight': 'balanced', 'criterion': 'gini', 'max_depth': 30, 'max_features': 'sqrt', 'max_leaf_nodes': None, 'max_samples': None, 'min_impurity_decrease': 0.0, 'min_samples_leaf': 1, 'min_samples_split': 2, 'min_weight_fraction_leaf': 0.0, 'monotonic_cst': None, 'n_estimators': 150, 'n_jobs': None, 'oob_score': False, 'random_state': 42, 'verbose': 0, 'warm_start': False}",0.5555624961853027
Coffee,5,2,5,5,LinearSVC,Scaling,7,{'sigma': 0.3},0.49166666666666664,0.47194521870512895,"{'C': np.float64(2.6366508987303554), 'class_weight': 'balanced', 'dual': False, 'fit_intercept': True, 'intercept_scaling': 1, 'loss': 'squared_hinge', 'max_iter': 100, 'multi_class': 'ovr', 'penalty': 'l1', 'random_state': 42, 'tol': 0.0001, 'verbose': 0}",0.023552656173706055
Coffee,5,2,5,5,LogisticRegression,Scaling,7,{'sigma': 0.3},0.49,0.4673074402675921,"{'C': np.float64(2.6366508987303554), 'class_weight': 'balanced', 'dual': False, 'fit_intercept': True, 'intercept_scaling': 1, 'l1_ratio': None, 'max_iter': 100, 'multi_class': 'deprecated', 'n_jobs': None, 'penalty': 'l1', 'random_state': 42, 'solver': 'saga', 'tol': 0.0001, 'verbose': 0, 'warm_start': False}",0.11383676528930664
Coffee,5,2,5,5,KNN,Scaling,8,{'sigma': 0.1},0.49666666666666665,0.48263010959657415,"{'algorithm': 'auto', 'leaf_size': 30, 'metric': 'minkowski', 'metric_params': None, 'n_jobs': None, 'n_neighbors': np.int64(13), 'p': 4, 'weights': 'distance'}",0.03325152397155762
Coffee,5,2,5,5,RandomForest,Scaling,8,{'sigma': 0.1},0.5,0.4779456565886569,"{'bootstrap': True, 'ccp_alpha': 0.0, 'class_weight': 'balanced', 'criterion': 'gini', 'max_depth': None, 'max_features': 'sqrt', 'max_leaf_nodes': None, 'max_samples': None, 'min_impurity_decrease': 0.0, 'min_samples_leaf': 1, 'min_samples_split': 2, 'min_weight_fraction_leaf': 0.0, 'monotonic_cst': None, 'n_estimators': 50, 'n_jobs': None, 'oob_score': False, 'random_state': 42, 'verbose': 0, 'warm_start': False}",0.20467329025268555
Coffee,5,2,5,5,LinearSVC,Scaling,8,{'sigma': 0.1},0.5066666666666667,0.4873507139729556,"{'C': np.float64(2.6366508987303554), 'class_weight': 'balanced', 'dual': False, 'fit_intercept': True, 'intercept_scaling': 1, 'loss': 'squared_hinge', 'max_iter': 100, 'multi_class': 'ovr', 'penalty': 'l1', 'random_state': 42, 'tol': 0.0001, 'verbose': 0}",0.029063940048217773
Coffee,5,2,5,5,LogisticRegression,Scaling,8,{'sigma': 0.1},0.43666666666666665,0.4123030776949685,"{'C': np.float64(2.6366508987303554), 'class_weight': 'balanced', 'dual': False, 'fit_intercept': True, 'intercept_scaling': 1, 'l1_ratio': None, 'max_iter': 100, 'multi_class': 'deprecated', 'n_jobs': None, 'penalty': 'l1', 'random_state': 42, 'solver': 'saga', 'tol': 0.0001, 'verbose': 0, 'warm_start': False}",0.10533285140991211
Coffee,5,2,5,5,KNN,Scaling,9,{'sigma': 0.3},0.5,0.48492109877264755,"{'algorithm': 'auto', 'leaf_size': 30, 'metric': 'minkowski', 'metric_params': None, 'n_jobs': None, 'n_neighbors': np.int64(13), 'p': 4, 'weights': 'distance'}",0.03918123245239258
Coffee,5,2,5,5,RandomForest,Scaling,9,{'sigma': 0.3},0.4633333333333333,0.4416263437558847,"{'bootstrap': True, 'ccp_alpha': 0.0, 'class_weight': 'balanced', 'criterion': 'gini', 'max_depth': 30, 'max_features': 'sqrt', 'max_leaf_nodes': None, 'max_samples': None, 'min_impurity_decrease': 0.0, 'min_samples_leaf': 1, 'min_samples_split': 2, 'min_weight_fraction_leaf': 0.0, 'monotonic_cst': None, 'n_estimators': 150, 'n_jobs': None, 'oob_score': False, 'random_state': 42, 'verbose': 0, 'warm_start': False}",0.5970089435577393
Coffee,5,2,5,5,LinearSVC,Scaling,9,{'sigma': 0.3},0.43,0.4074546973519143,"{'C': np.float64(0.2069138081114788), 'class_weight': None, 'dual': False, 'fit_intercept': False, 'intercept_scaling': 1, 'loss': 'squared_hinge', 'max_iter': 100, 'multi_class': 'ovr', 'penalty': 'l2', 'random_state': 42, 'tol': 0.001, 'verbose': 0}",0.0077381134033203125
Coffee,5,2,5,5,LogisticRegression,Scaling,9,{'sigma': 0.3},0.35833333333333334,0.32357759952275944,"{'C': np.float64(2.6366508987303554), 'class_weight': 'balanced', 'dual': False, 'fit_intercept': True, 'intercept_scaling': 1, 'l1_ratio': None, 'max_iter': 100, 'multi_class': 'deprecated', 'n_jobs': None, 'penalty': 'l1', 'random_state': 42, 'solver': 'saga', 'tol': 0.0001, 'verbose': 0, 'warm_start': False}",0.1052241325378418
Coffee,5,2,5,5,KNN,Scaling,10,{'sigma': 0.5},0.49833333333333335,0.4866009641442861,"{'algorithm': 'auto', 'leaf_size': 30, 'metric': 'minkowski', 'metric_params': None, 'n_jobs': None, 'n_neighbors': np.int64(5), 'p': 3, 'weights': 'distance'}",0.04579973220825195
Coffee,5,2,5,5,RandomForest,Scaling,10,{'sigma': 0.5},0.47833333333333333,0.46201506078780114,"{'bootstrap': True, 'ccp_alpha': 0.0, 'class_weight': 'balanced', 'criterion': 'gini', 'max_depth': 30, 'max_features': 'sqrt', 'max_leaf_nodes': None, 'max_samples': None, 'min_impurity_decrease': 0.0, 'min_samples_leaf': 1, 'min_samples_split': 2, 'min_weight_fraction_leaf': 0.0, 'monotonic_cst': None, 'n_estimators': 150, 'n_jobs': None, 'oob_score': False, 'random_state': 42, 'verbose': 0, 'warm_start': False}",0.6555697917938232
Coffee,5,2,5,5,LinearSVC,Scaling,10,{'sigma': 0.5},0.5383333333333333,0.5322554865183083,"{'C': np.float64(0.2069138081114788), 'class_weight': None, 'dual': False, 'fit_intercept': False, 'intercept_scaling': 1, 'loss': 'squared_hinge', 'max_iter': 100, 'multi_class': 'ovr', 'penalty': 'l2', 'random_state': 42, 'tol': 0.001, 'verbose': 0}",0.008510351181030273
Coffee,5,2,5,5,LogisticRegression,Scaling,10,{'sigma': 0.5},0.4716666666666667,0.4502606820868645,"{'C': np.float64(0.2069138081114788), 'class_weight': None, 'dual': False, 'fit_intercept': True, 'intercept_scaling': 1, 'l1_ratio': None, 'max_iter': 100, 'multi_class': 'deprecated', 'n_jobs': None, 'penalty': 'l2', 'random_state': 42, 'solver': 'sag', 'tol': 0.0001, 'verbose': 0, 'warm_start': False}",0.020243406295776367
Coffee,5,2,5,10,KNN,Scaling,1,{'sigma': 0.1},0.5,0.4821198011159671,"{'algorithm': 'auto', 'leaf_size': 30, 'metric': 'minkowski', 'metric_params': None, 'n_jobs': None, 'n_neighbors': 5, 'p': 2, 'weights': 'uniform'}",0.041934967041015625
Coffee,5,2,5,10,RandomForest,Scaling,1,{'sigma': 0.1},0.52,0.49722887875662064,"{'bootstrap': True, 'ccp_alpha': 0.0, 'class_weight': None, 'criterion': 'gini', 'max_depth': None, 'max_features': 'sqrt', 'max_leaf_nodes': None, 'max_samples': None, 'min_impurity_decrease': 0.0, 'min_samples_leaf': 1, 'min_samples_split': 2, 'min_weight_fraction_leaf': 0.0, 'monotonic_cst': None, 'n_estimators': 100, 'n_jobs': None, 'oob_score': False, 'random_state': 42, 'verbose': 0, 'warm_start': False}",0.6981263160705566
Coffee,5,2,5,10,LinearSVC,Scaling,1,{'sigma': 0.1},0.6033333333333334,0.5964772347282322,"{'C': 1.0, 'class_weight': None, 'dual': False, 'fit_intercept': True, 'intercept_scaling': 1, 'loss': 'squared_hinge', 'max_iter': 100, 'multi_class': 'ovr', 'penalty': 'l2', 'random_state': 42, 'tol': 0.0001, 'verbose': 0}",0.015746116638183594
Coffee,5,2,5,10,LogisticRegression,Scaling,1,{'sigma': 0.1},0.44333333333333336,0.41864794825393375,"{'C': 1.0, 'class_weight': None, 'dual': False, 'fit_intercept': True, 'intercept_scaling': 1, 'l1_ratio': None, 'max_iter': 100, 'multi_class': 'deprecated', 'n_jobs': None, 'penalty': 'l2', 'random_state': 42, 'solver': 'lbfgs', 'tol': 0.0001, 'verbose': 0, 'warm_start': False}",0.24298930168151855
Coffee,5,2,5,10,KNN,Scaling,2,{'sigma': 0.5},0.49833333333333335,0.48216695183432007,"{'algorithm': 'auto', 'leaf_size': 30, 'metric': 'minkowski', 'metric_params': None, 'n_jobs': None, 'n_neighbors': 5, 'p': 2, 'weights': 'uniform'}",0.061037540435791016
Coffee,5,2,5,10,RandomForest,Scaling,2,{'sigma': 0.5},0.515,0.4938514922811199,"{'bootstrap': True, 'ccp_alpha': 0.0, 'class_weight': None, 'criterion': 'gini', 'max_depth': None, 'max_features': 'sqrt', 'max_leaf_nodes': None, 'max_samples': None, 'min_impurity_decrease': 0.0, 'min_samples_leaf': 1, 'min_samples_split': 2, 'min_weight_fraction_leaf': 0.0, 'monotonic_cst': None, 'n_estimators': 100, 'n_jobs': None, 'oob_score': False, 'random_state': 42, 'verbose': 0, 'warm_start': False}",0.8320629596710205
Coffee,5,2,5,10,LinearSVC,Scaling,2,{'sigma': 0.5},0.4483333333333333,0.4213761369429407,"{'C': 1.0, 'class_weight': None, 'dual': False, 'fit_intercept': True, 'intercept_scaling': 1, 'loss': 'squared_hinge', 'max_iter': 100, 'multi_class': 'ovr', 'penalty': 'l2', 'random_state': 42, 'tol': 0.0001, 'verbose': 0}",0.014957904815673828
Coffee,5,2,5,10,LogisticRegression,Scaling,2,{'sigma': 0.5},0.35333333333333333,0.3175202883478925,"{'C': 1.0, 'class_weight': None, 'dual': False, 'fit_intercept': True, 'intercept_scaling': 1, 'l1_ratio': None, 'max_iter': 100, 'multi_class': 'deprecated', 'n_jobs': None, 'penalty': 'l2', 'random_state': 42, 'solver': 'lbfgs', 'tol': 0.0001, 'verbose': 0, 'warm_start': False}",0.26064229011535645
Coffee,5,2,5,10,KNN,Scaling,3,{'sigma': 0.3},0.48,0.4552564633960973,"{'algorithm': 'auto', 'leaf_size': 30, 'metric': 'minkowski', 'metric_params': None, 'n_jobs': None, 'n_neighbors': 5, 'p': 2, 'weights': 'uniform'}",0.03066420555114746
Coffee,5,2,5,10,RandomForest,Scaling,3,{'sigma': 0.3},0.51,0.487680410562987,"{'bootstrap': True, 'ccp_alpha': 0.0, 'class_weight': None, 'criterion': 'gini', 'max_depth': None, 'max_features': 'sqrt', 'max_leaf_nodes': None, 'max_samples': None, 'min_impurity_decrease': 0.0, 'min_samples_leaf': 1, 'min_samples_split': 2, 'min_weight_fraction_leaf': 0.0, 'monotonic_cst': None, 'n_estimators': 100, 'n_jobs': None, 'oob_score': False, 'random_state': 42, 'verbose': 0, 'warm_start': False}",0.7950091361999512
Coffee,5,2,5,10,LinearSVC,Scaling,3,{'sigma': 0.3},0.355,0.31842105263157894,"{'C': 1.0, 'class_weight': None, 'dual': False, 'fit_intercept': True, 'intercept_scaling': 1, 'loss': 'squared_hinge', 'max_iter': 100, 'multi_class': 'ovr', 'penalty': 'l2', 'random_state': 42, 'tol': 0.0001, 'verbose': 0}",0.014282941818237305
Coffee,5,2,5,10,LogisticRegression,Scaling,3,{'sigma': 0.3},0.33166666666666667,0.28934669443144573,"{'C': 1.0, 'class_weight': None, 'dual': False, 'fit_intercept': True, 'intercept_scaling': 1, 'l1_ratio': None, 'max_iter': 100, 'multi_class': 'deprecated', 'n_jobs': None, 'penalty': 'l2', 'random_state': 42, 'solver': 'lbfgs', 'tol': 0.0001, 'verbose': 0, 'warm_start': False}",0.10085082054138184
Coffee,5,2,5,10,KNN,Scaling,4,{'sigma': 0.2},0.49833333333333335,0.47997243032196507,"{'algorithm': 'auto', 'leaf_size': 30, 'metric': 'minkowski', 'metric_params': None, 'n_jobs': None, 'n_neighbors': 5, 'p': 2, 'weights': 'uniform'}",0.03394126892089844
Coffee,5,2,5,10,RandomForest,Scaling,4,{'sigma': 0.2},0.495,0.4739949427976048,"{'bootstrap': True, 'ccp_alpha': 0.0, 'class_weight': None, 'criterion': 'gini', 'max_depth': None, 'max_features': 'sqrt', 'max_leaf_nodes': None, 'max_samples': None, 'min_impurity_decrease': 0.0, 'min_samples_leaf': 1, 'min_samples_split': 2, 'min_weight_fraction_leaf': 0.0, 'monotonic_cst': None, 'n_estimators': 100, 'n_jobs': None, 'oob_score': False, 'random_state': 42, 'verbose': 0, 'warm_start': False}",0.6527087688446045
Coffee,5,2,5,10,LinearSVC,Scaling,4,{'sigma': 0.2},0.45,0.4292516450807969,"{'C': 1.0, 'class_weight': None, 'dual': False, 'fit_intercept': True, 'intercept_scaling': 1, 'loss': 'squared_hinge', 'max_iter': 100, 'multi_class': 'ovr', 'penalty': 'l2', 'random_state': 42, 'tol': 0.0001, 'verbose': 0}",0.01251673698425293
Coffee,5,2,5,10,LogisticRegression,Scaling,4,{'sigma': 0.2},0.365,0.33239535003061144,"{'C': 1.0, 'class_weight': None, 'dual': False, 'fit_intercept': True, 'intercept_scaling': 1, 'l1_ratio': None, 'max_iter': 100, 'multi_class': 'deprecated', 'n_jobs': None, 'penalty': 'l2', 'random_state': 42, 'solver': 'lbfgs', 'tol': 0.0001, 'verbose': 0, 'warm_start': False}",0.13254570960998535
Coffee,5,2,5,10,KNN,Scaling,5,{'sigma': 0.5},0.49833333333333335,0.4793470665693198,"{'algorithm': 'auto', 'leaf_size': 30, 'metric': 'minkowski', 'metric_params': None, 'n_jobs': None, 'n_neighbors': 5, 'p': 2, 'weights': 'uniform'}",0.03505253791809082
Coffee,5,2,5,10,RandomForest,Scaling,5,{'sigma': 0.5},0.5033333333333333,0.47432917220151266,"{'bootstrap': True, 'ccp_alpha': 0.0, 'class_weight': None, 'criterion': 'gini', 'max_depth': None, 'max_features': 'sqrt', 'max_leaf_nodes': None, 'max_samples': None, 'min_impurity_decrease': 0.0, 'min_samples_leaf': 1, 'min_samples_split': 2, 'min_weight_fraction_leaf': 0.0, 'monotonic_cst': None, 'n_estimators': 100, 'n_jobs': None, 'oob_score': False, 'random_state': 42, 'verbose': 0, 'warm_start': False}",0.9129958152770996
Coffee,5,2,5,10,LinearSVC,Scaling,5,{'sigma': 0.5},0.4,0.37333926992649885,"{'C': 1.0, 'class_weight': None, 'dual': False, 'fit_intercept': True, 'intercept_scaling': 1, 'loss': 'squared_hinge', 'max_iter': 100, 'multi_class': 'ovr', 'penalty': 'l2', 'random_state': 42, 'tol': 0.0001, 'verbose': 0}",0.016640186309814453
Coffee,5,2,5,10,LogisticRegression,Scaling,5,{'sigma': 0.5},0.3616666666666667,0.3292282920861471,"{'C': 1.0, 'class_weight': None, 'dual': False, 'fit_intercept': True, 'intercept_scaling': 1, 'l1_ratio': None, 'max_iter': 100, 'multi_class': 'deprecated', 'n_jobs': None, 'penalty': 'l2', 'random_state': 42, 'solver': 'lbfgs', 'tol': 0.0001, 'verbose': 0, 'warm_start': False}",0.1353597640991211
Coffee,5,2,5,10,KNN,Scaling,6,{'sigma': 0.1},0.49166666666666664,0.4715641948736004,"{'algorithm': 'auto', 'leaf_size': 30, 'metric': 'minkowski', 'metric_params': None, 'n_jobs': None, 'n_neighbors': 5, 'p': 2, 'weights': 'uniform'}",0.03973269462585449
Coffee,5,2,5,10,RandomForest,Scaling,6,{'sigma': 0.1},0.4683333333333333,0.44644089152169175,"{'bootstrap': True, 'ccp_alpha': 0.0, 'class_weight': None, 'criterion': 'gini', 'max_depth': None, 'max_features': 'sqrt', 'max_leaf_nodes': None, 'max_samples': None, 'min_impurity_decrease': 0.0, 'min_samples_leaf': 1, 'min_samples_split': 2, 'min_weight_fraction_leaf': 0.0, 'monotonic_cst': None, 'n_estimators': 100, 'n_jobs': None, 'oob_score': False, 'random_state': 42, 'verbose': 0, 'warm_start': False}",0.7075037956237793
Coffee,5,2,5,10,LinearSVC,Scaling,6,{'sigma': 0.1},0.555,0.5437896600906427,"{'C': 1.0, 'class_weight': None, 'dual': False, 'fit_intercept': True, 'intercept_scaling': 1, 'loss': 'squared_hinge', 'max_iter': 100, 'multi_class': 'ovr', 'penalty': 'l2', 'random_state': 42, 'tol': 0.0001, 'verbose': 0}",0.01692986488342285
Coffee,5,2,5,10,LogisticRegression,Scaling,6,{'sigma': 0.1},0.3883333333333333,0.3582581959128606,"{'C': 1.0, 'class_weight': None, 'dual': False, 'fit_intercept': True, 'intercept_scaling': 1, 'l1_ratio': None, 'max_iter': 100, 'multi_class': 'deprecated', 'n_jobs': None, 'penalty': 'l2', 'random_state': 42, 'solver': 'lbfgs', 'tol': 0.0001, 'verbose': 0, 'warm_start': False}",0.22337865829467773
Coffee,5,2,5,10,KNN,Scaling,7,{'sigma': 0.3},0.465,0.43551261204877223,"{'algorithm': 'auto', 'leaf_size': 30, 'metric': 'minkowski', 'metric_params': None, 'n_jobs': None, 'n_neighbors': 5, 'p': 2, 'weights': 'uniform'}",0.0800168514251709
Coffee,5,2,5,10,RandomForest,Scaling,7,{'sigma': 0.3},0.5033333333333333,0.48131606371644126,"{'bootstrap': True, 'ccp_alpha': 0.0, 'class_weight': None, 'criterion': 'gini', 'max_depth': None, 'max_features': 'sqrt', 'max_leaf_nodes': None, 'max_samples': None, 'min_impurity_decrease': 0.0, 'min_samples_leaf': 1, 'min_samples_split': 2, 'min_weight_fraction_leaf': 0.0, 'monotonic_cst': None, 'n_estimators': 100, 'n_jobs': None, 'oob_score': False, 'random_state': 42, 'verbose': 0, 'warm_start': False}",0.7273592948913574
Coffee,5,2,5,10,LinearSVC,Scaling,7,{'sigma': 0.3},0.42833333333333334,0.40541627434734606,"{'C': 1.0, 'class_weight': None, 'dual': False, 'fit_intercept': True, 'intercept_scaling': 1, 'loss': 'squared_hinge', 'max_iter': 100, 'multi_class': 'ovr', 'penalty': 'l2', 'random_state': 42, 'tol': 0.0001, 'verbose': 0}",0.012543201446533203
Coffee,5,2,5,10,LogisticRegression,Scaling,7,{'sigma': 0.3},0.3616666666666667,0.3283634854601684,"{'C': 1.0, 'class_weight': None, 'dual': False, 'fit_intercept': True, 'intercept_scaling': 1, 'l1_ratio': None, 'max_iter': 100, 'multi_class': 'deprecated', 'n_jobs': None, 'penalty': 'l2', 'random_state': 42, 'solver': 'lbfgs', 'tol': 0.0001, 'verbose': 0, 'warm_start': False}",0.2764625549316406
Coffee,5,2,5,10,KNN,Scaling,8,{'sigma': 0.1},0.49666666666666665,0.47803862886532633,"{'algorithm': 'auto', 'leaf_size': 30, 'metric': 'minkowski', 'metric_params': None, 'n_jobs': None, 'n_neighbors': 5, 'p': 2, 'weights': 'uniform'}",0.05638432502746582
Coffee,5,2,5,10,RandomForest,Scaling,8,{'sigma': 0.1},0.49333333333333335,0.47101799623959173,"{'bootstrap': True, 'ccp_alpha': 0.0, 'class_weight': None, 'criterion': 'gini', 'max_depth': None, 'max_features': 'sqrt', 'max_leaf_nodes': None, 'max_samples': None, 'min_impurity_decrease': 0.0, 'min_samples_leaf': 1, 'min_samples_split': 2, 'min_weight_fraction_leaf': 0.0, 'monotonic_cst': None, 'n_estimators': 100, 'n_jobs': None, 'oob_score': False, 'random_state': 42, 'verbose': 0, 'warm_start': False}",0.575782299041748
Coffee,5,2,5,10,LinearSVC,Scaling,8,{'sigma': 0.1},0.5383333333333333,0.5256379522729745,"{'C': 1.0, 'class_weight': None, 'dual': False, 'fit_intercept': True, 'intercept_scaling': 1, 'loss': 'squared_hinge', 'max_iter': 100, 'multi_class': 'ovr', 'penalty': 'l2', 'random_state': 42, 'tol': 0.0001, 'verbose': 0}",0.011832237243652344
Coffee,5,2,5,10,LogisticRegression,Scaling,8,{'sigma': 0.1},0.4066666666666667,0.3786763690209794,"{'C': 1.0, 'class_weight': None, 'dual': False, 'fit_intercept': True, 'intercept_scaling': 1, 'l1_ratio': None, 'max_iter': 100, 'multi_class': 'deprecated', 'n_jobs': None, 'penalty': 'l2', 'random_state': 42, 'solver': 'lbfgs', 'tol': 0.0001, 'verbose': 0, 'warm_start': False}",0.1527109146118164
Coffee,5,2,5,10,KNN,Scaling,9,{'sigma': 0.3},0.505,0.4898017932855263,"{'algorithm': 'auto', 'leaf_size': 30, 'metric': 'minkowski', 'metric_params': None, 'n_jobs': None, 'n_neighbors': 5, 'p': 2, 'weights': 'uniform'}",0.03838634490966797
Coffee,5,2,5,10,RandomForest,Scaling,9,{'sigma': 0.3},0.5116666666666667,0.491984233120561,"{'bootstrap': True, 'ccp_alpha': 0.0, 'class_weight': None, 'criterion': 'gini', 'max_depth': None, 'max_features': 'sqrt', 'max_leaf_nodes': None, 'max_samples': None, 'min_impurity_decrease': 0.0, 'min_samples_leaf': 1, 'min_samples_split': 2, 'min_weight_fraction_leaf': 0.0, 'monotonic_cst': None, 'n_estimators': 100, 'n_jobs': None, 'oob_score': False, 'random_state': 42, 'verbose': 0, 'warm_start': False}",0.7913930416107178
Coffee,5,2,5,10,LinearSVC,Scaling,9,{'sigma': 0.3},0.445,0.42352590828329806,"{'C': 1.0, 'class_weight': None, 'dual': False, 'fit_intercept': True, 'intercept_scaling': 1, 'loss': 'squared_hinge', 'max_iter': 100, 'multi_class': 'ovr', 'penalty': 'l2', 'random_state': 42, 'tol': 0.0001, 'verbose': 0}",0.01654958724975586
Coffee,5,2,5,10,LogisticRegression,Scaling,9,{'sigma': 0.3},0.4066666666666667,0.3809328571549996,"{'C': 1.0, 'class_weight': None, 'dual': False, 'fit_intercept': True, 'intercept_scaling': 1, 'l1_ratio': None, 'max_iter': 100, 'multi_class': 'deprecated', 'n_jobs': None, 'penalty': 'l2', 'random_state': 42, 'solver': 'lbfgs', 'tol': 0.0001, 'verbose': 0, 'warm_start': False}",0.114837646484375
Coffee,5,2,5,10,KNN,Scaling,10,{'sigma': 0.5},0.54,0.5326090295369759,"{'algorithm': 'auto', 'leaf_size': 30, 'metric': 'minkowski', 'metric_params': None, 'n_jobs': None, 'n_neighbors': 5, 'p': 2, 'weights': 'uniform'}",0.0422060489654541
Coffee,5,2,5,10,RandomForest,Scaling,10,{'sigma': 0.5},0.54,0.5245489423224767,"{'bootstrap': True, 'ccp_alpha': 0.0, 'class_weight': None, 'criterion': 'gini', 'max_depth': None, 'max_features': 'sqrt', 'max_leaf_nodes': None, 'max_samples': None, 'min_impurity_decrease': 0.0, 'min_samples_leaf': 1, 'min_samples_split': 2, 'min_weight_fraction_leaf': 0.0, 'monotonic_cst': None, 'n_estimators': 100, 'n_jobs': None, 'oob_score': False, 'random_state': 42, 'verbose': 0, 'warm_start': False}",0.9894199371337891
Coffee,5,2,5,10,LinearSVC,Scaling,10,{'sigma': 0.5},0.4083333333333333,0.3823585479404707,"{'C': 1.0, 'class_weight': None, 'dual': False, 'fit_intercept': True, 'intercept_scaling': 1, 'loss': 'squared_hinge', 'max_iter': 100, 'multi_class': 'ovr', 'penalty': 'l2', 'random_state': 42, 'tol': 0.0001, 'verbose': 0}",0.017355680465698242
Coffee,5,2,5,10,LogisticRegression,Scaling,10,{'sigma': 0.5},0.38166666666666665,0.3548308995887925,"{'C': 1.0, 'class_weight': None, 'dual': False, 'fit_intercept': True, 'intercept_scaling': 1, 'l1_ratio': None, 'max_iter': 100, 'multi_class': 'deprecated', 'n_jobs': None, 'penalty': 'l2', 'random_state': 42, 'solver': 'lbfgs', 'tol': 0.0001, 'verbose': 0, 'warm_start': False}",0.1517016887664795
Coffee,5,2,6,1,KNN,Baseline,N/A,N/A,0.6316666666666667,0.6355299276494671,"{'algorithm': 'auto', 'leaf_size': 30, 'metric': 'minkowski', 'metric_params': None, 'n_jobs': None, 'n_neighbors': 5, 'p': 2, 'weights': 'uniform'}",0.05444836616516113
Coffee,5,2,6,1,KNN,Tuned_Baseline,N/A,N/A,0.615,0.6205496047947654,"{'algorithm': 'auto', 'leaf_size': 30, 'metric': 'minkowski', 'metric_params': None, 'n_jobs': None, 'n_neighbors': np.int64(5), 'p': 3, 'weights': 'distance'}",0.012336254119873047
Coffee,5,2,6,1,RandomForest,Baseline,N/A,N/A,0.575,0.5829199654765205,"{'bootstrap': True, 'ccp_alpha': 0.0, 'class_weight': None, 'criterion': 'gini', 'max_depth': None, 'max_features': 'sqrt', 'max_leaf_nodes': None, 'max_samples': None, 'min_impurity_decrease': 0.0, 'min_samples_leaf': 1, 'min_samples_split': 2, 'min_weight_fraction_leaf': 0.0, 'monotonic_cst': None, 'n_estimators': 100, 'n_jobs': None, 'oob_score': False, 'random_state': 42, 'verbose': 0, 'warm_start': False}",0.15268802642822266
Coffee,5,2,6,1,RandomForest,Tuned_Baseline,N/A,N/A,0.5816666666666667,0.5892698418938547,"{'bootstrap': True, 'ccp_alpha': 0.0, 'class_weight': 'balanced', 'criterion': 'gini', 'max_depth': 20, 'max_features': 'sqrt', 'max_leaf_nodes': None, 'max_samples': None, 'min_impurity_decrease': 0.0, 'min_samples_leaf': 2, 'min_samples_split': 5, 'min_weight_fraction_leaf': 0.0, 'monotonic_cst': None, 'n_estimators': 50, 'n_jobs': None, 'oob_score': False, 'random_state': 42, 'verbose': 0, 'warm_start': False}",0.0027027130126953125
Coffee,5,2,6,1,LinearSVC,Baseline,N/A,N/A,0.36,0.2977604326157393,"{'C': 1.0, 'class_weight': None, 'dual': False, 'fit_intercept': True, 'intercept_scaling': 1, 'loss': 'squared_hinge', 'max_iter': 100, 'multi_class': 'ovr', 'penalty': 'l2', 'random_state': 42, 'tol': 0.0001, 'verbose': 0}",0.001994609832763672
Coffee,5,2,6,1,LinearSVC,Tuned_Baseline,N/A,N/A,0.3566666666666667,0.29924592843277487,"{'C': np.float64(0.4832930238571752), 'class_weight': 'balanced', 'dual': False, 'fit_intercept': True, 'intercept_scaling': 1, 'loss': 'squared_hinge', 'max_iter': 100, 'multi_class': 'ovr', 'penalty': 'l1', 'random_state': 42, 'tol': 0.0001, 'verbose': 0}",0.00034236907958984375
Coffee,5,2,6,1,LogisticRegression,Baseline,N/A,N/A,0.545,0.5642831943990235,"{'C': 1.0, 'class_weight': None, 'dual': False, 'fit_intercept': True, 'intercept_scaling': 1, 'l1_ratio': None, 'max_iter': 100, 'multi_class': 'deprecated', 'n_jobs': None, 'penalty': 'l2', 'random_state': 42, 'solver': 'lbfgs', 'tol': 0.0001, 'verbose': 0, 'warm_start': False}",0.1452951431274414
Coffee,5,2,6,1,LogisticRegression,Tuned_Baseline,N/A,N/A,0.5833333333333334,0.5907362773671101,"{'C': np.float64(183.29807108324337), 'class_weight': 'balanced', 'dual': False, 'fit_intercept': True, 'intercept_scaling': 1, 'l1_ratio': None, 'max_iter': 100, 'multi_class': 'deprecated', 'n_jobs': None, 'penalty': 'l1', 'random_state': 42, 'solver': 'saga', 'tol': 0.0001, 'verbose': 0, 'warm_start': False}",0.00041222572326660156
Coffee,5,2,6,1,RNN,Tuned_Baseline,N/A,N/A,0.16666666666666666,0.047619047619047616,"{'hidden_size': 64, 'epochs': 10, 'batch_size': 32, 'lr': 0.001}",2.8133392333984375e-05
Coffee,5,2,6,2,KNN,Scaling,1,{'sigma': 0.1},0.6716666666666666,0.6714390760305599,"{'algorithm': 'auto', 'leaf_size': 30, 'metric': 'euclidean', 'metric_params': None, 'n_jobs': None, 'n_neighbors': np.int64(9), 'p': 2, 'weights': 'distance'}",0.00817728042602539
Coffee,5,2,6,2,RandomForest,Scaling,1,{'sigma': 0.1},0.61,0.6131548626896556,"{'bootstrap': True, 'ccp_alpha': 0.0, 'class_weight': 'balanced', 'criterion': 'gini', 'max_depth': None, 'max_features': 'sqrt', 'max_leaf_nodes': None, 'max_samples': None, 'min_impurity_decrease': 0.0, 'min_samples_leaf': 1, 'min_samples_split': 2, 'min_weight_fraction_leaf': 0.0, 'monotonic_cst': None, 'n_estimators': 50, 'n_jobs': None, 'oob_score': False, 'random_state': 42, 'verbose': 0, 'warm_start': False}",0.12825775146484375
Coffee,5,2,6,2,LinearSVC,Scaling,1,{'sigma': 0.1},0.4116666666666667,0.38653482817413026,"{'C': np.float64(0.2069138081114788), 'class_weight': 'balanced', 'dual': False, 'fit_intercept': True, 'intercept_scaling': 1, 'loss': 'squared_hinge', 'max_iter': 100, 'multi_class': 'ovr', 'penalty': 'l2', 'random_state': 42, 'tol': 0.001, 'verbose': 0}",0.004833221435546875
Coffee,5,2,6,2,LogisticRegression,Scaling,1,{'sigma': 0.1},0.6733333333333333,0.6691221349428108,"{'C': np.float64(33.59818286283781), 'class_weight': 'balanced', 'dual': False, 'fit_intercept': True, 'intercept_scaling': 1, 'l1_ratio': None, 'max_iter': 100, 'multi_class': 'deprecated', 'n_jobs': None, 'penalty': 'l1', 'random_state': 42, 'solver': 'saga', 'tol': 0.0001, 'verbose': 0, 'warm_start': False}",0.045763492584228516
Coffee,5,2,6,2,KNN,Scaling,2,{'sigma': 0.5},0.5966666666666667,0.6044662650057337,"{'algorithm': 'auto', 'leaf_size': 30, 'metric': 'chebyshev', 'metric_params': None, 'n_jobs': None, 'n_neighbors': np.int64(5), 'p': 2, 'weights': 'uniform'}",0.03199577331542969
Coffee,5,2,6,2,RandomForest,Scaling,2,{'sigma': 0.5},0.605,0.6096703028733377,"{'bootstrap': True, 'ccp_alpha': 0.0, 'class_weight': 'balanced', 'criterion': 'gini', 'max_depth': None, 'max_features': 'sqrt', 'max_leaf_nodes': None, 'max_samples': None, 'min_impurity_decrease': 0.0, 'min_samples_leaf': 1, 'min_samples_split': 2, 'min_weight_fraction_leaf': 0.0, 'monotonic_cst': None, 'n_estimators': 50, 'n_jobs': None, 'oob_score': False, 'random_state': 42, 'verbose': 0, 'warm_start': False}",0.1198585033416748
Coffee,5,2,6,2,LinearSVC,Scaling,2,{'sigma': 0.5},0.43,0.4341748774468555,"{'C': np.float64(0.2069138081114788), 'class_weight': None, 'dual': False, 'fit_intercept': False, 'intercept_scaling': 1, 'loss': 'squared_hinge', 'max_iter': 100, 'multi_class': 'ovr', 'penalty': 'l2', 'random_state': 42, 'tol': 0.001, 'verbose': 0}",0.0044476985931396484
Coffee,5,2,6,2,LogisticRegression,Scaling,2,{'sigma': 0.5},0.525,0.541987238109807,"{'C': np.float64(183.29807108324337), 'class_weight': None, 'dual': False, 'fit_intercept': True, 'intercept_scaling': 1, 'l1_ratio': None, 'max_iter': 100, 'multi_class': 'deprecated', 'n_jobs': None, 'penalty': 'l2', 'random_state': 42, 'solver': 'saga', 'tol': 0.0001, 'verbose': 0, 'warm_start': False}",0.03441739082336426
Coffee,5,2,6,2,KNN,Scaling,3,{'sigma': 0.3},0.635,0.6395997484489383,"{'algorithm': 'auto', 'leaf_size': 30, 'metric': 'euclidean', 'metric_params': None, 'n_jobs': None, 'n_neighbors': np.int64(9), 'p': 2, 'weights': 'distance'}",0.00910496711730957
Coffee,5,2,6,2,RandomForest,Scaling,3,{'sigma': 0.3},0.6416666666666667,0.6436193258876964,"{'bootstrap': True, 'ccp_alpha': 0.0, 'class_weight': 'balanced', 'criterion': 'gini', 'max_depth': 30, 'max_features': 'sqrt', 'max_leaf_nodes': None, 'max_samples': None, 'min_impurity_decrease': 0.0, 'min_samples_leaf': 1, 'min_samples_split': 2, 'min_weight_fraction_leaf': 0.0, 'monotonic_cst': None, 'n_estimators': 150, 'n_jobs': None, 'oob_score': False, 'random_state': 42, 'verbose': 0, 'warm_start': False}",0.37363624572753906
Coffee,5,2,6,2,LinearSVC,Scaling,3,{'sigma': 0.3},0.26666666666666666,0.22192497124672922,"{'C': np.float64(0.2069138081114788), 'class_weight': 'balanced', 'dual': False, 'fit_intercept': True, 'intercept_scaling': 1, 'loss': 'squared_hinge', 'max_iter': 100, 'multi_class': 'ovr', 'penalty': 'l2', 'random_state': 42, 'tol': 0.001, 'verbose': 0}",0.004888296127319336
Coffee,5,2,6,2,LogisticRegression,Scaling,3,{'sigma': 0.3},0.33666666666666667,0.2956738844694931,"{'C': np.float64(33.59818286283781), 'class_weight': 'balanced', 'dual': False, 'fit_intercept': True, 'intercept_scaling': 1, 'l1_ratio': None, 'max_iter': 100, 'multi_class': 'deprecated', 'n_jobs': None, 'penalty': 'l1', 'random_state': 42, 'solver': 'saga', 'tol': 0.0001, 'verbose': 0, 'warm_start': False}",0.0476231575012207
Coffee,5,2,6,2,KNN,Scaling,4,{'sigma': 0.2},0.6483333333333333,0.6511206391448863,"{'algorithm': 'auto', 'leaf_size': 30, 'metric': 'euclidean', 'metric_params': None, 'n_jobs': None, 'n_neighbors': np.int64(9), 'p': 2, 'weights': 'distance'}",0.00760650634765625
Coffee,5,2,6,2,RandomForest,Scaling,4,{'sigma': 0.2},0.5616666666666666,0.5677404817421028,"{'bootstrap': True, 'ccp_alpha': 0.0, 'class_weight': 'balanced', 'criterion': 'gini', 'max_depth': 20, 'max_features': 'sqrt', 'max_leaf_nodes': None, 'max_samples': None, 'min_impurity_decrease': 0.0, 'min_samples_leaf': 1, 'min_samples_split': 2, 'min_weight_fraction_leaf': 0.0, 'monotonic_cst': None, 'n_estimators': 50, 'n_jobs': None, 'oob_score': False, 'random_state': 42, 'verbose': 0, 'warm_start': False}",0.10623788833618164
Coffee,5,2,6,2,LinearSVC,Scaling,4,{'sigma': 0.2},0.37166666666666665,0.3186379681345594,"{'C': np.float64(0.2069138081114788), 'class_weight': 'balanced', 'dual': False, 'fit_intercept': True, 'intercept_scaling': 1, 'loss': 'squared_hinge', 'max_iter': 100, 'multi_class': 'ovr', 'penalty': 'l2', 'random_state': 42, 'tol': 0.001, 'verbose': 0}",0.004690885543823242
Coffee,5,2,6,2,LogisticRegression,Scaling,4,{'sigma': 0.2},0.54,0.5445996303412209,"{'C': np.float64(1000.0), 'class_weight': 'balanced', 'dual': False, 'fit_intercept': True, 'intercept_scaling': 1, 'l1_ratio': None, 'max_iter': 100, 'multi_class': 'deprecated', 'n_jobs': None, 'penalty': 'l2', 'random_state': 42, 'solver': 'sag', 'tol': 0.0001, 'verbose': 0, 'warm_start': False}",0.03071451187133789
Coffee,5,2,6,2,KNN,Scaling,5,{'sigma': 0.5},0.59,0.5975782220640056,"{'algorithm': 'auto', 'leaf_size': 30, 'metric': 'chebyshev', 'metric_params': None, 'n_jobs': None, 'n_neighbors': np.int64(5), 'p': 2, 'weights': 'uniform'}",0.0219881534576416
Coffee,5,2,6,2,RandomForest,Scaling,5,{'sigma': 0.5},0.5416666666666666,0.5495511428137773,"{'bootstrap': True, 'ccp_alpha': 0.0, 'class_weight': 'balanced', 'criterion': 'gini', 'max_depth': 30, 'max_features': 'sqrt', 'max_leaf_nodes': None, 'max_samples': None, 'min_impurity_decrease': 0.0, 'min_samples_leaf': 1, 'min_samples_split': 2, 'min_weight_fraction_leaf': 0.0, 'monotonic_cst': None, 'n_estimators': 150, 'n_jobs': None, 'oob_score': False, 'random_state': 42, 'verbose': 0, 'warm_start': False}",0.36058926582336426
Coffee,5,2,6,2,LinearSVC,Scaling,5,{'sigma': 0.5},0.54,0.5392628205128205,"{'C': np.float64(33.59818286283781), 'class_weight': 'balanced', 'dual': False, 'fit_intercept': True, 'intercept_scaling': 1, 'loss': 'squared_hinge', 'max_iter': 100, 'multi_class': 'ovr', 'penalty': 'l1', 'random_state': 42, 'tol': 0.0001, 'verbose': 0}",0.010867595672607422
Coffee,5,2,6,2,LogisticRegression,Scaling,5,{'sigma': 0.5},0.44,0.45867164402423527,"{'C': np.float64(33.59818286283781), 'class_weight': 'balanced', 'dual': False, 'fit_intercept': True, 'intercept_scaling': 1, 'l1_ratio': None, 'max_iter': 100, 'multi_class': 'deprecated', 'n_jobs': None, 'penalty': 'l1', 'random_state': 42, 'solver': 'saga', 'tol': 0.0001, 'verbose': 0, 'warm_start': False}",0.048834800720214844
Coffee,5,2,6,2,KNN,Scaling,6,{'sigma': 0.1},0.6233333333333333,0.6281697674807348,"{'algorithm': 'auto', 'leaf_size': 30, 'metric': 'euclidean', 'metric_params': None, 'n_jobs': None, 'n_neighbors': np.int64(9), 'p': 2, 'weights': 'distance'}",0.007068157196044922
Coffee,5,2,6,2,RandomForest,Scaling,6,{'sigma': 0.1},0.565,0.5735498144581189,"{'bootstrap': True, 'ccp_alpha': 0.0, 'class_weight': 'balanced', 'criterion': 'gini', 'max_depth': None, 'max_features': 'sqrt', 'max_leaf_nodes': None, 'max_samples': None, 'min_impurity_decrease': 0.0, 'min_samples_leaf': 2, 'min_samples_split': 2, 'min_weight_fraction_leaf': 0.0, 'monotonic_cst': None, 'n_estimators': 150, 'n_jobs': None, 'oob_score': False, 'random_state': 42, 'verbose': 0, 'warm_start': False}",0.3131434917449951
Coffee,5,2,6,2,LinearSVC,Scaling,6,{'sigma': 0.1},0.5333333333333333,0.5386016652171627,"{'C': np.float64(0.2069138081114788), 'class_weight': 'balanced', 'dual': False, 'fit_intercept': False, 'intercept_scaling': 1, 'loss': 'squared_hinge', 'max_iter': 100, 'multi_class': 'ovr', 'penalty': 'l2', 'random_state': 42, 'tol': 0.0001, 'verbose': 0}",0.004457235336303711
Coffee,5,2,6,2,LogisticRegression,Scaling,6,{'sigma': 0.1},0.4583333333333333,0.4509889206704036,"{'C': np.float64(33.59818286283781), 'class_weight': 'balanced', 'dual': False, 'fit_intercept': True, 'intercept_scaling': 1, 'l1_ratio': None, 'max_iter': 100, 'multi_class': 'deprecated', 'n_jobs': None, 'penalty': 'l1', 'random_state': 42, 'solver': 'saga', 'tol': 0.0001, 'verbose': 0, 'warm_start': False}",0.047789573669433594
Coffee,5,2,6,2,KNN,Scaling,7,{'sigma': 0.3},0.5983333333333334,0.6058006535947712,"{'algorithm': 'auto', 'leaf_size': 30, 'metric': 'euclidean', 'metric_params': None, 'n_jobs': None, 'n_neighbors': np.int64(9), 'p': 2, 'weights': 'distance'}",0.00890350341796875
Coffee,5,2,6,2,RandomForest,Scaling,7,{'sigma': 0.3},0.5333333333333333,0.540091537882691,"{'bootstrap': True, 'ccp_alpha': 0.0, 'class_weight': None, 'criterion': 'gini', 'max_depth': 20, 'max_features': 'sqrt', 'max_leaf_nodes': None, 'max_samples': None, 'min_impurity_decrease': 0.0, 'min_samples_leaf': 1, 'min_samples_split': 2, 'min_weight_fraction_leaf': 0.0, 'monotonic_cst': None, 'n_estimators': 100, 'n_jobs': None, 'oob_score': False, 'random_state': 42, 'verbose': 0, 'warm_start': False}",0.2539031505584717
Coffee,5,2,6,2,LinearSVC,Scaling,7,{'sigma': 0.3},0.3433333333333333,0.29457412357638546,"{'C': np.float64(0.2069138081114788), 'class_weight': 'balanced', 'dual': False, 'fit_intercept': True, 'intercept_scaling': 1, 'loss': 'squared_hinge', 'max_iter': 100, 'multi_class': 'ovr', 'penalty': 'l2', 'random_state': 42, 'tol': 0.001, 'verbose': 0}",0.005064725875854492
Coffee,5,2,6,2,LogisticRegression,Scaling,7,{'sigma': 0.3},0.36333333333333334,0.36469498392082345,"{'C': np.float64(33.59818286283781), 'class_weight': 'balanced', 'dual': False, 'fit_intercept': True, 'intercept_scaling': 1, 'l1_ratio': None, 'max_iter': 100, 'multi_class': 'deprecated', 'n_jobs': None, 'penalty': 'l1', 'random_state': 42, 'solver': 'saga', 'tol': 0.0001, 'verbose': 0, 'warm_start': False}",0.04768085479736328
Coffee,5,2,6,2,KNN,Scaling,8,{'sigma': 0.1},0.6566666666666666,0.6583412110055226,"{'algorithm': 'auto', 'leaf_size': 30, 'metric': 'euclidean', 'metric_params': None, 'n_jobs': None, 'n_neighbors': np.int64(9), 'p': 2, 'weights': 'distance'}",0.0073621273040771484
Coffee,5,2,6,2,RandomForest,Scaling,8,{'sigma': 0.1},0.6083333333333333,0.6130412149559191,"{'bootstrap': True, 'ccp_alpha': 0.0, 'class_weight': 'balanced', 'criterion': 'gini', 'max_depth': 10, 'max_features': 'sqrt', 'max_leaf_nodes': None, 'max_samples': None, 'min_impurity_decrease': 0.0, 'min_samples_leaf': 1, 'min_samples_split': 2, 'min_weight_fraction_leaf': 0.0, 'monotonic_cst': None, 'n_estimators': 100, 'n_jobs': None, 'oob_score': False, 'random_state': 42, 'verbose': 0, 'warm_start': False}",0.1878800392150879
Coffee,5,2,6,2,LinearSVC,Scaling,8,{'sigma': 0.1},0.5383333333333333,0.5473959395145833,"{'C': np.float64(0.2069138081114788), 'class_weight': 'balanced', 'dual': False, 'fit_intercept': False, 'intercept_scaling': 1, 'loss': 'squared_hinge', 'max_iter': 100, 'multi_class': 'ovr', 'penalty': 'l2', 'random_state': 42, 'tol': 0.0001, 'verbose': 0}",0.0036725997924804688
Coffee,5,2,6,2,LogisticRegression,Scaling,8,{'sigma': 0.1},0.6916666666666667,0.6876888757780005,"{'C': np.float64(33.59818286283781), 'class_weight': 'balanced', 'dual': False, 'fit_intercept': True, 'intercept_scaling': 1, 'l1_ratio': None, 'max_iter': 100, 'multi_class': 'deprecated', 'n_jobs': None, 'penalty': 'l1', 'random_state': 42, 'solver': 'saga', 'tol': 0.0001, 'verbose': 0, 'warm_start': False}",0.04559755325317383
Coffee,5,2,6,2,KNN,Scaling,9,{'sigma': 0.3},0.64,0.6428479864240619,"{'algorithm': 'auto', 'leaf_size': 30, 'metric': 'euclidean', 'metric_params': None, 'n_jobs': None, 'n_neighbors': np.int64(9), 'p': 2, 'weights': 'distance'}",0.008832454681396484
Coffee,5,2,6,2,RandomForest,Scaling,9,{'sigma': 0.3},0.575,0.5750643812005299,"{'bootstrap': True, 'ccp_alpha': 0.0, 'class_weight': 'balanced', 'criterion': 'gini', 'max_depth': None, 'max_features': 'sqrt', 'max_leaf_nodes': None, 'max_samples': None, 'min_impurity_decrease': 0.0, 'min_samples_leaf': 1, 'min_samples_split': 2, 'min_weight_fraction_leaf': 0.0, 'monotonic_cst': None, 'n_estimators': 50, 'n_jobs': None, 'oob_score': False, 'random_state': 42, 'verbose': 0, 'warm_start': False}",0.12946653366088867
Coffee,5,2,6,2,LinearSVC,Scaling,9,{'sigma': 0.3},0.45666666666666667,0.4742590136654357,"{'C': np.float64(0.2069138081114788), 'class_weight': None, 'dual': False, 'fit_intercept': False, 'intercept_scaling': 1, 'loss': 'squared_hinge', 'max_iter': 100, 'multi_class': 'ovr', 'penalty': 'l2', 'random_state': 42, 'tol': 0.001, 'verbose': 0}",0.005120992660522461
Coffee,5,2,6,2,LogisticRegression,Scaling,9,{'sigma': 0.3},0.555,0.5652902430245871,"{'C': np.float64(33.59818286283781), 'class_weight': 'balanced', 'dual': False, 'fit_intercept': True, 'intercept_scaling': 1, 'l1_ratio': None, 'max_iter': 100, 'multi_class': 'deprecated', 'n_jobs': None, 'penalty': 'l1', 'random_state': 42, 'solver': 'saga', 'tol': 0.0001, 'verbose': 0, 'warm_start': False}",0.036937713623046875
Coffee,5,2,6,2,KNN,Scaling,10,{'sigma': 0.5},0.74,0.7315558650818378,"{'algorithm': 'auto', 'leaf_size': 30, 'metric': 'euclidean', 'metric_params': None, 'n_jobs': None, 'n_neighbors': np.int64(9), 'p': 2, 'weights': 'distance'}",0.008174419403076172
Coffee,5,2,6,2,RandomForest,Scaling,10,{'sigma': 0.5},0.7416666666666667,0.7316513567130655,"{'bootstrap': True, 'ccp_alpha': 0.0, 'class_weight': 'balanced', 'criterion': 'gini', 'max_depth': 30, 'max_features': 'sqrt', 'max_leaf_nodes': None, 'max_samples': None, 'min_impurity_decrease': 0.0, 'min_samples_leaf': 1, 'min_samples_split': 2, 'min_weight_fraction_leaf': 0.0, 'monotonic_cst': None, 'n_estimators': 150, 'n_jobs': None, 'oob_score': False, 'random_state': 42, 'verbose': 0, 'warm_start': False}",0.36411237716674805
Coffee,5,2,6,2,LinearSVC,Scaling,10,{'sigma': 0.5},0.39,0.40028192440367677,"{'C': np.float64(0.2069138081114788), 'class_weight': None, 'dual': False, 'fit_intercept': False, 'intercept_scaling': 1, 'loss': 'squared_hinge', 'max_iter': 100, 'multi_class': 'ovr', 'penalty': 'l2', 'random_state': 42, 'tol': 0.001, 'verbose': 0}",0.0036382675170898438
Coffee,5,2,6,2,LogisticRegression,Scaling,10,{'sigma': 0.5},0.495,0.49635623624132374,"{'C': np.float64(33.59818286283781), 'class_weight': 'balanced', 'dual': False, 'fit_intercept': True, 'intercept_scaling': 1, 'l1_ratio': None, 'max_iter': 100, 'multi_class': 'deprecated', 'n_jobs': None, 'penalty': 'l1', 'random_state': 42, 'solver': 'saga', 'tol': 0.0001, 'verbose': 0, 'warm_start': False}",0.045114994049072266
Coffee,5,2,6,3,KNN,Scaling,1,{'sigma': 0.1},0.5883333333333334,0.596111148999371,"{'algorithm': 'auto', 'leaf_size': 30, 'metric': 'minkowski', 'metric_params': None, 'n_jobs': None, 'n_neighbors': np.int64(13), 'p': 4, 'weights': 'distance'}",0.03489494323730469
Coffee,5,2,6,3,RandomForest,Scaling,1,{'sigma': 0.1},0.5833333333333334,0.5895364280494392,"{'bootstrap': True, 'ccp_alpha': 0.0, 'class_weight': None, 'criterion': 'gini', 'max_depth': 20, 'max_features': 'sqrt', 'max_leaf_nodes': None, 'max_samples': None, 'min_impurity_decrease': 0.0, 'min_samples_leaf': 1, 'min_samples_split': 2, 'min_weight_fraction_leaf': 0.0, 'monotonic_cst': None, 'n_estimators': 100, 'n_jobs': None, 'oob_score': False, 'random_state': 42, 'verbose': 0, 'warm_start': False}",0.29811978340148926
Coffee,5,2,6,3,LinearSVC,Scaling,1,{'sigma': 0.1},0.30833333333333335,0.2774073876374506,"{'C': np.float64(1000.0), 'class_weight': 'balanced', 'dual': False, 'fit_intercept': True, 'intercept_scaling': 1, 'loss': 'squared_hinge', 'max_iter': 100, 'multi_class': 'ovr', 'penalty': 'l2', 'random_state': 42, 'tol': 0.001, 'verbose': 0}",0.005398988723754883
Coffee,5,2,6,3,LogisticRegression,Scaling,1,{'sigma': 0.1},0.5833333333333334,0.5837595463982584,"{'C': np.float64(33.59818286283781), 'class_weight': 'balanced', 'dual': False, 'fit_intercept': True, 'intercept_scaling': 1, 'l1_ratio': None, 'max_iter': 100, 'multi_class': 'deprecated', 'n_jobs': None, 'penalty': 'l1', 'random_state': 42, 'solver': 'saga', 'tol': 0.0001, 'verbose': 0, 'warm_start': False}",0.06083798408508301
Coffee,5,2,6,3,KNN,Scaling,2,{'sigma': 0.5},0.6583333333333333,0.6596308231203599,"{'algorithm': 'auto', 'leaf_size': 30, 'metric': 'euclidean', 'metric_params': None, 'n_jobs': None, 'n_neighbors': np.int64(9), 'p': 2, 'weights': 'distance'}",0.009119033813476562
Coffee,5,2,6,3,RandomForest,Scaling,2,{'sigma': 0.5},0.7733333333333333,0.7597821818005304,"{'bootstrap': True, 'ccp_alpha': 0.0, 'class_weight': 'balanced', 'criterion': 'gini', 'max_depth': 30, 'max_features': 'sqrt', 'max_leaf_nodes': None, 'max_samples': None, 'min_impurity_decrease': 0.0, 'min_samples_leaf': 1, 'min_samples_split': 2, 'min_weight_fraction_leaf': 0.0, 'monotonic_cst': None, 'n_estimators': 150, 'n_jobs': None, 'oob_score': False, 'random_state': 42, 'verbose': 0, 'warm_start': False}",0.38408565521240234
Coffee,5,2,6,3,LinearSVC,Scaling,2,{'sigma': 0.5},0.4033333333333333,0.4002297484650426,"{'C': np.float64(2.6366508987303554), 'class_weight': 'balanced', 'dual': False, 'fit_intercept': True, 'intercept_scaling': 1, 'loss': 'squared_hinge', 'max_iter': 100, 'multi_class': 'ovr', 'penalty': 'l1', 'random_state': 42, 'tol': 0.0001, 'verbose': 0}",0.012005329132080078
Coffee,5,2,6,3,LogisticRegression,Scaling,2,{'sigma': 0.5},0.425,0.4398116143657278,"{'C': np.float64(0.08858667904100823), 'class_weight': None, 'dual': False, 'fit_intercept': False, 'intercept_scaling': 1, 'l1_ratio': None, 'max_iter': 100, 'multi_class': 'deprecated', 'n_jobs': None, 'penalty': 'l1', 'random_state': 42, 'solver': 'saga', 'tol': 0.0001, 'verbose': 0, 'warm_start': False}",0.057465553283691406
Coffee,5,2,6,3,KNN,Scaling,3,{'sigma': 0.3},0.6633333333333333,0.6635264716088212,"{'algorithm': 'auto', 'leaf_size': 30, 'metric': 'euclidean', 'metric_params': None, 'n_jobs': None, 'n_neighbors': np.int64(9), 'p': 2, 'weights': 'distance'}",0.009078264236450195
Coffee,5,2,6,3,RandomForest,Scaling,3,{'sigma': 0.3},0.6116666666666667,0.6123492319444562,"{'bootstrap': True, 'ccp_alpha': 0.0, 'class_weight': 'balanced', 'criterion': 'gini', 'max_depth': None, 'max_features': 'sqrt', 'max_leaf_nodes': None, 'max_samples': None, 'min_impurity_decrease': 0.0, 'min_samples_leaf': 1, 'min_samples_split': 2, 'min_weight_fraction_leaf': 0.0, 'monotonic_cst': None, 'n_estimators': 50, 'n_jobs': None, 'oob_score': False, 'random_state': 42, 'verbose': 0, 'warm_start': False}",0.13225769996643066
Coffee,5,2,6,3,LinearSVC,Scaling,3,{'sigma': 0.3},0.27,0.22260865489517953,"{'C': np.float64(2.6366508987303554), 'class_weight': 'balanced', 'dual': False, 'fit_intercept': True, 'intercept_scaling': 1, 'loss': 'squared_hinge', 'max_iter': 100, 'multi_class': 'ovr', 'penalty': 'l1', 'random_state': 42, 'tol': 0.0001, 'verbose': 0}",0.012133121490478516
Coffee,5,2,6,3,LogisticRegression,Scaling,3,{'sigma': 0.3},0.515,0.5264062622491491,"{'C': np.float64(2.6366508987303554), 'class_weight': 'balanced', 'dual': False, 'fit_intercept': True, 'intercept_scaling': 1, 'l1_ratio': None, 'max_iter': 100, 'multi_class': 'deprecated', 'n_jobs': None, 'penalty': 'l1', 'random_state': 42, 'solver': 'saga', 'tol': 0.0001, 'verbose': 0, 'warm_start': False}",0.06458377838134766
Coffee,5,2,6,3,KNN,Scaling,4,{'sigma': 0.2},0.6416666666666667,0.6449328449328449,"{'algorithm': 'auto', 'leaf_size': 30, 'metric': 'euclidean', 'metric_params': None, 'n_jobs': None, 'n_neighbors': np.int64(9), 'p': 2, 'weights': 'distance'}",0.008225440979003906
Coffee,5,2,6,3,RandomForest,Scaling,4,{'sigma': 0.2},0.625,0.6298694137403815,"{'bootstrap': True, 'ccp_alpha': 0.0, 'class_weight': 'balanced', 'criterion': 'gini', 'max_depth': 30, 'max_features': 'sqrt', 'max_leaf_nodes': None, 'max_samples': None, 'min_impurity_decrease': 0.0, 'min_samples_leaf': 1, 'min_samples_split': 2, 'min_weight_fraction_leaf': 0.0, 'monotonic_cst': None, 'n_estimators': 150, 'n_jobs': None, 'oob_score': False, 'random_state': 42, 'verbose': 0, 'warm_start': False}",0.46178722381591797
Coffee,5,2,6,3,LinearSVC,Scaling,4,{'sigma': 0.2},0.3283333333333333,0.2824382658323943,"{'C': np.float64(1000.0), 'class_weight': 'balanced', 'dual': False, 'fit_intercept': True, 'intercept_scaling': 1, 'loss': 'squared_hinge', 'max_iter': 100, 'multi_class': 'ovr', 'penalty': 'l2', 'random_state': 42, 'tol': 0.001, 'verbose': 0}",0.006537199020385742
Coffee,5,2,6,3,LogisticRegression,Scaling,4,{'sigma': 0.2},0.3466666666666667,0.36031251783293317,"{'C': np.float64(1000.0), 'class_weight': 'balanced', 'dual': False, 'fit_intercept': True, 'intercept_scaling': 1, 'l1_ratio': None, 'max_iter': 100, 'multi_class': 'deprecated', 'n_jobs': None, 'penalty': 'l2', 'random_state': 42, 'solver': 'sag', 'tol': 0.0001, 'verbose': 0, 'warm_start': False}",0.04780983924865723
Coffee,5,2,6,3,KNN,Scaling,5,{'sigma': 0.5},0.6416666666666667,0.6447470021733447,"{'algorithm': 'auto', 'leaf_size': 30, 'metric': 'euclidean', 'metric_params': None, 'n_jobs': None, 'n_neighbors': np.int64(9), 'p': 2, 'weights': 'distance'}",0.007929563522338867
Coffee,5,2,6,3,RandomForest,Scaling,5,{'sigma': 0.5},0.6433333333333333,0.6447896489781306,"{'bootstrap': True, 'ccp_alpha': 0.0, 'class_weight': 'balanced', 'criterion': 'gini', 'max_depth': 20, 'max_features': 'sqrt', 'max_leaf_nodes': None, 'max_samples': None, 'min_impurity_decrease': 0.0, 'min_samples_leaf': 2, 'min_samples_split': 5, 'min_weight_fraction_leaf': 0.0, 'monotonic_cst': None, 'n_estimators': 50, 'n_jobs': None, 'oob_score': False, 'random_state': 42, 'verbose': 0, 'warm_start': False}",0.1305546760559082
Coffee,5,2,6,3,LinearSVC,Scaling,5,{'sigma': 0.5},0.4216666666666667,0.43846083878687503,"{'C': np.float64(2.6366508987303554), 'class_weight': 'balanced', 'dual': False, 'fit_intercept': True, 'intercept_scaling': 1, 'loss': 'squared_hinge', 'max_iter': 100, 'multi_class': 'ovr', 'penalty': 'l1', 'random_state': 42, 'tol': 0.0001, 'verbose': 0}",0.014342546463012695
Coffee,5,2,6,3,LogisticRegression,Scaling,5,{'sigma': 0.5},0.4,0.4157209041564611,"{'C': np.float64(0.08858667904100823), 'class_weight': None, 'dual': False, 'fit_intercept': False, 'intercept_scaling': 1, 'l1_ratio': None, 'max_iter': 100, 'multi_class': 'deprecated', 'n_jobs': None, 'penalty': 'l1', 'random_state': 42, 'solver': 'saga', 'tol': 0.0001, 'verbose': 0, 'warm_start': False}",0.05138754844665527
Coffee,5,2,6,3,KNN,Scaling,6,{'sigma': 0.1},0.6066666666666667,0.6124282993918923,"{'algorithm': 'auto', 'leaf_size': 30, 'metric': 'minkowski', 'metric_params': None, 'n_jobs': None, 'n_neighbors': np.int64(13), 'p': 4, 'weights': 'distance'}",0.03301668167114258
Coffee,5,2,6,3,RandomForest,Scaling,6,{'sigma': 0.1},0.6083333333333333,0.611017679910826,"{'bootstrap': True, 'ccp_alpha': 0.0, 'class_weight': 'balanced', 'criterion': 'gini', 'max_depth': 30, 'max_features': 'sqrt', 'max_leaf_nodes': None, 'max_samples': None, 'min_impurity_decrease': 0.0, 'min_samples_leaf': 1, 'min_samples_split': 2, 'min_weight_fraction_leaf': 0.0, 'monotonic_cst': None, 'n_estimators': 150, 'n_jobs': None, 'oob_score': False, 'random_state': 42, 'verbose': 0, 'warm_start': False}",0.42604565620422363
Coffee,5,2,6,3,LinearSVC,Scaling,6,{'sigma': 0.1},0.2833333333333333,0.23237716574983508,"{'C': np.float64(1000.0), 'class_weight': 'balanced', 'dual': False, 'fit_intercept': True, 'intercept_scaling': 1, 'loss': 'squared_hinge', 'max_iter': 100, 'multi_class': 'ovr', 'penalty': 'l2', 'random_state': 42, 'tol': 0.001, 'verbose': 0}",0.005719900131225586
Coffee,5,2,6,3,LogisticRegression,Scaling,6,{'sigma': 0.1},0.5816666666666667,0.5925625557112035,"{'C': np.float64(33.59818286283781), 'class_weight': 'balanced', 'dual': False, 'fit_intercept': True, 'intercept_scaling': 1, 'l1_ratio': None, 'max_iter': 100, 'multi_class': 'deprecated', 'n_jobs': None, 'penalty': 'l1', 'random_state': 42, 'solver': 'saga', 'tol': 0.0001, 'verbose': 0, 'warm_start': False}",0.07192111015319824
Coffee,5,2,6,3,KNN,Scaling,7,{'sigma': 0.3},0.6366666666666667,0.6394445806386678,"{'algorithm': 'auto', 'leaf_size': 30, 'metric': 'euclidean', 'metric_params': None, 'n_jobs': None, 'n_neighbors': np.int64(9), 'p': 2, 'weights': 'distance'}",0.008920431137084961
Coffee,5,2,6,3,RandomForest,Scaling,7,{'sigma': 0.3},0.6216666666666667,0.6151483775554741,"{'bootstrap': True, 'ccp_alpha': 0.0, 'class_weight': 'balanced', 'criterion': 'gini', 'max_depth': None, 'max_features': 'sqrt', 'max_leaf_nodes': None, 'max_samples': None, 'min_impurity_decrease': 0.0, 'min_samples_leaf': 4, 'min_samples_split': 2, 'min_weight_fraction_leaf': 0.0, 'monotonic_cst': None, 'n_estimators': 50, 'n_jobs': None, 'oob_score': False, 'random_state': 42, 'verbose': 0, 'warm_start': False}",0.15642762184143066
Coffee,5,2,6,3,LinearSVC,Scaling,7,{'sigma': 0.3},0.2733333333333333,0.2327413370040098,"{'C': np.float64(33.59818286283781), 'class_weight': None, 'dual': False, 'fit_intercept': True, 'intercept_scaling': 1, 'loss': 'squared_hinge', 'max_iter': 100, 'multi_class': 'ovr', 'penalty': 'l1', 'random_state': 42, 'tol': 0.001, 'verbose': 0}",0.013776540756225586
Coffee,5,2,6,3,LogisticRegression,Scaling,7,{'sigma': 0.3},0.375,0.37470778014149775,"{'C': np.float64(33.59818286283781), 'class_weight': 'balanced', 'dual': False, 'fit_intercept': True, 'intercept_scaling': 1, 'l1_ratio': None, 'max_iter': 100, 'multi_class': 'deprecated', 'n_jobs': None, 'penalty': 'l1', 'random_state': 42, 'solver': 'saga', 'tol': 0.0001, 'verbose': 0, 'warm_start': False}",0.05434584617614746
Coffee,5,2,6,3,KNN,Scaling,8,{'sigma': 0.1},0.625,0.6296870208060948,"{'algorithm': 'auto', 'leaf_size': 30, 'metric': 'minkowski', 'metric_params': None, 'n_jobs': None, 'n_neighbors': np.int64(13), 'p': 4, 'weights': 'distance'}",0.03359484672546387
Coffee,5,2,6,3,RandomForest,Scaling,8,{'sigma': 0.1},0.5866666666666667,0.5925765627759678,"{'bootstrap': True, 'ccp_alpha': 0.0, 'class_weight': 'balanced', 'criterion': 'gini', 'max_depth': None, 'max_features': 'sqrt', 'max_leaf_nodes': None, 'max_samples': None, 'min_impurity_decrease': 0.0, 'min_samples_leaf': 1, 'min_samples_split': 2, 'min_weight_fraction_leaf': 0.0, 'monotonic_cst': None, 'n_estimators': 50, 'n_jobs': None, 'oob_score': False, 'random_state': 42, 'verbose': 0, 'warm_start': False}",0.11827278137207031
Coffee,5,2,6,3,LinearSVC,Scaling,8,{'sigma': 0.1},0.33666666666666667,0.26999959770642823,"{'C': np.float64(183.29807108324337), 'class_weight': 'balanced', 'dual': False, 'fit_intercept': True, 'intercept_scaling': 1, 'loss': 'squared_hinge', 'max_iter': 100, 'multi_class': 'ovr', 'penalty': 'l1', 'random_state': 42, 'tol': 0.0001, 'verbose': 0}",0.01608133316040039
Coffee,5,2,6,3,LogisticRegression,Scaling,8,{'sigma': 0.1},0.4666666666666667,0.4755887528299429,"{'C': np.float64(33.59818286283781), 'class_weight': None, 'dual': False, 'fit_intercept': True, 'intercept_scaling': 1, 'l1_ratio': None, 'max_iter': 100, 'multi_class': 'deprecated', 'n_jobs': None, 'penalty': 'l2', 'random_state': 42, 'solver': 'saga', 'tol': 0.0001, 'verbose': 0, 'warm_start': False}",0.0416254997253418
Coffee,5,2,6,3,KNN,Scaling,9,{'sigma': 0.3},0.6333333333333333,0.6373798021747541,"{'algorithm': 'auto', 'leaf_size': 30, 'metric': 'euclidean', 'metric_params': None, 'n_jobs': None, 'n_neighbors': np.int64(9), 'p': 2, 'weights': 'distance'}",0.008581876754760742
Coffee,5,2,6,3,RandomForest,Scaling,9,{'sigma': 0.3},0.6133333333333333,0.6146895996813176,"{'bootstrap': True, 'ccp_alpha': 0.0, 'class_weight': 'balanced', 'criterion': 'gini', 'max_depth': 30, 'max_features': 'sqrt', 'max_leaf_nodes': None, 'max_samples': None, 'min_impurity_decrease': 0.0, 'min_samples_leaf': 1, 'min_samples_split': 2, 'min_weight_fraction_leaf': 0.0, 'monotonic_cst': None, 'n_estimators': 150, 'n_jobs': None, 'oob_score': False, 'random_state': 42, 'verbose': 0, 'warm_start': False}",0.37334656715393066
Coffee,5,2,6,3,LinearSVC,Scaling,9,{'sigma': 0.3},0.3466666666666667,0.29067966419172514,"{'C': np.float64(2.6366508987303554), 'class_weight': 'balanced', 'dual': False, 'fit_intercept': True, 'intercept_scaling': 1, 'loss': 'squared_hinge', 'max_iter': 100, 'multi_class': 'ovr', 'penalty': 'l1', 'random_state': 42, 'tol': 0.0001, 'verbose': 0}",0.011149883270263672
Coffee,5,2,6,3,LogisticRegression,Scaling,9,{'sigma': 0.3},0.48333333333333334,0.4933732933732934,"{'C': np.float64(1000.0), 'class_weight': 'balanced', 'dual': False, 'fit_intercept': True, 'intercept_scaling': 1, 'l1_ratio': None, 'max_iter': 100, 'multi_class': 'deprecated', 'n_jobs': None, 'penalty': 'l2', 'random_state': 42, 'solver': 'sag', 'tol': 0.0001, 'verbose': 0, 'warm_start': False}",0.03860282897949219
Coffee,5,2,6,3,KNN,Scaling,10,{'sigma': 0.5},0.68,0.6788098341599942,"{'algorithm': 'auto', 'leaf_size': 30, 'metric': 'euclidean', 'metric_params': None, 'n_jobs': None, 'n_neighbors': np.int64(9), 'p': 2, 'weights': 'distance'}",0.00969696044921875
Coffee,5,2,6,3,RandomForest,Scaling,10,{'sigma': 0.5},0.6133333333333333,0.6130799863087311,"{'bootstrap': True, 'ccp_alpha': 0.0, 'class_weight': 'balanced', 'criterion': 'gini', 'max_depth': 30, 'max_features': 'sqrt', 'max_leaf_nodes': None, 'max_samples': None, 'min_impurity_decrease': 0.0, 'min_samples_leaf': 1, 'min_samples_split': 2, 'min_weight_fraction_leaf': 0.0, 'monotonic_cst': None, 'n_estimators': 150, 'n_jobs': None, 'oob_score': False, 'random_state': 42, 'verbose': 0, 'warm_start': False}",0.4433169364929199
Coffee,5,2,6,3,LinearSVC,Scaling,10,{'sigma': 0.5},0.4533333333333333,0.45972214609255485,"{'C': np.float64(2.6366508987303554), 'class_weight': 'balanced', 'dual': False, 'fit_intercept': True, 'intercept_scaling': 1, 'loss': 'squared_hinge', 'max_iter': 100, 'multi_class': 'ovr', 'penalty': 'l1', 'random_state': 42, 'tol': 0.0001, 'verbose': 0}",0.015176773071289062
Coffee,5,2,6,3,LogisticRegression,Scaling,10,{'sigma': 0.5},0.45,0.46541999305796605,"{'C': np.float64(2.6366508987303554), 'class_weight': 'balanced', 'dual': False, 'fit_intercept': True, 'intercept_scaling': 1, 'l1_ratio': None, 'max_iter': 100, 'multi_class': 'deprecated', 'n_jobs': None, 'penalty': 'l1', 'random_state': 42, 'solver': 'saga', 'tol': 0.0001, 'verbose': 0, 'warm_start': False}",0.054282188415527344
Coffee,5,2,6,5,KNN,Scaling,1,{'sigma': 0.1},0.7266666666666667,0.7198939713983113,"{'algorithm': 'auto', 'leaf_size': 30, 'metric': 'manhattan', 'metric_params': None, 'n_jobs': None, 'n_neighbors': np.int64(5), 'p': 2, 'weights': 'distance'}",0.012326717376708984
Coffee,5,2,6,5,RandomForest,Scaling,1,{'sigma': 0.1},0.605,0.6099262742421225,"{'bootstrap': True, 'ccp_alpha': 0.0, 'class_weight': 'balanced', 'criterion': 'gini', 'max_depth': None, 'max_features': 'sqrt', 'max_leaf_nodes': None, 'max_samples': None, 'min_impurity_decrease': 0.0, 'min_samples_leaf': 2, 'min_samples_split': 2, 'min_weight_fraction_leaf': 0.0, 'monotonic_cst': None, 'n_estimators': 150, 'n_jobs': None, 'oob_score': False, 'random_state': 42, 'verbose': 0, 'warm_start': False}",0.6248183250427246
Coffee,5,2,6,5,LinearSVC,Scaling,1,{'sigma': 0.1},0.3233333333333333,0.2548490796394281,"{'C': np.float64(1000.0), 'class_weight': 'balanced', 'dual': False, 'fit_intercept': True, 'intercept_scaling': 1, 'loss': 'squared_hinge', 'max_iter': 100, 'multi_class': 'ovr', 'penalty': 'l2', 'random_state': 42, 'tol': 0.001, 'verbose': 0}",0.008138895034790039
Coffee,5,2,6,5,LogisticRegression,Scaling,1,{'sigma': 0.1},0.57,0.57938062370993,"{'C': np.float64(183.29807108324337), 'class_weight': 'balanced', 'dual': False, 'fit_intercept': True, 'intercept_scaling': 1, 'l1_ratio': None, 'max_iter': 100, 'multi_class': 'deprecated', 'n_jobs': None, 'penalty': 'l1', 'random_state': 42, 'solver': 'saga', 'tol': 0.0001, 'verbose': 0, 'warm_start': False}",0.09669947624206543
Coffee,5,2,6,5,KNN,Scaling,2,{'sigma': 0.5},0.6866666666666666,0.6851956535393505,"{'algorithm': 'auto', 'leaf_size': 30, 'metric': 'manhattan', 'metric_params': None, 'n_jobs': None, 'n_neighbors': np.int64(5), 'p': 2, 'weights': 'distance'}",0.015703201293945312
Coffee,5,2,6,5,RandomForest,Scaling,2,{'sigma': 0.5},0.62,0.6197732992909117,"{'bootstrap': True, 'ccp_alpha': 0.0, 'class_weight': 'balanced', 'criterion': 'gini', 'max_depth': None, 'max_features': 'sqrt', 'max_leaf_nodes': None, 'max_samples': None, 'min_impurity_decrease': 0.0, 'min_samples_leaf': 2, 'min_samples_split': 20, 'min_weight_fraction_leaf': 0.0, 'monotonic_cst': None, 'n_estimators': 150, 'n_jobs': None, 'oob_score': False, 'random_state': 42, 'verbose': 0, 'warm_start': False}",0.5984728336334229
Coffee,5,2,6,5,LinearSVC,Scaling,2,{'sigma': 0.5},0.37833333333333335,0.4044228174488262,"{'C': np.float64(33.59818286283781), 'class_weight': None, 'dual': False, 'fit_intercept': True, 'intercept_scaling': 1, 'loss': 'squared_hinge', 'max_iter': 100, 'multi_class': 'ovr', 'penalty': 'l1', 'random_state': 42, 'tol': 0.001, 'verbose': 0}",0.012875556945800781
Coffee,5,2,6,5,LogisticRegression,Scaling,2,{'sigma': 0.5},0.22833333333333333,0.24082269033610024,"{'C': np.float64(2.6366508987303554), 'class_weight': 'balanced', 'dual': False, 'fit_intercept': True, 'intercept_scaling': 1, 'l1_ratio': None, 'max_iter': 100, 'multi_class': 'deprecated', 'n_jobs': None, 'penalty': 'l1', 'random_state': 42, 'solver': 'saga', 'tol': 0.0001, 'verbose': 0, 'warm_start': False}",0.10598421096801758
Coffee,5,2,6,5,KNN,Scaling,3,{'sigma': 0.3},0.7133333333333334,0.7079587079587079,"{'algorithm': 'auto', 'leaf_size': 30, 'metric': 'manhattan', 'metric_params': None, 'n_jobs': None, 'n_neighbors': np.int64(5), 'p': 2, 'weights': 'distance'}",0.013436555862426758
Coffee,5,2,6,5,RandomForest,Scaling,3,{'sigma': 0.3},0.6166666666666667,0.6144272394272394,"{'bootstrap': True, 'ccp_alpha': 0.0, 'class_weight': 'balanced', 'criterion': 'gini', 'max_depth': None, 'max_features': 'sqrt', 'max_leaf_nodes': None, 'max_samples': None, 'min_impurity_decrease': 0.0, 'min_samples_leaf': 2, 'min_samples_split': 2, 'min_weight_fraction_leaf': 0.0, 'monotonic_cst': None, 'n_estimators': 150, 'n_jobs': None, 'oob_score': False, 'random_state': 42, 'verbose': 0, 'warm_start': False}",0.6895532608032227
Coffee,5,2,6,5,LinearSVC,Scaling,3,{'sigma': 0.3},0.375,0.3763668430335097,"{'C': np.float64(2.6366508987303554), 'class_weight': 'balanced', 'dual': False, 'fit_intercept': True, 'intercept_scaling': 1, 'loss': 'squared_hinge', 'max_iter': 100, 'multi_class': 'ovr', 'penalty': 'l1', 'random_state': 42, 'tol': 0.0001, 'verbose': 0}",0.023595809936523438
Coffee,5,2,6,5,LogisticRegression,Scaling,3,{'sigma': 0.3},0.4816666666666667,0.4873031403262279,"{'C': np.float64(2.6366508987303554), 'class_weight': 'balanced', 'dual': False, 'fit_intercept': True, 'intercept_scaling': 1, 'l1_ratio': None, 'max_iter': 100, 'multi_class': 'deprecated', 'n_jobs': None, 'penalty': 'l1', 'random_state': 42, 'solver': 'saga', 'tol': 0.0001, 'verbose': 0, 'warm_start': False}",0.10822677612304688
Coffee,5,2,6,5,KNN,Scaling,4,{'sigma': 0.2},0.6116666666666667,0.6174849813483043,"{'algorithm': 'auto', 'leaf_size': 30, 'metric': 'minkowski', 'metric_params': None, 'n_jobs': None, 'n_neighbors': np.int64(13), 'p': 4, 'weights': 'distance'}",0.0415194034576416
Coffee,5,2,6,5,RandomForest,Scaling,4,{'sigma': 0.2},0.5883333333333334,0.589977686156341,"{'bootstrap': True, 'ccp_alpha': 0.0, 'class_weight': 'balanced', 'criterion': 'gini', 'max_depth': None, 'max_features': 'sqrt', 'max_leaf_nodes': None, 'max_samples': None, 'min_impurity_decrease': 0.0, 'min_samples_leaf': 2, 'min_samples_split': 2, 'min_weight_fraction_leaf': 0.0, 'monotonic_cst': None, 'n_estimators': 150, 'n_jobs': None, 'oob_score': False, 'random_state': 42, 'verbose': 0, 'warm_start': False}",0.6340885162353516
Coffee,5,2,6,5,LinearSVC,Scaling,4,{'sigma': 0.2},0.39666666666666667,0.36633318149589134,"{'C': np.float64(33.59818286283781), 'class_weight': 'balanced', 'dual': False, 'fit_intercept': True, 'intercept_scaling': 1, 'loss': 'squared_hinge', 'max_iter': 100, 'multi_class': 'ovr', 'penalty': 'l1', 'random_state': 42, 'tol': 0.001, 'verbose': 0}",0.023302555084228516
Coffee,5,2,6,5,LogisticRegression,Scaling,4,{'sigma': 0.2},0.47333333333333333,0.4831493098225895,"{'C': np.float64(33.59818286283781), 'class_weight': None, 'dual': False, 'fit_intercept': True, 'intercept_scaling': 1, 'l1_ratio': None, 'max_iter': 100, 'multi_class': 'deprecated', 'n_jobs': None, 'penalty': 'l2', 'random_state': 42, 'solver': 'saga', 'tol': 0.0001, 'verbose': 0, 'warm_start': False}",0.08533120155334473
Coffee,5,2,6,5,KNN,Scaling,5,{'sigma': 0.5},0.67,0.67,"{'algorithm': 'auto', 'leaf_size': 30, 'metric': 'manhattan', 'metric_params': None, 'n_jobs': None, 'n_neighbors': np.int64(5), 'p': 2, 'weights': 'distance'}",0.014617681503295898
Coffee,5,2,6,5,RandomForest,Scaling,5,{'sigma': 0.5},0.6916666666666667,0.6823353414971595,"{'bootstrap': True, 'ccp_alpha': 0.0, 'class_weight': 'balanced', 'criterion': 'gini', 'max_depth': None, 'max_features': 'sqrt', 'max_leaf_nodes': None, 'max_samples': None, 'min_impurity_decrease': 0.0, 'min_samples_leaf': 2, 'min_samples_split': 2, 'min_weight_fraction_leaf': 0.0, 'monotonic_cst': None, 'n_estimators': 150, 'n_jobs': None, 'oob_score': False, 'random_state': 42, 'verbose': 0, 'warm_start': False}",0.6836729049682617
Coffee,5,2,6,5,LinearSVC,Scaling,5,{'sigma': 0.5},0.37833333333333335,0.39065717644713394,"{'C': np.float64(0.08858667904100823), 'class_weight': None, 'dual': False, 'fit_intercept': False, 'intercept_scaling': 1, 'loss': 'squared_hinge', 'max_iter': 100, 'multi_class': 'ovr', 'penalty': 'l1', 'random_state': 42, 'tol': 0.0001, 'verbose': 0}",0.015380144119262695
Coffee,5,2,6,5,LogisticRegression,Scaling,5,{'sigma': 0.5},0.495,0.5087685641284632,"{'C': np.float64(2.6366508987303554), 'class_weight': 'balanced', 'dual': False, 'fit_intercept': True, 'intercept_scaling': 1, 'l1_ratio': None, 'max_iter': 100, 'multi_class': 'deprecated', 'n_jobs': None, 'penalty': 'l1', 'random_state': 42, 'solver': 'saga', 'tol': 0.0001, 'verbose': 0, 'warm_start': False}",0.11130380630493164
Coffee,5,2,6,5,KNN,Scaling,6,{'sigma': 0.1},0.72,0.7140628798974794,"{'algorithm': 'auto', 'leaf_size': 30, 'metric': 'manhattan', 'metric_params': None, 'n_jobs': None, 'n_neighbors': np.int64(5), 'p': 2, 'weights': 'distance'}",0.013336181640625
Coffee,5,2,6,5,RandomForest,Scaling,6,{'sigma': 0.1},0.6316666666666667,0.6340610881070654,"{'bootstrap': True, 'ccp_alpha': 0.0, 'class_weight': 'balanced', 'criterion': 'gini', 'max_depth': None, 'max_features': 'sqrt', 'max_leaf_nodes': None, 'max_samples': None, 'min_impurity_decrease': 0.0, 'min_samples_leaf': 2, 'min_samples_split': 20, 'min_weight_fraction_leaf': 0.0, 'monotonic_cst': None, 'n_estimators': 150, 'n_jobs': None, 'oob_score': False, 'random_state': 42, 'verbose': 0, 'warm_start': False}",0.6001987457275391
Coffee,5,2,6,5,LinearSVC,Scaling,6,{'sigma': 0.1},0.36833333333333335,0.34910567850334107,"{'C': np.float64(33.59818286283781), 'class_weight': None, 'dual': False, 'fit_intercept': True, 'intercept_scaling': 1, 'loss': 'squared_hinge', 'max_iter': 100, 'multi_class': 'ovr', 'penalty': 'l1', 'random_state': 42, 'tol': 0.001, 'verbose': 0}",0.025863170623779297
Coffee,5,2,6,5,LogisticRegression,Scaling,6,{'sigma': 0.1},0.6566666666666666,0.6540702677780165,"{'C': np.float64(33.59818286283781), 'class_weight': None, 'dual': False, 'fit_intercept': True, 'intercept_scaling': 1, 'l1_ratio': None, 'max_iter': 100, 'multi_class': 'deprecated', 'n_jobs': None, 'penalty': 'l2', 'random_state': 42, 'solver': 'saga', 'tol': 0.0001, 'verbose': 0, 'warm_start': False}",0.08302474021911621
Coffee,5,2,6,5,KNN,Scaling,7,{'sigma': 0.3},0.7,0.6959665592968988,"{'algorithm': 'auto', 'leaf_size': 30, 'metric': 'manhattan', 'metric_params': None, 'n_jobs': None, 'n_neighbors': np.int64(5), 'p': 2, 'weights': 'distance'}",0.012923240661621094
Coffee,5,2,6,5,RandomForest,Scaling,7,{'sigma': 0.3},0.5116666666666667,0.5079022609187512,"{'bootstrap': True, 'ccp_alpha': 0.0, 'class_weight': 'balanced', 'criterion': 'gini', 'max_depth': None, 'max_features': 'sqrt', 'max_leaf_nodes': None, 'max_samples': None, 'min_impurity_decrease': 0.0, 'min_samples_leaf': 1, 'min_samples_split': 2, 'min_weight_fraction_leaf': 0.0, 'monotonic_cst': None, 'n_estimators': 50, 'n_jobs': None, 'oob_score': False, 'random_state': 42, 'verbose': 0, 'warm_start': False}",0.19104433059692383
Coffee,5,2,6,5,LinearSVC,Scaling,7,{'sigma': 0.3},0.3016666666666667,0.29757278297001205,"{'C': np.float64(2.6366508987303554), 'class_weight': 'balanced', 'dual': False, 'fit_intercept': True, 'intercept_scaling': 1, 'loss': 'squared_hinge', 'max_iter': 100, 'multi_class': 'ovr', 'penalty': 'l1', 'random_state': 42, 'tol': 0.0001, 'verbose': 0}",0.02207803726196289
Coffee,5,2,6,5,LogisticRegression,Scaling,7,{'sigma': 0.3},0.4,0.41498240303834827,"{'C': np.float64(33.59818286283781), 'class_weight': None, 'dual': False, 'fit_intercept': True, 'intercept_scaling': 1, 'l1_ratio': None, 'max_iter': 100, 'multi_class': 'deprecated', 'n_jobs': None, 'penalty': 'l2', 'random_state': 42, 'solver': 'saga', 'tol': 0.0001, 'verbose': 0, 'warm_start': False}",0.09147310256958008
Coffee,5,2,6,5,KNN,Scaling,8,{'sigma': 0.1},0.67,0.6701929079535167,"{'algorithm': 'auto', 'leaf_size': 30, 'metric': 'manhattan', 'metric_params': None, 'n_jobs': None, 'n_neighbors': np.int64(5), 'p': 2, 'weights': 'distance'}",0.01395559310913086
Coffee,5,2,6,5,RandomForest,Scaling,8,{'sigma': 0.1},0.5683333333333334,0.5719014484070247,"{'bootstrap': True, 'ccp_alpha': 0.0, 'class_weight': 'balanced', 'criterion': 'gini', 'max_depth': None, 'max_features': 'sqrt', 'max_leaf_nodes': None, 'max_samples': None, 'min_impurity_decrease': 0.0, 'min_samples_leaf': 1, 'min_samples_split': 2, 'min_weight_fraction_leaf': 0.0, 'monotonic_cst': None, 'n_estimators': 50, 'n_jobs': None, 'oob_score': False, 'random_state': 42, 'verbose': 0, 'warm_start': False}",0.19803404808044434
Coffee,5,2,6,5,LinearSVC,Scaling,8,{'sigma': 0.1},0.335,0.2694849895282952,"{'C': np.float64(2.6366508987303554), 'class_weight': 'balanced', 'dual': False, 'fit_intercept': True, 'intercept_scaling': 1, 'loss': 'squared_hinge', 'max_iter': 100, 'multi_class': 'ovr', 'penalty': 'l1', 'random_state': 42, 'tol': 0.0001, 'verbose': 0}",0.023168325424194336
Coffee,5,2,6,5,LogisticRegression,Scaling,8,{'sigma': 0.1},0.5466666666666666,0.556238091802917,"{'C': np.float64(33.59818286283781), 'class_weight': None, 'dual': False, 'fit_intercept': True, 'intercept_scaling': 1, 'l1_ratio': None, 'max_iter': 100, 'multi_class': 'deprecated', 'n_jobs': None, 'penalty': 'l2', 'random_state': 42, 'solver': 'saga', 'tol': 0.0001, 'verbose': 0, 'warm_start': False}",0.08881497383117676
Coffee,5,2,6,5,KNN,Scaling,9,{'sigma': 0.3},0.6416666666666667,0.6449629175783719,"{'algorithm': 'auto', 'leaf_size': 30, 'metric': 'euclidean', 'metric_params': None, 'n_jobs': None, 'n_neighbors': np.int64(15), 'p': 2, 'weights': 'distance'}",0.013722419738769531
Coffee,5,2,6,5,RandomForest,Scaling,9,{'sigma': 0.3},0.5666666666666667,0.5594648335752401,"{'bootstrap': True, 'ccp_alpha': 0.0, 'class_weight': 'balanced', 'criterion': 'gini', 'max_depth': None, 'max_features': 'sqrt', 'max_leaf_nodes': None, 'max_samples': None, 'min_impurity_decrease': 0.0, 'min_samples_leaf': 2, 'min_samples_split': 2, 'min_weight_fraction_leaf': 0.0, 'monotonic_cst': None, 'n_estimators': 150, 'n_jobs': None, 'oob_score': False, 'random_state': 42, 'verbose': 0, 'warm_start': False}",0.6150686740875244
Coffee,5,2,6,5,LinearSVC,Scaling,9,{'sigma': 0.3},0.275,0.2693848666947851,"{'C': np.float64(2.6366508987303554), 'class_weight': 'balanced', 'dual': False, 'fit_intercept': True, 'intercept_scaling': 1, 'loss': 'squared_hinge', 'max_iter': 100, 'multi_class': 'ovr', 'penalty': 'l1', 'random_state': 42, 'tol': 0.0001, 'verbose': 0}",0.019941091537475586
Coffee,5,2,6,5,LogisticRegression,Scaling,9,{'sigma': 0.3},0.4533333333333333,0.46829729893998234,"{'C': np.float64(2.6366508987303554), 'class_weight': 'balanced', 'dual': False, 'fit_intercept': True, 'intercept_scaling': 1, 'l1_ratio': None, 'max_iter': 100, 'multi_class': 'deprecated', 'n_jobs': None, 'penalty': 'l1', 'random_state': 42, 'solver': 'saga', 'tol': 0.0001, 'verbose': 0, 'warm_start': False}",0.09607863426208496
Coffee,5,2,6,5,KNN,Scaling,10,{'sigma': 0.5},0.7283333333333334,0.7206185244146677,"{'algorithm': 'auto', 'leaf_size': 30, 'metric': 'manhattan', 'metric_params': None, 'n_jobs': None, 'n_neighbors': np.int64(5), 'p': 2, 'weights': 'distance'}",0.014027595520019531
Coffee,5,2,6,5,RandomForest,Scaling,10,{'sigma': 0.5},0.5983333333333334,0.599489074317025,"{'bootstrap': True, 'ccp_alpha': 0.0, 'class_weight': 'balanced', 'criterion': 'gini', 'max_depth': 30, 'max_features': 'sqrt', 'max_leaf_nodes': None, 'max_samples': None, 'min_impurity_decrease': 0.0, 'min_samples_leaf': 1, 'min_samples_split': 2, 'min_weight_fraction_leaf': 0.0, 'monotonic_cst': None, 'n_estimators': 150, 'n_jobs': None, 'oob_score': False, 'random_state': 42, 'verbose': 0, 'warm_start': False}",0.5757310390472412
Coffee,5,2,6,5,LinearSVC,Scaling,10,{'sigma': 0.5},0.45,0.4564423105957665,"{'C': np.float64(33.59818286283781), 'class_weight': 'balanced', 'dual': False, 'fit_intercept': True, 'intercept_scaling': 1, 'loss': 'squared_hinge', 'max_iter': 100, 'multi_class': 'ovr', 'penalty': 'l1', 'random_state': 42, 'tol': 0.001, 'verbose': 0}",0.019647836685180664
Coffee,5,2,6,5,LogisticRegression,Scaling,10,{'sigma': 0.5},0.4683333333333333,0.4728249468720642,"{'C': np.float64(33.59818286283781), 'class_weight': None, 'dual': False, 'fit_intercept': True, 'intercept_scaling': 1, 'l1_ratio': None, 'max_iter': 100, 'multi_class': 'deprecated', 'n_jobs': None, 'penalty': 'l2', 'random_state': 42, 'solver': 'saga', 'tol': 0.0001, 'verbose': 0, 'warm_start': False}",0.08450484275817871
Coffee,5,2,6,10,KNN,Scaling,1,{'sigma': 0.1},0.6233333333333333,0.6282678912257478,"{'algorithm': 'auto', 'leaf_size': 30, 'metric': 'minkowski', 'metric_params': None, 'n_jobs': None, 'n_neighbors': 5, 'p': 2, 'weights': 'uniform'}",0.03844714164733887
Coffee,5,2,6,10,RandomForest,Scaling,1,{'sigma': 0.1},0.6083333333333333,0.6094859690582064,"{'bootstrap': True, 'ccp_alpha': 0.0, 'class_weight': None, 'criterion': 'gini', 'max_depth': None, 'max_features': 'sqrt', 'max_leaf_nodes': None, 'max_samples': None, 'min_impurity_decrease': 0.0, 'min_samples_leaf': 1, 'min_samples_split': 2, 'min_weight_fraction_leaf': 0.0, 'monotonic_cst': None, 'n_estimators': 100, 'n_jobs': None, 'oob_score': False, 'random_state': 42, 'verbose': 0, 'warm_start': False}",0.8094158172607422
Coffee,5,2,6,10,LinearSVC,Scaling,1,{'sigma': 0.1},0.3416666666666667,0.27150501142217515,"{'C': 1.0, 'class_weight': None, 'dual': False, 'fit_intercept': True, 'intercept_scaling': 1, 'loss': 'squared_hinge', 'max_iter': 100, 'multi_class': 'ovr', 'penalty': 'l2', 'random_state': 42, 'tol': 0.0001, 'verbose': 0}",0.016056060791015625
Coffee,5,2,6,10,LogisticRegression,Scaling,1,{'sigma': 0.1},0.435,0.43595581652259957,"{'C': 1.0, 'class_weight': None, 'dual': False, 'fit_intercept': True, 'intercept_scaling': 1, 'l1_ratio': None, 'max_iter': 100, 'multi_class': 'deprecated', 'n_jobs': None, 'penalty': 'l2', 'random_state': 42, 'solver': 'lbfgs', 'tol': 0.0001, 'verbose': 0, 'warm_start': False}",0.09026336669921875
Coffee,5,2,6,10,KNN,Scaling,2,{'sigma': 0.5},0.62,0.6220227688977689,"{'algorithm': 'auto', 'leaf_size': 30, 'metric': 'minkowski', 'metric_params': None, 'n_jobs': None, 'n_neighbors': 5, 'p': 2, 'weights': 'uniform'}",0.041062116622924805
Coffee,5,2,6,10,RandomForest,Scaling,2,{'sigma': 0.5},0.5166666666666667,0.5054037737683705,"{'bootstrap': True, 'ccp_alpha': 0.0, 'class_weight': None, 'criterion': 'gini', 'max_depth': None, 'max_features': 'sqrt', 'max_leaf_nodes': None, 'max_samples': None, 'min_impurity_decrease': 0.0, 'min_samples_leaf': 1, 'min_samples_split': 2, 'min_weight_fraction_leaf': 0.0, 'monotonic_cst': None, 'n_estimators': 100, 'n_jobs': None, 'oob_score': False, 'random_state': 42, 'verbose': 0, 'warm_start': False}",0.8875150680541992
Coffee,5,2,6,10,LinearSVC,Scaling,2,{'sigma': 0.5},0.35333333333333333,0.3556026184058529,"{'C': 1.0, 'class_weight': None, 'dual': False, 'fit_intercept': True, 'intercept_scaling': 1, 'loss': 'squared_hinge', 'max_iter': 100, 'multi_class': 'ovr', 'penalty': 'l2', 'random_state': 42, 'tol': 0.0001, 'verbose': 0}",0.013677120208740234
Coffee,5,2,6,10,LogisticRegression,Scaling,2,{'sigma': 0.5},0.29333333333333333,0.2818367384468269,"{'C': 1.0, 'class_weight': None, 'dual': False, 'fit_intercept': True, 'intercept_scaling': 1, 'l1_ratio': None, 'max_iter': 100, 'multi_class': 'deprecated', 'n_jobs': None, 'penalty': 'l2', 'random_state': 42, 'solver': 'lbfgs', 'tol': 0.0001, 'verbose': 0, 'warm_start': False}",0.28535962104797363
Coffee,5,2,6,10,KNN,Scaling,3,{'sigma': 0.3},0.685,0.6839242525862244,"{'algorithm': 'auto', 'leaf_size': 30, 'metric': 'minkowski', 'metric_params': None, 'n_jobs': None, 'n_neighbors': 5, 'p': 2, 'weights': 'uniform'}",0.06665897369384766
Coffee,5,2,6,10,RandomForest,Scaling,3,{'sigma': 0.3},0.6383333333333333,0.635056468794311,"{'bootstrap': True, 'ccp_alpha': 0.0, 'class_weight': None, 'criterion': 'gini', 'max_depth': None, 'max_features': 'sqrt', 'max_leaf_nodes': None, 'max_samples': None, 'min_impurity_decrease': 0.0, 'min_samples_leaf': 1, 'min_samples_split': 2, 'min_weight_fraction_leaf': 0.0, 'monotonic_cst': None, 'n_estimators': 100, 'n_jobs': None, 'oob_score': False, 'random_state': 42, 'verbose': 0, 'warm_start': False}",0.8282372951507568
Coffee,5,2,6,10,LinearSVC,Scaling,3,{'sigma': 0.3},0.2916666666666667,0.27837684848273625,"{'C': 1.0, 'class_weight': None, 'dual': False, 'fit_intercept': True, 'intercept_scaling': 1, 'loss': 'squared_hinge', 'max_iter': 100, 'multi_class': 'ovr', 'penalty': 'l2', 'random_state': 42, 'tol': 0.0001, 'verbose': 0}",0.0180208683013916
Coffee,5,2,6,10,LogisticRegression,Scaling,3,{'sigma': 0.3},0.4683333333333333,0.48539597835071807,"{'C': 1.0, 'class_weight': None, 'dual': False, 'fit_intercept': True, 'intercept_scaling': 1, 'l1_ratio': None, 'max_iter': 100, 'multi_class': 'deprecated', 'n_jobs': None, 'penalty': 'l2', 'random_state': 42, 'solver': 'lbfgs', 'tol': 0.0001, 'verbose': 0, 'warm_start': False}",0.10058999061584473
Coffee,5,2,6,10,KNN,Scaling,4,{'sigma': 0.2},0.5866666666666667,0.5938239538239537,"{'algorithm': 'auto', 'leaf_size': 30, 'metric': 'minkowski', 'metric_params': None, 'n_jobs': None, 'n_neighbors': 5, 'p': 2, 'weights': 'uniform'}",0.04324769973754883
Coffee,5,2,6,10,RandomForest,Scaling,4,{'sigma': 0.2},0.6066666666666667,0.6122539736272581,"{'bootstrap': True, 'ccp_alpha': 0.0, 'class_weight': None, 'criterion': 'gini', 'max_depth': None, 'max_features': 'sqrt', 'max_leaf_nodes': None, 'max_samples': None, 'min_impurity_decrease': 0.0, 'min_samples_leaf': 1, 'min_samples_split': 2, 'min_weight_fraction_leaf': 0.0, 'monotonic_cst': None, 'n_estimators': 100, 'n_jobs': None, 'oob_score': False, 'random_state': 42, 'verbose': 0, 'warm_start': False}",0.8955976963043213
Coffee,5,2,6,10,LinearSVC,Scaling,4,{'sigma': 0.2},0.3566666666666667,0.3159432734863838,"{'C': 1.0, 'class_weight': None, 'dual': False, 'fit_intercept': True, 'intercept_scaling': 1, 'loss': 'squared_hinge', 'max_iter': 100, 'multi_class': 'ovr', 'penalty': 'l2', 'random_state': 42, 'tol': 0.0001, 'verbose': 0}",0.017258405685424805
Coffee,5,2,6,10,LogisticRegression,Scaling,4,{'sigma': 0.2},0.4216666666666667,0.43911973008703775,"{'C': 1.0, 'class_weight': None, 'dual': False, 'fit_intercept': True, 'intercept_scaling': 1, 'l1_ratio': None, 'max_iter': 100, 'multi_class': 'deprecated', 'n_jobs': None, 'penalty': 'l2', 'random_state': 42, 'solver': 'lbfgs', 'tol': 0.0001, 'verbose': 0, 'warm_start': False}",0.1276261806488037
Coffee,5,2,6,10,KNN,Scaling,5,{'sigma': 0.5},0.5166666666666667,0.5254070529163403,"{'algorithm': 'auto', 'leaf_size': 30, 'metric': 'minkowski', 'metric_params': None, 'n_jobs': None, 'n_neighbors': 5, 'p': 2, 'weights': 'uniform'}",0.04339432716369629
Coffee,5,2,6,10,RandomForest,Scaling,5,{'sigma': 0.5},0.53,0.5129897887912428,"{'bootstrap': True, 'ccp_alpha': 0.0, 'class_weight': None, 'criterion': 'gini', 'max_depth': None, 'max_features': 'sqrt', 'max_leaf_nodes': None, 'max_samples': None, 'min_impurity_decrease': 0.0, 'min_samples_leaf': 1, 'min_samples_split': 2, 'min_weight_fraction_leaf': 0.0, 'monotonic_cst': None, 'n_estimators': 100, 'n_jobs': None, 'oob_score': False, 'random_state': 42, 'verbose': 0, 'warm_start': False}",0.8486781120300293
Coffee,5,2,6,10,LinearSVC,Scaling,5,{'sigma': 0.5},0.2683333333333333,0.266799185701947,"{'C': 1.0, 'class_weight': None, 'dual': False, 'fit_intercept': True, 'intercept_scaling': 1, 'loss': 'squared_hinge', 'max_iter': 100, 'multi_class': 'ovr', 'penalty': 'l2', 'random_state': 42, 'tol': 0.0001, 'verbose': 0}",0.013343095779418945
Coffee,5,2,6,10,LogisticRegression,Scaling,5,{'sigma': 0.5},0.20166666666666666,0.1934244250949167,"{'C': 1.0, 'class_weight': None, 'dual': False, 'fit_intercept': True, 'intercept_scaling': 1, 'l1_ratio': None, 'max_iter': 100, 'multi_class': 'deprecated', 'n_jobs': None, 'penalty': 'l2', 'random_state': 42, 'solver': 'lbfgs', 'tol': 0.0001, 'verbose': 0, 'warm_start': False}",0.11523723602294922
Coffee,5,2,6,10,KNN,Scaling,6,{'sigma': 0.1},0.6516666666666666,0.6538897610326182,"{'algorithm': 'auto', 'leaf_size': 30, 'metric': 'minkowski', 'metric_params': None, 'n_jobs': None, 'n_neighbors': 5, 'p': 2, 'weights': 'uniform'}",0.038186073303222656
Coffee,5,2,6,10,RandomForest,Scaling,6,{'sigma': 0.1},0.6216666666666667,0.6230157831570843,"{'bootstrap': True, 'ccp_alpha': 0.0, 'class_weight': None, 'criterion': 'gini', 'max_depth': None, 'max_features': 'sqrt', 'max_leaf_nodes': None, 'max_samples': None, 'min_impurity_decrease': 0.0, 'min_samples_leaf': 1, 'min_samples_split': 2, 'min_weight_fraction_leaf': 0.0, 'monotonic_cst': None, 'n_estimators': 100, 'n_jobs': None, 'oob_score': False, 'random_state': 42, 'verbose': 0, 'warm_start': False}",0.7464098930358887
Coffee,5,2,6,10,LinearSVC,Scaling,6,{'sigma': 0.1},0.3466666666666667,0.27414374796407465,"{'C': 1.0, 'class_weight': None, 'dual': False, 'fit_intercept': True, 'intercept_scaling': 1, 'loss': 'squared_hinge', 'max_iter': 100, 'multi_class': 'ovr', 'penalty': 'l2', 'random_state': 42, 'tol': 0.0001, 'verbose': 0}",0.015948057174682617
Coffee,5,2,6,10,LogisticRegression,Scaling,6,{'sigma': 0.1},0.46,0.4576862679605037,"{'C': 1.0, 'class_weight': None, 'dual': False, 'fit_intercept': True, 'intercept_scaling': 1, 'l1_ratio': None, 'max_iter': 100, 'multi_class': 'deprecated', 'n_jobs': None, 'penalty': 'l2', 'random_state': 42, 'solver': 'lbfgs', 'tol': 0.0001, 'verbose': 0, 'warm_start': False}",0.089813232421875
Coffee,5,2,6,10,KNN,Scaling,7,{'sigma': 0.3},0.6533333333333333,0.6551728327562116,"{'algorithm': 'auto', 'leaf_size': 30, 'metric': 'minkowski', 'metric_params': None, 'n_jobs': None, 'n_neighbors': 5, 'p': 2, 'weights': 'uniform'}",0.04272890090942383
Coffee,5,2,6,10,RandomForest,Scaling,7,{'sigma': 0.3},0.555,0.5614250095888588,"{'bootstrap': True, 'ccp_alpha': 0.0, 'class_weight': None, 'criterion': 'gini', 'max_depth': None, 'max_features': 'sqrt', 'max_leaf_nodes': None, 'max_samples': None, 'min_impurity_decrease': 0.0, 'min_samples_leaf': 1, 'min_samples_split': 2, 'min_weight_fraction_leaf': 0.0, 'monotonic_cst': None, 'n_estimators': 100, 'n_jobs': None, 'oob_score': False, 'random_state': 42, 'verbose': 0, 'warm_start': False}",0.8465075492858887
Coffee,5,2,6,10,LinearSVC,Scaling,7,{'sigma': 0.3},0.305,0.3056408011248093,"{'C': 1.0, 'class_weight': None, 'dual': False, 'fit_intercept': True, 'intercept_scaling': 1, 'loss': 'squared_hinge', 'max_iter': 100, 'multi_class': 'ovr', 'penalty': 'l2', 'random_state': 42, 'tol': 0.0001, 'verbose': 0}",0.016184568405151367
Coffee,5,2,6,10,LogisticRegression,Scaling,7,{'sigma': 0.3},0.24833333333333332,0.27454045855201076,"{'C': 1.0, 'class_weight': None, 'dual': False, 'fit_intercept': True, 'intercept_scaling': 1, 'l1_ratio': None, 'max_iter': 100, 'multi_class': 'deprecated', 'n_jobs': None, 'penalty': 'l2', 'random_state': 42, 'solver': 'lbfgs', 'tol': 0.0001, 'verbose': 0, 'warm_start': False}",0.0349116325378418
Coffee,5,2,6,10,KNN,Scaling,8,{'sigma': 0.1},0.6466666666666666,0.6494098494098495,"{'algorithm': 'auto', 'leaf_size': 30, 'metric': 'minkowski', 'metric_params': None, 'n_jobs': None, 'n_neighbors': 5, 'p': 2, 'weights': 'uniform'}",0.03801417350769043
Coffee,5,2,6,10,RandomForest,Scaling,8,{'sigma': 0.1},0.6266666666666667,0.6264458251602885,"{'bootstrap': True, 'ccp_alpha': 0.0, 'class_weight': None, 'criterion': 'gini', 'max_depth': None, 'max_features': 'sqrt', 'max_leaf_nodes': None, 'max_samples': None, 'min_impurity_decrease': 0.0, 'min_samples_leaf': 1, 'min_samples_split': 2, 'min_weight_fraction_leaf': 0.0, 'monotonic_cst': None, 'n_estimators': 100, 'n_jobs': None, 'oob_score': False, 'random_state': 42, 'verbose': 0, 'warm_start': False}",0.6528069972991943
Coffee,5,2,6,10,LinearSVC,Scaling,8,{'sigma': 0.1},0.33166666666666667,0.2660441018512668,"{'C': 1.0, 'class_weight': None, 'dual': False, 'fit_intercept': True, 'intercept_scaling': 1, 'loss': 'squared_hinge', 'max_iter': 100, 'multi_class': 'ovr', 'penalty': 'l2', 'random_state': 42, 'tol': 0.0001, 'verbose': 0}",0.01617288589477539
Coffee,5,2,6,10,LogisticRegression,Scaling,8,{'sigma': 0.1},0.5533333333333333,0.5654848106712155,"{'C': 1.0, 'class_weight': None, 'dual': False, 'fit_intercept': True, 'intercept_scaling': 1, 'l1_ratio': None, 'max_iter': 100, 'multi_class': 'deprecated', 'n_jobs': None, 'penalty': 'l2', 'random_state': 42, 'solver': 'lbfgs', 'tol': 0.0001, 'verbose': 0, 'warm_start': False}",0.04493427276611328
Coffee,5,2,6,10,KNN,Scaling,9,{'sigma': 0.3},0.6016666666666667,0.6126794517628741,"{'algorithm': 'auto', 'leaf_size': 30, 'metric': 'minkowski', 'metric_params': None, 'n_jobs': None, 'n_neighbors': 5, 'p': 2, 'weights': 'uniform'}",0.04097557067871094
Coffee,5,2,6,10,RandomForest,Scaling,9,{'sigma': 0.3},0.6466666666666666,0.6391657146060118,"{'bootstrap': True, 'ccp_alpha': 0.0, 'class_weight': None, 'criterion': 'gini', 'max_depth': None, 'max_features': 'sqrt', 'max_leaf_nodes': None, 'max_samples': None, 'min_impurity_decrease': 0.0, 'min_samples_leaf': 1, 'min_samples_split': 2, 'min_weight_fraction_leaf': 0.0, 'monotonic_cst': None, 'n_estimators': 100, 'n_jobs': None, 'oob_score': False, 'random_state': 42, 'verbose': 0, 'warm_start': False}",0.8163228034973145
Coffee,5,2,6,10,LinearSVC,Scaling,9,{'sigma': 0.3},0.4166666666666667,0.42016123196299104,"{'C': 1.0, 'class_weight': None, 'dual': False, 'fit_intercept': True, 'intercept_scaling': 1, 'loss': 'squared_hinge', 'max_iter': 100, 'multi_class': 'ovr', 'penalty': 'l2', 'random_state': 42, 'tol': 0.0001, 'verbose': 0}",0.017477989196777344
Coffee,5,2,6,10,LogisticRegression,Scaling,9,{'sigma': 0.3},0.5216666666666666,0.5460832580993902,"{'C': 1.0, 'class_weight': None, 'dual': False, 'fit_intercept': True, 'intercept_scaling': 1, 'l1_ratio': None, 'max_iter': 100, 'multi_class': 'deprecated', 'n_jobs': None, 'penalty': 'l2', 'random_state': 42, 'solver': 'lbfgs', 'tol': 0.0001, 'verbose': 0, 'warm_start': False}",0.04307675361633301
Coffee,5,2,6,10,KNN,Scaling,10,{'sigma': 0.5},0.5816666666666667,0.5749860570780272,"{'algorithm': 'auto', 'leaf_size': 30, 'metric': 'minkowski', 'metric_params': None, 'n_jobs': None, 'n_neighbors': 5, 'p': 2, 'weights': 'uniform'}",0.04367852210998535
Coffee,5,2,6,10,RandomForest,Scaling,10,{'sigma': 0.5},0.5433333333333333,0.537065436051695,"{'bootstrap': True, 'ccp_alpha': 0.0, 'class_weight': None, 'criterion': 'gini', 'max_depth': None, 'max_features': 'sqrt', 'max_leaf_nodes': None, 'max_samples': None, 'min_impurity_decrease': 0.0, 'min_samples_leaf': 1, 'min_samples_split': 2, 'min_weight_fraction_leaf': 0.0, 'monotonic_cst': None, 'n_estimators': 100, 'n_jobs': None, 'oob_score': False, 'random_state': 42, 'verbose': 0, 'warm_start': False}",0.8153746128082275
Coffee,5,2,6,10,LinearSVC,Scaling,10,{'sigma': 0.5},0.25,0.21288657306894387,"{'C': 1.0, 'class_weight': None, 'dual': False, 'fit_intercept': True, 'intercept_scaling': 1, 'loss': 'squared_hinge', 'max_iter': 100, 'multi_class': 'ovr', 'penalty': 'l2', 'random_state': 42, 'tol': 0.0001, 'verbose': 0}",0.013478994369506836
Coffee,5,2,6,10,LogisticRegression,Scaling,10,{'sigma': 0.5},0.3,0.25623773813101325,"{'C': 1.0, 'class_weight': None, 'dual': False, 'fit_intercept': True, 'intercept_scaling': 1, 'l1_ratio': None, 'max_iter': 100, 'multi_class': 'deprecated', 'n_jobs': None, 'penalty': 'l2', 'random_state': 42, 'solver': 'lbfgs', 'tol': 0.0001, 'verbose': 0, 'warm_start': False}",0.0429837703704834
Coffee,5,2,7,1,KNN,Baseline,N/A,N/A,0.6216666666666667,0.6271345707933642,"{'algorithm': 'auto', 'leaf_size': 30, 'metric': 'minkowski', 'metric_params': None, 'n_jobs': None, 'n_neighbors': 5, 'p': 2, 'weights': 'uniform'}",0.021489858627319336
Coffee,5,2,7,1,KNN,Tuned_Baseline,N/A,N/A,0.63,0.6339679118773945,"{'algorithm': 'auto', 'leaf_size': 30, 'metric': 'minkowski', 'metric_params': None, 'n_jobs': None, 'n_neighbors': np.int64(5), 'p': 3, 'weights': 'distance'}",0.01451730728149414
Coffee,5,2,7,1,RandomForest,Baseline,N/A,N/A,0.5716666666666667,0.582231661459696,"{'bootstrap': True, 'ccp_alpha': 0.0, 'class_weight': None, 'criterion': 'gini', 'max_depth': None, 'max_features': 'sqrt', 'max_leaf_nodes': None, 'max_samples': None, 'min_impurity_decrease': 0.0, 'min_samples_leaf': 1, 'min_samples_split': 2, 'min_weight_fraction_leaf': 0.0, 'monotonic_cst': None, 'n_estimators': 100, 'n_jobs': None, 'oob_score': False, 'random_state': 42, 'verbose': 0, 'warm_start': False}",0.1834414005279541
Coffee,5,2,7,1,RandomForest,Tuned_Baseline,N/A,N/A,0.57,0.5795993649314125,"{'bootstrap': True, 'ccp_alpha': 0.0, 'class_weight': 'balanced', 'criterion': 'gini', 'max_depth': 30, 'max_features': 'sqrt', 'max_leaf_nodes': None, 'max_samples': None, 'min_impurity_decrease': 0.0, 'min_samples_leaf': 1, 'min_samples_split': 2, 'min_weight_fraction_leaf': 0.0, 'monotonic_cst': None, 'n_estimators': 150, 'n_jobs': None, 'oob_score': False, 'random_state': 42, 'verbose': 0, 'warm_start': False}",0.007632017135620117
Coffee,5,2,7,1,LinearSVC,Baseline,N/A,N/A,0.64,0.6351606248157973,"{'C': 1.0, 'class_weight': None, 'dual': False, 'fit_intercept': True, 'intercept_scaling': 1, 'loss': 'squared_hinge', 'max_iter': 100, 'multi_class': 'ovr', 'penalty': 'l2', 'random_state': 42, 'tol': 0.0001, 'verbose': 0}",0.002246856689453125
Coffee,5,2,7,1,LinearSVC,Tuned_Baseline,N/A,N/A,0.5966666666666667,0.5909707816474101,"{'C': np.float64(0.2069138081114788), 'class_weight': 'balanced', 'dual': False, 'fit_intercept': True, 'intercept_scaling': 1, 'loss': 'squared_hinge', 'max_iter': 100, 'multi_class': 'ovr', 'penalty': 'l2', 'random_state': 42, 'tol': 0.001, 'verbose': 0}",0.00025010108947753906
Coffee,5,2,7,1,LogisticRegression,Baseline,N/A,N/A,0.6533333333333333,0.652489413273727,"{'C': 1.0, 'class_weight': None, 'dual': False, 'fit_intercept': True, 'intercept_scaling': 1, 'l1_ratio': None, 'max_iter': 100, 'multi_class': 'deprecated', 'n_jobs': None, 'penalty': 'l2', 'random_state': 42, 'solver': 'lbfgs', 'tol': 0.0001, 'verbose': 0, 'warm_start': False}",0.10680389404296875
Coffee,5,2,7,1,LogisticRegression,Tuned_Baseline,N/A,N/A,0.67,0.6699834162520729,"{'C': np.float64(6.1584821106602545), 'class_weight': None, 'dual': False, 'fit_intercept': True, 'intercept_scaling': 1, 'l1_ratio': None, 'max_iter': 100, 'multi_class': 'deprecated', 'n_jobs': None, 'penalty': 'l2', 'random_state': 42, 'solver': 'lbfgs', 'tol': 0.0001, 'verbose': 0, 'warm_start': False}",0.0003459453582763672
Coffee,5,2,7,1,RNN,Tuned_Baseline,N/A,N/A,0.16666666666666666,0.047619047619047616,"{'hidden_size': 64, 'epochs': 10, 'batch_size': 32, 'lr': 0.001}",2.3365020751953125e-05
Coffee,5,2,7,2,KNN,Scaling,1,{'sigma': 0.1},0.6316666666666667,0.6356466999217213,"{'algorithm': 'auto', 'leaf_size': 30, 'metric': 'euclidean', 'metric_params': None, 'n_jobs': None, 'n_neighbors': np.int64(9), 'p': 2, 'weights': 'distance'}",0.00628972053527832
Coffee,5,2,7,2,RandomForest,Scaling,1,{'sigma': 0.1},0.6583333333333333,0.6588844638422006,"{'bootstrap': True, 'ccp_alpha': 0.0, 'class_weight': 'balanced', 'criterion': 'gini', 'max_depth': 20, 'max_features': 'sqrt', 'max_leaf_nodes': None, 'max_samples': None, 'min_impurity_decrease': 0.0, 'min_samples_leaf': 1, 'min_samples_split': 2, 'min_weight_fraction_leaf': 0.0, 'monotonic_cst': None, 'n_estimators': 50, 'n_jobs': None, 'oob_score': False, 'random_state': 42, 'verbose': 0, 'warm_start': False}",0.0979008674621582
Coffee,5,2,7,2,LinearSVC,Scaling,1,{'sigma': 0.1},0.485,0.46124862370171854,"{'C': np.float64(0.2069138081114788), 'class_weight': 'balanced', 'dual': False, 'fit_intercept': False, 'intercept_scaling': 1, 'loss': 'squared_hinge', 'max_iter': 100, 'multi_class': 'ovr', 'penalty': 'l2', 'random_state': 42, 'tol': 0.0001, 'verbose': 0}",0.003922224044799805
Coffee,5,2,7,2,LogisticRegression,Scaling,1,{'sigma': 0.1},0.6416666666666667,0.6388623971639403,"{'C': np.float64(183.29807108324337), 'class_weight': None, 'dual': False, 'fit_intercept': True, 'intercept_scaling': 1, 'l1_ratio': None, 'max_iter': 100, 'multi_class': 'deprecated', 'n_jobs': None, 'penalty': 'l2', 'random_state': 42, 'solver': 'saga', 'tol': 0.0001, 'verbose': 0, 'warm_start': False}",0.02896881103515625
Coffee,5,2,7,2,KNN,Scaling,2,{'sigma': 0.5},0.6383333333333333,0.6452480034235,"{'algorithm': 'auto', 'leaf_size': 30, 'metric': 'euclidean', 'metric_params': None, 'n_jobs': None, 'n_neighbors': np.int64(9), 'p': 2, 'weights': 'distance'}",0.009664535522460938
Coffee,5,2,7,2,RandomForest,Scaling,2,{'sigma': 0.5},0.5716666666666667,0.5604697342331567,"{'bootstrap': True, 'ccp_alpha': 0.0, 'class_weight': 'balanced', 'criterion': 'gini', 'max_depth': 30, 'max_features': 'sqrt', 'max_leaf_nodes': None, 'max_samples': None, 'min_impurity_decrease': 0.0, 'min_samples_leaf': 1, 'min_samples_split': 2, 'min_weight_fraction_leaf': 0.0, 'monotonic_cst': None, 'n_estimators': 150, 'n_jobs': None, 'oob_score': False, 'random_state': 42, 'verbose': 0, 'warm_start': False}",0.3344419002532959
Coffee,5,2,7,2,LinearSVC,Scaling,2,{'sigma': 0.5},0.445,0.4141140636157248,"{'C': np.float64(0.2069138081114788), 'class_weight': None, 'dual': False, 'fit_intercept': True, 'intercept_scaling': 1, 'loss': 'squared_hinge', 'max_iter': 100, 'multi_class': 'ovr', 'penalty': 'l2', 'random_state': 42, 'tol': 0.001, 'verbose': 0}",0.004546403884887695
Coffee,5,2,7,2,LogisticRegression,Scaling,2,{'sigma': 0.5},0.4866666666666667,0.4635174378343901,"{'C': np.float64(183.29807108324337), 'class_weight': 'balanced', 'dual': False, 'fit_intercept': True, 'intercept_scaling': 1, 'l1_ratio': None, 'max_iter': 100, 'multi_class': 'deprecated', 'n_jobs': None, 'penalty': 'l1', 'random_state': 42, 'solver': 'saga', 'tol': 0.0001, 'verbose': 0, 'warm_start': False}",0.04454541206359863
Coffee,5,2,7,2,KNN,Scaling,3,{'sigma': 0.3},0.6766666666666666,0.6756964471681487,"{'algorithm': 'auto', 'leaf_size': 30, 'metric': 'chebyshev', 'metric_params': None, 'n_jobs': None, 'n_neighbors': np.int64(5), 'p': 2, 'weights': 'uniform'}",0.028400182723999023
Coffee,5,2,7,2,RandomForest,Scaling,3,{'sigma': 0.3},0.6283333333333333,0.6329679750904676,"{'bootstrap': True, 'ccp_alpha': 0.0, 'class_weight': 'balanced', 'criterion': 'gini', 'max_depth': None, 'max_features': 'sqrt', 'max_leaf_nodes': None, 'max_samples': None, 'min_impurity_decrease': 0.0, 'min_samples_leaf': 1, 'min_samples_split': 2, 'min_weight_fraction_leaf': 0.0, 'monotonic_cst': None, 'n_estimators': 50, 'n_jobs': None, 'oob_score': False, 'random_state': 42, 'verbose': 0, 'warm_start': False}",0.09642314910888672
Coffee,5,2,7,2,LinearSVC,Scaling,3,{'sigma': 0.3},0.6783333333333333,0.6695589338198034,"{'C': np.float64(183.29807108324337), 'class_weight': None, 'dual': False, 'fit_intercept': True, 'intercept_scaling': 1, 'loss': 'squared_hinge', 'max_iter': 100, 'multi_class': 'ovr', 'penalty': 'l1', 'random_state': 42, 'tol': 0.001, 'verbose': 0}",0.008929252624511719
Coffee,5,2,7,2,LogisticRegression,Scaling,3,{'sigma': 0.3},0.7566666666666667,0.7464726631393298,"{'C': np.float64(2.6366508987303554), 'class_weight': 'balanced', 'dual': False, 'fit_intercept': True, 'intercept_scaling': 1, 'l1_ratio': None, 'max_iter': 100, 'multi_class': 'deprecated', 'n_jobs': None, 'penalty': 'l1', 'random_state': 42, 'solver': 'saga', 'tol': 0.0001, 'verbose': 0, 'warm_start': False}",0.04709577560424805
Coffee,5,2,7,2,KNN,Scaling,4,{'sigma': 0.2},0.6233333333333333,0.6278935185185185,"{'algorithm': 'auto', 'leaf_size': 30, 'metric': 'euclidean', 'metric_params': None, 'n_jobs': None, 'n_neighbors': np.int64(9), 'p': 2, 'weights': 'distance'}",0.007415294647216797
Coffee,5,2,7,2,RandomForest,Scaling,4,{'sigma': 0.2},0.5966666666666667,0.6063830583046911,"{'bootstrap': True, 'ccp_alpha': 0.0, 'class_weight': 'balanced', 'criterion': 'gini', 'max_depth': 20, 'max_features': 'sqrt', 'max_leaf_nodes': None, 'max_samples': None, 'min_impurity_decrease': 0.0, 'min_samples_leaf': 1, 'min_samples_split': 2, 'min_weight_fraction_leaf': 0.0, 'monotonic_cst': None, 'n_estimators': 50, 'n_jobs': None, 'oob_score': False, 'random_state': 42, 'verbose': 0, 'warm_start': False}",0.12038016319274902
Coffee,5,2,7,2,LinearSVC,Scaling,4,{'sigma': 0.2},0.43333333333333335,0.40597069421149723,"{'C': np.float64(0.2069138081114788), 'class_weight': 'balanced', 'dual': False, 'fit_intercept': False, 'intercept_scaling': 1, 'loss': 'squared_hinge', 'max_iter': 100, 'multi_class': 'ovr', 'penalty': 'l2', 'random_state': 42, 'tol': 0.0001, 'verbose': 0}",0.004014730453491211
Coffee,5,2,7,2,LogisticRegression,Scaling,4,{'sigma': 0.2},0.625,0.6244701546979371,"{'C': np.float64(183.29807108324337), 'class_weight': None, 'dual': False, 'fit_intercept': True, 'intercept_scaling': 1, 'l1_ratio': None, 'max_iter': 100, 'multi_class': 'deprecated', 'n_jobs': None, 'penalty': 'l2', 'random_state': 42, 'solver': 'saga', 'tol': 0.0001, 'verbose': 0, 'warm_start': False}",0.033712148666381836
Coffee,5,2,7,2,KNN,Scaling,5,{'sigma': 0.5},0.6183333333333333,0.6247208931419457,"{'algorithm': 'auto', 'leaf_size': 30, 'metric': 'euclidean', 'metric_params': None, 'n_jobs': None, 'n_neighbors': np.int64(9), 'p': 2, 'weights': 'distance'}",0.0067501068115234375
Coffee,5,2,7,2,RandomForest,Scaling,5,{'sigma': 0.5},0.5733333333333334,0.5816727748977311,"{'bootstrap': True, 'ccp_alpha': 0.0, 'class_weight': 'balanced', 'criterion': 'gini', 'max_depth': 20, 'max_features': 'sqrt', 'max_leaf_nodes': None, 'max_samples': None, 'min_impurity_decrease': 0.0, 'min_samples_leaf': 1, 'min_samples_split': 2, 'min_weight_fraction_leaf': 0.0, 'monotonic_cst': None, 'n_estimators': 50, 'n_jobs': None, 'oob_score': False, 'random_state': 42, 'verbose': 0, 'warm_start': False}",0.09725618362426758
Coffee,5,2,7,2,LinearSVC,Scaling,5,{'sigma': 0.5},0.315,0.3385240139589767,"{'C': np.float64(0.2069138081114788), 'class_weight': 'balanced', 'dual': False, 'fit_intercept': False, 'intercept_scaling': 1, 'loss': 'squared_hinge', 'max_iter': 100, 'multi_class': 'ovr', 'penalty': 'l2', 'random_state': 42, 'tol': 0.0001, 'verbose': 0}",0.004061222076416016
Coffee,5,2,7,2,LogisticRegression,Scaling,5,{'sigma': 0.5},0.63,0.6373633492170839,"{'C': np.float64(1000.0), 'class_weight': 'balanced', 'dual': False, 'fit_intercept': True, 'intercept_scaling': 1, 'l1_ratio': None, 'max_iter': 100, 'multi_class': 'deprecated', 'n_jobs': None, 'penalty': 'l2', 'random_state': 42, 'solver': 'sag', 'tol': 0.0001, 'verbose': 0, 'warm_start': False}",0.026423931121826172
Coffee,5,2,7,2,KNN,Scaling,6,{'sigma': 0.1},0.6216666666666667,0.6263693794128576,"{'algorithm': 'auto', 'leaf_size': 30, 'metric': 'euclidean', 'metric_params': None, 'n_jobs': None, 'n_neighbors': np.int64(9), 'p': 2, 'weights': 'distance'}",0.008796930313110352
Coffee,5,2,7,2,RandomForest,Scaling,6,{'sigma': 0.1},0.5566666666666666,0.5666904295168907,"{'bootstrap': True, 'ccp_alpha': 0.0, 'class_weight': 'balanced', 'criterion': 'gini', 'max_depth': None, 'max_features': 'sqrt', 'max_leaf_nodes': None, 'max_samples': None, 'min_impurity_decrease': 0.0, 'min_samples_leaf': 1, 'min_samples_split': 2, 'min_weight_fraction_leaf': 0.0, 'monotonic_cst': None, 'n_estimators': 50, 'n_jobs': None, 'oob_score': False, 'random_state': 42, 'verbose': 0, 'warm_start': False}",0.10346007347106934
Coffee,5,2,7,2,LinearSVC,Scaling,6,{'sigma': 0.1},0.5316666666666666,0.5224704102647247,"{'C': np.float64(0.2069138081114788), 'class_weight': None, 'dual': False, 'fit_intercept': False, 'intercept_scaling': 1, 'loss': 'squared_hinge', 'max_iter': 100, 'multi_class': 'ovr', 'penalty': 'l2', 'random_state': 42, 'tol': 0.001, 'verbose': 0}",0.004584074020385742
Coffee,5,2,7,2,LogisticRegression,Scaling,6,{'sigma': 0.1},0.6666666666666666,0.6668475204451481,"{'C': np.float64(183.29807108324337), 'class_weight': None, 'dual': False, 'fit_intercept': True, 'intercept_scaling': 1, 'l1_ratio': None, 'max_iter': 100, 'multi_class': 'deprecated', 'n_jobs': None, 'penalty': 'l2', 'random_state': 42, 'solver': 'saga', 'tol': 0.0001, 'verbose': 0, 'warm_start': False}",0.037389516830444336
Coffee,5,2,7,2,KNN,Scaling,7,{'sigma': 0.3},0.6266666666666667,0.6312021072796934,"{'algorithm': 'auto', 'leaf_size': 30, 'metric': 'euclidean', 'metric_params': None, 'n_jobs': None, 'n_neighbors': np.int64(9), 'p': 2, 'weights': 'distance'}",0.007721900939941406
Coffee,5,2,7,2,RandomForest,Scaling,7,{'sigma': 0.3},0.6066666666666667,0.6134496643667188,"{'bootstrap': True, 'ccp_alpha': 0.0, 'class_weight': 'balanced', 'criterion': 'gini', 'max_depth': 20, 'max_features': 'sqrt', 'max_leaf_nodes': None, 'max_samples': None, 'min_impurity_decrease': 0.0, 'min_samples_leaf': 1, 'min_samples_split': 2, 'min_weight_fraction_leaf': 0.0, 'monotonic_cst': None, 'n_estimators': 50, 'n_jobs': None, 'oob_score': False, 'random_state': 42, 'verbose': 0, 'warm_start': False}",0.10910964012145996
Coffee,5,2,7,2,LinearSVC,Scaling,7,{'sigma': 0.3},0.64,0.6368032764155765,"{'C': np.float64(2.6366508987303554), 'class_weight': 'balanced', 'dual': False, 'fit_intercept': True, 'intercept_scaling': 1, 'loss': 'squared_hinge', 'max_iter': 100, 'multi_class': 'ovr', 'penalty': 'l1', 'random_state': 42, 'tol': 0.0001, 'verbose': 0}",0.00927734375
Coffee,5,2,7,2,LogisticRegression,Scaling,7,{'sigma': 0.3},0.71,0.7051146384479718,"{'C': np.float64(33.59818286283781), 'class_weight': 'balanced', 'dual': False, 'fit_intercept': True, 'intercept_scaling': 1, 'l1_ratio': None, 'max_iter': 100, 'multi_class': 'deprecated', 'n_jobs': None, 'penalty': 'l1', 'random_state': 42, 'solver': 'saga', 'tol': 0.0001, 'verbose': 0, 'warm_start': False}",0.04944944381713867
Coffee,5,2,7,2,KNN,Scaling,8,{'sigma': 0.1},0.62,0.6245475391816855,"{'algorithm': 'auto', 'leaf_size': 30, 'metric': 'euclidean', 'metric_params': None, 'n_jobs': None, 'n_neighbors': np.int64(9), 'p': 2, 'weights': 'distance'}",0.009225606918334961
Coffee,5,2,7,2,RandomForest,Scaling,8,{'sigma': 0.1},0.5766666666666667,0.5845228525413471,"{'bootstrap': True, 'ccp_alpha': 0.0, 'class_weight': 'balanced', 'criterion': 'gini', 'max_depth': 30, 'max_features': 'sqrt', 'max_leaf_nodes': None, 'max_samples': None, 'min_impurity_decrease': 0.0, 'min_samples_leaf': 1, 'min_samples_split': 2, 'min_weight_fraction_leaf': 0.0, 'monotonic_cst': None, 'n_estimators': 150, 'n_jobs': None, 'oob_score': False, 'random_state': 42, 'verbose': 0, 'warm_start': False}",0.34630680084228516
Coffee,5,2,7,2,LinearSVC,Scaling,8,{'sigma': 0.1},0.5766666666666667,0.5694314492033665,"{'C': np.float64(2.6366508987303554), 'class_weight': 'balanced', 'dual': False, 'fit_intercept': True, 'intercept_scaling': 1, 'loss': 'squared_hinge', 'max_iter': 100, 'multi_class': 'ovr', 'penalty': 'l1', 'random_state': 42, 'tol': 0.0001, 'verbose': 0}",0.010654449462890625
Coffee,5,2,7,2,LogisticRegression,Scaling,8,{'sigma': 0.1},0.6683333333333333,0.6683250414593698,"{'C': np.float64(183.29807108324337), 'class_weight': None, 'dual': False, 'fit_intercept': True, 'intercept_scaling': 1, 'l1_ratio': None, 'max_iter': 100, 'multi_class': 'deprecated', 'n_jobs': None, 'penalty': 'l2', 'random_state': 42, 'solver': 'saga', 'tol': 0.0001, 'verbose': 0, 'warm_start': False}",0.031106948852539062
Coffee,5,2,7,2,KNN,Scaling,9,{'sigma': 0.3},0.64,0.6434539867765616,"{'algorithm': 'auto', 'leaf_size': 30, 'metric': 'euclidean', 'metric_params': None, 'n_jobs': None, 'n_neighbors': np.int64(9), 'p': 2, 'weights': 'distance'}",0.008882284164428711
Coffee,5,2,7,2,RandomForest,Scaling,9,{'sigma': 0.3},0.5533333333333333,0.5647231956755767,"{'bootstrap': True, 'ccp_alpha': 0.0, 'class_weight': 'balanced', 'criterion': 'gini', 'max_depth': 30, 'max_features': 'sqrt', 'max_leaf_nodes': None, 'max_samples': None, 'min_impurity_decrease': 0.0, 'min_samples_leaf': 1, 'min_samples_split': 2, 'min_weight_fraction_leaf': 0.0, 'monotonic_cst': None, 'n_estimators': 150, 'n_jobs': None, 'oob_score': False, 'random_state': 42, 'verbose': 0, 'warm_start': False}",0.35326552391052246
Coffee,5,2,7,2,LinearSVC,Scaling,9,{'sigma': 0.3},0.5916666666666667,0.5878631878631879,"{'C': np.float64(0.2069138081114788), 'class_weight': None, 'dual': False, 'fit_intercept': False, 'intercept_scaling': 1, 'loss': 'squared_hinge', 'max_iter': 100, 'multi_class': 'ovr', 'penalty': 'l2', 'random_state': 42, 'tol': 0.001, 'verbose': 0}",0.004812479019165039
Coffee,5,2,7,2,LogisticRegression,Scaling,9,{'sigma': 0.3},0.6666666666666666,0.6672415985317124,"{'C': np.float64(183.29807108324337), 'class_weight': 'balanced', 'dual': False, 'fit_intercept': True, 'intercept_scaling': 1, 'l1_ratio': None, 'max_iter': 100, 'multi_class': 'deprecated', 'n_jobs': None, 'penalty': 'l1', 'random_state': 42, 'solver': 'saga', 'tol': 0.0001, 'verbose': 0, 'warm_start': False}",0.04383683204650879
Coffee,5,2,7,2,KNN,Scaling,10,{'sigma': 0.5},0.625,0.6307890905377065,"{'algorithm': 'auto', 'leaf_size': 30, 'metric': 'euclidean', 'metric_params': None, 'n_jobs': None, 'n_neighbors': np.int64(9), 'p': 2, 'weights': 'distance'}",0.008558273315429688
Coffee,5,2,7,2,RandomForest,Scaling,10,{'sigma': 0.5},0.6283333333333333,0.6323945473251029,"{'bootstrap': True, 'ccp_alpha': 0.0, 'class_weight': 'balanced', 'criterion': 'gini', 'max_depth': None, 'max_features': 'sqrt', 'max_leaf_nodes': None, 'max_samples': None, 'min_impurity_decrease': 0.0, 'min_samples_leaf': 1, 'min_samples_split': 2, 'min_weight_fraction_leaf': 0.0, 'monotonic_cst': None, 'n_estimators': 50, 'n_jobs': None, 'oob_score': False, 'random_state': 42, 'verbose': 0, 'warm_start': False}",0.09779477119445801
Coffee,5,2,7,2,LinearSVC,Scaling,10,{'sigma': 0.5},0.53,0.5222620521950023,"{'C': np.float64(2.6366508987303554), 'class_weight': 'balanced', 'dual': False, 'fit_intercept': True, 'intercept_scaling': 1, 'loss': 'squared_hinge', 'max_iter': 100, 'multi_class': 'ovr', 'penalty': 'l1', 'random_state': 42, 'tol': 0.0001, 'verbose': 0}",0.007798194885253906
Coffee,5,2,7,2,LogisticRegression,Scaling,10,{'sigma': 0.5},0.6983333333333334,0.6949979797979798,"{'C': np.float64(183.29807108324337), 'class_weight': None, 'dual': False, 'fit_intercept': True, 'intercept_scaling': 1, 'l1_ratio': None, 'max_iter': 100, 'multi_class': 'deprecated', 'n_jobs': None, 'penalty': 'l2', 'random_state': 42, 'solver': 'saga', 'tol': 0.0001, 'verbose': 0, 'warm_start': False}",0.03502368927001953
Coffee,5,2,7,3,KNN,Scaling,1,{'sigma': 0.1},0.645,0.6472874897419476,"{'algorithm': 'auto', 'leaf_size': 30, 'metric': 'minkowski', 'metric_params': None, 'n_jobs': None, 'n_neighbors': np.int64(13), 'p': 4, 'weights': 'distance'}",0.03891706466674805
Coffee,5,2,7,3,RandomForest,Scaling,1,{'sigma': 0.1},0.5833333333333334,0.5898206790305699,"{'bootstrap': True, 'ccp_alpha': 0.0, 'class_weight': 'balanced', 'criterion': 'gini', 'max_depth': None, 'max_features': 'sqrt', 'max_leaf_nodes': None, 'max_samples': None, 'min_impurity_decrease': 0.0, 'min_samples_leaf': 1, 'min_samples_split': 2, 'min_weight_fraction_leaf': 0.0, 'monotonic_cst': None, 'n_estimators': 50, 'n_jobs': None, 'oob_score': False, 'random_state': 42, 'verbose': 0, 'warm_start': False}",0.11585187911987305
Coffee,5,2,7,3,LinearSVC,Scaling,1,{'sigma': 0.1},0.58,0.5716614303570825,"{'C': np.float64(2.6366508987303554), 'class_weight': 'balanced', 'dual': False, 'fit_intercept': True, 'intercept_scaling': 1, 'loss': 'squared_hinge', 'max_iter': 100, 'multi_class': 'ovr', 'penalty': 'l1', 'random_state': 42, 'tol': 0.0001, 'verbose': 0}",0.01279902458190918
Coffee,5,2,7,3,LogisticRegression,Scaling,1,{'sigma': 0.1},0.6683333333333333,0.6683333333333333,"{'C': np.float64(1000.0), 'class_weight': 'balanced', 'dual': False, 'fit_intercept': True, 'intercept_scaling': 1, 'l1_ratio': None, 'max_iter': 100, 'multi_class': 'deprecated', 'n_jobs': None, 'penalty': 'l2', 'random_state': 42, 'solver': 'sag', 'tol': 0.0001, 'verbose': 0, 'warm_start': False}",0.037770748138427734
Coffee,5,2,7,3,KNN,Scaling,2,{'sigma': 0.5},0.625,0.6294154014185563,"{'algorithm': 'auto', 'leaf_size': 30, 'metric': 'euclidean', 'metric_params': None, 'n_jobs': None, 'n_neighbors': np.int64(9), 'p': 2, 'weights': 'distance'}",0.009968042373657227
Coffee,5,2,7,3,RandomForest,Scaling,2,{'sigma': 0.5},0.8,0.7851451146532683,"{'bootstrap': True, 'ccp_alpha': 0.0, 'class_weight': 'balanced', 'criterion': 'gini', 'max_depth': 10, 'max_features': 'sqrt', 'max_leaf_nodes': None, 'max_samples': None, 'min_impurity_decrease': 0.0, 'min_samples_leaf': 1, 'min_samples_split': 2, 'min_weight_fraction_leaf': 0.0, 'monotonic_cst': None, 'n_estimators': 100, 'n_jobs': None, 'oob_score': False, 'random_state': 42, 'verbose': 0, 'warm_start': False}",0.31180286407470703
Coffee,5,2,7,3,LinearSVC,Scaling,2,{'sigma': 0.5},0.555,0.5465133297237182,"{'C': np.float64(183.29807108324337), 'class_weight': 'balanced', 'dual': False, 'fit_intercept': True, 'intercept_scaling': 1, 'loss': 'squared_hinge', 'max_iter': 100, 'multi_class': 'ovr', 'penalty': 'l1', 'random_state': 42, 'tol': 0.0001, 'verbose': 0}",0.013099193572998047
Coffee,5,2,7,3,LogisticRegression,Scaling,2,{'sigma': 0.5},0.54,0.5365962280222438,"{'C': np.float64(0.08858667904100823), 'class_weight': None, 'dual': False, 'fit_intercept': False, 'intercept_scaling': 1, 'l1_ratio': None, 'max_iter': 100, 'multi_class': 'deprecated', 'n_jobs': None, 'penalty': 'l1', 'random_state': 42, 'solver': 'saga', 'tol': 0.0001, 'verbose': 0, 'warm_start': False}",0.04863429069519043
Coffee,5,2,7,3,KNN,Scaling,3,{'sigma': 0.3},0.64,0.6427759474404177,"{'algorithm': 'auto', 'leaf_size': 30, 'metric': 'euclidean', 'metric_params': None, 'n_jobs': None, 'n_neighbors': np.int64(9), 'p': 2, 'weights': 'distance'}",0.009234428405761719
Coffee,5,2,7,3,RandomForest,Scaling,3,{'sigma': 0.3},0.6433333333333333,0.64902306365721,"{'bootstrap': True, 'ccp_alpha': 0.0, 'class_weight': 'balanced', 'criterion': 'gini', 'max_depth': None, 'max_features': 'sqrt', 'max_leaf_nodes': None, 'max_samples': None, 'min_impurity_decrease': 0.0, 'min_samples_leaf': 1, 'min_samples_split': 2, 'min_weight_fraction_leaf': 0.0, 'monotonic_cst': None, 'n_estimators': 50, 'n_jobs': None, 'oob_score': False, 'random_state': 42, 'verbose': 0, 'warm_start': False}",0.13334870338439941
Coffee,5,2,7,3,LinearSVC,Scaling,3,{'sigma': 0.3},0.5666666666666667,0.5763609201019868,"{'C': np.float64(2.6366508987303554), 'class_weight': 'balanced', 'dual': False, 'fit_intercept': True, 'intercept_scaling': 1, 'loss': 'squared_hinge', 'max_iter': 100, 'multi_class': 'ovr', 'penalty': 'l1', 'random_state': 42, 'tol': 0.0001, 'verbose': 0}",0.011758804321289062
Coffee,5,2,7,3,LogisticRegression,Scaling,3,{'sigma': 0.3},0.6166666666666667,0.6240034384697182,"{'C': np.float64(33.59818286283781), 'class_weight': 'balanced', 'dual': False, 'fit_intercept': True, 'intercept_scaling': 1, 'l1_ratio': None, 'max_iter': 100, 'multi_class': 'deprecated', 'n_jobs': None, 'penalty': 'l2', 'random_state': 42, 'solver': 'saga', 'tol': 0.0001, 'verbose': 0, 'warm_start': False}",0.04607248306274414
Coffee,5,2,7,3,KNN,Scaling,4,{'sigma': 0.2},0.635,0.6384578544061302,"{'algorithm': 'auto', 'leaf_size': 30, 'metric': 'minkowski', 'metric_params': None, 'n_jobs': None, 'n_neighbors': np.int64(13), 'p': 4, 'weights': 'distance'}",0.03564310073852539
Coffee,5,2,7,3,RandomForest,Scaling,4,{'sigma': 0.2},0.635,0.6387464387464387,"{'bootstrap': True, 'ccp_alpha': 0.0, 'class_weight': 'balanced', 'criterion': 'gini', 'max_depth': 30, 'max_features': 'sqrt', 'max_leaf_nodes': None, 'max_samples': None, 'min_impurity_decrease': 0.0, 'min_samples_leaf': 1, 'min_samples_split': 2, 'min_weight_fraction_leaf': 0.0, 'monotonic_cst': None, 'n_estimators': 150, 'n_jobs': None, 'oob_score': False, 'random_state': 42, 'verbose': 0, 'warm_start': False}",0.3596012592315674
Coffee,5,2,7,3,LinearSVC,Scaling,4,{'sigma': 0.2},0.5433333333333333,0.5352589694509301,"{'C': np.float64(33.59818286283781), 'class_weight': 'balanced', 'dual': False, 'fit_intercept': True, 'intercept_scaling': 1, 'loss': 'squared_hinge', 'max_iter': 100, 'multi_class': 'ovr', 'penalty': 'l1', 'random_state': 42, 'tol': 0.001, 'verbose': 0}",0.010994911193847656
Coffee,5,2,7,3,LogisticRegression,Scaling,4,{'sigma': 0.2},0.675,0.6743802865381251,"{'C': np.float64(1000.0), 'class_weight': 'balanced', 'dual': False, 'fit_intercept': True, 'intercept_scaling': 1, 'l1_ratio': None, 'max_iter': 100, 'multi_class': 'deprecated', 'n_jobs': None, 'penalty': 'l2', 'random_state': 42, 'solver': 'sag', 'tol': 0.0001, 'verbose': 0, 'warm_start': False}",0.037351369857788086
Coffee,5,2,7,3,KNN,Scaling,5,{'sigma': 0.5},0.6266666666666667,0.6308732813080639,"{'algorithm': 'auto', 'leaf_size': 30, 'metric': 'euclidean', 'metric_params': None, 'n_jobs': None, 'n_neighbors': np.int64(9), 'p': 2, 'weights': 'distance'}",0.00881338119506836
Coffee,5,2,7,3,RandomForest,Scaling,5,{'sigma': 0.5},0.6483333333333333,0.6501786742195951,"{'bootstrap': True, 'ccp_alpha': 0.0, 'class_weight': 'balanced', 'criterion': 'gini', 'max_depth': None, 'max_features': 'sqrt', 'max_leaf_nodes': None, 'max_samples': None, 'min_impurity_decrease': 0.0, 'min_samples_leaf': 2, 'min_samples_split': 2, 'min_weight_fraction_leaf': 0.0, 'monotonic_cst': None, 'n_estimators': 150, 'n_jobs': None, 'oob_score': False, 'random_state': 42, 'verbose': 0, 'warm_start': False}",0.39511799812316895
Coffee,5,2,7,3,LinearSVC,Scaling,5,{'sigma': 0.5},0.6333333333333333,0.6324655893972696,"{'C': np.float64(33.59818286283781), 'class_weight': 'balanced', 'dual': False, 'fit_intercept': True, 'intercept_scaling': 1, 'loss': 'squared_hinge', 'max_iter': 100, 'multi_class': 'ovr', 'penalty': 'l1', 'random_state': 42, 'tol': 0.001, 'verbose': 0}",0.010359048843383789
Coffee,5,2,7,3,LogisticRegression,Scaling,5,{'sigma': 0.5},0.64,0.645647721454173,"{'C': np.float64(1000.0), 'class_weight': 'balanced', 'dual': False, 'fit_intercept': True, 'intercept_scaling': 1, 'l1_ratio': None, 'max_iter': 100, 'multi_class': 'deprecated', 'n_jobs': None, 'penalty': 'l2', 'random_state': 42, 'solver': 'sag', 'tol': 0.0001, 'verbose': 0, 'warm_start': False}",0.03854036331176758
Coffee,5,2,7,3,KNN,Scaling,6,{'sigma': 0.1},0.6283333333333333,0.6321804954156555,"{'algorithm': 'auto', 'leaf_size': 30, 'metric': 'minkowski', 'metric_params': None, 'n_jobs': None, 'n_neighbors': np.int64(13), 'p': 4, 'weights': 'distance'}",0.027649641036987305
Coffee,5,2,7,3,RandomForest,Scaling,6,{'sigma': 0.1},0.595,0.6009840021095679,"{'bootstrap': True, 'ccp_alpha': 0.0, 'class_weight': 'balanced', 'criterion': 'gini', 'max_depth': None, 'max_features': 'sqrt', 'max_leaf_nodes': None, 'max_samples': None, 'min_impurity_decrease': 0.0, 'min_samples_leaf': 1, 'min_samples_split': 2, 'min_weight_fraction_leaf': 0.0, 'monotonic_cst': None, 'n_estimators': 50, 'n_jobs': None, 'oob_score': False, 'random_state': 42, 'verbose': 0, 'warm_start': False}",0.14531159400939941
Coffee,5,2,7,3,LinearSVC,Scaling,6,{'sigma': 0.1},0.575,0.564620680205643,"{'C': np.float64(1000.0), 'class_weight': 'balanced', 'dual': False, 'fit_intercept': True, 'intercept_scaling': 1, 'loss': 'squared_hinge', 'max_iter': 100, 'multi_class': 'ovr', 'penalty': 'l2', 'random_state': 42, 'tol': 0.001, 'verbose': 0}",0.0063817501068115234
Coffee,5,2,7,3,LogisticRegression,Scaling,6,{'sigma': 0.1},0.67,0.6698114315852867,"{'C': np.float64(1000.0), 'class_weight': 'balanced', 'dual': False, 'fit_intercept': True, 'intercept_scaling': 1, 'l1_ratio': None, 'max_iter': 100, 'multi_class': 'deprecated', 'n_jobs': None, 'penalty': 'l2', 'random_state': 42, 'solver': 'sag', 'tol': 0.0001, 'verbose': 0, 'warm_start': False}",0.040827035903930664
Coffee,5,2,7,3,KNN,Scaling,7,{'sigma': 0.3},0.6416666666666667,0.6426097582008491,"{'algorithm': 'auto', 'leaf_size': 30, 'metric': 'chebyshev', 'metric_params': None, 'n_jobs': None, 'n_neighbors': np.int64(5), 'p': 2, 'weights': 'uniform'}",0.027460575103759766
Coffee,5,2,7,3,RandomForest,Scaling,7,{'sigma': 0.3},0.6166666666666667,0.6174487985808741,"{'bootstrap': True, 'ccp_alpha': 0.0, 'class_weight': 'balanced', 'criterion': 'gini', 'max_depth': None, 'max_features': 'sqrt', 'max_leaf_nodes': None, 'max_samples': None, 'min_impurity_decrease': 0.0, 'min_samples_leaf': 1, 'min_samples_split': 2, 'min_weight_fraction_leaf': 0.0, 'monotonic_cst': None, 'n_estimators': 50, 'n_jobs': None, 'oob_score': False, 'random_state': 42, 'verbose': 0, 'warm_start': False}",0.14732003211975098
Coffee,5,2,7,3,LinearSVC,Scaling,7,{'sigma': 0.3},0.5266666666666666,0.5263884344454347,"{'C': np.float64(33.59818286283781), 'class_weight': None, 'dual': False, 'fit_intercept': True, 'intercept_scaling': 1, 'loss': 'squared_hinge', 'max_iter': 100, 'multi_class': 'ovr', 'penalty': 'l1', 'random_state': 42, 'tol': 0.001, 'verbose': 0}",0.010202169418334961
Coffee,5,2,7,3,LogisticRegression,Scaling,7,{'sigma': 0.3},0.6433333333333333,0.6474453931405754,"{'C': np.float64(1000.0), 'class_weight': 'balanced', 'dual': False, 'fit_intercept': True, 'intercept_scaling': 1, 'l1_ratio': None, 'max_iter': 100, 'multi_class': 'deprecated', 'n_jobs': None, 'penalty': 'l2', 'random_state': 42, 'solver': 'sag', 'tol': 0.0001, 'verbose': 0, 'warm_start': False}",0.03964567184448242
Coffee,5,2,7,3,KNN,Scaling,8,{'sigma': 0.1},0.64,0.6430174223265677,"{'algorithm': 'auto', 'leaf_size': 30, 'metric': 'minkowski', 'metric_params': None, 'n_jobs': None, 'n_neighbors': np.int64(13), 'p': 4, 'weights': 'distance'}",0.029683828353881836
Coffee,5,2,7,3,RandomForest,Scaling,8,{'sigma': 0.1},0.5866666666666667,0.5957996668379182,"{'bootstrap': True, 'ccp_alpha': 0.0, 'class_weight': 'balanced', 'criterion': 'gini', 'max_depth': None, 'max_features': 'sqrt', 'max_leaf_nodes': None, 'max_samples': None, 'min_impurity_decrease': 0.0, 'min_samples_leaf': 1, 'min_samples_split': 2, 'min_weight_fraction_leaf': 0.0, 'monotonic_cst': None, 'n_estimators': 50, 'n_jobs': None, 'oob_score': False, 'random_state': 42, 'verbose': 0, 'warm_start': False}",0.11712336540222168
Coffee,5,2,7,3,LinearSVC,Scaling,8,{'sigma': 0.1},0.5266666666666666,0.5119300089888325,"{'C': np.float64(33.59818286283781), 'class_weight': None, 'dual': False, 'fit_intercept': True, 'intercept_scaling': 1, 'loss': 'squared_hinge', 'max_iter': 100, 'multi_class': 'ovr', 'penalty': 'l1', 'random_state': 42, 'tol': 0.001, 'verbose': 0}",0.009993314743041992
Coffee,5,2,7,3,LogisticRegression,Scaling,8,{'sigma': 0.1},0.6666666666666666,0.6674418148278976,"{'C': np.float64(1000.0), 'class_weight': 'balanced', 'dual': False, 'fit_intercept': True, 'intercept_scaling': 1, 'l1_ratio': None, 'max_iter': 100, 'multi_class': 'deprecated', 'n_jobs': None, 'penalty': 'l2', 'random_state': 42, 'solver': 'sag', 'tol': 0.0001, 'verbose': 0, 'warm_start': False}",0.04825186729431152
Coffee,5,2,7,3,KNN,Scaling,9,{'sigma': 0.3},0.635,0.6398140149367539,"{'algorithm': 'auto', 'leaf_size': 30, 'metric': 'minkowski', 'metric_params': None, 'n_jobs': None, 'n_neighbors': np.int64(13), 'p': 4, 'weights': 'distance'}",0.04341721534729004
Coffee,5,2,7,3,RandomForest,Scaling,9,{'sigma': 0.3},0.65,0.6526114166600242,"{'bootstrap': True, 'ccp_alpha': 0.0, 'class_weight': 'balanced', 'criterion': 'gini', 'max_depth': 30, 'max_features': 'sqrt', 'max_leaf_nodes': None, 'max_samples': None, 'min_impurity_decrease': 0.0, 'min_samples_leaf': 1, 'min_samples_split': 2, 'min_weight_fraction_leaf': 0.0, 'monotonic_cst': None, 'n_estimators': 150, 'n_jobs': None, 'oob_score': False, 'random_state': 42, 'verbose': 0, 'warm_start': False}",0.4217658042907715
Coffee,5,2,7,3,LinearSVC,Scaling,9,{'sigma': 0.3},0.5283333333333333,0.5164383886305175,"{'C': np.float64(33.59818286283781), 'class_weight': 'balanced', 'dual': False, 'fit_intercept': True, 'intercept_scaling': 1, 'loss': 'squared_hinge', 'max_iter': 100, 'multi_class': 'ovr', 'penalty': 'l1', 'random_state': 42, 'tol': 0.0001, 'verbose': 0}",0.010888099670410156
Coffee,5,2,7,3,LogisticRegression,Scaling,9,{'sigma': 0.3},0.6266666666666667,0.625770636062713,"{'C': np.float64(33.59818286283781), 'class_weight': 'balanced', 'dual': False, 'fit_intercept': True, 'intercept_scaling': 1, 'l1_ratio': None, 'max_iter': 100, 'multi_class': 'deprecated', 'n_jobs': None, 'penalty': 'l1', 'random_state': 42, 'solver': 'saga', 'tol': 0.0001, 'verbose': 0, 'warm_start': False}",0.06747150421142578
Coffee,5,2,7,3,KNN,Scaling,10,{'sigma': 0.5},0.6333333333333333,0.6368314817343171,"{'algorithm': 'auto', 'leaf_size': 30, 'metric': 'minkowski', 'metric_params': None, 'n_jobs': None, 'n_neighbors': np.int64(13), 'p': 4, 'weights': 'distance'}",0.033005475997924805
Coffee,5,2,7,3,RandomForest,Scaling,10,{'sigma': 0.5},0.6916666666666667,0.682420254923675,"{'bootstrap': True, 'ccp_alpha': 0.0, 'class_weight': 'balanced', 'criterion': 'gini', 'max_depth': 20, 'max_features': 'sqrt', 'max_leaf_nodes': None, 'max_samples': None, 'min_impurity_decrease': 0.0, 'min_samples_leaf': 1, 'min_samples_split': 2, 'min_weight_fraction_leaf': 0.0, 'monotonic_cst': None, 'n_estimators': 50, 'n_jobs': None, 'oob_score': False, 'random_state': 42, 'verbose': 0, 'warm_start': False}",0.2102823257446289
Coffee,5,2,7,3,LinearSVC,Scaling,10,{'sigma': 0.5},0.3566666666666667,0.35430641518902645,"{'C': np.float64(0.08858667904100823), 'class_weight': None, 'dual': False, 'fit_intercept': False, 'intercept_scaling': 1, 'loss': 'squared_hinge', 'max_iter': 100, 'multi_class': 'ovr', 'penalty': 'l1', 'random_state': 42, 'tol': 0.0001, 'verbose': 0}",0.01090097427368164
Coffee,5,2,7,3,LogisticRegression,Scaling,10,{'sigma': 0.5},0.375,0.3696851497433853,"{'C': np.float64(0.08858667904100823), 'class_weight': None, 'dual': False, 'fit_intercept': False, 'intercept_scaling': 1, 'l1_ratio': None, 'max_iter': 100, 'multi_class': 'deprecated', 'n_jobs': None, 'penalty': 'l1', 'random_state': 42, 'solver': 'saga', 'tol': 0.0001, 'verbose': 0, 'warm_start': False}",0.060053110122680664
Coffee,5,2,7,5,KNN,Scaling,1,{'sigma': 0.1},0.6366666666666667,0.639758801789535,"{'algorithm': 'auto', 'leaf_size': 30, 'metric': 'minkowski', 'metric_params': None, 'n_jobs': None, 'n_neighbors': np.int64(13), 'p': 4, 'weights': 'distance'}",0.040750980377197266
Coffee,5,2,7,5,RandomForest,Scaling,1,{'sigma': 0.1},0.5883333333333334,0.5916813426820349,"{'bootstrap': True, 'ccp_alpha': 0.0, 'class_weight': 'balanced', 'criterion': 'gini', 'max_depth': None, 'max_features': 'sqrt', 'max_leaf_nodes': None, 'max_samples': None, 'min_impurity_decrease': 0.0, 'min_samples_leaf': 1, 'min_samples_split': 2, 'min_weight_fraction_leaf': 0.0, 'monotonic_cst': None, 'n_estimators': 50, 'n_jobs': None, 'oob_score': False, 'random_state': 42, 'verbose': 0, 'warm_start': False}",0.20777201652526855
Coffee,5,2,7,5,LinearSVC,Scaling,1,{'sigma': 0.1},0.6033333333333334,0.5947038393658941,"{'C': np.float64(1000.0), 'class_weight': 'balanced', 'dual': False, 'fit_intercept': True, 'intercept_scaling': 1, 'loss': 'squared_hinge', 'max_iter': 100, 'multi_class': 'ovr', 'penalty': 'l2', 'random_state': 42, 'tol': 0.001, 'verbose': 0}",0.009068965911865234
Coffee,5,2,7,5,LogisticRegression,Scaling,1,{'sigma': 0.1},0.675,0.6730253424616509,"{'C': np.float64(183.29807108324337), 'class_weight': 'balanced', 'dual': False, 'fit_intercept': True, 'intercept_scaling': 1, 'l1_ratio': None, 'max_iter': 100, 'multi_class': 'deprecated', 'n_jobs': None, 'penalty': 'l1', 'random_state': 42, 'solver': 'saga', 'tol': 0.0001, 'verbose': 0, 'warm_start': False}",0.1105337142944336
Coffee,5,2,7,5,KNN,Scaling,2,{'sigma': 0.5},0.61,0.6121078438987009,"{'algorithm': 'auto', 'leaf_size': 30, 'metric': 'minkowski', 'metric_params': None, 'n_jobs': None, 'n_neighbors': np.int64(13), 'p': 4, 'weights': 'distance'}",0.053841352462768555
Coffee,5,2,7,5,RandomForest,Scaling,2,{'sigma': 0.5},0.6433333333333333,0.6388635548212018,"{'bootstrap': True, 'ccp_alpha': 0.0, 'class_weight': 'balanced', 'criterion': 'gini', 'max_depth': None, 'max_features': 'sqrt', 'max_leaf_nodes': None, 'max_samples': None, 'min_impurity_decrease': 0.0, 'min_samples_leaf': 2, 'min_samples_split': 2, 'min_weight_fraction_leaf': 0.0, 'monotonic_cst': None, 'n_estimators': 150, 'n_jobs': None, 'oob_score': False, 'random_state': 42, 'verbose': 0, 'warm_start': False}",0.6654810905456543
Coffee,5,2,7,5,LinearSVC,Scaling,2,{'sigma': 0.5},0.5566666666666666,0.5824910362050391,"{'C': np.float64(2.6366508987303554), 'class_weight': 'balanced', 'dual': False, 'fit_intercept': True, 'intercept_scaling': 1, 'loss': 'squared_hinge', 'max_iter': 100, 'multi_class': 'ovr', 'penalty': 'l1', 'random_state': 42, 'tol': 0.0001, 'verbose': 0}",0.0168154239654541
Coffee,5,2,7,5,LogisticRegression,Scaling,2,{'sigma': 0.5},0.6366666666666667,0.6574498130916243,"{'C': np.float64(0.4832930238571752), 'class_weight': 'balanced', 'dual': False, 'fit_intercept': True, 'intercept_scaling': 1, 'l1_ratio': None, 'max_iter': 100, 'multi_class': 'deprecated', 'n_jobs': None, 'penalty': 'l2', 'random_state': 42, 'solver': 'lbfgs', 'tol': 0.0001, 'verbose': 0, 'warm_start': False}",0.04700827598571777
Coffee,5,2,7,5,KNN,Scaling,3,{'sigma': 0.3},0.6383333333333333,0.6424848530961891,"{'algorithm': 'auto', 'leaf_size': 30, 'metric': 'euclidean', 'metric_params': None, 'n_jobs': None, 'n_neighbors': np.int64(15), 'p': 2, 'weights': 'distance'}",0.013489961624145508
Coffee,5,2,7,5,RandomForest,Scaling,3,{'sigma': 0.3},0.62,0.6197320410086368,"{'bootstrap': True, 'ccp_alpha': 0.0, 'class_weight': None, 'criterion': 'gini', 'max_depth': None, 'max_features': 'sqrt', 'max_leaf_nodes': None, 'max_samples': None, 'min_impurity_decrease': 0.0, 'min_samples_leaf': 4, 'min_samples_split': 2, 'min_weight_fraction_leaf': 0.0, 'monotonic_cst': None, 'n_estimators': 50, 'n_jobs': None, 'oob_score': False, 'random_state': 42, 'verbose': 0, 'warm_start': False}",0.1996901035308838
Coffee,5,2,7,5,LinearSVC,Scaling,3,{'sigma': 0.3},0.47333333333333333,0.4755627903879247,"{'C': np.float64(0.0069519279617756054), 'class_weight': 'balanced', 'dual': False, 'fit_intercept': False, 'intercept_scaling': 1, 'loss': 'squared_hinge', 'max_iter': 100, 'multi_class': 'ovr', 'penalty': 'l2', 'random_state': 42, 'tol': 0.0001, 'verbose': 0}",0.007887840270996094
Coffee,5,2,7,5,LogisticRegression,Scaling,3,{'sigma': 0.3},0.5233333333333333,0.5234618940168095,"{'C': np.float64(0.2069138081114788), 'class_weight': None, 'dual': False, 'fit_intercept': False, 'intercept_scaling': 1, 'l1_ratio': None, 'max_iter': 100, 'multi_class': 'deprecated', 'n_jobs': None, 'penalty': 'l2', 'random_state': 42, 'solver': 'sag', 'tol': 0.0001, 'verbose': 0, 'warm_start': False}",0.02117180824279785
Coffee,5,2,7,5,KNN,Scaling,4,{'sigma': 0.2},0.62,0.6247652642555201,"{'algorithm': 'auto', 'leaf_size': 30, 'metric': 'euclidean', 'metric_params': None, 'n_jobs': None, 'n_neighbors': np.int64(15), 'p': 2, 'weights': 'distance'}",0.012445688247680664
Coffee,5,2,7,5,RandomForest,Scaling,4,{'sigma': 0.2},0.6383333333333333,0.6428170049060926,"{'bootstrap': True, 'ccp_alpha': 0.0, 'class_weight': 'balanced', 'criterion': 'gini', 'max_depth': None, 'max_features': 'sqrt', 'max_leaf_nodes': None, 'max_samples': None, 'min_impurity_decrease': 0.0, 'min_samples_leaf': 2, 'min_samples_split': 2, 'min_weight_fraction_leaf': 0.0, 'monotonic_cst': None, 'n_estimators': 150, 'n_jobs': None, 'oob_score': False, 'random_state': 42, 'verbose': 0, 'warm_start': False}",0.6319892406463623
Coffee,5,2,7,5,LinearSVC,Scaling,4,{'sigma': 0.2},0.5916666666666667,0.5887247972409895,"{'C': np.float64(1000.0), 'class_weight': 'balanced', 'dual': False, 'fit_intercept': True, 'intercept_scaling': 1, 'loss': 'squared_hinge', 'max_iter': 100, 'multi_class': 'ovr', 'penalty': 'l2', 'random_state': 42, 'tol': 0.001, 'verbose': 0}",0.00932002067565918
Coffee,5,2,7,5,LogisticRegression,Scaling,4,{'sigma': 0.2},0.6516666666666666,0.6531001825087556,"{'C': np.float64(183.29807108324337), 'class_weight': 'balanced', 'dual': False, 'fit_intercept': True, 'intercept_scaling': 1, 'l1_ratio': None, 'max_iter': 100, 'multi_class': 'deprecated', 'n_jobs': None, 'penalty': 'l1', 'random_state': 42, 'solver': 'saga', 'tol': 0.0001, 'verbose': 0, 'warm_start': False}",0.09589672088623047
Coffee,5,2,7,5,KNN,Scaling,5,{'sigma': 0.5},0.63,0.6337003684679328,"{'algorithm': 'auto', 'leaf_size': 30, 'metric': 'minkowski', 'metric_params': None, 'n_jobs': None, 'n_neighbors': np.int64(5), 'p': 3, 'weights': 'distance'}",0.037110090255737305
Coffee,5,2,7,5,RandomForest,Scaling,5,{'sigma': 0.5},0.6133333333333333,0.6189324097033068,"{'bootstrap': True, 'ccp_alpha': 0.0, 'class_weight': 'balanced', 'criterion': 'gini', 'max_depth': None, 'max_features': 'sqrt', 'max_leaf_nodes': None, 'max_samples': None, 'min_impurity_decrease': 0.0, 'min_samples_leaf': 2, 'min_samples_split': 2, 'min_weight_fraction_leaf': 0.0, 'monotonic_cst': None, 'n_estimators': 150, 'n_jobs': None, 'oob_score': False, 'random_state': 42, 'verbose': 0, 'warm_start': False}",0.6482143402099609
Coffee,5,2,7,5,LinearSVC,Scaling,5,{'sigma': 0.5},0.3933333333333333,0.36877654992127856,"{'C': np.float64(0.08858667904100823), 'class_weight': None, 'dual': False, 'fit_intercept': False, 'intercept_scaling': 1, 'loss': 'squared_hinge', 'max_iter': 100, 'multi_class': 'ovr', 'penalty': 'l1', 'random_state': 42, 'tol': 0.0001, 'verbose': 0}",0.015194892883300781
Coffee,5,2,7,5,LogisticRegression,Scaling,5,{'sigma': 0.5},0.5,0.519513300391958,"{'C': np.float64(0.0001), 'class_weight': None, 'dual': False, 'fit_intercept': False, 'intercept_scaling': 1, 'l1_ratio': None, 'max_iter': 100, 'multi_class': 'deprecated', 'n_jobs': None, 'penalty': 'l2', 'random_state': 42, 'solver': 'sag', 'tol': 0.0001, 'verbose': 0, 'warm_start': False}",0.010207414627075195
Coffee,5,2,7,5,KNN,Scaling,6,{'sigma': 0.1},0.6416666666666667,0.6442816442816443,"{'algorithm': 'auto', 'leaf_size': 30, 'metric': 'minkowski', 'metric_params': None, 'n_jobs': None, 'n_neighbors': np.int64(13), 'p': 4, 'weights': 'distance'}",0.04072451591491699
Coffee,5,2,7,5,RandomForest,Scaling,6,{'sigma': 0.1},0.5833333333333334,0.5898986931595628,"{'bootstrap': True, 'ccp_alpha': 0.0, 'class_weight': 'balanced', 'criterion': 'gini', 'max_depth': None, 'max_features': 'sqrt', 'max_leaf_nodes': None, 'max_samples': None, 'min_impurity_decrease': 0.0, 'min_samples_leaf': 1, 'min_samples_split': 2, 'min_weight_fraction_leaf': 0.0, 'monotonic_cst': None, 'n_estimators': 50, 'n_jobs': None, 'oob_score': False, 'random_state': 42, 'verbose': 0, 'warm_start': False}",0.186309814453125
Coffee,5,2,7,5,LinearSVC,Scaling,6,{'sigma': 0.1},0.6433333333333333,0.6412511129189347,"{'C': np.float64(1000.0), 'class_weight': 'balanced', 'dual': False, 'fit_intercept': True, 'intercept_scaling': 1, 'loss': 'squared_hinge', 'max_iter': 100, 'multi_class': 'ovr', 'penalty': 'l2', 'random_state': 42, 'tol': 0.001, 'verbose': 0}",0.008718252182006836
Coffee,5,2,7,5,LogisticRegression,Scaling,6,{'sigma': 0.1},0.6666666666666666,0.6668475204451481,"{'C': np.float64(1000.0), 'class_weight': 'balanced', 'dual': False, 'fit_intercept': True, 'intercept_scaling': 1, 'l1_ratio': None, 'max_iter': 100, 'multi_class': 'deprecated', 'n_jobs': None, 'penalty': 'l2', 'random_state': 42, 'solver': 'sag', 'tol': 0.0001, 'verbose': 0, 'warm_start': False}",0.06181693077087402
Coffee,5,2,7,5,KNN,Scaling,7,{'sigma': 0.3},0.6266666666666667,0.6309350679743337,"{'algorithm': 'auto', 'leaf_size': 30, 'metric': 'euclidean', 'metric_params': None, 'n_jobs': None, 'n_neighbors': np.int64(15), 'p': 2, 'weights': 'distance'}",0.012057781219482422
Coffee,5,2,7,5,RandomForest,Scaling,7,{'sigma': 0.3},0.6516666666666666,0.653891435173777,"{'bootstrap': True, 'ccp_alpha': 0.0, 'class_weight': None, 'criterion': 'gini', 'max_depth': None, 'max_features': 'sqrt', 'max_leaf_nodes': None, 'max_samples': None, 'min_impurity_decrease': 0.0, 'min_samples_leaf': 4, 'min_samples_split': 10, 'min_weight_fraction_leaf': 0.0, 'monotonic_cst': None, 'n_estimators': 50, 'n_jobs': None, 'oob_score': False, 'random_state': 42, 'verbose': 0, 'warm_start': False}",0.19269776344299316
Coffee,5,2,7,5,LinearSVC,Scaling,7,{'sigma': 0.3},0.5833333333333334,0.5847086270327128,"{'C': np.float64(33.59818286283781), 'class_weight': 'balanced', 'dual': False, 'fit_intercept': True, 'intercept_scaling': 1, 'loss': 'squared_hinge', 'max_iter': 100, 'multi_class': 'ovr', 'penalty': 'l1', 'random_state': 42, 'tol': 0.001, 'verbose': 0}",0.019407987594604492
Coffee,5,2,7,5,LogisticRegression,Scaling,7,{'sigma': 0.3},0.6383333333333333,0.6402982105438138,"{'C': np.float64(1000.0), 'class_weight': 'balanced', 'dual': False, 'fit_intercept': True, 'intercept_scaling': 1, 'l1_ratio': None, 'max_iter': 100, 'multi_class': 'deprecated', 'n_jobs': None, 'penalty': 'l2', 'random_state': 42, 'solver': 'sag', 'tol': 0.0001, 'verbose': 0, 'warm_start': False}",0.07967710494995117
Coffee,5,2,7,5,KNN,Scaling,8,{'sigma': 0.1},0.6433333333333333,0.6457854780934714,"{'algorithm': 'auto', 'leaf_size': 30, 'metric': 'minkowski', 'metric_params': None, 'n_jobs': None, 'n_neighbors': np.int64(13), 'p': 4, 'weights': 'distance'}",0.040560245513916016
Coffee,5,2,7,5,RandomForest,Scaling,8,{'sigma': 0.1},0.6416666666666667,0.6417405301010571,"{'bootstrap': True, 'ccp_alpha': 0.0, 'class_weight': 'balanced', 'criterion': 'gini', 'max_depth': None, 'max_features': 'sqrt', 'max_leaf_nodes': None, 'max_samples': None, 'min_impurity_decrease': 0.0, 'min_samples_leaf': 1, 'min_samples_split': 2, 'min_weight_fraction_leaf': 0.0, 'monotonic_cst': None, 'n_estimators': 50, 'n_jobs': None, 'oob_score': False, 'random_state': 42, 'verbose': 0, 'warm_start': False}",0.19690465927124023
Coffee,5,2,7,5,LinearSVC,Scaling,8,{'sigma': 0.1},0.5183333333333333,0.5013821131782625,"{'C': np.float64(1000.0), 'class_weight': 'balanced', 'dual': False, 'fit_intercept': True, 'intercept_scaling': 1, 'loss': 'squared_hinge', 'max_iter': 100, 'multi_class': 'ovr', 'penalty': 'l2', 'random_state': 42, 'tol': 0.001, 'verbose': 0}",0.0075185298919677734
Coffee,5,2,7,5,LogisticRegression,Scaling,8,{'sigma': 0.1},0.66,0.6598351583657129,"{'C': np.float64(33.59818286283781), 'class_weight': None, 'dual': False, 'fit_intercept': True, 'intercept_scaling': 1, 'l1_ratio': None, 'max_iter': 100, 'multi_class': 'deprecated', 'n_jobs': None, 'penalty': 'l2', 'random_state': 42, 'solver': 'saga', 'tol': 0.0001, 'verbose': 0, 'warm_start': False}",0.07305622100830078
Coffee,5,2,7,5,KNN,Scaling,9,{'sigma': 0.3},0.6383333333333333,0.6414770148479543,"{'algorithm': 'auto', 'leaf_size': 30, 'metric': 'euclidean', 'metric_params': None, 'n_jobs': None, 'n_neighbors': np.int64(15), 'p': 2, 'weights': 'distance'}",0.01217031478881836
Coffee,5,2,7,5,RandomForest,Scaling,9,{'sigma': 0.3},0.6233333333333333,0.6304641981831257,"{'bootstrap': True, 'ccp_alpha': 0.0, 'class_weight': None, 'criterion': 'gini', 'max_depth': None, 'max_features': 'sqrt', 'max_leaf_nodes': None, 'max_samples': None, 'min_impurity_decrease': 0.0, 'min_samples_leaf': 4, 'min_samples_split': 2, 'min_weight_fraction_leaf': 0.0, 'monotonic_cst': None, 'n_estimators': 50, 'n_jobs': None, 'oob_score': False, 'random_state': 42, 'verbose': 0, 'warm_start': False}",0.18773102760314941
Coffee,5,2,7,5,LinearSVC,Scaling,9,{'sigma': 0.3},0.5766666666666667,0.5702062761427747,"{'C': np.float64(33.59818286283781), 'class_weight': None, 'dual': False, 'fit_intercept': True, 'intercept_scaling': 1, 'loss': 'squared_hinge', 'max_iter': 100, 'multi_class': 'ovr', 'penalty': 'l1', 'random_state': 42, 'tol': 0.001, 'verbose': 0}",0.016817331314086914
Coffee,5,2,7,5,LogisticRegression,Scaling,9,{'sigma': 0.3},0.6333333333333333,0.6326512510687561,"{'C': np.float64(2.6366508987303554), 'class_weight': 'balanced', 'dual': False, 'fit_intercept': True, 'intercept_scaling': 1, 'l1_ratio': None, 'max_iter': 100, 'multi_class': 'deprecated', 'n_jobs': None, 'penalty': 'l1', 'random_state': 42, 'solver': 'saga', 'tol': 0.0001, 'verbose': 0, 'warm_start': False}",0.11076879501342773
Coffee,5,2,7,5,KNN,Scaling,10,{'sigma': 0.5},0.6466666666666666,0.6494098494098495,"{'algorithm': 'auto', 'leaf_size': 30, 'metric': 'minkowski', 'metric_params': None, 'n_jobs': None, 'n_neighbors': np.int64(13), 'p': 4, 'weights': 'distance'}",0.052277326583862305
Coffee,5,2,7,5,RandomForest,Scaling,10,{'sigma': 0.5},0.625,0.6239918837006215,"{'bootstrap': True, 'ccp_alpha': 0.0, 'class_weight': None, 'criterion': 'gini', 'max_depth': None, 'max_features': 'sqrt', 'max_leaf_nodes': None, 'max_samples': None, 'min_impurity_decrease': 0.0, 'min_samples_leaf': 4, 'min_samples_split': 2, 'min_weight_fraction_leaf': 0.0, 'monotonic_cst': None, 'n_estimators': 50, 'n_jobs': None, 'oob_score': False, 'random_state': 42, 'verbose': 0, 'warm_start': False}",0.22113776206970215
Coffee,5,2,7,5,LinearSVC,Scaling,10,{'sigma': 0.5},0.49,0.47970416236670105,"{'C': np.float64(183.29807108324337), 'class_weight': 'balanced', 'dual': False, 'fit_intercept': True, 'intercept_scaling': 1, 'loss': 'squared_hinge', 'max_iter': 100, 'multi_class': 'ovr', 'penalty': 'l1', 'random_state': 42, 'tol': 0.0001, 'verbose': 0}",0.013860225677490234
Coffee,5,2,7,5,LogisticRegression,Scaling,10,{'sigma': 0.5},0.5116666666666667,0.5146234058099936,"{'C': np.float64(33.59818286283781), 'class_weight': 'balanced', 'dual': False, 'fit_intercept': True, 'intercept_scaling': 1, 'l1_ratio': None, 'max_iter': 100, 'multi_class': 'deprecated', 'n_jobs': None, 'penalty': 'l1', 'random_state': 42, 'solver': 'saga', 'tol': 0.0001, 'verbose': 0, 'warm_start': False}",0.11008620262145996
Coffee,5,2,7,10,KNN,Scaling,1,{'sigma': 0.1},0.6266666666666667,0.6306584362139918,"{'algorithm': 'auto', 'leaf_size': 30, 'metric': 'minkowski', 'metric_params': None, 'n_jobs': None, 'n_neighbors': 5, 'p': 2, 'weights': 'uniform'}",0.038956642150878906
Coffee,5,2,7,10,RandomForest,Scaling,1,{'sigma': 0.1},0.6533333333333333,0.6547716547716548,"{'bootstrap': True, 'ccp_alpha': 0.0, 'class_weight': None, 'criterion': 'gini', 'max_depth': None, 'max_features': 'sqrt', 'max_leaf_nodes': None, 'max_samples': None, 'min_impurity_decrease': 0.0, 'min_samples_leaf': 1, 'min_samples_split': 2, 'min_weight_fraction_leaf': 0.0, 'monotonic_cst': None, 'n_estimators': 100, 'n_jobs': None, 'oob_score': False, 'random_state': 42, 'verbose': 0, 'warm_start': False}",0.7277874946594238
Coffee,5,2,7,10,LinearSVC,Scaling,1,{'sigma': 0.1},0.5516666666666666,0.5388357900437974,"{'C': 1.0, 'class_weight': None, 'dual': False, 'fit_intercept': True, 'intercept_scaling': 1, 'loss': 'squared_hinge', 'max_iter': 100, 'multi_class': 'ovr', 'penalty': 'l2', 'random_state': 42, 'tol': 0.0001, 'verbose': 0}",0.017077922821044922
Coffee,5,2,7,10,LogisticRegression,Scaling,1,{'sigma': 0.1},0.6666666666666666,0.6668475204451481,"{'C': 1.0, 'class_weight': None, 'dual': False, 'fit_intercept': True, 'intercept_scaling': 1, 'l1_ratio': None, 'max_iter': 100, 'multi_class': 'deprecated', 'n_jobs': None, 'penalty': 'l2', 'random_state': 42, 'solver': 'lbfgs', 'tol': 0.0001, 'verbose': 0, 'warm_start': False}",0.0548858642578125
Coffee,5,2,7,10,KNN,Scaling,2,{'sigma': 0.5},0.6033333333333334,0.6090977793687894,"{'algorithm': 'auto', 'leaf_size': 30, 'metric': 'minkowski', 'metric_params': None, 'n_jobs': None, 'n_neighbors': 5, 'p': 2, 'weights': 'uniform'}",0.046452999114990234
Coffee,5,2,7,10,RandomForest,Scaling,2,{'sigma': 0.5},0.685,0.6828979915190619,"{'bootstrap': True, 'ccp_alpha': 0.0, 'class_weight': None, 'criterion': 'gini', 'max_depth': None, 'max_features': 'sqrt', 'max_leaf_nodes': None, 'max_samples': None, 'min_impurity_decrease': 0.0, 'min_samples_leaf': 1, 'min_samples_split': 2, 'min_weight_fraction_leaf': 0.0, 'monotonic_cst': None, 'n_estimators': 100, 'n_jobs': None, 'oob_score': False, 'random_state': 42, 'verbose': 0, 'warm_start': False}",0.8342642784118652
Coffee,5,2,7,10,LinearSVC,Scaling,2,{'sigma': 0.5},0.5933333333333334,0.6259130303629797,"{'C': 1.0, 'class_weight': None, 'dual': False, 'fit_intercept': True, 'intercept_scaling': 1, 'loss': 'squared_hinge', 'max_iter': 100, 'multi_class': 'ovr', 'penalty': 'l2', 'random_state': 42, 'tol': 0.0001, 'verbose': 0}",0.011979341506958008
Coffee,5,2,7,10,LogisticRegression,Scaling,2,{'sigma': 0.5},0.6633333333333333,0.6986959927332455,"{'C': 1.0, 'class_weight': None, 'dual': False, 'fit_intercept': True, 'intercept_scaling': 1, 'l1_ratio': None, 'max_iter': 100, 'multi_class': 'deprecated', 'n_jobs': None, 'penalty': 'l2', 'random_state': 42, 'solver': 'lbfgs', 'tol': 0.0001, 'verbose': 0, 'warm_start': False}",0.054990530014038086
Coffee,5,2,7,10,KNN,Scaling,3,{'sigma': 0.3},0.6233333333333333,0.628044042678189,"{'algorithm': 'auto', 'leaf_size': 30, 'metric': 'minkowski', 'metric_params': None, 'n_jobs': None, 'n_neighbors': 5, 'p': 2, 'weights': 'uniform'}",0.030757904052734375
Coffee,5,2,7,10,RandomForest,Scaling,3,{'sigma': 0.3},0.6666666666666666,0.6668475204451481,"{'bootstrap': True, 'ccp_alpha': 0.0, 'class_weight': None, 'criterion': 'gini', 'max_depth': None, 'max_features': 'sqrt', 'max_leaf_nodes': None, 'max_samples': None, 'min_impurity_decrease': 0.0, 'min_samples_leaf': 1, 'min_samples_split': 2, 'min_weight_fraction_leaf': 0.0, 'monotonic_cst': None, 'n_estimators': 100, 'n_jobs': None, 'oob_score': False, 'random_state': 42, 'verbose': 0, 'warm_start': False}",0.6965017318725586
Coffee,5,2,7,10,LinearSVC,Scaling,3,{'sigma': 0.3},0.5816666666666667,0.5781756120946724,"{'C': 1.0, 'class_weight': None, 'dual': False, 'fit_intercept': True, 'intercept_scaling': 1, 'loss': 'squared_hinge', 'max_iter': 100, 'multi_class': 'ovr', 'penalty': 'l2', 'random_state': 42, 'tol': 0.0001, 'verbose': 0}",0.012685775756835938
Coffee,5,2,7,10,LogisticRegression,Scaling,3,{'sigma': 0.3},0.5633333333333334,0.5750560171516054,"{'C': 1.0, 'class_weight': None, 'dual': False, 'fit_intercept': True, 'intercept_scaling': 1, 'l1_ratio': None, 'max_iter': 100, 'multi_class': 'deprecated', 'n_jobs': None, 'penalty': 'l2', 'random_state': 42, 'solver': 'lbfgs', 'tol': 0.0001, 'verbose': 0, 'warm_start': False}",0.1343076229095459
Coffee,5,2,7,10,KNN,Scaling,4,{'sigma': 0.2},0.6416666666666667,0.6442816442816443,"{'algorithm': 'auto', 'leaf_size': 30, 'metric': 'minkowski', 'metric_params': None, 'n_jobs': None, 'n_neighbors': 5, 'p': 2, 'weights': 'uniform'}",0.04213428497314453
Coffee,5,2,7,10,RandomForest,Scaling,4,{'sigma': 0.2},0.6633333333333333,0.663701177090178,"{'bootstrap': True, 'ccp_alpha': 0.0, 'class_weight': None, 'criterion': 'gini', 'max_depth': None, 'max_features': 'sqrt', 'max_leaf_nodes': None, 'max_samples': None, 'min_impurity_decrease': 0.0, 'min_samples_leaf': 1, 'min_samples_split': 2, 'min_weight_fraction_leaf': 0.0, 'monotonic_cst': None, 'n_estimators': 100, 'n_jobs': None, 'oob_score': False, 'random_state': 42, 'verbose': 0, 'warm_start': False}",0.8212409019470215
Coffee,5,2,7,10,LinearSVC,Scaling,4,{'sigma': 0.2},0.5316666666666666,0.5168787345448658,"{'C': 1.0, 'class_weight': None, 'dual': False, 'fit_intercept': True, 'intercept_scaling': 1, 'loss': 'squared_hinge', 'max_iter': 100, 'multi_class': 'ovr', 'penalty': 'l2', 'random_state': 42, 'tol': 0.0001, 'verbose': 0}",0.016713857650756836
Coffee,5,2,7,10,LogisticRegression,Scaling,4,{'sigma': 0.2},0.62,0.6159457083577878,"{'C': 1.0, 'class_weight': None, 'dual': False, 'fit_intercept': True, 'intercept_scaling': 1, 'l1_ratio': None, 'max_iter': 100, 'multi_class': 'deprecated', 'n_jobs': None, 'penalty': 'l2', 'random_state': 42, 'solver': 'lbfgs', 'tol': 0.0001, 'verbose': 0, 'warm_start': False}",0.13259458541870117
Coffee,5,2,7,10,KNN,Scaling,5,{'sigma': 0.5},0.6266666666666667,0.6322823340137768,"{'algorithm': 'auto', 'leaf_size': 30, 'metric': 'minkowski', 'metric_params': None, 'n_jobs': None, 'n_neighbors': 5, 'p': 2, 'weights': 'uniform'}",0.044083356857299805
Coffee,5,2,7,10,RandomForest,Scaling,5,{'sigma': 0.5},0.63,0.6337003684679328,"{'bootstrap': True, 'ccp_alpha': 0.0, 'class_weight': None, 'criterion': 'gini', 'max_depth': None, 'max_features': 'sqrt', 'max_leaf_nodes': None, 'max_samples': None, 'min_impurity_decrease': 0.0, 'min_samples_leaf': 1, 'min_samples_split': 2, 'min_weight_fraction_leaf': 0.0, 'monotonic_cst': None, 'n_estimators': 100, 'n_jobs': None, 'oob_score': False, 'random_state': 42, 'verbose': 0, 'warm_start': False}",0.93888258934021
Coffee,5,2,7,10,LinearSVC,Scaling,5,{'sigma': 0.5},0.4633333333333333,0.47223906601694676,"{'C': 1.0, 'class_weight': None, 'dual': False, 'fit_intercept': True, 'intercept_scaling': 1, 'loss': 'squared_hinge', 'max_iter': 100, 'multi_class': 'ovr', 'penalty': 'l2', 'random_state': 42, 'tol': 0.0001, 'verbose': 0}",0.01540231704711914
Coffee,5,2,7,10,LogisticRegression,Scaling,5,{'sigma': 0.5},0.55,0.5719124442623095,"{'C': 1.0, 'class_weight': None, 'dual': False, 'fit_intercept': True, 'intercept_scaling': 1, 'l1_ratio': None, 'max_iter': 100, 'multi_class': 'deprecated', 'n_jobs': None, 'penalty': 'l2', 'random_state': 42, 'solver': 'lbfgs', 'tol': 0.0001, 'verbose': 0, 'warm_start': False}",0.04224824905395508
Coffee,5,2,7,10,KNN,Scaling,6,{'sigma': 0.1},0.6266666666666667,0.6306584362139918,"{'algorithm': 'auto', 'leaf_size': 30, 'metric': 'minkowski', 'metric_params': None, 'n_jobs': None, 'n_neighbors': 5, 'p': 2, 'weights': 'uniform'}",0.03867602348327637
Coffee,5,2,7,10,RandomForest,Scaling,6,{'sigma': 0.1},0.6283333333333333,0.6270756724617366,"{'bootstrap': True, 'ccp_alpha': 0.0, 'class_weight': None, 'criterion': 'gini', 'max_depth': None, 'max_features': 'sqrt', 'max_leaf_nodes': None, 'max_samples': None, 'min_impurity_decrease': 0.0, 'min_samples_leaf': 1, 'min_samples_split': 2, 'min_weight_fraction_leaf': 0.0, 'monotonic_cst': None, 'n_estimators': 100, 'n_jobs': None, 'oob_score': False, 'random_state': 42, 'verbose': 0, 'warm_start': False}",0.6484272480010986
Coffee,5,2,7,10,LinearSVC,Scaling,6,{'sigma': 0.1},0.5866666666666667,0.5769570490831643,"{'C': 1.0, 'class_weight': None, 'dual': False, 'fit_intercept': True, 'intercept_scaling': 1, 'loss': 'squared_hinge', 'max_iter': 100, 'multi_class': 'ovr', 'penalty': 'l2', 'random_state': 42, 'tol': 0.0001, 'verbose': 0}",0.012108325958251953
Coffee,5,2,7,10,LogisticRegression,Scaling,6,{'sigma': 0.1},0.675,0.6744011135807457,"{'C': 1.0, 'class_weight': None, 'dual': False, 'fit_intercept': True, 'intercept_scaling': 1, 'l1_ratio': None, 'max_iter': 100, 'multi_class': 'deprecated', 'n_jobs': None, 'penalty': 'l2', 'random_state': 42, 'solver': 'lbfgs', 'tol': 0.0001, 'verbose': 0, 'warm_start': False}",0.042305707931518555
Coffee,5,2,7,10,KNN,Scaling,7,{'sigma': 0.3},0.6216666666666667,0.626078742174616,"{'algorithm': 'auto', 'leaf_size': 30, 'metric': 'minkowski', 'metric_params': None, 'n_jobs': None, 'n_neighbors': 5, 'p': 2, 'weights': 'uniform'}",0.031357765197753906
Coffee,5,2,7,10,RandomForest,Scaling,7,{'sigma': 0.3},0.665,0.6624752392699248,"{'bootstrap': True, 'ccp_alpha': 0.0, 'class_weight': None, 'criterion': 'gini', 'max_depth': None, 'max_features': 'sqrt', 'max_leaf_nodes': None, 'max_samples': None, 'min_impurity_decrease': 0.0, 'min_samples_leaf': 1, 'min_samples_split': 2, 'min_weight_fraction_leaf': 0.0, 'monotonic_cst': None, 'n_estimators': 100, 'n_jobs': None, 'oob_score': False, 'random_state': 42, 'verbose': 0, 'warm_start': False}",0.7060086727142334
Coffee,5,2,7,10,LinearSVC,Scaling,7,{'sigma': 0.3},0.6133333333333333,0.6321539342367616,"{'C': 1.0, 'class_weight': None, 'dual': False, 'fit_intercept': True, 'intercept_scaling': 1, 'loss': 'squared_hinge', 'max_iter': 100, 'multi_class': 'ovr', 'penalty': 'l2', 'random_state': 42, 'tol': 0.0001, 'verbose': 0}",0.015215635299682617
Coffee,5,2,7,10,LogisticRegression,Scaling,7,{'sigma': 0.3},0.6433333333333333,0.6654663023292272,"{'C': 1.0, 'class_weight': None, 'dual': False, 'fit_intercept': True, 'intercept_scaling': 1, 'l1_ratio': None, 'max_iter': 100, 'multi_class': 'deprecated', 'n_jobs': None, 'penalty': 'l2', 'random_state': 42, 'solver': 'lbfgs', 'tol': 0.0001, 'verbose': 0, 'warm_start': False}",0.049002647399902344
Coffee,5,2,7,10,KNN,Scaling,8,{'sigma': 0.1},0.635,0.6382472718160295,"{'algorithm': 'auto', 'leaf_size': 30, 'metric': 'minkowski', 'metric_params': None, 'n_jobs': None, 'n_neighbors': 5, 'p': 2, 'weights': 'uniform'}",0.04146170616149902
Coffee,5,2,7,10,RandomForest,Scaling,8,{'sigma': 0.1},0.6183333333333333,0.6230139507704063,"{'bootstrap': True, 'ccp_alpha': 0.0, 'class_weight': None, 'criterion': 'gini', 'max_depth': None, 'max_features': 'sqrt', 'max_leaf_nodes': None, 'max_samples': None, 'min_impurity_decrease': 0.0, 'min_samples_leaf': 1, 'min_samples_split': 2, 'min_weight_fraction_leaf': 0.0, 'monotonic_cst': None, 'n_estimators': 100, 'n_jobs': None, 'oob_score': False, 'random_state': 42, 'verbose': 0, 'warm_start': False}",0.6999492645263672
Coffee,5,2,7,10,LinearSVC,Scaling,8,{'sigma': 0.1},0.5616666666666666,0.5509466976027217,"{'C': 1.0, 'class_weight': None, 'dual': False, 'fit_intercept': True, 'intercept_scaling': 1, 'loss': 'squared_hinge', 'max_iter': 100, 'multi_class': 'ovr', 'penalty': 'l2', 'random_state': 42, 'tol': 0.0001, 'verbose': 0}",0.017226219177246094
Coffee,5,2,7,10,LogisticRegression,Scaling,8,{'sigma': 0.1},0.6533333333333333,0.6523139325152747,"{'C': 1.0, 'class_weight': None, 'dual': False, 'fit_intercept': True, 'intercept_scaling': 1, 'l1_ratio': None, 'max_iter': 100, 'multi_class': 'deprecated', 'n_jobs': None, 'penalty': 'l2', 'random_state': 42, 'solver': 'lbfgs', 'tol': 0.0001, 'verbose': 0, 'warm_start': False}",0.061449289321899414
Coffee,5,2,7,10,KNN,Scaling,9,{'sigma': 0.3},0.6366666666666667,0.639758801789535,"{'algorithm': 'auto', 'leaf_size': 30, 'metric': 'minkowski', 'metric_params': None, 'n_jobs': None, 'n_neighbors': 5, 'p': 2, 'weights': 'uniform'}",0.04174351692199707
Coffee,5,2,7,10,RandomForest,Scaling,9,{'sigma': 0.3},0.6666666666666666,0.6655887811003321,"{'bootstrap': True, 'ccp_alpha': 0.0, 'class_weight': None, 'criterion': 'gini', 'max_depth': None, 'max_features': 'sqrt', 'max_leaf_nodes': None, 'max_samples': None, 'min_impurity_decrease': 0.0, 'min_samples_leaf': 1, 'min_samples_split': 2, 'min_weight_fraction_leaf': 0.0, 'monotonic_cst': None, 'n_estimators': 100, 'n_jobs': None, 'oob_score': False, 'random_state': 42, 'verbose': 0, 'warm_start': False}",0.7602407932281494
Coffee,5,2,7,10,LinearSVC,Scaling,9,{'sigma': 0.3},0.53,0.5233349153429084,"{'C': 1.0, 'class_weight': None, 'dual': False, 'fit_intercept': True, 'intercept_scaling': 1, 'loss': 'squared_hinge', 'max_iter': 100, 'multi_class': 'ovr', 'penalty': 'l2', 'random_state': 42, 'tol': 0.0001, 'verbose': 0}",0.01401972770690918
Coffee,5,2,7,10,LogisticRegression,Scaling,9,{'sigma': 0.3},0.625,0.6250655375653329,"{'C': 1.0, 'class_weight': None, 'dual': False, 'fit_intercept': True, 'intercept_scaling': 1, 'l1_ratio': None, 'max_iter': 100, 'multi_class': 'deprecated', 'n_jobs': None, 'penalty': 'l2', 'random_state': 42, 'solver': 'lbfgs', 'tol': 0.0001, 'verbose': 0, 'warm_start': False}",0.04416608810424805
Coffee,5,2,7,10,KNN,Scaling,10,{'sigma': 0.5},0.6216666666666667,0.6263693794128576,"{'algorithm': 'auto', 'leaf_size': 30, 'metric': 'minkowski', 'metric_params': None, 'n_jobs': None, 'n_neighbors': 5, 'p': 2, 'weights': 'uniform'}",0.03596043586730957
Coffee,5,2,7,10,RandomForest,Scaling,10,{'sigma': 0.5},0.655,0.6548320876027183,"{'bootstrap': True, 'ccp_alpha': 0.0, 'class_weight': None, 'criterion': 'gini', 'max_depth': None, 'max_features': 'sqrt', 'max_leaf_nodes': None, 'max_samples': None, 'min_impurity_decrease': 0.0, 'min_samples_leaf': 1, 'min_samples_split': 2, 'min_weight_fraction_leaf': 0.0, 'monotonic_cst': None, 'n_estimators': 100, 'n_jobs': None, 'oob_score': False, 'random_state': 42, 'verbose': 0, 'warm_start': False}",0.8405587673187256
Coffee,5,2,7,10,LinearSVC,Scaling,10,{'sigma': 0.5},0.585,0.6135289936870271,"{'C': 1.0, 'class_weight': None, 'dual': False, 'fit_intercept': True, 'intercept_scaling': 1, 'loss': 'squared_hinge', 'max_iter': 100, 'multi_class': 'ovr', 'penalty': 'l2', 'random_state': 42, 'tol': 0.0001, 'verbose': 0}",0.014333248138427734
Coffee,5,2,7,10,LogisticRegression,Scaling,10,{'sigma': 0.5},0.645,0.6763410243792091,"{'C': 1.0, 'class_weight': None, 'dual': False, 'fit_intercept': True, 'intercept_scaling': 1, 'l1_ratio': None, 'max_iter': 100, 'multi_class': 'deprecated', 'n_jobs': None, 'penalty': 'l2', 'random_state': 42, 'solver': 'lbfgs', 'tol': 0.0001, 'verbose': 0, 'warm_start': False}",0.049655914306640625
Coffee,5,2,8,1,KNN,Baseline,N/A,N/A,0.66,0.6550263159033756,"{'algorithm': 'auto', 'leaf_size': 30, 'metric': 'minkowski', 'metric_params': None, 'n_jobs': None, 'n_neighbors': 5, 'p': 2, 'weights': 'uniform'}",0.0294649600982666
Coffee,5,2,8,1,KNN,Tuned_Baseline,N/A,N/A,0.6633333333333333,0.658136238259389,"{'algorithm': 'auto', 'leaf_size': 30, 'metric': 'minkowski', 'metric_params': None, 'n_jobs': None, 'n_neighbors': np.int64(5), 'p': 3, 'weights': 'distance'}",0.01478886604309082
Coffee,5,2,8,1,RandomForest,Baseline,N/A,N/A,0.63,0.6184965184342718,"{'bootstrap': True, 'ccp_alpha': 0.0, 'class_weight': None, 'criterion': 'gini', 'max_depth': None, 'max_features': 'sqrt', 'max_leaf_nodes': None, 'max_samples': None, 'min_impurity_decrease': 0.0, 'min_samples_leaf': 1, 'min_samples_split': 2, 'min_weight_fraction_leaf': 0.0, 'monotonic_cst': None, 'n_estimators': 100, 'n_jobs': None, 'oob_score': False, 'random_state': 42, 'verbose': 0, 'warm_start': False}",0.18822073936462402
Coffee,5,2,8,1,RandomForest,Tuned_Baseline,N/A,N/A,0.63,0.6186478934048841,"{'bootstrap': True, 'ccp_alpha': 0.0, 'class_weight': None, 'criterion': 'gini', 'max_depth': None, 'max_features': 'sqrt', 'max_leaf_nodes': None, 'max_samples': None, 'min_impurity_decrease': 0.0, 'min_samples_leaf': 4, 'min_samples_split': 10, 'min_weight_fraction_leaf': 0.0, 'monotonic_cst': None, 'n_estimators': 50, 'n_jobs': None, 'oob_score': False, 'random_state': 42, 'verbose': 0, 'warm_start': False}",0.002887725830078125
Coffee,5,2,8,1,LinearSVC,Baseline,N/A,N/A,0.7116666666666667,0.7074391438014974,"{'C': 1.0, 'class_weight': None, 'dual': False, 'fit_intercept': True, 'intercept_scaling': 1, 'loss': 'squared_hinge', 'max_iter': 100, 'multi_class': 'ovr', 'penalty': 'l2', 'random_state': 42, 'tol': 0.0001, 'verbose': 0}",0.002458333969116211
Coffee,5,2,8,1,LinearSVC,Tuned_Baseline,N/A,N/A,0.7283333333333334,0.7164915948102359,"{'C': np.float64(1000.0), 'class_weight': 'balanced', 'dual': False, 'fit_intercept': True, 'intercept_scaling': 1, 'loss': 'squared_hinge', 'max_iter': 100, 'multi_class': 'ovr', 'penalty': 'l2', 'random_state': 42, 'tol': 0.001, 'verbose': 0}",0.0005099773406982422
Coffee,5,2,8,1,LogisticRegression,Baseline,N/A,N/A,0.7433333333333333,0.7357955373645146,"{'C': 1.0, 'class_weight': None, 'dual': False, 'fit_intercept': True, 'intercept_scaling': 1, 'l1_ratio': None, 'max_iter': 100, 'multi_class': 'deprecated', 'n_jobs': None, 'penalty': 'l2', 'random_state': 42, 'solver': 'lbfgs', 'tol': 0.0001, 'verbose': 0, 'warm_start': False}",0.07913565635681152
Coffee,5,2,8,1,LogisticRegression,Tuned_Baseline,N/A,N/A,0.3333333333333333,0.16666666666666666,"{'C': np.float64(0.00023357214690901212), 'class_weight': None, 'dual': False, 'fit_intercept': True, 'intercept_scaling': 1, 'l1_ratio': None, 'max_iter': 100, 'multi_class': 'deprecated', 'n_jobs': None, 'penalty': 'l1', 'random_state': 42, 'solver': 'saga', 'tol': 0.0001, 'verbose': 0, 'warm_start': False}",0.000244140625
Coffee,5,2,8,1,RNN,Tuned_Baseline,N/A,N/A,0.16666666666666666,0.047619047619047616,"{'hidden_size': 64, 'epochs': 10, 'batch_size': 32, 'lr': 0.001}",2.2172927856445312e-05
Coffee,5,2,8,2,KNN,Scaling,1,{'sigma': 0.1},0.6633333333333333,0.657873683119125,"{'algorithm': 'auto', 'leaf_size': 30, 'metric': 'euclidean', 'metric_params': None, 'n_jobs': None, 'n_neighbors': np.int64(9), 'p': 2, 'weights': 'distance'}",0.009225606918334961
Coffee,5,2,8,2,RandomForest,Scaling,1,{'sigma': 0.1},0.6283333333333333,0.6183725353206023,"{'bootstrap': True, 'ccp_alpha': 0.0, 'class_weight': 'balanced', 'criterion': 'gini', 'max_depth': 30, 'max_features': 'sqrt', 'max_leaf_nodes': None, 'max_samples': None, 'min_impurity_decrease': 0.0, 'min_samples_leaf': 1, 'min_samples_split': 2, 'min_weight_fraction_leaf': 0.0, 'monotonic_cst': None, 'n_estimators': 150, 'n_jobs': None, 'oob_score': False, 'random_state': 42, 'verbose': 0, 'warm_start': False}",0.29448676109313965
Coffee,5,2,8,2,LinearSVC,Scaling,1,{'sigma': 0.1},0.71,0.705942150313509,"{'C': np.float64(183.29807108324337), 'class_weight': None, 'dual': False, 'fit_intercept': True, 'intercept_scaling': 1, 'loss': 'squared_hinge', 'max_iter': 100, 'multi_class': 'ovr', 'penalty': 'l1', 'random_state': 42, 'tol': 0.001, 'verbose': 0}",0.014393806457519531
Coffee,5,2,8,2,LogisticRegression,Scaling,1,{'sigma': 0.1},0.71,0.705942150313509,"{'C': np.float64(33.59818286283781), 'class_weight': 'balanced', 'dual': False, 'fit_intercept': True, 'intercept_scaling': 1, 'l1_ratio': None, 'max_iter': 100, 'multi_class': 'deprecated', 'n_jobs': None, 'penalty': 'l2', 'random_state': 42, 'solver': 'saga', 'tol': 0.0001, 'verbose': 0, 'warm_start': False}",0.03458905220031738
Coffee,5,2,8,2,KNN,Scaling,2,{'sigma': 0.5},0.6583333333333333,0.6549137132659978,"{'algorithm': 'auto', 'leaf_size': 30, 'metric': 'chebyshev', 'metric_params': None, 'n_jobs': None, 'n_neighbors': np.int64(5), 'p': 2, 'weights': 'uniform'}",0.03148508071899414
Coffee,5,2,8,2,RandomForest,Scaling,2,{'sigma': 0.5},0.61,0.5996343313284426,"{'bootstrap': True, 'ccp_alpha': 0.0, 'class_weight': 'balanced', 'criterion': 'gini', 'max_depth': None, 'max_features': 'sqrt', 'max_leaf_nodes': None, 'max_samples': None, 'min_impurity_decrease': 0.0, 'min_samples_leaf': 1, 'min_samples_split': 2, 'min_weight_fraction_leaf': 0.0, 'monotonic_cst': None, 'n_estimators': 50, 'n_jobs': None, 'oob_score': False, 'random_state': 42, 'verbose': 0, 'warm_start': False}",0.0949103832244873
Coffee,5,2,8,2,LinearSVC,Scaling,2,{'sigma': 0.5},0.7033333333333334,0.6950035672416864,"{'C': np.float64(33.59818286283781), 'class_weight': 'balanced', 'dual': False, 'fit_intercept': True, 'intercept_scaling': 1, 'loss': 'squared_hinge', 'max_iter': 100, 'multi_class': 'ovr', 'penalty': 'l1', 'random_state': 42, 'tol': 0.001, 'verbose': 0}",0.010927677154541016
Coffee,5,2,8,2,LogisticRegression,Scaling,2,{'sigma': 0.5},0.71,0.7046012372078901,"{'C': np.float64(1000.0), 'class_weight': 'balanced', 'dual': False, 'fit_intercept': True, 'intercept_scaling': 1, 'l1_ratio': None, 'max_iter': 100, 'multi_class': 'deprecated', 'n_jobs': None, 'penalty': 'l2', 'random_state': 42, 'solver': 'sag', 'tol': 0.0001, 'verbose': 0, 'warm_start': False}",0.03271675109863281
Coffee,5,2,8,2,KNN,Scaling,3,{'sigma': 0.3},0.67,0.6641361315206942,"{'algorithm': 'auto', 'leaf_size': 30, 'metric': 'euclidean', 'metric_params': None, 'n_jobs': None, 'n_neighbors': np.int64(9), 'p': 2, 'weights': 'distance'}",0.009150266647338867
Coffee,5,2,8,2,RandomForest,Scaling,3,{'sigma': 0.3},0.6866666666666666,0.6792985675212234,"{'bootstrap': True, 'ccp_alpha': 0.0, 'class_weight': 'balanced', 'criterion': 'gini', 'max_depth': 10, 'max_features': 'sqrt', 'max_leaf_nodes': None, 'max_samples': None, 'min_impurity_decrease': 0.0, 'min_samples_leaf': 1, 'min_samples_split': 2, 'min_weight_fraction_leaf': 0.0, 'monotonic_cst': None, 'n_estimators': 100, 'n_jobs': None, 'oob_score': False, 'random_state': 42, 'verbose': 0, 'warm_start': False}",0.1932675838470459
Coffee,5,2,8,2,LinearSVC,Scaling,3,{'sigma': 0.3},0.7583333333333333,0.7482150912195671,"{'C': np.float64(33.59818286283781), 'class_weight': 'balanced', 'dual': False, 'fit_intercept': True, 'intercept_scaling': 1, 'loss': 'squared_hinge', 'max_iter': 100, 'multi_class': 'ovr', 'penalty': 'l1', 'random_state': 42, 'tol': 0.001, 'verbose': 0}",0.012099027633666992
Coffee,5,2,8,2,LogisticRegression,Scaling,3,{'sigma': 0.3},0.7833333333333333,0.7749456418982795,"{'C': np.float64(1000.0), 'class_weight': 'balanced', 'dual': False, 'fit_intercept': True, 'intercept_scaling': 1, 'l1_ratio': None, 'max_iter': 100, 'multi_class': 'deprecated', 'n_jobs': None, 'penalty': 'l2', 'random_state': 42, 'solver': 'sag', 'tol': 0.0001, 'verbose': 0, 'warm_start': False}",0.03813815116882324
Coffee,5,2,8,2,KNN,Scaling,4,{'sigma': 0.2},0.6633333333333333,0.658136238259389,"{'algorithm': 'auto', 'leaf_size': 30, 'metric': 'euclidean', 'metric_params': None, 'n_jobs': None, 'n_neighbors': np.int64(9), 'p': 2, 'weights': 'distance'}",0.005849123001098633
Coffee,5,2,8,2,RandomForest,Scaling,4,{'sigma': 0.2},0.6366666666666667,0.6267458841709331,"{'bootstrap': True, 'ccp_alpha': 0.0, 'class_weight': 'balanced', 'criterion': 'gini', 'max_depth': 10, 'max_features': 'sqrt', 'max_leaf_nodes': None, 'max_samples': None, 'min_impurity_decrease': 0.0, 'min_samples_leaf': 1, 'min_samples_split': 2, 'min_weight_fraction_leaf': 0.0, 'monotonic_cst': None, 'n_estimators': 100, 'n_jobs': None, 'oob_score': False, 'random_state': 42, 'verbose': 0, 'warm_start': False}",0.1821587085723877
Coffee,5,2,8,2,LinearSVC,Scaling,4,{'sigma': 0.2},0.765,0.7553428646591499,"{'C': np.float64(33.59818286283781), 'class_weight': 'balanced', 'dual': False, 'fit_intercept': True, 'intercept_scaling': 1, 'loss': 'squared_hinge', 'max_iter': 100, 'multi_class': 'ovr', 'penalty': 'l1', 'random_state': 42, 'tol': 0.0001, 'verbose': 0}",0.010663747787475586
Coffee,5,2,8,2,LogisticRegression,Scaling,4,{'sigma': 0.2},0.7083333333333334,0.6928247112148227,"{'C': np.float64(1000.0), 'class_weight': 'balanced', 'dual': False, 'fit_intercept': True, 'intercept_scaling': 1, 'l1_ratio': None, 'max_iter': 100, 'multi_class': 'deprecated', 'n_jobs': None, 'penalty': 'l2', 'random_state': 42, 'solver': 'sag', 'tol': 0.0001, 'verbose': 0, 'warm_start': False}",0.03149271011352539
Coffee,5,2,8,2,KNN,Scaling,5,{'sigma': 0.5},0.66,0.6560139079479497,"{'algorithm': 'auto', 'leaf_size': 30, 'metric': 'chebyshev', 'metric_params': None, 'n_jobs': None, 'n_neighbors': np.int64(5), 'p': 2, 'weights': 'uniform'}",0.030441761016845703
Coffee,5,2,8,2,RandomForest,Scaling,5,{'sigma': 0.5},0.6883333333333334,0.6839288909001447,"{'bootstrap': True, 'ccp_alpha': 0.0, 'class_weight': 'balanced', 'criterion': 'gini', 'max_depth': 20, 'max_features': 'sqrt', 'max_leaf_nodes': None, 'max_samples': None, 'min_impurity_decrease': 0.0, 'min_samples_leaf': 1, 'min_samples_split': 2, 'min_weight_fraction_leaf': 0.0, 'monotonic_cst': None, 'n_estimators': 50, 'n_jobs': None, 'oob_score': False, 'random_state': 42, 'verbose': 0, 'warm_start': False}",0.12643909454345703
Coffee,5,2,8,2,LinearSVC,Scaling,5,{'sigma': 0.5},0.7433333333333333,0.7351703023344814,"{'C': np.float64(183.29807108324337), 'class_weight': None, 'dual': False, 'fit_intercept': True, 'intercept_scaling': 1, 'loss': 'squared_hinge', 'max_iter': 100, 'multi_class': 'ovr', 'penalty': 'l1', 'random_state': 42, 'tol': 0.001, 'verbose': 0}",0.010063886642456055
Coffee,5,2,8,2,LogisticRegression,Scaling,5,{'sigma': 0.5},0.6966666666666667,0.6874948123571359,"{'C': np.float64(1000.0), 'class_weight': 'balanced', 'dual': False, 'fit_intercept': True, 'intercept_scaling': 1, 'l1_ratio': None, 'max_iter': 100, 'multi_class': 'deprecated', 'n_jobs': None, 'penalty': 'l2', 'random_state': 42, 'solver': 'sag', 'tol': 0.0001, 'verbose': 0, 'warm_start': False}",0.030697107315063477
Coffee,5,2,8,2,KNN,Scaling,6,{'sigma': 0.1},0.6633333333333333,0.658136238259389,"{'algorithm': 'auto', 'leaf_size': 30, 'metric': 'euclidean', 'metric_params': None, 'n_jobs': None, 'n_neighbors': np.int64(9), 'p': 2, 'weights': 'distance'}",0.008494138717651367
Coffee,5,2,8,2,RandomForest,Scaling,6,{'sigma': 0.1},0.59,0.5725158238824258,"{'bootstrap': True, 'ccp_alpha': 0.0, 'class_weight': 'balanced', 'criterion': 'gini', 'max_depth': 20, 'max_features': 'sqrt', 'max_leaf_nodes': None, 'max_samples': None, 'min_impurity_decrease': 0.0, 'min_samples_leaf': 2, 'min_samples_split': 5, 'min_weight_fraction_leaf': 0.0, 'monotonic_cst': None, 'n_estimators': 50, 'n_jobs': None, 'oob_score': False, 'random_state': 42, 'verbose': 0, 'warm_start': False}",0.12316417694091797
Coffee,5,2,8,2,LinearSVC,Scaling,6,{'sigma': 0.1},0.72,0.7149146945514584,"{'C': np.float64(183.29807108324337), 'class_weight': None, 'dual': False, 'fit_intercept': True, 'intercept_scaling': 1, 'loss': 'squared_hinge', 'max_iter': 100, 'multi_class': 'ovr', 'penalty': 'l1', 'random_state': 42, 'tol': 0.001, 'verbose': 0}",0.01439046859741211
Coffee,5,2,8,2,LogisticRegression,Scaling,6,{'sigma': 0.1},0.7233333333333334,0.7179012026454753,"{'C': np.float64(1000.0), 'class_weight': 'balanced', 'dual': False, 'fit_intercept': True, 'intercept_scaling': 1, 'l1_ratio': None, 'max_iter': 100, 'multi_class': 'deprecated', 'n_jobs': None, 'penalty': 'l2', 'random_state': 42, 'solver': 'sag', 'tol': 0.0001, 'verbose': 0, 'warm_start': False}",0.028384923934936523
Coffee,5,2,8,2,KNN,Scaling,7,{'sigma': 0.3},0.6616666666666666,0.6580291598884904,"{'algorithm': 'auto', 'leaf_size': 30, 'metric': 'chebyshev', 'metric_params': None, 'n_jobs': None, 'n_neighbors': np.int64(5), 'p': 2, 'weights': 'uniform'}",0.02481818199157715
Coffee,5,2,8,2,RandomForest,Scaling,7,{'sigma': 0.3},0.7433333333333333,0.7306394432497081,"{'bootstrap': True, 'ccp_alpha': 0.0, 'class_weight': 'balanced', 'criterion': 'gini', 'max_depth': 30, 'max_features': 'sqrt', 'max_leaf_nodes': None, 'max_samples': None, 'min_impurity_decrease': 0.0, 'min_samples_leaf': 1, 'min_samples_split': 2, 'min_weight_fraction_leaf': 0.0, 'monotonic_cst': None, 'n_estimators': 150, 'n_jobs': None, 'oob_score': False, 'random_state': 42, 'verbose': 0, 'warm_start': False}",0.34876394271850586
Coffee,5,2,8,2,LinearSVC,Scaling,7,{'sigma': 0.3},0.765,0.7544671386964348,"{'C': np.float64(1000.0), 'class_weight': 'balanced', 'dual': False, 'fit_intercept': True, 'intercept_scaling': 1, 'loss': 'squared_hinge', 'max_iter': 100, 'multi_class': 'ovr', 'penalty': 'l2', 'random_state': 42, 'tol': 0.001, 'verbose': 0}",0.00587010383605957
Coffee,5,2,8,2,LogisticRegression,Scaling,7,{'sigma': 0.3},0.6366666666666667,0.637792955888799,"{'C': np.float64(33.59818286283781), 'class_weight': 'balanced', 'dual': False, 'fit_intercept': True, 'intercept_scaling': 1, 'l1_ratio': None, 'max_iter': 100, 'multi_class': 'deprecated', 'n_jobs': None, 'penalty': 'l1', 'random_state': 42, 'solver': 'saga', 'tol': 0.0001, 'verbose': 0, 'warm_start': False}",0.03930187225341797
Coffee,5,2,8,2,KNN,Scaling,8,{'sigma': 0.1},0.6616666666666666,0.6580291598884904,"{'algorithm': 'auto', 'leaf_size': 30, 'metric': 'chebyshev', 'metric_params': None, 'n_jobs': None, 'n_neighbors': np.int64(5), 'p': 2, 'weights': 'uniform'}",0.024542570114135742
Coffee,5,2,8,2,RandomForest,Scaling,8,{'sigma': 0.1},0.6383333333333333,0.6287314116047346,"{'bootstrap': True, 'ccp_alpha': 0.0, 'class_weight': 'balanced', 'criterion': 'gini', 'max_depth': None, 'max_features': 'sqrt', 'max_leaf_nodes': None, 'max_samples': None, 'min_impurity_decrease': 0.0, 'min_samples_leaf': 2, 'min_samples_split': 2, 'min_weight_fraction_leaf': 0.0, 'monotonic_cst': None, 'n_estimators': 150, 'n_jobs': None, 'oob_score': False, 'random_state': 42, 'verbose': 0, 'warm_start': False}",0.3281242847442627
Coffee,5,2,8,2,LinearSVC,Scaling,8,{'sigma': 0.1},0.745,0.7372860576817827,"{'C': np.float64(183.29807108324337), 'class_weight': None, 'dual': False, 'fit_intercept': True, 'intercept_scaling': 1, 'loss': 'squared_hinge', 'max_iter': 100, 'multi_class': 'ovr', 'penalty': 'l1', 'random_state': 42, 'tol': 0.001, 'verbose': 0}",0.012285709381103516
Coffee,5,2,8,2,LogisticRegression,Scaling,8,{'sigma': 0.1},0.7083333333333334,0.7044444444444444,"{'C': np.float64(33.59818286283781), 'class_weight': 'balanced', 'dual': False, 'fit_intercept': True, 'intercept_scaling': 1, 'l1_ratio': None, 'max_iter': 100, 'multi_class': 'deprecated', 'n_jobs': None, 'penalty': 'l2', 'random_state': 42, 'solver': 'saga', 'tol': 0.0001, 'verbose': 0, 'warm_start': False}",0.031082868576049805
Coffee,5,2,8,2,KNN,Scaling,9,{'sigma': 0.3},0.665,0.6611384213153354,"{'algorithm': 'auto', 'leaf_size': 30, 'metric': 'chebyshev', 'metric_params': None, 'n_jobs': None, 'n_neighbors': np.int64(5), 'p': 2, 'weights': 'uniform'}",0.024641752243041992
Coffee,5,2,8,2,RandomForest,Scaling,9,{'sigma': 0.3},0.7533333333333333,0.7391182552158162,"{'bootstrap': True, 'ccp_alpha': 0.0, 'class_weight': 'balanced', 'criterion': 'gini', 'max_depth': 30, 'max_features': 'sqrt', 'max_leaf_nodes': None, 'max_samples': None, 'min_impurity_decrease': 0.0, 'min_samples_leaf': 1, 'min_samples_split': 2, 'min_weight_fraction_leaf': 0.0, 'monotonic_cst': None, 'n_estimators': 150, 'n_jobs': None, 'oob_score': False, 'random_state': 42, 'verbose': 0, 'warm_start': False}",0.3983142375946045
Coffee,5,2,8,2,LinearSVC,Scaling,9,{'sigma': 0.3},0.775,0.7636654645650147,"{'C': np.float64(33.59818286283781), 'class_weight': 'balanced', 'dual': False, 'fit_intercept': True, 'intercept_scaling': 1, 'loss': 'squared_hinge', 'max_iter': 100, 'multi_class': 'ovr', 'penalty': 'l1', 'random_state': 42, 'tol': 0.0001, 'verbose': 0}",0.010607481002807617
Coffee,5,2,8,2,LogisticRegression,Scaling,9,{'sigma': 0.3},0.7683333333333333,0.7591335294718018,"{'C': np.float64(2.6366508987303554), 'class_weight': 'balanced', 'dual': False, 'fit_intercept': True, 'intercept_scaling': 1, 'l1_ratio': None, 'max_iter': 100, 'multi_class': 'deprecated', 'n_jobs': None, 'penalty': 'l1', 'random_state': 42, 'solver': 'saga', 'tol': 0.0001, 'verbose': 0, 'warm_start': False}",0.03661823272705078
Coffee,5,2,8,2,KNN,Scaling,10,{'sigma': 0.5},0.6583333333333333,0.6544591117439759,"{'algorithm': 'auto', 'leaf_size': 30, 'metric': 'chebyshev', 'metric_params': None, 'n_jobs': None, 'n_neighbors': np.int64(5), 'p': 2, 'weights': 'uniform'}",0.057533979415893555
Coffee,5,2,8,2,RandomForest,Scaling,10,{'sigma': 0.5},0.6633333333333333,0.6560755385314981,"{'bootstrap': True, 'ccp_alpha': 0.0, 'class_weight': None, 'criterion': 'gini', 'max_depth': 20, 'max_features': 'sqrt', 'max_leaf_nodes': None, 'max_samples': None, 'min_impurity_decrease': 0.0, 'min_samples_leaf': 1, 'min_samples_split': 2, 'min_weight_fraction_leaf': 0.0, 'monotonic_cst': None, 'n_estimators': 100, 'n_jobs': None, 'oob_score': False, 'random_state': 42, 'verbose': 0, 'warm_start': False}",0.19691753387451172
Coffee,5,2,8,2,LinearSVC,Scaling,10,{'sigma': 0.5},0.7166666666666667,0.7078978676774095,"{'C': np.float64(2.6366508987303554), 'class_weight': 'balanced', 'dual': False, 'fit_intercept': True, 'intercept_scaling': 1, 'loss': 'squared_hinge', 'max_iter': 100, 'multi_class': 'ovr', 'penalty': 'l1', 'random_state': 42, 'tol': 0.0001, 'verbose': 0}",0.011139631271362305
Coffee,5,2,8,2,LogisticRegression,Scaling,10,{'sigma': 0.5},0.7033333333333334,0.7001414141233087,"{'C': np.float64(183.29807108324337), 'class_weight': None, 'dual': False, 'fit_intercept': True, 'intercept_scaling': 1, 'l1_ratio': None, 'max_iter': 100, 'multi_class': 'deprecated', 'n_jobs': None, 'penalty': 'l2', 'random_state': 42, 'solver': 'saga', 'tol': 0.0001, 'verbose': 0, 'warm_start': False}",0.03445577621459961
Coffee,5,2,8,3,KNN,Scaling,1,{'sigma': 0.1},0.6633333333333333,0.657873683119125,"{'algorithm': 'auto', 'leaf_size': 30, 'metric': 'euclidean', 'metric_params': None, 'n_jobs': None, 'n_neighbors': np.int64(9), 'p': 2, 'weights': 'distance'}",0.008467912673950195
Coffee,5,2,8,3,RandomForest,Scaling,1,{'sigma': 0.1},0.615,0.6020840887326955,"{'bootstrap': True, 'ccp_alpha': 0.0, 'class_weight': 'balanced', 'criterion': 'gini', 'max_depth': None, 'max_features': 'sqrt', 'max_leaf_nodes': None, 'max_samples': None, 'min_impurity_decrease': 0.0, 'min_samples_leaf': 2, 'min_samples_split': 2, 'min_weight_fraction_leaf': 0.0, 'monotonic_cst': None, 'n_estimators': 150, 'n_jobs': None, 'oob_score': False, 'random_state': 42, 'verbose': 0, 'warm_start': False}",0.39580750465393066
Coffee,5,2,8,3,LinearSVC,Scaling,1,{'sigma': 0.1},0.7833333333333333,0.7717241614597246,"{'C': np.float64(0.08858667904100823), 'class_weight': 'balanced', 'dual': False, 'fit_intercept': False, 'intercept_scaling': 1, 'loss': 'squared_hinge', 'max_iter': 100, 'multi_class': 'ovr', 'penalty': 'l1', 'random_state': 42, 'tol': 0.0001, 'verbose': 0}",0.012151002883911133
Coffee,5,2,8,3,LogisticRegression,Scaling,1,{'sigma': 0.1},0.755,0.7448582359589369,"{'C': np.float64(0.08858667904100823), 'class_weight': None, 'dual': False, 'fit_intercept': False, 'intercept_scaling': 1, 'l1_ratio': None, 'max_iter': 100, 'multi_class': 'deprecated', 'n_jobs': None, 'penalty': 'l1', 'random_state': 42, 'solver': 'saga', 'tol': 0.0001, 'verbose': 0, 'warm_start': False}",0.06290173530578613
Coffee,5,2,8,3,KNN,Scaling,2,{'sigma': 0.5},0.6583333333333333,0.654293642339565,"{'algorithm': 'auto', 'leaf_size': 30, 'metric': 'minkowski', 'metric_params': None, 'n_jobs': None, 'n_neighbors': np.int64(13), 'p': 4, 'weights': 'distance'}",0.03275036811828613
Coffee,5,2,8,3,RandomForest,Scaling,2,{'sigma': 0.5},0.6633333333333333,0.6565119128658952,"{'bootstrap': True, 'ccp_alpha': 0.0, 'class_weight': 'balanced', 'criterion': 'gini', 'max_depth': None, 'max_features': 'sqrt', 'max_leaf_nodes': None, 'max_samples': None, 'min_impurity_decrease': 0.0, 'min_samples_leaf': 1, 'min_samples_split': 2, 'min_weight_fraction_leaf': 0.0, 'monotonic_cst': None, 'n_estimators': 50, 'n_jobs': None, 'oob_score': False, 'random_state': 42, 'verbose': 0, 'warm_start': False}",0.13236141204833984
Coffee,5,2,8,3,LinearSVC,Scaling,2,{'sigma': 0.5},0.7583333333333333,0.7487864665862185,"{'C': np.float64(0.08858667904100823), 'class_weight': None, 'dual': False, 'fit_intercept': False, 'intercept_scaling': 1, 'loss': 'squared_hinge', 'max_iter': 100, 'multi_class': 'ovr', 'penalty': 'l1', 'random_state': 42, 'tol': 0.0001, 'verbose': 0}",0.014837980270385742
Coffee,5,2,8,3,LogisticRegression,Scaling,2,{'sigma': 0.5},0.7116666666666667,0.7016509256021471,"{'C': np.float64(0.08858667904100823), 'class_weight': None, 'dual': False, 'fit_intercept': False, 'intercept_scaling': 1, 'l1_ratio': None, 'max_iter': 100, 'multi_class': 'deprecated', 'n_jobs': None, 'penalty': 'l1', 'random_state': 42, 'solver': 'saga', 'tol': 0.0001, 'verbose': 0, 'warm_start': False}",0.056720733642578125
Coffee,5,2,8,3,KNN,Scaling,3,{'sigma': 0.3},0.6616666666666666,0.6565695257799189,"{'algorithm': 'auto', 'leaf_size': 30, 'metric': 'minkowski', 'metric_params': None, 'n_jobs': None, 'n_neighbors': np.int64(13), 'p': 4, 'weights': 'distance'}",0.03523969650268555
Coffee,5,2,8,3,RandomForest,Scaling,3,{'sigma': 0.3},0.7633333333333333,0.7516121031746033,"{'bootstrap': True, 'ccp_alpha': 0.0, 'class_weight': 'balanced', 'criterion': 'gini', 'max_depth': None, 'max_features': 'sqrt', 'max_leaf_nodes': None, 'max_samples': None, 'min_impurity_decrease': 0.0, 'min_samples_leaf': 1, 'min_samples_split': 2, 'min_weight_fraction_leaf': 0.0, 'monotonic_cst': None, 'n_estimators': 50, 'n_jobs': None, 'oob_score': False, 'random_state': 42, 'verbose': 0, 'warm_start': False}",0.11800241470336914
Coffee,5,2,8,3,LinearSVC,Scaling,3,{'sigma': 0.3},0.555,0.5476638041700563,"{'C': np.float64(0.002976351441631319), 'class_weight': None, 'dual': False, 'fit_intercept': False, 'intercept_scaling': 1, 'loss': 'squared_hinge', 'max_iter': 100, 'multi_class': 'ovr', 'penalty': 'l1', 'random_state': 42, 'tol': 0.0001, 'verbose': 0}",0.004687786102294922
Coffee,5,2,8,3,LogisticRegression,Scaling,3,{'sigma': 0.3},0.67,0.6608024138647053,"{'C': np.float64(0.0379269019073225), 'class_weight': 'balanced', 'dual': False, 'fit_intercept': False, 'intercept_scaling': 1, 'l1_ratio': None, 'max_iter': 100, 'multi_class': 'deprecated', 'n_jobs': None, 'penalty': 'l1', 'random_state': 42, 'solver': 'saga', 'tol': 0.0001, 'verbose': 0, 'warm_start': False}",0.03210330009460449
Coffee,5,2,8,3,KNN,Scaling,4,{'sigma': 0.2},0.6616666666666666,0.6565695257799189,"{'algorithm': 'auto', 'leaf_size': 30, 'metric': 'minkowski', 'metric_params': None, 'n_jobs': None, 'n_neighbors': np.int64(13), 'p': 4, 'weights': 'distance'}",0.031078815460205078
Coffee,5,2,8,3,RandomForest,Scaling,4,{'sigma': 0.2},0.635,0.6264762808529666,"{'bootstrap': True, 'ccp_alpha': 0.0, 'class_weight': 'balanced', 'criterion': 'gini', 'max_depth': None, 'max_features': 'sqrt', 'max_leaf_nodes': None, 'max_samples': None, 'min_impurity_decrease': 0.0, 'min_samples_leaf': 1, 'min_samples_split': 2, 'min_weight_fraction_leaf': 0.0, 'monotonic_cst': None, 'n_estimators': 50, 'n_jobs': None, 'oob_score': False, 'random_state': 42, 'verbose': 0, 'warm_start': False}",0.12338948249816895
Coffee,5,2,8,3,LinearSVC,Scaling,4,{'sigma': 0.2},0.7666666666666667,0.7567638554673043,"{'C': np.float64(0.08858667904100823), 'class_weight': None, 'dual': False, 'fit_intercept': False, 'intercept_scaling': 1, 'loss': 'squared_hinge', 'max_iter': 100, 'multi_class': 'ovr', 'penalty': 'l1', 'random_state': 42, 'tol': 0.0001, 'verbose': 0}",0.012881278991699219
Coffee,5,2,8,3,LogisticRegression,Scaling,4,{'sigma': 0.2},0.785,0.7715483677747829,"{'C': np.float64(0.08858667904100823), 'class_weight': None, 'dual': False, 'fit_intercept': False, 'intercept_scaling': 1, 'l1_ratio': None, 'max_iter': 100, 'multi_class': 'deprecated', 'n_jobs': None, 'penalty': 'l1', 'random_state': 42, 'solver': 'saga', 'tol': 0.0001, 'verbose': 0, 'warm_start': False}",0.05214262008666992
Coffee,5,2,8,3,KNN,Scaling,5,{'sigma': 0.5},0.6933333333333334,0.6850351161534306,"{'algorithm': 'auto', 'leaf_size': 30, 'metric': 'euclidean', 'metric_params': None, 'n_jobs': None, 'n_neighbors': np.int64(9), 'p': 2, 'weights': 'distance'}",0.009082317352294922
Coffee,5,2,8,3,RandomForest,Scaling,5,{'sigma': 0.5},0.6766666666666666,0.6672862809044363,"{'bootstrap': True, 'ccp_alpha': 0.0, 'class_weight': 'balanced', 'criterion': 'gini', 'max_depth': None, 'max_features': 'sqrt', 'max_leaf_nodes': None, 'max_samples': None, 'min_impurity_decrease': 0.0, 'min_samples_leaf': 1, 'min_samples_split': 2, 'min_weight_fraction_leaf': 0.0, 'monotonic_cst': None, 'n_estimators': 50, 'n_jobs': None, 'oob_score': False, 'random_state': 42, 'verbose': 0, 'warm_start': False}",0.13307785987854004
Coffee,5,2,8,3,LinearSVC,Scaling,5,{'sigma': 0.5},0.7283333333333334,0.7170937628601952,"{'C': np.float64(0.08858667904100823), 'class_weight': None, 'dual': False, 'fit_intercept': False, 'intercept_scaling': 1, 'loss': 'squared_hinge', 'max_iter': 100, 'multi_class': 'ovr', 'penalty': 'l1', 'random_state': 42, 'tol': 0.0001, 'verbose': 0}",0.012175321578979492
Coffee,5,2,8,3,LogisticRegression,Scaling,5,{'sigma': 0.5},0.7116666666666667,0.7016364890419076,"{'C': np.float64(0.0379269019073225), 'class_weight': 'balanced', 'dual': False, 'fit_intercept': False, 'intercept_scaling': 1, 'l1_ratio': None, 'max_iter': 100, 'multi_class': 'deprecated', 'n_jobs': None, 'penalty': 'l1', 'random_state': 42, 'solver': 'saga', 'tol': 0.0001, 'verbose': 0, 'warm_start': False}",0.01577162742614746
Coffee,5,2,8,3,KNN,Scaling,6,{'sigma': 0.1},0.6616666666666666,0.6565695257799189,"{'algorithm': 'auto', 'leaf_size': 30, 'metric': 'minkowski', 'metric_params': None, 'n_jobs': None, 'n_neighbors': np.int64(13), 'p': 4, 'weights': 'distance'}",0.029875516891479492
Coffee,5,2,8,3,RandomForest,Scaling,6,{'sigma': 0.1},0.6533333333333333,0.6481210978899972,"{'bootstrap': True, 'ccp_alpha': 0.0, 'class_weight': 'balanced', 'criterion': 'gini', 'max_depth': None, 'max_features': 'sqrt', 'max_leaf_nodes': None, 'max_samples': None, 'min_impurity_decrease': 0.0, 'min_samples_leaf': 1, 'min_samples_split': 2, 'min_weight_fraction_leaf': 0.0, 'monotonic_cst': None, 'n_estimators': 50, 'n_jobs': None, 'oob_score': False, 'random_state': 42, 'verbose': 0, 'warm_start': False}",0.14360547065734863
Coffee,5,2,8,3,LinearSVC,Scaling,6,{'sigma': 0.1},0.7733333333333333,0.7625012157258819,"{'C': np.float64(0.08858667904100823), 'class_weight': 'balanced', 'dual': False, 'fit_intercept': False, 'intercept_scaling': 1, 'loss': 'squared_hinge', 'max_iter': 100, 'multi_class': 'ovr', 'penalty': 'l1', 'random_state': 42, 'tol': 0.0001, 'verbose': 0}",0.015455007553100586
Coffee,5,2,8,3,LogisticRegression,Scaling,6,{'sigma': 0.1},0.77,0.7597495541286896,"{'C': np.float64(0.08858667904100823), 'class_weight': None, 'dual': False, 'fit_intercept': False, 'intercept_scaling': 1, 'l1_ratio': None, 'max_iter': 100, 'multi_class': 'deprecated', 'n_jobs': None, 'penalty': 'l1', 'random_state': 42, 'solver': 'saga', 'tol': 0.0001, 'verbose': 0, 'warm_start': False}",0.054328203201293945
Coffee,5,2,8,3,KNN,Scaling,7,{'sigma': 0.3},0.665,0.6594413094190951,"{'algorithm': 'auto', 'leaf_size': 30, 'metric': 'euclidean', 'metric_params': None, 'n_jobs': None, 'n_neighbors': np.int64(9), 'p': 2, 'weights': 'distance'}",0.00983738899230957
Coffee,5,2,8,3,RandomForest,Scaling,7,{'sigma': 0.3},0.6716666666666666,0.6607077377780725,"{'bootstrap': True, 'ccp_alpha': 0.0, 'class_weight': 'balanced', 'criterion': 'gini', 'max_depth': None, 'max_features': 'sqrt', 'max_leaf_nodes': None, 'max_samples': None, 'min_impurity_decrease': 0.0, 'min_samples_leaf': 1, 'min_samples_split': 2, 'min_weight_fraction_leaf': 0.0, 'monotonic_cst': None, 'n_estimators': 50, 'n_jobs': None, 'oob_score': False, 'random_state': 42, 'verbose': 0, 'warm_start': False}",0.15126991271972656
Coffee,5,2,8,3,LinearSVC,Scaling,7,{'sigma': 0.3},0.59,0.5833141060724579,"{'C': np.float64(0.002976351441631319), 'class_weight': None, 'dual': False, 'fit_intercept': False, 'intercept_scaling': 1, 'loss': 'squared_hinge', 'max_iter': 100, 'multi_class': 'ovr', 'penalty': 'l1', 'random_state': 42, 'tol': 0.0001, 'verbose': 0}",0.011888742446899414
Coffee,5,2,8,3,LogisticRegression,Scaling,7,{'sigma': 0.3},0.8,0.7864511978659882,"{'C': np.float64(0.0379269019073225), 'class_weight': 'balanced', 'dual': False, 'fit_intercept': False, 'intercept_scaling': 1, 'l1_ratio': None, 'max_iter': 100, 'multi_class': 'deprecated', 'n_jobs': None, 'penalty': 'l1', 'random_state': 42, 'solver': 'saga', 'tol': 0.0001, 'verbose': 0, 'warm_start': False}",0.025249481201171875
Coffee,5,2,8,3,KNN,Scaling,8,{'sigma': 0.1},0.6633333333333333,0.658136238259389,"{'algorithm': 'auto', 'leaf_size': 30, 'metric': 'euclidean', 'metric_params': None, 'n_jobs': None, 'n_neighbors': np.int64(9), 'p': 2, 'weights': 'distance'}",0.008428335189819336
Coffee,5,2,8,3,RandomForest,Scaling,8,{'sigma': 0.1},0.6283333333333333,0.6166524909339224,"{'bootstrap': True, 'ccp_alpha': 0.0, 'class_weight': 'balanced', 'criterion': 'gini', 'max_depth': None, 'max_features': 'sqrt', 'max_leaf_nodes': None, 'max_samples': None, 'min_impurity_decrease': 0.0, 'min_samples_leaf': 1, 'min_samples_split': 2, 'min_weight_fraction_leaf': 0.0, 'monotonic_cst': None, 'n_estimators': 50, 'n_jobs': None, 'oob_score': False, 'random_state': 42, 'verbose': 0, 'warm_start': False}",0.14090442657470703
Coffee,5,2,8,3,LinearSVC,Scaling,8,{'sigma': 0.1},0.7016666666666667,0.6984457785765575,"{'C': np.float64(183.29807108324337), 'class_weight': 'balanced', 'dual': False, 'fit_intercept': False, 'intercept_scaling': 1, 'loss': 'squared_hinge', 'max_iter': 100, 'multi_class': 'ovr', 'penalty': 'l2', 'random_state': 42, 'tol': 0.001, 'verbose': 0}",0.006479978561401367
Coffee,5,2,8,3,LogisticRegression,Scaling,8,{'sigma': 0.1},0.7516666666666667,0.7433541807395713,"{'C': np.float64(0.08858667904100823), 'class_weight': None, 'dual': False, 'fit_intercept': False, 'intercept_scaling': 1, 'l1_ratio': None, 'max_iter': 100, 'multi_class': 'deprecated', 'n_jobs': None, 'penalty': 'l1', 'random_state': 42, 'solver': 'saga', 'tol': 0.0001, 'verbose': 0, 'warm_start': False}",0.05777430534362793
Coffee,5,2,8,3,KNN,Scaling,9,{'sigma': 0.3},0.755,0.743406012816784,"{'algorithm': 'auto', 'leaf_size': 30, 'metric': 'euclidean', 'metric_params': None, 'n_jobs': None, 'n_neighbors': np.int64(9), 'p': 2, 'weights': 'distance'}",0.008929729461669922
Coffee,5,2,8,3,RandomForest,Scaling,9,{'sigma': 0.3},0.705,0.6957375405936324,"{'bootstrap': True, 'ccp_alpha': 0.0, 'class_weight': 'balanced', 'criterion': 'gini', 'max_depth': None, 'max_features': 'sqrt', 'max_leaf_nodes': None, 'max_samples': None, 'min_impurity_decrease': 0.0, 'min_samples_leaf': 1, 'min_samples_split': 2, 'min_weight_fraction_leaf': 0.0, 'monotonic_cst': None, 'n_estimators': 50, 'n_jobs': None, 'oob_score': False, 'random_state': 42, 'verbose': 0, 'warm_start': False}",0.1227562427520752
Coffee,5,2,8,3,LinearSVC,Scaling,9,{'sigma': 0.3},0.805,0.7907671110386614,"{'C': np.float64(0.08858667904100823), 'class_weight': None, 'dual': False, 'fit_intercept': False, 'intercept_scaling': 1, 'loss': 'squared_hinge', 'max_iter': 100, 'multi_class': 'ovr', 'penalty': 'l1', 'random_state': 42, 'tol': 0.0001, 'verbose': 0}",0.011917591094970703
Coffee,5,2,8,3,LogisticRegression,Scaling,9,{'sigma': 0.3},0.7683333333333333,0.7555421484833249,"{'C': np.float64(0.08858667904100823), 'class_weight': None, 'dual': False, 'fit_intercept': False, 'intercept_scaling': 1, 'l1_ratio': None, 'max_iter': 100, 'multi_class': 'deprecated', 'n_jobs': None, 'penalty': 'l1', 'random_state': 42, 'solver': 'saga', 'tol': 0.0001, 'verbose': 0, 'warm_start': False}",0.04125690460205078
Coffee,5,2,8,3,KNN,Scaling,10,{'sigma': 0.5},0.665,0.6597015280932921,"{'algorithm': 'auto', 'leaf_size': 30, 'metric': 'euclidean', 'metric_params': None, 'n_jobs': None, 'n_neighbors': np.int64(9), 'p': 2, 'weights': 'distance'}",0.00862741470336914
Coffee,5,2,8,3,RandomForest,Scaling,10,{'sigma': 0.5},0.7916666666666666,0.7852726694044744,"{'bootstrap': True, 'ccp_alpha': 0.0, 'class_weight': 'balanced', 'criterion': 'gini', 'max_depth': None, 'max_features': 'sqrt', 'max_leaf_nodes': None, 'max_samples': None, 'min_impurity_decrease': 0.0, 'min_samples_leaf': 1, 'min_samples_split': 2, 'min_weight_fraction_leaf': 0.0, 'monotonic_cst': None, 'n_estimators': 50, 'n_jobs': None, 'oob_score': False, 'random_state': 42, 'verbose': 0, 'warm_start': False}",0.16983318328857422
Coffee,5,2,8,3,LinearSVC,Scaling,10,{'sigma': 0.5},0.5516666666666666,0.5364335409807209,"{'C': np.float64(0.002976351441631319), 'class_weight': None, 'dual': False, 'fit_intercept': False, 'intercept_scaling': 1, 'loss': 'squared_hinge', 'max_iter': 100, 'multi_class': 'ovr', 'penalty': 'l1', 'random_state': 42, 'tol': 0.0001, 'verbose': 0}",0.003398418426513672
Coffee,5,2,8,3,LogisticRegression,Scaling,10,{'sigma': 0.5},0.66,0.6408215647932587,"{'C': np.float64(0.08858667904100823), 'class_weight': None, 'dual': False, 'fit_intercept': False, 'intercept_scaling': 1, 'l1_ratio': None, 'max_iter': 100, 'multi_class': 'deprecated', 'n_jobs': None, 'penalty': 'l1', 'random_state': 42, 'solver': 'saga', 'tol': 0.0001, 'verbose': 0, 'warm_start': False}",0.043534278869628906
Coffee,5,2,8,5,KNN,Scaling,1,{'sigma': 0.1},0.6666666666666666,0.6610075681919362,"{'algorithm': 'auto', 'leaf_size': 30, 'metric': 'minkowski', 'metric_params': None, 'n_jobs': None, 'n_neighbors': np.int64(5), 'p': 3, 'weights': 'distance'}",0.03531336784362793
Coffee,5,2,8,5,RandomForest,Scaling,1,{'sigma': 0.1},0.6266666666666667,0.618095605383741,"{'bootstrap': True, 'ccp_alpha': 0.0, 'class_weight': 'balanced', 'criterion': 'gini', 'max_depth': 30, 'max_features': 'sqrt', 'max_leaf_nodes': None, 'max_samples': None, 'min_impurity_decrease': 0.0, 'min_samples_leaf': 1, 'min_samples_split': 2, 'min_weight_fraction_leaf': 0.0, 'monotonic_cst': None, 'n_estimators': 150, 'n_jobs': None, 'oob_score': False, 'random_state': 42, 'verbose': 0, 'warm_start': False}",0.573939323425293
Coffee,5,2,8,5,LinearSVC,Scaling,1,{'sigma': 0.1},0.7433333333333333,0.735915041227789,"{'C': np.float64(0.2069138081114788), 'class_weight': 'balanced', 'dual': False, 'fit_intercept': False, 'intercept_scaling': 1, 'loss': 'squared_hinge', 'max_iter': 100, 'multi_class': 'ovr', 'penalty': 'l2', 'random_state': 42, 'tol': 0.0001, 'verbose': 0}",0.009759902954101562
Coffee,5,2,8,5,LogisticRegression,Scaling,1,{'sigma': 0.1},0.7116666666666667,0.7074391438014974,"{'C': np.float64(1000.0), 'class_weight': 'balanced', 'dual': False, 'fit_intercept': True, 'intercept_scaling': 1, 'l1_ratio': None, 'max_iter': 100, 'multi_class': 'deprecated', 'n_jobs': None, 'penalty': 'l2', 'random_state': 42, 'solver': 'sag', 'tol': 0.0001, 'verbose': 0, 'warm_start': False}",0.07735490798950195
Coffee,5,2,8,5,KNN,Scaling,2,{'sigma': 0.5},0.6466666666666666,0.6380370329950162,"{'algorithm': 'auto', 'leaf_size': 30, 'metric': 'manhattan', 'metric_params': None, 'n_jobs': None, 'n_neighbors': np.int64(5), 'p': 2, 'weights': 'distance'}",0.013459205627441406
Coffee,5,2,8,5,RandomForest,Scaling,2,{'sigma': 0.5},0.7566666666666667,0.7450511276114646,"{'bootstrap': True, 'ccp_alpha': 0.0, 'class_weight': 'balanced', 'criterion': 'gini', 'max_depth': 30, 'max_features': 'sqrt', 'max_leaf_nodes': None, 'max_samples': None, 'min_impurity_decrease': 0.0, 'min_samples_leaf': 1, 'min_samples_split': 2, 'min_weight_fraction_leaf': 0.0, 'monotonic_cst': None, 'n_estimators': 150, 'n_jobs': None, 'oob_score': False, 'random_state': 42, 'verbose': 0, 'warm_start': False}",0.6177363395690918
Coffee,5,2,8,5,LinearSVC,Scaling,2,{'sigma': 0.5},0.725,0.7197357427571198,"{'C': np.float64(2.6366508987303554), 'class_weight': 'balanced', 'dual': False, 'fit_intercept': True, 'intercept_scaling': 1, 'loss': 'squared_hinge', 'max_iter': 100, 'multi_class': 'ovr', 'penalty': 'l1', 'random_state': 42, 'tol': 0.0001, 'verbose': 0}",0.01915884017944336
Coffee,5,2,8,5,LogisticRegression,Scaling,2,{'sigma': 0.5},0.7716666666666666,0.7587054052217342,"{'C': np.float64(2.6366508987303554), 'class_weight': 'balanced', 'dual': False, 'fit_intercept': True, 'intercept_scaling': 1, 'l1_ratio': None, 'max_iter': 100, 'multi_class': 'deprecated', 'n_jobs': None, 'penalty': 'l1', 'random_state': 42, 'solver': 'saga', 'tol': 0.0001, 'verbose': 0, 'warm_start': False}",0.08664274215698242
Coffee,5,2,8,5,KNN,Scaling,3,{'sigma': 0.3},0.7483333333333333,0.7379007603173814,"{'algorithm': 'auto', 'leaf_size': 30, 'metric': 'minkowski', 'metric_params': None, 'n_jobs': None, 'n_neighbors': np.int64(5), 'p': 3, 'weights': 'distance'}",0.03659820556640625
Coffee,5,2,8,5,RandomForest,Scaling,3,{'sigma': 0.3},0.7333333333333333,0.7129350622331387,"{'bootstrap': True, 'ccp_alpha': 0.0, 'class_weight': 'balanced', 'criterion': 'gini', 'max_depth': 30, 'max_features': 'sqrt', 'max_leaf_nodes': None, 'max_samples': None, 'min_impurity_decrease': 0.0, 'min_samples_leaf': 1, 'min_samples_split': 2, 'min_weight_fraction_leaf': 0.0, 'monotonic_cst': None, 'n_estimators': 150, 'n_jobs': None, 'oob_score': False, 'random_state': 42, 'verbose': 0, 'warm_start': False}",0.6178145408630371
Coffee,5,2,8,5,LinearSVC,Scaling,3,{'sigma': 0.3},0.7416666666666667,0.7304470270467178,"{'C': np.float64(0.2069138081114788), 'class_weight': 'balanced', 'dual': False, 'fit_intercept': False, 'intercept_scaling': 1, 'loss': 'squared_hinge', 'max_iter': 100, 'multi_class': 'ovr', 'penalty': 'l2', 'random_state': 42, 'tol': 0.0001, 'verbose': 0}",0.009108781814575195
Coffee,5,2,8,5,LogisticRegression,Scaling,3,{'sigma': 0.3},0.725,0.7147270606428271,"{'C': np.float64(2.6366508987303554), 'class_weight': 'balanced', 'dual': False, 'fit_intercept': True, 'intercept_scaling': 1, 'l1_ratio': None, 'max_iter': 100, 'multi_class': 'deprecated', 'n_jobs': None, 'penalty': 'l1', 'random_state': 42, 'solver': 'saga', 'tol': 0.0001, 'verbose': 0, 'warm_start': False}",0.10468769073486328
Coffee,5,2,8,5,KNN,Scaling,4,{'sigma': 0.2},0.6666666666666666,0.6607586019181196,"{'algorithm': 'auto', 'leaf_size': 30, 'metric': 'minkowski', 'metric_params': None, 'n_jobs': None, 'n_neighbors': np.int64(5), 'p': 3, 'weights': 'distance'}",0.03746151924133301
Coffee,5,2,8,5,RandomForest,Scaling,4,{'sigma': 0.2},0.6633333333333333,0.6560718027910911,"{'bootstrap': True, 'ccp_alpha': 0.0, 'class_weight': 'balanced', 'criterion': 'gini', 'max_depth': None, 'max_features': 'sqrt', 'max_leaf_nodes': None, 'max_samples': None, 'min_impurity_decrease': 0.0, 'min_samples_leaf': 1, 'min_samples_split': 2, 'min_weight_fraction_leaf': 0.0, 'monotonic_cst': None, 'n_estimators': 50, 'n_jobs': None, 'oob_score': False, 'random_state': 42, 'verbose': 0, 'warm_start': False}",0.20017027854919434
Coffee,5,2,8,5,LinearSVC,Scaling,4,{'sigma': 0.2},0.8083333333333333,0.7943789783601085,"{'C': np.float64(183.29807108324337), 'class_weight': 'balanced', 'dual': False, 'fit_intercept': True, 'intercept_scaling': 1, 'loss': 'squared_hinge', 'max_iter': 100, 'multi_class': 'ovr', 'penalty': 'l1', 'random_state': 42, 'tol': 0.0001, 'verbose': 0}",0.023838281631469727
Coffee,5,2,8,5,LogisticRegression,Scaling,4,{'sigma': 0.2},0.8133333333333334,0.7989528354561065,"{'C': np.float64(33.59818286283781), 'class_weight': 'balanced', 'dual': False, 'fit_intercept': True, 'intercept_scaling': 1, 'l1_ratio': None, 'max_iter': 100, 'multi_class': 'deprecated', 'n_jobs': None, 'penalty': 'l1', 'random_state': 42, 'solver': 'saga', 'tol': 0.0001, 'verbose': 0, 'warm_start': False}",0.10998749732971191
Coffee,5,2,8,5,KNN,Scaling,5,{'sigma': 0.5},0.6666666666666666,0.661532266183429,"{'algorithm': 'auto', 'leaf_size': 30, 'metric': 'minkowski', 'metric_params': None, 'n_jobs': None, 'n_neighbors': np.int64(5), 'p': 3, 'weights': 'distance'}",0.030452728271484375
Coffee,5,2,8,5,RandomForest,Scaling,5,{'sigma': 0.5},0.73,0.7137239082101839,"{'bootstrap': True, 'ccp_alpha': 0.0, 'class_weight': 'balanced', 'criterion': 'gini', 'max_depth': 30, 'max_features': 'sqrt', 'max_leaf_nodes': None, 'max_samples': None, 'min_impurity_decrease': 0.0, 'min_samples_leaf': 1, 'min_samples_split': 2, 'min_weight_fraction_leaf': 0.0, 'monotonic_cst': None, 'n_estimators': 150, 'n_jobs': None, 'oob_score': False, 'random_state': 42, 'verbose': 0, 'warm_start': False}",0.6038122177124023
Coffee,5,2,8,5,LinearSVC,Scaling,5,{'sigma': 0.5},0.7666666666666667,0.7437430065059875,"{'C': np.float64(33.59818286283781), 'class_weight': None, 'dual': False, 'fit_intercept': True, 'intercept_scaling': 1, 'loss': 'squared_hinge', 'max_iter': 100, 'multi_class': 'ovr', 'penalty': 'l1', 'random_state': 42, 'tol': 0.001, 'verbose': 0}",0.025207996368408203
Coffee,5,2,8,5,LogisticRegression,Scaling,5,{'sigma': 0.5},0.765,0.7406728063938561,"{'C': np.float64(183.29807108324337), 'class_weight': None, 'dual': False, 'fit_intercept': True, 'intercept_scaling': 1, 'l1_ratio': None, 'max_iter': 100, 'multi_class': 'deprecated', 'n_jobs': None, 'penalty': 'l2', 'random_state': 42, 'solver': 'saga', 'tol': 0.0001, 'verbose': 0, 'warm_start': False}",0.08153820037841797
Coffee,5,2,8,5,KNN,Scaling,6,{'sigma': 0.1},0.6666666666666666,0.6612654320987654,"{'algorithm': 'auto', 'leaf_size': 30, 'metric': 'minkowski', 'metric_params': None, 'n_jobs': None, 'n_neighbors': np.int64(5), 'p': 3, 'weights': 'distance'}",0.02634882926940918
Coffee,5,2,8,5,RandomForest,Scaling,6,{'sigma': 0.1},0.6183333333333333,0.6055012263288884,"{'bootstrap': True, 'ccp_alpha': 0.0, 'class_weight': 'balanced', 'criterion': 'gini', 'max_depth': None, 'max_features': 'sqrt', 'max_leaf_nodes': None, 'max_samples': None, 'min_impurity_decrease': 0.0, 'min_samples_leaf': 1, 'min_samples_split': 2, 'min_weight_fraction_leaf': 0.0, 'monotonic_cst': None, 'n_estimators': 50, 'n_jobs': None, 'oob_score': False, 'random_state': 42, 'verbose': 0, 'warm_start': False}",0.20259904861450195
Coffee,5,2,8,5,LinearSVC,Scaling,6,{'sigma': 0.1},0.7683333333333333,0.758179778857754,"{'C': np.float64(0.2069138081114788), 'class_weight': 'balanced', 'dual': False, 'fit_intercept': False, 'intercept_scaling': 1, 'loss': 'squared_hinge', 'max_iter': 100, 'multi_class': 'ovr', 'penalty': 'l2', 'random_state': 42, 'tol': 0.0001, 'verbose': 0}",0.009367227554321289
Coffee,5,2,8,5,LogisticRegression,Scaling,6,{'sigma': 0.1},0.7083333333333334,0.7044444444444444,"{'C': np.float64(1000.0), 'class_weight': 'balanced', 'dual': False, 'fit_intercept': True, 'intercept_scaling': 1, 'l1_ratio': None, 'max_iter': 100, 'multi_class': 'deprecated', 'n_jobs': None, 'penalty': 'l2', 'random_state': 42, 'solver': 'sag', 'tol': 0.0001, 'verbose': 0, 'warm_start': False}",0.07684659957885742
Coffee,5,2,8,5,KNN,Scaling,7,{'sigma': 0.3},0.6733333333333333,0.6673989668913527,"{'algorithm': 'auto', 'leaf_size': 30, 'metric': 'manhattan', 'metric_params': None, 'n_jobs': None, 'n_neighbors': np.int64(5), 'p': 2, 'weights': 'distance'}",0.014087677001953125
Coffee,5,2,8,5,RandomForest,Scaling,7,{'sigma': 0.3},0.61,0.5983699976391427,"{'bootstrap': True, 'ccp_alpha': 0.0, 'class_weight': 'balanced', 'criterion': 'gini', 'max_depth': None, 'max_features': 'sqrt', 'max_leaf_nodes': None, 'max_samples': None, 'min_impurity_decrease': 0.0, 'min_samples_leaf': 1, 'min_samples_split': 2, 'min_weight_fraction_leaf': 0.0, 'monotonic_cst': None, 'n_estimators': 50, 'n_jobs': None, 'oob_score': False, 'random_state': 42, 'verbose': 0, 'warm_start': False}",0.23179125785827637
Coffee,5,2,8,5,LinearSVC,Scaling,7,{'sigma': 0.3},0.785,0.7712782652264804,"{'C': np.float64(33.59818286283781), 'class_weight': 'balanced', 'dual': False, 'fit_intercept': True, 'intercept_scaling': 1, 'loss': 'squared_hinge', 'max_iter': 100, 'multi_class': 'ovr', 'penalty': 'l1', 'random_state': 42, 'tol': 0.0001, 'verbose': 0}",0.031232595443725586
Coffee,5,2,8,5,LogisticRegression,Scaling,7,{'sigma': 0.3},0.715,0.7100876117557418,"{'C': np.float64(1000.0), 'class_weight': 'balanced', 'dual': False, 'fit_intercept': True, 'intercept_scaling': 1, 'l1_ratio': None, 'max_iter': 100, 'multi_class': 'deprecated', 'n_jobs': None, 'penalty': 'l2', 'random_state': 42, 'solver': 'sag', 'tol': 0.0001, 'verbose': 0, 'warm_start': False}",0.07858777046203613
Coffee,5,2,8,5,KNN,Scaling,8,{'sigma': 0.1},0.6666666666666666,0.6612654320987654,"{'algorithm': 'auto', 'leaf_size': 30, 'metric': 'minkowski', 'metric_params': None, 'n_jobs': None, 'n_neighbors': np.int64(5), 'p': 3, 'weights': 'distance'}",0.03475332260131836
Coffee,5,2,8,5,RandomForest,Scaling,8,{'sigma': 0.1},0.6466666666666666,0.6408750911511198,"{'bootstrap': True, 'ccp_alpha': 0.0, 'class_weight': 'balanced', 'criterion': 'gini', 'max_depth': None, 'max_features': 'sqrt', 'max_leaf_nodes': None, 'max_samples': None, 'min_impurity_decrease': 0.0, 'min_samples_leaf': 1, 'min_samples_split': 2, 'min_weight_fraction_leaf': 0.0, 'monotonic_cst': None, 'n_estimators': 50, 'n_jobs': None, 'oob_score': False, 'random_state': 42, 'verbose': 0, 'warm_start': False}",0.18776583671569824
Coffee,5,2,8,5,LinearSVC,Scaling,8,{'sigma': 0.1},0.7333333333333333,0.7248880084666512,"{'C': np.float64(2.6366508987303554), 'class_weight': 'balanced', 'dual': False, 'fit_intercept': True, 'intercept_scaling': 1, 'loss': 'squared_hinge', 'max_iter': 100, 'multi_class': 'ovr', 'penalty': 'l1', 'random_state': 42, 'tol': 0.0001, 'verbose': 0}",0.02775406837463379
Coffee,5,2,8,5,LogisticRegression,Scaling,8,{'sigma': 0.1},0.7666666666666667,0.7537193818839388,"{'C': np.float64(1000.0), 'class_weight': 'balanced', 'dual': False, 'fit_intercept': True, 'intercept_scaling': 1, 'l1_ratio': None, 'max_iter': 100, 'multi_class': 'deprecated', 'n_jobs': None, 'penalty': 'l2', 'random_state': 42, 'solver': 'sag', 'tol': 0.0001, 'verbose': 0, 'warm_start': False}",0.06273341178894043
Coffee,5,2,8,5,KNN,Scaling,9,{'sigma': 0.3},0.6766666666666666,0.6699187726991878,"{'algorithm': 'auto', 'leaf_size': 30, 'metric': 'manhattan', 'metric_params': None, 'n_jobs': None, 'n_neighbors': np.int64(5), 'p': 2, 'weights': 'distance'}",0.012078046798706055
Coffee,5,2,8,5,RandomForest,Scaling,9,{'sigma': 0.3},0.7083333333333334,0.6981727012161085,"{'bootstrap': True, 'ccp_alpha': 0.0, 'class_weight': 'balanced', 'criterion': 'gini', 'max_depth': 30, 'max_features': 'sqrt', 'max_leaf_nodes': None, 'max_samples': None, 'min_impurity_decrease': 0.0, 'min_samples_leaf': 1, 'min_samples_split': 2, 'min_weight_fraction_leaf': 0.0, 'monotonic_cst': None, 'n_estimators': 150, 'n_jobs': None, 'oob_score': False, 'random_state': 42, 'verbose': 0, 'warm_start': False}",0.6075477600097656
Coffee,5,2,8,5,LinearSVC,Scaling,9,{'sigma': 0.3},0.7583333333333333,0.7487864665862185,"{'C': np.float64(2.6366508987303554), 'class_weight': 'balanced', 'dual': False, 'fit_intercept': True, 'intercept_scaling': 1, 'loss': 'squared_hinge', 'max_iter': 100, 'multi_class': 'ovr', 'penalty': 'l1', 'random_state': 42, 'tol': 0.0001, 'verbose': 0}",0.026619672775268555
Coffee,5,2,8,5,LogisticRegression,Scaling,9,{'sigma': 0.3},0.7333333333333333,0.7269893699153884,"{'C': np.float64(1000.0), 'class_weight': 'balanced', 'dual': False, 'fit_intercept': True, 'intercept_scaling': 1, 'l1_ratio': None, 'max_iter': 100, 'multi_class': 'deprecated', 'n_jobs': None, 'penalty': 'l2', 'random_state': 42, 'solver': 'sag', 'tol': 0.0001, 'verbose': 0, 'warm_start': False}",0.07606816291809082
Coffee,5,2,8,5,KNN,Scaling,10,{'sigma': 0.5},0.665,0.6594413094190951,"{'algorithm': 'auto', 'leaf_size': 30, 'metric': 'minkowski', 'metric_params': None, 'n_jobs': None, 'n_neighbors': np.int64(5), 'p': 3, 'weights': 'distance'}",0.045441389083862305
Coffee,5,2,8,5,RandomForest,Scaling,10,{'sigma': 0.5},0.715,0.697398981678733,"{'bootstrap': True, 'ccp_alpha': 0.0, 'class_weight': 'balanced', 'criterion': 'gini', 'max_depth': 30, 'max_features': 'sqrt', 'max_leaf_nodes': None, 'max_samples': None, 'min_impurity_decrease': 0.0, 'min_samples_leaf': 1, 'min_samples_split': 2, 'min_weight_fraction_leaf': 0.0, 'monotonic_cst': None, 'n_estimators': 150, 'n_jobs': None, 'oob_score': False, 'random_state': 42, 'verbose': 0, 'warm_start': False}",0.6342287063598633
Coffee,5,2,8,5,LinearSVC,Scaling,10,{'sigma': 0.5},0.7,0.6840199339228286,"{'C': np.float64(183.29807108324337), 'class_weight': 'balanced', 'dual': False, 'fit_intercept': True, 'intercept_scaling': 1, 'loss': 'squared_hinge', 'max_iter': 100, 'multi_class': 'ovr', 'penalty': 'l1', 'random_state': 42, 'tol': 0.0001, 'verbose': 0}",0.023014307022094727
Coffee,5,2,8,5,LogisticRegression,Scaling,10,{'sigma': 0.5},0.6933333333333334,0.6794626343922119,"{'C': np.float64(33.59818286283781), 'class_weight': 'balanced', 'dual': False, 'fit_intercept': True, 'intercept_scaling': 1, 'l1_ratio': None, 'max_iter': 100, 'multi_class': 'deprecated', 'n_jobs': None, 'penalty': 'l2', 'random_state': 42, 'solver': 'saga', 'tol': 0.0001, 'verbose': 0, 'warm_start': False}",0.04800057411193848
Coffee,5,2,8,10,KNN,Scaling,1,{'sigma': 0.1},0.6633333333333333,0.6563534426169457,"{'algorithm': 'auto', 'leaf_size': 30, 'metric': 'minkowski', 'metric_params': None, 'n_jobs': None, 'n_neighbors': 5, 'p': 2, 'weights': 'uniform'}",0.02999138832092285
Coffee,5,2,8,10,RandomForest,Scaling,1,{'sigma': 0.1},0.6483333333333333,0.6409563577908902,"{'bootstrap': True, 'ccp_alpha': 0.0, 'class_weight': None, 'criterion': 'gini', 'max_depth': None, 'max_features': 'sqrt', 'max_leaf_nodes': None, 'max_samples': None, 'min_impurity_decrease': 0.0, 'min_samples_leaf': 1, 'min_samples_split': 2, 'min_weight_fraction_leaf': 0.0, 'monotonic_cst': None, 'n_estimators': 100, 'n_jobs': None, 'oob_score': False, 'random_state': 42, 'verbose': 0, 'warm_start': False}",0.632368803024292
Coffee,5,2,8,10,LinearSVC,Scaling,1,{'sigma': 0.1},0.735,0.7283427270238442,"{'C': 1.0, 'class_weight': None, 'dual': False, 'fit_intercept': True, 'intercept_scaling': 1, 'loss': 'squared_hinge', 'max_iter': 100, 'multi_class': 'ovr', 'penalty': 'l2', 'random_state': 42, 'tol': 0.0001, 'verbose': 0}",0.016646862030029297
Coffee,5,2,8,10,LogisticRegression,Scaling,1,{'sigma': 0.1},0.7366666666666667,0.729833446457474,"{'C': 1.0, 'class_weight': None, 'dual': False, 'fit_intercept': True, 'intercept_scaling': 1, 'l1_ratio': None, 'max_iter': 100, 'multi_class': 'deprecated', 'n_jobs': None, 'penalty': 'l2', 'random_state': 42, 'solver': 'lbfgs', 'tol': 0.0001, 'verbose': 0, 'warm_start': False}",0.16746282577514648
Coffee,5,2,8,10,KNN,Scaling,2,{'sigma': 0.5},0.7,0.6925258711938259,"{'algorithm': 'auto', 'leaf_size': 30, 'metric': 'minkowski', 'metric_params': None, 'n_jobs': None, 'n_neighbors': 5, 'p': 2, 'weights': 'uniform'}",0.04095053672790527
Coffee,5,2,8,10,RandomForest,Scaling,2,{'sigma': 0.5},0.6483333333333333,0.6345270474346464,"{'bootstrap': True, 'ccp_alpha': 0.0, 'class_weight': None, 'criterion': 'gini', 'max_depth': None, 'max_features': 'sqrt', 'max_leaf_nodes': None, 'max_samples': None, 'min_impurity_decrease': 0.0, 'min_samples_leaf': 1, 'min_samples_split': 2, 'min_weight_fraction_leaf': 0.0, 'monotonic_cst': None, 'n_estimators': 100, 'n_jobs': None, 'oob_score': False, 'random_state': 42, 'verbose': 0, 'warm_start': False}",0.9396054744720459
Coffee,5,2,8,10,LinearSVC,Scaling,2,{'sigma': 0.5},0.71,0.7001173623800717,"{'C': 1.0, 'class_weight': None, 'dual': False, 'fit_intercept': True, 'intercept_scaling': 1, 'loss': 'squared_hinge', 'max_iter': 100, 'multi_class': 'ovr', 'penalty': 'l2', 'random_state': 42, 'tol': 0.0001, 'verbose': 0}",0.017681360244750977
Coffee,5,2,8,10,LogisticRegression,Scaling,2,{'sigma': 0.5},0.7166666666666667,0.7087582695313491,"{'C': 1.0, 'class_weight': None, 'dual': False, 'fit_intercept': True, 'intercept_scaling': 1, 'l1_ratio': None, 'max_iter': 100, 'multi_class': 'deprecated', 'n_jobs': None, 'penalty': 'l2', 'random_state': 42, 'solver': 'lbfgs', 'tol': 0.0001, 'verbose': 0, 'warm_start': False}",0.07075357437133789
Coffee,5,2,8,10,KNN,Scaling,3,{'sigma': 0.3},0.6816666666666666,0.6752843155142005,"{'algorithm': 'auto', 'leaf_size': 30, 'metric': 'minkowski', 'metric_params': None, 'n_jobs': None, 'n_neighbors': 5, 'p': 2, 'weights': 'uniform'}",0.03961658477783203
Coffee,5,2,8,10,RandomForest,Scaling,3,{'sigma': 0.3},0.6583333333333333,0.6473584039814771,"{'bootstrap': True, 'ccp_alpha': 0.0, 'class_weight': None, 'criterion': 'gini', 'max_depth': None, 'max_features': 'sqrt', 'max_leaf_nodes': None, 'max_samples': None, 'min_impurity_decrease': 0.0, 'min_samples_leaf': 1, 'min_samples_split': 2, 'min_weight_fraction_leaf': 0.0, 'monotonic_cst': None, 'n_estimators': 100, 'n_jobs': None, 'oob_score': False, 'random_state': 42, 'verbose': 0, 'warm_start': False}",0.8274564743041992
Coffee,5,2,8,10,LinearSVC,Scaling,3,{'sigma': 0.3},0.75,0.7416791388635243,"{'C': 1.0, 'class_weight': None, 'dual': False, 'fit_intercept': True, 'intercept_scaling': 1, 'loss': 'squared_hinge', 'max_iter': 100, 'multi_class': 'ovr', 'penalty': 'l2', 'random_state': 42, 'tol': 0.0001, 'verbose': 0}",0.015762805938720703
Coffee,5,2,8,10,LogisticRegression,Scaling,3,{'sigma': 0.3},0.7333333333333333,0.7269893699153884,"{'C': 1.0, 'class_weight': None, 'dual': False, 'fit_intercept': True, 'intercept_scaling': 1, 'l1_ratio': None, 'max_iter': 100, 'multi_class': 'deprecated', 'n_jobs': None, 'penalty': 'l2', 'random_state': 42, 'solver': 'lbfgs', 'tol': 0.0001, 'verbose': 0, 'warm_start': False}",0.04081606864929199
Coffee,5,2,8,10,KNN,Scaling,4,{'sigma': 0.2},0.6666666666666666,0.6602870813397129,"{'algorithm': 'auto', 'leaf_size': 30, 'metric': 'minkowski', 'metric_params': None, 'n_jobs': None, 'n_neighbors': 5, 'p': 2, 'weights': 'uniform'}",0.03966355323791504
Coffee,5,2,8,10,RandomForest,Scaling,4,{'sigma': 0.2},0.7016666666666667,0.695877765422199,"{'bootstrap': True, 'ccp_alpha': 0.0, 'class_weight': None, 'criterion': 'gini', 'max_depth': None, 'max_features': 'sqrt', 'max_leaf_nodes': None, 'max_samples': None, 'min_impurity_decrease': 0.0, 'min_samples_leaf': 1, 'min_samples_split': 2, 'min_weight_fraction_leaf': 0.0, 'monotonic_cst': None, 'n_estimators': 100, 'n_jobs': None, 'oob_score': False, 'random_state': 42, 'verbose': 0, 'warm_start': False}",0.7394979000091553
Coffee,5,2,8,10,LinearSVC,Scaling,4,{'sigma': 0.2},0.7933333333333333,0.7807120072077337,"{'C': 1.0, 'class_weight': None, 'dual': False, 'fit_intercept': True, 'intercept_scaling': 1, 'loss': 'squared_hinge', 'max_iter': 100, 'multi_class': 'ovr', 'penalty': 'l2', 'random_state': 42, 'tol': 0.0001, 'verbose': 0}",0.017542123794555664
Coffee,5,2,8,10,LogisticRegression,Scaling,4,{'sigma': 0.2},0.8016666666666666,0.7882815700679896,"{'C': 1.0, 'class_weight': None, 'dual': False, 'fit_intercept': True, 'intercept_scaling': 1, 'l1_ratio': None, 'max_iter': 100, 'multi_class': 'deprecated', 'n_jobs': None, 'penalty': 'l2', 'random_state': 42, 'solver': 'lbfgs', 'tol': 0.0001, 'verbose': 0, 'warm_start': False}",0.0431361198425293
Coffee,5,2,8,10,KNN,Scaling,5,{'sigma': 0.5},0.7566666666666667,0.7474533991391269,"{'algorithm': 'auto', 'leaf_size': 30, 'metric': 'minkowski', 'metric_params': None, 'n_jobs': None, 'n_neighbors': 5, 'p': 2, 'weights': 'uniform'}",0.042281389236450195
Coffee,5,2,8,10,RandomForest,Scaling,5,{'sigma': 0.5},0.7416666666666667,0.72565531462954,"{'bootstrap': True, 'ccp_alpha': 0.0, 'class_weight': None, 'criterion': 'gini', 'max_depth': None, 'max_features': 'sqrt', 'max_leaf_nodes': None, 'max_samples': None, 'min_impurity_decrease': 0.0, 'min_samples_leaf': 1, 'min_samples_split': 2, 'min_weight_fraction_leaf': 0.0, 'monotonic_cst': None, 'n_estimators': 100, 'n_jobs': None, 'oob_score': False, 'random_state': 42, 'verbose': 0, 'warm_start': False}",0.956568717956543
Coffee,5,2,8,10,LinearSVC,Scaling,5,{'sigma': 0.5},0.6983333333333334,0.6963456491015546,"{'C': 1.0, 'class_weight': None, 'dual': False, 'fit_intercept': True, 'intercept_scaling': 1, 'loss': 'squared_hinge', 'max_iter': 100, 'multi_class': 'ovr', 'penalty': 'l2', 'random_state': 42, 'tol': 0.0001, 'verbose': 0}",0.01603102684020996
Coffee,5,2,8,10,LogisticRegression,Scaling,5,{'sigma': 0.5},0.7783333333333333,0.7727247519306538,"{'C': 1.0, 'class_weight': None, 'dual': False, 'fit_intercept': True, 'intercept_scaling': 1, 'l1_ratio': None, 'max_iter': 100, 'multi_class': 'deprecated', 'n_jobs': None, 'penalty': 'l2', 'random_state': 42, 'solver': 'lbfgs', 'tol': 0.0001, 'verbose': 0, 'warm_start': False}",0.02877640724182129
Coffee,5,2,8,10,KNN,Scaling,6,{'sigma': 0.1},0.6666666666666666,0.6605184625894366,"{'algorithm': 'auto', 'leaf_size': 30, 'metric': 'minkowski', 'metric_params': None, 'n_jobs': None, 'n_neighbors': 5, 'p': 2, 'weights': 'uniform'}",0.040013790130615234
Coffee,5,2,8,10,RandomForest,Scaling,6,{'sigma': 0.1},0.6183333333333333,0.6047991268579503,"{'bootstrap': True, 'ccp_alpha': 0.0, 'class_weight': None, 'criterion': 'gini', 'max_depth': None, 'max_features': 'sqrt', 'max_leaf_nodes': None, 'max_samples': None, 'min_impurity_decrease': 0.0, 'min_samples_leaf': 1, 'min_samples_split': 2, 'min_weight_fraction_leaf': 0.0, 'monotonic_cst': None, 'n_estimators': 100, 'n_jobs': None, 'oob_score': False, 'random_state': 42, 'verbose': 0, 'warm_start': False}",0.6850171089172363
Coffee,5,2,8,10,LinearSVC,Scaling,6,{'sigma': 0.1},0.7416666666666667,0.7343050551370237,"{'C': 1.0, 'class_weight': None, 'dual': False, 'fit_intercept': True, 'intercept_scaling': 1, 'loss': 'squared_hinge', 'max_iter': 100, 'multi_class': 'ovr', 'penalty': 'l2', 'random_state': 42, 'tol': 0.0001, 'verbose': 0}",0.013296127319335938
Coffee,5,2,8,10,LogisticRegression,Scaling,6,{'sigma': 0.1},0.7333333333333333,0.7268518518518519,"{'C': 1.0, 'class_weight': None, 'dual': False, 'fit_intercept': True, 'intercept_scaling': 1, 'l1_ratio': None, 'max_iter': 100, 'multi_class': 'deprecated', 'n_jobs': None, 'penalty': 'l2', 'random_state': 42, 'solver': 'lbfgs', 'tol': 0.0001, 'verbose': 0, 'warm_start': False}",0.04725360870361328
Coffee,5,2,8,10,KNN,Scaling,7,{'sigma': 0.3},0.6666666666666666,0.6610075681919362,"{'algorithm': 'auto', 'leaf_size': 30, 'metric': 'minkowski', 'metric_params': None, 'n_jobs': None, 'n_neighbors': 5, 'p': 2, 'weights': 'uniform'}",0.03368949890136719
Coffee,5,2,8,10,RandomForest,Scaling,7,{'sigma': 0.3},0.675,0.6656507582680291,"{'bootstrap': True, 'ccp_alpha': 0.0, 'class_weight': None, 'criterion': 'gini', 'max_depth': None, 'max_features': 'sqrt', 'max_leaf_nodes': None, 'max_samples': None, 'min_impurity_decrease': 0.0, 'min_samples_leaf': 1, 'min_samples_split': 2, 'min_weight_fraction_leaf': 0.0, 'monotonic_cst': None, 'n_estimators': 100, 'n_jobs': None, 'oob_score': False, 'random_state': 42, 'verbose': 0, 'warm_start': False}",0.6671416759490967
Coffee,5,2,8,10,LinearSVC,Scaling,7,{'sigma': 0.3},0.7783333333333333,0.7672269507192626,"{'C': 1.0, 'class_weight': None, 'dual': False, 'fit_intercept': True, 'intercept_scaling': 1, 'loss': 'squared_hinge', 'max_iter': 100, 'multi_class': 'ovr', 'penalty': 'l2', 'random_state': 42, 'tol': 0.0001, 'verbose': 0}",0.014022588729858398
Coffee,5,2,8,10,LogisticRegression,Scaling,7,{'sigma': 0.3},0.7716666666666666,0.7613033422810089,"{'C': 1.0, 'class_weight': None, 'dual': False, 'fit_intercept': True, 'intercept_scaling': 1, 'l1_ratio': None, 'max_iter': 100, 'multi_class': 'deprecated', 'n_jobs': None, 'penalty': 'l2', 'random_state': 42, 'solver': 'lbfgs', 'tol': 0.0001, 'verbose': 0, 'warm_start': False}",0.03281998634338379
Coffee,5,2,8,10,KNN,Scaling,8,{'sigma': 0.1},0.6666666666666666,0.6607586019181196,"{'algorithm': 'auto', 'leaf_size': 30, 'metric': 'minkowski', 'metric_params': None, 'n_jobs': None, 'n_neighbors': 5, 'p': 2, 'weights': 'uniform'}",0.03485560417175293
Coffee,5,2,8,10,RandomForest,Scaling,8,{'sigma': 0.1},0.6483333333333333,0.6394381984674719,"{'bootstrap': True, 'ccp_alpha': 0.0, 'class_weight': None, 'criterion': 'gini', 'max_depth': None, 'max_features': 'sqrt', 'max_leaf_nodes': None, 'max_samples': None, 'min_impurity_decrease': 0.0, 'min_samples_leaf': 1, 'min_samples_split': 2, 'min_weight_fraction_leaf': 0.0, 'monotonic_cst': None, 'n_estimators': 100, 'n_jobs': None, 'oob_score': False, 'random_state': 42, 'verbose': 0, 'warm_start': False}",0.694340705871582
Coffee,5,2,8,10,LinearSVC,Scaling,8,{'sigma': 0.1},0.7383333333333333,0.7313240485411376,"{'C': 1.0, 'class_weight': None, 'dual': False, 'fit_intercept': True, 'intercept_scaling': 1, 'loss': 'squared_hinge', 'max_iter': 100, 'multi_class': 'ovr', 'penalty': 'l2', 'random_state': 42, 'tol': 0.0001, 'verbose': 0}",0.014873981475830078
Coffee,5,2,8,10,LogisticRegression,Scaling,8,{'sigma': 0.1},0.735,0.7283427270238442,"{'C': 1.0, 'class_weight': None, 'dual': False, 'fit_intercept': True, 'intercept_scaling': 1, 'l1_ratio': None, 'max_iter': 100, 'multi_class': 'deprecated', 'n_jobs': None, 'penalty': 'l2', 'random_state': 42, 'solver': 'lbfgs', 'tol': 0.0001, 'verbose': 0, 'warm_start': False}",0.04958295822143555
Coffee,5,2,8,10,KNN,Scaling,9,{'sigma': 0.3},0.71,0.7013735584583898,"{'algorithm': 'auto', 'leaf_size': 30, 'metric': 'minkowski', 'metric_params': None, 'n_jobs': None, 'n_neighbors': 5, 'p': 2, 'weights': 'uniform'}",0.03636789321899414
Coffee,5,2,8,10,RandomForest,Scaling,9,{'sigma': 0.3},0.72,0.7093621604371932,"{'bootstrap': True, 'ccp_alpha': 0.0, 'class_weight': None, 'criterion': 'gini', 'max_depth': None, 'max_features': 'sqrt', 'max_leaf_nodes': None, 'max_samples': None, 'min_impurity_decrease': 0.0, 'min_samples_leaf': 1, 'min_samples_split': 2, 'min_weight_fraction_leaf': 0.0, 'monotonic_cst': None, 'n_estimators': 100, 'n_jobs': None, 'oob_score': False, 'random_state': 42, 'verbose': 0, 'warm_start': False}",0.8330650329589844
Coffee,5,2,8,10,LinearSVC,Scaling,9,{'sigma': 0.3},0.7966666666666666,0.7837668631733081,"{'C': 1.0, 'class_weight': None, 'dual': False, 'fit_intercept': True, 'intercept_scaling': 1, 'loss': 'squared_hinge', 'max_iter': 100, 'multi_class': 'ovr', 'penalty': 'l2', 'random_state': 42, 'tol': 0.0001, 'verbose': 0}",0.017688989639282227
Coffee,5,2,8,10,LogisticRegression,Scaling,9,{'sigma': 0.3},0.7966666666666666,0.7837668631733081,"{'C': 1.0, 'class_weight': None, 'dual': False, 'fit_intercept': True, 'intercept_scaling': 1, 'l1_ratio': None, 'max_iter': 100, 'multi_class': 'deprecated', 'n_jobs': None, 'penalty': 'l2', 'random_state': 42, 'solver': 'lbfgs', 'tol': 0.0001, 'verbose': 0, 'warm_start': False}",0.042485713958740234
Coffee,5,2,8,10,KNN,Scaling,10,{'sigma': 0.5},0.6633333333333333,0.656692425571144,"{'algorithm': 'auto', 'leaf_size': 30, 'metric': 'minkowski', 'metric_params': None, 'n_jobs': None, 'n_neighbors': 5, 'p': 2, 'weights': 'uniform'}",0.0426030158996582
Coffee,5,2,8,10,RandomForest,Scaling,10,{'sigma': 0.5},0.7516666666666667,0.7352989453849125,"{'bootstrap': True, 'ccp_alpha': 0.0, 'class_weight': None, 'criterion': 'gini', 'max_depth': None, 'max_features': 'sqrt', 'max_leaf_nodes': None, 'max_samples': None, 'min_impurity_decrease': 0.0, 'min_samples_leaf': 1, 'min_samples_split': 2, 'min_weight_fraction_leaf': 0.0, 'monotonic_cst': None, 'n_estimators': 100, 'n_jobs': None, 'oob_score': False, 'random_state': 42, 'verbose': 0, 'warm_start': False}",0.8917379379272461
Coffee,5,2,8,10,LinearSVC,Scaling,10,{'sigma': 0.5},0.6583333333333333,0.6590087127839002,"{'C': 1.0, 'class_weight': None, 'dual': False, 'fit_intercept': True, 'intercept_scaling': 1, 'loss': 'squared_hinge', 'max_iter': 100, 'multi_class': 'ovr', 'penalty': 'l2', 'random_state': 42, 'tol': 0.0001, 'verbose': 0}",0.012832403182983398
Coffee,5,2,8,10,LogisticRegression,Scaling,10,{'sigma': 0.5},0.7166666666666667,0.7121901950763276,"{'C': 1.0, 'class_weight': None, 'dual': False, 'fit_intercept': True, 'intercept_scaling': 1, 'l1_ratio': None, 'max_iter': 100, 'multi_class': 'deprecated', 'n_jobs': None, 'penalty': 'l2', 'random_state': 42, 'solver': 'lbfgs', 'tol': 0.0001, 'verbose': 0, 'warm_start': False}",0.023795127868652344
Coffee,5,2,9,1,KNN,Baseline,N/A,N/A,0.7483333333333333,0.7322644904253951,"{'algorithm': 'auto', 'leaf_size': 30, 'metric': 'minkowski', 'metric_params': None, 'n_jobs': None, 'n_neighbors': 5, 'p': 2, 'weights': 'uniform'}",0.02465987205505371
Coffee,5,2,9,1,KNN,Tuned_Baseline,N/A,N/A,0.6816666666666666,0.6774120791699497,"{'algorithm': 'auto', 'leaf_size': 30, 'metric': 'manhattan', 'metric_params': None, 'n_jobs': None, 'n_neighbors': np.int64(17), 'p': 2, 'weights': 'distance'}",0.005029439926147461
Coffee,5,2,9,1,RandomForest,Baseline,N/A,N/A,0.6866666666666666,0.6885714418983383,"{'bootstrap': True, 'ccp_alpha': 0.0, 'class_weight': None, 'criterion': 'gini', 'max_depth': None, 'max_features': 'sqrt', 'max_leaf_nodes': None, 'max_samples': None, 'min_impurity_decrease': 0.0, 'min_samples_leaf': 1, 'min_samples_split': 2, 'min_weight_fraction_leaf': 0.0, 'monotonic_cst': None, 'n_estimators': 100, 'n_jobs': None, 'oob_score': False, 'random_state': 42, 'verbose': 0, 'warm_start': False}",0.15778899192810059
Coffee,5,2,9,1,RandomForest,Tuned_Baseline,N/A,N/A,0.6733333333333333,0.6729060565142349,"{'bootstrap': True, 'ccp_alpha': 0.0, 'class_weight': 'balanced', 'criterion': 'gini', 'max_depth': 20, 'max_features': 'sqrt', 'max_leaf_nodes': None, 'max_samples': None, 'min_impurity_decrease': 0.0, 'min_samples_leaf': 1, 'min_samples_split': 2, 'min_weight_fraction_leaf': 0.0, 'monotonic_cst': None, 'n_estimators': 50, 'n_jobs': None, 'oob_score': False, 'random_state': 42, 'verbose': 0, 'warm_start': False}",0.0032384395599365234
Coffee,5,2,9,1,LinearSVC,Baseline,N/A,N/A,0.62,0.6243917633775592,"{'C': 1.0, 'class_weight': None, 'dual': False, 'fit_intercept': True, 'intercept_scaling': 1, 'loss': 'squared_hinge', 'max_iter': 100, 'multi_class': 'ovr', 'penalty': 'l2', 'random_state': 42, 'tol': 0.0001, 'verbose': 0}",0.0034151077270507812
Coffee,5,2,9,1,LinearSVC,Tuned_Baseline,N/A,N/A,0.635,0.6153639369443372,"{'C': np.float64(0.0001), 'class_weight': 'balanced', 'dual': False, 'fit_intercept': True, 'intercept_scaling': 1, 'loss': 'squared_hinge', 'max_iter': 100, 'multi_class': 'ovr', 'penalty': 'l2', 'random_state': 42, 'tol': 0.001, 'verbose': 0}",0.00020384788513183594
Coffee,5,2,9,1,LogisticRegression,Baseline,N/A,N/A,0.57,0.5644001831501831,"{'C': 1.0, 'class_weight': None, 'dual': False, 'fit_intercept': True, 'intercept_scaling': 1, 'l1_ratio': None, 'max_iter': 100, 'multi_class': 'deprecated', 'n_jobs': None, 'penalty': 'l2', 'random_state': 42, 'solver': 'lbfgs', 'tol': 0.0001, 'verbose': 0, 'warm_start': False}",0.11411595344543457
Coffee,5,2,9,1,LogisticRegression,Tuned_Baseline,N/A,N/A,0.64,0.6401111641981209,"{'C': np.float64(0.0012742749857031334), 'class_weight': None, 'dual': False, 'fit_intercept': True, 'intercept_scaling': 1, 'l1_ratio': None, 'max_iter': 100, 'multi_class': 'deprecated', 'n_jobs': None, 'penalty': 'l2', 'random_state': 42, 'solver': 'sag', 'tol': 0.0001, 'verbose': 0, 'warm_start': False}",0.00024509429931640625
Coffee,5,2,9,1,RNN,Tuned_Baseline,N/A,N/A,0.16666666666666666,0.047619047619047616,"{'hidden_size': 64, 'epochs': 10, 'batch_size': 32, 'lr': 0.001}",1.7404556274414062e-05
Coffee,5,2,9,2,KNN,Scaling,1,{'sigma': 0.1},0.7566666666666667,0.7422286409812197,"{'algorithm': 'auto', 'leaf_size': 30, 'metric': 'euclidean', 'metric_params': None, 'n_jobs': None, 'n_neighbors': np.int64(9), 'p': 2, 'weights': 'distance'}",0.0064334869384765625
Coffee,5,2,9,2,RandomForest,Scaling,1,{'sigma': 0.1},0.6616666666666666,0.6567158476342443,"{'bootstrap': True, 'ccp_alpha': 0.0, 'class_weight': 'balanced', 'criterion': 'gini', 'max_depth': None, 'max_features': 'sqrt', 'max_leaf_nodes': None, 'max_samples': None, 'min_impurity_decrease': 0.0, 'min_samples_leaf': 2, 'min_samples_split': 2, 'min_weight_fraction_leaf': 0.0, 'monotonic_cst': None, 'n_estimators': 150, 'n_jobs': None, 'oob_score': False, 'random_state': 42, 'verbose': 0, 'warm_start': False}",0.29231762886047363
Coffee,5,2,9,2,LinearSVC,Scaling,1,{'sigma': 0.1},0.45,0.4318337796507104,"{'C': np.float64(2.6366508987303554), 'class_weight': 'balanced', 'dual': False, 'fit_intercept': True, 'intercept_scaling': 1, 'loss': 'squared_hinge', 'max_iter': 100, 'multi_class': 'ovr', 'penalty': 'l1', 'random_state': 42, 'tol': 0.0001, 'verbose': 0}",0.010170698165893555
Coffee,5,2,9,2,LogisticRegression,Scaling,1,{'sigma': 0.1},0.545,0.5539610455553297,"{'C': np.float64(1000.0), 'class_weight': 'balanced', 'dual': False, 'fit_intercept': True, 'intercept_scaling': 1, 'l1_ratio': None, 'max_iter': 100, 'multi_class': 'deprecated', 'n_jobs': None, 'penalty': 'l2', 'random_state': 42, 'solver': 'sag', 'tol': 0.0001, 'verbose': 0, 'warm_start': False}",0.03432917594909668
Coffee,5,2,9,2,KNN,Scaling,2,{'sigma': 0.5},0.8033333333333333,0.799499111103502,"{'algorithm': 'auto', 'leaf_size': 30, 'metric': 'chebyshev', 'metric_params': None, 'n_jobs': None, 'n_neighbors': np.int64(5), 'p': 2, 'weights': 'uniform'}",0.03075122833251953
Coffee,5,2,9,2,RandomForest,Scaling,2,{'sigma': 0.5},0.715,0.7172317149932691,"{'bootstrap': True, 'ccp_alpha': 0.0, 'class_weight': 'balanced', 'criterion': 'gini', 'max_depth': None, 'max_features': 'sqrt', 'max_leaf_nodes': None, 'max_samples': None, 'min_impurity_decrease': 0.0, 'min_samples_leaf': 2, 'min_samples_split': 2, 'min_weight_fraction_leaf': 0.0, 'monotonic_cst': None, 'n_estimators': 150, 'n_jobs': None, 'oob_score': False, 'random_state': 42, 'verbose': 0, 'warm_start': False}",0.3202784061431885
Coffee,5,2,9,2,LinearSVC,Scaling,2,{'sigma': 0.5},0.635,0.6355621822474412,"{'C': np.float64(33.59818286283781), 'class_weight': None, 'dual': False, 'fit_intercept': True, 'intercept_scaling': 1, 'loss': 'squared_hinge', 'max_iter': 100, 'multi_class': 'ovr', 'penalty': 'l1', 'random_state': 42, 'tol': 0.001, 'verbose': 0}",0.011875629425048828
Coffee,5,2,9,2,LogisticRegression,Scaling,2,{'sigma': 0.5},0.6483333333333333,0.6512879741094382,"{'C': np.float64(1000.0), 'class_weight': 'balanced', 'dual': False, 'fit_intercept': True, 'intercept_scaling': 1, 'l1_ratio': None, 'max_iter': 100, 'multi_class': 'deprecated', 'n_jobs': None, 'penalty': 'l2', 'random_state': 42, 'solver': 'sag', 'tol': 0.0001, 'verbose': 0, 'warm_start': False}",0.026288270950317383
Coffee,5,2,9,2,KNN,Scaling,3,{'sigma': 0.3},0.7183333333333334,0.6958705832269051,"{'algorithm': 'auto', 'leaf_size': 30, 'metric': 'euclidean', 'metric_params': None, 'n_jobs': None, 'n_neighbors': np.int64(9), 'p': 2, 'weights': 'distance'}",0.008317708969116211
Coffee,5,2,9,2,RandomForest,Scaling,3,{'sigma': 0.3},0.7716666666666666,0.7672865185400104,"{'bootstrap': True, 'ccp_alpha': 0.0, 'class_weight': 'balanced', 'criterion': 'gini', 'max_depth': 20, 'max_features': 'sqrt', 'max_leaf_nodes': None, 'max_samples': None, 'min_impurity_decrease': 0.0, 'min_samples_leaf': 1, 'min_samples_split': 2, 'min_weight_fraction_leaf': 0.0, 'monotonic_cst': None, 'n_estimators': 50, 'n_jobs': None, 'oob_score': False, 'random_state': 42, 'verbose': 0, 'warm_start': False}",0.2698991298675537
Coffee,5,2,9,2,LinearSVC,Scaling,3,{'sigma': 0.3},0.56,0.5539513632241788,"{'C': np.float64(183.29807108324337), 'class_weight': 'balanced', 'dual': False, 'fit_intercept': True, 'intercept_scaling': 1, 'loss': 'squared_hinge', 'max_iter': 100, 'multi_class': 'ovr', 'penalty': 'l1', 'random_state': 42, 'tol': 0.0001, 'verbose': 0}",0.011630535125732422
Coffee,5,2,9,2,LogisticRegression,Scaling,3,{'sigma': 0.3},0.57,0.5703468294850089,"{'C': np.float64(1000.0), 'class_weight': 'balanced', 'dual': False, 'fit_intercept': True, 'intercept_scaling': 1, 'l1_ratio': None, 'max_iter': 100, 'multi_class': 'deprecated', 'n_jobs': None, 'penalty': 'l2', 'random_state': 42, 'solver': 'sag', 'tol': 0.0001, 'verbose': 0, 'warm_start': False}",0.028180599212646484
Coffee,5,2,9,2,KNN,Scaling,4,{'sigma': 0.2},0.7583333333333333,0.7442071745477318,"{'algorithm': 'auto', 'leaf_size': 30, 'metric': 'euclidean', 'metric_params': None, 'n_jobs': None, 'n_neighbors': np.int64(9), 'p': 2, 'weights': 'distance'}",0.008872270584106445
Coffee,5,2,9,2,RandomForest,Scaling,4,{'sigma': 0.2},0.85,0.8446510050561106,"{'bootstrap': True, 'ccp_alpha': 0.0, 'class_weight': 'balanced', 'criterion': 'gini', 'max_depth': None, 'max_features': 'sqrt', 'max_leaf_nodes': None, 'max_samples': None, 'min_impurity_decrease': 0.0, 'min_samples_leaf': 1, 'min_samples_split': 2, 'min_weight_fraction_leaf': 0.0, 'monotonic_cst': None, 'n_estimators': 50, 'n_jobs': None, 'oob_score': False, 'random_state': 42, 'verbose': 0, 'warm_start': False}",0.10104870796203613
Coffee,5,2,9,2,LinearSVC,Scaling,4,{'sigma': 0.2},0.715,0.7151214331065932,"{'C': np.float64(183.29807108324337), 'class_weight': None, 'dual': False, 'fit_intercept': True, 'intercept_scaling': 1, 'loss': 'squared_hinge', 'max_iter': 100, 'multi_class': 'ovr', 'penalty': 'l1', 'random_state': 42, 'tol': 0.001, 'verbose': 0}",0.011323690414428711
Coffee,5,2,9,2,LogisticRegression,Scaling,4,{'sigma': 0.2},0.6333333333333333,0.6353322011881151,"{'C': np.float64(1000.0), 'class_weight': 'balanced', 'dual': False, 'fit_intercept': True, 'intercept_scaling': 1, 'l1_ratio': None, 'max_iter': 100, 'multi_class': 'deprecated', 'n_jobs': None, 'penalty': 'l2', 'random_state': 42, 'solver': 'sag', 'tol': 0.0001, 'verbose': 0, 'warm_start': False}",0.025551795959472656
Coffee,5,2,9,2,KNN,Scaling,5,{'sigma': 0.5},0.7333333333333333,0.714050564057972,"{'algorithm': 'auto', 'leaf_size': 30, 'metric': 'chebyshev', 'metric_params': None, 'n_jobs': None, 'n_neighbors': np.int64(5), 'p': 2, 'weights': 'uniform'}",0.030099868774414062
Coffee,5,2,9,2,RandomForest,Scaling,5,{'sigma': 0.5},0.7666666666666667,0.7663063681994317,"{'bootstrap': True, 'ccp_alpha': 0.0, 'class_weight': 'balanced', 'criterion': 'gini', 'max_depth': 30, 'max_features': 'sqrt', 'max_leaf_nodes': None, 'max_samples': None, 'min_impurity_decrease': 0.0, 'min_samples_leaf': 1, 'min_samples_split': 2, 'min_weight_fraction_leaf': 0.0, 'monotonic_cst': None, 'n_estimators': 150, 'n_jobs': None, 'oob_score': False, 'random_state': 42, 'verbose': 0, 'warm_start': False}",0.3797800540924072
Coffee,5,2,9,2,LinearSVC,Scaling,5,{'sigma': 0.5},0.5683333333333334,0.5594758165807359,"{'C': np.float64(2.6366508987303554), 'class_weight': 'balanced', 'dual': False, 'fit_intercept': True, 'intercept_scaling': 1, 'loss': 'squared_hinge', 'max_iter': 100, 'multi_class': 'ovr', 'penalty': 'l1', 'random_state': 42, 'tol': 0.0001, 'verbose': 0}",0.01334524154663086
Coffee,5,2,9,2,LogisticRegression,Scaling,5,{'sigma': 0.5},0.47333333333333333,0.4489337722126076,"{'C': np.float64(1000.0), 'class_weight': 'balanced', 'dual': False, 'fit_intercept': True, 'intercept_scaling': 1, 'l1_ratio': None, 'max_iter': 100, 'multi_class': 'deprecated', 'n_jobs': None, 'penalty': 'l2', 'random_state': 42, 'solver': 'sag', 'tol': 0.0001, 'verbose': 0, 'warm_start': False}",0.026050567626953125
Coffee,5,2,9,2,KNN,Scaling,6,{'sigma': 0.1},0.7266666666666667,0.7061561245771772,"{'algorithm': 'auto', 'leaf_size': 30, 'metric': 'euclidean', 'metric_params': None, 'n_jobs': None, 'n_neighbors': np.int64(9), 'p': 2, 'weights': 'distance'}",0.00798654556274414
Coffee,5,2,9,2,RandomForest,Scaling,6,{'sigma': 0.1},0.73,0.7347120779402362,"{'bootstrap': True, 'ccp_alpha': 0.0, 'class_weight': 'balanced', 'criterion': 'gini', 'max_depth': None, 'max_features': 'sqrt', 'max_leaf_nodes': None, 'max_samples': None, 'min_impurity_decrease': 0.0, 'min_samples_leaf': 2, 'min_samples_split': 2, 'min_weight_fraction_leaf': 0.0, 'monotonic_cst': None, 'n_estimators': 150, 'n_jobs': None, 'oob_score': False, 'random_state': 42, 'verbose': 0, 'warm_start': False}",0.2922368049621582
Coffee,5,2,9,2,LinearSVC,Scaling,6,{'sigma': 0.1},0.47333333333333333,0.46093081309165634,"{'C': np.float64(183.29807108324337), 'class_weight': None, 'dual': False, 'fit_intercept': True, 'intercept_scaling': 1, 'loss': 'squared_hinge', 'max_iter': 100, 'multi_class': 'ovr', 'penalty': 'l1', 'random_state': 42, 'tol': 0.001, 'verbose': 0}",0.010661125183105469
Coffee,5,2,9,2,LogisticRegression,Scaling,6,{'sigma': 0.1},0.5233333333333333,0.5220454029461741,"{'C': np.float64(1000.0), 'class_weight': 'balanced', 'dual': False, 'fit_intercept': True, 'intercept_scaling': 1, 'l1_ratio': None, 'max_iter': 100, 'multi_class': 'deprecated', 'n_jobs': None, 'penalty': 'l2', 'random_state': 42, 'solver': 'sag', 'tol': 0.0001, 'verbose': 0, 'warm_start': False}",0.028488636016845703
Coffee,5,2,9,2,KNN,Scaling,7,{'sigma': 0.3},0.7666666666666667,0.7552603576699962,"{'algorithm': 'auto', 'leaf_size': 30, 'metric': 'chebyshev', 'metric_params': None, 'n_jobs': None, 'n_neighbors': np.int64(5), 'p': 2, 'weights': 'uniform'}",0.025146007537841797
Coffee,5,2,9,2,RandomForest,Scaling,7,{'sigma': 0.3},0.6416666666666667,0.6270281065499532,"{'bootstrap': True, 'ccp_alpha': 0.0, 'class_weight': 'balanced', 'criterion': 'gini', 'max_depth': None, 'max_features': 'sqrt', 'max_leaf_nodes': None, 'max_samples': None, 'min_impurity_decrease': 0.0, 'min_samples_leaf': 2, 'min_samples_split': 2, 'min_weight_fraction_leaf': 0.0, 'monotonic_cst': None, 'n_estimators': 150, 'n_jobs': None, 'oob_score': False, 'random_state': 42, 'verbose': 0, 'warm_start': False}",0.30657362937927246
Coffee,5,2,9,2,LinearSVC,Scaling,7,{'sigma': 0.3},0.5783333333333334,0.5570302147647059,"{'C': np.float64(183.29807108324337), 'class_weight': None, 'dual': False, 'fit_intercept': True, 'intercept_scaling': 1, 'loss': 'squared_hinge', 'max_iter': 100, 'multi_class': 'ovr', 'penalty': 'l1', 'random_state': 42, 'tol': 0.001, 'verbose': 0}",0.01002049446105957
Coffee,5,2,9,2,LogisticRegression,Scaling,7,{'sigma': 0.3},0.5433333333333333,0.5377432707371762,"{'C': np.float64(1000.0), 'class_weight': 'balanced', 'dual': False, 'fit_intercept': True, 'intercept_scaling': 1, 'l1_ratio': None, 'max_iter': 100, 'multi_class': 'deprecated', 'n_jobs': None, 'penalty': 'l2', 'random_state': 42, 'solver': 'sag', 'tol': 0.0001, 'verbose': 0, 'warm_start': False}",0.03304457664489746
Coffee,5,2,9,2,KNN,Scaling,8,{'sigma': 0.1},0.7583333333333333,0.7442050111355876,"{'algorithm': 'auto', 'leaf_size': 30, 'metric': 'euclidean', 'metric_params': None, 'n_jobs': None, 'n_neighbors': np.int64(9), 'p': 2, 'weights': 'distance'}",0.008131027221679688
Coffee,5,2,9,2,RandomForest,Scaling,8,{'sigma': 0.1},0.7133333333333334,0.6981180607113189,"{'bootstrap': True, 'ccp_alpha': 0.0, 'class_weight': 'balanced', 'criterion': 'gini', 'max_depth': 20, 'max_features': 'sqrt', 'max_leaf_nodes': None, 'max_samples': None, 'min_impurity_decrease': 0.0, 'min_samples_leaf': 1, 'min_samples_split': 2, 'min_weight_fraction_leaf': 0.0, 'monotonic_cst': None, 'n_estimators': 50, 'n_jobs': None, 'oob_score': False, 'random_state': 42, 'verbose': 0, 'warm_start': False}",0.15299105644226074
Coffee,5,2,9,2,LinearSVC,Scaling,8,{'sigma': 0.1},0.5033333333333333,0.48362202684976013,"{'C': np.float64(183.29807108324337), 'class_weight': 'balanced', 'dual': False, 'fit_intercept': True, 'intercept_scaling': 1, 'loss': 'squared_hinge', 'max_iter': 100, 'multi_class': 'ovr', 'penalty': 'l1', 'random_state': 42, 'tol': 0.0001, 'verbose': 0}",0.012537717819213867
Coffee,5,2,9,2,LogisticRegression,Scaling,8,{'sigma': 0.1},0.5783333333333334,0.5705467467235369,"{'C': np.float64(1000.0), 'class_weight': 'balanced', 'dual': False, 'fit_intercept': True, 'intercept_scaling': 1, 'l1_ratio': None, 'max_iter': 100, 'multi_class': 'deprecated', 'n_jobs': None, 'penalty': 'l2', 'random_state': 42, 'solver': 'sag', 'tol': 0.0001, 'verbose': 0, 'warm_start': False}",0.03166651725769043
Coffee,5,2,9,2,KNN,Scaling,9,{'sigma': 0.3},0.81,0.8070364943775794,"{'algorithm': 'auto', 'leaf_size': 30, 'metric': 'chebyshev', 'metric_params': None, 'n_jobs': None, 'n_neighbors': np.int64(5), 'p': 2, 'weights': 'uniform'}",0.02300429344177246
Coffee,5,2,9,2,RandomForest,Scaling,9,{'sigma': 0.3},0.7683333333333333,0.743390670120755,"{'bootstrap': True, 'ccp_alpha': 0.0, 'class_weight': 'balanced', 'criterion': 'gini', 'max_depth': 30, 'max_features': 'sqrt', 'max_leaf_nodes': None, 'max_samples': None, 'min_impurity_decrease': 0.0, 'min_samples_leaf': 1, 'min_samples_split': 2, 'min_weight_fraction_leaf': 0.0, 'monotonic_cst': None, 'n_estimators': 150, 'n_jobs': None, 'oob_score': False, 'random_state': 42, 'verbose': 0, 'warm_start': False}",0.3035445213317871
Coffee,5,2,9,2,LinearSVC,Scaling,9,{'sigma': 0.3},0.4533333333333333,0.4225094180116942,"{'C': np.float64(183.29807108324337), 'class_weight': None, 'dual': False, 'fit_intercept': False, 'intercept_scaling': 1, 'loss': 'squared_hinge', 'max_iter': 100, 'multi_class': 'ovr', 'penalty': 'l2', 'random_state': 42, 'tol': 0.001, 'verbose': 0}",0.005259275436401367
Coffee,5,2,9,2,LogisticRegression,Scaling,9,{'sigma': 0.3},0.48,0.4612922669959986,"{'C': np.float64(33.59818286283781), 'class_weight': 'balanced', 'dual': False, 'fit_intercept': True, 'intercept_scaling': 1, 'l1_ratio': None, 'max_iter': 100, 'multi_class': 'deprecated', 'n_jobs': None, 'penalty': 'l1', 'random_state': 42, 'solver': 'saga', 'tol': 0.0001, 'verbose': 0, 'warm_start': False}",0.04802417755126953
Coffee,5,2,9,2,KNN,Scaling,10,{'sigma': 0.5},0.8033333333333333,0.7996793145892092,"{'algorithm': 'auto', 'leaf_size': 30, 'metric': 'chebyshev', 'metric_params': None, 'n_jobs': None, 'n_neighbors': np.int64(5), 'p': 2, 'weights': 'uniform'}",0.029657840728759766
Coffee,5,2,9,2,RandomForest,Scaling,10,{'sigma': 0.5},0.615,0.596794343860638,"{'bootstrap': True, 'ccp_alpha': 0.0, 'class_weight': 'balanced', 'criterion': 'gini', 'max_depth': 20, 'max_features': 'sqrt', 'max_leaf_nodes': None, 'max_samples': None, 'min_impurity_decrease': 0.0, 'min_samples_leaf': 1, 'min_samples_split': 2, 'min_weight_fraction_leaf': 0.0, 'monotonic_cst': None, 'n_estimators': 50, 'n_jobs': None, 'oob_score': False, 'random_state': 42, 'verbose': 0, 'warm_start': False}",0.10075950622558594
Coffee,5,2,9,2,LinearSVC,Scaling,10,{'sigma': 0.5},0.47333333333333333,0.43146907411613294,"{'C': np.float64(1000.0), 'class_weight': 'balanced', 'dual': False, 'fit_intercept': True, 'intercept_scaling': 1, 'loss': 'squared_hinge', 'max_iter': 100, 'multi_class': 'ovr', 'penalty': 'l2', 'random_state': 42, 'tol': 0.001, 'verbose': 0}",0.005152225494384766
Coffee,5,2,9,2,LogisticRegression,Scaling,10,{'sigma': 0.5},0.515,0.4894840336918037,"{'C': np.float64(33.59818286283781), 'class_weight': 'balanced', 'dual': False, 'fit_intercept': True, 'intercept_scaling': 1, 'l1_ratio': None, 'max_iter': 100, 'multi_class': 'deprecated', 'n_jobs': None, 'penalty': 'l2', 'random_state': 42, 'solver': 'saga', 'tol': 0.0001, 'verbose': 0, 'warm_start': False}",0.0305478572845459
Coffee,5,2,9,3,KNN,Scaling,1,{'sigma': 0.1},0.725,0.7046346669339242,"{'algorithm': 'auto', 'leaf_size': 30, 'metric': 'euclidean', 'metric_params': None, 'n_jobs': None, 'n_neighbors': np.int64(9), 'p': 2, 'weights': 'distance'}",0.007632255554199219
Coffee,5,2,9,3,RandomForest,Scaling,1,{'sigma': 0.1},0.7033333333333334,0.7032064018386207,"{'bootstrap': True, 'ccp_alpha': 0.0, 'class_weight': 'balanced', 'criterion': 'gini', 'max_depth': 20, 'max_features': 'sqrt', 'max_leaf_nodes': None, 'max_samples': None, 'min_impurity_decrease': 0.0, 'min_samples_leaf': 2, 'min_samples_split': 10, 'min_weight_fraction_leaf': 0.0, 'monotonic_cst': None, 'n_estimators': 150, 'n_jobs': None, 'oob_score': False, 'random_state': 42, 'verbose': 0, 'warm_start': False}",0.42013978958129883
Coffee,5,2,9,3,LinearSVC,Scaling,1,{'sigma': 0.1},0.5516666666666666,0.5151104715560125,"{'C': np.float64(0.0379269019073225), 'class_weight': 'balanced', 'dual': False, 'fit_intercept': False, 'intercept_scaling': 1, 'loss': 'squared_hinge', 'max_iter': 100, 'multi_class': 'ovr', 'penalty': 'l1', 'random_state': 42, 'tol': 0.0001, 'verbose': 0}",0.011592388153076172
Coffee,5,2,9,3,LogisticRegression,Scaling,1,{'sigma': 0.1},0.4866666666666667,0.41520815121962895,"{'C': np.float64(0.08858667904100823), 'class_weight': None, 'dual': False, 'fit_intercept': False, 'intercept_scaling': 1, 'l1_ratio': None, 'max_iter': 100, 'multi_class': 'deprecated', 'n_jobs': None, 'penalty': 'l1', 'random_state': 42, 'solver': 'saga', 'tol': 0.0001, 'verbose': 0, 'warm_start': False}",0.05002856254577637
Coffee,5,2,9,3,KNN,Scaling,2,{'sigma': 0.5},0.6816666666666666,0.6504309828717186,"{'algorithm': 'auto', 'leaf_size': 30, 'metric': 'euclidean', 'metric_params': None, 'n_jobs': None, 'n_neighbors': np.int64(9), 'p': 2, 'weights': 'distance'}",0.008219480514526367
Coffee,5,2,9,3,RandomForest,Scaling,2,{'sigma': 0.5},0.8016666666666666,0.7887732934172563,"{'bootstrap': True, 'ccp_alpha': 0.0, 'class_weight': 'balanced', 'criterion': 'gini', 'max_depth': None, 'max_features': 'sqrt', 'max_leaf_nodes': None, 'max_samples': None, 'min_impurity_decrease': 0.0, 'min_samples_leaf': 2, 'min_samples_split': 20, 'min_weight_fraction_leaf': 0.0, 'monotonic_cst': None, 'n_estimators': 50, 'n_jobs': None, 'oob_score': False, 'random_state': 42, 'verbose': 0, 'warm_start': False}",0.16338396072387695
Coffee,5,2,9,3,LinearSVC,Scaling,2,{'sigma': 0.5},0.525,0.4348204068482041,"{'C': np.float64(0.08858667904100823), 'class_weight': None, 'dual': False, 'fit_intercept': False, 'intercept_scaling': 1, 'loss': 'squared_hinge', 'max_iter': 100, 'multi_class': 'ovr', 'penalty': 'l1', 'random_state': 42, 'tol': 0.0001, 'verbose': 0}",0.011965036392211914
Coffee,5,2,9,3,LogisticRegression,Scaling,2,{'sigma': 0.5},0.5516666666666666,0.5275436474115381,"{'C': np.float64(0.0379269019073225), 'class_weight': 'balanced', 'dual': False, 'fit_intercept': False, 'intercept_scaling': 1, 'l1_ratio': None, 'max_iter': 100, 'multi_class': 'deprecated', 'n_jobs': None, 'penalty': 'l1', 'random_state': 42, 'solver': 'saga', 'tol': 0.0001, 'verbose': 0, 'warm_start': False}",0.025338172912597656
Coffee,5,2,9,3,KNN,Scaling,3,{'sigma': 0.3},0.6683333333333333,0.6414262295155085,"{'algorithm': 'auto', 'leaf_size': 30, 'metric': 'euclidean', 'metric_params': None, 'n_jobs': None, 'n_neighbors': np.int64(9), 'p': 2, 'weights': 'distance'}",0.008028984069824219
Coffee,5,2,9,3,RandomForest,Scaling,3,{'sigma': 0.3},0.665,0.6611638136771425,"{'bootstrap': True, 'ccp_alpha': 0.0, 'class_weight': 'balanced', 'criterion': 'gini', 'max_depth': 10, 'max_features': 'sqrt', 'max_leaf_nodes': None, 'max_samples': None, 'min_impurity_decrease': 0.0, 'min_samples_leaf': 1, 'min_samples_split': 5, 'min_weight_fraction_leaf': 0.0, 'monotonic_cst': None, 'n_estimators': 50, 'n_jobs': None, 'oob_score': False, 'random_state': 42, 'verbose': 0, 'warm_start': False}",0.14706993103027344
Coffee,5,2,9,3,LinearSVC,Scaling,3,{'sigma': 0.3},0.405,0.2941141543081134,"{'C': np.float64(0.002976351441631319), 'class_weight': None, 'dual': False, 'fit_intercept': False, 'intercept_scaling': 1, 'loss': 'squared_hinge', 'max_iter': 100, 'multi_class': 'ovr', 'penalty': 'l1', 'random_state': 42, 'tol': 0.0001, 'verbose': 0}",0.002928495407104492
Coffee,5,2,9,3,LogisticRegression,Scaling,3,{'sigma': 0.3},0.43833333333333335,0.3138486048698853,"{'C': np.float64(0.0379269019073225), 'class_weight': 'balanced', 'dual': False, 'fit_intercept': False, 'intercept_scaling': 1, 'l1_ratio': None, 'max_iter': 100, 'multi_class': 'deprecated', 'n_jobs': None, 'penalty': 'l1', 'random_state': 42, 'solver': 'saga', 'tol': 0.0001, 'verbose': 0, 'warm_start': False}",0.020281553268432617
Coffee,5,2,9,3,KNN,Scaling,4,{'sigma': 0.2},0.7266666666666667,0.7071605974044999,"{'algorithm': 'auto', 'leaf_size': 30, 'metric': 'euclidean', 'metric_params': None, 'n_jobs': None, 'n_neighbors': np.int64(9), 'p': 2, 'weights': 'distance'}",0.007746696472167969
Coffee,5,2,9,3,RandomForest,Scaling,4,{'sigma': 0.2},0.6416666666666667,0.6255589707918963,"{'bootstrap': True, 'ccp_alpha': 0.0, 'class_weight': 'balanced', 'criterion': 'gini', 'max_depth': 20, 'max_features': 'sqrt', 'max_leaf_nodes': None, 'max_samples': None, 'min_impurity_decrease': 0.0, 'min_samples_leaf': 2, 'min_samples_split': 5, 'min_weight_fraction_leaf': 0.0, 'monotonic_cst': None, 'n_estimators': 50, 'n_jobs': None, 'oob_score': False, 'random_state': 42, 'verbose': 0, 'warm_start': False}",0.15743327140808105
Coffee,5,2,9,3,LinearSVC,Scaling,4,{'sigma': 0.2},0.5416666666666666,0.4994716857451987,"{'C': np.float64(0.08858667904100823), 'class_weight': None, 'dual': False, 'fit_intercept': False, 'intercept_scaling': 1, 'loss': 'squared_hinge', 'max_iter': 100, 'multi_class': 'ovr', 'penalty': 'l1', 'random_state': 42, 'tol': 0.0001, 'verbose': 0}",0.013098478317260742
Coffee,5,2,9,3,LogisticRegression,Scaling,4,{'sigma': 0.2},0.5083333333333333,0.39245461450855473,"{'C': np.float64(0.08858667904100823), 'class_weight': None, 'dual': False, 'fit_intercept': False, 'intercept_scaling': 1, 'l1_ratio': None, 'max_iter': 100, 'multi_class': 'deprecated', 'n_jobs': None, 'penalty': 'l1', 'random_state': 42, 'solver': 'saga', 'tol': 0.0001, 'verbose': 0, 'warm_start': False}",0.04644465446472168
Coffee,5,2,9,3,KNN,Scaling,5,{'sigma': 0.5},0.7066666666666667,0.6826518989827579,"{'algorithm': 'auto', 'leaf_size': 30, 'metric': 'euclidean', 'metric_params': None, 'n_jobs': None, 'n_neighbors': np.int64(9), 'p': 2, 'weights': 'distance'}",0.00916147232055664
Coffee,5,2,9,3,RandomForest,Scaling,5,{'sigma': 0.5},0.6483333333333333,0.6387388528978505,"{'bootstrap': True, 'ccp_alpha': 0.0, 'class_weight': 'balanced', 'criterion': 'gini', 'max_depth': 20, 'max_features': 'sqrt', 'max_leaf_nodes': None, 'max_samples': None, 'min_impurity_decrease': 0.0, 'min_samples_leaf': 2, 'min_samples_split': 5, 'min_weight_fraction_leaf': 0.0, 'monotonic_cst': None, 'n_estimators': 50, 'n_jobs': None, 'oob_score': False, 'random_state': 42, 'verbose': 0, 'warm_start': False}",0.13211750984191895
Coffee,5,2,9,3,LinearSVC,Scaling,5,{'sigma': 0.5},0.43333333333333335,0.3642433203790464,"{'C': np.float64(0.002976351441631319), 'class_weight': None, 'dual': False, 'fit_intercept': False, 'intercept_scaling': 1, 'loss': 'squared_hinge', 'max_iter': 100, 'multi_class': 'ovr', 'penalty': 'l1', 'random_state': 42, 'tol': 0.0001, 'verbose': 0}",0.003470182418823242
Coffee,5,2,9,3,LogisticRegression,Scaling,5,{'sigma': 0.5},0.43666666666666665,0.31506564894873756,"{'C': np.float64(0.0379269019073225), 'class_weight': 'balanced', 'dual': False, 'fit_intercept': False, 'intercept_scaling': 1, 'l1_ratio': None, 'max_iter': 100, 'multi_class': 'deprecated', 'n_jobs': None, 'penalty': 'l1', 'random_state': 42, 'solver': 'saga', 'tol': 0.0001, 'verbose': 0, 'warm_start': False}",0.016573190689086914
Coffee,5,2,9,3,KNN,Scaling,6,{'sigma': 0.1},0.7433333333333333,0.7267611856053581,"{'algorithm': 'auto', 'leaf_size': 30, 'metric': 'euclidean', 'metric_params': None, 'n_jobs': None, 'n_neighbors': np.int64(9), 'p': 2, 'weights': 'distance'}",0.008621931076049805
Coffee,5,2,9,3,RandomForest,Scaling,6,{'sigma': 0.1},0.7083333333333334,0.7091768360021585,"{'bootstrap': True, 'ccp_alpha': 0.0, 'class_weight': 'balanced', 'criterion': 'gini', 'max_depth': 20, 'max_features': 'sqrt', 'max_leaf_nodes': None, 'max_samples': None, 'min_impurity_decrease': 0.0, 'min_samples_leaf': 2, 'min_samples_split': 10, 'min_weight_fraction_leaf': 0.0, 'monotonic_cst': None, 'n_estimators': 150, 'n_jobs': None, 'oob_score': False, 'random_state': 42, 'verbose': 0, 'warm_start': False}",0.44051170349121094
Coffee,5,2,9,3,LinearSVC,Scaling,6,{'sigma': 0.1},0.435,0.358708255835386,"{'C': np.float64(0.002976351441631319), 'class_weight': None, 'dual': False, 'fit_intercept': False, 'intercept_scaling': 1, 'loss': 'squared_hinge', 'max_iter': 100, 'multi_class': 'ovr', 'penalty': 'l1', 'random_state': 42, 'tol': 0.0001, 'verbose': 0}",0.004599809646606445
Coffee,5,2,9,3,LogisticRegression,Scaling,6,{'sigma': 0.1},0.3416666666666667,0.26210896670958467,"{'C': np.float64(0.08858667904100823), 'class_weight': None, 'dual': False, 'fit_intercept': False, 'intercept_scaling': 1, 'l1_ratio': None, 'max_iter': 100, 'multi_class': 'deprecated', 'n_jobs': None, 'penalty': 'l1', 'random_state': 42, 'solver': 'saga', 'tol': 0.0001, 'verbose': 0, 'warm_start': False}",0.05903887748718262
Coffee,5,2,9,3,KNN,Scaling,7,{'sigma': 0.3},0.7066666666666667,0.6826518989827579,"{'algorithm': 'auto', 'leaf_size': 30, 'metric': 'euclidean', 'metric_params': None, 'n_jobs': None, 'n_neighbors': np.int64(9), 'p': 2, 'weights': 'distance'}",0.009134769439697266
Coffee,5,2,9,3,RandomForest,Scaling,7,{'sigma': 0.3},0.68,0.6785785785785786,"{'bootstrap': True, 'ccp_alpha': 0.0, 'class_weight': 'balanced', 'criterion': 'gini', 'max_depth': 20, 'max_features': 'sqrt', 'max_leaf_nodes': None, 'max_samples': None, 'min_impurity_decrease': 0.0, 'min_samples_leaf': 2, 'min_samples_split': 5, 'min_weight_fraction_leaf': 0.0, 'monotonic_cst': None, 'n_estimators': 50, 'n_jobs': None, 'oob_score': False, 'random_state': 42, 'verbose': 0, 'warm_start': False}",0.155256986618042
Coffee,5,2,9,3,LinearSVC,Scaling,7,{'sigma': 0.3},0.5683333333333334,0.552586618559983,"{'C': np.float64(0.08858667904100823), 'class_weight': None, 'dual': False, 'fit_intercept': False, 'intercept_scaling': 1, 'loss': 'squared_hinge', 'max_iter': 100, 'multi_class': 'ovr', 'penalty': 'l1', 'random_state': 42, 'tol': 0.0001, 'verbose': 0}",0.010477066040039062
Coffee,5,2,9,3,LogisticRegression,Scaling,7,{'sigma': 0.3},0.5116666666666667,0.4817834893505985,"{'C': np.float64(0.0379269019073225), 'class_weight': 'balanced', 'dual': False, 'fit_intercept': False, 'intercept_scaling': 1, 'l1_ratio': None, 'max_iter': 100, 'multi_class': 'deprecated', 'n_jobs': None, 'penalty': 'l1', 'random_state': 42, 'solver': 'saga', 'tol': 0.0001, 'verbose': 0, 'warm_start': False}",0.016887903213500977
Coffee,5,2,9,3,KNN,Scaling,8,{'sigma': 0.1},0.7433333333333333,0.7267920204091421,"{'algorithm': 'auto', 'leaf_size': 30, 'metric': 'euclidean', 'metric_params': None, 'n_jobs': None, 'n_neighbors': np.int64(9), 'p': 2, 'weights': 'distance'}",0.008126020431518555
Coffee,5,2,9,3,RandomForest,Scaling,8,{'sigma': 0.1},0.8083333333333333,0.7891154028388265,"{'bootstrap': True, 'ccp_alpha': 0.0, 'class_weight': 'balanced', 'criterion': 'gini', 'max_depth': 20, 'max_features': 'sqrt', 'max_leaf_nodes': None, 'max_samples': None, 'min_impurity_decrease': 0.0, 'min_samples_leaf': 2, 'min_samples_split': 5, 'min_weight_fraction_leaf': 0.0, 'monotonic_cst': None, 'n_estimators': 50, 'n_jobs': None, 'oob_score': False, 'random_state': 42, 'verbose': 0, 'warm_start': False}",0.15123414993286133
Coffee,5,2,9,3,LinearSVC,Scaling,8,{'sigma': 0.1},0.5366666666666666,0.4904384871378778,"{'C': np.float64(0.0379269019073225), 'class_weight': 'balanced', 'dual': False, 'fit_intercept': False, 'intercept_scaling': 1, 'loss': 'squared_hinge', 'max_iter': 100, 'multi_class': 'ovr', 'penalty': 'l1', 'random_state': 42, 'tol': 0.0001, 'verbose': 0}",0.012771844863891602
Coffee,5,2,9,3,LogisticRegression,Scaling,8,{'sigma': 0.1},0.345,0.2600560832115356,"{'C': np.float64(0.08858667904100823), 'class_weight': None, 'dual': False, 'fit_intercept': False, 'intercept_scaling': 1, 'l1_ratio': None, 'max_iter': 100, 'multi_class': 'deprecated', 'n_jobs': None, 'penalty': 'l1', 'random_state': 42, 'solver': 'saga', 'tol': 0.0001, 'verbose': 0, 'warm_start': False}",0.057984352111816406
Coffee,5,2,9,3,KNN,Scaling,9,{'sigma': 0.3},0.7266666666666667,0.7071605974044999,"{'algorithm': 'auto', 'leaf_size': 30, 'metric': 'euclidean', 'metric_params': None, 'n_jobs': None, 'n_neighbors': np.int64(9), 'p': 2, 'weights': 'distance'}",0.018117666244506836
Coffee,5,2,9,3,RandomForest,Scaling,9,{'sigma': 0.3},0.6983333333333334,0.702701415151058,"{'bootstrap': True, 'ccp_alpha': 0.0, 'class_weight': 'balanced', 'criterion': 'gini', 'max_depth': 20, 'max_features': 'sqrt', 'max_leaf_nodes': None, 'max_samples': None, 'min_impurity_decrease': 0.0, 'min_samples_leaf': 2, 'min_samples_split': 5, 'min_weight_fraction_leaf': 0.0, 'monotonic_cst': None, 'n_estimators': 50, 'n_jobs': None, 'oob_score': False, 'random_state': 42, 'verbose': 0, 'warm_start': False}",0.13349676132202148
Coffee,5,2,9,3,LinearSVC,Scaling,9,{'sigma': 0.3},0.46,0.40936468724039826,"{'C': np.float64(0.002976351441631319), 'class_weight': None, 'dual': False, 'fit_intercept': False, 'intercept_scaling': 1, 'loss': 'squared_hinge', 'max_iter': 100, 'multi_class': 'ovr', 'penalty': 'l1', 'random_state': 42, 'tol': 0.0001, 'verbose': 0}",0.005324125289916992
Coffee,5,2,9,3,LogisticRegression,Scaling,9,{'sigma': 0.3},0.48,0.4238757844392719,"{'C': np.float64(0.0379269019073225), 'class_weight': 'balanced', 'dual': False, 'fit_intercept': False, 'intercept_scaling': 1, 'l1_ratio': None, 'max_iter': 100, 'multi_class': 'deprecated', 'n_jobs': None, 'penalty': 'l1', 'random_state': 42, 'solver': 'saga', 'tol': 0.0001, 'verbose': 0, 'warm_start': False}",0.01566290855407715
Coffee,5,2,9,3,KNN,Scaling,10,{'sigma': 0.5},0.7366666666666667,0.7176137387387388,"{'algorithm': 'auto', 'leaf_size': 30, 'metric': 'minkowski', 'metric_params': None, 'n_jobs': None, 'n_neighbors': np.int64(13), 'p': 4, 'weights': 'distance'}",0.030736684799194336
Coffee,5,2,9,3,RandomForest,Scaling,10,{'sigma': 0.5},0.6783333333333333,0.6719899763854843,"{'bootstrap': True, 'ccp_alpha': 0.0, 'class_weight': 'balanced', 'criterion': 'gini', 'max_depth': None, 'max_features': 'sqrt', 'max_leaf_nodes': None, 'max_samples': None, 'min_impurity_decrease': 0.0, 'min_samples_leaf': 1, 'min_samples_split': 2, 'min_weight_fraction_leaf': 0.0, 'monotonic_cst': None, 'n_estimators': 50, 'n_jobs': None, 'oob_score': False, 'random_state': 42, 'verbose': 0, 'warm_start': False}",0.13896894454956055
Coffee,5,2,9,3,LinearSVC,Scaling,10,{'sigma': 0.5},0.465,0.4132773579472915,"{'C': np.float64(0.002976351441631319), 'class_weight': None, 'dual': False, 'fit_intercept': False, 'intercept_scaling': 1, 'loss': 'squared_hinge', 'max_iter': 100, 'multi_class': 'ovr', 'penalty': 'l1', 'random_state': 42, 'tol': 0.0001, 'verbose': 0}",0.003995418548583984
Coffee,5,2,9,3,LogisticRegression,Scaling,10,{'sigma': 0.5},0.42333333333333334,0.3043759561352664,"{'C': np.float64(0.08858667904100823), 'class_weight': 'balanced', 'dual': False, 'fit_intercept': False, 'intercept_scaling': 1, 'l1_ratio': None, 'max_iter': 100, 'multi_class': 'deprecated', 'n_jobs': None, 'penalty': 'l1', 'random_state': 42, 'solver': 'saga', 'tol': 0.0001, 'verbose': 0, 'warm_start': False}",0.02813720703125
Coffee,5,2,9,5,KNN,Scaling,1,{'sigma': 0.1},0.7883333333333333,0.7804938538678137,"{'algorithm': 'auto', 'leaf_size': 30, 'metric': 'minkowski', 'metric_params': None, 'n_jobs': None, 'n_neighbors': np.int64(5), 'p': 3, 'weights': 'distance'}",0.027165889739990234
Coffee,5,2,9,5,RandomForest,Scaling,1,{'sigma': 0.1},0.7266666666666667,0.7244179625002546,"{'bootstrap': True, 'ccp_alpha': 0.0, 'class_weight': 'balanced', 'criterion': 'gini', 'max_depth': None, 'max_features': 'sqrt', 'max_leaf_nodes': None, 'max_samples': None, 'min_impurity_decrease': 0.0, 'min_samples_leaf': 2, 'min_samples_split': 2, 'min_weight_fraction_leaf': 0.0, 'monotonic_cst': None, 'n_estimators': 150, 'n_jobs': None, 'oob_score': False, 'random_state': 42, 'verbose': 0, 'warm_start': False}",0.5426981449127197
Coffee,5,2,9,5,LinearSVC,Scaling,1,{'sigma': 0.1},0.49666666666666665,0.4811370153232984,"{'C': np.float64(1000.0), 'class_weight': 'balanced', 'dual': False, 'fit_intercept': True, 'intercept_scaling': 1, 'loss': 'squared_hinge', 'max_iter': 100, 'multi_class': 'ovr', 'penalty': 'l2', 'random_state': 42, 'tol': 0.001, 'verbose': 0}",0.007355928421020508
Coffee,5,2,9,5,LogisticRegression,Scaling,1,{'sigma': 0.1},0.5566666666666666,0.5431217966368611,"{'C': np.float64(33.59818286283781), 'class_weight': None, 'dual': False, 'fit_intercept': True, 'intercept_scaling': 1, 'l1_ratio': None, 'max_iter': 100, 'multi_class': 'deprecated', 'n_jobs': None, 'penalty': 'l2', 'random_state': 42, 'solver': 'saga', 'tol': 0.0001, 'verbose': 0, 'warm_start': False}",0.07482361793518066
Coffee,5,2,9,5,KNN,Scaling,2,{'sigma': 0.5},0.7716666666666666,0.7607276322300406,"{'algorithm': 'auto', 'leaf_size': 30, 'metric': 'minkowski', 'metric_params': None, 'n_jobs': None, 'n_neighbors': np.int64(5), 'p': 3, 'weights': 'distance'}",0.0361781120300293
Coffee,5,2,9,5,RandomForest,Scaling,2,{'sigma': 0.5},0.8466666666666667,0.8405545796424898,"{'bootstrap': True, 'ccp_alpha': 0.0, 'class_weight': 'balanced', 'criterion': 'gini', 'max_depth': 30, 'max_features': 'sqrt', 'max_leaf_nodes': None, 'max_samples': None, 'min_impurity_decrease': 0.0, 'min_samples_leaf': 1, 'min_samples_split': 2, 'min_weight_fraction_leaf': 0.0, 'monotonic_cst': None, 'n_estimators': 150, 'n_jobs': None, 'oob_score': False, 'random_state': 42, 'verbose': 0, 'warm_start': False}",0.6096386909484863
Coffee,5,2,9,5,LinearSVC,Scaling,2,{'sigma': 0.5},0.6433333333333333,0.6354244592124536,"{'C': np.float64(2.6366508987303554), 'class_weight': 'balanced', 'dual': False, 'fit_intercept': True, 'intercept_scaling': 1, 'loss': 'squared_hinge', 'max_iter': 100, 'multi_class': 'ovr', 'penalty': 'l1', 'random_state': 42, 'tol': 0.0001, 'verbose': 0}",0.022925376892089844
Coffee,5,2,9,5,LogisticRegression,Scaling,2,{'sigma': 0.5},0.7483333333333333,0.746618293986715,"{'C': np.float64(2.6366508987303554), 'class_weight': 'balanced', 'dual': False, 'fit_intercept': True, 'intercept_scaling': 1, 'l1_ratio': None, 'max_iter': 100, 'multi_class': 'deprecated', 'n_jobs': None, 'penalty': 'l1', 'random_state': 42, 'solver': 'saga', 'tol': 0.0001, 'verbose': 0, 'warm_start': False}",0.09058022499084473
Coffee,5,2,9,5,KNN,Scaling,3,{'sigma': 0.3},0.6816666666666666,0.6751459703567891,"{'algorithm': 'auto', 'leaf_size': 30, 'metric': 'manhattan', 'metric_params': None, 'n_jobs': None, 'n_neighbors': np.int64(5), 'p': 2, 'weights': 'distance'}",0.012955665588378906
Coffee,5,2,9,5,RandomForest,Scaling,3,{'sigma': 0.3},0.8266666666666667,0.8114287963151111,"{'bootstrap': True, 'ccp_alpha': 0.0, 'class_weight': 'balanced', 'criterion': 'gini', 'max_depth': None, 'max_features': 'sqrt', 'max_leaf_nodes': None, 'max_samples': None, 'min_impurity_decrease': 0.0, 'min_samples_leaf': 2, 'min_samples_split': 2, 'min_weight_fraction_leaf': 0.0, 'monotonic_cst': None, 'n_estimators': 150, 'n_jobs': None, 'oob_score': False, 'random_state': 42, 'verbose': 0, 'warm_start': False}",0.6651029586791992
Coffee,5,2,9,5,LinearSVC,Scaling,3,{'sigma': 0.3},0.49,0.47902973732678866,"{'C': np.float64(1000.0), 'class_weight': 'balanced', 'dual': False, 'fit_intercept': True, 'intercept_scaling': 1, 'loss': 'squared_hinge', 'max_iter': 100, 'multi_class': 'ovr', 'penalty': 'l2', 'random_state': 42, 'tol': 0.001, 'verbose': 0}",0.010019063949584961
Coffee,5,2,9,5,LogisticRegression,Scaling,3,{'sigma': 0.3},0.44166666666666665,0.4182227014216927,"{'C': np.float64(1000.0), 'class_weight': 'balanced', 'dual': False, 'fit_intercept': True, 'intercept_scaling': 1, 'l1_ratio': None, 'max_iter': 100, 'multi_class': 'deprecated', 'n_jobs': None, 'penalty': 'l2', 'random_state': 42, 'solver': 'sag', 'tol': 0.0001, 'verbose': 0, 'warm_start': False}",0.023082256317138672
Coffee,5,2,9,5,KNN,Scaling,4,{'sigma': 0.2},0.72,0.6971606214321439,"{'algorithm': 'auto', 'leaf_size': 30, 'metric': 'minkowski', 'metric_params': None, 'n_jobs': None, 'n_neighbors': np.int64(5), 'p': 3, 'weights': 'distance'}",0.03510904312133789
Coffee,5,2,9,5,RandomForest,Scaling,4,{'sigma': 0.2},0.72,0.7202059636270163,"{'bootstrap': True, 'ccp_alpha': 0.0, 'class_weight': 'balanced', 'criterion': 'gini', 'max_depth': 30, 'max_features': 'sqrt', 'max_leaf_nodes': None, 'max_samples': None, 'min_impurity_decrease': 0.0, 'min_samples_leaf': 1, 'min_samples_split': 2, 'min_weight_fraction_leaf': 0.0, 'monotonic_cst': None, 'n_estimators': 150, 'n_jobs': None, 'oob_score': False, 'random_state': 42, 'verbose': 0, 'warm_start': False}",0.659578800201416
Coffee,5,2,9,5,LinearSVC,Scaling,4,{'sigma': 0.2},0.5233333333333333,0.5055281031304805,"{'C': np.float64(33.59818286283781), 'class_weight': 'balanced', 'dual': False, 'fit_intercept': True, 'intercept_scaling': 1, 'loss': 'squared_hinge', 'max_iter': 100, 'multi_class': 'ovr', 'penalty': 'l1', 'random_state': 42, 'tol': 0.0001, 'verbose': 0}",0.0314946174621582
Coffee,5,2,9,5,LogisticRegression,Scaling,4,{'sigma': 0.2},0.5083333333333333,0.49054827675551393,"{'C': np.float64(1000.0), 'class_weight': 'balanced', 'dual': False, 'fit_intercept': True, 'intercept_scaling': 1, 'l1_ratio': None, 'max_iter': 100, 'multi_class': 'deprecated', 'n_jobs': None, 'penalty': 'l2', 'random_state': 42, 'solver': 'sag', 'tol': 0.0001, 'verbose': 0, 'warm_start': False}",0.04278826713562012
Coffee,5,2,9,5,KNN,Scaling,5,{'sigma': 0.5},0.825,0.8228754385601054,"{'algorithm': 'auto', 'leaf_size': 30, 'metric': 'minkowski', 'metric_params': None, 'n_jobs': None, 'n_neighbors': np.int64(5), 'p': 3, 'weights': 'distance'}",0.04549288749694824
Coffee,5,2,9,5,RandomForest,Scaling,5,{'sigma': 0.5},0.8283333333333334,0.8187498923601302,"{'bootstrap': True, 'ccp_alpha': 0.0, 'class_weight': 'balanced', 'criterion': 'gini', 'max_depth': 30, 'max_features': 'sqrt', 'max_leaf_nodes': None, 'max_samples': None, 'min_impurity_decrease': 0.0, 'min_samples_leaf': 1, 'min_samples_split': 2, 'min_weight_fraction_leaf': 0.0, 'monotonic_cst': None, 'n_estimators': 150, 'n_jobs': None, 'oob_score': False, 'random_state': 42, 'verbose': 0, 'warm_start': False}",0.8019442558288574
Coffee,5,2,9,5,LinearSVC,Scaling,5,{'sigma': 0.5},0.475,0.4287831773995443,"{'C': np.float64(0.002976351441631319), 'class_weight': None, 'dual': False, 'fit_intercept': False, 'intercept_scaling': 1, 'loss': 'squared_hinge', 'max_iter': 100, 'multi_class': 'ovr', 'penalty': 'l1', 'random_state': 42, 'tol': 0.0001, 'verbose': 0}",0.006265401840209961
Coffee,5,2,9,5,LogisticRegression,Scaling,5,{'sigma': 0.5},0.5366666666666666,0.5031297792791211,"{'C': np.float64(0.08858667904100823), 'class_weight': None, 'dual': False, 'fit_intercept': False, 'intercept_scaling': 1, 'l1_ratio': None, 'max_iter': 100, 'multi_class': 'deprecated', 'n_jobs': None, 'penalty': 'l1', 'random_state': 42, 'solver': 'saga', 'tol': 0.0001, 'verbose': 0, 'warm_start': False}",0.019587039947509766
Coffee,5,2,9,5,KNN,Scaling,6,{'sigma': 0.1},0.7483333333333333,0.731317343839194,"{'algorithm': 'auto', 'leaf_size': 30, 'metric': 'minkowski', 'metric_params': None, 'n_jobs': None, 'n_neighbors': np.int64(5), 'p': 3, 'weights': 'distance'}",0.03248143196105957
Coffee,5,2,9,5,RandomForest,Scaling,6,{'sigma': 0.1},0.7183333333333334,0.7238989395005514,"{'bootstrap': True, 'ccp_alpha': 0.0, 'class_weight': 'balanced', 'criterion': 'gini', 'max_depth': 30, 'max_features': 'sqrt', 'max_leaf_nodes': None, 'max_samples': None, 'min_impurity_decrease': 0.0, 'min_samples_leaf': 1, 'min_samples_split': 2, 'min_weight_fraction_leaf': 0.0, 'monotonic_cst': None, 'n_estimators': 150, 'n_jobs': None, 'oob_score': False, 'random_state': 42, 'verbose': 0, 'warm_start': False}",0.6689703464508057
Coffee,5,2,9,5,LinearSVC,Scaling,6,{'sigma': 0.1},0.54,0.5059593113567017,"{'C': np.float64(1000.0), 'class_weight': 'balanced', 'dual': False, 'fit_intercept': True, 'intercept_scaling': 1, 'loss': 'squared_hinge', 'max_iter': 100, 'multi_class': 'ovr', 'penalty': 'l2', 'random_state': 42, 'tol': 0.001, 'verbose': 0}",0.00775909423828125
Coffee,5,2,9,5,LogisticRegression,Scaling,6,{'sigma': 0.1},0.5333333333333333,0.5200870314519604,"{'C': np.float64(33.59818286283781), 'class_weight': 'balanced', 'dual': False, 'fit_intercept': True, 'intercept_scaling': 1, 'l1_ratio': None, 'max_iter': 100, 'multi_class': 'deprecated', 'n_jobs': None, 'penalty': 'l2', 'random_state': 42, 'solver': 'saga', 'tol': 0.0001, 'verbose': 0, 'warm_start': False}",0.09093022346496582
Coffee,5,2,9,5,KNN,Scaling,7,{'sigma': 0.3},0.6866666666666666,0.6570022284243092,"{'algorithm': 'auto', 'leaf_size': 30, 'metric': 'minkowski', 'metric_params': None, 'n_jobs': None, 'n_neighbors': np.int64(5), 'p': 3, 'weights': 'distance'}",0.0352168083190918
Coffee,5,2,9,5,RandomForest,Scaling,7,{'sigma': 0.3},0.6983333333333334,0.702221475572642,"{'bootstrap': True, 'ccp_alpha': 0.0, 'class_weight': 'balanced', 'criterion': 'gini', 'max_depth': 30, 'max_features': 'sqrt', 'max_leaf_nodes': None, 'max_samples': None, 'min_impurity_decrease': 0.0, 'min_samples_leaf': 1, 'min_samples_split': 2, 'min_weight_fraction_leaf': 0.0, 'monotonic_cst': None, 'n_estimators': 150, 'n_jobs': None, 'oob_score': False, 'random_state': 42, 'verbose': 0, 'warm_start': False}",0.5778026580810547
Coffee,5,2,9,5,LinearSVC,Scaling,7,{'sigma': 0.3},0.515,0.46354439497118916,"{'C': np.float64(1000.0), 'class_weight': 'balanced', 'dual': False, 'fit_intercept': True, 'intercept_scaling': 1, 'loss': 'squared_hinge', 'max_iter': 100, 'multi_class': 'ovr', 'penalty': 'l2', 'random_state': 42, 'tol': 0.001, 'verbose': 0}",0.007994890213012695
Coffee,5,2,9,5,LogisticRegression,Scaling,7,{'sigma': 0.3},0.4633333333333333,0.44313843046108814,"{'C': np.float64(1000.0), 'class_weight': 'balanced', 'dual': False, 'fit_intercept': True, 'intercept_scaling': 1, 'l1_ratio': None, 'max_iter': 100, 'multi_class': 'deprecated', 'n_jobs': None, 'penalty': 'l2', 'random_state': 42, 'solver': 'sag', 'tol': 0.0001, 'verbose': 0, 'warm_start': False}",0.02550196647644043
Coffee,5,2,9,5,KNN,Scaling,8,{'sigma': 0.1},0.76,0.7462795486653765,"{'algorithm': 'auto', 'leaf_size': 30, 'metric': 'minkowski', 'metric_params': None, 'n_jobs': None, 'n_neighbors': np.int64(5), 'p': 3, 'weights': 'distance'}",0.02968883514404297
Coffee,5,2,9,5,RandomForest,Scaling,8,{'sigma': 0.1},0.6983333333333334,0.6907222222414862,"{'bootstrap': True, 'ccp_alpha': 0.0, 'class_weight': 'balanced', 'criterion': 'gini', 'max_depth': None, 'max_features': 'sqrt', 'max_leaf_nodes': None, 'max_samples': None, 'min_impurity_decrease': 0.0, 'min_samples_leaf': 1, 'min_samples_split': 2, 'min_weight_fraction_leaf': 0.0, 'monotonic_cst': None, 'n_estimators': 50, 'n_jobs': None, 'oob_score': False, 'random_state': 42, 'verbose': 0, 'warm_start': False}",0.17958736419677734
Coffee,5,2,9,5,LinearSVC,Scaling,8,{'sigma': 0.1},0.5216666666666666,0.5039461074468684,"{'C': np.float64(1000.0), 'class_weight': 'balanced', 'dual': False, 'fit_intercept': True, 'intercept_scaling': 1, 'loss': 'squared_hinge', 'max_iter': 100, 'multi_class': 'ovr', 'penalty': 'l2', 'random_state': 42, 'tol': 0.001, 'verbose': 0}",0.009999513626098633
Coffee,5,2,9,5,LogisticRegression,Scaling,8,{'sigma': 0.1},0.49666666666666665,0.47861232280006155,"{'C': np.float64(1000.0), 'class_weight': 'balanced', 'dual': False, 'fit_intercept': True, 'intercept_scaling': 1, 'l1_ratio': None, 'max_iter': 100, 'multi_class': 'deprecated', 'n_jobs': None, 'penalty': 'l2', 'random_state': 42, 'solver': 'sag', 'tol': 0.0001, 'verbose': 0, 'warm_start': False}",0.07832813262939453
Coffee,5,2,9,5,KNN,Scaling,9,{'sigma': 0.3},0.7283333333333334,0.7251509288334866,"{'algorithm': 'auto', 'leaf_size': 30, 'metric': 'manhattan', 'metric_params': None, 'n_jobs': None, 'n_neighbors': np.int64(5), 'p': 2, 'weights': 'distance'}",0.014023542404174805
Coffee,5,2,9,5,RandomForest,Scaling,9,{'sigma': 0.3},0.845,0.8385473085084929,"{'bootstrap': True, 'ccp_alpha': 0.0, 'class_weight': 'balanced', 'criterion': 'gini', 'max_depth': None, 'max_features': 'sqrt', 'max_leaf_nodes': None, 'max_samples': None, 'min_impurity_decrease': 0.0, 'min_samples_leaf': 2, 'min_samples_split': 2, 'min_weight_fraction_leaf': 0.0, 'monotonic_cst': None, 'n_estimators': 150, 'n_jobs': None, 'oob_score': False, 'random_state': 42, 'verbose': 0, 'warm_start': False}",0.5566079616546631
Coffee,5,2,9,5,LinearSVC,Scaling,9,{'sigma': 0.3},0.6133333333333333,0.600474709445081,"{'C': np.float64(0.2069138081114788), 'class_weight': 'balanced', 'dual': False, 'fit_intercept': False, 'intercept_scaling': 1, 'loss': 'squared_hinge', 'max_iter': 100, 'multi_class': 'ovr', 'penalty': 'l2', 'random_state': 42, 'tol': 0.0001, 'verbose': 0}",0.00638127326965332
Coffee,5,2,9,5,LogisticRegression,Scaling,9,{'sigma': 0.3},0.51,0.43157792585883425,"{'C': np.float64(0.08858667904100823), 'class_weight': None, 'dual': False, 'fit_intercept': False, 'intercept_scaling': 1, 'l1_ratio': None, 'max_iter': 100, 'multi_class': 'deprecated', 'n_jobs': None, 'penalty': 'l1', 'random_state': 42, 'solver': 'saga', 'tol': 0.0001, 'verbose': 0, 'warm_start': False}",0.040685415267944336
Coffee,5,2,9,5,KNN,Scaling,10,{'sigma': 0.5},0.7183333333333334,0.7160670466888771,"{'algorithm': 'auto', 'leaf_size': 30, 'metric': 'manhattan', 'metric_params': None, 'n_jobs': None, 'n_neighbors': np.int64(5), 'p': 2, 'weights': 'distance'}",0.029415130615234375
Coffee,5,2,9,5,RandomForest,Scaling,10,{'sigma': 0.5},0.795,0.7759553794957053,"{'bootstrap': True, 'ccp_alpha': 0.0, 'class_weight': None, 'criterion': 'gini', 'max_depth': None, 'max_features': 'sqrt', 'max_leaf_nodes': None, 'max_samples': None, 'min_impurity_decrease': 0.0, 'min_samples_leaf': 4, 'min_samples_split': 10, 'min_weight_fraction_leaf': 0.0, 'monotonic_cst': None, 'n_estimators': 50, 'n_jobs': None, 'oob_score': False, 'random_state': 42, 'verbose': 0, 'warm_start': False}",0.2529633045196533
Coffee,5,2,9,5,LinearSVC,Scaling,10,{'sigma': 0.5},0.63,0.6362069469821287,"{'C': np.float64(183.29807108324337), 'class_weight': 'balanced', 'dual': False, 'fit_intercept': True, 'intercept_scaling': 1, 'loss': 'squared_hinge', 'max_iter': 100, 'multi_class': 'ovr', 'penalty': 'l1', 'random_state': 42, 'tol': 0.0001, 'verbose': 0}",0.024412870407104492
Coffee,5,2,9,5,LogisticRegression,Scaling,10,{'sigma': 0.5},0.565,0.5697533228784054,"{'C': np.float64(33.59818286283781), 'class_weight': None, 'dual': False, 'fit_intercept': True, 'intercept_scaling': 1, 'l1_ratio': None, 'max_iter': 100, 'multi_class': 'deprecated', 'n_jobs': None, 'penalty': 'l2', 'random_state': 42, 'solver': 'saga', 'tol': 0.0001, 'verbose': 0, 'warm_start': False}",0.035910844802856445
Coffee,5,2,9,10,KNN,Scaling,1,{'sigma': 0.1},0.75,0.7338603976588126,"{'algorithm': 'auto', 'leaf_size': 30, 'metric': 'minkowski', 'metric_params': None, 'n_jobs': None, 'n_neighbors': 5, 'p': 2, 'weights': 'uniform'}",0.04067373275756836
Coffee,5,2,9,10,RandomForest,Scaling,1,{'sigma': 0.1},0.7916666666666666,0.79106176983705,"{'bootstrap': True, 'ccp_alpha': 0.0, 'class_weight': None, 'criterion': 'gini', 'max_depth': None, 'max_features': 'sqrt', 'max_leaf_nodes': None, 'max_samples': None, 'min_impurity_decrease': 0.0, 'min_samples_leaf': 1, 'min_samples_split': 2, 'min_weight_fraction_leaf': 0.0, 'monotonic_cst': None, 'n_estimators': 100, 'n_jobs': None, 'oob_score': False, 'random_state': 42, 'verbose': 0, 'warm_start': False}",0.7554538249969482
Coffee,5,2,9,10,LinearSVC,Scaling,1,{'sigma': 0.1},0.5133333333333333,0.4975826236385434,"{'C': 1.0, 'class_weight': None, 'dual': False, 'fit_intercept': True, 'intercept_scaling': 1, 'loss': 'squared_hinge', 'max_iter': 100, 'multi_class': 'ovr', 'penalty': 'l2', 'random_state': 42, 'tol': 0.0001, 'verbose': 0}",0.015650510787963867
Coffee,5,2,9,10,LogisticRegression,Scaling,1,{'sigma': 0.1},0.48833333333333334,0.4716855048525871,"{'C': 1.0, 'class_weight': None, 'dual': False, 'fit_intercept': True, 'intercept_scaling': 1, 'l1_ratio': None, 'max_iter': 100, 'multi_class': 'deprecated', 'n_jobs': None, 'penalty': 'l2', 'random_state': 42, 'solver': 'lbfgs', 'tol': 0.0001, 'verbose': 0, 'warm_start': False}",0.2718029022216797
Coffee,5,2,9,10,KNN,Scaling,2,{'sigma': 0.5},0.695,0.6676210555906951,"{'algorithm': 'auto', 'leaf_size': 30, 'metric': 'minkowski', 'metric_params': None, 'n_jobs': None, 'n_neighbors': 5, 'p': 2, 'weights': 'uniform'}",0.03950047492980957
Coffee,5,2,9,10,RandomForest,Scaling,2,{'sigma': 0.5},0.8,0.7859005755610141,"{'bootstrap': True, 'ccp_alpha': 0.0, 'class_weight': None, 'criterion': 'gini', 'max_depth': None, 'max_features': 'sqrt', 'max_leaf_nodes': None, 'max_samples': None, 'min_impurity_decrease': 0.0, 'min_samples_leaf': 1, 'min_samples_split': 2, 'min_weight_fraction_leaf': 0.0, 'monotonic_cst': None, 'n_estimators': 100, 'n_jobs': None, 'oob_score': False, 'random_state': 42, 'verbose': 0, 'warm_start': False}",0.9237627983093262
Coffee,5,2,9,10,LinearSVC,Scaling,2,{'sigma': 0.5},0.6433333333333333,0.6434459121957091,"{'C': 1.0, 'class_weight': None, 'dual': False, 'fit_intercept': True, 'intercept_scaling': 1, 'loss': 'squared_hinge', 'max_iter': 100, 'multi_class': 'ovr', 'penalty': 'l2', 'random_state': 42, 'tol': 0.0001, 'verbose': 0}",0.011612176895141602
Coffee,5,2,9,10,LogisticRegression,Scaling,2,{'sigma': 0.5},0.65,0.6558738896852186,"{'C': 1.0, 'class_weight': None, 'dual': False, 'fit_intercept': True, 'intercept_scaling': 1, 'l1_ratio': None, 'max_iter': 100, 'multi_class': 'deprecated', 'n_jobs': None, 'penalty': 'l2', 'random_state': 42, 'solver': 'lbfgs', 'tol': 0.0001, 'verbose': 0, 'warm_start': False}",0.02411484718322754
Coffee,5,2,9,10,KNN,Scaling,3,{'sigma': 0.3},0.7083333333333334,0.6840528299802936,"{'algorithm': 'auto', 'leaf_size': 30, 'metric': 'minkowski', 'metric_params': None, 'n_jobs': None, 'n_neighbors': 5, 'p': 2, 'weights': 'uniform'}",0.04089021682739258
Coffee,5,2,9,10,RandomForest,Scaling,3,{'sigma': 0.3},0.8266666666666667,0.8218490673422927,"{'bootstrap': True, 'ccp_alpha': 0.0, 'class_weight': None, 'criterion': 'gini', 'max_depth': None, 'max_features': 'sqrt', 'max_leaf_nodes': None, 'max_samples': None, 'min_impurity_decrease': 0.0, 'min_samples_leaf': 1, 'min_samples_split': 2, 'min_weight_fraction_leaf': 0.0, 'monotonic_cst': None, 'n_estimators': 100, 'n_jobs': None, 'oob_score': False, 'random_state': 42, 'verbose': 0, 'warm_start': False}",0.8221333026885986
Coffee,5,2,9,10,LinearSVC,Scaling,3,{'sigma': 0.3},0.5316666666666666,0.48206911409963954,"{'C': 1.0, 'class_weight': None, 'dual': False, 'fit_intercept': True, 'intercept_scaling': 1, 'loss': 'squared_hinge', 'max_iter': 100, 'multi_class': 'ovr', 'penalty': 'l2', 'random_state': 42, 'tol': 0.0001, 'verbose': 0}",0.017070770263671875
Coffee,5,2,9,10,LogisticRegression,Scaling,3,{'sigma': 0.3},0.645,0.6362401241948572,"{'C': 1.0, 'class_weight': None, 'dual': False, 'fit_intercept': True, 'intercept_scaling': 1, 'l1_ratio': None, 'max_iter': 100, 'multi_class': 'deprecated', 'n_jobs': None, 'penalty': 'l2', 'random_state': 42, 'solver': 'lbfgs', 'tol': 0.0001, 'verbose': 0, 'warm_start': False}",0.040131568908691406
Coffee,5,2,9,10,KNN,Scaling,4,{'sigma': 0.2},0.7116666666666667,0.6865780353305339,"{'algorithm': 'auto', 'leaf_size': 30, 'metric': 'minkowski', 'metric_params': None, 'n_jobs': None, 'n_neighbors': 5, 'p': 2, 'weights': 'uniform'}",0.03871512413024902
Coffee,5,2,9,10,RandomForest,Scaling,4,{'sigma': 0.2},0.815,0.812985640337582,"{'bootstrap': True, 'ccp_alpha': 0.0, 'class_weight': None, 'criterion': 'gini', 'max_depth': None, 'max_features': 'sqrt', 'max_leaf_nodes': None, 'max_samples': None, 'min_impurity_decrease': 0.0, 'min_samples_leaf': 1, 'min_samples_split': 2, 'min_weight_fraction_leaf': 0.0, 'monotonic_cst': None, 'n_estimators': 100, 'n_jobs': None, 'oob_score': False, 'random_state': 42, 'verbose': 0, 'warm_start': False}",0.7929680347442627
Coffee,5,2,9,10,LinearSVC,Scaling,4,{'sigma': 0.2},0.585,0.5501170066994987,"{'C': 1.0, 'class_weight': None, 'dual': False, 'fit_intercept': True, 'intercept_scaling': 1, 'loss': 'squared_hinge', 'max_iter': 100, 'multi_class': 'ovr', 'penalty': 'l2', 'random_state': 42, 'tol': 0.0001, 'verbose': 0}",0.016936779022216797
Coffee,5,2,9,10,LogisticRegression,Scaling,4,{'sigma': 0.2},0.51,0.48846793658652804,"{'C': 1.0, 'class_weight': None, 'dual': False, 'fit_intercept': True, 'intercept_scaling': 1, 'l1_ratio': None, 'max_iter': 100, 'multi_class': 'deprecated', 'n_jobs': None, 'penalty': 'l2', 'random_state': 42, 'solver': 'lbfgs', 'tol': 0.0001, 'verbose': 0, 'warm_start': False}",0.04380393028259277
Coffee,5,2,9,10,KNN,Scaling,5,{'sigma': 0.5},0.6966666666666667,0.6705654278236534,"{'algorithm': 'auto', 'leaf_size': 30, 'metric': 'minkowski', 'metric_params': None, 'n_jobs': None, 'n_neighbors': 5, 'p': 2, 'weights': 'uniform'}",0.043164730072021484
Coffee,5,2,9,10,RandomForest,Scaling,5,{'sigma': 0.5},0.655,0.6503617077989731,"{'bootstrap': True, 'ccp_alpha': 0.0, 'class_weight': None, 'criterion': 'gini', 'max_depth': None, 'max_features': 'sqrt', 'max_leaf_nodes': None, 'max_samples': None, 'min_impurity_decrease': 0.0, 'min_samples_leaf': 1, 'min_samples_split': 2, 'min_weight_fraction_leaf': 0.0, 'monotonic_cst': None, 'n_estimators': 100, 'n_jobs': None, 'oob_score': False, 'random_state': 42, 'verbose': 0, 'warm_start': False}",1.0318984985351562
Coffee,5,2,9,10,LinearSVC,Scaling,5,{'sigma': 0.5},0.67,0.6734970307268731,"{'C': 1.0, 'class_weight': None, 'dual': False, 'fit_intercept': True, 'intercept_scaling': 1, 'loss': 'squared_hinge', 'max_iter': 100, 'multi_class': 'ovr', 'penalty': 'l2', 'random_state': 42, 'tol': 0.0001, 'verbose': 0}",0.012342691421508789
Coffee,5,2,9,10,LogisticRegression,Scaling,5,{'sigma': 0.5},0.7016666666666667,0.7044666844667624,"{'C': 1.0, 'class_weight': None, 'dual': False, 'fit_intercept': True, 'intercept_scaling': 1, 'l1_ratio': None, 'max_iter': 100, 'multi_class': 'deprecated', 'n_jobs': None, 'penalty': 'l2', 'random_state': 42, 'solver': 'lbfgs', 'tol': 0.0001, 'verbose': 0, 'warm_start': False}",0.11663413047790527
Coffee,5,2,9,10,KNN,Scaling,6,{'sigma': 0.1},0.725,0.7031618870699331,"{'algorithm': 'auto', 'leaf_size': 30, 'metric': 'minkowski', 'metric_params': None, 'n_jobs': None, 'n_neighbors': 5, 'p': 2, 'weights': 'uniform'}",0.05982351303100586
Coffee,5,2,9,10,RandomForest,Scaling,6,{'sigma': 0.1},0.7216666666666667,0.7283406088446748,"{'bootstrap': True, 'ccp_alpha': 0.0, 'class_weight': None, 'criterion': 'gini', 'max_depth': None, 'max_features': 'sqrt', 'max_leaf_nodes': None, 'max_samples': None, 'min_impurity_decrease': 0.0, 'min_samples_leaf': 1, 'min_samples_split': 2, 'min_weight_fraction_leaf': 0.0, 'monotonic_cst': None, 'n_estimators': 100, 'n_jobs': None, 'oob_score': False, 'random_state': 42, 'verbose': 0, 'warm_start': False}",0.7012100219726562
Coffee,5,2,9,10,LinearSVC,Scaling,6,{'sigma': 0.1},0.4583333333333333,0.4415216594198262,"{'C': 1.0, 'class_weight': None, 'dual': False, 'fit_intercept': True, 'intercept_scaling': 1, 'loss': 'squared_hinge', 'max_iter': 100, 'multi_class': 'ovr', 'penalty': 'l2', 'random_state': 42, 'tol': 0.0001, 'verbose': 0}",0.018519163131713867
Coffee,5,2,9,10,LogisticRegression,Scaling,6,{'sigma': 0.1},0.51,0.49464384944261097,"{'C': 1.0, 'class_weight': None, 'dual': False, 'fit_intercept': True, 'intercept_scaling': 1, 'l1_ratio': None, 'max_iter': 100, 'multi_class': 'deprecated', 'n_jobs': None, 'penalty': 'l2', 'random_state': 42, 'solver': 'lbfgs', 'tol': 0.0001, 'verbose': 0, 'warm_start': False}",0.23969507217407227
Coffee,5,2,9,10,KNN,Scaling,7,{'sigma': 0.3},0.735,0.7158404784145014,"{'algorithm': 'auto', 'leaf_size': 30, 'metric': 'minkowski', 'metric_params': None, 'n_jobs': None, 'n_neighbors': 5, 'p': 2, 'weights': 'uniform'}",0.042444467544555664
Coffee,5,2,9,10,RandomForest,Scaling,7,{'sigma': 0.3},0.6883333333333334,0.6871131185141501,"{'bootstrap': True, 'ccp_alpha': 0.0, 'class_weight': None, 'criterion': 'gini', 'max_depth': None, 'max_features': 'sqrt', 'max_leaf_nodes': None, 'max_samples': None, 'min_impurity_decrease': 0.0, 'min_samples_leaf': 1, 'min_samples_split': 2, 'min_weight_fraction_leaf': 0.0, 'monotonic_cst': None, 'n_estimators': 100, 'n_jobs': None, 'oob_score': False, 'random_state': 42, 'verbose': 0, 'warm_start': False}",0.8643612861633301
Coffee,5,2,9,10,LinearSVC,Scaling,7,{'sigma': 0.3},0.5533333333333333,0.5278069553762659,"{'C': 1.0, 'class_weight': None, 'dual': False, 'fit_intercept': True, 'intercept_scaling': 1, 'loss': 'squared_hinge', 'max_iter': 100, 'multi_class': 'ovr', 'penalty': 'l2', 'random_state': 42, 'tol': 0.0001, 'verbose': 0}",0.013607263565063477
Coffee,5,2,9,10,LogisticRegression,Scaling,7,{'sigma': 0.3},0.6666666666666666,0.6668804303154617,"{'C': 1.0, 'class_weight': None, 'dual': False, 'fit_intercept': True, 'intercept_scaling': 1, 'l1_ratio': None, 'max_iter': 100, 'multi_class': 'deprecated', 'n_jobs': None, 'penalty': 'l2', 'random_state': 42, 'solver': 'lbfgs', 'tol': 0.0001, 'verbose': 0, 'warm_start': False}",0.10162043571472168
Coffee,5,2,9,10,KNN,Scaling,8,{'sigma': 0.1},0.7216666666666667,0.7001297539511405,"{'algorithm': 'auto', 'leaf_size': 30, 'metric': 'minkowski', 'metric_params': None, 'n_jobs': None, 'n_neighbors': 5, 'p': 2, 'weights': 'uniform'}",0.07368350028991699
Coffee,5,2,9,10,RandomForest,Scaling,8,{'sigma': 0.1},0.7383333333333333,0.7392777440480861,"{'bootstrap': True, 'ccp_alpha': 0.0, 'class_weight': None, 'criterion': 'gini', 'max_depth': None, 'max_features': 'sqrt', 'max_leaf_nodes': None, 'max_samples': None, 'min_impurity_decrease': 0.0, 'min_samples_leaf': 1, 'min_samples_split': 2, 'min_weight_fraction_leaf': 0.0, 'monotonic_cst': None, 'n_estimators': 100, 'n_jobs': None, 'oob_score': False, 'random_state': 42, 'verbose': 0, 'warm_start': False}",0.8745903968811035
Coffee,5,2,9,10,LinearSVC,Scaling,8,{'sigma': 0.1},0.5966666666666667,0.6001223990208079,"{'C': 1.0, 'class_weight': None, 'dual': False, 'fit_intercept': True, 'intercept_scaling': 1, 'loss': 'squared_hinge', 'max_iter': 100, 'multi_class': 'ovr', 'penalty': 'l2', 'random_state': 42, 'tol': 0.0001, 'verbose': 0}",0.01873326301574707
Coffee,5,2,9,10,LogisticRegression,Scaling,8,{'sigma': 0.1},0.6216666666666667,0.6254070031559629,"{'C': 1.0, 'class_weight': None, 'dual': False, 'fit_intercept': True, 'intercept_scaling': 1, 'l1_ratio': None, 'max_iter': 100, 'multi_class': 'deprecated', 'n_jobs': None, 'penalty': 'l2', 'random_state': 42, 'solver': 'lbfgs', 'tol': 0.0001, 'verbose': 0, 'warm_start': False}",0.16112852096557617
Coffee,5,2,9,10,KNN,Scaling,9,{'sigma': 0.3},0.7,0.6730707535244689,"{'algorithm': 'auto', 'leaf_size': 30, 'metric': 'minkowski', 'metric_params': None, 'n_jobs': None, 'n_neighbors': 5, 'p': 2, 'weights': 'uniform'}",0.04041314125061035
Coffee,5,2,9,10,RandomForest,Scaling,9,{'sigma': 0.3},0.6816666666666666,0.6759986805126077,"{'bootstrap': True, 'ccp_alpha': 0.0, 'class_weight': None, 'criterion': 'gini', 'max_depth': None, 'max_features': 'sqrt', 'max_leaf_nodes': None, 'max_samples': None, 'min_impurity_decrease': 0.0, 'min_samples_leaf': 1, 'min_samples_split': 2, 'min_weight_fraction_leaf': 0.0, 'monotonic_cst': None, 'n_estimators': 100, 'n_jobs': None, 'oob_score': False, 'random_state': 42, 'verbose': 0, 'warm_start': False}",0.8392634391784668
Coffee,5,2,9,10,LinearSVC,Scaling,9,{'sigma': 0.3},0.6766666666666666,0.6476937331694379,"{'C': 1.0, 'class_weight': None, 'dual': False, 'fit_intercept': True, 'intercept_scaling': 1, 'loss': 'squared_hinge', 'max_iter': 100, 'multi_class': 'ovr', 'penalty': 'l2', 'random_state': 42, 'tol': 0.0001, 'verbose': 0}",0.012368202209472656
Coffee,5,2,9,10,LogisticRegression,Scaling,9,{'sigma': 0.3},0.5083333333333333,0.4945898778359511,"{'C': 1.0, 'class_weight': None, 'dual': False, 'fit_intercept': True, 'intercept_scaling': 1, 'l1_ratio': None, 'max_iter': 100, 'multi_class': 'deprecated', 'n_jobs': None, 'penalty': 'l2', 'random_state': 42, 'solver': 'lbfgs', 'tol': 0.0001, 'verbose': 0, 'warm_start': False}",0.1335437297821045
Coffee,5,2,9,10,KNN,Scaling,10,{'sigma': 0.5},0.7133333333333334,0.6903396537303493,"{'algorithm': 'auto', 'leaf_size': 30, 'metric': 'minkowski', 'metric_params': None, 'n_jobs': None, 'n_neighbors': 5, 'p': 2, 'weights': 'uniform'}",0.031091928482055664
Coffee,5,2,9,10,RandomForest,Scaling,10,{'sigma': 0.5},0.825,0.8172580089964743,"{'bootstrap': True, 'ccp_alpha': 0.0, 'class_weight': None, 'criterion': 'gini', 'max_depth': None, 'max_features': 'sqrt', 'max_leaf_nodes': None, 'max_samples': None, 'min_impurity_decrease': 0.0, 'min_samples_leaf': 1, 'min_samples_split': 2, 'min_weight_fraction_leaf': 0.0, 'monotonic_cst': None, 'n_estimators': 100, 'n_jobs': None, 'oob_score': False, 'random_state': 42, 'verbose': 0, 'warm_start': False}",0.8299410343170166
Coffee,5,2,9,10,LinearSVC,Scaling,10,{'sigma': 0.5},0.66,0.6622571295724767,"{'C': 1.0, 'class_weight': None, 'dual': False, 'fit_intercept': True, 'intercept_scaling': 1, 'loss': 'squared_hinge', 'max_iter': 100, 'multi_class': 'ovr', 'penalty': 'l2', 'random_state': 42, 'tol': 0.0001, 'verbose': 0}",0.015175580978393555
Coffee,5,2,9,10,LogisticRegression,Scaling,10,{'sigma': 0.5},0.625,0.6307477891201766,"{'C': 1.0, 'class_weight': None, 'dual': False, 'fit_intercept': True, 'intercept_scaling': 1, 'l1_ratio': None, 'max_iter': 100, 'multi_class': 'deprecated', 'n_jobs': None, 'penalty': 'l2', 'random_state': 42, 'solver': 'lbfgs', 'tol': 0.0001, 'verbose': 0, 'warm_start': False}",0.13785552978515625
Coffee,5,2,10,1,KNN,Baseline,N/A,N/A,0.625,0.6290046910606575,"{'algorithm': 'auto', 'leaf_size': 30, 'metric': 'minkowski', 'metric_params': None, 'n_jobs': None, 'n_neighbors': 5, 'p': 2, 'weights': 'uniform'}",0.05513882637023926
Coffee,5,2,10,1,KNN,Tuned_Baseline,N/A,N/A,0.6233333333333333,0.6277774021779261,"{'algorithm': 'auto', 'leaf_size': 30, 'metric': 'minkowski', 'metric_params': None, 'n_jobs': None, 'n_neighbors': np.int64(13), 'p': 4, 'weights': 'distance'}",0.019499778747558594
Coffee,5,2,10,1,RandomForest,Baseline,N/A,N/A,0.5383333333333333,0.5636936241977688,"{'bootstrap': True, 'ccp_alpha': 0.0, 'class_weight': None, 'criterion': 'gini', 'max_depth': None, 'max_features': 'sqrt', 'max_leaf_nodes': None, 'max_samples': None, 'min_impurity_decrease': 0.0, 'min_samples_leaf': 1, 'min_samples_split': 2, 'min_weight_fraction_leaf': 0.0, 'monotonic_cst': None, 'n_estimators': 100, 'n_jobs': None, 'oob_score': False, 'random_state': 42, 'verbose': 0, 'warm_start': False}",0.1957542896270752
Coffee,5,2,10,1,RandomForest,Tuned_Baseline,N/A,N/A,0.5283333333333333,0.5473156104455107,"{'bootstrap': True, 'ccp_alpha': 0.0, 'class_weight': None, 'criterion': 'gini', 'max_depth': None, 'max_features': 'sqrt', 'max_leaf_nodes': None, 'max_samples': None, 'min_impurity_decrease': 0.0, 'min_samples_leaf': 4, 'min_samples_split': 2, 'min_weight_fraction_leaf': 0.0, 'monotonic_cst': None, 'n_estimators': 50, 'n_jobs': None, 'oob_score': False, 'random_state': 42, 'verbose': 0, 'warm_start': False}",0.003641366958618164
Coffee,5,2,10,1,LinearSVC,Baseline,N/A,N/A,0.6633333333333333,0.6741933601251915,"{'C': 1.0, 'class_weight': None, 'dual': False, 'fit_intercept': True, 'intercept_scaling': 1, 'loss': 'squared_hinge', 'max_iter': 100, 'multi_class': 'ovr', 'penalty': 'l2', 'random_state': 42, 'tol': 0.0001, 'verbose': 0}",0.0036644935607910156
Coffee,5,2,10,1,LinearSVC,Tuned_Baseline,N/A,N/A,0.55,0.5840325291704858,"{'C': np.float64(0.01623776739188721), 'class_weight': 'balanced', 'dual': False, 'fit_intercept': False, 'intercept_scaling': 1, 'loss': 'squared_hinge', 'max_iter': 100, 'multi_class': 'ovr', 'penalty': 'l2', 'random_state': 42, 'tol': 0.001, 'verbose': 0}",0.0002810955047607422
Coffee,5,2,10,1,LogisticRegression,Baseline,N/A,N/A,0.8133333333333334,0.7980905497128367,"{'C': 1.0, 'class_weight': None, 'dual': False, 'fit_intercept': True, 'intercept_scaling': 1, 'l1_ratio': None, 'max_iter': 100, 'multi_class': 'deprecated', 'n_jobs': None, 'penalty': 'l2', 'random_state': 42, 'solver': 'lbfgs', 'tol': 0.0001, 'verbose': 0, 'warm_start': False}",0.17227578163146973
Coffee,5,2,10,1,LogisticRegression,Tuned_Baseline,N/A,N/A,0.565,0.604695989899892,"{'C': np.float64(0.0379269019073225), 'class_weight': 'balanced', 'dual': False, 'fit_intercept': False, 'intercept_scaling': 1, 'l1_ratio': None, 'max_iter': 100, 'multi_class': 'deprecated', 'n_jobs': None, 'penalty': 'l2', 'random_state': 42, 'solver': 'sag', 'tol': 0.0001, 'verbose': 0, 'warm_start': False}",0.00032830238342285156
Coffee,5,2,10,1,RNN,Tuned_Baseline,N/A,N/A,0.16666666666666666,0.047619047619047616,"{'hidden_size': 64, 'epochs': 10, 'batch_size': 32, 'lr': 0.001}",3.62396240234375e-05
Coffee,5,2,10,2,KNN,Scaling,1,{'sigma': 0.1},0.63,0.6337108945985576,"{'algorithm': 'auto', 'leaf_size': 30, 'metric': 'euclidean', 'metric_params': None, 'n_jobs': None, 'n_neighbors': np.int64(9), 'p': 2, 'weights': 'distance'}",0.008515119552612305
Coffee,5,2,10,2,RandomForest,Scaling,1,{'sigma': 0.1},0.505,0.5217793334465343,"{'bootstrap': True, 'ccp_alpha': 0.0, 'class_weight': 'balanced', 'criterion': 'gini', 'max_depth': 30, 'max_features': 'sqrt', 'max_leaf_nodes': None, 'max_samples': None, 'min_impurity_decrease': 0.0, 'min_samples_leaf': 1, 'min_samples_split': 2, 'min_weight_fraction_leaf': 0.0, 'monotonic_cst': None, 'n_estimators': 150, 'n_jobs': None, 'oob_score': False, 'random_state': 42, 'verbose': 0, 'warm_start': False}",0.33942651748657227
Coffee,5,2,10,2,LinearSVC,Scaling,1,{'sigma': 0.1},0.56,0.5810780056738349,"{'C': np.float64(2.6366508987303554), 'class_weight': 'balanced', 'dual': False, 'fit_intercept': True, 'intercept_scaling': 1, 'loss': 'squared_hinge', 'max_iter': 100, 'multi_class': 'ovr', 'penalty': 'l1', 'random_state': 42, 'tol': 0.0001, 'verbose': 0}",0.008253097534179688
Coffee,5,2,10,2,LogisticRegression,Scaling,1,{'sigma': 0.1},0.7983333333333333,0.7848469356904523,"{'C': np.float64(183.29807108324337), 'class_weight': None, 'dual': False, 'fit_intercept': True, 'intercept_scaling': 1, 'l1_ratio': None, 'max_iter': 100, 'multi_class': 'deprecated', 'n_jobs': None, 'penalty': 'l2', 'random_state': 42, 'solver': 'saga', 'tol': 0.0001, 'verbose': 0, 'warm_start': False}",0.03554821014404297
Coffee,5,2,10,2,KNN,Scaling,2,{'sigma': 0.5},0.53,0.5378592214292139,"{'algorithm': 'auto', 'leaf_size': 30, 'metric': 'euclidean', 'metric_params': None, 'n_jobs': None, 'n_neighbors': np.int64(9), 'p': 2, 'weights': 'distance'}",0.008344888687133789
Coffee,5,2,10,2,RandomForest,Scaling,2,{'sigma': 0.5},0.48,0.4929232128189474,"{'bootstrap': True, 'ccp_alpha': 0.0, 'class_weight': 'balanced', 'criterion': 'gini', 'max_depth': 30, 'max_features': 'sqrt', 'max_leaf_nodes': None, 'max_samples': None, 'min_impurity_decrease': 0.0, 'min_samples_leaf': 1, 'min_samples_split': 2, 'min_weight_fraction_leaf': 0.0, 'monotonic_cst': None, 'n_estimators': 150, 'n_jobs': None, 'oob_score': False, 'random_state': 42, 'verbose': 0, 'warm_start': False}",0.2844228744506836
Coffee,5,2,10,2,LinearSVC,Scaling,2,{'sigma': 0.5},0.5433333333333333,0.5874056199538912,"{'C': np.float64(0.2069138081114788), 'class_weight': 'balanced', 'dual': False, 'fit_intercept': False, 'intercept_scaling': 1, 'loss': 'squared_hinge', 'max_iter': 100, 'multi_class': 'ovr', 'penalty': 'l2', 'random_state': 42, 'tol': 0.0001, 'verbose': 0}",0.005128383636474609
Coffee,5,2,10,2,LogisticRegression,Scaling,2,{'sigma': 0.5},0.485,0.530302813551155,"{'C': np.float64(1000.0), 'class_weight': 'balanced', 'dual': False, 'fit_intercept': True, 'intercept_scaling': 1, 'l1_ratio': None, 'max_iter': 100, 'multi_class': 'deprecated', 'n_jobs': None, 'penalty': 'l2', 'random_state': 42, 'solver': 'sag', 'tol': 0.0001, 'verbose': 0, 'warm_start': False}",0.025933504104614258
Coffee,5,2,10,2,KNN,Scaling,3,{'sigma': 0.3},0.635,0.6383320943521714,"{'algorithm': 'auto', 'leaf_size': 30, 'metric': 'euclidean', 'metric_params': None, 'n_jobs': None, 'n_neighbors': np.int64(9), 'p': 2, 'weights': 'distance'}",0.00707554817199707
Coffee,5,2,10,2,RandomForest,Scaling,3,{'sigma': 0.3},0.4583333333333333,0.4657796805091241,"{'bootstrap': True, 'ccp_alpha': 0.0, 'class_weight': 'balanced', 'criterion': 'gini', 'max_depth': 30, 'max_features': 'sqrt', 'max_leaf_nodes': None, 'max_samples': None, 'min_impurity_decrease': 0.0, 'min_samples_leaf': 1, 'min_samples_split': 2, 'min_weight_fraction_leaf': 0.0, 'monotonic_cst': None, 'n_estimators': 150, 'n_jobs': None, 'oob_score': False, 'random_state': 42, 'verbose': 0, 'warm_start': False}",0.3431854248046875
Coffee,5,2,10,2,LinearSVC,Scaling,3,{'sigma': 0.3},0.56,0.5989122080399305,"{'C': np.float64(0.2069138081114788), 'class_weight': 'balanced', 'dual': False, 'fit_intercept': False, 'intercept_scaling': 1, 'loss': 'squared_hinge', 'max_iter': 100, 'multi_class': 'ovr', 'penalty': 'l2', 'random_state': 42, 'tol': 0.0001, 'verbose': 0}",0.004685401916503906
Coffee,5,2,10,2,LogisticRegression,Scaling,3,{'sigma': 0.3},0.6,0.6000108322066348,"{'C': np.float64(183.29807108324337), 'class_weight': None, 'dual': False, 'fit_intercept': True, 'intercept_scaling': 1, 'l1_ratio': None, 'max_iter': 100, 'multi_class': 'deprecated', 'n_jobs': None, 'penalty': 'l2', 'random_state': 42, 'solver': 'saga', 'tol': 0.0001, 'verbose': 0, 'warm_start': False}",0.029088258743286133
Coffee,5,2,10,2,KNN,Scaling,4,{'sigma': 0.2},0.6283333333333333,0.6324104143162566,"{'algorithm': 'auto', 'leaf_size': 30, 'metric': 'euclidean', 'metric_params': None, 'n_jobs': None, 'n_neighbors': np.int64(9), 'p': 2, 'weights': 'distance'}",0.012802362442016602
Coffee,5,2,10,2,RandomForest,Scaling,4,{'sigma': 0.2},0.5083333333333333,0.5227407294618314,"{'bootstrap': True, 'ccp_alpha': 0.0, 'class_weight': 'balanced', 'criterion': 'gini', 'max_depth': 20, 'max_features': 'sqrt', 'max_leaf_nodes': None, 'max_samples': None, 'min_impurity_decrease': 0.0, 'min_samples_leaf': 1, 'min_samples_split': 2, 'min_weight_fraction_leaf': 0.0, 'monotonic_cst': None, 'n_estimators': 50, 'n_jobs': None, 'oob_score': False, 'random_state': 42, 'verbose': 0, 'warm_start': False}",0.12114953994750977
Coffee,5,2,10,2,LinearSVC,Scaling,4,{'sigma': 0.2},0.605,0.6163321993221238,"{'C': np.float64(2.6366508987303554), 'class_weight': 'balanced', 'dual': False, 'fit_intercept': True, 'intercept_scaling': 1, 'loss': 'squared_hinge', 'max_iter': 100, 'multi_class': 'ovr', 'penalty': 'l1', 'random_state': 42, 'tol': 0.0001, 'verbose': 0}",0.010241270065307617
Coffee,5,2,10,2,LogisticRegression,Scaling,4,{'sigma': 0.2},0.7816666666666666,0.7694736164956244,"{'C': np.float64(183.29807108324337), 'class_weight': None, 'dual': False, 'fit_intercept': True, 'intercept_scaling': 1, 'l1_ratio': None, 'max_iter': 100, 'multi_class': 'deprecated', 'n_jobs': None, 'penalty': 'l2', 'random_state': 42, 'solver': 'saga', 'tol': 0.0001, 'verbose': 0, 'warm_start': False}",0.028750896453857422
Coffee,5,2,10,2,KNN,Scaling,5,{'sigma': 0.5},0.6366666666666667,0.6404282212032282,"{'algorithm': 'auto', 'leaf_size': 30, 'metric': 'euclidean', 'metric_params': None, 'n_jobs': None, 'n_neighbors': np.int64(9), 'p': 2, 'weights': 'distance'}",0.009049177169799805
Coffee,5,2,10,2,RandomForest,Scaling,5,{'sigma': 0.5},0.795,0.7874639195396094,"{'bootstrap': True, 'ccp_alpha': 0.0, 'class_weight': 'balanced', 'criterion': 'gini', 'max_depth': 20, 'max_features': 'sqrt', 'max_leaf_nodes': None, 'max_samples': None, 'min_impurity_decrease': 0.0, 'min_samples_leaf': 1, 'min_samples_split': 2, 'min_weight_fraction_leaf': 0.0, 'monotonic_cst': None, 'n_estimators': 50, 'n_jobs': None, 'oob_score': False, 'random_state': 42, 'verbose': 0, 'warm_start': False}",0.09089088439941406
Coffee,5,2,10,2,LinearSVC,Scaling,5,{'sigma': 0.5},0.5783333333333334,0.5842441671165602,"{'C': np.float64(0.2069138081114788), 'class_weight': 'balanced', 'dual': False, 'fit_intercept': False, 'intercept_scaling': 1, 'loss': 'squared_hinge', 'max_iter': 100, 'multi_class': 'ovr', 'penalty': 'l2', 'random_state': 42, 'tol': 0.0001, 'verbose': 0}",0.004916667938232422
Coffee,5,2,10,2,LogisticRegression,Scaling,5,{'sigma': 0.5},0.7883333333333333,0.7811287477954144,"{'C': np.float64(183.29807108324337), 'class_weight': None, 'dual': False, 'fit_intercept': True, 'intercept_scaling': 1, 'l1_ratio': None, 'max_iter': 100, 'multi_class': 'deprecated', 'n_jobs': None, 'penalty': 'l2', 'random_state': 42, 'solver': 'saga', 'tol': 0.0001, 'verbose': 0, 'warm_start': False}",0.035689592361450195
Coffee,5,2,10,2,KNN,Scaling,6,{'sigma': 0.1},0.635,0.637837587001509,"{'algorithm': 'auto', 'leaf_size': 30, 'metric': 'euclidean', 'metric_params': None, 'n_jobs': None, 'n_neighbors': np.int64(9), 'p': 2, 'weights': 'distance'}",0.005918979644775391
Coffee,5,2,10,2,RandomForest,Scaling,6,{'sigma': 0.1},0.49166666666666664,0.5110881742237674,"{'bootstrap': True, 'ccp_alpha': 0.0, 'class_weight': 'balanced', 'criterion': 'gini', 'max_depth': 30, 'max_features': 'sqrt', 'max_leaf_nodes': None, 'max_samples': None, 'min_impurity_decrease': 0.0, 'min_samples_leaf': 1, 'min_samples_split': 2, 'min_weight_fraction_leaf': 0.0, 'monotonic_cst': None, 'n_estimators': 150, 'n_jobs': None, 'oob_score': False, 'random_state': 42, 'verbose': 0, 'warm_start': False}",0.31311726570129395
Coffee,5,2,10,2,LinearSVC,Scaling,6,{'sigma': 0.1},0.5516666666666666,0.5846119994588701,"{'C': np.float64(0.2069138081114788), 'class_weight': 'balanced', 'dual': False, 'fit_intercept': False, 'intercept_scaling': 1, 'loss': 'squared_hinge', 'max_iter': 100, 'multi_class': 'ovr', 'penalty': 'l2', 'random_state': 42, 'tol': 0.0001, 'verbose': 0}",0.004336357116699219
Coffee,5,2,10,2,LogisticRegression,Scaling,6,{'sigma': 0.1},0.8016666666666666,0.7867484719607706,"{'C': np.float64(183.29807108324337), 'class_weight': None, 'dual': False, 'fit_intercept': True, 'intercept_scaling': 1, 'l1_ratio': None, 'max_iter': 100, 'multi_class': 'deprecated', 'n_jobs': None, 'penalty': 'l2', 'random_state': 42, 'solver': 'saga', 'tol': 0.0001, 'verbose': 0, 'warm_start': False}",0.036660194396972656
Coffee,5,2,10,2,KNN,Scaling,7,{'sigma': 0.3},0.6333333333333333,0.6363219779418657,"{'algorithm': 'auto', 'leaf_size': 30, 'metric': 'euclidean', 'metric_params': None, 'n_jobs': None, 'n_neighbors': np.int64(9), 'p': 2, 'weights': 'distance'}",0.00846099853515625
Coffee,5,2,10,2,RandomForest,Scaling,7,{'sigma': 0.3},0.4666666666666667,0.48381104770957106,"{'bootstrap': True, 'ccp_alpha': 0.0, 'class_weight': 'balanced', 'criterion': 'gini', 'max_depth': 30, 'max_features': 'sqrt', 'max_leaf_nodes': None, 'max_samples': None, 'min_impurity_decrease': 0.0, 'min_samples_leaf': 1, 'min_samples_split': 2, 'min_weight_fraction_leaf': 0.0, 'monotonic_cst': None, 'n_estimators': 150, 'n_jobs': None, 'oob_score': False, 'random_state': 42, 'verbose': 0, 'warm_start': False}",0.2685091495513916
Coffee,5,2,10,2,LinearSVC,Scaling,7,{'sigma': 0.3},0.5533333333333333,0.5942982456140351,"{'C': np.float64(0.0069519279617756054), 'class_weight': 'balanced', 'dual': False, 'fit_intercept': False, 'intercept_scaling': 1, 'loss': 'squared_hinge', 'max_iter': 100, 'multi_class': 'ovr', 'penalty': 'l2', 'random_state': 42, 'tol': 0.0001, 'verbose': 0}",0.005078315734863281
Coffee,5,2,10,2,LogisticRegression,Scaling,7,{'sigma': 0.3},0.5816666666666667,0.6298221543627441,"{'C': np.float64(2.6366508987303554), 'class_weight': 'balanced', 'dual': False, 'fit_intercept': True, 'intercept_scaling': 1, 'l1_ratio': None, 'max_iter': 100, 'multi_class': 'deprecated', 'n_jobs': None, 'penalty': 'l1', 'random_state': 42, 'solver': 'saga', 'tol': 0.0001, 'verbose': 0, 'warm_start': False}",0.04094743728637695
Coffee,5,2,10,2,KNN,Scaling,8,{'sigma': 0.1},0.6383333333333333,0.6408628279979804,"{'algorithm': 'auto', 'leaf_size': 30, 'metric': 'euclidean', 'metric_params': None, 'n_jobs': None, 'n_neighbors': np.int64(9), 'p': 2, 'weights': 'distance'}",0.008335113525390625
Coffee,5,2,10,2,RandomForest,Scaling,8,{'sigma': 0.1},0.5283333333333333,0.5482046493592054,"{'bootstrap': True, 'ccp_alpha': 0.0, 'class_weight': 'balanced', 'criterion': 'gini', 'max_depth': 30, 'max_features': 'sqrt', 'max_leaf_nodes': None, 'max_samples': None, 'min_impurity_decrease': 0.0, 'min_samples_leaf': 1, 'min_samples_split': 2, 'min_weight_fraction_leaf': 0.0, 'monotonic_cst': None, 'n_estimators': 150, 'n_jobs': None, 'oob_score': False, 'random_state': 42, 'verbose': 0, 'warm_start': False}",0.3065929412841797
Coffee,5,2,10,2,LinearSVC,Scaling,8,{'sigma': 0.1},0.545,0.577178165887637,"{'C': np.float64(2.6366508987303554), 'class_weight': 'balanced', 'dual': False, 'fit_intercept': True, 'intercept_scaling': 1, 'loss': 'squared_hinge', 'max_iter': 100, 'multi_class': 'ovr', 'penalty': 'l1', 'random_state': 42, 'tol': 0.0001, 'verbose': 0}",0.01077413558959961
Coffee,5,2,10,2,LogisticRegression,Scaling,8,{'sigma': 0.1},0.7216666666666667,0.7273375334759069,"{'C': np.float64(183.29807108324337), 'class_weight': None, 'dual': False, 'fit_intercept': True, 'intercept_scaling': 1, 'l1_ratio': None, 'max_iter': 100, 'multi_class': 'deprecated', 'n_jobs': None, 'penalty': 'l2', 'random_state': 42, 'solver': 'saga', 'tol': 0.0001, 'verbose': 0, 'warm_start': False}",0.028431415557861328
Coffee,5,2,10,2,KNN,Scaling,9,{'sigma': 0.3},0.6366666666666667,0.6403994425881986,"{'algorithm': 'auto', 'leaf_size': 30, 'metric': 'euclidean', 'metric_params': None, 'n_jobs': None, 'n_neighbors': np.int64(9), 'p': 2, 'weights': 'distance'}",0.008218526840209961
Coffee,5,2,10,2,RandomForest,Scaling,9,{'sigma': 0.3},0.47333333333333333,0.48942505830936794,"{'bootstrap': True, 'ccp_alpha': 0.0, 'class_weight': 'balanced', 'criterion': 'gini', 'max_depth': 30, 'max_features': 'sqrt', 'max_leaf_nodes': None, 'max_samples': None, 'min_impurity_decrease': 0.0, 'min_samples_leaf': 1, 'min_samples_split': 2, 'min_weight_fraction_leaf': 0.0, 'monotonic_cst': None, 'n_estimators': 150, 'n_jobs': None, 'oob_score': False, 'random_state': 42, 'verbose': 0, 'warm_start': False}",0.31691479682922363
Coffee,5,2,10,2,LinearSVC,Scaling,9,{'sigma': 0.3},0.66,0.6632212740882354,"{'C': np.float64(2.6366508987303554), 'class_weight': 'balanced', 'dual': False, 'fit_intercept': True, 'intercept_scaling': 1, 'loss': 'squared_hinge', 'max_iter': 100, 'multi_class': 'ovr', 'penalty': 'l1', 'random_state': 42, 'tol': 0.0001, 'verbose': 0}",0.0074727535247802734
Coffee,5,2,10,2,LogisticRegression,Scaling,9,{'sigma': 0.3},0.7833333333333333,0.7707689136260566,"{'C': np.float64(1000.0), 'class_weight': 'balanced', 'dual': False, 'fit_intercept': True, 'intercept_scaling': 1, 'l1_ratio': None, 'max_iter': 100, 'multi_class': 'deprecated', 'n_jobs': None, 'penalty': 'l2', 'random_state': 42, 'solver': 'sag', 'tol': 0.0001, 'verbose': 0, 'warm_start': False}",0.02832794189453125
Coffee,5,2,10,2,KNN,Scaling,10,{'sigma': 0.5},0.6283333333333333,0.6322935070969694,"{'algorithm': 'auto', 'leaf_size': 30, 'metric': 'euclidean', 'metric_params': None, 'n_jobs': None, 'n_neighbors': np.int64(9), 'p': 2, 'weights': 'distance'}",0.007130622863769531
Coffee,5,2,10,2,RandomForest,Scaling,10,{'sigma': 0.5},0.5133333333333333,0.5147936690489883,"{'bootstrap': True, 'ccp_alpha': 0.0, 'class_weight': 'balanced', 'criterion': 'gini', 'max_depth': 30, 'max_features': 'sqrt', 'max_leaf_nodes': None, 'max_samples': None, 'min_impurity_decrease': 0.0, 'min_samples_leaf': 1, 'min_samples_split': 2, 'min_weight_fraction_leaf': 0.0, 'monotonic_cst': None, 'n_estimators': 150, 'n_jobs': None, 'oob_score': False, 'random_state': 42, 'verbose': 0, 'warm_start': False}",0.31571269035339355
Coffee,5,2,10,2,LinearSVC,Scaling,10,{'sigma': 0.5},0.5016666666666667,0.5314262508122157,"{'C': np.float64(0.2069138081114788), 'class_weight': None, 'dual': False, 'fit_intercept': False, 'intercept_scaling': 1, 'loss': 'squared_hinge', 'max_iter': 100, 'multi_class': 'ovr', 'penalty': 'l2', 'random_state': 42, 'tol': 0.001, 'verbose': 0}",0.003724813461303711
Coffee,5,2,10,2,LogisticRegression,Scaling,10,{'sigma': 0.5},0.52,0.5424984355987107,"{'C': np.float64(1000.0), 'class_weight': 'balanced', 'dual': False, 'fit_intercept': True, 'intercept_scaling': 1, 'l1_ratio': None, 'max_iter': 100, 'multi_class': 'deprecated', 'n_jobs': None, 'penalty': 'l2', 'random_state': 42, 'solver': 'sag', 'tol': 0.0001, 'verbose': 0, 'warm_start': False}",0.026414871215820312
Coffee,5,2,10,3,KNN,Scaling,1,{'sigma': 0.1},0.6266666666666667,0.6306584362139918,"{'algorithm': 'auto', 'leaf_size': 30, 'metric': 'euclidean', 'metric_params': None, 'n_jobs': None, 'n_neighbors': np.int64(9), 'p': 2, 'weights': 'distance'}",0.006283998489379883
Coffee,5,2,10,3,RandomForest,Scaling,1,{'sigma': 0.1},0.4583333333333333,0.4712998102466794,"{'bootstrap': True, 'ccp_alpha': 0.0, 'class_weight': None, 'criterion': 'gini', 'max_depth': None, 'max_features': 'sqrt', 'max_leaf_nodes': None, 'max_samples': None, 'min_impurity_decrease': 0.0, 'min_samples_leaf': 4, 'min_samples_split': 10, 'min_weight_fraction_leaf': 0.0, 'monotonic_cst': None, 'n_estimators': 50, 'n_jobs': None, 'oob_score': False, 'random_state': 42, 'verbose': 0, 'warm_start': False}",0.13948440551757812
Coffee,5,2,10,3,LinearSVC,Scaling,1,{'sigma': 0.1},0.5816666666666667,0.6249512581033352,"{'C': np.float64(183.29807108324337), 'class_weight': 'balanced', 'dual': False, 'fit_intercept': True, 'intercept_scaling': 1, 'loss': 'squared_hinge', 'max_iter': 100, 'multi_class': 'ovr', 'penalty': 'l1', 'random_state': 42, 'tol': 0.0001, 'verbose': 0}",0.012083053588867188
Coffee,5,2,10,3,LogisticRegression,Scaling,1,{'sigma': 0.1},0.7266666666666667,0.7336636912928617,"{'C': np.float64(1000.0), 'class_weight': 'balanced', 'dual': False, 'fit_intercept': True, 'intercept_scaling': 1, 'l1_ratio': None, 'max_iter': 100, 'multi_class': 'deprecated', 'n_jobs': None, 'penalty': 'l2', 'random_state': 42, 'solver': 'sag', 'tol': 0.0001, 'verbose': 0, 'warm_start': False}",0.03866934776306152
Coffee,5,2,10,3,KNN,Scaling,2,{'sigma': 0.5},0.5566666666666666,0.5648821610486885,"{'algorithm': 'auto', 'leaf_size': 30, 'metric': 'minkowski', 'metric_params': None, 'n_jobs': None, 'n_neighbors': np.int64(13), 'p': 4, 'weights': 'distance'}",0.030423641204833984
Coffee,5,2,10,3,RandomForest,Scaling,2,{'sigma': 0.5},0.5116666666666667,0.5270681850716503,"{'bootstrap': True, 'ccp_alpha': 0.0, 'class_weight': 'balanced', 'criterion': 'gini', 'max_depth': 30, 'max_features': 'sqrt', 'max_leaf_nodes': None, 'max_samples': None, 'min_impurity_decrease': 0.0, 'min_samples_leaf': 1, 'min_samples_split': 2, 'min_weight_fraction_leaf': 0.0, 'monotonic_cst': None, 'n_estimators': 150, 'n_jobs': None, 'oob_score': False, 'random_state': 42, 'verbose': 0, 'warm_start': False}",0.35087037086486816
Coffee,5,2,10,3,LinearSVC,Scaling,2,{'sigma': 0.5},0.5266666666666666,0.5643213772463961,"{'C': np.float64(33.59818286283781), 'class_weight': None, 'dual': False, 'fit_intercept': True, 'intercept_scaling': 1, 'loss': 'squared_hinge', 'max_iter': 100, 'multi_class': 'ovr', 'penalty': 'l1', 'random_state': 42, 'tol': 0.001, 'verbose': 0}",0.010526657104492188
Coffee,5,2,10,3,LogisticRegression,Scaling,2,{'sigma': 0.5},0.54,0.575207020145841,"{'C': np.float64(1000.0), 'class_weight': 'balanced', 'dual': False, 'fit_intercept': True, 'intercept_scaling': 1, 'l1_ratio': None, 'max_iter': 100, 'multi_class': 'deprecated', 'n_jobs': None, 'penalty': 'l2', 'random_state': 42, 'solver': 'sag', 'tol': 0.0001, 'verbose': 0, 'warm_start': False}",0.04410839080810547
Coffee,5,2,10,3,KNN,Scaling,3,{'sigma': 0.3},0.63,0.6341937177567587,"{'algorithm': 'auto', 'leaf_size': 30, 'metric': 'minkowski', 'metric_params': None, 'n_jobs': None, 'n_neighbors': np.int64(13), 'p': 4, 'weights': 'distance'}",0.0376124382019043
Coffee,5,2,10,3,RandomForest,Scaling,3,{'sigma': 0.3},0.55,0.5724181674993989,"{'bootstrap': True, 'ccp_alpha': 0.0, 'class_weight': None, 'criterion': 'gini', 'max_depth': None, 'max_features': 'sqrt', 'max_leaf_nodes': None, 'max_samples': None, 'min_impurity_decrease': 0.0, 'min_samples_leaf': 4, 'min_samples_split': 10, 'min_weight_fraction_leaf': 0.0, 'monotonic_cst': None, 'n_estimators': 50, 'n_jobs': None, 'oob_score': False, 'random_state': 42, 'verbose': 0, 'warm_start': False}",0.14961028099060059
Coffee,5,2,10,3,LinearSVC,Scaling,3,{'sigma': 0.3},0.6316666666666667,0.6664550192303316,"{'C': np.float64(33.59818286283781), 'class_weight': 'balanced', 'dual': False, 'fit_intercept': True, 'intercept_scaling': 1, 'loss': 'squared_hinge', 'max_iter': 100, 'multi_class': 'ovr', 'penalty': 'l1', 'random_state': 42, 'tol': 0.001, 'verbose': 0}",0.011403322219848633
Coffee,5,2,10,3,LogisticRegression,Scaling,3,{'sigma': 0.3},0.6766666666666666,0.7012677492067595,"{'C': np.float64(33.59818286283781), 'class_weight': 'balanced', 'dual': False, 'fit_intercept': True, 'intercept_scaling': 1, 'l1_ratio': None, 'max_iter': 100, 'multi_class': 'deprecated', 'n_jobs': None, 'penalty': 'l1', 'random_state': 42, 'solver': 'saga', 'tol': 0.0001, 'verbose': 0, 'warm_start': False}",0.06338071823120117
Coffee,5,2,10,3,KNN,Scaling,4,{'sigma': 0.2},0.5983333333333334,0.604410426615978,"{'algorithm': 'auto', 'leaf_size': 30, 'metric': 'euclidean', 'metric_params': None, 'n_jobs': None, 'n_neighbors': np.int64(9), 'p': 2, 'weights': 'distance'}",0.006882905960083008
Coffee,5,2,10,3,RandomForest,Scaling,4,{'sigma': 0.2},0.45666666666666667,0.4668890344176439,"{'bootstrap': True, 'ccp_alpha': 0.0, 'class_weight': None, 'criterion': 'gini', 'max_depth': None, 'max_features': 'sqrt', 'max_leaf_nodes': None, 'max_samples': None, 'min_impurity_decrease': 0.0, 'min_samples_leaf': 4, 'min_samples_split': 10, 'min_weight_fraction_leaf': 0.0, 'monotonic_cst': None, 'n_estimators': 50, 'n_jobs': None, 'oob_score': False, 'random_state': 42, 'verbose': 0, 'warm_start': False}",0.13918304443359375
Coffee,5,2,10,3,LinearSVC,Scaling,4,{'sigma': 0.2},0.5366666666666666,0.5814782956535589,"{'C': np.float64(1000.0), 'class_weight': 'balanced', 'dual': False, 'fit_intercept': True, 'intercept_scaling': 1, 'loss': 'squared_hinge', 'max_iter': 100, 'multi_class': 'ovr', 'penalty': 'l2', 'random_state': 42, 'tol': 0.001, 'verbose': 0}",0.0066187381744384766
Coffee,5,2,10,3,LogisticRegression,Scaling,4,{'sigma': 0.2},0.6916666666666667,0.7242456643747858,"{'C': np.float64(183.29807108324337), 'class_weight': None, 'dual': False, 'fit_intercept': True, 'intercept_scaling': 1, 'l1_ratio': None, 'max_iter': 100, 'multi_class': 'deprecated', 'n_jobs': None, 'penalty': 'l2', 'random_state': 42, 'solver': 'saga', 'tol': 0.0001, 'verbose': 0, 'warm_start': False}",0.05503702163696289
Coffee,5,2,10,3,KNN,Scaling,5,{'sigma': 0.5},0.635,0.6379248541727767,"{'algorithm': 'auto', 'leaf_size': 30, 'metric': 'euclidean', 'metric_params': None, 'n_jobs': None, 'n_neighbors': np.int64(9), 'p': 2, 'weights': 'distance'}",0.008645772933959961
Coffee,5,2,10,3,RandomForest,Scaling,5,{'sigma': 0.5},0.56,0.5694112890281756,"{'bootstrap': True, 'ccp_alpha': 0.0, 'class_weight': 'balanced', 'criterion': 'gini', 'max_depth': 30, 'max_features': 'sqrt', 'max_leaf_nodes': None, 'max_samples': None, 'min_impurity_decrease': 0.0, 'min_samples_leaf': 1, 'min_samples_split': 2, 'min_weight_fraction_leaf': 0.0, 'monotonic_cst': None, 'n_estimators': 150, 'n_jobs': None, 'oob_score': False, 'random_state': 42, 'verbose': 0, 'warm_start': False}",0.3545651435852051
Coffee,5,2,10,3,LinearSVC,Scaling,5,{'sigma': 0.5},0.5966666666666667,0.6062573512788005,"{'C': np.float64(2.6366508987303554), 'class_weight': 'balanced', 'dual': False, 'fit_intercept': True, 'intercept_scaling': 1, 'loss': 'squared_hinge', 'max_iter': 100, 'multi_class': 'ovr', 'penalty': 'l1', 'random_state': 42, 'tol': 0.0001, 'verbose': 0}",0.016889572143554688
Coffee,5,2,10,3,LogisticRegression,Scaling,5,{'sigma': 0.5},0.7133333333333334,0.707016045509385,"{'C': np.float64(33.59818286283781), 'class_weight': 'balanced', 'dual': False, 'fit_intercept': True, 'intercept_scaling': 1, 'l1_ratio': None, 'max_iter': 100, 'multi_class': 'deprecated', 'n_jobs': None, 'penalty': 'l2', 'random_state': 42, 'solver': 'saga', 'tol': 0.0001, 'verbose': 0, 'warm_start': False}",0.05266761779785156
Coffee,5,2,10,3,KNN,Scaling,6,{'sigma': 0.1},0.63,0.634130658436214,"{'algorithm': 'auto', 'leaf_size': 30, 'metric': 'minkowski', 'metric_params': None, 'n_jobs': None, 'n_neighbors': np.int64(13), 'p': 4, 'weights': 'distance'}",0.033237457275390625
Coffee,5,2,10,3,RandomForest,Scaling,6,{'sigma': 0.1},0.455,0.4681785644563024,"{'bootstrap': True, 'ccp_alpha': 0.0, 'class_weight': 'balanced', 'criterion': 'gini', 'max_depth': None, 'max_features': 'sqrt', 'max_leaf_nodes': None, 'max_samples': None, 'min_impurity_decrease': 0.0, 'min_samples_leaf': 1, 'min_samples_split': 2, 'min_weight_fraction_leaf': 0.0, 'monotonic_cst': None, 'n_estimators': 50, 'n_jobs': None, 'oob_score': False, 'random_state': 42, 'verbose': 0, 'warm_start': False}",0.14847087860107422
Coffee,5,2,10,3,LinearSVC,Scaling,6,{'sigma': 0.1},0.6916666666666667,0.7042079958340912,"{'C': np.float64(183.29807108324337), 'class_weight': 'balanced', 'dual': False, 'fit_intercept': True, 'intercept_scaling': 1, 'loss': 'squared_hinge', 'max_iter': 100, 'multi_class': 'ovr', 'penalty': 'l1', 'random_state': 42, 'tol': 0.0001, 'verbose': 0}",0.0103302001953125
Coffee,5,2,10,3,LogisticRegression,Scaling,6,{'sigma': 0.1},0.5716666666666667,0.5977153576163476,"{'C': np.float64(0.08858667904100823), 'class_weight': None, 'dual': False, 'fit_intercept': False, 'intercept_scaling': 1, 'l1_ratio': None, 'max_iter': 100, 'multi_class': 'deprecated', 'n_jobs': None, 'penalty': 'l1', 'random_state': 42, 'solver': 'saga', 'tol': 0.0001, 'verbose': 0, 'warm_start': False}",0.03187274932861328
Coffee,5,2,10,3,KNN,Scaling,7,{'sigma': 0.3},0.6366666666666667,0.6403994425881986,"{'algorithm': 'auto', 'leaf_size': 30, 'metric': 'euclidean', 'metric_params': None, 'n_jobs': None, 'n_neighbors': np.int64(9), 'p': 2, 'weights': 'distance'}",0.00893545150756836
Coffee,5,2,10,3,RandomForest,Scaling,7,{'sigma': 0.3},0.465,0.47704802259887,"{'bootstrap': True, 'ccp_alpha': 0.0, 'class_weight': 'balanced', 'criterion': 'gini', 'max_depth': None, 'max_features': 'sqrt', 'max_leaf_nodes': None, 'max_samples': None, 'min_impurity_decrease': 0.0, 'min_samples_leaf': 4, 'min_samples_split': 2, 'min_weight_fraction_leaf': 0.0, 'monotonic_cst': None, 'n_estimators': 50, 'n_jobs': None, 'oob_score': False, 'random_state': 42, 'verbose': 0, 'warm_start': False}",0.14493513107299805
Coffee,5,2,10,3,LinearSVC,Scaling,7,{'sigma': 0.3},0.5983333333333334,0.6322653563530795,"{'C': np.float64(183.29807108324337), 'class_weight': 'balanced', 'dual': False, 'fit_intercept': True, 'intercept_scaling': 1, 'loss': 'squared_hinge', 'max_iter': 100, 'multi_class': 'ovr', 'penalty': 'l1', 'random_state': 42, 'tol': 0.0001, 'verbose': 0}",0.01092076301574707
Coffee,5,2,10,3,LogisticRegression,Scaling,7,{'sigma': 0.3},0.7533333333333333,0.7475778171846842,"{'C': np.float64(2.6366508987303554), 'class_weight': 'balanced', 'dual': False, 'fit_intercept': True, 'intercept_scaling': 1, 'l1_ratio': None, 'max_iter': 100, 'multi_class': 'deprecated', 'n_jobs': None, 'penalty': 'l1', 'random_state': 42, 'solver': 'saga', 'tol': 0.0001, 'verbose': 0, 'warm_start': False}",0.05450940132141113
Coffee,5,2,10,3,KNN,Scaling,8,{'sigma': 0.1},0.6283333333333333,0.6319747834874463,"{'algorithm': 'auto', 'leaf_size': 30, 'metric': 'minkowski', 'metric_params': None, 'n_jobs': None, 'n_neighbors': np.int64(13), 'p': 4, 'weights': 'distance'}",0.02786397933959961
Coffee,5,2,10,3,RandomForest,Scaling,8,{'sigma': 0.1},0.49,0.5062871705695928,"{'bootstrap': True, 'ccp_alpha': 0.0, 'class_weight': 'balanced', 'criterion': 'gini', 'max_depth': None, 'max_features': 'sqrt', 'max_leaf_nodes': None, 'max_samples': None, 'min_impurity_decrease': 0.0, 'min_samples_leaf': 1, 'min_samples_split': 2, 'min_weight_fraction_leaf': 0.0, 'monotonic_cst': None, 'n_estimators': 50, 'n_jobs': None, 'oob_score': False, 'random_state': 42, 'verbose': 0, 'warm_start': False}",0.1403813362121582
Coffee,5,2,10,3,LinearSVC,Scaling,8,{'sigma': 0.1},0.7,0.7080755142428374,"{'C': np.float64(1000.0), 'class_weight': 'balanced', 'dual': False, 'fit_intercept': True, 'intercept_scaling': 1, 'loss': 'squared_hinge', 'max_iter': 100, 'multi_class': 'ovr', 'penalty': 'l2', 'random_state': 42, 'tol': 0.001, 'verbose': 0}",0.00638270378112793
Coffee,5,2,10,3,LogisticRegression,Scaling,8,{'sigma': 0.1},0.8033333333333333,0.789095928226363,"{'C': np.float64(1000.0), 'class_weight': 'balanced', 'dual': False, 'fit_intercept': True, 'intercept_scaling': 1, 'l1_ratio': None, 'max_iter': 100, 'multi_class': 'deprecated', 'n_jobs': None, 'penalty': 'l2', 'random_state': 42, 'solver': 'sag', 'tol': 0.0001, 'verbose': 0, 'warm_start': False}",0.03852486610412598
Coffee,5,2,10,3,KNN,Scaling,9,{'sigma': 0.3},0.64,0.642818800054765,"{'algorithm': 'auto', 'leaf_size': 30, 'metric': 'minkowski', 'metric_params': None, 'n_jobs': None, 'n_neighbors': np.int64(13), 'p': 4, 'weights': 'distance'}",0.028594017028808594
Coffee,5,2,10,3,RandomForest,Scaling,9,{'sigma': 0.3},0.47833333333333333,0.4826577183786338,"{'bootstrap': True, 'ccp_alpha': 0.0, 'class_weight': 'balanced', 'criterion': 'gini', 'max_depth': None, 'max_features': 'sqrt', 'max_leaf_nodes': None, 'max_samples': None, 'min_impurity_decrease': 0.0, 'min_samples_leaf': 4, 'min_samples_split': 2, 'min_weight_fraction_leaf': 0.0, 'monotonic_cst': None, 'n_estimators': 50, 'n_jobs': None, 'oob_score': False, 'random_state': 42, 'verbose': 0, 'warm_start': False}",0.16217517852783203
Coffee,5,2,10,3,LinearSVC,Scaling,9,{'sigma': 0.3},0.67,0.6683504528696348,"{'C': np.float64(2.6366508987303554), 'class_weight': 'balanced', 'dual': False, 'fit_intercept': True, 'intercept_scaling': 1, 'loss': 'squared_hinge', 'max_iter': 100, 'multi_class': 'ovr', 'penalty': 'l1', 'random_state': 42, 'tol': 0.0001, 'verbose': 0}",0.015137672424316406
Coffee,5,2,10,3,LogisticRegression,Scaling,9,{'sigma': 0.3},0.49,0.5141950192117463,"{'C': np.float64(0.08858667904100823), 'class_weight': None, 'dual': False, 'fit_intercept': False, 'intercept_scaling': 1, 'l1_ratio': None, 'max_iter': 100, 'multi_class': 'deprecated', 'n_jobs': None, 'penalty': 'l1', 'random_state': 42, 'solver': 'saga', 'tol': 0.0001, 'verbose': 0, 'warm_start': False}",0.03761744499206543
Coffee,5,2,10,3,KNN,Scaling,10,{'sigma': 0.5},0.62,0.6241309541014547,"{'algorithm': 'auto', 'leaf_size': 30, 'metric': 'chebyshev', 'metric_params': None, 'n_jobs': None, 'n_neighbors': np.int64(5), 'p': 2, 'weights': 'uniform'}",0.024288177490234375
Coffee,5,2,10,3,RandomForest,Scaling,10,{'sigma': 0.5},0.5016666666666667,0.505909644165449,"{'bootstrap': True, 'ccp_alpha': 0.0, 'class_weight': 'balanced', 'criterion': 'gini', 'max_depth': None, 'max_features': 'sqrt', 'max_leaf_nodes': None, 'max_samples': None, 'min_impurity_decrease': 0.0, 'min_samples_leaf': 1, 'min_samples_split': 2, 'min_weight_fraction_leaf': 0.0, 'monotonic_cst': None, 'n_estimators': 50, 'n_jobs': None, 'oob_score': False, 'random_state': 42, 'verbose': 0, 'warm_start': False}",0.1518268585205078
Coffee,5,2,10,3,LinearSVC,Scaling,10,{'sigma': 0.5},0.6033333333333334,0.6310070819714528,"{'C': np.float64(1000.0), 'class_weight': 'balanced', 'dual': False, 'fit_intercept': True, 'intercept_scaling': 1, 'loss': 'squared_hinge', 'max_iter': 100, 'multi_class': 'ovr', 'penalty': 'l2', 'random_state': 42, 'tol': 0.001, 'verbose': 0}",0.007553815841674805
Coffee,5,2,10,3,LogisticRegression,Scaling,10,{'sigma': 0.5},0.595,0.6337496284827431,"{'C': np.float64(183.29807108324337), 'class_weight': 'balanced', 'dual': False, 'fit_intercept': True, 'intercept_scaling': 1, 'l1_ratio': None, 'max_iter': 100, 'multi_class': 'deprecated', 'n_jobs': None, 'penalty': 'l1', 'random_state': 42, 'solver': 'saga', 'tol': 0.0001, 'verbose': 0, 'warm_start': False}",0.0632162094116211
Coffee,5,2,10,5,KNN,Scaling,1,{'sigma': 0.1},0.6316666666666667,0.6354304722741612,"{'algorithm': 'auto', 'leaf_size': 30, 'metric': 'minkowski', 'metric_params': None, 'n_jobs': None, 'n_neighbors': np.int64(13), 'p': 4, 'weights': 'distance'}",0.03257417678833008
Coffee,5,2,10,5,RandomForest,Scaling,1,{'sigma': 0.1},0.545,0.5675443662898211,"{'bootstrap': True, 'ccp_alpha': 0.0, 'class_weight': None, 'criterion': 'gini', 'max_depth': None, 'max_features': 'sqrt', 'max_leaf_nodes': None, 'max_samples': None, 'min_impurity_decrease': 0.0, 'min_samples_leaf': 4, 'min_samples_split': 2, 'min_weight_fraction_leaf': 0.0, 'monotonic_cst': None, 'n_estimators': 50, 'n_jobs': None, 'oob_score': False, 'random_state': 42, 'verbose': 0, 'warm_start': False}",0.15726423263549805
Coffee,5,2,10,5,LinearSVC,Scaling,1,{'sigma': 0.1},0.6566666666666666,0.6733179083341804,"{'C': np.float64(1000.0), 'class_weight': 'balanced', 'dual': False, 'fit_intercept': True, 'intercept_scaling': 1, 'loss': 'squared_hinge', 'max_iter': 100, 'multi_class': 'ovr', 'penalty': 'l2', 'random_state': 42, 'tol': 0.001, 'verbose': 0}",0.008811473846435547
Coffee,5,2,10,5,LogisticRegression,Scaling,1,{'sigma': 0.1},0.795,0.7818347461547769,"{'C': np.float64(33.59818286283781), 'class_weight': None, 'dual': False, 'fit_intercept': True, 'intercept_scaling': 1, 'l1_ratio': None, 'max_iter': 100, 'multi_class': 'deprecated', 'n_jobs': None, 'penalty': 'l2', 'random_state': 42, 'solver': 'saga', 'tol': 0.0001, 'verbose': 0, 'warm_start': False}",0.07137608528137207
Coffee,5,2,10,5,KNN,Scaling,2,{'sigma': 0.5},0.6266666666666667,0.6340088113972593,"{'algorithm': 'auto', 'leaf_size': 30, 'metric': 'minkowski', 'metric_params': None, 'n_jobs': None, 'n_neighbors': np.int64(5), 'p': 3, 'weights': 'distance'}",0.03972887992858887
Coffee,5,2,10,5,RandomForest,Scaling,2,{'sigma': 0.5},0.6133333333333333,0.6159649289517055,"{'bootstrap': True, 'ccp_alpha': 0.0, 'class_weight': 'balanced', 'criterion': 'gini', 'max_depth': None, 'max_features': 'sqrt', 'max_leaf_nodes': None, 'max_samples': None, 'min_impurity_decrease': 0.0, 'min_samples_leaf': 1, 'min_samples_split': 20, 'min_weight_fraction_leaf': 0.0, 'monotonic_cst': None, 'n_estimators': 150, 'n_jobs': None, 'oob_score': False, 'random_state': 42, 'verbose': 0, 'warm_start': False}",0.6829347610473633
Coffee,5,2,10,5,LinearSVC,Scaling,2,{'sigma': 0.5},0.5216666666666666,0.5514975380032077,"{'C': np.float64(0.0069519279617756054), 'class_weight': 'balanced', 'dual': False, 'fit_intercept': False, 'intercept_scaling': 1, 'loss': 'squared_hinge', 'max_iter': 100, 'multi_class': 'ovr', 'penalty': 'l2', 'random_state': 42, 'tol': 0.0001, 'verbose': 0}",0.008385658264160156
Coffee,5,2,10,5,LogisticRegression,Scaling,2,{'sigma': 0.5},0.61,0.6390879540858653,"{'C': np.float64(33.59818286283781), 'class_weight': None, 'dual': False, 'fit_intercept': True, 'intercept_scaling': 1, 'l1_ratio': None, 'max_iter': 100, 'multi_class': 'deprecated', 'n_jobs': None, 'penalty': 'l2', 'random_state': 42, 'solver': 'saga', 'tol': 0.0001, 'verbose': 0, 'warm_start': False}",0.06940221786499023
Coffee,5,2,10,5,KNN,Scaling,3,{'sigma': 0.3},0.635,0.638890679886618,"{'algorithm': 'auto', 'leaf_size': 30, 'metric': 'minkowski', 'metric_params': None, 'n_jobs': None, 'n_neighbors': np.int64(13), 'p': 4, 'weights': 'distance'}",0.04749107360839844
Coffee,5,2,10,5,RandomForest,Scaling,3,{'sigma': 0.3},0.48333333333333334,0.4970726872089623,"{'bootstrap': True, 'ccp_alpha': 0.0, 'class_weight': 'balanced', 'criterion': 'gini', 'max_depth': 20, 'max_features': 'sqrt', 'max_leaf_nodes': None, 'max_samples': None, 'min_impurity_decrease': 0.0, 'min_samples_leaf': 2, 'min_samples_split': 5, 'min_weight_fraction_leaf': 0.0, 'monotonic_cst': None, 'n_estimators': 50, 'n_jobs': None, 'oob_score': False, 'random_state': 42, 'verbose': 0, 'warm_start': False}",0.21370577812194824
Coffee,5,2,10,5,LinearSVC,Scaling,3,{'sigma': 0.3},0.5783333333333334,0.6044584329608484,"{'C': np.float64(33.59818286283781), 'class_weight': None, 'dual': False, 'fit_intercept': True, 'intercept_scaling': 1, 'loss': 'squared_hinge', 'max_iter': 100, 'multi_class': 'ovr', 'penalty': 'l1', 'random_state': 42, 'tol': 0.001, 'verbose': 0}",0.016219615936279297
Coffee,5,2,10,5,LogisticRegression,Scaling,3,{'sigma': 0.3},0.705,0.7233820621798763,"{'C': np.float64(183.29807108324337), 'class_weight': 'balanced', 'dual': False, 'fit_intercept': True, 'intercept_scaling': 1, 'l1_ratio': None, 'max_iter': 100, 'multi_class': 'deprecated', 'n_jobs': None, 'penalty': 'l1', 'random_state': 42, 'solver': 'saga', 'tol': 0.0001, 'verbose': 0, 'warm_start': False}",0.09217977523803711
Coffee,5,2,10,5,KNN,Scaling,4,{'sigma': 0.2},0.5983333333333334,0.6050926700500066,"{'algorithm': 'auto', 'leaf_size': 30, 'metric': 'minkowski', 'metric_params': None, 'n_jobs': None, 'n_neighbors': np.int64(5), 'p': 3, 'weights': 'distance'}",0.030191421508789062
Coffee,5,2,10,5,RandomForest,Scaling,4,{'sigma': 0.2},0.5083333333333333,0.5152665889783993,"{'bootstrap': True, 'ccp_alpha': 0.0, 'class_weight': 'balanced', 'criterion': 'gini', 'max_depth': None, 'max_features': 'sqrt', 'max_leaf_nodes': None, 'max_samples': None, 'min_impurity_decrease': 0.0, 'min_samples_leaf': 1, 'min_samples_split': 20, 'min_weight_fraction_leaf': 0.0, 'monotonic_cst': None, 'n_estimators': 150, 'n_jobs': None, 'oob_score': False, 'random_state': 42, 'verbose': 0, 'warm_start': False}",0.5398998260498047
Coffee,5,2,10,5,LinearSVC,Scaling,4,{'sigma': 0.2},0.5033333333333333,0.5021078440570682,"{'C': np.float64(0.08858667904100823), 'class_weight': None, 'dual': False, 'fit_intercept': False, 'intercept_scaling': 1, 'loss': 'squared_hinge', 'max_iter': 100, 'multi_class': 'ovr', 'penalty': 'l1', 'random_state': 42, 'tol': 0.0001, 'verbose': 0}",0.01940155029296875
Coffee,5,2,10,5,LogisticRegression,Scaling,4,{'sigma': 0.2},0.6816666666666666,0.7023134276794742,"{'C': np.float64(33.59818286283781), 'class_weight': 'balanced', 'dual': False, 'fit_intercept': True, 'intercept_scaling': 1, 'l1_ratio': None, 'max_iter': 100, 'multi_class': 'deprecated', 'n_jobs': None, 'penalty': 'l2', 'random_state': 42, 'solver': 'saga', 'tol': 0.0001, 'verbose': 0, 'warm_start': False}",0.09050703048706055
Coffee,5,2,10,5,KNN,Scaling,5,{'sigma': 0.5},0.6266666666666667,0.6310919200340118,"{'algorithm': 'auto', 'leaf_size': 30, 'metric': 'minkowski', 'metric_params': None, 'n_jobs': None, 'n_neighbors': np.int64(5), 'p': 3, 'weights': 'distance'}",0.04098629951477051
Coffee,5,2,10,5,RandomForest,Scaling,5,{'sigma': 0.5},0.44166666666666665,0.4419532693907155,"{'bootstrap': True, 'ccp_alpha': 0.0, 'class_weight': None, 'criterion': 'gini', 'max_depth': None, 'max_features': 'sqrt', 'max_leaf_nodes': None, 'max_samples': None, 'min_impurity_decrease': 0.0, 'min_samples_leaf': 4, 'min_samples_split': 2, 'min_weight_fraction_leaf': 0.0, 'monotonic_cst': None, 'n_estimators': 50, 'n_jobs': None, 'oob_score': False, 'random_state': 42, 'verbose': 0, 'warm_start': False}",0.19266271591186523
Coffee,5,2,10,5,LinearSVC,Scaling,5,{'sigma': 0.5},0.5033333333333333,0.5046540729450468,"{'C': np.float64(0.08858667904100823), 'class_weight': None, 'dual': False, 'fit_intercept': False, 'intercept_scaling': 1, 'loss': 'squared_hinge', 'max_iter': 100, 'multi_class': 'ovr', 'penalty': 'l1', 'random_state': 42, 'tol': 0.0001, 'verbose': 0}",0.018105030059814453
Coffee,5,2,10,5,LogisticRegression,Scaling,5,{'sigma': 0.5},0.725,0.7327665531771899,"{'C': np.float64(2.6366508987303554), 'class_weight': 'balanced', 'dual': False, 'fit_intercept': True, 'intercept_scaling': 1, 'l1_ratio': None, 'max_iter': 100, 'multi_class': 'deprecated', 'n_jobs': None, 'penalty': 'l1', 'random_state': 42, 'solver': 'saga', 'tol': 0.0001, 'verbose': 0, 'warm_start': False}",0.09553241729736328
Coffee,5,2,10,5,KNN,Scaling,6,{'sigma': 0.1},0.63,0.634351542177629,"{'algorithm': 'auto', 'leaf_size': 30, 'metric': 'minkowski', 'metric_params': None, 'n_jobs': None, 'n_neighbors': np.int64(5), 'p': 3, 'weights': 'distance'}",0.0330197811126709
Coffee,5,2,10,5,RandomForest,Scaling,6,{'sigma': 0.1},0.4683333333333333,0.48093835619755104,"{'bootstrap': True, 'ccp_alpha': 0.0, 'class_weight': 'balanced', 'criterion': 'gini', 'max_depth': None, 'max_features': 'sqrt', 'max_leaf_nodes': None, 'max_samples': None, 'min_impurity_decrease': 0.0, 'min_samples_leaf': 2, 'min_samples_split': 2, 'min_weight_fraction_leaf': 0.0, 'monotonic_cst': None, 'n_estimators': 150, 'n_jobs': None, 'oob_score': False, 'random_state': 42, 'verbose': 0, 'warm_start': False}",0.5241596698760986
Coffee,5,2,10,5,LinearSVC,Scaling,6,{'sigma': 0.1},0.63,0.6661692954000572,"{'C': np.float64(33.59818286283781), 'class_weight': None, 'dual': False, 'fit_intercept': True, 'intercept_scaling': 1, 'loss': 'squared_hinge', 'max_iter': 100, 'multi_class': 'ovr', 'penalty': 'l1', 'random_state': 42, 'tol': 0.001, 'verbose': 0}",0.01774740219116211
Coffee,5,2,10,5,LogisticRegression,Scaling,6,{'sigma': 0.1},0.785,0.7717106466920942,"{'C': np.float64(33.59818286283781), 'class_weight': None, 'dual': False, 'fit_intercept': True, 'intercept_scaling': 1, 'l1_ratio': None, 'max_iter': 100, 'multi_class': 'deprecated', 'n_jobs': None, 'penalty': 'l2', 'random_state': 42, 'solver': 'saga', 'tol': 0.0001, 'verbose': 0, 'warm_start': False}",0.08895540237426758
Coffee,5,2,10,5,KNN,Scaling,7,{'sigma': 0.3},0.6266666666666667,0.6306584362139918,"{'algorithm': 'auto', 'leaf_size': 30, 'metric': 'minkowski', 'metric_params': None, 'n_jobs': None, 'n_neighbors': np.int64(5), 'p': 3, 'weights': 'distance'}",0.035115718841552734
Coffee,5,2,10,5,RandomForest,Scaling,7,{'sigma': 0.3},0.4633333333333333,0.4663506735591042,"{'bootstrap': True, 'ccp_alpha': 0.0, 'class_weight': 'balanced', 'criterion': 'gini', 'max_depth': 20, 'max_features': 'sqrt', 'max_leaf_nodes': None, 'max_samples': None, 'min_impurity_decrease': 0.0, 'min_samples_leaf': 2, 'min_samples_split': 10, 'min_weight_fraction_leaf': 0.0, 'monotonic_cst': None, 'n_estimators': 150, 'n_jobs': None, 'oob_score': False, 'random_state': 42, 'verbose': 0, 'warm_start': False}",0.6344826221466064
Coffee,5,2,10,5,LinearSVC,Scaling,7,{'sigma': 0.3},0.6233333333333333,0.6396834322901693,"{'C': np.float64(33.59818286283781), 'class_weight': None, 'dual': False, 'fit_intercept': True, 'intercept_scaling': 1, 'loss': 'squared_hinge', 'max_iter': 100, 'multi_class': 'ovr', 'penalty': 'l1', 'random_state': 42, 'tol': 0.001, 'verbose': 0}",0.01597905158996582
Coffee,5,2,10,5,LogisticRegression,Scaling,7,{'sigma': 0.3},0.7483333333333333,0.7563980029597663,"{'C': np.float64(33.59818286283781), 'class_weight': None, 'dual': False, 'fit_intercept': True, 'intercept_scaling': 1, 'l1_ratio': None, 'max_iter': 100, 'multi_class': 'deprecated', 'n_jobs': None, 'penalty': 'l2', 'random_state': 42, 'solver': 'saga', 'tol': 0.0001, 'verbose': 0, 'warm_start': False}",0.07514190673828125
Coffee,5,2,10,5,KNN,Scaling,8,{'sigma': 0.1},0.6216666666666667,0.6262957909299373,"{'algorithm': 'auto', 'leaf_size': 30, 'metric': 'minkowski', 'metric_params': None, 'n_jobs': None, 'n_neighbors': np.int64(13), 'p': 4, 'weights': 'distance'}",0.043080806732177734
Coffee,5,2,10,5,RandomForest,Scaling,8,{'sigma': 0.1},0.47,0.4863355196501893,"{'bootstrap': True, 'ccp_alpha': 0.0, 'class_weight': None, 'criterion': 'gini', 'max_depth': None, 'max_features': 'sqrt', 'max_leaf_nodes': None, 'max_samples': None, 'min_impurity_decrease': 0.0, 'min_samples_leaf': 4, 'min_samples_split': 2, 'min_weight_fraction_leaf': 0.0, 'monotonic_cst': None, 'n_estimators': 50, 'n_jobs': None, 'oob_score': False, 'random_state': 42, 'verbose': 0, 'warm_start': False}",0.18935155868530273
Coffee,5,2,10,5,LinearSVC,Scaling,8,{'sigma': 0.1},0.7883333333333333,0.774335058189297,"{'C': np.float64(1000.0), 'class_weight': 'balanced', 'dual': False, 'fit_intercept': True, 'intercept_scaling': 1, 'loss': 'squared_hinge', 'max_iter': 100, 'multi_class': 'ovr', 'penalty': 'l2', 'random_state': 42, 'tol': 0.001, 'verbose': 0}",0.007413148880004883
Coffee,5,2,10,5,LogisticRegression,Scaling,8,{'sigma': 0.1},0.8,0.7865079365079365,"{'C': np.float64(33.59818286283781), 'class_weight': None, 'dual': False, 'fit_intercept': True, 'intercept_scaling': 1, 'l1_ratio': None, 'max_iter': 100, 'multi_class': 'deprecated', 'n_jobs': None, 'penalty': 'l2', 'random_state': 42, 'solver': 'saga', 'tol': 0.0001, 'verbose': 0, 'warm_start': False}",0.08537936210632324
Coffee,5,2,10,5,KNN,Scaling,9,{'sigma': 0.3},0.63,0.6360716750231089,"{'algorithm': 'auto', 'leaf_size': 30, 'metric': 'euclidean', 'metric_params': None, 'n_jobs': None, 'n_neighbors': np.int64(15), 'p': 2, 'weights': 'distance'}",0.012383460998535156
Coffee,5,2,10,5,RandomForest,Scaling,9,{'sigma': 0.3},0.4533333333333333,0.47017336353339717,"{'bootstrap': True, 'ccp_alpha': 0.0, 'class_weight': None, 'criterion': 'gini', 'max_depth': None, 'max_features': 'sqrt', 'max_leaf_nodes': None, 'max_samples': None, 'min_impurity_decrease': 0.0, 'min_samples_leaf': 4, 'min_samples_split': 2, 'min_weight_fraction_leaf': 0.0, 'monotonic_cst': None, 'n_estimators': 50, 'n_jobs': None, 'oob_score': False, 'random_state': 42, 'verbose': 0, 'warm_start': False}",0.17785429954528809
Coffee,5,2,10,5,LinearSVC,Scaling,9,{'sigma': 0.3},0.56,0.6054047883795253,"{'C': np.float64(183.29807108324337), 'class_weight': 'balanced', 'dual': False, 'fit_intercept': True, 'intercept_scaling': 1, 'loss': 'squared_hinge', 'max_iter': 100, 'multi_class': 'ovr', 'penalty': 'l1', 'random_state': 42, 'tol': 0.0001, 'verbose': 0}",0.018729448318481445
Coffee,5,2,10,5,LogisticRegression,Scaling,9,{'sigma': 0.3},0.6633333333333333,0.6981289389146375,"{'C': np.float64(33.59818286283781), 'class_weight': 'balanced', 'dual': False, 'fit_intercept': True, 'intercept_scaling': 1, 'l1_ratio': None, 'max_iter': 100, 'multi_class': 'deprecated', 'n_jobs': None, 'penalty': 'l2', 'random_state': 42, 'solver': 'saga', 'tol': 0.0001, 'verbose': 0, 'warm_start': False}",0.07453203201293945
Coffee,5,2,10,5,KNN,Scaling,10,{'sigma': 0.5},0.6283333333333333,0.6389673257675691,"{'algorithm': 'auto', 'leaf_size': 30, 'metric': 'minkowski', 'metric_params': None, 'n_jobs': None, 'n_neighbors': np.int64(5), 'p': 3, 'weights': 'distance'}",0.042545318603515625
Coffee,5,2,10,5,RandomForest,Scaling,10,{'sigma': 0.5},0.5766666666666667,0.5847380564276811,"{'bootstrap': True, 'ccp_alpha': 0.0, 'class_weight': None, 'criterion': 'gini', 'max_depth': None, 'max_features': 'sqrt', 'max_leaf_nodes': None, 'max_samples': None, 'min_impurity_decrease': 0.0, 'min_samples_leaf': 4, 'min_samples_split': 2, 'min_weight_fraction_leaf': 0.0, 'monotonic_cst': None, 'n_estimators': 50, 'n_jobs': None, 'oob_score': False, 'random_state': 42, 'verbose': 0, 'warm_start': False}",0.17271947860717773
Coffee,5,2,10,5,LinearSVC,Scaling,10,{'sigma': 0.5},0.6,0.6115560169059697,"{'C': np.float64(33.59818286283781), 'class_weight': 'balanced', 'dual': False, 'fit_intercept': True, 'intercept_scaling': 1, 'loss': 'squared_hinge', 'max_iter': 100, 'multi_class': 'ovr', 'penalty': 'l1', 'random_state': 42, 'tol': 0.001, 'verbose': 0}",0.01021432876586914
Coffee,5,2,10,5,LogisticRegression,Scaling,10,{'sigma': 0.5},0.72,0.7187504977102807,"{'C': np.float64(2.6366508987303554), 'class_weight': 'balanced', 'dual': False, 'fit_intercept': True, 'intercept_scaling': 1, 'l1_ratio': None, 'max_iter': 100, 'multi_class': 'deprecated', 'n_jobs': None, 'penalty': 'l1', 'random_state': 42, 'solver': 'saga', 'tol': 0.0001, 'verbose': 0, 'warm_start': False}",0.08793973922729492
Coffee,5,2,10,10,KNN,Scaling,1,{'sigma': 0.1},0.6316666666666667,0.635866769547325,"{'algorithm': 'auto', 'leaf_size': 30, 'metric': 'minkowski', 'metric_params': None, 'n_jobs': None, 'n_neighbors': 5, 'p': 2, 'weights': 'uniform'}",0.03112196922302246
Coffee,5,2,10,10,RandomForest,Scaling,1,{'sigma': 0.1},0.5683333333333334,0.578759268772345,"{'bootstrap': True, 'ccp_alpha': 0.0, 'class_weight': None, 'criterion': 'gini', 'max_depth': None, 'max_features': 'sqrt', 'max_leaf_nodes': None, 'max_samples': None, 'min_impurity_decrease': 0.0, 'min_samples_leaf': 1, 'min_samples_split': 2, 'min_weight_fraction_leaf': 0.0, 'monotonic_cst': None, 'n_estimators': 100, 'n_jobs': None, 'oob_score': False, 'random_state': 42, 'verbose': 0, 'warm_start': False}",0.5918476581573486
Coffee,5,2,10,10,LinearSVC,Scaling,1,{'sigma': 0.1},0.5766666666666667,0.6196239457417247,"{'C': 1.0, 'class_weight': None, 'dual': False, 'fit_intercept': True, 'intercept_scaling': 1, 'loss': 'squared_hinge', 'max_iter': 100, 'multi_class': 'ovr', 'penalty': 'l2', 'random_state': 42, 'tol': 0.0001, 'verbose': 0}",0.01413583755493164
Coffee,5,2,10,10,LogisticRegression,Scaling,1,{'sigma': 0.1},0.765,0.7671816201227966,"{'C': 1.0, 'class_weight': None, 'dual': False, 'fit_intercept': True, 'intercept_scaling': 1, 'l1_ratio': None, 'max_iter': 100, 'multi_class': 'deprecated', 'n_jobs': None, 'penalty': 'l2', 'random_state': 42, 'solver': 'lbfgs', 'tol': 0.0001, 'verbose': 0, 'warm_start': False}",0.3655405044555664
Coffee,5,2,10,10,KNN,Scaling,2,{'sigma': 0.5},0.7383333333333333,0.7514433673494227,"{'algorithm': 'auto', 'leaf_size': 30, 'metric': 'minkowski', 'metric_params': None, 'n_jobs': None, 'n_neighbors': 5, 'p': 2, 'weights': 'uniform'}",0.07085013389587402
Coffee,5,2,10,10,RandomForest,Scaling,2,{'sigma': 0.5},0.7366666666666667,0.7450085699244992,"{'bootstrap': True, 'ccp_alpha': 0.0, 'class_weight': None, 'criterion': 'gini', 'max_depth': None, 'max_features': 'sqrt', 'max_leaf_nodes': None, 'max_samples': None, 'min_impurity_decrease': 0.0, 'min_samples_leaf': 1, 'min_samples_split': 2, 'min_weight_fraction_leaf': 0.0, 'monotonic_cst': None, 'n_estimators': 100, 'n_jobs': None, 'oob_score': False, 'random_state': 42, 'verbose': 0, 'warm_start': False}",0.7879242897033691
Coffee,5,2,10,10,LinearSVC,Scaling,2,{'sigma': 0.5},0.505,0.523774973690084,"{'C': 1.0, 'class_weight': None, 'dual': False, 'fit_intercept': True, 'intercept_scaling': 1, 'loss': 'squared_hinge', 'max_iter': 100, 'multi_class': 'ovr', 'penalty': 'l2', 'random_state': 42, 'tol': 0.0001, 'verbose': 0}",0.010511159896850586
Coffee,5,2,10,10,LogisticRegression,Scaling,2,{'sigma': 0.5},0.525,0.5303488537686959,"{'C': 1.0, 'class_weight': None, 'dual': False, 'fit_intercept': True, 'intercept_scaling': 1, 'l1_ratio': None, 'max_iter': 100, 'multi_class': 'deprecated', 'n_jobs': None, 'penalty': 'l2', 'random_state': 42, 'solver': 'lbfgs', 'tol': 0.0001, 'verbose': 0, 'warm_start': False}",0.10702991485595703
Coffee,5,2,10,10,KNN,Scaling,3,{'sigma': 0.3},0.6283333333333333,0.6330595449669373,"{'algorithm': 'auto', 'leaf_size': 30, 'metric': 'minkowski', 'metric_params': None, 'n_jobs': None, 'n_neighbors': 5, 'p': 2, 'weights': 'uniform'}",0.07831192016601562
Coffee,5,2,10,10,RandomForest,Scaling,3,{'sigma': 0.3},0.49666666666666665,0.500087157380506,"{'bootstrap': True, 'ccp_alpha': 0.0, 'class_weight': None, 'criterion': 'gini', 'max_depth': None, 'max_features': 'sqrt', 'max_leaf_nodes': None, 'max_samples': None, 'min_impurity_decrease': 0.0, 'min_samples_leaf': 1, 'min_samples_split': 2, 'min_weight_fraction_leaf': 0.0, 'monotonic_cst': None, 'n_estimators': 100, 'n_jobs': None, 'oob_score': False, 'random_state': 42, 'verbose': 0, 'warm_start': False}",0.7844927310943604
Coffee,5,2,10,10,LinearSVC,Scaling,3,{'sigma': 0.3},0.6033333333333334,0.6367023947297595,"{'C': 1.0, 'class_weight': None, 'dual': False, 'fit_intercept': True, 'intercept_scaling': 1, 'loss': 'squared_hinge', 'max_iter': 100, 'multi_class': 'ovr', 'penalty': 'l2', 'random_state': 42, 'tol': 0.0001, 'verbose': 0}",0.0145416259765625
Coffee,5,2,10,10,LogisticRegression,Scaling,3,{'sigma': 0.3},0.74,0.7457982676962022,"{'C': 1.0, 'class_weight': None, 'dual': False, 'fit_intercept': True, 'intercept_scaling': 1, 'l1_ratio': None, 'max_iter': 100, 'multi_class': 'deprecated', 'n_jobs': None, 'penalty': 'l2', 'random_state': 42, 'solver': 'lbfgs', 'tol': 0.0001, 'verbose': 0, 'warm_start': False}",0.22757315635681152
Coffee,5,2,10,10,KNN,Scaling,4,{'sigma': 0.2},0.6183333333333333,0.623680166676094,"{'algorithm': 'auto', 'leaf_size': 30, 'metric': 'minkowski', 'metric_params': None, 'n_jobs': None, 'n_neighbors': 5, 'p': 2, 'weights': 'uniform'}",0.041471242904663086
Coffee,5,2,10,10,RandomForest,Scaling,4,{'sigma': 0.2},0.58,0.5814947296106123,"{'bootstrap': True, 'ccp_alpha': 0.0, 'class_weight': None, 'criterion': 'gini', 'max_depth': None, 'max_features': 'sqrt', 'max_leaf_nodes': None, 'max_samples': None, 'min_impurity_decrease': 0.0, 'min_samples_leaf': 1, 'min_samples_split': 2, 'min_weight_fraction_leaf': 0.0, 'monotonic_cst': None, 'n_estimators': 100, 'n_jobs': None, 'oob_score': False, 'random_state': 42, 'verbose': 0, 'warm_start': False}",0.6962664127349854
Coffee,5,2,10,10,LinearSVC,Scaling,4,{'sigma': 0.2},0.5433333333333333,0.5883203581545532,"{'C': 1.0, 'class_weight': None, 'dual': False, 'fit_intercept': True, 'intercept_scaling': 1, 'loss': 'squared_hinge', 'max_iter': 100, 'multi_class': 'ovr', 'penalty': 'l2', 'random_state': 42, 'tol': 0.0001, 'verbose': 0}",0.018220901489257812
Coffee,5,2,10,10,LogisticRegression,Scaling,4,{'sigma': 0.2},0.6833333333333333,0.7143355635458862,"{'C': 1.0, 'class_weight': None, 'dual': False, 'fit_intercept': True, 'intercept_scaling': 1, 'l1_ratio': None, 'max_iter': 100, 'multi_class': 'deprecated', 'n_jobs': None, 'penalty': 'l2', 'random_state': 42, 'solver': 'lbfgs', 'tol': 0.0001, 'verbose': 0, 'warm_start': False}",0.11471343040466309
Coffee,5,2,10,10,KNN,Scaling,5,{'sigma': 0.5},0.6383333333333333,0.6428152524225352,"{'algorithm': 'auto', 'leaf_size': 30, 'metric': 'minkowski', 'metric_params': None, 'n_jobs': None, 'n_neighbors': 5, 'p': 2, 'weights': 'uniform'}",0.04254436492919922
Coffee,5,2,10,10,RandomForest,Scaling,5,{'sigma': 0.5},0.48833333333333334,0.49287140304685567,"{'bootstrap': True, 'ccp_alpha': 0.0, 'class_weight': None, 'criterion': 'gini', 'max_depth': None, 'max_features': 'sqrt', 'max_leaf_nodes': None, 'max_samples': None, 'min_impurity_decrease': 0.0, 'min_samples_leaf': 1, 'min_samples_split': 2, 'min_weight_fraction_leaf': 0.0, 'monotonic_cst': None, 'n_estimators': 100, 'n_jobs': None, 'oob_score': False, 'random_state': 42, 'verbose': 0, 'warm_start': False}",0.8540785312652588
Coffee,5,2,10,10,LinearSVC,Scaling,5,{'sigma': 0.5},0.5866666666666667,0.6285319974054293,"{'C': 1.0, 'class_weight': None, 'dual': False, 'fit_intercept': True, 'intercept_scaling': 1, 'loss': 'squared_hinge', 'max_iter': 100, 'multi_class': 'ovr', 'penalty': 'l2', 'random_state': 42, 'tol': 0.0001, 'verbose': 0}",0.0130157470703125
Coffee,5,2,10,10,LogisticRegression,Scaling,5,{'sigma': 0.5},0.6783333333333333,0.7023075014665341,"{'C': 1.0, 'class_weight': None, 'dual': False, 'fit_intercept': True, 'intercept_scaling': 1, 'l1_ratio': None, 'max_iter': 100, 'multi_class': 'deprecated', 'n_jobs': None, 'penalty': 'l2', 'random_state': 42, 'solver': 'lbfgs', 'tol': 0.0001, 'verbose': 0, 'warm_start': False}",0.12556719779968262
Coffee,5,2,10,10,KNN,Scaling,6,{'sigma': 0.1},0.6066666666666667,0.6128857549992375,"{'algorithm': 'auto', 'leaf_size': 30, 'metric': 'minkowski', 'metric_params': None, 'n_jobs': None, 'n_neighbors': 5, 'p': 2, 'weights': 'uniform'}",0.038697004318237305
Coffee,5,2,10,10,RandomForest,Scaling,6,{'sigma': 0.1},0.5483333333333333,0.5608438789317645,"{'bootstrap': True, 'ccp_alpha': 0.0, 'class_weight': None, 'criterion': 'gini', 'max_depth': None, 'max_features': 'sqrt', 'max_leaf_nodes': None, 'max_samples': None, 'min_impurity_decrease': 0.0, 'min_samples_leaf': 1, 'min_samples_split': 2, 'min_weight_fraction_leaf': 0.0, 'monotonic_cst': None, 'n_estimators': 100, 'n_jobs': None, 'oob_score': False, 'random_state': 42, 'verbose': 0, 'warm_start': False}",0.7146639823913574
Coffee,5,2,10,10,LinearSVC,Scaling,6,{'sigma': 0.1},0.66,0.6937779155165875,"{'C': 1.0, 'class_weight': None, 'dual': False, 'fit_intercept': True, 'intercept_scaling': 1, 'loss': 'squared_hinge', 'max_iter': 100, 'multi_class': 'ovr', 'penalty': 'l2', 'random_state': 42, 'tol': 0.0001, 'verbose': 0}",0.013421297073364258
Coffee,5,2,10,10,LogisticRegression,Scaling,6,{'sigma': 0.1},0.7916666666666666,0.7829188355504144,"{'C': 1.0, 'class_weight': None, 'dual': False, 'fit_intercept': True, 'intercept_scaling': 1, 'l1_ratio': None, 'max_iter': 100, 'multi_class': 'deprecated', 'n_jobs': None, 'penalty': 'l2', 'random_state': 42, 'solver': 'lbfgs', 'tol': 0.0001, 'verbose': 0, 'warm_start': False}",0.39293527603149414
Coffee,5,2,10,10,KNN,Scaling,7,{'sigma': 0.3},0.6416666666666667,0.6449134409647929,"{'algorithm': 'auto', 'leaf_size': 30, 'metric': 'minkowski', 'metric_params': None, 'n_jobs': None, 'n_neighbors': 5, 'p': 2, 'weights': 'uniform'}",0.07091188430786133
Coffee,5,2,10,10,RandomForest,Scaling,7,{'sigma': 0.3},0.5033333333333333,0.5028211981840148,"{'bootstrap': True, 'ccp_alpha': 0.0, 'class_weight': None, 'criterion': 'gini', 'max_depth': None, 'max_features': 'sqrt', 'max_leaf_nodes': None, 'max_samples': None, 'min_impurity_decrease': 0.0, 'min_samples_leaf': 1, 'min_samples_split': 2, 'min_weight_fraction_leaf': 0.0, 'monotonic_cst': None, 'n_estimators': 100, 'n_jobs': None, 'oob_score': False, 'random_state': 42, 'verbose': 0, 'warm_start': False}",0.666576623916626
Coffee,5,2,10,10,LinearSVC,Scaling,7,{'sigma': 0.3},0.5516666666666666,0.5955551163446002,"{'C': 1.0, 'class_weight': None, 'dual': False, 'fit_intercept': True, 'intercept_scaling': 1, 'loss': 'squared_hinge', 'max_iter': 100, 'multi_class': 'ovr', 'penalty': 'l2', 'random_state': 42, 'tol': 0.0001, 'verbose': 0}",0.01239156723022461
Coffee,5,2,10,10,LogisticRegression,Scaling,7,{'sigma': 0.3},0.585,0.6278825219161399,"{'C': 1.0, 'class_weight': None, 'dual': False, 'fit_intercept': True, 'intercept_scaling': 1, 'l1_ratio': None, 'max_iter': 100, 'multi_class': 'deprecated', 'n_jobs': None, 'penalty': 'l2', 'random_state': 42, 'solver': 'lbfgs', 'tol': 0.0001, 'verbose': 0, 'warm_start': False}",0.16335058212280273
Coffee,5,2,10,10,KNN,Scaling,8,{'sigma': 0.1},0.6366666666666667,0.6403994425881986,"{'algorithm': 'auto', 'leaf_size': 30, 'metric': 'minkowski', 'metric_params': None, 'n_jobs': None, 'n_neighbors': 5, 'p': 2, 'weights': 'uniform'}",0.02981257438659668
Coffee,5,2,10,10,RandomForest,Scaling,8,{'sigma': 0.1},0.54,0.5574305808122364,"{'bootstrap': True, 'ccp_alpha': 0.0, 'class_weight': None, 'criterion': 'gini', 'max_depth': None, 'max_features': 'sqrt', 'max_leaf_nodes': None, 'max_samples': None, 'min_impurity_decrease': 0.0, 'min_samples_leaf': 1, 'min_samples_split': 2, 'min_weight_fraction_leaf': 0.0, 'monotonic_cst': None, 'n_estimators': 100, 'n_jobs': None, 'oob_score': False, 'random_state': 42, 'verbose': 0, 'warm_start': False}",0.58225417137146
Coffee,5,2,10,10,LinearSVC,Scaling,8,{'sigma': 0.1},0.5666666666666667,0.6100211264145691,"{'C': 1.0, 'class_weight': None, 'dual': False, 'fit_intercept': True, 'intercept_scaling': 1, 'loss': 'squared_hinge', 'max_iter': 100, 'multi_class': 'ovr', 'penalty': 'l2', 'random_state': 42, 'tol': 0.0001, 'verbose': 0}",0.013794422149658203
Coffee,5,2,10,10,LogisticRegression,Scaling,8,{'sigma': 0.1},0.7033333333333334,0.7349841269841271,"{'C': 1.0, 'class_weight': None, 'dual': False, 'fit_intercept': True, 'intercept_scaling': 1, 'l1_ratio': None, 'max_iter': 100, 'multi_class': 'deprecated', 'n_jobs': None, 'penalty': 'l2', 'random_state': 42, 'solver': 'lbfgs', 'tol': 0.0001, 'verbose': 0, 'warm_start': False}",0.2897040843963623
Coffee,5,2,10,10,KNN,Scaling,9,{'sigma': 0.3},0.625,0.6297922944264407,"{'algorithm': 'auto', 'leaf_size': 30, 'metric': 'minkowski', 'metric_params': None, 'n_jobs': None, 'n_neighbors': 5, 'p': 2, 'weights': 'uniform'}",0.06363153457641602
Coffee,5,2,10,10,RandomForest,Scaling,9,{'sigma': 0.3},0.815,0.7984930420361959,"{'bootstrap': True, 'ccp_alpha': 0.0, 'class_weight': None, 'criterion': 'gini', 'max_depth': None, 'max_features': 'sqrt', 'max_leaf_nodes': None, 'max_samples': None, 'min_impurity_decrease': 0.0, 'min_samples_leaf': 1, 'min_samples_split': 2, 'min_weight_fraction_leaf': 0.0, 'monotonic_cst': None, 'n_estimators': 100, 'n_jobs': None, 'oob_score': False, 'random_state': 42, 'verbose': 0, 'warm_start': False}",0.6505482196807861
Coffee,5,2,10,10,LinearSVC,Scaling,9,{'sigma': 0.3},0.57,0.5959059149410237,"{'C': 1.0, 'class_weight': None, 'dual': False, 'fit_intercept': True, 'intercept_scaling': 1, 'loss': 'squared_hinge', 'max_iter': 100, 'multi_class': 'ovr', 'penalty': 'l2', 'random_state': 42, 'tol': 0.0001, 'verbose': 0}",0.012575864791870117
Coffee,5,2,10,10,LogisticRegression,Scaling,9,{'sigma': 0.3},0.7733333333333333,0.7806522725799131,"{'C': 1.0, 'class_weight': None, 'dual': False, 'fit_intercept': True, 'intercept_scaling': 1, 'l1_ratio': None, 'max_iter': 100, 'multi_class': 'deprecated', 'n_jobs': None, 'penalty': 'l2', 'random_state': 42, 'solver': 'lbfgs', 'tol': 0.0001, 'verbose': 0, 'warm_start': False}",0.25357484817504883
Coffee,5,2,10,10,KNN,Scaling,10,{'sigma': 0.5},0.63,0.6372976008723461,"{'algorithm': 'auto', 'leaf_size': 30, 'metric': 'minkowski', 'metric_params': None, 'n_jobs': None, 'n_neighbors': 5, 'p': 2, 'weights': 'uniform'}",0.09223461151123047
Coffee,5,2,10,10,RandomForest,Scaling,10,{'sigma': 0.5},0.6466666666666666,0.6481539817924257,"{'bootstrap': True, 'ccp_alpha': 0.0, 'class_weight': None, 'criterion': 'gini', 'max_depth': None, 'max_features': 'sqrt', 'max_leaf_nodes': None, 'max_samples': None, 'min_impurity_decrease': 0.0, 'min_samples_leaf': 1, 'min_samples_split': 2, 'min_weight_fraction_leaf': 0.0, 'monotonic_cst': None, 'n_estimators': 100, 'n_jobs': None, 'oob_score': False, 'random_state': 42, 'verbose': 0, 'warm_start': False}",0.7101423740386963
Coffee,5,2,10,10,LinearSVC,Scaling,10,{'sigma': 0.5},0.5266666666666666,0.532238847589533,"{'C': 1.0, 'class_weight': None, 'dual': False, 'fit_intercept': True, 'intercept_scaling': 1, 'loss': 'squared_hinge', 'max_iter': 100, 'multi_class': 'ovr', 'penalty': 'l2', 'random_state': 42, 'tol': 0.0001, 'verbose': 0}",0.012052774429321289
Coffee,5,2,10,10,LogisticRegression,Scaling,10,{'sigma': 0.5},0.5566666666666666,0.5613055333851783,"{'C': 1.0, 'class_weight': None, 'dual': False, 'fit_intercept': True, 'intercept_scaling': 1, 'l1_ratio': None, 'max_iter': 100, 'multi_class': 'deprecated', 'n_jobs': None, 'penalty': 'l2', 'random_state': 42, 'solver': 'lbfgs', 'tol': 0.0001, 'verbose': 0, 'warm_start': False}",0.295316219329834
