Dataset,Fold,SeedsPerLabel,SeedFoldSelection,ScaleFactor,Model,Method,GenParamSetIndex,GenParams,Accuracy,F1_Score,Hyperparameters,ExecutionTime_Sec
Chinese_wine,9,20,1,1,KNN,Baseline,N/A,N/A,0.9363333333333334,0.9363472019047306,"{'algorithm': 'auto', 'leaf_size': 30, 'metric': 'minkowski', 'metric_params': None, 'n_jobs': None, 'n_neighbors': 5, 'p': 2, 'weights': 'uniform'}",0.4720611572265625
Chinese_wine,9,20,1,1,KNN,Tuned_Baseline,N/A,N/A,0.9421111111111111,0.94217988338723,"{'algorithm': 'auto', 'leaf_size': 30, 'metric': 'minkowski', 'metric_params': None, 'n_jobs': None, 'n_neighbors': np.int64(5), 'p': 3, 'weights': 'distance'}",0.41020798683166504
Chinese_wine,9,20,1,1,RandomForest,Baseline,N/A,N/A,0.9347777777777778,0.9346395083723764,"{'bootstrap': True, 'ccp_alpha': 0.0, 'class_weight': None, 'criterion': 'gini', 'max_depth': None, 'max_features': 'sqrt', 'max_leaf_nodes': None, 'max_samples': None, 'min_impurity_decrease': 0.0, 'min_samples_leaf': 1, 'min_samples_split': 2, 'min_weight_fraction_leaf': 0.0, 'monotonic_cst': None, 'n_estimators': 100, 'n_jobs': None, 'oob_score': False, 'random_state': 42, 'verbose': 0, 'warm_start': False}",6.354431629180908
Chinese_wine,9,20,1,1,RandomForest,Tuned_Baseline,N/A,N/A,0.9328888888888889,0.9327571699434543,"{'bootstrap': True, 'ccp_alpha': 0.0, 'class_weight': 'balanced', 'criterion': 'gini', 'max_depth': 20, 'max_features': 'sqrt', 'max_leaf_nodes': None, 'max_samples': None, 'min_impurity_decrease': 0.0, 'min_samples_leaf': 1, 'min_samples_split': 2, 'min_weight_fraction_leaf': 0.0, 'monotonic_cst': None, 'n_estimators': 50, 'n_jobs': None, 'oob_score': False, 'random_state': 42, 'verbose': 0, 'warm_start': False}",0.09383320808410645
Chinese_wine,9,20,1,1,LinearSVC,Baseline,N/A,N/A,0.7565555555555555,0.7423211378760657,"{'C': 1.0, 'class_weight': None, 'dual': False, 'fit_intercept': True, 'intercept_scaling': 1, 'loss': 'squared_hinge', 'max_iter': 100, 'multi_class': 'ovr', 'penalty': 'l2', 'random_state': 42, 'tol': 0.0001, 'verbose': 0}",0.2905397415161133
Chinese_wine,9,20,1,1,LinearSVC,Tuned_Baseline,N/A,N/A,0.7594444444444445,0.7459226655214813,"{'C': np.float64(1000.0), 'class_weight': 'balanced', 'dual': False, 'fit_intercept': True, 'intercept_scaling': 1, 'loss': 'squared_hinge', 'max_iter': 100, 'multi_class': 'ovr', 'penalty': 'l2', 'random_state': 42, 'tol': 0.001, 'verbose': 0}",0.0009698867797851562
Chinese_wine,9,20,1,1,LogisticRegression,Baseline,N/A,N/A,0.8111111111111111,0.8066437327702123,"{'C': 1.0, 'class_weight': None, 'dual': False, 'fit_intercept': True, 'intercept_scaling': 1, 'l1_ratio': None, 'max_iter': 100, 'multi_class': 'deprecated', 'n_jobs': None, 'penalty': 'l2', 'random_state': 42, 'solver': 'lbfgs', 'tol': 0.0001, 'verbose': 0, 'warm_start': False}",2.27062726020813
Chinese_wine,9,20,1,1,LogisticRegression,Tuned_Baseline,N/A,N/A,0.8163333333333334,0.8122337920820988,"{'C': np.float64(1000.0), 'class_weight': 'balanced', 'dual': False, 'fit_intercept': True, 'intercept_scaling': 1, 'l1_ratio': None, 'max_iter': 100, 'multi_class': 'deprecated', 'n_jobs': None, 'penalty': 'l2', 'random_state': 42, 'solver': 'sag', 'tol': 0.0001, 'verbose': 0, 'warm_start': False}",0.0016143321990966797
Chinese_wine,9,20,1,1,RNN,Baseline,N/A,N/A,0.5222222222222223,0.42095104895104885,"{'hidden_size': 64, 'epochs': 10, 'batch_size': 32, 'lr': 0.001}",9.19541621208191
Chinese_wine,9,20,1,1,RNN,Tuned_Baseline,N/A,N/A,0.2777777777777778,0.1716207322089675,"{'hidden_size': 64, 'epochs': 10, 'batch_size': 64, 'lr': 0.001}",2.459599018096924
Chinese_wine,9,20,1,2,KNN,SMOTE,1,{'k_neighbors': 1},0.9367777777777778,0.9366422651938823,"{'algorithm': 'auto', 'leaf_size': 30, 'metric': 'euclidean', 'metric_params': None, 'n_jobs': None, 'n_neighbors': np.int64(15), 'p': 2, 'weights': 'distance'}",0.171372652053833
Chinese_wine,9,20,1,2,RandomForest,SMOTE,1,{'k_neighbors': 1},0.935,0.9349780605636853,"{'bootstrap': True, 'ccp_alpha': 0.0, 'class_weight': 'balanced', 'criterion': 'gini', 'max_depth': None, 'max_features': 'sqrt', 'max_leaf_nodes': None, 'max_samples': None, 'min_impurity_decrease': 0.0, 'min_samples_leaf': 1, 'min_samples_split': 2, 'min_weight_fraction_leaf': 0.0, 'monotonic_cst': None, 'n_estimators': 50, 'n_jobs': None, 'oob_score': False, 'random_state': 42, 'verbose': 0, 'warm_start': False}",6.149843454360962
Chinese_wine,9,20,1,2,LinearSVC,SMOTE,1,{'k_neighbors': 1},0.676,0.6464725125869889,"{'C': np.float64(33.59818286283781), 'class_weight': 'balanced', 'dual': False, 'fit_intercept': True, 'intercept_scaling': 1, 'loss': 'squared_hinge', 'max_iter': 100, 'multi_class': 'ovr', 'penalty': 'l1', 'random_state': 42, 'tol': 0.0001, 'verbose': 0}",0.9169943332672119
Chinese_wine,9,20,1,2,LogisticRegression,SMOTE,1,{'k_neighbors': 1},0.8147777777777778,0.8120901836508125,"{'C': np.float64(1000.0), 'class_weight': 'balanced', 'dual': False, 'fit_intercept': True, 'intercept_scaling': 1, 'l1_ratio': None, 'max_iter': 100, 'multi_class': 'deprecated', 'n_jobs': None, 'penalty': 'l2', 'random_state': 42, 'solver': 'sag', 'tol': 0.0001, 'verbose': 0, 'warm_start': False}",2.411656379699707
Chinese_wine,9,20,1,2,RNN,SMOTE,1,{'k_neighbors': 1},0.5222222222222223,0.4320634920634921,"{'hidden_size': 64, 'epochs': 10, 'batch_size': 64, 'lr': 0.001}",90.44865369796753
Chinese_wine,9,20,1,2,KNN,SMOTE,2,{'k_neighbors': 2},0.9344444444444444,0.9343849009825475,"{'algorithm': 'auto', 'leaf_size': 30, 'metric': 'minkowski', 'metric_params': None, 'n_jobs': None, 'n_neighbors': np.int64(5), 'p': 3, 'weights': 'distance'}",0.28312063217163086
Chinese_wine,9,20,1,2,RandomForest,SMOTE,2,{'k_neighbors': 2},0.931,0.9309041909359811,"{'bootstrap': True, 'ccp_alpha': 0.0, 'class_weight': 'balanced', 'criterion': 'gini', 'max_depth': None, 'max_features': 'sqrt', 'max_leaf_nodes': None, 'max_samples': None, 'min_impurity_decrease': 0.0, 'min_samples_leaf': 1, 'min_samples_split': 5, 'min_weight_fraction_leaf': 0.0, 'monotonic_cst': None, 'n_estimators': 50, 'n_jobs': None, 'oob_score': False, 'random_state': 42, 'verbose': 0, 'warm_start': False}",5.273177862167358
Chinese_wine,9,20,1,2,LinearSVC,SMOTE,2,{'k_neighbors': 2},0.7506666666666667,0.7362467820554565,"{'C': np.float64(1000.0), 'class_weight': 'balanced', 'dual': False, 'fit_intercept': True, 'intercept_scaling': 1, 'loss': 'squared_hinge', 'max_iter': 100, 'multi_class': 'ovr', 'penalty': 'l2', 'random_state': 42, 'tol': 0.001, 'verbose': 0}",0.2436678409576416
Chinese_wine,9,20,1,2,LogisticRegression,SMOTE,2,{'k_neighbors': 2},0.8067777777777778,0.8026793876448411,"{'C': np.float64(1000.0), 'class_weight': 'balanced', 'dual': False, 'fit_intercept': True, 'intercept_scaling': 1, 'l1_ratio': None, 'max_iter': 100, 'multi_class': 'deprecated', 'n_jobs': None, 'penalty': 'l2', 'random_state': 42, 'solver': 'sag', 'tol': 0.0001, 'verbose': 0, 'warm_start': False}",1.6567597389221191
Chinese_wine,9,20,1,2,RNN,SMOTE,2,{'k_neighbors': 2},0.5111111111111111,0.3802640332640333,"{'hidden_size': 64, 'epochs': 10, 'batch_size': 64, 'lr': 0.001}",125.43105792999268
Chinese_wine,9,20,1,2,KNN,SMOTE,3,{'k_neighbors': 3},0.9371111111111111,0.9371136883851408,"{'algorithm': 'auto', 'leaf_size': 30, 'metric': 'minkowski', 'metric_params': None, 'n_jobs': None, 'n_neighbors': np.int64(11), 'p': 4, 'weights': 'distance'}",0.359621524810791
Chinese_wine,9,20,1,2,RandomForest,SMOTE,3,{'k_neighbors': 3},0.94,0.9399803626651685,"{'bootstrap': True, 'ccp_alpha': 0.0, 'class_weight': None, 'criterion': 'gini', 'max_depth': 30, 'max_features': 'sqrt', 'max_leaf_nodes': None, 'max_samples': None, 'min_impurity_decrease': 0.0, 'min_samples_leaf': 1, 'min_samples_split': 5, 'min_weight_fraction_leaf': 0.0, 'monotonic_cst': None, 'n_estimators': 150, 'n_jobs': None, 'oob_score': False, 'random_state': 42, 'verbose': 0, 'warm_start': False}",18.298638343811035
Chinese_wine,9,20,1,2,LinearSVC,SMOTE,3,{'k_neighbors': 3},0.7551111111111111,0.740311110275028,"{'C': np.float64(1000.0), 'class_weight': 'balanced', 'dual': False, 'fit_intercept': True, 'intercept_scaling': 1, 'loss': 'squared_hinge', 'max_iter': 100, 'multi_class': 'ovr', 'penalty': 'l2', 'random_state': 42, 'tol': 0.001, 'verbose': 0}",0.5599215030670166
Chinese_wine,9,20,1,2,LogisticRegression,SMOTE,3,{'k_neighbors': 3},0.8175555555555556,0.8136847542491119,"{'C': np.float64(33.59818286283781), 'class_weight': 'balanced', 'dual': False, 'fit_intercept': True, 'intercept_scaling': 1, 'l1_ratio': None, 'max_iter': 100, 'multi_class': 'deprecated', 'n_jobs': None, 'penalty': 'l2', 'random_state': 42, 'solver': 'saga', 'tol': 0.0001, 'verbose': 0, 'warm_start': False}",4.02952241897583
Chinese_wine,9,20,1,2,RNN,SMOTE,3,{'k_neighbors': 3},0.36666666666666664,0.2620966557808663,"{'hidden_size': 64, 'epochs': 10, 'batch_size': 64, 'lr': 0.001}",168.58190989494324
Chinese_wine,9,20,1,2,KNN,SMOTE,4,{'k_neighbors': 4},0.9463333333333334,0.9464012356633746,"{'algorithm': 'auto', 'leaf_size': 30, 'metric': 'chebyshev', 'metric_params': None, 'n_jobs': None, 'n_neighbors': np.int64(11), 'p': 2, 'weights': 'distance'}",0.10507678985595703
Chinese_wine,9,20,1,2,RandomForest,SMOTE,4,{'k_neighbors': 4},0.9336666666666666,0.9336577644120118,"{'bootstrap': True, 'ccp_alpha': 0.0, 'class_weight': 'balanced', 'criterion': 'gini', 'max_depth': None, 'max_features': 'sqrt', 'max_leaf_nodes': None, 'max_samples': None, 'min_impurity_decrease': 0.0, 'min_samples_leaf': 1, 'min_samples_split': 2, 'min_weight_fraction_leaf': 0.0, 'monotonic_cst': None, 'n_estimators': 50, 'n_jobs': None, 'oob_score': False, 'random_state': 42, 'verbose': 0, 'warm_start': False}",6.345612525939941
Chinese_wine,9,20,1,2,LinearSVC,SMOTE,4,{'k_neighbors': 4},0.6834444444444444,0.6568048642319452,"{'C': np.float64(33.59818286283781), 'class_weight': 'balanced', 'dual': False, 'fit_intercept': True, 'intercept_scaling': 1, 'loss': 'squared_hinge', 'max_iter': 100, 'multi_class': 'ovr', 'penalty': 'l1', 'random_state': 42, 'tol': 0.0001, 'verbose': 0}",0.9326834678649902
Chinese_wine,9,20,1,2,LogisticRegression,SMOTE,4,{'k_neighbors': 4},0.8264444444444444,0.8237135890291678,"{'C': np.float64(2.6366508987303554), 'class_weight': 'balanced', 'dual': False, 'fit_intercept': True, 'intercept_scaling': 1, 'l1_ratio': None, 'max_iter': 100, 'multi_class': 'deprecated', 'n_jobs': None, 'penalty': 'l1', 'random_state': 42, 'solver': 'saga', 'tol': 0.0001, 'verbose': 0, 'warm_start': False}",3.9999542236328125
Chinese_wine,9,20,1,2,RNN,SMOTE,4,{'k_neighbors': 4},0.4111111111111111,0.27937888198757765,"{'hidden_size': 64, 'epochs': 10, 'batch_size': 64, 'lr': 0.001}",168.41651248931885
Chinese_wine,9,20,1,2,KNN,SMOTE,5,{'k_neighbors': 5},0.9413333333333334,0.9413630297494822,"{'algorithm': 'auto', 'leaf_size': 30, 'metric': 'euclidean', 'metric_params': None, 'n_jobs': None, 'n_neighbors': np.int64(9), 'p': 2, 'weights': 'distance'}",0.14524102210998535
Chinese_wine,9,20,1,2,RandomForest,SMOTE,5,{'k_neighbors': 5},0.9401111111111111,0.9400960001306092,"{'bootstrap': True, 'ccp_alpha': 0.0, 'class_weight': 'balanced', 'criterion': 'gini', 'max_depth': 30, 'max_features': 'sqrt', 'max_leaf_nodes': None, 'max_samples': None, 'min_impurity_decrease': 0.0, 'min_samples_leaf': 1, 'min_samples_split': 2, 'min_weight_fraction_leaf': 0.0, 'monotonic_cst': None, 'n_estimators': 150, 'n_jobs': None, 'oob_score': False, 'random_state': 42, 'verbose': 0, 'warm_start': False}",20.586572408676147
Chinese_wine,9,20,1,2,LinearSVC,SMOTE,5,{'k_neighbors': 5},0.7525555555555555,0.7375365759716979,"{'C': np.float64(1000.0), 'class_weight': 'balanced', 'dual': False, 'fit_intercept': True, 'intercept_scaling': 1, 'loss': 'squared_hinge', 'max_iter': 100, 'multi_class': 'ovr', 'penalty': 'l2', 'random_state': 42, 'tol': 0.001, 'verbose': 0}",0.2844052314758301
Chinese_wine,9,20,1,2,LogisticRegression,SMOTE,5,{'k_neighbors': 5},0.8192222222222222,0.8148207425582253,"{'C': np.float64(1000.0), 'class_weight': 'balanced', 'dual': False, 'fit_intercept': True, 'intercept_scaling': 1, 'l1_ratio': None, 'max_iter': 100, 'multi_class': 'deprecated', 'n_jobs': None, 'penalty': 'l2', 'random_state': 42, 'solver': 'sag', 'tol': 0.0001, 'verbose': 0, 'warm_start': False}",2.5843470096588135
Chinese_wine,9,20,1,2,RNN,SMOTE,5,{'k_neighbors': 5},0.5222222222222223,0.4207349150392629,"{'hidden_size': 64, 'epochs': 10, 'batch_size': 64, 'lr': 0.001}",164.04424500465393
Chinese_wine,9,20,1,3,KNN,SMOTE,1,{'k_neighbors': 1},0.938,0.9380805405773921,"{'algorithm': 'auto', 'leaf_size': 30, 'metric': 'minkowski', 'metric_params': None, 'n_jobs': None, 'n_neighbors': np.int64(5), 'p': 3, 'weights': 'distance'}",0.4800751209259033
Chinese_wine,9,20,1,3,RandomForest,SMOTE,1,{'k_neighbors': 1},0.9357777777777778,0.9358675505427382,"{'bootstrap': True, 'ccp_alpha': 0.0, 'class_weight': None, 'criterion': 'gini', 'max_depth': 20, 'max_features': 'sqrt', 'max_leaf_nodes': None, 'max_samples': None, 'min_impurity_decrease': 0.0, 'min_samples_leaf': 1, 'min_samples_split': 2, 'min_weight_fraction_leaf': 0.0, 'monotonic_cst': None, 'n_estimators': 100, 'n_jobs': None, 'oob_score': False, 'random_state': 42, 'verbose': 0, 'warm_start': False}",16.753570556640625
Chinese_wine,9,20,1,3,LinearSVC,SMOTE,1,{'k_neighbors': 1},0.6801111111111111,0.6514478958107108,"{'C': np.float64(183.29807108324337), 'class_weight': 'balanced', 'dual': False, 'fit_intercept': True, 'intercept_scaling': 1, 'loss': 'squared_hinge', 'max_iter': 100, 'multi_class': 'ovr', 'penalty': 'l1', 'random_state': 42, 'tol': 0.0001, 'verbose': 0}",1.4134583473205566
Chinese_wine,9,20,1,3,LogisticRegression,SMOTE,1,{'k_neighbors': 1},0.8192222222222222,0.8160831542102212,"{'C': np.float64(33.59818286283781), 'class_weight': 'balanced', 'dual': False, 'fit_intercept': True, 'intercept_scaling': 1, 'l1_ratio': None, 'max_iter': 100, 'multi_class': 'deprecated', 'n_jobs': None, 'penalty': 'l1', 'random_state': 42, 'solver': 'saga', 'tol': 0.0001, 'verbose': 0, 'warm_start': False}",4.180642127990723
Chinese_wine,9,20,1,3,RNN,SMOTE,1,{'k_neighbors': 1},0.5,0.41845634652086267,"{'hidden_size': 64, 'epochs': 10, 'batch_size': 64, 'lr': 0.001}",64.44898176193237
Chinese_wine,9,20,1,3,KNN,SMOTE,2,{'k_neighbors': 2},0.9402222222222222,0.9402412579515983,"{'algorithm': 'auto', 'leaf_size': 30, 'metric': 'chebyshev', 'metric_params': None, 'n_jobs': None, 'n_neighbors': np.int64(11), 'p': 2, 'weights': 'distance'}",0.1280813217163086
Chinese_wine,9,20,1,3,RandomForest,SMOTE,2,{'k_neighbors': 2},0.9323333333333333,0.9324473651191114,"{'bootstrap': True, 'ccp_alpha': 0.0, 'class_weight': None, 'criterion': 'gini', 'max_depth': 30, 'max_features': 'sqrt', 'max_leaf_nodes': None, 'max_samples': None, 'min_impurity_decrease': 0.0, 'min_samples_leaf': 1, 'min_samples_split': 5, 'min_weight_fraction_leaf': 0.0, 'monotonic_cst': None, 'n_estimators': 150, 'n_jobs': None, 'oob_score': False, 'random_state': 42, 'verbose': 0, 'warm_start': False}",35.49784803390503
Chinese_wine,9,20,1,3,LinearSVC,SMOTE,2,{'k_neighbors': 2},0.7541111111111111,0.7379665386058853,"{'C': np.float64(6.1584821106602545), 'class_weight': None, 'dual': False, 'fit_intercept': True, 'intercept_scaling': 1, 'loss': 'squared_hinge', 'max_iter': 100, 'multi_class': 'ovr', 'penalty': 'l2', 'random_state': 42, 'tol': 0.0001, 'verbose': 0}",0.7726049423217773
Chinese_wine,9,20,1,3,LogisticRegression,SMOTE,2,{'k_neighbors': 2},0.8134444444444444,0.8101362184553305,"{'C': np.float64(1000.0), 'class_weight': 'balanced', 'dual': False, 'fit_intercept': True, 'intercept_scaling': 1, 'l1_ratio': None, 'max_iter': 100, 'multi_class': 'deprecated', 'n_jobs': None, 'penalty': 'l2', 'random_state': 42, 'solver': 'sag', 'tol': 0.0001, 'verbose': 0, 'warm_start': False}",3.599444627761841
Chinese_wine,9,20,1,3,RNN,SMOTE,2,{'k_neighbors': 2},0.5222222222222223,0.41871994671994667,"{'hidden_size': 64, 'epochs': 10, 'batch_size': 64, 'lr': 0.001}",255.20463705062866
Chinese_wine,9,20,1,3,KNN,SMOTE,3,{'k_neighbors': 3},0.9344444444444444,0.9342637929405535,"{'algorithm': 'auto', 'leaf_size': 30, 'metric': 'minkowski', 'metric_params': None, 'n_jobs': None, 'n_neighbors': np.int64(5), 'p': 3, 'weights': 'distance'}",0.49022340774536133
Chinese_wine,9,20,1,3,RandomForest,SMOTE,3,{'k_neighbors': 3},0.9377777777777778,0.9378254717067654,"{'bootstrap': True, 'ccp_alpha': 0.0, 'class_weight': None, 'criterion': 'gini', 'max_depth': None, 'max_features': 'sqrt', 'max_leaf_nodes': None, 'max_samples': None, 'min_impurity_decrease': 0.0, 'min_samples_leaf': 1, 'min_samples_split': 5, 'min_weight_fraction_leaf': 0.0, 'monotonic_cst': None, 'n_estimators': 150, 'n_jobs': None, 'oob_score': False, 'random_state': 42, 'verbose': 0, 'warm_start': False}",28.280705451965332
Chinese_wine,9,20,1,3,LinearSVC,SMOTE,3,{'k_neighbors': 3},0.6793333333333333,0.6510022051078062,"{'C': np.float64(33.59818286283781), 'class_weight': 'balanced', 'dual': False, 'fit_intercept': True, 'intercept_scaling': 1, 'loss': 'squared_hinge', 'max_iter': 100, 'multi_class': 'ovr', 'penalty': 'l1', 'random_state': 42, 'tol': 0.0001, 'verbose': 0}",1.4767329692840576
Chinese_wine,9,20,1,3,LogisticRegression,SMOTE,3,{'k_neighbors': 3},0.811,0.8079607843637467,"{'C': np.float64(33.59818286283781), 'class_weight': 'balanced', 'dual': False, 'fit_intercept': True, 'intercept_scaling': 1, 'l1_ratio': None, 'max_iter': 100, 'multi_class': 'deprecated', 'n_jobs': None, 'penalty': 'l1', 'random_state': 42, 'solver': 'saga', 'tol': 0.0001, 'verbose': 0, 'warm_start': False}",7.272205114364624
Chinese_wine,9,20,1,3,RNN,SMOTE,3,{'k_neighbors': 3},0.5777777777777777,0.4881379082028672,"{'hidden_size': 64, 'epochs': 10, 'batch_size': 64, 'lr': 0.001}",255.7603189945221
Chinese_wine,9,20,1,3,KNN,SMOTE,4,{'k_neighbors': 4},0.9533333333333334,0.9533963954243789,"{'algorithm': 'auto', 'leaf_size': 30, 'metric': 'minkowski', 'metric_params': None, 'n_jobs': None, 'n_neighbors': np.int64(13), 'p': 4, 'weights': 'distance'}",0.8438923358917236
Chinese_wine,9,20,1,3,RandomForest,SMOTE,4,{'k_neighbors': 4},0.9358888888888889,0.9358306344207978,"{'bootstrap': True, 'ccp_alpha': 0.0, 'class_weight': 'balanced', 'criterion': 'gini', 'max_depth': None, 'max_features': 'sqrt', 'max_leaf_nodes': None, 'max_samples': None, 'min_impurity_decrease': 0.0, 'min_samples_leaf': 1, 'min_samples_split': 2, 'min_weight_fraction_leaf': 0.0, 'monotonic_cst': None, 'n_estimators': 50, 'n_jobs': None, 'oob_score': False, 'random_state': 42, 'verbose': 0, 'warm_start': False}",16.4629065990448
Chinese_wine,9,20,1,3,LinearSVC,SMOTE,4,{'k_neighbors': 4},0.6857777777777778,0.661000000930292,"{'C': np.float64(33.59818286283781), 'class_weight': 'balanced', 'dual': False, 'fit_intercept': True, 'intercept_scaling': 1, 'loss': 'squared_hinge', 'max_iter': 100, 'multi_class': 'ovr', 'penalty': 'l1', 'random_state': 42, 'tol': 0.001, 'verbose': 0}",1.508357048034668
Chinese_wine,9,20,1,3,LogisticRegression,SMOTE,4,{'k_neighbors': 4},0.8261111111111111,0.823133091082808,"{'C': np.float64(1000.0), 'class_weight': 'balanced', 'dual': False, 'fit_intercept': True, 'intercept_scaling': 1, 'l1_ratio': None, 'max_iter': 100, 'multi_class': 'deprecated', 'n_jobs': None, 'penalty': 'l2', 'random_state': 42, 'solver': 'sag', 'tol': 0.0001, 'verbose': 0, 'warm_start': False}",2.7745819091796875
Chinese_wine,9,20,1,3,RNN,SMOTE,4,{'k_neighbors': 4},0.5444444444444444,0.4813226603181883,"{'hidden_size': 64, 'epochs': 10, 'batch_size': 64, 'lr': 0.001}",143.97606372833252
Chinese_wine,9,20,1,3,KNN,SMOTE,5,{'k_neighbors': 5},0.9397777777777778,0.9398380705735132,"{'algorithm': 'auto', 'leaf_size': 30, 'metric': 'minkowski', 'metric_params': None, 'n_jobs': None, 'n_neighbors': np.int64(5), 'p': 3, 'weights': 'distance'}",0.4176468849182129
Chinese_wine,9,20,1,3,RandomForest,SMOTE,5,{'k_neighbors': 5},0.9336666666666666,0.9338761366966887,"{'bootstrap': True, 'ccp_alpha': 0.0, 'class_weight': 'balanced', 'criterion': 'gini', 'max_depth': None, 'max_features': 'sqrt', 'max_leaf_nodes': None, 'max_samples': None, 'min_impurity_decrease': 0.0, 'min_samples_leaf': 1, 'min_samples_split': 2, 'min_weight_fraction_leaf': 0.0, 'monotonic_cst': None, 'n_estimators': 50, 'n_jobs': None, 'oob_score': False, 'random_state': 42, 'verbose': 0, 'warm_start': False}",8.407784700393677
Chinese_wine,9,20,1,3,LinearSVC,SMOTE,5,{'k_neighbors': 5},0.6834444444444444,0.6581303537825557,"{'C': np.float64(33.59818286283781), 'class_weight': 'balanced', 'dual': False, 'fit_intercept': True, 'intercept_scaling': 1, 'loss': 'squared_hinge', 'max_iter': 100, 'multi_class': 'ovr', 'penalty': 'l1', 'random_state': 42, 'tol': 0.001, 'verbose': 0}",1.4155681133270264
Chinese_wine,9,20,1,3,LogisticRegression,SMOTE,5,{'k_neighbors': 5},0.828,0.8249935543338889,"{'C': np.float64(1000.0), 'class_weight': 'balanced', 'dual': False, 'fit_intercept': True, 'intercept_scaling': 1, 'l1_ratio': None, 'max_iter': 100, 'multi_class': 'deprecated', 'n_jobs': None, 'penalty': 'l2', 'random_state': 42, 'solver': 'sag', 'tol': 0.0001, 'verbose': 0, 'warm_start': False}",2.495664358139038
Chinese_wine,9,20,1,3,RNN,SMOTE,5,{'k_neighbors': 5},0.4666666666666667,0.36466236526692714,"{'hidden_size': 64, 'epochs': 10, 'batch_size': 64, 'lr': 0.001}",208.18392419815063
Chinese_wine,9,20,1,5,KNN,SMOTE,1,{'k_neighbors': 1},0.938,0.9380362473611725,"{'algorithm': 'auto', 'leaf_size': 30, 'metric': 'minkowski', 'metric_params': None, 'n_jobs': None, 'n_neighbors': np.int64(5), 'p': 3, 'weights': 'distance'}",1.035935401916504
Chinese_wine,9,20,1,5,RandomForest,SMOTE,1,{'k_neighbors': 1},0.7864444444444444,0.7862376512274437,"{'bootstrap': True, 'ccp_alpha': 0.0, 'class_weight': 'balanced', 'criterion': 'gini', 'max_depth': 10, 'max_features': 'sqrt', 'max_leaf_nodes': None, 'max_samples': None, 'min_impurity_decrease': 0.0, 'min_samples_leaf': 2, 'min_samples_split': 20, 'min_weight_fraction_leaf': 0.0, 'monotonic_cst': None, 'n_estimators': 100, 'n_jobs': None, 'oob_score': False, 'random_state': 42, 'verbose': 0, 'warm_start': False}",20.508350610733032
Chinese_wine,9,20,1,5,LinearSVC,SMOTE,1,{'k_neighbors': 1},0.7597777777777778,0.7455648512652303,"{'C': np.float64(0.4832930238571752), 'class_weight': 'balanced', 'dual': False, 'fit_intercept': True, 'intercept_scaling': 1, 'loss': 'squared_hinge', 'max_iter': 100, 'multi_class': 'ovr', 'penalty': 'l2', 'random_state': 42, 'tol': 0.0001, 'verbose': 0}",0.7302985191345215
Chinese_wine,9,20,1,5,LogisticRegression,SMOTE,1,{'k_neighbors': 1},0.7265555555555555,0.7097249518563765,"{'C': np.float64(6.1584821106602545), 'class_weight': 'balanced', 'dual': False, 'fit_intercept': False, 'intercept_scaling': 1, 'l1_ratio': None, 'max_iter': 100, 'multi_class': 'deprecated', 'n_jobs': None, 'penalty': 'l2', 'random_state': 42, 'solver': 'lbfgs', 'tol': 0.0001, 'verbose': 0, 'warm_start': False}",4.653125524520874
Chinese_wine,9,20,1,5,RNN,SMOTE,1,{'k_neighbors': 1},0.36666666666666664,0.2544875150942507,"{'hidden_size': 64, 'epochs': 10, 'batch_size': 64, 'lr': 0.001}",430.70409655570984
Chinese_wine,9,20,1,5,KNN,SMOTE,2,{'k_neighbors': 2},0.9418888888888889,0.9417640722178583,"{'algorithm': 'auto', 'leaf_size': 30, 'metric': 'minkowski', 'metric_params': None, 'n_jobs': None, 'n_neighbors': np.int64(15), 'p': 4, 'weights': 'distance'}",1.3122351169586182
Chinese_wine,9,20,1,5,RandomForest,SMOTE,2,{'k_neighbors': 2},0.935,0.9351122623861483,"{'bootstrap': True, 'ccp_alpha': 0.0, 'class_weight': 'balanced', 'criterion': 'gini', 'max_depth': None, 'max_features': 'sqrt', 'max_leaf_nodes': None, 'max_samples': None, 'min_impurity_decrease': 0.0, 'min_samples_leaf': 1, 'min_samples_split': 2, 'min_weight_fraction_leaf': 0.0, 'monotonic_cst': None, 'n_estimators': 50, 'n_jobs': None, 'oob_score': False, 'random_state': 42, 'verbose': 0, 'warm_start': False}",31.318027019500732
Chinese_wine,9,20,1,5,LinearSVC,SMOTE,2,{'k_neighbors': 2},0.7522222222222222,0.7363363082613499,"{'C': np.float64(0.2069138081114788), 'class_weight': 'balanced', 'dual': False, 'fit_intercept': True, 'intercept_scaling': 1, 'loss': 'squared_hinge', 'max_iter': 100, 'multi_class': 'ovr', 'penalty': 'l2', 'random_state': 42, 'tol': 0.001, 'verbose': 0}",0.7058165073394775
Chinese_wine,9,20,1,5,LogisticRegression,SMOTE,2,{'k_neighbors': 2},0.7338888888888889,0.7176361637465458,"{'C': np.float64(6.1584821106602545), 'class_weight': 'balanced', 'dual': False, 'fit_intercept': False, 'intercept_scaling': 1, 'l1_ratio': None, 'max_iter': 100, 'multi_class': 'deprecated', 'n_jobs': None, 'penalty': 'l2', 'random_state': 42, 'solver': 'lbfgs', 'tol': 0.0001, 'verbose': 0, 'warm_start': False}",4.930431365966797
Chinese_wine,9,20,1,5,RNN,SMOTE,2,{'k_neighbors': 2},0.34444444444444444,0.224671669793621,"{'hidden_size': 64, 'epochs': 10, 'batch_size': 64, 'lr': 0.001}",445.6672360897064
Chinese_wine,9,20,1,5,KNN,SMOTE,3,{'k_neighbors': 3},0.9531111111111111,0.9531307768512813,"{'algorithm': 'auto', 'leaf_size': 30, 'metric': 'chebyshev', 'metric_params': None, 'n_jobs': None, 'n_neighbors': np.int64(11), 'p': 2, 'weights': 'distance'}",0.1948223114013672
Chinese_wine,9,20,1,5,RandomForest,SMOTE,3,{'k_neighbors': 3},0.9402222222222222,0.9404717472902417,"{'bootstrap': True, 'ccp_alpha': 0.0, 'class_weight': 'balanced', 'criterion': 'gini', 'max_depth': None, 'max_features': 'sqrt', 'max_leaf_nodes': None, 'max_samples': None, 'min_impurity_decrease': 0.0, 'min_samples_leaf': 1, 'min_samples_split': 2, 'min_weight_fraction_leaf': 0.0, 'monotonic_cst': None, 'n_estimators': 50, 'n_jobs': None, 'oob_score': False, 'random_state': 42, 'verbose': 0, 'warm_start': False}",20.64575505256653
Chinese_wine,9,20,1,5,LinearSVC,SMOTE,3,{'k_neighbors': 3},0.756,0.7422669700067653,"{'C': np.float64(0.4832930238571752), 'class_weight': 'balanced', 'dual': False, 'fit_intercept': True, 'intercept_scaling': 1, 'loss': 'squared_hinge', 'max_iter': 100, 'multi_class': 'ovr', 'penalty': 'l2', 'random_state': 42, 'tol': 0.0001, 'verbose': 0}",0.7516593933105469
Chinese_wine,9,20,1,5,LogisticRegression,SMOTE,3,{'k_neighbors': 3},0.7278888888888889,0.7144014969945852,"{'C': np.float64(183.29807108324337), 'class_weight': None, 'dual': False, 'fit_intercept': False, 'intercept_scaling': 1, 'l1_ratio': None, 'max_iter': 100, 'multi_class': 'deprecated', 'n_jobs': None, 'penalty': 'l2', 'random_state': 42, 'solver': 'sag', 'tol': 0.0001, 'verbose': 0, 'warm_start': False}",1.1569740772247314
Chinese_wine,9,20,1,5,RNN,SMOTE,3,{'k_neighbors': 3},0.7333333333333333,0.6907751265500626,"{'hidden_size': 64, 'epochs': 10, 'batch_size': 64, 'lr': 0.001}",269.13250970840454
Chinese_wine,9,20,1,5,KNN,SMOTE,4,{'k_neighbors': 4},0.9586666666666667,0.9587158661939165,"{'algorithm': 'auto', 'leaf_size': 30, 'metric': 'minkowski', 'metric_params': None, 'n_jobs': None, 'n_neighbors': np.int64(5), 'p': 3, 'weights': 'distance'}",0.4250218868255615
Chinese_wine,9,20,1,5,RandomForest,SMOTE,4,{'k_neighbors': 4},0.7951111111111111,0.7938366032333164,"{'bootstrap': True, 'ccp_alpha': 0.0, 'class_weight': 'balanced', 'criterion': 'gini', 'max_depth': 10, 'max_features': 'sqrt', 'max_leaf_nodes': None, 'max_samples': None, 'min_impurity_decrease': 0.0, 'min_samples_leaf': 1, 'min_samples_split': 5, 'min_weight_fraction_leaf': 0.0, 'monotonic_cst': None, 'n_estimators': 50, 'n_jobs': None, 'oob_score': False, 'random_state': 42, 'verbose': 0, 'warm_start': False}",9.296920776367188
Chinese_wine,9,20,1,5,LinearSVC,SMOTE,4,{'k_neighbors': 4},0.7486666666666667,0.7333292227453893,"{'C': np.float64(0.4832930238571752), 'class_weight': 'balanced', 'dual': False, 'fit_intercept': True, 'intercept_scaling': 1, 'loss': 'squared_hinge', 'max_iter': 100, 'multi_class': 'ovr', 'penalty': 'l2', 'random_state': 42, 'tol': 0.0001, 'verbose': 0}",0.7179620265960693
Chinese_wine,9,20,1,5,LogisticRegression,SMOTE,4,{'k_neighbors': 4},0.8247777777777778,0.821937103968394,"{'C': np.float64(33.59818286283781), 'class_weight': None, 'dual': False, 'fit_intercept': True, 'intercept_scaling': 1, 'l1_ratio': None, 'max_iter': 100, 'multi_class': 'deprecated', 'n_jobs': None, 'penalty': 'l2', 'random_state': 42, 'solver': 'saga', 'tol': 0.0001, 'verbose': 0, 'warm_start': False}",6.190086364746094
Chinese_wine,9,20,1,5,RNN,SMOTE,4,{'k_neighbors': 4},0.7111111111111111,0.6846702093915715,"{'hidden_size': 64, 'epochs': 10, 'batch_size': 64, 'lr': 0.001}",439.846586227417
Chinese_wine,9,20,1,5,KNN,SMOTE,5,{'k_neighbors': 5},0.9513333333333334,0.9513966491024516,"{'algorithm': 'auto', 'leaf_size': 30, 'metric': 'manhattan', 'metric_params': None, 'n_jobs': None, 'n_neighbors': np.int64(5), 'p': 2, 'weights': 'distance'}",0.2562854290008545
Chinese_wine,9,20,1,5,RandomForest,SMOTE,5,{'k_neighbors': 5},0.9387777777777778,0.9391781652309461,"{'bootstrap': True, 'ccp_alpha': 0.0, 'class_weight': 'balanced', 'criterion': 'gini', 'max_depth': None, 'max_features': 'sqrt', 'max_leaf_nodes': None, 'max_samples': None, 'min_impurity_decrease': 0.0, 'min_samples_leaf': 2, 'min_samples_split': 2, 'min_weight_fraction_leaf': 0.0, 'monotonic_cst': None, 'n_estimators': 150, 'n_jobs': None, 'oob_score': False, 'random_state': 42, 'verbose': 0, 'warm_start': False}",65.16959691047668
Chinese_wine,9,20,1,5,LinearSVC,SMOTE,5,{'k_neighbors': 5},0.7513333333333333,0.7359178112725648,"{'C': np.float64(1000.0), 'class_weight': 'balanced', 'dual': False, 'fit_intercept': True, 'intercept_scaling': 1, 'loss': 'squared_hinge', 'max_iter': 100, 'multi_class': 'ovr', 'penalty': 'l2', 'random_state': 42, 'tol': 0.001, 'verbose': 0}",1.2759900093078613
Chinese_wine,9,20,1,5,LogisticRegression,SMOTE,5,{'k_neighbors': 5},0.823,0.8203697532030043,"{'C': np.float64(183.29807108324337), 'class_weight': 'balanced', 'dual': False, 'fit_intercept': True, 'intercept_scaling': 1, 'l1_ratio': None, 'max_iter': 100, 'multi_class': 'deprecated', 'n_jobs': None, 'penalty': 'l1', 'random_state': 42, 'solver': 'saga', 'tol': 0.0001, 'verbose': 0, 'warm_start': False}",10.071587562561035
Chinese_wine,9,20,1,5,RNN,SMOTE,5,{'k_neighbors': 5},0.6666666666666666,0.6213766788766789,"{'hidden_size': 64, 'epochs': 10, 'batch_size': 64, 'lr': 0.001}",407.6171374320984
Chinese_wine,9,20,1,10,KNN,SMOTE,1,{'k_neighbors': 1},0.9391111111111111,0.9391651212223612,"{'algorithm': 'auto', 'leaf_size': 30, 'metric': 'minkowski', 'metric_params': None, 'n_jobs': None, 'n_neighbors': np.int64(11), 'p': 4, 'weights': 'distance'}",0.6084284782409668
Chinese_wine,9,20,1,10,RandomForest,SMOTE,1,{'k_neighbors': 1},0.9351111111111111,0.9352991927136791,"{'bootstrap': True, 'ccp_alpha': 0.0, 'class_weight': 'balanced', 'criterion': 'gini', 'max_depth': None, 'max_features': 'sqrt', 'max_leaf_nodes': None, 'max_samples': None, 'min_impurity_decrease': 0.0, 'min_samples_leaf': 1, 'min_samples_split': 5, 'min_weight_fraction_leaf': 0.0, 'monotonic_cst': None, 'n_estimators': 50, 'n_jobs': None, 'oob_score': False, 'random_state': 42, 'verbose': 0, 'warm_start': False}",15.22178840637207
Chinese_wine,9,20,1,10,LinearSVC,SMOTE,1,{'k_neighbors': 1},0.76,0.746173402172661,"{'C': np.float64(6.1584821106602545), 'class_weight': None, 'dual': False, 'fit_intercept': True, 'intercept_scaling': 1, 'loss': 'squared_hinge', 'max_iter': 100, 'multi_class': 'ovr', 'penalty': 'l2', 'random_state': 42, 'tol': 0.0001, 'verbose': 0}",1.32767915725708
Chinese_wine,9,20,1,10,LogisticRegression,SMOTE,1,{'k_neighbors': 1},0.8163333333333334,0.8133000703472653,"{'C': np.float64(1000.0), 'class_weight': 'balanced', 'dual': False, 'fit_intercept': True, 'intercept_scaling': 1, 'l1_ratio': None, 'max_iter': 100, 'multi_class': 'deprecated', 'n_jobs': None, 'penalty': 'l2', 'random_state': 42, 'solver': 'sag', 'tol': 0.0001, 'verbose': 0, 'warm_start': False}",5.845818758010864
Chinese_wine,9,20,1,10,RNN,SMOTE,1,{'k_neighbors': 1},0.7222222222222222,0.6932858825041487,"{'hidden_size': 64, 'epochs': 10, 'batch_size': 64, 'lr': 0.001}",733.5835649967194
Chinese_wine,9,20,1,10,KNN,SMOTE,2,{'k_neighbors': 2},0.9418888888888889,0.941896065711792,"{'algorithm': 'auto', 'leaf_size': 30, 'metric': 'minkowski', 'metric_params': None, 'n_jobs': None, 'n_neighbors': np.int64(5), 'p': 3, 'weights': 'distance'}",0.5573511123657227
Chinese_wine,9,20,1,10,RandomForest,SMOTE,2,{'k_neighbors': 2},0.7965555555555556,0.795534532368184,"{'bootstrap': True, 'ccp_alpha': 0.0, 'class_weight': 'balanced', 'criterion': 'gini', 'max_depth': 10, 'max_features': 'sqrt', 'max_leaf_nodes': None, 'max_samples': None, 'min_impurity_decrease': 0.0, 'min_samples_leaf': 1, 'min_samples_split': 5, 'min_weight_fraction_leaf': 0.0, 'monotonic_cst': None, 'n_estimators': 50, 'n_jobs': None, 'oob_score': False, 'random_state': 42, 'verbose': 0, 'warm_start': False}",11.675565481185913
Chinese_wine,9,20,1,10,LinearSVC,SMOTE,2,{'k_neighbors': 2},0.7533333333333333,0.7384638664872739,"{'C': np.float64(6.1584821106602545), 'class_weight': None, 'dual': False, 'fit_intercept': True, 'intercept_scaling': 1, 'loss': 'squared_hinge', 'max_iter': 100, 'multi_class': 'ovr', 'penalty': 'l2', 'random_state': 42, 'tol': 0.0001, 'verbose': 0}",1.2106969356536865
Chinese_wine,9,20,1,10,LogisticRegression,SMOTE,2,{'k_neighbors': 2},0.7353333333333333,0.7214483936603174,"{'C': np.float64(183.29807108324337), 'class_weight': None, 'dual': False, 'fit_intercept': False, 'intercept_scaling': 1, 'l1_ratio': None, 'max_iter': 100, 'multi_class': 'deprecated', 'n_jobs': None, 'penalty': 'l2', 'random_state': 42, 'solver': 'sag', 'tol': 0.0001, 'verbose': 0, 'warm_start': False}",0.9384677410125732
Chinese_wine,9,20,1,10,RNN,SMOTE,2,{'k_neighbors': 2},0.7888888888888889,0.7589742841176412,"{'hidden_size': 64, 'epochs': 10, 'batch_size': 64, 'lr': 0.001}",747.462334394455
Chinese_wine,9,20,1,10,KNN,SMOTE,3,{'k_neighbors': 3},0.9534444444444444,0.9534571880185285,"{'algorithm': 'auto', 'leaf_size': 30, 'metric': 'minkowski', 'metric_params': None, 'n_jobs': None, 'n_neighbors': np.int64(5), 'p': 3, 'weights': 'distance'}",0.5514934062957764
Chinese_wine,9,20,1,10,RandomForest,SMOTE,3,{'k_neighbors': 3},0.9365555555555556,0.9368621477381035,"{'bootstrap': True, 'ccp_alpha': 0.0, 'class_weight': 'balanced', 'criterion': 'gini', 'max_depth': 30, 'max_features': 'sqrt', 'max_leaf_nodes': None, 'max_samples': None, 'min_impurity_decrease': 0.0, 'min_samples_leaf': 1, 'min_samples_split': 2, 'min_weight_fraction_leaf': 0.0, 'monotonic_cst': None, 'n_estimators': 150, 'n_jobs': None, 'oob_score': False, 'random_state': 42, 'verbose': 0, 'warm_start': False}",50.903664112091064
Chinese_wine,9,20,1,10,LinearSVC,SMOTE,3,{'k_neighbors': 3},0.7593333333333333,0.744938129003041,"{'C': np.float64(0.4832930238571752), 'class_weight': 'balanced', 'dual': False, 'fit_intercept': True, 'intercept_scaling': 1, 'loss': 'squared_hinge', 'max_iter': 100, 'multi_class': 'ovr', 'penalty': 'l2', 'random_state': 42, 'tol': 0.0001, 'verbose': 0}",1.3715426921844482
Chinese_wine,9,20,1,10,LogisticRegression,SMOTE,3,{'k_neighbors': 3},0.8138888888888889,0.8106500790815173,"{'C': np.float64(1000.0), 'class_weight': 'balanced', 'dual': False, 'fit_intercept': True, 'intercept_scaling': 1, 'l1_ratio': None, 'max_iter': 100, 'multi_class': 'deprecated', 'n_jobs': None, 'penalty': 'l2', 'random_state': 42, 'solver': 'sag', 'tol': 0.0001, 'verbose': 0, 'warm_start': False}",5.132106065750122
Chinese_wine,9,20,1,10,RNN,SMOTE,3,{'k_neighbors': 3},0.6888888888888889,0.6451146384479718,"{'hidden_size': 64, 'epochs': 10, 'batch_size': 64, 'lr': 0.001}",35.87877607345581
Chinese_wine,9,20,1,10,KNN,SMOTE,4,{'k_neighbors': 4},0.9508888888888889,0.9508735804346442,"{'algorithm': 'auto', 'leaf_size': 30, 'metric': 'minkowski', 'metric_params': None, 'n_jobs': None, 'n_neighbors': np.int64(11), 'p': 4, 'weights': 'distance'}",0.5102317333221436
Chinese_wine,9,20,1,10,RandomForest,SMOTE,4,{'k_neighbors': 4},0.9403333333333334,0.9405932845632065,"{'bootstrap': True, 'ccp_alpha': 0.0, 'class_weight': 'balanced', 'criterion': 'gini', 'max_depth': 30, 'max_features': 'sqrt', 'max_leaf_nodes': None, 'max_samples': None, 'min_impurity_decrease': 0.0, 'min_samples_leaf': 1, 'min_samples_split': 2, 'min_weight_fraction_leaf': 0.0, 'monotonic_cst': None, 'n_estimators': 150, 'n_jobs': None, 'oob_score': False, 'random_state': 42, 'verbose': 0, 'warm_start': False}",51.090818643569946
Chinese_wine,9,20,1,10,LinearSVC,SMOTE,4,{'k_neighbors': 4},0.7488888888888889,0.7340740663079858,"{'C': np.float64(1000.0), 'class_weight': 'balanced', 'dual': False, 'fit_intercept': True, 'intercept_scaling': 1, 'loss': 'squared_hinge', 'max_iter': 100, 'multi_class': 'ovr', 'penalty': 'l2', 'random_state': 42, 'tol': 0.001, 'verbose': 0}",1.9718549251556396
Chinese_wine,9,20,1,10,LogisticRegression,SMOTE,4,{'k_neighbors': 4},0.8224444444444444,0.8199756050439216,"{'C': np.float64(2.6366508987303554), 'class_weight': 'balanced', 'dual': False, 'fit_intercept': True, 'intercept_scaling': 1, 'l1_ratio': None, 'max_iter': 100, 'multi_class': 'deprecated', 'n_jobs': None, 'penalty': 'l1', 'random_state': 42, 'solver': 'saga', 'tol': 0.0001, 'verbose': 0, 'warm_start': False}",11.927144050598145
Chinese_wine,9,20,1,10,RNN,SMOTE,4,{'k_neighbors': 4},0.7111111111111111,0.6812278621761381,"{'hidden_size': 64, 'epochs': 10, 'batch_size': 64, 'lr': 0.001}",860.2765295505524
Chinese_wine,9,20,1,10,KNN,SMOTE,5,{'k_neighbors': 5},0.9513333333333334,0.9513079594933642,"{'algorithm': 'auto', 'leaf_size': 30, 'metric': 'manhattan', 'metric_params': None, 'n_jobs': None, 'n_neighbors': np.int64(5), 'p': 2, 'weights': 'distance'}",0.5994725227355957
Chinese_wine,9,20,1,10,RandomForest,SMOTE,5,{'k_neighbors': 5},0.9358888888888889,0.936311386088215,"{'bootstrap': True, 'ccp_alpha': 0.0, 'class_weight': None, 'criterion': 'gini', 'max_depth': 20, 'max_features': 'sqrt', 'max_leaf_nodes': None, 'max_samples': None, 'min_impurity_decrease': 0.0, 'min_samples_leaf': 1, 'min_samples_split': 2, 'min_weight_fraction_leaf': 0.0, 'monotonic_cst': None, 'n_estimators': 100, 'n_jobs': None, 'oob_score': False, 'random_state': 42, 'verbose': 0, 'warm_start': False}",39.51275706291199
Chinese_wine,9,20,1,10,LinearSVC,SMOTE,5,{'k_neighbors': 5},0.6767777777777778,0.6454962186321532,"{'C': np.float64(33.59818286283781), 'class_weight': 'balanced', 'dual': False, 'fit_intercept': True, 'intercept_scaling': 1, 'loss': 'squared_hinge', 'max_iter': 100, 'multi_class': 'ovr', 'penalty': 'l1', 'random_state': 42, 'tol': 0.0001, 'verbose': 0}",5.470888376235962
Chinese_wine,9,20,1,10,LogisticRegression,SMOTE,5,{'k_neighbors': 5},0.8233333333333334,0.8203721589466557,"{'C': np.float64(1000.0), 'class_weight': 'balanced', 'dual': False, 'fit_intercept': True, 'intercept_scaling': 1, 'l1_ratio': None, 'max_iter': 100, 'multi_class': 'deprecated', 'n_jobs': None, 'penalty': 'l2', 'random_state': 42, 'solver': 'sag', 'tol': 0.0001, 'verbose': 0, 'warm_start': False}",4.493402004241943
Chinese_wine,9,20,1,10,RNN,SMOTE,5,{'k_neighbors': 5},0.6888888888888889,0.6332010582010581,"{'hidden_size': 64, 'epochs': 10, 'batch_size': 64, 'lr': 0.001}",673.2849102020264
Chinese_wine,9,20,2,1,KNN,Baseline,N/A,N/A,0.9505555555555556,0.9505618154362746,"{'algorithm': 'auto', 'leaf_size': 30, 'metric': 'minkowski', 'metric_params': None, 'n_jobs': None, 'n_neighbors': 5, 'p': 2, 'weights': 'uniform'}",0.41208744049072266
Chinese_wine,9,20,2,1,KNN,Tuned_Baseline,N/A,N/A,0.953,0.953061025644864,"{'algorithm': 'auto', 'leaf_size': 30, 'metric': 'minkowski', 'metric_params': None, 'n_jobs': None, 'n_neighbors': np.int64(5), 'p': 3, 'weights': 'distance'}",0.24843597412109375
Chinese_wine,9,20,2,1,RandomForest,Baseline,N/A,N/A,0.9344444444444444,0.9343413236034492,"{'bootstrap': True, 'ccp_alpha': 0.0, 'class_weight': None, 'criterion': 'gini', 'max_depth': None, 'max_features': 'sqrt', 'max_leaf_nodes': None, 'max_samples': None, 'min_impurity_decrease': 0.0, 'min_samples_leaf': 1, 'min_samples_split': 2, 'min_weight_fraction_leaf': 0.0, 'monotonic_cst': None, 'n_estimators': 100, 'n_jobs': None, 'oob_score': False, 'random_state': 42, 'verbose': 0, 'warm_start': False}",5.200021743774414
Chinese_wine,9,20,2,1,RandomForest,Tuned_Baseline,N/A,N/A,0.937,0.9368657849056019,"{'bootstrap': True, 'ccp_alpha': 0.0, 'class_weight': 'balanced', 'criterion': 'gini', 'max_depth': 30, 'max_features': 'sqrt', 'max_leaf_nodes': None, 'max_samples': None, 'min_impurity_decrease': 0.0, 'min_samples_leaf': 1, 'min_samples_split': 2, 'min_weight_fraction_leaf': 0.0, 'monotonic_cst': None, 'n_estimators': 150, 'n_jobs': None, 'oob_score': False, 'random_state': 42, 'verbose': 0, 'warm_start': False}",0.10078740119934082
Chinese_wine,9,20,2,1,LinearSVC,Baseline,N/A,N/A,0.7377777777777778,0.7162179617601376,"{'C': 1.0, 'class_weight': None, 'dual': False, 'fit_intercept': True, 'intercept_scaling': 1, 'loss': 'squared_hinge', 'max_iter': 100, 'multi_class': 'ovr', 'penalty': 'l2', 'random_state': 42, 'tol': 0.0001, 'verbose': 0}",0.1201021671295166
Chinese_wine,9,20,2,1,LinearSVC,Tuned_Baseline,N/A,N/A,0.7396666666666667,0.7190731686570045,"{'C': np.float64(6.1584821106602545), 'class_weight': None, 'dual': False, 'fit_intercept': True, 'intercept_scaling': 1, 'loss': 'squared_hinge', 'max_iter': 100, 'multi_class': 'ovr', 'penalty': 'l2', 'random_state': 42, 'tol': 0.0001, 'verbose': 0}",0.0008246898651123047
Chinese_wine,9,20,2,1,LogisticRegression,Baseline,N/A,N/A,0.7773333333333333,0.7698313429592482,"{'C': 1.0, 'class_weight': None, 'dual': False, 'fit_intercept': True, 'intercept_scaling': 1, 'l1_ratio': None, 'max_iter': 100, 'multi_class': 'deprecated', 'n_jobs': None, 'penalty': 'l2', 'random_state': 42, 'solver': 'lbfgs', 'tol': 0.0001, 'verbose': 0, 'warm_start': False}",0.6267516613006592
Chinese_wine,9,20,2,1,LogisticRegression,Tuned_Baseline,N/A,N/A,0.7883333333333333,0.781650776264095,"{'C': np.float64(33.59818286283781), 'class_weight': 'balanced', 'dual': False, 'fit_intercept': True, 'intercept_scaling': 1, 'l1_ratio': None, 'max_iter': 100, 'multi_class': 'deprecated', 'n_jobs': None, 'penalty': 'l1', 'random_state': 42, 'solver': 'saga', 'tol': 0.0001, 'verbose': 0, 'warm_start': False}",0.001203775405883789
Chinese_wine,9,20,2,1,RNN,Baseline,N/A,N/A,0.28888888888888886,0.19475355054302423,"{'hidden_size': 64, 'epochs': 10, 'batch_size': 32, 'lr': 0.001}",5.291837692260742
Chinese_wine,9,20,2,1,RNN,Tuned_Baseline,N/A,N/A,0.3111111111111111,0.19764885218301367,"{'hidden_size': 64, 'epochs': 10, 'batch_size': 64, 'lr': 0.001}",1.2445619106292725
Chinese_wine,9,20,2,2,KNN,SMOTE,1,{'k_neighbors': 1},0.9513333333333334,0.9513943035282986,"{'algorithm': 'auto', 'leaf_size': 30, 'metric': 'chebyshev', 'metric_params': None, 'n_jobs': None, 'n_neighbors': np.int64(11), 'p': 2, 'weights': 'distance'}",0.09566569328308105
Chinese_wine,9,20,2,2,RandomForest,SMOTE,1,{'k_neighbors': 1},0.9374444444444444,0.9373632060821713,"{'bootstrap': True, 'ccp_alpha': 0.0, 'class_weight': 'balanced', 'criterion': 'gini', 'max_depth': None, 'max_features': 'sqrt', 'max_leaf_nodes': None, 'max_samples': None, 'min_impurity_decrease': 0.0, 'min_samples_leaf': 2, 'min_samples_split': 2, 'min_weight_fraction_leaf': 0.0, 'monotonic_cst': None, 'n_estimators': 100, 'n_jobs': None, 'oob_score': False, 'random_state': 42, 'verbose': 0, 'warm_start': False}",17.425005674362183
Chinese_wine,9,20,2,2,LinearSVC,SMOTE,1,{'k_neighbors': 1},0.7446666666666667,0.7235232579803779,"{'C': np.float64(1000.0), 'class_weight': 'balanced', 'dual': False, 'fit_intercept': True, 'intercept_scaling': 1, 'loss': 'squared_hinge', 'max_iter': 100, 'multi_class': 'ovr', 'penalty': 'l2', 'random_state': 42, 'tol': 0.001, 'verbose': 0}",0.5382936000823975
Chinese_wine,9,20,2,2,LogisticRegression,SMOTE,1,{'k_neighbors': 1},0.7903333333333333,0.7824528543704857,"{'C': np.float64(1000.0), 'class_weight': 'balanced', 'dual': False, 'fit_intercept': True, 'intercept_scaling': 1, 'l1_ratio': None, 'max_iter': 100, 'multi_class': 'deprecated', 'n_jobs': None, 'penalty': 'l2', 'random_state': 42, 'solver': 'sag', 'tol': 0.0001, 'verbose': 0, 'warm_start': False}",3.27988600730896
Chinese_wine,9,20,2,2,RNN,SMOTE,1,{'k_neighbors': 1},0.5333333333333333,0.4478754578754579,"{'hidden_size': 64, 'epochs': 10, 'batch_size': 64, 'lr': 0.001}",172.64638018608093
Chinese_wine,9,20,2,2,KNN,SMOTE,2,{'k_neighbors': 2},0.9492222222222222,0.9493290338416631,"{'algorithm': 'auto', 'leaf_size': 30, 'metric': 'minkowski', 'metric_params': None, 'n_jobs': None, 'n_neighbors': np.int64(5), 'p': 3, 'weights': 'distance'}",0.34250712394714355
Chinese_wine,9,20,2,2,RandomForest,SMOTE,2,{'k_neighbors': 2},0.9334444444444444,0.9332638494460153,"{'bootstrap': True, 'ccp_alpha': 0.0, 'class_weight': None, 'criterion': 'gini', 'max_depth': 30, 'max_features': 'sqrt', 'max_leaf_nodes': None, 'max_samples': None, 'min_impurity_decrease': 0.0, 'min_samples_leaf': 1, 'min_samples_split': 10, 'min_weight_fraction_leaf': 0.0, 'monotonic_cst': None, 'n_estimators': 150, 'n_jobs': None, 'oob_score': False, 'random_state': 42, 'verbose': 0, 'warm_start': False}",17.76257848739624
Chinese_wine,9,20,2,2,LinearSVC,SMOTE,2,{'k_neighbors': 2},0.7476666666666667,0.7275351213406643,"{'C': np.float64(1000.0), 'class_weight': 'balanced', 'dual': False, 'fit_intercept': True, 'intercept_scaling': 1, 'loss': 'squared_hinge', 'max_iter': 100, 'multi_class': 'ovr', 'penalty': 'l2', 'random_state': 42, 'tol': 0.001, 'verbose': 0}",0.2625439167022705
Chinese_wine,9,20,2,2,LogisticRegression,SMOTE,2,{'k_neighbors': 2},0.7,0.6801041741426357,"{'C': np.float64(183.29807108324337), 'class_weight': 'balanced', 'dual': False, 'fit_intercept': False, 'intercept_scaling': 1, 'l1_ratio': None, 'max_iter': 100, 'multi_class': 'deprecated', 'n_jobs': None, 'penalty': 'l2', 'random_state': 42, 'solver': 'sag', 'tol': 0.0001, 'verbose': 0, 'warm_start': False}",0.40125560760498047
Chinese_wine,9,20,2,2,RNN,SMOTE,2,{'k_neighbors': 2},0.5,0.3870151450318331,"{'hidden_size': 64, 'epochs': 10, 'batch_size': 64, 'lr': 0.001}",170.9630949497223
Chinese_wine,9,20,2,2,KNN,SMOTE,3,{'k_neighbors': 3},0.9495555555555556,0.9496120989640355,"{'algorithm': 'auto', 'leaf_size': 30, 'metric': 'chebyshev', 'metric_params': None, 'n_jobs': None, 'n_neighbors': np.int64(11), 'p': 2, 'weights': 'distance'}",0.10484576225280762
Chinese_wine,9,20,2,2,RandomForest,SMOTE,3,{'k_neighbors': 3},0.9347777777777778,0.9347132326251596,"{'bootstrap': True, 'ccp_alpha': 0.0, 'class_weight': None, 'criterion': 'gini', 'max_depth': 20, 'max_features': 'sqrt', 'max_leaf_nodes': None, 'max_samples': None, 'min_impurity_decrease': 0.0, 'min_samples_leaf': 1, 'min_samples_split': 2, 'min_weight_fraction_leaf': 0.0, 'monotonic_cst': None, 'n_estimators': 100, 'n_jobs': None, 'oob_score': False, 'random_state': 42, 'verbose': 0, 'warm_start': False}",20.58651638031006
Chinese_wine,9,20,2,2,LinearSVC,SMOTE,3,{'k_neighbors': 3},0.7465555555555555,0.7263081907532017,"{'C': np.float64(1000.0), 'class_weight': 'balanced', 'dual': False, 'fit_intercept': True, 'intercept_scaling': 1, 'loss': 'squared_hinge', 'max_iter': 100, 'multi_class': 'ovr', 'penalty': 'l2', 'random_state': 42, 'tol': 0.001, 'verbose': 0}",0.42238593101501465
Chinese_wine,9,20,2,2,LogisticRegression,SMOTE,3,{'k_neighbors': 3},0.7882222222222223,0.7804100130502457,"{'C': np.float64(1000.0), 'class_weight': 'balanced', 'dual': False, 'fit_intercept': True, 'intercept_scaling': 1, 'l1_ratio': None, 'max_iter': 100, 'multi_class': 'deprecated', 'n_jobs': None, 'penalty': 'l2', 'random_state': 42, 'solver': 'sag', 'tol': 0.0001, 'verbose': 0, 'warm_start': False}",3.5127832889556885
Chinese_wine,9,20,2,2,RNN,SMOTE,3,{'k_neighbors': 3},0.5777777777777777,0.5009794584500467,"{'hidden_size': 64, 'epochs': 10, 'batch_size': 64, 'lr': 0.001}",173.69735407829285
Chinese_wine,9,20,2,2,KNN,SMOTE,4,{'k_neighbors': 4},0.9511111111111111,0.9512326983066487,"{'algorithm': 'auto', 'leaf_size': 30, 'metric': 'minkowski', 'metric_params': None, 'n_jobs': None, 'n_neighbors': np.int64(5), 'p': 3, 'weights': 'distance'}",0.3255636692047119
Chinese_wine,9,20,2,2,RandomForest,SMOTE,4,{'k_neighbors': 4},0.8096666666666666,0.8104706859858641,"{'bootstrap': True, 'ccp_alpha': 0.0, 'class_weight': None, 'criterion': 'gini', 'max_depth': 10, 'max_features': 'sqrt', 'max_leaf_nodes': None, 'max_samples': None, 'min_impurity_decrease': 0.0, 'min_samples_leaf': 2, 'min_samples_split': 10, 'min_weight_fraction_leaf': 0.0, 'monotonic_cst': None, 'n_estimators': 150, 'n_jobs': None, 'oob_score': False, 'random_state': 42, 'verbose': 0, 'warm_start': False}",11.342518091201782
Chinese_wine,9,20,2,2,LinearSVC,SMOTE,4,{'k_neighbors': 4},0.5533333333333333,0.4576373498521964,"{'C': np.float64(6.1584821106602545), 'class_weight': 'balanced', 'dual': False, 'fit_intercept': False, 'intercept_scaling': 1, 'loss': 'squared_hinge', 'max_iter': 100, 'multi_class': 'ovr', 'penalty': 'l2', 'random_state': 42, 'tol': 0.0001, 'verbose': 0}",0.2235398292541504
Chinese_wine,9,20,2,2,LogisticRegression,SMOTE,4,{'k_neighbors': 4},0.6896666666666667,0.6702657976149687,"{'C': np.float64(183.29807108324337), 'class_weight': 'balanced', 'dual': False, 'fit_intercept': False, 'intercept_scaling': 1, 'l1_ratio': None, 'max_iter': 100, 'multi_class': 'deprecated', 'n_jobs': None, 'penalty': 'l2', 'random_state': 42, 'solver': 'sag', 'tol': 0.0001, 'verbose': 0, 'warm_start': False}",0.4565134048461914
Chinese_wine,9,20,2,2,RNN,SMOTE,4,{'k_neighbors': 4},0.5333333333333333,0.4422360602360602,"{'hidden_size': 64, 'epochs': 10, 'batch_size': 64, 'lr': 0.001}",3.7772340774536133
Chinese_wine,9,20,2,2,KNN,SMOTE,5,{'k_neighbors': 5},0.9486666666666667,0.9486373979094042,"{'algorithm': 'auto', 'leaf_size': 30, 'metric': 'chebyshev', 'metric_params': None, 'n_jobs': None, 'n_neighbors': np.int64(11), 'p': 2, 'weights': 'distance'}",0.09613752365112305
Chinese_wine,9,20,2,2,RandomForest,SMOTE,5,{'k_neighbors': 5},0.9375555555555556,0.937409037222628,"{'bootstrap': True, 'ccp_alpha': 0.0, 'class_weight': 'balanced', 'criterion': 'gini', 'max_depth': 30, 'max_features': 'sqrt', 'max_leaf_nodes': None, 'max_samples': None, 'min_impurity_decrease': 0.0, 'min_samples_leaf': 1, 'min_samples_split': 2, 'min_weight_fraction_leaf': 0.0, 'monotonic_cst': None, 'n_estimators': 150, 'n_jobs': None, 'oob_score': False, 'random_state': 42, 'verbose': 0, 'warm_start': False}",15.869375705718994
Chinese_wine,9,20,2,2,LinearSVC,SMOTE,5,{'k_neighbors': 5},0.6644444444444444,0.6265715359168428,"{'C': np.float64(183.29807108324337), 'class_weight': 'balanced', 'dual': False, 'fit_intercept': True, 'intercept_scaling': 1, 'loss': 'squared_hinge', 'max_iter': 100, 'multi_class': 'ovr', 'penalty': 'l1', 'random_state': 42, 'tol': 0.0001, 'verbose': 0}",0.8555881977081299
Chinese_wine,9,20,2,2,LogisticRegression,SMOTE,5,{'k_neighbors': 5},0.7862222222222223,0.7794310225013809,"{'C': np.float64(1000.0), 'class_weight': 'balanced', 'dual': False, 'fit_intercept': True, 'intercept_scaling': 1, 'l1_ratio': None, 'max_iter': 100, 'multi_class': 'deprecated', 'n_jobs': None, 'penalty': 'l2', 'random_state': 42, 'solver': 'sag', 'tol': 0.0001, 'verbose': 0, 'warm_start': False}",1.6752285957336426
Chinese_wine,9,20,2,2,RNN,SMOTE,5,{'k_neighbors': 5},0.4444444444444444,0.3122040683331006,"{'hidden_size': 64, 'epochs': 10, 'batch_size': 64, 'lr': 0.001}",169.1538188457489
Chinese_wine,9,20,2,3,KNN,SMOTE,1,{'k_neighbors': 1},0.9564444444444444,0.9565661526300976,"{'algorithm': 'auto', 'leaf_size': 30, 'metric': 'minkowski', 'metric_params': None, 'n_jobs': None, 'n_neighbors': np.int64(5), 'p': 3, 'weights': 'distance'}",0.4674041271209717
Chinese_wine,9,20,2,3,RandomForest,SMOTE,1,{'k_neighbors': 1},0.9394444444444444,0.9393945601062487,"{'bootstrap': True, 'ccp_alpha': 0.0, 'class_weight': 'balanced', 'criterion': 'gini', 'max_depth': 30, 'max_features': 'sqrt', 'max_leaf_nodes': None, 'max_samples': None, 'min_impurity_decrease': 0.0, 'min_samples_leaf': 1, 'min_samples_split': 2, 'min_weight_fraction_leaf': 0.0, 'monotonic_cst': None, 'n_estimators': 150, 'n_jobs': None, 'oob_score': False, 'random_state': 42, 'verbose': 0, 'warm_start': False}",39.616032123565674
Chinese_wine,9,20,2,3,LinearSVC,SMOTE,1,{'k_neighbors': 1},0.7405555555555555,0.7184692282525634,"{'C': np.float64(0.4832930238571752), 'class_weight': 'balanced', 'dual': False, 'fit_intercept': True, 'intercept_scaling': 1, 'loss': 'squared_hinge', 'max_iter': 100, 'multi_class': 'ovr', 'penalty': 'l2', 'random_state': 42, 'tol': 0.0001, 'verbose': 0}",0.42108750343322754
Chinese_wine,9,20,2,3,LogisticRegression,SMOTE,1,{'k_neighbors': 1},0.7814444444444445,0.7747526914214603,"{'C': np.float64(1000.0), 'class_weight': 'balanced', 'dual': False, 'fit_intercept': True, 'intercept_scaling': 1, 'l1_ratio': None, 'max_iter': 100, 'multi_class': 'deprecated', 'n_jobs': None, 'penalty': 'l2', 'random_state': 42, 'solver': 'sag', 'tol': 0.0001, 'verbose': 0, 'warm_start': False}",2.480199098587036
Chinese_wine,9,20,2,3,RNN,SMOTE,1,{'k_neighbors': 1},0.6444444444444445,0.5740867756852411,"{'hidden_size': 64, 'epochs': 10, 'batch_size': 64, 'lr': 0.001}",256.94848823547363
Chinese_wine,9,20,2,3,KNN,SMOTE,2,{'k_neighbors': 2},0.9511111111111111,0.9511103581540016,"{'algorithm': 'auto', 'leaf_size': 30, 'metric': 'chebyshev', 'metric_params': None, 'n_jobs': None, 'n_neighbors': np.int64(11), 'p': 2, 'weights': 'distance'}",0.28057098388671875
Chinese_wine,9,20,2,3,RandomForest,SMOTE,2,{'k_neighbors': 2},0.937,0.9370127952961381,"{'bootstrap': True, 'ccp_alpha': 0.0, 'class_weight': 'balanced', 'criterion': 'gini', 'max_depth': 30, 'max_features': 'sqrt', 'max_leaf_nodes': None, 'max_samples': None, 'min_impurity_decrease': 0.0, 'min_samples_leaf': 1, 'min_samples_split': 2, 'min_weight_fraction_leaf': 0.0, 'monotonic_cst': None, 'n_estimators': 150, 'n_jobs': None, 'oob_score': False, 'random_state': 42, 'verbose': 0, 'warm_start': False}",33.83864092826843
Chinese_wine,9,20,2,3,LinearSVC,SMOTE,2,{'k_neighbors': 2},0.67,0.6358912937070782,"{'C': np.float64(2.6366508987303554), 'class_weight': 'balanced', 'dual': False, 'fit_intercept': True, 'intercept_scaling': 1, 'loss': 'squared_hinge', 'max_iter': 100, 'multi_class': 'ovr', 'penalty': 'l1', 'random_state': 42, 'tol': 0.0001, 'verbose': 0}",1.534625768661499
Chinese_wine,9,20,2,3,LogisticRegression,SMOTE,2,{'k_neighbors': 2},0.7962222222222223,0.7892088287278577,"{'C': np.float64(1000.0), 'class_weight': 'balanced', 'dual': False, 'fit_intercept': True, 'intercept_scaling': 1, 'l1_ratio': None, 'max_iter': 100, 'multi_class': 'deprecated', 'n_jobs': None, 'penalty': 'l2', 'random_state': 42, 'solver': 'sag', 'tol': 0.0001, 'verbose': 0, 'warm_start': False}",2.913067102432251
Chinese_wine,9,20,2,3,RNN,SMOTE,2,{'k_neighbors': 2},0.5777777777777777,0.4908715559802516,"{'hidden_size': 64, 'epochs': 10, 'batch_size': 64, 'lr': 0.001}",253.6870813369751
Chinese_wine,9,20,2,3,KNN,SMOTE,3,{'k_neighbors': 3},0.9481111111111111,0.9483452321692514,"{'algorithm': 'auto', 'leaf_size': 30, 'metric': 'manhattan', 'metric_params': None, 'n_jobs': None, 'n_neighbors': np.int64(5), 'p': 2, 'weights': 'distance'}",0.1639559268951416
Chinese_wine,9,20,2,3,RandomForest,SMOTE,3,{'k_neighbors': 3},0.9351111111111111,0.9351489724457334,"{'bootstrap': True, 'ccp_alpha': 0.0, 'class_weight': None, 'criterion': 'gini', 'max_depth': None, 'max_features': 'sqrt', 'max_leaf_nodes': None, 'max_samples': None, 'min_impurity_decrease': 0.0, 'min_samples_leaf': 1, 'min_samples_split': 5, 'min_weight_fraction_leaf': 0.0, 'monotonic_cst': None, 'n_estimators': 150, 'n_jobs': None, 'oob_score': False, 'random_state': 42, 'verbose': 0, 'warm_start': False}",31.442817449569702
Chinese_wine,9,20,2,3,LinearSVC,SMOTE,3,{'k_neighbors': 3},0.6595555555555556,0.6210752027047716,"{'C': np.float64(2.6366508987303554), 'class_weight': 'balanced', 'dual': False, 'fit_intercept': True, 'intercept_scaling': 1, 'loss': 'squared_hinge', 'max_iter': 100, 'multi_class': 'ovr', 'penalty': 'l1', 'random_state': 42, 'tol': 0.0001, 'verbose': 0}",1.5045971870422363
Chinese_wine,9,20,2,3,LogisticRegression,SMOTE,3,{'k_neighbors': 3},0.7025555555555556,0.6825857641154993,"{'C': np.float64(183.29807108324337), 'class_weight': 'balanced', 'dual': False, 'fit_intercept': False, 'intercept_scaling': 1, 'l1_ratio': None, 'max_iter': 100, 'multi_class': 'deprecated', 'n_jobs': None, 'penalty': 'l2', 'random_state': 42, 'solver': 'sag', 'tol': 0.0001, 'verbose': 0, 'warm_start': False}",1.1568336486816406
Chinese_wine,9,20,2,3,RNN,SMOTE,3,{'k_neighbors': 3},0.4888888888888889,0.38031753176580757,"{'hidden_size': 64, 'epochs': 10, 'batch_size': 64, 'lr': 0.001}",254.0002510547638
Chinese_wine,9,20,2,3,KNN,SMOTE,4,{'k_neighbors': 4},0.95,0.9500720151757228,"{'algorithm': 'auto', 'leaf_size': 30, 'metric': 'manhattan', 'metric_params': None, 'n_jobs': None, 'n_neighbors': np.int64(5), 'p': 2, 'weights': 'distance'}",0.43822669982910156
Chinese_wine,9,20,2,3,RandomForest,SMOTE,4,{'k_neighbors': 4},0.9396666666666667,0.9396376445909419,"{'bootstrap': True, 'ccp_alpha': 0.0, 'class_weight': 'balanced', 'criterion': 'gini', 'max_depth': 30, 'max_features': 'sqrt', 'max_leaf_nodes': None, 'max_samples': None, 'min_impurity_decrease': 0.0, 'min_samples_leaf': 1, 'min_samples_split': 2, 'min_weight_fraction_leaf': 0.0, 'monotonic_cst': None, 'n_estimators': 150, 'n_jobs': None, 'oob_score': False, 'random_state': 42, 'verbose': 0, 'warm_start': False}",29.007415056228638
Chinese_wine,9,20,2,3,LinearSVC,SMOTE,4,{'k_neighbors': 4},0.7483333333333333,0.7312966535464439,"{'C': np.float64(0.4832930238571752), 'class_weight': 'balanced', 'dual': False, 'fit_intercept': True, 'intercept_scaling': 1, 'loss': 'squared_hinge', 'max_iter': 100, 'multi_class': 'ovr', 'penalty': 'l2', 'random_state': 42, 'tol': 0.0001, 'verbose': 0}",0.7352261543273926
Chinese_wine,9,20,2,3,LogisticRegression,SMOTE,4,{'k_neighbors': 4},0.8034444444444444,0.7945705964760266,"{'C': np.float64(183.29807108324337), 'class_weight': 'balanced', 'dual': False, 'fit_intercept': True, 'intercept_scaling': 1, 'l1_ratio': None, 'max_iter': 100, 'multi_class': 'deprecated', 'n_jobs': None, 'penalty': 'l1', 'random_state': 42, 'solver': 'saga', 'tol': 0.0001, 'verbose': 0, 'warm_start': False}",7.762109041213989
Chinese_wine,9,20,2,3,RNN,SMOTE,4,{'k_neighbors': 4},0.5333333333333333,0.41795266515094104,"{'hidden_size': 64, 'epochs': 10, 'batch_size': 64, 'lr': 0.001}",255.11249542236328
Chinese_wine,9,20,2,3,KNN,SMOTE,5,{'k_neighbors': 5},0.9587777777777777,0.9588904072349099,"{'algorithm': 'auto', 'leaf_size': 30, 'metric': 'minkowski', 'metric_params': None, 'n_jobs': None, 'n_neighbors': np.int64(11), 'p': 4, 'weights': 'distance'}",0.7263121604919434
Chinese_wine,9,20,2,3,RandomForest,SMOTE,5,{'k_neighbors': 5},0.8181111111111111,0.8186887301739233,"{'bootstrap': True, 'ccp_alpha': 0.0, 'class_weight': 'balanced', 'criterion': 'gini', 'max_depth': 10, 'max_features': 'sqrt', 'max_leaf_nodes': None, 'max_samples': None, 'min_impurity_decrease': 0.0, 'min_samples_leaf': 1, 'min_samples_split': 5, 'min_weight_fraction_leaf': 0.0, 'monotonic_cst': None, 'n_estimators': 50, 'n_jobs': None, 'oob_score': False, 'random_state': 42, 'verbose': 0, 'warm_start': False}",7.729725122451782
Chinese_wine,9,20,2,3,LinearSVC,SMOTE,5,{'k_neighbors': 5},0.675,0.644115706828014,"{'C': np.float64(183.29807108324337), 'class_weight': 'balanced', 'dual': False, 'fit_intercept': True, 'intercept_scaling': 1, 'loss': 'squared_hinge', 'max_iter': 100, 'multi_class': 'ovr', 'penalty': 'l1', 'random_state': 42, 'tol': 0.0001, 'verbose': 0}",1.4864568710327148
Chinese_wine,9,20,2,3,LogisticRegression,SMOTE,5,{'k_neighbors': 5},0.7961111111111111,0.7867825038978653,"{'C': np.float64(1000.0), 'class_weight': 'balanced', 'dual': False, 'fit_intercept': True, 'intercept_scaling': 1, 'l1_ratio': None, 'max_iter': 100, 'multi_class': 'deprecated', 'n_jobs': None, 'penalty': 'l2', 'random_state': 42, 'solver': 'sag', 'tol': 0.0001, 'verbose': 0, 'warm_start': False}",2.730076789855957
Chinese_wine,9,20,2,3,RNN,SMOTE,5,{'k_neighbors': 5},0.5777777777777777,0.518950810255158,"{'hidden_size': 64, 'epochs': 10, 'batch_size': 64, 'lr': 0.001}",237.77408003807068
Chinese_wine,9,20,2,5,KNN,SMOTE,1,{'k_neighbors': 1},0.9521111111111111,0.9522328237747051,"{'algorithm': 'auto', 'leaf_size': 30, 'metric': 'chebyshev', 'metric_params': None, 'n_jobs': None, 'n_neighbors': np.int64(11), 'p': 2, 'weights': 'distance'}",0.17471051216125488
Chinese_wine,9,20,2,5,RandomForest,SMOTE,1,{'k_neighbors': 1},0.9368888888888889,0.936888655989236,"{'bootstrap': True, 'ccp_alpha': 0.0, 'class_weight': 'balanced', 'criterion': 'gini', 'max_depth': None, 'max_features': 'sqrt', 'max_leaf_nodes': None, 'max_samples': None, 'min_impurity_decrease': 0.0, 'min_samples_leaf': 2, 'min_samples_split': 2, 'min_weight_fraction_leaf': 0.0, 'monotonic_cst': None, 'n_estimators': 150, 'n_jobs': None, 'oob_score': False, 'random_state': 42, 'verbose': 0, 'warm_start': False}",48.542779207229614
Chinese_wine,9,20,2,5,LinearSVC,SMOTE,1,{'k_neighbors': 1},0.7512222222222222,0.7339698279892762,"{'C': np.float64(1000.0), 'class_weight': 'balanced', 'dual': False, 'fit_intercept': True, 'intercept_scaling': 1, 'loss': 'squared_hinge', 'max_iter': 100, 'multi_class': 'ovr', 'penalty': 'l2', 'random_state': 42, 'tol': 0.001, 'verbose': 0}",1.3459620475769043
Chinese_wine,9,20,2,5,LogisticRegression,SMOTE,1,{'k_neighbors': 1},0.7953333333333333,0.7882552262864139,"{'C': np.float64(33.59818286283781), 'class_weight': 'balanced', 'dual': False, 'fit_intercept': True, 'intercept_scaling': 1, 'l1_ratio': None, 'max_iter': 100, 'multi_class': 'deprecated', 'n_jobs': None, 'penalty': 'l2', 'random_state': 42, 'solver': 'saga', 'tol': 0.0001, 'verbose': 0, 'warm_start': False}",5.814197778701782
Chinese_wine,9,20,2,5,RNN,SMOTE,1,{'k_neighbors': 1},0.5777777777777777,0.5352030608206544,"{'hidden_size': 64, 'epochs': 10, 'batch_size': 64, 'lr': 0.001}",436.9751386642456
Chinese_wine,9,20,2,5,KNN,SMOTE,2,{'k_neighbors': 2},0.9504444444444444,0.9506255938065935,"{'algorithm': 'auto', 'leaf_size': 30, 'metric': 'minkowski', 'metric_params': None, 'n_jobs': None, 'n_neighbors': np.int64(11), 'p': 4, 'weights': 'distance'}",1.1757116317749023
Chinese_wine,9,20,2,5,RandomForest,SMOTE,2,{'k_neighbors': 2},0.9385555555555556,0.9385598318674863,"{'bootstrap': True, 'ccp_alpha': 0.0, 'class_weight': 'balanced', 'criterion': 'gini', 'max_depth': None, 'max_features': 'sqrt', 'max_leaf_nodes': None, 'max_samples': None, 'min_impurity_decrease': 0.0, 'min_samples_leaf': 1, 'min_samples_split': 2, 'min_weight_fraction_leaf': 0.0, 'monotonic_cst': None, 'n_estimators': 50, 'n_jobs': None, 'oob_score': False, 'random_state': 42, 'verbose': 0, 'warm_start': False}",20.285693168640137
Chinese_wine,9,20,2,5,LinearSVC,SMOTE,2,{'k_neighbors': 2},0.7531111111111111,0.7351471379469884,"{'C': np.float64(0.2069138081114788), 'class_weight': 'balanced', 'dual': False, 'fit_intercept': True, 'intercept_scaling': 1, 'loss': 'squared_hinge', 'max_iter': 100, 'multi_class': 'ovr', 'penalty': 'l2', 'random_state': 42, 'tol': 0.001, 'verbose': 0}",0.7000935077667236
Chinese_wine,9,20,2,5,LogisticRegression,SMOTE,2,{'k_neighbors': 2},0.703,0.6840847117911741,"{'C': np.float64(183.29807108324337), 'class_weight': None, 'dual': False, 'fit_intercept': False, 'intercept_scaling': 1, 'l1_ratio': None, 'max_iter': 100, 'multi_class': 'deprecated', 'n_jobs': None, 'penalty': 'l2', 'random_state': 42, 'solver': 'sag', 'tol': 0.0001, 'verbose': 0, 'warm_start': False}",0.9586560726165771
Chinese_wine,9,20,2,5,RNN,SMOTE,2,{'k_neighbors': 2},0.6888888888888889,0.647334234192121,"{'hidden_size': 64, 'epochs': 10, 'batch_size': 64, 'lr': 0.001}",400.3630669116974
Chinese_wine,9,20,2,5,KNN,SMOTE,3,{'k_neighbors': 3},0.954,0.9540390250030498,"{'algorithm': 'auto', 'leaf_size': 30, 'metric': 'chebyshev', 'metric_params': None, 'n_jobs': None, 'n_neighbors': np.int64(11), 'p': 2, 'weights': 'distance'}",0.1757659912109375
Chinese_wine,9,20,2,5,RandomForest,SMOTE,3,{'k_neighbors': 3},0.9346666666666666,0.9345852661951612,"{'bootstrap': True, 'ccp_alpha': 0.0, 'class_weight': 'balanced', 'criterion': 'gini', 'max_depth': None, 'max_features': 'sqrt', 'max_leaf_nodes': None, 'max_samples': None, 'min_impurity_decrease': 0.0, 'min_samples_leaf': 1, 'min_samples_split': 5, 'min_weight_fraction_leaf': 0.0, 'monotonic_cst': None, 'n_estimators': 50, 'n_jobs': None, 'oob_score': False, 'random_state': 42, 'verbose': 0, 'warm_start': False}",18.866922616958618
Chinese_wine,9,20,2,5,LinearSVC,SMOTE,3,{'k_neighbors': 3},0.7398888888888889,0.717889618228797,"{'C': np.float64(0.4832930238571752), 'class_weight': 'balanced', 'dual': False, 'fit_intercept': True, 'intercept_scaling': 1, 'loss': 'squared_hinge', 'max_iter': 100, 'multi_class': 'ovr', 'penalty': 'l2', 'random_state': 42, 'tol': 0.0001, 'verbose': 0}",1.539325475692749
Chinese_wine,9,20,2,5,LogisticRegression,SMOTE,3,{'k_neighbors': 3},0.7768888888888889,0.769820251751104,"{'C': np.float64(1000.0), 'class_weight': 'balanced', 'dual': False, 'fit_intercept': True, 'intercept_scaling': 1, 'l1_ratio': None, 'max_iter': 100, 'multi_class': 'deprecated', 'n_jobs': None, 'penalty': 'l2', 'random_state': 42, 'solver': 'sag', 'tol': 0.0001, 'verbose': 0, 'warm_start': False}",5.710443019866943
Chinese_wine,9,20,2,5,RNN,SMOTE,3,{'k_neighbors': 3},0.5888888888888889,0.5102104074086833,"{'hidden_size': 64, 'epochs': 10, 'batch_size': 64, 'lr': 0.001}",423.6665110588074
Chinese_wine,9,20,2,5,KNN,SMOTE,4,{'k_neighbors': 4},0.9506666666666667,0.9507506595637993,"{'algorithm': 'auto', 'leaf_size': 30, 'metric': 'minkowski', 'metric_params': None, 'n_jobs': None, 'n_neighbors': np.int64(5), 'p': 3, 'weights': 'distance'}",0.8668382167816162
Chinese_wine,9,20,2,5,RandomForest,SMOTE,4,{'k_neighbors': 4},0.9381111111111111,0.938175774338637,"{'bootstrap': True, 'ccp_alpha': 0.0, 'class_weight': 'balanced', 'criterion': 'gini', 'max_depth': None, 'max_features': 'sqrt', 'max_leaf_nodes': None, 'max_samples': None, 'min_impurity_decrease': 0.0, 'min_samples_leaf': 1, 'min_samples_split': 2, 'min_weight_fraction_leaf': 0.0, 'monotonic_cst': None, 'n_estimators': 50, 'n_jobs': None, 'oob_score': False, 'random_state': 42, 'verbose': 0, 'warm_start': False}",18.78102445602417
Chinese_wine,9,20,2,5,LinearSVC,SMOTE,4,{'k_neighbors': 4},0.7491111111111111,0.7316859590930994,"{'C': np.float64(0.2069138081114788), 'class_weight': 'balanced', 'dual': False, 'fit_intercept': True, 'intercept_scaling': 1, 'loss': 'squared_hinge', 'max_iter': 100, 'multi_class': 'ovr', 'penalty': 'l2', 'random_state': 42, 'tol': 0.001, 'verbose': 0}",0.6513891220092773
Chinese_wine,9,20,2,5,LogisticRegression,SMOTE,4,{'k_neighbors': 4},0.7071111111111111,0.6906925131448666,"{'C': np.float64(183.29807108324337), 'class_weight': None, 'dual': False, 'fit_intercept': False, 'intercept_scaling': 1, 'l1_ratio': None, 'max_iter': 100, 'multi_class': 'deprecated', 'n_jobs': None, 'penalty': 'l2', 'random_state': 42, 'solver': 'sag', 'tol': 0.0001, 'verbose': 0, 'warm_start': False}",1.010418176651001
Chinese_wine,9,20,2,5,RNN,SMOTE,4,{'k_neighbors': 4},0.4111111111111111,0.3003861282615074,"{'hidden_size': 64, 'epochs': 10, 'batch_size': 64, 'lr': 0.001}",330.49940037727356
Chinese_wine,9,20,2,5,KNN,SMOTE,5,{'k_neighbors': 5},0.9545555555555556,0.9547022222878042,"{'algorithm': 'auto', 'leaf_size': 30, 'metric': 'minkowski', 'metric_params': None, 'n_jobs': None, 'n_neighbors': np.int64(5), 'p': 3, 'weights': 'distance'}",0.47414588928222656
Chinese_wine,9,20,2,5,RandomForest,SMOTE,5,{'k_neighbors': 5},0.945,0.9450952884466606,"{'bootstrap': True, 'ccp_alpha': 0.0, 'class_weight': 'balanced', 'criterion': 'gini', 'max_depth': None, 'max_features': 'sqrt', 'max_leaf_nodes': None, 'max_samples': None, 'min_impurity_decrease': 0.0, 'min_samples_leaf': 1, 'min_samples_split': 5, 'min_weight_fraction_leaf': 0.0, 'monotonic_cst': None, 'n_estimators': 50, 'n_jobs': None, 'oob_score': False, 'random_state': 42, 'verbose': 0, 'warm_start': False}",15.21574592590332
Chinese_wine,9,20,2,5,LinearSVC,SMOTE,5,{'k_neighbors': 5},0.7517777777777778,0.7350578189661086,"{'C': np.float64(0.2069138081114788), 'class_weight': 'balanced', 'dual': False, 'fit_intercept': True, 'intercept_scaling': 1, 'loss': 'squared_hinge', 'max_iter': 100, 'multi_class': 'ovr', 'penalty': 'l2', 'random_state': 42, 'tol': 0.001, 'verbose': 0}",1.212876796722412
Chinese_wine,9,20,2,5,LogisticRegression,SMOTE,5,{'k_neighbors': 5},0.7053333333333334,0.687885204382875,"{'C': np.float64(183.29807108324337), 'class_weight': None, 'dual': False, 'fit_intercept': False, 'intercept_scaling': 1, 'l1_ratio': None, 'max_iter': 100, 'multi_class': 'deprecated', 'n_jobs': None, 'penalty': 'l2', 'random_state': 42, 'solver': 'sag', 'tol': 0.0001, 'verbose': 0, 'warm_start': False}",1.0461924076080322
Chinese_wine,9,20,2,5,RNN,SMOTE,5,{'k_neighbors': 5},0.4777777777777778,0.3512020460358057,"{'hidden_size': 64, 'epochs': 10, 'batch_size': 64, 'lr': 0.001}",405.1961817741394
Chinese_wine,9,20,2,10,KNN,SMOTE,1,{'k_neighbors': 1},0.9572222222222222,0.9573361767919497,"{'algorithm': 'auto', 'leaf_size': 30, 'metric': 'minkowski', 'metric_params': None, 'n_jobs': None, 'n_neighbors': np.int64(11), 'p': 4, 'weights': 'distance'}",0.49526095390319824
Chinese_wine,9,20,2,10,RandomForest,SMOTE,1,{'k_neighbors': 1},0.9384444444444444,0.9384574551025954,"{'bootstrap': True, 'ccp_alpha': 0.0, 'class_weight': 'balanced', 'criterion': 'gini', 'max_depth': 30, 'max_features': 'sqrt', 'max_leaf_nodes': None, 'max_samples': None, 'min_impurity_decrease': 0.0, 'min_samples_leaf': 1, 'min_samples_split': 2, 'min_weight_fraction_leaf': 0.0, 'monotonic_cst': None, 'n_estimators': 150, 'n_jobs': None, 'oob_score': False, 'random_state': 42, 'verbose': 0, 'warm_start': False}",47.335498332977295
Chinese_wine,9,20,2,10,LinearSVC,SMOTE,1,{'k_neighbors': 1},0.6698888888888889,0.6331345719318673,"{'C': np.float64(33.59818286283781), 'class_weight': 'balanced', 'dual': False, 'fit_intercept': True, 'intercept_scaling': 1, 'loss': 'squared_hinge', 'max_iter': 100, 'multi_class': 'ovr', 'penalty': 'l1', 'random_state': 42, 'tol': 0.001, 'verbose': 0}",4.4385411739349365
Chinese_wine,9,20,2,10,LogisticRegression,SMOTE,1,{'k_neighbors': 1},0.7848888888888889,0.7777617176453195,"{'C': np.float64(33.59818286283781), 'class_weight': None, 'dual': False, 'fit_intercept': True, 'intercept_scaling': 1, 'l1_ratio': None, 'max_iter': 100, 'multi_class': 'deprecated', 'n_jobs': None, 'penalty': 'l2', 'random_state': 42, 'solver': 'saga', 'tol': 0.0001, 'verbose': 0, 'warm_start': False}",5.199032306671143
Chinese_wine,9,20,2,10,RNN,SMOTE,1,{'k_neighbors': 1},0.4888888888888889,0.43062629625118976,"{'hidden_size': 64, 'epochs': 10, 'batch_size': 64, 'lr': 0.001}",817.0547206401825
Chinese_wine,9,20,2,10,KNN,SMOTE,2,{'k_neighbors': 2},0.9568888888888889,0.9569948383741524,"{'algorithm': 'auto', 'leaf_size': 30, 'metric': 'chebyshev', 'metric_params': None, 'n_jobs': None, 'n_neighbors': np.int64(5), 'p': 2, 'weights': 'uniform'}",1.1277835369110107
Chinese_wine,9,20,2,10,RandomForest,SMOTE,2,{'k_neighbors': 2},0.9385555555555556,0.9385136012306861,"{'bootstrap': True, 'ccp_alpha': 0.0, 'class_weight': 'balanced', 'criterion': 'gini', 'max_depth': None, 'max_features': 'sqrt', 'max_leaf_nodes': None, 'max_samples': None, 'min_impurity_decrease': 0.0, 'min_samples_leaf': 4, 'min_samples_split': 2, 'min_weight_fraction_leaf': 0.0, 'monotonic_cst': None, 'n_estimators': 50, 'n_jobs': None, 'oob_score': False, 'random_state': 42, 'verbose': 0, 'warm_start': False}",21.26655125617981
Chinese_wine,9,20,2,10,LinearSVC,SMOTE,2,{'k_neighbors': 2},0.7471111111111111,0.7279337776710361,"{'C': np.float64(0.2069138081114788), 'class_weight': 'balanced', 'dual': False, 'fit_intercept': True, 'intercept_scaling': 1, 'loss': 'squared_hinge', 'max_iter': 100, 'multi_class': 'ovr', 'penalty': 'l2', 'random_state': 42, 'tol': 0.001, 'verbose': 0}",1.4375061988830566
Chinese_wine,9,20,2,10,LogisticRegression,SMOTE,2,{'k_neighbors': 2},0.7871111111111111,0.7788359063662202,"{'C': np.float64(2.6366508987303554), 'class_weight': 'balanced', 'dual': False, 'fit_intercept': True, 'intercept_scaling': 1, 'l1_ratio': None, 'max_iter': 100, 'multi_class': 'deprecated', 'n_jobs': None, 'penalty': 'l1', 'random_state': 42, 'solver': 'saga', 'tol': 0.0001, 'verbose': 0, 'warm_start': False}",7.317507028579712
Chinese_wine,9,20,2,10,RNN,SMOTE,2,{'k_neighbors': 2},0.6444444444444445,0.6044858069085758,"{'hidden_size': 64, 'epochs': 10, 'batch_size': 64, 'lr': 0.001}",679.8856751918793
Chinese_wine,9,20,2,10,KNN,SMOTE,3,{'k_neighbors': 3},0.95,0.9500264049325019,"{'algorithm': 'auto', 'leaf_size': 30, 'metric': 'chebyshev', 'metric_params': None, 'n_jobs': None, 'n_neighbors': np.int64(5), 'p': 2, 'weights': 'uniform'}",0.5186188220977783
Chinese_wine,9,20,2,10,RandomForest,SMOTE,3,{'k_neighbors': 3},0.9383333333333334,0.9384499658456392,"{'bootstrap': True, 'ccp_alpha': 0.0, 'class_weight': None, 'criterion': 'gini', 'max_depth': None, 'max_features': 'sqrt', 'max_leaf_nodes': None, 'max_samples': None, 'min_impurity_decrease': 0.0, 'min_samples_leaf': 1, 'min_samples_split': 5, 'min_weight_fraction_leaf': 0.0, 'monotonic_cst': None, 'n_estimators': 150, 'n_jobs': None, 'oob_score': False, 'random_state': 42, 'verbose': 0, 'warm_start': False}",38.60022258758545
Chinese_wine,9,20,2,10,LinearSVC,SMOTE,3,{'k_neighbors': 3},0.6681111111111111,0.6325220541130109,"{'C': np.float64(33.59818286283781), 'class_weight': 'balanced', 'dual': False, 'fit_intercept': True, 'intercept_scaling': 1, 'loss': 'squared_hinge', 'max_iter': 100, 'multi_class': 'ovr', 'penalty': 'l1', 'random_state': 42, 'tol': 0.001, 'verbose': 0}",3.2538816928863525
Chinese_wine,9,20,2,10,LogisticRegression,SMOTE,3,{'k_neighbors': 3},0.6997777777777778,0.6787242901468626,"{'C': np.float64(6.1584821106602545), 'class_weight': 'balanced', 'dual': False, 'fit_intercept': False, 'intercept_scaling': 1, 'l1_ratio': None, 'max_iter': 100, 'multi_class': 'deprecated', 'n_jobs': None, 'penalty': 'l2', 'random_state': 42, 'solver': 'lbfgs', 'tol': 0.0001, 'verbose': 0, 'warm_start': False}",3.7448630332946777
Chinese_wine,9,20,2,10,RNN,SMOTE,3,{'k_neighbors': 3},0.7555555555555555,0.729940244214754,"{'hidden_size': 64, 'epochs': 10, 'batch_size': 64, 'lr': 0.001}",556.3450951576233
Chinese_wine,9,20,2,10,KNN,SMOTE,4,{'k_neighbors': 4},0.952,0.9520771690961689,"{'algorithm': 'auto', 'leaf_size': 30, 'metric': 'minkowski', 'metric_params': None, 'n_jobs': None, 'n_neighbors': np.int64(5), 'p': 3, 'weights': 'distance'}",0.5420336723327637
Chinese_wine,9,20,2,10,RandomForest,SMOTE,4,{'k_neighbors': 4},0.9432222222222222,0.9432176005994708,"{'bootstrap': True, 'ccp_alpha': 0.0, 'class_weight': 'balanced', 'criterion': 'gini', 'max_depth': None, 'max_features': 'sqrt', 'max_leaf_nodes': None, 'max_samples': None, 'min_impurity_decrease': 0.0, 'min_samples_leaf': 1, 'min_samples_split': 2, 'min_weight_fraction_leaf': 0.0, 'monotonic_cst': None, 'n_estimators': 50, 'n_jobs': None, 'oob_score': False, 'random_state': 42, 'verbose': 0, 'warm_start': False}",15.35486364364624
Chinese_wine,9,20,2,10,LinearSVC,SMOTE,4,{'k_neighbors': 4},0.6832222222222222,0.6541867161013571,"{'C': np.float64(183.29807108324337), 'class_weight': None, 'dual': False, 'fit_intercept': True, 'intercept_scaling': 1, 'loss': 'squared_hinge', 'max_iter': 100, 'multi_class': 'ovr', 'penalty': 'l1', 'random_state': 42, 'tol': 0.001, 'verbose': 0}",3.8487167358398438
Chinese_wine,9,20,2,10,LogisticRegression,SMOTE,4,{'k_neighbors': 4},0.7986666666666666,0.7911945661380556,"{'C': np.float64(33.59818286283781), 'class_weight': 'balanced', 'dual': False, 'fit_intercept': True, 'intercept_scaling': 1, 'l1_ratio': None, 'max_iter': 100, 'multi_class': 'deprecated', 'n_jobs': None, 'penalty': 'l1', 'random_state': 42, 'solver': 'saga', 'tol': 0.0001, 'verbose': 0, 'warm_start': False}",8.807196855545044
Chinese_wine,9,20,2,10,RNN,SMOTE,4,{'k_neighbors': 4},0.2222222222222222,0.10750000000000001,"{'hidden_size': 64, 'epochs': 10, 'batch_size': 64, 'lr': 0.001}",799.2331628799438
Chinese_wine,9,20,2,10,KNN,SMOTE,5,{'k_neighbors': 5},0.9603333333333334,0.9604479880722318,"{'algorithm': 'auto', 'leaf_size': 30, 'metric': 'chebyshev', 'metric_params': None, 'n_jobs': None, 'n_neighbors': np.int64(11), 'p': 2, 'weights': 'distance'}",0.21439099311828613
Chinese_wine,9,20,2,10,RandomForest,SMOTE,5,{'k_neighbors': 5},0.948,0.9480081685666796,"{'bootstrap': True, 'ccp_alpha': 0.0, 'class_weight': 'balanced', 'criterion': 'gini', 'max_depth': None, 'max_features': 'sqrt', 'max_leaf_nodes': None, 'max_samples': None, 'min_impurity_decrease': 0.0, 'min_samples_leaf': 2, 'min_samples_split': 2, 'min_weight_fraction_leaf': 0.0, 'monotonic_cst': None, 'n_estimators': 150, 'n_jobs': None, 'oob_score': False, 'random_state': 42, 'verbose': 0, 'warm_start': False}",53.243348836898804
Chinese_wine,9,20,2,10,LinearSVC,SMOTE,5,{'k_neighbors': 5},0.6785555555555556,0.6482280577475025,"{'C': np.float64(33.59818286283781), 'class_weight': 'balanced', 'dual': False, 'fit_intercept': True, 'intercept_scaling': 1, 'loss': 'squared_hinge', 'max_iter': 100, 'multi_class': 'ovr', 'penalty': 'l1', 'random_state': 42, 'tol': 0.001, 'verbose': 0}",4.033309459686279
Chinese_wine,9,20,2,10,LogisticRegression,SMOTE,5,{'k_neighbors': 5},0.7951111111111111,0.7873505636076491,"{'C': np.float64(1000.0), 'class_weight': 'balanced', 'dual': False, 'fit_intercept': True, 'intercept_scaling': 1, 'l1_ratio': None, 'max_iter': 100, 'multi_class': 'deprecated', 'n_jobs': None, 'penalty': 'l2', 'random_state': 42, 'solver': 'sag', 'tol': 0.0001, 'verbose': 0, 'warm_start': False}",4.161494493484497
Chinese_wine,9,20,2,10,RNN,SMOTE,5,{'k_neighbors': 5},0.7666666666666667,0.7173493173493174,"{'hidden_size': 64, 'epochs': 10, 'batch_size': 64, 'lr': 0.001}",127.57349824905396
Chinese_wine,9,20,3,1,KNN,Baseline,N/A,N/A,0.9386666666666666,0.9386264529291632,"{'algorithm': 'auto', 'leaf_size': 30, 'metric': 'minkowski', 'metric_params': None, 'n_jobs': None, 'n_neighbors': 5, 'p': 2, 'weights': 'uniform'}",0.3253769874572754
Chinese_wine,9,20,3,1,KNN,Tuned_Baseline,N/A,N/A,0.9445555555555556,0.9445848908804514,"{'algorithm': 'auto', 'leaf_size': 30, 'metric': 'minkowski', 'metric_params': None, 'n_jobs': None, 'n_neighbors': np.int64(5), 'p': 3, 'weights': 'distance'}",0.2273426055908203
Chinese_wine,9,20,3,1,RandomForest,Baseline,N/A,N/A,0.9124444444444444,0.9115478983007694,"{'bootstrap': True, 'ccp_alpha': 0.0, 'class_weight': None, 'criterion': 'gini', 'max_depth': None, 'max_features': 'sqrt', 'max_leaf_nodes': None, 'max_samples': None, 'min_impurity_decrease': 0.0, 'min_samples_leaf': 1, 'min_samples_split': 2, 'min_weight_fraction_leaf': 0.0, 'monotonic_cst': None, 'n_estimators': 100, 'n_jobs': None, 'oob_score': False, 'random_state': 42, 'verbose': 0, 'warm_start': False}",4.495607376098633
Chinese_wine,9,20,3,1,RandomForest,Tuned_Baseline,N/A,N/A,0.9167777777777778,0.9159739011766447,"{'bootstrap': True, 'ccp_alpha': 0.0, 'class_weight': 'balanced', 'criterion': 'gini', 'max_depth': 30, 'max_features': 'sqrt', 'max_leaf_nodes': None, 'max_samples': None, 'min_impurity_decrease': 0.0, 'min_samples_leaf': 1, 'min_samples_split': 2, 'min_weight_fraction_leaf': 0.0, 'monotonic_cst': None, 'n_estimators': 150, 'n_jobs': None, 'oob_score': False, 'random_state': 42, 'verbose': 0, 'warm_start': False}",0.10590147972106934
Chinese_wine,9,20,3,1,LinearSVC,Baseline,N/A,N/A,0.737,0.713379836650244,"{'C': 1.0, 'class_weight': None, 'dual': False, 'fit_intercept': True, 'intercept_scaling': 1, 'loss': 'squared_hinge', 'max_iter': 100, 'multi_class': 'ovr', 'penalty': 'l2', 'random_state': 42, 'tol': 0.0001, 'verbose': 0}",0.12158799171447754
Chinese_wine,9,20,3,1,LinearSVC,Tuned_Baseline,N/A,N/A,0.7402222222222222,0.71733575007431,"{'C': np.float64(1000.0), 'class_weight': 'balanced', 'dual': False, 'fit_intercept': True, 'intercept_scaling': 1, 'loss': 'squared_hinge', 'max_iter': 100, 'multi_class': 'ovr', 'penalty': 'l2', 'random_state': 42, 'tol': 0.001, 'verbose': 0}",0.0008068084716796875
Chinese_wine,9,20,3,1,LogisticRegression,Baseline,N/A,N/A,0.7883333333333333,0.7782954368350864,"{'C': 1.0, 'class_weight': None, 'dual': False, 'fit_intercept': True, 'intercept_scaling': 1, 'l1_ratio': None, 'max_iter': 100, 'multi_class': 'deprecated', 'n_jobs': None, 'penalty': 'l2', 'random_state': 42, 'solver': 'lbfgs', 'tol': 0.0001, 'verbose': 0, 'warm_start': False}",0.6640992164611816
Chinese_wine,9,20,3,1,LogisticRegression,Tuned_Baseline,N/A,N/A,0.8006666666666666,0.7929677416844806,"{'C': np.float64(33.59818286283781), 'class_weight': None, 'dual': False, 'fit_intercept': True, 'intercept_scaling': 1, 'l1_ratio': None, 'max_iter': 100, 'multi_class': 'deprecated', 'n_jobs': None, 'penalty': 'l2', 'random_state': 42, 'solver': 'saga', 'tol': 0.0001, 'verbose': 0, 'warm_start': False}",0.001135110855102539
Chinese_wine,9,20,3,1,RNN,Baseline,N/A,N/A,0.4,0.24915962715962717,"{'hidden_size': 64, 'epochs': 10, 'batch_size': 32, 'lr': 0.001}",5.7172651290893555
Chinese_wine,9,20,3,1,RNN,Tuned_Baseline,N/A,N/A,0.5,0.3759868449351208,"{'hidden_size': 64, 'epochs': 10, 'batch_size': 64, 'lr': 0.001}",1.2713212966918945
Chinese_wine,9,20,3,2,KNN,SMOTE,1,{'k_neighbors': 1},0.9381111111111111,0.9381465040619283,"{'algorithm': 'auto', 'leaf_size': 30, 'metric': 'minkowski', 'metric_params': None, 'n_jobs': None, 'n_neighbors': np.int64(11), 'p': 4, 'weights': 'distance'}",0.6116595268249512
Chinese_wine,9,20,3,2,RandomForest,SMOTE,1,{'k_neighbors': 1},0.9178888888888889,0.9171728321655388,"{'bootstrap': True, 'ccp_alpha': 0.0, 'class_weight': None, 'criterion': 'gini', 'max_depth': 20, 'max_features': 'sqrt', 'max_leaf_nodes': None, 'max_samples': None, 'min_impurity_decrease': 0.0, 'min_samples_leaf': 1, 'min_samples_split': 2, 'min_weight_fraction_leaf': 0.0, 'monotonic_cst': None, 'n_estimators': 100, 'n_jobs': None, 'oob_score': False, 'random_state': 42, 'verbose': 0, 'warm_start': False}",12.688615798950195
Chinese_wine,9,20,3,2,LinearSVC,SMOTE,1,{'k_neighbors': 1},0.663,0.6250442866873145,"{'C': np.float64(33.59818286283781), 'class_weight': 'balanced', 'dual': False, 'fit_intercept': True, 'intercept_scaling': 1, 'loss': 'squared_hinge', 'max_iter': 100, 'multi_class': 'ovr', 'penalty': 'l1', 'random_state': 42, 'tol': 0.0001, 'verbose': 0}",1.786217212677002
Chinese_wine,9,20,3,2,LogisticRegression,SMOTE,1,{'k_neighbors': 1},0.7993333333333333,0.7930083121142173,"{'C': np.float64(33.59818286283781), 'class_weight': 'balanced', 'dual': False, 'fit_intercept': True, 'intercept_scaling': 1, 'l1_ratio': None, 'max_iter': 100, 'multi_class': 'deprecated', 'n_jobs': None, 'penalty': 'l1', 'random_state': 42, 'solver': 'saga', 'tol': 0.0001, 'verbose': 0, 'warm_start': False}",5.511421203613281
Chinese_wine,9,20,3,2,RNN,SMOTE,1,{'k_neighbors': 1},0.4666666666666667,0.3440509474992233,"{'hidden_size': 64, 'epochs': 10, 'batch_size': 64, 'lr': 0.001}",167.91430974006653
Chinese_wine,9,20,3,2,KNN,SMOTE,2,{'k_neighbors': 2},0.9476666666666667,0.9477284609956862,"{'algorithm': 'auto', 'leaf_size': 30, 'metric': 'chebyshev', 'metric_params': None, 'n_jobs': None, 'n_neighbors': np.int64(11), 'p': 2, 'weights': 'distance'}",0.21461272239685059
Chinese_wine,9,20,3,2,RandomForest,SMOTE,2,{'k_neighbors': 2},0.9208888888888889,0.9198314469351779,"{'bootstrap': True, 'ccp_alpha': 0.0, 'class_weight': None, 'criterion': 'gini', 'max_depth': 20, 'max_features': 'sqrt', 'max_leaf_nodes': None, 'max_samples': None, 'min_impurity_decrease': 0.0, 'min_samples_leaf': 1, 'min_samples_split': 2, 'min_weight_fraction_leaf': 0.0, 'monotonic_cst': None, 'n_estimators': 100, 'n_jobs': None, 'oob_score': False, 'random_state': 42, 'verbose': 0, 'warm_start': False}",12.894484519958496
Chinese_wine,9,20,3,2,LinearSVC,SMOTE,2,{'k_neighbors': 2},0.7361111111111112,0.7125837592995614,"{'C': np.float64(1000.0), 'class_weight': 'balanced', 'dual': False, 'fit_intercept': True, 'intercept_scaling': 1, 'loss': 'squared_hinge', 'max_iter': 100, 'multi_class': 'ovr', 'penalty': 'l2', 'random_state': 42, 'tol': 0.001, 'verbose': 0}",0.5171539783477783
Chinese_wine,9,20,3,2,LogisticRegression,SMOTE,2,{'k_neighbors': 2},0.8032222222222222,0.7953279523345167,"{'C': np.float64(1000.0), 'class_weight': 'balanced', 'dual': False, 'fit_intercept': True, 'intercept_scaling': 1, 'l1_ratio': None, 'max_iter': 100, 'multi_class': 'deprecated', 'n_jobs': None, 'penalty': 'l2', 'random_state': 42, 'solver': 'sag', 'tol': 0.0001, 'verbose': 0, 'warm_start': False}",2.3087213039398193
Chinese_wine,9,20,3,2,RNN,SMOTE,2,{'k_neighbors': 2},0.4444444444444444,0.3056228956228956,"{'hidden_size': 64, 'epochs': 10, 'batch_size': 64, 'lr': 0.001}",164.61901831626892
Chinese_wine,9,20,3,2,KNN,SMOTE,3,{'k_neighbors': 3},0.9416666666666667,0.9417263620091532,"{'algorithm': 'auto', 'leaf_size': 30, 'metric': 'chebyshev', 'metric_params': None, 'n_jobs': None, 'n_neighbors': np.int64(11), 'p': 2, 'weights': 'distance'}",0.10599660873413086
Chinese_wine,9,20,3,2,RandomForest,SMOTE,3,{'k_neighbors': 3},0.8082222222222222,0.8072156527820441,"{'bootstrap': True, 'ccp_alpha': 0.0, 'class_weight': 'balanced', 'criterion': 'gini', 'max_depth': 10, 'max_features': 'sqrt', 'max_leaf_nodes': None, 'max_samples': None, 'min_impurity_decrease': 0.0, 'min_samples_leaf': 1, 'min_samples_split': 2, 'min_weight_fraction_leaf': 0.0, 'monotonic_cst': None, 'n_estimators': 100, 'n_jobs': None, 'oob_score': False, 'random_state': 42, 'verbose': 0, 'warm_start': False}",8.740075826644897
Chinese_wine,9,20,3,2,LinearSVC,SMOTE,3,{'k_neighbors': 3},0.7328888888888889,0.7074966299197325,"{'C': np.float64(1000.0), 'class_weight': 'balanced', 'dual': False, 'fit_intercept': True, 'intercept_scaling': 1, 'loss': 'squared_hinge', 'max_iter': 100, 'multi_class': 'ovr', 'penalty': 'l2', 'random_state': 42, 'tol': 0.001, 'verbose': 0}",0.270707368850708
Chinese_wine,9,20,3,2,LogisticRegression,SMOTE,3,{'k_neighbors': 3},0.7917777777777778,0.784757450361795,"{'C': np.float64(33.59818286283781), 'class_weight': 'balanced', 'dual': False, 'fit_intercept': True, 'intercept_scaling': 1, 'l1_ratio': None, 'max_iter': 100, 'multi_class': 'deprecated', 'n_jobs': None, 'penalty': 'l1', 'random_state': 42, 'solver': 'saga', 'tol': 0.0001, 'verbose': 0, 'warm_start': False}",2.970600128173828
Chinese_wine,9,20,3,2,RNN,SMOTE,3,{'k_neighbors': 3},0.4,0.2496369530852289,"{'hidden_size': 64, 'epochs': 10, 'batch_size': 64, 'lr': 0.001}",164.3452844619751
Chinese_wine,9,20,3,2,KNN,SMOTE,4,{'k_neighbors': 4},0.9453333333333334,0.9453792680136517,"{'algorithm': 'auto', 'leaf_size': 30, 'metric': 'chebyshev', 'metric_params': None, 'n_jobs': None, 'n_neighbors': np.int64(11), 'p': 2, 'weights': 'distance'}",0.10788679122924805
Chinese_wine,9,20,3,2,RandomForest,SMOTE,4,{'k_neighbors': 4},0.8033333333333333,0.801455571078312,"{'bootstrap': True, 'ccp_alpha': 0.0, 'class_weight': 'balanced', 'criterion': 'gini', 'max_depth': 10, 'max_features': 'sqrt', 'max_leaf_nodes': None, 'max_samples': None, 'min_impurity_decrease': 0.0, 'min_samples_leaf': 1, 'min_samples_split': 2, 'min_weight_fraction_leaf': 0.0, 'monotonic_cst': None, 'n_estimators': 100, 'n_jobs': None, 'oob_score': False, 'random_state': 42, 'verbose': 0, 'warm_start': False}",8.852558135986328
Chinese_wine,9,20,3,2,LinearSVC,SMOTE,4,{'k_neighbors': 4},0.7476666666666667,0.7271465780925305,"{'C': np.float64(1000.0), 'class_weight': 'balanced', 'dual': False, 'fit_intercept': True, 'intercept_scaling': 1, 'loss': 'squared_hinge', 'max_iter': 100, 'multi_class': 'ovr', 'penalty': 'l2', 'random_state': 42, 'tol': 0.001, 'verbose': 0}",0.543503999710083
Chinese_wine,9,20,3,2,LogisticRegression,SMOTE,4,{'k_neighbors': 4},0.6983333333333334,0.6768418938787174,"{'C': np.float64(183.29807108324337), 'class_weight': None, 'dual': False, 'fit_intercept': False, 'intercept_scaling': 1, 'l1_ratio': None, 'max_iter': 100, 'multi_class': 'deprecated', 'n_jobs': None, 'penalty': 'l2', 'random_state': 42, 'solver': 'sag', 'tol': 0.0001, 'verbose': 0, 'warm_start': False}",0.4090001583099365
Chinese_wine,9,20,3,2,RNN,SMOTE,4,{'k_neighbors': 4},0.4444444444444444,0.3141343562668426,"{'hidden_size': 64, 'epochs': 10, 'batch_size': 64, 'lr': 0.001}",172.80027651786804
Chinese_wine,9,20,3,2,KNN,SMOTE,5,{'k_neighbors': 5},0.9462222222222222,0.946297646638965,"{'algorithm': 'auto', 'leaf_size': 30, 'metric': 'minkowski', 'metric_params': None, 'n_jobs': None, 'n_neighbors': np.int64(13), 'p': 4, 'weights': 'distance'}",0.454282283782959
Chinese_wine,9,20,3,2,RandomForest,SMOTE,5,{'k_neighbors': 5},0.8015555555555556,0.8003201385984215,"{'bootstrap': True, 'ccp_alpha': 0.0, 'class_weight': 'balanced', 'criterion': 'gini', 'max_depth': 10, 'max_features': 'sqrt', 'max_leaf_nodes': None, 'max_samples': None, 'min_impurity_decrease': 0.0, 'min_samples_leaf': 1, 'min_samples_split': 2, 'min_weight_fraction_leaf': 0.0, 'monotonic_cst': None, 'n_estimators': 100, 'n_jobs': None, 'oob_score': False, 'random_state': 42, 'verbose': 0, 'warm_start': False}",7.953442811965942
Chinese_wine,9,20,3,2,LinearSVC,SMOTE,5,{'k_neighbors': 5},0.6702222222222223,0.6362362034535604,"{'C': np.float64(183.29807108324337), 'class_weight': 'balanced', 'dual': False, 'fit_intercept': True, 'intercept_scaling': 1, 'loss': 'squared_hinge', 'max_iter': 100, 'multi_class': 'ovr', 'penalty': 'l1', 'random_state': 42, 'tol': 0.0001, 'verbose': 0}",0.8460640907287598
Chinese_wine,9,20,3,2,LogisticRegression,SMOTE,5,{'k_neighbors': 5},0.6993333333333334,0.679871432039708,"{'C': np.float64(183.29807108324337), 'class_weight': 'balanced', 'dual': False, 'fit_intercept': False, 'intercept_scaling': 1, 'l1_ratio': None, 'max_iter': 100, 'multi_class': 'deprecated', 'n_jobs': None, 'penalty': 'l2', 'random_state': 42, 'solver': 'sag', 'tol': 0.0001, 'verbose': 0, 'warm_start': False}",0.3525567054748535
Chinese_wine,9,20,3,2,RNN,SMOTE,5,{'k_neighbors': 5},0.45555555555555555,0.32893910056381453,"{'hidden_size': 64, 'epochs': 10, 'batch_size': 64, 'lr': 0.001}",121.65685057640076
Chinese_wine,9,20,3,3,KNN,SMOTE,1,{'k_neighbors': 1},0.9415555555555556,0.9416363888144782,"{'algorithm': 'auto', 'leaf_size': 30, 'metric': 'euclidean', 'metric_params': None, 'n_jobs': None, 'n_neighbors': np.int64(9), 'p': 2, 'weights': 'distance'}",0.17801523208618164
Chinese_wine,9,20,3,3,RandomForest,SMOTE,1,{'k_neighbors': 1},0.9221111111111111,0.921602816829144,"{'bootstrap': True, 'ccp_alpha': 0.0, 'class_weight': 'balanced', 'criterion': 'gini', 'max_depth': 30, 'max_features': 'sqrt', 'max_leaf_nodes': None, 'max_samples': None, 'min_impurity_decrease': 0.0, 'min_samples_leaf': 1, 'min_samples_split': 2, 'min_weight_fraction_leaf': 0.0, 'monotonic_cst': None, 'n_estimators': 150, 'n_jobs': None, 'oob_score': False, 'random_state': 42, 'verbose': 0, 'warm_start': False}",38.95882606506348
Chinese_wine,9,20,3,3,LinearSVC,SMOTE,1,{'k_neighbors': 1},0.6541111111111111,0.6116936534153958,"{'C': np.float64(33.59818286283781), 'class_weight': 'balanced', 'dual': False, 'fit_intercept': True, 'intercept_scaling': 1, 'loss': 'squared_hinge', 'max_iter': 100, 'multi_class': 'ovr', 'penalty': 'l1', 'random_state': 42, 'tol': 0.001, 'verbose': 0}",1.5101046562194824
Chinese_wine,9,20,3,3,LogisticRegression,SMOTE,1,{'k_neighbors': 1},0.7964444444444444,0.7907302722786032,"{'C': np.float64(33.59818286283781), 'class_weight': 'balanced', 'dual': False, 'fit_intercept': True, 'intercept_scaling': 1, 'l1_ratio': None, 'max_iter': 100, 'multi_class': 'deprecated', 'n_jobs': None, 'penalty': 'l1', 'random_state': 42, 'solver': 'saga', 'tol': 0.0001, 'verbose': 0, 'warm_start': False}",7.8195061683654785
Chinese_wine,9,20,3,3,RNN,SMOTE,1,{'k_neighbors': 1},0.5111111111111111,0.41534213870420766,"{'hidden_size': 64, 'epochs': 10, 'batch_size': 64, 'lr': 0.001}",248.06142663955688
Chinese_wine,9,20,3,3,KNN,SMOTE,2,{'k_neighbors': 2},0.9467777777777778,0.9468266178810733,"{'algorithm': 'auto', 'leaf_size': 30, 'metric': 'minkowski', 'metric_params': None, 'n_jobs': None, 'n_neighbors': np.int64(5), 'p': 3, 'weights': 'distance'}",0.44840455055236816
Chinese_wine,9,20,3,3,RandomForest,SMOTE,2,{'k_neighbors': 2},0.9195555555555556,0.9185627572023236,"{'bootstrap': True, 'ccp_alpha': 0.0, 'class_weight': 'balanced', 'criterion': 'gini', 'max_depth': 30, 'max_features': 'sqrt', 'max_leaf_nodes': None, 'max_samples': None, 'min_impurity_decrease': 0.0, 'min_samples_leaf': 1, 'min_samples_split': 2, 'min_weight_fraction_leaf': 0.0, 'monotonic_cst': None, 'n_estimators': 150, 'n_jobs': None, 'oob_score': False, 'random_state': 42, 'verbose': 0, 'warm_start': False}",26.65235447883606
Chinese_wine,9,20,3,3,LinearSVC,SMOTE,2,{'k_neighbors': 2},0.7353333333333333,0.7127287433928745,"{'C': np.float64(0.4832930238571752), 'class_weight': 'balanced', 'dual': False, 'fit_intercept': True, 'intercept_scaling': 1, 'loss': 'squared_hinge', 'max_iter': 100, 'multi_class': 'ovr', 'penalty': 'l2', 'random_state': 42, 'tol': 0.0001, 'verbose': 0}",0.43056225776672363
Chinese_wine,9,20,3,3,LogisticRegression,SMOTE,2,{'k_neighbors': 2},0.7978888888888889,0.7920217138653327,"{'C': np.float64(183.29807108324337), 'class_weight': 'balanced', 'dual': False, 'fit_intercept': True, 'intercept_scaling': 1, 'l1_ratio': None, 'max_iter': 100, 'multi_class': 'deprecated', 'n_jobs': None, 'penalty': 'l1', 'random_state': 42, 'solver': 'saga', 'tol': 0.0001, 'verbose': 0, 'warm_start': False}",7.742838144302368
Chinese_wine,9,20,3,3,RNN,SMOTE,2,{'k_neighbors': 2},0.43333333333333335,0.2979701644829565,"{'hidden_size': 64, 'epochs': 10, 'batch_size': 64, 'lr': 0.001}",245.07524228096008
Chinese_wine,9,20,3,3,KNN,SMOTE,3,{'k_neighbors': 3},0.9405555555555556,0.9403955605600216,"{'algorithm': 'auto', 'leaf_size': 30, 'metric': 'minkowski', 'metric_params': None, 'n_jobs': None, 'n_neighbors': np.int64(5), 'p': 3, 'weights': 'distance'}",0.9920172691345215
Chinese_wine,9,20,3,3,RandomForest,SMOTE,3,{'k_neighbors': 3},0.9214444444444444,0.9206503274108289,"{'bootstrap': True, 'ccp_alpha': 0.0, 'class_weight': None, 'criterion': 'gini', 'max_depth': 20, 'max_features': 'sqrt', 'max_leaf_nodes': None, 'max_samples': None, 'min_impurity_decrease': 0.0, 'min_samples_leaf': 1, 'min_samples_split': 2, 'min_weight_fraction_leaf': 0.0, 'monotonic_cst': None, 'n_estimators': 100, 'n_jobs': None, 'oob_score': False, 'random_state': 42, 'verbose': 0, 'warm_start': False}",25.563584089279175
Chinese_wine,9,20,3,3,LinearSVC,SMOTE,3,{'k_neighbors': 3},0.6595555555555556,0.6186824309964692,"{'C': np.float64(183.29807108324337), 'class_weight': None, 'dual': False, 'fit_intercept': True, 'intercept_scaling': 1, 'loss': 'squared_hinge', 'max_iter': 100, 'multi_class': 'ovr', 'penalty': 'l1', 'random_state': 42, 'tol': 0.001, 'verbose': 0}",1.467224359512329
Chinese_wine,9,20,3,3,LogisticRegression,SMOTE,3,{'k_neighbors': 3},0.7846666666666666,0.7773575829503889,"{'C': np.float64(1000.0), 'class_weight': 'balanced', 'dual': False, 'fit_intercept': True, 'intercept_scaling': 1, 'l1_ratio': None, 'max_iter': 100, 'multi_class': 'deprecated', 'n_jobs': None, 'penalty': 'l2', 'random_state': 42, 'solver': 'sag', 'tol': 0.0001, 'verbose': 0, 'warm_start': False}",2.476541042327881
Chinese_wine,9,20,3,3,RNN,SMOTE,3,{'k_neighbors': 3},0.5111111111111111,0.41408364920779,"{'hidden_size': 64, 'epochs': 10, 'batch_size': 64, 'lr': 0.001}",238.06257820129395
Chinese_wine,9,20,3,3,KNN,SMOTE,4,{'k_neighbors': 4},0.9484444444444444,0.9485158390595477,"{'algorithm': 'auto', 'leaf_size': 30, 'metric': 'minkowski', 'metric_params': None, 'n_jobs': None, 'n_neighbors': np.int64(13), 'p': 4, 'weights': 'distance'}",0.5606338977813721
Chinese_wine,9,20,3,3,RandomForest,SMOTE,4,{'k_neighbors': 4},0.9213333333333333,0.9204499356607225,"{'bootstrap': True, 'ccp_alpha': 0.0, 'class_weight': 'balanced', 'criterion': 'gini', 'max_depth': None, 'max_features': 'sqrt', 'max_leaf_nodes': None, 'max_samples': None, 'min_impurity_decrease': 0.0, 'min_samples_leaf': 1, 'min_samples_split': 2, 'min_weight_fraction_leaf': 0.0, 'monotonic_cst': None, 'n_estimators': 50, 'n_jobs': None, 'oob_score': False, 'random_state': 42, 'verbose': 0, 'warm_start': False}",12.541411876678467
Chinese_wine,9,20,3,3,LinearSVC,SMOTE,4,{'k_neighbors': 4},0.7478888888888889,0.7276280772843945,"{'C': np.float64(6.1584821106602545), 'class_weight': None, 'dual': False, 'fit_intercept': True, 'intercept_scaling': 1, 'loss': 'squared_hinge', 'max_iter': 100, 'multi_class': 'ovr', 'penalty': 'l2', 'random_state': 42, 'tol': 0.0001, 'verbose': 0}",0.42956089973449707
Chinese_wine,9,20,3,3,LogisticRegression,SMOTE,4,{'k_neighbors': 4},0.812,0.8034833761559019,"{'C': np.float64(33.59818286283781), 'class_weight': 'balanced', 'dual': False, 'fit_intercept': True, 'intercept_scaling': 1, 'l1_ratio': None, 'max_iter': 100, 'multi_class': 'deprecated', 'n_jobs': None, 'penalty': 'l1', 'random_state': 42, 'solver': 'saga', 'tol': 0.0001, 'verbose': 0, 'warm_start': False}",7.479549407958984
Chinese_wine,9,20,3,3,RNN,SMOTE,4,{'k_neighbors': 4},0.6222222222222222,0.5616068245480009,"{'hidden_size': 64, 'epochs': 10, 'batch_size': 64, 'lr': 0.001}",229.97170305252075
Chinese_wine,9,20,3,3,KNN,SMOTE,5,{'k_neighbors': 5},0.9486666666666667,0.9487779680319475,"{'algorithm': 'auto', 'leaf_size': 30, 'metric': 'minkowski', 'metric_params': None, 'n_jobs': None, 'n_neighbors': np.int64(11), 'p': 4, 'weights': 'distance'}",0.45928192138671875
Chinese_wine,9,20,3,3,RandomForest,SMOTE,5,{'k_neighbors': 5},0.9133333333333333,0.9121894783773334,"{'bootstrap': True, 'ccp_alpha': 0.0, 'class_weight': None, 'criterion': 'gini', 'max_depth': 20, 'max_features': 'sqrt', 'max_leaf_nodes': None, 'max_samples': None, 'min_impurity_decrease': 0.0, 'min_samples_leaf': 1, 'min_samples_split': 2, 'min_weight_fraction_leaf': 0.0, 'monotonic_cst': None, 'n_estimators': 100, 'n_jobs': None, 'oob_score': False, 'random_state': 42, 'verbose': 0, 'warm_start': False}",16.877164602279663
Chinese_wine,9,20,3,3,LinearSVC,SMOTE,5,{'k_neighbors': 5},0.6645555555555556,0.6290542293423157,"{'C': np.float64(33.59818286283781), 'class_weight': 'balanced', 'dual': False, 'fit_intercept': True, 'intercept_scaling': 1, 'loss': 'squared_hinge', 'max_iter': 100, 'multi_class': 'ovr', 'penalty': 'l1', 'random_state': 42, 'tol': 0.0001, 'verbose': 0}",1.3696413040161133
Chinese_wine,9,20,3,3,LogisticRegression,SMOTE,5,{'k_neighbors': 5},0.8026666666666666,0.7944294144645727,"{'C': np.float64(1000.0), 'class_weight': 'balanced', 'dual': False, 'fit_intercept': True, 'intercept_scaling': 1, 'l1_ratio': None, 'max_iter': 100, 'multi_class': 'deprecated', 'n_jobs': None, 'penalty': 'l2', 'random_state': 42, 'solver': 'sag', 'tol': 0.0001, 'verbose': 0, 'warm_start': False}",2.4892635345458984
Chinese_wine,9,20,3,3,RNN,SMOTE,5,{'k_neighbors': 5},0.5666666666666667,0.4730055465428664,"{'hidden_size': 64, 'epochs': 10, 'batch_size': 64, 'lr': 0.001}",241.22969102859497
Chinese_wine,9,20,3,5,KNN,SMOTE,1,{'k_neighbors': 1},0.942,0.9419209709214469,"{'algorithm': 'auto', 'leaf_size': 30, 'metric': 'chebyshev', 'metric_params': None, 'n_jobs': None, 'n_neighbors': np.int64(11), 'p': 2, 'weights': 'distance'}",0.1772899627685547
Chinese_wine,9,20,3,5,RandomForest,SMOTE,1,{'k_neighbors': 1},0.9174444444444444,0.9168289901033274,"{'bootstrap': True, 'ccp_alpha': 0.0, 'class_weight': 'balanced', 'criterion': 'gini', 'max_depth': None, 'max_features': 'sqrt', 'max_leaf_nodes': None, 'max_samples': None, 'min_impurity_decrease': 0.0, 'min_samples_leaf': 1, 'min_samples_split': 2, 'min_weight_fraction_leaf': 0.0, 'monotonic_cst': None, 'n_estimators': 50, 'n_jobs': None, 'oob_score': False, 'random_state': 42, 'verbose': 0, 'warm_start': False}",17.81850004196167
Chinese_wine,9,20,3,5,LinearSVC,SMOTE,1,{'k_neighbors': 1},0.7384444444444445,0.7167263378239601,"{'C': np.float64(0.4832930238571752), 'class_weight': 'balanced', 'dual': False, 'fit_intercept': True, 'intercept_scaling': 1, 'loss': 'squared_hinge', 'max_iter': 100, 'multi_class': 'ovr', 'penalty': 'l2', 'random_state': 42, 'tol': 0.0001, 'verbose': 0}",1.3688459396362305
Chinese_wine,9,20,3,5,LogisticRegression,SMOTE,1,{'k_neighbors': 1},0.6952222222222222,0.6713365274227518,"{'C': np.float64(6.1584821106602545), 'class_weight': 'balanced', 'dual': False, 'fit_intercept': False, 'intercept_scaling': 1, 'l1_ratio': None, 'max_iter': 100, 'multi_class': 'deprecated', 'n_jobs': None, 'penalty': 'l2', 'random_state': 42, 'solver': 'lbfgs', 'tol': 0.0001, 'verbose': 0, 'warm_start': False}",4.773382663726807
Chinese_wine,9,20,3,5,RNN,SMOTE,1,{'k_neighbors': 1},0.5,0.4106787798846004,"{'hidden_size': 64, 'epochs': 10, 'batch_size': 64, 'lr': 0.001}",420.1682770252228
Chinese_wine,9,20,3,5,KNN,SMOTE,2,{'k_neighbors': 2},0.948,0.947874414506862,"{'algorithm': 'auto', 'leaf_size': 30, 'metric': 'chebyshev', 'metric_params': None, 'n_jobs': None, 'n_neighbors': np.int64(11), 'p': 2, 'weights': 'distance'}",0.1954813003540039
Chinese_wine,9,20,3,5,RandomForest,SMOTE,2,{'k_neighbors': 2},0.9248888888888889,0.9239825972782136,"{'bootstrap': True, 'ccp_alpha': 0.0, 'class_weight': 'balanced', 'criterion': 'gini', 'max_depth': None, 'max_features': 'sqrt', 'max_leaf_nodes': None, 'max_samples': None, 'min_impurity_decrease': 0.0, 'min_samples_leaf': 1, 'min_samples_split': 5, 'min_weight_fraction_leaf': 0.0, 'monotonic_cst': None, 'n_estimators': 50, 'n_jobs': None, 'oob_score': False, 'random_state': 42, 'verbose': 0, 'warm_start': False}",24.948784351348877
Chinese_wine,9,20,3,5,LinearSVC,SMOTE,2,{'k_neighbors': 2},0.6617777777777778,0.6210203232169442,"{'C': np.float64(33.59818286283781), 'class_weight': None, 'dual': False, 'fit_intercept': True, 'intercept_scaling': 1, 'loss': 'squared_hinge', 'max_iter': 100, 'multi_class': 'ovr', 'penalty': 'l1', 'random_state': 42, 'tol': 0.001, 'verbose': 0}",4.150811195373535
Chinese_wine,9,20,3,5,LogisticRegression,SMOTE,2,{'k_neighbors': 2},0.6934444444444444,0.6715452709880905,"{'C': np.float64(183.29807108324337), 'class_weight': None, 'dual': False, 'fit_intercept': False, 'intercept_scaling': 1, 'l1_ratio': None, 'max_iter': 100, 'multi_class': 'deprecated', 'n_jobs': None, 'penalty': 'l2', 'random_state': 42, 'solver': 'sag', 'tol': 0.0001, 'verbose': 0, 'warm_start': False}",1.386286973953247
Chinese_wine,9,20,3,5,RNN,SMOTE,2,{'k_neighbors': 2},0.5444444444444444,0.45397889446617945,"{'hidden_size': 64, 'epochs': 10, 'batch_size': 64, 'lr': 0.001}",322.4264326095581
Chinese_wine,9,20,3,5,KNN,SMOTE,3,{'k_neighbors': 3},0.947,0.9469374282293584,"{'algorithm': 'auto', 'leaf_size': 30, 'metric': 'minkowski', 'metric_params': None, 'n_jobs': None, 'n_neighbors': np.int64(15), 'p': 4, 'weights': 'distance'}",0.5475482940673828
Chinese_wine,9,20,3,5,RandomForest,SMOTE,3,{'k_neighbors': 3},0.9233333333333333,0.922588597681992,"{'bootstrap': True, 'ccp_alpha': 0.0, 'class_weight': 'balanced', 'criterion': 'gini', 'max_depth': None, 'max_features': 'sqrt', 'max_leaf_nodes': None, 'max_samples': None, 'min_impurity_decrease': 0.0, 'min_samples_leaf': 2, 'min_samples_split': 2, 'min_weight_fraction_leaf': 0.0, 'monotonic_cst': None, 'n_estimators': 150, 'n_jobs': None, 'oob_score': False, 'random_state': 42, 'verbose': 0, 'warm_start': False}",53.60011172294617
Chinese_wine,9,20,3,5,LinearSVC,SMOTE,3,{'k_neighbors': 3},0.744,0.721894706513696,"{'C': np.float64(0.4832930238571752), 'class_weight': 'balanced', 'dual': False, 'fit_intercept': True, 'intercept_scaling': 1, 'loss': 'squared_hinge', 'max_iter': 100, 'multi_class': 'ovr', 'penalty': 'l2', 'random_state': 42, 'tol': 0.0001, 'verbose': 0}",1.321943998336792
Chinese_wine,9,20,3,5,LogisticRegression,SMOTE,3,{'k_neighbors': 3},0.6975555555555556,0.6771987548752958,"{'C': np.float64(183.29807108324337), 'class_weight': None, 'dual': False, 'fit_intercept': False, 'intercept_scaling': 1, 'l1_ratio': None, 'max_iter': 100, 'multi_class': 'deprecated', 'n_jobs': None, 'penalty': 'l2', 'random_state': 42, 'solver': 'sag', 'tol': 0.0001, 'verbose': 0, 'warm_start': False}",1.2398653030395508
Chinese_wine,9,20,3,5,RNN,SMOTE,3,{'k_neighbors': 3},0.6666666666666666,0.6019731133064466,"{'hidden_size': 64, 'epochs': 10, 'batch_size': 64, 'lr': 0.001}",434.37130403518677
Chinese_wine,9,20,3,5,KNN,SMOTE,4,{'k_neighbors': 4},0.9514444444444444,0.9513504794570488,"{'algorithm': 'auto', 'leaf_size': 30, 'metric': 'chebyshev', 'metric_params': None, 'n_jobs': None, 'n_neighbors': np.int64(11), 'p': 2, 'weights': 'distance'}",0.18007326126098633
Chinese_wine,9,20,3,5,RandomForest,SMOTE,4,{'k_neighbors': 4},0.916,0.9149820609880911,"{'bootstrap': True, 'ccp_alpha': 0.0, 'class_weight': 'balanced', 'criterion': 'gini', 'max_depth': 30, 'max_features': 'sqrt', 'max_leaf_nodes': None, 'max_samples': None, 'min_impurity_decrease': 0.0, 'min_samples_leaf': 1, 'min_samples_split': 2, 'min_weight_fraction_leaf': 0.0, 'monotonic_cst': None, 'n_estimators': 150, 'n_jobs': None, 'oob_score': False, 'random_state': 42, 'verbose': 0, 'warm_start': False}",54.46785259246826
Chinese_wine,9,20,3,5,LinearSVC,SMOTE,4,{'k_neighbors': 4},0.6678888888888889,0.6347953661350211,"{'C': np.float64(33.59818286283781), 'class_weight': 'balanced', 'dual': False, 'fit_intercept': True, 'intercept_scaling': 1, 'loss': 'squared_hinge', 'max_iter': 100, 'multi_class': 'ovr', 'penalty': 'l1', 'random_state': 42, 'tol': 0.001, 'verbose': 0}",2.476306438446045
Chinese_wine,9,20,3,5,LogisticRegression,SMOTE,4,{'k_neighbors': 4},0.8026666666666666,0.794356034561085,"{'C': np.float64(183.29807108324337), 'class_weight': None, 'dual': False, 'fit_intercept': True, 'intercept_scaling': 1, 'l1_ratio': None, 'max_iter': 100, 'multi_class': 'deprecated', 'n_jobs': None, 'penalty': 'l2', 'random_state': 42, 'solver': 'saga', 'tol': 0.0001, 'verbose': 0, 'warm_start': False}",7.364016771316528
Chinese_wine,9,20,3,5,RNN,SMOTE,4,{'k_neighbors': 4},0.6222222222222222,0.544419191919192,"{'hidden_size': 64, 'epochs': 10, 'batch_size': 64, 'lr': 0.001}",424.2091417312622
Chinese_wine,9,20,3,5,KNN,SMOTE,5,{'k_neighbors': 5},0.9425555555555556,0.9424862876625513,"{'algorithm': 'auto', 'leaf_size': 30, 'metric': 'minkowski', 'metric_params': None, 'n_jobs': None, 'n_neighbors': np.int64(5), 'p': 3, 'weights': 'distance'}",0.4770352840423584
Chinese_wine,9,20,3,5,RandomForest,SMOTE,5,{'k_neighbors': 5},0.9301111111111111,0.9296285152193066,"{'bootstrap': True, 'ccp_alpha': 0.0, 'class_weight': 'balanced', 'criterion': 'gini', 'max_depth': 30, 'max_features': 'sqrt', 'max_leaf_nodes': None, 'max_samples': None, 'min_impurity_decrease': 0.0, 'min_samples_leaf': 1, 'min_samples_split': 2, 'min_weight_fraction_leaf': 0.0, 'monotonic_cst': None, 'n_estimators': 150, 'n_jobs': None, 'oob_score': False, 'random_state': 42, 'verbose': 0, 'warm_start': False}",59.088828325271606
Chinese_wine,9,20,3,5,LinearSVC,SMOTE,5,{'k_neighbors': 5},0.7414444444444445,0.7200348727949083,"{'C': np.float64(1000.0), 'class_weight': 'balanced', 'dual': False, 'fit_intercept': True, 'intercept_scaling': 1, 'loss': 'squared_hinge', 'max_iter': 100, 'multi_class': 'ovr', 'penalty': 'l2', 'random_state': 42, 'tol': 0.001, 'verbose': 0}",0.6634728908538818
Chinese_wine,9,20,3,5,LogisticRegression,SMOTE,5,{'k_neighbors': 5},0.7052222222222222,0.6861765572527008,"{'C': np.float64(183.29807108324337), 'class_weight': None, 'dual': False, 'fit_intercept': False, 'intercept_scaling': 1, 'l1_ratio': None, 'max_iter': 100, 'multi_class': 'deprecated', 'n_jobs': None, 'penalty': 'l2', 'random_state': 42, 'solver': 'sag', 'tol': 0.0001, 'verbose': 0, 'warm_start': False}",1.3345727920532227
Chinese_wine,9,20,3,5,RNN,SMOTE,5,{'k_neighbors': 5},0.5555555555555556,0.46020150957037353,"{'hidden_size': 64, 'epochs': 10, 'batch_size': 64, 'lr': 0.001}",411.3155097961426
Chinese_wine,9,20,3,10,KNN,SMOTE,1,{'k_neighbors': 1},0.9402222222222222,0.9401584732915116,"{'algorithm': 'auto', 'leaf_size': 30, 'metric': 'chebyshev', 'metric_params': None, 'n_jobs': None, 'n_neighbors': np.int64(11), 'p': 2, 'weights': 'distance'}",0.21240687370300293
Chinese_wine,9,20,3,10,RandomForest,SMOTE,1,{'k_neighbors': 1},0.9231111111111111,0.9224389879810917,"{'bootstrap': True, 'ccp_alpha': 0.0, 'class_weight': 'balanced', 'criterion': 'gini', 'max_depth': None, 'max_features': 'sqrt', 'max_leaf_nodes': None, 'max_samples': None, 'min_impurity_decrease': 0.0, 'min_samples_leaf': 1, 'min_samples_split': 2, 'min_weight_fraction_leaf': 0.0, 'monotonic_cst': None, 'n_estimators': 50, 'n_jobs': None, 'oob_score': False, 'random_state': 42, 'verbose': 0, 'warm_start': False}",20.16089963912964
Chinese_wine,9,20,3,10,LinearSVC,SMOTE,1,{'k_neighbors': 1},0.6592222222222223,0.6196807027327527,"{'C': np.float64(183.29807108324337), 'class_weight': 'balanced', 'dual': False, 'fit_intercept': True, 'intercept_scaling': 1, 'loss': 'squared_hinge', 'max_iter': 100, 'multi_class': 'ovr', 'penalty': 'l1', 'random_state': 42, 'tol': 0.0001, 'verbose': 0}",6.43996524810791
Chinese_wine,9,20,3,10,LogisticRegression,SMOTE,1,{'k_neighbors': 1},0.7991111111111111,0.7927456977311769,"{'C': np.float64(1000.0), 'class_weight': 'balanced', 'dual': False, 'fit_intercept': True, 'intercept_scaling': 1, 'l1_ratio': None, 'max_iter': 100, 'multi_class': 'deprecated', 'n_jobs': None, 'penalty': 'l2', 'random_state': 42, 'solver': 'sag', 'tol': 0.0001, 'verbose': 0, 'warm_start': False}",5.692318677902222
Chinese_wine,9,20,3,10,RNN,SMOTE,1,{'k_neighbors': 1},0.7111111111111111,0.6781232964566297,"{'hidden_size': 64, 'epochs': 10, 'batch_size': 64, 'lr': 0.001}",791.4050257205963
Chinese_wine,9,20,3,10,KNN,SMOTE,2,{'k_neighbors': 2},0.9482222222222222,0.9482632068606811,"{'algorithm': 'auto', 'leaf_size': 30, 'metric': 'minkowski', 'metric_params': None, 'n_jobs': None, 'n_neighbors': np.int64(5), 'p': 3, 'weights': 'distance'}",0.4539022445678711
Chinese_wine,9,20,3,10,RandomForest,SMOTE,2,{'k_neighbors': 2},0.9236666666666666,0.9228243819916505,"{'bootstrap': True, 'ccp_alpha': 0.0, 'class_weight': 'balanced', 'criterion': 'gini', 'max_depth': None, 'max_features': 'sqrt', 'max_leaf_nodes': None, 'max_samples': None, 'min_impurity_decrease': 0.0, 'min_samples_leaf': 2, 'min_samples_split': 2, 'min_weight_fraction_leaf': 0.0, 'monotonic_cst': None, 'n_estimators': 150, 'n_jobs': None, 'oob_score': False, 'random_state': 42, 'verbose': 0, 'warm_start': False}",45.64230418205261
Chinese_wine,9,20,3,10,LinearSVC,SMOTE,2,{'k_neighbors': 2},0.658,0.6181815521994334,"{'C': np.float64(183.29807108324337), 'class_weight': 'balanced', 'dual': False, 'fit_intercept': True, 'intercept_scaling': 1, 'loss': 'squared_hinge', 'max_iter': 100, 'multi_class': 'ovr', 'penalty': 'l1', 'random_state': 42, 'tol': 0.0001, 'verbose': 0}",3.766162633895874
Chinese_wine,9,20,3,10,LogisticRegression,SMOTE,2,{'k_neighbors': 2},0.7983333333333333,0.7910034277787038,"{'C': np.float64(1000.0), 'class_weight': 'balanced', 'dual': False, 'fit_intercept': True, 'intercept_scaling': 1, 'l1_ratio': None, 'max_iter': 100, 'multi_class': 'deprecated', 'n_jobs': None, 'penalty': 'l2', 'random_state': 42, 'solver': 'sag', 'tol': 0.0001, 'verbose': 0, 'warm_start': False}",5.884688377380371
Chinese_wine,9,20,3,10,RNN,SMOTE,2,{'k_neighbors': 2},0.6888888888888889,0.6361156679577733,"{'hidden_size': 64, 'epochs': 10, 'batch_size': 64, 'lr': 0.001}",537.0658881664276
Chinese_wine,9,20,3,10,KNN,SMOTE,3,{'k_neighbors': 3},0.9434444444444444,0.9434653916983512,"{'algorithm': 'auto', 'leaf_size': 30, 'metric': 'minkowski', 'metric_params': None, 'n_jobs': None, 'n_neighbors': np.int64(11), 'p': 4, 'weights': 'distance'}",0.637012243270874
Chinese_wine,9,20,3,10,RandomForest,SMOTE,3,{'k_neighbors': 3},0.9235555555555556,0.9229978298322615,"{'bootstrap': True, 'ccp_alpha': 0.0, 'class_weight': 'balanced', 'criterion': 'gini', 'max_depth': None, 'max_features': 'sqrt', 'max_leaf_nodes': None, 'max_samples': None, 'min_impurity_decrease': 0.0, 'min_samples_leaf': 2, 'min_samples_split': 2, 'min_weight_fraction_leaf': 0.0, 'monotonic_cst': None, 'n_estimators': 150, 'n_jobs': None, 'oob_score': False, 'random_state': 42, 'verbose': 0, 'warm_start': False}",41.35539221763611
Chinese_wine,9,20,3,10,LinearSVC,SMOTE,3,{'k_neighbors': 3},0.6701111111111111,0.6360221253134783,"{'C': np.float64(2.6366508987303554), 'class_weight': 'balanced', 'dual': False, 'fit_intercept': True, 'intercept_scaling': 1, 'loss': 'squared_hinge', 'max_iter': 100, 'multi_class': 'ovr', 'penalty': 'l1', 'random_state': 42, 'tol': 0.0001, 'verbose': 0}",3.6879773139953613
Chinese_wine,9,20,3,10,LogisticRegression,SMOTE,3,{'k_neighbors': 3},0.8024444444444444,0.7949242567119542,"{'C': np.float64(33.59818286283781), 'class_weight': 'balanced', 'dual': False, 'fit_intercept': True, 'intercept_scaling': 1, 'l1_ratio': None, 'max_iter': 100, 'multi_class': 'deprecated', 'n_jobs': None, 'penalty': 'l1', 'random_state': 42, 'solver': 'saga', 'tol': 0.0001, 'verbose': 0, 'warm_start': False}",7.038312673568726
Chinese_wine,9,20,3,10,RNN,SMOTE,3,{'k_neighbors': 3},0.7777777777777778,0.7536507788886305,"{'hidden_size': 64, 'epochs': 10, 'batch_size': 64, 'lr': 0.001}",848.452196598053
Chinese_wine,9,20,3,10,KNN,SMOTE,4,{'k_neighbors': 4},0.9414444444444444,0.9412212056757125,"{'algorithm': 'auto', 'leaf_size': 30, 'metric': 'chebyshev', 'metric_params': None, 'n_jobs': None, 'n_neighbors': np.int64(5), 'p': 2, 'weights': 'uniform'}",0.5231060981750488
Chinese_wine,9,20,3,10,RandomForest,SMOTE,4,{'k_neighbors': 4},0.9256666666666666,0.9251230459750351,"{'bootstrap': True, 'ccp_alpha': 0.0, 'class_weight': 'balanced', 'criterion': 'gini', 'max_depth': None, 'max_features': 'sqrt', 'max_leaf_nodes': None, 'max_samples': None, 'min_impurity_decrease': 0.0, 'min_samples_leaf': 2, 'min_samples_split': 2, 'min_weight_fraction_leaf': 0.0, 'monotonic_cst': None, 'n_estimators': 150, 'n_jobs': None, 'oob_score': False, 'random_state': 42, 'verbose': 0, 'warm_start': False}",45.517701864242554
Chinese_wine,9,20,3,10,LinearSVC,SMOTE,4,{'k_neighbors': 4},0.6745555555555556,0.6424280327402755,"{'C': np.float64(33.59818286283781), 'class_weight': 'balanced', 'dual': False, 'fit_intercept': True, 'intercept_scaling': 1, 'loss': 'squared_hinge', 'max_iter': 100, 'multi_class': 'ovr', 'penalty': 'l1', 'random_state': 42, 'tol': 0.0001, 'verbose': 0}",3.6823368072509766
Chinese_wine,9,20,3,10,LogisticRegression,SMOTE,4,{'k_neighbors': 4},0.8036666666666666,0.7977465747904392,"{'C': np.float64(183.29807108324337), 'class_weight': 'balanced', 'dual': False, 'fit_intercept': True, 'intercept_scaling': 1, 'l1_ratio': None, 'max_iter': 100, 'multi_class': 'deprecated', 'n_jobs': None, 'penalty': 'l1', 'random_state': 42, 'solver': 'saga', 'tol': 0.0001, 'verbose': 0, 'warm_start': False}",7.201963663101196
Chinese_wine,9,20,3,10,RNN,SMOTE,4,{'k_neighbors': 4},0.7222222222222222,0.6839129389129389,"{'hidden_size': 64, 'epochs': 10, 'batch_size': 64, 'lr': 0.001}",847.6137497425079
Chinese_wine,9,20,3,10,KNN,SMOTE,5,{'k_neighbors': 5},0.9408888888888889,0.9407057335195119,"{'algorithm': 'auto', 'leaf_size': 30, 'metric': 'minkowski', 'metric_params': None, 'n_jobs': None, 'n_neighbors': np.int64(5), 'p': 3, 'weights': 'distance'}",0.5580635070800781
Chinese_wine,9,20,3,10,RandomForest,SMOTE,5,{'k_neighbors': 5},0.9302222222222222,0.929790925928591,"{'bootstrap': True, 'ccp_alpha': 0.0, 'class_weight': 'balanced', 'criterion': 'gini', 'max_depth': None, 'max_features': 'sqrt', 'max_leaf_nodes': None, 'max_samples': None, 'min_impurity_decrease': 0.0, 'min_samples_leaf': 2, 'min_samples_split': 2, 'min_weight_fraction_leaf': 0.0, 'monotonic_cst': None, 'n_estimators': 150, 'n_jobs': None, 'oob_score': False, 'random_state': 42, 'verbose': 0, 'warm_start': False}",63.468839168548584
Chinese_wine,9,20,3,10,LinearSVC,SMOTE,5,{'k_neighbors': 5},0.7441111111111111,0.7217770469722128,"{'C': np.float64(0.4832930238571752), 'class_weight': 'balanced', 'dual': False, 'fit_intercept': True, 'intercept_scaling': 1, 'loss': 'squared_hinge', 'max_iter': 100, 'multi_class': 'ovr', 'penalty': 'l2', 'random_state': 42, 'tol': 0.0001, 'verbose': 0}",1.2257215976715088
Chinese_wine,9,20,3,10,LogisticRegression,SMOTE,5,{'k_neighbors': 5},0.8,0.79256815192319,"{'C': np.float64(2.6366508987303554), 'class_weight': 'balanced', 'dual': False, 'fit_intercept': True, 'intercept_scaling': 1, 'l1_ratio': None, 'max_iter': 100, 'multi_class': 'deprecated', 'n_jobs': None, 'penalty': 'l1', 'random_state': 42, 'solver': 'saga', 'tol': 0.0001, 'verbose': 0, 'warm_start': False}",11.647897005081177
Chinese_wine,9,20,3,10,RNN,SMOTE,5,{'k_neighbors': 5},0.7111111111111111,0.6834949935871998,"{'hidden_size': 64, 'epochs': 10, 'batch_size': 64, 'lr': 0.001}",617.2653067111969
Chinese_wine,9,20,4,1,KNN,Baseline,N/A,N/A,0.9461111111111111,0.9457559777984971,"{'algorithm': 'auto', 'leaf_size': 30, 'metric': 'minkowski', 'metric_params': None, 'n_jobs': None, 'n_neighbors': 5, 'p': 2, 'weights': 'uniform'}",0.3955235481262207
Chinese_wine,9,20,4,1,KNN,Tuned_Baseline,N/A,N/A,0.9484444444444444,0.9481777942564725,"{'algorithm': 'auto', 'leaf_size': 30, 'metric': 'minkowski', 'metric_params': None, 'n_jobs': None, 'n_neighbors': np.int64(5), 'p': 3, 'weights': 'distance'}",0.22156333923339844
Chinese_wine,9,20,4,1,RandomForest,Baseline,N/A,N/A,0.9248888888888889,0.9237906934151475,"{'bootstrap': True, 'ccp_alpha': 0.0, 'class_weight': None, 'criterion': 'gini', 'max_depth': None, 'max_features': 'sqrt', 'max_leaf_nodes': None, 'max_samples': None, 'min_impurity_decrease': 0.0, 'min_samples_leaf': 1, 'min_samples_split': 2, 'min_weight_fraction_leaf': 0.0, 'monotonic_cst': None, 'n_estimators': 100, 'n_jobs': None, 'oob_score': False, 'random_state': 42, 'verbose': 0, 'warm_start': False}",4.326629877090454
Chinese_wine,9,20,4,1,RandomForest,Tuned_Baseline,N/A,N/A,0.923,0.9218686989702698,"{'bootstrap': True, 'ccp_alpha': 0.0, 'class_weight': None, 'criterion': 'gini', 'max_depth': 20, 'max_features': 'sqrt', 'max_leaf_nodes': None, 'max_samples': None, 'min_impurity_decrease': 0.0, 'min_samples_leaf': 1, 'min_samples_split': 2, 'min_weight_fraction_leaf': 0.0, 'monotonic_cst': None, 'n_estimators': 100, 'n_jobs': None, 'oob_score': False, 'random_state': 42, 'verbose': 0, 'warm_start': False}",0.06627726554870605
Chinese_wine,9,20,4,1,LinearSVC,Baseline,N/A,N/A,0.7328888888888889,0.711937054875019,"{'C': 1.0, 'class_weight': None, 'dual': False, 'fit_intercept': True, 'intercept_scaling': 1, 'loss': 'squared_hinge', 'max_iter': 100, 'multi_class': 'ovr', 'penalty': 'l2', 'random_state': 42, 'tol': 0.0001, 'verbose': 0}",0.12239384651184082
Chinese_wine,9,20,4,1,LinearSVC,Tuned_Baseline,N/A,N/A,0.7344444444444445,0.7138281546139345,"{'C': np.float64(6.1584821106602545), 'class_weight': None, 'dual': False, 'fit_intercept': True, 'intercept_scaling': 1, 'loss': 'squared_hinge', 'max_iter': 100, 'multi_class': 'ovr', 'penalty': 'l2', 'random_state': 42, 'tol': 0.0001, 'verbose': 0}",0.000782012939453125
Chinese_wine,9,20,4,1,LogisticRegression,Baseline,N/A,N/A,0.7934444444444444,0.7858327346995374,"{'C': 1.0, 'class_weight': None, 'dual': False, 'fit_intercept': True, 'intercept_scaling': 1, 'l1_ratio': None, 'max_iter': 100, 'multi_class': 'deprecated', 'n_jobs': None, 'penalty': 'l2', 'random_state': 42, 'solver': 'lbfgs', 'tol': 0.0001, 'verbose': 0, 'warm_start': False}",0.6210780143737793
Chinese_wine,9,20,4,1,LogisticRegression,Tuned_Baseline,N/A,N/A,0.7946666666666666,0.7874872028351616,"{'C': np.float64(183.29807108324337), 'class_weight': None, 'dual': False, 'fit_intercept': True, 'intercept_scaling': 1, 'l1_ratio': None, 'max_iter': 100, 'multi_class': 'deprecated', 'n_jobs': None, 'penalty': 'l2', 'random_state': 42, 'solver': 'saga', 'tol': 0.0001, 'verbose': 0, 'warm_start': False}",0.0012507438659667969
Chinese_wine,9,20,4,1,RNN,Baseline,N/A,N/A,0.3888888888888889,0.30562143375868867,"{'hidden_size': 64, 'epochs': 10, 'batch_size': 32, 'lr': 0.001}",1.9367318153381348
Chinese_wine,9,20,4,1,RNN,Tuned_Baseline,N/A,N/A,0.2222222222222222,0.09947712418300654,"{'hidden_size': 64, 'epochs': 10, 'batch_size': 64, 'lr': 0.001}",1.2775928974151611
Chinese_wine,9,20,4,2,KNN,SMOTE,1,{'k_neighbors': 1},0.9467777777777778,0.9463822966016816,"{'algorithm': 'auto', 'leaf_size': 30, 'metric': 'chebyshev', 'metric_params': None, 'n_jobs': None, 'n_neighbors': np.int64(11), 'p': 2, 'weights': 'distance'}",0.20132899284362793
Chinese_wine,9,20,4,2,RandomForest,SMOTE,1,{'k_neighbors': 1},0.9284444444444444,0.9273119392454129,"{'bootstrap': True, 'ccp_alpha': 0.0, 'class_weight': 'balanced', 'criterion': 'gini', 'max_depth': 20, 'max_features': 'sqrt', 'max_leaf_nodes': None, 'max_samples': None, 'min_impurity_decrease': 0.0, 'min_samples_leaf': 1, 'min_samples_split': 2, 'min_weight_fraction_leaf': 0.0, 'monotonic_cst': None, 'n_estimators': 50, 'n_jobs': None, 'oob_score': False, 'random_state': 42, 'verbose': 0, 'warm_start': False}",7.130024194717407
Chinese_wine,9,20,4,2,LinearSVC,SMOTE,1,{'k_neighbors': 1},0.6807777777777778,0.6507245439293148,"{'C': np.float64(33.59818286283781), 'class_weight': 'balanced', 'dual': False, 'fit_intercept': True, 'intercept_scaling': 1, 'loss': 'squared_hinge', 'max_iter': 100, 'multi_class': 'ovr', 'penalty': 'l1', 'random_state': 42, 'tol': 0.0001, 'verbose': 0}",0.9499392509460449
Chinese_wine,9,20,4,2,LogisticRegression,SMOTE,1,{'k_neighbors': 1},0.7897777777777778,0.7826615063088215,"{'C': np.float64(1000.0), 'class_weight': 'balanced', 'dual': False, 'fit_intercept': True, 'intercept_scaling': 1, 'l1_ratio': None, 'max_iter': 100, 'multi_class': 'deprecated', 'n_jobs': None, 'penalty': 'l2', 'random_state': 42, 'solver': 'sag', 'tol': 0.0001, 'verbose': 0, 'warm_start': False}",1.8051092624664307
Chinese_wine,9,20,4,2,RNN,SMOTE,1,{'k_neighbors': 1},0.4888888888888889,0.4097458608642819,"{'hidden_size': 64, 'epochs': 10, 'batch_size': 64, 'lr': 0.001}",179.38210201263428
Chinese_wine,9,20,4,2,KNN,SMOTE,2,{'k_neighbors': 2},0.9431111111111111,0.9425567380813278,"{'algorithm': 'auto', 'leaf_size': 30, 'metric': 'minkowski', 'metric_params': None, 'n_jobs': None, 'n_neighbors': np.int64(5), 'p': 3, 'weights': 'distance'}",0.7322337627410889
Chinese_wine,9,20,4,2,RandomForest,SMOTE,2,{'k_neighbors': 2},0.924,0.922811293904684,"{'bootstrap': True, 'ccp_alpha': 0.0, 'class_weight': 'balanced', 'criterion': 'gini', 'max_depth': 30, 'max_features': 'sqrt', 'max_leaf_nodes': None, 'max_samples': None, 'min_impurity_decrease': 0.0, 'min_samples_leaf': 1, 'min_samples_split': 2, 'min_weight_fraction_leaf': 0.0, 'monotonic_cst': None, 'n_estimators': 150, 'n_jobs': None, 'oob_score': False, 'random_state': 42, 'verbose': 0, 'warm_start': False}",25.92214560508728
Chinese_wine,9,20,4,2,LinearSVC,SMOTE,2,{'k_neighbors': 2},0.7287777777777777,0.7080227551957189,"{'C': np.float64(1000.0), 'class_weight': 'balanced', 'dual': False, 'fit_intercept': True, 'intercept_scaling': 1, 'loss': 'squared_hinge', 'max_iter': 100, 'multi_class': 'ovr', 'penalty': 'l2', 'random_state': 42, 'tol': 0.001, 'verbose': 0}",0.2680337429046631
Chinese_wine,9,20,4,2,LogisticRegression,SMOTE,2,{'k_neighbors': 2},0.7905555555555556,0.7834921756911907,"{'C': np.float64(183.29807108324337), 'class_weight': 'balanced', 'dual': False, 'fit_intercept': True, 'intercept_scaling': 1, 'l1_ratio': None, 'max_iter': 100, 'multi_class': 'deprecated', 'n_jobs': None, 'penalty': 'l1', 'random_state': 42, 'solver': 'saga', 'tol': 0.0001, 'verbose': 0, 'warm_start': False}",4.98409104347229
Chinese_wine,9,20,4,2,RNN,SMOTE,2,{'k_neighbors': 2},0.4111111111111111,0.32021772523876313,"{'hidden_size': 64, 'epochs': 10, 'batch_size': 64, 'lr': 0.001}",130.459538936615
Chinese_wine,9,20,4,2,KNN,SMOTE,3,{'k_neighbors': 3},0.9476666666666667,0.9471841953779543,"{'algorithm': 'auto', 'leaf_size': 30, 'metric': 'minkowski', 'metric_params': None, 'n_jobs': None, 'n_neighbors': np.int64(5), 'p': 3, 'weights': 'distance'}",0.3268852233886719
Chinese_wine,9,20,4,2,RandomForest,SMOTE,3,{'k_neighbors': 3},0.9261111111111111,0.925213645728402,"{'bootstrap': True, 'ccp_alpha': 0.0, 'class_weight': 'balanced', 'criterion': 'gini', 'max_depth': None, 'max_features': 'sqrt', 'max_leaf_nodes': None, 'max_samples': None, 'min_impurity_decrease': 0.0, 'min_samples_leaf': 1, 'min_samples_split': 2, 'min_weight_fraction_leaf': 0.0, 'monotonic_cst': None, 'n_estimators': 50, 'n_jobs': None, 'oob_score': False, 'random_state': 42, 'verbose': 0, 'warm_start': False}",5.374291181564331
Chinese_wine,9,20,4,2,LinearSVC,SMOTE,3,{'k_neighbors': 3},0.6771111111111111,0.6425740466699336,"{'C': np.float64(33.59818286283781), 'class_weight': 'balanced', 'dual': False, 'fit_intercept': True, 'intercept_scaling': 1, 'loss': 'squared_hinge', 'max_iter': 100, 'multi_class': 'ovr', 'penalty': 'l1', 'random_state': 42, 'tol': 0.0001, 'verbose': 0}",0.8617069721221924
Chinese_wine,9,20,4,2,LogisticRegression,SMOTE,3,{'k_neighbors': 3},0.7976666666666666,0.7918909586303802,"{'C': np.float64(1000.0), 'class_weight': 'balanced', 'dual': False, 'fit_intercept': True, 'intercept_scaling': 1, 'l1_ratio': None, 'max_iter': 100, 'multi_class': 'deprecated', 'n_jobs': None, 'penalty': 'l2', 'random_state': 42, 'solver': 'sag', 'tol': 0.0001, 'verbose': 0, 'warm_start': False}",1.6386089324951172
Chinese_wine,9,20,4,2,RNN,SMOTE,3,{'k_neighbors': 3},0.5333333333333333,0.4457901517384276,"{'hidden_size': 64, 'epochs': 10, 'batch_size': 64, 'lr': 0.001}",162.61279845237732
Chinese_wine,9,20,4,2,KNN,SMOTE,4,{'k_neighbors': 4},0.9395555555555556,0.9387735743635434,"{'algorithm': 'auto', 'leaf_size': 30, 'metric': 'chebyshev', 'metric_params': None, 'n_jobs': None, 'n_neighbors': np.int64(11), 'p': 2, 'weights': 'distance'}",0.21973681449890137
Chinese_wine,9,20,4,2,RandomForest,SMOTE,4,{'k_neighbors': 4},0.9268888888888889,0.9257557919966959,"{'bootstrap': True, 'ccp_alpha': 0.0, 'class_weight': 'balanced', 'criterion': 'gini', 'max_depth': 30, 'max_features': 'sqrt', 'max_leaf_nodes': None, 'max_samples': None, 'min_impurity_decrease': 0.0, 'min_samples_leaf': 2, 'min_samples_split': 5, 'min_weight_fraction_leaf': 0.0, 'monotonic_cst': None, 'n_estimators': 50, 'n_jobs': None, 'oob_score': False, 'random_state': 42, 'verbose': 0, 'warm_start': False}",10.649574995040894
Chinese_wine,9,20,4,2,LinearSVC,SMOTE,4,{'k_neighbors': 4},0.6767777777777778,0.6451814489727682,"{'C': np.float64(183.29807108324337), 'class_weight': 'balanced', 'dual': False, 'fit_intercept': True, 'intercept_scaling': 1, 'loss': 'squared_hinge', 'max_iter': 100, 'multi_class': 'ovr', 'penalty': 'l1', 'random_state': 42, 'tol': 0.0001, 'verbose': 0}",0.9263873100280762
Chinese_wine,9,20,4,2,LogisticRegression,SMOTE,4,{'k_neighbors': 4},0.7118888888888889,0.6985744106417018,"{'C': np.float64(183.29807108324337), 'class_weight': 'balanced', 'dual': False, 'fit_intercept': False, 'intercept_scaling': 1, 'l1_ratio': None, 'max_iter': 100, 'multi_class': 'deprecated', 'n_jobs': None, 'penalty': 'l2', 'random_state': 42, 'solver': 'sag', 'tol': 0.0001, 'verbose': 0, 'warm_start': False}",0.3849484920501709
Chinese_wine,9,20,4,2,RNN,SMOTE,4,{'k_neighbors': 4},0.37777777777777777,0.2566382783882784,"{'hidden_size': 64, 'epochs': 10, 'batch_size': 64, 'lr': 0.001}",169.53155040740967
Chinese_wine,9,20,4,2,KNN,SMOTE,5,{'k_neighbors': 5},0.9474444444444444,0.9468501713750989,"{'algorithm': 'auto', 'leaf_size': 30, 'metric': 'minkowski', 'metric_params': None, 'n_jobs': None, 'n_neighbors': np.int64(5), 'p': 3, 'weights': 'distance'}",0.34934115409851074
Chinese_wine,9,20,4,2,RandomForest,SMOTE,5,{'k_neighbors': 5},0.93,0.9291564306278611,"{'bootstrap': True, 'ccp_alpha': 0.0, 'class_weight': None, 'criterion': 'gini', 'max_depth': 20, 'max_features': 'sqrt', 'max_leaf_nodes': None, 'max_samples': None, 'min_impurity_decrease': 0.0, 'min_samples_leaf': 1, 'min_samples_split': 2, 'min_weight_fraction_leaf': 0.0, 'monotonic_cst': None, 'n_estimators': 100, 'n_jobs': None, 'oob_score': False, 'random_state': 42, 'verbose': 0, 'warm_start': False}",11.7500479221344
Chinese_wine,9,20,4,2,LinearSVC,SMOTE,5,{'k_neighbors': 5},0.6825555555555556,0.6550475411792049,"{'C': np.float64(183.29807108324337), 'class_weight': 'balanced', 'dual': False, 'fit_intercept': True, 'intercept_scaling': 1, 'loss': 'squared_hinge', 'max_iter': 100, 'multi_class': 'ovr', 'penalty': 'l1', 'random_state': 42, 'tol': 0.0001, 'verbose': 0}",0.9411873817443848
Chinese_wine,9,20,4,2,LogisticRegression,SMOTE,5,{'k_neighbors': 5},0.7996666666666666,0.7916329295255965,"{'C': np.float64(1000.0), 'class_weight': 'balanced', 'dual': False, 'fit_intercept': True, 'intercept_scaling': 1, 'l1_ratio': None, 'max_iter': 100, 'multi_class': 'deprecated', 'n_jobs': None, 'penalty': 'l2', 'random_state': 42, 'solver': 'sag', 'tol': 0.0001, 'verbose': 0, 'warm_start': False}",1.7787821292877197
Chinese_wine,9,20,4,2,RNN,SMOTE,5,{'k_neighbors': 5},0.4222222222222222,0.30534653322773414,"{'hidden_size': 64, 'epochs': 10, 'batch_size': 64, 'lr': 0.001}",165.14577865600586
Chinese_wine,9,20,4,3,KNN,SMOTE,1,{'k_neighbors': 1},0.9475555555555556,0.9471451419282886,"{'algorithm': 'auto', 'leaf_size': 30, 'metric': 'euclidean', 'metric_params': None, 'n_jobs': None, 'n_neighbors': np.int64(9), 'p': 2, 'weights': 'distance'}",0.1592261791229248
Chinese_wine,9,20,4,3,RandomForest,SMOTE,1,{'k_neighbors': 1},0.9293333333333333,0.9283278703116232,"{'bootstrap': True, 'ccp_alpha': 0.0, 'class_weight': 'balanced', 'criterion': 'gini', 'max_depth': 30, 'max_features': 'sqrt', 'max_leaf_nodes': None, 'max_samples': None, 'min_impurity_decrease': 0.0, 'min_samples_leaf': 1, 'min_samples_split': 2, 'min_weight_fraction_leaf': 0.0, 'monotonic_cst': None, 'n_estimators': 150, 'n_jobs': None, 'oob_score': False, 'random_state': 42, 'verbose': 0, 'warm_start': False}",24.80726957321167
Chinese_wine,9,20,4,3,LinearSVC,SMOTE,1,{'k_neighbors': 1},0.6826666666666666,0.6544992135818322,"{'C': np.float64(33.59818286283781), 'class_weight': 'balanced', 'dual': False, 'fit_intercept': True, 'intercept_scaling': 1, 'loss': 'squared_hinge', 'max_iter': 100, 'multi_class': 'ovr', 'penalty': 'l1', 'random_state': 42, 'tol': 0.001, 'verbose': 0}",1.3752250671386719
Chinese_wine,9,20,4,3,LogisticRegression,SMOTE,1,{'k_neighbors': 1},0.7885555555555556,0.7817562506238517,"{'C': np.float64(1000.0), 'class_weight': 'balanced', 'dual': False, 'fit_intercept': True, 'intercept_scaling': 1, 'l1_ratio': None, 'max_iter': 100, 'multi_class': 'deprecated', 'n_jobs': None, 'penalty': 'l2', 'random_state': 42, 'solver': 'sag', 'tol': 0.0001, 'verbose': 0, 'warm_start': False}",2.271101713180542
Chinese_wine,9,20,4,3,RNN,SMOTE,1,{'k_neighbors': 1},0.4111111111111111,0.2751223414266893,"{'hidden_size': 64, 'epochs': 10, 'batch_size': 64, 'lr': 0.001}",168.55284881591797
Chinese_wine,9,20,4,3,KNN,SMOTE,2,{'k_neighbors': 2},0.9465555555555556,0.9457700549869581,"{'algorithm': 'auto', 'leaf_size': 30, 'metric': 'minkowski', 'metric_params': None, 'n_jobs': None, 'n_neighbors': np.int64(5), 'p': 3, 'weights': 'distance'}",0.4917144775390625
Chinese_wine,9,20,4,3,RandomForest,SMOTE,2,{'k_neighbors': 2},0.9213333333333333,0.9201894220252972,"{'bootstrap': True, 'ccp_alpha': 0.0, 'class_weight': None, 'criterion': 'gini', 'max_depth': 30, 'max_features': 'sqrt', 'max_leaf_nodes': None, 'max_samples': None, 'min_impurity_decrease': 0.0, 'min_samples_leaf': 1, 'min_samples_split': 5, 'min_weight_fraction_leaf': 0.0, 'monotonic_cst': None, 'n_estimators': 50, 'n_jobs': None, 'oob_score': False, 'random_state': 42, 'verbose': 0, 'warm_start': False}",9.368977785110474
Chinese_wine,9,20,4,3,LinearSVC,SMOTE,2,{'k_neighbors': 2},0.7332222222222222,0.7135529196675557,"{'C': np.float64(1000.0), 'class_weight': 'balanced', 'dual': False, 'fit_intercept': True, 'intercept_scaling': 1, 'loss': 'squared_hinge', 'max_iter': 100, 'multi_class': 'ovr', 'penalty': 'l2', 'random_state': 42, 'tol': 0.001, 'verbose': 0}",0.3867485523223877
Chinese_wine,9,20,4,3,LogisticRegression,SMOTE,2,{'k_neighbors': 2},0.791,0.7841810113748712,"{'C': np.float64(1000.0), 'class_weight': 'balanced', 'dual': False, 'fit_intercept': True, 'intercept_scaling': 1, 'l1_ratio': None, 'max_iter': 100, 'multi_class': 'deprecated', 'n_jobs': None, 'penalty': 'l2', 'random_state': 42, 'solver': 'sag', 'tol': 0.0001, 'verbose': 0, 'warm_start': False}",2.4257421493530273
Chinese_wine,9,20,4,3,RNN,SMOTE,2,{'k_neighbors': 2},0.5222222222222223,0.4423306758600876,"{'hidden_size': 64, 'epochs': 10, 'batch_size': 64, 'lr': 0.001}",135.1848590373993
Chinese_wine,9,20,4,3,KNN,SMOTE,3,{'k_neighbors': 3},0.9492222222222222,0.9489116941878478,"{'algorithm': 'auto', 'leaf_size': 30, 'metric': 'manhattan', 'metric_params': None, 'n_jobs': None, 'n_neighbors': np.int64(5), 'p': 2, 'weights': 'distance'}",0.21135997772216797
Chinese_wine,9,20,4,3,RandomForest,SMOTE,3,{'k_neighbors': 3},0.8137777777777778,0.8151551318892621,"{'bootstrap': True, 'ccp_alpha': 0.0, 'class_weight': 'balanced', 'criterion': 'gini', 'max_depth': 10, 'max_features': 'sqrt', 'max_leaf_nodes': None, 'max_samples': None, 'min_impurity_decrease': 0.0, 'min_samples_leaf': 1, 'min_samples_split': 5, 'min_weight_fraction_leaf': 0.0, 'monotonic_cst': None, 'n_estimators': 150, 'n_jobs': None, 'oob_score': False, 'random_state': 42, 'verbose': 0, 'warm_start': False}",26.31929636001587
Chinese_wine,9,20,4,3,LinearSVC,SMOTE,3,{'k_neighbors': 3},0.7458888888888889,0.7288264443735725,"{'C': np.float64(6.1584821106602545), 'class_weight': None, 'dual': False, 'fit_intercept': True, 'intercept_scaling': 1, 'loss': 'squared_hinge', 'max_iter': 100, 'multi_class': 'ovr', 'penalty': 'l2', 'random_state': 42, 'tol': 0.0001, 'verbose': 0}",0.8431315422058105
Chinese_wine,9,20,4,3,LogisticRegression,SMOTE,3,{'k_neighbors': 3},0.796,0.7903852316811167,"{'C': np.float64(1000.0), 'class_weight': 'balanced', 'dual': False, 'fit_intercept': True, 'intercept_scaling': 1, 'l1_ratio': None, 'max_iter': 100, 'multi_class': 'deprecated', 'n_jobs': None, 'penalty': 'l2', 'random_state': 42, 'solver': 'sag', 'tol': 0.0001, 'verbose': 0, 'warm_start': False}",4.372574090957642
Chinese_wine,9,20,4,3,RNN,SMOTE,3,{'k_neighbors': 3},0.5111111111111111,0.41978754757263526,"{'hidden_size': 64, 'epochs': 10, 'batch_size': 64, 'lr': 0.001}",244.59229183197021
Chinese_wine,9,20,4,3,KNN,SMOTE,4,{'k_neighbors': 4},0.9385555555555556,0.9376467028846756,"{'algorithm': 'auto', 'leaf_size': 30, 'metric': 'minkowski', 'metric_params': None, 'n_jobs': None, 'n_neighbors': np.int64(11), 'p': 4, 'weights': 'distance'}",1.1296403408050537
Chinese_wine,9,20,4,3,RandomForest,SMOTE,4,{'k_neighbors': 4},0.8184444444444444,0.817514273921489,"{'bootstrap': True, 'ccp_alpha': 0.0, 'class_weight': 'balanced', 'criterion': 'gini', 'max_depth': 10, 'max_features': 'sqrt', 'max_leaf_nodes': None, 'max_samples': None, 'min_impurity_decrease': 0.0, 'min_samples_leaf': 1, 'min_samples_split': 5, 'min_weight_fraction_leaf': 0.0, 'monotonic_cst': None, 'n_estimators': 50, 'n_jobs': None, 'oob_score': False, 'random_state': 42, 'verbose': 0, 'warm_start': False}",7.168177604675293
Chinese_wine,9,20,4,3,LinearSVC,SMOTE,4,{'k_neighbors': 4},0.7334444444444445,0.7141454099349411,"{'C': np.float64(6.1584821106602545), 'class_weight': None, 'dual': False, 'fit_intercept': True, 'intercept_scaling': 1, 'loss': 'squared_hinge', 'max_iter': 100, 'multi_class': 'ovr', 'penalty': 'l2', 'random_state': 42, 'tol': 0.0001, 'verbose': 0}",0.443225622177124
Chinese_wine,9,20,4,3,LogisticRegression,SMOTE,4,{'k_neighbors': 4},0.798,0.7907787457648376,"{'C': np.float64(1000.0), 'class_weight': 'balanced', 'dual': False, 'fit_intercept': True, 'intercept_scaling': 1, 'l1_ratio': None, 'max_iter': 100, 'multi_class': 'deprecated', 'n_jobs': None, 'penalty': 'l2', 'random_state': 42, 'solver': 'sag', 'tol': 0.0001, 'verbose': 0, 'warm_start': False}",2.733452796936035
Chinese_wine,9,20,4,3,RNN,SMOTE,4,{'k_neighbors': 4},0.6111111111111112,0.5685840303487362,"{'hidden_size': 64, 'epochs': 10, 'batch_size': 64, 'lr': 0.001}",257.79215478897095
Chinese_wine,9,20,4,3,KNN,SMOTE,5,{'k_neighbors': 5},0.9503333333333334,0.9500516414985032,"{'algorithm': 'auto', 'leaf_size': 30, 'metric': 'chebyshev', 'metric_params': None, 'n_jobs': None, 'n_neighbors': np.int64(11), 'p': 2, 'weights': 'distance'}",0.13926172256469727
Chinese_wine,9,20,4,3,RandomForest,SMOTE,5,{'k_neighbors': 5},0.9353333333333333,0.9347919873918603,"{'bootstrap': True, 'ccp_alpha': 0.0, 'class_weight': 'balanced', 'criterion': 'gini', 'max_depth': 30, 'max_features': 'sqrt', 'max_leaf_nodes': None, 'max_samples': None, 'min_impurity_decrease': 0.0, 'min_samples_leaf': 1, 'min_samples_split': 2, 'min_weight_fraction_leaf': 0.0, 'monotonic_cst': None, 'n_estimators': 150, 'n_jobs': None, 'oob_score': False, 'random_state': 42, 'verbose': 0, 'warm_start': False}",31.284053564071655
Chinese_wine,9,20,4,3,LinearSVC,SMOTE,5,{'k_neighbors': 5},0.6866666666666666,0.6607993011208272,"{'C': np.float64(33.59818286283781), 'class_weight': 'balanced', 'dual': False, 'fit_intercept': True, 'intercept_scaling': 1, 'loss': 'squared_hinge', 'max_iter': 100, 'multi_class': 'ovr', 'penalty': 'l1', 'random_state': 42, 'tol': 0.0001, 'verbose': 0}",1.430119514465332
Chinese_wine,9,20,4,3,LogisticRegression,SMOTE,5,{'k_neighbors': 5},0.7955555555555556,0.7878414643580804,"{'C': np.float64(183.29807108324337), 'class_weight': 'balanced', 'dual': False, 'fit_intercept': True, 'intercept_scaling': 1, 'l1_ratio': None, 'max_iter': 100, 'multi_class': 'deprecated', 'n_jobs': None, 'penalty': 'l1', 'random_state': 42, 'solver': 'saga', 'tol': 0.0001, 'verbose': 0, 'warm_start': False}",4.0997796058654785
Chinese_wine,9,20,4,3,RNN,SMOTE,5,{'k_neighbors': 5},0.34444444444444444,0.26271173271173276,"{'hidden_size': 64, 'epochs': 10, 'batch_size': 64, 'lr': 0.001}",32.61846470832825
Chinese_wine,9,20,4,5,KNN,SMOTE,1,{'k_neighbors': 1},0.9506666666666667,0.9502509641381615,"{'algorithm': 'auto', 'leaf_size': 30, 'metric': 'minkowski', 'metric_params': None, 'n_jobs': None, 'n_neighbors': np.int64(15), 'p': 4, 'weights': 'distance'}",0.5266819000244141
Chinese_wine,9,20,4,5,RandomForest,SMOTE,1,{'k_neighbors': 1},0.9286666666666666,0.9273754521275772,"{'bootstrap': True, 'ccp_alpha': 0.0, 'class_weight': 'balanced', 'criterion': 'gini', 'max_depth': 30, 'max_features': 'sqrt', 'max_leaf_nodes': None, 'max_samples': None, 'min_impurity_decrease': 0.0, 'min_samples_leaf': 2, 'min_samples_split': 5, 'min_weight_fraction_leaf': 0.0, 'monotonic_cst': None, 'n_estimators': 50, 'n_jobs': None, 'oob_score': False, 'random_state': 42, 'verbose': 0, 'warm_start': False}",14.278055429458618
Chinese_wine,9,20,4,5,LinearSVC,SMOTE,1,{'k_neighbors': 1},0.7405555555555555,0.7221213737064939,"{'C': np.float64(6.1584821106602545), 'class_weight': None, 'dual': False, 'fit_intercept': True, 'intercept_scaling': 1, 'loss': 'squared_hinge', 'max_iter': 100, 'multi_class': 'ovr', 'penalty': 'l2', 'random_state': 42, 'tol': 0.0001, 'verbose': 0}",0.6732654571533203
Chinese_wine,9,20,4,5,LogisticRegression,SMOTE,1,{'k_neighbors': 1},0.7141111111111111,0.6995707174117505,"{'C': np.float64(183.29807108324337), 'class_weight': 'balanced', 'dual': False, 'fit_intercept': False, 'intercept_scaling': 1, 'l1_ratio': None, 'max_iter': 100, 'multi_class': 'deprecated', 'n_jobs': None, 'penalty': 'l2', 'random_state': 42, 'solver': 'sag', 'tol': 0.0001, 'verbose': 0, 'warm_start': False}",1.1171941757202148
Chinese_wine,9,20,4,5,RNN,SMOTE,1,{'k_neighbors': 1},0.45555555555555555,0.3299967868388921,"{'hidden_size': 64, 'epochs': 10, 'batch_size': 64, 'lr': 0.001}",380.2565896511078
Chinese_wine,9,20,4,5,KNN,SMOTE,2,{'k_neighbors': 2},0.9411111111111111,0.9403119592231916,"{'algorithm': 'auto', 'leaf_size': 30, 'metric': 'minkowski', 'metric_params': None, 'n_jobs': None, 'n_neighbors': np.int64(11), 'p': 4, 'weights': 'distance'}",1.2269525527954102
Chinese_wine,9,20,4,5,RandomForest,SMOTE,2,{'k_neighbors': 2},0.9262222222222222,0.9250603635445311,"{'bootstrap': True, 'ccp_alpha': 0.0, 'class_weight': 'balanced', 'criterion': 'gini', 'max_depth': None, 'max_features': 'sqrt', 'max_leaf_nodes': None, 'max_samples': None, 'min_impurity_decrease': 0.0, 'min_samples_leaf': 1, 'min_samples_split': 2, 'min_weight_fraction_leaf': 0.0, 'monotonic_cst': None, 'n_estimators': 50, 'n_jobs': None, 'oob_score': False, 'random_state': 42, 'verbose': 0, 'warm_start': False}",20.65019392967224
Chinese_wine,9,20,4,5,LinearSVC,SMOTE,2,{'k_neighbors': 2},0.682,0.6534601283675183,"{'C': np.float64(183.29807108324337), 'class_weight': None, 'dual': False, 'fit_intercept': True, 'intercept_scaling': 1, 'loss': 'squared_hinge', 'max_iter': 100, 'multi_class': 'ovr', 'penalty': 'l1', 'random_state': 42, 'tol': 0.001, 'verbose': 0}",4.499240159988403
Chinese_wine,9,20,4,5,LogisticRegression,SMOTE,2,{'k_neighbors': 2},0.7115555555555556,0.6954101484523424,"{'C': np.float64(183.29807108324337), 'class_weight': None, 'dual': False, 'fit_intercept': False, 'intercept_scaling': 1, 'l1_ratio': None, 'max_iter': 100, 'multi_class': 'deprecated', 'n_jobs': None, 'penalty': 'l2', 'random_state': 42, 'solver': 'sag', 'tol': 0.0001, 'verbose': 0, 'warm_start': False}",1.0628077983856201
Chinese_wine,9,20,4,5,RNN,SMOTE,2,{'k_neighbors': 2},0.6444444444444445,0.5804071543337395,"{'hidden_size': 64, 'epochs': 10, 'batch_size': 64, 'lr': 0.001}",436.47804951667786
Chinese_wine,9,20,4,5,KNN,SMOTE,3,{'k_neighbors': 3},0.9482222222222222,0.9476911230567429,"{'algorithm': 'auto', 'leaf_size': 30, 'metric': 'chebyshev', 'metric_params': None, 'n_jobs': None, 'n_neighbors': np.int64(11), 'p': 2, 'weights': 'distance'}",0.1939103603363037
Chinese_wine,9,20,4,5,RandomForest,SMOTE,3,{'k_neighbors': 3},0.9341111111111111,0.933386606255007,"{'bootstrap': True, 'ccp_alpha': 0.0, 'class_weight': 'balanced', 'criterion': 'gini', 'max_depth': 30, 'max_features': 'sqrt', 'max_leaf_nodes': None, 'max_samples': None, 'min_impurity_decrease': 0.0, 'min_samples_leaf': 1, 'min_samples_split': 2, 'min_weight_fraction_leaf': 0.0, 'monotonic_cst': None, 'n_estimators': 150, 'n_jobs': None, 'oob_score': False, 'random_state': 42, 'verbose': 0, 'warm_start': False}",50.194987058639526
Chinese_wine,9,20,4,5,LinearSVC,SMOTE,3,{'k_neighbors': 3},0.679,0.6486530872812665,"{'C': np.float64(183.29807108324337), 'class_weight': None, 'dual': False, 'fit_intercept': True, 'intercept_scaling': 1, 'loss': 'squared_hinge', 'max_iter': 100, 'multi_class': 'ovr', 'penalty': 'l1', 'random_state': 42, 'tol': 0.001, 'verbose': 0}",2.3549346923828125
Chinese_wine,9,20,4,5,LogisticRegression,SMOTE,3,{'k_neighbors': 3},0.7127777777777777,0.6980489702510072,"{'C': np.float64(183.29807108324337), 'class_weight': None, 'dual': False, 'fit_intercept': False, 'intercept_scaling': 1, 'l1_ratio': None, 'max_iter': 100, 'multi_class': 'deprecated', 'n_jobs': None, 'penalty': 'l2', 'random_state': 42, 'solver': 'sag', 'tol': 0.0001, 'verbose': 0, 'warm_start': False}",0.8688302040100098
Chinese_wine,9,20,4,5,RNN,SMOTE,3,{'k_neighbors': 3},0.5,0.38360750360750356,"{'hidden_size': 64, 'epochs': 10, 'batch_size': 64, 'lr': 0.001}",244.06729340553284
Chinese_wine,9,20,4,5,KNN,SMOTE,4,{'k_neighbors': 4},0.952,0.9514496256820629,"{'algorithm': 'auto', 'leaf_size': 30, 'metric': 'chebyshev', 'metric_params': None, 'n_jobs': None, 'n_neighbors': np.int64(11), 'p': 2, 'weights': 'distance'}",0.19570684432983398
Chinese_wine,9,20,4,5,RandomForest,SMOTE,4,{'k_neighbors': 4},0.9354444444444444,0.9348759542758767,"{'bootstrap': True, 'ccp_alpha': 0.0, 'class_weight': None, 'criterion': 'gini', 'max_depth': 20, 'max_features': 'sqrt', 'max_leaf_nodes': None, 'max_samples': None, 'min_impurity_decrease': 0.0, 'min_samples_leaf': 1, 'min_samples_split': 2, 'min_weight_fraction_leaf': 0.0, 'monotonic_cst': None, 'n_estimators': 100, 'n_jobs': None, 'oob_score': False, 'random_state': 42, 'verbose': 0, 'warm_start': False}",42.764076232910156
Chinese_wine,9,20,4,5,LinearSVC,SMOTE,4,{'k_neighbors': 4},0.6865555555555556,0.6610686902377121,"{'C': np.float64(33.59818286283781), 'class_weight': None, 'dual': False, 'fit_intercept': True, 'intercept_scaling': 1, 'loss': 'squared_hinge', 'max_iter': 100, 'multi_class': 'ovr', 'penalty': 'l1', 'random_state': 42, 'tol': 0.001, 'verbose': 0}",2.536033868789673
Chinese_wine,9,20,4,5,LogisticRegression,SMOTE,4,{'k_neighbors': 4},0.7963333333333333,0.7891374201341395,"{'C': np.float64(1000.0), 'class_weight': 'balanced', 'dual': False, 'fit_intercept': True, 'intercept_scaling': 1, 'l1_ratio': None, 'max_iter': 100, 'multi_class': 'deprecated', 'n_jobs': None, 'penalty': 'l2', 'random_state': 42, 'solver': 'sag', 'tol': 0.0001, 'verbose': 0, 'warm_start': False}",3.2419140338897705
Chinese_wine,9,20,4,5,RNN,SMOTE,4,{'k_neighbors': 4},0.5555555555555556,0.4770206804689563,"{'hidden_size': 64, 'epochs': 10, 'batch_size': 64, 'lr': 0.001}",439.50688219070435
Chinese_wine,9,20,4,5,KNN,SMOTE,5,{'k_neighbors': 5},0.9505555555555556,0.9500488842802244,"{'algorithm': 'auto', 'leaf_size': 30, 'metric': 'minkowski', 'metric_params': None, 'n_jobs': None, 'n_neighbors': np.int64(5), 'p': 3, 'weights': 'distance'}",0.6191108226776123
Chinese_wine,9,20,4,5,RandomForest,SMOTE,5,{'k_neighbors': 5},0.9347777777777778,0.9340345644932875,"{'bootstrap': True, 'ccp_alpha': 0.0, 'class_weight': 'balanced', 'criterion': 'gini', 'max_depth': None, 'max_features': 'sqrt', 'max_leaf_nodes': None, 'max_samples': None, 'min_impurity_decrease': 0.0, 'min_samples_leaf': 2, 'min_samples_split': 2, 'min_weight_fraction_leaf': 0.0, 'monotonic_cst': None, 'n_estimators': 150, 'n_jobs': None, 'oob_score': False, 'random_state': 42, 'verbose': 0, 'warm_start': False}",53.80096077919006
Chinese_wine,9,20,4,5,LinearSVC,SMOTE,5,{'k_neighbors': 5},0.5883333333333334,0.5251707293191897,"{'C': np.float64(6.1584821106602545), 'class_weight': 'balanced', 'dual': False, 'fit_intercept': False, 'intercept_scaling': 1, 'loss': 'squared_hinge', 'max_iter': 100, 'multi_class': 'ovr', 'penalty': 'l2', 'random_state': 42, 'tol': 0.0001, 'verbose': 0}",0.45168519020080566
Chinese_wine,9,20,4,5,LogisticRegression,SMOTE,5,{'k_neighbors': 5},0.707,0.6905011268197871,"{'C': np.float64(183.29807108324337), 'class_weight': None, 'dual': False, 'fit_intercept': False, 'intercept_scaling': 1, 'l1_ratio': None, 'max_iter': 100, 'multi_class': 'deprecated', 'n_jobs': None, 'penalty': 'l2', 'random_state': 42, 'solver': 'sag', 'tol': 0.0001, 'verbose': 0, 'warm_start': False}",0.9229233264923096
Chinese_wine,9,20,4,5,RNN,SMOTE,5,{'k_neighbors': 5},0.6111111111111112,0.544820976125324,"{'hidden_size': 64, 'epochs': 10, 'batch_size': 64, 'lr': 0.001}",47.21909523010254
Chinese_wine,9,20,4,10,KNN,SMOTE,1,{'k_neighbors': 1},0.9533333333333334,0.9529803444961291,"{'algorithm': 'auto', 'leaf_size': 30, 'metric': 'minkowski', 'metric_params': None, 'n_jobs': None, 'n_neighbors': np.int64(11), 'p': 4, 'weights': 'distance'}",0.5168275833129883
Chinese_wine,9,20,4,10,RandomForest,SMOTE,1,{'k_neighbors': 1},0.9306666666666666,0.9296752233764326,"{'bootstrap': True, 'ccp_alpha': 0.0, 'class_weight': 'balanced', 'criterion': 'gini', 'max_depth': None, 'max_features': 'sqrt', 'max_leaf_nodes': None, 'max_samples': None, 'min_impurity_decrease': 0.0, 'min_samples_leaf': 1, 'min_samples_split': 2, 'min_weight_fraction_leaf': 0.0, 'monotonic_cst': None, 'n_estimators': 50, 'n_jobs': None, 'oob_score': False, 'random_state': 42, 'verbose': 0, 'warm_start': False}",14.565609216690063
Chinese_wine,9,20,4,10,LinearSVC,SMOTE,1,{'k_neighbors': 1},0.6823333333333333,0.6523517263633624,"{'C': np.float64(183.29807108324337), 'class_weight': 'balanced', 'dual': False, 'fit_intercept': True, 'intercept_scaling': 1, 'loss': 'squared_hinge', 'max_iter': 100, 'multi_class': 'ovr', 'penalty': 'l1', 'random_state': 42, 'tol': 0.0001, 'verbose': 0}",3.7771759033203125
Chinese_wine,9,20,4,10,LogisticRegression,SMOTE,1,{'k_neighbors': 1},0.8003333333333333,0.7951087306340047,"{'C': np.float64(183.29807108324337), 'class_weight': 'balanced', 'dual': False, 'fit_intercept': True, 'intercept_scaling': 1, 'l1_ratio': None, 'max_iter': 100, 'multi_class': 'deprecated', 'n_jobs': None, 'penalty': 'l1', 'random_state': 42, 'solver': 'saga', 'tol': 0.0001, 'verbose': 0, 'warm_start': False}",7.070438385009766
Chinese_wine,9,20,4,10,RNN,SMOTE,1,{'k_neighbors': 1},0.7,0.6542291235334713,"{'hidden_size': 64, 'epochs': 10, 'batch_size': 64, 'lr': 0.001}",840.1320650577545
Chinese_wine,9,20,4,10,KNN,SMOTE,2,{'k_neighbors': 2},0.9447777777777778,0.9438980110049787,"{'algorithm': 'auto', 'leaf_size': 30, 'metric': 'manhattan', 'metric_params': None, 'n_jobs': None, 'n_neighbors': np.int64(5), 'p': 2, 'weights': 'distance'}",0.30328822135925293
Chinese_wine,9,20,4,10,RandomForest,SMOTE,2,{'k_neighbors': 2},0.9264444444444444,0.9253590959473289,"{'bootstrap': True, 'ccp_alpha': 0.0, 'class_weight': 'balanced', 'criterion': 'gini', 'max_depth': 30, 'max_features': 'sqrt', 'max_leaf_nodes': None, 'max_samples': None, 'min_impurity_decrease': 0.0, 'min_samples_leaf': 1, 'min_samples_split': 5, 'min_weight_fraction_leaf': 0.0, 'monotonic_cst': None, 'n_estimators': 100, 'n_jobs': None, 'oob_score': False, 'random_state': 42, 'verbose': 0, 'warm_start': False}",36.65601301193237
Chinese_wine,9,20,4,10,LinearSVC,SMOTE,2,{'k_neighbors': 2},0.7362222222222222,0.716649962320882,"{'C': np.float64(0.4832930238571752), 'class_weight': 'balanced', 'dual': False, 'fit_intercept': True, 'intercept_scaling': 1, 'loss': 'squared_hinge', 'max_iter': 100, 'multi_class': 'ovr', 'penalty': 'l2', 'random_state': 42, 'tol': 0.0001, 'verbose': 0}",1.86867094039917
Chinese_wine,9,20,4,10,LogisticRegression,SMOTE,2,{'k_neighbors': 2},0.7923333333333333,0.7854269290020887,"{'C': np.float64(183.29807108324337), 'class_weight': 'balanced', 'dual': False, 'fit_intercept': True, 'intercept_scaling': 1, 'l1_ratio': None, 'max_iter': 100, 'multi_class': 'deprecated', 'n_jobs': None, 'penalty': 'l1', 'random_state': 42, 'solver': 'saga', 'tol': 0.0001, 'verbose': 0, 'warm_start': False}",16.186570405960083
Chinese_wine,9,20,4,10,RNN,SMOTE,2,{'k_neighbors': 2},0.6666666666666666,0.6141641016935134,"{'hidden_size': 64, 'epochs': 10, 'batch_size': 64, 'lr': 0.001}",788.6767253875732
Chinese_wine,9,20,4,10,KNN,SMOTE,3,{'k_neighbors': 3},0.9566666666666667,0.9564185756052636,"{'algorithm': 'auto', 'leaf_size': 30, 'metric': 'minkowski', 'metric_params': None, 'n_jobs': None, 'n_neighbors': np.int64(5), 'p': 3, 'weights': 'distance'}",0.5161514282226562
Chinese_wine,9,20,4,10,RandomForest,SMOTE,3,{'k_neighbors': 3},0.9314444444444444,0.9306121209558788,"{'bootstrap': True, 'ccp_alpha': 0.0, 'class_weight': 'balanced', 'criterion': 'gini', 'max_depth': 30, 'max_features': 'sqrt', 'max_leaf_nodes': None, 'max_samples': None, 'min_impurity_decrease': 0.0, 'min_samples_leaf': 1, 'min_samples_split': 2, 'min_weight_fraction_leaf': 0.0, 'monotonic_cst': None, 'n_estimators': 150, 'n_jobs': None, 'oob_score': False, 'random_state': 42, 'verbose': 0, 'warm_start': False}",73.48908638954163
Chinese_wine,9,20,4,10,LinearSVC,SMOTE,3,{'k_neighbors': 3},0.687,0.6593778679898737,"{'C': np.float64(33.59818286283781), 'class_weight': None, 'dual': False, 'fit_intercept': True, 'intercept_scaling': 1, 'loss': 'squared_hinge', 'max_iter': 100, 'multi_class': 'ovr', 'penalty': 'l1', 'random_state': 42, 'tol': 0.001, 'verbose': 0}",3.813450813293457
Chinese_wine,9,20,4,10,LogisticRegression,SMOTE,3,{'k_neighbors': 3},0.8021111111111111,0.7969852380361323,"{'C': np.float64(33.59818286283781), 'class_weight': 'balanced', 'dual': False, 'fit_intercept': True, 'intercept_scaling': 1, 'l1_ratio': None, 'max_iter': 100, 'multi_class': 'deprecated', 'n_jobs': None, 'penalty': 'l1', 'random_state': 42, 'solver': 'saga', 'tol': 0.0001, 'verbose': 0, 'warm_start': False}",7.473905086517334
Chinese_wine,9,20,4,10,RNN,SMOTE,3,{'k_neighbors': 3},0.6777777777777778,0.6284891646619335,"{'hidden_size': 64, 'epochs': 10, 'batch_size': 64, 'lr': 0.001}",858.3360662460327
Chinese_wine,9,20,4,10,KNN,SMOTE,4,{'k_neighbors': 4},0.9532222222222222,0.9527754256192816,"{'algorithm': 'auto', 'leaf_size': 30, 'metric': 'chebyshev', 'metric_params': None, 'n_jobs': None, 'n_neighbors': np.int64(5), 'p': 2, 'weights': 'uniform'}",0.6416091918945312
Chinese_wine,9,20,4,10,RandomForest,SMOTE,4,{'k_neighbors': 4},0.934,0.9333472786135035,"{'bootstrap': True, 'ccp_alpha': 0.0, 'class_weight': None, 'criterion': 'gini', 'max_depth': 20, 'max_features': 'sqrt', 'max_leaf_nodes': None, 'max_samples': None, 'min_impurity_decrease': 0.0, 'min_samples_leaf': 1, 'min_samples_split': 2, 'min_weight_fraction_leaf': 0.0, 'monotonic_cst': None, 'n_estimators': 100, 'n_jobs': None, 'oob_score': False, 'random_state': 42, 'verbose': 0, 'warm_start': False}",35.336262464523315
Chinese_wine,9,20,4,10,LinearSVC,SMOTE,4,{'k_neighbors': 4},0.6878888888888889,0.6615546106349438,"{'C': np.float64(183.29807108324337), 'class_weight': 'balanced', 'dual': False, 'fit_intercept': True, 'intercept_scaling': 1, 'loss': 'squared_hinge', 'max_iter': 100, 'multi_class': 'ovr', 'penalty': 'l1', 'random_state': 42, 'tol': 0.0001, 'verbose': 0}",3.731806755065918
Chinese_wine,9,20,4,10,LogisticRegression,SMOTE,4,{'k_neighbors': 4},0.7953333333333333,0.7886194172928989,"{'C': np.float64(33.59818286283781), 'class_weight': 'balanced', 'dual': False, 'fit_intercept': True, 'intercept_scaling': 1, 'l1_ratio': None, 'max_iter': 100, 'multi_class': 'deprecated', 'n_jobs': None, 'penalty': 'l1', 'random_state': 42, 'solver': 'saga', 'tol': 0.0001, 'verbose': 0, 'warm_start': False}",8.18629503250122
Chinese_wine,9,20,4,10,RNN,SMOTE,4,{'k_neighbors': 4},0.4777777777777778,0.4154096638655462,"{'hidden_size': 64, 'epochs': 10, 'batch_size': 64, 'lr': 0.001}",456.0414021015167
Chinese_wine,9,20,4,10,KNN,SMOTE,5,{'k_neighbors': 5},0.9503333333333334,0.9498086458278773,"{'algorithm': 'auto', 'leaf_size': 30, 'metric': 'manhattan', 'metric_params': None, 'n_jobs': None, 'n_neighbors': np.int64(5), 'p': 2, 'weights': 'distance'}",0.2992739677429199
Chinese_wine,9,20,4,10,RandomForest,SMOTE,5,{'k_neighbors': 5},0.934,0.9332990809728888,"{'bootstrap': True, 'ccp_alpha': 0.0, 'class_weight': 'balanced', 'criterion': 'gini', 'max_depth': 30, 'max_features': 'sqrt', 'max_leaf_nodes': None, 'max_samples': None, 'min_impurity_decrease': 0.0, 'min_samples_leaf': 1, 'min_samples_split': 2, 'min_weight_fraction_leaf': 0.0, 'monotonic_cst': None, 'n_estimators': 150, 'n_jobs': None, 'oob_score': False, 'random_state': 42, 'verbose': 0, 'warm_start': False}",65.71097087860107
Chinese_wine,9,20,4,10,LinearSVC,SMOTE,5,{'k_neighbors': 5},0.6863333333333334,0.6602388577127825,"{'C': np.float64(2.6366508987303554), 'class_weight': 'balanced', 'dual': False, 'fit_intercept': True, 'intercept_scaling': 1, 'loss': 'squared_hinge', 'max_iter': 100, 'multi_class': 'ovr', 'penalty': 'l1', 'random_state': 42, 'tol': 0.0001, 'verbose': 0}",3.7431704998016357
Chinese_wine,9,20,4,10,LogisticRegression,SMOTE,5,{'k_neighbors': 5},0.7961111111111111,0.7891253353543792,"{'C': np.float64(1000.0), 'class_weight': 'balanced', 'dual': False, 'fit_intercept': True, 'intercept_scaling': 1, 'l1_ratio': None, 'max_iter': 100, 'multi_class': 'deprecated', 'n_jobs': None, 'penalty': 'l2', 'random_state': 42, 'solver': 'sag', 'tol': 0.0001, 'verbose': 0, 'warm_start': False}",2.837310552597046
Chinese_wine,9,20,4,10,RNN,SMOTE,5,{'k_neighbors': 5},0.7222222222222222,0.6796012467065099,"{'hidden_size': 64, 'epochs': 10, 'batch_size': 64, 'lr': 0.001}",6.766171216964722
Chinese_wine,9,20,5,1,KNN,Baseline,N/A,N/A,0.9273333333333333,0.9263272329944937,"{'algorithm': 'auto', 'leaf_size': 30, 'metric': 'minkowski', 'metric_params': None, 'n_jobs': None, 'n_neighbors': 5, 'p': 2, 'weights': 'uniform'}",0.3182542324066162
Chinese_wine,9,20,5,1,KNN,Tuned_Baseline,N/A,N/A,0.9296666666666666,0.9286075991339668,"{'algorithm': 'auto', 'leaf_size': 30, 'metric': 'minkowski', 'metric_params': None, 'n_jobs': None, 'n_neighbors': np.int64(5), 'p': 3, 'weights': 'distance'}",0.21948790550231934
Chinese_wine,9,20,5,1,RandomForest,Baseline,N/A,N/A,0.9162222222222223,0.9146602764804663,"{'bootstrap': True, 'ccp_alpha': 0.0, 'class_weight': None, 'criterion': 'gini', 'max_depth': None, 'max_features': 'sqrt', 'max_leaf_nodes': None, 'max_samples': None, 'min_impurity_decrease': 0.0, 'min_samples_leaf': 1, 'min_samples_split': 2, 'min_weight_fraction_leaf': 0.0, 'monotonic_cst': None, 'n_estimators': 100, 'n_jobs': None, 'oob_score': False, 'random_state': 42, 'verbose': 0, 'warm_start': False}",4.464175462722778
Chinese_wine,9,20,5,1,RandomForest,Tuned_Baseline,N/A,N/A,0.9092222222222223,0.9075002167542439,"{'bootstrap': True, 'ccp_alpha': 0.0, 'class_weight': 'balanced', 'criterion': 'gini', 'max_depth': 20, 'max_features': 'sqrt', 'max_leaf_nodes': None, 'max_samples': None, 'min_impurity_decrease': 0.0, 'min_samples_leaf': 1, 'min_samples_split': 2, 'min_weight_fraction_leaf': 0.0, 'monotonic_cst': None, 'n_estimators': 50, 'n_jobs': None, 'oob_score': False, 'random_state': 42, 'verbose': 0, 'warm_start': False}",0.032164573669433594
Chinese_wine,9,20,5,1,LinearSVC,Baseline,N/A,N/A,0.7331111111111112,0.7112066817675525,"{'C': 1.0, 'class_weight': None, 'dual': False, 'fit_intercept': True, 'intercept_scaling': 1, 'loss': 'squared_hinge', 'max_iter': 100, 'multi_class': 'ovr', 'penalty': 'l2', 'random_state': 42, 'tol': 0.0001, 'verbose': 0}",0.12236309051513672
Chinese_wine,9,20,5,1,LinearSVC,Tuned_Baseline,N/A,N/A,0.7343333333333333,0.712949589736592,"{'C': np.float64(6.1584821106602545), 'class_weight': None, 'dual': False, 'fit_intercept': True, 'intercept_scaling': 1, 'loss': 'squared_hinge', 'max_iter': 100, 'multi_class': 'ovr', 'penalty': 'l2', 'random_state': 42, 'tol': 0.0001, 'verbose': 0}",0.0008318424224853516
Chinese_wine,9,20,5,1,LogisticRegression,Baseline,N/A,N/A,0.7874444444444444,0.7812482072488832,"{'C': 1.0, 'class_weight': None, 'dual': False, 'fit_intercept': True, 'intercept_scaling': 1, 'l1_ratio': None, 'max_iter': 100, 'multi_class': 'deprecated', 'n_jobs': None, 'penalty': 'l2', 'random_state': 42, 'solver': 'lbfgs', 'tol': 0.0001, 'verbose': 0, 'warm_start': False}",0.5954563617706299
Chinese_wine,9,20,5,1,LogisticRegression,Tuned_Baseline,N/A,N/A,0.8052222222222222,0.7993490481281391,"{'C': np.float64(1000.0), 'class_weight': 'balanced', 'dual': False, 'fit_intercept': True, 'intercept_scaling': 1, 'l1_ratio': None, 'max_iter': 100, 'multi_class': 'deprecated', 'n_jobs': None, 'penalty': 'l2', 'random_state': 42, 'solver': 'sag', 'tol': 0.0001, 'verbose': 0, 'warm_start': False}",0.0010230541229248047
Chinese_wine,9,20,5,1,RNN,Baseline,N/A,N/A,0.32222222222222224,0.19084249084249083,"{'hidden_size': 64, 'epochs': 10, 'batch_size': 32, 'lr': 0.001}",0.9732251167297363
Chinese_wine,9,20,5,1,RNN,Tuned_Baseline,N/A,N/A,0.2111111111111111,0.08749377877317406,"{'hidden_size': 64, 'epochs': 10, 'batch_size': 64, 'lr': 0.001}",0.00738072395324707
Chinese_wine,9,20,5,2,KNN,SMOTE,1,{'k_neighbors': 1},0.9261111111111111,0.9250510690001801,"{'algorithm': 'auto', 'leaf_size': 30, 'metric': 'minkowski', 'metric_params': None, 'n_jobs': None, 'n_neighbors': np.int64(11), 'p': 4, 'weights': 'distance'}",0.3494384288787842
Chinese_wine,9,20,5,2,RandomForest,SMOTE,1,{'k_neighbors': 1},0.8113333333333334,0.8103583574820977,"{'bootstrap': True, 'ccp_alpha': 0.0, 'class_weight': 'balanced', 'criterion': 'gini', 'max_depth': 10, 'max_features': 'sqrt', 'max_leaf_nodes': None, 'max_samples': None, 'min_impurity_decrease': 0.0, 'min_samples_leaf': 1, 'min_samples_split': 2, 'min_weight_fraction_leaf': 0.0, 'monotonic_cst': None, 'n_estimators': 100, 'n_jobs': None, 'oob_score': False, 'random_state': 42, 'verbose': 0, 'warm_start': False}",7.017842531204224
Chinese_wine,9,20,5,2,LinearSVC,SMOTE,1,{'k_neighbors': 1},0.7304444444444445,0.7075408588331393,"{'C': np.float64(1000.0), 'class_weight': 'balanced', 'dual': False, 'fit_intercept': True, 'intercept_scaling': 1, 'loss': 'squared_hinge', 'max_iter': 100, 'multi_class': 'ovr', 'penalty': 'l2', 'random_state': 42, 'tol': 0.001, 'verbose': 0}",0.23592638969421387
Chinese_wine,9,20,5,2,LogisticRegression,SMOTE,1,{'k_neighbors': 1},0.7983333333333333,0.7920873642407249,"{'C': np.float64(1000.0), 'class_weight': 'balanced', 'dual': False, 'fit_intercept': True, 'intercept_scaling': 1, 'l1_ratio': None, 'max_iter': 100, 'multi_class': 'deprecated', 'n_jobs': None, 'penalty': 'l2', 'random_state': 42, 'solver': 'sag', 'tol': 0.0001, 'verbose': 0, 'warm_start': False}",1.2067480087280273
Chinese_wine,9,20,5,2,RNN,SMOTE,1,{'k_neighbors': 1},0.4777777777777778,0.35958421317244843,"{'hidden_size': 64, 'epochs': 10, 'batch_size': 64, 'lr': 0.001}",148.29889225959778
Chinese_wine,9,20,5,2,KNN,SMOTE,2,{'k_neighbors': 2},0.9266666666666666,0.9257063893235604,"{'algorithm': 'auto', 'leaf_size': 30, 'metric': 'minkowski', 'metric_params': None, 'n_jobs': None, 'n_neighbors': np.int64(5), 'p': 3, 'weights': 'distance'}",0.7224249839782715
Chinese_wine,9,20,5,2,RandomForest,SMOTE,2,{'k_neighbors': 2},0.9185555555555556,0.9174117516535419,"{'bootstrap': True, 'ccp_alpha': 0.0, 'class_weight': 'balanced', 'criterion': 'gini', 'max_depth': 30, 'max_features': 'sqrt', 'max_leaf_nodes': None, 'max_samples': None, 'min_impurity_decrease': 0.0, 'min_samples_leaf': 1, 'min_samples_split': 2, 'min_weight_fraction_leaf': 0.0, 'monotonic_cst': None, 'n_estimators': 150, 'n_jobs': None, 'oob_score': False, 'random_state': 42, 'verbose': 0, 'warm_start': False}",18.408783674240112
Chinese_wine,9,20,5,2,LinearSVC,SMOTE,2,{'k_neighbors': 2},0.6776666666666666,0.644058053764377,"{'C': np.float64(33.59818286283781), 'class_weight': 'balanced', 'dual': False, 'fit_intercept': True, 'intercept_scaling': 1, 'loss': 'squared_hinge', 'max_iter': 100, 'multi_class': 'ovr', 'penalty': 'l1', 'random_state': 42, 'tol': 0.0001, 'verbose': 0}",1.86820650100708
Chinese_wine,9,20,5,2,LogisticRegression,SMOTE,2,{'k_neighbors': 2},0.8006666666666666,0.7941925330725933,"{'C': np.float64(1000.0), 'class_weight': 'balanced', 'dual': False, 'fit_intercept': True, 'intercept_scaling': 1, 'l1_ratio': None, 'max_iter': 100, 'multi_class': 'deprecated', 'n_jobs': None, 'penalty': 'l2', 'random_state': 42, 'solver': 'sag', 'tol': 0.0001, 'verbose': 0, 'warm_start': False}",1.6145684719085693
Chinese_wine,9,20,5,2,RNN,SMOTE,2,{'k_neighbors': 2},0.4444444444444444,0.31797916508442825,"{'hidden_size': 64, 'epochs': 10, 'batch_size': 64, 'lr': 0.001}",174.74450659751892
Chinese_wine,9,20,5,2,KNN,SMOTE,3,{'k_neighbors': 3},0.9362222222222222,0.9354925373069186,"{'algorithm': 'auto', 'leaf_size': 30, 'metric': 'euclidean', 'metric_params': None, 'n_jobs': None, 'n_neighbors': np.int64(9), 'p': 2, 'weights': 'distance'}",0.14640569686889648
Chinese_wine,9,20,5,2,RandomForest,SMOTE,3,{'k_neighbors': 3},0.9256666666666666,0.9247653422839707,"{'bootstrap': True, 'ccp_alpha': 0.0, 'class_weight': 'balanced', 'criterion': 'gini', 'max_depth': None, 'max_features': 'sqrt', 'max_leaf_nodes': None, 'max_samples': None, 'min_impurity_decrease': 0.0, 'min_samples_leaf': 1, 'min_samples_split': 2, 'min_weight_fraction_leaf': 0.0, 'monotonic_cst': None, 'n_estimators': 50, 'n_jobs': None, 'oob_score': False, 'random_state': 42, 'verbose': 0, 'warm_start': False}",7.601005792617798
Chinese_wine,9,20,5,2,LinearSVC,SMOTE,3,{'k_neighbors': 3},0.6786666666666666,0.6484990705136835,"{'C': np.float64(183.29807108324337), 'class_weight': None, 'dual': False, 'fit_intercept': True, 'intercept_scaling': 1, 'loss': 'squared_hinge', 'max_iter': 100, 'multi_class': 'ovr', 'penalty': 'l1', 'random_state': 42, 'tol': 0.001, 'verbose': 0}",0.8997647762298584
Chinese_wine,9,20,5,2,LogisticRegression,SMOTE,3,{'k_neighbors': 3},0.8093333333333333,0.804209078167997,"{'C': np.float64(183.29807108324337), 'class_weight': 'balanced', 'dual': False, 'fit_intercept': True, 'intercept_scaling': 1, 'l1_ratio': None, 'max_iter': 100, 'multi_class': 'deprecated', 'n_jobs': None, 'penalty': 'l1', 'random_state': 42, 'solver': 'saga', 'tol': 0.0001, 'verbose': 0, 'warm_start': False}",2.930903434753418
Chinese_wine,9,20,5,2,RNN,SMOTE,3,{'k_neighbors': 3},0.4666666666666667,0.3288439955106621,"{'hidden_size': 64, 'epochs': 10, 'batch_size': 64, 'lr': 0.001}",96.23925137519836
Chinese_wine,9,20,5,2,KNN,SMOTE,4,{'k_neighbors': 4},0.9316666666666666,0.93071250496383,"{'algorithm': 'auto', 'leaf_size': 30, 'metric': 'chebyshev', 'metric_params': None, 'n_jobs': None, 'n_neighbors': np.int64(11), 'p': 2, 'weights': 'distance'}",0.08785367012023926
Chinese_wine,9,20,5,2,RandomForest,SMOTE,4,{'k_neighbors': 4},0.9257777777777778,0.9248275433000707,"{'bootstrap': True, 'ccp_alpha': 0.0, 'class_weight': 'balanced', 'criterion': 'gini', 'max_depth': None, 'max_features': 'sqrt', 'max_leaf_nodes': None, 'max_samples': None, 'min_impurity_decrease': 0.0, 'min_samples_leaf': 1, 'min_samples_split': 2, 'min_weight_fraction_leaf': 0.0, 'monotonic_cst': None, 'n_estimators': 50, 'n_jobs': None, 'oob_score': False, 'random_state': 42, 'verbose': 0, 'warm_start': False}",5.583501100540161
Chinese_wine,9,20,5,2,LinearSVC,SMOTE,4,{'k_neighbors': 4},0.737,0.7160005512089277,"{'C': np.float64(1000.0), 'class_weight': 'balanced', 'dual': False, 'fit_intercept': True, 'intercept_scaling': 1, 'loss': 'squared_hinge', 'max_iter': 100, 'multi_class': 'ovr', 'penalty': 'l2', 'random_state': 42, 'tol': 0.001, 'verbose': 0}",0.2508049011230469
Chinese_wine,9,20,5,2,LogisticRegression,SMOTE,4,{'k_neighbors': 4},0.7992222222222222,0.7931750505615507,"{'C': np.float64(1000.0), 'class_weight': 'balanced', 'dual': False, 'fit_intercept': True, 'intercept_scaling': 1, 'l1_ratio': None, 'max_iter': 100, 'multi_class': 'deprecated', 'n_jobs': None, 'penalty': 'l2', 'random_state': 42, 'solver': 'sag', 'tol': 0.0001, 'verbose': 0, 'warm_start': False}",1.2268431186676025
Chinese_wine,9,20,5,2,RNN,SMOTE,4,{'k_neighbors': 4},0.45555555555555555,0.3752302541776226,"{'hidden_size': 64, 'epochs': 10, 'batch_size': 64, 'lr': 0.001}",1.2719752788543701
Chinese_wine,9,20,5,2,KNN,SMOTE,5,{'k_neighbors': 5},0.9373333333333334,0.9365349681453407,"{'algorithm': 'auto', 'leaf_size': 30, 'metric': 'minkowski', 'metric_params': None, 'n_jobs': None, 'n_neighbors': np.int64(5), 'p': 3, 'weights': 'distance'}",0.2743668556213379
Chinese_wine,9,20,5,2,RandomForest,SMOTE,5,{'k_neighbors': 5},0.9243333333333333,0.9231523315646614,"{'bootstrap': True, 'ccp_alpha': 0.0, 'class_weight': 'balanced', 'criterion': 'gini', 'max_depth': 30, 'max_features': 'sqrt', 'max_leaf_nodes': None, 'max_samples': None, 'min_impurity_decrease': 0.0, 'min_samples_leaf': 1, 'min_samples_split': 2, 'min_weight_fraction_leaf': 0.0, 'monotonic_cst': None, 'n_estimators': 150, 'n_jobs': None, 'oob_score': False, 'random_state': 42, 'verbose': 0, 'warm_start': False}",17.438316345214844
Chinese_wine,9,20,5,2,LinearSVC,SMOTE,5,{'k_neighbors': 5},0.6891111111111111,0.6620145857426685,"{'C': np.float64(33.59818286283781), 'class_weight': 'balanced', 'dual': False, 'fit_intercept': True, 'intercept_scaling': 1, 'loss': 'squared_hinge', 'max_iter': 100, 'multi_class': 'ovr', 'penalty': 'l1', 'random_state': 42, 'tol': 0.0001, 'verbose': 0}",0.8672757148742676
Chinese_wine,9,20,5,2,LogisticRegression,SMOTE,5,{'k_neighbors': 5},0.8145555555555556,0.8100470037764657,"{'C': np.float64(183.29807108324337), 'class_weight': 'balanced', 'dual': False, 'fit_intercept': True, 'intercept_scaling': 1, 'l1_ratio': None, 'max_iter': 100, 'multi_class': 'deprecated', 'n_jobs': None, 'penalty': 'l1', 'random_state': 42, 'solver': 'saga', 'tol': 0.0001, 'verbose': 0, 'warm_start': False}",4.797901391983032
Chinese_wine,9,20,5,2,RNN,SMOTE,5,{'k_neighbors': 5},0.5,0.3946204048513378,"{'hidden_size': 64, 'epochs': 10, 'batch_size': 64, 'lr': 0.001}",166.09006357192993
Chinese_wine,9,20,5,3,KNN,SMOTE,1,{'k_neighbors': 1},0.9273333333333333,0.9260798111282644,"{'algorithm': 'auto', 'leaf_size': 30, 'metric': 'chebyshev', 'metric_params': None, 'n_jobs': None, 'n_neighbors': np.int64(11), 'p': 2, 'weights': 'distance'}",0.13800549507141113
Chinese_wine,9,20,5,3,RandomForest,SMOTE,1,{'k_neighbors': 1},0.9103333333333333,0.9083210753440292,"{'bootstrap': True, 'ccp_alpha': 0.0, 'class_weight': None, 'criterion': 'gini', 'max_depth': 20, 'max_features': 'sqrt', 'max_leaf_nodes': None, 'max_samples': None, 'min_impurity_decrease': 0.0, 'min_samples_leaf': 1, 'min_samples_split': 5, 'min_weight_fraction_leaf': 0.0, 'monotonic_cst': None, 'n_estimators': 50, 'n_jobs': None, 'oob_score': False, 'random_state': 42, 'verbose': 0, 'warm_start': False}",9.244343042373657
Chinese_wine,9,20,5,3,LinearSVC,SMOTE,1,{'k_neighbors': 1},0.7331111111111112,0.7105337787526288,"{'C': np.float64(6.1584821106602545), 'class_weight': None, 'dual': False, 'fit_intercept': True, 'intercept_scaling': 1, 'loss': 'squared_hinge', 'max_iter': 100, 'multi_class': 'ovr', 'penalty': 'l2', 'random_state': 42, 'tol': 0.0001, 'verbose': 0}",0.8331890106201172
Chinese_wine,9,20,5,3,LogisticRegression,SMOTE,1,{'k_neighbors': 1},0.7998888888888889,0.7938018528052138,"{'C': np.float64(1000.0), 'class_weight': 'balanced', 'dual': False, 'fit_intercept': True, 'intercept_scaling': 1, 'l1_ratio': None, 'max_iter': 100, 'multi_class': 'deprecated', 'n_jobs': None, 'penalty': 'l2', 'random_state': 42, 'solver': 'sag', 'tol': 0.0001, 'verbose': 0, 'warm_start': False}",1.9037110805511475
Chinese_wine,9,20,5,3,RNN,SMOTE,1,{'k_neighbors': 1},0.5,0.3831706349206349,"{'hidden_size': 64, 'epochs': 10, 'batch_size': 64, 'lr': 0.001}",251.54060435295105
Chinese_wine,9,20,5,3,KNN,SMOTE,2,{'k_neighbors': 2},0.9338888888888889,0.9333914446521394,"{'algorithm': 'auto', 'leaf_size': 30, 'metric': 'manhattan', 'metric_params': None, 'n_jobs': None, 'n_neighbors': np.int64(5), 'p': 2, 'weights': 'distance'}",0.18924474716186523
Chinese_wine,9,20,5,3,RandomForest,SMOTE,2,{'k_neighbors': 2},0.9216666666666666,0.92077049080891,"{'bootstrap': True, 'ccp_alpha': 0.0, 'class_weight': 'balanced', 'criterion': 'gini', 'max_depth': 30, 'max_features': 'sqrt', 'max_leaf_nodes': None, 'max_samples': None, 'min_impurity_decrease': 0.0, 'min_samples_leaf': 1, 'min_samples_split': 2, 'min_weight_fraction_leaf': 0.0, 'monotonic_cst': None, 'n_estimators': 150, 'n_jobs': None, 'oob_score': False, 'random_state': 42, 'verbose': 0, 'warm_start': False}",29.7749445438385
Chinese_wine,9,20,5,3,LinearSVC,SMOTE,2,{'k_neighbors': 2},0.6762222222222222,0.6430378991886151,"{'C': np.float64(183.29807108324337), 'class_weight': 'balanced', 'dual': False, 'fit_intercept': True, 'intercept_scaling': 1, 'loss': 'squared_hinge', 'max_iter': 100, 'multi_class': 'ovr', 'penalty': 'l1', 'random_state': 42, 'tol': 0.0001, 'verbose': 0}",1.3806586265563965
Chinese_wine,9,20,5,3,LogisticRegression,SMOTE,2,{'k_neighbors': 2},0.8052222222222222,0.7990685805998798,"{'C': np.float64(1000.0), 'class_weight': 'balanced', 'dual': False, 'fit_intercept': True, 'intercept_scaling': 1, 'l1_ratio': None, 'max_iter': 100, 'multi_class': 'deprecated', 'n_jobs': None, 'penalty': 'l2', 'random_state': 42, 'solver': 'sag', 'tol': 0.0001, 'verbose': 0, 'warm_start': False}",1.1320788860321045
Chinese_wine,9,20,5,3,RNN,SMOTE,2,{'k_neighbors': 2},0.5555555555555556,0.48359052711993883,"{'hidden_size': 64, 'epochs': 10, 'batch_size': 64, 'lr': 0.001}",96.23367524147034
Chinese_wine,9,20,5,3,KNN,SMOTE,3,{'k_neighbors': 3},0.9408888888888889,0.9402753956494047,"{'algorithm': 'auto', 'leaf_size': 30, 'metric': 'minkowski', 'metric_params': None, 'n_jobs': None, 'n_neighbors': np.int64(15), 'p': 4, 'weights': 'distance'}",0.5619063377380371
Chinese_wine,9,20,5,3,RandomForest,SMOTE,3,{'k_neighbors': 3},0.9252222222222222,0.9244665039248149,"{'bootstrap': True, 'ccp_alpha': 0.0, 'class_weight': 'balanced', 'criterion': 'gini', 'max_depth': 20, 'max_features': 'sqrt', 'max_leaf_nodes': None, 'max_samples': None, 'min_impurity_decrease': 0.0, 'min_samples_leaf': 1, 'min_samples_split': 2, 'min_weight_fraction_leaf': 0.0, 'monotonic_cst': None, 'n_estimators': 50, 'n_jobs': None, 'oob_score': False, 'random_state': 42, 'verbose': 0, 'warm_start': False}",8.160901308059692
Chinese_wine,9,20,5,3,LinearSVC,SMOTE,3,{'k_neighbors': 3},0.7417777777777778,0.7262484895382444,"{'C': np.float64(6.1584821106602545), 'class_weight': None, 'dual': False, 'fit_intercept': True, 'intercept_scaling': 1, 'loss': 'squared_hinge', 'max_iter': 100, 'multi_class': 'ovr', 'penalty': 'l2', 'random_state': 42, 'tol': 0.0001, 'verbose': 0}",0.36354970932006836
Chinese_wine,9,20,5,3,LogisticRegression,SMOTE,3,{'k_neighbors': 3},0.8045555555555556,0.7996554300148402,"{'C': np.float64(1000.0), 'class_weight': 'balanced', 'dual': False, 'fit_intercept': True, 'intercept_scaling': 1, 'l1_ratio': None, 'max_iter': 100, 'multi_class': 'deprecated', 'n_jobs': None, 'penalty': 'l2', 'random_state': 42, 'solver': 'sag', 'tol': 0.0001, 'verbose': 0, 'warm_start': False}",1.600996971130371
Chinese_wine,9,20,5,3,RNN,SMOTE,3,{'k_neighbors': 3},0.6222222222222222,0.5240075600132527,"{'hidden_size': 64, 'epochs': 10, 'batch_size': 64, 'lr': 0.001}",7.9667603969573975
Chinese_wine,9,20,5,3,KNN,SMOTE,4,{'k_neighbors': 4},0.9352222222222222,0.9344066488782452,"{'algorithm': 'auto', 'leaf_size': 30, 'metric': 'minkowski', 'metric_params': None, 'n_jobs': None, 'n_neighbors': np.int64(11), 'p': 4, 'weights': 'distance'}",0.4470510482788086
Chinese_wine,9,20,5,3,RandomForest,SMOTE,4,{'k_neighbors': 4},0.9287777777777778,0.928088320010545,"{'bootstrap': True, 'ccp_alpha': 0.0, 'class_weight': None, 'criterion': 'gini', 'max_depth': 20, 'max_features': 'sqrt', 'max_leaf_nodes': None, 'max_samples': None, 'min_impurity_decrease': 0.0, 'min_samples_leaf': 1, 'min_samples_split': 5, 'min_weight_fraction_leaf': 0.0, 'monotonic_cst': None, 'n_estimators': 150, 'n_jobs': None, 'oob_score': False, 'random_state': 42, 'verbose': 0, 'warm_start': False}",26.428369998931885
Chinese_wine,9,20,5,3,LinearSVC,SMOTE,4,{'k_neighbors': 4},0.6755555555555556,0.6415590164494794,"{'C': np.float64(33.59818286283781), 'class_weight': 'balanced', 'dual': False, 'fit_intercept': True, 'intercept_scaling': 1, 'loss': 'squared_hinge', 'max_iter': 100, 'multi_class': 'ovr', 'penalty': 'l1', 'random_state': 42, 'tol': 0.001, 'verbose': 0}",1.4164481163024902
Chinese_wine,9,20,5,3,LogisticRegression,SMOTE,4,{'k_neighbors': 4},0.809,0.8025242352038291,"{'C': np.float64(1000.0), 'class_weight': 'balanced', 'dual': False, 'fit_intercept': True, 'intercept_scaling': 1, 'l1_ratio': None, 'max_iter': 100, 'multi_class': 'deprecated', 'n_jobs': None, 'penalty': 'l2', 'random_state': 42, 'solver': 'sag', 'tol': 0.0001, 'verbose': 0, 'warm_start': False}",1.8000776767730713
Chinese_wine,9,20,5,3,RNN,SMOTE,4,{'k_neighbors': 4},0.4666666666666667,0.3291071428571429,"{'hidden_size': 64, 'epochs': 10, 'batch_size': 64, 'lr': 0.001}",252.3851547241211
Chinese_wine,9,20,5,3,KNN,SMOTE,5,{'k_neighbors': 5},0.9383333333333334,0.9377953806888979,"{'algorithm': 'auto', 'leaf_size': 30, 'metric': 'manhattan', 'metric_params': None, 'n_jobs': None, 'n_neighbors': np.int64(5), 'p': 2, 'weights': 'distance'}",0.20771265029907227
Chinese_wine,9,20,5,3,RandomForest,SMOTE,5,{'k_neighbors': 5},0.9271111111111111,0.9260682442075421,"{'bootstrap': True, 'ccp_alpha': 0.0, 'class_weight': 'balanced', 'criterion': 'gini', 'max_depth': None, 'max_features': 'sqrt', 'max_leaf_nodes': None, 'max_samples': None, 'min_impurity_decrease': 0.0, 'min_samples_leaf': 1, 'min_samples_split': 2, 'min_weight_fraction_leaf': 0.0, 'monotonic_cst': None, 'n_estimators': 50, 'n_jobs': None, 'oob_score': False, 'random_state': 42, 'verbose': 0, 'warm_start': False}",12.499377727508545
Chinese_wine,9,20,5,3,LinearSVC,SMOTE,5,{'k_neighbors': 5},0.7355555555555555,0.715633873568164,"{'C': np.float64(6.1584821106602545), 'class_weight': None, 'dual': False, 'fit_intercept': True, 'intercept_scaling': 1, 'loss': 'squared_hinge', 'max_iter': 100, 'multi_class': 'ovr', 'penalty': 'l2', 'random_state': 42, 'tol': 0.0001, 'verbose': 0}",0.39977502822875977
Chinese_wine,9,20,5,3,LogisticRegression,SMOTE,5,{'k_neighbors': 5},0.8121111111111111,0.8067113605177972,"{'C': np.float64(183.29807108324337), 'class_weight': None, 'dual': False, 'fit_intercept': True, 'intercept_scaling': 1, 'l1_ratio': None, 'max_iter': 100, 'multi_class': 'deprecated', 'n_jobs': None, 'penalty': 'l2', 'random_state': 42, 'solver': 'saga', 'tol': 0.0001, 'verbose': 0, 'warm_start': False}",2.7469263076782227
Chinese_wine,9,20,5,3,RNN,SMOTE,5,{'k_neighbors': 5},0.4666666666666667,0.348827086891603,"{'hidden_size': 64, 'epochs': 10, 'batch_size': 64, 'lr': 0.001}",241.12426733970642
Chinese_wine,9,20,5,5,KNN,SMOTE,1,{'k_neighbors': 1},0.9291111111111111,0.928320008726846,"{'algorithm': 'auto', 'leaf_size': 30, 'metric': 'minkowski', 'metric_params': None, 'n_jobs': None, 'n_neighbors': np.int64(11), 'p': 4, 'weights': 'distance'}",0.5314004421234131
Chinese_wine,9,20,5,5,RandomForest,SMOTE,1,{'k_neighbors': 1},0.7937777777777778,0.7935746757835519,"{'bootstrap': True, 'ccp_alpha': 0.0, 'class_weight': 'balanced', 'criterion': 'gini', 'max_depth': 10, 'max_features': 'sqrt', 'max_leaf_nodes': None, 'max_samples': None, 'min_impurity_decrease': 0.0, 'min_samples_leaf': 2, 'min_samples_split': 20, 'min_weight_fraction_leaf': 0.0, 'monotonic_cst': None, 'n_estimators': 100, 'n_jobs': None, 'oob_score': False, 'random_state': 42, 'verbose': 0, 'warm_start': False}",20.39200448989868
Chinese_wine,9,20,5,5,LinearSVC,SMOTE,1,{'k_neighbors': 1},0.6764444444444444,0.6421885927201366,"{'C': np.float64(33.59818286283781), 'class_weight': 'balanced', 'dual': False, 'fit_intercept': True, 'intercept_scaling': 1, 'loss': 'squared_hinge', 'max_iter': 100, 'multi_class': 'ovr', 'penalty': 'l1', 'random_state': 42, 'tol': 0.001, 'verbose': 0}",2.2811930179595947
Chinese_wine,9,20,5,5,LogisticRegression,SMOTE,1,{'k_neighbors': 1},0.8068888888888889,0.8010886399495635,"{'C': np.float64(183.29807108324337), 'class_weight': 'balanced', 'dual': False, 'fit_intercept': True, 'intercept_scaling': 1, 'l1_ratio': None, 'max_iter': 100, 'multi_class': 'deprecated', 'n_jobs': None, 'penalty': 'l1', 'random_state': 42, 'solver': 'saga', 'tol': 0.0001, 'verbose': 0, 'warm_start': False}",6.852454662322998
Chinese_wine,9,20,5,5,RNN,SMOTE,1,{'k_neighbors': 1},0.5333333333333333,0.43871994671994663,"{'hidden_size': 64, 'epochs': 10, 'batch_size': 64, 'lr': 0.001}",431.1867094039917
Chinese_wine,9,20,5,5,KNN,SMOTE,2,{'k_neighbors': 2},0.9382222222222222,0.9375409788360397,"{'algorithm': 'auto', 'leaf_size': 30, 'metric': 'euclidean', 'metric_params': None, 'n_jobs': None, 'n_neighbors': np.int64(9), 'p': 2, 'weights': 'distance'}",0.23956990242004395
Chinese_wine,9,20,5,5,RandomForest,SMOTE,2,{'k_neighbors': 2},0.927,0.9261147088453073,"{'bootstrap': True, 'ccp_alpha': 0.0, 'class_weight': None, 'criterion': 'gini', 'max_depth': 20, 'max_features': 'sqrt', 'max_leaf_nodes': None, 'max_samples': None, 'min_impurity_decrease': 0.0, 'min_samples_leaf': 1, 'min_samples_split': 2, 'min_weight_fraction_leaf': 0.0, 'monotonic_cst': None, 'n_estimators': 100, 'n_jobs': None, 'oob_score': False, 'random_state': 42, 'verbose': 0, 'warm_start': False}",36.53491568565369
Chinese_wine,9,20,5,5,LinearSVC,SMOTE,2,{'k_neighbors': 2},0.6766666666666666,0.6446330143717407,"{'C': np.float64(33.59818286283781), 'class_weight': None, 'dual': False, 'fit_intercept': True, 'intercept_scaling': 1, 'loss': 'squared_hinge', 'max_iter': 100, 'multi_class': 'ovr', 'penalty': 'l1', 'random_state': 42, 'tol': 0.001, 'verbose': 0}",2.5059092044830322
Chinese_wine,9,20,5,5,LogisticRegression,SMOTE,2,{'k_neighbors': 2},0.7132222222222222,0.69926641912803,"{'C': np.float64(0.2069138081114788), 'class_weight': 'balanced', 'dual': False, 'fit_intercept': False, 'intercept_scaling': 1, 'l1_ratio': None, 'max_iter': 100, 'multi_class': 'deprecated', 'n_jobs': None, 'penalty': 'l2', 'random_state': 42, 'solver': 'lbfgs', 'tol': 0.0001, 'verbose': 0, 'warm_start': False}",6.60616660118103
Chinese_wine,9,20,5,5,RNN,SMOTE,2,{'k_neighbors': 2},0.5444444444444444,0.4536094069486506,"{'hidden_size': 64, 'epochs': 10, 'batch_size': 64, 'lr': 0.001}",372.6020712852478
Chinese_wine,9,20,5,5,KNN,SMOTE,3,{'k_neighbors': 3},0.9394444444444444,0.9389208241704103,"{'algorithm': 'auto', 'leaf_size': 30, 'metric': 'chebyshev', 'metric_params': None, 'n_jobs': None, 'n_neighbors': np.int64(11), 'p': 2, 'weights': 'distance'}",0.38004398345947266
Chinese_wine,9,20,5,5,RandomForest,SMOTE,3,{'k_neighbors': 3},0.927,0.9266073451232018,"{'bootstrap': True, 'ccp_alpha': 0.0, 'class_weight': 'balanced', 'criterion': 'gini', 'max_depth': 20, 'max_features': 'sqrt', 'max_leaf_nodes': None, 'max_samples': None, 'min_impurity_decrease': 0.0, 'min_samples_leaf': 2, 'min_samples_split': 10, 'min_weight_fraction_leaf': 0.0, 'monotonic_cst': None, 'n_estimators': 150, 'n_jobs': None, 'oob_score': False, 'random_state': 42, 'verbose': 0, 'warm_start': False}",43.45732569694519
Chinese_wine,9,20,5,5,LinearSVC,SMOTE,3,{'k_neighbors': 3},0.6847777777777778,0.6539822365133089,"{'C': np.float64(183.29807108324337), 'class_weight': 'balanced', 'dual': False, 'fit_intercept': True, 'intercept_scaling': 1, 'loss': 'squared_hinge', 'max_iter': 100, 'multi_class': 'ovr', 'penalty': 'l1', 'random_state': 42, 'tol': 0.0001, 'verbose': 0}",2.2882494926452637
Chinese_wine,9,20,5,5,LogisticRegression,SMOTE,3,{'k_neighbors': 3},0.8072222222222222,0.8024600589648825,"{'C': np.float64(1000.0), 'class_weight': 'balanced', 'dual': False, 'fit_intercept': True, 'intercept_scaling': 1, 'l1_ratio': None, 'max_iter': 100, 'multi_class': 'deprecated', 'n_jobs': None, 'penalty': 'l2', 'random_state': 42, 'solver': 'sag', 'tol': 0.0001, 'verbose': 0, 'warm_start': False}",1.9009034633636475
Chinese_wine,9,20,5,5,RNN,SMOTE,3,{'k_neighbors': 3},0.6555555555555556,0.6167450414509238,"{'hidden_size': 64, 'epochs': 10, 'batch_size': 64, 'lr': 0.001}",45.49670100212097
Chinese_wine,9,20,5,5,KNN,SMOTE,4,{'k_neighbors': 4},0.9414444444444444,0.9408538433708381,"{'algorithm': 'auto', 'leaf_size': 30, 'metric': 'chebyshev', 'metric_params': None, 'n_jobs': None, 'n_neighbors': np.int64(11), 'p': 2, 'weights': 'distance'}",0.14935946464538574
Chinese_wine,9,20,5,5,RandomForest,SMOTE,4,{'k_neighbors': 4},0.9336666666666666,0.933285011191299,"{'bootstrap': True, 'ccp_alpha': 0.0, 'class_weight': 'balanced', 'criterion': 'gini', 'max_depth': 30, 'max_features': 'sqrt', 'max_leaf_nodes': None, 'max_samples': None, 'min_impurity_decrease': 0.0, 'min_samples_leaf': 1, 'min_samples_split': 2, 'min_weight_fraction_leaf': 0.0, 'monotonic_cst': None, 'n_estimators': 150, 'n_jobs': None, 'oob_score': False, 'random_state': 42, 'verbose': 0, 'warm_start': False}",73.9735198020935
Chinese_wine,9,20,5,5,LinearSVC,SMOTE,4,{'k_neighbors': 4},0.6716666666666666,0.6366308614645503,"{'C': np.float64(2.6366508987303554), 'class_weight': 'balanced', 'dual': False, 'fit_intercept': True, 'intercept_scaling': 1, 'loss': 'squared_hinge', 'max_iter': 100, 'multi_class': 'ovr', 'penalty': 'l1', 'random_state': 42, 'tol': 0.0001, 'verbose': 0}",3.2385106086730957
Chinese_wine,9,20,5,5,LogisticRegression,SMOTE,4,{'k_neighbors': 4},0.8101111111111111,0.8039255067735367,"{'C': np.float64(1000.0), 'class_weight': 'balanced', 'dual': False, 'fit_intercept': True, 'intercept_scaling': 1, 'l1_ratio': None, 'max_iter': 100, 'multi_class': 'deprecated', 'n_jobs': None, 'penalty': 'l2', 'random_state': 42, 'solver': 'sag', 'tol': 0.0001, 'verbose': 0, 'warm_start': False}",2.437480926513672
Chinese_wine,9,20,5,5,RNN,SMOTE,4,{'k_neighbors': 4},0.14444444444444443,0.06395968873580814,"{'hidden_size': 64, 'epochs': 10, 'batch_size': 64, 'lr': 0.001}",415.5833206176758
Chinese_wine,9,20,5,5,KNN,SMOTE,5,{'k_neighbors': 5},0.9471111111111111,0.9464636017439124,"{'algorithm': 'auto', 'leaf_size': 30, 'metric': 'chebyshev', 'metric_params': None, 'n_jobs': None, 'n_neighbors': np.int64(11), 'p': 2, 'weights': 'distance'}",0.17596197128295898
Chinese_wine,9,20,5,5,RandomForest,SMOTE,5,{'k_neighbors': 5},0.9358888888888889,0.9353327130833126,"{'bootstrap': True, 'ccp_alpha': 0.0, 'class_weight': 'balanced', 'criterion': 'gini', 'max_depth': None, 'max_features': 'sqrt', 'max_leaf_nodes': None, 'max_samples': None, 'min_impurity_decrease': 0.0, 'min_samples_leaf': 2, 'min_samples_split': 2, 'min_weight_fraction_leaf': 0.0, 'monotonic_cst': None, 'n_estimators': 100, 'n_jobs': None, 'oob_score': False, 'random_state': 42, 'verbose': 0, 'warm_start': False}",29.818653106689453
Chinese_wine,9,20,5,5,LinearSVC,SMOTE,5,{'k_neighbors': 5},0.6797777777777778,0.6501567882234475,"{'C': np.float64(33.59818286283781), 'class_weight': 'balanced', 'dual': False, 'fit_intercept': True, 'intercept_scaling': 1, 'loss': 'squared_hinge', 'max_iter': 100, 'multi_class': 'ovr', 'penalty': 'l1', 'random_state': 42, 'tol': 0.0001, 'verbose': 0}",2.529960870742798
Chinese_wine,9,20,5,5,LogisticRegression,SMOTE,5,{'k_neighbors': 5},0.8094444444444444,0.8044967354103999,"{'C': np.float64(1000.0), 'class_weight': 'balanced', 'dual': False, 'fit_intercept': True, 'intercept_scaling': 1, 'l1_ratio': None, 'max_iter': 100, 'multi_class': 'deprecated', 'n_jobs': None, 'penalty': 'l2', 'random_state': 42, 'solver': 'sag', 'tol': 0.0001, 'verbose': 0, 'warm_start': False}",1.9117705821990967
Chinese_wine,9,20,5,5,RNN,SMOTE,5,{'k_neighbors': 5},0.4666666666666667,0.3403417703417704,"{'hidden_size': 64, 'epochs': 10, 'batch_size': 64, 'lr': 0.001}",124.80113220214844
Chinese_wine,9,20,5,10,KNN,SMOTE,1,{'k_neighbors': 1},0.927,0.9260565691668251,"{'algorithm': 'auto', 'leaf_size': 30, 'metric': 'minkowski', 'metric_params': None, 'n_jobs': None, 'n_neighbors': np.int64(5), 'p': 3, 'weights': 'distance'}",0.9127211570739746
Chinese_wine,9,20,5,10,RandomForest,SMOTE,1,{'k_neighbors': 1},0.7892222222222223,0.7881854303996628,"{'bootstrap': True, 'ccp_alpha': 0.0, 'class_weight': 'balanced', 'criterion': 'gini', 'max_depth': 10, 'max_features': 'sqrt', 'max_leaf_nodes': None, 'max_samples': None, 'min_impurity_decrease': 0.0, 'min_samples_leaf': 1, 'min_samples_split': 5, 'min_weight_fraction_leaf': 0.0, 'monotonic_cst': None, 'n_estimators': 50, 'n_jobs': None, 'oob_score': False, 'random_state': 42, 'verbose': 0, 'warm_start': False}",18.980486631393433
Chinese_wine,9,20,5,10,LinearSVC,SMOTE,1,{'k_neighbors': 1},0.6666666666666666,0.6314586528520386,"{'C': np.float64(33.59818286283781), 'class_weight': 'balanced', 'dual': False, 'fit_intercept': True, 'intercept_scaling': 1, 'loss': 'squared_hinge', 'max_iter': 100, 'multi_class': 'ovr', 'penalty': 'l1', 'random_state': 42, 'tol': 0.0001, 'verbose': 0}",3.833481550216675
Chinese_wine,9,20,5,10,LogisticRegression,SMOTE,1,{'k_neighbors': 1},0.7962222222222223,0.7901390830447179,"{'C': np.float64(1000.0), 'class_weight': 'balanced', 'dual': False, 'fit_intercept': True, 'intercept_scaling': 1, 'l1_ratio': None, 'max_iter': 100, 'multi_class': 'deprecated', 'n_jobs': None, 'penalty': 'l2', 'random_state': 42, 'solver': 'sag', 'tol': 0.0001, 'verbose': 0, 'warm_start': False}",1.695268154144287
Chinese_wine,9,20,5,10,RNN,SMOTE,1,{'k_neighbors': 1},0.6888888888888889,0.6436964484790572,"{'hidden_size': 64, 'epochs': 10, 'batch_size': 64, 'lr': 0.001}",708.5381653308868
Chinese_wine,9,20,5,10,KNN,SMOTE,2,{'k_neighbors': 2},0.9356666666666666,0.9352940756186021,"{'algorithm': 'auto', 'leaf_size': 30, 'metric': 'minkowski', 'metric_params': None, 'n_jobs': None, 'n_neighbors': np.int64(5), 'p': 3, 'weights': 'distance'}",0.5467414855957031
Chinese_wine,9,20,5,10,RandomForest,SMOTE,2,{'k_neighbors': 2},0.9228888888888889,0.9218613940412291,"{'bootstrap': True, 'ccp_alpha': 0.0, 'class_weight': 'balanced', 'criterion': 'gini', 'max_depth': None, 'max_features': 'sqrt', 'max_leaf_nodes': None, 'max_samples': None, 'min_impurity_decrease': 0.0, 'min_samples_leaf': 1, 'min_samples_split': 2, 'min_weight_fraction_leaf': 0.0, 'monotonic_cst': None, 'n_estimators': 50, 'n_jobs': None, 'oob_score': False, 'random_state': 42, 'verbose': 0, 'warm_start': False}",16.294288158416748
Chinese_wine,9,20,5,10,LinearSVC,SMOTE,2,{'k_neighbors': 2},0.7325555555555555,0.711844258929686,"{'C': np.float64(0.4832930238571752), 'class_weight': 'balanced', 'dual': False, 'fit_intercept': True, 'intercept_scaling': 1, 'loss': 'squared_hinge', 'max_iter': 100, 'multi_class': 'ovr', 'penalty': 'l2', 'random_state': 42, 'tol': 0.0001, 'verbose': 0}",1.1816999912261963
Chinese_wine,9,20,5,10,LogisticRegression,SMOTE,2,{'k_neighbors': 2},0.8003333333333333,0.7944719621284847,"{'C': np.float64(33.59818286283781), 'class_weight': 'balanced', 'dual': False, 'fit_intercept': True, 'intercept_scaling': 1, 'l1_ratio': None, 'max_iter': 100, 'multi_class': 'deprecated', 'n_jobs': None, 'penalty': 'l2', 'random_state': 42, 'solver': 'saga', 'tol': 0.0001, 'verbose': 0, 'warm_start': False}",3.827763795852661
Chinese_wine,9,20,5,10,RNN,SMOTE,2,{'k_neighbors': 2},0.7888888888888889,0.7462282265378242,"{'hidden_size': 64, 'epochs': 10, 'batch_size': 64, 'lr': 0.001}",15.304748296737671
Chinese_wine,9,20,5,10,KNN,SMOTE,3,{'k_neighbors': 3},0.9363333333333334,0.9356832696548744,"{'algorithm': 'auto', 'leaf_size': 30, 'metric': 'minkowski', 'metric_params': None, 'n_jobs': None, 'n_neighbors': np.int64(13), 'p': 4, 'weights': 'distance'}",0.5949795246124268
Chinese_wine,9,20,5,10,RandomForest,SMOTE,3,{'k_neighbors': 3},0.9305555555555556,0.9305251941124428,"{'bootstrap': True, 'ccp_alpha': 0.0, 'class_weight': None, 'criterion': 'gini', 'max_depth': 20, 'max_features': 'sqrt', 'max_leaf_nodes': None, 'max_samples': None, 'min_impurity_decrease': 0.0, 'min_samples_leaf': 1, 'min_samples_split': 2, 'min_weight_fraction_leaf': 0.0, 'monotonic_cst': None, 'n_estimators': 100, 'n_jobs': None, 'oob_score': False, 'random_state': 42, 'verbose': 0, 'warm_start': False}",29.25284457206726
Chinese_wine,9,20,5,10,LinearSVC,SMOTE,3,{'k_neighbors': 3},0.6831111111111111,0.652814535525049,"{'C': np.float64(33.59818286283781), 'class_weight': 'balanced', 'dual': False, 'fit_intercept': True, 'intercept_scaling': 1, 'loss': 'squared_hinge', 'max_iter': 100, 'multi_class': 'ovr', 'penalty': 'l1', 'random_state': 42, 'tol': 0.001, 'verbose': 0}",4.768953084945679
Chinese_wine,9,20,5,10,LogisticRegression,SMOTE,3,{'k_neighbors': 3},0.8114444444444444,0.8064174885152262,"{'C': np.float64(33.59818286283781), 'class_weight': 'balanced', 'dual': False, 'fit_intercept': True, 'intercept_scaling': 1, 'l1_ratio': None, 'max_iter': 100, 'multi_class': 'deprecated', 'n_jobs': None, 'penalty': 'l2', 'random_state': 42, 'solver': 'saga', 'tol': 0.0001, 'verbose': 0, 'warm_start': False}",5.096157550811768
Chinese_wine,9,20,5,10,RNN,SMOTE,3,{'k_neighbors': 3},0.8,0.7751396316102197,"{'hidden_size': 64, 'epochs': 10, 'batch_size': 64, 'lr': 0.001}",831.8212888240814
Chinese_wine,9,20,5,10,KNN,SMOTE,4,{'k_neighbors': 4},0.9411111111111111,0.9407188083430338,"{'algorithm': 'auto', 'leaf_size': 30, 'metric': 'euclidean', 'metric_params': None, 'n_jobs': None, 'n_neighbors': np.int64(9), 'p': 2, 'weights': 'distance'}",0.34717440605163574
Chinese_wine,9,20,5,10,RandomForest,SMOTE,4,{'k_neighbors': 4},0.9334444444444444,0.9330832183413849,"{'bootstrap': True, 'ccp_alpha': 0.0, 'class_weight': 'balanced', 'criterion': 'gini', 'max_depth': 30, 'max_features': 'sqrt', 'max_leaf_nodes': None, 'max_samples': None, 'min_impurity_decrease': 0.0, 'min_samples_leaf': 1, 'min_samples_split': 2, 'min_weight_fraction_leaf': 0.0, 'monotonic_cst': None, 'n_estimators': 150, 'n_jobs': None, 'oob_score': False, 'random_state': 42, 'verbose': 0, 'warm_start': False}",46.289796590805054
Chinese_wine,9,20,5,10,LinearSVC,SMOTE,4,{'k_neighbors': 4},0.675,0.6423863700793471,"{'C': np.float64(33.59818286283781), 'class_weight': 'balanced', 'dual': False, 'fit_intercept': True, 'intercept_scaling': 1, 'loss': 'squared_hinge', 'max_iter': 100, 'multi_class': 'ovr', 'penalty': 'l1', 'random_state': 42, 'tol': 0.0001, 'verbose': 0}",4.265419960021973
Chinese_wine,9,20,5,10,LogisticRegression,SMOTE,4,{'k_neighbors': 4},0.8102222222222222,0.8051675719536927,"{'C': np.float64(183.29807108324337), 'class_weight': 'balanced', 'dual': False, 'fit_intercept': True, 'intercept_scaling': 1, 'l1_ratio': None, 'max_iter': 100, 'multi_class': 'deprecated', 'n_jobs': None, 'penalty': 'l1', 'random_state': 42, 'solver': 'saga', 'tol': 0.0001, 'verbose': 0, 'warm_start': False}",6.8998425006866455
Chinese_wine,9,20,5,10,RNN,SMOTE,4,{'k_neighbors': 4},0.6777777777777778,0.6494211672973282,"{'hidden_size': 64, 'epochs': 10, 'batch_size': 64, 'lr': 0.001}",679.1857430934906
Chinese_wine,9,20,5,10,KNN,SMOTE,5,{'k_neighbors': 5},0.9406666666666667,0.9401817890899462,"{'algorithm': 'auto', 'leaf_size': 30, 'metric': 'minkowski', 'metric_params': None, 'n_jobs': None, 'n_neighbors': np.int64(5), 'p': 3, 'weights': 'distance'}",0.5555577278137207
Chinese_wine,9,20,5,10,RandomForest,SMOTE,5,{'k_neighbors': 5},0.9346666666666666,0.9341793092706316,"{'bootstrap': True, 'ccp_alpha': 0.0, 'class_weight': 'balanced', 'criterion': 'gini', 'max_depth': 30, 'max_features': 'sqrt', 'max_leaf_nodes': None, 'max_samples': None, 'min_impurity_decrease': 0.0, 'min_samples_leaf': 1, 'min_samples_split': 2, 'min_weight_fraction_leaf': 0.0, 'monotonic_cst': None, 'n_estimators': 150, 'n_jobs': None, 'oob_score': False, 'random_state': 42, 'verbose': 0, 'warm_start': False}",48.59202742576599
Chinese_wine,9,20,5,10,LinearSVC,SMOTE,5,{'k_neighbors': 5},0.7384444444444445,0.721581077347114,"{'C': np.float64(6.1584821106602545), 'class_weight': None, 'dual': False, 'fit_intercept': True, 'intercept_scaling': 1, 'loss': 'squared_hinge', 'max_iter': 100, 'multi_class': 'ovr', 'penalty': 'l2', 'random_state': 42, 'tol': 0.0001, 'verbose': 0}",1.1981284618377686
Chinese_wine,9,20,5,10,LogisticRegression,SMOTE,5,{'k_neighbors': 5},0.8114444444444444,0.8064459650922076,"{'C': np.float64(33.59818286283781), 'class_weight': 'balanced', 'dual': False, 'fit_intercept': True, 'intercept_scaling': 1, 'l1_ratio': None, 'max_iter': 100, 'multi_class': 'deprecated', 'n_jobs': None, 'penalty': 'l2', 'random_state': 42, 'solver': 'saga', 'tol': 0.0001, 'verbose': 0, 'warm_start': False}",4.566545724868774
Chinese_wine,9,20,5,10,RNN,SMOTE,5,{'k_neighbors': 5},0.4444444444444444,0.321336371258507,"{'hidden_size': 64, 'epochs': 10, 'batch_size': 64, 'lr': 0.001}",837.6103317737579
Chinese_wine,9,20,6,1,KNN,Baseline,N/A,N/A,0.9471111111111111,0.9468619432499918,"{'algorithm': 'auto', 'leaf_size': 30, 'metric': 'minkowski', 'metric_params': None, 'n_jobs': None, 'n_neighbors': 5, 'p': 2, 'weights': 'uniform'}",0.4663834571838379
Chinese_wine,9,20,6,1,KNN,Tuned_Baseline,N/A,N/A,0.9534444444444444,0.9532697201241211,"{'algorithm': 'auto', 'leaf_size': 30, 'metric': 'minkowski', 'metric_params': None, 'n_jobs': None, 'n_neighbors': np.int64(5), 'p': 3, 'weights': 'distance'}",0.28389978408813477
Chinese_wine,9,20,6,1,RandomForest,Baseline,N/A,N/A,0.9394444444444444,0.9386783179523703,"{'bootstrap': True, 'ccp_alpha': 0.0, 'class_weight': None, 'criterion': 'gini', 'max_depth': None, 'max_features': 'sqrt', 'max_leaf_nodes': None, 'max_samples': None, 'min_impurity_decrease': 0.0, 'min_samples_leaf': 1, 'min_samples_split': 2, 'min_weight_fraction_leaf': 0.0, 'monotonic_cst': None, 'n_estimators': 100, 'n_jobs': None, 'oob_score': False, 'random_state': 42, 'verbose': 0, 'warm_start': False}",5.922198295593262
Chinese_wine,9,20,6,1,RandomForest,Tuned_Baseline,N/A,N/A,0.9415555555555556,0.940923541785696,"{'bootstrap': True, 'ccp_alpha': 0.0, 'class_weight': None, 'criterion': 'gini', 'max_depth': 20, 'max_features': 'sqrt', 'max_leaf_nodes': None, 'max_samples': None, 'min_impurity_decrease': 0.0, 'min_samples_leaf': 1, 'min_samples_split': 2, 'min_weight_fraction_leaf': 0.0, 'monotonic_cst': None, 'n_estimators': 100, 'n_jobs': None, 'oob_score': False, 'random_state': 42, 'verbose': 0, 'warm_start': False}",0.07762432098388672
Chinese_wine,9,20,6,1,LinearSVC,Baseline,N/A,N/A,0.7277777777777777,0.7049231828887589,"{'C': 1.0, 'class_weight': None, 'dual': False, 'fit_intercept': True, 'intercept_scaling': 1, 'loss': 'squared_hinge', 'max_iter': 100, 'multi_class': 'ovr', 'penalty': 'l2', 'random_state': 42, 'tol': 0.0001, 'verbose': 0}",0.13710284233093262
Chinese_wine,9,20,6,1,LinearSVC,Tuned_Baseline,N/A,N/A,0.7286666666666667,0.7061112116610752,"{'C': np.float64(6.1584821106602545), 'class_weight': None, 'dual': False, 'fit_intercept': True, 'intercept_scaling': 1, 'loss': 'squared_hinge', 'max_iter': 100, 'multi_class': 'ovr', 'penalty': 'l2', 'random_state': 42, 'tol': 0.0001, 'verbose': 0}",0.0011775493621826172
Chinese_wine,9,20,6,1,LogisticRegression,Baseline,N/A,N/A,0.7923333333333333,0.7835832992989502,"{'C': 1.0, 'class_weight': None, 'dual': False, 'fit_intercept': True, 'intercept_scaling': 1, 'l1_ratio': None, 'max_iter': 100, 'multi_class': 'deprecated', 'n_jobs': None, 'penalty': 'l2', 'random_state': 42, 'solver': 'lbfgs', 'tol': 0.0001, 'verbose': 0, 'warm_start': False}",1.2756168842315674
Chinese_wine,9,20,6,1,LogisticRegression,Tuned_Baseline,N/A,N/A,0.8033333333333333,0.7951883058294107,"{'C': np.float64(1000.0), 'class_weight': 'balanced', 'dual': False, 'fit_intercept': True, 'intercept_scaling': 1, 'l1_ratio': None, 'max_iter': 100, 'multi_class': 'deprecated', 'n_jobs': None, 'penalty': 'l2', 'random_state': 42, 'solver': 'sag', 'tol': 0.0001, 'verbose': 0, 'warm_start': False}",0.0011036396026611328
Chinese_wine,9,20,6,1,RNN,Baseline,N/A,N/A,0.5444444444444444,0.4801102162371512,"{'hidden_size': 64, 'epochs': 10, 'batch_size': 32, 'lr': 0.001}",5.594034671783447
Chinese_wine,9,20,6,1,RNN,Tuned_Baseline,N/A,N/A,0.34444444444444444,0.22757068173518613,"{'hidden_size': 64, 'epochs': 10, 'batch_size': 64, 'lr': 0.001}",1.3384723663330078
Chinese_wine,9,20,6,2,KNN,SMOTE,1,{'k_neighbors': 1},0.9548888888888889,0.954794299844979,"{'algorithm': 'auto', 'leaf_size': 30, 'metric': 'minkowski', 'metric_params': None, 'n_jobs': None, 'n_neighbors': np.int64(5), 'p': 3, 'weights': 'distance'}",0.32378244400024414
Chinese_wine,9,20,6,2,RandomForest,SMOTE,1,{'k_neighbors': 1},0.8125555555555556,0.8106109798045166,"{'bootstrap': True, 'ccp_alpha': 0.0, 'class_weight': 'balanced', 'criterion': 'gini', 'max_depth': 10, 'max_features': 'sqrt', 'max_leaf_nodes': None, 'max_samples': None, 'min_impurity_decrease': 0.0, 'min_samples_leaf': 1, 'min_samples_split': 2, 'min_weight_fraction_leaf': 0.0, 'monotonic_cst': None, 'n_estimators': 100, 'n_jobs': None, 'oob_score': False, 'random_state': 42, 'verbose': 0, 'warm_start': False}",8.105578899383545
Chinese_wine,9,20,6,2,LinearSVC,SMOTE,1,{'k_neighbors': 1},0.6843333333333333,0.6533806044499981,"{'C': np.float64(183.29807108324337), 'class_weight': 'balanced', 'dual': False, 'fit_intercept': True, 'intercept_scaling': 1, 'loss': 'squared_hinge', 'max_iter': 100, 'multi_class': 'ovr', 'penalty': 'l1', 'random_state': 42, 'tol': 0.0001, 'verbose': 0}",1.2076985836029053
Chinese_wine,9,20,6,2,LogisticRegression,SMOTE,1,{'k_neighbors': 1},0.8024444444444444,0.7934266007877119,"{'C': np.float64(1000.0), 'class_weight': 'balanced', 'dual': False, 'fit_intercept': True, 'intercept_scaling': 1, 'l1_ratio': None, 'max_iter': 100, 'multi_class': 'deprecated', 'n_jobs': None, 'penalty': 'l2', 'random_state': 42, 'solver': 'sag', 'tol': 0.0001, 'verbose': 0, 'warm_start': False}",1.6410648822784424
Chinese_wine,9,20,6,2,RNN,SMOTE,1,{'k_neighbors': 1},0.4888888888888889,0.3699600384083143,"{'hidden_size': 64, 'epochs': 10, 'batch_size': 64, 'lr': 0.001}",163.78452563285828
Chinese_wine,9,20,6,2,KNN,SMOTE,2,{'k_neighbors': 2},0.9553333333333334,0.955217168697576,"{'algorithm': 'auto', 'leaf_size': 30, 'metric': 'minkowski', 'metric_params': None, 'n_jobs': None, 'n_neighbors': np.int64(5), 'p': 3, 'weights': 'distance'}",0.34807372093200684
Chinese_wine,9,20,6,2,RandomForest,SMOTE,2,{'k_neighbors': 2},0.8064444444444444,0.8055327384144625,"{'bootstrap': True, 'ccp_alpha': 0.0, 'class_weight': 'balanced', 'criterion': 'gini', 'max_depth': 10, 'max_features': 'sqrt', 'max_leaf_nodes': None, 'max_samples': None, 'min_impurity_decrease': 0.0, 'min_samples_leaf': 1, 'min_samples_split': 2, 'min_weight_fraction_leaf': 0.0, 'monotonic_cst': None, 'n_estimators': 100, 'n_jobs': None, 'oob_score': False, 'random_state': 42, 'verbose': 0, 'warm_start': False}",8.209990978240967
Chinese_wine,9,20,6,2,LinearSVC,SMOTE,2,{'k_neighbors': 2},0.7352222222222222,0.7170994832867352,"{'C': np.float64(0.4832930238571752), 'class_weight': 'balanced', 'dual': False, 'fit_intercept': True, 'intercept_scaling': 1, 'loss': 'squared_hinge', 'max_iter': 100, 'multi_class': 'ovr', 'penalty': 'l2', 'random_state': 42, 'tol': 0.0001, 'verbose': 0}",0.28031492233276367
Chinese_wine,9,20,6,2,LogisticRegression,SMOTE,2,{'k_neighbors': 2},0.8048888888888889,0.7966818271622004,"{'C': np.float64(1000.0), 'class_weight': 'balanced', 'dual': False, 'fit_intercept': True, 'intercept_scaling': 1, 'l1_ratio': None, 'max_iter': 100, 'multi_class': 'deprecated', 'n_jobs': None, 'penalty': 'l2', 'random_state': 42, 'solver': 'sag', 'tol': 0.0001, 'verbose': 0, 'warm_start': False}",1.6388323307037354
Chinese_wine,9,20,6,2,RNN,SMOTE,2,{'k_neighbors': 2},0.4777777777777778,0.35803996003996,"{'hidden_size': 64, 'epochs': 10, 'batch_size': 64, 'lr': 0.001}",152.51626706123352
Chinese_wine,9,20,6,2,KNN,SMOTE,3,{'k_neighbors': 3},0.9612222222222222,0.9612130796140217,"{'algorithm': 'auto', 'leaf_size': 30, 'metric': 'minkowski', 'metric_params': None, 'n_jobs': None, 'n_neighbors': np.int64(5), 'p': 3, 'weights': 'distance'}",0.3599212169647217
Chinese_wine,9,20,6,2,RandomForest,SMOTE,3,{'k_neighbors': 3},0.9498888888888889,0.9494791619199268,"{'bootstrap': True, 'ccp_alpha': 0.0, 'class_weight': 'balanced', 'criterion': 'gini', 'max_depth': None, 'max_features': 'sqrt', 'max_leaf_nodes': None, 'max_samples': None, 'min_impurity_decrease': 0.0, 'min_samples_leaf': 1, 'min_samples_split': 2, 'min_weight_fraction_leaf': 0.0, 'monotonic_cst': None, 'n_estimators': 50, 'n_jobs': None, 'oob_score': False, 'random_state': 42, 'verbose': 0, 'warm_start': False}",6.115626335144043
Chinese_wine,9,20,6,2,LinearSVC,SMOTE,3,{'k_neighbors': 3},0.6764444444444444,0.6438994943753518,"{'C': np.float64(183.29807108324337), 'class_weight': 'balanced', 'dual': False, 'fit_intercept': True, 'intercept_scaling': 1, 'loss': 'squared_hinge', 'max_iter': 100, 'multi_class': 'ovr', 'penalty': 'l1', 'random_state': 42, 'tol': 0.0001, 'verbose': 0}",1.1488847732543945
Chinese_wine,9,20,6,2,LogisticRegression,SMOTE,3,{'k_neighbors': 3},0.8088888888888889,0.8030001917262672,"{'C': np.float64(1000.0), 'class_weight': 'balanced', 'dual': False, 'fit_intercept': True, 'intercept_scaling': 1, 'l1_ratio': None, 'max_iter': 100, 'multi_class': 'deprecated', 'n_jobs': None, 'penalty': 'l2', 'random_state': 42, 'solver': 'sag', 'tol': 0.0001, 'verbose': 0, 'warm_start': False}",1.7732324600219727
Chinese_wine,9,20,6,2,RNN,SMOTE,3,{'k_neighbors': 3},0.5,0.3823232323232323,"{'hidden_size': 64, 'epochs': 10, 'batch_size': 64, 'lr': 0.001}",151.06353306770325
Chinese_wine,9,20,6,2,KNN,SMOTE,4,{'k_neighbors': 4},0.9535555555555556,0.9534409539554826,"{'algorithm': 'auto', 'leaf_size': 30, 'metric': 'manhattan', 'metric_params': None, 'n_jobs': None, 'n_neighbors': np.int64(5), 'p': 2, 'weights': 'distance'}",0.15905427932739258
Chinese_wine,9,20,6,2,RandomForest,SMOTE,4,{'k_neighbors': 4},0.9367777777777778,0.9358465863529796,"{'bootstrap': True, 'ccp_alpha': 0.0, 'class_weight': 'balanced', 'criterion': 'gini', 'max_depth': None, 'max_features': 'sqrt', 'max_leaf_nodes': None, 'max_samples': None, 'min_impurity_decrease': 0.0, 'min_samples_leaf': 2, 'min_samples_split': 2, 'min_weight_fraction_leaf': 0.0, 'monotonic_cst': None, 'n_estimators': 150, 'n_jobs': None, 'oob_score': False, 'random_state': 42, 'verbose': 0, 'warm_start': False}",15.873719692230225
Chinese_wine,9,20,6,2,LinearSVC,SMOTE,4,{'k_neighbors': 4},0.7345555555555555,0.7158954848304673,"{'C': np.float64(1000.0), 'class_weight': 'balanced', 'dual': False, 'fit_intercept': True, 'intercept_scaling': 1, 'loss': 'squared_hinge', 'max_iter': 100, 'multi_class': 'ovr', 'penalty': 'l2', 'random_state': 42, 'tol': 0.001, 'verbose': 0}",0.22968387603759766
Chinese_wine,9,20,6,2,LogisticRegression,SMOTE,4,{'k_neighbors': 4},0.7077777777777777,0.6886737090501543,"{'C': np.float64(183.29807108324337), 'class_weight': 'balanced', 'dual': False, 'fit_intercept': False, 'intercept_scaling': 1, 'l1_ratio': None, 'max_iter': 100, 'multi_class': 'deprecated', 'n_jobs': None, 'penalty': 'l2', 'random_state': 42, 'solver': 'sag', 'tol': 0.0001, 'verbose': 0, 'warm_start': False}",0.374178409576416
Chinese_wine,9,20,6,2,RNN,SMOTE,4,{'k_neighbors': 4},0.43333333333333335,0.3209806397306397,"{'hidden_size': 64, 'epochs': 10, 'batch_size': 64, 'lr': 0.001}",163.9426565170288
Chinese_wine,9,20,6,2,KNN,SMOTE,5,{'k_neighbors': 5},0.9552222222222222,0.9550163835160325,"{'algorithm': 'auto', 'leaf_size': 30, 'metric': 'minkowski', 'metric_params': None, 'n_jobs': None, 'n_neighbors': np.int64(5), 'p': 3, 'weights': 'distance'}",0.37512850761413574
Chinese_wine,9,20,6,2,RandomForest,SMOTE,5,{'k_neighbors': 5},0.9378888888888889,0.9370240309731529,"{'bootstrap': True, 'ccp_alpha': 0.0, 'class_weight': 'balanced', 'criterion': 'gini', 'max_depth': None, 'max_features': 'sqrt', 'max_leaf_nodes': None, 'max_samples': None, 'min_impurity_decrease': 0.0, 'min_samples_leaf': 4, 'min_samples_split': 5, 'min_weight_fraction_leaf': 0.0, 'monotonic_cst': None, 'n_estimators': 100, 'n_jobs': None, 'oob_score': False, 'random_state': 42, 'verbose': 0, 'warm_start': False}",10.90170168876648
Chinese_wine,9,20,6,2,LinearSVC,SMOTE,5,{'k_neighbors': 5},0.6815555555555556,0.6518252497763976,"{'C': np.float64(33.59818286283781), 'class_weight': 'balanced', 'dual': False, 'fit_intercept': True, 'intercept_scaling': 1, 'loss': 'squared_hinge', 'max_iter': 100, 'multi_class': 'ovr', 'penalty': 'l1', 'random_state': 42, 'tol': 0.0001, 'verbose': 0}",0.8657200336456299
Chinese_wine,9,20,6,2,LogisticRegression,SMOTE,5,{'k_neighbors': 5},0.8097777777777778,0.8030782779762623,"{'C': np.float64(1000.0), 'class_weight': 'balanced', 'dual': False, 'fit_intercept': True, 'intercept_scaling': 1, 'l1_ratio': None, 'max_iter': 100, 'multi_class': 'deprecated', 'n_jobs': None, 'penalty': 'l2', 'random_state': 42, 'solver': 'sag', 'tol': 0.0001, 'verbose': 0, 'warm_start': False}",1.621776819229126
Chinese_wine,9,20,6,2,RNN,SMOTE,5,{'k_neighbors': 5},0.4444444444444444,0.3134640914640915,"{'hidden_size': 64, 'epochs': 10, 'batch_size': 64, 'lr': 0.001}",94.04602718353271
Chinese_wine,9,20,6,3,KNN,SMOTE,1,{'k_neighbors': 1},0.9545555555555556,0.9543147624953452,"{'algorithm': 'auto', 'leaf_size': 30, 'metric': 'minkowski', 'metric_params': None, 'n_jobs': None, 'n_neighbors': np.int64(11), 'p': 4, 'weights': 'distance'}",0.4531419277191162
Chinese_wine,9,20,6,3,RandomForest,SMOTE,1,{'k_neighbors': 1},0.8134444444444444,0.8113171986863411,"{'bootstrap': True, 'ccp_alpha': 0.0, 'class_weight': 'balanced', 'criterion': 'gini', 'max_depth': 10, 'max_features': 'sqrt', 'max_leaf_nodes': None, 'max_samples': None, 'min_impurity_decrease': 0.0, 'min_samples_leaf': 1, 'min_samples_split': 2, 'min_weight_fraction_leaf': 0.0, 'monotonic_cst': None, 'n_estimators': 100, 'n_jobs': None, 'oob_score': False, 'random_state': 42, 'verbose': 0, 'warm_start': False}",11.318625688552856
Chinese_wine,9,20,6,3,LinearSVC,SMOTE,1,{'k_neighbors': 1},0.6765555555555556,0.6419460426967473,"{'C': np.float64(33.59818286283781), 'class_weight': 'balanced', 'dual': False, 'fit_intercept': True, 'intercept_scaling': 1, 'loss': 'squared_hinge', 'max_iter': 100, 'multi_class': 'ovr', 'penalty': 'l1', 'random_state': 42, 'tol': 0.001, 'verbose': 0}",1.283883810043335
Chinese_wine,9,20,6,3,LogisticRegression,SMOTE,1,{'k_neighbors': 1},0.7953333333333333,0.7856220374876288,"{'C': np.float64(1000.0), 'class_weight': 'balanced', 'dual': False, 'fit_intercept': True, 'intercept_scaling': 1, 'l1_ratio': None, 'max_iter': 100, 'multi_class': 'deprecated', 'n_jobs': None, 'penalty': 'l2', 'random_state': 42, 'solver': 'sag', 'tol': 0.0001, 'verbose': 0, 'warm_start': False}",1.6276874542236328
Chinese_wine,9,20,6,3,RNN,SMOTE,1,{'k_neighbors': 1},0.5222222222222223,0.4412830687830688,"{'hidden_size': 64, 'epochs': 10, 'batch_size': 64, 'lr': 0.001}",8.210598945617676
Chinese_wine,9,20,6,3,KNN,SMOTE,2,{'k_neighbors': 2},0.956,0.9560060263021343,"{'algorithm': 'auto', 'leaf_size': 30, 'metric': 'euclidean', 'metric_params': None, 'n_jobs': None, 'n_neighbors': np.int64(9), 'p': 2, 'weights': 'distance'}",0.1488480567932129
Chinese_wine,9,20,6,3,RandomForest,SMOTE,2,{'k_neighbors': 2},0.8176666666666667,0.8165096621115144,"{'bootstrap': True, 'ccp_alpha': 0.0, 'class_weight': 'balanced', 'criterion': 'gini', 'max_depth': 10, 'max_features': 'sqrt', 'max_leaf_nodes': None, 'max_samples': None, 'min_impurity_decrease': 0.0, 'min_samples_leaf': 1, 'min_samples_split': 2, 'min_weight_fraction_leaf': 0.0, 'monotonic_cst': None, 'n_estimators': 100, 'n_jobs': None, 'oob_score': False, 'random_state': 42, 'verbose': 0, 'warm_start': False}",11.952527523040771
Chinese_wine,9,20,6,3,LinearSVC,SMOTE,2,{'k_neighbors': 2},0.686,0.656846147769136,"{'C': np.float64(33.59818286283781), 'class_weight': 'balanced', 'dual': False, 'fit_intercept': True, 'intercept_scaling': 1, 'loss': 'squared_hinge', 'max_iter': 100, 'multi_class': 'ovr', 'penalty': 'l1', 'random_state': 42, 'tol': 0.0001, 'verbose': 0}",1.3635282516479492
Chinese_wine,9,20,6,3,LogisticRegression,SMOTE,2,{'k_neighbors': 2},0.8001111111111111,0.7927045002590309,"{'C': np.float64(183.29807108324337), 'class_weight': None, 'dual': False, 'fit_intercept': True, 'intercept_scaling': 1, 'l1_ratio': None, 'max_iter': 100, 'multi_class': 'deprecated', 'n_jobs': None, 'penalty': 'l2', 'random_state': 42, 'solver': 'saga', 'tol': 0.0001, 'verbose': 0, 'warm_start': False}",2.7122721672058105
Chinese_wine,9,20,6,3,RNN,SMOTE,2,{'k_neighbors': 2},0.6,0.5496611933531437,"{'hidden_size': 64, 'epochs': 10, 'batch_size': 64, 'lr': 0.001}",252.5078637599945
Chinese_wine,9,20,6,3,KNN,SMOTE,3,{'k_neighbors': 3},0.9618888888888889,0.9618297446623087,"{'algorithm': 'auto', 'leaf_size': 30, 'metric': 'euclidean', 'metric_params': None, 'n_jobs': None, 'n_neighbors': np.int64(9), 'p': 2, 'weights': 'distance'}",0.35783815383911133
Chinese_wine,9,20,6,3,RandomForest,SMOTE,3,{'k_neighbors': 3},0.9456666666666667,0.9449740983876513,"{'bootstrap': True, 'ccp_alpha': 0.0, 'class_weight': 'balanced', 'criterion': 'gini', 'max_depth': None, 'max_features': 'sqrt', 'max_leaf_nodes': None, 'max_samples': None, 'min_impurity_decrease': 0.0, 'min_samples_leaf': 1, 'min_samples_split': 2, 'min_weight_fraction_leaf': 0.0, 'monotonic_cst': None, 'n_estimators': 50, 'n_jobs': None, 'oob_score': False, 'random_state': 42, 'verbose': 0, 'warm_start': False}",11.4266037940979
Chinese_wine,9,20,6,3,LinearSVC,SMOTE,3,{'k_neighbors': 3},0.7353333333333333,0.718358603985706,"{'C': np.float64(6.1584821106602545), 'class_weight': None, 'dual': False, 'fit_intercept': True, 'intercept_scaling': 1, 'loss': 'squared_hinge', 'max_iter': 100, 'multi_class': 'ovr', 'penalty': 'l2', 'random_state': 42, 'tol': 0.0001, 'verbose': 0}",0.4541330337524414
Chinese_wine,9,20,6,3,LogisticRegression,SMOTE,3,{'k_neighbors': 3},0.8063333333333333,0.8003247455016729,"{'C': np.float64(183.29807108324337), 'class_weight': None, 'dual': False, 'fit_intercept': True, 'intercept_scaling': 1, 'l1_ratio': None, 'max_iter': 100, 'multi_class': 'deprecated', 'n_jobs': None, 'penalty': 'l2', 'random_state': 42, 'solver': 'saga', 'tol': 0.0001, 'verbose': 0, 'warm_start': False}",3.1006922721862793
Chinese_wine,9,20,6,3,RNN,SMOTE,3,{'k_neighbors': 3},0.5888888888888889,0.48511998705591386,"{'hidden_size': 64, 'epochs': 10, 'batch_size': 64, 'lr': 0.001}",200.00932955741882
Chinese_wine,9,20,6,3,KNN,SMOTE,4,{'k_neighbors': 4},0.9593333333333334,0.9592673583750804,"{'algorithm': 'auto', 'leaf_size': 30, 'metric': 'euclidean', 'metric_params': None, 'n_jobs': None, 'n_neighbors': np.int64(9), 'p': 2, 'weights': 'distance'}",0.1605668067932129
Chinese_wine,9,20,6,3,RandomForest,SMOTE,4,{'k_neighbors': 4},0.9423333333333334,0.9414895223269754,"{'bootstrap': True, 'ccp_alpha': 0.0, 'class_weight': None, 'criterion': 'gini', 'max_depth': 20, 'max_features': 'sqrt', 'max_leaf_nodes': None, 'max_samples': None, 'min_impurity_decrease': 0.0, 'min_samples_leaf': 1, 'min_samples_split': 5, 'min_weight_fraction_leaf': 0.0, 'monotonic_cst': None, 'n_estimators': 150, 'n_jobs': None, 'oob_score': False, 'random_state': 42, 'verbose': 0, 'warm_start': False}",24.961846113204956
Chinese_wine,9,20,6,3,LinearSVC,SMOTE,4,{'k_neighbors': 4},0.6864444444444444,0.6595489002350593,"{'C': np.float64(183.29807108324337), 'class_weight': 'balanced', 'dual': False, 'fit_intercept': True, 'intercept_scaling': 1, 'loss': 'squared_hinge', 'max_iter': 100, 'multi_class': 'ovr', 'penalty': 'l1', 'random_state': 42, 'tol': 0.0001, 'verbose': 0}",1.3561394214630127
Chinese_wine,9,20,6,3,LogisticRegression,SMOTE,4,{'k_neighbors': 4},0.8101111111111111,0.8044760263080499,"{'C': np.float64(1000.0), 'class_weight': 'balanced', 'dual': False, 'fit_intercept': True, 'intercept_scaling': 1, 'l1_ratio': None, 'max_iter': 100, 'multi_class': 'deprecated', 'n_jobs': None, 'penalty': 'l2', 'random_state': 42, 'solver': 'sag', 'tol': 0.0001, 'verbose': 0, 'warm_start': False}",2.454028606414795
Chinese_wine,9,20,6,3,RNN,SMOTE,4,{'k_neighbors': 4},0.5666666666666667,0.45028434796550737,"{'hidden_size': 64, 'epochs': 10, 'batch_size': 64, 'lr': 0.001}",249.7513017654419
Chinese_wine,9,20,6,3,KNN,SMOTE,5,{'k_neighbors': 5},0.9534444444444444,0.9532062434863755,"{'algorithm': 'auto', 'leaf_size': 30, 'metric': 'chebyshev', 'metric_params': None, 'n_jobs': None, 'n_neighbors': np.int64(11), 'p': 2, 'weights': 'distance'}",0.28125691413879395
Chinese_wine,9,20,6,3,RandomForest,SMOTE,5,{'k_neighbors': 5},0.9451111111111111,0.9442354890830785,"{'bootstrap': True, 'ccp_alpha': 0.0, 'class_weight': 'balanced', 'criterion': 'gini', 'max_depth': 30, 'max_features': 'sqrt', 'max_leaf_nodes': None, 'max_samples': None, 'min_impurity_decrease': 0.0, 'min_samples_leaf': 1, 'min_samples_split': 2, 'min_weight_fraction_leaf': 0.0, 'monotonic_cst': None, 'n_estimators': 150, 'n_jobs': None, 'oob_score': False, 'random_state': 42, 'verbose': 0, 'warm_start': False}",31.705459594726562
Chinese_wine,9,20,6,3,LinearSVC,SMOTE,5,{'k_neighbors': 5},0.7403333333333333,0.724536078553126,"{'C': np.float64(1000.0), 'class_weight': 'balanced', 'dual': False, 'fit_intercept': True, 'intercept_scaling': 1, 'loss': 'squared_hinge', 'max_iter': 100, 'multi_class': 'ovr', 'penalty': 'l2', 'random_state': 42, 'tol': 0.001, 'verbose': 0}",0.8243577480316162
Chinese_wine,9,20,6,3,LogisticRegression,SMOTE,5,{'k_neighbors': 5},0.8087777777777778,0.8019897725369455,"{'C': np.float64(33.59818286283781), 'class_weight': 'balanced', 'dual': False, 'fit_intercept': True, 'intercept_scaling': 1, 'l1_ratio': None, 'max_iter': 100, 'multi_class': 'deprecated', 'n_jobs': None, 'penalty': 'l2', 'random_state': 42, 'solver': 'saga', 'tol': 0.0001, 'verbose': 0, 'warm_start': False}",6.194138526916504
Chinese_wine,9,20,6,3,RNN,SMOTE,5,{'k_neighbors': 5},0.5888888888888889,0.5483597883597883,"{'hidden_size': 64, 'epochs': 10, 'batch_size': 64, 'lr': 0.001}",241.06416654586792
Chinese_wine,9,20,6,5,KNN,SMOTE,1,{'k_neighbors': 1},0.9515555555555556,0.9513455431730455,"{'algorithm': 'auto', 'leaf_size': 30, 'metric': 'minkowski', 'metric_params': None, 'n_jobs': None, 'n_neighbors': np.int64(5), 'p': 3, 'weights': 'distance'}",0.4764697551727295
Chinese_wine,9,20,6,5,RandomForest,SMOTE,1,{'k_neighbors': 1},0.9432222222222222,0.9424299444322017,"{'bootstrap': True, 'ccp_alpha': 0.0, 'class_weight': 'balanced', 'criterion': 'gini', 'max_depth': 30, 'max_features': 'sqrt', 'max_leaf_nodes': None, 'max_samples': None, 'min_impurity_decrease': 0.0, 'min_samples_leaf': 2, 'min_samples_split': 5, 'min_weight_fraction_leaf': 0.0, 'monotonic_cst': None, 'n_estimators': 50, 'n_jobs': None, 'oob_score': False, 'random_state': 42, 'verbose': 0, 'warm_start': False}",14.568486452102661
Chinese_wine,9,20,6,5,LinearSVC,SMOTE,1,{'k_neighbors': 1},0.7387777777777778,0.719875515959755,"{'C': np.float64(0.4832930238571752), 'class_weight': 'balanced', 'dual': False, 'fit_intercept': True, 'intercept_scaling': 1, 'loss': 'squared_hinge', 'max_iter': 100, 'multi_class': 'ovr', 'penalty': 'l2', 'random_state': 42, 'tol': 0.0001, 'verbose': 0}",0.6970078945159912
Chinese_wine,9,20,6,5,LogisticRegression,SMOTE,1,{'k_neighbors': 1},0.7113333333333334,0.6938339625934756,"{'C': np.float64(183.29807108324337), 'class_weight': None, 'dual': False, 'fit_intercept': False, 'intercept_scaling': 1, 'l1_ratio': None, 'max_iter': 100, 'multi_class': 'deprecated', 'n_jobs': None, 'penalty': 'l2', 'random_state': 42, 'solver': 'sag', 'tol': 0.0001, 'verbose': 0, 'warm_start': False}",0.9047019481658936
Chinese_wine,9,20,6,5,RNN,SMOTE,1,{'k_neighbors': 1},0.6555555555555556,0.5890639844969217,"{'hidden_size': 64, 'epochs': 10, 'batch_size': 64, 'lr': 0.001}",415.4253227710724
Chinese_wine,9,20,6,5,KNN,SMOTE,2,{'k_neighbors': 2},0.9567777777777777,0.9568831228560057,"{'algorithm': 'auto', 'leaf_size': 30, 'metric': 'minkowski', 'metric_params': None, 'n_jobs': None, 'n_neighbors': np.int64(5), 'p': 3, 'weights': 'distance'}",0.5202062129974365
Chinese_wine,9,20,6,5,RandomForest,SMOTE,2,{'k_neighbors': 2},0.9462222222222222,0.9458144397803957,"{'bootstrap': True, 'ccp_alpha': 0.0, 'class_weight': 'balanced', 'criterion': 'gini', 'max_depth': 30, 'max_features': 'sqrt', 'max_leaf_nodes': None, 'max_samples': None, 'min_impurity_decrease': 0.0, 'min_samples_leaf': 1, 'min_samples_split': 2, 'min_weight_fraction_leaf': 0.0, 'monotonic_cst': None, 'n_estimators': 150, 'n_jobs': None, 'oob_score': False, 'random_state': 42, 'verbose': 0, 'warm_start': False}",59.43795442581177
Chinese_wine,9,20,6,5,LinearSVC,SMOTE,2,{'k_neighbors': 2},0.5611111111111111,0.48162842490027147,"{'C': np.float64(6.1584821106602545), 'class_weight': 'balanced', 'dual': False, 'fit_intercept': False, 'intercept_scaling': 1, 'loss': 'squared_hinge', 'max_iter': 100, 'multi_class': 'ovr', 'penalty': 'l2', 'random_state': 42, 'tol': 0.0001, 'verbose': 0}",0.715888261795044
Chinese_wine,9,20,6,5,LogisticRegression,SMOTE,2,{'k_neighbors': 2},0.7102222222222222,0.6929997933047629,"{'C': np.float64(183.29807108324337), 'class_weight': None, 'dual': False, 'fit_intercept': False, 'intercept_scaling': 1, 'l1_ratio': None, 'max_iter': 100, 'multi_class': 'deprecated', 'n_jobs': None, 'penalty': 'l2', 'random_state': 42, 'solver': 'sag', 'tol': 0.0001, 'verbose': 0, 'warm_start': False}",1.3685307502746582
Chinese_wine,9,20,6,5,RNN,SMOTE,2,{'k_neighbors': 2},0.5777777777777777,0.5190146186580821,"{'hidden_size': 64, 'epochs': 10, 'batch_size': 64, 'lr': 0.001}",424.4976644515991
Chinese_wine,9,20,6,5,KNN,SMOTE,3,{'k_neighbors': 3},0.9603333333333334,0.9601368747169587,"{'algorithm': 'auto', 'leaf_size': 30, 'metric': 'chebyshev', 'metric_params': None, 'n_jobs': None, 'n_neighbors': np.int64(11), 'p': 2, 'weights': 'distance'}",0.3945891857147217
Chinese_wine,9,20,6,5,RandomForest,SMOTE,3,{'k_neighbors': 3},0.9457777777777778,0.9448644319829792,"{'bootstrap': True, 'ccp_alpha': 0.0, 'class_weight': 'balanced', 'criterion': 'gini', 'max_depth': None, 'max_features': 'sqrt', 'max_leaf_nodes': None, 'max_samples': None, 'min_impurity_decrease': 0.0, 'min_samples_leaf': 1, 'min_samples_split': 2, 'min_weight_fraction_leaf': 0.0, 'monotonic_cst': None, 'n_estimators': 50, 'n_jobs': None, 'oob_score': False, 'random_state': 42, 'verbose': 0, 'warm_start': False}",16.526448011398315
Chinese_wine,9,20,6,5,LinearSVC,SMOTE,3,{'k_neighbors': 3},0.7391111111111112,0.7225885924904122,"{'C': np.float64(1000.0), 'class_weight': 'balanced', 'dual': False, 'fit_intercept': True, 'intercept_scaling': 1, 'loss': 'squared_hinge', 'max_iter': 100, 'multi_class': 'ovr', 'penalty': 'l2', 'random_state': 42, 'tol': 0.001, 'verbose': 0}",1.2202422618865967
Chinese_wine,9,20,6,5,LogisticRegression,SMOTE,3,{'k_neighbors': 3},0.716,0.6985887197050805,"{'C': np.float64(183.29807108324337), 'class_weight': None, 'dual': False, 'fit_intercept': False, 'intercept_scaling': 1, 'l1_ratio': None, 'max_iter': 100, 'multi_class': 'deprecated', 'n_jobs': None, 'penalty': 'l2', 'random_state': 42, 'solver': 'sag', 'tol': 0.0001, 'verbose': 0, 'warm_start': False}",0.9205191135406494
Chinese_wine,9,20,6,5,RNN,SMOTE,3,{'k_neighbors': 3},0.6888888888888889,0.6363690476190476,"{'hidden_size': 64, 'epochs': 10, 'batch_size': 64, 'lr': 0.001}",82.99259757995605
Chinese_wine,9,20,6,5,KNN,SMOTE,4,{'k_neighbors': 4},0.9552222222222222,0.9549362815172333,"{'algorithm': 'auto', 'leaf_size': 30, 'metric': 'minkowski', 'metric_params': None, 'n_jobs': None, 'n_neighbors': np.int64(11), 'p': 4, 'weights': 'distance'}",0.49793195724487305
Chinese_wine,9,20,6,5,RandomForest,SMOTE,4,{'k_neighbors': 4},0.9387777777777778,0.9379888684760489,"{'bootstrap': True, 'ccp_alpha': 0.0, 'class_weight': 'balanced', 'criterion': 'gini', 'max_depth': None, 'max_features': 'sqrt', 'max_leaf_nodes': None, 'max_samples': None, 'min_impurity_decrease': 0.0, 'min_samples_leaf': 2, 'min_samples_split': 2, 'min_weight_fraction_leaf': 0.0, 'monotonic_cst': None, 'n_estimators': 150, 'n_jobs': None, 'oob_score': False, 'random_state': 42, 'verbose': 0, 'warm_start': False}",68.49430632591248
Chinese_wine,9,20,6,5,LinearSVC,SMOTE,4,{'k_neighbors': 4},0.7411111111111112,0.7261836037526785,"{'C': np.float64(6.1584821106602545), 'class_weight': None, 'dual': False, 'fit_intercept': True, 'intercept_scaling': 1, 'loss': 'squared_hinge', 'max_iter': 100, 'multi_class': 'ovr', 'penalty': 'l2', 'random_state': 42, 'tol': 0.0001, 'verbose': 0}",0.9682538509368896
Chinese_wine,9,20,6,5,LogisticRegression,SMOTE,4,{'k_neighbors': 4},0.8082222222222222,0.8025947240782862,"{'C': np.float64(1000.0), 'class_weight': 'balanced', 'dual': False, 'fit_intercept': True, 'intercept_scaling': 1, 'l1_ratio': None, 'max_iter': 100, 'multi_class': 'deprecated', 'n_jobs': None, 'penalty': 'l2', 'random_state': 42, 'solver': 'sag', 'tol': 0.0001, 'verbose': 0, 'warm_start': False}",2.752061367034912
Chinese_wine,9,20,6,5,RNN,SMOTE,4,{'k_neighbors': 4},0.6777777777777778,0.6220952883881945,"{'hidden_size': 64, 'epochs': 10, 'batch_size': 64, 'lr': 0.001}",360.1214530467987
Chinese_wine,9,20,6,5,KNN,SMOTE,5,{'k_neighbors': 5},0.9673333333333334,0.9673822841436459,"{'algorithm': 'auto', 'leaf_size': 30, 'metric': 'minkowski', 'metric_params': None, 'n_jobs': None, 'n_neighbors': np.int64(5), 'p': 3, 'weights': 'distance'}",0.4343695640563965
Chinese_wine,9,20,6,5,RandomForest,SMOTE,5,{'k_neighbors': 5},0.9434444444444444,0.9427103271661719,"{'bootstrap': True, 'ccp_alpha': 0.0, 'class_weight': 'balanced', 'criterion': 'gini', 'max_depth': None, 'max_features': 'sqrt', 'max_leaf_nodes': None, 'max_samples': None, 'min_impurity_decrease': 0.0, 'min_samples_leaf': 2, 'min_samples_split': 2, 'min_weight_fraction_leaf': 0.0, 'monotonic_cst': None, 'n_estimators': 150, 'n_jobs': None, 'oob_score': False, 'random_state': 42, 'verbose': 0, 'warm_start': False}",73.47965407371521
Chinese_wine,9,20,6,5,LinearSVC,SMOTE,5,{'k_neighbors': 5},0.7317777777777777,0.7133105388024348,"{'C': np.float64(0.2069138081114788), 'class_weight': 'balanced', 'dual': False, 'fit_intercept': True, 'intercept_scaling': 1, 'loss': 'squared_hinge', 'max_iter': 100, 'multi_class': 'ovr', 'penalty': 'l2', 'random_state': 42, 'tol': 0.001, 'verbose': 0}",0.6826701164245605
Chinese_wine,9,20,6,5,LogisticRegression,SMOTE,5,{'k_neighbors': 5},0.7103333333333334,0.6930265047851706,"{'C': np.float64(183.29807108324337), 'class_weight': None, 'dual': False, 'fit_intercept': False, 'intercept_scaling': 1, 'l1_ratio': None, 'max_iter': 100, 'multi_class': 'deprecated', 'n_jobs': None, 'penalty': 'l2', 'random_state': 42, 'solver': 'sag', 'tol': 0.0001, 'verbose': 0, 'warm_start': False}",0.9166557788848877
Chinese_wine,9,20,6,5,RNN,SMOTE,5,{'k_neighbors': 5},0.5333333333333333,0.49930286431834414,"{'hidden_size': 64, 'epochs': 10, 'batch_size': 64, 'lr': 0.001}",418.86728262901306
Chinese_wine,9,20,6,10,KNN,SMOTE,1,{'k_neighbors': 1},0.9538888888888889,0.9536408875682824,"{'algorithm': 'auto', 'leaf_size': 30, 'metric': 'minkowski', 'metric_params': None, 'n_jobs': None, 'n_neighbors': np.int64(15), 'p': 4, 'weights': 'distance'}",0.61769700050354
Chinese_wine,9,20,6,10,RandomForest,SMOTE,1,{'k_neighbors': 1},0.9483333333333334,0.9477200433422214,"{'bootstrap': True, 'ccp_alpha': 0.0, 'class_weight': 'balanced', 'criterion': 'gini', 'max_depth': 30, 'max_features': 'sqrt', 'max_leaf_nodes': None, 'max_samples': None, 'min_impurity_decrease': 0.0, 'min_samples_leaf': 1, 'min_samples_split': 2, 'min_weight_fraction_leaf': 0.0, 'monotonic_cst': None, 'n_estimators': 150, 'n_jobs': None, 'oob_score': False, 'random_state': 42, 'verbose': 0, 'warm_start': False}",65.64194798469543
Chinese_wine,9,20,6,10,LinearSVC,SMOTE,1,{'k_neighbors': 1},0.7342222222222222,0.7137867726284026,"{'C': np.float64(6.1584821106602545), 'class_weight': None, 'dual': False, 'fit_intercept': True, 'intercept_scaling': 1, 'loss': 'squared_hinge', 'max_iter': 100, 'multi_class': 'ovr', 'penalty': 'l2', 'random_state': 42, 'tol': 0.0001, 'verbose': 0}",2.033334732055664
Chinese_wine,9,20,6,10,LogisticRegression,SMOTE,1,{'k_neighbors': 1},0.8033333333333333,0.7942451995209795,"{'C': np.float64(183.29807108324337), 'class_weight': 'balanced', 'dual': False, 'fit_intercept': True, 'intercept_scaling': 1, 'l1_ratio': None, 'max_iter': 100, 'multi_class': 'deprecated', 'n_jobs': None, 'penalty': 'l1', 'random_state': 42, 'solver': 'saga', 'tol': 0.0001, 'verbose': 0, 'warm_start': False}",10.874070167541504
Chinese_wine,9,20,6,10,RNN,SMOTE,1,{'k_neighbors': 1},0.7222222222222222,0.6723896103896104,"{'hidden_size': 64, 'epochs': 10, 'batch_size': 64, 'lr': 0.001}",776.1283357143402
Chinese_wine,9,20,6,10,KNN,SMOTE,2,{'k_neighbors': 2},0.9574444444444444,0.9573750998567504,"{'algorithm': 'auto', 'leaf_size': 30, 'metric': 'euclidean', 'metric_params': None, 'n_jobs': None, 'n_neighbors': np.int64(9), 'p': 2, 'weights': 'distance'}",0.2649252414703369
Chinese_wine,9,20,6,10,RandomForest,SMOTE,2,{'k_neighbors': 2},0.9453333333333334,0.9447653653175261,"{'bootstrap': True, 'ccp_alpha': 0.0, 'class_weight': 'balanced', 'criterion': 'gini', 'max_depth': None, 'max_features': 'sqrt', 'max_leaf_nodes': None, 'max_samples': None, 'min_impurity_decrease': 0.0, 'min_samples_leaf': 1, 'min_samples_split': 5, 'min_weight_fraction_leaf': 0.0, 'monotonic_cst': None, 'n_estimators': 50, 'n_jobs': None, 'oob_score': False, 'random_state': 42, 'verbose': 0, 'warm_start': False}",17.74345350265503
Chinese_wine,9,20,6,10,LinearSVC,SMOTE,2,{'k_neighbors': 2},0.7381111111111112,0.721405842637272,"{'C': np.float64(0.2069138081114788), 'class_weight': 'balanced', 'dual': False, 'fit_intercept': True, 'intercept_scaling': 1, 'loss': 'squared_hinge', 'max_iter': 100, 'multi_class': 'ovr', 'penalty': 'l2', 'random_state': 42, 'tol': 0.0001, 'verbose': 0}",1.2679815292358398
Chinese_wine,9,20,6,10,LogisticRegression,SMOTE,2,{'k_neighbors': 2},0.8013333333333333,0.7946911705593912,"{'C': np.float64(33.59818286283781), 'class_weight': None, 'dual': False, 'fit_intercept': True, 'intercept_scaling': 1, 'l1_ratio': None, 'max_iter': 100, 'multi_class': 'deprecated', 'n_jobs': None, 'penalty': 'l2', 'random_state': 42, 'solver': 'saga', 'tol': 0.0001, 'verbose': 0, 'warm_start': False}",5.118832349777222
Chinese_wine,9,20,6,10,RNN,SMOTE,2,{'k_neighbors': 2},0.7222222222222222,0.6810550671349219,"{'hidden_size': 64, 'epochs': 10, 'batch_size': 64, 'lr': 0.001}",831.6235551834106
Chinese_wine,9,20,6,10,KNN,SMOTE,3,{'k_neighbors': 3},0.9613333333333334,0.9612495301322008,"{'algorithm': 'auto', 'leaf_size': 30, 'metric': 'manhattan', 'metric_params': None, 'n_jobs': None, 'n_neighbors': np.int64(5), 'p': 2, 'weights': 'distance'}",0.2990398406982422
Chinese_wine,9,20,6,10,RandomForest,SMOTE,3,{'k_neighbors': 3},0.9505555555555556,0.9499562504261732,"{'bootstrap': True, 'ccp_alpha': 0.0, 'class_weight': 'balanced', 'criterion': 'gini', 'max_depth': None, 'max_features': 'sqrt', 'max_leaf_nodes': None, 'max_samples': None, 'min_impurity_decrease': 0.0, 'min_samples_leaf': 2, 'min_samples_split': 2, 'min_weight_fraction_leaf': 0.0, 'monotonic_cst': None, 'n_estimators': 150, 'n_jobs': None, 'oob_score': False, 'random_state': 42, 'verbose': 0, 'warm_start': False}",51.875492334365845
Chinese_wine,9,20,6,10,LinearSVC,SMOTE,3,{'k_neighbors': 3},0.686,0.6587947187230815,"{'C': np.float64(33.59818286283781), 'class_weight': 'balanced', 'dual': False, 'fit_intercept': True, 'intercept_scaling': 1, 'loss': 'squared_hinge', 'max_iter': 100, 'multi_class': 'ovr', 'penalty': 'l1', 'random_state': 42, 'tol': 0.001, 'verbose': 0}",4.036662340164185
Chinese_wine,9,20,6,10,LogisticRegression,SMOTE,3,{'k_neighbors': 3},0.8147777777777778,0.8082365044492578,"{'C': np.float64(33.59818286283781), 'class_weight': 'balanced', 'dual': False, 'fit_intercept': True, 'intercept_scaling': 1, 'l1_ratio': None, 'max_iter': 100, 'multi_class': 'deprecated', 'n_jobs': None, 'penalty': 'l1', 'random_state': 42, 'solver': 'saga', 'tol': 0.0001, 'verbose': 0, 'warm_start': False}",10.10590410232544
Chinese_wine,9,20,6,10,RNN,SMOTE,3,{'k_neighbors': 3},0.7222222222222222,0.6759422227388979,"{'hidden_size': 64, 'epochs': 10, 'batch_size': 64, 'lr': 0.001}",691.1780607700348
Chinese_wine,9,20,6,10,KNN,SMOTE,4,{'k_neighbors': 4},0.9654444444444444,0.9654680427736142,"{'algorithm': 'auto', 'leaf_size': 30, 'metric': 'minkowski', 'metric_params': None, 'n_jobs': None, 'n_neighbors': np.int64(13), 'p': 4, 'weights': 'distance'}",0.6790738105773926
Chinese_wine,9,20,6,10,RandomForest,SMOTE,4,{'k_neighbors': 4},0.9424444444444444,0.9418235293520866,"{'bootstrap': True, 'ccp_alpha': 0.0, 'class_weight': 'balanced', 'criterion': 'gini', 'max_depth': 20, 'max_features': 'sqrt', 'max_leaf_nodes': None, 'max_samples': None, 'min_impurity_decrease': 0.0, 'min_samples_leaf': 2, 'min_samples_split': 10, 'min_weight_fraction_leaf': 0.0, 'monotonic_cst': None, 'n_estimators': 150, 'n_jobs': None, 'oob_score': False, 'random_state': 42, 'verbose': 0, 'warm_start': False}",46.981016874313354
Chinese_wine,9,20,6,10,LinearSVC,SMOTE,4,{'k_neighbors': 4},0.6875555555555556,0.6615796668445411,"{'C': np.float64(33.59818286283781), 'class_weight': 'balanced', 'dual': False, 'fit_intercept': True, 'intercept_scaling': 1, 'loss': 'squared_hinge', 'max_iter': 100, 'multi_class': 'ovr', 'penalty': 'l1', 'random_state': 42, 'tol': 0.001, 'verbose': 0}",3.695862293243408
Chinese_wine,9,20,6,10,LogisticRegression,SMOTE,4,{'k_neighbors': 4},0.819,0.8138360575781151,"{'C': np.float64(33.59818286283781), 'class_weight': None, 'dual': False, 'fit_intercept': True, 'intercept_scaling': 1, 'l1_ratio': None, 'max_iter': 100, 'multi_class': 'deprecated', 'n_jobs': None, 'penalty': 'l2', 'random_state': 42, 'solver': 'saga', 'tol': 0.0001, 'verbose': 0, 'warm_start': False}",3.750248670578003
Chinese_wine,9,20,6,10,RNN,SMOTE,4,{'k_neighbors': 4},0.7555555555555555,0.715135270302453,"{'hidden_size': 64, 'epochs': 10, 'batch_size': 64, 'lr': 0.001}",841.128338098526
Chinese_wine,9,20,6,10,KNN,SMOTE,5,{'k_neighbors': 5},0.9642222222222222,0.9642591625204455,"{'algorithm': 'auto', 'leaf_size': 30, 'metric': 'euclidean', 'metric_params': None, 'n_jobs': None, 'n_neighbors': np.int64(9), 'p': 2, 'weights': 'distance'}",0.2601151466369629
Chinese_wine,9,20,6,10,RandomForest,SMOTE,5,{'k_neighbors': 5},0.95,0.9494754365035013,"{'bootstrap': True, 'ccp_alpha': 0.0, 'class_weight': 'balanced', 'criterion': 'gini', 'max_depth': None, 'max_features': 'sqrt', 'max_leaf_nodes': None, 'max_samples': None, 'min_impurity_decrease': 0.0, 'min_samples_leaf': 2, 'min_samples_split': 2, 'min_weight_fraction_leaf': 0.0, 'monotonic_cst': None, 'n_estimators': 150, 'n_jobs': None, 'oob_score': False, 'random_state': 42, 'verbose': 0, 'warm_start': False}",45.98888182640076
Chinese_wine,9,20,6,10,LinearSVC,SMOTE,5,{'k_neighbors': 5},0.6835555555555556,0.6561279168372537,"{'C': np.float64(33.59818286283781), 'class_weight': 'balanced', 'dual': False, 'fit_intercept': True, 'intercept_scaling': 1, 'loss': 'squared_hinge', 'max_iter': 100, 'multi_class': 'ovr', 'penalty': 'l1', 'random_state': 42, 'tol': 0.0001, 'verbose': 0}",3.692601203918457
Chinese_wine,9,20,6,10,LogisticRegression,SMOTE,5,{'k_neighbors': 5},0.8182222222222222,0.8126718095140808,"{'C': np.float64(2.6366508987303554), 'class_weight': 'balanced', 'dual': False, 'fit_intercept': True, 'intercept_scaling': 1, 'l1_ratio': None, 'max_iter': 100, 'multi_class': 'deprecated', 'n_jobs': None, 'penalty': 'l1', 'random_state': 42, 'solver': 'saga', 'tol': 0.0001, 'verbose': 0, 'warm_start': False}",6.729379892349243
Chinese_wine,9,20,6,10,RNN,SMOTE,5,{'k_neighbors': 5},0.7666666666666667,0.7413234797944942,"{'hidden_size': 64, 'epochs': 10, 'batch_size': 64, 'lr': 0.001}",889.345344543457
Chinese_wine,9,20,7,1,KNN,Baseline,N/A,N/A,0.9407777777777778,0.9406406388859248,"{'algorithm': 'auto', 'leaf_size': 30, 'metric': 'minkowski', 'metric_params': None, 'n_jobs': None, 'n_neighbors': 5, 'p': 2, 'weights': 'uniform'}",0.4336259365081787
Chinese_wine,9,20,7,1,KNN,Tuned_Baseline,N/A,N/A,0.9441111111111111,0.9440606076596307,"{'algorithm': 'auto', 'leaf_size': 30, 'metric': 'minkowski', 'metric_params': None, 'n_jobs': None, 'n_neighbors': np.int64(5), 'p': 3, 'weights': 'distance'}",0.23538780212402344
Chinese_wine,9,20,7,1,RandomForest,Baseline,N/A,N/A,0.9437777777777778,0.943118826690057,"{'bootstrap': True, 'ccp_alpha': 0.0, 'class_weight': None, 'criterion': 'gini', 'max_depth': None, 'max_features': 'sqrt', 'max_leaf_nodes': None, 'max_samples': None, 'min_impurity_decrease': 0.0, 'min_samples_leaf': 1, 'min_samples_split': 2, 'min_weight_fraction_leaf': 0.0, 'monotonic_cst': None, 'n_estimators': 100, 'n_jobs': None, 'oob_score': False, 'random_state': 42, 'verbose': 0, 'warm_start': False}",4.795010566711426
Chinese_wine,9,20,7,1,RandomForest,Tuned_Baseline,N/A,N/A,0.9417777777777778,0.9410957051114086,"{'bootstrap': True, 'ccp_alpha': 0.0, 'class_weight': 'balanced', 'criterion': 'gini', 'max_depth': 30, 'max_features': 'sqrt', 'max_leaf_nodes': None, 'max_samples': None, 'min_impurity_decrease': 0.0, 'min_samples_leaf': 1, 'min_samples_split': 2, 'min_weight_fraction_leaf': 0.0, 'monotonic_cst': None, 'n_estimators': 150, 'n_jobs': None, 'oob_score': False, 'random_state': 42, 'verbose': 0, 'warm_start': False}",0.11117696762084961
Chinese_wine,9,20,7,1,LinearSVC,Baseline,N/A,N/A,0.7364444444444445,0.7123601942779545,"{'C': 1.0, 'class_weight': None, 'dual': False, 'fit_intercept': True, 'intercept_scaling': 1, 'loss': 'squared_hinge', 'max_iter': 100, 'multi_class': 'ovr', 'penalty': 'l2', 'random_state': 42, 'tol': 0.0001, 'verbose': 0}",0.13389253616333008
Chinese_wine,9,20,7,1,LinearSVC,Tuned_Baseline,N/A,N/A,0.7411111111111112,0.7182571739557095,"{'C': np.float64(1000.0), 'class_weight': 'balanced', 'dual': False, 'fit_intercept': True, 'intercept_scaling': 1, 'loss': 'squared_hinge', 'max_iter': 100, 'multi_class': 'ovr', 'penalty': 'l2', 'random_state': 42, 'tol': 0.001, 'verbose': 0}",0.001024007797241211
Chinese_wine,9,20,7,1,LogisticRegression,Baseline,N/A,N/A,0.8013333333333333,0.7937736257769807,"{'C': 1.0, 'class_weight': None, 'dual': False, 'fit_intercept': True, 'intercept_scaling': 1, 'l1_ratio': None, 'max_iter': 100, 'multi_class': 'deprecated', 'n_jobs': None, 'penalty': 'l2', 'random_state': 42, 'solver': 'lbfgs', 'tol': 0.0001, 'verbose': 0, 'warm_start': False}",1.540107250213623
Chinese_wine,9,20,7,1,LogisticRegression,Tuned_Baseline,N/A,N/A,0.8117777777777778,0.804869413371072,"{'C': np.float64(1000.0), 'class_weight': 'balanced', 'dual': False, 'fit_intercept': True, 'intercept_scaling': 1, 'l1_ratio': None, 'max_iter': 100, 'multi_class': 'deprecated', 'n_jobs': None, 'penalty': 'l2', 'random_state': 42, 'solver': 'sag', 'tol': 0.0001, 'verbose': 0, 'warm_start': False}",0.0011916160583496094
Chinese_wine,9,20,7,1,RNN,Baseline,N/A,N/A,0.5666666666666667,0.4613125138344437,"{'hidden_size': 64, 'epochs': 10, 'batch_size': 32, 'lr': 0.001}",6.031054973602295
Chinese_wine,9,20,7,1,RNN,Tuned_Baseline,N/A,N/A,0.2,0.07214285714285715,"{'hidden_size': 64, 'epochs': 10, 'batch_size': 64, 'lr': 0.001}",1.4234623908996582
Chinese_wine,9,20,7,2,KNN,SMOTE,1,{'k_neighbors': 1},0.939,0.9387100704821173,"{'algorithm': 'auto', 'leaf_size': 30, 'metric': 'chebyshev', 'metric_params': None, 'n_jobs': None, 'n_neighbors': np.int64(11), 'p': 2, 'weights': 'distance'}",0.1065373420715332
Chinese_wine,9,20,7,2,RandomForest,SMOTE,1,{'k_neighbors': 1},0.9431111111111111,0.9424556345701937,"{'bootstrap': True, 'ccp_alpha': 0.0, 'class_weight': 'balanced', 'criterion': 'gini', 'max_depth': 30, 'max_features': 'sqrt', 'max_leaf_nodes': None, 'max_samples': None, 'min_impurity_decrease': 0.0, 'min_samples_leaf': 1, 'min_samples_split': 2, 'min_weight_fraction_leaf': 0.0, 'monotonic_cst': None, 'n_estimators': 150, 'n_jobs': None, 'oob_score': False, 'random_state': 42, 'verbose': 0, 'warm_start': False}",16.724604606628418
Chinese_wine,9,20,7,2,LinearSVC,SMOTE,1,{'k_neighbors': 1},0.6868888888888889,0.6575798660908146,"{'C': np.float64(183.29807108324337), 'class_weight': None, 'dual': False, 'fit_intercept': True, 'intercept_scaling': 1, 'loss': 'squared_hinge', 'max_iter': 100, 'multi_class': 'ovr', 'penalty': 'l1', 'random_state': 42, 'tol': 0.001, 'verbose': 0}",0.8361499309539795
Chinese_wine,9,20,7,2,LogisticRegression,SMOTE,1,{'k_neighbors': 1},0.8062222222222222,0.7990366603220218,"{'C': np.float64(1000.0), 'class_weight': 'balanced', 'dual': False, 'fit_intercept': True, 'intercept_scaling': 1, 'l1_ratio': None, 'max_iter': 100, 'multi_class': 'deprecated', 'n_jobs': None, 'penalty': 'l2', 'random_state': 42, 'solver': 'sag', 'tol': 0.0001, 'verbose': 0, 'warm_start': False}",1.7208032608032227
Chinese_wine,9,20,7,2,RNN,SMOTE,1,{'k_neighbors': 1},0.37777777777777777,0.2592230872282023,"{'hidden_size': 64, 'epochs': 10, 'batch_size': 64, 'lr': 0.001}",163.02825784683228
Chinese_wine,9,20,7,2,KNN,SMOTE,2,{'k_neighbors': 2},0.9385555555555556,0.9382130558963838,"{'algorithm': 'auto', 'leaf_size': 30, 'metric': 'minkowski', 'metric_params': None, 'n_jobs': None, 'n_neighbors': np.int64(5), 'p': 3, 'weights': 'distance'}",0.36374592781066895
Chinese_wine,9,20,7,2,RandomForest,SMOTE,2,{'k_neighbors': 2},0.9392222222222222,0.938537515750619,"{'bootstrap': True, 'ccp_alpha': 0.0, 'class_weight': None, 'criterion': 'gini', 'max_depth': 20, 'max_features': 'sqrt', 'max_leaf_nodes': None, 'max_samples': None, 'min_impurity_decrease': 0.0, 'min_samples_leaf': 1, 'min_samples_split': 2, 'min_weight_fraction_leaf': 0.0, 'monotonic_cst': None, 'n_estimators': 100, 'n_jobs': None, 'oob_score': False, 'random_state': 42, 'verbose': 0, 'warm_start': False}",12.235841035842896
Chinese_wine,9,20,7,2,LinearSVC,SMOTE,2,{'k_neighbors': 2},0.5695555555555556,0.4875364163666269,"{'C': np.float64(14.38449888287663), 'class_weight': 'balanced', 'dual': False, 'fit_intercept': False, 'intercept_scaling': 1, 'loss': 'squared_hinge', 'max_iter': 100, 'multi_class': 'ovr', 'penalty': 'l2', 'random_state': 42, 'tol': 0.001, 'verbose': 0}",0.19648432731628418
Chinese_wine,9,20,7,2,LogisticRegression,SMOTE,2,{'k_neighbors': 2},0.805,0.7972528280209339,"{'C': np.float64(1000.0), 'class_weight': 'balanced', 'dual': False, 'fit_intercept': True, 'intercept_scaling': 1, 'l1_ratio': None, 'max_iter': 100, 'multi_class': 'deprecated', 'n_jobs': None, 'penalty': 'l2', 'random_state': 42, 'solver': 'sag', 'tol': 0.0001, 'verbose': 0, 'warm_start': False}",1.83729887008667
Chinese_wine,9,20,7,2,RNN,SMOTE,2,{'k_neighbors': 2},0.4,0.26955540560803715,"{'hidden_size': 64, 'epochs': 10, 'batch_size': 64, 'lr': 0.001}",147.50321793556213
Chinese_wine,9,20,7,2,KNN,SMOTE,3,{'k_neighbors': 3},0.9412222222222222,0.9411230124171088,"{'algorithm': 'auto', 'leaf_size': 30, 'metric': 'minkowski', 'metric_params': None, 'n_jobs': None, 'n_neighbors': np.int64(5), 'p': 3, 'weights': 'distance'}",0.36998844146728516
Chinese_wine,9,20,7,2,RandomForest,SMOTE,3,{'k_neighbors': 3},0.8266666666666667,0.8266977307396369,"{'bootstrap': True, 'ccp_alpha': 0.0, 'class_weight': 'balanced', 'criterion': 'gini', 'max_depth': 10, 'max_features': 'sqrt', 'max_leaf_nodes': None, 'max_samples': None, 'min_impurity_decrease': 0.0, 'min_samples_leaf': 1, 'min_samples_split': 2, 'min_weight_fraction_leaf': 0.0, 'monotonic_cst': None, 'n_estimators': 100, 'n_jobs': None, 'oob_score': False, 'random_state': 42, 'verbose': 0, 'warm_start': False}",13.081157445907593
Chinese_wine,9,20,7,2,LinearSVC,SMOTE,3,{'k_neighbors': 3},0.7415555555555555,0.72022044329313,"{'C': np.float64(1000.0), 'class_weight': 'balanced', 'dual': False, 'fit_intercept': True, 'intercept_scaling': 1, 'loss': 'squared_hinge', 'max_iter': 100, 'multi_class': 'ovr', 'penalty': 'l2', 'random_state': 42, 'tol': 0.001, 'verbose': 0}",0.529123067855835
Chinese_wine,9,20,7,2,LogisticRegression,SMOTE,3,{'k_neighbors': 3},0.811,0.8048367461289011,"{'C': np.float64(1000.0), 'class_weight': 'balanced', 'dual': False, 'fit_intercept': True, 'intercept_scaling': 1, 'l1_ratio': None, 'max_iter': 100, 'multi_class': 'deprecated', 'n_jobs': None, 'penalty': 'l2', 'random_state': 42, 'solver': 'sag', 'tol': 0.0001, 'verbose': 0, 'warm_start': False}",3.1260452270507812
Chinese_wine,9,20,7,2,RNN,SMOTE,3,{'k_neighbors': 3},0.35555555555555557,0.25002830502830503,"{'hidden_size': 64, 'epochs': 10, 'batch_size': 64, 'lr': 0.001}",167.48844480514526
Chinese_wine,9,20,7,2,KNN,SMOTE,4,{'k_neighbors': 4},0.94,0.9396832457822127,"{'algorithm': 'auto', 'leaf_size': 30, 'metric': 'chebyshev', 'metric_params': None, 'n_jobs': None, 'n_neighbors': np.int64(11), 'p': 2, 'weights': 'distance'}",0.21543121337890625
Chinese_wine,9,20,7,2,RandomForest,SMOTE,4,{'k_neighbors': 4},0.9423333333333334,0.9415625071442058,"{'bootstrap': True, 'ccp_alpha': 0.0, 'class_weight': 'balanced', 'criterion': 'gini', 'max_depth': 30, 'max_features': 'sqrt', 'max_leaf_nodes': None, 'max_samples': None, 'min_impurity_decrease': 0.0, 'min_samples_leaf': 1, 'min_samples_split': 2, 'min_weight_fraction_leaf': 0.0, 'monotonic_cst': None, 'n_estimators': 150, 'n_jobs': None, 'oob_score': False, 'random_state': 42, 'verbose': 0, 'warm_start': False}",18.54347801208496
Chinese_wine,9,20,7,2,LinearSVC,SMOTE,4,{'k_neighbors': 4},0.6918888888888889,0.6584739397056176,"{'C': np.float64(2.6366508987303554), 'class_weight': 'balanced', 'dual': False, 'fit_intercept': True, 'intercept_scaling': 1, 'loss': 'squared_hinge', 'max_iter': 100, 'multi_class': 'ovr', 'penalty': 'l1', 'random_state': 42, 'tol': 0.0001, 'verbose': 0}",0.934495210647583
Chinese_wine,9,20,7,2,LogisticRegression,SMOTE,4,{'k_neighbors': 4},0.8127777777777778,0.8065808292280527,"{'C': np.float64(183.29807108324337), 'class_weight': 'balanced', 'dual': False, 'fit_intercept': True, 'intercept_scaling': 1, 'l1_ratio': None, 'max_iter': 100, 'multi_class': 'deprecated', 'n_jobs': None, 'penalty': 'l1', 'random_state': 42, 'solver': 'saga', 'tol': 0.0001, 'verbose': 0, 'warm_start': False}",2.958792209625244
Chinese_wine,9,20,7,2,RNN,SMOTE,4,{'k_neighbors': 4},0.5333333333333333,0.42829927425515657,"{'hidden_size': 64, 'epochs': 10, 'batch_size': 64, 'lr': 0.001}",44.54126048088074
Chinese_wine,9,20,7,2,KNN,SMOTE,5,{'k_neighbors': 5},0.9475555555555556,0.947390086806665,"{'algorithm': 'auto', 'leaf_size': 30, 'metric': 'minkowski', 'metric_params': None, 'n_jobs': None, 'n_neighbors': np.int64(5), 'p': 3, 'weights': 'distance'}",0.2880837917327881
Chinese_wine,9,20,7,2,RandomForest,SMOTE,5,{'k_neighbors': 5},0.9443333333333334,0.943394598474916,"{'bootstrap': True, 'ccp_alpha': 0.0, 'class_weight': 'balanced', 'criterion': 'gini', 'max_depth': 30, 'max_features': 'sqrt', 'max_leaf_nodes': None, 'max_samples': None, 'min_impurity_decrease': 0.0, 'min_samples_leaf': 1, 'min_samples_split': 2, 'min_weight_fraction_leaf': 0.0, 'monotonic_cst': None, 'n_estimators': 150, 'n_jobs': None, 'oob_score': False, 'random_state': 42, 'verbose': 0, 'warm_start': False}",17.05319046974182
Chinese_wine,9,20,7,2,LinearSVC,SMOTE,5,{'k_neighbors': 5},0.7466666666666667,0.7257382133396479,"{'C': np.float64(1000.0), 'class_weight': 'balanced', 'dual': False, 'fit_intercept': True, 'intercept_scaling': 1, 'loss': 'squared_hinge', 'max_iter': 100, 'multi_class': 'ovr', 'penalty': 'l2', 'random_state': 42, 'tol': 0.001, 'verbose': 0}",0.276170015335083
Chinese_wine,9,20,7,2,LogisticRegression,SMOTE,5,{'k_neighbors': 5},0.8086666666666666,0.8014075212076465,"{'C': np.float64(1000.0), 'class_weight': 'balanced', 'dual': False, 'fit_intercept': True, 'intercept_scaling': 1, 'l1_ratio': None, 'max_iter': 100, 'multi_class': 'deprecated', 'n_jobs': None, 'penalty': 'l2', 'random_state': 42, 'solver': 'sag', 'tol': 0.0001, 'verbose': 0, 'warm_start': False}",1.5094678401947021
Chinese_wine,9,20,7,2,RNN,SMOTE,5,{'k_neighbors': 5},0.35555555555555557,0.2556311612364244,"{'hidden_size': 64, 'epochs': 10, 'batch_size': 64, 'lr': 0.001}",158.28621649742126
Chinese_wine,9,20,7,3,KNN,SMOTE,1,{'k_neighbors': 1},0.9443333333333334,0.9441519115714725,"{'algorithm': 'auto', 'leaf_size': 30, 'metric': 'minkowski', 'metric_params': None, 'n_jobs': None, 'n_neighbors': np.int64(13), 'p': 4, 'weights': 'distance'}",0.6105797290802002
Chinese_wine,9,20,7,3,RandomForest,SMOTE,1,{'k_neighbors': 1},0.9435555555555556,0.9426185784198129,"{'bootstrap': True, 'ccp_alpha': 0.0, 'class_weight': None, 'criterion': 'gini', 'max_depth': None, 'max_features': 'sqrt', 'max_leaf_nodes': None, 'max_samples': None, 'min_impurity_decrease': 0.0, 'min_samples_leaf': 1, 'min_samples_split': 5, 'min_weight_fraction_leaf': 0.0, 'monotonic_cst': None, 'n_estimators': 150, 'n_jobs': None, 'oob_score': False, 'random_state': 42, 'verbose': 0, 'warm_start': False}",29.723735809326172
Chinese_wine,9,20,7,3,LinearSVC,SMOTE,1,{'k_neighbors': 1},0.7402222222222222,0.7185544032306924,"{'C': np.float64(0.4832930238571752), 'class_weight': 'balanced', 'dual': False, 'fit_intercept': True, 'intercept_scaling': 1, 'loss': 'squared_hinge', 'max_iter': 100, 'multi_class': 'ovr', 'penalty': 'l2', 'random_state': 42, 'tol': 0.0001, 'verbose': 0}",0.4390299320220947
Chinese_wine,9,20,7,3,LogisticRegression,SMOTE,1,{'k_neighbors': 1},0.8083333333333333,0.8021662746817603,"{'C': np.float64(183.29807108324337), 'class_weight': 'balanced', 'dual': False, 'fit_intercept': True, 'intercept_scaling': 1, 'l1_ratio': None, 'max_iter': 100, 'multi_class': 'deprecated', 'n_jobs': None, 'penalty': 'l1', 'random_state': 42, 'solver': 'saga', 'tol': 0.0001, 'verbose': 0, 'warm_start': False}",4.473964691162109
Chinese_wine,9,20,7,3,RNN,SMOTE,1,{'k_neighbors': 1},0.6444444444444445,0.5840791068709462,"{'hidden_size': 64, 'epochs': 10, 'batch_size': 64, 'lr': 0.001}",253.32999730110168
Chinese_wine,9,20,7,3,KNN,SMOTE,2,{'k_neighbors': 2},0.9422222222222222,0.9419230269629685,"{'algorithm': 'auto', 'leaf_size': 30, 'metric': 'minkowski', 'metric_params': None, 'n_jobs': None, 'n_neighbors': np.int64(5), 'p': 3, 'weights': 'distance'}",0.49690961837768555
Chinese_wine,9,20,7,3,RandomForest,SMOTE,2,{'k_neighbors': 2},0.9425555555555556,0.9417973906904462,"{'bootstrap': True, 'ccp_alpha': 0.0, 'class_weight': 'balanced', 'criterion': 'gini', 'max_depth': 30, 'max_features': 'sqrt', 'max_leaf_nodes': None, 'max_samples': None, 'min_impurity_decrease': 0.0, 'min_samples_leaf': 1, 'min_samples_split': 2, 'min_weight_fraction_leaf': 0.0, 'monotonic_cst': None, 'n_estimators': 150, 'n_jobs': None, 'oob_score': False, 'random_state': 42, 'verbose': 0, 'warm_start': False}",36.252822399139404
Chinese_wine,9,20,7,3,LinearSVC,SMOTE,2,{'k_neighbors': 2},0.7456666666666667,0.7241072182175798,"{'C': np.float64(1000.0), 'class_weight': 'balanced', 'dual': False, 'fit_intercept': True, 'intercept_scaling': 1, 'loss': 'squared_hinge', 'max_iter': 100, 'multi_class': 'ovr', 'penalty': 'l2', 'random_state': 42, 'tol': 0.001, 'verbose': 0}",0.39451074600219727
Chinese_wine,9,20,7,3,LogisticRegression,SMOTE,2,{'k_neighbors': 2},0.805,0.7981911409806621,"{'C': np.float64(1000.0), 'class_weight': 'balanced', 'dual': False, 'fit_intercept': True, 'intercept_scaling': 1, 'l1_ratio': None, 'max_iter': 100, 'multi_class': 'deprecated', 'n_jobs': None, 'penalty': 'l2', 'random_state': 42, 'solver': 'sag', 'tol': 0.0001, 'verbose': 0, 'warm_start': False}",2.4277079105377197
Chinese_wine,9,20,7,3,RNN,SMOTE,2,{'k_neighbors': 2},0.6666666666666666,0.5997366569357416,"{'hidden_size': 64, 'epochs': 10, 'batch_size': 64, 'lr': 0.001}",232.72837114334106
Chinese_wine,9,20,7,3,KNN,SMOTE,3,{'k_neighbors': 3},0.9498888888888889,0.9497804812912691,"{'algorithm': 'auto', 'leaf_size': 30, 'metric': 'minkowski', 'metric_params': None, 'n_jobs': None, 'n_neighbors': np.int64(5), 'p': 3, 'weights': 'distance'}",0.49718737602233887
Chinese_wine,9,20,7,3,RandomForest,SMOTE,3,{'k_neighbors': 3},0.9443333333333334,0.9437484134933265,"{'bootstrap': True, 'ccp_alpha': 0.0, 'class_weight': 'balanced', 'criterion': 'gini', 'max_depth': None, 'max_features': 'sqrt', 'max_leaf_nodes': None, 'max_samples': None, 'min_impurity_decrease': 0.0, 'min_samples_leaf': 1, 'min_samples_split': 2, 'min_weight_fraction_leaf': 0.0, 'monotonic_cst': None, 'n_estimators': 50, 'n_jobs': None, 'oob_score': False, 'random_state': 42, 'verbose': 0, 'warm_start': False}",9.499497652053833
Chinese_wine,9,20,7,3,LinearSVC,SMOTE,3,{'k_neighbors': 3},0.6897777777777778,0.6580206068959856,"{'C': np.float64(183.29807108324337), 'class_weight': 'balanced', 'dual': False, 'fit_intercept': True, 'intercept_scaling': 1, 'loss': 'squared_hinge', 'max_iter': 100, 'multi_class': 'ovr', 'penalty': 'l1', 'random_state': 42, 'tol': 0.0001, 'verbose': 0}",1.6771376132965088
Chinese_wine,9,20,7,3,LogisticRegression,SMOTE,3,{'k_neighbors': 3},0.8055555555555556,0.798788418517932,"{'C': np.float64(1000.0), 'class_weight': 'balanced', 'dual': False, 'fit_intercept': True, 'intercept_scaling': 1, 'l1_ratio': None, 'max_iter': 100, 'multi_class': 'deprecated', 'n_jobs': None, 'penalty': 'l2', 'random_state': 42, 'solver': 'sag', 'tol': 0.0001, 'verbose': 0, 'warm_start': False}",2.4481143951416016
Chinese_wine,9,20,7,3,RNN,SMOTE,3,{'k_neighbors': 3},0.5555555555555556,0.4658567032096444,"{'hidden_size': 64, 'epochs': 10, 'batch_size': 64, 'lr': 0.001}",113.98103165626526
Chinese_wine,9,20,7,3,KNN,SMOTE,4,{'k_neighbors': 4},0.9376666666666666,0.9372434631365474,"{'algorithm': 'auto', 'leaf_size': 30, 'metric': 'chebyshev', 'metric_params': None, 'n_jobs': None, 'n_neighbors': np.int64(11), 'p': 2, 'weights': 'distance'}",0.12892794609069824
Chinese_wine,9,20,7,3,RandomForest,SMOTE,4,{'k_neighbors': 4},0.9366666666666666,0.9357428917289111,"{'bootstrap': True, 'ccp_alpha': 0.0, 'class_weight': 'balanced', 'criterion': 'gini', 'max_depth': None, 'max_features': 'sqrt', 'max_leaf_nodes': None, 'max_samples': None, 'min_impurity_decrease': 0.0, 'min_samples_leaf': 1, 'min_samples_split': 2, 'min_weight_fraction_leaf': 0.0, 'monotonic_cst': None, 'n_estimators': 50, 'n_jobs': None, 'oob_score': False, 'random_state': 42, 'verbose': 0, 'warm_start': False}",9.090521097183228
Chinese_wine,9,20,7,3,LinearSVC,SMOTE,4,{'k_neighbors': 4},0.7508888888888889,0.7305864204532724,"{'C': np.float64(1000.0), 'class_weight': 'balanced', 'dual': False, 'fit_intercept': True, 'intercept_scaling': 1, 'loss': 'squared_hinge', 'max_iter': 100, 'multi_class': 'ovr', 'penalty': 'l2', 'random_state': 42, 'tol': 0.001, 'verbose': 0}",0.4168434143066406
Chinese_wine,9,20,7,3,LogisticRegression,SMOTE,4,{'k_neighbors': 4},0.8137777777777778,0.8070610573937818,"{'C': np.float64(33.59818286283781), 'class_weight': 'balanced', 'dual': False, 'fit_intercept': True, 'intercept_scaling': 1, 'l1_ratio': None, 'max_iter': 100, 'multi_class': 'deprecated', 'n_jobs': None, 'penalty': 'l1', 'random_state': 42, 'solver': 'saga', 'tol': 0.0001, 'verbose': 0, 'warm_start': False}",4.551835536956787
Chinese_wine,9,20,7,3,RNN,SMOTE,4,{'k_neighbors': 4},0.6111111111111112,0.5703732981993852,"{'hidden_size': 64, 'epochs': 10, 'batch_size': 64, 'lr': 0.001}",250.806410074234
Chinese_wine,9,20,7,3,KNN,SMOTE,5,{'k_neighbors': 5},0.9493333333333334,0.949183743072319,"{'algorithm': 'auto', 'leaf_size': 30, 'metric': 'minkowski', 'metric_params': None, 'n_jobs': None, 'n_neighbors': np.int64(5), 'p': 3, 'weights': 'distance'}",0.45500969886779785
Chinese_wine,9,20,7,3,RandomForest,SMOTE,5,{'k_neighbors': 5},0.9428888888888889,0.9422598444914074,"{'bootstrap': True, 'ccp_alpha': 0.0, 'class_weight': None, 'criterion': 'gini', 'max_depth': 20, 'max_features': 'sqrt', 'max_leaf_nodes': None, 'max_samples': None, 'min_impurity_decrease': 0.0, 'min_samples_leaf': 1, 'min_samples_split': 2, 'min_weight_fraction_leaf': 0.0, 'monotonic_cst': None, 'n_estimators': 100, 'n_jobs': None, 'oob_score': False, 'random_state': 42, 'verbose': 0, 'warm_start': False}",21.549251556396484
Chinese_wine,9,20,7,3,LinearSVC,SMOTE,5,{'k_neighbors': 5},0.6902222222222222,0.6605999592084101,"{'C': np.float64(2.6366508987303554), 'class_weight': 'balanced', 'dual': False, 'fit_intercept': True, 'intercept_scaling': 1, 'loss': 'squared_hinge', 'max_iter': 100, 'multi_class': 'ovr', 'penalty': 'l1', 'random_state': 42, 'tol': 0.0001, 'verbose': 0}",2.1554245948791504
Chinese_wine,9,20,7,3,LogisticRegression,SMOTE,5,{'k_neighbors': 5},0.813,0.8062997538683804,"{'C': np.float64(33.59818286283781), 'class_weight': 'balanced', 'dual': False, 'fit_intercept': True, 'intercept_scaling': 1, 'l1_ratio': None, 'max_iter': 100, 'multi_class': 'deprecated', 'n_jobs': None, 'penalty': 'l1', 'random_state': 42, 'solver': 'saga', 'tol': 0.0001, 'verbose': 0, 'warm_start': False}",7.308327674865723
Chinese_wine,9,20,7,3,RNN,SMOTE,5,{'k_neighbors': 5},0.6222222222222222,0.5632913945957423,"{'hidden_size': 64, 'epochs': 10, 'batch_size': 64, 'lr': 0.001}",257.98223304748535
Chinese_wine,9,20,7,5,KNN,SMOTE,1,{'k_neighbors': 1},0.937,0.9365846871349756,"{'algorithm': 'auto', 'leaf_size': 30, 'metric': 'chebyshev', 'metric_params': None, 'n_jobs': None, 'n_neighbors': np.int64(11), 'p': 2, 'weights': 'distance'}",0.17809367179870605
Chinese_wine,9,20,7,5,RandomForest,SMOTE,1,{'k_neighbors': 1},0.9391111111111111,0.9382863120412274,"{'bootstrap': True, 'ccp_alpha': 0.0, 'class_weight': 'balanced', 'criterion': 'gini', 'max_depth': 30, 'max_features': 'sqrt', 'max_leaf_nodes': None, 'max_samples': None, 'min_impurity_decrease': 0.0, 'min_samples_leaf': 1, 'min_samples_split': 2, 'min_weight_fraction_leaf': 0.0, 'monotonic_cst': None, 'n_estimators': 150, 'n_jobs': None, 'oob_score': False, 'random_state': 42, 'verbose': 0, 'warm_start': False}",45.39385986328125
Chinese_wine,9,20,7,5,LinearSVC,SMOTE,1,{'k_neighbors': 1},0.752,0.7347706590114907,"{'C': np.float64(1000.0), 'class_weight': 'balanced', 'dual': False, 'fit_intercept': True, 'intercept_scaling': 1, 'loss': 'squared_hinge', 'max_iter': 100, 'multi_class': 'ovr', 'penalty': 'l2', 'random_state': 42, 'tol': 0.001, 'verbose': 0}",0.6851968765258789
Chinese_wine,9,20,7,5,LogisticRegression,SMOTE,1,{'k_neighbors': 1},0.8144444444444444,0.8083861257370433,"{'C': np.float64(1000.0), 'class_weight': 'balanced', 'dual': False, 'fit_intercept': True, 'intercept_scaling': 1, 'l1_ratio': None, 'max_iter': 100, 'multi_class': 'deprecated', 'n_jobs': None, 'penalty': 'l2', 'random_state': 42, 'solver': 'sag', 'tol': 0.0001, 'verbose': 0, 'warm_start': False}",3.3562333583831787
Chinese_wine,9,20,7,5,RNN,SMOTE,1,{'k_neighbors': 1},0.6555555555555556,0.5935298035298036,"{'hidden_size': 64, 'epochs': 10, 'batch_size': 64, 'lr': 0.001}",434.36521792411804
Chinese_wine,9,20,7,5,KNN,SMOTE,2,{'k_neighbors': 2},0.9536666666666667,0.953498655338593,"{'algorithm': 'auto', 'leaf_size': 30, 'metric': 'minkowski', 'metric_params': None, 'n_jobs': None, 'n_neighbors': np.int64(5), 'p': 3, 'weights': 'distance'}",0.6920778751373291
Chinese_wine,9,20,7,5,RandomForest,SMOTE,2,{'k_neighbors': 2},0.9455555555555556,0.9448152128828796,"{'bootstrap': True, 'ccp_alpha': 0.0, 'class_weight': 'balanced', 'criterion': 'gini', 'max_depth': 30, 'max_features': 'sqrt', 'max_leaf_nodes': None, 'max_samples': None, 'min_impurity_decrease': 0.0, 'min_samples_leaf': 1, 'min_samples_split': 2, 'min_weight_fraction_leaf': 0.0, 'monotonic_cst': None, 'n_estimators': 150, 'n_jobs': None, 'oob_score': False, 'random_state': 42, 'verbose': 0, 'warm_start': False}",43.8310763835907
Chinese_wine,9,20,7,5,LinearSVC,SMOTE,2,{'k_neighbors': 2},0.7424444444444445,0.7195245368471166,"{'C': np.float64(0.4832930238571752), 'class_weight': 'balanced', 'dual': False, 'fit_intercept': True, 'intercept_scaling': 1, 'loss': 'squared_hinge', 'max_iter': 100, 'multi_class': 'ovr', 'penalty': 'l2', 'random_state': 42, 'tol': 0.0001, 'verbose': 0}",0.7053914070129395
Chinese_wine,9,20,7,5,LogisticRegression,SMOTE,2,{'k_neighbors': 2},0.7114444444444444,0.6976905843227407,"{'C': np.float64(183.29807108324337), 'class_weight': 'balanced', 'dual': False, 'fit_intercept': False, 'intercept_scaling': 1, 'l1_ratio': None, 'max_iter': 100, 'multi_class': 'deprecated', 'n_jobs': None, 'penalty': 'l2', 'random_state': 42, 'solver': 'sag', 'tol': 0.0001, 'verbose': 0, 'warm_start': False}",1.076777458190918
Chinese_wine,9,20,7,5,RNN,SMOTE,2,{'k_neighbors': 2},0.6444444444444445,0.5971505522939093,"{'hidden_size': 64, 'epochs': 10, 'batch_size': 64, 'lr': 0.001}",413.1734344959259
Chinese_wine,9,20,7,5,KNN,SMOTE,3,{'k_neighbors': 3},0.9518888888888889,0.9517404067743758,"{'algorithm': 'auto', 'leaf_size': 30, 'metric': 'manhattan', 'metric_params': None, 'n_jobs': None, 'n_neighbors': np.int64(5), 'p': 2, 'weights': 'distance'}",0.5626795291900635
Chinese_wine,9,20,7,5,RandomForest,SMOTE,3,{'k_neighbors': 3},0.9411111111111111,0.9402729500787325,"{'bootstrap': True, 'ccp_alpha': 0.0, 'class_weight': 'balanced', 'criterion': 'gini', 'max_depth': None, 'max_features': 'sqrt', 'max_leaf_nodes': None, 'max_samples': None, 'min_impurity_decrease': 0.0, 'min_samples_leaf': 1, 'min_samples_split': 2, 'min_weight_fraction_leaf': 0.0, 'monotonic_cst': None, 'n_estimators': 50, 'n_jobs': None, 'oob_score': False, 'random_state': 42, 'verbose': 0, 'warm_start': False}",21.619270086288452
Chinese_wine,9,20,7,5,LinearSVC,SMOTE,3,{'k_neighbors': 3},0.7486666666666667,0.7275290246340697,"{'C': np.float64(1000.0), 'class_weight': 'balanced', 'dual': False, 'fit_intercept': True, 'intercept_scaling': 1, 'loss': 'squared_hinge', 'max_iter': 100, 'multi_class': 'ovr', 'penalty': 'l2', 'random_state': 42, 'tol': 0.001, 'verbose': 0}",1.317491054534912
Chinese_wine,9,20,7,5,LogisticRegression,SMOTE,3,{'k_neighbors': 3},0.8147777777777778,0.8081006569151479,"{'C': np.float64(1000.0), 'class_weight': 'balanced', 'dual': False, 'fit_intercept': True, 'intercept_scaling': 1, 'l1_ratio': None, 'max_iter': 100, 'multi_class': 'deprecated', 'n_jobs': None, 'penalty': 'l2', 'random_state': 42, 'solver': 'sag', 'tol': 0.0001, 'verbose': 0, 'warm_start': False}",3.7054238319396973
Chinese_wine,9,20,7,5,RNN,SMOTE,3,{'k_neighbors': 3},0.4777777777777778,0.37624089607465566,"{'hidden_size': 64, 'epochs': 10, 'batch_size': 64, 'lr': 0.001}",196.713392496109
Chinese_wine,9,20,7,5,KNN,SMOTE,4,{'k_neighbors': 4},0.9426666666666667,0.9423280715103028,"{'algorithm': 'auto', 'leaf_size': 30, 'metric': 'minkowski', 'metric_params': None, 'n_jobs': None, 'n_neighbors': np.int64(5), 'p': 3, 'weights': 'distance'}",0.5066678524017334
Chinese_wine,9,20,7,5,RandomForest,SMOTE,4,{'k_neighbors': 4},0.9433333333333334,0.94239829645286,"{'bootstrap': True, 'ccp_alpha': 0.0, 'class_weight': 'balanced', 'criterion': 'gini', 'max_depth': 30, 'max_features': 'sqrt', 'max_leaf_nodes': None, 'max_samples': None, 'min_impurity_decrease': 0.0, 'min_samples_leaf': 1, 'min_samples_split': 2, 'min_weight_fraction_leaf': 0.0, 'monotonic_cst': None, 'n_estimators': 150, 'n_jobs': None, 'oob_score': False, 'random_state': 42, 'verbose': 0, 'warm_start': False}",71.49521398544312
Chinese_wine,9,20,7,5,LinearSVC,SMOTE,4,{'k_neighbors': 4},0.6875555555555556,0.6548395512674341,"{'C': np.float64(183.29807108324337), 'class_weight': None, 'dual': False, 'fit_intercept': True, 'intercept_scaling': 1, 'loss': 'squared_hinge', 'max_iter': 100, 'multi_class': 'ovr', 'penalty': 'l1', 'random_state': 42, 'tol': 0.001, 'verbose': 0}",4.89972996711731
Chinese_wine,9,20,7,5,LogisticRegression,SMOTE,4,{'k_neighbors': 4},0.8112222222222222,0.8043385623131958,"{'C': np.float64(1000.0), 'class_weight': 'balanced', 'dual': False, 'fit_intercept': True, 'intercept_scaling': 1, 'l1_ratio': None, 'max_iter': 100, 'multi_class': 'deprecated', 'n_jobs': None, 'penalty': 'l2', 'random_state': 42, 'solver': 'sag', 'tol': 0.0001, 'verbose': 0, 'warm_start': False}",4.597595691680908
Chinese_wine,9,20,7,5,RNN,SMOTE,4,{'k_neighbors': 4},0.6777777777777778,0.6234574668315804,"{'hidden_size': 64, 'epochs': 10, 'batch_size': 64, 'lr': 0.001}",408.3382320404053
Chinese_wine,9,20,7,5,KNN,SMOTE,5,{'k_neighbors': 5},0.9521111111111111,0.9519732407394561,"{'algorithm': 'auto', 'leaf_size': 30, 'metric': 'manhattan', 'metric_params': None, 'n_jobs': None, 'n_neighbors': np.int64(5), 'p': 2, 'weights': 'distance'}",0.25920581817626953
Chinese_wine,9,20,7,5,RandomForest,SMOTE,5,{'k_neighbors': 5},0.9493333333333334,0.9486818941917778,"{'bootstrap': True, 'ccp_alpha': 0.0, 'class_weight': 'balanced', 'criterion': 'gini', 'max_depth': 30, 'max_features': 'sqrt', 'max_leaf_nodes': None, 'max_samples': None, 'min_impurity_decrease': 0.0, 'min_samples_leaf': 2, 'min_samples_split': 5, 'min_weight_fraction_leaf': 0.0, 'monotonic_cst': None, 'n_estimators': 50, 'n_jobs': None, 'oob_score': False, 'random_state': 42, 'verbose': 0, 'warm_start': False}",14.27048397064209
Chinese_wine,9,20,7,5,LinearSVC,SMOTE,5,{'k_neighbors': 5},0.7513333333333333,0.7338044619281582,"{'C': np.float64(1000.0), 'class_weight': 'balanced', 'dual': False, 'fit_intercept': True, 'intercept_scaling': 1, 'loss': 'squared_hinge', 'max_iter': 100, 'multi_class': 'ovr', 'penalty': 'l2', 'random_state': 42, 'tol': 0.001, 'verbose': 0}",0.653679370880127
Chinese_wine,9,20,7,5,LogisticRegression,SMOTE,5,{'k_neighbors': 5},0.7173333333333334,0.7047501952598757,"{'C': np.float64(183.29807108324337), 'class_weight': None, 'dual': False, 'fit_intercept': False, 'intercept_scaling': 1, 'l1_ratio': None, 'max_iter': 100, 'multi_class': 'deprecated', 'n_jobs': None, 'penalty': 'l2', 'random_state': 42, 'solver': 'sag', 'tol': 0.0001, 'verbose': 0, 'warm_start': False}",0.8916921615600586
Chinese_wine,9,20,7,5,RNN,SMOTE,5,{'k_neighbors': 5},0.3111111111111111,0.20721580988581406,"{'hidden_size': 64, 'epochs': 10, 'batch_size': 64, 'lr': 0.001}",414.1475336551666
Chinese_wine,9,20,7,10,KNN,SMOTE,1,{'k_neighbors': 1},0.9432222222222222,0.9429797368342764,"{'algorithm': 'auto', 'leaf_size': 30, 'metric': 'minkowski', 'metric_params': None, 'n_jobs': None, 'n_neighbors': np.int64(15), 'p': 4, 'weights': 'distance'}",0.6334424018859863
Chinese_wine,9,20,7,10,RandomForest,SMOTE,1,{'k_neighbors': 1},0.9391111111111111,0.9381713808623503,"{'bootstrap': True, 'ccp_alpha': 0.0, 'class_weight': None, 'criterion': 'gini', 'max_depth': 20, 'max_features': 'sqrt', 'max_leaf_nodes': None, 'max_samples': None, 'min_impurity_decrease': 0.0, 'min_samples_leaf': 1, 'min_samples_split': 2, 'min_weight_fraction_leaf': 0.0, 'monotonic_cst': None, 'n_estimators': 100, 'n_jobs': None, 'oob_score': False, 'random_state': 42, 'verbose': 0, 'warm_start': False}",27.60823154449463
Chinese_wine,9,20,7,10,LinearSVC,SMOTE,1,{'k_neighbors': 1},0.6943333333333334,0.6680744910510803,"{'C': np.float64(2.6366508987303554), 'class_weight': 'balanced', 'dual': False, 'fit_intercept': True, 'intercept_scaling': 1, 'loss': 'squared_hinge', 'max_iter': 100, 'multi_class': 'ovr', 'penalty': 'l1', 'random_state': 42, 'tol': 0.0001, 'verbose': 0}",3.407019853591919
Chinese_wine,9,20,7,10,LogisticRegression,SMOTE,1,{'k_neighbors': 1},0.8151111111111111,0.8097875869652543,"{'C': np.float64(183.29807108324337), 'class_weight': 'balanced', 'dual': False, 'fit_intercept': True, 'intercept_scaling': 1, 'l1_ratio': None, 'max_iter': 100, 'multi_class': 'deprecated', 'n_jobs': None, 'penalty': 'l1', 'random_state': 42, 'solver': 'saga', 'tol': 0.0001, 'verbose': 0, 'warm_start': False}",7.08836030960083
Chinese_wine,9,20,7,10,RNN,SMOTE,1,{'k_neighbors': 1},0.6888888888888889,0.6606590269633748,"{'hidden_size': 64, 'epochs': 10, 'batch_size': 64, 'lr': 0.001}",866.734397649765
Chinese_wine,9,20,7,10,KNN,SMOTE,2,{'k_neighbors': 2},0.9494444444444444,0.9493304355537978,"{'algorithm': 'auto', 'leaf_size': 30, 'metric': 'manhattan', 'metric_params': None, 'n_jobs': None, 'n_neighbors': np.int64(5), 'p': 2, 'weights': 'distance'}",0.4663558006286621
Chinese_wine,9,20,7,10,RandomForest,SMOTE,2,{'k_neighbors': 2},0.9414444444444444,0.9406832826617095,"{'bootstrap': True, 'ccp_alpha': 0.0, 'class_weight': 'balanced', 'criterion': 'gini', 'max_depth': None, 'max_features': 'sqrt', 'max_leaf_nodes': None, 'max_samples': None, 'min_impurity_decrease': 0.0, 'min_samples_leaf': 1, 'min_samples_split': 2, 'min_weight_fraction_leaf': 0.0, 'monotonic_cst': None, 'n_estimators': 50, 'n_jobs': None, 'oob_score': False, 'random_state': 42, 'verbose': 0, 'warm_start': False}",14.8941969871521
Chinese_wine,9,20,7,10,LinearSVC,SMOTE,2,{'k_neighbors': 2},0.693,0.6644079328033083,"{'C': np.float64(33.59818286283781), 'class_weight': 'balanced', 'dual': False, 'fit_intercept': True, 'intercept_scaling': 1, 'loss': 'squared_hinge', 'max_iter': 100, 'multi_class': 'ovr', 'penalty': 'l1', 'random_state': 42, 'tol': 0.0001, 'verbose': 0}",3.7756736278533936
Chinese_wine,9,20,7,10,LogisticRegression,SMOTE,2,{'k_neighbors': 2},0.8175555555555556,0.8116212323817174,"{'C': np.float64(183.29807108324337), 'class_weight': None, 'dual': False, 'fit_intercept': True, 'intercept_scaling': 1, 'l1_ratio': None, 'max_iter': 100, 'multi_class': 'deprecated', 'n_jobs': None, 'penalty': 'l2', 'random_state': 42, 'solver': 'saga', 'tol': 0.0001, 'verbose': 0, 'warm_start': False}",5.446604490280151
Chinese_wine,9,20,7,10,RNN,SMOTE,2,{'k_neighbors': 2},0.7333333333333333,0.705093339409129,"{'hidden_size': 64, 'epochs': 10, 'batch_size': 64, 'lr': 0.001}",428.21328711509705
Chinese_wine,9,20,7,10,KNN,SMOTE,3,{'k_neighbors': 3},0.9512222222222222,0.9511234352288845,"{'algorithm': 'auto', 'leaf_size': 30, 'metric': 'minkowski', 'metric_params': None, 'n_jobs': None, 'n_neighbors': np.int64(5), 'p': 3, 'weights': 'distance'}",0.5823187828063965
Chinese_wine,9,20,7,10,RandomForest,SMOTE,3,{'k_neighbors': 3},0.9478888888888889,0.9470857499650233,"{'bootstrap': True, 'ccp_alpha': 0.0, 'class_weight': 'balanced', 'criterion': 'gini', 'max_depth': None, 'max_features': 'sqrt', 'max_leaf_nodes': None, 'max_samples': None, 'min_impurity_decrease': 0.0, 'min_samples_leaf': 2, 'min_samples_split': 2, 'min_weight_fraction_leaf': 0.0, 'monotonic_cst': None, 'n_estimators': 150, 'n_jobs': None, 'oob_score': False, 'random_state': 42, 'verbose': 0, 'warm_start': False}",51.656752824783325
Chinese_wine,9,20,7,10,LinearSVC,SMOTE,3,{'k_neighbors': 3},0.6871111111111111,0.6552546062867372,"{'C': np.float64(183.29807108324337), 'class_weight': 'balanced', 'dual': False, 'fit_intercept': True, 'intercept_scaling': 1, 'loss': 'squared_hinge', 'max_iter': 100, 'multi_class': 'ovr', 'penalty': 'l1', 'random_state': 42, 'tol': 0.0001, 'verbose': 0}",4.0926854610443115
Chinese_wine,9,20,7,10,LogisticRegression,SMOTE,3,{'k_neighbors': 3},0.8167777777777778,0.8107342284230847,"{'C': np.float64(1000.0), 'class_weight': 'balanced', 'dual': False, 'fit_intercept': True, 'intercept_scaling': 1, 'l1_ratio': None, 'max_iter': 100, 'multi_class': 'deprecated', 'n_jobs': None, 'penalty': 'l2', 'random_state': 42, 'solver': 'sag', 'tol': 0.0001, 'verbose': 0, 'warm_start': False}",6.400995969772339
Chinese_wine,9,20,7,10,RNN,SMOTE,3,{'k_neighbors': 3},0.7333333333333333,0.6936863136863136,"{'hidden_size': 64, 'epochs': 10, 'batch_size': 64, 'lr': 0.001}",845.553139925003
Chinese_wine,9,20,7,10,KNN,SMOTE,4,{'k_neighbors': 4},0.9487777777777778,0.9485662126187613,"{'algorithm': 'auto', 'leaf_size': 30, 'metric': 'chebyshev', 'metric_params': None, 'n_jobs': None, 'n_neighbors': np.int64(11), 'p': 2, 'weights': 'distance'}",0.21717524528503418
Chinese_wine,9,20,7,10,RandomForest,SMOTE,4,{'k_neighbors': 4},0.9452222222222222,0.9443297243723896,"{'bootstrap': True, 'ccp_alpha': 0.0, 'class_weight': 'balanced', 'criterion': 'gini', 'max_depth': 30, 'max_features': 'sqrt', 'max_leaf_nodes': None, 'max_samples': None, 'min_impurity_decrease': 0.0, 'min_samples_leaf': 1, 'min_samples_split': 2, 'min_weight_fraction_leaf': 0.0, 'monotonic_cst': None, 'n_estimators': 150, 'n_jobs': None, 'oob_score': False, 'random_state': 42, 'verbose': 0, 'warm_start': False}",59.21304774284363
Chinese_wine,9,20,7,10,LinearSVC,SMOTE,4,{'k_neighbors': 4},0.7495555555555555,0.729600469637122,"{'C': np.float64(1000.0), 'class_weight': 'balanced', 'dual': False, 'fit_intercept': True, 'intercept_scaling': 1, 'loss': 'squared_hinge', 'max_iter': 100, 'multi_class': 'ovr', 'penalty': 'l2', 'random_state': 42, 'tol': 0.001, 'verbose': 0}",1.5974302291870117
Chinese_wine,9,20,7,10,LogisticRegression,SMOTE,4,{'k_neighbors': 4},0.8128888888888889,0.8067369540239815,"{'C': np.float64(33.59818286283781), 'class_weight': 'balanced', 'dual': False, 'fit_intercept': True, 'intercept_scaling': 1, 'l1_ratio': None, 'max_iter': 100, 'multi_class': 'deprecated', 'n_jobs': None, 'penalty': 'l1', 'random_state': 42, 'solver': 'saga', 'tol': 0.0001, 'verbose': 0, 'warm_start': False}",7.495466947555542
Chinese_wine,9,20,7,10,RNN,SMOTE,4,{'k_neighbors': 4},0.6777777777777778,0.6108158388803551,"{'hidden_size': 64, 'epochs': 10, 'batch_size': 64, 'lr': 0.001}",813.5170764923096
Chinese_wine,9,20,7,10,KNN,SMOTE,5,{'k_neighbors': 5},0.956,0.955898041732059,"{'algorithm': 'auto', 'leaf_size': 30, 'metric': 'minkowski', 'metric_params': None, 'n_jobs': None, 'n_neighbors': np.int64(5), 'p': 3, 'weights': 'distance'}",0.5588393211364746
Chinese_wine,9,20,7,10,RandomForest,SMOTE,5,{'k_neighbors': 5},0.9526666666666667,0.9520486148915851,"{'bootstrap': True, 'ccp_alpha': 0.0, 'class_weight': 'balanced', 'criterion': 'gini', 'max_depth': None, 'max_features': 'sqrt', 'max_leaf_nodes': None, 'max_samples': None, 'min_impurity_decrease': 0.0, 'min_samples_leaf': 1, 'min_samples_split': 2, 'min_weight_fraction_leaf': 0.0, 'monotonic_cst': None, 'n_estimators': 50, 'n_jobs': None, 'oob_score': False, 'random_state': 42, 'verbose': 0, 'warm_start': False}",19.68025803565979
Chinese_wine,9,20,7,10,LinearSVC,SMOTE,5,{'k_neighbors': 5},0.7515555555555555,0.7330046238994382,"{'C': np.float64(1000.0), 'class_weight': 'balanced', 'dual': False, 'fit_intercept': True, 'intercept_scaling': 1, 'loss': 'squared_hinge', 'max_iter': 100, 'multi_class': 'ovr', 'penalty': 'l2', 'random_state': 42, 'tol': 0.001, 'verbose': 0}",2.2515103816986084
Chinese_wine,9,20,7,10,LogisticRegression,SMOTE,5,{'k_neighbors': 5},0.8112222222222222,0.8050337317618742,"{'C': np.float64(33.59818286283781), 'class_weight': None, 'dual': False, 'fit_intercept': True, 'intercept_scaling': 1, 'l1_ratio': None, 'max_iter': 100, 'multi_class': 'deprecated', 'n_jobs': None, 'penalty': 'l2', 'random_state': 42, 'solver': 'saga', 'tol': 0.0001, 'verbose': 0, 'warm_start': False}",5.060893774032593
Chinese_wine,9,20,7,10,RNN,SMOTE,5,{'k_neighbors': 5},0.7333333333333333,0.7083475664940196,"{'hidden_size': 64, 'epochs': 10, 'batch_size': 64, 'lr': 0.001}",856.0001401901245
Chinese_wine,9,20,8,1,KNN,Baseline,N/A,N/A,0.9272222222222222,0.9272661934580776,"{'algorithm': 'auto', 'leaf_size': 30, 'metric': 'minkowski', 'metric_params': None, 'n_jobs': None, 'n_neighbors': 5, 'p': 2, 'weights': 'uniform'}",0.42969393730163574
Chinese_wine,9,20,8,1,KNN,Tuned_Baseline,N/A,N/A,0.9286666666666666,0.9285177940157053,"{'algorithm': 'auto', 'leaf_size': 30, 'metric': 'chebyshev', 'metric_params': None, 'n_jobs': None, 'n_neighbors': np.int64(11), 'p': 2, 'weights': 'distance'}",0.05350899696350098
Chinese_wine,9,20,8,1,RandomForest,Baseline,N/A,N/A,0.9181111111111111,0.9181559466435344,"{'bootstrap': True, 'ccp_alpha': 0.0, 'class_weight': None, 'criterion': 'gini', 'max_depth': None, 'max_features': 'sqrt', 'max_leaf_nodes': None, 'max_samples': None, 'min_impurity_decrease': 0.0, 'min_samples_leaf': 1, 'min_samples_split': 2, 'min_weight_fraction_leaf': 0.0, 'monotonic_cst': None, 'n_estimators': 100, 'n_jobs': None, 'oob_score': False, 'random_state': 42, 'verbose': 0, 'warm_start': False}",5.279521465301514
Chinese_wine,9,20,8,1,RandomForest,Tuned_Baseline,N/A,N/A,0.9192222222222223,0.9192591370574379,"{'bootstrap': True, 'ccp_alpha': 0.0, 'class_weight': 'balanced', 'criterion': 'gini', 'max_depth': 30, 'max_features': 'sqrt', 'max_leaf_nodes': None, 'max_samples': None, 'min_impurity_decrease': 0.0, 'min_samples_leaf': 1, 'min_samples_split': 2, 'min_weight_fraction_leaf': 0.0, 'monotonic_cst': None, 'n_estimators': 150, 'n_jobs': None, 'oob_score': False, 'random_state': 42, 'verbose': 0, 'warm_start': False}",0.09943389892578125
Chinese_wine,9,20,8,1,LinearSVC,Baseline,N/A,N/A,0.7306666666666667,0.709293747492673,"{'C': 1.0, 'class_weight': None, 'dual': False, 'fit_intercept': True, 'intercept_scaling': 1, 'loss': 'squared_hinge', 'max_iter': 100, 'multi_class': 'ovr', 'penalty': 'l2', 'random_state': 42, 'tol': 0.0001, 'verbose': 0}",0.11893010139465332
Chinese_wine,9,20,8,1,LinearSVC,Tuned_Baseline,N/A,N/A,0.7338888888888889,0.7131637227267252,"{'C': np.float64(1000.0), 'class_weight': 'balanced', 'dual': False, 'fit_intercept': True, 'intercept_scaling': 1, 'loss': 'squared_hinge', 'max_iter': 100, 'multi_class': 'ovr', 'penalty': 'l2', 'random_state': 42, 'tol': 0.001, 'verbose': 0}",0.0006711483001708984
Chinese_wine,9,20,8,1,LogisticRegression,Baseline,N/A,N/A,0.7782222222222223,0.7740741681942283,"{'C': 1.0, 'class_weight': None, 'dual': False, 'fit_intercept': True, 'intercept_scaling': 1, 'l1_ratio': None, 'max_iter': 100, 'multi_class': 'deprecated', 'n_jobs': None, 'penalty': 'l2', 'random_state': 42, 'solver': 'lbfgs', 'tol': 0.0001, 'verbose': 0, 'warm_start': False}",0.7721171379089355
Chinese_wine,9,20,8,1,LogisticRegression,Tuned_Baseline,N/A,N/A,0.7813333333333333,0.7779874260175377,"{'C': np.float64(6.1584821106602545), 'class_weight': None, 'dual': False, 'fit_intercept': True, 'intercept_scaling': 1, 'l1_ratio': None, 'max_iter': 100, 'multi_class': 'deprecated', 'n_jobs': None, 'penalty': 'l2', 'random_state': 42, 'solver': 'lbfgs', 'tol': 0.0001, 'verbose': 0, 'warm_start': False}",0.001081228256225586
Chinese_wine,9,20,8,1,RNN,Baseline,N/A,N/A,0.3,0.18106617647058826,"{'hidden_size': 64, 'epochs': 10, 'batch_size': 32, 'lr': 0.001}",0.9170560836791992
Chinese_wine,9,20,8,1,RNN,Tuned_Baseline,N/A,N/A,0.35555555555555557,0.23460875463119346,"{'hidden_size': 64, 'epochs': 10, 'batch_size': 64, 'lr': 0.001}",0.0043299198150634766
Chinese_wine,9,20,8,2,KNN,SMOTE,1,{'k_neighbors': 1},0.9331111111111111,0.9331722038309084,"{'algorithm': 'auto', 'leaf_size': 30, 'metric': 'minkowski', 'metric_params': None, 'n_jobs': None, 'n_neighbors': np.int64(5), 'p': 3, 'weights': 'distance'}",0.268679141998291
Chinese_wine,9,20,8,2,RandomForest,SMOTE,1,{'k_neighbors': 1},0.9272222222222222,0.9270240790163243,"{'bootstrap': True, 'ccp_alpha': 0.0, 'class_weight': 'balanced', 'criterion': 'gini', 'max_depth': 30, 'max_features': 'sqrt', 'max_leaf_nodes': None, 'max_samples': None, 'min_impurity_decrease': 0.0, 'min_samples_leaf': 1, 'min_samples_split': 5, 'min_weight_fraction_leaf': 0.0, 'monotonic_cst': None, 'n_estimators': 100, 'n_jobs': None, 'oob_score': False, 'random_state': 42, 'verbose': 0, 'warm_start': False}",9.687415361404419
Chinese_wine,9,20,8,2,LinearSVC,SMOTE,1,{'k_neighbors': 1},0.6597777777777778,0.6244381795978324,"{'C': np.float64(2.6366508987303554), 'class_weight': 'balanced', 'dual': False, 'fit_intercept': True, 'intercept_scaling': 1, 'loss': 'squared_hinge', 'max_iter': 100, 'multi_class': 'ovr', 'penalty': 'l1', 'random_state': 42, 'tol': 0.0001, 'verbose': 0}",0.7768478393554688
Chinese_wine,9,20,8,2,LogisticRegression,SMOTE,1,{'k_neighbors': 1},0.8001111111111111,0.7959234333917373,"{'C': np.float64(1000.0), 'class_weight': 'balanced', 'dual': False, 'fit_intercept': True, 'intercept_scaling': 1, 'l1_ratio': None, 'max_iter': 100, 'multi_class': 'deprecated', 'n_jobs': None, 'penalty': 'l2', 'random_state': 42, 'solver': 'sag', 'tol': 0.0001, 'verbose': 0, 'warm_start': False}",1.4206314086914062
Chinese_wine,9,20,8,2,RNN,SMOTE,1,{'k_neighbors': 1},0.2,0.08396226415094339,"{'hidden_size': 64, 'epochs': 10, 'batch_size': 64, 'lr': 0.001}",1.140434980392456
Chinese_wine,9,20,8,2,KNN,SMOTE,2,{'k_neighbors': 2},0.935,0.934885260240076,"{'algorithm': 'auto', 'leaf_size': 30, 'metric': 'minkowski', 'metric_params': None, 'n_jobs': None, 'n_neighbors': np.int64(5), 'p': 3, 'weights': 'distance'}",0.2658262252807617
Chinese_wine,9,20,8,2,RandomForest,SMOTE,2,{'k_neighbors': 2},0.92,0.9200941542612147,"{'bootstrap': True, 'ccp_alpha': 0.0, 'class_weight': 'balanced', 'criterion': 'gini', 'max_depth': None, 'max_features': 'sqrt', 'max_leaf_nodes': None, 'max_samples': None, 'min_impurity_decrease': 0.0, 'min_samples_leaf': 2, 'min_samples_split': 2, 'min_weight_fraction_leaf': 0.0, 'monotonic_cst': None, 'n_estimators': 100, 'n_jobs': None, 'oob_score': False, 'random_state': 42, 'verbose': 0, 'warm_start': False}",10.543843984603882
Chinese_wine,9,20,8,2,LinearSVC,SMOTE,2,{'k_neighbors': 2},0.657,0.6224878490068159,"{'C': np.float64(33.59818286283781), 'class_weight': 'balanced', 'dual': False, 'fit_intercept': True, 'intercept_scaling': 1, 'loss': 'squared_hinge', 'max_iter': 100, 'multi_class': 'ovr', 'penalty': 'l1', 'random_state': 42, 'tol': 0.001, 'verbose': 0}",0.7835323810577393
Chinese_wine,9,20,8,2,LogisticRegression,SMOTE,2,{'k_neighbors': 2},0.7938888888888889,0.7918619274034,"{'C': np.float64(1000.0), 'class_weight': 'balanced', 'dual': False, 'fit_intercept': True, 'intercept_scaling': 1, 'l1_ratio': None, 'max_iter': 100, 'multi_class': 'deprecated', 'n_jobs': None, 'penalty': 'l2', 'random_state': 42, 'solver': 'sag', 'tol': 0.0001, 'verbose': 0, 'warm_start': False}",1.6103203296661377
Chinese_wine,9,20,8,2,RNN,SMOTE,2,{'k_neighbors': 2},0.3,0.16253968253968257,"{'hidden_size': 64, 'epochs': 10, 'batch_size': 64, 'lr': 0.001}",4.360410928726196
Chinese_wine,9,20,8,2,KNN,SMOTE,3,{'k_neighbors': 3},0.9294444444444444,0.929467384413066,"{'algorithm': 'auto', 'leaf_size': 30, 'metric': 'euclidean', 'metric_params': None, 'n_jobs': None, 'n_neighbors': np.int64(9), 'p': 2, 'weights': 'distance'}",0.11494684219360352
Chinese_wine,9,20,8,2,RandomForest,SMOTE,3,{'k_neighbors': 3},0.9148888888888889,0.9150879829827758,"{'bootstrap': True, 'ccp_alpha': 0.0, 'class_weight': 'balanced', 'criterion': 'gini', 'max_depth': 20, 'max_features': 'sqrt', 'max_leaf_nodes': None, 'max_samples': None, 'min_impurity_decrease': 0.0, 'min_samples_leaf': 2, 'min_samples_split': 5, 'min_weight_fraction_leaf': 0.0, 'monotonic_cst': None, 'n_estimators': 50, 'n_jobs': None, 'oob_score': False, 'random_state': 42, 'verbose': 0, 'warm_start': False}",5.420136213302612
Chinese_wine,9,20,8,2,LinearSVC,SMOTE,3,{'k_neighbors': 3},0.6691111111111111,0.638099808990471,"{'C': np.float64(33.59818286283781), 'class_weight': 'balanced', 'dual': False, 'fit_intercept': True, 'intercept_scaling': 1, 'loss': 'squared_hinge', 'max_iter': 100, 'multi_class': 'ovr', 'penalty': 'l1', 'random_state': 42, 'tol': 0.001, 'verbose': 0}",1.8741660118103027
Chinese_wine,9,20,8,2,LogisticRegression,SMOTE,3,{'k_neighbors': 3},0.7977777777777778,0.7947104330904439,"{'C': np.float64(1000.0), 'class_weight': 'balanced', 'dual': False, 'fit_intercept': True, 'intercept_scaling': 1, 'l1_ratio': None, 'max_iter': 100, 'multi_class': 'deprecated', 'n_jobs': None, 'penalty': 'l2', 'random_state': 42, 'solver': 'sag', 'tol': 0.0001, 'verbose': 0, 'warm_start': False}",1.7801883220672607
Chinese_wine,9,20,8,2,RNN,SMOTE,3,{'k_neighbors': 3},0.37777777777777777,0.27624579124579124,"{'hidden_size': 64, 'epochs': 10, 'batch_size': 64, 'lr': 0.001}",7.6461615562438965
Chinese_wine,9,20,8,2,KNN,SMOTE,4,{'k_neighbors': 4},0.9334444444444444,0.9334138853982747,"{'algorithm': 'auto', 'leaf_size': 30, 'metric': 'chebyshev', 'metric_params': None, 'n_jobs': None, 'n_neighbors': np.int64(11), 'p': 2, 'weights': 'distance'}",0.0805363655090332
Chinese_wine,9,20,8,2,RandomForest,SMOTE,4,{'k_neighbors': 4},0.9157777777777778,0.9157267984027041,"{'bootstrap': True, 'ccp_alpha': 0.0, 'class_weight': 'balanced', 'criterion': 'gini', 'max_depth': None, 'max_features': 'sqrt', 'max_leaf_nodes': None, 'max_samples': None, 'min_impurity_decrease': 0.0, 'min_samples_leaf': 2, 'min_samples_split': 2, 'min_weight_fraction_leaf': 0.0, 'monotonic_cst': None, 'n_estimators': 150, 'n_jobs': None, 'oob_score': False, 'random_state': 42, 'verbose': 0, 'warm_start': False}",16.546799182891846
Chinese_wine,9,20,8,2,LinearSVC,SMOTE,4,{'k_neighbors': 4},0.7304444444444445,0.7087215488605279,"{'C': np.float64(0.4832930238571752), 'class_weight': 'balanced', 'dual': False, 'fit_intercept': True, 'intercept_scaling': 1, 'loss': 'squared_hinge', 'max_iter': 100, 'multi_class': 'ovr', 'penalty': 'l2', 'random_state': 42, 'tol': 0.0001, 'verbose': 0}",0.27809977531433105
Chinese_wine,9,20,8,2,LogisticRegression,SMOTE,4,{'k_neighbors': 4},0.6801111111111111,0.6563839494062386,"{'C': np.float64(183.29807108324337), 'class_weight': 'balanced', 'dual': False, 'fit_intercept': False, 'intercept_scaling': 1, 'l1_ratio': None, 'max_iter': 100, 'multi_class': 'deprecated', 'n_jobs': None, 'penalty': 'l2', 'random_state': 42, 'solver': 'sag', 'tol': 0.0001, 'verbose': 0, 'warm_start': False}",0.3831062316894531
Chinese_wine,9,20,8,2,RNN,SMOTE,4,{'k_neighbors': 4},0.3888888888888889,0.25221690590111645,"{'hidden_size': 64, 'epochs': 10, 'batch_size': 64, 'lr': 0.001}",166.7101149559021
Chinese_wine,9,20,8,2,KNN,SMOTE,5,{'k_neighbors': 5},0.9276666666666666,0.9275985742803265,"{'algorithm': 'auto', 'leaf_size': 30, 'metric': 'chebyshev', 'metric_params': None, 'n_jobs': None, 'n_neighbors': np.int64(11), 'p': 2, 'weights': 'distance'}",0.10543489456176758
Chinese_wine,9,20,8,2,RandomForest,SMOTE,5,{'k_neighbors': 5},0.914,0.9140541276450713,"{'bootstrap': True, 'ccp_alpha': 0.0, 'class_weight': 'balanced', 'criterion': 'gini', 'max_depth': 30, 'max_features': 'sqrt', 'max_leaf_nodes': None, 'max_samples': None, 'min_impurity_decrease': 0.0, 'min_samples_leaf': 1, 'min_samples_split': 5, 'min_weight_fraction_leaf': 0.0, 'monotonic_cst': None, 'n_estimators': 100, 'n_jobs': None, 'oob_score': False, 'random_state': 42, 'verbose': 0, 'warm_start': False}",18.07820224761963
Chinese_wine,9,20,8,2,LinearSVC,SMOTE,5,{'k_neighbors': 5},0.6587777777777778,0.6242155311031009,"{'C': np.float64(33.59818286283781), 'class_weight': 'balanced', 'dual': False, 'fit_intercept': True, 'intercept_scaling': 1, 'loss': 'squared_hinge', 'max_iter': 100, 'multi_class': 'ovr', 'penalty': 'l1', 'random_state': 42, 'tol': 0.001, 'verbose': 0}",1.589888334274292
Chinese_wine,9,20,8,2,LogisticRegression,SMOTE,5,{'k_neighbors': 5},0.7887777777777778,0.7856989493198213,"{'C': np.float64(33.59818286283781), 'class_weight': 'balanced', 'dual': False, 'fit_intercept': True, 'intercept_scaling': 1, 'l1_ratio': None, 'max_iter': 100, 'multi_class': 'deprecated', 'n_jobs': None, 'penalty': 'l2', 'random_state': 42, 'solver': 'saga', 'tol': 0.0001, 'verbose': 0, 'warm_start': False}",2.0071094036102295
Chinese_wine,9,20,8,2,RNN,SMOTE,5,{'k_neighbors': 5},0.5,0.38801300823359647,"{'hidden_size': 64, 'epochs': 10, 'batch_size': 64, 'lr': 0.001}",164.80124282836914
Chinese_wine,9,20,8,3,KNN,SMOTE,1,{'k_neighbors': 1},0.9345555555555556,0.9345640536192388,"{'algorithm': 'auto', 'leaf_size': 30, 'metric': 'minkowski', 'metric_params': None, 'n_jobs': None, 'n_neighbors': np.int64(5), 'p': 3, 'weights': 'distance'}",0.4826827049255371
Chinese_wine,9,20,8,3,RandomForest,SMOTE,1,{'k_neighbors': 1},0.918,0.9181580936406416,"{'bootstrap': True, 'ccp_alpha': 0.0, 'class_weight': None, 'criterion': 'gini', 'max_depth': 30, 'max_features': 'sqrt', 'max_leaf_nodes': None, 'max_samples': None, 'min_impurity_decrease': 0.0, 'min_samples_leaf': 1, 'min_samples_split': 5, 'min_weight_fraction_leaf': 0.0, 'monotonic_cst': None, 'n_estimators': 150, 'n_jobs': None, 'oob_score': False, 'random_state': 42, 'verbose': 0, 'warm_start': False}",28.720048189163208
Chinese_wine,9,20,8,3,LinearSVC,SMOTE,1,{'k_neighbors': 1},0.7406666666666667,0.7222366248265493,"{'C': np.float64(1000.0), 'class_weight': 'balanced', 'dual': False, 'fit_intercept': True, 'intercept_scaling': 1, 'loss': 'squared_hinge', 'max_iter': 100, 'multi_class': 'ovr', 'penalty': 'l2', 'random_state': 42, 'tol': 0.001, 'verbose': 0}",0.3952925205230713
Chinese_wine,9,20,8,3,LogisticRegression,SMOTE,1,{'k_neighbors': 1},0.7922222222222223,0.7891486273110243,"{'C': np.float64(33.59818286283781), 'class_weight': None, 'dual': False, 'fit_intercept': True, 'intercept_scaling': 1, 'l1_ratio': None, 'max_iter': 100, 'multi_class': 'deprecated', 'n_jobs': None, 'penalty': 'l2', 'random_state': 42, 'solver': 'saga', 'tol': 0.0001, 'verbose': 0, 'warm_start': False}",2.766202211380005
Chinese_wine,9,20,8,3,RNN,SMOTE,1,{'k_neighbors': 1},0.4,0.23223703274413213,"{'hidden_size': 64, 'epochs': 10, 'batch_size': 64, 'lr': 0.001}",255.2598593235016
Chinese_wine,9,20,8,3,KNN,SMOTE,2,{'k_neighbors': 2},0.934,0.9339214767985147,"{'algorithm': 'auto', 'leaf_size': 30, 'metric': 'manhattan', 'metric_params': None, 'n_jobs': None, 'n_neighbors': np.int64(5), 'p': 2, 'weights': 'distance'}",0.20621013641357422
Chinese_wine,9,20,8,3,RandomForest,SMOTE,2,{'k_neighbors': 2},0.9224444444444444,0.9225081447534174,"{'bootstrap': True, 'ccp_alpha': 0.0, 'class_weight': 'balanced', 'criterion': 'gini', 'max_depth': None, 'max_features': 'sqrt', 'max_leaf_nodes': None, 'max_samples': None, 'min_impurity_decrease': 0.0, 'min_samples_leaf': 2, 'min_samples_split': 2, 'min_weight_fraction_leaf': 0.0, 'monotonic_cst': None, 'n_estimators': 150, 'n_jobs': None, 'oob_score': False, 'random_state': 42, 'verbose': 0, 'warm_start': False}",45.61656713485718
Chinese_wine,9,20,8,3,LinearSVC,SMOTE,2,{'k_neighbors': 2},0.6612222222222223,0.629837654238624,"{'C': np.float64(33.59818286283781), 'class_weight': 'balanced', 'dual': False, 'fit_intercept': True, 'intercept_scaling': 1, 'loss': 'squared_hinge', 'max_iter': 100, 'multi_class': 'ovr', 'penalty': 'l1', 'random_state': 42, 'tol': 0.001, 'verbose': 0}",1.5012667179107666
Chinese_wine,9,20,8,3,LogisticRegression,SMOTE,2,{'k_neighbors': 2},0.7988888888888889,0.7968246696055946,"{'C': np.float64(183.29807108324337), 'class_weight': 'balanced', 'dual': False, 'fit_intercept': True, 'intercept_scaling': 1, 'l1_ratio': None, 'max_iter': 100, 'multi_class': 'deprecated', 'n_jobs': None, 'penalty': 'l1', 'random_state': 42, 'solver': 'saga', 'tol': 0.0001, 'verbose': 0, 'warm_start': False}",5.368159294128418
Chinese_wine,9,20,8,3,RNN,SMOTE,2,{'k_neighbors': 2},0.5444444444444444,0.47869028448738593,"{'hidden_size': 64, 'epochs': 10, 'batch_size': 64, 'lr': 0.001}",31.662114143371582
Chinese_wine,9,20,8,3,KNN,SMOTE,3,{'k_neighbors': 3},0.9322222222222222,0.9323346701248991,"{'algorithm': 'auto', 'leaf_size': 30, 'metric': 'minkowski', 'metric_params': None, 'n_jobs': None, 'n_neighbors': np.int64(5), 'p': 3, 'weights': 'distance'}",0.36937475204467773
Chinese_wine,9,20,8,3,RandomForest,SMOTE,3,{'k_neighbors': 3},0.9206666666666666,0.920782366028561,"{'bootstrap': True, 'ccp_alpha': 0.0, 'class_weight': None, 'criterion': 'gini', 'max_depth': 20, 'max_features': 'sqrt', 'max_leaf_nodes': None, 'max_samples': None, 'min_impurity_decrease': 0.0, 'min_samples_leaf': 1, 'min_samples_split': 2, 'min_weight_fraction_leaf': 0.0, 'monotonic_cst': None, 'n_estimators': 100, 'n_jobs': None, 'oob_score': False, 'random_state': 42, 'verbose': 0, 'warm_start': False}",16.6420955657959
Chinese_wine,9,20,8,3,LinearSVC,SMOTE,3,{'k_neighbors': 3},0.668,0.6407609206845891,"{'C': np.float64(33.59818286283781), 'class_weight': None, 'dual': False, 'fit_intercept': True, 'intercept_scaling': 1, 'loss': 'squared_hinge', 'max_iter': 100, 'multi_class': 'ovr', 'penalty': 'l1', 'random_state': 42, 'tol': 0.001, 'verbose': 0}",1.3754544258117676
Chinese_wine,9,20,8,3,LogisticRegression,SMOTE,3,{'k_neighbors': 3},0.7941111111111111,0.7924586766905835,"{'C': np.float64(33.59818286283781), 'class_weight': None, 'dual': False, 'fit_intercept': True, 'intercept_scaling': 1, 'l1_ratio': None, 'max_iter': 100, 'multi_class': 'deprecated', 'n_jobs': None, 'penalty': 'l2', 'random_state': 42, 'solver': 'saga', 'tol': 0.0001, 'verbose': 0, 'warm_start': False}",2.9974093437194824
Chinese_wine,9,20,8,3,RNN,SMOTE,3,{'k_neighbors': 3},0.43333333333333335,0.3029045464339582,"{'hidden_size': 64, 'epochs': 10, 'batch_size': 64, 'lr': 0.001}",200.49109363555908
Chinese_wine,9,20,8,3,KNN,SMOTE,4,{'k_neighbors': 4},0.9393333333333334,0.9393482164842258,"{'algorithm': 'auto', 'leaf_size': 30, 'metric': 'chebyshev', 'metric_params': None, 'n_jobs': None, 'n_neighbors': np.int64(11), 'p': 2, 'weights': 'distance'}",0.11402678489685059
Chinese_wine,9,20,8,3,RandomForest,SMOTE,4,{'k_neighbors': 4},0.915,0.9151074829378605,"{'bootstrap': True, 'ccp_alpha': 0.0, 'class_weight': None, 'criterion': 'gini', 'max_depth': 20, 'max_features': 'sqrt', 'max_leaf_nodes': None, 'max_samples': None, 'min_impurity_decrease': 0.0, 'min_samples_leaf': 1, 'min_samples_split': 2, 'min_weight_fraction_leaf': 0.0, 'monotonic_cst': None, 'n_estimators': 100, 'n_jobs': None, 'oob_score': False, 'random_state': 42, 'verbose': 0, 'warm_start': False}",17.28471541404724
Chinese_wine,9,20,8,3,LinearSVC,SMOTE,4,{'k_neighbors': 4},0.6662222222222223,0.6375254478909202,"{'C': np.float64(33.59818286283781), 'class_weight': None, 'dual': False, 'fit_intercept': True, 'intercept_scaling': 1, 'loss': 'squared_hinge', 'max_iter': 100, 'multi_class': 'ovr', 'penalty': 'l1', 'random_state': 42, 'tol': 0.001, 'verbose': 0}",2.056288719177246
Chinese_wine,9,20,8,3,LogisticRegression,SMOTE,4,{'k_neighbors': 4},0.7894444444444444,0.7860024227418709,"{'C': np.float64(1000.0), 'class_weight': 'balanced', 'dual': False, 'fit_intercept': True, 'intercept_scaling': 1, 'l1_ratio': None, 'max_iter': 100, 'multi_class': 'deprecated', 'n_jobs': None, 'penalty': 'l2', 'random_state': 42, 'solver': 'sag', 'tol': 0.0001, 'verbose': 0, 'warm_start': False}",1.9498097896575928
Chinese_wine,9,20,8,3,RNN,SMOTE,4,{'k_neighbors': 4},0.5333333333333333,0.45034877792772526,"{'hidden_size': 64, 'epochs': 10, 'batch_size': 64, 'lr': 0.001}",248.70546293258667
Chinese_wine,9,20,8,3,KNN,SMOTE,5,{'k_neighbors': 5},0.9334444444444444,0.9334066684527723,"{'algorithm': 'auto', 'leaf_size': 30, 'metric': 'minkowski', 'metric_params': None, 'n_jobs': None, 'n_neighbors': np.int64(13), 'p': 4, 'weights': 'distance'}",0.5465762615203857
Chinese_wine,9,20,8,3,RandomForest,SMOTE,5,{'k_neighbors': 5},0.9235555555555556,0.9235359684752644,"{'bootstrap': True, 'ccp_alpha': 0.0, 'class_weight': 'balanced', 'criterion': 'gini', 'max_depth': None, 'max_features': 'sqrt', 'max_leaf_nodes': None, 'max_samples': None, 'min_impurity_decrease': 0.0, 'min_samples_leaf': 1, 'min_samples_split': 2, 'min_weight_fraction_leaf': 0.0, 'monotonic_cst': None, 'n_estimators': 50, 'n_jobs': None, 'oob_score': False, 'random_state': 42, 'verbose': 0, 'warm_start': False}",9.679693460464478
Chinese_wine,9,20,8,3,LinearSVC,SMOTE,5,{'k_neighbors': 5},0.6607777777777778,0.6287413959967049,"{'C': np.float64(33.59818286283781), 'class_weight': 'balanced', 'dual': False, 'fit_intercept': True, 'intercept_scaling': 1, 'loss': 'squared_hinge', 'max_iter': 100, 'multi_class': 'ovr', 'penalty': 'l1', 'random_state': 42, 'tol': 0.001, 'verbose': 0}",1.4771981239318848
Chinese_wine,9,20,8,3,LogisticRegression,SMOTE,5,{'k_neighbors': 5},0.7902222222222223,0.7880622486905455,"{'C': np.float64(183.29807108324337), 'class_weight': 'balanced', 'dual': False, 'fit_intercept': True, 'intercept_scaling': 1, 'l1_ratio': None, 'max_iter': 100, 'multi_class': 'deprecated', 'n_jobs': None, 'penalty': 'l1', 'random_state': 42, 'solver': 'saga', 'tol': 0.0001, 'verbose': 0, 'warm_start': False}",4.394730091094971
Chinese_wine,9,20,8,3,RNN,SMOTE,5,{'k_neighbors': 5},0.5777777777777777,0.49819485682643583,"{'hidden_size': 64, 'epochs': 10, 'batch_size': 64, 'lr': 0.001}",103.07133793830872
Chinese_wine,9,20,8,5,KNN,SMOTE,1,{'k_neighbors': 1},0.9337777777777778,0.9337945021123615,"{'algorithm': 'auto', 'leaf_size': 30, 'metric': 'minkowski', 'metric_params': None, 'n_jobs': None, 'n_neighbors': np.int64(11), 'p': 4, 'weights': 'distance'}",0.8458168506622314
Chinese_wine,9,20,8,5,RandomForest,SMOTE,1,{'k_neighbors': 1},0.914,0.9138074440360009,"{'bootstrap': True, 'ccp_alpha': 0.0, 'class_weight': 'balanced', 'criterion': 'gini', 'max_depth': None, 'max_features': 'sqrt', 'max_leaf_nodes': None, 'max_samples': None, 'min_impurity_decrease': 0.0, 'min_samples_leaf': 1, 'min_samples_split': 2, 'min_weight_fraction_leaf': 0.0, 'monotonic_cst': None, 'n_estimators': 50, 'n_jobs': None, 'oob_score': False, 'random_state': 42, 'verbose': 0, 'warm_start': False}",24.64835548400879
Chinese_wine,9,20,8,5,LinearSVC,SMOTE,1,{'k_neighbors': 1},0.7463333333333333,0.7309342759175176,"{'C': np.float64(0.4832930238571752), 'class_weight': 'balanced', 'dual': False, 'fit_intercept': True, 'intercept_scaling': 1, 'loss': 'squared_hinge', 'max_iter': 100, 'multi_class': 'ovr', 'penalty': 'l2', 'random_state': 42, 'tol': 0.0001, 'verbose': 0}",0.9734857082366943
Chinese_wine,9,20,8,5,LogisticRegression,SMOTE,1,{'k_neighbors': 1},0.6931111111111111,0.6738348203007629,"{'C': np.float64(183.29807108324337), 'class_weight': 'balanced', 'dual': False, 'fit_intercept': False, 'intercept_scaling': 1, 'l1_ratio': None, 'max_iter': 100, 'multi_class': 'deprecated', 'n_jobs': None, 'penalty': 'l2', 'random_state': 42, 'solver': 'sag', 'tol': 0.0001, 'verbose': 0, 'warm_start': False}",1.8724455833435059
Chinese_wine,9,20,8,5,RNN,SMOTE,1,{'k_neighbors': 1},0.5666666666666667,0.5027610614138128,"{'hidden_size': 64, 'epochs': 10, 'batch_size': 64, 'lr': 0.001}",62.69385480880737
Chinese_wine,9,20,8,5,KNN,SMOTE,2,{'k_neighbors': 2},0.9386666666666666,0.9386946790837376,"{'algorithm': 'auto', 'leaf_size': 30, 'metric': 'euclidean', 'metric_params': None, 'n_jobs': None, 'n_neighbors': np.int64(15), 'p': 2, 'weights': 'distance'}",0.21611809730529785
Chinese_wine,9,20,8,5,RandomForest,SMOTE,2,{'k_neighbors': 2},0.9297777777777778,0.9299004273890108,"{'bootstrap': True, 'ccp_alpha': 0.0, 'class_weight': 'balanced', 'criterion': 'gini', 'max_depth': None, 'max_features': 'sqrt', 'max_leaf_nodes': None, 'max_samples': None, 'min_impurity_decrease': 0.0, 'min_samples_leaf': 2, 'min_samples_split': 20, 'min_weight_fraction_leaf': 0.0, 'monotonic_cst': None, 'n_estimators': 50, 'n_jobs': None, 'oob_score': False, 'random_state': 42, 'verbose': 0, 'warm_start': False}",25.30443835258484
Chinese_wine,9,20,8,5,LinearSVC,SMOTE,2,{'k_neighbors': 2},0.7478888888888889,0.7318945298749954,"{'C': np.float64(0.2069138081114788), 'class_weight': 'balanced', 'dual': False, 'fit_intercept': True, 'intercept_scaling': 1, 'loss': 'squared_hinge', 'max_iter': 100, 'multi_class': 'ovr', 'penalty': 'l2', 'random_state': 42, 'tol': 0.001, 'verbose': 0}",1.3615093231201172
Chinese_wine,9,20,8,5,LogisticRegression,SMOTE,2,{'k_neighbors': 2},0.6964444444444444,0.6776671767726121,"{'C': np.float64(183.29807108324337), 'class_weight': None, 'dual': False, 'fit_intercept': False, 'intercept_scaling': 1, 'l1_ratio': None, 'max_iter': 100, 'multi_class': 'deprecated', 'n_jobs': None, 'penalty': 'l2', 'random_state': 42, 'solver': 'sag', 'tol': 0.0001, 'verbose': 0, 'warm_start': False}",0.9877889156341553
Chinese_wine,9,20,8,5,RNN,SMOTE,2,{'k_neighbors': 2},0.6666666666666666,0.6275208859767684,"{'hidden_size': 64, 'epochs': 10, 'batch_size': 64, 'lr': 0.001}",114.70951461791992
Chinese_wine,9,20,8,5,KNN,SMOTE,3,{'k_neighbors': 3},0.9382222222222222,0.9382364932882447,"{'algorithm': 'auto', 'leaf_size': 30, 'metric': 'manhattan', 'metric_params': None, 'n_jobs': None, 'n_neighbors': np.int64(5), 'p': 2, 'weights': 'distance'}",0.2264406681060791
Chinese_wine,9,20,8,5,RandomForest,SMOTE,3,{'k_neighbors': 3},0.9244444444444444,0.9245565173137203,"{'bootstrap': True, 'ccp_alpha': 0.0, 'class_weight': 'balanced', 'criterion': 'gini', 'max_depth': 30, 'max_features': 'sqrt', 'max_leaf_nodes': None, 'max_samples': None, 'min_impurity_decrease': 0.0, 'min_samples_leaf': 1, 'min_samples_split': 2, 'min_weight_fraction_leaf': 0.0, 'monotonic_cst': None, 'n_estimators': 150, 'n_jobs': None, 'oob_score': False, 'random_state': 42, 'verbose': 0, 'warm_start': False}",43.36775517463684
Chinese_wine,9,20,8,5,LinearSVC,SMOTE,3,{'k_neighbors': 3},0.7326666666666667,0.7128941220059717,"{'C': np.float64(0.2069138081114788), 'class_weight': 'balanced', 'dual': False, 'fit_intercept': True, 'intercept_scaling': 1, 'loss': 'squared_hinge', 'max_iter': 100, 'multi_class': 'ovr', 'penalty': 'l2', 'random_state': 42, 'tol': 0.0001, 'verbose': 0}",0.665595293045044
Chinese_wine,9,20,8,5,LogisticRegression,SMOTE,3,{'k_neighbors': 3},0.6806666666666666,0.6566950507583766,"{'C': np.float64(183.29807108324337), 'class_weight': None, 'dual': False, 'fit_intercept': False, 'intercept_scaling': 1, 'l1_ratio': None, 'max_iter': 100, 'multi_class': 'deprecated', 'n_jobs': None, 'penalty': 'l2', 'random_state': 42, 'solver': 'sag', 'tol': 0.0001, 'verbose': 0, 'warm_start': False}",0.8585562705993652
Chinese_wine,9,20,8,5,RNN,SMOTE,3,{'k_neighbors': 3},0.45555555555555555,0.35924563359345973,"{'hidden_size': 64, 'epochs': 10, 'batch_size': 64, 'lr': 0.001}",409.2116754055023
Chinese_wine,9,20,8,5,KNN,SMOTE,4,{'k_neighbors': 4},0.94,0.9402270007728186,"{'algorithm': 'auto', 'leaf_size': 30, 'metric': 'euclidean', 'metric_params': None, 'n_jobs': None, 'n_neighbors': np.int64(9), 'p': 2, 'weights': 'distance'}",0.2402970790863037
Chinese_wine,9,20,8,5,RandomForest,SMOTE,4,{'k_neighbors': 4},0.9235555555555556,0.9236906520243121,"{'bootstrap': True, 'ccp_alpha': 0.0, 'class_weight': 'balanced', 'criterion': 'gini', 'max_depth': 30, 'max_features': 'sqrt', 'max_leaf_nodes': None, 'max_samples': None, 'min_impurity_decrease': 0.0, 'min_samples_leaf': 1, 'min_samples_split': 2, 'min_weight_fraction_leaf': 0.0, 'monotonic_cst': None, 'n_estimators': 150, 'n_jobs': None, 'oob_score': False, 'random_state': 42, 'verbose': 0, 'warm_start': False}",50.85134935379028
Chinese_wine,9,20,8,5,LinearSVC,SMOTE,4,{'k_neighbors': 4},0.6688888888888889,0.6398459330944459,"{'C': np.float64(33.59818286283781), 'class_weight': 'balanced', 'dual': False, 'fit_intercept': True, 'intercept_scaling': 1, 'loss': 'squared_hinge', 'max_iter': 100, 'multi_class': 'ovr', 'penalty': 'l1', 'random_state': 42, 'tol': 0.001, 'verbose': 0}",2.41412353515625
Chinese_wine,9,20,8,5,LogisticRegression,SMOTE,4,{'k_neighbors': 4},0.7911111111111111,0.7873855867440079,"{'C': np.float64(1000.0), 'class_weight': 'balanced', 'dual': False, 'fit_intercept': True, 'intercept_scaling': 1, 'l1_ratio': None, 'max_iter': 100, 'multi_class': 'deprecated', 'n_jobs': None, 'penalty': 'l2', 'random_state': 42, 'solver': 'sag', 'tol': 0.0001, 'verbose': 0, 'warm_start': False}",2.087641477584839
Chinese_wine,9,20,8,5,RNN,SMOTE,4,{'k_neighbors': 4},0.5111111111111111,0.41050865800865805,"{'hidden_size': 64, 'epochs': 10, 'batch_size': 64, 'lr': 0.001}",426.6206328868866
Chinese_wine,9,20,8,5,KNN,SMOTE,5,{'k_neighbors': 5},0.9351111111111111,0.9351908556382801,"{'algorithm': 'auto', 'leaf_size': 30, 'metric': 'minkowski', 'metric_params': None, 'n_jobs': None, 'n_neighbors': np.int64(13), 'p': 4, 'weights': 'distance'}",0.5668325424194336
Chinese_wine,9,20,8,5,RandomForest,SMOTE,5,{'k_neighbors': 5},0.9294444444444444,0.9294156570750717,"{'bootstrap': True, 'ccp_alpha': 0.0, 'class_weight': 'balanced', 'criterion': 'gini', 'max_depth': 30, 'max_features': 'sqrt', 'max_leaf_nodes': None, 'max_samples': None, 'min_impurity_decrease': 0.0, 'min_samples_leaf': 1, 'min_samples_split': 2, 'min_weight_fraction_leaf': 0.0, 'monotonic_cst': None, 'n_estimators': 150, 'n_jobs': None, 'oob_score': False, 'random_state': 42, 'verbose': 0, 'warm_start': False}",42.83796453475952
Chinese_wine,9,20,8,5,LinearSVC,SMOTE,5,{'k_neighbors': 5},0.666,0.6345972401251073,"{'C': np.float64(183.29807108324337), 'class_weight': 'balanced', 'dual': False, 'fit_intercept': True, 'intercept_scaling': 1, 'loss': 'squared_hinge', 'max_iter': 100, 'multi_class': 'ovr', 'penalty': 'l1', 'random_state': 42, 'tol': 0.0001, 'verbose': 0}",2.335777521133423
Chinese_wine,9,20,8,5,LogisticRegression,SMOTE,5,{'k_neighbors': 5},0.8003333333333333,0.7973962030588089,"{'C': np.float64(33.59818286283781), 'class_weight': 'balanced', 'dual': False, 'fit_intercept': True, 'intercept_scaling': 1, 'l1_ratio': None, 'max_iter': 100, 'multi_class': 'deprecated', 'n_jobs': None, 'penalty': 'l2', 'random_state': 42, 'solver': 'saga', 'tol': 0.0001, 'verbose': 0, 'warm_start': False}",4.786001205444336
Chinese_wine,9,20,8,5,RNN,SMOTE,5,{'k_neighbors': 5},0.6666666666666666,0.5992338474189653,"{'hidden_size': 64, 'epochs': 10, 'batch_size': 64, 'lr': 0.001}",314.01338815689087
Chinese_wine,9,20,8,10,KNN,SMOTE,1,{'k_neighbors': 1},0.9331111111111111,0.9331507344203865,"{'algorithm': 'auto', 'leaf_size': 30, 'metric': 'minkowski', 'metric_params': None, 'n_jobs': None, 'n_neighbors': np.int64(5), 'p': 3, 'weights': 'distance'}",0.5441691875457764
Chinese_wine,9,20,8,10,RandomForest,SMOTE,1,{'k_neighbors': 1},0.9285555555555556,0.9285809499577307,"{'bootstrap': True, 'ccp_alpha': 0.0, 'class_weight': 'balanced', 'criterion': 'gini', 'max_depth': 30, 'max_features': 'sqrt', 'max_leaf_nodes': None, 'max_samples': None, 'min_impurity_decrease': 0.0, 'min_samples_leaf': 1, 'min_samples_split': 2, 'min_weight_fraction_leaf': 0.0, 'monotonic_cst': None, 'n_estimators': 150, 'n_jobs': None, 'oob_score': False, 'random_state': 42, 'verbose': 0, 'warm_start': False}",46.0614173412323
Chinese_wine,9,20,8,10,LinearSVC,SMOTE,1,{'k_neighbors': 1},0.6601111111111111,0.6230788563231793,"{'C': np.float64(2.6366508987303554), 'class_weight': 'balanced', 'dual': False, 'fit_intercept': True, 'intercept_scaling': 1, 'loss': 'squared_hinge', 'max_iter': 100, 'multi_class': 'ovr', 'penalty': 'l1', 'random_state': 42, 'tol': 0.0001, 'verbose': 0}",3.4403789043426514
Chinese_wine,9,20,8,10,LogisticRegression,SMOTE,1,{'k_neighbors': 1},0.7972222222222223,0.7938132725770801,"{'C': np.float64(1000.0), 'class_weight': 'balanced', 'dual': False, 'fit_intercept': True, 'intercept_scaling': 1, 'l1_ratio': None, 'max_iter': 100, 'multi_class': 'deprecated', 'n_jobs': None, 'penalty': 'l2', 'random_state': 42, 'solver': 'sag', 'tol': 0.0001, 'verbose': 0, 'warm_start': False}",4.275535821914673
Chinese_wine,9,20,8,10,RNN,SMOTE,1,{'k_neighbors': 1},0.6444444444444445,0.6115365336417967,"{'hidden_size': 64, 'epochs': 10, 'batch_size': 64, 'lr': 0.001}",590.3456139564514
Chinese_wine,9,20,8,10,KNN,SMOTE,2,{'k_neighbors': 2},0.9347777777777778,0.9348881296536632,"{'algorithm': 'auto', 'leaf_size': 30, 'metric': 'minkowski', 'metric_params': None, 'n_jobs': None, 'n_neighbors': np.int64(11), 'p': 4, 'weights': 'distance'}",0.4984252452850342
Chinese_wine,9,20,8,10,RandomForest,SMOTE,2,{'k_neighbors': 2},0.9236666666666666,0.9236321730094788,"{'bootstrap': True, 'ccp_alpha': 0.0, 'class_weight': 'balanced', 'criterion': 'gini', 'max_depth': None, 'max_features': 'sqrt', 'max_leaf_nodes': None, 'max_samples': None, 'min_impurity_decrease': 0.0, 'min_samples_leaf': 1, 'min_samples_split': 2, 'min_weight_fraction_leaf': 0.0, 'monotonic_cst': None, 'n_estimators': 50, 'n_jobs': None, 'oob_score': False, 'random_state': 42, 'verbose': 0, 'warm_start': False}",15.172617435455322
Chinese_wine,9,20,8,10,LinearSVC,SMOTE,2,{'k_neighbors': 2},0.658,0.6242933234924414,"{'C': np.float64(0.4832930238571752), 'class_weight': 'balanced', 'dual': False, 'fit_intercept': True, 'intercept_scaling': 1, 'loss': 'squared_hinge', 'max_iter': 100, 'multi_class': 'ovr', 'penalty': 'l1', 'random_state': 42, 'tol': 0.0001, 'verbose': 0}",3.774721145629883
Chinese_wine,9,20,8,10,LogisticRegression,SMOTE,2,{'k_neighbors': 2},0.7955555555555556,0.7922868904266163,"{'C': np.float64(33.59818286283781), 'class_weight': None, 'dual': False, 'fit_intercept': True, 'intercept_scaling': 1, 'l1_ratio': None, 'max_iter': 100, 'multi_class': 'deprecated', 'n_jobs': None, 'penalty': 'l2', 'random_state': 42, 'solver': 'saga', 'tol': 0.0001, 'verbose': 0, 'warm_start': False}",4.668839931488037
Chinese_wine,9,20,8,10,RNN,SMOTE,2,{'k_neighbors': 2},0.7,0.6754202480289437,"{'hidden_size': 64, 'epochs': 10, 'batch_size': 64, 'lr': 0.001}",378.852746963501
Chinese_wine,9,20,8,10,KNN,SMOTE,3,{'k_neighbors': 3},0.9388888888888889,0.9389905395672811,"{'algorithm': 'auto', 'leaf_size': 30, 'metric': 'euclidean', 'metric_params': None, 'n_jobs': None, 'n_neighbors': np.int64(9), 'p': 2, 'weights': 'distance'}",0.2103438377380371
Chinese_wine,9,20,8,10,RandomForest,SMOTE,3,{'k_neighbors': 3},0.9311111111111111,0.9310767209346874,"{'bootstrap': True, 'ccp_alpha': 0.0, 'class_weight': 'balanced', 'criterion': 'gini', 'max_depth': None, 'max_features': 'sqrt', 'max_leaf_nodes': None, 'max_samples': None, 'min_impurity_decrease': 0.0, 'min_samples_leaf': 1, 'min_samples_split': 2, 'min_weight_fraction_leaf': 0.0, 'monotonic_cst': None, 'n_estimators': 50, 'n_jobs': None, 'oob_score': False, 'random_state': 42, 'verbose': 0, 'warm_start': False}",16.655542135238647
Chinese_wine,9,20,8,10,LinearSVC,SMOTE,3,{'k_neighbors': 3},0.6696666666666666,0.6381019081490241,"{'C': np.float64(183.29807108324337), 'class_weight': 'balanced', 'dual': False, 'fit_intercept': True, 'intercept_scaling': 1, 'loss': 'squared_hinge', 'max_iter': 100, 'multi_class': 'ovr', 'penalty': 'l1', 'random_state': 42, 'tol': 0.0001, 'verbose': 0}",4.157731056213379
Chinese_wine,9,20,8,10,LogisticRegression,SMOTE,3,{'k_neighbors': 3},0.7926666666666666,0.7895123084902379,"{'C': np.float64(1000.0), 'class_weight': 'balanced', 'dual': False, 'fit_intercept': True, 'intercept_scaling': 1, 'l1_ratio': None, 'max_iter': 100, 'multi_class': 'deprecated', 'n_jobs': None, 'penalty': 'l2', 'random_state': 42, 'solver': 'sag', 'tol': 0.0001, 'verbose': 0, 'warm_start': False}",6.474299907684326
Chinese_wine,9,20,8,10,RNN,SMOTE,3,{'k_neighbors': 3},0.7111111111111111,0.6666264805624074,"{'hidden_size': 64, 'epochs': 10, 'batch_size': 64, 'lr': 0.001}",795.599681854248
Chinese_wine,9,20,8,10,KNN,SMOTE,4,{'k_neighbors': 4},0.9412222222222222,0.9413971407101781,"{'algorithm': 'auto', 'leaf_size': 30, 'metric': 'chebyshev', 'metric_params': None, 'n_jobs': None, 'n_neighbors': np.int64(5), 'p': 2, 'weights': 'uniform'}",0.5286245346069336
Chinese_wine,9,20,8,10,RandomForest,SMOTE,4,{'k_neighbors': 4},0.9252222222222222,0.9252561001070281,"{'bootstrap': True, 'ccp_alpha': 0.0, 'class_weight': 'balanced', 'criterion': 'gini', 'max_depth': None, 'max_features': 'sqrt', 'max_leaf_nodes': None, 'max_samples': None, 'min_impurity_decrease': 0.0, 'min_samples_leaf': 1, 'min_samples_split': 2, 'min_weight_fraction_leaf': 0.0, 'monotonic_cst': None, 'n_estimators': 50, 'n_jobs': None, 'oob_score': False, 'random_state': 42, 'verbose': 0, 'warm_start': False}",12.86534571647644
Chinese_wine,9,20,8,10,LinearSVC,SMOTE,4,{'k_neighbors': 4},0.6651111111111111,0.6346483752814137,"{'C': np.float64(33.59818286283781), 'class_weight': 'balanced', 'dual': False, 'fit_intercept': True, 'intercept_scaling': 1, 'loss': 'squared_hinge', 'max_iter': 100, 'multi_class': 'ovr', 'penalty': 'l1', 'random_state': 42, 'tol': 0.0001, 'verbose': 0}",3.305535316467285
Chinese_wine,9,20,8,10,LogisticRegression,SMOTE,4,{'k_neighbors': 4},0.7873333333333333,0.784003615412306,"{'C': np.float64(1000.0), 'class_weight': 'balanced', 'dual': False, 'fit_intercept': True, 'intercept_scaling': 1, 'l1_ratio': None, 'max_iter': 100, 'multi_class': 'deprecated', 'n_jobs': None, 'penalty': 'l2', 'random_state': 42, 'solver': 'sag', 'tol': 0.0001, 'verbose': 0, 'warm_start': False}",2.71635365486145
Chinese_wine,9,20,8,10,RNN,SMOTE,4,{'k_neighbors': 4},0.7444444444444445,0.705754236303772,"{'hidden_size': 64, 'epochs': 10, 'batch_size': 64, 'lr': 0.001}",6.272559642791748
Chinese_wine,9,20,8,10,KNN,SMOTE,5,{'k_neighbors': 5},0.9378888888888889,0.9380399990790766,"{'algorithm': 'auto', 'leaf_size': 30, 'metric': 'minkowski', 'metric_params': None, 'n_jobs': None, 'n_neighbors': np.int64(5), 'p': 3, 'weights': 'distance'}",0.45200300216674805
Chinese_wine,9,20,8,10,RandomForest,SMOTE,5,{'k_neighbors': 5},0.9297777777777778,0.9298625028982704,"{'bootstrap': True, 'ccp_alpha': 0.0, 'class_weight': 'balanced', 'criterion': 'gini', 'max_depth': None, 'max_features': 'sqrt', 'max_leaf_nodes': None, 'max_samples': None, 'min_impurity_decrease': 0.0, 'min_samples_leaf': 2, 'min_samples_split': 2, 'min_weight_fraction_leaf': 0.0, 'monotonic_cst': None, 'n_estimators': 150, 'n_jobs': None, 'oob_score': False, 'random_state': 42, 'verbose': 0, 'warm_start': False}",67.34021425247192
Chinese_wine,9,20,8,10,LinearSVC,SMOTE,5,{'k_neighbors': 5},0.6657777777777778,0.6350920096080871,"{'C': np.float64(183.29807108324337), 'class_weight': 'balanced', 'dual': False, 'fit_intercept': True, 'intercept_scaling': 1, 'loss': 'squared_hinge', 'max_iter': 100, 'multi_class': 'ovr', 'penalty': 'l1', 'random_state': 42, 'tol': 0.0001, 'verbose': 0}",5.907394170761108
Chinese_wine,9,20,8,10,LogisticRegression,SMOTE,5,{'k_neighbors': 5},0.7915555555555556,0.7880564724844527,"{'C': np.float64(1000.0), 'class_weight': 'balanced', 'dual': False, 'fit_intercept': True, 'intercept_scaling': 1, 'l1_ratio': None, 'max_iter': 100, 'multi_class': 'deprecated', 'n_jobs': None, 'penalty': 'l2', 'random_state': 42, 'solver': 'sag', 'tol': 0.0001, 'verbose': 0, 'warm_start': False}",3.759822368621826
Chinese_wine,9,20,8,10,RNN,SMOTE,5,{'k_neighbors': 5},0.6222222222222222,0.5748956383052494,"{'hidden_size': 64, 'epochs': 10, 'batch_size': 64, 'lr': 0.001}",740.4583647251129
Chinese_wine,9,20,9,1,KNN,Baseline,N/A,N/A,0.9448888888888889,0.9451763641145432,"{'algorithm': 'auto', 'leaf_size': 30, 'metric': 'minkowski', 'metric_params': None, 'n_jobs': None, 'n_neighbors': 5, 'p': 2, 'weights': 'uniform'}",0.43616819381713867
Chinese_wine,9,20,9,1,KNN,Tuned_Baseline,N/A,N/A,0.9464444444444444,0.9467289674165693,"{'algorithm': 'auto', 'leaf_size': 30, 'metric': 'minkowski', 'metric_params': None, 'n_jobs': None, 'n_neighbors': np.int64(5), 'p': 3, 'weights': 'distance'}",0.22577929496765137
Chinese_wine,9,20,9,1,RandomForest,Baseline,N/A,N/A,0.9276666666666666,0.9279643811764982,"{'bootstrap': True, 'ccp_alpha': 0.0, 'class_weight': None, 'criterion': 'gini', 'max_depth': None, 'max_features': 'sqrt', 'max_leaf_nodes': None, 'max_samples': None, 'min_impurity_decrease': 0.0, 'min_samples_leaf': 1, 'min_samples_split': 2, 'min_weight_fraction_leaf': 0.0, 'monotonic_cst': None, 'n_estimators': 100, 'n_jobs': None, 'oob_score': False, 'random_state': 42, 'verbose': 0, 'warm_start': False}",4.389496326446533
Chinese_wine,9,20,9,1,RandomForest,Tuned_Baseline,N/A,N/A,0.9213333333333333,0.9215732639630171,"{'bootstrap': True, 'ccp_alpha': 0.0, 'class_weight': 'balanced', 'criterion': 'gini', 'max_depth': None, 'max_features': 'sqrt', 'max_leaf_nodes': None, 'max_samples': None, 'min_impurity_decrease': 0.0, 'min_samples_leaf': 1, 'min_samples_split': 2, 'min_weight_fraction_leaf': 0.0, 'monotonic_cst': None, 'n_estimators': 50, 'n_jobs': None, 'oob_score': False, 'random_state': 42, 'verbose': 0, 'warm_start': False}",0.03856229782104492
Chinese_wine,9,20,9,1,LinearSVC,Baseline,N/A,N/A,0.7583333333333333,0.740428584174142,"{'C': 1.0, 'class_weight': None, 'dual': False, 'fit_intercept': True, 'intercept_scaling': 1, 'loss': 'squared_hinge', 'max_iter': 100, 'multi_class': 'ovr', 'penalty': 'l2', 'random_state': 42, 'tol': 0.0001, 'verbose': 0}",0.13213610649108887
Chinese_wine,9,20,9,1,LinearSVC,Tuned_Baseline,N/A,N/A,0.7593333333333333,0.7416442975940575,"{'C': np.float64(6.1584821106602545), 'class_weight': None, 'dual': False, 'fit_intercept': True, 'intercept_scaling': 1, 'loss': 'squared_hinge', 'max_iter': 100, 'multi_class': 'ovr', 'penalty': 'l2', 'random_state': 42, 'tol': 0.0001, 'verbose': 0}",0.0007407665252685547
Chinese_wine,9,20,9,1,LogisticRegression,Baseline,N/A,N/A,0.8012222222222222,0.7992480005165842,"{'C': 1.0, 'class_weight': None, 'dual': False, 'fit_intercept': True, 'intercept_scaling': 1, 'l1_ratio': None, 'max_iter': 100, 'multi_class': 'deprecated', 'n_jobs': None, 'penalty': 'l2', 'random_state': 42, 'solver': 'lbfgs', 'tol': 0.0001, 'verbose': 0, 'warm_start': False}",1.1975440979003906
Chinese_wine,9,20,9,1,LogisticRegression,Tuned_Baseline,N/A,N/A,0.8213333333333334,0.8189346312882892,"{'C': np.float64(1000.0), 'class_weight': 'balanced', 'dual': False, 'fit_intercept': True, 'intercept_scaling': 1, 'l1_ratio': None, 'max_iter': 100, 'multi_class': 'deprecated', 'n_jobs': None, 'penalty': 'l2', 'random_state': 42, 'solver': 'sag', 'tol': 0.0001, 'verbose': 0, 'warm_start': False}",0.0012772083282470703
Chinese_wine,9,20,9,1,RNN,Baseline,N/A,N/A,0.4222222222222222,0.3312953060011884,"{'hidden_size': 64, 'epochs': 10, 'batch_size': 32, 'lr': 0.001}",5.789435386657715
Chinese_wine,9,20,9,1,RNN,Tuned_Baseline,N/A,N/A,0.43333333333333335,0.3088471792225662,"{'hidden_size': 64, 'epochs': 10, 'batch_size': 64, 'lr': 0.001}",1.3264491558074951
Chinese_wine,9,20,9,2,KNN,SMOTE,1,{'k_neighbors': 1},0.9483333333333334,0.9485833062341728,"{'algorithm': 'auto', 'leaf_size': 30, 'metric': 'minkowski', 'metric_params': None, 'n_jobs': None, 'n_neighbors': np.int64(5), 'p': 3, 'weights': 'distance'}",0.36528944969177246
Chinese_wine,9,20,9,2,RandomForest,SMOTE,1,{'k_neighbors': 1},0.9235555555555556,0.9238545476225691,"{'bootstrap': True, 'ccp_alpha': 0.0, 'class_weight': None, 'criterion': 'gini', 'max_depth': 20, 'max_features': 'sqrt', 'max_leaf_nodes': None, 'max_samples': None, 'min_impurity_decrease': 0.0, 'min_samples_leaf': 1, 'min_samples_split': 2, 'min_weight_fraction_leaf': 0.0, 'monotonic_cst': None, 'n_estimators': 100, 'n_jobs': None, 'oob_score': False, 'random_state': 42, 'verbose': 0, 'warm_start': False}",20.962369680404663
Chinese_wine,9,20,9,2,LinearSVC,SMOTE,1,{'k_neighbors': 1},0.6922222222222222,0.6714457468244441,"{'C': np.float64(33.59818286283781), 'class_weight': 'balanced', 'dual': False, 'fit_intercept': True, 'intercept_scaling': 1, 'loss': 'squared_hinge', 'max_iter': 100, 'multi_class': 'ovr', 'penalty': 'l1', 'random_state': 42, 'tol': 0.001, 'verbose': 0}",0.9373266696929932
Chinese_wine,9,20,9,2,LogisticRegression,SMOTE,1,{'k_neighbors': 1},0.8256666666666667,0.8235551053002741,"{'C': np.float64(1000.0), 'class_weight': 'balanced', 'dual': False, 'fit_intercept': True, 'intercept_scaling': 1, 'l1_ratio': None, 'max_iter': 100, 'multi_class': 'deprecated', 'n_jobs': None, 'penalty': 'l2', 'random_state': 42, 'solver': 'sag', 'tol': 0.0001, 'verbose': 0, 'warm_start': False}",2.9183590412139893
Chinese_wine,9,20,9,2,RNN,SMOTE,1,{'k_neighbors': 1},0.5555555555555556,0.44852788388082504,"{'hidden_size': 64, 'epochs': 10, 'batch_size': 64, 'lr': 0.001}",172.35722637176514
Chinese_wine,9,20,9,2,KNN,SMOTE,2,{'k_neighbors': 2},0.9424444444444444,0.9426387881639,"{'algorithm': 'auto', 'leaf_size': 30, 'metric': 'minkowski', 'metric_params': None, 'n_jobs': None, 'n_neighbors': np.int64(5), 'p': 3, 'weights': 'distance'}",0.3612701892852783
Chinese_wine,9,20,9,2,RandomForest,SMOTE,2,{'k_neighbors': 2},0.9245555555555556,0.9249840143572559,"{'bootstrap': True, 'ccp_alpha': 0.0, 'class_weight': 'balanced', 'criterion': 'gini', 'max_depth': 30, 'max_features': 'sqrt', 'max_leaf_nodes': None, 'max_samples': None, 'min_impurity_decrease': 0.0, 'min_samples_leaf': 1, 'min_samples_split': 2, 'min_weight_fraction_leaf': 0.0, 'monotonic_cst': None, 'n_estimators': 150, 'n_jobs': None, 'oob_score': False, 'random_state': 42, 'verbose': 0, 'warm_start': False}",22.298763751983643
Chinese_wine,9,20,9,2,LinearSVC,SMOTE,2,{'k_neighbors': 2},0.6886666666666666,0.6678912197741694,"{'C': np.float64(33.59818286283781), 'class_weight': 'balanced', 'dual': False, 'fit_intercept': True, 'intercept_scaling': 1, 'loss': 'squared_hinge', 'max_iter': 100, 'multi_class': 'ovr', 'penalty': 'l1', 'random_state': 42, 'tol': 0.0001, 'verbose': 0}",0.8869457244873047
Chinese_wine,9,20,9,2,LogisticRegression,SMOTE,2,{'k_neighbors': 2},0.8204444444444444,0.8179594466635819,"{'C': np.float64(2.6366508987303554), 'class_weight': 'balanced', 'dual': False, 'fit_intercept': True, 'intercept_scaling': 1, 'l1_ratio': None, 'max_iter': 100, 'multi_class': 'deprecated', 'n_jobs': None, 'penalty': 'l1', 'random_state': 42, 'solver': 'saga', 'tol': 0.0001, 'verbose': 0, 'warm_start': False}",2.6921145915985107
Chinese_wine,9,20,9,2,RNN,SMOTE,2,{'k_neighbors': 2},0.45555555555555555,0.3267982017982018,"{'hidden_size': 64, 'epochs': 10, 'batch_size': 64, 'lr': 0.001}",49.244301557540894
Chinese_wine,9,20,9,2,KNN,SMOTE,3,{'k_neighbors': 3},0.9418888888888889,0.9422757991713507,"{'algorithm': 'auto', 'leaf_size': 30, 'metric': 'minkowski', 'metric_params': None, 'n_jobs': None, 'n_neighbors': np.int64(5), 'p': 3, 'weights': 'distance'}",0.3266589641571045
Chinese_wine,9,20,9,2,RandomForest,SMOTE,3,{'k_neighbors': 3},0.9224444444444444,0.922622233420658,"{'bootstrap': True, 'ccp_alpha': 0.0, 'class_weight': 'balanced', 'criterion': 'gini', 'max_depth': 30, 'max_features': 'sqrt', 'max_leaf_nodes': None, 'max_samples': None, 'min_impurity_decrease': 0.0, 'min_samples_leaf': 1, 'min_samples_split': 2, 'min_weight_fraction_leaf': 0.0, 'monotonic_cst': None, 'n_estimators': 150, 'n_jobs': None, 'oob_score': False, 'random_state': 42, 'verbose': 0, 'warm_start': False}",16.348060369491577
Chinese_wine,9,20,9,2,LinearSVC,SMOTE,3,{'k_neighbors': 3},0.7625555555555555,0.7462331584419182,"{'C': np.float64(1000.0), 'class_weight': 'balanced', 'dual': False, 'fit_intercept': True, 'intercept_scaling': 1, 'loss': 'squared_hinge', 'max_iter': 100, 'multi_class': 'ovr', 'penalty': 'l2', 'random_state': 42, 'tol': 0.001, 'verbose': 0}",0.26009631156921387
Chinese_wine,9,20,9,2,LogisticRegression,SMOTE,3,{'k_neighbors': 3},0.8218888888888889,0.8200577812807769,"{'C': np.float64(1000.0), 'class_weight': 'balanced', 'dual': False, 'fit_intercept': True, 'intercept_scaling': 1, 'l1_ratio': None, 'max_iter': 100, 'multi_class': 'deprecated', 'n_jobs': None, 'penalty': 'l2', 'random_state': 42, 'solver': 'sag', 'tol': 0.0001, 'verbose': 0, 'warm_start': False}",1.6163511276245117
Chinese_wine,9,20,9,2,RNN,SMOTE,3,{'k_neighbors': 3},0.5,0.35986758339699515,"{'hidden_size': 64, 'epochs': 10, 'batch_size': 64, 'lr': 0.001}",163.38429927825928
Chinese_wine,9,20,9,2,KNN,SMOTE,4,{'k_neighbors': 4},0.9412222222222222,0.9415352377592254,"{'algorithm': 'auto', 'leaf_size': 30, 'metric': 'manhattan', 'metric_params': None, 'n_jobs': None, 'n_neighbors': np.int64(5), 'p': 2, 'weights': 'distance'}",0.16087865829467773
Chinese_wine,9,20,9,2,RandomForest,SMOTE,4,{'k_neighbors': 4},0.9272222222222222,0.9274967593578101,"{'bootstrap': True, 'ccp_alpha': 0.0, 'class_weight': None, 'criterion': 'gini', 'max_depth': 20, 'max_features': 'sqrt', 'max_leaf_nodes': None, 'max_samples': None, 'min_impurity_decrease': 0.0, 'min_samples_leaf': 1, 'min_samples_split': 2, 'min_weight_fraction_leaf': 0.0, 'monotonic_cst': None, 'n_estimators': 100, 'n_jobs': None, 'oob_score': False, 'random_state': 42, 'verbose': 0, 'warm_start': False}",10.70680832862854
Chinese_wine,9,20,9,2,LinearSVC,SMOTE,4,{'k_neighbors': 4},0.6794444444444444,0.6510583352150763,"{'C': np.float64(183.29807108324337), 'class_weight': None, 'dual': False, 'fit_intercept': True, 'intercept_scaling': 1, 'loss': 'squared_hinge', 'max_iter': 100, 'multi_class': 'ovr', 'penalty': 'l1', 'random_state': 42, 'tol': 0.001, 'verbose': 0}",0.8717136383056641
Chinese_wine,9,20,9,2,LogisticRegression,SMOTE,4,{'k_neighbors': 4},0.7148888888888889,0.6996502027206688,"{'C': np.float64(183.29807108324337), 'class_weight': None, 'dual': False, 'fit_intercept': False, 'intercept_scaling': 1, 'l1_ratio': None, 'max_iter': 100, 'multi_class': 'deprecated', 'n_jobs': None, 'penalty': 'l2', 'random_state': 42, 'solver': 'sag', 'tol': 0.0001, 'verbose': 0, 'warm_start': False}",0.3291909694671631
Chinese_wine,9,20,9,2,RNN,SMOTE,4,{'k_neighbors': 4},0.3333333333333333,0.22365384615384618,"{'hidden_size': 64, 'epochs': 10, 'batch_size': 64, 'lr': 0.001}",163.87287187576294
Chinese_wine,9,20,9,2,KNN,SMOTE,5,{'k_neighbors': 5},0.9411111111111111,0.9412692125595026,"{'algorithm': 'auto', 'leaf_size': 30, 'metric': 'minkowski', 'metric_params': None, 'n_jobs': None, 'n_neighbors': np.int64(5), 'p': 3, 'weights': 'distance'}",0.3683314323425293
Chinese_wine,9,20,9,2,RandomForest,SMOTE,5,{'k_neighbors': 5},0.9214444444444444,0.921787881633617,"{'bootstrap': True, 'ccp_alpha': 0.0, 'class_weight': 'balanced', 'criterion': 'gini', 'max_depth': None, 'max_features': 'sqrt', 'max_leaf_nodes': None, 'max_samples': None, 'min_impurity_decrease': 0.0, 'min_samples_leaf': 1, 'min_samples_split': 2, 'min_weight_fraction_leaf': 0.0, 'monotonic_cst': None, 'n_estimators': 50, 'n_jobs': None, 'oob_score': False, 'random_state': 42, 'verbose': 0, 'warm_start': False}",8.80416989326477
Chinese_wine,9,20,9,2,LinearSVC,SMOTE,5,{'k_neighbors': 5},0.7577777777777778,0.7398188393334741,"{'C': np.float64(1000.0), 'class_weight': 'balanced', 'dual': False, 'fit_intercept': True, 'intercept_scaling': 1, 'loss': 'squared_hinge', 'max_iter': 100, 'multi_class': 'ovr', 'penalty': 'l2', 'random_state': 42, 'tol': 0.001, 'verbose': 0}",0.4497809410095215
Chinese_wine,9,20,9,2,LogisticRegression,SMOTE,5,{'k_neighbors': 5},0.8222222222222222,0.8201710257278523,"{'C': np.float64(33.59818286283781), 'class_weight': 'balanced', 'dual': False, 'fit_intercept': True, 'intercept_scaling': 1, 'l1_ratio': None, 'max_iter': 100, 'multi_class': 'deprecated', 'n_jobs': None, 'penalty': 'l1', 'random_state': 42, 'solver': 'saga', 'tol': 0.0001, 'verbose': 0, 'warm_start': False}",5.36853814125061
Chinese_wine,9,20,9,2,RNN,SMOTE,5,{'k_neighbors': 5},0.4666666666666667,0.33639543583988024,"{'hidden_size': 64, 'epochs': 10, 'batch_size': 64, 'lr': 0.001}",163.64824628829956
Chinese_wine,9,20,9,3,KNN,SMOTE,1,{'k_neighbors': 1},0.9462222222222222,0.9465823914754516,"{'algorithm': 'auto', 'leaf_size': 30, 'metric': 'minkowski', 'metric_params': None, 'n_jobs': None, 'n_neighbors': np.int64(5), 'p': 3, 'weights': 'distance'}",0.4487729072570801
Chinese_wine,9,20,9,3,RandomForest,SMOTE,1,{'k_neighbors': 1},0.9248888888888889,0.9250588643193702,"{'bootstrap': True, 'ccp_alpha': 0.0, 'class_weight': 'balanced', 'criterion': 'gini', 'max_depth': None, 'max_features': 'sqrt', 'max_leaf_nodes': None, 'max_samples': None, 'min_impurity_decrease': 0.0, 'min_samples_leaf': 1, 'min_samples_split': 2, 'min_weight_fraction_leaf': 0.0, 'monotonic_cst': None, 'n_estimators': 50, 'n_jobs': None, 'oob_score': False, 'random_state': 42, 'verbose': 0, 'warm_start': False}",8.377860069274902
Chinese_wine,9,20,9,3,LinearSVC,SMOTE,1,{'k_neighbors': 1},0.6877777777777778,0.6659163600284688,"{'C': np.float64(33.59818286283781), 'class_weight': 'balanced', 'dual': False, 'fit_intercept': True, 'intercept_scaling': 1, 'loss': 'squared_hinge', 'max_iter': 100, 'multi_class': 'ovr', 'penalty': 'l1', 'random_state': 42, 'tol': 0.001, 'verbose': 0}",1.4109673500061035
Chinese_wine,9,20,9,3,LogisticRegression,SMOTE,1,{'k_neighbors': 1},0.8232222222222222,0.8207305859246797,"{'C': np.float64(1000.0), 'class_weight': 'balanced', 'dual': False, 'fit_intercept': True, 'intercept_scaling': 1, 'l1_ratio': None, 'max_iter': 100, 'multi_class': 'deprecated', 'n_jobs': None, 'penalty': 'l2', 'random_state': 42, 'solver': 'sag', 'tol': 0.0001, 'verbose': 0, 'warm_start': False}",3.185807466506958
Chinese_wine,9,20,9,3,RNN,SMOTE,1,{'k_neighbors': 1},0.4888888888888889,0.37218572825024443,"{'hidden_size': 64, 'epochs': 10, 'batch_size': 64, 'lr': 0.001}",257.5248749256134
Chinese_wine,9,20,9,3,KNN,SMOTE,2,{'k_neighbors': 2},0.9375555555555556,0.9379245015542268,"{'algorithm': 'auto', 'leaf_size': 30, 'metric': 'minkowski', 'metric_params': None, 'n_jobs': None, 'n_neighbors': np.int64(13), 'p': 4, 'weights': 'distance'}",0.598822832107544
Chinese_wine,9,20,9,3,RandomForest,SMOTE,2,{'k_neighbors': 2},0.9233333333333333,0.9237807979274928,"{'bootstrap': True, 'ccp_alpha': 0.0, 'class_weight': None, 'criterion': 'gini', 'max_depth': 20, 'max_features': 'sqrt', 'max_leaf_nodes': None, 'max_samples': None, 'min_impurity_decrease': 0.0, 'min_samples_leaf': 1, 'min_samples_split': 2, 'min_weight_fraction_leaf': 0.0, 'monotonic_cst': None, 'n_estimators': 100, 'n_jobs': None, 'oob_score': False, 'random_state': 42, 'verbose': 0, 'warm_start': False}",18.088160514831543
Chinese_wine,9,20,9,3,LinearSVC,SMOTE,2,{'k_neighbors': 2},0.7588888888888888,0.7431381189102533,"{'C': np.float64(6.1584821106602545), 'class_weight': None, 'dual': False, 'fit_intercept': True, 'intercept_scaling': 1, 'loss': 'squared_hinge', 'max_iter': 100, 'multi_class': 'ovr', 'penalty': 'l2', 'random_state': 42, 'tol': 0.0001, 'verbose': 0}",0.42627573013305664
Chinese_wine,9,20,9,3,LogisticRegression,SMOTE,2,{'k_neighbors': 2},0.8203333333333334,0.8175758568384779,"{'C': np.float64(33.59818286283781), 'class_weight': 'balanced', 'dual': False, 'fit_intercept': True, 'intercept_scaling': 1, 'l1_ratio': None, 'max_iter': 100, 'multi_class': 'deprecated', 'n_jobs': None, 'penalty': 'l2', 'random_state': 42, 'solver': 'saga', 'tol': 0.0001, 'verbose': 0, 'warm_start': False}",4.523737907409668
Chinese_wine,9,20,9,3,RNN,SMOTE,2,{'k_neighbors': 2},0.4111111111111111,0.3139433198380567,"{'hidden_size': 64, 'epochs': 10, 'batch_size': 64, 'lr': 0.001}",158.77017045021057
Chinese_wine,9,20,9,3,KNN,SMOTE,3,{'k_neighbors': 3},0.9455555555555556,0.9459857558299989,"{'algorithm': 'auto', 'leaf_size': 30, 'metric': 'minkowski', 'metric_params': None, 'n_jobs': None, 'n_neighbors': np.int64(5), 'p': 3, 'weights': 'distance'}",0.4207615852355957
Chinese_wine,9,20,9,3,RandomForest,SMOTE,3,{'k_neighbors': 3},0.9201111111111111,0.920372760501884,"{'bootstrap': True, 'ccp_alpha': 0.0, 'class_weight': None, 'criterion': 'gini', 'max_depth': 20, 'max_features': 'sqrt', 'max_leaf_nodes': None, 'max_samples': None, 'min_impurity_decrease': 0.0, 'min_samples_leaf': 1, 'min_samples_split': 2, 'min_weight_fraction_leaf': 0.0, 'monotonic_cst': None, 'n_estimators': 100, 'n_jobs': None, 'oob_score': False, 'random_state': 42, 'verbose': 0, 'warm_start': False}",20.937159299850464
Chinese_wine,9,20,9,3,LinearSVC,SMOTE,3,{'k_neighbors': 3},0.7566666666666667,0.7390560557865338,"{'C': np.float64(6.1584821106602545), 'class_weight': None, 'dual': False, 'fit_intercept': True, 'intercept_scaling': 1, 'loss': 'squared_hinge', 'max_iter': 100, 'multi_class': 'ovr', 'penalty': 'l2', 'random_state': 42, 'tol': 0.0001, 'verbose': 0}",0.41949892044067383
Chinese_wine,9,20,9,3,LogisticRegression,SMOTE,3,{'k_neighbors': 3},0.8193333333333334,0.8169053979381226,"{'C': np.float64(1000.0), 'class_weight': 'balanced', 'dual': False, 'fit_intercept': True, 'intercept_scaling': 1, 'l1_ratio': None, 'max_iter': 100, 'multi_class': 'deprecated', 'n_jobs': None, 'penalty': 'l2', 'random_state': 42, 'solver': 'sag', 'tol': 0.0001, 'verbose': 0, 'warm_start': False}",3.223947763442993
Chinese_wine,9,20,9,3,RNN,SMOTE,3,{'k_neighbors': 3},0.5444444444444444,0.46190245531677754,"{'hidden_size': 64, 'epochs': 10, 'batch_size': 64, 'lr': 0.001}",254.49757027626038
Chinese_wine,9,20,9,3,KNN,SMOTE,4,{'k_neighbors': 4},0.9404444444444444,0.9408186919192805,"{'algorithm': 'auto', 'leaf_size': 30, 'metric': 'minkowski', 'metric_params': None, 'n_jobs': None, 'n_neighbors': np.int64(5), 'p': 3, 'weights': 'distance'}",0.5085244178771973
Chinese_wine,9,20,9,3,RandomForest,SMOTE,4,{'k_neighbors': 4},0.9287777777777778,0.9290408009308598,"{'bootstrap': True, 'ccp_alpha': 0.0, 'class_weight': 'balanced', 'criterion': 'gini', 'max_depth': 30, 'max_features': 'sqrt', 'max_leaf_nodes': None, 'max_samples': None, 'min_impurity_decrease': 0.0, 'min_samples_leaf': 1, 'min_samples_split': 2, 'min_weight_fraction_leaf': 0.0, 'monotonic_cst': None, 'n_estimators': 150, 'n_jobs': None, 'oob_score': False, 'random_state': 42, 'verbose': 0, 'warm_start': False}",29.85635232925415
Chinese_wine,9,20,9,3,LinearSVC,SMOTE,4,{'k_neighbors': 4},0.6783333333333333,0.6499456546414554,"{'C': np.float64(33.59818286283781), 'class_weight': 'balanced', 'dual': False, 'fit_intercept': True, 'intercept_scaling': 1, 'loss': 'squared_hinge', 'max_iter': 100, 'multi_class': 'ovr', 'penalty': 'l1', 'random_state': 42, 'tol': 0.001, 'verbose': 0}",1.4702479839324951
Chinese_wine,9,20,9,3,LogisticRegression,SMOTE,4,{'k_neighbors': 4},0.8166666666666667,0.8136687941401713,"{'C': np.float64(1000.0), 'class_weight': 'balanced', 'dual': False, 'fit_intercept': True, 'intercept_scaling': 1, 'l1_ratio': None, 'max_iter': 100, 'multi_class': 'deprecated', 'n_jobs': None, 'penalty': 'l2', 'random_state': 42, 'solver': 'sag', 'tol': 0.0001, 'verbose': 0, 'warm_start': False}",4.208823919296265
Chinese_wine,9,20,9,3,RNN,SMOTE,4,{'k_neighbors': 4},0.4777777777777778,0.3714818514818515,"{'hidden_size': 64, 'epochs': 10, 'batch_size': 64, 'lr': 0.001}",188.78529000282288
Chinese_wine,9,20,9,3,KNN,SMOTE,5,{'k_neighbors': 5},0.948,0.9481585669596182,"{'algorithm': 'auto', 'leaf_size': 30, 'metric': 'minkowski', 'metric_params': None, 'n_jobs': None, 'n_neighbors': np.int64(5), 'p': 3, 'weights': 'distance'}",0.5980033874511719
Chinese_wine,9,20,9,3,RandomForest,SMOTE,5,{'k_neighbors': 5},0.7964444444444444,0.7984566813047113,"{'bootstrap': True, 'ccp_alpha': 0.0, 'class_weight': 'balanced', 'criterion': 'gini', 'max_depth': 10, 'max_features': 'sqrt', 'max_leaf_nodes': None, 'max_samples': None, 'min_impurity_decrease': 0.0, 'min_samples_leaf': 1, 'min_samples_split': 2, 'min_weight_fraction_leaf': 0.0, 'monotonic_cst': None, 'n_estimators': 100, 'n_jobs': None, 'oob_score': False, 'random_state': 42, 'verbose': 0, 'warm_start': False}",18.72501826286316
Chinese_wine,9,20,9,3,LinearSVC,SMOTE,5,{'k_neighbors': 5},0.6783333333333333,0.6566804311931006,"{'C': np.float64(33.59818286283781), 'class_weight': 'balanced', 'dual': False, 'fit_intercept': True, 'intercept_scaling': 1, 'loss': 'squared_hinge', 'max_iter': 100, 'multi_class': 'ovr', 'penalty': 'l1', 'random_state': 42, 'tol': 0.0001, 'verbose': 0}",2.1097185611724854
Chinese_wine,9,20,9,3,LogisticRegression,SMOTE,5,{'k_neighbors': 5},0.8224444444444444,0.8205875217613983,"{'C': np.float64(1000.0), 'class_weight': 'balanced', 'dual': False, 'fit_intercept': True, 'intercept_scaling': 1, 'l1_ratio': None, 'max_iter': 100, 'multi_class': 'deprecated', 'n_jobs': None, 'penalty': 'l2', 'random_state': 42, 'solver': 'sag', 'tol': 0.0001, 'verbose': 0, 'warm_start': False}",2.9183924198150635
Chinese_wine,9,20,9,3,RNN,SMOTE,5,{'k_neighbors': 5},0.4222222222222222,0.2997777777777778,"{'hidden_size': 64, 'epochs': 10, 'batch_size': 64, 'lr': 0.001}",245.15629529953003
Chinese_wine,9,20,9,5,KNN,SMOTE,1,{'k_neighbors': 1},0.9475555555555556,0.9478029609378712,"{'algorithm': 'auto', 'leaf_size': 30, 'metric': 'minkowski', 'metric_params': None, 'n_jobs': None, 'n_neighbors': np.int64(5), 'p': 3, 'weights': 'distance'}",0.4799208641052246
Chinese_wine,9,20,9,5,RandomForest,SMOTE,1,{'k_neighbors': 1},0.9273333333333333,0.9273303280503793,"{'bootstrap': True, 'ccp_alpha': 0.0, 'class_weight': 'balanced', 'criterion': 'gini', 'max_depth': 30, 'max_features': 'sqrt', 'max_leaf_nodes': None, 'max_samples': None, 'min_impurity_decrease': 0.0, 'min_samples_leaf': 1, 'min_samples_split': 2, 'min_weight_fraction_leaf': 0.0, 'monotonic_cst': None, 'n_estimators': 150, 'n_jobs': None, 'oob_score': False, 'random_state': 42, 'verbose': 0, 'warm_start': False}",43.135292291641235
Chinese_wine,9,20,9,5,LinearSVC,SMOTE,1,{'k_neighbors': 1},0.7574444444444445,0.7390601922487764,"{'C': np.float64(0.2069138081114788), 'class_weight': 'balanced', 'dual': False, 'fit_intercept': True, 'intercept_scaling': 1, 'loss': 'squared_hinge', 'max_iter': 100, 'multi_class': 'ovr', 'penalty': 'l2', 'random_state': 42, 'tol': 0.001, 'verbose': 0}",0.6115312576293945
Chinese_wine,9,20,9,5,LogisticRegression,SMOTE,1,{'k_neighbors': 1},0.8217777777777778,0.8191910443458973,"{'C': np.float64(2.6366508987303554), 'class_weight': 'balanced', 'dual': False, 'fit_intercept': True, 'intercept_scaling': 1, 'l1_ratio': None, 'max_iter': 100, 'multi_class': 'deprecated', 'n_jobs': None, 'penalty': 'l1', 'random_state': 42, 'solver': 'saga', 'tol': 0.0001, 'verbose': 0, 'warm_start': False}",6.690135478973389
Chinese_wine,9,20,9,5,RNN,SMOTE,1,{'k_neighbors': 1},0.6222222222222222,0.5763054011430306,"{'hidden_size': 64, 'epochs': 10, 'batch_size': 64, 'lr': 0.001}",418.8988747596741
Chinese_wine,9,20,9,5,KNN,SMOTE,2,{'k_neighbors': 2},0.9468888888888889,0.9471319592828831,"{'algorithm': 'auto', 'leaf_size': 30, 'metric': 'minkowski', 'metric_params': None, 'n_jobs': None, 'n_neighbors': np.int64(5), 'p': 3, 'weights': 'distance'}",0.5297341346740723
Chinese_wine,9,20,9,5,RandomForest,SMOTE,2,{'k_neighbors': 2},0.9226666666666666,0.9229377262776729,"{'bootstrap': True, 'ccp_alpha': 0.0, 'class_weight': None, 'criterion': 'gini', 'max_depth': 20, 'max_features': 'sqrt', 'max_leaf_nodes': None, 'max_samples': None, 'min_impurity_decrease': 0.0, 'min_samples_leaf': 1, 'min_samples_split': 2, 'min_weight_fraction_leaf': 0.0, 'monotonic_cst': None, 'n_estimators': 100, 'n_jobs': None, 'oob_score': False, 'random_state': 42, 'verbose': 0, 'warm_start': False}",34.121904373168945
Chinese_wine,9,20,9,5,LinearSVC,SMOTE,2,{'k_neighbors': 2},0.6847777777777778,0.6630715581793003,"{'C': np.float64(183.29807108324337), 'class_weight': None, 'dual': False, 'fit_intercept': True, 'intercept_scaling': 1, 'loss': 'squared_hinge', 'max_iter': 100, 'multi_class': 'ovr', 'penalty': 'l1', 'random_state': 42, 'tol': 0.001, 'verbose': 0}",2.4848270416259766
Chinese_wine,9,20,9,5,LogisticRegression,SMOTE,2,{'k_neighbors': 2},0.8155555555555556,0.8126821950384047,"{'C': np.float64(183.29807108324337), 'class_weight': None, 'dual': False, 'fit_intercept': True, 'intercept_scaling': 1, 'l1_ratio': None, 'max_iter': 100, 'multi_class': 'deprecated', 'n_jobs': None, 'penalty': 'l2', 'random_state': 42, 'solver': 'saga', 'tol': 0.0001, 'verbose': 0, 'warm_start': False}",5.401191711425781
Chinese_wine,9,20,9,5,RNN,SMOTE,2,{'k_neighbors': 2},0.6222222222222222,0.5691663793722616,"{'hidden_size': 64, 'epochs': 10, 'batch_size': 64, 'lr': 0.001}",3.5386204719543457
Chinese_wine,9,20,9,5,KNN,SMOTE,3,{'k_neighbors': 3},0.9472222222222222,0.9474764741259425,"{'algorithm': 'auto', 'leaf_size': 30, 'metric': 'minkowski', 'metric_params': None, 'n_jobs': None, 'n_neighbors': np.int64(5), 'p': 3, 'weights': 'distance'}",0.4127490520477295
Chinese_wine,9,20,9,5,RandomForest,SMOTE,3,{'k_neighbors': 3},0.9193333333333333,0.919646346261376,"{'bootstrap': True, 'ccp_alpha': 0.0, 'class_weight': None, 'criterion': 'gini', 'max_depth': 20, 'max_features': 'sqrt', 'max_leaf_nodes': None, 'max_samples': None, 'min_impurity_decrease': 0.0, 'min_samples_leaf': 1, 'min_samples_split': 2, 'min_weight_fraction_leaf': 0.0, 'monotonic_cst': None, 'n_estimators': 100, 'n_jobs': None, 'oob_score': False, 'random_state': 42, 'verbose': 0, 'warm_start': False}",27.3344509601593
Chinese_wine,9,20,9,5,LinearSVC,SMOTE,3,{'k_neighbors': 3},0.7592222222222222,0.7407182839541654,"{'C': np.float64(0.4832930238571752), 'class_weight': 'balanced', 'dual': False, 'fit_intercept': True, 'intercept_scaling': 1, 'loss': 'squared_hinge', 'max_iter': 100, 'multi_class': 'ovr', 'penalty': 'l2', 'random_state': 42, 'tol': 0.0001, 'verbose': 0}",0.6311535835266113
Chinese_wine,9,20,9,5,LogisticRegression,SMOTE,3,{'k_neighbors': 3},0.8101111111111111,0.8076083165373231,"{'C': np.float64(6.1584821106602545), 'class_weight': None, 'dual': False, 'fit_intercept': True, 'intercept_scaling': 1, 'l1_ratio': None, 'max_iter': 100, 'multi_class': 'deprecated', 'n_jobs': None, 'penalty': 'l2', 'random_state': 42, 'solver': 'lbfgs', 'tol': 0.0001, 'verbose': 0, 'warm_start': False}",4.353283166885376
Chinese_wine,9,20,9,5,RNN,SMOTE,3,{'k_neighbors': 3},0.5888888888888889,0.5366070750237417,"{'hidden_size': 64, 'epochs': 10, 'batch_size': 64, 'lr': 0.001}",2.8571231365203857
Chinese_wine,9,20,9,5,KNN,SMOTE,4,{'k_neighbors': 4},0.9481111111111111,0.9482346759480513,"{'algorithm': 'auto', 'leaf_size': 30, 'metric': 'minkowski', 'metric_params': None, 'n_jobs': None, 'n_neighbors': np.int64(11), 'p': 4, 'weights': 'distance'}",0.46871137619018555
Chinese_wine,9,20,9,5,RandomForest,SMOTE,4,{'k_neighbors': 4},0.9284444444444444,0.9286304921594484,"{'bootstrap': True, 'ccp_alpha': 0.0, 'class_weight': 'balanced', 'criterion': 'gini', 'max_depth': 30, 'max_features': 'sqrt', 'max_leaf_nodes': None, 'max_samples': None, 'min_impurity_decrease': 0.0, 'min_samples_leaf': 1, 'min_samples_split': 2, 'min_weight_fraction_leaf': 0.0, 'monotonic_cst': None, 'n_estimators': 150, 'n_jobs': None, 'oob_score': False, 'random_state': 42, 'verbose': 0, 'warm_start': False}",49.575140714645386
Chinese_wine,9,20,9,5,LinearSVC,SMOTE,4,{'k_neighbors': 4},0.7605555555555555,0.7406401608394317,"{'C': np.float64(1000.0), 'class_weight': 'balanced', 'dual': False, 'fit_intercept': True, 'intercept_scaling': 1, 'loss': 'squared_hinge', 'max_iter': 100, 'multi_class': 'ovr', 'penalty': 'l2', 'random_state': 42, 'tol': 0.001, 'verbose': 0}",0.8574957847595215
Chinese_wine,9,20,9,5,LogisticRegression,SMOTE,4,{'k_neighbors': 4},0.8164444444444444,0.813070608288295,"{'C': np.float64(33.59818286283781), 'class_weight': 'balanced', 'dual': False, 'fit_intercept': True, 'intercept_scaling': 1, 'l1_ratio': None, 'max_iter': 100, 'multi_class': 'deprecated', 'n_jobs': None, 'penalty': 'l1', 'random_state': 42, 'solver': 'saga', 'tol': 0.0001, 'verbose': 0, 'warm_start': False}",7.060126304626465
Chinese_wine,9,20,9,5,RNN,SMOTE,4,{'k_neighbors': 4},0.4222222222222222,0.37352040189621394,"{'hidden_size': 64, 'epochs': 10, 'batch_size': 64, 'lr': 0.001}",422.02004837989807
Chinese_wine,9,20,9,5,KNN,SMOTE,5,{'k_neighbors': 5},0.9467777777777778,0.94703931310011,"{'algorithm': 'auto', 'leaf_size': 30, 'metric': 'chebyshev', 'metric_params': None, 'n_jobs': None, 'n_neighbors': np.int64(11), 'p': 2, 'weights': 'distance'}",0.1960282325744629
Chinese_wine,9,20,9,5,RandomForest,SMOTE,5,{'k_neighbors': 5},0.9341111111111111,0.9344530240644522,"{'bootstrap': True, 'ccp_alpha': 0.0, 'class_weight': 'balanced', 'criterion': 'gini', 'max_depth': 30, 'max_features': 'sqrt', 'max_leaf_nodes': None, 'max_samples': None, 'min_impurity_decrease': 0.0, 'min_samples_leaf': 1, 'min_samples_split': 2, 'min_weight_fraction_leaf': 0.0, 'monotonic_cst': None, 'n_estimators': 150, 'n_jobs': None, 'oob_score': False, 'random_state': 42, 'verbose': 0, 'warm_start': False}",59.385021448135376
Chinese_wine,9,20,9,5,LinearSVC,SMOTE,5,{'k_neighbors': 5},0.6857777777777778,0.6647889492953318,"{'C': np.float64(2.6366508987303554), 'class_weight': 'balanced', 'dual': False, 'fit_intercept': True, 'intercept_scaling': 1, 'loss': 'squared_hinge', 'max_iter': 100, 'multi_class': 'ovr', 'penalty': 'l1', 'random_state': 42, 'tol': 0.0001, 'verbose': 0}",2.501253128051758
Chinese_wine,9,20,9,5,LogisticRegression,SMOTE,5,{'k_neighbors': 5},0.8234444444444444,0.8214425328568313,"{'C': np.float64(183.29807108324337), 'class_weight': 'balanced', 'dual': False, 'fit_intercept': True, 'intercept_scaling': 1, 'l1_ratio': None, 'max_iter': 100, 'multi_class': 'deprecated', 'n_jobs': None, 'penalty': 'l1', 'random_state': 42, 'solver': 'saga', 'tol': 0.0001, 'verbose': 0, 'warm_start': False}",13.376770496368408
Chinese_wine,9,20,9,5,RNN,SMOTE,5,{'k_neighbors': 5},0.6333333333333333,0.5584511127585565,"{'hidden_size': 64, 'epochs': 10, 'batch_size': 64, 'lr': 0.001}",412.6002962589264
Chinese_wine,9,20,9,10,KNN,SMOTE,1,{'k_neighbors': 1},0.9455555555555556,0.9458296512349756,"{'algorithm': 'auto', 'leaf_size': 30, 'metric': 'minkowski', 'metric_params': None, 'n_jobs': None, 'n_neighbors': np.int64(5), 'p': 3, 'weights': 'distance'}",0.5116350650787354
Chinese_wine,9,20,9,10,RandomForest,SMOTE,1,{'k_neighbors': 1},0.9301111111111111,0.9302359286171575,"{'bootstrap': True, 'ccp_alpha': 0.0, 'class_weight': 'balanced', 'criterion': 'gini', 'max_depth': 30, 'max_features': 'sqrt', 'max_leaf_nodes': None, 'max_samples': None, 'min_impurity_decrease': 0.0, 'min_samples_leaf': 1, 'min_samples_split': 2, 'min_weight_fraction_leaf': 0.0, 'monotonic_cst': None, 'n_estimators': 150, 'n_jobs': None, 'oob_score': False, 'random_state': 42, 'verbose': 0, 'warm_start': False}",66.17742228507996
Chinese_wine,9,20,9,10,LinearSVC,SMOTE,1,{'k_neighbors': 1},0.6873333333333334,0.6650319020607715,"{'C': np.float64(183.29807108324337), 'class_weight': 'balanced', 'dual': False, 'fit_intercept': True, 'intercept_scaling': 1, 'loss': 'squared_hinge', 'max_iter': 100, 'multi_class': 'ovr', 'penalty': 'l1', 'random_state': 42, 'tol': 0.0001, 'verbose': 0}",3.7929282188415527
Chinese_wine,9,20,9,10,LogisticRegression,SMOTE,1,{'k_neighbors': 1},0.8193333333333334,0.8168281433044704,"{'C': np.float64(33.59818286283781), 'class_weight': 'balanced', 'dual': False, 'fit_intercept': True, 'intercept_scaling': 1, 'l1_ratio': None, 'max_iter': 100, 'multi_class': 'deprecated', 'n_jobs': None, 'penalty': 'l2', 'random_state': 42, 'solver': 'saga', 'tol': 0.0001, 'verbose': 0, 'warm_start': False}",4.781590938568115
Chinese_wine,9,20,9,10,RNN,SMOTE,1,{'k_neighbors': 1},0.7555555555555555,0.7304698642742121,"{'hidden_size': 64, 'epochs': 10, 'batch_size': 64, 'lr': 0.001}",668.4498414993286
Chinese_wine,9,20,9,10,KNN,SMOTE,2,{'k_neighbors': 2},0.944,0.9441121447438685,"{'algorithm': 'auto', 'leaf_size': 30, 'metric': 'manhattan', 'metric_params': None, 'n_jobs': None, 'n_neighbors': np.int64(5), 'p': 2, 'weights': 'distance'}",0.24163055419921875
Chinese_wine,9,20,9,10,RandomForest,SMOTE,2,{'k_neighbors': 2},0.9264444444444444,0.9268358007191071,"{'bootstrap': True, 'ccp_alpha': 0.0, 'class_weight': None, 'criterion': 'gini', 'max_depth': 30, 'max_features': 'sqrt', 'max_leaf_nodes': None, 'max_samples': None, 'min_impurity_decrease': 0.0, 'min_samples_leaf': 1, 'min_samples_split': 5, 'min_weight_fraction_leaf': 0.0, 'monotonic_cst': None, 'n_estimators': 150, 'n_jobs': None, 'oob_score': False, 'random_state': 42, 'verbose': 0, 'warm_start': False}",58.742802143096924
Chinese_wine,9,20,9,10,LinearSVC,SMOTE,2,{'k_neighbors': 2},0.7597777777777778,0.742513882237744,"{'C': np.float64(0.4832930238571752), 'class_weight': 'balanced', 'dual': False, 'fit_intercept': True, 'intercept_scaling': 1, 'loss': 'squared_hinge', 'max_iter': 100, 'multi_class': 'ovr', 'penalty': 'l2', 'random_state': 42, 'tol': 0.0001, 'verbose': 0}",1.3102469444274902
Chinese_wine,9,20,9,10,LogisticRegression,SMOTE,2,{'k_neighbors': 2},0.7183333333333334,0.7032351493238891,"{'C': np.float64(183.29807108324337), 'class_weight': 'balanced', 'dual': False, 'fit_intercept': False, 'intercept_scaling': 1, 'l1_ratio': None, 'max_iter': 100, 'multi_class': 'deprecated', 'n_jobs': None, 'penalty': 'l2', 'random_state': 42, 'solver': 'sag', 'tol': 0.0001, 'verbose': 0, 'warm_start': False}",1.206592082977295
Chinese_wine,9,20,9,10,RNN,SMOTE,2,{'k_neighbors': 2},0.6555555555555556,0.6143365893365894,"{'hidden_size': 64, 'epochs': 10, 'batch_size': 64, 'lr': 0.001}",850.689284324646
Chinese_wine,9,20,9,10,KNN,SMOTE,3,{'k_neighbors': 3},0.9437777777777778,0.9439982937881877,"{'algorithm': 'auto', 'leaf_size': 30, 'metric': 'minkowski', 'metric_params': None, 'n_jobs': None, 'n_neighbors': np.int64(5), 'p': 3, 'weights': 'distance'}",0.507941722869873
Chinese_wine,9,20,9,10,RandomForest,SMOTE,3,{'k_neighbors': 3},0.9264444444444444,0.9266085380793455,"{'bootstrap': True, 'ccp_alpha': 0.0, 'class_weight': 'balanced', 'criterion': 'gini', 'max_depth': 30, 'max_features': 'sqrt', 'max_leaf_nodes': None, 'max_samples': None, 'min_impurity_decrease': 0.0, 'min_samples_leaf': 1, 'min_samples_split': 2, 'min_weight_fraction_leaf': 0.0, 'monotonic_cst': None, 'n_estimators': 150, 'n_jobs': None, 'oob_score': False, 'random_state': 42, 'verbose': 0, 'warm_start': False}",73.64748501777649
Chinese_wine,9,20,9,10,LinearSVC,SMOTE,3,{'k_neighbors': 3},0.6861111111111111,0.6632747303576758,"{'C': np.float64(33.59818286283781), 'class_weight': 'balanced', 'dual': False, 'fit_intercept': True, 'intercept_scaling': 1, 'loss': 'squared_hinge', 'max_iter': 100, 'multi_class': 'ovr', 'penalty': 'l1', 'random_state': 42, 'tol': 0.001, 'verbose': 0}",4.694828510284424
Chinese_wine,9,20,9,10,LogisticRegression,SMOTE,3,{'k_neighbors': 3},0.8165555555555556,0.8137079213477,"{'C': np.float64(33.59818286283781), 'class_weight': None, 'dual': False, 'fit_intercept': True, 'intercept_scaling': 1, 'l1_ratio': None, 'max_iter': 100, 'multi_class': 'deprecated', 'n_jobs': None, 'penalty': 'l2', 'random_state': 42, 'solver': 'saga', 'tol': 0.0001, 'verbose': 0, 'warm_start': False}",4.78625226020813
Chinese_wine,9,20,9,10,RNN,SMOTE,3,{'k_neighbors': 3},0.35555555555555557,0.3031805884747061,"{'hidden_size': 64, 'epochs': 10, 'batch_size': 64, 'lr': 0.001}",815.6163303852081
Chinese_wine,9,20,9,10,KNN,SMOTE,4,{'k_neighbors': 4},0.9417777777777778,0.942092508010527,"{'algorithm': 'auto', 'leaf_size': 30, 'metric': 'minkowski', 'metric_params': None, 'n_jobs': None, 'n_neighbors': np.int64(11), 'p': 4, 'weights': 'distance'}",0.5924365520477295
Chinese_wine,9,20,9,10,RandomForest,SMOTE,4,{'k_neighbors': 4},0.9256666666666666,0.9259716618110906,"{'bootstrap': True, 'ccp_alpha': 0.0, 'class_weight': 'balanced', 'criterion': 'gini', 'max_depth': 30, 'max_features': 'sqrt', 'max_leaf_nodes': None, 'max_samples': None, 'min_impurity_decrease': 0.0, 'min_samples_leaf': 1, 'min_samples_split': 2, 'min_weight_fraction_leaf': 0.0, 'monotonic_cst': None, 'n_estimators': 150, 'n_jobs': None, 'oob_score': False, 'random_state': 42, 'verbose': 0, 'warm_start': False}",45.77572464942932
Chinese_wine,9,20,9,10,LinearSVC,SMOTE,4,{'k_neighbors': 4},0.6853333333333333,0.6598541380507792,"{'C': np.float64(183.29807108324337), 'class_weight': None, 'dual': False, 'fit_intercept': True, 'intercept_scaling': 1, 'loss': 'squared_hinge', 'max_iter': 100, 'multi_class': 'ovr', 'penalty': 'l1', 'random_state': 42, 'tol': 0.001, 'verbose': 0}",3.816396713256836
Chinese_wine,9,20,9,10,LogisticRegression,SMOTE,4,{'k_neighbors': 4},0.8137777777777778,0.8104047053204679,"{'C': np.float64(33.59818286283781), 'class_weight': 'balanced', 'dual': False, 'fit_intercept': True, 'intercept_scaling': 1, 'l1_ratio': None, 'max_iter': 100, 'multi_class': 'deprecated', 'n_jobs': None, 'penalty': 'l2', 'random_state': 42, 'solver': 'saga', 'tol': 0.0001, 'verbose': 0, 'warm_start': False}",9.29175877571106
Chinese_wine,9,20,9,10,RNN,SMOTE,4,{'k_neighbors': 4},0.7555555555555555,0.7355910102968927,"{'hidden_size': 64, 'epochs': 10, 'batch_size': 64, 'lr': 0.001}",831.4872233867645
Chinese_wine,9,20,9,10,KNN,SMOTE,5,{'k_neighbors': 5},0.9448888888888889,0.945042363134274,"{'algorithm': 'auto', 'leaf_size': 30, 'metric': 'manhattan', 'metric_params': None, 'n_jobs': None, 'n_neighbors': np.int64(5), 'p': 2, 'weights': 'distance'}",0.28741455078125
Chinese_wine,9,20,9,10,RandomForest,SMOTE,5,{'k_neighbors': 5},0.9252222222222222,0.9255312280467872,"{'bootstrap': True, 'ccp_alpha': 0.0, 'class_weight': 'balanced', 'criterion': 'gini', 'max_depth': 20, 'max_features': 'sqrt', 'max_leaf_nodes': None, 'max_samples': None, 'min_impurity_decrease': 0.0, 'min_samples_leaf': 1, 'min_samples_split': 10, 'min_weight_fraction_leaf': 0.0, 'monotonic_cst': None, 'n_estimators': 150, 'n_jobs': None, 'oob_score': False, 'random_state': 42, 'verbose': 0, 'warm_start': False}",40.11498403549194
Chinese_wine,9,20,9,10,LinearSVC,SMOTE,5,{'k_neighbors': 5},0.762,0.7474336895015607,"{'C': np.float64(0.4832930238571752), 'class_weight': 'balanced', 'dual': False, 'fit_intercept': True, 'intercept_scaling': 1, 'loss': 'squared_hinge', 'max_iter': 100, 'multi_class': 'ovr', 'penalty': 'l2', 'random_state': 42, 'tol': 0.0001, 'verbose': 0}",1.3266022205352783
Chinese_wine,9,20,9,10,LogisticRegression,SMOTE,5,{'k_neighbors': 5},0.8184444444444444,0.8161349520539984,"{'C': np.float64(1000.0), 'class_weight': 'balanced', 'dual': False, 'fit_intercept': True, 'intercept_scaling': 1, 'l1_ratio': None, 'max_iter': 100, 'multi_class': 'deprecated', 'n_jobs': None, 'penalty': 'l2', 'random_state': 42, 'solver': 'sag', 'tol': 0.0001, 'verbose': 0, 'warm_start': False}",4.837202310562134
Chinese_wine,9,20,9,10,RNN,SMOTE,5,{'k_neighbors': 5},0.7888888888888889,0.7785140494944416,"{'hidden_size': 64, 'epochs': 10, 'batch_size': 64, 'lr': 0.001}",844.0714812278748
Chinese_wine,9,20,10,1,KNN,Baseline,N/A,N/A,0.948,0.9480090372419412,"{'algorithm': 'auto', 'leaf_size': 30, 'metric': 'minkowski', 'metric_params': None, 'n_jobs': None, 'n_neighbors': 5, 'p': 2, 'weights': 'uniform'}",0.4290139675140381
Chinese_wine,9,20,10,1,KNN,Tuned_Baseline,N/A,N/A,0.9473333333333334,0.9473144400556973,"{'algorithm': 'auto', 'leaf_size': 30, 'metric': 'minkowski', 'metric_params': None, 'n_jobs': None, 'n_neighbors': np.int64(5), 'p': 3, 'weights': 'distance'}",0.259230375289917
Chinese_wine,9,20,10,1,RandomForest,Baseline,N/A,N/A,0.9247777777777778,0.9240125261348106,"{'bootstrap': True, 'ccp_alpha': 0.0, 'class_weight': None, 'criterion': 'gini', 'max_depth': None, 'max_features': 'sqrt', 'max_leaf_nodes': None, 'max_samples': None, 'min_impurity_decrease': 0.0, 'min_samples_leaf': 1, 'min_samples_split': 2, 'min_weight_fraction_leaf': 0.0, 'monotonic_cst': None, 'n_estimators': 100, 'n_jobs': None, 'oob_score': False, 'random_state': 42, 'verbose': 0, 'warm_start': False}",5.290506839752197
Chinese_wine,9,20,10,1,RandomForest,Tuned_Baseline,N/A,N/A,0.9208888888888889,0.9203544261656145,"{'bootstrap': True, 'ccp_alpha': 0.0, 'class_weight': None, 'criterion': 'gini', 'max_depth': 20, 'max_features': 'sqrt', 'max_leaf_nodes': None, 'max_samples': None, 'min_impurity_decrease': 0.0, 'min_samples_leaf': 1, 'min_samples_split': 2, 'min_weight_fraction_leaf': 0.0, 'monotonic_cst': None, 'n_estimators': 100, 'n_jobs': None, 'oob_score': False, 'random_state': 42, 'verbose': 0, 'warm_start': False}",0.07219076156616211
Chinese_wine,9,20,10,1,LinearSVC,Baseline,N/A,N/A,0.7435555555555555,0.7244407984498957,"{'C': 1.0, 'class_weight': None, 'dual': False, 'fit_intercept': True, 'intercept_scaling': 1, 'loss': 'squared_hinge', 'max_iter': 100, 'multi_class': 'ovr', 'penalty': 'l2', 'random_state': 42, 'tol': 0.0001, 'verbose': 0}",0.13003969192504883
Chinese_wine,9,20,10,1,LinearSVC,Tuned_Baseline,N/A,N/A,0.7438888888888889,0.7253056291158813,"{'C': np.float64(1000.0), 'class_weight': 'balanced', 'dual': False, 'fit_intercept': True, 'intercept_scaling': 1, 'loss': 'squared_hinge', 'max_iter': 100, 'multi_class': 'ovr', 'penalty': 'l2', 'random_state': 42, 'tol': 0.001, 'verbose': 0}",0.0009911060333251953
Chinese_wine,9,20,10,1,LogisticRegression,Baseline,N/A,N/A,0.8072222222222222,0.802550430652423,"{'C': 1.0, 'class_weight': None, 'dual': False, 'fit_intercept': True, 'intercept_scaling': 1, 'l1_ratio': None, 'max_iter': 100, 'multi_class': 'deprecated', 'n_jobs': None, 'penalty': 'l2', 'random_state': 42, 'solver': 'lbfgs', 'tol': 0.0001, 'verbose': 0, 'warm_start': False}",1.4990825653076172
Chinese_wine,9,20,10,1,LogisticRegression,Tuned_Baseline,N/A,N/A,0.8221111111111111,0.8173064815948391,"{'C': np.float64(1000.0), 'class_weight': 'balanced', 'dual': False, 'fit_intercept': True, 'intercept_scaling': 1, 'l1_ratio': None, 'max_iter': 100, 'multi_class': 'deprecated', 'n_jobs': None, 'penalty': 'l2', 'random_state': 42, 'solver': 'sag', 'tol': 0.0001, 'verbose': 0, 'warm_start': False}",0.001276254653930664
Chinese_wine,9,20,10,1,RNN,Baseline,N/A,N/A,0.4777777777777778,0.3826714462008579,"{'hidden_size': 64, 'epochs': 10, 'batch_size': 32, 'lr': 0.001}",6.115005254745483
Chinese_wine,9,20,10,1,RNN,Tuned_Baseline,N/A,N/A,0.16666666666666666,0.07620320855614975,"{'hidden_size': 64, 'epochs': 10, 'batch_size': 64, 'lr': 0.001}",1.0415992736816406
Chinese_wine,9,20,10,2,KNN,SMOTE,1,{'k_neighbors': 1},0.951,0.9510058278984945,"{'algorithm': 'auto', 'leaf_size': 30, 'metric': 'minkowski', 'metric_params': None, 'n_jobs': None, 'n_neighbors': np.int64(5), 'p': 3, 'weights': 'distance'}",0.3204808235168457
Chinese_wine,9,20,10,2,RandomForest,SMOTE,1,{'k_neighbors': 1},0.926,0.9254375923265531,"{'bootstrap': True, 'ccp_alpha': 0.0, 'class_weight': None, 'criterion': 'gini', 'max_depth': 20, 'max_features': 'sqrt', 'max_leaf_nodes': None, 'max_samples': None, 'min_impurity_decrease': 0.0, 'min_samples_leaf': 1, 'min_samples_split': 2, 'min_weight_fraction_leaf': 0.0, 'monotonic_cst': None, 'n_estimators': 100, 'n_jobs': None, 'oob_score': False, 'random_state': 42, 'verbose': 0, 'warm_start': False}",11.583531141281128
Chinese_wine,9,20,10,2,LinearSVC,SMOTE,1,{'k_neighbors': 1},0.6825555555555556,0.6518066520805513,"{'C': np.float64(183.29807108324337), 'class_weight': 'balanced', 'dual': False, 'fit_intercept': True, 'intercept_scaling': 1, 'loss': 'squared_hinge', 'max_iter': 100, 'multi_class': 'ovr', 'penalty': 'l1', 'random_state': 42, 'tol': 0.0001, 'verbose': 0}",0.9205811023712158
Chinese_wine,9,20,10,2,LogisticRegression,SMOTE,1,{'k_neighbors': 1},0.8212222222222222,0.8167036589107232,"{'C': np.float64(1000.0), 'class_weight': 'balanced', 'dual': False, 'fit_intercept': True, 'intercept_scaling': 1, 'l1_ratio': None, 'max_iter': 100, 'multi_class': 'deprecated', 'n_jobs': None, 'penalty': 'l2', 'random_state': 42, 'solver': 'sag', 'tol': 0.0001, 'verbose': 0, 'warm_start': False}",1.7777974605560303
Chinese_wine,9,20,10,2,RNN,SMOTE,1,{'k_neighbors': 1},0.4111111111111111,0.2791665371665371,"{'hidden_size': 64, 'epochs': 10, 'batch_size': 64, 'lr': 0.001}",164.9338755607605
Chinese_wine,9,20,10,2,KNN,SMOTE,2,{'k_neighbors': 2},0.9495555555555556,0.9495285214809254,"{'algorithm': 'auto', 'leaf_size': 30, 'metric': 'minkowski', 'metric_params': None, 'n_jobs': None, 'n_neighbors': np.int64(5), 'p': 3, 'weights': 'distance'}",0.49225282669067383
Chinese_wine,9,20,10,2,RandomForest,SMOTE,2,{'k_neighbors': 2},0.9274444444444444,0.9270139065983484,"{'bootstrap': True, 'ccp_alpha': 0.0, 'class_weight': 'balanced', 'criterion': 'gini', 'max_depth': 30, 'max_features': 'sqrt', 'max_leaf_nodes': None, 'max_samples': None, 'min_impurity_decrease': 0.0, 'min_samples_leaf': 1, 'min_samples_split': 5, 'min_weight_fraction_leaf': 0.0, 'monotonic_cst': None, 'n_estimators': 100, 'n_jobs': None, 'oob_score': False, 'random_state': 42, 'verbose': 0, 'warm_start': False}",12.683791875839233
Chinese_wine,9,20,10,2,LinearSVC,SMOTE,2,{'k_neighbors': 2},0.6796666666666666,0.6484704849591396,"{'C': np.float64(33.59818286283781), 'class_weight': 'balanced', 'dual': False, 'fit_intercept': True, 'intercept_scaling': 1, 'loss': 'squared_hinge', 'max_iter': 100, 'multi_class': 'ovr', 'penalty': 'l1', 'random_state': 42, 'tol': 0.001, 'verbose': 0}",1.874525547027588
Chinese_wine,9,20,10,2,LogisticRegression,SMOTE,2,{'k_neighbors': 2},0.8208888888888889,0.8151139754010645,"{'C': np.float64(1000.0), 'class_weight': 'balanced', 'dual': False, 'fit_intercept': True, 'intercept_scaling': 1, 'l1_ratio': None, 'max_iter': 100, 'multi_class': 'deprecated', 'n_jobs': None, 'penalty': 'l2', 'random_state': 42, 'solver': 'sag', 'tol': 0.0001, 'verbose': 0, 'warm_start': False}",1.7831194400787354
Chinese_wine,9,20,10,2,RNN,SMOTE,2,{'k_neighbors': 2},0.4111111111111111,0.2833807369101487,"{'hidden_size': 64, 'epochs': 10, 'batch_size': 64, 'lr': 0.001}",172.14207816123962
Chinese_wine,9,20,10,2,KNN,SMOTE,3,{'k_neighbors': 3},0.9427777777777778,0.9429373761529015,"{'algorithm': 'auto', 'leaf_size': 30, 'metric': 'chebyshev', 'metric_params': None, 'n_jobs': None, 'n_neighbors': np.int64(11), 'p': 2, 'weights': 'distance'}",0.10512638092041016
Chinese_wine,9,20,10,2,RandomForest,SMOTE,3,{'k_neighbors': 3},0.9274444444444444,0.9272890674578355,"{'bootstrap': True, 'ccp_alpha': 0.0, 'class_weight': 'balanced', 'criterion': 'gini', 'max_depth': None, 'max_features': 'sqrt', 'max_leaf_nodes': None, 'max_samples': None, 'min_impurity_decrease': 0.0, 'min_samples_leaf': 1, 'min_samples_split': 2, 'min_weight_fraction_leaf': 0.0, 'monotonic_cst': None, 'n_estimators': 50, 'n_jobs': None, 'oob_score': False, 'random_state': 42, 'verbose': 0, 'warm_start': False}",6.015707969665527
Chinese_wine,9,20,10,2,LinearSVC,SMOTE,3,{'k_neighbors': 3},0.749,0.7305492581605261,"{'C': np.float64(1000.0), 'class_weight': 'balanced', 'dual': False, 'fit_intercept': True, 'intercept_scaling': 1, 'loss': 'squared_hinge', 'max_iter': 100, 'multi_class': 'ovr', 'penalty': 'l2', 'random_state': 42, 'tol': 0.001, 'verbose': 0}",0.5291726589202881
Chinese_wine,9,20,10,2,LogisticRegression,SMOTE,3,{'k_neighbors': 3},0.8277777777777777,0.823375172899648,"{'C': np.float64(1000.0), 'class_weight': 'balanced', 'dual': False, 'fit_intercept': True, 'intercept_scaling': 1, 'l1_ratio': None, 'max_iter': 100, 'multi_class': 'deprecated', 'n_jobs': None, 'penalty': 'l2', 'random_state': 42, 'solver': 'sag', 'tol': 0.0001, 'verbose': 0, 'warm_start': False}",1.7934629917144775
Chinese_wine,9,20,10,2,RNN,SMOTE,3,{'k_neighbors': 3},0.5333333333333333,0.4445014539942076,"{'hidden_size': 64, 'epochs': 10, 'batch_size': 64, 'lr': 0.001}",162.27808094024658
Chinese_wine,9,20,10,2,KNN,SMOTE,4,{'k_neighbors': 4},0.9513333333333334,0.9512994713667576,"{'algorithm': 'auto', 'leaf_size': 30, 'metric': 'minkowski', 'metric_params': None, 'n_jobs': None, 'n_neighbors': np.int64(5), 'p': 3, 'weights': 'distance'}",0.4406626224517822
Chinese_wine,9,20,10,2,RandomForest,SMOTE,4,{'k_neighbors': 4},0.9277777777777778,0.9271703463418999,"{'bootstrap': True, 'ccp_alpha': 0.0, 'class_weight': 'balanced', 'criterion': 'gini', 'max_depth': None, 'max_features': 'sqrt', 'max_leaf_nodes': None, 'max_samples': None, 'min_impurity_decrease': 0.0, 'min_samples_leaf': 1, 'min_samples_split': 2, 'min_weight_fraction_leaf': 0.0, 'monotonic_cst': None, 'n_estimators': 50, 'n_jobs': None, 'oob_score': False, 'random_state': 42, 'verbose': 0, 'warm_start': False}",8.235435724258423
Chinese_wine,9,20,10,2,LinearSVC,SMOTE,4,{'k_neighbors': 4},0.6748888888888889,0.6391934652806579,"{'C': np.float64(33.59818286283781), 'class_weight': 'balanced', 'dual': False, 'fit_intercept': True, 'intercept_scaling': 1, 'loss': 'squared_hinge', 'max_iter': 100, 'multi_class': 'ovr', 'penalty': 'l1', 'random_state': 42, 'tol': 0.0001, 'verbose': 0}",1.5005531311035156
Chinese_wine,9,20,10,2,LogisticRegression,SMOTE,4,{'k_neighbors': 4},0.8143333333333334,0.8082521356807153,"{'C': np.float64(1000.0), 'class_weight': 'balanced', 'dual': False, 'fit_intercept': True, 'intercept_scaling': 1, 'l1_ratio': None, 'max_iter': 100, 'multi_class': 'deprecated', 'n_jobs': None, 'penalty': 'l2', 'random_state': 42, 'solver': 'sag', 'tol': 0.0001, 'verbose': 0, 'warm_start': False}",1.7979378700256348
Chinese_wine,9,20,10,2,RNN,SMOTE,4,{'k_neighbors': 4},0.15555555555555556,0.10372027972027972,"{'hidden_size': 64, 'epochs': 10, 'batch_size': 64, 'lr': 0.001}",166.67632365226746
Chinese_wine,9,20,10,2,KNN,SMOTE,5,{'k_neighbors': 5},0.9437777777777778,0.9437727951636997,"{'algorithm': 'auto', 'leaf_size': 30, 'metric': 'minkowski', 'metric_params': None, 'n_jobs': None, 'n_neighbors': np.int64(13), 'p': 4, 'weights': 'distance'}",0.4132673740386963
Chinese_wine,9,20,10,2,RandomForest,SMOTE,5,{'k_neighbors': 5},0.9285555555555556,0.9282303121682994,"{'bootstrap': True, 'ccp_alpha': 0.0, 'class_weight': 'balanced', 'criterion': 'gini', 'max_depth': 20, 'max_features': 'sqrt', 'max_leaf_nodes': None, 'max_samples': None, 'min_impurity_decrease': 0.0, 'min_samples_leaf': 1, 'min_samples_split': 2, 'min_weight_fraction_leaf': 0.0, 'monotonic_cst': None, 'n_estimators': 50, 'n_jobs': None, 'oob_score': False, 'random_state': 42, 'verbose': 0, 'warm_start': False}",5.4112162590026855
Chinese_wine,9,20,10,2,LinearSVC,SMOTE,5,{'k_neighbors': 5},0.7483333333333333,0.7305579767972378,"{'C': np.float64(1000.0), 'class_weight': 'balanced', 'dual': False, 'fit_intercept': True, 'intercept_scaling': 1, 'loss': 'squared_hinge', 'max_iter': 100, 'multi_class': 'ovr', 'penalty': 'l2', 'random_state': 42, 'tol': 0.001, 'verbose': 0}",0.2518925666809082
Chinese_wine,9,20,10,2,LogisticRegression,SMOTE,5,{'k_neighbors': 5},0.8197777777777778,0.8148178218433407,"{'C': np.float64(1000.0), 'class_weight': 'balanced', 'dual': False, 'fit_intercept': True, 'intercept_scaling': 1, 'l1_ratio': None, 'max_iter': 100, 'multi_class': 'deprecated', 'n_jobs': None, 'penalty': 'l2', 'random_state': 42, 'solver': 'sag', 'tol': 0.0001, 'verbose': 0, 'warm_start': False}",1.6334211826324463
Chinese_wine,9,20,10,2,RNN,SMOTE,5,{'k_neighbors': 5},0.5,0.3624197792776661,"{'hidden_size': 64, 'epochs': 10, 'batch_size': 64, 'lr': 0.001}",153.01525950431824
Chinese_wine,9,20,10,3,KNN,SMOTE,1,{'k_neighbors': 1},0.9496666666666667,0.9497323741023023,"{'algorithm': 'auto', 'leaf_size': 30, 'metric': 'minkowski', 'metric_params': None, 'n_jobs': None, 'n_neighbors': np.int64(5), 'p': 3, 'weights': 'distance'}",0.4369809627532959
Chinese_wine,9,20,10,3,RandomForest,SMOTE,1,{'k_neighbors': 1},0.9247777777777778,0.9244273676202607,"{'bootstrap': True, 'ccp_alpha': 0.0, 'class_weight': None, 'criterion': 'gini', 'max_depth': 20, 'max_features': 'sqrt', 'max_leaf_nodes': None, 'max_samples': None, 'min_impurity_decrease': 0.0, 'min_samples_leaf': 1, 'min_samples_split': 2, 'min_weight_fraction_leaf': 0.0, 'monotonic_cst': None, 'n_estimators': 100, 'n_jobs': None, 'oob_score': False, 'random_state': 42, 'verbose': 0, 'warm_start': False}",19.755846977233887
Chinese_wine,9,20,10,3,LinearSVC,SMOTE,1,{'k_neighbors': 1},0.6803333333333333,0.6514845297834789,"{'C': np.float64(33.59818286283781), 'class_weight': None, 'dual': False, 'fit_intercept': True, 'intercept_scaling': 1, 'loss': 'squared_hinge', 'max_iter': 100, 'multi_class': 'ovr', 'penalty': 'l1', 'random_state': 42, 'tol': 0.001, 'verbose': 0}",2.308218240737915
Chinese_wine,9,20,10,3,LogisticRegression,SMOTE,1,{'k_neighbors': 1},0.8143333333333334,0.8091057861577649,"{'C': np.float64(1000.0), 'class_weight': 'balanced', 'dual': False, 'fit_intercept': True, 'intercept_scaling': 1, 'l1_ratio': None, 'max_iter': 100, 'multi_class': 'deprecated', 'n_jobs': None, 'penalty': 'l2', 'random_state': 42, 'solver': 'sag', 'tol': 0.0001, 'verbose': 0, 'warm_start': False}",3.2086334228515625
Chinese_wine,9,20,10,3,RNN,SMOTE,1,{'k_neighbors': 1},0.4666666666666667,0.33808891598365276,"{'hidden_size': 64, 'epochs': 10, 'batch_size': 64, 'lr': 0.001}",266.1113224029541
Chinese_wine,9,20,10,3,KNN,SMOTE,2,{'k_neighbors': 2},0.9488888888888889,0.9488840772112479,"{'algorithm': 'auto', 'leaf_size': 30, 'metric': 'minkowski', 'metric_params': None, 'n_jobs': None, 'n_neighbors': np.int64(5), 'p': 3, 'weights': 'distance'}",0.6960959434509277
Chinese_wine,9,20,10,3,RandomForest,SMOTE,2,{'k_neighbors': 2},0.9327777777777778,0.9326807170805785,"{'bootstrap': True, 'ccp_alpha': 0.0, 'class_weight': None, 'criterion': 'gini', 'max_depth': None, 'max_features': 'sqrt', 'max_leaf_nodes': None, 'max_samples': None, 'min_impurity_decrease': 0.0, 'min_samples_leaf': 1, 'min_samples_split': 5, 'min_weight_fraction_leaf': 0.0, 'monotonic_cst': None, 'n_estimators': 150, 'n_jobs': None, 'oob_score': False, 'random_state': 42, 'verbose': 0, 'warm_start': False}",38.41551065444946
Chinese_wine,9,20,10,3,LinearSVC,SMOTE,2,{'k_neighbors': 2},0.6797777777777778,0.6501918834569215,"{'C': np.float64(33.59818286283781), 'class_weight': None, 'dual': False, 'fit_intercept': True, 'intercept_scaling': 1, 'loss': 'squared_hinge', 'max_iter': 100, 'multi_class': 'ovr', 'penalty': 'l1', 'random_state': 42, 'tol': 0.001, 'verbose': 0}",2.3747799396514893
Chinese_wine,9,20,10,3,LogisticRegression,SMOTE,2,{'k_neighbors': 2},0.8204444444444444,0.8144642320107114,"{'C': np.float64(1000.0), 'class_weight': 'balanced', 'dual': False, 'fit_intercept': True, 'intercept_scaling': 1, 'l1_ratio': None, 'max_iter': 100, 'multi_class': 'deprecated', 'n_jobs': None, 'penalty': 'l2', 'random_state': 42, 'solver': 'sag', 'tol': 0.0001, 'verbose': 0, 'warm_start': False}",4.001366138458252
Chinese_wine,9,20,10,3,RNN,SMOTE,2,{'k_neighbors': 2},0.5,0.36525479669072347,"{'hidden_size': 64, 'epochs': 10, 'batch_size': 64, 'lr': 0.001}",255.9282546043396
Chinese_wine,9,20,10,3,KNN,SMOTE,3,{'k_neighbors': 3},0.9501111111111111,0.9501565051529038,"{'algorithm': 'auto', 'leaf_size': 30, 'metric': 'minkowski', 'metric_params': None, 'n_jobs': None, 'n_neighbors': np.int64(11), 'p': 4, 'weights': 'distance'}",1.0236449241638184
Chinese_wine,9,20,10,3,RandomForest,SMOTE,3,{'k_neighbors': 3},0.9244444444444444,0.923906844938671,"{'bootstrap': True, 'ccp_alpha': 0.0, 'class_weight': None, 'criterion': 'gini', 'max_depth': 20, 'max_features': 'sqrt', 'max_leaf_nodes': None, 'max_samples': None, 'min_impurity_decrease': 0.0, 'min_samples_leaf': 1, 'min_samples_split': 5, 'min_weight_fraction_leaf': 0.0, 'monotonic_cst': None, 'n_estimators': 150, 'n_jobs': None, 'oob_score': False, 'random_state': 42, 'verbose': 0, 'warm_start': False}",29.051489114761353
Chinese_wine,9,20,10,3,LinearSVC,SMOTE,3,{'k_neighbors': 3},0.7446666666666667,0.7260904200277034,"{'C': np.float64(1000.0), 'class_weight': 'balanced', 'dual': False, 'fit_intercept': True, 'intercept_scaling': 1, 'loss': 'squared_hinge', 'max_iter': 100, 'multi_class': 'ovr', 'penalty': 'l2', 'random_state': 42, 'tol': 0.001, 'verbose': 0}",0.8226795196533203
Chinese_wine,9,20,10,3,LogisticRegression,SMOTE,3,{'k_neighbors': 3},0.8271111111111111,0.8230940021036691,"{'C': np.float64(1000.0), 'class_weight': 'balanced', 'dual': False, 'fit_intercept': True, 'intercept_scaling': 1, 'l1_ratio': None, 'max_iter': 100, 'multi_class': 'deprecated', 'n_jobs': None, 'penalty': 'l2', 'random_state': 42, 'solver': 'sag', 'tol': 0.0001, 'verbose': 0, 'warm_start': False}",2.6906912326812744
Chinese_wine,9,20,10,3,RNN,SMOTE,3,{'k_neighbors': 3},0.5111111111111111,0.40779259437635396,"{'hidden_size': 64, 'epochs': 10, 'batch_size': 64, 'lr': 0.001}",247.8255443572998
Chinese_wine,9,20,10,3,KNN,SMOTE,4,{'k_neighbors': 4},0.951,0.9509944913698777,"{'algorithm': 'auto', 'leaf_size': 30, 'metric': 'manhattan', 'metric_params': None, 'n_jobs': None, 'n_neighbors': np.int64(5), 'p': 2, 'weights': 'distance'}",0.2129371166229248
Chinese_wine,9,20,10,3,RandomForest,SMOTE,4,{'k_neighbors': 4},0.9312222222222222,0.9311141418535137,"{'bootstrap': True, 'ccp_alpha': 0.0, 'class_weight': None, 'criterion': 'gini', 'max_depth': 20, 'max_features': 'sqrt', 'max_leaf_nodes': None, 'max_samples': None, 'min_impurity_decrease': 0.0, 'min_samples_leaf': 1, 'min_samples_split': 2, 'min_weight_fraction_leaf': 0.0, 'monotonic_cst': None, 'n_estimators': 100, 'n_jobs': None, 'oob_score': False, 'random_state': 42, 'verbose': 0, 'warm_start': False}",18.500775575637817
Chinese_wine,9,20,10,3,LinearSVC,SMOTE,4,{'k_neighbors': 4},0.6755555555555556,0.6421253872087993,"{'C': np.float64(33.59818286283781), 'class_weight': None, 'dual': False, 'fit_intercept': True, 'intercept_scaling': 1, 'loss': 'squared_hinge', 'max_iter': 100, 'multi_class': 'ovr', 'penalty': 'l1', 'random_state': 42, 'tol': 0.001, 'verbose': 0}",1.505892038345337
Chinese_wine,9,20,10,3,LogisticRegression,SMOTE,4,{'k_neighbors': 4},0.8163333333333334,0.809818809179103,"{'C': np.float64(33.59818286283781), 'class_weight': 'balanced', 'dual': False, 'fit_intercept': True, 'intercept_scaling': 1, 'l1_ratio': None, 'max_iter': 100, 'multi_class': 'deprecated', 'n_jobs': None, 'penalty': 'l2', 'random_state': 42, 'solver': 'saga', 'tol': 0.0001, 'verbose': 0, 'warm_start': False}",3.0134243965148926
Chinese_wine,9,20,10,3,RNN,SMOTE,4,{'k_neighbors': 4},0.5222222222222223,0.4419850198111067,"{'hidden_size': 64, 'epochs': 10, 'batch_size': 64, 'lr': 0.001}",264.3115210533142
Chinese_wine,9,20,10,3,KNN,SMOTE,5,{'k_neighbors': 5},0.9528888888888889,0.9528226360095573,"{'algorithm': 'auto', 'leaf_size': 30, 'metric': 'minkowski', 'metric_params': None, 'n_jobs': None, 'n_neighbors': np.int64(5), 'p': 3, 'weights': 'distance'}",0.9659566879272461
Chinese_wine,9,20,10,3,RandomForest,SMOTE,5,{'k_neighbors': 5},0.9306666666666666,0.9301483883777696,"{'bootstrap': True, 'ccp_alpha': 0.0, 'class_weight': None, 'criterion': 'gini', 'max_depth': None, 'max_features': 'sqrt', 'max_leaf_nodes': None, 'max_samples': None, 'min_impurity_decrease': 0.0, 'min_samples_leaf': 1, 'min_samples_split': 5, 'min_weight_fraction_leaf': 0.0, 'monotonic_cst': None, 'n_estimators': 150, 'n_jobs': None, 'oob_score': False, 'random_state': 42, 'verbose': 0, 'warm_start': False}",57.32852029800415
Chinese_wine,9,20,10,3,LinearSVC,SMOTE,5,{'k_neighbors': 5},0.6745555555555556,0.6444807989949447,"{'C': np.float64(33.59818286283781), 'class_weight': 'balanced', 'dual': False, 'fit_intercept': True, 'intercept_scaling': 1, 'loss': 'squared_hinge', 'max_iter': 100, 'multi_class': 'ovr', 'penalty': 'l1', 'random_state': 42, 'tol': 0.0001, 'verbose': 0}",3.003934621810913
Chinese_wine,9,20,10,3,LogisticRegression,SMOTE,5,{'k_neighbors': 5},0.8192222222222222,0.8142119951818657,"{'C': np.float64(1000.0), 'class_weight': 'balanced', 'dual': False, 'fit_intercept': True, 'intercept_scaling': 1, 'l1_ratio': None, 'max_iter': 100, 'multi_class': 'deprecated', 'n_jobs': None, 'penalty': 'l2', 'random_state': 42, 'solver': 'sag', 'tol': 0.0001, 'verbose': 0, 'warm_start': False}",4.127262353897095
Chinese_wine,9,20,10,3,RNN,SMOTE,5,{'k_neighbors': 5},0.5222222222222223,0.42076642274582776,"{'hidden_size': 64, 'epochs': 10, 'batch_size': 64, 'lr': 0.001}",248.89830207824707
Chinese_wine,9,20,10,5,KNN,SMOTE,1,{'k_neighbors': 1},0.9501111111111111,0.9501182278257315,"{'algorithm': 'auto', 'leaf_size': 30, 'metric': 'minkowski', 'metric_params': None, 'n_jobs': None, 'n_neighbors': np.int64(5), 'p': 3, 'weights': 'distance'}",0.4785027503967285
Chinese_wine,9,20,10,5,RandomForest,SMOTE,1,{'k_neighbors': 1},0.9254444444444444,0.924848478951273,"{'bootstrap': True, 'ccp_alpha': 0.0, 'class_weight': 'balanced', 'criterion': 'gini', 'max_depth': None, 'max_features': 'sqrt', 'max_leaf_nodes': None, 'max_samples': None, 'min_impurity_decrease': 0.0, 'min_samples_leaf': 1, 'min_samples_split': 2, 'min_weight_fraction_leaf': 0.0, 'monotonic_cst': None, 'n_estimators': 50, 'n_jobs': None, 'oob_score': False, 'random_state': 42, 'verbose': 0, 'warm_start': False}",14.677143812179565
Chinese_wine,9,20,10,5,LinearSVC,SMOTE,1,{'k_neighbors': 1},0.6797777777777778,0.6457230922570943,"{'C': np.float64(33.59818286283781), 'class_weight': 'balanced', 'dual': False, 'fit_intercept': True, 'intercept_scaling': 1, 'loss': 'squared_hinge', 'max_iter': 100, 'multi_class': 'ovr', 'penalty': 'l1', 'random_state': 42, 'tol': 0.001, 'verbose': 0}",2.3656005859375
Chinese_wine,9,20,10,5,LogisticRegression,SMOTE,1,{'k_neighbors': 1},0.7161111111111111,0.6990202137856547,"{'C': np.float64(183.29807108324337), 'class_weight': None, 'dual': False, 'fit_intercept': False, 'intercept_scaling': 1, 'l1_ratio': None, 'max_iter': 100, 'multi_class': 'deprecated', 'n_jobs': None, 'penalty': 'l2', 'random_state': 42, 'solver': 'sag', 'tol': 0.0001, 'verbose': 0, 'warm_start': False}",1.1670408248901367
Chinese_wine,9,20,10,5,RNN,SMOTE,1,{'k_neighbors': 1},0.3888888888888889,0.2946421746421747,"{'hidden_size': 64, 'epochs': 10, 'batch_size': 64, 'lr': 0.001}",431.65693736076355
Chinese_wine,9,20,10,5,KNN,SMOTE,2,{'k_neighbors': 2},0.9443333333333334,0.9443950756124223,"{'algorithm': 'auto', 'leaf_size': 30, 'metric': 'minkowski', 'metric_params': None, 'n_jobs': None, 'n_neighbors': np.int64(11), 'p': 4, 'weights': 'distance'}",0.6031863689422607
Chinese_wine,9,20,10,5,RandomForest,SMOTE,2,{'k_neighbors': 2},0.9326666666666666,0.9324850845715381,"{'bootstrap': True, 'ccp_alpha': 0.0, 'class_weight': 'balanced', 'criterion': 'gini', 'max_depth': 30, 'max_features': 'sqrt', 'max_leaf_nodes': None, 'max_samples': None, 'min_impurity_decrease': 0.0, 'min_samples_leaf': 1, 'min_samples_split': 2, 'min_weight_fraction_leaf': 0.0, 'monotonic_cst': None, 'n_estimators': 150, 'n_jobs': None, 'oob_score': False, 'random_state': 42, 'verbose': 0, 'warm_start': False}",70.48273158073425
Chinese_wine,9,20,10,5,LinearSVC,SMOTE,2,{'k_neighbors': 2},0.7422222222222222,0.7209521397512627,"{'C': np.float64(0.2069138081114788), 'class_weight': 'balanced', 'dual': False, 'fit_intercept': True, 'intercept_scaling': 1, 'loss': 'squared_hinge', 'max_iter': 100, 'multi_class': 'ovr', 'penalty': 'l2', 'random_state': 42, 'tol': 0.001, 'verbose': 0}",1.382885456085205
Chinese_wine,9,20,10,5,LogisticRegression,SMOTE,2,{'k_neighbors': 2},0.7201111111111111,0.7034433316941894,"{'C': np.float64(183.29807108324337), 'class_weight': None, 'dual': False, 'fit_intercept': False, 'intercept_scaling': 1, 'l1_ratio': None, 'max_iter': 100, 'multi_class': 'deprecated', 'n_jobs': None, 'penalty': 'l2', 'random_state': 42, 'solver': 'sag', 'tol': 0.0001, 'verbose': 0, 'warm_start': False}",0.9065053462982178
Chinese_wine,9,20,10,5,RNN,SMOTE,2,{'k_neighbors': 2},0.5222222222222223,0.44138671245122857,"{'hidden_size': 64, 'epochs': 10, 'batch_size': 64, 'lr': 0.001}",365.3972737789154
Chinese_wine,9,20,10,5,KNN,SMOTE,3,{'k_neighbors': 3},0.9541111111111111,0.9541200266455044,"{'algorithm': 'auto', 'leaf_size': 30, 'metric': 'minkowski', 'metric_params': None, 'n_jobs': None, 'n_neighbors': np.int64(5), 'p': 3, 'weights': 'distance'}",0.5297105312347412
Chinese_wine,9,20,10,5,RandomForest,SMOTE,3,{'k_neighbors': 3},0.9301111111111111,0.9296736597187446,"{'bootstrap': True, 'ccp_alpha': 0.0, 'class_weight': 'balanced', 'criterion': 'gini', 'max_depth': None, 'max_features': 'sqrt', 'max_leaf_nodes': None, 'max_samples': None, 'min_impurity_decrease': 0.0, 'min_samples_leaf': 1, 'min_samples_split': 5, 'min_weight_fraction_leaf': 0.0, 'monotonic_cst': None, 'n_estimators': 50, 'n_jobs': None, 'oob_score': False, 'random_state': 42, 'verbose': 0, 'warm_start': False}",27.37020993232727
Chinese_wine,9,20,10,5,LinearSVC,SMOTE,3,{'k_neighbors': 3},0.747,0.729565955852432,"{'C': np.float64(0.4832930238571752), 'class_weight': 'balanced', 'dual': False, 'fit_intercept': True, 'intercept_scaling': 1, 'loss': 'squared_hinge', 'max_iter': 100, 'multi_class': 'ovr', 'penalty': 'l2', 'random_state': 42, 'tol': 0.0001, 'verbose': 0}",1.3944323062896729
Chinese_wine,9,20,10,5,LogisticRegression,SMOTE,3,{'k_neighbors': 3},0.8161111111111111,0.8107621780164629,"{'C': np.float64(2.6366508987303554), 'class_weight': 'balanced', 'dual': False, 'fit_intercept': True, 'intercept_scaling': 1, 'l1_ratio': None, 'max_iter': 100, 'multi_class': 'deprecated', 'n_jobs': None, 'penalty': 'l1', 'random_state': 42, 'solver': 'saga', 'tol': 0.0001, 'verbose': 0, 'warm_start': False}",12.362991571426392
Chinese_wine,9,20,10,5,RNN,SMOTE,3,{'k_neighbors': 3},0.4777777777777778,0.37417832167832166,"{'hidden_size': 64, 'epochs': 10, 'batch_size': 64, 'lr': 0.001}",239.35629320144653
Chinese_wine,9,20,10,5,KNN,SMOTE,4,{'k_neighbors': 4},0.9561111111111111,0.9561074885096579,"{'algorithm': 'auto', 'leaf_size': 30, 'metric': 'minkowski', 'metric_params': None, 'n_jobs': None, 'n_neighbors': np.int64(5), 'p': 3, 'weights': 'distance'}",0.40648865699768066
Chinese_wine,9,20,10,5,RandomForest,SMOTE,4,{'k_neighbors': 4},0.9283333333333333,0.9280625729285518,"{'bootstrap': True, 'ccp_alpha': 0.0, 'class_weight': None, 'criterion': 'gini', 'max_depth': 30, 'max_features': 'sqrt', 'max_leaf_nodes': None, 'max_samples': None, 'min_impurity_decrease': 0.0, 'min_samples_leaf': 1, 'min_samples_split': 5, 'min_weight_fraction_leaf': 0.0, 'monotonic_cst': None, 'n_estimators': 50, 'n_jobs': None, 'oob_score': False, 'random_state': 42, 'verbose': 0, 'warm_start': False}",18.977341890335083
Chinese_wine,9,20,10,5,LinearSVC,SMOTE,4,{'k_neighbors': 4},0.7424444444444445,0.7228709586920735,"{'C': np.float64(0.2069138081114788), 'class_weight': 'balanced', 'dual': False, 'fit_intercept': True, 'intercept_scaling': 1, 'loss': 'squared_hinge', 'max_iter': 100, 'multi_class': 'ovr', 'penalty': 'l2', 'random_state': 42, 'tol': 0.001, 'verbose': 0}",1.4010281562805176
Chinese_wine,9,20,10,5,LogisticRegression,SMOTE,4,{'k_neighbors': 4},0.7156666666666667,0.699315219494005,"{'C': np.float64(14.38449888287663), 'class_weight': 'balanced', 'dual': False, 'fit_intercept': False, 'intercept_scaling': 1, 'l1_ratio': None, 'max_iter': 100, 'multi_class': 'deprecated', 'n_jobs': None, 'penalty': 'l2', 'random_state': 42, 'solver': 'sag', 'tol': 0.0001, 'verbose': 0, 'warm_start': False}",2.273742437362671
Chinese_wine,9,20,10,5,RNN,SMOTE,4,{'k_neighbors': 4},0.5333333333333333,0.4291697994987469,"{'hidden_size': 64, 'epochs': 10, 'batch_size': 64, 'lr': 0.001}",266.89361906051636
Chinese_wine,9,20,10,5,KNN,SMOTE,5,{'k_neighbors': 5},0.9546666666666667,0.9546475480353939,"{'algorithm': 'auto', 'leaf_size': 30, 'metric': 'minkowski', 'metric_params': None, 'n_jobs': None, 'n_neighbors': np.int64(5), 'p': 3, 'weights': 'distance'}",0.5750381946563721
Chinese_wine,9,20,10,5,RandomForest,SMOTE,5,{'k_neighbors': 5},0.9306666666666666,0.9300275430165117,"{'bootstrap': True, 'ccp_alpha': 0.0, 'class_weight': 'balanced', 'criterion': 'gini', 'max_depth': 30, 'max_features': 'sqrt', 'max_leaf_nodes': None, 'max_samples': None, 'min_impurity_decrease': 0.0, 'min_samples_leaf': 4, 'min_samples_split': 20, 'min_weight_fraction_leaf': 0.0, 'monotonic_cst': None, 'n_estimators': 100, 'n_jobs': None, 'oob_score': False, 'random_state': 42, 'verbose': 0, 'warm_start': False}",28.092166423797607
Chinese_wine,9,20,10,5,LinearSVC,SMOTE,5,{'k_neighbors': 5},0.578,0.47960663587176167,"{'C': np.float64(1.1288378916846884), 'class_weight': None, 'dual': False, 'fit_intercept': False, 'intercept_scaling': 1, 'loss': 'squared_hinge', 'max_iter': 100, 'multi_class': 'ovr', 'penalty': 'l2', 'random_state': 42, 'tol': 0.0001, 'verbose': 0}",0.4799654483795166
Chinese_wine,9,20,10,5,LogisticRegression,SMOTE,5,{'k_neighbors': 5},0.8195555555555556,0.8147978907640191,"{'C': np.float64(33.59818286283781), 'class_weight': 'balanced', 'dual': False, 'fit_intercept': True, 'intercept_scaling': 1, 'l1_ratio': None, 'max_iter': 100, 'multi_class': 'deprecated', 'n_jobs': None, 'penalty': 'l1', 'random_state': 42, 'solver': 'saga', 'tol': 0.0001, 'verbose': 0, 'warm_start': False}",8.011995792388916
Chinese_wine,9,20,10,5,RNN,SMOTE,5,{'k_neighbors': 5},0.6111111111111112,0.5366891523479544,"{'hidden_size': 64, 'epochs': 10, 'batch_size': 64, 'lr': 0.001}",184.368501663208
Chinese_wine,9,20,10,10,KNN,SMOTE,1,{'k_neighbors': 1},0.9425555555555556,0.9426800359605754,"{'algorithm': 'auto', 'leaf_size': 30, 'metric': 'chebyshev', 'metric_params': None, 'n_jobs': None, 'n_neighbors': np.int64(11), 'p': 2, 'weights': 'distance'}",0.19238948822021484
Chinese_wine,9,20,10,10,RandomForest,SMOTE,1,{'k_neighbors': 1},0.93,0.9297747869054813,"{'bootstrap': True, 'ccp_alpha': 0.0, 'class_weight': 'balanced', 'criterion': 'gini', 'max_depth': None, 'max_features': 'sqrt', 'max_leaf_nodes': None, 'max_samples': None, 'min_impurity_decrease': 0.0, 'min_samples_leaf': 1, 'min_samples_split': 5, 'min_weight_fraction_leaf': 0.0, 'monotonic_cst': None, 'n_estimators': 50, 'n_jobs': None, 'oob_score': False, 'random_state': 42, 'verbose': 0, 'warm_start': False}",14.962035894393921
Chinese_wine,9,20,10,10,LinearSVC,SMOTE,1,{'k_neighbors': 1},0.6876666666666666,0.6594097792915874,"{'C': np.float64(2.6366508987303554), 'class_weight': 'balanced', 'dual': False, 'fit_intercept': True, 'intercept_scaling': 1, 'loss': 'squared_hinge', 'max_iter': 100, 'multi_class': 'ovr', 'penalty': 'l1', 'random_state': 42, 'tol': 0.0001, 'verbose': 0}",3.8244516849517822
Chinese_wine,9,20,10,10,LogisticRegression,SMOTE,1,{'k_neighbors': 1},0.8223333333333334,0.8180093552608521,"{'C': np.float64(33.59818286283781), 'class_weight': 'balanced', 'dual': False, 'fit_intercept': True, 'intercept_scaling': 1, 'l1_ratio': None, 'max_iter': 100, 'multi_class': 'deprecated', 'n_jobs': None, 'penalty': 'l1', 'random_state': 42, 'solver': 'saga', 'tol': 0.0001, 'verbose': 0, 'warm_start': False}",8.112527132034302
Chinese_wine,9,20,10,10,RNN,SMOTE,1,{'k_neighbors': 1},0.7111111111111111,0.6784311119450438,"{'hidden_size': 64, 'epochs': 10, 'batch_size': 64, 'lr': 0.001}",561.0870723724365
Chinese_wine,9,20,10,10,KNN,SMOTE,2,{'k_neighbors': 2},0.9415555555555556,0.9416785252662222,"{'algorithm': 'auto', 'leaf_size': 30, 'metric': 'chebyshev', 'metric_params': None, 'n_jobs': None, 'n_neighbors': np.int64(11), 'p': 2, 'weights': 'distance'}",0.17227792739868164
Chinese_wine,9,20,10,10,RandomForest,SMOTE,2,{'k_neighbors': 2},0.7951111111111111,0.7955532577963533,"{'bootstrap': True, 'ccp_alpha': 0.0, 'class_weight': 'balanced', 'criterion': 'gini', 'max_depth': 10, 'max_features': 'sqrt', 'max_leaf_nodes': None, 'max_samples': None, 'min_impurity_decrease': 0.0, 'min_samples_leaf': 1, 'min_samples_split': 5, 'min_weight_fraction_leaf': 0.0, 'monotonic_cst': None, 'n_estimators': 50, 'n_jobs': None, 'oob_score': False, 'random_state': 42, 'verbose': 0, 'warm_start': False}",9.386906862258911
Chinese_wine,9,20,10,10,LinearSVC,SMOTE,2,{'k_neighbors': 2},0.7428888888888889,0.7240023674391969,"{'C': np.float64(0.2069138081114788), 'class_weight': 'balanced', 'dual': False, 'fit_intercept': True, 'intercept_scaling': 1, 'loss': 'squared_hinge', 'max_iter': 100, 'multi_class': 'ovr', 'penalty': 'l2', 'random_state': 42, 'tol': 0.001, 'verbose': 0}",1.0070667266845703
Chinese_wine,9,20,10,10,LogisticRegression,SMOTE,2,{'k_neighbors': 2},0.8164444444444444,0.8110903297618298,"{'C': np.float64(33.59818286283781), 'class_weight': 'balanced', 'dual': False, 'fit_intercept': True, 'intercept_scaling': 1, 'l1_ratio': None, 'max_iter': 100, 'multi_class': 'deprecated', 'n_jobs': None, 'penalty': 'l1', 'random_state': 42, 'solver': 'saga', 'tol': 0.0001, 'verbose': 0, 'warm_start': False}",6.933119535446167
Chinese_wine,9,20,10,10,RNN,SMOTE,2,{'k_neighbors': 2},0.6666666666666666,0.6291667799834768,"{'hidden_size': 64, 'epochs': 10, 'batch_size': 64, 'lr': 0.001}",829.0973498821259
Chinese_wine,9,20,10,10,KNN,SMOTE,3,{'k_neighbors': 3},0.9498888888888889,0.9499320763679864,"{'algorithm': 'auto', 'leaf_size': 30, 'metric': 'manhattan', 'metric_params': None, 'n_jobs': None, 'n_neighbors': np.int64(5), 'p': 2, 'weights': 'distance'}",0.30179691314697266
Chinese_wine,9,20,10,10,RandomForest,SMOTE,3,{'k_neighbors': 3},0.9296666666666666,0.9294942072037625,"{'bootstrap': True, 'ccp_alpha': 0.0, 'class_weight': 'balanced', 'criterion': 'gini', 'max_depth': 30, 'max_features': 'sqrt', 'max_leaf_nodes': None, 'max_samples': None, 'min_impurity_decrease': 0.0, 'min_samples_leaf': 1, 'min_samples_split': 2, 'min_weight_fraction_leaf': 0.0, 'monotonic_cst': None, 'n_estimators': 150, 'n_jobs': None, 'oob_score': False, 'random_state': 42, 'verbose': 0, 'warm_start': False}",43.94769215583801
Chinese_wine,9,20,10,10,LinearSVC,SMOTE,3,{'k_neighbors': 3},0.6811111111111111,0.6512869645702417,"{'C': np.float64(183.29807108324337), 'class_weight': 'balanced', 'dual': False, 'fit_intercept': True, 'intercept_scaling': 1, 'loss': 'squared_hinge', 'max_iter': 100, 'multi_class': 'ovr', 'penalty': 'l1', 'random_state': 42, 'tol': 0.0001, 'verbose': 0}",3.7693192958831787
Chinese_wine,9,20,10,10,LogisticRegression,SMOTE,3,{'k_neighbors': 3},0.8231111111111111,0.8178435017375668,"{'C': np.float64(1000.0), 'class_weight': 'balanced', 'dual': False, 'fit_intercept': True, 'intercept_scaling': 1, 'l1_ratio': None, 'max_iter': 100, 'multi_class': 'deprecated', 'n_jobs': None, 'penalty': 'l2', 'random_state': 42, 'solver': 'sag', 'tol': 0.0001, 'verbose': 0, 'warm_start': False}",4.445306301116943
Chinese_wine,9,20,10,10,RNN,SMOTE,3,{'k_neighbors': 3},0.6777777777777778,0.6633869893436457,"{'hidden_size': 64, 'epochs': 10, 'batch_size': 64, 'lr': 0.001}",8.49320101737976
Chinese_wine,9,20,10,10,KNN,SMOTE,4,{'k_neighbors': 4},0.9495555555555556,0.94961474474101,"{'algorithm': 'auto', 'leaf_size': 30, 'metric': 'chebyshev', 'metric_params': None, 'n_jobs': None, 'n_neighbors': np.int64(11), 'p': 2, 'weights': 'distance'}",0.16654038429260254
Chinese_wine,9,20,10,10,RandomForest,SMOTE,4,{'k_neighbors': 4},0.9317777777777778,0.9315304095465472,"{'bootstrap': True, 'ccp_alpha': 0.0, 'class_weight': 'balanced', 'criterion': 'gini', 'max_depth': None, 'max_features': 'sqrt', 'max_leaf_nodes': None, 'max_samples': None, 'min_impurity_decrease': 0.0, 'min_samples_leaf': 2, 'min_samples_split': 2, 'min_weight_fraction_leaf': 0.0, 'monotonic_cst': None, 'n_estimators': 150, 'n_jobs': None, 'oob_score': False, 'random_state': 42, 'verbose': 0, 'warm_start': False}",80.25511121749878
Chinese_wine,9,20,10,10,LinearSVC,SMOTE,4,{'k_neighbors': 4},0.6806666666666666,0.6498948072833743,"{'C': np.float64(183.29807108324337), 'class_weight': None, 'dual': False, 'fit_intercept': True, 'intercept_scaling': 1, 'loss': 'squared_hinge', 'max_iter': 100, 'multi_class': 'ovr', 'penalty': 'l1', 'random_state': 42, 'tol': 0.001, 'verbose': 0}",6.5548272132873535
Chinese_wine,9,20,10,10,LogisticRegression,SMOTE,4,{'k_neighbors': 4},0.8177777777777778,0.812835124066301,"{'C': np.float64(183.29807108324337), 'class_weight': 'balanced', 'dual': False, 'fit_intercept': True, 'intercept_scaling': 1, 'l1_ratio': None, 'max_iter': 100, 'multi_class': 'deprecated', 'n_jobs': None, 'penalty': 'l1', 'random_state': 42, 'solver': 'saga', 'tol': 0.0001, 'verbose': 0, 'warm_start': False}",10.838942050933838
Chinese_wine,9,20,10,10,RNN,SMOTE,4,{'k_neighbors': 4},0.7555555555555555,0.6933501375956619,"{'hidden_size': 64, 'epochs': 10, 'batch_size': 64, 'lr': 0.001}",780.026041507721
Chinese_wine,9,20,10,10,KNN,SMOTE,5,{'k_neighbors': 5},0.9613333333333334,0.9612864603153842,"{'algorithm': 'auto', 'leaf_size': 30, 'metric': 'minkowski', 'metric_params': None, 'n_jobs': None, 'n_neighbors': np.int64(5), 'p': 3, 'weights': 'distance'}",0.5588319301605225
Chinese_wine,9,20,10,10,RandomForest,SMOTE,5,{'k_neighbors': 5},0.9296666666666666,0.9292290670382819,"{'bootstrap': True, 'ccp_alpha': 0.0, 'class_weight': 'balanced', 'criterion': 'gini', 'max_depth': None, 'max_features': 'sqrt', 'max_leaf_nodes': None, 'max_samples': None, 'min_impurity_decrease': 0.0, 'min_samples_leaf': 1, 'min_samples_split': 2, 'min_weight_fraction_leaf': 0.0, 'monotonic_cst': None, 'n_estimators': 50, 'n_jobs': None, 'oob_score': False, 'random_state': 42, 'verbose': 0, 'warm_start': False}",26.402016639709473
Chinese_wine,9,20,10,10,LinearSVC,SMOTE,5,{'k_neighbors': 5},0.746,0.7282099955292427,"{'C': np.float64(6.1584821106602545), 'class_weight': None, 'dual': False, 'fit_intercept': True, 'intercept_scaling': 1, 'loss': 'squared_hinge', 'max_iter': 100, 'multi_class': 'ovr', 'penalty': 'l2', 'random_state': 42, 'tol': 0.0001, 'verbose': 0}",1.2926280498504639
Chinese_wine,9,20,10,10,LogisticRegression,SMOTE,5,{'k_neighbors': 5},0.8242222222222222,0.8198146422440059,"{'C': np.float64(1000.0), 'class_weight': 'balanced', 'dual': False, 'fit_intercept': True, 'intercept_scaling': 1, 'l1_ratio': None, 'max_iter': 100, 'multi_class': 'deprecated', 'n_jobs': None, 'penalty': 'l2', 'random_state': 42, 'solver': 'sag', 'tol': 0.0001, 'verbose': 0, 'warm_start': False}",5.098658323287964
Chinese_wine,9,20,10,10,RNN,SMOTE,5,{'k_neighbors': 5},0.7111111111111111,0.6568181818181819,"{'hidden_size': 64, 'epochs': 10, 'batch_size': 64, 'lr': 0.001}",783.511602640152
