Dataset,Fold,SeedsPerLabel,SeedFoldSelection,ScaleFactor,Model,Method,GenParamSetIndex,GenParams,Accuracy,F1_Score,Hyperparameters,ExecutionTime_Sec
Coffee,6,20,1,1,KNN,Baseline,N/A,N/A,0.94,0.9431626586209958,"{'algorithm': 'auto', 'leaf_size': 30, 'metric': 'minkowski', 'metric_params': None, 'n_jobs': None, 'n_neighbors': 5, 'p': 2, 'weights': 'uniform'}",0.04307365417480469
Coffee,6,20,1,1,KNN,Tuned_Baseline,N/A,N/A,0.9216666666666666,0.9266747674170616,"{'algorithm': 'auto', 'leaf_size': 30, 'metric': 'minkowski', 'metric_params': None, 'n_jobs': None, 'n_neighbors': np.int64(5), 'p': 3, 'weights': 'distance'}",0.0327143669128418
Coffee,6,20,1,1,RandomForest,Baseline,N/A,N/A,1.0,1.0,"{'bootstrap': True, 'ccp_alpha': 0.0, 'class_weight': None, 'criterion': 'gini', 'max_depth': None, 'max_features': 'sqrt', 'max_leaf_nodes': None, 'max_samples': None, 'min_impurity_decrease': 0.0, 'min_samples_leaf': 1, 'min_samples_split': 2, 'min_weight_fraction_leaf': 0.0, 'monotonic_cst': None, 'n_estimators': 100, 'n_jobs': None, 'oob_score': False, 'random_state': 42, 'verbose': 0, 'warm_start': False}",0.7989752292633057
Coffee,6,20,1,1,RandomForest,Tuned_Baseline,N/A,N/A,1.0,1.0,"{'bootstrap': True, 'ccp_alpha': 0.0, 'class_weight': None, 'criterion': 'gini', 'max_depth': 20, 'max_features': 'sqrt', 'max_leaf_nodes': None, 'max_samples': None, 'min_impurity_decrease': 0.0, 'min_samples_leaf': 1, 'min_samples_split': 2, 'min_weight_fraction_leaf': 0.0, 'monotonic_cst': None, 'n_estimators': 100, 'n_jobs': None, 'oob_score': False, 'random_state': 42, 'verbose': 0, 'warm_start': False}",0.00793313980102539
Coffee,6,20,1,1,LinearSVC,Baseline,N/A,N/A,0.775,0.7472543285521979,"{'C': 1.0, 'class_weight': None, 'dual': False, 'fit_intercept': True, 'intercept_scaling': 1, 'loss': 'squared_hinge', 'max_iter': 100, 'multi_class': 'ovr', 'penalty': 'l2', 'random_state': 42, 'tol': 0.0001, 'verbose': 0}",0.02484607696533203
Coffee,6,20,1,1,LinearSVC,Tuned_Baseline,N/A,N/A,0.7633333333333333,0.7768592274041133,"{'C': np.float64(33.59818286283781), 'class_weight': 'balanced', 'dual': False, 'fit_intercept': True, 'intercept_scaling': 1, 'loss': 'squared_hinge', 'max_iter': 100, 'multi_class': 'ovr', 'penalty': 'l1', 'random_state': 42, 'tol': 0.0001, 'verbose': 0}",0.000293731689453125
Coffee,6,20,1,1,LogisticRegression,Baseline,N/A,N/A,0.9416666666666667,0.9414356459064781,"{'C': 1.0, 'class_weight': None, 'dual': False, 'fit_intercept': True, 'intercept_scaling': 1, 'l1_ratio': None, 'max_iter': 100, 'multi_class': 'deprecated', 'n_jobs': None, 'penalty': 'l2', 'random_state': 42, 'solver': 'lbfgs', 'tol': 0.0001, 'verbose': 0, 'warm_start': False}",0.29683923721313477
Coffee,6,20,1,1,LogisticRegression,Tuned_Baseline,N/A,N/A,0.8983333333333333,0.9001149047857532,"{'C': np.float64(33.59818286283781), 'class_weight': 'balanced', 'dual': False, 'fit_intercept': True, 'intercept_scaling': 1, 'l1_ratio': None, 'max_iter': 100, 'multi_class': 'deprecated', 'n_jobs': None, 'penalty': 'l1', 'random_state': 42, 'solver': 'saga', 'tol': 0.0001, 'verbose': 0, 'warm_start': False}",0.00033545494079589844
Coffee,6,20,1,1,RNN,Baseline,N/A,N/A,0.5,0.46428571428571425,"{'hidden_size': 64, 'epochs': 10, 'batch_size': 32, 'lr': 0.001}",5.3033287525177
Coffee,6,20,1,1,RNN,Tuned_Baseline,N/A,N/A,0.5,0.46428571428571425,"{'hidden_size': 64, 'epochs': 10, 'batch_size': 64, 'lr': 0.001}",0.02028369903564453
Coffee,6,20,1,2,KNN,ADASYN,2,{'n_neighbors': 2},0.9066666666666666,0.9089751399261966,"{'algorithm': 'auto', 'leaf_size': 30, 'metric': 'euclidean', 'metric_params': None, 'n_jobs': None, 'n_neighbors': np.int64(9), 'p': 2, 'weights': 'distance'}",0.020119905471801758
Coffee,6,20,1,2,RandomForest,ADASYN,2,{'n_neighbors': 2},0.9866666666666667,0.9868557368557369,"{'bootstrap': True, 'ccp_alpha': 0.0, 'class_weight': 'balanced', 'criterion': 'gini', 'max_depth': None, 'max_features': 'sqrt', 'max_leaf_nodes': None, 'max_samples': None, 'min_impurity_decrease': 0.0, 'min_samples_leaf': 1, 'min_samples_split': 2, 'min_weight_fraction_leaf': 0.0, 'monotonic_cst': None, 'n_estimators': 50, 'n_jobs': None, 'oob_score': False, 'random_state': 42, 'verbose': 0, 'warm_start': False}",0.8668930530548096
Coffee,6,20,1,2,LinearSVC,ADASYN,2,{'n_neighbors': 2},0.6416666666666667,0.6423842948408662,"{'C': np.float64(0.4832930238571752), 'class_weight': 'balanced', 'dual': False, 'fit_intercept': True, 'intercept_scaling': 1, 'loss': 'squared_hinge', 'max_iter': 100, 'multi_class': 'ovr', 'penalty': 'l2', 'random_state': 42, 'tol': 0.0001, 'verbose': 0}",0.04011678695678711
Coffee,6,20,1,2,LogisticRegression,ADASYN,2,{'n_neighbors': 2},0.8233333333333334,0.8291839199447896,"{'C': np.float64(2.6366508987303554), 'class_weight': 'balanced', 'dual': False, 'fit_intercept': True, 'intercept_scaling': 1, 'l1_ratio': None, 'max_iter': 100, 'multi_class': 'deprecated', 'n_jobs': None, 'penalty': 'l1', 'random_state': 42, 'solver': 'saga', 'tol': 0.0001, 'verbose': 0, 'warm_start': False}",0.3794407844543457
Coffee,6,20,1,2,RNN,ADASYN,2,{'n_neighbors': 2},0.5,0.46428571428571425,"{'hidden_size': 64, 'epochs': 10, 'batch_size': 64, 'lr': 0.001}",6.240521430969238
Coffee,6,20,1,2,KNN,ADASYN,3,{'n_neighbors': 3},0.9133333333333333,0.9189604597192857,"{'algorithm': 'auto', 'leaf_size': 30, 'metric': 'euclidean', 'metric_params': None, 'n_jobs': None, 'n_neighbors': np.int64(9), 'p': 2, 'weights': 'distance'}",0.016770124435424805
Coffee,6,20,1,2,RandomForest,ADASYN,3,{'n_neighbors': 3},0.9533333333333334,0.9553525437081477,"{'bootstrap': True, 'ccp_alpha': 0.0, 'class_weight': None, 'criterion': 'gini', 'max_depth': None, 'max_features': 'sqrt', 'max_leaf_nodes': None, 'max_samples': None, 'min_impurity_decrease': 0.0, 'min_samples_leaf': 4, 'min_samples_split': 2, 'min_weight_fraction_leaf': 0.0, 'monotonic_cst': None, 'n_estimators': 50, 'n_jobs': None, 'oob_score': False, 'random_state': 42, 'verbose': 0, 'warm_start': False}",0.8881099224090576
Coffee,6,20,1,2,LinearSVC,ADASYN,3,{'n_neighbors': 3},0.65,0.6421827990455441,"{'C': np.float64(1000.0), 'class_weight': 'balanced', 'dual': False, 'fit_intercept': True, 'intercept_scaling': 1, 'loss': 'squared_hinge', 'max_iter': 100, 'multi_class': 'ovr', 'penalty': 'l2', 'random_state': 42, 'tol': 0.001, 'verbose': 0}",0.03426384925842285
Coffee,6,20,1,2,LogisticRegression,ADASYN,3,{'n_neighbors': 3},0.655,0.657200821748342,"{'C': np.float64(0.2069138081114788), 'class_weight': 'balanced', 'dual': False, 'fit_intercept': False, 'intercept_scaling': 1, 'l1_ratio': None, 'max_iter': 100, 'multi_class': 'deprecated', 'n_jobs': None, 'penalty': 'l2', 'random_state': 42, 'solver': 'lbfgs', 'tol': 0.0001, 'verbose': 0, 'warm_start': False}",0.307936429977417
Coffee,6,20,1,2,RNN,ADASYN,3,{'n_neighbors': 3},0.5,0.46428571428571425,"{'hidden_size': 64, 'epochs': 10, 'batch_size': 64, 'lr': 0.001}",23.8519606590271
Coffee,6,20,1,2,KNN,ADASYN,4,{'n_neighbors': 4},0.8966666666666666,0.9032570991464589,"{'algorithm': 'auto', 'leaf_size': 30, 'metric': 'chebyshev', 'metric_params': None, 'n_jobs': None, 'n_neighbors': np.int64(5), 'p': 2, 'weights': 'uniform'}",0.036399126052856445
Coffee,6,20,1,2,RandomForest,ADASYN,4,{'n_neighbors': 4},0.9933333333333333,0.993381942391697,"{'bootstrap': True, 'ccp_alpha': 0.0, 'class_weight': 'balanced', 'criterion': 'gini', 'max_depth': None, 'max_features': 'sqrt', 'max_leaf_nodes': None, 'max_samples': None, 'min_impurity_decrease': 0.0, 'min_samples_leaf': 1, 'min_samples_split': 2, 'min_weight_fraction_leaf': 0.0, 'monotonic_cst': None, 'n_estimators': 50, 'n_jobs': None, 'oob_score': False, 'random_state': 42, 'verbose': 0, 'warm_start': False}",0.8344848155975342
Coffee,6,20,1,2,LinearSVC,ADASYN,4,{'n_neighbors': 4},0.65,0.6570515487336188,"{'C': np.float64(2.6366508987303554), 'class_weight': 'balanced', 'dual': False, 'fit_intercept': True, 'intercept_scaling': 1, 'loss': 'squared_hinge', 'max_iter': 100, 'multi_class': 'ovr', 'penalty': 'l1', 'random_state': 42, 'tol': 0.0001, 'verbose': 0}",0.06866312026977539
Coffee,6,20,1,2,LogisticRegression,ADASYN,4,{'n_neighbors': 4},0.865,0.8620499806199905,"{'C': np.float64(33.59818286283781), 'class_weight': None, 'dual': False, 'fit_intercept': True, 'intercept_scaling': 1, 'l1_ratio': None, 'max_iter': 100, 'multi_class': 'deprecated', 'n_jobs': None, 'penalty': 'l2', 'random_state': 42, 'solver': 'saga', 'tol': 0.0001, 'verbose': 0, 'warm_start': False}",0.29666781425476074
Coffee,6,20,1,2,RNN,ADASYN,4,{'n_neighbors': 4},0.6666666666666666,0.611111111111111,"{'hidden_size': 64, 'epochs': 10, 'batch_size': 64, 'lr': 0.001}",20.67617106437683
Coffee,6,20,1,2,KNN,ADASYN,5,{'n_neighbors': 5},0.9583333333333334,0.9592780678539924,"{'algorithm': 'auto', 'leaf_size': 30, 'metric': 'euclidean', 'metric_params': None, 'n_jobs': None, 'n_neighbors': np.int64(9), 'p': 2, 'weights': 'distance'}",0.021064281463623047
Coffee,6,20,1,2,RandomForest,ADASYN,5,{'n_neighbors': 5},0.9966666666666667,0.9966789912073913,"{'bootstrap': True, 'ccp_alpha': 0.0, 'class_weight': 'balanced', 'criterion': 'gini', 'max_depth': 20, 'max_features': 'sqrt', 'max_leaf_nodes': None, 'max_samples': None, 'min_impurity_decrease': 0.0, 'min_samples_leaf': 1, 'min_samples_split': 2, 'min_weight_fraction_leaf': 0.0, 'monotonic_cst': None, 'n_estimators': 50, 'n_jobs': None, 'oob_score': False, 'random_state': 42, 'verbose': 0, 'warm_start': False}",0.9325809478759766
Coffee,6,20,1,2,LinearSVC,ADASYN,5,{'n_neighbors': 5},0.665,0.6710739755016687,"{'C': np.float64(33.59818286283781), 'class_weight': 'balanced', 'dual': False, 'fit_intercept': True, 'intercept_scaling': 1, 'loss': 'squared_hinge', 'max_iter': 100, 'multi_class': 'ovr', 'penalty': 'l1', 'random_state': 42, 'tol': 0.0001, 'verbose': 0}",0.07585382461547852
Coffee,6,20,1,2,LogisticRegression,ADASYN,5,{'n_neighbors': 5},0.8433333333333334,0.8471640348345221,"{'C': np.float64(1000.0), 'class_weight': 'balanced', 'dual': False, 'fit_intercept': True, 'intercept_scaling': 1, 'l1_ratio': None, 'max_iter': 100, 'multi_class': 'deprecated', 'n_jobs': None, 'penalty': 'l2', 'random_state': 42, 'solver': 'sag', 'tol': 0.0001, 'verbose': 0, 'warm_start': False}",0.23879671096801758
Coffee,6,20,1,2,RNN,ADASYN,5,{'n_neighbors': 5},0.5,0.46428571428571425,"{'hidden_size': 64, 'epochs': 10, 'batch_size': 64, 'lr': 0.001}",22.977638244628906
Coffee,6,20,1,3,KNN,ADASYN,2,{'n_neighbors': 2},0.8816666666666667,0.886777481911832,"{'algorithm': 'auto', 'leaf_size': 30, 'metric': 'euclidean', 'metric_params': None, 'n_jobs': None, 'n_neighbors': np.int64(9), 'p': 2, 'weights': 'distance'}",0.028479337692260742
Coffee,6,20,1,3,RandomForest,ADASYN,2,{'n_neighbors': 2},0.9933333333333333,0.993381942391697,"{'bootstrap': True, 'ccp_alpha': 0.0, 'class_weight': 'balanced', 'criterion': 'gini', 'max_depth': None, 'max_features': 'sqrt', 'max_leaf_nodes': None, 'max_samples': None, 'min_impurity_decrease': 0.0, 'min_samples_leaf': 2, 'min_samples_split': 20, 'min_weight_fraction_leaf': 0.0, 'monotonic_cst': None, 'n_estimators': 150, 'n_jobs': None, 'oob_score': False, 'random_state': 42, 'verbose': 0, 'warm_start': False}",4.078714370727539
Coffee,6,20,1,3,LinearSVC,ADASYN,2,{'n_neighbors': 2},0.6383333333333333,0.638494271460763,"{'C': np.float64(2.6366508987303554), 'class_weight': 'balanced', 'dual': False, 'fit_intercept': True, 'intercept_scaling': 1, 'loss': 'squared_hinge', 'max_iter': 100, 'multi_class': 'ovr', 'penalty': 'l1', 'random_state': 42, 'tol': 0.0001, 'verbose': 0}",0.11874938011169434
Coffee,6,20,1,3,LogisticRegression,ADASYN,2,{'n_neighbors': 2},0.785,0.795164129063937,"{'C': np.float64(2.6366508987303554), 'class_weight': 'balanced', 'dual': False, 'fit_intercept': True, 'intercept_scaling': 1, 'l1_ratio': None, 'max_iter': 100, 'multi_class': 'deprecated', 'n_jobs': None, 'penalty': 'l1', 'random_state': 42, 'solver': 'saga', 'tol': 0.0001, 'verbose': 0, 'warm_start': False}",0.588433027267456
Coffee,6,20,1,3,RNN,ADASYN,2,{'n_neighbors': 2},0.5,0.46428571428571425,"{'hidden_size': 64, 'epochs': 10, 'batch_size': 64, 'lr': 0.001}",50.31668210029602
Coffee,6,20,1,3,KNN,ADASYN,3,{'n_neighbors': 3},0.8716666666666667,0.8763766325164177,"{'algorithm': 'auto', 'leaf_size': 30, 'metric': 'minkowski', 'metric_params': None, 'n_jobs': None, 'n_neighbors': np.int64(13), 'p': 4, 'weights': 'distance'}",0.06267786026000977
Coffee,6,20,1,3,RandomForest,ADASYN,3,{'n_neighbors': 3},0.98,0.9804137534718897,"{'bootstrap': True, 'ccp_alpha': 0.0, 'class_weight': 'balanced', 'criterion': 'gini', 'max_depth': None, 'max_features': 'sqrt', 'max_leaf_nodes': None, 'max_samples': None, 'min_impurity_decrease': 0.0, 'min_samples_leaf': 2, 'min_samples_split': 20, 'min_weight_fraction_leaf': 0.0, 'monotonic_cst': None, 'n_estimators': 150, 'n_jobs': None, 'oob_score': False, 'random_state': 42, 'verbose': 0, 'warm_start': False}",3.3282277584075928
Coffee,6,20,1,3,LinearSVC,ADASYN,3,{'n_neighbors': 3},0.58,0.5789927161449053,"{'C': np.float64(33.59818286283781), 'class_weight': 'balanced', 'dual': False, 'fit_intercept': True, 'intercept_scaling': 1, 'loss': 'squared_hinge', 'max_iter': 100, 'multi_class': 'ovr', 'penalty': 'l1', 'random_state': 42, 'tol': 0.001, 'verbose': 0}",0.11057448387145996
Coffee,6,20,1,3,LogisticRegression,ADASYN,3,{'n_neighbors': 3},0.805,0.8100645785191034,"{'C': np.float64(1000.0), 'class_weight': 'balanced', 'dual': False, 'fit_intercept': True, 'intercept_scaling': 1, 'l1_ratio': None, 'max_iter': 100, 'multi_class': 'deprecated', 'n_jobs': None, 'penalty': 'l2', 'random_state': 42, 'solver': 'sag', 'tol': 0.0001, 'verbose': 0, 'warm_start': False}",0.37788915634155273
Coffee,6,20,1,3,RNN,ADASYN,3,{'n_neighbors': 3},0.5,0.46428571428571425,"{'hidden_size': 64, 'epochs': 10, 'batch_size': 64, 'lr': 0.001}",40.54324388504028
Coffee,6,20,1,3,KNN,ADASYN,4,{'n_neighbors': 4},0.9533333333333334,0.9541224041390414,"{'algorithm': 'auto', 'leaf_size': 30, 'metric': 'minkowski', 'metric_params': None, 'n_jobs': None, 'n_neighbors': np.int64(13), 'p': 4, 'weights': 'distance'}",0.07664108276367188
Coffee,6,20,1,3,RandomForest,ADASYN,4,{'n_neighbors': 4},0.9966666666666667,0.9966789912073913,"{'bootstrap': True, 'ccp_alpha': 0.0, 'class_weight': 'balanced', 'criterion': 'gini', 'max_depth': 30, 'max_features': 'sqrt', 'max_leaf_nodes': None, 'max_samples': None, 'min_impurity_decrease': 0.0, 'min_samples_leaf': 1, 'min_samples_split': 2, 'min_weight_fraction_leaf': 0.0, 'monotonic_cst': None, 'n_estimators': 150, 'n_jobs': None, 'oob_score': False, 'random_state': 42, 'verbose': 0, 'warm_start': False}",4.331098794937134
Coffee,6,20,1,3,LinearSVC,ADASYN,4,{'n_neighbors': 4},0.625,0.6250633614737571,"{'C': np.float64(2.6366508987303554), 'class_weight': 'balanced', 'dual': False, 'fit_intercept': True, 'intercept_scaling': 1, 'loss': 'squared_hinge', 'max_iter': 100, 'multi_class': 'ovr', 'penalty': 'l1', 'random_state': 42, 'tol': 0.0001, 'verbose': 0}",0.12090802192687988
Coffee,6,20,1,3,LogisticRegression,ADASYN,4,{'n_neighbors': 4},0.7883333333333333,0.7957768226523669,"{'C': np.float64(1000.0), 'class_weight': 'balanced', 'dual': False, 'fit_intercept': True, 'intercept_scaling': 1, 'l1_ratio': None, 'max_iter': 100, 'multi_class': 'deprecated', 'n_jobs': None, 'penalty': 'l2', 'random_state': 42, 'solver': 'sag', 'tol': 0.0001, 'verbose': 0, 'warm_start': False}",0.3540339469909668
Coffee,6,20,1,3,RNN,ADASYN,4,{'n_neighbors': 4},0.5,0.46428571428571425,"{'hidden_size': 64, 'epochs': 10, 'batch_size': 64, 'lr': 0.001}",50.4763388633728
Coffee,6,20,1,3,KNN,ADASYN,5,{'n_neighbors': 5},0.9,0.9046761046761048,"{'algorithm': 'auto', 'leaf_size': 30, 'metric': 'euclidean', 'metric_params': None, 'n_jobs': None, 'n_neighbors': np.int64(9), 'p': 2, 'weights': 'distance'}",0.027350187301635742
Coffee,6,20,1,3,RandomForest,ADASYN,5,{'n_neighbors': 5},0.9933333333333333,0.9933414807646178,"{'bootstrap': True, 'ccp_alpha': 0.0, 'class_weight': None, 'criterion': 'gini', 'max_depth': None, 'max_features': 'sqrt', 'max_leaf_nodes': None, 'max_samples': None, 'min_impurity_decrease': 0.0, 'min_samples_leaf': 4, 'min_samples_split': 10, 'min_weight_fraction_leaf': 0.0, 'monotonic_cst': None, 'n_estimators': 50, 'n_jobs': None, 'oob_score': False, 'random_state': 42, 'verbose': 0, 'warm_start': False}",1.4342846870422363
Coffee,6,20,1,3,LinearSVC,ADASYN,5,{'n_neighbors': 5},0.6216666666666667,0.6246619737035617,"{'C': np.float64(0.08858667904100823), 'class_weight': None, 'dual': False, 'fit_intercept': False, 'intercept_scaling': 1, 'loss': 'squared_hinge', 'max_iter': 100, 'multi_class': 'ovr', 'penalty': 'l1', 'random_state': 42, 'tol': 0.0001, 'verbose': 0}",0.09667348861694336
Coffee,6,20,1,3,LogisticRegression,ADASYN,5,{'n_neighbors': 5},0.8283333333333334,0.8334056176387027,"{'C': np.float64(2.6366508987303554), 'class_weight': 'balanced', 'dual': False, 'fit_intercept': True, 'intercept_scaling': 1, 'l1_ratio': None, 'max_iter': 100, 'multi_class': 'deprecated', 'n_jobs': None, 'penalty': 'l1', 'random_state': 42, 'solver': 'saga', 'tol': 0.0001, 'verbose': 0, 'warm_start': False}",0.5854465961456299
Coffee,6,20,1,3,RNN,ADASYN,5,{'n_neighbors': 5},0.5,0.46428571428571425,"{'hidden_size': 64, 'epochs': 10, 'batch_size': 64, 'lr': 0.001}",6.907898902893066
Coffee,6,20,1,5,KNN,ADASYN,2,{'n_neighbors': 2},0.8783333333333333,0.8835430611988329,"{'algorithm': 'auto', 'leaf_size': 30, 'metric': 'chebyshev', 'metric_params': None, 'n_jobs': None, 'n_neighbors': np.int64(5), 'p': 2, 'weights': 'uniform'}",0.046782732009887695
Coffee,6,20,1,5,RandomForest,ADASYN,2,{'n_neighbors': 2},0.99,0.990067988577927,"{'bootstrap': True, 'ccp_alpha': 0.0, 'class_weight': 'balanced', 'criterion': 'gini', 'max_depth': None, 'max_features': 'sqrt', 'max_leaf_nodes': None, 'max_samples': None, 'min_impurity_decrease': 0.0, 'min_samples_leaf': 2, 'min_samples_split': 20, 'min_weight_fraction_leaf': 0.0, 'monotonic_cst': None, 'n_estimators': 150, 'n_jobs': None, 'oob_score': False, 'random_state': 42, 'verbose': 0, 'warm_start': False}",7.533161640167236
Coffee,6,20,1,5,LinearSVC,ADASYN,2,{'n_neighbors': 2},0.6,0.6062905010273432,"{'C': np.float64(0.08858667904100823), 'class_weight': None, 'dual': False, 'fit_intercept': False, 'intercept_scaling': 1, 'loss': 'squared_hinge', 'max_iter': 100, 'multi_class': 'ovr', 'penalty': 'l1', 'random_state': 42, 'tol': 0.0001, 'verbose': 0}",0.17229843139648438
Coffee,6,20,1,5,LogisticRegression,ADASYN,2,{'n_neighbors': 2},0.725,0.6607163032425715,"{'C': np.float64(0.002976351441631319), 'class_weight': None, 'dual': False, 'fit_intercept': True, 'intercept_scaling': 1, 'l1_ratio': None, 'max_iter': 100, 'multi_class': 'deprecated', 'n_jobs': None, 'penalty': 'l2', 'random_state': 42, 'solver': 'saga', 'tol': 0.0001, 'verbose': 0, 'warm_start': False}",0.13117647171020508
Coffee,6,20,1,5,RNN,ADASYN,2,{'n_neighbors': 2},0.3333333333333333,0.3055555555555555,"{'hidden_size': 64, 'epochs': 10, 'batch_size': 64, 'lr': 0.001}",88.4696569442749
Coffee,6,20,1,5,KNN,ADASYN,3,{'n_neighbors': 3},0.8916666666666667,0.8955677158753658,"{'algorithm': 'auto', 'leaf_size': 30, 'metric': 'euclidean', 'metric_params': None, 'n_jobs': None, 'n_neighbors': np.int64(9), 'p': 2, 'weights': 'distance'}",0.04277324676513672
Coffee,6,20,1,5,RandomForest,ADASYN,3,{'n_neighbors': 3},0.98,0.9804137534718897,"{'bootstrap': True, 'ccp_alpha': 0.0, 'class_weight': 'balanced', 'criterion': 'gini', 'max_depth': None, 'max_features': 'sqrt', 'max_leaf_nodes': None, 'max_samples': None, 'min_impurity_decrease': 0.0, 'min_samples_leaf': 4, 'min_samples_split': 2, 'min_weight_fraction_leaf': 0.0, 'monotonic_cst': None, 'n_estimators': 50, 'n_jobs': None, 'oob_score': False, 'random_state': 42, 'verbose': 0, 'warm_start': False}",2.5045359134674072
Coffee,6,20,1,5,LinearSVC,ADASYN,3,{'n_neighbors': 3},0.5533333333333333,0.5550189902779369,"{'C': np.float64(2.6366508987303554), 'class_weight': 'balanced', 'dual': False, 'fit_intercept': True, 'intercept_scaling': 1, 'loss': 'squared_hinge', 'max_iter': 100, 'multi_class': 'ovr', 'penalty': 'l1', 'random_state': 42, 'tol': 0.0001, 'verbose': 0}",0.18407964706420898
Coffee,6,20,1,5,LogisticRegression,ADASYN,3,{'n_neighbors': 3},0.8066666666666666,0.8104844956217657,"{'C': np.float64(1000.0), 'class_weight': 'balanced', 'dual': False, 'fit_intercept': True, 'intercept_scaling': 1, 'l1_ratio': None, 'max_iter': 100, 'multi_class': 'deprecated', 'n_jobs': None, 'penalty': 'l2', 'random_state': 42, 'solver': 'sag', 'tol': 0.0001, 'verbose': 0, 'warm_start': False}",0.4313371181488037
Coffee,6,20,1,5,RNN,ADASYN,3,{'n_neighbors': 3},0.3333333333333333,0.2888888888888889,"{'hidden_size': 64, 'epochs': 10, 'batch_size': 64, 'lr': 0.001}",82.17592096328735
Coffee,6,20,1,5,KNN,ADASYN,4,{'n_neighbors': 4},0.935,0.9375528635167749,"{'algorithm': 'auto', 'leaf_size': 30, 'metric': 'minkowski', 'metric_params': None, 'n_jobs': None, 'n_neighbors': 5, 'p': 2, 'weights': 'uniform'}",0.06980633735656738
Coffee,6,20,1,5,RandomForest,ADASYN,4,{'n_neighbors': 4},0.9916666666666667,0.9916939086789057,"{'bootstrap': True, 'ccp_alpha': 0.0, 'class_weight': None, 'criterion': 'gini', 'max_depth': None, 'max_features': 'sqrt', 'max_leaf_nodes': None, 'max_samples': None, 'min_impurity_decrease': 0.0, 'min_samples_leaf': 1, 'min_samples_split': 2, 'min_weight_fraction_leaf': 0.0, 'monotonic_cst': None, 'n_estimators': 100, 'n_jobs': None, 'oob_score': False, 'random_state': 42, 'verbose': 0, 'warm_start': False}",5.368185758590698
Coffee,6,20,1,5,LinearSVC,ADASYN,4,{'n_neighbors': 4},0.6916666666666667,0.6509328437468562,"{'C': 1.0, 'class_weight': None, 'dual': False, 'fit_intercept': True, 'intercept_scaling': 1, 'loss': 'squared_hinge', 'max_iter': 100, 'multi_class': 'ovr', 'penalty': 'l2', 'random_state': 42, 'tol': 0.0001, 'verbose': 0}",0.09298396110534668
Coffee,6,20,1,5,LogisticRegression,ADASYN,4,{'n_neighbors': 4},0.8716666666666667,0.8731882763608421,"{'C': 1.0, 'class_weight': None, 'dual': False, 'fit_intercept': True, 'intercept_scaling': 1, 'l1_ratio': None, 'max_iter': 100, 'multi_class': 'deprecated', 'n_jobs': None, 'penalty': 'l2', 'random_state': 42, 'solver': 'lbfgs', 'tol': 0.0001, 'verbose': 0, 'warm_start': False}",0.5117371082305908
Coffee,6,20,1,5,RNN,ADASYN,4,{'n_neighbors': 4},0.5,0.46428571428571425,"{'hidden_size': 64, 'epochs': 10, 'batch_size': 64, 'lr': 0.001}",28.778558492660522
Coffee,6,20,1,5,KNN,ADASYN,5,{'n_neighbors': 5},0.8683333333333333,0.8731484503186387,"{'algorithm': 'auto', 'leaf_size': 30, 'metric': 'minkowski', 'metric_params': None, 'n_jobs': None, 'n_neighbors': np.int64(13), 'p': 4, 'weights': 'distance'}",0.07144379615783691
Coffee,6,20,1,5,RandomForest,ADASYN,5,{'n_neighbors': 5},0.9883333333333333,0.9884791035895811,"{'bootstrap': True, 'ccp_alpha': 0.0, 'class_weight': 'balanced', 'criterion': 'gini', 'max_depth': None, 'max_features': 'sqrt', 'max_leaf_nodes': None, 'max_samples': None, 'min_impurity_decrease': 0.0, 'min_samples_leaf': 1, 'min_samples_split': 2, 'min_weight_fraction_leaf': 0.0, 'monotonic_cst': None, 'n_estimators': 50, 'n_jobs': None, 'oob_score': False, 'random_state': 42, 'verbose': 0, 'warm_start': False}",2.039689540863037
Coffee,6,20,1,5,LinearSVC,ADASYN,5,{'n_neighbors': 5},0.6316666666666667,0.6371400932792303,"{'C': np.float64(0.2069138081114788), 'class_weight': 'balanced', 'dual': False, 'fit_intercept': False, 'intercept_scaling': 1, 'loss': 'squared_hinge', 'max_iter': 100, 'multi_class': 'ovr', 'penalty': 'l2', 'random_state': 42, 'tol': 0.0001, 'verbose': 0}",0.07014250755310059
Coffee,6,20,1,5,LogisticRegression,ADASYN,5,{'n_neighbors': 5},0.89,0.8924807272281912,"{'C': np.float64(33.59818286283781), 'class_weight': 'balanced', 'dual': False, 'fit_intercept': True, 'intercept_scaling': 1, 'l1_ratio': None, 'max_iter': 100, 'multi_class': 'deprecated', 'n_jobs': None, 'penalty': 'l2', 'random_state': 42, 'solver': 'saga', 'tol': 0.0001, 'verbose': 0, 'warm_start': False}",0.7165408134460449
Coffee,6,20,1,5,RNN,ADASYN,5,{'n_neighbors': 5},0.6666666666666666,0.611111111111111,"{'hidden_size': 64, 'epochs': 10, 'batch_size': 64, 'lr': 0.001}",80.61257839202881
Coffee,6,20,1,10,KNN,ADASYN,2,{'n_neighbors': 2},0.8966666666666666,0.9016647309330237,"{'algorithm': 'auto', 'leaf_size': 30, 'metric': 'minkowski', 'metric_params': None, 'n_jobs': None, 'n_neighbors': 5, 'p': 2, 'weights': 'uniform'}",0.10979056358337402
Coffee,6,20,1,10,RandomForest,ADASYN,2,{'n_neighbors': 2},0.9966666666666667,0.9966789912073913,"{'bootstrap': True, 'ccp_alpha': 0.0, 'class_weight': None, 'criterion': 'gini', 'max_depth': None, 'max_features': 'sqrt', 'max_leaf_nodes': None, 'max_samples': None, 'min_impurity_decrease': 0.0, 'min_samples_leaf': 1, 'min_samples_split': 2, 'min_weight_fraction_leaf': 0.0, 'monotonic_cst': None, 'n_estimators': 100, 'n_jobs': None, 'oob_score': False, 'random_state': 42, 'verbose': 0, 'warm_start': False}",10.970432996749878
Coffee,6,20,1,10,LinearSVC,ADASYN,2,{'n_neighbors': 2},0.61,0.6036582902762629,"{'C': 1.0, 'class_weight': None, 'dual': False, 'fit_intercept': True, 'intercept_scaling': 1, 'loss': 'squared_hinge', 'max_iter': 100, 'multi_class': 'ovr', 'penalty': 'l2', 'random_state': 42, 'tol': 0.0001, 'verbose': 0}",0.1979994773864746
Coffee,6,20,1,10,LogisticRegression,ADASYN,2,{'n_neighbors': 2},0.7816666666666666,0.7778046372398105,"{'C': 1.0, 'class_weight': None, 'dual': False, 'fit_intercept': True, 'intercept_scaling': 1, 'l1_ratio': None, 'max_iter': 100, 'multi_class': 'deprecated', 'n_jobs': None, 'penalty': 'l2', 'random_state': 42, 'solver': 'lbfgs', 'tol': 0.0001, 'verbose': 0, 'warm_start': False}",0.9470076560974121
Coffee,6,20,1,10,RNN,ADASYN,2,{'n_neighbors': 2},0.5,0.46428571428571425,"{'hidden_size': 64, 'epochs': 10, 'batch_size': 64, 'lr': 0.001}",176.29099225997925
Coffee,6,20,1,10,KNN,ADASYN,3,{'n_neighbors': 3},0.8966666666666666,0.9019013787669253,"{'algorithm': 'auto', 'leaf_size': 30, 'metric': 'minkowski', 'metric_params': None, 'n_jobs': None, 'n_neighbors': 5, 'p': 2, 'weights': 'uniform'}",0.08371829986572266
Coffee,6,20,1,10,RandomForest,ADASYN,3,{'n_neighbors': 3},0.995,0.9950112372985647,"{'bootstrap': True, 'ccp_alpha': 0.0, 'class_weight': None, 'criterion': 'gini', 'max_depth': None, 'max_features': 'sqrt', 'max_leaf_nodes': None, 'max_samples': None, 'min_impurity_decrease': 0.0, 'min_samples_leaf': 1, 'min_samples_split': 2, 'min_weight_fraction_leaf': 0.0, 'monotonic_cst': None, 'n_estimators': 100, 'n_jobs': None, 'oob_score': False, 'random_state': 42, 'verbose': 0, 'warm_start': False}",10.993228197097778
Coffee,6,20,1,10,LinearSVC,ADASYN,3,{'n_neighbors': 3},0.6416666666666667,0.6127765618211477,"{'C': 1.0, 'class_weight': None, 'dual': False, 'fit_intercept': True, 'intercept_scaling': 1, 'loss': 'squared_hinge', 'max_iter': 100, 'multi_class': 'ovr', 'penalty': 'l2', 'random_state': 42, 'tol': 0.0001, 'verbose': 0}",0.1782522201538086
Coffee,6,20,1,10,LogisticRegression,ADASYN,3,{'n_neighbors': 3},0.7933333333333333,0.783459121848582,"{'C': 1.0, 'class_weight': None, 'dual': False, 'fit_intercept': True, 'intercept_scaling': 1, 'l1_ratio': None, 'max_iter': 100, 'multi_class': 'deprecated', 'n_jobs': None, 'penalty': 'l2', 'random_state': 42, 'solver': 'lbfgs', 'tol': 0.0001, 'verbose': 0, 'warm_start': False}",1.8062477111816406
Coffee,6,20,1,10,RNN,ADASYN,3,{'n_neighbors': 3},0.6666666666666666,0.6666666666666666,"{'hidden_size': 64, 'epochs': 10, 'batch_size': 64, 'lr': 0.001}",182.32128024101257
Coffee,6,20,1,10,KNN,ADASYN,4,{'n_neighbors': 4},0.9483333333333334,0.9498861889662661,"{'algorithm': 'auto', 'leaf_size': 30, 'metric': 'minkowski', 'metric_params': None, 'n_jobs': None, 'n_neighbors': 5, 'p': 2, 'weights': 'uniform'}",0.10709571838378906
Coffee,6,20,1,10,RandomForest,ADASYN,4,{'n_neighbors': 4},0.995,0.9950112372985647,"{'bootstrap': True, 'ccp_alpha': 0.0, 'class_weight': None, 'criterion': 'gini', 'max_depth': None, 'max_features': 'sqrt', 'max_leaf_nodes': None, 'max_samples': None, 'min_impurity_decrease': 0.0, 'min_samples_leaf': 1, 'min_samples_split': 2, 'min_weight_fraction_leaf': 0.0, 'monotonic_cst': None, 'n_estimators': 100, 'n_jobs': None, 'oob_score': False, 'random_state': 42, 'verbose': 0, 'warm_start': False}",11.340268850326538
Coffee,6,20,1,10,LinearSVC,ADASYN,4,{'n_neighbors': 4},0.6133333333333333,0.607631432434582,"{'C': 1.0, 'class_weight': None, 'dual': False, 'fit_intercept': True, 'intercept_scaling': 1, 'loss': 'squared_hinge', 'max_iter': 100, 'multi_class': 'ovr', 'penalty': 'l2', 'random_state': 42, 'tol': 0.0001, 'verbose': 0}",0.18530535697937012
Coffee,6,20,1,10,LogisticRegression,ADASYN,4,{'n_neighbors': 4},0.7816666666666666,0.7705806198927971,"{'C': 1.0, 'class_weight': None, 'dual': False, 'fit_intercept': True, 'intercept_scaling': 1, 'l1_ratio': None, 'max_iter': 100, 'multi_class': 'deprecated', 'n_jobs': None, 'penalty': 'l2', 'random_state': 42, 'solver': 'lbfgs', 'tol': 0.0001, 'verbose': 0, 'warm_start': False}",1.7385973930358887
Coffee,6,20,1,10,RNN,ADASYN,4,{'n_neighbors': 4},0.5,0.46428571428571425,"{'hidden_size': 64, 'epochs': 10, 'batch_size': 64, 'lr': 0.001}",173.72280025482178
Coffee,6,20,1,10,KNN,ADASYN,5,{'n_neighbors': 5},0.9516666666666667,0.952406517695789,"{'algorithm': 'auto', 'leaf_size': 30, 'metric': 'minkowski', 'metric_params': None, 'n_jobs': None, 'n_neighbors': 5, 'p': 2, 'weights': 'uniform'}",0.10921931266784668
Coffee,6,20,1,10,RandomForest,ADASYN,5,{'n_neighbors': 5},0.9916666666666667,0.9917420872321929,"{'bootstrap': True, 'ccp_alpha': 0.0, 'class_weight': None, 'criterion': 'gini', 'max_depth': None, 'max_features': 'sqrt', 'max_leaf_nodes': None, 'max_samples': None, 'min_impurity_decrease': 0.0, 'min_samples_leaf': 1, 'min_samples_split': 2, 'min_weight_fraction_leaf': 0.0, 'monotonic_cst': None, 'n_estimators': 100, 'n_jobs': None, 'oob_score': False, 'random_state': 42, 'verbose': 0, 'warm_start': False}",11.221566200256348
Coffee,6,20,1,10,LinearSVC,ADASYN,5,{'n_neighbors': 5},0.6183333333333333,0.6133704599954092,"{'C': 1.0, 'class_weight': None, 'dual': False, 'fit_intercept': True, 'intercept_scaling': 1, 'loss': 'squared_hinge', 'max_iter': 100, 'multi_class': 'ovr', 'penalty': 'l2', 'random_state': 42, 'tol': 0.0001, 'verbose': 0}",0.17072391510009766
Coffee,6,20,1,10,LogisticRegression,ADASYN,5,{'n_neighbors': 5},0.805,0.8032026107956638,"{'C': 1.0, 'class_weight': None, 'dual': False, 'fit_intercept': True, 'intercept_scaling': 1, 'l1_ratio': None, 'max_iter': 100, 'multi_class': 'deprecated', 'n_jobs': None, 'penalty': 'l2', 'random_state': 42, 'solver': 'lbfgs', 'tol': 0.0001, 'verbose': 0, 'warm_start': False}",1.9444899559020996
Coffee,6,20,1,10,RNN,ADASYN,5,{'n_neighbors': 5},0.5,0.4611111111111111,"{'hidden_size': 64, 'epochs': 10, 'batch_size': 64, 'lr': 0.001}",172.27272939682007
Coffee,6,20,2,1,KNN,Baseline,N/A,N/A,0.9333333333333333,0.9371345029239766,"{'algorithm': 'auto', 'leaf_size': 30, 'metric': 'minkowski', 'metric_params': None, 'n_jobs': None, 'n_neighbors': 5, 'p': 2, 'weights': 'uniform'}",0.03865385055541992
Coffee,6,20,2,1,KNN,Tuned_Baseline,N/A,N/A,0.925,0.9296526557642925,"{'algorithm': 'auto', 'leaf_size': 30, 'metric': 'minkowski', 'metric_params': None, 'n_jobs': None, 'n_neighbors': np.int64(5), 'p': 3, 'weights': 'distance'}",0.029633045196533203
Coffee,6,20,2,1,RandomForest,Baseline,N/A,N/A,1.0,1.0,"{'bootstrap': True, 'ccp_alpha': 0.0, 'class_weight': None, 'criterion': 'gini', 'max_depth': None, 'max_features': 'sqrt', 'max_leaf_nodes': None, 'max_samples': None, 'min_impurity_decrease': 0.0, 'min_samples_leaf': 1, 'min_samples_split': 2, 'min_weight_fraction_leaf': 0.0, 'monotonic_cst': None, 'n_estimators': 100, 'n_jobs': None, 'oob_score': False, 'random_state': 42, 'verbose': 0, 'warm_start': False}",0.753986120223999
Coffee,6,20,2,1,RandomForest,Tuned_Baseline,N/A,N/A,0.9966666666666667,0.9966789912073913,"{'bootstrap': True, 'ccp_alpha': 0.0, 'class_weight': 'balanced', 'criterion': 'gini', 'max_depth': 10, 'max_features': 'sqrt', 'max_leaf_nodes': None, 'max_samples': None, 'min_impurity_decrease': 0.0, 'min_samples_leaf': 1, 'min_samples_split': 2, 'min_weight_fraction_leaf': 0.0, 'monotonic_cst': None, 'n_estimators': 100, 'n_jobs': None, 'oob_score': False, 'random_state': 42, 'verbose': 0, 'warm_start': False}",0.0077054500579833984
Coffee,6,20,2,1,LinearSVC,Baseline,N/A,N/A,0.74,0.7308189012881221,"{'C': 1.0, 'class_weight': None, 'dual': False, 'fit_intercept': True, 'intercept_scaling': 1, 'loss': 'squared_hinge', 'max_iter': 100, 'multi_class': 'ovr', 'penalty': 'l2', 'random_state': 42, 'tol': 0.0001, 'verbose': 0}",0.018157243728637695
Coffee,6,20,2,1,LinearSVC,Tuned_Baseline,N/A,N/A,0.75,0.765143495774875,"{'C': np.float64(1000.0), 'class_weight': 'balanced', 'dual': False, 'fit_intercept': True, 'intercept_scaling': 1, 'loss': 'squared_hinge', 'max_iter': 100, 'multi_class': 'ovr', 'penalty': 'l2', 'random_state': 42, 'tol': 0.001, 'verbose': 0}",0.0002486705780029297
Coffee,6,20,2,1,LogisticRegression,Baseline,N/A,N/A,0.9433333333333334,0.9434259026545704,"{'C': 1.0, 'class_weight': None, 'dual': False, 'fit_intercept': True, 'intercept_scaling': 1, 'l1_ratio': None, 'max_iter': 100, 'multi_class': 'deprecated', 'n_jobs': None, 'penalty': 'l2', 'random_state': 42, 'solver': 'lbfgs', 'tol': 0.0001, 'verbose': 0, 'warm_start': False}",0.5854361057281494
Coffee,6,20,2,1,LogisticRegression,Tuned_Baseline,N/A,N/A,0.8933333333333333,0.8958061220305324,"{'C': np.float64(183.29807108324337), 'class_weight': 'balanced', 'dual': False, 'fit_intercept': True, 'intercept_scaling': 1, 'l1_ratio': None, 'max_iter': 100, 'multi_class': 'deprecated', 'n_jobs': None, 'penalty': 'l1', 'random_state': 42, 'solver': 'saga', 'tol': 0.0001, 'verbose': 0, 'warm_start': False}",0.0003337860107421875
Coffee,6,20,2,1,RNN,Baseline,N/A,N/A,0.5,0.46428571428571425,"{'hidden_size': 64, 'epochs': 10, 'batch_size': 32, 'lr': 0.001}",1.3028995990753174
Coffee,6,20,2,1,RNN,Tuned_Baseline,N/A,N/A,0.5,0.46428571428571425,"{'hidden_size': 64, 'epochs': 10, 'batch_size': 64, 'lr': 0.005}",0.017351150512695312
Coffee,6,20,2,2,KNN,ADASYN,2,{'n_neighbors': 2},0.8933333333333333,0.896822825546988,"{'algorithm': 'auto', 'leaf_size': 30, 'metric': 'euclidean', 'metric_params': None, 'n_jobs': None, 'n_neighbors': np.int64(9), 'p': 2, 'weights': 'distance'}",0.02122020721435547
Coffee,6,20,2,2,RandomForest,ADASYN,2,{'n_neighbors': 2},0.9966666666666667,0.9966789912073913,"{'bootstrap': True, 'ccp_alpha': 0.0, 'class_weight': 'balanced', 'criterion': 'gini', 'max_depth': None, 'max_features': 'sqrt', 'max_leaf_nodes': None, 'max_samples': None, 'min_impurity_decrease': 0.0, 'min_samples_leaf': 2, 'min_samples_split': 2, 'min_weight_fraction_leaf': 0.0, 'monotonic_cst': None, 'n_estimators': 150, 'n_jobs': None, 'oob_score': False, 'random_state': 42, 'verbose': 0, 'warm_start': False}",2.6410224437713623
Coffee,6,20,2,2,LinearSVC,ADASYN,2,{'n_neighbors': 2},0.6066666666666667,0.5878264800058399,"{'C': np.float64(33.59818286283781), 'class_weight': None, 'dual': False, 'fit_intercept': True, 'intercept_scaling': 1, 'loss': 'squared_hinge', 'max_iter': 100, 'multi_class': 'ovr', 'penalty': 'l1', 'random_state': 42, 'tol': 0.001, 'verbose': 0}",0.07895469665527344
Coffee,6,20,2,2,LogisticRegression,ADASYN,2,{'n_neighbors': 2},0.76,0.7683519105119838,"{'C': np.float64(1000.0), 'class_weight': 'balanced', 'dual': False, 'fit_intercept': True, 'intercept_scaling': 1, 'l1_ratio': None, 'max_iter': 100, 'multi_class': 'deprecated', 'n_jobs': None, 'penalty': 'l2', 'random_state': 42, 'solver': 'sag', 'tol': 0.0001, 'verbose': 0, 'warm_start': False}",0.24928975105285645
Coffee,6,20,2,2,RNN,ADASYN,2,{'n_neighbors': 2},0.16666666666666666,0.06666666666666667,"{'hidden_size': 64, 'epochs': 10, 'batch_size': 64, 'lr': 0.005}",3.768380880355835
Coffee,6,20,2,2,KNN,ADASYN,3,{'n_neighbors': 3},0.9366666666666666,0.9401435114728306,"{'algorithm': 'auto', 'leaf_size': 30, 'metric': 'euclidean', 'metric_params': None, 'n_jobs': None, 'n_neighbors': np.int64(9), 'p': 2, 'weights': 'distance'}",0.021121978759765625
Coffee,6,20,2,2,RandomForest,ADASYN,3,{'n_neighbors': 3},0.9716666666666667,0.9723794327460216,"{'bootstrap': True, 'ccp_alpha': 0.0, 'class_weight': None, 'criterion': 'gini', 'max_depth': None, 'max_features': 'sqrt', 'max_leaf_nodes': None, 'max_samples': None, 'min_impurity_decrease': 0.0, 'min_samples_leaf': 4, 'min_samples_split': 10, 'min_weight_fraction_leaf': 0.0, 'monotonic_cst': None, 'n_estimators': 50, 'n_jobs': None, 'oob_score': False, 'random_state': 42, 'verbose': 0, 'warm_start': False}",1.0157866477966309
Coffee,6,20,2,2,LinearSVC,ADASYN,3,{'n_neighbors': 3},0.655,0.6619959100004323,"{'C': np.float64(2.6366508987303554), 'class_weight': 'balanced', 'dual': False, 'fit_intercept': True, 'intercept_scaling': 1, 'loss': 'squared_hinge', 'max_iter': 100, 'multi_class': 'ovr', 'penalty': 'l1', 'random_state': 42, 'tol': 0.0001, 'verbose': 0}",0.08289670944213867
Coffee,6,20,2,2,LogisticRegression,ADASYN,3,{'n_neighbors': 3},0.8383333333333334,0.8420223309256589,"{'C': np.float64(2.6366508987303554), 'class_weight': 'balanced', 'dual': False, 'fit_intercept': True, 'intercept_scaling': 1, 'l1_ratio': None, 'max_iter': 100, 'multi_class': 'deprecated', 'n_jobs': None, 'penalty': 'l1', 'random_state': 42, 'solver': 'saga', 'tol': 0.0001, 'verbose': 0, 'warm_start': False}",0.36574864387512207
Coffee,6,20,2,2,RNN,ADASYN,3,{'n_neighbors': 3},0.5,0.46428571428571425,"{'hidden_size': 64, 'epochs': 10, 'batch_size': 64, 'lr': 0.005}",20.987452030181885
Coffee,6,20,2,2,KNN,ADASYN,4,{'n_neighbors': 4},0.88,0.885694807016259,"{'algorithm': 'auto', 'leaf_size': 30, 'metric': 'chebyshev', 'metric_params': None, 'n_jobs': None, 'n_neighbors': np.int64(5), 'p': 2, 'weights': 'uniform'}",0.07431674003601074
Coffee,6,20,2,2,RandomForest,ADASYN,4,{'n_neighbors': 4},0.9983333333333333,0.9983364362999354,"{'bootstrap': True, 'ccp_alpha': 0.0, 'class_weight': 'balanced', 'criterion': 'gini', 'max_depth': 30, 'max_features': 'sqrt', 'max_leaf_nodes': None, 'max_samples': None, 'min_impurity_decrease': 0.0, 'min_samples_leaf': 1, 'min_samples_split': 2, 'min_weight_fraction_leaf': 0.0, 'monotonic_cst': None, 'n_estimators': 150, 'n_jobs': None, 'oob_score': False, 'random_state': 42, 'verbose': 0, 'warm_start': False}",2.8392159938812256
Coffee,6,20,2,2,LinearSVC,ADASYN,4,{'n_neighbors': 4},0.665,0.6720140939065912,"{'C': np.float64(33.59818286283781), 'class_weight': 'balanced', 'dual': False, 'fit_intercept': True, 'intercept_scaling': 1, 'loss': 'squared_hinge', 'max_iter': 100, 'multi_class': 'ovr', 'penalty': 'l1', 'random_state': 42, 'tol': 0.0001, 'verbose': 0}",0.08638238906860352
Coffee,6,20,2,2,LogisticRegression,ADASYN,4,{'n_neighbors': 4},0.8383333333333334,0.8409047213969216,"{'C': np.float64(183.29807108324337), 'class_weight': 'balanced', 'dual': False, 'fit_intercept': True, 'intercept_scaling': 1, 'l1_ratio': None, 'max_iter': 100, 'multi_class': 'deprecated', 'n_jobs': None, 'penalty': 'l1', 'random_state': 42, 'solver': 'saga', 'tol': 0.0001, 'verbose': 0, 'warm_start': False}",0.39528703689575195
Coffee,6,20,2,2,RNN,ADASYN,4,{'n_neighbors': 4},0.3333333333333333,0.3055555555555555,"{'hidden_size': 64, 'epochs': 10, 'batch_size': 64, 'lr': 0.005}",23.987043857574463
Coffee,6,20,2,2,KNN,ADASYN,5,{'n_neighbors': 5},0.9466666666666667,0.9476963345795238,"{'algorithm': 'auto', 'leaf_size': 30, 'metric': 'euclidean', 'metric_params': None, 'n_jobs': None, 'n_neighbors': np.int64(9), 'p': 2, 'weights': 'distance'}",0.02121734619140625
Coffee,6,20,2,2,RandomForest,ADASYN,5,{'n_neighbors': 5},0.9766666666666667,0.9772221033189856,"{'bootstrap': True, 'ccp_alpha': 0.0, 'class_weight': 'balanced', 'criterion': 'gini', 'max_depth': 30, 'max_features': 'sqrt', 'max_leaf_nodes': None, 'max_samples': None, 'min_impurity_decrease': 0.0, 'min_samples_leaf': 1, 'min_samples_split': 2, 'min_weight_fraction_leaf': 0.0, 'monotonic_cst': None, 'n_estimators': 150, 'n_jobs': None, 'oob_score': False, 'random_state': 42, 'verbose': 0, 'warm_start': False}",2.160635471343994
Coffee,6,20,2,2,LinearSVC,ADASYN,5,{'n_neighbors': 5},0.6633333333333333,0.6695606313847171,"{'C': np.float64(2.6366508987303554), 'class_weight': 'balanced', 'dual': False, 'fit_intercept': True, 'intercept_scaling': 1, 'loss': 'squared_hinge', 'max_iter': 100, 'multi_class': 'ovr', 'penalty': 'l1', 'random_state': 42, 'tol': 0.0001, 'verbose': 0}",0.06767582893371582
Coffee,6,20,2,2,LogisticRegression,ADASYN,5,{'n_neighbors': 5},0.7966666666666666,0.8046702252964916,"{'C': np.float64(1000.0), 'class_weight': 'balanced', 'dual': False, 'fit_intercept': True, 'intercept_scaling': 1, 'l1_ratio': None, 'max_iter': 100, 'multi_class': 'deprecated', 'n_jobs': None, 'penalty': 'l2', 'random_state': 42, 'solver': 'sag', 'tol': 0.0001, 'verbose': 0, 'warm_start': False}",0.20573210716247559
Coffee,6,20,2,2,RNN,ADASYN,5,{'n_neighbors': 5},0.5,0.46428571428571425,"{'hidden_size': 64, 'epochs': 10, 'batch_size': 64, 'lr': 0.005}",2.0387487411499023
Coffee,6,20,2,3,KNN,ADASYN,2,{'n_neighbors': 2},0.8833333333333333,0.8881018627219323,"{'algorithm': 'auto', 'leaf_size': 30, 'metric': 'minkowski', 'metric_params': None, 'n_jobs': None, 'n_neighbors': np.int64(13), 'p': 4, 'weights': 'distance'}",0.06901264190673828
Coffee,6,20,2,3,RandomForest,ADASYN,2,{'n_neighbors': 2},0.9933333333333333,0.9933577373225705,"{'bootstrap': True, 'ccp_alpha': 0.0, 'class_weight': 'balanced', 'criterion': 'gini', 'max_depth': None, 'max_features': 'sqrt', 'max_leaf_nodes': None, 'max_samples': None, 'min_impurity_decrease': 0.0, 'min_samples_leaf': 2, 'min_samples_split': 20, 'min_weight_fraction_leaf': 0.0, 'monotonic_cst': None, 'n_estimators': 150, 'n_jobs': None, 'oob_score': False, 'random_state': 42, 'verbose': 0, 'warm_start': False}",4.165177345275879
Coffee,6,20,2,3,LinearSVC,ADASYN,2,{'n_neighbors': 2},0.525,0.5212452545501776,"{'C': np.float64(183.29807108324337), 'class_weight': 'balanced', 'dual': False, 'fit_intercept': True, 'intercept_scaling': 1, 'loss': 'squared_hinge', 'max_iter': 100, 'multi_class': 'ovr', 'penalty': 'l1', 'random_state': 42, 'tol': 0.0001, 'verbose': 0}",0.10160183906555176
Coffee,6,20,2,3,LogisticRegression,ADASYN,2,{'n_neighbors': 2},0.7133333333333334,0.7222095643148274,"{'C': np.float64(33.59818286283781), 'class_weight': 'balanced', 'dual': False, 'fit_intercept': True, 'intercept_scaling': 1, 'l1_ratio': None, 'max_iter': 100, 'multi_class': 'deprecated', 'n_jobs': None, 'penalty': 'l2', 'random_state': 42, 'solver': 'saga', 'tol': 0.0001, 'verbose': 0, 'warm_start': False}",0.3921353816986084
Coffee,6,20,2,3,RNN,ADASYN,2,{'n_neighbors': 2},0.3333333333333333,0.2888888888888889,"{'hidden_size': 64, 'epochs': 10, 'batch_size': 64, 'lr': 0.005}",27.642932415008545
Coffee,6,20,2,3,KNN,ADASYN,3,{'n_neighbors': 3},0.8633333333333333,0.8696970729502482,"{'algorithm': 'auto', 'leaf_size': 30, 'metric': 'minkowski', 'metric_params': None, 'n_jobs': None, 'n_neighbors': np.int64(13), 'p': 4, 'weights': 'distance'}",0.07167696952819824
Coffee,6,20,2,3,RandomForest,ADASYN,3,{'n_neighbors': 3},0.995,0.9950275355242257,"{'bootstrap': True, 'ccp_alpha': 0.0, 'class_weight': 'balanced', 'criterion': 'gini', 'max_depth': 30, 'max_features': 'sqrt', 'max_leaf_nodes': None, 'max_samples': None, 'min_impurity_decrease': 0.0, 'min_samples_leaf': 1, 'min_samples_split': 2, 'min_weight_fraction_leaf': 0.0, 'monotonic_cst': None, 'n_estimators': 150, 'n_jobs': None, 'oob_score': False, 'random_state': 42, 'verbose': 0, 'warm_start': False}",4.740305185317993
Coffee,6,20,2,3,LinearSVC,ADASYN,3,{'n_neighbors': 3},0.5966666666666667,0.5957069271164048,"{'C': np.float64(2.6366508987303554), 'class_weight': 'balanced', 'dual': False, 'fit_intercept': True, 'intercept_scaling': 1, 'loss': 'squared_hinge', 'max_iter': 100, 'multi_class': 'ovr', 'penalty': 'l1', 'random_state': 42, 'tol': 0.0001, 'verbose': 0}",0.12483692169189453
Coffee,6,20,2,3,LogisticRegression,ADASYN,3,{'n_neighbors': 3},0.7816666666666666,0.7847654978422207,"{'C': np.float64(1000.0), 'class_weight': 'balanced', 'dual': False, 'fit_intercept': True, 'intercept_scaling': 1, 'l1_ratio': None, 'max_iter': 100, 'multi_class': 'deprecated', 'n_jobs': None, 'penalty': 'l2', 'random_state': 42, 'solver': 'sag', 'tol': 0.0001, 'verbose': 0, 'warm_start': False}",0.40226054191589355
Coffee,6,20,2,3,RNN,ADASYN,3,{'n_neighbors': 3},0.3333333333333333,0.3055555555555555,"{'hidden_size': 64, 'epochs': 10, 'batch_size': 64, 'lr': 0.005}",29.98691439628601
Coffee,6,20,2,3,KNN,ADASYN,4,{'n_neighbors': 4},0.885,0.8900115255770867,"{'algorithm': 'auto', 'leaf_size': 30, 'metric': 'minkowski', 'metric_params': None, 'n_jobs': None, 'n_neighbors': np.int64(13), 'p': 4, 'weights': 'distance'}",0.0585484504699707
Coffee,6,20,2,3,RandomForest,ADASYN,4,{'n_neighbors': 4},0.995,0.9950091851343359,"{'bootstrap': True, 'ccp_alpha': 0.0, 'class_weight': 'balanced', 'criterion': 'gini', 'max_depth': 10, 'max_features': 'sqrt', 'max_leaf_nodes': None, 'max_samples': None, 'min_impurity_decrease': 0.0, 'min_samples_leaf': 1, 'min_samples_split': 5, 'min_weight_fraction_leaf': 0.0, 'monotonic_cst': None, 'n_estimators': 50, 'n_jobs': None, 'oob_score': False, 'random_state': 42, 'verbose': 0, 'warm_start': False}",1.281374216079712
Coffee,6,20,2,3,LinearSVC,ADASYN,4,{'n_neighbors': 4},0.6066666666666667,0.6007648665128981,"{'C': np.float64(33.59818286283781), 'class_weight': None, 'dual': False, 'fit_intercept': True, 'intercept_scaling': 1, 'loss': 'squared_hinge', 'max_iter': 100, 'multi_class': 'ovr', 'penalty': 'l1', 'random_state': 42, 'tol': 0.001, 'verbose': 0}",0.133561372756958
Coffee,6,20,2,3,LogisticRegression,ADASYN,4,{'n_neighbors': 4},0.785,0.7839828994203434,"{'C': np.float64(33.59818286283781), 'class_weight': None, 'dual': False, 'fit_intercept': True, 'intercept_scaling': 1, 'l1_ratio': None, 'max_iter': 100, 'multi_class': 'deprecated', 'n_jobs': None, 'penalty': 'l2', 'random_state': 42, 'solver': 'saga', 'tol': 0.0001, 'verbose': 0, 'warm_start': False}",0.4231407642364502
Coffee,6,20,2,3,RNN,ADASYN,4,{'n_neighbors': 4},0.6666666666666666,0.5333333333333333,"{'hidden_size': 64, 'epochs': 10, 'batch_size': 64, 'lr': 0.005}",44.981080770492554
Coffee,6,20,2,3,KNN,ADASYN,5,{'n_neighbors': 5},0.9666666666666667,0.9670617642315755,"{'algorithm': 'auto', 'leaf_size': 30, 'metric': 'euclidean', 'metric_params': None, 'n_jobs': None, 'n_neighbors': np.int64(9), 'p': 2, 'weights': 'distance'}",0.028310298919677734
Coffee,6,20,2,3,RandomForest,ADASYN,5,{'n_neighbors': 5},0.9933333333333333,0.993381942391697,"{'bootstrap': True, 'ccp_alpha': 0.0, 'class_weight': 'balanced', 'criterion': 'gini', 'max_depth': 20, 'max_features': 'sqrt', 'max_leaf_nodes': None, 'max_samples': None, 'min_impurity_decrease': 0.0, 'min_samples_leaf': 2, 'min_samples_split': 5, 'min_weight_fraction_leaf': 0.0, 'monotonic_cst': None, 'n_estimators': 50, 'n_jobs': None, 'oob_score': False, 'random_state': 42, 'verbose': 0, 'warm_start': False}",1.2052390575408936
Coffee,6,20,2,3,LinearSVC,ADASYN,5,{'n_neighbors': 5},0.66,0.666400623058278,"{'C': np.float64(183.29807108324337), 'class_weight': 'balanced', 'dual': False, 'fit_intercept': True, 'intercept_scaling': 1, 'loss': 'squared_hinge', 'max_iter': 100, 'multi_class': 'ovr', 'penalty': 'l1', 'random_state': 42, 'tol': 0.0001, 'verbose': 0}",0.10820865631103516
Coffee,6,20,2,3,LogisticRegression,ADASYN,5,{'n_neighbors': 5},0.8733333333333333,0.8763415945721732,"{'C': np.float64(33.59818286283781), 'class_weight': 'balanced', 'dual': False, 'fit_intercept': True, 'intercept_scaling': 1, 'l1_ratio': None, 'max_iter': 100, 'multi_class': 'deprecated', 'n_jobs': None, 'penalty': 'l2', 'random_state': 42, 'solver': 'saga', 'tol': 0.0001, 'verbose': 0, 'warm_start': False}",0.3999977111816406
Coffee,6,20,2,3,RNN,ADASYN,5,{'n_neighbors': 5},0.6666666666666666,0.611111111111111,"{'hidden_size': 64, 'epochs': 10, 'batch_size': 64, 'lr': 0.005}",38.415642499923706
Coffee,6,20,2,5,KNN,ADASYN,2,{'n_neighbors': 2},0.8916666666666667,0.8948318608217839,"{'algorithm': 'auto', 'leaf_size': 30, 'metric': 'euclidean', 'metric_params': None, 'n_jobs': None, 'n_neighbors': np.int64(9), 'p': 2, 'weights': 'distance'}",0.0407564640045166
Coffee,6,20,2,5,RandomForest,ADASYN,2,{'n_neighbors': 2},0.995,0.9950275355242257,"{'bootstrap': True, 'ccp_alpha': 0.0, 'class_weight': 'balanced', 'criterion': 'gini', 'max_depth': None, 'max_features': 'sqrt', 'max_leaf_nodes': None, 'max_samples': None, 'min_impurity_decrease': 0.0, 'min_samples_leaf': 2, 'min_samples_split': 2, 'min_weight_fraction_leaf': 0.0, 'monotonic_cst': None, 'n_estimators': 150, 'n_jobs': None, 'oob_score': False, 'random_state': 42, 'verbose': 0, 'warm_start': False}",7.888297080993652
Coffee,6,20,2,5,LinearSVC,ADASYN,2,{'n_neighbors': 2},0.5416666666666666,0.515374741894079,"{'C': np.float64(0.002976351441631319), 'class_weight': None, 'dual': False, 'fit_intercept': True, 'intercept_scaling': 1, 'loss': 'squared_hinge', 'max_iter': 100, 'multi_class': 'ovr', 'penalty': 'l2', 'random_state': 42, 'tol': 0.001, 'verbose': 0}",0.0672004222869873
Coffee,6,20,2,5,LogisticRegression,ADASYN,2,{'n_neighbors': 2},0.5583333333333333,0.5176280557885256,"{'C': np.float64(0.002976351441631319), 'class_weight': None, 'dual': False, 'fit_intercept': True, 'intercept_scaling': 1, 'l1_ratio': None, 'max_iter': 100, 'multi_class': 'deprecated', 'n_jobs': None, 'penalty': 'l2', 'random_state': 42, 'solver': 'saga', 'tol': 0.0001, 'verbose': 0, 'warm_start': False}",0.21164345741271973
Coffee,6,20,2,5,RNN,ADASYN,2,{'n_neighbors': 2},0.5,0.46428571428571425,"{'hidden_size': 64, 'epochs': 10, 'batch_size': 64, 'lr': 0.005}",8.781737565994263
Coffee,6,20,2,5,KNN,ADASYN,3,{'n_neighbors': 3},0.8933333333333333,0.8963138142690625,"{'algorithm': 'auto', 'leaf_size': 30, 'metric': 'euclidean', 'metric_params': None, 'n_jobs': None, 'n_neighbors': np.int64(9), 'p': 2, 'weights': 'distance'}",0.03304409980773926
Coffee,6,20,2,5,RandomForest,ADASYN,3,{'n_neighbors': 3},0.995,0.9950275355242257,"{'bootstrap': True, 'ccp_alpha': 0.0, 'class_weight': 'balanced', 'criterion': 'gini', 'max_depth': None, 'max_features': 'sqrt', 'max_leaf_nodes': None, 'max_samples': None, 'min_impurity_decrease': 0.0, 'min_samples_leaf': 2, 'min_samples_split': 20, 'min_weight_fraction_leaf': 0.0, 'monotonic_cst': None, 'n_estimators': 150, 'n_jobs': None, 'oob_score': False, 'random_state': 42, 'verbose': 0, 'warm_start': False}",7.652318954467773
Coffee,6,20,2,5,LinearSVC,ADASYN,3,{'n_neighbors': 3},0.59,0.5916124934204404,"{'C': np.float64(2.6366508987303554), 'class_weight': 'balanced', 'dual': False, 'fit_intercept': True, 'intercept_scaling': 1, 'loss': 'squared_hinge', 'max_iter': 100, 'multi_class': 'ovr', 'penalty': 'l1', 'random_state': 42, 'tol': 0.0001, 'verbose': 0}",0.20952224731445312
Coffee,6,20,2,5,LogisticRegression,ADASYN,3,{'n_neighbors': 3},0.7,0.6393728222996515,"{'C': np.float64(0.002976351441631319), 'class_weight': None, 'dual': False, 'fit_intercept': True, 'intercept_scaling': 1, 'l1_ratio': None, 'max_iter': 100, 'multi_class': 'deprecated', 'n_jobs': None, 'penalty': 'l2', 'random_state': 42, 'solver': 'saga', 'tol': 0.0001, 'verbose': 0, 'warm_start': False}",0.1321697235107422
Coffee,6,20,2,5,RNN,ADASYN,3,{'n_neighbors': 3},0.5,0.49206349206349204,"{'hidden_size': 64, 'epochs': 10, 'batch_size': 64, 'lr': 0.005}",83.97728657722473
Coffee,6,20,2,5,KNN,ADASYN,4,{'n_neighbors': 4},0.9066666666666666,0.9130438887158138,"{'algorithm': 'auto', 'leaf_size': 30, 'metric': 'manhattan', 'metric_params': None, 'n_jobs': None, 'n_neighbors': np.int64(5), 'p': 2, 'weights': 'distance'}",0.04514956474304199
Coffee,6,20,2,5,RandomForest,ADASYN,4,{'n_neighbors': 4},0.9966666666666667,0.9966707814311898,"{'bootstrap': True, 'ccp_alpha': 0.0, 'class_weight': None, 'criterion': 'gini', 'max_depth': None, 'max_features': 'sqrt', 'max_leaf_nodes': None, 'max_samples': None, 'min_impurity_decrease': 0.0, 'min_samples_leaf': 4, 'min_samples_split': 2, 'min_weight_fraction_leaf': 0.0, 'monotonic_cst': None, 'n_estimators': 50, 'n_jobs': None, 'oob_score': False, 'random_state': 42, 'verbose': 0, 'warm_start': False}",2.572437286376953
Coffee,6,20,2,5,LinearSVC,ADASYN,4,{'n_neighbors': 4},0.66,0.6331190141316723,"{'C': 1.0, 'class_weight': None, 'dual': False, 'fit_intercept': True, 'intercept_scaling': 1, 'loss': 'squared_hinge', 'max_iter': 100, 'multi_class': 'ovr', 'penalty': 'l2', 'random_state': 42, 'tol': 0.0001, 'verbose': 0}",0.10244894027709961
Coffee,6,20,2,5,LogisticRegression,ADASYN,4,{'n_neighbors': 4},0.8216666666666667,0.8162812949823711,"{'C': 1.0, 'class_weight': None, 'dual': False, 'fit_intercept': True, 'intercept_scaling': 1, 'l1_ratio': None, 'max_iter': 100, 'multi_class': 'deprecated', 'n_jobs': None, 'penalty': 'l2', 'random_state': 42, 'solver': 'lbfgs', 'tol': 0.0001, 'verbose': 0, 'warm_start': False}",0.9472236633300781
Coffee,6,20,2,5,RNN,ADASYN,4,{'n_neighbors': 4},0.6666666666666666,0.6666666666666666,"{'hidden_size': 64, 'epochs': 10, 'batch_size': 64, 'lr': 0.005}",39.403640031814575
Coffee,6,20,2,5,KNN,ADASYN,5,{'n_neighbors': 5},0.9683333333333334,0.9687549638322236,"{'algorithm': 'auto', 'leaf_size': 30, 'metric': 'minkowski', 'metric_params': None, 'n_jobs': None, 'n_neighbors': 5, 'p': 2, 'weights': 'uniform'}",0.05737614631652832
Coffee,6,20,2,5,RandomForest,ADASYN,5,{'n_neighbors': 5},0.995,0.9950275355242257,"{'bootstrap': True, 'ccp_alpha': 0.0, 'class_weight': None, 'criterion': 'gini', 'max_depth': None, 'max_features': 'sqrt', 'max_leaf_nodes': None, 'max_samples': None, 'min_impurity_decrease': 0.0, 'min_samples_leaf': 1, 'min_samples_split': 2, 'min_weight_fraction_leaf': 0.0, 'monotonic_cst': None, 'n_estimators': 100, 'n_jobs': None, 'oob_score': False, 'random_state': 42, 'verbose': 0, 'warm_start': False}",4.80958366394043
Coffee,6,20,2,5,LinearSVC,ADASYN,5,{'n_neighbors': 5},0.7333333333333333,0.7092530932708513,"{'C': 1.0, 'class_weight': None, 'dual': False, 'fit_intercept': True, 'intercept_scaling': 1, 'loss': 'squared_hinge', 'max_iter': 100, 'multi_class': 'ovr', 'penalty': 'l2', 'random_state': 42, 'tol': 0.0001, 'verbose': 0}",0.09220480918884277
Coffee,6,20,2,5,LogisticRegression,ADASYN,5,{'n_neighbors': 5},0.92,0.9217538605776174,"{'C': 1.0, 'class_weight': None, 'dual': False, 'fit_intercept': True, 'intercept_scaling': 1, 'l1_ratio': None, 'max_iter': 100, 'multi_class': 'deprecated', 'n_jobs': None, 'penalty': 'l2', 'random_state': 42, 'solver': 'lbfgs', 'tol': 0.0001, 'verbose': 0, 'warm_start': False}",0.8495597839355469
Coffee,6,20,2,5,RNN,ADASYN,5,{'n_neighbors': 5},0.5,0.4611111111111111,"{'hidden_size': 64, 'epochs': 10, 'batch_size': 64, 'lr': 0.005}",86.84226942062378
Coffee,6,20,2,10,KNN,ADASYN,2,{'n_neighbors': 2},0.9,0.903258858221327,"{'algorithm': 'auto', 'leaf_size': 30, 'metric': 'minkowski', 'metric_params': None, 'n_jobs': None, 'n_neighbors': 5, 'p': 2, 'weights': 'uniform'}",0.10097408294677734
Coffee,6,20,2,10,RandomForest,ADASYN,2,{'n_neighbors': 2},0.9966666666666667,0.9966789912073913,"{'bootstrap': True, 'ccp_alpha': 0.0, 'class_weight': None, 'criterion': 'gini', 'max_depth': None, 'max_features': 'sqrt', 'max_leaf_nodes': None, 'max_samples': None, 'min_impurity_decrease': 0.0, 'min_samples_leaf': 1, 'min_samples_split': 2, 'min_weight_fraction_leaf': 0.0, 'monotonic_cst': None, 'n_estimators': 100, 'n_jobs': None, 'oob_score': False, 'random_state': 42, 'verbose': 0, 'warm_start': False}",11.528518676757812
Coffee,6,20,2,10,LinearSVC,ADASYN,2,{'n_neighbors': 2},0.62,0.5918755970569441,"{'C': 1.0, 'class_weight': None, 'dual': False, 'fit_intercept': True, 'intercept_scaling': 1, 'loss': 'squared_hinge', 'max_iter': 100, 'multi_class': 'ovr', 'penalty': 'l2', 'random_state': 42, 'tol': 0.0001, 'verbose': 0}",0.19623589515686035
Coffee,6,20,2,10,LogisticRegression,ADASYN,2,{'n_neighbors': 2},0.73,0.7213838582259636,"{'C': 1.0, 'class_weight': None, 'dual': False, 'fit_intercept': True, 'intercept_scaling': 1, 'l1_ratio': None, 'max_iter': 100, 'multi_class': 'deprecated', 'n_jobs': None, 'penalty': 'l2', 'random_state': 42, 'solver': 'lbfgs', 'tol': 0.0001, 'verbose': 0, 'warm_start': False}",1.8935225009918213
Coffee,6,20,2,10,RNN,ADASYN,2,{'n_neighbors': 2},0.8333333333333334,0.8492063492063492,"{'hidden_size': 64, 'epochs': 10, 'batch_size': 64, 'lr': 0.005}",69.5539665222168
Coffee,6,20,2,10,KNN,ADASYN,3,{'n_neighbors': 3},0.9066666666666666,0.909991741904478,"{'algorithm': 'auto', 'leaf_size': 30, 'metric': 'minkowski', 'metric_params': None, 'n_jobs': None, 'n_neighbors': 5, 'p': 2, 'weights': 'uniform'}",0.08044838905334473
Coffee,6,20,2,10,RandomForest,ADASYN,3,{'n_neighbors': 3},0.9916666666666667,0.9917099666300389,"{'bootstrap': True, 'ccp_alpha': 0.0, 'class_weight': None, 'criterion': 'gini', 'max_depth': None, 'max_features': 'sqrt', 'max_leaf_nodes': None, 'max_samples': None, 'min_impurity_decrease': 0.0, 'min_samples_leaf': 1, 'min_samples_split': 2, 'min_weight_fraction_leaf': 0.0, 'monotonic_cst': None, 'n_estimators': 100, 'n_jobs': None, 'oob_score': False, 'random_state': 42, 'verbose': 0, 'warm_start': False}",11.2423415184021
Coffee,6,20,2,10,LinearSVC,ADASYN,3,{'n_neighbors': 3},0.5883333333333334,0.5829816675573616,"{'C': 1.0, 'class_weight': None, 'dual': False, 'fit_intercept': True, 'intercept_scaling': 1, 'loss': 'squared_hinge', 'max_iter': 100, 'multi_class': 'ovr', 'penalty': 'l2', 'random_state': 42, 'tol': 0.0001, 'verbose': 0}",0.17914795875549316
Coffee,6,20,2,10,LogisticRegression,ADASYN,3,{'n_neighbors': 3},0.7216666666666667,0.7204834084151435,"{'C': 1.0, 'class_weight': None, 'dual': False, 'fit_intercept': True, 'intercept_scaling': 1, 'l1_ratio': None, 'max_iter': 100, 'multi_class': 'deprecated', 'n_jobs': None, 'penalty': 'l2', 'random_state': 42, 'solver': 'lbfgs', 'tol': 0.0001, 'verbose': 0, 'warm_start': False}",1.2147290706634521
Coffee,6,20,2,10,RNN,ADASYN,3,{'n_neighbors': 3},0.5,0.4611111111111111,"{'hidden_size': 64, 'epochs': 10, 'batch_size': 64, 'lr': 0.005}",167.02584433555603
Coffee,6,20,2,10,KNN,ADASYN,4,{'n_neighbors': 4},0.9883333333333333,0.988384146399642,"{'algorithm': 'auto', 'leaf_size': 30, 'metric': 'minkowski', 'metric_params': None, 'n_jobs': None, 'n_neighbors': 5, 'p': 2, 'weights': 'uniform'}",0.10698175430297852
Coffee,6,20,2,10,RandomForest,ADASYN,4,{'n_neighbors': 4},1.0,1.0,"{'bootstrap': True, 'ccp_alpha': 0.0, 'class_weight': None, 'criterion': 'gini', 'max_depth': None, 'max_features': 'sqrt', 'max_leaf_nodes': None, 'max_samples': None, 'min_impurity_decrease': 0.0, 'min_samples_leaf': 1, 'min_samples_split': 2, 'min_weight_fraction_leaf': 0.0, 'monotonic_cst': None, 'n_estimators': 100, 'n_jobs': None, 'oob_score': False, 'random_state': 42, 'verbose': 0, 'warm_start': False}",10.840105772018433
Coffee,6,20,2,10,LinearSVC,ADASYN,4,{'n_neighbors': 4},0.63,0.6231465436873608,"{'C': 1.0, 'class_weight': None, 'dual': False, 'fit_intercept': True, 'intercept_scaling': 1, 'loss': 'squared_hinge', 'max_iter': 100, 'multi_class': 'ovr', 'penalty': 'l2', 'random_state': 42, 'tol': 0.0001, 'verbose': 0}",0.19095706939697266
Coffee,6,20,2,10,LogisticRegression,ADASYN,4,{'n_neighbors': 4},0.7633333333333333,0.7534386963995897,"{'C': 1.0, 'class_weight': None, 'dual': False, 'fit_intercept': True, 'intercept_scaling': 1, 'l1_ratio': None, 'max_iter': 100, 'multi_class': 'deprecated', 'n_jobs': None, 'penalty': 'l2', 'random_state': 42, 'solver': 'lbfgs', 'tol': 0.0001, 'verbose': 0, 'warm_start': False}",1.887082815170288
Coffee,6,20,2,10,RNN,ADASYN,4,{'n_neighbors': 4},0.5,0.49206349206349204,"{'hidden_size': 64, 'epochs': 10, 'batch_size': 64, 'lr': 0.005}",180.90798592567444
Coffee,6,20,2,10,KNN,ADASYN,5,{'n_neighbors': 5},0.92,0.9219462101859476,"{'algorithm': 'auto', 'leaf_size': 30, 'metric': 'minkowski', 'metric_params': None, 'n_jobs': None, 'n_neighbors': 5, 'p': 2, 'weights': 'uniform'}",0.10787367820739746
Coffee,6,20,2,10,RandomForest,ADASYN,5,{'n_neighbors': 5},1.0,1.0,"{'bootstrap': True, 'ccp_alpha': 0.0, 'class_weight': None, 'criterion': 'gini', 'max_depth': None, 'max_features': 'sqrt', 'max_leaf_nodes': None, 'max_samples': None, 'min_impurity_decrease': 0.0, 'min_samples_leaf': 1, 'min_samples_split': 2, 'min_weight_fraction_leaf': 0.0, 'monotonic_cst': None, 'n_estimators': 100, 'n_jobs': None, 'oob_score': False, 'random_state': 42, 'verbose': 0, 'warm_start': False}",11.126753330230713
Coffee,6,20,2,10,LinearSVC,ADASYN,5,{'n_neighbors': 5},0.625,0.6209082934115443,"{'C': 1.0, 'class_weight': None, 'dual': False, 'fit_intercept': True, 'intercept_scaling': 1, 'loss': 'squared_hinge', 'max_iter': 100, 'multi_class': 'ovr', 'penalty': 'l2', 'random_state': 42, 'tol': 0.0001, 'verbose': 0}",0.18143677711486816
Coffee,6,20,2,10,LogisticRegression,ADASYN,5,{'n_neighbors': 5},0.7566666666666667,0.757856763119921,"{'C': 1.0, 'class_weight': None, 'dual': False, 'fit_intercept': True, 'intercept_scaling': 1, 'l1_ratio': None, 'max_iter': 100, 'multi_class': 'deprecated', 'n_jobs': None, 'penalty': 'l2', 'random_state': 42, 'solver': 'lbfgs', 'tol': 0.0001, 'verbose': 0, 'warm_start': False}",2.109830141067505
Coffee,6,20,2,10,RNN,ADASYN,5,{'n_neighbors': 5},0.6666666666666666,0.5333333333333333,"{'hidden_size': 64, 'epochs': 10, 'batch_size': 64, 'lr': 0.005}",164.00812220573425
Coffee,6,20,3,1,KNN,Baseline,N/A,N/A,0.925,0.9296526557642925,"{'algorithm': 'auto', 'leaf_size': 30, 'metric': 'minkowski', 'metric_params': None, 'n_jobs': None, 'n_neighbors': 5, 'p': 2, 'weights': 'uniform'}",0.028945207595825195
Coffee,6,20,3,1,KNN,Tuned_Baseline,N/A,N/A,0.88,0.8888519505107123,"{'algorithm': 'auto', 'leaf_size': 30, 'metric': 'chebyshev', 'metric_params': None, 'n_jobs': None, 'n_neighbors': np.int64(11), 'p': 2, 'weights': 'distance'}",0.00803685188293457
Coffee,6,20,3,1,RandomForest,Baseline,N/A,N/A,1.0,1.0,"{'bootstrap': True, 'ccp_alpha': 0.0, 'class_weight': None, 'criterion': 'gini', 'max_depth': None, 'max_features': 'sqrt', 'max_leaf_nodes': None, 'max_samples': None, 'min_impurity_decrease': 0.0, 'min_samples_leaf': 1, 'min_samples_split': 2, 'min_weight_fraction_leaf': 0.0, 'monotonic_cst': None, 'n_estimators': 100, 'n_jobs': None, 'oob_score': False, 'random_state': 42, 'verbose': 0, 'warm_start': False}",0.9819273948669434
Coffee,6,20,3,1,RandomForest,Tuned_Baseline,N/A,N/A,0.9966666666666667,0.9966789912073913,"{'bootstrap': True, 'ccp_alpha': 0.0, 'class_weight': 'balanced', 'criterion': 'gini', 'max_depth': 20, 'max_features': 'sqrt', 'max_leaf_nodes': None, 'max_samples': None, 'min_impurity_decrease': 0.0, 'min_samples_leaf': 1, 'min_samples_split': 2, 'min_weight_fraction_leaf': 0.0, 'monotonic_cst': None, 'n_estimators': 50, 'n_jobs': None, 'oob_score': False, 'random_state': 42, 'verbose': 0, 'warm_start': False}",0.004149913787841797
Coffee,6,20,3,1,LinearSVC,Baseline,N/A,N/A,0.7766666666666666,0.7458573826710261,"{'C': 1.0, 'class_weight': None, 'dual': False, 'fit_intercept': True, 'intercept_scaling': 1, 'loss': 'squared_hinge', 'max_iter': 100, 'multi_class': 'ovr', 'penalty': 'l2', 'random_state': 42, 'tol': 0.0001, 'verbose': 0}",0.018316268920898438
Coffee,6,20,3,1,LinearSVC,Tuned_Baseline,N/A,N/A,0.795,0.8047309926431254,"{'C': np.float64(33.59818286283781), 'class_weight': 'balanced', 'dual': False, 'fit_intercept': True, 'intercept_scaling': 1, 'loss': 'squared_hinge', 'max_iter': 100, 'multi_class': 'ovr', 'penalty': 'l1', 'random_state': 42, 'tol': 0.0001, 'verbose': 0}",0.00024318695068359375
Coffee,6,20,3,1,LogisticRegression,Baseline,N/A,N/A,0.9366666666666666,0.9373736699187718,"{'C': 1.0, 'class_weight': None, 'dual': False, 'fit_intercept': True, 'intercept_scaling': 1, 'l1_ratio': None, 'max_iter': 100, 'multi_class': 'deprecated', 'n_jobs': None, 'penalty': 'l2', 'random_state': 42, 'solver': 'lbfgs', 'tol': 0.0001, 'verbose': 0, 'warm_start': False}",0.49620795249938965
Coffee,6,20,3,1,LogisticRegression,Tuned_Baseline,N/A,N/A,0.9316666666666666,0.9329453310273091,"{'C': np.float64(6.1584821106602545), 'class_weight': None, 'dual': False, 'fit_intercept': True, 'intercept_scaling': 1, 'l1_ratio': None, 'max_iter': 100, 'multi_class': 'deprecated', 'n_jobs': None, 'penalty': 'l2', 'random_state': 42, 'solver': 'lbfgs', 'tol': 0.0001, 'verbose': 0, 'warm_start': False}",0.00030994415283203125
Coffee,6,20,3,1,RNN,Baseline,N/A,N/A,0.5,0.46428571428571425,"{'hidden_size': 64, 'epochs': 10, 'batch_size': 32, 'lr': 0.001}",1.7042691707611084
Coffee,6,20,3,1,RNN,Tuned_Baseline,N/A,N/A,0.6666666666666666,0.6944444444444443,"{'hidden_size': 64, 'epochs': 10, 'batch_size': 64, 'lr': 0.005}",0.02048468589782715
Coffee,6,20,3,2,KNN,ADASYN,2,{'n_neighbors': 2},0.9016666666666666,0.9043050141084809,"{'algorithm': 'auto', 'leaf_size': 30, 'metric': 'euclidean', 'metric_params': None, 'n_jobs': None, 'n_neighbors': np.int64(9), 'p': 2, 'weights': 'distance'}",0.021390199661254883
Coffee,6,20,3,2,RandomForest,ADASYN,2,{'n_neighbors': 2},0.9966666666666667,0.9966789912073913,"{'bootstrap': True, 'ccp_alpha': 0.0, 'class_weight': 'balanced', 'criterion': 'gini', 'max_depth': None, 'max_features': 'sqrt', 'max_leaf_nodes': None, 'max_samples': None, 'min_impurity_decrease': 0.0, 'min_samples_leaf': 1, 'min_samples_split': 2, 'min_weight_fraction_leaf': 0.0, 'monotonic_cst': None, 'n_estimators': 50, 'n_jobs': None, 'oob_score': False, 'random_state': 42, 'verbose': 0, 'warm_start': False}",0.9065017700195312
Coffee,6,20,3,2,LinearSVC,ADASYN,2,{'n_neighbors': 2},0.67,0.6769477094167733,"{'C': np.float64(33.59818286283781), 'class_weight': 'balanced', 'dual': False, 'fit_intercept': True, 'intercept_scaling': 1, 'loss': 'squared_hinge', 'max_iter': 100, 'multi_class': 'ovr', 'penalty': 'l1', 'random_state': 42, 'tol': 0.0001, 'verbose': 0}",0.078277587890625
Coffee,6,20,3,2,LogisticRegression,ADASYN,2,{'n_neighbors': 2},0.54,0.5442432068637214,"{'C': np.float64(0.4832930238571752), 'class_weight': None, 'dual': False, 'fit_intercept': False, 'intercept_scaling': 1, 'l1_ratio': None, 'max_iter': 100, 'multi_class': 'deprecated', 'n_jobs': None, 'penalty': 'l2', 'random_state': 42, 'solver': 'lbfgs', 'tol': 0.0001, 'verbose': 0, 'warm_start': False}",0.4197385311126709
Coffee,6,20,3,2,RNN,ADASYN,2,{'n_neighbors': 2},0.3333333333333333,0.3055555555555555,"{'hidden_size': 64, 'epochs': 10, 'batch_size': 64, 'lr': 0.005}",25.6572322845459
Coffee,6,20,3,2,KNN,ADASYN,3,{'n_neighbors': 3},0.9366666666666666,0.9399052777575294,"{'algorithm': 'auto', 'leaf_size': 30, 'metric': 'euclidean', 'metric_params': None, 'n_jobs': None, 'n_neighbors': np.int64(9), 'p': 2, 'weights': 'distance'}",0.021623849868774414
Coffee,6,20,3,2,RandomForest,ADASYN,3,{'n_neighbors': 3},0.9783333333333334,0.9788155730940777,"{'bootstrap': True, 'ccp_alpha': 0.0, 'class_weight': 'balanced', 'criterion': 'gini', 'max_depth': 10, 'max_features': 'sqrt', 'max_leaf_nodes': None, 'max_samples': None, 'min_impurity_decrease': 0.0, 'min_samples_leaf': 1, 'min_samples_split': 2, 'min_weight_fraction_leaf': 0.0, 'monotonic_cst': None, 'n_estimators': 100, 'n_jobs': None, 'oob_score': False, 'random_state': 42, 'verbose': 0, 'warm_start': False}",1.4306318759918213
Coffee,6,20,3,2,LinearSVC,ADASYN,3,{'n_neighbors': 3},0.7766666666666666,0.7729439026237723,"{'C': np.float64(33.59818286283781), 'class_weight': 'balanced', 'dual': False, 'fit_intercept': True, 'intercept_scaling': 1, 'loss': 'squared_hinge', 'max_iter': 100, 'multi_class': 'ovr', 'penalty': 'l1', 'random_state': 42, 'tol': 0.001, 'verbose': 0}",0.06725502014160156
Coffee,6,20,3,2,LogisticRegression,ADASYN,3,{'n_neighbors': 3},0.8933333333333333,0.8914990133948726,"{'C': np.float64(33.59818286283781), 'class_weight': None, 'dual': False, 'fit_intercept': True, 'intercept_scaling': 1, 'l1_ratio': None, 'max_iter': 100, 'multi_class': 'deprecated', 'n_jobs': None, 'penalty': 'l2', 'random_state': 42, 'solver': 'saga', 'tol': 0.0001, 'verbose': 0, 'warm_start': False}",0.24119877815246582
Coffee,6,20,3,2,RNN,ADASYN,3,{'n_neighbors': 3},0.5,0.4611111111111111,"{'hidden_size': 64, 'epochs': 10, 'batch_size': 64, 'lr': 0.005}",25.75115966796875
Coffee,6,20,3,2,KNN,ADASYN,4,{'n_neighbors': 4},0.9066666666666666,0.9089076167977483,"{'algorithm': 'auto', 'leaf_size': 30, 'metric': 'euclidean', 'metric_params': None, 'n_jobs': None, 'n_neighbors': np.int64(9), 'p': 2, 'weights': 'distance'}",0.022084951400756836
Coffee,6,20,3,2,RandomForest,ADASYN,4,{'n_neighbors': 4},1.0,1.0,"{'bootstrap': True, 'ccp_alpha': 0.0, 'class_weight': 'balanced', 'criterion': 'gini', 'max_depth': None, 'max_features': 'sqrt', 'max_leaf_nodes': None, 'max_samples': None, 'min_impurity_decrease': 0.0, 'min_samples_leaf': 1, 'min_samples_split': 2, 'min_weight_fraction_leaf': 0.0, 'monotonic_cst': None, 'n_estimators': 50, 'n_jobs': None, 'oob_score': False, 'random_state': 42, 'verbose': 0, 'warm_start': False}",0.9614381790161133
Coffee,6,20,3,2,LinearSVC,ADASYN,4,{'n_neighbors': 4},0.665,0.6721015094167767,"{'C': np.float64(1000.0), 'class_weight': 'balanced', 'dual': False, 'fit_intercept': True, 'intercept_scaling': 1, 'loss': 'squared_hinge', 'max_iter': 100, 'multi_class': 'ovr', 'penalty': 'l2', 'random_state': 42, 'tol': 0.001, 'verbose': 0}",0.03919672966003418
Coffee,6,20,3,2,LogisticRegression,ADASYN,4,{'n_neighbors': 4},0.8533333333333334,0.8570117521943441,"{'C': np.float64(1000.0), 'class_weight': 'balanced', 'dual': False, 'fit_intercept': True, 'intercept_scaling': 1, 'l1_ratio': None, 'max_iter': 100, 'multi_class': 'deprecated', 'n_jobs': None, 'penalty': 'l2', 'random_state': 42, 'solver': 'sag', 'tol': 0.0001, 'verbose': 0, 'warm_start': False}",0.2727797031402588
Coffee,6,20,3,2,RNN,ADASYN,4,{'n_neighbors': 4},0.3333333333333333,0.3055555555555555,"{'hidden_size': 64, 'epochs': 10, 'batch_size': 64, 'lr': 0.005}",32.043463706970215
Coffee,6,20,3,2,KNN,ADASYN,5,{'n_neighbors': 5},0.9283333333333333,0.9304539304095658,"{'algorithm': 'auto', 'leaf_size': 30, 'metric': 'euclidean', 'metric_params': None, 'n_jobs': None, 'n_neighbors': np.int64(9), 'p': 2, 'weights': 'distance'}",0.020969867706298828
Coffee,6,20,3,2,RandomForest,ADASYN,5,{'n_neighbors': 5},0.995,0.9950275355242257,"{'bootstrap': True, 'ccp_alpha': 0.0, 'class_weight': 'balanced', 'criterion': 'gini', 'max_depth': None, 'max_features': 'sqrt', 'max_leaf_nodes': None, 'max_samples': None, 'min_impurity_decrease': 0.0, 'min_samples_leaf': 1, 'min_samples_split': 2, 'min_weight_fraction_leaf': 0.0, 'monotonic_cst': None, 'n_estimators': 50, 'n_jobs': None, 'oob_score': False, 'random_state': 42, 'verbose': 0, 'warm_start': False}",0.9045841693878174
Coffee,6,20,3,2,LinearSVC,ADASYN,5,{'n_neighbors': 5},0.7333333333333333,0.680925477535647,"{'C': np.float64(33.59818286283781), 'class_weight': None, 'dual': False, 'fit_intercept': True, 'intercept_scaling': 1, 'loss': 'squared_hinge', 'max_iter': 100, 'multi_class': 'ovr', 'penalty': 'l1', 'random_state': 42, 'tol': 0.001, 'verbose': 0}",0.0836327075958252
Coffee,6,20,3,2,LogisticRegression,ADASYN,5,{'n_neighbors': 5},0.5266666666666666,0.5205743471275627,"{'C': np.float64(0.0001), 'class_weight': 'balanced', 'dual': False, 'fit_intercept': True, 'intercept_scaling': 1, 'l1_ratio': None, 'max_iter': 100, 'multi_class': 'deprecated', 'n_jobs': None, 'penalty': 'l2', 'random_state': 42, 'solver': 'sag', 'tol': 0.0001, 'verbose': 0, 'warm_start': False}",0.04063606262207031
Coffee,6,20,3,2,RNN,ADASYN,5,{'n_neighbors': 5},0.3333333333333333,0.2888888888888889,"{'hidden_size': 64, 'epochs': 10, 'batch_size': 64, 'lr': 0.005}",25.80073833465576
Coffee,6,20,3,3,KNN,ADASYN,2,{'n_neighbors': 2},0.9,0.9031322005800492,"{'algorithm': 'auto', 'leaf_size': 30, 'metric': 'minkowski', 'metric_params': None, 'n_jobs': None, 'n_neighbors': np.int64(13), 'p': 4, 'weights': 'distance'}",0.07022762298583984
Coffee,6,20,3,3,RandomForest,ADASYN,2,{'n_neighbors': 2},0.9983333333333333,0.9983364362999354,"{'bootstrap': True, 'ccp_alpha': 0.0, 'class_weight': 'balanced', 'criterion': 'gini', 'max_depth': None, 'max_features': 'sqrt', 'max_leaf_nodes': None, 'max_samples': None, 'min_impurity_decrease': 0.0, 'min_samples_leaf': 1, 'min_samples_split': 2, 'min_weight_fraction_leaf': 0.0, 'monotonic_cst': None, 'n_estimators': 50, 'n_jobs': None, 'oob_score': False, 'random_state': 42, 'verbose': 0, 'warm_start': False}",1.2092325687408447
Coffee,6,20,3,3,LinearSVC,ADASYN,2,{'n_neighbors': 2},0.6383333333333333,0.6380948159966907,"{'C': np.float64(1000.0), 'class_weight': 'balanced', 'dual': False, 'fit_intercept': True, 'intercept_scaling': 1, 'loss': 'squared_hinge', 'max_iter': 100, 'multi_class': 'ovr', 'penalty': 'l2', 'random_state': 42, 'tol': 0.001, 'verbose': 0}",0.04678940773010254
Coffee,6,20,3,3,LogisticRegression,ADASYN,2,{'n_neighbors': 2},0.7983333333333333,0.8063252364575226,"{'C': np.float64(33.59818286283781), 'class_weight': 'balanced', 'dual': False, 'fit_intercept': True, 'intercept_scaling': 1, 'l1_ratio': None, 'max_iter': 100, 'multi_class': 'deprecated', 'n_jobs': None, 'penalty': 'l1', 'random_state': 42, 'solver': 'saga', 'tol': 0.0001, 'verbose': 0, 'warm_start': False}",0.48301005363464355
Coffee,6,20,3,3,RNN,ADASYN,2,{'n_neighbors': 2},0.3333333333333333,0.3055555555555555,"{'hidden_size': 64, 'epochs': 10, 'batch_size': 64, 'lr': 0.005}",58.839051246643066
Coffee,6,20,3,3,KNN,ADASYN,3,{'n_neighbors': 3},0.905,0.9074496294408299,"{'algorithm': 'auto', 'leaf_size': 30, 'metric': 'euclidean', 'metric_params': None, 'n_jobs': None, 'n_neighbors': np.int64(9), 'p': 2, 'weights': 'distance'}",0.026634931564331055
Coffee,6,20,3,3,RandomForest,ADASYN,3,{'n_neighbors': 3},0.9983333333333333,0.9983364362999354,"{'bootstrap': True, 'ccp_alpha': 0.0, 'class_weight': 'balanced', 'criterion': 'gini', 'max_depth': None, 'max_features': 'sqrt', 'max_leaf_nodes': None, 'max_samples': None, 'min_impurity_decrease': 0.0, 'min_samples_leaf': 2, 'min_samples_split': 2, 'min_weight_fraction_leaf': 0.0, 'monotonic_cst': None, 'n_estimators': 150, 'n_jobs': None, 'oob_score': False, 'random_state': 42, 'verbose': 0, 'warm_start': False}",4.47916841506958
Coffee,6,20,3,3,LinearSVC,ADASYN,3,{'n_neighbors': 3},0.5733333333333334,0.5689891181631532,"{'C': np.float64(183.29807108324337), 'class_weight': 'balanced', 'dual': False, 'fit_intercept': True, 'intercept_scaling': 1, 'loss': 'squared_hinge', 'max_iter': 100, 'multi_class': 'ovr', 'penalty': 'l1', 'random_state': 42, 'tol': 0.0001, 'verbose': 0}",0.1201021671295166
Coffee,6,20,3,3,LogisticRegression,ADASYN,3,{'n_neighbors': 3},0.8183333333333334,0.8218801602031423,"{'C': np.float64(2.6366508987303554), 'class_weight': 'balanced', 'dual': False, 'fit_intercept': True, 'intercept_scaling': 1, 'l1_ratio': None, 'max_iter': 100, 'multi_class': 'deprecated', 'n_jobs': None, 'penalty': 'l1', 'random_state': 42, 'solver': 'saga', 'tol': 0.0001, 'verbose': 0, 'warm_start': False}",0.5881266593933105
Coffee,6,20,3,3,RNN,ADASYN,3,{'n_neighbors': 3},0.5,0.46428571428571425,"{'hidden_size': 64, 'epochs': 10, 'batch_size': 64, 'lr': 0.005}",51.65384292602539
Coffee,6,20,3,3,KNN,ADASYN,4,{'n_neighbors': 4},0.865,0.8712102661936573,"{'algorithm': 'auto', 'leaf_size': 30, 'metric': 'euclidean', 'metric_params': None, 'n_jobs': None, 'n_neighbors': np.int64(9), 'p': 2, 'weights': 'distance'}",0.026821136474609375
Coffee,6,20,3,3,RandomForest,ADASYN,4,{'n_neighbors': 4},0.9983333333333333,0.9983301860948521,"{'bootstrap': True, 'ccp_alpha': 0.0, 'class_weight': None, 'criterion': 'gini', 'max_depth': None, 'max_features': 'sqrt', 'max_leaf_nodes': None, 'max_samples': None, 'min_impurity_decrease': 0.0, 'min_samples_leaf': 2, 'min_samples_split': 20, 'min_weight_fraction_leaf': 0.0, 'monotonic_cst': None, 'n_estimators': 100, 'n_jobs': None, 'oob_score': False, 'random_state': 42, 'verbose': 0, 'warm_start': False}",2.348715305328369
Coffee,6,20,3,3,LinearSVC,ADASYN,4,{'n_neighbors': 4},0.595,0.5903453290345473,"{'C': np.float64(0.08858667904100823), 'class_weight': None, 'dual': False, 'fit_intercept': False, 'intercept_scaling': 1, 'loss': 'squared_hinge', 'max_iter': 100, 'multi_class': 'ovr', 'penalty': 'l1', 'random_state': 42, 'tol': 0.0001, 'verbose': 0}",0.09369754791259766
Coffee,6,20,3,3,LogisticRegression,ADASYN,4,{'n_neighbors': 4},0.5683333333333334,0.5264987337997161,"{'C': np.float64(0.000545559478116852), 'class_weight': None, 'dual': False, 'fit_intercept': True, 'intercept_scaling': 1, 'l1_ratio': None, 'max_iter': 100, 'multi_class': 'deprecated', 'n_jobs': None, 'penalty': 'l1', 'random_state': 42, 'solver': 'saga', 'tol': 0.0001, 'verbose': 0, 'warm_start': False}",0.07431244850158691
Coffee,6,20,3,3,RNN,ADASYN,4,{'n_neighbors': 4},0.5,0.46428571428571425,"{'hidden_size': 64, 'epochs': 10, 'batch_size': 64, 'lr': 0.005}",40.7881281375885
Coffee,6,20,3,3,KNN,ADASYN,5,{'n_neighbors': 5},0.8883333333333333,0.8926730415794359,"{'algorithm': 'auto', 'leaf_size': 30, 'metric': 'euclidean', 'metric_params': None, 'n_jobs': None, 'n_neighbors': np.int64(9), 'p': 2, 'weights': 'distance'}",0.02587151527404785
Coffee,6,20,3,3,RandomForest,ADASYN,5,{'n_neighbors': 5},0.99,0.9901078476926463,"{'bootstrap': True, 'ccp_alpha': 0.0, 'class_weight': 'balanced', 'criterion': 'gini', 'max_depth': 10, 'max_features': 'sqrt', 'max_leaf_nodes': None, 'max_samples': None, 'min_impurity_decrease': 0.0, 'min_samples_leaf': 1, 'min_samples_split': 5, 'min_weight_fraction_leaf': 0.0, 'monotonic_cst': None, 'n_estimators': 50, 'n_jobs': None, 'oob_score': False, 'random_state': 42, 'verbose': 0, 'warm_start': False}",1.2730276584625244
Coffee,6,20,3,3,LinearSVC,ADASYN,5,{'n_neighbors': 5},0.7233333333333334,0.7249110258964767,"{'C': np.float64(1000.0), 'class_weight': 'balanced', 'dual': False, 'fit_intercept': True, 'intercept_scaling': 1, 'loss': 'squared_hinge', 'max_iter': 100, 'multi_class': 'ovr', 'penalty': 'l2', 'random_state': 42, 'tol': 0.001, 'verbose': 0}",0.05132436752319336
Coffee,6,20,3,3,LogisticRegression,ADASYN,5,{'n_neighbors': 5},0.7566666666666667,0.6881945634444636,"{'C': np.float64(0.000545559478116852), 'class_weight': None, 'dual': False, 'fit_intercept': True, 'intercept_scaling': 1, 'l1_ratio': None, 'max_iter': 100, 'multi_class': 'deprecated', 'n_jobs': None, 'penalty': 'l1', 'random_state': 42, 'solver': 'saga', 'tol': 0.0001, 'verbose': 0, 'warm_start': False}",0.09505677223205566
Coffee,6,20,3,3,RNN,ADASYN,5,{'n_neighbors': 5},0.8333333333333334,0.7592592592592592,"{'hidden_size': 64, 'epochs': 10, 'batch_size': 64, 'lr': 0.005}",28.54548478126526
Coffee,6,20,3,5,KNN,ADASYN,2,{'n_neighbors': 2},0.9133333333333333,0.9155893735891176,"{'algorithm': 'auto', 'leaf_size': 30, 'metric': 'minkowski', 'metric_params': None, 'n_jobs': None, 'n_neighbors': np.int64(13), 'p': 4, 'weights': 'distance'}",0.0780797004699707
Coffee,6,20,3,5,RandomForest,ADASYN,2,{'n_neighbors': 2},0.9966666666666667,0.9966789912073913,"{'bootstrap': True, 'ccp_alpha': 0.0, 'class_weight': None, 'criterion': 'gini', 'max_depth': None, 'max_features': 'sqrt', 'max_leaf_nodes': None, 'max_samples': None, 'min_impurity_decrease': 0.0, 'min_samples_leaf': 4, 'min_samples_split': 2, 'min_weight_fraction_leaf': 0.0, 'monotonic_cst': None, 'n_estimators': 50, 'n_jobs': None, 'oob_score': False, 'random_state': 42, 'verbose': 0, 'warm_start': False}",2.3511664867401123
Coffee,6,20,3,5,LinearSVC,ADASYN,2,{'n_neighbors': 2},0.6283333333333333,0.6221753534528864,"{'C': 1.0, 'class_weight': None, 'dual': False, 'fit_intercept': True, 'intercept_scaling': 1, 'loss': 'squared_hinge', 'max_iter': 100, 'multi_class': 'ovr', 'penalty': 'l2', 'random_state': 42, 'tol': 0.0001, 'verbose': 0}",0.09168100357055664
Coffee,6,20,3,5,LogisticRegression,ADASYN,2,{'n_neighbors': 2},0.7666666666666667,0.7443900949998511,"{'C': 1.0, 'class_weight': None, 'dual': False, 'fit_intercept': True, 'intercept_scaling': 1, 'l1_ratio': None, 'max_iter': 100, 'multi_class': 'deprecated', 'n_jobs': None, 'penalty': 'l2', 'random_state': 42, 'solver': 'lbfgs', 'tol': 0.0001, 'verbose': 0, 'warm_start': False}",0.2943439483642578
Coffee,6,20,3,5,RNN,ADASYN,2,{'n_neighbors': 2},0.6666666666666666,0.6666666666666666,"{'hidden_size': 64, 'epochs': 10, 'batch_size': 64, 'lr': 0.005}",1.6537129878997803
Coffee,6,20,3,5,KNN,ADASYN,3,{'n_neighbors': 3},0.9216666666666666,0.9244324690388536,"{'algorithm': 'auto', 'leaf_size': 30, 'metric': 'minkowski', 'metric_params': None, 'n_jobs': None, 'n_neighbors': 5, 'p': 2, 'weights': 'uniform'}",0.058191537857055664
Coffee,6,20,3,5,RandomForest,ADASYN,3,{'n_neighbors': 3},0.9966666666666667,0.9966789912073913,"{'bootstrap': True, 'ccp_alpha': 0.0, 'class_weight': None, 'criterion': 'gini', 'max_depth': None, 'max_features': 'sqrt', 'max_leaf_nodes': None, 'max_samples': None, 'min_impurity_decrease': 0.0, 'min_samples_leaf': 1, 'min_samples_split': 2, 'min_weight_fraction_leaf': 0.0, 'monotonic_cst': None, 'n_estimators': 100, 'n_jobs': None, 'oob_score': False, 'random_state': 42, 'verbose': 0, 'warm_start': False}",4.956103324890137
Coffee,6,20,3,5,LinearSVC,ADASYN,3,{'n_neighbors': 3},0.7283333333333334,0.6805160741015395,"{'C': 1.0, 'class_weight': None, 'dual': False, 'fit_intercept': True, 'intercept_scaling': 1, 'loss': 'squared_hinge', 'max_iter': 100, 'multi_class': 'ovr', 'penalty': 'l2', 'random_state': 42, 'tol': 0.0001, 'verbose': 0}",0.09929609298706055
Coffee,6,20,3,5,LogisticRegression,ADASYN,3,{'n_neighbors': 3},0.8433333333333334,0.831606291263993,"{'C': 1.0, 'class_weight': None, 'dual': False, 'fit_intercept': True, 'intercept_scaling': 1, 'l1_ratio': None, 'max_iter': 100, 'multi_class': 'deprecated', 'n_jobs': None, 'penalty': 'l2', 'random_state': 42, 'solver': 'lbfgs', 'tol': 0.0001, 'verbose': 0, 'warm_start': False}",0.5239338874816895
Coffee,6,20,3,5,RNN,ADASYN,3,{'n_neighbors': 3},0.6666666666666666,0.611111111111111,"{'hidden_size': 64, 'epochs': 10, 'batch_size': 64, 'lr': 0.005}",1.242180347442627
Coffee,6,20,3,5,KNN,ADASYN,4,{'n_neighbors': 4},0.9783333333333334,0.9784972772835376,"{'algorithm': 'auto', 'leaf_size': 30, 'metric': 'minkowski', 'metric_params': None, 'n_jobs': None, 'n_neighbors': 5, 'p': 2, 'weights': 'uniform'}",0.04971170425415039
Coffee,6,20,3,5,RandomForest,ADASYN,4,{'n_neighbors': 4},1.0,1.0,"{'bootstrap': True, 'ccp_alpha': 0.0, 'class_weight': None, 'criterion': 'gini', 'max_depth': None, 'max_features': 'sqrt', 'max_leaf_nodes': None, 'max_samples': None, 'min_impurity_decrease': 0.0, 'min_samples_leaf': 1, 'min_samples_split': 2, 'min_weight_fraction_leaf': 0.0, 'monotonic_cst': None, 'n_estimators': 100, 'n_jobs': None, 'oob_score': False, 'random_state': 42, 'verbose': 0, 'warm_start': False}",4.053041934967041
Coffee,6,20,3,5,LinearSVC,ADASYN,4,{'n_neighbors': 4},0.7133333333333334,0.6683153386050285,"{'C': 1.0, 'class_weight': None, 'dual': False, 'fit_intercept': True, 'intercept_scaling': 1, 'loss': 'squared_hinge', 'max_iter': 100, 'multi_class': 'ovr', 'penalty': 'l2', 'random_state': 42, 'tol': 0.0001, 'verbose': 0}",0.07850027084350586
Coffee,6,20,3,5,LogisticRegression,ADASYN,4,{'n_neighbors': 4},0.8733333333333333,0.8736672357583224,"{'C': 1.0, 'class_weight': None, 'dual': False, 'fit_intercept': True, 'intercept_scaling': 1, 'l1_ratio': None, 'max_iter': 100, 'multi_class': 'deprecated', 'n_jobs': None, 'penalty': 'l2', 'random_state': 42, 'solver': 'lbfgs', 'tol': 0.0001, 'verbose': 0, 'warm_start': False}",0.29254984855651855
Coffee,6,20,3,5,RNN,ADASYN,4,{'n_neighbors': 4},0.6666666666666666,0.6666666666666666,"{'hidden_size': 64, 'epochs': 10, 'batch_size': 64, 'lr': 0.005}",52.80067253112793
Coffee,6,20,3,5,KNN,ADASYN,5,{'n_neighbors': 5},0.97,0.9704175468324331,"{'algorithm': 'auto', 'leaf_size': 30, 'metric': 'minkowski', 'metric_params': None, 'n_jobs': None, 'n_neighbors': 5, 'p': 2, 'weights': 'uniform'}",0.06274223327636719
Coffee,6,20,3,5,RandomForest,ADASYN,5,{'n_neighbors': 5},0.9983333333333333,0.9983364362999354,"{'bootstrap': True, 'ccp_alpha': 0.0, 'class_weight': None, 'criterion': 'gini', 'max_depth': None, 'max_features': 'sqrt', 'max_leaf_nodes': None, 'max_samples': None, 'min_impurity_decrease': 0.0, 'min_samples_leaf': 1, 'min_samples_split': 2, 'min_weight_fraction_leaf': 0.0, 'monotonic_cst': None, 'n_estimators': 100, 'n_jobs': None, 'oob_score': False, 'random_state': 42, 'verbose': 0, 'warm_start': False}",4.873305559158325
Coffee,6,20,3,5,LinearSVC,ADASYN,5,{'n_neighbors': 5},0.75,0.6940030455307102,"{'C': 1.0, 'class_weight': None, 'dual': False, 'fit_intercept': True, 'intercept_scaling': 1, 'loss': 'squared_hinge', 'max_iter': 100, 'multi_class': 'ovr', 'penalty': 'l2', 'random_state': 42, 'tol': 0.0001, 'verbose': 0}",0.08275103569030762
Coffee,6,20,3,5,LogisticRegression,ADASYN,5,{'n_neighbors': 5},0.9016666666666666,0.9056942742979428,"{'C': 1.0, 'class_weight': None, 'dual': False, 'fit_intercept': True, 'intercept_scaling': 1, 'l1_ratio': None, 'max_iter': 100, 'multi_class': 'deprecated', 'n_jobs': None, 'penalty': 'l2', 'random_state': 42, 'solver': 'lbfgs', 'tol': 0.0001, 'verbose': 0, 'warm_start': False}",0.3037388324737549
Coffee,6,20,3,5,RNN,ADASYN,5,{'n_neighbors': 5},0.5,0.46428571428571425,"{'hidden_size': 64, 'epochs': 10, 'batch_size': 64, 'lr': 0.005}",55.362342834472656
Coffee,6,20,3,10,KNN,ADASYN,2,{'n_neighbors': 2},0.92,0.9238893124418506,"{'algorithm': 'auto', 'leaf_size': 30, 'metric': 'minkowski', 'metric_params': None, 'n_jobs': None, 'n_neighbors': 5, 'p': 2, 'weights': 'uniform'}",0.08960556983947754
Coffee,6,20,3,10,RandomForest,ADASYN,2,{'n_neighbors': 2},0.9916666666666667,0.9917420872321929,"{'bootstrap': True, 'ccp_alpha': 0.0, 'class_weight': None, 'criterion': 'gini', 'max_depth': None, 'max_features': 'sqrt', 'max_leaf_nodes': None, 'max_samples': None, 'min_impurity_decrease': 0.0, 'min_samples_leaf': 1, 'min_samples_split': 2, 'min_weight_fraction_leaf': 0.0, 'monotonic_cst': None, 'n_estimators': 100, 'n_jobs': None, 'oob_score': False, 'random_state': 42, 'verbose': 0, 'warm_start': False}",9.275496006011963
Coffee,6,20,3,10,LinearSVC,ADASYN,2,{'n_neighbors': 2},0.6216666666666667,0.610948648540917,"{'C': 1.0, 'class_weight': None, 'dual': False, 'fit_intercept': True, 'intercept_scaling': 1, 'loss': 'squared_hinge', 'max_iter': 100, 'multi_class': 'ovr', 'penalty': 'l2', 'random_state': 42, 'tol': 0.0001, 'verbose': 0}",0.17566800117492676
Coffee,6,20,3,10,LogisticRegression,ADASYN,2,{'n_neighbors': 2},0.7833333333333333,0.7726112201023583,"{'C': 1.0, 'class_weight': None, 'dual': False, 'fit_intercept': True, 'intercept_scaling': 1, 'l1_ratio': None, 'max_iter': 100, 'multi_class': 'deprecated', 'n_jobs': None, 'penalty': 'l2', 'random_state': 42, 'solver': 'lbfgs', 'tol': 0.0001, 'verbose': 0, 'warm_start': False}",1.6489670276641846
Coffee,6,20,3,10,RNN,ADASYN,2,{'n_neighbors': 2},0.6666666666666666,0.6666666666666666,"{'hidden_size': 64, 'epochs': 10, 'batch_size': 64, 'lr': 0.005}",46.52276659011841
Coffee,6,20,3,10,KNN,ADASYN,3,{'n_neighbors': 3},0.9116666666666666,0.9166338556841747,"{'algorithm': 'auto', 'leaf_size': 30, 'metric': 'minkowski', 'metric_params': None, 'n_jobs': None, 'n_neighbors': 5, 'p': 2, 'weights': 'uniform'}",0.09050250053405762
Coffee,6,20,3,10,RandomForest,ADASYN,3,{'n_neighbors': 3},0.995,0.9950112372985647,"{'bootstrap': True, 'ccp_alpha': 0.0, 'class_weight': None, 'criterion': 'gini', 'max_depth': None, 'max_features': 'sqrt', 'max_leaf_nodes': None, 'max_samples': None, 'min_impurity_decrease': 0.0, 'min_samples_leaf': 1, 'min_samples_split': 2, 'min_weight_fraction_leaf': 0.0, 'monotonic_cst': None, 'n_estimators': 100, 'n_jobs': None, 'oob_score': False, 'random_state': 42, 'verbose': 0, 'warm_start': False}",10.303284168243408
Coffee,6,20,3,10,LinearSVC,ADASYN,3,{'n_neighbors': 3},0.68,0.6513123415345827,"{'C': 1.0, 'class_weight': None, 'dual': False, 'fit_intercept': True, 'intercept_scaling': 1, 'loss': 'squared_hinge', 'max_iter': 100, 'multi_class': 'ovr', 'penalty': 'l2', 'random_state': 42, 'tol': 0.0001, 'verbose': 0}",0.18202853202819824
Coffee,6,20,3,10,LogisticRegression,ADASYN,3,{'n_neighbors': 3},0.8216666666666667,0.812358056864552,"{'C': 1.0, 'class_weight': None, 'dual': False, 'fit_intercept': True, 'intercept_scaling': 1, 'l1_ratio': None, 'max_iter': 100, 'multi_class': 'deprecated', 'n_jobs': None, 'penalty': 'l2', 'random_state': 42, 'solver': 'lbfgs', 'tol': 0.0001, 'verbose': 0, 'warm_start': False}",0.7544887065887451
Coffee,6,20,3,10,RNN,ADASYN,3,{'n_neighbors': 3},0.8333333333333334,0.7592592592592592,"{'hidden_size': 64, 'epochs': 10, 'batch_size': 64, 'lr': 0.005}",5.917502164840698
Coffee,6,20,3,10,KNN,ADASYN,4,{'n_neighbors': 4},0.945,0.9469425858207112,"{'algorithm': 'auto', 'leaf_size': 30, 'metric': 'minkowski', 'metric_params': None, 'n_jobs': None, 'n_neighbors': 5, 'p': 2, 'weights': 'uniform'}",0.08978080749511719
Coffee,6,20,3,10,RandomForest,ADASYN,4,{'n_neighbors': 4},0.9983333333333333,0.9983364362999354,"{'bootstrap': True, 'ccp_alpha': 0.0, 'class_weight': None, 'criterion': 'gini', 'max_depth': None, 'max_features': 'sqrt', 'max_leaf_nodes': None, 'max_samples': None, 'min_impurity_decrease': 0.0, 'min_samples_leaf': 1, 'min_samples_split': 2, 'min_weight_fraction_leaf': 0.0, 'monotonic_cst': None, 'n_estimators': 100, 'n_jobs': None, 'oob_score': False, 'random_state': 42, 'verbose': 0, 'warm_start': False}",10.767807245254517
Coffee,6,20,3,10,LinearSVC,ADASYN,4,{'n_neighbors': 4},0.595,0.5898230917455887,"{'C': 1.0, 'class_weight': None, 'dual': False, 'fit_intercept': True, 'intercept_scaling': 1, 'loss': 'squared_hinge', 'max_iter': 100, 'multi_class': 'ovr', 'penalty': 'l2', 'random_state': 42, 'tol': 0.0001, 'verbose': 0}",0.17793846130371094
Coffee,6,20,3,10,LogisticRegression,ADASYN,4,{'n_neighbors': 4},0.77,0.7662354450297338,"{'C': 1.0, 'class_weight': None, 'dual': False, 'fit_intercept': True, 'intercept_scaling': 1, 'l1_ratio': None, 'max_iter': 100, 'multi_class': 'deprecated', 'n_jobs': None, 'penalty': 'l2', 'random_state': 42, 'solver': 'lbfgs', 'tol': 0.0001, 'verbose': 0, 'warm_start': False}",2.0217297077178955
Coffee,6,20,3,10,RNN,ADASYN,4,{'n_neighbors': 4},0.8333333333333334,0.8492063492063492,"{'hidden_size': 64, 'epochs': 10, 'batch_size': 64, 'lr': 0.005}",135.79573845863342
Coffee,6,20,3,10,KNN,ADASYN,5,{'n_neighbors': 5},0.8983333333333333,0.9029485641969529,"{'algorithm': 'auto', 'leaf_size': 30, 'metric': 'minkowski', 'metric_params': None, 'n_jobs': None, 'n_neighbors': 5, 'p': 2, 'weights': 'uniform'}",0.10310792922973633
Coffee,6,20,3,10,RandomForest,ADASYN,5,{'n_neighbors': 5},0.9916666666666667,0.9917099666300389,"{'bootstrap': True, 'ccp_alpha': 0.0, 'class_weight': None, 'criterion': 'gini', 'max_depth': None, 'max_features': 'sqrt', 'max_leaf_nodes': None, 'max_samples': None, 'min_impurity_decrease': 0.0, 'min_samples_leaf': 1, 'min_samples_split': 2, 'min_weight_fraction_leaf': 0.0, 'monotonic_cst': None, 'n_estimators': 100, 'n_jobs': None, 'oob_score': False, 'random_state': 42, 'verbose': 0, 'warm_start': False}",11.217893600463867
Coffee,6,20,3,10,LinearSVC,ADASYN,5,{'n_neighbors': 5},0.5933333333333334,0.5870549466294147,"{'C': 1.0, 'class_weight': None, 'dual': False, 'fit_intercept': True, 'intercept_scaling': 1, 'loss': 'squared_hinge', 'max_iter': 100, 'multi_class': 'ovr', 'penalty': 'l2', 'random_state': 42, 'tol': 0.0001, 'verbose': 0}",0.19884300231933594
Coffee,6,20,3,10,LogisticRegression,ADASYN,5,{'n_neighbors': 5},0.7483333333333333,0.7477118883531041,"{'C': 1.0, 'class_weight': None, 'dual': False, 'fit_intercept': True, 'intercept_scaling': 1, 'l1_ratio': None, 'max_iter': 100, 'multi_class': 'deprecated', 'n_jobs': None, 'penalty': 'l2', 'random_state': 42, 'solver': 'lbfgs', 'tol': 0.0001, 'verbose': 0, 'warm_start': False}",2.4910800457000732
Coffee,6,20,3,10,RNN,ADASYN,5,{'n_neighbors': 5},0.6666666666666666,0.6666666666666666,"{'hidden_size': 64, 'epochs': 10, 'batch_size': 64, 'lr': 0.005}",53.02098727226257
Coffee,6,20,4,1,KNN,Baseline,N/A,N/A,0.935,0.9386377756640404,"{'algorithm': 'auto', 'leaf_size': 30, 'metric': 'minkowski', 'metric_params': None, 'n_jobs': None, 'n_neighbors': 5, 'p': 2, 'weights': 'uniform'}",0.03695368766784668
Coffee,6,20,4,1,KNN,Tuned_Baseline,N/A,N/A,0.935,0.9386377756640404,"{'algorithm': 'auto', 'leaf_size': 30, 'metric': 'minkowski', 'metric_params': None, 'n_jobs': None, 'n_neighbors': np.int64(5), 'p': 3, 'weights': 'distance'}",0.0302889347076416
Coffee,6,20,4,1,RandomForest,Baseline,N/A,N/A,0.9783333333333334,0.9788155730940777,"{'bootstrap': True, 'ccp_alpha': 0.0, 'class_weight': None, 'criterion': 'gini', 'max_depth': None, 'max_features': 'sqrt', 'max_leaf_nodes': None, 'max_samples': None, 'min_impurity_decrease': 0.0, 'min_samples_leaf': 1, 'min_samples_split': 2, 'min_weight_fraction_leaf': 0.0, 'monotonic_cst': None, 'n_estimators': 100, 'n_jobs': None, 'oob_score': False, 'random_state': 42, 'verbose': 0, 'warm_start': False}",0.8151438236236572
Coffee,6,20,4,1,RandomForest,Tuned_Baseline,N/A,N/A,0.995,0.9950275355242257,"{'bootstrap': True, 'ccp_alpha': 0.0, 'class_weight': 'balanced', 'criterion': 'gini', 'max_depth': 30, 'max_features': 'sqrt', 'max_leaf_nodes': None, 'max_samples': None, 'min_impurity_decrease': 0.0, 'min_samples_leaf': 1, 'min_samples_split': 5, 'min_weight_fraction_leaf': 0.0, 'monotonic_cst': None, 'n_estimators': 100, 'n_jobs': None, 'oob_score': False, 'random_state': 42, 'verbose': 0, 'warm_start': False}",0.008503198623657227
Coffee,6,20,4,1,LinearSVC,Baseline,N/A,N/A,0.85,0.8342080072770992,"{'C': 1.0, 'class_weight': None, 'dual': False, 'fit_intercept': True, 'intercept_scaling': 1, 'loss': 'squared_hinge', 'max_iter': 100, 'multi_class': 'ovr', 'penalty': 'l2', 'random_state': 42, 'tol': 0.0001, 'verbose': 0}",0.019283533096313477
Coffee,6,20,4,1,LinearSVC,Tuned_Baseline,N/A,N/A,0.8716666666666667,0.8758509612752171,"{'C': np.float64(183.29807108324337), 'class_weight': 'balanced', 'dual': False, 'fit_intercept': True, 'intercept_scaling': 1, 'loss': 'squared_hinge', 'max_iter': 100, 'multi_class': 'ovr', 'penalty': 'l1', 'random_state': 42, 'tol': 0.0001, 'verbose': 0}",0.0002434253692626953
Coffee,6,20,4,1,LogisticRegression,Baseline,N/A,N/A,0.9566666666666667,0.9567373062469923,"{'C': 1.0, 'class_weight': None, 'dual': False, 'fit_intercept': True, 'intercept_scaling': 1, 'l1_ratio': None, 'max_iter': 100, 'multi_class': 'deprecated', 'n_jobs': None, 'penalty': 'l2', 'random_state': 42, 'solver': 'lbfgs', 'tol': 0.0001, 'verbose': 0, 'warm_start': False}",0.548255205154419
Coffee,6,20,4,1,LogisticRegression,Tuned_Baseline,N/A,N/A,0.9466666666666667,0.947638795621697,"{'C': np.float64(33.59818286283781), 'class_weight': None, 'dual': False, 'fit_intercept': True, 'intercept_scaling': 1, 'l1_ratio': None, 'max_iter': 100, 'multi_class': 'deprecated', 'n_jobs': None, 'penalty': 'l2', 'random_state': 42, 'solver': 'saga', 'tol': 0.0001, 'verbose': 0, 'warm_start': False}",0.0002734661102294922
Coffee,6,20,4,1,RNN,Baseline,N/A,N/A,0.5,0.46428571428571425,"{'hidden_size': 64, 'epochs': 10, 'batch_size': 32, 'lr': 0.001}",1.5675764083862305
Coffee,6,20,4,1,RNN,Tuned_Baseline,N/A,N/A,0.5,0.46428571428571425,"{'hidden_size': 64, 'epochs': 10, 'batch_size': 64, 'lr': 0.005}",0.02346968650817871
Coffee,6,20,4,2,KNN,ADASYN,2,{'n_neighbors': 2},0.9566666666666667,0.9584314711912983,"{'algorithm': 'auto', 'leaf_size': 30, 'metric': 'euclidean', 'metric_params': None, 'n_jobs': None, 'n_neighbors': np.int64(9), 'p': 2, 'weights': 'distance'}",0.04635143280029297
Coffee,6,20,4,2,RandomForest,ADASYN,2,{'n_neighbors': 2},0.955,0.9567626313124286,"{'bootstrap': True, 'ccp_alpha': 0.0, 'class_weight': None, 'criterion': 'gini', 'max_depth': None, 'max_features': 'sqrt', 'max_leaf_nodes': None, 'max_samples': None, 'min_impurity_decrease': 0.0, 'min_samples_leaf': 4, 'min_samples_split': 10, 'min_weight_fraction_leaf': 0.0, 'monotonic_cst': None, 'n_estimators': 50, 'n_jobs': None, 'oob_score': False, 'random_state': 42, 'verbose': 0, 'warm_start': False}",0.9252963066101074
Coffee,6,20,4,2,LinearSVC,ADASYN,2,{'n_neighbors': 2},0.7083333333333334,0.714859899406685,"{'C': np.float64(2.6366508987303554), 'class_weight': 'balanced', 'dual': False, 'fit_intercept': True, 'intercept_scaling': 1, 'loss': 'squared_hinge', 'max_iter': 100, 'multi_class': 'ovr', 'penalty': 'l1', 'random_state': 42, 'tol': 0.0001, 'verbose': 0}",0.0768284797668457
Coffee,6,20,4,2,LogisticRegression,ADASYN,2,{'n_neighbors': 2},0.8333333333333334,0.8379976967703056,"{'C': np.float64(33.59818286283781), 'class_weight': 'balanced', 'dual': False, 'fit_intercept': True, 'intercept_scaling': 1, 'l1_ratio': None, 'max_iter': 100, 'multi_class': 'deprecated', 'n_jobs': None, 'penalty': 'l2', 'random_state': 42, 'solver': 'saga', 'tol': 0.0001, 'verbose': 0, 'warm_start': False}",0.3589503765106201
Coffee,6,20,4,2,RNN,ADASYN,2,{'n_neighbors': 2},0.3333333333333333,0.3055555555555555,"{'hidden_size': 64, 'epochs': 10, 'batch_size': 64, 'lr': 0.005}",9.015238285064697
Coffee,6,20,4,2,KNN,ADASYN,3,{'n_neighbors': 3},0.9333333333333333,0.9371345029239766,"{'algorithm': 'auto', 'leaf_size': 30, 'metric': 'euclidean', 'metric_params': None, 'n_jobs': None, 'n_neighbors': np.int64(9), 'p': 2, 'weights': 'distance'}",0.020203113555908203
Coffee,6,20,4,2,RandomForest,ADASYN,3,{'n_neighbors': 3},0.965,0.9661911372626468,"{'bootstrap': True, 'ccp_alpha': 0.0, 'class_weight': None, 'criterion': 'gini', 'max_depth': 20, 'max_features': 'sqrt', 'max_leaf_nodes': None, 'max_samples': None, 'min_impurity_decrease': 0.0, 'min_samples_leaf': 1, 'min_samples_split': 2, 'min_weight_fraction_leaf': 0.0, 'monotonic_cst': None, 'n_estimators': 100, 'n_jobs': None, 'oob_score': False, 'random_state': 42, 'verbose': 0, 'warm_start': False}",2.2425296306610107
Coffee,6,20,4,2,LinearSVC,ADASYN,3,{'n_neighbors': 3},0.585,0.5810899743162614,"{'C': np.float64(1000.0), 'class_weight': 'balanced', 'dual': False, 'fit_intercept': True, 'intercept_scaling': 1, 'loss': 'squared_hinge', 'max_iter': 100, 'multi_class': 'ovr', 'penalty': 'l2', 'random_state': 42, 'tol': 0.001, 'verbose': 0}",0.03641843795776367
Coffee,6,20,4,2,LogisticRegression,ADASYN,3,{'n_neighbors': 3},0.7366666666666667,0.7458959587805688,"{'C': np.float64(1000.0), 'class_weight': 'balanced', 'dual': False, 'fit_intercept': True, 'intercept_scaling': 1, 'l1_ratio': None, 'max_iter': 100, 'multi_class': 'deprecated', 'n_jobs': None, 'penalty': 'l2', 'random_state': 42, 'solver': 'sag', 'tol': 0.0001, 'verbose': 0, 'warm_start': False}",0.2649414539337158
Coffee,6,20,4,2,RNN,ADASYN,3,{'n_neighbors': 3},0.5,0.46428571428571425,"{'hidden_size': 64, 'epochs': 10, 'batch_size': 64, 'lr': 0.005}",32.15757346153259
Coffee,6,20,4,2,KNN,ADASYN,4,{'n_neighbors': 4},0.9733333333333334,0.9740488788107836,"{'algorithm': 'auto', 'leaf_size': 30, 'metric': 'euclidean', 'metric_params': None, 'n_jobs': None, 'n_neighbors': np.int64(9), 'p': 2, 'weights': 'distance'}",0.02173781394958496
Coffee,6,20,4,2,RandomForest,ADASYN,4,{'n_neighbors': 4},0.97,0.9708932635678923,"{'bootstrap': True, 'ccp_alpha': 0.0, 'class_weight': None, 'criterion': 'gini', 'max_depth': 20, 'max_features': 'sqrt', 'max_leaf_nodes': None, 'max_samples': None, 'min_impurity_decrease': 0.0, 'min_samples_leaf': 1, 'min_samples_split': 2, 'min_weight_fraction_leaf': 0.0, 'monotonic_cst': None, 'n_estimators': 100, 'n_jobs': None, 'oob_score': False, 'random_state': 42, 'verbose': 0, 'warm_start': False}",1.7213573455810547
Coffee,6,20,4,2,LinearSVC,ADASYN,4,{'n_neighbors': 4},0.7566666666666667,0.6963713693504536,"{'C': np.float64(33.59818286283781), 'class_weight': None, 'dual': False, 'fit_intercept': True, 'intercept_scaling': 1, 'loss': 'squared_hinge', 'max_iter': 100, 'multi_class': 'ovr', 'penalty': 'l1', 'random_state': 42, 'tol': 0.001, 'verbose': 0}",0.08063101768493652
Coffee,6,20,4,2,LogisticRegression,ADASYN,4,{'n_neighbors': 4},0.8566666666666667,0.8601844625659981,"{'C': np.float64(183.29807108324337), 'class_weight': 'balanced', 'dual': False, 'fit_intercept': True, 'intercept_scaling': 1, 'l1_ratio': None, 'max_iter': 100, 'multi_class': 'deprecated', 'n_jobs': None, 'penalty': 'l1', 'random_state': 42, 'solver': 'saga', 'tol': 0.0001, 'verbose': 0, 'warm_start': False}",0.3749275207519531
Coffee,6,20,4,2,RNN,ADASYN,4,{'n_neighbors': 4},0.3333333333333333,0.2888888888888889,"{'hidden_size': 64, 'epochs': 10, 'batch_size': 64, 'lr': 0.005}",8.64286732673645
Coffee,6,20,4,2,KNN,ADASYN,5,{'n_neighbors': 5},0.915,0.9207415996893601,"{'algorithm': 'auto', 'leaf_size': 30, 'metric': 'euclidean', 'metric_params': None, 'n_jobs': None, 'n_neighbors': np.int64(9), 'p': 2, 'weights': 'distance'}",0.021824359893798828
Coffee,6,20,4,2,RandomForest,ADASYN,5,{'n_neighbors': 5},0.965,0.9661911372626468,"{'bootstrap': True, 'ccp_alpha': 0.0, 'class_weight': 'balanced', 'criterion': 'gini', 'max_depth': None, 'max_features': 'sqrt', 'max_leaf_nodes': None, 'max_samples': None, 'min_impurity_decrease': 0.0, 'min_samples_leaf': 1, 'min_samples_split': 2, 'min_weight_fraction_leaf': 0.0, 'monotonic_cst': None, 'n_estimators': 50, 'n_jobs': None, 'oob_score': False, 'random_state': 42, 'verbose': 0, 'warm_start': False}",0.9348244667053223
Coffee,6,20,4,2,LinearSVC,ADASYN,5,{'n_neighbors': 5},0.825,0.8275057467153418,"{'C': np.float64(2.6366508987303554), 'class_weight': 'balanced', 'dual': False, 'fit_intercept': True, 'intercept_scaling': 1, 'loss': 'squared_hinge', 'max_iter': 100, 'multi_class': 'ovr', 'penalty': 'l1', 'random_state': 42, 'tol': 0.0001, 'verbose': 0}",0.08642983436584473
Coffee,6,20,4,2,LogisticRegression,ADASYN,5,{'n_neighbors': 5},0.9116666666666666,0.914682642280931,"{'C': np.float64(33.59818286283781), 'class_weight': None, 'dual': False, 'fit_intercept': True, 'intercept_scaling': 1, 'l1_ratio': None, 'max_iter': 100, 'multi_class': 'deprecated', 'n_jobs': None, 'penalty': 'l2', 'random_state': 42, 'solver': 'saga', 'tol': 0.0001, 'verbose': 0, 'warm_start': False}",0.3056027889251709
Coffee,6,20,4,2,RNN,ADASYN,5,{'n_neighbors': 5},0.5,0.46428571428571425,"{'hidden_size': 64, 'epochs': 10, 'batch_size': 64, 'lr': 0.005}",32.13965058326721
Coffee,6,20,4,3,KNN,ADASYN,2,{'n_neighbors': 2},0.9633333333333334,0.9639481954146557,"{'algorithm': 'auto', 'leaf_size': 30, 'metric': 'euclidean', 'metric_params': None, 'n_jobs': None, 'n_neighbors': np.int64(9), 'p': 2, 'weights': 'distance'}",0.02609562873840332
Coffee,6,20,4,3,RandomForest,ADASYN,2,{'n_neighbors': 2},0.9333333333333333,0.9371345029239766,"{'bootstrap': True, 'ccp_alpha': 0.0, 'class_weight': 'balanced', 'criterion': 'gini', 'max_depth': 20, 'max_features': 'sqrt', 'max_leaf_nodes': None, 'max_samples': None, 'min_impurity_decrease': 0.0, 'min_samples_leaf': 2, 'min_samples_split': 5, 'min_weight_fraction_leaf': 0.0, 'monotonic_cst': None, 'n_estimators': 50, 'n_jobs': None, 'oob_score': False, 'random_state': 42, 'verbose': 0, 'warm_start': False}",2.000291585922241
Coffee,6,20,4,3,LinearSVC,ADASYN,2,{'n_neighbors': 2},0.5066666666666667,0.5032179322374962,"{'C': np.float64(0.2069138081114788), 'class_weight': 'balanced', 'dual': False, 'fit_intercept': False, 'intercept_scaling': 1, 'loss': 'squared_hinge', 'max_iter': 100, 'multi_class': 'ovr', 'penalty': 'l2', 'random_state': 42, 'tol': 0.0001, 'verbose': 0}",0.04920053482055664
Coffee,6,20,4,3,LogisticRegression,ADASYN,2,{'n_neighbors': 2},0.5766666666666667,0.5817585847507107,"{'C': np.float64(6.1584821106602545), 'class_weight': 'balanced', 'dual': False, 'fit_intercept': False, 'intercept_scaling': 1, 'l1_ratio': None, 'max_iter': 100, 'multi_class': 'deprecated', 'n_jobs': None, 'penalty': 'l2', 'random_state': 42, 'solver': 'lbfgs', 'tol': 0.0001, 'verbose': 0, 'warm_start': False}",0.5217850208282471
Coffee,6,20,4,3,RNN,ADASYN,2,{'n_neighbors': 2},0.6666666666666666,0.6666666666666666,"{'hidden_size': 64, 'epochs': 10, 'batch_size': 64, 'lr': 0.005}",23.101744890213013
Coffee,6,20,4,3,KNN,ADASYN,3,{'n_neighbors': 3},0.9483333333333334,0.9505569530834737,"{'algorithm': 'auto', 'leaf_size': 30, 'metric': 'minkowski', 'metric_params': None, 'n_jobs': None, 'n_neighbors': np.int64(13), 'p': 4, 'weights': 'distance'}",0.06569290161132812
Coffee,6,20,4,3,RandomForest,ADASYN,3,{'n_neighbors': 3},0.9616666666666667,0.9630761446904944,"{'bootstrap': True, 'ccp_alpha': 0.0, 'class_weight': 'balanced', 'criterion': 'gini', 'max_depth': 20, 'max_features': 'sqrt', 'max_leaf_nodes': None, 'max_samples': None, 'min_impurity_decrease': 0.0, 'min_samples_leaf': 2, 'min_samples_split': 10, 'min_weight_fraction_leaf': 0.0, 'monotonic_cst': None, 'n_estimators': 150, 'n_jobs': None, 'oob_score': False, 'random_state': 42, 'verbose': 0, 'warm_start': False}",4.4982171058654785
Coffee,6,20,4,3,LinearSVC,ADASYN,3,{'n_neighbors': 3},0.6833333333333333,0.6690445419441826,"{'C': np.float64(1000.0), 'class_weight': 'balanced', 'dual': False, 'fit_intercept': True, 'intercept_scaling': 1, 'loss': 'squared_hinge', 'max_iter': 100, 'multi_class': 'ovr', 'penalty': 'l2', 'random_state': 42, 'tol': 0.001, 'verbose': 0}",0.05748748779296875
Coffee,6,20,4,3,LogisticRegression,ADASYN,3,{'n_neighbors': 3},0.8766666666666667,0.8797700244527941,"{'C': np.float64(1000.0), 'class_weight': 'balanced', 'dual': False, 'fit_intercept': True, 'intercept_scaling': 1, 'l1_ratio': None, 'max_iter': 100, 'multi_class': 'deprecated', 'n_jobs': None, 'penalty': 'l2', 'random_state': 42, 'solver': 'sag', 'tol': 0.0001, 'verbose': 0, 'warm_start': False}",0.348757266998291
Coffee,6,20,4,3,RNN,ADASYN,3,{'n_neighbors': 3},0.5,0.46428571428571425,"{'hidden_size': 64, 'epochs': 10, 'batch_size': 64, 'lr': 0.005}",44.89608836174011
Coffee,6,20,4,3,KNN,ADASYN,4,{'n_neighbors': 4},0.96,0.9615243004418262,"{'algorithm': 'auto', 'leaf_size': 30, 'metric': 'minkowski', 'metric_params': None, 'n_jobs': None, 'n_neighbors': np.int64(13), 'p': 4, 'weights': 'distance'}",0.06451725959777832
Coffee,6,20,4,3,RandomForest,ADASYN,4,{'n_neighbors': 4},0.9583333333333334,0.9599761051373955,"{'bootstrap': True, 'ccp_alpha': 0.0, 'class_weight': 'balanced', 'criterion': 'gini', 'max_depth': 20, 'max_features': 'sqrt', 'max_leaf_nodes': None, 'max_samples': None, 'min_impurity_decrease': 0.0, 'min_samples_leaf': 2, 'min_samples_split': 5, 'min_weight_fraction_leaf': 0.0, 'monotonic_cst': None, 'n_estimators': 50, 'n_jobs': None, 'oob_score': False, 'random_state': 42, 'verbose': 0, 'warm_start': False}",1.286677360534668
Coffee,6,20,4,3,LinearSVC,ADASYN,4,{'n_neighbors': 4},0.62,0.6209901918721252,"{'C': np.float64(1000.0), 'class_weight': 'balanced', 'dual': False, 'fit_intercept': True, 'intercept_scaling': 1, 'loss': 'squared_hinge', 'max_iter': 100, 'multi_class': 'ovr', 'penalty': 'l2', 'random_state': 42, 'tol': 0.001, 'verbose': 0}",0.04736924171447754
Coffee,6,20,4,3,LogisticRegression,ADASYN,4,{'n_neighbors': 4},0.7966666666666666,0.8029350808135027,"{'C': np.float64(2.6366508987303554), 'class_weight': 'balanced', 'dual': False, 'fit_intercept': True, 'intercept_scaling': 1, 'l1_ratio': None, 'max_iter': 100, 'multi_class': 'deprecated', 'n_jobs': None, 'penalty': 'l1', 'random_state': 42, 'solver': 'saga', 'tol': 0.0001, 'verbose': 0, 'warm_start': False}",0.5358736515045166
Coffee,6,20,4,3,RNN,ADASYN,4,{'n_neighbors': 4},0.6666666666666666,0.6666666666666666,"{'hidden_size': 64, 'epochs': 10, 'batch_size': 64, 'lr': 0.005}",45.36126685142517
Coffee,6,20,4,3,KNN,ADASYN,5,{'n_neighbors': 5},0.9583333333333334,0.9596546230639266,"{'algorithm': 'auto', 'leaf_size': 30, 'metric': 'chebyshev', 'metric_params': None, 'n_jobs': None, 'n_neighbors': np.int64(5), 'p': 2, 'weights': 'uniform'}",0.04887652397155762
Coffee,6,20,4,3,RandomForest,ADASYN,5,{'n_neighbors': 5},0.9016666666666666,0.908952040530988,"{'bootstrap': True, 'ccp_alpha': 0.0, 'class_weight': 'balanced', 'criterion': 'gini', 'max_depth': None, 'max_features': 'sqrt', 'max_leaf_nodes': None, 'max_samples': None, 'min_impurity_decrease': 0.0, 'min_samples_leaf': 1, 'min_samples_split': 2, 'min_weight_fraction_leaf': 0.0, 'monotonic_cst': None, 'n_estimators': 50, 'n_jobs': None, 'oob_score': False, 'random_state': 42, 'verbose': 0, 'warm_start': False}",1.3638288974761963
Coffee,6,20,4,3,LinearSVC,ADASYN,5,{'n_neighbors': 5},0.68,0.6565914463786804,"{'C': np.float64(33.59818286283781), 'class_weight': None, 'dual': False, 'fit_intercept': True, 'intercept_scaling': 1, 'loss': 'squared_hinge', 'max_iter': 100, 'multi_class': 'ovr', 'penalty': 'l1', 'random_state': 42, 'tol': 0.001, 'verbose': 0}",0.1258237361907959
Coffee,6,20,4,3,LogisticRegression,ADASYN,5,{'n_neighbors': 5},0.825,0.8299624057199814,"{'C': np.float64(2.6366508987303554), 'class_weight': 'balanced', 'dual': False, 'fit_intercept': True, 'intercept_scaling': 1, 'l1_ratio': None, 'max_iter': 100, 'multi_class': 'deprecated', 'n_jobs': None, 'penalty': 'l1', 'random_state': 42, 'solver': 'saga', 'tol': 0.0001, 'verbose': 0, 'warm_start': False}",0.5518388748168945
Coffee,6,20,4,3,RNN,ADASYN,5,{'n_neighbors': 5},0.5,0.46428571428571425,"{'hidden_size': 64, 'epochs': 10, 'batch_size': 64, 'lr': 0.005}",51.13018345832825
Coffee,6,20,4,5,KNN,ADASYN,2,{'n_neighbors': 2},0.9666666666666667,0.9673860930813101,"{'algorithm': 'auto', 'leaf_size': 30, 'metric': 'minkowski', 'metric_params': None, 'n_jobs': None, 'n_neighbors': np.int64(5), 'p': 3, 'weights': 'distance'}",0.15705561637878418
Coffee,6,20,4,5,RandomForest,ADASYN,2,{'n_neighbors': 2},0.98,0.9804137534718897,"{'bootstrap': True, 'ccp_alpha': 0.0, 'class_weight': None, 'criterion': 'gini', 'max_depth': None, 'max_features': 'sqrt', 'max_leaf_nodes': None, 'max_samples': None, 'min_impurity_decrease': 0.0, 'min_samples_leaf': 2, 'min_samples_split': 20, 'min_weight_fraction_leaf': 0.0, 'monotonic_cst': None, 'n_estimators': 100, 'n_jobs': None, 'oob_score': False, 'random_state': 42, 'verbose': 0, 'warm_start': False}",5.153405427932739
Coffee,6,20,4,5,LinearSVC,ADASYN,2,{'n_neighbors': 2},0.6816666666666666,0.6442234711052616,"{'C': 1.0, 'class_weight': None, 'dual': False, 'fit_intercept': True, 'intercept_scaling': 1, 'loss': 'squared_hinge', 'max_iter': 100, 'multi_class': 'ovr', 'penalty': 'l2', 'random_state': 42, 'tol': 0.0001, 'verbose': 0}",0.10217905044555664
Coffee,6,20,4,5,LogisticRegression,ADASYN,2,{'n_neighbors': 2},0.8266666666666667,0.8182271377523591,"{'C': 1.0, 'class_weight': None, 'dual': False, 'fit_intercept': True, 'intercept_scaling': 1, 'l1_ratio': None, 'max_iter': 100, 'multi_class': 'deprecated', 'n_jobs': None, 'penalty': 'l2', 'random_state': 42, 'solver': 'lbfgs', 'tol': 0.0001, 'verbose': 0, 'warm_start': False}",0.7146871089935303
Coffee,6,20,4,5,RNN,ADASYN,2,{'n_neighbors': 2},0.3333333333333333,0.3055555555555555,"{'hidden_size': 64, 'epochs': 10, 'batch_size': 64, 'lr': 0.005}",94.5627908706665
Coffee,6,20,4,5,KNN,ADASYN,3,{'n_neighbors': 3},0.98,0.9802076280560255,"{'algorithm': 'auto', 'leaf_size': 30, 'metric': 'minkowski', 'metric_params': None, 'n_jobs': None, 'n_neighbors': 5, 'p': 2, 'weights': 'uniform'}",0.06416058540344238
Coffee,6,20,4,5,RandomForest,ADASYN,3,{'n_neighbors': 3},0.98,0.9804137534718897,"{'bootstrap': True, 'ccp_alpha': 0.0, 'class_weight': None, 'criterion': 'gini', 'max_depth': None, 'max_features': 'sqrt', 'max_leaf_nodes': None, 'max_samples': None, 'min_impurity_decrease': 0.0, 'min_samples_leaf': 1, 'min_samples_split': 2, 'min_weight_fraction_leaf': 0.0, 'monotonic_cst': None, 'n_estimators': 100, 'n_jobs': None, 'oob_score': False, 'random_state': 42, 'verbose': 0, 'warm_start': False}",5.2770960330963135
Coffee,6,20,4,5,LinearSVC,ADASYN,3,{'n_neighbors': 3},0.7366666666666667,0.6793087427939513,"{'C': 1.0, 'class_weight': None, 'dual': False, 'fit_intercept': True, 'intercept_scaling': 1, 'loss': 'squared_hinge', 'max_iter': 100, 'multi_class': 'ovr', 'penalty': 'l2', 'random_state': 42, 'tol': 0.0001, 'verbose': 0}",0.0866854190826416
Coffee,6,20,4,5,LogisticRegression,ADASYN,3,{'n_neighbors': 3},0.845,0.8388799034510397,"{'C': 1.0, 'class_weight': None, 'dual': False, 'fit_intercept': True, 'intercept_scaling': 1, 'l1_ratio': None, 'max_iter': 100, 'multi_class': 'deprecated', 'n_jobs': None, 'penalty': 'l2', 'random_state': 42, 'solver': 'lbfgs', 'tol': 0.0001, 'verbose': 0, 'warm_start': False}",0.584282398223877
Coffee,6,20,4,5,RNN,ADASYN,3,{'n_neighbors': 3},0.6666666666666666,0.6666666666666666,"{'hidden_size': 64, 'epochs': 10, 'batch_size': 64, 'lr': 0.005}",57.789143323898315
Coffee,6,20,4,5,KNN,ADASYN,4,{'n_neighbors': 4},0.9783333333333334,0.9785881549453386,"{'algorithm': 'auto', 'leaf_size': 30, 'metric': 'euclidean', 'metric_params': None, 'n_jobs': None, 'n_neighbors': np.int64(9), 'p': 2, 'weights': 'distance'}",0.04050493240356445
Coffee,6,20,4,5,RandomForest,ADASYN,4,{'n_neighbors': 4},0.985,0.9852376314882136,"{'bootstrap': True, 'ccp_alpha': 0.0, 'class_weight': None, 'criterion': 'gini', 'max_depth': 30, 'max_features': 'sqrt', 'max_leaf_nodes': None, 'max_samples': None, 'min_impurity_decrease': 0.0, 'min_samples_leaf': 1, 'min_samples_split': 20, 'min_weight_fraction_leaf': 0.0, 'monotonic_cst': None, 'n_estimators': 50, 'n_jobs': None, 'oob_score': False, 'random_state': 42, 'verbose': 0, 'warm_start': False}",2.5156495571136475
Coffee,6,20,4,5,LinearSVC,ADASYN,4,{'n_neighbors': 4},0.5566666666666666,0.548524910014465,"{'C': np.float64(0.002976351441631319), 'class_weight': None, 'dual': False, 'fit_intercept': False, 'intercept_scaling': 1, 'loss': 'squared_hinge', 'max_iter': 100, 'multi_class': 'ovr', 'penalty': 'l1', 'random_state': 42, 'tol': 0.0001, 'verbose': 0}",0.14125418663024902
Coffee,6,20,4,5,LogisticRegression,ADASYN,4,{'n_neighbors': 4},0.73,0.6650148481480807,"{'C': np.float64(0.002976351441631319), 'class_weight': None, 'dual': False, 'fit_intercept': True, 'intercept_scaling': 1, 'l1_ratio': None, 'max_iter': 100, 'multi_class': 'deprecated', 'n_jobs': None, 'penalty': 'l2', 'random_state': 42, 'solver': 'saga', 'tol': 0.0001, 'verbose': 0, 'warm_start': False}",0.13589215278625488
Coffee,6,20,4,5,RNN,ADASYN,4,{'n_neighbors': 4},0.5,0.46428571428571425,"{'hidden_size': 64, 'epochs': 10, 'batch_size': 64, 'lr': 0.005}",75.1706931591034
Coffee,6,20,4,5,KNN,ADASYN,5,{'n_neighbors': 5},0.9216666666666666,0.9263941685025462,"{'algorithm': 'auto', 'leaf_size': 30, 'metric': 'minkowski', 'metric_params': None, 'n_jobs': None, 'n_neighbors': np.int64(13), 'p': 4, 'weights': 'distance'}",0.08928728103637695
Coffee,6,20,4,5,RandomForest,ADASYN,5,{'n_neighbors': 5},0.915,0.9207415996893601,"{'bootstrap': True, 'ccp_alpha': 0.0, 'class_weight': 'balanced', 'criterion': 'gini', 'max_depth': None, 'max_features': 'sqrt', 'max_leaf_nodes': None, 'max_samples': None, 'min_impurity_decrease': 0.0, 'min_samples_leaf': 1, 'min_samples_split': 2, 'min_weight_fraction_leaf': 0.0, 'monotonic_cst': None, 'n_estimators': 50, 'n_jobs': None, 'oob_score': False, 'random_state': 42, 'verbose': 0, 'warm_start': False}",2.1122889518737793
Coffee,6,20,4,5,LinearSVC,ADASYN,5,{'n_neighbors': 5},0.7316666666666667,0.7287568397884491,"{'C': np.float64(1000.0), 'class_weight': 'balanced', 'dual': False, 'fit_intercept': True, 'intercept_scaling': 1, 'loss': 'squared_hinge', 'max_iter': 100, 'multi_class': 'ovr', 'penalty': 'l2', 'random_state': 42, 'tol': 0.001, 'verbose': 0}",0.07190918922424316
Coffee,6,20,4,5,LogisticRegression,ADASYN,5,{'n_neighbors': 5},0.885,0.8880835852831032,"{'C': np.float64(33.59818286283781), 'class_weight': 'balanced', 'dual': False, 'fit_intercept': True, 'intercept_scaling': 1, 'l1_ratio': None, 'max_iter': 100, 'multi_class': 'deprecated', 'n_jobs': None, 'penalty': 'l2', 'random_state': 42, 'solver': 'saga', 'tol': 0.0001, 'verbose': 0, 'warm_start': False}",0.6362886428833008
Coffee,6,20,4,5,RNN,ADASYN,5,{'n_neighbors': 5},0.8333333333333334,0.7592592592592592,"{'hidden_size': 64, 'epochs': 10, 'batch_size': 64, 'lr': 0.005}",0.6395082473754883
Coffee,6,20,4,10,KNN,ADASYN,2,{'n_neighbors': 2},0.9716666666666667,0.9719384657376189,"{'algorithm': 'auto', 'leaf_size': 30, 'metric': 'minkowski', 'metric_params': None, 'n_jobs': None, 'n_neighbors': 5, 'p': 2, 'weights': 'uniform'}",0.0832056999206543
Coffee,6,20,4,10,RandomForest,ADASYN,2,{'n_neighbors': 2},0.9683333333333334,0.9691354367254235,"{'bootstrap': True, 'ccp_alpha': 0.0, 'class_weight': None, 'criterion': 'gini', 'max_depth': None, 'max_features': 'sqrt', 'max_leaf_nodes': None, 'max_samples': None, 'min_impurity_decrease': 0.0, 'min_samples_leaf': 1, 'min_samples_split': 2, 'min_weight_fraction_leaf': 0.0, 'monotonic_cst': None, 'n_estimators': 100, 'n_jobs': None, 'oob_score': False, 'random_state': 42, 'verbose': 0, 'warm_start': False}",10.396168231964111
Coffee,6,20,4,10,LinearSVC,ADASYN,2,{'n_neighbors': 2},0.6983333333333334,0.653741121483057,"{'C': 1.0, 'class_weight': None, 'dual': False, 'fit_intercept': True, 'intercept_scaling': 1, 'loss': 'squared_hinge', 'max_iter': 100, 'multi_class': 'ovr', 'penalty': 'l2', 'random_state': 42, 'tol': 0.0001, 'verbose': 0}",0.14713144302368164
Coffee,6,20,4,10,LogisticRegression,ADASYN,2,{'n_neighbors': 2},0.8266666666666667,0.8226882376232404,"{'C': 1.0, 'class_weight': None, 'dual': False, 'fit_intercept': True, 'intercept_scaling': 1, 'l1_ratio': None, 'max_iter': 100, 'multi_class': 'deprecated', 'n_jobs': None, 'penalty': 'l2', 'random_state': 42, 'solver': 'lbfgs', 'tol': 0.0001, 'verbose': 0, 'warm_start': False}",1.760998249053955
Coffee,6,20,4,10,RNN,ADASYN,2,{'n_neighbors': 2},0.5,0.49206349206349204,"{'hidden_size': 64, 'epochs': 10, 'batch_size': 64, 'lr': 0.005}",143.07287502288818
Coffee,6,20,4,10,KNN,ADASYN,3,{'n_neighbors': 3},0.9783333333333334,0.9784972772835376,"{'algorithm': 'auto', 'leaf_size': 30, 'metric': 'minkowski', 'metric_params': None, 'n_jobs': None, 'n_neighbors': 5, 'p': 2, 'weights': 'uniform'}",0.11033868789672852
Coffee,6,20,4,10,RandomForest,ADASYN,3,{'n_neighbors': 3},0.985,0.9852376314882136,"{'bootstrap': True, 'ccp_alpha': 0.0, 'class_weight': None, 'criterion': 'gini', 'max_depth': None, 'max_features': 'sqrt', 'max_leaf_nodes': None, 'max_samples': None, 'min_impurity_decrease': 0.0, 'min_samples_leaf': 1, 'min_samples_split': 2, 'min_weight_fraction_leaf': 0.0, 'monotonic_cst': None, 'n_estimators': 100, 'n_jobs': None, 'oob_score': False, 'random_state': 42, 'verbose': 0, 'warm_start': False}",9.932543754577637
Coffee,6,20,4,10,LinearSVC,ADASYN,3,{'n_neighbors': 3},0.675,0.6494761277369973,"{'C': 1.0, 'class_weight': None, 'dual': False, 'fit_intercept': True, 'intercept_scaling': 1, 'loss': 'squared_hinge', 'max_iter': 100, 'multi_class': 'ovr', 'penalty': 'l2', 'random_state': 42, 'tol': 0.0001, 'verbose': 0}",0.1484076976776123
Coffee,6,20,4,10,LogisticRegression,ADASYN,3,{'n_neighbors': 3},0.7433333333333333,0.7357990007502354,"{'C': 1.0, 'class_weight': None, 'dual': False, 'fit_intercept': True, 'intercept_scaling': 1, 'l1_ratio': None, 'max_iter': 100, 'multi_class': 'deprecated', 'n_jobs': None, 'penalty': 'l2', 'random_state': 42, 'solver': 'lbfgs', 'tol': 0.0001, 'verbose': 0, 'warm_start': False}",1.984140396118164
Coffee,6,20,4,10,RNN,ADASYN,3,{'n_neighbors': 3},0.5,0.4611111111111111,"{'hidden_size': 64, 'epochs': 10, 'batch_size': 64, 'lr': 0.005}",174.9153230190277
Coffee,6,20,4,10,KNN,ADASYN,4,{'n_neighbors': 4},0.98,0.9801466042321719,"{'algorithm': 'auto', 'leaf_size': 30, 'metric': 'minkowski', 'metric_params': None, 'n_jobs': None, 'n_neighbors': 5, 'p': 2, 'weights': 'uniform'}",0.10835933685302734
Coffee,6,20,4,10,RandomForest,ADASYN,4,{'n_neighbors': 4},0.9716666666666667,0.9724689200032174,"{'bootstrap': True, 'ccp_alpha': 0.0, 'class_weight': None, 'criterion': 'gini', 'max_depth': None, 'max_features': 'sqrt', 'max_leaf_nodes': None, 'max_samples': None, 'min_impurity_decrease': 0.0, 'min_samples_leaf': 1, 'min_samples_split': 2, 'min_weight_fraction_leaf': 0.0, 'monotonic_cst': None, 'n_estimators': 100, 'n_jobs': None, 'oob_score': False, 'random_state': 42, 'verbose': 0, 'warm_start': False}",10.618160247802734
Coffee,6,20,4,10,LinearSVC,ADASYN,4,{'n_neighbors': 4},0.6083333333333333,0.5920819716775599,"{'C': 1.0, 'class_weight': None, 'dual': False, 'fit_intercept': True, 'intercept_scaling': 1, 'loss': 'squared_hinge', 'max_iter': 100, 'multi_class': 'ovr', 'penalty': 'l2', 'random_state': 42, 'tol': 0.0001, 'verbose': 0}",0.17282986640930176
Coffee,6,20,4,10,LogisticRegression,ADASYN,4,{'n_neighbors': 4},0.8266666666666667,0.8267395200249339,"{'C': 1.0, 'class_weight': None, 'dual': False, 'fit_intercept': True, 'intercept_scaling': 1, 'l1_ratio': None, 'max_iter': 100, 'multi_class': 'deprecated', 'n_jobs': None, 'penalty': 'l2', 'random_state': 42, 'solver': 'lbfgs', 'tol': 0.0001, 'verbose': 0, 'warm_start': False}",1.2053234577178955
Coffee,6,20,4,10,RNN,ADASYN,4,{'n_neighbors': 4},0.8333333333333334,0.8492063492063492,"{'hidden_size': 64, 'epochs': 10, 'batch_size': 64, 'lr': 0.005}",150.40731000900269
Coffee,6,20,4,10,KNN,ADASYN,5,{'n_neighbors': 5},0.9433333333333334,0.9450868461596504,"{'algorithm': 'auto', 'leaf_size': 30, 'metric': 'minkowski', 'metric_params': None, 'n_jobs': None, 'n_neighbors': 5, 'p': 2, 'weights': 'uniform'}",0.10897421836853027
Coffee,6,20,4,10,RandomForest,ADASYN,5,{'n_neighbors': 5},0.93,0.9341350661811204,"{'bootstrap': True, 'ccp_alpha': 0.0, 'class_weight': None, 'criterion': 'gini', 'max_depth': None, 'max_features': 'sqrt', 'max_leaf_nodes': None, 'max_samples': None, 'min_impurity_decrease': 0.0, 'min_samples_leaf': 1, 'min_samples_split': 2, 'min_weight_fraction_leaf': 0.0, 'monotonic_cst': None, 'n_estimators': 100, 'n_jobs': None, 'oob_score': False, 'random_state': 42, 'verbose': 0, 'warm_start': False}",11.69607162475586
Coffee,6,20,4,10,LinearSVC,ADASYN,5,{'n_neighbors': 5},0.635,0.6193675170847941,"{'C': 1.0, 'class_weight': None, 'dual': False, 'fit_intercept': True, 'intercept_scaling': 1, 'loss': 'squared_hinge', 'max_iter': 100, 'multi_class': 'ovr', 'penalty': 'l2', 'random_state': 42, 'tol': 0.0001, 'verbose': 0}",0.19033598899841309
Coffee,6,20,4,10,LogisticRegression,ADASYN,5,{'n_neighbors': 5},0.8616666666666667,0.8639736894057682,"{'C': 1.0, 'class_weight': None, 'dual': False, 'fit_intercept': True, 'intercept_scaling': 1, 'l1_ratio': None, 'max_iter': 100, 'multi_class': 'deprecated', 'n_jobs': None, 'penalty': 'l2', 'random_state': 42, 'solver': 'lbfgs', 'tol': 0.0001, 'verbose': 0, 'warm_start': False}",1.5224037170410156
Coffee,6,20,4,10,RNN,ADASYN,5,{'n_neighbors': 5},0.5,0.4611111111111111,"{'hidden_size': 64, 'epochs': 10, 'batch_size': 64, 'lr': 0.005}",3.1149749755859375
Coffee,6,20,5,1,KNN,Baseline,N/A,N/A,0.985,0.9852376314882136,"{'algorithm': 'auto', 'leaf_size': 30, 'metric': 'minkowski', 'metric_params': None, 'n_jobs': None, 'n_neighbors': 5, 'p': 2, 'weights': 'uniform'}",0.027404308319091797
Coffee,6,20,5,1,KNN,Tuned_Baseline,N/A,N/A,0.9883333333333333,0.988399968776135,"{'algorithm': 'auto', 'leaf_size': 30, 'metric': 'manhattan', 'metric_params': None, 'n_jobs': None, 'n_neighbors': np.int64(5), 'p': 2, 'weights': 'distance'}",0.009884834289550781
Coffee,6,20,5,1,RandomForest,Baseline,N/A,N/A,1.0,1.0,"{'bootstrap': True, 'ccp_alpha': 0.0, 'class_weight': None, 'criterion': 'gini', 'max_depth': None, 'max_features': 'sqrt', 'max_leaf_nodes': None, 'max_samples': None, 'min_impurity_decrease': 0.0, 'min_samples_leaf': 1, 'min_samples_split': 2, 'min_weight_fraction_leaf': 0.0, 'monotonic_cst': None, 'n_estimators': 100, 'n_jobs': None, 'oob_score': False, 'random_state': 42, 'verbose': 0, 'warm_start': False}",0.7971436977386475
Coffee,6,20,5,1,RandomForest,Tuned_Baseline,N/A,N/A,0.995,0.9950275355242257,"{'bootstrap': True, 'ccp_alpha': 0.0, 'class_weight': 'balanced', 'criterion': 'gini', 'max_depth': 20, 'max_features': 'sqrt', 'max_leaf_nodes': None, 'max_samples': None, 'min_impurity_decrease': 0.0, 'min_samples_leaf': 1, 'min_samples_split': 2, 'min_weight_fraction_leaf': 0.0, 'monotonic_cst': None, 'n_estimators': 50, 'n_jobs': None, 'oob_score': False, 'random_state': 42, 'verbose': 0, 'warm_start': False}",0.00426936149597168
Coffee,6,20,5,1,LinearSVC,Baseline,N/A,N/A,0.8666666666666667,0.8726878531058757,"{'C': 1.0, 'class_weight': None, 'dual': False, 'fit_intercept': True, 'intercept_scaling': 1, 'loss': 'squared_hinge', 'max_iter': 100, 'multi_class': 'ovr', 'penalty': 'l2', 'random_state': 42, 'tol': 0.0001, 'verbose': 0}",0.01644277572631836
Coffee,6,20,5,1,LinearSVC,Tuned_Baseline,N/A,N/A,0.855,0.8625308853996501,"{'C': np.float64(6.1584821106602545), 'class_weight': None, 'dual': False, 'fit_intercept': True, 'intercept_scaling': 1, 'loss': 'squared_hinge', 'max_iter': 100, 'multi_class': 'ovr', 'penalty': 'l2', 'random_state': 42, 'tol': 0.0001, 'verbose': 0}",0.00024247169494628906
Coffee,6,20,5,1,LogisticRegression,Baseline,N/A,N/A,0.9633333333333334,0.9633333310530819,"{'C': 1.0, 'class_weight': None, 'dual': False, 'fit_intercept': True, 'intercept_scaling': 1, 'l1_ratio': None, 'max_iter': 100, 'multi_class': 'deprecated', 'n_jobs': None, 'penalty': 'l2', 'random_state': 42, 'solver': 'lbfgs', 'tol': 0.0001, 'verbose': 0, 'warm_start': False}",0.5396208763122559
Coffee,6,20,5,1,LogisticRegression,Tuned_Baseline,N/A,N/A,0.9583333333333334,0.9586091344083528,"{'C': np.float64(6.1584821106602545), 'class_weight': None, 'dual': False, 'fit_intercept': True, 'intercept_scaling': 1, 'l1_ratio': None, 'max_iter': 100, 'multi_class': 'deprecated', 'n_jobs': None, 'penalty': 'l2', 'random_state': 42, 'solver': 'lbfgs', 'tol': 0.0001, 'verbose': 0, 'warm_start': False}",0.00030875205993652344
Coffee,6,20,5,1,RNN,Baseline,N/A,N/A,0.5,0.4611111111111111,"{'hidden_size': 64, 'epochs': 10, 'batch_size': 32, 'lr': 0.001}",1.3170278072357178
Coffee,6,20,5,1,RNN,Tuned_Baseline,N/A,N/A,0.5,0.46428571428571425,"{'hidden_size': 64, 'epochs': 10, 'batch_size': 64, 'lr': 0.005}",0.017480134963989258
Coffee,6,20,5,2,KNN,ADASYN,2,{'n_neighbors': 2},0.9666666666666667,0.9677544677544677,"{'algorithm': 'auto', 'leaf_size': 30, 'metric': 'chebyshev', 'metric_params': None, 'n_jobs': None, 'n_neighbors': np.int64(5), 'p': 2, 'weights': 'uniform'}",0.04271507263183594
Coffee,6,20,5,2,RandomForest,ADASYN,2,{'n_neighbors': 2},1.0,1.0,"{'bootstrap': True, 'ccp_alpha': 0.0, 'class_weight': 'balanced', 'criterion': 'gini', 'max_depth': 30, 'max_features': 'sqrt', 'max_leaf_nodes': None, 'max_samples': None, 'min_impurity_decrease': 0.0, 'min_samples_leaf': 1, 'min_samples_split': 2, 'min_weight_fraction_leaf': 0.0, 'monotonic_cst': None, 'n_estimators': 150, 'n_jobs': None, 'oob_score': False, 'random_state': 42, 'verbose': 0, 'warm_start': False}",2.6848461627960205
Coffee,6,20,5,2,LinearSVC,ADASYN,2,{'n_neighbors': 2},0.7716666666666666,0.787127018206231,"{'C': np.float64(1000.0), 'class_weight': 'balanced', 'dual': False, 'fit_intercept': True, 'intercept_scaling': 1, 'loss': 'squared_hinge', 'max_iter': 100, 'multi_class': 'ovr', 'penalty': 'l2', 'random_state': 42, 'tol': 0.001, 'verbose': 0}",0.0412445068359375
Coffee,6,20,5,2,LogisticRegression,ADASYN,2,{'n_neighbors': 2},0.8033333333333333,0.8172232282932688,"{'C': np.float64(1000.0), 'class_weight': 'balanced', 'dual': False, 'fit_intercept': True, 'intercept_scaling': 1, 'l1_ratio': None, 'max_iter': 100, 'multi_class': 'deprecated', 'n_jobs': None, 'penalty': 'l2', 'random_state': 42, 'solver': 'sag', 'tol': 0.0001, 'verbose': 0, 'warm_start': False}",0.2476193904876709
Coffee,6,20,5,2,RNN,ADASYN,2,{'n_neighbors': 2},0.5,0.46428571428571425,"{'hidden_size': 64, 'epochs': 10, 'batch_size': 64, 'lr': 0.005}",17.480109214782715
Coffee,6,20,5,2,KNN,ADASYN,3,{'n_neighbors': 3},0.9833333333333333,0.9836246734980914,"{'algorithm': 'auto', 'leaf_size': 30, 'metric': 'euclidean', 'metric_params': None, 'n_jobs': None, 'n_neighbors': np.int64(9), 'p': 2, 'weights': 'distance'}",0.020890235900878906
Coffee,6,20,5,2,RandomForest,ADASYN,3,{'n_neighbors': 3},1.0,1.0,"{'bootstrap': True, 'ccp_alpha': 0.0, 'class_weight': 'balanced', 'criterion': 'gini', 'max_depth': 20, 'max_features': 'sqrt', 'max_leaf_nodes': None, 'max_samples': None, 'min_impurity_decrease': 0.0, 'min_samples_leaf': 2, 'min_samples_split': 10, 'min_weight_fraction_leaf': 0.0, 'monotonic_cst': None, 'n_estimators': 150, 'n_jobs': None, 'oob_score': False, 'random_state': 42, 'verbose': 0, 'warm_start': False}",2.6362316608428955
Coffee,6,20,5,2,LinearSVC,ADASYN,3,{'n_neighbors': 3},0.68,0.6868539203631552,"{'C': np.float64(183.29807108324337), 'class_weight': 'balanced', 'dual': False, 'fit_intercept': True, 'intercept_scaling': 1, 'loss': 'squared_hinge', 'max_iter': 100, 'multi_class': 'ovr', 'penalty': 'l1', 'random_state': 42, 'tol': 0.0001, 'verbose': 0}",0.07333636283874512
Coffee,6,20,5,2,LogisticRegression,ADASYN,3,{'n_neighbors': 3},0.7866666666666666,0.7990344193378875,"{'C': np.float64(2.6366508987303554), 'class_weight': 'balanced', 'dual': False, 'fit_intercept': True, 'intercept_scaling': 1, 'l1_ratio': None, 'max_iter': 100, 'multi_class': 'deprecated', 'n_jobs': None, 'penalty': 'l1', 'random_state': 42, 'solver': 'saga', 'tol': 0.0001, 'verbose': 0, 'warm_start': False}",0.34920740127563477
Coffee,6,20,5,2,RNN,ADASYN,3,{'n_neighbors': 3},0.5,0.46428571428571425,"{'hidden_size': 64, 'epochs': 10, 'batch_size': 64, 'lr': 0.005}",1.8454411029815674
Coffee,6,20,5,2,KNN,ADASYN,4,{'n_neighbors': 4},0.9883333333333333,0.9884791035895811,"{'algorithm': 'auto', 'leaf_size': 30, 'metric': 'euclidean', 'metric_params': None, 'n_jobs': None, 'n_neighbors': np.int64(9), 'p': 2, 'weights': 'distance'}",0.01618790626525879
Coffee,6,20,5,2,RandomForest,ADASYN,4,{'n_neighbors': 4},0.9983333333333333,0.9983364362999354,"{'bootstrap': True, 'ccp_alpha': 0.0, 'class_weight': 'balanced', 'criterion': 'gini', 'max_depth': None, 'max_features': 'sqrt', 'max_leaf_nodes': None, 'max_samples': None, 'min_impurity_decrease': 0.0, 'min_samples_leaf': 1, 'min_samples_split': 2, 'min_weight_fraction_leaf': 0.0, 'monotonic_cst': None, 'n_estimators': 50, 'n_jobs': None, 'oob_score': False, 'random_state': 42, 'verbose': 0, 'warm_start': False}",0.7332086563110352
Coffee,6,20,5,2,LinearSVC,ADASYN,4,{'n_neighbors': 4},0.7683333333333333,0.7846599417559423,"{'C': np.float64(1000.0), 'class_weight': 'balanced', 'dual': False, 'fit_intercept': True, 'intercept_scaling': 1, 'loss': 'squared_hinge', 'max_iter': 100, 'multi_class': 'ovr', 'penalty': 'l2', 'random_state': 42, 'tol': 0.001, 'verbose': 0}",0.035828351974487305
Coffee,6,20,5,2,LogisticRegression,ADASYN,4,{'n_neighbors': 4},0.8016666666666666,0.8153635322617248,"{'C': np.float64(1000.0), 'class_weight': 'balanced', 'dual': False, 'fit_intercept': True, 'intercept_scaling': 1, 'l1_ratio': None, 'max_iter': 100, 'multi_class': 'deprecated', 'n_jobs': None, 'penalty': 'l2', 'random_state': 42, 'solver': 'sag', 'tol': 0.0001, 'verbose': 0, 'warm_start': False}",0.2397315502166748
Coffee,6,20,5,2,RNN,ADASYN,4,{'n_neighbors': 4},0.5,0.4611111111111111,"{'hidden_size': 64, 'epochs': 10, 'batch_size': 64, 'lr': 0.005}",17.832033157348633
Coffee,6,20,5,2,KNN,ADASYN,5,{'n_neighbors': 5},0.985,0.9852376314882136,"{'algorithm': 'auto', 'leaf_size': 30, 'metric': 'euclidean', 'metric_params': None, 'n_jobs': None, 'n_neighbors': np.int64(9), 'p': 2, 'weights': 'distance'}",0.04357194900512695
Coffee,6,20,5,2,RandomForest,ADASYN,5,{'n_neighbors': 5},1.0,1.0,"{'bootstrap': True, 'ccp_alpha': 0.0, 'class_weight': 'balanced', 'criterion': 'gini', 'max_depth': 30, 'max_features': 'sqrt', 'max_leaf_nodes': None, 'max_samples': None, 'min_impurity_decrease': 0.0, 'min_samples_leaf': 1, 'min_samples_split': 2, 'min_weight_fraction_leaf': 0.0, 'monotonic_cst': None, 'n_estimators': 150, 'n_jobs': None, 'oob_score': False, 'random_state': 42, 'verbose': 0, 'warm_start': False}",2.6490964889526367
Coffee,6,20,5,2,LinearSVC,ADASYN,5,{'n_neighbors': 5},0.7433333333333333,0.7505071558393454,"{'C': np.float64(33.59818286283781), 'class_weight': None, 'dual': False, 'fit_intercept': True, 'intercept_scaling': 1, 'loss': 'squared_hinge', 'max_iter': 100, 'multi_class': 'ovr', 'penalty': 'l1', 'random_state': 42, 'tol': 0.001, 'verbose': 0}",0.08725214004516602
Coffee,6,20,5,2,LogisticRegression,ADASYN,5,{'n_neighbors': 5},0.7716666666666666,0.7817254772164918,"{'C': np.float64(1000.0), 'class_weight': 'balanced', 'dual': False, 'fit_intercept': True, 'intercept_scaling': 1, 'l1_ratio': None, 'max_iter': 100, 'multi_class': 'deprecated', 'n_jobs': None, 'penalty': 'l2', 'random_state': 42, 'solver': 'sag', 'tol': 0.0001, 'verbose': 0, 'warm_start': False}",0.26220202445983887
Coffee,6,20,5,2,RNN,ADASYN,5,{'n_neighbors': 5},0.5,0.46428571428571425,"{'hidden_size': 64, 'epochs': 10, 'batch_size': 64, 'lr': 0.005}",33.07175540924072
Coffee,6,20,5,3,KNN,ADASYN,2,{'n_neighbors': 2},0.9716666666666667,0.9720856378095281,"{'algorithm': 'auto', 'leaf_size': 30, 'metric': 'euclidean', 'metric_params': None, 'n_jobs': None, 'n_neighbors': np.int64(9), 'p': 2, 'weights': 'distance'}",0.027395963668823242
Coffee,6,20,5,3,RandomForest,ADASYN,2,{'n_neighbors': 2},1.0,1.0,"{'bootstrap': True, 'ccp_alpha': 0.0, 'class_weight': 'balanced', 'criterion': 'gini', 'max_depth': None, 'max_features': 'sqrt', 'max_leaf_nodes': None, 'max_samples': None, 'min_impurity_decrease': 0.0, 'min_samples_leaf': 1, 'min_samples_split': 20, 'min_weight_fraction_leaf': 0.0, 'monotonic_cst': None, 'n_estimators': 150, 'n_jobs': None, 'oob_score': False, 'random_state': 42, 'verbose': 0, 'warm_start': False}",4.141859531402588
Coffee,6,20,5,3,LinearSVC,ADASYN,2,{'n_neighbors': 2},0.68,0.6871868488478822,"{'C': np.float64(2.6366508987303554), 'class_weight': 'balanced', 'dual': False, 'fit_intercept': True, 'intercept_scaling': 1, 'loss': 'squared_hinge', 'max_iter': 100, 'multi_class': 'ovr', 'penalty': 'l1', 'random_state': 42, 'tol': 0.0001, 'verbose': 0}",0.1175684928894043
Coffee,6,20,5,3,LogisticRegression,ADASYN,2,{'n_neighbors': 2},0.785,0.7982800227207111,"{'C': np.float64(2.6366508987303554), 'class_weight': 'balanced', 'dual': False, 'fit_intercept': True, 'intercept_scaling': 1, 'l1_ratio': None, 'max_iter': 100, 'multi_class': 'deprecated', 'n_jobs': None, 'penalty': 'l1', 'random_state': 42, 'solver': 'saga', 'tol': 0.0001, 'verbose': 0, 'warm_start': False}",0.5817821025848389
Coffee,6,20,5,3,RNN,ADASYN,2,{'n_neighbors': 2},0.5,0.46428571428571425,"{'hidden_size': 64, 'epochs': 10, 'batch_size': 64, 'lr': 0.005}",49.21944212913513
Coffee,6,20,5,3,KNN,ADASYN,3,{'n_neighbors': 3},0.9716666666666667,0.9724689200032174,"{'algorithm': 'auto', 'leaf_size': 30, 'metric': 'minkowski', 'metric_params': None, 'n_jobs': None, 'n_neighbors': np.int64(13), 'p': 4, 'weights': 'distance'}",0.06688761711120605
Coffee,6,20,5,3,RandomForest,ADASYN,3,{'n_neighbors': 3},1.0,1.0,"{'bootstrap': True, 'ccp_alpha': 0.0, 'class_weight': None, 'criterion': 'gini', 'max_depth': None, 'max_features': 'sqrt', 'max_leaf_nodes': None, 'max_samples': None, 'min_impurity_decrease': 0.0, 'min_samples_leaf': 4, 'min_samples_split': 2, 'min_weight_fraction_leaf': 0.0, 'monotonic_cst': None, 'n_estimators': 50, 'n_jobs': None, 'oob_score': False, 'random_state': 42, 'verbose': 0, 'warm_start': False}",1.3590381145477295
Coffee,6,20,5,3,LinearSVC,ADASYN,3,{'n_neighbors': 3},0.77,0.7814407814407814,"{'C': np.float64(1000.0), 'class_weight': 'balanced', 'dual': False, 'fit_intercept': True, 'intercept_scaling': 1, 'loss': 'squared_hinge', 'max_iter': 100, 'multi_class': 'ovr', 'penalty': 'l2', 'random_state': 42, 'tol': 0.001, 'verbose': 0}",0.059211015701293945
Coffee,6,20,5,3,LogisticRegression,ADASYN,3,{'n_neighbors': 3},0.8183333333333334,0.8252208494365897,"{'C': np.float64(33.59818286283781), 'class_weight': 'balanced', 'dual': False, 'fit_intercept': True, 'intercept_scaling': 1, 'l1_ratio': None, 'max_iter': 100, 'multi_class': 'deprecated', 'n_jobs': None, 'penalty': 'l2', 'random_state': 42, 'solver': 'saga', 'tol': 0.0001, 'verbose': 0, 'warm_start': False}",0.478118896484375
Coffee,6,20,5,3,RNN,ADASYN,3,{'n_neighbors': 3},0.5,0.46428571428571425,"{'hidden_size': 64, 'epochs': 10, 'batch_size': 64, 'lr': 0.005}",50.969212770462036
Coffee,6,20,5,3,KNN,ADASYN,4,{'n_neighbors': 4},0.985,0.9851284291110729,"{'algorithm': 'auto', 'leaf_size': 30, 'metric': 'euclidean', 'metric_params': None, 'n_jobs': None, 'n_neighbors': np.int64(9), 'p': 2, 'weights': 'distance'}",0.05899381637573242
Coffee,6,20,5,3,RandomForest,ADASYN,4,{'n_neighbors': 4},0.9966666666666667,0.9966789912073913,"{'bootstrap': True, 'ccp_alpha': 0.0, 'class_weight': 'balanced', 'criterion': 'gini', 'max_depth': None, 'max_features': 'sqrt', 'max_leaf_nodes': None, 'max_samples': None, 'min_impurity_decrease': 0.0, 'min_samples_leaf': 2, 'min_samples_split': 20, 'min_weight_fraction_leaf': 0.0, 'monotonic_cst': None, 'n_estimators': 150, 'n_jobs': None, 'oob_score': False, 'random_state': 42, 'verbose': 0, 'warm_start': False}",4.0903589725494385
Coffee,6,20,5,3,LinearSVC,ADASYN,4,{'n_neighbors': 4},0.775,0.791502452000359,"{'C': np.float64(1000.0), 'class_weight': 'balanced', 'dual': False, 'fit_intercept': True, 'intercept_scaling': 1, 'loss': 'squared_hinge', 'max_iter': 100, 'multi_class': 'ovr', 'penalty': 'l2', 'random_state': 42, 'tol': 0.001, 'verbose': 0}",0.12677454948425293
Coffee,6,20,5,3,LogisticRegression,ADASYN,4,{'n_neighbors': 4},0.775,0.7860535320867721,"{'C': np.float64(0.0069519279617756054), 'class_weight': 'balanced', 'dual': False, 'fit_intercept': False, 'intercept_scaling': 1, 'l1_ratio': None, 'max_iter': 100, 'multi_class': 'deprecated', 'n_jobs': None, 'penalty': 'l2', 'random_state': 42, 'solver': 'lbfgs', 'tol': 0.0001, 'verbose': 0, 'warm_start': False}",0.15575623512268066
Coffee,6,20,5,3,RNN,ADASYN,4,{'n_neighbors': 4},0.6666666666666666,0.611111111111111,"{'hidden_size': 64, 'epochs': 10, 'batch_size': 64, 'lr': 0.005}",52.61222243309021
Coffee,6,20,5,3,KNN,ADASYN,5,{'n_neighbors': 5},0.9716666666666667,0.9723508892320009,"{'algorithm': 'auto', 'leaf_size': 30, 'metric': 'euclidean', 'metric_params': None, 'n_jobs': None, 'n_neighbors': np.int64(9), 'p': 2, 'weights': 'distance'}",0.02753901481628418
Coffee,6,20,5,3,RandomForest,ADASYN,5,{'n_neighbors': 5},0.9916666666666667,0.9917420872321929,"{'bootstrap': True, 'ccp_alpha': 0.0, 'class_weight': 'balanced', 'criterion': 'gini', 'max_depth': 20, 'max_features': 'sqrt', 'max_leaf_nodes': None, 'max_samples': None, 'min_impurity_decrease': 0.0, 'min_samples_leaf': 2, 'min_samples_split': 5, 'min_weight_fraction_leaf': 0.0, 'monotonic_cst': None, 'n_estimators': 50, 'n_jobs': None, 'oob_score': False, 'random_state': 42, 'verbose': 0, 'warm_start': False}",1.416832685470581
Coffee,6,20,5,3,LinearSVC,ADASYN,5,{'n_neighbors': 5},0.6866666666666666,0.6945951940593931,"{'C': np.float64(33.59818286283781), 'class_weight': None, 'dual': False, 'fit_intercept': True, 'intercept_scaling': 1, 'loss': 'squared_hinge', 'max_iter': 100, 'multi_class': 'ovr', 'penalty': 'l1', 'random_state': 42, 'tol': 0.001, 'verbose': 0}",0.13600802421569824
Coffee,6,20,5,3,LogisticRegression,ADASYN,5,{'n_neighbors': 5},0.78,0.7917940082436915,"{'C': np.float64(1000.0), 'class_weight': 'balanced', 'dual': False, 'fit_intercept': True, 'intercept_scaling': 1, 'l1_ratio': None, 'max_iter': 100, 'multi_class': 'deprecated', 'n_jobs': None, 'penalty': 'l2', 'random_state': 42, 'solver': 'sag', 'tol': 0.0001, 'verbose': 0, 'warm_start': False}",0.392733097076416
Coffee,6,20,5,3,RNN,ADASYN,5,{'n_neighbors': 5},0.5,0.46428571428571425,"{'hidden_size': 64, 'epochs': 10, 'batch_size': 64, 'lr': 0.005}",50.29315519332886
Coffee,6,20,5,5,KNN,ADASYN,2,{'n_neighbors': 2},0.97,0.9708932635678923,"{'algorithm': 'auto', 'leaf_size': 30, 'metric': 'minkowski', 'metric_params': None, 'n_jobs': None, 'n_neighbors': np.int64(13), 'p': 4, 'weights': 'distance'}",0.15561747550964355
Coffee,6,20,5,5,RandomForest,ADASYN,2,{'n_neighbors': 2},0.9933333333333333,0.993381942391697,"{'bootstrap': True, 'ccp_alpha': 0.0, 'class_weight': 'balanced', 'criterion': 'gini', 'max_depth': None, 'max_features': 'sqrt', 'max_leaf_nodes': None, 'max_samples': None, 'min_impurity_decrease': 0.0, 'min_samples_leaf': 4, 'min_samples_split': 2, 'min_weight_fraction_leaf': 0.0, 'monotonic_cst': None, 'n_estimators': 50, 'n_jobs': None, 'oob_score': False, 'random_state': 42, 'verbose': 0, 'warm_start': False}",2.3770477771759033
Coffee,6,20,5,5,LinearSVC,ADASYN,2,{'n_neighbors': 2},0.62,0.6378382655655239,"{'C': np.float64(0.0069519279617756054), 'class_weight': None, 'dual': False, 'fit_intercept': False, 'intercept_scaling': 1, 'loss': 'squared_hinge', 'max_iter': 100, 'multi_class': 'ovr', 'penalty': 'l2', 'random_state': 42, 'tol': 0.0001, 'verbose': 0}",0.07472848892211914
Coffee,6,20,5,5,LogisticRegression,ADASYN,2,{'n_neighbors': 2},0.7516666666666667,0.6838100541610234,"{'C': np.float64(0.002976351441631319), 'class_weight': None, 'dual': False, 'fit_intercept': True, 'intercept_scaling': 1, 'l1_ratio': None, 'max_iter': 100, 'multi_class': 'deprecated', 'n_jobs': None, 'penalty': 'l2', 'random_state': 42, 'solver': 'saga', 'tol': 0.0001, 'verbose': 0, 'warm_start': False}",0.14137935638427734
Coffee,6,20,5,5,RNN,ADASYN,2,{'n_neighbors': 2},0.5,0.4611111111111111,"{'hidden_size': 64, 'epochs': 10, 'batch_size': 64, 'lr': 0.005}",76.91039538383484
Coffee,6,20,5,5,KNN,ADASYN,3,{'n_neighbors': 3},0.9816666666666667,0.9818014897220989,"{'algorithm': 'auto', 'leaf_size': 30, 'metric': 'euclidean', 'metric_params': None, 'n_jobs': None, 'n_neighbors': np.int64(9), 'p': 2, 'weights': 'distance'}",0.03903675079345703
Coffee,6,20,5,5,RandomForest,ADASYN,3,{'n_neighbors': 3},1.0,1.0,"{'bootstrap': True, 'ccp_alpha': 0.0, 'class_weight': 'balanced', 'criterion': 'gini', 'max_depth': None, 'max_features': 'sqrt', 'max_leaf_nodes': None, 'max_samples': None, 'min_impurity_decrease': 0.0, 'min_samples_leaf': 1, 'min_samples_split': 2, 'min_weight_fraction_leaf': 0.0, 'monotonic_cst': None, 'n_estimators': 50, 'n_jobs': None, 'oob_score': False, 'random_state': 42, 'verbose': 0, 'warm_start': False}",2.309661865234375
Coffee,6,20,5,5,LinearSVC,ADASYN,3,{'n_neighbors': 3},0.75,0.7598159644550665,"{'C': np.float64(1000.0), 'class_weight': 'balanced', 'dual': False, 'fit_intercept': True, 'intercept_scaling': 1, 'loss': 'squared_hinge', 'max_iter': 100, 'multi_class': 'ovr', 'penalty': 'l2', 'random_state': 42, 'tol': 0.001, 'verbose': 0}",0.07615303993225098
Coffee,6,20,5,5,LogisticRegression,ADASYN,3,{'n_neighbors': 3},0.7633333333333333,0.6940736031645124,"{'C': np.float64(0.002976351441631319), 'class_weight': None, 'dual': False, 'fit_intercept': True, 'intercept_scaling': 1, 'l1_ratio': None, 'max_iter': 100, 'multi_class': 'deprecated', 'n_jobs': None, 'penalty': 'l2', 'random_state': 42, 'solver': 'saga', 'tol': 0.0001, 'verbose': 0, 'warm_start': False}",0.11803650856018066
Coffee,6,20,5,5,RNN,ADASYN,3,{'n_neighbors': 3},0.6666666666666666,0.6944444444444443,"{'hidden_size': 64, 'epochs': 10, 'batch_size': 64, 'lr': 0.005}",82.58827185630798
Coffee,6,20,5,5,KNN,ADASYN,4,{'n_neighbors': 4},0.9916666666666667,0.9917099666300389,"{'algorithm': 'auto', 'leaf_size': 30, 'metric': 'minkowski', 'metric_params': None, 'n_jobs': None, 'n_neighbors': 5, 'p': 2, 'weights': 'uniform'}",0.06937479972839355
Coffee,6,20,5,5,RandomForest,ADASYN,4,{'n_neighbors': 4},1.0,1.0,"{'bootstrap': True, 'ccp_alpha': 0.0, 'class_weight': None, 'criterion': 'gini', 'max_depth': None, 'max_features': 'sqrt', 'max_leaf_nodes': None, 'max_samples': None, 'min_impurity_decrease': 0.0, 'min_samples_leaf': 1, 'min_samples_split': 2, 'min_weight_fraction_leaf': 0.0, 'monotonic_cst': None, 'n_estimators': 100, 'n_jobs': None, 'oob_score': False, 'random_state': 42, 'verbose': 0, 'warm_start': False}",5.0283308029174805
Coffee,6,20,5,5,LinearSVC,ADASYN,4,{'n_neighbors': 4},0.6983333333333334,0.7075489385166804,"{'C': 1.0, 'class_weight': None, 'dual': False, 'fit_intercept': True, 'intercept_scaling': 1, 'loss': 'squared_hinge', 'max_iter': 100, 'multi_class': 'ovr', 'penalty': 'l2', 'random_state': 42, 'tol': 0.0001, 'verbose': 0}",0.1029973030090332
Coffee,6,20,5,5,LogisticRegression,ADASYN,4,{'n_neighbors': 4},0.9016666666666666,0.904722363317245,"{'C': 1.0, 'class_weight': None, 'dual': False, 'fit_intercept': True, 'intercept_scaling': 1, 'l1_ratio': None, 'max_iter': 100, 'multi_class': 'deprecated', 'n_jobs': None, 'penalty': 'l2', 'random_state': 42, 'solver': 'lbfgs', 'tol': 0.0001, 'verbose': 0, 'warm_start': False}",0.6861093044281006
Coffee,6,20,5,5,RNN,ADASYN,4,{'n_neighbors': 4},0.6666666666666666,0.6666666666666666,"{'hidden_size': 64, 'epochs': 10, 'batch_size': 64, 'lr': 0.005}",82.66199326515198
Coffee,6,20,5,5,KNN,ADASYN,5,{'n_neighbors': 5},0.99,0.9901078476926463,"{'algorithm': 'auto', 'leaf_size': 30, 'metric': 'minkowski', 'metric_params': None, 'n_jobs': None, 'n_neighbors': 5, 'p': 2, 'weights': 'uniform'}",0.06913876533508301
Coffee,6,20,5,5,RandomForest,ADASYN,5,{'n_neighbors': 5},0.9933333333333333,0.993381942391697,"{'bootstrap': True, 'ccp_alpha': 0.0, 'class_weight': None, 'criterion': 'gini', 'max_depth': None, 'max_features': 'sqrt', 'max_leaf_nodes': None, 'max_samples': None, 'min_impurity_decrease': 0.0, 'min_samples_leaf': 1, 'min_samples_split': 2, 'min_weight_fraction_leaf': 0.0, 'monotonic_cst': None, 'n_estimators': 100, 'n_jobs': None, 'oob_score': False, 'random_state': 42, 'verbose': 0, 'warm_start': False}",4.958452939987183
Coffee,6,20,5,5,LinearSVC,ADASYN,5,{'n_neighbors': 5},0.7733333333333333,0.7870680693261337,"{'C': 1.0, 'class_weight': None, 'dual': False, 'fit_intercept': True, 'intercept_scaling': 1, 'loss': 'squared_hinge', 'max_iter': 100, 'multi_class': 'ovr', 'penalty': 'l2', 'random_state': 42, 'tol': 0.0001, 'verbose': 0}",0.09398961067199707
Coffee,6,20,5,5,LogisticRegression,ADASYN,5,{'n_neighbors': 5},0.905,0.9066849394862466,"{'C': 1.0, 'class_weight': None, 'dual': False, 'fit_intercept': True, 'intercept_scaling': 1, 'l1_ratio': None, 'max_iter': 100, 'multi_class': 'deprecated', 'n_jobs': None, 'penalty': 'l2', 'random_state': 42, 'solver': 'lbfgs', 'tol': 0.0001, 'verbose': 0, 'warm_start': False}",0.8048217296600342
Coffee,6,20,5,5,RNN,ADASYN,5,{'n_neighbors': 5},0.5,0.46428571428571425,"{'hidden_size': 64, 'epochs': 10, 'batch_size': 64, 'lr': 0.005}",40.854069232940674
Coffee,6,20,5,10,KNN,ADASYN,2,{'n_neighbors': 2},0.9733333333333334,0.9735740450026165,"{'algorithm': 'auto', 'leaf_size': 30, 'metric': 'minkowski', 'metric_params': None, 'n_jobs': None, 'n_neighbors': 5, 'p': 2, 'weights': 'uniform'}",0.1032407283782959
Coffee,6,20,5,10,RandomForest,ADASYN,2,{'n_neighbors': 2},0.9983333333333333,0.9983364362999354,"{'bootstrap': True, 'ccp_alpha': 0.0, 'class_weight': None, 'criterion': 'gini', 'max_depth': None, 'max_features': 'sqrt', 'max_leaf_nodes': None, 'max_samples': None, 'min_impurity_decrease': 0.0, 'min_samples_leaf': 1, 'min_samples_split': 2, 'min_weight_fraction_leaf': 0.0, 'monotonic_cst': None, 'n_estimators': 100, 'n_jobs': None, 'oob_score': False, 'random_state': 42, 'verbose': 0, 'warm_start': False}",14.881717443466187
Coffee,6,20,5,10,LinearSVC,ADASYN,2,{'n_neighbors': 2},0.645,0.6558326312288905,"{'C': 1.0, 'class_weight': None, 'dual': False, 'fit_intercept': True, 'intercept_scaling': 1, 'loss': 'squared_hinge', 'max_iter': 100, 'multi_class': 'ovr', 'penalty': 'l2', 'random_state': 42, 'tol': 0.0001, 'verbose': 0}",0.2346668243408203
Coffee,6,20,5,10,LogisticRegression,ADASYN,2,{'n_neighbors': 2},0.7766666666666666,0.7903865201557743,"{'C': 1.0, 'class_weight': None, 'dual': False, 'fit_intercept': True, 'intercept_scaling': 1, 'l1_ratio': None, 'max_iter': 100, 'multi_class': 'deprecated', 'n_jobs': None, 'penalty': 'l2', 'random_state': 42, 'solver': 'lbfgs', 'tol': 0.0001, 'verbose': 0, 'warm_start': False}",4.312976360321045
Coffee,6,20,5,10,RNN,ADASYN,2,{'n_neighbors': 2},0.6666666666666666,0.6666666666666666,"{'hidden_size': 64, 'epochs': 10, 'batch_size': 64, 'lr': 0.005}",166.3839910030365
Coffee,6,20,5,10,KNN,ADASYN,3,{'n_neighbors': 3},0.9766666666666667,0.9768609047679678,"{'algorithm': 'auto', 'leaf_size': 30, 'metric': 'minkowski', 'metric_params': None, 'n_jobs': None, 'n_neighbors': 5, 'p': 2, 'weights': 'uniform'}",0.10672593116760254
Coffee,6,20,5,10,RandomForest,ADASYN,3,{'n_neighbors': 3},1.0,1.0,"{'bootstrap': True, 'ccp_alpha': 0.0, 'class_weight': None, 'criterion': 'gini', 'max_depth': None, 'max_features': 'sqrt', 'max_leaf_nodes': None, 'max_samples': None, 'min_impurity_decrease': 0.0, 'min_samples_leaf': 1, 'min_samples_split': 2, 'min_weight_fraction_leaf': 0.0, 'monotonic_cst': None, 'n_estimators': 100, 'n_jobs': None, 'oob_score': False, 'random_state': 42, 'verbose': 0, 'warm_start': False}",10.75831151008606
Coffee,6,20,5,10,LinearSVC,ADASYN,3,{'n_neighbors': 3},0.6233333333333333,0.6181136285889609,"{'C': 1.0, 'class_weight': None, 'dual': False, 'fit_intercept': True, 'intercept_scaling': 1, 'loss': 'squared_hinge', 'max_iter': 100, 'multi_class': 'ovr', 'penalty': 'l2', 'random_state': 42, 'tol': 0.0001, 'verbose': 0}",0.19256806373596191
Coffee,6,20,5,10,LogisticRegression,ADASYN,3,{'n_neighbors': 3},0.7616666666666667,0.7707551347665825,"{'C': 1.0, 'class_weight': None, 'dual': False, 'fit_intercept': True, 'intercept_scaling': 1, 'l1_ratio': None, 'max_iter': 100, 'multi_class': 'deprecated', 'n_jobs': None, 'penalty': 'l2', 'random_state': 42, 'solver': 'lbfgs', 'tol': 0.0001, 'verbose': 0, 'warm_start': False}",0.9659762382507324
Coffee,6,20,5,10,RNN,ADASYN,3,{'n_neighbors': 3},0.3333333333333333,0.17777777777777778,"{'hidden_size': 64, 'epochs': 10, 'batch_size': 64, 'lr': 0.005}",154.0734624862671
Coffee,6,20,5,10,KNN,ADASYN,4,{'n_neighbors': 4},0.99,0.990067988577927,"{'algorithm': 'auto', 'leaf_size': 30, 'metric': 'minkowski', 'metric_params': None, 'n_jobs': None, 'n_neighbors': 5, 'p': 2, 'weights': 'uniform'}",0.10100674629211426
Coffee,6,20,5,10,RandomForest,ADASYN,4,{'n_neighbors': 4},1.0,1.0,"{'bootstrap': True, 'ccp_alpha': 0.0, 'class_weight': None, 'criterion': 'gini', 'max_depth': None, 'max_features': 'sqrt', 'max_leaf_nodes': None, 'max_samples': None, 'min_impurity_decrease': 0.0, 'min_samples_leaf': 1, 'min_samples_split': 2, 'min_weight_fraction_leaf': 0.0, 'monotonic_cst': None, 'n_estimators': 100, 'n_jobs': None, 'oob_score': False, 'random_state': 42, 'verbose': 0, 'warm_start': False}",10.266184091567993
Coffee,6,20,5,10,LinearSVC,ADASYN,4,{'n_neighbors': 4},0.6816666666666666,0.6868146375081362,"{'C': 1.0, 'class_weight': None, 'dual': False, 'fit_intercept': True, 'intercept_scaling': 1, 'loss': 'squared_hinge', 'max_iter': 100, 'multi_class': 'ovr', 'penalty': 'l2', 'random_state': 42, 'tol': 0.0001, 'verbose': 0}",0.1795804500579834
Coffee,6,20,5,10,LogisticRegression,ADASYN,4,{'n_neighbors': 4},0.8633333333333333,0.869649153109287,"{'C': 1.0, 'class_weight': None, 'dual': False, 'fit_intercept': True, 'intercept_scaling': 1, 'l1_ratio': None, 'max_iter': 100, 'multi_class': 'deprecated', 'n_jobs': None, 'penalty': 'l2', 'random_state': 42, 'solver': 'lbfgs', 'tol': 0.0001, 'verbose': 0, 'warm_start': False}",2.1275341510772705
Coffee,6,20,5,10,RNN,ADASYN,4,{'n_neighbors': 4},0.6666666666666666,0.6666666666666666,"{'hidden_size': 64, 'epochs': 10, 'batch_size': 64, 'lr': 0.005}",120.36456108093262
Coffee,6,20,5,10,KNN,ADASYN,5,{'n_neighbors': 5},0.9883333333333333,0.988399968776135,"{'algorithm': 'auto', 'leaf_size': 30, 'metric': 'minkowski', 'metric_params': None, 'n_jobs': None, 'n_neighbors': 5, 'p': 2, 'weights': 'uniform'}",0.08268356323242188
Coffee,6,20,5,10,RandomForest,ADASYN,5,{'n_neighbors': 5},0.9983333333333333,0.9983364362999354,"{'bootstrap': True, 'ccp_alpha': 0.0, 'class_weight': None, 'criterion': 'gini', 'max_depth': None, 'max_features': 'sqrt', 'max_leaf_nodes': None, 'max_samples': None, 'min_impurity_decrease': 0.0, 'min_samples_leaf': 1, 'min_samples_split': 2, 'min_weight_fraction_leaf': 0.0, 'monotonic_cst': None, 'n_estimators': 100, 'n_jobs': None, 'oob_score': False, 'random_state': 42, 'verbose': 0, 'warm_start': False}",9.650215148925781
Coffee,6,20,5,10,LinearSVC,ADASYN,5,{'n_neighbors': 5},0.715,0.7275020441928497,"{'C': 1.0, 'class_weight': None, 'dual': False, 'fit_intercept': True, 'intercept_scaling': 1, 'loss': 'squared_hinge', 'max_iter': 100, 'multi_class': 'ovr', 'penalty': 'l2', 'random_state': 42, 'tol': 0.0001, 'verbose': 0}",0.20486927032470703
Coffee,6,20,5,10,LogisticRegression,ADASYN,5,{'n_neighbors': 5},0.8183333333333334,0.8273501358238216,"{'C': 1.0, 'class_weight': None, 'dual': False, 'fit_intercept': True, 'intercept_scaling': 1, 'l1_ratio': None, 'max_iter': 100, 'multi_class': 'deprecated', 'n_jobs': None, 'penalty': 'l2', 'random_state': 42, 'solver': 'lbfgs', 'tol': 0.0001, 'verbose': 0, 'warm_start': False}",2.2518272399902344
Coffee,6,20,5,10,RNN,ADASYN,5,{'n_neighbors': 5},0.6666666666666666,0.611111111111111,"{'hidden_size': 64, 'epochs': 10, 'batch_size': 64, 'lr': 0.005}",185.15535283088684
Coffee,6,20,6,1,KNN,Baseline,N/A,N/A,0.935,0.9386377756640404,"{'algorithm': 'auto', 'leaf_size': 30, 'metric': 'minkowski', 'metric_params': None, 'n_jobs': None, 'n_neighbors': 5, 'p': 2, 'weights': 'uniform'}",0.0327150821685791
Coffee,6,20,6,1,KNN,Tuned_Baseline,N/A,N/A,0.9333333333333333,0.9371345029239766,"{'algorithm': 'auto', 'leaf_size': 30, 'metric': 'minkowski', 'metric_params': None, 'n_jobs': None, 'n_neighbors': np.int64(5), 'p': 3, 'weights': 'distance'}",0.024701356887817383
Coffee,6,20,6,1,RandomForest,Baseline,N/A,N/A,0.97,0.9708932635678923,"{'bootstrap': True, 'ccp_alpha': 0.0, 'class_weight': None, 'criterion': 'gini', 'max_depth': None, 'max_features': 'sqrt', 'max_leaf_nodes': None, 'max_samples': None, 'min_impurity_decrease': 0.0, 'min_samples_leaf': 1, 'min_samples_split': 2, 'min_weight_fraction_leaf': 0.0, 'monotonic_cst': None, 'n_estimators': 100, 'n_jobs': None, 'oob_score': False, 'random_state': 42, 'verbose': 0, 'warm_start': False}",0.6479344367980957
Coffee,6,20,6,1,RandomForest,Tuned_Baseline,N/A,N/A,0.9766666666666667,0.9772221033189856,"{'bootstrap': True, 'ccp_alpha': 0.0, 'class_weight': 'balanced', 'criterion': 'gini', 'max_depth': None, 'max_features': 'sqrt', 'max_leaf_nodes': None, 'max_samples': None, 'min_impurity_decrease': 0.0, 'min_samples_leaf': 1, 'min_samples_split': 2, 'min_weight_fraction_leaf': 0.0, 'monotonic_cst': None, 'n_estimators': 50, 'n_jobs': None, 'oob_score': False, 'random_state': 42, 'verbose': 0, 'warm_start': False}",0.00474238395690918
Coffee,6,20,6,1,LinearSVC,Baseline,N/A,N/A,0.7816666666666666,0.7462426533489274,"{'C': 1.0, 'class_weight': None, 'dual': False, 'fit_intercept': True, 'intercept_scaling': 1, 'loss': 'squared_hinge', 'max_iter': 100, 'multi_class': 'ovr', 'penalty': 'l2', 'random_state': 42, 'tol': 0.0001, 'verbose': 0}",0.01864910125732422
Coffee,6,20,6,1,LinearSVC,Tuned_Baseline,N/A,N/A,0.7833333333333333,0.7478885893980234,"{'C': np.float64(6.1584821106602545), 'class_weight': None, 'dual': False, 'fit_intercept': True, 'intercept_scaling': 1, 'loss': 'squared_hinge', 'max_iter': 100, 'multi_class': 'ovr', 'penalty': 'l2', 'random_state': 42, 'tol': 0.0001, 'verbose': 0}",0.0002849102020263672
Coffee,6,20,6,1,LogisticRegression,Baseline,N/A,N/A,0.9466666666666667,0.9459896699064518,"{'C': 1.0, 'class_weight': None, 'dual': False, 'fit_intercept': True, 'intercept_scaling': 1, 'l1_ratio': None, 'max_iter': 100, 'multi_class': 'deprecated', 'n_jobs': None, 'penalty': 'l2', 'random_state': 42, 'solver': 'lbfgs', 'tol': 0.0001, 'verbose': 0, 'warm_start': False}",0.3533811569213867
Coffee,6,20,6,1,LogisticRegression,Tuned_Baseline,N/A,N/A,0.9316666666666666,0.931552603668627,"{'C': np.float64(183.29807108324337), 'class_weight': None, 'dual': False, 'fit_intercept': True, 'intercept_scaling': 1, 'l1_ratio': None, 'max_iter': 100, 'multi_class': 'deprecated', 'n_jobs': None, 'penalty': 'l2', 'random_state': 42, 'solver': 'saga', 'tol': 0.0001, 'verbose': 0, 'warm_start': False}",0.00033664703369140625
Coffee,6,20,6,1,RNN,Baseline,N/A,N/A,0.5,0.46428571428571425,"{'hidden_size': 64, 'epochs': 10, 'batch_size': 32, 'lr': 0.001}",1.2496318817138672
Coffee,6,20,6,1,RNN,Tuned_Baseline,N/A,N/A,0.5,0.4611111111111111,"{'hidden_size': 64, 'epochs': 10, 'batch_size': 32, 'lr': 0.001}",0.020538330078125
Coffee,6,20,6,2,KNN,ADASYN,2,{'n_neighbors': 2},0.9516666666666667,0.95381808158557,"{'algorithm': 'auto', 'leaf_size': 30, 'metric': 'euclidean', 'metric_params': None, 'n_jobs': None, 'n_neighbors': np.int64(9), 'p': 2, 'weights': 'distance'}",0.02141118049621582
Coffee,6,20,6,2,RandomForest,ADASYN,2,{'n_neighbors': 2},0.945,0.9477116685598537,"{'bootstrap': True, 'ccp_alpha': 0.0, 'class_weight': 'balanced', 'criterion': 'gini', 'max_depth': 30, 'max_features': 'sqrt', 'max_leaf_nodes': None, 'max_samples': None, 'min_impurity_decrease': 0.0, 'min_samples_leaf': 1, 'min_samples_split': 2, 'min_weight_fraction_leaf': 0.0, 'monotonic_cst': None, 'n_estimators': 150, 'n_jobs': None, 'oob_score': False, 'random_state': 42, 'verbose': 0, 'warm_start': False}",2.950746536254883
Coffee,6,20,6,2,LinearSVC,ADASYN,2,{'n_neighbors': 2},0.6,0.5991183538750279,"{'C': np.float64(1000.0), 'class_weight': 'balanced', 'dual': False, 'fit_intercept': True, 'intercept_scaling': 1, 'loss': 'squared_hinge', 'max_iter': 100, 'multi_class': 'ovr', 'penalty': 'l2', 'random_state': 42, 'tol': 0.001, 'verbose': 0}",0.037786006927490234
Coffee,6,20,6,2,LogisticRegression,ADASYN,2,{'n_neighbors': 2},0.7716666666666666,0.7798809031212466,"{'C': np.float64(1000.0), 'class_weight': 'balanced', 'dual': False, 'fit_intercept': True, 'intercept_scaling': 1, 'l1_ratio': None, 'max_iter': 100, 'multi_class': 'deprecated', 'n_jobs': None, 'penalty': 'l2', 'random_state': 42, 'solver': 'sag', 'tol': 0.0001, 'verbose': 0, 'warm_start': False}",0.3056004047393799
Coffee,6,20,6,2,RNN,ADASYN,2,{'n_neighbors': 2},0.5,0.4611111111111111,"{'hidden_size': 64, 'epochs': 10, 'batch_size': 32, 'lr': 0.001}",2.662046194076538
Coffee,6,20,6,2,KNN,ADASYN,3,{'n_neighbors': 3},0.965,0.9661911372626468,"{'algorithm': 'auto', 'leaf_size': 30, 'metric': 'euclidean', 'metric_params': None, 'n_jobs': None, 'n_neighbors': np.int64(9), 'p': 2, 'weights': 'distance'}",0.021701335906982422
Coffee,6,20,6,2,RandomForest,ADASYN,3,{'n_neighbors': 3},0.9633333333333334,0.9646317268425237,"{'bootstrap': True, 'ccp_alpha': 0.0, 'class_weight': 'balanced', 'criterion': 'gini', 'max_depth': None, 'max_features': 'sqrt', 'max_leaf_nodes': None, 'max_samples': None, 'min_impurity_decrease': 0.0, 'min_samples_leaf': 2, 'min_samples_split': 2, 'min_weight_fraction_leaf': 0.0, 'monotonic_cst': None, 'n_estimators': 150, 'n_jobs': None, 'oob_score': False, 'random_state': 42, 'verbose': 0, 'warm_start': False}",2.9399924278259277
Coffee,6,20,6,2,LinearSVC,ADASYN,3,{'n_neighbors': 3},0.625,0.6202287853879731,"{'C': np.float64(1000.0), 'class_weight': 'balanced', 'dual': False, 'fit_intercept': True, 'intercept_scaling': 1, 'loss': 'squared_hinge', 'max_iter': 100, 'multi_class': 'ovr', 'penalty': 'l2', 'random_state': 42, 'tol': 0.001, 'verbose': 0}",0.039215803146362305
Coffee,6,20,6,2,LogisticRegression,ADASYN,3,{'n_neighbors': 3},0.8133333333333334,0.8184778752441503,"{'C': np.float64(1000.0), 'class_weight': 'balanced', 'dual': False, 'fit_intercept': True, 'intercept_scaling': 1, 'l1_ratio': None, 'max_iter': 100, 'multi_class': 'deprecated', 'n_jobs': None, 'penalty': 'l2', 'random_state': 42, 'solver': 'sag', 'tol': 0.0001, 'verbose': 0, 'warm_start': False}",0.26705241203308105
Coffee,6,20,6,2,RNN,ADASYN,3,{'n_neighbors': 3},0.3333333333333333,0.3055555555555555,"{'hidden_size': 64, 'epochs': 10, 'batch_size': 32, 'lr': 0.001}",2.7713727951049805
Coffee,6,20,6,2,KNN,ADASYN,4,{'n_neighbors': 4},0.9466666666666667,0.9490265124593482,"{'algorithm': 'auto', 'leaf_size': 30, 'metric': 'euclidean', 'metric_params': None, 'n_jobs': None, 'n_neighbors': np.int64(9), 'p': 2, 'weights': 'distance'}",0.02093338966369629
Coffee,6,20,6,2,RandomForest,ADASYN,4,{'n_neighbors': 4},0.9466666666666667,0.9492337164750957,"{'bootstrap': True, 'ccp_alpha': 0.0, 'class_weight': 'balanced', 'criterion': 'gini', 'max_depth': None, 'max_features': 'sqrt', 'max_leaf_nodes': None, 'max_samples': None, 'min_impurity_decrease': 0.0, 'min_samples_leaf': 2, 'min_samples_split': 2, 'min_weight_fraction_leaf': 0.0, 'monotonic_cst': None, 'n_estimators': 150, 'n_jobs': None, 'oob_score': False, 'random_state': 42, 'verbose': 0, 'warm_start': False}",2.8180389404296875
Coffee,6,20,6,2,LinearSVC,ADASYN,4,{'n_neighbors': 4},0.7016666666666667,0.6927022489804031,"{'C': np.float64(1000.0), 'class_weight': 'balanced', 'dual': False, 'fit_intercept': True, 'intercept_scaling': 1, 'loss': 'squared_hinge', 'max_iter': 100, 'multi_class': 'ovr', 'penalty': 'l2', 'random_state': 42, 'tol': 0.001, 'verbose': 0}",0.0365753173828125
Coffee,6,20,6,2,LogisticRegression,ADASYN,4,{'n_neighbors': 4},0.8866666666666667,0.8867385337973572,"{'C': np.float64(33.59818286283781), 'class_weight': None, 'dual': False, 'fit_intercept': True, 'intercept_scaling': 1, 'l1_ratio': None, 'max_iter': 100, 'multi_class': 'deprecated', 'n_jobs': None, 'penalty': 'l2', 'random_state': 42, 'solver': 'saga', 'tol': 0.0001, 'verbose': 0, 'warm_start': False}",0.33951520919799805
Coffee,6,20,6,2,RNN,ADASYN,4,{'n_neighbors': 4},0.5,0.46428571428571425,"{'hidden_size': 64, 'epochs': 10, 'batch_size': 32, 'lr': 0.001}",3.3759305477142334
Coffee,6,20,6,2,KNN,ADASYN,5,{'n_neighbors': 5},0.9466666666666667,0.9492337164750957,"{'algorithm': 'auto', 'leaf_size': 30, 'metric': 'euclidean', 'metric_params': None, 'n_jobs': None, 'n_neighbors': np.int64(9), 'p': 2, 'weights': 'distance'}",0.01962590217590332
Coffee,6,20,6,2,RandomForest,ADASYN,5,{'n_neighbors': 5},0.8833333333333333,0.8928631828175208,"{'bootstrap': True, 'ccp_alpha': 0.0, 'class_weight': 'balanced', 'criterion': 'gini', 'max_depth': None, 'max_features': 'sqrt', 'max_leaf_nodes': None, 'max_samples': None, 'min_impurity_decrease': 0.0, 'min_samples_leaf': 4, 'min_samples_split': 2, 'min_weight_fraction_leaf': 0.0, 'monotonic_cst': None, 'n_estimators': 50, 'n_jobs': None, 'oob_score': False, 'random_state': 42, 'verbose': 0, 'warm_start': False}",0.8514447212219238
Coffee,6,20,6,2,LinearSVC,ADASYN,5,{'n_neighbors': 5},0.675,0.6831652893387826,"{'C': np.float64(183.29807108324337), 'class_weight': 'balanced', 'dual': False, 'fit_intercept': True, 'intercept_scaling': 1, 'loss': 'squared_hinge', 'max_iter': 100, 'multi_class': 'ovr', 'penalty': 'l1', 'random_state': 42, 'tol': 0.0001, 'verbose': 0}",0.08144974708557129
Coffee,6,20,6,2,LogisticRegression,ADASYN,5,{'n_neighbors': 5},0.855,0.8526507154904643,"{'C': np.float64(6.1584821106602545), 'class_weight': None, 'dual': False, 'fit_intercept': True, 'intercept_scaling': 1, 'l1_ratio': None, 'max_iter': 100, 'multi_class': 'deprecated', 'n_jobs': None, 'penalty': 'l2', 'random_state': 42, 'solver': 'lbfgs', 'tol': 0.0001, 'verbose': 0, 'warm_start': False}",0.22317790985107422
Coffee,6,20,6,2,RNN,ADASYN,5,{'n_neighbors': 5},0.6666666666666666,0.611111111111111,"{'hidden_size': 64, 'epochs': 10, 'batch_size': 32, 'lr': 0.001}",1.8998773097991943
Coffee,6,20,6,3,KNN,ADASYN,2,{'n_neighbors': 2},0.9566666666666667,0.9582578065743632,"{'algorithm': 'auto', 'leaf_size': 30, 'metric': 'chebyshev', 'metric_params': None, 'n_jobs': None, 'n_neighbors': np.int64(5), 'p': 2, 'weights': 'uniform'}",0.04918026924133301
Coffee,6,20,6,3,RandomForest,ADASYN,2,{'n_neighbors': 2},0.965,0.9661911372626468,"{'bootstrap': True, 'ccp_alpha': 0.0, 'class_weight': 'balanced', 'criterion': 'gini', 'max_depth': None, 'max_features': 'sqrt', 'max_leaf_nodes': None, 'max_samples': None, 'min_impurity_decrease': 0.0, 'min_samples_leaf': 2, 'min_samples_split': 20, 'min_weight_fraction_leaf': 0.0, 'monotonic_cst': None, 'n_estimators': 150, 'n_jobs': None, 'oob_score': False, 'random_state': 42, 'verbose': 0, 'warm_start': False}",4.3565354347229
Coffee,6,20,6,3,LinearSVC,ADASYN,2,{'n_neighbors': 2},0.5966666666666667,0.5935338293023302,"{'C': np.float64(1000.0), 'class_weight': 'balanced', 'dual': False, 'fit_intercept': True, 'intercept_scaling': 1, 'loss': 'squared_hinge', 'max_iter': 100, 'multi_class': 'ovr', 'penalty': 'l2', 'random_state': 42, 'tol': 0.001, 'verbose': 0}",0.051058053970336914
Coffee,6,20,6,3,LogisticRegression,ADASYN,2,{'n_neighbors': 2},0.7533333333333333,0.7627045978706062,"{'C': np.float64(2.6366508987303554), 'class_weight': 'balanced', 'dual': False, 'fit_intercept': True, 'intercept_scaling': 1, 'l1_ratio': None, 'max_iter': 100, 'multi_class': 'deprecated', 'n_jobs': None, 'penalty': 'l1', 'random_state': 42, 'solver': 'saga', 'tol': 0.0001, 'verbose': 0, 'warm_start': False}",0.5776016712188721
Coffee,6,20,6,3,RNN,ADASYN,2,{'n_neighbors': 2},0.8333333333333334,0.7592592592592592,"{'hidden_size': 64, 'epochs': 10, 'batch_size': 32, 'lr': 0.001}",3.9558894634246826
Coffee,6,20,6,3,KNN,ADASYN,3,{'n_neighbors': 3},0.9516666666666667,0.9536273170294339,"{'algorithm': 'auto', 'leaf_size': 30, 'metric': 'minkowski', 'metric_params': None, 'n_jobs': None, 'n_neighbors': np.int64(13), 'p': 4, 'weights': 'distance'}",0.06709098815917969
Coffee,6,20,6,3,RandomForest,ADASYN,3,{'n_neighbors': 3},0.9633333333333334,0.9646317268425237,"{'bootstrap': True, 'ccp_alpha': 0.0, 'class_weight': 'balanced', 'criterion': 'gini', 'max_depth': 30, 'max_features': 'sqrt', 'max_leaf_nodes': None, 'max_samples': None, 'min_impurity_decrease': 0.0, 'min_samples_leaf': 1, 'min_samples_split': 2, 'min_weight_fraction_leaf': 0.0, 'monotonic_cst': None, 'n_estimators': 150, 'n_jobs': None, 'oob_score': False, 'random_state': 42, 'verbose': 0, 'warm_start': False}",4.456411361694336
Coffee,6,20,6,3,LinearSVC,ADASYN,3,{'n_neighbors': 3},0.665,0.6576443781993109,"{'C': np.float64(2.6366508987303554), 'class_weight': 'balanced', 'dual': False, 'fit_intercept': True, 'intercept_scaling': 1, 'loss': 'squared_hinge', 'max_iter': 100, 'multi_class': 'ovr', 'penalty': 'l1', 'random_state': 42, 'tol': 0.0001, 'verbose': 0}",0.12076425552368164
Coffee,6,20,6,3,LogisticRegression,ADASYN,3,{'n_neighbors': 3},0.8466666666666667,0.8494361495164154,"{'C': np.float64(33.59818286283781), 'class_weight': 'balanced', 'dual': False, 'fit_intercept': True, 'intercept_scaling': 1, 'l1_ratio': None, 'max_iter': 100, 'multi_class': 'deprecated', 'n_jobs': None, 'penalty': 'l1', 'random_state': 42, 'solver': 'saga', 'tol': 0.0001, 'verbose': 0, 'warm_start': False}",0.5864925384521484
Coffee,6,20,6,3,RNN,ADASYN,3,{'n_neighbors': 3},0.5,0.46428571428571425,"{'hidden_size': 64, 'epochs': 10, 'batch_size': 32, 'lr': 0.001}",3.6051414012908936
Coffee,6,20,6,3,KNN,ADASYN,4,{'n_neighbors': 4},0.9483333333333334,0.9496320572040027,"{'algorithm': 'auto', 'leaf_size': 30, 'metric': 'euclidean', 'metric_params': None, 'n_jobs': None, 'n_neighbors': np.int64(9), 'p': 2, 'weights': 'distance'}",0.025689363479614258
Coffee,6,20,6,3,RandomForest,ADASYN,4,{'n_neighbors': 4},0.9566666666666667,0.9583071907840078,"{'bootstrap': True, 'ccp_alpha': 0.0, 'class_weight': None, 'criterion': 'gini', 'max_depth': 30, 'max_features': 'sqrt', 'max_leaf_nodes': None, 'max_samples': None, 'min_impurity_decrease': 0.0, 'min_samples_leaf': 4, 'min_samples_split': 20, 'min_weight_fraction_leaf': 0.0, 'monotonic_cst': None, 'n_estimators': 150, 'n_jobs': None, 'oob_score': False, 'random_state': 42, 'verbose': 0, 'warm_start': False}",3.8484370708465576
Coffee,6,20,6,3,LinearSVC,ADASYN,4,{'n_neighbors': 4},0.68,0.6424802837796932,"{'C': np.float64(0.08858667904100823), 'class_weight': None, 'dual': False, 'fit_intercept': True, 'intercept_scaling': 1, 'loss': 'squared_hinge', 'max_iter': 100, 'multi_class': 'ovr', 'penalty': 'l1', 'random_state': 42, 'tol': 0.0001, 'verbose': 0}",0.11753010749816895
Coffee,6,20,6,3,LogisticRegression,ADASYN,4,{'n_neighbors': 4},0.46166666666666667,0.42739895683105716,"{'C': np.float64(0.000545559478116852), 'class_weight': None, 'dual': False, 'fit_intercept': True, 'intercept_scaling': 1, 'l1_ratio': None, 'max_iter': 100, 'multi_class': 'deprecated', 'n_jobs': None, 'penalty': 'l1', 'random_state': 42, 'solver': 'saga', 'tol': 0.0001, 'verbose': 0, 'warm_start': False}",0.08951568603515625
Coffee,6,20,6,3,RNN,ADASYN,4,{'n_neighbors': 4},0.5,0.46428571428571425,"{'hidden_size': 64, 'epochs': 10, 'batch_size': 32, 'lr': 0.001}",3.4808132648468018
Coffee,6,20,6,3,KNN,ADASYN,5,{'n_neighbors': 5},0.9166666666666666,0.922222222222222,"{'algorithm': 'auto', 'leaf_size': 30, 'metric': 'minkowski', 'metric_params': None, 'n_jobs': None, 'n_neighbors': np.int64(13), 'p': 4, 'weights': 'distance'}",0.0706319808959961
Coffee,6,20,6,3,RandomForest,ADASYN,5,{'n_neighbors': 5},0.9283333333333333,0.9326387643086113,"{'bootstrap': True, 'ccp_alpha': 0.0, 'class_weight': None, 'criterion': 'gini', 'max_depth': None, 'max_features': 'sqrt', 'max_leaf_nodes': None, 'max_samples': None, 'min_impurity_decrease': 0.0, 'min_samples_leaf': 4, 'min_samples_split': 10, 'min_weight_fraction_leaf': 0.0, 'monotonic_cst': None, 'n_estimators': 50, 'n_jobs': None, 'oob_score': False, 'random_state': 42, 'verbose': 0, 'warm_start': False}",1.3258638381958008
Coffee,6,20,6,3,LinearSVC,ADASYN,5,{'n_neighbors': 5},0.6133333333333333,0.6146443851711733,"{'C': np.float64(0.0001), 'class_weight': 'balanced', 'dual': False, 'fit_intercept': False, 'intercept_scaling': 1, 'loss': 'squared_hinge', 'max_iter': 100, 'multi_class': 'ovr', 'penalty': 'l2', 'random_state': 42, 'tol': 0.001, 'verbose': 0}",0.026146650314331055
Coffee,6,20,6,3,LogisticRegression,ADASYN,5,{'n_neighbors': 5},0.9116666666666666,0.9132853813775044,"{'C': np.float64(0.4832930238571752), 'class_weight': None, 'dual': False, 'fit_intercept': True, 'intercept_scaling': 1, 'l1_ratio': None, 'max_iter': 100, 'multi_class': 'deprecated', 'n_jobs': None, 'penalty': 'l1', 'random_state': 42, 'solver': 'saga', 'tol': 0.0001, 'verbose': 0, 'warm_start': False}",0.5288002490997314
Coffee,6,20,6,3,RNN,ADASYN,5,{'n_neighbors': 5},0.5,0.46428571428571425,"{'hidden_size': 64, 'epochs': 10, 'batch_size': 32, 'lr': 0.001}",1.264498233795166
Coffee,6,20,6,5,KNN,ADASYN,2,{'n_neighbors': 2},0.9633333333333334,0.9637777731583814,"{'algorithm': 'auto', 'leaf_size': 30, 'metric': 'euclidean', 'metric_params': None, 'n_jobs': None, 'n_neighbors': np.int64(9), 'p': 2, 'weights': 'distance'}",0.03654193878173828
Coffee,6,20,6,5,RandomForest,ADASYN,2,{'n_neighbors': 2},0.965,0.966085227674866,"{'bootstrap': True, 'ccp_alpha': 0.0, 'class_weight': None, 'criterion': 'gini', 'max_depth': None, 'max_features': 'sqrt', 'max_leaf_nodes': None, 'max_samples': None, 'min_impurity_decrease': 0.0, 'min_samples_leaf': 4, 'min_samples_split': 10, 'min_weight_fraction_leaf': 0.0, 'monotonic_cst': None, 'n_estimators': 50, 'n_jobs': None, 'oob_score': False, 'random_state': 42, 'verbose': 0, 'warm_start': False}",2.575439214706421
Coffee,6,20,6,5,LinearSVC,ADASYN,2,{'n_neighbors': 2},0.5916666666666667,0.5874304238127344,"{'C': np.float64(1000.0), 'class_weight': 'balanced', 'dual': False, 'fit_intercept': True, 'intercept_scaling': 1, 'loss': 'squared_hinge', 'max_iter': 100, 'multi_class': 'ovr', 'penalty': 'l2', 'random_state': 42, 'tol': 0.001, 'verbose': 0}",0.08999395370483398
Coffee,6,20,6,5,LogisticRegression,ADASYN,2,{'n_neighbors': 2},0.755,0.6867308048279234,"{'C': np.float64(0.002976351441631319), 'class_weight': None, 'dual': False, 'fit_intercept': True, 'intercept_scaling': 1, 'l1_ratio': None, 'max_iter': 100, 'multi_class': 'deprecated', 'n_jobs': None, 'penalty': 'l2', 'random_state': 42, 'solver': 'saga', 'tol': 0.0001, 'verbose': 0, 'warm_start': False}",0.12401461601257324
Coffee,6,20,6,5,RNN,ADASYN,2,{'n_neighbors': 2},0.3333333333333333,0.3055555555555555,"{'hidden_size': 64, 'epochs': 10, 'batch_size': 32, 'lr': 0.001}",5.422173261642456
Coffee,6,20,6,5,KNN,ADASYN,3,{'n_neighbors': 3},0.9516666666666667,0.9534503871203384,"{'algorithm': 'auto', 'leaf_size': 30, 'metric': 'chebyshev', 'metric_params': None, 'n_jobs': None, 'n_neighbors': np.int64(5), 'p': 2, 'weights': 'uniform'}",0.08904027938842773
Coffee,6,20,6,5,RandomForest,ADASYN,3,{'n_neighbors': 3},0.9766666666666667,0.9772221033189856,"{'bootstrap': True, 'ccp_alpha': 0.0, 'class_weight': 'balanced', 'criterion': 'gini', 'max_depth': None, 'max_features': 'sqrt', 'max_leaf_nodes': None, 'max_samples': None, 'min_impurity_decrease': 0.0, 'min_samples_leaf': 4, 'min_samples_split': 2, 'min_weight_fraction_leaf': 0.0, 'monotonic_cst': None, 'n_estimators': 50, 'n_jobs': None, 'oob_score': False, 'random_state': 42, 'verbose': 0, 'warm_start': False}",2.1262030601501465
Coffee,6,20,6,5,LinearSVC,ADASYN,3,{'n_neighbors': 3},0.6066666666666667,0.607174633906939,"{'C': np.float64(0.0001), 'class_weight': 'balanced', 'dual': False, 'fit_intercept': False, 'intercept_scaling': 1, 'loss': 'squared_hinge', 'max_iter': 100, 'multi_class': 'ovr', 'penalty': 'l2', 'random_state': 42, 'tol': 0.001, 'verbose': 0}",0.0430903434753418
Coffee,6,20,6,5,LogisticRegression,ADASYN,3,{'n_neighbors': 3},0.56,0.5682501327182529,"{'C': np.float64(0.2069138081114788), 'class_weight': 'balanced', 'dual': False, 'fit_intercept': False, 'intercept_scaling': 1, 'l1_ratio': None, 'max_iter': 100, 'multi_class': 'deprecated', 'n_jobs': None, 'penalty': 'l2', 'random_state': 42, 'solver': 'lbfgs', 'tol': 0.0001, 'verbose': 0, 'warm_start': False}",0.2838468551635742
Coffee,6,20,6,5,RNN,ADASYN,3,{'n_neighbors': 3},0.3333333333333333,0.3055555555555555,"{'hidden_size': 64, 'epochs': 10, 'batch_size': 32, 'lr': 0.001}",6.104997634887695
Coffee,6,20,6,5,KNN,ADASYN,4,{'n_neighbors': 4},0.9466666666666667,0.9490265124593482,"{'algorithm': 'auto', 'leaf_size': 30, 'metric': 'minkowski', 'metric_params': None, 'n_jobs': None, 'n_neighbors': np.int64(13), 'p': 4, 'weights': 'distance'}",0.08936500549316406
Coffee,6,20,6,5,RandomForest,ADASYN,4,{'n_neighbors': 4},0.9766666666666667,0.9772221033189856,"{'bootstrap': True, 'ccp_alpha': 0.0, 'class_weight': 'balanced', 'criterion': 'gini', 'max_depth': None, 'max_features': 'sqrt', 'max_leaf_nodes': None, 'max_samples': None, 'min_impurity_decrease': 0.0, 'min_samples_leaf': 1, 'min_samples_split': 20, 'min_weight_fraction_leaf': 0.0, 'monotonic_cst': None, 'n_estimators': 150, 'n_jobs': None, 'oob_score': False, 'random_state': 42, 'verbose': 0, 'warm_start': False}",7.008313179016113
Coffee,6,20,6,5,LinearSVC,ADASYN,4,{'n_neighbors': 4},0.5666666666666667,0.5627069621407804,"{'C': np.float64(0.2069138081114788), 'class_weight': 'balanced', 'dual': False, 'fit_intercept': False, 'intercept_scaling': 1, 'loss': 'squared_hinge', 'max_iter': 100, 'multi_class': 'ovr', 'penalty': 'l2', 'random_state': 42, 'tol': 0.0001, 'verbose': 0}",0.06524109840393066
Coffee,6,20,6,5,LogisticRegression,ADASYN,4,{'n_neighbors': 4},0.615,0.6219295905459736,"{'C': np.float64(0.2069138081114788), 'class_weight': 'balanced', 'dual': False, 'fit_intercept': False, 'intercept_scaling': 1, 'l1_ratio': None, 'max_iter': 100, 'multi_class': 'deprecated', 'n_jobs': None, 'penalty': 'l2', 'random_state': 42, 'solver': 'lbfgs', 'tol': 0.0001, 'verbose': 0, 'warm_start': False}",0.1686258316040039
Coffee,6,20,6,5,RNN,ADASYN,4,{'n_neighbors': 4},0.6666666666666666,0.6944444444444443,"{'hidden_size': 64, 'epochs': 10, 'batch_size': 32, 'lr': 0.001}",4.853849649429321
Coffee,6,20,6,5,KNN,ADASYN,5,{'n_neighbors': 5},0.9333333333333333,0.9356710596336999,"{'algorithm': 'auto', 'leaf_size': 30, 'metric': 'minkowski', 'metric_params': None, 'n_jobs': None, 'n_neighbors': 5, 'p': 2, 'weights': 'uniform'}",0.06412601470947266
Coffee,6,20,6,5,RandomForest,ADASYN,5,{'n_neighbors': 5},0.935,0.938394596729651,"{'bootstrap': True, 'ccp_alpha': 0.0, 'class_weight': None, 'criterion': 'gini', 'max_depth': None, 'max_features': 'sqrt', 'max_leaf_nodes': None, 'max_samples': None, 'min_impurity_decrease': 0.0, 'min_samples_leaf': 1, 'min_samples_split': 2, 'min_weight_fraction_leaf': 0.0, 'monotonic_cst': None, 'n_estimators': 100, 'n_jobs': None, 'oob_score': False, 'random_state': 42, 'verbose': 0, 'warm_start': False}",5.298483848571777
Coffee,6,20,6,5,LinearSVC,ADASYN,5,{'n_neighbors': 5},0.6583333333333333,0.6581317678144429,"{'C': 1.0, 'class_weight': None, 'dual': False, 'fit_intercept': True, 'intercept_scaling': 1, 'loss': 'squared_hinge', 'max_iter': 100, 'multi_class': 'ovr', 'penalty': 'l2', 'random_state': 42, 'tol': 0.0001, 'verbose': 0}",0.12765288352966309
Coffee,6,20,6,5,LogisticRegression,ADASYN,5,{'n_neighbors': 5},0.885,0.886952746634856,"{'C': 1.0, 'class_weight': None, 'dual': False, 'fit_intercept': True, 'intercept_scaling': 1, 'l1_ratio': None, 'max_iter': 100, 'multi_class': 'deprecated', 'n_jobs': None, 'penalty': 'l2', 'random_state': 42, 'solver': 'lbfgs', 'tol': 0.0001, 'verbose': 0, 'warm_start': False}",0.7222223281860352
Coffee,6,20,6,5,RNN,ADASYN,5,{'n_neighbors': 5},0.6666666666666666,0.6944444444444443,"{'hidden_size': 64, 'epochs': 10, 'batch_size': 32, 'lr': 0.001}",5.666577100753784
Coffee,6,20,6,10,KNN,ADASYN,2,{'n_neighbors': 2},0.97,0.9703006644721546,"{'algorithm': 'auto', 'leaf_size': 30, 'metric': 'minkowski', 'metric_params': None, 'n_jobs': None, 'n_neighbors': 5, 'p': 2, 'weights': 'uniform'}",0.10804533958435059
Coffee,6,20,6,10,RandomForest,ADASYN,2,{'n_neighbors': 2},0.9633333333333334,0.9639742816958006,"{'bootstrap': True, 'ccp_alpha': 0.0, 'class_weight': None, 'criterion': 'gini', 'max_depth': None, 'max_features': 'sqrt', 'max_leaf_nodes': None, 'max_samples': None, 'min_impurity_decrease': 0.0, 'min_samples_leaf': 1, 'min_samples_split': 2, 'min_weight_fraction_leaf': 0.0, 'monotonic_cst': None, 'n_estimators': 100, 'n_jobs': None, 'oob_score': False, 'random_state': 42, 'verbose': 0, 'warm_start': False}",10.829239845275879
Coffee,6,20,6,10,LinearSVC,ADASYN,2,{'n_neighbors': 2},0.6316666666666667,0.6098104339439383,"{'C': 1.0, 'class_weight': None, 'dual': False, 'fit_intercept': True, 'intercept_scaling': 1, 'loss': 'squared_hinge', 'max_iter': 100, 'multi_class': 'ovr', 'penalty': 'l2', 'random_state': 42, 'tol': 0.0001, 'verbose': 0}",0.18019962310791016
Coffee,6,20,6,10,LogisticRegression,ADASYN,2,{'n_neighbors': 2},0.7616666666666667,0.7508178673917122,"{'C': 1.0, 'class_weight': None, 'dual': False, 'fit_intercept': True, 'intercept_scaling': 1, 'l1_ratio': None, 'max_iter': 100, 'multi_class': 'deprecated', 'n_jobs': None, 'penalty': 'l2', 'random_state': 42, 'solver': 'lbfgs', 'tol': 0.0001, 'verbose': 0, 'warm_start': False}",1.6835179328918457
Coffee,6,20,6,10,RNN,ADASYN,2,{'n_neighbors': 2},0.3333333333333333,0.3055555555555555,"{'hidden_size': 64, 'epochs': 10, 'batch_size': 32, 'lr': 0.001}",10.198994398117065
Coffee,6,20,6,10,KNN,ADASYN,3,{'n_neighbors': 3},0.9683333333333334,0.9686824367586666,"{'algorithm': 'auto', 'leaf_size': 30, 'metric': 'minkowski', 'metric_params': None, 'n_jobs': None, 'n_neighbors': 5, 'p': 2, 'weights': 'uniform'}",0.10867071151733398
Coffee,6,20,6,10,RandomForest,ADASYN,3,{'n_neighbors': 3},0.9716666666666667,0.9718227013039455,"{'bootstrap': True, 'ccp_alpha': 0.0, 'class_weight': None, 'criterion': 'gini', 'max_depth': None, 'max_features': 'sqrt', 'max_leaf_nodes': None, 'max_samples': None, 'min_impurity_decrease': 0.0, 'min_samples_leaf': 1, 'min_samples_split': 2, 'min_weight_fraction_leaf': 0.0, 'monotonic_cst': None, 'n_estimators': 100, 'n_jobs': None, 'oob_score': False, 'random_state': 42, 'verbose': 0, 'warm_start': False}",10.202476024627686
Coffee,6,20,6,10,LinearSVC,ADASYN,3,{'n_neighbors': 3},0.685,0.654981079127514,"{'C': 1.0, 'class_weight': None, 'dual': False, 'fit_intercept': True, 'intercept_scaling': 1, 'loss': 'squared_hinge', 'max_iter': 100, 'multi_class': 'ovr', 'penalty': 'l2', 'random_state': 42, 'tol': 0.0001, 'verbose': 0}",0.16078591346740723
Coffee,6,20,6,10,LogisticRegression,ADASYN,3,{'n_neighbors': 3},0.785,0.7774469584530127,"{'C': 1.0, 'class_weight': None, 'dual': False, 'fit_intercept': True, 'intercept_scaling': 1, 'l1_ratio': None, 'max_iter': 100, 'multi_class': 'deprecated', 'n_jobs': None, 'penalty': 'l2', 'random_state': 42, 'solver': 'lbfgs', 'tol': 0.0001, 'verbose': 0, 'warm_start': False}",0.8600449562072754
Coffee,6,20,6,10,RNN,ADASYN,3,{'n_neighbors': 3},0.6666666666666666,0.6666666666666666,"{'hidden_size': 64, 'epochs': 10, 'batch_size': 32, 'lr': 0.001}",10.260327100753784
Coffee,6,20,6,10,KNN,ADASYN,4,{'n_neighbors': 4},0.9816666666666667,0.9818014897220989,"{'algorithm': 'auto', 'leaf_size': 30, 'metric': 'minkowski', 'metric_params': None, 'n_jobs': None, 'n_neighbors': 5, 'p': 2, 'weights': 'uniform'}",0.09088993072509766
Coffee,6,20,6,10,RandomForest,ADASYN,4,{'n_neighbors': 4},0.97,0.9704175468324331,"{'bootstrap': True, 'ccp_alpha': 0.0, 'class_weight': None, 'criterion': 'gini', 'max_depth': None, 'max_features': 'sqrt', 'max_leaf_nodes': None, 'max_samples': None, 'min_impurity_decrease': 0.0, 'min_samples_leaf': 1, 'min_samples_split': 2, 'min_weight_fraction_leaf': 0.0, 'monotonic_cst': None, 'n_estimators': 100, 'n_jobs': None, 'oob_score': False, 'random_state': 42, 'verbose': 0, 'warm_start': False}",10.39490032196045
Coffee,6,20,6,10,LinearSVC,ADASYN,4,{'n_neighbors': 4},0.63,0.6096466405862712,"{'C': 1.0, 'class_weight': None, 'dual': False, 'fit_intercept': True, 'intercept_scaling': 1, 'loss': 'squared_hinge', 'max_iter': 100, 'multi_class': 'ovr', 'penalty': 'l2', 'random_state': 42, 'tol': 0.0001, 'verbose': 0}",0.16952037811279297
Coffee,6,20,6,10,LogisticRegression,ADASYN,4,{'n_neighbors': 4},0.815,0.8074259473902967,"{'C': 1.0, 'class_weight': None, 'dual': False, 'fit_intercept': True, 'intercept_scaling': 1, 'l1_ratio': None, 'max_iter': 100, 'multi_class': 'deprecated', 'n_jobs': None, 'penalty': 'l2', 'random_state': 42, 'solver': 'lbfgs', 'tol': 0.0001, 'verbose': 0, 'warm_start': False}",1.386218786239624
Coffee,6,20,6,10,RNN,ADASYN,4,{'n_neighbors': 4},0.5,0.49206349206349204,"{'hidden_size': 64, 'epochs': 10, 'batch_size': 32, 'lr': 0.001}",4.277192831039429
Coffee,6,20,6,10,KNN,ADASYN,5,{'n_neighbors': 5},0.9483333333333334,0.9507587485480853,"{'algorithm': 'auto', 'leaf_size': 30, 'metric': 'minkowski', 'metric_params': None, 'n_jobs': None, 'n_neighbors': 5, 'p': 2, 'weights': 'uniform'}",0.10904598236083984
Coffee,6,20,6,10,RandomForest,ADASYN,5,{'n_neighbors': 5},0.915,0.9204436207923443,"{'bootstrap': True, 'ccp_alpha': 0.0, 'class_weight': None, 'criterion': 'gini', 'max_depth': None, 'max_features': 'sqrt', 'max_leaf_nodes': None, 'max_samples': None, 'min_impurity_decrease': 0.0, 'min_samples_leaf': 1, 'min_samples_split': 2, 'min_weight_fraction_leaf': 0.0, 'monotonic_cst': None, 'n_estimators': 100, 'n_jobs': None, 'oob_score': False, 'random_state': 42, 'verbose': 0, 'warm_start': False}",12.957353830337524
Coffee,6,20,6,10,LinearSVC,ADASYN,5,{'n_neighbors': 5},0.6083333333333333,0.6040839251309059,"{'C': 1.0, 'class_weight': None, 'dual': False, 'fit_intercept': True, 'intercept_scaling': 1, 'loss': 'squared_hinge', 'max_iter': 100, 'multi_class': 'ovr', 'penalty': 'l2', 'random_state': 42, 'tol': 0.0001, 'verbose': 0}",0.1730790138244629
Coffee,6,20,6,10,LogisticRegression,ADASYN,5,{'n_neighbors': 5},0.7883333333333333,0.7894646559238977,"{'C': 1.0, 'class_weight': None, 'dual': False, 'fit_intercept': True, 'intercept_scaling': 1, 'l1_ratio': None, 'max_iter': 100, 'multi_class': 'deprecated', 'n_jobs': None, 'penalty': 'l2', 'random_state': 42, 'solver': 'lbfgs', 'tol': 0.0001, 'verbose': 0, 'warm_start': False}",3.079078435897827
Coffee,6,20,6,10,RNN,ADASYN,5,{'n_neighbors': 5},0.5,0.4611111111111111,"{'hidden_size': 64, 'epochs': 10, 'batch_size': 32, 'lr': 0.001}",10.84200406074524
Coffee,6,20,7,1,KNN,Baseline,N/A,N/A,0.9766666666666667,0.9772221033189856,"{'algorithm': 'auto', 'leaf_size': 30, 'metric': 'minkowski', 'metric_params': None, 'n_jobs': None, 'n_neighbors': 5, 'p': 2, 'weights': 'uniform'}",0.037151336669921875
Coffee,6,20,7,1,KNN,Tuned_Baseline,N/A,N/A,0.9133333333333333,0.9183932766620516,"{'algorithm': 'auto', 'leaf_size': 30, 'metric': 'chebyshev', 'metric_params': None, 'n_jobs': None, 'n_neighbors': np.int64(5), 'p': 2, 'weights': 'uniform'}",0.021352767944335938
Coffee,6,20,7,1,RandomForest,Baseline,N/A,N/A,0.9983333333333333,0.9983364362999354,"{'bootstrap': True, 'ccp_alpha': 0.0, 'class_weight': None, 'criterion': 'gini', 'max_depth': None, 'max_features': 'sqrt', 'max_leaf_nodes': None, 'max_samples': None, 'min_impurity_decrease': 0.0, 'min_samples_leaf': 1, 'min_samples_split': 2, 'min_weight_fraction_leaf': 0.0, 'monotonic_cst': None, 'n_estimators': 100, 'n_jobs': None, 'oob_score': False, 'random_state': 42, 'verbose': 0, 'warm_start': False}",0.6253321170806885
Coffee,6,20,7,1,RandomForest,Tuned_Baseline,N/A,N/A,0.9966666666666667,0.9966789912073913,"{'bootstrap': True, 'ccp_alpha': 0.0, 'class_weight': None, 'criterion': 'gini', 'max_depth': None, 'max_features': 'sqrt', 'max_leaf_nodes': None, 'max_samples': None, 'min_impurity_decrease': 0.0, 'min_samples_leaf': 1, 'min_samples_split': 5, 'min_weight_fraction_leaf': 0.0, 'monotonic_cst': None, 'n_estimators': 150, 'n_jobs': None, 'oob_score': False, 'random_state': 42, 'verbose': 0, 'warm_start': False}",0.010019540786743164
Coffee,6,20,7,1,LinearSVC,Baseline,N/A,N/A,0.78,0.7481486255679805,"{'C': 1.0, 'class_weight': None, 'dual': False, 'fit_intercept': True, 'intercept_scaling': 1, 'loss': 'squared_hinge', 'max_iter': 100, 'multi_class': 'ovr', 'penalty': 'l2', 'random_state': 42, 'tol': 0.0001, 'verbose': 0}",0.016162872314453125
Coffee,6,20,7,1,LinearSVC,Tuned_Baseline,N/A,N/A,0.8,0.8093344254944138,"{'C': np.float64(1000.0), 'class_weight': 'balanced', 'dual': False, 'fit_intercept': True, 'intercept_scaling': 1, 'loss': 'squared_hinge', 'max_iter': 100, 'multi_class': 'ovr', 'penalty': 'l2', 'random_state': 42, 'tol': 0.001, 'verbose': 0}",0.00026297569274902344
Coffee,6,20,7,1,LogisticRegression,Baseline,N/A,N/A,0.94,0.9404226821621992,"{'C': 1.0, 'class_weight': None, 'dual': False, 'fit_intercept': True, 'intercept_scaling': 1, 'l1_ratio': None, 'max_iter': 100, 'multi_class': 'deprecated', 'n_jobs': None, 'penalty': 'l2', 'random_state': 42, 'solver': 'lbfgs', 'tol': 0.0001, 'verbose': 0, 'warm_start': False}",0.07585525512695312
Coffee,6,20,7,1,LogisticRegression,Tuned_Baseline,N/A,N/A,0.9383333333333334,0.9393363609267887,"{'C': np.float64(6.1584821106602545), 'class_weight': None, 'dual': False, 'fit_intercept': True, 'intercept_scaling': 1, 'l1_ratio': None, 'max_iter': 100, 'multi_class': 'deprecated', 'n_jobs': None, 'penalty': 'l2', 'random_state': 42, 'solver': 'lbfgs', 'tol': 0.0001, 'verbose': 0, 'warm_start': False}",0.0003173351287841797
Coffee,6,20,7,1,RNN,Baseline,N/A,N/A,0.5,0.46428571428571425,"{'hidden_size': 64, 'epochs': 10, 'batch_size': 32, 'lr': 0.001}",1.0666441917419434
Coffee,6,20,7,1,RNN,Tuned_Baseline,N/A,N/A,0.3333333333333333,0.16666666666666666,"{'hidden_size': 64, 'epochs': 10, 'batch_size': 32, 'lr': 0.001}",0.017389535903930664
Coffee,6,20,7,2,KNN,ADASYN,2,{'n_neighbors': 2},0.9283333333333333,0.9318903877620227,"{'algorithm': 'auto', 'leaf_size': 30, 'metric': 'chebyshev', 'metric_params': None, 'n_jobs': None, 'n_neighbors': np.int64(5), 'p': 2, 'weights': 'uniform'}",0.03634023666381836
Coffee,6,20,7,2,RandomForest,ADASYN,2,{'n_neighbors': 2},0.9916666666666667,0.9917420872321929,"{'bootstrap': True, 'ccp_alpha': 0.0, 'class_weight': 'balanced', 'criterion': 'gini', 'max_depth': None, 'max_features': 'sqrt', 'max_leaf_nodes': None, 'max_samples': None, 'min_impurity_decrease': 0.0, 'min_samples_leaf': 2, 'min_samples_split': 2, 'min_weight_fraction_leaf': 0.0, 'monotonic_cst': None, 'n_estimators': 150, 'n_jobs': None, 'oob_score': False, 'random_state': 42, 'verbose': 0, 'warm_start': False}",2.7209770679473877
Coffee,6,20,7,2,LinearSVC,ADASYN,2,{'n_neighbors': 2},0.64,0.6401019126064498,"{'C': np.float64(1000.0), 'class_weight': 'balanced', 'dual': False, 'fit_intercept': True, 'intercept_scaling': 1, 'loss': 'squared_hinge', 'max_iter': 100, 'multi_class': 'ovr', 'penalty': 'l2', 'random_state': 42, 'tol': 0.001, 'verbose': 0}",0.03541111946105957
Coffee,6,20,7,2,LogisticRegression,ADASYN,2,{'n_neighbors': 2},0.8283333333333334,0.8332098176156457,"{'C': np.float64(1000.0), 'class_weight': 'balanced', 'dual': False, 'fit_intercept': True, 'intercept_scaling': 1, 'l1_ratio': None, 'max_iter': 100, 'multi_class': 'deprecated', 'n_jobs': None, 'penalty': 'l2', 'random_state': 42, 'solver': 'sag', 'tol': 0.0001, 'verbose': 0, 'warm_start': False}",0.2493889331817627
Coffee,6,20,7,2,RNN,ADASYN,2,{'n_neighbors': 2},0.3333333333333333,0.3055555555555555,"{'hidden_size': 64, 'epochs': 10, 'batch_size': 32, 'lr': 0.001}",2.026873826980591
Coffee,6,20,7,2,KNN,ADASYN,3,{'n_neighbors': 3},0.97,0.9708932635678923,"{'algorithm': 'auto', 'leaf_size': 30, 'metric': 'euclidean', 'metric_params': None, 'n_jobs': None, 'n_neighbors': np.int64(9), 'p': 2, 'weights': 'distance'}",0.022147655487060547
Coffee,6,20,7,2,RandomForest,ADASYN,3,{'n_neighbors': 3},0.9916666666666667,0.9917420872321929,"{'bootstrap': True, 'ccp_alpha': 0.0, 'class_weight': 'balanced', 'criterion': 'gini', 'max_depth': None, 'max_features': 'sqrt', 'max_leaf_nodes': None, 'max_samples': None, 'min_impurity_decrease': 0.0, 'min_samples_leaf': 1, 'min_samples_split': 2, 'min_weight_fraction_leaf': 0.0, 'monotonic_cst': None, 'n_estimators': 50, 'n_jobs': None, 'oob_score': False, 'random_state': 42, 'verbose': 0, 'warm_start': False}",0.9101510047912598
Coffee,6,20,7,2,LinearSVC,ADASYN,3,{'n_neighbors': 3},0.7383333333333333,0.7279506013681768,"{'C': np.float64(1000.0), 'class_weight': 'balanced', 'dual': False, 'fit_intercept': True, 'intercept_scaling': 1, 'loss': 'squared_hinge', 'max_iter': 100, 'multi_class': 'ovr', 'penalty': 'l2', 'random_state': 42, 'tol': 0.001, 'verbose': 0}",0.03516268730163574
Coffee,6,20,7,2,LogisticRegression,ADASYN,3,{'n_neighbors': 3},0.9133333333333333,0.9125884108093445,"{'C': np.float64(183.29807108324337), 'class_weight': None, 'dual': False, 'fit_intercept': True, 'intercept_scaling': 1, 'l1_ratio': None, 'max_iter': 100, 'multi_class': 'deprecated', 'n_jobs': None, 'penalty': 'l2', 'random_state': 42, 'solver': 'saga', 'tol': 0.0001, 'verbose': 0, 'warm_start': False}",0.2657437324523926
Coffee,6,20,7,2,RNN,ADASYN,3,{'n_neighbors': 3},0.5,0.46428571428571425,"{'hidden_size': 64, 'epochs': 10, 'batch_size': 32, 'lr': 0.001}",1.4360992908477783
Coffee,6,20,7,2,KNN,ADASYN,4,{'n_neighbors': 4},0.9733333333333334,0.9739374634500334,"{'algorithm': 'auto', 'leaf_size': 30, 'metric': 'euclidean', 'metric_params': None, 'n_jobs': None, 'n_neighbors': np.int64(9), 'p': 2, 'weights': 'distance'}",0.017328262329101562
Coffee,6,20,7,2,RandomForest,ADASYN,4,{'n_neighbors': 4},0.9983333333333333,0.9983364362999354,"{'bootstrap': True, 'ccp_alpha': 0.0, 'class_weight': 'balanced', 'criterion': 'gini', 'max_depth': None, 'max_features': 'sqrt', 'max_leaf_nodes': None, 'max_samples': None, 'min_impurity_decrease': 0.0, 'min_samples_leaf': 2, 'min_samples_split': 2, 'min_weight_fraction_leaf': 0.0, 'monotonic_cst': None, 'n_estimators': 150, 'n_jobs': None, 'oob_score': False, 'random_state': 42, 'verbose': 0, 'warm_start': False}",2.565140724182129
Coffee,6,20,7,2,LinearSVC,ADASYN,4,{'n_neighbors': 4},0.555,0.5556408576141124,"{'C': np.float64(0.08858667904100823), 'class_weight': None, 'dual': False, 'fit_intercept': False, 'intercept_scaling': 1, 'loss': 'squared_hinge', 'max_iter': 100, 'multi_class': 'ovr', 'penalty': 'l1', 'random_state': 42, 'tol': 0.0001, 'verbose': 0}",0.0718851089477539
Coffee,6,20,7,2,LogisticRegression,ADASYN,4,{'n_neighbors': 4},0.8866666666666667,0.8876732500437,"{'C': np.float64(33.59818286283781), 'class_weight': None, 'dual': False, 'fit_intercept': True, 'intercept_scaling': 1, 'l1_ratio': None, 'max_iter': 100, 'multi_class': 'deprecated', 'n_jobs': None, 'penalty': 'l2', 'random_state': 42, 'solver': 'saga', 'tol': 0.0001, 'verbose': 0, 'warm_start': False}",0.3389713764190674
Coffee,6,20,7,2,RNN,ADASYN,4,{'n_neighbors': 4},0.5,0.46428571428571425,"{'hidden_size': 64, 'epochs': 10, 'batch_size': 32, 'lr': 0.001}",2.5707921981811523
Coffee,6,20,7,2,KNN,ADASYN,5,{'n_neighbors': 5},0.9783333333333334,0.9788155730940777,"{'algorithm': 'auto', 'leaf_size': 30, 'metric': 'euclidean', 'metric_params': None, 'n_jobs': None, 'n_neighbors': np.int64(9), 'p': 2, 'weights': 'distance'}",0.020920753479003906
Coffee,6,20,7,2,RandomForest,ADASYN,5,{'n_neighbors': 5},0.9866666666666667,0.9868557368557369,"{'bootstrap': True, 'ccp_alpha': 0.0, 'class_weight': 'balanced', 'criterion': 'gini', 'max_depth': 30, 'max_features': 'sqrt', 'max_leaf_nodes': None, 'max_samples': None, 'min_impurity_decrease': 0.0, 'min_samples_leaf': 2, 'min_samples_split': 5, 'min_weight_fraction_leaf': 0.0, 'monotonic_cst': None, 'n_estimators': 50, 'n_jobs': None, 'oob_score': False, 'random_state': 42, 'verbose': 0, 'warm_start': False}",0.83370041847229
Coffee,6,20,7,2,LinearSVC,ADASYN,5,{'n_neighbors': 5},0.61,0.6128622098485524,"{'C': np.float64(2.6366508987303554), 'class_weight': 'balanced', 'dual': False, 'fit_intercept': True, 'intercept_scaling': 1, 'loss': 'squared_hinge', 'max_iter': 100, 'multi_class': 'ovr', 'penalty': 'l1', 'random_state': 42, 'tol': 0.0001, 'verbose': 0}",0.07911181449890137
Coffee,6,20,7,2,LogisticRegression,ADASYN,5,{'n_neighbors': 5},0.805,0.8104040637965338,"{'C': np.float64(1000.0), 'class_weight': 'balanced', 'dual': False, 'fit_intercept': True, 'intercept_scaling': 1, 'l1_ratio': None, 'max_iter': 100, 'multi_class': 'deprecated', 'n_jobs': None, 'penalty': 'l2', 'random_state': 42, 'solver': 'sag', 'tol': 0.0001, 'verbose': 0, 'warm_start': False}",0.2106790542602539
Coffee,6,20,7,2,RNN,ADASYN,5,{'n_neighbors': 5},0.5,0.46428571428571425,"{'hidden_size': 64, 'epochs': 10, 'batch_size': 32, 'lr': 0.001}",0.3538525104522705
Coffee,6,20,7,3,KNN,ADASYN,2,{'n_neighbors': 2},0.9583333333333334,0.9590970849125436,"{'algorithm': 'auto', 'leaf_size': 30, 'metric': 'euclidean', 'metric_params': None, 'n_jobs': None, 'n_neighbors': np.int64(9), 'p': 2, 'weights': 'distance'}",0.023204565048217773
Coffee,6,20,7,3,RandomForest,ADASYN,2,{'n_neighbors': 2},0.9933333333333333,0.993381942391697,"{'bootstrap': True, 'ccp_alpha': 0.0, 'class_weight': 'balanced', 'criterion': 'gini', 'max_depth': None, 'max_features': 'sqrt', 'max_leaf_nodes': None, 'max_samples': None, 'min_impurity_decrease': 0.0, 'min_samples_leaf': 1, 'min_samples_split': 20, 'min_weight_fraction_leaf': 0.0, 'monotonic_cst': None, 'n_estimators': 150, 'n_jobs': None, 'oob_score': False, 'random_state': 42, 'verbose': 0, 'warm_start': False}",4.0295655727386475
Coffee,6,20,7,3,LinearSVC,ADASYN,2,{'n_neighbors': 2},0.6316666666666667,0.6306863840891895,"{'C': np.float64(1000.0), 'class_weight': 'balanced', 'dual': False, 'fit_intercept': True, 'intercept_scaling': 1, 'loss': 'squared_hinge', 'max_iter': 100, 'multi_class': 'ovr', 'penalty': 'l2', 'random_state': 42, 'tol': 0.001, 'verbose': 0}",0.056542158126831055
Coffee,6,20,7,3,LogisticRegression,ADASYN,2,{'n_neighbors': 2},0.7816666666666666,0.7909851846549967,"{'C': np.float64(2.6366508987303554), 'class_weight': 'balanced', 'dual': False, 'fit_intercept': True, 'intercept_scaling': 1, 'l1_ratio': None, 'max_iter': 100, 'multi_class': 'deprecated', 'n_jobs': None, 'penalty': 'l1', 'random_state': 42, 'solver': 'saga', 'tol': 0.0001, 'verbose': 0, 'warm_start': False}",0.5394620895385742
Coffee,6,20,7,3,RNN,ADASYN,2,{'n_neighbors': 2},0.5,0.46428571428571425,"{'hidden_size': 64, 'epochs': 10, 'batch_size': 32, 'lr': 0.001}",3.0628280639648438
Coffee,6,20,7,3,KNN,ADASYN,3,{'n_neighbors': 3},0.9633333333333334,0.9638345601575066,"{'algorithm': 'auto', 'leaf_size': 30, 'metric': 'euclidean', 'metric_params': None, 'n_jobs': None, 'n_neighbors': np.int64(9), 'p': 2, 'weights': 'distance'}",0.026762723922729492
Coffee,6,20,7,3,RandomForest,ADASYN,3,{'n_neighbors': 3},0.995,0.9950275355242257,"{'bootstrap': True, 'ccp_alpha': 0.0, 'class_weight': 'balanced', 'criterion': 'gini', 'max_depth': 30, 'max_features': 'sqrt', 'max_leaf_nodes': None, 'max_samples': None, 'min_impurity_decrease': 0.0, 'min_samples_leaf': 4, 'min_samples_split': 5, 'min_weight_fraction_leaf': 0.0, 'monotonic_cst': None, 'n_estimators': 50, 'n_jobs': None, 'oob_score': False, 'random_state': 42, 'verbose': 0, 'warm_start': False}",1.3304951190948486
Coffee,6,20,7,3,LinearSVC,ADASYN,3,{'n_neighbors': 3},0.5666666666666667,0.5645847216772647,"{'C': np.float64(33.59818286283781), 'class_weight': 'balanced', 'dual': False, 'fit_intercept': True, 'intercept_scaling': 1, 'loss': 'squared_hinge', 'max_iter': 100, 'multi_class': 'ovr', 'penalty': 'l1', 'random_state': 42, 'tol': 0.001, 'verbose': 0}",0.10174870491027832
Coffee,6,20,7,3,LogisticRegression,ADASYN,3,{'n_neighbors': 3},0.8266666666666667,0.8285143806525375,"{'C': np.float64(1000.0), 'class_weight': 'balanced', 'dual': False, 'fit_intercept': True, 'intercept_scaling': 1, 'l1_ratio': None, 'max_iter': 100, 'multi_class': 'deprecated', 'n_jobs': None, 'penalty': 'l2', 'random_state': 42, 'solver': 'sag', 'tol': 0.0001, 'verbose': 0, 'warm_start': False}",0.38975048065185547
Coffee,6,20,7,3,RNN,ADASYN,3,{'n_neighbors': 3},0.5,0.46428571428571425,"{'hidden_size': 64, 'epochs': 10, 'batch_size': 32, 'lr': 0.001}",3.775500774383545
Coffee,6,20,7,3,KNN,ADASYN,4,{'n_neighbors': 4},0.965,0.965545965426262,"{'algorithm': 'auto', 'leaf_size': 30, 'metric': 'euclidean', 'metric_params': None, 'n_jobs': None, 'n_neighbors': np.int64(9), 'p': 2, 'weights': 'distance'}",0.02648305892944336
Coffee,6,20,7,3,RandomForest,ADASYN,4,{'n_neighbors': 4},0.995,0.9950275355242257,"{'bootstrap': True, 'ccp_alpha': 0.0, 'class_weight': 'balanced', 'criterion': 'gini', 'max_depth': 20, 'max_features': 'sqrt', 'max_leaf_nodes': None, 'max_samples': None, 'min_impurity_decrease': 0.0, 'min_samples_leaf': 2, 'min_samples_split': 5, 'min_weight_fraction_leaf': 0.0, 'monotonic_cst': None, 'n_estimators': 50, 'n_jobs': None, 'oob_score': False, 'random_state': 42, 'verbose': 0, 'warm_start': False}",1.3141827583312988
Coffee,6,20,7,3,LinearSVC,ADASYN,4,{'n_neighbors': 4},0.5433333333333333,0.5428751953031934,"{'C': np.float64(0.2069138081114788), 'class_weight': 'balanced', 'dual': False, 'fit_intercept': False, 'intercept_scaling': 1, 'loss': 'squared_hinge', 'max_iter': 100, 'multi_class': 'ovr', 'penalty': 'l2', 'random_state': 42, 'tol': 0.0001, 'verbose': 0}",0.04863142967224121
Coffee,6,20,7,3,LogisticRegression,ADASYN,4,{'n_neighbors': 4},0.8016666666666666,0.7982374770622905,"{'C': np.float64(33.59818286283781), 'class_weight': None, 'dual': False, 'fit_intercept': True, 'intercept_scaling': 1, 'l1_ratio': None, 'max_iter': 100, 'multi_class': 'deprecated', 'n_jobs': None, 'penalty': 'l2', 'random_state': 42, 'solver': 'saga', 'tol': 0.0001, 'verbose': 0, 'warm_start': False}",0.4212517738342285
Coffee,6,20,7,3,RNN,ADASYN,4,{'n_neighbors': 4},0.5,0.46428571428571425,"{'hidden_size': 64, 'epochs': 10, 'batch_size': 32, 'lr': 0.001}",3.9922492504119873
Coffee,6,20,7,3,KNN,ADASYN,5,{'n_neighbors': 5},0.9166666666666666,0.9213786012334105,"{'algorithm': 'auto', 'leaf_size': 30, 'metric': 'euclidean', 'metric_params': None, 'n_jobs': None, 'n_neighbors': np.int64(9), 'p': 2, 'weights': 'distance'}",0.029217243194580078
Coffee,6,20,7,3,RandomForest,ADASYN,5,{'n_neighbors': 5},0.975,0.9755525719657437,"{'bootstrap': True, 'ccp_alpha': 0.0, 'class_weight': None, 'criterion': 'gini', 'max_depth': 30, 'max_features': 'sqrt', 'max_leaf_nodes': None, 'max_samples': None, 'min_impurity_decrease': 0.0, 'min_samples_leaf': 4, 'min_samples_split': 2, 'min_weight_fraction_leaf': 0.0, 'monotonic_cst': None, 'n_estimators': 50, 'n_jobs': None, 'oob_score': False, 'random_state': 42, 'verbose': 0, 'warm_start': False}",1.4257547855377197
Coffee,6,20,7,3,LinearSVC,ADASYN,5,{'n_neighbors': 5},0.735,0.73236434954192,"{'C': np.float64(33.59818286283781), 'class_weight': 'balanced', 'dual': False, 'fit_intercept': True, 'intercept_scaling': 1, 'loss': 'squared_hinge', 'max_iter': 100, 'multi_class': 'ovr', 'penalty': 'l1', 'random_state': 42, 'tol': 0.001, 'verbose': 0}",0.1249842643737793
Coffee,6,20,7,3,LogisticRegression,ADASYN,5,{'n_neighbors': 5},0.865,0.8686311868625816,"{'C': np.float64(2.6366508987303554), 'class_weight': 'balanced', 'dual': False, 'fit_intercept': True, 'intercept_scaling': 1, 'l1_ratio': None, 'max_iter': 100, 'multi_class': 'deprecated', 'n_jobs': None, 'penalty': 'l1', 'random_state': 42, 'solver': 'saga', 'tol': 0.0001, 'verbose': 0, 'warm_start': False}",0.5615015029907227
Coffee,6,20,7,3,RNN,ADASYN,5,{'n_neighbors': 5},0.5,0.46428571428571425,"{'hidden_size': 64, 'epochs': 10, 'batch_size': 32, 'lr': 0.001}",3.1105453968048096
Coffee,6,20,7,5,KNN,ADASYN,2,{'n_neighbors': 2},0.9583333333333334,0.958930208742662,"{'algorithm': 'auto', 'leaf_size': 30, 'metric': 'euclidean', 'metric_params': None, 'n_jobs': None, 'n_neighbors': np.int64(9), 'p': 2, 'weights': 'distance'}",0.0405118465423584
Coffee,6,20,7,5,RandomForest,ADASYN,2,{'n_neighbors': 2},0.9933333333333333,0.993381942391697,"{'bootstrap': True, 'ccp_alpha': 0.0, 'class_weight': 'balanced', 'criterion': 'gini', 'max_depth': None, 'max_features': 'sqrt', 'max_leaf_nodes': None, 'max_samples': None, 'min_impurity_decrease': 0.0, 'min_samples_leaf': 2, 'min_samples_split': 2, 'min_weight_fraction_leaf': 0.0, 'monotonic_cst': None, 'n_estimators': 150, 'n_jobs': None, 'oob_score': False, 'random_state': 42, 'verbose': 0, 'warm_start': False}",7.622183799743652
Coffee,6,20,7,5,LinearSVC,ADASYN,2,{'n_neighbors': 2},0.6333333333333333,0.632002864259281,"{'C': np.float64(1000.0), 'class_weight': 'balanced', 'dual': False, 'fit_intercept': True, 'intercept_scaling': 1, 'loss': 'squared_hinge', 'max_iter': 100, 'multi_class': 'ovr', 'penalty': 'l2', 'random_state': 42, 'tol': 0.001, 'verbose': 0}",0.09002065658569336
Coffee,6,20,7,5,LogisticRegression,ADASYN,2,{'n_neighbors': 2},0.765,0.7756316002214573,"{'C': np.float64(33.59818286283781), 'class_weight': 'balanced', 'dual': False, 'fit_intercept': True, 'intercept_scaling': 1, 'l1_ratio': None, 'max_iter': 100, 'multi_class': 'deprecated', 'n_jobs': None, 'penalty': 'l2', 'random_state': 42, 'solver': 'saga', 'tol': 0.0001, 'verbose': 0, 'warm_start': False}",0.8242311477661133
Coffee,6,20,7,5,RNN,ADASYN,2,{'n_neighbors': 2},0.8333333333333334,0.8492063492063492,"{'hidden_size': 64, 'epochs': 10, 'batch_size': 32, 'lr': 0.001}",5.680289268493652
Coffee,6,20,7,5,KNN,ADASYN,3,{'n_neighbors': 3},0.9733333333333334,0.973581453476844,"{'algorithm': 'auto', 'leaf_size': 30, 'metric': 'minkowski', 'metric_params': None, 'n_jobs': None, 'n_neighbors': 5, 'p': 2, 'weights': 'uniform'}",0.06910181045532227
Coffee,6,20,7,5,RandomForest,ADASYN,3,{'n_neighbors': 3},0.9983333333333333,0.9983364362999354,"{'bootstrap': True, 'ccp_alpha': 0.0, 'class_weight': None, 'criterion': 'gini', 'max_depth': None, 'max_features': 'sqrt', 'max_leaf_nodes': None, 'max_samples': None, 'min_impurity_decrease': 0.0, 'min_samples_leaf': 1, 'min_samples_split': 2, 'min_weight_fraction_leaf': 0.0, 'monotonic_cst': None, 'n_estimators': 100, 'n_jobs': None, 'oob_score': False, 'random_state': 42, 'verbose': 0, 'warm_start': False}",5.0616559982299805
Coffee,6,20,7,5,LinearSVC,ADASYN,3,{'n_neighbors': 3},0.7333333333333333,0.685621738423977,"{'C': 1.0, 'class_weight': None, 'dual': False, 'fit_intercept': True, 'intercept_scaling': 1, 'loss': 'squared_hinge', 'max_iter': 100, 'multi_class': 'ovr', 'penalty': 'l2', 'random_state': 42, 'tol': 0.0001, 'verbose': 0}",0.09438657760620117
Coffee,6,20,7,5,LogisticRegression,ADASYN,3,{'n_neighbors': 3},0.8383333333333334,0.8246039498339048,"{'C': 1.0, 'class_weight': None, 'dual': False, 'fit_intercept': True, 'intercept_scaling': 1, 'l1_ratio': None, 'max_iter': 100, 'multi_class': 'deprecated', 'n_jobs': None, 'penalty': 'l2', 'random_state': 42, 'solver': 'lbfgs', 'tol': 0.0001, 'verbose': 0, 'warm_start': False}",0.4870426654815674
Coffee,6,20,7,5,RNN,ADASYN,3,{'n_neighbors': 3},0.3333333333333333,0.2888888888888889,"{'hidden_size': 64, 'epochs': 10, 'batch_size': 32, 'lr': 0.001}",4.817889213562012
Coffee,6,20,7,5,KNN,ADASYN,4,{'n_neighbors': 4},0.9733333333333334,0.973581453476844,"{'algorithm': 'auto', 'leaf_size': 30, 'metric': 'minkowski', 'metric_params': None, 'n_jobs': None, 'n_neighbors': 5, 'p': 2, 'weights': 'uniform'}",0.06470561027526855
Coffee,6,20,7,5,RandomForest,ADASYN,4,{'n_neighbors': 4},0.9983333333333333,0.9983364362999354,"{'bootstrap': True, 'ccp_alpha': 0.0, 'class_weight': None, 'criterion': 'gini', 'max_depth': None, 'max_features': 'sqrt', 'max_leaf_nodes': None, 'max_samples': None, 'min_impurity_decrease': 0.0, 'min_samples_leaf': 1, 'min_samples_split': 2, 'min_weight_fraction_leaf': 0.0, 'monotonic_cst': None, 'n_estimators': 100, 'n_jobs': None, 'oob_score': False, 'random_state': 42, 'verbose': 0, 'warm_start': False}",4.502316474914551
Coffee,6,20,7,5,LinearSVC,ADASYN,4,{'n_neighbors': 4},0.645,0.6182625202233045,"{'C': 1.0, 'class_weight': None, 'dual': False, 'fit_intercept': True, 'intercept_scaling': 1, 'loss': 'squared_hinge', 'max_iter': 100, 'multi_class': 'ovr', 'penalty': 'l2', 'random_state': 42, 'tol': 0.0001, 'verbose': 0}",0.07810211181640625
Coffee,6,20,7,5,LogisticRegression,ADASYN,4,{'n_neighbors': 4},0.8133333333333334,0.8143179663722995,"{'C': 1.0, 'class_weight': None, 'dual': False, 'fit_intercept': True, 'intercept_scaling': 1, 'l1_ratio': None, 'max_iter': 100, 'multi_class': 'deprecated', 'n_jobs': None, 'penalty': 'l2', 'random_state': 42, 'solver': 'lbfgs', 'tol': 0.0001, 'verbose': 0, 'warm_start': False}",0.2831404209136963
Coffee,6,20,7,5,RNN,ADASYN,4,{'n_neighbors': 4},0.16666666666666666,0.06666666666666667,"{'hidden_size': 64, 'epochs': 10, 'batch_size': 32, 'lr': 0.001}",3.306425094604492
Coffee,6,20,7,5,KNN,ADASYN,5,{'n_neighbors': 5},0.9266666666666666,0.929937601162556,"{'algorithm': 'auto', 'leaf_size': 30, 'metric': 'minkowski', 'metric_params': None, 'n_jobs': None, 'n_neighbors': 5, 'p': 2, 'weights': 'uniform'}",0.05878877639770508
Coffee,6,20,7,5,RandomForest,ADASYN,5,{'n_neighbors': 5},0.99,0.9901078476926463,"{'bootstrap': True, 'ccp_alpha': 0.0, 'class_weight': None, 'criterion': 'gini', 'max_depth': None, 'max_features': 'sqrt', 'max_leaf_nodes': None, 'max_samples': None, 'min_impurity_decrease': 0.0, 'min_samples_leaf': 1, 'min_samples_split': 2, 'min_weight_fraction_leaf': 0.0, 'monotonic_cst': None, 'n_estimators': 100, 'n_jobs': None, 'oob_score': False, 'random_state': 42, 'verbose': 0, 'warm_start': False}",5.3158910274505615
Coffee,6,20,7,5,LinearSVC,ADASYN,5,{'n_neighbors': 5},0.7566666666666667,0.7125704452161429,"{'C': 1.0, 'class_weight': None, 'dual': False, 'fit_intercept': True, 'intercept_scaling': 1, 'loss': 'squared_hinge', 'max_iter': 100, 'multi_class': 'ovr', 'penalty': 'l2', 'random_state': 42, 'tol': 0.0001, 'verbose': 0}",0.08920598030090332
Coffee,6,20,7,5,LogisticRegression,ADASYN,5,{'n_neighbors': 5},0.9133333333333333,0.9161890332030331,"{'C': 1.0, 'class_weight': None, 'dual': False, 'fit_intercept': True, 'intercept_scaling': 1, 'l1_ratio': None, 'max_iter': 100, 'multi_class': 'deprecated', 'n_jobs': None, 'penalty': 'l2', 'random_state': 42, 'solver': 'lbfgs', 'tol': 0.0001, 'verbose': 0, 'warm_start': False}",0.6838042736053467
Coffee,6,20,7,5,RNN,ADASYN,5,{'n_neighbors': 5},0.6666666666666666,0.611111111111111,"{'hidden_size': 64, 'epochs': 10, 'batch_size': 32, 'lr': 0.001}",5.569539785385132
Coffee,6,20,7,10,KNN,ADASYN,2,{'n_neighbors': 2},0.9633333333333334,0.9637990658912565,"{'algorithm': 'auto', 'leaf_size': 30, 'metric': 'minkowski', 'metric_params': None, 'n_jobs': None, 'n_neighbors': 5, 'p': 2, 'weights': 'uniform'}",0.10161447525024414
Coffee,6,20,7,10,RandomForest,ADASYN,2,{'n_neighbors': 2},0.99,0.9901078476926463,"{'bootstrap': True, 'ccp_alpha': 0.0, 'class_weight': None, 'criterion': 'gini', 'max_depth': None, 'max_features': 'sqrt', 'max_leaf_nodes': None, 'max_samples': None, 'min_impurity_decrease': 0.0, 'min_samples_leaf': 1, 'min_samples_split': 2, 'min_weight_fraction_leaf': 0.0, 'monotonic_cst': None, 'n_estimators': 100, 'n_jobs': None, 'oob_score': False, 'random_state': 42, 'verbose': 0, 'warm_start': False}",9.948976516723633
Coffee,6,20,7,10,LinearSVC,ADASYN,2,{'n_neighbors': 2},0.6216666666666667,0.6151469783930117,"{'C': 1.0, 'class_weight': None, 'dual': False, 'fit_intercept': True, 'intercept_scaling': 1, 'loss': 'squared_hinge', 'max_iter': 100, 'multi_class': 'ovr', 'penalty': 'l2', 'random_state': 42, 'tol': 0.0001, 'verbose': 0}",0.18826079368591309
Coffee,6,20,7,10,LogisticRegression,ADASYN,2,{'n_neighbors': 2},0.79,0.7856538921055051,"{'C': 1.0, 'class_weight': None, 'dual': False, 'fit_intercept': True, 'intercept_scaling': 1, 'l1_ratio': None, 'max_iter': 100, 'multi_class': 'deprecated', 'n_jobs': None, 'penalty': 'l2', 'random_state': 42, 'solver': 'lbfgs', 'tol': 0.0001, 'verbose': 0, 'warm_start': False}",1.6635987758636475
Coffee,6,20,7,10,RNN,ADASYN,2,{'n_neighbors': 2},0.6666666666666666,0.6666666666666666,"{'hidden_size': 64, 'epochs': 10, 'batch_size': 32, 'lr': 0.001}",8.258216619491577
Coffee,6,20,7,10,KNN,ADASYN,3,{'n_neighbors': 3},0.975,0.9752595979099008,"{'algorithm': 'auto', 'leaf_size': 30, 'metric': 'minkowski', 'metric_params': None, 'n_jobs': None, 'n_neighbors': 5, 'p': 2, 'weights': 'uniform'}",0.0817568302154541
Coffee,6,20,7,10,RandomForest,ADASYN,3,{'n_neighbors': 3},1.0,1.0,"{'bootstrap': True, 'ccp_alpha': 0.0, 'class_weight': None, 'criterion': 'gini', 'max_depth': None, 'max_features': 'sqrt', 'max_leaf_nodes': None, 'max_samples': None, 'min_impurity_decrease': 0.0, 'min_samples_leaf': 1, 'min_samples_split': 2, 'min_weight_fraction_leaf': 0.0, 'monotonic_cst': None, 'n_estimators': 100, 'n_jobs': None, 'oob_score': False, 'random_state': 42, 'verbose': 0, 'warm_start': False}",9.292804479598999
Coffee,6,20,7,10,LinearSVC,ADASYN,3,{'n_neighbors': 3},0.655,0.6249191003289364,"{'C': 1.0, 'class_weight': None, 'dual': False, 'fit_intercept': True, 'intercept_scaling': 1, 'loss': 'squared_hinge', 'max_iter': 100, 'multi_class': 'ovr', 'penalty': 'l2', 'random_state': 42, 'tol': 0.0001, 'verbose': 0}",0.1788177490234375
Coffee,6,20,7,10,LogisticRegression,ADASYN,3,{'n_neighbors': 3},0.795,0.7878057513677815,"{'C': 1.0, 'class_weight': None, 'dual': False, 'fit_intercept': True, 'intercept_scaling': 1, 'l1_ratio': None, 'max_iter': 100, 'multi_class': 'deprecated', 'n_jobs': None, 'penalty': 'l2', 'random_state': 42, 'solver': 'lbfgs', 'tol': 0.0001, 'verbose': 0, 'warm_start': False}",1.7754065990447998
Coffee,6,20,7,10,RNN,ADASYN,3,{'n_neighbors': 3},0.5,0.4611111111111111,"{'hidden_size': 64, 'epochs': 10, 'batch_size': 32, 'lr': 0.001}",10.418375492095947
Coffee,6,20,7,10,KNN,ADASYN,4,{'n_neighbors': 4},0.9866666666666667,0.9867378984283947,"{'algorithm': 'auto', 'leaf_size': 30, 'metric': 'minkowski', 'metric_params': None, 'n_jobs': None, 'n_neighbors': 5, 'p': 2, 'weights': 'uniform'}",0.10918164253234863
Coffee,6,20,7,10,RandomForest,ADASYN,4,{'n_neighbors': 4},0.9983333333333333,0.9983364362999354,"{'bootstrap': True, 'ccp_alpha': 0.0, 'class_weight': None, 'criterion': 'gini', 'max_depth': None, 'max_features': 'sqrt', 'max_leaf_nodes': None, 'max_samples': None, 'min_impurity_decrease': 0.0, 'min_samples_leaf': 1, 'min_samples_split': 2, 'min_weight_fraction_leaf': 0.0, 'monotonic_cst': None, 'n_estimators': 100, 'n_jobs': None, 'oob_score': False, 'random_state': 42, 'verbose': 0, 'warm_start': False}",9.790714979171753
Coffee,6,20,7,10,LinearSVC,ADASYN,4,{'n_neighbors': 4},0.58,0.5739768266553135,"{'C': 1.0, 'class_weight': None, 'dual': False, 'fit_intercept': True, 'intercept_scaling': 1, 'loss': 'squared_hinge', 'max_iter': 100, 'multi_class': 'ovr', 'penalty': 'l2', 'random_state': 42, 'tol': 0.0001, 'verbose': 0}",0.17255496978759766
Coffee,6,20,7,10,LogisticRegression,ADASYN,4,{'n_neighbors': 4},0.735,0.7247642679900745,"{'C': 1.0, 'class_weight': None, 'dual': False, 'fit_intercept': True, 'intercept_scaling': 1, 'l1_ratio': None, 'max_iter': 100, 'multi_class': 'deprecated', 'n_jobs': None, 'penalty': 'l2', 'random_state': 42, 'solver': 'lbfgs', 'tol': 0.0001, 'verbose': 0, 'warm_start': False}",1.2735366821289062
Coffee,6,20,7,10,RNN,ADASYN,4,{'n_neighbors': 4},0.5,0.49206349206349204,"{'hidden_size': 64, 'epochs': 10, 'batch_size': 32, 'lr': 0.001}",11.78998875617981
Coffee,6,20,7,10,KNN,ADASYN,5,{'n_neighbors': 5},0.9433333333333334,0.9461925271324749,"{'algorithm': 'auto', 'leaf_size': 30, 'metric': 'minkowski', 'metric_params': None, 'n_jobs': None, 'n_neighbors': 5, 'p': 2, 'weights': 'uniform'}",0.10636639595031738
Coffee,6,20,7,10,RandomForest,ADASYN,5,{'n_neighbors': 5},0.9883333333333333,0.9884791035895811,"{'bootstrap': True, 'ccp_alpha': 0.0, 'class_weight': None, 'criterion': 'gini', 'max_depth': None, 'max_features': 'sqrt', 'max_leaf_nodes': None, 'max_samples': None, 'min_impurity_decrease': 0.0, 'min_samples_leaf': 1, 'min_samples_split': 2, 'min_weight_fraction_leaf': 0.0, 'monotonic_cst': None, 'n_estimators': 100, 'n_jobs': None, 'oob_score': False, 'random_state': 42, 'verbose': 0, 'warm_start': False}",10.651168823242188
Coffee,6,20,7,10,LinearSVC,ADASYN,5,{'n_neighbors': 5},0.5833333333333334,0.5754944556946782,"{'C': 1.0, 'class_weight': None, 'dual': False, 'fit_intercept': True, 'intercept_scaling': 1, 'loss': 'squared_hinge', 'max_iter': 100, 'multi_class': 'ovr', 'penalty': 'l2', 'random_state': 42, 'tol': 0.0001, 'verbose': 0}",0.17254018783569336
Coffee,6,20,7,10,LogisticRegression,ADASYN,5,{'n_neighbors': 5},0.8083333333333333,0.8098316239726503,"{'C': 1.0, 'class_weight': None, 'dual': False, 'fit_intercept': True, 'intercept_scaling': 1, 'l1_ratio': None, 'max_iter': 100, 'multi_class': 'deprecated', 'n_jobs': None, 'penalty': 'l2', 'random_state': 42, 'solver': 'lbfgs', 'tol': 0.0001, 'verbose': 0, 'warm_start': False}",1.262730598449707
Coffee,6,20,7,10,RNN,ADASYN,5,{'n_neighbors': 5},0.5,0.4611111111111111,"{'hidden_size': 64, 'epochs': 10, 'batch_size': 32, 'lr': 0.001}",14.646267414093018
Coffee,6,20,8,1,KNN,Baseline,N/A,N/A,0.8616666666666667,0.8739455557691138,"{'algorithm': 'auto', 'leaf_size': 30, 'metric': 'minkowski', 'metric_params': None, 'n_jobs': None, 'n_neighbors': 5, 'p': 2, 'weights': 'uniform'}",0.037435293197631836
Coffee,6,20,8,1,KNN,Tuned_Baseline,N/A,N/A,0.845,0.8594044923751274,"{'algorithm': 'auto', 'leaf_size': 30, 'metric': 'minkowski', 'metric_params': None, 'n_jobs': None, 'n_neighbors': np.int64(5), 'p': 3, 'weights': 'distance'}",0.030112028121948242
Coffee,6,20,8,1,RandomForest,Baseline,N/A,N/A,0.97,0.9708932635678923,"{'bootstrap': True, 'ccp_alpha': 0.0, 'class_weight': None, 'criterion': 'gini', 'max_depth': None, 'max_features': 'sqrt', 'max_leaf_nodes': None, 'max_samples': None, 'min_impurity_decrease': 0.0, 'min_samples_leaf': 1, 'min_samples_split': 2, 'min_weight_fraction_leaf': 0.0, 'monotonic_cst': None, 'n_estimators': 100, 'n_jobs': None, 'oob_score': False, 'random_state': 42, 'verbose': 0, 'warm_start': False}",0.7671878337860107
Coffee,6,20,8,1,RandomForest,Tuned_Baseline,N/A,N/A,0.975,0.9755525719657437,"{'bootstrap': True, 'ccp_alpha': 0.0, 'class_weight': None, 'criterion': 'gini', 'max_depth': 30, 'max_features': 'sqrt', 'max_leaf_nodes': None, 'max_samples': None, 'min_impurity_decrease': 0.0, 'min_samples_leaf': 1, 'min_samples_split': 5, 'min_weight_fraction_leaf': 0.0, 'monotonic_cst': None, 'n_estimators': 50, 'n_jobs': None, 'oob_score': False, 'random_state': 42, 'verbose': 0, 'warm_start': False}",0.003852367401123047
Coffee,6,20,8,1,LinearSVC,Baseline,N/A,N/A,0.7033333333333334,0.7108179420006538,"{'C': 1.0, 'class_weight': None, 'dual': False, 'fit_intercept': True, 'intercept_scaling': 1, 'loss': 'squared_hinge', 'max_iter': 100, 'multi_class': 'ovr', 'penalty': 'l2', 'random_state': 42, 'tol': 0.0001, 'verbose': 0}",0.014649629592895508
Coffee,6,20,8,1,LinearSVC,Tuned_Baseline,N/A,N/A,0.78,0.7943533435848403,"{'C': np.float64(1000.0), 'class_weight': 'balanced', 'dual': False, 'fit_intercept': True, 'intercept_scaling': 1, 'loss': 'squared_hinge', 'max_iter': 100, 'multi_class': 'ovr', 'penalty': 'l2', 'random_state': 42, 'tol': 0.001, 'verbose': 0}",0.0003485679626464844
Coffee,6,20,8,1,LogisticRegression,Baseline,N/A,N/A,0.945,0.9452663212008385,"{'C': 1.0, 'class_weight': None, 'dual': False, 'fit_intercept': True, 'intercept_scaling': 1, 'l1_ratio': None, 'max_iter': 100, 'multi_class': 'deprecated', 'n_jobs': None, 'penalty': 'l2', 'random_state': 42, 'solver': 'lbfgs', 'tol': 0.0001, 'verbose': 0, 'warm_start': False}",0.3380765914916992
Coffee,6,20,8,1,LogisticRegression,Tuned_Baseline,N/A,N/A,0.9033333333333333,0.9050014201443328,"{'C': np.float64(6.1584821106602545), 'class_weight': None, 'dual': False, 'fit_intercept': True, 'intercept_scaling': 1, 'l1_ratio': None, 'max_iter': 100, 'multi_class': 'deprecated', 'n_jobs': None, 'penalty': 'l2', 'random_state': 42, 'solver': 'lbfgs', 'tol': 0.0001, 'verbose': 0, 'warm_start': False}",0.00031948089599609375
Coffee,6,20,8,1,RNN,Baseline,N/A,N/A,0.6666666666666666,0.611111111111111,"{'hidden_size': 64, 'epochs': 10, 'batch_size': 32, 'lr': 0.001}",1.3895668983459473
Coffee,6,20,8,1,RNN,Tuned_Baseline,N/A,N/A,0.6666666666666666,0.6944444444444443,"{'hidden_size': 64, 'epochs': 10, 'batch_size': 64, 'lr': 0.005}",0.017476797103881836
Coffee,6,20,8,2,KNN,ADASYN,2,{'n_neighbors': 2},0.785,0.7989471894812984,"{'algorithm': 'auto', 'leaf_size': 30, 'metric': 'chebyshev', 'metric_params': None, 'n_jobs': None, 'n_neighbors': np.int64(5), 'p': 2, 'weights': 'uniform'}",0.04290008544921875
Coffee,6,20,8,2,RandomForest,ADASYN,2,{'n_neighbors': 2},0.855,0.8681309283539641,"{'bootstrap': True, 'ccp_alpha': 0.0, 'class_weight': 'balanced', 'criterion': 'gini', 'max_depth': 30, 'max_features': 'sqrt', 'max_leaf_nodes': None, 'max_samples': None, 'min_impurity_decrease': 0.0, 'min_samples_leaf': 1, 'min_samples_split': 2, 'min_weight_fraction_leaf': 0.0, 'monotonic_cst': None, 'n_estimators': 150, 'n_jobs': None, 'oob_score': False, 'random_state': 42, 'verbose': 0, 'warm_start': False}",2.8058321475982666
Coffee,6,20,8,2,LinearSVC,ADASYN,2,{'n_neighbors': 2},0.585,0.5888450518083722,"{'C': np.float64(33.59818286283781), 'class_weight': 'balanced', 'dual': False, 'fit_intercept': True, 'intercept_scaling': 1, 'loss': 'squared_hinge', 'max_iter': 100, 'multi_class': 'ovr', 'penalty': 'l1', 'random_state': 42, 'tol': 0.0001, 'verbose': 0}",0.07376956939697266
Coffee,6,20,8,2,LogisticRegression,ADASYN,2,{'n_neighbors': 2},0.7266666666666667,0.7361534168839882,"{'C': np.float64(1000.0), 'class_weight': 'balanced', 'dual': False, 'fit_intercept': True, 'intercept_scaling': 1, 'l1_ratio': None, 'max_iter': 100, 'multi_class': 'deprecated', 'n_jobs': None, 'penalty': 'l2', 'random_state': 42, 'solver': 'sag', 'tol': 0.0001, 'verbose': 0, 'warm_start': False}",0.35907912254333496
Coffee,6,20,8,2,RNN,ADASYN,2,{'n_neighbors': 2},0.16666666666666666,0.06666666666666667,"{'hidden_size': 64, 'epochs': 10, 'batch_size': 64, 'lr': 0.005}",28.669379949569702
Coffee,6,20,8,2,KNN,ADASYN,3,{'n_neighbors': 3},0.8333333333333334,0.8492063492063492,"{'algorithm': 'auto', 'leaf_size': 30, 'metric': 'euclidean', 'metric_params': None, 'n_jobs': None, 'n_neighbors': np.int64(9), 'p': 2, 'weights': 'distance'}",0.021163463592529297
Coffee,6,20,8,2,RandomForest,ADASYN,3,{'n_neighbors': 3},0.9333333333333333,0.9371345029239766,"{'bootstrap': True, 'ccp_alpha': 0.0, 'class_weight': 'balanced', 'criterion': 'gini', 'max_depth': None, 'max_features': 'sqrt', 'max_leaf_nodes': None, 'max_samples': None, 'min_impurity_decrease': 0.0, 'min_samples_leaf': 1, 'min_samples_split': 2, 'min_weight_fraction_leaf': 0.0, 'monotonic_cst': None, 'n_estimators': 50, 'n_jobs': None, 'oob_score': False, 'random_state': 42, 'verbose': 0, 'warm_start': False}",0.8739533424377441
Coffee,6,20,8,2,LinearSVC,ADASYN,3,{'n_neighbors': 3},0.6266666666666667,0.6342214916005884,"{'C': np.float64(0.4832930238571752), 'class_weight': 'balanced', 'dual': False, 'fit_intercept': True, 'intercept_scaling': 1, 'loss': 'squared_hinge', 'max_iter': 100, 'multi_class': 'ovr', 'penalty': 'l2', 'random_state': 42, 'tol': 0.0001, 'verbose': 0}",0.03675198554992676
Coffee,6,20,8,2,LogisticRegression,ADASYN,3,{'n_neighbors': 3},0.8466666666666667,0.8504125170835799,"{'C': np.float64(6.1584821106602545), 'class_weight': None, 'dual': False, 'fit_intercept': True, 'intercept_scaling': 1, 'l1_ratio': None, 'max_iter': 100, 'multi_class': 'deprecated', 'n_jobs': None, 'penalty': 'l2', 'random_state': 42, 'solver': 'lbfgs', 'tol': 0.0001, 'verbose': 0, 'warm_start': False}",0.5836384296417236
Coffee,6,20,8,2,RNN,ADASYN,3,{'n_neighbors': 3},0.5,0.46428571428571425,"{'hidden_size': 64, 'epochs': 10, 'batch_size': 64, 'lr': 0.005}",26.331013441085815
Coffee,6,20,8,2,KNN,ADASYN,4,{'n_neighbors': 4},0.7983333333333333,0.8037835556498905,"{'algorithm': 'auto', 'leaf_size': 30, 'metric': 'euclidean', 'metric_params': None, 'n_jobs': None, 'n_neighbors': np.int64(9), 'p': 2, 'weights': 'distance'}",0.021973133087158203
Coffee,6,20,8,2,RandomForest,ADASYN,4,{'n_neighbors': 4},0.9366666666666666,0.9399839752217986,"{'bootstrap': True, 'ccp_alpha': 0.0, 'class_weight': None, 'criterion': 'gini', 'max_depth': None, 'max_features': 'sqrt', 'max_leaf_nodes': None, 'max_samples': None, 'min_impurity_decrease': 0.0, 'min_samples_leaf': 4, 'min_samples_split': 2, 'min_weight_fraction_leaf': 0.0, 'monotonic_cst': None, 'n_estimators': 50, 'n_jobs': None, 'oob_score': False, 'random_state': 42, 'verbose': 0, 'warm_start': False}",0.8536162376403809
Coffee,6,20,8,2,LinearSVC,ADASYN,4,{'n_neighbors': 4},0.575,0.5831602176552063,"{'C': np.float64(0.0379269019073225), 'class_weight': 'balanced', 'dual': False, 'fit_intercept': False, 'intercept_scaling': 1, 'loss': 'squared_hinge', 'max_iter': 100, 'multi_class': 'ovr', 'penalty': 'l1', 'random_state': 42, 'tol': 0.0001, 'verbose': 0}",0.06438946723937988
Coffee,6,20,8,2,LogisticRegression,ADASYN,4,{'n_neighbors': 4},0.8566666666666667,0.8601844625659981,"{'C': np.float64(33.59818286283781), 'class_weight': None, 'dual': False, 'fit_intercept': True, 'intercept_scaling': 1, 'l1_ratio': None, 'max_iter': 100, 'multi_class': 'deprecated', 'n_jobs': None, 'penalty': 'l2', 'random_state': 42, 'solver': 'saga', 'tol': 0.0001, 'verbose': 0, 'warm_start': False}",0.6773855686187744
Coffee,6,20,8,2,RNN,ADASYN,4,{'n_neighbors': 4},0.5,0.46428571428571425,"{'hidden_size': 64, 'epochs': 10, 'batch_size': 64, 'lr': 0.005}",32.09114408493042
Coffee,6,20,8,2,KNN,ADASYN,5,{'n_neighbors': 5},0.84,0.845434181312044,"{'algorithm': 'auto', 'leaf_size': 30, 'metric': 'euclidean', 'metric_params': None, 'n_jobs': None, 'n_neighbors': np.int64(9), 'p': 2, 'weights': 'distance'}",0.01976919174194336
Coffee,6,20,8,2,RandomForest,ADASYN,5,{'n_neighbors': 5},0.93,0.9341350661811204,"{'bootstrap': True, 'ccp_alpha': 0.0, 'class_weight': 'balanced', 'criterion': 'gini', 'max_depth': 30, 'max_features': 'sqrt', 'max_leaf_nodes': None, 'max_samples': None, 'min_impurity_decrease': 0.0, 'min_samples_leaf': 1, 'min_samples_split': 2, 'min_weight_fraction_leaf': 0.0, 'monotonic_cst': None, 'n_estimators': 150, 'n_jobs': None, 'oob_score': False, 'random_state': 42, 'verbose': 0, 'warm_start': False}",2.54132080078125
Coffee,6,20,8,2,LinearSVC,ADASYN,5,{'n_neighbors': 5},0.6966666666666667,0.7073237679112981,"{'C': np.float64(33.59818286283781), 'class_weight': 'balanced', 'dual': False, 'fit_intercept': True, 'intercept_scaling': 1, 'loss': 'squared_hinge', 'max_iter': 100, 'multi_class': 'ovr', 'penalty': 'l1', 'random_state': 42, 'tol': 0.001, 'verbose': 0}",0.08007550239562988
Coffee,6,20,8,2,LogisticRegression,ADASYN,5,{'n_neighbors': 5},0.7933333333333333,0.802309307633288,"{'C': np.float64(0.4832930238571752), 'class_weight': 'balanced', 'dual': False, 'fit_intercept': True, 'intercept_scaling': 1, 'l1_ratio': None, 'max_iter': 100, 'multi_class': 'deprecated', 'n_jobs': None, 'penalty': 'l2', 'random_state': 42, 'solver': 'lbfgs', 'tol': 0.0001, 'verbose': 0, 'warm_start': False}",0.31160616874694824
Coffee,6,20,8,2,RNN,ADASYN,5,{'n_neighbors': 5},0.5,0.46428571428571425,"{'hidden_size': 64, 'epochs': 10, 'batch_size': 64, 'lr': 0.005}",25.328078985214233
Coffee,6,20,8,3,KNN,ADASYN,2,{'n_neighbors': 2},0.8,0.8091275526402281,"{'algorithm': 'auto', 'leaf_size': 30, 'metric': 'minkowski', 'metric_params': None, 'n_jobs': None, 'n_neighbors': np.int64(13), 'p': 4, 'weights': 'distance'}",0.07148098945617676
Coffee,6,20,8,3,RandomForest,ADASYN,2,{'n_neighbors': 2},0.93,0.9339662935775186,"{'bootstrap': True, 'ccp_alpha': 0.0, 'class_weight': None, 'criterion': 'gini', 'max_depth': None, 'max_features': 'sqrt', 'max_leaf_nodes': None, 'max_samples': None, 'min_impurity_decrease': 0.0, 'min_samples_leaf': 2, 'min_samples_split': 20, 'min_weight_fraction_leaf': 0.0, 'monotonic_cst': None, 'n_estimators': 100, 'n_jobs': None, 'oob_score': False, 'random_state': 42, 'verbose': 0, 'warm_start': False}",3.0853755474090576
Coffee,6,20,8,3,LinearSVC,ADASYN,2,{'n_neighbors': 2},0.5166666666666667,0.5178321532014148,"{'C': np.float64(0.4832930238571752), 'class_weight': 'balanced', 'dual': False, 'fit_intercept': True, 'intercept_scaling': 1, 'loss': 'squared_hinge', 'max_iter': 100, 'multi_class': 'ovr', 'penalty': 'l2', 'random_state': 42, 'tol': 0.0001, 'verbose': 0}",0.06633591651916504
Coffee,6,20,8,3,LogisticRegression,ADASYN,2,{'n_neighbors': 2},0.6916666666666667,0.7008520376044445,"{'C': np.float64(33.59818286283781), 'class_weight': 'balanced', 'dual': False, 'fit_intercept': True, 'intercept_scaling': 1, 'l1_ratio': None, 'max_iter': 100, 'multi_class': 'deprecated', 'n_jobs': None, 'penalty': 'l2', 'random_state': 42, 'solver': 'saga', 'tol': 0.0001, 'verbose': 0, 'warm_start': False}",0.5352175235748291
Coffee,6,20,8,3,RNN,ADASYN,2,{'n_neighbors': 2},0.5,0.4611111111111111,"{'hidden_size': 64, 'epochs': 10, 'batch_size': 64, 'lr': 0.005}",50.23315644264221
Coffee,6,20,8,3,KNN,ADASYN,3,{'n_neighbors': 3},0.8116666666666666,0.8184310825811644,"{'algorithm': 'auto', 'leaf_size': 30, 'metric': 'euclidean', 'metric_params': None, 'n_jobs': None, 'n_neighbors': np.int64(9), 'p': 2, 'weights': 'distance'}",0.028352975845336914
Coffee,6,20,8,3,RandomForest,ADASYN,3,{'n_neighbors': 3},0.9316666666666666,0.9356336228968378,"{'bootstrap': True, 'ccp_alpha': 0.0, 'class_weight': 'balanced', 'criterion': 'gini', 'max_depth': 30, 'max_features': 'sqrt', 'max_leaf_nodes': None, 'max_samples': None, 'min_impurity_decrease': 0.0, 'min_samples_leaf': 1, 'min_samples_split': 2, 'min_weight_fraction_leaf': 0.0, 'monotonic_cst': None, 'n_estimators': 150, 'n_jobs': None, 'oob_score': False, 'random_state': 42, 'verbose': 0, 'warm_start': False}",4.359109878540039
Coffee,6,20,8,3,LinearSVC,ADASYN,3,{'n_neighbors': 3},0.635,0.6422060214692343,"{'C': np.float64(33.59818286283781), 'class_weight': 'balanced', 'dual': False, 'fit_intercept': True, 'intercept_scaling': 1, 'loss': 'squared_hinge', 'max_iter': 100, 'multi_class': 'ovr', 'penalty': 'l1', 'random_state': 42, 'tol': 0.001, 'verbose': 0}",0.12099123001098633
Coffee,6,20,8,3,LogisticRegression,ADASYN,3,{'n_neighbors': 3},0.74,0.7501013932762639,"{'C': np.float64(1000.0), 'class_weight': 'balanced', 'dual': False, 'fit_intercept': True, 'intercept_scaling': 1, 'l1_ratio': None, 'max_iter': 100, 'multi_class': 'deprecated', 'n_jobs': None, 'penalty': 'l2', 'random_state': 42, 'solver': 'sag', 'tol': 0.0001, 'verbose': 0, 'warm_start': False}",0.3430919647216797
Coffee,6,20,8,3,RNN,ADASYN,3,{'n_neighbors': 3},0.16666666666666666,0.06666666666666667,"{'hidden_size': 64, 'epochs': 10, 'batch_size': 64, 'lr': 0.005}",37.64081859588623
Coffee,6,20,8,3,KNN,ADASYN,4,{'n_neighbors': 4},0.7966666666666666,0.8065432264363288,"{'algorithm': 'auto', 'leaf_size': 30, 'metric': 'minkowski', 'metric_params': None, 'n_jobs': None, 'n_neighbors': np.int64(13), 'p': 4, 'weights': 'distance'}",0.07709622383117676
Coffee,6,20,8,3,RandomForest,ADASYN,4,{'n_neighbors': 4},0.92,0.9251887439945092,"{'bootstrap': True, 'ccp_alpha': 0.0, 'class_weight': 'balanced', 'criterion': 'gini', 'max_depth': None, 'max_features': 'sqrt', 'max_leaf_nodes': None, 'max_samples': None, 'min_impurity_decrease': 0.0, 'min_samples_leaf': 2, 'min_samples_split': 2, 'min_weight_fraction_leaf': 0.0, 'monotonic_cst': None, 'n_estimators': 150, 'n_jobs': None, 'oob_score': False, 'random_state': 42, 'verbose': 0, 'warm_start': False}",4.136826515197754
Coffee,6,20,8,3,LinearSVC,ADASYN,4,{'n_neighbors': 4},0.6533333333333333,0.659979867702042,"{'C': np.float64(2.6366508987303554), 'class_weight': 'balanced', 'dual': False, 'fit_intercept': True, 'intercept_scaling': 1, 'loss': 'squared_hinge', 'max_iter': 100, 'multi_class': 'ovr', 'penalty': 'l1', 'random_state': 42, 'tol': 0.0001, 'verbose': 0}",0.12511038780212402
Coffee,6,20,8,3,LogisticRegression,ADASYN,4,{'n_neighbors': 4},0.7533333333333333,0.7633402860224032,"{'C': np.float64(1000.0), 'class_weight': 'balanced', 'dual': False, 'fit_intercept': True, 'intercept_scaling': 1, 'l1_ratio': None, 'max_iter': 100, 'multi_class': 'deprecated', 'n_jobs': None, 'penalty': 'l2', 'random_state': 42, 'solver': 'sag', 'tol': 0.0001, 'verbose': 0, 'warm_start': False}",0.8539571762084961
Coffee,6,20,8,3,RNN,ADASYN,4,{'n_neighbors': 4},0.3333333333333333,0.2888888888888889,"{'hidden_size': 64, 'epochs': 10, 'batch_size': 64, 'lr': 0.005}",51.300426959991455
Coffee,6,20,8,3,KNN,ADASYN,5,{'n_neighbors': 5},0.7866666666666666,0.7939737030646121,"{'algorithm': 'auto', 'leaf_size': 30, 'metric': 'minkowski', 'metric_params': None, 'n_jobs': None, 'n_neighbors': np.int64(13), 'p': 4, 'weights': 'distance'}",0.07429718971252441
Coffee,6,20,8,3,RandomForest,ADASYN,5,{'n_neighbors': 5},0.8683333333333333,0.8793615282696732,"{'bootstrap': True, 'ccp_alpha': 0.0, 'class_weight': 'balanced', 'criterion': 'gini', 'max_depth': None, 'max_features': 'sqrt', 'max_leaf_nodes': None, 'max_samples': None, 'min_impurity_decrease': 0.0, 'min_samples_leaf': 1, 'min_samples_split': 2, 'min_weight_fraction_leaf': 0.0, 'monotonic_cst': None, 'n_estimators': 50, 'n_jobs': None, 'oob_score': False, 'random_state': 42, 'verbose': 0, 'warm_start': False}",1.4096198081970215
Coffee,6,20,8,3,LinearSVC,ADASYN,5,{'n_neighbors': 5},0.7116666666666667,0.7232876089060957,"{'C': np.float64(33.59818286283781), 'class_weight': 'balanced', 'dual': False, 'fit_intercept': True, 'intercept_scaling': 1, 'loss': 'squared_hinge', 'max_iter': 100, 'multi_class': 'ovr', 'penalty': 'l1', 'random_state': 42, 'tol': 0.001, 'verbose': 0}",0.1309206485748291
Coffee,6,20,8,3,LogisticRegression,ADASYN,5,{'n_neighbors': 5},0.75,0.7597362352919731,"{'C': np.float64(33.59818286283781), 'class_weight': 'balanced', 'dual': False, 'fit_intercept': True, 'intercept_scaling': 1, 'l1_ratio': None, 'max_iter': 100, 'multi_class': 'deprecated', 'n_jobs': None, 'penalty': 'l2', 'random_state': 42, 'solver': 'saga', 'tol': 0.0001, 'verbose': 0, 'warm_start': False}",0.4419734477996826
Coffee,6,20,8,3,RNN,ADASYN,5,{'n_neighbors': 5},0.5,0.46428571428571425,"{'hidden_size': 64, 'epochs': 10, 'batch_size': 64, 'lr': 0.005}",34.672412395477295
Coffee,6,20,8,5,KNN,ADASYN,2,{'n_neighbors': 2},0.81,0.8177609652672165,"{'algorithm': 'auto', 'leaf_size': 30, 'metric': 'minkowski', 'metric_params': None, 'n_jobs': None, 'n_neighbors': np.int64(13), 'p': 4, 'weights': 'distance'}",0.08127284049987793
Coffee,6,20,8,5,RandomForest,ADASYN,2,{'n_neighbors': 2},0.9183333333333333,0.9237045830904623,"{'bootstrap': True, 'ccp_alpha': 0.0, 'class_weight': 'balanced', 'criterion': 'gini', 'max_depth': 30, 'max_features': 'sqrt', 'max_leaf_nodes': None, 'max_samples': None, 'min_impurity_decrease': 0.0, 'min_samples_leaf': 1, 'min_samples_split': 2, 'min_weight_fraction_leaf': 0.0, 'monotonic_cst': None, 'n_estimators': 150, 'n_jobs': None, 'oob_score': False, 'random_state': 42, 'verbose': 0, 'warm_start': False}",7.869149446487427
Coffee,6,20,8,5,LinearSVC,ADASYN,2,{'n_neighbors': 2},0.4033333333333333,0.3973086140571005,"{'C': np.float64(0.002976351441631319), 'class_weight': None, 'dual': False, 'fit_intercept': False, 'intercept_scaling': 1, 'loss': 'squared_hinge', 'max_iter': 100, 'multi_class': 'ovr', 'penalty': 'l1', 'random_state': 42, 'tol': 0.0001, 'verbose': 0}",0.14402079582214355
Coffee,6,20,8,5,LogisticRegression,ADASYN,2,{'n_neighbors': 2},0.30833333333333335,0.27342487341532756,"{'C': np.float64(0.08858667904100823), 'class_weight': None, 'dual': False, 'fit_intercept': False, 'intercept_scaling': 1, 'l1_ratio': None, 'max_iter': 100, 'multi_class': 'deprecated', 'n_jobs': None, 'penalty': 'l1', 'random_state': 42, 'solver': 'saga', 'tol': 0.0001, 'verbose': 0, 'warm_start': False}",0.8380546569824219
Coffee,6,20,8,5,RNN,ADASYN,2,{'n_neighbors': 2},0.5,0.46428571428571425,"{'hidden_size': 64, 'epochs': 10, 'batch_size': 64, 'lr': 0.005}",83.07576370239258
Coffee,6,20,8,5,KNN,ADASYN,3,{'n_neighbors': 3},0.78,0.7863562265948884,"{'algorithm': 'auto', 'leaf_size': 30, 'metric': 'euclidean', 'metric_params': None, 'n_jobs': None, 'n_neighbors': np.int64(9), 'p': 2, 'weights': 'distance'}",0.040498971939086914
Coffee,6,20,8,5,RandomForest,ADASYN,3,{'n_neighbors': 3},0.9416666666666667,0.9446762156399203,"{'bootstrap': True, 'ccp_alpha': 0.0, 'class_weight': 'balanced', 'criterion': 'gini', 'max_depth': None, 'max_features': 'sqrt', 'max_leaf_nodes': None, 'max_samples': None, 'min_impurity_decrease': 0.0, 'min_samples_leaf': 1, 'min_samples_split': 20, 'min_weight_fraction_leaf': 0.0, 'monotonic_cst': None, 'n_estimators': 150, 'n_jobs': None, 'oob_score': False, 'random_state': 42, 'verbose': 0, 'warm_start': False}",7.886341571807861
Coffee,6,20,8,5,LinearSVC,ADASYN,3,{'n_neighbors': 3},0.4116666666666667,0.4127428498927051,"{'C': np.float64(0.2069138081114788), 'class_weight': 'balanced', 'dual': False, 'fit_intercept': False, 'intercept_scaling': 1, 'loss': 'squared_hinge', 'max_iter': 100, 'multi_class': 'ovr', 'penalty': 'l2', 'random_state': 42, 'tol': 0.0001, 'verbose': 0}",0.08997583389282227
Coffee,6,20,8,5,LogisticRegression,ADASYN,3,{'n_neighbors': 3},0.46166666666666667,0.4349186436703939,"{'C': np.float64(0.2069138081114788), 'class_weight': 'balanced', 'dual': False, 'fit_intercept': False, 'intercept_scaling': 1, 'l1_ratio': None, 'max_iter': 100, 'multi_class': 'deprecated', 'n_jobs': None, 'penalty': 'l2', 'random_state': 42, 'solver': 'lbfgs', 'tol': 0.0001, 'verbose': 0, 'warm_start': False}",0.5638442039489746
Coffee,6,20,8,5,RNN,ADASYN,3,{'n_neighbors': 3},0.5,0.46428571428571425,"{'hidden_size': 64, 'epochs': 10, 'batch_size': 64, 'lr': 0.005}",90.7801022529602
Coffee,6,20,8,5,KNN,ADASYN,4,{'n_neighbors': 4},0.8366666666666667,0.8470528272850981,"{'algorithm': 'auto', 'leaf_size': 30, 'metric': 'minkowski', 'metric_params': None, 'n_jobs': None, 'n_neighbors': 5, 'p': 2, 'weights': 'uniform'}",0.06911706924438477
Coffee,6,20,8,5,RandomForest,ADASYN,4,{'n_neighbors': 4},0.9333333333333333,0.9360245450158868,"{'bootstrap': True, 'ccp_alpha': 0.0, 'class_weight': None, 'criterion': 'gini', 'max_depth': None, 'max_features': 'sqrt', 'max_leaf_nodes': None, 'max_samples': None, 'min_impurity_decrease': 0.0, 'min_samples_leaf': 1, 'min_samples_split': 2, 'min_weight_fraction_leaf': 0.0, 'monotonic_cst': None, 'n_estimators': 100, 'n_jobs': None, 'oob_score': False, 'random_state': 42, 'verbose': 0, 'warm_start': False}",5.519980430603027
Coffee,6,20,8,5,LinearSVC,ADASYN,4,{'n_neighbors': 4},0.5866666666666667,0.586677212294372,"{'C': 1.0, 'class_weight': None, 'dual': False, 'fit_intercept': True, 'intercept_scaling': 1, 'loss': 'squared_hinge', 'max_iter': 100, 'multi_class': 'ovr', 'penalty': 'l2', 'random_state': 42, 'tol': 0.0001, 'verbose': 0}",0.13559365272521973
Coffee,6,20,8,5,LogisticRegression,ADASYN,4,{'n_neighbors': 4},0.765,0.772562073642285,"{'C': 1.0, 'class_weight': None, 'dual': False, 'fit_intercept': True, 'intercept_scaling': 1, 'l1_ratio': None, 'max_iter': 100, 'multi_class': 'deprecated', 'n_jobs': None, 'penalty': 'l2', 'random_state': 42, 'solver': 'lbfgs', 'tol': 0.0001, 'verbose': 0, 'warm_start': False}",0.7072286605834961
Coffee,6,20,8,5,RNN,ADASYN,4,{'n_neighbors': 4},0.8333333333333334,0.7592592592592592,"{'hidden_size': 64, 'epochs': 10, 'batch_size': 64, 'lr': 0.005}",68.47322487831116
Coffee,6,20,8,5,KNN,ADASYN,5,{'n_neighbors': 5},0.9316666666666666,0.9341351080481515,"{'algorithm': 'auto', 'leaf_size': 30, 'metric': 'minkowski', 'metric_params': None, 'n_jobs': None, 'n_neighbors': 5, 'p': 2, 'weights': 'uniform'}",0.06938314437866211
Coffee,6,20,8,5,RandomForest,ADASYN,5,{'n_neighbors': 5},0.95,0.9517391312925264,"{'bootstrap': True, 'ccp_alpha': 0.0, 'class_weight': None, 'criterion': 'gini', 'max_depth': None, 'max_features': 'sqrt', 'max_leaf_nodes': None, 'max_samples': None, 'min_impurity_decrease': 0.0, 'min_samples_leaf': 1, 'min_samples_split': 2, 'min_weight_fraction_leaf': 0.0, 'monotonic_cst': None, 'n_estimators': 100, 'n_jobs': None, 'oob_score': False, 'random_state': 42, 'verbose': 0, 'warm_start': False}",4.641251087188721
Coffee,6,20,8,5,LinearSVC,ADASYN,5,{'n_neighbors': 5},0.69,0.6995753902847724,"{'C': 1.0, 'class_weight': None, 'dual': False, 'fit_intercept': True, 'intercept_scaling': 1, 'loss': 'squared_hinge', 'max_iter': 100, 'multi_class': 'ovr', 'penalty': 'l2', 'random_state': 42, 'tol': 0.0001, 'verbose': 0}",0.09124422073364258
Coffee,6,20,8,5,LogisticRegression,ADASYN,5,{'n_neighbors': 5},0.8433333333333334,0.8474003356448497,"{'C': 1.0, 'class_weight': None, 'dual': False, 'fit_intercept': True, 'intercept_scaling': 1, 'l1_ratio': None, 'max_iter': 100, 'multi_class': 'deprecated', 'n_jobs': None, 'penalty': 'l2', 'random_state': 42, 'solver': 'lbfgs', 'tol': 0.0001, 'verbose': 0, 'warm_start': False}",0.536426305770874
Coffee,6,20,8,5,RNN,ADASYN,5,{'n_neighbors': 5},0.5,0.46428571428571425,"{'hidden_size': 64, 'epochs': 10, 'batch_size': 64, 'lr': 0.005}",82.95030117034912
Coffee,6,20,8,10,KNN,ADASYN,2,{'n_neighbors': 2},0.8366666666666667,0.8480701397368064,"{'algorithm': 'auto', 'leaf_size': 30, 'metric': 'minkowski', 'metric_params': None, 'n_jobs': None, 'n_neighbors': 5, 'p': 2, 'weights': 'uniform'}",0.1087956428527832
Coffee,6,20,8,10,RandomForest,ADASYN,2,{'n_neighbors': 2},0.9416666666666667,0.9446762156399203,"{'bootstrap': True, 'ccp_alpha': 0.0, 'class_weight': None, 'criterion': 'gini', 'max_depth': None, 'max_features': 'sqrt', 'max_leaf_nodes': None, 'max_samples': None, 'min_impurity_decrease': 0.0, 'min_samples_leaf': 1, 'min_samples_split': 2, 'min_weight_fraction_leaf': 0.0, 'monotonic_cst': None, 'n_estimators': 100, 'n_jobs': None, 'oob_score': False, 'random_state': 42, 'verbose': 0, 'warm_start': False}",11.246699333190918
Coffee,6,20,8,10,LinearSVC,ADASYN,2,{'n_neighbors': 2},0.25666666666666665,0.22041642663003974,"{'C': 1.0, 'class_weight': None, 'dual': False, 'fit_intercept': True, 'intercept_scaling': 1, 'loss': 'squared_hinge', 'max_iter': 100, 'multi_class': 'ovr', 'penalty': 'l2', 'random_state': 42, 'tol': 0.0001, 'verbose': 0}",0.20368242263793945
Coffee,6,20,8,10,LogisticRegression,ADASYN,2,{'n_neighbors': 2},0.6033333333333334,0.6118269019152615,"{'C': 1.0, 'class_weight': None, 'dual': False, 'fit_intercept': True, 'intercept_scaling': 1, 'l1_ratio': None, 'max_iter': 100, 'multi_class': 'deprecated', 'n_jobs': None, 'penalty': 'l2', 'random_state': 42, 'solver': 'lbfgs', 'tol': 0.0001, 'verbose': 0, 'warm_start': False}",2.021372079849243
Coffee,6,20,8,10,RNN,ADASYN,2,{'n_neighbors': 2},0.3333333333333333,0.16666666666666666,"{'hidden_size': 64, 'epochs': 10, 'batch_size': 64, 'lr': 0.005}",166.8936562538147
Coffee,6,20,8,10,KNN,ADASYN,3,{'n_neighbors': 3},0.8333333333333334,0.8447467082734962,"{'algorithm': 'auto', 'leaf_size': 30, 'metric': 'minkowski', 'metric_params': None, 'n_jobs': None, 'n_neighbors': 5, 'p': 2, 'weights': 'uniform'}",0.10257482528686523
Coffee,6,20,8,10,RandomForest,ADASYN,3,{'n_neighbors': 3},0.945,0.9459143041246193,"{'bootstrap': True, 'ccp_alpha': 0.0, 'class_weight': None, 'criterion': 'gini', 'max_depth': None, 'max_features': 'sqrt', 'max_leaf_nodes': None, 'max_samples': None, 'min_impurity_decrease': 0.0, 'min_samples_leaf': 1, 'min_samples_split': 2, 'min_weight_fraction_leaf': 0.0, 'monotonic_cst': None, 'n_estimators': 100, 'n_jobs': None, 'oob_score': False, 'random_state': 42, 'verbose': 0, 'warm_start': False}",10.448907613754272
Coffee,6,20,8,10,LinearSVC,ADASYN,3,{'n_neighbors': 3},0.5966666666666667,0.5931081897175599,"{'C': 1.0, 'class_weight': None, 'dual': False, 'fit_intercept': True, 'intercept_scaling': 1, 'loss': 'squared_hinge', 'max_iter': 100, 'multi_class': 'ovr', 'penalty': 'l2', 'random_state': 42, 'tol': 0.0001, 'verbose': 0}",0.18775582313537598
Coffee,6,20,8,10,LogisticRegression,ADASYN,3,{'n_neighbors': 3},0.7266666666666667,0.7372564106523487,"{'C': 1.0, 'class_weight': None, 'dual': False, 'fit_intercept': True, 'intercept_scaling': 1, 'l1_ratio': None, 'max_iter': 100, 'multi_class': 'deprecated', 'n_jobs': None, 'penalty': 'l2', 'random_state': 42, 'solver': 'lbfgs', 'tol': 0.0001, 'verbose': 0, 'warm_start': False}",1.0376508235931396
Coffee,6,20,8,10,RNN,ADASYN,3,{'n_neighbors': 3},0.6666666666666666,0.611111111111111,"{'hidden_size': 64, 'epochs': 10, 'batch_size': 64, 'lr': 0.005}",178.0632266998291
Coffee,6,20,8,10,KNN,ADASYN,4,{'n_neighbors': 4},0.8533333333333334,0.8625844894593515,"{'algorithm': 'auto', 'leaf_size': 30, 'metric': 'minkowski', 'metric_params': None, 'n_jobs': None, 'n_neighbors': 5, 'p': 2, 'weights': 'uniform'}",0.10993576049804688
Coffee,6,20,8,10,RandomForest,ADASYN,4,{'n_neighbors': 4},0.9416666666666667,0.942810250183904,"{'bootstrap': True, 'ccp_alpha': 0.0, 'class_weight': None, 'criterion': 'gini', 'max_depth': None, 'max_features': 'sqrt', 'max_leaf_nodes': None, 'max_samples': None, 'min_impurity_decrease': 0.0, 'min_samples_leaf': 1, 'min_samples_split': 2, 'min_weight_fraction_leaf': 0.0, 'monotonic_cst': None, 'n_estimators': 100, 'n_jobs': None, 'oob_score': False, 'random_state': 42, 'verbose': 0, 'warm_start': False}",11.202480554580688
Coffee,6,20,8,10,LinearSVC,ADASYN,4,{'n_neighbors': 4},0.5916666666666667,0.5888907076990233,"{'C': 1.0, 'class_weight': None, 'dual': False, 'fit_intercept': True, 'intercept_scaling': 1, 'loss': 'squared_hinge', 'max_iter': 100, 'multi_class': 'ovr', 'penalty': 'l2', 'random_state': 42, 'tol': 0.0001, 'verbose': 0}",0.19275546073913574
Coffee,6,20,8,10,LogisticRegression,ADASYN,4,{'n_neighbors': 4},0.7333333333333333,0.7428496491839862,"{'C': 1.0, 'class_weight': None, 'dual': False, 'fit_intercept': True, 'intercept_scaling': 1, 'l1_ratio': None, 'max_iter': 100, 'multi_class': 'deprecated', 'n_jobs': None, 'penalty': 'l2', 'random_state': 42, 'solver': 'lbfgs', 'tol': 0.0001, 'verbose': 0, 'warm_start': False}",2.133000612258911
Coffee,6,20,8,10,RNN,ADASYN,4,{'n_neighbors': 4},0.6666666666666666,0.6666666666666666,"{'hidden_size': 64, 'epochs': 10, 'batch_size': 64, 'lr': 0.005}",120.76520276069641
Coffee,6,20,8,10,KNN,ADASYN,5,{'n_neighbors': 5},0.9516666666666667,0.95381808158557,"{'algorithm': 'auto', 'leaf_size': 30, 'metric': 'minkowski', 'metric_params': None, 'n_jobs': None, 'n_neighbors': 5, 'p': 2, 'weights': 'uniform'}",0.10864758491516113
Coffee,6,20,8,10,RandomForest,ADASYN,5,{'n_neighbors': 5},0.93,0.9341350661811204,"{'bootstrap': True, 'ccp_alpha': 0.0, 'class_weight': None, 'criterion': 'gini', 'max_depth': None, 'max_features': 'sqrt', 'max_leaf_nodes': None, 'max_samples': None, 'min_impurity_decrease': 0.0, 'min_samples_leaf': 1, 'min_samples_split': 2, 'min_weight_fraction_leaf': 0.0, 'monotonic_cst': None, 'n_estimators': 100, 'n_jobs': None, 'oob_score': False, 'random_state': 42, 'verbose': 0, 'warm_start': False}",10.904273509979248
Coffee,6,20,8,10,LinearSVC,ADASYN,5,{'n_neighbors': 5},0.5916666666666667,0.5912237343435821,"{'C': 1.0, 'class_weight': None, 'dual': False, 'fit_intercept': True, 'intercept_scaling': 1, 'loss': 'squared_hinge', 'max_iter': 100, 'multi_class': 'ovr', 'penalty': 'l2', 'random_state': 42, 'tol': 0.0001, 'verbose': 0}",0.1766202449798584
Coffee,6,20,8,10,LogisticRegression,ADASYN,5,{'n_neighbors': 5},0.7416666666666667,0.7520608424843095,"{'C': 1.0, 'class_weight': None, 'dual': False, 'fit_intercept': True, 'intercept_scaling': 1, 'l1_ratio': None, 'max_iter': 100, 'multi_class': 'deprecated', 'n_jobs': None, 'penalty': 'l2', 'random_state': 42, 'solver': 'lbfgs', 'tol': 0.0001, 'verbose': 0, 'warm_start': False}",1.4663221836090088
Coffee,6,20,8,10,RNN,ADASYN,5,{'n_neighbors': 5},0.5,0.49206349206349204,"{'hidden_size': 64, 'epochs': 10, 'batch_size': 64, 'lr': 0.005}",39.71730041503906
Coffee,6,20,9,1,KNN,Baseline,N/A,N/A,0.98,0.9804137534718897,"{'algorithm': 'auto', 'leaf_size': 30, 'metric': 'minkowski', 'metric_params': None, 'n_jobs': None, 'n_neighbors': 5, 'p': 2, 'weights': 'uniform'}",0.03991222381591797
Coffee,6,20,9,1,KNN,Tuned_Baseline,N/A,N/A,0.98,0.9804137534718897,"{'algorithm': 'auto', 'leaf_size': 30, 'metric': 'minkowski', 'metric_params': None, 'n_jobs': None, 'n_neighbors': np.int64(5), 'p': 3, 'weights': 'distance'}",0.03146791458129883
Coffee,6,20,9,1,RandomForest,Baseline,N/A,N/A,0.9866666666666667,0.9868557368557369,"{'bootstrap': True, 'ccp_alpha': 0.0, 'class_weight': None, 'criterion': 'gini', 'max_depth': None, 'max_features': 'sqrt', 'max_leaf_nodes': None, 'max_samples': None, 'min_impurity_decrease': 0.0, 'min_samples_leaf': 1, 'min_samples_split': 2, 'min_weight_fraction_leaf': 0.0, 'monotonic_cst': None, 'n_estimators': 100, 'n_jobs': None, 'oob_score': False, 'random_state': 42, 'verbose': 0, 'warm_start': False}",0.7572243213653564
Coffee,6,20,9,1,RandomForest,Tuned_Baseline,N/A,N/A,0.9983333333333333,0.9983364362999354,"{'bootstrap': True, 'ccp_alpha': 0.0, 'class_weight': None, 'criterion': 'gini', 'max_depth': 20, 'max_features': 'sqrt', 'max_leaf_nodes': None, 'max_samples': None, 'min_impurity_decrease': 0.0, 'min_samples_leaf': 1, 'min_samples_split': 5, 'min_weight_fraction_leaf': 0.0, 'monotonic_cst': None, 'n_estimators': 50, 'n_jobs': None, 'oob_score': False, 'random_state': 42, 'verbose': 0, 'warm_start': False}",0.0044269561767578125
Coffee,6,20,9,1,LinearSVC,Baseline,N/A,N/A,0.7833333333333333,0.7478885893980234,"{'C': 1.0, 'class_weight': None, 'dual': False, 'fit_intercept': True, 'intercept_scaling': 1, 'loss': 'squared_hinge', 'max_iter': 100, 'multi_class': 'ovr', 'penalty': 'l2', 'random_state': 42, 'tol': 0.0001, 'verbose': 0}",0.036345481872558594
Coffee,6,20,9,1,LinearSVC,Tuned_Baseline,N/A,N/A,0.785,0.7489826260199921,"{'C': np.float64(6.1584821106602545), 'class_weight': None, 'dual': False, 'fit_intercept': True, 'intercept_scaling': 1, 'loss': 'squared_hinge', 'max_iter': 100, 'multi_class': 'ovr', 'penalty': 'l2', 'random_state': 42, 'tol': 0.0001, 'verbose': 0}",0.00022602081298828125
Coffee,6,20,9,1,LogisticRegression,Baseline,N/A,N/A,0.95,0.9491931312127251,"{'C': 1.0, 'class_weight': None, 'dual': False, 'fit_intercept': True, 'intercept_scaling': 1, 'l1_ratio': None, 'max_iter': 100, 'multi_class': 'deprecated', 'n_jobs': None, 'penalty': 'l2', 'random_state': 42, 'solver': 'lbfgs', 'tol': 0.0001, 'verbose': 0, 'warm_start': False}",0.4898345470428467
Coffee,6,20,9,1,LogisticRegression,Tuned_Baseline,N/A,N/A,0.9383333333333334,0.937833306263897,"{'C': np.float64(183.29807108324337), 'class_weight': None, 'dual': False, 'fit_intercept': True, 'intercept_scaling': 1, 'l1_ratio': None, 'max_iter': 100, 'multi_class': 'deprecated', 'n_jobs': None, 'penalty': 'l2', 'random_state': 42, 'solver': 'saga', 'tol': 0.0001, 'verbose': 0, 'warm_start': False}",0.0003535747528076172
Coffee,6,20,9,1,RNN,Baseline,N/A,N/A,0.5,0.46428571428571425,"{'hidden_size': 64, 'epochs': 10, 'batch_size': 32, 'lr': 0.001}",0.986626386642456
Coffee,6,20,9,1,RNN,Tuned_Baseline,N/A,N/A,0.5,0.46428571428571425,"{'hidden_size': 64, 'epochs': 10, 'batch_size': 64, 'lr': 0.005}",0.017464160919189453
Coffee,6,20,9,2,KNN,ADASYN,2,{'n_neighbors': 2},0.9733333333333334,0.9740488788107836,"{'algorithm': 'auto', 'leaf_size': 30, 'metric': 'euclidean', 'metric_params': None, 'n_jobs': None, 'n_neighbors': np.int64(9), 'p': 2, 'weights': 'distance'}",0.020219802856445312
Coffee,6,20,9,2,RandomForest,ADASYN,2,{'n_neighbors': 2},0.9816666666666667,0.9819550061022911,"{'bootstrap': True, 'ccp_alpha': 0.0, 'class_weight': 'balanced', 'criterion': 'gini', 'max_depth': None, 'max_features': 'sqrt', 'max_leaf_nodes': None, 'max_samples': None, 'min_impurity_decrease': 0.0, 'min_samples_leaf': 4, 'min_samples_split': 2, 'min_weight_fraction_leaf': 0.0, 'monotonic_cst': None, 'n_estimators': 50, 'n_jobs': None, 'oob_score': False, 'random_state': 42, 'verbose': 0, 'warm_start': False}",0.9298779964447021
Coffee,6,20,9,2,LinearSVC,ADASYN,2,{'n_neighbors': 2},0.6483333333333333,0.6466966584613643,"{'C': np.float64(2.6366508987303554), 'class_weight': 'balanced', 'dual': False, 'fit_intercept': True, 'intercept_scaling': 1, 'loss': 'squared_hinge', 'max_iter': 100, 'multi_class': 'ovr', 'penalty': 'l1', 'random_state': 42, 'tol': 0.0001, 'verbose': 0}",0.08139848709106445
Coffee,6,20,9,2,LogisticRegression,ADASYN,2,{'n_neighbors': 2},0.8516666666666667,0.8529510557833484,"{'C': np.float64(33.59818286283781), 'class_weight': 'balanced', 'dual': False, 'fit_intercept': True, 'intercept_scaling': 1, 'l1_ratio': None, 'max_iter': 100, 'multi_class': 'deprecated', 'n_jobs': None, 'penalty': 'l2', 'random_state': 42, 'solver': 'saga', 'tol': 0.0001, 'verbose': 0, 'warm_start': False}",0.3040459156036377
Coffee,6,20,9,2,RNN,ADASYN,2,{'n_neighbors': 2},0.16666666666666666,0.06666666666666667,"{'hidden_size': 64, 'epochs': 10, 'batch_size': 64, 'lr': 0.005}",1.3399162292480469
Coffee,6,20,9,2,KNN,ADASYN,3,{'n_neighbors': 3},0.9733333333333334,0.9740488788107836,"{'algorithm': 'auto', 'leaf_size': 30, 'metric': 'euclidean', 'metric_params': None, 'n_jobs': None, 'n_neighbors': np.int64(9), 'p': 2, 'weights': 'distance'}",0.017833709716796875
Coffee,6,20,9,2,RandomForest,ADASYN,3,{'n_neighbors': 3},0.9966666666666667,0.9966789912073913,"{'bootstrap': True, 'ccp_alpha': 0.0, 'class_weight': 'balanced', 'criterion': 'gini', 'max_depth': None, 'max_features': 'sqrt', 'max_leaf_nodes': None, 'max_samples': None, 'min_impurity_decrease': 0.0, 'min_samples_leaf': 2, 'min_samples_split': 2, 'min_weight_fraction_leaf': 0.0, 'monotonic_cst': None, 'n_estimators': 150, 'n_jobs': None, 'oob_score': False, 'random_state': 42, 'verbose': 0, 'warm_start': False}",2.674839973449707
Coffee,6,20,9,2,LinearSVC,ADASYN,3,{'n_neighbors': 3},0.81,0.8059199273484988,"{'C': np.float64(2.6366508987303554), 'class_weight': 'balanced', 'dual': False, 'fit_intercept': True, 'intercept_scaling': 1, 'loss': 'squared_hinge', 'max_iter': 100, 'multi_class': 'ovr', 'penalty': 'l1', 'random_state': 42, 'tol': 0.0001, 'verbose': 0}",0.07886171340942383
Coffee,6,20,9,2,LogisticRegression,ADASYN,3,{'n_neighbors': 3},0.89,0.8922178158754939,"{'C': np.float64(1000.0), 'class_weight': 'balanced', 'dual': False, 'fit_intercept': True, 'intercept_scaling': 1, 'l1_ratio': None, 'max_iter': 100, 'multi_class': 'deprecated', 'n_jobs': None, 'penalty': 'l2', 'random_state': 42, 'solver': 'sag', 'tol': 0.0001, 'verbose': 0, 'warm_start': False}",0.31320881843566895
Coffee,6,20,9,2,RNN,ADASYN,3,{'n_neighbors': 3},0.3333333333333333,0.17777777777777778,"{'hidden_size': 64, 'epochs': 10, 'batch_size': 64, 'lr': 0.005}",25.120342016220093
Coffee,6,20,9,2,KNN,ADASYN,4,{'n_neighbors': 4},0.9816666666666667,0.9820167508614702,"{'algorithm': 'auto', 'leaf_size': 30, 'metric': 'euclidean', 'metric_params': None, 'n_jobs': None, 'n_neighbors': np.int64(9), 'p': 2, 'weights': 'distance'}",0.020158767700195312
Coffee,6,20,9,2,RandomForest,ADASYN,4,{'n_neighbors': 4},1.0,1.0,"{'bootstrap': True, 'ccp_alpha': 0.0, 'class_weight': 'balanced', 'criterion': 'gini', 'max_depth': 10, 'max_features': 'sqrt', 'max_leaf_nodes': None, 'max_samples': None, 'min_impurity_decrease': 0.0, 'min_samples_leaf': 1, 'min_samples_split': 5, 'min_weight_fraction_leaf': 0.0, 'monotonic_cst': None, 'n_estimators': 50, 'n_jobs': None, 'oob_score': False, 'random_state': 42, 'verbose': 0, 'warm_start': False}",0.8109486103057861
Coffee,6,20,9,2,LinearSVC,ADASYN,4,{'n_neighbors': 4},0.7583333333333333,0.7217658938428495,"{'C': np.float64(33.59818286283781), 'class_weight': None, 'dual': False, 'fit_intercept': True, 'intercept_scaling': 1, 'loss': 'squared_hinge', 'max_iter': 100, 'multi_class': 'ovr', 'penalty': 'l1', 'random_state': 42, 'tol': 0.001, 'verbose': 0}",0.08051443099975586
Coffee,6,20,9,2,LogisticRegression,ADASYN,4,{'n_neighbors': 4},0.8883333333333333,0.8873416126549584,"{'C': np.float64(183.29807108324337), 'class_weight': None, 'dual': False, 'fit_intercept': True, 'intercept_scaling': 1, 'l1_ratio': None, 'max_iter': 100, 'multi_class': 'deprecated', 'n_jobs': None, 'penalty': 'l2', 'random_state': 42, 'solver': 'saga', 'tol': 0.0001, 'verbose': 0, 'warm_start': False}",0.2781052589416504
Coffee,6,20,9,2,RNN,ADASYN,4,{'n_neighbors': 4},0.3333333333333333,0.3055555555555555,"{'hidden_size': 64, 'epochs': 10, 'batch_size': 64, 'lr': 0.005}",13.731946229934692
Coffee,6,20,9,2,KNN,ADASYN,5,{'n_neighbors': 5},0.9766666666666667,0.9772221033189856,"{'algorithm': 'auto', 'leaf_size': 30, 'metric': 'euclidean', 'metric_params': None, 'n_jobs': None, 'n_neighbors': np.int64(9), 'p': 2, 'weights': 'distance'}",0.01728367805480957
Coffee,6,20,9,2,RandomForest,ADASYN,5,{'n_neighbors': 5},0.9866666666666667,0.9868557368557369,"{'bootstrap': True, 'ccp_alpha': 0.0, 'class_weight': 'balanced', 'criterion': 'gini', 'max_depth': None, 'max_features': 'sqrt', 'max_leaf_nodes': None, 'max_samples': None, 'min_impurity_decrease': 0.0, 'min_samples_leaf': 4, 'min_samples_split': 2, 'min_weight_fraction_leaf': 0.0, 'monotonic_cst': None, 'n_estimators': 50, 'n_jobs': None, 'oob_score': False, 'random_state': 42, 'verbose': 0, 'warm_start': False}",0.7202112674713135
Coffee,6,20,9,2,LinearSVC,ADASYN,5,{'n_neighbors': 5},0.6433333333333333,0.6471557304817723,"{'C': np.float64(0.4832930238571752), 'class_weight': 'balanced', 'dual': False, 'fit_intercept': True, 'intercept_scaling': 1, 'loss': 'squared_hinge', 'max_iter': 100, 'multi_class': 'ovr', 'penalty': 'l2', 'random_state': 42, 'tol': 0.0001, 'verbose': 0}",0.033033132553100586
Coffee,6,20,9,2,LogisticRegression,ADASYN,5,{'n_neighbors': 5},0.82,0.8252456970998255,"{'C': np.float64(33.59818286283781), 'class_weight': 'balanced', 'dual': False, 'fit_intercept': True, 'intercept_scaling': 1, 'l1_ratio': None, 'max_iter': 100, 'multi_class': 'deprecated', 'n_jobs': None, 'penalty': 'l2', 'random_state': 42, 'solver': 'saga', 'tol': 0.0001, 'verbose': 0, 'warm_start': False}",0.30259203910827637
Coffee,6,20,9,2,RNN,ADASYN,5,{'n_neighbors': 5},0.5,0.46428571428571425,"{'hidden_size': 64, 'epochs': 10, 'batch_size': 64, 'lr': 0.005}",13.251027822494507
Coffee,6,20,9,3,KNN,ADASYN,2,{'n_neighbors': 2},0.9566666666666667,0.9578210221165078,"{'algorithm': 'auto', 'leaf_size': 30, 'metric': 'minkowski', 'metric_params': None, 'n_jobs': None, 'n_neighbors': np.int64(13), 'p': 4, 'weights': 'distance'}",0.06874370574951172
Coffee,6,20,9,3,RandomForest,ADASYN,2,{'n_neighbors': 2},0.9983333333333333,0.9983301860948521,"{'bootstrap': True, 'ccp_alpha': 0.0, 'class_weight': 'balanced', 'criterion': 'gini', 'max_depth': None, 'max_features': 'sqrt', 'max_leaf_nodes': None, 'max_samples': None, 'min_impurity_decrease': 0.0, 'min_samples_leaf': 1, 'min_samples_split': 2, 'min_weight_fraction_leaf': 0.0, 'monotonic_cst': None, 'n_estimators': 50, 'n_jobs': None, 'oob_score': False, 'random_state': 42, 'verbose': 0, 'warm_start': False}",1.3763210773468018
Coffee,6,20,9,3,LinearSVC,ADASYN,2,{'n_neighbors': 2},0.6316666666666667,0.6298121268709505,"{'C': np.float64(2.6366508987303554), 'class_weight': 'balanced', 'dual': False, 'fit_intercept': True, 'intercept_scaling': 1, 'loss': 'squared_hinge', 'max_iter': 100, 'multi_class': 'ovr', 'penalty': 'l1', 'random_state': 42, 'tol': 0.0001, 'verbose': 0}",0.10118579864501953
Coffee,6,20,9,3,LogisticRegression,ADASYN,2,{'n_neighbors': 2},0.8116666666666666,0.8162782323382769,"{'C': np.float64(1000.0), 'class_weight': 'balanced', 'dual': False, 'fit_intercept': True, 'intercept_scaling': 1, 'l1_ratio': None, 'max_iter': 100, 'multi_class': 'deprecated', 'n_jobs': None, 'penalty': 'l2', 'random_state': 42, 'solver': 'sag', 'tol': 0.0001, 'verbose': 0, 'warm_start': False}",0.352384090423584
Coffee,6,20,9,3,RNN,ADASYN,2,{'n_neighbors': 2},0.16666666666666666,0.06666666666666667,"{'hidden_size': 64, 'epochs': 10, 'batch_size': 64, 'lr': 0.005}",0.4154236316680908
Coffee,6,20,9,3,KNN,ADASYN,3,{'n_neighbors': 3},0.9566666666666667,0.9579526227265553,"{'algorithm': 'auto', 'leaf_size': 30, 'metric': 'minkowski', 'metric_params': None, 'n_jobs': None, 'n_neighbors': np.int64(13), 'p': 4, 'weights': 'distance'}",0.05845069885253906
Coffee,6,20,9,3,RandomForest,ADASYN,3,{'n_neighbors': 3},0.995,0.9950091851343359,"{'bootstrap': True, 'ccp_alpha': 0.0, 'class_weight': None, 'criterion': 'gini', 'max_depth': None, 'max_features': 'sqrt', 'max_leaf_nodes': None, 'max_samples': None, 'min_impurity_decrease': 0.0, 'min_samples_leaf': 4, 'min_samples_split': 2, 'min_weight_fraction_leaf': 0.0, 'monotonic_cst': None, 'n_estimators': 50, 'n_jobs': None, 'oob_score': False, 'random_state': 42, 'verbose': 0, 'warm_start': False}",1.3892827033996582
Coffee,6,20,9,3,LinearSVC,ADASYN,3,{'n_neighbors': 3},0.5483333333333333,0.5446613796128359,"{'C': np.float64(0.2069138081114788), 'class_weight': 'balanced', 'dual': False, 'fit_intercept': False, 'intercept_scaling': 1, 'loss': 'squared_hinge', 'max_iter': 100, 'multi_class': 'ovr', 'penalty': 'l2', 'random_state': 42, 'tol': 0.0001, 'verbose': 0}",0.048330068588256836
Coffee,6,20,9,3,LogisticRegression,ADASYN,3,{'n_neighbors': 3},0.835,0.8377491203822521,"{'C': np.float64(2.6366508987303554), 'class_weight': 'balanced', 'dual': False, 'fit_intercept': True, 'intercept_scaling': 1, 'l1_ratio': None, 'max_iter': 100, 'multi_class': 'deprecated', 'n_jobs': None, 'penalty': 'l1', 'random_state': 42, 'solver': 'saga', 'tol': 0.0001, 'verbose': 0, 'warm_start': False}",0.5388450622558594
Coffee,6,20,9,3,RNN,ADASYN,3,{'n_neighbors': 3},0.5,0.46428571428571425,"{'hidden_size': 64, 'epochs': 10, 'batch_size': 64, 'lr': 0.005}",16.149155378341675
Coffee,6,20,9,3,KNN,ADASYN,4,{'n_neighbors': 4},0.9816666666666667,0.981786124849325,"{'algorithm': 'auto', 'leaf_size': 30, 'metric': 'euclidean', 'metric_params': None, 'n_jobs': None, 'n_neighbors': np.int64(9), 'p': 2, 'weights': 'distance'}",0.02693343162536621
Coffee,6,20,9,3,RandomForest,ADASYN,4,{'n_neighbors': 4},0.9966666666666667,0.9966789912073913,"{'bootstrap': True, 'ccp_alpha': 0.0, 'class_weight': 'balanced', 'criterion': 'gini', 'max_depth': None, 'max_features': 'sqrt', 'max_leaf_nodes': None, 'max_samples': None, 'min_impurity_decrease': 0.0, 'min_samples_leaf': 2, 'min_samples_split': 2, 'min_weight_fraction_leaf': 0.0, 'monotonic_cst': None, 'n_estimators': 150, 'n_jobs': None, 'oob_score': False, 'random_state': 42, 'verbose': 0, 'warm_start': False}",4.12017297744751
Coffee,6,20,9,3,LinearSVC,ADASYN,4,{'n_neighbors': 4},0.635,0.6340565876622433,"{'C': np.float64(1000.0), 'class_weight': 'balanced', 'dual': False, 'fit_intercept': True, 'intercept_scaling': 1, 'loss': 'squared_hinge', 'max_iter': 100, 'multi_class': 'ovr', 'penalty': 'l2', 'random_state': 42, 'tol': 0.001, 'verbose': 0}",0.05174660682678223
Coffee,6,20,9,3,LogisticRegression,ADASYN,4,{'n_neighbors': 4},0.8616666666666667,0.8642639884437459,"{'C': np.float64(183.29807108324337), 'class_weight': 'balanced', 'dual': False, 'fit_intercept': True, 'intercept_scaling': 1, 'l1_ratio': None, 'max_iter': 100, 'multi_class': 'deprecated', 'n_jobs': None, 'penalty': 'l1', 'random_state': 42, 'solver': 'saga', 'tol': 0.0001, 'verbose': 0, 'warm_start': False}",0.5735344886779785
Coffee,6,20,9,3,RNN,ADASYN,4,{'n_neighbors': 4},0.5,0.46428571428571425,"{'hidden_size': 64, 'epochs': 10, 'batch_size': 64, 'lr': 0.005}",17.48201870918274
Coffee,6,20,9,3,KNN,ADASYN,5,{'n_neighbors': 5},0.9833333333333333,0.9835007600078411,"{'algorithm': 'auto', 'leaf_size': 30, 'metric': 'minkowski', 'metric_params': None, 'n_jobs': None, 'n_neighbors': np.int64(13), 'p': 4, 'weights': 'distance'}",0.06246662139892578
Coffee,6,20,9,3,RandomForest,ADASYN,5,{'n_neighbors': 5},1.0,1.0,"{'bootstrap': True, 'ccp_alpha': 0.0, 'class_weight': None, 'criterion': 'gini', 'max_depth': None, 'max_features': 'sqrt', 'max_leaf_nodes': None, 'max_samples': None, 'min_impurity_decrease': 0.0, 'min_samples_leaf': 4, 'min_samples_split': 2, 'min_weight_fraction_leaf': 0.0, 'monotonic_cst': None, 'n_estimators': 50, 'n_jobs': None, 'oob_score': False, 'random_state': 42, 'verbose': 0, 'warm_start': False}",1.372788667678833
Coffee,6,20,9,3,LinearSVC,ADASYN,5,{'n_neighbors': 5},0.6166666666666667,0.6187187978975992,"{'C': np.float64(0.0001), 'class_weight': 'balanced', 'dual': False, 'fit_intercept': False, 'intercept_scaling': 1, 'loss': 'squared_hinge', 'max_iter': 100, 'multi_class': 'ovr', 'penalty': 'l2', 'random_state': 42, 'tol': 0.001, 'verbose': 0}",0.02826380729675293
Coffee,6,20,9,3,LogisticRegression,ADASYN,5,{'n_neighbors': 5},0.8933333333333333,0.8938320938320938,"{'C': np.float64(0.4832930238571752), 'class_weight': None, 'dual': False, 'fit_intercept': True, 'intercept_scaling': 1, 'l1_ratio': None, 'max_iter': 100, 'multi_class': 'deprecated', 'n_jobs': None, 'penalty': 'l1', 'random_state': 42, 'solver': 'saga', 'tol': 0.0001, 'verbose': 0, 'warm_start': False}",0.5668654441833496
Coffee,6,20,9,3,RNN,ADASYN,5,{'n_neighbors': 5},0.6666666666666666,0.611111111111111,"{'hidden_size': 64, 'epochs': 10, 'batch_size': 64, 'lr': 0.005}",12.12883710861206
Coffee,6,20,9,5,KNN,ADASYN,2,{'n_neighbors': 2},0.9616666666666667,0.9621573283545115,"{'algorithm': 'auto', 'leaf_size': 30, 'metric': 'euclidean', 'metric_params': None, 'n_jobs': None, 'n_neighbors': np.int64(9), 'p': 2, 'weights': 'distance'}",0.03531527519226074
Coffee,6,20,9,5,RandomForest,ADASYN,2,{'n_neighbors': 2},0.9983333333333333,0.9983364362999354,"{'bootstrap': True, 'ccp_alpha': 0.0, 'class_weight': 'balanced', 'criterion': 'gini', 'max_depth': None, 'max_features': 'sqrt', 'max_leaf_nodes': None, 'max_samples': None, 'min_impurity_decrease': 0.0, 'min_samples_leaf': 1, 'min_samples_split': 20, 'min_weight_fraction_leaf': 0.0, 'monotonic_cst': None, 'n_estimators': 150, 'n_jobs': None, 'oob_score': False, 'random_state': 42, 'verbose': 0, 'warm_start': False}",7.032793760299683
Coffee,6,20,9,5,LinearSVC,ADASYN,2,{'n_neighbors': 2},0.6233333333333333,0.6201599553162458,"{'C': np.float64(0.4832930238571752), 'class_weight': 'balanced', 'dual': False, 'fit_intercept': True, 'intercept_scaling': 1, 'loss': 'squared_hinge', 'max_iter': 100, 'multi_class': 'ovr', 'penalty': 'l2', 'random_state': 42, 'tol': 0.0001, 'verbose': 0}",0.1583106517791748
Coffee,6,20,9,5,LogisticRegression,ADASYN,2,{'n_neighbors': 2},0.79,0.7971317066959525,"{'C': np.float64(33.59818286283781), 'class_weight': 'balanced', 'dual': False, 'fit_intercept': True, 'intercept_scaling': 1, 'l1_ratio': None, 'max_iter': 100, 'multi_class': 'deprecated', 'n_jobs': None, 'penalty': 'l2', 'random_state': 42, 'solver': 'saga', 'tol': 0.0001, 'verbose': 0, 'warm_start': False}",0.6989586353302002
Coffee,6,20,9,5,RNN,ADASYN,2,{'n_neighbors': 2},0.8333333333333334,0.7592592592592592,"{'hidden_size': 64, 'epochs': 10, 'batch_size': 64, 'lr': 0.005}",15.275086164474487
Coffee,6,20,9,5,KNN,ADASYN,3,{'n_neighbors': 3},0.9766666666666667,0.9768609047679678,"{'algorithm': 'auto', 'leaf_size': 30, 'metric': 'minkowski', 'metric_params': None, 'n_jobs': None, 'n_neighbors': 5, 'p': 2, 'weights': 'uniform'}",0.0633845329284668
Coffee,6,20,9,5,RandomForest,ADASYN,3,{'n_neighbors': 3},0.995,0.9950112372985647,"{'bootstrap': True, 'ccp_alpha': 0.0, 'class_weight': None, 'criterion': 'gini', 'max_depth': None, 'max_features': 'sqrt', 'max_leaf_nodes': None, 'max_samples': None, 'min_impurity_decrease': 0.0, 'min_samples_leaf': 1, 'min_samples_split': 2, 'min_weight_fraction_leaf': 0.0, 'monotonic_cst': None, 'n_estimators': 100, 'n_jobs': None, 'oob_score': False, 'random_state': 42, 'verbose': 0, 'warm_start': False}",5.053537130355835
Coffee,6,20,9,5,LinearSVC,ADASYN,3,{'n_neighbors': 3},0.7033333333333334,0.6678816326839876,"{'C': 1.0, 'class_weight': None, 'dual': False, 'fit_intercept': True, 'intercept_scaling': 1, 'loss': 'squared_hinge', 'max_iter': 100, 'multi_class': 'ovr', 'penalty': 'l2', 'random_state': 42, 'tol': 0.0001, 'verbose': 0}",0.08291268348693848
Coffee,6,20,9,5,LogisticRegression,ADASYN,3,{'n_neighbors': 3},0.83,0.8143777576265362,"{'C': 1.0, 'class_weight': None, 'dual': False, 'fit_intercept': True, 'intercept_scaling': 1, 'l1_ratio': None, 'max_iter': 100, 'multi_class': 'deprecated', 'n_jobs': None, 'penalty': 'l2', 'random_state': 42, 'solver': 'lbfgs', 'tol': 0.0001, 'verbose': 0, 'warm_start': False}",0.3964548110961914
Coffee,6,20,9,5,RNN,ADASYN,3,{'n_neighbors': 3},0.3333333333333333,0.3055555555555555,"{'hidden_size': 64, 'epochs': 10, 'batch_size': 64, 'lr': 0.005}",5.594575881958008
Coffee,6,20,9,5,KNN,ADASYN,4,{'n_neighbors': 4},0.9766666666666667,0.9769736923527707,"{'algorithm': 'auto', 'leaf_size': 30, 'metric': 'minkowski', 'metric_params': None, 'n_jobs': None, 'n_neighbors': np.int64(13), 'p': 4, 'weights': 'distance'}",0.07491517066955566
Coffee,6,20,9,5,RandomForest,ADASYN,4,{'n_neighbors': 4},0.995,0.9950112372985647,"{'bootstrap': True, 'ccp_alpha': 0.0, 'class_weight': None, 'criterion': 'gini', 'max_depth': None, 'max_features': 'sqrt', 'max_leaf_nodes': None, 'max_samples': None, 'min_impurity_decrease': 0.0, 'min_samples_leaf': 4, 'min_samples_split': 2, 'min_weight_fraction_leaf': 0.0, 'monotonic_cst': None, 'n_estimators': 50, 'n_jobs': None, 'oob_score': False, 'random_state': 42, 'verbose': 0, 'warm_start': False}",2.539652109146118
Coffee,6,20,9,5,LinearSVC,ADASYN,4,{'n_neighbors': 4},0.6833333333333333,0.6506005991696999,"{'C': 1.0, 'class_weight': None, 'dual': False, 'fit_intercept': True, 'intercept_scaling': 1, 'loss': 'squared_hinge', 'max_iter': 100, 'multi_class': 'ovr', 'penalty': 'l2', 'random_state': 42, 'tol': 0.0001, 'verbose': 0}",0.09335613250732422
Coffee,6,20,9,5,LogisticRegression,ADASYN,4,{'n_neighbors': 4},0.86,0.8583535321922519,"{'C': 1.0, 'class_weight': None, 'dual': False, 'fit_intercept': True, 'intercept_scaling': 1, 'l1_ratio': None, 'max_iter': 100, 'multi_class': 'deprecated', 'n_jobs': None, 'penalty': 'l2', 'random_state': 42, 'solver': 'lbfgs', 'tol': 0.0001, 'verbose': 0, 'warm_start': False}",0.5279850959777832
Coffee,6,20,9,5,RNN,ADASYN,4,{'n_neighbors': 4},0.5,0.46428571428571425,"{'hidden_size': 64, 'epochs': 10, 'batch_size': 64, 'lr': 0.005}",4.145946741104126
Coffee,6,20,9,5,KNN,ADASYN,5,{'n_neighbors': 5},0.955,0.9559265149005854,"{'algorithm': 'auto', 'leaf_size': 30, 'metric': 'minkowski', 'metric_params': None, 'n_jobs': None, 'n_neighbors': 5, 'p': 2, 'weights': 'uniform'}",0.06296396255493164
Coffee,6,20,9,5,RandomForest,ADASYN,5,{'n_neighbors': 5},0.9983333333333333,0.9983364362999354,"{'bootstrap': True, 'ccp_alpha': 0.0, 'class_weight': None, 'criterion': 'gini', 'max_depth': None, 'max_features': 'sqrt', 'max_leaf_nodes': None, 'max_samples': None, 'min_impurity_decrease': 0.0, 'min_samples_leaf': 1, 'min_samples_split': 2, 'min_weight_fraction_leaf': 0.0, 'monotonic_cst': None, 'n_estimators': 100, 'n_jobs': None, 'oob_score': False, 'random_state': 42, 'verbose': 0, 'warm_start': False}",4.893307209014893
Coffee,6,20,9,5,LinearSVC,ADASYN,5,{'n_neighbors': 5},0.7716666666666666,0.7335771269166126,"{'C': 1.0, 'class_weight': None, 'dual': False, 'fit_intercept': True, 'intercept_scaling': 1, 'loss': 'squared_hinge', 'max_iter': 100, 'multi_class': 'ovr', 'penalty': 'l2', 'random_state': 42, 'tol': 0.0001, 'verbose': 0}",0.09742283821105957
Coffee,6,20,9,5,LogisticRegression,ADASYN,5,{'n_neighbors': 5},0.9316666666666666,0.9329453310273091,"{'C': 1.0, 'class_weight': None, 'dual': False, 'fit_intercept': True, 'intercept_scaling': 1, 'l1_ratio': None, 'max_iter': 100, 'multi_class': 'deprecated', 'n_jobs': None, 'penalty': 'l2', 'random_state': 42, 'solver': 'lbfgs', 'tol': 0.0001, 'verbose': 0, 'warm_start': False}",0.7271237373352051
Coffee,6,20,9,5,RNN,ADASYN,5,{'n_neighbors': 5},0.8333333333333334,0.8492063492063492,"{'hidden_size': 64, 'epochs': 10, 'batch_size': 64, 'lr': 0.005}",83.0890142917633
Coffee,6,20,9,10,KNN,ADASYN,2,{'n_neighbors': 2},0.96,0.9605415085711839,"{'algorithm': 'auto', 'leaf_size': 30, 'metric': 'minkowski', 'metric_params': None, 'n_jobs': None, 'n_neighbors': 5, 'p': 2, 'weights': 'uniform'}",0.09179329872131348
Coffee,6,20,9,10,RandomForest,ADASYN,2,{'n_neighbors': 2},1.0,1.0,"{'bootstrap': True, 'ccp_alpha': 0.0, 'class_weight': None, 'criterion': 'gini', 'max_depth': None, 'max_features': 'sqrt', 'max_leaf_nodes': None, 'max_samples': None, 'min_impurity_decrease': 0.0, 'min_samples_leaf': 1, 'min_samples_split': 2, 'min_weight_fraction_leaf': 0.0, 'monotonic_cst': None, 'n_estimators': 100, 'n_jobs': None, 'oob_score': False, 'random_state': 42, 'verbose': 0, 'warm_start': False}",9.671875476837158
Coffee,6,20,9,10,LinearSVC,ADASYN,2,{'n_neighbors': 2},0.6316666666666667,0.6187782395219135,"{'C': 1.0, 'class_weight': None, 'dual': False, 'fit_intercept': True, 'intercept_scaling': 1, 'loss': 'squared_hinge', 'max_iter': 100, 'multi_class': 'ovr', 'penalty': 'l2', 'random_state': 42, 'tol': 0.0001, 'verbose': 0}",0.1768333911895752
Coffee,6,20,9,10,LogisticRegression,ADASYN,2,{'n_neighbors': 2},0.78,0.7555457852665722,"{'C': 1.0, 'class_weight': None, 'dual': False, 'fit_intercept': True, 'intercept_scaling': 1, 'l1_ratio': None, 'max_iter': 100, 'multi_class': 'deprecated', 'n_jobs': None, 'penalty': 'l2', 'random_state': 42, 'solver': 'lbfgs', 'tol': 0.0001, 'verbose': 0, 'warm_start': False}",0.8374433517456055
Coffee,6,20,9,10,RNN,ADASYN,2,{'n_neighbors': 2},0.3333333333333333,0.3055555555555555,"{'hidden_size': 64, 'epochs': 10, 'batch_size': 64, 'lr': 0.005}",3.62015700340271
Coffee,6,20,9,10,KNN,ADASYN,3,{'n_neighbors': 3},0.9816666666666667,0.9818322238343217,"{'algorithm': 'auto', 'leaf_size': 30, 'metric': 'minkowski', 'metric_params': None, 'n_jobs': None, 'n_neighbors': 5, 'p': 2, 'weights': 'uniform'}",0.09902644157409668
Coffee,6,20,9,10,RandomForest,ADASYN,3,{'n_neighbors': 3},0.9966666666666667,0.9966789912073913,"{'bootstrap': True, 'ccp_alpha': 0.0, 'class_weight': None, 'criterion': 'gini', 'max_depth': None, 'max_features': 'sqrt', 'max_leaf_nodes': None, 'max_samples': None, 'min_impurity_decrease': 0.0, 'min_samples_leaf': 1, 'min_samples_split': 2, 'min_weight_fraction_leaf': 0.0, 'monotonic_cst': None, 'n_estimators': 100, 'n_jobs': None, 'oob_score': False, 'random_state': 42, 'verbose': 0, 'warm_start': False}",11.557200193405151
Coffee,6,20,9,10,LinearSVC,ADASYN,3,{'n_neighbors': 3},0.6766666666666666,0.6530463520658206,"{'C': 1.0, 'class_weight': None, 'dual': False, 'fit_intercept': True, 'intercept_scaling': 1, 'loss': 'squared_hinge', 'max_iter': 100, 'multi_class': 'ovr', 'penalty': 'l2', 'random_state': 42, 'tol': 0.0001, 'verbose': 0}",0.19564056396484375
Coffee,6,20,9,10,LogisticRegression,ADASYN,3,{'n_neighbors': 3},0.7983333333333333,0.7884386507665606,"{'C': 1.0, 'class_weight': None, 'dual': False, 'fit_intercept': True, 'intercept_scaling': 1, 'l1_ratio': None, 'max_iter': 100, 'multi_class': 'deprecated', 'n_jobs': None, 'penalty': 'l2', 'random_state': 42, 'solver': 'lbfgs', 'tol': 0.0001, 'verbose': 0, 'warm_start': False}",1.8668007850646973
Coffee,6,20,9,10,RNN,ADASYN,3,{'n_neighbors': 3},0.8333333333333334,0.7592592592592592,"{'hidden_size': 64, 'epochs': 10, 'batch_size': 64, 'lr': 0.005}",85.73775911331177
Coffee,6,20,9,10,KNN,ADASYN,4,{'n_neighbors': 4},0.9883333333333333,0.988384146399642,"{'algorithm': 'auto', 'leaf_size': 30, 'metric': 'minkowski', 'metric_params': None, 'n_jobs': None, 'n_neighbors': 5, 'p': 2, 'weights': 'uniform'}",0.10147237777709961
Coffee,6,20,9,10,RandomForest,ADASYN,4,{'n_neighbors': 4},0.9983333333333333,0.9983364362999354,"{'bootstrap': True, 'ccp_alpha': 0.0, 'class_weight': None, 'criterion': 'gini', 'max_depth': None, 'max_features': 'sqrt', 'max_leaf_nodes': None, 'max_samples': None, 'min_impurity_decrease': 0.0, 'min_samples_leaf': 1, 'min_samples_split': 2, 'min_weight_fraction_leaf': 0.0, 'monotonic_cst': None, 'n_estimators': 100, 'n_jobs': None, 'oob_score': False, 'random_state': 42, 'verbose': 0, 'warm_start': False}",10.450075149536133
Coffee,6,20,9,10,LinearSVC,ADASYN,4,{'n_neighbors': 4},0.63,0.6237370238429479,"{'C': 1.0, 'class_weight': None, 'dual': False, 'fit_intercept': True, 'intercept_scaling': 1, 'loss': 'squared_hinge', 'max_iter': 100, 'multi_class': 'ovr', 'penalty': 'l2', 'random_state': 42, 'tol': 0.0001, 'verbose': 0}",0.17606186866760254
Coffee,6,20,9,10,LogisticRegression,ADASYN,4,{'n_neighbors': 4},0.8016666666666666,0.7916623563202745,"{'C': 1.0, 'class_weight': None, 'dual': False, 'fit_intercept': True, 'intercept_scaling': 1, 'l1_ratio': None, 'max_iter': 100, 'multi_class': 'deprecated', 'n_jobs': None, 'penalty': 'l2', 'random_state': 42, 'solver': 'lbfgs', 'tol': 0.0001, 'verbose': 0, 'warm_start': False}",1.839822769165039
Coffee,6,20,9,10,RNN,ADASYN,4,{'n_neighbors': 4},0.8333333333333334,0.8492063492063492,"{'hidden_size': 64, 'epochs': 10, 'batch_size': 64, 'lr': 0.005}",55.31250810623169
Coffee,6,20,9,10,KNN,ADASYN,5,{'n_neighbors': 5},0.97,0.9707687084239683,"{'algorithm': 'auto', 'leaf_size': 30, 'metric': 'minkowski', 'metric_params': None, 'n_jobs': None, 'n_neighbors': 5, 'p': 2, 'weights': 'uniform'}",0.09554076194763184
Coffee,6,20,9,10,RandomForest,ADASYN,5,{'n_neighbors': 5},0.995,0.9950112372985647,"{'bootstrap': True, 'ccp_alpha': 0.0, 'class_weight': None, 'criterion': 'gini', 'max_depth': None, 'max_features': 'sqrt', 'max_leaf_nodes': None, 'max_samples': None, 'min_impurity_decrease': 0.0, 'min_samples_leaf': 1, 'min_samples_split': 2, 'min_weight_fraction_leaf': 0.0, 'monotonic_cst': None, 'n_estimators': 100, 'n_jobs': None, 'oob_score': False, 'random_state': 42, 'verbose': 0, 'warm_start': False}",10.513460159301758
Coffee,6,20,9,10,LinearSVC,ADASYN,5,{'n_neighbors': 5},0.625,0.6219005768287004,"{'C': 1.0, 'class_weight': None, 'dual': False, 'fit_intercept': True, 'intercept_scaling': 1, 'loss': 'squared_hinge', 'max_iter': 100, 'multi_class': 'ovr', 'penalty': 'l2', 'random_state': 42, 'tol': 0.0001, 'verbose': 0}",0.16693544387817383
Coffee,6,20,9,10,LogisticRegression,ADASYN,5,{'n_neighbors': 5},0.78,0.7788856838509448,"{'C': 1.0, 'class_weight': None, 'dual': False, 'fit_intercept': True, 'intercept_scaling': 1, 'l1_ratio': None, 'max_iter': 100, 'multi_class': 'deprecated', 'n_jobs': None, 'penalty': 'l2', 'random_state': 42, 'solver': 'lbfgs', 'tol': 0.0001, 'verbose': 0, 'warm_start': False}",1.658271074295044
Coffee,6,20,9,10,RNN,ADASYN,5,{'n_neighbors': 5},0.3333333333333333,0.3055555555555555,"{'hidden_size': 64, 'epochs': 10, 'batch_size': 64, 'lr': 0.005}",89.07916140556335
Coffee,6,20,10,1,KNN,Baseline,N/A,N/A,0.985,0.9852376314882136,"{'algorithm': 'auto', 'leaf_size': 30, 'metric': 'minkowski', 'metric_params': None, 'n_jobs': None, 'n_neighbors': 5, 'p': 2, 'weights': 'uniform'}",0.03988790512084961
Coffee,6,20,10,1,KNN,Tuned_Baseline,N/A,N/A,0.9816666666666667,0.9820167508614702,"{'algorithm': 'auto', 'leaf_size': 30, 'metric': 'minkowski', 'metric_params': None, 'n_jobs': None, 'n_neighbors': np.int64(5), 'p': 3, 'weights': 'distance'}",0.02912163734436035
Coffee,6,20,10,1,RandomForest,Baseline,N/A,N/A,1.0,1.0,"{'bootstrap': True, 'ccp_alpha': 0.0, 'class_weight': None, 'criterion': 'gini', 'max_depth': None, 'max_features': 'sqrt', 'max_leaf_nodes': None, 'max_samples': None, 'min_impurity_decrease': 0.0, 'min_samples_leaf': 1, 'min_samples_split': 2, 'min_weight_fraction_leaf': 0.0, 'monotonic_cst': None, 'n_estimators': 100, 'n_jobs': None, 'oob_score': False, 'random_state': 42, 'verbose': 0, 'warm_start': False}",0.8666589260101318
Coffee,6,20,10,1,RandomForest,Tuned_Baseline,N/A,N/A,1.0,1.0,"{'bootstrap': True, 'ccp_alpha': 0.0, 'class_weight': 'balanced', 'criterion': 'gini', 'max_depth': 20, 'max_features': 'sqrt', 'max_leaf_nodes': None, 'max_samples': None, 'min_impurity_decrease': 0.0, 'min_samples_leaf': 1, 'min_samples_split': 2, 'min_weight_fraction_leaf': 0.0, 'monotonic_cst': None, 'n_estimators': 50, 'n_jobs': None, 'oob_score': False, 'random_state': 42, 'verbose': 0, 'warm_start': False}",0.004842042922973633
Coffee,6,20,10,1,LinearSVC,Baseline,N/A,N/A,0.785,0.7586790556886448,"{'C': 1.0, 'class_weight': None, 'dual': False, 'fit_intercept': True, 'intercept_scaling': 1, 'loss': 'squared_hinge', 'max_iter': 100, 'multi_class': 'ovr', 'penalty': 'l2', 'random_state': 42, 'tol': 0.0001, 'verbose': 0}",0.019315719604492188
Coffee,6,20,10,1,LinearSVC,Tuned_Baseline,N/A,N/A,0.815,0.8238407856461346,"{'C': np.float64(183.29807108324337), 'class_weight': 'balanced', 'dual': False, 'fit_intercept': True, 'intercept_scaling': 1, 'loss': 'squared_hinge', 'max_iter': 100, 'multi_class': 'ovr', 'penalty': 'l1', 'random_state': 42, 'tol': 0.0001, 'verbose': 0}",0.00024628639221191406
Coffee,6,20,10,1,LogisticRegression,Baseline,N/A,N/A,0.9533333333333334,0.9532934128254952,"{'C': 1.0, 'class_weight': None, 'dual': False, 'fit_intercept': True, 'intercept_scaling': 1, 'l1_ratio': None, 'max_iter': 100, 'multi_class': 'deprecated', 'n_jobs': None, 'penalty': 'l2', 'random_state': 42, 'solver': 'lbfgs', 'tol': 0.0001, 'verbose': 0, 'warm_start': False}",0.2473440170288086
Coffee,6,20,10,1,LogisticRegression,Tuned_Baseline,N/A,N/A,0.9466666666666667,0.9467735103885495,"{'C': np.float64(183.29807108324337), 'class_weight': None, 'dual': False, 'fit_intercept': True, 'intercept_scaling': 1, 'l1_ratio': None, 'max_iter': 100, 'multi_class': 'deprecated', 'n_jobs': None, 'penalty': 'l2', 'random_state': 42, 'solver': 'saga', 'tol': 0.0001, 'verbose': 0, 'warm_start': False}",0.00031495094299316406
Coffee,6,20,10,1,RNN,Baseline,N/A,N/A,0.6666666666666666,0.6944444444444443,"{'hidden_size': 64, 'epochs': 10, 'batch_size': 32, 'lr': 0.001}",0.22816777229309082
Coffee,6,20,10,1,RNN,Tuned_Baseline,N/A,N/A,0.6666666666666666,0.6944444444444443,"{'hidden_size': 64, 'epochs': 10, 'batch_size': 32, 'lr': 0.005}",0.03341197967529297
Coffee,6,20,10,2,KNN,ADASYN,2,{'n_neighbors': 2},0.9866666666666667,0.9868557368557369,"{'algorithm': 'auto', 'leaf_size': 30, 'metric': 'euclidean', 'metric_params': None, 'n_jobs': None, 'n_neighbors': np.int64(9), 'p': 2, 'weights': 'distance'}",0.021748781204223633
Coffee,6,20,10,2,RandomForest,ADASYN,2,{'n_neighbors': 2},0.9966666666666667,0.9966789912073913,"{'bootstrap': True, 'ccp_alpha': 0.0, 'class_weight': 'balanced', 'criterion': 'gini', 'max_depth': None, 'max_features': 'sqrt', 'max_leaf_nodes': None, 'max_samples': None, 'min_impurity_decrease': 0.0, 'min_samples_leaf': 2, 'min_samples_split': 20, 'min_weight_fraction_leaf': 0.0, 'monotonic_cst': None, 'n_estimators': 150, 'n_jobs': None, 'oob_score': False, 'random_state': 42, 'verbose': 0, 'warm_start': False}",2.671997547149658
Coffee,6,20,10,2,LinearSVC,ADASYN,2,{'n_neighbors': 2},0.755,0.7181171493083719,"{'C': np.float64(0.08858667904100823), 'class_weight': None, 'dual': False, 'fit_intercept': True, 'intercept_scaling': 1, 'loss': 'squared_hinge', 'max_iter': 100, 'multi_class': 'ovr', 'penalty': 'l1', 'random_state': 42, 'tol': 0.0001, 'verbose': 0}",0.07647705078125
Coffee,6,20,10,2,LogisticRegression,ADASYN,2,{'n_neighbors': 2},0.9066666666666666,0.9086994221309435,"{'C': np.float64(2.6366508987303554), 'class_weight': 'balanced', 'dual': False, 'fit_intercept': True, 'intercept_scaling': 1, 'l1_ratio': None, 'max_iter': 100, 'multi_class': 'deprecated', 'n_jobs': None, 'penalty': 'l1', 'random_state': 42, 'solver': 'saga', 'tol': 0.0001, 'verbose': 0, 'warm_start': False}",0.3204805850982666
Coffee,6,20,10,2,RNN,ADASYN,2,{'n_neighbors': 2},0.5,0.4611111111111111,"{'hidden_size': 64, 'epochs': 10, 'batch_size': 32, 'lr': 0.005}",2.13248610496521
Coffee,6,20,10,2,KNN,ADASYN,3,{'n_neighbors': 3},0.98,0.9804137534718897,"{'algorithm': 'auto', 'leaf_size': 30, 'metric': 'euclidean', 'metric_params': None, 'n_jobs': None, 'n_neighbors': np.int64(9), 'p': 2, 'weights': 'distance'}",0.01767730712890625
Coffee,6,20,10,2,RandomForest,ADASYN,3,{'n_neighbors': 3},0.9966666666666667,0.9966789912073913,"{'bootstrap': True, 'ccp_alpha': 0.0, 'class_weight': None, 'criterion': 'gini', 'max_depth': 20, 'max_features': 'sqrt', 'max_leaf_nodes': None, 'max_samples': None, 'min_impurity_decrease': 0.0, 'min_samples_leaf': 1, 'min_samples_split': 2, 'min_weight_fraction_leaf': 0.0, 'monotonic_cst': None, 'n_estimators': 100, 'n_jobs': None, 'oob_score': False, 'random_state': 42, 'verbose': 0, 'warm_start': False}",1.7025177478790283
Coffee,6,20,10,2,LinearSVC,ADASYN,3,{'n_neighbors': 3},0.6816666666666666,0.69008769008769,"{'C': np.float64(0.4832930238571752), 'class_weight': 'balanced', 'dual': False, 'fit_intercept': True, 'intercept_scaling': 1, 'loss': 'squared_hinge', 'max_iter': 100, 'multi_class': 'ovr', 'penalty': 'l2', 'random_state': 42, 'tol': 0.0001, 'verbose': 0}",0.03460240364074707
Coffee,6,20,10,2,LogisticRegression,ADASYN,3,{'n_neighbors': 3},0.8783333333333333,0.8813310704521836,"{'C': np.float64(183.29807108324337), 'class_weight': 'balanced', 'dual': False, 'fit_intercept': True, 'intercept_scaling': 1, 'l1_ratio': None, 'max_iter': 100, 'multi_class': 'deprecated', 'n_jobs': None, 'penalty': 'l1', 'random_state': 42, 'solver': 'saga', 'tol': 0.0001, 'verbose': 0, 'warm_start': False}",0.35944342613220215
Coffee,6,20,10,2,RNN,ADASYN,3,{'n_neighbors': 3},0.5,0.4611111111111111,"{'hidden_size': 64, 'epochs': 10, 'batch_size': 32, 'lr': 0.005}",2.815894842147827
Coffee,6,20,10,2,KNN,ADASYN,4,{'n_neighbors': 4},0.9816666666666667,0.9819398390989107,"{'algorithm': 'auto', 'leaf_size': 30, 'metric': 'euclidean', 'metric_params': None, 'n_jobs': None, 'n_neighbors': np.int64(9), 'p': 2, 'weights': 'distance'}",0.02189779281616211
Coffee,6,20,10,2,RandomForest,ADASYN,4,{'n_neighbors': 4},1.0,1.0,"{'bootstrap': True, 'ccp_alpha': 0.0, 'class_weight': 'balanced', 'criterion': 'gini', 'max_depth': None, 'max_features': 'sqrt', 'max_leaf_nodes': None, 'max_samples': None, 'min_impurity_decrease': 0.0, 'min_samples_leaf': 1, 'min_samples_split': 2, 'min_weight_fraction_leaf': 0.0, 'monotonic_cst': None, 'n_estimators': 50, 'n_jobs': None, 'oob_score': False, 'random_state': 42, 'verbose': 0, 'warm_start': False}",0.9260892868041992
Coffee,6,20,10,2,LinearSVC,ADASYN,4,{'n_neighbors': 4},0.7416666666666667,0.702536870974148,"{'C': np.float64(0.08858667904100823), 'class_weight': None, 'dual': False, 'fit_intercept': True, 'intercept_scaling': 1, 'loss': 'squared_hinge', 'max_iter': 100, 'multi_class': 'ovr', 'penalty': 'l1', 'random_state': 42, 'tol': 0.0001, 'verbose': 0}",0.08743500709533691
Coffee,6,20,10,2,LogisticRegression,ADASYN,4,{'n_neighbors': 4},0.88,0.8825582150390335,"{'C': np.float64(33.59818286283781), 'class_weight': 'balanced', 'dual': False, 'fit_intercept': True, 'intercept_scaling': 1, 'l1_ratio': None, 'max_iter': 100, 'multi_class': 'deprecated', 'n_jobs': None, 'penalty': 'l2', 'random_state': 42, 'solver': 'saga', 'tol': 0.0001, 'verbose': 0, 'warm_start': False}",0.29701995849609375
Coffee,6,20,10,2,RNN,ADASYN,4,{'n_neighbors': 4},0.8333333333333334,0.7592592592592592,"{'hidden_size': 64, 'epochs': 10, 'batch_size': 32, 'lr': 0.005}",2.108262777328491
Coffee,6,20,10,2,KNN,ADASYN,5,{'n_neighbors': 5},0.985,0.9852376314882136,"{'algorithm': 'auto', 'leaf_size': 30, 'metric': 'euclidean', 'metric_params': None, 'n_jobs': None, 'n_neighbors': np.int64(9), 'p': 2, 'weights': 'distance'}",0.016895055770874023
Coffee,6,20,10,2,RandomForest,ADASYN,5,{'n_neighbors': 5},0.9983333333333333,0.9983364362999354,"{'bootstrap': True, 'ccp_alpha': 0.0, 'class_weight': None, 'criterion': 'gini', 'max_depth': 20, 'max_features': 'sqrt', 'max_leaf_nodes': None, 'max_samples': None, 'min_impurity_decrease': 0.0, 'min_samples_leaf': 1, 'min_samples_split': 2, 'min_weight_fraction_leaf': 0.0, 'monotonic_cst': None, 'n_estimators': 100, 'n_jobs': None, 'oob_score': False, 'random_state': 42, 'verbose': 0, 'warm_start': False}",1.3963279724121094
Coffee,6,20,10,2,LinearSVC,ADASYN,5,{'n_neighbors': 5},0.7,0.6758230205454765,"{'C': np.float64(33.59818286283781), 'class_weight': None, 'dual': False, 'fit_intercept': True, 'intercept_scaling': 1, 'loss': 'squared_hinge', 'max_iter': 100, 'multi_class': 'ovr', 'penalty': 'l1', 'random_state': 42, 'tol': 0.001, 'verbose': 0}",0.07058191299438477
Coffee,6,20,10,2,LogisticRegression,ADASYN,5,{'n_neighbors': 5},0.8633333333333333,0.8673085312915823,"{'C': np.float64(33.59818286283781), 'class_weight': 'balanced', 'dual': False, 'fit_intercept': True, 'intercept_scaling': 1, 'l1_ratio': None, 'max_iter': 100, 'multi_class': 'deprecated', 'n_jobs': None, 'penalty': 'l2', 'random_state': 42, 'solver': 'saga', 'tol': 0.0001, 'verbose': 0, 'warm_start': False}",0.24357914924621582
Coffee,6,20,10,2,RNN,ADASYN,5,{'n_neighbors': 5},0.6666666666666666,0.6944444444444443,"{'hidden_size': 64, 'epochs': 10, 'batch_size': 32, 'lr': 0.005}",1.919703483581543
Coffee,6,20,10,3,KNN,ADASYN,2,{'n_neighbors': 2},0.975,0.9753641300454721,"{'algorithm': 'auto', 'leaf_size': 30, 'metric': 'minkowski', 'metric_params': None, 'n_jobs': None, 'n_neighbors': np.int64(13), 'p': 4, 'weights': 'distance'}",0.059862613677978516
Coffee,6,20,10,3,RandomForest,ADASYN,2,{'n_neighbors': 2},0.9983333333333333,0.9983364362999354,"{'bootstrap': True, 'ccp_alpha': 0.0, 'class_weight': 'balanced', 'criterion': 'gini', 'max_depth': None, 'max_features': 'sqrt', 'max_leaf_nodes': None, 'max_samples': None, 'min_impurity_decrease': 0.0, 'min_samples_leaf': 1, 'min_samples_split': 2, 'min_weight_fraction_leaf': 0.0, 'monotonic_cst': None, 'n_estimators': 50, 'n_jobs': None, 'oob_score': False, 'random_state': 42, 'verbose': 0, 'warm_start': False}",1.3522686958312988
Coffee,6,20,10,3,LinearSVC,ADASYN,2,{'n_neighbors': 2},0.6583333333333333,0.6512534325449553,"{'C': np.float64(0.002976351441631319), 'class_weight': None, 'dual': False, 'fit_intercept': True, 'intercept_scaling': 1, 'loss': 'squared_hinge', 'max_iter': 100, 'multi_class': 'ovr', 'penalty': 'l2', 'random_state': 42, 'tol': 0.001, 'verbose': 0}",0.0400850772857666
Coffee,6,20,10,3,LogisticRegression,ADASYN,2,{'n_neighbors': 2},0.6666666666666666,0.5333333333333333,"{'C': np.float64(0.00023357214690901212), 'class_weight': None, 'dual': False, 'fit_intercept': True, 'intercept_scaling': 1, 'l1_ratio': None, 'max_iter': 100, 'multi_class': 'deprecated', 'n_jobs': None, 'penalty': 'l1', 'random_state': 42, 'solver': 'saga', 'tol': 0.0001, 'verbose': 0, 'warm_start': False}",0.026235103607177734
Coffee,6,20,10,3,RNN,ADASYN,2,{'n_neighbors': 2},0.5,0.4611111111111111,"{'hidden_size': 64, 'epochs': 10, 'batch_size': 32, 'lr': 0.005}",6.0511534214019775
Coffee,6,20,10,3,KNN,ADASYN,3,{'n_neighbors': 3},0.975,0.9755285323091865,"{'algorithm': 'auto', 'leaf_size': 30, 'metric': 'minkowski', 'metric_params': None, 'n_jobs': None, 'n_neighbors': np.int64(13), 'p': 4, 'weights': 'distance'}",0.07077193260192871
Coffee,6,20,10,3,RandomForest,ADASYN,3,{'n_neighbors': 3},0.9983333333333333,0.9983364362999354,"{'bootstrap': True, 'ccp_alpha': 0.0, 'class_weight': 'balanced', 'criterion': 'gini', 'max_depth': None, 'max_features': 'sqrt', 'max_leaf_nodes': None, 'max_samples': None, 'min_impurity_decrease': 0.0, 'min_samples_leaf': 1, 'min_samples_split': 2, 'min_weight_fraction_leaf': 0.0, 'monotonic_cst': None, 'n_estimators': 50, 'n_jobs': None, 'oob_score': False, 'random_state': 42, 'verbose': 0, 'warm_start': False}",1.5063419342041016
Coffee,6,20,10,3,LinearSVC,ADASYN,3,{'n_neighbors': 3},0.6833333333333333,0.667840303538665,"{'C': np.float64(33.59818286283781), 'class_weight': 'balanced', 'dual': False, 'fit_intercept': True, 'intercept_scaling': 1, 'loss': 'squared_hinge', 'max_iter': 100, 'multi_class': 'ovr', 'penalty': 'l1', 'random_state': 42, 'tol': 0.001, 'verbose': 0}",0.1232597827911377
Coffee,6,20,10,3,LogisticRegression,ADASYN,3,{'n_neighbors': 3},0.8833333333333333,0.8849901667429911,"{'C': np.float64(1000.0), 'class_weight': 'balanced', 'dual': False, 'fit_intercept': True, 'intercept_scaling': 1, 'l1_ratio': None, 'max_iter': 100, 'multi_class': 'deprecated', 'n_jobs': None, 'penalty': 'l2', 'random_state': 42, 'solver': 'sag', 'tol': 0.0001, 'verbose': 0, 'warm_start': False}",0.33794260025024414
Coffee,6,20,10,3,RNN,ADASYN,3,{'n_neighbors': 3},0.5,0.4611111111111111,"{'hidden_size': 64, 'epochs': 10, 'batch_size': 32, 'lr': 0.005}",1.7810888290405273
Coffee,6,20,10,3,KNN,ADASYN,4,{'n_neighbors': 4},0.975,0.9752595979099008,"{'algorithm': 'auto', 'leaf_size': 30, 'metric': 'euclidean', 'metric_params': None, 'n_jobs': None, 'n_neighbors': np.int64(9), 'p': 2, 'weights': 'distance'}",0.021651029586791992
Coffee,6,20,10,3,RandomForest,ADASYN,4,{'n_neighbors': 4},1.0,1.0,"{'bootstrap': True, 'ccp_alpha': 0.0, 'class_weight': None, 'criterion': 'gini', 'max_depth': 30, 'max_features': 'sqrt', 'max_leaf_nodes': None, 'max_samples': None, 'min_impurity_decrease': 0.0, 'min_samples_leaf': 4, 'min_samples_split': 20, 'min_weight_fraction_leaf': 0.0, 'monotonic_cst': None, 'n_estimators': 150, 'n_jobs': None, 'oob_score': False, 'random_state': 42, 'verbose': 0, 'warm_start': False}",3.832033395767212
Coffee,6,20,10,3,LinearSVC,ADASYN,4,{'n_neighbors': 4},0.6466666666666666,0.6341525227904619,"{'C': np.float64(0.08858667904100823), 'class_weight': None, 'dual': False, 'fit_intercept': True, 'intercept_scaling': 1, 'loss': 'squared_hinge', 'max_iter': 100, 'multi_class': 'ovr', 'penalty': 'l1', 'random_state': 42, 'tol': 0.0001, 'verbose': 0}",0.12145185470581055
Coffee,6,20,10,3,LogisticRegression,ADASYN,4,{'n_neighbors': 4},0.6666666666666666,0.611111111111111,"{'C': np.float64(0.000545559478116852), 'class_weight': None, 'dual': False, 'fit_intercept': True, 'intercept_scaling': 1, 'l1_ratio': None, 'max_iter': 100, 'multi_class': 'deprecated', 'n_jobs': None, 'penalty': 'l1', 'random_state': 42, 'solver': 'saga', 'tol': 0.0001, 'verbose': 0, 'warm_start': False}",0.0785379409790039
Coffee,6,20,10,3,RNN,ADASYN,4,{'n_neighbors': 4},0.5,0.4611111111111111,"{'hidden_size': 64, 'epochs': 10, 'batch_size': 32, 'lr': 0.005}",3.3784852027893066
Coffee,6,20,10,3,KNN,ADASYN,5,{'n_neighbors': 5},0.9466666666666667,0.9490265124593482,"{'algorithm': 'auto', 'leaf_size': 30, 'metric': 'minkowski', 'metric_params': None, 'n_jobs': None, 'n_neighbors': np.int64(13), 'p': 4, 'weights': 'distance'}",0.07818818092346191
Coffee,6,20,10,3,RandomForest,ADASYN,5,{'n_neighbors': 5},0.9783333333333334,0.9788155730940777,"{'bootstrap': True, 'ccp_alpha': 0.0, 'class_weight': 'balanced', 'criterion': 'gini', 'max_depth': None, 'max_features': 'sqrt', 'max_leaf_nodes': None, 'max_samples': None, 'min_impurity_decrease': 0.0, 'min_samples_leaf': 2, 'min_samples_split': 20, 'min_weight_fraction_leaf': 0.0, 'monotonic_cst': None, 'n_estimators': 150, 'n_jobs': None, 'oob_score': False, 'random_state': 42, 'verbose': 0, 'warm_start': False}",3.796125650405884
Coffee,6,20,10,3,LinearSVC,ADASYN,5,{'n_neighbors': 5},0.7283333333333334,0.6953058865834196,"{'C': 1.0, 'class_weight': None, 'dual': False, 'fit_intercept': True, 'intercept_scaling': 1, 'loss': 'squared_hinge', 'max_iter': 100, 'multi_class': 'ovr', 'penalty': 'l2', 'random_state': 42, 'tol': 0.0001, 'verbose': 0}",0.05710029602050781
Coffee,6,20,10,3,LogisticRegression,ADASYN,5,{'n_neighbors': 5},0.91,0.9103344139983123,"{'C': 1.0, 'class_weight': None, 'dual': False, 'fit_intercept': True, 'intercept_scaling': 1, 'l1_ratio': None, 'max_iter': 100, 'multi_class': 'deprecated', 'n_jobs': None, 'penalty': 'l2', 'random_state': 42, 'solver': 'lbfgs', 'tol': 0.0001, 'verbose': 0, 'warm_start': False}",0.36141180992126465
Coffee,6,20,10,3,RNN,ADASYN,5,{'n_neighbors': 5},0.5,0.46428571428571425,"{'hidden_size': 64, 'epochs': 10, 'batch_size': 32, 'lr': 0.005}",3.489494562149048
Coffee,6,20,10,5,KNN,ADASYN,2,{'n_neighbors': 2},0.98,0.9801466042321719,"{'algorithm': 'auto', 'leaf_size': 30, 'metric': 'minkowski', 'metric_params': None, 'n_jobs': None, 'n_neighbors': np.int64(13), 'p': 4, 'weights': 'distance'}",0.08345484733581543
Coffee,6,20,10,5,RandomForest,ADASYN,2,{'n_neighbors': 2},0.9966666666666667,0.9966789912073913,"{'bootstrap': True, 'ccp_alpha': 0.0, 'class_weight': None, 'criterion': 'gini', 'max_depth': 30, 'max_features': 'sqrt', 'max_leaf_nodes': None, 'max_samples': None, 'min_impurity_decrease': 0.0, 'min_samples_leaf': 4, 'min_samples_split': 2, 'min_weight_fraction_leaf': 0.0, 'monotonic_cst': None, 'n_estimators': 50, 'n_jobs': None, 'oob_score': False, 'random_state': 42, 'verbose': 0, 'warm_start': False}",2.1205835342407227
Coffee,6,20,10,5,LinearSVC,ADASYN,2,{'n_neighbors': 2},0.6566666666666666,0.6576045630366354,"{'C': np.float64(0.002976351441631319), 'class_weight': None, 'dual': False, 'fit_intercept': False, 'intercept_scaling': 1, 'loss': 'squared_hinge', 'max_iter': 100, 'multi_class': 'ovr', 'penalty': 'l1', 'random_state': 42, 'tol': 0.0001, 'verbose': 0}",0.16596221923828125
Coffee,6,20,10,5,LogisticRegression,ADASYN,2,{'n_neighbors': 2},0.58,0.5822896131877576,"{'C': np.float64(0.08858667904100823), 'class_weight': None, 'dual': False, 'fit_intercept': False, 'intercept_scaling': 1, 'l1_ratio': None, 'max_iter': 100, 'multi_class': 'deprecated', 'n_jobs': None, 'penalty': 'l1', 'random_state': 42, 'solver': 'saga', 'tol': 0.0001, 'verbose': 0, 'warm_start': False}",0.5026047229766846
Coffee,6,20,10,5,RNN,ADASYN,2,{'n_neighbors': 2},0.5,0.4611111111111111,"{'hidden_size': 64, 'epochs': 10, 'batch_size': 32, 'lr': 0.005}",6.166330814361572
Coffee,6,20,10,5,KNN,ADASYN,3,{'n_neighbors': 3},0.985,0.9851752211744287,"{'algorithm': 'auto', 'leaf_size': 30, 'metric': 'minkowski', 'metric_params': None, 'n_jobs': None, 'n_neighbors': np.int64(13), 'p': 4, 'weights': 'distance'}",0.08510541915893555
Coffee,6,20,10,5,RandomForest,ADASYN,3,{'n_neighbors': 3},0.9983333333333333,0.9983364362999354,"{'bootstrap': True, 'ccp_alpha': 0.0, 'class_weight': 'balanced', 'criterion': 'gini', 'max_depth': None, 'max_features': 'sqrt', 'max_leaf_nodes': None, 'max_samples': None, 'min_impurity_decrease': 0.0, 'min_samples_leaf': 1, 'min_samples_split': 2, 'min_weight_fraction_leaf': 0.0, 'monotonic_cst': None, 'n_estimators': 50, 'n_jobs': None, 'oob_score': False, 'random_state': 42, 'verbose': 0, 'warm_start': False}",1.9432528018951416
Coffee,6,20,10,5,LinearSVC,ADASYN,3,{'n_neighbors': 3},0.6616666666666666,0.6626983452038305,"{'C': np.float64(183.29807108324337), 'class_weight': 'balanced', 'dual': False, 'fit_intercept': True, 'intercept_scaling': 1, 'loss': 'squared_hinge', 'max_iter': 100, 'multi_class': 'ovr', 'penalty': 'l1', 'random_state': 42, 'tol': 0.0001, 'verbose': 0}",0.1625823974609375
Coffee,6,20,10,5,LogisticRegression,ADASYN,3,{'n_neighbors': 3},0.7583333333333333,0.6896606595854716,"{'C': np.float64(0.002976351441631319), 'class_weight': None, 'dual': False, 'fit_intercept': True, 'intercept_scaling': 1, 'l1_ratio': None, 'max_iter': 100, 'multi_class': 'deprecated', 'n_jobs': None, 'penalty': 'l2', 'random_state': 42, 'solver': 'saga', 'tol': 0.0001, 'verbose': 0, 'warm_start': False}",0.10525894165039062
Coffee,6,20,10,5,RNN,ADASYN,3,{'n_neighbors': 3},0.8333333333333334,0.8492063492063492,"{'hidden_size': 64, 'epochs': 10, 'batch_size': 32, 'lr': 0.005}",0.8800244331359863
Coffee,6,20,10,5,KNN,ADASYN,4,{'n_neighbors': 4},0.985,0.9850972418618058,"{'algorithm': 'auto', 'leaf_size': 30, 'metric': 'minkowski', 'metric_params': None, 'n_jobs': None, 'n_neighbors': 5, 'p': 2, 'weights': 'uniform'}",0.058336496353149414
Coffee,6,20,10,5,RandomForest,ADASYN,4,{'n_neighbors': 4},0.9983333333333333,0.9983364362999354,"{'bootstrap': True, 'ccp_alpha': 0.0, 'class_weight': None, 'criterion': 'gini', 'max_depth': None, 'max_features': 'sqrt', 'max_leaf_nodes': None, 'max_samples': None, 'min_impurity_decrease': 0.0, 'min_samples_leaf': 1, 'min_samples_split': 2, 'min_weight_fraction_leaf': 0.0, 'monotonic_cst': None, 'n_estimators': 100, 'n_jobs': None, 'oob_score': False, 'random_state': 42, 'verbose': 0, 'warm_start': False}",4.079808473587036
Coffee,6,20,10,5,LinearSVC,ADASYN,4,{'n_neighbors': 4},0.675,0.6558960930207449,"{'C': 1.0, 'class_weight': None, 'dual': False, 'fit_intercept': True, 'intercept_scaling': 1, 'loss': 'squared_hinge', 'max_iter': 100, 'multi_class': 'ovr', 'penalty': 'l2', 'random_state': 42, 'tol': 0.0001, 'verbose': 0}",0.09207797050476074
Coffee,6,20,10,5,LogisticRegression,ADASYN,4,{'n_neighbors': 4},0.885,0.8847452120045165,"{'C': 1.0, 'class_weight': None, 'dual': False, 'fit_intercept': True, 'intercept_scaling': 1, 'l1_ratio': None, 'max_iter': 100, 'multi_class': 'deprecated', 'n_jobs': None, 'penalty': 'l2', 'random_state': 42, 'solver': 'lbfgs', 'tol': 0.0001, 'verbose': 0, 'warm_start': False}",0.6615302562713623
Coffee,6,20,10,5,RNN,ADASYN,4,{'n_neighbors': 4},0.6666666666666666,0.6666666666666666,"{'hidden_size': 64, 'epochs': 10, 'batch_size': 32, 'lr': 0.005}",6.022904872894287
Coffee,6,20,10,5,KNN,ADASYN,5,{'n_neighbors': 5},0.9733333333333334,0.9736036809545825,"{'algorithm': 'auto', 'leaf_size': 30, 'metric': 'minkowski', 'metric_params': None, 'n_jobs': None, 'n_neighbors': 5, 'p': 2, 'weights': 'uniform'}",0.0693516731262207
Coffee,6,20,10,5,RandomForest,ADASYN,5,{'n_neighbors': 5},0.9933333333333333,0.993381942391697,"{'bootstrap': True, 'ccp_alpha': 0.0, 'class_weight': None, 'criterion': 'gini', 'max_depth': None, 'max_features': 'sqrt', 'max_leaf_nodes': None, 'max_samples': None, 'min_impurity_decrease': 0.0, 'min_samples_leaf': 1, 'min_samples_split': 2, 'min_weight_fraction_leaf': 0.0, 'monotonic_cst': None, 'n_estimators': 100, 'n_jobs': None, 'oob_score': False, 'random_state': 42, 'verbose': 0, 'warm_start': False}",5.252827167510986
Coffee,6,20,10,5,LinearSVC,ADASYN,5,{'n_neighbors': 5},0.7683333333333333,0.7497671691456634,"{'C': 1.0, 'class_weight': None, 'dual': False, 'fit_intercept': True, 'intercept_scaling': 1, 'loss': 'squared_hinge', 'max_iter': 100, 'multi_class': 'ovr', 'penalty': 'l2', 'random_state': 42, 'tol': 0.0001, 'verbose': 0}",0.09270000457763672
Coffee,6,20,10,5,LogisticRegression,ADASYN,5,{'n_neighbors': 5},0.94,0.94069238913031,"{'C': 1.0, 'class_weight': None, 'dual': False, 'fit_intercept': True, 'intercept_scaling': 1, 'l1_ratio': None, 'max_iter': 100, 'multi_class': 'deprecated', 'n_jobs': None, 'penalty': 'l2', 'random_state': 42, 'solver': 'lbfgs', 'tol': 0.0001, 'verbose': 0, 'warm_start': False}",0.6531307697296143
Coffee,6,20,10,5,RNN,ADASYN,5,{'n_neighbors': 5},0.5,0.5,"{'hidden_size': 64, 'epochs': 10, 'batch_size': 32, 'lr': 0.005}",5.890301942825317
Coffee,6,20,10,10,KNN,ADASYN,2,{'n_neighbors': 2},0.9783333333333334,0.9785427097200063,"{'algorithm': 'auto', 'leaf_size': 30, 'metric': 'minkowski', 'metric_params': None, 'n_jobs': None, 'n_neighbors': 5, 'p': 2, 'weights': 'uniform'}",0.10814785957336426
Coffee,6,20,10,10,RandomForest,ADASYN,2,{'n_neighbors': 2},0.9916666666666667,0.9917420872321929,"{'bootstrap': True, 'ccp_alpha': 0.0, 'class_weight': None, 'criterion': 'gini', 'max_depth': None, 'max_features': 'sqrt', 'max_leaf_nodes': None, 'max_samples': None, 'min_impurity_decrease': 0.0, 'min_samples_leaf': 1, 'min_samples_split': 2, 'min_weight_fraction_leaf': 0.0, 'monotonic_cst': None, 'n_estimators': 100, 'n_jobs': None, 'oob_score': False, 'random_state': 42, 'verbose': 0, 'warm_start': False}",9.877315998077393
Coffee,6,20,10,10,LinearSVC,ADASYN,2,{'n_neighbors': 2},0.635,0.6278749940721772,"{'C': 1.0, 'class_weight': None, 'dual': False, 'fit_intercept': True, 'intercept_scaling': 1, 'loss': 'squared_hinge', 'max_iter': 100, 'multi_class': 'ovr', 'penalty': 'l2', 'random_state': 42, 'tol': 0.0001, 'verbose': 0}",0.1746537685394287
Coffee,6,20,10,10,LogisticRegression,ADASYN,2,{'n_neighbors': 2},0.8533333333333334,0.8432685462143464,"{'C': 1.0, 'class_weight': None, 'dual': False, 'fit_intercept': True, 'intercept_scaling': 1, 'l1_ratio': None, 'max_iter': 100, 'multi_class': 'deprecated', 'n_jobs': None, 'penalty': 'l2', 'random_state': 42, 'solver': 'lbfgs', 'tol': 0.0001, 'verbose': 0, 'warm_start': False}",0.9905178546905518
Coffee,6,20,10,10,RNN,ADASYN,2,{'n_neighbors': 2},0.6666666666666666,0.6666666666666666,"{'hidden_size': 64, 'epochs': 10, 'batch_size': 32, 'lr': 0.005}",11.196262836456299
Coffee,6,20,10,10,KNN,ADASYN,3,{'n_neighbors': 3},0.9816666666666667,0.9818322238343217,"{'algorithm': 'auto', 'leaf_size': 30, 'metric': 'minkowski', 'metric_params': None, 'n_jobs': None, 'n_neighbors': 5, 'p': 2, 'weights': 'uniform'}",0.10736465454101562
Coffee,6,20,10,10,RandomForest,ADASYN,3,{'n_neighbors': 3},0.9966666666666667,0.9966789912073913,"{'bootstrap': True, 'ccp_alpha': 0.0, 'class_weight': None, 'criterion': 'gini', 'max_depth': None, 'max_features': 'sqrt', 'max_leaf_nodes': None, 'max_samples': None, 'min_impurity_decrease': 0.0, 'min_samples_leaf': 1, 'min_samples_split': 2, 'min_weight_fraction_leaf': 0.0, 'monotonic_cst': None, 'n_estimators': 100, 'n_jobs': None, 'oob_score': False, 'random_state': 42, 'verbose': 0, 'warm_start': False}",10.942811012268066
Coffee,6,20,10,10,LinearSVC,ADASYN,3,{'n_neighbors': 3},0.7183333333333334,0.676647451291564,"{'C': 1.0, 'class_weight': None, 'dual': False, 'fit_intercept': True, 'intercept_scaling': 1, 'loss': 'squared_hinge', 'max_iter': 100, 'multi_class': 'ovr', 'penalty': 'l2', 'random_state': 42, 'tol': 0.0001, 'verbose': 0}",0.17470526695251465
Coffee,6,20,10,10,LogisticRegression,ADASYN,3,{'n_neighbors': 3},0.85,0.8411091556270558,"{'C': 1.0, 'class_weight': None, 'dual': False, 'fit_intercept': True, 'intercept_scaling': 1, 'l1_ratio': None, 'max_iter': 100, 'multi_class': 'deprecated', 'n_jobs': None, 'penalty': 'l2', 'random_state': 42, 'solver': 'lbfgs', 'tol': 0.0001, 'verbose': 0, 'warm_start': False}",1.5794486999511719
Coffee,6,20,10,10,RNN,ADASYN,3,{'n_neighbors': 3},0.3333333333333333,0.17777777777777778,"{'hidden_size': 64, 'epochs': 10, 'batch_size': 32, 'lr': 0.005}",19.020381689071655
Coffee,6,20,10,10,KNN,ADASYN,4,{'n_neighbors': 4},0.9883333333333333,0.988384146399642,"{'algorithm': 'auto', 'leaf_size': 30, 'metric': 'minkowski', 'metric_params': None, 'n_jobs': None, 'n_neighbors': 5, 'p': 2, 'weights': 'uniform'}",0.11019134521484375
Coffee,6,20,10,10,RandomForest,ADASYN,4,{'n_neighbors': 4},0.9983333333333333,0.9983364362999354,"{'bootstrap': True, 'ccp_alpha': 0.0, 'class_weight': None, 'criterion': 'gini', 'max_depth': None, 'max_features': 'sqrt', 'max_leaf_nodes': None, 'max_samples': None, 'min_impurity_decrease': 0.0, 'min_samples_leaf': 1, 'min_samples_split': 2, 'min_weight_fraction_leaf': 0.0, 'monotonic_cst': None, 'n_estimators': 100, 'n_jobs': None, 'oob_score': False, 'random_state': 42, 'verbose': 0, 'warm_start': False}",13.152262687683105
Coffee,6,20,10,10,LinearSVC,ADASYN,4,{'n_neighbors': 4},0.6166666666666667,0.6122115242405418,"{'C': 1.0, 'class_weight': None, 'dual': False, 'fit_intercept': True, 'intercept_scaling': 1, 'loss': 'squared_hinge', 'max_iter': 100, 'multi_class': 'ovr', 'penalty': 'l2', 'random_state': 42, 'tol': 0.0001, 'verbose': 0}",0.17238736152648926
Coffee,6,20,10,10,LogisticRegression,ADASYN,4,{'n_neighbors': 4},0.8183333333333334,0.8106437382569031,"{'C': 1.0, 'class_weight': None, 'dual': False, 'fit_intercept': True, 'intercept_scaling': 1, 'l1_ratio': None, 'max_iter': 100, 'multi_class': 'deprecated', 'n_jobs': None, 'penalty': 'l2', 'random_state': 42, 'solver': 'lbfgs', 'tol': 0.0001, 'verbose': 0, 'warm_start': False}",1.9321708679199219
Coffee,6,20,10,10,RNN,ADASYN,4,{'n_neighbors': 4},0.5,0.49206349206349204,"{'hidden_size': 64, 'epochs': 10, 'batch_size': 32, 'lr': 0.005}",4.152624607086182
Coffee,6,20,10,10,KNN,ADASYN,5,{'n_neighbors': 5},0.9733333333333334,0.9740488788107836,"{'algorithm': 'auto', 'leaf_size': 30, 'metric': 'minkowski', 'metric_params': None, 'n_jobs': None, 'n_neighbors': 5, 'p': 2, 'weights': 'uniform'}",0.08987689018249512
Coffee,6,20,10,10,RandomForest,ADASYN,5,{'n_neighbors': 5},0.9966666666666667,0.9966789912073913,"{'bootstrap': True, 'ccp_alpha': 0.0, 'class_weight': None, 'criterion': 'gini', 'max_depth': None, 'max_features': 'sqrt', 'max_leaf_nodes': None, 'max_samples': None, 'min_impurity_decrease': 0.0, 'min_samples_leaf': 1, 'min_samples_split': 2, 'min_weight_fraction_leaf': 0.0, 'monotonic_cst': None, 'n_estimators': 100, 'n_jobs': None, 'oob_score': False, 'random_state': 42, 'verbose': 0, 'warm_start': False}",10.252237796783447
Coffee,6,20,10,10,LinearSVC,ADASYN,5,{'n_neighbors': 5},0.6316666666666667,0.6300886688510944,"{'C': 1.0, 'class_weight': None, 'dual': False, 'fit_intercept': True, 'intercept_scaling': 1, 'loss': 'squared_hinge', 'max_iter': 100, 'multi_class': 'ovr', 'penalty': 'l2', 'random_state': 42, 'tol': 0.0001, 'verbose': 0}",0.17095017433166504
Coffee,6,20,10,10,LogisticRegression,ADASYN,5,{'n_neighbors': 5},0.8,0.7997284690875103,"{'C': 1.0, 'class_weight': None, 'dual': False, 'fit_intercept': True, 'intercept_scaling': 1, 'l1_ratio': None, 'max_iter': 100, 'multi_class': 'deprecated', 'n_jobs': None, 'penalty': 'l2', 'random_state': 42, 'solver': 'lbfgs', 'tol': 0.0001, 'verbose': 0, 'warm_start': False}",2.0945699214935303
Coffee,6,20,10,10,RNN,ADASYN,5,{'n_neighbors': 5},0.6666666666666666,0.6666666666666666,"{'hidden_size': 64, 'epochs': 10, 'batch_size': 32, 'lr': 0.005}",11.875349521636963
