Dataset,Fold,SeedsPerLabel,SeedFoldSelection,ScaleFactor,Model,Method,Accuracy,F1_Score,Hyperparameters,ExecutionTime_Sec
Brewed_vinegar,3,1,1,1,KNN,Baseline,0.9026666666666666,0.9013616854035759,"{'algorithm': 'auto', 'leaf_size': 30, 'metric': 'minkowski', 'metric_params': None, 'n_jobs': None, 'n_neighbors': 5, 'p': 2, 'weights': 'uniform'}",0.07500958442687988
Brewed_vinegar,3,1,1,1,KNN,Tuned_Baseline,1.0,1.0,"{'algorithm': 'auto', 'leaf_size': 30, 'metric': 'chebyshev', 'metric_params': None, 'n_jobs': None, 'n_neighbors': np.int64(1), 'p': 2, 'weights': 'distance'}",0.004255056381225586
Brewed_vinegar,3,1,1,1,RandomForest,Baseline,0.9693333333333334,0.9691010423098142,"{'bootstrap': True, 'ccp_alpha': 0.0, 'class_weight': None, 'criterion': 'gini', 'max_depth': None, 'max_features': 'sqrt', 'max_leaf_nodes': None, 'max_samples': None, 'min_impurity_decrease': 0.0, 'min_samples_leaf': 1, 'min_samples_split': 2, 'min_weight_fraction_leaf': 0.0, 'monotonic_cst': None, 'n_estimators': 100, 'n_jobs': None, 'oob_score': False, 'random_state': 42, 'verbose': 0, 'warm_start': False}",0.19399333000183105
Brewed_vinegar,3,1,1,1,RandomForest,Tuned_Baseline,0.9686666666666667,0.9685972955005769,"{'bootstrap': True, 'ccp_alpha': 0.0, 'class_weight': None, 'criterion': 'gini', 'max_depth': 20, 'max_features': 'sqrt', 'max_leaf_nodes': None, 'max_samples': None, 'min_impurity_decrease': 0.0, 'min_samples_leaf': 2, 'min_samples_split': 10, 'min_weight_fraction_leaf': 0.0, 'monotonic_cst': None, 'n_estimators': 150, 'n_jobs': None, 'oob_score': False, 'random_state': 42, 'verbose': 0, 'warm_start': False}",0.012118101119995117
Brewed_vinegar,3,1,1,1,LinearSVC,Baseline,0.7733333333333333,0.7581722062186678,"{'C': 1.0, 'class_weight': None, 'dual': False, 'fit_intercept': True, 'intercept_scaling': 1, 'loss': 'squared_hinge', 'max_iter': 100, 'multi_class': 'ovr', 'penalty': 'l2', 'random_state': 42, 'tol': 0.0001, 'verbose': 0}",0.004274606704711914
Brewed_vinegar,3,1,1,1,LinearSVC,Tuned_Baseline,0.7746666666666666,0.759130838195831,"{'C': np.float64(428.1332398719387), 'class_weight': 'balanced', 'dual': False, 'fit_intercept': True, 'intercept_scaling': 1, 'loss': 'squared_hinge', 'max_iter': 100, 'multi_class': 'ovr', 'penalty': 'l1', 'random_state': 42, 'tol': 0.001, 'verbose': 0}",0.0002391338348388672
Brewed_vinegar,3,1,1,1,LogisticRegression,Baseline,0.8226666666666667,0.8070653470750926,"{'C': 1.0, 'class_weight': None, 'dual': False, 'fit_intercept': True, 'intercept_scaling': 1, 'l1_ratio': None, 'max_iter': 100, 'multi_class': 'deprecated', 'n_jobs': None, 'penalty': 'l2', 'random_state': 42, 'solver': 'lbfgs', 'tol': 0.0001, 'verbose': 0, 'warm_start': False}",0.22274279594421387
Brewed_vinegar,3,1,1,1,LogisticRegression,Tuned_Baseline,0.8353333333333334,0.8190744498490664,"{'C': np.float64(33.59818286283781), 'class_weight': 'balanced', 'dual': False, 'fit_intercept': True, 'intercept_scaling': 1, 'l1_ratio': None, 'max_iter': 100, 'multi_class': 'deprecated', 'n_jobs': None, 'penalty': 'l1', 'random_state': 42, 'solver': 'saga', 'tol': 0.0001, 'verbose': 0, 'warm_start': False}",0.00039386749267578125
Brewed_vinegar,3,1,1,1,RNN,Baseline,0.4666666666666667,0.33544973544973544,"{'hidden_size': 64, 'epochs': 10, 'batch_size': 32, 'lr': 0.001}",2.870596170425415
Brewed_vinegar,3,1,1,1,RNN,Tuned_Baseline,0.4666666666666667,0.33544973544973544,"{'hidden_size': 64, 'epochs': 10, 'batch_size': 32, 'lr': 0.001}",0.051026105880737305
Brewed_vinegar,3,1,1,2,KNN,Magnitude_Warping,1.0,1.0,"{'algorithm': 'auto', 'leaf_size': 30, 'metric': 'chebyshev', 'metric_params': None, 'n_jobs': None, 'n_neighbors': np.int64(1), 'p': 2, 'weights': 'distance'}",0.00647735595703125
Brewed_vinegar,3,1,1,2,RandomForest,Magnitude_Warping,0.9873333333333333,0.9873206187315615,"{'bootstrap': True, 'ccp_alpha': 0.0, 'class_weight': 'balanced', 'criterion': 'gini', 'max_depth': 30, 'max_features': 'sqrt', 'max_leaf_nodes': None, 'max_samples': None, 'min_impurity_decrease': 0.0, 'min_samples_leaf': 1, 'min_samples_split': 2, 'min_weight_fraction_leaf': 0.0, 'monotonic_cst': None, 'n_estimators': 100, 'n_jobs': None, 'oob_score': False, 'random_state': 42, 'verbose': 0, 'warm_start': False}",0.3296623229980469
Brewed_vinegar,3,1,1,2,LinearSVC,Magnitude_Warping,0.76,0.7475892800402232,"{'C': np.float64(6.1584821106602545), 'class_weight': 'balanced', 'dual': False, 'fit_intercept': True, 'intercept_scaling': 1, 'loss': 'squared_hinge', 'max_iter': 100, 'multi_class': 'ovr', 'penalty': 'l2', 'random_state': 42, 'tol': 0.001, 'verbose': 0}",0.008136272430419922
Brewed_vinegar,3,1,1,2,LogisticRegression,Magnitude_Warping,0.8393333333333334,0.8311675863786064,"{'C': np.float64(2.6366508987303554), 'class_weight': 'balanced', 'dual': False, 'fit_intercept': True, 'intercept_scaling': 1, 'l1_ratio': None, 'max_iter': 100, 'multi_class': 'deprecated', 'n_jobs': None, 'penalty': 'l1', 'random_state': 42, 'solver': 'saga', 'tol': 0.0001, 'verbose': 0, 'warm_start': False}",0.061199188232421875
Brewed_vinegar,3,1,1,2,RNN,Magnitude_Warping,0.5333333333333333,0.42666666666666664,"{'hidden_size': 64, 'epochs': 10, 'batch_size': 32, 'lr': 0.001}",0.63177490234375
Brewed_vinegar,3,1,1,3,KNN,Magnitude_Warping,0.9813333333333333,0.9814870487767685,"{'algorithm': 'auto', 'leaf_size': 30, 'metric': 'minkowski', 'metric_params': None, 'n_jobs': None, 'n_neighbors': np.int64(3), 'p': 3, 'weights': 'uniform'}",0.1174767017364502
Brewed_vinegar,3,1,1,3,RandomForest,Magnitude_Warping,0.9886666666666667,0.9886699203301395,"{'bootstrap': True, 'ccp_alpha': 0.0, 'class_weight': 'balanced', 'criterion': 'gini', 'max_depth': 20, 'max_features': 'sqrt', 'max_leaf_nodes': None, 'max_samples': None, 'min_impurity_decrease': 0.0, 'min_samples_leaf': 2, 'min_samples_split': 2, 'min_weight_fraction_leaf': 0.0, 'monotonic_cst': None, 'n_estimators': 50, 'n_jobs': None, 'oob_score': False, 'random_state': 42, 'verbose': 0, 'warm_start': False}",0.43843531608581543
Brewed_vinegar,3,1,1,3,LinearSVC,Magnitude_Warping,0.796,0.7771901418280474,"{'C': np.float64(14.38449888287663), 'class_weight': None, 'dual': False, 'fit_intercept': True, 'intercept_scaling': 1, 'loss': 'squared_hinge', 'max_iter': 100, 'multi_class': 'ovr', 'penalty': 'l1', 'random_state': 42, 'tol': 0.0001, 'verbose': 0}",0.08010029792785645
Brewed_vinegar,3,1,1,3,LogisticRegression,Magnitude_Warping,0.784,0.760831061584976,"{'C': np.float64(1000.0), 'class_weight': 'balanced', 'dual': False, 'fit_intercept': False, 'intercept_scaling': 1, 'l1_ratio': None, 'max_iter': 100, 'multi_class': 'deprecated', 'n_jobs': None, 'penalty': 'l2', 'random_state': 42, 'solver': 'lbfgs', 'tol': 0.0001, 'verbose': 0, 'warm_start': False}",0.46219587326049805
Brewed_vinegar,3,1,1,3,RNN,Magnitude_Warping,0.4666666666666667,0.36592592592592593,"{'hidden_size': 64, 'epochs': 10, 'batch_size': 32, 'lr': 0.001}",0.7796616554260254
Brewed_vinegar,3,1,1,5,KNN,Magnitude_Warping,0.9273333333333333,0.9271581894731646,"{'algorithm': 'auto', 'leaf_size': 30, 'metric': 'euclidean', 'metric_params': None, 'n_jobs': None, 'n_neighbors': np.int64(5), 'p': 2, 'weights': 'distance'}",0.03572583198547363
Brewed_vinegar,3,1,1,5,RandomForest,Magnitude_Warping,0.986,0.9859129404778282,"{'bootstrap': True, 'ccp_alpha': 0.0, 'class_weight': 'balanced', 'criterion': 'gini', 'max_depth': None, 'max_features': 'sqrt', 'max_leaf_nodes': None, 'max_samples': None, 'min_impurity_decrease': 0.0, 'min_samples_leaf': 4, 'min_samples_split': 10, 'min_weight_fraction_leaf': 0.0, 'monotonic_cst': None, 'n_estimators': 100, 'n_jobs': None, 'oob_score': False, 'random_state': 42, 'verbose': 0, 'warm_start': False}",0.6399009227752686
Brewed_vinegar,3,1,1,5,LinearSVC,Magnitude_Warping,0.768,0.7490562540727248,"{'C': np.float64(1000.0), 'class_weight': None, 'dual': False, 'fit_intercept': True, 'intercept_scaling': 1, 'loss': 'squared_hinge', 'max_iter': 100, 'multi_class': 'ovr', 'penalty': 'l1', 'random_state': 42, 'tol': 0.0001, 'verbose': 0}",0.0651087760925293
Brewed_vinegar,3,1,1,5,LogisticRegression,Magnitude_Warping,0.966,0.9662684534034702,"{'C': np.float64(14.38449888287663), 'class_weight': None, 'dual': False, 'fit_intercept': True, 'intercept_scaling': 1, 'l1_ratio': None, 'max_iter': 100, 'multi_class': 'deprecated', 'n_jobs': None, 'penalty': 'l1', 'random_state': 42, 'solver': 'saga', 'tol': 0.0001, 'verbose': 0, 'warm_start': False}",0.1741945743560791
Brewed_vinegar,3,1,1,5,RNN,Magnitude_Warping,0.4666666666666667,0.33544973544973544,"{'hidden_size': 64, 'epochs': 10, 'batch_size': 32, 'lr': 0.001}",2.4113411903381348
Brewed_vinegar,3,1,1,10,KNN,Magnitude_Warping,0.912,0.9106431133629163,"{'algorithm': 'auto', 'leaf_size': 30, 'metric': 'euclidean', 'metric_params': None, 'n_jobs': None, 'n_neighbors': np.int64(7), 'p': 2, 'weights': 'uniform'}",0.33470916748046875
Brewed_vinegar,3,1,1,10,RandomForest,Magnitude_Warping,0.9306666666666666,0.9305512886158047,"{'bootstrap': True, 'ccp_alpha': 0.0, 'class_weight': None, 'criterion': 'gini', 'max_depth': 30, 'max_features': 'sqrt', 'max_leaf_nodes': None, 'max_samples': None, 'min_impurity_decrease': 0.0, 'min_samples_leaf': 1, 'min_samples_split': 2, 'min_weight_fraction_leaf': 0.0, 'monotonic_cst': None, 'n_estimators': 100, 'n_jobs': None, 'oob_score': False, 'random_state': 42, 'verbose': 0, 'warm_start': False}",1.353158950805664
Brewed_vinegar,3,1,1,10,LinearSVC,Magnitude_Warping,0.7693333333333333,0.7585226757459459,"{'C': np.float64(428.1332398719387), 'class_weight': None, 'dual': False, 'fit_intercept': True, 'intercept_scaling': 1, 'loss': 'squared_hinge', 'max_iter': 100, 'multi_class': 'ovr', 'penalty': 'l2', 'random_state': 42, 'tol': 0.001, 'verbose': 0}",0.029364585876464844
Brewed_vinegar,3,1,1,10,LogisticRegression,Magnitude_Warping,0.874,0.8714384205589051,"{'C': np.float64(428.1332398719387), 'class_weight': None, 'dual': False, 'fit_intercept': True, 'intercept_scaling': 1, 'l1_ratio': None, 'max_iter': 100, 'multi_class': 'deprecated', 'n_jobs': None, 'penalty': 'l2', 'random_state': 42, 'solver': 'sag', 'tol': 0.0001, 'verbose': 0, 'warm_start': False}",0.21445846557617188
Brewed_vinegar,3,1,1,10,RNN,Magnitude_Warping,0.4666666666666667,0.3333333333333333,"{'hidden_size': 64, 'epochs': 10, 'batch_size': 32, 'lr': 0.001}",5.020122766494751
Brewed_vinegar,3,1,2,1,KNN,Baseline,0.9006666666666666,0.8990411481548225,"{'algorithm': 'auto', 'leaf_size': 30, 'metric': 'minkowski', 'metric_params': None, 'n_jobs': None, 'n_neighbors': 5, 'p': 2, 'weights': 'uniform'}",0.07191252708435059
Brewed_vinegar,3,1,2,1,KNN,Tuned_Baseline,1.0,1.0,"{'algorithm': 'auto', 'leaf_size': 30, 'metric': 'chebyshev', 'metric_params': None, 'n_jobs': None, 'n_neighbors': np.int64(1), 'p': 2, 'weights': 'distance'}",0.003989458084106445
Brewed_vinegar,3,1,2,1,RandomForest,Baseline,0.972,0.9715338961561909,"{'bootstrap': True, 'ccp_alpha': 0.0, 'class_weight': None, 'criterion': 'gini', 'max_depth': None, 'max_features': 'sqrt', 'max_leaf_nodes': None, 'max_samples': None, 'min_impurity_decrease': 0.0, 'min_samples_leaf': 1, 'min_samples_split': 2, 'min_weight_fraction_leaf': 0.0, 'monotonic_cst': None, 'n_estimators': 100, 'n_jobs': None, 'oob_score': False, 'random_state': 42, 'verbose': 0, 'warm_start': False}",0.2081294059753418
Brewed_vinegar,3,1,2,1,RandomForest,Tuned_Baseline,0.9506666666666667,0.9489592082995982,"{'bootstrap': True, 'ccp_alpha': 0.0, 'class_weight': None, 'criterion': 'gini', 'max_depth': 20, 'max_features': 'sqrt', 'max_leaf_nodes': None, 'max_samples': None, 'min_impurity_decrease': 0.0, 'min_samples_leaf': 2, 'min_samples_split': 10, 'min_weight_fraction_leaf': 0.0, 'monotonic_cst': None, 'n_estimators': 150, 'n_jobs': None, 'oob_score': False, 'random_state': 42, 'verbose': 0, 'warm_start': False}",0.013940811157226562
Brewed_vinegar,3,1,2,1,LinearSVC,Baseline,0.8113333333333334,0.7939353559332417,"{'C': 1.0, 'class_weight': None, 'dual': False, 'fit_intercept': True, 'intercept_scaling': 1, 'loss': 'squared_hinge', 'max_iter': 100, 'multi_class': 'ovr', 'penalty': 'l2', 'random_state': 42, 'tol': 0.0001, 'verbose': 0}",0.004820585250854492
Brewed_vinegar,3,1,2,1,LinearSVC,Tuned_Baseline,0.7966666666666666,0.7783176527457808,"{'C': np.float64(14.38449888287663), 'class_weight': None, 'dual': False, 'fit_intercept': True, 'intercept_scaling': 1, 'loss': 'squared_hinge', 'max_iter': 100, 'multi_class': 'ovr', 'penalty': 'l1', 'random_state': 42, 'tol': 0.0001, 'verbose': 0}",0.0003151893615722656
Brewed_vinegar,3,1,2,1,LogisticRegression,Baseline,0.8506666666666667,0.830720723285762,"{'C': 1.0, 'class_weight': None, 'dual': False, 'fit_intercept': True, 'intercept_scaling': 1, 'l1_ratio': None, 'max_iter': 100, 'multi_class': 'deprecated', 'n_jobs': None, 'penalty': 'l2', 'random_state': 42, 'solver': 'lbfgs', 'tol': 0.0001, 'verbose': 0, 'warm_start': False}",0.024975061416625977
Brewed_vinegar,3,1,2,1,LogisticRegression,Tuned_Baseline,0.8586666666666667,0.8392437420575418,"{'C': np.float64(183.29807108324337), 'class_weight': None, 'dual': False, 'fit_intercept': True, 'intercept_scaling': 1, 'l1_ratio': None, 'max_iter': 100, 'multi_class': 'deprecated', 'n_jobs': None, 'penalty': 'l2', 'random_state': 42, 'solver': 'sag', 'tol': 0.0001, 'verbose': 0, 'warm_start': False}",0.0004363059997558594
Brewed_vinegar,3,1,2,1,RNN,Baseline,0.8,0.7844444444444445,"{'hidden_size': 64, 'epochs': 10, 'batch_size': 32, 'lr': 0.001}",1.3530375957489014
Brewed_vinegar,3,1,2,1,RNN,Tuned_Baseline,0.8,0.7844444444444445,"{'hidden_size': 64, 'epochs': 10, 'batch_size': 32, 'lr': 0.001}",0.02829766273498535
Brewed_vinegar,3,1,2,2,KNN,Magnitude_Warping,0.938,0.9381614796500113,"{'algorithm': 'auto', 'leaf_size': 30, 'metric': 'chebyshev', 'metric_params': None, 'n_jobs': None, 'n_neighbors': np.int64(1), 'p': 2, 'weights': 'distance'}",0.00701141357421875
Brewed_vinegar,3,1,2,2,RandomForest,Magnitude_Warping,0.9486666666666667,0.9473633222067004,"{'bootstrap': True, 'ccp_alpha': 0.0, 'class_weight': None, 'criterion': 'gini', 'max_depth': 30, 'max_features': 'sqrt', 'max_leaf_nodes': None, 'max_samples': None, 'min_impurity_decrease': 0.0, 'min_samples_leaf': 1, 'min_samples_split': 2, 'min_weight_fraction_leaf': 0.0, 'monotonic_cst': None, 'n_estimators': 100, 'n_jobs': None, 'oob_score': False, 'random_state': 42, 'verbose': 0, 'warm_start': False}",0.32048988342285156
Brewed_vinegar,3,1,2,2,LinearSVC,Magnitude_Warping,0.768,0.7508747074178144,"{'C': np.float64(428.1332398719387), 'class_weight': None, 'dual': False, 'fit_intercept': True, 'intercept_scaling': 1, 'loss': 'squared_hinge', 'max_iter': 100, 'multi_class': 'ovr', 'penalty': 'l2', 'random_state': 42, 'tol': 0.001, 'verbose': 0}",0.0073108673095703125
Brewed_vinegar,3,1,2,2,LogisticRegression,Magnitude_Warping,0.852,0.840380840996793,"{'C': np.float64(33.59818286283781), 'class_weight': None, 'dual': False, 'fit_intercept': True, 'intercept_scaling': 1, 'l1_ratio': None, 'max_iter': 100, 'multi_class': 'deprecated', 'n_jobs': None, 'penalty': 'l1', 'random_state': 42, 'solver': 'saga', 'tol': 0.0001, 'verbose': 0, 'warm_start': False}",0.06290006637573242
Brewed_vinegar,3,1,2,2,RNN,Magnitude_Warping,0.6,0.5161904761904761,"{'hidden_size': 64, 'epochs': 10, 'batch_size': 32, 'lr': 0.001}",0.586798906326294
Brewed_vinegar,3,1,2,3,KNN,Magnitude_Warping,0.936,0.9364121214033454,"{'algorithm': 'auto', 'leaf_size': 30, 'metric': 'chebyshev', 'metric_params': None, 'n_jobs': None, 'n_neighbors': np.int64(1), 'p': 2, 'weights': 'distance'}",0.008036613464355469
Brewed_vinegar,3,1,2,3,RandomForest,Magnitude_Warping,0.9553333333333334,0.9543021860030705,"{'bootstrap': True, 'ccp_alpha': 0.0, 'class_weight': 'balanced', 'criterion': 'gini', 'max_depth': None, 'max_features': 'sqrt', 'max_leaf_nodes': None, 'max_samples': None, 'min_impurity_decrease': 0.0, 'min_samples_leaf': 4, 'min_samples_split': 10, 'min_weight_fraction_leaf': 0.0, 'monotonic_cst': None, 'n_estimators': 100, 'n_jobs': None, 'oob_score': False, 'random_state': 42, 'verbose': 0, 'warm_start': False}",0.8278927803039551
Brewed_vinegar,3,1,2,3,LinearSVC,Magnitude_Warping,0.8193333333333334,0.8036680691878048,"{'C': np.float64(33.59818286283781), 'class_weight': 'balanced', 'dual': False, 'fit_intercept': True, 'intercept_scaling': 1, 'loss': 'squared_hinge', 'max_iter': 100, 'multi_class': 'ovr', 'penalty': 'l2', 'random_state': 42, 'tol': 0.0001, 'verbose': 0}",0.025510787963867188
Brewed_vinegar,3,1,2,3,LogisticRegression,Magnitude_Warping,0.8526666666666667,0.8400543603248622,"{'C': np.float64(2.6366508987303554), 'class_weight': 'balanced', 'dual': False, 'fit_intercept': True, 'intercept_scaling': 1, 'l1_ratio': None, 'max_iter': 100, 'multi_class': 'deprecated', 'n_jobs': None, 'penalty': 'l2', 'random_state': 42, 'solver': 'sag', 'tol': 0.0001, 'verbose': 0, 'warm_start': False}",0.05804324150085449
Brewed_vinegar,3,1,2,3,RNN,Magnitude_Warping,0.26666666666666666,0.18888888888888886,"{'hidden_size': 64, 'epochs': 10, 'batch_size': 32, 'lr': 0.001}",0.8091888427734375
Brewed_vinegar,3,1,2,5,KNN,Magnitude_Warping,0.9126666666666666,0.9120374038655594,"{'algorithm': 'auto', 'leaf_size': 30, 'metric': 'chebyshev', 'metric_params': None, 'n_jobs': None, 'n_neighbors': np.int64(1), 'p': 2, 'weights': 'distance'}",0.019122838973999023
Brewed_vinegar,3,1,2,5,RandomForest,Magnitude_Warping,0.9753333333333334,0.9751777214286708,"{'bootstrap': True, 'ccp_alpha': 0.0, 'class_weight': 'balanced', 'criterion': 'gini', 'max_depth': 30, 'max_features': 'sqrt', 'max_leaf_nodes': None, 'max_samples': None, 'min_impurity_decrease': 0.0, 'min_samples_leaf': 2, 'min_samples_split': 20, 'min_weight_fraction_leaf': 0.0, 'monotonic_cst': None, 'n_estimators': 100, 'n_jobs': None, 'oob_score': False, 'random_state': 42, 'verbose': 0, 'warm_start': False}",0.5584492683410645
Brewed_vinegar,3,1,2,5,LinearSVC,Magnitude_Warping,0.756,0.7363769194086973,"{'C': np.float64(0.4832930238571752), 'class_weight': None, 'dual': False, 'fit_intercept': True, 'intercept_scaling': 1, 'loss': 'squared_hinge', 'max_iter': 100, 'multi_class': 'ovr', 'penalty': 'l1', 'random_state': 42, 'tol': 0.0001, 'verbose': 0}",0.06040525436401367
Brewed_vinegar,3,1,2,5,LogisticRegression,Magnitude_Warping,0.9366666666666666,0.9369860395485434,"{'C': np.float64(6.1584821106602545), 'class_weight': 'balanced', 'dual': False, 'fit_intercept': True, 'intercept_scaling': 1, 'l1_ratio': None, 'max_iter': 100, 'multi_class': 'deprecated', 'n_jobs': None, 'penalty': 'l1', 'random_state': 42, 'solver': 'saga', 'tol': 0.0001, 'verbose': 0, 'warm_start': False}",0.16808128356933594
Brewed_vinegar,3,1,2,5,RNN,Magnitude_Warping,0.6666666666666666,0.5847619047619048,"{'hidden_size': 64, 'epochs': 10, 'batch_size': 32, 'lr': 0.001}",0.7571136951446533
Brewed_vinegar,3,1,2,10,KNN,Magnitude_Warping,0.898,0.894761489402948,"{'algorithm': 'auto', 'leaf_size': 30, 'metric': 'chebyshev', 'metric_params': None, 'n_jobs': None, 'n_neighbors': np.int64(11), 'p': 2, 'weights': 'distance'}",0.018435955047607422
Brewed_vinegar,3,1,2,10,RandomForest,Magnitude_Warping,0.9033333333333333,0.9007897301475284,"{'bootstrap': True, 'ccp_alpha': 0.0, 'class_weight': 'balanced', 'criterion': 'gini', 'max_depth': 10, 'max_features': 'sqrt', 'max_leaf_nodes': None, 'max_samples': None, 'min_impurity_decrease': 0.0, 'min_samples_leaf': 4, 'min_samples_split': 5, 'min_weight_fraction_leaf': 0.0, 'monotonic_cst': None, 'n_estimators': 150, 'n_jobs': None, 'oob_score': False, 'random_state': 42, 'verbose': 0, 'warm_start': False}",1.9922230243682861
Brewed_vinegar,3,1,2,10,LinearSVC,Magnitude_Warping,0.7826666666666666,0.7650550866972178,"{'C': np.float64(33.59818286283781), 'class_weight': 'balanced', 'dual': False, 'fit_intercept': True, 'intercept_scaling': 1, 'loss': 'squared_hinge', 'max_iter': 100, 'multi_class': 'ovr', 'penalty': 'l2', 'random_state': 42, 'tol': 0.0001, 'verbose': 0}",0.03140139579772949
Brewed_vinegar,3,1,2,10,LogisticRegression,Magnitude_Warping,0.9326666666666666,0.932639463891189,"{'C': np.float64(2.6366508987303554), 'class_weight': 'balanced', 'dual': False, 'fit_intercept': True, 'intercept_scaling': 1, 'l1_ratio': None, 'max_iter': 100, 'multi_class': 'deprecated', 'n_jobs': None, 'penalty': 'l2', 'random_state': 42, 'solver': 'sag', 'tol': 0.0001, 'verbose': 0, 'warm_start': False}",0.17818522453308105
Brewed_vinegar,3,1,2,10,RNN,Magnitude_Warping,0.4666666666666667,0.32592592592592595,"{'hidden_size': 64, 'epochs': 10, 'batch_size': 32, 'lr': 0.001}",2.322242021560669
Brewed_vinegar,3,1,3,1,KNN,Baseline,0.9866666666666667,0.9867416452890948,"{'algorithm': 'auto', 'leaf_size': 30, 'metric': 'minkowski', 'metric_params': None, 'n_jobs': None, 'n_neighbors': 5, 'p': 2, 'weights': 'uniform'}",0.15992283821105957
Brewed_vinegar,3,1,3,1,KNN,Tuned_Baseline,1.0,1.0,"{'algorithm': 'auto', 'leaf_size': 30, 'metric': 'chebyshev', 'metric_params': None, 'n_jobs': None, 'n_neighbors': np.int64(1), 'p': 2, 'weights': 'distance'}",0.006471872329711914
Brewed_vinegar,3,1,3,1,RandomForest,Baseline,0.9806666666666667,0.9806348769663656,"{'bootstrap': True, 'ccp_alpha': 0.0, 'class_weight': None, 'criterion': 'gini', 'max_depth': None, 'max_features': 'sqrt', 'max_leaf_nodes': None, 'max_samples': None, 'min_impurity_decrease': 0.0, 'min_samples_leaf': 1, 'min_samples_split': 2, 'min_weight_fraction_leaf': 0.0, 'monotonic_cst': None, 'n_estimators': 100, 'n_jobs': None, 'oob_score': False, 'random_state': 42, 'verbose': 0, 'warm_start': False}",0.4393754005432129
Brewed_vinegar,3,1,3,1,RandomForest,Tuned_Baseline,0.98,0.9799900382513761,"{'bootstrap': True, 'ccp_alpha': 0.0, 'class_weight': None, 'criterion': 'gini', 'max_depth': 30, 'max_features': 'sqrt', 'max_leaf_nodes': None, 'max_samples': None, 'min_impurity_decrease': 0.0, 'min_samples_leaf': 1, 'min_samples_split': 10, 'min_weight_fraction_leaf': 0.0, 'monotonic_cst': None, 'n_estimators': 150, 'n_jobs': None, 'oob_score': False, 'random_state': 42, 'verbose': 0, 'warm_start': False}",0.01222085952758789
Brewed_vinegar,3,1,3,1,LinearSVC,Baseline,0.9006666666666666,0.8960947165547941,"{'C': 1.0, 'class_weight': None, 'dual': False, 'fit_intercept': True, 'intercept_scaling': 1, 'loss': 'squared_hinge', 'max_iter': 100, 'multi_class': 'ovr', 'penalty': 'l2', 'random_state': 42, 'tol': 0.0001, 'verbose': 0}",0.0047948360443115234
Brewed_vinegar,3,1,3,1,LinearSVC,Tuned_Baseline,0.8986666666666666,0.8932849691751187,"{'C': np.float64(2.6366508987303554), 'class_weight': 'balanced', 'dual': False, 'fit_intercept': True, 'intercept_scaling': 1, 'loss': 'squared_hinge', 'max_iter': 100, 'multi_class': 'ovr', 'penalty': 'l2', 'random_state': 42, 'tol': 0.001, 'verbose': 0}",0.0003058910369873047
Brewed_vinegar,3,1,3,1,LogisticRegression,Baseline,0.9893333333333333,0.9892979113448837,"{'C': 1.0, 'class_weight': None, 'dual': False, 'fit_intercept': True, 'intercept_scaling': 1, 'l1_ratio': None, 'max_iter': 100, 'multi_class': 'deprecated', 'n_jobs': None, 'penalty': 'l2', 'random_state': 42, 'solver': 'lbfgs', 'tol': 0.0001, 'verbose': 0, 'warm_start': False}",0.2657759189605713
Brewed_vinegar,3,1,3,1,LogisticRegression,Tuned_Baseline,0.9993333333333333,0.9993330525426155,"{'C': np.float64(428.1332398719387), 'class_weight': 'balanced', 'dual': False, 'fit_intercept': True, 'intercept_scaling': 1, 'l1_ratio': None, 'max_iter': 100, 'multi_class': 'deprecated', 'n_jobs': None, 'penalty': 'l2', 'random_state': 42, 'solver': 'lbfgs', 'tol': 0.0001, 'verbose': 0, 'warm_start': False}",0.0004456043243408203
Brewed_vinegar,3,1,3,1,RNN,Baseline,0.6,0.47619047619047616,"{'hidden_size': 64, 'epochs': 10, 'batch_size': 32, 'lr': 0.001}",0.5843274593353271
Brewed_vinegar,3,1,3,1,RNN,Tuned_Baseline,0.6,0.47619047619047616,"{'hidden_size': 64, 'epochs': 10, 'batch_size': 32, 'lr': 0.001}",0.017506837844848633
Brewed_vinegar,3,1,3,2,KNN,Magnitude_Warping,1.0,1.0,"{'algorithm': 'auto', 'leaf_size': 30, 'metric': 'minkowski', 'metric_params': None, 'n_jobs': None, 'n_neighbors': np.int64(3), 'p': 4, 'weights': 'uniform'}",0.08298945426940918
Brewed_vinegar,3,1,3,2,RandomForest,Magnitude_Warping,0.9773333333333334,0.977170749295468,"{'bootstrap': True, 'ccp_alpha': 0.0, 'class_weight': None, 'criterion': 'gini', 'max_depth': 10, 'max_features': 'sqrt', 'max_leaf_nodes': None, 'max_samples': None, 'min_impurity_decrease': 0.0, 'min_samples_leaf': 1, 'min_samples_split': 2, 'min_weight_fraction_leaf': 0.0, 'monotonic_cst': None, 'n_estimators': 150, 'n_jobs': None, 'oob_score': False, 'random_state': 42, 'verbose': 0, 'warm_start': False}",0.374448299407959
Brewed_vinegar,3,1,3,2,LinearSVC,Magnitude_Warping,0.8586666666666667,0.8525835387344769,"{'C': np.float64(14.38449888287663), 'class_weight': None, 'dual': False, 'fit_intercept': True, 'intercept_scaling': 1, 'loss': 'squared_hinge', 'max_iter': 100, 'multi_class': 'ovr', 'penalty': 'l1', 'random_state': 42, 'tol': 0.0001, 'verbose': 0}",0.021085023880004883
Brewed_vinegar,3,1,3,2,LogisticRegression,Magnitude_Warping,0.988,0.9878417882890803,"{'C': np.float64(428.1332398719387), 'class_weight': None, 'dual': False, 'fit_intercept': True, 'intercept_scaling': 1, 'l1_ratio': None, 'max_iter': 100, 'multi_class': 'deprecated', 'n_jobs': None, 'penalty': 'l2', 'random_state': 42, 'solver': 'sag', 'tol': 0.0001, 'verbose': 0, 'warm_start': False}",0.03607940673828125
Brewed_vinegar,3,1,3,2,RNN,Magnitude_Warping,0.2,0.11640211640211641,"{'hidden_size': 64, 'epochs': 10, 'batch_size': 32, 'lr': 0.001}",0.6590044498443604
Brewed_vinegar,3,1,3,3,KNN,Magnitude_Warping,0.9726666666666667,0.972899887916372,"{'algorithm': 'auto', 'leaf_size': 30, 'metric': 'chebyshev', 'metric_params': None, 'n_jobs': None, 'n_neighbors': np.int64(11), 'p': 2, 'weights': 'distance'}",0.011547327041625977
Brewed_vinegar,3,1,3,3,RandomForest,Magnitude_Warping,0.9753333333333334,0.9750527280755338,"{'bootstrap': True, 'ccp_alpha': 0.0, 'class_weight': 'balanced', 'criterion': 'gini', 'max_depth': 20, 'max_features': 'sqrt', 'max_leaf_nodes': None, 'max_samples': None, 'min_impurity_decrease': 0.0, 'min_samples_leaf': 2, 'min_samples_split': 5, 'min_weight_fraction_leaf': 0.0, 'monotonic_cst': None, 'n_estimators': 100, 'n_jobs': None, 'oob_score': False, 'random_state': 42, 'verbose': 0, 'warm_start': False}",0.41996097564697266
Brewed_vinegar,3,1,3,3,LinearSVC,Magnitude_Warping,0.866,0.8603204922873462,"{'C': np.float64(428.1332398719387), 'class_weight': 'balanced', 'dual': False, 'fit_intercept': True, 'intercept_scaling': 1, 'loss': 'squared_hinge', 'max_iter': 100, 'multi_class': 'ovr', 'penalty': 'l1', 'random_state': 42, 'tol': 0.001, 'verbose': 0}",0.052359819412231445
Brewed_vinegar,3,1,3,3,LogisticRegression,Magnitude_Warping,0.9953333333333333,0.9953186809808664,"{'C': np.float64(33.59818286283781), 'class_weight': 'balanced', 'dual': False, 'fit_intercept': True, 'intercept_scaling': 1, 'l1_ratio': None, 'max_iter': 100, 'multi_class': 'deprecated', 'n_jobs': None, 'penalty': 'l2', 'random_state': 42, 'solver': 'saga', 'tol': 0.0001, 'verbose': 0, 'warm_start': False}",0.07584333419799805
Brewed_vinegar,3,1,3,3,RNN,Magnitude_Warping,0.4666666666666667,0.3555555555555555,"{'hidden_size': 64, 'epochs': 10, 'batch_size': 32, 'lr': 0.001}",0.7113668918609619
Brewed_vinegar,3,1,3,5,KNN,Magnitude_Warping,0.9933333333333333,0.9933438465916358,"{'algorithm': 'auto', 'leaf_size': 30, 'metric': 'euclidean', 'metric_params': None, 'n_jobs': None, 'n_neighbors': np.int64(9), 'p': 2, 'weights': 'distance'}",0.0172426700592041
Brewed_vinegar,3,1,3,5,RandomForest,Magnitude_Warping,0.986,0.9858488521790115,"{'bootstrap': True, 'ccp_alpha': 0.0, 'class_weight': 'balanced', 'criterion': 'gini', 'max_depth': 30, 'max_features': 'sqrt', 'max_leaf_nodes': None, 'max_samples': None, 'min_impurity_decrease': 0.0, 'min_samples_leaf': 2, 'min_samples_split': 20, 'min_weight_fraction_leaf': 0.0, 'monotonic_cst': None, 'n_estimators': 100, 'n_jobs': None, 'oob_score': False, 'random_state': 42, 'verbose': 0, 'warm_start': False}",0.6611173152923584
Brewed_vinegar,3,1,3,5,LinearSVC,Magnitude_Warping,0.9133333333333333,0.9139770162336684,"{'C': np.float64(14.38449888287663), 'class_weight': None, 'dual': False, 'fit_intercept': True, 'intercept_scaling': 1, 'loss': 'squared_hinge', 'max_iter': 100, 'multi_class': 'ovr', 'penalty': 'l1', 'random_state': 42, 'tol': 0.0001, 'verbose': 0}",0.05361676216125488
Brewed_vinegar,3,1,3,5,LogisticRegression,Magnitude_Warping,1.0,1.0,"{'C': np.float64(428.1332398719387), 'class_weight': 'balanced', 'dual': False, 'fit_intercept': True, 'intercept_scaling': 1, 'l1_ratio': None, 'max_iter': 100, 'multi_class': 'deprecated', 'n_jobs': None, 'penalty': 'l2', 'random_state': 42, 'solver': 'lbfgs', 'tol': 0.0001, 'verbose': 0, 'warm_start': False}",0.26313233375549316
Brewed_vinegar,3,1,3,5,RNN,Magnitude_Warping,0.4666666666666667,0.32592592592592595,"{'hidden_size': 64, 'epochs': 10, 'batch_size': 32, 'lr': 0.001}",0.8110690116882324
Brewed_vinegar,3,1,3,10,KNN,Magnitude_Warping,0.972,0.972235633333995,"{'algorithm': 'auto', 'leaf_size': 30, 'metric': 'chebyshev', 'metric_params': None, 'n_jobs': None, 'n_neighbors': np.int64(11), 'p': 2, 'weights': 'distance'}",0.035846710205078125
Brewed_vinegar,3,1,3,10,RandomForest,Magnitude_Warping,0.9993333333333333,0.9993330525426155,"{'bootstrap': True, 'ccp_alpha': 0.0, 'class_weight': 'balanced', 'criterion': 'gini', 'max_depth': 20, 'max_features': 'sqrt', 'max_leaf_nodes': None, 'max_samples': None, 'min_impurity_decrease': 0.0, 'min_samples_leaf': 4, 'min_samples_split': 5, 'min_weight_fraction_leaf': 0.0, 'monotonic_cst': None, 'n_estimators': 100, 'n_jobs': None, 'oob_score': False, 'random_state': 42, 'verbose': 0, 'warm_start': False}",1.3611326217651367
Brewed_vinegar,3,1,3,10,LinearSVC,Magnitude_Warping,0.8686666666666667,0.8661734411489928,"{'C': np.float64(428.1332398719387), 'class_weight': None, 'dual': False, 'fit_intercept': True, 'intercept_scaling': 1, 'loss': 'squared_hinge', 'max_iter': 100, 'multi_class': 'ovr', 'penalty': 'l2', 'random_state': 42, 'tol': 0.001, 'verbose': 0}",0.029224634170532227
Brewed_vinegar,3,1,3,10,LogisticRegression,Magnitude_Warping,0.9993333333333333,0.9993336081055014,"{'C': np.float64(428.1332398719387), 'class_weight': None, 'dual': False, 'fit_intercept': True, 'intercept_scaling': 1, 'l1_ratio': None, 'max_iter': 100, 'multi_class': 'deprecated', 'n_jobs': None, 'penalty': 'l2', 'random_state': 42, 'solver': 'sag', 'tol': 0.0001, 'verbose': 0, 'warm_start': False}",0.2177131175994873
Brewed_vinegar,3,1,3,10,RNN,Magnitude_Warping,0.4666666666666667,0.31592592592592594,"{'hidden_size': 64, 'epochs': 10, 'batch_size': 32, 'lr': 0.001}",1.5694000720977783
Brewed_vinegar,3,1,4,1,KNN,Baseline,0.9033333333333333,0.901838311559817,"{'algorithm': 'auto', 'leaf_size': 30, 'metric': 'minkowski', 'metric_params': None, 'n_jobs': None, 'n_neighbors': 5, 'p': 2, 'weights': 'uniform'}",0.06366634368896484
Brewed_vinegar,3,1,4,1,KNN,Tuned_Baseline,1.0,1.0,"{'algorithm': 'auto', 'leaf_size': 30, 'metric': 'chebyshev', 'metric_params': None, 'n_jobs': None, 'n_neighbors': np.int64(1), 'p': 2, 'weights': 'distance'}",0.0038683414459228516
Brewed_vinegar,3,1,4,1,RandomForest,Baseline,0.9733333333333334,0.9731837498280999,"{'bootstrap': True, 'ccp_alpha': 0.0, 'class_weight': None, 'criterion': 'gini', 'max_depth': None, 'max_features': 'sqrt', 'max_leaf_nodes': None, 'max_samples': None, 'min_impurity_decrease': 0.0, 'min_samples_leaf': 1, 'min_samples_split': 2, 'min_weight_fraction_leaf': 0.0, 'monotonic_cst': None, 'n_estimators': 100, 'n_jobs': None, 'oob_score': False, 'random_state': 42, 'verbose': 0, 'warm_start': False}",0.20380616188049316
Brewed_vinegar,3,1,4,1,RandomForest,Tuned_Baseline,0.9753333333333334,0.9752593684404159,"{'bootstrap': True, 'ccp_alpha': 0.0, 'class_weight': None, 'criterion': 'gini', 'max_depth': 20, 'max_features': 'sqrt', 'max_leaf_nodes': None, 'max_samples': None, 'min_impurity_decrease': 0.0, 'min_samples_leaf': 2, 'min_samples_split': 10, 'min_weight_fraction_leaf': 0.0, 'monotonic_cst': None, 'n_estimators': 150, 'n_jobs': None, 'oob_score': False, 'random_state': 42, 'verbose': 0, 'warm_start': False}",0.05000448226928711
Brewed_vinegar,3,1,4,1,LinearSVC,Baseline,0.802,0.783786815274684,"{'C': 1.0, 'class_weight': None, 'dual': False, 'fit_intercept': True, 'intercept_scaling': 1, 'loss': 'squared_hinge', 'max_iter': 100, 'multi_class': 'ovr', 'penalty': 'l2', 'random_state': 42, 'tol': 0.0001, 'verbose': 0}",0.019568681716918945
Brewed_vinegar,3,1,4,1,LinearSVC,Tuned_Baseline,0.7173333333333334,0.7030539368106425,"{'C': np.float64(14.38449888287663), 'class_weight': None, 'dual': False, 'fit_intercept': False, 'intercept_scaling': 1, 'loss': 'squared_hinge', 'max_iter': 100, 'multi_class': 'ovr', 'penalty': 'l2', 'random_state': 42, 'tol': 0.0001, 'verbose': 0}",0.0003750324249267578
Brewed_vinegar,3,1,4,1,LogisticRegression,Baseline,0.8426666666666667,0.8325153860581831,"{'C': 1.0, 'class_weight': None, 'dual': False, 'fit_intercept': True, 'intercept_scaling': 1, 'l1_ratio': None, 'max_iter': 100, 'multi_class': 'deprecated', 'n_jobs': None, 'penalty': 'l2', 'random_state': 42, 'solver': 'lbfgs', 'tol': 0.0001, 'verbose': 0, 'warm_start': False}",0.4098484516143799
Brewed_vinegar,3,1,4,1,LogisticRegression,Tuned_Baseline,0.846,0.8357974369409338,"{'C': np.float64(14.38449888287663), 'class_weight': None, 'dual': False, 'fit_intercept': True, 'intercept_scaling': 1, 'l1_ratio': None, 'max_iter': 100, 'multi_class': 'deprecated', 'n_jobs': None, 'penalty': 'l1', 'random_state': 42, 'solver': 'saga', 'tol': 0.0001, 'verbose': 0, 'warm_start': False}",0.0004680156707763672
Brewed_vinegar,3,1,4,1,RNN,Baseline,0.4666666666666667,0.3333333333333333,"{'hidden_size': 64, 'epochs': 10, 'batch_size': 32, 'lr': 0.001}",1.4582946300506592
Brewed_vinegar,3,1,4,1,RNN,Tuned_Baseline,0.4666666666666667,0.3333333333333333,"{'hidden_size': 64, 'epochs': 10, 'batch_size': 32, 'lr': 0.001}",0.039011478424072266
Brewed_vinegar,3,1,4,2,KNN,Magnitude_Warping,0.928,0.9279216954739442,"{'algorithm': 'auto', 'leaf_size': 30, 'metric': 'minkowski', 'metric_params': None, 'n_jobs': None, 'n_neighbors': np.int64(3), 'p': 3, 'weights': 'uniform'}",0.10402822494506836
Brewed_vinegar,3,1,4,2,RandomForest,Magnitude_Warping,0.9953333333333333,0.9953332080654974,"{'bootstrap': True, 'ccp_alpha': 0.0, 'class_weight': 'balanced', 'criterion': 'gini', 'max_depth': None, 'max_features': 'sqrt', 'max_leaf_nodes': None, 'max_samples': None, 'min_impurity_decrease': 0.0, 'min_samples_leaf': 1, 'min_samples_split': 5, 'min_weight_fraction_leaf': 0.0, 'monotonic_cst': None, 'n_estimators': 50, 'n_jobs': None, 'oob_score': False, 'random_state': 42, 'verbose': 0, 'warm_start': False}",0.17134404182434082
Brewed_vinegar,3,1,4,2,LinearSVC,Magnitude_Warping,0.8146666666666667,0.8024632237735273,"{'C': np.float64(2.6366508987303554), 'class_weight': 'balanced', 'dual': False, 'fit_intercept': True, 'intercept_scaling': 1, 'loss': 'squared_hinge', 'max_iter': 100, 'multi_class': 'ovr', 'penalty': 'l1', 'random_state': 42, 'tol': 0.0001, 'verbose': 0}",0.02765631675720215
Brewed_vinegar,3,1,4,2,LogisticRegression,Magnitude_Warping,0.8586666666666667,0.8490041379003096,"{'C': np.float64(2.6366508987303554), 'class_weight': 'balanced', 'dual': False, 'fit_intercept': True, 'intercept_scaling': 1, 'l1_ratio': None, 'max_iter': 100, 'multi_class': 'deprecated', 'n_jobs': None, 'penalty': 'l2', 'random_state': 42, 'solver': 'sag', 'tol': 0.0001, 'verbose': 0, 'warm_start': False}",0.0830075740814209
Brewed_vinegar,3,1,4,2,RNN,Magnitude_Warping,0.4,0.28592592592592597,"{'hidden_size': 64, 'epochs': 10, 'batch_size': 32, 'lr': 0.001}",0.672814130783081
Brewed_vinegar,3,1,4,3,KNN,Magnitude_Warping,0.956,0.9563823301335371,"{'algorithm': 'auto', 'leaf_size': 30, 'metric': 'minkowski', 'metric_params': None, 'n_jobs': None, 'n_neighbors': np.int64(5), 'p': 3, 'weights': 'distance'}",0.06428647041320801
Brewed_vinegar,3,1,4,3,RandomForest,Magnitude_Warping,0.9926666666666667,0.9926963236519207,"{'bootstrap': True, 'ccp_alpha': 0.0, 'class_weight': 'balanced', 'criterion': 'gini', 'max_depth': None, 'max_features': 'sqrt', 'max_leaf_nodes': None, 'max_samples': None, 'min_impurity_decrease': 0.0, 'min_samples_leaf': 1, 'min_samples_split': 2, 'min_weight_fraction_leaf': 0.0, 'monotonic_cst': None, 'n_estimators': 150, 'n_jobs': None, 'oob_score': False, 'random_state': 42, 'verbose': 0, 'warm_start': False}",1.0754327774047852
Brewed_vinegar,3,1,4,3,LinearSVC,Magnitude_Warping,0.7913333333333333,0.7723466184324383,"{'C': np.float64(1000.0), 'class_weight': 'balanced', 'dual': False, 'fit_intercept': True, 'intercept_scaling': 1, 'loss': 'squared_hinge', 'max_iter': 100, 'multi_class': 'ovr', 'penalty': 'l1', 'random_state': 42, 'tol': 0.001, 'verbose': 0}",0.04022789001464844
Brewed_vinegar,3,1,4,3,LogisticRegression,Magnitude_Warping,0.9373333333333334,0.9375756248489251,"{'C': np.float64(6.1584821106602545), 'class_weight': 'balanced', 'dual': False, 'fit_intercept': True, 'intercept_scaling': 1, 'l1_ratio': None, 'max_iter': 100, 'multi_class': 'deprecated', 'n_jobs': None, 'penalty': 'l1', 'random_state': 42, 'solver': 'saga', 'tol': 0.0001, 'verbose': 0, 'warm_start': False}",0.11048746109008789
Brewed_vinegar,3,1,4,3,RNN,Magnitude_Warping,0.3333333333333333,0.25925925925925924,"{'hidden_size': 64, 'epochs': 10, 'batch_size': 32, 'lr': 0.001}",0.9025774002075195
Brewed_vinegar,3,1,4,5,KNN,Magnitude_Warping,0.9113333333333333,0.9098406449283278,"{'algorithm': 'auto', 'leaf_size': 30, 'metric': 'euclidean', 'metric_params': None, 'n_jobs': None, 'n_neighbors': np.int64(9), 'p': 2, 'weights': 'distance'}",0.018782854080200195
Brewed_vinegar,3,1,4,5,RandomForest,Magnitude_Warping,0.962,0.96237054824265,"{'bootstrap': True, 'ccp_alpha': 0.0, 'class_weight': None, 'criterion': 'gini', 'max_depth': None, 'max_features': 'sqrt', 'max_leaf_nodes': None, 'max_samples': None, 'min_impurity_decrease': 0.0, 'min_samples_leaf': 2, 'min_samples_split': 5, 'min_weight_fraction_leaf': 0.0, 'monotonic_cst': None, 'n_estimators': 100, 'n_jobs': None, 'oob_score': False, 'random_state': 42, 'verbose': 0, 'warm_start': False}",0.6211297512054443
Brewed_vinegar,3,1,4,5,LinearSVC,Magnitude_Warping,0.8113333333333334,0.7923046478675922,"{'C': np.float64(1000.0), 'class_weight': None, 'dual': False, 'fit_intercept': True, 'intercept_scaling': 1, 'loss': 'squared_hinge', 'max_iter': 100, 'multi_class': 'ovr', 'penalty': 'l1', 'random_state': 42, 'tol': 0.0001, 'verbose': 0}",0.05927681922912598
Brewed_vinegar,3,1,4,5,LogisticRegression,Magnitude_Warping,0.96,0.9596251232974783,"{'C': np.float64(78.47599703514607), 'class_weight': 'balanced', 'dual': False, 'fit_intercept': True, 'intercept_scaling': 1, 'l1_ratio': None, 'max_iter': 100, 'multi_class': 'deprecated', 'n_jobs': None, 'penalty': 'l2', 'random_state': 42, 'solver': 'lbfgs', 'tol': 0.0001, 'verbose': 0, 'warm_start': False}",0.05806922912597656
Brewed_vinegar,3,1,4,5,RNN,Magnitude_Warping,0.4666666666666667,0.3222222222222222,"{'hidden_size': 64, 'epochs': 10, 'batch_size': 32, 'lr': 0.001}",0.241135835647583
Brewed_vinegar,3,1,4,10,KNN,Magnitude_Warping,0.892,0.8879687096738488,"{'algorithm': 'auto', 'leaf_size': 30, 'metric': 'chebyshev', 'metric_params': None, 'n_jobs': None, 'n_neighbors': np.int64(11), 'p': 2, 'weights': 'distance'}",0.016523122787475586
Brewed_vinegar,3,1,4,10,RandomForest,Magnitude_Warping,0.9433333333333334,0.943622593667634,"{'bootstrap': True, 'ccp_alpha': 0.0, 'class_weight': None, 'criterion': 'gini', 'max_depth': 10, 'max_features': 'sqrt', 'max_leaf_nodes': None, 'max_samples': None, 'min_impurity_decrease': 0.0, 'min_samples_leaf': 1, 'min_samples_split': 2, 'min_weight_fraction_leaf': 0.0, 'monotonic_cst': None, 'n_estimators': 150, 'n_jobs': None, 'oob_score': False, 'random_state': 42, 'verbose': 0, 'warm_start': False}",2.2350051403045654
Brewed_vinegar,3,1,4,10,LinearSVC,Magnitude_Warping,0.8173333333333334,0.801289408608736,"{'C': np.float64(6.1584821106602545), 'class_weight': 'balanced', 'dual': False, 'fit_intercept': True, 'intercept_scaling': 1, 'loss': 'squared_hinge', 'max_iter': 100, 'multi_class': 'ovr', 'penalty': 'l2', 'random_state': 42, 'tol': 0.001, 'verbose': 0}",0.026862144470214844
Brewed_vinegar,3,1,4,10,LogisticRegression,Magnitude_Warping,0.8346666666666667,0.8232943995669858,"{'C': np.float64(1000.0), 'class_weight': 'balanced', 'dual': False, 'fit_intercept': False, 'intercept_scaling': 1, 'l1_ratio': None, 'max_iter': 100, 'multi_class': 'deprecated', 'n_jobs': None, 'penalty': 'l2', 'random_state': 42, 'solver': 'lbfgs', 'tol': 0.0001, 'verbose': 0, 'warm_start': False}",0.720149040222168
Brewed_vinegar,3,1,4,10,RNN,Magnitude_Warping,0.4666666666666667,0.3333333333333333,"{'hidden_size': 64, 'epochs': 10, 'batch_size': 32, 'lr': 0.001}",2.3594143390655518
Brewed_vinegar,3,1,5,1,KNN,Baseline,0.974,0.9741496052274382,"{'algorithm': 'auto', 'leaf_size': 30, 'metric': 'minkowski', 'metric_params': None, 'n_jobs': None, 'n_neighbors': 5, 'p': 2, 'weights': 'uniform'}",0.06522297859191895
Brewed_vinegar,3,1,5,1,KNN,Tuned_Baseline,1.0,1.0,"{'algorithm': 'auto', 'leaf_size': 30, 'metric': 'chebyshev', 'metric_params': None, 'n_jobs': None, 'n_neighbors': np.int64(1), 'p': 2, 'weights': 'distance'}",0.00455474853515625
Brewed_vinegar,3,1,5,1,RandomForest,Baseline,0.972,0.9717342222510068,"{'bootstrap': True, 'ccp_alpha': 0.0, 'class_weight': None, 'criterion': 'gini', 'max_depth': None, 'max_features': 'sqrt', 'max_leaf_nodes': None, 'max_samples': None, 'min_impurity_decrease': 0.0, 'min_samples_leaf': 1, 'min_samples_split': 2, 'min_weight_fraction_leaf': 0.0, 'monotonic_cst': None, 'n_estimators': 100, 'n_jobs': None, 'oob_score': False, 'random_state': 42, 'verbose': 0, 'warm_start': False}",0.2132577896118164
Brewed_vinegar,3,1,5,1,RandomForest,Tuned_Baseline,0.9733333333333334,0.9731228023559629,"{'bootstrap': True, 'ccp_alpha': 0.0, 'class_weight': None, 'criterion': 'gini', 'max_depth': None, 'max_features': 'sqrt', 'max_leaf_nodes': None, 'max_samples': None, 'min_impurity_decrease': 0.0, 'min_samples_leaf': 2, 'min_samples_split': 10, 'min_weight_fraction_leaf': 0.0, 'monotonic_cst': None, 'n_estimators': 100, 'n_jobs': None, 'oob_score': False, 'random_state': 42, 'verbose': 0, 'warm_start': False}",0.010685205459594727
Brewed_vinegar,3,1,5,1,LinearSVC,Baseline,0.8226666666666667,0.8058605947398122,"{'C': 1.0, 'class_weight': None, 'dual': False, 'fit_intercept': True, 'intercept_scaling': 1, 'loss': 'squared_hinge', 'max_iter': 100, 'multi_class': 'ovr', 'penalty': 'l2', 'random_state': 42, 'tol': 0.0001, 'verbose': 0}",0.004832029342651367
Brewed_vinegar,3,1,5,1,LinearSVC,Tuned_Baseline,0.758,0.7423387252654632,"{'C': np.float64(6.1584821106602545), 'class_weight': 'balanced', 'dual': False, 'fit_intercept': False, 'intercept_scaling': 1, 'loss': 'squared_hinge', 'max_iter': 100, 'multi_class': 'ovr', 'penalty': 'l2', 'random_state': 42, 'tol': 0.0001, 'verbose': 0}",0.00039649009704589844
Brewed_vinegar,3,1,5,1,LogisticRegression,Baseline,0.8693333333333333,0.8642419541873749,"{'C': 1.0, 'class_weight': None, 'dual': False, 'fit_intercept': True, 'intercept_scaling': 1, 'l1_ratio': None, 'max_iter': 100, 'multi_class': 'deprecated', 'n_jobs': None, 'penalty': 'l2', 'random_state': 42, 'solver': 'lbfgs', 'tol': 0.0001, 'verbose': 0, 'warm_start': False}",0.24700617790222168
Brewed_vinegar,3,1,5,1,LogisticRegression,Tuned_Baseline,0.916,0.9157871919184076,"{'C': np.float64(33.59818286283781), 'class_weight': 'balanced', 'dual': False, 'fit_intercept': True, 'intercept_scaling': 1, 'l1_ratio': None, 'max_iter': 100, 'multi_class': 'deprecated', 'n_jobs': None, 'penalty': 'l2', 'random_state': 42, 'solver': 'lbfgs', 'tol': 0.0001, 'verbose': 0, 'warm_start': False}",0.0004489421844482422
Brewed_vinegar,3,1,5,1,RNN,Baseline,0.3333333333333333,0.28888888888888886,"{'hidden_size': 64, 'epochs': 10, 'batch_size': 32, 'lr': 0.001}",0.831209659576416
Brewed_vinegar,3,1,5,1,RNN,Tuned_Baseline,0.3333333333333333,0.28888888888888886,"{'hidden_size': 64, 'epochs': 10, 'batch_size': 32, 'lr': 0.001}",0.018660783767700195
Brewed_vinegar,3,1,5,2,KNN,Magnitude_Warping,0.9873333333333333,0.987382308641539,"{'algorithm': 'auto', 'leaf_size': 30, 'metric': 'minkowski', 'metric_params': None, 'n_jobs': None, 'n_neighbors': np.int64(3), 'p': 3, 'weights': 'uniform'}",0.09876036643981934
Brewed_vinegar,3,1,5,2,RandomForest,Magnitude_Warping,0.9813333333333333,0.9812129686017619,"{'bootstrap': True, 'ccp_alpha': 0.0, 'class_weight': 'balanced', 'criterion': 'gini', 'max_depth': 10, 'max_features': 'sqrt', 'max_leaf_nodes': None, 'max_samples': None, 'min_impurity_decrease': 0.0, 'min_samples_leaf': 1, 'min_samples_split': 5, 'min_weight_fraction_leaf': 0.0, 'monotonic_cst': None, 'n_estimators': 50, 'n_jobs': None, 'oob_score': False, 'random_state': 42, 'verbose': 0, 'warm_start': False}",0.15612435340881348
Brewed_vinegar,3,1,5,2,LinearSVC,Magnitude_Warping,0.8073333333333333,0.7859577756265778,"{'C': np.float64(14.38449888287663), 'class_weight': None, 'dual': False, 'fit_intercept': True, 'intercept_scaling': 1, 'loss': 'squared_hinge', 'max_iter': 100, 'multi_class': 'ovr', 'penalty': 'l1', 'random_state': 42, 'tol': 0.0001, 'verbose': 0}",0.023552894592285156
Brewed_vinegar,3,1,5,2,LogisticRegression,Magnitude_Warping,0.9173333333333333,0.9172209799892912,"{'C': np.float64(1000.0), 'class_weight': 'balanced', 'dual': False, 'fit_intercept': True, 'intercept_scaling': 1, 'l1_ratio': None, 'max_iter': 100, 'multi_class': 'deprecated', 'n_jobs': None, 'penalty': 'l2', 'random_state': 42, 'solver': 'sag', 'tol': 0.0001, 'verbose': 0, 'warm_start': False}",0.037093162536621094
Brewed_vinegar,3,1,5,2,RNN,Magnitude_Warping,0.4666666666666667,0.31111111111111106,"{'hidden_size': 64, 'epochs': 10, 'batch_size': 32, 'lr': 0.001}",0.5122199058532715
Brewed_vinegar,3,1,5,3,KNN,Magnitude_Warping,0.94,0.9403101995694587,"{'algorithm': 'auto', 'leaf_size': 30, 'metric': 'minkowski', 'metric_params': None, 'n_jobs': None, 'n_neighbors': np.int64(5), 'p': 3, 'weights': 'distance'}",0.05188798904418945
Brewed_vinegar,3,1,5,3,RandomForest,Magnitude_Warping,0.9553333333333334,0.9556373303139577,"{'bootstrap': True, 'ccp_alpha': 0.0, 'class_weight': 'balanced', 'criterion': 'gini', 'max_depth': 10, 'max_features': 'sqrt', 'max_leaf_nodes': None, 'max_samples': None, 'min_impurity_decrease': 0.0, 'min_samples_leaf': 1, 'min_samples_split': 5, 'min_weight_fraction_leaf': 0.0, 'monotonic_cst': None, 'n_estimators': 150, 'n_jobs': None, 'oob_score': False, 'random_state': 42, 'verbose': 0, 'warm_start': False}",0.5812678337097168
Brewed_vinegar,3,1,5,3,LinearSVC,Magnitude_Warping,0.7873333333333333,0.7713681420002857,"{'C': np.float64(183.29807108324337), 'class_weight': None, 'dual': False, 'fit_intercept': True, 'intercept_scaling': 1, 'loss': 'squared_hinge', 'max_iter': 100, 'multi_class': 'ovr', 'penalty': 'l2', 'random_state': 42, 'tol': 0.001, 'verbose': 0}",0.008305072784423828
Brewed_vinegar,3,1,5,3,LogisticRegression,Magnitude_Warping,0.8666666666666667,0.8570875308185021,"{'C': np.float64(14.38449888287663), 'class_weight': 'balanced', 'dual': False, 'fit_intercept': True, 'intercept_scaling': 1, 'l1_ratio': None, 'max_iter': 100, 'multi_class': 'deprecated', 'n_jobs': None, 'penalty': 'l2', 'random_state': 42, 'solver': 'lbfgs', 'tol': 0.0001, 'verbose': 0, 'warm_start': False}",0.08955955505371094
Brewed_vinegar,3,1,5,3,RNN,Magnitude_Warping,0.3333333333333333,0.19848484848484851,"{'hidden_size': 64, 'epochs': 10, 'batch_size': 32, 'lr': 0.001}",0.7620971202850342
Brewed_vinegar,3,1,5,5,KNN,Magnitude_Warping,0.9133333333333333,0.9120869714090053,"{'algorithm': 'auto', 'leaf_size': 30, 'metric': 'minkowski', 'metric_params': None, 'n_jobs': None, 'n_neighbors': np.int64(5), 'p': 3, 'weights': 'distance'}",0.07409000396728516
Brewed_vinegar,3,1,5,5,RandomForest,Magnitude_Warping,0.9626666666666667,0.9628055670387213,"{'bootstrap': True, 'ccp_alpha': 0.0, 'class_weight': None, 'criterion': 'gini', 'max_depth': 10, 'max_features': 'sqrt', 'max_leaf_nodes': None, 'max_samples': None, 'min_impurity_decrease': 0.0, 'min_samples_leaf': 1, 'min_samples_split': 2, 'min_weight_fraction_leaf': 0.0, 'monotonic_cst': None, 'n_estimators': 150, 'n_jobs': None, 'oob_score': False, 'random_state': 42, 'verbose': 0, 'warm_start': False}",0.8765401840209961
Brewed_vinegar,3,1,5,5,LinearSVC,Magnitude_Warping,0.8533333333333334,0.8440401020788795,"{'C': np.float64(1000.0), 'class_weight': None, 'dual': False, 'fit_intercept': True, 'intercept_scaling': 1, 'loss': 'squared_hinge', 'max_iter': 100, 'multi_class': 'ovr', 'penalty': 'l1', 'random_state': 42, 'tol': 0.0001, 'verbose': 0}",0.05200624465942383
Brewed_vinegar,3,1,5,5,LogisticRegression,Magnitude_Warping,0.978,0.9781889036989363,"{'C': np.float64(14.38449888287663), 'class_weight': None, 'dual': False, 'fit_intercept': True, 'intercept_scaling': 1, 'l1_ratio': None, 'max_iter': 100, 'multi_class': 'deprecated', 'n_jobs': None, 'penalty': 'l1', 'random_state': 42, 'solver': 'saga', 'tol': 0.0001, 'verbose': 0, 'warm_start': False}",0.49954986572265625
Brewed_vinegar,3,1,5,5,RNN,Magnitude_Warping,0.26666666666666666,0.18095238095238095,"{'hidden_size': 64, 'epochs': 10, 'batch_size': 32, 'lr': 0.001}",0.7111587524414062
Brewed_vinegar,3,1,5,10,KNN,Magnitude_Warping,0.9,0.897337275988548,"{'algorithm': 'auto', 'leaf_size': 30, 'metric': 'minkowski', 'metric_params': None, 'n_jobs': None, 'n_neighbors': np.int64(3), 'p': 4, 'weights': 'uniform'}",0.14713120460510254
Brewed_vinegar,3,1,5,10,RandomForest,Magnitude_Warping,0.944,0.9443013645973477,"{'bootstrap': True, 'ccp_alpha': 0.0, 'class_weight': 'balanced', 'criterion': 'gini', 'max_depth': 10, 'max_features': 'sqrt', 'max_leaf_nodes': None, 'max_samples': None, 'min_impurity_decrease': 0.0, 'min_samples_leaf': 4, 'min_samples_split': 2, 'min_weight_fraction_leaf': 0.0, 'monotonic_cst': None, 'n_estimators': 50, 'n_jobs': None, 'oob_score': False, 'random_state': 42, 'verbose': 0, 'warm_start': False}",0.6460573673248291
Brewed_vinegar,3,1,5,10,LinearSVC,Magnitude_Warping,0.8046666666666666,0.7809928142216195,"{'C': np.float64(33.59818286283781), 'class_weight': 'balanced', 'dual': False, 'fit_intercept': True, 'intercept_scaling': 1, 'loss': 'squared_hinge', 'max_iter': 100, 'multi_class': 'ovr', 'penalty': 'l2', 'random_state': 42, 'tol': 0.0001, 'verbose': 0}",0.05992746353149414
Brewed_vinegar,3,1,5,10,LogisticRegression,Magnitude_Warping,0.93,0.9298529852985298,"{'C': np.float64(1000.0), 'class_weight': 'balanced', 'dual': False, 'fit_intercept': True, 'intercept_scaling': 1, 'l1_ratio': None, 'max_iter': 100, 'multi_class': 'deprecated', 'n_jobs': None, 'penalty': 'l2', 'random_state': 42, 'solver': 'saga', 'tol': 0.0001, 'verbose': 0, 'warm_start': False}",0.27193379402160645
Brewed_vinegar,3,1,5,10,RNN,Magnitude_Warping,0.5333333333333333,0.43333333333333335,"{'hidden_size': 64, 'epochs': 10, 'batch_size': 32, 'lr': 0.001}",1.1263763904571533
Brewed_vinegar,3,1,6,1,KNN,Baseline,0.906,0.9050176403491275,"{'algorithm': 'auto', 'leaf_size': 30, 'metric': 'minkowski', 'metric_params': None, 'n_jobs': None, 'n_neighbors': 5, 'p': 2, 'weights': 'uniform'}",0.07308626174926758
Brewed_vinegar,3,1,6,1,KNN,Tuned_Baseline,1.0,1.0,"{'algorithm': 'auto', 'leaf_size': 30, 'metric': 'chebyshev', 'metric_params': None, 'n_jobs': None, 'n_neighbors': np.int64(1), 'p': 2, 'weights': 'distance'}",0.0036764144897460938
Brewed_vinegar,3,1,6,1,RandomForest,Baseline,0.9513333333333334,0.9498302428999188,"{'bootstrap': True, 'ccp_alpha': 0.0, 'class_weight': None, 'criterion': 'gini', 'max_depth': None, 'max_features': 'sqrt', 'max_leaf_nodes': None, 'max_samples': None, 'min_impurity_decrease': 0.0, 'min_samples_leaf': 1, 'min_samples_split': 2, 'min_weight_fraction_leaf': 0.0, 'monotonic_cst': None, 'n_estimators': 100, 'n_jobs': None, 'oob_score': False, 'random_state': 42, 'verbose': 0, 'warm_start': False}",0.19080758094787598
Brewed_vinegar,3,1,6,1,RandomForest,Tuned_Baseline,0.9593333333333334,0.9583628279369603,"{'bootstrap': True, 'ccp_alpha': 0.0, 'class_weight': 'balanced', 'criterion': 'gini', 'max_depth': None, 'max_features': 'sqrt', 'max_leaf_nodes': None, 'max_samples': None, 'min_impurity_decrease': 0.0, 'min_samples_leaf': 1, 'min_samples_split': 2, 'min_weight_fraction_leaf': 0.0, 'monotonic_cst': None, 'n_estimators': 150, 'n_jobs': None, 'oob_score': False, 'random_state': 42, 'verbose': 0, 'warm_start': False}",0.014966964721679688
Brewed_vinegar,3,1,6,1,LinearSVC,Baseline,0.8253333333333334,0.805744382167252,"{'C': 1.0, 'class_weight': None, 'dual': False, 'fit_intercept': True, 'intercept_scaling': 1, 'loss': 'squared_hinge', 'max_iter': 100, 'multi_class': 'ovr', 'penalty': 'l2', 'random_state': 42, 'tol': 0.0001, 'verbose': 0}",0.005192995071411133
Brewed_vinegar,3,1,6,1,LinearSVC,Tuned_Baseline,0.8153333333333334,0.7949967923822857,"{'C': np.float64(2.6366508987303554), 'class_weight': 'balanced', 'dual': False, 'fit_intercept': True, 'intercept_scaling': 1, 'loss': 'squared_hinge', 'max_iter': 100, 'multi_class': 'ovr', 'penalty': 'l1', 'random_state': 42, 'tol': 0.0001, 'verbose': 0}",0.0004062652587890625
Brewed_vinegar,3,1,6,1,LogisticRegression,Baseline,0.8493333333333334,0.8322531736600769,"{'C': 1.0, 'class_weight': None, 'dual': False, 'fit_intercept': True, 'intercept_scaling': 1, 'l1_ratio': None, 'max_iter': 100, 'multi_class': 'deprecated', 'n_jobs': None, 'penalty': 'l2', 'random_state': 42, 'solver': 'lbfgs', 'tol': 0.0001, 'verbose': 0, 'warm_start': False}",0.12857270240783691
Brewed_vinegar,3,1,6,1,LogisticRegression,Tuned_Baseline,0.8926666666666667,0.8841647208981868,"{'C': np.float64(78.47599703514607), 'class_weight': 'balanced', 'dual': False, 'fit_intercept': True, 'intercept_scaling': 1, 'l1_ratio': None, 'max_iter': 100, 'multi_class': 'deprecated', 'n_jobs': None, 'penalty': 'l2', 'random_state': 42, 'solver': 'lbfgs', 'tol': 0.0001, 'verbose': 0, 'warm_start': False}",0.00047707557678222656
Brewed_vinegar,3,1,6,1,RNN,Baseline,0.4666666666666667,0.3799134199134199,"{'hidden_size': 64, 'epochs': 10, 'batch_size': 32, 'lr': 0.001}",1.6430394649505615
Brewed_vinegar,3,1,6,1,RNN,Tuned_Baseline,0.4666666666666667,0.3799134199134199,"{'hidden_size': 64, 'epochs': 10, 'batch_size': 32, 'lr': 0.001}",0.03603863716125488
Brewed_vinegar,3,1,6,2,KNN,Magnitude_Warping,0.9453333333333334,0.9456565041627284,"{'algorithm': 'auto', 'leaf_size': 30, 'metric': 'chebyshev', 'metric_params': None, 'n_jobs': None, 'n_neighbors': np.int64(1), 'p': 2, 'weights': 'distance'}",0.012089252471923828
Brewed_vinegar,3,1,6,2,RandomForest,Magnitude_Warping,0.9546666666666667,0.9537463027123563,"{'bootstrap': True, 'ccp_alpha': 0.0, 'class_weight': 'balanced', 'criterion': 'gini', 'max_depth': None, 'max_features': 'sqrt', 'max_leaf_nodes': None, 'max_samples': None, 'min_impurity_decrease': 0.0, 'min_samples_leaf': 2, 'min_samples_split': 2, 'min_weight_fraction_leaf': 0.0, 'monotonic_cst': None, 'n_estimators': 150, 'n_jobs': None, 'oob_score': False, 'random_state': 42, 'verbose': 0, 'warm_start': False}",0.487260103225708
Brewed_vinegar,3,1,6,2,LinearSVC,Magnitude_Warping,0.794,0.7779823473875171,"{'C': np.float64(14.38449888287663), 'class_weight': 'balanced', 'dual': False, 'fit_intercept': True, 'intercept_scaling': 1, 'loss': 'squared_hinge', 'max_iter': 100, 'multi_class': 'ovr', 'penalty': 'l2', 'random_state': 42, 'tol': 0.0001, 'verbose': 0}",0.009070634841918945
Brewed_vinegar,3,1,6,2,LogisticRegression,Magnitude_Warping,0.8433333333333334,0.8328581238129318,"{'C': np.float64(183.29807108324337), 'class_weight': None, 'dual': False, 'fit_intercept': True, 'intercept_scaling': 1, 'l1_ratio': None, 'max_iter': 100, 'multi_class': 'deprecated', 'n_jobs': None, 'penalty': 'l2', 'random_state': 42, 'solver': 'sag', 'tol': 0.0001, 'verbose': 0, 'warm_start': False}",0.04414772987365723
Brewed_vinegar,3,1,6,2,RNN,Magnitude_Warping,0.4,0.2866666666666667,"{'hidden_size': 64, 'epochs': 10, 'batch_size': 32, 'lr': 0.001}",2.527198076248169
Brewed_vinegar,3,1,6,3,KNN,Magnitude_Warping,0.93,0.9300065705294465,"{'algorithm': 'auto', 'leaf_size': 30, 'metric': 'minkowski', 'metric_params': None, 'n_jobs': None, 'n_neighbors': np.int64(5), 'p': 3, 'weights': 'distance'}",0.14871788024902344
Brewed_vinegar,3,1,6,3,RandomForest,Magnitude_Warping,0.958,0.9572073717964461,"{'bootstrap': True, 'ccp_alpha': 0.0, 'class_weight': None, 'criterion': 'gini', 'max_depth': 10, 'max_features': 'sqrt', 'max_leaf_nodes': None, 'max_samples': None, 'min_impurity_decrease': 0.0, 'min_samples_leaf': 1, 'min_samples_split': 2, 'min_weight_fraction_leaf': 0.0, 'monotonic_cst': None, 'n_estimators': 100, 'n_jobs': None, 'oob_score': False, 'random_state': 42, 'verbose': 0, 'warm_start': False}",0.42083215713500977
Brewed_vinegar,3,1,6,3,LinearSVC,Magnitude_Warping,0.8073333333333333,0.7887013900599313,"{'C': np.float64(78.47599703514607), 'class_weight': None, 'dual': False, 'fit_intercept': True, 'intercept_scaling': 1, 'loss': 'squared_hinge', 'max_iter': 100, 'multi_class': 'ovr', 'penalty': 'l1', 'random_state': 42, 'tol': 0.0001, 'verbose': 0}",0.03940582275390625
Brewed_vinegar,3,1,6,3,LogisticRegression,Magnitude_Warping,0.8086666666666666,0.7928832686367092,"{'C': np.float64(14.38449888287663), 'class_weight': 'balanced', 'dual': False, 'fit_intercept': False, 'intercept_scaling': 1, 'l1_ratio': None, 'max_iter': 100, 'multi_class': 'deprecated', 'n_jobs': None, 'penalty': 'l2', 'random_state': 42, 'solver': 'lbfgs', 'tol': 0.0001, 'verbose': 0, 'warm_start': False}",1.259429693222046
Brewed_vinegar,3,1,6,3,RNN,Magnitude_Warping,0.6666666666666666,0.5861904761904762,"{'hidden_size': 64, 'epochs': 10, 'batch_size': 32, 'lr': 0.001}",1.583716630935669
Brewed_vinegar,3,1,6,5,KNN,Magnitude_Warping,0.9233333333333333,0.9230676033157243,"{'algorithm': 'auto', 'leaf_size': 30, 'metric': 'minkowski', 'metric_params': None, 'n_jobs': None, 'n_neighbors': np.int64(5), 'p': 3, 'weights': 'distance'}",0.07916688919067383
Brewed_vinegar,3,1,6,5,RandomForest,Magnitude_Warping,0.9513333333333334,0.9511054699674056,"{'bootstrap': True, 'ccp_alpha': 0.0, 'class_weight': 'balanced', 'criterion': 'gini', 'max_depth': 10, 'max_features': 'sqrt', 'max_leaf_nodes': None, 'max_samples': None, 'min_impurity_decrease': 0.0, 'min_samples_leaf': 2, 'min_samples_split': 20, 'min_weight_fraction_leaf': 0.0, 'monotonic_cst': None, 'n_estimators': 100, 'n_jobs': None, 'oob_score': False, 'random_state': 42, 'verbose': 0, 'warm_start': False}",0.5695295333862305
Brewed_vinegar,3,1,6,5,LinearSVC,Magnitude_Warping,0.772,0.7598384544692135,"{'C': np.float64(0.2069138081114788), 'class_weight': 'balanced', 'dual': False, 'fit_intercept': True, 'intercept_scaling': 1, 'loss': 'squared_hinge', 'max_iter': 100, 'multi_class': 'ovr', 'penalty': 'l2', 'random_state': 42, 'tol': 0.0001, 'verbose': 0}",0.013311147689819336
Brewed_vinegar,3,1,6,5,LogisticRegression,Magnitude_Warping,0.8966666666666666,0.8933194629975173,"{'C': np.float64(33.59818286283781), 'class_weight': 'balanced', 'dual': False, 'fit_intercept': True, 'intercept_scaling': 1, 'l1_ratio': None, 'max_iter': 100, 'multi_class': 'deprecated', 'n_jobs': None, 'penalty': 'l2', 'random_state': 42, 'solver': 'saga', 'tol': 0.0001, 'verbose': 0, 'warm_start': False}",0.11339306831359863
Brewed_vinegar,3,1,6,5,RNN,Magnitude_Warping,0.4666666666666667,0.3333333333333333,"{'hidden_size': 64, 'epochs': 10, 'batch_size': 32, 'lr': 0.001}",0.7276370525360107
Brewed_vinegar,3,1,6,10,KNN,Magnitude_Warping,0.892,0.8882812159240865,"{'algorithm': 'auto', 'leaf_size': 30, 'metric': 'minkowski', 'metric_params': None, 'n_jobs': None, 'n_neighbors': np.int64(3), 'p': 4, 'weights': 'uniform'}",0.14584803581237793
Brewed_vinegar,3,1,6,10,RandomForest,Magnitude_Warping,0.9053333333333333,0.9030589170520527,"{'bootstrap': True, 'ccp_alpha': 0.0, 'class_weight': 'balanced', 'criterion': 'gini', 'max_depth': 20, 'max_features': 'sqrt', 'max_leaf_nodes': None, 'max_samples': None, 'min_impurity_decrease': 0.0, 'min_samples_leaf': 4, 'min_samples_split': 5, 'min_weight_fraction_leaf': 0.0, 'monotonic_cst': None, 'n_estimators': 100, 'n_jobs': None, 'oob_score': False, 'random_state': 42, 'verbose': 0, 'warm_start': False}",1.3519160747528076
Brewed_vinegar,3,1,6,10,LinearSVC,Magnitude_Warping,0.796,0.7771082191131807,"{'C': np.float64(33.59818286283781), 'class_weight': 'balanced', 'dual': False, 'fit_intercept': True, 'intercept_scaling': 1, 'loss': 'squared_hinge', 'max_iter': 100, 'multi_class': 'ovr', 'penalty': 'l2', 'random_state': 42, 'tol': 0.0001, 'verbose': 0}",0.031273603439331055
Brewed_vinegar,3,1,6,10,LogisticRegression,Magnitude_Warping,0.8926666666666667,0.8883864776669278,"{'C': np.float64(1000.0), 'class_weight': None, 'dual': False, 'fit_intercept': True, 'intercept_scaling': 1, 'l1_ratio': None, 'max_iter': 100, 'multi_class': 'deprecated', 'n_jobs': None, 'penalty': 'l1', 'random_state': 42, 'solver': 'saga', 'tol': 0.0001, 'verbose': 0, 'warm_start': False}",0.3734729290008545
Brewed_vinegar,3,1,6,10,RNN,Magnitude_Warping,0.8666666666666667,0.8166666666666667,"{'hidden_size': 64, 'epochs': 10, 'batch_size': 32, 'lr': 0.001}",1.282625436782837
Brewed_vinegar,3,1,7,1,KNN,Baseline,0.9706666666666667,0.9707733467952533,"{'algorithm': 'auto', 'leaf_size': 30, 'metric': 'minkowski', 'metric_params': None, 'n_jobs': None, 'n_neighbors': 5, 'p': 2, 'weights': 'uniform'}",0.055371999740600586
Brewed_vinegar,3,1,7,1,KNN,Tuned_Baseline,1.0,1.0,"{'algorithm': 'auto', 'leaf_size': 30, 'metric': 'chebyshev', 'metric_params': None, 'n_jobs': None, 'n_neighbors': np.int64(1), 'p': 2, 'weights': 'distance'}",0.0055615901947021484
Brewed_vinegar,3,1,7,1,RandomForest,Baseline,0.9686666666666667,0.9687629549357594,"{'bootstrap': True, 'ccp_alpha': 0.0, 'class_weight': None, 'criterion': 'gini', 'max_depth': None, 'max_features': 'sqrt', 'max_leaf_nodes': None, 'max_samples': None, 'min_impurity_decrease': 0.0, 'min_samples_leaf': 1, 'min_samples_split': 2, 'min_weight_fraction_leaf': 0.0, 'monotonic_cst': None, 'n_estimators': 100, 'n_jobs': None, 'oob_score': False, 'random_state': 42, 'verbose': 0, 'warm_start': False}",0.18901944160461426
Brewed_vinegar,3,1,7,1,RandomForest,Tuned_Baseline,0.984,0.9839053265290353,"{'bootstrap': True, 'ccp_alpha': 0.0, 'class_weight': 'balanced', 'criterion': 'gini', 'max_depth': 20, 'max_features': 'sqrt', 'max_leaf_nodes': None, 'max_samples': None, 'min_impurity_decrease': 0.0, 'min_samples_leaf': 2, 'min_samples_split': 10, 'min_weight_fraction_leaf': 0.0, 'monotonic_cst': None, 'n_estimators': 150, 'n_jobs': None, 'oob_score': False, 'random_state': 42, 'verbose': 0, 'warm_start': False}",0.029822826385498047
Brewed_vinegar,3,1,7,1,LinearSVC,Baseline,0.8346666666666667,0.8354211258653779,"{'C': 1.0, 'class_weight': None, 'dual': False, 'fit_intercept': True, 'intercept_scaling': 1, 'loss': 'squared_hinge', 'max_iter': 100, 'multi_class': 'ovr', 'penalty': 'l2', 'random_state': 42, 'tol': 0.0001, 'verbose': 0}",0.008335351943969727
Brewed_vinegar,3,1,7,1,LinearSVC,Tuned_Baseline,0.8373333333333334,0.8394454752170426,"{'C': np.float64(14.38449888287663), 'class_weight': 'balanced', 'dual': False, 'fit_intercept': True, 'intercept_scaling': 1, 'loss': 'squared_hinge', 'max_iter': 100, 'multi_class': 'ovr', 'penalty': 'l2', 'random_state': 42, 'tol': 0.0001, 'verbose': 0}",0.00035881996154785156
Brewed_vinegar,3,1,7,1,LogisticRegression,Baseline,0.9333333333333333,0.9332934009862188,"{'C': 1.0, 'class_weight': None, 'dual': False, 'fit_intercept': True, 'intercept_scaling': 1, 'l1_ratio': None, 'max_iter': 100, 'multi_class': 'deprecated', 'n_jobs': None, 'penalty': 'l2', 'random_state': 42, 'solver': 'lbfgs', 'tol': 0.0001, 'verbose': 0, 'warm_start': False}",0.2890913486480713
Brewed_vinegar,3,1,7,1,LogisticRegression,Tuned_Baseline,0.976,0.9761735711263946,"{'C': np.float64(428.1332398719387), 'class_weight': 'balanced', 'dual': False, 'fit_intercept': True, 'intercept_scaling': 1, 'l1_ratio': None, 'max_iter': 100, 'multi_class': 'deprecated', 'n_jobs': None, 'penalty': 'l2', 'random_state': 42, 'solver': 'lbfgs', 'tol': 0.0001, 'verbose': 0, 'warm_start': False}",0.00046253204345703125
Brewed_vinegar,3,1,7,1,RNN,Baseline,0.4666666666666667,0.3799134199134199,"{'hidden_size': 64, 'epochs': 10, 'batch_size': 32, 'lr': 0.001}",0.7532937526702881
Brewed_vinegar,3,1,7,1,RNN,Tuned_Baseline,0.4666666666666667,0.3799134199134199,"{'hidden_size': 64, 'epochs': 10, 'batch_size': 32, 'lr': 0.001}",0.019503116607666016
Brewed_vinegar,3,1,7,2,KNN,Magnitude_Warping,0.962,0.962176235206416,"{'algorithm': 'auto', 'leaf_size': 30, 'metric': 'minkowski', 'metric_params': None, 'n_jobs': None, 'n_neighbors': np.int64(5), 'p': 3, 'weights': 'distance'}",0.03955554962158203
Brewed_vinegar,3,1,7,2,RandomForest,Magnitude_Warping,0.9913333333333333,0.9912796669350408,"{'bootstrap': True, 'ccp_alpha': 0.0, 'class_weight': 'balanced', 'criterion': 'gini', 'max_depth': None, 'max_features': 'sqrt', 'max_leaf_nodes': None, 'max_samples': None, 'min_impurity_decrease': 0.0, 'min_samples_leaf': 1, 'min_samples_split': 2, 'min_weight_fraction_leaf': 0.0, 'monotonic_cst': None, 'n_estimators': 150, 'n_jobs': None, 'oob_score': False, 'random_state': 42, 'verbose': 0, 'warm_start': False}",0.45194053649902344
Brewed_vinegar,3,1,7,2,LinearSVC,Magnitude_Warping,0.8546666666666667,0.8536709464787662,"{'C': np.float64(6.1584821106602545), 'class_weight': 'balanced', 'dual': False, 'fit_intercept': True, 'intercept_scaling': 1, 'loss': 'squared_hinge', 'max_iter': 100, 'multi_class': 'ovr', 'penalty': 'l2', 'random_state': 42, 'tol': 0.001, 'verbose': 0}",0.007964611053466797
Brewed_vinegar,3,1,7,2,LogisticRegression,Magnitude_Warping,0.9393333333333334,0.9397128212530315,"{'C': np.float64(33.59818286283781), 'class_weight': None, 'dual': False, 'fit_intercept': True, 'intercept_scaling': 1, 'l1_ratio': None, 'max_iter': 100, 'multi_class': 'deprecated', 'n_jobs': None, 'penalty': 'l1', 'random_state': 42, 'solver': 'saga', 'tol': 0.0001, 'verbose': 0, 'warm_start': False}",0.0693666934967041
Brewed_vinegar,3,1,7,2,RNN,Magnitude_Warping,0.6666666666666666,0.5984126984126984,"{'hidden_size': 64, 'epochs': 10, 'batch_size': 32, 'lr': 0.001}",0.4542851448059082
Brewed_vinegar,3,1,7,3,KNN,Magnitude_Warping,0.978,0.9779831807550742,"{'algorithm': 'auto', 'leaf_size': 30, 'metric': 'chebyshev', 'metric_params': None, 'n_jobs': None, 'n_neighbors': np.int64(1), 'p': 2, 'weights': 'distance'}",0.008126258850097656
Brewed_vinegar,3,1,7,3,RandomForest,Magnitude_Warping,0.972,0.972122527039506,"{'bootstrap': True, 'ccp_alpha': 0.0, 'class_weight': 'balanced', 'criterion': 'gini', 'max_depth': 30, 'max_features': 'sqrt', 'max_leaf_nodes': None, 'max_samples': None, 'min_impurity_decrease': 0.0, 'min_samples_leaf': 1, 'min_samples_split': 5, 'min_weight_fraction_leaf': 0.0, 'monotonic_cst': None, 'n_estimators': 100, 'n_jobs': None, 'oob_score': False, 'random_state': 42, 'verbose': 0, 'warm_start': False}",0.34957456588745117
Brewed_vinegar,3,1,7,3,LinearSVC,Magnitude_Warping,0.858,0.8557410132809626,"{'C': np.float64(14.38449888287663), 'class_weight': None, 'dual': False, 'fit_intercept': True, 'intercept_scaling': 1, 'loss': 'squared_hinge', 'max_iter': 100, 'multi_class': 'ovr', 'penalty': 'l1', 'random_state': 42, 'tol': 0.0001, 'verbose': 0}",0.03656458854675293
Brewed_vinegar,3,1,7,3,LogisticRegression,Magnitude_Warping,0.942,0.9420117485272097,"{'C': np.float64(78.47599703514607), 'class_weight': 'balanced', 'dual': False, 'fit_intercept': True, 'intercept_scaling': 1, 'l1_ratio': None, 'max_iter': 100, 'multi_class': 'deprecated', 'n_jobs': None, 'penalty': 'l2', 'random_state': 42, 'solver': 'lbfgs', 'tol': 0.0001, 'verbose': 0, 'warm_start': False}",0.5085084438323975
Brewed_vinegar,3,1,7,3,RNN,Magnitude_Warping,0.26666666666666666,0.18181818181818182,"{'hidden_size': 64, 'epochs': 10, 'batch_size': 32, 'lr': 0.001}",0.8600201606750488
Brewed_vinegar,3,1,7,5,KNN,Magnitude_Warping,0.98,0.9799209551142498,"{'algorithm': 'auto', 'leaf_size': 30, 'metric': 'minkowski', 'metric_params': None, 'n_jobs': None, 'n_neighbors': np.int64(5), 'p': 3, 'weights': 'distance'}",0.07081270217895508
Brewed_vinegar,3,1,7,5,RandomForest,Magnitude_Warping,0.9906666666666667,0.9906038154067722,"{'bootstrap': True, 'ccp_alpha': 0.0, 'class_weight': 'balanced', 'criterion': 'gini', 'max_depth': 10, 'max_features': 'sqrt', 'max_leaf_nodes': None, 'max_samples': None, 'min_impurity_decrease': 0.0, 'min_samples_leaf': 1, 'min_samples_split': 10, 'min_weight_fraction_leaf': 0.0, 'monotonic_cst': None, 'n_estimators': 50, 'n_jobs': None, 'oob_score': False, 'random_state': 42, 'verbose': 0, 'warm_start': False}",0.29166698455810547
Brewed_vinegar,3,1,7,5,LinearSVC,Magnitude_Warping,0.88,0.8776283007549989,"{'C': np.float64(0.4832930238571752), 'class_weight': 'balanced', 'dual': False, 'fit_intercept': True, 'intercept_scaling': 1, 'loss': 'squared_hinge', 'max_iter': 100, 'multi_class': 'ovr', 'penalty': 'l2', 'random_state': 42, 'tol': 0.0001, 'verbose': 0}",0.035511016845703125
Brewed_vinegar,3,1,7,5,LogisticRegression,Magnitude_Warping,0.9846666666666667,0.9847779266415646,"{'C': np.float64(78.47599703514607), 'class_weight': None, 'dual': False, 'fit_intercept': True, 'intercept_scaling': 1, 'l1_ratio': None, 'max_iter': 100, 'multi_class': 'deprecated', 'n_jobs': None, 'penalty': 'l1', 'random_state': 42, 'solver': 'saga', 'tol': 0.0001, 'verbose': 0, 'warm_start': False}",0.18812847137451172
Brewed_vinegar,3,1,7,5,RNN,Magnitude_Warping,0.4,0.3333333333333333,"{'hidden_size': 64, 'epochs': 10, 'batch_size': 32, 'lr': 0.001}",0.7501416206359863
Brewed_vinegar,3,1,7,10,KNN,Magnitude_Warping,0.966,0.9658812278448693,"{'algorithm': 'auto', 'leaf_size': 30, 'metric': 'minkowski', 'metric_params': None, 'n_jobs': None, 'n_neighbors': np.int64(5), 'p': 3, 'weights': 'distance'}",0.09730267524719238
Brewed_vinegar,3,1,7,10,RandomForest,Magnitude_Warping,0.9893333333333333,0.9892729600431238,"{'bootstrap': True, 'ccp_alpha': 0.0, 'class_weight': None, 'criterion': 'gini', 'max_depth': 10, 'max_features': 'sqrt', 'max_leaf_nodes': None, 'max_samples': None, 'min_impurity_decrease': 0.0, 'min_samples_leaf': 1, 'min_samples_split': 2, 'min_weight_fraction_leaf': 0.0, 'monotonic_cst': None, 'n_estimators': 150, 'n_jobs': None, 'oob_score': False, 'random_state': 42, 'verbose': 0, 'warm_start': False}",1.7925050258636475
Brewed_vinegar,3,1,7,10,LinearSVC,Magnitude_Warping,0.8426666666666667,0.8388974282256484,"{'C': np.float64(33.59818286283781), 'class_weight': 'balanced', 'dual': False, 'fit_intercept': True, 'intercept_scaling': 1, 'loss': 'squared_hinge', 'max_iter': 100, 'multi_class': 'ovr', 'penalty': 'l2', 'random_state': 42, 'tol': 0.0001, 'verbose': 0}",0.028712987899780273
Brewed_vinegar,3,1,7,10,LogisticRegression,Magnitude_Warping,0.956,0.956395632002423,"{'C': np.float64(428.1332398719387), 'class_weight': None, 'dual': False, 'fit_intercept': True, 'intercept_scaling': 1, 'l1_ratio': None, 'max_iter': 100, 'multi_class': 'deprecated', 'n_jobs': None, 'penalty': 'l2', 'random_state': 42, 'solver': 'sag', 'tol': 0.0001, 'verbose': 0, 'warm_start': False}",0.1764664649963379
Brewed_vinegar,3,1,7,10,RNN,Magnitude_Warping,0.6,0.47619047619047616,"{'hidden_size': 64, 'epochs': 10, 'batch_size': 32, 'lr': 0.001}",1.231050729751587
Brewed_vinegar,3,1,8,1,KNN,Baseline,0.956,0.9564852807868933,"{'algorithm': 'auto', 'leaf_size': 30, 'metric': 'minkowski', 'metric_params': None, 'n_jobs': None, 'n_neighbors': 5, 'p': 2, 'weights': 'uniform'}",0.06599736213684082
Brewed_vinegar,3,1,8,1,KNN,Tuned_Baseline,0.9973333333333333,0.9973355075236972,"{'algorithm': 'auto', 'leaf_size': 30, 'metric': 'chebyshev', 'metric_params': None, 'n_jobs': None, 'n_neighbors': np.int64(1), 'p': 2, 'weights': 'distance'}",0.003268718719482422
Brewed_vinegar,3,1,8,1,RandomForest,Baseline,0.9546666666666667,0.9551443141460089,"{'bootstrap': True, 'ccp_alpha': 0.0, 'class_weight': None, 'criterion': 'gini', 'max_depth': None, 'max_features': 'sqrt', 'max_leaf_nodes': None, 'max_samples': None, 'min_impurity_decrease': 0.0, 'min_samples_leaf': 1, 'min_samples_split': 2, 'min_weight_fraction_leaf': 0.0, 'monotonic_cst': None, 'n_estimators': 100, 'n_jobs': None, 'oob_score': False, 'random_state': 42, 'verbose': 0, 'warm_start': False}",0.21764755249023438
Brewed_vinegar,3,1,8,1,RandomForest,Tuned_Baseline,0.9686666666666667,0.968749396063572,"{'bootstrap': True, 'ccp_alpha': 0.0, 'class_weight': None, 'criterion': 'gini', 'max_depth': 30, 'max_features': 'sqrt', 'max_leaf_nodes': None, 'max_samples': None, 'min_impurity_decrease': 0.0, 'min_samples_leaf': 1, 'min_samples_split': 10, 'min_weight_fraction_leaf': 0.0, 'monotonic_cst': None, 'n_estimators': 150, 'n_jobs': None, 'oob_score': False, 'random_state': 42, 'verbose': 0, 'warm_start': False}",0.015574932098388672
Brewed_vinegar,3,1,8,1,LinearSVC,Baseline,0.8593333333333333,0.8617124090682307,"{'C': 1.0, 'class_weight': None, 'dual': False, 'fit_intercept': True, 'intercept_scaling': 1, 'loss': 'squared_hinge', 'max_iter': 100, 'multi_class': 'ovr', 'penalty': 'l2', 'random_state': 42, 'tol': 0.0001, 'verbose': 0}",0.005466938018798828
Brewed_vinegar,3,1,8,1,LinearSVC,Tuned_Baseline,0.7013333333333334,0.6993211688671325,"{'C': np.float64(1.1288378916846884), 'class_weight': 'balanced', 'dual': False, 'fit_intercept': False, 'intercept_scaling': 1, 'loss': 'squared_hinge', 'max_iter': 100, 'multi_class': 'ovr', 'penalty': 'l1', 'random_state': 42, 'tol': 0.0001, 'verbose': 0}",0.0003218650817871094
Brewed_vinegar,3,1,8,1,LogisticRegression,Baseline,0.9073333333333333,0.9061822750209472,"{'C': 1.0, 'class_weight': None, 'dual': False, 'fit_intercept': True, 'intercept_scaling': 1, 'l1_ratio': None, 'max_iter': 100, 'multi_class': 'deprecated', 'n_jobs': None, 'penalty': 'l2', 'random_state': 42, 'solver': 'lbfgs', 'tol': 0.0001, 'verbose': 0, 'warm_start': False}",0.17490458488464355
Brewed_vinegar,3,1,8,1,LogisticRegression,Tuned_Baseline,0.9786666666666667,0.9787155863706346,"{'C': np.float64(78.47599703514607), 'class_weight': 'balanced', 'dual': False, 'fit_intercept': True, 'intercept_scaling': 1, 'l1_ratio': None, 'max_iter': 100, 'multi_class': 'deprecated', 'n_jobs': None, 'penalty': 'l2', 'random_state': 42, 'solver': 'lbfgs', 'tol': 0.0001, 'verbose': 0, 'warm_start': False}",0.00045299530029296875
Brewed_vinegar,3,1,8,1,RNN,Baseline,0.6,0.48571428571428565,"{'hidden_size': 64, 'epochs': 10, 'batch_size': 32, 'lr': 0.001}",0.6705169677734375
Brewed_vinegar,3,1,8,1,RNN,Tuned_Baseline,0.6,0.48571428571428565,"{'hidden_size': 64, 'epochs': 10, 'batch_size': 32, 'lr': 0.001}",0.014093399047851562
Brewed_vinegar,3,1,8,2,KNN,Magnitude_Warping,0.9706666666666667,0.970924130776703,"{'algorithm': 'auto', 'leaf_size': 30, 'metric': 'chebyshev', 'metric_params': None, 'n_jobs': None, 'n_neighbors': np.int64(1), 'p': 2, 'weights': 'distance'}",0.007016658782958984
Brewed_vinegar,3,1,8,2,RandomForest,Magnitude_Warping,0.9753333333333334,0.975203307774291,"{'bootstrap': True, 'ccp_alpha': 0.0, 'class_weight': 'balanced', 'criterion': 'gini', 'max_depth': 30, 'max_features': 'sqrt', 'max_leaf_nodes': None, 'max_samples': None, 'min_impurity_decrease': 0.0, 'min_samples_leaf': 1, 'min_samples_split': 5, 'min_weight_fraction_leaf': 0.0, 'monotonic_cst': None, 'n_estimators': 50, 'n_jobs': None, 'oob_score': False, 'random_state': 42, 'verbose': 0, 'warm_start': False}",0.34109044075012207
Brewed_vinegar,3,1,8,2,LinearSVC,Magnitude_Warping,0.822,0.8197583585533015,"{'C': np.float64(2.6366508987303554), 'class_weight': 'balanced', 'dual': False, 'fit_intercept': True, 'intercept_scaling': 1, 'loss': 'squared_hinge', 'max_iter': 100, 'multi_class': 'ovr', 'penalty': 'l2', 'random_state': 42, 'tol': 0.001, 'verbose': 0}",0.018023014068603516
Brewed_vinegar,3,1,8,2,LogisticRegression,Magnitude_Warping,0.9186666666666666,0.9170778028327667,"{'C': np.float64(14.38449888287663), 'class_weight': 'balanced', 'dual': False, 'fit_intercept': True, 'intercept_scaling': 1, 'l1_ratio': None, 'max_iter': 100, 'multi_class': 'deprecated', 'n_jobs': None, 'penalty': 'l2', 'random_state': 42, 'solver': 'lbfgs', 'tol': 0.0001, 'verbose': 0, 'warm_start': False}",0.17711734771728516
Brewed_vinegar,3,1,8,2,RNN,Magnitude_Warping,0.4,0.2571428571428571,"{'hidden_size': 64, 'epochs': 10, 'batch_size': 32, 'lr': 0.001}",0.7391362190246582
Brewed_vinegar,3,1,8,3,KNN,Magnitude_Warping,0.946,0.9459586508313079,"{'algorithm': 'auto', 'leaf_size': 30, 'metric': 'chebyshev', 'metric_params': None, 'n_jobs': None, 'n_neighbors': np.int64(9), 'p': 2, 'weights': 'distance'}",0.024587392807006836
Brewed_vinegar,3,1,8,3,RandomForest,Magnitude_Warping,0.984,0.9839287377013562,"{'bootstrap': True, 'ccp_alpha': 0.0, 'class_weight': 'balanced', 'criterion': 'gini', 'max_depth': None, 'max_features': 'sqrt', 'max_leaf_nodes': None, 'max_samples': None, 'min_impurity_decrease': 0.0, 'min_samples_leaf': 1, 'min_samples_split': 2, 'min_weight_fraction_leaf': 0.0, 'monotonic_cst': None, 'n_estimators': 150, 'n_jobs': None, 'oob_score': False, 'random_state': 42, 'verbose': 0, 'warm_start': False}",0.6678709983825684
Brewed_vinegar,3,1,8,3,LinearSVC,Magnitude_Warping,0.8513333333333334,0.846194907308122,"{'C': np.float64(6.1584821106602545), 'class_weight': 'balanced', 'dual': False, 'fit_intercept': True, 'intercept_scaling': 1, 'loss': 'squared_hinge', 'max_iter': 100, 'multi_class': 'ovr', 'penalty': 'l2', 'random_state': 42, 'tol': 0.001, 'verbose': 0}",0.010647296905517578
Brewed_vinegar,3,1,8,3,LogisticRegression,Magnitude_Warping,0.9486666666666667,0.9481486666804673,"{'C': np.float64(428.1332398719387), 'class_weight': None, 'dual': False, 'fit_intercept': True, 'intercept_scaling': 1, 'l1_ratio': None, 'max_iter': 100, 'multi_class': 'deprecated', 'n_jobs': None, 'penalty': 'l2', 'random_state': 42, 'solver': 'sag', 'tol': 0.0001, 'verbose': 0, 'warm_start': False}",0.06529092788696289
Brewed_vinegar,3,1,8,3,RNN,Magnitude_Warping,0.5333333333333333,0.4209523809523809,"{'hidden_size': 64, 'epochs': 10, 'batch_size': 32, 'lr': 0.001}",1.452430009841919
Brewed_vinegar,3,1,8,5,KNN,Magnitude_Warping,0.9473333333333334,0.9480667834361308,"{'algorithm': 'auto', 'leaf_size': 30, 'metric': 'chebyshev', 'metric_params': None, 'n_jobs': None, 'n_neighbors': np.int64(11), 'p': 2, 'weights': 'distance'}",0.014227628707885742
Brewed_vinegar,3,1,8,5,RandomForest,Magnitude_Warping,0.9866666666666667,0.9866183315431435,"{'bootstrap': True, 'ccp_alpha': 0.0, 'class_weight': 'balanced', 'criterion': 'gini', 'max_depth': 10, 'max_features': 'sqrt', 'max_leaf_nodes': None, 'max_samples': None, 'min_impurity_decrease': 0.0, 'min_samples_leaf': 1, 'min_samples_split': 5, 'min_weight_fraction_leaf': 0.0, 'monotonic_cst': None, 'n_estimators': 150, 'n_jobs': None, 'oob_score': False, 'random_state': 42, 'verbose': 0, 'warm_start': False}",1.3400828838348389
Brewed_vinegar,3,1,8,5,LinearSVC,Magnitude_Warping,0.8846666666666667,0.8830126259026245,"{'C': np.float64(1000.0), 'class_weight': 'balanced', 'dual': False, 'fit_intercept': True, 'intercept_scaling': 1, 'loss': 'squared_hinge', 'max_iter': 100, 'multi_class': 'ovr', 'penalty': 'l1', 'random_state': 42, 'tol': 0.001, 'verbose': 0}",0.06502795219421387
Brewed_vinegar,3,1,8,5,LogisticRegression,Magnitude_Warping,0.966,0.9663431597058146,"{'C': np.float64(78.47599703514607), 'class_weight': None, 'dual': False, 'fit_intercept': True, 'intercept_scaling': 1, 'l1_ratio': None, 'max_iter': 100, 'multi_class': 'deprecated', 'n_jobs': None, 'penalty': 'l2', 'random_state': 42, 'solver': 'saga', 'tol': 0.0001, 'verbose': 0, 'warm_start': False}",0.2458055019378662
Brewed_vinegar,3,1,8,5,RNN,Magnitude_Warping,0.4666666666666667,0.3799134199134199,"{'hidden_size': 64, 'epochs': 10, 'batch_size': 32, 'lr': 0.001}",1.1762268543243408
Brewed_vinegar,3,1,8,10,KNN,Magnitude_Warping,0.9326666666666666,0.9335012627836983,"{'algorithm': 'auto', 'leaf_size': 30, 'metric': 'chebyshev', 'metric_params': None, 'n_jobs': None, 'n_neighbors': np.int64(11), 'p': 2, 'weights': 'distance'}",0.06386828422546387
Brewed_vinegar,3,1,8,10,RandomForest,Magnitude_Warping,0.968,0.9681446344038223,"{'bootstrap': True, 'ccp_alpha': 0.0, 'class_weight': 'balanced', 'criterion': 'gini', 'max_depth': 30, 'max_features': 'sqrt', 'max_leaf_nodes': None, 'max_samples': None, 'min_impurity_decrease': 0.0, 'min_samples_leaf': 2, 'min_samples_split': 5, 'min_weight_fraction_leaf': 0.0, 'monotonic_cst': None, 'n_estimators': 50, 'n_jobs': None, 'oob_score': False, 'random_state': 42, 'verbose': 0, 'warm_start': False}",0.6671304702758789
Brewed_vinegar,3,1,8,10,LinearSVC,Magnitude_Warping,0.8806666666666667,0.8793092721657313,"{'C': np.float64(1.1288378916846884), 'class_weight': 'balanced', 'dual': False, 'fit_intercept': True, 'intercept_scaling': 1, 'loss': 'squared_hinge', 'max_iter': 100, 'multi_class': 'ovr', 'penalty': 'l2', 'random_state': 42, 'tol': 0.001, 'verbose': 0}",0.0230252742767334
Brewed_vinegar,3,1,8,10,LogisticRegression,Magnitude_Warping,0.9893333333333333,0.9893861258688625,"{'C': np.float64(1000.0), 'class_weight': None, 'dual': False, 'fit_intercept': True, 'intercept_scaling': 1, 'l1_ratio': None, 'max_iter': 100, 'multi_class': 'deprecated', 'n_jobs': None, 'penalty': 'l1', 'random_state': 42, 'solver': 'saga', 'tol': 0.0001, 'verbose': 0, 'warm_start': False}",0.37764883041381836
Brewed_vinegar,3,1,8,10,RNN,Magnitude_Warping,0.5333333333333333,0.40507936507936504,"{'hidden_size': 64, 'epochs': 10, 'batch_size': 32, 'lr': 0.001}",3.553687334060669
Brewed_vinegar,3,1,9,1,KNN,Baseline,0.9586666666666667,0.9588774627337421,"{'algorithm': 'auto', 'leaf_size': 30, 'metric': 'minkowski', 'metric_params': None, 'n_jobs': None, 'n_neighbors': 5, 'p': 2, 'weights': 'uniform'}",0.1097872257232666
Brewed_vinegar,3,1,9,1,KNN,Tuned_Baseline,1.0,1.0,"{'algorithm': 'auto', 'leaf_size': 30, 'metric': 'chebyshev', 'metric_params': None, 'n_jobs': None, 'n_neighbors': np.int64(1), 'p': 2, 'weights': 'distance'}",0.006501436233520508
Brewed_vinegar,3,1,9,1,RandomForest,Baseline,0.9473333333333334,0.947281210628536,"{'bootstrap': True, 'ccp_alpha': 0.0, 'class_weight': None, 'criterion': 'gini', 'max_depth': None, 'max_features': 'sqrt', 'max_leaf_nodes': None, 'max_samples': None, 'min_impurity_decrease': 0.0, 'min_samples_leaf': 1, 'min_samples_split': 2, 'min_weight_fraction_leaf': 0.0, 'monotonic_cst': None, 'n_estimators': 100, 'n_jobs': None, 'oob_score': False, 'random_state': 42, 'verbose': 0, 'warm_start': False}",0.24165630340576172
Brewed_vinegar,3,1,9,1,RandomForest,Tuned_Baseline,0.9493333333333334,0.9494002927935872,"{'bootstrap': True, 'ccp_alpha': 0.0, 'class_weight': None, 'criterion': 'gini', 'max_depth': 30, 'max_features': 'sqrt', 'max_leaf_nodes': None, 'max_samples': None, 'min_impurity_decrease': 0.0, 'min_samples_leaf': 1, 'min_samples_split': 10, 'min_weight_fraction_leaf': 0.0, 'monotonic_cst': None, 'n_estimators': 150, 'n_jobs': None, 'oob_score': False, 'random_state': 42, 'verbose': 0, 'warm_start': False}",0.014275550842285156
Brewed_vinegar,3,1,9,1,LinearSVC,Baseline,0.886,0.8820924541785056,"{'C': 1.0, 'class_weight': None, 'dual': False, 'fit_intercept': True, 'intercept_scaling': 1, 'loss': 'squared_hinge', 'max_iter': 100, 'multi_class': 'ovr', 'penalty': 'l2', 'random_state': 42, 'tol': 0.0001, 'verbose': 0}",0.004760265350341797
Brewed_vinegar,3,1,9,1,LinearSVC,Tuned_Baseline,0.8486666666666667,0.8449077152700973,"{'C': np.float64(6.1584821106602545), 'class_weight': None, 'dual': False, 'fit_intercept': True, 'intercept_scaling': 1, 'loss': 'squared_hinge', 'max_iter': 100, 'multi_class': 'ovr', 'penalty': 'l2', 'random_state': 42, 'tol': 0.0001, 'verbose': 0}",0.0002834796905517578
Brewed_vinegar,3,1,9,1,LogisticRegression,Baseline,0.992,0.9919783961441576,"{'C': 1.0, 'class_weight': None, 'dual': False, 'fit_intercept': True, 'intercept_scaling': 1, 'l1_ratio': None, 'max_iter': 100, 'multi_class': 'deprecated', 'n_jobs': None, 'penalty': 'l2', 'random_state': 42, 'solver': 'lbfgs', 'tol': 0.0001, 'verbose': 0, 'warm_start': False}",0.09810256958007812
Brewed_vinegar,3,1,9,1,LogisticRegression,Tuned_Baseline,1.0,1.0,"{'C': np.float64(428.1332398719387), 'class_weight': 'balanced', 'dual': False, 'fit_intercept': True, 'intercept_scaling': 1, 'l1_ratio': None, 'max_iter': 100, 'multi_class': 'deprecated', 'n_jobs': None, 'penalty': 'l2', 'random_state': 42, 'solver': 'lbfgs', 'tol': 0.0001, 'verbose': 0, 'warm_start': False}",0.00043463706970214844
Brewed_vinegar,3,1,9,1,RNN,Baseline,0.7333333333333333,0.6388888888888888,"{'hidden_size': 64, 'epochs': 10, 'batch_size': 32, 'lr': 0.001}",0.38377833366394043
Brewed_vinegar,3,1,9,1,RNN,Tuned_Baseline,0.7333333333333333,0.6388888888888888,"{'hidden_size': 64, 'epochs': 10, 'batch_size': 32, 'lr': 0.001}",0.003376483917236328
Brewed_vinegar,3,1,9,2,KNN,Magnitude_Warping,0.992,0.9919547200323429,"{'algorithm': 'auto', 'leaf_size': 30, 'metric': 'minkowski', 'metric_params': None, 'n_jobs': None, 'n_neighbors': np.int64(3), 'p': 4, 'weights': 'uniform'}",0.08134126663208008
Brewed_vinegar,3,1,9,2,RandomForest,Magnitude_Warping,0.9573333333333334,0.9572705286779128,"{'bootstrap': True, 'ccp_alpha': 0.0, 'class_weight': None, 'criterion': 'gini', 'max_depth': 30, 'max_features': 'sqrt', 'max_leaf_nodes': None, 'max_samples': None, 'min_impurity_decrease': 0.0, 'min_samples_leaf': 1, 'min_samples_split': 2, 'min_weight_fraction_leaf': 0.0, 'monotonic_cst': None, 'n_estimators': 100, 'n_jobs': None, 'oob_score': False, 'random_state': 42, 'verbose': 0, 'warm_start': False}",0.3926429748535156
Brewed_vinegar,3,1,9,2,LinearSVC,Magnitude_Warping,0.9633333333333334,0.9630525222557769,"{'C': np.float64(6.1584821106602545), 'class_weight': 'balanced', 'dual': False, 'fit_intercept': True, 'intercept_scaling': 1, 'loss': 'squared_hinge', 'max_iter': 100, 'multi_class': 'ovr', 'penalty': 'l1', 'random_state': 42, 'tol': 0.0001, 'verbose': 0}",0.03992772102355957
Brewed_vinegar,3,1,9,2,LogisticRegression,Magnitude_Warping,1.0,1.0,"{'C': np.float64(428.1332398719387), 'class_weight': None, 'dual': False, 'fit_intercept': True, 'intercept_scaling': 1, 'l1_ratio': None, 'max_iter': 100, 'multi_class': 'deprecated', 'n_jobs': None, 'penalty': 'l2', 'random_state': 42, 'solver': 'sag', 'tol': 0.0001, 'verbose': 0, 'warm_start': False}",0.04396629333496094
Brewed_vinegar,3,1,9,2,RNN,Magnitude_Warping,0.5333333333333333,0.4111111111111111,"{'hidden_size': 64, 'epochs': 10, 'batch_size': 32, 'lr': 0.001}",0.9830856323242188
Brewed_vinegar,3,1,9,3,KNN,Magnitude_Warping,0.9866666666666667,0.9865901525579805,"{'algorithm': 'auto', 'leaf_size': 30, 'metric': 'minkowski', 'metric_params': None, 'n_jobs': None, 'n_neighbors': np.int64(5), 'p': 3, 'weights': 'distance'}",0.06022214889526367
Brewed_vinegar,3,1,9,3,RandomForest,Magnitude_Warping,0.9533333333333334,0.953305620861226,"{'bootstrap': True, 'ccp_alpha': 0.0, 'class_weight': None, 'criterion': 'gini', 'max_depth': 10, 'max_features': 'sqrt', 'max_leaf_nodes': None, 'max_samples': None, 'min_impurity_decrease': 0.0, 'min_samples_leaf': 1, 'min_samples_split': 2, 'min_weight_fraction_leaf': 0.0, 'monotonic_cst': None, 'n_estimators': 100, 'n_jobs': None, 'oob_score': False, 'random_state': 42, 'verbose': 0, 'warm_start': False}",0.39860081672668457
Brewed_vinegar,3,1,9,3,LinearSVC,Magnitude_Warping,0.8673333333333333,0.8649408606822023,"{'C': np.float64(14.38449888287663), 'class_weight': None, 'dual': False, 'fit_intercept': True, 'intercept_scaling': 1, 'loss': 'squared_hinge', 'max_iter': 100, 'multi_class': 'ovr', 'penalty': 'l1', 'random_state': 42, 'tol': 0.0001, 'verbose': 0}",0.031865835189819336
Brewed_vinegar,3,1,9,3,LogisticRegression,Magnitude_Warping,0.99,0.989927146024707,"{'C': np.float64(1000.0), 'class_weight': 'balanced', 'dual': False, 'fit_intercept': True, 'intercept_scaling': 1, 'l1_ratio': None, 'max_iter': 100, 'multi_class': 'deprecated', 'n_jobs': None, 'penalty': 'l2', 'random_state': 42, 'solver': 'saga', 'tol': 0.0001, 'verbose': 0, 'warm_start': False}",0.06193828582763672
Brewed_vinegar,3,1,9,3,RNN,Magnitude_Warping,0.4666666666666667,0.32592592592592595,"{'hidden_size': 64, 'epochs': 10, 'batch_size': 32, 'lr': 0.001}",0.6576027870178223
Brewed_vinegar,3,1,9,5,KNN,Magnitude_Warping,0.9633333333333334,0.9634276740048671,"{'algorithm': 'auto', 'leaf_size': 30, 'metric': 'minkowski', 'metric_params': None, 'n_jobs': None, 'n_neighbors': np.int64(9), 'p': 3, 'weights': 'distance'}",0.07473444938659668
Brewed_vinegar,3,1,9,5,RandomForest,Magnitude_Warping,0.9546666666666667,0.9540909902980013,"{'bootstrap': True, 'ccp_alpha': 0.0, 'class_weight': 'balanced', 'criterion': 'gini', 'max_depth': None, 'max_features': 'sqrt', 'max_leaf_nodes': None, 'max_samples': None, 'min_impurity_decrease': 0.0, 'min_samples_leaf': 4, 'min_samples_split': 20, 'min_weight_fraction_leaf': 0.0, 'monotonic_cst': None, 'n_estimators': 150, 'n_jobs': None, 'oob_score': False, 'random_state': 42, 'verbose': 0, 'warm_start': False}",1.055654525756836
Brewed_vinegar,3,1,9,5,LinearSVC,Magnitude_Warping,0.936,0.9363160623722989,"{'C': np.float64(1000.0), 'class_weight': 'balanced', 'dual': False, 'fit_intercept': True, 'intercept_scaling': 1, 'loss': 'squared_hinge', 'max_iter': 100, 'multi_class': 'ovr', 'penalty': 'l1', 'random_state': 42, 'tol': 0.001, 'verbose': 0}",0.0627279281616211
Brewed_vinegar,3,1,9,5,LogisticRegression,Magnitude_Warping,0.99,0.9900525177633611,"{'C': np.float64(33.59818286283781), 'class_weight': 'balanced', 'dual': False, 'fit_intercept': True, 'intercept_scaling': 1, 'l1_ratio': None, 'max_iter': 100, 'multi_class': 'deprecated', 'n_jobs': None, 'penalty': 'l2', 'random_state': 42, 'solver': 'lbfgs', 'tol': 0.0001, 'verbose': 0, 'warm_start': False}",0.48813390731811523
Brewed_vinegar,3,1,9,5,RNN,Magnitude_Warping,0.5333333333333333,0.4888888888888889,"{'hidden_size': 64, 'epochs': 10, 'batch_size': 32, 'lr': 0.001}",0.4733264446258545
Brewed_vinegar,3,1,9,10,KNN,Magnitude_Warping,0.9646666666666667,0.9648443271136634,"{'algorithm': 'auto', 'leaf_size': 30, 'metric': 'chebyshev', 'metric_params': None, 'n_jobs': None, 'n_neighbors': np.int64(11), 'p': 2, 'weights': 'distance'}",0.019491195678710938
Brewed_vinegar,3,1,9,10,RandomForest,Magnitude_Warping,0.9606666666666667,0.9606758211012516,"{'bootstrap': True, 'ccp_alpha': 0.0, 'class_weight': 'balanced', 'criterion': 'gini', 'max_depth': 10, 'max_features': 'sqrt', 'max_leaf_nodes': None, 'max_samples': None, 'min_impurity_decrease': 0.0, 'min_samples_leaf': 4, 'min_samples_split': 5, 'min_weight_fraction_leaf': 0.0, 'monotonic_cst': None, 'n_estimators': 150, 'n_jobs': None, 'oob_score': False, 'random_state': 42, 'verbose': 0, 'warm_start': False}",1.6190142631530762
Brewed_vinegar,3,1,9,10,LinearSVC,Magnitude_Warping,0.9213333333333333,0.9207210838617045,"{'C': np.float64(78.47599703514607), 'class_weight': 'balanced', 'dual': False, 'fit_intercept': True, 'intercept_scaling': 1, 'loss': 'squared_hinge', 'max_iter': 100, 'multi_class': 'ovr', 'penalty': 'l2', 'random_state': 42, 'tol': 0.0001, 'verbose': 0}",0.025516271591186523
Brewed_vinegar,3,1,9,10,LogisticRegression,Magnitude_Warping,1.0,1.0,"{'C': np.float64(6.1584821106602545), 'class_weight': 'balanced', 'dual': False, 'fit_intercept': True, 'intercept_scaling': 1, 'l1_ratio': None, 'max_iter': 100, 'multi_class': 'deprecated', 'n_jobs': None, 'penalty': 'l1', 'random_state': 42, 'solver': 'saga', 'tol': 0.0001, 'verbose': 0, 'warm_start': False}",0.3343029022216797
Brewed_vinegar,3,1,9,10,RNN,Magnitude_Warping,0.3333333333333333,0.18666666666666665,"{'hidden_size': 64, 'epochs': 10, 'batch_size': 32, 'lr': 0.001}",1.2604615688323975
Brewed_vinegar,3,1,10,1,KNN,Baseline,0.9826666666666667,0.982727552801747,"{'algorithm': 'auto', 'leaf_size': 30, 'metric': 'minkowski', 'metric_params': None, 'n_jobs': None, 'n_neighbors': 5, 'p': 2, 'weights': 'uniform'}",0.05555391311645508
Brewed_vinegar,3,1,10,1,KNN,Tuned_Baseline,1.0,1.0,"{'algorithm': 'auto', 'leaf_size': 30, 'metric': 'chebyshev', 'metric_params': None, 'n_jobs': None, 'n_neighbors': np.int64(1), 'p': 2, 'weights': 'distance'}",0.0042111873626708984
Brewed_vinegar,3,1,10,1,RandomForest,Baseline,0.976,0.9759203833885471,"{'bootstrap': True, 'ccp_alpha': 0.0, 'class_weight': None, 'criterion': 'gini', 'max_depth': None, 'max_features': 'sqrt', 'max_leaf_nodes': None, 'max_samples': None, 'min_impurity_decrease': 0.0, 'min_samples_leaf': 1, 'min_samples_split': 2, 'min_weight_fraction_leaf': 0.0, 'monotonic_cst': None, 'n_estimators': 100, 'n_jobs': None, 'oob_score': False, 'random_state': 42, 'verbose': 0, 'warm_start': False}",0.2122511863708496
Brewed_vinegar,3,1,10,1,RandomForest,Tuned_Baseline,0.9913333333333333,0.9913286577336142,"{'bootstrap': True, 'ccp_alpha': 0.0, 'class_weight': None, 'criterion': 'gini', 'max_depth': 20, 'max_features': 'sqrt', 'max_leaf_nodes': None, 'max_samples': None, 'min_impurity_decrease': 0.0, 'min_samples_leaf': 2, 'min_samples_split': 10, 'min_weight_fraction_leaf': 0.0, 'monotonic_cst': None, 'n_estimators': 150, 'n_jobs': None, 'oob_score': False, 'random_state': 42, 'verbose': 0, 'warm_start': False}",0.012182474136352539
Brewed_vinegar,3,1,10,1,LinearSVC,Baseline,0.816,0.8043165523988456,"{'C': 1.0, 'class_weight': None, 'dual': False, 'fit_intercept': True, 'intercept_scaling': 1, 'loss': 'squared_hinge', 'max_iter': 100, 'multi_class': 'ovr', 'penalty': 'l2', 'random_state': 42, 'tol': 0.0001, 'verbose': 0}",0.0043010711669921875
Brewed_vinegar,3,1,10,1,LinearSVC,Tuned_Baseline,0.6586666666666666,0.6240344082644477,"{'C': np.float64(14.38449888287663), 'class_weight': None, 'dual': False, 'fit_intercept': False, 'intercept_scaling': 1, 'loss': 'squared_hinge', 'max_iter': 100, 'multi_class': 'ovr', 'penalty': 'l2', 'random_state': 42, 'tol': 0.0001, 'verbose': 0}",0.0004184246063232422
Brewed_vinegar,3,1,10,1,LogisticRegression,Baseline,0.948,0.9485379507724907,"{'C': 1.0, 'class_weight': None, 'dual': False, 'fit_intercept': True, 'intercept_scaling': 1, 'l1_ratio': None, 'max_iter': 100, 'multi_class': 'deprecated', 'n_jobs': None, 'penalty': 'l2', 'random_state': 42, 'solver': 'lbfgs', 'tol': 0.0001, 'verbose': 0, 'warm_start': False}",0.2552487850189209
Brewed_vinegar,3,1,10,1,LogisticRegression,Tuned_Baseline,0.9966666666666667,0.9966679783365127,"{'C': np.float64(428.1332398719387), 'class_weight': 'balanced', 'dual': False, 'fit_intercept': True, 'intercept_scaling': 1, 'l1_ratio': None, 'max_iter': 100, 'multi_class': 'deprecated', 'n_jobs': None, 'penalty': 'l2', 'random_state': 42, 'solver': 'lbfgs', 'tol': 0.0001, 'verbose': 0, 'warm_start': False}",0.0004551410675048828
Brewed_vinegar,3,1,10,1,RNN,Baseline,0.7333333333333333,0.6761904761904761,"{'hidden_size': 64, 'epochs': 10, 'batch_size': 32, 'lr': 0.001}",0.6964232921600342
Brewed_vinegar,3,1,10,1,RNN,Tuned_Baseline,0.7333333333333333,0.6761904761904761,"{'hidden_size': 64, 'epochs': 10, 'batch_size': 32, 'lr': 0.001}",0.015563488006591797
Brewed_vinegar,3,1,10,2,KNN,Magnitude_Warping,0.9833333333333333,0.9834380013436393,"{'algorithm': 'auto', 'leaf_size': 30, 'metric': 'minkowski', 'metric_params': None, 'n_jobs': None, 'n_neighbors': np.int64(5), 'p': 3, 'weights': 'distance'}",0.09615015983581543
Brewed_vinegar,3,1,10,2,RandomForest,Magnitude_Warping,0.982,0.9820337215434238,"{'bootstrap': True, 'ccp_alpha': 0.0, 'class_weight': 'balanced', 'criterion': 'gini', 'max_depth': 20, 'max_features': 'sqrt', 'max_leaf_nodes': None, 'max_samples': None, 'min_impurity_decrease': 0.0, 'min_samples_leaf': 2, 'min_samples_split': 2, 'min_weight_fraction_leaf': 0.0, 'monotonic_cst': None, 'n_estimators': 50, 'n_jobs': None, 'oob_score': False, 'random_state': 42, 'verbose': 0, 'warm_start': False}",0.13404583930969238
Brewed_vinegar,3,1,10,2,LinearSVC,Magnitude_Warping,0.7773333333333333,0.7633964973894739,"{'C': np.float64(14.38449888287663), 'class_weight': None, 'dual': False, 'fit_intercept': True, 'intercept_scaling': 1, 'loss': 'squared_hinge', 'max_iter': 100, 'multi_class': 'ovr', 'penalty': 'l1', 'random_state': 42, 'tol': 0.0001, 'verbose': 0}",0.027226924896240234
Brewed_vinegar,3,1,10,2,LogisticRegression,Magnitude_Warping,0.96,0.9602338573356974,"{'C': np.float64(183.29807108324337), 'class_weight': None, 'dual': False, 'fit_intercept': True, 'intercept_scaling': 1, 'l1_ratio': None, 'max_iter': 100, 'multi_class': 'deprecated', 'n_jobs': None, 'penalty': 'l2', 'random_state': 42, 'solver': 'sag', 'tol': 0.0001, 'verbose': 0, 'warm_start': False}",0.07242393493652344
Brewed_vinegar,3,1,10,2,RNN,Magnitude_Warping,0.4666666666666667,0.3142857142857142,"{'hidden_size': 64, 'epochs': 10, 'batch_size': 32, 'lr': 0.001}",1.3683505058288574
Brewed_vinegar,3,1,10,3,KNN,Magnitude_Warping,0.994,0.9940244623070402,"{'algorithm': 'auto', 'leaf_size': 30, 'metric': 'minkowski', 'metric_params': None, 'n_jobs': None, 'n_neighbors': np.int64(5), 'p': 3, 'weights': 'distance'}",0.1293187141418457
Brewed_vinegar,3,1,10,3,RandomForest,Magnitude_Warping,0.9986666666666667,0.9986677537618486,"{'bootstrap': True, 'ccp_alpha': 0.0, 'class_weight': 'balanced', 'criterion': 'gini', 'max_depth': 20, 'max_features': 'sqrt', 'max_leaf_nodes': None, 'max_samples': None, 'min_impurity_decrease': 0.0, 'min_samples_leaf': 1, 'min_samples_split': 10, 'min_weight_fraction_leaf': 0.0, 'monotonic_cst': None, 'n_estimators': 100, 'n_jobs': None, 'oob_score': False, 'random_state': 42, 'verbose': 0, 'warm_start': False}",0.41301822662353516
Brewed_vinegar,3,1,10,3,LinearSVC,Magnitude_Warping,0.8173333333333334,0.8060173733229153,"{'C': np.float64(14.38449888287663), 'class_weight': 'balanced', 'dual': False, 'fit_intercept': True, 'intercept_scaling': 1, 'loss': 'squared_hinge', 'max_iter': 100, 'multi_class': 'ovr', 'penalty': 'l2', 'random_state': 42, 'tol': 0.0001, 'verbose': 0}",0.012417316436767578
Brewed_vinegar,3,1,10,3,LogisticRegression,Magnitude_Warping,0.9646666666666667,0.9650008884383869,"{'C': np.float64(78.47599703514607), 'class_weight': 'balanced', 'dual': False, 'fit_intercept': True, 'intercept_scaling': 1, 'l1_ratio': None, 'max_iter': 100, 'multi_class': 'deprecated', 'n_jobs': None, 'penalty': 'l2', 'random_state': 42, 'solver': 'lbfgs', 'tol': 0.0001, 'verbose': 0, 'warm_start': False}",0.1880640983581543
Brewed_vinegar,3,1,10,3,RNN,Magnitude_Warping,0.4666666666666667,0.33544973544973544,"{'hidden_size': 64, 'epochs': 10, 'batch_size': 32, 'lr': 0.001}",0.6182286739349365
Brewed_vinegar,3,1,10,5,KNN,Magnitude_Warping,0.986,0.9860702154374632,"{'algorithm': 'auto', 'leaf_size': 30, 'metric': 'minkowski', 'metric_params': None, 'n_jobs': None, 'n_neighbors': np.int64(9), 'p': 3, 'weights': 'distance'}",0.19517874717712402
Brewed_vinegar,3,1,10,5,RandomForest,Magnitude_Warping,0.9893333333333333,0.9893285900590911,"{'bootstrap': True, 'ccp_alpha': 0.0, 'class_weight': None, 'criterion': 'gini', 'max_depth': 30, 'max_features': 'sqrt', 'max_leaf_nodes': None, 'max_samples': None, 'min_impurity_decrease': 0.0, 'min_samples_leaf': 1, 'min_samples_split': 2, 'min_weight_fraction_leaf': 0.0, 'monotonic_cst': None, 'n_estimators': 50, 'n_jobs': None, 'oob_score': False, 'random_state': 42, 'verbose': 0, 'warm_start': False}",1.1634504795074463
Brewed_vinegar,3,1,10,5,LinearSVC,Magnitude_Warping,0.8173333333333334,0.8094509453376789,"{'C': np.float64(1000.0), 'class_weight': 'balanced', 'dual': False, 'fit_intercept': True, 'intercept_scaling': 1, 'loss': 'squared_hinge', 'max_iter': 100, 'multi_class': 'ovr', 'penalty': 'l1', 'random_state': 42, 'tol': 0.001, 'verbose': 0}",0.06554532051086426
Brewed_vinegar,3,1,10,5,LogisticRegression,Magnitude_Warping,0.9953333333333333,0.9953459208096646,"{'C': np.float64(78.47599703514607), 'class_weight': 'balanced', 'dual': False, 'fit_intercept': True, 'intercept_scaling': 1, 'l1_ratio': None, 'max_iter': 100, 'multi_class': 'deprecated', 'n_jobs': None, 'penalty': 'l2', 'random_state': 42, 'solver': 'lbfgs', 'tol': 0.0001, 'verbose': 0, 'warm_start': False}",1.9309802055358887
Brewed_vinegar,3,1,10,5,RNN,Magnitude_Warping,0.5333333333333333,0.3988888888888889,"{'hidden_size': 64, 'epochs': 10, 'batch_size': 32, 'lr': 0.001}",3.1001884937286377
Brewed_vinegar,3,1,10,10,KNN,Magnitude_Warping,0.9293333333333333,0.9297092010584538,"{'algorithm': 'auto', 'leaf_size': 30, 'metric': 'chebyshev', 'metric_params': None, 'n_jobs': None, 'n_neighbors': np.int64(1), 'p': 2, 'weights': 'distance'}",0.014349937438964844
Brewed_vinegar,3,1,10,10,RandomForest,Magnitude_Warping,0.982,0.9821450028814204,"{'bootstrap': True, 'ccp_alpha': 0.0, 'class_weight': None, 'criterion': 'gini', 'max_depth': 10, 'max_features': 'sqrt', 'max_leaf_nodes': None, 'max_samples': None, 'min_impurity_decrease': 0.0, 'min_samples_leaf': 1, 'min_samples_split': 2, 'min_weight_fraction_leaf': 0.0, 'monotonic_cst': None, 'n_estimators': 150, 'n_jobs': None, 'oob_score': False, 'random_state': 42, 'verbose': 0, 'warm_start': False}",2.0374643802642822
Brewed_vinegar,3,1,10,10,LinearSVC,Magnitude_Warping,0.844,0.841142543279411,"{'C': np.float64(428.1332398719387), 'class_weight': 'balanced', 'dual': False, 'fit_intercept': True, 'intercept_scaling': 1, 'loss': 'squared_hinge', 'max_iter': 100, 'multi_class': 'ovr', 'penalty': 'l2', 'random_state': 42, 'tol': 0.0001, 'verbose': 0}",0.031348228454589844
Brewed_vinegar,3,1,10,10,LogisticRegression,Magnitude_Warping,0.9866666666666667,0.9867542419266556,"{'C': np.float64(33.59818286283781), 'class_weight': 'balanced', 'dual': False, 'fit_intercept': True, 'intercept_scaling': 1, 'l1_ratio': None, 'max_iter': 100, 'multi_class': 'deprecated', 'n_jobs': None, 'penalty': 'l2', 'random_state': 42, 'solver': 'lbfgs', 'tol': 0.0001, 'verbose': 0, 'warm_start': False}",0.38518786430358887
Brewed_vinegar,3,1,10,10,RNN,Magnitude_Warping,0.6666666666666666,0.5925925925925927,"{'hidden_size': 64, 'epochs': 10, 'batch_size': 32, 'lr': 0.001}",1.6435298919677734
