Dataset,Fold,SeedsPerLabel,SeedFoldSelection,ScaleFactor,Model,Method,Accuracy,F1_Score,Hyperparameters,ExecutionTime_Sec
Wine_spoilage,1,1,1,1,KNN,Baseline,0.8651612903225806,0.8633112708007088,"{'algorithm': 'auto', 'leaf_size': 30, 'metric': 'minkowski', 'metric_params': None, 'n_jobs': None, 'n_neighbors': 5, 'p': 2, 'weights': 'uniform'}",0.2876589298248291
Wine_spoilage,1,1,1,1,KNN,Baseline,0.8651612903225806,0.8633112708007088,"{'algorithm': 'auto', 'leaf_size': 30, 'metric': 'minkowski', 'metric_params': None, 'n_jobs': None, 'n_neighbors': 5, 'p': 2, 'weights': 'uniform'}",0.1491544246673584
Wine_spoilage,1,1,1,1,KNN,Baseline,0.8651612903225806,0.8633112708007088,"{'algorithm': 'auto', 'leaf_size': 30, 'metric': 'minkowski', 'metric_params': None, 'n_jobs': None, 'n_neighbors': 5, 'p': 2, 'weights': 'uniform'}",0.14477038383483887
Wine_spoilage,1,1,1,1,KNN,Baseline,0.8651612903225806,0.8633112708007088,"{'algorithm': 'auto', 'leaf_size': 30, 'metric': 'minkowski', 'metric_params': None, 'n_jobs': None, 'n_neighbors': 5, 'p': 2, 'weights': 'uniform'}",0.14994430541992188
Wine_spoilage,1,1,1,1,KNN,Tuned_Baseline,0.8770967741935484,0.8733853248665125,"{'algorithm': 'auto', 'leaf_size': 30, 'metric': 'manhattan', 'metric_params': None, 'n_jobs': None, 'n_neighbors': np.int64(8), 'p': 2, 'weights': 'distance'}",0.0200498104095459
Wine_spoilage,1,1,1,1,RandomForest,Baseline,0.854516129032258,0.8472960243992818,"{'bootstrap': True, 'ccp_alpha': 0.0, 'class_weight': None, 'criterion': 'gini', 'max_depth': None, 'max_features': 'sqrt', 'max_leaf_nodes': None, 'max_samples': None, 'min_impurity_decrease': 0.0, 'min_samples_leaf': 1, 'min_samples_split': 2, 'min_weight_fraction_leaf': 0.0, 'monotonic_cst': None, 'n_estimators': 100, 'n_jobs': None, 'oob_score': False, 'random_state': 42, 'verbose': 0, 'warm_start': False}",0.18750286102294922
Wine_spoilage,1,1,1,1,RandomForest,Tuned_Baseline,0.8538709677419355,0.8471623338706432,"{'bootstrap': True, 'ccp_alpha': 0.0, 'class_weight': None, 'criterion': 'gini', 'max_depth': 20, 'max_features': 'sqrt', 'max_leaf_nodes': None, 'max_samples': None, 'min_impurity_decrease': 0.0, 'min_samples_leaf': 1, 'min_samples_split': 2, 'min_weight_fraction_leaf': 0.0, 'monotonic_cst': None, 'n_estimators': 50, 'n_jobs': None, 'oob_score': False, 'random_state': 42, 'verbose': 0, 'warm_start': False}",0.007355690002441406
Wine_spoilage,1,1,1,1,LinearSVC,Baseline,0.7254838709677419,0.7424029925746639,"{'C': 1.0, 'class_weight': None, 'dual': False, 'fit_intercept': True, 'intercept_scaling': 1, 'loss': 'squared_hinge', 'max_iter': 100, 'multi_class': 'ovr', 'penalty': 'l2', 'random_state': 42, 'tol': 0.0001, 'verbose': 0}",0.009403467178344727
Wine_spoilage,1,1,1,1,LinearSVC,Tuned_Baseline,0.733225806451613,0.7453494542165056,"{'C': np.float64(0.1), 'class_weight': None, 'dual': True, 'fit_intercept': True, 'intercept_scaling': 1, 'loss': 'squared_hinge', 'max_iter': 100, 'multi_class': 'ovr', 'penalty': 'l2', 'random_state': 42, 'tol': 0.0001, 'verbose': 0}",0.0003960132598876953
Wine_spoilage,1,1,1,1,LogisticRegression,Baseline,0.737741935483871,0.7498361144532076,"{'C': 1.0, 'class_weight': None, 'dual': False, 'fit_intercept': True, 'intercept_scaling': 1, 'l1_ratio': None, 'max_iter': 100, 'multi_class': 'deprecated', 'n_jobs': None, 'penalty': 'l2', 'random_state': 42, 'solver': 'lbfgs', 'tol': 0.0001, 'verbose': 0, 'warm_start': False}",0.019673585891723633
Wine_spoilage,1,1,1,1,KNN,Tuned_Baseline,0.8770967741935484,0.8733853248665125,"{'algorithm': 'auto', 'leaf_size': 30, 'metric': 'manhattan', 'metric_params': None, 'n_jobs': None, 'n_neighbors': np.int64(8), 'p': 2, 'weights': 'distance'}",0.01728343963623047
Wine_spoilage,1,1,1,1,RandomForest,Baseline,0.854516129032258,0.8472960243992818,"{'bootstrap': True, 'ccp_alpha': 0.0, 'class_weight': None, 'criterion': 'gini', 'max_depth': None, 'max_features': 'sqrt', 'max_leaf_nodes': None, 'max_samples': None, 'min_impurity_decrease': 0.0, 'min_samples_leaf': 1, 'min_samples_split': 2, 'min_weight_fraction_leaf': 0.0, 'monotonic_cst': None, 'n_estimators': 100, 'n_jobs': None, 'oob_score': False, 'random_state': 42, 'verbose': 0, 'warm_start': False}",0.19077253341674805
Wine_spoilage,1,1,1,1,KNN,Tuned_Baseline,0.8770967741935484,0.8733853248665125,"{'algorithm': 'auto', 'leaf_size': 30, 'metric': 'manhattan', 'metric_params': None, 'n_jobs': None, 'n_neighbors': np.int64(8), 'p': 2, 'weights': 'distance'}",0.01766204833984375
Wine_spoilage,1,1,1,1,RandomForest,Baseline,0.854516129032258,0.8472960243992818,"{'bootstrap': True, 'ccp_alpha': 0.0, 'class_weight': None, 'criterion': 'gini', 'max_depth': None, 'max_features': 'sqrt', 'max_leaf_nodes': None, 'max_samples': None, 'min_impurity_decrease': 0.0, 'min_samples_leaf': 1, 'min_samples_split': 2, 'min_weight_fraction_leaf': 0.0, 'monotonic_cst': None, 'n_estimators': 100, 'n_jobs': None, 'oob_score': False, 'random_state': 42, 'verbose': 0, 'warm_start': False}",0.20744109153747559
Wine_spoilage,1,1,1,1,KNN,Tuned_Baseline,0.8770967741935484,0.8733853248665125,"{'algorithm': 'auto', 'leaf_size': 30, 'metric': 'manhattan', 'metric_params': None, 'n_jobs': None, 'n_neighbors': np.int64(8), 'p': 2, 'weights': 'distance'}",0.036147356033325195
Wine_spoilage,1,1,1,1,RandomForest,Baseline,0.854516129032258,0.8472960243992818,"{'bootstrap': True, 'ccp_alpha': 0.0, 'class_weight': None, 'criterion': 'gini', 'max_depth': None, 'max_features': 'sqrt', 'max_leaf_nodes': None, 'max_samples': None, 'min_impurity_decrease': 0.0, 'min_samples_leaf': 1, 'min_samples_split': 2, 'min_weight_fraction_leaf': 0.0, 'monotonic_cst': None, 'n_estimators': 100, 'n_jobs': None, 'oob_score': False, 'random_state': 42, 'verbose': 0, 'warm_start': False}",0.3194875717163086
Wine_spoilage,1,1,1,1,RandomForest,Tuned_Baseline,0.8538709677419355,0.8471623338706432,"{'bootstrap': True, 'ccp_alpha': 0.0, 'class_weight': None, 'criterion': 'gini', 'max_depth': 20, 'max_features': 'sqrt', 'max_leaf_nodes': None, 'max_samples': None, 'min_impurity_decrease': 0.0, 'min_samples_leaf': 1, 'min_samples_split': 2, 'min_weight_fraction_leaf': 0.0, 'monotonic_cst': None, 'n_estimators': 50, 'n_jobs': None, 'oob_score': False, 'random_state': 42, 'verbose': 0, 'warm_start': False}",0.008294105529785156
Wine_spoilage,1,1,1,1,LinearSVC,Baseline,0.7254838709677419,0.7424029925746639,"{'C': 1.0, 'class_weight': None, 'dual': False, 'fit_intercept': True, 'intercept_scaling': 1, 'loss': 'squared_hinge', 'max_iter': 100, 'multi_class': 'ovr', 'penalty': 'l2', 'random_state': 42, 'tol': 0.0001, 'verbose': 0}",0.0058858394622802734
Wine_spoilage,1,1,1,1,LinearSVC,Tuned_Baseline,0.733225806451613,0.7453494542165056,"{'C': np.float64(0.1), 'class_weight': None, 'dual': True, 'fit_intercept': True, 'intercept_scaling': 1, 'loss': 'squared_hinge', 'max_iter': 100, 'multi_class': 'ovr', 'penalty': 'l2', 'random_state': 42, 'tol': 0.0001, 'verbose': 0}",0.0004420280456542969
Wine_spoilage,1,1,1,1,LogisticRegression,Baseline,0.737741935483871,0.7498361144532076,"{'C': 1.0, 'class_weight': None, 'dual': False, 'fit_intercept': True, 'intercept_scaling': 1, 'l1_ratio': None, 'max_iter': 100, 'multi_class': 'deprecated', 'n_jobs': None, 'penalty': 'l2', 'random_state': 42, 'solver': 'lbfgs', 'tol': 0.0001, 'verbose': 0, 'warm_start': False}",0.10132217407226562
Wine_spoilage,1,1,1,1,LogisticRegression,Tuned_Baseline,0.6958064516129032,0.7157538844986466,"{'C': np.float64(10.0), 'class_weight': None, 'dual': False, 'fit_intercept': True, 'intercept_scaling': 1, 'l1_ratio': None, 'max_iter': 100, 'multi_class': 'deprecated', 'n_jobs': None, 'penalty': 'l2', 'random_state': 42, 'solver': 'lbfgs', 'tol': 0.0001, 'verbose': 0, 'warm_start': False}",0.0005338191986083984
Wine_spoilage,1,1,1,1,RandomForest,Tuned_Baseline,0.8538709677419355,0.8471623338706432,"{'bootstrap': True, 'ccp_alpha': 0.0, 'class_weight': None, 'criterion': 'gini', 'max_depth': 20, 'max_features': 'sqrt', 'max_leaf_nodes': None, 'max_samples': None, 'min_impurity_decrease': 0.0, 'min_samples_leaf': 1, 'min_samples_split': 2, 'min_weight_fraction_leaf': 0.0, 'monotonic_cst': None, 'n_estimators': 50, 'n_jobs': None, 'oob_score': False, 'random_state': 42, 'verbose': 0, 'warm_start': False}",0.007986783981323242
Wine_spoilage,1,1,1,1,LinearSVC,Baseline,0.7254838709677419,0.7424029925746639,"{'C': 1.0, 'class_weight': None, 'dual': False, 'fit_intercept': True, 'intercept_scaling': 1, 'loss': 'squared_hinge', 'max_iter': 100, 'multi_class': 'ovr', 'penalty': 'l2', 'random_state': 42, 'tol': 0.0001, 'verbose': 0}",0.006009817123413086
Wine_spoilage,1,1,1,1,LinearSVC,Tuned_Baseline,0.733225806451613,0.7453494542165056,"{'C': np.float64(0.1), 'class_weight': None, 'dual': True, 'fit_intercept': True, 'intercept_scaling': 1, 'loss': 'squared_hinge', 'max_iter': 100, 'multi_class': 'ovr', 'penalty': 'l2', 'random_state': 42, 'tol': 0.0001, 'verbose': 0}",0.0003311634063720703
Wine_spoilage,1,1,1,1,RandomForest,Tuned_Baseline,0.8538709677419355,0.8471623338706432,"{'bootstrap': True, 'ccp_alpha': 0.0, 'class_weight': None, 'criterion': 'gini', 'max_depth': 20, 'max_features': 'sqrt', 'max_leaf_nodes': None, 'max_samples': None, 'min_impurity_decrease': 0.0, 'min_samples_leaf': 1, 'min_samples_split': 2, 'min_weight_fraction_leaf': 0.0, 'monotonic_cst': None, 'n_estimators': 50, 'n_jobs': None, 'oob_score': False, 'random_state': 42, 'verbose': 0, 'warm_start': False}",0.007885932922363281
Wine_spoilage,1,1,1,1,LinearSVC,Baseline,0.7254838709677419,0.7424029925746639,"{'C': 1.0, 'class_weight': None, 'dual': False, 'fit_intercept': True, 'intercept_scaling': 1, 'loss': 'squared_hinge', 'max_iter': 100, 'multi_class': 'ovr', 'penalty': 'l2', 'random_state': 42, 'tol': 0.0001, 'verbose': 0}",0.00624394416809082
Wine_spoilage,1,1,1,1,LogisticRegression,Baseline,0.737741935483871,0.7498361144532076,"{'C': 1.0, 'class_weight': None, 'dual': False, 'fit_intercept': True, 'intercept_scaling': 1, 'l1_ratio': None, 'max_iter': 100, 'multi_class': 'deprecated', 'n_jobs': None, 'penalty': 'l2', 'random_state': 42, 'solver': 'lbfgs', 'tol': 0.0001, 'verbose': 0, 'warm_start': False}",0.21299147605895996
Wine_spoilage,1,1,1,1,LinearSVC,Tuned_Baseline,0.733225806451613,0.7453494542165056,"{'C': np.float64(0.1), 'class_weight': None, 'dual': True, 'fit_intercept': True, 'intercept_scaling': 1, 'loss': 'squared_hinge', 'max_iter': 100, 'multi_class': 'ovr', 'penalty': 'l2', 'random_state': 42, 'tol': 0.0001, 'verbose': 0}",0.0004336833953857422
Wine_spoilage,1,1,1,1,LogisticRegression,Baseline,0.737741935483871,0.7498361144532076,"{'C': 1.0, 'class_weight': None, 'dual': False, 'fit_intercept': True, 'intercept_scaling': 1, 'l1_ratio': None, 'max_iter': 100, 'multi_class': 'deprecated', 'n_jobs': None, 'penalty': 'l2', 'random_state': 42, 'solver': 'lbfgs', 'tol': 0.0001, 'verbose': 0, 'warm_start': False}",0.23611044883728027
Wine_spoilage,1,1,1,1,RNN,Baseline,0.7419354838709677,0.6754032258064516,"{'hidden_size': 64, 'epochs': 10, 'batch_size': 32, 'lr': 0.001}",2.706613063812256
Wine_spoilage,1,1,1,1,RNN,Tuned_Baseline,0.7419354838709677,0.6754032258064516,"{'hidden_size': 64, 'epochs': 10, 'batch_size': 32, 'lr': 0.001}",0.013422966003417969
Wine_spoilage,1,1,1,2,KNN,Jittering,0.8787096774193548,0.8747692685995222,"{'algorithm': 'auto', 'leaf_size': 30, 'metric': 'manhattan', 'metric_params': None, 'n_jobs': None, 'n_neighbors': np.int64(9), 'p': 2, 'weights': 'distance'}",0.029030799865722656
Wine_spoilage,1,1,1,1,LogisticRegression,Tuned_Baseline,0.6958064516129032,0.7157538844986466,"{'C': np.float64(10.0), 'class_weight': None, 'dual': False, 'fit_intercept': True, 'intercept_scaling': 1, 'l1_ratio': None, 'max_iter': 100, 'multi_class': 'deprecated', 'n_jobs': None, 'penalty': 'l2', 'random_state': 42, 'solver': 'lbfgs', 'tol': 0.0001, 'verbose': 0, 'warm_start': False}",0.0005464553833007812
Wine_spoilage,1,1,1,2,RandomForest,Jittering,0.8554838709677419,0.8507015458037254,"{'bootstrap': True, 'ccp_alpha': 0.0, 'class_weight': None, 'criterion': 'gini', 'max_depth': 20, 'max_features': 'sqrt', 'max_leaf_nodes': None, 'max_samples': None, 'min_impurity_decrease': 0.0, 'min_samples_leaf': 2, 'min_samples_split': 2, 'min_weight_fraction_leaf': 0.0, 'monotonic_cst': None, 'n_estimators': 50, 'n_jobs': None, 'oob_score': False, 'random_state': 42, 'verbose': 0, 'warm_start': False}",0.11318516731262207
Wine_spoilage,1,1,1,2,LinearSVC,Jittering,0.7261290322580645,0.7389692362326062,"{'C': np.float64(0.1), 'class_weight': None, 'dual': False, 'fit_intercept': True, 'intercept_scaling': 1, 'loss': 'squared_hinge', 'max_iter': 100, 'multi_class': 'ovr', 'penalty': 'l1', 'random_state': 42, 'tol': 0.0001, 'verbose': 0}",0.006292581558227539
Wine_spoilage,1,1,1,1,LogisticRegression,Tuned_Baseline,0.6958064516129032,0.7157538844986466,"{'C': np.float64(10.0), 'class_weight': None, 'dual': False, 'fit_intercept': True, 'intercept_scaling': 1, 'l1_ratio': None, 'max_iter': 100, 'multi_class': 'deprecated', 'n_jobs': None, 'penalty': 'l2', 'random_state': 42, 'solver': 'lbfgs', 'tol': 0.0001, 'verbose': 0, 'warm_start': False}",0.000560760498046875
Wine_spoilage,1,1,1,1,LogisticRegression,Tuned_Baseline,0.6958064516129032,0.7157538844986466,"{'C': np.float64(10.0), 'class_weight': None, 'dual': False, 'fit_intercept': True, 'intercept_scaling': 1, 'l1_ratio': None, 'max_iter': 100, 'multi_class': 'deprecated', 'n_jobs': None, 'penalty': 'l2', 'random_state': 42, 'solver': 'lbfgs', 'tol': 0.0001, 'verbose': 0, 'warm_start': False}",0.0010666847229003906
Wine_spoilage,1,1,1,2,LogisticRegression,Jittering,0.6167741935483871,0.6379818666378991,"{'C': np.float64(100.0), 'class_weight': None, 'dual': False, 'fit_intercept': True, 'intercept_scaling': 1, 'l1_ratio': None, 'max_iter': 100, 'multi_class': 'deprecated', 'n_jobs': None, 'penalty': 'l2', 'random_state': 42, 'solver': 'lbfgs', 'tol': 0.0001, 'verbose': 0, 'warm_start': False}",0.028491497039794922
Wine_spoilage,1,1,1,2,RNN,Jittering,0.7741935483870968,0.7292825361512792,"{'hidden_size': 64, 'epochs': 10, 'batch_size': 32, 'lr': 0.001}",0.20273900032043457
Wine_spoilage,1,1,1,3,KNN,Jittering,0.8890322580645161,0.8846617698756352,"{'algorithm': 'auto', 'leaf_size': 30, 'metric': 'euclidean', 'metric_params': None, 'n_jobs': None, 'n_neighbors': np.int64(3), 'p': 2, 'weights': 'uniform'}",0.14546847343444824
Wine_spoilage,1,1,1,1,RNN,Baseline,0.3225806451612903,0.2520382842963488,"{'hidden_size': 64, 'epochs': 10, 'batch_size': 32, 'lr': 0.001}",2.9113194942474365
Wine_spoilage,1,1,1,1,RNN,Tuned_Baseline,0.3225806451612903,0.2520382842963488,"{'hidden_size': 64, 'epochs': 10, 'batch_size': 32, 'lr': 0.001}",0.02493596076965332
Wine_spoilage,1,1,1,3,RandomForest,Jittering,0.8548387096774194,0.848775591124193,"{'bootstrap': True, 'ccp_alpha': 0.0, 'class_weight': None, 'criterion': 'gini', 'max_depth': 20, 'max_features': 'sqrt', 'max_leaf_nodes': None, 'max_samples': None, 'min_impurity_decrease': 0.0, 'min_samples_leaf': 2, 'min_samples_split': 2, 'min_weight_fraction_leaf': 0.0, 'monotonic_cst': None, 'n_estimators': 50, 'n_jobs': None, 'oob_score': False, 'random_state': 42, 'verbose': 0, 'warm_start': False}",0.13232922554016113
Wine_spoilage,1,1,1,3,LinearSVC,Jittering,0.737741935483871,0.7498071404694405,"{'C': np.float64(0.1), 'class_weight': None, 'dual': True, 'fit_intercept': True, 'intercept_scaling': 1, 'loss': 'squared_hinge', 'max_iter': 100, 'multi_class': 'ovr', 'penalty': 'l2', 'random_state': 42, 'tol': 0.0001, 'verbose': 0}",0.01186513900756836
Wine_spoilage,1,1,1,2,KNN,Time_Warping,0.8406451612903226,0.8404201356688452,"{'algorithm': 'auto', 'leaf_size': 30, 'metric': 'manhattan', 'metric_params': None, 'n_jobs': None, 'n_neighbors': np.int64(9), 'p': 2, 'weights': 'distance'}",0.2666032314300537
Wine_spoilage,1,1,1,3,LogisticRegression,Jittering,0.6203225806451613,0.6414724911956723,"{'C': np.float64(100.0), 'class_weight': None, 'dual': False, 'fit_intercept': True, 'intercept_scaling': 1, 'l1_ratio': None, 'max_iter': 100, 'multi_class': 'deprecated', 'n_jobs': None, 'penalty': None, 'random_state': 42, 'solver': 'lbfgs', 'tol': 0.0001, 'verbose': 0, 'warm_start': False}",0.060918569564819336
Wine_spoilage,1,1,1,3,RNN,Jittering,0.3548387096774194,0.29393187457703585,"{'hidden_size': 64, 'epochs': 10, 'batch_size': 32, 'lr': 0.001}",0.3436858654022217
Wine_spoilage,1,1,1,5,KNN,Jittering,0.8887096774193548,0.8842169583727735,"{'algorithm': 'auto', 'leaf_size': 30, 'metric': 'manhattan', 'metric_params': None, 'n_jobs': None, 'n_neighbors': np.int64(9), 'p': 2, 'weights': 'distance'}",0.046199798583984375
Wine_spoilage,1,1,1,5,RandomForest,Jittering,0.8612903225806452,0.8558224921099503,"{'bootstrap': True, 'ccp_alpha': 0.0, 'class_weight': None, 'criterion': 'gini', 'max_depth': 10, 'max_features': 'sqrt', 'max_leaf_nodes': None, 'max_samples': None, 'min_impurity_decrease': 0.0, 'min_samples_leaf': 1, 'min_samples_split': 2, 'min_weight_fraction_leaf': 0.0, 'monotonic_cst': None, 'n_estimators': 50, 'n_jobs': None, 'oob_score': False, 'random_state': 42, 'verbose': 0, 'warm_start': False}",0.1670985221862793
Wine_spoilage,1,1,1,5,LinearSVC,Jittering,0.7383870967741936,0.747020725037748,"{'C': np.float64(0.001), 'class_weight': None, 'dual': False, 'fit_intercept': True, 'intercept_scaling': 1, 'loss': 'squared_hinge', 'max_iter': 100, 'multi_class': 'ovr', 'penalty': 'l2', 'random_state': 42, 'tol': 0.0001, 'verbose': 0}",0.007665395736694336
Wine_spoilage,1,1,1,1,RNN,Baseline,0.3548387096774194,0.2897022332506204,"{'hidden_size': 64, 'epochs': 10, 'batch_size': 32, 'lr': 0.001}",5.820543050765991
Wine_spoilage,1,1,1,1,RNN,Tuned_Baseline,0.3548387096774194,0.2897022332506204,"{'hidden_size': 64, 'epochs': 10, 'batch_size': 32, 'lr': 0.001}",0.09208345413208008
Wine_spoilage,1,1,1,5,LogisticRegression,Jittering,0.6703225806451613,0.6912926399351212,"{'C': np.float64(100.0), 'class_weight': None, 'dual': False, 'fit_intercept': True, 'intercept_scaling': 1, 'l1_ratio': None, 'max_iter': 100, 'multi_class': 'deprecated', 'n_jobs': None, 'penalty': 'l2', 'random_state': 42, 'solver': 'lbfgs', 'tol': 0.0001, 'verbose': 0, 'warm_start': False}",0.0390477180480957
Wine_spoilage,1,1,1,5,RNN,Jittering,0.8709677419354839,0.8688172043010752,"{'hidden_size': 64, 'epochs': 10, 'batch_size': 32, 'lr': 0.001}",0.2411656379699707
Wine_spoilage,1,1,1,10,KNN,Jittering,0.8829032258064516,0.8794866429593455,"{'algorithm': 'auto', 'leaf_size': 30, 'metric': 'minkowski', 'metric_params': None, 'n_jobs': None, 'n_neighbors': 5, 'p': 2, 'weights': 'uniform'}",0.16333603858947754
Wine_spoilage,1,1,1,10,RandomForest,Jittering,0.8709677419354839,0.8657019161226509,"{'bootstrap': True, 'ccp_alpha': 0.0, 'class_weight': None, 'criterion': 'gini', 'max_depth': None, 'max_features': 'sqrt', 'max_leaf_nodes': None, 'max_samples': None, 'min_impurity_decrease': 0.0, 'min_samples_leaf': 1, 'min_samples_split': 2, 'min_weight_fraction_leaf': 0.0, 'monotonic_cst': None, 'n_estimators': 100, 'n_jobs': None, 'oob_score': False, 'random_state': 42, 'verbose': 0, 'warm_start': False}",0.620373010635376
Wine_spoilage,1,1,1,10,LinearSVC,Jittering,0.7193548387096774,0.7369252372801616,"{'C': 1.0, 'class_weight': None, 'dual': False, 'fit_intercept': True, 'intercept_scaling': 1, 'loss': 'squared_hinge', 'max_iter': 100, 'multi_class': 'ovr', 'penalty': 'l2', 'random_state': 42, 'tol': 0.0001, 'verbose': 0}",0.016160249710083008
Wine_spoilage,1,1,1,1,RNN,Baseline,0.3870967741935484,0.3562023460410557,"{'hidden_size': 64, 'epochs': 10, 'batch_size': 32, 'lr': 0.001}",8.727076530456543
Wine_spoilage,1,1,1,10,LogisticRegression,Jittering,0.717741935483871,0.7355482158079972,"{'C': 1.0, 'class_weight': None, 'dual': False, 'fit_intercept': True, 'intercept_scaling': 1, 'l1_ratio': None, 'max_iter': 100, 'multi_class': 'deprecated', 'n_jobs': None, 'penalty': 'l2', 'random_state': 42, 'solver': 'lbfgs', 'tol': 0.0001, 'verbose': 0, 'warm_start': False}",0.0468289852142334
Wine_spoilage,1,1,1,1,RNN,Tuned_Baseline,0.3870967741935484,0.3562023460410557,"{'hidden_size': 64, 'epochs': 10, 'batch_size': 32, 'lr': 0.001}",0.0871129035949707
Wine_spoilage,1,1,1,10,RNN,Jittering,0.7419354838709677,0.6566820276497695,"{'hidden_size': 64, 'epochs': 10, 'batch_size': 32, 'lr': 0.001}",0.3259425163269043
Wine_spoilage,1,1,1,2,KNN,Magnitude_Warping,0.864516129032258,0.8630739719203352,"{'algorithm': 'auto', 'leaf_size': 30, 'metric': 'manhattan', 'metric_params': None, 'n_jobs': None, 'n_neighbors': np.int64(9), 'p': 2, 'weights': 'distance'}",0.1325087547302246
Wine_spoilage,1,1,1,2,RandomForest,Time_Warping,0.8161290322580645,0.8135631539393263,"{'bootstrap': True, 'ccp_alpha': 0.0, 'class_weight': None, 'criterion': 'gini', 'max_depth': 20, 'max_features': 'sqrt', 'max_leaf_nodes': None, 'max_samples': None, 'min_impurity_decrease': 0.0, 'min_samples_leaf': 2, 'min_samples_split': 2, 'min_weight_fraction_leaf': 0.0, 'monotonic_cst': None, 'n_estimators': 50, 'n_jobs': None, 'oob_score': False, 'random_state': 42, 'verbose': 0, 'warm_start': False}",0.5508298873901367
Wine_spoilage,1,1,2,1,KNN,Baseline,0.766774193548387,0.7617335308779719,"{'algorithm': 'auto', 'leaf_size': 30, 'metric': 'minkowski', 'metric_params': None, 'n_jobs': None, 'n_neighbors': 5, 'p': 2, 'weights': 'uniform'}",0.13499760627746582
Wine_spoilage,1,1,2,1,KNN,Tuned_Baseline,0.7706451612903226,0.7642514391284545,"{'algorithm': 'auto', 'leaf_size': 30, 'metric': 'euclidean', 'metric_params': None, 'n_jobs': None, 'n_neighbors': np.int64(3), 'p': 2, 'weights': 'uniform'}",0.13650035858154297
Wine_spoilage,1,1,2,1,RandomForest,Baseline,0.7735483870967742,0.7562430500332841,"{'bootstrap': True, 'ccp_alpha': 0.0, 'class_weight': None, 'criterion': 'gini', 'max_depth': None, 'max_features': 'sqrt', 'max_leaf_nodes': None, 'max_samples': None, 'min_impurity_decrease': 0.0, 'min_samples_leaf': 1, 'min_samples_split': 2, 'min_weight_fraction_leaf': 0.0, 'monotonic_cst': None, 'n_estimators': 100, 'n_jobs': None, 'oob_score': False, 'random_state': 42, 'verbose': 0, 'warm_start': False}",0.17219281196594238
Wine_spoilage,1,1,1,2,LinearSVC,Time_Warping,0.7225806451612903,0.7353007198915269,"{'C': np.float64(10.0), 'class_weight': None, 'dual': False, 'fit_intercept': True, 'intercept_scaling': 1, 'loss': 'squared_hinge', 'max_iter': 100, 'multi_class': 'ovr', 'penalty': 'l1', 'random_state': 42, 'tol': 0.0001, 'verbose': 0}",0.0392303466796875
Wine_spoilage,1,1,1,2,KNN,Scaling,0.8735483870967742,0.8698604000319685,"{'algorithm': 'auto', 'leaf_size': 30, 'metric': 'manhattan', 'metric_params': None, 'n_jobs': None, 'n_neighbors': np.int64(9), 'p': 2, 'weights': 'distance'}",0.04979252815246582
Wine_spoilage,1,1,2,1,RandomForest,Tuned_Baseline,0.7735483870967742,0.7562430500332841,"{'bootstrap': True, 'ccp_alpha': 0.0, 'class_weight': None, 'criterion': 'gini', 'max_depth': 20, 'max_features': 'sqrt', 'max_leaf_nodes': None, 'max_samples': None, 'min_impurity_decrease': 0.0, 'min_samples_leaf': 1, 'min_samples_split': 2, 'min_weight_fraction_leaf': 0.0, 'monotonic_cst': None, 'n_estimators': 100, 'n_jobs': None, 'oob_score': False, 'random_state': 42, 'verbose': 0, 'warm_start': False}",0.009702205657958984
Wine_spoilage,1,1,2,1,LinearSVC,Baseline,0.7616129032258064,0.757148521149306,"{'C': 1.0, 'class_weight': None, 'dual': False, 'fit_intercept': True, 'intercept_scaling': 1, 'loss': 'squared_hinge', 'max_iter': 100, 'multi_class': 'ovr', 'penalty': 'l2', 'random_state': 42, 'tol': 0.0001, 'verbose': 0}",0.002959012985229492
Wine_spoilage,1,1,2,1,LinearSVC,Tuned_Baseline,0.7577419354838709,0.7565126175968643,"{'C': np.float64(0.1), 'class_weight': None, 'dual': False, 'fit_intercept': True, 'intercept_scaling': 1, 'loss': 'squared_hinge', 'max_iter': 100, 'multi_class': 'ovr', 'penalty': 'l2', 'random_state': 42, 'tol': 0.0001, 'verbose': 0}",0.0003476142883300781
Wine_spoilage,1,1,2,1,LogisticRegression,Baseline,0.76,0.7569420440658524,"{'C': 1.0, 'class_weight': None, 'dual': False, 'fit_intercept': True, 'intercept_scaling': 1, 'l1_ratio': None, 'max_iter': 100, 'multi_class': 'deprecated', 'n_jobs': None, 'penalty': 'l2', 'random_state': 42, 'solver': 'lbfgs', 'tol': 0.0001, 'verbose': 0, 'warm_start': False}",0.007210493087768555
Wine_spoilage,1,1,1,2,RandomForest,Magnitude_Warping,0.8606451612903225,0.853771170630306,"{'bootstrap': True, 'ccp_alpha': 0.0, 'class_weight': None, 'criterion': 'gini', 'max_depth': 20, 'max_features': 'sqrt', 'max_leaf_nodes': None, 'max_samples': None, 'min_impurity_decrease': 0.0, 'min_samples_leaf': 2, 'min_samples_split': 2, 'min_weight_fraction_leaf': 0.0, 'monotonic_cst': None, 'n_estimators': 50, 'n_jobs': None, 'oob_score': False, 'random_state': 42, 'verbose': 0, 'warm_start': False}",0.10562396049499512
Wine_spoilage,1,1,1,2,LinearSVC,Magnitude_Warping,0.7119354838709677,0.7270194603701366,"{'C': np.float64(0.1), 'class_weight': None, 'dual': False, 'fit_intercept': True, 'intercept_scaling': 1, 'loss': 'squared_hinge', 'max_iter': 100, 'multi_class': 'ovr', 'penalty': 'l1', 'random_state': 42, 'tol': 0.0001, 'verbose': 0}",0.0069580078125
Wine_spoilage,1,1,1,2,RandomForest,Scaling,0.7787096774193548,0.7825492506224628,"{'bootstrap': True, 'ccp_alpha': 0.0, 'class_weight': None, 'criterion': 'gini', 'max_depth': 20, 'max_features': 'sqrt', 'max_leaf_nodes': None, 'max_samples': None, 'min_impurity_decrease': 0.0, 'min_samples_leaf': 2, 'min_samples_split': 5, 'min_weight_fraction_leaf': 0.0, 'monotonic_cst': None, 'n_estimators': 100, 'n_jobs': None, 'oob_score': False, 'random_state': 42, 'verbose': 0, 'warm_start': False}",0.21604251861572266
Wine_spoilage,1,1,1,2,LinearSVC,Scaling,0.7309677419354839,0.7432004748131676,"{'C': np.float64(0.1), 'class_weight': None, 'dual': False, 'fit_intercept': True, 'intercept_scaling': 1, 'loss': 'squared_hinge', 'max_iter': 100, 'multi_class': 'ovr', 'penalty': 'l1', 'random_state': 42, 'tol': 0.0001, 'verbose': 0}",0.006067514419555664
Wine_spoilage,1,1,2,1,LogisticRegression,Tuned_Baseline,0.7725806451612903,0.7643879551561052,"{'C': np.float64(100.0), 'class_weight': None, 'dual': False, 'fit_intercept': True, 'intercept_scaling': 1, 'l1_ratio': None, 'max_iter': 100, 'multi_class': 'deprecated', 'n_jobs': None, 'penalty': None, 'random_state': 42, 'solver': 'lbfgs', 'tol': 0.0001, 'verbose': 0, 'warm_start': False}",0.0005645751953125
Wine_spoilage,1,1,1,2,LogisticRegression,Time_Warping,0.5019354838709678,0.505521790279973,"{'C': np.float64(10.0), 'class_weight': None, 'dual': False, 'fit_intercept': True, 'intercept_scaling': 1, 'l1_ratio': None, 'max_iter': 100, 'multi_class': 'deprecated', 'n_jobs': None, 'penalty': None, 'random_state': 42, 'solver': 'lbfgs', 'tol': 0.0001, 'verbose': 0, 'warm_start': False}",0.23138761520385742
Wine_spoilage,1,1,2,1,RNN,Baseline,0.7741935483870968,0.7254224270353302,"{'hidden_size': 64, 'epochs': 10, 'batch_size': 32, 'lr': 0.001}",0.2072739601135254
Wine_spoilage,1,1,2,1,RNN,Tuned_Baseline,0.7741935483870968,0.7254224270353302,"{'hidden_size': 64, 'epochs': 10, 'batch_size': 32, 'lr': 0.001}",0.002956390380859375
Wine_spoilage,1,1,2,2,KNN,Jittering,0.77,0.7645095716157538,"{'algorithm': 'auto', 'leaf_size': 30, 'metric': 'manhattan', 'metric_params': None, 'n_jobs': None, 'n_neighbors': np.int64(9), 'p': 2, 'weights': 'distance'}",0.023764610290527344
Wine_spoilage,1,1,1,2,RNN,Time_Warping,0.41935483870967744,0.4525089605734767,"{'hidden_size': 64, 'epochs': 10, 'batch_size': 32, 'lr': 0.001}",0.39713597297668457
Wine_spoilage,1,1,1,2,LogisticRegression,Scaling,0.6670967741935484,0.6917346756636386,"{'C': np.float64(100.0), 'class_weight': None, 'dual': False, 'fit_intercept': True, 'intercept_scaling': 1, 'l1_ratio': None, 'max_iter': 100, 'multi_class': 'deprecated', 'n_jobs': None, 'penalty': 'l2', 'random_state': 42, 'solver': 'lbfgs', 'tol': 0.0001, 'verbose': 0, 'warm_start': False}",0.02585434913635254
Wine_spoilage,1,1,1,3,KNN,Time_Warping,0.8354838709677419,0.8348714572840967,"{'algorithm': 'auto', 'leaf_size': 30, 'metric': 'manhattan', 'metric_params': None, 'n_jobs': None, 'n_neighbors': np.int64(9), 'p': 2, 'weights': 'distance'}",0.03575611114501953
Wine_spoilage,1,1,1,2,LogisticRegression,Magnitude_Warping,0.6490322580645161,0.666927037139894,"{'C': np.float64(100.0), 'class_weight': None, 'dual': False, 'fit_intercept': True, 'intercept_scaling': 1, 'l1_ratio': None, 'max_iter': 100, 'multi_class': 'deprecated', 'n_jobs': None, 'penalty': 'l2', 'random_state': 42, 'solver': 'lbfgs', 'tol': 0.0001, 'verbose': 0, 'warm_start': False}",0.499361515045166
Wine_spoilage,1,1,1,2,RNN,Scaling,0.41935483870967744,0.3379416282642089,"{'hidden_size': 64, 'epochs': 10, 'batch_size': 32, 'lr': 0.001}",0.726043701171875
Wine_spoilage,1,1,2,2,RandomForest,Jittering,0.7777419354838709,0.7656619730735142,"{'bootstrap': True, 'ccp_alpha': 0.0, 'class_weight': None, 'criterion': 'gini', 'max_depth': 20, 'max_features': 'sqrt', 'max_leaf_nodes': None, 'max_samples': None, 'min_impurity_decrease': 0.0, 'min_samples_leaf': 2, 'min_samples_split': 5, 'min_weight_fraction_leaf': 0.0, 'monotonic_cst': None, 'n_estimators': 100, 'n_jobs': None, 'oob_score': False, 'random_state': 42, 'verbose': 0, 'warm_start': False}",0.18386626243591309
Wine_spoilage,1,1,2,2,LinearSVC,Jittering,0.7583870967741936,0.7561853659996699,"{'C': np.float64(0.1), 'class_weight': None, 'dual': False, 'fit_intercept': True, 'intercept_scaling': 1, 'loss': 'squared_hinge', 'max_iter': 100, 'multi_class': 'ovr', 'penalty': 'l1', 'random_state': 42, 'tol': 0.0001, 'verbose': 0}",0.006007194519042969
Wine_spoilage,1,1,1,3,KNN,Scaling,0.896774193548387,0.892047702036418,"{'algorithm': 'auto', 'leaf_size': 30, 'metric': 'euclidean', 'metric_params': None, 'n_jobs': None, 'n_neighbors': np.int64(3), 'p': 2, 'weights': 'uniform'}",0.15840387344360352
Wine_spoilage,1,1,1,3,RandomForest,Time_Warping,0.807741935483871,0.8068801498005912,"{'bootstrap': True, 'ccp_alpha': 0.0, 'class_weight': None, 'criterion': 'gini', 'max_depth': 20, 'max_features': 'sqrt', 'max_leaf_nodes': None, 'max_samples': None, 'min_impurity_decrease': 0.0, 'min_samples_leaf': 2, 'min_samples_split': 2, 'min_weight_fraction_leaf': 0.0, 'monotonic_cst': None, 'n_estimators': 50, 'n_jobs': None, 'oob_score': False, 'random_state': 42, 'verbose': 0, 'warm_start': False}",0.13193488121032715
Wine_spoilage,1,1,1,2,RNN,Magnitude_Warping,0.8709677419354839,0.8638440860215054,"{'hidden_size': 64, 'epochs': 10, 'batch_size': 32, 'lr': 0.001}",0.8502945899963379
Wine_spoilage,1,1,1,3,LinearSVC,Time_Warping,0.74,0.7516332870451292,"{'C': np.float64(1.0), 'class_weight': None, 'dual': False, 'fit_intercept': True, 'intercept_scaling': 1, 'loss': 'squared_hinge', 'max_iter': 100, 'multi_class': 'ovr', 'penalty': 'l2', 'random_state': 42, 'tol': 0.0001, 'verbose': 0}",0.012362957000732422
Wine_spoilage,1,1,1,3,KNN,Magnitude_Warping,0.8858064516129033,0.881603242363458,"{'algorithm': 'auto', 'leaf_size': 30, 'metric': 'manhattan', 'metric_params': None, 'n_jobs': None, 'n_neighbors': np.int64(9), 'p': 2, 'weights': 'distance'}",0.047907352447509766
Wine_spoilage,1,1,2,2,LogisticRegression,Jittering,0.7574193548387097,0.7487790878914796,"{'C': np.float64(100.0), 'class_weight': None, 'dual': False, 'fit_intercept': True, 'intercept_scaling': 1, 'l1_ratio': None, 'max_iter': 100, 'multi_class': 'deprecated', 'n_jobs': None, 'penalty': 'l2', 'random_state': 42, 'solver': 'lbfgs', 'tol': 0.0001, 'verbose': 0, 'warm_start': False}",0.008925676345825195
Wine_spoilage,1,1,2,2,RNN,Jittering,0.8387096774193549,0.821163656078267,"{'hidden_size': 64, 'epochs': 10, 'batch_size': 32, 'lr': 0.001}",0.22232675552368164
Wine_spoilage,1,1,2,3,KNN,Jittering,0.7725806451612903,0.7664483813157987,"{'algorithm': 'auto', 'leaf_size': 30, 'metric': 'manhattan', 'metric_params': None, 'n_jobs': None, 'n_neighbors': np.int64(9), 'p': 2, 'weights': 'distance'}",0.028959989547729492
Wine_spoilage,1,1,1,3,RandomForest,Scaling,0.8638709677419355,0.8567399836923125,"{'bootstrap': True, 'ccp_alpha': 0.0, 'class_weight': None, 'criterion': 'gini', 'max_depth': 20, 'max_features': 'sqrt', 'max_leaf_nodes': None, 'max_samples': None, 'min_impurity_decrease': 0.0, 'min_samples_leaf': 2, 'min_samples_split': 2, 'min_weight_fraction_leaf': 0.0, 'monotonic_cst': None, 'n_estimators': 50, 'n_jobs': None, 'oob_score': False, 'random_state': 42, 'verbose': 0, 'warm_start': False}",0.13747310638427734
Wine_spoilage,1,1,1,3,LinearSVC,Scaling,0.7745161290322581,0.7853440379527253,"{'C': np.float64(1.0), 'class_weight': None, 'dual': False, 'fit_intercept': True, 'intercept_scaling': 1, 'loss': 'squared_hinge', 'max_iter': 100, 'multi_class': 'ovr', 'penalty': 'l2', 'random_state': 42, 'tol': 0.0001, 'verbose': 0}",0.006445884704589844
Wine_spoilage,1,1,1,3,RandomForest,Magnitude_Warping,0.8661290322580645,0.8624550095796601,"{'bootstrap': True, 'ccp_alpha': 0.0, 'class_weight': None, 'criterion': 'gini', 'max_depth': 20, 'max_features': 'sqrt', 'max_leaf_nodes': None, 'max_samples': None, 'min_impurity_decrease': 0.0, 'min_samples_leaf': 2, 'min_samples_split': 2, 'min_weight_fraction_leaf': 0.0, 'monotonic_cst': None, 'n_estimators': 50, 'n_jobs': None, 'oob_score': False, 'random_state': 42, 'verbose': 0, 'warm_start': False}",0.13892459869384766
Wine_spoilage,1,1,1,3,LinearSVC,Magnitude_Warping,0.7451612903225806,0.7580981628853163,"{'C': np.float64(100.0), 'class_weight': None, 'dual': True, 'fit_intercept': True, 'intercept_scaling': 1, 'loss': 'hinge', 'max_iter': 100, 'multi_class': 'ovr', 'penalty': 'l2', 'random_state': 42, 'tol': 0.0001, 'verbose': 0}",0.019369125366210938
Wine_spoilage,1,1,1,3,LogisticRegression,Time_Warping,0.5458064516129032,0.5542377723091206,"{'C': np.float64(100.0), 'class_weight': None, 'dual': False, 'fit_intercept': True, 'intercept_scaling': 1, 'l1_ratio': None, 'max_iter': 100, 'multi_class': 'deprecated', 'n_jobs': None, 'penalty': 'l2', 'random_state': 42, 'solver': 'lbfgs', 'tol': 0.0001, 'verbose': 0, 'warm_start': False}",0.06535553932189941
Wine_spoilage,1,1,2,3,RandomForest,Jittering,0.7851612903225806,0.7727963717054671,"{'bootstrap': True, 'ccp_alpha': 0.0, 'class_weight': None, 'criterion': 'gini', 'max_depth': 20, 'max_features': 'sqrt', 'max_leaf_nodes': None, 'max_samples': None, 'min_impurity_decrease': 0.0, 'min_samples_leaf': 1, 'min_samples_split': 2, 'min_weight_fraction_leaf': 0.0, 'monotonic_cst': None, 'n_estimators': 100, 'n_jobs': None, 'oob_score': False, 'random_state': 42, 'verbose': 0, 'warm_start': False}",0.22666215896606445
Wine_spoilage,1,1,1,3,RNN,Time_Warping,0.8064516129032258,0.7380254154447703,"{'hidden_size': 64, 'epochs': 10, 'batch_size': 32, 'lr': 0.001}",0.23531532287597656
Wine_spoilage,1,1,2,3,LinearSVC,Jittering,0.7564516129032258,0.7505401234227745,"{'C': np.float64(10.0), 'class_weight': None, 'dual': False, 'fit_intercept': True, 'intercept_scaling': 1, 'loss': 'squared_hinge', 'max_iter': 100, 'multi_class': 'ovr', 'penalty': 'l1', 'random_state': 42, 'tol': 0.0001, 'verbose': 0}",0.010689735412597656
Wine_spoilage,1,1,1,5,KNN,Time_Warping,0.8338709677419355,0.8335757681683853,"{'algorithm': 'auto', 'leaf_size': 30, 'metric': 'manhattan', 'metric_params': None, 'n_jobs': None, 'n_neighbors': np.int64(9), 'p': 2, 'weights': 'distance'}",0.06370162963867188
Wine_spoilage,1,1,1,3,LogisticRegression,Scaling,0.6883870967741935,0.710757802130575,"{'C': np.float64(100.0), 'class_weight': None, 'dual': False, 'fit_intercept': True, 'intercept_scaling': 1, 'l1_ratio': None, 'max_iter': 100, 'multi_class': 'deprecated', 'n_jobs': None, 'penalty': None, 'random_state': 42, 'solver': 'lbfgs', 'tol': 0.0001, 'verbose': 0, 'warm_start': False}",0.3143603801727295
Wine_spoilage,1,1,2,3,LogisticRegression,Jittering,0.7738709677419355,0.7646302739114128,"{'C': np.float64(10.0), 'class_weight': None, 'dual': False, 'fit_intercept': True, 'intercept_scaling': 1, 'l1_ratio': None, 'max_iter': 100, 'multi_class': 'deprecated', 'n_jobs': None, 'penalty': None, 'random_state': 42, 'solver': 'lbfgs', 'tol': 0.0001, 'verbose': 0, 'warm_start': False}",0.03327751159667969
Wine_spoilage,1,1,1,5,RandomForest,Time_Warping,0.7677419354838709,0.7699238918180514,"{'bootstrap': True, 'ccp_alpha': 0.0, 'class_weight': None, 'criterion': 'gini', 'max_depth': 20, 'max_features': 'sqrt', 'max_leaf_nodes': None, 'max_samples': None, 'min_impurity_decrease': 0.0, 'min_samples_leaf': 2, 'min_samples_split': 2, 'min_weight_fraction_leaf': 0.0, 'monotonic_cst': None, 'n_estimators': 50, 'n_jobs': None, 'oob_score': False, 'random_state': 42, 'verbose': 0, 'warm_start': False}",0.16391444206237793
Wine_spoilage,1,1,1,3,LogisticRegression,Magnitude_Warping,0.7690322580645161,0.779679147097921,"{'C': np.float64(10.0), 'class_weight': None, 'dual': False, 'fit_intercept': True, 'intercept_scaling': 1, 'l1_ratio': None, 'max_iter': 100, 'multi_class': 'deprecated', 'n_jobs': None, 'penalty': None, 'random_state': 42, 'solver': 'lbfgs', 'tol': 0.0001, 'verbose': 0, 'warm_start': False}",0.0992279052734375
Wine_spoilage,1,1,1,5,LinearSVC,Time_Warping,0.7390322580645161,0.7478999083812722,"{'C': np.float64(0.001), 'class_weight': None, 'dual': False, 'fit_intercept': True, 'intercept_scaling': 1, 'loss': 'squared_hinge', 'max_iter': 100, 'multi_class': 'ovr', 'penalty': 'l2', 'random_state': 42, 'tol': 0.0001, 'verbose': 0}",0.006686687469482422
Wine_spoilage,1,1,2,3,RNN,Jittering,0.8387096774193549,0.7747138397502601,"{'hidden_size': 64, 'epochs': 10, 'batch_size': 32, 'lr': 0.001}",0.2917654514312744
Wine_spoilage,1,1,1,3,RNN,Magnitude_Warping,0.3225806451612903,0.3130461754234546,"{'hidden_size': 64, 'epochs': 10, 'batch_size': 32, 'lr': 0.001}",0.2645375728607178
Wine_spoilage,1,1,2,5,KNN,Jittering,0.7751612903225806,0.7679485679209959,"{'algorithm': 'auto', 'leaf_size': 30, 'metric': 'manhattan', 'metric_params': None, 'n_jobs': None, 'n_neighbors': np.int64(9), 'p': 2, 'weights': 'distance'}",0.03816032409667969
Wine_spoilage,1,1,1,5,KNN,Magnitude_Warping,0.8764516129032258,0.8727095028243542,"{'algorithm': 'auto', 'leaf_size': 30, 'metric': 'manhattan', 'metric_params': None, 'n_jobs': None, 'n_neighbors': np.int64(9), 'p': 2, 'weights': 'distance'}",0.053121328353881836
Wine_spoilage,1,1,1,3,RNN,Scaling,0.8064516129032258,0.7380254154447703,"{'hidden_size': 64, 'epochs': 10, 'batch_size': 32, 'lr': 0.001}",0.7352659702301025
Wine_spoilage,1,1,1,5,KNN,Scaling,0.88,0.8748642393516509,"{'algorithm': 'auto', 'leaf_size': 30, 'metric': 'manhattan', 'metric_params': None, 'n_jobs': None, 'n_neighbors': np.int64(9), 'p': 2, 'weights': 'distance'}",0.04011034965515137
Wine_spoilage,1,1,1,5,RandomForest,Magnitude_Warping,0.8070967741935484,0.806636766513528,"{'bootstrap': True, 'ccp_alpha': 0.0, 'class_weight': None, 'criterion': 'gini', 'max_depth': 20, 'max_features': 'sqrt', 'max_leaf_nodes': None, 'max_samples': None, 'min_impurity_decrease': 0.0, 'min_samples_leaf': 2, 'min_samples_split': 2, 'min_weight_fraction_leaf': 0.0, 'monotonic_cst': None, 'n_estimators': 50, 'n_jobs': None, 'oob_score': False, 'random_state': 42, 'verbose': 0, 'warm_start': False}",0.16141462326049805
Wine_spoilage,1,1,2,5,RandomForest,Jittering,0.7803225806451612,0.7684824150227914,"{'bootstrap': True, 'ccp_alpha': 0.0, 'class_weight': None, 'criterion': 'gini', 'max_depth': None, 'max_features': 'sqrt', 'max_leaf_nodes': None, 'max_samples': None, 'min_impurity_decrease': 0.0, 'min_samples_leaf': 2, 'min_samples_split': 5, 'min_weight_fraction_leaf': 0.0, 'monotonic_cst': None, 'n_estimators': 100, 'n_jobs': None, 'oob_score': False, 'random_state': 42, 'verbose': 0, 'warm_start': False}",0.276261568069458
Wine_spoilage,1,1,1,5,LinearSVC,Magnitude_Warping,0.7358064516129033,0.747924979307511,"{'C': np.float64(0.01), 'class_weight': None, 'dual': False, 'fit_intercept': True, 'intercept_scaling': 1, 'loss': 'squared_hinge', 'max_iter': 100, 'multi_class': 'ovr', 'penalty': 'l2', 'random_state': 42, 'tol': 0.0001, 'verbose': 0}",0.00661778450012207
Wine_spoilage,1,1,1,5,RandomForest,Scaling,0.8261290322580646,0.8177272141435145,"{'bootstrap': True, 'ccp_alpha': 0.0, 'class_weight': None, 'criterion': 'gini', 'max_depth': 10, 'max_features': 'sqrt', 'max_leaf_nodes': None, 'max_samples': None, 'min_impurity_decrease': 0.0, 'min_samples_leaf': 1, 'min_samples_split': 2, 'min_weight_fraction_leaf': 0.0, 'monotonic_cst': None, 'n_estimators': 50, 'n_jobs': None, 'oob_score': False, 'random_state': 42, 'verbose': 0, 'warm_start': False}",0.1513504981994629
Wine_spoilage,1,1,2,5,LinearSVC,Jittering,0.7603225806451613,0.7564624958158651,"{'C': np.float64(0.1), 'class_weight': None, 'dual': False, 'fit_intercept': True, 'intercept_scaling': 1, 'loss': 'squared_hinge', 'max_iter': 100, 'multi_class': 'ovr', 'penalty': 'l1', 'random_state': 42, 'tol': 0.0001, 'verbose': 0}",0.014865636825561523
Wine_spoilage,1,1,1,5,LinearSVC,Scaling,0.7390322580645161,0.7489127493439294,"{'C': np.float64(100.0), 'class_weight': None, 'dual': True, 'fit_intercept': True, 'intercept_scaling': 1, 'loss': 'hinge', 'max_iter': 100, 'multi_class': 'ovr', 'penalty': 'l2', 'random_state': 42, 'tol': 0.0001, 'verbose': 0}",0.018051624298095703
Wine_spoilage,1,1,1,5,LogisticRegression,Time_Warping,0.5225806451612903,0.5279006920276972,"{'C': np.float64(100.0), 'class_weight': None, 'dual': False, 'fit_intercept': True, 'intercept_scaling': 1, 'l1_ratio': None, 'max_iter': 100, 'multi_class': 'deprecated', 'n_jobs': None, 'penalty': 'l2', 'random_state': 42, 'solver': 'lbfgs', 'tol': 0.0001, 'verbose': 0, 'warm_start': False}",0.09248161315917969
Wine_spoilage,1,1,2,5,LogisticRegression,Jittering,0.765483870967742,0.7574220387215812,"{'C': np.float64(100.0), 'class_weight': None, 'dual': False, 'fit_intercept': True, 'intercept_scaling': 1, 'l1_ratio': None, 'max_iter': 100, 'multi_class': 'deprecated', 'n_jobs': None, 'penalty': 'l2', 'random_state': 42, 'solver': 'lbfgs', 'tol': 0.0001, 'verbose': 0, 'warm_start': False}",0.01675868034362793
Wine_spoilage,1,1,2,5,RNN,Jittering,0.9354838709677419,0.9291803409909549,"{'hidden_size': 64, 'epochs': 10, 'batch_size': 32, 'lr': 0.001}",0.21971702575683594
Wine_spoilage,1,1,1,5,RNN,Time_Warping,0.3548387096774194,0.28806677193773966,"{'hidden_size': 64, 'epochs': 10, 'batch_size': 32, 'lr': 0.001}",0.768305778503418
Wine_spoilage,1,1,2,10,KNN,Jittering,0.7751612903225806,0.7673558028274798,"{'algorithm': 'auto', 'leaf_size': 30, 'metric': 'minkowski', 'metric_params': None, 'n_jobs': None, 'n_neighbors': 5, 'p': 2, 'weights': 'uniform'}",0.16353178024291992
Wine_spoilage,1,1,1,10,KNN,Time_Warping,0.8432258064516129,0.8414351197361752,"{'algorithm': 'auto', 'leaf_size': 30, 'metric': 'minkowski', 'metric_params': None, 'n_jobs': None, 'n_neighbors': 5, 'p': 2, 'weights': 'uniform'}",0.17503571510314941
Wine_spoilage,1,1,1,5,LogisticRegression,Magnitude_Warping,0.7906451612903226,0.7964437769241429,"{'C': np.float64(100.0), 'class_weight': None, 'dual': False, 'fit_intercept': True, 'intercept_scaling': 1, 'l1_ratio': None, 'max_iter': 100, 'multi_class': 'deprecated', 'n_jobs': None, 'penalty': None, 'random_state': 42, 'solver': 'lbfgs', 'tol': 0.0001, 'verbose': 0, 'warm_start': False}",0.07519245147705078
Wine_spoilage,1,1,2,10,RandomForest,Jittering,0.7819354838709678,0.7699345438991966,"{'bootstrap': True, 'ccp_alpha': 0.0, 'class_weight': None, 'criterion': 'gini', 'max_depth': None, 'max_features': 'sqrt', 'max_leaf_nodes': None, 'max_samples': None, 'min_impurity_decrease': 0.0, 'min_samples_leaf': 1, 'min_samples_split': 2, 'min_weight_fraction_leaf': 0.0, 'monotonic_cst': None, 'n_estimators': 100, 'n_jobs': None, 'oob_score': False, 'random_state': 42, 'verbose': 0, 'warm_start': False}",0.4196889400482178
Wine_spoilage,1,1,2,10,LinearSVC,Jittering,0.7525806451612903,0.7468484401470279,"{'C': 1.0, 'class_weight': None, 'dual': False, 'fit_intercept': True, 'intercept_scaling': 1, 'loss': 'squared_hinge', 'max_iter': 100, 'multi_class': 'ovr', 'penalty': 'l2', 'random_state': 42, 'tol': 0.0001, 'verbose': 0}",0.011377811431884766
Wine_spoilage,1,1,2,10,LogisticRegression,Jittering,0.7632258064516129,0.7569334137802426,"{'C': 1.0, 'class_weight': None, 'dual': False, 'fit_intercept': True, 'intercept_scaling': 1, 'l1_ratio': None, 'max_iter': 100, 'multi_class': 'deprecated', 'n_jobs': None, 'penalty': 'l2', 'random_state': 42, 'solver': 'lbfgs', 'tol': 0.0001, 'verbose': 0, 'warm_start': False}",0.021004676818847656
Wine_spoilage,1,1,1,10,RandomForest,Time_Warping,0.7541935483870967,0.758874149487511,"{'bootstrap': True, 'ccp_alpha': 0.0, 'class_weight': None, 'criterion': 'gini', 'max_depth': None, 'max_features': 'sqrt', 'max_leaf_nodes': None, 'max_samples': None, 'min_impurity_decrease': 0.0, 'min_samples_leaf': 1, 'min_samples_split': 2, 'min_weight_fraction_leaf': 0.0, 'monotonic_cst': None, 'n_estimators': 100, 'n_jobs': None, 'oob_score': False, 'random_state': 42, 'verbose': 0, 'warm_start': False}",0.5037429332733154
Wine_spoilage,1,1,1,10,LinearSVC,Time_Warping,0.7461290322580645,0.7556315783855374,"{'C': 1.0, 'class_weight': None, 'dual': False, 'fit_intercept': True, 'intercept_scaling': 1, 'loss': 'squared_hinge', 'max_iter': 100, 'multi_class': 'ovr', 'penalty': 'l2', 'random_state': 42, 'tol': 0.0001, 'verbose': 0}",0.018138885498046875
Wine_spoilage,1,1,2,10,RNN,Jittering,0.7419354838709677,0.6840437788018433,"{'hidden_size': 64, 'epochs': 10, 'batch_size': 32, 'lr': 0.001}",0.2706599235534668
Wine_spoilage,1,1,1,10,LogisticRegression,Time_Warping,0.7619354838709678,0.7689496108433388,"{'C': 1.0, 'class_weight': None, 'dual': False, 'fit_intercept': True, 'intercept_scaling': 1, 'l1_ratio': None, 'max_iter': 100, 'multi_class': 'deprecated', 'n_jobs': None, 'penalty': 'l2', 'random_state': 42, 'solver': 'lbfgs', 'tol': 0.0001, 'verbose': 0, 'warm_start': False}",0.16830158233642578
Wine_spoilage,1,1,1,5,LogisticRegression,Scaling,0.766774193548387,0.776019542180612,"{'C': np.float64(100.0), 'class_weight': None, 'dual': False, 'fit_intercept': True, 'intercept_scaling': 1, 'l1_ratio': None, 'max_iter': 100, 'multi_class': 'deprecated', 'n_jobs': None, 'penalty': None, 'random_state': 42, 'solver': 'lbfgs', 'tol': 0.0001, 'verbose': 0, 'warm_start': False}",0.04255509376525879
Wine_spoilage,1,1,1,5,RNN,Magnitude_Warping,0.3870967741935484,0.3562023460410557,"{'hidden_size': 64, 'epochs': 10, 'batch_size': 32, 'lr': 0.001}",0.7064473628997803
Wine_spoilage,1,1,1,10,RNN,Time_Warping,0.7741935483870968,0.7242005306521435,"{'hidden_size': 64, 'epochs': 10, 'batch_size': 32, 'lr': 0.001}",0.39228177070617676
Wine_spoilage,1,1,3,1,KNN,Baseline,0.8738709677419355,0.8702037469034704,"{'algorithm': 'auto', 'leaf_size': 30, 'metric': 'minkowski', 'metric_params': None, 'n_jobs': None, 'n_neighbors': 5, 'p': 2, 'weights': 'uniform'}",0.1325974464416504
Wine_spoilage,1,1,1,10,KNN,Magnitude_Warping,0.8641935483870967,0.8623795005810033,"{'algorithm': 'auto', 'leaf_size': 30, 'metric': 'minkowski', 'metric_params': None, 'n_jobs': None, 'n_neighbors': 5, 'p': 2, 'weights': 'uniform'}",0.16238093376159668
Wine_spoilage,1,1,3,1,KNN,Tuned_Baseline,0.8738709677419355,0.8702037469034704,"{'algorithm': 'auto', 'leaf_size': 30, 'metric': 'euclidean', 'metric_params': None, 'n_jobs': None, 'n_neighbors': np.int64(5), 'p': 2, 'weights': 'uniform'}",0.10897207260131836
Wine_spoilage,1,1,2,1,KNN,Baseline,0.766774193548387,0.7617335308779719,"{'algorithm': 'auto', 'leaf_size': 30, 'metric': 'minkowski', 'metric_params': None, 'n_jobs': None, 'n_neighbors': 5, 'p': 2, 'weights': 'uniform'}",0.10078072547912598
Wine_spoilage,1,1,3,1,RandomForest,Baseline,0.8496774193548388,0.8446172881488277,"{'bootstrap': True, 'ccp_alpha': 0.0, 'class_weight': None, 'criterion': 'gini', 'max_depth': None, 'max_features': 'sqrt', 'max_leaf_nodes': None, 'max_samples': None, 'min_impurity_decrease': 0.0, 'min_samples_leaf': 1, 'min_samples_split': 2, 'min_weight_fraction_leaf': 0.0, 'monotonic_cst': None, 'n_estimators': 100, 'n_jobs': None, 'oob_score': False, 'random_state': 42, 'verbose': 0, 'warm_start': False}",0.15686964988708496
Wine_spoilage,1,1,1,10,RandomForest,Magnitude_Warping,0.8745161290322581,0.8696890764612747,"{'bootstrap': True, 'ccp_alpha': 0.0, 'class_weight': None, 'criterion': 'gini', 'max_depth': None, 'max_features': 'sqrt', 'max_leaf_nodes': None, 'max_samples': None, 'min_impurity_decrease': 0.0, 'min_samples_leaf': 1, 'min_samples_split': 2, 'min_weight_fraction_leaf': 0.0, 'monotonic_cst': None, 'n_estimators': 100, 'n_jobs': None, 'oob_score': False, 'random_state': 42, 'verbose': 0, 'warm_start': False}",0.6436927318572998
Wine_spoilage,1,1,1,10,LinearSVC,Magnitude_Warping,0.7296774193548388,0.7424191876768768,"{'C': 1.0, 'class_weight': None, 'dual': False, 'fit_intercept': True, 'intercept_scaling': 1, 'loss': 'squared_hinge', 'max_iter': 100, 'multi_class': 'ovr', 'penalty': 'l2', 'random_state': 42, 'tol': 0.0001, 'verbose': 0}",0.013615846633911133
Wine_spoilage,1,1,1,5,RNN,Scaling,0.3548387096774194,0.29393187457703585,"{'hidden_size': 64, 'epochs': 10, 'batch_size': 32, 'lr': 0.001}",0.9465968608856201
Wine_spoilage,1,1,2,1,KNN,Tuned_Baseline,0.7706451612903226,0.7642514391284545,"{'algorithm': 'auto', 'leaf_size': 30, 'metric': 'euclidean', 'metric_params': None, 'n_jobs': None, 'n_neighbors': np.int64(3), 'p': 2, 'weights': 'uniform'}",0.13249731063842773
Wine_spoilage,1,1,1,10,LogisticRegression,Magnitude_Warping,0.7541935483870967,0.7642125157603187,"{'C': 1.0, 'class_weight': None, 'dual': False, 'fit_intercept': True, 'intercept_scaling': 1, 'l1_ratio': None, 'max_iter': 100, 'multi_class': 'deprecated', 'n_jobs': None, 'penalty': 'l2', 'random_state': 42, 'solver': 'lbfgs', 'tol': 0.0001, 'verbose': 0, 'warm_start': False}",0.1094505786895752
Wine_spoilage,1,1,2,1,RandomForest,Baseline,0.7735483870967742,0.7562430500332841,"{'bootstrap': True, 'ccp_alpha': 0.0, 'class_weight': None, 'criterion': 'gini', 'max_depth': None, 'max_features': 'sqrt', 'max_leaf_nodes': None, 'max_samples': None, 'min_impurity_decrease': 0.0, 'min_samples_leaf': 1, 'min_samples_split': 2, 'min_weight_fraction_leaf': 0.0, 'monotonic_cst': None, 'n_estimators': 100, 'n_jobs': None, 'oob_score': False, 'random_state': 42, 'verbose': 0, 'warm_start': False}",0.16917014122009277
Wine_spoilage,1,1,1,10,KNN,Scaling,0.8622580645161291,0.8592513351158859,"{'algorithm': 'auto', 'leaf_size': 30, 'metric': 'minkowski', 'metric_params': None, 'n_jobs': None, 'n_neighbors': 5, 'p': 2, 'weights': 'uniform'}",0.37410926818847656
Wine_spoilage,1,1,3,1,RandomForest,Tuned_Baseline,0.8325806451612904,0.8290420940503428,"{'bootstrap': True, 'ccp_alpha': 0.0, 'class_weight': None, 'criterion': 'gini', 'max_depth': None, 'max_features': 'sqrt', 'max_leaf_nodes': None, 'max_samples': None, 'min_impurity_decrease': 0.0, 'min_samples_leaf': 1, 'min_samples_split': 5, 'min_weight_fraction_leaf': 0.0, 'monotonic_cst': None, 'n_estimators': 100, 'n_jobs': None, 'oob_score': False, 'random_state': 42, 'verbose': 0, 'warm_start': False}",0.012484073638916016
Wine_spoilage,1,1,3,1,LinearSVC,Baseline,0.7380645161290322,0.7493091635740794,"{'C': 1.0, 'class_weight': None, 'dual': False, 'fit_intercept': True, 'intercept_scaling': 1, 'loss': 'squared_hinge', 'max_iter': 100, 'multi_class': 'ovr', 'penalty': 'l2', 'random_state': 42, 'tol': 0.0001, 'verbose': 0}",0.0029909610748291016
Wine_spoilage,1,1,3,1,LinearSVC,Tuned_Baseline,0.727741935483871,0.7393336010058852,"{'C': np.float64(0.1), 'class_weight': None, 'dual': False, 'fit_intercept': True, 'intercept_scaling': 1, 'loss': 'squared_hinge', 'max_iter': 100, 'multi_class': 'ovr', 'penalty': 'l2', 'random_state': 42, 'tol': 0.0001, 'verbose': 0}",0.0003662109375
Wine_spoilage,1,1,3,1,LogisticRegression,Baseline,0.7396774193548387,0.7500989686683571,"{'C': 1.0, 'class_weight': None, 'dual': False, 'fit_intercept': True, 'intercept_scaling': 1, 'l1_ratio': None, 'max_iter': 100, 'multi_class': 'deprecated', 'n_jobs': None, 'penalty': 'l2', 'random_state': 42, 'solver': 'lbfgs', 'tol': 0.0001, 'verbose': 0, 'warm_start': False}",0.009926795959472656
Wine_spoilage,1,1,1,10,RNN,Magnitude_Warping,0.8387096774193549,0.8319281524926686,"{'hidden_size': 64, 'epochs': 10, 'batch_size': 32, 'lr': 0.001}",1.292039155960083
Wine_spoilage,1,1,1,10,RandomForest,Scaling,0.8206451612903226,0.8156340730968886,"{'bootstrap': True, 'ccp_alpha': 0.0, 'class_weight': None, 'criterion': 'gini', 'max_depth': None, 'max_features': 'sqrt', 'max_leaf_nodes': None, 'max_samples': None, 'min_impurity_decrease': 0.0, 'min_samples_leaf': 1, 'min_samples_split': 2, 'min_weight_fraction_leaf': 0.0, 'monotonic_cst': None, 'n_estimators': 100, 'n_jobs': None, 'oob_score': False, 'random_state': 42, 'verbose': 0, 'warm_start': False}",1.0495848655700684
Wine_spoilage,1,1,1,10,LinearSVC,Scaling,0.7461290322580645,0.7582184999480233,"{'C': 1.0, 'class_weight': None, 'dual': False, 'fit_intercept': True, 'intercept_scaling': 1, 'loss': 'squared_hinge', 'max_iter': 100, 'multi_class': 'ovr', 'penalty': 'l2', 'random_state': 42, 'tol': 0.0001, 'verbose': 0}",0.028955936431884766
Wine_spoilage,1,1,2,1,RandomForest,Tuned_Baseline,0.7735483870967742,0.7562430500332841,"{'bootstrap': True, 'ccp_alpha': 0.0, 'class_weight': None, 'criterion': 'gini', 'max_depth': 20, 'max_features': 'sqrt', 'max_leaf_nodes': None, 'max_samples': None, 'min_impurity_decrease': 0.0, 'min_samples_leaf': 1, 'min_samples_split': 2, 'min_weight_fraction_leaf': 0.0, 'monotonic_cst': None, 'n_estimators': 100, 'n_jobs': None, 'oob_score': False, 'random_state': 42, 'verbose': 0, 'warm_start': False}",0.00969076156616211
Wine_spoilage,1,1,1,10,LogisticRegression,Scaling,0.747741935483871,0.7598002654352809,"{'C': 1.0, 'class_weight': None, 'dual': False, 'fit_intercept': True, 'intercept_scaling': 1, 'l1_ratio': None, 'max_iter': 100, 'multi_class': 'deprecated', 'n_jobs': None, 'penalty': 'l2', 'random_state': 42, 'solver': 'lbfgs', 'tol': 0.0001, 'verbose': 0, 'warm_start': False}",0.21268582344055176
Wine_spoilage,1,1,2,1,LinearSVC,Baseline,0.7616129032258064,0.757148521149306,"{'C': 1.0, 'class_weight': None, 'dual': False, 'fit_intercept': True, 'intercept_scaling': 1, 'loss': 'squared_hinge', 'max_iter': 100, 'multi_class': 'ovr', 'penalty': 'l2', 'random_state': 42, 'tol': 0.0001, 'verbose': 0}",0.0027060508728027344
Wine_spoilage,1,1,2,1,LinearSVC,Tuned_Baseline,0.7577419354838709,0.7565126175968643,"{'C': np.float64(0.1), 'class_weight': None, 'dual': False, 'fit_intercept': True, 'intercept_scaling': 1, 'loss': 'squared_hinge', 'max_iter': 100, 'multi_class': 'ovr', 'penalty': 'l2', 'random_state': 42, 'tol': 0.0001, 'verbose': 0}",0.0004088878631591797
Wine_spoilage,1,1,2,1,LogisticRegression,Baseline,0.76,0.7569420440658524,"{'C': 1.0, 'class_weight': None, 'dual': False, 'fit_intercept': True, 'intercept_scaling': 1, 'l1_ratio': None, 'max_iter': 100, 'multi_class': 'deprecated', 'n_jobs': None, 'penalty': 'l2', 'random_state': 42, 'solver': 'lbfgs', 'tol': 0.0001, 'verbose': 0, 'warm_start': False}",0.03496885299682617
Wine_spoilage,1,1,2,1,KNN,Baseline,0.766774193548387,0.7617335308779719,"{'algorithm': 'auto', 'leaf_size': 30, 'metric': 'minkowski', 'metric_params': None, 'n_jobs': None, 'n_neighbors': 5, 'p': 2, 'weights': 'uniform'}",0.3350977897644043
Wine_spoilage,1,1,1,10,RNN,Scaling,0.9032258064516129,0.8971774193548387,"{'hidden_size': 64, 'epochs': 10, 'batch_size': 32, 'lr': 0.001}",1.5904359817504883
Wine_spoilage,1,1,2,1,KNN,Tuned_Baseline,0.7706451612903226,0.7642514391284545,"{'algorithm': 'auto', 'leaf_size': 30, 'metric': 'euclidean', 'metric_params': None, 'n_jobs': None, 'n_neighbors': np.int64(3), 'p': 2, 'weights': 'uniform'}",0.14233732223510742
Wine_spoilage,1,1,2,1,RandomForest,Baseline,0.7735483870967742,0.7562430500332841,"{'bootstrap': True, 'ccp_alpha': 0.0, 'class_weight': None, 'criterion': 'gini', 'max_depth': None, 'max_features': 'sqrt', 'max_leaf_nodes': None, 'max_samples': None, 'min_impurity_decrease': 0.0, 'min_samples_leaf': 1, 'min_samples_split': 2, 'min_weight_fraction_leaf': 0.0, 'monotonic_cst': None, 'n_estimators': 100, 'n_jobs': None, 'oob_score': False, 'random_state': 42, 'verbose': 0, 'warm_start': False}",0.2204453945159912
Wine_spoilage,1,1,2,1,KNN,Baseline,0.766774193548387,0.7617335308779719,"{'algorithm': 'auto', 'leaf_size': 30, 'metric': 'minkowski', 'metric_params': None, 'n_jobs': None, 'n_neighbors': 5, 'p': 2, 'weights': 'uniform'}",0.14264202117919922
Wine_spoilage,1,1,3,1,LogisticRegression,Tuned_Baseline,0.6664516129032259,0.6832479238793524,"{'C': np.float64(100.0), 'class_weight': None, 'dual': False, 'fit_intercept': True, 'intercept_scaling': 1, 'l1_ratio': None, 'max_iter': 100, 'multi_class': 'deprecated', 'n_jobs': None, 'penalty': None, 'random_state': 42, 'solver': 'lbfgs', 'tol': 0.0001, 'verbose': 0, 'warm_start': False}",0.0005381107330322266
Wine_spoilage,1,1,2,1,LogisticRegression,Tuned_Baseline,0.7725806451612903,0.7643879551561052,"{'C': np.float64(100.0), 'class_weight': None, 'dual': False, 'fit_intercept': True, 'intercept_scaling': 1, 'l1_ratio': None, 'max_iter': 100, 'multi_class': 'deprecated', 'n_jobs': None, 'penalty': None, 'random_state': 42, 'solver': 'lbfgs', 'tol': 0.0001, 'verbose': 0, 'warm_start': False}",0.0005404949188232422
Wine_spoilage,1,1,3,1,RNN,Baseline,0.3548387096774194,0.28806677193773966,"{'hidden_size': 64, 'epochs': 10, 'batch_size': 32, 'lr': 0.001}",0.19184255599975586
Wine_spoilage,1,1,3,1,RNN,Tuned_Baseline,0.3548387096774194,0.28806677193773966,"{'hidden_size': 64, 'epochs': 10, 'batch_size': 32, 'lr': 0.001}",0.002731800079345703
Wine_spoilage,1,1,3,2,KNN,Jittering,0.8835483870967742,0.8787982387021371,"{'algorithm': 'auto', 'leaf_size': 30, 'metric': 'manhattan', 'metric_params': None, 'n_jobs': None, 'n_neighbors': np.int64(9), 'p': 2, 'weights': 'distance'}",0.030269861221313477
Wine_spoilage,1,1,2,1,KNN,Tuned_Baseline,0.7706451612903226,0.7642514391284545,"{'algorithm': 'auto', 'leaf_size': 30, 'metric': 'euclidean', 'metric_params': None, 'n_jobs': None, 'n_neighbors': np.int64(3), 'p': 2, 'weights': 'uniform'}",0.13672494888305664
Wine_spoilage,1,1,2,1,RNN,Baseline,0.9354838709677419,0.9291803409909549,"{'hidden_size': 64, 'epochs': 10, 'batch_size': 32, 'lr': 0.001}",0.3451552391052246
Wine_spoilage,1,1,2,1,RNN,Tuned_Baseline,0.9354838709677419,0.9291803409909549,"{'hidden_size': 64, 'epochs': 10, 'batch_size': 32, 'lr': 0.001}",0.05923771858215332
Wine_spoilage,1,1,2,1,RandomForest,Baseline,0.7735483870967742,0.7562430500332841,"{'bootstrap': True, 'ccp_alpha': 0.0, 'class_weight': None, 'criterion': 'gini', 'max_depth': None, 'max_features': 'sqrt', 'max_leaf_nodes': None, 'max_samples': None, 'min_impurity_decrease': 0.0, 'min_samples_leaf': 1, 'min_samples_split': 2, 'min_weight_fraction_leaf': 0.0, 'monotonic_cst': None, 'n_estimators': 100, 'n_jobs': None, 'oob_score': False, 'random_state': 42, 'verbose': 0, 'warm_start': False}",0.24510788917541504
Wine_spoilage,1,1,2,2,KNN,Time_Warping,0.7696774193548387,0.7642768359376431,"{'algorithm': 'auto', 'leaf_size': 30, 'metric': 'manhattan', 'metric_params': None, 'n_jobs': None, 'n_neighbors': np.int64(9), 'p': 2, 'weights': 'distance'}",0.062406063079833984
Wine_spoilage,1,1,3,2,RandomForest,Jittering,0.8490322580645161,0.844839741057992,"{'bootstrap': True, 'ccp_alpha': 0.0, 'class_weight': None, 'criterion': 'gini', 'max_depth': 20, 'max_features': 'sqrt', 'max_leaf_nodes': None, 'max_samples': None, 'min_impurity_decrease': 0.0, 'min_samples_leaf': 2, 'min_samples_split': 2, 'min_weight_fraction_leaf': 0.0, 'monotonic_cst': None, 'n_estimators': 50, 'n_jobs': None, 'oob_score': False, 'random_state': 42, 'verbose': 0, 'warm_start': False}",0.10760331153869629
Wine_spoilage,1,1,3,2,LinearSVC,Jittering,0.7409677419354839,0.7516527370679738,"{'C': np.float64(10.0), 'class_weight': None, 'dual': False, 'fit_intercept': True, 'intercept_scaling': 1, 'loss': 'squared_hinge', 'max_iter': 100, 'multi_class': 'ovr', 'penalty': 'l1', 'random_state': 42, 'tol': 0.0001, 'verbose': 0}",0.00795435905456543
Wine_spoilage,1,1,2,1,RandomForest,Tuned_Baseline,0.7735483870967742,0.7562430500332841,"{'bootstrap': True, 'ccp_alpha': 0.0, 'class_weight': None, 'criterion': 'gini', 'max_depth': 20, 'max_features': 'sqrt', 'max_leaf_nodes': None, 'max_samples': None, 'min_impurity_decrease': 0.0, 'min_samples_leaf': 1, 'min_samples_split': 2, 'min_weight_fraction_leaf': 0.0, 'monotonic_cst': None, 'n_estimators': 100, 'n_jobs': None, 'oob_score': False, 'random_state': 42, 'verbose': 0, 'warm_start': False}",0.010422945022583008
Wine_spoilage,1,1,2,1,LinearSVC,Baseline,0.7616129032258064,0.757148521149306,"{'C': 1.0, 'class_weight': None, 'dual': False, 'fit_intercept': True, 'intercept_scaling': 1, 'loss': 'squared_hinge', 'max_iter': 100, 'multi_class': 'ovr', 'penalty': 'l2', 'random_state': 42, 'tol': 0.0001, 'verbose': 0}",0.0030417442321777344
Wine_spoilage,1,1,2,1,LinearSVC,Tuned_Baseline,0.7577419354838709,0.7565126175968643,"{'C': np.float64(0.1), 'class_weight': None, 'dual': False, 'fit_intercept': True, 'intercept_scaling': 1, 'loss': 'squared_hinge', 'max_iter': 100, 'multi_class': 'ovr', 'penalty': 'l2', 'random_state': 42, 'tol': 0.0001, 'verbose': 0}",0.0003402233123779297
Wine_spoilage,1,1,2,1,RandomForest,Tuned_Baseline,0.7735483870967742,0.7562430500332841,"{'bootstrap': True, 'ccp_alpha': 0.0, 'class_weight': None, 'criterion': 'gini', 'max_depth': 20, 'max_features': 'sqrt', 'max_leaf_nodes': None, 'max_samples': None, 'min_impurity_decrease': 0.0, 'min_samples_leaf': 1, 'min_samples_split': 2, 'min_weight_fraction_leaf': 0.0, 'monotonic_cst': None, 'n_estimators': 100, 'n_jobs': None, 'oob_score': False, 'random_state': 42, 'verbose': 0, 'warm_start': False}",0.009781599044799805
Wine_spoilage,1,1,2,1,LinearSVC,Baseline,0.7616129032258064,0.757148521149306,"{'C': 1.0, 'class_weight': None, 'dual': False, 'fit_intercept': True, 'intercept_scaling': 1, 'loss': 'squared_hinge', 'max_iter': 100, 'multi_class': 'ovr', 'penalty': 'l2', 'random_state': 42, 'tol': 0.0001, 'verbose': 0}",0.0029888153076171875
Wine_spoilage,1,1,2,1,LogisticRegression,Baseline,0.76,0.7569420440658524,"{'C': 1.0, 'class_weight': None, 'dual': False, 'fit_intercept': True, 'intercept_scaling': 1, 'l1_ratio': None, 'max_iter': 100, 'multi_class': 'deprecated', 'n_jobs': None, 'penalty': 'l2', 'random_state': 42, 'solver': 'lbfgs', 'tol': 0.0001, 'verbose': 0, 'warm_start': False}",0.10896539688110352
Wine_spoilage,1,1,2,1,LinearSVC,Tuned_Baseline,0.7577419354838709,0.7565126175968643,"{'C': np.float64(0.1), 'class_weight': None, 'dual': False, 'fit_intercept': True, 'intercept_scaling': 1, 'loss': 'squared_hinge', 'max_iter': 100, 'multi_class': 'ovr', 'penalty': 'l2', 'random_state': 42, 'tol': 0.0001, 'verbose': 0}",0.00035881996154785156
Wine_spoilage,1,1,2,1,LogisticRegression,Baseline,0.76,0.7569420440658524,"{'C': 1.0, 'class_weight': None, 'dual': False, 'fit_intercept': True, 'intercept_scaling': 1, 'l1_ratio': None, 'max_iter': 100, 'multi_class': 'deprecated', 'n_jobs': None, 'penalty': 'l2', 'random_state': 42, 'solver': 'lbfgs', 'tol': 0.0001, 'verbose': 0, 'warm_start': False}",0.037340641021728516
Wine_spoilage,1,1,3,2,LogisticRegression,Jittering,0.7729032258064517,0.7802737351045989,"{'C': np.float64(100.0), 'class_weight': None, 'dual': False, 'fit_intercept': True, 'intercept_scaling': 1, 'l1_ratio': None, 'max_iter': 100, 'multi_class': 'deprecated', 'n_jobs': None, 'penalty': 'l2', 'random_state': 42, 'solver': 'lbfgs', 'tol': 0.0001, 'verbose': 0, 'warm_start': False}",0.029990196228027344
Wine_spoilage,1,1,3,2,RNN,Jittering,0.8387096774193549,0.8276985111662531,"{'hidden_size': 64, 'epochs': 10, 'batch_size': 32, 'lr': 0.001}",0.17567133903503418
Wine_spoilage,1,1,3,3,KNN,Jittering,0.8848387096774194,0.8805543421356082,"{'algorithm': 'auto', 'leaf_size': 30, 'metric': 'euclidean', 'metric_params': None, 'n_jobs': None, 'n_neighbors': np.int64(5), 'p': 2, 'weights': 'uniform'}",0.14821791648864746
Wine_spoilage,1,1,2,2,RandomForest,Time_Warping,0.7519354838709678,0.7308521723044968,"{'bootstrap': True, 'ccp_alpha': 0.0, 'class_weight': None, 'criterion': 'gini', 'max_depth': 20, 'max_features': 'sqrt', 'max_leaf_nodes': None, 'max_samples': None, 'min_impurity_decrease': 0.0, 'min_samples_leaf': 2, 'min_samples_split': 2, 'min_weight_fraction_leaf': 0.0, 'monotonic_cst': None, 'n_estimators': 50, 'n_jobs': None, 'oob_score': False, 'random_state': 42, 'verbose': 0, 'warm_start': False}",0.1942439079284668
Wine_spoilage,1,1,2,2,LinearSVC,Time_Warping,0.7506451612903225,0.7501500245914761,"{'C': np.float64(0.1), 'class_weight': None, 'dual': False, 'fit_intercept': True, 'intercept_scaling': 1, 'loss': 'squared_hinge', 'max_iter': 100, 'multi_class': 'ovr', 'penalty': 'l1', 'random_state': 42, 'tol': 0.0001, 'verbose': 0}",0.01605987548828125
Wine_spoilage,1,1,3,3,RandomForest,Jittering,0.8570967741935483,0.8527752985370147,"{'bootstrap': True, 'ccp_alpha': 0.0, 'class_weight': None, 'criterion': 'gini', 'max_depth': 20, 'max_features': 'sqrt', 'max_leaf_nodes': None, 'max_samples': None, 'min_impurity_decrease': 0.0, 'min_samples_leaf': 2, 'min_samples_split': 2, 'min_weight_fraction_leaf': 0.0, 'monotonic_cst': None, 'n_estimators': 50, 'n_jobs': None, 'oob_score': False, 'random_state': 42, 'verbose': 0, 'warm_start': False}",0.13013005256652832
Wine_spoilage,1,1,3,3,LinearSVC,Jittering,0.7425806451612903,0.7537149172056137,"{'C': np.float64(1.0), 'class_weight': None, 'dual': False, 'fit_intercept': True, 'intercept_scaling': 1, 'loss': 'squared_hinge', 'max_iter': 100, 'multi_class': 'ovr', 'penalty': 'l2', 'random_state': 42, 'tol': 0.0001, 'verbose': 0}",0.005951881408691406
Wine_spoilage,1,1,2,1,LogisticRegression,Tuned_Baseline,0.7725806451612903,0.7643879551561052,"{'C': np.float64(100.0), 'class_weight': None, 'dual': False, 'fit_intercept': True, 'intercept_scaling': 1, 'l1_ratio': None, 'max_iter': 100, 'multi_class': 'deprecated', 'n_jobs': None, 'penalty': None, 'random_state': 42, 'solver': 'lbfgs', 'tol': 0.0001, 'verbose': 0, 'warm_start': False}",0.0005726814270019531
Wine_spoilage,1,1,2,1,LogisticRegression,Tuned_Baseline,0.7725806451612903,0.7643879551561052,"{'C': np.float64(100.0), 'class_weight': None, 'dual': False, 'fit_intercept': True, 'intercept_scaling': 1, 'l1_ratio': None, 'max_iter': 100, 'multi_class': 'deprecated', 'n_jobs': None, 'penalty': None, 'random_state': 42, 'solver': 'lbfgs', 'tol': 0.0001, 'verbose': 0, 'warm_start': False}",0.0005631446838378906
Wine_spoilage,1,1,2,1,RNN,Baseline,0.8709677419354839,0.8640417457305503,"{'hidden_size': 64, 'epochs': 10, 'batch_size': 32, 'lr': 0.001}",0.23914027214050293
Wine_spoilage,1,1,2,1,RNN,Tuned_Baseline,0.8709677419354839,0.8640417457305503,"{'hidden_size': 64, 'epochs': 10, 'batch_size': 32, 'lr': 0.001}",0.003744363784790039
Wine_spoilage,1,1,2,2,LogisticRegression,Time_Warping,0.7616129032258064,0.7565085237178175,"{'C': np.float64(100.0), 'class_weight': None, 'dual': False, 'fit_intercept': True, 'intercept_scaling': 1, 'l1_ratio': None, 'max_iter': 100, 'multi_class': 'deprecated', 'n_jobs': None, 'penalty': 'l2', 'random_state': 42, 'solver': 'lbfgs', 'tol': 0.0001, 'verbose': 0, 'warm_start': False}",0.18021416664123535
Wine_spoilage,1,1,2,2,KNN,Scaling,0.7683870967741936,0.7634151198501142,"{'algorithm': 'auto', 'leaf_size': 30, 'metric': 'manhattan', 'metric_params': None, 'n_jobs': None, 'n_neighbors': np.int64(9), 'p': 2, 'weights': 'distance'}",0.025858640670776367
Wine_spoilage,1,1,2,1,RNN,Baseline,0.7741935483870968,0.7338101493699216,"{'hidden_size': 64, 'epochs': 10, 'batch_size': 32, 'lr': 0.001}",0.5012702941894531
Wine_spoilage,1,1,2,1,RNN,Tuned_Baseline,0.7741935483870968,0.7338101493699216,"{'hidden_size': 64, 'epochs': 10, 'batch_size': 32, 'lr': 0.001}",0.017415761947631836
Wine_spoilage,1,1,2,2,KNN,Magnitude_Warping,0.7706451612903226,0.7648390823484373,"{'algorithm': 'auto', 'leaf_size': 30, 'metric': 'manhattan', 'metric_params': None, 'n_jobs': None, 'n_neighbors': np.int64(9), 'p': 2, 'weights': 'distance'}",0.022983074188232422
Wine_spoilage,1,1,2,2,RNN,Time_Warping,0.8387096774193549,0.8302693953058157,"{'hidden_size': 64, 'epochs': 10, 'batch_size': 32, 'lr': 0.001}",0.7220385074615479
Wine_spoilage,1,1,2,2,RandomForest,Scaling,0.7612903225806451,0.7479387250237074,"{'bootstrap': True, 'ccp_alpha': 0.0, 'class_weight': None, 'criterion': 'gini', 'max_depth': 20, 'max_features': 'sqrt', 'max_leaf_nodes': None, 'max_samples': None, 'min_impurity_decrease': 0.0, 'min_samples_leaf': 2, 'min_samples_split': 2, 'min_weight_fraction_leaf': 0.0, 'monotonic_cst': None, 'n_estimators': 50, 'n_jobs': None, 'oob_score': False, 'random_state': 42, 'verbose': 0, 'warm_start': False}",0.09968805313110352
Wine_spoilage,1,1,2,3,KNN,Time_Warping,0.7635483870967742,0.7592306152734334,"{'algorithm': 'auto', 'leaf_size': 30, 'metric': 'manhattan', 'metric_params': None, 'n_jobs': None, 'n_neighbors': np.int64(6), 'p': 2, 'weights': 'uniform'}",0.1556248664855957
Wine_spoilage,1,1,2,2,LinearSVC,Scaling,0.7596774193548387,0.7578059750549184,"{'C': np.float64(0.1), 'class_weight': None, 'dual': False, 'fit_intercept': True, 'intercept_scaling': 1, 'loss': 'squared_hinge', 'max_iter': 100, 'multi_class': 'ovr', 'penalty': 'l1', 'random_state': 42, 'tol': 0.0001, 'verbose': 0}",0.007003307342529297
Wine_spoilage,1,1,3,3,LogisticRegression,Jittering,0.782258064516129,0.7880471419743721,"{'C': np.float64(100.0), 'class_weight': None, 'dual': False, 'fit_intercept': True, 'intercept_scaling': 1, 'l1_ratio': None, 'max_iter': 100, 'multi_class': 'deprecated', 'n_jobs': None, 'penalty': None, 'random_state': 42, 'solver': 'lbfgs', 'tol': 0.0001, 'verbose': 0, 'warm_start': False}",0.0177767276763916
Wine_spoilage,1,1,3,3,RNN,Jittering,0.3548387096774194,0.28806677193773966,"{'hidden_size': 64, 'epochs': 10, 'batch_size': 32, 'lr': 0.001}",0.2563517093658447
Wine_spoilage,1,1,2,2,RandomForest,Magnitude_Warping,0.7712903225806451,0.7577618903026183,"{'bootstrap': True, 'ccp_alpha': 0.0, 'class_weight': None, 'criterion': 'gini', 'max_depth': 20, 'max_features': 'sqrt', 'max_leaf_nodes': None, 'max_samples': None, 'min_impurity_decrease': 0.0, 'min_samples_leaf': 2, 'min_samples_split': 5, 'min_weight_fraction_leaf': 0.0, 'monotonic_cst': None, 'n_estimators': 100, 'n_jobs': None, 'oob_score': False, 'random_state': 42, 'verbose': 0, 'warm_start': False}",0.19926881790161133
Wine_spoilage,1,1,3,5,KNN,Jittering,0.8896774193548387,0.8849457829304372,"{'algorithm': 'auto', 'leaf_size': 30, 'metric': 'manhattan', 'metric_params': None, 'n_jobs': None, 'n_neighbors': np.int64(19), 'p': 2, 'weights': 'distance'}",0.05002784729003906
Wine_spoilage,1,1,2,2,LinearSVC,Magnitude_Warping,0.7625806451612903,0.759999436590316,"{'C': np.float64(0.1), 'class_weight': None, 'dual': False, 'fit_intercept': True, 'intercept_scaling': 1, 'loss': 'squared_hinge', 'max_iter': 100, 'multi_class': 'ovr', 'penalty': 'l1', 'random_state': 42, 'tol': 0.0001, 'verbose': 0}",0.0058591365814208984
Wine_spoilage,1,1,2,3,RandomForest,Time_Warping,0.707741935483871,0.6873135888398216,"{'bootstrap': True, 'ccp_alpha': 0.0, 'class_weight': None, 'criterion': 'gini', 'max_depth': 20, 'max_features': 'sqrt', 'max_leaf_nodes': None, 'max_samples': None, 'min_impurity_decrease': 0.0, 'min_samples_leaf': 2, 'min_samples_split': 2, 'min_weight_fraction_leaf': 0.0, 'monotonic_cst': None, 'n_estimators': 50, 'n_jobs': None, 'oob_score': False, 'random_state': 42, 'verbose': 0, 'warm_start': False}",0.10783934593200684
Wine_spoilage,1,1,2,3,LinearSVC,Time_Warping,0.7703225806451612,0.7658607831630913,"{'C': np.float64(1.0), 'class_weight': None, 'dual': False, 'fit_intercept': True, 'intercept_scaling': 1, 'loss': 'squared_hinge', 'max_iter': 100, 'multi_class': 'ovr', 'penalty': 'l2', 'random_state': 42, 'tol': 0.0001, 'verbose': 0}",0.004042863845825195
Wine_spoilage,1,1,2,2,LogisticRegression,Scaling,0.747741935483871,0.7406197931780145,"{'C': np.float64(100.0), 'class_weight': None, 'dual': False, 'fit_intercept': True, 'intercept_scaling': 1, 'l1_ratio': None, 'max_iter': 100, 'multi_class': 'deprecated', 'n_jobs': None, 'penalty': 'l2', 'random_state': 42, 'solver': 'lbfgs', 'tol': 0.0001, 'verbose': 0, 'warm_start': False}",0.059282779693603516
Wine_spoilage,1,1,3,5,RandomForest,Jittering,0.8519354838709677,0.8483142720371729,"{'bootstrap': True, 'ccp_alpha': 0.0, 'class_weight': None, 'criterion': 'gini', 'max_depth': 10, 'max_features': 'sqrt', 'max_leaf_nodes': None, 'max_samples': None, 'min_impurity_decrease': 0.0, 'min_samples_leaf': 1, 'min_samples_split': 2, 'min_weight_fraction_leaf': 0.0, 'monotonic_cst': None, 'n_estimators': 50, 'n_jobs': None, 'oob_score': False, 'random_state': 42, 'verbose': 0, 'warm_start': False}",0.1648256778717041
Wine_spoilage,1,1,3,5,LinearSVC,Jittering,0.7374193548387097,0.7446727155468251,"{'C': np.float64(0.001), 'class_weight': None, 'dual': False, 'fit_intercept': True, 'intercept_scaling': 1, 'loss': 'squared_hinge', 'max_iter': 100, 'multi_class': 'ovr', 'penalty': 'l2', 'random_state': 42, 'tol': 0.0001, 'verbose': 0}",0.006699323654174805
Wine_spoilage,1,1,2,2,LogisticRegression,Magnitude_Warping,0.7596774193548387,0.7517043311592843,"{'C': np.float64(100.0), 'class_weight': None, 'dual': False, 'fit_intercept': True, 'intercept_scaling': 1, 'l1_ratio': None, 'max_iter': 100, 'multi_class': 'deprecated', 'n_jobs': None, 'penalty': 'l2', 'random_state': 42, 'solver': 'lbfgs', 'tol': 0.0001, 'verbose': 0, 'warm_start': False}",0.12024688720703125
Wine_spoilage,1,1,2,2,RNN,Scaling,0.7741935483870968,0.7073419938695081,"{'hidden_size': 64, 'epochs': 10, 'batch_size': 32, 'lr': 0.001}",0.8463621139526367
Wine_spoilage,1,1,2,3,LogisticRegression,Time_Warping,0.7580645161290323,0.7232986230941474,"{'C': np.float64(10.0), 'class_weight': None, 'dual': False, 'fit_intercept': True, 'intercept_scaling': 1, 'l1_ratio': None, 'max_iter': 100, 'multi_class': 'deprecated', 'n_jobs': None, 'penalty': None, 'random_state': 42, 'solver': 'lbfgs', 'tol': 0.0001, 'verbose': 0, 'warm_start': False}",0.1710984706878662
Wine_spoilage,1,1,2,2,RNN,Magnitude_Warping,0.7419354838709677,0.6840437788018433,"{'hidden_size': 64, 'epochs': 10, 'batch_size': 32, 'lr': 0.001}",0.6362898349761963
Wine_spoilage,1,1,2,3,KNN,Magnitude_Warping,0.7661290322580645,0.7616014250794885,"{'algorithm': 'auto', 'leaf_size': 30, 'metric': 'manhattan', 'metric_params': None, 'n_jobs': None, 'n_neighbors': np.int64(6), 'p': 2, 'weights': 'uniform'}",0.14684391021728516
Wine_spoilage,1,1,2,3,RNN,Time_Warping,0.9032258064516129,0.8971774193548387,"{'hidden_size': 64, 'epochs': 10, 'batch_size': 32, 'lr': 0.001}",0.6324338912963867
Wine_spoilage,1,1,2,3,KNN,Scaling,0.7670967741935484,0.761264468877788,"{'algorithm': 'auto', 'leaf_size': 30, 'metric': 'manhattan', 'metric_params': None, 'n_jobs': None, 'n_neighbors': np.int64(6), 'p': 2, 'weights': 'uniform'}",0.5515439510345459
Wine_spoilage,1,1,2,5,KNN,Time_Warping,0.7641935483870967,0.7597557594141701,"{'algorithm': 'auto', 'leaf_size': 30, 'metric': 'manhattan', 'metric_params': None, 'n_jobs': None, 'n_neighbors': np.int64(19), 'p': 2, 'weights': 'distance'}",0.0633392333984375
Wine_spoilage,1,1,3,5,LogisticRegression,Jittering,0.787741935483871,0.7929102738397816,"{'C': np.float64(100.0), 'class_weight': None, 'dual': False, 'fit_intercept': True, 'intercept_scaling': 1, 'l1_ratio': None, 'max_iter': 100, 'multi_class': 'deprecated', 'n_jobs': None, 'penalty': None, 'random_state': 42, 'solver': 'lbfgs', 'tol': 0.0001, 'verbose': 0, 'warm_start': False}",0.02399897575378418
Wine_spoilage,1,1,3,5,RNN,Jittering,0.3548387096774194,0.3116501240694789,"{'hidden_size': 64, 'epochs': 10, 'batch_size': 32, 'lr': 0.001}",0.21712327003479004
Wine_spoilage,1,1,3,10,KNN,Jittering,0.8858064516129033,0.8812705858533918,"{'algorithm': 'auto', 'leaf_size': 30, 'metric': 'minkowski', 'metric_params': None, 'n_jobs': None, 'n_neighbors': 5, 'p': 2, 'weights': 'uniform'}",0.16369271278381348
Wine_spoilage,1,1,2,3,RandomForest,Magnitude_Warping,0.7819354838709678,0.7692158347418785,"{'bootstrap': True, 'ccp_alpha': 0.0, 'class_weight': None, 'criterion': 'gini', 'max_depth': 20, 'max_features': 'sqrt', 'max_leaf_nodes': None, 'max_samples': None, 'min_impurity_decrease': 0.0, 'min_samples_leaf': 1, 'min_samples_split': 2, 'min_weight_fraction_leaf': 0.0, 'monotonic_cst': None, 'n_estimators': 100, 'n_jobs': None, 'oob_score': False, 'random_state': 42, 'verbose': 0, 'warm_start': False}",0.22170472145080566
Wine_spoilage,1,1,2,3,LinearSVC,Magnitude_Warping,0.7725806451612903,0.7662760856291485,"{'C': np.float64(10.0), 'class_weight': None, 'dual': False, 'fit_intercept': True, 'intercept_scaling': 1, 'loss': 'squared_hinge', 'max_iter': 100, 'multi_class': 'ovr', 'penalty': 'l1', 'random_state': 42, 'tol': 0.0001, 'verbose': 0}",0.010308980941772461
Wine_spoilage,1,1,2,5,RandomForest,Time_Warping,0.7490322580645161,0.7261190339463648,"{'bootstrap': True, 'ccp_alpha': 0.0, 'class_weight': None, 'criterion': 'gini', 'max_depth': 20, 'max_features': 'sqrt', 'max_leaf_nodes': None, 'max_samples': None, 'min_impurity_decrease': 0.0, 'min_samples_leaf': 2, 'min_samples_split': 2, 'min_weight_fraction_leaf': 0.0, 'monotonic_cst': None, 'n_estimators': 50, 'n_jobs': None, 'oob_score': False, 'random_state': 42, 'verbose': 0, 'warm_start': False}",0.13443827629089355
Wine_spoilage,1,1,3,10,RandomForest,Jittering,0.8661290322580645,0.861748379212494,"{'bootstrap': True, 'ccp_alpha': 0.0, 'class_weight': None, 'criterion': 'gini', 'max_depth': None, 'max_features': 'sqrt', 'max_leaf_nodes': None, 'max_samples': None, 'min_impurity_decrease': 0.0, 'min_samples_leaf': 1, 'min_samples_split': 2, 'min_weight_fraction_leaf': 0.0, 'monotonic_cst': None, 'n_estimators': 100, 'n_jobs': None, 'oob_score': False, 'random_state': 42, 'verbose': 0, 'warm_start': False}",0.548896074295044
Wine_spoilage,1,1,3,10,LinearSVC,Jittering,0.7509677419354839,0.7618726051252637,"{'C': 1.0, 'class_weight': None, 'dual': False, 'fit_intercept': True, 'intercept_scaling': 1, 'loss': 'squared_hinge', 'max_iter': 100, 'multi_class': 'ovr', 'penalty': 'l2', 'random_state': 42, 'tol': 0.0001, 'verbose': 0}",0.014934301376342773
Wine_spoilage,1,1,3,10,LogisticRegression,Jittering,0.7758064516129032,0.7825207450189943,"{'C': 1.0, 'class_weight': None, 'dual': False, 'fit_intercept': True, 'intercept_scaling': 1, 'l1_ratio': None, 'max_iter': 100, 'multi_class': 'deprecated', 'n_jobs': None, 'penalty': 'l2', 'random_state': 42, 'solver': 'lbfgs', 'tol': 0.0001, 'verbose': 0, 'warm_start': False}",0.037456512451171875
Wine_spoilage,1,1,2,5,LinearSVC,Time_Warping,0.7464516129032258,0.7468582151624422,"{'C': np.float64(0.1), 'class_weight': None, 'dual': True, 'fit_intercept': True, 'intercept_scaling': 1, 'loss': 'squared_hinge', 'max_iter': 100, 'multi_class': 'ovr', 'penalty': 'l2', 'random_state': 42, 'tol': 0.0001, 'verbose': 0}",0.010552167892456055
Wine_spoilage,1,1,3,10,RNN,Jittering,0.7419354838709677,0.6573802541544477,"{'hidden_size': 64, 'epochs': 10, 'batch_size': 32, 'lr': 0.001}",0.24301528930664062
Wine_spoilage,1,1,2,3,RandomForest,Scaling,0.7322580645161291,0.7227231596994044,"{'bootstrap': True, 'ccp_alpha': 0.0, 'class_weight': None, 'criterion': 'gini', 'max_depth': 20, 'max_features': 'sqrt', 'max_leaf_nodes': None, 'max_samples': None, 'min_impurity_decrease': 0.0, 'min_samples_leaf': 2, 'min_samples_split': 2, 'min_weight_fraction_leaf': 0.0, 'monotonic_cst': None, 'n_estimators': 50, 'n_jobs': None, 'oob_score': False, 'random_state': 42, 'verbose': 0, 'warm_start': False}",0.11968326568603516
Wine_spoilage,1,1,4,1,KNN,Baseline,0.8061290322580645,0.7889595850511515,"{'algorithm': 'auto', 'leaf_size': 30, 'metric': 'minkowski', 'metric_params': None, 'n_jobs': None, 'n_neighbors': 5, 'p': 2, 'weights': 'uniform'}",0.13983893394470215
Wine_spoilage,1,1,2,3,LinearSVC,Scaling,0.7658064516129032,0.757729860569492,"{'C': np.float64(10.0), 'class_weight': None, 'dual': False, 'fit_intercept': True, 'intercept_scaling': 1, 'loss': 'squared_hinge', 'max_iter': 100, 'multi_class': 'ovr', 'penalty': 'l1', 'random_state': 42, 'tol': 0.0001, 'verbose': 0}",0.023518085479736328
Wine_spoilage,1,1,2,3,LogisticRegression,Magnitude_Warping,0.7812903225806451,0.7696660045006201,"{'C': np.float64(10.0), 'class_weight': None, 'dual': False, 'fit_intercept': True, 'intercept_scaling': 1, 'l1_ratio': None, 'max_iter': 100, 'multi_class': 'deprecated', 'n_jobs': None, 'penalty': None, 'random_state': 42, 'solver': 'lbfgs', 'tol': 0.0001, 'verbose': 0, 'warm_start': False}",0.13234972953796387
Wine_spoilage,1,1,4,1,KNN,Tuned_Baseline,0.8083870967741935,0.790415252801387,"{'algorithm': 'auto', 'leaf_size': 30, 'metric': 'euclidean', 'metric_params': None, 'n_jobs': None, 'n_neighbors': np.int64(3), 'p': 2, 'weights': 'uniform'}",0.13863325119018555
Wine_spoilage,1,1,4,1,RandomForest,Baseline,0.7851612903225806,0.754765693667008,"{'bootstrap': True, 'ccp_alpha': 0.0, 'class_weight': None, 'criterion': 'gini', 'max_depth': None, 'max_features': 'sqrt', 'max_leaf_nodes': None, 'max_samples': None, 'min_impurity_decrease': 0.0, 'min_samples_leaf': 1, 'min_samples_split': 2, 'min_weight_fraction_leaf': 0.0, 'monotonic_cst': None, 'n_estimators': 100, 'n_jobs': None, 'oob_score': False, 'random_state': 42, 'verbose': 0, 'warm_start': False}",0.17001867294311523
Wine_spoilage,1,1,2,3,RNN,Magnitude_Warping,0.8064516129032258,0.7859237536656891,"{'hidden_size': 64, 'epochs': 10, 'batch_size': 32, 'lr': 0.001}",0.21908140182495117
Wine_spoilage,1,1,2,5,LogisticRegression,Time_Warping,0.7503225806451613,0.7424665741864354,"{'C': np.float64(100.0), 'class_weight': None, 'dual': False, 'fit_intercept': True, 'intercept_scaling': 1, 'l1_ratio': None, 'max_iter': 100, 'multi_class': 'deprecated', 'n_jobs': None, 'penalty': 'l2', 'random_state': 42, 'solver': 'lbfgs', 'tol': 0.0001, 'verbose': 0, 'warm_start': False}",0.17903852462768555
Wine_spoilage,1,1,2,5,KNN,Magnitude_Warping,0.7719354838709678,0.7649785693340002,"{'algorithm': 'auto', 'leaf_size': 30, 'metric': 'manhattan', 'metric_params': None, 'n_jobs': None, 'n_neighbors': np.int64(9), 'p': 2, 'weights': 'distance'}",0.03826785087585449
Wine_spoilage,1,1,2,5,RNN,Time_Warping,0.9354838709677419,0.9320276497695852,"{'hidden_size': 64, 'epochs': 10, 'batch_size': 32, 'lr': 0.001}",0.7393343448638916
Wine_spoilage,1,1,2,10,KNN,Time_Warping,0.7674193548387097,0.7617389024636688,"{'algorithm': 'auto', 'leaf_size': 30, 'metric': 'minkowski', 'metric_params': None, 'n_jobs': None, 'n_neighbors': 5, 'p': 2, 'weights': 'uniform'}",0.15732860565185547
Wine_spoilage,1,1,2,3,LogisticRegression,Scaling,0.7790322580645161,0.767286776873256,"{'C': np.float64(10.0), 'class_weight': None, 'dual': False, 'fit_intercept': True, 'intercept_scaling': 1, 'l1_ratio': None, 'max_iter': 100, 'multi_class': 'deprecated', 'n_jobs': None, 'penalty': None, 'random_state': 42, 'solver': 'lbfgs', 'tol': 0.0001, 'verbose': 0, 'warm_start': False}",0.10813403129577637
Wine_spoilage,1,1,2,5,RandomForest,Magnitude_Warping,0.7780645161290323,0.7647307665759019,"{'bootstrap': True, 'ccp_alpha': 0.0, 'class_weight': None, 'criterion': 'gini', 'max_depth': 20, 'max_features': 'sqrt', 'max_leaf_nodes': None, 'max_samples': None, 'min_impurity_decrease': 0.0, 'min_samples_leaf': 2, 'min_samples_split': 2, 'min_weight_fraction_leaf': 0.0, 'monotonic_cst': None, 'n_estimators': 50, 'n_jobs': None, 'oob_score': False, 'random_state': 42, 'verbose': 0, 'warm_start': False}",0.14612364768981934
Wine_spoilage,1,1,4,1,RandomForest,Tuned_Baseline,0.7861290322580645,0.7547372944930584,"{'bootstrap': True, 'ccp_alpha': 0.0, 'class_weight': None, 'criterion': 'gini', 'max_depth': 20, 'max_features': 'sqrt', 'max_leaf_nodes': None, 'max_samples': None, 'min_impurity_decrease': 0.0, 'min_samples_leaf': 2, 'min_samples_split': 2, 'min_weight_fraction_leaf': 0.0, 'monotonic_cst': None, 'n_estimators': 100, 'n_jobs': None, 'oob_score': False, 'random_state': 42, 'verbose': 0, 'warm_start': False}",0.007298946380615234
Wine_spoilage,1,1,4,1,LinearSVC,Baseline,0.7919354838709678,0.778168186141776,"{'C': 1.0, 'class_weight': None, 'dual': False, 'fit_intercept': True, 'intercept_scaling': 1, 'loss': 'squared_hinge', 'max_iter': 100, 'multi_class': 'ovr', 'penalty': 'l2', 'random_state': 42, 'tol': 0.0001, 'verbose': 0}",0.0021359920501708984
Wine_spoilage,1,1,4,1,LinearSVC,Tuned_Baseline,0.7919354838709678,0.778168186141776,"{'C': np.float64(1.0), 'class_weight': None, 'dual': False, 'fit_intercept': True, 'intercept_scaling': 1, 'loss': 'squared_hinge', 'max_iter': 100, 'multi_class': 'ovr', 'penalty': 'l2', 'random_state': 42, 'tol': 0.0001, 'verbose': 0}",0.0002663135528564453
Wine_spoilage,1,1,2,5,LinearSVC,Magnitude_Warping,0.765483870967742,0.7620735806157585,"{'C': np.float64(0.1), 'class_weight': None, 'dual': False, 'fit_intercept': True, 'intercept_scaling': 1, 'loss': 'squared_hinge', 'max_iter': 100, 'multi_class': 'ovr', 'penalty': 'l1', 'random_state': 42, 'tol': 0.0001, 'verbose': 0}",0.013229608535766602
Wine_spoilage,1,1,4,1,LogisticRegression,Baseline,0.7909677419354839,0.7784314667502145,"{'C': 1.0, 'class_weight': None, 'dual': False, 'fit_intercept': True, 'intercept_scaling': 1, 'l1_ratio': None, 'max_iter': 100, 'multi_class': 'deprecated', 'n_jobs': None, 'penalty': 'l2', 'random_state': 42, 'solver': 'lbfgs', 'tol': 0.0001, 'verbose': 0, 'warm_start': False}",0.0072667598724365234
Wine_spoilage,1,1,2,10,RandomForest,Time_Warping,0.7612903225806451,0.7210223006396126,"{'bootstrap': True, 'ccp_alpha': 0.0, 'class_weight': None, 'criterion': 'gini', 'max_depth': None, 'max_features': 'sqrt', 'max_leaf_nodes': None, 'max_samples': None, 'min_impurity_decrease': 0.0, 'min_samples_leaf': 1, 'min_samples_split': 2, 'min_weight_fraction_leaf': 0.0, 'monotonic_cst': None, 'n_estimators': 100, 'n_jobs': None, 'oob_score': False, 'random_state': 42, 'verbose': 0, 'warm_start': False}",0.3393559455871582
Wine_spoilage,1,1,2,10,LinearSVC,Time_Warping,0.7819354838709678,0.7746184821860501,"{'C': 1.0, 'class_weight': None, 'dual': False, 'fit_intercept': True, 'intercept_scaling': 1, 'loss': 'squared_hinge', 'max_iter': 100, 'multi_class': 'ovr', 'penalty': 'l2', 'random_state': 42, 'tol': 0.0001, 'verbose': 0}",0.012121200561523438
Wine_spoilage,1,1,2,10,LogisticRegression,Time_Warping,0.78,0.7733180759275404,"{'C': 1.0, 'class_weight': None, 'dual': False, 'fit_intercept': True, 'intercept_scaling': 1, 'l1_ratio': None, 'max_iter': 100, 'multi_class': 'deprecated', 'n_jobs': None, 'penalty': 'l2', 'random_state': 42, 'solver': 'lbfgs', 'tol': 0.0001, 'verbose': 0, 'warm_start': False}",0.14458417892456055
Wine_spoilage,1,1,2,10,RNN,Time_Warping,0.7741935483870968,0.7242005306521435,"{'hidden_size': 64, 'epochs': 10, 'batch_size': 32, 'lr': 0.001}",0.33046841621398926
Wine_spoilage,1,1,2,3,RNN,Scaling,0.7741935483870968,0.7470674486803519,"{'hidden_size': 64, 'epochs': 10, 'batch_size': 32, 'lr': 0.001}",0.7753911018371582
Wine_spoilage,1,1,2,5,KNN,Scaling,0.7716129032258064,0.7645206036861709,"{'algorithm': 'auto', 'leaf_size': 30, 'metric': 'manhattan', 'metric_params': None, 'n_jobs': None, 'n_neighbors': np.int64(9), 'p': 2, 'weights': 'distance'}",0.07136774063110352
Wine_spoilage,1,1,3,1,KNN,Baseline,0.8738709677419355,0.8702037469034704,"{'algorithm': 'auto', 'leaf_size': 30, 'metric': 'minkowski', 'metric_params': None, 'n_jobs': None, 'n_neighbors': 5, 'p': 2, 'weights': 'uniform'}",0.1333301067352295
Wine_spoilage,1,1,2,5,LogisticRegression,Magnitude_Warping,0.7903225806451613,0.7790946674559461,"{'C': np.float64(100.0), 'class_weight': None, 'dual': False, 'fit_intercept': True, 'intercept_scaling': 1, 'l1_ratio': None, 'max_iter': 100, 'multi_class': 'deprecated', 'n_jobs': None, 'penalty': 'l2', 'random_state': 42, 'solver': 'lbfgs', 'tol': 0.0001, 'verbose': 0, 'warm_start': False}",0.1623518466949463
Wine_spoilage,1,1,3,1,KNN,Tuned_Baseline,0.8738709677419355,0.8702037469034704,"{'algorithm': 'auto', 'leaf_size': 30, 'metric': 'euclidean', 'metric_params': None, 'n_jobs': None, 'n_neighbors': np.int64(5), 'p': 2, 'weights': 'uniform'}",0.13620257377624512
Wine_spoilage,1,1,3,1,RandomForest,Baseline,0.8496774193548388,0.8446172881488277,"{'bootstrap': True, 'ccp_alpha': 0.0, 'class_weight': None, 'criterion': 'gini', 'max_depth': None, 'max_features': 'sqrt', 'max_leaf_nodes': None, 'max_samples': None, 'min_impurity_decrease': 0.0, 'min_samples_leaf': 1, 'min_samples_split': 2, 'min_weight_fraction_leaf': 0.0, 'monotonic_cst': None, 'n_estimators': 100, 'n_jobs': None, 'oob_score': False, 'random_state': 42, 'verbose': 0, 'warm_start': False}",0.17802715301513672
Wine_spoilage,1,1,2,5,RNN,Magnitude_Warping,0.8064516129032258,0.7803379416282642,"{'hidden_size': 64, 'epochs': 10, 'batch_size': 32, 'lr': 0.001}",0.6002583503723145
Wine_spoilage,1,1,4,1,LogisticRegression,Tuned_Baseline,0.7835483870967742,0.7668499752018274,"{'C': np.float64(10.0), 'class_weight': None, 'dual': False, 'fit_intercept': True, 'intercept_scaling': 1, 'l1_ratio': None, 'max_iter': 100, 'multi_class': 'deprecated', 'n_jobs': None, 'penalty': None, 'random_state': 42, 'solver': 'lbfgs', 'tol': 0.0001, 'verbose': 0, 'warm_start': False}",0.0005044937133789062
Wine_spoilage,1,1,2,10,KNN,Magnitude_Warping,0.7761290322580645,0.7684465668005757,"{'algorithm': 'auto', 'leaf_size': 30, 'metric': 'minkowski', 'metric_params': None, 'n_jobs': None, 'n_neighbors': 5, 'p': 2, 'weights': 'uniform'}",0.16083383560180664
Wine_spoilage,1,1,4,1,RNN,Baseline,0.8709677419354839,0.838154699965314,"{'hidden_size': 64, 'epochs': 10, 'batch_size': 32, 'lr': 0.001}",0.276630163192749
Wine_spoilage,1,1,4,1,RNN,Tuned_Baseline,0.8709677419354839,0.838154699965314,"{'hidden_size': 64, 'epochs': 10, 'batch_size': 32, 'lr': 0.001}",0.002722024917602539
Wine_spoilage,1,1,4,2,KNN,Jittering,0.817741935483871,0.8000648262531206,"{'algorithm': 'auto', 'leaf_size': 30, 'metric': 'euclidean', 'metric_params': None, 'n_jobs': None, 'n_neighbors': np.int64(3), 'p': 2, 'weights': 'uniform'}",0.14274978637695312
Wine_spoilage,1,1,2,10,RandomForest,Magnitude_Warping,0.7806451612903226,0.7673832070545265,"{'bootstrap': True, 'ccp_alpha': 0.0, 'class_weight': None, 'criterion': 'gini', 'max_depth': None, 'max_features': 'sqrt', 'max_leaf_nodes': None, 'max_samples': None, 'min_impurity_decrease': 0.0, 'min_samples_leaf': 1, 'min_samples_split': 2, 'min_weight_fraction_leaf': 0.0, 'monotonic_cst': None, 'n_estimators': 100, 'n_jobs': None, 'oob_score': False, 'random_state': 42, 'verbose': 0, 'warm_start': False}",0.4595015048980713
Wine_spoilage,1,1,2,10,LinearSVC,Magnitude_Warping,0.7729032258064517,0.7677871234438807,"{'C': 1.0, 'class_weight': None, 'dual': False, 'fit_intercept': True, 'intercept_scaling': 1, 'loss': 'squared_hinge', 'max_iter': 100, 'multi_class': 'ovr', 'penalty': 'l2', 'random_state': 42, 'tol': 0.0001, 'verbose': 0}",0.011552095413208008
Wine_spoilage,1,1,2,10,LogisticRegression,Magnitude_Warping,0.7780645161290323,0.7704154622565059,"{'C': 1.0, 'class_weight': None, 'dual': False, 'fit_intercept': True, 'intercept_scaling': 1, 'l1_ratio': None, 'max_iter': 100, 'multi_class': 'deprecated', 'n_jobs': None, 'penalty': 'l2', 'random_state': 42, 'solver': 'lbfgs', 'tol': 0.0001, 'verbose': 0, 'warm_start': False}",0.14125514030456543
Wine_spoilage,1,1,2,5,RandomForest,Scaling,0.7774193548387097,0.7616495141935552,"{'bootstrap': True, 'ccp_alpha': 0.0, 'class_weight': None, 'criterion': 'gini', 'max_depth': None, 'max_features': 'sqrt', 'max_leaf_nodes': None, 'max_samples': None, 'min_impurity_decrease': 0.0, 'min_samples_leaf': 2, 'min_samples_split': 5, 'min_weight_fraction_leaf': 0.0, 'monotonic_cst': None, 'n_estimators': 100, 'n_jobs': None, 'oob_score': False, 'random_state': 42, 'verbose': 0, 'warm_start': False}",0.27280139923095703
Wine_spoilage,1,1,2,5,LinearSVC,Scaling,0.7638709677419355,0.7592463650964114,"{'C': np.float64(0.1), 'class_weight': None, 'dual': False, 'fit_intercept': True, 'intercept_scaling': 1, 'loss': 'squared_hinge', 'max_iter': 100, 'multi_class': 'ovr', 'penalty': 'l1', 'random_state': 42, 'tol': 0.0001, 'verbose': 0}",0.015658855438232422
Wine_spoilage,1,1,2,10,RNN,Magnitude_Warping,0.8387096774193549,0.826036866359447,"{'hidden_size': 64, 'epochs': 10, 'batch_size': 32, 'lr': 0.001}",0.3833889961242676
Wine_spoilage,1,1,4,2,RandomForest,Jittering,0.7929032258064516,0.7673750144324512,"{'bootstrap': True, 'ccp_alpha': 0.0, 'class_weight': None, 'criterion': 'gini', 'max_depth': 20, 'max_features': 'sqrt', 'max_leaf_nodes': None, 'max_samples': None, 'min_impurity_decrease': 0.0, 'min_samples_leaf': 2, 'min_samples_split': 2, 'min_weight_fraction_leaf': 0.0, 'monotonic_cst': None, 'n_estimators': 50, 'n_jobs': None, 'oob_score': False, 'random_state': 42, 'verbose': 0, 'warm_start': False}",0.10222387313842773
Wine_spoilage,1,1,4,2,LinearSVC,Jittering,0.7941935483870968,0.7808533196662503,"{'C': np.float64(100.0), 'class_weight': None, 'dual': True, 'fit_intercept': True, 'intercept_scaling': 1, 'loss': 'hinge', 'max_iter': 100, 'multi_class': 'ovr', 'penalty': 'l2', 'random_state': 42, 'tol': 0.0001, 'verbose': 0}",0.004863739013671875
Wine_spoilage,1,1,2,5,LogisticRegression,Scaling,0.772258064516129,0.7615966584338189,"{'C': np.float64(100.0), 'class_weight': None, 'dual': False, 'fit_intercept': True, 'intercept_scaling': 1, 'l1_ratio': None, 'max_iter': 100, 'multi_class': 'deprecated', 'n_jobs': None, 'penalty': 'l2', 'random_state': 42, 'solver': 'lbfgs', 'tol': 0.0001, 'verbose': 0, 'warm_start': False}",0.1068882942199707
Wine_spoilage,1,1,3,1,RandomForest,Tuned_Baseline,0.8325806451612904,0.8290420940503428,"{'bootstrap': True, 'ccp_alpha': 0.0, 'class_weight': None, 'criterion': 'gini', 'max_depth': None, 'max_features': 'sqrt', 'max_leaf_nodes': None, 'max_samples': None, 'min_impurity_decrease': 0.0, 'min_samples_leaf': 1, 'min_samples_split': 5, 'min_weight_fraction_leaf': 0.0, 'monotonic_cst': None, 'n_estimators': 100, 'n_jobs': None, 'oob_score': False, 'random_state': 42, 'verbose': 0, 'warm_start': False}",0.014189481735229492
Wine_spoilage,1,1,3,1,LinearSVC,Baseline,0.7380645161290322,0.7493091635740794,"{'C': 1.0, 'class_weight': None, 'dual': False, 'fit_intercept': True, 'intercept_scaling': 1, 'loss': 'squared_hinge', 'max_iter': 100, 'multi_class': 'ovr', 'penalty': 'l2', 'random_state': 42, 'tol': 0.0001, 'verbose': 0}",0.0032830238342285156
Wine_spoilage,1,1,4,2,LogisticRegression,Jittering,0.8116129032258065,0.7974942701239319,"{'C': np.float64(100.0), 'class_weight': None, 'dual': False, 'fit_intercept': True, 'intercept_scaling': 1, 'l1_ratio': None, 'max_iter': 100, 'multi_class': 'deprecated', 'n_jobs': None, 'penalty': 'l2', 'random_state': 42, 'solver': 'lbfgs', 'tol': 0.0001, 'verbose': 0, 'warm_start': False}",0.030051708221435547
Wine_spoilage,1,1,3,1,LinearSVC,Tuned_Baseline,0.727741935483871,0.7393336010058852,"{'C': np.float64(0.1), 'class_weight': None, 'dual': False, 'fit_intercept': True, 'intercept_scaling': 1, 'loss': 'squared_hinge', 'max_iter': 100, 'multi_class': 'ovr', 'penalty': 'l2', 'random_state': 42, 'tol': 0.0001, 'verbose': 0}",0.00038313865661621094
Wine_spoilage,1,1,4,2,RNN,Jittering,0.8387096774193549,0.826036866359447,"{'hidden_size': 64, 'epochs': 10, 'batch_size': 32, 'lr': 0.001}",0.20102930068969727
Wine_spoilage,1,1,3,1,LogisticRegression,Baseline,0.7396774193548387,0.7500989686683571,"{'C': 1.0, 'class_weight': None, 'dual': False, 'fit_intercept': True, 'intercept_scaling': 1, 'l1_ratio': None, 'max_iter': 100, 'multi_class': 'deprecated', 'n_jobs': None, 'penalty': 'l2', 'random_state': 42, 'solver': 'lbfgs', 'tol': 0.0001, 'verbose': 0, 'warm_start': False}",0.16907906532287598
Wine_spoilage,1,1,3,1,KNN,Baseline,0.8738709677419355,0.8702037469034704,"{'algorithm': 'auto', 'leaf_size': 30, 'metric': 'minkowski', 'metric_params': None, 'n_jobs': None, 'n_neighbors': 5, 'p': 2, 'weights': 'uniform'}",0.3362538814544678
Wine_spoilage,1,1,4,3,KNN,Jittering,0.807741935483871,0.7899613232269668,"{'algorithm': 'auto', 'leaf_size': 30, 'metric': 'manhattan', 'metric_params': None, 'n_jobs': None, 'n_neighbors': np.int64(9), 'p': 2, 'weights': 'distance'}",0.030483722686767578
Wine_spoilage,1,1,2,5,RNN,Scaling,0.9354838709677419,0.9291803409909549,"{'hidden_size': 64, 'epochs': 10, 'batch_size': 32, 'lr': 0.001}",0.7780327796936035
Wine_spoilage,1,1,2,10,KNN,Scaling,0.7761290322580645,0.7684722817603564,"{'algorithm': 'auto', 'leaf_size': 30, 'metric': 'minkowski', 'metric_params': None, 'n_jobs': None, 'n_neighbors': 5, 'p': 2, 'weights': 'uniform'}",0.17080044746398926
Wine_spoilage,1,1,3,1,KNN,Tuned_Baseline,0.8738709677419355,0.8702037469034704,"{'algorithm': 'auto', 'leaf_size': 30, 'metric': 'euclidean', 'metric_params': None, 'n_jobs': None, 'n_neighbors': np.int64(5), 'p': 2, 'weights': 'uniform'}",0.13355755805969238
Wine_spoilage,1,1,2,10,RandomForest,Scaling,0.7809677419354839,0.7672604645365937,"{'bootstrap': True, 'ccp_alpha': 0.0, 'class_weight': None, 'criterion': 'gini', 'max_depth': None, 'max_features': 'sqrt', 'max_leaf_nodes': None, 'max_samples': None, 'min_impurity_decrease': 0.0, 'min_samples_leaf': 1, 'min_samples_split': 2, 'min_weight_fraction_leaf': 0.0, 'monotonic_cst': None, 'n_estimators': 100, 'n_jobs': None, 'oob_score': False, 'random_state': 42, 'verbose': 0, 'warm_start': False}",0.42324018478393555
Wine_spoilage,1,1,2,10,LinearSVC,Scaling,0.7587096774193548,0.7546233119432846,"{'C': 1.0, 'class_weight': None, 'dual': False, 'fit_intercept': True, 'intercept_scaling': 1, 'loss': 'squared_hinge', 'max_iter': 100, 'multi_class': 'ovr', 'penalty': 'l2', 'random_state': 42, 'tol': 0.0001, 'verbose': 0}",0.011165857315063477
Wine_spoilage,1,1,2,10,LogisticRegression,Scaling,0.7632258064516129,0.7572392533915501,"{'C': 1.0, 'class_weight': None, 'dual': False, 'fit_intercept': True, 'intercept_scaling': 1, 'l1_ratio': None, 'max_iter': 100, 'multi_class': 'deprecated', 'n_jobs': None, 'penalty': 'l2', 'random_state': 42, 'solver': 'lbfgs', 'tol': 0.0001, 'verbose': 0, 'warm_start': False}",0.05957984924316406
Wine_spoilage,1,1,3,1,RandomForest,Baseline,0.8496774193548388,0.8446172881488277,"{'bootstrap': True, 'ccp_alpha': 0.0, 'class_weight': None, 'criterion': 'gini', 'max_depth': None, 'max_features': 'sqrt', 'max_leaf_nodes': None, 'max_samples': None, 'min_impurity_decrease': 0.0, 'min_samples_leaf': 1, 'min_samples_split': 2, 'min_weight_fraction_leaf': 0.0, 'monotonic_cst': None, 'n_estimators': 100, 'n_jobs': None, 'oob_score': False, 'random_state': 42, 'verbose': 0, 'warm_start': False}",0.3410944938659668
Wine_spoilage,1,1,4,3,RandomForest,Jittering,0.8032258064516129,0.782483271086289,"{'bootstrap': True, 'ccp_alpha': 0.0, 'class_weight': None, 'criterion': 'gini', 'max_depth': 20, 'max_features': 'sqrt', 'max_leaf_nodes': None, 'max_samples': None, 'min_impurity_decrease': 0.0, 'min_samples_leaf': 2, 'min_samples_split': 2, 'min_weight_fraction_leaf': 0.0, 'monotonic_cst': None, 'n_estimators': 50, 'n_jobs': None, 'oob_score': False, 'random_state': 42, 'verbose': 0, 'warm_start': False}",0.11410307884216309
Wine_spoilage,1,1,4,3,LinearSVC,Jittering,0.7935483870967742,0.7798405511170101,"{'C': np.float64(1.0), 'class_weight': None, 'dual': False, 'fit_intercept': True, 'intercept_scaling': 1, 'loss': 'squared_hinge', 'max_iter': 100, 'multi_class': 'ovr', 'penalty': 'l2', 'random_state': 42, 'tol': 0.0001, 'verbose': 0}",0.00457000732421875
Wine_spoilage,1,1,2,10,RNN,Scaling,0.8387096774193549,0.826036866359447,"{'hidden_size': 64, 'epochs': 10, 'batch_size': 32, 'lr': 0.001}",1.2673981189727783
Wine_spoilage,1,1,4,3,LogisticRegression,Jittering,0.7819354838709678,0.7651603310003978,"{'C': np.float64(10.0), 'class_weight': None, 'dual': False, 'fit_intercept': True, 'intercept_scaling': 1, 'l1_ratio': None, 'max_iter': 100, 'multi_class': 'deprecated', 'n_jobs': None, 'penalty': None, 'random_state': 42, 'solver': 'lbfgs', 'tol': 0.0001, 'verbose': 0, 'warm_start': False}",0.017466068267822266
Wine_spoilage,1,1,4,3,RNN,Jittering,0.8064516129032258,0.7394218684541265,"{'hidden_size': 64, 'epochs': 10, 'batch_size': 32, 'lr': 0.001}",0.2381000518798828
Wine_spoilage,1,1,3,1,KNN,Baseline,0.8738709677419355,0.8702037469034704,"{'algorithm': 'auto', 'leaf_size': 30, 'metric': 'minkowski', 'metric_params': None, 'n_jobs': None, 'n_neighbors': 5, 'p': 2, 'weights': 'uniform'}",0.1341416835784912
Wine_spoilage,1,1,4,5,KNN,Jittering,0.8070967741935484,0.7897252991312006,"{'algorithm': 'auto', 'leaf_size': 30, 'metric': 'manhattan', 'metric_params': None, 'n_jobs': None, 'n_neighbors': np.int64(19), 'p': 2, 'weights': 'distance'}",0.04581642150878906
Wine_spoilage,1,1,3,1,KNN,Tuned_Baseline,0.8738709677419355,0.8702037469034704,"{'algorithm': 'auto', 'leaf_size': 30, 'metric': 'euclidean', 'metric_params': None, 'n_jobs': None, 'n_neighbors': np.int64(5), 'p': 2, 'weights': 'uniform'}",0.13802409172058105
Wine_spoilage,1,1,3,1,RandomForest,Baseline,0.8496774193548388,0.8446172881488277,"{'bootstrap': True, 'ccp_alpha': 0.0, 'class_weight': None, 'criterion': 'gini', 'max_depth': None, 'max_features': 'sqrt', 'max_leaf_nodes': None, 'max_samples': None, 'min_impurity_decrease': 0.0, 'min_samples_leaf': 1, 'min_samples_split': 2, 'min_weight_fraction_leaf': 0.0, 'monotonic_cst': None, 'n_estimators': 100, 'n_jobs': None, 'oob_score': False, 'random_state': 42, 'verbose': 0, 'warm_start': False}",0.17974185943603516
Wine_spoilage,1,1,3,1,RandomForest,Tuned_Baseline,0.8325806451612904,0.8290420940503428,"{'bootstrap': True, 'ccp_alpha': 0.0, 'class_weight': None, 'criterion': 'gini', 'max_depth': None, 'max_features': 'sqrt', 'max_leaf_nodes': None, 'max_samples': None, 'min_impurity_decrease': 0.0, 'min_samples_leaf': 1, 'min_samples_split': 5, 'min_weight_fraction_leaf': 0.0, 'monotonic_cst': None, 'n_estimators': 100, 'n_jobs': None, 'oob_score': False, 'random_state': 42, 'verbose': 0, 'warm_start': False}",0.014176607131958008
Wine_spoilage,1,1,3,1,LogisticRegression,Tuned_Baseline,0.6664516129032259,0.6832479238793524,"{'C': np.float64(100.0), 'class_weight': None, 'dual': False, 'fit_intercept': True, 'intercept_scaling': 1, 'l1_ratio': None, 'max_iter': 100, 'multi_class': 'deprecated', 'n_jobs': None, 'penalty': None, 'random_state': 42, 'solver': 'lbfgs', 'tol': 0.0001, 'verbose': 0, 'warm_start': False}",0.00048089027404785156
Wine_spoilage,1,1,3,1,LinearSVC,Baseline,0.7380645161290322,0.7493091635740794,"{'C': 1.0, 'class_weight': None, 'dual': False, 'fit_intercept': True, 'intercept_scaling': 1, 'loss': 'squared_hinge', 'max_iter': 100, 'multi_class': 'ovr', 'penalty': 'l2', 'random_state': 42, 'tol': 0.0001, 'verbose': 0}",0.006409168243408203
Wine_spoilage,1,1,3,1,LinearSVC,Tuned_Baseline,0.727741935483871,0.7393336010058852,"{'C': np.float64(0.1), 'class_weight': None, 'dual': False, 'fit_intercept': True, 'intercept_scaling': 1, 'loss': 'squared_hinge', 'max_iter': 100, 'multi_class': 'ovr', 'penalty': 'l2', 'random_state': 42, 'tol': 0.0001, 'verbose': 0}",0.0003955364227294922
Wine_spoilage,1,1,3,1,LogisticRegression,Baseline,0.7396774193548387,0.7500989686683571,"{'C': 1.0, 'class_weight': None, 'dual': False, 'fit_intercept': True, 'intercept_scaling': 1, 'l1_ratio': None, 'max_iter': 100, 'multi_class': 'deprecated', 'n_jobs': None, 'penalty': 'l2', 'random_state': 42, 'solver': 'lbfgs', 'tol': 0.0001, 'verbose': 0, 'warm_start': False}",0.015374898910522461
Wine_spoilage,1,1,3,1,RNN,Baseline,0.7419354838709677,0.6686827956989247,"{'hidden_size': 64, 'epochs': 10, 'batch_size': 32, 'lr': 0.001}",0.3531334400177002
Wine_spoilage,1,1,3,1,RNN,Tuned_Baseline,0.7419354838709677,0.6686827956989247,"{'hidden_size': 64, 'epochs': 10, 'batch_size': 32, 'lr': 0.001}",0.0024652481079101562
Wine_spoilage,1,1,4,5,RandomForest,Jittering,0.8112903225806452,0.7940375886566454,"{'bootstrap': True, 'ccp_alpha': 0.0, 'class_weight': None, 'criterion': 'gini', 'max_depth': 10, 'max_features': 'sqrt', 'max_leaf_nodes': None, 'max_samples': None, 'min_impurity_decrease': 0.0, 'min_samples_leaf': 1, 'min_samples_split': 2, 'min_weight_fraction_leaf': 0.0, 'monotonic_cst': None, 'n_estimators': 50, 'n_jobs': None, 'oob_score': False, 'random_state': 42, 'verbose': 0, 'warm_start': False}",0.14028263092041016
Wine_spoilage,1,1,4,5,LinearSVC,Jittering,0.7874193548387097,0.7781804455475285,"{'C': np.float64(0.01), 'class_weight': None, 'dual': False, 'fit_intercept': True, 'intercept_scaling': 1, 'loss': 'squared_hinge', 'max_iter': 100, 'multi_class': 'ovr', 'penalty': 'l2', 'random_state': 42, 'tol': 0.0001, 'verbose': 0}",0.007208108901977539
Wine_spoilage,1,1,3,2,KNN,Time_Warping,0.8625806451612903,0.8588770018571665,"{'algorithm': 'auto', 'leaf_size': 30, 'metric': 'manhattan', 'metric_params': None, 'n_jobs': None, 'n_neighbors': np.int64(9), 'p': 2, 'weights': 'distance'}",0.054686784744262695
Wine_spoilage,1,1,3,1,RandomForest,Tuned_Baseline,0.8325806451612904,0.8290420940503428,"{'bootstrap': True, 'ccp_alpha': 0.0, 'class_weight': None, 'criterion': 'gini', 'max_depth': None, 'max_features': 'sqrt', 'max_leaf_nodes': None, 'max_samples': None, 'min_impurity_decrease': 0.0, 'min_samples_leaf': 1, 'min_samples_split': 5, 'min_weight_fraction_leaf': 0.0, 'monotonic_cst': None, 'n_estimators': 100, 'n_jobs': None, 'oob_score': False, 'random_state': 42, 'verbose': 0, 'warm_start': False}",0.013054370880126953
Wine_spoilage,1,1,3,1,LinearSVC,Baseline,0.7380645161290322,0.7493091635740794,"{'C': 1.0, 'class_weight': None, 'dual': False, 'fit_intercept': True, 'intercept_scaling': 1, 'loss': 'squared_hinge', 'max_iter': 100, 'multi_class': 'ovr', 'penalty': 'l2', 'random_state': 42, 'tol': 0.0001, 'verbose': 0}",0.0030341148376464844
Wine_spoilage,1,1,3,1,LinearSVC,Tuned_Baseline,0.727741935483871,0.7393336010058852,"{'C': np.float64(0.1), 'class_weight': None, 'dual': False, 'fit_intercept': True, 'intercept_scaling': 1, 'loss': 'squared_hinge', 'max_iter': 100, 'multi_class': 'ovr', 'penalty': 'l2', 'random_state': 42, 'tol': 0.0001, 'verbose': 0}",0.0003705024719238281
Wine_spoilage,1,1,3,1,LogisticRegression,Baseline,0.7396774193548387,0.7500989686683571,"{'C': 1.0, 'class_weight': None, 'dual': False, 'fit_intercept': True, 'intercept_scaling': 1, 'l1_ratio': None, 'max_iter': 100, 'multi_class': 'deprecated', 'n_jobs': None, 'penalty': 'l2', 'random_state': 42, 'solver': 'lbfgs', 'tol': 0.0001, 'verbose': 0, 'warm_start': False}",0.07614684104919434
Wine_spoilage,1,1,4,5,LogisticRegression,Jittering,0.8103225806451613,0.7962725137012625,"{'C': np.float64(100.0), 'class_weight': None, 'dual': False, 'fit_intercept': True, 'intercept_scaling': 1, 'l1_ratio': None, 'max_iter': 100, 'multi_class': 'deprecated', 'n_jobs': None, 'penalty': 'l2', 'random_state': 42, 'solver': 'lbfgs', 'tol': 0.0001, 'verbose': 0, 'warm_start': False}",0.022034645080566406
Wine_spoilage,1,1,4,5,RNN,Jittering,0.7096774193548387,0.640671591217132,"{'hidden_size': 64, 'epochs': 10, 'batch_size': 32, 'lr': 0.001}",0.27144646644592285
Wine_spoilage,1,1,4,10,KNN,Jittering,0.8164516129032258,0.7985020347084686,"{'algorithm': 'auto', 'leaf_size': 30, 'metric': 'minkowski', 'metric_params': None, 'n_jobs': None, 'n_neighbors': 5, 'p': 2, 'weights': 'uniform'}",0.1576695442199707
Wine_spoilage,1,1,3,2,RandomForest,Time_Warping,0.8248387096774193,0.8226499929188301,"{'bootstrap': True, 'ccp_alpha': 0.0, 'class_weight': None, 'criterion': 'gini', 'max_depth': 20, 'max_features': 'sqrt', 'max_leaf_nodes': None, 'max_samples': None, 'min_impurity_decrease': 0.0, 'min_samples_leaf': 2, 'min_samples_split': 2, 'min_weight_fraction_leaf': 0.0, 'monotonic_cst': None, 'n_estimators': 50, 'n_jobs': None, 'oob_score': False, 'random_state': 42, 'verbose': 0, 'warm_start': False}",0.10543179512023926
Wine_spoilage,1,1,3,2,LinearSVC,Time_Warping,0.7435483870967742,0.750893928463248,"{'C': np.float64(100.0), 'class_weight': None, 'dual': False, 'fit_intercept': True, 'intercept_scaling': 1, 'loss': 'squared_hinge', 'max_iter': 100, 'multi_class': 'ovr', 'penalty': 'l1', 'random_state': 42, 'tol': 0.0001, 'verbose': 0}",0.00804591178894043
Wine_spoilage,1,1,4,10,RandomForest,Jittering,0.802258064516129,0.7852078455377749,"{'bootstrap': True, 'ccp_alpha': 0.0, 'class_weight': None, 'criterion': 'gini', 'max_depth': None, 'max_features': 'sqrt', 'max_leaf_nodes': None, 'max_samples': None, 'min_impurity_decrease': 0.0, 'min_samples_leaf': 1, 'min_samples_split': 2, 'min_weight_fraction_leaf': 0.0, 'monotonic_cst': None, 'n_estimators': 100, 'n_jobs': None, 'oob_score': False, 'random_state': 42, 'verbose': 0, 'warm_start': False}",0.44072651863098145
Wine_spoilage,1,1,4,10,LinearSVC,Jittering,0.7941935483870968,0.7802804134504896,"{'C': 1.0, 'class_weight': None, 'dual': False, 'fit_intercept': True, 'intercept_scaling': 1, 'loss': 'squared_hinge', 'max_iter': 100, 'multi_class': 'ovr', 'penalty': 'l2', 'random_state': 42, 'tol': 0.0001, 'verbose': 0}",0.011974811553955078
Wine_spoilage,1,1,4,10,LogisticRegression,Jittering,0.7941935483870968,0.7802723993157423,"{'C': 1.0, 'class_weight': None, 'dual': False, 'fit_intercept': True, 'intercept_scaling': 1, 'l1_ratio': None, 'max_iter': 100, 'multi_class': 'deprecated', 'n_jobs': None, 'penalty': 'l2', 'random_state': 42, 'solver': 'lbfgs', 'tol': 0.0001, 'verbose': 0, 'warm_start': False}",0.030529022216796875
Wine_spoilage,1,1,4,10,RNN,Jittering,0.8709677419354839,0.8640417457305503,"{'hidden_size': 64, 'epochs': 10, 'batch_size': 32, 'lr': 0.001}",0.2593343257904053
Wine_spoilage,1,1,3,1,LogisticRegression,Tuned_Baseline,0.6664516129032259,0.6832479238793524,"{'C': np.float64(100.0), 'class_weight': None, 'dual': False, 'fit_intercept': True, 'intercept_scaling': 1, 'l1_ratio': None, 'max_iter': 100, 'multi_class': 'deprecated', 'n_jobs': None, 'penalty': None, 'random_state': 42, 'solver': 'lbfgs', 'tol': 0.0001, 'verbose': 0, 'warm_start': False}",0.0005505084991455078
Wine_spoilage,1,1,5,1,KNN,Baseline,0.7974193548387096,0.7815929840705963,"{'algorithm': 'auto', 'leaf_size': 30, 'metric': 'minkowski', 'metric_params': None, 'n_jobs': None, 'n_neighbors': 5, 'p': 2, 'weights': 'uniform'}",0.13671231269836426
Wine_spoilage,1,1,3,1,RNN,Baseline,0.8709677419354839,0.8670576735092864,"{'hidden_size': 64, 'epochs': 10, 'batch_size': 32, 'lr': 0.001}",0.4343106746673584
Wine_spoilage,1,1,3,1,RNN,Tuned_Baseline,0.8709677419354839,0.8670576735092864,"{'hidden_size': 64, 'epochs': 10, 'batch_size': 32, 'lr': 0.001}",0.018140316009521484
Wine_spoilage,1,1,3,2,KNN,Magnitude_Warping,0.8841935483870967,0.8794613373653315,"{'algorithm': 'auto', 'leaf_size': 30, 'metric': 'manhattan', 'metric_params': None, 'n_jobs': None, 'n_neighbors': np.int64(9), 'p': 2, 'weights': 'distance'}",0.02931952476501465
Wine_spoilage,1,1,5,1,KNN,Tuned_Baseline,0.8003225806451613,0.7840619504142046,"{'algorithm': 'auto', 'leaf_size': 30, 'metric': 'euclidean', 'metric_params': None, 'n_jobs': None, 'n_neighbors': np.int64(3), 'p': 2, 'weights': 'uniform'}",0.1354656219482422
Wine_spoilage,1,1,5,1,RandomForest,Baseline,0.7712903225806451,0.7322602695292102,"{'bootstrap': True, 'ccp_alpha': 0.0, 'class_weight': None, 'criterion': 'gini', 'max_depth': None, 'max_features': 'sqrt', 'max_leaf_nodes': None, 'max_samples': None, 'min_impurity_decrease': 0.0, 'min_samples_leaf': 1, 'min_samples_split': 2, 'min_weight_fraction_leaf': 0.0, 'monotonic_cst': None, 'n_estimators': 100, 'n_jobs': None, 'oob_score': False, 'random_state': 42, 'verbose': 0, 'warm_start': False}",0.17036652565002441
Wine_spoilage,1,1,3,1,LogisticRegression,Tuned_Baseline,0.6664516129032259,0.6832479238793524,"{'C': np.float64(100.0), 'class_weight': None, 'dual': False, 'fit_intercept': True, 'intercept_scaling': 1, 'l1_ratio': None, 'max_iter': 100, 'multi_class': 'deprecated', 'n_jobs': None, 'penalty': None, 'random_state': 42, 'solver': 'lbfgs', 'tol': 0.0001, 'verbose': 0, 'warm_start': False}",0.0005385875701904297
Wine_spoilage,1,1,3,1,RNN,Baseline,0.3870967741935484,0.3519727047146402,"{'hidden_size': 64, 'epochs': 10, 'batch_size': 32, 'lr': 0.001}",0.21837854385375977
Wine_spoilage,1,1,3,1,RNN,Tuned_Baseline,0.3870967741935484,0.3519727047146402,"{'hidden_size': 64, 'epochs': 10, 'batch_size': 32, 'lr': 0.001}",0.005034923553466797
Wine_spoilage,1,1,3,2,LogisticRegression,Time_Warping,0.7767741935483871,0.778190177469502,"{'C': np.float64(100.0), 'class_weight': None, 'dual': False, 'fit_intercept': True, 'intercept_scaling': 1, 'l1_ratio': None, 'max_iter': 100, 'multi_class': 'deprecated', 'n_jobs': None, 'penalty': None, 'random_state': 42, 'solver': 'lbfgs', 'tol': 0.0001, 'verbose': 0, 'warm_start': False}",0.24640727043151855
Wine_spoilage,1,1,3,2,RandomForest,Magnitude_Warping,0.8354838709677419,0.8308182495481085,"{'bootstrap': True, 'ccp_alpha': 0.0, 'class_weight': None, 'criterion': 'gini', 'max_depth': 20, 'max_features': 'sqrt', 'max_leaf_nodes': None, 'max_samples': None, 'min_impurity_decrease': 0.0, 'min_samples_leaf': 2, 'min_samples_split': 2, 'min_weight_fraction_leaf': 0.0, 'monotonic_cst': None, 'n_estimators': 50, 'n_jobs': None, 'oob_score': False, 'random_state': 42, 'verbose': 0, 'warm_start': False}",0.10640645027160645
Wine_spoilage,1,1,3,2,KNN,Scaling,0.8722580645161291,0.8690490098106987,"{'algorithm': 'auto', 'leaf_size': 30, 'metric': 'manhattan', 'metric_params': None, 'n_jobs': None, 'n_neighbors': np.int64(9), 'p': 2, 'weights': 'distance'}",0.02739119529724121
Wine_spoilage,1,1,3,2,LinearSVC,Magnitude_Warping,0.73,0.741616504315136,"{'C': np.float64(0.1), 'class_weight': None, 'dual': False, 'fit_intercept': True, 'intercept_scaling': 1, 'loss': 'squared_hinge', 'max_iter': 100, 'multi_class': 'ovr', 'penalty': 'l1', 'random_state': 42, 'tol': 0.0001, 'verbose': 0}",0.0075604915618896484
Wine_spoilage,1,1,3,2,RNN,Time_Warping,0.7741935483870968,0.7311827956989246,"{'hidden_size': 64, 'epochs': 10, 'batch_size': 32, 'lr': 0.001}",0.36760997772216797
Wine_spoilage,1,1,3,3,KNN,Time_Warping,0.834516129032258,0.8344832954861511,"{'algorithm': 'auto', 'leaf_size': 30, 'metric': 'manhattan', 'metric_params': None, 'n_jobs': None, 'n_neighbors': np.int64(9), 'p': 2, 'weights': 'distance'}",0.036023855209350586
Wine_spoilage,1,1,5,1,RandomForest,Tuned_Baseline,0.7712903225806451,0.7322602695292102,"{'bootstrap': True, 'ccp_alpha': 0.0, 'class_weight': None, 'criterion': 'gini', 'max_depth': None, 'max_features': 'sqrt', 'max_leaf_nodes': None, 'max_samples': None, 'min_impurity_decrease': 0.0, 'min_samples_leaf': 1, 'min_samples_split': 2, 'min_weight_fraction_leaf': 0.0, 'monotonic_cst': None, 'n_estimators': 100, 'n_jobs': None, 'oob_score': False, 'random_state': 42, 'verbose': 0, 'warm_start': False}",0.007676124572753906
Wine_spoilage,1,1,5,1,LinearSVC,Baseline,0.805483870967742,0.7913454821582455,"{'C': 1.0, 'class_weight': None, 'dual': False, 'fit_intercept': True, 'intercept_scaling': 1, 'loss': 'squared_hinge', 'max_iter': 100, 'multi_class': 'ovr', 'penalty': 'l2', 'random_state': 42, 'tol': 0.0001, 'verbose': 0}",0.002574443817138672
Wine_spoilage,1,1,5,1,LinearSVC,Tuned_Baseline,0.805483870967742,0.7913454821582455,"{'C': np.float64(1.0), 'class_weight': None, 'dual': False, 'fit_intercept': True, 'intercept_scaling': 1, 'loss': 'squared_hinge', 'max_iter': 100, 'multi_class': 'ovr', 'penalty': 'l2', 'random_state': 42, 'tol': 0.0001, 'verbose': 0}",0.0003726482391357422
Wine_spoilage,1,1,5,1,LogisticRegression,Baseline,0.7961290322580645,0.7826572716002539,"{'C': 1.0, 'class_weight': None, 'dual': False, 'fit_intercept': True, 'intercept_scaling': 1, 'l1_ratio': None, 'max_iter': 100, 'multi_class': 'deprecated', 'n_jobs': None, 'penalty': 'l2', 'random_state': 42, 'solver': 'lbfgs', 'tol': 0.0001, 'verbose': 0, 'warm_start': False}",0.008175849914550781
Wine_spoilage,1,1,3,2,RandomForest,Scaling,0.8480645161290322,0.8440984063716251,"{'bootstrap': True, 'ccp_alpha': 0.0, 'class_weight': None, 'criterion': 'gini', 'max_depth': 20, 'max_features': 'sqrt', 'max_leaf_nodes': None, 'max_samples': None, 'min_impurity_decrease': 0.0, 'min_samples_leaf': 2, 'min_samples_split': 2, 'min_weight_fraction_leaf': 0.0, 'monotonic_cst': None, 'n_estimators': 50, 'n_jobs': None, 'oob_score': False, 'random_state': 42, 'verbose': 0, 'warm_start': False}",0.10408282279968262
Wine_spoilage,1,1,3,2,LinearSVC,Scaling,0.7358064516129033,0.7466666042184651,"{'C': np.float64(100.0), 'class_weight': None, 'dual': False, 'fit_intercept': True, 'intercept_scaling': 1, 'loss': 'squared_hinge', 'max_iter': 100, 'multi_class': 'ovr', 'penalty': 'l1', 'random_state': 42, 'tol': 0.0001, 'verbose': 0}",0.009463310241699219
Wine_spoilage,1,1,3,3,RandomForest,Time_Warping,0.8229032258064516,0.8194439289098598,"{'bootstrap': True, 'ccp_alpha': 0.0, 'class_weight': None, 'criterion': 'gini', 'max_depth': 20, 'max_features': 'sqrt', 'max_leaf_nodes': None, 'max_samples': None, 'min_impurity_decrease': 0.0, 'min_samples_leaf': 2, 'min_samples_split': 2, 'min_weight_fraction_leaf': 0.0, 'monotonic_cst': None, 'n_estimators': 50, 'n_jobs': None, 'oob_score': False, 'random_state': 42, 'verbose': 0, 'warm_start': False}",0.1191713809967041
Wine_spoilage,1,1,3,2,LogisticRegression,Magnitude_Warping,0.7645161290322581,0.7697544144468011,"{'C': np.float64(100.0), 'class_weight': None, 'dual': False, 'fit_intercept': True, 'intercept_scaling': 1, 'l1_ratio': None, 'max_iter': 100, 'multi_class': 'deprecated', 'n_jobs': None, 'penalty': None, 'random_state': 42, 'solver': 'lbfgs', 'tol': 0.0001, 'verbose': 0, 'warm_start': False}",0.1056051254272461
Wine_spoilage,1,1,3,3,LinearSVC,Time_Warping,0.7209677419354839,0.7295232832879696,"{'C': np.float64(10.0), 'class_weight': None, 'dual': False, 'fit_intercept': True, 'intercept_scaling': 1, 'loss': 'squared_hinge', 'max_iter': 100, 'multi_class': 'ovr', 'penalty': 'l1', 'random_state': 42, 'tol': 0.0001, 'verbose': 0}",0.011506795883178711
Wine_spoilage,1,1,3,2,RNN,Magnitude_Warping,0.5806451612903226,0.5860953562566465,"{'hidden_size': 64, 'epochs': 10, 'batch_size': 32, 'lr': 0.001}",0.28113460540771484
Wine_spoilage,1,1,3,3,KNN,Magnitude_Warping,0.8687096774193548,0.8656996290155269,"{'algorithm': 'auto', 'leaf_size': 30, 'metric': 'euclidean', 'metric_params': None, 'n_jobs': None, 'n_neighbors': np.int64(5), 'p': 2, 'weights': 'uniform'}",0.14518952369689941
Wine_spoilage,1,1,5,1,LogisticRegression,Tuned_Baseline,0.8061290322580645,0.7888247726943944,"{'C': np.float64(10.0), 'class_weight': None, 'dual': False, 'fit_intercept': True, 'intercept_scaling': 1, 'l1_ratio': None, 'max_iter': 100, 'multi_class': 'deprecated', 'n_jobs': None, 'penalty': 'l2', 'random_state': 42, 'solver': 'lbfgs', 'tol': 0.0001, 'verbose': 0, 'warm_start': False}",0.0005517005920410156
Wine_spoilage,1,1,5,1,RNN,Baseline,0.8387096774193549,0.7747138397502601,"{'hidden_size': 64, 'epochs': 10, 'batch_size': 32, 'lr': 0.001}",0.2236330509185791
Wine_spoilage,1,1,5,1,RNN,Tuned_Baseline,0.8387096774193549,0.7747138397502601,"{'hidden_size': 64, 'epochs': 10, 'batch_size': 32, 'lr': 0.001}",0.003408670425415039
Wine_spoilage,1,1,5,2,KNN,Jittering,0.8080645161290323,0.7919872575779839,"{'algorithm': 'auto', 'leaf_size': 30, 'metric': 'euclidean', 'metric_params': None, 'n_jobs': None, 'n_neighbors': np.int64(3), 'p': 2, 'weights': 'uniform'}",0.14178729057312012
Wine_spoilage,1,1,3,3,RandomForest,Magnitude_Warping,0.8319354838709677,0.8309187438569242,"{'bootstrap': True, 'ccp_alpha': 0.0, 'class_weight': None, 'criterion': 'gini', 'max_depth': 20, 'max_features': 'sqrt', 'max_leaf_nodes': None, 'max_samples': None, 'min_impurity_decrease': 0.0, 'min_samples_leaf': 2, 'min_samples_split': 2, 'min_weight_fraction_leaf': 0.0, 'monotonic_cst': None, 'n_estimators': 50, 'n_jobs': None, 'oob_score': False, 'random_state': 42, 'verbose': 0, 'warm_start': False}",0.12701201438903809
Wine_spoilage,1,1,3,3,LogisticRegression,Time_Warping,0.7341935483870968,0.7412230609234919,"{'C': np.float64(100.0), 'class_weight': None, 'dual': False, 'fit_intercept': True, 'intercept_scaling': 1, 'l1_ratio': None, 'max_iter': 100, 'multi_class': 'deprecated', 'n_jobs': None, 'penalty': 'l2', 'random_state': 42, 'solver': 'lbfgs', 'tol': 0.0001, 'verbose': 0, 'warm_start': False}",0.09629201889038086
Wine_spoilage,1,1,3,3,LinearSVC,Magnitude_Warping,0.7374193548387097,0.7471347414012603,"{'C': np.float64(1.0), 'class_weight': None, 'dual': False, 'fit_intercept': True, 'intercept_scaling': 1, 'loss': 'squared_hinge', 'max_iter': 100, 'multi_class': 'ovr', 'penalty': 'l2', 'random_state': 42, 'tol': 0.0001, 'verbose': 0}",0.005289316177368164
Wine_spoilage,1,1,3,3,RNN,Time_Warping,0.41935483870967744,0.3781017369727047,"{'hidden_size': 64, 'epochs': 10, 'batch_size': 32, 'lr': 0.001}",0.644507884979248
Wine_spoilage,1,1,3,5,KNN,Time_Warping,0.8090322580645162,0.8113577032284572,"{'algorithm': 'auto', 'leaf_size': 30, 'metric': 'manhattan', 'metric_params': None, 'n_jobs': None, 'n_neighbors': np.int64(19), 'p': 2, 'weights': 'distance'}",0.0681769847869873
Wine_spoilage,1,1,5,2,RandomForest,Jittering,0.7893548387096774,0.7610503946892205,"{'bootstrap': True, 'ccp_alpha': 0.0, 'class_weight': None, 'criterion': 'gini', 'max_depth': 20, 'max_features': 'sqrt', 'max_leaf_nodes': None, 'max_samples': None, 'min_impurity_decrease': 0.0, 'min_samples_leaf': 2, 'min_samples_split': 5, 'min_weight_fraction_leaf': 0.0, 'monotonic_cst': None, 'n_estimators': 100, 'n_jobs': None, 'oob_score': False, 'random_state': 42, 'verbose': 0, 'warm_start': False}",0.18469738960266113
Wine_spoilage,1,1,5,2,LinearSVC,Jittering,0.7938709677419354,0.7819124288930163,"{'C': np.float64(0.1), 'class_weight': None, 'dual': False, 'fit_intercept': True, 'intercept_scaling': 1, 'loss': 'squared_hinge', 'max_iter': 100, 'multi_class': 'ovr', 'penalty': 'l1', 'random_state': 42, 'tol': 0.0001, 'verbose': 0}",0.007618427276611328
Wine_spoilage,1,1,3,2,LogisticRegression,Scaling,0.5077419354838709,0.5290240298264193,"{'C': np.float64(10.0), 'class_weight': None, 'dual': False, 'fit_intercept': True, 'intercept_scaling': 1, 'l1_ratio': None, 'max_iter': 100, 'multi_class': 'deprecated', 'n_jobs': None, 'penalty': None, 'random_state': 42, 'solver': 'lbfgs', 'tol': 0.0001, 'verbose': 0, 'warm_start': False}",1.1564457416534424
Wine_spoilage,1,1,3,3,LogisticRegression,Magnitude_Warping,0.7787096774193548,0.7794664488669998,"{'C': np.float64(10.0), 'class_weight': None, 'dual': False, 'fit_intercept': True, 'intercept_scaling': 1, 'l1_ratio': None, 'max_iter': 100, 'multi_class': 'deprecated', 'n_jobs': None, 'penalty': None, 'random_state': 42, 'solver': 'lbfgs', 'tol': 0.0001, 'verbose': 0, 'warm_start': False}",0.18635153770446777
Wine_spoilage,1,1,3,5,RandomForest,Time_Warping,0.8483870967741935,0.8449189001417575,"{'bootstrap': True, 'ccp_alpha': 0.0, 'class_weight': None, 'criterion': 'gini', 'max_depth': 20, 'max_features': 'sqrt', 'max_leaf_nodes': None, 'max_samples': None, 'min_impurity_decrease': 0.0, 'min_samples_leaf': 1, 'min_samples_split': 2, 'min_weight_fraction_leaf': 0.0, 'monotonic_cst': None, 'n_estimators': 50, 'n_jobs': None, 'oob_score': False, 'random_state': 42, 'verbose': 0, 'warm_start': False}",0.1501312255859375
Wine_spoilage,1,1,3,3,RNN,Magnitude_Warping,0.41935483870967744,0.3379416282642089,"{'hidden_size': 64, 'epochs': 10, 'batch_size': 32, 'lr': 0.001}",0.21828603744506836
Wine_spoilage,1,1,3,5,LinearSVC,Time_Warping,0.747741935483871,0.7559937436691365,"{'C': np.float64(0.1), 'class_weight': None, 'dual': True, 'fit_intercept': True, 'intercept_scaling': 1, 'loss': 'squared_hinge', 'max_iter': 100, 'multi_class': 'ovr', 'penalty': 'l2', 'random_state': 42, 'tol': 0.0001, 'verbose': 0}",0.01932668685913086
Wine_spoilage,1,1,5,2,LogisticRegression,Jittering,0.8019354838709677,0.7802827969201223,"{'C': np.float64(100.0), 'class_weight': None, 'dual': False, 'fit_intercept': True, 'intercept_scaling': 1, 'l1_ratio': None, 'max_iter': 100, 'multi_class': 'deprecated', 'n_jobs': None, 'penalty': 'l2', 'random_state': 42, 'solver': 'lbfgs', 'tol': 0.0001, 'verbose': 0, 'warm_start': False}",0.013893604278564453
Wine_spoilage,1,1,3,5,KNN,Magnitude_Warping,0.8835483870967742,0.8788664292696551,"{'algorithm': 'auto', 'leaf_size': 30, 'metric': 'manhattan', 'metric_params': None, 'n_jobs': None, 'n_neighbors': np.int64(9), 'p': 2, 'weights': 'distance'}",0.04550361633300781
Wine_spoilage,1,1,5,2,RNN,Jittering,0.8387096774193549,0.8359525778880618,"{'hidden_size': 64, 'epochs': 10, 'batch_size': 32, 'lr': 0.001}",0.23635149002075195
Wine_spoilage,1,1,3,2,RNN,Scaling,0.7419354838709677,0.6622678396871946,"{'hidden_size': 64, 'epochs': 10, 'batch_size': 32, 'lr': 0.001}",1.0552406311035156
Wine_spoilage,1,1,5,3,KNN,Jittering,0.7941935483870968,0.7778506576843017,"{'algorithm': 'auto', 'leaf_size': 30, 'metric': 'manhattan', 'metric_params': None, 'n_jobs': None, 'n_neighbors': np.int64(9), 'p': 2, 'weights': 'distance'}",0.031095504760742188
Wine_spoilage,1,1,3,3,KNN,Scaling,0.8819354838709678,0.8782342045440238,"{'algorithm': 'auto', 'leaf_size': 30, 'metric': 'euclidean', 'metric_params': None, 'n_jobs': None, 'n_neighbors': np.int64(5), 'p': 2, 'weights': 'uniform'}",0.1531987190246582
Wine_spoilage,1,1,3,5,RandomForest,Magnitude_Warping,0.8493548387096774,0.8464006022404241,"{'bootstrap': True, 'ccp_alpha': 0.0, 'class_weight': None, 'criterion': 'gini', 'max_depth': 10, 'max_features': 'sqrt', 'max_leaf_nodes': None, 'max_samples': None, 'min_impurity_decrease': 0.0, 'min_samples_leaf': 1, 'min_samples_split': 2, 'min_weight_fraction_leaf': 0.0, 'monotonic_cst': None, 'n_estimators': 50, 'n_jobs': None, 'oob_score': False, 'random_state': 42, 'verbose': 0, 'warm_start': False}",0.16323256492614746
Wine_spoilage,1,1,5,3,RandomForest,Jittering,0.7929032258064516,0.7668685825494912,"{'bootstrap': True, 'ccp_alpha': 0.0, 'class_weight': None, 'criterion': 'gini', 'max_depth': 20, 'max_features': 'sqrt', 'max_leaf_nodes': None, 'max_samples': None, 'min_impurity_decrease': 0.0, 'min_samples_leaf': 2, 'min_samples_split': 2, 'min_weight_fraction_leaf': 0.0, 'monotonic_cst': None, 'n_estimators': 50, 'n_jobs': None, 'oob_score': False, 'random_state': 42, 'verbose': 0, 'warm_start': False}",0.11354947090148926
Wine_spoilage,1,1,3,5,LinearSVC,Magnitude_Warping,0.7409677419354839,0.7470635476890481,"{'C': np.float64(0.001), 'class_weight': None, 'dual': False, 'fit_intercept': True, 'intercept_scaling': 1, 'loss': 'squared_hinge', 'max_iter': 100, 'multi_class': 'ovr', 'penalty': 'l2', 'random_state': 42, 'tol': 0.0001, 'verbose': 0}",0.00662994384765625
Wine_spoilage,1,1,5,3,LinearSVC,Jittering,0.807741935483871,0.7862995975504292,"{'C': np.float64(100.0), 'class_weight': None, 'dual': True, 'fit_intercept': True, 'intercept_scaling': 1, 'loss': 'hinge', 'max_iter': 100, 'multi_class': 'ovr', 'penalty': 'l2', 'random_state': 42, 'tol': 0.0001, 'verbose': 0}",0.00761866569519043
Wine_spoilage,1,1,3,5,LogisticRegression,Time_Warping,0.7938709677419354,0.7937854576297667,"{'C': np.float64(100.0), 'class_weight': None, 'dual': False, 'fit_intercept': True, 'intercept_scaling': 1, 'l1_ratio': None, 'max_iter': 100, 'multi_class': 'deprecated', 'n_jobs': None, 'penalty': 'l2', 'random_state': 42, 'solver': 'lbfgs', 'tol': 0.0001, 'verbose': 0, 'warm_start': False}",0.06332015991210938
Wine_spoilage,1,1,3,5,RNN,Time_Warping,0.7419354838709677,0.6615490771088494,"{'hidden_size': 64, 'epochs': 10, 'batch_size': 32, 'lr': 0.001}",0.646674394607544
Wine_spoilage,1,1,3,3,RandomForest,Scaling,0.7574193548387097,0.7599916440673457,"{'bootstrap': True, 'ccp_alpha': 0.0, 'class_weight': None, 'criterion': 'gini', 'max_depth': 20, 'max_features': 'sqrt', 'max_leaf_nodes': None, 'max_samples': None, 'min_impurity_decrease': 0.0, 'min_samples_leaf': 2, 'min_samples_split': 2, 'min_weight_fraction_leaf': 0.0, 'monotonic_cst': None, 'n_estimators': 50, 'n_jobs': None, 'oob_score': False, 'random_state': 42, 'verbose': 0, 'warm_start': False}",0.12965869903564453
Wine_spoilage,1,1,5,3,LogisticRegression,Jittering,0.7938709677419354,0.7705890061077794,"{'C': np.float64(10.0), 'class_weight': None, 'dual': False, 'fit_intercept': True, 'intercept_scaling': 1, 'l1_ratio': None, 'max_iter': 100, 'multi_class': 'deprecated', 'n_jobs': None, 'penalty': None, 'random_state': 42, 'solver': 'lbfgs', 'tol': 0.0001, 'verbose': 0, 'warm_start': False}",0.036481618881225586
Wine_spoilage,1,1,3,3,LinearSVC,Scaling,0.7106451612903226,0.725303294272653,"{'C': np.float64(10.0), 'class_weight': None, 'dual': False, 'fit_intercept': True, 'intercept_scaling': 1, 'loss': 'squared_hinge', 'max_iter': 100, 'multi_class': 'ovr', 'penalty': 'l1', 'random_state': 42, 'tol': 0.0001, 'verbose': 0}",0.029056072235107422
Wine_spoilage,1,1,3,10,KNN,Time_Warping,0.857741935483871,0.8559785977376789,"{'algorithm': 'auto', 'leaf_size': 30, 'metric': 'minkowski', 'metric_params': None, 'n_jobs': None, 'n_neighbors': 5, 'p': 2, 'weights': 'uniform'}",0.18462038040161133
Wine_spoilage,1,1,5,3,RNN,Jittering,0.9354838709677419,0.9294354838709677,"{'hidden_size': 64, 'epochs': 10, 'batch_size': 32, 'lr': 0.001}",0.30939579010009766
Wine_spoilage,1,1,5,5,KNN,Jittering,0.8012903225806451,0.784889408213077,"{'algorithm': 'auto', 'leaf_size': 30, 'metric': 'manhattan', 'metric_params': None, 'n_jobs': None, 'n_neighbors': np.int64(9), 'p': 2, 'weights': 'distance'}",0.03627896308898926
Wine_spoilage,1,1,3,10,RandomForest,Time_Warping,0.8154838709677419,0.8095232968562728,"{'bootstrap': True, 'ccp_alpha': 0.0, 'class_weight': None, 'criterion': 'gini', 'max_depth': None, 'max_features': 'sqrt', 'max_leaf_nodes': None, 'max_samples': None, 'min_impurity_decrease': 0.0, 'min_samples_leaf': 1, 'min_samples_split': 2, 'min_weight_fraction_leaf': 0.0, 'monotonic_cst': None, 'n_estimators': 100, 'n_jobs': None, 'oob_score': False, 'random_state': 42, 'verbose': 0, 'warm_start': False}",0.5181200504302979
Wine_spoilage,1,1,3,10,LinearSVC,Time_Warping,0.7403225806451613,0.7479535996217087,"{'C': 1.0, 'class_weight': None, 'dual': False, 'fit_intercept': True, 'intercept_scaling': 1, 'loss': 'squared_hinge', 'max_iter': 100, 'multi_class': 'ovr', 'penalty': 'l2', 'random_state': 42, 'tol': 0.0001, 'verbose': 0}",0.01600050926208496
Wine_spoilage,1,1,3,10,LogisticRegression,Time_Warping,0.7570967741935484,0.7624956253130308,"{'C': 1.0, 'class_weight': None, 'dual': False, 'fit_intercept': True, 'intercept_scaling': 1, 'l1_ratio': None, 'max_iter': 100, 'multi_class': 'deprecated', 'n_jobs': None, 'penalty': 'l2', 'random_state': 42, 'solver': 'lbfgs', 'tol': 0.0001, 'verbose': 0, 'warm_start': False}",0.15802979469299316
Wine_spoilage,1,1,3,5,LogisticRegression,Magnitude_Warping,0.7845161290322581,0.7856485913409755,"{'C': np.float64(100.0), 'class_weight': None, 'dual': False, 'fit_intercept': True, 'intercept_scaling': 1, 'l1_ratio': None, 'max_iter': 100, 'multi_class': 'deprecated', 'n_jobs': None, 'penalty': 'l2', 'random_state': 42, 'solver': 'lbfgs', 'tol': 0.0001, 'verbose': 0, 'warm_start': False}",0.23436331748962402
Wine_spoilage,1,1,5,5,RandomForest,Jittering,0.7848387096774193,0.7556720105790752,"{'bootstrap': True, 'ccp_alpha': 0.0, 'class_weight': None, 'criterion': 'gini', 'max_depth': 10, 'max_features': 'sqrt', 'max_leaf_nodes': None, 'max_samples': None, 'min_impurity_decrease': 0.0, 'min_samples_leaf': 1, 'min_samples_split': 2, 'min_weight_fraction_leaf': 0.0, 'monotonic_cst': None, 'n_estimators': 50, 'n_jobs': None, 'oob_score': False, 'random_state': 42, 'verbose': 0, 'warm_start': False}",0.14112281799316406
Wine_spoilage,1,1,5,5,LinearSVC,Jittering,0.7916129032258065,0.7700537414836934,"{'C': np.float64(100.0), 'class_weight': None, 'dual': True, 'fit_intercept': True, 'intercept_scaling': 1, 'loss': 'hinge', 'max_iter': 100, 'multi_class': 'ovr', 'penalty': 'l2', 'random_state': 42, 'tol': 0.0001, 'verbose': 0}",0.01110529899597168
Wine_spoilage,1,1,3,5,RNN,Magnitude_Warping,0.7741935483870968,0.7155740548040235,"{'hidden_size': 64, 'epochs': 10, 'batch_size': 32, 'lr': 0.001}",0.7302696704864502
Wine_spoilage,1,1,3,10,RNN,Time_Warping,0.8387096774193549,0.8313782991202346,"{'hidden_size': 64, 'epochs': 10, 'batch_size': 32, 'lr': 0.001}",0.9021542072296143
Wine_spoilage,1,1,3,10,KNN,Magnitude_Warping,0.8748387096774194,0.8706472885667979,"{'algorithm': 'auto', 'leaf_size': 30, 'metric': 'minkowski', 'metric_params': None, 'n_jobs': None, 'n_neighbors': 5, 'p': 2, 'weights': 'uniform'}",0.1592884063720703
Wine_spoilage,1,1,4,1,KNN,Baseline,0.8061290322580645,0.7889595850511515,"{'algorithm': 'auto', 'leaf_size': 30, 'metric': 'minkowski', 'metric_params': None, 'n_jobs': None, 'n_neighbors': 5, 'p': 2, 'weights': 'uniform'}",0.13079094886779785
Wine_spoilage,1,1,4,1,KNN,Tuned_Baseline,0.8083870967741935,0.790415252801387,"{'algorithm': 'auto', 'leaf_size': 30, 'metric': 'euclidean', 'metric_params': None, 'n_jobs': None, 'n_neighbors': np.int64(3), 'p': 2, 'weights': 'uniform'}",0.1299588680267334
Wine_spoilage,1,1,5,5,LogisticRegression,Jittering,0.797741935483871,0.775869444735633,"{'C': np.float64(100.0), 'class_weight': None, 'dual': False, 'fit_intercept': True, 'intercept_scaling': 1, 'l1_ratio': None, 'max_iter': 100, 'multi_class': 'deprecated', 'n_jobs': None, 'penalty': 'l2', 'random_state': 42, 'solver': 'lbfgs', 'tol': 0.0001, 'verbose': 0, 'warm_start': False}",0.04772186279296875
Wine_spoilage,1,1,4,1,RandomForest,Baseline,0.7851612903225806,0.754765693667008,"{'bootstrap': True, 'ccp_alpha': 0.0, 'class_weight': None, 'criterion': 'gini', 'max_depth': None, 'max_features': 'sqrt', 'max_leaf_nodes': None, 'max_samples': None, 'min_impurity_decrease': 0.0, 'min_samples_leaf': 1, 'min_samples_split': 2, 'min_weight_fraction_leaf': 0.0, 'monotonic_cst': None, 'n_estimators': 100, 'n_jobs': None, 'oob_score': False, 'random_state': 42, 'verbose': 0, 'warm_start': False}",0.17087411880493164
Wine_spoilage,1,1,3,3,LogisticRegression,Scaling,0.5706451612903226,0.5806897277693933,"{'C': np.float64(10.0), 'class_weight': None, 'dual': False, 'fit_intercept': True, 'intercept_scaling': 1, 'l1_ratio': None, 'max_iter': 100, 'multi_class': 'deprecated', 'n_jobs': None, 'penalty': 'l2', 'random_state': 42, 'solver': 'lbfgs', 'tol': 0.0001, 'verbose': 0, 'warm_start': False}",0.4020259380340576
Wine_spoilage,1,1,5,5,RNN,Jittering,0.9354838709677419,0.9294354838709677,"{'hidden_size': 64, 'epochs': 10, 'batch_size': 32, 'lr': 0.001}",0.24457192420959473
Wine_spoilage,1,1,5,10,KNN,Jittering,0.807741935483871,0.7918116806618626,"{'algorithm': 'auto', 'leaf_size': 30, 'metric': 'minkowski', 'metric_params': None, 'n_jobs': None, 'n_neighbors': 5, 'p': 2, 'weights': 'uniform'}",0.15748333930969238
Wine_spoilage,1,1,3,3,RNN,Scaling,0.8709677419354839,0.8682795698924731,"{'hidden_size': 64, 'epochs': 10, 'batch_size': 32, 'lr': 0.001}",0.743431806564331
Wine_spoilage,1,1,5,10,RandomForest,Jittering,0.7964516129032259,0.7722135165240028,"{'bootstrap': True, 'ccp_alpha': 0.0, 'class_weight': None, 'criterion': 'gini', 'max_depth': None, 'max_features': 'sqrt', 'max_leaf_nodes': None, 'max_samples': None, 'min_impurity_decrease': 0.0, 'min_samples_leaf': 1, 'min_samples_split': 2, 'min_weight_fraction_leaf': 0.0, 'monotonic_cst': None, 'n_estimators': 100, 'n_jobs': None, 'oob_score': False, 'random_state': 42, 'verbose': 0, 'warm_start': False}",0.42958927154541016
Wine_spoilage,1,1,5,10,LinearSVC,Jittering,0.8119354838709677,0.7956822590945678,"{'C': 1.0, 'class_weight': None, 'dual': False, 'fit_intercept': True, 'intercept_scaling': 1, 'loss': 'squared_hinge', 'max_iter': 100, 'multi_class': 'ovr', 'penalty': 'l2', 'random_state': 42, 'tol': 0.0001, 'verbose': 0}",0.01219940185546875
Wine_spoilage,1,1,5,10,LogisticRegression,Jittering,0.8070967741935484,0.7899416174361293,"{'C': 1.0, 'class_weight': None, 'dual': False, 'fit_intercept': True, 'intercept_scaling': 1, 'l1_ratio': None, 'max_iter': 100, 'multi_class': 'deprecated', 'n_jobs': None, 'penalty': 'l2', 'random_state': 42, 'solver': 'lbfgs', 'tol': 0.0001, 'verbose': 0, 'warm_start': False}",0.03424835205078125
Wine_spoilage,1,1,3,10,RandomForest,Magnitude_Warping,0.8290322580645161,0.8291795589961106,"{'bootstrap': True, 'ccp_alpha': 0.0, 'class_weight': None, 'criterion': 'gini', 'max_depth': None, 'max_features': 'sqrt', 'max_leaf_nodes': None, 'max_samples': None, 'min_impurity_decrease': 0.0, 'min_samples_leaf': 1, 'min_samples_split': 2, 'min_weight_fraction_leaf': 0.0, 'monotonic_cst': None, 'n_estimators': 100, 'n_jobs': None, 'oob_score': False, 'random_state': 42, 'verbose': 0, 'warm_start': False}",1.9225943088531494
Wine_spoilage,1,1,3,10,LinearSVC,Magnitude_Warping,0.7206451612903226,0.7334648222813772,"{'C': 1.0, 'class_weight': None, 'dual': False, 'fit_intercept': True, 'intercept_scaling': 1, 'loss': 'squared_hinge', 'max_iter': 100, 'multi_class': 'ovr', 'penalty': 'l2', 'random_state': 42, 'tol': 0.0001, 'verbose': 0}",0.02452826499938965
Wine_spoilage,1,1,5,10,RNN,Jittering,0.9354838709677419,0.9294354838709677,"{'hidden_size': 64, 'epochs': 10, 'batch_size': 32, 'lr': 0.001}",0.2393953800201416
Wine_spoilage,1,1,3,5,KNN,Scaling,0.8709677419354839,0.868515424693544,"{'algorithm': 'auto', 'leaf_size': 30, 'metric': 'manhattan', 'metric_params': None, 'n_jobs': None, 'n_neighbors': np.int64(9), 'p': 2, 'weights': 'distance'}",0.04811429977416992
Wine_spoilage,1,1,4,1,RandomForest,Tuned_Baseline,0.7861290322580645,0.7547372944930584,"{'bootstrap': True, 'ccp_alpha': 0.0, 'class_weight': None, 'criterion': 'gini', 'max_depth': 20, 'max_features': 'sqrt', 'max_leaf_nodes': None, 'max_samples': None, 'min_impurity_decrease': 0.0, 'min_samples_leaf': 2, 'min_samples_split': 2, 'min_weight_fraction_leaf': 0.0, 'monotonic_cst': None, 'n_estimators': 100, 'n_jobs': None, 'oob_score': False, 'random_state': 42, 'verbose': 0, 'warm_start': False}",0.009779691696166992
Wine_spoilage,1,1,4,1,LinearSVC,Baseline,0.7919354838709678,0.778168186141776,"{'C': 1.0, 'class_weight': None, 'dual': False, 'fit_intercept': True, 'intercept_scaling': 1, 'loss': 'squared_hinge', 'max_iter': 100, 'multi_class': 'ovr', 'penalty': 'l2', 'random_state': 42, 'tol': 0.0001, 'verbose': 0}",0.002882242202758789
Wine_spoilage,1,1,3,10,LogisticRegression,Magnitude_Warping,0.752258064516129,0.7608529643171195,"{'C': 1.0, 'class_weight': None, 'dual': False, 'fit_intercept': True, 'intercept_scaling': 1, 'l1_ratio': None, 'max_iter': 100, 'multi_class': 'deprecated', 'n_jobs': None, 'penalty': 'l2', 'random_state': 42, 'solver': 'lbfgs', 'tol': 0.0001, 'verbose': 0, 'warm_start': False}",0.3600449562072754
Wine_spoilage,1,1,4,1,LinearSVC,Tuned_Baseline,0.7919354838709678,0.778168186141776,"{'C': np.float64(1.0), 'class_weight': None, 'dual': False, 'fit_intercept': True, 'intercept_scaling': 1, 'loss': 'squared_hinge', 'max_iter': 100, 'multi_class': 'ovr', 'penalty': 'l2', 'random_state': 42, 'tol': 0.0001, 'verbose': 0}",0.00034499168395996094
Wine_spoilage,1,1,4,1,LogisticRegression,Baseline,0.7909677419354839,0.7784314667502145,"{'C': 1.0, 'class_weight': None, 'dual': False, 'fit_intercept': True, 'intercept_scaling': 1, 'l1_ratio': None, 'max_iter': 100, 'multi_class': 'deprecated', 'n_jobs': None, 'penalty': 'l2', 'random_state': 42, 'solver': 'lbfgs', 'tol': 0.0001, 'verbose': 0, 'warm_start': False}",0.006998300552368164
Wine_spoilage,1,1,6,1,KNN,Baseline,0.8641935483870967,0.8631968919596238,"{'algorithm': 'auto', 'leaf_size': 30, 'metric': 'minkowski', 'metric_params': None, 'n_jobs': None, 'n_neighbors': 5, 'p': 2, 'weights': 'uniform'}",0.1319715976715088
Wine_spoilage,1,1,6,1,KNN,Tuned_Baseline,0.8596774193548387,0.8589359059658724,"{'algorithm': 'auto', 'leaf_size': 30, 'metric': 'manhattan', 'metric_params': None, 'n_jobs': None, 'n_neighbors': np.int64(8), 'p': 2, 'weights': 'distance'}",0.020561933517456055
Wine_spoilage,1,1,6,1,RandomForest,Baseline,0.7848387096774193,0.7930307838185529,"{'bootstrap': True, 'ccp_alpha': 0.0, 'class_weight': None, 'criterion': 'gini', 'max_depth': None, 'max_features': 'sqrt', 'max_leaf_nodes': None, 'max_samples': None, 'min_impurity_decrease': 0.0, 'min_samples_leaf': 1, 'min_samples_split': 2, 'min_weight_fraction_leaf': 0.0, 'monotonic_cst': None, 'n_estimators': 100, 'n_jobs': None, 'oob_score': False, 'random_state': 42, 'verbose': 0, 'warm_start': False}",0.18195629119873047
Wine_spoilage,1,1,3,5,RandomForest,Scaling,0.8390322580645161,0.8367941396058413,"{'bootstrap': True, 'ccp_alpha': 0.0, 'class_weight': None, 'criterion': 'gini', 'max_depth': 10, 'max_features': 'sqrt', 'max_leaf_nodes': None, 'max_samples': None, 'min_impurity_decrease': 0.0, 'min_samples_leaf': 1, 'min_samples_split': 2, 'min_weight_fraction_leaf': 0.0, 'monotonic_cst': None, 'n_estimators': 50, 'n_jobs': None, 'oob_score': False, 'random_state': 42, 'verbose': 0, 'warm_start': False}",0.16064119338989258
Wine_spoilage,1,1,3,5,LinearSVC,Scaling,0.7374193548387097,0.744779736639775,"{'C': np.float64(0.001), 'class_weight': None, 'dual': False, 'fit_intercept': True, 'intercept_scaling': 1, 'loss': 'squared_hinge', 'max_iter': 100, 'multi_class': 'ovr', 'penalty': 'l2', 'random_state': 42, 'tol': 0.0001, 'verbose': 0}",0.006842374801635742
Wine_spoilage,1,1,4,1,LogisticRegression,Tuned_Baseline,0.7835483870967742,0.7668499752018274,"{'C': np.float64(10.0), 'class_weight': None, 'dual': False, 'fit_intercept': True, 'intercept_scaling': 1, 'l1_ratio': None, 'max_iter': 100, 'multi_class': 'deprecated', 'n_jobs': None, 'penalty': None, 'random_state': 42, 'solver': 'lbfgs', 'tol': 0.0001, 'verbose': 0, 'warm_start': False}",0.0004668235778808594
Wine_spoilage,1,1,6,1,RandomForest,Tuned_Baseline,0.7848387096774193,0.7930307838185529,"{'bootstrap': True, 'ccp_alpha': 0.0, 'class_weight': None, 'criterion': 'gini', 'max_depth': None, 'max_features': 'sqrt', 'max_leaf_nodes': None, 'max_samples': None, 'min_impurity_decrease': 0.0, 'min_samples_leaf': 1, 'min_samples_split': 2, 'min_weight_fraction_leaf': 0.0, 'monotonic_cst': None, 'n_estimators': 100, 'n_jobs': None, 'oob_score': False, 'random_state': 42, 'verbose': 0, 'warm_start': False}",0.011729001998901367
Wine_spoilage,1,1,6,1,LinearSVC,Baseline,0.7632258064516129,0.7787083438131595,"{'C': 1.0, 'class_weight': None, 'dual': False, 'fit_intercept': True, 'intercept_scaling': 1, 'loss': 'squared_hinge', 'max_iter': 100, 'multi_class': 'ovr', 'penalty': 'l2', 'random_state': 42, 'tol': 0.0001, 'verbose': 0}",0.002934694290161133
Wine_spoilage,1,1,3,10,RNN,Magnitude_Warping,0.6774193548387096,0.7009753920693611,"{'hidden_size': 64, 'epochs': 10, 'batch_size': 32, 'lr': 0.001}",2.084057092666626
Wine_spoilage,1,1,6,1,LinearSVC,Tuned_Baseline,0.7496774193548387,0.7610961653383874,"{'C': np.float64(0.1), 'class_weight': None, 'dual': True, 'fit_intercept': True, 'intercept_scaling': 1, 'loss': 'squared_hinge', 'max_iter': 100, 'multi_class': 'ovr', 'penalty': 'l2', 'random_state': 42, 'tol': 0.0001, 'verbose': 0}",0.0003428459167480469
Wine_spoilage,1,1,6,1,LogisticRegression,Baseline,0.7525806451612903,0.7685286876295334,"{'C': 1.0, 'class_weight': None, 'dual': False, 'fit_intercept': True, 'intercept_scaling': 1, 'l1_ratio': None, 'max_iter': 100, 'multi_class': 'deprecated', 'n_jobs': None, 'penalty': 'l2', 'random_state': 42, 'solver': 'lbfgs', 'tol': 0.0001, 'verbose': 0, 'warm_start': False}",0.010698795318603516
Wine_spoilage,1,1,4,1,RNN,Baseline,0.8709677419354839,0.8326800887284759,"{'hidden_size': 64, 'epochs': 10, 'batch_size': 32, 'lr': 0.001}",0.35910534858703613
Wine_spoilage,1,1,4,1,RNN,Tuned_Baseline,0.8709677419354839,0.8326800887284759,"{'hidden_size': 64, 'epochs': 10, 'batch_size': 32, 'lr': 0.001}",0.013410091400146484
Wine_spoilage,1,1,4,1,KNN,Baseline,0.8061290322580645,0.7889595850511515,"{'algorithm': 'auto', 'leaf_size': 30, 'metric': 'minkowski', 'metric_params': None, 'n_jobs': None, 'n_neighbors': 5, 'p': 2, 'weights': 'uniform'}",0.14186644554138184
Wine_spoilage,1,1,4,2,KNN,Time_Warping,0.8154838709677419,0.7965901425739661,"{'algorithm': 'auto', 'leaf_size': 30, 'metric': 'euclidean', 'metric_params': None, 'n_jobs': None, 'n_neighbors': np.int64(3), 'p': 2, 'weights': 'uniform'}",0.13746094703674316
Wine_spoilage,1,1,4,1,KNN,Tuned_Baseline,0.8083870967741935,0.790415252801387,"{'algorithm': 'auto', 'leaf_size': 30, 'metric': 'euclidean', 'metric_params': None, 'n_jobs': None, 'n_neighbors': np.int64(3), 'p': 2, 'weights': 'uniform'}",0.2827928066253662
Wine_spoilage,1,1,4,1,RandomForest,Baseline,0.7851612903225806,0.754765693667008,"{'bootstrap': True, 'ccp_alpha': 0.0, 'class_weight': None, 'criterion': 'gini', 'max_depth': None, 'max_features': 'sqrt', 'max_leaf_nodes': None, 'max_samples': None, 'min_impurity_decrease': 0.0, 'min_samples_leaf': 1, 'min_samples_split': 2, 'min_weight_fraction_leaf': 0.0, 'monotonic_cst': None, 'n_estimators': 100, 'n_jobs': None, 'oob_score': False, 'random_state': 42, 'verbose': 0, 'warm_start': False}",0.3560154438018799
Wine_spoilage,1,1,3,5,LogisticRegression,Scaling,0.7712903225806451,0.7761542945925007,"{'C': np.float64(100.0), 'class_weight': None, 'dual': False, 'fit_intercept': True, 'intercept_scaling': 1, 'l1_ratio': None, 'max_iter': 100, 'multi_class': 'deprecated', 'n_jobs': None, 'penalty': None, 'random_state': 42, 'solver': 'lbfgs', 'tol': 0.0001, 'verbose': 0, 'warm_start': False}",0.07942724227905273
Wine_spoilage,1,1,3,5,RNN,Scaling,0.7096774193548387,0.6418010752688172,"{'hidden_size': 64, 'epochs': 10, 'batch_size': 32, 'lr': 0.001}",0.697190523147583
Wine_spoilage,1,1,3,10,KNN,Scaling,0.8490322580645161,0.8459140750459391,"{'algorithm': 'auto', 'leaf_size': 30, 'metric': 'minkowski', 'metric_params': None, 'n_jobs': None, 'n_neighbors': 5, 'p': 2, 'weights': 'uniform'}",0.1603703498840332
Wine_spoilage,1,1,6,1,LogisticRegression,Tuned_Baseline,0.675483870967742,0.695331788028872,"{'C': np.float64(100.0), 'class_weight': None, 'dual': False, 'fit_intercept': True, 'intercept_scaling': 1, 'l1_ratio': None, 'max_iter': 100, 'multi_class': 'deprecated', 'n_jobs': None, 'penalty': None, 'random_state': 42, 'solver': 'lbfgs', 'tol': 0.0001, 'verbose': 0, 'warm_start': False}",0.0005545616149902344
Wine_spoilage,1,1,6,1,RNN,Baseline,0.8064516129032258,0.7380254154447703,"{'hidden_size': 64, 'epochs': 10, 'batch_size': 32, 'lr': 0.001}",0.2672445774078369
Wine_spoilage,1,1,6,1,RNN,Tuned_Baseline,0.8064516129032258,0.7380254154447703,"{'hidden_size': 64, 'epochs': 10, 'batch_size': 32, 'lr': 0.001}",0.0027484893798828125
Wine_spoilage,1,1,3,10,RandomForest,Scaling,0.8206451612903226,0.8157104358316528,"{'bootstrap': True, 'ccp_alpha': 0.0, 'class_weight': None, 'criterion': 'gini', 'max_depth': None, 'max_features': 'sqrt', 'max_leaf_nodes': None, 'max_samples': None, 'min_impurity_decrease': 0.0, 'min_samples_leaf': 1, 'min_samples_split': 2, 'min_weight_fraction_leaf': 0.0, 'monotonic_cst': None, 'n_estimators': 100, 'n_jobs': None, 'oob_score': False, 'random_state': 42, 'verbose': 0, 'warm_start': False}",0.4776616096496582
Wine_spoilage,1,1,3,10,LinearSVC,Scaling,0.7806451612903226,0.787908751418309,"{'C': 1.0, 'class_weight': None, 'dual': False, 'fit_intercept': True, 'intercept_scaling': 1, 'loss': 'squared_hinge', 'max_iter': 100, 'multi_class': 'ovr', 'penalty': 'l2', 'random_state': 42, 'tol': 0.0001, 'verbose': 0}",0.01456904411315918
Wine_spoilage,1,1,6,2,KNN,Jittering,0.8693548387096774,0.867779938341807,"{'algorithm': 'auto', 'leaf_size': 30, 'metric': 'manhattan', 'metric_params': None, 'n_jobs': None, 'n_neighbors': np.int64(9), 'p': 2, 'weights': 'distance'}",0.028440475463867188
Wine_spoilage,1,1,3,10,LogisticRegression,Scaling,0.7848387096774193,0.7916907740071812,"{'C': 1.0, 'class_weight': None, 'dual': False, 'fit_intercept': True, 'intercept_scaling': 1, 'l1_ratio': None, 'max_iter': 100, 'multi_class': 'deprecated', 'n_jobs': None, 'penalty': 'l2', 'random_state': 42, 'solver': 'lbfgs', 'tol': 0.0001, 'verbose': 0, 'warm_start': False}",0.19820284843444824
Wine_spoilage,1,1,4,2,RandomForest,Time_Warping,0.7848387096774193,0.7541454487754518,"{'bootstrap': True, 'ccp_alpha': 0.0, 'class_weight': None, 'criterion': 'gini', 'max_depth': 20, 'max_features': 'sqrt', 'max_leaf_nodes': None, 'max_samples': None, 'min_impurity_decrease': 0.0, 'min_samples_leaf': 2, 'min_samples_split': 5, 'min_weight_fraction_leaf': 0.0, 'monotonic_cst': None, 'n_estimators': 100, 'n_jobs': None, 'oob_score': False, 'random_state': 42, 'verbose': 0, 'warm_start': False}",0.3662900924682617
Wine_spoilage,1,1,4,2,LinearSVC,Time_Warping,0.7903225806451613,0.7772659197008864,"{'C': np.float64(1.0), 'class_weight': None, 'dual': False, 'fit_intercept': True, 'intercept_scaling': 1, 'loss': 'squared_hinge', 'max_iter': 100, 'multi_class': 'ovr', 'penalty': 'l2', 'random_state': 42, 'tol': 0.0001, 'verbose': 0}",0.004332304000854492
Wine_spoilage,1,1,6,2,RandomForest,Jittering,0.7780645161290323,0.7884445937480817,"{'bootstrap': True, 'ccp_alpha': 0.0, 'class_weight': None, 'criterion': 'gini', 'max_depth': 20, 'max_features': 'sqrt', 'max_leaf_nodes': None, 'max_samples': None, 'min_impurity_decrease': 0.0, 'min_samples_leaf': 2, 'min_samples_split': 2, 'min_weight_fraction_leaf': 0.0, 'monotonic_cst': None, 'n_estimators': 50, 'n_jobs': None, 'oob_score': False, 'random_state': 42, 'verbose': 0, 'warm_start': False}",0.11038756370544434
Wine_spoilage,1,1,6,2,LinearSVC,Jittering,0.7474193548387097,0.7552908754303028,"{'C': np.float64(0.01), 'class_weight': None, 'dual': False, 'fit_intercept': True, 'intercept_scaling': 1, 'loss': 'squared_hinge', 'max_iter': 100, 'multi_class': 'ovr', 'penalty': 'l2', 'random_state': 42, 'tol': 0.0001, 'verbose': 0}",0.004521846771240234
Wine_spoilage,1,1,4,1,RandomForest,Tuned_Baseline,0.7861290322580645,0.7547372944930584,"{'bootstrap': True, 'ccp_alpha': 0.0, 'class_weight': None, 'criterion': 'gini', 'max_depth': 20, 'max_features': 'sqrt', 'max_leaf_nodes': None, 'max_samples': None, 'min_impurity_decrease': 0.0, 'min_samples_leaf': 2, 'min_samples_split': 2, 'min_weight_fraction_leaf': 0.0, 'monotonic_cst': None, 'n_estimators': 100, 'n_jobs': None, 'oob_score': False, 'random_state': 42, 'verbose': 0, 'warm_start': False}",0.010446786880493164
Wine_spoilage,1,1,4,1,LinearSVC,Baseline,0.7919354838709678,0.778168186141776,"{'C': 1.0, 'class_weight': None, 'dual': False, 'fit_intercept': True, 'intercept_scaling': 1, 'loss': 'squared_hinge', 'max_iter': 100, 'multi_class': 'ovr', 'penalty': 'l2', 'random_state': 42, 'tol': 0.0001, 'verbose': 0}",0.0028617382049560547
Wine_spoilage,1,1,3,10,RNN,Scaling,0.7419354838709677,0.6640134059488897,"{'hidden_size': 64, 'epochs': 10, 'batch_size': 32, 'lr': 0.001}",1.2280571460723877
Wine_spoilage,1,1,4,1,LinearSVC,Tuned_Baseline,0.7919354838709678,0.778168186141776,"{'C': np.float64(1.0), 'class_weight': None, 'dual': False, 'fit_intercept': True, 'intercept_scaling': 1, 'loss': 'squared_hinge', 'max_iter': 100, 'multi_class': 'ovr', 'penalty': 'l2', 'random_state': 42, 'tol': 0.0001, 'verbose': 0}",0.0005023479461669922
Wine_spoilage,1,1,4,1,LogisticRegression,Baseline,0.7909677419354839,0.7784314667502145,"{'C': 1.0, 'class_weight': None, 'dual': False, 'fit_intercept': True, 'intercept_scaling': 1, 'l1_ratio': None, 'max_iter': 100, 'multi_class': 'deprecated', 'n_jobs': None, 'penalty': 'l2', 'random_state': 42, 'solver': 'lbfgs', 'tol': 0.0001, 'verbose': 0, 'warm_start': False}",0.13208532333374023
Wine_spoilage,1,1,4,1,KNN,Baseline,0.8061290322580645,0.7889595850511515,"{'algorithm': 'auto', 'leaf_size': 30, 'metric': 'minkowski', 'metric_params': None, 'n_jobs': None, 'n_neighbors': 5, 'p': 2, 'weights': 'uniform'}",0.13103008270263672
Wine_spoilage,1,1,4,1,KNN,Tuned_Baseline,0.8083870967741935,0.790415252801387,"{'algorithm': 'auto', 'leaf_size': 30, 'metric': 'euclidean', 'metric_params': None, 'n_jobs': None, 'n_neighbors': np.int64(3), 'p': 2, 'weights': 'uniform'}",0.13190627098083496
Wine_spoilage,1,1,6,2,LogisticRegression,Jittering,0.6493548387096775,0.6699211627168882,"{'C': np.float64(10.0), 'class_weight': None, 'dual': False, 'fit_intercept': True, 'intercept_scaling': 1, 'l1_ratio': None, 'max_iter': 100, 'multi_class': 'deprecated', 'n_jobs': None, 'penalty': None, 'random_state': 42, 'solver': 'lbfgs', 'tol': 0.0001, 'verbose': 0, 'warm_start': False}",0.02735137939453125
Wine_spoilage,1,1,4,1,RandomForest,Baseline,0.7851612903225806,0.754765693667008,"{'bootstrap': True, 'ccp_alpha': 0.0, 'class_weight': None, 'criterion': 'gini', 'max_depth': None, 'max_features': 'sqrt', 'max_leaf_nodes': None, 'max_samples': None, 'min_impurity_decrease': 0.0, 'min_samples_leaf': 1, 'min_samples_split': 2, 'min_weight_fraction_leaf': 0.0, 'monotonic_cst': None, 'n_estimators': 100, 'n_jobs': None, 'oob_score': False, 'random_state': 42, 'verbose': 0, 'warm_start': False}",0.1678485870361328
Wine_spoilage,1,1,4,2,LogisticRegression,Time_Warping,0.7945161290322581,0.7816843866095309,"{'C': np.float64(100.0), 'class_weight': None, 'dual': False, 'fit_intercept': True, 'intercept_scaling': 1, 'l1_ratio': None, 'max_iter': 100, 'multi_class': 'deprecated', 'n_jobs': None, 'penalty': 'l2', 'random_state': 42, 'solver': 'lbfgs', 'tol': 0.0001, 'verbose': 0, 'warm_start': False}",0.1842818260192871
Wine_spoilage,1,1,6,2,RNN,Jittering,0.45161290322580644,0.4658319185059423,"{'hidden_size': 64, 'epochs': 10, 'batch_size': 32, 'lr': 0.001}",0.2110755443572998
Wine_spoilage,1,1,6,3,KNN,Jittering,0.8735483870967742,0.8711865622429221,"{'algorithm': 'auto', 'leaf_size': 30, 'metric': 'manhattan', 'metric_params': None, 'n_jobs': None, 'n_neighbors': np.int64(9), 'p': 2, 'weights': 'distance'}",0.03407406806945801
Wine_spoilage,1,1,4,2,RNN,Time_Warping,0.8709677419354839,0.8326800887284759,"{'hidden_size': 64, 'epochs': 10, 'batch_size': 32, 'lr': 0.001}",0.7412235736846924
Wine_spoilage,1,1,6,3,RandomForest,Jittering,0.8029032258064516,0.8100557680710121,"{'bootstrap': True, 'ccp_alpha': 0.0, 'class_weight': None, 'criterion': 'gini', 'max_depth': 20, 'max_features': 'sqrt', 'max_leaf_nodes': None, 'max_samples': None, 'min_impurity_decrease': 0.0, 'min_samples_leaf': 2, 'min_samples_split': 2, 'min_weight_fraction_leaf': 0.0, 'monotonic_cst': None, 'n_estimators': 50, 'n_jobs': None, 'oob_score': False, 'random_state': 42, 'verbose': 0, 'warm_start': False}",0.12635374069213867
Wine_spoilage,1,1,4,1,LogisticRegression,Tuned_Baseline,0.7835483870967742,0.7668499752018274,"{'C': np.float64(10.0), 'class_weight': None, 'dual': False, 'fit_intercept': True, 'intercept_scaling': 1, 'l1_ratio': None, 'max_iter': 100, 'multi_class': 'deprecated', 'n_jobs': None, 'penalty': None, 'random_state': 42, 'solver': 'lbfgs', 'tol': 0.0001, 'verbose': 0, 'warm_start': False}",0.0005540847778320312
Wine_spoilage,1,1,4,3,KNN,Time_Warping,0.8038709677419354,0.7871988316257511,"{'algorithm': 'auto', 'leaf_size': 30, 'metric': 'manhattan', 'metric_params': None, 'n_jobs': None, 'n_neighbors': np.int64(6), 'p': 2, 'weights': 'uniform'}",0.15877294540405273
Wine_spoilage,1,1,6,3,LinearSVC,Jittering,0.7545161290322581,0.7723268921995994,"{'C': np.float64(1.0), 'class_weight': None, 'dual': False, 'fit_intercept': True, 'intercept_scaling': 1, 'loss': 'squared_hinge', 'max_iter': 100, 'multi_class': 'ovr', 'penalty': 'l2', 'random_state': 42, 'tol': 0.0001, 'verbose': 0}",0.00577998161315918
Wine_spoilage,1,1,4,1,RandomForest,Tuned_Baseline,0.7861290322580645,0.7547372944930584,"{'bootstrap': True, 'ccp_alpha': 0.0, 'class_weight': None, 'criterion': 'gini', 'max_depth': 20, 'max_features': 'sqrt', 'max_leaf_nodes': None, 'max_samples': None, 'min_impurity_decrease': 0.0, 'min_samples_leaf': 2, 'min_samples_split': 2, 'min_weight_fraction_leaf': 0.0, 'monotonic_cst': None, 'n_estimators': 100, 'n_jobs': None, 'oob_score': False, 'random_state': 42, 'verbose': 0, 'warm_start': False}",0.008368253707885742
Wine_spoilage,1,1,4,1,LinearSVC,Baseline,0.7919354838709678,0.778168186141776,"{'C': 1.0, 'class_weight': None, 'dual': False, 'fit_intercept': True, 'intercept_scaling': 1, 'loss': 'squared_hinge', 'max_iter': 100, 'multi_class': 'ovr', 'penalty': 'l2', 'random_state': 42, 'tol': 0.0001, 'verbose': 0}",0.0028955936431884766
Wine_spoilage,1,1,4,1,RNN,Baseline,0.9032258064516129,0.9042825361512792,"{'hidden_size': 64, 'epochs': 10, 'batch_size': 32, 'lr': 0.001}",0.5010137557983398
Wine_spoilage,1,1,4,1,RNN,Tuned_Baseline,0.9032258064516129,0.9042825361512792,"{'hidden_size': 64, 'epochs': 10, 'batch_size': 32, 'lr': 0.001}",0.014425039291381836
Wine_spoilage,1,1,4,1,LinearSVC,Tuned_Baseline,0.7919354838709678,0.778168186141776,"{'C': np.float64(1.0), 'class_weight': None, 'dual': False, 'fit_intercept': True, 'intercept_scaling': 1, 'loss': 'squared_hinge', 'max_iter': 100, 'multi_class': 'ovr', 'penalty': 'l2', 'random_state': 42, 'tol': 0.0001, 'verbose': 0}",0.00039458274841308594
Wine_spoilage,1,1,4,1,LogisticRegression,Baseline,0.7909677419354839,0.7784314667502145,"{'C': 1.0, 'class_weight': None, 'dual': False, 'fit_intercept': True, 'intercept_scaling': 1, 'l1_ratio': None, 'max_iter': 100, 'multi_class': 'deprecated', 'n_jobs': None, 'penalty': 'l2', 'random_state': 42, 'solver': 'lbfgs', 'tol': 0.0001, 'verbose': 0, 'warm_start': False}",0.10453104972839355
Wine_spoilage,1,1,4,2,KNN,Magnitude_Warping,0.8174193548387096,0.7999540338086265,"{'algorithm': 'auto', 'leaf_size': 30, 'metric': 'euclidean', 'metric_params': None, 'n_jobs': None, 'n_neighbors': np.int64(3), 'p': 2, 'weights': 'uniform'}",0.15727639198303223
Wine_spoilage,1,1,6,3,LogisticRegression,Jittering,0.6832258064516129,0.7040610571818995,"{'C': np.float64(10.0), 'class_weight': None, 'dual': False, 'fit_intercept': True, 'intercept_scaling': 1, 'l1_ratio': None, 'max_iter': 100, 'multi_class': 'deprecated', 'n_jobs': None, 'penalty': None, 'random_state': 42, 'solver': 'lbfgs', 'tol': 0.0001, 'verbose': 0, 'warm_start': False}",0.046916961669921875
Wine_spoilage,1,1,6,3,RNN,Jittering,0.6774193548387096,0.7047146401985112,"{'hidden_size': 64, 'epochs': 10, 'batch_size': 32, 'lr': 0.001}",0.23389506340026855
Wine_spoilage,1,1,4,2,RandomForest,Magnitude_Warping,0.7880645161290323,0.7665724710294809,"{'bootstrap': True, 'ccp_alpha': 0.0, 'class_weight': None, 'criterion': 'gini', 'max_depth': 20, 'max_features': 'sqrt', 'max_leaf_nodes': None, 'max_samples': None, 'min_impurity_decrease': 0.0, 'min_samples_leaf': 2, 'min_samples_split': 2, 'min_weight_fraction_leaf': 0.0, 'monotonic_cst': None, 'n_estimators': 50, 'n_jobs': None, 'oob_score': False, 'random_state': 42, 'verbose': 0, 'warm_start': False}",0.10135269165039062
Wine_spoilage,1,1,6,5,KNN,Jittering,0.8741935483870967,0.8719026295162465,"{'algorithm': 'auto', 'leaf_size': 30, 'metric': 'manhattan', 'metric_params': None, 'n_jobs': None, 'n_neighbors': np.int64(9), 'p': 2, 'weights': 'distance'}",0.04278922080993652
Wine_spoilage,1,1,4,2,LinearSVC,Magnitude_Warping,0.7938709677419354,0.7821029986571119,"{'C': np.float64(0.1), 'class_weight': None, 'dual': False, 'fit_intercept': True, 'intercept_scaling': 1, 'loss': 'squared_hinge', 'max_iter': 100, 'multi_class': 'ovr', 'penalty': 'l1', 'random_state': 42, 'tol': 0.0001, 'verbose': 0}",0.007453441619873047
Wine_spoilage,1,1,4,3,RandomForest,Time_Warping,0.7809677419354839,0.7446297861825639,"{'bootstrap': True, 'ccp_alpha': 0.0, 'class_weight': None, 'criterion': 'gini', 'max_depth': 20, 'max_features': 'sqrt', 'max_leaf_nodes': None, 'max_samples': None, 'min_impurity_decrease': 0.0, 'min_samples_leaf': 1, 'min_samples_split': 2, 'min_weight_fraction_leaf': 0.0, 'monotonic_cst': None, 'n_estimators': 100, 'n_jobs': None, 'oob_score': False, 'random_state': 42, 'verbose': 0, 'warm_start': False}",0.43788981437683105
Wine_spoilage,1,1,4,1,LogisticRegression,Tuned_Baseline,0.7835483870967742,0.7668499752018274,"{'C': np.float64(10.0), 'class_weight': None, 'dual': False, 'fit_intercept': True, 'intercept_scaling': 1, 'l1_ratio': None, 'max_iter': 100, 'multi_class': 'deprecated', 'n_jobs': None, 'penalty': None, 'random_state': 42, 'solver': 'lbfgs', 'tol': 0.0001, 'verbose': 0, 'warm_start': False}",0.0005612373352050781
Wine_spoilage,1,1,4,3,LinearSVC,Time_Warping,0.7916129032258065,0.7786557108623261,"{'C': np.float64(10.0), 'class_weight': None, 'dual': False, 'fit_intercept': True, 'intercept_scaling': 1, 'loss': 'squared_hinge', 'max_iter': 100, 'multi_class': 'ovr', 'penalty': 'l1', 'random_state': 42, 'tol': 0.0001, 'verbose': 0}",0.024271488189697266
Wine_spoilage,1,1,6,5,RandomForest,Jittering,0.8009677419354839,0.8077434321594968,"{'bootstrap': True, 'ccp_alpha': 0.0, 'class_weight': None, 'criterion': 'gini', 'max_depth': 20, 'max_features': 'sqrt', 'max_leaf_nodes': None, 'max_samples': None, 'min_impurity_decrease': 0.0, 'min_samples_leaf': 2, 'min_samples_split': 2, 'min_weight_fraction_leaf': 0.0, 'monotonic_cst': None, 'n_estimators': 50, 'n_jobs': None, 'oob_score': False, 'random_state': 42, 'verbose': 0, 'warm_start': False}",0.16887688636779785
Wine_spoilage,1,1,4,1,RNN,Baseline,0.8387096774193549,0.826036866359447,"{'hidden_size': 64, 'epochs': 10, 'batch_size': 32, 'lr': 0.001}",0.3772120475769043
Wine_spoilage,1,1,4,1,RNN,Tuned_Baseline,0.8387096774193549,0.826036866359447,"{'hidden_size': 64, 'epochs': 10, 'batch_size': 32, 'lr': 0.001}",0.013586997985839844
Wine_spoilage,1,1,6,5,LinearSVC,Jittering,0.7516129032258064,0.7613066219991144,"{'C': np.float64(0.01), 'class_weight': None, 'dual': False, 'fit_intercept': True, 'intercept_scaling': 1, 'loss': 'squared_hinge', 'max_iter': 100, 'multi_class': 'ovr', 'penalty': 'l2', 'random_state': 42, 'tol': 0.0001, 'verbose': 0}",0.008341789245605469
Wine_spoilage,1,1,4,2,LogisticRegression,Magnitude_Warping,0.8116129032258065,0.7959346657374622,"{'C': np.float64(100.0), 'class_weight': None, 'dual': False, 'fit_intercept': True, 'intercept_scaling': 1, 'l1_ratio': None, 'max_iter': 100, 'multi_class': 'deprecated', 'n_jobs': None, 'penalty': 'l2', 'random_state': 42, 'solver': 'lbfgs', 'tol': 0.0001, 'verbose': 0, 'warm_start': False}",0.14325833320617676
Wine_spoilage,1,1,4,2,KNN,Scaling,0.8145161290322581,0.7962303622697351,"{'algorithm': 'auto', 'leaf_size': 30, 'metric': 'euclidean', 'metric_params': None, 'n_jobs': None, 'n_neighbors': np.int64(3), 'p': 2, 'weights': 'uniform'}",0.13823962211608887
Wine_spoilage,1,1,4,3,LogisticRegression,Time_Warping,0.7664516129032258,0.744959475857915,"{'C': np.float64(10.0), 'class_weight': None, 'dual': False, 'fit_intercept': True, 'intercept_scaling': 1, 'l1_ratio': None, 'max_iter': 100, 'multi_class': 'deprecated', 'n_jobs': None, 'penalty': None, 'random_state': 42, 'solver': 'lbfgs', 'tol': 0.0001, 'verbose': 0, 'warm_start': False}",0.01827692985534668
Wine_spoilage,1,1,4,2,RNN,Magnitude_Warping,0.9354838709677419,0.9294354838709677,"{'hidden_size': 64, 'epochs': 10, 'batch_size': 32, 'lr': 0.001}",0.6593408584594727
Wine_spoilage,1,1,4,3,RNN,Time_Warping,0.8387096774193549,0.826036866359447,"{'hidden_size': 64, 'epochs': 10, 'batch_size': 32, 'lr': 0.001}",0.22857093811035156
Wine_spoilage,1,1,4,2,RandomForest,Scaling,0.8032258064516129,0.782859509260746,"{'bootstrap': True, 'ccp_alpha': 0.0, 'class_weight': None, 'criterion': 'gini', 'max_depth': 20, 'max_features': 'sqrt', 'max_leaf_nodes': None, 'max_samples': None, 'min_impurity_decrease': 0.0, 'min_samples_leaf': 2, 'min_samples_split': 2, 'min_weight_fraction_leaf': 0.0, 'monotonic_cst': None, 'n_estimators': 50, 'n_jobs': None, 'oob_score': False, 'random_state': 42, 'verbose': 0, 'warm_start': False}",0.08674955368041992
Wine_spoilage,1,1,4,3,KNN,Magnitude_Warping,0.8045161290322581,0.7875581791781777,"{'algorithm': 'auto', 'leaf_size': 30, 'metric': 'manhattan', 'metric_params': None, 'n_jobs': None, 'n_neighbors': np.int64(6), 'p': 2, 'weights': 'uniform'}",0.1284322738647461
Wine_spoilage,1,1,4,2,LinearSVC,Scaling,0.782258064516129,0.7674133645035052,"{'C': np.float64(100.0), 'class_weight': None, 'dual': True, 'fit_intercept': True, 'intercept_scaling': 1, 'loss': 'hinge', 'max_iter': 100, 'multi_class': 'ovr', 'penalty': 'l2', 'random_state': 42, 'tol': 0.0001, 'verbose': 0}",0.005178689956665039
Wine_spoilage,1,1,4,5,KNN,Time_Warping,0.807741935483871,0.7912726407502602,"{'algorithm': 'auto', 'leaf_size': 30, 'metric': 'euclidean', 'metric_params': None, 'n_jobs': None, 'n_neighbors': np.int64(5), 'p': 2, 'weights': 'uniform'}",0.15105390548706055
Wine_spoilage,1,1,6,5,LogisticRegression,Jittering,0.6706451612903226,0.6911391512681037,"{'C': np.float64(10.0), 'class_weight': None, 'dual': False, 'fit_intercept': True, 'intercept_scaling': 1, 'l1_ratio': None, 'max_iter': 100, 'multi_class': 'deprecated', 'n_jobs': None, 'penalty': None, 'random_state': 42, 'solver': 'lbfgs', 'tol': 0.0001, 'verbose': 0, 'warm_start': False}",0.028341054916381836
Wine_spoilage,1,1,6,5,RNN,Jittering,0.45161290322580644,0.46104806834119594,"{'hidden_size': 64, 'epochs': 10, 'batch_size': 32, 'lr': 0.001}",0.24591708183288574
Wine_spoilage,1,1,6,10,KNN,Jittering,0.8787096774193548,0.875633114728402,"{'algorithm': 'auto', 'leaf_size': 30, 'metric': 'minkowski', 'metric_params': None, 'n_jobs': None, 'n_neighbors': 5, 'p': 2, 'weights': 'uniform'}",0.1327073574066162
Wine_spoilage,1,1,4,3,RandomForest,Magnitude_Warping,0.7893548387096774,0.7729602073211149,"{'bootstrap': True, 'ccp_alpha': 0.0, 'class_weight': None, 'criterion': 'gini', 'max_depth': 20, 'max_features': 'sqrt', 'max_leaf_nodes': None, 'max_samples': None, 'min_impurity_decrease': 0.0, 'min_samples_leaf': 2, 'min_samples_split': 2, 'min_weight_fraction_leaf': 0.0, 'monotonic_cst': None, 'n_estimators': 50, 'n_jobs': None, 'oob_score': False, 'random_state': 42, 'verbose': 0, 'warm_start': False}",0.11385297775268555
Wine_spoilage,1,1,4,5,RandomForest,Time_Warping,0.7835483870967742,0.750282679233518,"{'bootstrap': True, 'ccp_alpha': 0.0, 'class_weight': None, 'criterion': 'gini', 'max_depth': 20, 'max_features': 'sqrt', 'max_leaf_nodes': None, 'max_samples': None, 'min_impurity_decrease': 0.0, 'min_samples_leaf': 1, 'min_samples_split': 2, 'min_weight_fraction_leaf': 0.0, 'monotonic_cst': None, 'n_estimators': 50, 'n_jobs': None, 'oob_score': False, 'random_state': 42, 'verbose': 0, 'warm_start': False}",0.10663866996765137
Wine_spoilage,1,1,4,3,LinearSVC,Magnitude_Warping,0.7925806451612903,0.7794618254636894,"{'C': np.float64(1.0), 'class_weight': None, 'dual': False, 'fit_intercept': True, 'intercept_scaling': 1, 'loss': 'squared_hinge', 'max_iter': 100, 'multi_class': 'ovr', 'penalty': 'l2', 'random_state': 42, 'tol': 0.0001, 'verbose': 0}",0.004811763763427734
Wine_spoilage,1,1,4,2,LogisticRegression,Scaling,0.7958064516129032,0.7815713364652656,"{'C': np.float64(100.0), 'class_weight': None, 'dual': False, 'fit_intercept': True, 'intercept_scaling': 1, 'l1_ratio': None, 'max_iter': 100, 'multi_class': 'deprecated', 'n_jobs': None, 'penalty': 'l2', 'random_state': 42, 'solver': 'lbfgs', 'tol': 0.0001, 'verbose': 0, 'warm_start': False}",0.037926673889160156
Wine_spoilage,1,1,4,5,LinearSVC,Time_Warping,0.7909677419354839,0.7768329058930675,"{'C': np.float64(100.0), 'class_weight': None, 'dual': True, 'fit_intercept': True, 'intercept_scaling': 1, 'loss': 'hinge', 'max_iter': 100, 'multi_class': 'ovr', 'penalty': 'l2', 'random_state': 42, 'tol': 0.0001, 'verbose': 0}",0.007070302963256836
Wine_spoilage,1,1,6,10,RandomForest,Jittering,0.81,0.8156506788646282,"{'bootstrap': True, 'ccp_alpha': 0.0, 'class_weight': None, 'criterion': 'gini', 'max_depth': None, 'max_features': 'sqrt', 'max_leaf_nodes': None, 'max_samples': None, 'min_impurity_decrease': 0.0, 'min_samples_leaf': 1, 'min_samples_split': 2, 'min_weight_fraction_leaf': 0.0, 'monotonic_cst': None, 'n_estimators': 100, 'n_jobs': None, 'oob_score': False, 'random_state': 42, 'verbose': 0, 'warm_start': False}",0.5285077095031738
Wine_spoilage,1,1,6,10,LinearSVC,Jittering,0.7474193548387097,0.7660692430533376,"{'C': 1.0, 'class_weight': None, 'dual': False, 'fit_intercept': True, 'intercept_scaling': 1, 'loss': 'squared_hinge', 'max_iter': 100, 'multi_class': 'ovr', 'penalty': 'l2', 'random_state': 42, 'tol': 0.0001, 'verbose': 0}",0.01343083381652832
Wine_spoilage,1,1,6,10,LogisticRegression,Jittering,0.7141935483870968,0.7347013865788748,"{'C': 1.0, 'class_weight': None, 'dual': False, 'fit_intercept': True, 'intercept_scaling': 1, 'l1_ratio': None, 'max_iter': 100, 'multi_class': 'deprecated', 'n_jobs': None, 'penalty': 'l2', 'random_state': 42, 'solver': 'lbfgs', 'tol': 0.0001, 'verbose': 0, 'warm_start': False}",0.06284832954406738
Wine_spoilage,1,1,6,10,RNN,Jittering,0.45161290322580644,0.40098566308243727,"{'hidden_size': 64, 'epochs': 10, 'batch_size': 32, 'lr': 0.001}",0.25289082527160645
Wine_spoilage,1,1,4,2,RNN,Scaling,0.45161290322580644,0.36234705228031144,"{'hidden_size': 64, 'epochs': 10, 'batch_size': 32, 'lr': 0.001}",0.6000423431396484
Wine_spoilage,1,1,4,3,KNN,Scaling,0.807741935483871,0.7893551154837335,"{'algorithm': 'auto', 'leaf_size': 30, 'metric': 'manhattan', 'metric_params': None, 'n_jobs': None, 'n_neighbors': np.int64(9), 'p': 2, 'weights': 'distance'}",0.03297781944274902
Wine_spoilage,1,1,4,5,LogisticRegression,Time_Warping,0.7774193548387097,0.7693941378736541,"{'C': np.float64(100.0), 'class_weight': None, 'dual': False, 'fit_intercept': True, 'intercept_scaling': 1, 'l1_ratio': None, 'max_iter': 100, 'multi_class': 'deprecated', 'n_jobs': None, 'penalty': 'l2', 'random_state': 42, 'solver': 'lbfgs', 'tol': 0.0001, 'verbose': 0, 'warm_start': False}",0.04949378967285156
Wine_spoilage,1,1,7,1,KNN,Baseline,0.7958064516129032,0.7808316956693099,"{'algorithm': 'auto', 'leaf_size': 30, 'metric': 'minkowski', 'metric_params': None, 'n_jobs': None, 'n_neighbors': 5, 'p': 2, 'weights': 'uniform'}",0.13664603233337402
Wine_spoilage,1,1,4,3,LogisticRegression,Magnitude_Warping,0.7851612903225806,0.7694467188715421,"{'C': np.float64(10.0), 'class_weight': None, 'dual': False, 'fit_intercept': True, 'intercept_scaling': 1, 'l1_ratio': None, 'max_iter': 100, 'multi_class': 'deprecated', 'n_jobs': None, 'penalty': None, 'random_state': 42, 'solver': 'lbfgs', 'tol': 0.0001, 'verbose': 0, 'warm_start': False}",0.01952385902404785
Wine_spoilage,1,1,4,3,RNN,Magnitude_Warping,0.8387096774193549,0.7747138397502601,"{'hidden_size': 64, 'epochs': 10, 'batch_size': 32, 'lr': 0.001}",0.21829009056091309
Wine_spoilage,1,1,7,1,KNN,Tuned_Baseline,0.8,0.7842082214223768,"{'algorithm': 'auto', 'leaf_size': 30, 'metric': 'euclidean', 'metric_params': None, 'n_jobs': None, 'n_neighbors': np.int64(3), 'p': 2, 'weights': 'uniform'}",0.13717341423034668
Wine_spoilage,1,1,4,5,KNN,Magnitude_Warping,0.8093548387096774,0.7909537174047718,"{'algorithm': 'auto', 'leaf_size': 30, 'metric': 'manhattan', 'metric_params': None, 'n_jobs': None, 'n_neighbors': np.int64(9), 'p': 2, 'weights': 'distance'}",0.04376864433288574
Wine_spoilage,1,1,7,1,RandomForest,Baseline,0.7845161290322581,0.7390519288040961,"{'bootstrap': True, 'ccp_alpha': 0.0, 'class_weight': None, 'criterion': 'gini', 'max_depth': None, 'max_features': 'sqrt', 'max_leaf_nodes': None, 'max_samples': None, 'min_impurity_decrease': 0.0, 'min_samples_leaf': 1, 'min_samples_split': 2, 'min_weight_fraction_leaf': 0.0, 'monotonic_cst': None, 'n_estimators': 100, 'n_jobs': None, 'oob_score': False, 'random_state': 42, 'verbose': 0, 'warm_start': False}",0.1694791316986084
Wine_spoilage,1,1,4,5,RNN,Time_Warping,0.8709677419354839,0.838154699965314,"{'hidden_size': 64, 'epochs': 10, 'batch_size': 32, 'lr': 0.001}",0.6183457374572754
Wine_spoilage,1,1,4,10,KNN,Time_Warping,0.8119354838709677,0.7951789216921734,"{'algorithm': 'auto', 'leaf_size': 30, 'metric': 'minkowski', 'metric_params': None, 'n_jobs': None, 'n_neighbors': 5, 'p': 2, 'weights': 'uniform'}",0.16297483444213867
Wine_spoilage,1,1,4,3,RandomForest,Scaling,0.7816129032258065,0.7473262905294761,"{'bootstrap': True, 'ccp_alpha': 0.0, 'class_weight': None, 'criterion': 'gini', 'max_depth': 20, 'max_features': 'sqrt', 'max_leaf_nodes': None, 'max_samples': None, 'min_impurity_decrease': 0.0, 'min_samples_leaf': 1, 'min_samples_split': 2, 'min_weight_fraction_leaf': 0.0, 'monotonic_cst': None, 'n_estimators': 100, 'n_jobs': None, 'oob_score': False, 'random_state': 42, 'verbose': 0, 'warm_start': False}",0.1959085464477539
Wine_spoilage,1,1,4,3,LinearSVC,Scaling,0.7880645161290323,0.7747356096898603,"{'C': np.float64(1.0), 'class_weight': None, 'dual': False, 'fit_intercept': True, 'intercept_scaling': 1, 'loss': 'squared_hinge', 'max_iter': 100, 'multi_class': 'ovr', 'penalty': 'l2', 'random_state': 42, 'tol': 0.0001, 'verbose': 0}",0.0054018497467041016
Wine_spoilage,1,1,4,10,RandomForest,Time_Warping,0.7716129032258064,0.7287931245597024,"{'bootstrap': True, 'ccp_alpha': 0.0, 'class_weight': None, 'criterion': 'gini', 'max_depth': None, 'max_features': 'sqrt', 'max_leaf_nodes': None, 'max_samples': None, 'min_impurity_decrease': 0.0, 'min_samples_leaf': 1, 'min_samples_split': 2, 'min_weight_fraction_leaf': 0.0, 'monotonic_cst': None, 'n_estimators': 100, 'n_jobs': None, 'oob_score': False, 'random_state': 42, 'verbose': 0, 'warm_start': False}",0.35755109786987305
Wine_spoilage,1,1,4,10,LinearSVC,Time_Warping,0.7893548387096774,0.7758785291184543,"{'C': 1.0, 'class_weight': None, 'dual': False, 'fit_intercept': True, 'intercept_scaling': 1, 'loss': 'squared_hinge', 'max_iter': 100, 'multi_class': 'ovr', 'penalty': 'l2', 'random_state': 42, 'tol': 0.0001, 'verbose': 0}",0.011924982070922852
Wine_spoilage,1,1,4,10,LogisticRegression,Time_Warping,0.7929032258064516,0.7782230161626672,"{'C': 1.0, 'class_weight': None, 'dual': False, 'fit_intercept': True, 'intercept_scaling': 1, 'l1_ratio': None, 'max_iter': 100, 'multi_class': 'deprecated', 'n_jobs': None, 'penalty': 'l2', 'random_state': 42, 'solver': 'lbfgs', 'tol': 0.0001, 'verbose': 0, 'warm_start': False}",0.10067558288574219
Wine_spoilage,1,1,4,5,RandomForest,Magnitude_Warping,0.797741935483871,0.7789252330504551,"{'bootstrap': True, 'ccp_alpha': 0.0, 'class_weight': None, 'criterion': 'gini', 'max_depth': 20, 'max_features': 'sqrt', 'max_leaf_nodes': None, 'max_samples': None, 'min_impurity_decrease': 0.0, 'min_samples_leaf': 1, 'min_samples_split': 2, 'min_weight_fraction_leaf': 0.0, 'monotonic_cst': None, 'n_estimators': 50, 'n_jobs': None, 'oob_score': False, 'random_state': 42, 'verbose': 0, 'warm_start': False}",0.14133858680725098
Wine_spoilage,1,1,4,5,LinearSVC,Magnitude_Warping,0.7870967741935484,0.7749747114731536,"{'C': np.float64(0.1), 'class_weight': None, 'dual': True, 'fit_intercept': True, 'intercept_scaling': 1, 'loss': 'squared_hinge', 'max_iter': 100, 'multi_class': 'ovr', 'penalty': 'l2', 'random_state': 42, 'tol': 0.0001, 'verbose': 0}",0.010002851486206055
Wine_spoilage,1,1,4,10,RNN,Time_Warping,0.8064516129032258,0.7791160452450775,"{'hidden_size': 64, 'epochs': 10, 'batch_size': 32, 'lr': 0.001}",0.41851258277893066
Wine_spoilage,1,1,7,1,RandomForest,Tuned_Baseline,0.7838709677419354,0.7377563651954574,"{'bootstrap': True, 'ccp_alpha': 0.0, 'class_weight': None, 'criterion': 'gini', 'max_depth': 10, 'max_features': 'sqrt', 'max_leaf_nodes': None, 'max_samples': None, 'min_impurity_decrease': 0.0, 'min_samples_leaf': 1, 'min_samples_split': 5, 'min_weight_fraction_leaf': 0.0, 'monotonic_cst': None, 'n_estimators': 100, 'n_jobs': None, 'oob_score': False, 'random_state': 42, 'verbose': 0, 'warm_start': False}",0.007445812225341797
Wine_spoilage,1,1,7,1,LinearSVC,Baseline,0.7983870967741935,0.7882933770381413,"{'C': 1.0, 'class_weight': None, 'dual': False, 'fit_intercept': True, 'intercept_scaling': 1, 'loss': 'squared_hinge', 'max_iter': 100, 'multi_class': 'ovr', 'penalty': 'l2', 'random_state': 42, 'tol': 0.0001, 'verbose': 0}",0.002400636672973633
Wine_spoilage,1,1,7,1,LinearSVC,Tuned_Baseline,0.7783870967741936,0.7728716648931024,"{'C': np.float64(100.0), 'class_weight': None, 'dual': True, 'fit_intercept': True, 'intercept_scaling': 1, 'loss': 'hinge', 'max_iter': 100, 'multi_class': 'ovr', 'penalty': 'l2', 'random_state': 42, 'tol': 0.0001, 'verbose': 0}",0.0002651214599609375
Wine_spoilage,1,1,7,1,LogisticRegression,Baseline,0.7929032258064516,0.7818419732266924,"{'C': 1.0, 'class_weight': None, 'dual': False, 'fit_intercept': True, 'intercept_scaling': 1, 'l1_ratio': None, 'max_iter': 100, 'multi_class': 'deprecated', 'n_jobs': None, 'penalty': 'l2', 'random_state': 42, 'solver': 'lbfgs', 'tol': 0.0001, 'verbose': 0, 'warm_start': False}",0.008866071701049805
Wine_spoilage,1,1,4,3,LogisticRegression,Scaling,0.7787096774193548,0.7615814456569443,"{'C': np.float64(10.0), 'class_weight': None, 'dual': False, 'fit_intercept': True, 'intercept_scaling': 1, 'l1_ratio': None, 'max_iter': 100, 'multi_class': 'deprecated', 'n_jobs': None, 'penalty': None, 'random_state': 42, 'solver': 'lbfgs', 'tol': 0.0001, 'verbose': 0, 'warm_start': False}",0.013556718826293945
Wine_spoilage,1,1,5,1,KNN,Baseline,0.7974193548387096,0.7815929840705963,"{'algorithm': 'auto', 'leaf_size': 30, 'metric': 'minkowski', 'metric_params': None, 'n_jobs': None, 'n_neighbors': 5, 'p': 2, 'weights': 'uniform'}",0.13039803504943848
Wine_spoilage,1,1,5,1,KNN,Tuned_Baseline,0.8003225806451613,0.7840619504142046,"{'algorithm': 'auto', 'leaf_size': 30, 'metric': 'euclidean', 'metric_params': None, 'n_jobs': None, 'n_neighbors': np.int64(3), 'p': 2, 'weights': 'uniform'}",0.1551966667175293
Wine_spoilage,1,1,5,1,RandomForest,Baseline,0.7712903225806451,0.7322602695292102,"{'bootstrap': True, 'ccp_alpha': 0.0, 'class_weight': None, 'criterion': 'gini', 'max_depth': None, 'max_features': 'sqrt', 'max_leaf_nodes': None, 'max_samples': None, 'min_impurity_decrease': 0.0, 'min_samples_leaf': 1, 'min_samples_split': 2, 'min_weight_fraction_leaf': 0.0, 'monotonic_cst': None, 'n_estimators': 100, 'n_jobs': None, 'oob_score': False, 'random_state': 42, 'verbose': 0, 'warm_start': False}",0.17750287055969238
Wine_spoilage,1,1,4,3,RNN,Scaling,0.9032258064516129,0.8921658986175116,"{'hidden_size': 64, 'epochs': 10, 'batch_size': 32, 'lr': 0.001}",0.6871542930603027
Wine_spoilage,1,1,4,5,LogisticRegression,Magnitude_Warping,0.802258064516129,0.7896230866183926,"{'C': np.float64(100.0), 'class_weight': None, 'dual': False, 'fit_intercept': True, 'intercept_scaling': 1, 'l1_ratio': None, 'max_iter': 100, 'multi_class': 'deprecated', 'n_jobs': None, 'penalty': 'l2', 'random_state': 42, 'solver': 'lbfgs', 'tol': 0.0001, 'verbose': 0, 'warm_start': False}",0.12096691131591797
Wine_spoilage,1,1,4,5,KNN,Scaling,0.8074193548387096,0.7901220473121991,"{'algorithm': 'auto', 'leaf_size': 30, 'metric': 'manhattan', 'metric_params': None, 'n_jobs': None, 'n_neighbors': np.int64(19), 'p': 2, 'weights': 'distance'}",0.04720163345336914
Wine_spoilage,1,1,4,5,RNN,Magnitude_Warping,0.9354838709677419,0.9344086021505377,"{'hidden_size': 64, 'epochs': 10, 'batch_size': 32, 'lr': 0.001}",0.6541452407836914
Wine_spoilage,1,1,4,10,KNN,Magnitude_Warping,0.8161290322580645,0.7986769205007875,"{'algorithm': 'auto', 'leaf_size': 30, 'metric': 'minkowski', 'metric_params': None, 'n_jobs': None, 'n_neighbors': 5, 'p': 2, 'weights': 'uniform'}",0.13457918167114258
Wine_spoilage,1,1,4,5,RandomForest,Scaling,0.802258064516129,0.7813999734786333,"{'bootstrap': True, 'ccp_alpha': 0.0, 'class_weight': None, 'criterion': 'gini', 'max_depth': 10, 'max_features': 'sqrt', 'max_leaf_nodes': None, 'max_samples': None, 'min_impurity_decrease': 0.0, 'min_samples_leaf': 1, 'min_samples_split': 2, 'min_weight_fraction_leaf': 0.0, 'monotonic_cst': None, 'n_estimators': 50, 'n_jobs': None, 'oob_score': False, 'random_state': 42, 'verbose': 0, 'warm_start': False}",0.11410951614379883
Wine_spoilage,1,1,7,1,LogisticRegression,Tuned_Baseline,0.8041935483870968,0.7857709411451845,"{'C': np.float64(10.0), 'class_weight': None, 'dual': False, 'fit_intercept': True, 'intercept_scaling': 1, 'l1_ratio': None, 'max_iter': 100, 'multi_class': 'deprecated', 'n_jobs': None, 'penalty': None, 'random_state': 42, 'solver': 'lbfgs', 'tol': 0.0001, 'verbose': 0, 'warm_start': False}",0.0005459785461425781
Wine_spoilage,1,1,4,10,RandomForest,Magnitude_Warping,0.805483870967742,0.7875624792793862,"{'bootstrap': True, 'ccp_alpha': 0.0, 'class_weight': None, 'criterion': 'gini', 'max_depth': None, 'max_features': 'sqrt', 'max_leaf_nodes': None, 'max_samples': None, 'min_impurity_decrease': 0.0, 'min_samples_leaf': 1, 'min_samples_split': 2, 'min_weight_fraction_leaf': 0.0, 'monotonic_cst': None, 'n_estimators': 100, 'n_jobs': None, 'oob_score': False, 'random_state': 42, 'verbose': 0, 'warm_start': False}",0.4335007667541504
Wine_spoilage,1,1,4,10,LinearSVC,Magnitude_Warping,0.7951612903225806,0.782396260619482,"{'C': 1.0, 'class_weight': None, 'dual': False, 'fit_intercept': True, 'intercept_scaling': 1, 'loss': 'squared_hinge', 'max_iter': 100, 'multi_class': 'ovr', 'penalty': 'l2', 'random_state': 42, 'tol': 0.0001, 'verbose': 0}",0.010000467300415039
Wine_spoilage,1,1,4,5,LinearSVC,Scaling,0.7838709677419354,0.7751298326682026,"{'C': np.float64(0.01), 'class_weight': None, 'dual': False, 'fit_intercept': True, 'intercept_scaling': 1, 'loss': 'squared_hinge', 'max_iter': 100, 'multi_class': 'ovr', 'penalty': 'l2', 'random_state': 42, 'tol': 0.0001, 'verbose': 0}",0.006353139877319336
Wine_spoilage,1,1,5,1,RandomForest,Tuned_Baseline,0.7712903225806451,0.7322602695292102,"{'bootstrap': True, 'ccp_alpha': 0.0, 'class_weight': None, 'criterion': 'gini', 'max_depth': None, 'max_features': 'sqrt', 'max_leaf_nodes': None, 'max_samples': None, 'min_impurity_decrease': 0.0, 'min_samples_leaf': 1, 'min_samples_split': 2, 'min_weight_fraction_leaf': 0.0, 'monotonic_cst': None, 'n_estimators': 100, 'n_jobs': None, 'oob_score': False, 'random_state': 42, 'verbose': 0, 'warm_start': False}",0.008530139923095703
Wine_spoilage,1,1,5,1,LinearSVC,Baseline,0.805483870967742,0.7913454821582455,"{'C': 1.0, 'class_weight': None, 'dual': False, 'fit_intercept': True, 'intercept_scaling': 1, 'loss': 'squared_hinge', 'max_iter': 100, 'multi_class': 'ovr', 'penalty': 'l2', 'random_state': 42, 'tol': 0.0001, 'verbose': 0}",0.002913236618041992
Wine_spoilage,1,1,7,1,RNN,Baseline,0.8709677419354839,0.8639599555061179,"{'hidden_size': 64, 'epochs': 10, 'batch_size': 32, 'lr': 0.001}",0.2408902645111084
Wine_spoilage,1,1,7,1,RNN,Tuned_Baseline,0.8709677419354839,0.8639599555061179,"{'hidden_size': 64, 'epochs': 10, 'batch_size': 32, 'lr': 0.001}",0.002515077590942383
Wine_spoilage,1,1,4,10,LogisticRegression,Magnitude_Warping,0.7938709677419354,0.7807028625763589,"{'C': 1.0, 'class_weight': None, 'dual': False, 'fit_intercept': True, 'intercept_scaling': 1, 'l1_ratio': None, 'max_iter': 100, 'multi_class': 'deprecated', 'n_jobs': None, 'penalty': 'l2', 'random_state': 42, 'solver': 'lbfgs', 'tol': 0.0001, 'verbose': 0, 'warm_start': False}",0.14670705795288086
Wine_spoilage,1,1,5,1,LinearSVC,Tuned_Baseline,0.805483870967742,0.7913454821582455,"{'C': np.float64(1.0), 'class_weight': None, 'dual': False, 'fit_intercept': True, 'intercept_scaling': 1, 'loss': 'squared_hinge', 'max_iter': 100, 'multi_class': 'ovr', 'penalty': 'l2', 'random_state': 42, 'tol': 0.0001, 'verbose': 0}",0.00038814544677734375
Wine_spoilage,1,1,5,1,LogisticRegression,Baseline,0.7961290322580645,0.7826572716002539,"{'C': 1.0, 'class_weight': None, 'dual': False, 'fit_intercept': True, 'intercept_scaling': 1, 'l1_ratio': None, 'max_iter': 100, 'multi_class': 'deprecated', 'n_jobs': None, 'penalty': 'l2', 'random_state': 42, 'solver': 'lbfgs', 'tol': 0.0001, 'verbose': 0, 'warm_start': False}",0.09299993515014648
Wine_spoilage,1,1,7,2,KNN,Jittering,0.8074193548387096,0.7912002519482905,"{'algorithm': 'auto', 'leaf_size': 30, 'metric': 'euclidean', 'metric_params': None, 'n_jobs': None, 'n_neighbors': np.int64(3), 'p': 2, 'weights': 'uniform'}",0.14860892295837402
Wine_spoilage,1,1,4,5,LogisticRegression,Scaling,0.7938709677419354,0.7785688181730314,"{'C': np.float64(100.0), 'class_weight': None, 'dual': False, 'fit_intercept': True, 'intercept_scaling': 1, 'l1_ratio': None, 'max_iter': 100, 'multi_class': 'deprecated', 'n_jobs': None, 'penalty': 'l2', 'random_state': 42, 'solver': 'lbfgs', 'tol': 0.0001, 'verbose': 0, 'warm_start': False}",0.18036341667175293
Wine_spoilage,1,1,7,2,RandomForest,Jittering,0.7819354838709678,0.7401178297712424,"{'bootstrap': True, 'ccp_alpha': 0.0, 'class_weight': None, 'criterion': 'gini', 'max_depth': 20, 'max_features': 'sqrt', 'max_leaf_nodes': None, 'max_samples': None, 'min_impurity_decrease': 0.0, 'min_samples_leaf': 2, 'min_samples_split': 2, 'min_weight_fraction_leaf': 0.0, 'monotonic_cst': None, 'n_estimators': 50, 'n_jobs': None, 'oob_score': False, 'random_state': 42, 'verbose': 0, 'warm_start': False}",0.10246467590332031
Wine_spoilage,1,1,4,10,RNN,Magnitude_Warping,0.7419354838709677,0.672811059907834,"{'hidden_size': 64, 'epochs': 10, 'batch_size': 32, 'lr': 0.001}",1.1819274425506592
Wine_spoilage,1,1,7,2,LinearSVC,Jittering,0.7809677419354839,0.7749994778016219,"{'C': np.float64(100.0), 'class_weight': None, 'dual': True, 'fit_intercept': True, 'intercept_scaling': 1, 'loss': 'hinge', 'max_iter': 100, 'multi_class': 'ovr', 'penalty': 'l2', 'random_state': 42, 'tol': 0.0001, 'verbose': 0}",0.005079746246337891
Wine_spoilage,1,1,4,5,RNN,Scaling,0.7096774193548387,0.6500338602315708,"{'hidden_size': 64, 'epochs': 10, 'batch_size': 32, 'lr': 0.001}",0.24203801155090332
Wine_spoilage,1,1,4,10,KNN,Scaling,0.8170967741935484,0.7995095851810998,"{'algorithm': 'auto', 'leaf_size': 30, 'metric': 'minkowski', 'metric_params': None, 'n_jobs': None, 'n_neighbors': 5, 'p': 2, 'weights': 'uniform'}",0.13325953483581543
Wine_spoilage,1,1,5,1,KNN,Baseline,0.7974193548387096,0.7815929840705963,"{'algorithm': 'auto', 'leaf_size': 30, 'metric': 'minkowski', 'metric_params': None, 'n_jobs': None, 'n_neighbors': 5, 'p': 2, 'weights': 'uniform'}",0.11106610298156738
Wine_spoilage,1,1,4,10,RandomForest,Scaling,0.802258064516129,0.7851795116948406,"{'bootstrap': True, 'ccp_alpha': 0.0, 'class_weight': None, 'criterion': 'gini', 'max_depth': None, 'max_features': 'sqrt', 'max_leaf_nodes': None, 'max_samples': None, 'min_impurity_decrease': 0.0, 'min_samples_leaf': 1, 'min_samples_split': 2, 'min_weight_fraction_leaf': 0.0, 'monotonic_cst': None, 'n_estimators': 100, 'n_jobs': None, 'oob_score': False, 'random_state': 42, 'verbose': 0, 'warm_start': False}",0.3714134693145752
Wine_spoilage,1,1,4,10,LinearSVC,Scaling,0.7970967741935484,0.7833384705506365,"{'C': 1.0, 'class_weight': None, 'dual': False, 'fit_intercept': True, 'intercept_scaling': 1, 'loss': 'squared_hinge', 'max_iter': 100, 'multi_class': 'ovr', 'penalty': 'l2', 'random_state': 42, 'tol': 0.0001, 'verbose': 0}",0.009827136993408203
Wine_spoilage,1,1,4,10,LogisticRegression,Scaling,0.7964516129032259,0.7823013825450913,"{'C': 1.0, 'class_weight': None, 'dual': False, 'fit_intercept': True, 'intercept_scaling': 1, 'l1_ratio': None, 'max_iter': 100, 'multi_class': 'deprecated', 'n_jobs': None, 'penalty': 'l2', 'random_state': 42, 'solver': 'lbfgs', 'tol': 0.0001, 'verbose': 0, 'warm_start': False}",0.08935427665710449
Wine_spoilage,1,1,5,1,KNN,Tuned_Baseline,0.8003225806451613,0.7840619504142046,"{'algorithm': 'auto', 'leaf_size': 30, 'metric': 'euclidean', 'metric_params': None, 'n_jobs': None, 'n_neighbors': np.int64(3), 'p': 2, 'weights': 'uniform'}",0.131148099899292
Wine_spoilage,1,1,5,1,RandomForest,Baseline,0.7712903225806451,0.7322602695292102,"{'bootstrap': True, 'ccp_alpha': 0.0, 'class_weight': None, 'criterion': 'gini', 'max_depth': None, 'max_features': 'sqrt', 'max_leaf_nodes': None, 'max_samples': None, 'min_impurity_decrease': 0.0, 'min_samples_leaf': 1, 'min_samples_split': 2, 'min_weight_fraction_leaf': 0.0, 'monotonic_cst': None, 'n_estimators': 100, 'n_jobs': None, 'oob_score': False, 'random_state': 42, 'verbose': 0, 'warm_start': False}",0.17102527618408203
Wine_spoilage,1,1,7,2,LogisticRegression,Jittering,0.8090322580645162,0.7918173133284145,"{'C': np.float64(100.0), 'class_weight': None, 'dual': False, 'fit_intercept': True, 'intercept_scaling': 1, 'l1_ratio': None, 'max_iter': 100, 'multi_class': 'deprecated', 'n_jobs': None, 'penalty': 'l2', 'random_state': 42, 'solver': 'lbfgs', 'tol': 0.0001, 'verbose': 0, 'warm_start': False}",0.016812801361083984
Wine_spoilage,1,1,5,1,LogisticRegression,Tuned_Baseline,0.8061290322580645,0.7888247726943944,"{'C': np.float64(10.0), 'class_weight': None, 'dual': False, 'fit_intercept': True, 'intercept_scaling': 1, 'l1_ratio': None, 'max_iter': 100, 'multi_class': 'deprecated', 'n_jobs': None, 'penalty': 'l2', 'random_state': 42, 'solver': 'lbfgs', 'tol': 0.0001, 'verbose': 0, 'warm_start': False}",0.0005490779876708984
Wine_spoilage,1,1,7,2,RNN,Jittering,0.8387096774193549,0.7817836812144212,"{'hidden_size': 64, 'epochs': 10, 'batch_size': 32, 'lr': 0.001}",0.12886834144592285
Wine_spoilage,1,1,5,1,RNN,Baseline,0.9032258064516129,0.8980938416422287,"{'hidden_size': 64, 'epochs': 10, 'batch_size': 32, 'lr': 0.001}",0.33920931816101074
Wine_spoilage,1,1,5,1,RNN,Tuned_Baseline,0.9032258064516129,0.8980938416422287,"{'hidden_size': 64, 'epochs': 10, 'batch_size': 32, 'lr': 0.001}",0.013622760772705078
Wine_spoilage,1,1,7,3,KNN,Jittering,0.7958064516129032,0.7802338269378292,"{'algorithm': 'auto', 'leaf_size': 30, 'metric': 'manhattan', 'metric_params': None, 'n_jobs': None, 'n_neighbors': np.int64(6), 'p': 2, 'weights': 'uniform'}",0.15135741233825684
Wine_spoilage,1,1,5,2,KNN,Time_Warping,0.792258064516129,0.7769527602263362,"{'algorithm': 'auto', 'leaf_size': 30, 'metric': 'manhattan', 'metric_params': None, 'n_jobs': None, 'n_neighbors': np.int64(9), 'p': 2, 'weights': 'distance'}",0.030086994171142578
Wine_spoilage,1,1,4,10,RNN,Scaling,0.9354838709677419,0.9342416096448355,"{'hidden_size': 64, 'epochs': 10, 'batch_size': 32, 'lr': 0.001}",1.21089768409729
Wine_spoilage,1,1,5,1,RandomForest,Tuned_Baseline,0.7712903225806451,0.7322602695292102,"{'bootstrap': True, 'ccp_alpha': 0.0, 'class_weight': None, 'criterion': 'gini', 'max_depth': None, 'max_features': 'sqrt', 'max_leaf_nodes': None, 'max_samples': None, 'min_impurity_decrease': 0.0, 'min_samples_leaf': 1, 'min_samples_split': 2, 'min_weight_fraction_leaf': 0.0, 'monotonic_cst': None, 'n_estimators': 100, 'n_jobs': None, 'oob_score': False, 'random_state': 42, 'verbose': 0, 'warm_start': False}",0.008258581161499023
Wine_spoilage,1,1,5,1,LinearSVC,Baseline,0.805483870967742,0.7913454821582455,"{'C': 1.0, 'class_weight': None, 'dual': False, 'fit_intercept': True, 'intercept_scaling': 1, 'loss': 'squared_hinge', 'max_iter': 100, 'multi_class': 'ovr', 'penalty': 'l2', 'random_state': 42, 'tol': 0.0001, 'verbose': 0}",0.0023984909057617188
Wine_spoilage,1,1,5,1,KNN,Baseline,0.7974193548387096,0.7815929840705963,"{'algorithm': 'auto', 'leaf_size': 30, 'metric': 'minkowski', 'metric_params': None, 'n_jobs': None, 'n_neighbors': 5, 'p': 2, 'weights': 'uniform'}",0.11149716377258301
Wine_spoilage,1,1,5,1,LinearSVC,Tuned_Baseline,0.805483870967742,0.7913454821582455,"{'C': np.float64(1.0), 'class_weight': None, 'dual': False, 'fit_intercept': True, 'intercept_scaling': 1, 'loss': 'squared_hinge', 'max_iter': 100, 'multi_class': 'ovr', 'penalty': 'l2', 'random_state': 42, 'tol': 0.0001, 'verbose': 0}",0.0004401206970214844
Wine_spoilage,1,1,5,1,LogisticRegression,Baseline,0.7961290322580645,0.7826572716002539,"{'C': 1.0, 'class_weight': None, 'dual': False, 'fit_intercept': True, 'intercept_scaling': 1, 'l1_ratio': None, 'max_iter': 100, 'multi_class': 'deprecated', 'n_jobs': None, 'penalty': 'l2', 'random_state': 42, 'solver': 'lbfgs', 'tol': 0.0001, 'verbose': 0, 'warm_start': False}",0.09364485740661621
Wine_spoilage,1,1,7,3,RandomForest,Jittering,0.792258064516129,0.7603146685070656,"{'bootstrap': True, 'ccp_alpha': 0.0, 'class_weight': None, 'criterion': 'gini', 'max_depth': 20, 'max_features': 'sqrt', 'max_leaf_nodes': None, 'max_samples': None, 'min_impurity_decrease': 0.0, 'min_samples_leaf': 1, 'min_samples_split': 2, 'min_weight_fraction_leaf': 0.0, 'monotonic_cst': None, 'n_estimators': 100, 'n_jobs': None, 'oob_score': False, 'random_state': 42, 'verbose': 0, 'warm_start': False}",0.18187403678894043
Wine_spoilage,1,1,5,2,RandomForest,Time_Warping,0.7745161290322581,0.7372858048245495,"{'bootstrap': True, 'ccp_alpha': 0.0, 'class_weight': None, 'criterion': 'gini', 'max_depth': 20, 'max_features': 'sqrt', 'max_leaf_nodes': None, 'max_samples': None, 'min_impurity_decrease': 0.0, 'min_samples_leaf': 2, 'min_samples_split': 5, 'min_weight_fraction_leaf': 0.0, 'monotonic_cst': None, 'n_estimators': 100, 'n_jobs': None, 'oob_score': False, 'random_state': 42, 'verbose': 0, 'warm_start': False}",0.16347503662109375
Wine_spoilage,1,1,5,1,KNN,Tuned_Baseline,0.8003225806451613,0.7840619504142046,"{'algorithm': 'auto', 'leaf_size': 30, 'metric': 'euclidean', 'metric_params': None, 'n_jobs': None, 'n_neighbors': np.int64(3), 'p': 2, 'weights': 'uniform'}",0.1341538429260254
Wine_spoilage,1,1,5,2,LinearSVC,Time_Warping,0.7883870967741935,0.7793228928056282,"{'C': np.float64(0.1), 'class_weight': None, 'dual': False, 'fit_intercept': True, 'intercept_scaling': 1, 'loss': 'squared_hinge', 'max_iter': 100, 'multi_class': 'ovr', 'penalty': 'l1', 'random_state': 42, 'tol': 0.0001, 'verbose': 0}",0.006644725799560547
Wine_spoilage,1,1,7,3,LinearSVC,Jittering,0.7993548387096774,0.7839818767541276,"{'C': np.float64(100.0), 'class_weight': None, 'dual': False, 'fit_intercept': True, 'intercept_scaling': 1, 'loss': 'squared_hinge', 'max_iter': 100, 'multi_class': 'ovr', 'penalty': 'l1', 'random_state': 42, 'tol': 0.0001, 'verbose': 0}",0.012518644332885742
Wine_spoilage,1,1,5,1,RandomForest,Baseline,0.7712903225806451,0.7322602695292102,"{'bootstrap': True, 'ccp_alpha': 0.0, 'class_weight': None, 'criterion': 'gini', 'max_depth': None, 'max_features': 'sqrt', 'max_leaf_nodes': None, 'max_samples': None, 'min_impurity_decrease': 0.0, 'min_samples_leaf': 1, 'min_samples_split': 2, 'min_weight_fraction_leaf': 0.0, 'monotonic_cst': None, 'n_estimators': 100, 'n_jobs': None, 'oob_score': False, 'random_state': 42, 'verbose': 0, 'warm_start': False}",0.16889643669128418
Wine_spoilage,1,1,5,2,LogisticRegression,Time_Warping,0.7912903225806451,0.7694348216709956,"{'C': np.float64(100.0), 'class_weight': None, 'dual': False, 'fit_intercept': True, 'intercept_scaling': 1, 'l1_ratio': None, 'max_iter': 100, 'multi_class': 'deprecated', 'n_jobs': None, 'penalty': None, 'random_state': 42, 'solver': 'lbfgs', 'tol': 0.0001, 'verbose': 0, 'warm_start': False}",0.09036970138549805
Wine_spoilage,1,1,7,3,LogisticRegression,Jittering,0.8074193548387096,0.7908328281557278,"{'C': np.float64(100.0), 'class_weight': None, 'dual': False, 'fit_intercept': True, 'intercept_scaling': 1, 'l1_ratio': None, 'max_iter': 100, 'multi_class': 'deprecated', 'n_jobs': None, 'penalty': 'l2', 'random_state': 42, 'solver': 'lbfgs', 'tol': 0.0001, 'verbose': 0, 'warm_start': False}",0.040497779846191406
Wine_spoilage,1,1,5,1,RandomForest,Tuned_Baseline,0.7712903225806451,0.7322602695292102,"{'bootstrap': True, 'ccp_alpha': 0.0, 'class_weight': None, 'criterion': 'gini', 'max_depth': None, 'max_features': 'sqrt', 'max_leaf_nodes': None, 'max_samples': None, 'min_impurity_decrease': 0.0, 'min_samples_leaf': 1, 'min_samples_split': 2, 'min_weight_fraction_leaf': 0.0, 'monotonic_cst': None, 'n_estimators': 100, 'n_jobs': None, 'oob_score': False, 'random_state': 42, 'verbose': 0, 'warm_start': False}",0.009812593460083008
Wine_spoilage,1,1,5,1,LinearSVC,Baseline,0.805483870967742,0.7913454821582455,"{'C': 1.0, 'class_weight': None, 'dual': False, 'fit_intercept': True, 'intercept_scaling': 1, 'loss': 'squared_hinge', 'max_iter': 100, 'multi_class': 'ovr', 'penalty': 'l2', 'random_state': 42, 'tol': 0.0001, 'verbose': 0}",0.0029184818267822266
Wine_spoilage,1,1,7,3,RNN,Jittering,0.45161290322580644,0.39919354838709675,"{'hidden_size': 64, 'epochs': 10, 'batch_size': 32, 'lr': 0.001}",0.20683026313781738
Wine_spoilage,1,1,5,1,LinearSVC,Tuned_Baseline,0.805483870967742,0.7913454821582455,"{'C': np.float64(1.0), 'class_weight': None, 'dual': False, 'fit_intercept': True, 'intercept_scaling': 1, 'loss': 'squared_hinge', 'max_iter': 100, 'multi_class': 'ovr', 'penalty': 'l2', 'random_state': 42, 'tol': 0.0001, 'verbose': 0}",0.0003578662872314453
Wine_spoilage,1,1,5,1,LogisticRegression,Baseline,0.7961290322580645,0.7826572716002539,"{'C': 1.0, 'class_weight': None, 'dual': False, 'fit_intercept': True, 'intercept_scaling': 1, 'l1_ratio': None, 'max_iter': 100, 'multi_class': 'deprecated', 'n_jobs': None, 'penalty': 'l2', 'random_state': 42, 'solver': 'lbfgs', 'tol': 0.0001, 'verbose': 0, 'warm_start': False}",0.04527878761291504
Wine_spoilage,1,1,7,5,KNN,Jittering,0.8080645161290323,0.7919924648799971,"{'algorithm': 'auto', 'leaf_size': 30, 'metric': 'euclidean', 'metric_params': None, 'n_jobs': None, 'n_neighbors': np.int64(3), 'p': 2, 'weights': 'uniform'}",0.1498408317565918
Wine_spoilage,1,1,5,2,RNN,Time_Warping,0.7741935483870968,0.728110599078341,"{'hidden_size': 64, 'epochs': 10, 'batch_size': 32, 'lr': 0.001}",0.7115762233734131
Wine_spoilage,1,1,5,1,LogisticRegression,Tuned_Baseline,0.8061290322580645,0.7888247726943944,"{'C': np.float64(10.0), 'class_weight': None, 'dual': False, 'fit_intercept': True, 'intercept_scaling': 1, 'l1_ratio': None, 'max_iter': 100, 'multi_class': 'deprecated', 'n_jobs': None, 'penalty': 'l2', 'random_state': 42, 'solver': 'lbfgs', 'tol': 0.0001, 'verbose': 0, 'warm_start': False}",0.0005657672882080078
Wine_spoilage,1,1,5,3,KNN,Time_Warping,0.7912903225806451,0.7750021929566164,"{'algorithm': 'auto', 'leaf_size': 30, 'metric': 'manhattan', 'metric_params': None, 'n_jobs': None, 'n_neighbors': np.int64(6), 'p': 2, 'weights': 'uniform'}",0.15918469429016113
Wine_spoilage,1,1,5,1,RNN,Baseline,0.9032258064516129,0.8857453030840127,"{'hidden_size': 64, 'epochs': 10, 'batch_size': 32, 'lr': 0.001}",0.3582801818847656
Wine_spoilage,1,1,5,1,RNN,Tuned_Baseline,0.9032258064516129,0.8857453030840127,"{'hidden_size': 64, 'epochs': 10, 'batch_size': 32, 'lr': 0.001}",0.013444900512695312
Wine_spoilage,1,1,5,2,KNN,Magnitude_Warping,0.7987096774193548,0.7823402151049215,"{'algorithm': 'auto', 'leaf_size': 30, 'metric': 'euclidean', 'metric_params': None, 'n_jobs': None, 'n_neighbors': np.int64(3), 'p': 2, 'weights': 'uniform'}",0.1384270191192627
Wine_spoilage,1,1,7,5,RandomForest,Jittering,0.8048387096774193,0.7789118182687969,"{'bootstrap': True, 'ccp_alpha': 0.0, 'class_weight': None, 'criterion': 'gini', 'max_depth': 10, 'max_features': 'sqrt', 'max_leaf_nodes': None, 'max_samples': None, 'min_impurity_decrease': 0.0, 'min_samples_leaf': 1, 'min_samples_split': 2, 'min_weight_fraction_leaf': 0.0, 'monotonic_cst': None, 'n_estimators': 50, 'n_jobs': None, 'oob_score': False, 'random_state': 42, 'verbose': 0, 'warm_start': False}",0.13591909408569336
Wine_spoilage,1,1,7,5,LinearSVC,Jittering,0.8051612903225807,0.7906039265640844,"{'C': np.float64(10.0), 'class_weight': None, 'dual': False, 'fit_intercept': True, 'intercept_scaling': 1, 'loss': 'squared_hinge', 'max_iter': 100, 'multi_class': 'ovr', 'penalty': 'l1', 'random_state': 42, 'tol': 0.0001, 'verbose': 0}",0.024308204650878906
Wine_spoilage,1,1,5,3,RandomForest,Time_Warping,0.7716129032258064,0.7321495094545184,"{'bootstrap': True, 'ccp_alpha': 0.0, 'class_weight': None, 'criterion': 'gini', 'max_depth': 20, 'max_features': 'sqrt', 'max_leaf_nodes': None, 'max_samples': None, 'min_impurity_decrease': 0.0, 'min_samples_leaf': 2, 'min_samples_split': 2, 'min_weight_fraction_leaf': 0.0, 'monotonic_cst': None, 'n_estimators': 50, 'n_jobs': None, 'oob_score': False, 'random_state': 42, 'verbose': 0, 'warm_start': False}",0.11778473854064941
Wine_spoilage,1,1,5,3,LinearSVC,Time_Warping,0.7803225806451612,0.7751300979738883,"{'C': np.float64(0.1), 'class_weight': None, 'dual': True, 'fit_intercept': True, 'intercept_scaling': 1, 'loss': 'squared_hinge', 'max_iter': 100, 'multi_class': 'ovr', 'penalty': 'l2', 'random_state': 42, 'tol': 0.0001, 'verbose': 0}",0.01129150390625
Wine_spoilage,1,1,5,2,RandomForest,Magnitude_Warping,0.772258064516129,0.7335903514870602,"{'bootstrap': True, 'ccp_alpha': 0.0, 'class_weight': None, 'criterion': 'gini', 'max_depth': 20, 'max_features': 'sqrt', 'max_leaf_nodes': None, 'max_samples': None, 'min_impurity_decrease': 0.0, 'min_samples_leaf': 2, 'min_samples_split': 2, 'min_weight_fraction_leaf': 0.0, 'monotonic_cst': None, 'n_estimators': 50, 'n_jobs': None, 'oob_score': False, 'random_state': 42, 'verbose': 0, 'warm_start': False}",0.10038924217224121
Wine_spoilage,1,1,5,2,LinearSVC,Magnitude_Warping,0.795483870967742,0.78408223139538,"{'C': np.float64(0.1), 'class_weight': None, 'dual': False, 'fit_intercept': True, 'intercept_scaling': 1, 'loss': 'squared_hinge', 'max_iter': 100, 'multi_class': 'ovr', 'penalty': 'l1', 'random_state': 42, 'tol': 0.0001, 'verbose': 0}",0.007002830505371094
Wine_spoilage,1,1,5,1,LogisticRegression,Tuned_Baseline,0.8061290322580645,0.7888247726943944,"{'C': np.float64(10.0), 'class_weight': None, 'dual': False, 'fit_intercept': True, 'intercept_scaling': 1, 'l1_ratio': None, 'max_iter': 100, 'multi_class': 'deprecated', 'n_jobs': None, 'penalty': 'l2', 'random_state': 42, 'solver': 'lbfgs', 'tol': 0.0001, 'verbose': 0, 'warm_start': False}",0.0005726814270019531
Wine_spoilage,1,1,7,5,LogisticRegression,Jittering,0.8103225806451613,0.7931354367163072,"{'C': np.float64(100.0), 'class_weight': None, 'dual': False, 'fit_intercept': True, 'intercept_scaling': 1, 'l1_ratio': None, 'max_iter': 100, 'multi_class': 'deprecated', 'n_jobs': None, 'penalty': 'l2', 'random_state': 42, 'solver': 'lbfgs', 'tol': 0.0001, 'verbose': 0, 'warm_start': False}",0.0407719612121582
Wine_spoilage,1,1,7,5,RNN,Jittering,0.8387096774193549,0.7817836812144212,"{'hidden_size': 64, 'epochs': 10, 'batch_size': 32, 'lr': 0.001}",0.21430516242980957
Wine_spoilage,1,1,5,1,RNN,Baseline,0.8709677419354839,0.8640417457305503,"{'hidden_size': 64, 'epochs': 10, 'batch_size': 32, 'lr': 0.001}",0.4723381996154785
Wine_spoilage,1,1,5,1,RNN,Tuned_Baseline,0.8709677419354839,0.8640417457305503,"{'hidden_size': 64, 'epochs': 10, 'batch_size': 32, 'lr': 0.001}",0.01804065704345703
Wine_spoilage,1,1,7,10,KNN,Jittering,0.807741935483871,0.7916230689971314,"{'algorithm': 'auto', 'leaf_size': 30, 'metric': 'minkowski', 'metric_params': None, 'n_jobs': None, 'n_neighbors': 5, 'p': 2, 'weights': 'uniform'}",0.16004729270935059
Wine_spoilage,1,1,5,3,LogisticRegression,Time_Warping,0.7932258064516129,0.7742062597761927,"{'C': np.float64(10.0), 'class_weight': None, 'dual': False, 'fit_intercept': True, 'intercept_scaling': 1, 'l1_ratio': None, 'max_iter': 100, 'multi_class': 'deprecated', 'n_jobs': None, 'penalty': None, 'random_state': 42, 'solver': 'lbfgs', 'tol': 0.0001, 'verbose': 0, 'warm_start': False}",0.08012175559997559
Wine_spoilage,1,1,5,2,KNN,Scaling,0.8,0.7851435056592545,"{'algorithm': 'auto', 'leaf_size': 30, 'metric': 'euclidean', 'metric_params': None, 'n_jobs': None, 'n_neighbors': np.int64(3), 'p': 2, 'weights': 'uniform'}",0.13863658905029297
Wine_spoilage,1,1,5,2,LogisticRegression,Magnitude_Warping,0.805483870967742,0.7848060358213379,"{'C': np.float64(100.0), 'class_weight': None, 'dual': False, 'fit_intercept': True, 'intercept_scaling': 1, 'l1_ratio': None, 'max_iter': 100, 'multi_class': 'deprecated', 'n_jobs': None, 'penalty': 'l2', 'random_state': 42, 'solver': 'lbfgs', 'tol': 0.0001, 'verbose': 0, 'warm_start': False}",0.0953972339630127
Wine_spoilage,1,1,5,3,RNN,Time_Warping,0.9032258064516129,0.9008008120911346,"{'hidden_size': 64, 'epochs': 10, 'batch_size': 32, 'lr': 0.001}",0.18817567825317383
Wine_spoilage,1,1,7,10,RandomForest,Jittering,0.8029032258064516,0.778884001800517,"{'bootstrap': True, 'ccp_alpha': 0.0, 'class_weight': None, 'criterion': 'gini', 'max_depth': None, 'max_features': 'sqrt', 'max_leaf_nodes': None, 'max_samples': None, 'min_impurity_decrease': 0.0, 'min_samples_leaf': 1, 'min_samples_split': 2, 'min_weight_fraction_leaf': 0.0, 'monotonic_cst': None, 'n_estimators': 100, 'n_jobs': None, 'oob_score': False, 'random_state': 42, 'verbose': 0, 'warm_start': False}",0.46754026412963867
Wine_spoilage,1,1,7,10,LinearSVC,Jittering,0.7941935483870968,0.784446000391273,"{'C': 1.0, 'class_weight': None, 'dual': False, 'fit_intercept': True, 'intercept_scaling': 1, 'loss': 'squared_hinge', 'max_iter': 100, 'multi_class': 'ovr', 'penalty': 'l2', 'random_state': 42, 'tol': 0.0001, 'verbose': 0}",0.010480403900146484
Wine_spoilage,1,1,5,5,KNN,Time_Warping,0.7925806451612903,0.7772670278685655,"{'algorithm': 'auto', 'leaf_size': 30, 'metric': 'manhattan', 'metric_params': None, 'n_jobs': None, 'n_neighbors': np.int64(9), 'p': 2, 'weights': 'distance'}",0.06065559387207031
Wine_spoilage,1,1,7,10,LogisticRegression,Jittering,0.8006451612903226,0.7877765410662682,"{'C': 1.0, 'class_weight': None, 'dual': False, 'fit_intercept': True, 'intercept_scaling': 1, 'l1_ratio': None, 'max_iter': 100, 'multi_class': 'deprecated', 'n_jobs': None, 'penalty': 'l2', 'random_state': 42, 'solver': 'lbfgs', 'tol': 0.0001, 'verbose': 0, 'warm_start': False}",0.03897976875305176
Wine_spoilage,1,1,7,10,RNN,Jittering,0.7419354838709677,0.672811059907834,"{'hidden_size': 64, 'epochs': 10, 'batch_size': 32, 'lr': 0.001}",0.2524111270904541
Wine_spoilage,1,1,5,2,RNN,Magnitude_Warping,0.4838709677419355,0.45132616487455196,"{'hidden_size': 64, 'epochs': 10, 'batch_size': 32, 'lr': 0.001}",0.6586260795593262
Wine_spoilage,1,1,5,3,KNN,Magnitude_Warping,0.7935483870967742,0.7768557122724005,"{'algorithm': 'auto', 'leaf_size': 30, 'metric': 'manhattan', 'metric_params': None, 'n_jobs': None, 'n_neighbors': np.int64(6), 'p': 2, 'weights': 'uniform'}",0.126356840133667
Wine_spoilage,1,1,5,2,RandomForest,Scaling,0.7758064516129032,0.7409688713333313,"{'bootstrap': True, 'ccp_alpha': 0.0, 'class_weight': None, 'criterion': 'gini', 'max_depth': 20, 'max_features': 'sqrt', 'max_leaf_nodes': None, 'max_samples': None, 'min_impurity_decrease': 0.0, 'min_samples_leaf': 2, 'min_samples_split': 2, 'min_weight_fraction_leaf': 0.0, 'monotonic_cst': None, 'n_estimators': 50, 'n_jobs': None, 'oob_score': False, 'random_state': 42, 'verbose': 0, 'warm_start': False}",0.0930483341217041
Wine_spoilage,1,1,8,1,KNN,Baseline,0.8587096774193549,0.8604741682823982,"{'algorithm': 'auto', 'leaf_size': 30, 'metric': 'minkowski', 'metric_params': None, 'n_jobs': None, 'n_neighbors': 5, 'p': 2, 'weights': 'uniform'}",0.11233115196228027
Wine_spoilage,1,1,5,2,LinearSVC,Scaling,0.7951612903225806,0.7838343684097269,"{'C': np.float64(0.1), 'class_weight': None, 'dual': False, 'fit_intercept': True, 'intercept_scaling': 1, 'loss': 'squared_hinge', 'max_iter': 100, 'multi_class': 'ovr', 'penalty': 'l1', 'random_state': 42, 'tol': 0.0001, 'verbose': 0}",0.007408618927001953
Wine_spoilage,1,1,8,1,KNN,Tuned_Baseline,0.8551612903225806,0.8571083752189348,"{'algorithm': 'auto', 'leaf_size': 30, 'metric': 'manhattan', 'metric_params': None, 'n_jobs': None, 'n_neighbors': np.int64(8), 'p': 2, 'weights': 'distance'}",0.01696157455444336
Wine_spoilage,1,1,5,5,RandomForest,Time_Warping,0.7709677419354839,0.7311186259014064,"{'bootstrap': True, 'ccp_alpha': 0.0, 'class_weight': None, 'criterion': 'gini', 'max_depth': 20, 'max_features': 'sqrt', 'max_leaf_nodes': None, 'max_samples': None, 'min_impurity_decrease': 0.0, 'min_samples_leaf': 1, 'min_samples_split': 2, 'min_weight_fraction_leaf': 0.0, 'monotonic_cst': None, 'n_estimators': 50, 'n_jobs': None, 'oob_score': False, 'random_state': 42, 'verbose': 0, 'warm_start': False}",0.11643815040588379
Wine_spoilage,1,1,8,1,RandomForest,Baseline,0.7738709677419355,0.7838392064315286,"{'bootstrap': True, 'ccp_alpha': 0.0, 'class_weight': None, 'criterion': 'gini', 'max_depth': None, 'max_features': 'sqrt', 'max_leaf_nodes': None, 'max_samples': None, 'min_impurity_decrease': 0.0, 'min_samples_leaf': 1, 'min_samples_split': 2, 'min_weight_fraction_leaf': 0.0, 'monotonic_cst': None, 'n_estimators': 100, 'n_jobs': None, 'oob_score': False, 'random_state': 42, 'verbose': 0, 'warm_start': False}",0.17005610466003418
Wine_spoilage,1,1,5,5,LinearSVC,Time_Warping,0.7890322580645162,0.7778679966346874,"{'C': np.float64(100.0), 'class_weight': None, 'dual': True, 'fit_intercept': True, 'intercept_scaling': 1, 'loss': 'hinge', 'max_iter': 100, 'multi_class': 'ovr', 'penalty': 'l2', 'random_state': 42, 'tol': 0.0001, 'verbose': 0}",0.012135505676269531
Wine_spoilage,1,1,5,3,RandomForest,Magnitude_Warping,0.7806451612903226,0.7473720413607335,"{'bootstrap': True, 'ccp_alpha': 0.0, 'class_weight': None, 'criterion': 'gini', 'max_depth': None, 'max_features': 'sqrt', 'max_leaf_nodes': None, 'max_samples': None, 'min_impurity_decrease': 0.0, 'min_samples_leaf': 2, 'min_samples_split': 5, 'min_weight_fraction_leaf': 0.0, 'monotonic_cst': None, 'n_estimators': 100, 'n_jobs': None, 'oob_score': False, 'random_state': 42, 'verbose': 0, 'warm_start': False}",0.21662187576293945
Wine_spoilage,1,1,5,2,LogisticRegression,Scaling,0.7996774193548387,0.7795162066363802,"{'C': np.float64(100.0), 'class_weight': None, 'dual': False, 'fit_intercept': True, 'intercept_scaling': 1, 'l1_ratio': None, 'max_iter': 100, 'multi_class': 'deprecated', 'n_jobs': None, 'penalty': 'l2', 'random_state': 42, 'solver': 'lbfgs', 'tol': 0.0001, 'verbose': 0, 'warm_start': False}",0.09376382827758789
Wine_spoilage,1,1,5,3,LinearSVC,Magnitude_Warping,0.7951612903225806,0.7811819042581412,"{'C': np.float64(1.0), 'class_weight': None, 'dual': False, 'fit_intercept': True, 'intercept_scaling': 1, 'loss': 'squared_hinge', 'max_iter': 100, 'multi_class': 'ovr', 'penalty': 'l2', 'random_state': 42, 'tol': 0.0001, 'verbose': 0}",0.006087541580200195
Wine_spoilage,1,1,5,2,RNN,Scaling,0.9032258064516129,0.8857453030840127,"{'hidden_size': 64, 'epochs': 10, 'batch_size': 32, 'lr': 0.001}",0.23449182510375977
Wine_spoilage,1,1,5,3,KNN,Scaling,0.8019354838709677,0.7847178538548678,"{'algorithm': 'auto', 'leaf_size': 30, 'metric': 'manhattan', 'metric_params': None, 'n_jobs': None, 'n_neighbors': np.int64(9), 'p': 2, 'weights': 'distance'}",0.0300445556640625
Wine_spoilage,1,1,5,5,LogisticRegression,Time_Warping,0.79,0.7713740191545742,"{'C': np.float64(100.0), 'class_weight': None, 'dual': False, 'fit_intercept': True, 'intercept_scaling': 1, 'l1_ratio': None, 'max_iter': 100, 'multi_class': 'deprecated', 'n_jobs': None, 'penalty': 'l2', 'random_state': 42, 'solver': 'lbfgs', 'tol': 0.0001, 'verbose': 0, 'warm_start': False}",0.10170364379882812
Wine_spoilage,1,1,8,1,RandomForest,Tuned_Baseline,0.7677419354838709,0.7791478182648086,"{'bootstrap': True, 'ccp_alpha': 0.0, 'class_weight': None, 'criterion': 'gini', 'max_depth': 20, 'max_features': 'sqrt', 'max_leaf_nodes': None, 'max_samples': None, 'min_impurity_decrease': 0.0, 'min_samples_leaf': 2, 'min_samples_split': 5, 'min_weight_fraction_leaf': 0.0, 'monotonic_cst': None, 'n_estimators': 100, 'n_jobs': None, 'oob_score': False, 'random_state': 42, 'verbose': 0, 'warm_start': False}",0.012848377227783203
Wine_spoilage,1,1,8,1,LinearSVC,Baseline,0.7512903225806452,0.7670325999671618,"{'C': 1.0, 'class_weight': None, 'dual': False, 'fit_intercept': True, 'intercept_scaling': 1, 'loss': 'squared_hinge', 'max_iter': 100, 'multi_class': 'ovr', 'penalty': 'l2', 'random_state': 42, 'tol': 0.0001, 'verbose': 0}",0.0030035972595214844
Wine_spoilage,1,1,5,5,RNN,Time_Warping,0.9032258064516129,0.9042825361512792,"{'hidden_size': 64, 'epochs': 10, 'batch_size': 32, 'lr': 0.001}",0.28978824615478516
Wine_spoilage,1,1,8,1,LinearSVC,Tuned_Baseline,0.7380645161290322,0.750733961800924,"{'C': np.float64(0.1), 'class_weight': None, 'dual': True, 'fit_intercept': True, 'intercept_scaling': 1, 'loss': 'squared_hinge', 'max_iter': 100, 'multi_class': 'ovr', 'penalty': 'l2', 'random_state': 42, 'tol': 0.0001, 'verbose': 0}",0.00027871131896972656
Wine_spoilage,1,1,8,1,LogisticRegression,Baseline,0.7358064516129033,0.7527212650287972,"{'C': 1.0, 'class_weight': None, 'dual': False, 'fit_intercept': True, 'intercept_scaling': 1, 'l1_ratio': None, 'max_iter': 100, 'multi_class': 'deprecated', 'n_jobs': None, 'penalty': 'l2', 'random_state': 42, 'solver': 'lbfgs', 'tol': 0.0001, 'verbose': 0, 'warm_start': False}",0.008589506149291992
Wine_spoilage,1,1,5,10,KNN,Time_Warping,0.7993548387096774,0.7836523428186539,"{'algorithm': 'auto', 'leaf_size': 30, 'metric': 'minkowski', 'metric_params': None, 'n_jobs': None, 'n_neighbors': 5, 'p': 2, 'weights': 'uniform'}",0.17930245399475098
Wine_spoilage,1,1,5,10,RandomForest,Time_Warping,0.7687096774193548,0.7268526752352638,"{'bootstrap': True, 'ccp_alpha': 0.0, 'class_weight': None, 'criterion': 'gini', 'max_depth': None, 'max_features': 'sqrt', 'max_leaf_nodes': None, 'max_samples': None, 'min_impurity_decrease': 0.0, 'min_samples_leaf': 1, 'min_samples_split': 2, 'min_weight_fraction_leaf': 0.0, 'monotonic_cst': None, 'n_estimators': 100, 'n_jobs': None, 'oob_score': False, 'random_state': 42, 'verbose': 0, 'warm_start': False}",0.3759279251098633
Wine_spoilage,1,1,5,10,LinearSVC,Time_Warping,0.7909677419354839,0.7760412223020788,"{'C': 1.0, 'class_weight': None, 'dual': False, 'fit_intercept': True, 'intercept_scaling': 1, 'loss': 'squared_hinge', 'max_iter': 100, 'multi_class': 'ovr', 'penalty': 'l2', 'random_state': 42, 'tol': 0.0001, 'verbose': 0}",0.012790441513061523
Wine_spoilage,1,1,5,3,LogisticRegression,Magnitude_Warping,0.772258064516129,0.7421566042648119,"{'C': np.float64(10.0), 'class_weight': None, 'dual': False, 'fit_intercept': True, 'intercept_scaling': 1, 'l1_ratio': None, 'max_iter': 100, 'multi_class': 'deprecated', 'n_jobs': None, 'penalty': None, 'random_state': 42, 'solver': 'lbfgs', 'tol': 0.0001, 'verbose': 0, 'warm_start': False}",0.11431360244750977
Wine_spoilage,1,1,5,3,RandomForest,Scaling,0.7751612903225806,0.7395825116899117,"{'bootstrap': True, 'ccp_alpha': 0.0, 'class_weight': None, 'criterion': 'gini', 'max_depth': 20, 'max_features': 'sqrt', 'max_leaf_nodes': None, 'max_samples': None, 'min_impurity_decrease': 0.0, 'min_samples_leaf': 2, 'min_samples_split': 2, 'min_weight_fraction_leaf': 0.0, 'monotonic_cst': None, 'n_estimators': 50, 'n_jobs': None, 'oob_score': False, 'random_state': 42, 'verbose': 0, 'warm_start': False}",0.10950613021850586
Wine_spoilage,1,1,5,10,LogisticRegression,Time_Warping,0.7874193548387097,0.7694426391982051,"{'C': 1.0, 'class_weight': None, 'dual': False, 'fit_intercept': True, 'intercept_scaling': 1, 'l1_ratio': None, 'max_iter': 100, 'multi_class': 'deprecated', 'n_jobs': None, 'penalty': 'l2', 'random_state': 42, 'solver': 'lbfgs', 'tol': 0.0001, 'verbose': 0, 'warm_start': False}",0.10988759994506836
Wine_spoilage,1,1,5,3,LinearSVC,Scaling,0.8080645161290323,0.7887371405055916,"{'C': np.float64(100.0), 'class_weight': None, 'dual': True, 'fit_intercept': True, 'intercept_scaling': 1, 'loss': 'hinge', 'max_iter': 100, 'multi_class': 'ovr', 'penalty': 'l2', 'random_state': 42, 'tol': 0.0001, 'verbose': 0}",0.008493661880493164
Wine_spoilage,1,1,5,3,RNN,Magnitude_Warping,0.8387096774193549,0.826036866359447,"{'hidden_size': 64, 'epochs': 10, 'batch_size': 32, 'lr': 0.001}",0.27887797355651855
Wine_spoilage,1,1,5,5,KNN,Magnitude_Warping,0.8167741935483871,0.7996979497172423,"{'algorithm': 'auto', 'leaf_size': 30, 'metric': 'euclidean', 'metric_params': None, 'n_jobs': None, 'n_neighbors': np.int64(5), 'p': 2, 'weights': 'uniform'}",0.15114402770996094
Wine_spoilage,1,1,5,10,RNN,Time_Warping,0.8064516129032258,0.782258064516129,"{'hidden_size': 64, 'epochs': 10, 'batch_size': 32, 'lr': 0.001}",0.7168023586273193
Wine_spoilage,1,1,6,1,KNN,Baseline,0.8641935483870967,0.8631968919596238,"{'algorithm': 'auto', 'leaf_size': 30, 'metric': 'minkowski', 'metric_params': None, 'n_jobs': None, 'n_neighbors': 5, 'p': 2, 'weights': 'uniform'}",0.13236236572265625
Wine_spoilage,1,1,5,3,LogisticRegression,Scaling,0.7796774193548387,0.7546442937877201,"{'C': np.float64(10.0), 'class_weight': None, 'dual': False, 'fit_intercept': True, 'intercept_scaling': 1, 'l1_ratio': None, 'max_iter': 100, 'multi_class': 'deprecated', 'n_jobs': None, 'penalty': None, 'random_state': 42, 'solver': 'lbfgs', 'tol': 0.0001, 'verbose': 0, 'warm_start': False}",0.09631991386413574
Wine_spoilage,1,1,5,3,RNN,Scaling,0.9354838709677419,0.9291803409909549,"{'hidden_size': 64, 'epochs': 10, 'batch_size': 32, 'lr': 0.001}",0.21822452545166016
Wine_spoilage,1,1,5,5,RandomForest,Magnitude_Warping,0.7829032258064517,0.7521263345744615,"{'bootstrap': True, 'ccp_alpha': 0.0, 'class_weight': None, 'criterion': 'gini', 'max_depth': 20, 'max_features': 'sqrt', 'max_leaf_nodes': None, 'max_samples': None, 'min_impurity_decrease': 0.0, 'min_samples_leaf': 2, 'min_samples_split': 2, 'min_weight_fraction_leaf': 0.0, 'monotonic_cst': None, 'n_estimators': 50, 'n_jobs': None, 'oob_score': False, 'random_state': 42, 'verbose': 0, 'warm_start': False}",0.14227867126464844
Wine_spoilage,1,1,5,5,LinearSVC,Magnitude_Warping,0.8067741935483871,0.7909684868879574,"{'C': np.float64(100.0), 'class_weight': None, 'dual': True, 'fit_intercept': True, 'intercept_scaling': 1, 'loss': 'hinge', 'max_iter': 100, 'multi_class': 'ovr', 'penalty': 'l2', 'random_state': 42, 'tol': 0.0001, 'verbose': 0}",0.010452032089233398
Wine_spoilage,1,1,8,1,LogisticRegression,Tuned_Baseline,0.7196774193548388,0.737566567843662,"{'C': np.float64(10.0), 'class_weight': None, 'dual': False, 'fit_intercept': True, 'intercept_scaling': 1, 'l1_ratio': None, 'max_iter': 100, 'multi_class': 'deprecated', 'n_jobs': None, 'penalty': None, 'random_state': 42, 'solver': 'lbfgs', 'tol': 0.0001, 'verbose': 0, 'warm_start': False}",0.0005691051483154297
Wine_spoilage,1,1,5,5,KNN,Scaling,0.81,0.7931950934416929,"{'algorithm': 'auto', 'leaf_size': 30, 'metric': 'euclidean', 'metric_params': None, 'n_jobs': None, 'n_neighbors': np.int64(5), 'p': 2, 'weights': 'uniform'}",0.14409756660461426
Wine_spoilage,1,1,6,1,KNN,Tuned_Baseline,0.8596774193548387,0.8589359059658724,"{'algorithm': 'auto', 'leaf_size': 30, 'metric': 'manhattan', 'metric_params': None, 'n_jobs': None, 'n_neighbors': np.int64(8), 'p': 2, 'weights': 'distance'}",0.11400914192199707
Wine_spoilage,1,1,8,1,RNN,Baseline,0.3548387096774194,0.27553763440860213,"{'hidden_size': 64, 'epochs': 10, 'batch_size': 32, 'lr': 0.001}",0.2093946933746338
Wine_spoilage,1,1,8,1,RNN,Tuned_Baseline,0.3548387096774194,0.27553763440860213,"{'hidden_size': 64, 'epochs': 10, 'batch_size': 32, 'lr': 0.001}",0.0027458667755126953
Wine_spoilage,1,1,8,2,KNN,Jittering,0.8625806451612903,0.863743041935997,"{'algorithm': 'auto', 'leaf_size': 30, 'metric': 'manhattan', 'metric_params': None, 'n_jobs': None, 'n_neighbors': np.int64(9), 'p': 2, 'weights': 'distance'}",0.030304670333862305
Wine_spoilage,1,1,6,1,RandomForest,Baseline,0.7848387096774193,0.7930307838185529,"{'bootstrap': True, 'ccp_alpha': 0.0, 'class_weight': None, 'criterion': 'gini', 'max_depth': None, 'max_features': 'sqrt', 'max_leaf_nodes': None, 'max_samples': None, 'min_impurity_decrease': 0.0, 'min_samples_leaf': 1, 'min_samples_split': 2, 'min_weight_fraction_leaf': 0.0, 'monotonic_cst': None, 'n_estimators': 100, 'n_jobs': None, 'oob_score': False, 'random_state': 42, 'verbose': 0, 'warm_start': False}",0.41037464141845703
Wine_spoilage,1,1,5,5,LogisticRegression,Magnitude_Warping,0.7932258064516129,0.7720640184233373,"{'C': np.float64(100.0), 'class_weight': None, 'dual': False, 'fit_intercept': True, 'intercept_scaling': 1, 'l1_ratio': None, 'max_iter': 100, 'multi_class': 'deprecated', 'n_jobs': None, 'penalty': 'l2', 'random_state': 42, 'solver': 'lbfgs', 'tol': 0.0001, 'verbose': 0, 'warm_start': False}",0.1113731861114502
Wine_spoilage,1,1,8,2,RandomForest,Jittering,0.7919354838709678,0.7989391499663383,"{'bootstrap': True, 'ccp_alpha': 0.0, 'class_weight': None, 'criterion': 'gini', 'max_depth': 20, 'max_features': 'sqrt', 'max_leaf_nodes': None, 'max_samples': None, 'min_impurity_decrease': 0.0, 'min_samples_leaf': 2, 'min_samples_split': 2, 'min_weight_fraction_leaf': 0.0, 'monotonic_cst': None, 'n_estimators': 50, 'n_jobs': None, 'oob_score': False, 'random_state': 42, 'verbose': 0, 'warm_start': False}",0.10857748985290527
Wine_spoilage,1,1,8,2,LinearSVC,Jittering,0.7445161290322581,0.7615467226725501,"{'C': np.float64(10.0), 'class_weight': None, 'dual': False, 'fit_intercept': True, 'intercept_scaling': 1, 'loss': 'squared_hinge', 'max_iter': 100, 'multi_class': 'ovr', 'penalty': 'l1', 'random_state': 42, 'tol': 0.0001, 'verbose': 0}",0.009260177612304688
Wine_spoilage,1,1,5,5,RNN,Magnitude_Warping,0.967741935483871,0.9671905155776124,"{'hidden_size': 64, 'epochs': 10, 'batch_size': 32, 'lr': 0.001}",0.689171314239502
Wine_spoilage,1,1,5,10,KNN,Magnitude_Warping,0.7958064516129032,0.7808698566843504,"{'algorithm': 'auto', 'leaf_size': 30, 'metric': 'minkowski', 'metric_params': None, 'n_jobs': None, 'n_neighbors': 5, 'p': 2, 'weights': 'uniform'}",0.15913796424865723
Wine_spoilage,1,1,5,10,RandomForest,Magnitude_Warping,0.7867741935483871,0.7566094445594491,"{'bootstrap': True, 'ccp_alpha': 0.0, 'class_weight': None, 'criterion': 'gini', 'max_depth': None, 'max_features': 'sqrt', 'max_leaf_nodes': None, 'max_samples': None, 'min_impurity_decrease': 0.0, 'min_samples_leaf': 1, 'min_samples_split': 2, 'min_weight_fraction_leaf': 0.0, 'monotonic_cst': None, 'n_estimators': 100, 'n_jobs': None, 'oob_score': False, 'random_state': 42, 'verbose': 0, 'warm_start': False}",0.45770955085754395
Wine_spoilage,1,1,5,10,LinearSVC,Magnitude_Warping,0.8012903225806451,0.7831371806672854,"{'C': 1.0, 'class_weight': None, 'dual': False, 'fit_intercept': True, 'intercept_scaling': 1, 'loss': 'squared_hinge', 'max_iter': 100, 'multi_class': 'ovr', 'penalty': 'l2', 'random_state': 42, 'tol': 0.0001, 'verbose': 0}",0.011992692947387695
Wine_spoilage,1,1,5,10,LogisticRegression,Magnitude_Warping,0.8012903225806451,0.7822641342670198,"{'C': 1.0, 'class_weight': None, 'dual': False, 'fit_intercept': True, 'intercept_scaling': 1, 'l1_ratio': None, 'max_iter': 100, 'multi_class': 'deprecated', 'n_jobs': None, 'penalty': 'l2', 'random_state': 42, 'solver': 'lbfgs', 'tol': 0.0001, 'verbose': 0, 'warm_start': False}",0.09127998352050781
Wine_spoilage,1,1,5,5,RandomForest,Scaling,0.78,0.7468137536801175,"{'bootstrap': True, 'ccp_alpha': 0.0, 'class_weight': None, 'criterion': 'gini', 'max_depth': 10, 'max_features': 'sqrt', 'max_leaf_nodes': None, 'max_samples': None, 'min_impurity_decrease': 0.0, 'min_samples_leaf': 1, 'min_samples_split': 2, 'min_weight_fraction_leaf': 0.0, 'monotonic_cst': None, 'n_estimators': 50, 'n_jobs': None, 'oob_score': False, 'random_state': 42, 'verbose': 0, 'warm_start': False}",0.3066871166229248
Wine_spoilage,1,1,8,2,LogisticRegression,Jittering,0.717741935483871,0.738891448094185,"{'C': np.float64(100.0), 'class_weight': None, 'dual': False, 'fit_intercept': True, 'intercept_scaling': 1, 'l1_ratio': None, 'max_iter': 100, 'multi_class': 'deprecated', 'n_jobs': None, 'penalty': 'l2', 'random_state': 42, 'solver': 'lbfgs', 'tol': 0.0001, 'verbose': 0, 'warm_start': False}",0.044309139251708984
Wine_spoilage,1,1,5,5,LinearSVC,Scaling,0.7819354838709678,0.7659016561962735,"{'C': np.float64(100.0), 'class_weight': None, 'dual': True, 'fit_intercept': True, 'intercept_scaling': 1, 'loss': 'hinge', 'max_iter': 100, 'multi_class': 'ovr', 'penalty': 'l2', 'random_state': 42, 'tol': 0.0001, 'verbose': 0}",0.03705906867980957
Wine_spoilage,1,1,8,2,RNN,Jittering,0.45161290322580644,0.4870711725550435,"{'hidden_size': 64, 'epochs': 10, 'batch_size': 32, 'lr': 0.001}",0.24441885948181152
Wine_spoilage,1,1,8,3,KNN,Jittering,0.8674193548387097,0.8678697138348276,"{'algorithm': 'auto', 'leaf_size': 30, 'metric': 'euclidean', 'metric_params': None, 'n_jobs': None, 'n_neighbors': np.int64(3), 'p': 2, 'weights': 'uniform'}",0.1481468677520752
Wine_spoilage,1,1,5,10,RNN,Magnitude_Warping,0.9354838709677419,0.9294354838709677,"{'hidden_size': 64, 'epochs': 10, 'batch_size': 32, 'lr': 0.001}",1.2229907512664795
Wine_spoilage,1,1,8,3,RandomForest,Jittering,0.7964516129032259,0.8056589784157318,"{'bootstrap': True, 'ccp_alpha': 0.0, 'class_weight': None, 'criterion': 'gini', 'max_depth': 20, 'max_features': 'sqrt', 'max_leaf_nodes': None, 'max_samples': None, 'min_impurity_decrease': 0.0, 'min_samples_leaf': 2, 'min_samples_split': 2, 'min_weight_fraction_leaf': 0.0, 'monotonic_cst': None, 'n_estimators': 50, 'n_jobs': None, 'oob_score': False, 'random_state': 42, 'verbose': 0, 'warm_start': False}",0.12743258476257324
Wine_spoilage,1,1,6,1,KNN,Baseline,0.8641935483870967,0.8631968919596238,"{'algorithm': 'auto', 'leaf_size': 30, 'metric': 'minkowski', 'metric_params': None, 'n_jobs': None, 'n_neighbors': 5, 'p': 2, 'weights': 'uniform'}",0.1332716941833496
Wine_spoilage,1,1,6,1,RandomForest,Tuned_Baseline,0.7848387096774193,0.7930307838185529,"{'bootstrap': True, 'ccp_alpha': 0.0, 'class_weight': None, 'criterion': 'gini', 'max_depth': None, 'max_features': 'sqrt', 'max_leaf_nodes': None, 'max_samples': None, 'min_impurity_decrease': 0.0, 'min_samples_leaf': 1, 'min_samples_split': 2, 'min_weight_fraction_leaf': 0.0, 'monotonic_cst': None, 'n_estimators': 100, 'n_jobs': None, 'oob_score': False, 'random_state': 42, 'verbose': 0, 'warm_start': False}",0.01302337646484375
Wine_spoilage,1,1,6,1,LinearSVC,Baseline,0.7632258064516129,0.7787083438131595,"{'C': 1.0, 'class_weight': None, 'dual': False, 'fit_intercept': True, 'intercept_scaling': 1, 'loss': 'squared_hinge', 'max_iter': 100, 'multi_class': 'ovr', 'penalty': 'l2', 'random_state': 42, 'tol': 0.0001, 'verbose': 0}",0.003327608108520508
Wine_spoilage,1,1,8,3,LinearSVC,Jittering,0.7374193548387097,0.7484643776652439,"{'C': np.float64(0.01), 'class_weight': None, 'dual': False, 'fit_intercept': True, 'intercept_scaling': 1, 'loss': 'squared_hinge', 'max_iter': 100, 'multi_class': 'ovr', 'penalty': 'l2', 'random_state': 42, 'tol': 0.0001, 'verbose': 0}",0.006015300750732422
Wine_spoilage,1,1,6,1,LinearSVC,Tuned_Baseline,0.7496774193548387,0.7610961653383874,"{'C': np.float64(0.1), 'class_weight': None, 'dual': True, 'fit_intercept': True, 'intercept_scaling': 1, 'loss': 'squared_hinge', 'max_iter': 100, 'multi_class': 'ovr', 'penalty': 'l2', 'random_state': 42, 'tol': 0.0001, 'verbose': 0}",0.0003981590270996094
Wine_spoilage,1,1,6,1,KNN,Tuned_Baseline,0.8596774193548387,0.8589359059658724,"{'algorithm': 'auto', 'leaf_size': 30, 'metric': 'manhattan', 'metric_params': None, 'n_jobs': None, 'n_neighbors': np.int64(8), 'p': 2, 'weights': 'distance'}",0.019168853759765625
Wine_spoilage,1,1,6,1,LogisticRegression,Baseline,0.7525806451612903,0.7685286876295334,"{'C': 1.0, 'class_weight': None, 'dual': False, 'fit_intercept': True, 'intercept_scaling': 1, 'l1_ratio': None, 'max_iter': 100, 'multi_class': 'deprecated', 'n_jobs': None, 'penalty': 'l2', 'random_state': 42, 'solver': 'lbfgs', 'tol': 0.0001, 'verbose': 0, 'warm_start': False}",0.05602288246154785
Wine_spoilage,1,1,5,5,LogisticRegression,Scaling,0.79,0.767929008461547,"{'C': np.float64(100.0), 'class_weight': None, 'dual': False, 'fit_intercept': True, 'intercept_scaling': 1, 'l1_ratio': None, 'max_iter': 100, 'multi_class': 'deprecated', 'n_jobs': None, 'penalty': 'l2', 'random_state': 42, 'solver': 'lbfgs', 'tol': 0.0001, 'verbose': 0, 'warm_start': False}",0.1384897232055664
Wine_spoilage,1,1,6,1,RandomForest,Baseline,0.7848387096774193,0.7930307838185529,"{'bootstrap': True, 'ccp_alpha': 0.0, 'class_weight': None, 'criterion': 'gini', 'max_depth': None, 'max_features': 'sqrt', 'max_leaf_nodes': None, 'max_samples': None, 'min_impurity_decrease': 0.0, 'min_samples_leaf': 1, 'min_samples_split': 2, 'min_weight_fraction_leaf': 0.0, 'monotonic_cst': None, 'n_estimators': 100, 'n_jobs': None, 'oob_score': False, 'random_state': 42, 'verbose': 0, 'warm_start': False}",0.1795945167541504
Wine_spoilage,1,1,5,5,RNN,Scaling,0.8709677419354839,0.8640417457305503,"{'hidden_size': 64, 'epochs': 10, 'batch_size': 32, 'lr': 0.001}",0.7193150520324707
Wine_spoilage,1,1,5,10,KNN,Scaling,0.8138709677419355,0.797748117627379,"{'algorithm': 'auto', 'leaf_size': 30, 'metric': 'minkowski', 'metric_params': None, 'n_jobs': None, 'n_neighbors': 5, 'p': 2, 'weights': 'uniform'}",0.32842183113098145
Wine_spoilage,1,1,8,3,LogisticRegression,Jittering,0.7148387096774194,0.736249270006898,"{'C': np.float64(10.0), 'class_weight': None, 'dual': False, 'fit_intercept': True, 'intercept_scaling': 1, 'l1_ratio': None, 'max_iter': 100, 'multi_class': 'deprecated', 'n_jobs': None, 'penalty': 'l2', 'random_state': 42, 'solver': 'lbfgs', 'tol': 0.0001, 'verbose': 0, 'warm_start': False}",0.026499032974243164
Wine_spoilage,1,1,8,3,RNN,Jittering,0.3870967741935484,0.3307596676045279,"{'hidden_size': 64, 'epochs': 10, 'batch_size': 32, 'lr': 0.001}",0.20829272270202637
Wine_spoilage,1,1,6,1,RandomForest,Tuned_Baseline,0.7848387096774193,0.7930307838185529,"{'bootstrap': True, 'ccp_alpha': 0.0, 'class_weight': None, 'criterion': 'gini', 'max_depth': None, 'max_features': 'sqrt', 'max_leaf_nodes': None, 'max_samples': None, 'min_impurity_decrease': 0.0, 'min_samples_leaf': 1, 'min_samples_split': 2, 'min_weight_fraction_leaf': 0.0, 'monotonic_cst': None, 'n_estimators': 100, 'n_jobs': None, 'oob_score': False, 'random_state': 42, 'verbose': 0, 'warm_start': False}",0.011756181716918945
Wine_spoilage,1,1,6,1,LinearSVC,Baseline,0.7632258064516129,0.7787083438131595,"{'C': 1.0, 'class_weight': None, 'dual': False, 'fit_intercept': True, 'intercept_scaling': 1, 'loss': 'squared_hinge', 'max_iter': 100, 'multi_class': 'ovr', 'penalty': 'l2', 'random_state': 42, 'tol': 0.0001, 'verbose': 0}",0.0028514862060546875
Wine_spoilage,1,1,8,5,KNN,Jittering,0.8661290322580645,0.8665524461907264,"{'algorithm': 'auto', 'leaf_size': 30, 'metric': 'manhattan', 'metric_params': None, 'n_jobs': None, 'n_neighbors': np.int64(9), 'p': 2, 'weights': 'distance'}",0.04412722587585449
Wine_spoilage,1,1,6,1,LinearSVC,Tuned_Baseline,0.7496774193548387,0.7610961653383874,"{'C': np.float64(0.1), 'class_weight': None, 'dual': True, 'fit_intercept': True, 'intercept_scaling': 1, 'loss': 'squared_hinge', 'max_iter': 100, 'multi_class': 'ovr', 'penalty': 'l2', 'random_state': 42, 'tol': 0.0001, 'verbose': 0}",0.00035071372985839844
Wine_spoilage,1,1,6,1,LogisticRegression,Baseline,0.7525806451612903,0.7685286876295334,"{'C': 1.0, 'class_weight': None, 'dual': False, 'fit_intercept': True, 'intercept_scaling': 1, 'l1_ratio': None, 'max_iter': 100, 'multi_class': 'deprecated', 'n_jobs': None, 'penalty': 'l2', 'random_state': 42, 'solver': 'lbfgs', 'tol': 0.0001, 'verbose': 0, 'warm_start': False}",0.08557987213134766
Wine_spoilage,1,1,5,10,RandomForest,Scaling,0.785483870967742,0.7550607939256161,"{'bootstrap': True, 'ccp_alpha': 0.0, 'class_weight': None, 'criterion': 'gini', 'max_depth': None, 'max_features': 'sqrt', 'max_leaf_nodes': None, 'max_samples': None, 'min_impurity_decrease': 0.0, 'min_samples_leaf': 1, 'min_samples_split': 2, 'min_weight_fraction_leaf': 0.0, 'monotonic_cst': None, 'n_estimators': 100, 'n_jobs': None, 'oob_score': False, 'random_state': 42, 'verbose': 0, 'warm_start': False}",0.8266632556915283
Wine_spoilage,1,1,5,10,LinearSVC,Scaling,0.8041935483870968,0.788662837634694,"{'C': 1.0, 'class_weight': None, 'dual': False, 'fit_intercept': True, 'intercept_scaling': 1, 'loss': 'squared_hinge', 'max_iter': 100, 'multi_class': 'ovr', 'penalty': 'l2', 'random_state': 42, 'tol': 0.0001, 'verbose': 0}",0.024864673614501953
Wine_spoilage,1,1,5,10,LogisticRegression,Scaling,0.8006451612903226,0.7845299201370542,"{'C': 1.0, 'class_weight': None, 'dual': False, 'fit_intercept': True, 'intercept_scaling': 1, 'l1_ratio': None, 'max_iter': 100, 'multi_class': 'deprecated', 'n_jobs': None, 'penalty': 'l2', 'random_state': 42, 'solver': 'lbfgs', 'tol': 0.0001, 'verbose': 0, 'warm_start': False}",0.23912453651428223
Wine_spoilage,1,1,8,5,RandomForest,Jittering,0.8241935483870968,0.8282488193388297,"{'bootstrap': True, 'ccp_alpha': 0.0, 'class_weight': None, 'criterion': 'gini', 'max_depth': 20, 'max_features': 'sqrt', 'max_leaf_nodes': None, 'max_samples': None, 'min_impurity_decrease': 0.0, 'min_samples_leaf': 1, 'min_samples_split': 2, 'min_weight_fraction_leaf': 0.0, 'monotonic_cst': None, 'n_estimators': 50, 'n_jobs': None, 'oob_score': False, 'random_state': 42, 'verbose': 0, 'warm_start': False}",0.16943621635437012
Wine_spoilage,1,1,8,5,LinearSVC,Jittering,0.7487096774193548,0.7642391610847218,"{'C': np.float64(0.1), 'class_weight': None, 'dual': True, 'fit_intercept': True, 'intercept_scaling': 1, 'loss': 'squared_hinge', 'max_iter': 100, 'multi_class': 'ovr', 'penalty': 'l2', 'random_state': 42, 'tol': 0.0001, 'verbose': 0}",0.01633286476135254
Wine_spoilage,1,1,6,1,LogisticRegression,Tuned_Baseline,0.675483870967742,0.695331788028872,"{'C': np.float64(100.0), 'class_weight': None, 'dual': False, 'fit_intercept': True, 'intercept_scaling': 1, 'l1_ratio': None, 'max_iter': 100, 'multi_class': 'deprecated', 'n_jobs': None, 'penalty': None, 'random_state': 42, 'solver': 'lbfgs', 'tol': 0.0001, 'verbose': 0, 'warm_start': False}",0.0005645751953125
Wine_spoilage,1,1,5,10,RNN,Scaling,0.8387096774193549,0.826036866359447,"{'hidden_size': 64, 'epochs': 10, 'batch_size': 32, 'lr': 0.001}",1.4590671062469482
Wine_spoilage,1,1,6,1,RNN,Baseline,0.8064516129032258,0.7459677419354839,"{'hidden_size': 64, 'epochs': 10, 'batch_size': 32, 'lr': 0.001}",0.5142385959625244
Wine_spoilage,1,1,6,1,RNN,Tuned_Baseline,0.8064516129032258,0.7459677419354839,"{'hidden_size': 64, 'epochs': 10, 'batch_size': 32, 'lr': 0.001}",0.01745152473449707
Wine_spoilage,1,1,6,1,KNN,Baseline,0.8641935483870967,0.8631968919596238,"{'algorithm': 'auto', 'leaf_size': 30, 'metric': 'minkowski', 'metric_params': None, 'n_jobs': None, 'n_neighbors': 5, 'p': 2, 'weights': 'uniform'}",0.1434650421142578
Wine_spoilage,1,1,6,2,KNN,Time_Warping,0.8419354838709677,0.8440750175055715,"{'algorithm': 'auto', 'leaf_size': 30, 'metric': 'manhattan', 'metric_params': None, 'n_jobs': None, 'n_neighbors': np.int64(9), 'p': 2, 'weights': 'distance'}",0.06538081169128418
Wine_spoilage,1,1,6,1,KNN,Tuned_Baseline,0.8596774193548387,0.8589359059658724,"{'algorithm': 'auto', 'leaf_size': 30, 'metric': 'manhattan', 'metric_params': None, 'n_jobs': None, 'n_neighbors': np.int64(8), 'p': 2, 'weights': 'distance'}",0.018931865692138672
Wine_spoilage,1,1,8,5,LogisticRegression,Jittering,0.7109677419354838,0.7323543879728706,"{'C': np.float64(100.0), 'class_weight': None, 'dual': False, 'fit_intercept': True, 'intercept_scaling': 1, 'l1_ratio': None, 'max_iter': 100, 'multi_class': 'deprecated', 'n_jobs': None, 'penalty': None, 'random_state': 42, 'solver': 'lbfgs', 'tol': 0.0001, 'verbose': 0, 'warm_start': False}",0.0320284366607666
Wine_spoilage,1,1,6,1,RandomForest,Baseline,0.7848387096774193,0.7930307838185529,"{'bootstrap': True, 'ccp_alpha': 0.0, 'class_weight': None, 'criterion': 'gini', 'max_depth': None, 'max_features': 'sqrt', 'max_leaf_nodes': None, 'max_samples': None, 'min_impurity_decrease': 0.0, 'min_samples_leaf': 1, 'min_samples_split': 2, 'min_weight_fraction_leaf': 0.0, 'monotonic_cst': None, 'n_estimators': 100, 'n_jobs': None, 'oob_score': False, 'random_state': 42, 'verbose': 0, 'warm_start': False}",0.190110445022583
Wine_spoilage,1,1,8,5,RNN,Jittering,0.3225806451612903,0.2541544477028348,"{'hidden_size': 64, 'epochs': 10, 'batch_size': 32, 'lr': 0.001}",0.2628488540649414
Wine_spoilage,1,1,6,1,LogisticRegression,Tuned_Baseline,0.675483870967742,0.695331788028872,"{'C': np.float64(100.0), 'class_weight': None, 'dual': False, 'fit_intercept': True, 'intercept_scaling': 1, 'l1_ratio': None, 'max_iter': 100, 'multi_class': 'deprecated', 'n_jobs': None, 'penalty': None, 'random_state': 42, 'solver': 'lbfgs', 'tol': 0.0001, 'verbose': 0, 'warm_start': False}",0.0005555152893066406
Wine_spoilage,1,1,8,10,KNN,Jittering,0.8648387096774194,0.865270540440252,"{'algorithm': 'auto', 'leaf_size': 30, 'metric': 'minkowski', 'metric_params': None, 'n_jobs': None, 'n_neighbors': 5, 'p': 2, 'weights': 'uniform'}",0.16398119926452637
Wine_spoilage,1,1,6,1,RNN,Baseline,0.6774193548387096,0.6715260545905708,"{'hidden_size': 64, 'epochs': 10, 'batch_size': 32, 'lr': 0.001}",0.3700423240661621
Wine_spoilage,1,1,6,1,RNN,Tuned_Baseline,0.6774193548387096,0.6715260545905708,"{'hidden_size': 64, 'epochs': 10, 'batch_size': 32, 'lr': 0.001}",0.013380289077758789
Wine_spoilage,1,1,6,2,KNN,Magnitude_Warping,0.8706451612903225,0.8685238613320921,"{'algorithm': 'auto', 'leaf_size': 30, 'metric': 'manhattan', 'metric_params': None, 'n_jobs': None, 'n_neighbors': np.int64(9), 'p': 2, 'weights': 'distance'}",0.03156900405883789
Wine_spoilage,1,1,8,10,RandomForest,Jittering,0.8154838709677419,0.8214501021988825,"{'bootstrap': True, 'ccp_alpha': 0.0, 'class_weight': None, 'criterion': 'gini', 'max_depth': None, 'max_features': 'sqrt', 'max_leaf_nodes': None, 'max_samples': None, 'min_impurity_decrease': 0.0, 'min_samples_leaf': 1, 'min_samples_split': 2, 'min_weight_fraction_leaf': 0.0, 'monotonic_cst': None, 'n_estimators': 100, 'n_jobs': None, 'oob_score': False, 'random_state': 42, 'verbose': 0, 'warm_start': False}",0.6021392345428467
Wine_spoilage,1,1,8,10,LinearSVC,Jittering,0.7561290322580645,0.7736860976659495,"{'C': 1.0, 'class_weight': None, 'dual': False, 'fit_intercept': True, 'intercept_scaling': 1, 'loss': 'squared_hinge', 'max_iter': 100, 'multi_class': 'ovr', 'penalty': 'l2', 'random_state': 42, 'tol': 0.0001, 'verbose': 0}",0.015701770782470703
Wine_spoilage,1,1,8,10,LogisticRegression,Jittering,0.7361290322580645,0.7558967538428945,"{'C': 1.0, 'class_weight': None, 'dual': False, 'fit_intercept': True, 'intercept_scaling': 1, 'l1_ratio': None, 'max_iter': 100, 'multi_class': 'deprecated', 'n_jobs': None, 'penalty': 'l2', 'random_state': 42, 'solver': 'lbfgs', 'tol': 0.0001, 'verbose': 0, 'warm_start': False}",0.04384160041809082
Wine_spoilage,1,1,6,2,RandomForest,Time_Warping,0.765483870967742,0.7770848284049304,"{'bootstrap': True, 'ccp_alpha': 0.0, 'class_weight': None, 'criterion': 'gini', 'max_depth': 20, 'max_features': 'sqrt', 'max_leaf_nodes': None, 'max_samples': None, 'min_impurity_decrease': 0.0, 'min_samples_leaf': 2, 'min_samples_split': 2, 'min_weight_fraction_leaf': 0.0, 'monotonic_cst': None, 'n_estimators': 50, 'n_jobs': None, 'oob_score': False, 'random_state': 42, 'verbose': 0, 'warm_start': False}",0.11397910118103027
Wine_spoilage,1,1,8,10,RNN,Jittering,0.7419354838709677,0.6581483033095936,"{'hidden_size': 64, 'epochs': 10, 'batch_size': 32, 'lr': 0.001}",0.25513195991516113
Wine_spoilage,1,1,6,2,LinearSVC,Time_Warping,0.7012903225806452,0.7235243638352259,"{'C': np.float64(10.0), 'class_weight': None, 'dual': False, 'fit_intercept': True, 'intercept_scaling': 1, 'loss': 'squared_hinge', 'max_iter': 100, 'multi_class': 'ovr', 'penalty': 'l1', 'random_state': 42, 'tol': 0.0001, 'verbose': 0}",0.016864776611328125
Wine_spoilage,1,1,9,1,KNN,Baseline,0.5832258064516129,0.617501698708812,"{'algorithm': 'auto', 'leaf_size': 30, 'metric': 'minkowski', 'metric_params': None, 'n_jobs': None, 'n_neighbors': 5, 'p': 2, 'weights': 'uniform'}",0.13501977920532227
Wine_spoilage,1,1,6,2,RandomForest,Magnitude_Warping,0.7983870967741935,0.8036583787795224,"{'bootstrap': True, 'ccp_alpha': 0.0, 'class_weight': None, 'criterion': 'gini', 'max_depth': 20, 'max_features': 'sqrt', 'max_leaf_nodes': None, 'max_samples': None, 'min_impurity_decrease': 0.0, 'min_samples_leaf': 2, 'min_samples_split': 2, 'min_weight_fraction_leaf': 0.0, 'monotonic_cst': None, 'n_estimators': 50, 'n_jobs': None, 'oob_score': False, 'random_state': 42, 'verbose': 0, 'warm_start': False}",0.11009716987609863
Wine_spoilage,1,1,6,2,LinearSVC,Magnitude_Warping,0.7625806451612903,0.7760846532448933,"{'C': np.float64(100.0), 'class_weight': None, 'dual': False, 'fit_intercept': True, 'intercept_scaling': 1, 'loss': 'squared_hinge', 'max_iter': 100, 'multi_class': 'ovr', 'penalty': 'l1', 'random_state': 42, 'tol': 0.0001, 'verbose': 0}",0.008056879043579102
Wine_spoilage,1,1,9,1,KNN,Tuned_Baseline,0.58,0.6160563923461141,"{'algorithm': 'auto', 'leaf_size': 30, 'metric': 'euclidean', 'metric_params': None, 'n_jobs': None, 'n_neighbors': np.int64(3), 'p': 2, 'weights': 'uniform'}",0.13528823852539062
Wine_spoilage,1,1,9,1,RandomForest,Baseline,0.5567741935483871,0.5780087828072463,"{'bootstrap': True, 'ccp_alpha': 0.0, 'class_weight': None, 'criterion': 'gini', 'max_depth': None, 'max_features': 'sqrt', 'max_leaf_nodes': None, 'max_samples': None, 'min_impurity_decrease': 0.0, 'min_samples_leaf': 1, 'min_samples_split': 2, 'min_weight_fraction_leaf': 0.0, 'monotonic_cst': None, 'n_estimators': 100, 'n_jobs': None, 'oob_score': False, 'random_state': 42, 'verbose': 0, 'warm_start': False}",0.1784963607788086
Wine_spoilage,1,1,6,1,RandomForest,Tuned_Baseline,0.7848387096774193,0.7930307838185529,"{'bootstrap': True, 'ccp_alpha': 0.0, 'class_weight': None, 'criterion': 'gini', 'max_depth': None, 'max_features': 'sqrt', 'max_leaf_nodes': None, 'max_samples': None, 'min_impurity_decrease': 0.0, 'min_samples_leaf': 1, 'min_samples_split': 2, 'min_weight_fraction_leaf': 0.0, 'monotonic_cst': None, 'n_estimators': 100, 'n_jobs': None, 'oob_score': False, 'random_state': 42, 'verbose': 0, 'warm_start': False}",0.012898683547973633
Wine_spoilage,1,1,6,1,LinearSVC,Baseline,0.7632258064516129,0.7787083438131595,"{'C': 1.0, 'class_weight': None, 'dual': False, 'fit_intercept': True, 'intercept_scaling': 1, 'loss': 'squared_hinge', 'max_iter': 100, 'multi_class': 'ovr', 'penalty': 'l2', 'random_state': 42, 'tol': 0.0001, 'verbose': 0}",0.00618433952331543
Wine_spoilage,1,1,6,1,LinearSVC,Tuned_Baseline,0.7496774193548387,0.7610961653383874,"{'C': np.float64(0.1), 'class_weight': None, 'dual': True, 'fit_intercept': True, 'intercept_scaling': 1, 'loss': 'squared_hinge', 'max_iter': 100, 'multi_class': 'ovr', 'penalty': 'l2', 'random_state': 42, 'tol': 0.0001, 'verbose': 0}",0.0003941059112548828
Wine_spoilage,1,1,6,1,LogisticRegression,Baseline,0.7525806451612903,0.7685286876295334,"{'C': 1.0, 'class_weight': None, 'dual': False, 'fit_intercept': True, 'intercept_scaling': 1, 'l1_ratio': None, 'max_iter': 100, 'multi_class': 'deprecated', 'n_jobs': None, 'penalty': 'l2', 'random_state': 42, 'solver': 'lbfgs', 'tol': 0.0001, 'verbose': 0, 'warm_start': False}",0.2318413257598877
Wine_spoilage,1,1,6,2,LogisticRegression,Time_Warping,0.645483870967742,0.6659410993098464,"{'C': np.float64(10.0), 'class_weight': None, 'dual': False, 'fit_intercept': True, 'intercept_scaling': 1, 'l1_ratio': None, 'max_iter': 100, 'multi_class': 'deprecated', 'n_jobs': None, 'penalty': None, 'random_state': 42, 'solver': 'lbfgs', 'tol': 0.0001, 'verbose': 0, 'warm_start': False}",0.2994999885559082
Wine_spoilage,1,1,9,1,RandomForest,Tuned_Baseline,0.5570967741935484,0.5793043668696283,"{'bootstrap': True, 'ccp_alpha': 0.0, 'class_weight': None, 'criterion': 'gini', 'max_depth': None, 'max_features': 'sqrt', 'max_leaf_nodes': None, 'max_samples': None, 'min_impurity_decrease': 0.0, 'min_samples_leaf': 1, 'min_samples_split': 5, 'min_weight_fraction_leaf': 0.0, 'monotonic_cst': None, 'n_estimators': 100, 'n_jobs': None, 'oob_score': False, 'random_state': 42, 'verbose': 0, 'warm_start': False}",0.01116490364074707
Wine_spoilage,1,1,9,1,LinearSVC,Baseline,0.6119354838709677,0.6300001202672361,"{'C': 1.0, 'class_weight': None, 'dual': False, 'fit_intercept': True, 'intercept_scaling': 1, 'loss': 'squared_hinge', 'max_iter': 100, 'multi_class': 'ovr', 'penalty': 'l2', 'random_state': 42, 'tol': 0.0001, 'verbose': 0}",0.003250598907470703
Wine_spoilage,1,1,9,1,LinearSVC,Tuned_Baseline,0.6335483870967742,0.6491335289405707,"{'C': np.float64(100.0), 'class_weight': None, 'dual': False, 'fit_intercept': True, 'intercept_scaling': 1, 'loss': 'squared_hinge', 'max_iter': 100, 'multi_class': 'ovr', 'penalty': 'l1', 'random_state': 42, 'tol': 0.0001, 'verbose': 0}",0.00034165382385253906
Wine_spoilage,1,1,9,1,LogisticRegression,Baseline,0.5770967741935484,0.6099931593868493,"{'C': 1.0, 'class_weight': None, 'dual': False, 'fit_intercept': True, 'intercept_scaling': 1, 'l1_ratio': None, 'max_iter': 100, 'multi_class': 'deprecated', 'n_jobs': None, 'penalty': 'l2', 'random_state': 42, 'solver': 'lbfgs', 'tol': 0.0001, 'verbose': 0, 'warm_start': False}",0.012882232666015625
Wine_spoilage,1,1,6,2,LogisticRegression,Magnitude_Warping,0.7238709677419355,0.7446292276276917,"{'C': np.float64(100.0), 'class_weight': None, 'dual': False, 'fit_intercept': True, 'intercept_scaling': 1, 'l1_ratio': None, 'max_iter': 100, 'multi_class': 'deprecated', 'n_jobs': None, 'penalty': 'l2', 'random_state': 42, 'solver': 'lbfgs', 'tol': 0.0001, 'verbose': 0, 'warm_start': False}",0.3470652103424072
Wine_spoilage,1,1,6,2,RNN,Time_Warping,0.45161290322580644,0.40098566308243727,"{'hidden_size': 64, 'epochs': 10, 'batch_size': 32, 'lr': 0.001}",0.7599549293518066
Wine_spoilage,1,1,6,3,KNN,Time_Warping,0.8654838709677419,0.8642969222725158,"{'algorithm': 'auto', 'leaf_size': 30, 'metric': 'euclidean', 'metric_params': None, 'n_jobs': None, 'n_neighbors': np.int64(5), 'p': 2, 'weights': 'uniform'}",0.15922784805297852
Wine_spoilage,1,1,6,1,LogisticRegression,Tuned_Baseline,0.675483870967742,0.695331788028872,"{'C': np.float64(100.0), 'class_weight': None, 'dual': False, 'fit_intercept': True, 'intercept_scaling': 1, 'l1_ratio': None, 'max_iter': 100, 'multi_class': 'deprecated', 'n_jobs': None, 'penalty': None, 'random_state': 42, 'solver': 'lbfgs', 'tol': 0.0001, 'verbose': 0, 'warm_start': False}",0.0005638599395751953
Wine_spoilage,1,1,6,2,RNN,Magnitude_Warping,0.7741935483870968,0.7137096774193549,"{'hidden_size': 64, 'epochs': 10, 'batch_size': 32, 'lr': 0.001}",1.962726354598999
Wine_spoilage,1,1,6,1,RNN,Baseline,0.3225806451612903,0.1816731655441333,"{'hidden_size': 64, 'epochs': 10, 'batch_size': 32, 'lr': 0.001}",0.353208065032959
Wine_spoilage,1,1,6,1,RNN,Tuned_Baseline,0.3225806451612903,0.1816731655441333,"{'hidden_size': 64, 'epochs': 10, 'batch_size': 32, 'lr': 0.001}",0.013235092163085938
Wine_spoilage,1,1,6,2,KNN,Scaling,0.8719354838709678,0.8698151760529333,"{'algorithm': 'auto', 'leaf_size': 30, 'metric': 'manhattan', 'metric_params': None, 'n_jobs': None, 'n_neighbors': np.int64(9), 'p': 2, 'weights': 'distance'}",0.026675939559936523
Wine_spoilage,1,1,6,3,KNN,Magnitude_Warping,0.8583870967741936,0.8585484628560376,"{'algorithm': 'auto', 'leaf_size': 30, 'metric': 'manhattan', 'metric_params': None, 'n_jobs': None, 'n_neighbors': np.int64(9), 'p': 2, 'weights': 'distance'}",0.047554969787597656
Wine_spoilage,1,1,9,1,LogisticRegression,Tuned_Baseline,0.5390322580645162,0.581772854166374,"{'C': np.float64(10.0), 'class_weight': None, 'dual': False, 'fit_intercept': True, 'intercept_scaling': 1, 'l1_ratio': None, 'max_iter': 100, 'multi_class': 'deprecated', 'n_jobs': None, 'penalty': None, 'random_state': 42, 'solver': 'lbfgs', 'tol': 0.0001, 'verbose': 0, 'warm_start': False}",0.0005385875701904297
Wine_spoilage,1,1,9,1,RNN,Baseline,0.3548387096774194,0.3454301075268817,"{'hidden_size': 64, 'epochs': 10, 'batch_size': 32, 'lr': 0.001}",0.18538570404052734
Wine_spoilage,1,1,9,1,RNN,Tuned_Baseline,0.3548387096774194,0.3454301075268817,"{'hidden_size': 64, 'epochs': 10, 'batch_size': 32, 'lr': 0.001}",0.0026853084564208984
Wine_spoilage,1,1,6,3,RandomForest,Time_Warping,0.7661290322580645,0.7771157710783433,"{'bootstrap': True, 'ccp_alpha': 0.0, 'class_weight': None, 'criterion': 'gini', 'max_depth': 20, 'max_features': 'sqrt', 'max_leaf_nodes': None, 'max_samples': None, 'min_impurity_decrease': 0.0, 'min_samples_leaf': 2, 'min_samples_split': 2, 'min_weight_fraction_leaf': 0.0, 'monotonic_cst': None, 'n_estimators': 50, 'n_jobs': None, 'oob_score': False, 'random_state': 42, 'verbose': 0, 'warm_start': False}",0.18917036056518555
Wine_spoilage,1,1,6,3,LinearSVC,Time_Warping,0.675483870967742,0.6961698221936077,"{'C': np.float64(1.0), 'class_weight': None, 'dual': False, 'fit_intercept': True, 'intercept_scaling': 1, 'loss': 'squared_hinge', 'max_iter': 100, 'multi_class': 'ovr', 'penalty': 'l2', 'random_state': 42, 'tol': 0.0001, 'verbose': 0}",0.01108860969543457
Wine_spoilage,1,1,9,2,KNN,Jittering,0.6135483870967742,0.6451147601352866,"{'algorithm': 'auto', 'leaf_size': 30, 'metric': 'euclidean', 'metric_params': None, 'n_jobs': None, 'n_neighbors': np.int64(3), 'p': 2, 'weights': 'uniform'}",0.13907217979431152
Wine_spoilage,1,1,6,2,RandomForest,Scaling,0.7861290322580645,0.7952906084771377,"{'bootstrap': True, 'ccp_alpha': 0.0, 'class_weight': None, 'criterion': 'gini', 'max_depth': 20, 'max_features': 'sqrt', 'max_leaf_nodes': None, 'max_samples': None, 'min_impurity_decrease': 0.0, 'min_samples_leaf': 2, 'min_samples_split': 2, 'min_weight_fraction_leaf': 0.0, 'monotonic_cst': None, 'n_estimators': 50, 'n_jobs': None, 'oob_score': False, 'random_state': 42, 'verbose': 0, 'warm_start': False}",0.10703849792480469
Wine_spoilage,1,1,6,2,LinearSVC,Scaling,0.7512903225806452,0.7581438754286101,"{'C': np.float64(0.01), 'class_weight': None, 'dual': False, 'fit_intercept': True, 'intercept_scaling': 1, 'loss': 'squared_hinge', 'max_iter': 100, 'multi_class': 'ovr', 'penalty': 'l2', 'random_state': 42, 'tol': 0.0001, 'verbose': 0}",0.004408836364746094
Wine_spoilage,1,1,9,2,RandomForest,Jittering,0.6058064516129033,0.6338490692531243,"{'bootstrap': True, 'ccp_alpha': 0.0, 'class_weight': None, 'criterion': 'gini', 'max_depth': 20, 'max_features': 'sqrt', 'max_leaf_nodes': None, 'max_samples': None, 'min_impurity_decrease': 0.0, 'min_samples_leaf': 2, 'min_samples_split': 2, 'min_weight_fraction_leaf': 0.0, 'monotonic_cst': None, 'n_estimators': 50, 'n_jobs': None, 'oob_score': False, 'random_state': 42, 'verbose': 0, 'warm_start': False}",0.112457275390625
Wine_spoilage,1,1,9,2,LinearSVC,Jittering,0.6119354838709677,0.6310207901142414,"{'C': np.float64(1.0), 'class_weight': None, 'dual': False, 'fit_intercept': True, 'intercept_scaling': 1, 'loss': 'squared_hinge', 'max_iter': 100, 'multi_class': 'ovr', 'penalty': 'l2', 'random_state': 42, 'tol': 0.0001, 'verbose': 0}",0.0050122737884521484
Wine_spoilage,1,1,6,3,RandomForest,Magnitude_Warping,0.8048387096774193,0.8102505291856296,"{'bootstrap': True, 'ccp_alpha': 0.0, 'class_weight': None, 'criterion': 'gini', 'max_depth': 20, 'max_features': 'sqrt', 'max_leaf_nodes': None, 'max_samples': None, 'min_impurity_decrease': 0.0, 'min_samples_leaf': 2, 'min_samples_split': 2, 'min_weight_fraction_leaf': 0.0, 'monotonic_cst': None, 'n_estimators': 50, 'n_jobs': None, 'oob_score': False, 'random_state': 42, 'verbose': 0, 'warm_start': False}",0.28298354148864746
Wine_spoilage,1,1,6,3,LinearSVC,Magnitude_Warping,0.7474193548387097,0.7563408958985159,"{'C': np.float64(0.01), 'class_weight': None, 'dual': False, 'fit_intercept': True, 'intercept_scaling': 1, 'loss': 'squared_hinge', 'max_iter': 100, 'multi_class': 'ovr', 'penalty': 'l2', 'random_state': 42, 'tol': 0.0001, 'verbose': 0}",0.011680126190185547
Wine_spoilage,1,1,6,3,LogisticRegression,Time_Warping,0.6296774193548387,0.6493056766533599,"{'C': np.float64(10.0), 'class_weight': None, 'dual': False, 'fit_intercept': True, 'intercept_scaling': 1, 'l1_ratio': None, 'max_iter': 100, 'multi_class': 'deprecated', 'n_jobs': None, 'penalty': None, 'random_state': 42, 'solver': 'lbfgs', 'tol': 0.0001, 'verbose': 0, 'warm_start': False}",0.28864002227783203
Wine_spoilage,1,1,9,2,LogisticRegression,Jittering,0.51,0.5607493262305413,"{'C': np.float64(100.0), 'class_weight': None, 'dual': False, 'fit_intercept': True, 'intercept_scaling': 1, 'l1_ratio': None, 'max_iter': 100, 'multi_class': 'deprecated', 'n_jobs': None, 'penalty': None, 'random_state': 42, 'solver': 'lbfgs', 'tol': 0.0001, 'verbose': 0, 'warm_start': False}",0.031705617904663086
Wine_spoilage,1,1,6,2,LogisticRegression,Scaling,0.6964516129032258,0.7176230247314761,"{'C': np.float64(100.0), 'class_weight': None, 'dual': False, 'fit_intercept': True, 'intercept_scaling': 1, 'l1_ratio': None, 'max_iter': 100, 'multi_class': 'deprecated', 'n_jobs': None, 'penalty': None, 'random_state': 42, 'solver': 'lbfgs', 'tol': 0.0001, 'verbose': 0, 'warm_start': False}",0.3673841953277588
Wine_spoilage,1,1,9,2,RNN,Jittering,0.3548387096774194,0.2903225806451613,"{'hidden_size': 64, 'epochs': 10, 'batch_size': 32, 'lr': 0.001}",0.21240663528442383
Wine_spoilage,1,1,9,3,KNN,Jittering,0.5890322580645161,0.6241440599522274,"{'algorithm': 'auto', 'leaf_size': 30, 'metric': 'euclidean', 'metric_params': None, 'n_jobs': None, 'n_neighbors': np.int64(5), 'p': 2, 'weights': 'uniform'}",0.15014863014221191
Wine_spoilage,1,1,6,3,RNN,Time_Warping,0.3225806451612903,0.2620967741935484,"{'hidden_size': 64, 'epochs': 10, 'batch_size': 32, 'lr': 0.001}",0.8320491313934326
Wine_spoilage,1,1,6,5,KNN,Time_Warping,0.8451612903225807,0.8466705407396978,"{'algorithm': 'auto', 'leaf_size': 30, 'metric': 'manhattan', 'metric_params': None, 'n_jobs': None, 'n_neighbors': np.int64(9), 'p': 2, 'weights': 'distance'}",0.0635066032409668
Wine_spoilage,1,1,6,2,RNN,Scaling,0.3870967741935484,0.3821166870420232,"{'hidden_size': 64, 'epochs': 10, 'batch_size': 32, 'lr': 0.001}",0.7722799777984619
Wine_spoilage,1,1,6,3,KNN,Scaling,0.8596774193548387,0.8605244935850836,"{'algorithm': 'auto', 'leaf_size': 30, 'metric': 'manhattan', 'metric_params': None, 'n_jobs': None, 'n_neighbors': np.int64(9), 'p': 2, 'weights': 'distance'}",0.04428505897521973
Wine_spoilage,1,1,9,3,RandomForest,Jittering,0.6083870967741936,0.6349827248996139,"{'bootstrap': True, 'ccp_alpha': 0.0, 'class_weight': None, 'criterion': 'gini', 'max_depth': 20, 'max_features': 'sqrt', 'max_leaf_nodes': None, 'max_samples': None, 'min_impurity_decrease': 0.0, 'min_samples_leaf': 2, 'min_samples_split': 2, 'min_weight_fraction_leaf': 0.0, 'monotonic_cst': None, 'n_estimators': 50, 'n_jobs': None, 'oob_score': False, 'random_state': 42, 'verbose': 0, 'warm_start': False}",0.1318519115447998
Wine_spoilage,1,1,9,3,LinearSVC,Jittering,0.6341935483870967,0.6498819336640095,"{'C': np.float64(100.0), 'class_weight': None, 'dual': False, 'fit_intercept': True, 'intercept_scaling': 1, 'loss': 'squared_hinge', 'max_iter': 100, 'multi_class': 'ovr', 'penalty': 'l1', 'random_state': 42, 'tol': 0.0001, 'verbose': 0}",0.013919830322265625
Wine_spoilage,1,1,6,3,LogisticRegression,Magnitude_Warping,0.69,0.7116032898394612,"{'C': np.float64(100.0), 'class_weight': None, 'dual': False, 'fit_intercept': True, 'intercept_scaling': 1, 'l1_ratio': None, 'max_iter': 100, 'multi_class': 'deprecated', 'n_jobs': None, 'penalty': 'l2', 'random_state': 42, 'solver': 'lbfgs', 'tol': 0.0001, 'verbose': 0, 'warm_start': False}",0.47429394721984863
Wine_spoilage,1,1,6,5,RandomForest,Time_Warping,0.7535483870967742,0.7658181754449878,"{'bootstrap': True, 'ccp_alpha': 0.0, 'class_weight': None, 'criterion': 'gini', 'max_depth': 20, 'max_features': 'sqrt', 'max_leaf_nodes': None, 'max_samples': None, 'min_impurity_decrease': 0.0, 'min_samples_leaf': 2, 'min_samples_split': 2, 'min_weight_fraction_leaf': 0.0, 'monotonic_cst': None, 'n_estimators': 50, 'n_jobs': None, 'oob_score': False, 'random_state': 42, 'verbose': 0, 'warm_start': False}",0.15050911903381348
Wine_spoilage,1,1,6,5,LinearSVC,Time_Warping,0.734516129032258,0.7516107544329451,"{'C': np.float64(0.1), 'class_weight': None, 'dual': True, 'fit_intercept': True, 'intercept_scaling': 1, 'loss': 'squared_hinge', 'max_iter': 100, 'multi_class': 'ovr', 'penalty': 'l2', 'random_state': 42, 'tol': 0.0001, 'verbose': 0}",0.01983356475830078
Wine_spoilage,1,1,6,3,RNN,Magnitude_Warping,0.8387096774193549,0.8387096774193549,"{'hidden_size': 64, 'epochs': 10, 'batch_size': 32, 'lr': 0.001}",0.7520575523376465
Wine_spoilage,1,1,6,3,RandomForest,Scaling,0.79,0.7979772335328815,"{'bootstrap': True, 'ccp_alpha': 0.0, 'class_weight': None, 'criterion': 'gini', 'max_depth': 20, 'max_features': 'sqrt', 'max_leaf_nodes': None, 'max_samples': None, 'min_impurity_decrease': 0.0, 'min_samples_leaf': 2, 'min_samples_split': 2, 'min_weight_fraction_leaf': 0.0, 'monotonic_cst': None, 'n_estimators': 50, 'n_jobs': None, 'oob_score': False, 'random_state': 42, 'verbose': 0, 'warm_start': False}",0.12739825248718262
Wine_spoilage,1,1,6,3,LinearSVC,Scaling,0.8116129032258065,0.7918367673718135,"{'C': np.float64(100.0), 'class_weight': None, 'dual': True, 'fit_intercept': True, 'intercept_scaling': 1, 'loss': 'hinge', 'max_iter': 100, 'multi_class': 'ovr', 'penalty': 'l2', 'random_state': 42, 'tol': 0.0001, 'verbose': 0}",0.025179147720336914
Wine_spoilage,1,1,6,5,KNN,Magnitude_Warping,0.8641935483870967,0.8636780766115912,"{'algorithm': 'auto', 'leaf_size': 30, 'metric': 'manhattan', 'metric_params': None, 'n_jobs': None, 'n_neighbors': np.int64(9), 'p': 2, 'weights': 'distance'}",0.05174374580383301
Wine_spoilage,1,1,9,3,LogisticRegression,Jittering,0.4967741935483871,0.5495658794488504,"{'C': np.float64(10.0), 'class_weight': None, 'dual': False, 'fit_intercept': True, 'intercept_scaling': 1, 'l1_ratio': None, 'max_iter': 100, 'multi_class': 'deprecated', 'n_jobs': None, 'penalty': None, 'random_state': 42, 'solver': 'lbfgs', 'tol': 0.0001, 'verbose': 0, 'warm_start': False}",0.037392377853393555
Wine_spoilage,1,1,9,3,RNN,Jittering,0.7096774193548387,0.7286600496277915,"{'hidden_size': 64, 'epochs': 10, 'batch_size': 32, 'lr': 0.001}",0.29960179328918457
Wine_spoilage,1,1,9,5,KNN,Jittering,0.5880645161290322,0.6237875415148311,"{'algorithm': 'auto', 'leaf_size': 30, 'metric': 'euclidean', 'metric_params': None, 'n_jobs': None, 'n_neighbors': np.int64(3), 'p': 2, 'weights': 'uniform'}",0.15208101272583008
Wine_spoilage,1,1,6,5,LogisticRegression,Time_Warping,0.6364516129032258,0.655399151137253,"{'C': np.float64(10.0), 'class_weight': None, 'dual': False, 'fit_intercept': True, 'intercept_scaling': 1, 'l1_ratio': None, 'max_iter': 100, 'multi_class': 'deprecated', 'n_jobs': None, 'penalty': None, 'random_state': 42, 'solver': 'lbfgs', 'tol': 0.0001, 'verbose': 0, 'warm_start': False}",0.09627890586853027
Wine_spoilage,1,1,6,5,RNN,Time_Warping,0.5806451612903226,0.6140045912341927,"{'hidden_size': 64, 'epochs': 10, 'batch_size': 32, 'lr': 0.001}",0.36496949195861816
Wine_spoilage,1,1,6,5,RandomForest,Magnitude_Warping,0.7809677419354839,0.7905412604435502,"{'bootstrap': True, 'ccp_alpha': 0.0, 'class_weight': None, 'criterion': 'gini', 'max_depth': 20, 'max_features': 'sqrt', 'max_leaf_nodes': None, 'max_samples': None, 'min_impurity_decrease': 0.0, 'min_samples_leaf': 1, 'min_samples_split': 2, 'min_weight_fraction_leaf': 0.0, 'monotonic_cst': None, 'n_estimators': 50, 'n_jobs': None, 'oob_score': False, 'random_state': 42, 'verbose': 0, 'warm_start': False}",0.19267749786376953
Wine_spoilage,1,1,9,5,RandomForest,Jittering,0.5938709677419355,0.6265376502860899,"{'bootstrap': True, 'ccp_alpha': 0.0, 'class_weight': None, 'criterion': 'gini', 'max_depth': 20, 'max_features': 'sqrt', 'max_leaf_nodes': None, 'max_samples': None, 'min_impurity_decrease': 0.0, 'min_samples_leaf': 1, 'min_samples_split': 2, 'min_weight_fraction_leaf': 0.0, 'monotonic_cst': None, 'n_estimators': 50, 'n_jobs': None, 'oob_score': False, 'random_state': 42, 'verbose': 0, 'warm_start': False}",0.1552259922027588
Wine_spoilage,1,1,6,10,KNN,Time_Warping,0.8441935483870968,0.8444453314130913,"{'algorithm': 'auto', 'leaf_size': 30, 'metric': 'minkowski', 'metric_params': None, 'n_jobs': None, 'n_neighbors': 5, 'p': 2, 'weights': 'uniform'}",0.16039824485778809
Wine_spoilage,1,1,6,5,LinearSVC,Magnitude_Warping,0.7532258064516129,0.7683281013211531,"{'C': np.float64(0.1), 'class_weight': None, 'dual': False, 'fit_intercept': True, 'intercept_scaling': 1, 'loss': 'squared_hinge', 'max_iter': 100, 'multi_class': 'ovr', 'penalty': 'l1', 'random_state': 42, 'tol': 0.0001, 'verbose': 0}",0.026078462600708008
Wine_spoilage,1,1,9,5,LinearSVC,Jittering,0.6309677419354839,0.6474740946706786,"{'C': np.float64(10.0), 'class_weight': None, 'dual': False, 'fit_intercept': True, 'intercept_scaling': 1, 'loss': 'squared_hinge', 'max_iter': 100, 'multi_class': 'ovr', 'penalty': 'l1', 'random_state': 42, 'tol': 0.0001, 'verbose': 0}",0.019599437713623047
Wine_spoilage,1,1,6,3,LogisticRegression,Scaling,0.6264516129032258,0.6414577677547512,"{'C': np.float64(10.0), 'class_weight': None, 'dual': False, 'fit_intercept': True, 'intercept_scaling': 1, 'l1_ratio': None, 'max_iter': 100, 'multi_class': 'deprecated', 'n_jobs': None, 'penalty': None, 'random_state': 42, 'solver': 'lbfgs', 'tol': 0.0001, 'verbose': 0, 'warm_start': False}",0.29036903381347656
Wine_spoilage,1,1,6,10,RandomForest,Time_Warping,0.7645161290322581,0.7750389462033489,"{'bootstrap': True, 'ccp_alpha': 0.0, 'class_weight': None, 'criterion': 'gini', 'max_depth': None, 'max_features': 'sqrt', 'max_leaf_nodes': None, 'max_samples': None, 'min_impurity_decrease': 0.0, 'min_samples_leaf': 1, 'min_samples_split': 2, 'min_weight_fraction_leaf': 0.0, 'monotonic_cst': None, 'n_estimators': 100, 'n_jobs': None, 'oob_score': False, 'random_state': 42, 'verbose': 0, 'warm_start': False}",0.4600398540496826
Wine_spoilage,1,1,6,10,LinearSVC,Time_Warping,0.6512903225806451,0.6704895876011969,"{'C': 1.0, 'class_weight': None, 'dual': False, 'fit_intercept': True, 'intercept_scaling': 1, 'loss': 'squared_hinge', 'max_iter': 100, 'multi_class': 'ovr', 'penalty': 'l2', 'random_state': 42, 'tol': 0.0001, 'verbose': 0}",0.013756513595581055
Wine_spoilage,1,1,6,10,LogisticRegression,Time_Warping,0.646774193548387,0.6651194720058294,"{'C': 1.0, 'class_weight': None, 'dual': False, 'fit_intercept': True, 'intercept_scaling': 1, 'l1_ratio': None, 'max_iter': 100, 'multi_class': 'deprecated', 'n_jobs': None, 'penalty': 'l2', 'random_state': 42, 'solver': 'lbfgs', 'tol': 0.0001, 'verbose': 0, 'warm_start': False}",0.34885573387145996
Wine_spoilage,1,1,6,3,RNN,Scaling,0.3548387096774194,0.2897022332506204,"{'hidden_size': 64, 'epochs': 10, 'batch_size': 32, 'lr': 0.001}",0.6465051174163818
Wine_spoilage,1,1,6,5,KNN,Scaling,0.8796774193548387,0.8774995977548182,"{'algorithm': 'auto', 'leaf_size': 30, 'metric': 'manhattan', 'metric_params': None, 'n_jobs': None, 'n_neighbors': np.int64(9), 'p': 2, 'weights': 'distance'}",0.04146695137023926
Wine_spoilage,1,1,9,5,LogisticRegression,Jittering,0.4906451612903226,0.5455854815759823,"{'C': np.float64(100.0), 'class_weight': None, 'dual': False, 'fit_intercept': True, 'intercept_scaling': 1, 'l1_ratio': None, 'max_iter': 100, 'multi_class': 'deprecated', 'n_jobs': None, 'penalty': 'l2', 'random_state': 42, 'solver': 'lbfgs', 'tol': 0.0001, 'verbose': 0, 'warm_start': False}",0.05146145820617676
Wine_spoilage,1,1,9,5,RNN,Jittering,0.5483870967741935,0.5554634706107356,"{'hidden_size': 64, 'epochs': 10, 'batch_size': 32, 'lr': 0.001}",0.24251151084899902
Wine_spoilage,1,1,9,10,KNN,Jittering,0.5961290322580645,0.6312111730520884,"{'algorithm': 'auto', 'leaf_size': 30, 'metric': 'minkowski', 'metric_params': None, 'n_jobs': None, 'n_neighbors': 5, 'p': 2, 'weights': 'uniform'}",0.16421890258789062
Wine_spoilage,1,1,6,10,RNN,Time_Warping,0.7741935483870968,0.7241799945784766,"{'hidden_size': 64, 'epochs': 10, 'batch_size': 32, 'lr': 0.001}",1.7180581092834473
Wine_spoilage,1,1,6,5,RandomForest,Scaling,0.7706451612903226,0.7821946122942826,"{'bootstrap': True, 'ccp_alpha': 0.0, 'class_weight': None, 'criterion': 'gini', 'max_depth': 20, 'max_features': 'sqrt', 'max_leaf_nodes': None, 'max_samples': None, 'min_impurity_decrease': 0.0, 'min_samples_leaf': 2, 'min_samples_split': 2, 'min_weight_fraction_leaf': 0.0, 'monotonic_cst': None, 'n_estimators': 50, 'n_jobs': None, 'oob_score': False, 'random_state': 42, 'verbose': 0, 'warm_start': False}",0.2717709541320801
Wine_spoilage,1,1,9,10,RandomForest,Jittering,0.6087096774193549,0.638318718166871,"{'bootstrap': True, 'ccp_alpha': 0.0, 'class_weight': None, 'criterion': 'gini', 'max_depth': None, 'max_features': 'sqrt', 'max_leaf_nodes': None, 'max_samples': None, 'min_impurity_decrease': 0.0, 'min_samples_leaf': 1, 'min_samples_split': 2, 'min_weight_fraction_leaf': 0.0, 'monotonic_cst': None, 'n_estimators': 100, 'n_jobs': None, 'oob_score': False, 'random_state': 42, 'verbose': 0, 'warm_start': False}",0.6360774040222168
Wine_spoilage,1,1,6,5,LogisticRegression,Magnitude_Warping,0.6551612903225806,0.6745451618901749,"{'C': np.float64(100.0), 'class_weight': None, 'dual': False, 'fit_intercept': True, 'intercept_scaling': 1, 'l1_ratio': None, 'max_iter': 100, 'multi_class': 'deprecated', 'n_jobs': None, 'penalty': 'l2', 'random_state': 42, 'solver': 'lbfgs', 'tol': 0.0001, 'verbose': 0, 'warm_start': False}",0.37302637100219727
Wine_spoilage,1,1,9,10,LinearSVC,Jittering,0.6129032258064516,0.6326480004910874,"{'C': 1.0, 'class_weight': None, 'dual': False, 'fit_intercept': True, 'intercept_scaling': 1, 'loss': 'squared_hinge', 'max_iter': 100, 'multi_class': 'ovr', 'penalty': 'l2', 'random_state': 42, 'tol': 0.0001, 'verbose': 0}",0.016922473907470703
Wine_spoilage,1,1,9,10,LogisticRegression,Jittering,0.5106451612903226,0.5583535808056744,"{'C': 1.0, 'class_weight': None, 'dual': False, 'fit_intercept': True, 'intercept_scaling': 1, 'l1_ratio': None, 'max_iter': 100, 'multi_class': 'deprecated', 'n_jobs': None, 'penalty': 'l2', 'random_state': 42, 'solver': 'lbfgs', 'tol': 0.0001, 'verbose': 0, 'warm_start': False}",0.07550406455993652
Wine_spoilage,1,1,7,1,KNN,Baseline,0.7958064516129032,0.7808316956693099,"{'algorithm': 'auto', 'leaf_size': 30, 'metric': 'minkowski', 'metric_params': None, 'n_jobs': None, 'n_neighbors': 5, 'p': 2, 'weights': 'uniform'}",0.13825178146362305
Wine_spoilage,1,1,9,10,RNN,Jittering,0.7741935483870968,0.7563334962528511,"{'hidden_size': 64, 'epochs': 10, 'batch_size': 32, 'lr': 0.001}",0.28500986099243164
Wine_spoilage,1,1,7,1,KNN,Tuned_Baseline,0.8,0.7842082214223768,"{'algorithm': 'auto', 'leaf_size': 30, 'metric': 'euclidean', 'metric_params': None, 'n_jobs': None, 'n_neighbors': np.int64(3), 'p': 2, 'weights': 'uniform'}",0.10985946655273438
Wine_spoilage,1,1,7,1,RandomForest,Baseline,0.7845161290322581,0.7390519288040961,"{'bootstrap': True, 'ccp_alpha': 0.0, 'class_weight': None, 'criterion': 'gini', 'max_depth': None, 'max_features': 'sqrt', 'max_leaf_nodes': None, 'max_samples': None, 'min_impurity_decrease': 0.0, 'min_samples_leaf': 1, 'min_samples_split': 2, 'min_weight_fraction_leaf': 0.0, 'monotonic_cst': None, 'n_estimators': 100, 'n_jobs': None, 'oob_score': False, 'random_state': 42, 'verbose': 0, 'warm_start': False}",0.16987991333007812
Wine_spoilage,1,1,6,5,RNN,Magnitude_Warping,0.7419354838709677,0.6883377006716666,"{'hidden_size': 64, 'epochs': 10, 'batch_size': 32, 'lr': 0.001}",0.8002538681030273
Wine_spoilage,1,1,6,5,LinearSVC,Scaling,0.7561290322580645,0.7716220504806792,"{'C': np.float64(100.0), 'class_weight': None, 'dual': False, 'fit_intercept': True, 'intercept_scaling': 1, 'loss': 'squared_hinge', 'max_iter': 100, 'multi_class': 'ovr', 'penalty': 'l1', 'random_state': 42, 'tol': 0.0001, 'verbose': 0}",0.09477472305297852
Wine_spoilage,1,1,10,1,KNN,Baseline,0.636774193548387,0.6477871560574971,"{'algorithm': 'auto', 'leaf_size': 30, 'metric': 'minkowski', 'metric_params': None, 'n_jobs': None, 'n_neighbors': 5, 'p': 2, 'weights': 'uniform'}",0.1358499526977539
Wine_spoilage,1,1,10,1,KNN,Tuned_Baseline,0.6696774193548387,0.684794613511348,"{'algorithm': 'auto', 'leaf_size': 30, 'metric': 'manhattan', 'metric_params': None, 'n_jobs': None, 'n_neighbors': np.int64(8), 'p': 2, 'weights': 'distance'}",0.014735698699951172
Wine_spoilage,1,1,6,10,KNN,Magnitude_Warping,0.8774193548387097,0.8764146676432367,"{'algorithm': 'auto', 'leaf_size': 30, 'metric': 'minkowski', 'metric_params': None, 'n_jobs': None, 'n_neighbors': 5, 'p': 2, 'weights': 'uniform'}",0.36631131172180176
Wine_spoilage,1,1,10,1,RandomForest,Baseline,0.6651612903225806,0.6737329177874348,"{'bootstrap': True, 'ccp_alpha': 0.0, 'class_weight': None, 'criterion': 'gini', 'max_depth': None, 'max_features': 'sqrt', 'max_leaf_nodes': None, 'max_samples': None, 'min_impurity_decrease': 0.0, 'min_samples_leaf': 1, 'min_samples_split': 2, 'min_weight_fraction_leaf': 0.0, 'monotonic_cst': None, 'n_estimators': 100, 'n_jobs': None, 'oob_score': False, 'random_state': 42, 'verbose': 0, 'warm_start': False}",0.18463349342346191
Wine_spoilage,1,1,6,10,RandomForest,Magnitude_Warping,0.8103225806451613,0.8167644120796982,"{'bootstrap': True, 'ccp_alpha': 0.0, 'class_weight': None, 'criterion': 'gini', 'max_depth': None, 'max_features': 'sqrt', 'max_leaf_nodes': None, 'max_samples': None, 'min_impurity_decrease': 0.0, 'min_samples_leaf': 1, 'min_samples_split': 2, 'min_weight_fraction_leaf': 0.0, 'monotonic_cst': None, 'n_estimators': 100, 'n_jobs': None, 'oob_score': False, 'random_state': 42, 'verbose': 0, 'warm_start': False}",0.696265459060669
Wine_spoilage,1,1,6,10,LinearSVC,Magnitude_Warping,0.7570967741935484,0.772878059095155,"{'C': 1.0, 'class_weight': None, 'dual': False, 'fit_intercept': True, 'intercept_scaling': 1, 'loss': 'squared_hinge', 'max_iter': 100, 'multi_class': 'ovr', 'penalty': 'l2', 'random_state': 42, 'tol': 0.0001, 'verbose': 0}",0.01310586929321289
Wine_spoilage,1,1,6,10,LogisticRegression,Magnitude_Warping,0.7229032258064516,0.7430132489392315,"{'C': 1.0, 'class_weight': None, 'dual': False, 'fit_intercept': True, 'intercept_scaling': 1, 'l1_ratio': None, 'max_iter': 100, 'multi_class': 'deprecated', 'n_jobs': None, 'penalty': 'l2', 'random_state': 42, 'solver': 'lbfgs', 'tol': 0.0001, 'verbose': 0, 'warm_start': False}",0.1372358798980713
Wine_spoilage,1,1,10,1,RandomForest,Tuned_Baseline,0.6658064516129032,0.674394755441045,"{'bootstrap': True, 'ccp_alpha': 0.0, 'class_weight': None, 'criterion': 'gini', 'max_depth': 10, 'max_features': 'sqrt', 'max_leaf_nodes': None, 'max_samples': None, 'min_impurity_decrease': 0.0, 'min_samples_leaf': 1, 'min_samples_split': 2, 'min_weight_fraction_leaf': 0.0, 'monotonic_cst': None, 'n_estimators': 100, 'n_jobs': None, 'oob_score': False, 'random_state': 42, 'verbose': 0, 'warm_start': False}",0.012732982635498047
Wine_spoilage,1,1,10,1,LinearSVC,Baseline,0.6112903225806452,0.6082015184071604,"{'C': 1.0, 'class_weight': None, 'dual': False, 'fit_intercept': True, 'intercept_scaling': 1, 'loss': 'squared_hinge', 'max_iter': 100, 'multi_class': 'ovr', 'penalty': 'l2', 'random_state': 42, 'tol': 0.0001, 'verbose': 0}",0.0033495426177978516
Wine_spoilage,1,1,10,1,LinearSVC,Tuned_Baseline,0.6038709677419355,0.5981750106417997,"{'C': np.float64(100.0), 'class_weight': None, 'dual': False, 'fit_intercept': True, 'intercept_scaling': 1, 'loss': 'squared_hinge', 'max_iter': 100, 'multi_class': 'ovr', 'penalty': 'l1', 'random_state': 42, 'tol': 0.0001, 'verbose': 0}",0.0003178119659423828
Wine_spoilage,1,1,10,1,LogisticRegression,Baseline,0.6048387096774194,0.6139921261464735,"{'C': 1.0, 'class_weight': None, 'dual': False, 'fit_intercept': True, 'intercept_scaling': 1, 'l1_ratio': None, 'max_iter': 100, 'multi_class': 'deprecated', 'n_jobs': None, 'penalty': 'l2', 'random_state': 42, 'solver': 'lbfgs', 'tol': 0.0001, 'verbose': 0, 'warm_start': False}",0.012577533721923828
Wine_spoilage,1,1,7,1,RandomForest,Tuned_Baseline,0.7838709677419354,0.7377563651954574,"{'bootstrap': True, 'ccp_alpha': 0.0, 'class_weight': None, 'criterion': 'gini', 'max_depth': 10, 'max_features': 'sqrt', 'max_leaf_nodes': None, 'max_samples': None, 'min_impurity_decrease': 0.0, 'min_samples_leaf': 1, 'min_samples_split': 5, 'min_weight_fraction_leaf': 0.0, 'monotonic_cst': None, 'n_estimators': 100, 'n_jobs': None, 'oob_score': False, 'random_state': 42, 'verbose': 0, 'warm_start': False}",0.009347915649414062
Wine_spoilage,1,1,7,1,LinearSVC,Baseline,0.7983870967741935,0.7882933770381413,"{'C': 1.0, 'class_weight': None, 'dual': False, 'fit_intercept': True, 'intercept_scaling': 1, 'loss': 'squared_hinge', 'max_iter': 100, 'multi_class': 'ovr', 'penalty': 'l2', 'random_state': 42, 'tol': 0.0001, 'verbose': 0}",0.002810955047607422
Wine_spoilage,1,1,7,1,LinearSVC,Tuned_Baseline,0.7783870967741936,0.7728716648931024,"{'C': np.float64(100.0), 'class_weight': None, 'dual': True, 'fit_intercept': True, 'intercept_scaling': 1, 'loss': 'hinge', 'max_iter': 100, 'multi_class': 'ovr', 'penalty': 'l2', 'random_state': 42, 'tol': 0.0001, 'verbose': 0}",0.00033402442932128906
Wine_spoilage,1,1,7,1,LogisticRegression,Baseline,0.7929032258064516,0.7818419732266924,"{'C': 1.0, 'class_weight': None, 'dual': False, 'fit_intercept': True, 'intercept_scaling': 1, 'l1_ratio': None, 'max_iter': 100, 'multi_class': 'deprecated', 'n_jobs': None, 'penalty': 'l2', 'random_state': 42, 'solver': 'lbfgs', 'tol': 0.0001, 'verbose': 0, 'warm_start': False}",0.012900352478027344
Wine_spoilage,1,1,6,10,RNN,Magnitude_Warping,0.9032258064516129,0.8983993157380255,"{'hidden_size': 64, 'epochs': 10, 'batch_size': 32, 'lr': 0.001}",1.168044090270996
Wine_spoilage,1,1,7,1,KNN,Baseline,0.7958064516129032,0.7808316956693099,"{'algorithm': 'auto', 'leaf_size': 30, 'metric': 'minkowski', 'metric_params': None, 'n_jobs': None, 'n_neighbors': 5, 'p': 2, 'weights': 'uniform'}",0.13257837295532227
Wine_spoilage,1,1,7,1,KNN,Tuned_Baseline,0.8,0.7842082214223768,"{'algorithm': 'auto', 'leaf_size': 30, 'metric': 'euclidean', 'metric_params': None, 'n_jobs': None, 'n_neighbors': np.int64(3), 'p': 2, 'weights': 'uniform'}",0.14476776123046875
Wine_spoilage,1,1,7,1,RandomForest,Baseline,0.7845161290322581,0.7390519288040961,"{'bootstrap': True, 'ccp_alpha': 0.0, 'class_weight': None, 'criterion': 'gini', 'max_depth': None, 'max_features': 'sqrt', 'max_leaf_nodes': None, 'max_samples': None, 'min_impurity_decrease': 0.0, 'min_samples_leaf': 1, 'min_samples_split': 2, 'min_weight_fraction_leaf': 0.0, 'monotonic_cst': None, 'n_estimators': 100, 'n_jobs': None, 'oob_score': False, 'random_state': 42, 'verbose': 0, 'warm_start': False}",0.18404269218444824
Wine_spoilage,1,1,7,1,LogisticRegression,Tuned_Baseline,0.8041935483870968,0.7857709411451845,"{'C': np.float64(10.0), 'class_weight': None, 'dual': False, 'fit_intercept': True, 'intercept_scaling': 1, 'l1_ratio': None, 'max_iter': 100, 'multi_class': 'deprecated', 'n_jobs': None, 'penalty': None, 'random_state': 42, 'solver': 'lbfgs', 'tol': 0.0001, 'verbose': 0, 'warm_start': False}",0.0005552768707275391
Wine_spoilage,1,1,10,1,LogisticRegression,Tuned_Baseline,0.5648387096774193,0.6038140913259218,"{'C': np.float64(10.0), 'class_weight': None, 'dual': False, 'fit_intercept': True, 'intercept_scaling': 1, 'l1_ratio': None, 'max_iter': 100, 'multi_class': 'deprecated', 'n_jobs': None, 'penalty': None, 'random_state': 42, 'solver': 'lbfgs', 'tol': 0.0001, 'verbose': 0, 'warm_start': False}",0.0005426406860351562
Wine_spoilage,1,1,10,1,RNN,Baseline,0.8387096774193549,0.7817836812144212,"{'hidden_size': 64, 'epochs': 10, 'batch_size': 32, 'lr': 0.001}",0.2100830078125
Wine_spoilage,1,1,10,1,RNN,Tuned_Baseline,0.8387096774193549,0.7817836812144212,"{'hidden_size': 64, 'epochs': 10, 'batch_size': 32, 'lr': 0.001}",0.002735614776611328
Wine_spoilage,1,1,7,1,RNN,Baseline,0.9354838709677419,0.9320276497695852,"{'hidden_size': 64, 'epochs': 10, 'batch_size': 32, 'lr': 0.001}",0.3942418098449707
Wine_spoilage,1,1,7,1,RNN,Tuned_Baseline,0.9354838709677419,0.9320276497695852,"{'hidden_size': 64, 'epochs': 10, 'batch_size': 32, 'lr': 0.001}",0.01398921012878418
Wine_spoilage,1,1,10,2,KNN,Jittering,0.6812903225806451,0.6905865273929847,"{'algorithm': 'auto', 'leaf_size': 30, 'metric': 'manhattan', 'metric_params': None, 'n_jobs': None, 'n_neighbors': np.int64(9), 'p': 2, 'weights': 'distance'}",0.026700258255004883
Wine_spoilage,1,1,7,2,KNN,Time_Warping,0.8048387096774193,0.7879638167795019,"{'algorithm': 'auto', 'leaf_size': 30, 'metric': 'euclidean', 'metric_params': None, 'n_jobs': None, 'n_neighbors': np.int64(3), 'p': 2, 'weights': 'uniform'}",0.209303617477417
Wine_spoilage,1,1,10,2,RandomForest,Jittering,0.6780645161290323,0.6881081145493407,"{'bootstrap': True, 'ccp_alpha': 0.0, 'class_weight': None, 'criterion': 'gini', 'max_depth': 20, 'max_features': 'sqrt', 'max_leaf_nodes': None, 'max_samples': None, 'min_impurity_decrease': 0.0, 'min_samples_leaf': 2, 'min_samples_split': 2, 'min_weight_fraction_leaf': 0.0, 'monotonic_cst': None, 'n_estimators': 50, 'n_jobs': None, 'oob_score': False, 'random_state': 42, 'verbose': 0, 'warm_start': False}",0.1159963607788086
Wine_spoilage,1,1,10,2,LinearSVC,Jittering,0.6129032258064516,0.6101368537229981,"{'C': np.float64(1.0), 'class_weight': None, 'dual': False, 'fit_intercept': True, 'intercept_scaling': 1, 'loss': 'squared_hinge', 'max_iter': 100, 'multi_class': 'ovr', 'penalty': 'l2', 'random_state': 42, 'tol': 0.0001, 'verbose': 0}",0.005161285400390625
Wine_spoilage,1,1,7,1,RandomForest,Tuned_Baseline,0.7838709677419354,0.7377563651954574,"{'bootstrap': True, 'ccp_alpha': 0.0, 'class_weight': None, 'criterion': 'gini', 'max_depth': 10, 'max_features': 'sqrt', 'max_leaf_nodes': None, 'max_samples': None, 'min_impurity_decrease': 0.0, 'min_samples_leaf': 1, 'min_samples_split': 5, 'min_weight_fraction_leaf': 0.0, 'monotonic_cst': None, 'n_estimators': 100, 'n_jobs': None, 'oob_score': False, 'random_state': 42, 'verbose': 0, 'warm_start': False}",0.00933384895324707
Wine_spoilage,1,1,7,1,LinearSVC,Baseline,0.7983870967741935,0.7882933770381413,"{'C': 1.0, 'class_weight': None, 'dual': False, 'fit_intercept': True, 'intercept_scaling': 1, 'loss': 'squared_hinge', 'max_iter': 100, 'multi_class': 'ovr', 'penalty': 'l2', 'random_state': 42, 'tol': 0.0001, 'verbose': 0}",0.00307464599609375
Wine_spoilage,1,1,7,1,LinearSVC,Tuned_Baseline,0.7783870967741936,0.7728716648931024,"{'C': np.float64(100.0), 'class_weight': None, 'dual': True, 'fit_intercept': True, 'intercept_scaling': 1, 'loss': 'hinge', 'max_iter': 100, 'multi_class': 'ovr', 'penalty': 'l2', 'random_state': 42, 'tol': 0.0001, 'verbose': 0}",0.0003807544708251953
Wine_spoilage,1,1,7,1,LogisticRegression,Baseline,0.7929032258064516,0.7818419732266924,"{'C': 1.0, 'class_weight': None, 'dual': False, 'fit_intercept': True, 'intercept_scaling': 1, 'l1_ratio': None, 'max_iter': 100, 'multi_class': 'deprecated', 'n_jobs': None, 'penalty': 'l2', 'random_state': 42, 'solver': 'lbfgs', 'tol': 0.0001, 'verbose': 0, 'warm_start': False}",0.14885401725769043
Wine_spoilage,1,1,10,2,LogisticRegression,Jittering,0.5732258064516129,0.6091765121484856,"{'C': np.float64(100.0), 'class_weight': None, 'dual': False, 'fit_intercept': True, 'intercept_scaling': 1, 'l1_ratio': None, 'max_iter': 100, 'multi_class': 'deprecated', 'n_jobs': None, 'penalty': None, 'random_state': 42, 'solver': 'lbfgs', 'tol': 0.0001, 'verbose': 0, 'warm_start': False}",0.03220987319946289
Wine_spoilage,1,1,10,2,RNN,Jittering,0.5483870967741935,0.5677886863020103,"{'hidden_size': 64, 'epochs': 10, 'batch_size': 32, 'lr': 0.001}",0.20760369300842285
Wine_spoilage,1,1,6,5,LogisticRegression,Scaling,0.6751612903225807,0.6964657755422042,"{'C': np.float64(100.0), 'class_weight': None, 'dual': False, 'fit_intercept': True, 'intercept_scaling': 1, 'l1_ratio': None, 'max_iter': 100, 'multi_class': 'deprecated', 'n_jobs': None, 'penalty': 'l2', 'random_state': 42, 'solver': 'lbfgs', 'tol': 0.0001, 'verbose': 0, 'warm_start': False}",1.7921109199523926
Wine_spoilage,1,1,10,3,KNN,Jittering,0.687741935483871,0.6800104844940082,"{'algorithm': 'auto', 'leaf_size': 30, 'metric': 'euclidean', 'metric_params': None, 'n_jobs': None, 'n_neighbors': np.int64(3), 'p': 2, 'weights': 'uniform'}",0.1421804428100586
Wine_spoilage,1,1,7,1,LogisticRegression,Tuned_Baseline,0.8041935483870968,0.7857709411451845,"{'C': np.float64(10.0), 'class_weight': None, 'dual': False, 'fit_intercept': True, 'intercept_scaling': 1, 'l1_ratio': None, 'max_iter': 100, 'multi_class': 'deprecated', 'n_jobs': None, 'penalty': None, 'random_state': 42, 'solver': 'lbfgs', 'tol': 0.0001, 'verbose': 0, 'warm_start': False}",0.0005846023559570312
Wine_spoilage,1,1,10,3,RandomForest,Jittering,0.6764516129032258,0.6884808091587805,"{'bootstrap': True, 'ccp_alpha': 0.0, 'class_weight': None, 'criterion': 'gini', 'max_depth': 20, 'max_features': 'sqrt', 'max_leaf_nodes': None, 'max_samples': None, 'min_impurity_decrease': 0.0, 'min_samples_leaf': 2, 'min_samples_split': 2, 'min_weight_fraction_leaf': 0.0, 'monotonic_cst': None, 'n_estimators': 50, 'n_jobs': None, 'oob_score': False, 'random_state': 42, 'verbose': 0, 'warm_start': False}",0.1375563144683838
Wine_spoilage,1,1,10,3,LinearSVC,Jittering,0.6667741935483871,0.6352522845712885,"{'C': np.float64(100.0), 'class_weight': None, 'dual': True, 'fit_intercept': True, 'intercept_scaling': 1, 'loss': 'hinge', 'max_iter': 100, 'multi_class': 'ovr', 'penalty': 'l2', 'random_state': 42, 'tol': 0.0001, 'verbose': 0}",0.015770912170410156
Wine_spoilage,1,1,7,1,RNN,Baseline,0.7096774193548387,0.7162260489934514,"{'hidden_size': 64, 'epochs': 10, 'batch_size': 32, 'lr': 0.001}",0.48205041885375977
Wine_spoilage,1,1,6,5,RNN,Scaling,0.3870967741935484,0.3562023460410557,"{'hidden_size': 64, 'epochs': 10, 'batch_size': 32, 'lr': 0.001}",1.5184805393218994
Wine_spoilage,1,1,7,1,RNN,Tuned_Baseline,0.7096774193548387,0.7162260489934514,"{'hidden_size': 64, 'epochs': 10, 'batch_size': 32, 'lr': 0.001}",0.019448280334472656
Wine_spoilage,1,1,6,10,KNN,Scaling,0.8738709677419355,0.8719774027625875,"{'algorithm': 'auto', 'leaf_size': 30, 'metric': 'minkowski', 'metric_params': None, 'n_jobs': None, 'n_neighbors': 5, 'p': 2, 'weights': 'uniform'}",0.17379021644592285
Wine_spoilage,1,1,7,2,KNN,Magnitude_Warping,0.8087096774193548,0.7931144285283195,"{'algorithm': 'auto', 'leaf_size': 30, 'metric': 'euclidean', 'metric_params': None, 'n_jobs': None, 'n_neighbors': np.int64(3), 'p': 2, 'weights': 'uniform'}",0.13964319229125977
Wine_spoilage,1,1,6,10,RandomForest,Scaling,0.7987096774193548,0.8035853976531941,"{'bootstrap': True, 'ccp_alpha': 0.0, 'class_weight': None, 'criterion': 'gini', 'max_depth': None, 'max_features': 'sqrt', 'max_leaf_nodes': None, 'max_samples': None, 'min_impurity_decrease': 0.0, 'min_samples_leaf': 1, 'min_samples_split': 2, 'min_weight_fraction_leaf': 0.0, 'monotonic_cst': None, 'n_estimators': 100, 'n_jobs': None, 'oob_score': False, 'random_state': 42, 'verbose': 0, 'warm_start': False}",0.6496894359588623
Wine_spoilage,1,1,6,10,LinearSVC,Scaling,0.7609677419354839,0.7761995132971198,"{'C': 1.0, 'class_weight': None, 'dual': False, 'fit_intercept': True, 'intercept_scaling': 1, 'loss': 'squared_hinge', 'max_iter': 100, 'multi_class': 'ovr', 'penalty': 'l2', 'random_state': 42, 'tol': 0.0001, 'verbose': 0}",0.031221389770507812
Wine_spoilage,1,1,6,10,LogisticRegression,Scaling,0.7493548387096775,0.767838390290642,"{'C': 1.0, 'class_weight': None, 'dual': False, 'fit_intercept': True, 'intercept_scaling': 1, 'l1_ratio': None, 'max_iter': 100, 'multi_class': 'deprecated', 'n_jobs': None, 'penalty': 'l2', 'random_state': 42, 'solver': 'lbfgs', 'tol': 0.0001, 'verbose': 0, 'warm_start': False}",0.13433218002319336
Wine_spoilage,1,1,7,2,RandomForest,Magnitude_Warping,0.7816129032258065,0.7432330774265009,"{'bootstrap': True, 'ccp_alpha': 0.0, 'class_weight': None, 'criterion': 'gini', 'max_depth': 20, 'max_features': 'sqrt', 'max_leaf_nodes': None, 'max_samples': None, 'min_impurity_decrease': 0.0, 'min_samples_leaf': 2, 'min_samples_split': 2, 'min_weight_fraction_leaf': 0.0, 'monotonic_cst': None, 'n_estimators': 50, 'n_jobs': None, 'oob_score': False, 'random_state': 42, 'verbose': 0, 'warm_start': False}",0.10261869430541992
Wine_spoilage,1,1,7,2,LinearSVC,Magnitude_Warping,0.7932258064516129,0.7802894509260967,"{'C': np.float64(100.0), 'class_weight': None, 'dual': True, 'fit_intercept': True, 'intercept_scaling': 1, 'loss': 'hinge', 'max_iter': 100, 'multi_class': 'ovr', 'penalty': 'l2', 'random_state': 42, 'tol': 0.0001, 'verbose': 0}",0.011503934860229492
Wine_spoilage,1,1,6,10,RNN,Scaling,0.7419354838709677,0.6581483033095936,"{'hidden_size': 64, 'epochs': 10, 'batch_size': 32, 'lr': 0.001}",0.9536886215209961
Wine_spoilage,1,1,7,2,RandomForest,Time_Warping,0.7793548387096774,0.7325803523286817,"{'bootstrap': True, 'ccp_alpha': 0.0, 'class_weight': None, 'criterion': 'gini', 'max_depth': 20, 'max_features': 'sqrt', 'max_leaf_nodes': None, 'max_samples': None, 'min_impurity_decrease': 0.0, 'min_samples_leaf': 2, 'min_samples_split': 2, 'min_weight_fraction_leaf': 0.0, 'monotonic_cst': None, 'n_estimators': 50, 'n_jobs': None, 'oob_score': False, 'random_state': 42, 'verbose': 0, 'warm_start': False}",0.2399284839630127
Wine_spoilage,1,1,7,1,KNN,Baseline,0.7958064516129032,0.7808316956693099,"{'algorithm': 'auto', 'leaf_size': 30, 'metric': 'minkowski', 'metric_params': None, 'n_jobs': None, 'n_neighbors': 5, 'p': 2, 'weights': 'uniform'}",0.13149285316467285
Wine_spoilage,1,1,10,3,LogisticRegression,Jittering,0.574516129032258,0.6089260901109261,"{'C': np.float64(10.0), 'class_weight': None, 'dual': False, 'fit_intercept': True, 'intercept_scaling': 1, 'l1_ratio': None, 'max_iter': 100, 'multi_class': 'deprecated', 'n_jobs': None, 'penalty': None, 'random_state': 42, 'solver': 'lbfgs', 'tol': 0.0001, 'verbose': 0, 'warm_start': False}",0.04452204704284668
Wine_spoilage,1,1,10,3,RNN,Jittering,0.6451612903225806,0.6881720430107526,"{'hidden_size': 64, 'epochs': 10, 'batch_size': 32, 'lr': 0.001}",0.2205960750579834
Wine_spoilage,1,1,7,1,KNN,Tuned_Baseline,0.8,0.7842082214223768,"{'algorithm': 'auto', 'leaf_size': 30, 'metric': 'euclidean', 'metric_params': None, 'n_jobs': None, 'n_neighbors': np.int64(3), 'p': 2, 'weights': 'uniform'}",0.13082003593444824
Wine_spoilage,1,1,10,5,KNN,Jittering,0.6854838709677419,0.6941658562334931,"{'algorithm': 'auto', 'leaf_size': 30, 'metric': 'manhattan', 'metric_params': None, 'n_jobs': None, 'n_neighbors': np.int64(19), 'p': 2, 'weights': 'distance'}",0.04775738716125488
Wine_spoilage,1,1,7,2,LinearSVC,Time_Warping,0.7916129032258065,0.7821603169931357,"{'C': np.float64(0.1), 'class_weight': None, 'dual': True, 'fit_intercept': True, 'intercept_scaling': 1, 'loss': 'squared_hinge', 'max_iter': 100, 'multi_class': 'ovr', 'penalty': 'l2', 'random_state': 42, 'tol': 0.0001, 'verbose': 0}",0.0809476375579834
Wine_spoilage,1,1,7,1,RandomForest,Baseline,0.7845161290322581,0.7390519288040961,"{'bootstrap': True, 'ccp_alpha': 0.0, 'class_weight': None, 'criterion': 'gini', 'max_depth': None, 'max_features': 'sqrt', 'max_leaf_nodes': None, 'max_samples': None, 'min_impurity_decrease': 0.0, 'min_samples_leaf': 1, 'min_samples_split': 2, 'min_weight_fraction_leaf': 0.0, 'monotonic_cst': None, 'n_estimators': 100, 'n_jobs': None, 'oob_score': False, 'random_state': 42, 'verbose': 0, 'warm_start': False}",0.17318058013916016
Wine_spoilage,1,1,10,5,RandomForest,Jittering,0.677741935483871,0.6826378801388007,"{'bootstrap': True, 'ccp_alpha': 0.0, 'class_weight': None, 'criterion': 'gini', 'max_depth': None, 'max_features': 'sqrt', 'max_leaf_nodes': None, 'max_samples': None, 'min_impurity_decrease': 0.0, 'min_samples_leaf': 1, 'min_samples_split': 2, 'min_weight_fraction_leaf': 0.0, 'monotonic_cst': None, 'n_estimators': 100, 'n_jobs': None, 'oob_score': False, 'random_state': 42, 'verbose': 0, 'warm_start': False}",0.3857748508453369
Wine_spoilage,1,1,7,1,RandomForest,Tuned_Baseline,0.7838709677419354,0.7377563651954574,"{'bootstrap': True, 'ccp_alpha': 0.0, 'class_weight': None, 'criterion': 'gini', 'max_depth': 10, 'max_features': 'sqrt', 'max_leaf_nodes': None, 'max_samples': None, 'min_impurity_decrease': 0.0, 'min_samples_leaf': 1, 'min_samples_split': 5, 'min_weight_fraction_leaf': 0.0, 'monotonic_cst': None, 'n_estimators': 100, 'n_jobs': None, 'oob_score': False, 'random_state': 42, 'verbose': 0, 'warm_start': False}",0.008655309677124023
Wine_spoilage,1,1,7,1,LinearSVC,Baseline,0.7983870967741935,0.7882933770381413,"{'C': 1.0, 'class_weight': None, 'dual': False, 'fit_intercept': True, 'intercept_scaling': 1, 'loss': 'squared_hinge', 'max_iter': 100, 'multi_class': 'ovr', 'penalty': 'l2', 'random_state': 42, 'tol': 0.0001, 'verbose': 0}",0.002852201461791992
Wine_spoilage,1,1,10,5,LinearSVC,Jittering,0.6083870967741936,0.6022267020740811,"{'C': np.float64(10.0), 'class_weight': None, 'dual': False, 'fit_intercept': True, 'intercept_scaling': 1, 'loss': 'squared_hinge', 'max_iter': 100, 'multi_class': 'ovr', 'penalty': 'l1', 'random_state': 42, 'tol': 0.0001, 'verbose': 0}",0.020003318786621094
Wine_spoilage,1,1,7,1,LinearSVC,Tuned_Baseline,0.7783870967741936,0.7728716648931024,"{'C': np.float64(100.0), 'class_weight': None, 'dual': True, 'fit_intercept': True, 'intercept_scaling': 1, 'loss': 'hinge', 'max_iter': 100, 'multi_class': 'ovr', 'penalty': 'l2', 'random_state': 42, 'tol': 0.0001, 'verbose': 0}",0.0003533363342285156
Wine_spoilage,1,1,7,1,LogisticRegression,Baseline,0.7929032258064516,0.7818419732266924,"{'C': 1.0, 'class_weight': None, 'dual': False, 'fit_intercept': True, 'intercept_scaling': 1, 'l1_ratio': None, 'max_iter': 100, 'multi_class': 'deprecated', 'n_jobs': None, 'penalty': 'l2', 'random_state': 42, 'solver': 'lbfgs', 'tol': 0.0001, 'verbose': 0, 'warm_start': False}",0.0707547664642334
Wine_spoilage,1,1,7,2,LogisticRegression,Time_Warping,0.8032258064516129,0.7816193657101788,"{'C': np.float64(100.0), 'class_weight': None, 'dual': False, 'fit_intercept': True, 'intercept_scaling': 1, 'l1_ratio': None, 'max_iter': 100, 'multi_class': 'deprecated', 'n_jobs': None, 'penalty': 'l2', 'random_state': 42, 'solver': 'lbfgs', 'tol': 0.0001, 'verbose': 0, 'warm_start': False}",0.3603084087371826
Wine_spoilage,1,1,7,2,LogisticRegression,Magnitude_Warping,0.7790322580645161,0.7465309756247315,"{'C': np.float64(100.0), 'class_weight': None, 'dual': False, 'fit_intercept': True, 'intercept_scaling': 1, 'l1_ratio': None, 'max_iter': 100, 'multi_class': 'deprecated', 'n_jobs': None, 'penalty': None, 'random_state': 42, 'solver': 'lbfgs', 'tol': 0.0001, 'verbose': 0, 'warm_start': False}",1.169428825378418
Wine_spoilage,1,1,10,5,LogisticRegression,Jittering,0.5967741935483871,0.6231284384378413,"{'C': np.float64(100.0), 'class_weight': None, 'dual': False, 'fit_intercept': True, 'intercept_scaling': 1, 'l1_ratio': None, 'max_iter': 100, 'multi_class': 'deprecated', 'n_jobs': None, 'penalty': 'l2', 'random_state': 42, 'solver': 'lbfgs', 'tol': 0.0001, 'verbose': 0, 'warm_start': False}",0.05047440528869629
Wine_spoilage,1,1,7,2,RNN,Time_Warping,0.8387096774193549,0.7747138397502601,"{'hidden_size': 64, 'epochs': 10, 'batch_size': 32, 'lr': 0.001}",0.7471761703491211
Wine_spoilage,1,1,10,5,RNN,Jittering,0.8387096774193549,0.8188619162904316,"{'hidden_size': 64, 'epochs': 10, 'batch_size': 32, 'lr': 0.001}",0.27082204818725586
Wine_spoilage,1,1,7,1,LogisticRegression,Tuned_Baseline,0.8041935483870968,0.7857709411451845,"{'C': np.float64(10.0), 'class_weight': None, 'dual': False, 'fit_intercept': True, 'intercept_scaling': 1, 'l1_ratio': None, 'max_iter': 100, 'multi_class': 'deprecated', 'n_jobs': None, 'penalty': None, 'random_state': 42, 'solver': 'lbfgs', 'tol': 0.0001, 'verbose': 0, 'warm_start': False}",0.0005660057067871094
Wine_spoilage,1,1,10,10,KNN,Jittering,0.6832258064516129,0.6776015110810433,"{'algorithm': 'auto', 'leaf_size': 30, 'metric': 'minkowski', 'metric_params': None, 'n_jobs': None, 'n_neighbors': 5, 'p': 2, 'weights': 'uniform'}",0.1550908088684082
Wine_spoilage,1,1,7,3,KNN,Time_Warping,0.8032258064516129,0.7875210000805797,"{'algorithm': 'auto', 'leaf_size': 30, 'metric': 'euclidean', 'metric_params': None, 'n_jobs': None, 'n_neighbors': np.int64(3), 'p': 2, 'weights': 'uniform'}",0.14446568489074707
Wine_spoilage,1,1,7,1,RNN,Baseline,0.8709677419354839,0.8640552995391705,"{'hidden_size': 64, 'epochs': 10, 'batch_size': 32, 'lr': 0.001}",0.41029834747314453
Wine_spoilage,1,1,7,1,RNN,Tuned_Baseline,0.8709677419354839,0.8640552995391705,"{'hidden_size': 64, 'epochs': 10, 'batch_size': 32, 'lr': 0.001}",0.01828789710998535
Wine_spoilage,1,1,7,2,KNN,Scaling,0.8070967741935484,0.7905289395750521,"{'algorithm': 'auto', 'leaf_size': 30, 'metric': 'euclidean', 'metric_params': None, 'n_jobs': None, 'n_neighbors': np.int64(3), 'p': 2, 'weights': 'uniform'}",0.1342763900756836
Wine_spoilage,1,1,10,10,RandomForest,Jittering,0.6693548387096774,0.6609544023534559,"{'bootstrap': True, 'ccp_alpha': 0.0, 'class_weight': None, 'criterion': 'gini', 'max_depth': None, 'max_features': 'sqrt', 'max_leaf_nodes': None, 'max_samples': None, 'min_impurity_decrease': 0.0, 'min_samples_leaf': 1, 'min_samples_split': 2, 'min_weight_fraction_leaf': 0.0, 'monotonic_cst': None, 'n_estimators': 100, 'n_jobs': None, 'oob_score': False, 'random_state': 42, 'verbose': 0, 'warm_start': False}",0.6587378978729248
Wine_spoilage,1,1,10,10,LinearSVC,Jittering,0.6035483870967742,0.6047389768014143,"{'C': 1.0, 'class_weight': None, 'dual': False, 'fit_intercept': True, 'intercept_scaling': 1, 'loss': 'squared_hinge', 'max_iter': 100, 'multi_class': 'ovr', 'penalty': 'l2', 'random_state': 42, 'tol': 0.0001, 'verbose': 0}",0.015951871871948242
Wine_spoilage,1,1,10,10,LogisticRegression,Jittering,0.5861290322580646,0.6073633017545509,"{'C': 1.0, 'class_weight': None, 'dual': False, 'fit_intercept': True, 'intercept_scaling': 1, 'l1_ratio': None, 'max_iter': 100, 'multi_class': 'deprecated', 'n_jobs': None, 'penalty': 'l2', 'random_state': 42, 'solver': 'lbfgs', 'tol': 0.0001, 'verbose': 0, 'warm_start': False}",0.06876301765441895
Wine_spoilage,1,1,10,10,RNN,Jittering,0.7419354838709677,0.672811059907834,"{'hidden_size': 64, 'epochs': 10, 'batch_size': 32, 'lr': 0.001}",0.23061227798461914
Wine_spoilage,1,1,7,3,RandomForest,Time_Warping,0.7838709677419354,0.736399867647766,"{'bootstrap': True, 'ccp_alpha': 0.0, 'class_weight': None, 'criterion': 'gini', 'max_depth': 20, 'max_features': 'sqrt', 'max_leaf_nodes': None, 'max_samples': None, 'min_impurity_decrease': 0.0, 'min_samples_leaf': 2, 'min_samples_split': 2, 'min_weight_fraction_leaf': 0.0, 'monotonic_cst': None, 'n_estimators': 50, 'n_jobs': None, 'oob_score': False, 'random_state': 42, 'verbose': 0, 'warm_start': False}",0.1073911190032959
Wine_spoilage,1,1,7,3,LinearSVC,Time_Warping,0.7919354838709678,0.7784635021697678,"{'C': np.float64(100.0), 'class_weight': None, 'dual': True, 'fit_intercept': True, 'intercept_scaling': 1, 'loss': 'hinge', 'max_iter': 100, 'multi_class': 'ovr', 'penalty': 'l2', 'random_state': 42, 'tol': 0.0001, 'verbose': 0}",0.005728960037231445
Wine_spoilage,1,1,7,3,LogisticRegression,Time_Warping,0.7832258064516129,0.7469307791145348,"{'C': np.float64(100.0), 'class_weight': None, 'dual': False, 'fit_intercept': True, 'intercept_scaling': 1, 'l1_ratio': None, 'max_iter': 100, 'multi_class': 'deprecated', 'n_jobs': None, 'penalty': 'l2', 'random_state': 42, 'solver': 'lbfgs', 'tol': 0.0001, 'verbose': 0, 'warm_start': False}",0.17461633682250977
Wine_spoilage,1,1,7,2,RNN,Magnitude_Warping,0.41935483870967744,0.3454545454545455,"{'hidden_size': 64, 'epochs': 10, 'batch_size': 32, 'lr': 0.001}",3.8190677165985107
Wine_spoilage,1,1,7,2,RandomForest,Scaling,0.7803225806451612,0.7320969247684911,"{'bootstrap': True, 'ccp_alpha': 0.0, 'class_weight': None, 'criterion': 'gini', 'max_depth': 20, 'max_features': 'sqrt', 'max_leaf_nodes': None, 'max_samples': None, 'min_impurity_decrease': 0.0, 'min_samples_leaf': 2, 'min_samples_split': 5, 'min_weight_fraction_leaf': 0.0, 'monotonic_cst': None, 'n_estimators': 100, 'n_jobs': None, 'oob_score': False, 'random_state': 42, 'verbose': 0, 'warm_start': False}",0.23456573486328125
Wine_spoilage,1,1,7,2,LinearSVC,Scaling,0.7980645161290323,0.7858551235385749,"{'C': np.float64(100.0), 'class_weight': None, 'dual': True, 'fit_intercept': True, 'intercept_scaling': 1, 'loss': 'hinge', 'max_iter': 100, 'multi_class': 'ovr', 'penalty': 'l2', 'random_state': 42, 'tol': 0.0001, 'verbose': 0}",0.011992692947387695
Wine_spoilage,1,1,7,3,RNN,Time_Warping,0.9354838709677419,0.9291803409909549,"{'hidden_size': 64, 'epochs': 10, 'batch_size': 32, 'lr': 0.001}",0.6626791954040527
Wine_spoilage,1,1,7,5,KNN,Time_Warping,0.8038709677419354,0.787845498739302,"{'algorithm': 'auto', 'leaf_size': 30, 'metric': 'euclidean', 'metric_params': None, 'n_jobs': None, 'n_neighbors': np.int64(3), 'p': 2, 'weights': 'uniform'}",0.15175986289978027
Wine_spoilage,1,1,7,3,KNN,Magnitude_Warping,0.797741935483871,0.781428034356143,"{'algorithm': 'auto', 'leaf_size': 30, 'metric': 'manhattan', 'metric_params': None, 'n_jobs': None, 'n_neighbors': np.int64(6), 'p': 2, 'weights': 'uniform'}",0.7341372966766357
Wine_spoilage,1,1,7,2,LogisticRegression,Scaling,0.7996774193548387,0.7785626395013183,"{'C': np.float64(100.0), 'class_weight': None, 'dual': False, 'fit_intercept': True, 'intercept_scaling': 1, 'l1_ratio': None, 'max_iter': 100, 'multi_class': 'deprecated', 'n_jobs': None, 'penalty': 'l2', 'random_state': 42, 'solver': 'lbfgs', 'tol': 0.0001, 'verbose': 0, 'warm_start': False}",0.23406648635864258
Wine_spoilage,1,1,7,5,RandomForest,Time_Warping,0.7838709677419354,0.7361146842876212,"{'bootstrap': True, 'ccp_alpha': 0.0, 'class_weight': None, 'criterion': 'gini', 'max_depth': 20, 'max_features': 'sqrt', 'max_leaf_nodes': None, 'max_samples': None, 'min_impurity_decrease': 0.0, 'min_samples_leaf': 1, 'min_samples_split': 2, 'min_weight_fraction_leaf': 0.0, 'monotonic_cst': None, 'n_estimators': 50, 'n_jobs': None, 'oob_score': False, 'random_state': 42, 'verbose': 0, 'warm_start': False}",0.13178515434265137
Wine_spoilage,1,1,7,5,LinearSVC,Time_Warping,0.7777419354838709,0.7439568937763396,"{'C': np.float64(100.0), 'class_weight': None, 'dual': True, 'fit_intercept': True, 'intercept_scaling': 1, 'loss': 'hinge', 'max_iter': 100, 'multi_class': 'ovr', 'penalty': 'l2', 'random_state': 42, 'tol': 0.0001, 'verbose': 0}",0.00970602035522461
Wine_spoilage,1,1,7,2,RNN,Scaling,0.2903225806451613,0.17185920411726863,"{'hidden_size': 64, 'epochs': 10, 'batch_size': 32, 'lr': 0.001}",0.7481880187988281
Wine_spoilage,1,1,7,3,KNN,Scaling,0.7958064516129032,0.7804595667442179,"{'algorithm': 'auto', 'leaf_size': 30, 'metric': 'manhattan', 'metric_params': None, 'n_jobs': None, 'n_neighbors': np.int64(6), 'p': 2, 'weights': 'uniform'}",0.1452336311340332
Wine_spoilage,1,1,7,3,RandomForest,Magnitude_Warping,0.785483870967742,0.7473067518018437,"{'bootstrap': True, 'ccp_alpha': 0.0, 'class_weight': None, 'criterion': 'gini', 'max_depth': 20, 'max_features': 'sqrt', 'max_leaf_nodes': None, 'max_samples': None, 'min_impurity_decrease': 0.0, 'min_samples_leaf': 2, 'min_samples_split': 2, 'min_weight_fraction_leaf': 0.0, 'monotonic_cst': None, 'n_estimators': 50, 'n_jobs': None, 'oob_score': False, 'random_state': 42, 'verbose': 0, 'warm_start': False}",0.1356360912322998
Wine_spoilage,1,1,7,3,LinearSVC,Magnitude_Warping,0.7874193548387097,0.7703610021688795,"{'C': np.float64(100.0), 'class_weight': None, 'dual': True, 'fit_intercept': True, 'intercept_scaling': 1, 'loss': 'hinge', 'max_iter': 100, 'multi_class': 'ovr', 'penalty': 'l2', 'random_state': 42, 'tol': 0.0001, 'verbose': 0}",0.013553619384765625
Wine_spoilage,1,1,7,5,LogisticRegression,Time_Warping,0.7819354838709678,0.7443050675117402,"{'C': np.float64(100.0), 'class_weight': None, 'dual': False, 'fit_intercept': True, 'intercept_scaling': 1, 'l1_ratio': None, 'max_iter': 100, 'multi_class': 'deprecated', 'n_jobs': None, 'penalty': 'l2', 'random_state': 42, 'solver': 'lbfgs', 'tol': 0.0001, 'verbose': 0, 'warm_start': False}",0.3753960132598877
Wine_spoilage,1,1,7,5,RNN,Time_Warping,0.8387096774193549,0.8352883675464321,"{'hidden_size': 64, 'epochs': 10, 'batch_size': 32, 'lr': 0.001}",0.24367332458496094
Wine_spoilage,1,1,7,10,KNN,Time_Warping,0.7996774193548387,0.7849400230944599,"{'algorithm': 'auto', 'leaf_size': 30, 'metric': 'minkowski', 'metric_params': None, 'n_jobs': None, 'n_neighbors': 5, 'p': 2, 'weights': 'uniform'}",0.14829349517822266
Wine_spoilage,1,1,7,10,RandomForest,Time_Warping,0.7832258064516129,0.7354922822520826,"{'bootstrap': True, 'ccp_alpha': 0.0, 'class_weight': None, 'criterion': 'gini', 'max_depth': None, 'max_features': 'sqrt', 'max_leaf_nodes': None, 'max_samples': None, 'min_impurity_decrease': 0.0, 'min_samples_leaf': 1, 'min_samples_split': 2, 'min_weight_fraction_leaf': 0.0, 'monotonic_cst': None, 'n_estimators': 100, 'n_jobs': None, 'oob_score': False, 'random_state': 42, 'verbose': 0, 'warm_start': False}",0.3275740146636963
Wine_spoilage,1,1,7,10,LinearSVC,Time_Warping,0.7829032258064517,0.7663360988787221,"{'C': 1.0, 'class_weight': None, 'dual': False, 'fit_intercept': True, 'intercept_scaling': 1, 'loss': 'squared_hinge', 'max_iter': 100, 'multi_class': 'ovr', 'penalty': 'l2', 'random_state': 42, 'tol': 0.0001, 'verbose': 0}",0.01101994514465332
Wine_spoilage,1,1,7,3,RandomForest,Scaling,0.7812903225806451,0.7428257342001241,"{'bootstrap': True, 'ccp_alpha': 0.0, 'class_weight': None, 'criterion': 'gini', 'max_depth': 20, 'max_features': 'sqrt', 'max_leaf_nodes': None, 'max_samples': None, 'min_impurity_decrease': 0.0, 'min_samples_leaf': 2, 'min_samples_split': 2, 'min_weight_fraction_leaf': 0.0, 'monotonic_cst': None, 'n_estimators': 50, 'n_jobs': None, 'oob_score': False, 'random_state': 42, 'verbose': 0, 'warm_start': False}",0.23191452026367188
Wine_spoilage,1,1,7,3,LinearSVC,Scaling,0.7935483870967742,0.7835599720050036,"{'C': np.float64(100.0), 'class_weight': None, 'dual': True, 'fit_intercept': True, 'intercept_scaling': 1, 'loss': 'hinge', 'max_iter': 100, 'multi_class': 'ovr', 'penalty': 'l2', 'random_state': 42, 'tol': 0.0001, 'verbose': 0}",0.0063822269439697266
Wine_spoilage,1,1,7,10,LogisticRegression,Time_Warping,0.782258064516129,0.7653197042686908,"{'C': 1.0, 'class_weight': None, 'dual': False, 'fit_intercept': True, 'intercept_scaling': 1, 'l1_ratio': None, 'max_iter': 100, 'multi_class': 'deprecated', 'n_jobs': None, 'penalty': 'l2', 'random_state': 42, 'solver': 'lbfgs', 'tol': 0.0001, 'verbose': 0, 'warm_start': False}",0.19848322868347168
Wine_spoilage,1,1,7,3,LogisticRegression,Magnitude_Warping,0.7916129032258065,0.7691087625699311,"{'C': np.float64(100.0), 'class_weight': None, 'dual': False, 'fit_intercept': True, 'intercept_scaling': 1, 'l1_ratio': None, 'max_iter': 100, 'multi_class': 'deprecated', 'n_jobs': None, 'penalty': 'l2', 'random_state': 42, 'solver': 'lbfgs', 'tol': 0.0001, 'verbose': 0, 'warm_start': False}",0.057906150817871094
Wine_spoilage,1,1,7,10,RNN,Time_Warping,0.5806451612903226,0.5081938933931344,"{'hidden_size': 64, 'epochs': 10, 'batch_size': 32, 'lr': 0.001}",0.31944942474365234
Wine_spoilage,1,1,7,3,RNN,Magnitude_Warping,0.8387096774193549,0.7817836812144212,"{'hidden_size': 64, 'epochs': 10, 'batch_size': 32, 'lr': 0.001}",0.3060603141784668
Wine_spoilage,1,1,8,1,KNN,Baseline,0.8587096774193549,0.8604741682823982,"{'algorithm': 'auto', 'leaf_size': 30, 'metric': 'minkowski', 'metric_params': None, 'n_jobs': None, 'n_neighbors': 5, 'p': 2, 'weights': 'uniform'}",0.11285853385925293
Wine_spoilage,1,1,7,5,KNN,Magnitude_Warping,0.8061290322580645,0.7899506687384343,"{'algorithm': 'auto', 'leaf_size': 30, 'metric': 'euclidean', 'metric_params': None, 'n_jobs': None, 'n_neighbors': np.int64(3), 'p': 2, 'weights': 'uniform'}",0.14576101303100586
Wine_spoilage,1,1,8,1,KNN,Tuned_Baseline,0.8551612903225806,0.8571083752189348,"{'algorithm': 'auto', 'leaf_size': 30, 'metric': 'manhattan', 'metric_params': None, 'n_jobs': None, 'n_neighbors': np.int64(8), 'p': 2, 'weights': 'distance'}",0.015877723693847656
Wine_spoilage,1,1,8,1,RandomForest,Baseline,0.7738709677419355,0.7838392064315286,"{'bootstrap': True, 'ccp_alpha': 0.0, 'class_weight': None, 'criterion': 'gini', 'max_depth': None, 'max_features': 'sqrt', 'max_leaf_nodes': None, 'max_samples': None, 'min_impurity_decrease': 0.0, 'min_samples_leaf': 1, 'min_samples_split': 2, 'min_weight_fraction_leaf': 0.0, 'monotonic_cst': None, 'n_estimators': 100, 'n_jobs': None, 'oob_score': False, 'random_state': 42, 'verbose': 0, 'warm_start': False}",0.14308834075927734
Wine_spoilage,1,1,7,3,LogisticRegression,Scaling,0.8125806451612904,0.797376056568934,"{'C': np.float64(100.0), 'class_weight': None, 'dual': False, 'fit_intercept': True, 'intercept_scaling': 1, 'l1_ratio': None, 'max_iter': 100, 'multi_class': 'deprecated', 'n_jobs': None, 'penalty': 'l2', 'random_state': 42, 'solver': 'lbfgs', 'tol': 0.0001, 'verbose': 0, 'warm_start': False}",0.24626922607421875
Wine_spoilage,1,1,7,5,RandomForest,Magnitude_Warping,0.7870967741935484,0.7521635873878766,"{'bootstrap': True, 'ccp_alpha': 0.0, 'class_weight': None, 'criterion': 'gini', 'max_depth': 20, 'max_features': 'sqrt', 'max_leaf_nodes': None, 'max_samples': None, 'min_impurity_decrease': 0.0, 'min_samples_leaf': 1, 'min_samples_split': 2, 'min_weight_fraction_leaf': 0.0, 'monotonic_cst': None, 'n_estimators': 50, 'n_jobs': None, 'oob_score': False, 'random_state': 42, 'verbose': 0, 'warm_start': False}",0.1600489616394043
Wine_spoilage,1,1,7,3,RNN,Scaling,0.8387096774193549,0.7817836812144212,"{'hidden_size': 64, 'epochs': 10, 'batch_size': 32, 'lr': 0.001}",0.22421979904174805
Wine_spoilage,1,1,7,5,LinearSVC,Magnitude_Warping,0.7935483870967742,0.7816211781318065,"{'C': np.float64(0.1), 'class_weight': None, 'dual': True, 'fit_intercept': True, 'intercept_scaling': 1, 'loss': 'squared_hinge', 'max_iter': 100, 'multi_class': 'ovr', 'penalty': 'l2', 'random_state': 42, 'tol': 0.0001, 'verbose': 0}",0.013897180557250977
Wine_spoilage,1,1,7,5,KNN,Scaling,0.8103225806451613,0.7941326476443866,"{'algorithm': 'auto', 'leaf_size': 30, 'metric': 'euclidean', 'metric_params': None, 'n_jobs': None, 'n_neighbors': np.int64(3), 'p': 2, 'weights': 'uniform'}",0.14626622200012207
Wine_spoilage,1,1,7,5,RandomForest,Scaling,0.8009677419354839,0.7691871837830727,"{'bootstrap': True, 'ccp_alpha': 0.0, 'class_weight': None, 'criterion': 'gini', 'max_depth': 20, 'max_features': 'sqrt', 'max_leaf_nodes': None, 'max_samples': None, 'min_impurity_decrease': 0.0, 'min_samples_leaf': 1, 'min_samples_split': 2, 'min_weight_fraction_leaf': 0.0, 'monotonic_cst': None, 'n_estimators': 50, 'n_jobs': None, 'oob_score': False, 'random_state': 42, 'verbose': 0, 'warm_start': False}",0.13357853889465332
Wine_spoilage,1,1,7,5,LinearSVC,Scaling,0.8038709677419354,0.7927238618476425,"{'C': np.float64(0.1), 'class_weight': None, 'dual': True, 'fit_intercept': True, 'intercept_scaling': 1, 'loss': 'squared_hinge', 'max_iter': 100, 'multi_class': 'ovr', 'penalty': 'l2', 'random_state': 42, 'tol': 0.0001, 'verbose': 0}",0.013896703720092773
Wine_spoilage,1,1,7,5,LogisticRegression,Magnitude_Warping,0.7896774193548387,0.7642140133651171,"{'C': np.float64(100.0), 'class_weight': None, 'dual': False, 'fit_intercept': True, 'intercept_scaling': 1, 'l1_ratio': None, 'max_iter': 100, 'multi_class': 'deprecated', 'n_jobs': None, 'penalty': 'l2', 'random_state': 42, 'solver': 'lbfgs', 'tol': 0.0001, 'verbose': 0, 'warm_start': False}",0.4323880672454834
Wine_spoilage,1,1,8,1,RandomForest,Tuned_Baseline,0.7677419354838709,0.7791478182648086,"{'bootstrap': True, 'ccp_alpha': 0.0, 'class_weight': None, 'criterion': 'gini', 'max_depth': 20, 'max_features': 'sqrt', 'max_leaf_nodes': None, 'max_samples': None, 'min_impurity_decrease': 0.0, 'min_samples_leaf': 2, 'min_samples_split': 5, 'min_weight_fraction_leaf': 0.0, 'monotonic_cst': None, 'n_estimators': 100, 'n_jobs': None, 'oob_score': False, 'random_state': 42, 'verbose': 0, 'warm_start': False}",0.029161691665649414
Wine_spoilage,1,1,8,1,LinearSVC,Baseline,0.7512903225806452,0.7670325999671618,"{'C': 1.0, 'class_weight': None, 'dual': False, 'fit_intercept': True, 'intercept_scaling': 1, 'loss': 'squared_hinge', 'max_iter': 100, 'multi_class': 'ovr', 'penalty': 'l2', 'random_state': 42, 'tol': 0.0001, 'verbose': 0}",0.006441354751586914
Wine_spoilage,1,1,8,1,LinearSVC,Tuned_Baseline,0.7380645161290322,0.750733961800924,"{'C': np.float64(0.1), 'class_weight': None, 'dual': True, 'fit_intercept': True, 'intercept_scaling': 1, 'loss': 'squared_hinge', 'max_iter': 100, 'multi_class': 'ovr', 'penalty': 'l2', 'random_state': 42, 'tol': 0.0001, 'verbose': 0}",0.00044918060302734375
Wine_spoilage,1,1,7,5,RNN,Magnitude_Warping,0.7419354838709677,0.672811059907834,"{'hidden_size': 64, 'epochs': 10, 'batch_size': 32, 'lr': 0.001}",0.6352360248565674
Wine_spoilage,1,1,8,1,LogisticRegression,Baseline,0.7358064516129033,0.7527212650287972,"{'C': 1.0, 'class_weight': None, 'dual': False, 'fit_intercept': True, 'intercept_scaling': 1, 'l1_ratio': None, 'max_iter': 100, 'multi_class': 'deprecated', 'n_jobs': None, 'penalty': 'l2', 'random_state': 42, 'solver': 'lbfgs', 'tol': 0.0001, 'verbose': 0, 'warm_start': False}",0.2232520580291748
Wine_spoilage,1,1,7,10,KNN,Magnitude_Warping,0.8064516129032258,0.790159003305362,"{'algorithm': 'auto', 'leaf_size': 30, 'metric': 'minkowski', 'metric_params': None, 'n_jobs': None, 'n_neighbors': 5, 'p': 2, 'weights': 'uniform'}",0.1589350700378418
Wine_spoilage,1,1,7,5,LogisticRegression,Scaling,0.8112903225806452,0.7912616444343853,"{'C': np.float64(100.0), 'class_weight': None, 'dual': False, 'fit_intercept': True, 'intercept_scaling': 1, 'l1_ratio': None, 'max_iter': 100, 'multi_class': 'deprecated', 'n_jobs': None, 'penalty': 'l2', 'random_state': 42, 'solver': 'lbfgs', 'tol': 0.0001, 'verbose': 0, 'warm_start': False}",0.12480425834655762
Wine_spoilage,1,1,7,10,RandomForest,Magnitude_Warping,0.8161290322580645,0.7961159693291079,"{'bootstrap': True, 'ccp_alpha': 0.0, 'class_weight': None, 'criterion': 'gini', 'max_depth': None, 'max_features': 'sqrt', 'max_leaf_nodes': None, 'max_samples': None, 'min_impurity_decrease': 0.0, 'min_samples_leaf': 1, 'min_samples_split': 2, 'min_weight_fraction_leaf': 0.0, 'monotonic_cst': None, 'n_estimators': 100, 'n_jobs': None, 'oob_score': False, 'random_state': 42, 'verbose': 0, 'warm_start': False}",0.5611836910247803
Wine_spoilage,1,1,7,10,LinearSVC,Magnitude_Warping,0.7941935483870968,0.7807918837246557,"{'C': 1.0, 'class_weight': None, 'dual': False, 'fit_intercept': True, 'intercept_scaling': 1, 'loss': 'squared_hinge', 'max_iter': 100, 'multi_class': 'ovr', 'penalty': 'l2', 'random_state': 42, 'tol': 0.0001, 'verbose': 0}",0.01371622085571289
Wine_spoilage,1,1,7,10,LogisticRegression,Magnitude_Warping,0.7941935483870968,0.7800264612941223,"{'C': 1.0, 'class_weight': None, 'dual': False, 'fit_intercept': True, 'intercept_scaling': 1, 'l1_ratio': None, 'max_iter': 100, 'multi_class': 'deprecated', 'n_jobs': None, 'penalty': 'l2', 'random_state': 42, 'solver': 'lbfgs', 'tol': 0.0001, 'verbose': 0, 'warm_start': False}",0.12415337562561035
Wine_spoilage,1,1,7,5,RNN,Scaling,0.4838709677419355,0.4479747756487994,"{'hidden_size': 64, 'epochs': 10, 'batch_size': 32, 'lr': 0.001}",0.7152783870697021
Wine_spoilage,1,1,7,10,KNN,Scaling,0.8096774193548387,0.7937484086734615,"{'algorithm': 'auto', 'leaf_size': 30, 'metric': 'minkowski', 'metric_params': None, 'n_jobs': None, 'n_neighbors': 5, 'p': 2, 'weights': 'uniform'}",0.15816259384155273
Wine_spoilage,1,1,7,10,RandomForest,Scaling,0.8045161290322581,0.7796894857227942,"{'bootstrap': True, 'ccp_alpha': 0.0, 'class_weight': None, 'criterion': 'gini', 'max_depth': None, 'max_features': 'sqrt', 'max_leaf_nodes': None, 'max_samples': None, 'min_impurity_decrease': 0.0, 'min_samples_leaf': 1, 'min_samples_split': 2, 'min_weight_fraction_leaf': 0.0, 'monotonic_cst': None, 'n_estimators': 100, 'n_jobs': None, 'oob_score': False, 'random_state': 42, 'verbose': 0, 'warm_start': False}",0.44376206398010254
Wine_spoilage,1,1,7,10,LinearSVC,Scaling,0.8009677419354839,0.7885123555814295,"{'C': 1.0, 'class_weight': None, 'dual': False, 'fit_intercept': True, 'intercept_scaling': 1, 'loss': 'squared_hinge', 'max_iter': 100, 'multi_class': 'ovr', 'penalty': 'l2', 'random_state': 42, 'tol': 0.0001, 'verbose': 0}",0.012244939804077148
Wine_spoilage,1,1,7,10,LogisticRegression,Scaling,0.7948387096774193,0.7803797978952903,"{'C': 1.0, 'class_weight': None, 'dual': False, 'fit_intercept': True, 'intercept_scaling': 1, 'l1_ratio': None, 'max_iter': 100, 'multi_class': 'deprecated', 'n_jobs': None, 'penalty': 'l2', 'random_state': 42, 'solver': 'lbfgs', 'tol': 0.0001, 'verbose': 0, 'warm_start': False}",0.10567426681518555
Wine_spoilage,1,1,8,1,LogisticRegression,Tuned_Baseline,0.7196774193548388,0.737566567843662,"{'C': np.float64(10.0), 'class_weight': None, 'dual': False, 'fit_intercept': True, 'intercept_scaling': 1, 'l1_ratio': None, 'max_iter': 100, 'multi_class': 'deprecated', 'n_jobs': None, 'penalty': None, 'random_state': 42, 'solver': 'lbfgs', 'tol': 0.0001, 'verbose': 0, 'warm_start': False}",0.0005519390106201172
Wine_spoilage,1,1,8,1,RNN,Baseline,0.7741935483870968,0.715324719774108,"{'hidden_size': 64, 'epochs': 10, 'batch_size': 32, 'lr': 0.001}",0.19925808906555176
Wine_spoilage,1,1,8,1,RNN,Tuned_Baseline,0.7741935483870968,0.715324719774108,"{'hidden_size': 64, 'epochs': 10, 'batch_size': 32, 'lr': 0.001}",0.017963171005249023
Wine_spoilage,1,1,8,2,KNN,Time_Warping,0.844516129032258,0.8488893173656875,"{'algorithm': 'auto', 'leaf_size': 30, 'metric': 'manhattan', 'metric_params': None, 'n_jobs': None, 'n_neighbors': np.int64(9), 'p': 2, 'weights': 'distance'}",0.026273012161254883
Wine_spoilage,1,1,7,10,RNN,Magnitude_Warping,0.8387096774193549,0.7817836812144212,"{'hidden_size': 64, 'epochs': 10, 'batch_size': 32, 'lr': 0.001}",2.7370803356170654
Wine_spoilage,1,1,8,1,KNN,Baseline,0.8587096774193549,0.8604741682823982,"{'algorithm': 'auto', 'leaf_size': 30, 'metric': 'minkowski', 'metric_params': None, 'n_jobs': None, 'n_neighbors': 5, 'p': 2, 'weights': 'uniform'}",0.14483094215393066
Wine_spoilage,1,1,8,2,RandomForest,Time_Warping,0.7587096774193548,0.7702315644221664,"{'bootstrap': True, 'ccp_alpha': 0.0, 'class_weight': None, 'criterion': 'gini', 'max_depth': 20, 'max_features': 'sqrt', 'max_leaf_nodes': None, 'max_samples': None, 'min_impurity_decrease': 0.0, 'min_samples_leaf': 2, 'min_samples_split': 2, 'min_weight_fraction_leaf': 0.0, 'monotonic_cst': None, 'n_estimators': 50, 'n_jobs': None, 'oob_score': False, 'random_state': 42, 'verbose': 0, 'warm_start': False}",0.10902214050292969
Wine_spoilage,1,1,8,2,LinearSVC,Time_Warping,0.7496774193548387,0.7647791832647073,"{'C': np.float64(100.0), 'class_weight': None, 'dual': False, 'fit_intercept': True, 'intercept_scaling': 1, 'loss': 'squared_hinge', 'max_iter': 100, 'multi_class': 'ovr', 'penalty': 'l1', 'random_state': 42, 'tol': 0.0001, 'verbose': 0}",0.007735013961791992
Wine_spoilage,1,1,8,1,KNN,Tuned_Baseline,0.8551612903225806,0.8571083752189348,"{'algorithm': 'auto', 'leaf_size': 30, 'metric': 'manhattan', 'metric_params': None, 'n_jobs': None, 'n_neighbors': np.int64(8), 'p': 2, 'weights': 'distance'}",0.03681373596191406
Wine_spoilage,1,1,8,1,RandomForest,Baseline,0.7738709677419355,0.7838392064315286,"{'bootstrap': True, 'ccp_alpha': 0.0, 'class_weight': None, 'criterion': 'gini', 'max_depth': None, 'max_features': 'sqrt', 'max_leaf_nodes': None, 'max_samples': None, 'min_impurity_decrease': 0.0, 'min_samples_leaf': 1, 'min_samples_split': 2, 'min_weight_fraction_leaf': 0.0, 'monotonic_cst': None, 'n_estimators': 100, 'n_jobs': None, 'oob_score': False, 'random_state': 42, 'verbose': 0, 'warm_start': False}",0.23679041862487793
Wine_spoilage,1,1,7,10,RNN,Scaling,0.8064516129032258,0.7803379416282642,"{'hidden_size': 64, 'epochs': 10, 'batch_size': 32, 'lr': 0.001}",3.2486438751220703
Wine_spoilage,1,1,8,1,KNN,Baseline,0.8587096774193549,0.8604741682823982,"{'algorithm': 'auto', 'leaf_size': 30, 'metric': 'minkowski', 'metric_params': None, 'n_jobs': None, 'n_neighbors': 5, 'p': 2, 'weights': 'uniform'}",0.14471817016601562
Wine_spoilage,1,1,8,2,LogisticRegression,Time_Warping,0.6961290322580646,0.719005093378608,"{'C': np.float64(100.0), 'class_weight': None, 'dual': False, 'fit_intercept': True, 'intercept_scaling': 1, 'l1_ratio': None, 'max_iter': 100, 'multi_class': 'deprecated', 'n_jobs': None, 'penalty': 'l2', 'random_state': 42, 'solver': 'lbfgs', 'tol': 0.0001, 'verbose': 0, 'warm_start': False}",0.07068371772766113
Wine_spoilage,1,1,8,1,KNN,Tuned_Baseline,0.8551612903225806,0.8571083752189348,"{'algorithm': 'auto', 'leaf_size': 30, 'metric': 'manhattan', 'metric_params': None, 'n_jobs': None, 'n_neighbors': np.int64(8), 'p': 2, 'weights': 'distance'}",0.036514997482299805
Wine_spoilage,1,1,8,2,RNN,Time_Warping,0.8064516129032258,0.7320099255583127,"{'hidden_size': 64, 'epochs': 10, 'batch_size': 32, 'lr': 0.001}",0.6685256958007812
Wine_spoilage,1,1,8,1,RandomForest,Baseline,0.7738709677419355,0.7838392064315286,"{'bootstrap': True, 'ccp_alpha': 0.0, 'class_weight': None, 'criterion': 'gini', 'max_depth': None, 'max_features': 'sqrt', 'max_leaf_nodes': None, 'max_samples': None, 'min_impurity_decrease': 0.0, 'min_samples_leaf': 1, 'min_samples_split': 2, 'min_weight_fraction_leaf': 0.0, 'monotonic_cst': None, 'n_estimators': 100, 'n_jobs': None, 'oob_score': False, 'random_state': 42, 'verbose': 0, 'warm_start': False}",0.34725284576416016
Wine_spoilage,1,1,8,3,KNN,Time_Warping,0.8367741935483871,0.8410897736555913,"{'algorithm': 'auto', 'leaf_size': 30, 'metric': 'manhattan', 'metric_params': None, 'n_jobs': None, 'n_neighbors': np.int64(9), 'p': 2, 'weights': 'distance'}",0.04322671890258789
Wine_spoilage,1,1,8,1,RandomForest,Tuned_Baseline,0.7677419354838709,0.7791478182648086,"{'bootstrap': True, 'ccp_alpha': 0.0, 'class_weight': None, 'criterion': 'gini', 'max_depth': 20, 'max_features': 'sqrt', 'max_leaf_nodes': None, 'max_samples': None, 'min_impurity_decrease': 0.0, 'min_samples_leaf': 2, 'min_samples_split': 5, 'min_weight_fraction_leaf': 0.0, 'monotonic_cst': None, 'n_estimators': 100, 'n_jobs': None, 'oob_score': False, 'random_state': 42, 'verbose': 0, 'warm_start': False}",0.013411521911621094
Wine_spoilage,1,1,8,1,LinearSVC,Baseline,0.7512903225806452,0.7670325999671618,"{'C': 1.0, 'class_weight': None, 'dual': False, 'fit_intercept': True, 'intercept_scaling': 1, 'loss': 'squared_hinge', 'max_iter': 100, 'multi_class': 'ovr', 'penalty': 'l2', 'random_state': 42, 'tol': 0.0001, 'verbose': 0}",0.0034325122833251953
Wine_spoilage,1,1,8,1,LinearSVC,Tuned_Baseline,0.7380645161290322,0.750733961800924,"{'C': np.float64(0.1), 'class_weight': None, 'dual': True, 'fit_intercept': True, 'intercept_scaling': 1, 'loss': 'squared_hinge', 'max_iter': 100, 'multi_class': 'ovr', 'penalty': 'l2', 'random_state': 42, 'tol': 0.0001, 'verbose': 0}",0.00035762786865234375
Wine_spoilage,1,1,8,1,LogisticRegression,Baseline,0.7358064516129033,0.7527212650287972,"{'C': 1.0, 'class_weight': None, 'dual': False, 'fit_intercept': True, 'intercept_scaling': 1, 'l1_ratio': None, 'max_iter': 100, 'multi_class': 'deprecated', 'n_jobs': None, 'penalty': 'l2', 'random_state': 42, 'solver': 'lbfgs', 'tol': 0.0001, 'verbose': 0, 'warm_start': False}",0.06578469276428223
Wine_spoilage,1,1,8,3,RandomForest,Time_Warping,0.77,0.7803083301661924,"{'bootstrap': True, 'ccp_alpha': 0.0, 'class_weight': None, 'criterion': 'gini', 'max_depth': 20, 'max_features': 'sqrt', 'max_leaf_nodes': None, 'max_samples': None, 'min_impurity_decrease': 0.0, 'min_samples_leaf': 2, 'min_samples_split': 2, 'min_weight_fraction_leaf': 0.0, 'monotonic_cst': None, 'n_estimators': 50, 'n_jobs': None, 'oob_score': False, 'random_state': 42, 'verbose': 0, 'warm_start': False}",0.1265113353729248
Wine_spoilage,1,1,8,3,LinearSVC,Time_Warping,0.7470967741935484,0.7567113226652878,"{'C': np.float64(0.01), 'class_weight': None, 'dual': False, 'fit_intercept': True, 'intercept_scaling': 1, 'loss': 'squared_hinge', 'max_iter': 100, 'multi_class': 'ovr', 'penalty': 'l2', 'random_state': 42, 'tol': 0.0001, 'verbose': 0}",0.005164146423339844
Wine_spoilage,1,1,8,1,RandomForest,Tuned_Baseline,0.7677419354838709,0.7791478182648086,"{'bootstrap': True, 'ccp_alpha': 0.0, 'class_weight': None, 'criterion': 'gini', 'max_depth': 20, 'max_features': 'sqrt', 'max_leaf_nodes': None, 'max_samples': None, 'min_impurity_decrease': 0.0, 'min_samples_leaf': 2, 'min_samples_split': 5, 'min_weight_fraction_leaf': 0.0, 'monotonic_cst': None, 'n_estimators': 100, 'n_jobs': None, 'oob_score': False, 'random_state': 42, 'verbose': 0, 'warm_start': False}",0.01365971565246582
Wine_spoilage,1,1,8,1,LinearSVC,Baseline,0.7512903225806452,0.7670325999671618,"{'C': 1.0, 'class_weight': None, 'dual': False, 'fit_intercept': True, 'intercept_scaling': 1, 'loss': 'squared_hinge', 'max_iter': 100, 'multi_class': 'ovr', 'penalty': 'l2', 'random_state': 42, 'tol': 0.0001, 'verbose': 0}",0.003107309341430664
Wine_spoilage,1,1,8,1,LinearSVC,Tuned_Baseline,0.7380645161290322,0.750733961800924,"{'C': np.float64(0.1), 'class_weight': None, 'dual': True, 'fit_intercept': True, 'intercept_scaling': 1, 'loss': 'squared_hinge', 'max_iter': 100, 'multi_class': 'ovr', 'penalty': 'l2', 'random_state': 42, 'tol': 0.0001, 'verbose': 0}",0.0004115104675292969
Wine_spoilage,1,1,8,1,LogisticRegression,Baseline,0.7358064516129033,0.7527212650287972,"{'C': 1.0, 'class_weight': None, 'dual': False, 'fit_intercept': True, 'intercept_scaling': 1, 'l1_ratio': None, 'max_iter': 100, 'multi_class': 'deprecated', 'n_jobs': None, 'penalty': 'l2', 'random_state': 42, 'solver': 'lbfgs', 'tol': 0.0001, 'verbose': 0, 'warm_start': False}",0.16634535789489746
Wine_spoilage,1,1,8,3,LogisticRegression,Time_Warping,0.6638709677419354,0.6890922129253785,"{'C': np.float64(100.0), 'class_weight': None, 'dual': False, 'fit_intercept': True, 'intercept_scaling': 1, 'l1_ratio': None, 'max_iter': 100, 'multi_class': 'deprecated', 'n_jobs': None, 'penalty': 'l2', 'random_state': 42, 'solver': 'lbfgs', 'tol': 0.0001, 'verbose': 0, 'warm_start': False}",0.07249808311462402
Wine_spoilage,1,1,8,3,RNN,Time_Warping,0.2903225806451613,0.28225806451612906,"{'hidden_size': 64, 'epochs': 10, 'batch_size': 32, 'lr': 0.001}",0.6764800548553467
Wine_spoilage,1,1,8,1,LogisticRegression,Tuned_Baseline,0.7196774193548388,0.737566567843662,"{'C': np.float64(10.0), 'class_weight': None, 'dual': False, 'fit_intercept': True, 'intercept_scaling': 1, 'l1_ratio': None, 'max_iter': 100, 'multi_class': 'deprecated', 'n_jobs': None, 'penalty': None, 'random_state': 42, 'solver': 'lbfgs', 'tol': 0.0001, 'verbose': 0, 'warm_start': False}",0.0005693435668945312
Wine_spoilage,1,1,8,5,KNN,Time_Warping,0.7935483870967742,0.8051506015435208,"{'algorithm': 'auto', 'leaf_size': 30, 'metric': 'manhattan', 'metric_params': None, 'n_jobs': None, 'n_neighbors': np.int64(19), 'p': 2, 'weights': 'distance'}",0.07007288932800293
Wine_spoilage,1,1,8,1,RNN,Baseline,0.8064516129032258,0.7459677419354839,"{'hidden_size': 64, 'epochs': 10, 'batch_size': 32, 'lr': 0.001}",0.3372206687927246
Wine_spoilage,1,1,8,1,RNN,Tuned_Baseline,0.8064516129032258,0.7459677419354839,"{'hidden_size': 64, 'epochs': 10, 'batch_size': 32, 'lr': 0.001}",0.01351475715637207
Wine_spoilage,1,1,8,2,KNN,Magnitude_Warping,0.8509677419354839,0.8539441964760887,"{'algorithm': 'auto', 'leaf_size': 30, 'metric': 'manhattan', 'metric_params': None, 'n_jobs': None, 'n_neighbors': np.int64(9), 'p': 2, 'weights': 'distance'}",0.03014826774597168
Wine_spoilage,1,1,8,1,LogisticRegression,Tuned_Baseline,0.7196774193548388,0.737566567843662,"{'C': np.float64(10.0), 'class_weight': None, 'dual': False, 'fit_intercept': True, 'intercept_scaling': 1, 'l1_ratio': None, 'max_iter': 100, 'multi_class': 'deprecated', 'n_jobs': None, 'penalty': None, 'random_state': 42, 'solver': 'lbfgs', 'tol': 0.0001, 'verbose': 0, 'warm_start': False}",0.00047087669372558594
Wine_spoilage,1,1,8,2,RandomForest,Magnitude_Warping,0.7712903225806451,0.7838169702817576,"{'bootstrap': True, 'ccp_alpha': 0.0, 'class_weight': None, 'criterion': 'gini', 'max_depth': 20, 'max_features': 'sqrt', 'max_leaf_nodes': None, 'max_samples': None, 'min_impurity_decrease': 0.0, 'min_samples_leaf': 2, 'min_samples_split': 5, 'min_weight_fraction_leaf': 0.0, 'monotonic_cst': None, 'n_estimators': 100, 'n_jobs': None, 'oob_score': False, 'random_state': 42, 'verbose': 0, 'warm_start': False}",0.21140098571777344
Wine_spoilage,1,1,8,2,LinearSVC,Magnitude_Warping,0.7290322580645161,0.7417533840685189,"{'C': np.float64(0.01), 'class_weight': None, 'dual': False, 'fit_intercept': True, 'intercept_scaling': 1, 'loss': 'squared_hinge', 'max_iter': 100, 'multi_class': 'ovr', 'penalty': 'l2', 'random_state': 42, 'tol': 0.0001, 'verbose': 0}",0.003879547119140625
Wine_spoilage,1,1,8,1,RNN,Baseline,0.3225806451612903,0.2620967741935484,"{'hidden_size': 64, 'epochs': 10, 'batch_size': 32, 'lr': 0.001}",0.35404324531555176
Wine_spoilage,1,1,8,1,RNN,Tuned_Baseline,0.3225806451612903,0.2620967741935484,"{'hidden_size': 64, 'epochs': 10, 'batch_size': 32, 'lr': 0.001}",0.018364429473876953
Wine_spoilage,1,1,8,2,KNN,Scaling,0.8558064516129033,0.8582609871149832,"{'algorithm': 'auto', 'leaf_size': 30, 'metric': 'manhattan', 'metric_params': None, 'n_jobs': None, 'n_neighbors': np.int64(9), 'p': 2, 'weights': 'distance'}",0.027806520462036133
Wine_spoilage,1,1,8,5,RandomForest,Time_Warping,0.7361290322580645,0.7463438431686621,"{'bootstrap': True, 'ccp_alpha': 0.0, 'class_weight': None, 'criterion': 'gini', 'max_depth': 20, 'max_features': 'sqrt', 'max_leaf_nodes': None, 'max_samples': None, 'min_impurity_decrease': 0.0, 'min_samples_leaf': 1, 'min_samples_split': 2, 'min_weight_fraction_leaf': 0.0, 'monotonic_cst': None, 'n_estimators': 50, 'n_jobs': None, 'oob_score': False, 'random_state': 42, 'verbose': 0, 'warm_start': False}",0.5462648868560791
Wine_spoilage,1,1,8,5,LinearSVC,Time_Warping,0.7364516129032258,0.7529599721549726,"{'C': np.float64(0.1), 'class_weight': None, 'dual': True, 'fit_intercept': True, 'intercept_scaling': 1, 'loss': 'squared_hinge', 'max_iter': 100, 'multi_class': 'ovr', 'penalty': 'l2', 'random_state': 42, 'tol': 0.0001, 'verbose': 0}",0.0163118839263916
Wine_spoilage,1,1,8,2,LogisticRegression,Magnitude_Warping,0.7283870967741936,0.7485007591538343,"{'C': np.float64(100.0), 'class_weight': None, 'dual': False, 'fit_intercept': True, 'intercept_scaling': 1, 'l1_ratio': None, 'max_iter': 100, 'multi_class': 'deprecated', 'n_jobs': None, 'penalty': None, 'random_state': 42, 'solver': 'lbfgs', 'tol': 0.0001, 'verbose': 0, 'warm_start': False}",0.02285909652709961
Wine_spoilage,1,1,8,2,RandomForest,Scaling,0.7564516129032258,0.7699001255546813,"{'bootstrap': True, 'ccp_alpha': 0.0, 'class_weight': None, 'criterion': 'gini', 'max_depth': 20, 'max_features': 'sqrt', 'max_leaf_nodes': None, 'max_samples': None, 'min_impurity_decrease': 0.0, 'min_samples_leaf': 2, 'min_samples_split': 2, 'min_weight_fraction_leaf': 0.0, 'monotonic_cst': None, 'n_estimators': 50, 'n_jobs': None, 'oob_score': False, 'random_state': 42, 'verbose': 0, 'warm_start': False}",0.10546159744262695
Wine_spoilage,1,1,8,2,LinearSVC,Scaling,0.7290322580645161,0.7489927009144113,"{'C': np.float64(100.0), 'class_weight': None, 'dual': False, 'fit_intercept': True, 'intercept_scaling': 1, 'loss': 'squared_hinge', 'max_iter': 100, 'multi_class': 'ovr', 'penalty': 'l1', 'random_state': 42, 'tol': 0.0001, 'verbose': 0}",0.007355213165283203
Wine_spoilage,1,1,8,2,RNN,Magnitude_Warping,0.4838709677419355,0.5225806451612903,"{'hidden_size': 64, 'epochs': 10, 'batch_size': 32, 'lr': 0.001}",0.5563676357269287
Wine_spoilage,1,1,8,3,KNN,Magnitude_Warping,0.8470967741935483,0.8515029868389028,"{'algorithm': 'auto', 'leaf_size': 30, 'metric': 'manhattan', 'metric_params': None, 'n_jobs': None, 'n_neighbors': np.int64(9), 'p': 2, 'weights': 'distance'}",0.0338747501373291
Wine_spoilage,1,1,8,3,RandomForest,Magnitude_Warping,0.7570967741935484,0.7745190372500873,"{'bootstrap': True, 'ccp_alpha': 0.0, 'class_weight': None, 'criterion': 'gini', 'max_depth': 20, 'max_features': 'sqrt', 'max_leaf_nodes': None, 'max_samples': None, 'min_impurity_decrease': 0.0, 'min_samples_leaf': 2, 'min_samples_split': 2, 'min_weight_fraction_leaf': 0.0, 'monotonic_cst': None, 'n_estimators': 50, 'n_jobs': None, 'oob_score': False, 'random_state': 42, 'verbose': 0, 'warm_start': False}",0.18808865547180176
Wine_spoilage,1,1,8,2,LogisticRegression,Scaling,0.6887096774193548,0.7130552615686007,"{'C': np.float64(100.0), 'class_weight': None, 'dual': False, 'fit_intercept': True, 'intercept_scaling': 1, 'l1_ratio': None, 'max_iter': 100, 'multi_class': 'deprecated', 'n_jobs': None, 'penalty': 'l2', 'random_state': 42, 'solver': 'lbfgs', 'tol': 0.0001, 'verbose': 0, 'warm_start': False}",0.2853822708129883
Wine_spoilage,1,1,8,3,LinearSVC,Magnitude_Warping,0.7435483870967742,0.7538567505937499,"{'C': np.float64(0.01), 'class_weight': None, 'dual': False, 'fit_intercept': True, 'intercept_scaling': 1, 'loss': 'squared_hinge', 'max_iter': 100, 'multi_class': 'ovr', 'penalty': 'l2', 'random_state': 42, 'tol': 0.0001, 'verbose': 0}",0.011275529861450195
Wine_spoilage,1,1,8,2,RNN,Scaling,0.8064516129032258,0.7968160871386678,"{'hidden_size': 64, 'epochs': 10, 'batch_size': 32, 'lr': 0.001}",0.690319299697876
Wine_spoilage,1,1,8,3,KNN,Scaling,0.8593548387096774,0.8608442566464877,"{'algorithm': 'auto', 'leaf_size': 30, 'metric': 'manhattan', 'metric_params': None, 'n_jobs': None, 'n_neighbors': np.int64(9), 'p': 2, 'weights': 'distance'}",0.03166770935058594
Wine_spoilage,1,1,8,5,LogisticRegression,Time_Warping,0.6693548387096774,0.6933734294158738,"{'C': np.float64(10.0), 'class_weight': None, 'dual': False, 'fit_intercept': True, 'intercept_scaling': 1, 'l1_ratio': None, 'max_iter': 100, 'multi_class': 'deprecated', 'n_jobs': None, 'penalty': 'l2', 'random_state': 42, 'solver': 'lbfgs', 'tol': 0.0001, 'verbose': 0, 'warm_start': False}",0.5463747978210449
Wine_spoilage,1,1,8,3,RandomForest,Scaling,0.7832258064516129,0.7903605942512164,"{'bootstrap': True, 'ccp_alpha': 0.0, 'class_weight': None, 'criterion': 'gini', 'max_depth': 20, 'max_features': 'sqrt', 'max_leaf_nodes': None, 'max_samples': None, 'min_impurity_decrease': 0.0, 'min_samples_leaf': 2, 'min_samples_split': 2, 'min_weight_fraction_leaf': 0.0, 'monotonic_cst': None, 'n_estimators': 50, 'n_jobs': None, 'oob_score': False, 'random_state': 42, 'verbose': 0, 'warm_start': False}",0.12387967109680176
Wine_spoilage,1,1,8,5,RNN,Time_Warping,0.2903225806451613,0.29089861751152074,"{'hidden_size': 64, 'epochs': 10, 'batch_size': 32, 'lr': 0.001}",0.7630550861358643
Wine_spoilage,1,1,8,3,LinearSVC,Scaling,0.7358064516129033,0.7472411715885823,"{'C': np.float64(0.01), 'class_weight': None, 'dual': False, 'fit_intercept': True, 'intercept_scaling': 1, 'loss': 'squared_hinge', 'max_iter': 100, 'multi_class': 'ovr', 'penalty': 'l2', 'random_state': 42, 'tol': 0.0001, 'verbose': 0}",0.005056858062744141
Wine_spoilage,1,1,8,10,KNN,Time_Warping,0.8374193548387097,0.8409324826109495,"{'algorithm': 'auto', 'leaf_size': 30, 'metric': 'minkowski', 'metric_params': None, 'n_jobs': None, 'n_neighbors': 5, 'p': 2, 'weights': 'uniform'}",0.18491482734680176
Wine_spoilage,1,1,8,10,RandomForest,Time_Warping,0.7558064516129033,0.7686531353171512,"{'bootstrap': True, 'ccp_alpha': 0.0, 'class_weight': None, 'criterion': 'gini', 'max_depth': None, 'max_features': 'sqrt', 'max_leaf_nodes': None, 'max_samples': None, 'min_impurity_decrease': 0.0, 'min_samples_leaf': 1, 'min_samples_split': 2, 'min_weight_fraction_leaf': 0.0, 'monotonic_cst': None, 'n_estimators': 100, 'n_jobs': None, 'oob_score': False, 'random_state': 42, 'verbose': 0, 'warm_start': False}",0.504932165145874
Wine_spoilage,1,1,8,10,LinearSVC,Time_Warping,0.7225806451612903,0.7411100928680278,"{'C': 1.0, 'class_weight': None, 'dual': False, 'fit_intercept': True, 'intercept_scaling': 1, 'loss': 'squared_hinge', 'max_iter': 100, 'multi_class': 'ovr', 'penalty': 'l2', 'random_state': 42, 'tol': 0.0001, 'verbose': 0}",0.01676011085510254
Wine_spoilage,1,1,8,10,LogisticRegression,Time_Warping,0.7138709677419355,0.7357129193415182,"{'C': 1.0, 'class_weight': None, 'dual': False, 'fit_intercept': True, 'intercept_scaling': 1, 'l1_ratio': None, 'max_iter': 100, 'multi_class': 'deprecated', 'n_jobs': None, 'penalty': 'l2', 'random_state': 42, 'solver': 'lbfgs', 'tol': 0.0001, 'verbose': 0, 'warm_start': False}",0.3892202377319336
Wine_spoilage,1,1,8,3,LogisticRegression,Magnitude_Warping,0.6693548387096774,0.6924830972589071,"{'C': np.float64(100.0), 'class_weight': None, 'dual': False, 'fit_intercept': True, 'intercept_scaling': 1, 'l1_ratio': None, 'max_iter': 100, 'multi_class': 'deprecated', 'n_jobs': None, 'penalty': None, 'random_state': 42, 'solver': 'lbfgs', 'tol': 0.0001, 'verbose': 0, 'warm_start': False}",0.366365909576416
Wine_spoilage,1,1,8,3,LogisticRegression,Scaling,0.7206451612903226,0.7394086075049422,"{'C': np.float64(10.0), 'class_weight': None, 'dual': False, 'fit_intercept': True, 'intercept_scaling': 1, 'l1_ratio': None, 'max_iter': 100, 'multi_class': 'deprecated', 'n_jobs': None, 'penalty': None, 'random_state': 42, 'solver': 'lbfgs', 'tol': 0.0001, 'verbose': 0, 'warm_start': False}",0.1173393726348877
Wine_spoilage,1,1,8,3,RNN,Scaling,0.3225806451612903,0.2903225806451613,"{'hidden_size': 64, 'epochs': 10, 'batch_size': 32, 'lr': 0.001}",0.21243524551391602
Wine_spoilage,1,1,8,3,RNN,Magnitude_Warping,0.3548387096774194,0.29393187457703585,"{'hidden_size': 64, 'epochs': 10, 'batch_size': 32, 'lr': 0.001}",0.8913216590881348
Wine_spoilage,1,1,8,5,KNN,Scaling,0.8596774193548387,0.859342783169752,"{'algorithm': 'auto', 'leaf_size': 30, 'metric': 'manhattan', 'metric_params': None, 'n_jobs': None, 'n_neighbors': np.int64(9), 'p': 2, 'weights': 'distance'}",0.04421114921569824
Wine_spoilage,1,1,8,5,KNN,Magnitude_Warping,0.8558064516129033,0.8579742369678088,"{'algorithm': 'auto', 'leaf_size': 30, 'metric': 'manhattan', 'metric_params': None, 'n_jobs': None, 'n_neighbors': np.int64(9), 'p': 2, 'weights': 'distance'}",0.05643320083618164
Wine_spoilage,1,1,8,10,RNN,Time_Warping,0.8709677419354839,0.8670576735092864,"{'hidden_size': 64, 'epochs': 10, 'batch_size': 32, 'lr': 0.001}",1.7850348949432373
Wine_spoilage,1,1,9,1,KNN,Baseline,0.5832258064516129,0.617501698708812,"{'algorithm': 'auto', 'leaf_size': 30, 'metric': 'minkowski', 'metric_params': None, 'n_jobs': None, 'n_neighbors': 5, 'p': 2, 'weights': 'uniform'}",0.11148524284362793
Wine_spoilage,1,1,9,1,KNN,Tuned_Baseline,0.58,0.6160563923461141,"{'algorithm': 'auto', 'leaf_size': 30, 'metric': 'euclidean', 'metric_params': None, 'n_jobs': None, 'n_neighbors': np.int64(3), 'p': 2, 'weights': 'uniform'}",0.12207174301147461
Wine_spoilage,1,1,9,1,RandomForest,Baseline,0.5567741935483871,0.5780087828072463,"{'bootstrap': True, 'ccp_alpha': 0.0, 'class_weight': None, 'criterion': 'gini', 'max_depth': None, 'max_features': 'sqrt', 'max_leaf_nodes': None, 'max_samples': None, 'min_impurity_decrease': 0.0, 'min_samples_leaf': 1, 'min_samples_split': 2, 'min_weight_fraction_leaf': 0.0, 'monotonic_cst': None, 'n_estimators': 100, 'n_jobs': None, 'oob_score': False, 'random_state': 42, 'verbose': 0, 'warm_start': False}",0.16287612915039062
Wine_spoilage,1,1,8,5,RandomForest,Magnitude_Warping,0.752258064516129,0.7672481358674952,"{'bootstrap': True, 'ccp_alpha': 0.0, 'class_weight': None, 'criterion': 'gini', 'max_depth': 10, 'max_features': 'sqrt', 'max_leaf_nodes': None, 'max_samples': None, 'min_impurity_decrease': 0.0, 'min_samples_leaf': 1, 'min_samples_split': 2, 'min_weight_fraction_leaf': 0.0, 'monotonic_cst': None, 'n_estimators': 50, 'n_jobs': None, 'oob_score': False, 'random_state': 42, 'verbose': 0, 'warm_start': False}",0.17600560188293457
Wine_spoilage,1,1,8,5,LinearSVC,Magnitude_Warping,0.734516129032258,0.745747255828746,"{'C': np.float64(0.01), 'class_weight': None, 'dual': False, 'fit_intercept': True, 'intercept_scaling': 1, 'loss': 'squared_hinge', 'max_iter': 100, 'multi_class': 'ovr', 'penalty': 'l2', 'random_state': 42, 'tol': 0.0001, 'verbose': 0}",0.01425313949584961
Wine_spoilage,1,1,8,5,RandomForest,Scaling,0.7903225806451613,0.7970632596441735,"{'bootstrap': True, 'ccp_alpha': 0.0, 'class_weight': None, 'criterion': 'gini', 'max_depth': 20, 'max_features': 'sqrt', 'max_leaf_nodes': None, 'max_samples': None, 'min_impurity_decrease': 0.0, 'min_samples_leaf': 1, 'min_samples_split': 2, 'min_weight_fraction_leaf': 0.0, 'monotonic_cst': None, 'n_estimators': 50, 'n_jobs': None, 'oob_score': False, 'random_state': 42, 'verbose': 0, 'warm_start': False}",0.15903091430664062
Wine_spoilage,1,1,8,5,LinearSVC,Scaling,0.7422580645161291,0.7520661157024794,"{'C': np.float64(0.01), 'class_weight': None, 'dual': False, 'fit_intercept': True, 'intercept_scaling': 1, 'loss': 'squared_hinge', 'max_iter': 100, 'multi_class': 'ovr', 'penalty': 'l2', 'random_state': 42, 'tol': 0.0001, 'verbose': 0}",0.007662534713745117
Wine_spoilage,1,1,9,1,RandomForest,Tuned_Baseline,0.5570967741935484,0.5793043668696283,"{'bootstrap': True, 'ccp_alpha': 0.0, 'class_weight': None, 'criterion': 'gini', 'max_depth': None, 'max_features': 'sqrt', 'max_leaf_nodes': None, 'max_samples': None, 'min_impurity_decrease': 0.0, 'min_samples_leaf': 1, 'min_samples_split': 5, 'min_weight_fraction_leaf': 0.0, 'monotonic_cst': None, 'n_estimators': 100, 'n_jobs': None, 'oob_score': False, 'random_state': 42, 'verbose': 0, 'warm_start': False}",0.011423587799072266
Wine_spoilage,1,1,9,1,LinearSVC,Baseline,0.6119354838709677,0.6300001202672361,"{'C': 1.0, 'class_weight': None, 'dual': False, 'fit_intercept': True, 'intercept_scaling': 1, 'loss': 'squared_hinge', 'max_iter': 100, 'multi_class': 'ovr', 'penalty': 'l2', 'random_state': 42, 'tol': 0.0001, 'verbose': 0}",0.00330352783203125
Wine_spoilage,1,1,9,1,LinearSVC,Tuned_Baseline,0.6335483870967742,0.6491335289405707,"{'C': np.float64(100.0), 'class_weight': None, 'dual': False, 'fit_intercept': True, 'intercept_scaling': 1, 'loss': 'squared_hinge', 'max_iter': 100, 'multi_class': 'ovr', 'penalty': 'l1', 'random_state': 42, 'tol': 0.0001, 'verbose': 0}",0.0003509521484375
Wine_spoilage,1,1,9,1,LogisticRegression,Baseline,0.5770967741935484,0.6099931593868493,"{'C': 1.0, 'class_weight': None, 'dual': False, 'fit_intercept': True, 'intercept_scaling': 1, 'l1_ratio': None, 'max_iter': 100, 'multi_class': 'deprecated', 'n_jobs': None, 'penalty': 'l2', 'random_state': 42, 'solver': 'lbfgs', 'tol': 0.0001, 'verbose': 0, 'warm_start': False}",0.01937723159790039
Wine_spoilage,1,1,8,5,LogisticRegression,Magnitude_Warping,0.7267741935483871,0.7469055943199724,"{'C': np.float64(100.0), 'class_weight': None, 'dual': False, 'fit_intercept': True, 'intercept_scaling': 1, 'l1_ratio': None, 'max_iter': 100, 'multi_class': 'deprecated', 'n_jobs': None, 'penalty': None, 'random_state': 42, 'solver': 'lbfgs', 'tol': 0.0001, 'verbose': 0, 'warm_start': False}",0.16234970092773438
Wine_spoilage,1,1,8,5,RNN,Magnitude_Warping,0.22580645161290322,0.17204301075268816,"{'hidden_size': 64, 'epochs': 10, 'batch_size': 32, 'lr': 0.001}",0.7729456424713135
Wine_spoilage,1,1,8,10,KNN,Magnitude_Warping,0.8616129032258064,0.8644360169012262,"{'algorithm': 'auto', 'leaf_size': 30, 'metric': 'minkowski', 'metric_params': None, 'n_jobs': None, 'n_neighbors': 5, 'p': 2, 'weights': 'uniform'}",0.17917323112487793
Wine_spoilage,1,1,8,10,RandomForest,Magnitude_Warping,0.766774193548387,0.7793490713055148,"{'bootstrap': True, 'ccp_alpha': 0.0, 'class_weight': None, 'criterion': 'gini', 'max_depth': None, 'max_features': 'sqrt', 'max_leaf_nodes': None, 'max_samples': None, 'min_impurity_decrease': 0.0, 'min_samples_leaf': 1, 'min_samples_split': 2, 'min_weight_fraction_leaf': 0.0, 'monotonic_cst': None, 'n_estimators': 100, 'n_jobs': None, 'oob_score': False, 'random_state': 42, 'verbose': 0, 'warm_start': False}",0.6242868900299072
Wine_spoilage,1,1,8,10,LinearSVC,Magnitude_Warping,0.7380645161290322,0.7537690697850925,"{'C': 1.0, 'class_weight': None, 'dual': False, 'fit_intercept': True, 'intercept_scaling': 1, 'loss': 'squared_hinge', 'max_iter': 100, 'multi_class': 'ovr', 'penalty': 'l2', 'random_state': 42, 'tol': 0.0001, 'verbose': 0}",0.013053178787231445
Wine_spoilage,1,1,8,10,LogisticRegression,Magnitude_Warping,0.7219354838709677,0.7420205168844758,"{'C': 1.0, 'class_weight': None, 'dual': False, 'fit_intercept': True, 'intercept_scaling': 1, 'l1_ratio': None, 'max_iter': 100, 'multi_class': 'deprecated', 'n_jobs': None, 'penalty': 'l2', 'random_state': 42, 'solver': 'lbfgs', 'tol': 0.0001, 'verbose': 0, 'warm_start': False}",0.1377882957458496
Wine_spoilage,1,1,9,1,LogisticRegression,Tuned_Baseline,0.5390322580645162,0.581772854166374,"{'C': np.float64(10.0), 'class_weight': None, 'dual': False, 'fit_intercept': True, 'intercept_scaling': 1, 'l1_ratio': None, 'max_iter': 100, 'multi_class': 'deprecated', 'n_jobs': None, 'penalty': None, 'random_state': 42, 'solver': 'lbfgs', 'tol': 0.0001, 'verbose': 0, 'warm_start': False}",0.0004863739013671875
Wine_spoilage,1,1,8,5,LogisticRegression,Scaling,0.7093548387096774,0.7317585582965148,"{'C': np.float64(100.0), 'class_weight': None, 'dual': False, 'fit_intercept': True, 'intercept_scaling': 1, 'l1_ratio': None, 'max_iter': 100, 'multi_class': 'deprecated', 'n_jobs': None, 'penalty': 'l2', 'random_state': 42, 'solver': 'lbfgs', 'tol': 0.0001, 'verbose': 0, 'warm_start': False}",0.48149752616882324
Wine_spoilage,1,1,9,1,RNN,Baseline,0.45161290322580644,0.40266963292547275,"{'hidden_size': 64, 'epochs': 10, 'batch_size': 32, 'lr': 0.001}",0.3579699993133545
Wine_spoilage,1,1,9,1,RNN,Tuned_Baseline,0.45161290322580644,0.40266963292547275,"{'hidden_size': 64, 'epochs': 10, 'batch_size': 32, 'lr': 0.001}",0.013416051864624023
Wine_spoilage,1,1,9,2,KNN,Time_Warping,0.5690322580645162,0.6050634026199851,"{'algorithm': 'auto', 'leaf_size': 30, 'metric': 'euclidean', 'metric_params': None, 'n_jobs': None, 'n_neighbors': np.int64(3), 'p': 2, 'weights': 'uniform'}",0.1403789520263672
Wine_spoilage,1,1,8,5,RNN,Scaling,0.8064516129032258,0.7459677419354839,"{'hidden_size': 64, 'epochs': 10, 'batch_size': 32, 'lr': 0.001}",0.7560515403747559
Wine_spoilage,1,1,8,10,RNN,Magnitude_Warping,0.7741935483870968,0.7315113728775968,"{'hidden_size': 64, 'epochs': 10, 'batch_size': 32, 'lr': 0.001}",1.2296528816223145
Wine_spoilage,1,1,8,10,KNN,Scaling,0.8464516129032258,0.8457859296283047,"{'algorithm': 'auto', 'leaf_size': 30, 'metric': 'minkowski', 'metric_params': None, 'n_jobs': None, 'n_neighbors': 5, 'p': 2, 'weights': 'uniform'}",0.34615540504455566
Wine_spoilage,1,1,9,1,KNN,Baseline,0.5832258064516129,0.617501698708812,"{'algorithm': 'auto', 'leaf_size': 30, 'metric': 'minkowski', 'metric_params': None, 'n_jobs': None, 'n_neighbors': 5, 'p': 2, 'weights': 'uniform'}",0.13084125518798828
Wine_spoilage,1,1,9,2,RandomForest,Time_Warping,0.5603225806451613,0.5817602829681189,"{'bootstrap': True, 'ccp_alpha': 0.0, 'class_weight': None, 'criterion': 'gini', 'max_depth': 20, 'max_features': 'sqrt', 'max_leaf_nodes': None, 'max_samples': None, 'min_impurity_decrease': 0.0, 'min_samples_leaf': 1, 'min_samples_split': 2, 'min_weight_fraction_leaf': 0.0, 'monotonic_cst': None, 'n_estimators': 100, 'n_jobs': None, 'oob_score': False, 'random_state': 42, 'verbose': 0, 'warm_start': False}",0.16312646865844727
Wine_spoilage,1,1,8,10,RandomForest,Scaling,0.8058064516129032,0.8092064246465792,"{'bootstrap': True, 'ccp_alpha': 0.0, 'class_weight': None, 'criterion': 'gini', 'max_depth': None, 'max_features': 'sqrt', 'max_leaf_nodes': None, 'max_samples': None, 'min_impurity_decrease': 0.0, 'min_samples_leaf': 1, 'min_samples_split': 2, 'min_weight_fraction_leaf': 0.0, 'monotonic_cst': None, 'n_estimators': 100, 'n_jobs': None, 'oob_score': False, 'random_state': 42, 'verbose': 0, 'warm_start': False}",0.759218692779541
Wine_spoilage,1,1,9,2,LinearSVC,Time_Warping,0.6170967741935484,0.6338654165635601,"{'C': np.float64(1.0), 'class_weight': None, 'dual': False, 'fit_intercept': True, 'intercept_scaling': 1, 'loss': 'squared_hinge', 'max_iter': 100, 'multi_class': 'ovr', 'penalty': 'l2', 'random_state': 42, 'tol': 0.0001, 'verbose': 0}",0.0043909549713134766
Wine_spoilage,1,1,9,1,KNN,Tuned_Baseline,0.58,0.6160563923461141,"{'algorithm': 'auto', 'leaf_size': 30, 'metric': 'euclidean', 'metric_params': None, 'n_jobs': None, 'n_neighbors': np.int64(3), 'p': 2, 'weights': 'uniform'}",0.1314389705657959
Wine_spoilage,1,1,8,10,LinearSVC,Scaling,0.7464516129032258,0.7643381539382402,"{'C': 1.0, 'class_weight': None, 'dual': False, 'fit_intercept': True, 'intercept_scaling': 1, 'loss': 'squared_hinge', 'max_iter': 100, 'multi_class': 'ovr', 'penalty': 'l2', 'random_state': 42, 'tol': 0.0001, 'verbose': 0}",0.015095949172973633
Wine_spoilage,1,1,9,1,RandomForest,Baseline,0.5567741935483871,0.5780087828072463,"{'bootstrap': True, 'ccp_alpha': 0.0, 'class_weight': None, 'criterion': 'gini', 'max_depth': None, 'max_features': 'sqrt', 'max_leaf_nodes': None, 'max_samples': None, 'min_impurity_decrease': 0.0, 'min_samples_leaf': 1, 'min_samples_split': 2, 'min_weight_fraction_leaf': 0.0, 'monotonic_cst': None, 'n_estimators': 100, 'n_jobs': None, 'oob_score': False, 'random_state': 42, 'verbose': 0, 'warm_start': False}",0.17408394813537598
Wine_spoilage,1,1,8,10,LogisticRegression,Scaling,0.7296774193548388,0.7496664259361098,"{'C': 1.0, 'class_weight': None, 'dual': False, 'fit_intercept': True, 'intercept_scaling': 1, 'l1_ratio': None, 'max_iter': 100, 'multi_class': 'deprecated', 'n_jobs': None, 'penalty': 'l2', 'random_state': 42, 'solver': 'lbfgs', 'tol': 0.0001, 'verbose': 0, 'warm_start': False}",0.33719682693481445
Wine_spoilage,1,1,8,10,RNN,Scaling,0.5161290322580645,0.5075268817204301,"{'hidden_size': 64, 'epochs': 10, 'batch_size': 32, 'lr': 0.001}",0.54190993309021
Wine_spoilage,1,1,9,1,KNN,Baseline,0.5832258064516129,0.617501698708812,"{'algorithm': 'auto', 'leaf_size': 30, 'metric': 'minkowski', 'metric_params': None, 'n_jobs': None, 'n_neighbors': 5, 'p': 2, 'weights': 'uniform'}",0.1377861499786377
Wine_spoilage,1,1,9,1,RandomForest,Tuned_Baseline,0.5570967741935484,0.5793043668696283,"{'bootstrap': True, 'ccp_alpha': 0.0, 'class_weight': None, 'criterion': 'gini', 'max_depth': None, 'max_features': 'sqrt', 'max_leaf_nodes': None, 'max_samples': None, 'min_impurity_decrease': 0.0, 'min_samples_leaf': 1, 'min_samples_split': 5, 'min_weight_fraction_leaf': 0.0, 'monotonic_cst': None, 'n_estimators': 100, 'n_jobs': None, 'oob_score': False, 'random_state': 42, 'verbose': 0, 'warm_start': False}",0.01136636734008789
Wine_spoilage,1,1,9,1,LinearSVC,Baseline,0.6119354838709677,0.6300001202672361,"{'C': 1.0, 'class_weight': None, 'dual': False, 'fit_intercept': True, 'intercept_scaling': 1, 'loss': 'squared_hinge', 'max_iter': 100, 'multi_class': 'ovr', 'penalty': 'l2', 'random_state': 42, 'tol': 0.0001, 'verbose': 0}",0.0034332275390625
Wine_spoilage,1,1,9,1,LinearSVC,Tuned_Baseline,0.6335483870967742,0.6491335289405707,"{'C': np.float64(100.0), 'class_weight': None, 'dual': False, 'fit_intercept': True, 'intercept_scaling': 1, 'loss': 'squared_hinge', 'max_iter': 100, 'multi_class': 'ovr', 'penalty': 'l1', 'random_state': 42, 'tol': 0.0001, 'verbose': 0}",0.0003705024719238281
Wine_spoilage,1,1,9,1,KNN,Tuned_Baseline,0.58,0.6160563923461141,"{'algorithm': 'auto', 'leaf_size': 30, 'metric': 'euclidean', 'metric_params': None, 'n_jobs': None, 'n_neighbors': np.int64(3), 'p': 2, 'weights': 'uniform'}",0.14371752738952637
Wine_spoilage,1,1,9,1,LogisticRegression,Baseline,0.5770967741935484,0.6099931593868493,"{'C': 1.0, 'class_weight': None, 'dual': False, 'fit_intercept': True, 'intercept_scaling': 1, 'l1_ratio': None, 'max_iter': 100, 'multi_class': 'deprecated', 'n_jobs': None, 'penalty': 'l2', 'random_state': 42, 'solver': 'lbfgs', 'tol': 0.0001, 'verbose': 0, 'warm_start': False}",0.11214613914489746
Wine_spoilage,1,1,9,1,RandomForest,Baseline,0.5567741935483871,0.5780087828072463,"{'bootstrap': True, 'ccp_alpha': 0.0, 'class_weight': None, 'criterion': 'gini', 'max_depth': None, 'max_features': 'sqrt', 'max_leaf_nodes': None, 'max_samples': None, 'min_impurity_decrease': 0.0, 'min_samples_leaf': 1, 'min_samples_split': 2, 'min_weight_fraction_leaf': 0.0, 'monotonic_cst': None, 'n_estimators': 100, 'n_jobs': None, 'oob_score': False, 'random_state': 42, 'verbose': 0, 'warm_start': False}",0.183135986328125
Wine_spoilage,1,1,9,2,LogisticRegression,Time_Warping,0.4935483870967742,0.5458931191002885,"{'C': np.float64(10.0), 'class_weight': None, 'dual': False, 'fit_intercept': True, 'intercept_scaling': 1, 'l1_ratio': None, 'max_iter': 100, 'multi_class': 'deprecated', 'n_jobs': None, 'penalty': 'l2', 'random_state': 42, 'solver': 'lbfgs', 'tol': 0.0001, 'verbose': 0, 'warm_start': False}",0.4879491329193115
Wine_spoilage,1,1,9,2,RNN,Time_Warping,0.3870967741935484,0.35839658444022765,"{'hidden_size': 64, 'epochs': 10, 'batch_size': 32, 'lr': 0.001}",0.5950415134429932
Wine_spoilage,1,1,9,3,KNN,Time_Warping,0.5725806451612904,0.6085602569999461,"{'algorithm': 'auto', 'leaf_size': 30, 'metric': 'euclidean', 'metric_params': None, 'n_jobs': None, 'n_neighbors': np.int64(5), 'p': 2, 'weights': 'uniform'}",0.13773369789123535
Wine_spoilage,1,1,9,1,RandomForest,Tuned_Baseline,0.5570967741935484,0.5793043668696283,"{'bootstrap': True, 'ccp_alpha': 0.0, 'class_weight': None, 'criterion': 'gini', 'max_depth': None, 'max_features': 'sqrt', 'max_leaf_nodes': None, 'max_samples': None, 'min_impurity_decrease': 0.0, 'min_samples_leaf': 1, 'min_samples_split': 5, 'min_weight_fraction_leaf': 0.0, 'monotonic_cst': None, 'n_estimators': 100, 'n_jobs': None, 'oob_score': False, 'random_state': 42, 'verbose': 0, 'warm_start': False}",0.011472225189208984
Wine_spoilage,1,1,9,1,LinearSVC,Baseline,0.6119354838709677,0.6300001202672361,"{'C': 1.0, 'class_weight': None, 'dual': False, 'fit_intercept': True, 'intercept_scaling': 1, 'loss': 'squared_hinge', 'max_iter': 100, 'multi_class': 'ovr', 'penalty': 'l2', 'random_state': 42, 'tol': 0.0001, 'verbose': 0}",0.0033578872680664062
Wine_spoilage,1,1,9,1,LinearSVC,Tuned_Baseline,0.6335483870967742,0.6491335289405707,"{'C': np.float64(100.0), 'class_weight': None, 'dual': False, 'fit_intercept': True, 'intercept_scaling': 1, 'loss': 'squared_hinge', 'max_iter': 100, 'multi_class': 'ovr', 'penalty': 'l1', 'random_state': 42, 'tol': 0.0001, 'verbose': 0}",0.0003604888916015625
Wine_spoilage,1,1,9,1,LogisticRegression,Baseline,0.5770967741935484,0.6099931593868493,"{'C': 1.0, 'class_weight': None, 'dual': False, 'fit_intercept': True, 'intercept_scaling': 1, 'l1_ratio': None, 'max_iter': 100, 'multi_class': 'deprecated', 'n_jobs': None, 'penalty': 'l2', 'random_state': 42, 'solver': 'lbfgs', 'tol': 0.0001, 'verbose': 0, 'warm_start': False}",0.1098933219909668
Wine_spoilage,1,1,9,3,RandomForest,Time_Warping,0.5587096774193548,0.5789959208460244,"{'bootstrap': True, 'ccp_alpha': 0.0, 'class_weight': None, 'criterion': 'gini', 'max_depth': 20, 'max_features': 'sqrt', 'max_leaf_nodes': None, 'max_samples': None, 'min_impurity_decrease': 0.0, 'min_samples_leaf': 2, 'min_samples_split': 2, 'min_weight_fraction_leaf': 0.0, 'monotonic_cst': None, 'n_estimators': 50, 'n_jobs': None, 'oob_score': False, 'random_state': 42, 'verbose': 0, 'warm_start': False}",0.11265206336975098
Wine_spoilage,1,1,9,3,LinearSVC,Time_Warping,0.642258064516129,0.6556983547843483,"{'C': np.float64(1.0), 'class_weight': None, 'dual': False, 'fit_intercept': True, 'intercept_scaling': 1, 'loss': 'squared_hinge', 'max_iter': 100, 'multi_class': 'ovr', 'penalty': 'l2', 'random_state': 42, 'tol': 0.0001, 'verbose': 0}",0.00630640983581543
Wine_spoilage,1,1,9,1,LogisticRegression,Tuned_Baseline,0.5390322580645162,0.581772854166374,"{'C': np.float64(10.0), 'class_weight': None, 'dual': False, 'fit_intercept': True, 'intercept_scaling': 1, 'l1_ratio': None, 'max_iter': 100, 'multi_class': 'deprecated', 'n_jobs': None, 'penalty': None, 'random_state': 42, 'solver': 'lbfgs', 'tol': 0.0001, 'verbose': 0, 'warm_start': False}",0.0005447864532470703
Wine_spoilage,1,1,9,1,RNN,Baseline,0.3548387096774194,0.2703533026113671,"{'hidden_size': 64, 'epochs': 10, 'batch_size': 32, 'lr': 0.001}",0.22025346755981445
Wine_spoilage,1,1,9,1,RNN,Tuned_Baseline,0.3548387096774194,0.2703533026113671,"{'hidden_size': 64, 'epochs': 10, 'batch_size': 32, 'lr': 0.001}",0.003986835479736328
Wine_spoilage,1,1,9,2,KNN,Magnitude_Warping,0.6274193548387097,0.6509374659551788,"{'algorithm': 'auto', 'leaf_size': 30, 'metric': 'euclidean', 'metric_params': None, 'n_jobs': None, 'n_neighbors': np.int64(3), 'p': 2, 'weights': 'uniform'}",0.14241909980773926
Wine_spoilage,1,1,9,2,RandomForest,Magnitude_Warping,0.6003225806451613,0.6164457010984142,"{'bootstrap': True, 'ccp_alpha': 0.0, 'class_weight': None, 'criterion': 'gini', 'max_depth': 20, 'max_features': 'sqrt', 'max_leaf_nodes': None, 'max_samples': None, 'min_impurity_decrease': 0.0, 'min_samples_leaf': 2, 'min_samples_split': 2, 'min_weight_fraction_leaf': 0.0, 'monotonic_cst': None, 'n_estimators': 50, 'n_jobs': None, 'oob_score': False, 'random_state': 42, 'verbose': 0, 'warm_start': False}",0.11003804206848145
Wine_spoilage,1,1,9,3,LogisticRegression,Time_Warping,0.5293548387096774,0.5692738210138563,"{'C': np.float64(10.0), 'class_weight': None, 'dual': False, 'fit_intercept': True, 'intercept_scaling': 1, 'l1_ratio': None, 'max_iter': 100, 'multi_class': 'deprecated', 'n_jobs': None, 'penalty': None, 'random_state': 42, 'solver': 'lbfgs', 'tol': 0.0001, 'verbose': 0, 'warm_start': False}",0.07121825218200684
Wine_spoilage,1,1,9,2,LinearSVC,Magnitude_Warping,0.6612903225806451,0.6744338546757902,"{'C': np.float64(100.0), 'class_weight': None, 'dual': False, 'fit_intercept': True, 'intercept_scaling': 1, 'loss': 'squared_hinge', 'max_iter': 100, 'multi_class': 'ovr', 'penalty': 'l1', 'random_state': 42, 'tol': 0.0001, 'verbose': 0}",0.008665084838867188
Wine_spoilage,1,1,9,3,RNN,Time_Warping,0.5161290322580645,0.525185440745213,"{'hidden_size': 64, 'epochs': 10, 'batch_size': 32, 'lr': 0.001}",0.5973401069641113
Wine_spoilage,1,1,9,1,LogisticRegression,Tuned_Baseline,0.5390322580645162,0.581772854166374,"{'C': np.float64(10.0), 'class_weight': None, 'dual': False, 'fit_intercept': True, 'intercept_scaling': 1, 'l1_ratio': None, 'max_iter': 100, 'multi_class': 'deprecated', 'n_jobs': None, 'penalty': None, 'random_state': 42, 'solver': 'lbfgs', 'tol': 0.0001, 'verbose': 0, 'warm_start': False}",0.0005543231964111328
Wine_spoilage,1,1,9,1,RNN,Baseline,0.8709677419354839,0.8440860215053763,"{'hidden_size': 64, 'epochs': 10, 'batch_size': 32, 'lr': 0.001}",0.20626211166381836
Wine_spoilage,1,1,9,1,RNN,Tuned_Baseline,0.8709677419354839,0.8440860215053763,"{'hidden_size': 64, 'epochs': 10, 'batch_size': 32, 'lr': 0.001}",0.003847837448120117
Wine_spoilage,1,1,9,5,KNN,Time_Warping,0.567741935483871,0.6041694756510759,"{'algorithm': 'auto', 'leaf_size': 30, 'metric': 'euclidean', 'metric_params': None, 'n_jobs': None, 'n_neighbors': np.int64(3), 'p': 2, 'weights': 'uniform'}",0.14568662643432617
Wine_spoilage,1,1,9,2,KNN,Scaling,0.6470967741935484,0.6686517827274369,"{'algorithm': 'auto', 'leaf_size': 30, 'metric': 'euclidean', 'metric_params': None, 'n_jobs': None, 'n_neighbors': np.int64(3), 'p': 2, 'weights': 'uniform'}",0.1390516757965088
Wine_spoilage,1,1,9,5,RandomForest,Time_Warping,0.5796774193548387,0.5958823314999614,"{'bootstrap': True, 'ccp_alpha': 0.0, 'class_weight': None, 'criterion': 'gini', 'max_depth': None, 'max_features': 'sqrt', 'max_leaf_nodes': None, 'max_samples': None, 'min_impurity_decrease': 0.0, 'min_samples_leaf': 2, 'min_samples_split': 2, 'min_weight_fraction_leaf': 0.0, 'monotonic_cst': None, 'n_estimators': 50, 'n_jobs': None, 'oob_score': False, 'random_state': 42, 'verbose': 0, 'warm_start': False}",0.14929842948913574
Wine_spoilage,1,1,9,2,LogisticRegression,Magnitude_Warping,0.677741935483871,0.6901983106631508,"{'C': np.float64(100.0), 'class_weight': None, 'dual': False, 'fit_intercept': True, 'intercept_scaling': 1, 'l1_ratio': None, 'max_iter': 100, 'multi_class': 'deprecated', 'n_jobs': None, 'penalty': 'l2', 'random_state': 42, 'solver': 'lbfgs', 'tol': 0.0001, 'verbose': 0, 'warm_start': False}",0.2825446128845215
Wine_spoilage,1,1,9,2,RandomForest,Scaling,0.5790322580645161,0.6052377292416548,"{'bootstrap': True, 'ccp_alpha': 0.0, 'class_weight': None, 'criterion': 'gini', 'max_depth': 20, 'max_features': 'sqrt', 'max_leaf_nodes': None, 'max_samples': None, 'min_impurity_decrease': 0.0, 'min_samples_leaf': 2, 'min_samples_split': 2, 'min_weight_fraction_leaf': 0.0, 'monotonic_cst': None, 'n_estimators': 50, 'n_jobs': None, 'oob_score': False, 'random_state': 42, 'verbose': 0, 'warm_start': False}",0.10600972175598145
Wine_spoilage,1,1,9,5,LinearSVC,Time_Warping,0.6361290322580645,0.6500103029174504,"{'C': np.float64(100.0), 'class_weight': None, 'dual': False, 'fit_intercept': True, 'intercept_scaling': 1, 'loss': 'squared_hinge', 'max_iter': 100, 'multi_class': 'ovr', 'penalty': 'l1', 'random_state': 42, 'tol': 0.0001, 'verbose': 0}",0.02068948745727539
Wine_spoilage,1,1,9,2,RNN,Magnitude_Warping,0.4838709677419355,0.43166108085462923,"{'hidden_size': 64, 'epochs': 10, 'batch_size': 32, 'lr': 0.001}",0.19989800453186035
Wine_spoilage,1,1,9,2,LinearSVC,Scaling,0.6545161290322581,0.6670810180904562,"{'C': np.float64(100.0), 'class_weight': None, 'dual': False, 'fit_intercept': True, 'intercept_scaling': 1, 'loss': 'squared_hinge', 'max_iter': 100, 'multi_class': 'ovr', 'penalty': 'l1', 'random_state': 42, 'tol': 0.0001, 'verbose': 0}",0.008276939392089844
Wine_spoilage,1,1,9,3,KNN,Magnitude_Warping,0.5883870967741935,0.6244025519478981,"{'algorithm': 'auto', 'leaf_size': 30, 'metric': 'euclidean', 'metric_params': None, 'n_jobs': None, 'n_neighbors': np.int64(3), 'p': 2, 'weights': 'uniform'}",0.14625930786132812
Wine_spoilage,1,1,9,3,RandomForest,Magnitude_Warping,0.59,0.6221556622693759,"{'bootstrap': True, 'ccp_alpha': 0.0, 'class_weight': None, 'criterion': 'gini', 'max_depth': 20, 'max_features': 'sqrt', 'max_leaf_nodes': None, 'max_samples': None, 'min_impurity_decrease': 0.0, 'min_samples_leaf': 2, 'min_samples_split': 2, 'min_weight_fraction_leaf': 0.0, 'monotonic_cst': None, 'n_estimators': 50, 'n_jobs': None, 'oob_score': False, 'random_state': 42, 'verbose': 0, 'warm_start': False}",0.13396453857421875
Wine_spoilage,1,1,9,3,LinearSVC,Magnitude_Warping,0.7361290322580645,0.7303334892389902,"{'C': np.float64(100.0), 'class_weight': None, 'dual': True, 'fit_intercept': True, 'intercept_scaling': 1, 'loss': 'hinge', 'max_iter': 100, 'multi_class': 'ovr', 'penalty': 'l2', 'random_state': 42, 'tol': 0.0001, 'verbose': 0}",0.014715433120727539
Wine_spoilage,1,1,9,2,LogisticRegression,Scaling,0.48870967741935484,0.5448371767899676,"{'C': np.float64(100.0), 'class_weight': None, 'dual': False, 'fit_intercept': True, 'intercept_scaling': 1, 'l1_ratio': None, 'max_iter': 100, 'multi_class': 'deprecated', 'n_jobs': None, 'penalty': None, 'random_state': 42, 'solver': 'lbfgs', 'tol': 0.0001, 'verbose': 0, 'warm_start': False}",0.07656598091125488
Wine_spoilage,1,1,9,2,RNN,Scaling,0.4838709677419355,0.48566308243727596,"{'hidden_size': 64, 'epochs': 10, 'batch_size': 32, 'lr': 0.001}",0.6903588771820068
Wine_spoilage,1,1,9,3,KNN,Scaling,0.6251612903225806,0.6535711787376661,"{'algorithm': 'auto', 'leaf_size': 30, 'metric': 'euclidean', 'metric_params': None, 'n_jobs': None, 'n_neighbors': np.int64(5), 'p': 2, 'weights': 'uniform'}",0.14181900024414062
Wine_spoilage,1,1,9,3,RandomForest,Scaling,0.59,0.5788489485180983,"{'bootstrap': True, 'ccp_alpha': 0.0, 'class_weight': None, 'criterion': 'gini', 'max_depth': 20, 'max_features': 'sqrt', 'max_leaf_nodes': None, 'max_samples': None, 'min_impurity_decrease': 0.0, 'min_samples_leaf': 2, 'min_samples_split': 2, 'min_weight_fraction_leaf': 0.0, 'monotonic_cst': None, 'n_estimators': 50, 'n_jobs': None, 'oob_score': False, 'random_state': 42, 'verbose': 0, 'warm_start': False}",0.12376141548156738
Wine_spoilage,1,1,9,3,LogisticRegression,Magnitude_Warping,0.5361290322580645,0.5845137534014978,"{'C': np.float64(10.0), 'class_weight': None, 'dual': False, 'fit_intercept': True, 'intercept_scaling': 1, 'l1_ratio': None, 'max_iter': 100, 'multi_class': 'deprecated', 'n_jobs': None, 'penalty': None, 'random_state': 42, 'solver': 'lbfgs', 'tol': 0.0001, 'verbose': 0, 'warm_start': False}",0.1705460548400879
Wine_spoilage,1,1,9,3,LinearSVC,Scaling,0.6564516129032258,0.655629694626848,"{'C': np.float64(100.0), 'class_weight': None, 'dual': True, 'fit_intercept': True, 'intercept_scaling': 1, 'loss': 'hinge', 'max_iter': 100, 'multi_class': 'ovr', 'penalty': 'l2', 'random_state': 42, 'tol': 0.0001, 'verbose': 0}",0.012871980667114258
Wine_spoilage,1,1,9,5,LogisticRegression,Time_Warping,0.46225806451612905,0.5217192335819658,"{'C': np.float64(100.0), 'class_weight': None, 'dual': False, 'fit_intercept': True, 'intercept_scaling': 1, 'l1_ratio': None, 'max_iter': 100, 'multi_class': 'deprecated', 'n_jobs': None, 'penalty': 'l2', 'random_state': 42, 'solver': 'lbfgs', 'tol': 0.0001, 'verbose': 0, 'warm_start': False}",0.7981891632080078
Wine_spoilage,1,1,9,3,RNN,Magnitude_Warping,0.3870967741935484,0.32181259600614437,"{'hidden_size': 64, 'epochs': 10, 'batch_size': 32, 'lr': 0.001}",0.619037389755249
Wine_spoilage,1,1,9,5,KNN,Magnitude_Warping,0.56,0.591965952804461,"{'algorithm': 'auto', 'leaf_size': 30, 'metric': 'manhattan', 'metric_params': None, 'n_jobs': None, 'n_neighbors': np.int64(19), 'p': 2, 'weights': 'distance'}",0.054645538330078125
Wine_spoilage,1,1,9,5,RNN,Time_Warping,0.6451612903225806,0.6614003245056788,"{'hidden_size': 64, 'epochs': 10, 'batch_size': 32, 'lr': 0.001}",1.1580665111541748
Wine_spoilage,1,1,9,10,KNN,Time_Warping,0.57,0.6038548907551728,"{'algorithm': 'auto', 'leaf_size': 30, 'metric': 'minkowski', 'metric_params': None, 'n_jobs': None, 'n_neighbors': 5, 'p': 2, 'weights': 'uniform'}",0.2534668445587158
Wine_spoilage,1,1,9,5,RandomForest,Magnitude_Warping,0.5693548387096774,0.6060741851841082,"{'bootstrap': True, 'ccp_alpha': 0.0, 'class_weight': None, 'criterion': 'gini', 'max_depth': 20, 'max_features': 'sqrt', 'max_leaf_nodes': None, 'max_samples': None, 'min_impurity_decrease': 0.0, 'min_samples_leaf': 1, 'min_samples_split': 2, 'min_weight_fraction_leaf': 0.0, 'monotonic_cst': None, 'n_estimators': 50, 'n_jobs': None, 'oob_score': False, 'random_state': 42, 'verbose': 0, 'warm_start': False}",0.19326448440551758
Wine_spoilage,1,1,9,5,LinearSVC,Magnitude_Warping,0.6090322580645161,0.6273122092776443,"{'C': np.float64(100.0), 'class_weight': None, 'dual': False, 'fit_intercept': True, 'intercept_scaling': 1, 'loss': 'squared_hinge', 'max_iter': 100, 'multi_class': 'ovr', 'penalty': 'l1', 'random_state': 42, 'tol': 0.0001, 'verbose': 0}",0.019037723541259766
Wine_spoilage,1,1,9,3,LogisticRegression,Scaling,0.4696774193548387,0.5269555464549702,"{'C': np.float64(10.0), 'class_weight': None, 'dual': False, 'fit_intercept': True, 'intercept_scaling': 1, 'l1_ratio': None, 'max_iter': 100, 'multi_class': 'deprecated', 'n_jobs': None, 'penalty': None, 'random_state': 42, 'solver': 'lbfgs', 'tol': 0.0001, 'verbose': 0, 'warm_start': False}",0.279360294342041
Wine_spoilage,1,1,9,3,RNN,Scaling,0.3870967741935484,0.3326910853329096,"{'hidden_size': 64, 'epochs': 10, 'batch_size': 32, 'lr': 0.001}",0.2241983413696289
Wine_spoilage,1,1,9,5,KNN,Scaling,0.6016129032258064,0.6357040762814332,"{'algorithm': 'auto', 'leaf_size': 30, 'metric': 'euclidean', 'metric_params': None, 'n_jobs': None, 'n_neighbors': np.int64(3), 'p': 2, 'weights': 'uniform'}",0.14603495597839355
Wine_spoilage,1,1,9,10,RandomForest,Time_Warping,0.5683870967741935,0.584385624758372,"{'bootstrap': True, 'ccp_alpha': 0.0, 'class_weight': None, 'criterion': 'gini', 'max_depth': None, 'max_features': 'sqrt', 'max_leaf_nodes': None, 'max_samples': None, 'min_impurity_decrease': 0.0, 'min_samples_leaf': 1, 'min_samples_split': 2, 'min_weight_fraction_leaf': 0.0, 'monotonic_cst': None, 'n_estimators': 100, 'n_jobs': None, 'oob_score': False, 'random_state': 42, 'verbose': 0, 'warm_start': False}",0.9639577865600586
Wine_spoilage,1,1,9,10,LinearSVC,Time_Warping,0.6490322580645161,0.6618947295516366,"{'C': 1.0, 'class_weight': None, 'dual': False, 'fit_intercept': True, 'intercept_scaling': 1, 'loss': 'squared_hinge', 'max_iter': 100, 'multi_class': 'ovr', 'penalty': 'l2', 'random_state': 42, 'tol': 0.0001, 'verbose': 0}",0.03322291374206543
Wine_spoilage,1,1,9,10,LogisticRegression,Time_Warping,0.5177419354838709,0.5636128330445542,"{'C': 1.0, 'class_weight': None, 'dual': False, 'fit_intercept': True, 'intercept_scaling': 1, 'l1_ratio': None, 'max_iter': 100, 'multi_class': 'deprecated', 'n_jobs': None, 'penalty': 'l2', 'random_state': 42, 'solver': 'lbfgs', 'tol': 0.0001, 'verbose': 0, 'warm_start': False}",0.4873785972595215
Wine_spoilage,1,1,9,5,RandomForest,Scaling,0.6164516129032258,0.637524206338519,"{'bootstrap': True, 'ccp_alpha': 0.0, 'class_weight': None, 'criterion': 'gini', 'max_depth': 20, 'max_features': 'sqrt', 'max_leaf_nodes': None, 'max_samples': None, 'min_impurity_decrease': 0.0, 'min_samples_leaf': 1, 'min_samples_split': 2, 'min_weight_fraction_leaf': 0.0, 'monotonic_cst': None, 'n_estimators': 50, 'n_jobs': None, 'oob_score': False, 'random_state': 42, 'verbose': 0, 'warm_start': False}",0.17697691917419434
Wine_spoilage,1,1,9,5,LinearSVC,Scaling,0.6509677419354839,0.6635166133622538,"{'C': np.float64(10.0), 'class_weight': None, 'dual': False, 'fit_intercept': True, 'intercept_scaling': 1, 'loss': 'squared_hinge', 'max_iter': 100, 'multi_class': 'ovr', 'penalty': 'l1', 'random_state': 42, 'tol': 0.0001, 'verbose': 0}",0.02331376075744629
Wine_spoilage,1,1,9,10,RNN,Time_Warping,0.7096774193548387,0.6477886439935776,"{'hidden_size': 64, 'epochs': 10, 'batch_size': 32, 'lr': 0.001}",1.4098939895629883
Wine_spoilage,1,1,9,5,LogisticRegression,Magnitude_Warping,0.49548387096774194,0.5437012767724302,"{'C': np.float64(100.0), 'class_weight': None, 'dual': False, 'fit_intercept': True, 'intercept_scaling': 1, 'l1_ratio': None, 'max_iter': 100, 'multi_class': 'deprecated', 'n_jobs': None, 'penalty': 'l2', 'random_state': 42, 'solver': 'lbfgs', 'tol': 0.0001, 'verbose': 0, 'warm_start': False}",0.7623891830444336
Wine_spoilage,1,1,10,1,KNN,Baseline,0.636774193548387,0.6477871560574971,"{'algorithm': 'auto', 'leaf_size': 30, 'metric': 'minkowski', 'metric_params': None, 'n_jobs': None, 'n_neighbors': 5, 'p': 2, 'weights': 'uniform'}",0.12113523483276367
Wine_spoilage,1,1,10,1,KNN,Tuned_Baseline,0.6696774193548387,0.684794613511348,"{'algorithm': 'auto', 'leaf_size': 30, 'metric': 'manhattan', 'metric_params': None, 'n_jobs': None, 'n_neighbors': np.int64(8), 'p': 2, 'weights': 'distance'}",0.014049053192138672
Wine_spoilage,1,1,10,1,RandomForest,Baseline,0.6651612903225806,0.6737329177874348,"{'bootstrap': True, 'ccp_alpha': 0.0, 'class_weight': None, 'criterion': 'gini', 'max_depth': None, 'max_features': 'sqrt', 'max_leaf_nodes': None, 'max_samples': None, 'min_impurity_decrease': 0.0, 'min_samples_leaf': 1, 'min_samples_split': 2, 'min_weight_fraction_leaf': 0.0, 'monotonic_cst': None, 'n_estimators': 100, 'n_jobs': None, 'oob_score': False, 'random_state': 42, 'verbose': 0, 'warm_start': False}",0.14306378364562988
Wine_spoilage,1,1,9,5,RNN,Magnitude_Warping,0.41935483870967744,0.4235745279388543,"{'hidden_size': 64, 'epochs': 10, 'batch_size': 32, 'lr': 0.001}",1.6412911415100098
Wine_spoilage,1,1,9,5,LogisticRegression,Scaling,0.6483870967741936,0.6718326876276686,"{'C': np.float64(100.0), 'class_weight': None, 'dual': False, 'fit_intercept': True, 'intercept_scaling': 1, 'l1_ratio': None, 'max_iter': 100, 'multi_class': 'deprecated', 'n_jobs': None, 'penalty': 'l2', 'random_state': 42, 'solver': 'lbfgs', 'tol': 0.0001, 'verbose': 0, 'warm_start': False}",0.576418399810791
Wine_spoilage,1,1,9,10,KNN,Magnitude_Warping,0.6258064516129033,0.6485477932754136,"{'algorithm': 'auto', 'leaf_size': 30, 'metric': 'minkowski', 'metric_params': None, 'n_jobs': None, 'n_neighbors': 5, 'p': 2, 'weights': 'uniform'}",0.24262261390686035
Wine_spoilage,1,1,10,1,RandomForest,Tuned_Baseline,0.6658064516129032,0.674394755441045,"{'bootstrap': True, 'ccp_alpha': 0.0, 'class_weight': None, 'criterion': 'gini', 'max_depth': 10, 'max_features': 'sqrt', 'max_leaf_nodes': None, 'max_samples': None, 'min_impurity_decrease': 0.0, 'min_samples_leaf': 1, 'min_samples_split': 2, 'min_weight_fraction_leaf': 0.0, 'monotonic_cst': None, 'n_estimators': 100, 'n_jobs': None, 'oob_score': False, 'random_state': 42, 'verbose': 0, 'warm_start': False}",0.01293802261352539
Wine_spoilage,1,1,10,1,LinearSVC,Baseline,0.6112903225806452,0.6082015184071604,"{'C': 1.0, 'class_weight': None, 'dual': False, 'fit_intercept': True, 'intercept_scaling': 1, 'loss': 'squared_hinge', 'max_iter': 100, 'multi_class': 'ovr', 'penalty': 'l2', 'random_state': 42, 'tol': 0.0001, 'verbose': 0}",0.0034363269805908203
Wine_spoilage,1,1,9,5,RNN,Scaling,0.5806451612903226,0.5779865295994328,"{'hidden_size': 64, 'epochs': 10, 'batch_size': 32, 'lr': 0.001}",0.21884894371032715
Wine_spoilage,1,1,10,1,LinearSVC,Tuned_Baseline,0.6038709677419355,0.5981750106417997,"{'C': np.float64(100.0), 'class_weight': None, 'dual': False, 'fit_intercept': True, 'intercept_scaling': 1, 'loss': 'squared_hinge', 'max_iter': 100, 'multi_class': 'ovr', 'penalty': 'l1', 'random_state': 42, 'tol': 0.0001, 'verbose': 0}",0.0003483295440673828
Wine_spoilage,1,1,9,10,KNN,Scaling,0.5874193548387097,0.6235473221731296,"{'algorithm': 'auto', 'leaf_size': 30, 'metric': 'minkowski', 'metric_params': None, 'n_jobs': None, 'n_neighbors': 5, 'p': 2, 'weights': 'uniform'}",0.15584754943847656
Wine_spoilage,1,1,10,1,LogisticRegression,Baseline,0.6048387096774194,0.6139921261464735,"{'C': 1.0, 'class_weight': None, 'dual': False, 'fit_intercept': True, 'intercept_scaling': 1, 'l1_ratio': None, 'max_iter': 100, 'multi_class': 'deprecated', 'n_jobs': None, 'penalty': 'l2', 'random_state': 42, 'solver': 'lbfgs', 'tol': 0.0001, 'verbose': 0, 'warm_start': False}",0.11240291595458984
Wine_spoilage,1,1,9,10,RandomForest,Magnitude_Warping,0.5538709677419354,0.5873309960443719,"{'bootstrap': True, 'ccp_alpha': 0.0, 'class_weight': None, 'criterion': 'gini', 'max_depth': None, 'max_features': 'sqrt', 'max_leaf_nodes': None, 'max_samples': None, 'min_impurity_decrease': 0.0, 'min_samples_leaf': 1, 'min_samples_split': 2, 'min_weight_fraction_leaf': 0.0, 'monotonic_cst': None, 'n_estimators': 100, 'n_jobs': None, 'oob_score': False, 'random_state': 42, 'verbose': 0, 'warm_start': False}",0.9870741367340088
Wine_spoilage,1,1,9,10,LinearSVC,Magnitude_Warping,0.6377419354838709,0.6597638432098265,"{'C': 1.0, 'class_weight': None, 'dual': False, 'fit_intercept': True, 'intercept_scaling': 1, 'loss': 'squared_hinge', 'max_iter': 100, 'multi_class': 'ovr', 'penalty': 'l2', 'random_state': 42, 'tol': 0.0001, 'verbose': 0}",0.015140056610107422
Wine_spoilage,1,1,9,10,RandomForest,Scaling,0.562258064516129,0.5998638623626678,"{'bootstrap': True, 'ccp_alpha': 0.0, 'class_weight': None, 'criterion': 'gini', 'max_depth': None, 'max_features': 'sqrt', 'max_leaf_nodes': None, 'max_samples': None, 'min_impurity_decrease': 0.0, 'min_samples_leaf': 1, 'min_samples_split': 2, 'min_weight_fraction_leaf': 0.0, 'monotonic_cst': None, 'n_estimators': 100, 'n_jobs': None, 'oob_score': False, 'random_state': 42, 'verbose': 0, 'warm_start': False}",1.1162223815917969
Wine_spoilage,1,1,9,10,LinearSVC,Scaling,0.6154838709677419,0.6340721054941517,"{'C': 1.0, 'class_weight': None, 'dual': False, 'fit_intercept': True, 'intercept_scaling': 1, 'loss': 'squared_hinge', 'max_iter': 100, 'multi_class': 'ovr', 'penalty': 'l2', 'random_state': 42, 'tol': 0.0001, 'verbose': 0}",0.05204415321350098
Wine_spoilage,1,1,9,10,LogisticRegression,Magnitude_Warping,0.48354838709677417,0.5385789439099952,"{'C': 1.0, 'class_weight': None, 'dual': False, 'fit_intercept': True, 'intercept_scaling': 1, 'l1_ratio': None, 'max_iter': 100, 'multi_class': 'deprecated', 'n_jobs': None, 'penalty': 'l2', 'random_state': 42, 'solver': 'lbfgs', 'tol': 0.0001, 'verbose': 0, 'warm_start': False}",0.49910855293273926
Wine_spoilage,1,1,9,10,LogisticRegression,Scaling,0.4993548387096774,0.5495028104383768,"{'C': 1.0, 'class_weight': None, 'dual': False, 'fit_intercept': True, 'intercept_scaling': 1, 'l1_ratio': None, 'max_iter': 100, 'multi_class': 'deprecated', 'n_jobs': None, 'penalty': 'l2', 'random_state': 42, 'solver': 'lbfgs', 'tol': 0.0001, 'verbose': 0, 'warm_start': False}",0.918013334274292
Wine_spoilage,1,1,10,1,LogisticRegression,Tuned_Baseline,0.5648387096774193,0.6038140913259218,"{'C': np.float64(10.0), 'class_weight': None, 'dual': False, 'fit_intercept': True, 'intercept_scaling': 1, 'l1_ratio': None, 'max_iter': 100, 'multi_class': 'deprecated', 'n_jobs': None, 'penalty': None, 'random_state': 42, 'solver': 'lbfgs', 'tol': 0.0001, 'verbose': 0, 'warm_start': False}",0.0005307197570800781
Wine_spoilage,1,1,9,10,RNN,Magnitude_Warping,0.3225806451612903,0.32563319858097517,"{'hidden_size': 64, 'epochs': 10, 'batch_size': 32, 'lr': 0.001}",1.6730806827545166
Wine_spoilage,1,1,10,1,RNN,Baseline,0.5161290322580645,0.5251427689458249,"{'hidden_size': 64, 'epochs': 10, 'batch_size': 32, 'lr': 0.001}",0.4570446014404297
Wine_spoilage,1,1,10,1,RNN,Tuned_Baseline,0.5161290322580645,0.5251427689458249,"{'hidden_size': 64, 'epochs': 10, 'batch_size': 32, 'lr': 0.001}",0.018387317657470703
Wine_spoilage,1,1,10,1,KNN,Baseline,0.636774193548387,0.6477871560574971,"{'algorithm': 'auto', 'leaf_size': 30, 'metric': 'minkowski', 'metric_params': None, 'n_jobs': None, 'n_neighbors': 5, 'p': 2, 'weights': 'uniform'}",0.14185857772827148
Wine_spoilage,1,1,10,2,KNN,Time_Warping,0.6545161290322581,0.6568607571301863,"{'algorithm': 'auto', 'leaf_size': 30, 'metric': 'euclidean', 'metric_params': None, 'n_jobs': None, 'n_neighbors': np.int64(3), 'p': 2, 'weights': 'uniform'}",0.13921546936035156
Wine_spoilage,1,1,10,1,KNN,Tuned_Baseline,0.6696774193548387,0.684794613511348,"{'algorithm': 'auto', 'leaf_size': 30, 'metric': 'manhattan', 'metric_params': None, 'n_jobs': None, 'n_neighbors': np.int64(8), 'p': 2, 'weights': 'distance'}",0.030475616455078125
Wine_spoilage,1,1,10,1,RandomForest,Baseline,0.6651612903225806,0.6737329177874348,"{'bootstrap': True, 'ccp_alpha': 0.0, 'class_weight': None, 'criterion': 'gini', 'max_depth': None, 'max_features': 'sqrt', 'max_leaf_nodes': None, 'max_samples': None, 'min_impurity_decrease': 0.0, 'min_samples_leaf': 1, 'min_samples_split': 2, 'min_weight_fraction_leaf': 0.0, 'monotonic_cst': None, 'n_estimators': 100, 'n_jobs': None, 'oob_score': False, 'random_state': 42, 'verbose': 0, 'warm_start': False}",0.39164042472839355
Wine_spoilage,1,1,9,10,RNN,Scaling,0.7741935483870968,0.765622930659351,"{'hidden_size': 64, 'epochs': 10, 'batch_size': 32, 'lr': 0.001}",2.4000580310821533
Wine_spoilage,1,1,10,2,RandomForest,Time_Warping,0.6625806451612903,0.6741259133310558,"{'bootstrap': True, 'ccp_alpha': 0.0, 'class_weight': None, 'criterion': 'gini', 'max_depth': 20, 'max_features': 'sqrt', 'max_leaf_nodes': None, 'max_samples': None, 'min_impurity_decrease': 0.0, 'min_samples_leaf': 2, 'min_samples_split': 2, 'min_weight_fraction_leaf': 0.0, 'monotonic_cst': None, 'n_estimators': 50, 'n_jobs': None, 'oob_score': False, 'random_state': 42, 'verbose': 0, 'warm_start': False}",0.10794186592102051
Wine_spoilage,1,1,10,2,LinearSVC,Time_Warping,0.6122580645161291,0.6024288259640465,"{'C': np.float64(100.0), 'class_weight': None, 'dual': False, 'fit_intercept': True, 'intercept_scaling': 1, 'loss': 'squared_hinge', 'max_iter': 100, 'multi_class': 'ovr', 'penalty': 'l1', 'random_state': 42, 'tol': 0.0001, 'verbose': 0}",0.01008915901184082
Wine_spoilage,1,1,10,1,KNN,Baseline,0.636774193548387,0.6477871560574971,"{'algorithm': 'auto', 'leaf_size': 30, 'metric': 'minkowski', 'metric_params': None, 'n_jobs': None, 'n_neighbors': 5, 'p': 2, 'weights': 'uniform'}",0.14099740982055664
Wine_spoilage,1,1,10,1,KNN,Tuned_Baseline,0.6696774193548387,0.684794613511348,"{'algorithm': 'auto', 'leaf_size': 30, 'metric': 'manhattan', 'metric_params': None, 'n_jobs': None, 'n_neighbors': np.int64(8), 'p': 2, 'weights': 'distance'}",0.03360462188720703
Wine_spoilage,1,1,10,1,RandomForest,Baseline,0.6651612903225806,0.6737329177874348,"{'bootstrap': True, 'ccp_alpha': 0.0, 'class_weight': None, 'criterion': 'gini', 'max_depth': None, 'max_features': 'sqrt', 'max_leaf_nodes': None, 'max_samples': None, 'min_impurity_decrease': 0.0, 'min_samples_leaf': 1, 'min_samples_split': 2, 'min_weight_fraction_leaf': 0.0, 'monotonic_cst': None, 'n_estimators': 100, 'n_jobs': None, 'oob_score': False, 'random_state': 42, 'verbose': 0, 'warm_start': False}",0.25780248641967773
Wine_spoilage,1,1,10,1,RandomForest,Tuned_Baseline,0.6658064516129032,0.674394755441045,"{'bootstrap': True, 'ccp_alpha': 0.0, 'class_weight': None, 'criterion': 'gini', 'max_depth': 10, 'max_features': 'sqrt', 'max_leaf_nodes': None, 'max_samples': None, 'min_impurity_decrease': 0.0, 'min_samples_leaf': 1, 'min_samples_split': 2, 'min_weight_fraction_leaf': 0.0, 'monotonic_cst': None, 'n_estimators': 100, 'n_jobs': None, 'oob_score': False, 'random_state': 42, 'verbose': 0, 'warm_start': False}",0.012505054473876953
Wine_spoilage,1,1,10,1,LinearSVC,Baseline,0.6112903225806452,0.6082015184071604,"{'C': 1.0, 'class_weight': None, 'dual': False, 'fit_intercept': True, 'intercept_scaling': 1, 'loss': 'squared_hinge', 'max_iter': 100, 'multi_class': 'ovr', 'penalty': 'l2', 'random_state': 42, 'tol': 0.0001, 'verbose': 0}",0.00407099723815918
Wine_spoilage,1,1,10,2,LogisticRegression,Time_Warping,0.49032258064516127,0.5250990937252763,"{'C': np.float64(100.0), 'class_weight': None, 'dual': False, 'fit_intercept': True, 'intercept_scaling': 1, 'l1_ratio': None, 'max_iter': 100, 'multi_class': 'deprecated', 'n_jobs': None, 'penalty': 'l2', 'random_state': 42, 'solver': 'lbfgs', 'tol': 0.0001, 'verbose': 0, 'warm_start': False}",0.0549468994140625
Wine_spoilage,1,1,10,1,LinearSVC,Tuned_Baseline,0.6038709677419355,0.5981750106417997,"{'C': np.float64(100.0), 'class_weight': None, 'dual': False, 'fit_intercept': True, 'intercept_scaling': 1, 'loss': 'squared_hinge', 'max_iter': 100, 'multi_class': 'ovr', 'penalty': 'l1', 'random_state': 42, 'tol': 0.0001, 'verbose': 0}",0.0003693103790283203
Wine_spoilage,1,1,10,1,LogisticRegression,Baseline,0.6048387096774194,0.6139921261464735,"{'C': 1.0, 'class_weight': None, 'dual': False, 'fit_intercept': True, 'intercept_scaling': 1, 'l1_ratio': None, 'max_iter': 100, 'multi_class': 'deprecated', 'n_jobs': None, 'penalty': 'l2', 'random_state': 42, 'solver': 'lbfgs', 'tol': 0.0001, 'verbose': 0, 'warm_start': False}",0.01277923583984375
Wine_spoilage,1,1,10,2,RNN,Time_Warping,0.6451612903225806,0.6881720430107526,"{'hidden_size': 64, 'epochs': 10, 'batch_size': 32, 'lr': 0.001}",0.6611614227294922
Wine_spoilage,1,1,10,3,KNN,Time_Warping,0.6483870967741936,0.6506749256871612,"{'algorithm': 'auto', 'leaf_size': 30, 'metric': 'euclidean', 'metric_params': None, 'n_jobs': None, 'n_neighbors': np.int64(3), 'p': 2, 'weights': 'uniform'}",0.14176392555236816
Wine_spoilage,1,1,10,1,RandomForest,Tuned_Baseline,0.6658064516129032,0.674394755441045,"{'bootstrap': True, 'ccp_alpha': 0.0, 'class_weight': None, 'criterion': 'gini', 'max_depth': 10, 'max_features': 'sqrt', 'max_leaf_nodes': None, 'max_samples': None, 'min_impurity_decrease': 0.0, 'min_samples_leaf': 1, 'min_samples_split': 2, 'min_weight_fraction_leaf': 0.0, 'monotonic_cst': None, 'n_estimators': 100, 'n_jobs': None, 'oob_score': False, 'random_state': 42, 'verbose': 0, 'warm_start': False}",0.01372075080871582
Wine_spoilage,1,1,10,1,LinearSVC,Baseline,0.6112903225806452,0.6082015184071604,"{'C': 1.0, 'class_weight': None, 'dual': False, 'fit_intercept': True, 'intercept_scaling': 1, 'loss': 'squared_hinge', 'max_iter': 100, 'multi_class': 'ovr', 'penalty': 'l2', 'random_state': 42, 'tol': 0.0001, 'verbose': 0}",0.003687143325805664
Wine_spoilage,1,1,10,1,LinearSVC,Tuned_Baseline,0.6038709677419355,0.5981750106417997,"{'C': np.float64(100.0), 'class_weight': None, 'dual': False, 'fit_intercept': True, 'intercept_scaling': 1, 'loss': 'squared_hinge', 'max_iter': 100, 'multi_class': 'ovr', 'penalty': 'l1', 'random_state': 42, 'tol': 0.0001, 'verbose': 0}",0.0004429817199707031
Wine_spoilage,1,1,10,1,LogisticRegression,Baseline,0.6048387096774194,0.6139921261464735,"{'C': 1.0, 'class_weight': None, 'dual': False, 'fit_intercept': True, 'intercept_scaling': 1, 'l1_ratio': None, 'max_iter': 100, 'multi_class': 'deprecated', 'n_jobs': None, 'penalty': 'l2', 'random_state': 42, 'solver': 'lbfgs', 'tol': 0.0001, 'verbose': 0, 'warm_start': False}",0.16009831428527832
Wine_spoilage,1,1,10,3,RandomForest,Time_Warping,0.6370967741935484,0.6535241729719721,"{'bootstrap': True, 'ccp_alpha': 0.0, 'class_weight': None, 'criterion': 'gini', 'max_depth': 20, 'max_features': 'sqrt', 'max_leaf_nodes': None, 'max_samples': None, 'min_impurity_decrease': 0.0, 'min_samples_leaf': 2, 'min_samples_split': 2, 'min_weight_fraction_leaf': 0.0, 'monotonic_cst': None, 'n_estimators': 50, 'n_jobs': None, 'oob_score': False, 'random_state': 42, 'verbose': 0, 'warm_start': False}",0.12520337104797363
Wine_spoilage,1,1,10,3,LinearSVC,Time_Warping,0.6041935483870968,0.5972410613616547,"{'C': np.float64(1.0), 'class_weight': None, 'dual': False, 'fit_intercept': True, 'intercept_scaling': 1, 'loss': 'squared_hinge', 'max_iter': 100, 'multi_class': 'ovr', 'penalty': 'l2', 'random_state': 42, 'tol': 0.0001, 'verbose': 0}",0.0069844722747802734
Wine_spoilage,1,1,10,1,LogisticRegression,Tuned_Baseline,0.5648387096774193,0.6038140913259218,"{'C': np.float64(10.0), 'class_weight': None, 'dual': False, 'fit_intercept': True, 'intercept_scaling': 1, 'l1_ratio': None, 'max_iter': 100, 'multi_class': 'deprecated', 'n_jobs': None, 'penalty': None, 'random_state': 42, 'solver': 'lbfgs', 'tol': 0.0001, 'verbose': 0, 'warm_start': False}",0.0005502700805664062
Wine_spoilage,1,1,10,1,RNN,Baseline,0.6774193548387096,0.7046920821114369,"{'hidden_size': 64, 'epochs': 10, 'batch_size': 32, 'lr': 0.001}",0.36601877212524414
Wine_spoilage,1,1,10,1,RNN,Tuned_Baseline,0.6774193548387096,0.7046920821114369,"{'hidden_size': 64, 'epochs': 10, 'batch_size': 32, 'lr': 0.001}",0.01833033561706543
Wine_spoilage,1,1,10,2,KNN,Magnitude_Warping,0.6516129032258065,0.6625103007659224,"{'algorithm': 'auto', 'leaf_size': 30, 'metric': 'manhattan', 'metric_params': None, 'n_jobs': None, 'n_neighbors': np.int64(9), 'p': 2, 'weights': 'distance'}",0.024817705154418945
Wine_spoilage,1,1,10,3,LogisticRegression,Time_Warping,0.5329032258064517,0.5572537490670442,"{'C': np.float64(10.0), 'class_weight': None, 'dual': False, 'fit_intercept': True, 'intercept_scaling': 1, 'l1_ratio': None, 'max_iter': 100, 'multi_class': 'deprecated', 'n_jobs': None, 'penalty': None, 'random_state': 42, 'solver': 'lbfgs', 'tol': 0.0001, 'verbose': 0, 'warm_start': False}",0.08901810646057129
Wine_spoilage,1,1,10,2,RandomForest,Magnitude_Warping,0.6267741935483871,0.6142411738466081,"{'bootstrap': True, 'ccp_alpha': 0.0, 'class_weight': None, 'criterion': 'gini', 'max_depth': 20, 'max_features': 'sqrt', 'max_leaf_nodes': None, 'max_samples': None, 'min_impurity_decrease': 0.0, 'min_samples_leaf': 2, 'min_samples_split': 2, 'min_weight_fraction_leaf': 0.0, 'monotonic_cst': None, 'n_estimators': 50, 'n_jobs': None, 'oob_score': False, 'random_state': 42, 'verbose': 0, 'warm_start': False}",0.11497974395751953
Wine_spoilage,1,1,10,2,LinearSVC,Magnitude_Warping,0.613225806451613,0.6044298461967689,"{'C': np.float64(100.0), 'class_weight': None, 'dual': False, 'fit_intercept': True, 'intercept_scaling': 1, 'loss': 'squared_hinge', 'max_iter': 100, 'multi_class': 'ovr', 'penalty': 'l1', 'random_state': 42, 'tol': 0.0001, 'verbose': 0}",0.009851932525634766
Wine_spoilage,1,1,10,3,RNN,Time_Warping,0.5483870967741935,0.5744104093250202,"{'hidden_size': 64, 'epochs': 10, 'batch_size': 32, 'lr': 0.001}",0.6676135063171387
Wine_spoilage,1,1,10,5,KNN,Time_Warping,0.6503225806451612,0.6723442604087646,"{'algorithm': 'auto', 'leaf_size': 30, 'metric': 'manhattan', 'metric_params': None, 'n_jobs': None, 'n_neighbors': np.int64(9), 'p': 2, 'weights': 'distance'}",0.06254291534423828
Wine_spoilage,1,1,10,1,LogisticRegression,Tuned_Baseline,0.5648387096774193,0.6038140913259218,"{'C': np.float64(10.0), 'class_weight': None, 'dual': False, 'fit_intercept': True, 'intercept_scaling': 1, 'l1_ratio': None, 'max_iter': 100, 'multi_class': 'deprecated', 'n_jobs': None, 'penalty': None, 'random_state': 42, 'solver': 'lbfgs', 'tol': 0.0001, 'verbose': 0, 'warm_start': False}",0.0005595684051513672
Wine_spoilage,1,1,10,1,RNN,Baseline,0.3870967741935484,0.32275596072931273,"{'hidden_size': 64, 'epochs': 10, 'batch_size': 32, 'lr': 0.001}",0.5650465488433838
Wine_spoilage,1,1,10,1,RNN,Tuned_Baseline,0.3870967741935484,0.32275596072931273,"{'hidden_size': 64, 'epochs': 10, 'batch_size': 32, 'lr': 0.001}",0.013455867767333984
Wine_spoilage,1,1,10,2,KNN,Scaling,0.6796774193548387,0.6893971125436372,"{'algorithm': 'auto', 'leaf_size': 30, 'metric': 'manhattan', 'metric_params': None, 'n_jobs': None, 'n_neighbors': np.int64(9), 'p': 2, 'weights': 'distance'}",0.0349123477935791
Wine_spoilage,1,1,10,5,RandomForest,Time_Warping,0.6545161290322581,0.6666679830913297,"{'bootstrap': True, 'ccp_alpha': 0.0, 'class_weight': None, 'criterion': 'gini', 'max_depth': 20, 'max_features': 'sqrt', 'max_leaf_nodes': None, 'max_samples': None, 'min_impurity_decrease': 0.0, 'min_samples_leaf': 1, 'min_samples_split': 2, 'min_weight_fraction_leaf': 0.0, 'monotonic_cst': None, 'n_estimators': 50, 'n_jobs': None, 'oob_score': False, 'random_state': 42, 'verbose': 0, 'warm_start': False}",0.1682264804840088
Wine_spoilage,1,1,10,5,LinearSVC,Time_Warping,0.6035483870967742,0.6008237766808999,"{'C': np.float64(1.0), 'class_weight': None, 'dual': False, 'fit_intercept': True, 'intercept_scaling': 1, 'loss': 'squared_hinge', 'max_iter': 100, 'multi_class': 'ovr', 'penalty': 'l2', 'random_state': 42, 'tol': 0.0001, 'verbose': 0}",0.010255813598632812
Wine_spoilage,1,1,10,2,LogisticRegression,Magnitude_Warping,0.5919354838709677,0.6005789749071184,"{'C': np.float64(100.0), 'class_weight': None, 'dual': False, 'fit_intercept': True, 'intercept_scaling': 1, 'l1_ratio': None, 'max_iter': 100, 'multi_class': 'deprecated', 'n_jobs': None, 'penalty': 'l2', 'random_state': 42, 'solver': 'lbfgs', 'tol': 0.0001, 'verbose': 0, 'warm_start': False}",0.14263439178466797
Wine_spoilage,1,1,10,2,RNN,Magnitude_Warping,0.8064516129032258,0.8064516129032258,"{'hidden_size': 64, 'epochs': 10, 'batch_size': 32, 'lr': 0.001}",0.50111985206604
Wine_spoilage,1,1,10,3,KNN,Magnitude_Warping,0.6587096774193548,0.6537767306142609,"{'algorithm': 'auto', 'leaf_size': 30, 'metric': 'euclidean', 'metric_params': None, 'n_jobs': None, 'n_neighbors': np.int64(3), 'p': 2, 'weights': 'uniform'}",0.14050674438476562
Wine_spoilage,1,1,10,2,RandomForest,Scaling,0.675483870967742,0.6800034956428149,"{'bootstrap': True, 'ccp_alpha': 0.0, 'class_weight': None, 'criterion': 'gini', 'max_depth': None, 'max_features': 'sqrt', 'max_leaf_nodes': None, 'max_samples': None, 'min_impurity_decrease': 0.0, 'min_samples_leaf': 2, 'min_samples_split': 5, 'min_weight_fraction_leaf': 0.0, 'monotonic_cst': None, 'n_estimators': 100, 'n_jobs': None, 'oob_score': False, 'random_state': 42, 'verbose': 0, 'warm_start': False}",0.23200416564941406
Wine_spoilage,1,1,10,2,LinearSVC,Scaling,0.41193548387096773,0.37109162844064075,"{'C': np.float64(10.0), 'class_weight': None, 'dual': True, 'fit_intercept': True, 'intercept_scaling': 1, 'loss': 'hinge', 'max_iter': 100, 'multi_class': 'ovr', 'penalty': 'l2', 'random_state': 42, 'tol': 0.0001, 'verbose': 0}",0.0192720890045166
Wine_spoilage,1,1,10,3,RandomForest,Magnitude_Warping,0.6790322580645162,0.6878675956309495,"{'bootstrap': True, 'ccp_alpha': 0.0, 'class_weight': None, 'criterion': 'gini', 'max_depth': 20, 'max_features': 'sqrt', 'max_leaf_nodes': None, 'max_samples': None, 'min_impurity_decrease': 0.0, 'min_samples_leaf': 2, 'min_samples_split': 2, 'min_weight_fraction_leaf': 0.0, 'monotonic_cst': None, 'n_estimators': 50, 'n_jobs': None, 'oob_score': False, 'random_state': 42, 'verbose': 0, 'warm_start': False}",0.1383364200592041
Wine_spoilage,1,1,10,5,LogisticRegression,Time_Warping,0.4990322580645161,0.5297654315841748,"{'C': np.float64(10.0), 'class_weight': None, 'dual': False, 'fit_intercept': True, 'intercept_scaling': 1, 'l1_ratio': None, 'max_iter': 100, 'multi_class': 'deprecated', 'n_jobs': None, 'penalty': None, 'random_state': 42, 'solver': 'lbfgs', 'tol': 0.0001, 'verbose': 0, 'warm_start': False}",0.08266043663024902
Wine_spoilage,1,1,10,3,LinearSVC,Magnitude_Warping,0.52,0.5635048295039817,"{'C': np.float64(100.0), 'class_weight': None, 'dual': True, 'fit_intercept': True, 'intercept_scaling': 1, 'loss': 'hinge', 'max_iter': 100, 'multi_class': 'ovr', 'penalty': 'l2', 'random_state': 42, 'tol': 0.0001, 'verbose': 0}",0.016333818435668945
Wine_spoilage,1,1,10,5,RNN,Time_Warping,0.4838709677419355,0.5016478577848796,"{'hidden_size': 64, 'epochs': 10, 'batch_size': 32, 'lr': 0.001}",0.2299056053161621
Wine_spoilage,1,1,10,10,KNN,Time_Warping,0.6203225806451613,0.635464934295513,"{'algorithm': 'auto', 'leaf_size': 30, 'metric': 'minkowski', 'metric_params': None, 'n_jobs': None, 'n_neighbors': 5, 'p': 2, 'weights': 'uniform'}",0.18633341789245605
Wine_spoilage,1,1,10,10,RandomForest,Time_Warping,0.6296774193548387,0.6456400501940528,"{'bootstrap': True, 'ccp_alpha': 0.0, 'class_weight': None, 'criterion': 'gini', 'max_depth': None, 'max_features': 'sqrt', 'max_leaf_nodes': None, 'max_samples': None, 'min_impurity_decrease': 0.0, 'min_samples_leaf': 1, 'min_samples_split': 2, 'min_weight_fraction_leaf': 0.0, 'monotonic_cst': None, 'n_estimators': 100, 'n_jobs': None, 'oob_score': False, 'random_state': 42, 'verbose': 0, 'warm_start': False}",0.535597562789917
Wine_spoilage,1,1,10,10,LinearSVC,Time_Warping,0.584516129032258,0.5772431090735961,"{'C': 1.0, 'class_weight': None, 'dual': False, 'fit_intercept': True, 'intercept_scaling': 1, 'loss': 'squared_hinge', 'max_iter': 100, 'multi_class': 'ovr', 'penalty': 'l2', 'random_state': 42, 'tol': 0.0001, 'verbose': 0}",0.018214702606201172
Wine_spoilage,1,1,10,2,LogisticRegression,Scaling,0.5661290322580645,0.598001192060235,"{'C': np.float64(10.0), 'class_weight': None, 'dual': False, 'fit_intercept': True, 'intercept_scaling': 1, 'l1_ratio': None, 'max_iter': 100, 'multi_class': 'deprecated', 'n_jobs': None, 'penalty': None, 'random_state': 42, 'solver': 'lbfgs', 'tol': 0.0001, 'verbose': 0, 'warm_start': False}",0.16895723342895508
Wine_spoilage,1,1,10,10,LogisticRegression,Time_Warping,0.5458064516129032,0.570467367169248,"{'C': 1.0, 'class_weight': None, 'dual': False, 'fit_intercept': True, 'intercept_scaling': 1, 'l1_ratio': None, 'max_iter': 100, 'multi_class': 'deprecated', 'n_jobs': None, 'penalty': 'l2', 'random_state': 42, 'solver': 'lbfgs', 'tol': 0.0001, 'verbose': 0, 'warm_start': False}",0.21812152862548828
Wine_spoilage,1,1,10,2,RNN,Scaling,0.3870967741935484,0.3326910853329096,"{'hidden_size': 64, 'epochs': 10, 'batch_size': 32, 'lr': 0.001}",0.7443041801452637
Wine_spoilage,1,1,10,10,RNN,Time_Warping,0.2903225806451613,0.2564854500338371,"{'hidden_size': 64, 'epochs': 10, 'batch_size': 32, 'lr': 0.001}",1.212972640991211
Wine_spoilage,1,1,10,3,LogisticRegression,Magnitude_Warping,0.6119354838709677,0.6195078903701617,"{'C': np.float64(10.0), 'class_weight': None, 'dual': False, 'fit_intercept': True, 'intercept_scaling': 1, 'l1_ratio': None, 'max_iter': 100, 'multi_class': 'deprecated', 'n_jobs': None, 'penalty': None, 'random_state': 42, 'solver': 'lbfgs', 'tol': 0.0001, 'verbose': 0, 'warm_start': False}",0.15935182571411133
Wine_spoilage,1,1,10,3,KNN,Scaling,0.6538709677419355,0.6576705510072965,"{'algorithm': 'auto', 'leaf_size': 30, 'metric': 'euclidean', 'metric_params': None, 'n_jobs': None, 'n_neighbors': np.int64(3), 'p': 2, 'weights': 'uniform'}",0.2982511520385742
Wine_spoilage,1,1,10,3,RNN,Magnitude_Warping,1.0,1.0,"{'hidden_size': 64, 'epochs': 10, 'batch_size': 32, 'lr': 0.001}",0.7192811965942383
Wine_spoilage,1,1,10,5,KNN,Magnitude_Warping,0.6674193548387096,0.6630548318725406,"{'algorithm': 'auto', 'leaf_size': 30, 'metric': 'euclidean', 'metric_params': None, 'n_jobs': None, 'n_neighbors': np.int64(5), 'p': 2, 'weights': 'uniform'}",0.1481618881225586
Wine_spoilage,1,1,10,3,RandomForest,Scaling,0.7006451612903226,0.7043299567680471,"{'bootstrap': True, 'ccp_alpha': 0.0, 'class_weight': None, 'criterion': 'gini', 'max_depth': 20, 'max_features': 'sqrt', 'max_leaf_nodes': None, 'max_samples': None, 'min_impurity_decrease': 0.0, 'min_samples_leaf': 2, 'min_samples_split': 5, 'min_weight_fraction_leaf': 0.0, 'monotonic_cst': None, 'n_estimators': 100, 'n_jobs': None, 'oob_score': False, 'random_state': 42, 'verbose': 0, 'warm_start': False}",0.2310483455657959
Wine_spoilage,1,1,10,3,LinearSVC,Scaling,0.35419354838709677,0.36821220009166267,"{'C': np.float64(100.0), 'class_weight': None, 'dual': True, 'fit_intercept': True, 'intercept_scaling': 1, 'loss': 'hinge', 'max_iter': 100, 'multi_class': 'ovr', 'penalty': 'l2', 'random_state': 42, 'tol': 0.0001, 'verbose': 0}",0.013631343841552734
Wine_spoilage,1,1,10,5,RandomForest,Magnitude_Warping,0.687741935483871,0.6936567723477539,"{'bootstrap': True, 'ccp_alpha': 0.0, 'class_weight': None, 'criterion': 'gini', 'max_depth': 20, 'max_features': 'sqrt', 'max_leaf_nodes': None, 'max_samples': None, 'min_impurity_decrease': 0.0, 'min_samples_leaf': 1, 'min_samples_split': 2, 'min_weight_fraction_leaf': 0.0, 'monotonic_cst': None, 'n_estimators': 50, 'n_jobs': None, 'oob_score': False, 'random_state': 42, 'verbose': 0, 'warm_start': False}",0.19410085678100586
Wine_spoilage,1,1,10,5,LinearSVC,Magnitude_Warping,0.6483870967741936,0.6237970584602697,"{'C': np.float64(0.01), 'class_weight': None, 'dual': False, 'fit_intercept': True, 'intercept_scaling': 1, 'loss': 'squared_hinge', 'max_iter': 100, 'multi_class': 'ovr', 'penalty': 'l2', 'random_state': 42, 'tol': 0.0001, 'verbose': 0}",0.00829935073852539
Wine_spoilage,1,1,10,3,LogisticRegression,Scaling,0.6238709677419355,0.6452030658156443,"{'C': np.float64(100.0), 'class_weight': None, 'dual': False, 'fit_intercept': True, 'intercept_scaling': 1, 'l1_ratio': None, 'max_iter': 100, 'multi_class': 'deprecated', 'n_jobs': None, 'penalty': None, 'random_state': 42, 'solver': 'lbfgs', 'tol': 0.0001, 'verbose': 0, 'warm_start': False}",0.06177783012390137
Wine_spoilage,1,1,10,5,LogisticRegression,Magnitude_Warping,0.6151612903225806,0.6155611260649198,"{'C': np.float64(100.0), 'class_weight': None, 'dual': False, 'fit_intercept': True, 'intercept_scaling': 1, 'l1_ratio': None, 'max_iter': 100, 'multi_class': 'deprecated', 'n_jobs': None, 'penalty': 'l2', 'random_state': 42, 'solver': 'lbfgs', 'tol': 0.0001, 'verbose': 0, 'warm_start': False}",0.054483652114868164
Wine_spoilage,1,1,10,3,RNN,Scaling,0.45161290322580644,0.4592030360531309,"{'hidden_size': 64, 'epochs': 10, 'batch_size': 32, 'lr': 0.001}",0.2532174587249756
Wine_spoilage,1,1,10,5,KNN,Scaling,0.6687096774193548,0.66149188431025,"{'algorithm': 'auto', 'leaf_size': 30, 'metric': 'euclidean', 'metric_params': None, 'n_jobs': None, 'n_neighbors': np.int64(5), 'p': 2, 'weights': 'uniform'}",0.1423201560974121
Wine_spoilage,1,1,10,5,RNN,Magnitude_Warping,0.7741935483870968,0.7652911604524507,"{'hidden_size': 64, 'epochs': 10, 'batch_size': 32, 'lr': 0.001}",0.6247727870941162
Wine_spoilage,1,1,10,10,KNN,Magnitude_Warping,0.6606451612903226,0.6593593064591017,"{'algorithm': 'auto', 'leaf_size': 30, 'metric': 'minkowski', 'metric_params': None, 'n_jobs': None, 'n_neighbors': 5, 'p': 2, 'weights': 'uniform'}",0.15944457054138184
Wine_spoilage,1,1,10,10,RandomForest,Magnitude_Warping,0.682258064516129,0.6853699330311626,"{'bootstrap': True, 'ccp_alpha': 0.0, 'class_weight': None, 'criterion': 'gini', 'max_depth': None, 'max_features': 'sqrt', 'max_leaf_nodes': None, 'max_samples': None, 'min_impurity_decrease': 0.0, 'min_samples_leaf': 1, 'min_samples_split': 2, 'min_weight_fraction_leaf': 0.0, 'monotonic_cst': None, 'n_estimators': 100, 'n_jobs': None, 'oob_score': False, 'random_state': 42, 'verbose': 0, 'warm_start': False}",0.7378838062286377
Wine_spoilage,1,1,10,10,LinearSVC,Magnitude_Warping,0.6441935483870967,0.6268327857023934,"{'C': 1.0, 'class_weight': None, 'dual': False, 'fit_intercept': True, 'intercept_scaling': 1, 'loss': 'squared_hinge', 'max_iter': 100, 'multi_class': 'ovr', 'penalty': 'l2', 'random_state': 42, 'tol': 0.0001, 'verbose': 0}",0.01590704917907715
Wine_spoilage,1,1,10,10,LogisticRegression,Magnitude_Warping,0.6090322580645161,0.6179029171429987,"{'C': 1.0, 'class_weight': None, 'dual': False, 'fit_intercept': True, 'intercept_scaling': 1, 'l1_ratio': None, 'max_iter': 100, 'multi_class': 'deprecated', 'n_jobs': None, 'penalty': 'l2', 'random_state': 42, 'solver': 'lbfgs', 'tol': 0.0001, 'verbose': 0, 'warm_start': False}",0.22435951232910156
Wine_spoilage,1,1,10,5,RandomForest,Scaling,0.6716129032258065,0.6627159538968527,"{'bootstrap': True, 'ccp_alpha': 0.0, 'class_weight': None, 'criterion': 'gini', 'max_depth': 20, 'max_features': 'sqrt', 'max_leaf_nodes': None, 'max_samples': None, 'min_impurity_decrease': 0.0, 'min_samples_leaf': 1, 'min_samples_split': 2, 'min_weight_fraction_leaf': 0.0, 'monotonic_cst': None, 'n_estimators': 50, 'n_jobs': None, 'oob_score': False, 'random_state': 42, 'verbose': 0, 'warm_start': False}",0.2004404067993164
Wine_spoilage,1,1,10,5,LinearSVC,Scaling,0.594516129032258,0.5965241756889806,"{'C': np.float64(1.0), 'class_weight': None, 'dual': False, 'fit_intercept': True, 'intercept_scaling': 1, 'loss': 'squared_hinge', 'max_iter': 100, 'multi_class': 'ovr', 'penalty': 'l2', 'random_state': 42, 'tol': 0.0001, 'verbose': 0}",0.02134251594543457
Wine_spoilage,1,1,10,10,RNN,Magnitude_Warping,0.3548387096774194,0.3162442396313364,"{'hidden_size': 64, 'epochs': 10, 'batch_size': 32, 'lr': 0.001}",1.240046739578247
Wine_spoilage,1,1,10,5,LogisticRegression,Scaling,0.5832258064516129,0.6050839494780922,"{'C': np.float64(100.0), 'class_weight': None, 'dual': False, 'fit_intercept': True, 'intercept_scaling': 1, 'l1_ratio': None, 'max_iter': 100, 'multi_class': 'deprecated', 'n_jobs': None, 'penalty': None, 'random_state': 42, 'solver': 'lbfgs', 'tol': 0.0001, 'verbose': 0, 'warm_start': False}",0.5941874980926514
Wine_spoilage,1,1,10,5,RNN,Scaling,0.45161290322580644,0.40266963292547275,"{'hidden_size': 64, 'epochs': 10, 'batch_size': 32, 'lr': 0.001}",0.7790930271148682
Wine_spoilage,1,1,10,10,KNN,Scaling,0.6783870967741935,0.6788472673831506,"{'algorithm': 'auto', 'leaf_size': 30, 'metric': 'minkowski', 'metric_params': None, 'n_jobs': None, 'n_neighbors': 5, 'p': 2, 'weights': 'uniform'}",0.14240503311157227
Wine_spoilage,1,1,10,10,RandomForest,Scaling,0.6629032258064517,0.6615457748808008,"{'bootstrap': True, 'ccp_alpha': 0.0, 'class_weight': None, 'criterion': 'gini', 'max_depth': None, 'max_features': 'sqrt', 'max_leaf_nodes': None, 'max_samples': None, 'min_impurity_decrease': 0.0, 'min_samples_leaf': 1, 'min_samples_split': 2, 'min_weight_fraction_leaf': 0.0, 'monotonic_cst': None, 'n_estimators': 100, 'n_jobs': None, 'oob_score': False, 'random_state': 42, 'verbose': 0, 'warm_start': False}",0.6340286731719971
Wine_spoilage,1,1,10,10,LinearSVC,Scaling,0.5958064516129032,0.5997727523892783,"{'C': 1.0, 'class_weight': None, 'dual': False, 'fit_intercept': True, 'intercept_scaling': 1, 'loss': 'squared_hinge', 'max_iter': 100, 'multi_class': 'ovr', 'penalty': 'l2', 'random_state': 42, 'tol': 0.0001, 'verbose': 0}",0.014715433120727539
Wine_spoilage,1,1,10,10,LogisticRegression,Scaling,0.5851612903225807,0.6064122789644563,"{'C': 1.0, 'class_weight': None, 'dual': False, 'fit_intercept': True, 'intercept_scaling': 1, 'l1_ratio': None, 'max_iter': 100, 'multi_class': 'deprecated', 'n_jobs': None, 'penalty': 'l2', 'random_state': 42, 'solver': 'lbfgs', 'tol': 0.0001, 'verbose': 0, 'warm_start': False}",0.3837904930114746
Wine_spoilage,1,1,10,10,RNN,Scaling,0.3225806451612903,0.2133194588969823,"{'hidden_size': 64, 'epochs': 10, 'batch_size': 32, 'lr': 0.001}",4.098787784576416
