Dataset,Fold,SeedsPerLabel,SeedFoldSelection,ScaleFactor,Model,Method,Accuracy,F1_Score,Hyperparameters,ExecutionTime_Sec
Wine_spoilage,2,2,1,1,KNN,Baseline,0.9306666666666666,0.9288473661791622,"{'algorithm': 'auto', 'leaf_size': 30, 'metric': 'minkowski', 'metric_params': None, 'n_jobs': None, 'n_neighbors': 5, 'p': 2, 'weights': 'uniform'}",0.155287504196167
Wine_spoilage,2,2,5,5,RNN,Magnitude_Warping,0.9333333333333333,0.9288888888888889,"{'hidden_size': 64, 'epochs': 10, 'batch_size': 32, 'lr': 0.001}",1.349036455154419
Wine_spoilage,2,2,5,10,KNN,Magnitude_Warping,0.8716666666666667,0.8540048612728124,"{'algorithm': 'auto', 'leaf_size': 30, 'metric': 'minkowski', 'metric_params': None, 'n_jobs': None, 'n_neighbors': 5, 'p': 2, 'weights': 'uniform'}",0.17925810813903809
Wine_spoilage,2,2,5,10,RandomForest,Magnitude_Warping,0.8436666666666667,0.8098637897373737,"{'bootstrap': True, 'ccp_alpha': 0.0, 'class_weight': None, 'criterion': 'gini', 'max_depth': None, 'max_features': 'sqrt', 'max_leaf_nodes': None, 'max_samples': None, 'min_impurity_decrease': 0.0, 'min_samples_leaf': 1, 'min_samples_split': 2, 'min_weight_fraction_leaf': 0.0, 'monotonic_cst': None, 'n_estimators': 100, 'n_jobs': None, 'oob_score': False, 'random_state': 42, 'verbose': 0, 'warm_start': False}",0.8865056037902832
Wine_spoilage,2,2,5,10,LinearSVC,Magnitude_Warping,0.852,0.8377061588591407,"{'C': 1.0, 'class_weight': None, 'dual': False, 'fit_intercept': True, 'intercept_scaling': 1, 'loss': 'squared_hinge', 'max_iter': 100, 'multi_class': 'ovr', 'penalty': 'l2', 'random_state': 42, 'tol': 0.0001, 'verbose': 0}",0.02377009391784668
Wine_spoilage,2,2,5,10,LogisticRegression,Magnitude_Warping,0.8533333333333334,0.8324571811105013,"{'C': 1.0, 'class_weight': None, 'dual': False, 'fit_intercept': True, 'intercept_scaling': 1, 'l1_ratio': None, 'max_iter': 100, 'multi_class': 'deprecated', 'n_jobs': None, 'penalty': 'l2', 'random_state': 42, 'solver': 'lbfgs', 'tol': 0.0001, 'verbose': 0, 'warm_start': False}",0.11032938957214355
Wine_spoilage,2,2,5,10,RNN,Magnitude_Warping,0.8666666666666667,0.8564814814814814,"{'hidden_size': 64, 'epochs': 10, 'batch_size': 32, 'lr': 0.001}",2.330172061920166
Wine_spoilage,2,2,6,1,KNN,Baseline,0.9556666666666667,0.9550034894570625,"{'algorithm': 'auto', 'leaf_size': 30, 'metric': 'minkowski', 'metric_params': None, 'n_jobs': None, 'n_neighbors': 5, 'p': 2, 'weights': 'uniform'}",0.14446020126342773
Wine_spoilage,2,2,1,1,KNN,Tuned_Baseline,0.9286666666666666,0.9269801572610012,"{'algorithm': 'auto', 'leaf_size': 30, 'metric': 'minkowski', 'metric_params': None, 'n_jobs': None, 'n_neighbors': np.int64(8), 'p': 2, 'weights': 'distance'}",0.017126083374023438
Wine_spoilage,2,2,6,1,KNN,Tuned_Baseline,0.9613333333333334,0.9608751658910536,"{'algorithm': 'auto', 'leaf_size': 30, 'metric': 'euclidean', 'metric_params': None, 'n_jobs': None, 'n_neighbors': np.int64(3), 'p': 2, 'weights': 'uniform'}",0.1422569751739502
Wine_spoilage,2,2,1,1,RandomForest,Baseline,0.8146666666666667,0.8181433423196368,"{'bootstrap': True, 'ccp_alpha': 0.0, 'class_weight': None, 'criterion': 'gini', 'max_depth': None, 'max_features': 'sqrt', 'max_leaf_nodes': None, 'max_samples': None, 'min_impurity_decrease': 0.0, 'min_samples_leaf': 1, 'min_samples_split': 2, 'min_weight_fraction_leaf': 0.0, 'monotonic_cst': None, 'n_estimators': 100, 'n_jobs': None, 'oob_score': False, 'random_state': 42, 'verbose': 0, 'warm_start': False}",0.18044137954711914
Wine_spoilage,2,2,6,1,RandomForest,Baseline,0.8986666666666666,0.8990152362293198,"{'bootstrap': True, 'ccp_alpha': 0.0, 'class_weight': None, 'criterion': 'gini', 'max_depth': None, 'max_features': 'sqrt', 'max_leaf_nodes': None, 'max_samples': None, 'min_impurity_decrease': 0.0, 'min_samples_leaf': 1, 'min_samples_split': 2, 'min_weight_fraction_leaf': 0.0, 'monotonic_cst': None, 'n_estimators': 100, 'n_jobs': None, 'oob_score': False, 'random_state': 42, 'verbose': 0, 'warm_start': False}",0.2274165153503418
Wine_spoilage,2,2,6,1,RandomForest,Tuned_Baseline,0.8986666666666666,0.8990152362293198,"{'bootstrap': True, 'ccp_alpha': 0.0, 'class_weight': None, 'criterion': 'gini', 'max_depth': None, 'max_features': 'sqrt', 'max_leaf_nodes': None, 'max_samples': None, 'min_impurity_decrease': 0.0, 'min_samples_leaf': 1, 'min_samples_split': 2, 'min_weight_fraction_leaf': 0.0, 'monotonic_cst': None, 'n_estimators': 100, 'n_jobs': None, 'oob_score': False, 'random_state': 42, 'verbose': 0, 'warm_start': False}",0.01370859146118164
Wine_spoilage,2,2,6,1,LinearSVC,Baseline,0.8056666666666666,0.8138341212940016,"{'C': 1.0, 'class_weight': None, 'dual': False, 'fit_intercept': True, 'intercept_scaling': 1, 'loss': 'squared_hinge', 'max_iter': 100, 'multi_class': 'ovr', 'penalty': 'l2', 'random_state': 42, 'tol': 0.0001, 'verbose': 0}",0.0041942596435546875
Wine_spoilage,2,2,6,1,LinearSVC,Tuned_Baseline,0.807,0.8152002230817045,"{'C': np.float64(10.0), 'class_weight': None, 'dual': True, 'fit_intercept': True, 'intercept_scaling': 1, 'loss': 'hinge', 'max_iter': 100, 'multi_class': 'ovr', 'penalty': 'l2', 'random_state': 42, 'tol': 0.0001, 'verbose': 0}",0.0003399848937988281
Wine_spoilage,2,2,1,1,RandomForest,Tuned_Baseline,0.821,0.8243186895686164,"{'bootstrap': True, 'ccp_alpha': 0.0, 'class_weight': None, 'criterion': 'gini', 'max_depth': None, 'max_features': 'sqrt', 'max_leaf_nodes': None, 'max_samples': None, 'min_impurity_decrease': 0.0, 'min_samples_leaf': 1, 'min_samples_split': 2, 'min_weight_fraction_leaf': 0.0, 'monotonic_cst': None, 'n_estimators': 50, 'n_jobs': None, 'oob_score': False, 'random_state': 42, 'verbose': 0, 'warm_start': False}",0.00759577751159668
Wine_spoilage,2,2,6,1,LogisticRegression,Baseline,0.8036666666666666,0.8120050041705569,"{'C': 1.0, 'class_weight': None, 'dual': False, 'fit_intercept': True, 'intercept_scaling': 1, 'l1_ratio': None, 'max_iter': 100, 'multi_class': 'deprecated', 'n_jobs': None, 'penalty': 'l2', 'random_state': 42, 'solver': 'lbfgs', 'tol': 0.0001, 'verbose': 0, 'warm_start': False}",0.027974367141723633
Wine_spoilage,2,2,1,1,LinearSVC,Baseline,0.777,0.7855273149445401,"{'C': 1.0, 'class_weight': None, 'dual': False, 'fit_intercept': True, 'intercept_scaling': 1, 'loss': 'squared_hinge', 'max_iter': 100, 'multi_class': 'ovr', 'penalty': 'l2', 'random_state': 42, 'tol': 0.0001, 'verbose': 0}",0.009424686431884766
Wine_spoilage,2,2,1,1,LinearSVC,Tuned_Baseline,0.7233333333333334,0.7313174779561499,"{'C': np.float64(100.0), 'class_weight': None, 'dual': True, 'fit_intercept': True, 'intercept_scaling': 1, 'loss': 'hinge', 'max_iter': 100, 'multi_class': 'ovr', 'penalty': 'l2', 'random_state': 42, 'tol': 0.0001, 'verbose': 0}",0.00036644935607910156
Wine_spoilage,2,2,1,1,LogisticRegression,Baseline,0.8,0.8083052840008776,"{'C': 1.0, 'class_weight': None, 'dual': False, 'fit_intercept': True, 'intercept_scaling': 1, 'l1_ratio': None, 'max_iter': 100, 'multi_class': 'deprecated', 'n_jobs': None, 'penalty': 'l2', 'random_state': 42, 'solver': 'lbfgs', 'tol': 0.0001, 'verbose': 0, 'warm_start': False}",0.07425904273986816
Wine_spoilage,2,2,6,1,LogisticRegression,Tuned_Baseline,0.7996666666666666,0.8083958926940243,"{'C': np.float64(10.0), 'class_weight': None, 'dual': False, 'fit_intercept': True, 'intercept_scaling': 1, 'l1_ratio': None, 'max_iter': 100, 'multi_class': 'deprecated', 'n_jobs': None, 'penalty': None, 'random_state': 42, 'solver': 'lbfgs', 'tol': 0.0001, 'verbose': 0, 'warm_start': False}",0.0004067420959472656
Wine_spoilage,2,2,1,1,LogisticRegression,Tuned_Baseline,0.6423333333333333,0.6545668507511206,"{'C': np.float64(10.0), 'class_weight': None, 'dual': False, 'fit_intercept': True, 'intercept_scaling': 1, 'l1_ratio': None, 'max_iter': 100, 'multi_class': 'deprecated', 'n_jobs': None, 'penalty': None, 'random_state': 42, 'solver': 'lbfgs', 'tol': 0.0001, 'verbose': 0, 'warm_start': False}",0.0004899501800537109
Wine_spoilage,2,2,6,1,RNN,Baseline,0.36666666666666664,0.2915096618357488,"{'hidden_size': 64, 'epochs': 10, 'batch_size': 32, 'lr': 0.001}",0.7374041080474854
Wine_spoilage,2,2,6,1,RNN,Tuned_Baseline,0.36666666666666664,0.2915096618357488,"{'hidden_size': 64, 'epochs': 10, 'batch_size': 32, 'lr': 0.001}",0.0167236328125
Wine_spoilage,2,2,6,2,KNN,Magnitude_Warping,0.954,0.9538867420088555,"{'algorithm': 'auto', 'leaf_size': 30, 'metric': 'manhattan', 'metric_params': None, 'n_jobs': None, 'n_neighbors': np.int64(6), 'p': 2, 'weights': 'uniform'}",0.16272807121276855
Wine_spoilage,2,2,6,2,RandomForest,Magnitude_Warping,0.8936666666666667,0.895225998720811,"{'bootstrap': True, 'ccp_alpha': 0.0, 'class_weight': None, 'criterion': 'gini', 'max_depth': 20, 'max_features': 'sqrt', 'max_leaf_nodes': None, 'max_samples': None, 'min_impurity_decrease': 0.0, 'min_samples_leaf': 2, 'min_samples_split': 2, 'min_weight_fraction_leaf': 0.0, 'monotonic_cst': None, 'n_estimators': 50, 'n_jobs': None, 'oob_score': False, 'random_state': 42, 'verbose': 0, 'warm_start': False}",0.1621100902557373
Wine_spoilage,2,2,6,2,LinearSVC,Magnitude_Warping,0.5323333333333333,0.4250331350049637,"{'C': np.float64(100.0), 'class_weight': None, 'dual': True, 'fit_intercept': True, 'intercept_scaling': 1, 'loss': 'hinge', 'max_iter': 100, 'multi_class': 'ovr', 'penalty': 'l2', 'random_state': 42, 'tol': 0.0001, 'verbose': 0}",0.01396036148071289
Wine_spoilage,2,2,1,1,RNN,Baseline,0.5333333333333333,0.4823809523809524,"{'hidden_size': 64, 'epochs': 10, 'batch_size': 32, 'lr': 0.001}",2.4489223957061768
Wine_spoilage,2,2,1,1,RNN,Tuned_Baseline,0.5333333333333333,0.4823809523809524,"{'hidden_size': 64, 'epochs': 10, 'batch_size': 32, 'lr': 0.001}",0.016857624053955078
Wine_spoilage,2,2,1,2,KNN,Time_Warping,0.933,0.9305913639388408,"{'algorithm': 'auto', 'leaf_size': 30, 'metric': 'manhattan', 'metric_params': None, 'n_jobs': None, 'n_neighbors': np.int64(9), 'p': 2, 'weights': 'distance'}",0.03600573539733887
Wine_spoilage,2,2,6,2,LogisticRegression,Magnitude_Warping,0.8163333333333334,0.8238663151374342,"{'C': np.float64(100.0), 'class_weight': None, 'dual': False, 'fit_intercept': True, 'intercept_scaling': 1, 'l1_ratio': None, 'max_iter': 100, 'multi_class': 'deprecated', 'n_jobs': None, 'penalty': 'l2', 'random_state': 42, 'solver': 'lbfgs', 'tol': 0.0001, 'verbose': 0, 'warm_start': False}",0.03468632698059082
Wine_spoilage,2,2,6,2,RNN,Magnitude_Warping,0.5666666666666667,0.4915555555555555,"{'hidden_size': 64, 'epochs': 10, 'batch_size': 32, 'lr': 0.001}",0.6848196983337402
Wine_spoilage,2,2,1,2,RandomForest,Time_Warping,0.812,0.8125725625199921,"{'bootstrap': True, 'ccp_alpha': 0.0, 'class_weight': None, 'criterion': 'gini', 'max_depth': 20, 'max_features': 'sqrt', 'max_leaf_nodes': None, 'max_samples': None, 'min_impurity_decrease': 0.0, 'min_samples_leaf': 2, 'min_samples_split': 2, 'min_weight_fraction_leaf': 0.0, 'monotonic_cst': None, 'n_estimators': 50, 'n_jobs': None, 'oob_score': False, 'random_state': 42, 'verbose': 0, 'warm_start': False}",0.14501166343688965
Wine_spoilage,2,2,6,3,KNN,Magnitude_Warping,0.958,0.9572903356191755,"{'algorithm': 'auto', 'leaf_size': 30, 'metric': 'euclidean', 'metric_params': None, 'n_jobs': None, 'n_neighbors': np.int64(5), 'p': 2, 'weights': 'uniform'}",0.11769986152648926
Wine_spoilage,2,2,1,2,LinearSVC,Time_Warping,0.7933333333333333,0.8009048870792688,"{'C': np.float64(1.0), 'class_weight': None, 'dual': False, 'fit_intercept': True, 'intercept_scaling': 1, 'loss': 'squared_hinge', 'max_iter': 100, 'multi_class': 'ovr', 'penalty': 'l2', 'random_state': 42, 'tol': 0.0001, 'verbose': 0}",0.017427444458007812
Wine_spoilage,2,2,6,3,RandomForest,Magnitude_Warping,0.9526666666666667,0.9525164669659532,"{'bootstrap': True, 'ccp_alpha': 0.0, 'class_weight': None, 'criterion': 'gini', 'max_depth': 20, 'max_features': 'sqrt', 'max_leaf_nodes': None, 'max_samples': None, 'min_impurity_decrease': 0.0, 'min_samples_leaf': 2, 'min_samples_split': 2, 'min_weight_fraction_leaf': 0.0, 'monotonic_cst': None, 'n_estimators': 50, 'n_jobs': None, 'oob_score': False, 'random_state': 42, 'verbose': 0, 'warm_start': False}",0.1606752872467041
Wine_spoilage,2,2,6,3,LinearSVC,Magnitude_Warping,0.809,0.8165253927726462,"{'C': np.float64(100.0), 'class_weight': None, 'dual': False, 'fit_intercept': True, 'intercept_scaling': 1, 'loss': 'squared_hinge', 'max_iter': 100, 'multi_class': 'ovr', 'penalty': 'l1', 'random_state': 42, 'tol': 0.0001, 'verbose': 0}",0.015776872634887695
Wine_spoilage,2,2,1,2,LogisticRegression,Time_Warping,0.654,0.666818227471208,"{'C': np.float64(100.0), 'class_weight': None, 'dual': False, 'fit_intercept': True, 'intercept_scaling': 1, 'l1_ratio': None, 'max_iter': 100, 'multi_class': 'deprecated', 'n_jobs': None, 'penalty': None, 'random_state': 42, 'solver': 'lbfgs', 'tol': 0.0001, 'verbose': 0, 'warm_start': False}",0.041404008865356445
Wine_spoilage,2,2,6,3,LogisticRegression,Magnitude_Warping,0.8083333333333333,0.8159402389540589,"{'C': np.float64(100.0), 'class_weight': None, 'dual': False, 'fit_intercept': True, 'intercept_scaling': 1, 'l1_ratio': None, 'max_iter': 100, 'multi_class': 'deprecated', 'n_jobs': None, 'penalty': 'l2', 'random_state': 42, 'solver': 'lbfgs', 'tol': 0.0001, 'verbose': 0, 'warm_start': False}",0.02850508689880371
Wine_spoilage,2,2,1,2,RNN,Time_Warping,0.6666666666666666,0.638888888888889,"{'hidden_size': 64, 'epochs': 10, 'batch_size': 32, 'lr': 0.001}",0.5612280368804932
Wine_spoilage,2,2,6,3,RNN,Magnitude_Warping,0.6333333333333333,0.6454600301659125,"{'hidden_size': 64, 'epochs': 10, 'batch_size': 32, 'lr': 0.001}",0.637885332107544
Wine_spoilage,2,2,1,3,KNN,Time_Warping,0.9153333333333333,0.914282958439843,"{'algorithm': 'auto', 'leaf_size': 30, 'metric': 'manhattan', 'metric_params': None, 'n_jobs': None, 'n_neighbors': np.int64(6), 'p': 2, 'weights': 'uniform'}",0.1362760066986084
Wine_spoilage,2,2,6,5,KNN,Magnitude_Warping,0.9503333333333334,0.9497826658926897,"{'algorithm': 'auto', 'leaf_size': 30, 'metric': 'euclidean', 'metric_params': None, 'n_jobs': None, 'n_neighbors': np.int64(3), 'p': 2, 'weights': 'uniform'}",0.11504292488098145
Wine_spoilage,2,2,6,5,RandomForest,Magnitude_Warping,0.9036666666666666,0.9043403931402924,"{'bootstrap': True, 'ccp_alpha': 0.0, 'class_weight': None, 'criterion': 'gini', 'max_depth': 20, 'max_features': 'sqrt', 'max_leaf_nodes': None, 'max_samples': None, 'min_impurity_decrease': 0.0, 'min_samples_leaf': 2, 'min_samples_split': 2, 'min_weight_fraction_leaf': 0.0, 'monotonic_cst': None, 'n_estimators': 50, 'n_jobs': None, 'oob_score': False, 'random_state': 42, 'verbose': 0, 'warm_start': False}",0.24534034729003906
Wine_spoilage,2,2,6,5,LinearSVC,Magnitude_Warping,0.8303333333333334,0.7872296377096574,"{'C': np.float64(100.0), 'class_weight': None, 'dual': True, 'fit_intercept': True, 'intercept_scaling': 1, 'loss': 'hinge', 'max_iter': 100, 'multi_class': 'ovr', 'penalty': 'l2', 'random_state': 42, 'tol': 0.0001, 'verbose': 0}",0.030406475067138672
Wine_spoilage,2,2,1,3,RandomForest,Time_Warping,0.8,0.8022477562019279,"{'bootstrap': True, 'ccp_alpha': 0.0, 'class_weight': None, 'criterion': 'gini', 'max_depth': None, 'max_features': 'sqrt', 'max_leaf_nodes': None, 'max_samples': None, 'min_impurity_decrease': 0.0, 'min_samples_leaf': 2, 'min_samples_split': 5, 'min_weight_fraction_leaf': 0.0, 'monotonic_cst': None, 'n_estimators': 100, 'n_jobs': None, 'oob_score': False, 'random_state': 42, 'verbose': 0, 'warm_start': False}",0.6672401428222656
Wine_spoilage,2,2,1,3,LinearSVC,Time_Warping,0.5126666666666667,0.4812867796802328,"{'C': np.float64(100.0), 'class_weight': None, 'dual': True, 'fit_intercept': True, 'intercept_scaling': 1, 'loss': 'hinge', 'max_iter': 100, 'multi_class': 'ovr', 'penalty': 'l2', 'random_state': 42, 'tol': 0.0001, 'verbose': 0}",0.0477144718170166
Wine_spoilage,2,2,6,5,LogisticRegression,Magnitude_Warping,0.8043333333333333,0.8124634345745742,"{'C': np.float64(10.0), 'class_weight': None, 'dual': False, 'fit_intercept': True, 'intercept_scaling': 1, 'l1_ratio': None, 'max_iter': 100, 'multi_class': 'deprecated', 'n_jobs': None, 'penalty': 'l2', 'random_state': 42, 'solver': 'lbfgs', 'tol': 0.0001, 'verbose': 0, 'warm_start': False}",0.021600723266601562
Wine_spoilage,2,2,1,3,LogisticRegression,Time_Warping,0.6366666666666667,0.6514838592847987,"{'C': np.float64(100.0), 'class_weight': None, 'dual': False, 'fit_intercept': True, 'intercept_scaling': 1, 'l1_ratio': None, 'max_iter': 100, 'multi_class': 'deprecated', 'n_jobs': None, 'penalty': None, 'random_state': 42, 'solver': 'lbfgs', 'tol': 0.0001, 'verbose': 0, 'warm_start': False}",0.12570953369140625
Wine_spoilage,2,2,6,5,RNN,Magnitude_Warping,1.0,1.0,"{'hidden_size': 64, 'epochs': 10, 'batch_size': 32, 'lr': 0.001}",1.1991851329803467
Wine_spoilage,2,2,6,10,KNN,Magnitude_Warping,0.9536666666666667,0.9534027092460654,"{'algorithm': 'auto', 'leaf_size': 30, 'metric': 'minkowski', 'metric_params': None, 'n_jobs': None, 'n_neighbors': 5, 'p': 2, 'weights': 'uniform'}",0.1342167854309082
Wine_spoilage,2,2,1,3,RNN,Time_Warping,0.9,0.8948717948717949,"{'hidden_size': 64, 'epochs': 10, 'batch_size': 32, 'lr': 0.001}",0.8840274810791016
Wine_spoilage,2,2,1,5,KNN,Time_Warping,0.9176666666666666,0.9157948646264867,"{'algorithm': 'auto', 'leaf_size': 30, 'metric': 'manhattan', 'metric_params': None, 'n_jobs': None, 'n_neighbors': np.int64(9), 'p': 2, 'weights': 'distance'}",0.07642817497253418
Wine_spoilage,2,2,6,10,RandomForest,Magnitude_Warping,0.9296666666666666,0.9302690737509027,"{'bootstrap': True, 'ccp_alpha': 0.0, 'class_weight': None, 'criterion': 'gini', 'max_depth': None, 'max_features': 'sqrt', 'max_leaf_nodes': None, 'max_samples': None, 'min_impurity_decrease': 0.0, 'min_samples_leaf': 1, 'min_samples_split': 2, 'min_weight_fraction_leaf': 0.0, 'monotonic_cst': None, 'n_estimators': 100, 'n_jobs': None, 'oob_score': False, 'random_state': 42, 'verbose': 0, 'warm_start': False}",0.9837789535522461
Wine_spoilage,2,2,6,10,LinearSVC,Magnitude_Warping,0.8036666666666666,0.8118619750504583,"{'C': 1.0, 'class_weight': None, 'dual': False, 'fit_intercept': True, 'intercept_scaling': 1, 'loss': 'squared_hinge', 'max_iter': 100, 'multi_class': 'ovr', 'penalty': 'l2', 'random_state': 42, 'tol': 0.0001, 'verbose': 0}",0.020076274871826172
Wine_spoilage,2,2,6,10,LogisticRegression,Magnitude_Warping,0.809,0.8169413297558121,"{'C': 1.0, 'class_weight': None, 'dual': False, 'fit_intercept': True, 'intercept_scaling': 1, 'l1_ratio': None, 'max_iter': 100, 'multi_class': 'deprecated', 'n_jobs': None, 'penalty': 'l2', 'random_state': 42, 'solver': 'lbfgs', 'tol': 0.0001, 'verbose': 0, 'warm_start': False}",0.03844571113586426
Wine_spoilage,2,2,1,5,RandomForest,Time_Warping,0.8016666666666666,0.804206901080555,"{'bootstrap': True, 'ccp_alpha': 0.0, 'class_weight': None, 'criterion': 'gini', 'max_depth': 20, 'max_features': 'sqrt', 'max_leaf_nodes': None, 'max_samples': None, 'min_impurity_decrease': 0.0, 'min_samples_leaf': 2, 'min_samples_split': 2, 'min_weight_fraction_leaf': 0.0, 'monotonic_cst': None, 'n_estimators': 50, 'n_jobs': None, 'oob_score': False, 'random_state': 42, 'verbose': 0, 'warm_start': False}",0.24664950370788574
Wine_spoilage,2,2,1,5,LinearSVC,Time_Warping,0.746,0.7540579562164961,"{'C': np.float64(100.0), 'class_weight': None, 'dual': False, 'fit_intercept': True, 'intercept_scaling': 1, 'loss': 'squared_hinge', 'max_iter': 100, 'multi_class': 'ovr', 'penalty': 'l1', 'random_state': 42, 'tol': 0.0001, 'verbose': 0}",0.042975425720214844
Wine_spoilage,2,2,6,10,RNN,Magnitude_Warping,0.8333333333333334,0.7864357864357865,"{'hidden_size': 64, 'epochs': 10, 'batch_size': 32, 'lr': 0.001}",1.7793586254119873
Wine_spoilage,2,2,7,1,KNN,Baseline,0.8853333333333333,0.8857103332202487,"{'algorithm': 'auto', 'leaf_size': 30, 'metric': 'minkowski', 'metric_params': None, 'n_jobs': None, 'n_neighbors': 5, 'p': 2, 'weights': 'uniform'}",0.09745955467224121
Wine_spoilage,2,2,7,1,KNN,Tuned_Baseline,0.885,0.8853255486641535,"{'algorithm': 'auto', 'leaf_size': 30, 'metric': 'minkowski', 'metric_params': None, 'n_jobs': None, 'n_neighbors': np.int64(8), 'p': 2, 'weights': 'distance'}",0.016614913940429688
Wine_spoilage,2,2,7,1,RandomForest,Baseline,0.869,0.8687148989439306,"{'bootstrap': True, 'ccp_alpha': 0.0, 'class_weight': None, 'criterion': 'gini', 'max_depth': None, 'max_features': 'sqrt', 'max_leaf_nodes': None, 'max_samples': None, 'min_impurity_decrease': 0.0, 'min_samples_leaf': 1, 'min_samples_split': 2, 'min_weight_fraction_leaf': 0.0, 'monotonic_cst': None, 'n_estimators': 100, 'n_jobs': None, 'oob_score': False, 'random_state': 42, 'verbose': 0, 'warm_start': False}",0.14791321754455566
Wine_spoilage,2,2,1,5,LogisticRegression,Time_Warping,0.6413333333333333,0.6556641320841976,"{'C': np.float64(100.0), 'class_weight': None, 'dual': False, 'fit_intercept': True, 'intercept_scaling': 1, 'l1_ratio': None, 'max_iter': 100, 'multi_class': 'deprecated', 'n_jobs': None, 'penalty': 'l2', 'random_state': 42, 'solver': 'lbfgs', 'tol': 0.0001, 'verbose': 0, 'warm_start': False}",0.08390498161315918
Wine_spoilage,2,2,7,1,RandomForest,Tuned_Baseline,0.869,0.8687148989439306,"{'bootstrap': True, 'ccp_alpha': 0.0, 'class_weight': None, 'criterion': 'gini', 'max_depth': 20, 'max_features': 'sqrt', 'max_leaf_nodes': None, 'max_samples': None, 'min_impurity_decrease': 0.0, 'min_samples_leaf': 1, 'min_samples_split': 2, 'min_weight_fraction_leaf': 0.0, 'monotonic_cst': None, 'n_estimators': 100, 'n_jobs': None, 'oob_score': False, 'random_state': 42, 'verbose': 0, 'warm_start': False}",0.008486747741699219
Wine_spoilage,2,2,7,1,LinearSVC,Baseline,0.86,0.8619068768968835,"{'C': 1.0, 'class_weight': None, 'dual': False, 'fit_intercept': True, 'intercept_scaling': 1, 'loss': 'squared_hinge', 'max_iter': 100, 'multi_class': 'ovr', 'penalty': 'l2', 'random_state': 42, 'tol': 0.0001, 'verbose': 0}",0.003010272979736328
Wine_spoilage,2,2,7,1,LinearSVC,Tuned_Baseline,0.854,0.8550521732602657,"{'C': np.float64(0.1), 'class_weight': None, 'dual': True, 'fit_intercept': True, 'intercept_scaling': 1, 'loss': 'squared_hinge', 'max_iter': 100, 'multi_class': 'ovr', 'penalty': 'l2', 'random_state': 42, 'tol': 0.0001, 'verbose': 0}",0.0002474784851074219
Wine_spoilage,2,2,7,1,LogisticRegression,Baseline,0.8643333333333333,0.8655103556717441,"{'C': 1.0, 'class_weight': None, 'dual': False, 'fit_intercept': True, 'intercept_scaling': 1, 'l1_ratio': None, 'max_iter': 100, 'multi_class': 'deprecated', 'n_jobs': None, 'penalty': 'l2', 'random_state': 42, 'solver': 'lbfgs', 'tol': 0.0001, 'verbose': 0, 'warm_start': False}",0.009955406188964844
Wine_spoilage,2,2,1,5,RNN,Time_Warping,0.8333333333333334,0.7934318555008211,"{'hidden_size': 64, 'epochs': 10, 'batch_size': 32, 'lr': 0.001}",1.415174961090088
Wine_spoilage,2,2,1,10,KNN,Time_Warping,0.89,0.8891830429167594,"{'algorithm': 'auto', 'leaf_size': 30, 'metric': 'minkowski', 'metric_params': None, 'n_jobs': None, 'n_neighbors': 5, 'p': 2, 'weights': 'uniform'}",0.16123700141906738
Wine_spoilage,2,2,7,1,LogisticRegression,Tuned_Baseline,0.8573333333333333,0.8582392875552484,"{'C': np.float64(10.0), 'class_weight': None, 'dual': False, 'fit_intercept': True, 'intercept_scaling': 1, 'l1_ratio': None, 'max_iter': 100, 'multi_class': 'deprecated', 'n_jobs': None, 'penalty': None, 'random_state': 42, 'solver': 'lbfgs', 'tol': 0.0001, 'verbose': 0, 'warm_start': False}",0.0005314350128173828
Wine_spoilage,2,2,1,10,RandomForest,Time_Warping,0.7896666666666666,0.7936266282122892,"{'bootstrap': True, 'ccp_alpha': 0.0, 'class_weight': None, 'criterion': 'gini', 'max_depth': None, 'max_features': 'sqrt', 'max_leaf_nodes': None, 'max_samples': None, 'min_impurity_decrease': 0.0, 'min_samples_leaf': 1, 'min_samples_split': 2, 'min_weight_fraction_leaf': 0.0, 'monotonic_cst': None, 'n_estimators': 100, 'n_jobs': None, 'oob_score': False, 'random_state': 42, 'verbose': 0, 'warm_start': False}",0.9480769634246826
Wine_spoilage,2,2,1,10,LinearSVC,Time_Warping,0.704,0.713798667303597,"{'C': 1.0, 'class_weight': None, 'dual': False, 'fit_intercept': True, 'intercept_scaling': 1, 'loss': 'squared_hinge', 'max_iter': 100, 'multi_class': 'ovr', 'penalty': 'l2', 'random_state': 42, 'tol': 0.0001, 'verbose': 0}",0.027382850646972656
Wine_spoilage,2,2,7,1,RNN,Baseline,0.36666666666666664,0.24942528735632183,"{'hidden_size': 64, 'epochs': 10, 'batch_size': 32, 'lr': 0.001}",0.609438419342041
Wine_spoilage,2,2,7,1,RNN,Tuned_Baseline,0.36666666666666664,0.24942528735632183,"{'hidden_size': 64, 'epochs': 10, 'batch_size': 32, 'lr': 0.001}",0.013436555862426758
Wine_spoilage,2,2,7,2,KNN,Magnitude_Warping,0.8923333333333333,0.8921706153494573,"{'algorithm': 'auto', 'leaf_size': 30, 'metric': 'manhattan', 'metric_params': None, 'n_jobs': None, 'n_neighbors': np.int64(9), 'p': 2, 'weights': 'distance'}",0.04320049285888672
Wine_spoilage,2,2,1,10,LogisticRegression,Time_Warping,0.7116666666666667,0.7213472266925354,"{'C': 1.0, 'class_weight': None, 'dual': False, 'fit_intercept': True, 'intercept_scaling': 1, 'l1_ratio': None, 'max_iter': 100, 'multi_class': 'deprecated', 'n_jobs': None, 'penalty': 'l2', 'random_state': 42, 'solver': 'lbfgs', 'tol': 0.0001, 'verbose': 0, 'warm_start': False}",1.1277687549591064
Wine_spoilage,2,2,7,2,RandomForest,Magnitude_Warping,0.8966666666666666,0.8952096870257108,"{'bootstrap': True, 'ccp_alpha': 0.0, 'class_weight': None, 'criterion': 'gini', 'max_depth': 20, 'max_features': 'sqrt', 'max_leaf_nodes': None, 'max_samples': None, 'min_impurity_decrease': 0.0, 'min_samples_leaf': 1, 'min_samples_split': 2, 'min_weight_fraction_leaf': 0.0, 'monotonic_cst': None, 'n_estimators': 100, 'n_jobs': None, 'oob_score': False, 'random_state': 42, 'verbose': 0, 'warm_start': False}",0.21747994422912598
Wine_spoilage,2,2,7,2,LinearSVC,Magnitude_Warping,0.857,0.8570339888844565,"{'C': np.float64(100.0), 'class_weight': None, 'dual': True, 'fit_intercept': True, 'intercept_scaling': 1, 'loss': 'hinge', 'max_iter': 100, 'multi_class': 'ovr', 'penalty': 'l2', 'random_state': 42, 'tol': 0.0001, 'verbose': 0}",0.011026859283447266
Wine_spoilage,2,2,7,2,LogisticRegression,Magnitude_Warping,0.8786666666666667,0.8762417426938317,"{'C': np.float64(100.0), 'class_weight': None, 'dual': False, 'fit_intercept': True, 'intercept_scaling': 1, 'l1_ratio': None, 'max_iter': 100, 'multi_class': 'deprecated', 'n_jobs': None, 'penalty': 'l2', 'random_state': 42, 'solver': 'lbfgs', 'tol': 0.0001, 'verbose': 0, 'warm_start': False}",0.025970935821533203
Wine_spoilage,2,2,7,2,RNN,Magnitude_Warping,0.7,0.6564102564102564,"{'hidden_size': 64, 'epochs': 10, 'batch_size': 32, 'lr': 0.001}",0.6106281280517578
Wine_spoilage,2,2,7,3,KNN,Magnitude_Warping,0.9013333333333333,0.9006248941999385,"{'algorithm': 'auto', 'leaf_size': 30, 'metric': 'euclidean', 'metric_params': None, 'n_jobs': None, 'n_neighbors': np.int64(5), 'p': 2, 'weights': 'uniform'}",0.10966968536376953
Wine_spoilage,2,2,1,10,RNN,Time_Warping,0.8333333333333334,0.8015873015873016,"{'hidden_size': 64, 'epochs': 10, 'batch_size': 32, 'lr': 0.001}",2.0953640937805176
Wine_spoilage,2,2,2,1,KNN,Baseline,0.8886666666666667,0.8912513559588069,"{'algorithm': 'auto', 'leaf_size': 30, 'metric': 'minkowski', 'metric_params': None, 'n_jobs': None, 'n_neighbors': 5, 'p': 2, 'weights': 'uniform'}",0.12533330917358398
Wine_spoilage,2,2,7,3,RandomForest,Magnitude_Warping,0.88,0.8807620175698351,"{'bootstrap': True, 'ccp_alpha': 0.0, 'class_weight': None, 'criterion': 'gini', 'max_depth': 20, 'max_features': 'sqrt', 'max_leaf_nodes': None, 'max_samples': None, 'min_impurity_decrease': 0.0, 'min_samples_leaf': 2, 'min_samples_split': 2, 'min_weight_fraction_leaf': 0.0, 'monotonic_cst': None, 'n_estimators': 50, 'n_jobs': None, 'oob_score': False, 'random_state': 42, 'verbose': 0, 'warm_start': False}",0.1459498405456543
Wine_spoilage,2,2,7,3,LinearSVC,Magnitude_Warping,0.8533333333333334,0.8536765504507439,"{'C': np.float64(100.0), 'class_weight': None, 'dual': False, 'fit_intercept': True, 'intercept_scaling': 1, 'loss': 'squared_hinge', 'max_iter': 100, 'multi_class': 'ovr', 'penalty': 'l1', 'random_state': 42, 'tol': 0.0001, 'verbose': 0}",0.022716283798217773
Wine_spoilage,2,2,2,1,KNN,Tuned_Baseline,0.8973333333333333,0.8996497664501063,"{'algorithm': 'auto', 'leaf_size': 30, 'metric': 'minkowski', 'metric_params': None, 'n_jobs': None, 'n_neighbors': np.int64(8), 'p': 2, 'weights': 'distance'}",0.03693366050720215
Wine_spoilage,2,2,2,1,RandomForest,Baseline,0.7976666666666666,0.8057813071400481,"{'bootstrap': True, 'ccp_alpha': 0.0, 'class_weight': None, 'criterion': 'gini', 'max_depth': None, 'max_features': 'sqrt', 'max_leaf_nodes': None, 'max_samples': None, 'min_impurity_decrease': 0.0, 'min_samples_leaf': 1, 'min_samples_split': 2, 'min_weight_fraction_leaf': 0.0, 'monotonic_cst': None, 'n_estimators': 100, 'n_jobs': None, 'oob_score': False, 'random_state': 42, 'verbose': 0, 'warm_start': False}",0.3561999797821045
Wine_spoilage,2,2,7,3,LogisticRegression,Magnitude_Warping,0.869,0.8685853470662596,"{'C': np.float64(100.0), 'class_weight': None, 'dual': False, 'fit_intercept': True, 'intercept_scaling': 1, 'l1_ratio': None, 'max_iter': 100, 'multi_class': 'deprecated', 'n_jobs': None, 'penalty': 'l2', 'random_state': 42, 'solver': 'lbfgs', 'tol': 0.0001, 'verbose': 0, 'warm_start': False}",0.02995896339416504
Wine_spoilage,2,2,7,3,RNN,Magnitude_Warping,0.8,0.7388888888888889,"{'hidden_size': 64, 'epochs': 10, 'batch_size': 32, 'lr': 0.001}",0.606642484664917
Wine_spoilage,2,2,7,5,KNN,Magnitude_Warping,0.88,0.8811298963905786,"{'algorithm': 'auto', 'leaf_size': 30, 'metric': 'euclidean', 'metric_params': None, 'n_jobs': None, 'n_neighbors': np.int64(5), 'p': 2, 'weights': 'uniform'}",0.11896038055419922
Wine_spoilage,2,2,2,1,RandomForest,Tuned_Baseline,0.7976666666666666,0.8057813071400481,"{'bootstrap': True, 'ccp_alpha': 0.0, 'class_weight': None, 'criterion': 'gini', 'max_depth': None, 'max_features': 'sqrt', 'max_leaf_nodes': None, 'max_samples': None, 'min_impurity_decrease': 0.0, 'min_samples_leaf': 1, 'min_samples_split': 2, 'min_weight_fraction_leaf': 0.0, 'monotonic_cst': None, 'n_estimators': 100, 'n_jobs': None, 'oob_score': False, 'random_state': 42, 'verbose': 0, 'warm_start': False}",0.011423826217651367
Wine_spoilage,2,2,2,1,LinearSVC,Baseline,0.8193333333333334,0.8264242361911618,"{'C': 1.0, 'class_weight': None, 'dual': False, 'fit_intercept': True, 'intercept_scaling': 1, 'loss': 'squared_hinge', 'max_iter': 100, 'multi_class': 'ovr', 'penalty': 'l2', 'random_state': 42, 'tol': 0.0001, 'verbose': 0}",0.0033998489379882812
Wine_spoilage,2,2,2,1,LinearSVC,Tuned_Baseline,0.8183333333333334,0.8252228951828545,"{'C': np.float64(0.1), 'class_weight': None, 'dual': False, 'fit_intercept': True, 'intercept_scaling': 1, 'loss': 'squared_hinge', 'max_iter': 100, 'multi_class': 'ovr', 'penalty': 'l1', 'random_state': 42, 'tol': 0.0001, 'verbose': 0}",0.0004429817199707031
Wine_spoilage,2,2,2,1,LogisticRegression,Baseline,0.823,0.8297999563748525,"{'C': 1.0, 'class_weight': None, 'dual': False, 'fit_intercept': True, 'intercept_scaling': 1, 'l1_ratio': None, 'max_iter': 100, 'multi_class': 'deprecated', 'n_jobs': None, 'penalty': 'l2', 'random_state': 42, 'solver': 'lbfgs', 'tol': 0.0001, 'verbose': 0, 'warm_start': False}",0.010632991790771484
Wine_spoilage,2,2,7,5,RandomForest,Magnitude_Warping,0.8823333333333333,0.8826894348027533,"{'bootstrap': True, 'ccp_alpha': 0.0, 'class_weight': None, 'criterion': 'gini', 'max_depth': 20, 'max_features': 'sqrt', 'max_leaf_nodes': None, 'max_samples': None, 'min_impurity_decrease': 0.0, 'min_samples_leaf': 2, 'min_samples_split': 2, 'min_weight_fraction_leaf': 0.0, 'monotonic_cst': None, 'n_estimators': 50, 'n_jobs': None, 'oob_score': False, 'random_state': 42, 'verbose': 0, 'warm_start': False}",0.22867512702941895
Wine_spoilage,2,2,7,5,LinearSVC,Magnitude_Warping,0.8543333333333333,0.8548402302162524,"{'C': np.float64(0.1), 'class_weight': None, 'dual': True, 'fit_intercept': True, 'intercept_scaling': 1, 'loss': 'squared_hinge', 'max_iter': 100, 'multi_class': 'ovr', 'penalty': 'l2', 'random_state': 42, 'tol': 0.0001, 'verbose': 0}",0.0186004638671875
Wine_spoilage,2,2,2,1,LogisticRegression,Tuned_Baseline,0.855,0.859081329109777,"{'C': np.float64(10.0), 'class_weight': None, 'dual': False, 'fit_intercept': True, 'intercept_scaling': 1, 'l1_ratio': None, 'max_iter': 100, 'multi_class': 'deprecated', 'n_jobs': None, 'penalty': 'l2', 'random_state': 42, 'solver': 'lbfgs', 'tol': 0.0001, 'verbose': 0, 'warm_start': False}",0.00045180320739746094
Wine_spoilage,2,2,7,5,LogisticRegression,Magnitude_Warping,0.8783333333333333,0.8783043150421772,"{'C': np.float64(100.0), 'class_weight': None, 'dual': False, 'fit_intercept': True, 'intercept_scaling': 1, 'l1_ratio': None, 'max_iter': 100, 'multi_class': 'deprecated', 'n_jobs': None, 'penalty': 'l2', 'random_state': 42, 'solver': 'lbfgs', 'tol': 0.0001, 'verbose': 0, 'warm_start': False}",0.04783177375793457
Wine_spoilage,2,2,2,1,RNN,Baseline,0.5666666666666667,0.585515873015873,"{'hidden_size': 64, 'epochs': 10, 'batch_size': 32, 'lr': 0.001}",0.6646378040313721
Wine_spoilage,2,2,2,1,RNN,Tuned_Baseline,0.5666666666666667,0.585515873015873,"{'hidden_size': 64, 'epochs': 10, 'batch_size': 32, 'lr': 0.001}",0.022851943969726562
Wine_spoilage,2,2,2,2,KNN,Time_Warping,0.8643333333333333,0.8661372383510406,"{'algorithm': 'auto', 'leaf_size': 30, 'metric': 'manhattan', 'metric_params': None, 'n_jobs': None, 'n_neighbors': np.int64(9), 'p': 2, 'weights': 'distance'}",0.05900144577026367
Wine_spoilage,2,2,7,5,RNN,Magnitude_Warping,0.7666666666666667,0.7421489621489621,"{'hidden_size': 64, 'epochs': 10, 'batch_size': 32, 'lr': 0.001}",1.1916468143463135
Wine_spoilage,2,2,7,10,KNN,Magnitude_Warping,0.8973333333333333,0.8971101699450759,"{'algorithm': 'auto', 'leaf_size': 30, 'metric': 'minkowski', 'metric_params': None, 'n_jobs': None, 'n_neighbors': 5, 'p': 2, 'weights': 'uniform'}",0.1294236183166504
Wine_spoilage,2,2,2,2,RandomForest,Time_Warping,0.7913333333333333,0.7994491431701681,"{'bootstrap': True, 'ccp_alpha': 0.0, 'class_weight': None, 'criterion': 'gini', 'max_depth': 20, 'max_features': 'sqrt', 'max_leaf_nodes': None, 'max_samples': None, 'min_impurity_decrease': 0.0, 'min_samples_leaf': 2, 'min_samples_split': 2, 'min_weight_fraction_leaf': 0.0, 'monotonic_cst': None, 'n_estimators': 50, 'n_jobs': None, 'oob_score': False, 'random_state': 42, 'verbose': 0, 'warm_start': False}",0.11091017723083496
Wine_spoilage,2,2,2,2,LinearSVC,Time_Warping,0.7993333333333333,0.8058920523038414,"{'C': np.float64(0.01), 'class_weight': None, 'dual': False, 'fit_intercept': True, 'intercept_scaling': 1, 'loss': 'squared_hinge', 'max_iter': 100, 'multi_class': 'ovr', 'penalty': 'l2', 'random_state': 42, 'tol': 0.0001, 'verbose': 0}",0.005362749099731445
Wine_spoilage,2,2,7,10,RandomForest,Magnitude_Warping,0.888,0.8869743290897137,"{'bootstrap': True, 'ccp_alpha': 0.0, 'class_weight': None, 'criterion': 'gini', 'max_depth': None, 'max_features': 'sqrt', 'max_leaf_nodes': None, 'max_samples': None, 'min_impurity_decrease': 0.0, 'min_samples_leaf': 1, 'min_samples_split': 2, 'min_weight_fraction_leaf': 0.0, 'monotonic_cst': None, 'n_estimators': 100, 'n_jobs': None, 'oob_score': False, 'random_state': 42, 'verbose': 0, 'warm_start': False}",0.878197431564331
Wine_spoilage,2,2,7,10,LinearSVC,Magnitude_Warping,0.857,0.8574327692078787,"{'C': 1.0, 'class_weight': None, 'dual': False, 'fit_intercept': True, 'intercept_scaling': 1, 'loss': 'squared_hinge', 'max_iter': 100, 'multi_class': 'ovr', 'penalty': 'l2', 'random_state': 42, 'tol': 0.0001, 'verbose': 0}",0.01871180534362793
Wine_spoilage,2,2,7,10,LogisticRegression,Magnitude_Warping,0.869,0.8683209263854426,"{'C': 1.0, 'class_weight': None, 'dual': False, 'fit_intercept': True, 'intercept_scaling': 1, 'l1_ratio': None, 'max_iter': 100, 'multi_class': 'deprecated', 'n_jobs': None, 'penalty': 'l2', 'random_state': 42, 'solver': 'lbfgs', 'tol': 0.0001, 'verbose': 0, 'warm_start': False}",0.06499171257019043
Wine_spoilage,2,2,2,2,LogisticRegression,Time_Warping,0.829,0.833398242807634,"{'C': np.float64(10.0), 'class_weight': None, 'dual': False, 'fit_intercept': True, 'intercept_scaling': 1, 'l1_ratio': None, 'max_iter': 100, 'multi_class': 'deprecated', 'n_jobs': None, 'penalty': 'l2', 'random_state': 42, 'solver': 'lbfgs', 'tol': 0.0001, 'verbose': 0, 'warm_start': False}",0.034517765045166016
Wine_spoilage,2,2,2,2,RNN,Time_Warping,0.7333333333333333,0.7148148148148148,"{'hidden_size': 64, 'epochs': 10, 'batch_size': 32, 'lr': 0.001}",0.621509313583374
Wine_spoilage,2,2,7,10,RNN,Magnitude_Warping,0.8666666666666667,0.8584535005224662,"{'hidden_size': 64, 'epochs': 10, 'batch_size': 32, 'lr': 0.001}",1.7576990127563477
Wine_spoilage,2,2,2,3,KNN,Time_Warping,0.8786666666666667,0.881745544691834,"{'algorithm': 'auto', 'leaf_size': 30, 'metric': 'euclidean', 'metric_params': None, 'n_jobs': None, 'n_neighbors': np.int64(5), 'p': 2, 'weights': 'uniform'}",0.38245058059692383
Wine_spoilage,2,2,8,1,KNN,Baseline,0.9146666666666666,0.9170179291287917,"{'algorithm': 'auto', 'leaf_size': 30, 'metric': 'minkowski', 'metric_params': None, 'n_jobs': None, 'n_neighbors': 5, 'p': 2, 'weights': 'uniform'}",0.09601330757141113
Wine_spoilage,2,2,8,1,KNN,Tuned_Baseline,0.883,0.8851740744886237,"{'algorithm': 'auto', 'leaf_size': 30, 'metric': 'manhattan', 'metric_params': None, 'n_jobs': None, 'n_neighbors': np.int64(19), 'p': 2, 'weights': 'distance'}",0.026367902755737305
Wine_spoilage,2,2,8,1,RandomForest,Baseline,0.804,0.8122261778317428,"{'bootstrap': True, 'ccp_alpha': 0.0, 'class_weight': None, 'criterion': 'gini', 'max_depth': None, 'max_features': 'sqrt', 'max_leaf_nodes': None, 'max_samples': None, 'min_impurity_decrease': 0.0, 'min_samples_leaf': 1, 'min_samples_split': 2, 'min_weight_fraction_leaf': 0.0, 'monotonic_cst': None, 'n_estimators': 100, 'n_jobs': None, 'oob_score': False, 'random_state': 42, 'verbose': 0, 'warm_start': False}",0.1479640007019043
Wine_spoilage,2,2,2,3,RandomForest,Time_Warping,0.7683333333333333,0.7785335723547785,"{'bootstrap': True, 'ccp_alpha': 0.0, 'class_weight': None, 'criterion': 'gini', 'max_depth': 20, 'max_features': 'sqrt', 'max_leaf_nodes': None, 'max_samples': None, 'min_impurity_decrease': 0.0, 'min_samples_leaf': 2, 'min_samples_split': 2, 'min_weight_fraction_leaf': 0.0, 'monotonic_cst': None, 'n_estimators': 50, 'n_jobs': None, 'oob_score': False, 'random_state': 42, 'verbose': 0, 'warm_start': False}",0.18210721015930176
Wine_spoilage,2,2,8,1,RandomForest,Tuned_Baseline,0.8036666666666666,0.8125805453483879,"{'bootstrap': True, 'ccp_alpha': 0.0, 'class_weight': None, 'criterion': 'gini', 'max_depth': 20, 'max_features': 'sqrt', 'max_leaf_nodes': None, 'max_samples': None, 'min_impurity_decrease': 0.0, 'min_samples_leaf': 1, 'min_samples_split': 2, 'min_weight_fraction_leaf': 0.0, 'monotonic_cst': None, 'n_estimators': 50, 'n_jobs': None, 'oob_score': False, 'random_state': 42, 'verbose': 0, 'warm_start': False}",0.004766225814819336
Wine_spoilage,2,2,8,1,LinearSVC,Baseline,0.8523333333333334,0.8566729058107482,"{'C': 1.0, 'class_weight': None, 'dual': False, 'fit_intercept': True, 'intercept_scaling': 1, 'loss': 'squared_hinge', 'max_iter': 100, 'multi_class': 'ovr', 'penalty': 'l2', 'random_state': 42, 'tol': 0.0001, 'verbose': 0}",0.0030438899993896484
Wine_spoilage,2,2,2,3,LinearSVC,Time_Warping,0.805,0.8128556906917338,"{'C': np.float64(100.0), 'class_weight': None, 'dual': False, 'fit_intercept': True, 'intercept_scaling': 1, 'loss': 'squared_hinge', 'max_iter': 100, 'multi_class': 'ovr', 'penalty': 'l1', 'random_state': 42, 'tol': 0.0001, 'verbose': 0}",0.018940448760986328
Wine_spoilage,2,2,8,1,LinearSVC,Tuned_Baseline,0.86,0.8615951730333472,"{'C': np.float64(0.1), 'class_weight': None, 'dual': True, 'fit_intercept': True, 'intercept_scaling': 1, 'loss': 'squared_hinge', 'max_iter': 100, 'multi_class': 'ovr', 'penalty': 'l2', 'random_state': 42, 'tol': 0.0001, 'verbose': 0}",0.00033855438232421875
Wine_spoilage,2,2,8,1,LogisticRegression,Baseline,0.8253333333333334,0.8318915448233668,"{'C': 1.0, 'class_weight': None, 'dual': False, 'fit_intercept': True, 'intercept_scaling': 1, 'l1_ratio': None, 'max_iter': 100, 'multi_class': 'deprecated', 'n_jobs': None, 'penalty': 'l2', 'random_state': 42, 'solver': 'lbfgs', 'tol': 0.0001, 'verbose': 0, 'warm_start': False}",0.010517358779907227
Wine_spoilage,2,2,2,3,LogisticRegression,Time_Warping,0.851,0.8547692512187152,"{'C': np.float64(100.0), 'class_weight': None, 'dual': False, 'fit_intercept': True, 'intercept_scaling': 1, 'l1_ratio': None, 'max_iter': 100, 'multi_class': 'deprecated', 'n_jobs': None, 'penalty': 'l2', 'random_state': 42, 'solver': 'lbfgs', 'tol': 0.0001, 'verbose': 0, 'warm_start': False}",0.04346466064453125
Wine_spoilage,2,2,8,1,LogisticRegression,Tuned_Baseline,0.6783333333333333,0.6990292616389282,"{'C': np.float64(10.0), 'class_weight': None, 'dual': False, 'fit_intercept': True, 'intercept_scaling': 1, 'l1_ratio': None, 'max_iter': 100, 'multi_class': 'deprecated', 'n_jobs': None, 'penalty': None, 'random_state': 42, 'solver': 'lbfgs', 'tol': 0.0001, 'verbose': 0, 'warm_start': False}",0.0004754066467285156
Wine_spoilage,2,2,2,3,RNN,Time_Warping,0.6333333333333333,0.5803350970017636,"{'hidden_size': 64, 'epochs': 10, 'batch_size': 32, 'lr': 0.001}",0.6000251770019531
Wine_spoilage,2,2,2,5,KNN,Time_Warping,0.9183333333333333,0.9185166730405535,"{'algorithm': 'auto', 'leaf_size': 30, 'metric': 'manhattan', 'metric_params': None, 'n_jobs': None, 'n_neighbors': np.int64(9), 'p': 2, 'weights': 'distance'}",0.07782840728759766
Wine_spoilage,2,2,8,1,RNN,Baseline,0.6,0.528747795414462,"{'hidden_size': 64, 'epochs': 10, 'batch_size': 32, 'lr': 0.001}",0.6265692710876465
Wine_spoilage,2,2,8,1,RNN,Tuned_Baseline,0.6,0.528747795414462,"{'hidden_size': 64, 'epochs': 10, 'batch_size': 32, 'lr': 0.001}",0.015289068222045898
Wine_spoilage,2,2,8,2,KNN,Magnitude_Warping,0.912,0.9145488927861088,"{'algorithm': 'auto', 'leaf_size': 30, 'metric': 'manhattan', 'metric_params': None, 'n_jobs': None, 'n_neighbors': np.int64(9), 'p': 2, 'weights': 'distance'}",0.03469538688659668
Wine_spoilage,2,2,8,2,RandomForest,Magnitude_Warping,0.805,0.8139439756743014,"{'bootstrap': True, 'ccp_alpha': 0.0, 'class_weight': None, 'criterion': 'gini', 'max_depth': None, 'max_features': 'sqrt', 'max_leaf_nodes': None, 'max_samples': None, 'min_impurity_decrease': 0.0, 'min_samples_leaf': 2, 'min_samples_split': 5, 'min_weight_fraction_leaf': 0.0, 'monotonic_cst': None, 'n_estimators': 100, 'n_jobs': None, 'oob_score': False, 'random_state': 42, 'verbose': 0, 'warm_start': False}",0.2099320888519287
Wine_spoilage,2,2,8,2,LinearSVC,Magnitude_Warping,0.8476666666666667,0.8517984784030941,"{'C': np.float64(10.0), 'class_weight': None, 'dual': False, 'fit_intercept': True, 'intercept_scaling': 1, 'loss': 'squared_hinge', 'max_iter': 100, 'multi_class': 'ovr', 'penalty': 'l1', 'random_state': 42, 'tol': 0.0001, 'verbose': 0}",0.01187753677368164
Wine_spoilage,2,2,2,5,RandomForest,Time_Warping,0.7233333333333334,0.7356608793181395,"{'bootstrap': True, 'ccp_alpha': 0.0, 'class_weight': None, 'criterion': 'gini', 'max_depth': 20, 'max_features': 'sqrt', 'max_leaf_nodes': None, 'max_samples': None, 'min_impurity_decrease': 0.0, 'min_samples_leaf': 1, 'min_samples_split': 2, 'min_weight_fraction_leaf': 0.0, 'monotonic_cst': None, 'n_estimators': 100, 'n_jobs': None, 'oob_score': False, 'random_state': 42, 'verbose': 0, 'warm_start': False}",0.5402488708496094
Wine_spoilage,2,2,2,5,LinearSVC,Time_Warping,0.8246666666666667,0.8305491792161435,"{'C': np.float64(0.01), 'class_weight': None, 'dual': False, 'fit_intercept': True, 'intercept_scaling': 1, 'loss': 'squared_hinge', 'max_iter': 100, 'multi_class': 'ovr', 'penalty': 'l2', 'random_state': 42, 'tol': 0.0001, 'verbose': 0}",0.009683370590209961
Wine_spoilage,2,2,8,2,LogisticRegression,Magnitude_Warping,0.7803333333333333,0.7903347431271704,"{'C': np.float64(100.0), 'class_weight': None, 'dual': False, 'fit_intercept': True, 'intercept_scaling': 1, 'l1_ratio': None, 'max_iter': 100, 'multi_class': 'deprecated', 'n_jobs': None, 'penalty': 'l2', 'random_state': 42, 'solver': 'lbfgs', 'tol': 0.0001, 'verbose': 0, 'warm_start': False}",0.029601573944091797
Wine_spoilage,2,2,8,2,RNN,Magnitude_Warping,0.5666666666666667,0.5654370970160443,"{'hidden_size': 64, 'epochs': 10, 'batch_size': 32, 'lr': 0.001}",0.6246621608734131
Wine_spoilage,2,2,2,5,LogisticRegression,Time_Warping,0.8173333333333334,0.8219262085053816,"{'C': np.float64(100.0), 'class_weight': None, 'dual': False, 'fit_intercept': True, 'intercept_scaling': 1, 'l1_ratio': None, 'max_iter': 100, 'multi_class': 'deprecated', 'n_jobs': None, 'penalty': 'l2', 'random_state': 42, 'solver': 'lbfgs', 'tol': 0.0001, 'verbose': 0, 'warm_start': False}",0.16283345222473145
Wine_spoilage,2,2,8,3,KNN,Magnitude_Warping,0.9236666666666666,0.9250496021903176,"{'algorithm': 'auto', 'leaf_size': 30, 'metric': 'manhattan', 'metric_params': None, 'n_jobs': None, 'n_neighbors': np.int64(7), 'p': 2, 'weights': 'uniform'}",0.12135887145996094
Wine_spoilage,2,2,8,3,RandomForest,Magnitude_Warping,0.8303333333333334,0.8375759837431879,"{'bootstrap': True, 'ccp_alpha': 0.0, 'class_weight': None, 'criterion': 'gini', 'max_depth': None, 'max_features': 'sqrt', 'max_leaf_nodes': None, 'max_samples': None, 'min_impurity_decrease': 0.0, 'min_samples_leaf': 2, 'min_samples_split': 5, 'min_weight_fraction_leaf': 0.0, 'monotonic_cst': None, 'n_estimators': 100, 'n_jobs': None, 'oob_score': False, 'random_state': 42, 'verbose': 0, 'warm_start': False}",0.2757716178894043
Wine_spoilage,2,2,2,5,RNN,Time_Warping,0.9,0.904,"{'hidden_size': 64, 'epochs': 10, 'batch_size': 32, 'lr': 0.001}",1.4354679584503174
Wine_spoilage,2,2,8,3,LinearSVC,Magnitude_Warping,0.844,0.8477930711996239,"{'C': np.float64(1.0), 'class_weight': None, 'dual': False, 'fit_intercept': True, 'intercept_scaling': 1, 'loss': 'squared_hinge', 'max_iter': 100, 'multi_class': 'ovr', 'penalty': 'l2', 'random_state': 42, 'tol': 0.0001, 'verbose': 0}",0.0065767765045166016
Wine_spoilage,2,2,2,10,KNN,Time_Warping,0.877,0.8794608080011359,"{'algorithm': 'auto', 'leaf_size': 30, 'metric': 'minkowski', 'metric_params': None, 'n_jobs': None, 'n_neighbors': 5, 'p': 2, 'weights': 'uniform'}",0.16192841529846191
Wine_spoilage,2,2,8,3,LogisticRegression,Magnitude_Warping,0.773,0.7883214594474802,"{'C': np.float64(10.0), 'class_weight': None, 'dual': False, 'fit_intercept': True, 'intercept_scaling': 1, 'l1_ratio': None, 'max_iter': 100, 'multi_class': 'deprecated', 'n_jobs': None, 'penalty': None, 'random_state': 42, 'solver': 'lbfgs', 'tol': 0.0001, 'verbose': 0, 'warm_start': False}",0.01711130142211914
Wine_spoilage,2,2,8,3,RNN,Magnitude_Warping,1.0,1.0,"{'hidden_size': 64, 'epochs': 10, 'batch_size': 32, 'lr': 0.001}",0.6089191436767578
Wine_spoilage,2,2,8,5,KNN,Magnitude_Warping,0.928,0.9288613876325625,"{'algorithm': 'auto', 'leaf_size': 30, 'metric': 'euclidean', 'metric_params': None, 'n_jobs': None, 'n_neighbors': np.int64(5), 'p': 2, 'weights': 'uniform'}",0.11545634269714355
Wine_spoilage,2,2,2,10,RandomForest,Time_Warping,0.6636666666666666,0.6780770275364221,"{'bootstrap': True, 'ccp_alpha': 0.0, 'class_weight': None, 'criterion': 'gini', 'max_depth': None, 'max_features': 'sqrt', 'max_leaf_nodes': None, 'max_samples': None, 'min_impurity_decrease': 0.0, 'min_samples_leaf': 1, 'min_samples_split': 2, 'min_weight_fraction_leaf': 0.0, 'monotonic_cst': None, 'n_estimators': 100, 'n_jobs': None, 'oob_score': False, 'random_state': 42, 'verbose': 0, 'warm_start': False}",1.7522904872894287
Wine_spoilage,2,2,2,10,LinearSVC,Time_Warping,0.819,0.8250898556635587,"{'C': 1.0, 'class_weight': None, 'dual': False, 'fit_intercept': True, 'intercept_scaling': 1, 'loss': 'squared_hinge', 'max_iter': 100, 'multi_class': 'ovr', 'penalty': 'l2', 'random_state': 42, 'tol': 0.0001, 'verbose': 0}",0.03025984764099121
Wine_spoilage,2,2,2,10,LogisticRegression,Time_Warping,0.8306666666666667,0.8361585741294794,"{'C': 1.0, 'class_weight': None, 'dual': False, 'fit_intercept': True, 'intercept_scaling': 1, 'l1_ratio': None, 'max_iter': 100, 'multi_class': 'deprecated', 'n_jobs': None, 'penalty': 'l2', 'random_state': 42, 'solver': 'lbfgs', 'tol': 0.0001, 'verbose': 0, 'warm_start': False}",0.16996550559997559
Wine_spoilage,2,2,8,5,RandomForest,Magnitude_Warping,0.8706666666666667,0.8750218753983579,"{'bootstrap': True, 'ccp_alpha': 0.0, 'class_weight': None, 'criterion': 'gini', 'max_depth': 20, 'max_features': 'sqrt', 'max_leaf_nodes': None, 'max_samples': None, 'min_impurity_decrease': 0.0, 'min_samples_leaf': 2, 'min_samples_split': 2, 'min_weight_fraction_leaf': 0.0, 'monotonic_cst': None, 'n_estimators': 50, 'n_jobs': None, 'oob_score': False, 'random_state': 42, 'verbose': 0, 'warm_start': False}",0.22028589248657227
Wine_spoilage,2,2,8,5,LinearSVC,Magnitude_Warping,0.86,0.8627461938254948,"{'C': np.float64(1.0), 'class_weight': None, 'dual': False, 'fit_intercept': True, 'intercept_scaling': 1, 'loss': 'squared_hinge', 'max_iter': 100, 'multi_class': 'ovr', 'penalty': 'l2', 'random_state': 42, 'tol': 0.0001, 'verbose': 0}",0.009229898452758789
Wine_spoilage,2,2,8,5,LogisticRegression,Magnitude_Warping,0.8133333333333334,0.8210110311994913,"{'C': np.float64(100.0), 'class_weight': None, 'dual': False, 'fit_intercept': True, 'intercept_scaling': 1, 'l1_ratio': None, 'max_iter': 100, 'multi_class': 'deprecated', 'n_jobs': None, 'penalty': 'l2', 'random_state': 42, 'solver': 'lbfgs', 'tol': 0.0001, 'verbose': 0, 'warm_start': False}",0.0510103702545166
Wine_spoilage,2,2,2,10,RNN,Time_Warping,0.8666666666666667,0.8416666666666667,"{'hidden_size': 64, 'epochs': 10, 'batch_size': 32, 'lr': 0.001}",2.138118028640747
Wine_spoilage,2,2,8,5,RNN,Magnitude_Warping,0.8666666666666667,0.8764835164835164,"{'hidden_size': 64, 'epochs': 10, 'batch_size': 32, 'lr': 0.001}",1.1811695098876953
Wine_spoilage,2,2,8,10,KNN,Magnitude_Warping,0.929,0.930340559006185,"{'algorithm': 'auto', 'leaf_size': 30, 'metric': 'minkowski', 'metric_params': None, 'n_jobs': None, 'n_neighbors': 5, 'p': 2, 'weights': 'uniform'}",0.12728381156921387
Wine_spoilage,2,2,3,1,KNN,Baseline,0.875,0.8734902814957628,"{'algorithm': 'auto', 'leaf_size': 30, 'metric': 'minkowski', 'metric_params': None, 'n_jobs': None, 'n_neighbors': 5, 'p': 2, 'weights': 'uniform'}",0.14785027503967285
Wine_spoilage,2,2,3,1,KNN,Tuned_Baseline,0.883,0.8818445973219791,"{'algorithm': 'auto', 'leaf_size': 30, 'metric': 'manhattan', 'metric_params': None, 'n_jobs': None, 'n_neighbors': np.int64(8), 'p': 2, 'weights': 'distance'}",0.0529170036315918
Wine_spoilage,2,2,3,1,RandomForest,Baseline,0.7883333333333333,0.7855649738150684,"{'bootstrap': True, 'ccp_alpha': 0.0, 'class_weight': None, 'criterion': 'gini', 'max_depth': None, 'max_features': 'sqrt', 'max_leaf_nodes': None, 'max_samples': None, 'min_impurity_decrease': 0.0, 'min_samples_leaf': 1, 'min_samples_split': 2, 'min_weight_fraction_leaf': 0.0, 'monotonic_cst': None, 'n_estimators': 100, 'n_jobs': None, 'oob_score': False, 'random_state': 42, 'verbose': 0, 'warm_start': False}",0.22069692611694336
Wine_spoilage,2,2,8,10,RandomForest,Magnitude_Warping,0.8773333333333333,0.8822209836719512,"{'bootstrap': True, 'ccp_alpha': 0.0, 'class_weight': None, 'criterion': 'gini', 'max_depth': None, 'max_features': 'sqrt', 'max_leaf_nodes': None, 'max_samples': None, 'min_impurity_decrease': 0.0, 'min_samples_leaf': 1, 'min_samples_split': 2, 'min_weight_fraction_leaf': 0.0, 'monotonic_cst': None, 'n_estimators': 100, 'n_jobs': None, 'oob_score': False, 'random_state': 42, 'verbose': 0, 'warm_start': False}",0.84086012840271
Wine_spoilage,2,2,8,10,LinearSVC,Magnitude_Warping,0.867,0.869223858819841,"{'C': 1.0, 'class_weight': None, 'dual': False, 'fit_intercept': True, 'intercept_scaling': 1, 'loss': 'squared_hinge', 'max_iter': 100, 'multi_class': 'ovr', 'penalty': 'l2', 'random_state': 42, 'tol': 0.0001, 'verbose': 0}",0.01868295669555664
Wine_spoilage,2,2,8,10,LogisticRegression,Magnitude_Warping,0.8113333333333334,0.8189610348051959,"{'C': 1.0, 'class_weight': None, 'dual': False, 'fit_intercept': True, 'intercept_scaling': 1, 'l1_ratio': None, 'max_iter': 100, 'multi_class': 'deprecated', 'n_jobs': None, 'penalty': 'l2', 'random_state': 42, 'solver': 'lbfgs', 'tol': 0.0001, 'verbose': 0, 'warm_start': False}",0.05680680274963379
Wine_spoilage,2,2,3,1,RandomForest,Tuned_Baseline,0.779,0.7768780730043794,"{'bootstrap': True, 'ccp_alpha': 0.0, 'class_weight': None, 'criterion': 'gini', 'max_depth': 20, 'max_features': 'sqrt', 'max_leaf_nodes': None, 'max_samples': None, 'min_impurity_decrease': 0.0, 'min_samples_leaf': 2, 'min_samples_split': 2, 'min_weight_fraction_leaf': 0.0, 'monotonic_cst': None, 'n_estimators': 50, 'n_jobs': None, 'oob_score': False, 'random_state': 42, 'verbose': 0, 'warm_start': False}",0.005428314208984375
Wine_spoilage,2,2,3,1,LinearSVC,Baseline,0.8143333333333334,0.8138977009348549,"{'C': 1.0, 'class_weight': None, 'dual': False, 'fit_intercept': True, 'intercept_scaling': 1, 'loss': 'squared_hinge', 'max_iter': 100, 'multi_class': 'ovr', 'penalty': 'l2', 'random_state': 42, 'tol': 0.0001, 'verbose': 0}",0.004166841506958008
Wine_spoilage,2,2,3,1,LinearSVC,Tuned_Baseline,0.8336666666666667,0.8358833517668639,"{'C': np.float64(0.01), 'class_weight': None, 'dual': False, 'fit_intercept': True, 'intercept_scaling': 1, 'loss': 'squared_hinge', 'max_iter': 100, 'multi_class': 'ovr', 'penalty': 'l2', 'random_state': 42, 'tol': 0.0001, 'verbose': 0}",0.00038933753967285156
Wine_spoilage,2,2,3,1,LogisticRegression,Baseline,0.8083333333333333,0.8081103353930569,"{'C': 1.0, 'class_weight': None, 'dual': False, 'fit_intercept': True, 'intercept_scaling': 1, 'l1_ratio': None, 'max_iter': 100, 'multi_class': 'deprecated', 'n_jobs': None, 'penalty': 'l2', 'random_state': 42, 'solver': 'lbfgs', 'tol': 0.0001, 'verbose': 0, 'warm_start': False}",0.01350855827331543
Wine_spoilage,2,2,8,10,RNN,Magnitude_Warping,0.7666666666666667,0.6881481481481482,"{'hidden_size': 64, 'epochs': 10, 'batch_size': 32, 'lr': 0.001}",1.7731997966766357
Wine_spoilage,2,2,9,1,KNN,Baseline,0.6453333333333333,0.6734626409245912,"{'algorithm': 'auto', 'leaf_size': 30, 'metric': 'minkowski', 'metric_params': None, 'n_jobs': None, 'n_neighbors': 5, 'p': 2, 'weights': 'uniform'}",0.0946967601776123
Wine_spoilage,2,2,9,1,KNN,Tuned_Baseline,0.6283333333333333,0.6571244358802937,"{'algorithm': 'auto', 'leaf_size': 30, 'metric': 'manhattan', 'metric_params': None, 'n_jobs': None, 'n_neighbors': np.int64(19), 'p': 2, 'weights': 'distance'}",0.02392864227294922
Wine_spoilage,2,2,9,1,RandomForest,Baseline,0.6116666666666667,0.6475895313773677,"{'bootstrap': True, 'ccp_alpha': 0.0, 'class_weight': None, 'criterion': 'gini', 'max_depth': None, 'max_features': 'sqrt', 'max_leaf_nodes': None, 'max_samples': None, 'min_impurity_decrease': 0.0, 'min_samples_leaf': 1, 'min_samples_split': 2, 'min_weight_fraction_leaf': 0.0, 'monotonic_cst': None, 'n_estimators': 100, 'n_jobs': None, 'oob_score': False, 'random_state': 42, 'verbose': 0, 'warm_start': False}",0.16667962074279785
Wine_spoilage,2,2,3,1,LogisticRegression,Tuned_Baseline,0.759,0.7600106491812497,"{'C': np.float64(10.0), 'class_weight': None, 'dual': False, 'fit_intercept': True, 'intercept_scaling': 1, 'l1_ratio': None, 'max_iter': 100, 'multi_class': 'deprecated', 'n_jobs': None, 'penalty': 'l2', 'random_state': 42, 'solver': 'lbfgs', 'tol': 0.0001, 'verbose': 0, 'warm_start': False}",0.0005295276641845703
Wine_spoilage,2,2,9,1,RandomForest,Tuned_Baseline,0.6116666666666667,0.6475895313773677,"{'bootstrap': True, 'ccp_alpha': 0.0, 'class_weight': None, 'criterion': 'gini', 'max_depth': 20, 'max_features': 'sqrt', 'max_leaf_nodes': None, 'max_samples': None, 'min_impurity_decrease': 0.0, 'min_samples_leaf': 1, 'min_samples_split': 2, 'min_weight_fraction_leaf': 0.0, 'monotonic_cst': None, 'n_estimators': 100, 'n_jobs': None, 'oob_score': False, 'random_state': 42, 'verbose': 0, 'warm_start': False}",0.010766744613647461
Wine_spoilage,2,2,9,1,LinearSVC,Baseline,0.5306666666666666,0.5577975298348163,"{'C': 1.0, 'class_weight': None, 'dual': False, 'fit_intercept': True, 'intercept_scaling': 1, 'loss': 'squared_hinge', 'max_iter': 100, 'multi_class': 'ovr', 'penalty': 'l2', 'random_state': 42, 'tol': 0.0001, 'verbose': 0}",0.003313779830932617
Wine_spoilage,2,2,9,1,LinearSVC,Tuned_Baseline,0.6623333333333333,0.642094734235837,"{'C': np.float64(0.01), 'class_weight': None, 'dual': False, 'fit_intercept': True, 'intercept_scaling': 1, 'loss': 'squared_hinge', 'max_iter': 100, 'multi_class': 'ovr', 'penalty': 'l2', 'random_state': 42, 'tol': 0.0001, 'verbose': 0}",0.0004227161407470703
Wine_spoilage,2,2,9,1,LogisticRegression,Baseline,0.503,0.5476013805152079,"{'C': 1.0, 'class_weight': None, 'dual': False, 'fit_intercept': True, 'intercept_scaling': 1, 'l1_ratio': None, 'max_iter': 100, 'multi_class': 'deprecated', 'n_jobs': None, 'penalty': 'l2', 'random_state': 42, 'solver': 'lbfgs', 'tol': 0.0001, 'verbose': 0, 'warm_start': False}",0.01741814613342285
Wine_spoilage,2,2,3,1,RNN,Baseline,0.9666666666666667,0.9660968660968661,"{'hidden_size': 64, 'epochs': 10, 'batch_size': 32, 'lr': 0.001}",0.8161630630493164
Wine_spoilage,2,2,3,1,RNN,Tuned_Baseline,0.9666666666666667,0.9660968660968661,"{'hidden_size': 64, 'epochs': 10, 'batch_size': 32, 'lr': 0.001}",0.0036575794219970703
Wine_spoilage,2,2,3,2,KNN,Time_Warping,0.8816666666666667,0.8801086670622232,"{'algorithm': 'auto', 'leaf_size': 30, 'metric': 'manhattan', 'metric_params': None, 'n_jobs': None, 'n_neighbors': np.int64(9), 'p': 2, 'weights': 'distance'}",0.04108834266662598
Wine_spoilage,2,2,3,2,RandomForest,Time_Warping,0.7893333333333333,0.7880498663896581,"{'bootstrap': True, 'ccp_alpha': 0.0, 'class_weight': None, 'criterion': 'gini', 'max_depth': None, 'max_features': 'sqrt', 'max_leaf_nodes': None, 'max_samples': None, 'min_impurity_decrease': 0.0, 'min_samples_leaf': 2, 'min_samples_split': 5, 'min_weight_fraction_leaf': 0.0, 'monotonic_cst': None, 'n_estimators': 100, 'n_jobs': None, 'oob_score': False, 'random_state': 42, 'verbose': 0, 'warm_start': False}",0.21949076652526855
Wine_spoilage,2,2,9,1,LogisticRegression,Tuned_Baseline,0.46366666666666667,0.5103274803565209,"{'C': np.float64(100.0), 'class_weight': None, 'dual': False, 'fit_intercept': True, 'intercept_scaling': 1, 'l1_ratio': None, 'max_iter': 100, 'multi_class': 'deprecated', 'n_jobs': None, 'penalty': None, 'random_state': 42, 'solver': 'lbfgs', 'tol': 0.0001, 'verbose': 0, 'warm_start': False}",0.00046062469482421875
Wine_spoilage,2,2,3,2,LinearSVC,Time_Warping,0.77,0.7681019728116225,"{'C': np.float64(10.0), 'class_weight': None, 'dual': False, 'fit_intercept': True, 'intercept_scaling': 1, 'loss': 'squared_hinge', 'max_iter': 100, 'multi_class': 'ovr', 'penalty': 'l1', 'random_state': 42, 'tol': 0.0001, 'verbose': 0}",0.01470804214477539
Wine_spoilage,2,2,9,1,RNN,Baseline,0.6333333333333333,0.6568840579710146,"{'hidden_size': 64, 'epochs': 10, 'batch_size': 32, 'lr': 0.001}",0.5946521759033203
Wine_spoilage,2,2,9,1,RNN,Tuned_Baseline,0.6333333333333333,0.6568840579710146,"{'hidden_size': 64, 'epochs': 10, 'batch_size': 32, 'lr': 0.001}",0.013417959213256836
Wine_spoilage,2,2,9,2,KNN,Magnitude_Warping,0.6756666666666666,0.7008506636895366,"{'algorithm': 'auto', 'leaf_size': 30, 'metric': 'manhattan', 'metric_params': None, 'n_jobs': None, 'n_neighbors': np.int64(9), 'p': 2, 'weights': 'distance'}",0.03752303123474121
Wine_spoilage,2,2,9,2,RandomForest,Magnitude_Warping,0.617,0.643118198854483,"{'bootstrap': True, 'ccp_alpha': 0.0, 'class_weight': None, 'criterion': 'gini', 'max_depth': 20, 'max_features': 'sqrt', 'max_leaf_nodes': None, 'max_samples': None, 'min_impurity_decrease': 0.0, 'min_samples_leaf': 2, 'min_samples_split': 2, 'min_weight_fraction_leaf': 0.0, 'monotonic_cst': None, 'n_estimators': 50, 'n_jobs': None, 'oob_score': False, 'random_state': 42, 'verbose': 0, 'warm_start': False}",0.12782788276672363
Wine_spoilage,2,2,9,2,LinearSVC,Magnitude_Warping,0.658,0.6333274160741003,"{'C': np.float64(100.0), 'class_weight': None, 'dual': True, 'fit_intercept': True, 'intercept_scaling': 1, 'loss': 'hinge', 'max_iter': 100, 'multi_class': 'ovr', 'penalty': 'l2', 'random_state': 42, 'tol': 0.0001, 'verbose': 0}",0.01749420166015625
Wine_spoilage,2,2,3,2,LogisticRegression,Time_Warping,0.6563333333333333,0.6543508802133496,"{'C': np.float64(100.0), 'class_weight': None, 'dual': False, 'fit_intercept': True, 'intercept_scaling': 1, 'l1_ratio': None, 'max_iter': 100, 'multi_class': 'deprecated', 'n_jobs': None, 'penalty': None, 'random_state': 42, 'solver': 'lbfgs', 'tol': 0.0001, 'verbose': 0, 'warm_start': False}",0.1021120548248291
Wine_spoilage,2,2,3,2,RNN,Time_Warping,0.4,0.2944444444444444,"{'hidden_size': 64, 'epochs': 10, 'batch_size': 32, 'lr': 0.001}",0.8110628128051758
Wine_spoilage,2,2,9,2,LogisticRegression,Magnitude_Warping,0.472,0.518552606379849,"{'C': np.float64(10.0), 'class_weight': None, 'dual': False, 'fit_intercept': True, 'intercept_scaling': 1, 'l1_ratio': None, 'max_iter': 100, 'multi_class': 'deprecated', 'n_jobs': None, 'penalty': None, 'random_state': 42, 'solver': 'lbfgs', 'tol': 0.0001, 'verbose': 0, 'warm_start': False}",0.04203009605407715
Wine_spoilage,2,2,3,3,KNN,Time_Warping,0.8673333333333333,0.8668856124011448,"{'algorithm': 'auto', 'leaf_size': 30, 'metric': 'manhattan', 'metric_params': None, 'n_jobs': None, 'n_neighbors': np.int64(9), 'p': 2, 'weights': 'distance'}",0.06532692909240723
Wine_spoilage,2,2,9,2,RNN,Magnitude_Warping,0.6666666666666666,0.6409749670619237,"{'hidden_size': 64, 'epochs': 10, 'batch_size': 32, 'lr': 0.001}",0.6087667942047119
Wine_spoilage,2,2,9,3,KNN,Magnitude_Warping,0.6116666666666667,0.6404419327559505,"{'algorithm': 'auto', 'leaf_size': 30, 'metric': 'euclidean', 'metric_params': None, 'n_jobs': None, 'n_neighbors': np.int64(5), 'p': 2, 'weights': 'uniform'}",0.10898900032043457
Wine_spoilage,2,2,3,3,RandomForest,Time_Warping,0.7773333333333333,0.7739455149051585,"{'bootstrap': True, 'ccp_alpha': 0.0, 'class_weight': None, 'criterion': 'gini', 'max_depth': 20, 'max_features': 'sqrt', 'max_leaf_nodes': None, 'max_samples': None, 'min_impurity_decrease': 0.0, 'min_samples_leaf': 2, 'min_samples_split': 2, 'min_weight_fraction_leaf': 0.0, 'monotonic_cst': None, 'n_estimators': 50, 'n_jobs': None, 'oob_score': False, 'random_state': 42, 'verbose': 0, 'warm_start': False}",0.1380782127380371
Wine_spoilage,2,2,3,3,LinearSVC,Time_Warping,0.7773333333333333,0.7770072223235672,"{'C': np.float64(1.0), 'class_weight': None, 'dual': False, 'fit_intercept': True, 'intercept_scaling': 1, 'loss': 'squared_hinge', 'max_iter': 100, 'multi_class': 'ovr', 'penalty': 'l2', 'random_state': 42, 'tol': 0.0001, 'verbose': 0}",0.009604930877685547
Wine_spoilage,2,2,9,3,RandomForest,Magnitude_Warping,0.594,0.6310232610737297,"{'bootstrap': True, 'ccp_alpha': 0.0, 'class_weight': None, 'criterion': 'gini', 'max_depth': 20, 'max_features': 'sqrt', 'max_leaf_nodes': None, 'max_samples': None, 'min_impurity_decrease': 0.0, 'min_samples_leaf': 2, 'min_samples_split': 2, 'min_weight_fraction_leaf': 0.0, 'monotonic_cst': None, 'n_estimators': 50, 'n_jobs': None, 'oob_score': False, 'random_state': 42, 'verbose': 0, 'warm_start': False}",0.18378162384033203
Wine_spoilage,2,2,9,3,LinearSVC,Magnitude_Warping,0.585,0.6037850600842727,"{'C': np.float64(100.0), 'class_weight': None, 'dual': False, 'fit_intercept': True, 'intercept_scaling': 1, 'loss': 'squared_hinge', 'max_iter': 100, 'multi_class': 'ovr', 'penalty': 'l1', 'random_state': 42, 'tol': 0.0001, 'verbose': 0}",0.02267622947692871
Wine_spoilage,2,2,3,3,LogisticRegression,Time_Warping,0.6483333333333333,0.6508186550547509,"{'C': np.float64(100.0), 'class_weight': None, 'dual': False, 'fit_intercept': True, 'intercept_scaling': 1, 'l1_ratio': None, 'max_iter': 100, 'multi_class': 'deprecated', 'n_jobs': None, 'penalty': 'l2', 'random_state': 42, 'solver': 'lbfgs', 'tol': 0.0001, 'verbose': 0, 'warm_start': False}",0.13759088516235352
Wine_spoilage,2,2,9,3,LogisticRegression,Magnitude_Warping,0.492,0.542591788488445,"{'C': np.float64(10.0), 'class_weight': None, 'dual': False, 'fit_intercept': True, 'intercept_scaling': 1, 'l1_ratio': None, 'max_iter': 100, 'multi_class': 'deprecated', 'n_jobs': None, 'penalty': None, 'random_state': 42, 'solver': 'lbfgs', 'tol': 0.0001, 'verbose': 0, 'warm_start': False}",0.03421831130981445
Wine_spoilage,2,2,3,3,RNN,Time_Warping,0.7666666666666667,0.7189814814814814,"{'hidden_size': 64, 'epochs': 10, 'batch_size': 32, 'lr': 0.001}",0.8903155326843262
Wine_spoilage,2,2,9,3,RNN,Magnitude_Warping,0.3,0.2733333333333333,"{'hidden_size': 64, 'epochs': 10, 'batch_size': 32, 'lr': 0.001}",0.60821533203125
Wine_spoilage,2,2,9,5,KNN,Magnitude_Warping,0.7303333333333333,0.7497541933053112,"{'algorithm': 'auto', 'leaf_size': 30, 'metric': 'euclidean', 'metric_params': None, 'n_jobs': None, 'n_neighbors': np.int64(3), 'p': 2, 'weights': 'uniform'}",0.11418437957763672
Wine_spoilage,2,2,3,5,KNN,Time_Warping,0.862,0.8637776692389644,"{'algorithm': 'auto', 'leaf_size': 30, 'metric': 'manhattan', 'metric_params': None, 'n_jobs': None, 'n_neighbors': np.int64(19), 'p': 2, 'weights': 'distance'}",0.1143808364868164
Wine_spoilage,2,2,3,5,RandomForest,Time_Warping,0.794,0.7921278034020824,"{'bootstrap': True, 'ccp_alpha': 0.0, 'class_weight': None, 'criterion': 'gini', 'max_depth': 20, 'max_features': 'sqrt', 'max_leaf_nodes': None, 'max_samples': None, 'min_impurity_decrease': 0.0, 'min_samples_leaf': 2, 'min_samples_split': 2, 'min_weight_fraction_leaf': 0.0, 'monotonic_cst': None, 'n_estimators': 50, 'n_jobs': None, 'oob_score': False, 'random_state': 42, 'verbose': 0, 'warm_start': False}",0.2538578510284424
Wine_spoilage,2,2,3,5,LinearSVC,Time_Warping,0.783,0.7822695451186572,"{'C': np.float64(100.0), 'class_weight': None, 'dual': False, 'fit_intercept': True, 'intercept_scaling': 1, 'loss': 'squared_hinge', 'max_iter': 100, 'multi_class': 'ovr', 'penalty': 'l1', 'random_state': 42, 'tol': 0.0001, 'verbose': 0}",0.031465768814086914
Wine_spoilage,2,2,9,5,RandomForest,Magnitude_Warping,0.646,0.6757623423281588,"{'bootstrap': True, 'ccp_alpha': 0.0, 'class_weight': None, 'criterion': 'gini', 'max_depth': 20, 'max_features': 'sqrt', 'max_leaf_nodes': None, 'max_samples': None, 'min_impurity_decrease': 0.0, 'min_samples_leaf': 1, 'min_samples_split': 2, 'min_weight_fraction_leaf': 0.0, 'monotonic_cst': None, 'n_estimators': 100, 'n_jobs': None, 'oob_score': False, 'random_state': 42, 'verbose': 0, 'warm_start': False}",0.6087160110473633
Wine_spoilage,2,2,9,5,LinearSVC,Magnitude_Warping,0.6636666666666666,0.6462524271713898,"{'C': np.float64(0.001), 'class_weight': None, 'dual': True, 'fit_intercept': True, 'intercept_scaling': 1, 'loss': 'squared_hinge', 'max_iter': 100, 'multi_class': 'ovr', 'penalty': 'l2', 'random_state': 42, 'tol': 0.0001, 'verbose': 0}",0.009475231170654297
Wine_spoilage,2,2,3,5,LogisticRegression,Time_Warping,0.6556666666666666,0.6535738064715775,"{'C': np.float64(100.0), 'class_weight': None, 'dual': False, 'fit_intercept': True, 'intercept_scaling': 1, 'l1_ratio': None, 'max_iter': 100, 'multi_class': 'deprecated', 'n_jobs': None, 'penalty': 'l2', 'random_state': 42, 'solver': 'lbfgs', 'tol': 0.0001, 'verbose': 0, 'warm_start': False}",0.07337784767150879
Wine_spoilage,2,2,9,5,LogisticRegression,Magnitude_Warping,0.5366666666666666,0.5827111758213371,"{'C': np.float64(100.0), 'class_weight': None, 'dual': False, 'fit_intercept': True, 'intercept_scaling': 1, 'l1_ratio': None, 'max_iter': 100, 'multi_class': 'deprecated', 'n_jobs': None, 'penalty': 'l2', 'random_state': 42, 'solver': 'lbfgs', 'tol': 0.0001, 'verbose': 0, 'warm_start': False}",0.05622673034667969
Wine_spoilage,2,2,9,5,RNN,Magnitude_Warping,0.8,0.7791461412151067,"{'hidden_size': 64, 'epochs': 10, 'batch_size': 32, 'lr': 0.001}",1.1940901279449463
Wine_spoilage,2,2,9,10,KNN,Magnitude_Warping,0.6193333333333333,0.6515576714346896,"{'algorithm': 'auto', 'leaf_size': 30, 'metric': 'minkowski', 'metric_params': None, 'n_jobs': None, 'n_neighbors': 5, 'p': 2, 'weights': 'uniform'}",0.12888503074645996
Wine_spoilage,2,2,3,5,RNN,Time_Warping,0.8666666666666667,0.8624363291029958,"{'hidden_size': 64, 'epochs': 10, 'batch_size': 32, 'lr': 0.001}",2.4207911491394043
Wine_spoilage,2,2,9,10,RandomForest,Magnitude_Warping,0.591,0.619960851355354,"{'bootstrap': True, 'ccp_alpha': 0.0, 'class_weight': None, 'criterion': 'gini', 'max_depth': None, 'max_features': 'sqrt', 'max_leaf_nodes': None, 'max_samples': None, 'min_impurity_decrease': 0.0, 'min_samples_leaf': 1, 'min_samples_split': 2, 'min_weight_fraction_leaf': 0.0, 'monotonic_cst': None, 'n_estimators': 100, 'n_jobs': None, 'oob_score': False, 'random_state': 42, 'verbose': 0, 'warm_start': False}",1.2173411846160889
Wine_spoilage,2,2,9,10,LinearSVC,Magnitude_Warping,0.5853333333333334,0.6045392941893182,"{'C': 1.0, 'class_weight': None, 'dual': False, 'fit_intercept': True, 'intercept_scaling': 1, 'loss': 'squared_hinge', 'max_iter': 100, 'multi_class': 'ovr', 'penalty': 'l2', 'random_state': 42, 'tol': 0.0001, 'verbose': 0}",0.022053956985473633
Wine_spoilage,2,2,3,10,KNN,Time_Warping,0.848,0.8493998134032795,"{'algorithm': 'auto', 'leaf_size': 30, 'metric': 'minkowski', 'metric_params': None, 'n_jobs': None, 'n_neighbors': 5, 'p': 2, 'weights': 'uniform'}",0.21357274055480957
Wine_spoilage,2,2,9,10,LogisticRegression,Magnitude_Warping,0.4856666666666667,0.5328875033332647,"{'C': 1.0, 'class_weight': None, 'dual': False, 'fit_intercept': True, 'intercept_scaling': 1, 'l1_ratio': None, 'max_iter': 100, 'multi_class': 'deprecated', 'n_jobs': None, 'penalty': 'l2', 'random_state': 42, 'solver': 'lbfgs', 'tol': 0.0001, 'verbose': 0, 'warm_start': False}",0.1003427505493164
Wine_spoilage,2,2,3,10,RandomForest,Time_Warping,0.8006666666666666,0.798971387784635,"{'bootstrap': True, 'ccp_alpha': 0.0, 'class_weight': None, 'criterion': 'gini', 'max_depth': None, 'max_features': 'sqrt', 'max_leaf_nodes': None, 'max_samples': None, 'min_impurity_decrease': 0.0, 'min_samples_leaf': 1, 'min_samples_split': 2, 'min_weight_fraction_leaf': 0.0, 'monotonic_cst': None, 'n_estimators': 100, 'n_jobs': None, 'oob_score': False, 'random_state': 42, 'verbose': 0, 'warm_start': False}",0.9253895282745361
Wine_spoilage,2,2,3,10,LinearSVC,Time_Warping,0.7056666666666667,0.7035397431892247,"{'C': 1.0, 'class_weight': None, 'dual': False, 'fit_intercept': True, 'intercept_scaling': 1, 'loss': 'squared_hinge', 'max_iter': 100, 'multi_class': 'ovr', 'penalty': 'l2', 'random_state': 42, 'tol': 0.0001, 'verbose': 0}",0.031935930252075195
Wine_spoilage,2,2,3,10,LogisticRegression,Time_Warping,0.715,0.7129847728521547,"{'C': 1.0, 'class_weight': None, 'dual': False, 'fit_intercept': True, 'intercept_scaling': 1, 'l1_ratio': None, 'max_iter': 100, 'multi_class': 'deprecated', 'n_jobs': None, 'penalty': 'l2', 'random_state': 42, 'solver': 'lbfgs', 'tol': 0.0001, 'verbose': 0, 'warm_start': False}",0.12721014022827148
Wine_spoilage,2,2,9,10,RNN,Magnitude_Warping,0.7666666666666667,0.7421489621489621,"{'hidden_size': 64, 'epochs': 10, 'batch_size': 32, 'lr': 0.001}",1.8137202262878418
Wine_spoilage,2,2,10,1,KNN,Baseline,0.7923333333333333,0.7974704633636053,"{'algorithm': 'auto', 'leaf_size': 30, 'metric': 'minkowski', 'metric_params': None, 'n_jobs': None, 'n_neighbors': 5, 'p': 2, 'weights': 'uniform'}",0.09605240821838379
Wine_spoilage,2,2,10,1,KNN,Tuned_Baseline,0.7676666666666667,0.778590854271647,"{'algorithm': 'auto', 'leaf_size': 30, 'metric': 'manhattan', 'metric_params': None, 'n_jobs': None, 'n_neighbors': np.int64(19), 'p': 2, 'weights': 'distance'}",0.02866983413696289
Wine_spoilage,2,2,10,1,RandomForest,Baseline,0.751,0.75068826341151,"{'bootstrap': True, 'ccp_alpha': 0.0, 'class_weight': None, 'criterion': 'gini', 'max_depth': None, 'max_features': 'sqrt', 'max_leaf_nodes': None, 'max_samples': None, 'min_impurity_decrease': 0.0, 'min_samples_leaf': 1, 'min_samples_split': 2, 'min_weight_fraction_leaf': 0.0, 'monotonic_cst': None, 'n_estimators': 100, 'n_jobs': None, 'oob_score': False, 'random_state': 42, 'verbose': 0, 'warm_start': False}",0.15957212448120117
Wine_spoilage,2,2,10,1,RandomForest,Tuned_Baseline,0.751,0.75068826341151,"{'bootstrap': True, 'ccp_alpha': 0.0, 'class_weight': None, 'criterion': 'gini', 'max_depth': 20, 'max_features': 'sqrt', 'max_leaf_nodes': None, 'max_samples': None, 'min_impurity_decrease': 0.0, 'min_samples_leaf': 1, 'min_samples_split': 2, 'min_weight_fraction_leaf': 0.0, 'monotonic_cst': None, 'n_estimators': 100, 'n_jobs': None, 'oob_score': False, 'random_state': 42, 'verbose': 0, 'warm_start': False}",0.010039567947387695
Wine_spoilage,2,2,10,1,LinearSVC,Baseline,0.642,0.6254659197074379,"{'C': 1.0, 'class_weight': None, 'dual': False, 'fit_intercept': True, 'intercept_scaling': 1, 'loss': 'squared_hinge', 'max_iter': 100, 'multi_class': 'ovr', 'penalty': 'l2', 'random_state': 42, 'tol': 0.0001, 'verbose': 0}",0.0031173229217529297
Wine_spoilage,2,2,3,10,RNN,Time_Warping,0.8,0.7212698412698413,"{'hidden_size': 64, 'epochs': 10, 'batch_size': 32, 'lr': 0.001}",2.562466859817505
Wine_spoilage,2,2,10,1,LinearSVC,Tuned_Baseline,0.642,0.6254659197074379,"{'C': np.float64(1.0), 'class_weight': None, 'dual': False, 'fit_intercept': True, 'intercept_scaling': 1, 'loss': 'squared_hinge', 'max_iter': 100, 'multi_class': 'ovr', 'penalty': 'l2', 'random_state': 42, 'tol': 0.0001, 'verbose': 0}",0.0003082752227783203
Wine_spoilage,2,2,10,1,LogisticRegression,Baseline,0.6423333333333333,0.6235336855192151,"{'C': 1.0, 'class_weight': None, 'dual': False, 'fit_intercept': True, 'intercept_scaling': 1, 'l1_ratio': None, 'max_iter': 100, 'multi_class': 'deprecated', 'n_jobs': None, 'penalty': 'l2', 'random_state': 42, 'solver': 'lbfgs', 'tol': 0.0001, 'verbose': 0, 'warm_start': False}",0.010928630828857422
Wine_spoilage,2,2,4,1,KNN,Baseline,0.9126666666666666,0.9107253915928841,"{'algorithm': 'auto', 'leaf_size': 30, 'metric': 'minkowski', 'metric_params': None, 'n_jobs': None, 'n_neighbors': 5, 'p': 2, 'weights': 'uniform'}",0.14700603485107422
Wine_spoilage,2,2,4,1,KNN,Tuned_Baseline,0.924,0.9216649161268297,"{'algorithm': 'auto', 'leaf_size': 30, 'metric': 'euclidean', 'metric_params': None, 'n_jobs': None, 'n_neighbors': np.int64(3), 'p': 2, 'weights': 'uniform'}",0.13838410377502441
Wine_spoilage,2,2,4,1,RandomForest,Baseline,0.8626666666666667,0.8648039194911453,"{'bootstrap': True, 'ccp_alpha': 0.0, 'class_weight': None, 'criterion': 'gini', 'max_depth': None, 'max_features': 'sqrt', 'max_leaf_nodes': None, 'max_samples': None, 'min_impurity_decrease': 0.0, 'min_samples_leaf': 1, 'min_samples_split': 2, 'min_weight_fraction_leaf': 0.0, 'monotonic_cst': None, 'n_estimators': 100, 'n_jobs': None, 'oob_score': False, 'random_state': 42, 'verbose': 0, 'warm_start': False}",0.17282366752624512
Wine_spoilage,2,2,10,1,LogisticRegression,Tuned_Baseline,0.6293333333333333,0.6054165219304786,"{'C': np.float64(10.0), 'class_weight': None, 'dual': False, 'fit_intercept': True, 'intercept_scaling': 1, 'l1_ratio': None, 'max_iter': 100, 'multi_class': 'deprecated', 'n_jobs': None, 'penalty': 'l2', 'random_state': 42, 'solver': 'lbfgs', 'tol': 0.0001, 'verbose': 0, 'warm_start': False}",0.0005102157592773438
Wine_spoilage,2,2,4,1,RandomForest,Tuned_Baseline,0.8563333333333333,0.8590009958342116,"{'bootstrap': True, 'ccp_alpha': 0.0, 'class_weight': None, 'criterion': 'gini', 'max_depth': 20, 'max_features': 'sqrt', 'max_leaf_nodes': None, 'max_samples': None, 'min_impurity_decrease': 0.0, 'min_samples_leaf': 1, 'min_samples_split': 2, 'min_weight_fraction_leaf': 0.0, 'monotonic_cst': None, 'n_estimators': 50, 'n_jobs': None, 'oob_score': False, 'random_state': 42, 'verbose': 0, 'warm_start': False}",0.004746913909912109
Wine_spoilage,2,2,4,1,LinearSVC,Baseline,0.8543333333333333,0.857758216389947,"{'C': 1.0, 'class_weight': None, 'dual': False, 'fit_intercept': True, 'intercept_scaling': 1, 'loss': 'squared_hinge', 'max_iter': 100, 'multi_class': 'ovr', 'penalty': 'l2', 'random_state': 42, 'tol': 0.0001, 'verbose': 0}",0.00299072265625
Wine_spoilage,2,2,10,1,RNN,Baseline,0.8333333333333334,0.7745098039215687,"{'hidden_size': 64, 'epochs': 10, 'batch_size': 32, 'lr': 0.001}",0.5985593795776367
Wine_spoilage,2,2,10,1,RNN,Tuned_Baseline,0.8333333333333334,0.7745098039215687,"{'hidden_size': 64, 'epochs': 10, 'batch_size': 32, 'lr': 0.001}",0.013480424880981445
Wine_spoilage,2,2,4,1,LinearSVC,Tuned_Baseline,0.8563333333333333,0.8586846941954854,"{'C': np.float64(0.1), 'class_weight': None, 'dual': True, 'fit_intercept': True, 'intercept_scaling': 1, 'loss': 'squared_hinge', 'max_iter': 100, 'multi_class': 'ovr', 'penalty': 'l2', 'random_state': 42, 'tol': 0.0001, 'verbose': 0}",0.0002715587615966797
Wine_spoilage,2,2,4,1,LogisticRegression,Baseline,0.848,0.8519789015599702,"{'C': 1.0, 'class_weight': None, 'dual': False, 'fit_intercept': True, 'intercept_scaling': 1, 'l1_ratio': None, 'max_iter': 100, 'multi_class': 'deprecated', 'n_jobs': None, 'penalty': 'l2', 'random_state': 42, 'solver': 'lbfgs', 'tol': 0.0001, 'verbose': 0, 'warm_start': False}",0.00995635986328125
Wine_spoilage,2,2,10,2,KNN,Magnitude_Warping,0.7853333333333333,0.792609563609421,"{'algorithm': 'auto', 'leaf_size': 30, 'metric': 'manhattan', 'metric_params': None, 'n_jobs': None, 'n_neighbors': np.int64(6), 'p': 2, 'weights': 'uniform'}",0.12320876121520996
Wine_spoilage,2,2,10,2,RandomForest,Magnitude_Warping,0.7333333333333333,0.7290584894991173,"{'bootstrap': True, 'ccp_alpha': 0.0, 'class_weight': None, 'criterion': 'gini', 'max_depth': None, 'max_features': 'sqrt', 'max_leaf_nodes': None, 'max_samples': None, 'min_impurity_decrease': 0.0, 'min_samples_leaf': 2, 'min_samples_split': 2, 'min_weight_fraction_leaf': 0.0, 'monotonic_cst': None, 'n_estimators': 50, 'n_jobs': None, 'oob_score': False, 'random_state': 42, 'verbose': 0, 'warm_start': False}",0.12116789817810059
Wine_spoilage,2,2,10,2,LinearSVC,Magnitude_Warping,0.6156666666666667,0.6056876269426146,"{'C': np.float64(1.0), 'class_weight': None, 'dual': False, 'fit_intercept': True, 'intercept_scaling': 1, 'loss': 'squared_hinge', 'max_iter': 100, 'multi_class': 'ovr', 'penalty': 'l2', 'random_state': 42, 'tol': 0.0001, 'verbose': 0}",0.005460500717163086
Wine_spoilage,2,2,4,1,LogisticRegression,Tuned_Baseline,0.8306666666666667,0.8374253690060857,"{'C': np.float64(10.0), 'class_weight': None, 'dual': False, 'fit_intercept': True, 'intercept_scaling': 1, 'l1_ratio': None, 'max_iter': 100, 'multi_class': 'deprecated', 'n_jobs': None, 'penalty': 'l2', 'random_state': 42, 'solver': 'lbfgs', 'tol': 0.0001, 'verbose': 0, 'warm_start': False}",0.00047588348388671875
Wine_spoilage,2,2,10,2,LogisticRegression,Magnitude_Warping,0.6156666666666667,0.5954510702132186,"{'C': np.float64(100.0), 'class_weight': None, 'dual': False, 'fit_intercept': True, 'intercept_scaling': 1, 'l1_ratio': None, 'max_iter': 100, 'multi_class': 'deprecated', 'n_jobs': None, 'penalty': 'l2', 'random_state': 42, 'solver': 'lbfgs', 'tol': 0.0001, 'verbose': 0, 'warm_start': False}",0.035216331481933594
Wine_spoilage,2,2,4,1,RNN,Baseline,0.5,0.4027777777777778,"{'hidden_size': 64, 'epochs': 10, 'batch_size': 32, 'lr': 0.001}",0.7770302295684814
Wine_spoilage,2,2,4,1,RNN,Tuned_Baseline,0.5,0.4027777777777778,"{'hidden_size': 64, 'epochs': 10, 'batch_size': 32, 'lr': 0.001}",0.01951313018798828
Wine_spoilage,2,2,10,2,RNN,Magnitude_Warping,0.6333333333333333,0.5954751131221719,"{'hidden_size': 64, 'epochs': 10, 'batch_size': 32, 'lr': 0.001}",0.6053001880645752
Wine_spoilage,2,2,10,3,KNN,Magnitude_Warping,0.8013333333333333,0.8053936138403835,"{'algorithm': 'auto', 'leaf_size': 30, 'metric': 'euclidean', 'metric_params': None, 'n_jobs': None, 'n_neighbors': np.int64(5), 'p': 2, 'weights': 'uniform'}",0.11505126953125
Wine_spoilage,2,2,4,2,KNN,Time_Warping,0.9233333333333333,0.9208253714677994,"{'algorithm': 'auto', 'leaf_size': 30, 'metric': 'euclidean', 'metric_params': None, 'n_jobs': None, 'n_neighbors': np.int64(3), 'p': 2, 'weights': 'uniform'}",0.15218162536621094
Wine_spoilage,2,2,10,3,RandomForest,Magnitude_Warping,0.754,0.7563381048500541,"{'bootstrap': True, 'ccp_alpha': 0.0, 'class_weight': None, 'criterion': 'gini', 'max_depth': 20, 'max_features': 'sqrt', 'max_leaf_nodes': None, 'max_samples': None, 'min_impurity_decrease': 0.0, 'min_samples_leaf': 2, 'min_samples_split': 2, 'min_weight_fraction_leaf': 0.0, 'monotonic_cst': None, 'n_estimators': 50, 'n_jobs': None, 'oob_score': False, 'random_state': 42, 'verbose': 0, 'warm_start': False}",0.1657097339630127
Wine_spoilage,2,2,10,3,LinearSVC,Magnitude_Warping,0.6043333333333333,0.5938721677100041,"{'C': np.float64(100.0), 'class_weight': None, 'dual': False, 'fit_intercept': True, 'intercept_scaling': 1, 'loss': 'squared_hinge', 'max_iter': 100, 'multi_class': 'ovr', 'penalty': 'l1', 'random_state': 42, 'tol': 0.0001, 'verbose': 0}",0.018686771392822266
Wine_spoilage,2,2,4,2,RandomForest,Time_Warping,0.855,0.8574600295148072,"{'bootstrap': True, 'ccp_alpha': 0.0, 'class_weight': None, 'criterion': 'gini', 'max_depth': 20, 'max_features': 'sqrt', 'max_leaf_nodes': None, 'max_samples': None, 'min_impurity_decrease': 0.0, 'min_samples_leaf': 2, 'min_samples_split': 2, 'min_weight_fraction_leaf': 0.0, 'monotonic_cst': None, 'n_estimators': 50, 'n_jobs': None, 'oob_score': False, 'random_state': 42, 'verbose': 0, 'warm_start': False}",0.10390114784240723
Wine_spoilage,2,2,4,2,LinearSVC,Time_Warping,0.8186666666666667,0.8270114602130413,"{'C': np.float64(100.0), 'class_weight': None, 'dual': True, 'fit_intercept': True, 'intercept_scaling': 1, 'loss': 'hinge', 'max_iter': 100, 'multi_class': 'ovr', 'penalty': 'l2', 'random_state': 42, 'tol': 0.0001, 'verbose': 0}",0.009958744049072266
Wine_spoilage,2,2,4,2,LogisticRegression,Time_Warping,0.8006666666666666,0.8085772900185015,"{'C': np.float64(100.0), 'class_weight': None, 'dual': False, 'fit_intercept': True, 'intercept_scaling': 1, 'l1_ratio': None, 'max_iter': 100, 'multi_class': 'deprecated', 'n_jobs': None, 'penalty': 'l2', 'random_state': 42, 'solver': 'lbfgs', 'tol': 0.0001, 'verbose': 0, 'warm_start': False}",0.022269248962402344
Wine_spoilage,2,2,10,3,LogisticRegression,Magnitude_Warping,0.618,0.5943052218351526,"{'C': np.float64(100.0), 'class_weight': None, 'dual': False, 'fit_intercept': True, 'intercept_scaling': 1, 'l1_ratio': None, 'max_iter': 100, 'multi_class': 'deprecated', 'n_jobs': None, 'penalty': 'l2', 'random_state': 42, 'solver': 'lbfgs', 'tol': 0.0001, 'verbose': 0, 'warm_start': False}",0.045075178146362305
Wine_spoilage,2,2,4,2,RNN,Time_Warping,0.9,0.904,"{'hidden_size': 64, 'epochs': 10, 'batch_size': 32, 'lr': 0.001}",0.5939841270446777
Wine_spoilage,2,2,10,3,RNN,Magnitude_Warping,0.6,0.55,"{'hidden_size': 64, 'epochs': 10, 'batch_size': 32, 'lr': 0.001}",0.6225631237030029
Wine_spoilage,2,2,4,3,KNN,Time_Warping,0.9213333333333333,0.918882798137495,"{'algorithm': 'auto', 'leaf_size': 30, 'metric': 'euclidean', 'metric_params': None, 'n_jobs': None, 'n_neighbors': np.int64(3), 'p': 2, 'weights': 'uniform'}",0.157562255859375
Wine_spoilage,2,2,10,5,KNN,Magnitude_Warping,0.8053333333333333,0.8101942161701591,"{'algorithm': 'auto', 'leaf_size': 30, 'metric': 'manhattan', 'metric_params': None, 'n_jobs': None, 'n_neighbors': np.int64(9), 'p': 2, 'weights': 'distance'}",0.05282115936279297
Wine_spoilage,2,2,10,5,RandomForest,Magnitude_Warping,0.7543333333333333,0.7513043099649658,"{'bootstrap': True, 'ccp_alpha': 0.0, 'class_weight': None, 'criterion': 'gini', 'max_depth': 20, 'max_features': 'sqrt', 'max_leaf_nodes': None, 'max_samples': None, 'min_impurity_decrease': 0.0, 'min_samples_leaf': 2, 'min_samples_split': 5, 'min_weight_fraction_leaf': 0.0, 'monotonic_cst': None, 'n_estimators': 50, 'n_jobs': None, 'oob_score': False, 'random_state': 42, 'verbose': 0, 'warm_start': False}",0.26378750801086426
Wine_spoilage,2,2,10,5,LinearSVC,Magnitude_Warping,0.737,0.7407113104578863,"{'C': np.float64(0.01), 'class_weight': None, 'dual': False, 'fit_intercept': True, 'intercept_scaling': 1, 'loss': 'squared_hinge', 'max_iter': 100, 'multi_class': 'ovr', 'penalty': 'l2', 'random_state': 42, 'tol': 0.0001, 'verbose': 0}",0.01014089584350586
Wine_spoilage,2,2,4,3,RandomForest,Time_Warping,0.8533333333333334,0.8566279668477088,"{'bootstrap': True, 'ccp_alpha': 0.0, 'class_weight': None, 'criterion': 'gini', 'max_depth': 20, 'max_features': 'sqrt', 'max_leaf_nodes': None, 'max_samples': None, 'min_impurity_decrease': 0.0, 'min_samples_leaf': 2, 'min_samples_split': 2, 'min_weight_fraction_leaf': 0.0, 'monotonic_cst': None, 'n_estimators': 50, 'n_jobs': None, 'oob_score': False, 'random_state': 42, 'verbose': 0, 'warm_start': False}",0.17626047134399414
Wine_spoilage,2,2,4,3,LinearSVC,Time_Warping,0.85,0.8542780748663102,"{'C': np.float64(100.0), 'class_weight': None, 'dual': False, 'fit_intercept': True, 'intercept_scaling': 1, 'loss': 'squared_hinge', 'max_iter': 100, 'multi_class': 'ovr', 'penalty': 'l1', 'random_state': 42, 'tol': 0.0001, 'verbose': 0}",0.018819808959960938
Wine_spoilage,2,2,4,3,LogisticRegression,Time_Warping,0.759,0.7662778927072753,"{'C': np.float64(10.0), 'class_weight': None, 'dual': False, 'fit_intercept': True, 'intercept_scaling': 1, 'l1_ratio': None, 'max_iter': 100, 'multi_class': 'deprecated', 'n_jobs': None, 'penalty': None, 'random_state': 42, 'solver': 'lbfgs', 'tol': 0.0001, 'verbose': 0, 'warm_start': False}",0.17418837547302246
Wine_spoilage,2,2,4,3,RNN,Time_Warping,1.0,1.0,"{'hidden_size': 64, 'epochs': 10, 'batch_size': 32, 'lr': 0.001}",0.6920366287231445
Wine_spoilage,2,2,10,5,LogisticRegression,Magnitude_Warping,0.612,0.5906616760435585,"{'C': np.float64(10.0), 'class_weight': None, 'dual': False, 'fit_intercept': True, 'intercept_scaling': 1, 'l1_ratio': None, 'max_iter': 100, 'multi_class': 'deprecated', 'n_jobs': None, 'penalty': None, 'random_state': 42, 'solver': 'lbfgs', 'tol': 0.0001, 'verbose': 0, 'warm_start': False}",0.46380162239074707
Wine_spoilage,2,2,4,5,KNN,Time_Warping,0.92,0.9174443760679772,"{'algorithm': 'auto', 'leaf_size': 30, 'metric': 'euclidean', 'metric_params': None, 'n_jobs': None, 'n_neighbors': np.int64(3), 'p': 2, 'weights': 'uniform'}",0.117584228515625
Wine_spoilage,2,2,4,5,RandomForest,Time_Warping,0.8533333333333334,0.8566548809392317,"{'bootstrap': True, 'ccp_alpha': 0.0, 'class_weight': None, 'criterion': 'gini', 'max_depth': 20, 'max_features': 'sqrt', 'max_leaf_nodes': None, 'max_samples': None, 'min_impurity_decrease': 0.0, 'min_samples_leaf': 2, 'min_samples_split': 2, 'min_weight_fraction_leaf': 0.0, 'monotonic_cst': None, 'n_estimators': 50, 'n_jobs': None, 'oob_score': False, 'random_state': 42, 'verbose': 0, 'warm_start': False}",0.25579071044921875
Wine_spoilage,2,2,4,5,LinearSVC,Time_Warping,0.8476666666666667,0.8518772175392187,"{'C': np.float64(0.1), 'class_weight': None, 'dual': False, 'fit_intercept': True, 'intercept_scaling': 1, 'loss': 'squared_hinge', 'max_iter': 100, 'multi_class': 'ovr', 'penalty': 'l1', 'random_state': 42, 'tol': 0.0001, 'verbose': 0}",0.03159141540527344
Wine_spoilage,2,2,10,5,RNN,Magnitude_Warping,0.8,0.7493827160493827,"{'hidden_size': 64, 'epochs': 10, 'batch_size': 32, 'lr': 0.001}",2.1495680809020996
Wine_spoilage,2,2,4,5,LogisticRegression,Time_Warping,0.7113333333333334,0.7143424444764697,"{'C': np.float64(10.0), 'class_weight': None, 'dual': False, 'fit_intercept': True, 'intercept_scaling': 1, 'l1_ratio': None, 'max_iter': 100, 'multi_class': 'deprecated', 'n_jobs': None, 'penalty': None, 'random_state': 42, 'solver': 'lbfgs', 'tol': 0.0001, 'verbose': 0, 'warm_start': False}",0.06600189208984375
Wine_spoilage,2,2,10,10,KNN,Magnitude_Warping,0.773,0.7742085497180895,"{'algorithm': 'auto', 'leaf_size': 30, 'metric': 'minkowski', 'metric_params': None, 'n_jobs': None, 'n_neighbors': 5, 'p': 2, 'weights': 'uniform'}",0.18277502059936523
Wine_spoilage,2,2,4,5,RNN,Time_Warping,0.8666666666666667,0.8411111111111111,"{'hidden_size': 64, 'epochs': 10, 'batch_size': 32, 'lr': 0.001}",1.3373074531555176
Wine_spoilage,2,2,4,10,KNN,Time_Warping,0.908,0.9068235661215067,"{'algorithm': 'auto', 'leaf_size': 30, 'metric': 'minkowski', 'metric_params': None, 'n_jobs': None, 'n_neighbors': 5, 'p': 2, 'weights': 'uniform'}",0.15149903297424316
Wine_spoilage,2,2,10,10,RandomForest,Magnitude_Warping,0.6446666666666667,0.6159227857016171,"{'bootstrap': True, 'ccp_alpha': 0.0, 'class_weight': None, 'criterion': 'gini', 'max_depth': None, 'max_features': 'sqrt', 'max_leaf_nodes': None, 'max_samples': None, 'min_impurity_decrease': 0.0, 'min_samples_leaf': 1, 'min_samples_split': 2, 'min_weight_fraction_leaf': 0.0, 'monotonic_cst': None, 'n_estimators': 100, 'n_jobs': None, 'oob_score': False, 'random_state': 42, 'verbose': 0, 'warm_start': False}",1.5734302997589111
Wine_spoilage,2,2,10,10,LinearSVC,Magnitude_Warping,0.633,0.6222714705803907,"{'C': 1.0, 'class_weight': None, 'dual': False, 'fit_intercept': True, 'intercept_scaling': 1, 'loss': 'squared_hinge', 'max_iter': 100, 'multi_class': 'ovr', 'penalty': 'l2', 'random_state': 42, 'tol': 0.0001, 'verbose': 0}",0.06578207015991211
Wine_spoilage,2,2,10,10,LogisticRegression,Magnitude_Warping,0.6266666666666667,0.6041568304322451,"{'C': 1.0, 'class_weight': None, 'dual': False, 'fit_intercept': True, 'intercept_scaling': 1, 'l1_ratio': None, 'max_iter': 100, 'multi_class': 'deprecated', 'n_jobs': None, 'penalty': 'l2', 'random_state': 42, 'solver': 'lbfgs', 'tol': 0.0001, 'verbose': 0, 'warm_start': False}",0.5219016075134277
Wine_spoilage,2,2,4,10,RandomForest,Time_Warping,0.8483333333333334,0.8513888035044148,"{'bootstrap': True, 'ccp_alpha': 0.0, 'class_weight': None, 'criterion': 'gini', 'max_depth': None, 'max_features': 'sqrt', 'max_leaf_nodes': None, 'max_samples': None, 'min_impurity_decrease': 0.0, 'min_samples_leaf': 1, 'min_samples_split': 2, 'min_weight_fraction_leaf': 0.0, 'monotonic_cst': None, 'n_estimators': 100, 'n_jobs': None, 'oob_score': False, 'random_state': 42, 'verbose': 0, 'warm_start': False}",0.8001229763031006
Wine_spoilage,2,2,4,10,LinearSVC,Time_Warping,0.8406666666666667,0.8459699910985152,"{'C': 1.0, 'class_weight': None, 'dual': False, 'fit_intercept': True, 'intercept_scaling': 1, 'loss': 'squared_hinge', 'max_iter': 100, 'multi_class': 'ovr', 'penalty': 'l2', 'random_state': 42, 'tol': 0.0001, 'verbose': 0}",0.019510984420776367
Wine_spoilage,2,2,4,10,LogisticRegression,Time_Warping,0.8083333333333333,0.8163177331938832,"{'C': 1.0, 'class_weight': None, 'dual': False, 'fit_intercept': True, 'intercept_scaling': 1, 'l1_ratio': None, 'max_iter': 100, 'multi_class': 'deprecated', 'n_jobs': None, 'penalty': 'l2', 'random_state': 42, 'solver': 'lbfgs', 'tol': 0.0001, 'verbose': 0, 'warm_start': False}",0.07735610008239746
Wine_spoilage,2,2,4,10,RNN,Time_Warping,0.9,0.8958249158249157,"{'hidden_size': 64, 'epochs': 10, 'batch_size': 32, 'lr': 0.001}",3.592994451522827
Wine_spoilage,2,2,10,10,RNN,Magnitude_Warping,0.7666666666666667,0.74,"{'hidden_size': 64, 'epochs': 10, 'batch_size': 32, 'lr': 0.001}",3.9045705795288086
Wine_spoilage,2,2,5,1,KNN,Baseline,0.864,0.8474081249612088,"{'algorithm': 'auto', 'leaf_size': 30, 'metric': 'minkowski', 'metric_params': None, 'n_jobs': None, 'n_neighbors': 5, 'p': 2, 'weights': 'uniform'}",0.13884425163269043
Wine_spoilage,2,2,5,1,KNN,Tuned_Baseline,0.8706666666666667,0.8539215456205802,"{'algorithm': 'auto', 'leaf_size': 30, 'metric': 'euclidean', 'metric_params': None, 'n_jobs': None, 'n_neighbors': np.int64(3), 'p': 2, 'weights': 'uniform'}",0.1159830093383789
Wine_spoilage,2,2,5,1,RandomForest,Baseline,0.824,0.7714372713879784,"{'bootstrap': True, 'ccp_alpha': 0.0, 'class_weight': None, 'criterion': 'gini', 'max_depth': None, 'max_features': 'sqrt', 'max_leaf_nodes': None, 'max_samples': None, 'min_impurity_decrease': 0.0, 'min_samples_leaf': 1, 'min_samples_split': 2, 'min_weight_fraction_leaf': 0.0, 'monotonic_cst': None, 'n_estimators': 100, 'n_jobs': None, 'oob_score': False, 'random_state': 42, 'verbose': 0, 'warm_start': False}",0.15885543823242188
Wine_spoilage,2,2,5,1,RandomForest,Tuned_Baseline,0.815,0.7642812988761486,"{'bootstrap': True, 'ccp_alpha': 0.0, 'class_weight': None, 'criterion': 'gini', 'max_depth': 20, 'max_features': 'sqrt', 'max_leaf_nodes': None, 'max_samples': None, 'min_impurity_decrease': 0.0, 'min_samples_leaf': 1, 'min_samples_split': 2, 'min_weight_fraction_leaf': 0.0, 'monotonic_cst': None, 'n_estimators': 50, 'n_jobs': None, 'oob_score': False, 'random_state': 42, 'verbose': 0, 'warm_start': False}",0.01184701919555664
Wine_spoilage,2,2,5,1,LinearSVC,Baseline,0.8523333333333334,0.8410064052783911,"{'C': 1.0, 'class_weight': None, 'dual': False, 'fit_intercept': True, 'intercept_scaling': 1, 'loss': 'squared_hinge', 'max_iter': 100, 'multi_class': 'ovr', 'penalty': 'l2', 'random_state': 42, 'tol': 0.0001, 'verbose': 0}",0.007025718688964844
Wine_spoilage,2,2,5,1,LinearSVC,Tuned_Baseline,0.8493333333333334,0.8372667292349515,"{'C': np.float64(100.0), 'class_weight': None, 'dual': True, 'fit_intercept': True, 'intercept_scaling': 1, 'loss': 'hinge', 'max_iter': 100, 'multi_class': 'ovr', 'penalty': 'l2', 'random_state': 42, 'tol': 0.0001, 'verbose': 0}",0.0004150867462158203
Wine_spoilage,2,2,5,1,LogisticRegression,Baseline,0.844,0.8325688395250812,"{'C': 1.0, 'class_weight': None, 'dual': False, 'fit_intercept': True, 'intercept_scaling': 1, 'l1_ratio': None, 'max_iter': 100, 'multi_class': 'deprecated', 'n_jobs': None, 'penalty': 'l2', 'random_state': 42, 'solver': 'lbfgs', 'tol': 0.0001, 'verbose': 0, 'warm_start': False}",0.10237407684326172
Wine_spoilage,2,2,5,1,LogisticRegression,Tuned_Baseline,0.8566666666666667,0.8349307878641405,"{'C': np.float64(100.0), 'class_weight': None, 'dual': False, 'fit_intercept': True, 'intercept_scaling': 1, 'l1_ratio': None, 'max_iter': 100, 'multi_class': 'deprecated', 'n_jobs': None, 'penalty': 'l2', 'random_state': 42, 'solver': 'lbfgs', 'tol': 0.0001, 'verbose': 0, 'warm_start': False}",0.0005359649658203125
Wine_spoilage,2,2,5,1,RNN,Baseline,0.9666666666666667,0.9657262277951932,"{'hidden_size': 64, 'epochs': 10, 'batch_size': 32, 'lr': 0.001}",0.7684876918792725
Wine_spoilage,2,2,5,1,RNN,Tuned_Baseline,0.9666666666666667,0.9657262277951932,"{'hidden_size': 64, 'epochs': 10, 'batch_size': 32, 'lr': 0.001}",0.025545358657836914
Wine_spoilage,2,2,5,2,KNN,Time_Warping,0.8603333333333333,0.842880962524837,"{'algorithm': 'auto', 'leaf_size': 30, 'metric': 'manhattan', 'metric_params': None, 'n_jobs': None, 'n_neighbors': np.int64(9), 'p': 2, 'weights': 'distance'}",0.09082531929016113
Wine_spoilage,2,2,5,2,RandomForest,Time_Warping,0.816,0.7680774077877395,"{'bootstrap': True, 'ccp_alpha': 0.0, 'class_weight': None, 'criterion': 'gini', 'max_depth': 20, 'max_features': 'sqrt', 'max_leaf_nodes': None, 'max_samples': None, 'min_impurity_decrease': 0.0, 'min_samples_leaf': 2, 'min_samples_split': 2, 'min_weight_fraction_leaf': 0.0, 'monotonic_cst': None, 'n_estimators': 50, 'n_jobs': None, 'oob_score': False, 'random_state': 42, 'verbose': 0, 'warm_start': False}",0.10140538215637207
Wine_spoilage,2,2,5,2,LinearSVC,Time_Warping,0.83,0.828191938007233,"{'C': np.float64(0.01), 'class_weight': None, 'dual': False, 'fit_intercept': True, 'intercept_scaling': 1, 'loss': 'squared_hinge', 'max_iter': 100, 'multi_class': 'ovr', 'penalty': 'l2', 'random_state': 42, 'tol': 0.0001, 'verbose': 0}",0.006991147994995117
Wine_spoilage,2,2,5,2,LogisticRegression,Time_Warping,0.8333333333333334,0.7929090386279625,"{'C': np.float64(100.0), 'class_weight': None, 'dual': False, 'fit_intercept': True, 'intercept_scaling': 1, 'l1_ratio': None, 'max_iter': 100, 'multi_class': 'deprecated', 'n_jobs': None, 'penalty': 'l2', 'random_state': 42, 'solver': 'lbfgs', 'tol': 0.0001, 'verbose': 0, 'warm_start': False}",0.021416664123535156
Wine_spoilage,2,2,5,2,RNN,Time_Warping,0.8,0.7212698412698413,"{'hidden_size': 64, 'epochs': 10, 'batch_size': 32, 'lr': 0.001}",1.1783726215362549
Wine_spoilage,2,2,5,3,KNN,Time_Warping,0.861,0.8439674963146545,"{'algorithm': 'auto', 'leaf_size': 30, 'metric': 'manhattan', 'metric_params': None, 'n_jobs': None, 'n_neighbors': np.int64(9), 'p': 2, 'weights': 'distance'}",0.05957531929016113
Wine_spoilage,2,2,5,3,RandomForest,Time_Warping,0.8143333333333334,0.7523708894243734,"{'bootstrap': True, 'ccp_alpha': 0.0, 'class_weight': None, 'criterion': 'gini', 'max_depth': 20, 'max_features': 'sqrt', 'max_leaf_nodes': None, 'max_samples': None, 'min_impurity_decrease': 0.0, 'min_samples_leaf': 2, 'min_samples_split': 2, 'min_weight_fraction_leaf': 0.0, 'monotonic_cst': None, 'n_estimators': 50, 'n_jobs': None, 'oob_score': False, 'random_state': 42, 'verbose': 0, 'warm_start': False}",0.13927006721496582
Wine_spoilage,2,2,5,3,LinearSVC,Time_Warping,0.8416666666666667,0.8245722108468206,"{'C': np.float64(1.0), 'class_weight': None, 'dual': False, 'fit_intercept': True, 'intercept_scaling': 1, 'loss': 'squared_hinge', 'max_iter': 100, 'multi_class': 'ovr', 'penalty': 'l2', 'random_state': 42, 'tol': 0.0001, 'verbose': 0}",0.007096290588378906
Wine_spoilage,2,2,5,3,LogisticRegression,Time_Warping,0.7656666666666667,0.7288743389578898,"{'C': np.float64(10.0), 'class_weight': None, 'dual': False, 'fit_intercept': True, 'intercept_scaling': 1, 'l1_ratio': None, 'max_iter': 100, 'multi_class': 'deprecated', 'n_jobs': None, 'penalty': None, 'random_state': 42, 'solver': 'lbfgs', 'tol': 0.0001, 'verbose': 0, 'warm_start': False}",0.028530120849609375
Wine_spoilage,2,2,5,3,RNN,Time_Warping,0.8,0.7362889983579639,"{'hidden_size': 64, 'epochs': 10, 'batch_size': 32, 'lr': 0.001}",0.6265623569488525
Wine_spoilage,2,2,5,5,KNN,Time_Warping,0.8726666666666667,0.8560195767342487,"{'algorithm': 'auto', 'leaf_size': 30, 'metric': 'euclidean', 'metric_params': None, 'n_jobs': None, 'n_neighbors': np.int64(3), 'p': 2, 'weights': 'uniform'}",0.12842416763305664
Wine_spoilage,2,2,5,5,RandomForest,Time_Warping,0.8083333333333333,0.7438210700673002,"{'bootstrap': True, 'ccp_alpha': 0.0, 'class_weight': None, 'criterion': 'gini', 'max_depth': 20, 'max_features': 'sqrt', 'max_leaf_nodes': None, 'max_samples': None, 'min_impurity_decrease': 0.0, 'min_samples_leaf': 2, 'min_samples_split': 2, 'min_weight_fraction_leaf': 0.0, 'monotonic_cst': None, 'n_estimators': 50, 'n_jobs': None, 'oob_score': False, 'random_state': 42, 'verbose': 0, 'warm_start': False}",0.21607041358947754
Wine_spoilage,2,2,5,5,LinearSVC,Time_Warping,0.838,0.8247408377128486,"{'C': np.float64(0.1), 'class_weight': None, 'dual': True, 'fit_intercept': True, 'intercept_scaling': 1, 'loss': 'squared_hinge', 'max_iter': 100, 'multi_class': 'ovr', 'penalty': 'l2', 'random_state': 42, 'tol': 0.0001, 'verbose': 0}",0.025082111358642578
Wine_spoilage,2,2,5,5,LogisticRegression,Time_Warping,0.8233333333333334,0.7775628128606157,"{'C': np.float64(100.0), 'class_weight': None, 'dual': False, 'fit_intercept': True, 'intercept_scaling': 1, 'l1_ratio': None, 'max_iter': 100, 'multi_class': 'deprecated', 'n_jobs': None, 'penalty': 'l2', 'random_state': 42, 'solver': 'lbfgs', 'tol': 0.0001, 'verbose': 0, 'warm_start': False}",0.05214667320251465
Wine_spoilage,2,2,5,5,RNN,Time_Warping,0.9333333333333333,0.9288888888888889,"{'hidden_size': 64, 'epochs': 10, 'batch_size': 32, 'lr': 0.001}",1.5350360870361328
Wine_spoilage,2,2,5,10,KNN,Time_Warping,0.8686666666666667,0.8517930973511945,"{'algorithm': 'auto', 'leaf_size': 30, 'metric': 'minkowski', 'metric_params': None, 'n_jobs': None, 'n_neighbors': 5, 'p': 2, 'weights': 'uniform'}",0.15565752983093262
Wine_spoilage,2,2,5,10,RandomForest,Time_Warping,0.8133333333333334,0.7511174818311571,"{'bootstrap': True, 'ccp_alpha': 0.0, 'class_weight': None, 'criterion': 'gini', 'max_depth': None, 'max_features': 'sqrt', 'max_leaf_nodes': None, 'max_samples': None, 'min_impurity_decrease': 0.0, 'min_samples_leaf': 1, 'min_samples_split': 2, 'min_weight_fraction_leaf': 0.0, 'monotonic_cst': None, 'n_estimators': 100, 'n_jobs': None, 'oob_score': False, 'random_state': 42, 'verbose': 0, 'warm_start': False}",0.5544044971466064
Wine_spoilage,2,2,5,10,LinearSVC,Time_Warping,0.8413333333333334,0.8181452557094102,"{'C': 1.0, 'class_weight': None, 'dual': False, 'fit_intercept': True, 'intercept_scaling': 1, 'loss': 'squared_hinge', 'max_iter': 100, 'multi_class': 'ovr', 'penalty': 'l2', 'random_state': 42, 'tol': 0.0001, 'verbose': 0}",0.017630338668823242
Wine_spoilage,2,2,5,10,LogisticRegression,Time_Warping,0.8326666666666667,0.801256487291234,"{'C': 1.0, 'class_weight': None, 'dual': False, 'fit_intercept': True, 'intercept_scaling': 1, 'l1_ratio': None, 'max_iter': 100, 'multi_class': 'deprecated', 'n_jobs': None, 'penalty': 'l2', 'random_state': 42, 'solver': 'lbfgs', 'tol': 0.0001, 'verbose': 0, 'warm_start': False}",0.05354166030883789
Wine_spoilage,2,2,5,10,RNN,Time_Warping,0.8666666666666667,0.8564814814814814,"{'hidden_size': 64, 'epochs': 10, 'batch_size': 32, 'lr': 0.001}",2.0021727085113525
Wine_spoilage,2,2,6,1,KNN,Baseline,0.9556666666666667,0.9550034894570625,"{'algorithm': 'auto', 'leaf_size': 30, 'metric': 'minkowski', 'metric_params': None, 'n_jobs': None, 'n_neighbors': 5, 'p': 2, 'weights': 'uniform'}",0.14867138862609863
Wine_spoilage,2,2,6,1,KNN,Tuned_Baseline,0.9613333333333334,0.9608751658910536,"{'algorithm': 'auto', 'leaf_size': 30, 'metric': 'euclidean', 'metric_params': None, 'n_jobs': None, 'n_neighbors': np.int64(3), 'p': 2, 'weights': 'uniform'}",0.10171318054199219
Wine_spoilage,2,2,6,1,RandomForest,Baseline,0.8986666666666666,0.8990152362293198,"{'bootstrap': True, 'ccp_alpha': 0.0, 'class_weight': None, 'criterion': 'gini', 'max_depth': None, 'max_features': 'sqrt', 'max_leaf_nodes': None, 'max_samples': None, 'min_impurity_decrease': 0.0, 'min_samples_leaf': 1, 'min_samples_split': 2, 'min_weight_fraction_leaf': 0.0, 'monotonic_cst': None, 'n_estimators': 100, 'n_jobs': None, 'oob_score': False, 'random_state': 42, 'verbose': 0, 'warm_start': False}",0.16359543800354004
Wine_spoilage,2,2,6,1,RandomForest,Tuned_Baseline,0.8986666666666666,0.8990152362293198,"{'bootstrap': True, 'ccp_alpha': 0.0, 'class_weight': None, 'criterion': 'gini', 'max_depth': None, 'max_features': 'sqrt', 'max_leaf_nodes': None, 'max_samples': None, 'min_impurity_decrease': 0.0, 'min_samples_leaf': 1, 'min_samples_split': 2, 'min_weight_fraction_leaf': 0.0, 'monotonic_cst': None, 'n_estimators': 100, 'n_jobs': None, 'oob_score': False, 'random_state': 42, 'verbose': 0, 'warm_start': False}",0.016187667846679688
Wine_spoilage,2,2,6,1,LinearSVC,Baseline,0.8056666666666666,0.8138341212940016,"{'C': 1.0, 'class_weight': None, 'dual': False, 'fit_intercept': True, 'intercept_scaling': 1, 'loss': 'squared_hinge', 'max_iter': 100, 'multi_class': 'ovr', 'penalty': 'l2', 'random_state': 42, 'tol': 0.0001, 'verbose': 0}",0.0049817562103271484
Wine_spoilage,2,2,6,1,LinearSVC,Tuned_Baseline,0.807,0.8152002230817045,"{'C': np.float64(10.0), 'class_weight': None, 'dual': True, 'fit_intercept': True, 'intercept_scaling': 1, 'loss': 'hinge', 'max_iter': 100, 'multi_class': 'ovr', 'penalty': 'l2', 'random_state': 42, 'tol': 0.0001, 'verbose': 0}",0.00044274330139160156
Wine_spoilage,2,2,6,1,LogisticRegression,Baseline,0.8036666666666666,0.8120050041705569,"{'C': 1.0, 'class_weight': None, 'dual': False, 'fit_intercept': True, 'intercept_scaling': 1, 'l1_ratio': None, 'max_iter': 100, 'multi_class': 'deprecated', 'n_jobs': None, 'penalty': 'l2', 'random_state': 42, 'solver': 'lbfgs', 'tol': 0.0001, 'verbose': 0, 'warm_start': False}",0.010549068450927734
Wine_spoilage,2,2,6,1,LogisticRegression,Tuned_Baseline,0.7996666666666666,0.8083958926940243,"{'C': np.float64(10.0), 'class_weight': None, 'dual': False, 'fit_intercept': True, 'intercept_scaling': 1, 'l1_ratio': None, 'max_iter': 100, 'multi_class': 'deprecated', 'n_jobs': None, 'penalty': None, 'random_state': 42, 'solver': 'lbfgs', 'tol': 0.0001, 'verbose': 0, 'warm_start': False}",0.00046706199645996094
Wine_spoilage,2,2,6,1,RNN,Baseline,0.5333333333333333,0.519577677224736,"{'hidden_size': 64, 'epochs': 10, 'batch_size': 32, 'lr': 0.001}",0.5554139614105225
Wine_spoilage,2,2,6,1,RNN,Tuned_Baseline,0.5333333333333333,0.519577677224736,"{'hidden_size': 64, 'epochs': 10, 'batch_size': 32, 'lr': 0.001}",0.02710413932800293
Wine_spoilage,2,2,6,2,KNN,Time_Warping,0.9543333333333334,0.9542339469600979,"{'algorithm': 'auto', 'leaf_size': 30, 'metric': 'manhattan', 'metric_params': None, 'n_jobs': None, 'n_neighbors': np.int64(6), 'p': 2, 'weights': 'uniform'}",0.13614845275878906
Wine_spoilage,2,2,6,2,RandomForest,Time_Warping,0.8796666666666667,0.8774592690208054,"{'bootstrap': True, 'ccp_alpha': 0.0, 'class_weight': None, 'criterion': 'gini', 'max_depth': None, 'max_features': 'sqrt', 'max_leaf_nodes': None, 'max_samples': None, 'min_impurity_decrease': 0.0, 'min_samples_leaf': 1, 'min_samples_split': 5, 'min_weight_fraction_leaf': 0.0, 'monotonic_cst': None, 'n_estimators': 100, 'n_jobs': None, 'oob_score': False, 'random_state': 42, 'verbose': 0, 'warm_start': False}",0.22607088088989258
Wine_spoilage,2,2,6,2,LinearSVC,Time_Warping,0.6403333333333333,0.6129451892865004,"{'C': np.float64(100.0), 'class_weight': None, 'dual': True, 'fit_intercept': True, 'intercept_scaling': 1, 'loss': 'hinge', 'max_iter': 100, 'multi_class': 'ovr', 'penalty': 'l2', 'random_state': 42, 'tol': 0.0001, 'verbose': 0}",0.015112876892089844
Wine_spoilage,2,2,6,2,LogisticRegression,Time_Warping,0.7896666666666666,0.7980180459052272,"{'C': np.float64(100.0), 'class_weight': None, 'dual': False, 'fit_intercept': True, 'intercept_scaling': 1, 'l1_ratio': None, 'max_iter': 100, 'multi_class': 'deprecated', 'n_jobs': None, 'penalty': 'l2', 'random_state': 42, 'solver': 'lbfgs', 'tol': 0.0001, 'verbose': 0, 'warm_start': False}",0.03417658805847168
Wine_spoilage,2,2,6,2,RNN,Time_Warping,0.7,0.7148148148148149,"{'hidden_size': 64, 'epochs': 10, 'batch_size': 32, 'lr': 0.001}",0.5954732894897461
Wine_spoilage,2,2,6,3,KNN,Time_Warping,0.9486666666666667,0.9487867926577603,"{'algorithm': 'auto', 'leaf_size': 30, 'metric': 'manhattan', 'metric_params': None, 'n_jobs': None, 'n_neighbors': np.int64(6), 'p': 2, 'weights': 'uniform'}",0.13690733909606934
Wine_spoilage,2,2,6,3,RandomForest,Time_Warping,0.8683333333333333,0.8722315646720096,"{'bootstrap': True, 'ccp_alpha': 0.0, 'class_weight': None, 'criterion': 'gini', 'max_depth': 20, 'max_features': 'sqrt', 'max_leaf_nodes': None, 'max_samples': None, 'min_impurity_decrease': 0.0, 'min_samples_leaf': 2, 'min_samples_split': 2, 'min_weight_fraction_leaf': 0.0, 'monotonic_cst': None, 'n_estimators': 50, 'n_jobs': None, 'oob_score': False, 'random_state': 42, 'verbose': 0, 'warm_start': False}",0.14253544807434082
Wine_spoilage,2,2,6,3,LinearSVC,Time_Warping,0.834,0.8389729799290884,"{'C': np.float64(100.0), 'class_weight': None, 'dual': False, 'fit_intercept': True, 'intercept_scaling': 1, 'loss': 'squared_hinge', 'max_iter': 100, 'multi_class': 'ovr', 'penalty': 'l1', 'random_state': 42, 'tol': 0.0001, 'verbose': 0}",0.020234107971191406
Wine_spoilage,2,2,6,3,LogisticRegression,Time_Warping,0.824,0.8268492167799844,"{'C': np.float64(100.0), 'class_weight': None, 'dual': False, 'fit_intercept': True, 'intercept_scaling': 1, 'l1_ratio': None, 'max_iter': 100, 'multi_class': 'deprecated', 'n_jobs': None, 'penalty': 'l2', 'random_state': 42, 'solver': 'lbfgs', 'tol': 0.0001, 'verbose': 0, 'warm_start': False}",0.025970458984375
Wine_spoilage,2,2,6,3,RNN,Time_Warping,0.4666666666666667,0.3773809523809524,"{'hidden_size': 64, 'epochs': 10, 'batch_size': 32, 'lr': 0.001}",0.6255147457122803
Wine_spoilage,2,2,6,5,KNN,Time_Warping,0.9376666666666666,0.937597793434086,"{'algorithm': 'auto', 'leaf_size': 30, 'metric': 'manhattan', 'metric_params': None, 'n_jobs': None, 'n_neighbors': np.int64(9), 'p': 2, 'weights': 'distance'}",0.0838768482208252
Wine_spoilage,2,2,6,5,RandomForest,Time_Warping,0.8656666666666667,0.8668875831077391,"{'bootstrap': True, 'ccp_alpha': 0.0, 'class_weight': None, 'criterion': 'gini', 'max_depth': 20, 'max_features': 'sqrt', 'max_leaf_nodes': None, 'max_samples': None, 'min_impurity_decrease': 0.0, 'min_samples_leaf': 2, 'min_samples_split': 5, 'min_weight_fraction_leaf': 0.0, 'monotonic_cst': None, 'n_estimators': 100, 'n_jobs': None, 'oob_score': False, 'random_state': 42, 'verbose': 0, 'warm_start': False}",0.4394829273223877
Wine_spoilage,2,2,6,5,LinearSVC,Time_Warping,0.8163333333333334,0.8233448894094733,"{'C': np.float64(100.0), 'class_weight': None, 'dual': False, 'fit_intercept': True, 'intercept_scaling': 1, 'loss': 'squared_hinge', 'max_iter': 100, 'multi_class': 'ovr', 'penalty': 'l1', 'random_state': 42, 'tol': 0.0001, 'verbose': 0}",0.029321670532226562
Wine_spoilage,2,2,6,5,LogisticRegression,Time_Warping,0.8036666666666666,0.810868019060312,"{'C': np.float64(100.0), 'class_weight': None, 'dual': False, 'fit_intercept': True, 'intercept_scaling': 1, 'l1_ratio': None, 'max_iter': 100, 'multi_class': 'deprecated', 'n_jobs': None, 'penalty': None, 'random_state': 42, 'solver': 'lbfgs', 'tol': 0.0001, 'verbose': 0, 'warm_start': False}",0.17427897453308105
Wine_spoilage,2,2,6,5,RNN,Time_Warping,0.7,0.6670843776106934,"{'hidden_size': 64, 'epochs': 10, 'batch_size': 32, 'lr': 0.001}",1.8045837879180908
Wine_spoilage,2,2,6,10,KNN,Time_Warping,0.9416666666666667,0.9413730725692538,"{'algorithm': 'auto', 'leaf_size': 30, 'metric': 'minkowski', 'metric_params': None, 'n_jobs': None, 'n_neighbors': 5, 'p': 2, 'weights': 'uniform'}",0.23380112648010254
Wine_spoilage,2,2,6,10,RandomForest,Time_Warping,0.882,0.8850909270329763,"{'bootstrap': True, 'ccp_alpha': 0.0, 'class_weight': None, 'criterion': 'gini', 'max_depth': None, 'max_features': 'sqrt', 'max_leaf_nodes': None, 'max_samples': None, 'min_impurity_decrease': 0.0, 'min_samples_leaf': 1, 'min_samples_split': 2, 'min_weight_fraction_leaf': 0.0, 'monotonic_cst': None, 'n_estimators': 100, 'n_jobs': None, 'oob_score': False, 'random_state': 42, 'verbose': 0, 'warm_start': False}",0.9809844493865967
Wine_spoilage,2,2,6,10,LinearSVC,Time_Warping,0.8123333333333334,0.8196082116686245,"{'C': 1.0, 'class_weight': None, 'dual': False, 'fit_intercept': True, 'intercept_scaling': 1, 'loss': 'squared_hinge', 'max_iter': 100, 'multi_class': 'ovr', 'penalty': 'l2', 'random_state': 42, 'tol': 0.0001, 'verbose': 0}",0.023684978485107422
Wine_spoilage,2,2,6,10,LogisticRegression,Time_Warping,0.8183333333333334,0.825199468043259,"{'C': 1.0, 'class_weight': None, 'dual': False, 'fit_intercept': True, 'intercept_scaling': 1, 'l1_ratio': None, 'max_iter': 100, 'multi_class': 'deprecated', 'n_jobs': None, 'penalty': 'l2', 'random_state': 42, 'solver': 'lbfgs', 'tol': 0.0001, 'verbose': 0, 'warm_start': False}",0.2649977207183838
Wine_spoilage,2,2,6,10,RNN,Time_Warping,0.8666666666666667,0.845446507515473,"{'hidden_size': 64, 'epochs': 10, 'batch_size': 32, 'lr': 0.001}",3.0248637199401855
Wine_spoilage,2,2,7,1,KNN,Baseline,0.8853333333333333,0.8857103332202487,"{'algorithm': 'auto', 'leaf_size': 30, 'metric': 'minkowski', 'metric_params': None, 'n_jobs': None, 'n_neighbors': 5, 'p': 2, 'weights': 'uniform'}",0.10595250129699707
Wine_spoilage,2,2,7,1,KNN,Tuned_Baseline,0.885,0.8853255486641535,"{'algorithm': 'auto', 'leaf_size': 30, 'metric': 'minkowski', 'metric_params': None, 'n_jobs': None, 'n_neighbors': np.int64(8), 'p': 2, 'weights': 'distance'}",0.01765155792236328
Wine_spoilage,2,2,7,1,RandomForest,Baseline,0.869,0.8687148989439306,"{'bootstrap': True, 'ccp_alpha': 0.0, 'class_weight': None, 'criterion': 'gini', 'max_depth': None, 'max_features': 'sqrt', 'max_leaf_nodes': None, 'max_samples': None, 'min_impurity_decrease': 0.0, 'min_samples_leaf': 1, 'min_samples_split': 2, 'min_weight_fraction_leaf': 0.0, 'monotonic_cst': None, 'n_estimators': 100, 'n_jobs': None, 'oob_score': False, 'random_state': 42, 'verbose': 0, 'warm_start': False}",0.15319347381591797
Wine_spoilage,2,2,7,1,RandomForest,Tuned_Baseline,0.869,0.8687148989439306,"{'bootstrap': True, 'ccp_alpha': 0.0, 'class_weight': None, 'criterion': 'gini', 'max_depth': 20, 'max_features': 'sqrt', 'max_leaf_nodes': None, 'max_samples': None, 'min_impurity_decrease': 0.0, 'min_samples_leaf': 1, 'min_samples_split': 2, 'min_weight_fraction_leaf': 0.0, 'monotonic_cst': None, 'n_estimators': 100, 'n_jobs': None, 'oob_score': False, 'random_state': 42, 'verbose': 0, 'warm_start': False}",0.012484073638916016
Wine_spoilage,2,2,7,1,LinearSVC,Baseline,0.86,0.8619068768968835,"{'C': 1.0, 'class_weight': None, 'dual': False, 'fit_intercept': True, 'intercept_scaling': 1, 'loss': 'squared_hinge', 'max_iter': 100, 'multi_class': 'ovr', 'penalty': 'l2', 'random_state': 42, 'tol': 0.0001, 'verbose': 0}",0.004290103912353516
Wine_spoilage,2,2,7,1,LinearSVC,Tuned_Baseline,0.854,0.8550521732602657,"{'C': np.float64(0.1), 'class_weight': None, 'dual': True, 'fit_intercept': True, 'intercept_scaling': 1, 'loss': 'squared_hinge', 'max_iter': 100, 'multi_class': 'ovr', 'penalty': 'l2', 'random_state': 42, 'tol': 0.0001, 'verbose': 0}",0.00043582916259765625
Wine_spoilage,2,2,7,1,LogisticRegression,Baseline,0.8643333333333333,0.8655103556717441,"{'C': 1.0, 'class_weight': None, 'dual': False, 'fit_intercept': True, 'intercept_scaling': 1, 'l1_ratio': None, 'max_iter': 100, 'multi_class': 'deprecated', 'n_jobs': None, 'penalty': 'l2', 'random_state': 42, 'solver': 'lbfgs', 'tol': 0.0001, 'verbose': 0, 'warm_start': False}",0.09370279312133789
Wine_spoilage,2,2,7,1,LogisticRegression,Tuned_Baseline,0.8573333333333333,0.8582392875552484,"{'C': np.float64(10.0), 'class_weight': None, 'dual': False, 'fit_intercept': True, 'intercept_scaling': 1, 'l1_ratio': None, 'max_iter': 100, 'multi_class': 'deprecated', 'n_jobs': None, 'penalty': None, 'random_state': 42, 'solver': 'lbfgs', 'tol': 0.0001, 'verbose': 0, 'warm_start': False}",0.00045871734619140625
Wine_spoilage,2,2,7,1,RNN,Baseline,0.8666666666666667,0.8388888888888888,"{'hidden_size': 64, 'epochs': 10, 'batch_size': 32, 'lr': 0.001}",0.6089653968811035
Wine_spoilage,2,2,7,1,RNN,Tuned_Baseline,0.8666666666666667,0.8388888888888888,"{'hidden_size': 64, 'epochs': 10, 'batch_size': 32, 'lr': 0.001}",0.009630203247070312
Wine_spoilage,2,2,7,2,KNN,Time_Warping,0.883,0.8832078252878326,"{'algorithm': 'auto', 'leaf_size': 30, 'metric': 'manhattan', 'metric_params': None, 'n_jobs': None, 'n_neighbors': np.int64(9), 'p': 2, 'weights': 'distance'}",0.044847965240478516
Wine_spoilage,2,2,7,2,RandomForest,Time_Warping,0.8653333333333333,0.8638862656014702,"{'bootstrap': True, 'ccp_alpha': 0.0, 'class_weight': None, 'criterion': 'gini', 'max_depth': 20, 'max_features': 'sqrt', 'max_leaf_nodes': None, 'max_samples': None, 'min_impurity_decrease': 0.0, 'min_samples_leaf': 1, 'min_samples_split': 2, 'min_weight_fraction_leaf': 0.0, 'monotonic_cst': None, 'n_estimators': 100, 'n_jobs': None, 'oob_score': False, 'random_state': 42, 'verbose': 0, 'warm_start': False}",0.2626807689666748
Wine_spoilage,2,2,7,2,LinearSVC,Time_Warping,0.8646666666666667,0.8644053104903218,"{'C': np.float64(100.0), 'class_weight': None, 'dual': True, 'fit_intercept': True, 'intercept_scaling': 1, 'loss': 'hinge', 'max_iter': 100, 'multi_class': 'ovr', 'penalty': 'l2', 'random_state': 42, 'tol': 0.0001, 'verbose': 0}",0.010504722595214844
Wine_spoilage,2,2,7,2,LogisticRegression,Time_Warping,0.8783333333333333,0.877514082177372,"{'C': np.float64(100.0), 'class_weight': None, 'dual': False, 'fit_intercept': True, 'intercept_scaling': 1, 'l1_ratio': None, 'max_iter': 100, 'multi_class': 'deprecated', 'n_jobs': None, 'penalty': 'l2', 'random_state': 42, 'solver': 'lbfgs', 'tol': 0.0001, 'verbose': 0, 'warm_start': False}",0.03769946098327637
Wine_spoilage,2,2,7,2,RNN,Time_Warping,0.7333333333333333,0.744,"{'hidden_size': 64, 'epochs': 10, 'batch_size': 32, 'lr': 0.001}",0.6670925617218018
Wine_spoilage,2,2,7,3,KNN,Time_Warping,0.883,0.8838668060777015,"{'algorithm': 'auto', 'leaf_size': 30, 'metric': 'manhattan', 'metric_params': None, 'n_jobs': None, 'n_neighbors': np.int64(7), 'p': 2, 'weights': 'uniform'}",0.13295602798461914
Wine_spoilage,2,2,7,3,RandomForest,Time_Warping,0.8483333333333334,0.8454397265673647,"{'bootstrap': True, 'ccp_alpha': 0.0, 'class_weight': None, 'criterion': 'gini', 'max_depth': 20, 'max_features': 'sqrt', 'max_leaf_nodes': None, 'max_samples': None, 'min_impurity_decrease': 0.0, 'min_samples_leaf': 2, 'min_samples_split': 2, 'min_weight_fraction_leaf': 0.0, 'monotonic_cst': None, 'n_estimators': 50, 'n_jobs': None, 'oob_score': False, 'random_state': 42, 'verbose': 0, 'warm_start': False}",0.17675113677978516
Wine_spoilage,2,2,7,3,LinearSVC,Time_Warping,0.848,0.8436111519095554,"{'C': np.float64(100.0), 'class_weight': None, 'dual': False, 'fit_intercept': True, 'intercept_scaling': 1, 'loss': 'squared_hinge', 'max_iter': 100, 'multi_class': 'ovr', 'penalty': 'l1', 'random_state': 42, 'tol': 0.0001, 'verbose': 0}",0.028302431106567383
Wine_spoilage,2,2,7,3,LogisticRegression,Time_Warping,0.863,0.8611073065535262,"{'C': np.float64(100.0), 'class_weight': None, 'dual': False, 'fit_intercept': True, 'intercept_scaling': 1, 'l1_ratio': None, 'max_iter': 100, 'multi_class': 'deprecated', 'n_jobs': None, 'penalty': 'l2', 'random_state': 42, 'solver': 'lbfgs', 'tol': 0.0001, 'verbose': 0, 'warm_start': False}",0.04563760757446289
Wine_spoilage,2,2,7,3,RNN,Time_Warping,0.6666666666666666,0.6805555555555556,"{'hidden_size': 64, 'epochs': 10, 'batch_size': 32, 'lr': 0.001}",0.655193567276001
Wine_spoilage,2,2,7,5,KNN,Time_Warping,0.874,0.8759010158120194,"{'algorithm': 'auto', 'leaf_size': 30, 'metric': 'manhattan', 'metric_params': None, 'n_jobs': None, 'n_neighbors': np.int64(6), 'p': 2, 'weights': 'uniform'}",0.15445709228515625
Wine_spoilage,2,2,7,5,RandomForest,Time_Warping,0.8573333333333333,0.8509874343710723,"{'bootstrap': True, 'ccp_alpha': 0.0, 'class_weight': None, 'criterion': 'gini', 'max_depth': 20, 'max_features': 'sqrt', 'max_leaf_nodes': None, 'max_samples': None, 'min_impurity_decrease': 0.0, 'min_samples_leaf': 2, 'min_samples_split': 5, 'min_weight_fraction_leaf': 0.0, 'monotonic_cst': None, 'n_estimators': 100, 'n_jobs': None, 'oob_score': False, 'random_state': 42, 'verbose': 0, 'warm_start': False}",0.47605180740356445
Wine_spoilage,2,2,7,5,LinearSVC,Time_Warping,0.8606666666666667,0.8577787351996138,"{'C': np.float64(100.0), 'class_weight': None, 'dual': True, 'fit_intercept': True, 'intercept_scaling': 1, 'loss': 'hinge', 'max_iter': 100, 'multi_class': 'ovr', 'penalty': 'l2', 'random_state': 42, 'tol': 0.0001, 'verbose': 0}",0.03072333335876465
Wine_spoilage,2,2,7,5,LogisticRegression,Time_Warping,0.8683333333333333,0.8688508004294572,"{'C': np.float64(10.0), 'class_weight': None, 'dual': False, 'fit_intercept': True, 'intercept_scaling': 1, 'l1_ratio': None, 'max_iter': 100, 'multi_class': 'deprecated', 'n_jobs': None, 'penalty': 'l2', 'random_state': 42, 'solver': 'lbfgs', 'tol': 0.0001, 'verbose': 0, 'warm_start': False}",0.05329728126525879
Wine_spoilage,2,2,7,5,RNN,Time_Warping,0.8333333333333334,0.8142857142857144,"{'hidden_size': 64, 'epochs': 10, 'batch_size': 32, 'lr': 0.001}",1.1834533214569092
Wine_spoilage,2,2,7,10,KNN,Time_Warping,0.895,0.89499996624013,"{'algorithm': 'auto', 'leaf_size': 30, 'metric': 'minkowski', 'metric_params': None, 'n_jobs': None, 'n_neighbors': 5, 'p': 2, 'weights': 'uniform'}",0.2462940216064453
Wine_spoilage,2,2,7,10,RandomForest,Time_Warping,0.8403333333333334,0.8350212497990951,"{'bootstrap': True, 'ccp_alpha': 0.0, 'class_weight': None, 'criterion': 'gini', 'max_depth': None, 'max_features': 'sqrt', 'max_leaf_nodes': None, 'max_samples': None, 'min_impurity_decrease': 0.0, 'min_samples_leaf': 1, 'min_samples_split': 2, 'min_weight_fraction_leaf': 0.0, 'monotonic_cst': None, 'n_estimators': 100, 'n_jobs': None, 'oob_score': False, 'random_state': 42, 'verbose': 0, 'warm_start': False}",0.9044849872589111
Wine_spoilage,2,2,7,10,LinearSVC,Time_Warping,0.8536666666666667,0.8523718186474504,"{'C': 1.0, 'class_weight': None, 'dual': False, 'fit_intercept': True, 'intercept_scaling': 1, 'loss': 'squared_hinge', 'max_iter': 100, 'multi_class': 'ovr', 'penalty': 'l2', 'random_state': 42, 'tol': 0.0001, 'verbose': 0}",0.02896738052368164
Wine_spoilage,2,2,7,10,LogisticRegression,Time_Warping,0.8593333333333333,0.8576665517760745,"{'C': 1.0, 'class_weight': None, 'dual': False, 'fit_intercept': True, 'intercept_scaling': 1, 'l1_ratio': None, 'max_iter': 100, 'multi_class': 'deprecated', 'n_jobs': None, 'penalty': 'l2', 'random_state': 42, 'solver': 'lbfgs', 'tol': 0.0001, 'verbose': 0, 'warm_start': False}",0.23135924339294434
Wine_spoilage,2,2,7,10,RNN,Time_Warping,0.8,0.7892857142857144,"{'hidden_size': 64, 'epochs': 10, 'batch_size': 32, 'lr': 0.001}",2.0855495929718018
Wine_spoilage,2,2,8,1,KNN,Baseline,0.9146666666666666,0.9170179291287917,"{'algorithm': 'auto', 'leaf_size': 30, 'metric': 'minkowski', 'metric_params': None, 'n_jobs': None, 'n_neighbors': 5, 'p': 2, 'weights': 'uniform'}",0.11461281776428223
Wine_spoilage,2,2,8,1,KNN,Tuned_Baseline,0.883,0.8851740744886237,"{'algorithm': 'auto', 'leaf_size': 30, 'metric': 'manhattan', 'metric_params': None, 'n_jobs': None, 'n_neighbors': np.int64(19), 'p': 2, 'weights': 'distance'}",0.031917572021484375
Wine_spoilage,2,2,8,1,RandomForest,Baseline,0.804,0.8122261778317428,"{'bootstrap': True, 'ccp_alpha': 0.0, 'class_weight': None, 'criterion': 'gini', 'max_depth': None, 'max_features': 'sqrt', 'max_leaf_nodes': None, 'max_samples': None, 'min_impurity_decrease': 0.0, 'min_samples_leaf': 1, 'min_samples_split': 2, 'min_weight_fraction_leaf': 0.0, 'monotonic_cst': None, 'n_estimators': 100, 'n_jobs': None, 'oob_score': False, 'random_state': 42, 'verbose': 0, 'warm_start': False}",0.6106655597686768
Wine_spoilage,2,2,8,1,RandomForest,Tuned_Baseline,0.8036666666666666,0.8125805453483879,"{'bootstrap': True, 'ccp_alpha': 0.0, 'class_weight': None, 'criterion': 'gini', 'max_depth': 20, 'max_features': 'sqrt', 'max_leaf_nodes': None, 'max_samples': None, 'min_impurity_decrease': 0.0, 'min_samples_leaf': 1, 'min_samples_split': 2, 'min_weight_fraction_leaf': 0.0, 'monotonic_cst': None, 'n_estimators': 50, 'n_jobs': None, 'oob_score': False, 'random_state': 42, 'verbose': 0, 'warm_start': False}",0.007065773010253906
Wine_spoilage,2,2,8,1,LinearSVC,Baseline,0.8523333333333334,0.8566729058107482,"{'C': 1.0, 'class_weight': None, 'dual': False, 'fit_intercept': True, 'intercept_scaling': 1, 'loss': 'squared_hinge', 'max_iter': 100, 'multi_class': 'ovr', 'penalty': 'l2', 'random_state': 42, 'tol': 0.0001, 'verbose': 0}",0.004398345947265625
Wine_spoilage,2,2,8,1,LinearSVC,Tuned_Baseline,0.86,0.8615951730333472,"{'C': np.float64(0.1), 'class_weight': None, 'dual': True, 'fit_intercept': True, 'intercept_scaling': 1, 'loss': 'squared_hinge', 'max_iter': 100, 'multi_class': 'ovr', 'penalty': 'l2', 'random_state': 42, 'tol': 0.0001, 'verbose': 0}",0.00046825408935546875
Wine_spoilage,2,2,8,1,LogisticRegression,Baseline,0.8253333333333334,0.8318915448233668,"{'C': 1.0, 'class_weight': None, 'dual': False, 'fit_intercept': True, 'intercept_scaling': 1, 'l1_ratio': None, 'max_iter': 100, 'multi_class': 'deprecated', 'n_jobs': None, 'penalty': 'l2', 'random_state': 42, 'solver': 'lbfgs', 'tol': 0.0001, 'verbose': 0, 'warm_start': False}",0.037780046463012695
Wine_spoilage,2,2,8,1,LogisticRegression,Tuned_Baseline,0.6783333333333333,0.6990292616389282,"{'C': np.float64(10.0), 'class_weight': None, 'dual': False, 'fit_intercept': True, 'intercept_scaling': 1, 'l1_ratio': None, 'max_iter': 100, 'multi_class': 'deprecated', 'n_jobs': None, 'penalty': None, 'random_state': 42, 'solver': 'lbfgs', 'tol': 0.0001, 'verbose': 0, 'warm_start': False}",0.0005283355712890625
Wine_spoilage,2,2,8,1,RNN,Baseline,0.9,0.8948717948717949,"{'hidden_size': 64, 'epochs': 10, 'batch_size': 32, 'lr': 0.001}",0.5910193920135498
Wine_spoilage,2,2,8,1,RNN,Tuned_Baseline,0.9,0.8948717948717949,"{'hidden_size': 64, 'epochs': 10, 'batch_size': 32, 'lr': 0.001}",0.0076787471771240234
Wine_spoilage,2,2,8,2,KNN,Time_Warping,0.8963333333333333,0.8996757973778755,"{'algorithm': 'auto', 'leaf_size': 30, 'metric': 'manhattan', 'metric_params': None, 'n_jobs': None, 'n_neighbors': np.int64(9), 'p': 2, 'weights': 'distance'}",0.1951737403869629
Wine_spoilage,2,2,8,2,RandomForest,Time_Warping,0.802,0.810453298965287,"{'bootstrap': True, 'ccp_alpha': 0.0, 'class_weight': None, 'criterion': 'gini', 'max_depth': None, 'max_features': 'sqrt', 'max_leaf_nodes': None, 'max_samples': None, 'min_impurity_decrease': 0.0, 'min_samples_leaf': 2, 'min_samples_split': 5, 'min_weight_fraction_leaf': 0.0, 'monotonic_cst': None, 'n_estimators': 100, 'n_jobs': None, 'oob_score': False, 'random_state': 42, 'verbose': 0, 'warm_start': False}",0.2540607452392578
Wine_spoilage,2,2,8,2,LinearSVC,Time_Warping,0.8386666666666667,0.8437458978955004,"{'C': np.float64(100.0), 'class_weight': None, 'dual': False, 'fit_intercept': True, 'intercept_scaling': 1, 'loss': 'squared_hinge', 'max_iter': 100, 'multi_class': 'ovr', 'penalty': 'l1', 'random_state': 42, 'tol': 0.0001, 'verbose': 0}",0.010782003402709961
Wine_spoilage,2,2,8,2,LogisticRegression,Time_Warping,0.7043333333333334,0.7123983978886128,"{'C': np.float64(100.0), 'class_weight': None, 'dual': False, 'fit_intercept': True, 'intercept_scaling': 1, 'l1_ratio': None, 'max_iter': 100, 'multi_class': 'deprecated', 'n_jobs': None, 'penalty': 'l2', 'random_state': 42, 'solver': 'lbfgs', 'tol': 0.0001, 'verbose': 0, 'warm_start': False}",0.043224334716796875
Wine_spoilage,2,2,8,2,RNN,Time_Warping,0.4666666666666667,0.3907692307692308,"{'hidden_size': 64, 'epochs': 10, 'batch_size': 32, 'lr': 0.001}",0.6218283176422119
Wine_spoilage,2,2,8,3,KNN,Time_Warping,0.9143333333333333,0.9162622555081916,"{'algorithm': 'auto', 'leaf_size': 30, 'metric': 'manhattan', 'metric_params': None, 'n_jobs': None, 'n_neighbors': np.int64(9), 'p': 2, 'weights': 'distance'}",0.20215487480163574
Wine_spoilage,2,2,8,3,RandomForest,Time_Warping,0.801,0.8095803234847845,"{'bootstrap': True, 'ccp_alpha': 0.0, 'class_weight': None, 'criterion': 'gini', 'max_depth': 20, 'max_features': 'sqrt', 'max_leaf_nodes': None, 'max_samples': None, 'min_impurity_decrease': 0.0, 'min_samples_leaf': 2, 'min_samples_split': 2, 'min_weight_fraction_leaf': 0.0, 'monotonic_cst': None, 'n_estimators': 50, 'n_jobs': None, 'oob_score': False, 'random_state': 42, 'verbose': 0, 'warm_start': False}",0.17023944854736328
Wine_spoilage,2,2,8,3,LinearSVC,Time_Warping,0.8173333333333334,0.8246292352863089,"{'C': np.float64(1.0), 'class_weight': None, 'dual': False, 'fit_intercept': True, 'intercept_scaling': 1, 'loss': 'squared_hinge', 'max_iter': 100, 'multi_class': 'ovr', 'penalty': 'l2', 'random_state': 42, 'tol': 0.0001, 'verbose': 0}",0.010104894638061523
Wine_spoilage,2,2,8,3,LogisticRegression,Time_Warping,0.6503333333333333,0.6704408424307592,"{'C': np.float64(10.0), 'class_weight': None, 'dual': False, 'fit_intercept': True, 'intercept_scaling': 1, 'l1_ratio': None, 'max_iter': 100, 'multi_class': 'deprecated', 'n_jobs': None, 'penalty': None, 'random_state': 42, 'solver': 'lbfgs', 'tol': 0.0001, 'verbose': 0, 'warm_start': False}",0.0234982967376709
Wine_spoilage,2,2,8,3,RNN,Time_Warping,0.9666666666666667,0.9660968660968661,"{'hidden_size': 64, 'epochs': 10, 'batch_size': 32, 'lr': 0.001}",0.6185657978057861
Wine_spoilage,2,2,8,5,KNN,Time_Warping,0.8633333333333333,0.8671476466586037,"{'algorithm': 'auto', 'leaf_size': 30, 'metric': 'manhattan', 'metric_params': None, 'n_jobs': None, 'n_neighbors': np.int64(19), 'p': 2, 'weights': 'distance'}",0.16584563255310059
Wine_spoilage,2,2,8,5,RandomForest,Time_Warping,0.798,0.8064750666232341,"{'bootstrap': True, 'ccp_alpha': 0.0, 'class_weight': None, 'criterion': 'gini', 'max_depth': 20, 'max_features': 'sqrt', 'max_leaf_nodes': None, 'max_samples': None, 'min_impurity_decrease': 0.0, 'min_samples_leaf': 2, 'min_samples_split': 2, 'min_weight_fraction_leaf': 0.0, 'monotonic_cst': None, 'n_estimators': 50, 'n_jobs': None, 'oob_score': False, 'random_state': 42, 'verbose': 0, 'warm_start': False}",0.22990632057189941
Wine_spoilage,2,2,8,5,LinearSVC,Time_Warping,0.8393333333333334,0.8419007503781355,"{'C': np.float64(0.01), 'class_weight': None, 'dual': False, 'fit_intercept': True, 'intercept_scaling': 1, 'loss': 'squared_hinge', 'max_iter': 100, 'multi_class': 'ovr', 'penalty': 'l2', 'random_state': 42, 'tol': 0.0001, 'verbose': 0}",0.01315760612487793
Wine_spoilage,2,2,8,5,LogisticRegression,Time_Warping,0.697,0.704751821116061,"{'C': np.float64(100.0), 'class_weight': None, 'dual': False, 'fit_intercept': True, 'intercept_scaling': 1, 'l1_ratio': None, 'max_iter': 100, 'multi_class': 'deprecated', 'n_jobs': None, 'penalty': 'l2', 'random_state': 42, 'solver': 'lbfgs', 'tol': 0.0001, 'verbose': 0, 'warm_start': False}",0.07176661491394043
Wine_spoilage,2,2,8,5,RNN,Time_Warping,0.7666666666666667,0.7774396135265701,"{'hidden_size': 64, 'epochs': 10, 'batch_size': 32, 'lr': 0.001}",1.2003958225250244
Wine_spoilage,2,2,8,10,KNN,Time_Warping,0.897,0.9010713880715985,"{'algorithm': 'auto', 'leaf_size': 30, 'metric': 'minkowski', 'metric_params': None, 'n_jobs': None, 'n_neighbors': 5, 'p': 2, 'weights': 'uniform'}",0.20887517929077148
Wine_spoilage,2,2,8,10,RandomForest,Time_Warping,0.8036666666666666,0.8120888129669248,"{'bootstrap': True, 'ccp_alpha': 0.0, 'class_weight': None, 'criterion': 'gini', 'max_depth': None, 'max_features': 'sqrt', 'max_leaf_nodes': None, 'max_samples': None, 'min_impurity_decrease': 0.0, 'min_samples_leaf': 1, 'min_samples_split': 2, 'min_weight_fraction_leaf': 0.0, 'monotonic_cst': None, 'n_estimators': 100, 'n_jobs': None, 'oob_score': False, 'random_state': 42, 'verbose': 0, 'warm_start': False}",0.8101332187652588
Wine_spoilage,2,2,8,10,LinearSVC,Time_Warping,0.801,0.8094291450930894,"{'C': 1.0, 'class_weight': None, 'dual': False, 'fit_intercept': True, 'intercept_scaling': 1, 'loss': 'squared_hinge', 'max_iter': 100, 'multi_class': 'ovr', 'penalty': 'l2', 'random_state': 42, 'tol': 0.0001, 'verbose': 0}",0.030716657638549805
Wine_spoilage,2,2,8,10,LogisticRegression,Time_Warping,0.7716666666666666,0.7816270048269428,"{'C': 1.0, 'class_weight': None, 'dual': False, 'fit_intercept': True, 'intercept_scaling': 1, 'l1_ratio': None, 'max_iter': 100, 'multi_class': 'deprecated', 'n_jobs': None, 'penalty': 'l2', 'random_state': 42, 'solver': 'lbfgs', 'tol': 0.0001, 'verbose': 0, 'warm_start': False}",0.2168903350830078
Wine_spoilage,2,2,8,10,RNN,Time_Warping,0.8666666666666667,0.8411111111111111,"{'hidden_size': 64, 'epochs': 10, 'batch_size': 32, 'lr': 0.001}",2.1792666912078857
Wine_spoilage,2,2,9,1,KNN,Baseline,0.6453333333333333,0.6734626409245912,"{'algorithm': 'auto', 'leaf_size': 30, 'metric': 'minkowski', 'metric_params': None, 'n_jobs': None, 'n_neighbors': 5, 'p': 2, 'weights': 'uniform'}",0.1171731948852539
Wine_spoilage,2,2,9,1,KNN,Tuned_Baseline,0.6283333333333333,0.6571244358802937,"{'algorithm': 'auto', 'leaf_size': 30, 'metric': 'manhattan', 'metric_params': None, 'n_jobs': None, 'n_neighbors': np.int64(19), 'p': 2, 'weights': 'distance'}",0.025484561920166016
Wine_spoilage,2,2,9,1,RandomForest,Baseline,0.6116666666666667,0.6475895313773677,"{'bootstrap': True, 'ccp_alpha': 0.0, 'class_weight': None, 'criterion': 'gini', 'max_depth': None, 'max_features': 'sqrt', 'max_leaf_nodes': None, 'max_samples': None, 'min_impurity_decrease': 0.0, 'min_samples_leaf': 1, 'min_samples_split': 2, 'min_weight_fraction_leaf': 0.0, 'monotonic_cst': None, 'n_estimators': 100, 'n_jobs': None, 'oob_score': False, 'random_state': 42, 'verbose': 0, 'warm_start': False}",0.907304048538208
Wine_spoilage,2,2,9,1,RandomForest,Tuned_Baseline,0.6116666666666667,0.6475895313773677,"{'bootstrap': True, 'ccp_alpha': 0.0, 'class_weight': None, 'criterion': 'gini', 'max_depth': 20, 'max_features': 'sqrt', 'max_leaf_nodes': None, 'max_samples': None, 'min_impurity_decrease': 0.0, 'min_samples_leaf': 1, 'min_samples_split': 2, 'min_weight_fraction_leaf': 0.0, 'monotonic_cst': None, 'n_estimators': 100, 'n_jobs': None, 'oob_score': False, 'random_state': 42, 'verbose': 0, 'warm_start': False}",0.011686563491821289
Wine_spoilage,2,2,9,1,LinearSVC,Baseline,0.5306666666666666,0.5577975298348163,"{'C': 1.0, 'class_weight': None, 'dual': False, 'fit_intercept': True, 'intercept_scaling': 1, 'loss': 'squared_hinge', 'max_iter': 100, 'multi_class': 'ovr', 'penalty': 'l2', 'random_state': 42, 'tol': 0.0001, 'verbose': 0}",0.0038924217224121094
Wine_spoilage,2,2,9,1,LinearSVC,Tuned_Baseline,0.6623333333333333,0.642094734235837,"{'C': np.float64(0.01), 'class_weight': None, 'dual': False, 'fit_intercept': True, 'intercept_scaling': 1, 'loss': 'squared_hinge', 'max_iter': 100, 'multi_class': 'ovr', 'penalty': 'l2', 'random_state': 42, 'tol': 0.0001, 'verbose': 0}",0.0004303455352783203
Wine_spoilage,2,2,9,1,LogisticRegression,Baseline,0.503,0.5476013805152079,"{'C': 1.0, 'class_weight': None, 'dual': False, 'fit_intercept': True, 'intercept_scaling': 1, 'l1_ratio': None, 'max_iter': 100, 'multi_class': 'deprecated', 'n_jobs': None, 'penalty': 'l2', 'random_state': 42, 'solver': 'lbfgs', 'tol': 0.0001, 'verbose': 0, 'warm_start': False}",0.03267025947570801
Wine_spoilage,2,2,9,1,LogisticRegression,Tuned_Baseline,0.46366666666666667,0.5103274803565209,"{'C': np.float64(100.0), 'class_weight': None, 'dual': False, 'fit_intercept': True, 'intercept_scaling': 1, 'l1_ratio': None, 'max_iter': 100, 'multi_class': 'deprecated', 'n_jobs': None, 'penalty': None, 'random_state': 42, 'solver': 'lbfgs', 'tol': 0.0001, 'verbose': 0, 'warm_start': False}",0.0005178451538085938
Wine_spoilage,2,2,9,1,RNN,Baseline,0.7666666666666667,0.7248484848484849,"{'hidden_size': 64, 'epochs': 10, 'batch_size': 32, 'lr': 0.001}",0.803032398223877
Wine_spoilage,2,2,9,1,RNN,Tuned_Baseline,0.7666666666666667,0.7248484848484849,"{'hidden_size': 64, 'epochs': 10, 'batch_size': 32, 'lr': 0.001}",0.015659093856811523
Wine_spoilage,2,2,9,2,KNN,Time_Warping,0.6693333333333333,0.6949922658571517,"{'algorithm': 'auto', 'leaf_size': 30, 'metric': 'manhattan', 'metric_params': None, 'n_jobs': None, 'n_neighbors': np.int64(9), 'p': 2, 'weights': 'distance'}",0.048217058181762695
Wine_spoilage,2,2,9,2,RandomForest,Time_Warping,0.6036666666666667,0.6402406317853582,"{'bootstrap': True, 'ccp_alpha': 0.0, 'class_weight': None, 'criterion': 'gini', 'max_depth': 20, 'max_features': 'sqrt', 'max_leaf_nodes': None, 'max_samples': None, 'min_impurity_decrease': 0.0, 'min_samples_leaf': 2, 'min_samples_split': 2, 'min_weight_fraction_leaf': 0.0, 'monotonic_cst': None, 'n_estimators': 50, 'n_jobs': None, 'oob_score': False, 'random_state': 42, 'verbose': 0, 'warm_start': False}",0.11852097511291504
Wine_spoilage,2,2,9,2,LinearSVC,Time_Warping,0.5173333333333333,0.5407503107895574,"{'C': np.float64(100.0), 'class_weight': None, 'dual': False, 'fit_intercept': True, 'intercept_scaling': 1, 'loss': 'squared_hinge', 'max_iter': 100, 'multi_class': 'ovr', 'penalty': 'l1', 'random_state': 42, 'tol': 0.0001, 'verbose': 0}",0.016091346740722656
Wine_spoilage,2,2,9,2,LogisticRegression,Time_Warping,0.4643333333333333,0.5082817337461301,"{'C': np.float64(100.0), 'class_weight': None, 'dual': False, 'fit_intercept': True, 'intercept_scaling': 1, 'l1_ratio': None, 'max_iter': 100, 'multi_class': 'deprecated', 'n_jobs': None, 'penalty': 'l2', 'random_state': 42, 'solver': 'lbfgs', 'tol': 0.0001, 'verbose': 0, 'warm_start': False}",0.0358576774597168
Wine_spoilage,2,2,9,2,RNN,Time_Warping,0.3333333333333333,0.2222222222222222,"{'hidden_size': 64, 'epochs': 10, 'batch_size': 32, 'lr': 0.001}",1.257692575454712
Wine_spoilage,2,2,9,3,KNN,Time_Warping,0.6406666666666667,0.6686618049496867,"{'algorithm': 'auto', 'leaf_size': 30, 'metric': 'euclidean', 'metric_params': None, 'n_jobs': None, 'n_neighbors': np.int64(3), 'p': 2, 'weights': 'uniform'}",0.17572855949401855
Wine_spoilage,2,2,9,3,RandomForest,Time_Warping,0.6143333333333333,0.6475957474599234,"{'bootstrap': True, 'ccp_alpha': 0.0, 'class_weight': None, 'criterion': 'gini', 'max_depth': 20, 'max_features': 'sqrt', 'max_leaf_nodes': None, 'max_samples': None, 'min_impurity_decrease': 0.0, 'min_samples_leaf': 2, 'min_samples_split': 2, 'min_weight_fraction_leaf': 0.0, 'monotonic_cst': None, 'n_estimators': 50, 'n_jobs': None, 'oob_score': False, 'random_state': 42, 'verbose': 0, 'warm_start': False}",0.1575937271118164
Wine_spoilage,2,2,9,3,LinearSVC,Time_Warping,0.49433333333333335,0.5288376249468503,"{'C': np.float64(100.0), 'class_weight': None, 'dual': False, 'fit_intercept': True, 'intercept_scaling': 1, 'loss': 'squared_hinge', 'max_iter': 100, 'multi_class': 'ovr', 'penalty': 'l1', 'random_state': 42, 'tol': 0.0001, 'verbose': 0}",0.017174720764160156
Wine_spoilage,2,2,9,3,LogisticRegression,Time_Warping,0.4523333333333333,0.5022122178378571,"{'C': np.float64(100.0), 'class_weight': None, 'dual': False, 'fit_intercept': True, 'intercept_scaling': 1, 'l1_ratio': None, 'max_iter': 100, 'multi_class': 'deprecated', 'n_jobs': None, 'penalty': 'l2', 'random_state': 42, 'solver': 'lbfgs', 'tol': 0.0001, 'verbose': 0, 'warm_start': False}",0.5918395519256592
Wine_spoilage,2,2,9,3,RNN,Time_Warping,0.5,0.5270152505446623,"{'hidden_size': 64, 'epochs': 10, 'batch_size': 32, 'lr': 0.001}",0.806445837020874
Wine_spoilage,2,2,9,5,KNN,Time_Warping,0.6173333333333333,0.6453184206332292,"{'algorithm': 'auto', 'leaf_size': 30, 'metric': 'manhattan', 'metric_params': None, 'n_jobs': None, 'n_neighbors': np.int64(19), 'p': 2, 'weights': 'distance'}",0.13453340530395508
Wine_spoilage,2,2,9,5,RandomForest,Time_Warping,0.6143333333333333,0.6467830363977417,"{'bootstrap': True, 'ccp_alpha': 0.0, 'class_weight': None, 'criterion': 'gini', 'max_depth': 20, 'max_features': 'sqrt', 'max_leaf_nodes': None, 'max_samples': None, 'min_impurity_decrease': 0.0, 'min_samples_leaf': 1, 'min_samples_split': 2, 'min_weight_fraction_leaf': 0.0, 'monotonic_cst': None, 'n_estimators': 100, 'n_jobs': None, 'oob_score': False, 'random_state': 42, 'verbose': 0, 'warm_start': False}",0.6061453819274902
Wine_spoilage,2,2,9,5,LinearSVC,Time_Warping,0.6293333333333333,0.6122369715620121,"{'C': np.float64(1.0), 'class_weight': None, 'dual': True, 'fit_intercept': True, 'intercept_scaling': 1, 'loss': 'hinge', 'max_iter': 100, 'multi_class': 'ovr', 'penalty': 'l2', 'random_state': 42, 'tol': 0.0001, 'verbose': 0}",0.027659177780151367
Wine_spoilage,2,2,9,5,LogisticRegression,Time_Warping,0.455,0.5020149491629973,"{'C': np.float64(100.0), 'class_weight': None, 'dual': False, 'fit_intercept': True, 'intercept_scaling': 1, 'l1_ratio': None, 'max_iter': 100, 'multi_class': 'deprecated', 'n_jobs': None, 'penalty': 'l2', 'random_state': 42, 'solver': 'lbfgs', 'tol': 0.0001, 'verbose': 0, 'warm_start': False}",0.07507443428039551
Wine_spoilage,2,2,9,5,RNN,Time_Warping,0.8,0.772063492063492,"{'hidden_size': 64, 'epochs': 10, 'batch_size': 32, 'lr': 0.001}",1.4814467430114746
Wine_spoilage,2,2,9,10,KNN,Time_Warping,0.6363333333333333,0.6655761966830361,"{'algorithm': 'auto', 'leaf_size': 30, 'metric': 'minkowski', 'metric_params': None, 'n_jobs': None, 'n_neighbors': 5, 'p': 2, 'weights': 'uniform'}",0.20517635345458984
Wine_spoilage,2,2,9,10,RandomForest,Time_Warping,0.602,0.635483186627237,"{'bootstrap': True, 'ccp_alpha': 0.0, 'class_weight': None, 'criterion': 'gini', 'max_depth': None, 'max_features': 'sqrt', 'max_leaf_nodes': None, 'max_samples': None, 'min_impurity_decrease': 0.0, 'min_samples_leaf': 1, 'min_samples_split': 2, 'min_weight_fraction_leaf': 0.0, 'monotonic_cst': None, 'n_estimators': 100, 'n_jobs': None, 'oob_score': False, 'random_state': 42, 'verbose': 0, 'warm_start': False}",1.866255283355713
Wine_spoilage,2,2,9,10,LinearSVC,Time_Warping,0.488,0.5251133716092529,"{'C': 1.0, 'class_weight': None, 'dual': False, 'fit_intercept': True, 'intercept_scaling': 1, 'loss': 'squared_hinge', 'max_iter': 100, 'multi_class': 'ovr', 'penalty': 'l2', 'random_state': 42, 'tol': 0.0001, 'verbose': 0}",0.041342973709106445
Wine_spoilage,2,2,9,10,LogisticRegression,Time_Warping,0.454,0.5027776864305524,"{'C': 1.0, 'class_weight': None, 'dual': False, 'fit_intercept': True, 'intercept_scaling': 1, 'l1_ratio': None, 'max_iter': 100, 'multi_class': 'deprecated', 'n_jobs': None, 'penalty': 'l2', 'random_state': 42, 'solver': 'lbfgs', 'tol': 0.0001, 'verbose': 0, 'warm_start': False}",0.24076080322265625
Wine_spoilage,2,2,9,10,RNN,Time_Warping,0.7666666666666667,0.7410493827160494,"{'hidden_size': 64, 'epochs': 10, 'batch_size': 32, 'lr': 0.001}",1.989048957824707
Wine_spoilage,2,2,10,1,KNN,Baseline,0.7923333333333333,0.7974704633636053,"{'algorithm': 'auto', 'leaf_size': 30, 'metric': 'minkowski', 'metric_params': None, 'n_jobs': None, 'n_neighbors': 5, 'p': 2, 'weights': 'uniform'}",0.1324923038482666
Wine_spoilage,2,2,10,1,KNN,Tuned_Baseline,0.7676666666666667,0.778590854271647,"{'algorithm': 'auto', 'leaf_size': 30, 'metric': 'manhattan', 'metric_params': None, 'n_jobs': None, 'n_neighbors': np.int64(19), 'p': 2, 'weights': 'distance'}",0.07338261604309082
Wine_spoilage,2,2,10,1,RandomForest,Baseline,0.751,0.75068826341151,"{'bootstrap': True, 'ccp_alpha': 0.0, 'class_weight': None, 'criterion': 'gini', 'max_depth': None, 'max_features': 'sqrt', 'max_leaf_nodes': None, 'max_samples': None, 'min_impurity_decrease': 0.0, 'min_samples_leaf': 1, 'min_samples_split': 2, 'min_weight_fraction_leaf': 0.0, 'monotonic_cst': None, 'n_estimators': 100, 'n_jobs': None, 'oob_score': False, 'random_state': 42, 'verbose': 0, 'warm_start': False}",0.2789041996002197
Wine_spoilage,2,2,10,1,RandomForest,Tuned_Baseline,0.751,0.75068826341151,"{'bootstrap': True, 'ccp_alpha': 0.0, 'class_weight': None, 'criterion': 'gini', 'max_depth': 20, 'max_features': 'sqrt', 'max_leaf_nodes': None, 'max_samples': None, 'min_impurity_decrease': 0.0, 'min_samples_leaf': 1, 'min_samples_split': 2, 'min_weight_fraction_leaf': 0.0, 'monotonic_cst': None, 'n_estimators': 100, 'n_jobs': None, 'oob_score': False, 'random_state': 42, 'verbose': 0, 'warm_start': False}",0.012560129165649414
Wine_spoilage,2,2,10,1,LinearSVC,Baseline,0.642,0.6254659197074379,"{'C': 1.0, 'class_weight': None, 'dual': False, 'fit_intercept': True, 'intercept_scaling': 1, 'loss': 'squared_hinge', 'max_iter': 100, 'multi_class': 'ovr', 'penalty': 'l2', 'random_state': 42, 'tol': 0.0001, 'verbose': 0}",0.0036966800689697266
Wine_spoilage,2,2,10,1,LinearSVC,Tuned_Baseline,0.642,0.6254659197074379,"{'C': np.float64(1.0), 'class_weight': None, 'dual': False, 'fit_intercept': True, 'intercept_scaling': 1, 'loss': 'squared_hinge', 'max_iter': 100, 'multi_class': 'ovr', 'penalty': 'l2', 'random_state': 42, 'tol': 0.0001, 'verbose': 0}",0.0003409385681152344
Wine_spoilage,2,2,10,1,LogisticRegression,Baseline,0.6423333333333333,0.6235336855192151,"{'C': 1.0, 'class_weight': None, 'dual': False, 'fit_intercept': True, 'intercept_scaling': 1, 'l1_ratio': None, 'max_iter': 100, 'multi_class': 'deprecated', 'n_jobs': None, 'penalty': 'l2', 'random_state': 42, 'solver': 'lbfgs', 'tol': 0.0001, 'verbose': 0, 'warm_start': False}",0.012466669082641602
Wine_spoilage,2,2,10,1,LogisticRegression,Tuned_Baseline,0.6293333333333333,0.6054165219304786,"{'C': np.float64(10.0), 'class_weight': None, 'dual': False, 'fit_intercept': True, 'intercept_scaling': 1, 'l1_ratio': None, 'max_iter': 100, 'multi_class': 'deprecated', 'n_jobs': None, 'penalty': 'l2', 'random_state': 42, 'solver': 'lbfgs', 'tol': 0.0001, 'verbose': 0, 'warm_start': False}",0.0005095005035400391
Wine_spoilage,2,2,10,1,RNN,Baseline,0.6,0.5777777777777777,"{'hidden_size': 64, 'epochs': 10, 'batch_size': 32, 'lr': 0.001}",0.7378222942352295
Wine_spoilage,2,2,10,1,RNN,Tuned_Baseline,0.6,0.5777777777777777,"{'hidden_size': 64, 'epochs': 10, 'batch_size': 32, 'lr': 0.001}",0.07403564453125
Wine_spoilage,2,2,10,2,KNN,Time_Warping,0.7916666666666666,0.7983621932212351,"{'algorithm': 'auto', 'leaf_size': 30, 'metric': 'manhattan', 'metric_params': None, 'n_jobs': None, 'n_neighbors': np.int64(9), 'p': 2, 'weights': 'distance'}",0.06185436248779297
Wine_spoilage,2,2,10,2,RandomForest,Time_Warping,0.7466666666666667,0.7458509010439596,"{'bootstrap': True, 'ccp_alpha': 0.0, 'class_weight': None, 'criterion': 'gini', 'max_depth': 20, 'max_features': 'sqrt', 'max_leaf_nodes': None, 'max_samples': None, 'min_impurity_decrease': 0.0, 'min_samples_leaf': 1, 'min_samples_split': 2, 'min_weight_fraction_leaf': 0.0, 'monotonic_cst': None, 'n_estimators': 100, 'n_jobs': None, 'oob_score': False, 'random_state': 42, 'verbose': 0, 'warm_start': False}",0.26255130767822266
Wine_spoilage,2,2,10,2,LinearSVC,Time_Warping,0.6146666666666667,0.6016736912252255,"{'C': np.float64(10.0), 'class_weight': None, 'dual': False, 'fit_intercept': True, 'intercept_scaling': 1, 'loss': 'squared_hinge', 'max_iter': 100, 'multi_class': 'ovr', 'penalty': 'l1', 'random_state': 42, 'tol': 0.0001, 'verbose': 0}",0.011382341384887695
Wine_spoilage,2,2,10,2,LogisticRegression,Time_Warping,0.6343333333333333,0.6143585609699999,"{'C': np.float64(10.0), 'class_weight': None, 'dual': False, 'fit_intercept': True, 'intercept_scaling': 1, 'l1_ratio': None, 'max_iter': 100, 'multi_class': 'deprecated', 'n_jobs': None, 'penalty': 'l2', 'random_state': 42, 'solver': 'lbfgs', 'tol': 0.0001, 'verbose': 0, 'warm_start': False}",0.03555154800415039
Wine_spoilage,2,2,10,2,RNN,Time_Warping,0.6,0.601480463980464,"{'hidden_size': 64, 'epochs': 10, 'batch_size': 32, 'lr': 0.001}",1.046626329421997
Wine_spoilage,2,2,10,3,KNN,Time_Warping,0.7816666666666666,0.7865652243002333,"{'algorithm': 'auto', 'leaf_size': 30, 'metric': 'manhattan', 'metric_params': None, 'n_jobs': None, 'n_neighbors': np.int64(9), 'p': 2, 'weights': 'distance'}",0.09165334701538086
Wine_spoilage,2,2,10,3,RandomForest,Time_Warping,0.7506666666666667,0.7511622573227279,"{'bootstrap': True, 'ccp_alpha': 0.0, 'class_weight': None, 'criterion': 'gini', 'max_depth': 20, 'max_features': 'sqrt', 'max_leaf_nodes': None, 'max_samples': None, 'min_impurity_decrease': 0.0, 'min_samples_leaf': 2, 'min_samples_split': 2, 'min_weight_fraction_leaf': 0.0, 'monotonic_cst': None, 'n_estimators': 50, 'n_jobs': None, 'oob_score': False, 'random_state': 42, 'verbose': 0, 'warm_start': False}",0.14710521697998047
Wine_spoilage,2,2,10,3,LinearSVC,Time_Warping,0.5836666666666667,0.5770115984518185,"{'C': np.float64(1.0), 'class_weight': None, 'dual': False, 'fit_intercept': True, 'intercept_scaling': 1, 'loss': 'squared_hinge', 'max_iter': 100, 'multi_class': 'ovr', 'penalty': 'l2', 'random_state': 42, 'tol': 0.0001, 'verbose': 0}",0.007549762725830078
Wine_spoilage,2,2,10,3,LogisticRegression,Time_Warping,0.6416666666666667,0.6165938282827123,"{'C': np.float64(10.0), 'class_weight': None, 'dual': False, 'fit_intercept': True, 'intercept_scaling': 1, 'l1_ratio': None, 'max_iter': 100, 'multi_class': 'deprecated', 'n_jobs': None, 'penalty': 'l2', 'random_state': 42, 'solver': 'lbfgs', 'tol': 0.0001, 'verbose': 0, 'warm_start': False}",0.04469704627990723
Wine_spoilage,2,2,10,3,RNN,Time_Warping,0.4,0.37006535947712416,"{'hidden_size': 64, 'epochs': 10, 'batch_size': 32, 'lr': 0.001}",0.8551580905914307
Wine_spoilage,2,2,10,5,KNN,Time_Warping,0.768,0.7739976163804655,"{'algorithm': 'auto', 'leaf_size': 30, 'metric': 'manhattan', 'metric_params': None, 'n_jobs': None, 'n_neighbors': np.int64(19), 'p': 2, 'weights': 'distance'}",0.1303253173828125
Wine_spoilage,2,2,10,5,RandomForest,Time_Warping,0.7456666666666667,0.745764581608517,"{'bootstrap': True, 'ccp_alpha': 0.0, 'class_weight': None, 'criterion': 'gini', 'max_depth': None, 'max_features': 'sqrt', 'max_leaf_nodes': None, 'max_samples': None, 'min_impurity_decrease': 0.0, 'min_samples_leaf': 2, 'min_samples_split': 5, 'min_weight_fraction_leaf': 0.0, 'monotonic_cst': None, 'n_estimators': 100, 'n_jobs': None, 'oob_score': False, 'random_state': 42, 'verbose': 0, 'warm_start': False}",0.4779376983642578
Wine_spoilage,2,2,10,5,LinearSVC,Time_Warping,0.594,0.5837361017865733,"{'C': np.float64(0.1), 'class_weight': None, 'dual': False, 'fit_intercept': True, 'intercept_scaling': 1, 'loss': 'squared_hinge', 'max_iter': 100, 'multi_class': 'ovr', 'penalty': 'l1', 'random_state': 42, 'tol': 0.0001, 'verbose': 0}",0.025979280471801758
Wine_spoilage,2,2,10,5,LogisticRegression,Time_Warping,0.613,0.582856783438278,"{'C': np.float64(100.0), 'class_weight': None, 'dual': False, 'fit_intercept': True, 'intercept_scaling': 1, 'l1_ratio': None, 'max_iter': 100, 'multi_class': 'deprecated', 'n_jobs': None, 'penalty': 'l2', 'random_state': 42, 'solver': 'lbfgs', 'tol': 0.0001, 'verbose': 0, 'warm_start': False}",0.07711291313171387
Wine_spoilage,2,2,10,5,RNN,Time_Warping,0.7,0.6604465075154731,"{'hidden_size': 64, 'epochs': 10, 'batch_size': 32, 'lr': 0.001}",2.3423590660095215
Wine_spoilage,2,2,10,10,KNN,Time_Warping,0.7813333333333333,0.7846234173000863,"{'algorithm': 'auto', 'leaf_size': 30, 'metric': 'minkowski', 'metric_params': None, 'n_jobs': None, 'n_neighbors': 5, 'p': 2, 'weights': 'uniform'}",0.21657395362854004
Wine_spoilage,2,2,10,10,RandomForest,Time_Warping,0.742,0.7414081074200688,"{'bootstrap': True, 'ccp_alpha': 0.0, 'class_weight': None, 'criterion': 'gini', 'max_depth': None, 'max_features': 'sqrt', 'max_leaf_nodes': None, 'max_samples': None, 'min_impurity_decrease': 0.0, 'min_samples_leaf': 1, 'min_samples_split': 2, 'min_weight_fraction_leaf': 0.0, 'monotonic_cst': None, 'n_estimators': 100, 'n_jobs': None, 'oob_score': False, 'random_state': 42, 'verbose': 0, 'warm_start': False}",0.9080944061279297
Wine_spoilage,2,2,10,10,LinearSVC,Time_Warping,0.606,0.5897957011391054,"{'C': 1.0, 'class_weight': None, 'dual': False, 'fit_intercept': True, 'intercept_scaling': 1, 'loss': 'squared_hinge', 'max_iter': 100, 'multi_class': 'ovr', 'penalty': 'l2', 'random_state': 42, 'tol': 0.0001, 'verbose': 0}",0.02165532112121582
Wine_spoilage,2,2,10,10,LogisticRegression,Time_Warping,0.615,0.5962699678728453,"{'C': 1.0, 'class_weight': None, 'dual': False, 'fit_intercept': True, 'intercept_scaling': 1, 'l1_ratio': None, 'max_iter': 100, 'multi_class': 'deprecated', 'n_jobs': None, 'penalty': 'l2', 'random_state': 42, 'solver': 'lbfgs', 'tol': 0.0001, 'verbose': 0, 'warm_start': False}",0.09806227684020996
Wine_spoilage,2,2,10,10,RNN,Time_Warping,0.7,0.7041025641025641,"{'hidden_size': 64, 'epochs': 10, 'batch_size': 32, 'lr': 0.001}",2.7828850746154785
